Game Turn, Player, City, Food Adv., Prod. Adv., Construct, Order Source
39, 0, LOC_CITY_NAME_SENA, 6.12, 0.70, , YIELD_FOOD: 0.1, YIELD_PRODUCTION: 0.0, YIELD_GOLD: 0.0, YIELD_SCIENCE: 0.0, YIELD_CULTURE: -0.1, YIELD_FAITH: 0.0, , 
39, 4, LOC_CITY_NAME_QASR_IBRIM, 6.33, 1.19, , YIELD_FOOD: 0.1, YIELD_PRODUCTION: 0.0, YIELD_GOLD: 0.0, YIELD_SCIENCE: 0.0, YIELD_CULTURE: 0.0, YIELD_FAITH: -0.1, , 
39, 4, LOC_CITY_NAME_HEH, 4.49, 1.49, , YIELD_FOOD: 0.1, YIELD_PRODUCTION: 0.0, YIELD_GOLD: 0.0, YIELD_SCIENCE: 0.0, YIELD_CULTURE: -0.1, YIELD_FAITH: 0.0, , 
40, 5, LOC_CITY_NAME_ALEXANDRIA_TROAS, , , UNIT_SETTLER, Settle City Op, CONTRACT 758
40, 5, LOC_CITY_NAME_FEZ, , CONTRACT 758, IN PROGRESS, UNIT_SETTLER, NO_BUILDING, NO_DISTRICT, VALUE 726.0, Settle City Op
40, 5, LOC_CITY_NAME_FEZ, , , UNIT_CROSSBOWMAN, Default Specialization, , , Value 50.6
40, 5, LOC_CITY_NAME_METHONE, , , BUILDING_WATER_MILL, Build City Building, CONTRACT 760
40, 5, LOC_CITY_NAME_BUENOS_AIRES, , CONTRACT 758, IN PROGRESS, UNIT_SETTLER, NO_BUILDING, NO_DISTRICT, VALUE 726.0, Settle City Op
40, 5, LOC_CITY_NAME_BUENOS_AIRES, , , BUILDING_MONUMENT, Build City Building, CONTRACT 762
40, 5, FAITH PURCHASE, , , UNIT_MISSIONARY, Unknown, CONTRACT 764
40, 5, LOC_CITY_NAME_CHALKIDIKI, , CONTRACT 782, SUBMITTED, NO_UNIT, NO_BUILDING, DISTRICT_AQUEDUCT, VALUE 807.0, Build City District
40, 6, LOC_CITY_NAME_SAO_PAULO, , CONTRACT 722, COMPLETED, NO_UNIT, NO_BUILDING, DISTRICT_ENCAMPMENT, VALUE 1405.0, Build City District
40, 6, LOC_CITY_NAME_SAO_PAULO, , CONTRACT 738, IN PROGRESS, UNIT_BUILDER, NO_BUILDING, NO_DISTRICT, VALUE 256.0, Build City Improvement
40, 6, LOC_CITY_NAME_SAO_PAULO, , CONTRACT 739, IN PROGRESS, UNIT_BUILDER, NO_BUILDING, NO_DISTRICT, VALUE 91.0, Build City Improvement
40, 6, LOC_CITY_NAME_SAO_PAULO, , , BUILDING_BARRACKS, Default Specialization, , , Value 973.9
40, 6, LOC_CITY_NAME_FORTALEZA, , CONTRACT 738, IN PROGRESS, UNIT_BUILDER, NO_BUILDING, NO_DISTRICT, VALUE 256.0, Build City Improvement
40, 6, LOC_CITY_NAME_FORTALEZA, , CONTRACT 739, IN PROGRESS, UNIT_BUILDER, NO_BUILDING, NO_DISTRICT, VALUE 91.0, Build City Improvement
40, 6, LOC_CITY_NAME_FORTALEZA, , , UNIT_CROSSBOWMAN, Default Specialization, , , Value 44.8
40, 6, FAITH PURCHASE, , , UNIT_APOSTLE, Unknown, CONTRACT 765
40, 6, LOC_CITY_NAME_RIO_DE_JANEIRO, , CONTRACT 785, SUBMITTED, NO_UNIT, BUILDING_AMPHITHEATER, NO_DISTRICT, VALUE 0.0, Build Trigger Building
40, 6, LOC_CITY_NAME_RIO_DE_JANEIRO, , CONTRACT 787, SUBMITTED, UNIT_BUILDER, NO_BUILDING, NO_DISTRICT, VALUE 384.0, Build City Improvement
40, 6, LOC_CITY_NAME_SAO_PAULO, , CONTRACT 787, SUBMITTED, UNIT_BUILDER, NO_BUILDING, NO_DISTRICT, VALUE 384.0, Build City Improvement
40, 6, LOC_CITY_NAME_FORTALEZA, , CONTRACT 787, SUBMITTED, UNIT_BUILDER, NO_BUILDING, NO_DISTRICT, VALUE 384.0, Build City Improvement
40, 6, LOC_CITY_NAME_CURITIBA, , CONTRACT 787, SUBMITTED, UNIT_BUILDER, NO_BUILDING, NO_DISTRICT, VALUE 384.0, Build City Improvement
40, 7, LOC_CITY_NAME_AACHEN, , CONTRACT 728, COMPLETED, UNIT_BUILDER, NO_BUILDING, NO_DISTRICT, VALUE 222.0, Build City Improvement
40, 7, LOC_CITY_NAME_AACHEN, , CONTRACT 741, FAILED, UNIT_BUILDER, NO_BUILDING, NO_DISTRICT, VALUE 346.0, Build City Improvement
40, 7, LOC_CITY_NAME_AACHEN, , , UNIT_BUILDER, Build City Improvement, CONTRACT 727
40, 7, LOC_CITY_NAME_MAGDEBURG, , CONTRACT 683, COMPLETED, NO_UNIT, NO_BUILDING, DISTRICT_THEATER, VALUE 1855.6, Build City District
40, 7, LOC_CITY_NAME_MAGDEBURG, , CONTRACT 725, COMPLETED, UNIT_SETTLER, NO_BUILDING, NO_DISTRICT, VALUE 736.0, Settle City Op
40, 7, LOC_CITY_NAME_MAGDEBURG, , CONTRACT 727, IN PROGRESS, UNIT_BUILDER, NO_BUILDING, NO_DISTRICT, VALUE 209.0, Build City Improvement
40, 7, LOC_CITY_NAME_MAGDEBURG, , CONTRACT 728, COMPLETED, UNIT_BUILDER, NO_BUILDING, NO_DISTRICT, VALUE 222.0, Build City Improvement
40, 7, LOC_CITY_NAME_MAGDEBURG, , CONTRACT 741, FAILED, UNIT_BUILDER, NO_BUILDING, NO_DISTRICT, VALUE 346.0, Build City Improvement
40, 7, LOC_CITY_NAME_MAGDEBURG, , , UNIT_BUILDER, Build City Improvement, CONTRACT 769
40, 7, LOC_CITY_NAME_DORTMUND, , CONTRACT 727, IN PROGRESS, UNIT_BUILDER, NO_BUILDING, NO_DISTRICT, VALUE 209.0, Build City Improvement
40, 7, LOC_CITY_NAME_DORTMUND, , CONTRACT 728, COMPLETED, UNIT_BUILDER, NO_BUILDING, NO_DISTRICT, VALUE 222.0, Build City Improvement
40, 7, LOC_CITY_NAME_DORTMUND, , , BUILDING_WALLS, Build City Building, CONTRACT 767
40, 7, LOC_CITY_NAME_HEIDELBERG, , CONTRACT 703, COMPLETED, UNIT_CATAPULT, NO_BUILDING, NO_DISTRICT, VALUE 1500.0, Siege City Assault
40, 7, LOC_CITY_NAME_HEIDELBERG, , CONTRACT 725, COMPLETED, UNIT_SETTLER, NO_BUILDING, NO_DISTRICT, VALUE 736.0, Settle City Op
40, 7, LOC_CITY_NAME_HEIDELBERG, , CONTRACT 727, IN PROGRESS, UNIT_BUILDER, NO_BUILDING, NO_DISTRICT, VALUE 209.0, Build City Improvement
40, 7, LOC_CITY_NAME_HEIDELBERG, , CONTRACT 728, COMPLETED, UNIT_BUILDER, NO_BUILDING, NO_DISTRICT, VALUE 222.0, Build City Improvement
40, 7, LOC_CITY_NAME_HEIDELBERG, , CONTRACT 741, FAILED, UNIT_BUILDER, NO_BUILDING, NO_DISTRICT, VALUE 346.0, Build City Improvement
40, 7, LOC_CITY_NAME_HEIDELBERG, , CONTRACT 769, IN PROGRESS, UNIT_BUILDER, NO_BUILDING, NO_DISTRICT, VALUE 419.0, Build City Improvement
40, 7, LOC_CITY_NAME_HEIDELBERG, , , BUILDING_WALLS, Build City Building, CONTRACT 726
40, 7, LOC_CITY_NAME_AACHEN, , CONTRACT 790, SUBMITTED, UNIT_SKIRMISHER, NO_BUILDING, NO_DISTRICT, VALUE 500.0, Siege City Assault
40, 7, LOC_CITY_NAME_MAGDEBURG, , CONTRACT 790, SUBMITTED, UNIT_SKIRMISHER, NO_BUILDING, NO_DISTRICT, VALUE 500.0, Siege City Assault
40, 7, LOC_CITY_NAME_COLOGNE, , CONTRACT 790, SUBMITTED, UNIT_SKIRMISHER, NO_BUILDING, NO_DISTRICT, VALUE 500.0, Siege City Assault
40, 7, LOC_CITY_NAME_DORTMUND, , CONTRACT 790, SUBMITTED, UNIT_SKIRMISHER, NO_BUILDING, NO_DISTRICT, VALUE 500.0, Siege City Assault
40, 7, LOC_CITY_NAME_HEIDELBERG, , CONTRACT 790, SUBMITTED, UNIT_SKIRMISHER, NO_BUILDING, NO_DISTRICT, VALUE 500.0, Siege City Assault
40, 8, LOC_CITY_HA_NOI, , CONTRACT 744, COMPLETED, UNIT_BUILDER, NO_BUILDING, NO_DISTRICT, VALUE 204.0, Build City Improvement
40, 8, LOC_CITY_HA_NOI, , , UNIT_BUILDER, Build City Improvement, CONTRACT 774
40, 8, LOC_CITY_HUE, , CONTRACT 744, COMPLETED, UNIT_BUILDER, NO_BUILDING, NO_DISTRICT, VALUE 204.0, Build City Improvement
40, 8, LOC_CITY_HUE, , , UNIT_VIETNAMESE_VOI_CHIEN, Default Specialization, , , Value 53.9
40, 8, LOC_CITY_QUANG_TRI, , CONTRACT 744, COMPLETED, UNIT_BUILDER, NO_BUILDING, NO_DISTRICT, VALUE 204.0, Build City Improvement
40, 8, LOC_CITY_QUANG_TRI, , CONTRACT 774, IN PROGRESS, UNIT_BUILDER, NO_BUILDING, NO_DISTRICT, VALUE 211.0, Build City Improvement
40, 8, LOC_CITY_QUANG_TRI, , , UNIT_BUILDER, Build City Improvement, CONTRACT 773
40, 8, LOC_CITY_HOA_LU, , CONTRACT 773, IN PROGRESS, UNIT_BUILDER, NO_BUILDING, NO_DISTRICT, VALUE 204.0, Build City Improvement
40, 8, LOC_CITY_HOA_LU, , CONTRACT 774, IN PROGRESS, UNIT_BUILDER, NO_BUILDING, NO_DISTRICT, VALUE 211.0, Build City Improvement
40, 8, LOC_CITY_HOA_LU, , , BUILDING_OLD_GOD_OBELISK, Default Specialization, , , Value 275.4
40, 8, FAITH PURCHASE, , , UNIT_MISSIONARY, Unknown, CONTRACT 775
40, 8, LOC_CITY_DONG_HOI, 4.98, 0.79, , YIELD_FOOD: 0.1, YIELD_PRODUCTION: 0.0, YIELD_GOLD: 0.0, YIELD_SCIENCE: -0.1, YIELD_CULTURE: 0.0, YIELD_FAITH: 0.0, , 
40, 8, LOC_CITY_DONG_HOI, , , BUILDING_OLD_GOD_OBELISK, Default Specialization, , , Value 143.7
40, 8, LOC_CITY_HUE, , CONTRACT 793, SUBMITTED, UNIT_BUILDER, NO_BUILDING, NO_DISTRICT, VALUE 202.0, Build City Improvement
40, 8, LOC_CITY_HOI_AN, , CONTRACT 793, SUBMITTED, UNIT_BUILDER, NO_BUILDING, NO_DISTRICT, VALUE 202.0, Build City Improvement
40, 8, LOC_CITY_HOA_LU, , CONTRACT 793, SUBMITTED, UNIT_BUILDER, NO_BUILDING, NO_DISTRICT, VALUE 202.0, Build City Improvement
40, 8, LOC_CITY_DONG_HOI, , CONTRACT 793, SUBMITTED, UNIT_BUILDER, NO_BUILDING, NO_DISTRICT, VALUE 202.0, Build City Improvement
40, 8, LOC_CITY_QUANG_TRI, , CONTRACT 795, SUBMITTED, NO_UNIT, NO_BUILDING, DISTRICT_AQUEDUCT, VALUE 658.0, Build City District
40, 9, LOC_CITY_NAME_ROME, , , PROJECT_ENHANCE_DISTRICT_CAMPUS, Default Specialization, , , Value 89.5
40, 9, LOC_CITY_NAME_ARRETIUM, , CONTRACT 733, COMPLETED, NO_UNIT, NO_BUILDING, DISTRICT_INDUSTRIAL_ZONE, VALUE 1555.1, Build City District
40, 9, LOC_CITY_NAME_ARRETIUM, , , BUILDING_WORKSHOP, Default Specialization, , , Value 228.0
40, 9, LOC_CITY_NAME_ARPINUM, , , BUILDING_LIBRARY, Default Specialization, , , Value 643.1
40, 9, LOC_CITY_NAME_LUGDUNUM, , , UNIT_MAN_AT_ARMS, Default Specialization, , , Value 33.6
40, 9, LOC_CITY_NAME_CUMAE, , , UNIT_MAN_AT_ARMS, Default Specialization, , , Value 32.7
40, 9, FAITH PURCHASE, , , UNIT_MISSIONARY, Unknown, CONTRACT 778
40, 14, LOC_CITY_NAME_LISBON, , CONTRACT 803, SUBMITTED, NO_UNIT, NO_BUILDING, DISTRICT_COMMERCIAL_HUB, VALUE 525.0, Build City District
40, 14, LOC_CITY_NAME_LISBON, , CONTRACT 804, SUBMITTED, NO_UNIT, BUILDING_WALLS, NO_DISTRICT, VALUE 99.0, Build City Building
40, 17, LOC_CITY_NAME_YEREVAN, , , NO BUILDS AT ALL (maybe city was nuked?), Generic Offense
40, 17, LOC_CITY_NAME_YEREVAN, , , NO BUILDS AT ALL (maybe city was nuked?), Generic Offense
40, 4, LOC_CITY_NAME_SHAAT, 7.34, 1.28, , YIELD_FOOD: 0.1, YIELD_PRODUCTION: 0.0, YIELD_GOLD: 0.0, YIELD_SCIENCE: 0.0, YIELD_CULTURE: -0.1, YIELD_FAITH: 0.0, , 
40, 1, LOC_CITY_NAME_MASHKAN_SHAPIR, 4.00, 0.47, , YIELD_FOOD: 0.1, YIELD_PRODUCTION: 0.0, YIELD_GOLD: 0.0, YIELD_SCIENCE: 0.0, YIELD_CULTURE: -0.1, YIELD_FAITH: 0.0, , 
41, 5, LOC_CITY_NAME_PELLA, , CONTRACT 758, IN PROGRESS, UNIT_SETTLER, NO_BUILDING, NO_DISTRICT, VALUE 726.0, Settle City Op
41, 5, LOC_CITY_NAME_PELLA, , , PROJECT_ENHANCE_DISTRICT_INDUSTRIAL_ZONE, Default Specialization, , , Value 78.6
41, 5, LOC_CITY_NAME_BUENOS_AIRES, , CONTRACT 762, CANCELLED, NO_UNIT, BUILDING_MONUMENT, NO_DISTRICT, VALUE 196.6, Build City Building
41, 5, LOC_CITY_NAME_BUENOS_AIRES, , , BUILDING_GRANARY, Default Specialization, , , Value 345.5
41, 6, PURCHASE, , , UNIT_BUILDER, Build City Improvement, CONTRACT 787
41, 6, LOC_CITY_NAME_RIO_DE_JANEIRO, , CONTRACT 738, CANCELLED, UNIT_BUILDER, NO_BUILDING, NO_DISTRICT, VALUE 256.0, Build City Improvement
41, 6, LOC_CITY_NAME_RIO_DE_JANEIRO, , CONTRACT 739, IN PROGRESS, UNIT_BUILDER, NO_BUILDING, NO_DISTRICT, VALUE 91.0, Build City Improvement
41, 6, LOC_CITY_NAME_RIO_DE_JANEIRO, , CONTRACT 787, COMPLETED, UNIT_BUILDER, NO_BUILDING, NO_DISTRICT, VALUE 384.0, Build City Improvement
41, 6, LOC_CITY_NAME_RIO_DE_JANEIRO, , , PROJECT_ENHANCE_DISTRICT_COMMERCIAL_HUB, Default Specialization, , , Value 151.7
41, 6, LOC_CITY_NAME_SAO_PAULO, , CONTRACT 787, COMPLETED, UNIT_BUILDER, NO_BUILDING, NO_DISTRICT, VALUE 384.0, Build City Improvement
41, 6, LOC_CITY_NAME_SAO_PAULO, , , PROJECT_ENHANCE_DISTRICT_CAMPUS, Default Specialization, , , Value 91.2
41, 6, LOC_CITY_NAME_CURITIBA, , CONTRACT 738, CANCELLED, UNIT_BUILDER, NO_BUILDING, NO_DISTRICT, VALUE 256.0, Build City Improvement
41, 6, LOC_CITY_NAME_CURITIBA, , CONTRACT 739, IN PROGRESS, UNIT_BUILDER, NO_BUILDING, NO_DISTRICT, VALUE 91.0, Build City Improvement
41, 6, LOC_CITY_NAME_CURITIBA, , CONTRACT 787, COMPLETED, UNIT_BUILDER, NO_BUILDING, NO_DISTRICT, VALUE 384.0, Build City Improvement
41, 6, LOC_CITY_NAME_CURITIBA, , , UNIT_CROSSBOWMAN, Default Specialization, , , Value 40.5
41, 6, LOC_CITY_NAME_SALVADOR, , CONTRACT 738, FAILED, UNIT_BUILDER, NO_BUILDING, NO_DISTRICT, VALUE 256.0, Build City Improvement
41, 6, LOC_CITY_NAME_SALVADOR, , CONTRACT 739, IN PROGRESS, UNIT_BUILDER, NO_BUILDING, NO_DISTRICT, VALUE 91.0, Build City Improvement
41, 6, LOC_CITY_NAME_SALVADOR, , , BUILDING_MONUMENT, Default Specialization, , , Value 94.1
41, 6, FAITH PURCHASE, , , UNIT_APOSTLE, Unknown, CONTRACT 789
41, 6, LOC_CITY_NAME_SAO_PAULO, , CONTRACT 810, SUBMITTED, NO_UNIT, NO_BUILDING, DISTRICT_THEATER, VALUE 1133.0, Build City District
41, 7, LOC_CITY_NAME_AACHEN, , , UNIT_SKIRMISHER, Siege City Assault, CONTRACT 790
41, 7, LOC_CITY_NAME_MAGDEBURG, , CONTRACT 769, COMPLETED, UNIT_BUILDER, NO_BUILDING, NO_DISTRICT, VALUE 419.0, Build City Improvement
41, 7, LOC_CITY_NAME_MAGDEBURG, , CONTRACT 790, IN PROGRESS, UNIT_SKIRMISHER, NO_BUILDING, NO_DISTRICT, VALUE 500.0, Siege City Assault
41, 7, LOC_CITY_NAME_MAGDEBURG, , , BUILDING_AMPHITHEATER, Default Specialization, , , Value 1789.2
41, 7, LOC_CITY_NAME_COLOGNE, , CONTRACT 742, COMPLETED, NO_UNIT, NO_BUILDING, DISTRICT_ENCAMPMENT, VALUE 1130.9, Build City District
41, 7, LOC_CITY_NAME_COLOGNE, , CONTRACT 769, COMPLETED, UNIT_BUILDER, NO_BUILDING, NO_DISTRICT, VALUE 419.0, Build City Improvement
41, 7, LOC_CITY_NAME_COLOGNE, , CONTRACT 790, IN PROGRESS, UNIT_SKIRMISHER, NO_BUILDING, NO_DISTRICT, VALUE 500.0, Siege City Assault
41, 7, LOC_CITY_NAME_COLOGNE, , , BUILDING_BARRACKS, Default Specialization, , , Value 1052.2
41, 7, LOC_CITY_NAME_DORTMUND, , CONTRACT 767, COMPLETED, NO_UNIT, BUILDING_WALLS, NO_DISTRICT, VALUE 221.2, Build City Building
41, 7, LOC_CITY_NAME_DORTMUND, , CONTRACT 790, IN PROGRESS, UNIT_SKIRMISHER, NO_BUILDING, NO_DISTRICT, VALUE 500.0, Siege City Assault
41, 7, LOC_CITY_NAME_DORTMUND, , , BUILDING_MONUMENT, Default Specialization, , , Value 116.0
41, 7, LOC_CITY_NAME_HEIDELBERG, , CONTRACT 726, COMPLETED, NO_UNIT, BUILDING_WALLS, NO_DISTRICT, VALUE 181.0, Build City Building
41, 7, LOC_CITY_NAME_HEIDELBERG, , CONTRACT 729, FAILED, NO_UNIT, BUILDING_GREAT_LIBRARY, NO_DISTRICT, VALUE 100.0, Manage Great Person
41, 7, LOC_CITY_NAME_HEIDELBERG, , CONTRACT 790, IN PROGRESS, UNIT_SKIRMISHER, NO_BUILDING, NO_DISTRICT, VALUE 500.0, Siege City Assault
41, 7, LOC_CITY_NAME_HEIDELBERG, , , BUILDING_GRANARY, Default Specialization, , , Value 216.9
41, 7, LOC_CITY_NAME_AACHEN, , CONTRACT 815, SUBMITTED, UNIT_BUILDER, NO_BUILDING, NO_DISTRICT, VALUE 197.0, Build City Improvement
41, 7, LOC_CITY_NAME_MAGDEBURG, , CONTRACT 815, SUBMITTED, UNIT_BUILDER, NO_BUILDING, NO_DISTRICT, VALUE 197.0, Build City Improvement
41, 7, LOC_CITY_NAME_COLOGNE, , CONTRACT 815, SUBMITTED, UNIT_BUILDER, NO_BUILDING, NO_DISTRICT, VALUE 197.0, Build City Improvement
41, 7, LOC_CITY_NAME_DORTMUND, , CONTRACT 815, SUBMITTED, UNIT_BUILDER, NO_BUILDING, NO_DISTRICT, VALUE 197.0, Build City Improvement
41, 7, LOC_CITY_NAME_HEIDELBERG, , CONTRACT 815, SUBMITTED, UNIT_BUILDER, NO_BUILDING, NO_DISTRICT, VALUE 197.0, Build City Improvement
41, 8, LOC_CITY_HA_NOI, , CONTRACT 773, COMPLETED, UNIT_BUILDER, NO_BUILDING, NO_DISTRICT, VALUE 204.0, Build City Improvement
41, 8, LOC_CITY_HA_NOI, , CONTRACT 774, COMPLETED, UNIT_BUILDER, NO_BUILDING, NO_DISTRICT, VALUE 211.0, Build City Improvement
41, 8, LOC_CITY_HA_NOI, , , UNIT_MAN_AT_ARMS, Default Specialization, , , Value 237.1
41, 8, LOC_CITY_QUANG_TRI, , CONTRACT 773, COMPLETED, UNIT_BUILDER, NO_BUILDING, NO_DISTRICT, VALUE 204.0, Build City Improvement
41, 8, LOC_CITY_QUANG_TRI, , , DISTRICT_AQUEDUCT, Build City District, CONTRACT 795
41, 8, LOC_CITY_HOI_AN, , CONTRACT 773, COMPLETED, UNIT_BUILDER, NO_BUILDING, NO_DISTRICT, VALUE 204.0, Build City Improvement
41, 8, LOC_CITY_HOI_AN, , CONTRACT 774, COMPLETED, UNIT_BUILDER, NO_BUILDING, NO_DISTRICT, VALUE 211.0, Build City Improvement
41, 8, LOC_CITY_HOI_AN, , , UNIT_MAN_AT_ARMS, Default Specialization, , , Value 237.1
41, 8, LOC_CITY_HOA_LU, , , BUILDING_WALLS, Default Specialization, , , Value 261.5
41, 8, LOC_CITY_DONG_HOI, , , BUILDING_OLD_GOD_OBELISK, Default Specialization, , , Value 279.6
41, 8, FAITH PURCHASE, , , UNIT_MISSIONARY, Unknown, CONTRACT 797
41, 8, LOC_CITY_HA_NOI, , CONTRACT 818, SUBMITTED, UNIT_SETTLER, NO_BUILDING, NO_DISTRICT, VALUE 766.0, Settle City Op
41, 8, LOC_CITY_HUE, , CONTRACT 818, SUBMITTED, UNIT_SETTLER, NO_BUILDING, NO_DISTRICT, VALUE 766.0, Settle City Op
41, 8, LOC_CITY_QUANG_TRI, , CONTRACT 818, SUBMITTED, UNIT_SETTLER, NO_BUILDING, NO_DISTRICT, VALUE 766.0, Settle City Op
41, 8, LOC_CITY_HOI_AN, , CONTRACT 818, SUBMITTED, UNIT_SETTLER, NO_BUILDING, NO_DISTRICT, VALUE 766.0, Settle City Op
41, 8, LOC_CITY_HOA_LU, , CONTRACT 818, SUBMITTED, UNIT_SETTLER, NO_BUILDING, NO_DISTRICT, VALUE 766.0, Settle City Op
41, 8, LOC_CITY_DONG_HOI, , CONTRACT 819, SUBMITTED, NO_UNIT, NO_BUILDING, DISTRICT_HOLY_SITE, VALUE 1328.0, Build City District
41, 8, LOC_CITY_DONG_HOI, , CONTRACT 820, SUBMITTED, NO_UNIT, BUILDING_OLD_GOD_OBELISK, NO_DISTRICT, VALUE 279.0, Build City Building
41, 8, LOC_CITY_HA_NOI, , CONTRACT 821, SUBMITTED, UNIT_BUILDER, NO_BUILDING, NO_DISTRICT, VALUE 524.0, Build City Improvement
41, 8, LOC_CITY_HUE, , CONTRACT 821, SUBMITTED, UNIT_BUILDER, NO_BUILDING, NO_DISTRICT, VALUE 524.0, Build City Improvement
41, 8, LOC_CITY_QUANG_TRI, , CONTRACT 821, SUBMITTED, UNIT_BUILDER, NO_BUILDING, NO_DISTRICT, VALUE 524.0, Build City Improvement
41, 8, LOC_CITY_HOI_AN, , CONTRACT 821, SUBMITTED, UNIT_BUILDER, NO_BUILDING, NO_DISTRICT, VALUE 524.0, Build City Improvement
41, 8, LOC_CITY_HOA_LU, , CONTRACT 821, SUBMITTED, UNIT_BUILDER, NO_BUILDING, NO_DISTRICT, VALUE 524.0, Build City Improvement
41, 8, LOC_CITY_DONG_HOI, , CONTRACT 821, SUBMITTED, UNIT_BUILDER, NO_BUILDING, NO_DISTRICT, VALUE 524.0, Build City Improvement
41, 9, LOC_CITY_NAME_ROME, , , PROJECT_ENHANCE_DISTRICT_CAMPUS, Default Specialization, , , Value 89.5
41, 9, LOC_CITY_NAME_ARRETIUM, , , PROJECT_ENHANCE_DISTRICT_CAMPUS, Default Specialization, , , Value 86.7
41, 9, LOC_CITY_NAME_ARPINUM, , , PROJECT_ENHANCE_DISTRICT_CAMPUS, Default Specialization, , , Value 86.7
41, 9, FAITH PURCHASE, , , UNIT_MISSIONARY, Unknown, CONTRACT 801
41, 9, LOC_CITY_NAME_BRUNDISIUM, 6.52, 0.54, , YIELD_FOOD: 0.1, YIELD_PRODUCTION: 0.0, YIELD_GOLD: 0.0, YIELD_SCIENCE: -0.1, YIELD_CULTURE: 0.0, YIELD_FAITH: 0.0, , 
41, 9, LOC_CITY_NAME_BRUNDISIUM, , , BUILDING_WALLS, Default Specialization, , , Value 154.0
41, 10, LOC_CITY_NAME_BABYLON, , , UNIT_BUILDER, Build City Improvement, CONTRACT 779
41, 15, LOC_CITY_NAME_VATICAN_CITY, , CONTRACT 825, SUBMITTED, NO_UNIT, BUILDING_WALLS, NO_DISTRICT, VALUE 91.0, Build City Building
41, 17, LOC_CITY_NAME_YEREVAN, , , NO BUILDS AT ALL (maybe city was nuked?), Generic Offense
41, 17, LOC_CITY_NAME_YEREVAN, , , NO BUILDS AT ALL (maybe city was nuked?), Generic Offense
41, 20, LOC_CITY_NAME_KUMASI, , , UNIT_BUILDER, Build City Improvement, CONTRACT 757
42, 5, LOC_CITY_NAME_PELLA, , , UNIT_MAN_AT_ARMS, Default Specialization, , , Value 128.7
42, 5, LOC_CITY_NAME_ALEXANDRIA_TROAS, , CONTRACT 758, COMPLETED, UNIT_SETTLER, NO_BUILDING, NO_DISTRICT, VALUE 726.0, Settle City Op
42, 5, LOC_CITY_NAME_ALEXANDRIA_TROAS, , , UNIT_MAN_AT_ARMS, Default Specialization, , , Value 125.2
42, 5, LOC_CITY_NAME_FEZ, , , UNIT_MAN_AT_ARMS, Default Specialization, , , Value 125.2
42, 5, LOC_CITY_NAME_METHONE, , CONTRACT 760, COMPLETED, NO_UNIT, BUILDING_WATER_MILL, NO_DISTRICT, VALUE 147.5, Build City Building
42, 5, LOC_CITY_NAME_METHONE, , , BUILDING_WALLS, Default Specialization, , , Value 181.0
42, 5, LOC_CITY_NAME_BUENOS_AIRES, , , BUILDING_WATER_MILL, Default Specialization, , , Value 187.5
42, 6, LOC_CITY_NAME_FORTALEZA, , , UNIT_CROSSBOWMAN, Default Specialization, , , Value 36.2
42, 6, LOC_CITY_NAME_SALVADOR, , , UNIT_CROSSBOWMAN, Default Specialization, , , Value 32.7
42, 6, LOC_CITY_NAME_JERUSALEM, , CONTRACT 739, FAILED, UNIT_BUILDER, NO_BUILDING, NO_DISTRICT, VALUE 91.0, Build City Improvement
42, 6, LOC_CITY_NAME_JERUSALEM, , , BUILDING_MONUMENT, Default Specialization, , , Value 192.9
42, 6, FAITH PURCHASE, , , UNIT_APOSTLE, Unknown, CONTRACT 812
42, 6, LOC_CITY_NAME_PORTO_ALEGRE, 5.07, 0.13, , YIELD_FOOD: 0.1, YIELD_PRODUCTION: 0.0, YIELD_GOLD: 0.0, YIELD_SCIENCE: -0.1, YIELD_CULTURE: 0.0, YIELD_FAITH: 0.0, , 
42, 6, LOC_CITY_NAME_PORTO_ALEGRE, , , BUILDING_WALLS, Default Specialization, , , Value 96.6
42, 6, LOC_CITY_NAME_RIO_DE_JANEIRO, , CONTRACT 830, SUBMITTED, NO_UNIT, BUILDING_AMPHITHEATER, NO_DISTRICT, VALUE 0.0, Build Trigger Building
42, 6, LOC_CITY_NAME_CURITIBA, , CONTRACT 831, SUBMITTED, NO_UNIT, NO_BUILDING, DISTRICT_THEATER, VALUE 966.0, Build City District
42, 7, LOC_CITY_NAME_AACHEN, , CONTRACT 790, COMPLETED, UNIT_SKIRMISHER, NO_BUILDING, NO_DISTRICT, VALUE 500.0, Siege City Assault
42, 7, LOC_CITY_NAME_AACHEN, , , UNIT_BUILDER, Build City Improvement, CONTRACT 815
42, 7, LOC_CITY_NAME_COLOGNE, , CONTRACT 815, IN PROGRESS, UNIT_BUILDER, NO_BUILDING, NO_DISTRICT, VALUE 197.0, Build City Improvement
42, 7, LOC_CITY_NAME_COLOGNE, , , PROJECT_ENHANCE_DISTRICT_THEATER, Default Specialization, , , Value 226.7
42, 7, LOC_CITY_NAME_DORTMUND, , CONTRACT 815, IN PROGRESS, UNIT_BUILDER, NO_BUILDING, NO_DISTRICT, VALUE 197.0, Build City Improvement
42, 7, LOC_CITY_NAME_DORTMUND, , , UNIT_CROSSBOWMAN, Default Specialization, , , Value 46.6
42, 7, LOC_CITY_NAME_HEIDELBERG, , CONTRACT 815, IN PROGRESS, UNIT_BUILDER, NO_BUILDING, NO_DISTRICT, VALUE 197.0, Build City Improvement
42, 7, LOC_CITY_NAME_HEIDELBERG, , , BUILDING_WATER_MILL, Default Specialization, , , Value 136.2
42, 7, LOC_CITY_NAME_COLOGNE, , CONTRACT 836, SUBMITTED, NO_UNIT, NO_BUILDING, DISTRICT_CAMPUS, VALUE 1176.0, Build City District
42, 8, LOC_CITY_HA_NOI, , , UNIT_SETTLER, Settle City Op, CONTRACT 818
42, 8, LOC_CITY_HUE, , CONTRACT 793, CANCELLED, UNIT_BUILDER, NO_BUILDING, NO_DISTRICT, VALUE 202.0, Build City Improvement
42, 8, LOC_CITY_HUE, , CONTRACT 818, IN PROGRESS, UNIT_SETTLER, NO_BUILDING, NO_DISTRICT, VALUE 766.0, Settle City Op
42, 8, LOC_CITY_HUE, , , UNIT_BUILDER, Build City Improvement, CONTRACT 821
42, 8, LOC_CITY_QUANG_TRI, , CONTRACT 795, COMPLETED, NO_UNIT, NO_BUILDING, DISTRICT_AQUEDUCT, VALUE 696.9, Build City District
42, 8, LOC_CITY_QUANG_TRI, , CONTRACT 818, IN PROGRESS, UNIT_SETTLER, NO_BUILDING, NO_DISTRICT, VALUE 766.0, Settle City Op
42, 8, LOC_CITY_QUANG_TRI, , CONTRACT 821, IN PROGRESS, UNIT_BUILDER, NO_BUILDING, NO_DISTRICT, VALUE 524.0, Build City Improvement
42, 8, LOC_CITY_QUANG_TRI, , , BUILDING_WORKSHOP, Default Specialization, , , Value 236.1
42, 8, LOC_CITY_HOI_AN, , CONTRACT 793, CANCELLED, UNIT_BUILDER, NO_BUILDING, NO_DISTRICT, VALUE 202.0, Build City Improvement
42, 8, LOC_CITY_HOI_AN, , CONTRACT 818, IN PROGRESS, UNIT_SETTLER, NO_BUILDING, NO_DISTRICT, VALUE 766.0, Settle City Op
42, 8, LOC_CITY_HOI_AN, , CONTRACT 821, IN PROGRESS, UNIT_BUILDER, NO_BUILDING, NO_DISTRICT, VALUE 524.0, Build City Improvement
42, 8, LOC_CITY_HOI_AN, , , UNIT_VIETNAMESE_VOI_CHIEN, Default Specialization, , , Value 146.4
42, 8, LOC_CITY_HOA_LU, , CONTRACT 793, CANCELLED, UNIT_BUILDER, NO_BUILDING, NO_DISTRICT, VALUE 202.0, Build City Improvement
42, 8, LOC_CITY_HOA_LU, , CONTRACT 818, IN PROGRESS, UNIT_SETTLER, NO_BUILDING, NO_DISTRICT, VALUE 766.0, Settle City Op
42, 8, LOC_CITY_HOA_LU, , CONTRACT 821, IN PROGRESS, UNIT_BUILDER, NO_BUILDING, NO_DISTRICT, VALUE 524.0, Build City Improvement
42, 8, LOC_CITY_HOA_LU, , , BUILDING_WATER_MILL, Default Specialization, , , Value 154.2
42, 8, LOC_CITY_DONG_HOI, , CONTRACT 793, CANCELLED, UNIT_BUILDER, NO_BUILDING, NO_DISTRICT, VALUE 202.0, Build City Improvement
42, 8, LOC_CITY_DONG_HOI, , CONTRACT 821, IN PROGRESS, UNIT_BUILDER, NO_BUILDING, NO_DISTRICT, VALUE 524.0, Build City Improvement
42, 8, LOC_CITY_DONG_HOI, , , DISTRICT_HOLY_SITE, Build City District, CONTRACT 819
42, 8, FAITH PURCHASE, , , UNIT_MISSIONARY, Unknown, CONTRACT 822
42, 9, LOC_CITY_NAME_LUGDUNUM, , , UNIT_MAN_AT_ARMS, Default Specialization, , , Value 30.5
42, 9, LOC_CITY_NAME_CUMAE, , , UNIT_MAN_AT_ARMS, Default Specialization, , , Value 29.6
42, 9, LOC_CITY_NAME_ROME, , CONTRACT 839, SUBMITTED, UNIT_SETTLER, NO_BUILDING, NO_DISTRICT, VALUE 832.0, Settle City Op
42, 9, LOC_CITY_NAME_ARRETIUM, , CONTRACT 839, SUBMITTED, UNIT_SETTLER, NO_BUILDING, NO_DISTRICT, VALUE 832.0, Settle City Op
42, 9, LOC_CITY_NAME_ARPINUM, , CONTRACT 839, SUBMITTED, UNIT_SETTLER, NO_BUILDING, NO_DISTRICT, VALUE 832.0, Settle City Op
42, 9, LOC_CITY_NAME_LUGDUNUM, , CONTRACT 839, SUBMITTED, UNIT_SETTLER, NO_BUILDING, NO_DISTRICT, VALUE 832.0, Settle City Op
42, 9, LOC_CITY_NAME_CUMAE, , CONTRACT 839, SUBMITTED, UNIT_SETTLER, NO_BUILDING, NO_DISTRICT, VALUE 832.0, Settle City Op
42, 9, LOC_CITY_NAME_ROME, , CONTRACT 840, SUBMITTED, NO_UNIT, BUILDING_ARMORY, NO_DISTRICT, VALUE 0.0, Build Trigger Building
42, 9, LOC_CITY_NAME_BRUNDISIUM, , CONTRACT 842, SUBMITTED, NO_UNIT, BUILDING_WATER_MILL, NO_DISTRICT, VALUE 70.0, Build City Building
42, 10, LOC_CITY_NAME_BABYLON, , CONTRACT 779, COMPLETED, UNIT_BUILDER, NO_BUILDING, NO_DISTRICT, VALUE 226.0, Build City Improvement
42, 10, LOC_CITY_NAME_BABYLON, , , BUILDING_WALLS, Default Specialization, , , Value 274.4
42, 10, LOC_CITY_NAME_BABYLON, , CONTRACT 844, SUBMITTED, NO_UNIT, BUILDING_WALLS, NO_DISTRICT, VALUE 49.0, Build City Building
42, 13, LOC_CITY_NAME_JOHANNESBURG, , CONTRACT 750, COMPLETED, NO_UNIT, BUILDING_WALLS, NO_DISTRICT, VALUE 341.9, Build City Building
42, 13, LOC_CITY_NAME_JOHANNESBURG, , , BUILDING_WATER_MILL, Default Specialization, , , Value 75.6
42, 14, LOC_CITY_NAME_LISBON, , , DISTRICT_COMMERCIAL_HUB, Build City District, CONTRACT 803
42, 14, LOC_CITY_NAME_LISBON, , CONTRACT 845, SUBMITTED, UNIT_BUILDER, NO_BUILDING, NO_DISTRICT, VALUE 229.0, Build City Improvement
42, 16, LOC_CITY_NAME_VILNIUS, , CONTRACT 754, COMPLETED, UNIT_CROSSBOWMAN, NO_BUILDING, NO_DISTRICT, VALUE 154.1, Build City Building
42, 16, LOC_CITY_NAME_VILNIUS, , , UNIT_CROSSBOWMAN, Default Specialization, , , Value 114.9
42, 16, LOC_CITY_NAME_VILNIUS, , CONTRACT 846, SUBMITTED, NO_UNIT, NO_BUILDING, DISTRICT_THEATER, VALUE 586.0, Build City District
42, 17, LOC_CITY_NAME_YEREVAN, , , NO BUILDS AT ALL (maybe city was nuked?), Generic Offense
42, 17, LOC_CITY_NAME_YEREVAN, , , NO BUILDS AT ALL (maybe city was nuked?), Generic Offense
42, 20, LOC_CITY_NAME_KUMASI, , CONTRACT 757, COMPLETED, UNIT_BUILDER, NO_BUILDING, NO_DISTRICT, VALUE 323.0, Build City Improvement
42, 20, LOC_CITY_NAME_KUMASI, , , UNIT_CROSSBOWMAN, Default Specialization, , , Value 41.6
42, 21, LOC_CITY_NAME_PRESLAV, , CONTRACT 847, SUBMITTED, UNIT_CROSSBOWMAN, NO_BUILDING, NO_DISTRICT, VALUE 23.0, Build City Building
43, 5, LOC_CITY_NAME_PELLA, , , PROJECT_ENHANCE_DISTRICT_INDUSTRIAL_ZONE, Default Specialization, , , Value 78.7
43, 5, LOC_CITY_NAME_CHALKIDIKI, , CONTRACT 758, COMPLETED, UNIT_SETTLER, NO_BUILDING, NO_DISTRICT, VALUE 726.0, Settle City Op
43, 5, LOC_CITY_NAME_CHALKIDIKI, , , DISTRICT_AQUEDUCT, Build City District, CONTRACT 782
43, 5, LOC_CITY_NAME_ALEXANDRIA_LATMUS, , CONTRACT 758, COMPLETED, UNIT_SETTLER, NO_BUILDING, NO_DISTRICT, VALUE 726.0, Settle City Op
43, 5, LOC_CITY_NAME_ALEXANDRIA_LATMUS, , , PROJECT_ENHANCE_DISTRICT_CAMPUS, Default Specialization, , , Value 92.6
43, 5, LOC_CITY_NAME_METHONE, , , BUILDING_GRANARY, Default Specialization, , , Value 207.8
43, 5, LOC_CITY_NAME_BUENOS_AIRES, , , UNIT_MAN_AT_ARMS, Default Specialization, , , Value 41.2
43, 5, FAITH PURCHASE, , , UNIT_MISSIONARY, Unknown, CONTRACT 829
43, 5, LOC_CITY_NAME_ALEXANDRIA_LATMUS, , CONTRACT 849, SUBMITTED, NO_UNIT, NO_BUILDING, DISTRICT_ENCAMPMENT, VALUE 1407.0, Build City District
43, 6, LOC_CITY_NAME_RIO_DE_JANEIRO, , , PROJECT_ENHANCE_DISTRICT_COMMERCIAL_HUB, Default Specialization, , , Value 151.7
43, 6, LOC_CITY_NAME_CURITIBA, , , DISTRICT_THEATER, Build City District, CONTRACT 831
43, 6, LOC_CITY_NAME_JERUSALEM, , , BUILDING_WATER_MILL, Default Specialization, , , Value 165.2
43, 6, FAITH PURCHASE, , , UNIT_APOSTLE, Unknown, CONTRACT 833
43, 6, LOC_CITY_NAME_RIO_DE_JANEIRO, , CONTRACT 851, SUBMITTED, UNIT_SETTLER, NO_BUILDING, NO_DISTRICT, VALUE 674.0, Settle City Op
43, 6, LOC_CITY_NAME_SAO_PAULO, , CONTRACT 851, SUBMITTED, UNIT_SETTLER, NO_BUILDING, NO_DISTRICT, VALUE 674.0, Settle City Op
43, 6, LOC_CITY_NAME_FORTALEZA, , CONTRACT 851, SUBMITTED, UNIT_SETTLER, NO_BUILDING, NO_DISTRICT, VALUE 674.0, Settle City Op
43, 6, LOC_CITY_NAME_CURITIBA, , CONTRACT 851, SUBMITTED, UNIT_SETTLER, NO_BUILDING, NO_DISTRICT, VALUE 674.0, Settle City Op
43, 6, LOC_CITY_NAME_SALVADOR, , CONTRACT 851, SUBMITTED, UNIT_SETTLER, NO_BUILDING, NO_DISTRICT, VALUE 674.0, Settle City Op
43, 6, LOC_CITY_NAME_JERUSALEM, , CONTRACT 851, SUBMITTED, UNIT_SETTLER, NO_BUILDING, NO_DISTRICT, VALUE 674.0, Settle City Op
43, 6, LOC_CITY_NAME_PORTO_ALEGRE, , CONTRACT 852, SUBMITTED, NO_UNIT, BUILDING_WATER_MILL, NO_DISTRICT, VALUE 81.0, Build City Building
43, 6, LOC_CITY_NAME_PORTO_ALEGRE, , CONTRACT 853, SUBMITTED, NO_UNIT, NO_BUILDING, DISTRICT_CAMPUS, VALUE 899.0, Build City District
43, 6, LOC_CITY_NAME_RIO_DE_JANEIRO, , CONTRACT 854, SUBMITTED, UNIT_BUILDER, NO_BUILDING, NO_DISTRICT, VALUE 423.0, Build City Improvement
43, 6, LOC_CITY_NAME_SAO_PAULO, , CONTRACT 854, SUBMITTED, UNIT_BUILDER, NO_BUILDING, NO_DISTRICT, VALUE 423.0, Build City Improvement
43, 6, LOC_CITY_NAME_FORTALEZA, , CONTRACT 854, SUBMITTED, UNIT_BUILDER, NO_BUILDING, NO_DISTRICT, VALUE 423.0, Build City Improvement
43, 6, LOC_CITY_NAME_CURITIBA, , CONTRACT 854, SUBMITTED, UNIT_BUILDER, NO_BUILDING, NO_DISTRICT, VALUE 423.0, Build City Improvement
43, 6, LOC_CITY_NAME_SALVADOR, , CONTRACT 854, SUBMITTED, UNIT_BUILDER, NO_BUILDING, NO_DISTRICT, VALUE 423.0, Build City Improvement
43, 6, LOC_CITY_NAME_JERUSALEM, , CONTRACT 854, SUBMITTED, UNIT_BUILDER, NO_BUILDING, NO_DISTRICT, VALUE 423.0, Build City Improvement
43, 6, LOC_CITY_NAME_PORTO_ALEGRE, , CONTRACT 854, SUBMITTED, UNIT_BUILDER, NO_BUILDING, NO_DISTRICT, VALUE 423.0, Build City Improvement
43, 7, LOC_CITY_NAME_AACHEN, , CONTRACT 815, FAILED, UNIT_BUILDER, NO_BUILDING, NO_DISTRICT, VALUE 197.0, Build City Improvement
43, 7, LOC_CITY_NAME_AACHEN, , , BUILDING_LIBRARY, Default Specialization, , , Value 598.3
43, 7, LOC_CITY_NAME_MAGDEBURG, , CONTRACT 815, FAILED, UNIT_BUILDER, NO_BUILDING, NO_DISTRICT, VALUE 197.0, Build City Improvement
43, 7, LOC_CITY_NAME_MAGDEBURG, , , BUILDING_WALLS, Default Specialization, , , Value 301.7
43, 7, LOC_CITY_NAME_HEIDELBERG, , , BUILDING_MONUMENT, Default Specialization, , , Value 124.1
43, 7, LOC_CITY_NAME_DORTMUND, , CONTRACT 856, SUBMITTED, NO_UNIT, NO_BUILDING, DISTRICT_HOLY_SITE, VALUE 1560.0, Build City District
43, 8, LOC_CITY_HUE, , CONTRACT 821, COMPLETED, UNIT_BUILDER, NO_BUILDING, NO_DISTRICT, VALUE 524.0, Build City Improvement
43, 8, LOC_CITY_HUE, , , UNIT_VIETNAMESE_VOI_CHIEN, Default Specialization, , , Value 143.8
43, 8, LOC_CITY_QUANG_TRI, , , UNIT_VIETNAMESE_VOI_CHIEN, Default Specialization, , , Value 143.8
43, 8, LOC_CITY_HOA_LU, , , UNIT_VIETNAMESE_VOI_CHIEN, Default Specialization, , , Value 143.8
43, 8, FAITH PURCHASE, , , UNIT_MISSIONARY, Unknown, CONTRACT 838
43, 8, LOC_CITY_QUANG_TRI, , CONTRACT 858, SUBMITTED, NO_UNIT, NO_BUILDING, DISTRICT_THEATER, VALUE 1164.0, Build City District
43, 9, LOC_CITY_NAME_ROME, , , BUILDING_ARMORY, Build Trigger Building, CONTRACT 840
43, 9, LOC_CITY_NAME_ARRETIUM, , , UNIT_SETTLER, Settle City Op, CONTRACT 839
43, 9, LOC_CITY_NAME_LUGDUNUM, , CONTRACT 839, IN PROGRESS, UNIT_SETTLER, NO_BUILDING, NO_DISTRICT, VALUE 832.0, Settle City Op
43, 9, LOC_CITY_NAME_LUGDUNUM, , , UNIT_MAN_AT_ARMS, Default Specialization, , , Value 28.6
43, 9, FAITH PURCHASE, , , UNIT_MISSIONARY, Unknown, CONTRACT 843
43, 9, LOC_CITY_NAME_LUGDUNUM, , CONTRACT 861, SUBMITTED, NO_UNIT, NO_BUILDING, DISTRICT_HOLY_SITE, VALUE 1631.0, Build City District
43, 9, LOC_CITY_NAME_ROME, , CONTRACT 863, SUBMITTED, NO_UNIT, NO_BUILDING, DISTRICT_THEATER, VALUE 999.0, Build City District
43, 9, LOC_CITY_NAME_ROME, , CONTRACT 864, SUBMITTED, NO_UNIT, BUILDING_ARMORY, NO_DISTRICT, VALUE 1485.0, Build City Building
43, 13, LOC_CITY_NAME_JOHANNESBURG, , CONTRACT 866, SUBMITTED, UNIT_CROSSBOWMAN, NO_BUILDING, NO_DISTRICT, VALUE 82.0, Build City Building
43, 14, PURCHASE, , , UNIT_BUILDER, Build City Improvement, CONTRACT 845
43, 14, LOC_CITY_NAME_LISBON, , CONTRACT 803, COMPLETED, NO_UNIT, NO_BUILDING, DISTRICT_COMMERCIAL_HUB, VALUE 533.4, Build City District
43, 14, LOC_CITY_NAME_LISBON, , CONTRACT 845, COMPLETED, UNIT_BUILDER, NO_BUILDING, NO_DISTRICT, VALUE 229.0, Build City Improvement
43, 14, LOC_CITY_NAME_LISBON, , , BUILDING_WALLS, Build City Building, CONTRACT 804
43, 15, LOC_CITY_NAME_VATICAN_CITY, , , BUILDING_WALLS, Build City Building, CONTRACT 825
43, 16, LOC_CITY_NAME_VILNIUS, , CONTRACT 867, SUBMITTED, UNIT_CROSSBOWMAN, NO_BUILDING, NO_DISTRICT, VALUE 39.0, Build City Building
43, 17, LOC_CITY_NAME_YEREVAN, , , NO BUILDS AT ALL (maybe city was nuked?), Generic Offense
43, 17, LOC_CITY_NAME_YEREVAN, , , NO BUILDS AT ALL (maybe city was nuked?), Generic Offense
43, 20, LOC_CITY_NAME_KUMASI, , CONTRACT 868, SUBMITTED, NO_UNIT, BUILDING_WALLS, NO_DISTRICT, VALUE 129.0, Build City Building
43, 21, LOC_CITY_NAME_PRESLAV, , , UNIT_CROSSBOWMAN, Build City Building, CONTRACT 847
43, 21, LOC_CITY_NAME_PRESLAV, , CONTRACT 869, SUBMITTED, UNIT_BUILDER, NO_BUILDING, NO_DISTRICT, VALUE 211.0, Build City Improvement
43, 3, LOC_CITY_NAME_KANGABA, 4.68, 0.37, , YIELD_FOOD: 0.1, YIELD_PRODUCTION: 0.0, YIELD_GOLD: 0.0, YIELD_SCIENCE: -0.1, YIELD_CULTURE: 0.0, YIELD_FAITH: 0.0, , 
43, 2, LOC_CITY_NAME_TRIVANDRUM, 5.39, 0.04, , YIELD_FOOD: 0.1, YIELD_PRODUCTION: 0.0, YIELD_GOLD: 0.0, YIELD_SCIENCE: -0.1, YIELD_CULTURE: 0.0, YIELD_FAITH: 0.0, , 
44, 5, LOC_CITY_NAME_ALEXANDRIA_TROAS, , , UNIT_KNIGHT, Default Specialization, , , Value 128.4
44, 5, LOC_CITY_NAME_CHALKIDIKI, , CONTRACT 782, COMPLETED, NO_UNIT, NO_BUILDING, DISTRICT_AQUEDUCT, VALUE 807.0, Build City District
44, 5, LOC_CITY_NAME_CHALKIDIKI, , , PROJECT_ENHANCE_DISTRICT_CAMPUS, Default Specialization, , , Value 86.8
44, 5, LOC_CITY_NAME_FEZ, , , UNIT_CROSSBOWMAN, Default Specialization, , , Value 38.7
44, 6, LOC_CITY_NAME_SAO_PAULO, , , UNIT_SETTLER, Settle City Op, CONTRACT 851
44, 6, LOC_CITY_NAME_FORTALEZA, , CONTRACT 851, IN PROGRESS, UNIT_SETTLER, NO_BUILDING, NO_DISTRICT, VALUE 674.0, Settle City Op
44, 6, LOC_CITY_NAME_FORTALEZA, , , UNIT_BUILDER, Build City Improvement, CONTRACT 854
44, 6, LOC_CITY_NAME_PORTO_ALEGRE, , CONTRACT 854, IN PROGRESS, UNIT_BUILDER, NO_BUILDING, NO_DISTRICT, VALUE 423.0, Build City Improvement
44, 6, LOC_CITY_NAME_PORTO_ALEGRE, , , DISTRICT_CAMPUS, Build City District, CONTRACT 853
44, 6, FAITH PURCHASE, , , UNIT_APOSTLE, Unknown, CONTRACT 855
44, 6, LOC_CITY_NAME_RIO_DE_JANEIRO, , CONTRACT 873, SUBMITTED, NO_UNIT, BUILDING_AMPHITHEATER, NO_DISTRICT, VALUE 0.0, Build Trigger Building
44, 6, LOC_CITY_NAME_RIO_DE_JANEIRO, , CONTRACT 874, SUBMITTED, UNIT_BUILDER, NO_BUILDING, NO_DISTRICT, VALUE 293.0, Build City Improvement
44, 6, LOC_CITY_NAME_SAO_PAULO, , CONTRACT 874, SUBMITTED, UNIT_BUILDER, NO_BUILDING, NO_DISTRICT, VALUE 293.0, Build City Improvement
44, 6, LOC_CITY_NAME_CURITIBA, , CONTRACT 874, SUBMITTED, UNIT_BUILDER, NO_BUILDING, NO_DISTRICT, VALUE 293.0, Build City Improvement
44, 6, LOC_CITY_NAME_SALVADOR, , CONTRACT 874, SUBMITTED, UNIT_BUILDER, NO_BUILDING, NO_DISTRICT, VALUE 293.0, Build City Improvement
44, 6, LOC_CITY_NAME_JERUSALEM, , CONTRACT 874, SUBMITTED, UNIT_BUILDER, NO_BUILDING, NO_DISTRICT, VALUE 293.0, Build City Improvement
44, 6, LOC_CITY_NAME_PORTO_ALEGRE, , CONTRACT 874, SUBMITTED, UNIT_BUILDER, NO_BUILDING, NO_DISTRICT, VALUE 293.0, Build City Improvement
44, 6, LOC_CITY_NAME_SAO_PAULO, , CONTRACT 875, SUBMITTED, NO_UNIT, NO_BUILDING, DISTRICT_THEATER, VALUE 1302.0, Build City District
44, 6, LOC_CITY_NAME_RIO_DE_JANEIRO, , CONTRACT 876, SUBMITTED, UNIT_BUILDER, NO_BUILDING, NO_DISTRICT, VALUE 502.0, Build City Improvement
44, 6, LOC_CITY_NAME_SAO_PAULO, , CONTRACT 876, SUBMITTED, UNIT_BUILDER, NO_BUILDING, NO_DISTRICT, VALUE 502.0, Build City Improvement
44, 6, LOC_CITY_NAME_CURITIBA, , CONTRACT 876, SUBMITTED, UNIT_BUILDER, NO_BUILDING, NO_DISTRICT, VALUE 502.0, Build City Improvement
44, 6, LOC_CITY_NAME_SALVADOR, , CONTRACT 876, SUBMITTED, UNIT_BUILDER, NO_BUILDING, NO_DISTRICT, VALUE 502.0, Build City Improvement
44, 6, LOC_CITY_NAME_JERUSALEM, , CONTRACT 876, SUBMITTED, UNIT_BUILDER, NO_BUILDING, NO_DISTRICT, VALUE 502.0, Build City Improvement
44, 6, LOC_CITY_NAME_PORTO_ALEGRE, , CONTRACT 876, SUBMITTED, UNIT_BUILDER, NO_BUILDING, NO_DISTRICT, VALUE 502.0, Build City Improvement
44, 7, LOC_CITY_NAME_AACHEN, , , PROJECT_ENHANCE_DISTRICT_CAMPUS, Default Specialization, , , Value 101.0
44, 7, LOC_CITY_NAME_MAGDEBURG, , , PROJECT_ENHANCE_DISTRICT_THEATER, Default Specialization, , , Value 228.4
44, 7, LOC_CITY_NAME_COLOGNE, , , DISTRICT_CAMPUS, Build City District, CONTRACT 836
44, 7, LOC_CITY_NAME_DORTMUND, , , DISTRICT_HOLY_SITE, Build City District, CONTRACT 856
44, 7, LOC_CITY_NAME_HEIDELBERG, , , UNIT_MAN_AT_ARMS, Default Specialization, , , Value 43.9
44, 7, LOC_CITY_NAME_MAINZ, 6.21, -0.05, , YIELD_FOOD: 0.1, YIELD_PRODUCTION: 0.0, YIELD_GOLD: 0.0, YIELD_SCIENCE: 0.0, YIELD_CULTURE: -0.1, YIELD_FAITH: 0.0, , 
44, 7, LOC_CITY_NAME_MAINZ, , , BUILDING_MONUMENT, Default Specialization, , , Value 54.4
44, 7, LOC_CITY_NAME_AACHEN, , CONTRACT 878, SUBMITTED, UNIT_BUILDER, NO_BUILDING, NO_DISTRICT, VALUE 240.0, Build City Improvement
44, 7, LOC_CITY_NAME_MAGDEBURG, , CONTRACT 878, SUBMITTED, UNIT_BUILDER, NO_BUILDING, NO_DISTRICT, VALUE 240.0, Build City Improvement
44, 7, LOC_CITY_NAME_COLOGNE, , CONTRACT 878, SUBMITTED, UNIT_BUILDER, NO_BUILDING, NO_DISTRICT, VALUE 240.0, Build City Improvement
44, 7, LOC_CITY_NAME_DORTMUND, , CONTRACT 878, SUBMITTED, UNIT_BUILDER, NO_BUILDING, NO_DISTRICT, VALUE 240.0, Build City Improvement
44, 7, LOC_CITY_NAME_HEIDELBERG, , CONTRACT 878, SUBMITTED, UNIT_BUILDER, NO_BUILDING, NO_DISTRICT, VALUE 240.0, Build City Improvement
44, 7, LOC_CITY_NAME_MAINZ, , CONTRACT 878, SUBMITTED, UNIT_BUILDER, NO_BUILDING, NO_DISTRICT, VALUE 240.0, Build City Improvement
44, 8, LOC_CITY_HA_NOI, , CONTRACT 818, COMPLETED, UNIT_SETTLER, NO_BUILDING, NO_DISTRICT, VALUE 766.0, Settle City Op
44, 8, LOC_CITY_HA_NOI, , , UNIT_VIETNAMESE_VOI_CHIEN, Default Specialization, , , Value 142.0
44, 8, LOC_CITY_HUE, , , UNIT_VIETNAMESE_VOI_CHIEN, Default Specialization, , , Value 138.1
44, 8, LOC_CITY_HOI_AN, , , UNIT_VIETNAMESE_VOI_CHIEN, Default Specialization, , , Value 138.1
44, 8, LOC_CITY_DONG_HOI, , CONTRACT 819, COMPLETED, NO_UNIT, NO_BUILDING, DISTRICT_HOLY_SITE, VALUE 2710.5, Build City District
44, 8, LOC_CITY_DONG_HOI, , , BUILDING_OLD_GOD_OBELISK, Build City Building, CONTRACT 820
44, 9, LOC_CITY_NAME_ROME, , CONTRACT 839, COMPLETED, UNIT_SETTLER, NO_BUILDING, NO_DISTRICT, VALUE 832.0, Settle City Op
44, 9, LOC_CITY_NAME_ROME, , CONTRACT 840, COMPLETED, NO_UNIT, BUILDING_ARMORY, NO_DISTRICT, VALUE 1485.2, Build Trigger Building
44, 9, LOC_CITY_NAME_ROME, , CONTRACT 864, ACCEPTED, NO_UNIT, BUILDING_ARMORY, NO_DISTRICT, VALUE 1485.0, Build City Building
44, 9, LOC_CITY_NAME_ROME, , , DISTRICT_THEATER, Build City District, CONTRACT 863
44, 9, LOC_CITY_NAME_ARRETIUM, , CONTRACT 839, COMPLETED, UNIT_SETTLER, NO_BUILDING, NO_DISTRICT, VALUE 832.0, Settle City Op
44, 9, LOC_CITY_NAME_ARRETIUM, , , BUILDING_CASTLE, Default Specialization, , , Value 1086.1
44, 9, LOC_CITY_NAME_ARPINUM, , CONTRACT 839, COMPLETED, UNIT_SETTLER, NO_BUILDING, NO_DISTRICT, VALUE 832.0, Settle City Op
44, 9, LOC_CITY_NAME_ARPINUM, , , BUILDING_ARMORY, Default Specialization, , , Value 1658.0
44, 9, LOC_CITY_NAME_CUMAE, , CONTRACT 839, COMPLETED, UNIT_SETTLER, NO_BUILDING, NO_DISTRICT, VALUE 832.0, Settle City Op
44, 9, LOC_CITY_NAME_CUMAE, , , BUILDING_CASTLE, Default Specialization, , , Value 965.4
44, 9, LOC_CITY_NAME_BRUNDISIUM, , , BUILDING_WATER_MILL, Build City Building, CONTRACT 842
44, 9, FAITH PURCHASE, , , UNIT_MISSIONARY, Unknown, CONTRACT 865
44, 9, LOC_CITY_NAME_LUGDUNUM, , CONTRACT 879, SUBMITTED, NO_UNIT, BUILDING_CASTLE, NO_DISTRICT, VALUE 694.0, Build City Building
44, 9, LOC_CITY_NAME_CUMAE, , CONTRACT 880, SUBMITTED, NO_UNIT, BUILDING_CASTLE, NO_DISTRICT, VALUE 594.0, Build City Building
44, 12, LOC_CITY_NAME_HATTUSA, , , PROJECT_ENHANCE_DISTRICT_CAMPUS, Default Specialization, , , Value 43.0
44, 15, LOC_CITY_NAME_VATICAN_CITY, , CONTRACT 825, COMPLETED, NO_UNIT, BUILDING_WALLS, NO_DISTRICT, VALUE 289.4, Build City Building
44, 15, LOC_CITY_NAME_VATICAN_CITY, , , UNIT_HORSEMAN, Default Specialization, , , Value 25.8
44, 17, LOC_CITY_NAME_YEREVAN, , , NO BUILDS AT ALL (maybe city was nuked?), Generic Offense
44, 17, LOC_CITY_NAME_YEREVAN, , , NO BUILDS AT ALL (maybe city was nuked?), Generic Offense
44, 21, LOC_CITY_NAME_PRESLAV, , CONTRACT 847, COMPLETED, UNIT_CROSSBOWMAN, NO_BUILDING, NO_DISTRICT, VALUE 41.9, Build City Building
44, 21, LOC_CITY_NAME_PRESLAV, , , UNIT_BUILDER, Build City Improvement, CONTRACT 869
44, 3, LOC_CITY_NAME_NIORO, 4.42, 0.64, , YIELD_FOOD: 0.1, YIELD_PRODUCTION: 0.0, YIELD_GOLD: 0.0, YIELD_SCIENCE: 0.0, YIELD_CULTURE: 0.0, YIELD_FAITH: 0.0, , 
44, 4, LOC_CITY_NAME_NURI, 6.38, 0.57, , YIELD_FOOD: 0.1, YIELD_PRODUCTION: 0.0, YIELD_GOLD: 0.0, YIELD_SCIENCE: 0.0, YIELD_CULTURE: 0.0, YIELD_FAITH: -0.1, , 
45, 5, LOC_CITY_NAME_PELLA, , , UNIT_KNIGHT, Default Specialization, , , Value 149.5
45, 5, LOC_CITY_NAME_METHONE, , , BUILDING_MONUMENT, Default Specialization, , , Value 100.5
45, 5, LOC_CITY_NAME_BUENOS_AIRES, , , UNIT_CROSSBOWMAN, Default Specialization, , , Value 40.3
45, 5, FAITH PURCHASE, , , UNIT_MISSIONARY, Unknown, CONTRACT 872
45, 5, LOC_CITY_NAME_PELLA, , CONTRACT 884, SUBMITTED, NO_UNIT, NO_BUILDING, DISTRICT_ENCAMPMENT, VALUE 1640.0, Build City District
45, 6, PURCHASE, , , BUILDING_WATER_MILL, Build City Building, CONTRACT 852
45, 6, LOC_CITY_NAME_RIO_DE_JANEIRO, , CONTRACT 851, IN PROGRESS, UNIT_SETTLER, NO_BUILDING, NO_DISTRICT, VALUE 674.0, Settle City Op
45, 6, LOC_CITY_NAME_RIO_DE_JANEIRO, , CONTRACT 854, COMPLETED, UNIT_BUILDER, NO_BUILDING, NO_DISTRICT, VALUE 423.0, Build City Improvement
45, 6, LOC_CITY_NAME_RIO_DE_JANEIRO, , , PROJECT_ENHANCE_DISTRICT_COMMERCIAL_HUB, Default Specialization, , , Value 103.0
45, 6, LOC_CITY_NAME_FORTALEZA, , CONTRACT 854, COMPLETED, UNIT_BUILDER, NO_BUILDING, NO_DISTRICT, VALUE 423.0, Build City Improvement
45, 6, LOC_CITY_NAME_FORTALEZA, , , UNIT_CROSSBOWMAN, Default Specialization, , , Value 26.8
45, 6, LOC_CITY_NAME_CURITIBA, , CONTRACT 831, COMPLETED, NO_UNIT, NO_BUILDING, DISTRICT_THEATER, VALUE 1807.3, Build City District
45, 6, LOC_CITY_NAME_CURITIBA, , CONTRACT 851, IN PROGRESS, UNIT_SETTLER, NO_BUILDING, NO_DISTRICT, VALUE 674.0, Settle City Op
45, 6, LOC_CITY_NAME_CURITIBA, , CONTRACT 854, COMPLETED, UNIT_BUILDER, NO_BUILDING, NO_DISTRICT, VALUE 423.0, Build City Improvement
45, 6, LOC_CITY_NAME_CURITIBA, , , UNIT_BUILDER, Build City Improvement, CONTRACT 876
45, 6, LOC_CITY_NAME_SALVADOR, , CONTRACT 851, IN PROGRESS, UNIT_SETTLER, NO_BUILDING, NO_DISTRICT, VALUE 674.0, Settle City Op
45, 6, LOC_CITY_NAME_SALVADOR, , CONTRACT 854, COMPLETED, UNIT_BUILDER, NO_BUILDING, NO_DISTRICT, VALUE 423.0, Build City Improvement
45, 6, LOC_CITY_NAME_SALVADOR, , CONTRACT 876, IN PROGRESS, UNIT_BUILDER, NO_BUILDING, NO_DISTRICT, VALUE 502.0, Build City Improvement
45, 6, LOC_CITY_NAME_SALVADOR, , , UNIT_BUILDER, Build City Improvement, CONTRACT 874
45, 6, LOC_CITY_NAME_JERUSALEM, , CONTRACT 851, IN PROGRESS, UNIT_SETTLER, NO_BUILDING, NO_DISTRICT, VALUE 674.0, Settle City Op
45, 6, LOC_CITY_NAME_JERUSALEM, , CONTRACT 854, COMPLETED, UNIT_BUILDER, NO_BUILDING, NO_DISTRICT, VALUE 423.0, Build City Improvement
45, 6, LOC_CITY_NAME_JERUSALEM, , CONTRACT 874, IN PROGRESS, UNIT_BUILDER, NO_BUILDING, NO_DISTRICT, VALUE 293.0, Build City Improvement
45, 6, LOC_CITY_NAME_JERUSALEM, , CONTRACT 876, IN PROGRESS, UNIT_BUILDER, NO_BUILDING, NO_DISTRICT, VALUE 502.0, Build City Improvement
45, 6, LOC_CITY_NAME_JERUSALEM, , , UNIT_CROSSBOWMAN, Default Specialization, , , Value 24.1
45, 6, FAITH PURCHASE, , , UNIT_APOSTLE, Unknown, CONTRACT 877
45, 6, LOC_CITY_NAME_SALVADOR, , CONTRACT 885, SUBMITTED, NO_UNIT, NO_BUILDING, DISTRICT_HOLY_SITE, VALUE 3413.0, Build City District
45, 7, LOC_CITY_NAME_COLOGNE, , CONTRACT 836, COMPLETED, NO_UNIT, NO_BUILDING, DISTRICT_CAMPUS, VALUE 1176.0, Build City District
45, 7, LOC_CITY_NAME_COLOGNE, , , BUILDING_LIBRARY, Default Specialization, , , Value 463.9
45, 7, LOC_CITY_NAME_MAINZ, , , UNIT_SPY, Default Specialization, , , Value 330.6
45, 7, LOC_CITY_NAME_AACHEN, , CONTRACT 888, SUBMITTED, UNIT_SETTLER, NO_BUILDING, NO_DISTRICT, VALUE 885.0, Settle City Op
45, 7, LOC_CITY_NAME_MAGDEBURG, , CONTRACT 888, SUBMITTED, UNIT_SETTLER, NO_BUILDING, NO_DISTRICT, VALUE 885.0, Settle City Op
45, 7, LOC_CITY_NAME_COLOGNE, , CONTRACT 888, SUBMITTED, UNIT_SETTLER, NO_BUILDING, NO_DISTRICT, VALUE 885.0, Settle City Op
45, 7, LOC_CITY_NAME_DORTMUND, , CONTRACT 888, SUBMITTED, UNIT_SETTLER, NO_BUILDING, NO_DISTRICT, VALUE 885.0, Settle City Op
45, 7, LOC_CITY_NAME_HEIDELBERG, , CONTRACT 888, SUBMITTED, UNIT_SETTLER, NO_BUILDING, NO_DISTRICT, VALUE 885.0, Settle City Op
45, 7, LOC_CITY_NAME_AACHEN, , CONTRACT 889, SUBMITTED, UNIT_BUILDER, NO_BUILDING, NO_DISTRICT, VALUE 229.0, Build City Improvement
45, 7, LOC_CITY_NAME_MAGDEBURG, , CONTRACT 889, SUBMITTED, UNIT_BUILDER, NO_BUILDING, NO_DISTRICT, VALUE 229.0, Build City Improvement
45, 7, LOC_CITY_NAME_COLOGNE, , CONTRACT 889, SUBMITTED, UNIT_BUILDER, NO_BUILDING, NO_DISTRICT, VALUE 229.0, Build City Improvement
45, 7, LOC_CITY_NAME_DORTMUND, , CONTRACT 889, SUBMITTED, UNIT_BUILDER, NO_BUILDING, NO_DISTRICT, VALUE 229.0, Build City Improvement
45, 7, LOC_CITY_NAME_HEIDELBERG, , CONTRACT 889, SUBMITTED, UNIT_BUILDER, NO_BUILDING, NO_DISTRICT, VALUE 229.0, Build City Improvement
45, 7, LOC_CITY_NAME_MAINZ, , CONTRACT 889, SUBMITTED, UNIT_BUILDER, NO_BUILDING, NO_DISTRICT, VALUE 229.0, Build City Improvement
45, 7, LOC_CITY_NAME_AACHEN, , CONTRACT 890, SUBMITTED, UNIT_BUILDER, NO_BUILDING, NO_DISTRICT, VALUE 435.0, Build City Improvement
45, 7, LOC_CITY_NAME_MAGDEBURG, , CONTRACT 890, SUBMITTED, UNIT_BUILDER, NO_BUILDING, NO_DISTRICT, VALUE 435.0, Build City Improvement
45, 7, LOC_CITY_NAME_COLOGNE, , CONTRACT 890, SUBMITTED, UNIT_BUILDER, NO_BUILDING, NO_DISTRICT, VALUE 435.0, Build City Improvement
45, 7, LOC_CITY_NAME_DORTMUND, , CONTRACT 890, SUBMITTED, UNIT_BUILDER, NO_BUILDING, NO_DISTRICT, VALUE 435.0, Build City Improvement
45, 7, LOC_CITY_NAME_HEIDELBERG, , CONTRACT 890, SUBMITTED, UNIT_BUILDER, NO_BUILDING, NO_DISTRICT, VALUE 435.0, Build City Improvement
45, 7, LOC_CITY_NAME_MAINZ, , CONTRACT 890, SUBMITTED, UNIT_BUILDER, NO_BUILDING, NO_DISTRICT, VALUE 435.0, Build City Improvement
45, 7, LOC_CITY_NAME_MAINZ, , CONTRACT 891, SUBMITTED, NO_UNIT, BUILDING_WALLS, NO_DISTRICT, VALUE 201.0, Build City Building
45, 7, LOC_CITY_NAME_MAINZ, , CONTRACT 892, SUBMITTED, NO_UNIT, NO_BUILDING, DISTRICT_THEATER, VALUE 1414.0, Build City District
45, 8, LOC_CITY_HA_NOI, , , BUILDING_ARMORY, Default Specialization, , , Value 1156.3
45, 8, LOC_CITY_QUANG_TRI, , , DISTRICT_THEATER, Build City District, CONTRACT 858
45, 8, LOC_CITY_HOA_LU, , , BUILDING_GRANARY, Default Specialization, , , Value 101.2
45, 8, LOC_CITY_DONG_HOI, , CONTRACT 820, COMPLETED, NO_UNIT, BUILDING_OLD_GOD_OBELISK, NO_DISTRICT, VALUE 318.7, Build City Building
45, 8, LOC_CITY_DONG_HOI, , , BUILDING_SHRINE, Default Specialization, , , Value 2120.2
45, 8, LOC_CITY_QUANG_TRI, , CONTRACT 894, SUBMITTED, NO_UNIT, BUILDING_ARMORY, NO_DISTRICT, VALUE 0.0, Build Trigger Building
45, 8, LOC_CITY_DONG_HOI, , CONTRACT 895, SUBMITTED, NO_UNIT, NO_BUILDING, DISTRICT_THANH, VALUE 1113.0, Build City District
45, 9, LOC_CITY_NAME_ROME, , CONTRACT 863, COMPLETED, NO_UNIT, NO_BUILDING, DISTRICT_THEATER, VALUE 1054.7, Build City District
45, 9, LOC_CITY_NAME_ROME, , , BUILDING_AMPHITHEATER, Default Specialization, , , Value 1458.7
45, 9, LOC_CITY_NAME_ARRETIUM, , , PROJECT_ENHANCE_DISTRICT_CAMPUS, Default Specialization, , , Value 92.4
45, 9, LOC_CITY_NAME_ARPINUM, , , BUILDING_CASTLE, Default Specialization, , , Value 1086.1
45, 9, LOC_CITY_NAME_LUGDUNUM, , , DISTRICT_HOLY_SITE, Build City District, CONTRACT 861
45, 9, LOC_CITY_NAME_CUMAE, , CONTRACT 880, ACCEPTED, NO_UNIT, BUILDING_CASTLE, NO_DISTRICT, VALUE 594.0, Build City Building
45, 9, LOC_CITY_NAME_CUMAE, , , UNIT_KNIGHT, Default Specialization, , , Value 73.9
45, 9, LOC_CITY_NAME_ROME, , CONTRACT 899, SUBMITTED, UNIT_MILITARY_ENGINEER, NO_BUILDING, NO_DISTRICT, VALUE 274.0, Build City Improvement
45, 9, LOC_CITY_NAME_ARPINUM, , CONTRACT 899, SUBMITTED, UNIT_MILITARY_ENGINEER, NO_BUILDING, NO_DISTRICT, VALUE 274.0, Build City Improvement
45, 9, LOC_CITY_NAME_ROME, , CONTRACT 900, SUBMITTED, UNIT_KNIGHT, NO_BUILDING, NO_DISTRICT, VALUE 79.0, Build Trigger Unit
45, 9, LOC_CITY_NAME_ARRETIUM, , CONTRACT 900, SUBMITTED, UNIT_KNIGHT, NO_BUILDING, NO_DISTRICT, VALUE 79.0, Build Trigger Unit
45, 9, LOC_CITY_NAME_ARPINUM, , CONTRACT 900, SUBMITTED, UNIT_KNIGHT, NO_BUILDING, NO_DISTRICT, VALUE 79.0, Build Trigger Unit
45, 9, LOC_CITY_NAME_LUGDUNUM, , CONTRACT 900, SUBMITTED, UNIT_KNIGHT, NO_BUILDING, NO_DISTRICT, VALUE 79.0, Build Trigger Unit
45, 9, LOC_CITY_NAME_CUMAE, , CONTRACT 900, SUBMITTED, UNIT_KNIGHT, NO_BUILDING, NO_DISTRICT, VALUE 79.0, Build Trigger Unit
45, 9, LOC_CITY_NAME_BRUNDISIUM, , CONTRACT 900, SUBMITTED, UNIT_KNIGHT, NO_BUILDING, NO_DISTRICT, VALUE 79.0, Build Trigger Unit
45, 10, LOC_CITY_NAME_BABYLON, , CONTRACT 844, ACCEPTED, NO_UNIT, BUILDING_WALLS, NO_DISTRICT, VALUE 49.0, Build City Building
45, 10, LOC_CITY_NAME_BABYLON, , , UNIT_CROSSBOWMAN, Default Specialization, , , Value 37.0
45, 14, LOC_CITY_NAME_LISBON, , CONTRACT 804, COMPLETED, NO_UNIT, BUILDING_WALLS, NO_DISTRICT, VALUE 744.2, Build City Building
45, 14, LOC_CITY_NAME_LISBON, , , BUILDING_MARKET, Default Specialization, , , Value 53.2
45, 15, LOC_CITY_NAME_VATICAN_CITY, , CONTRACT 903, SUBMITTED, UNIT_HORSEMAN, NO_BUILDING, NO_DISTRICT, VALUE 25.0, Build City Building
45, 16, LOC_CITY_NAME_VILNIUS, , , DISTRICT_THEATER, Build City District, CONTRACT 846
45, 17, LOC_CITY_NAME_YEREVAN, , , UNIT_CROSSBOWMAN, Default Specialization, , , Value 48.0
45, 21, LOC_CITY_NAME_PRESLAV, , CONTRACT 905, SUBMITTED, UNIT_CROSSBOWMAN, NO_BUILDING, NO_DISTRICT, VALUE 20.0, Build City Building
45, 3, LOC_CITY_NAME_NTERET, 5.47, 0.00, , YIELD_FOOD: 0.1, YIELD_PRODUCTION: 0.0, YIELD_GOLD: 0.0, YIELD_SCIENCE: 0.0, YIELD_CULTURE: -0.1, YIELD_FAITH: 0.0, , 
46, 5, LOC_CITY_NAME_PELLA, , , DISTRICT_ENCAMPMENT, Build City District, CONTRACT 884
46, 5, LOC_CITY_NAME_ALEXANDRIA_LATMUS, , , BUILDING_CASTLE, Default Specialization, , , Value 1086.1
46, 5, LOC_CITY_NAME_FEZ, , , BUILDING_CASTLE, Default Specialization, , , Value 965.4
46, 5, LOC_CITY_NAME_METHONE, , , BUILDING_CASTLE, Default Specialization, , , Value 768.4
46, 5, LOC_CITY_NAME_BUENOS_AIRES, , CONTRACT 906, SUBMITTED, NO_UNIT, BUILDING_CASTLE, NO_DISTRICT, VALUE 655.0, Build City Building
46, 5, LOC_CITY_NAME_FEZ, , CONTRACT 907, SUBMITTED, NO_UNIT, BUILDING_CASTLE, NO_DISTRICT, VALUE 768.0, Build City Building
46, 5, LOC_CITY_NAME_METHONE, , CONTRACT 908, SUBMITTED, NO_UNIT, BUILDING_CASTLE, NO_DISTRICT, VALUE 546.0, Build City Building
46, 5, LOC_CITY_NAME_CHALKIDIKI, , CONTRACT 909, SUBMITTED, NO_UNIT, NO_BUILDING, DISTRICT_ENTERTAINMENT_COMPLEX, VALUE 967.0, Build City District
46, 5, LOC_CITY_NAME_ALEXANDRIA_TROAS, , CONTRACT 910, SUBMITTED, NO_UNIT, BUILDING_CASTLE, NO_DISTRICT, VALUE 749.0, Build City Building
46, 6, LOC_CITY_NAME_SAO_PAULO, , CONTRACT 851, COMPLETED, UNIT_SETTLER, NO_BUILDING, NO_DISTRICT, VALUE 674.0, Settle City Op
46, 6, LOC_CITY_NAME_SAO_PAULO, , CONTRACT 874, COMPLETED, UNIT_BUILDER, NO_BUILDING, NO_DISTRICT, VALUE 293.0, Build City Improvement
46, 6, LOC_CITY_NAME_SAO_PAULO, , CONTRACT 876, COMPLETED, UNIT_BUILDER, NO_BUILDING, NO_DISTRICT, VALUE 502.0, Build City Improvement
46, 6, LOC_CITY_NAME_SAO_PAULO, , , DISTRICT_THEATER, Build City District, CONTRACT 875
46, 6, LOC_CITY_NAME_CURITIBA, , CONTRACT 874, COMPLETED, UNIT_BUILDER, NO_BUILDING, NO_DISTRICT, VALUE 293.0, Build City Improvement
46, 6, LOC_CITY_NAME_CURITIBA, , CONTRACT 876, COMPLETED, UNIT_BUILDER, NO_BUILDING, NO_DISTRICT, VALUE 502.0, Build City Improvement
46, 6, LOC_CITY_NAME_CURITIBA, , , BUILDING_AMPHITHEATER, Default Specialization, , , Value 1303.2
46, 6, LOC_CITY_NAME_SALVADOR, , CONTRACT 874, COMPLETED, UNIT_BUILDER, NO_BUILDING, NO_DISTRICT, VALUE 293.0, Build City Improvement
46, 6, LOC_CITY_NAME_SALVADOR, , , DISTRICT_HOLY_SITE, Build City District, CONTRACT 885
46, 6, FAITH PURCHASE, , , UNIT_APOSTLE, Unknown, CONTRACT 887
46, 6, LOC_CITY_NAME_RIO_DE_JANEIRO, , CONTRACT 912, SUBMITTED, NO_UNIT, BUILDING_AMPHITHEATER, NO_DISTRICT, VALUE 0.0, Build Trigger Building
46, 6, LOC_CITY_NAME_PORTO_ALEGRE, , CONTRACT 913, SUBMITTED, NO_UNIT, BUILDING_WALLS, NO_DISTRICT, VALUE 134.0, Build City Building
46, 7, LOC_CITY_NAME_AACHEN, , , UNIT_SETTLER, Settle City Op, CONTRACT 888
46, 7, LOC_CITY_NAME_COLOGNE, , CONTRACT 888, IN PROGRESS, UNIT_SETTLER, NO_BUILDING, NO_DISTRICT, VALUE 885.0, Settle City Op
46, 7, LOC_CITY_NAME_COLOGNE, , , UNIT_BUILDER, Build City Improvement, CONTRACT 890
46, 7, LOC_CITY_NAME_DORTMUND, , CONTRACT 856, COMPLETED, NO_UNIT, NO_BUILDING, DISTRICT_HOLY_SITE, VALUE 1786.4, Build City District
46, 7, LOC_CITY_NAME_DORTMUND, , CONTRACT 888, IN PROGRESS, UNIT_SETTLER, NO_BUILDING, NO_DISTRICT, VALUE 885.0, Settle City Op
46, 7, LOC_CITY_NAME_DORTMUND, , CONTRACT 890, IN PROGRESS, UNIT_BUILDER, NO_BUILDING, NO_DISTRICT, VALUE 435.0, Build City Improvement
46, 7, LOC_CITY_NAME_DORTMUND, , , BUILDING_SHRINE, Default Specialization, , , Value 2140.5
46, 7, LOC_CITY_NAME_HEIDELBERG, , CONTRACT 888, IN PROGRESS, UNIT_SETTLER, NO_BUILDING, NO_DISTRICT, VALUE 885.0, Settle City Op
46, 7, LOC_CITY_NAME_HEIDELBERG, , CONTRACT 890, IN PROGRESS, UNIT_BUILDER, NO_BUILDING, NO_DISTRICT, VALUE 435.0, Build City Improvement
46, 7, LOC_CITY_NAME_HEIDELBERG, , , BUILDING_CASTLE, Default Specialization, , , Value 1025.8
46, 7, LOC_CITY_NAME_MAINZ, , CONTRACT 890, IN PROGRESS, UNIT_BUILDER, NO_BUILDING, NO_DISTRICT, VALUE 435.0, Build City Improvement
46, 7, LOC_CITY_NAME_MAINZ, , , DISTRICT_THEATER, Build City District, CONTRACT 892
46, 7, LOC_CITY_NAME_HEIDELBERG, , CONTRACT 917, SUBMITTED, NO_UNIT, BUILDING_CASTLE, NO_DISTRICT, VALUE 440.0, Build City Building
46, 7, LOC_CITY_NAME_DORTMUND, , CONTRACT 918, SUBMITTED, NO_UNIT, BUILDING_CASTLE, NO_DISTRICT, VALUE 574.0, Build City Building
46, 7, LOC_CITY_NAME_COLOGNE, , CONTRACT 919, SUBMITTED, NO_UNIT, NO_BUILDING, DISTRICT_AQUEDUCT, VALUE 1002.0, Build City District
46, 7, LOC_CITY_NAME_AACHEN, , CONTRACT 921, SUBMITTED, NO_UNIT, BUILDING_CASTLE, NO_DISTRICT, VALUE 808.0, Build City Building
46, 8, LOC_CITY_HUE, , , UNIT_VIETNAMESE_VOI_CHIEN, Default Specialization, , , Value 133.0
46, 8, LOC_CITY_QUANG_TRI, , CONTRACT 858, COMPLETED, NO_UNIT, NO_BUILDING, DISTRICT_THEATER, VALUE 1308.4, Build City District
46, 8, LOC_CITY_QUANG_TRI, , , BUILDING_ARMORY, Build Trigger Building, CONTRACT 894
46, 8, LOC_CITY_HOI_AN, , , UNIT_VIETNAMESE_VOI_CHIEN, Default Specialization, , , Value 133.0
46, 8, LOC_CITY_HOA_LU, , , UNIT_VIETNAMESE_VOI_CHIEN, Default Specialization, , , Value 129.4
46, 8, FAITH PURCHASE, , , UNIT_MISSIONARY, Unknown, CONTRACT 896
46, 8, LOC_CITY_DONG_HOI, , CONTRACT 923, SUBMITTED, NO_UNIT, BUILDING_GRANARY, NO_DISTRICT, VALUE 151.0, Build City Building
46, 9, LOC_CITY_NAME_ROME, , , UNIT_MILITARY_ENGINEER, Build City Improvement, CONTRACT 899
46, 9, LOC_CITY_NAME_BRUNDISIUM, , CONTRACT 842, COMPLETED, NO_UNIT, BUILDING_WATER_MILL, NO_DISTRICT, VALUE 134.2, Build City Building
46, 9, LOC_CITY_NAME_BRUNDISIUM, , , UNIT_KNIGHT, Build Trigger Unit, CONTRACT 900
46, 9, FAITH PURCHASE, , , UNIT_MISSIONARY, Unknown, CONTRACT 901
46, 14, LOC_CITY_NAME_LISBON, , CONTRACT 931, SUBMITTED, UNIT_CROSSBOWMAN, NO_BUILDING, NO_DISTRICT, VALUE 79.0, Build City Building
46, 15, LOC_CITY_NAME_VATICAN_CITY, , , UNIT_HORSEMAN, Build City Building, CONTRACT 903
46, 15, LOC_CITY_NAME_VATICAN_CITY, , CONTRACT 903, IN PROGRESS, UNIT_HORSEMAN, NO_BUILDING, NO_DISTRICT, VALUE 25.0, Build City Building
46, 15, LOC_CITY_NAME_VATICAN_CITY, , , UNIT_HORSEMAN, Default Specialization, , , Value 23.7
46, 16, LOC_CITY_NAME_VILNIUS, , CONTRACT 846, CANCELLED, NO_UNIT, NO_BUILDING, DISTRICT_THEATER, VALUE 588.5, Build City District
46, 16, LOC_CITY_NAME_VILNIUS, , , UNIT_CROSSBOWMAN, Build City Building, CONTRACT 867
46, 17, LOC_CITY_NAME_YEREVAN, , , UNIT_TRADER, Default Specialization, , , Value 445.8
46, 20, LOC_CITY_NAME_KUMASI, , , BUILDING_WALLS, Build City Building, CONTRACT 868
46, 21, LOC_CITY_NAME_PRESLAV, , CONTRACT 869, COMPLETED, UNIT_BUILDER, NO_BUILDING, NO_DISTRICT, VALUE 211.0, Build City Improvement
46, 21, LOC_CITY_NAME_PRESLAV, , , UNIT_CROSSBOWMAN, Build City Building, CONTRACT 905
46, 3, LOC_CITY_NAME_JENNE, 5.28, 0.64, , YIELD_FOOD: 0.1, YIELD_PRODUCTION: 0.0, YIELD_GOLD: 0.0, YIELD_SCIENCE: 0.0, YIELD_CULTURE: -0.1, YIELD_FAITH: 0.0, , 
47, 5, LOC_CITY_NAME_PELLA, , CONTRACT 884, COMPLETED, NO_UNIT, NO_BUILDING, DISTRICT_ENCAMPMENT, VALUE 1640.0, Build City District
47, 5, LOC_CITY_NAME_PELLA, , , BUILDING_STABLE, Default Specialization, , , Value 1814.5
47, 5, LOC_CITY_NAME_ALEXANDRIA_TROAS, , , BUILDING_CASTLE, Build City Building, CONTRACT 910
47, 5, LOC_CITY_NAME_ALEXANDRIA_LATMUS, , , PROJECT_ENHANCE_DISTRICT_CAMPUS, Default Specialization, , , Value 92.4
47, 5, LOC_CITY_NAME_FEZ, , CONTRACT 907, ACCEPTED, NO_UNIT, BUILDING_CASTLE, NO_DISTRICT, VALUE 768.0, Build City Building
47, 5, LOC_CITY_NAME_FEZ, , , UNIT_KNIGHT, Default Specialization, , , Value 61.2
47, 5, LOC_CITY_NAME_BUENOS_AIRES, , , BUILDING_CASTLE, Build City Building, CONTRACT 906
47, 5, FAITH PURCHASE, , , UNIT_MISSIONARY, Unknown, CONTRACT 911
47, 5, LOC_CITY_NAME_ALEXANDRIA_LATMUS, , CONTRACT 932, SUBMITTED, NO_UNIT, NO_BUILDING, DISTRICT_ENCAMPMENT, VALUE 1245.0, Build City District
47, 5, LOC_CITY_NAME_PELLA, , CONTRACT 933, SUBMITTED, NO_UNIT, BUILDING_STABLE, NO_DISTRICT, VALUE 1814.0, Build City Building
47, 6, LOC_CITY_NAME_RIO_DE_JANEIRO, , CONTRACT 876, CANCELLED, UNIT_BUILDER, NO_BUILDING, NO_DISTRICT, VALUE 502.0, Build City Improvement
47, 6, LOC_CITY_NAME_RIO_DE_JANEIRO, , , PROJECT_ENHANCE_DISTRICT_COMMERCIAL_HUB, Default Specialization, , , Value 110.3
47, 6, LOC_CITY_NAME_SAO_PAULO, , CONTRACT 875, COMPLETED, NO_UNIT, NO_BUILDING, DISTRICT_THEATER, VALUE 1330.2, Build City District
47, 6, LOC_CITY_NAME_SAO_PAULO, , , BUILDING_AMPHITHEATER, Default Specialization, , , Value 1589.5
47, 6, LOC_CITY_NAME_FORTALEZA, , , UNIT_CROSSBOWMAN, Default Specialization, , , Value 25.4
47, 6, LOC_CITY_NAME_PORTO_ALEGRE, , CONTRACT 853, COMPLETED, NO_UNIT, NO_BUILDING, DISTRICT_CAMPUS, VALUE 1463.3, Build City District
47, 6, LOC_CITY_NAME_PORTO_ALEGRE, , CONTRACT 876, CANCELLED, UNIT_BUILDER, NO_BUILDING, NO_DISTRICT, VALUE 502.0, Build City Improvement
47, 6, LOC_CITY_NAME_PORTO_ALEGRE, , , BUILDING_WALLS, Build City Building, CONTRACT 913
47, 6, FAITH PURCHASE, , , UNIT_APOSTLE, Unknown, CONTRACT 916
47, 6, LOC_CITY_NAME_JERUSALEM, , CONTRACT 934, SUBMITTED, NO_UNIT, NO_BUILDING, DISTRICT_HOLY_SITE, VALUE 1937.0, Build City District
47, 6, LOC_CITY_NAME_RIO_DE_JANEIRO, , CONTRACT 936, SUBMITTED, UNIT_BUILDER, NO_BUILDING, NO_DISTRICT, VALUE 160.0, Build City Improvement
47, 6, LOC_CITY_NAME_SAO_PAULO, , CONTRACT 936, SUBMITTED, UNIT_BUILDER, NO_BUILDING, NO_DISTRICT, VALUE 160.0, Build City Improvement
47, 6, LOC_CITY_NAME_FORTALEZA, , CONTRACT 936, SUBMITTED, UNIT_BUILDER, NO_BUILDING, NO_DISTRICT, VALUE 160.0, Build City Improvement
47, 6, LOC_CITY_NAME_CURITIBA, , CONTRACT 936, SUBMITTED, UNIT_BUILDER, NO_BUILDING, NO_DISTRICT, VALUE 160.0, Build City Improvement
47, 6, LOC_CITY_NAME_SALVADOR, , CONTRACT 936, SUBMITTED, UNIT_BUILDER, NO_BUILDING, NO_DISTRICT, VALUE 160.0, Build City Improvement
47, 6, LOC_CITY_NAME_JERUSALEM, , CONTRACT 936, SUBMITTED, UNIT_BUILDER, NO_BUILDING, NO_DISTRICT, VALUE 160.0, Build City Improvement
47, 6, LOC_CITY_NAME_PORTO_ALEGRE, , CONTRACT 936, SUBMITTED, UNIT_BUILDER, NO_BUILDING, NO_DISTRICT, VALUE 160.0, Build City Improvement
47, 7, LOC_CITY_NAME_AACHEN, , CONTRACT 888, COMPLETED, UNIT_SETTLER, NO_BUILDING, NO_DISTRICT, VALUE 885.0, Settle City Op
47, 7, LOC_CITY_NAME_AACHEN, , CONTRACT 890, COMPLETED, UNIT_BUILDER, NO_BUILDING, NO_DISTRICT, VALUE 435.0, Build City Improvement
47, 7, LOC_CITY_NAME_AACHEN, , , BUILDING_CASTLE, Build City Building, CONTRACT 921
47, 7, LOC_CITY_NAME_MAGDEBURG, , CONTRACT 888, COMPLETED, UNIT_SETTLER, NO_BUILDING, NO_DISTRICT, VALUE 885.0, Settle City Op
47, 7, LOC_CITY_NAME_MAGDEBURG, , CONTRACT 890, COMPLETED, UNIT_BUILDER, NO_BUILDING, NO_DISTRICT, VALUE 435.0, Build City Improvement
47, 7, LOC_CITY_NAME_MAGDEBURG, , , BUILDING_MUSEUM_ARTIFACT, Default Specialization, , , Value 1567.3
47, 7, LOC_CITY_NAME_COLOGNE, , CONTRACT 890, COMPLETED, UNIT_BUILDER, NO_BUILDING, NO_DISTRICT, VALUE 435.0, Build City Improvement
47, 7, LOC_CITY_NAME_COLOGNE, , , DISTRICT_AQUEDUCT, Build City District, CONTRACT 919
47, 7, LOC_CITY_NAME_DORTMUND, , , BUILDING_CASTLE, Build City Building, CONTRACT 918
47, 7, LOC_CITY_NAME_HEIDELBERG, , CONTRACT 917, ACCEPTED, NO_UNIT, BUILDING_CASTLE, NO_DISTRICT, VALUE 440.0, Build City Building
47, 7, LOC_CITY_NAME_HEIDELBERG, , , UNIT_SPY, Default Specialization, , , Value 365.9
47, 7, LOC_CITY_NAME_AACHEN, , CONTRACT 939, SUBMITTED, UNIT_BUILDER, NO_BUILDING, NO_DISTRICT, VALUE 414.0, Build City Improvement
47, 7, LOC_CITY_NAME_MAGDEBURG, , CONTRACT 939, SUBMITTED, UNIT_BUILDER, NO_BUILDING, NO_DISTRICT, VALUE 414.0, Build City Improvement
47, 7, LOC_CITY_NAME_COLOGNE, , CONTRACT 939, SUBMITTED, UNIT_BUILDER, NO_BUILDING, NO_DISTRICT, VALUE 414.0, Build City Improvement
47, 7, LOC_CITY_NAME_DORTMUND, , CONTRACT 939, SUBMITTED, UNIT_BUILDER, NO_BUILDING, NO_DISTRICT, VALUE 414.0, Build City Improvement
47, 7, LOC_CITY_NAME_HEIDELBERG, , CONTRACT 939, SUBMITTED, UNIT_BUILDER, NO_BUILDING, NO_DISTRICT, VALUE 414.0, Build City Improvement
47, 7, LOC_CITY_NAME_MAINZ, , CONTRACT 939, SUBMITTED, UNIT_BUILDER, NO_BUILDING, NO_DISTRICT, VALUE 414.0, Build City Improvement
47, 7, LOC_CITY_NAME_DORTMUND, , CONTRACT 940, SUBMITTED, NO_UNIT, NO_BUILDING, DISTRICT_THEATER, VALUE 1888.0, Build City District
47, 7, LOC_CITY_NAME_MAGDEBURG, , CONTRACT 941, SUBMITTED, NO_UNIT, BUILDING_MUSEUM_ARTIFACT, NO_DISTRICT, VALUE 1078.0, Build City Building
47, 7, LOC_CITY_NAME_AACHEN, , CONTRACT 942, SUBMITTED, UNIT_BUILDER, NO_BUILDING, NO_DISTRICT, VALUE 0.0, Build Trigger Building
47, 7, LOC_CITY_NAME_MAGDEBURG, , CONTRACT 942, SUBMITTED, UNIT_BUILDER, NO_BUILDING, NO_DISTRICT, VALUE 0.0, Build Trigger Building
47, 7, LOC_CITY_NAME_COLOGNE, , CONTRACT 942, SUBMITTED, UNIT_BUILDER, NO_BUILDING, NO_DISTRICT, VALUE 0.0, Build Trigger Building
47, 7, LOC_CITY_NAME_DORTMUND, , CONTRACT 942, SUBMITTED, UNIT_BUILDER, NO_BUILDING, NO_DISTRICT, VALUE 0.0, Build Trigger Building
47, 7, LOC_CITY_NAME_HEIDELBERG, , CONTRACT 942, SUBMITTED, UNIT_BUILDER, NO_BUILDING, NO_DISTRICT, VALUE 0.0, Build Trigger Building
47, 7, LOC_CITY_NAME_MAINZ, , CONTRACT 942, SUBMITTED, UNIT_BUILDER, NO_BUILDING, NO_DISTRICT, VALUE 0.0, Build Trigger Building
47, 8, LOC_CITY_HA_NOI, , , UNIT_VIETNAMESE_VOI_CHIEN, Default Specialization, , , Value 129.0
47, 8, LOC_CITY_HUE, , , UNIT_VIETNAMESE_VOI_CHIEN, Default Specialization, , , Value 125.5
47, 8, LOC_CITY_QUANG_TRI, , CONTRACT 894, COMPLETED, NO_UNIT, BUILDING_ARMORY, NO_DISTRICT, VALUE 1543.3, Build Trigger Building
47, 8, LOC_CITY_QUANG_TRI, , , BUILDING_AMPHITHEATER, Default Specialization, , , Value 2417.5
47, 8, LOC_CITY_HOI_AN, , , UNIT_VIETNAMESE_VOI_CHIEN, Default Specialization, , , Value 125.5
47, 8, LOC_CITY_DONG_HOI, , , DISTRICT_THANH, Build City District, CONTRACT 895
47, 8, FAITH PURCHASE, , , UNIT_MISSIONARY, Unknown, CONTRACT 927
47, 8, LOC_CITY_HA_NOI, , CONTRACT 943, SUBMITTED, UNIT_MILITARY_ENGINEER, NO_BUILDING, NO_DISTRICT, VALUE 267.0, Build City Improvement
47, 8, LOC_CITY_QUANG_TRI, , CONTRACT 943, SUBMITTED, UNIT_MILITARY_ENGINEER, NO_BUILDING, NO_DISTRICT, VALUE 267.0, Build City Improvement
47, 8, LOC_CITY_HA_NOI, , CONTRACT 947, SUBMITTED, UNIT_MILITARY_ENGINEER, NO_BUILDING, NO_DISTRICT, VALUE 273.0, Build City Improvement
47, 8, LOC_CITY_QUANG_TRI, , CONTRACT 947, SUBMITTED, UNIT_MILITARY_ENGINEER, NO_BUILDING, NO_DISTRICT, VALUE 273.0, Build City Improvement
47, 8, LOC_CITY_HA_NOI, , CONTRACT 949, SUBMITTED, UNIT_MILITARY_ENGINEER, NO_BUILDING, NO_DISTRICT, VALUE 267.0, Build City Improvement
47, 8, LOC_CITY_QUANG_TRI, , CONTRACT 949, SUBMITTED, UNIT_MILITARY_ENGINEER, NO_BUILDING, NO_DISTRICT, VALUE 267.0, Build City Improvement
47, 9, LOC_CITY_NAME_ROME, , CONTRACT 899, COMPLETED, UNIT_MILITARY_ENGINEER, NO_BUILDING, NO_DISTRICT, VALUE 274.0, Build City Improvement
47, 9, LOC_CITY_NAME_ROME, , CONTRACT 900, IN PROGRESS, UNIT_KNIGHT, NO_BUILDING, NO_DISTRICT, VALUE 89.4, Build Trigger Unit
47, 9, LOC_CITY_NAME_ROME, , , BUILDING_CASTLE, Default Specialization, , , Value 2775.6
47, 9, LOC_CITY_NAME_ARRETIUM, , CONTRACT 900, IN PROGRESS, UNIT_KNIGHT, NO_BUILDING, NO_DISTRICT, VALUE 89.4, Build Trigger Unit
47, 9, LOC_CITY_NAME_ARRETIUM, , , PROJECT_ENHANCE_DISTRICT_CAMPUS, Default Specialization, , , Value 98.8
47, 9, LOC_CITY_NAME_ARPINUM, , CONTRACT 899, COMPLETED, UNIT_MILITARY_ENGINEER, NO_BUILDING, NO_DISTRICT, VALUE 274.0, Build City Improvement
47, 9, LOC_CITY_NAME_ARPINUM, , CONTRACT 900, IN PROGRESS, UNIT_KNIGHT, NO_BUILDING, NO_DISTRICT, VALUE 89.4, Build Trigger Unit
47, 9, LOC_CITY_NAME_ARPINUM, , , PROJECT_ENHANCE_DISTRICT_CAMPUS, Default Specialization, , , Value 98.8
47, 9, LOC_CITY_NAME_LUGDUNUM, , CONTRACT 861, COMPLETED, NO_UNIT, NO_BUILDING, DISTRICT_HOLY_SITE, VALUE 1631.0, Build City District
47, 9, LOC_CITY_NAME_LUGDUNUM, , CONTRACT 900, IN PROGRESS, UNIT_KNIGHT, NO_BUILDING, NO_DISTRICT, VALUE 89.4, Build Trigger Unit
47, 9, LOC_CITY_NAME_LUGDUNUM, , , BUILDING_CASTLE, Build City Building, CONTRACT 879
47, 9, FAITH PURCHASE, , , UNIT_MISSIONARY, Unknown, CONTRACT 930
47, 9, LOC_CITY_NAME_BRUNDISIUM, , CONTRACT 951, SUBMITTED, NO_UNIT, BUILDING_CASTLE, NO_DISTRICT, VALUE 766.0, Build City Building
47, 15, LOC_CITY_NAME_VATICAN_CITY, , , UNIT_HORSEMAN, Default Specialization, , , Value 23.5
47, 15, LOC_CITY_NAME_VATICAN_CITY, , , UNIT_HORSEMAN, Default Specialization, , , Value 23.5
47, 1, LOC_CITY_NAME_MALGIUM, 4.09, 0.77, , YIELD_FOOD: 0.1, YIELD_PRODUCTION: 0.0, YIELD_GOLD: 0.0, YIELD_SCIENCE: -0.1, YIELD_CULTURE: 0.0, YIELD_FAITH: 0.0, , 
47, 1, LOC_CITY_NAME_DURMUTI, 5.25, 0.66, , YIELD_FOOD: 0.1, YIELD_PRODUCTION: 0.0, YIELD_GOLD: 0.0, YIELD_SCIENCE: -0.1, YIELD_CULTURE: 0.0, YIELD_FAITH: 0.0, , 
47, 1, LOC_CITY_NAME_NERIBTUM, 4.67, 1.32, , YIELD_FOOD: 0.1, YIELD_PRODUCTION: 0.0, YIELD_GOLD: 0.0, YIELD_SCIENCE: -0.1, YIELD_CULTURE: 0.0, YIELD_FAITH: 0.0, , 
48, 5, LOC_CITY_NAME_PELLA, , CONTRACT 933, ACCEPTED, NO_UNIT, BUILDING_STABLE, NO_DISTRICT, VALUE 1814.0, Build City Building
48, 5, LOC_CITY_NAME_PELLA, , , BUILDING_ARMORY, Default Specialization, , , Value 1931.6
48, 5, LOC_CITY_NAME_CHALKIDIKI, , , DISTRICT_ENTERTAINMENT_COMPLEX, Build City District, CONTRACT 909
48, 5, LOC_CITY_NAME_METHONE, , CONTRACT 908, ACCEPTED, NO_UNIT, BUILDING_CASTLE, NO_DISTRICT, VALUE 546.0, Build City Building
48, 5, LOC_CITY_NAME_METHONE, , , UNIT_COURSER, Default Specialization, , , Value 40.5
48, 5, LOC_CITY_NAME_PELLA, , CONTRACT 957, SUBMITTED, NO_UNIT, BUILDING_ARMORY, NO_DISTRICT, VALUE 0.0, Build Trigger Building
48, 6, PURCHASE, , , UNIT_BUILDER, Build City Improvement, CONTRACT 936
48, 6, LOC_CITY_NAME_SAO_PAULO, , CONTRACT 936, COMPLETED, UNIT_BUILDER, NO_BUILDING, NO_DISTRICT, VALUE 160.0, Build City Improvement
48, 6, LOC_CITY_NAME_SAO_PAULO, , , PROJECT_ENHANCE_DISTRICT_THEATER, Default Specialization, , , Value 168.8
48, 6, LOC_CITY_NAME_FORTALEZA, , CONTRACT 936, COMPLETED, UNIT_BUILDER, NO_BUILDING, NO_DISTRICT, VALUE 160.0, Build City Improvement
48, 6, LOC_CITY_NAME_FORTALEZA, , , UNIT_CROSSBOWMAN, Default Specialization, , , Value 23.8
48, 6, LOC_CITY_NAME_CURITIBA, , CONTRACT 936, COMPLETED, UNIT_BUILDER, NO_BUILDING, NO_DISTRICT, VALUE 160.0, Build City Improvement
48, 6, LOC_CITY_NAME_CURITIBA, , , PROJECT_ENHANCE_DISTRICT_THEATER, Default Specialization, , , Value 174.4
48, 6, LOC_CITY_NAME_SALVADOR, , CONTRACT 885, COMPLETED, NO_UNIT, NO_BUILDING, DISTRICT_HOLY_SITE, VALUE 3698.1, Build City District
48, 6, LOC_CITY_NAME_SALVADOR, , CONTRACT 936, COMPLETED, UNIT_BUILDER, NO_BUILDING, NO_DISTRICT, VALUE 160.0, Build City Improvement
48, 6, LOC_CITY_NAME_SALVADOR, , , BUILDING_SHRINE, Default Specialization, , , Value 3701.4
48, 6, LOC_CITY_NAME_JERUSALEM, , CONTRACT 936, COMPLETED, UNIT_BUILDER, NO_BUILDING, NO_DISTRICT, VALUE 160.0, Build City Improvement
48, 6, LOC_CITY_NAME_JERUSALEM, , , DISTRICT_HOLY_SITE, Build City District, CONTRACT 934
48, 6, LOC_CITY_NAME_PORTO_ALEGRE, , CONTRACT 913, COMPLETED, NO_UNIT, BUILDING_WALLS, NO_DISTRICT, VALUE 221.2, Build City Building
48, 6, LOC_CITY_NAME_PORTO_ALEGRE, , CONTRACT 936, COMPLETED, UNIT_BUILDER, NO_BUILDING, NO_DISTRICT, VALUE 160.0, Build City Improvement
48, 6, LOC_CITY_NAME_PORTO_ALEGRE, , , BUILDING_LIBRARY, Default Specialization, , , Value 667.3
48, 6, FAITH PURCHASE, , , UNIT_APOSTLE, Unknown, CONTRACT 938
48, 6, LOC_CITY_NAME_RIO_DE_JANEIRO, , CONTRACT 964, SUBMITTED, UNIT_BUILDER, NO_BUILDING, NO_DISTRICT, VALUE 841.0, Build City Improvement
48, 6, LOC_CITY_NAME_SAO_PAULO, , CONTRACT 964, SUBMITTED, UNIT_BUILDER, NO_BUILDING, NO_DISTRICT, VALUE 841.0, Build City Improvement
48, 6, LOC_CITY_NAME_FORTALEZA, , CONTRACT 964, SUBMITTED, UNIT_BUILDER, NO_BUILDING, NO_DISTRICT, VALUE 841.0, Build City Improvement
48, 6, LOC_CITY_NAME_CURITIBA, , CONTRACT 964, SUBMITTED, UNIT_BUILDER, NO_BUILDING, NO_DISTRICT, VALUE 841.0, Build City Improvement
48, 6, LOC_CITY_NAME_SALVADOR, , CONTRACT 964, SUBMITTED, UNIT_BUILDER, NO_BUILDING, NO_DISTRICT, VALUE 841.0, Build City Improvement
48, 6, LOC_CITY_NAME_JERUSALEM, , CONTRACT 964, SUBMITTED, UNIT_BUILDER, NO_BUILDING, NO_DISTRICT, VALUE 841.0, Build City Improvement
48, 6, LOC_CITY_NAME_PORTO_ALEGRE, , CONTRACT 964, SUBMITTED, UNIT_BUILDER, NO_BUILDING, NO_DISTRICT, VALUE 841.0, Build City Improvement
48, 7, LOC_CITY_NAME_AACHEN, , CONTRACT 878, CANCELLED, UNIT_BUILDER, NO_BUILDING, NO_DISTRICT, VALUE 240.0, Build City Improvement
48, 7, LOC_CITY_NAME_AACHEN, , CONTRACT 921, COMPLETED, NO_UNIT, BUILDING_CASTLE, NO_DISTRICT, VALUE 1508.5, Build City Building
48, 7, LOC_CITY_NAME_AACHEN, , , UNIT_BUILDER, Build City Improvement, CONTRACT 939
48, 7, LOC_CITY_NAME_COLOGNE, , CONTRACT 878, CANCELLED, UNIT_BUILDER, NO_BUILDING, NO_DISTRICT, VALUE 240.0, Build City Improvement
48, 7, LOC_CITY_NAME_COLOGNE, , CONTRACT 919, COMPLETED, NO_UNIT, NO_BUILDING, DISTRICT_AQUEDUCT, VALUE 1002.0, Build City District
48, 7, LOC_CITY_NAME_COLOGNE, , CONTRACT 939, IN PROGRESS, UNIT_BUILDER, NO_BUILDING, NO_DISTRICT, VALUE 414.0, Build City Improvement
48, 7, LOC_CITY_NAME_COLOGNE, , , BUILDING_ARMORY, Default Specialization, , , Value 2152.4
48, 7, LOC_CITY_NAME_DORTMUND, , CONTRACT 878, CANCELLED, UNIT_BUILDER, NO_BUILDING, NO_DISTRICT, VALUE 240.0, Build City Improvement
48, 7, LOC_CITY_NAME_DORTMUND, , CONTRACT 918, COMPLETED, NO_UNIT, BUILDING_CASTLE, NO_DISTRICT, VALUE 1146.4, Build City Building
48, 7, LOC_CITY_NAME_DORTMUND, , CONTRACT 939, IN PROGRESS, UNIT_BUILDER, NO_BUILDING, NO_DISTRICT, VALUE 414.0, Build City Improvement
48, 7, LOC_CITY_NAME_DORTMUND, , , DISTRICT_THEATER, Build City District, CONTRACT 940
48, 7, LOC_CITY_NAME_MAINZ, , CONTRACT 878, CANCELLED, UNIT_BUILDER, NO_BUILDING, NO_DISTRICT, VALUE 240.0, Build City Improvement
48, 7, LOC_CITY_NAME_MAINZ, , CONTRACT 939, IN PROGRESS, UNIT_BUILDER, NO_BUILDING, NO_DISTRICT, VALUE 414.0, Build City Improvement
48, 7, LOC_CITY_NAME_MAINZ, , , BUILDING_WALLS, Build City Building, CONTRACT 891
48, 7, LOC_CITY_NAME_AACHEN, , CONTRACT 967, SUBMITTED, UNIT_TREBUCHET, NO_BUILDING, NO_DISTRICT, VALUE 2493.0, Siege City Assault
48, 7, LOC_CITY_NAME_MAGDEBURG, , CONTRACT 967, SUBMITTED, UNIT_TREBUCHET, NO_BUILDING, NO_DISTRICT, VALUE 2493.0, Siege City Assault
48, 7, LOC_CITY_NAME_COLOGNE, , CONTRACT 967, SUBMITTED, UNIT_TREBUCHET, NO_BUILDING, NO_DISTRICT, VALUE 2493.0, Siege City Assault
48, 7, LOC_CITY_NAME_DORTMUND, , CONTRACT 967, SUBMITTED, UNIT_TREBUCHET, NO_BUILDING, NO_DISTRICT, VALUE 2493.0, Siege City Assault
48, 7, LOC_CITY_NAME_HEIDELBERG, , CONTRACT 967, SUBMITTED, UNIT_TREBUCHET, NO_BUILDING, NO_DISTRICT, VALUE 2493.0, Siege City Assault
48, 7, LOC_CITY_NAME_MAINZ, , CONTRACT 967, SUBMITTED, UNIT_TREBUCHET, NO_BUILDING, NO_DISTRICT, VALUE 2493.0, Siege City Assault
48, 8, LOC_CITY_HA_NOI, , , UNIT_MILITARY_ENGINEER, Build City Improvement, CONTRACT 947
48, 8, LOC_CITY_QUANG_TRI, , CONTRACT 947, IN PROGRESS, UNIT_MILITARY_ENGINEER, NO_BUILDING, NO_DISTRICT, VALUE 273.0, Build City Improvement
48, 8, LOC_CITY_QUANG_TRI, , , UNIT_MILITARY_ENGINEER, Build City Improvement, CONTRACT 943
48, 8, LOC_CITY_HOA_LU, , , UNIT_KNIGHT, Default Specialization, , , Value 87.4
48, 8, LOC_CITY_DONG_HOI, , CONTRACT 895, COMPLETED, NO_UNIT, NO_BUILDING, DISTRICT_THANH, VALUE 2233.7, Build City District
48, 8, LOC_CITY_DONG_HOI, , , BUILDING_GRANARY, Build City Building, CONTRACT 923
48, 8, FAITH PURCHASE, , , UNIT_MISSIONARY, Unknown, CONTRACT 950
48, 8, LOC_CITY_HOA_LU, , CONTRACT 970, SUBMITTED, NO_UNIT, NO_BUILDING, DISTRICT_THANH, VALUE 2100.0, Build City District
48, 8, LOC_CITY_HA_NOI, , CONTRACT 973, SUBMITTED, UNIT_KNIGHT, NO_BUILDING, NO_DISTRICT, VALUE 87.0, Build Trigger Unit
48, 8, LOC_CITY_HUE, , CONTRACT 973, SUBMITTED, UNIT_KNIGHT, NO_BUILDING, NO_DISTRICT, VALUE 87.0, Build Trigger Unit
48, 8, LOC_CITY_QUANG_TRI, , CONTRACT 973, SUBMITTED, UNIT_KNIGHT, NO_BUILDING, NO_DISTRICT, VALUE 87.0, Build Trigger Unit
48, 8, LOC_CITY_HOI_AN, , CONTRACT 973, SUBMITTED, UNIT_KNIGHT, NO_BUILDING, NO_DISTRICT, VALUE 87.0, Build Trigger Unit
48, 8, LOC_CITY_HOA_LU, , CONTRACT 973, SUBMITTED, UNIT_KNIGHT, NO_BUILDING, NO_DISTRICT, VALUE 87.0, Build Trigger Unit
48, 8, LOC_CITY_DONG_HOI, , CONTRACT 973, SUBMITTED, UNIT_KNIGHT, NO_BUILDING, NO_DISTRICT, VALUE 87.0, Build Trigger Unit
48, 9, LOC_CITY_NAME_ROME, , , PROJECT_ENHANCE_DISTRICT_CAMPUS, Default Specialization, , , Value 101.9
48, 9, LOC_CITY_NAME_LUGDUNUM, , CONTRACT 879, COMPLETED, NO_UNIT, BUILDING_CASTLE, NO_DISTRICT, VALUE 1505.0, Build City Building
48, 9, LOC_CITY_NAME_LUGDUNUM, , , BUILDING_SHRINE, Default Specialization, , , Value 3106.2
48, 9, LOC_CITY_NAME_CUMAE, , CONTRACT 900, IN PROGRESS, UNIT_KNIGHT, NO_BUILDING, NO_DISTRICT, VALUE 89.4, Build Trigger Unit
48, 9, LOC_CITY_NAME_CUMAE, , , UNIT_MUSKETMAN, Default Specialization, , , Value 85.8
48, 9, LOC_CITY_NAME_LUGDUNUM, , CONTRACT 975, SUBMITTED, NO_UNIT, NO_BUILDING, DISTRICT_ENTERTAINMENT_COMPLEX, VALUE 1813.0, Build City District
48, 14, LOC_CITY_NAME_LISBON, Canceling current build, OLD VALUE 60.9
48, 14, LOC_CITY_NAME_LISBON, , , UNIT_CROSSBOWMAN, Build City Building, CONTRACT 931
48, 15, LOC_CITY_NAME_VATICAN_CITY, , , UNIT_HORSEMAN, Default Specialization, , , Value 23.5
48, 15, LOC_CITY_NAME_VATICAN_CITY, , , UNIT_HORSEMAN, Default Specialization, , , Value 23.5
49, 5, LOC_CITY_NAME_PELLA, , CONTRACT 957, ACCEPTED, NO_UNIT, BUILDING_ARMORY, NO_DISTRICT, VALUE 0.0, Build Trigger Building
49, 5, LOC_CITY_NAME_PELLA, , , UNIT_MUSKETMAN, Default Specialization, , , Value 136.6
49, 5, LOC_CITY_NAME_ALEXANDRIA_TROAS, , CONTRACT 910, COMPLETED, NO_UNIT, BUILDING_CASTLE, NO_DISTRICT, VALUE 1086.1, Build City Building
49, 5, LOC_CITY_NAME_ALEXANDRIA_TROAS, , , UNIT_MUSKETMAN, Default Specialization, , , Value 136.6
49, 5, LOC_CITY_NAME_CHALKIDIKI, , CONTRACT 909, COMPLETED, NO_UNIT, NO_BUILDING, DISTRICT_ENTERTAINMENT_COMPLEX, VALUE 1133.2, Build City District
49, 5, LOC_CITY_NAME_CHALKIDIKI, , , BUILDING_CASTLE, Default Specialization, , , Value 1562.9
49, 5, LOC_CITY_NAME_FEZ, , , UNIT_MUSKETMAN, Default Specialization, , , Value 136.6
49, 5, LOC_CITY_NAME_BUENOS_AIRES, , CONTRACT 906, CANCELLED, NO_UNIT, BUILDING_CASTLE, NO_DISTRICT, VALUE 965.4, Build City Building
49, 5, LOC_CITY_NAME_BUENOS_AIRES, , , UNIT_KNIGHT, Default Specialization, , , Value 49.5
49, 5, FAITH PURCHASE, , , UNIT_MISSIONARY, Unknown, CONTRACT 958
49, 5, LOC_CITY_NAME_PELLA, , CONTRACT 979, SUBMITTED, UNIT_MILITARY_ENGINEER, NO_BUILDING, NO_DISTRICT, VALUE 291.0, Build City Improvement
49, 6, LOC_CITY_NAME_RIO_DE_JANEIRO, , CONTRACT 936, CANCELLED, UNIT_BUILDER, NO_BUILDING, NO_DISTRICT, VALUE 160.0, Build City Improvement
49, 6, LOC_CITY_NAME_RIO_DE_JANEIRO, , , UNIT_BUILDER, Build City Improvement, CONTRACT 964
49, 6, LOC_CITY_NAME_SALVADOR, , CONTRACT 964, IN PROGRESS, UNIT_BUILDER, NO_BUILDING, NO_DISTRICT, VALUE 841.0, Build City Improvement
49, 6, LOC_CITY_NAME_SALVADOR, , , BUILDING_TEMPLE, Default Specialization, , , Value 5478.5
49, 6, LOC_CITY_NAME_PORTO_ALEGRE, , CONTRACT 964, IN PROGRESS, UNIT_BUILDER, NO_BUILDING, NO_DISTRICT, VALUE 841.0, Build City Improvement
49, 6, LOC_CITY_NAME_PORTO_ALEGRE, , , BUILDING_ALCHEMICAL_SOCIETY, Default Specialization, , , Value 1255.1
49, 6, FAITH PURCHASE, , , UNIT_APOSTLE, Unknown, CONTRACT 966
49, 6, LOC_CITY_NAME_PORTO_ALEGRE, , CONTRACT 980, SUBMITTED, NO_UNIT, BUILDING_ALCHEMICAL_SOCIETY, NO_DISTRICT, VALUE 1255.0, Build City Building
49, 6, LOC_CITY_NAME_SALVADOR, , CONTRACT 981, SUBMITTED, NO_UNIT, NO_BUILDING, DISTRICT_CAMPUS, VALUE 1903.0, Build City District
49, 7, LOC_CITY_NAME_AACHEN, , CONTRACT 939, COMPLETED, UNIT_BUILDER, NO_BUILDING, NO_DISTRICT, VALUE 414.0, Build City Improvement
49, 7, LOC_CITY_NAME_AACHEN, , , UNIT_TREBUCHET, Siege City Assault, CONTRACT 967
49, 7, LOC_CITY_NAME_MAGDEBURG, , CONTRACT 939, COMPLETED, UNIT_BUILDER, NO_BUILDING, NO_DISTRICT, VALUE 414.0, Build City Improvement
49, 7, LOC_CITY_NAME_MAGDEBURG, , CONTRACT 941, ACCEPTED, NO_UNIT, BUILDING_MUSEUM_ARTIFACT, NO_DISTRICT, VALUE 1078.0, Build City Building
49, 7, LOC_CITY_NAME_MAGDEBURG, , CONTRACT 967, IN PROGRESS, UNIT_TREBUCHET, NO_BUILDING, NO_DISTRICT, VALUE 2493.0, Siege City Assault
49, 7, LOC_CITY_NAME_MAGDEBURG, , , BUILDING_CASTLE, Default Specialization, , , Value 1267.1
49, 7, LOC_CITY_NAME_COLOGNE, , CONTRACT 967, IN PROGRESS, UNIT_TREBUCHET, NO_BUILDING, NO_DISTRICT, VALUE 2493.0, Siege City Assault
49, 7, LOC_CITY_NAME_COLOGNE, , , BUILDING_MUSEUM_ARTIFACT, Default Specialization, , , Value 1614.8
49, 7, LOC_CITY_NAME_HEIDELBERG, , CONTRACT 939, COMPLETED, UNIT_BUILDER, NO_BUILDING, NO_DISTRICT, VALUE 414.0, Build City Improvement
49, 7, LOC_CITY_NAME_HEIDELBERG, , CONTRACT 967, IN PROGRESS, UNIT_TREBUCHET, NO_BUILDING, NO_DISTRICT, VALUE 2493.0, Siege City Assault
49, 7, LOC_CITY_NAME_HEIDELBERG, , , UNIT_BUILDER, Build City Improvement, CONTRACT 889
49, 7, LOC_CITY_NAME_MAINZ, , CONTRACT 889, IN PROGRESS, UNIT_BUILDER, NO_BUILDING, NO_DISTRICT, VALUE 229.0, Build City Improvement
49, 7, LOC_CITY_NAME_MAINZ, , CONTRACT 891, COMPLETED, NO_UNIT, BUILDING_WALLS, NO_DISTRICT, VALUE 241.4, Build City Building
49, 7, LOC_CITY_NAME_MAINZ, , CONTRACT 967, IN PROGRESS, UNIT_TREBUCHET, NO_BUILDING, NO_DISTRICT, VALUE 2493.0, Siege City Assault
49, 7, LOC_CITY_NAME_MAINZ, , , BUILDING_AMPHITHEATER, Default Specialization, , , Value 2752.5
49, 7, LOC_CITY_NAME_MAINZ, , CONTRACT 983, SUBMITTED, NO_UNIT, NO_BUILDING, DISTRICT_CAMPUS, VALUE 1655.0, Build City District
49, 7, LOC_CITY_NAME_COLOGNE, , CONTRACT 986, SUBMITTED, NO_UNIT, NO_BUILDING, DISTRICT_HANSA, VALUE 1207.0, Build City District
49, 7, LOC_CITY_NAME_AACHEN, , CONTRACT 987, SUBMITTED, UNIT_BUILDER, NO_BUILDING, NO_DISTRICT, VALUE 524.0, Build City Improvement
49, 7, LOC_CITY_NAME_MAGDEBURG, , CONTRACT 987, SUBMITTED, UNIT_BUILDER, NO_BUILDING, NO_DISTRICT, VALUE 524.0, Build City Improvement
49, 7, LOC_CITY_NAME_COLOGNE, , CONTRACT 987, SUBMITTED, UNIT_BUILDER, NO_BUILDING, NO_DISTRICT, VALUE 524.0, Build City Improvement
49, 7, LOC_CITY_NAME_DORTMUND, , CONTRACT 987, SUBMITTED, UNIT_BUILDER, NO_BUILDING, NO_DISTRICT, VALUE 524.0, Build City Improvement
49, 7, LOC_CITY_NAME_MAINZ, , CONTRACT 987, SUBMITTED, UNIT_BUILDER, NO_BUILDING, NO_DISTRICT, VALUE 524.0, Build City Improvement
49, 7, LOC_CITY_NAME_AACHEN, , CONTRACT 989, SUBMITTED, UNIT_BUILDER, NO_BUILDING, NO_DISTRICT, VALUE 239.0, Build City Improvement
49, 7, LOC_CITY_NAME_MAGDEBURG, , CONTRACT 989, SUBMITTED, UNIT_BUILDER, NO_BUILDING, NO_DISTRICT, VALUE 239.0, Build City Improvement
49, 7, LOC_CITY_NAME_COLOGNE, , CONTRACT 989, SUBMITTED, UNIT_BUILDER, NO_BUILDING, NO_DISTRICT, VALUE 239.0, Build City Improvement
49, 7, LOC_CITY_NAME_DORTMUND, , CONTRACT 989, SUBMITTED, UNIT_BUILDER, NO_BUILDING, NO_DISTRICT, VALUE 239.0, Build City Improvement
49, 7, LOC_CITY_NAME_MAINZ, , CONTRACT 989, SUBMITTED, UNIT_BUILDER, NO_BUILDING, NO_DISTRICT, VALUE 239.0, Build City Improvement
49, 7, LOC_CITY_NAME_AACHEN, , CONTRACT 990, SUBMITTED, UNIT_KNIGHT, NO_BUILDING, NO_DISTRICT, VALUE 87.0, Build Trigger Unit
49, 7, LOC_CITY_NAME_MAGDEBURG, , CONTRACT 990, SUBMITTED, UNIT_KNIGHT, NO_BUILDING, NO_DISTRICT, VALUE 87.0, Build Trigger Unit
49, 7, LOC_CITY_NAME_COLOGNE, , CONTRACT 990, SUBMITTED, UNIT_KNIGHT, NO_BUILDING, NO_DISTRICT, VALUE 87.0, Build Trigger Unit
49, 7, LOC_CITY_NAME_DORTMUND, , CONTRACT 990, SUBMITTED, UNIT_KNIGHT, NO_BUILDING, NO_DISTRICT, VALUE 87.0, Build Trigger Unit
49, 7, LOC_CITY_NAME_HEIDELBERG, , CONTRACT 990, SUBMITTED, UNIT_KNIGHT, NO_BUILDING, NO_DISTRICT, VALUE 87.0, Build Trigger Unit
49, 7, LOC_CITY_NAME_MAINZ, , CONTRACT 990, SUBMITTED, UNIT_KNIGHT, NO_BUILDING, NO_DISTRICT, VALUE 87.0, Build Trigger Unit
49, 7, LOC_CITY_NAME_AACHEN, , CONTRACT 991, SUBMITTED, UNIT_BUILDER, NO_BUILDING, NO_DISTRICT, VALUE 432.0, Build City Improvement
49, 7, LOC_CITY_NAME_MAGDEBURG, , CONTRACT 991, SUBMITTED, UNIT_BUILDER, NO_BUILDING, NO_DISTRICT, VALUE 432.0, Build City Improvement
49, 7, LOC_CITY_NAME_COLOGNE, , CONTRACT 991, SUBMITTED, UNIT_BUILDER, NO_BUILDING, NO_DISTRICT, VALUE 432.0, Build City Improvement
49, 7, LOC_CITY_NAME_DORTMUND, , CONTRACT 991, SUBMITTED, UNIT_BUILDER, NO_BUILDING, NO_DISTRICT, VALUE 432.0, Build City Improvement
49, 7, LOC_CITY_NAME_MAINZ, , CONTRACT 991, SUBMITTED, UNIT_BUILDER, NO_BUILDING, NO_DISTRICT, VALUE 432.0, Build City Improvement
49, 8, LOC_CITY_HA_NOI, , CONTRACT 943, COMPLETED, UNIT_MILITARY_ENGINEER, NO_BUILDING, NO_DISTRICT, VALUE 267.0, Build City Improvement
49, 8, LOC_CITY_HA_NOI, , CONTRACT 947, COMPLETED, UNIT_MILITARY_ENGINEER, NO_BUILDING, NO_DISTRICT, VALUE 273.0, Build City Improvement
49, 8, LOC_CITY_HA_NOI, , , UNIT_MILITARY_ENGINEER, Build City Improvement, CONTRACT 949
49, 8, LOC_CITY_HUE, , , UNIT_KNIGHT, Build Trigger Unit, CONTRACT 973
49, 8, LOC_CITY_QUANG_TRI, , CONTRACT 943, COMPLETED, UNIT_MILITARY_ENGINEER, NO_BUILDING, NO_DISTRICT, VALUE 267.0, Build City Improvement
49, 8, LOC_CITY_QUANG_TRI, , CONTRACT 949, IN PROGRESS, UNIT_MILITARY_ENGINEER, NO_BUILDING, NO_DISTRICT, VALUE 267.0, Build City Improvement
49, 8, LOC_CITY_QUANG_TRI, , CONTRACT 973, IN PROGRESS, UNIT_KNIGHT, NO_BUILDING, NO_DISTRICT, VALUE 87.0, Build Trigger Unit
49, 8, LOC_CITY_QUANG_TRI, , , BUILDING_TEMPLE, Default Specialization, , , Value 3881.1
49, 8, LOC_CITY_HOI_AN, , CONTRACT 973, IN PROGRESS, UNIT_KNIGHT, NO_BUILDING, NO_DISTRICT, VALUE 87.0, Build Trigger Unit
49, 8, LOC_CITY_HOI_AN, , , BUILDING_TEMPLE, Default Specialization, , , Value 3881.1
49, 8, LOC_CITY_HOA_LU, , CONTRACT 973, IN PROGRESS, UNIT_KNIGHT, NO_BUILDING, NO_DISTRICT, VALUE 87.0, Build Trigger Unit
49, 8, LOC_CITY_HOA_LU, , , DISTRICT_THANH, Build City District, CONTRACT 970
49, 8, LOC_CITY_DONG_HOI, , CONTRACT 923, COMPLETED, NO_UNIT, BUILDING_GRANARY, NO_DISTRICT, VALUE 271.5, Build City Building
49, 8, LOC_CITY_DONG_HOI, , CONTRACT 973, IN PROGRESS, UNIT_KNIGHT, NO_BUILDING, NO_DISTRICT, VALUE 87.0, Build Trigger Unit
49, 8, LOC_CITY_DONG_HOI, , , BUILDING_TEMPLE, Default Specialization, , , Value 3774.9
49, 8, FAITH PURCHASE, , , UNIT_MISSIONARY, Unknown, CONTRACT 974
49, 8, LOC_CITY_CAN_THO, 3.23, 0.42, , YIELD_FOOD: 0.1, YIELD_PRODUCTION: 0.0, YIELD_GOLD: 0.0, YIELD_SCIENCE: -0.1, YIELD_CULTURE: 0.0, YIELD_FAITH: 0.0, , 
49, 8, LOC_CITY_CAN_THO, , , BUILDING_OLD_GOD_OBELISK, Default Specialization, , , Value 154.5
49, 8, LOC_CITY_DONG_HOI, , CONTRACT 992, SUBMITTED, NO_UNIT, NO_BUILDING, DISTRICT_CAMPUS, VALUE 2018.0, Build City District
49, 8, LOC_CITY_HOA_LU, , CONTRACT 993, SUBMITTED, NO_UNIT, BUILDING_TEMPLE, NO_DISTRICT, VALUE 1964.0, Build City Building
49, 8, LOC_CITY_HOI_AN, , CONTRACT 994, SUBMITTED, NO_UNIT, BUILDING_TEMPLE, NO_DISTRICT, VALUE 2786.0, Build City Building
49, 8, LOC_CITY_HA_NOI, , CONTRACT 995, SUBMITTED, NO_UNIT, BUILDING_TEMPLE, NO_DISTRICT, VALUE 0.0, Build Trigger Building
49, 8, LOC_CITY_QUANG_TRI, , CONTRACT 996, SUBMITTED, NO_UNIT, BUILDING_TEMPLE, NO_DISTRICT, VALUE 2786.0, Build City Building
49, 8, LOC_CITY_HUE, , CONTRACT 997, SUBMITTED, NO_UNIT, BUILDING_TEMPLE, NO_DISTRICT, VALUE 3157.0, Build City Building
49, 8, LOC_CITY_HA_NOI, , CONTRACT 998, SUBMITTED, NO_UNIT, BUILDING_TEMPLE, NO_DISTRICT, VALUE 3055.0, Build City Building
49, 8, LOC_CITY_HA_NOI, , CONTRACT 999, SUBMITTED, UNIT_BUILDER, NO_BUILDING, NO_DISTRICT, VALUE 493.0, Build City Improvement
49, 8, LOC_CITY_HUE, , CONTRACT 999, SUBMITTED, UNIT_BUILDER, NO_BUILDING, NO_DISTRICT, VALUE 493.0, Build City Improvement
49, 8, LOC_CITY_QUANG_TRI, , CONTRACT 999, SUBMITTED, UNIT_BUILDER, NO_BUILDING, NO_DISTRICT, VALUE 493.0, Build City Improvement
49, 8, LOC_CITY_HOI_AN, , CONTRACT 999, SUBMITTED, UNIT_BUILDER, NO_BUILDING, NO_DISTRICT, VALUE 493.0, Build City Improvement
49, 8, LOC_CITY_HOA_LU, , CONTRACT 999, SUBMITTED, UNIT_BUILDER, NO_BUILDING, NO_DISTRICT, VALUE 493.0, Build City Improvement
49, 8, LOC_CITY_DONG_HOI, , CONTRACT 999, SUBMITTED, UNIT_BUILDER, NO_BUILDING, NO_DISTRICT, VALUE 493.0, Build City Improvement
49, 8, LOC_CITY_CAN_THO, , CONTRACT 999, SUBMITTED, UNIT_BUILDER, NO_BUILDING, NO_DISTRICT, VALUE 493.0, Build City Improvement
49, 9, LOC_CITY_NAME_ARRETIUM, , , PROJECT_ENHANCE_DISTRICT_CAMPUS, Default Specialization, , , Value 139.9
49, 9, LOC_CITY_NAME_ARPINUM, , , UNIT_KNIGHT, Generic Offense
49, 9, LOC_CITY_NAME_LUGDUNUM, , , DISTRICT_ENTERTAINMENT_COMPLEX, Build City District, CONTRACT 975
49, 9, LOC_CITY_NAME_BRUNDISIUM, , CONTRACT 900, COMPLETED, UNIT_KNIGHT, NO_BUILDING, NO_DISTRICT, VALUE 89.4, Build Trigger Unit
49, 9, LOC_CITY_NAME_BRUNDISIUM, , , BUILDING_CASTLE, Build City Building, CONTRACT 951
49, 9, FAITH PURCHASE, , , UNIT_MISSIONARY, Unknown, CONTRACT 977
49, 9, LOC_CITY_NAME_ROME, , CONTRACT 1002, SUBMITTED, UNIT_BUILDER, NO_BUILDING, NO_DISTRICT, VALUE 440.0, Build City Improvement
49, 9, LOC_CITY_NAME_ARRETIUM, , CONTRACT 1002, SUBMITTED, UNIT_BUILDER, NO_BUILDING, NO_DISTRICT, VALUE 440.0, Build City Improvement
49, 9, LOC_CITY_NAME_ARPINUM, , CONTRACT 1002, SUBMITTED, UNIT_BUILDER, NO_BUILDING, NO_DISTRICT, VALUE 440.0, Build City Improvement
49, 9, LOC_CITY_NAME_LUGDUNUM, , CONTRACT 1002, SUBMITTED, UNIT_BUILDER, NO_BUILDING, NO_DISTRICT, VALUE 440.0, Build City Improvement
49, 9, LOC_CITY_NAME_CUMAE, , CONTRACT 1002, SUBMITTED, UNIT_BUILDER, NO_BUILDING, NO_DISTRICT, VALUE 440.0, Build City Improvement
49, 9, LOC_CITY_NAME_BRUNDISIUM, , CONTRACT 1002, SUBMITTED, UNIT_BUILDER, NO_BUILDING, NO_DISTRICT, VALUE 440.0, Build City Improvement
49, 9, LOC_CITY_NAME_ARRETIUM, , CONTRACT 1003, SUBMITTED, NO_UNIT, NO_BUILDING, DISTRICT_ENCAMPMENT, VALUE 2269.0, Build City District
49, 10, LOC_CITY_NAME_BABYLON, , , NO BUILDS AT ALL (maybe city was nuked?), Generic Offense
49, 10, LOC_CITY_NAME_BABYLON, , , NO BUILDS AT ALL (maybe city was nuked?), Generic Offense
49, 13, LOC_CITY_NAME_JOHANNESBURG, , , UNIT_CROSSBOWMAN, Build City Building, CONTRACT 866
49, 15, LOC_CITY_NAME_VATICAN_CITY, , , UNIT_HORSEMAN, Default Specialization, , , Value 23.5
49, 15, LOC_CITY_NAME_VATICAN_CITY, , , UNIT_HORSEMAN, Default Specialization, , , Value 23.5
49, 20, LOC_CITY_NAME_KUMASI, , CONTRACT 868, COMPLETED, NO_UNIT, BUILDING_WALLS, NO_DISTRICT, VALUE 301.7, Build City Building
49, 20, LOC_CITY_NAME_KUMASI, , , UNIT_CROSSBOWMAN, Default Specialization, , , Value 30.9
49, 21, LOC_CITY_NAME_PRESLAV, , CONTRACT 905, COMPLETED, UNIT_CROSSBOWMAN, NO_BUILDING, NO_DISTRICT, VALUE 34.9, Build City Building
49, 21, LOC_CITY_NAME_PRESLAV, , , NO BUILDS AT ALL (maybe city was nuked?), Generic Offense
49, 21, LOC_CITY_NAME_PRESLAV, , , NO BUILDS AT ALL (maybe city was nuked?), Generic Offense
49, 0, LOC_CITY_NAME_SHEDET, 4.21, 0.91, , YIELD_FOOD: 0.1, YIELD_PRODUCTION: 0.0, YIELD_GOLD: 0.0, YIELD_SCIENCE: -0.1, YIELD_CULTURE: 0.0, YIELD_FAITH: 0.0, , 
50, 5, LOC_CITY_NAME_ALEXANDRIA_LATMUS, , , DISTRICT_ENCAMPMENT, Build City District, CONTRACT 932
50, 6, LOC_CITY_NAME_RIO_DE_JANEIRO, , , PROJECT_ENHANCE_DISTRICT_COMMERCIAL_HUB, Default Specialization, , , Value 167.8
50, 6, LOC_CITY_NAME_SAO_PAULO, , , BUILDING_ALCHEMICAL_SOCIETY, Default Specialization, , , Value 1516.1
50, 6, LOC_CITY_NAME_FORTALEZA, , , UNIT_CROSSBOWMAN, Default Specialization, , , Value 22.7
50, 6, LOC_CITY_NAME_CURITIBA, , , PROJECT_ENHANCE_DISTRICT_THEATER, Default Specialization, , , Value 186.0
50, 6, LOC_CITY_NAME_SALVADOR, , , DISTRICT_CAMPUS, Build City District, CONTRACT 981
50, 6, LOC_CITY_NAME_JERUSALEM, , CONTRACT 934, COMPLETED, NO_UNIT, NO_BUILDING, DISTRICT_HOLY_SITE, VALUE 3737.7, Build City District
50, 6, LOC_CITY_NAME_JERUSALEM, , , BUILDING_SHRINE, Default Specialization, , , Value 3187.7
50, 6, FAITH PURCHASE, , , UNIT_APOSTLE, Unknown, CONTRACT 982
50, 6, LOC_CITY_NAME_PORTO_ALEGRE, , CONTRACT 1015, SUBMITTED, NO_UNIT, NO_BUILDING, DISTRICT_HOLY_SITE, VALUE 3865.0, Build City District
50, 6, LOC_CITY_NAME_FORTALEZA, , CONTRACT 1016, SUBMITTED, NO_UNIT, NO_BUILDING, DISTRICT_THEATER, VALUE 1065.0, Build City District
50, 6, LOC_CITY_NAME_RIO_DE_JANEIRO, , CONTRACT 1017, SUBMITTED, UNIT_BUILDER, NO_BUILDING, NO_DISTRICT, VALUE 551.0, Build City Improvement
50, 6, LOC_CITY_NAME_SAO_PAULO, , CONTRACT 1017, SUBMITTED, UNIT_BUILDER, NO_BUILDING, NO_DISTRICT, VALUE 551.0, Build City Improvement
50, 6, LOC_CITY_NAME_FORTALEZA, , CONTRACT 1017, SUBMITTED, UNIT_BUILDER, NO_BUILDING, NO_DISTRICT, VALUE 551.0, Build City Improvement
50, 6, LOC_CITY_NAME_CURITIBA, , CONTRACT 1017, SUBMITTED, UNIT_BUILDER, NO_BUILDING, NO_DISTRICT, VALUE 551.0, Build City Improvement
50, 6, LOC_CITY_NAME_SALVADOR, , CONTRACT 1017, SUBMITTED, UNIT_BUILDER, NO_BUILDING, NO_DISTRICT, VALUE 551.0, Build City Improvement
50, 6, LOC_CITY_NAME_JERUSALEM, , CONTRACT 1017, SUBMITTED, UNIT_BUILDER, NO_BUILDING, NO_DISTRICT, VALUE 551.0, Build City Improvement
50, 6, LOC_CITY_NAME_PORTO_ALEGRE, , CONTRACT 1017, SUBMITTED, UNIT_BUILDER, NO_BUILDING, NO_DISTRICT, VALUE 551.0, Build City Improvement
50, 6, LOC_CITY_NAME_RIO_DE_JANEIRO, , CONTRACT 1018, SUBMITTED, UNIT_BUILDER, NO_BUILDING, NO_DISTRICT, VALUE 313.0, Build City Improvement
50, 6, LOC_CITY_NAME_SAO_PAULO, , CONTRACT 1018, SUBMITTED, UNIT_BUILDER, NO_BUILDING, NO_DISTRICT, VALUE 313.0, Build City Improvement
50, 6, LOC_CITY_NAME_FORTALEZA, , CONTRACT 1018, SUBMITTED, UNIT_BUILDER, NO_BUILDING, NO_DISTRICT, VALUE 313.0, Build City Improvement
50, 6, LOC_CITY_NAME_CURITIBA, , CONTRACT 1018, SUBMITTED, UNIT_BUILDER, NO_BUILDING, NO_DISTRICT, VALUE 313.0, Build City Improvement
50, 6, LOC_CITY_NAME_SALVADOR, , CONTRACT 1018, SUBMITTED, UNIT_BUILDER, NO_BUILDING, NO_DISTRICT, VALUE 313.0, Build City Improvement
50, 6, LOC_CITY_NAME_JERUSALEM, , CONTRACT 1018, SUBMITTED, UNIT_BUILDER, NO_BUILDING, NO_DISTRICT, VALUE 313.0, Build City Improvement
50, 6, LOC_CITY_NAME_PORTO_ALEGRE, , CONTRACT 1018, SUBMITTED, UNIT_BUILDER, NO_BUILDING, NO_DISTRICT, VALUE 313.0, Build City Improvement
50, 7, LOC_CITY_NAME_AACHEN, , CONTRACT 889, CANCELLED, UNIT_BUILDER, NO_BUILDING, NO_DISTRICT, VALUE 229.0, Build City Improvement
50, 7, LOC_CITY_NAME_AACHEN, , CONTRACT 967, COMPLETED, UNIT_TREBUCHET, NO_BUILDING, NO_DISTRICT, VALUE 2493.0, Siege City Assault
50, 7, LOC_CITY_NAME_AACHEN, , , UNIT_BUILDER, Build City Improvement, CONTRACT 987
50, 7, LOC_CITY_NAME_MAGDEBURG, , CONTRACT 889, CANCELLED, UNIT_BUILDER, NO_BUILDING, NO_DISTRICT, VALUE 229.0, Build City Improvement
50, 7, LOC_CITY_NAME_MAGDEBURG, , CONTRACT 987, IN PROGRESS, UNIT_BUILDER, NO_BUILDING, NO_DISTRICT, VALUE 524.0, Build City Improvement
50, 7, LOC_CITY_NAME_MAGDEBURG, , , UNIT_BUILDER, Build City Improvement, CONTRACT 991
50, 7, LOC_CITY_NAME_DORTMUND, , CONTRACT 889, CANCELLED, UNIT_BUILDER, NO_BUILDING, NO_DISTRICT, VALUE 229.0, Build City Improvement
50, 7, LOC_CITY_NAME_DORTMUND, , CONTRACT 940, COMPLETED, NO_UNIT, NO_BUILDING, DISTRICT_THEATER, VALUE 2752.9, Build City District
50, 7, LOC_CITY_NAME_DORTMUND, , CONTRACT 967, COMPLETED, UNIT_TREBUCHET, NO_BUILDING, NO_DISTRICT, VALUE 2493.0, Siege City Assault
50, 7, LOC_CITY_NAME_DORTMUND, , CONTRACT 987, IN PROGRESS, UNIT_BUILDER, NO_BUILDING, NO_DISTRICT, VALUE 524.0, Build City Improvement
50, 7, LOC_CITY_NAME_DORTMUND, , CONTRACT 991, IN PROGRESS, UNIT_BUILDER, NO_BUILDING, NO_DISTRICT, VALUE 432.0, Build City Improvement
50, 7, LOC_CITY_NAME_DORTMUND, , , BUILDING_AMPHITHEATER, Default Specialization, , , Value 2986.9
50, 7, LOC_CITY_NAME_HEIDELBERG, , CONTRACT 889, FAILED, UNIT_BUILDER, NO_BUILDING, NO_DISTRICT, VALUE 229.0, Build City Improvement
50, 7, LOC_CITY_NAME_HEIDELBERG, , , UNIT_KNIGHT, Build Trigger Unit, CONTRACT 990
50, 7, LOC_CITY_NAME_MAINZ, , CONTRACT 1020, SUBMITTED, NO_UNIT, BUILDING_CASTLE, NO_DISTRICT, VALUE 614.0, Build City Building
50, 7, LOC_CITY_NAME_AACHEN, , CONTRACT 1021, SUBMITTED, NO_UNIT, BUILDING_MUSEUM_ART, NO_DISTRICT, VALUE 100.0, Manage Great Person
50, 7, LOC_CITY_NAME_COLOGNE, , CONTRACT 1021, SUBMITTED, NO_UNIT, BUILDING_MUSEUM_ART, NO_DISTRICT, VALUE 100.0, Manage Great Person
50, 7, LOC_CITY_NAME_DORTMUND, , CONTRACT 1021, SUBMITTED, NO_UNIT, BUILDING_MUSEUM_ART, NO_DISTRICT, VALUE 100.0, Manage Great Person
50, 7, LOC_CITY_NAME_HEIDELBERG, , CONTRACT 1021, SUBMITTED, NO_UNIT, BUILDING_MUSEUM_ART, NO_DISTRICT, VALUE 100.0, Manage Great Person
50, 7, LOC_CITY_NAME_MAINZ, , CONTRACT 1021, SUBMITTED, NO_UNIT, BUILDING_MUSEUM_ART, NO_DISTRICT, VALUE 100.0, Manage Great Person
50, 8, PURCHASE, , , BUILDING_TEMPLE, Build City Building, CONTRACT 993
50, 8, LOC_CITY_HA_NOI, , CONTRACT 949, COMPLETED, UNIT_MILITARY_ENGINEER, NO_BUILDING, NO_DISTRICT, VALUE 267.0, Build City Improvement
50, 8, LOC_CITY_HA_NOI, , CONTRACT 973, COMPLETED, UNIT_KNIGHT, NO_BUILDING, NO_DISTRICT, VALUE 87.0, Build Trigger Unit
50, 8, LOC_CITY_HA_NOI, , , BUILDING_TEMPLE, Build Trigger Building, CONTRACT 995
50, 8, LOC_CITY_HUE, , CONTRACT 973, COMPLETED, UNIT_KNIGHT, NO_BUILDING, NO_DISTRICT, VALUE 94.0, Build Trigger Unit
50, 8, LOC_CITY_HUE, , , BUILDING_TEMPLE, Build City Building, CONTRACT 997
50, 8, LOC_CITY_QUANG_TRI, , CONTRACT 996, ACCEPTED, NO_UNIT, BUILDING_TEMPLE, NO_DISTRICT, VALUE 2786.0, Build City Building
50, 8, LOC_CITY_QUANG_TRI, , , UNIT_BUILDER, Build City Improvement, CONTRACT 999
50, 8, LOC_CITY_HOI_AN, , CONTRACT 994, ACCEPTED, NO_UNIT, BUILDING_TEMPLE, NO_DISTRICT, VALUE 2786.0, Build City Building
50, 8, LOC_CITY_HOI_AN, , CONTRACT 999, IN PROGRESS, UNIT_BUILDER, NO_BUILDING, NO_DISTRICT, VALUE 493.0, Build City Improvement
50, 8, LOC_CITY_HOI_AN, , , BUILDING_MEETING_HOUSE, Default Specialization, , , Value 2189.7
50, 8, LOC_CITY_HOA_LU, , CONTRACT 970, COMPLETED, NO_UNIT, NO_BUILDING, DISTRICT_THANH, VALUE 2100.0, Build City District
50, 8, LOC_CITY_HOA_LU, , CONTRACT 993, COMPLETED, NO_UNIT, BUILDING_TEMPLE, NO_DISTRICT, VALUE 1964.0, Build City Building
50, 8, LOC_CITY_HOA_LU, , CONTRACT 999, IN PROGRESS, UNIT_BUILDER, NO_BUILDING, NO_DISTRICT, VALUE 493.0, Build City Improvement
50, 8, LOC_CITY_HOA_LU, , , BUILDING_MEETING_HOUSE, Default Specialization, , , Value 2100.6
50, 8, LOC_CITY_DONG_HOI, , CONTRACT 999, IN PROGRESS, UNIT_BUILDER, NO_BUILDING, NO_DISTRICT, VALUE 493.0, Build City Improvement
50, 8, LOC_CITY_DONG_HOI, , , DISTRICT_CAMPUS, Build City District, CONTRACT 992
50, 8, LOC_CITY_CAN_THO, , CONTRACT 999, IN PROGRESS, UNIT_BUILDER, NO_BUILDING, NO_DISTRICT, VALUE 493.0, Build City Improvement
50, 8, LOC_CITY_CAN_THO, , , BUILDING_OLD_GOD_OBELISK, Default Specialization, , , Value 322.5
50, 8, FAITH PURCHASE, , , UNIT_MISSIONARY, Unknown, CONTRACT 1000
50, 8, FAITH PURCHASE, , , UNIT_APOSTLE, Launch Inquisition, CONTRACT 792
50, 8, FAITH PURCHASE, , , UNIT_APOSTLE, Launch Inquisition, CONTRACT 893
50, 8, LOC_CITY_HA_NOI, , CONTRACT 1022, SUBMITTED, UNIT_SETTLER, NO_BUILDING, NO_DISTRICT, VALUE 1739.0, Settle City Op
50, 8, LOC_CITY_HUE, , CONTRACT 1022, SUBMITTED, UNIT_SETTLER, NO_BUILDING, NO_DISTRICT, VALUE 1739.0, Settle City Op
50, 8, LOC_CITY_QUANG_TRI, , CONTRACT 1022, SUBMITTED, UNIT_SETTLER, NO_BUILDING, NO_DISTRICT, VALUE 1739.0, Settle City Op
50, 8, LOC_CITY_HOI_AN, , CONTRACT 1022, SUBMITTED, UNIT_SETTLER, NO_BUILDING, NO_DISTRICT, VALUE 1739.0, Settle City Op
50, 8, LOC_CITY_HOA_LU, , CONTRACT 1022, SUBMITTED, UNIT_SETTLER, NO_BUILDING, NO_DISTRICT, VALUE 1739.0, Settle City Op
50, 8, LOC_CITY_DONG_HOI, , CONTRACT 1022, SUBMITTED, UNIT_SETTLER, NO_BUILDING, NO_DISTRICT, VALUE 1739.0, Settle City Op
50, 8, LOC_CITY_CAN_THO, , CONTRACT 1022, SUBMITTED, UNIT_SETTLER, NO_BUILDING, NO_DISTRICT, VALUE 1739.0, Settle City Op
50, 8, LOC_CITY_NAME_VILNIUS, 2.51, -0.39, , YIELD_FOOD: 0.1, YIELD_PRODUCTION: 0.0, YIELD_GOLD: 0.0, YIELD_SCIENCE: 0.0, YIELD_CULTURE: -0.1, YIELD_FAITH: 0.0, , 
50, 8, LOC_CITY_NAME_VILNIUS, 3.05, 0.30, , YIELD_FOOD: 0.1, YIELD_PRODUCTION: 0.0, YIELD_GOLD: 0.0, YIELD_SCIENCE: 0.0, YIELD_CULTURE: -0.1, YIELD_FAITH: 0.0, , 
50, 8, LOC_CITY_CAN_THO, , , UNIT_SETTLER, Settle City Op, CONTRACT 1022
50, 8, LOC_CITY_NAME_VILNIUS, , , BUILDING_WALLS, Default Specialization, , , Value 90.6
50, 8, LOC_CITY_HA_NOI, , CONTRACT 1024, SUBMITTED, NO_UNIT, NO_BUILDING, DISTRICT_ENTERTAINMENT_COMPLEX, VALUE 2164.0, Build City District
50, 8, LOC_CITY_DONG_HOI, , CONTRACT 1025, SUBMITTED, NO_UNIT, BUILDING_MEETING_HOUSE, NO_DISTRICT, VALUE 2100.0, Build City Building
50, 8, LOC_CITY_CAN_THO, , CONTRACT 1026, SUBMITTED, NO_UNIT, BUILDING_OLD_GOD_OBELISK, NO_DISTRICT, VALUE 322.0, Build City Building
50, 8, LOC_CITY_HA_NOI, , CONTRACT 1028, SUBMITTED, UNIT_MILITARY_ENGINEER, NO_BUILDING, NO_DISTRICT, VALUE 273.0, Build City Improvement
50, 8, LOC_CITY_QUANG_TRI, , CONTRACT 1028, SUBMITTED, UNIT_MILITARY_ENGINEER, NO_BUILDING, NO_DISTRICT, VALUE 273.0, Build City Improvement
50, 9, PURCHASE, , , UNIT_BUILDER, Build City Improvement, CONTRACT 1002
50, 9, LOC_CITY_NAME_ROME, , CONTRACT 1002, COMPLETED, UNIT_BUILDER, NO_BUILDING, NO_DISTRICT, VALUE 440.0, Build City Improvement
50, 9, LOC_CITY_NAME_ROME, , , BUILDING_TEMPLE, Default Specialization, , , Value 2674.4
50, 9, LOC_CITY_NAME_ARRETIUM, , CONTRACT 1002, COMPLETED, UNIT_BUILDER, NO_BUILDING, NO_DISTRICT, VALUE 440.0, Build City Improvement
50, 9, LOC_CITY_NAME_ARRETIUM, , , DISTRICT_ENCAMPMENT, Build City District, CONTRACT 1003
50, 9, LOC_CITY_NAME_ARPINUM, , CONTRACT 1002, COMPLETED, UNIT_BUILDER, NO_BUILDING, NO_DISTRICT, VALUE 440.0, Build City Improvement
50, 9, LOC_CITY_NAME_ARPINUM, , , UNIT_KNIGHT, Generic Offense
50, 9, LOC_CITY_NAME_LUGDUNUM, , CONTRACT 975, COMPLETED, NO_UNIT, NO_BUILDING, DISTRICT_ENTERTAINMENT_COMPLEX, VALUE 1813.0, Build City District
50, 9, LOC_CITY_NAME_LUGDUNUM, , CONTRACT 1002, COMPLETED, UNIT_BUILDER, NO_BUILDING, NO_DISTRICT, VALUE 440.0, Build City Improvement
50, 9, LOC_CITY_NAME_LUGDUNUM, , , BUILDING_TEMPLE, Default Specialization, , , Value 2614.0
50, 9, LOC_CITY_NAME_CUMAE, , CONTRACT 1002, COMPLETED, UNIT_BUILDER, NO_BUILDING, NO_DISTRICT, VALUE 440.0, Build City Improvement
50, 9, LOC_CITY_NAME_CUMAE, , , UNIT_MUSKETMAN, Default Specialization, , , Value 36.5
50, 9, FAITH PURCHASE, , , UNIT_MISSIONARY, Unknown, CONTRACT 1004
50, 9, LOC_CITY_NAME_SETIA, 4.30, 0.13, , YIELD_FOOD: 0.1, YIELD_PRODUCTION: 0.0, YIELD_GOLD: 0.0, YIELD_SCIENCE: -0.1, YIELD_CULTURE: 0.0, YIELD_FAITH: 0.0, , 
50, 9, LOC_CITY_NAME_SETIA, , , BUILDING_WALLS, Default Specialization, , , Value 193.3
50, 9, LOC_CITY_NAME_CUMAE, , CONTRACT 1030, SUBMITTED, NO_UNIT, NO_BUILDING, DISTRICT_HOLY_SITE, VALUE 3114.0, Build City District
50, 9, LOC_CITY_NAME_LUGDUNUM, , CONTRACT 1031, SUBMITTED, NO_UNIT, BUILDING_TEMPLE, NO_DISTRICT, VALUE 2384.0, Build City Building
50, 9, LOC_CITY_NAME_ROME, , CONTRACT 1032, SUBMITTED, NO_UNIT, BUILDING_TEMPLE, NO_DISTRICT, VALUE 0.0, Build Trigger Building
50, 9, LOC_CITY_NAME_ARPINUM, , CONTRACT 1034, SUBMITTED, NO_UNIT, BUILDING_TEMPLE, NO_DISTRICT, VALUE 1545.0, Build City Building
50, 9, LOC_CITY_NAME_ARRETIUM, , CONTRACT 1035, SUBMITTED, NO_UNIT, BUILDING_TEMPLE, NO_DISTRICT, VALUE 777.0, Build City Building
50, 9, LOC_CITY_NAME_ROME, , CONTRACT 1036, SUBMITTED, UNIT_BUILDER, NO_BUILDING, NO_DISTRICT, VALUE 291.0, Build City Improvement
50, 9, LOC_CITY_NAME_ARRETIUM, , CONTRACT 1036, SUBMITTED, UNIT_BUILDER, NO_BUILDING, NO_DISTRICT, VALUE 291.0, Build City Improvement
50, 9, LOC_CITY_NAME_ARPINUM, , CONTRACT 1036, SUBMITTED, UNIT_BUILDER, NO_BUILDING, NO_DISTRICT, VALUE 291.0, Build City Improvement
50, 9, LOC_CITY_NAME_LUGDUNUM, , CONTRACT 1036, SUBMITTED, UNIT_BUILDER, NO_BUILDING, NO_DISTRICT, VALUE 291.0, Build City Improvement
50, 9, LOC_CITY_NAME_CUMAE, , CONTRACT 1036, SUBMITTED, UNIT_BUILDER, NO_BUILDING, NO_DISTRICT, VALUE 291.0, Build City Improvement
50, 9, LOC_CITY_NAME_BRUNDISIUM, , CONTRACT 1036, SUBMITTED, UNIT_BUILDER, NO_BUILDING, NO_DISTRICT, VALUE 291.0, Build City Improvement
50, 9, LOC_CITY_NAME_SETIA, , CONTRACT 1036, SUBMITTED, UNIT_BUILDER, NO_BUILDING, NO_DISTRICT, VALUE 291.0, Build City Improvement
50, 9, LOC_CITY_NAME_ROME, , CONTRACT 1037, SUBMITTED, NO_UNIT, BUILDING_TEMPLE, NO_DISTRICT, VALUE 2674.0, Build City Building
50, 10, LOC_CITY_NAME_BABYLON, , , NO BUILDS AT ALL (maybe city was nuked?), Generic Offense
50, 10, LOC_CITY_NAME_BABYLON, , , NO BUILDS AT ALL (maybe city was nuked?), Generic Offense
50, 12, LOC_CITY_NAME_HATTUSA, , , UNIT_TRADER, Default Specialization, , , Value 472.1
50, 14, LOC_CITY_NAME_LISBON, , CONTRACT 1039, SUBMITTED, NO_UNIT, NO_BUILDING, DISTRICT_COMMERCIAL_HUB, VALUE 2350.0, Build City District
50, 15, LOC_CITY_NAME_VATICAN_CITY, , , UNIT_HORSEMAN, Default Specialization, , , Value 70.5
50, 15, LOC_CITY_NAME_VATICAN_CITY, , , UNIT_HORSEMAN, Default Specialization, , , Value 70.5
50, 17, LOC_CITY_NAME_YEREVAN, , , BUILDING_CASTLE, Default Specialization, , , Value 1097.7
50, 17, LOC_CITY_NAME_YEREVAN, , CONTRACT 1041, SUBMITTED, UNIT_BUILDER, NO_BUILDING, NO_DISTRICT, VALUE 394.0, Build City Improvement
50, 17, LOC_CITY_NAME_YEREVAN, , CONTRACT 1042, SUBMITTED, NO_UNIT, BUILDING_CASTLE, NO_DISTRICT, VALUE 103.0, Build City Building
50, 21, LOC_CITY_NAME_PRESLAV, , , NO BUILDS AT ALL (maybe city was nuked?), Generic Offense
50, 21, LOC_CITY_NAME_PRESLAV, , , NO BUILDS AT ALL (maybe city was nuked?), Generic Offense
51, 5, LOC_CITY_NAME_PELLA, , , UNIT_MILITARY_ENGINEER, Build City Improvement, CONTRACT 979
51, 5, LOC_CITY_NAME_ALEXANDRIA_TROAS, , , PROJECT_ENHANCE_DISTRICT_CAMPUS, Default Specialization, , , Value 134.8
51, 5, LOC_CITY_NAME_CHALKIDIKI, , , UNIT_KNIGHT, Generic Offense
51, 5, LOC_CITY_NAME_ALEXANDRIA_LATMUS, , CONTRACT 932, COMPLETED, NO_UNIT, NO_BUILDING, DISTRICT_ENCAMPMENT, VALUE 2172.1, Build City District
51, 5, LOC_CITY_NAME_ALEXANDRIA_LATMUS, , , BUILDING_STABLE, Default Specialization, , , Value 1964.3
51, 5, LOC_CITY_NAME_FEZ, , , UNIT_MUSKETMAN, Default Specialization, , , Value 52.2
51, 5, LOC_CITY_NAME_METHONE, , , UNIT_PIKE_AND_SHOT, Default Specialization, , , Value 41.8
51, 5, LOC_CITY_NAME_BUENOS_AIRES, , , UNIT_PIKE_AND_SHOT, Default Specialization, , , Value 43.0
51, 5, FAITH PURCHASE, , , UNIT_MISSIONARY, Unknown, CONTRACT 1014
51, 5, LOC_CITY_NAME_METHONE, , CONTRACT 1046, SUBMITTED, NO_UNIT, NO_BUILDING, DISTRICT_ENCAMPMENT, VALUE 1852.0, Build City District
51, 6, LOC_CITY_NAME_SAO_PAULO, , , UNIT_BUILDER, Build City Improvement, CONTRACT 1017
51, 6, LOC_CITY_NAME_FORTALEZA, , CONTRACT 1017, IN PROGRESS, UNIT_BUILDER, NO_BUILDING, NO_DISTRICT, VALUE 551.0, Build City Improvement
51, 6, LOC_CITY_NAME_FORTALEZA, , , DISTRICT_THEATER, Build City District, CONTRACT 1016
51, 6, LOC_CITY_NAME_SALVADOR, , CONTRACT 981, COMPLETED, NO_UNIT, NO_BUILDING, DISTRICT_CAMPUS, VALUE 1908.3, Build City District
51, 6, LOC_CITY_NAME_SALVADOR, , CONTRACT 1017, IN PROGRESS, UNIT_BUILDER, NO_BUILDING, NO_DISTRICT, VALUE 551.0, Build City Improvement
51, 6, LOC_CITY_NAME_SALVADOR, , , BUILDING_SYNAGOGUE, Default Specialization, , , Value 2961.3
51, 6, LOC_CITY_NAME_JERUSALEM, , CONTRACT 1017, IN PROGRESS, UNIT_BUILDER, NO_BUILDING, NO_DISTRICT, VALUE 551.0, Build City Improvement
51, 6, LOC_CITY_NAME_JERUSALEM, , , BUILDING_TEMPLE, Default Specialization, , , Value 4845.6
51, 6, LOC_CITY_NAME_PORTO_ALEGRE, , CONTRACT 980, ACCEPTED, NO_UNIT, BUILDING_ALCHEMICAL_SOCIETY, NO_DISTRICT, VALUE 1255.0, Build City Building
51, 6, LOC_CITY_NAME_PORTO_ALEGRE, , CONTRACT 1017, IN PROGRESS, UNIT_BUILDER, NO_BUILDING, NO_DISTRICT, VALUE 551.0, Build City Improvement
51, 6, LOC_CITY_NAME_PORTO_ALEGRE, , , DISTRICT_HOLY_SITE, Build City District, CONTRACT 1015
51, 6, FAITH PURCHASE, , , UNIT_APOSTLE, Unknown, CONTRACT 1019
51, 6, LOC_CITY_NAME_RIO_DE_JANEIRO, , CONTRACT 1048, SUBMITTED, UNIT_BUILDER, NO_BUILDING, NO_DISTRICT, VALUE 293.0, Build City Improvement
51, 6, LOC_CITY_NAME_FORTALEZA, , CONTRACT 1048, SUBMITTED, UNIT_BUILDER, NO_BUILDING, NO_DISTRICT, VALUE 293.0, Build City Improvement
51, 6, LOC_CITY_NAME_CURITIBA, , CONTRACT 1048, SUBMITTED, UNIT_BUILDER, NO_BUILDING, NO_DISTRICT, VALUE 293.0, Build City Improvement
51, 6, LOC_CITY_NAME_SALVADOR, , CONTRACT 1048, SUBMITTED, UNIT_BUILDER, NO_BUILDING, NO_DISTRICT, VALUE 293.0, Build City Improvement
51, 6, LOC_CITY_NAME_JERUSALEM, , CONTRACT 1048, SUBMITTED, UNIT_BUILDER, NO_BUILDING, NO_DISTRICT, VALUE 293.0, Build City Improvement
51, 6, LOC_CITY_NAME_PORTO_ALEGRE, , CONTRACT 1048, SUBMITTED, UNIT_BUILDER, NO_BUILDING, NO_DISTRICT, VALUE 293.0, Build City Improvement
51, 7, PURCHASE, , , UNIT_BUILDER, Build Trigger Building, CONTRACT 942
51, 7, LOC_CITY_NAME_AACHEN, , CONTRACT 942, COMPLETED, UNIT_BUILDER, NO_BUILDING, NO_DISTRICT, VALUE 0.2, Build Trigger Building
51, 7, LOC_CITY_NAME_AACHEN, , CONTRACT 987, FAILED, UNIT_BUILDER, NO_BUILDING, NO_DISTRICT, VALUE 524.0, Build City Improvement
51, 7, LOC_CITY_NAME_AACHEN, , CONTRACT 990, IN PROGRESS, UNIT_KNIGHT, NO_BUILDING, NO_DISTRICT, VALUE 133.9, Build Trigger Unit
51, 7, LOC_CITY_NAME_AACHEN, , CONTRACT 991, COMPLETED, UNIT_BUILDER, NO_BUILDING, NO_DISTRICT, VALUE 432.0, Build City Improvement
51, 7, LOC_CITY_NAME_AACHEN, , , PROJECT_ENHANCE_DISTRICT_CAMPUS, Default Specialization, , , Value 235.8
51, 7, LOC_CITY_NAME_MAGDEBURG, , CONTRACT 942, COMPLETED, UNIT_BUILDER, NO_BUILDING, NO_DISTRICT, VALUE 0.2, Build Trigger Building
51, 7, LOC_CITY_NAME_MAGDEBURG, , CONTRACT 990, IN PROGRESS, UNIT_KNIGHT, NO_BUILDING, NO_DISTRICT, VALUE 133.9, Build Trigger Unit
51, 7, LOC_CITY_NAME_MAGDEBURG, , CONTRACT 991, COMPLETED, UNIT_BUILDER, NO_BUILDING, NO_DISTRICT, VALUE 432.0, Build City Improvement
51, 7, LOC_CITY_NAME_MAGDEBURG, , , PROJECT_ENHANCE_DISTRICT_THEATER, Default Specialization, , , Value 281.7
51, 7, LOC_CITY_NAME_COLOGNE, , CONTRACT 942, COMPLETED, UNIT_BUILDER, NO_BUILDING, NO_DISTRICT, VALUE 0.2, Build Trigger Building
51, 7, LOC_CITY_NAME_COLOGNE, , CONTRACT 987, FAILED, UNIT_BUILDER, NO_BUILDING, NO_DISTRICT, VALUE 524.0, Build City Improvement
51, 7, LOC_CITY_NAME_COLOGNE, , CONTRACT 990, IN PROGRESS, UNIT_KNIGHT, NO_BUILDING, NO_DISTRICT, VALUE 133.9, Build Trigger Unit
51, 7, LOC_CITY_NAME_COLOGNE, , CONTRACT 991, COMPLETED, UNIT_BUILDER, NO_BUILDING, NO_DISTRICT, VALUE 432.0, Build City Improvement
51, 7, LOC_CITY_NAME_COLOGNE, , CONTRACT 1021, FAILED, NO_UNIT, BUILDING_MUSEUM_ART, NO_DISTRICT, VALUE 667.9, Manage Great Person
51, 7, LOC_CITY_NAME_COLOGNE, , , DISTRICT_HANSA, Build City District, CONTRACT 986
51, 7, LOC_CITY_NAME_DORTMUND, , CONTRACT 942, COMPLETED, UNIT_BUILDER, NO_BUILDING, NO_DISTRICT, VALUE 0.2, Build Trigger Building
51, 7, LOC_CITY_NAME_DORTMUND, , CONTRACT 990, IN PROGRESS, UNIT_KNIGHT, NO_BUILDING, NO_DISTRICT, VALUE 133.9, Build Trigger Unit
51, 7, LOC_CITY_NAME_DORTMUND, , CONTRACT 1021, FAILED, NO_UNIT, BUILDING_MUSEUM_ART, NO_DISTRICT, VALUE 667.9, Manage Great Person
51, 7, LOC_CITY_NAME_DORTMUND, , , BUILDING_MUSEUM_ARTIFACT, Default Specialization, , , Value 1456.3
51, 7, LOC_CITY_NAME_MAINZ, , CONTRACT 942, COMPLETED, UNIT_BUILDER, NO_BUILDING, NO_DISTRICT, VALUE 0.2, Build Trigger Building
51, 7, LOC_CITY_NAME_MAINZ, , CONTRACT 987, FAILED, UNIT_BUILDER, NO_BUILDING, NO_DISTRICT, VALUE 524.0, Build City Improvement
51, 7, LOC_CITY_NAME_MAINZ, , CONTRACT 990, IN PROGRESS, UNIT_KNIGHT, NO_BUILDING, NO_DISTRICT, VALUE 133.9, Build Trigger Unit
51, 7, LOC_CITY_NAME_MAINZ, , CONTRACT 991, COMPLETED, UNIT_BUILDER, NO_BUILDING, NO_DISTRICT, VALUE 432.0, Build City Improvement
51, 7, LOC_CITY_NAME_MAINZ, , CONTRACT 1021, FAILED, NO_UNIT, BUILDING_MUSEUM_ART, NO_DISTRICT, VALUE 667.9, Manage Great Person
51, 7, LOC_CITY_NAME_MAINZ, , , DISTRICT_CAMPUS, Build City District, CONTRACT 983
51, 7, LOC_CITY_NAME_BERLIN, 5.13, -0.25, , YIELD_FOOD: 0.1, YIELD_PRODUCTION: 0.0, YIELD_GOLD: 0.0, YIELD_SCIENCE: -0.1, YIELD_CULTURE: 0.0, YIELD_FAITH: 0.0, , 
51, 7, LOC_CITY_NAME_BERLIN, , , BUILDING_WALLS, Default Specialization, , , Value 107.4
51, 7, LOC_CITY_NAME_COLOGNE, , CONTRACT 1051, SUBMITTED, UNIT_MILITARY_ENGINEER, NO_BUILDING, NO_DISTRICT, VALUE 269.0, Build City Improvement
51, 8, LOC_CITY_HA_NOI, , CONTRACT 995, COMPLETED, NO_UNIT, BUILDING_TEMPLE, NO_DISTRICT, VALUE 4001.5, Build Trigger Building
51, 8, LOC_CITY_HA_NOI, , CONTRACT 998, ACCEPTED, NO_UNIT, BUILDING_TEMPLE, NO_DISTRICT, VALUE 4001.5, Build City Building
51, 8, LOC_CITY_HA_NOI, , CONTRACT 999, CANCELLED, UNIT_BUILDER, NO_BUILDING, NO_DISTRICT, VALUE 493.0, Build City Improvement
51, 8, LOC_CITY_HA_NOI, , CONTRACT 1022, IN PROGRESS, UNIT_SETTLER, NO_BUILDING, NO_DISTRICT, VALUE 1739.0, Settle City Op
51, 8, LOC_CITY_HA_NOI, , , DISTRICT_ENTERTAINMENT_COMPLEX, Build City District, CONTRACT 1024
51, 8, LOC_CITY_HUE, , CONTRACT 997, COMPLETED, NO_UNIT, BUILDING_TEMPLE, NO_DISTRICT, VALUE 3901.4, Build City Building
51, 8, LOC_CITY_HUE, , CONTRACT 999, CANCELLED, UNIT_BUILDER, NO_BUILDING, NO_DISTRICT, VALUE 493.0, Build City Improvement
51, 8, LOC_CITY_HUE, , CONTRACT 1022, IN PROGRESS, UNIT_SETTLER, NO_BUILDING, NO_DISTRICT, VALUE 1739.0, Settle City Op
51, 8, LOC_CITY_HUE, , , BUILDING_MEETING_HOUSE, Default Specialization, , , Value 2386.5
51, 8, LOC_CITY_QUANG_TRI, , CONTRACT 999, FAILED, UNIT_BUILDER, NO_BUILDING, NO_DISTRICT, VALUE 493.0, Build City Improvement
51, 8, LOC_CITY_QUANG_TRI, , CONTRACT 1022, IN PROGRESS, UNIT_SETTLER, NO_BUILDING, NO_DISTRICT, VALUE 1739.0, Settle City Op
51, 8, LOC_CITY_QUANG_TRI, , , UNIT_MILITARY_ENGINEER, Build City Improvement, CONTRACT 1028
51, 8, LOC_CITY_HOI_AN, , CONTRACT 1022, IN PROGRESS, UNIT_SETTLER, NO_BUILDING, NO_DISTRICT, VALUE 1739.0, Settle City Op
51, 8, LOC_CITY_HOI_AN, , , UNIT_MUSKETMAN, Default Specialization, , , Value 35.5
51, 8, LOC_CITY_HOA_LU, , CONTRACT 1022, IN PROGRESS, UNIT_SETTLER, NO_BUILDING, NO_DISTRICT, VALUE 1739.0, Settle City Op
51, 8, LOC_CITY_HOA_LU, , , BUILDING_BARRACKS, Default Specialization, , , Value 1626.5
51, 8, LOC_CITY_NAME_VILNIUS, , , BUILDING_GRANARY, Default Specialization, , , Value 844.7
51, 8, LOC_CITY_NAME_VILNIUS, , CONTRACT 1052, SUBMITTED, NO_UNIT, BUILDING_GRANARY, NO_DISTRICT, VALUE 844.0, Build City Building
51, 8, LOC_CITY_HOA_LU, , CONTRACT 1054, SUBMITTED, NO_UNIT, BUILDING_BARRACKS, NO_DISTRICT, VALUE 1626.0, Build City Building
51, 8, LOC_CITY_HA_NOI, , CONTRACT 1057, SUBMITTED, UNIT_BUILDER, NO_BUILDING, NO_DISTRICT, VALUE 305.0, Build City Improvement
51, 8, LOC_CITY_HUE, , CONTRACT 1057, SUBMITTED, UNIT_BUILDER, NO_BUILDING, NO_DISTRICT, VALUE 305.0, Build City Improvement
51, 8, LOC_CITY_QUANG_TRI, , CONTRACT 1057, SUBMITTED, UNIT_BUILDER, NO_BUILDING, NO_DISTRICT, VALUE 305.0, Build City Improvement
51, 8, LOC_CITY_HOI_AN, , CONTRACT 1057, SUBMITTED, UNIT_BUILDER, NO_BUILDING, NO_DISTRICT, VALUE 305.0, Build City Improvement
51, 8, LOC_CITY_HOA_LU, , CONTRACT 1057, SUBMITTED, UNIT_BUILDER, NO_BUILDING, NO_DISTRICT, VALUE 305.0, Build City Improvement
51, 8, LOC_CITY_DONG_HOI, , CONTRACT 1057, SUBMITTED, UNIT_BUILDER, NO_BUILDING, NO_DISTRICT, VALUE 305.0, Build City Improvement
51, 8, LOC_CITY_CAN_THO, , CONTRACT 1057, SUBMITTED, UNIT_BUILDER, NO_BUILDING, NO_DISTRICT, VALUE 305.0, Build City Improvement
51, 8, LOC_CITY_NAME_VILNIUS, , CONTRACT 1057, SUBMITTED, UNIT_BUILDER, NO_BUILDING, NO_DISTRICT, VALUE 305.0, Build City Improvement
51, 8, LOC_CITY_HA_NOI, , CONTRACT 1058, SUBMITTED, UNIT_BUILDER, NO_BUILDING, NO_DISTRICT, VALUE 396.0, Build City Improvement
51, 8, LOC_CITY_HUE, , CONTRACT 1058, SUBMITTED, UNIT_BUILDER, NO_BUILDING, NO_DISTRICT, VALUE 396.0, Build City Improvement
51, 8, LOC_CITY_QUANG_TRI, , CONTRACT 1058, SUBMITTED, UNIT_BUILDER, NO_BUILDING, NO_DISTRICT, VALUE 396.0, Build City Improvement
51, 8, LOC_CITY_HOI_AN, , CONTRACT 1058, SUBMITTED, UNIT_BUILDER, NO_BUILDING, NO_DISTRICT, VALUE 396.0, Build City Improvement
51, 8, LOC_CITY_HOA_LU, , CONTRACT 1058, SUBMITTED, UNIT_BUILDER, NO_BUILDING, NO_DISTRICT, VALUE 396.0, Build City Improvement
51, 8, LOC_CITY_DONG_HOI, , CONTRACT 1058, SUBMITTED, UNIT_BUILDER, NO_BUILDING, NO_DISTRICT, VALUE 396.0, Build City Improvement
51, 8, LOC_CITY_CAN_THO, , CONTRACT 1058, SUBMITTED, UNIT_BUILDER, NO_BUILDING, NO_DISTRICT, VALUE 396.0, Build City Improvement
51, 8, LOC_CITY_NAME_VILNIUS, , CONTRACT 1058, SUBMITTED, UNIT_BUILDER, NO_BUILDING, NO_DISTRICT, VALUE 396.0, Build City Improvement
51, 9, LOC_CITY_NAME_ROME, , CONTRACT 1032, ACCEPTED, NO_UNIT, BUILDING_TEMPLE, NO_DISTRICT, VALUE 0.0, Build Trigger Building
51, 9, LOC_CITY_NAME_ROME, , CONTRACT 1037, ACCEPTED, NO_UNIT, BUILDING_TEMPLE, NO_DISTRICT, VALUE 2674.0, Build City Building
51, 9, LOC_CITY_NAME_ROME, , , UNIT_BUILDER, Build City Improvement, CONTRACT 1036
51, 9, LOC_CITY_NAME_ARRETIUM, , CONTRACT 1003, COMPLETED, NO_UNIT, NO_BUILDING, DISTRICT_ENCAMPMENT, VALUE 2269.0, Build City District
51, 9, LOC_CITY_NAME_ARRETIUM, , CONTRACT 1036, IN PROGRESS, UNIT_BUILDER, NO_BUILDING, NO_DISTRICT, VALUE 291.0, Build City Improvement
51, 9, LOC_CITY_NAME_ARRETIUM, , , BUILDING_TEMPLE, Build City Building, CONTRACT 1035
51, 9, LOC_CITY_NAME_LUGDUNUM, , CONTRACT 1031, ACCEPTED, NO_UNIT, BUILDING_TEMPLE, NO_DISTRICT, VALUE 2384.0, Build City Building
51, 9, LOC_CITY_NAME_LUGDUNUM, , CONTRACT 1036, IN PROGRESS, UNIT_BUILDER, NO_BUILDING, NO_DISTRICT, VALUE 291.0, Build City Improvement
51, 9, LOC_CITY_NAME_LUGDUNUM, , , BUILDING_DAR_E_MEHR, Default Specialization, , , Value 1619.7
51, 9, LOC_CITY_NAME_CUMAE, , CONTRACT 1036, IN PROGRESS, UNIT_BUILDER, NO_BUILDING, NO_DISTRICT, VALUE 291.0, Build City Improvement
51, 9, LOC_CITY_NAME_CUMAE, , , DISTRICT_HOLY_SITE, Build City District, CONTRACT 1030
51, 9, LOC_CITY_NAME_BRUNDISIUM, , CONTRACT 951, COMPLETED, NO_UNIT, BUILDING_CASTLE, NO_DISTRICT, VALUE 1508.5, Build City Building
51, 9, LOC_CITY_NAME_BRUNDISIUM, , CONTRACT 1036, IN PROGRESS, UNIT_BUILDER, NO_BUILDING, NO_DISTRICT, VALUE 291.0, Build City Improvement
51, 9, LOC_CITY_NAME_BRUNDISIUM, , , BUILDING_GRANARY, Default Specialization, , , Value 640.6
51, 9, LOC_CITY_NAME_SETIA, , CONTRACT 1036, IN PROGRESS, UNIT_BUILDER, NO_BUILDING, NO_DISTRICT, VALUE 291.0, Build City Improvement
51, 9, LOC_CITY_NAME_SETIA, , , BUILDING_WALLS, Default Specialization, , , Value 362.0
51, 9, LOC_CITY_NAME_ROME, , CONTRACT 1060, SUBMITTED, UNIT_SETTLER, NO_BUILDING, NO_DISTRICT, VALUE 2355.0, Settle City Op
51, 9, LOC_CITY_NAME_ARRETIUM, , CONTRACT 1060, SUBMITTED, UNIT_SETTLER, NO_BUILDING, NO_DISTRICT, VALUE 2355.0, Settle City Op
51, 9, LOC_CITY_NAME_ARPINUM, , CONTRACT 1060, SUBMITTED, UNIT_SETTLER, NO_BUILDING, NO_DISTRICT, VALUE 2355.0, Settle City Op
51, 9, LOC_CITY_NAME_LUGDUNUM, , CONTRACT 1060, SUBMITTED, UNIT_SETTLER, NO_BUILDING, NO_DISTRICT, VALUE 2355.0, Settle City Op
51, 9, LOC_CITY_NAME_CUMAE, , CONTRACT 1060, SUBMITTED, UNIT_SETTLER, NO_BUILDING, NO_DISTRICT, VALUE 2355.0, Settle City Op
51, 9, LOC_CITY_NAME_BRUNDISIUM, , CONTRACT 1060, SUBMITTED, UNIT_SETTLER, NO_BUILDING, NO_DISTRICT, VALUE 2355.0, Settle City Op
51, 9, LOC_CITY_NAME_SETIA, , CONTRACT 1060, SUBMITTED, UNIT_SETTLER, NO_BUILDING, NO_DISTRICT, VALUE 2355.0, Settle City Op
51, 9, LOC_CITY_NAME_SETIA, , , UNIT_SETTLER, Settle City Op, CONTRACT 1060
51, 9, LOC_CITY_NAME_LUGDUNUM, , CONTRACT 1062, SUBMITTED, NO_UNIT, NO_BUILDING, DISTRICT_ENCAMPMENT, VALUE 2074.0, Build City District
51, 9, LOC_CITY_NAME_ARRETIUM, , CONTRACT 1063, SUBMITTED, UNIT_BUILDER, NO_BUILDING, NO_DISTRICT, VALUE 351.0, Build City Improvement
51, 9, LOC_CITY_NAME_ARPINUM, , CONTRACT 1063, SUBMITTED, UNIT_BUILDER, NO_BUILDING, NO_DISTRICT, VALUE 351.0, Build City Improvement
51, 9, LOC_CITY_NAME_LUGDUNUM, , CONTRACT 1063, SUBMITTED, UNIT_BUILDER, NO_BUILDING, NO_DISTRICT, VALUE 351.0, Build City Improvement
51, 9, LOC_CITY_NAME_CUMAE, , CONTRACT 1063, SUBMITTED, UNIT_BUILDER, NO_BUILDING, NO_DISTRICT, VALUE 351.0, Build City Improvement
51, 9, LOC_CITY_NAME_BRUNDISIUM, , CONTRACT 1063, SUBMITTED, UNIT_BUILDER, NO_BUILDING, NO_DISTRICT, VALUE 351.0, Build City Improvement
51, 9, LOC_CITY_NAME_SETIA, , CONTRACT 1063, SUBMITTED, UNIT_BUILDER, NO_BUILDING, NO_DISTRICT, VALUE 351.0, Build City Improvement
51, 9, LOC_CITY_NAME_ARRETIUM, , CONTRACT 1064, SUBMITTED, UNIT_BUILDER, NO_BUILDING, NO_DISTRICT, VALUE 291.0, Build City Improvement
51, 9, LOC_CITY_NAME_ARPINUM, , CONTRACT 1064, SUBMITTED, UNIT_BUILDER, NO_BUILDING, NO_DISTRICT, VALUE 291.0, Build City Improvement
51, 9, LOC_CITY_NAME_LUGDUNUM, , CONTRACT 1064, SUBMITTED, UNIT_BUILDER, NO_BUILDING, NO_DISTRICT, VALUE 291.0, Build City Improvement
51, 9, LOC_CITY_NAME_CUMAE, , CONTRACT 1064, SUBMITTED, UNIT_BUILDER, NO_BUILDING, NO_DISTRICT, VALUE 291.0, Build City Improvement
51, 9, LOC_CITY_NAME_BRUNDISIUM, , CONTRACT 1064, SUBMITTED, UNIT_BUILDER, NO_BUILDING, NO_DISTRICT, VALUE 291.0, Build City Improvement
51, 9, LOC_CITY_NAME_SETIA, , CONTRACT 1064, SUBMITTED, UNIT_BUILDER, NO_BUILDING, NO_DISTRICT, VALUE 291.0, Build City Improvement
51, 9, LOC_CITY_NAME_SETIA, , CONTRACT 1065, SUBMITTED, NO_UNIT, NO_BUILDING, DISTRICT_HOLY_SITE, VALUE 1909.0, Build City District
51, 9, LOC_CITY_NAME_SETIA, , CONTRACT 1066, SUBMITTED, NO_UNIT, BUILDING_WALLS, NO_DISTRICT, VALUE 362.0, Build City Building
51, 9, LOC_CITY_NAME_ARRETIUM, , CONTRACT 1067, SUBMITTED, UNIT_BUILDER, NO_BUILDING, NO_DISTRICT, VALUE 421.0, Build City Improvement
51, 9, LOC_CITY_NAME_ARPINUM, , CONTRACT 1067, SUBMITTED, UNIT_BUILDER, NO_BUILDING, NO_DISTRICT, VALUE 421.0, Build City Improvement
51, 9, LOC_CITY_NAME_LUGDUNUM, , CONTRACT 1067, SUBMITTED, UNIT_BUILDER, NO_BUILDING, NO_DISTRICT, VALUE 421.0, Build City Improvement
51, 9, LOC_CITY_NAME_CUMAE, , CONTRACT 1067, SUBMITTED, UNIT_BUILDER, NO_BUILDING, NO_DISTRICT, VALUE 421.0, Build City Improvement
51, 9, LOC_CITY_NAME_BRUNDISIUM, , CONTRACT 1067, SUBMITTED, UNIT_BUILDER, NO_BUILDING, NO_DISTRICT, VALUE 421.0, Build City Improvement
51, 9, LOC_CITY_NAME_SETIA, , CONTRACT 1067, SUBMITTED, UNIT_BUILDER, NO_BUILDING, NO_DISTRICT, VALUE 421.0, Build City Improvement
51, 10, LOC_CITY_NAME_BABYLON, , , NO BUILDS AT ALL (maybe city was nuked?), Generic Offense
51, 10, LOC_CITY_NAME_BABYLON, , , NO BUILDS AT ALL (maybe city was nuked?), Generic Offense
51, 12, LOC_CITY_NAME_HATTUSA, , CONTRACT 1069, SUBMITTED, UNIT_BUILDER, NO_BUILDING, NO_DISTRICT, VALUE 244.0, Build City Improvement
51, 14, LOC_CITY_NAME_LISBON, Canceling current build, OLD VALUE 141.6
51, 14, LOC_CITY_NAME_LISBON, , CONTRACT 931, FAILED, UNIT_CROSSBOWMAN, NO_BUILDING, NO_DISTRICT, VALUE 141.6, Build City Building
51, 14, LOC_CITY_NAME_LISBON, , CONTRACT 1039, ACCEPTED, NO_UNIT, NO_BUILDING, DISTRICT_COMMERCIAL_HUB, VALUE 2350.0, Build City District
51, 14, LOC_CITY_NAME_LISBON, , , UNIT_CROSSBOWMAN, Default Specialization, , , Value 141.3
51, 15, LOC_CITY_NAME_VATICAN_CITY, , , UNIT_HORSEMAN, Default Specialization, , , Value 23.5
51, 15, LOC_CITY_NAME_VATICAN_CITY, , , UNIT_HORSEMAN, Default Specialization, , , Value 23.5
51, 21, LOC_CITY_NAME_PRESLAV, , , NO BUILDS AT ALL (maybe city was nuked?), Generic Offense
51, 21, LOC_CITY_NAME_PRESLAV, , , NO BUILDS AT ALL (maybe city was nuked?), Generic Offense
52, 5, LOC_CITY_NAME_PELLA, , CONTRACT 979, COMPLETED, UNIT_MILITARY_ENGINEER, NO_BUILDING, NO_DISTRICT, VALUE 291.0, Build City Improvement
52, 5, LOC_CITY_NAME_PELLA, , , PROJECT_ENHANCE_DISTRICT_INDUSTRIAL_ZONE, Default Specialization, , , Value 118.4
52, 5, LOC_CITY_NAME_ALEXANDRIA_LATMUS, , , BUILDING_ARMORY, Default Specialization, , , Value 3042.3
52, 5, LOC_CITY_NAME_ALEXANDRIA_LATMUS, , CONTRACT 1072, SUBMITTED, NO_UNIT, BUILDING_ARMORY, NO_DISTRICT, VALUE 3042.0, Build City Building
52, 6, LOC_CITY_NAME_RIO_DE_JANEIRO, , CONTRACT 1017, COMPLETED, UNIT_BUILDER, NO_BUILDING, NO_DISTRICT, VALUE 551.0, Build City Improvement
52, 6, LOC_CITY_NAME_RIO_DE_JANEIRO, , , UNIT_SPY, Default Specialization, , , Value 402.3
52, 6, LOC_CITY_NAME_SAO_PAULO, , CONTRACT 1017, COMPLETED, UNIT_BUILDER, NO_BUILDING, NO_DISTRICT, VALUE 551.0, Build City Improvement
52, 6, LOC_CITY_NAME_SAO_PAULO, , , UNIT_BUILDER, Build City Improvement, CONTRACT 1018
52, 6, LOC_CITY_NAME_CURITIBA, , CONTRACT 1017, COMPLETED, UNIT_BUILDER, NO_BUILDING, NO_DISTRICT, VALUE 551.0, Build City Improvement
52, 6, LOC_CITY_NAME_CURITIBA, , CONTRACT 1018, IN PROGRESS, UNIT_BUILDER, NO_BUILDING, NO_DISTRICT, VALUE 313.0, Build City Improvement
52, 6, LOC_CITY_NAME_CURITIBA, , , UNIT_BUILDER, Build City Improvement, CONTRACT 1048
52, 6, LOC_CITY_NAME_JERUSALEM, , CONTRACT 1018, IN PROGRESS, UNIT_BUILDER, NO_BUILDING, NO_DISTRICT, VALUE 313.0, Build City Improvement
52, 6, LOC_CITY_NAME_JERUSALEM, , CONTRACT 1048, IN PROGRESS, UNIT_BUILDER, NO_BUILDING, NO_DISTRICT, VALUE 293.0, Build City Improvement
52, 6, LOC_CITY_NAME_JERUSALEM, , , BUILDING_SYNAGOGUE, Default Specialization, , , Value 3542.8
52, 6, FAITH PURCHASE, , , UNIT_APOSTLE, Unknown, CONTRACT 1049
52, 6, LOC_CITY_NAME_SALVADOR, , CONTRACT 1077, SUBMITTED, NO_UNIT, BUILDING_LIBRARY, NO_DISTRICT, VALUE 1669.0, Build City Building
52, 6, LOC_CITY_NAME_RIO_DE_JANEIRO, , CONTRACT 1078, SUBMITTED, UNIT_BUILDER, NO_BUILDING, NO_DISTRICT, VALUE 520.0, Build City Improvement
52, 6, LOC_CITY_NAME_FORTALEZA, , CONTRACT 1078, SUBMITTED, UNIT_BUILDER, NO_BUILDING, NO_DISTRICT, VALUE 520.0, Build City Improvement
52, 6, LOC_CITY_NAME_SALVADOR, , CONTRACT 1078, SUBMITTED, UNIT_BUILDER, NO_BUILDING, NO_DISTRICT, VALUE 520.0, Build City Improvement
52, 6, LOC_CITY_NAME_JERUSALEM, , CONTRACT 1078, SUBMITTED, UNIT_BUILDER, NO_BUILDING, NO_DISTRICT, VALUE 520.0, Build City Improvement
52, 6, LOC_CITY_NAME_PORTO_ALEGRE, , CONTRACT 1078, SUBMITTED, UNIT_BUILDER, NO_BUILDING, NO_DISTRICT, VALUE 520.0, Build City Improvement
52, 6, LOC_CITY_NAME_RIO_DE_JANEIRO, , CONTRACT 1080, SUBMITTED, NO_UNIT, NO_BUILDING, DISTRICT_ENCAMPMENT, VALUE 2471.0, Build City District
52, 7, LOC_CITY_NAME_COLOGNE, , CONTRACT 986, COMPLETED, NO_UNIT, NO_BUILDING, DISTRICT_HANSA, VALUE 1214.0, Build City District
52, 7, LOC_CITY_NAME_COLOGNE, , CONTRACT 989, CANCELLED, UNIT_BUILDER, NO_BUILDING, NO_DISTRICT, VALUE 239.0, Build City Improvement
52, 7, LOC_CITY_NAME_COLOGNE, , , BUILDING_CASTLE, Default Specialization, , , Value 905.1
52, 7, LOC_CITY_NAME_HEIDELBERG, , CONTRACT 942, COMPLETED, UNIT_BUILDER, NO_BUILDING, NO_DISTRICT, VALUE 0.2, Build Trigger Building
52, 7, LOC_CITY_NAME_HEIDELBERG, , CONTRACT 990, COMPLETED, UNIT_KNIGHT, NO_BUILDING, NO_DISTRICT, VALUE 133.9, Build Trigger Unit
52, 7, LOC_CITY_NAME_HEIDELBERG, , , UNIT_KNIGHT, Default Specialization, , , Value 54.5
52, 7, LOC_CITY_NAME_AACHEN, , CONTRACT 1082, SUBMITTED, UNIT_SETTLER, NO_BUILDING, NO_DISTRICT, VALUE 1788.0, Settle City Op
52, 7, LOC_CITY_NAME_MAGDEBURG, , CONTRACT 1082, SUBMITTED, UNIT_SETTLER, NO_BUILDING, NO_DISTRICT, VALUE 1788.0, Settle City Op
52, 7, LOC_CITY_NAME_COLOGNE, , CONTRACT 1082, SUBMITTED, UNIT_SETTLER, NO_BUILDING, NO_DISTRICT, VALUE 1788.0, Settle City Op
52, 7, LOC_CITY_NAME_DORTMUND, , CONTRACT 1082, SUBMITTED, UNIT_SETTLER, NO_BUILDING, NO_DISTRICT, VALUE 1788.0, Settle City Op
52, 7, LOC_CITY_NAME_HEIDELBERG, , CONTRACT 1082, SUBMITTED, UNIT_SETTLER, NO_BUILDING, NO_DISTRICT, VALUE 1788.0, Settle City Op
52, 7, LOC_CITY_NAME_MAINZ, , CONTRACT 1082, SUBMITTED, UNIT_SETTLER, NO_BUILDING, NO_DISTRICT, VALUE 1788.0, Settle City Op
52, 7, LOC_CITY_NAME_BERLIN, , CONTRACT 1082, SUBMITTED, UNIT_SETTLER, NO_BUILDING, NO_DISTRICT, VALUE 1788.0, Settle City Op
52, 7, LOC_CITY_NAME_BERLIN, , , UNIT_SETTLER, Settle City Op, CONTRACT 1082
52, 7, LOC_CITY_NAME_BERLIN, , CONTRACT 1083, SUBMITTED, NO_UNIT, NO_BUILDING, DISTRICT_ENTERTAINMENT_COMPLEX, VALUE 1597.0, Build City District
52, 7, LOC_CITY_NAME_COLOGNE, , CONTRACT 1084, SUBMITTED, UNIT_MILITARY_ENGINEER, NO_BUILDING, NO_DISTRICT, VALUE 270.0, Build City Improvement
52, 7, LOC_CITY_NAME_BERLIN, , CONTRACT 1085, SUBMITTED, NO_UNIT, BUILDING_WATER_MILL, NO_DISTRICT, VALUE 101.0, Build City Building
52, 7, LOC_CITY_NAME_AACHEN, , CONTRACT 1086, SUBMITTED, NO_UNIT, NO_BUILDING, DISTRICT_ENCAMPMENT, VALUE 1765.0, Build City District
52, 7, LOC_CITY_NAME_AACHEN, , CONTRACT 1087, SUBMITTED, NO_UNIT, BUILDING_MUSEUM_ART, NO_DISTRICT, VALUE 100.0, Manage Great Person
52, 7, LOC_CITY_NAME_DORTMUND, , CONTRACT 1087, SUBMITTED, NO_UNIT, BUILDING_MUSEUM_ART, NO_DISTRICT, VALUE 100.0, Manage Great Person
52, 7, LOC_CITY_NAME_HEIDELBERG, , CONTRACT 1087, SUBMITTED, NO_UNIT, BUILDING_MUSEUM_ART, NO_DISTRICT, VALUE 100.0, Manage Great Person
52, 7, LOC_CITY_NAME_MAINZ, , CONTRACT 1087, SUBMITTED, NO_UNIT, BUILDING_MUSEUM_ART, NO_DISTRICT, VALUE 100.0, Manage Great Person
52, 7, LOC_CITY_NAME_BERLIN, , CONTRACT 1087, SUBMITTED, NO_UNIT, BUILDING_MUSEUM_ART, NO_DISTRICT, VALUE 100.0, Manage Great Person
52, 8, LOC_CITY_HA_NOI, , CONTRACT 1024, COMPLETED, NO_UNIT, NO_BUILDING, DISTRICT_ENTERTAINMENT_COMPLEX, VALUE 2334.9, Build City District
52, 8, LOC_CITY_HA_NOI, , CONTRACT 1028, COMPLETED, UNIT_MILITARY_ENGINEER, NO_BUILDING, NO_DISTRICT, VALUE 273.0, Build City Improvement
52, 8, LOC_CITY_HA_NOI, , , UNIT_BUILDER, Build City Improvement, CONTRACT 1058
52, 8, LOC_CITY_HUE, , CONTRACT 1058, IN PROGRESS, UNIT_BUILDER, NO_BUILDING, NO_DISTRICT, VALUE 396.0, Build City Improvement
52, 8, LOC_CITY_HUE, , , UNIT_BUILDER, Build City Improvement, CONTRACT 1057
52, 8, LOC_CITY_QUANG_TRI, , CONTRACT 1028, COMPLETED, UNIT_MILITARY_ENGINEER, NO_BUILDING, NO_DISTRICT, VALUE 273.0, Build City Improvement
52, 8, LOC_CITY_QUANG_TRI, , CONTRACT 1057, IN PROGRESS, UNIT_BUILDER, NO_BUILDING, NO_DISTRICT, VALUE 305.0, Build City Improvement
52, 8, LOC_CITY_QUANG_TRI, , CONTRACT 1058, IN PROGRESS, UNIT_BUILDER, NO_BUILDING, NO_DISTRICT, VALUE 396.0, Build City Improvement
52, 8, LOC_CITY_QUANG_TRI, , , BUILDING_MEETING_HOUSE, Default Specialization, , , Value 2189.7
52, 8, LOC_CITY_HOI_AN, , CONTRACT 1057, IN PROGRESS, UNIT_BUILDER, NO_BUILDING, NO_DISTRICT, VALUE 305.0, Build City Improvement
52, 8, LOC_CITY_HOI_AN, , CONTRACT 1058, IN PROGRESS, UNIT_BUILDER, NO_BUILDING, NO_DISTRICT, VALUE 396.0, Build City Improvement
52, 8, LOC_CITY_HOI_AN, , , UNIT_MUSKETMAN, Default Specialization, , , Value 34.3
52, 8, LOC_CITY_HOA_LU, , CONTRACT 1054, ACCEPTED, NO_UNIT, BUILDING_BARRACKS, NO_DISTRICT, VALUE 1626.0, Build City Building
52, 8, LOC_CITY_HOA_LU, , CONTRACT 1057, IN PROGRESS, UNIT_BUILDER, NO_BUILDING, NO_DISTRICT, VALUE 305.0, Build City Improvement
52, 8, LOC_CITY_HOA_LU, , CONTRACT 1058, IN PROGRESS, UNIT_BUILDER, NO_BUILDING, NO_DISTRICT, VALUE 396.0, Build City Improvement
52, 8, LOC_CITY_HOA_LU, , , BUILDING_ARMORY, Default Specialization, , , Value 2008.7
52, 8, LOC_CITY_DONG_HOI, , CONTRACT 992, COMPLETED, NO_UNIT, NO_BUILDING, DISTRICT_CAMPUS, VALUE 2365.1, Build City District
52, 8, LOC_CITY_DONG_HOI, , CONTRACT 1022, IN PROGRESS, UNIT_SETTLER, NO_BUILDING, NO_DISTRICT, VALUE 1739.0, Settle City Op
52, 8, LOC_CITY_DONG_HOI, , CONTRACT 1057, IN PROGRESS, UNIT_BUILDER, NO_BUILDING, NO_DISTRICT, VALUE 305.0, Build City Improvement
52, 8, LOC_CITY_DONG_HOI, , CONTRACT 1058, IN PROGRESS, UNIT_BUILDER, NO_BUILDING, NO_DISTRICT, VALUE 396.0, Build City Improvement
52, 8, LOC_CITY_DONG_HOI, , , BUILDING_BARRACKS, Default Specialization, , , Value 1647.1
52, 8, LOC_CITY_NAME_VILNIUS, , CONTRACT 1052, ACCEPTED, NO_UNIT, BUILDING_GRANARY, NO_DISTRICT, VALUE 844.0, Build City Building
52, 8, LOC_CITY_NAME_VILNIUS, , CONTRACT 1057, IN PROGRESS, UNIT_BUILDER, NO_BUILDING, NO_DISTRICT, VALUE 305.0, Build City Improvement
52, 8, LOC_CITY_NAME_VILNIUS, , CONTRACT 1058, IN PROGRESS, UNIT_BUILDER, NO_BUILDING, NO_DISTRICT, VALUE 396.0, Build City Improvement
52, 8, LOC_CITY_NAME_VILNIUS, , , BUILDING_WATER_MILL, Default Specialization, , , Value 364.5
52, 8, FAITH PURCHASE, , , UNIT_APOSTLE, Unknown, CONTRACT 1059
52, 8, LOC_CITY_HA_NOI, , CONTRACT 1088, SUBMITTED, NO_UNIT, BUILDING_MUSEUM_ARTIFACT, NO_DISTRICT, VALUE 0.0, Build Trigger Building
52, 8, LOC_CITY_QUANG_TRI, , CONTRACT 1089, SUBMITTED, UNIT_BUILDER, NO_BUILDING, NO_DISTRICT, VALUE 370.0, Build City Improvement
52, 8, LOC_CITY_HOI_AN, , CONTRACT 1089, SUBMITTED, UNIT_BUILDER, NO_BUILDING, NO_DISTRICT, VALUE 370.0, Build City Improvement
52, 8, LOC_CITY_HOA_LU, , CONTRACT 1089, SUBMITTED, UNIT_BUILDER, NO_BUILDING, NO_DISTRICT, VALUE 370.0, Build City Improvement
52, 8, LOC_CITY_DONG_HOI, , CONTRACT 1089, SUBMITTED, UNIT_BUILDER, NO_BUILDING, NO_DISTRICT, VALUE 370.0, Build City Improvement
52, 8, LOC_CITY_CAN_THO, , CONTRACT 1089, SUBMITTED, UNIT_BUILDER, NO_BUILDING, NO_DISTRICT, VALUE 370.0, Build City Improvement
52, 8, LOC_CITY_NAME_VILNIUS, , CONTRACT 1089, SUBMITTED, UNIT_BUILDER, NO_BUILDING, NO_DISTRICT, VALUE 370.0, Build City Improvement
52, 9, PURCHASE, , , UNIT_BUILDER, Build City Improvement, CONTRACT 1063
52, 9, LOC_CITY_NAME_ROME, , CONTRACT 1036, COMPLETED, UNIT_BUILDER, NO_BUILDING, NO_DISTRICT, VALUE 291.0, Build City Improvement
52, 9, LOC_CITY_NAME_ROME, , CONTRACT 1060, IN PROGRESS, UNIT_SETTLER, NO_BUILDING, NO_DISTRICT, VALUE 2355.0, Settle City Op
52, 9, LOC_CITY_NAME_ROME, , , BUILDING_STAR_FORT, Default Specialization, , , Value 1810.2
52, 9, LOC_CITY_NAME_ARRETIUM, , CONTRACT 1035, COMPLETED, NO_UNIT, BUILDING_TEMPLE, NO_DISTRICT, VALUE 3375.8, Build City Building
52, 9, LOC_CITY_NAME_ARRETIUM, , CONTRACT 1060, IN PROGRESS, UNIT_SETTLER, NO_BUILDING, NO_DISTRICT, VALUE 2355.0, Settle City Op
52, 9, LOC_CITY_NAME_ARRETIUM, , CONTRACT 1063, COMPLETED, UNIT_BUILDER, NO_BUILDING, NO_DISTRICT, VALUE 351.0, Build City Improvement
52, 9, LOC_CITY_NAME_ARRETIUM, , , UNIT_BUILDER, Build City Improvement, CONTRACT 1067
52, 9, LOC_CITY_NAME_ARPINUM, , CONTRACT 1036, COMPLETED, UNIT_BUILDER, NO_BUILDING, NO_DISTRICT, VALUE 291.0, Build City Improvement
52, 9, LOC_CITY_NAME_ARPINUM, , CONTRACT 1060, IN PROGRESS, UNIT_SETTLER, NO_BUILDING, NO_DISTRICT, VALUE 2355.0, Settle City Op
52, 9, LOC_CITY_NAME_ARPINUM, , CONTRACT 1063, COMPLETED, UNIT_BUILDER, NO_BUILDING, NO_DISTRICT, VALUE 351.0, Build City Improvement
52, 9, LOC_CITY_NAME_ARPINUM, , CONTRACT 1067, IN PROGRESS, UNIT_BUILDER, NO_BUILDING, NO_DISTRICT, VALUE 421.0, Build City Improvement
52, 9, LOC_CITY_NAME_ARPINUM, , , PROJECT_REPAIR_OUTER_DEFENSES, Default Specialization, , , Value 12903.8
52, 9, LOC_CITY_NAME_LUGDUNUM, , CONTRACT 1060, IN PROGRESS, UNIT_SETTLER, NO_BUILDING, NO_DISTRICT, VALUE 2355.0, Settle City Op
52, 9, LOC_CITY_NAME_LUGDUNUM, , CONTRACT 1063, COMPLETED, UNIT_BUILDER, NO_BUILDING, NO_DISTRICT, VALUE 351.0, Build City Improvement
52, 9, LOC_CITY_NAME_LUGDUNUM, , CONTRACT 1067, IN PROGRESS, UNIT_BUILDER, NO_BUILDING, NO_DISTRICT, VALUE 421.0, Build City Improvement
52, 9, LOC_CITY_NAME_LUGDUNUM, , , DISTRICT_ENCAMPMENT, Build City District, CONTRACT 1062
52, 9, LOC_CITY_NAME_BRUNDISIUM, , CONTRACT 1060, IN PROGRESS, UNIT_SETTLER, NO_BUILDING, NO_DISTRICT, VALUE 2355.0, Settle City Op
52, 9, LOC_CITY_NAME_BRUNDISIUM, , CONTRACT 1063, COMPLETED, UNIT_BUILDER, NO_BUILDING, NO_DISTRICT, VALUE 351.0, Build City Improvement
52, 9, LOC_CITY_NAME_BRUNDISIUM, , CONTRACT 1067, IN PROGRESS, UNIT_BUILDER, NO_BUILDING, NO_DISTRICT, VALUE 421.0, Build City Improvement
52, 9, LOC_CITY_NAME_BRUNDISIUM, , , UNIT_BUILDER, Build City Improvement, CONTRACT 1064
52, 9, FAITH PURCHASE, , , UNIT_APOSTLE, Unknown, CONTRACT 1068
52, 9, LOC_CITY_NAME_CUMAE, , CONTRACT 1092, SUBMITTED, NO_UNIT, BUILDING_STAR_FORT, NO_DISTRICT, VALUE 1280.0, Build City Building
52, 9, LOC_CITY_NAME_BRUNDISIUM, , CONTRACT 1093, SUBMITTED, NO_UNIT, BUILDING_STAR_FORT, NO_DISTRICT, VALUE 1350.0, Build City Building
52, 10, LOC_CITY_NAME_BABYLON, , , NO BUILDS AT ALL (maybe city was nuked?), Generic Offense
52, 10, LOC_CITY_NAME_BABYLON, , , NO BUILDS AT ALL (maybe city was nuked?), Generic Offense
52, 14, LOC_CITY_NAME_LISBON, , , UNIT_CROSSBOWMAN, Default Specialization, , , Value 116.6
52, 15, LOC_CITY_NAME_VATICAN_CITY, , , UNIT_HORSEMAN, Default Specialization, , , Value 23.5
52, 15, LOC_CITY_NAME_VATICAN_CITY, , , UNIT_HORSEMAN, Default Specialization, , , Value 23.5
52, 21, LOC_CITY_NAME_PRESLAV, , , BUILDING_CASTLE, Default Specialization, , , Value 1157.7
52, 21, LOC_CITY_NAME_PRESLAV, , CONTRACT 1097, SUBMITTED, NO_UNIT, BUILDING_CASTLE, NO_DISTRICT, VALUE 495.0, Build City Building
53, 5, LOC_CITY_NAME_PELLA, , , PROJECT_ENHANCE_DISTRICT_INDUSTRIAL_ZONE, Default Specialization, , , Value 121.8
53, 5, LOC_CITY_NAME_CHALKIDIKI, , , UNIT_KNIGHT, Generic Offense
53, 5, LOC_CITY_NAME_ALEXANDRIA_LATMUS, , CONTRACT 1072, ACCEPTED, NO_UNIT, BUILDING_ARMORY, NO_DISTRICT, VALUE 3042.0, Build City Building
53, 5, LOC_CITY_NAME_ALEXANDRIA_LATMUS, , , PROJECT_ENHANCE_DISTRICT_CAMPUS, Default Specialization, , , Value 138.8
53, 5, LOC_CITY_NAME_FEZ, , , UNIT_PIKE_AND_SHOT, Default Specialization, , , Value 42.8
53, 5, FAITH PURCHASE, , , UNIT_MISSIONARY, Unknown, CONTRACT 1074
53, 6, PURCHASE, , , BUILDING_LIBRARY, Build City Building, CONTRACT 1077
53, 6, LOC_CITY_NAME_RIO_DE_JANEIRO, , CONTRACT 1018, COMPLETED, UNIT_BUILDER, NO_BUILDING, NO_DISTRICT, VALUE 313.0, Build City Improvement
53, 6, LOC_CITY_NAME_RIO_DE_JANEIRO, , CONTRACT 1048, COMPLETED, UNIT_BUILDER, NO_BUILDING, NO_DISTRICT, VALUE 293.0, Build City Improvement
53, 6, LOC_CITY_NAME_RIO_DE_JANEIRO, , , DISTRICT_ENCAMPMENT, Build City District, CONTRACT 1080
53, 6, LOC_CITY_NAME_SAO_PAULO, , CONTRACT 1018, COMPLETED, UNIT_BUILDER, NO_BUILDING, NO_DISTRICT, VALUE 313.0, Build City Improvement
53, 6, LOC_CITY_NAME_SAO_PAULO, , , BUILDING_SYNAGOGUE, Default Specialization, , , Value 7564.4
53, 6, LOC_CITY_NAME_FORTALEZA, , CONTRACT 1016, COMPLETED, NO_UNIT, NO_BUILDING, DISTRICT_THEATER, VALUE 2753.1, Build City District
53, 6, LOC_CITY_NAME_FORTALEZA, , CONTRACT 1018, COMPLETED, UNIT_BUILDER, NO_BUILDING, NO_DISTRICT, VALUE 313.0, Build City Improvement
53, 6, LOC_CITY_NAME_FORTALEZA, , CONTRACT 1048, COMPLETED, UNIT_BUILDER, NO_BUILDING, NO_DISTRICT, VALUE 293.0, Build City Improvement
53, 6, LOC_CITY_NAME_FORTALEZA, , , UNIT_BUILDER, Build City Improvement, CONTRACT 1078
53, 6, LOC_CITY_NAME_CURITIBA, , CONTRACT 1048, COMPLETED, UNIT_BUILDER, NO_BUILDING, NO_DISTRICT, VALUE 293.0, Build City Improvement
53, 6, LOC_CITY_NAME_CURITIBA, , , BUILDING_MUSEUM_ARTIFACT, Default Specialization, , , Value 1807.9
53, 6, LOC_CITY_NAME_SALVADOR, , CONTRACT 1018, COMPLETED, UNIT_BUILDER, NO_BUILDING, NO_DISTRICT, VALUE 313.0, Build City Improvement
53, 6, LOC_CITY_NAME_SALVADOR, , CONTRACT 1048, COMPLETED, UNIT_BUILDER, NO_BUILDING, NO_DISTRICT, VALUE 293.0, Build City Improvement
53, 6, LOC_CITY_NAME_SALVADOR, , CONTRACT 1077, COMPLETED, NO_UNIT, BUILDING_LIBRARY, NO_DISTRICT, VALUE 1669.0, Build City Building
53, 6, LOC_CITY_NAME_SALVADOR, , CONTRACT 1078, IN PROGRESS, UNIT_BUILDER, NO_BUILDING, NO_DISTRICT, VALUE 520.0, Build City Improvement
53, 6, LOC_CITY_NAME_SALVADOR, , , BUILDING_ALCHEMICAL_SOCIETY, Default Specialization, , , Value 1575.2
53, 6, LOC_CITY_NAME_PORTO_ALEGRE, , CONTRACT 1015, COMPLETED, NO_UNIT, NO_BUILDING, DISTRICT_HOLY_SITE, VALUE 3908.8, Build City District
53, 6, LOC_CITY_NAME_PORTO_ALEGRE, , CONTRACT 1018, COMPLETED, UNIT_BUILDER, NO_BUILDING, NO_DISTRICT, VALUE 313.0, Build City Improvement
53, 6, LOC_CITY_NAME_PORTO_ALEGRE, , CONTRACT 1048, COMPLETED, UNIT_BUILDER, NO_BUILDING, NO_DISTRICT, VALUE 293.0, Build City Improvement
53, 6, LOC_CITY_NAME_PORTO_ALEGRE, , CONTRACT 1078, IN PROGRESS, UNIT_BUILDER, NO_BUILDING, NO_DISTRICT, VALUE 520.0, Build City Improvement
53, 6, LOC_CITY_NAME_PORTO_ALEGRE, , , BUILDING_SHRINE, Default Specialization, , , Value 3904.9
53, 6, FAITH PURCHASE, , , UNIT_APOSTLE, Unknown, CONTRACT 1081
53, 6, LOC_CITY_NAME_CURITIBA, , CONTRACT 1100, SUBMITTED, NO_UNIT, BUILDING_MUSEUM_ARTIFACT, NO_DISTRICT, VALUE 1023.0, Build City Building
53, 6, LOC_CITY_NAME_SAO_PAULO, , CONTRACT 1101, SUBMITTED, NO_UNIT, BUILDING_MUSEUM_ARTIFACT, NO_DISTRICT, VALUE 1063.0, Build City Building
53, 6, LOC_CITY_NAME_RIO_DE_JANEIRO, , CONTRACT 1102, SUBMITTED, NO_UNIT, BUILDING_MUSEUM_ART, NO_DISTRICT, VALUE 0.0, Build Trigger Building
53, 7, LOC_CITY_NAME_AACHEN, , CONTRACT 1082, IN PROGRESS, UNIT_SETTLER, NO_BUILDING, NO_DISTRICT, VALUE 1788.0, Settle City Op
53, 7, LOC_CITY_NAME_AACHEN, , , DISTRICT_ENCAMPMENT, Build City District, CONTRACT 1086
53, 7, LOC_CITY_NAME_COLOGNE, , CONTRACT 1082, IN PROGRESS, UNIT_SETTLER, NO_BUILDING, NO_DISTRICT, VALUE 1788.0, Settle City Op
53, 7, LOC_CITY_NAME_COLOGNE, , , PROJECT_ENHANCE_DISTRICT_THEATER, Default Specialization, , , Value 309.3
53, 7, LOC_CITY_NAME_DORTMUND, , CONTRACT 1082, IN PROGRESS, UNIT_SETTLER, NO_BUILDING, NO_DISTRICT, VALUE 1788.0, Settle City Op
53, 7, LOC_CITY_NAME_DORTMUND, , CONTRACT 1087, ACCEPTED, NO_UNIT, BUILDING_MUSEUM_ART, NO_DISTRICT, VALUE 663.6, Manage Great Person
53, 7, LOC_CITY_NAME_DORTMUND, , , PROJECT_ENHANCE_DISTRICT_THEATER, Default Specialization, , , Value 309.3
53, 7, LOC_CITY_NAME_HEIDELBERG, , CONTRACT 1082, IN PROGRESS, UNIT_SETTLER, NO_BUILDING, NO_DISTRICT, VALUE 1788.0, Settle City Op
53, 7, LOC_CITY_NAME_HEIDELBERG, , , UNIT_MUSKETMAN, Default Specialization, , , Value 94.4
53, 7, LOC_CITY_NAME_MAINZ, , CONTRACT 983, COMPLETED, NO_UNIT, NO_BUILDING, DISTRICT_CAMPUS, VALUE 3070.2, Build City District
53, 7, LOC_CITY_NAME_MAINZ, , CONTRACT 1082, IN PROGRESS, UNIT_SETTLER, NO_BUILDING, NO_DISTRICT, VALUE 1788.0, Settle City Op
53, 7, LOC_CITY_NAME_MAINZ, , CONTRACT 1087, FAILED, NO_UNIT, BUILDING_MUSEUM_ART, NO_DISTRICT, VALUE 663.6, Manage Great Person
53, 7, LOC_CITY_NAME_MAINZ, , , BUILDING_CASTLE, Build City Building, CONTRACT 1020
53, 7, LOC_CITY_NAME_COLOGNE, , CONTRACT 1104, SUBMITTED, UNIT_MILITARY_ENGINEER, NO_BUILDING, NO_DISTRICT, VALUE 270.0, Build City Improvement
53, 7, LOC_CITY_NAME_COLOGNE, , CONTRACT 1110, SUBMITTED, UNIT_MILITARY_ENGINEER, NO_BUILDING, NO_DISTRICT, VALUE 271.0, Build City Improvement
53, 8, LOC_CITY_HA_NOI, , CONTRACT 1057, COMPLETED, UNIT_BUILDER, NO_BUILDING, NO_DISTRICT, VALUE 305.0, Build City Improvement
53, 8, LOC_CITY_HA_NOI, , CONTRACT 1058, COMPLETED, UNIT_BUILDER, NO_BUILDING, NO_DISTRICT, VALUE 396.0, Build City Improvement
53, 8, LOC_CITY_HA_NOI, , , BUILDING_MEETING_HOUSE, Default Specialization, , , Value 2246.7
53, 8, LOC_CITY_HUE, , CONTRACT 1057, COMPLETED, UNIT_BUILDER, NO_BUILDING, NO_DISTRICT, VALUE 305.0, Build City Improvement
53, 8, LOC_CITY_HUE, , , UNIT_MUSKETMAN, Default Specialization, , , Value 33.3
53, 8, LOC_CITY_QUANG_TRI, , , UNIT_BUILDER, Build City Improvement, CONTRACT 1089
53, 8, LOC_CITY_HOI_AN, , CONTRACT 1089, IN PROGRESS, UNIT_BUILDER, NO_BUILDING, NO_DISTRICT, VALUE 370.0, Build City Improvement
53, 8, LOC_CITY_HOI_AN, , , UNIT_MUSKETMAN, Default Specialization, , , Value 33.3
53, 8, LOC_CITY_HOA_LU, , CONTRACT 1089, IN PROGRESS, UNIT_BUILDER, NO_BUILDING, NO_DISTRICT, VALUE 370.0, Build City Improvement
53, 8, LOC_CITY_HOA_LU, , , UNIT_VIETNAMESE_VOI_CHIEN, Default Specialization, , , Value 29.5
53, 8, LOC_CITY_DONG_HOI, , CONTRACT 1089, IN PROGRESS, UNIT_BUILDER, NO_BUILDING, NO_DISTRICT, VALUE 370.0, Build City Improvement
53, 8, LOC_CITY_DONG_HOI, , , BUILDING_ARMORY, Default Specialization, , , Value 2119.4
53, 8, LOC_CITY_CAN_THO, , CONTRACT 1022, COMPLETED, UNIT_SETTLER, NO_BUILDING, NO_DISTRICT, VALUE 1739.0, Settle City Op
53, 8, LOC_CITY_CAN_THO, , CONTRACT 1057, COMPLETED, UNIT_BUILDER, NO_BUILDING, NO_DISTRICT, VALUE 305.0, Build City Improvement
53, 8, LOC_CITY_CAN_THO, , CONTRACT 1058, COMPLETED, UNIT_BUILDER, NO_BUILDING, NO_DISTRICT, VALUE 396.0, Build City Improvement
53, 8, LOC_CITY_CAN_THO, , CONTRACT 1089, IN PROGRESS, UNIT_BUILDER, NO_BUILDING, NO_DISTRICT, VALUE 370.0, Build City Improvement
53, 8, LOC_CITY_CAN_THO, , , BUILDING_OLD_GOD_OBELISK, Build City Building, CONTRACT 1026
53, 8, LOC_CITY_NAME_VILNIUS, , CONTRACT 1089, IN PROGRESS, UNIT_BUILDER, NO_BUILDING, NO_DISTRICT, VALUE 370.0, Build City Improvement
53, 8, LOC_CITY_NAME_VILNIUS, , , UNIT_VIETNAMESE_VOI_CHIEN, Default Specialization, , , Value 29.5
53, 8, FAITH PURCHASE, , , UNIT_APOSTLE, Unknown, CONTRACT 1091
53, 8, LOC_CITY_DONG_HOI, , CONTRACT 1111, SUBMITTED, NO_UNIT, NO_BUILDING, DISTRICT_AQUEDUCT, VALUE 1253.0, Build City District
53, 8, LOC_CITY_DONG_HOI, , CONTRACT 1112, SUBMITTED, NO_UNIT, BUILDING_ARMORY, NO_DISTRICT, VALUE 2119.0, Build City Building
53, 9, LOC_CITY_NAME_ROME, , , BUILDING_MUSEUM_ARTIFACT, Default Specialization, , , Value 1303.4
53, 9, LOC_CITY_NAME_ARRETIUM, , CONTRACT 1064, COMPLETED, UNIT_BUILDER, NO_BUILDING, NO_DISTRICT, VALUE 291.0, Build City Improvement
53, 9, LOC_CITY_NAME_ARRETIUM, , CONTRACT 1067, FAILED, UNIT_BUILDER, NO_BUILDING, NO_DISTRICT, VALUE 421.0, Build City Improvement
53, 9, LOC_CITY_NAME_ARRETIUM, , , BUILDING_BARRACKS, Default Specialization, , , Value 1635.6
53, 9, LOC_CITY_NAME_ARPINUM, , CONTRACT 1064, COMPLETED, UNIT_BUILDER, NO_BUILDING, NO_DISTRICT, VALUE 291.0, Build City Improvement
53, 9, LOC_CITY_NAME_ARPINUM, , , BUILDING_TEMPLE, Build City Building, CONTRACT 1034
53, 9, LOC_CITY_NAME_CUMAE, , CONTRACT 1030, COMPLETED, NO_UNIT, NO_BUILDING, DISTRICT_HOLY_SITE, VALUE 3366.6, Build City District
53, 9, LOC_CITY_NAME_CUMAE, , CONTRACT 1060, IN PROGRESS, UNIT_SETTLER, NO_BUILDING, NO_DISTRICT, VALUE 2355.0, Settle City Op
53, 9, LOC_CITY_NAME_CUMAE, , CONTRACT 1064, COMPLETED, UNIT_BUILDER, NO_BUILDING, NO_DISTRICT, VALUE 291.0, Build City Improvement
53, 9, LOC_CITY_NAME_CUMAE, , CONTRACT 1067, FAILED, UNIT_BUILDER, NO_BUILDING, NO_DISTRICT, VALUE 421.0, Build City Improvement
53, 9, LOC_CITY_NAME_CUMAE, , , BUILDING_STAR_FORT, Build City Building, CONTRACT 1092
53, 9, LOC_CITY_NAME_BRUNDISIUM, , CONTRACT 1064, COMPLETED, UNIT_BUILDER, NO_BUILDING, NO_DISTRICT, VALUE 291.0, Build City Improvement
53, 9, LOC_CITY_NAME_BRUNDISIUM, , , BUILDING_STAR_FORT, Build City Building, CONTRACT 1093
53, 9, FAITH PURCHASE, , , UNIT_APOSTLE, Unknown, CONTRACT 1095
53, 9, LOC_CITY_NAME_ARRETIUM, , CONTRACT 1115, SUBMITTED, NO_UNIT, BUILDING_BARRACKS, NO_DISTRICT, VALUE 1635.0, Build City Building
53, 10, LOC_CITY_NAME_BABYLON, , , NO BUILDS AT ALL (maybe city was nuked?), Generic Offense
53, 10, LOC_CITY_NAME_BABYLON, , , NO BUILDS AT ALL (maybe city was nuked?), Generic Offense
53, 12, LOC_CITY_NAME_HATTUSA, , , UNIT_BUILDER, Build City Improvement, CONTRACT 1069
53, 13, LOC_CITY_NAME_JOHANNESBURG, , CONTRACT 866, COMPLETED, UNIT_CROSSBOWMAN, NO_BUILDING, NO_DISTRICT, VALUE 130.9, Build City Building
53, 13, LOC_CITY_NAME_JOHANNESBURG, , , BUILDING_LIGHTHOUSE, Default Specialization, , , Value 84.3
53, 15, LOC_CITY_NAME_VATICAN_CITY, , , UNIT_HORSEMAN, Default Specialization, , , Value 23.5
53, 15, LOC_CITY_NAME_VATICAN_CITY, , , UNIT_HORSEMAN, Default Specialization, , , Value 23.5
53, 17, LOC_CITY_NAME_YEREVAN, , CONTRACT 1042, ACCEPTED, NO_UNIT, BUILDING_CASTLE, NO_DISTRICT, VALUE 103.0, Build City Building
53, 17, LOC_CITY_NAME_YEREVAN, , , UNIT_BUILDER, Build City Improvement, CONTRACT 1041
53, 20, LOC_CITY_NAME_KUMASI, , , UNIT_CROSSBOWMAN, Default Specialization, , , Value 28.4
53, 21, LOC_CITY_NAME_PRESLAV, , CONTRACT 1097, ACCEPTED, NO_UNIT, BUILDING_CASTLE, NO_DISTRICT, VALUE 495.0, Build City Building
53, 21, LOC_CITY_NAME_PRESLAV, , , NO BUILDS AT ALL (maybe city was nuked?), Generic Offense
53, 21, LOC_CITY_NAME_PRESLAV, , , NO BUILDS AT ALL (maybe city was nuked?), Generic Offense
53, 21, LOC_CITY_NAME_PRESLAV, , CONTRACT 1117, SUBMITTED, UNIT_BUILDER, NO_BUILDING, NO_DISTRICT, VALUE 309.0, Build City Improvement
54, 5, LOC_CITY_NAME_PELLA, , , PROJECT_ENHANCE_DISTRICT_INDUSTRIAL_ZONE, Default Specialization, , , Value 121.8
54, 5, LOC_CITY_NAME_BUENOS_AIRES, , , UNIT_MUSKETMAN, Default Specialization, , , Value 47.8
54, 6, LOC_CITY_NAME_RIO_DE_JANEIRO, , CONTRACT 1080, COMPLETED, NO_UNIT, NO_BUILDING, DISTRICT_ENCAMPMENT, VALUE 2528.7, Build City District
54, 6, LOC_CITY_NAME_RIO_DE_JANEIRO, , , BUILDING_BARRACKS, Default Specialization, , , Value 2215.3
54, 6, LOC_CITY_NAME_SAO_PAULO, , , BUILDING_MUSEUM_ARTIFACT, Build City Building, CONTRACT 1101
54, 6, LOC_CITY_NAME_FORTALEZA, , , BUILDING_AMPHITHEATER, Default Specialization, , , Value 3477.4
54, 6, LOC_CITY_NAME_SALVADOR, , , PROJECT_ENHANCE_DISTRICT_CAMPUS, Default Specialization, , , Value 202.2
54, 6, LOC_CITY_NAME_JERUSALEM, , , UNIT_CROSSBOWMAN, Default Specialization, , , Value 17.8
54, 6, LOC_CITY_NAME_PORTO_ALEGRE, , , BUILDING_TEMPLE, Default Specialization, , , Value 5110.3
54, 6, FAITH PURCHASE, , , UNIT_APOSTLE, Unknown, CONTRACT 1103
54, 6, LOC_CITY_NAME_FORTALEZA, , CONTRACT 1125, SUBMITTED, NO_UNIT, NO_BUILDING, DISTRICT_ENCAMPMENT, VALUE 2422.0, Build City District
54, 6, LOC_CITY_NAME_RIO_DE_JANEIRO, , CONTRACT 1126, SUBMITTED, NO_UNIT, BUILDING_BARRACKS, NO_DISTRICT, VALUE 2215.0, Build City Building
54, 7, LOC_CITY_NAME_AACHEN, , CONTRACT 1086, COMPLETED, NO_UNIT, NO_BUILDING, DISTRICT_ENCAMPMENT, VALUE 3029.8, Build City District
54, 7, LOC_CITY_NAME_AACHEN, , , BUILDING_BARRACKS, Default Specialization, , , Value 2327.7
54, 7, LOC_CITY_NAME_MAGDEBURG, , CONTRACT 1082, IN PROGRESS, UNIT_SETTLER, NO_BUILDING, NO_DISTRICT, VALUE 1788.0, Settle City Op
54, 7, LOC_CITY_NAME_MAGDEBURG, , , PROJECT_ENHANCE_DISTRICT_THEATER, Default Specialization, , , Value 309.3
54, 7, LOC_CITY_NAME_COLOGNE, , , PROJECT_ENHANCE_DISTRICT_THEATER, Default Specialization, , , Value 309.3
54, 7, LOC_CITY_NAME_MAINZ, , CONTRACT 1128, SUBMITTED, NO_UNIT, NO_BUILDING, DISTRICT_HOLY_SITE, VALUE 1410.0, Build City District
54, 8, LOC_CITY_HA_NOI, , , BUILDING_CASTLE, Default Specialization, , , Value 1025.8
54, 8, LOC_CITY_HUE, , , BUILDING_CASTLE, Default Specialization, , , Value 1267.1
54, 8, LOC_CITY_QUANG_TRI, , CONTRACT 1089, COMPLETED, UNIT_BUILDER, NO_BUILDING, NO_DISTRICT, VALUE 370.0, Build City Improvement
54, 8, LOC_CITY_QUANG_TRI, , , BUILDING_MUSEUM_ARTIFACT, Default Specialization, , , Value 1359.4
54, 8, LOC_CITY_HOI_AN, , , BUILDING_CASTLE, Default Specialization, , , Value 1146.4
54, 8, LOC_CITY_DONG_HOI, , CONTRACT 1112, ACCEPTED, NO_UNIT, BUILDING_ARMORY, NO_DISTRICT, VALUE 2119.0, Build City Building
54, 8, LOC_CITY_DONG_HOI, , , DISTRICT_AQUEDUCT, Build City District, CONTRACT 1111
54, 8, LOC_CITY_CAN_THO, , CONTRACT 1026, COMPLETED, NO_UNIT, BUILDING_OLD_GOD_OBELISK, NO_DISTRICT, VALUE 326.0, Build City Building
54, 8, LOC_CITY_CAN_THO, , , BUILDING_GRANARY, Default Specialization, , , Value 232.7
54, 8, LOC_CITY_NAME_VILNIUS, , , BUILDING_CASTLE, Default Specialization, , , Value 984.0
54, 8, FAITH PURCHASE, , , UNIT_APOSTLE, Unknown, CONTRACT 1114
54, 8, LOC_CITY_HA_NOI, , CONTRACT 1130, SUBMITTED, UNIT_BUILDER, NO_BUILDING, NO_DISTRICT, VALUE 504.0, Build City Improvement
54, 8, LOC_CITY_HUE, , CONTRACT 1130, SUBMITTED, UNIT_BUILDER, NO_BUILDING, NO_DISTRICT, VALUE 504.0, Build City Improvement
54, 8, LOC_CITY_QUANG_TRI, , CONTRACT 1130, SUBMITTED, UNIT_BUILDER, NO_BUILDING, NO_DISTRICT, VALUE 504.0, Build City Improvement
54, 8, LOC_CITY_HOI_AN, , CONTRACT 1130, SUBMITTED, UNIT_BUILDER, NO_BUILDING, NO_DISTRICT, VALUE 504.0, Build City Improvement
54, 8, LOC_CITY_HOA_LU, , CONTRACT 1130, SUBMITTED, UNIT_BUILDER, NO_BUILDING, NO_DISTRICT, VALUE 504.0, Build City Improvement
54, 8, LOC_CITY_DONG_HOI, , CONTRACT 1130, SUBMITTED, UNIT_BUILDER, NO_BUILDING, NO_DISTRICT, VALUE 504.0, Build City Improvement
54, 8, LOC_CITY_CAN_THO, , CONTRACT 1130, SUBMITTED, UNIT_BUILDER, NO_BUILDING, NO_DISTRICT, VALUE 504.0, Build City Improvement
54, 8, LOC_CITY_NAME_VILNIUS, , CONTRACT 1130, SUBMITTED, UNIT_BUILDER, NO_BUILDING, NO_DISTRICT, VALUE 504.0, Build City Improvement
54, 8, LOC_CITY_HA_NOI, , CONTRACT 1131, SUBMITTED, UNIT_BUILDER, NO_BUILDING, NO_DISTRICT, VALUE 358.0, Build City Improvement
54, 8, LOC_CITY_HUE, , CONTRACT 1131, SUBMITTED, UNIT_BUILDER, NO_BUILDING, NO_DISTRICT, VALUE 358.0, Build City Improvement
54, 8, LOC_CITY_QUANG_TRI, , CONTRACT 1131, SUBMITTED, UNIT_BUILDER, NO_BUILDING, NO_DISTRICT, VALUE 358.0, Build City Improvement
54, 8, LOC_CITY_HOI_AN, , CONTRACT 1131, SUBMITTED, UNIT_BUILDER, NO_BUILDING, NO_DISTRICT, VALUE 358.0, Build City Improvement
54, 8, LOC_CITY_HOA_LU, , CONTRACT 1131, SUBMITTED, UNIT_BUILDER, NO_BUILDING, NO_DISTRICT, VALUE 358.0, Build City Improvement
54, 8, LOC_CITY_DONG_HOI, , CONTRACT 1131, SUBMITTED, UNIT_BUILDER, NO_BUILDING, NO_DISTRICT, VALUE 358.0, Build City Improvement
54, 8, LOC_CITY_CAN_THO, , CONTRACT 1131, SUBMITTED, UNIT_BUILDER, NO_BUILDING, NO_DISTRICT, VALUE 358.0, Build City Improvement
54, 8, LOC_CITY_NAME_VILNIUS, , CONTRACT 1131, SUBMITTED, UNIT_BUILDER, NO_BUILDING, NO_DISTRICT, VALUE 358.0, Build City Improvement
54, 8, LOC_CITY_HUE, , CONTRACT 1132, SUBMITTED, NO_UNIT, BUILDING_CASTLE, NO_DISTRICT, VALUE 938.0, Build City Building
54, 8, LOC_CITY_HA_NOI, , CONTRACT 1133, SUBMITTED, NO_UNIT, BUILDING_MUSEUM_ARTIFACT, NO_DISTRICT, VALUE 0.0, Build Trigger Building
54, 9, LOC_CITY_NAME_ARRETIUM, , CONTRACT 1115, ACCEPTED, NO_UNIT, BUILDING_BARRACKS, NO_DISTRICT, VALUE 1635.0, Build City Building
54, 9, LOC_CITY_NAME_ARRETIUM, , , BUILDING_ARMORY, Default Specialization, , , Value 2611.5
54, 9, LOC_CITY_NAME_ARPINUM, , CONTRACT 1034, COMPLETED, NO_UNIT, BUILDING_TEMPLE, NO_DISTRICT, VALUE 2632.4, Build City Building
54, 9, LOC_CITY_NAME_ARPINUM, , , BUILDING_STAR_FORT, Default Specialization, , , Value 1508.5
54, 9, LOC_CITY_NAME_LUGDUNUM, , CONTRACT 1062, COMPLETED, NO_UNIT, NO_BUILDING, DISTRICT_ENCAMPMENT, VALUE 2074.0, Build City District
54, 9, LOC_CITY_NAME_LUGDUNUM, , CONTRACT 1064, CANCELLED, UNIT_BUILDER, NO_BUILDING, NO_DISTRICT, VALUE 291.0, Build City Improvement
54, 9, LOC_CITY_NAME_LUGDUNUM, , , BUILDING_BARRACKS, Default Specialization, , , Value 1606.7
54, 9, LOC_CITY_NAME_CUMAE, , CONTRACT 1092, COMPLETED, NO_UNIT, BUILDING_STAR_FORT, NO_DISTRICT, VALUE 1810.2, Build City Building
54, 9, LOC_CITY_NAME_CUMAE, , , BUILDING_SHRINE, Default Specialization, , , Value 2896.0
54, 9, LOC_CITY_NAME_SETIA, , CONTRACT 1060, COMPLETED, UNIT_SETTLER, NO_BUILDING, NO_DISTRICT, VALUE 2355.0, Settle City Op
54, 9, LOC_CITY_NAME_SETIA, , CONTRACT 1064, CANCELLED, UNIT_BUILDER, NO_BUILDING, NO_DISTRICT, VALUE 291.0, Build City Improvement
54, 9, LOC_CITY_NAME_SETIA, , , DISTRICT_HOLY_SITE, Build City District, CONTRACT 1065
54, 9, FAITH PURCHASE, , , UNIT_APOSTLE, Unknown, CONTRACT 1116
54, 9, LOC_CITY_NAME_BRUNDISIUM, , CONTRACT 1135, SUBMITTED, NO_UNIT, NO_BUILDING, DISTRICT_ENCAMPMENT, VALUE 1707.0, Build City District
54, 10, LOC_CITY_NAME_BABYLON, , , NO BUILDS AT ALL (maybe city was nuked?), Generic Offense
54, 10, LOC_CITY_NAME_BABYLON, , , NO BUILDS AT ALL (maybe city was nuked?), Generic Offense
54, 12, LOC_CITY_NAME_HATTUSA, , CONTRACT 1069, COMPLETED, UNIT_BUILDER, NO_BUILDING, NO_DISTRICT, VALUE 244.0, Build City Improvement
54, 12, LOC_CITY_NAME_HATTUSA, , , UNIT_CROSSBOWMAN, Default Specialization, , , Value 83.9
54, 15, LOC_CITY_NAME_VATICAN_CITY, , , UNIT_HORSEMAN, Default Specialization, , , Value 23.5
54, 15, LOC_CITY_NAME_VATICAN_CITY, , , UNIT_HORSEMAN, Default Specialization, , , Value 23.5
54, 17, LOC_CITY_NAME_YEREVAN, , CONTRACT 1041, COMPLETED, UNIT_BUILDER, NO_BUILDING, NO_DISTRICT, VALUE 394.0, Build City Improvement
54, 17, LOC_CITY_NAME_YEREVAN, , , UNIT_SCOUT, Default Specialization, , , Value 60.0
54, 21, LOC_CITY_NAME_PRESLAV, , , UNIT_BUILDER, Build City Improvement, CONTRACT 1117
54, 0, LOC_CITY_NAME_SENA, , , BUILDING_WALLS, Default Specialization, , , Value 402.5
55, 5, LOC_CITY_NAME_PELLA, , , BUILDING_STAR_FORT, Default Specialization, , , Value 1810.2
55, 5, LOC_CITY_NAME_ALEXANDRIA_TROAS, , , BUILDING_STAR_FORT, Default Specialization, , , Value 1543.6
55, 5, LOC_CITY_NAME_CHALKIDIKI, , , BUILDING_STAR_FORT, Default Specialization, , , Value 1447.1
55, 5, LOC_CITY_NAME_FEZ, , , BUILDING_STAR_FORT, Default Specialization, , , Value 1350.6
55, 5, LOC_CITY_NAME_METHONE, , , DISTRICT_ENCAMPMENT, Build City District, CONTRACT 1046
55, 5, FAITH PURCHASE, , , UNIT_MISSIONARY, Unknown, CONTRACT 1121
55, 5, LOC_CITY_NAME_METHONE, , CONTRACT 1141, SUBMITTED, NO_UNIT, BUILDING_STAR_FORT, NO_DISTRICT, VALUE 498.0, Build City Building
55, 5, LOC_CITY_NAME_FEZ, , CONTRACT 1142, SUBMITTED, NO_UNIT, BUILDING_STAR_FORT, NO_DISTRICT, VALUE 956.0, Build City Building
55, 5, LOC_CITY_NAME_ALEXANDRIA_TROAS, , CONTRACT 1143, SUBMITTED, NO_UNIT, BUILDING_STAR_FORT, NO_DISTRICT, VALUE 888.0, Build City Building
55, 6, LOC_CITY_NAME_RIO_DE_JANEIRO, , CONTRACT 1126, ACCEPTED, NO_UNIT, BUILDING_BARRACKS, NO_DISTRICT, VALUE 2215.0, Build City Building
55, 6, LOC_CITY_NAME_RIO_DE_JANEIRO, , , PROJECT_ENHANCE_DISTRICT_COMMERCIAL_HUB, Default Specialization, , , Value 128.7
55, 6, LOC_CITY_NAME_SAO_PAULO, , CONTRACT 1101, COMPLETED, NO_UNIT, BUILDING_MUSEUM_ARTIFACT, NO_DISTRICT, VALUE 1943.4, Build City Building
55, 6, LOC_CITY_NAME_SAO_PAULO, , , PROJECT_ENHANCE_DISTRICT_THEATER, Default Specialization, , , Value 299.3
55, 6, LOC_CITY_NAME_FORTALEZA, , , DISTRICT_ENCAMPMENT, Build City District, CONTRACT 1125
55, 6, LOC_CITY_NAME_CURITIBA, , CONTRACT 1100, ACCEPTED, NO_UNIT, BUILDING_MUSEUM_ARTIFACT, NO_DISTRICT, VALUE 1023.0, Build City Building
55, 6, LOC_CITY_NAME_CURITIBA, , , PROJECT_ENHANCE_DISTRICT_THEATER, Default Specialization, , , Value 309.3
55, 6, LOC_CITY_NAME_PORTO_ALEGRE, , , BUILDING_SYNAGOGUE, Default Specialization, , , Value 3709.0
55, 6, FAITH PURCHASE, , , UNIT_APOSTLE, Unknown, CONTRACT 1127
55, 6, LOC_CITY_NAME_RIO_DE_JANEIRO, , CONTRACT 1144, SUBMITTED, UNIT_BUILDER, NO_BUILDING, NO_DISTRICT, VALUE 522.0, Build City Improvement
55, 6, LOC_CITY_NAME_SAO_PAULO, , CONTRACT 1144, SUBMITTED, UNIT_BUILDER, NO_BUILDING, NO_DISTRICT, VALUE 522.0, Build City Improvement
55, 6, LOC_CITY_NAME_FORTALEZA, , CONTRACT 1144, SUBMITTED, UNIT_BUILDER, NO_BUILDING, NO_DISTRICT, VALUE 522.0, Build City Improvement
55, 6, LOC_CITY_NAME_CURITIBA, , CONTRACT 1144, SUBMITTED, UNIT_BUILDER, NO_BUILDING, NO_DISTRICT, VALUE 522.0, Build City Improvement
55, 6, LOC_CITY_NAME_SALVADOR, , CONTRACT 1144, SUBMITTED, UNIT_BUILDER, NO_BUILDING, NO_DISTRICT, VALUE 522.0, Build City Improvement
55, 6, LOC_CITY_NAME_JERUSALEM, , CONTRACT 1144, SUBMITTED, UNIT_BUILDER, NO_BUILDING, NO_DISTRICT, VALUE 522.0, Build City Improvement
55, 6, LOC_CITY_NAME_PORTO_ALEGRE, , CONTRACT 1144, SUBMITTED, UNIT_BUILDER, NO_BUILDING, NO_DISTRICT, VALUE 522.0, Build City Improvement
55, 6, LOC_CITY_NAME_RIO_DE_JANEIRO, , CONTRACT 1145, SUBMITTED, UNIT_BUILDER, NO_BUILDING, NO_DISTRICT, VALUE 421.0, Build City Improvement
55, 6, LOC_CITY_NAME_SAO_PAULO, , CONTRACT 1145, SUBMITTED, UNIT_BUILDER, NO_BUILDING, NO_DISTRICT, VALUE 421.0, Build City Improvement
55, 6, LOC_CITY_NAME_FORTALEZA, , CONTRACT 1145, SUBMITTED, UNIT_BUILDER, NO_BUILDING, NO_DISTRICT, VALUE 421.0, Build City Improvement
55, 6, LOC_CITY_NAME_CURITIBA, , CONTRACT 1145, SUBMITTED, UNIT_BUILDER, NO_BUILDING, NO_DISTRICT, VALUE 421.0, Build City Improvement
55, 6, LOC_CITY_NAME_SALVADOR, , CONTRACT 1145, SUBMITTED, UNIT_BUILDER, NO_BUILDING, NO_DISTRICT, VALUE 421.0, Build City Improvement
55, 6, LOC_CITY_NAME_JERUSALEM, , CONTRACT 1145, SUBMITTED, UNIT_BUILDER, NO_BUILDING, NO_DISTRICT, VALUE 421.0, Build City Improvement
55, 6, LOC_CITY_NAME_PORTO_ALEGRE, , CONTRACT 1145, SUBMITTED, UNIT_BUILDER, NO_BUILDING, NO_DISTRICT, VALUE 421.0, Build City Improvement
55, 6, LOC_CITY_NAME_FORTALEZA, , CONTRACT 1146, SUBMITTED, NO_UNIT, BUILDING_MUSEUM_ARTIFACT, NO_DISTRICT, VALUE 1756.0, Build City Building
55, 6, LOC_CITY_NAME_RIO_DE_JANEIRO, , CONTRACT 1147, SUBMITTED, UNIT_BUILDER, NO_BUILDING, NO_DISTRICT, VALUE 817.0, Build City Improvement
55, 6, LOC_CITY_NAME_SAO_PAULO, , CONTRACT 1147, SUBMITTED, UNIT_BUILDER, NO_BUILDING, NO_DISTRICT, VALUE 817.0, Build City Improvement
55, 6, LOC_CITY_NAME_FORTALEZA, , CONTRACT 1147, SUBMITTED, UNIT_BUILDER, NO_BUILDING, NO_DISTRICT, VALUE 817.0, Build City Improvement
55, 6, LOC_CITY_NAME_CURITIBA, , CONTRACT 1147, SUBMITTED, UNIT_BUILDER, NO_BUILDING, NO_DISTRICT, VALUE 817.0, Build City Improvement
55, 6, LOC_CITY_NAME_SALVADOR, , CONTRACT 1147, SUBMITTED, UNIT_BUILDER, NO_BUILDING, NO_DISTRICT, VALUE 817.0, Build City Improvement
55, 6, LOC_CITY_NAME_JERUSALEM, , CONTRACT 1147, SUBMITTED, UNIT_BUILDER, NO_BUILDING, NO_DISTRICT, VALUE 817.0, Build City Improvement
55, 6, LOC_CITY_NAME_PORTO_ALEGRE, , CONTRACT 1147, SUBMITTED, UNIT_BUILDER, NO_BUILDING, NO_DISTRICT, VALUE 817.0, Build City Improvement
55, 6, LOC_CITY_NAME_RIO_DE_JANEIRO, , CONTRACT 1148, SUBMITTED, NO_UNIT, NO_BUILDING, DISTRICT_CAMPUS, VALUE 2479.0, Build City District
55, 6, LOC_CITY_NAME_RIO_DE_JANEIRO, , CONTRACT 1149, SUBMITTED, UNIT_BUILDER, NO_BUILDING, NO_DISTRICT, VALUE 0.0, Build Trigger Building
55, 6, LOC_CITY_NAME_SAO_PAULO, , CONTRACT 1149, SUBMITTED, UNIT_BUILDER, NO_BUILDING, NO_DISTRICT, VALUE 0.0, Build Trigger Building
55, 6, LOC_CITY_NAME_FORTALEZA, , CONTRACT 1149, SUBMITTED, UNIT_BUILDER, NO_BUILDING, NO_DISTRICT, VALUE 0.0, Build Trigger Building
55, 6, LOC_CITY_NAME_CURITIBA, , CONTRACT 1149, SUBMITTED, UNIT_BUILDER, NO_BUILDING, NO_DISTRICT, VALUE 0.0, Build Trigger Building
55, 6, LOC_CITY_NAME_SALVADOR, , CONTRACT 1149, SUBMITTED, UNIT_BUILDER, NO_BUILDING, NO_DISTRICT, VALUE 0.0, Build Trigger Building
55, 6, LOC_CITY_NAME_JERUSALEM, , CONTRACT 1149, SUBMITTED, UNIT_BUILDER, NO_BUILDING, NO_DISTRICT, VALUE 0.0, Build Trigger Building
55, 6, LOC_CITY_NAME_PORTO_ALEGRE, , CONTRACT 1149, SUBMITTED, UNIT_BUILDER, NO_BUILDING, NO_DISTRICT, VALUE 0.0, Build Trigger Building
55, 7, LOC_CITY_NAME_AACHEN, , , BUILDING_ARMORY, Default Specialization, , , Value 3026.8
55, 7, LOC_CITY_NAME_COLOGNE, , , UNIT_SPY, Default Specialization, , , Value 402.3
55, 7, LOC_CITY_NAME_DORTMUND, , , PROJECT_ENHANCE_DISTRICT_THEATER, Default Specialization, , , Value 309.3
55, 7, LOC_CITY_NAME_HEIDELBERG, , , UNIT_MUSKETMAN, Default Specialization, , , Value 41.0
55, 7, LOC_CITY_NAME_MAINZ, , CONTRACT 1020, COMPLETED, NO_UNIT, BUILDING_CASTLE, NO_DISTRICT, VALUE 1146.4, Build City Building
55, 7, LOC_CITY_NAME_MAINZ, , , DISTRICT_HOLY_SITE, Build City District, CONTRACT 1128
55, 7, LOC_CITY_NAME_AACHEN, , CONTRACT 1151, SUBMITTED, UNIT_BUILDER, NO_BUILDING, NO_DISTRICT, VALUE 299.0, Build City Improvement
55, 7, LOC_CITY_NAME_MAGDEBURG, , CONTRACT 1151, SUBMITTED, UNIT_BUILDER, NO_BUILDING, NO_DISTRICT, VALUE 299.0, Build City Improvement
55, 7, LOC_CITY_NAME_COLOGNE, , CONTRACT 1151, SUBMITTED, UNIT_BUILDER, NO_BUILDING, NO_DISTRICT, VALUE 299.0, Build City Improvement
55, 7, LOC_CITY_NAME_DORTMUND, , CONTRACT 1151, SUBMITTED, UNIT_BUILDER, NO_BUILDING, NO_DISTRICT, VALUE 299.0, Build City Improvement
55, 7, LOC_CITY_NAME_HEIDELBERG, , CONTRACT 1151, SUBMITTED, UNIT_BUILDER, NO_BUILDING, NO_DISTRICT, VALUE 299.0, Build City Improvement
55, 7, LOC_CITY_NAME_MAINZ, , CONTRACT 1151, SUBMITTED, UNIT_BUILDER, NO_BUILDING, NO_DISTRICT, VALUE 299.0, Build City Improvement
55, 7, LOC_CITY_NAME_BERLIN, , CONTRACT 1151, SUBMITTED, UNIT_BUILDER, NO_BUILDING, NO_DISTRICT, VALUE 299.0, Build City Improvement
55, 7, LOC_CITY_NAME_AACHEN, , CONTRACT 1152, SUBMITTED, NO_UNIT, NO_BUILDING, DISTRICT_THEATER, VALUE 2320.0, Build City District
55, 7, LOC_CITY_NAME_AACHEN, , CONTRACT 1153, SUBMITTED, NO_UNIT, BUILDING_MUSEUM_ART, NO_DISTRICT, VALUE 0.0, Build Trigger Building
55, 8, LOC_CITY_HA_NOI, , , UNIT_PIKE_AND_SHOT, Generic Offense
55, 8, LOC_CITY_HUE, , CONTRACT 1132, ACCEPTED, NO_UNIT, BUILDING_CASTLE, NO_DISTRICT, VALUE 938.0, Build City Building
55, 8, LOC_CITY_HUE, , , UNIT_BUILDER, Build City Improvement, CONTRACT 1130
55, 8, LOC_CITY_QUANG_TRI, , CONTRACT 1130, IN PROGRESS, UNIT_BUILDER, NO_BUILDING, NO_DISTRICT, VALUE 504.0, Build City Improvement
55, 8, LOC_CITY_QUANG_TRI, , , UNIT_BUILDER, Build City Improvement, CONTRACT 1131
55, 8, LOC_CITY_HOI_AN, , CONTRACT 1130, IN PROGRESS, UNIT_BUILDER, NO_BUILDING, NO_DISTRICT, VALUE 504.0, Build City Improvement
55, 8, LOC_CITY_HOI_AN, , CONTRACT 1131, IN PROGRESS, UNIT_BUILDER, NO_BUILDING, NO_DISTRICT, VALUE 358.0, Build City Improvement
55, 8, LOC_CITY_HOI_AN, , , UNIT_MUSKETMAN, Default Specialization, , , Value 31.5
55, 8, LOC_CITY_HOA_LU, , CONTRACT 1130, IN PROGRESS, UNIT_BUILDER, NO_BUILDING, NO_DISTRICT, VALUE 504.0, Build City Improvement
55, 8, LOC_CITY_HOA_LU, , CONTRACT 1131, IN PROGRESS, UNIT_BUILDER, NO_BUILDING, NO_DISTRICT, VALUE 358.0, Build City Improvement
55, 8, LOC_CITY_HOA_LU, , , BUILDING_CASTLE, Default Specialization, , , Value 1327.4
55, 8, LOC_CITY_DONG_HOI, , CONTRACT 1111, COMPLETED, NO_UNIT, NO_BUILDING, DISTRICT_AQUEDUCT, VALUE 1253.0, Build City District
55, 8, LOC_CITY_DONG_HOI, , CONTRACT 1130, IN PROGRESS, UNIT_BUILDER, NO_BUILDING, NO_DISTRICT, VALUE 504.0, Build City Improvement
55, 8, LOC_CITY_DONG_HOI, , CONTRACT 1131, IN PROGRESS, UNIT_BUILDER, NO_BUILDING, NO_DISTRICT, VALUE 358.0, Build City Improvement
55, 8, LOC_CITY_DONG_HOI, , , BUILDING_LIBRARY, Default Specialization, , , Value 1150.7
55, 8, LOC_CITY_CAN_THO, , CONTRACT 1130, IN PROGRESS, UNIT_BUILDER, NO_BUILDING, NO_DISTRICT, VALUE 504.0, Build City Improvement
55, 8, LOC_CITY_CAN_THO, , CONTRACT 1131, IN PROGRESS, UNIT_BUILDER, NO_BUILDING, NO_DISTRICT, VALUE 358.0, Build City Improvement
55, 8, LOC_CITY_CAN_THO, , , BUILDING_WALLS, Default Specialization, , , Value 221.2
55, 8, FAITH PURCHASE, , , UNIT_APOSTLE, Unknown, CONTRACT 1134
55, 8, LOC_CITY_CAN_THO, , CONTRACT 1154, SUBMITTED, NO_UNIT, BUILDING_WALLS, NO_DISTRICT, VALUE 221.0, Build City Building
55, 8, LOC_CITY_HA_NOI, , CONTRACT 1155, SUBMITTED, UNIT_BUILDER, NO_BUILDING, NO_DISTRICT, VALUE 631.0, Build City Improvement
55, 8, LOC_CITY_HOI_AN, , CONTRACT 1155, SUBMITTED, UNIT_BUILDER, NO_BUILDING, NO_DISTRICT, VALUE 631.0, Build City Improvement
55, 8, LOC_CITY_HOA_LU, , CONTRACT 1155, SUBMITTED, UNIT_BUILDER, NO_BUILDING, NO_DISTRICT, VALUE 631.0, Build City Improvement
55, 8, LOC_CITY_DONG_HOI, , CONTRACT 1155, SUBMITTED, UNIT_BUILDER, NO_BUILDING, NO_DISTRICT, VALUE 631.0, Build City Improvement
55, 8, LOC_CITY_CAN_THO, , CONTRACT 1155, SUBMITTED, UNIT_BUILDER, NO_BUILDING, NO_DISTRICT, VALUE 631.0, Build City Improvement
55, 8, LOC_CITY_NAME_VILNIUS, , CONTRACT 1155, SUBMITTED, UNIT_BUILDER, NO_BUILDING, NO_DISTRICT, VALUE 631.0, Build City Improvement
55, 8, LOC_CITY_HA_NOI, , CONTRACT 1156, SUBMITTED, NO_UNIT, NO_BUILDING, DISTRICT_THEATER, VALUE 2526.0, Build City District
55, 9, LOC_CITY_NAME_ROME, , , BUILDING_SHRINE, Default Specialization, , , Value 8658.6
55, 9, LOC_CITY_NAME_ARRETIUM, , , BUILDING_STAR_FORT, Default Specialization, , , Value 1543.6
55, 9, LOC_CITY_NAME_LUGDUNUM, , , BUILDING_ARMORY, Default Specialization, , , Value 2742.6
55, 9, LOC_CITY_NAME_CUMAE, , , BUILDING_TEMPLE, Default Specialization, , , Value 2687.3
55, 9, FAITH PURCHASE, , , UNIT_APOSTLE, Unknown, CONTRACT 1138
55, 9, LOC_CITY_NAME_CUMAE, , CONTRACT 1158, SUBMITTED, NO_UNIT, BUILDING_TEMPLE, NO_DISTRICT, VALUE 2687.0, Build City Building
55, 9, LOC_CITY_NAME_LUGDUNUM, , CONTRACT 1159, SUBMITTED, NO_UNIT, NO_BUILDING, DISTRICT_BATH, VALUE 1286.0, Build City District
55, 10, LOC_CITY_NAME_BABYLON, , , UNIT_CROSSBOWMAN, Default Specialization, , , Value 36.0
55, 15, LOC_CITY_NAME_VATICAN_CITY, , , UNIT_HORSEMAN, Default Specialization, , , Value 70.5
55, 15, LOC_CITY_NAME_VATICAN_CITY, , , UNIT_HORSEMAN, Default Specialization, , , Value 70.5
55, 17, LOC_CITY_NAME_YEREVAN, , , UNIT_SKIRMISHER, Default Specialization, , , Value 60.0
55, 21, LOC_CITY_NAME_PRESLAV, , CONTRACT 1117, COMPLETED, UNIT_BUILDER, NO_BUILDING, NO_DISTRICT, VALUE 309.0, Build City Improvement
55, 21, LOC_CITY_NAME_PRESLAV, , , NO BUILDS AT ALL (maybe city was nuked?), Generic Offense
55, 21, LOC_CITY_NAME_PRESLAV, , , NO BUILDS AT ALL (maybe city was nuked?), Generic Offense
55, 0, LOC_CITY_NAME_BUENOS_AIRES, 3.13, -0.10, , YIELD_FOOD: 0.1, YIELD_PRODUCTION: 0.0, YIELD_GOLD: 0.0, YIELD_SCIENCE: 0.0, YIELD_CULTURE: -0.1, YIELD_FAITH: 0.0, , 
55, 0, LOC_CITY_NAME_BUENOS_AIRES, 3.33, 0.04, , YIELD_FOOD: 0.1, YIELD_PRODUCTION: 0.0, YIELD_GOLD: 0.0, YIELD_SCIENCE: 0.0, YIELD_CULTURE: -0.1, YIELD_FAITH: 0.0, , 
55, 18, LOC_CITY_NAME_BUENOS_AIRES, -0.80, -1.21, , YIELD_FOOD: 0.0, YIELD_PRODUCTION: -0.1, YIELD_GOLD: 0.0, YIELD_SCIENCE: 0.1, YIELD_CULTURE: 0.0, YIELD_FAITH: 0.0, , 
55, 18, LOC_CITY_NAME_BUENOS_AIRES, -0.31, -0.92, , YIELD_FOOD: 0.0, YIELD_PRODUCTION: -0.1, YIELD_GOLD: 0.0, YIELD_SCIENCE: 0.1, YIELD_CULTURE: 0.0, YIELD_FAITH: 0.0, , 
56, 5, LOC_CITY_NAME_PELLA, , , PROJECT_ENHANCE_DISTRICT_INDUSTRIAL_ZONE, Default Specialization, , , Value 117.9
56, 5, LOC_CITY_NAME_ALEXANDRIA_TROAS, , CONTRACT 1143, ACCEPTED, NO_UNIT, BUILDING_STAR_FORT, NO_DISTRICT, VALUE 888.0, Build City Building
56, 5, LOC_CITY_NAME_ALEXANDRIA_TROAS, , , PROJECT_ENHANCE_DISTRICT_CAMPUS, Default Specialization, , , Value 134.6
56, 5, LOC_CITY_NAME_ALEXANDRIA_LATMUS, , , BUILDING_STAR_FORT, Default Specialization, , , Value 1106.2
56, 6, PURCHASE, , , UNIT_BUILDER, Build City Improvement, CONTRACT 1144
56, 6, LOC_CITY_NAME_RIO_DE_JANEIRO, , CONTRACT 1144, COMPLETED, UNIT_BUILDER, NO_BUILDING, NO_DISTRICT, VALUE 522.0, Build City Improvement
56, 6, LOC_CITY_NAME_RIO_DE_JANEIRO, , , DISTRICT_CAMPUS, Build City District, CONTRACT 1148
56, 6, LOC_CITY_NAME_FORTALEZA, , CONTRACT 1125, COMPLETED, NO_UNIT, NO_BUILDING, DISTRICT_ENCAMPMENT, VALUE 2438.7, Build City District
56, 6, LOC_CITY_NAME_FORTALEZA, , CONTRACT 1144, COMPLETED, UNIT_BUILDER, NO_BUILDING, NO_DISTRICT, VALUE 522.0, Build City Improvement
56, 6, LOC_CITY_NAME_FORTALEZA, , , BUILDING_MUSEUM_ARTIFACT, Build City Building, CONTRACT 1146
56, 6, LOC_CITY_NAME_JERUSALEM, , CONTRACT 1144, COMPLETED, UNIT_BUILDER, NO_BUILDING, NO_DISTRICT, VALUE 522.0, Build City Improvement
56, 6, LOC_CITY_NAME_JERUSALEM, , , UNIT_BUILDER, Build City Improvement, CONTRACT 1147
56, 6, FAITH PURCHASE, , , UNIT_APOSTLE, Unknown, CONTRACT 1150
56, 6, LOC_CITY_NAME_RIO_DE_JANEIRO, , CONTRACT 1167, SUBMITTED, UNIT_BUILDER, NO_BUILDING, NO_DISTRICT, VALUE 721.0, Build City Improvement
56, 6, LOC_CITY_NAME_SAO_PAULO, , CONTRACT 1167, SUBMITTED, UNIT_BUILDER, NO_BUILDING, NO_DISTRICT, VALUE 721.0, Build City Improvement
56, 6, LOC_CITY_NAME_FORTALEZA, , CONTRACT 1167, SUBMITTED, UNIT_BUILDER, NO_BUILDING, NO_DISTRICT, VALUE 721.0, Build City Improvement
56, 6, LOC_CITY_NAME_CURITIBA, , CONTRACT 1167, SUBMITTED, UNIT_BUILDER, NO_BUILDING, NO_DISTRICT, VALUE 721.0, Build City Improvement
56, 6, LOC_CITY_NAME_SALVADOR, , CONTRACT 1167, SUBMITTED, UNIT_BUILDER, NO_BUILDING, NO_DISTRICT, VALUE 721.0, Build City Improvement
56, 6, LOC_CITY_NAME_PORTO_ALEGRE, , CONTRACT 1167, SUBMITTED, UNIT_BUILDER, NO_BUILDING, NO_DISTRICT, VALUE 721.0, Build City Improvement
56, 7, LOC_CITY_NAME_AACHEN, , , DISTRICT_THEATER, Build City District, CONTRACT 1152
56, 7, LOC_CITY_NAME_MAGDEBURG, , , BUILDING_ALCHEMICAL_SOCIETY, Default Specialization, , , Value 2542.4
56, 7, LOC_CITY_NAME_COLOGNE, , , BUILDING_TEMPLE, Default Specialization, , , Value 2448.7
56, 7, LOC_CITY_NAME_BERLIN, , CONTRACT 1082, COMPLETED, UNIT_SETTLER, NO_BUILDING, NO_DISTRICT, VALUE 1788.0, Settle City Op
56, 7, LOC_CITY_NAME_BERLIN, , , DISTRICT_ENTERTAINMENT_COMPLEX, Build City District, CONTRACT 1083
56, 7, LOC_CITY_NAME_DORTMUND, , CONTRACT 1169, SUBMITTED, NO_UNIT, BUILDING_TEMPLE, NO_DISTRICT, VALUE 1563.0, Build City Building
56, 7, LOC_CITY_NAME_MAINZ, , CONTRACT 1170, SUBMITTED, NO_UNIT, BUILDING_LIBRARY, NO_DISTRICT, VALUE 2983.0, Build City Building
56, 7, LOC_CITY_NAME_COLOGNE, , CONTRACT 1171, SUBMITTED, NO_UNIT, BUILDING_TEMPLE, NO_DISTRICT, VALUE 2577.0, Build City Building
56, 7, LOC_CITY_NAME_AACHEN, , CONTRACT 1172, SUBMITTED, NO_UNIT, BUILDING_TEMPLE, NO_DISTRICT, VALUE 2473.0, Build City Building
56, 7, LOC_CITY_NAME_MAGDEBURG, , CONTRACT 1173, SUBMITTED, NO_UNIT, BUILDING_TEMPLE, NO_DISTRICT, VALUE 2692.0, Build City Building
56, 7, LOC_CITY_NAME_AACHEN, , CONTRACT 1174, SUBMITTED, UNIT_BUILDER, NO_BUILDING, NO_DISTRICT, VALUE 321.0, Build City Improvement
56, 7, LOC_CITY_NAME_MAGDEBURG, , CONTRACT 1174, SUBMITTED, UNIT_BUILDER, NO_BUILDING, NO_DISTRICT, VALUE 321.0, Build City Improvement
56, 7, LOC_CITY_NAME_COLOGNE, , CONTRACT 1174, SUBMITTED, UNIT_BUILDER, NO_BUILDING, NO_DISTRICT, VALUE 321.0, Build City Improvement
56, 7, LOC_CITY_NAME_DORTMUND, , CONTRACT 1174, SUBMITTED, UNIT_BUILDER, NO_BUILDING, NO_DISTRICT, VALUE 321.0, Build City Improvement
56, 7, LOC_CITY_NAME_HEIDELBERG, , CONTRACT 1174, SUBMITTED, UNIT_BUILDER, NO_BUILDING, NO_DISTRICT, VALUE 321.0, Build City Improvement
56, 7, LOC_CITY_NAME_MAINZ, , CONTRACT 1174, SUBMITTED, UNIT_BUILDER, NO_BUILDING, NO_DISTRICT, VALUE 321.0, Build City Improvement
56, 7, LOC_CITY_NAME_BERLIN, , CONTRACT 1174, SUBMITTED, UNIT_BUILDER, NO_BUILDING, NO_DISTRICT, VALUE 321.0, Build City Improvement
56, 8, LOC_CITY_HA_NOI, , CONTRACT 1130, COMPLETED, UNIT_BUILDER, NO_BUILDING, NO_DISTRICT, VALUE 504.0, Build City Improvement
56, 8, LOC_CITY_HA_NOI, , CONTRACT 1131, COMPLETED, UNIT_BUILDER, NO_BUILDING, NO_DISTRICT, VALUE 358.0, Build City Improvement
56, 8, LOC_CITY_HA_NOI, , , DISTRICT_THEATER, Build City District, CONTRACT 1156
56, 8, LOC_CITY_HUE, , CONTRACT 1130, COMPLETED, UNIT_BUILDER, NO_BUILDING, NO_DISTRICT, VALUE 504.0, Build City Improvement
56, 8, LOC_CITY_HUE, , CONTRACT 1131, COMPLETED, UNIT_BUILDER, NO_BUILDING, NO_DISTRICT, VALUE 358.0, Build City Improvement
56, 8, LOC_CITY_HUE, , , UNIT_MUSKETMAN, Default Specialization, , , Value 30.7
56, 8, LOC_CITY_QUANG_TRI, , CONTRACT 1131, COMPLETED, UNIT_BUILDER, NO_BUILDING, NO_DISTRICT, VALUE 358.0, Build City Improvement
56, 8, LOC_CITY_QUANG_TRI, , , BUILDING_CASTLE, Default Specialization, , , Value 965.4
56, 8, LOC_CITY_HOI_AN, , , UNIT_BUILDER, Build City Improvement, CONTRACT 1155
56, 8, LOC_CITY_HOA_LU, , CONTRACT 1155, IN PROGRESS, UNIT_BUILDER, NO_BUILDING, NO_DISTRICT, VALUE 631.0, Build City Improvement
56, 8, LOC_CITY_HOA_LU, , , UNIT_MUSKETMAN, Default Specialization, , , Value 30.7
56, 8, LOC_CITY_DONG_HOI, , CONTRACT 1155, IN PROGRESS, UNIT_BUILDER, NO_BUILDING, NO_DISTRICT, VALUE 631.0, Build City Improvement
56, 8, LOC_CITY_DONG_HOI, , , BUILDING_WALLS, Default Specialization, , , Value 201.1
56, 8, LOC_CITY_CAN_THO, , CONTRACT 1154, ACCEPTED, NO_UNIT, BUILDING_WALLS, NO_DISTRICT, VALUE 221.0, Build City Building
56, 8, LOC_CITY_CAN_THO, , CONTRACT 1155, IN PROGRESS, UNIT_BUILDER, NO_BUILDING, NO_DISTRICT, VALUE 631.0, Build City Improvement
56, 8, LOC_CITY_CAN_THO, , , BUILDING_CASTLE, Default Specialization, , , Value 926.1
56, 8, LOC_CITY_NAME_VILNIUS, , CONTRACT 1130, COMPLETED, UNIT_BUILDER, NO_BUILDING, NO_DISTRICT, VALUE 504.0, Build City Improvement
56, 8, LOC_CITY_NAME_VILNIUS, , CONTRACT 1131, COMPLETED, UNIT_BUILDER, NO_BUILDING, NO_DISTRICT, VALUE 358.0, Build City Improvement
56, 8, LOC_CITY_NAME_VILNIUS, , CONTRACT 1155, IN PROGRESS, UNIT_BUILDER, NO_BUILDING, NO_DISTRICT, VALUE 631.0, Build City Improvement
56, 8, LOC_CITY_NAME_VILNIUS, , , UNIT_MUSKETMAN, Default Specialization, , , Value 29.9
56, 8, FAITH PURCHASE, , , UNIT_APOSTLE, Unknown, CONTRACT 1157
56, 9, LOC_CITY_NAME_ROME, , , BUILDING_TEMPLE, Default Specialization, , , Value 4055.7
56, 9, LOC_CITY_NAME_ARPINUM, , , BUILDING_DAR_E_MEHR, Default Specialization, , , Value 1455.1
56, 9, LOC_CITY_NAME_LUGDUNUM, , , DISTRICT_BATH, Build City District, CONTRACT 1159
56, 9, LOC_CITY_NAME_CUMAE, , CONTRACT 1158, ACCEPTED, NO_UNIT, BUILDING_TEMPLE, NO_DISTRICT, VALUE 2687.0, Build City Building
56, 9, LOC_CITY_NAME_CUMAE, , , BUILDING_DAR_E_MEHR, Default Specialization, , , Value 1455.1
56, 9, LOC_CITY_NAME_BRUNDISIUM, , CONTRACT 1093, COMPLETED, NO_UNIT, BUILDING_STAR_FORT, NO_DISTRICT, VALUE 1407.9, Build City Building
56, 9, LOC_CITY_NAME_BRUNDISIUM, , , DISTRICT_ENCAMPMENT, Build City District, CONTRACT 1135
56, 9, LOC_CITY_NAME_SETIA, , CONTRACT 1065, COMPLETED, NO_UNIT, NO_BUILDING, DISTRICT_HOLY_SITE, VALUE 1909.0, Build City District
56, 9, LOC_CITY_NAME_SETIA, , , BUILDING_WALLS, Build City Building, CONTRACT 1066
56, 9, FAITH PURCHASE, , , UNIT_APOSTLE, Unknown, CONTRACT 1161
56, 10, LOC_CITY_NAME_BABYLON, , , NO BUILDS AT ALL (maybe city was nuked?), Generic Offense
56, 10, LOC_CITY_NAME_BABYLON, , , NO BUILDS AT ALL (maybe city was nuked?), Generic Offense
56, 10, LOC_CITY_NAME_BABYLON, , CONTRACT 1182, SUBMITTED, UNIT_BUILDER, NO_BUILDING, NO_DISTRICT, VALUE 283.0, Build City Improvement
56, 14, LOC_CITY_NAME_LISBON, , , UNIT_CROSSBOWMAN, Default Specialization, , , Value 101.3
56, 15, LOC_CITY_NAME_VATICAN_CITY, , , UNIT_HORSEMAN, Default Specialization, , , Value 23.5
56, 15, LOC_CITY_NAME_VATICAN_CITY, , , UNIT_HORSEMAN, Default Specialization, , , Value 23.5
56, 18, LOC_CITY_NAME_BUENOS_AIRES, , , BUILDING_WALLS, Default Specialization, , , Value 274.4
56, 21, LOC_CITY_NAME_PRESLAV, , , NO BUILDS AT ALL (maybe city was nuked?), Generic Offense
56, 21, LOC_CITY_NAME_PRESLAV, , , NO BUILDS AT ALL (maybe city was nuked?), Generic Offense
56, 4, LOC_CITY_NAME_KURGUS, 3.68, 0.66, , YIELD_FOOD: 0.1, YIELD_PRODUCTION: 0.0, YIELD_GOLD: 0.0, YIELD_SCIENCE: -0.1, YIELD_CULTURE: 0.0, YIELD_FAITH: 0.0, , 
57, 5, LOC_CITY_NAME_CHALKIDIKI, , , BUILDING_ARENA, Default Specialization, , , Value 338.6
57, 5, LOC_CITY_NAME_ALEXANDRIA_LATMUS, , , PROJECT_ENHANCE_DISTRICT_CAMPUS, Default Specialization, , , Value 170.5
57, 5, LOC_CITY_NAME_FEZ, , CONTRACT 1142, ACCEPTED, NO_UNIT, BUILDING_STAR_FORT, NO_DISTRICT, VALUE 956.0, Build City Building
57, 5, LOC_CITY_NAME_FEZ, , , UNIT_MUSKETMAN, Default Specialization, , , Value 45.9
57, 5, LOC_CITY_NAME_METHONE, , CONTRACT 1046, COMPLETED, NO_UNIT, NO_BUILDING, DISTRICT_ENCAMPMENT, VALUE 2603.0, Build City District
57, 5, LOC_CITY_NAME_METHONE, , , BUILDING_STAR_FORT, Build City Building, CONTRACT 1141
57, 5, FAITH PURCHASE, , , UNIT_MISSIONARY, Unknown, CONTRACT 1164
57, 5, LOC_CITY_NAME_ALEXANDRIA_TROAS, , CONTRACT 1189, SUBMITTED, NO_UNIT, NO_BUILDING, DISTRICT_ENCAMPMENT, VALUE 1757.0, Build City District
57, 6, LOC_CITY_NAME_RIO_DE_JANEIRO, , CONTRACT 1147, IN PROGRESS, UNIT_BUILDER, NO_BUILDING, NO_DISTRICT, VALUE 817.0, Build City Improvement
57, 6, LOC_CITY_NAME_RIO_DE_JANEIRO, , CONTRACT 1148, COMPLETED, NO_UNIT, NO_BUILDING, DISTRICT_CAMPUS, VALUE 2479.0, Build City District
57, 6, LOC_CITY_NAME_RIO_DE_JANEIRO, , , UNIT_BUILDER, Build City Improvement, CONTRACT 1167
57, 6, LOC_CITY_NAME_SAO_PAULO, , CONTRACT 1144, CANCELLED, UNIT_BUILDER, NO_BUILDING, NO_DISTRICT, VALUE 522.0, Build City Improvement
57, 6, LOC_CITY_NAME_SAO_PAULO, , CONTRACT 1147, IN PROGRESS, UNIT_BUILDER, NO_BUILDING, NO_DISTRICT, VALUE 817.0, Build City Improvement
57, 6, LOC_CITY_NAME_SAO_PAULO, , CONTRACT 1167, IN PROGRESS, UNIT_BUILDER, NO_BUILDING, NO_DISTRICT, VALUE 721.0, Build City Improvement
57, 6, LOC_CITY_NAME_SAO_PAULO, , , UNIT_BUILDER, Build City Improvement, CONTRACT 1145
57, 6, LOC_CITY_NAME_CURITIBA, , CONTRACT 1144, CANCELLED, UNIT_BUILDER, NO_BUILDING, NO_DISTRICT, VALUE 522.0, Build City Improvement
57, 6, LOC_CITY_NAME_CURITIBA, , CONTRACT 1145, IN PROGRESS, UNIT_BUILDER, NO_BUILDING, NO_DISTRICT, VALUE 421.0, Build City Improvement
57, 6, LOC_CITY_NAME_CURITIBA, , CONTRACT 1147, IN PROGRESS, UNIT_BUILDER, NO_BUILDING, NO_DISTRICT, VALUE 817.0, Build City Improvement
57, 6, LOC_CITY_NAME_CURITIBA, , CONTRACT 1167, IN PROGRESS, UNIT_BUILDER, NO_BUILDING, NO_DISTRICT, VALUE 721.0, Build City Improvement
57, 6, LOC_CITY_NAME_CURITIBA, , , BUILDING_CASTLE, Default Specialization, , , Value 1327.4
57, 6, LOC_CITY_NAME_SALVADOR, , CONTRACT 1144, CANCELLED, UNIT_BUILDER, NO_BUILDING, NO_DISTRICT, VALUE 522.0, Build City Improvement
57, 6, LOC_CITY_NAME_SALVADOR, , CONTRACT 1145, IN PROGRESS, UNIT_BUILDER, NO_BUILDING, NO_DISTRICT, VALUE 421.0, Build City Improvement
57, 6, LOC_CITY_NAME_SALVADOR, , CONTRACT 1147, IN PROGRESS, UNIT_BUILDER, NO_BUILDING, NO_DISTRICT, VALUE 817.0, Build City Improvement
57, 6, LOC_CITY_NAME_SALVADOR, , CONTRACT 1167, IN PROGRESS, UNIT_BUILDER, NO_BUILDING, NO_DISTRICT, VALUE 721.0, Build City Improvement
57, 6, LOC_CITY_NAME_SALVADOR, , , BUILDING_CASTLE, Default Specialization, , , Value 1327.4
57, 6, LOC_CITY_NAME_PORTO_ALEGRE, , CONTRACT 1144, CANCELLED, UNIT_BUILDER, NO_BUILDING, NO_DISTRICT, VALUE 522.0, Build City Improvement
57, 6, LOC_CITY_NAME_PORTO_ALEGRE, , CONTRACT 1145, IN PROGRESS, UNIT_BUILDER, NO_BUILDING, NO_DISTRICT, VALUE 421.0, Build City Improvement
57, 6, LOC_CITY_NAME_PORTO_ALEGRE, , CONTRACT 1147, IN PROGRESS, UNIT_BUILDER, NO_BUILDING, NO_DISTRICT, VALUE 817.0, Build City Improvement
57, 6, LOC_CITY_NAME_PORTO_ALEGRE, , CONTRACT 1167, IN PROGRESS, UNIT_BUILDER, NO_BUILDING, NO_DISTRICT, VALUE 721.0, Build City Improvement
57, 6, LOC_CITY_NAME_PORTO_ALEGRE, , , BUILDING_CASTLE, Default Specialization, , , Value 1206.8
57, 6, FAITH PURCHASE, , , UNIT_APOSTLE, Unknown, CONTRACT 1168
57, 6, LOC_CITY_NAME_PORTO_ALEGRE, , CONTRACT 1192, SUBMITTED, NO_UNIT, BUILDING_CASTLE, NO_DISTRICT, VALUE 515.0, Build City Building
57, 6, LOC_CITY_NAME_JERUSALEM, , CONTRACT 1193, SUBMITTED, NO_UNIT, BUILDING_CASTLE, NO_DISTRICT, VALUE 938.0, Build City Building
57, 6, LOC_CITY_NAME_FORTALEZA, , CONTRACT 1194, SUBMITTED, NO_UNIT, NO_BUILDING, DISTRICT_CAMPUS, VALUE 2029.0, Build City District
57, 6, LOC_CITY_NAME_SALVADOR, , CONTRACT 1195, SUBMITTED, NO_UNIT, BUILDING_CASTLE, NO_DISTRICT, VALUE 987.0, Build City Building
57, 6, LOC_CITY_NAME_FORTALEZA, , CONTRACT 1196, SUBMITTED, UNIT_BUILDER, NO_BUILDING, NO_DISTRICT, VALUE 360.0, Build City Improvement
57, 6, LOC_CITY_NAME_CURITIBA, , CONTRACT 1196, SUBMITTED, UNIT_BUILDER, NO_BUILDING, NO_DISTRICT, VALUE 360.0, Build City Improvement
57, 6, LOC_CITY_NAME_SALVADOR, , CONTRACT 1196, SUBMITTED, UNIT_BUILDER, NO_BUILDING, NO_DISTRICT, VALUE 360.0, Build City Improvement
57, 6, LOC_CITY_NAME_PORTO_ALEGRE, , CONTRACT 1196, SUBMITTED, UNIT_BUILDER, NO_BUILDING, NO_DISTRICT, VALUE 360.0, Build City Improvement
57, 7, LOC_CITY_NAME_AACHEN, , CONTRACT 1152, COMPLETED, NO_UNIT, NO_BUILDING, DISTRICT_THEATER, VALUE 2368.3, Build City District
57, 7, LOC_CITY_NAME_AACHEN, , , BUILDING_TEMPLE, Build City Building, CONTRACT 1172
57, 7, LOC_CITY_NAME_MAGDEBURG, , , BUILDING_TEMPLE, Build City Building, CONTRACT 1173
57, 7, LOC_CITY_NAME_COLOGNE, , CONTRACT 1171, ACCEPTED, NO_UNIT, BUILDING_TEMPLE, NO_DISTRICT, VALUE 2577.0, Build City Building
57, 7, LOC_CITY_NAME_COLOGNE, , , BUILDING_ALCHEMICAL_SOCIETY, Default Specialization, , , Value 2306.2
57, 7, LOC_CITY_NAME_DORTMUND, , , BUILDING_TEMPLE, Build City Building, CONTRACT 1169
57, 7, LOC_CITY_NAME_HEIDELBERG, , , UNIT_BUILDER, Build City Improvement, CONTRACT 1174
57, 7, LOC_CITY_NAME_MAINZ, , CONTRACT 1128, COMPLETED, NO_UNIT, NO_BUILDING, DISTRICT_HOLY_SITE, VALUE 3034.5, Build City District
57, 7, LOC_CITY_NAME_MAINZ, , CONTRACT 1174, IN PROGRESS, UNIT_BUILDER, NO_BUILDING, NO_DISTRICT, VALUE 321.0, Build City Improvement
57, 7, LOC_CITY_NAME_MAINZ, , , BUILDING_LIBRARY, Build City Building, CONTRACT 1170
57, 7, LOC_CITY_NAME_BERLIN, , CONTRACT 1083, COMPLETED, NO_UNIT, NO_BUILDING, DISTRICT_ENTERTAINMENT_COMPLEX, VALUE 2365.4, Build City District
57, 7, LOC_CITY_NAME_BERLIN, , CONTRACT 1174, IN PROGRESS, UNIT_BUILDER, NO_BUILDING, NO_DISTRICT, VALUE 321.0, Build City Improvement
57, 7, LOC_CITY_NAME_BERLIN, , , BUILDING_GRANARY, Default Specialization, , , Value 497.5
57, 7, LOC_CITY_NAME_HEIDELBERG, , CONTRACT 1198, SUBMITTED, NO_UNIT, BUILDING_STAR_FORT, NO_DISTRICT, VALUE 858.0, Build City Building
57, 7, LOC_CITY_NAME_AACHEN, , CONTRACT 1199, SUBMITTED, NO_UNIT, BUILDING_STAR_FORT, NO_DISTRICT, VALUE 0.0, Build Trigger Building
57, 7, LOC_CITY_NAME_AACHEN, , CONTRACT 1200, SUBMITTED, NO_UNIT, BUILDING_AMPHITHEATER, NO_DISTRICT, VALUE 100.0, Manage Great Person
57, 7, LOC_CITY_NAME_HEIDELBERG, , CONTRACT 1200, SUBMITTED, NO_UNIT, BUILDING_AMPHITHEATER, NO_DISTRICT, VALUE 100.0, Manage Great Person
57, 7, LOC_CITY_NAME_BERLIN, , CONTRACT 1200, SUBMITTED, NO_UNIT, BUILDING_AMPHITHEATER, NO_DISTRICT, VALUE 100.0, Manage Great Person
57, 8, LOC_CITY_HA_NOI, , CONTRACT 1155, COMPLETED, UNIT_BUILDER, NO_BUILDING, NO_DISTRICT, VALUE 631.0, Build City Improvement
57, 8, LOC_CITY_HA_NOI, , CONTRACT 1156, COMPLETED, NO_UNIT, NO_BUILDING, DISTRICT_THEATER, VALUE 2551.2, Build City District
57, 8, LOC_CITY_HA_NOI, , , BUILDING_AMPHITHEATER, Default Specialization, , , Value 2605.3
57, 8, LOC_CITY_HUE, , , UNIT_SPY, Default Specialization, , , Value 402.3
57, 8, LOC_CITY_QUANG_TRI, , , PROJECT_ENHANCE_DISTRICT_CAMPUS, Default Specialization, , , Value 172.2
57, 8, LOC_CITY_HOI_AN, , CONTRACT 1155, COMPLETED, UNIT_BUILDER, NO_BUILDING, NO_DISTRICT, VALUE 631.0, Build City Improvement
57, 8, LOC_CITY_HOI_AN, , , UNIT_MUSKETMAN, Default Specialization, , , Value 30.1
57, 8, LOC_CITY_HOA_LU, , , UNIT_MUSKETMAN, Default Specialization, , , Value 30.1
57, 8, LOC_CITY_DONG_HOI, , , BUILDING_CASTLE, Default Specialization, , , Value 905.1
57, 8, FAITH PURCHASE, , , UNIT_APOSTLE, Unknown, CONTRACT 1179
57, 8, LOC_CITY_QUANG_TRI, , CONTRACT 1201, SUBMITTED, NO_UNIT, NO_BUILDING, DISTRICT_GOVERNMENT, VALUE 1677.0, Build City District
57, 8, LOC_CITY_HA_NOI, , CONTRACT 1202, SUBMITTED, UNIT_BUILDER, NO_BUILDING, NO_DISTRICT, VALUE 348.0, Build City Improvement
57, 8, LOC_CITY_HUE, , CONTRACT 1202, SUBMITTED, UNIT_BUILDER, NO_BUILDING, NO_DISTRICT, VALUE 348.0, Build City Improvement
57, 8, LOC_CITY_QUANG_TRI, , CONTRACT 1202, SUBMITTED, UNIT_BUILDER, NO_BUILDING, NO_DISTRICT, VALUE 348.0, Build City Improvement
57, 8, LOC_CITY_HOI_AN, , CONTRACT 1202, SUBMITTED, UNIT_BUILDER, NO_BUILDING, NO_DISTRICT, VALUE 348.0, Build City Improvement
57, 8, LOC_CITY_HOA_LU, , CONTRACT 1202, SUBMITTED, UNIT_BUILDER, NO_BUILDING, NO_DISTRICT, VALUE 348.0, Build City Improvement
57, 8, LOC_CITY_DONG_HOI, , CONTRACT 1202, SUBMITTED, UNIT_BUILDER, NO_BUILDING, NO_DISTRICT, VALUE 348.0, Build City Improvement
57, 8, LOC_CITY_CAN_THO, , CONTRACT 1202, SUBMITTED, UNIT_BUILDER, NO_BUILDING, NO_DISTRICT, VALUE 348.0, Build City Improvement
57, 8, LOC_CITY_NAME_VILNIUS, , CONTRACT 1202, SUBMITTED, UNIT_BUILDER, NO_BUILDING, NO_DISTRICT, VALUE 348.0, Build City Improvement
57, 9, LOC_CITY_NAME_ROME, , , PROJECT_ENHANCE_DISTRICT_CAMPUS, Default Specialization, , , Value 125.0
57, 9, LOC_CITY_NAME_ARRETIUM, , , BUILDING_DAR_E_MEHR, Default Specialization, , , Value 1527.4
57, 9, LOC_CITY_NAME_ARPINUM, , , PROJECT_ENHANCE_DISTRICT_CAMPUS, Default Specialization, , , Value 125.0
57, 9, LOC_CITY_NAME_LUGDUNUM, , CONTRACT 1159, COMPLETED, NO_UNIT, NO_BUILDING, DISTRICT_BATH, VALUE 1334.9, Build City District
57, 9, LOC_CITY_NAME_LUGDUNUM, , , BUILDING_STAR_FORT, Default Specialization, , , Value 1447.1
57, 9, LOC_CITY_NAME_CUMAE, , , UNIT_MUSKETMAN, Default Specialization, , , Value 29.4
57, 9, FAITH PURCHASE, , , UNIT_APOSTLE, Unknown, CONTRACT 1181
57, 9, LOC_CITY_NAME_SETIA, , CONTRACT 1204, SUBMITTED, NO_UNIT, NO_BUILDING, DISTRICT_ENCAMPMENT, VALUE 1369.0, Build City District
57, 9, LOC_CITY_NAME_ROME, , CONTRACT 1207, SUBMITTED, NO_UNIT, BUILDING_SHRINE, NO_DISTRICT, VALUE 8793.0, Build City Building
57, 10, PURCHASE, , , UNIT_BUILDER, Build City Improvement, CONTRACT 1182
57, 10, LOC_CITY_NAME_BABYLON, , CONTRACT 1182, COMPLETED, UNIT_BUILDER, NO_BUILDING, NO_DISTRICT, VALUE 283.0, Build City Improvement
57, 10, LOC_CITY_NAME_BABYLON, , , NO BUILDS AT ALL (maybe city was nuked?), Generic Offense
57, 10, LOC_CITY_NAME_BABYLON, , , NO BUILDS AT ALL (maybe city was nuked?), Generic Offense
57, 12, LOC_CITY_NAME_HATTUSA, , , BUILDING_CASTLE, Default Specialization, , , Value 1262.3
57, 12, LOC_CITY_NAME_HATTUSA, , CONTRACT 1209, SUBMITTED, NO_UNIT, BUILDING_CASTLE, NO_DISTRICT, VALUE 936.0, Build City Building
57, 13, LOC_CITY_NAME_JOHANNESBURG, , CONTRACT 1210, SUBMITTED, NO_UNIT, NO_BUILDING, DISTRICT_INDUSTRIAL_ZONE, VALUE 333.0, Build City District
57, 15, LOC_CITY_NAME_VATICAN_CITY, , , UNIT_HORSEMAN, Default Specialization, , , Value 23.5
57, 15, LOC_CITY_NAME_VATICAN_CITY, , , UNIT_HORSEMAN, Default Specialization, , , Value 23.5
57, 17, LOC_CITY_NAME_YEREVAN, , CONTRACT 1211, SUBMITTED, UNIT_COURSER, NO_BUILDING, NO_DISTRICT, VALUE 17.0, Build City Building
57, 18, LOC_CITY_NAME_BUENOS_AIRES, Canceling current build, OLD VALUE 482.4
57, 18, LOC_CITY_NAME_BUENOS_AIRES, , , BUILDING_WALLS, Default Specialization, , , Value 482.4
57, 20, LOC_CITY_NAME_KUMASI, , , NO BUILDS AT ALL (maybe city was nuked?), Generic Offense
57, 20, LOC_CITY_NAME_KUMASI, , , NO BUILDS AT ALL (maybe city was nuked?), Generic Offense
57, 21, LOC_CITY_NAME_PRESLAV, , , NO BUILDS AT ALL (maybe city was nuked?), Generic Offense
57, 21, LOC_CITY_NAME_PRESLAV, , , NO BUILDS AT ALL (maybe city was nuked?), Generic Offense
58, 5, LOC_CITY_NAME_PELLA, , , BUILDING_TEMPLE, Default Specialization, , , Value 1377.3
58, 5, LOC_CITY_NAME_CHALKIDIKI, , , BUILDING_TEMPLE, Default Specialization, , , Value 1340.8
58, 5, LOC_CITY_NAME_FEZ, , , UNIT_MUSKETMAN, Default Specialization, , , Value 43.6
58, 5, FAITH PURCHASE, , , UNIT_MISSIONARY, Unknown, CONTRACT 1191
58, 5, LOC_CITY_NAME_METHONE, , CONTRACT 1213, SUBMITTED, NO_UNIT, NO_BUILDING, DISTRICT_CAMPUS, VALUE 1610.0, Build City District
58, 5, LOC_CITY_NAME_CHALKIDIKI, , CONTRACT 1215, SUBMITTED, NO_UNIT, BUILDING_TEMPLE, NO_DISTRICT, VALUE 1168.0, Build City Building
58, 6, LOC_CITY_NAME_RIO_DE_JANEIRO, , CONTRACT 1167, COMPLETED, UNIT_BUILDER, NO_BUILDING, NO_DISTRICT, VALUE 721.0, Build City Improvement
58, 6, LOC_CITY_NAME_RIO_DE_JANEIRO, , , BUILDING_LIBRARY, Default Specialization, , , Value 3932.0
58, 6, LOC_CITY_NAME_SAO_PAULO, , , BUILDING_ARMORY, Default Specialization, , , Value 2994.0
58, 6, LOC_CITY_NAME_FORTALEZA, , CONTRACT 1146, COMPLETED, NO_UNIT, BUILDING_MUSEUM_ARTIFACT, NO_DISTRICT, VALUE 1864.5, Build City Building
58, 6, LOC_CITY_NAME_FORTALEZA, , CONTRACT 1147, CANCELLED, UNIT_BUILDER, NO_BUILDING, NO_DISTRICT, VALUE 817.0, Build City Improvement
58, 6, LOC_CITY_NAME_FORTALEZA, , CONTRACT 1167, COMPLETED, UNIT_BUILDER, NO_BUILDING, NO_DISTRICT, VALUE 721.0, Build City Improvement
58, 6, LOC_CITY_NAME_FORTALEZA, , , DISTRICT_CAMPUS, Build City District, CONTRACT 1194
58, 6, LOC_CITY_NAME_CURITIBA, , , UNIT_SPY, Default Specialization, , , Value 385.9
58, 6, LOC_CITY_NAME_SALVADOR, , CONTRACT 1195, ACCEPTED, NO_UNIT, BUILDING_CASTLE, NO_DISTRICT, VALUE 987.0, Build City Building
58, 6, LOC_CITY_NAME_SALVADOR, , , UNIT_BUILDER, Build City Improvement, CONTRACT 1196
58, 6, LOC_CITY_NAME_JERUSALEM, , CONTRACT 1147, FAILED, UNIT_BUILDER, NO_BUILDING, NO_DISTRICT, VALUE 817.0, Build City Improvement
58, 6, LOC_CITY_NAME_JERUSALEM, , , BUILDING_CASTLE, Build City Building, CONTRACT 1193
58, 6, LOC_CITY_NAME_PORTO_ALEGRE, , CONTRACT 1192, ACCEPTED, NO_UNIT, BUILDING_CASTLE, NO_DISTRICT, VALUE 515.0, Build City Building
58, 6, LOC_CITY_NAME_PORTO_ALEGRE, , CONTRACT 1196, IN PROGRESS, UNIT_BUILDER, NO_BUILDING, NO_DISTRICT, VALUE 360.0, Build City Improvement
58, 6, LOC_CITY_NAME_PORTO_ALEGRE, , , BUILDING_GRANARY, Default Specialization, , , Value 446.6
58, 6, FAITH PURCHASE, , , UNIT_APOSTLE, Unknown, CONTRACT 1197
58, 6, LOC_CITY_NAME_CURITIBA, , CONTRACT 1217, SUBMITTED, NO_UNIT, NO_BUILDING, DISTRICT_ENCAMPMENT, VALUE 3089.0, Build City District
58, 6, LOC_CITY_NAME_SAO_PAULO, , CONTRACT 1218, SUBMITTED, NO_UNIT, BUILDING_ARMORY, NO_DISTRICT, VALUE 1374.0, Build City Building
58, 6, LOC_CITY_NAME_SAO_PAULO, , CONTRACT 1219, SUBMITTED, NO_UNIT, NO_BUILDING, DISTRICT_GOVERNMENT, VALUE 1968.0, Build City District
58, 6, LOC_CITY_NAME_RIO_DE_JANEIRO, , CONTRACT 1220, SUBMITTED, NO_UNIT, NO_BUILDING, DISTRICT_INDUSTRIAL_ZONE, VALUE 2940.0, Build City District
58, 7, LOC_CITY_NAME_AACHEN, , CONTRACT 1172, COMPLETED, NO_UNIT, BUILDING_TEMPLE, NO_DISTRICT, VALUE 2473.0, Build City Building
58, 7, LOC_CITY_NAME_AACHEN, , CONTRACT 1174, COMPLETED, UNIT_BUILDER, NO_BUILDING, NO_DISTRICT, VALUE 321.0, Build City Improvement
58, 7, LOC_CITY_NAME_AACHEN, , , BUILDING_AMPHITHEATER, Manage Great Person, CONTRACT 1200
58, 7, LOC_CITY_NAME_MAGDEBURG, , CONTRACT 1173, COMPLETED, NO_UNIT, BUILDING_TEMPLE, NO_DISTRICT, VALUE 2692.0, Build City Building
58, 7, LOC_CITY_NAME_MAGDEBURG, , CONTRACT 1174, COMPLETED, UNIT_BUILDER, NO_BUILDING, NO_DISTRICT, VALUE 321.0, Build City Improvement
58, 7, LOC_CITY_NAME_MAGDEBURG, , , BUILDING_STAR_FORT, Default Specialization, , , Value 1254.2
58, 7, LOC_CITY_NAME_COLOGNE, , CONTRACT 1174, COMPLETED, UNIT_BUILDER, NO_BUILDING, NO_DISTRICT, VALUE 321.0, Build City Improvement
58, 7, LOC_CITY_NAME_COLOGNE, , , BUILDING_STAR_FORT, Default Specialization, , , Value 1307.3
58, 7, LOC_CITY_NAME_DORTMUND, , CONTRACT 1169, COMPLETED, NO_UNIT, BUILDING_TEMPLE, NO_DISTRICT, VALUE 2792.7, Build City Building
58, 7, LOC_CITY_NAME_DORTMUND, , CONTRACT 1174, COMPLETED, UNIT_BUILDER, NO_BUILDING, NO_DISTRICT, VALUE 321.0, Build City Improvement
58, 7, LOC_CITY_NAME_DORTMUND, , , BUILDING_MEETING_HOUSE, Default Specialization, , , Value 1959.9
58, 7, LOC_CITY_NAME_HEIDELBERG, , CONTRACT 1174, COMPLETED, UNIT_BUILDER, NO_BUILDING, NO_DISTRICT, VALUE 321.0, Build City Improvement
58, 7, LOC_CITY_NAME_HEIDELBERG, , CONTRACT 1200, IN PROGRESS, NO_UNIT, BUILDING_AMPHITHEATER, NO_DISTRICT, VALUE 3386.8, Manage Great Person
58, 7, LOC_CITY_NAME_HEIDELBERG, , , BUILDING_STAR_FORT, Build City Building, CONTRACT 1198
58, 7, LOC_CITY_NAME_MAINZ, , CONTRACT 1170, COMPLETED, NO_UNIT, BUILDING_LIBRARY, NO_DISTRICT, VALUE 4866.5, Build City Building
58, 7, LOC_CITY_NAME_MAINZ, , , BUILDING_SHRINE, Default Specialization, , , Value 2196.2
58, 7, LOC_CITY_NAME_BERLIN, , CONTRACT 1200, IN PROGRESS, NO_UNIT, BUILDING_AMPHITHEATER, NO_DISTRICT, VALUE 3386.8, Manage Great Person
58, 7, LOC_CITY_NAME_BERLIN, , , UNIT_PIKE_AND_SHOT, Generic Offense
58, 7, LOC_CITY_NAME_BERLIN, , CONTRACT 1222, SUBMITTED, NO_UNIT, NO_BUILDING, DISTRICT_ENCAMPMENT, VALUE 2710.0, Build City District
58, 7, LOC_CITY_NAME_MAINZ, , CONTRACT 1223, SUBMITTED, NO_UNIT, NO_BUILDING, DISTRICT_ENCAMPMENT, VALUE 2638.0, Build City District
58, 7, LOC_CITY_NAME_AACHEN, , CONTRACT 1225, SUBMITTED, NO_UNIT, BUILDING_AMPHITHEATER, NO_DISTRICT, VALUE 100.0, Manage Great Person
58, 7, LOC_CITY_NAME_HEIDELBERG, , CONTRACT 1225, SUBMITTED, NO_UNIT, BUILDING_AMPHITHEATER, NO_DISTRICT, VALUE 100.0, Manage Great Person
58, 7, LOC_CITY_NAME_BERLIN, , CONTRACT 1225, SUBMITTED, NO_UNIT, BUILDING_AMPHITHEATER, NO_DISTRICT, VALUE 100.0, Manage Great Person
58, 8, LOC_CITY_HA_NOI, , , UNIT_BUILDER, Build City Improvement, CONTRACT 1202
58, 8, LOC_CITY_HUE, , CONTRACT 1202, IN PROGRESS, UNIT_BUILDER, NO_BUILDING, NO_DISTRICT, VALUE 348.0, Build City Improvement
58, 8, LOC_CITY_HUE, , , BUILDING_STAR_FORT, Default Specialization, , , Value 1509.7
58, 8, LOC_CITY_QUANG_TRI, , CONTRACT 1202, IN PROGRESS, UNIT_BUILDER, NO_BUILDING, NO_DISTRICT, VALUE 348.0, Build City Improvement
58, 8, LOC_CITY_QUANG_TRI, , , DISTRICT_GOVERNMENT, Build City District, CONTRACT 1201
58, 8, LOC_CITY_HOI_AN, , CONTRACT 1202, IN PROGRESS, UNIT_BUILDER, NO_BUILDING, NO_DISTRICT, VALUE 348.0, Build City Improvement
58, 8, LOC_CITY_HOI_AN, , , BUILDING_STAR_FORT, Default Specialization, , , Value 1473.2
58, 8, LOC_CITY_HOA_LU, , CONTRACT 1202, IN PROGRESS, UNIT_BUILDER, NO_BUILDING, NO_DISTRICT, VALUE 348.0, Build City Improvement
58, 8, LOC_CITY_HOA_LU, , , BUILDING_STAR_FORT, Default Specialization, , , Value 1509.7
58, 8, LOC_CITY_DONG_HOI, , CONTRACT 1202, IN PROGRESS, UNIT_BUILDER, NO_BUILDING, NO_DISTRICT, VALUE 348.0, Build City Improvement
58, 8, LOC_CITY_DONG_HOI, , , BUILDING_STAR_FORT, Default Specialization, , , Value 1413.3
58, 8, LOC_CITY_NAME_VILNIUS, , CONTRACT 1202, IN PROGRESS, UNIT_BUILDER, NO_BUILDING, NO_DISTRICT, VALUE 348.0, Build City Improvement
58, 8, LOC_CITY_NAME_VILNIUS, , , BUILDING_STAR_FORT, Default Specialization, , , Value 1316.8
58, 8, FAITH PURCHASE, , , UNIT_APOSTLE, Unknown, CONTRACT 1203
58, 8, LOC_CITY_NAME_VILNIUS, , CONTRACT 1226, SUBMITTED, NO_UNIT, BUILDING_STAR_FORT, NO_DISTRICT, VALUE 1316.0, Build City Building
58, 8, LOC_CITY_HOI_AN, , CONTRACT 1229, SUBMITTED, NO_UNIT, BUILDING_STAR_FORT, NO_DISTRICT, VALUE 875.0, Build City Building
58, 8, LOC_CITY_HUE, , CONTRACT 1230, SUBMITTED, NO_UNIT, NO_BUILDING, DISTRICT_THANH, VALUE 3850.0, Build City District
58, 8, LOC_CITY_HA_NOI, , CONTRACT 1231, SUBMITTED, NO_UNIT, NO_BUILDING, DISTRICT_AQUEDUCT, VALUE 1309.0, Build City District
58, 8, LOC_CITY_CAN_THO, , CONTRACT 1232, SUBMITTED, NO_UNIT, BUILDING_STAR_FORT, NO_DISTRICT, VALUE 0.0, Build Trigger Building
58, 9, LOC_CITY_NAME_ROME, , , PROJECT_ENHANCE_DISTRICT_CAMPUS, Default Specialization, , , Value 125.0
58, 9, LOC_CITY_NAME_ARRETIUM, , , PROJECT_ENHANCE_DISTRICT_CAMPUS, Default Specialization, , , Value 125.0
58, 9, LOC_CITY_NAME_ARPINUM, , , PROJECT_ENHANCE_DISTRICT_CAMPUS, Default Specialization, , , Value 121.0
58, 9, LOC_CITY_NAME_BRUNDISIUM, , CONTRACT 1135, COMPLETED, NO_UNIT, NO_BUILDING, DISTRICT_ENCAMPMENT, VALUE 2801.6, Build City District
58, 9, LOC_CITY_NAME_BRUNDISIUM, , , BUILDING_BARRACKS, Default Specialization, , , Value 1762.2
58, 9, LOC_CITY_NAME_SETIA, , CONTRACT 1066, COMPLETED, NO_UNIT, BUILDING_WALLS, NO_DISTRICT, VALUE 482.7, Build City Building
58, 9, LOC_CITY_NAME_SETIA, , , DISTRICT_ENCAMPMENT, Build City District, CONTRACT 1204
58, 9, FAITH PURCHASE, , , UNIT_APOSTLE, Unknown, CONTRACT 1208
58, 9, LOC_CITY_NAME_ROME, , CONTRACT 1236, SUBMITTED, NO_UNIT, NO_BUILDING, DISTRICT_HOLY_SITE, VALUE 12576.0, Build City District
58, 10, LOC_CITY_NAME_BABYLON, , , UNIT_CROSSBOWMAN, Default Specialization, , , Value 32.6
58, 15, LOC_CITY_NAME_VATICAN_CITY, , , NO BUILDS AT ALL (maybe city was nuked?), Generic Offense
58, 15, LOC_CITY_NAME_VATICAN_CITY, , , NO BUILDS AT ALL (maybe city was nuked?), Generic Offense
58, 17, LOC_CITY_NAME_YEREVAN, , , UNIT_COURSER, Build City Building, CONTRACT 1211
58, 18, LOC_CITY_NAME_BUENOS_AIRES, Canceling current build, OLD VALUE 502.8
58, 18, LOC_CITY_NAME_BUENOS_AIRES, , , BUILDING_WALLS, Default Specialization, , , Value 502.8
58, 20, LOC_CITY_NAME_KUMASI, , , NO BUILDS AT ALL (maybe city was nuked?), Generic Offense
58, 20, LOC_CITY_NAME_KUMASI, , , NO BUILDS AT ALL (maybe city was nuked?), Generic Offense
58, 21, LOC_CITY_NAME_PRESLAV, , , NO BUILDS AT ALL (maybe city was nuked?), Generic Offense
58, 21, LOC_CITY_NAME_PRESLAV, , , NO BUILDS AT ALL (maybe city was nuked?), Generic Offense
58, 4, LOC_CITY_NAME_MEROE, , , BUILDING_MILITARY_ACADEMY, Default Specialization, , , Value 4821.5
58, 4, LOC_CITY_NAME_SEDEINGA, , , UNIT_CAVALRY, Default Specialization, , , Value 2070.4
58, 4, LOC_CITY_NAME_QASR_IBRIM, , , BUILDING_BARRACKS, Default Specialization, , , Value 4170.6
58, 4, LOC_CITY_NAME_NURI, , , BUILDING_MILITARY_ACADEMY, Default Specialization, , , Value 4137.3
58, 4, LOC_CITY_NAME_MEROE, , CONTRACT 1213, SUBMITTED, UNIT_SETTLER, NO_BUILDING, NO_DISTRICT, VALUE 863.0, Settle City Op
58, 4, LOC_CITY_NAME_SEDEINGA, , CONTRACT 1213, SUBMITTED, UNIT_SETTLER, NO_BUILDING, NO_DISTRICT, VALUE 863.0, Settle City Op
58, 4, LOC_CITY_NAME_KERMA, , CONTRACT 1213, SUBMITTED, UNIT_SETTLER, NO_BUILDING, NO_DISTRICT, VALUE 863.0, Settle City Op
58, 4, LOC_CITY_NAME_KAWA, , CONTRACT 1213, SUBMITTED, UNIT_SETTLER, NO_BUILDING, NO_DISTRICT, VALUE 863.0, Settle City Op
58, 4, LOC_CITY_NAME_EL_KURRU, , CONTRACT 1213, SUBMITTED, UNIT_SETTLER, NO_BUILDING, NO_DISTRICT, VALUE 863.0, Settle City Op
58, 4, LOC_CITY_NAME_QASR_IBRIM, , CONTRACT 1213, SUBMITTED, UNIT_SETTLER, NO_BUILDING, NO_DISTRICT, VALUE 863.0, Settle City Op
58, 4, LOC_CITY_NAME_HEH, , CONTRACT 1213, SUBMITTED, UNIT_SETTLER, NO_BUILDING, NO_DISTRICT, VALUE 863.0, Settle City Op
58, 4, LOC_CITY_NAME_SHAAT, , CONTRACT 1213, SUBMITTED, UNIT_SETTLER, NO_BUILDING, NO_DISTRICT, VALUE 863.0, Settle City Op
58, 4, LOC_CITY_NAME_NURI, , CONTRACT 1213, SUBMITTED, UNIT_SETTLER, NO_BUILDING, NO_DISTRICT, VALUE 863.0, Settle City Op
58, 4, LOC_CITY_NAME_MEROE, , CONTRACT 1214, SUBMITTED, UNIT_MILITARY_ENGINEER, NO_BUILDING, NO_DISTRICT, VALUE 289.0, Build City Improvement
58, 4, LOC_CITY_NAME_SEDEINGA, , CONTRACT 1214, SUBMITTED, UNIT_MILITARY_ENGINEER, NO_BUILDING, NO_DISTRICT, VALUE 289.0, Build City Improvement
58, 4, LOC_CITY_NAME_KERMA, , CONTRACT 1214, SUBMITTED, UNIT_MILITARY_ENGINEER, NO_BUILDING, NO_DISTRICT, VALUE 289.0, Build City Improvement
58, 4, LOC_CITY_NAME_KAWA, , CONTRACT 1214, SUBMITTED, UNIT_MILITARY_ENGINEER, NO_BUILDING, NO_DISTRICT, VALUE 289.0, Build City Improvement
58, 4, LOC_CITY_NAME_SHAAT, , CONTRACT 1214, SUBMITTED, UNIT_MILITARY_ENGINEER, NO_BUILDING, NO_DISTRICT, VALUE 289.0, Build City Improvement
58, 4, LOC_CITY_NAME_NURI, , CONTRACT 1214, SUBMITTED, UNIT_MILITARY_ENGINEER, NO_BUILDING, NO_DISTRICT, VALUE 289.0, Build City Improvement
58, 4, LOC_CITY_NAME_MEROE, , CONTRACT 1215, SUBMITTED, NO_UNIT, BUILDING_MILITARY_ACADEMY, NO_DISTRICT, VALUE 4821.0, Build City Building
58, 4, LOC_CITY_NAME_MEROE, , CONTRACT 1216, SUBMITTED, NO_UNIT, NO_BUILDING, DISTRICT_DAM, VALUE 2020.0, Build City District
58, 4, LOC_CITY_NAME_SEDEINGA, , CONTRACT 1217, SUBMITTED, UNIT_CAVALRY, NO_BUILDING, NO_DISTRICT, VALUE 2070.0, Build City Building
58, 4, LOC_CITY_NAME_KERMA, , CONTRACT 1219, SUBMITTED, UNIT_CAVALRY, NO_BUILDING, NO_DISTRICT, VALUE 1201.0, Build City Building
58, 4, LOC_CITY_NAME_KERMA, , CONTRACT 1220, SUBMITTED, NO_UNIT, NO_BUILDING, DISTRICT_DAM, VALUE 2161.0, Build City District
58, 4, LOC_CITY_NAME_KAWA, , CONTRACT 1221, SUBMITTED, UNIT_CAVALRY, NO_BUILDING, NO_DISTRICT, VALUE 1009.0, Build City Building
58, 4, LOC_CITY_NAME_EL_KURRU, , CONTRACT 1223, SUBMITTED, UNIT_CAVALRY, NO_BUILDING, NO_DISTRICT, VALUE 821.0, Build City Building
58, 4, LOC_CITY_NAME_EL_KURRU, , CONTRACT 1224, SUBMITTED, NO_UNIT, NO_BUILDING, DISTRICT_ENCAMPMENT, VALUE 3961.0, Build City District
58, 4, LOC_CITY_NAME_QASR_IBRIM, , CONTRACT 1225, SUBMITTED, NO_UNIT, BUILDING_BARRACKS, NO_DISTRICT, VALUE 4170.0, Build City Building
58, 4, LOC_CITY_NAME_HEH, , CONTRACT 1227, SUBMITTED, UNIT_CAVALRY, NO_BUILDING, NO_DISTRICT, VALUE 1009.0, Build City Building
58, 4, LOC_CITY_NAME_HEH, , CONTRACT 1228, SUBMITTED, NO_UNIT, NO_BUILDING, DISTRICT_ENCAMPMENT, VALUE 4859.0, Build City District
58, 4, LOC_CITY_NAME_SHAAT, , CONTRACT 1229, SUBMITTED, UNIT_CAVALRY, NO_BUILDING, NO_DISTRICT, VALUE 1009.0, Build City Building
58, 4, LOC_CITY_NAME_SHAAT, , CONTRACT 1230, SUBMITTED, NO_UNIT, NO_BUILDING, DISTRICT_AQUEDUCT, VALUE 1123.0, Build City District
58, 4, LOC_CITY_NAME_NURI, , CONTRACT 1231, SUBMITTED, NO_UNIT, BUILDING_MILITARY_ACADEMY, NO_DISTRICT, VALUE 4137.0, Build City Building
58, 4, LOC_CITY_NAME_NURI, , CONTRACT 1232, SUBMITTED, NO_UNIT, NO_BUILDING, DISTRICT_DAM, VALUE 1295.0, Build City District
58, 4, LOC_CITY_NAME_KURGUS, , CONTRACT 1233, SUBMITTED, NO_UNIT, BUILDING_WALLS, NO_DISTRICT, VALUE 206.0, Build City Building
58, 4, LOC_CITY_NAME_KURGUS, , CONTRACT 1234, SUBMITTED, NO_UNIT, NO_BUILDING, DISTRICT_ENCAMPMENT, VALUE 1688.0, Build City District
58, 5, LOC_CITY_NAME_PELLA, , , BUILDING_TEMPLE, Default Specialization, , , Value 1377.3
58, 5, LOC_CITY_NAME_CHALKIDIKI, , , BUILDING_TEMPLE, Default Specialization, , , Value 1340.8
58, 5, LOC_CITY_NAME_FEZ, , , UNIT_MUSKETMAN, Default Specialization, , , Value 43.6
58, 5, FAITH PURCHASE, , , UNIT_MISSIONARY, Unknown, CONTRACT 1191
58, 5, LOC_CITY_NAME_METHONE, , CONTRACT 1236, SUBMITTED, NO_UNIT, NO_BUILDING, DISTRICT_CAMPUS, VALUE 1610.0, Build City District
58, 5, LOC_CITY_NAME_CHALKIDIKI, , CONTRACT 1238, SUBMITTED, NO_UNIT, BUILDING_TEMPLE, NO_DISTRICT, VALUE 1168.0, Build City Building
58, 6, LOC_CITY_NAME_RIO_DE_JANEIRO, , CONTRACT 1167, COMPLETED, UNIT_BUILDER, NO_BUILDING, NO_DISTRICT, VALUE 721.0, Build City Improvement
58, 6, LOC_CITY_NAME_RIO_DE_JANEIRO, , , BUILDING_LIBRARY, Default Specialization, , , Value 3932.0
58, 6, LOC_CITY_NAME_SAO_PAULO, , , BUILDING_ARMORY, Default Specialization, , , Value 2994.0
58, 6, LOC_CITY_NAME_FORTALEZA, , CONTRACT 1146, COMPLETED, NO_UNIT, BUILDING_MUSEUM_ARTIFACT, NO_DISTRICT, VALUE 1864.5, Build City Building
58, 6, LOC_CITY_NAME_FORTALEZA, , CONTRACT 1147, CANCELLED, UNIT_BUILDER, NO_BUILDING, NO_DISTRICT, VALUE 817.0, Build City Improvement
58, 6, LOC_CITY_NAME_FORTALEZA, , CONTRACT 1167, COMPLETED, UNIT_BUILDER, NO_BUILDING, NO_DISTRICT, VALUE 721.0, Build City Improvement
58, 6, LOC_CITY_NAME_FORTALEZA, , , DISTRICT_CAMPUS, Build City District, CONTRACT 1194
58, 6, LOC_CITY_NAME_CURITIBA, , , UNIT_SPY, Default Specialization, , , Value 385.9
58, 6, LOC_CITY_NAME_SALVADOR, , CONTRACT 1195, ACCEPTED, NO_UNIT, BUILDING_CASTLE, NO_DISTRICT, VALUE 987.0, Build City Building
58, 6, LOC_CITY_NAME_SALVADOR, , , UNIT_BUILDER, Build City Improvement, CONTRACT 1196
58, 6, LOC_CITY_NAME_JERUSALEM, , CONTRACT 1147, FAILED, UNIT_BUILDER, NO_BUILDING, NO_DISTRICT, VALUE 817.0, Build City Improvement
58, 6, LOC_CITY_NAME_JERUSALEM, , , BUILDING_CASTLE, Build City Building, CONTRACT 1193
58, 6, LOC_CITY_NAME_PORTO_ALEGRE, , CONTRACT 1192, ACCEPTED, NO_UNIT, BUILDING_CASTLE, NO_DISTRICT, VALUE 515.0, Build City Building
58, 6, LOC_CITY_NAME_PORTO_ALEGRE, , CONTRACT 1196, IN PROGRESS, UNIT_BUILDER, NO_BUILDING, NO_DISTRICT, VALUE 360.0, Build City Improvement
58, 6, LOC_CITY_NAME_PORTO_ALEGRE, , , BUILDING_GRANARY, Default Specialization, , , Value 446.6
58, 6, FAITH PURCHASE, , , UNIT_APOSTLE, Unknown, CONTRACT 1197
58, 6, LOC_CITY_NAME_CURITIBA, , CONTRACT 1240, SUBMITTED, NO_UNIT, NO_BUILDING, DISTRICT_ENCAMPMENT, VALUE 3089.0, Build City District
58, 6, LOC_CITY_NAME_SAO_PAULO, , CONTRACT 1241, SUBMITTED, NO_UNIT, BUILDING_ARMORY, NO_DISTRICT, VALUE 1374.0, Build City Building
58, 6, LOC_CITY_NAME_SAO_PAULO, , CONTRACT 1242, SUBMITTED, NO_UNIT, NO_BUILDING, DISTRICT_GOVERNMENT, VALUE 1968.0, Build City District
58, 6, LOC_CITY_NAME_RIO_DE_JANEIRO, , CONTRACT 1243, SUBMITTED, NO_UNIT, NO_BUILDING, DISTRICT_INDUSTRIAL_ZONE, VALUE 2940.0, Build City District
58, 7, LOC_CITY_NAME_AACHEN, , CONTRACT 1172, COMPLETED, NO_UNIT, BUILDING_TEMPLE, NO_DISTRICT, VALUE 2473.0, Build City Building
58, 7, LOC_CITY_NAME_AACHEN, , CONTRACT 1174, COMPLETED, UNIT_BUILDER, NO_BUILDING, NO_DISTRICT, VALUE 321.0, Build City Improvement
58, 7, LOC_CITY_NAME_AACHEN, , , BUILDING_AMPHITHEATER, Manage Great Person, CONTRACT 1200
58, 7, LOC_CITY_NAME_MAGDEBURG, , CONTRACT 1173, COMPLETED, NO_UNIT, BUILDING_TEMPLE, NO_DISTRICT, VALUE 2692.0, Build City Building
58, 7, LOC_CITY_NAME_MAGDEBURG, , CONTRACT 1174, COMPLETED, UNIT_BUILDER, NO_BUILDING, NO_DISTRICT, VALUE 321.0, Build City Improvement
58, 7, LOC_CITY_NAME_MAGDEBURG, , , BUILDING_STAR_FORT, Default Specialization, , , Value 1254.2
58, 7, LOC_CITY_NAME_COLOGNE, , CONTRACT 1174, COMPLETED, UNIT_BUILDER, NO_BUILDING, NO_DISTRICT, VALUE 321.0, Build City Improvement
58, 7, LOC_CITY_NAME_COLOGNE, , , BUILDING_STAR_FORT, Default Specialization, , , Value 1307.3
58, 7, LOC_CITY_NAME_DORTMUND, , CONTRACT 1169, COMPLETED, NO_UNIT, BUILDING_TEMPLE, NO_DISTRICT, VALUE 2792.7, Build City Building
58, 7, LOC_CITY_NAME_DORTMUND, , CONTRACT 1174, COMPLETED, UNIT_BUILDER, NO_BUILDING, NO_DISTRICT, VALUE 321.0, Build City Improvement
58, 7, LOC_CITY_NAME_DORTMUND, , , BUILDING_MEETING_HOUSE, Default Specialization, , , Value 1959.9
58, 7, LOC_CITY_NAME_HEIDELBERG, , CONTRACT 1174, COMPLETED, UNIT_BUILDER, NO_BUILDING, NO_DISTRICT, VALUE 321.0, Build City Improvement
58, 7, LOC_CITY_NAME_HEIDELBERG, , CONTRACT 1200, IN PROGRESS, NO_UNIT, BUILDING_AMPHITHEATER, NO_DISTRICT, VALUE 3386.8, Manage Great Person
58, 7, LOC_CITY_NAME_HEIDELBERG, , , BUILDING_STAR_FORT, Build City Building, CONTRACT 1198
58, 7, LOC_CITY_NAME_MAINZ, , CONTRACT 1170, COMPLETED, NO_UNIT, BUILDING_LIBRARY, NO_DISTRICT, VALUE 4866.5, Build City Building
58, 7, LOC_CITY_NAME_MAINZ, , , BUILDING_SHRINE, Default Specialization, , , Value 2196.2
58, 7, LOC_CITY_NAME_BERLIN, , CONTRACT 1200, IN PROGRESS, NO_UNIT, BUILDING_AMPHITHEATER, NO_DISTRICT, VALUE 3386.8, Manage Great Person
58, 7, LOC_CITY_NAME_BERLIN, , , UNIT_PIKE_AND_SHOT, Generic Offense
58, 7, LOC_CITY_NAME_BERLIN, , CONTRACT 1245, SUBMITTED, NO_UNIT, NO_BUILDING, DISTRICT_ENCAMPMENT, VALUE 2710.0, Build City District
58, 7, LOC_CITY_NAME_MAINZ, , CONTRACT 1246, SUBMITTED, NO_UNIT, NO_BUILDING, DISTRICT_ENCAMPMENT, VALUE 2638.0, Build City District
58, 7, LOC_CITY_NAME_AACHEN, , CONTRACT 1248, SUBMITTED, NO_UNIT, BUILDING_AMPHITHEATER, NO_DISTRICT, VALUE 100.0, Manage Great Person
58, 7, LOC_CITY_NAME_HEIDELBERG, , CONTRACT 1248, SUBMITTED, NO_UNIT, BUILDING_AMPHITHEATER, NO_DISTRICT, VALUE 100.0, Manage Great Person
58, 7, LOC_CITY_NAME_BERLIN, , CONTRACT 1248, SUBMITTED, NO_UNIT, BUILDING_AMPHITHEATER, NO_DISTRICT, VALUE 100.0, Manage Great Person
58, 8, LOC_CITY_HA_NOI, , , UNIT_BUILDER, Build City Improvement, CONTRACT 1202
58, 8, LOC_CITY_HUE, , CONTRACT 1202, IN PROGRESS, UNIT_BUILDER, NO_BUILDING, NO_DISTRICT, VALUE 348.0, Build City Improvement
58, 8, LOC_CITY_HUE, , , BUILDING_STAR_FORT, Default Specialization, , , Value 1509.7
58, 8, LOC_CITY_QUANG_TRI, , CONTRACT 1202, IN PROGRESS, UNIT_BUILDER, NO_BUILDING, NO_DISTRICT, VALUE 348.0, Build City Improvement
58, 8, LOC_CITY_QUANG_TRI, , , DISTRICT_GOVERNMENT, Build City District, CONTRACT 1201
58, 8, LOC_CITY_HOI_AN, , CONTRACT 1202, IN PROGRESS, UNIT_BUILDER, NO_BUILDING, NO_DISTRICT, VALUE 348.0, Build City Improvement
58, 8, LOC_CITY_HOI_AN, , , BUILDING_STAR_FORT, Default Specialization, , , Value 1473.2
58, 8, LOC_CITY_HOA_LU, , CONTRACT 1202, IN PROGRESS, UNIT_BUILDER, NO_BUILDING, NO_DISTRICT, VALUE 348.0, Build City Improvement
58, 8, LOC_CITY_HOA_LU, , , BUILDING_STAR_FORT, Default Specialization, , , Value 1509.7
58, 8, LOC_CITY_DONG_HOI, , CONTRACT 1202, IN PROGRESS, UNIT_BUILDER, NO_BUILDING, NO_DISTRICT, VALUE 348.0, Build City Improvement
58, 8, LOC_CITY_DONG_HOI, , , BUILDING_STAR_FORT, Default Specialization, , , Value 1413.3
58, 8, LOC_CITY_NAME_VILNIUS, , CONTRACT 1202, IN PROGRESS, UNIT_BUILDER, NO_BUILDING, NO_DISTRICT, VALUE 348.0, Build City Improvement
58, 8, LOC_CITY_NAME_VILNIUS, , , BUILDING_STAR_FORT, Default Specialization, , , Value 1316.8
58, 8, FAITH PURCHASE, , , UNIT_APOSTLE, Unknown, CONTRACT 1203
58, 8, LOC_CITY_NAME_VILNIUS, , CONTRACT 1249, SUBMITTED, NO_UNIT, BUILDING_STAR_FORT, NO_DISTRICT, VALUE 1316.0, Build City Building
58, 8, LOC_CITY_HOI_AN, , CONTRACT 1252, SUBMITTED, NO_UNIT, BUILDING_STAR_FORT, NO_DISTRICT, VALUE 875.0, Build City Building
58, 8, LOC_CITY_HUE, , CONTRACT 1253, SUBMITTED, NO_UNIT, NO_BUILDING, DISTRICT_THANH, VALUE 3850.0, Build City District
58, 8, LOC_CITY_HA_NOI, , CONTRACT 1254, SUBMITTED, NO_UNIT, NO_BUILDING, DISTRICT_AQUEDUCT, VALUE 1309.0, Build City District
58, 8, LOC_CITY_CAN_THO, , CONTRACT 1255, SUBMITTED, NO_UNIT, BUILDING_STAR_FORT, NO_DISTRICT, VALUE 0.0, Build Trigger Building
58, 9, LOC_CITY_NAME_ROME, , , PROJECT_ENHANCE_DISTRICT_CAMPUS, Default Specialization, , , Value 125.0
58, 9, LOC_CITY_NAME_ARRETIUM, , , PROJECT_ENHANCE_DISTRICT_CAMPUS, Default Specialization, , , Value 125.0
58, 9, LOC_CITY_NAME_ARPINUM, , , PROJECT_ENHANCE_DISTRICT_CAMPUS, Default Specialization, , , Value 121.0
58, 9, LOC_CITY_NAME_BRUNDISIUM, , CONTRACT 1135, COMPLETED, NO_UNIT, NO_BUILDING, DISTRICT_ENCAMPMENT, VALUE 2801.6, Build City District
58, 9, LOC_CITY_NAME_BRUNDISIUM, , , BUILDING_BARRACKS, Default Specialization, , , Value 1762.2
58, 9, LOC_CITY_NAME_SETIA, , CONTRACT 1066, COMPLETED, NO_UNIT, BUILDING_WALLS, NO_DISTRICT, VALUE 482.7, Build City Building
58, 9, LOC_CITY_NAME_SETIA, , , DISTRICT_ENCAMPMENT, Build City District, CONTRACT 1204
58, 9, FAITH PURCHASE, , , UNIT_APOSTLE, Unknown, CONTRACT 1208
58, 9, LOC_CITY_NAME_ROME, , CONTRACT 1259, SUBMITTED, NO_UNIT, NO_BUILDING, DISTRICT_HOLY_SITE, VALUE 12576.0, Build City District
58, 10, LOC_CITY_NAME_BABYLON, , , UNIT_CROSSBOWMAN, Default Specialization, , , Value 32.6
58, 15, LOC_CITY_NAME_VATICAN_CITY, , , NO BUILDS AT ALL (maybe city was nuked?), Generic Offense
58, 15, LOC_CITY_NAME_VATICAN_CITY, , , NO BUILDS AT ALL (maybe city was nuked?), Generic Offense
58, 17, LOC_CITY_NAME_YEREVAN, , , UNIT_COURSER, Build City Building, CONTRACT 1211
58, 18, LOC_CITY_NAME_BUENOS_AIRES, Canceling current build, OLD VALUE 502.8
58, 18, LOC_CITY_NAME_BUENOS_AIRES, , , BUILDING_WALLS, Default Specialization, , , Value 502.8
58, 20, LOC_CITY_NAME_KUMASI, , , NO BUILDS AT ALL (maybe city was nuked?), Generic Offense
58, 20, LOC_CITY_NAME_KUMASI, , , NO BUILDS AT ALL (maybe city was nuked?), Generic Offense
58, 21, LOC_CITY_NAME_PRESLAV, , , NO BUILDS AT ALL (maybe city was nuked?), Generic Offense
58, 21, LOC_CITY_NAME_PRESLAV, , , NO BUILDS AT ALL (maybe city was nuked?), Generic Offense
59, 4, PURCHASE, , , UNIT_MILITARY_ENGINEER, Build City Improvement, CONTRACT 1214
59, 4, LOC_CITY_NAME_MEROE, , CONTRACT 1214, COMPLETED, UNIT_MILITARY_ENGINEER, NO_BUILDING, NO_DISTRICT, VALUE 289.0, Build City Improvement
59, 4, LOC_CITY_NAME_MEROE, , CONTRACT 1215, ACCEPTED, NO_UNIT, BUILDING_MILITARY_ACADEMY, NO_DISTRICT, VALUE 4821.0, Build City Building
59, 4, LOC_CITY_NAME_MEROE, , , DISTRICT_DAM, Build City District, CONTRACT 1216
59, 4, LOC_CITY_NAME_KERMA, , CONTRACT 1214, COMPLETED, UNIT_MILITARY_ENGINEER, NO_BUILDING, NO_DISTRICT, VALUE 289.0, Build City Improvement
59, 4, LOC_CITY_NAME_KERMA, , , UNIT_CAVALRY, Build City Building, CONTRACT 1219
59, 4, LOC_CITY_NAME_KAWA, , CONTRACT 1214, COMPLETED, UNIT_MILITARY_ENGINEER, NO_BUILDING, NO_DISTRICT, VALUE 289.0, Build City Improvement
59, 4, LOC_CITY_NAME_KAWA, , , UNIT_CAVALRY, Build City Building, CONTRACT 1221
59, 4, LOC_CITY_NAME_QASR_IBRIM, , CONTRACT 1225, ACCEPTED, NO_UNIT, BUILDING_BARRACKS, NO_DISTRICT, VALUE 4170.0, Build City Building
59, 4, LOC_CITY_NAME_QASR_IBRIM, , , BUILDING_ARMORY, Default Specialization, , , Value 5050.8
59, 4, LOC_CITY_NAME_MEROE, , CONTRACT 1262, SUBMITTED, UNIT_LINE_INFANTRY, NO_BUILDING, NO_DISTRICT, VALUE 1194.0, Siege City Assault
59, 4, LOC_CITY_NAME_SEDEINGA, , CONTRACT 1262, SUBMITTED, UNIT_LINE_INFANTRY, NO_BUILDING, NO_DISTRICT, VALUE 1194.0, Siege City Assault
59, 4, LOC_CITY_NAME_KERMA, , CONTRACT 1262, SUBMITTED, UNIT_LINE_INFANTRY, NO_BUILDING, NO_DISTRICT, VALUE 1194.0, Siege City Assault
59, 4, LOC_CITY_NAME_KAWA, , CONTRACT 1262, SUBMITTED, UNIT_LINE_INFANTRY, NO_BUILDING, NO_DISTRICT, VALUE 1194.0, Siege City Assault
59, 4, LOC_CITY_NAME_EL_KURRU, , CONTRACT 1262, SUBMITTED, UNIT_LINE_INFANTRY, NO_BUILDING, NO_DISTRICT, VALUE 1194.0, Siege City Assault
59, 4, LOC_CITY_NAME_QASR_IBRIM, , CONTRACT 1262, SUBMITTED, UNIT_LINE_INFANTRY, NO_BUILDING, NO_DISTRICT, VALUE 1194.0, Siege City Assault
59, 4, LOC_CITY_NAME_HEH, , CONTRACT 1262, SUBMITTED, UNIT_LINE_INFANTRY, NO_BUILDING, NO_DISTRICT, VALUE 1194.0, Siege City Assault
59, 4, LOC_CITY_NAME_SHAAT, , CONTRACT 1262, SUBMITTED, UNIT_LINE_INFANTRY, NO_BUILDING, NO_DISTRICT, VALUE 1194.0, Siege City Assault
59, 4, LOC_CITY_NAME_NURI, , CONTRACT 1262, SUBMITTED, UNIT_LINE_INFANTRY, NO_BUILDING, NO_DISTRICT, VALUE 1194.0, Siege City Assault
59, 4, LOC_CITY_NAME_MEROE, , CONTRACT 1263, SUBMITTED, NO_UNIT, BUILDING_BANK, NO_DISTRICT, VALUE 0.0, Build Trigger Building
59, 4, LOC_CITY_NAME_MEROE, , CONTRACT 1264, SUBMITTED, NO_UNIT, BUILDING_MUSEUM_ARTIFACT, NO_DISTRICT, VALUE 0.0, Build Trigger Building
59, 5, LOC_CITY_NAME_PELLA, , , BUILDING_MILITARY_ACADEMY, Default Specialization, , , Value 3663.0
59, 5, LOC_CITY_NAME_ALEXANDRIA_TROAS, , , DISTRICT_ENCAMPMENT, Build City District, CONTRACT 1189
59, 5, LOC_CITY_NAME_CHALKIDIKI, , CONTRACT 1238, ACCEPTED, NO_UNIT, BUILDING_TEMPLE, NO_DISTRICT, VALUE 1168.0, Build City Building
59, 5, LOC_CITY_NAME_CHALKIDIKI, , , BUILDING_GURDWARA, Default Specialization, , , Value 1225.3
59, 5, LOC_CITY_NAME_ALEXANDRIA_LATMUS, , , BUILDING_MILITARY_ACADEMY, Default Specialization, , , Value 3549.3
59, 5, LOC_CITY_NAME_ALEXANDRIA_LATMUS, , CONTRACT 1265, SUBMITTED, NO_UNIT, BUILDING_MILITARY_ACADEMY, NO_DISTRICT, VALUE 3549.0, Build City Building
59, 5, LOC_CITY_NAME_PELLA, , CONTRACT 1266, SUBMITTED, NO_UNIT, BUILDING_MILITARY_ACADEMY, NO_DISTRICT, VALUE 2055.0, Build City Building
59, 6, LOC_CITY_NAME_RIO_DE_JANEIRO, , , DISTRICT_INDUSTRIAL_ZONE, Build City District, CONTRACT 1243
59, 6, LOC_CITY_NAME_SAO_PAULO, , CONTRACT 1241, ACCEPTED, NO_UNIT, BUILDING_ARMORY, NO_DISTRICT, VALUE 1374.0, Build City Building
59, 6, LOC_CITY_NAME_SAO_PAULO, , , DISTRICT_GOVERNMENT, Build City District, CONTRACT 1242
59, 6, LOC_CITY_NAME_FORTALEZA, , CONTRACT 1194, COMPLETED, NO_UNIT, NO_BUILDING, DISTRICT_CAMPUS, VALUE 2029.0, Build City District
59, 6, LOC_CITY_NAME_FORTALEZA, , CONTRACT 1196, CANCELLED, UNIT_BUILDER, NO_BUILDING, NO_DISTRICT, VALUE 360.0, Build City Improvement
59, 6, LOC_CITY_NAME_FORTALEZA, , , BUILDING_LIBRARY, Default Specialization, , , Value 3669.6
59, 6, LOC_CITY_NAME_SALVADOR, , CONTRACT 1196, FAILED, UNIT_BUILDER, NO_BUILDING, NO_DISTRICT, VALUE 360.0, Build City Improvement
59, 6, LOC_CITY_NAME_SALVADOR, , , PROJECT_ENHANCE_DISTRICT_CAMPUS, Default Specialization, , , Value 326.7
59, 6, LOC_CITY_NAME_PORTO_ALEGRE, , , PROJECT_ENHANCE_DISTRICT_CAMPUS, Default Specialization, , , Value 337.6
59, 6, FAITH PURCHASE, , , UNIT_APOSTLE, Unknown, CONTRACT 1244
59, 6, LOC_CITY_NAME_SAO_PAULO, , CONTRACT 1268, SUBMITTED, UNIT_MILITARY_ENGINEER, NO_BUILDING, NO_DISTRICT, VALUE 281.0, Build City Improvement
59, 6, LOC_CITY_NAME_FORTALEZA, , CONTRACT 1269, SUBMITTED, NO_UNIT, BUILDING_LIBRARY, NO_DISTRICT, VALUE 3669.0, Build City Building
59, 6, LOC_CITY_NAME_SAO_PAULO, , CONTRACT 1270, SUBMITTED, UNIT_MILITARY_ENGINEER, NO_BUILDING, NO_DISTRICT, VALUE 283.0, Build City Improvement
59, 6, LOC_CITY_NAME_RIO_DE_JANEIRO, , CONTRACT 1271, SUBMITTED, NO_UNIT, BUILDING_MUSEUM_ART, NO_DISTRICT, VALUE 0.0, Build Trigger Building
59, 7, LOC_CITY_NAME_AACHEN, , CONTRACT 1200, COMPLETED, NO_UNIT, BUILDING_AMPHITHEATER, NO_DISTRICT, VALUE 3386.8, Manage Great Person
59, 7, LOC_CITY_NAME_AACHEN, , CONTRACT 1248, ACCEPTED, NO_UNIT, BUILDING_AMPHITHEATER, NO_DISTRICT, VALUE 100.0, Manage Great Person
59, 7, LOC_CITY_NAME_AACHEN, , , BUILDING_STAR_FORT, Build Trigger Building, CONTRACT 1199
59, 7, LOC_CITY_NAME_COLOGNE, , , BUILDING_SYNAGOGUE, Default Specialization, , , Value 1215.4
59, 7, LOC_CITY_NAME_DORTMUND, , , BUILDING_STAR_FORT, Default Specialization, , , Value 1888.7
59, 7, LOC_CITY_NAME_MAINZ, , , DISTRICT_ENCAMPMENT, Build City District, CONTRACT 1246
59, 7, LOC_CITY_NAME_BERLIN, , CONTRACT 1273, SUBMITTED, NO_UNIT, BUILDING_WALLS, NO_DISTRICT, VALUE 183.0, Build City Building
59, 7, LOC_CITY_NAME_MAINZ, , CONTRACT 1274, SUBMITTED, NO_UNIT, BUILDING_TEMPLE, NO_DISTRICT, VALUE 2055.0, Build City Building
59, 7, LOC_CITY_NAME_COLOGNE, , CONTRACT 1275, SUBMITTED, NO_UNIT, NO_BUILDING, DISTRICT_NEIGHBORHOOD, VALUE 640.0, Build City District
59, 7, LOC_CITY_NAME_DORTMUND, , CONTRACT 1276, SUBMITTED, NO_UNIT, BUILDING_STAR_FORT, NO_DISTRICT, VALUE 1888.0, Build City Building
59, 7, LOC_CITY_NAME_MAGDEBURG, , CONTRACT 1277, SUBMITTED, NO_UNIT, BUILDING_SYNAGOGUE, NO_DISTRICT, VALUE 740.0, Build City Building
59, 7, LOC_CITY_NAME_AACHEN, , CONTRACT 1278, SUBMITTED, UNIT_BUILDER, NO_BUILDING, NO_DISTRICT, VALUE 772.0, Build City Improvement
59, 7, LOC_CITY_NAME_MAGDEBURG, , CONTRACT 1278, SUBMITTED, UNIT_BUILDER, NO_BUILDING, NO_DISTRICT, VALUE 772.0, Build City Improvement
59, 7, LOC_CITY_NAME_COLOGNE, , CONTRACT 1278, SUBMITTED, UNIT_BUILDER, NO_BUILDING, NO_DISTRICT, VALUE 772.0, Build City Improvement
59, 7, LOC_CITY_NAME_DORTMUND, , CONTRACT 1278, SUBMITTED, UNIT_BUILDER, NO_BUILDING, NO_DISTRICT, VALUE 772.0, Build City Improvement
59, 7, LOC_CITY_NAME_HEIDELBERG, , CONTRACT 1278, SUBMITTED, UNIT_BUILDER, NO_BUILDING, NO_DISTRICT, VALUE 772.0, Build City Improvement
59, 7, LOC_CITY_NAME_MAINZ, , CONTRACT 1278, SUBMITTED, UNIT_BUILDER, NO_BUILDING, NO_DISTRICT, VALUE 772.0, Build City Improvement
59, 7, LOC_CITY_NAME_BERLIN, , CONTRACT 1278, SUBMITTED, UNIT_BUILDER, NO_BUILDING, NO_DISTRICT, VALUE 772.0, Build City Improvement
59, 8, LOC_CITY_HA_NOI, , , DISTRICT_AQUEDUCT, Build City District, CONTRACT 1254
59, 8, LOC_CITY_QUANG_TRI, , CONTRACT 1201, COMPLETED, NO_UNIT, NO_BUILDING, DISTRICT_GOVERNMENT, VALUE 1677.0, Build City District
59, 8, LOC_CITY_QUANG_TRI, , , BUILDING_GOV_CONQUEST, Default Specialization, , , Value 6216.4
59, 8, LOC_CITY_HOI_AN, , CONTRACT 1252, ACCEPTED, NO_UNIT, BUILDING_STAR_FORT, NO_DISTRICT, VALUE 875.0, Build City Building
59, 8, LOC_CITY_HOI_AN, , , UNIT_MUSKETMAN, Default Specialization, , , Value 29.3
59, 8, LOC_CITY_CAN_THO, , , BUILDING_STAR_FORT, Build Trigger Building, CONTRACT 1255
59, 8, FAITH PURCHASE, , , UNIT_APOSTLE, Unknown, CONTRACT 1256
59, 8, LOC_CITY_HA_NOI, , CONTRACT 1280, SUBMITTED, UNIT_BUILDER, NO_BUILDING, NO_DISTRICT, VALUE 406.0, Build City Improvement
59, 8, LOC_CITY_HUE, , CONTRACT 1280, SUBMITTED, UNIT_BUILDER, NO_BUILDING, NO_DISTRICT, VALUE 406.0, Build City Improvement
59, 8, LOC_CITY_QUANG_TRI, , CONTRACT 1280, SUBMITTED, UNIT_BUILDER, NO_BUILDING, NO_DISTRICT, VALUE 406.0, Build City Improvement
59, 8, LOC_CITY_HOI_AN, , CONTRACT 1280, SUBMITTED, UNIT_BUILDER, NO_BUILDING, NO_DISTRICT, VALUE 406.0, Build City Improvement
59, 8, LOC_CITY_HOA_LU, , CONTRACT 1280, SUBMITTED, UNIT_BUILDER, NO_BUILDING, NO_DISTRICT, VALUE 406.0, Build City Improvement
59, 8, LOC_CITY_DONG_HOI, , CONTRACT 1280, SUBMITTED, UNIT_BUILDER, NO_BUILDING, NO_DISTRICT, VALUE 406.0, Build City Improvement
59, 8, LOC_CITY_CAN_THO, , CONTRACT 1280, SUBMITTED, UNIT_BUILDER, NO_BUILDING, NO_DISTRICT, VALUE 406.0, Build City Improvement
59, 8, LOC_CITY_NAME_VILNIUS, , CONTRACT 1280, SUBMITTED, UNIT_BUILDER, NO_BUILDING, NO_DISTRICT, VALUE 406.0, Build City Improvement
59, 8, LOC_CITY_HA_NOI, , CONTRACT 1281, SUBMITTED, UNIT_BUILDER, NO_BUILDING, NO_DISTRICT, VALUE 391.0, Build City Improvement
59, 8, LOC_CITY_HUE, , CONTRACT 1281, SUBMITTED, UNIT_BUILDER, NO_BUILDING, NO_DISTRICT, VALUE 391.0, Build City Improvement
59, 8, LOC_CITY_QUANG_TRI, , CONTRACT 1281, SUBMITTED, UNIT_BUILDER, NO_BUILDING, NO_DISTRICT, VALUE 391.0, Build City Improvement
59, 8, LOC_CITY_HOI_AN, , CONTRACT 1281, SUBMITTED, UNIT_BUILDER, NO_BUILDING, NO_DISTRICT, VALUE 391.0, Build City Improvement
59, 8, LOC_CITY_HOA_LU, , CONTRACT 1281, SUBMITTED, UNIT_BUILDER, NO_BUILDING, NO_DISTRICT, VALUE 391.0, Build City Improvement
59, 8, LOC_CITY_DONG_HOI, , CONTRACT 1281, SUBMITTED, UNIT_BUILDER, NO_BUILDING, NO_DISTRICT, VALUE 391.0, Build City Improvement
59, 8, LOC_CITY_CAN_THO, , CONTRACT 1281, SUBMITTED, UNIT_BUILDER, NO_BUILDING, NO_DISTRICT, VALUE 391.0, Build City Improvement
59, 8, LOC_CITY_NAME_VILNIUS, , CONTRACT 1281, SUBMITTED, UNIT_BUILDER, NO_BUILDING, NO_DISTRICT, VALUE 391.0, Build City Improvement
59, 9, LOC_CITY_NAME_ROME, , , DISTRICT_HOLY_SITE, Build City District, CONTRACT 1259
59, 9, LOC_CITY_NAME_LUGDUNUM, , , BUILDING_MILITARY_ACADEMY, Default Specialization, , , Value 2333.6
59, 9, LOC_CITY_NAME_BRUNDISIUM, , , BUILDING_ARMORY, Default Specialization, , , Value 3658.7
59, 9, FAITH PURCHASE, , , UNIT_APOSTLE, Unknown, CONTRACT 1260
59, 9, LOC_CITY_NAME_LUGDUNUM, , CONTRACT 1286, SUBMITTED, NO_UNIT, BUILDING_MILITARY_ACADEMY, NO_DISTRICT, VALUE 1944.0, Build City Building
59, 9, LOC_CITY_NAME_ARPINUM, , CONTRACT 1287, SUBMITTED, NO_UNIT, BUILDING_MILITARY_ACADEMY, NO_DISTRICT, VALUE 980.0, Build City Building
59, 9, LOC_CITY_NAME_ROME, , CONTRACT 1288, SUBMITTED, NO_UNIT, BUILDING_SHRINE, NO_DISTRICT, VALUE 8860.0, Build City Building
59, 10, LOC_CITY_NAME_BABYLON, , , BUILDING_CASTLE, Default Specialization, , , Value 1262.3
59, 10, LOC_CITY_NAME_BABYLON, , CONTRACT 1290, SUBMITTED, NO_UNIT, BUILDING_CASTLE, NO_DISTRICT, VALUE 515.0, Build City Building
59, 14, LOC_CITY_NAME_LISBON, , , NO BUILDS AT ALL (maybe city was nuked?), Generic Offense
59, 14, LOC_CITY_NAME_LISBON, , , NO BUILDS AT ALL (maybe city was nuked?), Generic Offense
59, 14, LOC_CITY_NAME_LISBON, , CONTRACT 1291, SUBMITTED, UNIT_CROSSBOWMAN, NO_BUILDING, NO_DISTRICT, VALUE 96.0, Build City Building
59, 15, LOC_CITY_NAME_VATICAN_CITY, , , NO BUILDS AT ALL (maybe city was nuked?), Generic Offense
59, 15, LOC_CITY_NAME_VATICAN_CITY, , , NO BUILDS AT ALL (maybe city was nuked?), Generic Offense
59, 18, LOC_CITY_NAME_BUENOS_AIRES, , , UNIT_HORSEMAN, Default Specialization, , , Value 67.3
59, 18, LOC_CITY_NAME_BUENOS_AIRES, , , UNIT_HORSEMAN, Default Specialization, , , Value 67.3
59, 20, LOC_CITY_NAME_KUMASI, , , BUILDING_CASTLE, Default Specialization, , , Value 1262.3
59, 20, LOC_CITY_NAME_KUMASI, , CONTRACT 1292, SUBMITTED, NO_UNIT, BUILDING_CASTLE, NO_DISTRICT, VALUE 501.0, Build City Building
59, 20, LOC_CITY_NAME_KUMASI, , CONTRACT 1293, SUBMITTED, NO_UNIT, NO_BUILDING, DISTRICT_THEATER, VALUE 922.0, Build City District
59, 21, LOC_CITY_NAME_PRESLAV, , , NO BUILDS AT ALL (maybe city was nuked?), Generic Offense
59, 21, LOC_CITY_NAME_PRESLAV, , , NO BUILDS AT ALL (maybe city was nuked?), Generic Offense
