Game Turn, Player, Action, , 0, 1, 2, 3, 4, 5, 6, 7, 8, 9, 10, 11, 12, 13, 14, 15, 16, 17, 18, 19, 20, 21, 62, 63
40, 5, ,, -31:DIPLO_STATE_WAR, -67:DIPLO_STATE_WAR, -40:DIPLO_STATE_WAR, -64:DIPLO_STATE_WAR, -54:DIPLO_STATE_WAR,, 6:DIPLO_STATE_ALLIED, 12:DIPLO_STATE_ALLIED, 12:DIPLO_STATE_ALLIED, 22:DIPLO_STATE_ALLIED, 0:DIPLO_STATE_WAR_WITH_MINOR, 0:DIPLO_STATE_WAR_WITH_MINOR,, 0:DIPLO_STATE_WAR_WITH_MINOR, 3:DIPLO_STATE_INFLUENTIAL, 0:DIPLO_STATE_WAR_WITH_MINOR, 0:DIPLO_STATE_WAR_WITH_MINOR,, 0:DIPLO_STATE_WAR_WITH_MINOR, 0:DIPLO_STATE_WAR_WITH_MINOR, 0:DIPLO_STATE_WAR_WITH_MINOR, 0:DIPLO_STATE_WAR_WITH_MINOR,,,,,,,,,,,,,,,,,,,,,,,,,,,,,,,,,,,,,,,,, 0:DIPLO_STATE_FREE_CITIES_NEUTRAL, 0:
40, 5, Threat and Trust,, 10.16:6:2.00, 10.16:6:1.00, 10.16:6:2.00, 10.16:6:2.00, 10.16:6:6.00,, 60.16:3:-5.00, 60.16:3:1.00, 67.95:2:0.00, 83.91:1:2.00, 0.00:11:0.00, 0.00:11:0.00,, 0.00:11:0.00, 0.00:11:0.00, 0.00:11:0.00, 0.00:11:0.00,, 0.00:11:0.00, 0.00:11:0.00, 0.00:11:0.00, 0.00:11:0.00,,,,,,,,,,,,,,,,,,,,,,,,,,,,,,,,,,,,,,,,, 0.00:11:0.00, 0.00:11:0.00
40, 6, ,, -74:DIPLO_STATE_WAR, -71:DIPLO_STATE_WAR, -64:DIPLO_STATE_WAR, -83:DIPLO_STATE_WAR, -83:DIPLO_STATE_WAR, -25:DIPLO_STATE_ALLIED,, 9:DIPLO_STATE_ALLIED, 9:DIPLO_STATE_ALLIED, 1:DIPLO_STATE_ALLIED, 0:DIPLO_STATE_WAR_WITH_MINOR, 0:DIPLO_STATE_WAR_WITH_MINOR,, 0:DIPLO_STATE_WAR_WITH_MINOR, 4:DIPLO_STATE_MAX_INFLUENCE, 0:DIPLO_STATE_WAR_WITH_MINOR, 0:DIPLO_STATE_WAR_WITH_MINOR,, 0:DIPLO_STATE_WAR_WITH_MINOR, 0:DIPLO_STATE_WAR_WITH_MINOR, 0:DIPLO_STATE_WAR_WITH_MINOR, 0:DIPLO_STATE_WAR_WITH_MINOR,,,,,,,,,,,,,,,,,,,,,,,,,,,,,,,,,,,,,,,,, 0:DIPLO_STATE_FREE_CITIES_NEUTRAL, 0:
40, 6, Threat and Trust,, 10.16:6:2.00, 10.16:6:1.00, 10.16:6:2.00, 10.16:6:2.00, 10.16:6:6.00, 60.16:4:-10.00,, 66.86:3:1.00, 70.16:2:0.00, 86.11:1:2.00, 0.00:11:0.00, 0.00:11:0.00,, 0.00:11:0.00, 0.00:11:0.00, 0.00:11:0.00, 0.00:11:0.00,, 0.00:11:0.00, 0.00:11:0.00, 0.00:11:0.00, 0.00:11:0.00,,,,,,,,,,,,,,,,,,,,,,,,,,,,,,,,,,,,,,,,, 0.00:11:0.00, 0.00:11:0.00
40, 7, ,, -89:DIPLO_STATE_WAR, -83:DIPLO_STATE_WAR, -85:DIPLO_STATE_WAR, -102:DIPLO_STATE_WAR, -100:DIPLO_STATE_WAR, -23:DIPLO_STATE_ALLIED, 3:DIPLO_STATE_ALLIED,, 8:DIPLO_STATE_ALLIED, 2:DIPLO_STATE_ALLIED, 0:DIPLO_STATE_WAR_WITH_MINOR, 0:DIPLO_STATE_WAR_WITH_MINOR,, 0:DIPLO_STATE_WAR_WITH_MINOR, 2:DIPLO_STATE_INFLUENTIAL, 0:DIPLO_STATE_WAR_WITH_MINOR, 0:DIPLO_STATE_WAR_WITH_MINOR,, 0:DIPLO_STATE_WAR_WITH_MINOR, 0:DIPLO_STATE_WAR_WITH_MINOR, 0:DIPLO_STATE_WAR_WITH_MINOR, 0:DIPLO_STATE_WAR_WITH_MINOR,,,,,,,,,,,,,,,,,,,,,,,,,,,,,,,,,,,,,,,,, 0:DIPLO_STATE_FREE_CITIES_NEUTRAL, 0:
40, 7, Threat and Trust,, 10.16:6:2.00, 10.16:6:1.00, 10.16:6:1.00, 10.16:6:2.00, 10.16:6:6.00, 60.16:2:-10.00, 60.16:2:-5.00,, 60.16:2:0.00, 78.95:1:2.00, 0.00:11:0.00, 0.00:11:0.00,, 0.00:11:0.00, 0.00:11:0.00, 0.00:11:0.00, 0.00:11:0.00,, 0.00:11:0.00, 0.00:11:0.00, 0.00:11:0.00, 0.00:11:0.00,,,,,,,,,,,,,,,,,,,,,,,,,,,,,,,,,,,,,,,,, 0.00:11:0.00, 0.00:11:0.00
40, 8, ,, -90:DIPLO_STATE_WAR, -103:DIPLO_STATE_WAR, -75:DIPLO_STATE_WAR, -82:DIPLO_STATE_WAR, -99:DIPLO_STATE_WAR, -25:DIPLO_STATE_ALLIED, -15:DIPLO_STATE_ALLIED, -8:DIPLO_STATE_ALLIED,, 23:DIPLO_STATE_ALLIED, 0:DIPLO_STATE_WAR_WITH_MINOR, 0:DIPLO_STATE_WAR_WITH_MINOR,, 0:DIPLO_STATE_WAR_WITH_MINOR, 3:DIPLO_STATE_INFLUENTIAL, 0:DIPLO_STATE_WAR_WITH_MINOR, 0:DIPLO_STATE_WAR_WITH_MINOR,, 0:DIPLO_STATE_WAR_WITH_MINOR, 0:DIPLO_STATE_WAR_WITH_MINOR, 0:DIPLO_STATE_WAR_WITH_MINOR, 0:DIPLO_STATE_WAR_WITH_MINOR,,,,,,,,,,,,,,,,,,,,,,,,,,,,,,,,,,,,,,,,, 0:DIPLO_STATE_FREE_CITIES_NEUTRAL, 0:
40, 8, Threat and Trust,, 10.16:6:2.00, 10.16:6:1.00, 10.16:6:2.00, 10.16:6:2.00, 10.16:6:6.00, 60.16:2:-10.00, 60.16:2:-5.00, 60.16:2:1.00,, 95.95:1:2.00, 0.00:11:0.00, 0.00:11:0.00,, 0.00:11:0.00, 0.00:11:0.00, 0.00:11:0.00, 0.00:11:0.00,, 0.00:11:0.00, 0.00:11:0.00, 0.00:11:0.00, 0.00:11:0.00,,,,,,,,,,,,,,,,,,,,,,,,,,,,,,,,,,,,,,,,, 0.00:11:0.00, 0.00:11:0.00
40, 9, ,, -81:DIPLO_STATE_WAR, -100:DIPLO_STATE_WAR, -68:DIPLO_STATE_WAR, -85:DIPLO_STATE_WAR, -80:DIPLO_STATE_WAR, -26:DIPLO_STATE_ALLIED, 11:DIPLO_STATE_ALLIED, -3:DIPLO_STATE_ALLIED, 19:DIPLO_STATE_ALLIED,, 0:DIPLO_STATE_WAR_WITH_MINOR, 0:DIPLO_STATE_WAR_WITH_MINOR,, 0:DIPLO_STATE_WAR_WITH_MINOR, 3:DIPLO_STATE_INFLUENTIAL, 0:DIPLO_STATE_WAR_WITH_MINOR, 0:DIPLO_STATE_WAR_WITH_MINOR,, 0:DIPLO_STATE_WAR_WITH_MINOR, 0:DIPLO_STATE_WAR_WITH_MINOR, 0:DIPLO_STATE_WAR_WITH_MINOR, 0:DIPLO_STATE_WAR_WITH_MINOR,,,,,,,,,,,,,,,,,,,,,,,,,,,,,,,,,,,,,,,,, 0:DIPLO_STATE_FREE_CITIES_NEUTRAL, 0:
40, 9, Threat and Trust,, 10.16:6:2.00, 10.16:6:2.00, 10.16:6:0.00, 10.16:6:0.00, 10.16:6:1.00, 60.16:2:-10.00, 60.16:2:-5.00, 60.16:2:1.00, 60.16:2:0.00,, 0.00:11:0.00, 0.00:11:0.00,, 0.00:11:0.00, 0.00:11:0.00, 0.00:11:0.00, 0.00:11:0.00,, 0.00:11:0.00, 0.00:11:0.00, 0.00:11:0.00, 0.00:11:0.00,,,,,,,,,,,,,,,,,,,,,,,,,,,,,,,,,,,,,,,,, 0.00:11:0.00, 0.00:11:0.00
40, 10, ,, 0:DIPLO_STATE_AWARE, 2:DIPLO_STATE_PATRON, 1:DIPLO_STATE_PATRON, 0:DIPLO_STATE_AWARE, 3:DIPLO_STATE_PATRON, 0:DIPLO_STATE_WAR_WITH_MAJOR, 0:DIPLO_STATE_WAR_WITH_MAJOR, 0:DIPLO_STATE_WAR_WITH_MAJOR, 0:DIPLO_STATE_WAR_WITH_MAJOR, 0:DIPLO_STATE_WAR_WITH_MAJOR,,,,, 0:DIPLO_STATE_MINOR_MINOR_WAR,,,,,,,,,,,,,,,,,,,,,,,,,,,,,,,,,,,,,,,,,,,,,,,,, 0:
40, 10, Threat and Trust,, 10.16:6:0.00, 10.16:6:0.00, 10.16:6:0.00, 10.16:6:0.00, 10.16:6:0.00, 89.75:4:0.00, 87.55:5:0.00, 94.70:3:0.00, 102.30:2:0.00, 113.50:1:0.00,,,,, 0.00:11:0.00,,,,,,,,,,,,,,,,,,,,,,,,,,,,,,,,,,,,,,,,,,,,,,,,, 0.00:11:0.00
40, 12, ,, 1:DIPLO_STATE_PATRON, 1:DIPLO_STATE_PATRON, 0:DIPLO_STATE_AWARE, 1:DIPLO_STATE_PATRON, 1:DIPLO_STATE_PATRON,,,,,,,,,,,,, 0:DIPLO_STATE_MINOR_MINOR,,,, 0:DIPLO_STATE_MINOR_MINOR,,,,,,,,,,,,,,,,,,,,,,,,,,,,,,,,,,,,,,,,,, 0:
40, 12, Threat and Trust,, 10.16:1:0.00, 10.16:1:0.00, 10.16:1:0.00, 10.16:1:0.00, 10.16:1:0.00,,,,,,,,,,,,, 0.00:6:0.00,,,, 0.00:6:0.00,,,,,,,,,,,,,,,,,,,,,,,,,,,,,,,,,,,,,,,,,, 0.00:6:0.00
40, 13, ,, 0:DIPLO_STATE_AWARE, 4:DIPLO_STATE_PATRON, 0:DIPLO_STATE_AWARE, 2:DIPLO_STATE_PATRON, 0:DIPLO_STATE_AWARE, 0:DIPLO_STATE_WAR_WITH_MAJOR, 0:DIPLO_STATE_WAR_WITH_MAJOR, 0:DIPLO_STATE_WAR_WITH_MAJOR, 0:DIPLO_STATE_WAR_WITH_MAJOR, 0:DIPLO_STATE_WAR_WITH_MAJOR,,,,, 0:DIPLO_STATE_MINOR_MINOR_WAR,, 0:DIPLO_STATE_MINOR_MINOR,,,,,,,,,,,,,,,,,,,,,,,,,,,,,,,,,,,,,,,,,,,,,,, 0:
40, 13, Threat and Trust,, 10.16:7:0.00, 10.16:7:0.00, 10.16:7:0.00, 10.16:7:0.00, 15.20:6:0.00, 93.50:4:0.00, 91.30:5:0.00, 98.45:3:0.00, 106.05:2:0.00, 117.25:1:0.00,,,,, 0.00:11:0.00,, 0.00:11:0.00,,,,,,,,,,,,,,,,,,,,,,,,,,,,,,,,,,,,,,,,,,,,,,, 0.00:11:0.00
40, 14, ,, 0:DIPLO_STATE_WAR_WITH_MAJOR, 0:DIPLO_STATE_WAR_WITH_MAJOR, 0:DIPLO_STATE_WAR_WITH_MAJOR, 0:DIPLO_STATE_WAR_WITH_MAJOR, 2:DIPLO_STATE_WAR_WITH_MAJOR, 3:DIPLO_STATE_PATRON, 4:DIPLO_STATE_PATRON, 2:DIPLO_STATE_PATRON, 3:DIPLO_STATE_PATRON, 3:DIPLO_STATE_PATRON, 0:DIPLO_STATE_MINOR_MINOR_WAR, 0:DIPLO_STATE_MINOR_MINOR,, 0:DIPLO_STATE_MINOR_MINOR_WAR,, 0:DIPLO_STATE_MINOR_MINOR_WAR, 0:DIPLO_STATE_MINOR_MINOR_WAR,,, 0:DIPLO_STATE_MINOR_MINOR, 0:DIPLO_STATE_MINOR_MINOR_WAR, 0:DIPLO_STATE_MINOR_MINOR_WAR,,,,,,,,,,,,,,,,,,,,,,,,,,,,,,,,,,,,,,,,,, 0:
40, 14, Threat and Trust,, 10.16:6:0.00, 10.16:6:0.00, 10.16:6:0.00, 10.16:6:0.00, 10.16:6:0.00, 92.50:4:0.00, 90.30:5:0.00, 97.45:3:0.00, 105.05:2:0.00, 116.25:1:0.00, 0.00:11:0.00, 0.00:11:0.00,, 0.00:11:0.00,, 0.00:11:0.00, 0.00:11:0.00,,, 0.00:11:0.00, 0.00:11:0.00, 0.00:11:0.00,,,,,,,,,,,,,,,,,,,,,,,,,,,,,,,,,,,,,,,,,, 0.00:11:0.00
40, 15, ,, 0:DIPLO_STATE_AWARE, 1:DIPLO_STATE_PATRON, 3:DIPLO_STATE_PATRON, 2:DIPLO_STATE_PATRON, 1:DIPLO_STATE_PATRON, 0:DIPLO_STATE_WAR_WITH_MAJOR, 0:DIPLO_STATE_WAR_WITH_MAJOR, 0:DIPLO_STATE_WAR_WITH_MAJOR, 0:DIPLO_STATE_WAR_WITH_MAJOR, 0:DIPLO_STATE_WAR_WITH_MAJOR,,,,, 0:DIPLO_STATE_MINOR_MINOR_WAR,, 0:DIPLO_STATE_MINOR_MINOR,,,, 0:DIPLO_STATE_MINOR_MINOR,,,,,,,,,,,,,,,,,,,,,,,,,,,,,,,,,,,,,,,,,,, 0:
40, 15, Threat and Trust,, 10.16:6:0.00, 10.16:6:0.00, 10.16:6:0.00, 10.16:6:0.00, 10.16:6:0.00, 86.30:4:0.00, 84.11:5:0.00, 91.25:3:0.00, 98.86:2:0.00, 110.05:1:0.00,,,,, 0.00:11:0.00,, 0.00:11:0.00,,,, 0.00:11:0.00,,,,,,,,,,,,,,,,,,,,,,,,,,,,,,,,,,,,,,,,,,, 0.00:11:0.00
40, 16, ,, 0:DIPLO_STATE_AWARE, 0:DIPLO_STATE_AWARE, 0:DIPLO_STATE_AWARE, 0:DIPLO_STATE_AWARE, 3:DIPLO_STATE_PATRON, 0:DIPLO_STATE_WAR_WITH_MAJOR, 0:DIPLO_STATE_WAR_WITH_MAJOR, 0:DIPLO_STATE_WAR_WITH_MAJOR, 0:DIPLO_STATE_WAR_WITH_MAJOR, 0:DIPLO_STATE_WAR_WITH_MAJOR,, 0:DIPLO_STATE_MINOR_MINOR_WAR,, 0:DIPLO_STATE_MINOR_MINOR, 0:DIPLO_STATE_MINOR_MINOR_WAR, 0:DIPLO_STATE_MINOR_MINOR,,, 0:DIPLO_STATE_MINOR_MINOR, 0:DIPLO_STATE_MINOR_MINOR_WAR, 0:DIPLO_STATE_MINOR_MINOR, 0:DIPLO_STATE_MINOR_MINOR,,,,,,,,,,,,,,,,,,,,,,,,,,,,,,,,,,,,,,,,,, 0:
40, 16, Threat and Trust,, 10.16:6:0.00, 10.16:6:0.00, 10.16:6:0.00, 10.16:6:0.00, 10.16:6:0.00, 91.86:4:0.00, 89.66:5:0.00, 96.80:3:0.00, 130.80:1:0.00, 115.61:2:0.00,, 0.00:11:0.00,, 0.00:11:0.00, 0.00:11:0.00, 0.00:11:0.00,,, 0.00:11:0.00, 0.00:11:0.00, 0.00:11:0.00, 0.00:11:0.00,,,,,,,,,,,,,,,,,,,,,,,,,,,,,,,,,,,,,,,,,, 0.00:11:0.00
40, 17, ,, 0:DIPLO_STATE_AWARE, 2:DIPLO_STATE_PATRON, 2:DIPLO_STATE_PATRON, 2:DIPLO_STATE_PATRON, 1:DIPLO_STATE_PATRON,,,,,,,, 0:DIPLO_STATE_MINOR_MINOR,,,,,,,,, 0:DIPLO_STATE_MINOR_MINOR,,,,,,,,,,,,,,,,,,,,,,,,,,,,,,,,,,,,,,,,,, 0:
40, 17, Threat and Trust,, 10.16:1:0.00, 10.16:1:0.00, 10.16:1:0.00, 10.16:1:0.00, 10.16:1:0.00,,,,,,,, 0.00:6:0.00,,,,,,,,, 0.00:6:0.00,,,,,,,,,,,,,,,,,,,,,,,,,,,,,,,,,,,,,,,,,, 0.00:6:0.00
40, 20, ,, 2:DIPLO_STATE_PATRON, 0:DIPLO_STATE_AWARE, 0:DIPLO_STATE_AWARE, 2:DIPLO_STATE_PATRON, 3:DIPLO_STATE_PATRON, 0:DIPLO_STATE_WAR_WITH_MAJOR, 0:DIPLO_STATE_WAR_WITH_MAJOR, 0:DIPLO_STATE_WAR_WITH_MAJOR, 0:DIPLO_STATE_WAR_WITH_MAJOR, 0:DIPLO_STATE_WAR_WITH_MAJOR,, 0:DIPLO_STATE_MINOR_MINOR,,, 0:DIPLO_STATE_MINOR_MINOR_WAR, 0:DIPLO_STATE_MINOR_MINOR, 0:DIPLO_STATE_MINOR_MINOR,,,,,,,,,,,,,,,,,,,,,,,,,,,,,,,,,,,,,,,,,,,,,,, 0:
40, 20, Threat and Trust,, 10.16:6:0.00, 10.16:6:0.00, 10.16:6:0.00, 10.16:6:0.00, 10.16:6:0.00, 89.70:4:0.00, 87.50:5:0.00, 94.66:3:0.00, 102.25:2:0.00, 113.45:1:0.00,, 0.00:11:0.00,,, 0.00:11:0.00, 0.00:11:0.00, 0.00:11:0.00,,,,,,,,,,,,,,,,,,,,,,,,,,,,,,,,,,,,,,,,,,,,,,, 0.00:11:0.00
40, 21, ,, 1:DIPLO_STATE_PATRON, 3:DIPLO_STATE_PATRON, 0:DIPLO_STATE_AWARE, 0:DIPLO_STATE_AWARE, 2:DIPLO_STATE_PATRON, 0:DIPLO_STATE_WAR_WITH_MAJOR, 0:DIPLO_STATE_WAR_WITH_MAJOR, 0:DIPLO_STATE_WAR_WITH_MAJOR, 0:DIPLO_STATE_WAR_WITH_MAJOR, 0:DIPLO_STATE_WAR_WITH_MAJOR,,, 0:DIPLO_STATE_MINOR_MINOR,, 0:DIPLO_STATE_MINOR_MINOR_WAR,, 0:DIPLO_STATE_MINOR_MINOR, 0:DIPLO_STATE_MINOR_MINOR,,,,,,,,,,,,,,,,,,,,,,,,,,,,,,,,,,,,,,,,,,,,,, 0:
40, 21, Threat and Trust,, 10.16:6:0.00, 10.16:6:0.00, 10.16:6:0.00, 10.16:6:0.00, 10.16:6:0.00, 88.95:4:0.00, 86.75:5:0.00, 93.91:3:0.00, 101.50:2:0.00, 112.70:1:0.00,,, 0.00:11:0.00,, 0.00:11:0.00,, 0.00:11:0.00, 0.00:11:0.00,,,,,,,,,,,,,,,,,,,,,,,,,,,,,,,,,,,,,,,,,,,,,, 0.00:11:0.00
40, 62, ,, 0:DIPLO_STATE_FREE_CITIES_NEUTRAL, 0:DIPLO_STATE_FREE_CITIES_NEUTRAL, 0:DIPLO_STATE_FREE_CITIES_NEUTRAL, 0:DIPLO_STATE_FREE_CITIES_NEUTRAL, 0:DIPLO_STATE_FREE_CITIES_NEUTRAL, 0:DIPLO_STATE_FREE_CITIES_NEUTRAL, 0:DIPLO_STATE_FREE_CITIES_NEUTRAL, 0:DIPLO_STATE_FREE_CITIES_NEUTRAL, 0:DIPLO_STATE_FREE_CITIES_NEUTRAL, 0:DIPLO_STATE_FREE_CITIES_NEUTRAL,,,,,,,,,,,,,,,,,,,,,,,,,,,,,,,,,,,,,,,,,,,,,,,,,,,,,,
40, 62, Threat and Trust,, 19.11:7:0.00, 10.16:8:0.00, 10.16:8:0.00, 10.16:8:0.00, 19.70:6:0.00, 98.00:4:0.00, 95.80:5:0.00, 102.95:3:0.00, 110.55:2:0.00, 121.75:1:0.00,,,,,,,,,,,,,,,,,,,,,,,,,,,,,,,,,,,,,,,,,,,,,,,,,,,,,,
40, 63, ,, 0:, 0:, 0:, 0:, 0:, 0:, 0:, 0:, 0:, 0:, 0:, 0:, 0:, 0:, 0:, 0:, 0:, 0:, 0:, 0:, 0:, 0:,,,,,,,,,,,,,,,,,,,,,,,,,,,,,,,,,,,,,,,,,,
40, 63, Threat and Trust,, 0.00:1:0.00, 0.00:1:0.00, 0.00:1:0.00, 0.00:1:0.00, 0.00:1:0.00, 0.00:1:0.00, 0.00:1:0.00, 0.00:1:0.00, 0.00:1:0.00, 0.00:1:0.00, 0.00:1:0.00, 0.00:1:0.00, 0.00:1:0.00, 0.00:1:0.00, 0.00:1:0.00, 0.00:1:0.00, 0.00:1:0.00, 0.00:1:0.00, 0.00:1:0.00, 0.00:1:0.00, 0.00:1:0.00, 0.00:1:0.00,,,,,,,,,,,,,,,,,,,,,,,,,,,,,,,,,,,,,,,,,,
40, 0, ,,, -12:DIPLO_STATE_ALLIED, 6:DIPLO_STATE_ALLIED, -13:DIPLO_STATE_ALLIED, 0:DIPLO_STATE_ALLIED, 8:DIPLO_STATE_WAR, -5:DIPLO_STATE_WAR, -5:DIPLO_STATE_WAR, -5:DIPLO_STATE_WAR, -5:DIPLO_STATE_WAR, 0:DIPLO_STATE_NO_INFLUENCE, 0:DIPLO_STATE_NO_INFLUENCE, 1:DIPLO_STATE_INFLUENTIAL, 0:DIPLO_STATE_NO_INFLUENCE, 0:DIPLO_STATE_WAR_WITH_MINOR, 0:DIPLO_STATE_NO_INFLUENCE, 0:DIPLO_STATE_NO_INFLUENCE, 0:DIPLO_STATE_NO_INFLUENCE, 0:DIPLO_STATE_NO_INFLUENCE, 0:DIPLO_STATE_NO_INFLUENCE, 2:DIPLO_STATE_INFLUENTIAL, 1:DIPLO_STATE_INFLUENTIAL,,,,,,,,,,,,,,,,,,,,,,,,,,,,,,,,,,,,,,,,, 0:DIPLO_STATE_FREE_CITIES_NEUTRAL, 0:
40, 0, Threat and Trust,,, 10.16:6:4.00, 10.16:6:4.00, 10.16:6:4.00, 10.16:6:4.00, 89.61:4:-10.00, 87.41:5:-5.00, 94.55:3:0.00, 102.16:2:0.00, 113.36:1:2.00, 0.00:11:0.00, 0.00:11:0.00, 0.00:11:0.00, 0.00:11:0.00, 0.00:11:0.00, 0.00:11:0.00, 0.00:11:0.00, 0.00:11:0.00, 0.00:11:0.00, 0.00:11:0.00, 0.00:11:0.00, 0.00:11:0.00,,,,,,,,,,,,,,,,,,,,,,,,,,,,,,,,,,,,,,,,, 0.00:11:0.00, 0.00:11:0.00
40, 1, ,, 34:DIPLO_STATE_ALLIED,, 31:DIPLO_STATE_ALLIED, 16:DIPLO_STATE_ALLIED, 31:DIPLO_STATE_ALLIED, -5:DIPLO_STATE_WAR, 9:DIPLO_STATE_WAR, 8:DIPLO_STATE_WAR, -4:DIPLO_STATE_WAR, -2:DIPLO_STATE_WAR, 2:DIPLO_STATE_INFLUENTIAL, 0:DIPLO_STATE_NO_INFLUENCE, 1:DIPLO_STATE_INFLUENTIAL, 4:DIPLO_STATE_MAX_INFLUENCE, 0:DIPLO_STATE_WAR_WITH_MINOR, 1:DIPLO_STATE_INFLUENTIAL, 0:DIPLO_STATE_NO_INFLUENCE, 2:DIPLO_STATE_INFLUENTIAL, 0:DIPLO_STATE_NO_INFLUENCE, 0:DIPLO_STATE_NO_INFLUENCE, 0:DIPLO_STATE_NO_INFLUENCE, 3:DIPLO_STATE_MAX_INFLUENCE,,,,,,,,,,,,,,,,,,,,,,,,,,,,,,,,,,,,,,,,, 0:DIPLO_STATE_FREE_CITIES_NEUTRAL, 0:
40, 1, Threat and Trust,, 10.16:6:4.00,, 10.16:6:2.00, 10.16:6:2.00, 10.16:6:4.00, 93.41:4:-10.00, 91.20:5:-5.00, 98.36:3:0.00, 105.95:2:0.00, 117.16:1:2.00, 0.00:11:0.00, 0.00:11:0.00, 0.00:11:0.00, 0.00:11:0.00, 0.00:11:0.00, 0.00:11:0.00, 0.00:11:0.00, 0.00:11:0.00, 0.00:11:0.00, 0.00:11:0.00, 0.00:11:0.00, 0.00:11:0.00,,,,,,,,,,,,,,,,,,,,,,,,,,,,,,,,,,,,,,,,, 0.00:11:0.00, 0.00:11:0.00
40, 2, ,, 32:DIPLO_STATE_ALLIED, -29:DIPLO_STATE_ALLIED,, 17:DIPLO_STATE_ALLIED, 11:DIPLO_STATE_ALLIED, 4:DIPLO_STATE_WAR, 2:DIPLO_STATE_WAR, 2:DIPLO_STATE_WAR, 16:DIPLO_STATE_WAR, 17:DIPLO_STATE_WAR, 1:DIPLO_STATE_INFLUENTIAL, 0:DIPLO_STATE_NO_INFLUENCE, 0:DIPLO_STATE_NO_INFLUENCE, 0:DIPLO_STATE_NO_INFLUENCE, 0:DIPLO_STATE_WAR_WITH_MINOR, 3:DIPLO_STATE_MAX_INFLUENCE, 0:DIPLO_STATE_NO_INFLUENCE, 2:DIPLO_STATE_INFLUENTIAL, 0:DIPLO_STATE_NO_INFLUENCE, 0:DIPLO_STATE_NO_INFLUENCE, 0:DIPLO_STATE_NO_INFLUENCE, 0:DIPLO_STATE_NO_INFLUENCE,,,,,,,,,,,,,,,,,,,,,,,,,,,,,,,,,,,,,,,,, 0:DIPLO_STATE_FREE_CITIES_NEUTRAL, 0:
40, 2, Threat and Trust,, 10.16:6:4.00, 10.16:6:2.00,, 10.16:6:2.00, 10.16:6:10.00, 93.25:4:-10.00, 91.05:5:-5.00, 98.20:3:0.00, 105.80:2:0.00, 117.00:1:0.00, 0.00:11:0.00, 0.00:11:0.00, 0.00:11:0.00, 0.00:11:0.00, 0.00:11:0.00, 0.00:11:0.00, 0.00:11:0.00, 0.00:11:0.00, 0.00:11:0.00, 0.00:11:0.00, 0.00:11:0.00, 0.00:11:0.00,,,,,,,,,,,,,,,,,,,,,,,,,,,,,,,,,,,,,,,,, 0.00:11:0.00, 0.00:11:0.00
40, 3, ,, 4:DIPLO_STATE_ALLIED, 0:DIPLO_STATE_ALLIED, 27:DIPLO_STATE_ALLIED,, 7:DIPLO_STATE_ALLIED, -13:DIPLO_STATE_WAR, -5:DIPLO_STATE_WAR, -6:DIPLO_STATE_WAR, 8:DIPLO_STATE_WAR, 16:DIPLO_STATE_WAR, 0:DIPLO_STATE_NO_INFLUENCE, 0:DIPLO_STATE_NO_INFLUENCE, 1:DIPLO_STATE_INFLUENTIAL, 2:DIPLO_STATE_INFLUENTIAL, 0:DIPLO_STATE_WAR_WITH_MINOR, 2:DIPLO_STATE_INFLUENTIAL, 0:DIPLO_STATE_NO_INFLUENCE, 2:DIPLO_STATE_INFLUENTIAL, 0:DIPLO_STATE_NO_INFLUENCE, 0:DIPLO_STATE_NO_INFLUENCE, 2:DIPLO_STATE_INFLUENTIAL, 0:DIPLO_STATE_NO_INFLUENCE,,,,,,,,,,,,,,,,,,,,,,,,,,,,,,,,,,,,,,,,, 0:DIPLO_STATE_FREE_CITIES_NEUTRAL, 0:
40, 3, Threat and Trust,, 10.16:7:4.00, 10.16:7:2.00, 10.16:7:2.00,, 16.30:6:10.00, 94.61:4:-10.00, 92.41:5:-5.00, 99.55:3:0.00, 107.16:2:0.00, 118.36:1:0.00, 0.00:11:0.00, 0.00:11:0.00, 0.00:11:0.00, 0.00:11:0.00, 0.00:11:0.00, 0.00:11:0.00, 0.00:11:0.00, 0.00:11:0.00, 0.00:11:0.00, 0.00:11:0.00, 0.00:11:0.00, 0.00:11:0.00,,,,,,,,,,,,,,,,,,,,,,,,,,,,,,,,,,,,,,,,, 0.00:11:0.00, 0.00:11:0.00
40, 4, ,, 25:DIPLO_STATE_ALLIED, 10:DIPLO_STATE_ALLIED, -2:DIPLO_STATE_ALLIED, 23:DIPLO_STATE_ALLIED,, 8:DIPLO_STATE_WAR, -5:DIPLO_STATE_WAR, -5:DIPLO_STATE_WAR, -5:DIPLO_STATE_WAR, -5:DIPLO_STATE_WAR, 3:DIPLO_STATE_MAX_INFLUENCE, 0:DIPLO_STATE_NO_INFLUENCE, 1:DIPLO_STATE_INFLUENTIAL, 0:DIPLO_STATE_NO_INFLUENCE, 2:DIPLO_STATE_WAR_WITH_MINOR, 1:DIPLO_STATE_INFLUENTIAL, 3:DIPLO_STATE_MAX_INFLUENCE, 1:DIPLO_STATE_INFLUENTIAL, 0:DIPLO_STATE_NO_INFLUENCE, 0:DIPLO_STATE_NO_INFLUENCE, 3:DIPLO_STATE_MAX_INFLUENCE, 2:DIPLO_STATE_INFLUENTIAL,,,,,,,,,,,,,,,,,,,,,,,,,,,,,,,,,,,,,,,,, 0:DIPLO_STATE_FREE_CITIES_NEUTRAL, 0:
40, 4, Threat and Trust,, 10.16:7:4.00, 10.16:7:4.00, 10.16:7:10.00, 10.16:7:10.00,, 92.45:4:-10.00, 90.25:5:-5.00, 97.41:3:2.00, 105.00:2:0.00, 167.40:1:0.00, 0.00:11:0.00, 0.00:11:0.00, 0.00:11:0.00, 0.00:11:0.00, 0.00:11:0.00, 0.00:11:0.00, 0.00:11:0.00, 0.00:11:0.00, 0.00:11:0.00, 0.00:11:0.00, 0.00:11:0.00, 0.00:11:0.00,,,,,,,,,,,,,,,,,,,,,,,,,,,,,,,,,,,,,,,,, 0.00:11:0.00, 0.00:11:0.00
40, 2, ,, 32:DIPLO_STATE_ALLIED, -29:DIPLO_STATE_ALLIED,, 17:DIPLO_STATE_ALLIED, 11:DIPLO_STATE_ALLIED, 4:DIPLO_STATE_WAR, 2:DIPLO_STATE_WAR, 2:DIPLO_STATE_WAR, 16:DIPLO_STATE_WAR, 17:DIPLO_STATE_WAR, 1:DIPLO_STATE_INFLUENTIAL, 0:DIPLO_STATE_NO_INFLUENCE, 0:DIPLO_STATE_NO_INFLUENCE, 0:DIPLO_STATE_NO_INFLUENCE, 0:DIPLO_STATE_WAR_WITH_MINOR, 3:DIPLO_STATE_MAX_INFLUENCE, 0:DIPLO_STATE_NO_INFLUENCE, 2:DIPLO_STATE_INFLUENTIAL, 0:DIPLO_STATE_NO_INFLUENCE, 0:DIPLO_STATE_NO_INFLUENCE, 0:DIPLO_STATE_NO_INFLUENCE, 0:DIPLO_STATE_NO_INFLUENCE,,,,,,,,,,,,,,,,,,,,,,,,,,,,,,,,,,,,,,,,, 0:DIPLO_STATE_FREE_CITIES_NEUTRAL, 0:
40, 2, Threat and Trust,, 10.16:6:4.00, 10.16:6:2.00,, 10.16:6:2.00, 10.16:6:10.00, 93.25:4:-10.00, 91.05:5:-5.00, 98.20:3:0.00, 105.80:2:0.00, 117.00:1:0.00, 0.00:11:0.00, 0.00:11:0.00, 0.00:11:0.00, 0.00:11:0.00, 0.00:11:0.00, 0.00:11:0.00, 0.00:11:0.00, 0.00:11:0.00, 0.00:11:0.00, 0.00:11:0.00, 0.00:11:0.00, 0.00:11:0.00,,,,,,,,,,,,,,,,,,,,,,,,,,,,,,,,,,,,,,,,, 0.00:11:0.00, 0.00:11:0.00
40, 3, ,, 4:DIPLO_STATE_ALLIED, 0:DIPLO_STATE_ALLIED, 27:DIPLO_STATE_ALLIED,, 7:DIPLO_STATE_ALLIED, -13:DIPLO_STATE_WAR, -5:DIPLO_STATE_WAR, -6:DIPLO_STATE_WAR, 8:DIPLO_STATE_WAR, 16:DIPLO_STATE_WAR, 0:DIPLO_STATE_NO_INFLUENCE, 0:DIPLO_STATE_NO_INFLUENCE, 1:DIPLO_STATE_INFLUENTIAL, 2:DIPLO_STATE_INFLUENTIAL, 0:DIPLO_STATE_WAR_WITH_MINOR, 2:DIPLO_STATE_INFLUENTIAL, 0:DIPLO_STATE_NO_INFLUENCE, 2:DIPLO_STATE_INFLUENTIAL, 0:DIPLO_STATE_NO_INFLUENCE, 0:DIPLO_STATE_NO_INFLUENCE, 2:DIPLO_STATE_INFLUENTIAL, 0:DIPLO_STATE_NO_INFLUENCE,,,,,,,,,,,,,,,,,,,,,,,,,,,,,,,,,,,,,,,,, 0:DIPLO_STATE_FREE_CITIES_NEUTRAL, 0:
40, 3, Threat and Trust,, 10.16:7:6.00, 10.16:7:2.00, 10.16:7:4.00,, 16.30:6:10.00, 94.61:4:-10.00, 92.41:5:-5.00, 99.55:3:0.00, 107.16:2:0.00, 118.36:1:0.00, 0.00:11:0.00, 0.00:11:0.00, 0.00:11:0.00, 0.00:11:0.00, 0.00:11:0.00, 0.00:11:0.00, 0.00:11:0.00, 0.00:11:0.00, 0.00:11:0.00, 0.00:11:0.00, 0.00:11:0.00, 0.00:11:0.00,,,,,,,,,,,,,,,,,,,,,,,,,,,,,,,,,,,,,,,,, 0.00:11:0.00, 0.00:11:0.00
40, 2, ,, 32:DIPLO_STATE_ALLIED, -29:DIPLO_STATE_ALLIED,, 17:DIPLO_STATE_ALLIED, 11:DIPLO_STATE_ALLIED, 4:DIPLO_STATE_WAR, 2:DIPLO_STATE_WAR, 2:DIPLO_STATE_WAR, 16:DIPLO_STATE_WAR, 17:DIPLO_STATE_WAR, 1:DIPLO_STATE_INFLUENTIAL, 0:DIPLO_STATE_NO_INFLUENCE, 0:DIPLO_STATE_NO_INFLUENCE, 0:DIPLO_STATE_NO_INFLUENCE, 0:DIPLO_STATE_WAR_WITH_MINOR, 3:DIPLO_STATE_MAX_INFLUENCE, 0:DIPLO_STATE_NO_INFLUENCE, 2:DIPLO_STATE_INFLUENTIAL, 0:DIPLO_STATE_NO_INFLUENCE, 0:DIPLO_STATE_NO_INFLUENCE, 0:DIPLO_STATE_NO_INFLUENCE, 0:DIPLO_STATE_NO_INFLUENCE,,,,,,,,,,,,,,,,,,,,,,,,,,,,,,,,,,,,,,,,, 0:DIPLO_STATE_FREE_CITIES_NEUTRAL, 0:
40, 2, Threat and Trust,, 10.16:6:4.00, 10.16:6:2.00,, 10.16:6:4.00, 10.16:6:10.00, 93.25:4:-10.00, 91.05:5:-5.00, 98.20:3:0.00, 105.80:2:0.00, 117.00:1:0.00, 0.00:11:0.00, 0.00:11:0.00, 0.00:11:0.00, 0.00:11:0.00, 0.00:11:0.00, 0.00:11:0.00, 0.00:11:0.00, 0.00:11:0.00, 0.00:11:0.00, 0.00:11:0.00, 0.00:11:0.00, 0.00:11:0.00,,,,,,,,,,,,,,,,,,,,,,,,,,,,,,,,,,,,,,,,, 0.00:11:0.00, 0.00:11:0.00
40, 0, ,,, -12:DIPLO_STATE_ALLIED, 6:DIPLO_STATE_ALLIED, -13:DIPLO_STATE_ALLIED, 0:DIPLO_STATE_ALLIED, 8:DIPLO_STATE_WAR, -5:DIPLO_STATE_WAR, -5:DIPLO_STATE_WAR, -5:DIPLO_STATE_WAR, -5:DIPLO_STATE_WAR, 0:DIPLO_STATE_NO_INFLUENCE, 0:DIPLO_STATE_NO_INFLUENCE, 1:DIPLO_STATE_INFLUENTIAL, 0:DIPLO_STATE_NO_INFLUENCE, 0:DIPLO_STATE_WAR_WITH_MINOR, 0:DIPLO_STATE_NO_INFLUENCE, 0:DIPLO_STATE_NO_INFLUENCE, 0:DIPLO_STATE_NO_INFLUENCE, 0:DIPLO_STATE_NO_INFLUENCE, 0:DIPLO_STATE_NO_INFLUENCE, 2:DIPLO_STATE_INFLUENTIAL, 1:DIPLO_STATE_INFLUENTIAL,,,,,,,,,,,,,,,,,,,,,,,,,,,,,,,,,,,,,,,,, 0:DIPLO_STATE_FREE_CITIES_NEUTRAL, 0:
40, 0, Threat and Trust,,, 10.16:6:4.00, 10.16:6:4.00, 10.16:6:6.00, 10.16:6:6.00, 89.61:4:-10.00, 87.41:5:-5.00, 94.55:3:0.00, 102.16:2:0.00, 113.36:1:2.00, 0.00:11:0.00, 0.00:11:0.00, 0.00:11:0.00, 0.00:11:0.00, 0.00:11:0.00, 0.00:11:0.00, 0.00:11:0.00, 0.00:11:0.00, 0.00:11:0.00, 0.00:11:0.00, 0.00:11:0.00, 0.00:11:0.00,,,,,,,,,,,,,,,,,,,,,,,,,,,,,,,,,,,,,,,,, 0.00:11:0.00, 0.00:11:0.00
40, 0, ,,, -12:DIPLO_STATE_ALLIED, 6:DIPLO_STATE_ALLIED, -13:DIPLO_STATE_ALLIED, 0:DIPLO_STATE_ALLIED, 8:DIPLO_STATE_WAR, -5:DIPLO_STATE_WAR, -5:DIPLO_STATE_WAR, -5:DIPLO_STATE_WAR, -5:DIPLO_STATE_WAR, 0:DIPLO_STATE_NO_INFLUENCE, 0:DIPLO_STATE_NO_INFLUENCE, 1:DIPLO_STATE_INFLUENTIAL, 0:DIPLO_STATE_NO_INFLUENCE, 0:DIPLO_STATE_WAR_WITH_MINOR, 0:DIPLO_STATE_NO_INFLUENCE, 0:DIPLO_STATE_NO_INFLUENCE, 0:DIPLO_STATE_NO_INFLUENCE, 0:DIPLO_STATE_NO_INFLUENCE, 0:DIPLO_STATE_NO_INFLUENCE, 2:DIPLO_STATE_INFLUENTIAL, 1:DIPLO_STATE_INFLUENTIAL,,,,,,,,,,,,,,,,,,,,,,,,,,,,,,,,,,,,,,,,, 0:DIPLO_STATE_FREE_CITIES_NEUTRAL, 0:
40, 0, Threat and Trust,,, 10.16:6:4.00, 10.16:6:4.00, 10.16:6:6.00, 10.16:6:6.00, 89.61:4:-10.00, 87.41:5:-5.00, 94.55:3:0.00, 102.16:2:0.00, 113.36:1:2.00, 0.00:11:0.00, 0.00:11:0.00, 0.00:11:0.00, 0.00:11:0.00, 0.00:11:0.00, 0.00:11:0.00, 0.00:11:0.00, 0.00:11:0.00, 0.00:11:0.00, 0.00:11:0.00, 0.00:11:0.00, 0.00:11:0.00,,,,,,,,,,,,,,,,,,,,,,,,,,,,,,,,,,,,,,,,, 0.00:11:0.00, 0.00:11:0.00
40, 3, ,, 4:DIPLO_STATE_ALLIED, 0:DIPLO_STATE_ALLIED, 27:DIPLO_STATE_ALLIED,, 7:DIPLO_STATE_ALLIED, -13:DIPLO_STATE_WAR, -5:DIPLO_STATE_WAR, -6:DIPLO_STATE_WAR, 8:DIPLO_STATE_WAR, 16:DIPLO_STATE_WAR, 0:DIPLO_STATE_NO_INFLUENCE, 0:DIPLO_STATE_NO_INFLUENCE, 1:DIPLO_STATE_INFLUENTIAL, 2:DIPLO_STATE_INFLUENTIAL, 0:DIPLO_STATE_WAR_WITH_MINOR, 2:DIPLO_STATE_INFLUENTIAL, 0:DIPLO_STATE_NO_INFLUENCE, 2:DIPLO_STATE_INFLUENTIAL, 0:DIPLO_STATE_NO_INFLUENCE, 0:DIPLO_STATE_NO_INFLUENCE, 2:DIPLO_STATE_INFLUENTIAL, 0:DIPLO_STATE_NO_INFLUENCE,,,,,,,,,,,,,,,,,,,,,,,,,,,,,,,,,,,,,,,,, 0:DIPLO_STATE_FREE_CITIES_NEUTRAL, 0:
40, 3, Threat and Trust,, 10.16:7:6.00, 10.16:7:2.00, 10.16:7:4.00,, 16.30:6:12.00, 94.61:4:-10.00, 92.41:5:-5.00, 99.55:3:0.00, 107.16:2:0.00, 118.36:1:0.00, 0.00:11:0.00, 0.00:11:0.00, 0.00:11:0.00, 0.00:11:0.00, 0.00:11:0.00, 0.00:11:0.00, 0.00:11:0.00, 0.00:11:0.00, 0.00:11:0.00, 0.00:11:0.00, 0.00:11:0.00, 0.00:11:0.00,,,,,,,,,,,,,,,,,,,,,,,,,,,,,,,,,,,,,,,,, 0.00:11:0.00, 0.00:11:0.00
40, 0, ,,, -12:DIPLO_STATE_ALLIED, 6:DIPLO_STATE_ALLIED, -13:DIPLO_STATE_ALLIED, 0:DIPLO_STATE_ALLIED, 8:DIPLO_STATE_WAR, -5:DIPLO_STATE_WAR, -5:DIPLO_STATE_WAR, -5:DIPLO_STATE_WAR, -5:DIPLO_STATE_WAR, 0:DIPLO_STATE_NO_INFLUENCE, 0:DIPLO_STATE_NO_INFLUENCE, 1:DIPLO_STATE_INFLUENTIAL, 0:DIPLO_STATE_NO_INFLUENCE, 0:DIPLO_STATE_WAR_WITH_MINOR, 0:DIPLO_STATE_NO_INFLUENCE, 0:DIPLO_STATE_NO_INFLUENCE, 0:DIPLO_STATE_NO_INFLUENCE, 0:DIPLO_STATE_NO_INFLUENCE, 0:DIPLO_STATE_NO_INFLUENCE, 2:DIPLO_STATE_INFLUENTIAL, 1:DIPLO_STATE_INFLUENTIAL,,,,,,,,,,,,,,,,,,,,,,,,,,,,,,,,,,,,,,,,, 0:DIPLO_STATE_FREE_CITIES_NEUTRAL, 0:
40, 0, Threat and Trust,,, 10.16:6:4.00, 10.16:6:4.00, 10.16:6:6.00, 10.16:6:6.00, 89.61:4:-10.00, 87.41:5:-5.00, 94.55:3:0.00, 102.16:2:0.00, 113.36:1:2.00, 0.00:11:0.00, 0.00:11:0.00, 0.00:11:0.00, 0.00:11:0.00, 0.00:11:0.00, 0.00:11:0.00, 0.00:11:0.00, 0.00:11:0.00, 0.00:11:0.00, 0.00:11:0.00, 0.00:11:0.00, 0.00:11:0.00,,,,,,,,,,,,,,,,,,,,,,,,,,,,,,,,,,,,,,,,, 0.00:11:0.00, 0.00:11:0.00
40, 2, ,, 32:DIPLO_STATE_ALLIED, -29:DIPLO_STATE_ALLIED,, 17:DIPLO_STATE_ALLIED, 11:DIPLO_STATE_ALLIED, 4:DIPLO_STATE_WAR, 2:DIPLO_STATE_WAR, 2:DIPLO_STATE_WAR, 16:DIPLO_STATE_WAR, 17:DIPLO_STATE_WAR, 1:DIPLO_STATE_INFLUENTIAL, 0:DIPLO_STATE_NO_INFLUENCE, 0:DIPLO_STATE_NO_INFLUENCE, 0:DIPLO_STATE_NO_INFLUENCE, 0:DIPLO_STATE_WAR_WITH_MINOR, 3:DIPLO_STATE_MAX_INFLUENCE, 0:DIPLO_STATE_NO_INFLUENCE, 2:DIPLO_STATE_INFLUENTIAL, 0:DIPLO_STATE_NO_INFLUENCE, 0:DIPLO_STATE_NO_INFLUENCE, 0:DIPLO_STATE_NO_INFLUENCE, 0:DIPLO_STATE_NO_INFLUENCE,,,,,,,,,,,,,,,,,,,,,,,,,,,,,,,,,,,,,,,,, 0:DIPLO_STATE_FREE_CITIES_NEUTRAL, 0:
40, 2, Threat and Trust,, 10.16:6:4.00, 10.16:6:2.00,, 10.16:6:4.00, 10.16:6:10.00, 93.25:4:-10.00, 91.05:5:-5.00, 98.20:3:0.00, 105.80:2:0.00, 117.00:1:0.00, 0.00:11:0.00, 0.00:11:0.00, 0.00:11:0.00, 0.00:11:0.00, 0.00:11:0.00, 0.00:11:0.00, 0.00:11:0.00, 0.00:11:0.00, 0.00:11:0.00, 0.00:11:0.00, 0.00:11:0.00, 0.00:11:0.00,,,,,,,,,,,,,,,,,,,,,,,,,,,,,,,,,,,,,,,,, 0.00:11:0.00, 0.00:11:0.00
40, 0, ,,, -12:DIPLO_STATE_ALLIED, 6:DIPLO_STATE_ALLIED, -13:DIPLO_STATE_ALLIED, 0:DIPLO_STATE_ALLIED, 8:DIPLO_STATE_WAR, -5:DIPLO_STATE_WAR, -5:DIPLO_STATE_WAR, -5:DIPLO_STATE_WAR, -5:DIPLO_STATE_WAR, 0:DIPLO_STATE_NO_INFLUENCE, 0:DIPLO_STATE_NO_INFLUENCE, 1:DIPLO_STATE_INFLUENTIAL, 0:DIPLO_STATE_NO_INFLUENCE, 0:DIPLO_STATE_WAR_WITH_MINOR, 0:DIPLO_STATE_NO_INFLUENCE, 0:DIPLO_STATE_NO_INFLUENCE, 0:DIPLO_STATE_NO_INFLUENCE, 0:DIPLO_STATE_NO_INFLUENCE, 0:DIPLO_STATE_NO_INFLUENCE, 2:DIPLO_STATE_INFLUENTIAL, 1:DIPLO_STATE_INFLUENTIAL,,,,,,,,,,,,,,,,,,,,,,,,,,,,,,,,,,,,,,,,, 0:DIPLO_STATE_FREE_CITIES_NEUTRAL, 0:
40, 0, Threat and Trust,,, 10.16:6:4.00, 10.16:6:4.00, 10.16:6:6.00, 10.16:6:6.00, 89.61:4:-10.00, 87.41:5:-5.00, 94.55:3:0.00, 102.16:2:0.00, 113.36:1:2.00, 0.00:11:0.00, 0.00:11:0.00, 0.00:11:0.00, 0.00:11:0.00, 0.00:11:0.00, 0.00:11:0.00, 0.00:11:0.00, 0.00:11:0.00, 0.00:11:0.00, 0.00:11:0.00, 0.00:11:0.00, 0.00:11:0.00,,,,,,,,,,,,,,,,,,,,,,,,,,,,,,,,,,,,,,,,, 0.00:11:0.00, 0.00:11:0.00
40, 2, ,, 32:DIPLO_STATE_ALLIED, -29:DIPLO_STATE_ALLIED,, 17:DIPLO_STATE_ALLIED, 11:DIPLO_STATE_ALLIED, 4:DIPLO_STATE_WAR, 2:DIPLO_STATE_WAR, 2:DIPLO_STATE_WAR, 16:DIPLO_STATE_WAR, 17:DIPLO_STATE_WAR, 1:DIPLO_STATE_INFLUENTIAL, 0:DIPLO_STATE_NO_INFLUENCE, 0:DIPLO_STATE_NO_INFLUENCE, 0:DIPLO_STATE_NO_INFLUENCE, 0:DIPLO_STATE_WAR_WITH_MINOR, 3:DIPLO_STATE_MAX_INFLUENCE, 0:DIPLO_STATE_NO_INFLUENCE, 2:DIPLO_STATE_INFLUENTIAL, 0:DIPLO_STATE_NO_INFLUENCE, 0:DIPLO_STATE_NO_INFLUENCE, 0:DIPLO_STATE_NO_INFLUENCE, 0:DIPLO_STATE_NO_INFLUENCE,,,,,,,,,,,,,,,,,,,,,,,,,,,,,,,,,,,,,,,,, 0:DIPLO_STATE_FREE_CITIES_NEUTRAL, 0:
40, 2, Threat and Trust,, 10.16:6:4.00, 10.16:6:2.00,, 10.16:6:4.00, 10.16:6:10.00, 93.25:4:-10.00, 91.05:5:-5.00, 98.20:3:0.00, 105.80:2:0.00, 117.00:1:0.00, 0.00:11:0.00, 0.00:11:0.00, 0.00:11:0.00, 0.00:11:0.00, 0.00:11:0.00, 0.00:11:0.00, 0.00:11:0.00, 0.00:11:0.00, 0.00:11:0.00, 0.00:11:0.00, 0.00:11:0.00, 0.00:11:0.00,,,,,,,,,,,,,,,,,,,,,,,,,,,,,,,,,,,,,,,,, 0.00:11:0.00, 0.00:11:0.00
40, 0, ,,, -12:DIPLO_STATE_ALLIED, 6:DIPLO_STATE_ALLIED, -13:DIPLO_STATE_ALLIED, 0:DIPLO_STATE_ALLIED, 8:DIPLO_STATE_WAR, -5:DIPLO_STATE_WAR, -5:DIPLO_STATE_WAR, -5:DIPLO_STATE_WAR, -5:DIPLO_STATE_WAR, 0:DIPLO_STATE_NO_INFLUENCE, 0:DIPLO_STATE_NO_INFLUENCE, 1:DIPLO_STATE_INFLUENTIAL, 0:DIPLO_STATE_NO_INFLUENCE, 0:DIPLO_STATE_WAR_WITH_MINOR, 0:DIPLO_STATE_NO_INFLUENCE, 0:DIPLO_STATE_NO_INFLUENCE, 0:DIPLO_STATE_NO_INFLUENCE, 0:DIPLO_STATE_NO_INFLUENCE, 0:DIPLO_STATE_NO_INFLUENCE, 2:DIPLO_STATE_INFLUENTIAL, 1:DIPLO_STATE_INFLUENTIAL,,,,,,,,,,,,,,,,,,,,,,,,,,,,,,,,,,,,,,,,, 0:DIPLO_STATE_FREE_CITIES_NEUTRAL, 0:
40, 0, Threat and Trust,,, 10.16:6:4.00, 10.16:6:4.00, 10.16:6:6.00, 10.16:6:6.00, 89.61:4:-10.00, 87.41:5:-5.00, 94.55:3:0.00, 102.16:2:0.00, 113.36:1:2.00, 0.00:11:0.00, 0.00:11:0.00, 0.00:11:0.00, 0.00:11:0.00, 0.00:11:0.00, 0.00:11:0.00, 0.00:11:0.00, 0.00:11:0.00, 0.00:11:0.00, 0.00:11:0.00, 0.00:11:0.00, 0.00:11:0.00,,,,,,,,,,,,,,,,,,,,,,,,,,,,,,,,,,,,,,,,, 0.00:11:0.00, 0.00:11:0.00
40, 0, ,,, -12:DIPLO_STATE_ALLIED, 6:DIPLO_STATE_ALLIED, -13:DIPLO_STATE_ALLIED, 0:DIPLO_STATE_ALLIED, 8:DIPLO_STATE_WAR, -5:DIPLO_STATE_WAR, -5:DIPLO_STATE_WAR, -5:DIPLO_STATE_WAR, -5:DIPLO_STATE_WAR, 0:DIPLO_STATE_NO_INFLUENCE, 0:DIPLO_STATE_NO_INFLUENCE, 1:DIPLO_STATE_INFLUENTIAL, 0:DIPLO_STATE_NO_INFLUENCE, 0:DIPLO_STATE_WAR_WITH_MINOR, 0:DIPLO_STATE_NO_INFLUENCE, 0:DIPLO_STATE_NO_INFLUENCE, 0:DIPLO_STATE_NO_INFLUENCE, 0:DIPLO_STATE_NO_INFLUENCE, 0:DIPLO_STATE_NO_INFLUENCE, 2:DIPLO_STATE_INFLUENTIAL, 1:DIPLO_STATE_INFLUENTIAL,,,,,,,,,,,,,,,,,,,,,,,,,,,,,,,,,,,,,,,,, 0:DIPLO_STATE_FREE_CITIES_NEUTRAL, 0:
40, 0, Threat and Trust,,, 10.16:6:4.00, 10.16:6:4.00, 10.16:6:6.00, 10.16:6:6.00, 89.61:4:-10.00, 87.41:5:-5.00, 94.55:3:0.00, 102.16:2:0.00, 113.36:1:2.00, 0.00:11:0.00, 0.00:11:0.00, 0.00:11:0.00, 0.00:11:0.00, 0.00:11:0.00, 0.00:11:0.00, 0.00:11:0.00, 0.00:11:0.00, 0.00:11:0.00, 0.00:11:0.00, 0.00:11:0.00, 0.00:11:0.00,,,,,,,,,,,,,,,,,,,,,,,,,,,,,,,,,,,,,,,,, 0.00:11:0.00, 0.00:11:0.00
40, 2, ,, 32:DIPLO_STATE_ALLIED, -29:DIPLO_STATE_ALLIED,, 17:DIPLO_STATE_ALLIED, 11:DIPLO_STATE_ALLIED, 4:DIPLO_STATE_WAR, 2:DIPLO_STATE_WAR, 2:DIPLO_STATE_WAR, 16:DIPLO_STATE_WAR, 17:DIPLO_STATE_WAR, 1:DIPLO_STATE_INFLUENTIAL, 0:DIPLO_STATE_NO_INFLUENCE, 0:DIPLO_STATE_NO_INFLUENCE, 0:DIPLO_STATE_NO_INFLUENCE, 0:DIPLO_STATE_WAR_WITH_MINOR, 3:DIPLO_STATE_MAX_INFLUENCE, 0:DIPLO_STATE_NO_INFLUENCE, 2:DIPLO_STATE_INFLUENTIAL, 0:DIPLO_STATE_NO_INFLUENCE, 0:DIPLO_STATE_NO_INFLUENCE, 0:DIPLO_STATE_NO_INFLUENCE, 0:DIPLO_STATE_NO_INFLUENCE,,,,,,,,,,,,,,,,,,,,,,,,,,,,,,,,,,,,,,,,, 0:DIPLO_STATE_FREE_CITIES_NEUTRAL, 0:
40, 2, Threat and Trust,, 10.16:6:4.00, 10.16:6:2.00,, 10.16:6:4.00, 10.16:6:10.00, 93.25:4:-10.00, 91.05:5:-5.00, 98.20:3:0.00, 105.80:2:0.00, 117.00:1:0.00, 0.00:11:0.00, 0.00:11:0.00, 0.00:11:0.00, 0.00:11:0.00, 0.00:11:0.00, 0.00:11:0.00, 0.00:11:0.00, 0.00:11:0.00, 0.00:11:0.00, 0.00:11:0.00, 0.00:11:0.00, 0.00:11:0.00,,,,,,,,,,,,,,,,,,,,,,,,,,,,,,,,,,,,,,,,, 0.00:11:0.00, 0.00:11:0.00
40, 2, ,, 32:DIPLO_STATE_ALLIED, -29:DIPLO_STATE_ALLIED,, 17:DIPLO_STATE_ALLIED, 11:DIPLO_STATE_ALLIED, 4:DIPLO_STATE_WAR, 2:DIPLO_STATE_WAR, 2:DIPLO_STATE_WAR, 16:DIPLO_STATE_WAR, 17:DIPLO_STATE_WAR, 1:DIPLO_STATE_INFLUENTIAL, 0:DIPLO_STATE_NO_INFLUENCE, 0:DIPLO_STATE_NO_INFLUENCE, 0:DIPLO_STATE_NO_INFLUENCE, 0:DIPLO_STATE_WAR_WITH_MINOR, 3:DIPLO_STATE_MAX_INFLUENCE, 0:DIPLO_STATE_NO_INFLUENCE, 2:DIPLO_STATE_INFLUENTIAL, 0:DIPLO_STATE_NO_INFLUENCE, 0:DIPLO_STATE_NO_INFLUENCE, 0:DIPLO_STATE_NO_INFLUENCE, 0:DIPLO_STATE_NO_INFLUENCE,,,,,,,,,,,,,,,,,,,,,,,,,,,,,,,,,,,,,,,,, 0:DIPLO_STATE_FREE_CITIES_NEUTRAL, 0:
40, 2, Threat and Trust,, 10.16:6:4.00, 10.16:6:2.00,, 10.16:6:4.00, 10.16:6:10.00, 93.25:4:-10.00, 91.05:5:-5.00, 98.20:3:0.00, 105.80:2:0.00, 117.00:1:0.00, 0.00:11:0.00, 0.00:11:0.00, 0.00:11:0.00, 0.00:11:0.00, 0.00:11:0.00, 0.00:11:0.00, 0.00:11:0.00, 0.00:11:0.00, 0.00:11:0.00, 0.00:11:0.00, 0.00:11:0.00, 0.00:11:0.00,,,,,,,,,,,,,,,,,,,,,,,,,,,,,,,,,,,,,,,,, 0.00:11:0.00, 0.00:11:0.00
40, 4, ,, 25:DIPLO_STATE_ALLIED, 10:DIPLO_STATE_ALLIED, -2:DIPLO_STATE_ALLIED, 23:DIPLO_STATE_ALLIED,, 8:DIPLO_STATE_WAR, -5:DIPLO_STATE_WAR, -5:DIPLO_STATE_WAR, -5:DIPLO_STATE_WAR, -5:DIPLO_STATE_WAR, 3:DIPLO_STATE_MAX_INFLUENCE, 0:DIPLO_STATE_NO_INFLUENCE, 1:DIPLO_STATE_INFLUENTIAL, 0:DIPLO_STATE_NO_INFLUENCE, 2:DIPLO_STATE_WAR_WITH_MINOR, 1:DIPLO_STATE_INFLUENTIAL, 3:DIPLO_STATE_MAX_INFLUENCE, 1:DIPLO_STATE_INFLUENTIAL, 0:DIPLO_STATE_NO_INFLUENCE, 0:DIPLO_STATE_NO_INFLUENCE, 3:DIPLO_STATE_MAX_INFLUENCE, 2:DIPLO_STATE_INFLUENTIAL,,,,,,,,,,,,,,,,,,,,,,,,,,,,,,,,,,,,,,,,, 0:DIPLO_STATE_FREE_CITIES_NEUTRAL, 0:
40, 4, Threat and Trust,, 10.16:7:6.00, 10.16:7:4.00, 10.16:7:10.00, 10.16:7:12.00,, 92.45:4:-10.00, 90.25:5:-5.00, 97.41:3:2.00, 105.00:2:0.00, 167.40:1:0.00, 0.00:11:0.00, 0.00:11:0.00, 0.00:11:0.00, 0.00:11:0.00, 0.00:11:0.00, 0.00:11:0.00, 0.00:11:0.00, 0.00:11:0.00, 0.00:11:0.00, 0.00:11:0.00, 0.00:11:0.00, 0.00:11:0.00,,,,,,,,,,,,,,,,,,,,,,,,,,,,,,,,,,,,,,,,, 0.00:11:0.00, 0.00:11:0.00
41, 5, ,, -34:DIPLO_STATE_WAR, -67:DIPLO_STATE_WAR, -43:DIPLO_STATE_WAR, -64:DIPLO_STATE_WAR, -43:DIPLO_STATE_WAR,, 1:DIPLO_STATE_ALLIED, 22:DIPLO_STATE_ALLIED, 12:DIPLO_STATE_ALLIED, 22:DIPLO_STATE_ALLIED, 0:DIPLO_STATE_WAR_WITH_MINOR, 0:DIPLO_STATE_WAR_WITH_MINOR,, 0:DIPLO_STATE_WAR_WITH_MINOR, 3:DIPLO_STATE_INFLUENTIAL, 0:DIPLO_STATE_WAR_WITH_MINOR, 0:DIPLO_STATE_WAR_WITH_MINOR,, 0:DIPLO_STATE_WAR_WITH_MINOR, 0:DIPLO_STATE_WAR_WITH_MINOR, 0:DIPLO_STATE_WAR_WITH_MINOR, 0:DIPLO_STATE_WAR_WITH_MINOR,,,,,,,,,,,,,,,,,,,,,,,,,,,,,,,,,,,,,,,,, 0:DIPLO_STATE_FREE_CITIES_NEUTRAL, 0:
41, 5, Threat and Trust,, 10.16:6:2.00, 10.16:6:1.00, 10.16:6:2.00, 10.16:6:2.00, 10.16:6:6.00,, 60.16:3:-5.00, 60.16:3:1.00, 71.50:2:0.00, 82.70:1:2.00, 0.00:11:0.00, 0.00:11:0.00,, 0.00:11:0.00, 0.00:11:0.00, 0.00:11:0.00, 0.00:11:0.00,, 0.00:11:0.00, 0.00:11:0.00, 0.00:11:0.00, 0.00:11:0.00,,,,,,,,,,,,,,,,,,,,,,,,,,,,,,,,,,,,,,,,, 0.00:11:0.00, 0.00:11:0.00
41, 6, ,, -74:DIPLO_STATE_WAR, -71:DIPLO_STATE_WAR, -64:DIPLO_STATE_WAR, -83:DIPLO_STATE_WAR, -88:DIPLO_STATE_WAR, -21:DIPLO_STATE_ALLIED,, 9:DIPLO_STATE_ALLIED, 9:DIPLO_STATE_ALLIED, 1:DIPLO_STATE_ALLIED, 0:DIPLO_STATE_WAR_WITH_MINOR, 0:DIPLO_STATE_WAR_WITH_MINOR,, 0:DIPLO_STATE_WAR_WITH_MINOR, 4:DIPLO_STATE_MAX_INFLUENCE, 0:DIPLO_STATE_WAR_WITH_MINOR, 0:DIPLO_STATE_WAR_WITH_MINOR,, 0:DIPLO_STATE_WAR_WITH_MINOR, 0:DIPLO_STATE_WAR_WITH_MINOR, 0:DIPLO_STATE_WAR_WITH_MINOR, 0:DIPLO_STATE_WAR_WITH_MINOR,,,,,,,,,,,,,,,,,,,,,,,,,,,,,,,,,,,,,,,,, 0:DIPLO_STATE_FREE_CITIES_NEUTRAL, 0:
41, 6, Threat and Trust,, 10.16:6:2.00, 10.16:6:1.00, 10.16:6:2.00, 10.16:6:2.00, 10.16:6:6.00, 60.16:3:-10.00,, 60.16:3:1.00, 72.41:2:0.00, 83.61:1:2.00, 0.00:11:0.00, 0.00:11:0.00,, 0.00:11:0.00, 0.00:11:0.00, 0.00:11:0.00, 0.00:11:0.00,, 0.00:11:0.00, 0.00:11:0.00, 0.00:11:0.00, 0.00:11:0.00,,,,,,,,,,,,,,,,,,,,,,,,,,,,,,,,,,,,,,,,, 0.00:11:0.00, 0.00:11:0.00
41, 7, ,, -88:DIPLO_STATE_WAR, -83:DIPLO_STATE_WAR, -85:DIPLO_STATE_WAR, -101:DIPLO_STATE_WAR, -99:DIPLO_STATE_WAR, -18:DIPLO_STATE_ALLIED, 0:DIPLO_STATE_ALLIED,, 8:DIPLO_STATE_ALLIED, 2:DIPLO_STATE_ALLIED, 0:DIPLO_STATE_WAR_WITH_MINOR, 0:DIPLO_STATE_WAR_WITH_MINOR,, 0:DIPLO_STATE_WAR_WITH_MINOR, 3:DIPLO_STATE_WAR_WITH_MINOR, 0:DIPLO_STATE_WAR_WITH_MINOR, 0:DIPLO_STATE_WAR_WITH_MINOR,, 0:DIPLO_STATE_WAR_WITH_MINOR, 0:DIPLO_STATE_WAR_WITH_MINOR, 0:DIPLO_STATE_WAR_WITH_MINOR, 0:DIPLO_STATE_WAR_WITH_MINOR,,,,,,,,,,,,,,,,,,,,,,,,,,,,,,,,,,,,,,,,, 0:DIPLO_STATE_FREE_CITIES_NEUTRAL, 0:
41, 7, Threat and Trust,, 10.16:6:2.00, 10.16:6:1.00, 10.16:6:1.00, 10.16:6:2.00, 10.16:6:6.00, 60.16:2:-10.00, 60.16:2:-5.00,, 60.16:2:0.00, 74.80:1:2.00, 0.00:11:0.00, 0.00:11:0.00,, 0.00:11:0.00, 0.00:11:0.00, 0.00:11:0.00, 0.00:11:0.00,, 0.00:11:0.00, 0.00:11:0.00, 0.00:11:0.00, 0.00:11:0.00,,,,,,,,,,,,,,,,,,,,,,,,,,,,,,,,,,,,,,,,, 0.00:11:0.00, 0.00:11:0.00
41, 8, ,, -90:DIPLO_STATE_WAR, -103:DIPLO_STATE_WAR, -75:DIPLO_STATE_WAR, -82:DIPLO_STATE_WAR, -87:DIPLO_STATE_WAR, -55:DIPLO_STATE_ALLIED, -23:DIPLO_STATE_ALLIED, -16:DIPLO_STATE_ALLIED,, 23:DIPLO_STATE_ALLIED, 0:DIPLO_STATE_WAR_WITH_MINOR, 0:DIPLO_STATE_WAR_WITH_MINOR,, 0:DIPLO_STATE_WAR_WITH_MINOR, 0:DIPLO_STATE_WAR_WITH_MINOR, 0:DIPLO_STATE_WAR_WITH_MINOR, 0:DIPLO_STATE_WAR_WITH_MINOR,, 0:DIPLO_STATE_WAR_WITH_MINOR, 0:DIPLO_STATE_WAR_WITH_MINOR, 0:DIPLO_STATE_WAR_WITH_MINOR, 0:DIPLO_STATE_WAR_WITH_MINOR,,,,,,,,,,,,,,,,,,,,,,,,,,,,,,,,,,,,,,,,, 0:DIPLO_STATE_FREE_CITIES_NEUTRAL, 0:
41, 8, Threat and Trust,, 10.16:6:2.00, 10.16:6:1.00, 10.16:6:2.00, 10.16:6:2.00, 10.16:6:6.00, 60.16:2:-10.00, 60.16:2:-5.00, 60.16:2:1.00,, 155.65:1:2.00, 0.00:11:0.00, 0.00:11:0.00,, 0.00:11:0.00, 0.00:11:0.00, 0.00:11:0.00, 0.00:11:0.00,, 0.00:11:0.00, 0.00:11:0.00, 0.00:11:0.00, 0.00:11:0.00,,,,,,,,,,,,,,,,,,,,,,,,,,,,,,,,,,,,,,,,, 0.00:11:0.00, 0.00:11:0.00
41, 9, ,, -86:DIPLO_STATE_WAR, -99:DIPLO_STATE_WAR, -53:DIPLO_STATE_WAR, -78:DIPLO_STATE_WAR, -62:DIPLO_STATE_WAR, -56:DIPLO_STATE_ALLIED, -5:DIPLO_STATE_ALLIED, -18:DIPLO_STATE_ALLIED, -5:DIPLO_STATE_ALLIED,, 0:DIPLO_STATE_WAR_WITH_MINOR, 0:DIPLO_STATE_WAR_WITH_MINOR,, 0:DIPLO_STATE_WAR_WITH_MINOR, 0:DIPLO_STATE_WAR_WITH_MINOR, 0:DIPLO_STATE_WAR_WITH_MINOR, 0:DIPLO_STATE_WAR_WITH_MINOR,, 0:DIPLO_STATE_WAR_WITH_MINOR, 0:DIPLO_STATE_WAR_WITH_MINOR, 0:DIPLO_STATE_WAR_WITH_MINOR, 0:DIPLO_STATE_WAR_WITH_MINOR,,,,,,,,,,,,,,,,,,,,,,,,,,,,,,,,,,,,,,,,, 0:DIPLO_STATE_FREE_CITIES_NEUTRAL, 0:
41, 9, Threat and Trust,, 10.16:6:2.00, 10.16:6:2.00, 10.16:6:0.00, 10.16:6:0.00, 10.16:6:1.00, 60.16:2:-10.00, 60.16:2:-5.00, 60.16:2:1.00, 60.16:2:0.00,, 0.00:11:0.00, 0.00:11:0.00,, 0.00:11:0.00, 0.00:11:0.00, 0.00:11:0.00, 0.00:11:0.00,, 0.00:11:0.00, 0.00:11:0.00, 0.00:11:0.00, 0.00:11:0.00,,,,,,,,,,,,,,,,,,,,,,,,,,,,,,,,,,,,,,,,, 0.00:11:0.00, 0.00:11:0.00
41, 10, ,, 0:DIPLO_STATE_AWARE, 2:DIPLO_STATE_PATRON, 1:DIPLO_STATE_PATRON, 0:DIPLO_STATE_AWARE, 3:DIPLO_STATE_PATRON, 0:DIPLO_STATE_WAR_WITH_MAJOR, 0:DIPLO_STATE_WAR_WITH_MAJOR, 0:DIPLO_STATE_WAR_WITH_MAJOR, 0:DIPLO_STATE_WAR_WITH_MAJOR, 0:DIPLO_STATE_WAR_WITH_MAJOR,,,,, 0:DIPLO_STATE_MINOR_MINOR,,,,,,,,,,,,,,,,,,,,,,,,,,,,,,,,,,,,,,,,,,,,,,,,, 0:
41, 10, Threat and Trust,, 10.16:6:0.00, 10.16:6:0.00, 10.16:6:0.00, 10.16:6:0.00, 10.16:6:0.00, 90.11:4:0.00, 89.20:5:0.00, 98.00:3:0.00, 102.95:2:0.00, 118.80:1:0.00,,,,, 0.00:11:0.00,,,,,,,,,,,,,,,,,,,,,,,,,,,,,,,,,,,,,,,,,,,,,,,,, 0.00:11:0.00
41, 12, ,, 1:DIPLO_STATE_PATRON, 1:DIPLO_STATE_PATRON, 0:DIPLO_STATE_AWARE, 1:DIPLO_STATE_PATRON, 1:DIPLO_STATE_PATRON,,,,,,,,,,,,, 0:DIPLO_STATE_MINOR_MINOR,,,, 0:DIPLO_STATE_MINOR_MINOR,,,,,,,,,,,,,,,,,,,,,,,,,,,,,,,,,,,,,,,,,, 0:
41, 12, Threat and Trust,, 10.16:1:0.00, 10.16:1:0.00, 10.16:1:0.00, 10.16:1:0.00, 10.16:1:0.00,,,,,,,,,,,,, 0.00:6:0.00,,,, 0.00:6:0.00,,,,,,,,,,,,,,,,,,,,,,,,,,,,,,,,,,,,,,,,,, 0.00:6:0.00
41, 13, ,, 0:DIPLO_STATE_AWARE, 4:DIPLO_STATE_PATRON, 0:DIPLO_STATE_AWARE, 2:DIPLO_STATE_PATRON, 0:DIPLO_STATE_AWARE, 0:DIPLO_STATE_WAR_WITH_MAJOR, 0:DIPLO_STATE_WAR_WITH_MAJOR, 0:DIPLO_STATE_WAR_WITH_MAJOR, 0:DIPLO_STATE_WAR_WITH_MAJOR, 0:DIPLO_STATE_WAR_WITH_MAJOR,,,,, 0:DIPLO_STATE_MINOR_MINOR,, 0:DIPLO_STATE_MINOR_MINOR,,,,,,,,,,,,,,,,,,,,,,,,,,,,,,,,,,,,,,,,,,,,,,, 0:
41, 13, Threat and Trust,, 10.16:6:0.00, 10.16:6:0.00, 10.16:6:0.00, 10.16:6:0.00, 10.16:6:0.00, 93.95:4:0.00, 93.05:5:0.00, 101.86:3:0.00, 106.80:2:0.00, 122.66:1:0.00,,,,, 0.00:11:0.00,, 0.00:11:0.00,,,,,,,,,,,,,,,,,,,,,,,,,,,,,,,,,,,,,,,,,,,,,,, 0.00:11:0.00
41, 14, ,, 0:DIPLO_STATE_AWARE, 0:DIPLO_STATE_AWARE, 0:DIPLO_STATE_AWARE, 0:DIPLO_STATE_AWARE, 2:DIPLO_STATE_PATRON, 0:DIPLO_STATE_WAR_WITH_MAJOR, 0:DIPLO_STATE_WAR_WITH_MAJOR, 0:DIPLO_STATE_WAR_WITH_MAJOR, 0:DIPLO_STATE_WAR_WITH_MAJOR, 0:DIPLO_STATE_WAR_WITH_MAJOR, 0:DIPLO_STATE_MINOR_MINOR, 0:DIPLO_STATE_MINOR_MINOR,, 0:DIPLO_STATE_MINOR_MINOR,, 0:DIPLO_STATE_MINOR_MINOR, 0:DIPLO_STATE_MINOR_MINOR,,, 0:DIPLO_STATE_MINOR_MINOR, 0:DIPLO_STATE_MINOR_MINOR, 0:DIPLO_STATE_MINOR_MINOR,,,,,,,,,,,,,,,,,,,,,,,,,,,,,,,,,,,,,,,,,, 0:
41, 14, Threat and Trust,, 10.16:6:0.00, 10.16:6:0.00, 10.16:6:0.00, 10.16:6:0.00, 10.16:6:0.00, 93.45:4:0.00, 92.55:5:0.00, 101.36:3:0.00, 106.30:2:0.00, 122.16:1:0.00, 0.00:11:0.00, 0.00:11:0.00,, 0.00:11:0.00,, 0.00:11:0.00, 0.00:11:0.00,,, 0.00:11:0.00, 0.00:11:0.00, 0.00:11:0.00,,,,,,,,,,,,,,,,,,,,,,,,,,,,,,,,,,,,,,,,,, 0.00:11:0.00
41, 15, ,, 0:DIPLO_STATE_AWARE, 1:DIPLO_STATE_PATRON, 3:DIPLO_STATE_PATRON, 2:DIPLO_STATE_PATRON, 1:DIPLO_STATE_PATRON, 0:DIPLO_STATE_WAR_WITH_MAJOR, 0:DIPLO_STATE_WAR_WITH_MAJOR, 0:DIPLO_STATE_WAR_WITH_MAJOR, 0:DIPLO_STATE_WAR_WITH_MAJOR, 0:DIPLO_STATE_WAR_WITH_MAJOR,,,,, 0:DIPLO_STATE_MINOR_MINOR,, 0:DIPLO_STATE_MINOR_MINOR,,,, 0:DIPLO_STATE_MINOR_MINOR,,,,,,,,,,,,,,,,,,,,,,,,,,,,,,,,,,,,,,,,,,, 0:
41, 15, Threat and Trust,, 10.16:6:0.00, 10.16:6:0.00, 10.16:6:0.00, 10.16:6:0.00, 10.16:6:0.00, 88.50:4:0.00, 87.61:5:0.00, 96.41:3:0.00, 101.36:2:0.00, 117.20:1:0.00,,,,, 0.00:11:0.00,, 0.00:11:0.00,,,, 0.00:11:0.00,,,,,,,,,,,,,,,,,,,,,,,,,,,,,,,,,,,,,,,,,,, 0.00:11:0.00
41, 16, ,, 0:DIPLO_STATE_AWARE, 0:DIPLO_STATE_AWARE, 0:DIPLO_STATE_AWARE, 0:DIPLO_STATE_AWARE, 3:DIPLO_STATE_PATRON, 0:DIPLO_STATE_WAR_WITH_MAJOR, 0:DIPLO_STATE_WAR_WITH_MAJOR, 0:DIPLO_STATE_WAR_WITH_MAJOR, 0:DIPLO_STATE_WAR_WITH_MAJOR, 0:DIPLO_STATE_WAR_WITH_MAJOR,, 0:DIPLO_STATE_MINOR_MINOR_WAR,, 0:DIPLO_STATE_MINOR_MINOR, 0:DIPLO_STATE_MINOR_MINOR, 0:DIPLO_STATE_MINOR_MINOR,,, 0:DIPLO_STATE_MINOR_MINOR, 0:DIPLO_STATE_MINOR_MINOR_WAR, 0:DIPLO_STATE_MINOR_MINOR, 0:DIPLO_STATE_MINOR_MINOR,,,,,,,,,,,,,,,,,,,,,,,,,,,,,,,,,,,,,,,,,, 0:
41, 16, Threat and Trust,, 10.16:6:0.00, 10.16:6:0.00, 10.16:6:0.00, 10.16:6:0.00, 10.16:6:0.00, 94.30:4:0.00, 93.41:5:0.00, 102.20:3:0.00, 138.55:1:0.00, 123.00:2:0.00,, 0.00:11:0.00,, 0.00:11:0.00, 0.00:11:0.00, 0.00:11:0.00,,, 0.00:11:0.00, 0.00:11:0.00, 0.00:11:0.00, 0.00:11:0.00,,,,,,,,,,,,,,,,,,,,,,,,,,,,,,,,,,,,,,,,,, 0.00:11:0.00
41, 17, ,, 0:DIPLO_STATE_AWARE, 2:DIPLO_STATE_PATRON, 2:DIPLO_STATE_PATRON, 2:DIPLO_STATE_PATRON, 1:DIPLO_STATE_PATRON,,,,,,,, 0:DIPLO_STATE_MINOR_MINOR,,,,,,,,, 0:DIPLO_STATE_MINOR_MINOR,,,,,,,,,,,,,,,,,,,,,,,,,,,,,,,,,,,,,,,,,, 0:
41, 17, Threat and Trust,, 10.16:1:0.00, 10.16:1:0.00, 10.16:1:0.00, 10.16:1:0.00, 10.16:1:0.00,,,,,,,, 0.00:6:0.00,,,,,,,,, 0.00:6:0.00,,,,,,,,,,,,,,,,,,,,,,,,,,,,,,,,,,,,,,,,,, 0.00:6:0.00
41, 20, ,, 2:DIPLO_STATE_PATRON, 0:DIPLO_STATE_AWARE, 0:DIPLO_STATE_AWARE, 2:DIPLO_STATE_PATRON, 3:DIPLO_STATE_PATRON, 0:DIPLO_STATE_WAR_WITH_MAJOR, 0:DIPLO_STATE_WAR_WITH_MAJOR, 0:DIPLO_STATE_WAR_WITH_MAJOR, 0:DIPLO_STATE_WAR_WITH_MAJOR, 0:DIPLO_STATE_WAR_WITH_MAJOR,, 0:DIPLO_STATE_MINOR_MINOR,,, 0:DIPLO_STATE_MINOR_MINOR, 0:DIPLO_STATE_MINOR_MINOR, 0:DIPLO_STATE_MINOR_MINOR,,,,,,,,,,,,,,,,,,,,,,,,,,,,,,,,,,,,,,,,,,,,,,, 0:
41, 20, Threat and Trust,, 10.16:6:0.00, 10.16:6:0.00, 10.16:6:0.00, 10.16:6:0.00, 10.16:6:0.00, 90.16:4:0.00, 89.25:5:0.00, 98.05:3:0.00, 103.00:2:0.00, 118.86:1:0.00,, 0.00:11:0.00,,, 0.00:11:0.00, 0.00:11:0.00, 0.00:11:0.00,,,,,,,,,,,,,,,,,,,,,,,,,,,,,,,,,,,,,,,,,,,,,,, 0.00:11:0.00
41, 21, ,, 1:DIPLO_STATE_PATRON, 3:DIPLO_STATE_PATRON, 0:DIPLO_STATE_AWARE, 0:DIPLO_STATE_AWARE, 2:DIPLO_STATE_PATRON, 0:DIPLO_STATE_WAR_WITH_MAJOR, 0:DIPLO_STATE_WAR_WITH_MAJOR, 0:DIPLO_STATE_WAR_WITH_MAJOR, 0:DIPLO_STATE_WAR_WITH_MAJOR, 0:DIPLO_STATE_WAR_WITH_MAJOR,,, 0:DIPLO_STATE_MINOR_MINOR,, 0:DIPLO_STATE_MINOR_MINOR,, 0:DIPLO_STATE_MINOR_MINOR, 0:DIPLO_STATE_MINOR_MINOR,,,,,,,,,,,,,,,,,,,,,,,,,,,,,,,,,,,,,,,,,,,,,, 0:
41, 21, Threat and Trust,, 10.16:6:0.00, 10.16:6:0.00, 10.16:6:0.00, 10.16:6:0.00, 10.16:6:0.00, 88.61:4:0.00, 87.70:5:0.00, 96.50:3:0.00, 101.45:2:0.00, 117.30:1:0.00,,, 0.00:11:0.00,, 0.00:11:0.00,, 0.00:11:0.00, 0.00:11:0.00,,,,,,,,,,,,,,,,,,,,,,,,,,,,,,,,,,,,,,,,,,,,,, 0.00:11:0.00
41, 62, ,, 0:DIPLO_STATE_FREE_CITIES_NEUTRAL, 0:DIPLO_STATE_FREE_CITIES_NEUTRAL, 0:DIPLO_STATE_FREE_CITIES_NEUTRAL, 0:DIPLO_STATE_FREE_CITIES_NEUTRAL, 0:DIPLO_STATE_FREE_CITIES_NEUTRAL, 0:DIPLO_STATE_FREE_CITIES_NEUTRAL, 0:DIPLO_STATE_FREE_CITIES_NEUTRAL, 0:DIPLO_STATE_FREE_CITIES_NEUTRAL, 0:DIPLO_STATE_FREE_CITIES_NEUTRAL, 0:DIPLO_STATE_FREE_CITIES_NEUTRAL,,,,,,,,,,,,,,,,,,,,,,,,,,,,,,,,,,,,,,,,,,,,,,,,,,,,,,
41, 62, Threat and Trust,, 18.55:6:0.00, 10.16:8:0.00, 10.16:8:0.00, 10.16:8:0.00, 15.70:7:0.00, 99.20:4:0.00, 98.30:5:0.00, 107.11:3:0.00, 112.05:2:0.00, 127.91:1:0.00,,,,,,,,,,,,,,,,,,,,,,,,,,,,,,,,,,,,,,,,,,,,,,,,,,,,,,
41, 63, ,, 0:, 0:, 0:, 0:, 0:, 0:, 0:, 0:, 0:, 0:, 0:, 0:, 0:, 0:, 0:, 0:, 0:, 0:, 0:, 0:, 0:, 0:,,,,,,,,,,,,,,,,,,,,,,,,,,,,,,,,,,,,,,,,,,
41, 63, Threat and Trust,, 0.00:1:0.00, 0.00:1:0.00, 0.00:1:0.00, 0.00:1:0.00, 0.00:1:0.00, 0.00:1:0.00, 0.00:1:0.00, 0.00:1:0.00, 0.00:1:0.00, 0.00:1:0.00, 0.00:1:0.00, 0.00:1:0.00, 0.00:1:0.00, 0.00:1:0.00, 0.00:1:0.00, 0.00:1:0.00, 0.00:1:0.00, 0.00:1:0.00, 0.00:1:0.00, 0.00:1:0.00, 0.00:1:0.00, 0.00:1:0.00,,,,,,,,,,,,,,,,,,,,,,,,,,,,,,,,,,,,,,,,,,
41, 0, ,,, -6:DIPLO_STATE_ALLIED, 6:DIPLO_STATE_ALLIED, -3:DIPLO_STATE_ALLIED, 31:DIPLO_STATE_ALLIED, 8:DIPLO_STATE_WAR, -5:DIPLO_STATE_WAR, -5:DIPLO_STATE_WAR, -5:DIPLO_STATE_WAR, -11:DIPLO_STATE_WAR, 0:DIPLO_STATE_NO_INFLUENCE, 0:DIPLO_STATE_NO_INFLUENCE, 1:DIPLO_STATE_INFLUENTIAL, 0:DIPLO_STATE_NO_INFLUENCE, 0:DIPLO_STATE_NO_INFLUENCE, 0:DIPLO_STATE_NO_INFLUENCE, 0:DIPLO_STATE_NO_INFLUENCE, 0:DIPLO_STATE_NO_INFLUENCE, 0:DIPLO_STATE_NO_INFLUENCE, 0:DIPLO_STATE_NO_INFLUENCE, 2:DIPLO_STATE_INFLUENTIAL, 1:DIPLO_STATE_INFLUENTIAL,,,,,,,,,,,,,,,,,,,,,,,,,,,,,,,,,,,,,,,,, 0:DIPLO_STATE_FREE_CITIES_NEUTRAL, 0:
41, 0, Threat and Trust,,, 10.16:6:4.00, 10.16:6:4.00, 10.16:6:6.00, 10.16:6:6.00, 90.61:4:-10.00, 89.70:5:-5.00, 98.50:3:0.00, 103.45:2:0.00, 119.30:1:2.00, 0.00:11:0.00, 0.00:11:0.00, 0.00:11:0.00, 0.00:11:0.00, 0.00:11:0.00, 0.00:11:0.00, 0.00:11:0.00, 0.00:11:0.00, 0.00:11:0.00, 0.00:11:0.00, 0.00:11:0.00, 0.00:11:0.00,,,,,,,,,,,,,,,,,,,,,,,,,,,,,,,,,,,,,,,,, 0.00:11:0.00, 0.00:11:0.00
41, 1, ,, 34:DIPLO_STATE_ALLIED,, 31:DIPLO_STATE_ALLIED, 16:DIPLO_STATE_ALLIED, 31:DIPLO_STATE_ALLIED, -5:DIPLO_STATE_WAR, 9:DIPLO_STATE_WAR, 8:DIPLO_STATE_WAR, -4:DIPLO_STATE_WAR, 6:DIPLO_STATE_WAR, 2:DIPLO_STATE_INFLUENTIAL, 0:DIPLO_STATE_NO_INFLUENCE, 1:DIPLO_STATE_INFLUENTIAL, 4:DIPLO_STATE_MAX_INFLUENCE, 0:DIPLO_STATE_NO_INFLUENCE, 1:DIPLO_STATE_INFLUENTIAL, 0:DIPLO_STATE_NO_INFLUENCE, 2:DIPLO_STATE_INFLUENTIAL, 0:DIPLO_STATE_NO_INFLUENCE, 0:DIPLO_STATE_NO_INFLUENCE, 0:DIPLO_STATE_NO_INFLUENCE, 3:DIPLO_STATE_MAX_INFLUENCE,,,,,,,,,,,,,,,,,,,,,,,,,,,,,,,,,,,,,,,,, 0:DIPLO_STATE_FREE_CITIES_NEUTRAL, 0:
41, 1, Threat and Trust,, 10.16:6:4.00,, 10.16:6:2.00, 10.16:6:2.00, 10.16:6:4.00, 94.66:4:-10.00, 93.75:5:-5.00, 102.55:3:0.00, 107.50:2:0.00, 123.36:1:2.00, 0.00:11:0.00, 0.00:11:0.00, 0.00:11:0.00, 0.00:11:0.00, 0.00:11:0.00, 0.00:11:0.00, 0.00:11:0.00, 0.00:11:0.00, 0.00:11:0.00, 0.00:11:0.00, 0.00:11:0.00, 0.00:11:0.00,,,,,,,,,,,,,,,,,,,,,,,,,,,,,,,,,,,,,,,,, 0.00:11:0.00, 0.00:11:0.00
41, 2, ,, 32:DIPLO_STATE_ALLIED, -19:DIPLO_STATE_ALLIED,, 15:DIPLO_STATE_ALLIED, 40:DIPLO_STATE_ALLIED, 4:DIPLO_STATE_WAR, 2:DIPLO_STATE_WAR, 2:DIPLO_STATE_WAR, 16:DIPLO_STATE_WAR, 11:DIPLO_STATE_WAR, 1:DIPLO_STATE_INFLUENTIAL, 0:DIPLO_STATE_NO_INFLUENCE, 0:DIPLO_STATE_NO_INFLUENCE, 0:DIPLO_STATE_NO_INFLUENCE, 0:DIPLO_STATE_NO_INFLUENCE, 3:DIPLO_STATE_MAX_INFLUENCE, 0:DIPLO_STATE_NO_INFLUENCE, 2:DIPLO_STATE_INFLUENTIAL, 0:DIPLO_STATE_NO_INFLUENCE, 0:DIPLO_STATE_NO_INFLUENCE, 0:DIPLO_STATE_NO_INFLUENCE, 0:DIPLO_STATE_NO_INFLUENCE,,,,,,,,,,,,,,,,,,,,,,,,,,,,,,,,,,,,,,,,, 0:DIPLO_STATE_FREE_CITIES_NEUTRAL, 0:
41, 2, Threat and Trust,, 10.16:6:4.00, 10.16:6:2.00,, 10.16:6:4.00, 10.16:6:10.00, 92.30:4:-10.00, 91.41:5:-5.00, 100.20:3:0.00, 105.16:2:0.00, 121.00:1:0.00, 0.00:11:0.00, 0.00:11:0.00, 0.00:11:0.00, 0.00:11:0.00, 0.00:11:0.00, 0.00:11:0.00, 0.00:11:0.00, 0.00:11:0.00, 0.00:11:0.00, 0.00:11:0.00, 0.00:11:0.00, 0.00:11:0.00,,,,,,,,,,,,,,,,,,,,,,,,,,,,,,,,,,,,,,,,, 0.00:11:0.00, 0.00:11:0.00
41, 3, ,, 8:DIPLO_STATE_ALLIED, 0:DIPLO_STATE_ALLIED, 37:DIPLO_STATE_ALLIED,, 24:DIPLO_STATE_ALLIED, -13:DIPLO_STATE_WAR, -5:DIPLO_STATE_WAR, -14:DIPLO_STATE_WAR, 8:DIPLO_STATE_WAR, 2:DIPLO_STATE_WAR, 0:DIPLO_STATE_NO_INFLUENCE, 0:DIPLO_STATE_NO_INFLUENCE, 1:DIPLO_STATE_INFLUENTIAL, 2:DIPLO_STATE_INFLUENTIAL, 0:DIPLO_STATE_NO_INFLUENCE, 2:DIPLO_STATE_INFLUENTIAL, 0:DIPLO_STATE_NO_INFLUENCE, 2:DIPLO_STATE_INFLUENTIAL, 0:DIPLO_STATE_NO_INFLUENCE, 0:DIPLO_STATE_NO_INFLUENCE, 2:DIPLO_STATE_INFLUENTIAL, 0:DIPLO_STATE_NO_INFLUENCE,,,,,,,,,,,,,,,,,,,,,,,,,,,,,,,,,,,,,,,,, 0:DIPLO_STATE_FREE_CITIES_NEUTRAL, 0:
41, 3, Threat and Trust,, 10.16:6:6.00, 10.16:6:2.00, 10.16:6:4.00,, 10.16:6:12.00, 95.50:4:-10.00, 94.61:5:-5.00, 103.41:3:0.00, 108.36:2:0.00, 124.20:1:0.00, 0.00:11:0.00, 0.00:11:0.00, 0.00:11:0.00, 0.00:11:0.00, 0.00:11:0.00, 0.00:11:0.00, 0.00:11:0.00, 0.00:11:0.00, 0.00:11:0.00, 0.00:11:0.00, 0.00:11:0.00, 0.00:11:0.00,,,,,,,,,,,,,,,,,,,,,,,,,,,,,,,,,,,,,,,,, 0.00:11:0.00, 0.00:11:0.00
41, 4, ,, 41:DIPLO_STATE_ALLIED, -17:DIPLO_STATE_ALLIED, 4:DIPLO_STATE_ALLIED, -1:DIPLO_STATE_ALLIED,, 6:DIPLO_STATE_WAR, -7:DIPLO_STATE_WAR, -7:DIPLO_STATE_WAR, 1:DIPLO_STATE_WAR, 1:DIPLO_STATE_WAR, 3:DIPLO_STATE_MAX_INFLUENCE, 0:DIPLO_STATE_NO_INFLUENCE, 1:DIPLO_STATE_INFLUENTIAL, 0:DIPLO_STATE_NO_INFLUENCE, 2:DIPLO_STATE_INFLUENTIAL, 1:DIPLO_STATE_INFLUENTIAL, 3:DIPLO_STATE_MAX_INFLUENCE, 1:DIPLO_STATE_INFLUENTIAL, 0:DIPLO_STATE_NO_INFLUENCE, 0:DIPLO_STATE_NO_INFLUENCE, 3:DIPLO_STATE_MAX_INFLUENCE, 2:DIPLO_STATE_INFLUENTIAL,,,,,,,,,,,,,,,,,,,,,,,,,,,,,,,,,,,,,,,,, 0:DIPLO_STATE_FREE_CITIES_NEUTRAL, 0:
41, 4, Threat and Trust,, 10.16:6:6.00, 10.16:6:4.00, 10.16:6:10.00, 10.16:6:12.00,, 92.05:4:-10.00, 91.16:5:-5.00, 99.95:3:2.00, 104.91:2:0.00, 174.75:1:0.00, 0.00:11:0.00, 0.00:11:0.00, 0.00:11:0.00, 0.00:11:0.00, 0.00:11:0.00, 0.00:11:0.00, 0.00:11:0.00, 0.00:11:0.00, 0.00:11:0.00, 0.00:11:0.00, 0.00:11:0.00, 0.00:11:0.00,,,,,,,,,,,,,,,,,,,,,,,,,,,,,,,,,,,,,,,,, 0.00:11:0.00, 0.00:11:0.00
41, 0, ,,, -6:DIPLO_STATE_ALLIED, 6:DIPLO_STATE_ALLIED, -3:DIPLO_STATE_ALLIED, 31:DIPLO_STATE_ALLIED, 8:DIPLO_STATE_WAR, -5:DIPLO_STATE_WAR, -5:DIPLO_STATE_WAR, -5:DIPLO_STATE_WAR, -11:DIPLO_STATE_WAR, 0:DIPLO_STATE_NO_INFLUENCE, 0:DIPLO_STATE_NO_INFLUENCE, 1:DIPLO_STATE_INFLUENTIAL, 0:DIPLO_STATE_NO_INFLUENCE, 0:DIPLO_STATE_NO_INFLUENCE, 0:DIPLO_STATE_NO_INFLUENCE, 0:DIPLO_STATE_NO_INFLUENCE, 0:DIPLO_STATE_NO_INFLUENCE, 0:DIPLO_STATE_NO_INFLUENCE, 0:DIPLO_STATE_NO_INFLUENCE, 2:DIPLO_STATE_INFLUENTIAL, 1:DIPLO_STATE_INFLUENTIAL,,,,,,,,,,,,,,,,,,,,,,,,,,,,,,,,,,,,,,,,, 0:DIPLO_STATE_FREE_CITIES_NEUTRAL, 0:
41, 0, Threat and Trust,,, 10.16:6:4.00, 10.16:6:4.00, 10.16:6:6.00, 10.16:6:6.00, 90.61:4:-10.00, 89.70:5:-5.00, 98.50:3:0.00, 103.45:2:0.00, 119.30:1:2.00, 0.00:11:0.00, 0.00:11:0.00, 0.00:11:0.00, 0.00:11:0.00, 0.00:11:0.00, 0.00:11:0.00, 0.00:11:0.00, 0.00:11:0.00, 0.00:11:0.00, 0.00:11:0.00, 0.00:11:0.00, 0.00:11:0.00,,,,,,,,,,,,,,,,,,,,,,,,,,,,,,,,,,,,,,,,, 0.00:11:0.00, 0.00:11:0.00
41, 3, ,, 8:DIPLO_STATE_ALLIED, 0:DIPLO_STATE_ALLIED, 37:DIPLO_STATE_ALLIED,, 24:DIPLO_STATE_ALLIED, -13:DIPLO_STATE_WAR, -5:DIPLO_STATE_WAR, -14:DIPLO_STATE_WAR, 8:DIPLO_STATE_WAR, 2:DIPLO_STATE_WAR, 0:DIPLO_STATE_NO_INFLUENCE, 0:DIPLO_STATE_NO_INFLUENCE, 1:DIPLO_STATE_INFLUENTIAL, 2:DIPLO_STATE_INFLUENTIAL, 0:DIPLO_STATE_NO_INFLUENCE, 2:DIPLO_STATE_INFLUENTIAL, 0:DIPLO_STATE_NO_INFLUENCE, 2:DIPLO_STATE_INFLUENTIAL, 0:DIPLO_STATE_NO_INFLUENCE, 0:DIPLO_STATE_NO_INFLUENCE, 2:DIPLO_STATE_INFLUENTIAL, 0:DIPLO_STATE_NO_INFLUENCE,,,,,,,,,,,,,,,,,,,,,,,,,,,,,,,,,,,,,,,,, 0:DIPLO_STATE_FREE_CITIES_NEUTRAL, 0:
41, 3, Threat and Trust,, 10.16:6:6.00, 10.16:6:2.00, 10.16:6:4.00,, 10.16:6:12.00, 95.50:4:-10.00, 94.61:5:-5.00, 103.41:3:0.00, 108.36:2:0.00, 124.20:1:0.00, 0.00:11:0.00, 0.00:11:0.00, 0.00:11:0.00, 0.00:11:0.00, 0.00:11:0.00, 0.00:11:0.00, 0.00:11:0.00, 0.00:11:0.00, 0.00:11:0.00, 0.00:11:0.00, 0.00:11:0.00, 0.00:11:0.00,,,,,,,,,,,,,,,,,,,,,,,,,,,,,,,,,,,,,,,,, 0.00:11:0.00, 0.00:11:0.00
41, 0, ,,, -6:DIPLO_STATE_ALLIED, 6:DIPLO_STATE_ALLIED, -3:DIPLO_STATE_ALLIED, 31:DIPLO_STATE_ALLIED, 8:DIPLO_STATE_WAR, -5:DIPLO_STATE_WAR, -5:DIPLO_STATE_WAR, -5:DIPLO_STATE_WAR, -11:DIPLO_STATE_WAR, 0:DIPLO_STATE_NO_INFLUENCE, 0:DIPLO_STATE_NO_INFLUENCE, 1:DIPLO_STATE_INFLUENTIAL, 0:DIPLO_STATE_NO_INFLUENCE, 0:DIPLO_STATE_NO_INFLUENCE, 0:DIPLO_STATE_NO_INFLUENCE, 0:DIPLO_STATE_NO_INFLUENCE, 0:DIPLO_STATE_NO_INFLUENCE, 0:DIPLO_STATE_NO_INFLUENCE, 0:DIPLO_STATE_NO_INFLUENCE, 2:DIPLO_STATE_INFLUENTIAL, 1:DIPLO_STATE_INFLUENTIAL,,,,,,,,,,,,,,,,,,,,,,,,,,,,,,,,,,,,,,,,, 0:DIPLO_STATE_FREE_CITIES_NEUTRAL, 0:
41, 0, Threat and Trust,,, 10.16:6:4.00, 10.16:6:4.00, 10.16:6:6.00, 10.16:6:6.00, 90.61:4:-10.00, 89.70:5:-5.00, 98.50:3:0.00, 103.45:2:0.00, 119.30:1:2.00, 0.00:11:0.00, 0.00:11:0.00, 0.00:11:0.00, 0.00:11:0.00, 0.00:11:0.00, 0.00:11:0.00, 0.00:11:0.00, 0.00:11:0.00, 0.00:11:0.00, 0.00:11:0.00, 0.00:11:0.00, 0.00:11:0.00,,,,,,,,,,,,,,,,,,,,,,,,,,,,,,,,,,,,,,,,, 0.00:11:0.00, 0.00:11:0.00
41, 1, ,, 34:DIPLO_STATE_ALLIED,, 31:DIPLO_STATE_ALLIED, 16:DIPLO_STATE_ALLIED, 31:DIPLO_STATE_ALLIED, -5:DIPLO_STATE_WAR, 9:DIPLO_STATE_WAR, 8:DIPLO_STATE_WAR, -4:DIPLO_STATE_WAR, 6:DIPLO_STATE_WAR, 2:DIPLO_STATE_INFLUENTIAL, 0:DIPLO_STATE_NO_INFLUENCE, 1:DIPLO_STATE_INFLUENTIAL, 4:DIPLO_STATE_MAX_INFLUENCE, 0:DIPLO_STATE_NO_INFLUENCE, 1:DIPLO_STATE_INFLUENTIAL, 0:DIPLO_STATE_NO_INFLUENCE, 2:DIPLO_STATE_INFLUENTIAL, 0:DIPLO_STATE_NO_INFLUENCE, 0:DIPLO_STATE_NO_INFLUENCE, 0:DIPLO_STATE_NO_INFLUENCE, 3:DIPLO_STATE_MAX_INFLUENCE,,,,,,,,,,,,,,,,,,,,,,,,,,,,,,,,,,,,,,,,, 0:DIPLO_STATE_FREE_CITIES_NEUTRAL, 0:
41, 1, Threat and Trust,, 10.16:6:4.00,, 10.16:6:2.00, 10.16:6:2.00, 10.16:6:4.00, 94.66:4:-10.00, 93.75:5:-5.00, 102.55:3:0.00, 107.50:2:0.00, 123.36:1:2.00, 0.00:11:0.00, 0.00:11:0.00, 0.00:11:0.00, 0.00:11:0.00, 0.00:11:0.00, 0.00:11:0.00, 0.00:11:0.00, 0.00:11:0.00, 0.00:11:0.00, 0.00:11:0.00, 0.00:11:0.00, 0.00:11:0.00,,,,,,,,,,,,,,,,,,,,,,,,,,,,,,,,,,,,,,,,, 0.00:11:0.00, 0.00:11:0.00
42, 5, ,, -8:DIPLO_STATE_WAR, -46:DIPLO_STATE_WAR, -17:DIPLO_STATE_WAR, -43:DIPLO_STATE_WAR, 3:DIPLO_STATE_WAR,, 1:DIPLO_STATE_ALLIED, 22:DIPLO_STATE_ALLIED, 12:DIPLO_STATE_ALLIED, 22:DIPLO_STATE_ALLIED, 0:DIPLO_STATE_WAR_WITH_MINOR, 0:DIPLO_STATE_WAR_WITH_MINOR,, 0:DIPLO_STATE_WAR_WITH_MINOR, 0:DIPLO_STATE_WAR_WITH_MINOR, 0:DIPLO_STATE_WAR_WITH_MINOR, 0:DIPLO_STATE_WAR_WITH_MINOR,, 0:DIPLO_STATE_WAR_WITH_MINOR, 0:DIPLO_STATE_WAR_WITH_MINOR, 0:DIPLO_STATE_WAR_WITH_MINOR, 0:DIPLO_STATE_WAR_WITH_MINOR,,,,,,,,,,,,,,,,,,,,,,,,,,,,,,,,,,,,,,,,, 0:DIPLO_STATE_FREE_CITIES_NEUTRAL, 0:
42, 5, Threat and Trust,, 10.16:6:2.00, 10.16:6:1.00, 10.16:6:2.00, 10.16:6:2.00, 10.16:6:6.00,, 60.16:4:-5.00, 68.50:3:1.00, 73.45:2:0.00, 89.30:1:2.00, 0.00:11:0.00, 0.00:11:0.00,, 0.00:11:0.00, 0.00:11:0.00, 0.00:11:0.00, 0.00:11:0.00,, 0.00:11:0.00, 0.00:11:0.00, 0.00:11:0.00, 0.00:11:0.00,,,,,,,,,,,,,,,,,,,,,,,,,,,,,,,,,,,,,,,,, 0.00:11:0.00, 0.00:11:0.00
42, 6, ,, -73:DIPLO_STATE_WAR, -71:DIPLO_STATE_WAR, -64:DIPLO_STATE_WAR, -83:DIPLO_STATE_WAR, -78:DIPLO_STATE_WAR, -64:DIPLO_STATE_ALLIED,, 10:DIPLO_STATE_ALLIED, 9:DIPLO_STATE_ALLIED, 1:DIPLO_STATE_ALLIED, 0:DIPLO_STATE_WAR_WITH_MINOR, 0:DIPLO_STATE_WAR_WITH_MINOR,, 0:DIPLO_STATE_WAR_WITH_MINOR, 0:DIPLO_STATE_WAR_WITH_MINOR, 0:DIPLO_STATE_WAR_WITH_MINOR, 0:DIPLO_STATE_WAR_WITH_MINOR,, 0:DIPLO_STATE_WAR_WITH_MINOR, 0:DIPLO_STATE_WAR_WITH_MINOR, 0:DIPLO_STATE_WAR_WITH_MINOR, 0:DIPLO_STATE_WAR_WITH_MINOR,,,,,,,,,,,,,,,,,,,,,,,,,,,,,,,,,,,,,,,,, 0:DIPLO_STATE_FREE_CITIES_NEUTRAL, 0:
42, 6, Threat and Trust,, 10.16:6:2.00, 10.16:6:1.00, 10.16:6:2.00, 10.16:6:2.00, 10.16:6:6.00, 60.16:4:-10.00,, 68.95:3:1.00, 73.91:2:0.00, 89.75:1:2.00, 0.00:11:0.00, 0.00:11:0.00,, 0.00:11:0.00, 0.00:11:0.00, 0.00:11:0.00, 0.00:11:0.00,, 0.00:11:0.00, 0.00:11:0.00, 0.00:11:0.00, 0.00:11:0.00,,,,,,,,,,,,,,,,,,,,,,,,,,,,,,,,,,,,,,,,, 0.00:11:0.00, 0.00:11:0.00
42, 7, ,, -71:DIPLO_STATE_WAR, -83:DIPLO_STATE_WAR, -85:DIPLO_STATE_WAR, -84:DIPLO_STATE_WAR, -88:DIPLO_STATE_WAR, -55:DIPLO_STATE_ALLIED, -8:DIPLO_STATE_ALLIED,, 8:DIPLO_STATE_ALLIED, 2:DIPLO_STATE_ALLIED, 0:DIPLO_STATE_WAR_WITH_MINOR, 0:DIPLO_STATE_WAR_WITH_MINOR,, 0:DIPLO_STATE_WAR_WITH_MINOR, 0:DIPLO_STATE_WAR_WITH_MINOR, 0:DIPLO_STATE_WAR_WITH_MINOR, 0:DIPLO_STATE_WAR_WITH_MINOR,, 0:DIPLO_STATE_WAR_WITH_MINOR, 0:DIPLO_STATE_WAR_WITH_MINOR, 0:DIPLO_STATE_WAR_WITH_MINOR, 0:DIPLO_STATE_WAR_WITH_MINOR,,,,,,,,,,,,,,,,,,,,,,,,,,,,,,,,,,,,,,,,, 0:DIPLO_STATE_FREE_CITIES_NEUTRAL, 0:
42, 7, Threat and Trust,, 10.16:6:2.00, 10.16:6:1.00, 10.16:6:1.00, 10.16:6:2.00, 10.16:6:6.00, 60.16:3:-10.00, 60.16:3:-5.00,, 65.70:2:0.00, 81.55:1:2.00, 0.00:11:0.00, 0.00:11:0.00,, 0.00:11:0.00, 0.00:11:0.00, 0.00:11:0.00, 0.00:11:0.00,, 0.00:11:0.00, 0.00:11:0.00, 0.00:11:0.00, 0.00:11:0.00,,,,,,,,,,,,,,,,,,,,,,,,,,,,,,,,,,,,,,,,, 0.00:11:0.00, 0.00:11:0.00
42, 8, ,, -97:DIPLO_STATE_WAR, -104:DIPLO_STATE_WAR, -76:DIPLO_STATE_WAR, -83:DIPLO_STATE_WAR, -88:DIPLO_STATE_WAR, -51:DIPLO_STATE_ALLIED, -22:DIPLO_STATE_ALLIED, -15:DIPLO_STATE_ALLIED,, 23:DIPLO_STATE_ALLIED, 0:DIPLO_STATE_WAR_WITH_MINOR, 0:DIPLO_STATE_WAR_WITH_MINOR,, 0:DIPLO_STATE_WAR_WITH_MINOR, 0:DIPLO_STATE_WAR_WITH_MINOR, 0:DIPLO_STATE_WAR_WITH_MINOR, 0:DIPLO_STATE_WAR_WITH_MINOR,, 0:DIPLO_STATE_WAR_WITH_MINOR, 0:DIPLO_STATE_WAR_WITH_MINOR, 0:DIPLO_STATE_WAR_WITH_MINOR, 0:DIPLO_STATE_WAR_WITH_MINOR,,,,,,,,,,,,,,,,,,,,,,,,,,,,,,,,,,,,,,,,, 0:DIPLO_STATE_FREE_CITIES_NEUTRAL, 0:
42, 8, Threat and Trust,, 10.16:6:2.00, 10.16:6:1.00, 10.16:6:2.00, 10.16:6:2.00, 10.16:6:6.00, 60.16:2:-10.00, 60.16:2:-5.00, 60.16:2:1.00,, 179.86:1:2.00, 0.00:11:0.00, 0.00:11:0.00,, 0.00:11:0.00, 0.00:11:0.00, 0.00:11:0.00, 0.00:11:0.00,, 0.00:11:0.00, 0.00:11:0.00, 0.00:11:0.00, 0.00:11:0.00,,,,,,,,,,,,,,,,,,,,,,,,,,,,,,,,,,,,,,,,, 0.00:11:0.00, 0.00:11:0.00
42, 9, ,, -80:DIPLO_STATE_WAR, -91:DIPLO_STATE_WAR, -66:DIPLO_STATE_WAR, -78:DIPLO_STATE_WAR, -62:DIPLO_STATE_WAR, -51:DIPLO_STATE_ALLIED, -1:DIPLO_STATE_ALLIED, -16:DIPLO_STATE_ALLIED, -3:DIPLO_STATE_ALLIED,, 0:DIPLO_STATE_WAR_WITH_MINOR, 0:DIPLO_STATE_WAR_WITH_MINOR,, 0:DIPLO_STATE_WAR_WITH_MINOR, 0:DIPLO_STATE_WAR_WITH_MINOR, 0:DIPLO_STATE_WAR_WITH_MINOR, 0:DIPLO_STATE_WAR_WITH_MINOR,, 0:DIPLO_STATE_WAR_WITH_MINOR, 0:DIPLO_STATE_WAR_WITH_MINOR, 0:DIPLO_STATE_WAR_WITH_MINOR, 0:DIPLO_STATE_WAR_WITH_MINOR,,,,,,,,,,,,,,,,,,,,,,,,,,,,,,,,,,,,,,,,, 0:DIPLO_STATE_FREE_CITIES_NEUTRAL, 0:
42, 9, Threat and Trust,, 10.16:6:2.00, 10.16:6:2.00, 10.16:6:0.00, 10.16:6:0.00, 10.16:6:1.00, 60.16:2:-10.00, 60.16:2:-5.00, 60.16:2:1.00, 60.16:2:0.00,, 0.00:11:0.00, 0.00:11:0.00,, 0.00:11:0.00, 0.00:11:0.00, 0.00:11:0.00, 0.00:11:0.00,, 0.00:11:0.00, 0.00:11:0.00, 0.00:11:0.00, 0.00:11:0.00,,,,,,,,,,,,,,,,,,,,,,,,,,,,,,,,,,,,,,,,, 0.00:11:0.00, 0.00:11:0.00
42, 10, ,, 0:DIPLO_STATE_AWARE, 2:DIPLO_STATE_PATRON, 1:DIPLO_STATE_PATRON, 0:DIPLO_STATE_AWARE, 3:DIPLO_STATE_PATRON, 0:DIPLO_STATE_WAR_WITH_MAJOR, 0:DIPLO_STATE_WAR_WITH_MAJOR, 0:DIPLO_STATE_WAR_WITH_MAJOR, 0:DIPLO_STATE_WAR_WITH_MAJOR, 0:DIPLO_STATE_WAR_WITH_MAJOR,,,,, 0:DIPLO_STATE_MINOR_MINOR,,,,,,,,,,,,,,,,,,,,,,,,,,,,,,,,,,,,,,,,,,,,,,,,, 0:
42, 10, Threat and Trust,, 10.16:6:0.00, 10.16:6:0.00, 10.16:6:0.00, 10.16:6:0.00, 10.16:6:0.00, 88.66:4:0.00, 88.20:5:0.00, 96.41:3:0.00, 104.11:2:0.00, 118.16:1:0.00,,,,, 0.00:11:0.00,,,,,,,,,,,,,,,,,,,,,,,,,,,,,,,,,,,,,,,,,,,,,,,,, 0.00:11:0.00
42, 12, ,, 1:DIPLO_STATE_PATRON, 1:DIPLO_STATE_PATRON, 0:DIPLO_STATE_AWARE, 1:DIPLO_STATE_PATRON, 1:DIPLO_STATE_PATRON,,,,,,,,,,,,, 0:DIPLO_STATE_MINOR_MINOR,,,, 0:DIPLO_STATE_MINOR_MINOR,,,,,,,,,,,,,,,,,,,,,,,,,,,,,,,,,,,,,,,,,, 0:
42, 12, Threat and Trust,, 10.16:1:0.00, 10.16:1:0.00, 10.16:1:0.00, 10.16:1:0.00, 10.16:1:0.00,,,,,,,,,,,,, 0.00:6:0.00,,,, 0.00:6:0.00,,,,,,,,,,,,,,,,,,,,,,,,,,,,,,,,,,,,,,,,,, 0.00:6:0.00
42, 13, ,, 0:DIPLO_STATE_AWARE, 4:DIPLO_STATE_PATRON, 0:DIPLO_STATE_AWARE, 2:DIPLO_STATE_PATRON, 0:DIPLO_STATE_AWARE, 0:DIPLO_STATE_WAR_WITH_MAJOR, 0:DIPLO_STATE_WAR_WITH_MAJOR, 0:DIPLO_STATE_WAR_WITH_MAJOR, 0:DIPLO_STATE_WAR_WITH_MAJOR, 0:DIPLO_STATE_WAR_WITH_MAJOR,,,,, 0:DIPLO_STATE_MINOR_MINOR,, 0:DIPLO_STATE_MINOR_MINOR,,,,,,,,,,,,,,,,,,,,,,,,,,,,,,,,,,,,,,,,,,,,,,, 0:
42, 13, Threat and Trust,, 10.16:6:0.00, 10.16:6:0.00, 10.16:6:0.00, 10.16:6:0.00, 10.16:6:0.00, 92.41:4:0.00, 91.95:5:0.00, 100.16:3:0.00, 107.86:2:0.00, 121.91:1:0.00,,,,, 0.00:11:0.00,, 0.00:11:0.00,,,,,,,,,,,,,,,,,,,,,,,,,,,,,,,,,,,,,,,,,,,,,,, 0.00:11:0.00
42, 14, ,, 0:DIPLO_STATE_AWARE, 0:DIPLO_STATE_AWARE, 0:DIPLO_STATE_AWARE, 0:DIPLO_STATE_AWARE, 2:DIPLO_STATE_PATRON, 0:DIPLO_STATE_WAR_WITH_MAJOR, 0:DIPLO_STATE_WAR_WITH_MAJOR, 0:DIPLO_STATE_WAR_WITH_MAJOR, 0:DIPLO_STATE_WAR_WITH_MAJOR, 0:DIPLO_STATE_WAR_WITH_MAJOR, 0:DIPLO_STATE_MINOR_MINOR, 0:DIPLO_STATE_MINOR_MINOR,, 0:DIPLO_STATE_MINOR_MINOR,, 0:DIPLO_STATE_MINOR_MINOR, 0:DIPLO_STATE_MINOR_MINOR,,, 0:DIPLO_STATE_MINOR_MINOR, 0:DIPLO_STATE_MINOR_MINOR, 0:DIPLO_STATE_MINOR_MINOR,,,,,,,,,,,,,,,,,,,,,,,,,,,,,,,,,,,,,,,,,, 0:
42, 14, Threat and Trust,, 10.16:6:0.00, 10.16:6:0.00, 10.16:6:0.00, 10.16:6:0.00, 10.16:6:0.00, 93.61:4:0.00, 93.16:5:0.00, 101.36:3:0.00, 109.05:2:0.00, 123.11:1:0.00, 0.00:11:0.00, 0.00:11:0.00,, 0.00:11:0.00,, 0.00:11:0.00, 0.00:11:0.00,,, 0.00:11:0.00, 0.00:11:0.00, 0.00:11:0.00,,,,,,,,,,,,,,,,,,,,,,,,,,,,,,,,,,,,,,,,,, 0.00:11:0.00
42, 15, ,, 0:DIPLO_STATE_AWARE, 1:DIPLO_STATE_PATRON, 3:DIPLO_STATE_PATRON, 2:DIPLO_STATE_PATRON, 1:DIPLO_STATE_PATRON, 0:DIPLO_STATE_WAR_WITH_MAJOR, 0:DIPLO_STATE_WAR_WITH_MAJOR, 0:DIPLO_STATE_WAR_WITH_MAJOR, 0:DIPLO_STATE_WAR_WITH_MAJOR, 0:DIPLO_STATE_WAR_WITH_MAJOR,,,,, 0:DIPLO_STATE_MINOR_MINOR,, 0:DIPLO_STATE_MINOR_MINOR,,,, 0:DIPLO_STATE_MINOR_MINOR,,,,,,,,,,,,,,,,,,,,,,,,,,,,,,,,,,,,,,,,,,, 0:
42, 15, Threat and Trust,, 10.16:6:0.00, 10.16:6:0.00, 10.16:6:0.00, 10.16:6:0.00, 10.16:6:0.00, 88.00:4:0.00, 87.55:5:0.00, 95.75:3:0.00, 103.45:2:0.00, 117.50:1:0.00,,,,, 0.00:11:0.00,, 0.00:11:0.00,,,, 0.00:11:0.00,,,,,,,,,,,,,,,,,,,,,,,,,,,,,,,,,,,,,,,,,,, 0.00:11:0.00
42, 16, ,, 0:DIPLO_STATE_AWARE, 0:DIPLO_STATE_AWARE, 0:DIPLO_STATE_AWARE, 0:DIPLO_STATE_AWARE, 3:DIPLO_STATE_PATRON, 0:DIPLO_STATE_WAR_WITH_MAJOR, 0:DIPLO_STATE_WAR_WITH_MAJOR, 0:DIPLO_STATE_WAR_WITH_MAJOR, 0:DIPLO_STATE_WAR_WITH_MAJOR, 0:DIPLO_STATE_WAR_WITH_MAJOR,, 0:DIPLO_STATE_MINOR_MINOR_WAR,, 0:DIPLO_STATE_MINOR_MINOR, 0:DIPLO_STATE_MINOR_MINOR, 0:DIPLO_STATE_MINOR_MINOR,,, 0:DIPLO_STATE_MINOR_MINOR, 0:DIPLO_STATE_MINOR_MINOR_WAR, 0:DIPLO_STATE_MINOR_MINOR, 0:DIPLO_STATE_MINOR_MINOR,,,,,,,,,,,,,,,,,,,,,,,,,,,,,,,,,,,,,,,,,, 0:
42, 16, Threat and Trust,, 10.16:6:0.00, 10.16:6:0.00, 10.16:6:0.00, 10.16:6:0.00, 10.16:6:0.00, 94.20:4:0.00, 93.75:5:0.00, 101.95:3:0.00, 109.66:2:0.00, 123.70:1:0.00,, 0.00:11:0.00,, 0.00:11:0.00, 0.00:11:0.00, 0.00:11:0.00,,, 0.00:11:0.00, 0.00:11:0.00, 0.00:11:0.00, 0.00:11:0.00,,,,,,,,,,,,,,,,,,,,,,,,,,,,,,,,,,,,,,,,,, 0.00:11:0.00
42, 17, ,, 0:DIPLO_STATE_AWARE, 2:DIPLO_STATE_PATRON, 2:DIPLO_STATE_PATRON, 2:DIPLO_STATE_PATRON, 1:DIPLO_STATE_PATRON,,,,,,,, 0:DIPLO_STATE_MINOR_MINOR,,,,,,,,, 0:DIPLO_STATE_MINOR_MINOR,,,,,,,,,,,,,,,,,,,,,,,,,,,,,,,,,,,,,,,,,, 0:
42, 17, Threat and Trust,, 10.16:1:0.00, 10.16:1:0.00, 10.16:1:0.00, 10.16:1:0.00, 10.16:1:0.00,,,,,,,, 0.00:6:0.00,,,,,,,,, 0.00:6:0.00,,,,,,,,,,,,,,,,,,,,,,,,,,,,,,,,,,,,,,,,,, 0.00:6:0.00
42, 20, ,, 2:DIPLO_STATE_PATRON, 0:DIPLO_STATE_AWARE, 0:DIPLO_STATE_AWARE, 2:DIPLO_STATE_PATRON, 3:DIPLO_STATE_PATRON, 0:DIPLO_STATE_WAR_WITH_MAJOR, 0:DIPLO_STATE_WAR_WITH_MAJOR, 0:DIPLO_STATE_WAR_WITH_MAJOR, 0:DIPLO_STATE_WAR_WITH_MAJOR, 0:DIPLO_STATE_WAR_WITH_MAJOR,, 0:DIPLO_STATE_MINOR_MINOR,,, 0:DIPLO_STATE_MINOR_MINOR, 0:DIPLO_STATE_MINOR_MINOR, 0:DIPLO_STATE_MINOR_MINOR,,,,,,,,,,,,,,,,,,,,,,,,,,,,,,,,,,,,,,,,,,,,,,, 0:
42, 20, Threat and Trust,, 10.16:6:0.00, 10.16:6:0.00, 10.16:6:0.00, 10.16:6:0.00, 10.16:6:0.00, 89.70:4:0.00, 89.25:5:0.00, 97.45:3:0.00, 105.16:2:0.00, 119.20:1:0.00,, 0.00:11:0.00,,, 0.00:11:0.00, 0.00:11:0.00, 0.00:11:0.00,,,,,,,,,,,,,,,,,,,,,,,,,,,,,,,,,,,,,,,,,,,,,,, 0.00:11:0.00
42, 21, ,, 1:DIPLO_STATE_PATRON, 3:DIPLO_STATE_PATRON, 0:DIPLO_STATE_AWARE, 0:DIPLO_STATE_AWARE, 2:DIPLO_STATE_PATRON, 0:DIPLO_STATE_WAR_WITH_MAJOR, 0:DIPLO_STATE_WAR_WITH_MAJOR, 0:DIPLO_STATE_WAR_WITH_MAJOR, 0:DIPLO_STATE_WAR_WITH_MAJOR, 0:DIPLO_STATE_WAR_WITH_MAJOR,,, 0:DIPLO_STATE_MINOR_MINOR,, 0:DIPLO_STATE_MINOR_MINOR,, 0:DIPLO_STATE_MINOR_MINOR, 0:DIPLO_STATE_MINOR_MINOR,,,,,,,,,,,,,,,,,,,,,,,,,,,,,,,,,,,,,,,,,,,,,, 0:
42, 21, Threat and Trust,, 10.16:6:0.00, 10.16:6:0.00, 10.16:6:0.00, 10.16:6:0.00, 10.16:6:0.00, 88.11:4:0.00, 87.66:5:0.00, 95.86:3:0.00, 103.55:2:0.00, 117.61:1:0.00,,, 0.00:11:0.00,, 0.00:11:0.00,, 0.00:11:0.00, 0.00:11:0.00,,,,,,,,,,,,,,,,,,,,,,,,,,,,,,,,,,,,,,,,,,,,,, 0.00:11:0.00
42, 62, ,, 0:DIPLO_STATE_FREE_CITIES_NEUTRAL, 0:DIPLO_STATE_FREE_CITIES_NEUTRAL, 0:DIPLO_STATE_FREE_CITIES_NEUTRAL, 0:DIPLO_STATE_FREE_CITIES_NEUTRAL, 0:DIPLO_STATE_FREE_CITIES_NEUTRAL, 0:DIPLO_STATE_FREE_CITIES_NEUTRAL, 0:DIPLO_STATE_FREE_CITIES_NEUTRAL, 0:DIPLO_STATE_FREE_CITIES_NEUTRAL, 0:DIPLO_STATE_FREE_CITIES_NEUTRAL, 0:DIPLO_STATE_FREE_CITIES_NEUTRAL,,,,,,,,,,,,,,,,,,,,,,,,,,,,,,,,,,,,,,,,,,,,,,,,,,,,,,
42, 62, Threat and Trust,, 18.75:6:0.00, 10.16:9:0.00, 17.05:8:0.00, 10.16:9:0.00, 17.30:7:0.00, 98.75:4:0.00, 98.30:5:0.00, 106.50:3:0.00, 114.20:2:0.00, 128.25:1:0.00,,,,,,,,,,,,,,,,,,,,,,,,,,,,,,,,,,,,,,,,,,,,,,,,,,,,,,
42, 63, ,, 0:, 0:, 0:, 0:, 0:, 0:, 0:, 0:, 0:, 0:, 0:, 0:, 0:, 0:, 0:, 0:, 0:, 0:, 0:, 0:, 0:, 0:,,,,,,,,,,,,,,,,,,,,,,,,,,,,,,,,,,,,,,,,,,
42, 63, Threat and Trust,, 0.00:1:0.00, 0.00:1:0.00, 0.00:1:0.00, 0.00:1:0.00, 0.00:1:0.00, 0.00:1:0.00, 0.00:1:0.00, 0.00:1:0.00, 0.00:1:0.00, 0.00:1:0.00, 0.00:1:0.00, 0.00:1:0.00, 0.00:1:0.00, 0.00:1:0.00, 0.00:1:0.00, 0.00:1:0.00, 0.00:1:0.00, 0.00:1:0.00, 0.00:1:0.00, 0.00:1:0.00, 0.00:1:0.00, 0.00:1:0.00,,,,,,,,,,,,,,,,,,,,,,,,,,,,,,,,,,,,,,,,,,
42, 0, ,,, -7:DIPLO_STATE_ALLIED, 6:DIPLO_STATE_ALLIED, -4:DIPLO_STATE_ALLIED, 31:DIPLO_STATE_ALLIED, 8:DIPLO_STATE_WAR, -5:DIPLO_STATE_WAR, -5:DIPLO_STATE_WAR, -5:DIPLO_STATE_WAR, -11:DIPLO_STATE_WAR, 0:DIPLO_STATE_NO_INFLUENCE, 0:DIPLO_STATE_NO_INFLUENCE, 1:DIPLO_STATE_INFLUENTIAL, 0:DIPLO_STATE_NO_INFLUENCE, 0:DIPLO_STATE_NO_INFLUENCE, 0:DIPLO_STATE_NO_INFLUENCE, 0:DIPLO_STATE_NO_INFLUENCE, 0:DIPLO_STATE_NO_INFLUENCE, 0:DIPLO_STATE_NO_INFLUENCE, 0:DIPLO_STATE_NO_INFLUENCE, 2:DIPLO_STATE_INFLUENTIAL, 1:DIPLO_STATE_INFLUENTIAL,,,,,,,,,,,,,,,,,,,,,,,,,,,,,,,,,,,,,,,,, 0:DIPLO_STATE_FREE_CITIES_NEUTRAL, 0:
42, 0, Threat and Trust,,, 10.16:6:4.00, 10.16:6:4.00, 10.16:6:6.00, 10.16:6:6.00, 89.95:4:-10.00, 89.50:5:-5.00, 97.70:3:0.00, 105.41:2:0.00, 119.45:1:2.00, 0.00:11:0.00, 0.00:11:0.00, 0.00:11:0.00, 0.00:11:0.00, 0.00:11:0.00, 0.00:11:0.00, 0.00:11:0.00, 0.00:11:0.00, 0.00:11:0.00, 0.00:11:0.00, 0.00:11:0.00, 0.00:11:0.00,,,,,,,,,,,,,,,,,,,,,,,,,,,,,,,,,,,,,,,,, 0.00:11:0.00, 0.00:11:0.00
42, 1, ,, 33:DIPLO_STATE_ALLIED,, 30:DIPLO_STATE_ALLIED, 15:DIPLO_STATE_ALLIED, 30:DIPLO_STATE_ALLIED, -5:DIPLO_STATE_WAR, 9:DIPLO_STATE_WAR, 8:DIPLO_STATE_WAR, -4:DIPLO_STATE_WAR, 5:DIPLO_STATE_WAR, 2:DIPLO_STATE_INFLUENTIAL, 0:DIPLO_STATE_NO_INFLUENCE, 1:DIPLO_STATE_INFLUENTIAL, 4:DIPLO_STATE_MAX_INFLUENCE, 0:DIPLO_STATE_NO_INFLUENCE, 1:DIPLO_STATE_INFLUENTIAL, 0:DIPLO_STATE_NO_INFLUENCE, 2:DIPLO_STATE_INFLUENTIAL, 0:DIPLO_STATE_NO_INFLUENCE, 0:DIPLO_STATE_NO_INFLUENCE, 0:DIPLO_STATE_NO_INFLUENCE, 3:DIPLO_STATE_MAX_INFLUENCE,,,,,,,,,,,,,,,,,,,,,,,,,,,,,,,,,,,,,,,,, 0:DIPLO_STATE_FREE_CITIES_NEUTRAL, 0:
42, 1, Threat and Trust,, 10.16:6:4.00,, 10.16:6:2.00, 10.16:6:2.00, 10.16:6:4.00, 93.86:4:-10.00, 93.41:5:-5.00, 101.61:3:0.00, 109.30:2:0.00, 123.36:1:2.00, 0.00:11:0.00, 0.00:11:0.00, 0.00:11:0.00, 0.00:11:0.00, 0.00:11:0.00, 0.00:11:0.00, 0.00:11:0.00, 0.00:11:0.00, 0.00:11:0.00, 0.00:11:0.00, 0.00:11:0.00, 0.00:11:0.00,,,,,,,,,,,,,,,,,,,,,,,,,,,,,,,,,,,,,,,,, 0.00:11:0.00, 0.00:11:0.00
42, 2, ,, 31:DIPLO_STATE_ALLIED, -20:DIPLO_STATE_ALLIED,, 14:DIPLO_STATE_ALLIED, 39:DIPLO_STATE_ALLIED, 4:DIPLO_STATE_WAR, 3:DIPLO_STATE_WAR, 3:DIPLO_STATE_WAR, 17:DIPLO_STATE_WAR, 11:DIPLO_STATE_WAR, 1:DIPLO_STATE_INFLUENTIAL, 0:DIPLO_STATE_NO_INFLUENCE, 0:DIPLO_STATE_NO_INFLUENCE, 0:DIPLO_STATE_NO_INFLUENCE, 0:DIPLO_STATE_NO_INFLUENCE, 3:DIPLO_STATE_MAX_INFLUENCE, 0:DIPLO_STATE_NO_INFLUENCE, 2:DIPLO_STATE_INFLUENTIAL, 0:DIPLO_STATE_NO_INFLUENCE, 0:DIPLO_STATE_NO_INFLUENCE, 0:DIPLO_STATE_NO_INFLUENCE, 0:DIPLO_STATE_NO_INFLUENCE,,,,,,,,,,,,,,,,,,,,,,,,,,,,,,,,,,,,,,,,, 0:DIPLO_STATE_FREE_CITIES_NEUTRAL, 0:
42, 2, Threat and Trust,, 10.16:6:4.00, 10.16:6:2.00,, 10.16:6:4.00, 10.16:6:10.00, 92.50:4:-10.00, 92.05:5:-5.00, 100.25:3:0.00, 107.95:2:0.00, 122.00:1:0.00, 0.00:11:0.00, 0.00:11:0.00, 0.00:11:0.00, 0.00:11:0.00, 0.00:11:0.00, 0.00:11:0.00, 0.00:11:0.00, 0.00:11:0.00, 0.00:11:0.00, 0.00:11:0.00, 0.00:11:0.00, 0.00:11:0.00,,,,,,,,,,,,,,,,,,,,,,,,,,,,,,,,,,,,,,,,, 0.00:11:0.00, 0.00:11:0.00
42, 3, ,, 15:DIPLO_STATE_ALLIED, 0:DIPLO_STATE_ALLIED, 36:DIPLO_STATE_ALLIED,, 23:DIPLO_STATE_ALLIED, -13:DIPLO_STATE_WAR, -13:DIPLO_STATE_WAR, -14:DIPLO_STATE_WAR, 8:DIPLO_STATE_WAR, 2:DIPLO_STATE_WAR, 0:DIPLO_STATE_NO_INFLUENCE, 0:DIPLO_STATE_NO_INFLUENCE, 1:DIPLO_STATE_INFLUENTIAL, 2:DIPLO_STATE_INFLUENTIAL, 0:DIPLO_STATE_NO_INFLUENCE, 2:DIPLO_STATE_INFLUENTIAL, 0:DIPLO_STATE_NO_INFLUENCE, 2:DIPLO_STATE_INFLUENTIAL, 0:DIPLO_STATE_NO_INFLUENCE, 0:DIPLO_STATE_NO_INFLUENCE, 2:DIPLO_STATE_INFLUENTIAL, 0:DIPLO_STATE_NO_INFLUENCE,,,,,,,,,,,,,,,,,,,,,,,,,,,,,,,,,,,,,,,,, 0:DIPLO_STATE_FREE_CITIES_NEUTRAL, 0:
42, 3, Threat and Trust,, 10.16:6:6.00, 10.16:6:2.00, 10.16:6:4.00,, 10.16:6:12.00, 94.61:4:-10.00, 94.16:5:-5.00, 102.36:3:0.00, 110.05:2:0.00, 124.11:1:0.00, 0.00:11:0.00, 0.00:11:0.00, 0.00:11:0.00, 0.00:11:0.00, 0.00:11:0.00, 0.00:11:0.00, 0.00:11:0.00, 0.00:11:0.00, 0.00:11:0.00, 0.00:11:0.00, 0.00:11:0.00, 0.00:11:0.00,,,,,,,,,,,,,,,,,,,,,,,,,,,,,,,,,,,,,,,,, 0.00:11:0.00, 0.00:11:0.00
42, 4, ,, 40:DIPLO_STATE_ALLIED, -24:DIPLO_STATE_ALLIED, -2:DIPLO_STATE_ALLIED, -2:DIPLO_STATE_ALLIED,, 6:DIPLO_STATE_WAR, -7:DIPLO_STATE_WAR, -7:DIPLO_STATE_WAR, 1:DIPLO_STATE_WAR, 1:DIPLO_STATE_WAR, 3:DIPLO_STATE_MAX_INFLUENCE, 0:DIPLO_STATE_NO_INFLUENCE, 1:DIPLO_STATE_INFLUENTIAL, 0:DIPLO_STATE_NO_INFLUENCE, 2:DIPLO_STATE_INFLUENTIAL, 1:DIPLO_STATE_INFLUENTIAL, 3:DIPLO_STATE_MAX_INFLUENCE, 1:DIPLO_STATE_INFLUENTIAL, 0:DIPLO_STATE_NO_INFLUENCE, 0:DIPLO_STATE_NO_INFLUENCE, 3:DIPLO_STATE_MAX_INFLUENCE, 2:DIPLO_STATE_INFLUENTIAL,,,,,,,,,,,,,,,,,,,,,,,,,,,,,,,,,,,,,,,,, 0:DIPLO_STATE_FREE_CITIES_NEUTRAL, 0:
42, 4, Threat and Trust,, 10.16:6:6.00, 10.16:6:4.00, 10.16:6:10.00, 10.16:6:12.00,, 91.00:4:-10.00, 90.55:5:-5.00, 98.75:3:2.00, 106.45:2:0.00, 120.50:1:0.00, 0.00:11:0.00, 0.00:11:0.00, 0.00:11:0.00, 0.00:11:0.00, 0.00:11:0.00, 0.00:11:0.00, 0.00:11:0.00, 0.00:11:0.00, 0.00:11:0.00, 0.00:11:0.00, 0.00:11:0.00, 0.00:11:0.00,,,,,,,,,,,,,,,,,,,,,,,,,,,,,,,,,,,,,,,,, 0.00:11:0.00, 0.00:11:0.00
42, 3, ,, 15:DIPLO_STATE_ALLIED, 0:DIPLO_STATE_ALLIED, 36:DIPLO_STATE_ALLIED,, 23:DIPLO_STATE_ALLIED, -13:DIPLO_STATE_WAR, -13:DIPLO_STATE_WAR, -14:DIPLO_STATE_WAR, 8:DIPLO_STATE_WAR, 2:DIPLO_STATE_WAR, 0:DIPLO_STATE_NO_INFLUENCE, 0:DIPLO_STATE_NO_INFLUENCE, 1:DIPLO_STATE_INFLUENTIAL, 2:DIPLO_STATE_INFLUENTIAL, 0:DIPLO_STATE_NO_INFLUENCE, 2:DIPLO_STATE_INFLUENTIAL, 0:DIPLO_STATE_NO_INFLUENCE, 2:DIPLO_STATE_INFLUENTIAL, 0:DIPLO_STATE_NO_INFLUENCE, 0:DIPLO_STATE_NO_INFLUENCE, 2:DIPLO_STATE_INFLUENTIAL, 0:DIPLO_STATE_NO_INFLUENCE,,,,,,,,,,,,,,,,,,,,,,,,,,,,,,,,,,,,,,,,, 0:DIPLO_STATE_FREE_CITIES_NEUTRAL, 0:
42, 3, Threat and Trust,, 10.16:6:6.00, 10.16:6:2.00, 10.16:6:4.00,, 10.16:6:12.00, 94.61:4:-10.00, 94.16:5:-5.00, 102.36:3:0.00, 110.05:2:0.00, 124.11:1:0.00, 0.00:11:0.00, 0.00:11:0.00, 0.00:11:0.00, 0.00:11:0.00, 0.00:11:0.00, 0.00:11:0.00, 0.00:11:0.00, 0.00:11:0.00, 0.00:11:0.00, 0.00:11:0.00, 0.00:11:0.00, 0.00:11:0.00,,,,,,,,,,,,,,,,,,,,,,,,,,,,,,,,,,,,,,,,, 0.00:11:0.00, 0.00:11:0.00
43, 5, ,, -12:DIPLO_STATE_WAR, -50:DIPLO_STATE_WAR, -21:DIPLO_STATE_WAR, -47:DIPLO_STATE_WAR, -1:DIPLO_STATE_WAR,, -2:DIPLO_STATE_ALLIED, 22:DIPLO_STATE_ALLIED, 12:DIPLO_STATE_ALLIED, 22:DIPLO_STATE_ALLIED, 0:DIPLO_STATE_WAR_WITH_MINOR, 0:DIPLO_STATE_WAR_WITH_MINOR,, 0:DIPLO_STATE_WAR_WITH_MINOR, 0:DIPLO_STATE_WAR_WITH_MINOR, 0:DIPLO_STATE_WAR_WITH_MINOR, 0:DIPLO_STATE_WAR_WITH_MINOR,, 0:DIPLO_STATE_WAR_WITH_MINOR, 0:DIPLO_STATE_WAR_WITH_MINOR, 0:DIPLO_STATE_WAR_WITH_MINOR, 0:DIPLO_STATE_WAR_WITH_MINOR,,,,,,,,,,,,,,,,,,,,,,,,,,,,,,,,,,,,,,,,, 0:DIPLO_STATE_FREE_CITIES_NEUTRAL, 0:
43, 5, Threat and Trust,, 10.16:6:2.00, 10.16:6:1.00, 10.16:6:2.00, 10.16:6:2.00, 10.16:6:6.00,, 60.16:3:-5.00, 60.16:3:1.00, 71.66:2:0.00, 85.70:1:2.00, 0.00:11:0.00, 0.00:11:0.00,, 0.00:11:0.00, 0.00:11:0.00, 0.00:11:0.00, 0.00:11:0.00,, 0.00:11:0.00, 0.00:11:0.00, 0.00:11:0.00, 0.00:11:0.00,,,,,,,,,,,,,,,,,,,,,,,,,,,,,,,,,,,,,,,,, 0.00:11:0.00, 0.00:11:0.00
43, 6, ,, -65:DIPLO_STATE_WAR, -63:DIPLO_STATE_WAR, -64:DIPLO_STATE_WAR, -74:DIPLO_STATE_WAR, -78:DIPLO_STATE_WAR, -52:DIPLO_STATE_ALLIED,, 11:DIPLO_STATE_ALLIED, 9:DIPLO_STATE_ALLIED, 1:DIPLO_STATE_ALLIED, 0:DIPLO_STATE_WAR_WITH_MINOR, 0:DIPLO_STATE_WAR_WITH_MINOR,, 0:DIPLO_STATE_WAR_WITH_MINOR, 0:DIPLO_STATE_WAR_WITH_MINOR, 0:DIPLO_STATE_WAR_WITH_MINOR, 0:DIPLO_STATE_WAR_WITH_MINOR,, 0:DIPLO_STATE_WAR_WITH_MINOR, 0:DIPLO_STATE_WAR_WITH_MINOR, 0:DIPLO_STATE_WAR_WITH_MINOR, 0:DIPLO_STATE_WAR_WITH_MINOR,,,,,,,,,,,,,,,,,,,,,,,,,,,,,,,,,,,,,,,,, 0:DIPLO_STATE_FREE_CITIES_NEUTRAL, 0:
43, 6, Threat and Trust,, 10.16:6:2.00, 10.16:6:1.00, 10.16:6:2.00, 10.16:6:2.00, 10.16:6:6.00, 60.16:3:-10.00,, 60.16:3:1.00, 72.55:2:0.00, 86.61:1:2.00, 0.00:11:0.00, 0.00:11:0.00,, 0.00:11:0.00, 0.00:11:0.00, 0.00:11:0.00, 0.00:11:0.00,, 0.00:11:0.00, 0.00:11:0.00, 0.00:11:0.00, 0.00:11:0.00,,,,,,,,,,,,,,,,,,,,,,,,,,,,,,,,,,,,,,,,, 0.00:11:0.00, 0.00:11:0.00
43, 7, ,, -71:DIPLO_STATE_WAR, -83:DIPLO_STATE_WAR, -85:DIPLO_STATE_WAR, -84:DIPLO_STATE_WAR, -88:DIPLO_STATE_WAR, -51:DIPLO_STATE_ALLIED, -6:DIPLO_STATE_ALLIED,, 8:DIPLO_STATE_ALLIED, 2:DIPLO_STATE_ALLIED, 0:DIPLO_STATE_WAR_WITH_MINOR, 0:DIPLO_STATE_WAR_WITH_MINOR,, 0:DIPLO_STATE_WAR_WITH_MINOR, 0:DIPLO_STATE_WAR_WITH_MINOR, 0:DIPLO_STATE_WAR_WITH_MINOR, 0:DIPLO_STATE_WAR_WITH_MINOR,, 0:DIPLO_STATE_WAR_WITH_MINOR, 0:DIPLO_STATE_WAR_WITH_MINOR, 0:DIPLO_STATE_WAR_WITH_MINOR, 0:DIPLO_STATE_WAR_WITH_MINOR,,,,,,,,,,,,,,,,,,,,,,,,,,,,,,,,,,,,,,,,, 0:DIPLO_STATE_FREE_CITIES_NEUTRAL, 0:
43, 7, Threat and Trust,, 10.16:6:2.00, 10.16:6:1.00, 10.16:6:1.00, 10.16:6:2.00, 10.16:6:6.00, 60.16:2:-10.00, 60.16:2:-5.00,, 60.16:2:0.00, 79.20:1:2.00, 0.00:11:0.00, 0.00:11:0.00,, 0.00:11:0.00, 0.00:11:0.00, 0.00:11:0.00, 0.00:11:0.00,, 0.00:11:0.00, 0.00:11:0.00, 0.00:11:0.00, 0.00:11:0.00,,,,,,,,,,,,,,,,,,,,,,,,,,,,,,,,,,,,,,,,, 0.00:11:0.00, 0.00:11:0.00
43, 8, ,, -97:DIPLO_STATE_WAR, -104:DIPLO_STATE_WAR, -76:DIPLO_STATE_WAR, -83:DIPLO_STATE_WAR, -88:DIPLO_STATE_WAR, -47:DIPLO_STATE_ALLIED, -20:DIPLO_STATE_ALLIED, -13:DIPLO_STATE_ALLIED,, 23:DIPLO_STATE_ALLIED, 0:DIPLO_STATE_WAR_WITH_MINOR, 0:DIPLO_STATE_WAR_WITH_MINOR,, 0:DIPLO_STATE_WAR_WITH_MINOR, 0:DIPLO_STATE_WAR_WITH_MINOR, 0:DIPLO_STATE_WAR_WITH_MINOR, 0:DIPLO_STATE_WAR_WITH_MINOR,, 0:DIPLO_STATE_WAR_WITH_MINOR, 0:DIPLO_STATE_WAR_WITH_MINOR, 0:DIPLO_STATE_WAR_WITH_MINOR, 0:DIPLO_STATE_WAR_WITH_MINOR,,,,,,,,,,,,,,,,,,,,,,,,,,,,,,,,,,,,,,,,, 0:DIPLO_STATE_FREE_CITIES_NEUTRAL, 0:
43, 8, Threat and Trust,, 10.16:6:2.00, 10.16:6:1.00, 10.16:6:2.00, 10.16:6:2.00, 10.16:6:6.00, 60.16:2:-10.00, 60.16:2:-5.00, 60.16:2:1.00,, 89.80:1:2.00, 0.00:11:0.00, 0.00:11:0.00,, 0.00:11:0.00, 0.00:11:0.00, 0.00:11:0.00, 0.00:11:0.00,, 0.00:11:0.00, 0.00:11:0.00, 0.00:11:0.00, 0.00:11:0.00,,,,,,,,,,,,,,,,,,,,,,,,,,,,,,,,,,,,,,,,, 0.00:11:0.00, 0.00:11:0.00
43, 9, ,, -80:DIPLO_STATE_WAR, -91:DIPLO_STATE_WAR, -66:DIPLO_STATE_WAR, -78:DIPLO_STATE_WAR, -62:DIPLO_STATE_WAR, -46:DIPLO_STATE_ALLIED, 7:DIPLO_STATE_ALLIED, -14:DIPLO_STATE_ALLIED, -1:DIPLO_STATE_ALLIED,, 0:DIPLO_STATE_WAR_WITH_MINOR, 0:DIPLO_STATE_WAR_WITH_MINOR,, 0:DIPLO_STATE_WAR_WITH_MINOR, 0:DIPLO_STATE_WAR_WITH_MINOR, 0:DIPLO_STATE_WAR_WITH_MINOR, 0:DIPLO_STATE_WAR_WITH_MINOR,, 0:DIPLO_STATE_WAR_WITH_MINOR, 0:DIPLO_STATE_WAR_WITH_MINOR, 0:DIPLO_STATE_WAR_WITH_MINOR, 0:DIPLO_STATE_WAR_WITH_MINOR,,,,,,,,,,,,,,,,,,,,,,,,,,,,,,,,,,,,,,,,, 0:DIPLO_STATE_FREE_CITIES_NEUTRAL, 0:
43, 9, Threat and Trust,, 10.16:6:2.00, 10.16:6:2.00, 10.16:6:0.00, 10.16:6:0.00, 10.16:6:1.00, 60.16:1:-10.00, 60.16:1:-5.00, 60.16:1:1.00, 60.16:1:0.00,, 0.00:11:0.00, 0.00:11:0.00,, 0.00:11:0.00, 0.00:11:0.00, 0.00:11:0.00, 0.00:11:0.00,, 0.00:11:0.00, 0.00:11:0.00, 0.00:11:0.00, 0.00:11:0.00,,,,,,,,,,,,,,,,,,,,,,,,,,,,,,,,,,,,,,,,, 0.00:11:0.00, 0.00:11:0.00
43, 10, ,, 0:DIPLO_STATE_AWARE, 2:DIPLO_STATE_PATRON, 1:DIPLO_STATE_PATRON, 0:DIPLO_STATE_AWARE, 3:DIPLO_STATE_PATRON, 0:DIPLO_STATE_WAR_WITH_MAJOR, 0:DIPLO_STATE_WAR_WITH_MAJOR, 0:DIPLO_STATE_WAR_WITH_MAJOR, 0:DIPLO_STATE_WAR_WITH_MAJOR, 0:DIPLO_STATE_WAR_WITH_MAJOR,,,,, 0:DIPLO_STATE_MINOR_MINOR,,,,,,,,,,,,,,,,,,,,,,,,,,,,,,,,,,,,,,,,,,,,,,,,, 0:
43, 10, Threat and Trust,, 10.16:6:0.00, 10.16:6:0.00, 10.16:6:0.00, 10.16:6:0.00, 10.16:6:0.00, 92.61:4:0.00, 91.70:5:0.00, 99.11:3:0.00, 112.11:2:0.00, 124.66:1:0.00,,,,, 0.00:11:0.00,,,,,,,,,,,,,,,,,,,,,,,,,,,,,,,,,,,,,,,,,,,,,,,,, 0.00:11:0.00
43, 12, ,, 1:DIPLO_STATE_PATRON, 1:DIPLO_STATE_PATRON, 0:DIPLO_STATE_AWARE, 1:DIPLO_STATE_PATRON, 1:DIPLO_STATE_PATRON,,,,,,,,,,,,, 0:DIPLO_STATE_MINOR_MINOR,,,, 0:DIPLO_STATE_MINOR_MINOR,,,,,,,,,,,,,,,,,,,,,,,,,,,,,,,,,,,,,,,,,, 0:
43, 12, Threat and Trust,, 10.16:1:0.00, 10.16:1:0.00, 10.16:1:0.00, 10.16:1:0.00, 10.16:1:0.00,,,,,,,,,,,,, 0.00:6:0.00,,,, 0.00:6:0.00,,,,,,,,,,,,,,,,,,,,,,,,,,,,,,,,,,,,,,,,,, 0.00:6:0.00
43, 13, ,, 0:DIPLO_STATE_AWARE, 4:DIPLO_STATE_PATRON, 0:DIPLO_STATE_AWARE, 2:DIPLO_STATE_PATRON, 0:DIPLO_STATE_AWARE, 0:DIPLO_STATE_WAR_WITH_MAJOR, 0:DIPLO_STATE_WAR_WITH_MAJOR, 0:DIPLO_STATE_WAR_WITH_MAJOR, 0:DIPLO_STATE_WAR_WITH_MAJOR, 0:DIPLO_STATE_WAR_WITH_MAJOR,,,,, 0:DIPLO_STATE_MINOR_MINOR,, 0:DIPLO_STATE_MINOR_MINOR,,,,,,,,,,,,,,,,,,,,,,,,,,,,,,,,,,,,,,,,,,,,,,, 0:
43, 13, Threat and Trust,, 10.16:6:0.00, 10.16:6:0.00, 10.16:6:0.00, 10.16:6:0.00, 10.16:6:0.00, 96.91:4:0.00, 96.00:5:0.00, 103.41:3:0.00, 116.41:2:0.00, 128.95:1:0.00,,,,, 0.00:11:0.00,, 0.00:11:0.00,,,,,,,,,,,,,,,,,,,,,,,,,,,,,,,,,,,,,,,,,,,,,,, 0.00:11:0.00
43, 14, ,, 0:DIPLO_STATE_AWARE, 0:DIPLO_STATE_AWARE, 0:DIPLO_STATE_AWARE, 0:DIPLO_STATE_AWARE, 2:DIPLO_STATE_PATRON, 0:DIPLO_STATE_WAR_WITH_MAJOR, 0:DIPLO_STATE_WAR_WITH_MAJOR, 0:DIPLO_STATE_WAR_WITH_MAJOR, 0:DIPLO_STATE_WAR_WITH_MAJOR, 0:DIPLO_STATE_WAR_WITH_MAJOR, 0:DIPLO_STATE_MINOR_MINOR, 0:DIPLO_STATE_MINOR_MINOR,, 0:DIPLO_STATE_MINOR_MINOR,, 0:DIPLO_STATE_MINOR_MINOR, 0:DIPLO_STATE_MINOR_MINOR,,, 0:DIPLO_STATE_MINOR_MINOR, 0:DIPLO_STATE_MINOR_MINOR, 0:DIPLO_STATE_MINOR_MINOR,,,,,,,,,,,,,,,,,,,,,,,,,,,,,,,,,,,,,,,,,, 0:
43, 14, Threat and Trust,, 10.16:6:0.00, 10.16:6:0.00, 10.16:6:0.00, 10.16:6:0.00, 10.16:6:0.00, 98.11:4:0.00, 97.20:5:0.00, 104.61:3:0.00, 117.61:2:0.00, 130.16:1:0.00, 0.00:11:0.00, 0.00:11:0.00,, 0.00:11:0.00,, 0.00:11:0.00, 0.00:11:0.00,,, 0.00:11:0.00, 0.00:11:0.00, 0.00:11:0.00,,,,,,,,,,,,,,,,,,,,,,,,,,,,,,,,,,,,,,,,,, 0.00:11:0.00
43, 15, ,, 0:DIPLO_STATE_AWARE, 1:DIPLO_STATE_PATRON, 3:DIPLO_STATE_PATRON, 2:DIPLO_STATE_PATRON, 1:DIPLO_STATE_PATRON, 0:DIPLO_STATE_WAR_WITH_MAJOR, 0:DIPLO_STATE_WAR_WITH_MAJOR, 0:DIPLO_STATE_WAR_WITH_MAJOR, 0:DIPLO_STATE_WAR_WITH_MAJOR, 0:DIPLO_STATE_WAR_WITH_MAJOR,,,,, 0:DIPLO_STATE_MINOR_MINOR,, 0:DIPLO_STATE_MINOR_MINOR,,,, 0:DIPLO_STATE_MINOR_MINOR,,,,,,,,,,,,,,,,,,,,,,,,,,,,,,,,,,,,,,,,,,, 0:
43, 15, Threat and Trust,, 10.16:6:0.00, 10.16:6:0.00, 10.16:6:0.00, 10.16:6:0.00, 10.16:6:0.00, 92.95:4:0.00, 92.05:5:0.00, 99.45:3:0.00, 112.45:2:0.00, 125.00:1:0.00,,,,, 0.00:11:0.00,, 0.00:11:0.00,,,, 0.00:11:0.00,,,,,,,,,,,,,,,,,,,,,,,,,,,,,,,,,,,,,,,,,,, 0.00:11:0.00
43, 16, ,, 0:DIPLO_STATE_AWARE, 0:DIPLO_STATE_AWARE, 0:DIPLO_STATE_AWARE, 0:DIPLO_STATE_AWARE, 3:DIPLO_STATE_PATRON, 0:DIPLO_STATE_WAR_WITH_MAJOR, 0:DIPLO_STATE_WAR_WITH_MAJOR, 0:DIPLO_STATE_WAR_WITH_MAJOR, 0:DIPLO_STATE_WAR_WITH_MAJOR, 0:DIPLO_STATE_WAR_WITH_MAJOR,, 0:DIPLO_STATE_MINOR_MINOR_WAR,, 0:DIPLO_STATE_MINOR_MINOR, 0:DIPLO_STATE_MINOR_MINOR, 0:DIPLO_STATE_MINOR_MINOR,,, 0:DIPLO_STATE_MINOR_MINOR, 0:DIPLO_STATE_MINOR_MINOR_WAR, 0:DIPLO_STATE_MINOR_MINOR, 0:DIPLO_STATE_MINOR_MINOR,,,,,,,,,,,,,,,,,,,,,,,,,,,,,,,,,,,,,,,,,, 0:
43, 16, Threat and Trust,, 10.16:6:0.00, 10.16:6:0.00, 10.16:6:0.00, 10.16:6:0.00, 10.16:6:0.00, 97.41:4:0.00, 96.50:5:0.00, 103.91:3:0.00, 116.91:2:0.00, 129.45:1:0.00,, 0.00:11:0.00,, 0.00:11:0.00, 0.00:11:0.00, 0.00:11:0.00,,, 0.00:11:0.00, 0.00:11:0.00, 0.00:11:0.00, 0.00:11:0.00,,,,,,,,,,,,,,,,,,,,,,,,,,,,,,,,,,,,,,,,,, 0.00:11:0.00
43, 17, ,, 0:DIPLO_STATE_AWARE, 2:DIPLO_STATE_PATRON, 2:DIPLO_STATE_PATRON, 2:DIPLO_STATE_PATRON, 1:DIPLO_STATE_PATRON,,,,,,,, 0:DIPLO_STATE_MINOR_MINOR,,,,,,,,, 0:DIPLO_STATE_MINOR_MINOR,,,,,,,,,,,,,,,,,,,,,,,,,,,,,,,,,,,,,,,,,, 0:
43, 17, Threat and Trust,, 10.16:1:0.00, 10.16:1:0.00, 10.16:1:0.00, 10.16:1:0.00, 10.16:1:0.00,,,,,,,, 0.00:6:0.00,,,,,,,,, 0.00:6:0.00,,,,,,,,,,,,,,,,,,,,,,,,,,,,,,,,,,,,,,,,,, 0.00:6:0.00
43, 20, ,, 2:DIPLO_STATE_PATRON, 0:DIPLO_STATE_AWARE, 0:DIPLO_STATE_AWARE, 2:DIPLO_STATE_PATRON, 3:DIPLO_STATE_PATRON, 0:DIPLO_STATE_WAR_WITH_MAJOR, 0:DIPLO_STATE_WAR_WITH_MAJOR, 0:DIPLO_STATE_WAR_WITH_MAJOR, 0:DIPLO_STATE_WAR_WITH_MAJOR, 0:DIPLO_STATE_WAR_WITH_MAJOR,, 0:DIPLO_STATE_MINOR_MINOR,,, 0:DIPLO_STATE_MINOR_MINOR, 0:DIPLO_STATE_MINOR_MINOR, 0:DIPLO_STATE_MINOR_MINOR,,,,,,,,,,,,,,,,,,,,,,,,,,,,,,,,,,,,,,,,,,,,,,, 0:
43, 20, Threat and Trust,, 10.16:6:0.00, 10.16:6:0.00, 10.16:6:0.00, 10.16:6:0.00, 10.16:6:0.00, 92.86:4:0.00, 91.95:5:0.00, 99.36:3:0.00, 112.36:2:0.00, 124.91:1:0.00,, 0.00:11:0.00,,, 0.00:11:0.00, 0.00:11:0.00, 0.00:11:0.00,,,,,,,,,,,,,,,,,,,,,,,,,,,,,,,,,,,,,,,,,,,,,,, 0.00:11:0.00
43, 21, ,, 1:DIPLO_STATE_PATRON, 3:DIPLO_STATE_PATRON, 0:DIPLO_STATE_AWARE, 0:DIPLO_STATE_AWARE, 2:DIPLO_STATE_PATRON, 0:DIPLO_STATE_WAR_WITH_MAJOR, 0:DIPLO_STATE_WAR_WITH_MAJOR, 0:DIPLO_STATE_WAR_WITH_MAJOR, 0:DIPLO_STATE_WAR_WITH_MAJOR, 0:DIPLO_STATE_WAR_WITH_MAJOR,,, 0:DIPLO_STATE_MINOR_MINOR,, 0:DIPLO_STATE_MINOR_MINOR,, 0:DIPLO_STATE_MINOR_MINOR, 0:DIPLO_STATE_MINOR_MINOR,,,,,,,,,,,,,,,,,,,,,,,,,,,,,,,,,,,,,,,,,,,,,, 0:
43, 21, Threat and Trust,, 10.16:6:0.00, 10.16:6:0.00, 10.16:6:0.00, 10.16:6:0.00, 10.16:6:0.00, 91.25:4:0.00, 90.36:5:0.00, 97.75:3:0.00, 110.75:2:0.00, 123.30:1:0.00,,, 0.00:11:0.00,, 0.00:11:0.00,, 0.00:11:0.00, 0.00:11:0.00,,,,,,,,,,,,,,,,,,,,,,,,,,,,,,,,,,,,,,,,,,,,,, 0.00:11:0.00
43, 62, ,, 0:DIPLO_STATE_FREE_CITIES_NEUTRAL, 0:DIPLO_STATE_FREE_CITIES_NEUTRAL, 0:DIPLO_STATE_FREE_CITIES_NEUTRAL, 0:DIPLO_STATE_FREE_CITIES_NEUTRAL, 0:DIPLO_STATE_FREE_CITIES_NEUTRAL, 0:DIPLO_STATE_FREE_CITIES_NEUTRAL, 0:DIPLO_STATE_FREE_CITIES_NEUTRAL, 0:DIPLO_STATE_FREE_CITIES_NEUTRAL, 0:DIPLO_STATE_FREE_CITIES_NEUTRAL, 0:DIPLO_STATE_FREE_CITIES_NEUTRAL,,,,,,,,,,,,,,,,,,,,,,,,,,,,,,,,,,,,,,,,,,,,,,,,,,,,,,
43, 62, Threat and Trust,, 18.95:6:0.00, 10.16:9:0.00, 16.41:8:0.00, 10.16:9:0.00, 17.91:7:0.00, 102.70:4:0.00, 101.80:5:0.00, 109.20:3:0.00, 122.20:2:0.00, 134.75:1:0.00,,,,,,,,,,,,,,,,,,,,,,,,,,,,,,,,,,,,,,,,,,,,,,,,,,,,,,
43, 63, ,, 0:, 0:, 0:, 0:, 0:, 0:, 0:, 0:, 0:, 0:, 0:, 0:, 0:, 0:, 0:, 0:, 0:, 0:, 0:, 0:, 0:, 0:,,,,,,,,,,,,,,,,,,,,,,,,,,,,,,,,,,,,,,,,,,
43, 63, Threat and Trust,, 0.00:1:0.00, 0.00:1:0.00, 0.00:1:0.00, 0.00:1:0.00, 0.00:1:0.00, 0.00:1:0.00, 0.00:1:0.00, 0.00:1:0.00, 0.00:1:0.00, 0.00:1:0.00, 0.00:1:0.00, 0.00:1:0.00, 0.00:1:0.00, 0.00:1:0.00, 0.00:1:0.00, 0.00:1:0.00, 0.00:1:0.00, 0.00:1:0.00, 0.00:1:0.00, 0.00:1:0.00, 0.00:1:0.00, 0.00:1:0.00,,,,,,,,,,,,,,,,,,,,,,,,,,,,,,,,,,,,,,,,,,
43, 0, ,,, -7:DIPLO_STATE_ALLIED, 0:DIPLO_STATE_ALLIED, -4:DIPLO_STATE_ALLIED, 31:DIPLO_STATE_ALLIED, 8:DIPLO_STATE_WAR, -5:DIPLO_STATE_WAR, -5:DIPLO_STATE_WAR, -5:DIPLO_STATE_WAR, -11:DIPLO_STATE_WAR, 0:DIPLO_STATE_NO_INFLUENCE, 0:DIPLO_STATE_NO_INFLUENCE, 1:DIPLO_STATE_INFLUENTIAL, 0:DIPLO_STATE_NO_INFLUENCE, 0:DIPLO_STATE_NO_INFLUENCE, 0:DIPLO_STATE_NO_INFLUENCE, 0:DIPLO_STATE_NO_INFLUENCE, 0:DIPLO_STATE_NO_INFLUENCE, 0:DIPLO_STATE_NO_INFLUENCE, 0:DIPLO_STATE_NO_INFLUENCE, 2:DIPLO_STATE_INFLUENTIAL, 1:DIPLO_STATE_INFLUENTIAL,,,,,,,,,,,,,,,,,,,,,,,,,,,,,,,,,,,,,,,,, 0:DIPLO_STATE_FREE_CITIES_NEUTRAL, 0:
43, 0, Threat and Trust,,, 10.16:6:4.00, 10.16:6:4.00, 10.16:6:6.00, 10.16:6:6.00, 93.66:4:-10.00, 92.75:5:-5.00, 100.16:3:0.00, 113.16:2:0.00, 125.70:1:2.00, 0.00:11:0.00, 0.00:11:0.00, 0.00:11:0.00, 0.00:11:0.00, 0.00:11:0.00, 0.00:11:0.00, 0.00:11:0.00, 0.00:11:0.00, 0.00:11:0.00, 0.00:11:0.00, 0.00:11:0.00, 0.00:11:0.00,,,,,,,,,,,,,,,,,,,,,,,,,,,,,,,,,,,,,,,,, 0.00:11:0.00, 0.00:11:0.00
43, 1, ,, 33:DIPLO_STATE_ALLIED,, 30:DIPLO_STATE_ALLIED, 15:DIPLO_STATE_ALLIED, 30:DIPLO_STATE_ALLIED, -5:DIPLO_STATE_WAR, 3:DIPLO_STATE_WAR, 2:DIPLO_STATE_WAR, -4:DIPLO_STATE_WAR, -1:DIPLO_STATE_WAR, 2:DIPLO_STATE_INFLUENTIAL, 0:DIPLO_STATE_NO_INFLUENCE, 1:DIPLO_STATE_INFLUENTIAL, 4:DIPLO_STATE_MAX_INFLUENCE, 0:DIPLO_STATE_NO_INFLUENCE, 1:DIPLO_STATE_INFLUENTIAL, 0:DIPLO_STATE_NO_INFLUENCE, 2:DIPLO_STATE_INFLUENTIAL, 0:DIPLO_STATE_NO_INFLUENCE, 0:DIPLO_STATE_NO_INFLUENCE, 0:DIPLO_STATE_NO_INFLUENCE, 3:DIPLO_STATE_MAX_INFLUENCE,,,,,,,,,,,,,,,,,,,,,,,,,,,,,,,,,,,,,,,,, 0:DIPLO_STATE_FREE_CITIES_NEUTRAL, 0:
43, 1, Threat and Trust,, 10.16:6:4.00,, 10.16:6:2.00, 10.16:6:2.00, 10.16:6:4.00, 97.36:4:-10.00, 96.45:5:-5.00, 103.86:3:0.00, 116.86:2:0.00, 129.41:1:2.00, 0.00:11:0.00, 0.00:11:0.00, 0.00:11:0.00, 0.00:11:0.00, 0.00:11:0.00, 0.00:11:0.00, 0.00:11:0.00, 0.00:11:0.00, 0.00:11:0.00, 0.00:11:0.00, 0.00:11:0.00, 0.00:11:0.00,,,,,,,,,,,,,,,,,,,,,,,,,,,,,,,,,,,,,,,,, 0.00:11:0.00, 0.00:11:0.00
43, 2, ,, 31:DIPLO_STATE_ALLIED, -20:DIPLO_STATE_ALLIED,, 14:DIPLO_STATE_ALLIED, 39:DIPLO_STATE_ALLIED, 5:DIPLO_STATE_WAR, 3:DIPLO_STATE_WAR, 3:DIPLO_STATE_WAR, 17:DIPLO_STATE_WAR, 11:DIPLO_STATE_WAR, 1:DIPLO_STATE_INFLUENTIAL, 0:DIPLO_STATE_NO_INFLUENCE, 0:DIPLO_STATE_NO_INFLUENCE, 0:DIPLO_STATE_NO_INFLUENCE, 0:DIPLO_STATE_NO_INFLUENCE, 3:DIPLO_STATE_MAX_INFLUENCE, 0:DIPLO_STATE_NO_INFLUENCE, 2:DIPLO_STATE_INFLUENTIAL, 0:DIPLO_STATE_NO_INFLUENCE, 0:DIPLO_STATE_NO_INFLUENCE, 0:DIPLO_STATE_NO_INFLUENCE, 0:DIPLO_STATE_NO_INFLUENCE,,,,,,,,,,,,,,,,,,,,,,,,,,,,,,,,,,,,,,,,, 0:DIPLO_STATE_FREE_CITIES_NEUTRAL, 0:
43, 2, Threat and Trust,, 10.16:6:4.00, 10.16:6:2.00,, 10.16:6:4.00, 10.16:6:10.00, 97.66:4:-10.00, 96.75:5:-5.00, 104.16:3:0.00, 117.16:2:0.00, 129.70:1:0.00, 0.00:11:0.00, 0.00:11:0.00, 0.00:11:0.00, 0.00:11:0.00, 0.00:11:0.00, 0.00:11:0.00, 0.00:11:0.00, 0.00:11:0.00, 0.00:11:0.00, 0.00:11:0.00, 0.00:11:0.00, 0.00:11:0.00,,,,,,,,,,,,,,,,,,,,,,,,,,,,,,,,,,,,,,,,, 0.00:11:0.00, 0.00:11:0.00
43, 3, ,, 15:DIPLO_STATE_ALLIED, 8:DIPLO_STATE_ALLIED, 36:DIPLO_STATE_ALLIED,, 15:DIPLO_STATE_ALLIED, -13:DIPLO_STATE_WAR, -5:DIPLO_STATE_WAR, -14:DIPLO_STATE_WAR, 8:DIPLO_STATE_WAR, -6:DIPLO_STATE_WAR, 0:DIPLO_STATE_NO_INFLUENCE, 0:DIPLO_STATE_NO_INFLUENCE, 1:DIPLO_STATE_INFLUENTIAL, 2:DIPLO_STATE_INFLUENTIAL, 0:DIPLO_STATE_NO_INFLUENCE, 2:DIPLO_STATE_INFLUENTIAL, 0:DIPLO_STATE_NO_INFLUENCE, 2:DIPLO_STATE_INFLUENTIAL, 0:DIPLO_STATE_NO_INFLUENCE, 0:DIPLO_STATE_NO_INFLUENCE, 2:DIPLO_STATE_INFLUENTIAL, 0:DIPLO_STATE_NO_INFLUENCE,,,,,,,,,,,,,,,,,,,,,,,,,,,,,,,,,,,,,,,,, 0:DIPLO_STATE_FREE_CITIES_NEUTRAL, 0:
43, 3, Threat and Trust,, 10.16:6:6.00, 10.16:6:2.00, 10.16:6:4.00,, 10.16:6:12.00, 98.66:4:-10.00, 97.75:5:-5.00, 105.16:3:0.00, 118.16:2:0.00, 130.70:1:0.00, 0.00:11:0.00, 0.00:11:0.00, 0.00:11:0.00, 0.00:11:0.00, 0.00:11:0.00, 0.00:11:0.00, 0.00:11:0.00, 0.00:11:0.00, 0.00:11:0.00, 0.00:11:0.00, 0.00:11:0.00, 0.00:11:0.00,,,,,,,,,,,,,,,,,,,,,,,,,,,,,,,,,,,,,,,,, 0.00:11:0.00, 0.00:11:0.00
43, 4, ,, 40:DIPLO_STATE_ALLIED, -16:DIPLO_STATE_ALLIED, -2:DIPLO_STATE_ALLIED, -2:DIPLO_STATE_ALLIED,, 6:DIPLO_STATE_WAR, -7:DIPLO_STATE_WAR, -7:DIPLO_STATE_WAR, 1:DIPLO_STATE_WAR, 1:DIPLO_STATE_WAR, 3:DIPLO_STATE_MAX_INFLUENCE, 0:DIPLO_STATE_NO_INFLUENCE, 1:DIPLO_STATE_INFLUENTIAL, 0:DIPLO_STATE_NO_INFLUENCE, 2:DIPLO_STATE_INFLUENTIAL, 1:DIPLO_STATE_INFLUENTIAL, 3:DIPLO_STATE_MAX_INFLUENCE, 1:DIPLO_STATE_INFLUENTIAL, 0:DIPLO_STATE_NO_INFLUENCE, 0:DIPLO_STATE_NO_INFLUENCE, 3:DIPLO_STATE_MAX_INFLUENCE, 2:DIPLO_STATE_INFLUENTIAL,,,,,,,,,,,,,,,,,,,,,,,,,,,,,,,,,,,,,,,,, 0:DIPLO_STATE_FREE_CITIES_NEUTRAL, 0:
43, 4, Threat and Trust,, 10.16:6:6.00, 10.16:6:4.00, 10.16:6:10.00, 10.16:6:12.00,, 94.16:4:-10.00, 93.25:5:-5.00, 100.66:3:2.00, 113.66:2:0.00, 126.20:1:0.00, 0.00:11:0.00, 0.00:11:0.00, 0.00:11:0.00, 0.00:11:0.00, 0.00:11:0.00, 0.00:11:0.00, 0.00:11:0.00, 0.00:11:0.00, 0.00:11:0.00, 0.00:11:0.00, 0.00:11:0.00, 0.00:11:0.00,,,,,,,,,,,,,,,,,,,,,,,,,,,,,,,,,,,,,,,,, 0.00:11:0.00, 0.00:11:0.00
43, 3, ,, 15:DIPLO_STATE_ALLIED, 8:DIPLO_STATE_ALLIED, 36:DIPLO_STATE_ALLIED,, 15:DIPLO_STATE_ALLIED, -13:DIPLO_STATE_WAR, -5:DIPLO_STATE_WAR, -14:DIPLO_STATE_WAR, 8:DIPLO_STATE_WAR, -6:DIPLO_STATE_WAR, 0:DIPLO_STATE_NO_INFLUENCE, 0:DIPLO_STATE_NO_INFLUENCE, 1:DIPLO_STATE_INFLUENTIAL, 2:DIPLO_STATE_INFLUENTIAL, 0:DIPLO_STATE_NO_INFLUENCE, 2:DIPLO_STATE_INFLUENTIAL, 0:DIPLO_STATE_NO_INFLUENCE, 2:DIPLO_STATE_INFLUENTIAL, 0:DIPLO_STATE_NO_INFLUENCE, 0:DIPLO_STATE_NO_INFLUENCE, 2:DIPLO_STATE_INFLUENTIAL, 0:DIPLO_STATE_NO_INFLUENCE,,,,,,,,,,,,,,,,,,,,,,,,,,,,,,,,,,,,,,,,, 0:DIPLO_STATE_FREE_CITIES_NEUTRAL, 0:
43, 3, Threat and Trust,, 10.16:6:6.00, 10.16:6:2.00, 10.16:6:4.00,, 10.16:6:12.00, 98.66:4:-10.00, 97.75:5:-5.00, 105.16:3:0.00, 118.16:2:0.00, 130.70:1:0.00, 0.00:11:0.00, 0.00:11:0.00, 0.00:11:0.00, 0.00:11:0.00, 0.00:11:0.00, 0.00:11:0.00, 0.00:11:0.00, 0.00:11:0.00, 0.00:11:0.00, 0.00:11:0.00, 0.00:11:0.00, 0.00:11:0.00,,,,,,,,,,,,,,,,,,,,,,,,,,,,,,,,,,,,,,,,, 0.00:11:0.00, 0.00:11:0.00
43, 2, ,, 31:DIPLO_STATE_ALLIED, -20:DIPLO_STATE_ALLIED,, 14:DIPLO_STATE_ALLIED, 39:DIPLO_STATE_ALLIED, 5:DIPLO_STATE_WAR, 3:DIPLO_STATE_WAR, 3:DIPLO_STATE_WAR, 17:DIPLO_STATE_WAR, 11:DIPLO_STATE_WAR, 1:DIPLO_STATE_INFLUENTIAL, 0:DIPLO_STATE_NO_INFLUENCE, 0:DIPLO_STATE_NO_INFLUENCE, 0:DIPLO_STATE_NO_INFLUENCE, 0:DIPLO_STATE_NO_INFLUENCE, 3:DIPLO_STATE_MAX_INFLUENCE, 0:DIPLO_STATE_NO_INFLUENCE, 2:DIPLO_STATE_INFLUENTIAL, 0:DIPLO_STATE_NO_INFLUENCE, 0:DIPLO_STATE_NO_INFLUENCE, 0:DIPLO_STATE_NO_INFLUENCE, 0:DIPLO_STATE_NO_INFLUENCE,,,,,,,,,,,,,,,,,,,,,,,,,,,,,,,,,,,,,,,,, 0:DIPLO_STATE_FREE_CITIES_NEUTRAL, 0:
43, 2, Threat and Trust,, 10.16:6:4.00, 10.16:6:2.00,, 10.16:6:4.00, 10.16:6:10.00, 97.66:4:-10.00, 96.75:5:-5.00, 104.16:3:0.00, 117.16:2:0.00, 129.70:1:0.00, 0.00:11:0.00, 0.00:11:0.00, 0.00:11:0.00, 0.00:11:0.00, 0.00:11:0.00, 0.00:11:0.00, 0.00:11:0.00, 0.00:11:0.00, 0.00:11:0.00, 0.00:11:0.00, 0.00:11:0.00, 0.00:11:0.00,,,,,,,,,,,,,,,,,,,,,,,,,,,,,,,,,,,,,,,,, 0.00:11:0.00, 0.00:11:0.00
43, 2, ,, 31:DIPLO_STATE_ALLIED, -20:DIPLO_STATE_ALLIED,, 14:DIPLO_STATE_ALLIED, 39:DIPLO_STATE_ALLIED, 5:DIPLO_STATE_WAR, 3:DIPLO_STATE_WAR, 3:DIPLO_STATE_WAR, 17:DIPLO_STATE_WAR, 11:DIPLO_STATE_WAR, 1:DIPLO_STATE_INFLUENTIAL, 0:DIPLO_STATE_NO_INFLUENCE, 0:DIPLO_STATE_NO_INFLUENCE, 0:DIPLO_STATE_NO_INFLUENCE, 0:DIPLO_STATE_NO_INFLUENCE, 3:DIPLO_STATE_MAX_INFLUENCE, 0:DIPLO_STATE_NO_INFLUENCE, 2:DIPLO_STATE_INFLUENTIAL, 0:DIPLO_STATE_NO_INFLUENCE, 0:DIPLO_STATE_NO_INFLUENCE, 0:DIPLO_STATE_NO_INFLUENCE, 0:DIPLO_STATE_NO_INFLUENCE,,,,,,,,,,,,,,,,,,,,,,,,,,,,,,,,,,,,,,,,, 0:DIPLO_STATE_FREE_CITIES_NEUTRAL, 0:
43, 2, Threat and Trust,, 10.16:6:4.00, 10.16:6:2.00,, 10.16:6:4.00, 10.16:6:10.00, 97.66:4:-10.00, 96.75:5:-5.00, 104.16:3:0.00, 117.16:2:0.00, 129.70:1:0.00, 0.00:11:0.00, 0.00:11:0.00, 0.00:11:0.00, 0.00:11:0.00, 0.00:11:0.00, 0.00:11:0.00, 0.00:11:0.00, 0.00:11:0.00, 0.00:11:0.00, 0.00:11:0.00, 0.00:11:0.00, 0.00:11:0.00,,,,,,,,,,,,,,,,,,,,,,,,,,,,,,,,,,,,,,,,, 0.00:11:0.00, 0.00:11:0.00
43, 0, ,,, -7:DIPLO_STATE_ALLIED, 0:DIPLO_STATE_ALLIED, -4:DIPLO_STATE_ALLIED, 31:DIPLO_STATE_ALLIED, 8:DIPLO_STATE_WAR, -5:DIPLO_STATE_WAR, -5:DIPLO_STATE_WAR, -5:DIPLO_STATE_WAR, -11:DIPLO_STATE_WAR, 0:DIPLO_STATE_NO_INFLUENCE, 0:DIPLO_STATE_NO_INFLUENCE, 1:DIPLO_STATE_INFLUENTIAL, 0:DIPLO_STATE_NO_INFLUENCE, 0:DIPLO_STATE_NO_INFLUENCE, 0:DIPLO_STATE_NO_INFLUENCE, 0:DIPLO_STATE_NO_INFLUENCE, 0:DIPLO_STATE_NO_INFLUENCE, 0:DIPLO_STATE_NO_INFLUENCE, 0:DIPLO_STATE_NO_INFLUENCE, 2:DIPLO_STATE_INFLUENTIAL, 1:DIPLO_STATE_INFLUENTIAL,,,,,,,,,,,,,,,,,,,,,,,,,,,,,,,,,,,,,,,,, 0:DIPLO_STATE_FREE_CITIES_NEUTRAL, 0:
43, 0, Threat and Trust,,, 10.16:6:4.00, 10.16:6:4.00, 10.16:6:6.00, 10.16:6:6.00, 93.66:4:-10.00, 92.75:5:-5.00, 100.16:3:0.00, 113.16:2:0.00, 125.70:1:2.00, 0.00:11:0.00, 0.00:11:0.00, 0.00:11:0.00, 0.00:11:0.00, 0.00:11:0.00, 0.00:11:0.00, 0.00:11:0.00, 0.00:11:0.00, 0.00:11:0.00, 0.00:11:0.00, 0.00:11:0.00, 0.00:11:0.00,,,,,,,,,,,,,,,,,,,,,,,,,,,,,,,,,,,,,,,,, 0.00:11:0.00, 0.00:11:0.00
43, 3, ,, 15:DIPLO_STATE_ALLIED, 8:DIPLO_STATE_ALLIED, 36:DIPLO_STATE_ALLIED,, 15:DIPLO_STATE_ALLIED, -13:DIPLO_STATE_WAR, -5:DIPLO_STATE_WAR, -14:DIPLO_STATE_WAR, 8:DIPLO_STATE_WAR, -6:DIPLO_STATE_WAR, 0:DIPLO_STATE_NO_INFLUENCE, 0:DIPLO_STATE_NO_INFLUENCE, 1:DIPLO_STATE_INFLUENTIAL, 2:DIPLO_STATE_INFLUENTIAL, 0:DIPLO_STATE_NO_INFLUENCE, 2:DIPLO_STATE_INFLUENTIAL, 0:DIPLO_STATE_NO_INFLUENCE, 2:DIPLO_STATE_INFLUENTIAL, 0:DIPLO_STATE_NO_INFLUENCE, 0:DIPLO_STATE_NO_INFLUENCE, 2:DIPLO_STATE_INFLUENTIAL, 0:DIPLO_STATE_NO_INFLUENCE,,,,,,,,,,,,,,,,,,,,,,,,,,,,,,,,,,,,,,,,, 0:DIPLO_STATE_FREE_CITIES_NEUTRAL, 0:
43, 3, Threat and Trust,, 10.16:6:6.00, 10.16:6:2.00, 10.16:6:4.00,, 10.16:6:12.00, 98.66:4:-10.00, 97.75:5:-5.00, 105.16:3:0.00, 118.16:2:0.00, 130.70:1:0.00, 0.00:11:0.00, 0.00:11:0.00, 0.00:11:0.00, 0.00:11:0.00, 0.00:11:0.00, 0.00:11:0.00, 0.00:11:0.00, 0.00:11:0.00, 0.00:11:0.00, 0.00:11:0.00, 0.00:11:0.00, 0.00:11:0.00,,,,,,,,,,,,,,,,,,,,,,,,,,,,,,,,,,,,,,,,, 0.00:11:0.00, 0.00:11:0.00
43, 2, ,, 31:DIPLO_STATE_ALLIED, -20:DIPLO_STATE_ALLIED,, 14:DIPLO_STATE_ALLIED, 39:DIPLO_STATE_ALLIED, 5:DIPLO_STATE_WAR, 3:DIPLO_STATE_WAR, 3:DIPLO_STATE_WAR, 17:DIPLO_STATE_WAR, 11:DIPLO_STATE_WAR, 1:DIPLO_STATE_INFLUENTIAL, 0:DIPLO_STATE_NO_INFLUENCE, 0:DIPLO_STATE_NO_INFLUENCE, 0:DIPLO_STATE_NO_INFLUENCE, 0:DIPLO_STATE_NO_INFLUENCE, 3:DIPLO_STATE_MAX_INFLUENCE, 0:DIPLO_STATE_NO_INFLUENCE, 2:DIPLO_STATE_INFLUENTIAL, 0:DIPLO_STATE_NO_INFLUENCE, 0:DIPLO_STATE_NO_INFLUENCE, 0:DIPLO_STATE_NO_INFLUENCE, 0:DIPLO_STATE_NO_INFLUENCE,,,,,,,,,,,,,,,,,,,,,,,,,,,,,,,,,,,,,,,,, 0:DIPLO_STATE_FREE_CITIES_NEUTRAL, 0:
43, 2, Threat and Trust,, 10.16:6:4.00, 10.16:6:2.00,, 10.16:6:4.00, 10.16:6:10.00, 97.66:4:-10.00, 96.75:5:-5.00, 104.16:3:0.00, 117.16:2:0.00, 129.70:1:0.00, 0.00:11:0.00, 0.00:11:0.00, 0.00:11:0.00, 0.00:11:0.00, 0.00:11:0.00, 0.00:11:0.00, 0.00:11:0.00, 0.00:11:0.00, 0.00:11:0.00, 0.00:11:0.00, 0.00:11:0.00, 0.00:11:0.00,,,,,,,,,,,,,,,,,,,,,,,,,,,,,,,,,,,,,,,,, 0.00:11:0.00, 0.00:11:0.00
43, 2, ,, 31:DIPLO_STATE_ALLIED, -20:DIPLO_STATE_ALLIED,, 14:DIPLO_STATE_ALLIED, 39:DIPLO_STATE_ALLIED, 5:DIPLO_STATE_WAR, 3:DIPLO_STATE_WAR, 3:DIPLO_STATE_WAR, 17:DIPLO_STATE_WAR, 11:DIPLO_STATE_WAR, 1:DIPLO_STATE_INFLUENTIAL, 0:DIPLO_STATE_NO_INFLUENCE, 0:DIPLO_STATE_NO_INFLUENCE, 0:DIPLO_STATE_NO_INFLUENCE, 0:DIPLO_STATE_NO_INFLUENCE, 3:DIPLO_STATE_MAX_INFLUENCE, 0:DIPLO_STATE_NO_INFLUENCE, 2:DIPLO_STATE_INFLUENTIAL, 0:DIPLO_STATE_NO_INFLUENCE, 0:DIPLO_STATE_NO_INFLUENCE, 0:DIPLO_STATE_NO_INFLUENCE, 0:DIPLO_STATE_NO_INFLUENCE,,,,,,,,,,,,,,,,,,,,,,,,,,,,,,,,,,,,,,,,, 0:DIPLO_STATE_FREE_CITIES_NEUTRAL, 0:
43, 2, Threat and Trust,, 10.16:6:4.00, 10.16:6:2.00,, 10.16:6:4.00, 10.16:6:10.00, 97.66:4:-10.00, 96.75:5:-5.00, 104.16:3:0.00, 117.16:2:0.00, 129.70:1:0.00, 0.00:11:0.00, 0.00:11:0.00, 0.00:11:0.00, 0.00:11:0.00, 0.00:11:0.00, 0.00:11:0.00, 0.00:11:0.00, 0.00:11:0.00, 0.00:11:0.00, 0.00:11:0.00, 0.00:11:0.00, 0.00:11:0.00,,,,,,,,,,,,,,,,,,,,,,,,,,,,,,,,,,,,,,,,, 0.00:11:0.00, 0.00:11:0.00
43, 2, ,, 31:DIPLO_STATE_ALLIED, -20:DIPLO_STATE_ALLIED,, 14:DIPLO_STATE_ALLIED, 39:DIPLO_STATE_ALLIED, 5:DIPLO_STATE_WAR, 3:DIPLO_STATE_WAR, 3:DIPLO_STATE_WAR, 17:DIPLO_STATE_WAR, 11:DIPLO_STATE_WAR, 1:DIPLO_STATE_INFLUENTIAL, 0:DIPLO_STATE_NO_INFLUENCE, 0:DIPLO_STATE_NO_INFLUENCE, 0:DIPLO_STATE_NO_INFLUENCE, 0:DIPLO_STATE_NO_INFLUENCE, 3:DIPLO_STATE_MAX_INFLUENCE, 0:DIPLO_STATE_NO_INFLUENCE, 2:DIPLO_STATE_INFLUENTIAL, 0:DIPLO_STATE_NO_INFLUENCE, 0:DIPLO_STATE_NO_INFLUENCE, 0:DIPLO_STATE_NO_INFLUENCE, 0:DIPLO_STATE_NO_INFLUENCE,,,,,,,,,,,,,,,,,,,,,,,,,,,,,,,,,,,,,,,,, 0:DIPLO_STATE_FREE_CITIES_NEUTRAL, 0:
43, 2, Threat and Trust,, 10.16:6:4.00, 10.16:6:2.00,, 10.16:6:4.00, 10.16:6:10.00, 97.66:4:-10.00, 96.75:5:-5.00, 104.16:3:0.00, 117.16:2:0.00, 129.70:1:0.00, 0.00:11:0.00, 0.00:11:0.00, 0.00:11:0.00, 0.00:11:0.00, 0.00:11:0.00, 0.00:11:0.00, 0.00:11:0.00, 0.00:11:0.00, 0.00:11:0.00, 0.00:11:0.00, 0.00:11:0.00, 0.00:11:0.00,,,,,,,,,,,,,,,,,,,,,,,,,,,,,,,,,,,,,,,,, 0.00:11:0.00, 0.00:11:0.00
43, 0, ,,, -7:DIPLO_STATE_ALLIED, 0:DIPLO_STATE_ALLIED, -4:DIPLO_STATE_ALLIED, 31:DIPLO_STATE_ALLIED, 8:DIPLO_STATE_WAR, -5:DIPLO_STATE_WAR, -5:DIPLO_STATE_WAR, -5:DIPLO_STATE_WAR, -11:DIPLO_STATE_WAR, 0:DIPLO_STATE_NO_INFLUENCE, 0:DIPLO_STATE_NO_INFLUENCE, 1:DIPLO_STATE_INFLUENTIAL, 0:DIPLO_STATE_NO_INFLUENCE, 0:DIPLO_STATE_NO_INFLUENCE, 0:DIPLO_STATE_NO_INFLUENCE, 0:DIPLO_STATE_NO_INFLUENCE, 0:DIPLO_STATE_NO_INFLUENCE, 0:DIPLO_STATE_NO_INFLUENCE, 0:DIPLO_STATE_NO_INFLUENCE, 2:DIPLO_STATE_INFLUENTIAL, 1:DIPLO_STATE_INFLUENTIAL,,,,,,,,,,,,,,,,,,,,,,,,,,,,,,,,,,,,,,,,, 0:DIPLO_STATE_FREE_CITIES_NEUTRAL, 0:
43, 0, Threat and Trust,,, 10.16:6:4.00, 10.16:6:4.00, 10.16:6:6.00, 10.16:6:6.00, 93.66:4:-10.00, 92.75:5:-5.00, 100.16:3:0.00, 113.16:2:0.00, 125.70:1:2.00, 0.00:11:0.00, 0.00:11:0.00, 0.00:11:0.00, 0.00:11:0.00, 0.00:11:0.00, 0.00:11:0.00, 0.00:11:0.00, 0.00:11:0.00, 0.00:11:0.00, 0.00:11:0.00, 0.00:11:0.00, 0.00:11:0.00,,,,,,,,,,,,,,,,,,,,,,,,,,,,,,,,,,,,,,,,, 0.00:11:0.00, 0.00:11:0.00
43, 0, ,,, -7:DIPLO_STATE_ALLIED, 0:DIPLO_STATE_ALLIED, -4:DIPLO_STATE_ALLIED, 31:DIPLO_STATE_ALLIED, 8:DIPLO_STATE_WAR, -5:DIPLO_STATE_WAR, -5:DIPLO_STATE_WAR, -5:DIPLO_STATE_WAR, -11:DIPLO_STATE_WAR, 0:DIPLO_STATE_NO_INFLUENCE, 0:DIPLO_STATE_NO_INFLUENCE, 1:DIPLO_STATE_INFLUENTIAL, 0:DIPLO_STATE_NO_INFLUENCE, 0:DIPLO_STATE_NO_INFLUENCE, 0:DIPLO_STATE_NO_INFLUENCE, 0:DIPLO_STATE_NO_INFLUENCE, 0:DIPLO_STATE_NO_INFLUENCE, 0:DIPLO_STATE_NO_INFLUENCE, 0:DIPLO_STATE_NO_INFLUENCE, 2:DIPLO_STATE_INFLUENTIAL, 1:DIPLO_STATE_INFLUENTIAL,,,,,,,,,,,,,,,,,,,,,,,,,,,,,,,,,,,,,,,,, 0:DIPLO_STATE_FREE_CITIES_NEUTRAL, 0:
43, 0, Threat and Trust,,, 10.16:6:4.00, 10.16:6:4.00, 10.16:6:6.00, 10.16:6:8.00, 93.66:4:-10.00, 92.75:5:-5.00, 100.16:3:0.00, 113.16:2:0.00, 125.70:1:2.00, 0.00:11:0.00, 0.00:11:0.00, 0.00:11:0.00, 0.00:11:0.00, 0.00:11:0.00, 0.00:11:0.00, 0.00:11:0.00, 0.00:11:0.00, 0.00:11:0.00, 0.00:11:0.00, 0.00:11:0.00, 0.00:11:0.00,,,,,,,,,,,,,,,,,,,,,,,,,,,,,,,,,,,,,,,,, 0.00:11:0.00, 0.00:11:0.00
43, 1, ,, 33:DIPLO_STATE_ALLIED,, 30:DIPLO_STATE_ALLIED, 15:DIPLO_STATE_ALLIED, 30:DIPLO_STATE_ALLIED, -5:DIPLO_STATE_WAR, 3:DIPLO_STATE_WAR, 2:DIPLO_STATE_WAR, -4:DIPLO_STATE_WAR, -1:DIPLO_STATE_WAR, 2:DIPLO_STATE_INFLUENTIAL, 0:DIPLO_STATE_NO_INFLUENCE, 1:DIPLO_STATE_INFLUENTIAL, 4:DIPLO_STATE_MAX_INFLUENCE, 0:DIPLO_STATE_NO_INFLUENCE, 1:DIPLO_STATE_INFLUENTIAL, 0:DIPLO_STATE_NO_INFLUENCE, 2:DIPLO_STATE_INFLUENTIAL, 0:DIPLO_STATE_NO_INFLUENCE, 0:DIPLO_STATE_NO_INFLUENCE, 0:DIPLO_STATE_NO_INFLUENCE, 3:DIPLO_STATE_MAX_INFLUENCE,,,,,,,,,,,,,,,,,,,,,,,,,,,,,,,,,,,,,,,,, 0:DIPLO_STATE_FREE_CITIES_NEUTRAL, 0:
43, 1, Threat and Trust,, 10.16:6:4.00,, 10.16:6:2.00, 10.16:6:4.00, 10.16:6:6.00, 97.36:4:-10.00, 96.45:5:-5.00, 103.86:3:0.00, 116.86:2:0.00, 129.41:1:2.00, 0.00:11:0.00, 0.00:11:0.00, 0.00:11:0.00, 0.00:11:0.00, 0.00:11:0.00, 0.00:11:0.00, 0.00:11:0.00, 0.00:11:0.00, 0.00:11:0.00, 0.00:11:0.00, 0.00:11:0.00, 0.00:11:0.00,,,,,,,,,,,,,,,,,,,,,,,,,,,,,,,,,,,,,,,,, 0.00:11:0.00, 0.00:11:0.00
44, 5, ,, -22:DIPLO_STATE_WAR, -42:DIPLO_STATE_WAR, -23:DIPLO_STATE_WAR, -49:DIPLO_STATE_WAR, -12:DIPLO_STATE_WAR,, 8:DIPLO_STATE_ALLIED, 22:DIPLO_STATE_ALLIED, 22:DIPLO_STATE_ALLIED, 22:DIPLO_STATE_ALLIED, 0:DIPLO_STATE_WAR_WITH_MINOR, 0:DIPLO_STATE_WAR_WITH_MINOR,, 0:DIPLO_STATE_WAR_WITH_MINOR, 0:DIPLO_STATE_WAR_WITH_MINOR, 0:DIPLO_STATE_WAR_WITH_MINOR, 0:DIPLO_STATE_WAR_WITH_MINOR,, 0:DIPLO_STATE_WAR_WITH_MINOR, 0:DIPLO_STATE_WAR_WITH_MINOR, 0:DIPLO_STATE_WAR_WITH_MINOR, 0:DIPLO_STATE_WAR_WITH_MINOR,,,,,,,,,,,,,,,,,,,,,,,,,,,,,,,,,,,,,,,,, 0:DIPLO_STATE_FREE_CITIES_NEUTRAL, 0:
44, 5, Threat and Trust,, 10.16:6:2.00, 10.16:6:1.00, 10.16:6:2.00, 10.16:6:2.00, 10.16:6:6.00,, 60.16:3:-5.00, 60.16:3:1.00, 76.91:2:0.00, 89.45:1:2.00, 0.00:11:0.00, 0.00:11:0.00,, 0.00:11:0.00, 0.00:11:0.00, 0.00:11:0.00, 0.00:11:0.00,, 0.00:11:0.00, 0.00:11:0.00, 0.00:11:0.00, 0.00:11:0.00,,,,,,,,,,,,,,,,,,,,,,,,,,,,,,,,,,,,,,,,, 0.00:11:0.00, 0.00:11:0.00
44, 6, ,, -73:DIPLO_STATE_WAR, -63:DIPLO_STATE_WAR, -64:DIPLO_STATE_WAR, -74:DIPLO_STATE_WAR, -86:DIPLO_STATE_WAR, -46:DIPLO_STATE_ALLIED,, 11:DIPLO_STATE_ALLIED, 9:DIPLO_STATE_ALLIED, 1:DIPLO_STATE_ALLIED, 0:DIPLO_STATE_WAR_WITH_MINOR, 0:DIPLO_STATE_WAR_WITH_MINOR,, 0:DIPLO_STATE_WAR_WITH_MINOR, 0:DIPLO_STATE_WAR_WITH_MINOR, 0:DIPLO_STATE_WAR_WITH_MINOR, 0:DIPLO_STATE_WAR_WITH_MINOR,, 0:DIPLO_STATE_WAR_WITH_MINOR, 0:DIPLO_STATE_WAR_WITH_MINOR, 0:DIPLO_STATE_WAR_WITH_MINOR, 0:DIPLO_STATE_WAR_WITH_MINOR,,,,,,,,,,,,,,,,,,,,,,,,,,,,,,,,,,,,,,,,, 0:DIPLO_STATE_FREE_CITIES_NEUTRAL, 0:
44, 6, Threat and Trust,, 10.16:6:2.00, 10.16:6:1.00, 10.16:6:2.00, 10.16:6:2.00, 10.16:6:6.00, 60.16:3:-10.00,, 60.16:3:1.00, 75.70:2:0.00, 88.25:1:2.00, 0.00:11:0.00, 0.00:11:0.00,, 0.00:11:0.00, 0.00:11:0.00, 0.00:11:0.00, 0.00:11:0.00,, 0.00:11:0.00, 0.00:11:0.00, 0.00:11:0.00, 0.00:11:0.00,,,,,,,,,,,,,,,,,,,,,,,,,,,,,,,,,,,,,,,,, 0.00:11:0.00, 0.00:11:0.00
44, 7, ,, -73:DIPLO_STATE_WAR, -77:DIPLO_STATE_WAR, -85:DIPLO_STATE_WAR, -78:DIPLO_STATE_WAR, -96:DIPLO_STATE_WAR, -40:DIPLO_STATE_ALLIED, -5:DIPLO_STATE_ALLIED,, 8:DIPLO_STATE_ALLIED, 2:DIPLO_STATE_ALLIED, 0:DIPLO_STATE_WAR_WITH_MINOR, 0:DIPLO_STATE_WAR_WITH_MINOR,, 0:DIPLO_STATE_WAR_WITH_MINOR, 0:DIPLO_STATE_WAR_WITH_MINOR, 0:DIPLO_STATE_WAR_WITH_MINOR, 0:DIPLO_STATE_WAR_WITH_MINOR,, 0:DIPLO_STATE_WAR_WITH_MINOR, 0:DIPLO_STATE_WAR_WITH_MINOR, 0:DIPLO_STATE_WAR_WITH_MINOR, 0:DIPLO_STATE_WAR_WITH_MINOR,,,,,,,,,,,,,,,,,,,,,,,,,,,,,,,,,,,,,,,,, 0:DIPLO_STATE_FREE_CITIES_NEUTRAL, 0:
44, 7, Threat and Trust,, 10.16:6:2.00, 10.16:6:1.00, 10.16:6:1.00, 10.16:6:2.00, 10.16:6:6.00, 60.16:3:-10.00, 60.16:3:-5.00,, 73.66:2:0.00, 86.20:1:2.00, 0.00:11:0.00, 0.00:11:0.00,, 0.00:11:0.00, 0.00:11:0.00, 0.00:11:0.00, 0.00:11:0.00,, 0.00:11:0.00, 0.00:11:0.00, 0.00:11:0.00, 0.00:11:0.00,,,,,,,,,,,,,,,,,,,,,,,,,,,,,,,,,,,,,,,,, 0.00:11:0.00, 0.00:11:0.00
44, 8, ,, -105:DIPLO_STATE_WAR, -104:DIPLO_STATE_WAR, -76:DIPLO_STATE_WAR, -83:DIPLO_STATE_WAR, -96:DIPLO_STATE_WAR, -42:DIPLO_STATE_ALLIED, -18:DIPLO_STATE_ALLIED, -11:DIPLO_STATE_ALLIED,, 23:DIPLO_STATE_ALLIED, 0:DIPLO_STATE_WAR_WITH_MINOR, 0:DIPLO_STATE_WAR_WITH_MINOR,, 0:DIPLO_STATE_WAR_WITH_MINOR, 0:DIPLO_STATE_WAR_WITH_MINOR, 0:DIPLO_STATE_WAR_WITH_MINOR, 0:DIPLO_STATE_WAR_WITH_MINOR,, 0:DIPLO_STATE_WAR_WITH_MINOR, 0:DIPLO_STATE_WAR_WITH_MINOR, 0:DIPLO_STATE_WAR_WITH_MINOR, 0:DIPLO_STATE_WAR_WITH_MINOR,,,,,,,,,,,,,,,,,,,,,,,,,,,,,,,,,,,,,,,,, 0:DIPLO_STATE_FREE_CITIES_NEUTRAL, 0:
44, 8, Threat and Trust,, 10.16:6:2.00, 10.16:6:1.00, 10.16:6:2.00, 10.16:6:2.00, 10.16:6:6.00, 60.16:2:-10.00, 60.16:2:-5.00, 60.16:2:1.00,, 106.75:1:2.00, 0.00:11:0.00, 0.00:11:0.00,, 0.00:11:0.00, 0.00:11:0.00, 0.00:11:0.00, 0.00:11:0.00,, 0.00:11:0.00, 0.00:11:0.00, 0.00:11:0.00, 0.00:11:0.00,,,,,,,,,,,,,,,,,,,,,,,,,,,,,,,,,,,,,,,,, 0.00:11:0.00, 0.00:11:0.00
44, 9, ,, -88:DIPLO_STATE_WAR, -85:DIPLO_STATE_WAR, -53:DIPLO_STATE_WAR, -78:DIPLO_STATE_WAR, -76:DIPLO_STATE_WAR, -42:DIPLO_STATE_ALLIED, 0:DIPLO_STATE_ALLIED, -12:DIPLO_STATE_ALLIED, 1:DIPLO_STATE_ALLIED,, 0:DIPLO_STATE_WAR_WITH_MINOR, 0:DIPLO_STATE_WAR_WITH_MINOR,, 0:DIPLO_STATE_WAR_WITH_MINOR, 0:DIPLO_STATE_WAR_WITH_MINOR, 0:DIPLO_STATE_WAR_WITH_MINOR, 0:DIPLO_STATE_WAR_WITH_MINOR,, 0:DIPLO_STATE_WAR_WITH_MINOR, 0:DIPLO_STATE_WAR_WITH_MINOR, 0:DIPLO_STATE_WAR_WITH_MINOR, 0:DIPLO_STATE_WAR_WITH_MINOR,,,,,,,,,,,,,,,,,,,,,,,,,,,,,,,,,,,,,,,,, 0:DIPLO_STATE_FREE_CITIES_NEUTRAL, 0:
44, 9, Threat and Trust,, 10.16:6:2.00, 10.16:6:2.00, 10.16:6:0.00, 10.16:6:0.00, 10.16:6:1.00, 60.16:1:-10.00, 60.16:1:-5.00, 60.16:1:1.00, 60.16:1:0.00,, 0.00:11:0.00, 0.00:11:0.00,, 0.00:11:0.00, 0.00:11:0.00, 0.00:11:0.00, 0.00:11:0.00,, 0.00:11:0.00, 0.00:11:0.00, 0.00:11:0.00, 0.00:11:0.00,,,,,,,,,,,,,,,,,,,,,,,,,,,,,,,,,,,,,,,,, 0.00:11:0.00, 0.00:11:0.00
44, 10, ,, 0:DIPLO_STATE_AWARE, 2:DIPLO_STATE_PATRON, 1:DIPLO_STATE_PATRON, 0:DIPLO_STATE_AWARE, 3:DIPLO_STATE_PATRON, 0:DIPLO_STATE_WAR_WITH_MAJOR, 0:DIPLO_STATE_WAR_WITH_MAJOR, 0:DIPLO_STATE_WAR_WITH_MAJOR, 0:DIPLO_STATE_WAR_WITH_MAJOR, 0:DIPLO_STATE_WAR_WITH_MAJOR,,,,, 0:DIPLO_STATE_MINOR_MINOR,,,,,,,,,,,,,,,,,,,,,,,,,,,,,,,,,,,,,,,,,,,,,,,,, 0:
44, 10, Threat and Trust,, 10.16:6:0.00, 10.16:6:0.00, 10.16:6:0.00, 10.16:6:0.00, 10.16:6:0.00, 94.50:5:0.00, 95.70:4:0.00, 97.75:3:0.00, 110.00:2:0.00, 126.91:1:0.00,,,,, 0.00:11:0.00,,,,,,,,,,,,,,,,,,,,,,,,,,,,,,,,,,,,,,,,,,,,,,,,, 0.00:11:0.00
44, 12, ,, 1:DIPLO_STATE_PATRON, 1:DIPLO_STATE_PATRON, 0:DIPLO_STATE_AWARE, 1:DIPLO_STATE_PATRON, 1:DIPLO_STATE_PATRON,,,,,,,,,,,,, 0:DIPLO_STATE_MINOR_MINOR,,,, 0:DIPLO_STATE_MINOR_MINOR,,,,,,,,,,,,,,,,,,,,,,,,,,,,,,,,,,,,,,,,,, 0:
44, 12, Threat and Trust,, 10.16:1:0.00, 10.16:1:0.00, 10.16:1:0.00, 10.16:1:0.00, 10.16:1:0.00,,,,,,,,,,,,, 0.00:6:0.00,,,, 0.00:6:0.00,,,,,,,,,,,,,,,,,,,,,,,,,,,,,,,,,,,,,,,,,, 0.00:6:0.00
44, 13, ,, 0:DIPLO_STATE_AWARE, 4:DIPLO_STATE_PATRON, 0:DIPLO_STATE_AWARE, 2:DIPLO_STATE_PATRON, 0:DIPLO_STATE_AWARE, 0:DIPLO_STATE_WAR_WITH_MAJOR, 0:DIPLO_STATE_WAR_WITH_MAJOR, 0:DIPLO_STATE_WAR_WITH_MAJOR, 0:DIPLO_STATE_WAR_WITH_MAJOR, 0:DIPLO_STATE_WAR_WITH_MAJOR,,,,, 0:DIPLO_STATE_MINOR_MINOR,, 0:DIPLO_STATE_MINOR_MINOR,,,,,,,,,,,,,,,,,,,,,,,,,,,,,,,,,,,,,,,,,,,,,,, 0:
44, 13, Threat and Trust,, 10.16:6:0.00, 10.16:6:0.00, 10.16:6:0.00, 10.16:6:0.00, 10.16:6:0.00, 99.61:5:0.00, 100.80:4:0.00, 102.86:3:0.00, 115.11:2:0.00, 132.00:1:0.00,,,,, 0.00:11:0.00,, 0.00:11:0.00,,,,,,,,,,,,,,,,,,,,,,,,,,,,,,,,,,,,,,,,,,,,,,, 0.00:11:0.00
44, 14, ,, 0:DIPLO_STATE_AWARE, 0:DIPLO_STATE_AWARE, 0:DIPLO_STATE_AWARE, 0:DIPLO_STATE_AWARE, 3:DIPLO_STATE_PATRON, 0:DIPLO_STATE_WAR_WITH_MAJOR, 0:DIPLO_STATE_WAR_WITH_MAJOR, 0:DIPLO_STATE_WAR_WITH_MAJOR, 0:DIPLO_STATE_WAR_WITH_MAJOR, 0:DIPLO_STATE_WAR_WITH_MAJOR, 0:DIPLO_STATE_MINOR_MINOR, 0:DIPLO_STATE_MINOR_MINOR,, 0:DIPLO_STATE_MINOR_MINOR,, 0:DIPLO_STATE_MINOR_MINOR, 0:DIPLO_STATE_MINOR_MINOR,,, 0:DIPLO_STATE_MINOR_MINOR, 0:DIPLO_STATE_MINOR_MINOR, 0:DIPLO_STATE_MINOR_MINOR,,,,,,,,,,,,,,,,,,,,,,,,,,,,,,,,,,,,,,,,,, 0:
44, 14, Threat and Trust,, 10.16:6:0.00, 10.16:6:0.00, 10.16:6:0.00, 10.16:6:0.00, 10.16:6:0.00, 101.25:5:0.00, 102.45:4:0.00, 104.50:3:0.00, 116.75:2:0.00, 133.66:1:0.00, 0.00:11:0.00, 0.00:11:0.00,, 0.00:11:0.00,, 0.00:11:0.00, 0.00:11:0.00,,, 0.00:11:0.00, 0.00:11:0.00, 0.00:11:0.00,,,,,,,,,,,,,,,,,,,,,,,,,,,,,,,,,,,,,,,,,, 0.00:11:0.00
44, 15, ,, 0:DIPLO_STATE_AWARE, 1:DIPLO_STATE_PATRON, 3:DIPLO_STATE_PATRON, 2:DIPLO_STATE_PATRON, 1:DIPLO_STATE_PATRON, 0:DIPLO_STATE_WAR_WITH_MAJOR, 0:DIPLO_STATE_WAR_WITH_MAJOR, 0:DIPLO_STATE_WAR_WITH_MAJOR, 0:DIPLO_STATE_WAR_WITH_MAJOR, 0:DIPLO_STATE_WAR_WITH_MAJOR,,,,, 0:DIPLO_STATE_MINOR_MINOR,, 0:DIPLO_STATE_MINOR_MINOR,,,, 0:DIPLO_STATE_MINOR_MINOR,,,,,,,,,,,,,,,,,,,,,,,,,,,,,,,,,,,,,,,,,,, 0:
44, 15, Threat and Trust,, 10.16:6:0.00, 10.16:6:0.00, 10.16:6:0.00, 10.16:6:0.00, 10.16:6:0.00, 94.61:5:0.00, 95.80:4:0.00, 97.86:3:0.00, 110.11:2:0.00, 127.00:1:0.00,,,,, 0.00:11:0.00,, 0.00:11:0.00,,,, 0.00:11:0.00,,,,,,,,,,,,,,,,,,,,,,,,,,,,,,,,,,,,,,,,,,, 0.00:11:0.00
44, 16, ,, 0:DIPLO_STATE_AWARE, 0:DIPLO_STATE_AWARE, 0:DIPLO_STATE_AWARE, 0:DIPLO_STATE_AWARE, 3:DIPLO_STATE_PATRON, 0:DIPLO_STATE_WAR_WITH_MAJOR, 0:DIPLO_STATE_WAR_WITH_MAJOR, 0:DIPLO_STATE_WAR_WITH_MAJOR, 0:DIPLO_STATE_WAR_WITH_MAJOR, 0:DIPLO_STATE_WAR_WITH_MAJOR,, 0:DIPLO_STATE_MINOR_MINOR_WAR,, 0:DIPLO_STATE_MINOR_MINOR, 0:DIPLO_STATE_MINOR_MINOR, 0:DIPLO_STATE_MINOR_MINOR,,, 0:DIPLO_STATE_MINOR_MINOR, 0:DIPLO_STATE_MINOR_MINOR_WAR, 0:DIPLO_STATE_MINOR_MINOR, 0:DIPLO_STATE_MINOR_MINOR,,,,,,,,,,,,,,,,,,,,,,,,,,,,,,,,,,,,,,,,,, 0:
44, 16, Threat and Trust,, 15.80:6:0.00, 10.16:8:0.00, 10.16:8:0.00, 10.16:8:0.00, 15.30:7:0.00, 102.05:5:0.00, 103.25:4:0.00, 105.30:3:0.00, 157.95:1:0.00, 134.45:2:0.00,, 0.00:11:0.00,, 0.00:11:0.00, 0.00:11:0.00, 0.00:11:0.00,,, 0.00:11:0.00, 0.00:11:0.00, 0.00:11:0.00, 0.00:11:0.00,,,,,,,,,,,,,,,,,,,,,,,,,,,,,,,,,,,,,,,,,, 0.00:11:0.00
44, 17, ,, 0:DIPLO_STATE_AWARE, 2:DIPLO_STATE_PATRON, 2:DIPLO_STATE_PATRON, 2:DIPLO_STATE_PATRON, 1:DIPLO_STATE_PATRON,,,,,,,, 0:DIPLO_STATE_MINOR_MINOR,,,,,,,,, 0:DIPLO_STATE_MINOR_MINOR,,,,,,,,,,,,,,,,,,,,,,,,,,,,,,,,,,,,,,,,,, 0:
44, 17, Threat and Trust,, 10.16:1:0.00, 10.16:1:0.00, 10.16:1:0.00, 10.16:1:0.00, 10.16:1:0.00,,,,,,,, 0.00:6:0.00,,,,,,,,, 0.00:6:0.00,,,,,,,,,,,,,,,,,,,,,,,,,,,,,,,,,,,,,,,,,, 0.00:6:0.00
44, 20, ,, 2:DIPLO_STATE_PATRON, 0:DIPLO_STATE_AWARE, 0:DIPLO_STATE_AWARE, 2:DIPLO_STATE_PATRON, 3:DIPLO_STATE_PATRON, 0:DIPLO_STATE_WAR_WITH_MAJOR, 0:DIPLO_STATE_WAR_WITH_MAJOR, 0:DIPLO_STATE_WAR_WITH_MAJOR, 0:DIPLO_STATE_WAR_WITH_MAJOR, 0:DIPLO_STATE_WAR_WITH_MAJOR,, 0:DIPLO_STATE_MINOR_MINOR,,, 0:DIPLO_STATE_MINOR_MINOR, 0:DIPLO_STATE_MINOR_MINOR, 0:DIPLO_STATE_MINOR_MINOR,,,,,,,,,,,,,,,,,,,,,,,,,,,,,,,,,,,,,,,,,,,,,,, 0:
44, 20, Threat and Trust,, 10.16:6:0.00, 10.16:6:0.00, 10.16:6:0.00, 10.16:6:0.00, 10.16:6:0.00, 95.61:5:0.00, 96.80:4:0.00, 98.86:3:0.00, 111.11:2:0.00, 128.00:1:0.00,, 0.00:11:0.00,,, 0.00:11:0.00, 0.00:11:0.00, 0.00:11:0.00,,,,,,,,,,,,,,,,,,,,,,,,,,,,,,,,,,,,,,,,,,,,,,, 0.00:11:0.00
44, 21, ,, 1:DIPLO_STATE_PATRON, 3:DIPLO_STATE_PATRON, 0:DIPLO_STATE_AWARE, 0:DIPLO_STATE_AWARE, 2:DIPLO_STATE_PATRON, 0:DIPLO_STATE_WAR_WITH_MAJOR, 0:DIPLO_STATE_WAR_WITH_MAJOR, 0:DIPLO_STATE_WAR_WITH_MAJOR, 0:DIPLO_STATE_WAR_WITH_MAJOR, 0:DIPLO_STATE_WAR_WITH_MAJOR,,, 0:DIPLO_STATE_MINOR_MINOR,, 0:DIPLO_STATE_MINOR_MINOR,, 0:DIPLO_STATE_MINOR_MINOR, 0:DIPLO_STATE_MINOR_MINOR,,,,,,,,,,,,,,,,,,,,,,,,,,,,,,,,,,,,,,,,,,,,,, 0:
44, 21, Threat and Trust,, 10.16:6:0.00, 10.16:6:0.00, 10.16:6:0.00, 10.16:6:0.00, 10.16:6:0.00, 93.95:5:0.00, 95.16:4:0.00, 97.20:3:0.00, 109.45:2:0.00, 126.36:1:0.00,,, 0.00:11:0.00,, 0.00:11:0.00,, 0.00:11:0.00, 0.00:11:0.00,,,,,,,,,,,,,,,,,,,,,,,,,,,,,,,,,,,,,,,,,,,,,, 0.00:11:0.00
44, 62, ,, 0:DIPLO_STATE_FREE_CITIES_NEUTRAL, 0:DIPLO_STATE_FREE_CITIES_NEUTRAL, 0:DIPLO_STATE_FREE_CITIES_NEUTRAL, 0:DIPLO_STATE_FREE_CITIES_NEUTRAL, 0:DIPLO_STATE_FREE_CITIES_NEUTRAL, 0:DIPLO_STATE_FREE_CITIES_NEUTRAL, 0:DIPLO_STATE_FREE_CITIES_NEUTRAL, 0:DIPLO_STATE_FREE_CITIES_NEUTRAL, 0:DIPLO_STATE_FREE_CITIES_NEUTRAL, 0:DIPLO_STATE_FREE_CITIES_NEUTRAL,,,,,,,,,,,,,,,,,,,,,,,,,,,,,,,,,,,,,,,,,,,,,,,,,,,,,,
44, 62, Threat and Trust,, 19.20:6:0.00, 15.50:8:0.00, 15.20:9:0.00, 10.16:10:0.00, 18.70:7:0.00, 105.45:5:0.00, 106.66:4:0.00, 108.70:3:0.00, 120.95:2:0.00, 137.86:1:0.00,,,,,,,,,,,,,,,,,,,,,,,,,,,,,,,,,,,,,,,,,,,,,,,,,,,,,,
44, 63, ,, 0:, 0:, 0:, 0:, 0:, 0:, 0:, 0:, 0:, 0:, 0:, 0:, 0:, 0:, 0:, 0:, 0:, 0:, 0:, 0:, 0:, 0:,,,,,,,,,,,,,,,,,,,,,,,,,,,,,,,,,,,,,,,,,,
44, 63, Threat and Trust,, 0.00:1:0.00, 0.00:1:0.00, 0.00:1:0.00, 0.00:1:0.00, 0.00:1:0.00, 0.00:1:0.00, 0.00:1:0.00, 0.00:1:0.00, 0.00:1:0.00, 0.00:1:0.00, 0.00:1:0.00, 0.00:1:0.00, 0.00:1:0.00, 0.00:1:0.00, 0.00:1:0.00, 0.00:1:0.00, 0.00:1:0.00, 0.00:1:0.00, 0.00:1:0.00, 0.00:1:0.00, 0.00:1:0.00, 0.00:1:0.00,,,,,,,,,,,,,,,,,,,,,,,,,,,,,,,,,,,,,,,,,,
44, 0, ,,, -14:DIPLO_STATE_ALLIED, 6:DIPLO_STATE_ALLIED, -11:DIPLO_STATE_ALLIED, 43:DIPLO_STATE_ALLIED, 8:DIPLO_STATE_WAR, -5:DIPLO_STATE_WAR, -5:DIPLO_STATE_WAR, -5:DIPLO_STATE_WAR, -11:DIPLO_STATE_WAR, 0:DIPLO_STATE_NO_INFLUENCE, 0:DIPLO_STATE_NO_INFLUENCE, 1:DIPLO_STATE_INFLUENTIAL, 0:DIPLO_STATE_NO_INFLUENCE, 0:DIPLO_STATE_NO_INFLUENCE, 0:DIPLO_STATE_NO_INFLUENCE, 0:DIPLO_STATE_NO_INFLUENCE, 0:DIPLO_STATE_NO_INFLUENCE, 0:DIPLO_STATE_NO_INFLUENCE, 0:DIPLO_STATE_NO_INFLUENCE, 2:DIPLO_STATE_INFLUENTIAL, 1:DIPLO_STATE_INFLUENTIAL,,,,,,,,,,,,,,,,,,,,,,,,,,,,,,,,,,,,,,,,, 0:DIPLO_STATE_FREE_CITIES_NEUTRAL, 0:
44, 0, Threat and Trust,,, 10.16:6:5.00, 10.16:6:4.00, 10.16:6:6.00, 10.16:6:9.00, 92.66:5:-10.00, 93.86:4:-5.00, 95.91:3:0.00, 108.16:2:0.00, 125.05:1:2.00, 0.00:11:0.00, 0.00:11:0.00, 0.00:11:0.00, 0.00:11:0.00, 0.00:11:0.00, 0.00:11:0.00, 0.00:11:0.00, 0.00:11:0.00, 0.00:11:0.00, 0.00:11:0.00, 0.00:11:0.00, 0.00:11:0.00,,,,,,,,,,,,,,,,,,,,,,,,,,,,,,,,,,,,,,,,, 0.00:11:0.00, 0.00:11:0.00
44, 1, ,, 40:DIPLO_STATE_ALLIED,, 29:DIPLO_STATE_ALLIED, 25:DIPLO_STATE_ALLIED, 39:DIPLO_STATE_ALLIED, -5:DIPLO_STATE_WAR, 3:DIPLO_STATE_WAR, 2:DIPLO_STATE_WAR, -4:DIPLO_STATE_WAR, -2:DIPLO_STATE_WAR, 2:DIPLO_STATE_INFLUENTIAL, 0:DIPLO_STATE_NO_INFLUENCE, 1:DIPLO_STATE_INFLUENTIAL, 4:DIPLO_STATE_MAX_INFLUENCE, 0:DIPLO_STATE_NO_INFLUENCE, 1:DIPLO_STATE_INFLUENTIAL, 0:DIPLO_STATE_NO_INFLUENCE, 2:DIPLO_STATE_INFLUENTIAL, 0:DIPLO_STATE_NO_INFLUENCE, 0:DIPLO_STATE_NO_INFLUENCE, 0:DIPLO_STATE_NO_INFLUENCE, 3:DIPLO_STATE_MAX_INFLUENCE,,,,,,,,,,,,,,,,,,,,,,,,,,,,,,,,,,,,,,,,, 0:DIPLO_STATE_FREE_CITIES_NEUTRAL, 0:
44, 1, Threat and Trust,, 17.70:6:4.00,, 10.16:7:2.00, 10.16:7:4.00, 10.16:7:6.00, 100.20:5:-10.00, 101.41:4:-5.00, 103.45:3:0.00, 115.70:2:0.00, 132.61:1:2.00, 0.00:11:0.00, 0.00:11:0.00, 0.00:11:0.00, 0.00:11:0.00, 0.00:11:0.00, 0.00:11:0.00, 0.00:11:0.00, 0.00:11:0.00, 0.00:11:0.00, 0.00:11:0.00, 0.00:11:0.00, 0.00:11:0.00,,,,,,,,,,,,,,,,,,,,,,,,,,,,,,,,,,,,,,,,, 0.00:11:0.00, 0.00:11:0.00
44, 2, ,, 38:DIPLO_STATE_ALLIED, -21:DIPLO_STATE_ALLIED,, 19:DIPLO_STATE_ALLIED, 42:DIPLO_STATE_ALLIED, -1:DIPLO_STATE_WAR, 3:DIPLO_STATE_WAR, 3:DIPLO_STATE_WAR, 17:DIPLO_STATE_WAR, 7:DIPLO_STATE_WAR, 1:DIPLO_STATE_INFLUENTIAL, 0:DIPLO_STATE_NO_INFLUENCE, 0:DIPLO_STATE_NO_INFLUENCE, 0:DIPLO_STATE_NO_INFLUENCE, 0:DIPLO_STATE_NO_INFLUENCE, 3:DIPLO_STATE_MAX_INFLUENCE, 0:DIPLO_STATE_NO_INFLUENCE, 2:DIPLO_STATE_INFLUENTIAL, 0:DIPLO_STATE_NO_INFLUENCE, 0:DIPLO_STATE_NO_INFLUENCE, 0:DIPLO_STATE_NO_INFLUENCE, 0:DIPLO_STATE_NO_INFLUENCE,,,,,,,,,,,,,,,,,,,,,,,,,,,,,,,,,,,,,,,,, 0:DIPLO_STATE_FREE_CITIES_NEUTRAL, 0:
44, 2, Threat and Trust,, 16.00:6:4.00, 10.16:7:2.00,, 10.16:7:4.00, 10.16:7:10.00, 98.50:5:-10.00, 99.70:4:-5.00, 101.75:3:0.00, 114.00:2:0.00, 130.91:1:0.00, 0.00:11:0.00, 0.00:11:0.00, 0.00:11:0.00, 0.00:11:0.00, 0.00:11:0.00, 0.00:11:0.00, 0.00:11:0.00, 0.00:11:0.00, 0.00:11:0.00, 0.00:11:0.00, 0.00:11:0.00, 0.00:11:0.00,,,,,,,,,,,,,,,,,,,,,,,,,,,,,,,,,,,,,,,,, 0.00:11:0.00, 0.00:11:0.00
44, 3, ,, 22:DIPLO_STATE_ALLIED, 18:DIPLO_STATE_ALLIED, 35:DIPLO_STATE_ALLIED,, 24:DIPLO_STATE_ALLIED, -19:DIPLO_STATE_WAR, -5:DIPLO_STATE_WAR, -14:DIPLO_STATE_WAR, 8:DIPLO_STATE_WAR, -6:DIPLO_STATE_WAR, 0:DIPLO_STATE_NO_INFLUENCE, 0:DIPLO_STATE_NO_INFLUENCE, 1:DIPLO_STATE_INFLUENTIAL, 2:DIPLO_STATE_INFLUENTIAL, 0:DIPLO_STATE_NO_INFLUENCE, 2:DIPLO_STATE_INFLUENTIAL, 0:DIPLO_STATE_NO_INFLUENCE, 2:DIPLO_STATE_INFLUENTIAL, 0:DIPLO_STATE_NO_INFLUENCE, 0:DIPLO_STATE_NO_INFLUENCE, 2:DIPLO_STATE_INFLUENTIAL, 0:DIPLO_STATE_NO_INFLUENCE,,,,,,,,,,,,,,,,,,,,,,,,,,,,,,,,,,,,,,,,, 0:DIPLO_STATE_FREE_CITIES_NEUTRAL, 0:
44, 3, Threat and Trust,, 19.11:6:6.00, 10.16:7:4.00, 10.16:7:4.00,, 10.16:7:14.00, 101.61:5:-10.00, 102.80:4:-5.00, 104.86:3:0.00, 117.11:2:0.00, 134.00:1:0.00, 0.00:11:0.00, 0.00:11:0.00, 0.00:11:0.00, 0.00:11:0.00, 0.00:11:0.00, 0.00:11:0.00, 0.00:11:0.00, 0.00:11:0.00, 0.00:11:0.00, 0.00:11:0.00, 0.00:11:0.00, 0.00:11:0.00,,,,,,,,,,,,,,,,,,,,,,,,,,,,,,,,,,,,,,,,, 0.00:11:0.00, 0.00:11:0.00
44, 4, ,, 59:DIPLO_STATE_ALLIED, -9:DIPLO_STATE_ALLIED, 4:DIPLO_STATE_ALLIED, -1:DIPLO_STATE_ALLIED,, 6:DIPLO_STATE_WAR, -7:DIPLO_STATE_WAR, -7:DIPLO_STATE_WAR, 1:DIPLO_STATE_WAR, -7:DIPLO_STATE_WAR, 3:DIPLO_STATE_MAX_INFLUENCE, 0:DIPLO_STATE_NO_INFLUENCE, 1:DIPLO_STATE_INFLUENTIAL, 0:DIPLO_STATE_NO_INFLUENCE, 3:DIPLO_STATE_MAX_INFLUENCE, 1:DIPLO_STATE_INFLUENTIAL, 3:DIPLO_STATE_MAX_INFLUENCE, 1:DIPLO_STATE_INFLUENTIAL, 0:DIPLO_STATE_NO_INFLUENCE, 0:DIPLO_STATE_NO_INFLUENCE, 3:DIPLO_STATE_MAX_INFLUENCE, 2:DIPLO_STATE_INFLUENTIAL,,,,,,,,,,,,,,,,,,,,,,,,,,,,,,,,,,,,,,,,, 0:DIPLO_STATE_FREE_CITIES_NEUTRAL, 0:
44, 4, Threat and Trust,, 10.16:7:8.00, 10.16:7:6.00, 10.16:7:10.00, 10.16:7:14.00,, 95.16:5:-10.00, 96.36:4:-5.00, 98.41:3:2.00, 110.66:2:0.00, 127.55:1:0.00, 0.00:11:0.00, 0.00:11:0.00, 0.00:11:0.00, 0.00:11:0.00, 0.00:11:0.00, 0.00:11:0.00, 0.00:11:0.00, 0.00:11:0.00, 0.00:11:0.00, 0.00:11:0.00, 0.00:11:0.00, 0.00:11:0.00,,,,,,,,,,,,,,,,,,,,,,,,,,,,,,,,,,,,,,,,, 0.00:11:0.00, 0.00:11:0.00
44, 2, ,, 38:DIPLO_STATE_ALLIED, -21:DIPLO_STATE_ALLIED,, 19:DIPLO_STATE_ALLIED, 42:DIPLO_STATE_ALLIED, -1:DIPLO_STATE_WAR, 3:DIPLO_STATE_WAR, 3:DIPLO_STATE_WAR, 17:DIPLO_STATE_WAR, 7:DIPLO_STATE_WAR, 1:DIPLO_STATE_INFLUENTIAL, 0:DIPLO_STATE_NO_INFLUENCE, 0:DIPLO_STATE_NO_INFLUENCE, 0:DIPLO_STATE_NO_INFLUENCE, 0:DIPLO_STATE_NO_INFLUENCE, 3:DIPLO_STATE_MAX_INFLUENCE, 0:DIPLO_STATE_NO_INFLUENCE, 2:DIPLO_STATE_INFLUENTIAL, 0:DIPLO_STATE_NO_INFLUENCE, 0:DIPLO_STATE_NO_INFLUENCE, 0:DIPLO_STATE_NO_INFLUENCE, 0:DIPLO_STATE_NO_INFLUENCE,,,,,,,,,,,,,,,,,,,,,,,,,,,,,,,,,,,,,,,,, 0:DIPLO_STATE_FREE_CITIES_NEUTRAL, 0:
44, 2, Threat and Trust,, 16.00:6:4.00, 10.16:7:2.00,, 10.16:7:4.00, 10.16:7:12.00, 98.50:5:-10.00, 99.70:4:-5.00, 101.75:3:0.00, 114.00:2:0.00, 130.91:1:0.00, 0.00:11:0.00, 0.00:11:0.00, 0.00:11:0.00, 0.00:11:0.00, 0.00:11:0.00, 0.00:11:0.00, 0.00:11:0.00, 0.00:11:0.00, 0.00:11:0.00, 0.00:11:0.00, 0.00:11:0.00, 0.00:11:0.00,,,,,,,,,,,,,,,,,,,,,,,,,,,,,,,,,,,,,,,,, 0.00:11:0.00, 0.00:11:0.00
44, 1, ,, 40:DIPLO_STATE_ALLIED,, 29:DIPLO_STATE_ALLIED, 25:DIPLO_STATE_ALLIED, 39:DIPLO_STATE_ALLIED, -5:DIPLO_STATE_WAR, 3:DIPLO_STATE_WAR, 2:DIPLO_STATE_WAR, -4:DIPLO_STATE_WAR, -2:DIPLO_STATE_WAR, 2:DIPLO_STATE_INFLUENTIAL, 0:DIPLO_STATE_NO_INFLUENCE, 1:DIPLO_STATE_INFLUENTIAL, 4:DIPLO_STATE_MAX_INFLUENCE, 0:DIPLO_STATE_NO_INFLUENCE, 1:DIPLO_STATE_INFLUENTIAL, 0:DIPLO_STATE_NO_INFLUENCE, 2:DIPLO_STATE_MAX_INFLUENCE, 0:DIPLO_STATE_NO_INFLUENCE, 0:DIPLO_STATE_NO_INFLUENCE, 0:DIPLO_STATE_NO_INFLUENCE, 3:DIPLO_STATE_MAX_INFLUENCE,,,,,,,,,,,,,,,,,,,,,,,,,,,,,,,,,,,,,,,,, 0:DIPLO_STATE_FREE_CITIES_NEUTRAL, 0:
44, 1, Threat and Trust,, 17.70:6:4.00,, 10.16:7:2.00, 10.16:7:4.00, 10.16:7:6.00, 100.20:5:-10.00, 101.41:4:-5.00, 103.45:3:0.00, 115.70:2:0.00, 132.61:1:2.00, 0.00:11:0.00, 0.00:11:0.00, 0.00:11:0.00, 0.00:11:0.00, 0.00:11:0.00, 0.00:11:0.00, 0.00:11:0.00, 0.00:11:0.00, 0.00:11:0.00, 0.00:11:0.00, 0.00:11:0.00, 0.00:11:0.00,,,,,,,,,,,,,,,,,,,,,,,,,,,,,,,,,,,,,,,,, 0.00:11:0.00, 0.00:11:0.00
44, 2, ,, 38:DIPLO_STATE_ALLIED, -21:DIPLO_STATE_ALLIED,, 19:DIPLO_STATE_ALLIED, 42:DIPLO_STATE_ALLIED, -1:DIPLO_STATE_WAR, 3:DIPLO_STATE_WAR, 3:DIPLO_STATE_WAR, 17:DIPLO_STATE_WAR, 7:DIPLO_STATE_WAR, 1:DIPLO_STATE_INFLUENTIAL, 0:DIPLO_STATE_NO_INFLUENCE, 0:DIPLO_STATE_NO_INFLUENCE, 0:DIPLO_STATE_NO_INFLUENCE, 0:DIPLO_STATE_NO_INFLUENCE, 3:DIPLO_STATE_MAX_INFLUENCE, 0:DIPLO_STATE_NO_INFLUENCE, 2:DIPLO_STATE_INFLUENTIAL, 0:DIPLO_STATE_NO_INFLUENCE, 0:DIPLO_STATE_NO_INFLUENCE, 0:DIPLO_STATE_NO_INFLUENCE, 0:DIPLO_STATE_NO_INFLUENCE,,,,,,,,,,,,,,,,,,,,,,,,,,,,,,,,,,,,,,,,, 0:DIPLO_STATE_FREE_CITIES_NEUTRAL, 0:
44, 2, Threat and Trust,, 16.00:6:4.00, 10.16:7:2.00,, 10.16:7:4.00, 10.16:7:12.00, 98.50:5:-10.00, 99.70:4:-5.00, 101.75:3:0.00, 114.00:2:0.00, 130.91:1:0.00, 0.00:11:0.00, 0.00:11:0.00, 0.00:11:0.00, 0.00:11:0.00, 0.00:11:0.00, 0.00:11:0.00, 0.00:11:0.00, 0.00:11:0.00, 0.00:11:0.00, 0.00:11:0.00, 0.00:11:0.00, 0.00:11:0.00,,,,,,,,,,,,,,,,,,,,,,,,,,,,,,,,,,,,,,,,, 0.00:11:0.00, 0.00:11:0.00
44, 0, ,,, -14:DIPLO_STATE_ALLIED, 6:DIPLO_STATE_ALLIED, -11:DIPLO_STATE_ALLIED, 43:DIPLO_STATE_ALLIED, 8:DIPLO_STATE_WAR, -5:DIPLO_STATE_WAR, -5:DIPLO_STATE_WAR, -5:DIPLO_STATE_WAR, -11:DIPLO_STATE_WAR, 0:DIPLO_STATE_NO_INFLUENCE, 0:DIPLO_STATE_NO_INFLUENCE, 1:DIPLO_STATE_INFLUENTIAL, 0:DIPLO_STATE_NO_INFLUENCE, 0:DIPLO_STATE_NO_INFLUENCE, 0:DIPLO_STATE_NO_INFLUENCE, 0:DIPLO_STATE_NO_INFLUENCE, 0:DIPLO_STATE_NO_INFLUENCE, 0:DIPLO_STATE_NO_INFLUENCE, 0:DIPLO_STATE_NO_INFLUENCE, 2:DIPLO_STATE_INFLUENTIAL, 1:DIPLO_STATE_INFLUENTIAL,,,,,,,,,,,,,,,,,,,,,,,,,,,,,,,,,,,,,,,,, 0:DIPLO_STATE_FREE_CITIES_NEUTRAL, 0:
44, 0, Threat and Trust,,, 10.16:6:5.00, 10.16:6:4.00, 10.16:6:6.00, 10.16:6:9.00, 92.66:5:-10.00, 93.86:4:-5.00, 95.91:3:0.00, 108.16:2:0.00, 125.05:1:2.00, 0.00:11:0.00, 0.00:11:0.00, 0.00:11:0.00, 0.00:11:0.00, 0.00:11:0.00, 0.00:11:0.00, 0.00:11:0.00, 0.00:11:0.00, 0.00:11:0.00, 0.00:11:0.00, 0.00:11:0.00, 0.00:11:0.00,,,,,,,,,,,,,,,,,,,,,,,,,,,,,,,,,,,,,,,,, 0.00:11:0.00, 0.00:11:0.00
45, 5, ,, -26:DIPLO_STATE_WAR, -46:DIPLO_STATE_WAR, -27:DIPLO_STATE_WAR, -53:DIPLO_STATE_WAR, -16:DIPLO_STATE_WAR,, 8:DIPLO_STATE_ALLIED, 22:DIPLO_STATE_ALLIED, 22:DIPLO_STATE_ALLIED, 22:DIPLO_STATE_ALLIED, 0:DIPLO_STATE_WAR_WITH_MINOR, 0:DIPLO_STATE_WAR_WITH_MINOR,, 0:DIPLO_STATE_WAR_WITH_MINOR, 0:DIPLO_STATE_WAR_WITH_MINOR, 0:DIPLO_STATE_WAR_WITH_MINOR, 0:DIPLO_STATE_WAR_WITH_MINOR, 0:DIPLO_STATE_WAR_WITH_MINOR, 0:DIPLO_STATE_WAR_WITH_MINOR, 0:DIPLO_STATE_WAR_WITH_MINOR, 0:DIPLO_STATE_WAR_WITH_MINOR, 0:DIPLO_STATE_WAR_WITH_MINOR,,,,,,,,,,,,,,,,,,,,,,,,,,,,,,,,,,,,,,,,, 0:DIPLO_STATE_FREE_CITIES_NEUTRAL, 0:
45, 5, Threat and Trust,, 10.16:6:2.00, 10.16:6:1.00, 10.16:6:2.00, 10.16:6:2.00, 10.16:6:6.00,, 60.16:3:-5.00, 60.16:3:1.00, 71.95:2:0.00, 88.86:1:2.00, 0.00:11:0.00, 0.00:11:0.00,, 0.00:11:0.00, 0.00:11:0.00, 0.00:11:0.00, 0.00:11:0.00, 0.00:11:0.00, 0.00:11:0.00, 0.00:11:0.00, 0.00:11:0.00, 0.00:11:0.00,,,,,,,,,,,,,,,,,,,,,,,,,,,,,,,,,,,,,,,,, 0.00:11:0.00, 0.00:11:0.00
45, 6, ,, -73:DIPLO_STATE_WAR, -63:DIPLO_STATE_WAR, -64:DIPLO_STATE_WAR, -74:DIPLO_STATE_WAR, -86:DIPLO_STATE_WAR, -41:DIPLO_STATE_ALLIED,, 11:DIPLO_STATE_ALLIED, 9:DIPLO_STATE_ALLIED, 1:DIPLO_STATE_ALLIED, 0:DIPLO_STATE_WAR_WITH_MINOR, 0:DIPLO_STATE_WAR_WITH_MINOR,, 0:DIPLO_STATE_WAR_WITH_MINOR, 0:DIPLO_STATE_WAR_WITH_MINOR, 0:DIPLO_STATE_WAR_WITH_MINOR, 0:DIPLO_STATE_WAR_WITH_MINOR, 0:DIPLO_STATE_WAR_WITH_MINOR, 0:DIPLO_STATE_WAR_WITH_MINOR, 0:DIPLO_STATE_WAR_WITH_MINOR, 0:DIPLO_STATE_WAR_WITH_MINOR, 0:DIPLO_STATE_WAR_WITH_MINOR,,,,,,,,,,,,,,,,,,,,,,,,,,,,,,,,,,,,,,,,, 0:DIPLO_STATE_FREE_CITIES_NEUTRAL, 0:
45, 6, Threat and Trust,, 10.16:6:2.00, 10.16:6:1.00, 10.16:6:2.00, 10.16:6:2.00, 10.16:6:6.00, 60.16:3:-10.00,, 60.16:3:1.00, 73.80:2:0.00, 90.70:1:2.00, 0.00:11:0.00, 0.00:11:0.00,, 0.00:11:0.00, 0.00:11:0.00, 0.00:11:0.00, 0.00:11:0.00, 0.00:11:0.00, 0.00:11:0.00, 0.00:11:0.00, 0.00:11:0.00, 0.00:11:0.00,,,,,,,,,,,,,,,,,,,,,,,,,,,,,,,,,,,,,,,,, 0.00:11:0.00, 0.00:11:0.00
45, 7, ,, -73:DIPLO_STATE_WAR, -77:DIPLO_STATE_WAR, -85:DIPLO_STATE_WAR, -78:DIPLO_STATE_WAR, -96:DIPLO_STATE_WAR, -35:DIPLO_STATE_ALLIED, -3:DIPLO_STATE_ALLIED,, 3:DIPLO_STATE_ALLIED, 2:DIPLO_STATE_ALLIED, 0:DIPLO_STATE_WAR_WITH_MINOR, 0:DIPLO_STATE_WAR_WITH_MINOR,, 0:DIPLO_STATE_WAR_WITH_MINOR, 0:DIPLO_STATE_WAR_WITH_MINOR, 0:DIPLO_STATE_WAR_WITH_MINOR, 0:DIPLO_STATE_WAR_WITH_MINOR, 0:DIPLO_STATE_WAR_WITH_MINOR, 0:DIPLO_STATE_WAR_WITH_MINOR, 0:DIPLO_STATE_WAR_WITH_MINOR, 0:DIPLO_STATE_WAR_WITH_MINOR, 0:DIPLO_STATE_WAR_WITH_MINOR,,,,,,,,,,,,,,,,,,,,,,,,,,,,,,,,,,,,,,,,, 0:DIPLO_STATE_FREE_CITIES_NEUTRAL, 0:
45, 7, Threat and Trust,, 10.16:6:2.00, 10.16:6:1.00, 10.16:6:1.00, 10.16:6:2.00, 10.16:6:6.00, 60.16:3:-10.00, 60.16:3:-5.00,, 69.00:2:0.00, 85.91:1:2.00, 0.00:11:0.00, 0.00:11:0.00,, 0.00:11:0.00, 0.00:11:0.00, 0.00:11:0.00, 0.00:11:0.00, 0.00:11:0.00, 0.00:11:0.00, 0.00:11:0.00, 0.00:11:0.00, 0.00:11:0.00,,,,,,,,,,,,,,,,,,,,,,,,,,,,,,,,,,,,,,,,, 0.00:11:0.00, 0.00:11:0.00
45, 8, ,, -105:DIPLO_STATE_WAR, -104:DIPLO_STATE_WAR, -76:DIPLO_STATE_WAR, -83:DIPLO_STATE_WAR, -96:DIPLO_STATE_WAR, -37:DIPLO_STATE_ALLIED, -16:DIPLO_STATE_ALLIED, -12:DIPLO_STATE_ALLIED,, 23:DIPLO_STATE_ALLIED, 0:DIPLO_STATE_WAR_WITH_MINOR, 0:DIPLO_STATE_WAR_WITH_MINOR,, 0:DIPLO_STATE_WAR_WITH_MINOR, 0:DIPLO_STATE_WAR_WITH_MINOR, 0:DIPLO_STATE_WAR_WITH_MINOR, 0:DIPLO_STATE_WAR_WITH_MINOR, 0:DIPLO_STATE_WAR_WITH_MINOR, 0:DIPLO_STATE_WAR_WITH_MINOR, 0:DIPLO_STATE_WAR_WITH_MINOR, 0:DIPLO_STATE_WAR_WITH_MINOR, 0:DIPLO_STATE_WAR_WITH_MINOR,,,,,,,,,,,,,,,,,,,,,,,,,,,,,,,,,,,,,,,,, 0:DIPLO_STATE_FREE_CITIES_NEUTRAL, 0:
45, 8, Threat and Trust,, 10.16:6:2.00, 10.16:6:1.00, 10.16:6:2.00, 10.16:6:2.00, 10.16:6:6.00, 60.16:2:-10.00, 60.16:2:-5.00, 60.16:2:1.00,, 108.70:1:2.00, 0.00:11:0.00, 0.00:11:0.00,, 0.00:11:0.00, 0.00:11:0.00, 0.00:11:0.00, 0.00:11:0.00, 0.00:11:0.00, 0.00:11:0.00, 0.00:11:0.00, 0.00:11:0.00, 0.00:11:0.00,,,,,,,,,,,,,,,,,,,,,,,,,,,,,,,,,,,,,,,,, 0.00:11:0.00, 0.00:11:0.00
45, 9, ,, -88:DIPLO_STATE_WAR, -85:DIPLO_STATE_WAR, -59:DIPLO_STATE_WAR, -73:DIPLO_STATE_WAR, -70:DIPLO_STATE_WAR, -46:DIPLO_STATE_ALLIED, 2:DIPLO_STATE_ALLIED, -13:DIPLO_STATE_ALLIED, 3:DIPLO_STATE_ALLIED,, 0:DIPLO_STATE_WAR_WITH_MINOR, 0:DIPLO_STATE_WAR_WITH_MINOR,, 0:DIPLO_STATE_WAR_WITH_MINOR, 0:DIPLO_STATE_WAR_WITH_MINOR, 0:DIPLO_STATE_WAR_WITH_MINOR, 0:DIPLO_STATE_WAR_WITH_MINOR, 0:DIPLO_STATE_WAR_WITH_MINOR, 0:DIPLO_STATE_WAR_WITH_MINOR, 0:DIPLO_STATE_WAR_WITH_MINOR, 0:DIPLO_STATE_WAR_WITH_MINOR, 0:DIPLO_STATE_WAR_WITH_MINOR,,,,,,,,,,,,,,,,,,,,,,,,,,,,,,,,,,,,,,,,, 0:DIPLO_STATE_FREE_CITIES_NEUTRAL, 0:
45, 9, Threat and Trust,, 10.16:6:2.00, 10.16:6:2.00, 10.16:6:0.00, 10.16:6:0.00, 10.16:6:1.00, 60.16:1:-10.00, 60.16:1:-5.00, 60.16:1:1.00, 60.16:1:0.00,, 0.00:11:0.00, 0.00:11:0.00,, 0.00:11:0.00, 0.00:11:0.00, 0.00:11:0.00, 0.00:11:0.00, 0.00:11:0.00, 0.00:11:0.00, 0.00:11:0.00, 0.00:11:0.00, 0.00:11:0.00,,,,,,,,,,,,,,,,,,,,,,,,,,,,,,,,,,,,,,,,, 0.00:11:0.00, 0.00:11:0.00
45, 10, ,, 0:DIPLO_STATE_AWARE, 2:DIPLO_STATE_PATRON, 1:DIPLO_STATE_PATRON, 0:DIPLO_STATE_AWARE, 3:DIPLO_STATE_PATRON, 0:DIPLO_STATE_WAR_WITH_MAJOR, 0:DIPLO_STATE_WAR_WITH_MAJOR, 0:DIPLO_STATE_WAR_WITH_MAJOR, 0:DIPLO_STATE_WAR_WITH_MAJOR, 0:DIPLO_STATE_WAR_WITH_MAJOR,,,,, 0:DIPLO_STATE_MINOR_MINOR,,,,,,,,,,,,,,,,,,,,,,,,,,,,,,,,,,,,,,,,,,,,,,,,, 0:
45, 10, Threat and Trust,, 10.16:6:0.00, 10.16:6:0.00, 10.16:6:0.00, 10.16:6:0.00, 10.16:6:0.00, 98.16:4:0.00, 96.30:5:0.00, 101.11:3:0.00, 113.50:2:0.00, 126.36:1:0.00,,,,, 0.00:11:0.00,,,,,,,,,,,,,,,,,,,,,,,,,,,,,,,,,,,,,,,,,,,,,,,,, 0.00:11:0.00
45, 12, ,, 1:DIPLO_STATE_PATRON, 1:DIPLO_STATE_PATRON, 0:DIPLO_STATE_AWARE, 1:DIPLO_STATE_PATRON, 1:DIPLO_STATE_PATRON,,,,,,,,,,,,, 0:DIPLO_STATE_MINOR_MINOR,,,, 0:DIPLO_STATE_MINOR_MINOR,,,,,,,,,,,,,,,,,,,,,,,,,,,,,,,,,,,,,,,,,, 0:
45, 12, Threat and Trust,, 10.16:1:0.00, 10.16:1:0.00, 10.16:1:0.00, 10.16:1:0.00, 10.16:1:0.00,,,,,,,,,,,,, 0.00:6:0.00,,,, 0.00:6:0.00,,,,,,,,,,,,,,,,,,,,,,,,,,,,,,,,,,,,,,,,,, 0.00:6:0.00
45, 13, ,, 0:DIPLO_STATE_AWARE, 4:DIPLO_STATE_PATRON, 0:DIPLO_STATE_AWARE, 2:DIPLO_STATE_PATRON, 0:DIPLO_STATE_AWARE, 0:DIPLO_STATE_WAR_WITH_MAJOR, 0:DIPLO_STATE_WAR_WITH_MAJOR, 0:DIPLO_STATE_WAR_WITH_MAJOR, 0:DIPLO_STATE_WAR_WITH_MAJOR, 0:DIPLO_STATE_WAR_WITH_MAJOR,,,,, 0:DIPLO_STATE_MINOR_MINOR,, 0:DIPLO_STATE_MINOR_MINOR,,,,,,,,,,,,,,,,,,,,,,,,,,,,,,,,,,,,,,,,,,,,,,, 0:
45, 13, Threat and Trust,, 16.00:6:0.00, 10.16:7:0.00, 10.16:7:0.00, 10.16:7:0.00, 10.16:7:0.00, 102.20:4:0.00, 100.36:5:0.00, 105.16:3:0.00, 117.55:2:0.00, 130.41:1:0.00,,,,, 0.00:11:0.00,, 0.00:11:0.00,,,,,,,,,,,,,,,,,,,,,,,,,,,,,,,,,,,,,,,,,,,,,,, 0.00:11:0.00
45, 14, ,, 0:DIPLO_STATE_AWARE, 0:DIPLO_STATE_AWARE, 0:DIPLO_STATE_AWARE, 0:DIPLO_STATE_AWARE, 3:DIPLO_STATE_PATRON, 0:DIPLO_STATE_WAR_WITH_MAJOR, 0:DIPLO_STATE_WAR_WITH_MAJOR, 0:DIPLO_STATE_WAR_WITH_MAJOR, 0:DIPLO_STATE_WAR_WITH_MAJOR, 0:DIPLO_STATE_WAR_WITH_MAJOR, 0:DIPLO_STATE_MINOR_MINOR, 0:DIPLO_STATE_MINOR_MINOR,, 0:DIPLO_STATE_MINOR_MINOR,, 0:DIPLO_STATE_MINOR_MINOR, 0:DIPLO_STATE_MINOR_MINOR,,, 0:DIPLO_STATE_MINOR_MINOR, 0:DIPLO_STATE_MINOR_MINOR, 0:DIPLO_STATE_MINOR_MINOR,,,,,,,,,,,,,,,,,,,,,,,,,,,,,,,,,,,,,,,,,, 0:
45, 14, Threat and Trust,, 17.86:6:0.00, 10.16:8:0.00, 10.16:8:0.00, 10.16:8:0.00, 15.36:7:0.00, 104.05:4:0.00, 102.20:5:0.00, 107.00:3:0.00, 119.41:2:0.00, 132.25:1:0.00, 0.00:11:0.00, 0.00:11:0.00,, 0.00:11:0.00,, 0.00:11:0.00, 0.00:11:0.00,,, 0.00:11:0.00, 0.00:11:0.00, 0.00:11:0.00,,,,,,,,,,,,,,,,,,,,,,,,,,,,,,,,,,,,,,,,,, 0.00:11:0.00
45, 15, ,, 0:DIPLO_STATE_AWARE, 1:DIPLO_STATE_PATRON, 3:DIPLO_STATE_PATRON, 2:DIPLO_STATE_PATRON, 1:DIPLO_STATE_PATRON, 0:DIPLO_STATE_WAR_WITH_MAJOR, 0:DIPLO_STATE_WAR_WITH_MAJOR, 0:DIPLO_STATE_WAR_WITH_MAJOR, 0:DIPLO_STATE_WAR_WITH_MAJOR, 0:DIPLO_STATE_WAR_WITH_MAJOR,,,,, 0:DIPLO_STATE_MINOR_MINOR,, 0:DIPLO_STATE_MINOR_MINOR,,,, 0:DIPLO_STATE_MINOR_MINOR,,,,,,,,,,,,,,,,,,,,,,,,,,,,,,,,,,,,,,,,,,, 0:
45, 15, Threat and Trust,, 10.16:6:0.00, 10.16:6:0.00, 10.16:6:0.00, 10.16:6:0.00, 10.16:6:0.00, 99.30:4:0.00, 97.45:5:0.00, 102.25:3:0.00, 114.66:2:0.00, 127.50:1:0.00,,,,, 0.00:11:0.00,, 0.00:11:0.00,,,, 0.00:11:0.00,,,,,,,,,,,,,,,,,,,,,,,,,,,,,,,,,,,,,,,,,,, 0.00:11:0.00
45, 16, ,, 0:DIPLO_STATE_AWARE, 0:DIPLO_STATE_AWARE, 0:DIPLO_STATE_AWARE, 0:DIPLO_STATE_AWARE, 3:DIPLO_STATE_PATRON, 0:DIPLO_STATE_WAR_WITH_MAJOR, 0:DIPLO_STATE_WAR_WITH_MAJOR, 0:DIPLO_STATE_WAR_WITH_MAJOR, 0:DIPLO_STATE_WAR_WITH_MAJOR, 0:DIPLO_STATE_WAR_WITH_MAJOR,, 0:DIPLO_STATE_MINOR_MINOR_WAR,, 0:DIPLO_STATE_MINOR_MINOR, 0:DIPLO_STATE_MINOR_MINOR, 0:DIPLO_STATE_MINOR_MINOR,,, 0:DIPLO_STATE_MINOR_MINOR, 0:DIPLO_STATE_MINOR_MINOR_WAR, 0:DIPLO_STATE_MINOR_MINOR, 0:DIPLO_STATE_MINOR_MINOR,,,,,,,,,,,,,,,,,,,,,,,,,,,,,,,,,,,,,,,,,, 0:
45, 16, Threat and Trust,, 20.30:6:0.00, 10.16:8:0.00, 10.16:8:0.00, 10.16:8:0.00, 17.80:7:0.00, 106.50:4:0.00, 104.66:5:0.00, 109.45:3:0.00, 172.45:1:0.00, 134.70:2:0.00,, 0.00:11:0.00,, 0.00:11:0.00, 0.00:11:0.00, 0.00:11:0.00,,, 0.00:11:0.00, 0.00:11:0.00, 0.00:11:0.00, 0.00:11:0.00,,,,,,,,,,,,,,,,,,,,,,,,,,,,,,,,,,,,,,,,,, 0.00:11:0.00
45, 17, ,, 0:DIPLO_STATE_AWARE, 3:DIPLO_STATE_PATRON, 2:DIPLO_STATE_PATRON, 2:DIPLO_STATE_PATRON, 1:DIPLO_STATE_PATRON, 0:DIPLO_STATE_WAR_WITH_MAJOR, 0:DIPLO_STATE_WAR_WITH_MAJOR, 0:DIPLO_STATE_WAR_WITH_MAJOR, 0:DIPLO_STATE_WAR_WITH_MAJOR, 0:DIPLO_STATE_WAR_WITH_MAJOR,,, 0:DIPLO_STATE_MINOR_MINOR,,,,,,,,, 0:DIPLO_STATE_MINOR_MINOR,,,,,,,,,,,,,,,,,,,,,,,,,,,,,,,,,,,,,,,,,, 0:
45, 17, Threat and Trust,, 10.16:6:0.00, 10.16:6:0.00, 10.16:6:0.00, 10.16:6:0.00, 10.16:6:0.00, 38.50:4:0.00, 36.65:5:0.00, 41.45:3:0.00, 53.85:2:0.00, 66.70:1:0.00,,, 0.00:11:0.00,,,,,,,,, 0.00:11:0.00,,,,,,,,,,,,,,,,,,,,,,,,,,,,,,,,,,,,,,,,,, 0.00:11:0.00
45, 20, ,, 2:DIPLO_STATE_PATRON, 0:DIPLO_STATE_AWARE, 0:DIPLO_STATE_AWARE, 2:DIPLO_STATE_PATRON, 3:DIPLO_STATE_PATRON, 0:DIPLO_STATE_WAR_WITH_MAJOR, 0:DIPLO_STATE_WAR_WITH_MAJOR, 0:DIPLO_STATE_WAR_WITH_MAJOR, 0:DIPLO_STATE_WAR_WITH_MAJOR, 0:DIPLO_STATE_WAR_WITH_MAJOR,, 0:DIPLO_STATE_MINOR_MINOR,,, 0:DIPLO_STATE_MINOR_MINOR, 0:DIPLO_STATE_MINOR_MINOR, 0:DIPLO_STATE_MINOR_MINOR,,,,,,,,,,,,,,,,,,,,,,,,,,,,,,,,,,,,,,,,,,,,,,, 0:
45, 20, Threat and Trust,, 10.16:6:0.00, 10.16:6:0.00, 10.16:6:0.00, 10.16:6:0.00, 10.16:6:0.00, 99.25:4:0.00, 97.41:5:0.00, 102.20:3:0.00, 114.61:2:0.00, 127.45:1:0.00,, 0.00:11:0.00,,, 0.00:11:0.00, 0.00:11:0.00, 0.00:11:0.00,,,,,,,,,,,,,,,,,,,,,,,,,,,,,,,,,,,,,,,,,,,,,,, 0.00:11:0.00
45, 21, ,, 1:DIPLO_STATE_PATRON, 3:DIPLO_STATE_PATRON, 0:DIPLO_STATE_AWARE, 0:DIPLO_STATE_AWARE, 2:DIPLO_STATE_PATRON, 0:DIPLO_STATE_WAR_WITH_MAJOR, 0:DIPLO_STATE_WAR_WITH_MAJOR, 0:DIPLO_STATE_WAR_WITH_MAJOR, 0:DIPLO_STATE_WAR_WITH_MAJOR, 0:DIPLO_STATE_WAR_WITH_MAJOR,,, 0:DIPLO_STATE_MINOR_MINOR,, 0:DIPLO_STATE_MINOR_MINOR,, 0:DIPLO_STATE_MINOR_MINOR, 0:DIPLO_STATE_MINOR_MINOR,,,,,,,,,,,,,,,,,,,,,,,,,,,,,,,,,,,,,,,,,,,,,, 0:
45, 21, Threat and Trust,, 10.16:6:0.00, 10.16:6:0.00, 10.16:6:0.00, 10.16:6:0.00, 10.16:6:0.00, 94.80:4:0.00, 92.95:5:0.00, 97.75:3:0.00, 110.16:2:0.00, 123.00:1:0.00,,, 0.00:11:0.00,, 0.00:11:0.00,, 0.00:11:0.00, 0.00:11:0.00,,,,,,,,,,,,,,,,,,,,,,,,,,,,,,,,,,,,,,,,,,,,,, 0.00:11:0.00
45, 62, ,, 0:DIPLO_STATE_FREE_CITIES_NEUTRAL, 0:DIPLO_STATE_FREE_CITIES_NEUTRAL, 0:DIPLO_STATE_FREE_CITIES_NEUTRAL, 0:DIPLO_STATE_FREE_CITIES_NEUTRAL, 0:DIPLO_STATE_FREE_CITIES_NEUTRAL, 0:DIPLO_STATE_FREE_CITIES_NEUTRAL, 0:DIPLO_STATE_FREE_CITIES_NEUTRAL, 0:DIPLO_STATE_FREE_CITIES_NEUTRAL, 0:DIPLO_STATE_FREE_CITIES_NEUTRAL, 0:DIPLO_STATE_FREE_CITIES_NEUTRAL,,,,,,,,,,,,,,,,,,,,,,,,,,,,,,,,,,,,,,,,,,,,,,,,,,,,,,
45, 62, Threat and Trust,, 22.95:6:0.00, 15.41:9:0.00, 17.11:8:0.00, 10.16:10:0.00, 20.45:7:0.00, 109.16:4:0.00, 107.30:5:0.00, 112.11:3:0.00, 124.50:2:0.00, 137.36:1:0.00,,,,,,,,,,,,,,,,,,,,,,,,,,,,,,,,,,,,,,,,,,,,,,,,,,,,,,
45, 63, ,, 0:, 0:, 0:, 0:, 0:, 0:, 0:, 0:, 0:, 0:, 0:, 0:, 0:, 0:, 0:, 0:, 0:, 0:, 0:, 0:, 0:, 0:,,,,,,,,,,,,,,,,,,,,,,,,,,,,,,,,,,,,,,,,,,
45, 63, Threat and Trust,, 0.00:1:0.00, 0.00:1:0.00, 0.00:1:0.00, 0.00:1:0.00, 0.00:1:0.00, 0.00:1:0.00, 0.00:1:0.00, 0.00:1:0.00, 0.00:1:0.00, 0.00:1:0.00, 0.00:1:0.00, 0.00:1:0.00, 0.00:1:0.00, 0.00:1:0.00, 0.00:1:0.00, 0.00:1:0.00, 0.00:1:0.00, 0.00:1:0.00, 0.00:1:0.00, 0.00:1:0.00, 0.00:1:0.00, 0.00:1:0.00,,,,,,,,,,,,,,,,,,,,,,,,,,,,,,,,,,,,,,,,,,
45, 0, ,,, -8:DIPLO_STATE_ALLIED, 6:DIPLO_STATE_ALLIED, -5:DIPLO_STATE_ALLIED, 51:DIPLO_STATE_ALLIED, 8:DIPLO_STATE_WAR, -5:DIPLO_STATE_WAR, -5:DIPLO_STATE_WAR, -5:DIPLO_STATE_WAR, -11:DIPLO_STATE_WAR, 0:DIPLO_STATE_NO_INFLUENCE, 0:DIPLO_STATE_NO_INFLUENCE, 1:DIPLO_STATE_INFLUENTIAL, 0:DIPLO_STATE_NO_INFLUENCE, 0:DIPLO_STATE_NO_INFLUENCE, 0:DIPLO_STATE_NO_INFLUENCE, 0:DIPLO_STATE_NO_INFLUENCE, 0:DIPLO_STATE_NO_INFLUENCE, 0:DIPLO_STATE_NO_INFLUENCE, 0:DIPLO_STATE_NO_INFLUENCE, 2:DIPLO_STATE_INFLUENTIAL, 1:DIPLO_STATE_INFLUENTIAL,,,,,,,,,,,,,,,,,,,,,,,,,,,,,,,,,,,,,,,,, 0:DIPLO_STATE_FREE_CITIES_NEUTRAL, 0:
45, 0, Threat and Trust,,, 10.16:6:5.00, 10.16:6:5.00, 10.16:6:6.00, 10.16:6:10.00, 96.75:4:-10.00, 94.91:5:-5.00, 99.70:3:0.00, 112.11:2:0.00, 124.95:1:2.00, 0.00:11:0.00, 0.00:11:0.00, 0.00:11:0.00, 0.00:11:0.00, 0.00:11:0.00, 0.00:11:0.00, 0.00:11:0.00, 0.00:11:0.00, 0.00:11:0.00, 0.00:11:0.00, 0.00:11:0.00, 0.00:11:0.00,,,,,,,,,,,,,,,,,,,,,,,,,,,,,,,,,,,,,,,,, 0.00:11:0.00, 0.00:11:0.00
45, 1, ,, 40:DIPLO_STATE_ALLIED,, 27:DIPLO_STATE_ALLIED, 24:DIPLO_STATE_ALLIED, 38:DIPLO_STATE_ALLIED, -5:DIPLO_STATE_WAR, 3:DIPLO_STATE_WAR, 2:DIPLO_STATE_WAR, -4:DIPLO_STATE_WAR, -9:DIPLO_STATE_WAR, 2:DIPLO_STATE_INFLUENTIAL, 0:DIPLO_STATE_NO_INFLUENCE, 1:DIPLO_STATE_INFLUENTIAL, 4:DIPLO_STATE_MAX_INFLUENCE, 0:DIPLO_STATE_NO_INFLUENCE, 1:DIPLO_STATE_INFLUENTIAL, 0:DIPLO_STATE_NO_INFLUENCE, 3:DIPLO_STATE_MAX_INFLUENCE, 0:DIPLO_STATE_NO_INFLUENCE, 0:DIPLO_STATE_NO_INFLUENCE, 0:DIPLO_STATE_NO_INFLUENCE, 3:DIPLO_STATE_MAX_INFLUENCE,,,,,,,,,,,,,,,,,,,,,,,,,,,,,,,,,,,,,,,,, 0:DIPLO_STATE_FREE_CITIES_NEUTRAL, 0:
45, 1, Threat and Trust,, 16.86:6:4.00,, 10.16:7:2.00, 10.16:7:4.00, 10.16:7:6.00, 103.45:4:-10.00, 101.61:5:-5.00, 106.41:3:0.00, 118.80:2:0.00, 131.66:1:2.00, 0.00:11:0.00, 0.00:11:0.00, 0.00:11:0.00, 0.00:11:0.00, 0.00:11:0.00, 0.00:11:0.00, 0.00:11:0.00, 0.00:11:0.00, 0.00:11:0.00, 0.00:11:0.00, 0.00:11:0.00, 0.00:11:0.00,,,,,,,,,,,,,,,,,,,,,,,,,,,,,,,,,,,,,,,,, 0.00:11:0.00, 0.00:11:0.00
45, 2, ,, 39:DIPLO_STATE_ALLIED, -21:DIPLO_STATE_ALLIED,, 20:DIPLO_STATE_ALLIED, 48:DIPLO_STATE_ALLIED, -1:DIPLO_STATE_WAR, 3:DIPLO_STATE_WAR, 3:DIPLO_STATE_WAR, 17:DIPLO_STATE_WAR, 12:DIPLO_STATE_WAR, 1:DIPLO_STATE_INFLUENTIAL, 0:DIPLO_STATE_NO_INFLUENCE, 0:DIPLO_STATE_NO_INFLUENCE, 0:DIPLO_STATE_NO_INFLUENCE, 0:DIPLO_STATE_NO_INFLUENCE, 3:DIPLO_STATE_MAX_INFLUENCE, 0:DIPLO_STATE_NO_INFLUENCE, 2:DIPLO_STATE_INFLUENTIAL, 0:DIPLO_STATE_NO_INFLUENCE, 0:DIPLO_STATE_NO_INFLUENCE, 0:DIPLO_STATE_NO_INFLUENCE, 0:DIPLO_STATE_NO_INFLUENCE,,,,,,,,,,,,,,,,,,,,,,,,,,,,,,,,,,,,,,,,, 0:DIPLO_STATE_FREE_CITIES_NEUTRAL, 0:
45, 2, Threat and Trust,, 15.41:6:4.00, 10.16:7:2.00,, 10.16:7:4.00, 10.16:7:12.00, 102.00:4:-10.00, 100.16:5:-5.00, 104.95:3:0.00, 117.36:2:0.00, 130.20:1:0.00, 0.00:11:0.00, 0.00:11:0.00, 0.00:11:0.00, 0.00:11:0.00, 0.00:11:0.00, 0.00:11:0.00, 0.00:11:0.00, 0.00:11:0.00, 0.00:11:0.00, 0.00:11:0.00, 0.00:11:0.00, 0.00:11:0.00,,,,,,,,,,,,,,,,,,,,,,,,,,,,,,,,,,,,,,,,, 0.00:11:0.00, 0.00:11:0.00
45, 3, ,, 22:DIPLO_STATE_ALLIED, 17:DIPLO_STATE_ALLIED, 27:DIPLO_STATE_ALLIED,, 31:DIPLO_STATE_ALLIED, -19:DIPLO_STATE_WAR, -5:DIPLO_STATE_WAR, -14:DIPLO_STATE_WAR, 8:DIPLO_STATE_WAR, -6:DIPLO_STATE_WAR, 0:DIPLO_STATE_NO_INFLUENCE, 0:DIPLO_STATE_NO_INFLUENCE, 1:DIPLO_STATE_INFLUENTIAL, 2:DIPLO_STATE_INFLUENTIAL, 0:DIPLO_STATE_NO_INFLUENCE, 2:DIPLO_STATE_INFLUENTIAL, 0:DIPLO_STATE_NO_INFLUENCE, 2:DIPLO_STATE_INFLUENTIAL, 0:DIPLO_STATE_NO_INFLUENCE, 0:DIPLO_STATE_NO_INFLUENCE, 2:DIPLO_STATE_INFLUENTIAL, 0:DIPLO_STATE_NO_INFLUENCE,,,,,,,,,,,,,,,,,,,,,,,,,,,,,,,,,,,,,,,,, 0:DIPLO_STATE_FREE_CITIES_NEUTRAL, 0:
45, 3, Threat and Trust,, 19.16:7:6.00, 10.16:8:4.00, 10.16:8:4.00,, 45.45:6:14.00, 105.75:4:-10.00, 103.91:5:-5.00, 108.70:3:0.00, 121.11:2:0.00, 133.95:1:0.00, 0.00:11:0.00, 0.00:11:0.00, 0.00:11:0.00, 0.00:11:0.00, 0.00:11:0.00, 0.00:11:0.00, 0.00:11:0.00, 0.00:11:0.00, 0.00:11:0.00, 0.00:11:0.00, 0.00:11:0.00, 0.00:11:0.00,,,,,,,,,,,,,,,,,,,,,,,,,,,,,,,,,,,,,,,,, 0.00:11:0.00, 0.00:11:0.00
45, 4, ,, 58:DIPLO_STATE_ALLIED, -10:DIPLO_STATE_ALLIED, 8:DIPLO_STATE_ALLIED, -2:DIPLO_STATE_ALLIED,, 6:DIPLO_STATE_WAR, -7:DIPLO_STATE_WAR, -7:DIPLO_STATE_WAR, 1:DIPLO_STATE_WAR, -7:DIPLO_STATE_WAR, 3:DIPLO_STATE_MAX_INFLUENCE, 0:DIPLO_STATE_NO_INFLUENCE, 1:DIPLO_STATE_INFLUENTIAL, 0:DIPLO_STATE_NO_INFLUENCE, 3:DIPLO_STATE_MAX_INFLUENCE, 1:DIPLO_STATE_INFLUENTIAL, 3:DIPLO_STATE_MAX_INFLUENCE, 1:DIPLO_STATE_INFLUENTIAL, 0:DIPLO_STATE_NO_INFLUENCE, 0:DIPLO_STATE_NO_INFLUENCE, 3:DIPLO_STATE_MAX_INFLUENCE, 2:DIPLO_STATE_INFLUENTIAL,,,,,,,,,,,,,,,,,,,,,,,,,,,,,,,,,,,,,,,,, 0:DIPLO_STATE_FREE_CITIES_NEUTRAL, 0:
45, 4, Threat and Trust,, 10.16:7:8.00, 10.16:7:6.00, 10.16:7:12.00, 10.16:7:14.00,, 99.05:4:-10.00, 97.20:5:-5.00, 102.00:3:2.00, 114.41:2:0.00, 127.25:1:0.00, 0.00:11:0.00, 0.00:11:0.00, 0.00:11:0.00, 0.00:11:0.00, 0.00:11:0.00, 0.00:11:0.00, 0.00:11:0.00, 0.00:11:0.00, 0.00:11:0.00, 0.00:11:0.00, 0.00:11:0.00, 0.00:11:0.00,,,,,,,,,,,,,,,,,,,,,,,,,,,,,,,,,,,,,,,,, 0.00:11:0.00, 0.00:11:0.00
45, 2, ,, 39:DIPLO_STATE_ALLIED, -21:DIPLO_STATE_ALLIED,, 20:DIPLO_STATE_ALLIED, 48:DIPLO_STATE_ALLIED, -1:DIPLO_STATE_WAR, 3:DIPLO_STATE_WAR, 3:DIPLO_STATE_WAR, 17:DIPLO_STATE_WAR, 12:DIPLO_STATE_WAR, 1:DIPLO_STATE_INFLUENTIAL, 0:DIPLO_STATE_NO_INFLUENCE, 0:DIPLO_STATE_NO_INFLUENCE, 0:DIPLO_STATE_NO_INFLUENCE, 0:DIPLO_STATE_NO_INFLUENCE, 3:DIPLO_STATE_MAX_INFLUENCE, 0:DIPLO_STATE_NO_INFLUENCE, 2:DIPLO_STATE_INFLUENTIAL, 0:DIPLO_STATE_NO_INFLUENCE, 0:DIPLO_STATE_NO_INFLUENCE, 0:DIPLO_STATE_NO_INFLUENCE, 0:DIPLO_STATE_NO_INFLUENCE,,,,,,,,,,,,,,,,,,,,,,,,,,,,,,,,,,,,,,,,, 0:DIPLO_STATE_FREE_CITIES_NEUTRAL, 0:
45, 2, Threat and Trust,, 15.41:6:4.00, 10.16:7:2.00,, 10.16:7:4.00, 10.16:7:12.00, 102.00:4:-10.00, 100.16:5:-5.00, 104.95:3:0.00, 117.36:2:0.00, 130.20:1:0.00, 0.00:11:0.00, 0.00:11:0.00, 0.00:11:0.00, 0.00:11:0.00, 0.00:11:0.00, 0.00:11:0.00, 0.00:11:0.00, 0.00:11:0.00, 0.00:11:0.00, 0.00:11:0.00, 0.00:11:0.00, 0.00:11:0.00,,,,,,,,,,,,,,,,,,,,,,,,,,,,,,,,,,,,,,,,, 0.00:11:0.00, 0.00:11:0.00
45, 2, ,, 39:DIPLO_STATE_ALLIED, -21:DIPLO_STATE_ALLIED,, 20:DIPLO_STATE_ALLIED, 48:DIPLO_STATE_ALLIED, -1:DIPLO_STATE_WAR, 3:DIPLO_STATE_WAR, 3:DIPLO_STATE_WAR, 17:DIPLO_STATE_WAR, 12:DIPLO_STATE_WAR, 1:DIPLO_STATE_INFLUENTIAL, 0:DIPLO_STATE_NO_INFLUENCE, 0:DIPLO_STATE_NO_INFLUENCE, 0:DIPLO_STATE_NO_INFLUENCE, 0:DIPLO_STATE_NO_INFLUENCE, 3:DIPLO_STATE_MAX_INFLUENCE, 0:DIPLO_STATE_NO_INFLUENCE, 2:DIPLO_STATE_INFLUENTIAL, 0:DIPLO_STATE_NO_INFLUENCE, 0:DIPLO_STATE_NO_INFLUENCE, 0:DIPLO_STATE_NO_INFLUENCE, 0:DIPLO_STATE_NO_INFLUENCE,,,,,,,,,,,,,,,,,,,,,,,,,,,,,,,,,,,,,,,,, 0:DIPLO_STATE_FREE_CITIES_NEUTRAL, 0:
45, 2, Threat and Trust,, 15.41:6:4.00, 10.16:7:2.00,, 10.16:7:4.00, 10.16:7:12.00, 102.00:4:-10.00, 100.16:5:-5.00, 104.95:3:0.00, 117.36:2:0.00, 130.20:1:0.00, 0.00:11:0.00, 0.00:11:0.00, 0.00:11:0.00, 0.00:11:0.00, 0.00:11:0.00, 0.00:11:0.00, 0.00:11:0.00, 0.00:11:0.00, 0.00:11:0.00, 0.00:11:0.00, 0.00:11:0.00, 0.00:11:0.00,,,,,,,,,,,,,,,,,,,,,,,,,,,,,,,,,,,,,,,,, 0.00:11:0.00, 0.00:11:0.00
45, 2, ,, 39:DIPLO_STATE_ALLIED, -21:DIPLO_STATE_ALLIED,, 20:DIPLO_STATE_ALLIED, 48:DIPLO_STATE_ALLIED, -1:DIPLO_STATE_WAR, 3:DIPLO_STATE_WAR, 3:DIPLO_STATE_WAR, 17:DIPLO_STATE_WAR, 12:DIPLO_STATE_WAR, 1:DIPLO_STATE_INFLUENTIAL, 0:DIPLO_STATE_NO_INFLUENCE, 0:DIPLO_STATE_NO_INFLUENCE, 0:DIPLO_STATE_NO_INFLUENCE, 0:DIPLO_STATE_NO_INFLUENCE, 3:DIPLO_STATE_MAX_INFLUENCE, 0:DIPLO_STATE_NO_INFLUENCE, 2:DIPLO_STATE_INFLUENTIAL, 0:DIPLO_STATE_NO_INFLUENCE, 0:DIPLO_STATE_NO_INFLUENCE, 0:DIPLO_STATE_NO_INFLUENCE, 0:DIPLO_STATE_NO_INFLUENCE,,,,,,,,,,,,,,,,,,,,,,,,,,,,,,,,,,,,,,,,, 0:DIPLO_STATE_FREE_CITIES_NEUTRAL, 0:
45, 2, Threat and Trust,, 15.41:6:4.00, 10.16:7:2.00,, 10.16:7:4.00, 10.16:7:12.00, 102.00:4:-10.00, 100.16:5:-5.00, 104.95:3:0.00, 117.36:2:0.00, 130.20:1:0.00, 0.00:11:0.00, 0.00:11:0.00, 0.00:11:0.00, 0.00:11:0.00, 0.00:11:0.00, 0.00:11:0.00, 0.00:11:0.00, 0.00:11:0.00, 0.00:11:0.00, 0.00:11:0.00, 0.00:11:0.00, 0.00:11:0.00,,,,,,,,,,,,,,,,,,,,,,,,,,,,,,,,,,,,,,,,, 0.00:11:0.00, 0.00:11:0.00
45, 1, ,, 40:DIPLO_STATE_ALLIED,, 27:DIPLO_STATE_ALLIED, 24:DIPLO_STATE_ALLIED, 38:DIPLO_STATE_ALLIED, -5:DIPLO_STATE_WAR, 3:DIPLO_STATE_WAR, 2:DIPLO_STATE_WAR, -4:DIPLO_STATE_WAR, -9:DIPLO_STATE_WAR, 2:DIPLO_STATE_INFLUENTIAL, 0:DIPLO_STATE_NO_INFLUENCE, 1:DIPLO_STATE_INFLUENTIAL, 4:DIPLO_STATE_MAX_INFLUENCE, 0:DIPLO_STATE_NO_INFLUENCE, 1:DIPLO_STATE_INFLUENTIAL, 0:DIPLO_STATE_NO_INFLUENCE, 3:DIPLO_STATE_MAX_INFLUENCE, 0:DIPLO_STATE_NO_INFLUENCE, 0:DIPLO_STATE_NO_INFLUENCE, 0:DIPLO_STATE_NO_INFLUENCE, 3:DIPLO_STATE_MAX_INFLUENCE,,,,,,,,,,,,,,,,,,,,,,,,,,,,,,,,,,,,,,,,, 0:DIPLO_STATE_FREE_CITIES_NEUTRAL, 0:
45, 1, Threat and Trust,, 16.86:6:4.00,, 10.16:7:2.00, 10.16:7:4.00, 10.16:7:6.00, 103.45:4:-10.00, 101.61:5:-5.00, 106.41:3:0.00, 118.80:2:0.00, 131.66:1:2.00, 0.00:11:0.00, 0.00:11:0.00, 0.00:11:0.00, 0.00:11:0.00, 0.00:11:0.00, 0.00:11:0.00, 0.00:11:0.00, 0.00:11:0.00, 0.00:11:0.00, 0.00:11:0.00, 0.00:11:0.00, 0.00:11:0.00,,,,,,,,,,,,,,,,,,,,,,,,,,,,,,,,,,,,,,,,, 0.00:11:0.00, 0.00:11:0.00
45, 2, ,, 39:DIPLO_STATE_ALLIED, -21:DIPLO_STATE_ALLIED,, 20:DIPLO_STATE_ALLIED, 48:DIPLO_STATE_ALLIED, -1:DIPLO_STATE_WAR, 3:DIPLO_STATE_WAR, 3:DIPLO_STATE_WAR, 17:DIPLO_STATE_WAR, 12:DIPLO_STATE_WAR, 1:DIPLO_STATE_INFLUENTIAL, 0:DIPLO_STATE_NO_INFLUENCE, 0:DIPLO_STATE_NO_INFLUENCE, 0:DIPLO_STATE_NO_INFLUENCE, 0:DIPLO_STATE_NO_INFLUENCE, 3:DIPLO_STATE_MAX_INFLUENCE, 0:DIPLO_STATE_NO_INFLUENCE, 2:DIPLO_STATE_INFLUENTIAL, 0:DIPLO_STATE_NO_INFLUENCE, 0:DIPLO_STATE_NO_INFLUENCE, 0:DIPLO_STATE_NO_INFLUENCE, 0:DIPLO_STATE_NO_INFLUENCE,,,,,,,,,,,,,,,,,,,,,,,,,,,,,,,,,,,,,,,,, 0:DIPLO_STATE_FREE_CITIES_NEUTRAL, 0:
45, 2, Threat and Trust,, 15.41:6:4.00, 10.16:7:2.00,, 10.16:7:4.00, 10.16:7:12.00, 102.00:4:-10.00, 100.16:5:-5.00, 104.95:3:0.00, 117.36:2:0.00, 130.20:1:0.00, 0.00:11:0.00, 0.00:11:0.00, 0.00:11:0.00, 0.00:11:0.00, 0.00:11:0.00, 0.00:11:0.00, 0.00:11:0.00, 0.00:11:0.00, 0.00:11:0.00, 0.00:11:0.00, 0.00:11:0.00, 0.00:11:0.00,,,,,,,,,,,,,,,,,,,,,,,,,,,,,,,,,,,,,,,,, 0.00:11:0.00, 0.00:11:0.00
45, 1, ,, 40:DIPLO_STATE_ALLIED,, 27:DIPLO_STATE_ALLIED, 24:DIPLO_STATE_ALLIED, 38:DIPLO_STATE_ALLIED, -5:DIPLO_STATE_WAR, 3:DIPLO_STATE_WAR, 2:DIPLO_STATE_WAR, -4:DIPLO_STATE_WAR, -9:DIPLO_STATE_WAR, 2:DIPLO_STATE_INFLUENTIAL, 0:DIPLO_STATE_NO_INFLUENCE, 1:DIPLO_STATE_INFLUENTIAL, 4:DIPLO_STATE_MAX_INFLUENCE, 0:DIPLO_STATE_NO_INFLUENCE, 1:DIPLO_STATE_INFLUENTIAL, 0:DIPLO_STATE_NO_INFLUENCE, 3:DIPLO_STATE_MAX_INFLUENCE, 0:DIPLO_STATE_NO_INFLUENCE, 0:DIPLO_STATE_NO_INFLUENCE, 0:DIPLO_STATE_NO_INFLUENCE, 3:DIPLO_STATE_MAX_INFLUENCE,,,,,,,,,,,,,,,,,,,,,,,,,,,,,,,,,,,,,,,,, 0:DIPLO_STATE_FREE_CITIES_NEUTRAL, 0:
45, 1, Threat and Trust,, 16.86:6:4.00,, 10.16:7:2.00, 10.16:7:4.00, 10.16:7:6.00, 103.45:4:-10.00, 101.61:5:-5.00, 106.41:3:0.00, 118.80:2:0.00, 131.66:1:2.00, 0.00:11:0.00, 0.00:11:0.00, 0.00:11:0.00, 0.00:11:0.00, 0.00:11:0.00, 0.00:11:0.00, 0.00:11:0.00, 0.00:11:0.00, 0.00:11:0.00, 0.00:11:0.00, 0.00:11:0.00, 0.00:11:0.00,,,,,,,,,,,,,,,,,,,,,,,,,,,,,,,,,,,,,,,,, 0.00:11:0.00, 0.00:11:0.00
45, 1, ,, 40:DIPLO_STATE_ALLIED,, 27:DIPLO_STATE_ALLIED, 24:DIPLO_STATE_ALLIED, 38:DIPLO_STATE_ALLIED, -5:DIPLO_STATE_WAR, 3:DIPLO_STATE_WAR, 2:DIPLO_STATE_WAR, -4:DIPLO_STATE_WAR, -9:DIPLO_STATE_WAR, 2:DIPLO_STATE_INFLUENTIAL, 0:DIPLO_STATE_NO_INFLUENCE, 1:DIPLO_STATE_INFLUENTIAL, 4:DIPLO_STATE_MAX_INFLUENCE, 0:DIPLO_STATE_NO_INFLUENCE, 1:DIPLO_STATE_INFLUENTIAL, 0:DIPLO_STATE_NO_INFLUENCE, 3:DIPLO_STATE_MAX_INFLUENCE, 0:DIPLO_STATE_NO_INFLUENCE, 0:DIPLO_STATE_NO_INFLUENCE, 0:DIPLO_STATE_NO_INFLUENCE, 3:DIPLO_STATE_MAX_INFLUENCE,,,,,,,,,,,,,,,,,,,,,,,,,,,,,,,,,,,,,,,,, 0:DIPLO_STATE_FREE_CITIES_NEUTRAL, 0:
45, 1, Threat and Trust,, 16.86:6:4.00,, 10.16:7:2.00, 10.16:7:4.00, 10.16:7:6.00, 103.45:4:-10.00, 101.61:5:-5.00, 106.41:3:0.00, 118.80:2:0.00, 131.66:1:2.00, 0.00:11:0.00, 0.00:11:0.00, 0.00:11:0.00, 0.00:11:0.00, 0.00:11:0.00, 0.00:11:0.00, 0.00:11:0.00, 0.00:11:0.00, 0.00:11:0.00, 0.00:11:0.00, 0.00:11:0.00, 0.00:11:0.00,,,,,,,,,,,,,,,,,,,,,,,,,,,,,,,,,,,,,,,,, 0.00:11:0.00, 0.00:11:0.00
45, 2, ,, 39:DIPLO_STATE_ALLIED, -21:DIPLO_STATE_ALLIED,, 20:DIPLO_STATE_ALLIED, 48:DIPLO_STATE_ALLIED, -1:DIPLO_STATE_WAR, 3:DIPLO_STATE_WAR, 3:DIPLO_STATE_WAR, 17:DIPLO_STATE_WAR, 12:DIPLO_STATE_WAR, 1:DIPLO_STATE_INFLUENTIAL, 0:DIPLO_STATE_NO_INFLUENCE, 0:DIPLO_STATE_NO_INFLUENCE, 0:DIPLO_STATE_NO_INFLUENCE, 0:DIPLO_STATE_NO_INFLUENCE, 3:DIPLO_STATE_MAX_INFLUENCE, 0:DIPLO_STATE_NO_INFLUENCE, 2:DIPLO_STATE_INFLUENTIAL, 0:DIPLO_STATE_NO_INFLUENCE, 0:DIPLO_STATE_NO_INFLUENCE, 0:DIPLO_STATE_NO_INFLUENCE, 0:DIPLO_STATE_NO_INFLUENCE,,,,,,,,,,,,,,,,,,,,,,,,,,,,,,,,,,,,,,,,, 0:DIPLO_STATE_FREE_CITIES_NEUTRAL, 0:
45, 2, Threat and Trust,, 15.41:6:4.00, 10.16:7:2.00,, 10.16:7:4.00, 10.16:7:12.00, 102.00:4:-10.00, 100.16:5:-5.00, 104.95:3:0.00, 117.36:2:0.00, 130.20:1:0.00, 0.00:11:0.00, 0.00:11:0.00, 0.00:11:0.00, 0.00:11:0.00, 0.00:11:0.00, 0.00:11:0.00, 0.00:11:0.00, 0.00:11:0.00, 0.00:11:0.00, 0.00:11:0.00, 0.00:11:0.00, 0.00:11:0.00,,,,,,,,,,,,,,,,,,,,,,,,,,,,,,,,,,,,,,,,, 0.00:11:0.00, 0.00:11:0.00
46, 5, ,, -29:DIPLO_STATE_WAR, -49:DIPLO_STATE_WAR, -30:DIPLO_STATE_WAR, -56:DIPLO_STATE_WAR, -19:DIPLO_STATE_WAR,, 8:DIPLO_STATE_ALLIED, 19:DIPLO_STATE_ALLIED, 22:DIPLO_STATE_ALLIED, 22:DIPLO_STATE_ALLIED, 0:DIPLO_STATE_WAR_WITH_MINOR, 0:DIPLO_STATE_WAR_WITH_MINOR,, 0:DIPLO_STATE_WAR_WITH_MINOR, 0:DIPLO_STATE_WAR_WITH_MINOR, 0:DIPLO_STATE_WAR_WITH_MINOR, 0:DIPLO_STATE_WAR_WITH_MINOR, 0:DIPLO_STATE_WAR_WITH_MINOR, 0:DIPLO_STATE_WAR_WITH_MINOR, 0:DIPLO_STATE_WAR_WITH_MINOR, 0:DIPLO_STATE_WAR_WITH_MINOR, 0:DIPLO_STATE_WAR_WITH_MINOR,,,,,,,,,,,,,,,,,,,,,,,,,,,,,,,,,,,,,,,,, 0:DIPLO_STATE_FREE_CITIES_NEUTRAL, 0:
46, 5, Threat and Trust,, 10.16:6:2.00, 10.16:6:1.00, 10.16:6:2.00, 10.16:6:2.00, 10.16:6:6.00,, 60.16:3:-5.00, 60.16:3:1.00, 73.36:2:0.00, 86.20:1:2.00, 0.00:11:0.00, 0.00:11:0.00,, 0.00:11:0.00, 0.00:11:0.00, 0.00:11:0.00, 0.00:11:0.00, 0.00:11:0.00, 0.00:11:0.00, 0.00:11:0.00, 0.00:11:0.00, 0.00:11:0.00,,,,,,,,,,,,,,,,,,,,,,,,,,,,,,,,,,,,,,,,, 0.00:11:0.00, 0.00:11:0.00
46, 6, ,, -73:DIPLO_STATE_WAR, -64:DIPLO_STATE_WAR, -65:DIPLO_STATE_WAR, -74:DIPLO_STATE_WAR, -86:DIPLO_STATE_WAR, -37:DIPLO_STATE_ALLIED,, 8:DIPLO_STATE_ALLIED, 9:DIPLO_STATE_ALLIED, 1:DIPLO_STATE_ALLIED, 0:DIPLO_STATE_WAR_WITH_MINOR, 0:DIPLO_STATE_WAR_WITH_MINOR,, 0:DIPLO_STATE_WAR_WITH_MINOR, 0:DIPLO_STATE_WAR_WITH_MINOR, 0:DIPLO_STATE_WAR_WITH_MINOR, 0:DIPLO_STATE_WAR_WITH_MINOR, 0:DIPLO_STATE_WAR_WITH_MINOR, 0:DIPLO_STATE_WAR_WITH_MINOR, 0:DIPLO_STATE_WAR_WITH_MINOR, 0:DIPLO_STATE_WAR_WITH_MINOR, 0:DIPLO_STATE_WAR_WITH_MINOR,,,,,,,,,,,,,,,,,,,,,,,,,,,,,,,,,,,,,,,,, 0:DIPLO_STATE_FREE_CITIES_NEUTRAL, 0:
46, 6, Threat and Trust,, 10.16:6:2.00, 10.16:6:1.00, 10.16:6:2.00, 10.16:6:2.00, 10.16:6:6.00, 60.16:3:-10.00,, 60.16:3:1.00, 75.66:2:0.00, 88.50:1:2.00, 0.00:11:0.00, 0.00:11:0.00,, 0.00:11:0.00, 0.00:11:0.00, 0.00:11:0.00, 0.00:11:0.00, 0.00:11:0.00, 0.00:11:0.00, 0.00:11:0.00, 0.00:11:0.00, 0.00:11:0.00,,,,,,,,,,,,,,,,,,,,,,,,,,,,,,,,,,,,,,,,, 0.00:11:0.00, 0.00:11:0.00
46, 7, ,, -73:DIPLO_STATE_WAR, -78:DIPLO_STATE_WAR, -86:DIPLO_STATE_WAR, -78:DIPLO_STATE_WAR, -96:DIPLO_STATE_WAR, -31:DIPLO_STATE_ALLIED, -1:DIPLO_STATE_ALLIED,, 3:DIPLO_STATE_ALLIED, 2:DIPLO_STATE_ALLIED, 0:DIPLO_STATE_WAR_WITH_MINOR, 0:DIPLO_STATE_WAR_WITH_MINOR,, 0:DIPLO_STATE_WAR_WITH_MINOR, 0:DIPLO_STATE_WAR_WITH_MINOR, 0:DIPLO_STATE_WAR_WITH_MINOR, 0:DIPLO_STATE_WAR_WITH_MINOR, 0:DIPLO_STATE_WAR_WITH_MINOR, 0:DIPLO_STATE_WAR_WITH_MINOR, 0:DIPLO_STATE_WAR_WITH_MINOR, 0:DIPLO_STATE_WAR_WITH_MINOR, 0:DIPLO_STATE_WAR_WITH_MINOR,,,,,,,,,,,,,,,,,,,,,,,,,,,,,,,,,,,,,,,,, 0:DIPLO_STATE_FREE_CITIES_NEUTRAL, 0:
46, 7, Threat and Trust,, 10.16:6:2.00, 10.16:6:1.00, 10.16:6:1.00, 10.16:6:2.00, 10.16:6:6.00, 60.16:3:-10.00, 60.16:3:-5.00,, 69.36:2:0.00, 82.20:1:2.00, 0.00:11:0.00, 0.00:11:0.00,, 0.00:11:0.00, 0.00:11:0.00, 0.00:11:0.00, 0.00:11:0.00, 0.00:11:0.00, 0.00:11:0.00, 0.00:11:0.00, 0.00:11:0.00, 0.00:11:0.00,,,,,,,,,,,,,,,,,,,,,,,,,,,,,,,,,,,,,,,,, 0.00:11:0.00, 0.00:11:0.00
46, 8, ,, -105:DIPLO_STATE_WAR, -105:DIPLO_STATE_WAR, -77:DIPLO_STATE_WAR, -83:DIPLO_STATE_WAR, -96:DIPLO_STATE_WAR, -33:DIPLO_STATE_ALLIED, -14:DIPLO_STATE_ALLIED, -10:DIPLO_STATE_ALLIED,, 23:DIPLO_STATE_ALLIED, 0:DIPLO_STATE_WAR_WITH_MINOR, 0:DIPLO_STATE_WAR_WITH_MINOR,, 0:DIPLO_STATE_WAR_WITH_MINOR, 0:DIPLO_STATE_WAR_WITH_MINOR, 0:DIPLO_STATE_WAR_WITH_MINOR, 0:DIPLO_STATE_WAR_WITH_MINOR, 0:DIPLO_STATE_WAR_WITH_MINOR, 0:DIPLO_STATE_WAR_WITH_MINOR, 0:DIPLO_STATE_WAR_WITH_MINOR, 0:DIPLO_STATE_WAR_WITH_MINOR, 0:DIPLO_STATE_WAR_WITH_MINOR,,,,,,,,,,,,,,,,,,,,,,,,,,,,,,,,,,,,,,,,, 0:DIPLO_STATE_FREE_CITIES_NEUTRAL, 0:
46, 8, Threat and Trust,, 10.16:6:2.00, 10.16:6:1.00, 10.16:6:2.00, 10.16:6:2.00, 10.16:6:6.00, 60.16:2:-10.00, 60.16:2:-5.00, 60.16:2:1.00,, 102.75:1:2.00, 0.00:11:0.00, 0.00:11:0.00,, 0.00:11:0.00, 0.00:11:0.00, 0.00:11:0.00, 0.00:11:0.00, 0.00:11:0.00, 0.00:11:0.00, 0.00:11:0.00, 0.00:11:0.00, 0.00:11:0.00,,,,,,,,,,,,,,,,,,,,,,,,,,,,,,,,,,,,,,,,, 0.00:11:0.00, 0.00:11:0.00
46, 9, ,, -88:DIPLO_STATE_WAR, -85:DIPLO_STATE_WAR, -61:DIPLO_STATE_WAR, -65:DIPLO_STATE_WAR, -76:DIPLO_STATE_WAR, -41:DIPLO_STATE_ALLIED, 4:DIPLO_STATE_ALLIED, -12:DIPLO_STATE_ALLIED, 4:DIPLO_STATE_ALLIED,, 0:DIPLO_STATE_WAR_WITH_MINOR, 0:DIPLO_STATE_WAR_WITH_MINOR,, 0:DIPLO_STATE_WAR_WITH_MINOR, 0:DIPLO_STATE_WAR_WITH_MINOR, 0:DIPLO_STATE_WAR_WITH_MINOR, 0:DIPLO_STATE_WAR_WITH_MINOR, 0:DIPLO_STATE_WAR_WITH_MINOR, 0:DIPLO_STATE_WAR_WITH_MINOR, 0:DIPLO_STATE_WAR_WITH_MINOR, 0:DIPLO_STATE_WAR_WITH_MINOR, 0:DIPLO_STATE_WAR_WITH_MINOR,,,,,,,,,,,,,,,,,,,,,,,,,,,,,,,,,,,,,,,,, 0:DIPLO_STATE_FREE_CITIES_NEUTRAL, 0:
46, 9, Threat and Trust,, 10.16:6:2.00, 10.16:6:2.00, 10.16:6:0.00, 10.16:6:0.00, 10.16:6:1.00, 60.16:2:-10.00, 60.16:2:-5.00, 60.16:2:1.00, 60.16:2:0.00,, 0.00:11:0.00, 0.00:11:0.00,, 0.00:11:0.00, 0.00:11:0.00, 0.00:11:0.00, 0.00:11:0.00, 0.00:11:0.00, 0.00:11:0.00, 0.00:11:0.00, 0.00:11:0.00, 0.00:11:0.00,,,,,,,,,,,,,,,,,,,,,,,,,,,,,,,,,,,,,,,,, 0.00:11:0.00, 0.00:11:0.00
46, 10, ,, 0:DIPLO_STATE_AWARE, 2:DIPLO_STATE_PATRON, 1:DIPLO_STATE_PATRON, 0:DIPLO_STATE_AWARE, 3:DIPLO_STATE_PATRON, 0:DIPLO_STATE_WAR_WITH_MAJOR, 0:DIPLO_STATE_WAR_WITH_MAJOR, 0:DIPLO_STATE_WAR_WITH_MAJOR, 0:DIPLO_STATE_WAR_WITH_MAJOR, 0:DIPLO_STATE_WAR_WITH_MAJOR,,,,, 0:DIPLO_STATE_MINOR_MINOR,,,,,,,,,,,,,,,,,,,,,,,,,,,,,,,,,,,,,,,,,,,,,,,,, 0:
46, 10, Threat and Trust,, 10.16:6:0.00, 10.16:6:0.00, 10.16:6:0.00, 10.16:6:0.00, 10.16:6:0.00, 100.30:4:0.00, 98.00:5:0.00, 104.30:3:0.00, 119.55:2:0.00, 127.50:1:0.00,,,,, 0.00:11:0.00,,,,,,,,,,,,,,,,,,,,,,,,,,,,,,,,,,,,,,,,,,,,,,,,, 0.00:11:0.00
46, 12, ,, 1:DIPLO_STATE_PATRON, 1:DIPLO_STATE_PATRON, 0:DIPLO_STATE_AWARE, 1:DIPLO_STATE_PATRON, 1:DIPLO_STATE_PATRON,,,,,,,,,,,,, 0:DIPLO_STATE_MINOR_MINOR,,,, 0:DIPLO_STATE_MINOR_MINOR,,,,,,,,,,,,,,,,,,,,,,,,,,,,,,,,,,,,,,,,,, 0:
46, 12, Threat and Trust,, 10.16:1:0.00, 10.16:1:0.00, 10.16:1:0.00, 10.16:1:0.00, 10.16:1:0.00,,,,,,,,,,,,, 0.00:6:0.00,,,, 0.00:6:0.00,,,,,,,,,,,,,,,,,,,,,,,,,,,,,,,,,,,,,,,,,, 0.00:6:0.00
46, 13, ,, 0:DIPLO_STATE_AWARE, 4:DIPLO_STATE_PATRON, 0:DIPLO_STATE_AWARE, 2:DIPLO_STATE_PATRON, 0:DIPLO_STATE_AWARE, 0:DIPLO_STATE_WAR_WITH_MAJOR, 0:DIPLO_STATE_WAR_WITH_MAJOR, 0:DIPLO_STATE_WAR_WITH_MAJOR, 0:DIPLO_STATE_WAR_WITH_MAJOR, 0:DIPLO_STATE_WAR_WITH_MAJOR,,,,, 0:DIPLO_STATE_MINOR_MINOR,, 0:DIPLO_STATE_MINOR_MINOR,,,,,,,,,,,,,,,,,,,,,,,,,,,,,,,,,,,,,,,,,,,,,,, 0:
46, 13, Threat and Trust,, 16.55:6:0.00, 10.16:7:0.00, 10.16:7:0.00, 10.16:7:0.00, 10.16:7:0.00, 105.30:4:0.00, 103.00:5:0.00, 109.30:3:0.00, 124.55:2:0.00, 132.50:1:0.00,,,,, 0.00:11:0.00,, 0.00:11:0.00,,,,,,,,,,,,,,,,,,,,,,,,,,,,,,,,,,,,,,,,,,,,,,, 0.00:11:0.00
46, 14, ,, 0:DIPLO_STATE_AWARE, 0:DIPLO_STATE_AWARE, 0:DIPLO_STATE_AWARE, 0:DIPLO_STATE_AWARE, 3:DIPLO_STATE_PATRON, 0:DIPLO_STATE_WAR_WITH_MAJOR, 0:DIPLO_STATE_WAR_WITH_MAJOR, 0:DIPLO_STATE_WAR_WITH_MAJOR, 0:DIPLO_STATE_WAR_WITH_MAJOR, 0:DIPLO_STATE_WAR_WITH_MAJOR, 0:DIPLO_STATE_MINOR_MINOR, 0:DIPLO_STATE_MINOR_MINOR,, 0:DIPLO_STATE_MINOR_MINOR,, 0:DIPLO_STATE_MINOR_MINOR, 0:DIPLO_STATE_MINOR_MINOR,,, 0:DIPLO_STATE_MINOR_MINOR, 0:DIPLO_STATE_MINOR_MINOR, 0:DIPLO_STATE_MINOR_MINOR,,,,,,,,,,,,,,,,,,,,,,,,,,,,,,,,,,,,,,,,,, 0:
46, 14, Threat and Trust,, 18.95:6:0.00, 10.16:8:0.00, 10.16:8:0.00, 10.16:8:0.00, 16.66:7:0.00, 107.70:4:0.00, 105.41:5:0.00, 111.70:3:0.00, 126.95:2:0.00, 134.91:1:0.00, 0.00:11:0.00, 0.00:11:0.00,, 0.00:11:0.00,, 0.00:11:0.00, 0.00:11:0.00,,, 0.00:11:0.00, 0.00:11:0.00, 0.00:11:0.00,,,,,,,,,,,,,,,,,,,,,,,,,,,,,,,,,,,,,,,,,, 0.00:11:0.00
46, 15, ,, 0:DIPLO_STATE_AWARE, 1:DIPLO_STATE_PATRON, 3:DIPLO_STATE_PATRON, 2:DIPLO_STATE_PATRON, 1:DIPLO_STATE_PATRON, 0:DIPLO_STATE_WAR_WITH_MAJOR, 0:DIPLO_STATE_WAR_WITH_MAJOR, 0:DIPLO_STATE_WAR_WITH_MAJOR, 0:DIPLO_STATE_WAR_WITH_MAJOR, 0:DIPLO_STATE_WAR_WITH_MAJOR,,,,, 0:DIPLO_STATE_MINOR_MINOR,, 0:DIPLO_STATE_MINOR_MINOR,,,, 0:DIPLO_STATE_MINOR_MINOR,,,,,,,,,,,,,,,,,,,,,,,,,,,,,,,,,,,,,,,,,,, 0:
46, 15, Threat and Trust,, 10.16:6:0.00, 10.16:6:0.00, 10.16:6:0.00, 10.16:6:0.00, 10.16:6:0.00, 102.45:4:0.00, 100.16:5:0.00, 106.45:3:0.00, 121.70:2:0.00, 129.66:1:0.00,,,,, 0.00:11:0.00,, 0.00:11:0.00,,,, 0.00:11:0.00,,,,,,,,,,,,,,,,,,,,,,,,,,,,,,,,,,,,,,,,,,, 0.00:11:0.00
46, 16, ,, 0:DIPLO_STATE_AWARE, 0:DIPLO_STATE_AWARE, 0:DIPLO_STATE_AWARE, 0:DIPLO_STATE_AWARE, 3:DIPLO_STATE_PATRON, 0:DIPLO_STATE_WAR_WITH_MAJOR, 0:DIPLO_STATE_WAR_WITH_MAJOR, 0:DIPLO_STATE_WAR_WITH_MAJOR, 0:DIPLO_STATE_WAR_WITH_MAJOR, 0:DIPLO_STATE_WAR_WITH_MAJOR,, 0:DIPLO_STATE_MINOR_MINOR_WAR,, 0:DIPLO_STATE_MINOR_MINOR, 0:DIPLO_STATE_MINOR_MINOR, 0:DIPLO_STATE_MINOR_MINOR,,, 0:DIPLO_STATE_MINOR_MINOR, 0:DIPLO_STATE_MINOR_MINOR_WAR, 0:DIPLO_STATE_MINOR_MINOR, 0:DIPLO_STATE_MINOR_MINOR,,,,,,,,,,,,,,,,,,,,,,,,,,,,,,,,,,,,,,,,,, 0:
46, 16, Threat and Trust,, 17.86:6:0.00, 10.16:8:0.00, 10.16:8:0.00, 10.16:8:0.00, 15.55:7:0.00, 106.61:4:0.00, 104.30:5:0.00, 110.61:3:0.00, 163.25:1:0.00, 133.80:2:0.00,, 0.00:11:0.00,, 0.00:11:0.00, 0.00:11:0.00, 0.00:11:0.00,,, 0.00:11:0.00, 0.00:11:0.00, 0.00:11:0.00, 0.00:11:0.00,,,,,,,,,,,,,,,,,,,,,,,,,,,,,,,,,,,,,,,,,, 0.00:11:0.00
46, 17, ,, 0:DIPLO_STATE_AWARE, 3:DIPLO_STATE_PATRON, 2:DIPLO_STATE_PATRON, 2:DIPLO_STATE_PATRON, 1:DIPLO_STATE_PATRON, 0:DIPLO_STATE_WAR_WITH_MAJOR, 0:DIPLO_STATE_WAR_WITH_MAJOR, 0:DIPLO_STATE_WAR_WITH_MAJOR, 0:DIPLO_STATE_WAR_WITH_MAJOR, 0:DIPLO_STATE_WAR_WITH_MAJOR,,, 0:DIPLO_STATE_MINOR_MINOR,,,,,,,,, 0:DIPLO_STATE_MINOR_MINOR,,,,,,,,,,,,,,,,,,,,,,,,,,,,,,,,,,,,,,,,,, 0:
46, 17, Threat and Trust,, 10.16:6:0.00, 10.16:6:0.00, 10.16:6:0.00, 10.16:6:0.00, 10.16:6:0.00, 100.00:4:0.00, 97.70:5:0.00, 104.00:3:0.00, 119.25:2:0.00, 127.20:1:0.00,,, 0.00:11:0.00,,,,,,,,, 0.00:11:0.00,,,,,,,,,,,,,,,,,,,,,,,,,,,,,,,,,,,,,,,,,, 0.00:11:0.00
46, 20, ,, 2:DIPLO_STATE_PATRON, 0:DIPLO_STATE_AWARE, 0:DIPLO_STATE_AWARE, 2:DIPLO_STATE_PATRON, 3:DIPLO_STATE_PATRON, 0:DIPLO_STATE_WAR_WITH_MAJOR, 0:DIPLO_STATE_WAR_WITH_MAJOR, 0:DIPLO_STATE_WAR_WITH_MAJOR, 0:DIPLO_STATE_WAR_WITH_MAJOR, 0:DIPLO_STATE_WAR_WITH_MAJOR,, 0:DIPLO_STATE_MINOR_MINOR,,, 0:DIPLO_STATE_MINOR_MINOR, 0:DIPLO_STATE_MINOR_MINOR, 0:DIPLO_STATE_MINOR_MINOR,,,,,,,,,,,,,,,,,,,,,,,,,,,,,,,,,,,,,,,,,,,,,,, 0:
46, 20, Threat and Trust,, 10.16:6:0.00, 10.16:6:0.00, 10.16:6:0.00, 10.16:6:0.00, 10.16:6:0.00, 102.45:4:0.00, 100.16:5:0.00, 106.45:3:0.00, 121.70:2:0.00, 129.66:1:0.00,, 0.00:11:0.00,,, 0.00:11:0.00, 0.00:11:0.00, 0.00:11:0.00,,,,,,,,,,,,,,,,,,,,,,,,,,,,,,,,,,,,,,,,,,,,,,, 0.00:11:0.00
46, 21, ,, 1:DIPLO_STATE_PATRON, 3:DIPLO_STATE_PATRON, 0:DIPLO_STATE_AWARE, 0:DIPLO_STATE_AWARE, 2:DIPLO_STATE_PATRON, 0:DIPLO_STATE_WAR_WITH_MAJOR, 0:DIPLO_STATE_WAR_WITH_MAJOR, 0:DIPLO_STATE_WAR_WITH_MAJOR, 0:DIPLO_STATE_WAR_WITH_MAJOR, 0:DIPLO_STATE_WAR_WITH_MAJOR,,, 0:DIPLO_STATE_MINOR_MINOR,, 0:DIPLO_STATE_MINOR_MINOR,, 0:DIPLO_STATE_MINOR_MINOR, 0:DIPLO_STATE_MINOR_MINOR,,,,,,,,,,,,,,,,,,,,,,,,,,,,,,,,,,,,,,,,,,,,,, 0:
46, 21, Threat and Trust,, 10.16:6:0.00, 10.16:6:0.00, 10.16:6:0.00, 10.16:6:0.00, 10.16:6:0.00, 96.91:4:0.00, 94.61:5:0.00, 100.91:3:0.00, 116.16:2:0.00, 124.11:1:0.00,,, 0.00:11:0.00,, 0.00:11:0.00,, 0.00:11:0.00, 0.00:11:0.00,,,,,,,,,,,,,,,,,,,,,,,,,,,,,,,,,,,,,,,,,,,,,, 0.00:11:0.00
46, 62, ,, 0:DIPLO_STATE_FREE_CITIES_NEUTRAL, 0:DIPLO_STATE_FREE_CITIES_NEUTRAL, 0:DIPLO_STATE_FREE_CITIES_NEUTRAL, 0:DIPLO_STATE_FREE_CITIES_NEUTRAL, 0:DIPLO_STATE_FREE_CITIES_NEUTRAL, 0:DIPLO_STATE_FREE_CITIES_NEUTRAL, 0:DIPLO_STATE_FREE_CITIES_NEUTRAL, 0:DIPLO_STATE_FREE_CITIES_NEUTRAL, 0:DIPLO_STATE_FREE_CITIES_NEUTRAL, 0:DIPLO_STATE_FREE_CITIES_NEUTRAL,,,,,,,,,,,,,,,,,,,,,,,,,,,,,,,,,,,,,,,,,,,,,,,,,,,,,,
46, 62, Threat and Trust,, 22.55:6:0.00, 15.86:9:0.00, 17.30:8:0.00, 10.16:10:0.00, 20.25:7:0.00, 111.30:4:0.00, 109.00:5:0.00, 115.30:3:0.00, 130.55:2:0.00, 138.50:1:0.00,,,,,,,,,,,,,,,,,,,,,,,,,,,,,,,,,,,,,,,,,,,,,,,,,,,,,,
46, 63, ,, 0:, 0:, 0:, 0:, 0:, 0:, 0:, 0:, 0:, 0:, 0:, 0:, 0:, 0:, 0:, 0:, 0:, 0:, 0:, 0:, 0:, 0:,,,,,,,,,,,,,,,,,,,,,,,,,,,,,,,,,,,,,,,,,,
46, 63, Threat and Trust,, 0.00:1:0.00, 0.00:1:0.00, 0.00:1:0.00, 0.00:1:0.00, 0.00:1:0.00, 0.00:1:0.00, 0.00:1:0.00, 0.00:1:0.00, 0.00:1:0.00, 0.00:1:0.00, 0.00:1:0.00, 0.00:1:0.00, 0.00:1:0.00, 0.00:1:0.00, 0.00:1:0.00, 0.00:1:0.00, 0.00:1:0.00, 0.00:1:0.00, 0.00:1:0.00, 0.00:1:0.00, 0.00:1:0.00, 0.00:1:0.00,,,,,,,,,,,,,,,,,,,,,,,,,,,,,,,,,,,,,,,,,,
46, 0, ,,, -15:DIPLO_STATE_ALLIED, 6:DIPLO_STATE_ALLIED, -6:DIPLO_STATE_ALLIED, 51:DIPLO_STATE_ALLIED, 8:DIPLO_STATE_WAR, -5:DIPLO_STATE_WAR, -5:DIPLO_STATE_WAR, -5:DIPLO_STATE_WAR, -11:DIPLO_STATE_WAR, 0:DIPLO_STATE_NO_INFLUENCE, 0:DIPLO_STATE_NO_INFLUENCE, 1:DIPLO_STATE_INFLUENTIAL, 0:DIPLO_STATE_NO_INFLUENCE, 0:DIPLO_STATE_NO_INFLUENCE, 0:DIPLO_STATE_NO_INFLUENCE, 0:DIPLO_STATE_NO_INFLUENCE, 0:DIPLO_STATE_NO_INFLUENCE, 0:DIPLO_STATE_NO_INFLUENCE, 0:DIPLO_STATE_NO_INFLUENCE, 2:DIPLO_STATE_INFLUENTIAL, 1:DIPLO_STATE_INFLUENTIAL,,,,,,,,,,,,,,,,,,,,,,,,,,,,,,,,,,,,,,,,, 0:DIPLO_STATE_FREE_CITIES_NEUTRAL, 0:
46, 0, Threat and Trust,,, 10.16:6:5.00, 10.16:6:5.00, 10.16:6:6.00, 10.16:6:10.00, 98.61:4:-10.00, 96.30:5:-5.00, 102.61:3:0.00, 117.86:2:0.00, 125.80:1:2.00, 0.00:11:0.00, 0.00:11:0.00, 0.00:11:0.00, 0.00:11:0.00, 0.00:11:0.00, 0.00:11:0.00, 0.00:11:0.00, 0.00:11:0.00, 0.00:11:0.00, 0.00:11:0.00, 0.00:11:0.00, 0.00:11:0.00,,,,,,,,,,,,,,,,,,,,,,,,,,,,,,,,,,,,,,,,, 0.00:11:0.00, 0.00:11:0.00
46, 1, ,, 39:DIPLO_STATE_ALLIED,, 26:DIPLO_STATE_ALLIED, 24:DIPLO_STATE_ALLIED, 38:DIPLO_STATE_ALLIED, -6:DIPLO_STATE_WAR, 3:DIPLO_STATE_WAR, 2:DIPLO_STATE_WAR, -5:DIPLO_STATE_WAR, -10:DIPLO_STATE_WAR, 2:DIPLO_STATE_INFLUENTIAL, 0:DIPLO_STATE_NO_INFLUENCE, 1:DIPLO_STATE_INFLUENTIAL, 4:DIPLO_STATE_MAX_INFLUENCE, 0:DIPLO_STATE_NO_INFLUENCE, 1:DIPLO_STATE_INFLUENTIAL, 0:DIPLO_STATE_NO_INFLUENCE, 3:DIPLO_STATE_MAX_INFLUENCE, 0:DIPLO_STATE_NO_INFLUENCE, 0:DIPLO_STATE_NO_INFLUENCE, 0:DIPLO_STATE_NO_INFLUENCE, 3:DIPLO_STATE_MAX_INFLUENCE,,,,,,,,,,,,,,,,,,,,,,,,,,,,,,,,,,,,,,,,, 0:DIPLO_STATE_FREE_CITIES_NEUTRAL, 0:
46, 1, Threat and Trust,, 18.05:6:4.00,, 10.16:8:2.00, 10.16:8:4.00, 15.45:7:6.00, 106.50:4:-10.00, 104.20:5:-5.00, 110.50:3:0.00, 125.75:2:0.00, 133.70:1:2.00, 0.00:11:0.00, 0.00:11:0.00, 0.00:11:0.00, 0.00:11:0.00, 0.00:11:0.00, 0.00:11:0.00, 0.00:11:0.00, 0.00:11:0.00, 0.00:11:0.00, 0.00:11:0.00, 0.00:11:0.00, 0.00:11:0.00,,,,,,,,,,,,,,,,,,,,,,,,,,,,,,,,,,,,,,,,, 0.00:11:0.00, 0.00:11:0.00
46, 2, ,, 38:DIPLO_STATE_ALLIED, -22:DIPLO_STATE_ALLIED,, 25:DIPLO_STATE_ALLIED, 47:DIPLO_STATE_ALLIED, -2:DIPLO_STATE_WAR, 3:DIPLO_STATE_WAR, 3:DIPLO_STATE_WAR, 16:DIPLO_STATE_WAR, 8:DIPLO_STATE_WAR, 1:DIPLO_STATE_INFLUENTIAL, 0:DIPLO_STATE_NO_INFLUENCE, 0:DIPLO_STATE_NO_INFLUENCE, 0:DIPLO_STATE_NO_INFLUENCE, 0:DIPLO_STATE_NO_INFLUENCE, 3:DIPLO_STATE_MAX_INFLUENCE, 0:DIPLO_STATE_NO_INFLUENCE, 2:DIPLO_STATE_INFLUENTIAL, 0:DIPLO_STATE_NO_INFLUENCE, 0:DIPLO_STATE_NO_INFLUENCE, 0:DIPLO_STATE_NO_INFLUENCE, 0:DIPLO_STATE_NO_INFLUENCE,,,,,,,,,,,,,,,,,,,,,,,,,,,,,,,,,,,,,,,,, 0:DIPLO_STATE_FREE_CITIES_NEUTRAL, 0:
46, 2, Threat and Trust,, 15.30:6:4.00, 10.16:7:2.00,, 10.16:7:4.00, 10.16:7:12.00, 103.75:4:-10.00, 101.45:5:-5.00, 107.75:3:0.00, 123.00:2:0.00, 130.95:1:0.00, 0.00:11:0.00, 0.00:11:0.00, 0.00:11:0.00, 0.00:11:0.00, 0.00:11:0.00, 0.00:11:0.00, 0.00:11:0.00, 0.00:11:0.00, 0.00:11:0.00, 0.00:11:0.00, 0.00:11:0.00, 0.00:11:0.00,,,,,,,,,,,,,,,,,,,,,,,,,,,,,,,,,,,,,,,,, 0.00:11:0.00, 0.00:11:0.00
46, 3, ,, 21:DIPLO_STATE_ALLIED, 17:DIPLO_STATE_ALLIED, 34:DIPLO_STATE_ALLIED,, 23:DIPLO_STATE_ALLIED, -19:DIPLO_STATE_WAR, -5:DIPLO_STATE_WAR, -14:DIPLO_STATE_WAR, 8:DIPLO_STATE_WAR, -6:DIPLO_STATE_WAR, 0:DIPLO_STATE_NO_INFLUENCE, 0:DIPLO_STATE_NO_INFLUENCE, 1:DIPLO_STATE_INFLUENTIAL, 2:DIPLO_STATE_INFLUENTIAL, 0:DIPLO_STATE_NO_INFLUENCE, 2:DIPLO_STATE_INFLUENTIAL, 0:DIPLO_STATE_NO_INFLUENCE, 2:DIPLO_STATE_INFLUENTIAL, 0:DIPLO_STATE_NO_INFLUENCE, 0:DIPLO_STATE_NO_INFLUENCE, 2:DIPLO_STATE_INFLUENTIAL, 0:DIPLO_STATE_NO_INFLUENCE,,,,,,,,,,,,,,,,,,,,,,,,,,,,,,,,,,,,,,,,, 0:DIPLO_STATE_FREE_CITIES_NEUTRAL, 0:
46, 3, Threat and Trust,, 19.61:6:6.00, 10.16:8:4.00, 10.16:8:4.00,, 17.00:7:14.00, 108.05:4:-10.00, 105.75:5:-5.00, 112.05:3:0.00, 127.30:2:0.00, 135.25:1:0.00, 0.00:11:0.00, 0.00:11:0.00, 0.00:11:0.00, 0.00:11:0.00, 0.00:11:0.00, 0.00:11:0.00, 0.00:11:0.00, 0.00:11:0.00, 0.00:11:0.00, 0.00:11:0.00, 0.00:11:0.00, 0.00:11:0.00,,,,,,,,,,,,,,,,,,,,,,,,,,,,,,,,,,,,,,,,, 0.00:11:0.00, 0.00:11:0.00
46, 4, ,, 58:DIPLO_STATE_ALLIED, -10:DIPLO_STATE_ALLIED, 7:DIPLO_STATE_ALLIED, -10:DIPLO_STATE_ALLIED,, 6:DIPLO_STATE_WAR, -7:DIPLO_STATE_WAR, -7:DIPLO_STATE_WAR, 1:DIPLO_STATE_WAR, -7:DIPLO_STATE_WAR, 3:DIPLO_STATE_MAX_INFLUENCE, 0:DIPLO_STATE_NO_INFLUENCE, 1:DIPLO_STATE_INFLUENTIAL, 0:DIPLO_STATE_NO_INFLUENCE, 3:DIPLO_STATE_MAX_INFLUENCE, 1:DIPLO_STATE_INFLUENTIAL, 3:DIPLO_STATE_MAX_INFLUENCE, 1:DIPLO_STATE_INFLUENTIAL, 0:DIPLO_STATE_NO_INFLUENCE, 0:DIPLO_STATE_NO_INFLUENCE, 3:DIPLO_STATE_MAX_INFLUENCE, 2:DIPLO_STATE_INFLUENTIAL,,,,,,,,,,,,,,,,,,,,,,,,,,,,,,,,,,,,,,,,, 0:DIPLO_STATE_FREE_CITIES_NEUTRAL, 0:
46, 4, Threat and Trust,, 10.16:7:8.00, 10.16:7:6.00, 10.16:7:12.00, 10.16:7:14.00,, 101.11:4:-10.00, 98.80:5:-5.00, 105.11:3:2.00, 120.36:2:0.00, 128.30:1:0.00, 0.00:11:0.00, 0.00:11:0.00, 0.00:11:0.00, 0.00:11:0.00, 0.00:11:0.00, 0.00:11:0.00, 0.00:11:0.00, 0.00:11:0.00, 0.00:11:0.00, 0.00:11:0.00, 0.00:11:0.00, 0.00:11:0.00,,,,,,,,,,,,,,,,,,,,,,,,,,,,,,,,,,,,,,,,, 0.00:11:0.00, 0.00:11:0.00
46, 2, ,, 38:DIPLO_STATE_ALLIED, -22:DIPLO_STATE_ALLIED,, 25:DIPLO_STATE_ALLIED, 47:DIPLO_STATE_ALLIED, -2:DIPLO_STATE_WAR, 3:DIPLO_STATE_WAR, 3:DIPLO_STATE_WAR, 16:DIPLO_STATE_WAR, 8:DIPLO_STATE_WAR, 1:DIPLO_STATE_INFLUENTIAL, 0:DIPLO_STATE_NO_INFLUENCE, 0:DIPLO_STATE_NO_INFLUENCE, 0:DIPLO_STATE_NO_INFLUENCE, 0:DIPLO_STATE_NO_INFLUENCE, 3:DIPLO_STATE_MAX_INFLUENCE, 0:DIPLO_STATE_NO_INFLUENCE, 2:DIPLO_STATE_INFLUENTIAL, 0:DIPLO_STATE_NO_INFLUENCE, 0:DIPLO_STATE_NO_INFLUENCE, 0:DIPLO_STATE_NO_INFLUENCE, 0:DIPLO_STATE_NO_INFLUENCE,,,,,,,,,,,,,,,,,,,,,,,,,,,,,,,,,,,,,,,,, 0:DIPLO_STATE_FREE_CITIES_NEUTRAL, 0:
46, 2, Threat and Trust,, 15.30:6:4.00, 10.16:7:2.00,, 10.16:7:4.00, 10.16:7:12.00, 103.75:4:-10.00, 101.45:5:-5.00, 107.75:3:0.00, 123.00:2:0.00, 130.95:1:0.00, 0.00:11:0.00, 0.00:11:0.00, 0.00:11:0.00, 0.00:11:0.00, 0.00:11:0.00, 0.00:11:0.00, 0.00:11:0.00, 0.00:11:0.00, 0.00:11:0.00, 0.00:11:0.00, 0.00:11:0.00, 0.00:11:0.00,,,,,,,,,,,,,,,,,,,,,,,,,,,,,,,,,,,,,,,,, 0.00:11:0.00, 0.00:11:0.00
46, 2, ,, 38:DIPLO_STATE_ALLIED, -22:DIPLO_STATE_ALLIED,, 25:DIPLO_STATE_ALLIED, 47:DIPLO_STATE_ALLIED, -2:DIPLO_STATE_WAR, 3:DIPLO_STATE_WAR, 3:DIPLO_STATE_WAR, 16:DIPLO_STATE_WAR, 8:DIPLO_STATE_WAR, 1:DIPLO_STATE_INFLUENTIAL, 0:DIPLO_STATE_NO_INFLUENCE, 0:DIPLO_STATE_NO_INFLUENCE, 0:DIPLO_STATE_NO_INFLUENCE, 0:DIPLO_STATE_NO_INFLUENCE, 3:DIPLO_STATE_MAX_INFLUENCE, 0:DIPLO_STATE_NO_INFLUENCE, 2:DIPLO_STATE_INFLUENTIAL, 0:DIPLO_STATE_NO_INFLUENCE, 0:DIPLO_STATE_NO_INFLUENCE, 0:DIPLO_STATE_NO_INFLUENCE, 0:DIPLO_STATE_NO_INFLUENCE,,,,,,,,,,,,,,,,,,,,,,,,,,,,,,,,,,,,,,,,, 0:DIPLO_STATE_FREE_CITIES_NEUTRAL, 0:
46, 2, Threat and Trust,, 15.30:6:4.00, 10.16:7:2.00,, 10.16:7:4.00, 10.16:7:12.00, 103.75:4:-10.00, 101.45:5:-5.00, 107.75:3:0.00, 123.00:2:0.00, 130.95:1:0.00, 0.00:11:0.00, 0.00:11:0.00, 0.00:11:0.00, 0.00:11:0.00, 0.00:11:0.00, 0.00:11:0.00, 0.00:11:0.00, 0.00:11:0.00, 0.00:11:0.00, 0.00:11:0.00, 0.00:11:0.00, 0.00:11:0.00,,,,,,,,,,,,,,,,,,,,,,,,,,,,,,,,,,,,,,,,, 0.00:11:0.00, 0.00:11:0.00
46, 3, ,, 21:DIPLO_STATE_ALLIED, 17:DIPLO_STATE_ALLIED, 34:DIPLO_STATE_ALLIED,, 23:DIPLO_STATE_ALLIED, -19:DIPLO_STATE_WAR, -5:DIPLO_STATE_WAR, -14:DIPLO_STATE_WAR, 8:DIPLO_STATE_WAR, -6:DIPLO_STATE_WAR, 0:DIPLO_STATE_NO_INFLUENCE, 0:DIPLO_STATE_NO_INFLUENCE, 1:DIPLO_STATE_INFLUENTIAL, 2:DIPLO_STATE_INFLUENTIAL, 0:DIPLO_STATE_NO_INFLUENCE, 2:DIPLO_STATE_INFLUENTIAL, 0:DIPLO_STATE_NO_INFLUENCE, 2:DIPLO_STATE_INFLUENTIAL, 0:DIPLO_STATE_NO_INFLUENCE, 0:DIPLO_STATE_NO_INFLUENCE, 2:DIPLO_STATE_INFLUENTIAL, 0:DIPLO_STATE_NO_INFLUENCE,,,,,,,,,,,,,,,,,,,,,,,,,,,,,,,,,,,,,,,,, 0:DIPLO_STATE_FREE_CITIES_NEUTRAL, 0:
46, 3, Threat and Trust,, 19.61:6:6.00, 10.16:8:4.00, 10.16:8:4.00,, 17.00:7:14.00, 108.05:4:-10.00, 105.75:5:-5.00, 112.05:3:0.00, 127.30:2:0.00, 135.25:1:0.00, 0.00:11:0.00, 0.00:11:0.00, 0.00:11:0.00, 0.00:11:0.00, 0.00:11:0.00, 0.00:11:0.00, 0.00:11:0.00, 0.00:11:0.00, 0.00:11:0.00, 0.00:11:0.00, 0.00:11:0.00, 0.00:11:0.00,,,,,,,,,,,,,,,,,,,,,,,,,,,,,,,,,,,,,,,,, 0.00:11:0.00, 0.00:11:0.00
46, 3, ,, 21:DIPLO_STATE_ALLIED, 17:DIPLO_STATE_ALLIED, 34:DIPLO_STATE_ALLIED,, 23:DIPLO_STATE_ALLIED, -19:DIPLO_STATE_WAR, -5:DIPLO_STATE_WAR, -14:DIPLO_STATE_WAR, 8:DIPLO_STATE_WAR, -6:DIPLO_STATE_WAR, 0:DIPLO_STATE_NO_INFLUENCE, 0:DIPLO_STATE_NO_INFLUENCE, 1:DIPLO_STATE_INFLUENTIAL, 2:DIPLO_STATE_INFLUENTIAL, 0:DIPLO_STATE_NO_INFLUENCE, 2:DIPLO_STATE_INFLUENTIAL, 0:DIPLO_STATE_NO_INFLUENCE, 2:DIPLO_STATE_INFLUENTIAL, 0:DIPLO_STATE_NO_INFLUENCE, 0:DIPLO_STATE_NO_INFLUENCE, 2:DIPLO_STATE_INFLUENTIAL, 0:DIPLO_STATE_NO_INFLUENCE,,,,,,,,,,,,,,,,,,,,,,,,,,,,,,,,,,,,,,,,, 0:DIPLO_STATE_FREE_CITIES_NEUTRAL, 0:
46, 3, Threat and Trust,, 19.61:6:6.00, 10.16:8:4.00, 10.16:8:4.00,, 17.00:7:14.00, 108.05:4:-10.00, 105.75:5:-5.00, 112.05:3:0.00, 127.30:2:0.00, 135.25:1:0.00, 0.00:11:0.00, 0.00:11:0.00, 0.00:11:0.00, 0.00:11:0.00, 0.00:11:0.00, 0.00:11:0.00, 0.00:11:0.00, 0.00:11:0.00, 0.00:11:0.00, 0.00:11:0.00, 0.00:11:0.00, 0.00:11:0.00,,,,,,,,,,,,,,,,,,,,,,,,,,,,,,,,,,,,,,,,, 0.00:11:0.00, 0.00:11:0.00
47, 5, ,, -32:DIPLO_STATE_WAR, -53:DIPLO_STATE_WAR, -34:DIPLO_STATE_WAR, -60:DIPLO_STATE_WAR, -22:DIPLO_STATE_WAR,, 8:DIPLO_STATE_ALLIED, 19:DIPLO_STATE_ALLIED, 22:DIPLO_STATE_ALLIED, 22:DIPLO_STATE_ALLIED, 0:DIPLO_STATE_WAR_WITH_MINOR, 0:DIPLO_STATE_WAR_WITH_MINOR,, 0:DIPLO_STATE_WAR_WITH_MINOR, 0:DIPLO_STATE_WAR_WITH_MINOR, 0:DIPLO_STATE_WAR_WITH_MINOR, 0:DIPLO_STATE_WAR_WITH_MINOR, 0:DIPLO_STATE_NO_INFLUENCE, 0:DIPLO_STATE_WAR_WITH_MINOR, 0:DIPLO_STATE_WAR_WITH_MINOR, 0:DIPLO_STATE_WAR_WITH_MINOR, 0:DIPLO_STATE_NO_INFLUENCE,,,,,,,,,,,,,,,,,,,,,,,,,,,,,,,,,,,,,,,,, 0:DIPLO_STATE_FREE_CITIES_NEUTRAL, 0:
47, 5, Threat and Trust,, 10.16:6:2.00, 10.16:6:1.00, 10.16:6:2.00, 10.16:6:2.00, 10.16:6:6.00,, 60.16:3:-5.00, 60.16:3:1.00, 74.61:2:0.00, 82.55:1:2.00, 0.00:11:0.00, 0.00:11:0.00,, 0.00:11:0.00, 0.00:11:0.00, 0.00:11:0.00, 0.00:11:0.00, 0.00:11:0.00, 0.00:11:0.00, 0.00:11:0.00, 0.00:11:0.00, 0.00:11:0.00,,,,,,,,,,,,,,,,,,,,,,,,,,,,,,,,,,,,,,,,, 0.00:11:0.00, 0.00:11:0.00
47, 6, ,, -80:DIPLO_STATE_WAR, -64:DIPLO_STATE_WAR, -65:DIPLO_STATE_WAR, -74:DIPLO_STATE_WAR, -85:DIPLO_STATE_WAR, -33:DIPLO_STATE_ALLIED,, 8:DIPLO_STATE_ALLIED, 9:DIPLO_STATE_ALLIED, 1:DIPLO_STATE_ALLIED, 0:DIPLO_STATE_WAR_WITH_MINOR, 0:DIPLO_STATE_WAR_WITH_MINOR,, 0:DIPLO_STATE_WAR_WITH_MINOR, 0:DIPLO_STATE_WAR_WITH_MINOR, 0:DIPLO_STATE_WAR_WITH_MINOR, 0:DIPLO_STATE_WAR_WITH_MINOR, 0:DIPLO_STATE_NO_INFLUENCE, 0:DIPLO_STATE_WAR_WITH_MINOR, 0:DIPLO_STATE_WAR_WITH_MINOR, 0:DIPLO_STATE_WAR_WITH_MINOR, 0:DIPLO_STATE_NO_INFLUENCE,,,,,,,,,,,,,,,,,,,,,,,,,,,,,,,,,,,,,,,,, 0:DIPLO_STATE_FREE_CITIES_NEUTRAL, 0:
47, 6, Threat and Trust,, 10.16:6:2.00, 10.16:6:1.00, 10.16:6:2.00, 10.16:6:2.00, 10.16:6:6.00, 66.20:3:-10.00,, 65.41:4:1.00, 80.66:2:0.00, 88.61:1:2.00, 0.00:11:0.00, 0.00:11:0.00,, 0.00:11:0.00, 0.00:11:0.00, 0.00:11:0.00, 0.00:11:0.00, 0.00:11:0.00, 0.00:11:0.00, 0.00:11:0.00, 0.00:11:0.00, 0.00:11:0.00,,,,,,,,,,,,,,,,,,,,,,,,,,,,,,,,,,,,,,,,, 0.00:11:0.00, 0.00:11:0.00
47, 7, ,, -95:DIPLO_STATE_WAR, -78:DIPLO_STATE_WAR, -86:DIPLO_STATE_WAR, -95:DIPLO_STATE_WAR, -95:DIPLO_STATE_WAR, -27:DIPLO_STATE_ALLIED, 1:DIPLO_STATE_ALLIED,, 3:DIPLO_STATE_ALLIED, 2:DIPLO_STATE_ALLIED, 0:DIPLO_STATE_WAR_WITH_MINOR, 0:DIPLO_STATE_WAR_WITH_MINOR,, 0:DIPLO_STATE_WAR_WITH_MINOR, 0:DIPLO_STATE_WAR_WITH_MINOR, 0:DIPLO_STATE_WAR_WITH_MINOR, 0:DIPLO_STATE_WAR_WITH_MINOR, 0:DIPLO_STATE_NO_INFLUENCE, 0:DIPLO_STATE_WAR_WITH_MINOR, 0:DIPLO_STATE_WAR_WITH_MINOR, 0:DIPLO_STATE_WAR_WITH_MINOR, 0:DIPLO_STATE_NO_INFLUENCE,,,,,,,,,,,,,,,,,,,,,,,,,,,,,,,,,,,,,,,,, 0:DIPLO_STATE_FREE_CITIES_NEUTRAL, 0:
47, 7, Threat and Trust,, 10.16:6:2.00, 10.16:6:1.00, 10.16:6:1.00, 10.16:6:2.00, 10.16:6:6.00, 60.16:3:-10.00, 60.16:3:-5.00,, 72.95:2:0.00, 80.91:1:2.00, 0.00:11:0.00, 0.00:11:0.00,, 0.00:11:0.00, 0.00:11:0.00, 0.00:11:0.00, 0.00:11:0.00, 0.00:11:0.00, 0.00:11:0.00, 0.00:11:0.00, 0.00:11:0.00, 0.00:11:0.00,,,,,,,,,,,,,,,,,,,,,,,,,,,,,,,,,,,,,,,,, 0.00:11:0.00, 0.00:11:0.00
47, 8, ,, -105:DIPLO_STATE_WAR, -106:DIPLO_STATE_WAR, -78:DIPLO_STATE_WAR, -90:DIPLO_STATE_WAR, -96:DIPLO_STATE_WAR, -29:DIPLO_STATE_ALLIED, -13:DIPLO_STATE_ALLIED, -9:DIPLO_STATE_ALLIED,, 18:DIPLO_STATE_ALLIED, 0:DIPLO_STATE_WAR_WITH_MINOR, 0:DIPLO_STATE_WAR_WITH_MINOR,, 0:DIPLO_STATE_WAR_WITH_MINOR, 0:DIPLO_STATE_WAR_WITH_MINOR, 0:DIPLO_STATE_WAR_WITH_MINOR, 0:DIPLO_STATE_WAR_WITH_MINOR, 0:DIPLO_STATE_NO_INFLUENCE, 0:DIPLO_STATE_WAR_WITH_MINOR, 0:DIPLO_STATE_WAR_WITH_MINOR, 0:DIPLO_STATE_WAR_WITH_MINOR, 0:DIPLO_STATE_NO_INFLUENCE,,,,,,,,,,,,,,,,,,,,,,,,,,,,,,,,,,,,,,,,, 0:DIPLO_STATE_FREE_CITIES_NEUTRAL, 0:
47, 8, Threat and Trust,, 10.16:6:2.00, 10.16:6:1.00, 10.16:6:2.00, 10.16:6:2.00, 10.16:6:6.00, 60.16:2:-10.00, 60.16:2:-5.00, 60.16:2:1.00,, 108.95:1:2.00, 0.00:11:0.00, 0.00:11:0.00,, 0.00:11:0.00, 0.00:11:0.00, 0.00:11:0.00, 0.00:11:0.00, 0.00:11:0.00, 0.00:11:0.00, 0.00:11:0.00, 0.00:11:0.00, 0.00:11:0.00,,,,,,,,,,,,,,,,,,,,,,,,,,,,,,,,,,,,,,,,, 0.00:11:0.00, 0.00:11:0.00
47, 9, ,, -87:DIPLO_STATE_WAR, -85:DIPLO_STATE_WAR, -67:DIPLO_STATE_WAR, -65:DIPLO_STATE_WAR, -69:DIPLO_STATE_WAR, -37:DIPLO_STATE_ALLIED, 6:DIPLO_STATE_ALLIED, -10:DIPLO_STATE_ALLIED, 6:DIPLO_STATE_ALLIED,, 0:DIPLO_STATE_WAR_WITH_MINOR, 0:DIPLO_STATE_WAR_WITH_MINOR,, 0:DIPLO_STATE_WAR_WITH_MINOR, 0:DIPLO_STATE_WAR_WITH_MINOR, 0:DIPLO_STATE_WAR_WITH_MINOR, 0:DIPLO_STATE_WAR_WITH_MINOR, 0:DIPLO_STATE_NO_INFLUENCE, 0:DIPLO_STATE_WAR_WITH_MINOR, 0:DIPLO_STATE_WAR_WITH_MINOR, 0:DIPLO_STATE_WAR_WITH_MINOR, 0:DIPLO_STATE_NO_INFLUENCE,,,,,,,,,,,,,,,,,,,,,,,,,,,,,,,,,,,,,,,,, 0:DIPLO_STATE_FREE_CITIES_NEUTRAL, 0:
47, 9, Threat and Trust,, 10.16:6:2.00, 10.16:6:2.00, 10.16:6:0.00, 10.16:6:0.00, 10.16:6:1.00, 60.16:1:-10.00, 60.16:1:-5.00, 60.16:1:1.00, 60.16:1:0.00,, 0.00:11:0.00, 0.00:11:0.00,, 0.00:11:0.00, 0.00:11:0.00, 0.00:11:0.00, 0.00:11:0.00, 0.00:11:0.00, 0.00:11:0.00, 0.00:11:0.00, 0.00:11:0.00, 0.00:11:0.00,,,,,,,,,,,,,,,,,,,,,,,,,,,,,,,,,,,,,,,,, 0.00:11:0.00, 0.00:11:0.00
47, 10, ,, 0:DIPLO_STATE_AWARE, 2:DIPLO_STATE_PATRON, 1:DIPLO_STATE_PATRON, 0:DIPLO_STATE_AWARE, 3:DIPLO_STATE_PATRON, 0:DIPLO_STATE_WAR_WITH_MAJOR, 0:DIPLO_STATE_WAR_WITH_MAJOR, 0:DIPLO_STATE_WAR_WITH_MAJOR, 0:DIPLO_STATE_WAR_WITH_MAJOR, 0:DIPLO_STATE_WAR_WITH_MAJOR,,,,, 0:DIPLO_STATE_MINOR_MINOR,,, 0:DIPLO_STATE_MINOR_MINOR_WAR,,,,,,,,,,,,,,,,,,,,,,,,,,,,,,,,,,,,,,,,,,,,,, 0:
47, 10, Threat and Trust,, 10.16:6:0.00, 10.16:6:0.00, 10.16:6:0.00, 10.16:6:0.00, 10.16:6:0.00, 105.05:4:0.00, 99.00:5:0.00, 106.70:3:0.00, 122.25:2:0.00, 123.95:1:0.00,,,,, 0.00:11:0.00,,, 0.00:11:0.00,,,,,,,,,,,,,,,,,,,,,,,,,,,,,,,,,,,,,,,,,,,,,, 0.00:11:0.00
47, 12, ,, 1:DIPLO_STATE_PATRON, 1:DIPLO_STATE_PATRON, 0:DIPLO_STATE_AWARE, 1:DIPLO_STATE_PATRON, 1:DIPLO_STATE_PATRON,,,,,,,,,,,,, 0:DIPLO_STATE_MINOR_MINOR,,,, 0:DIPLO_STATE_MINOR_MINOR,,,,,,,,,,,,,,,,,,,,,,,,,,,,,,,,,,,,,,,,,, 0:
47, 12, Threat and Trust,, 15.36:1:0.00, 10.16:2:0.00, 10.16:2:0.00, 10.16:2:0.00, 10.16:2:0.00,,,,,,,,,,,,, 0.00:6:0.00,,,, 0.00:6:0.00,,,,,,,,,,,,,,,,,,,,,,,,,,,,,,,,,,,,,,,,,, 0.00:6:0.00
47, 13, ,, 0:DIPLO_STATE_AWARE, 4:DIPLO_STATE_PATRON, 0:DIPLO_STATE_AWARE, 2:DIPLO_STATE_PATRON, 0:DIPLO_STATE_AWARE, 0:DIPLO_STATE_WAR_WITH_MAJOR, 0:DIPLO_STATE_WAR_WITH_MAJOR, 0:DIPLO_STATE_WAR_WITH_MAJOR, 0:DIPLO_STATE_WAR_WITH_MAJOR, 0:DIPLO_STATE_WAR_WITH_MAJOR,,,,, 0:DIPLO_STATE_MINOR_MINOR,, 0:DIPLO_STATE_MINOR_MINOR, 0:DIPLO_STATE_MINOR_MINOR_WAR,,,,,,,,,,,,,,,,,,,,,,,,,,,,,,,,,,,,,,,,,,,,,, 0:
47, 13, Threat and Trust,, 16.16:6:0.00, 10.16:7:0.00, 10.16:7:0.00, 10.16:7:0.00, 10.16:7:0.00, 109.41:4:0.00, 103.36:5:0.00, 111.05:3:0.00, 126.61:2:0.00, 128.30:1:0.00,,,,, 0.00:11:0.00,, 0.00:11:0.00, 0.00:11:0.00,,,,,,,,,,,,,,,,,,,,,,,,,,,,,,,,,,,,,,,,,,,,,, 0.00:11:0.00
47, 14, ,, 2:DIPLO_STATE_PATRON, 0:DIPLO_STATE_AWARE, 0:DIPLO_STATE_AWARE, 0:DIPLO_STATE_AWARE, 3:DIPLO_STATE_PATRON, 0:DIPLO_STATE_WAR_WITH_MAJOR, 0:DIPLO_STATE_WAR_WITH_MAJOR, 0:DIPLO_STATE_WAR_WITH_MAJOR, 0:DIPLO_STATE_WAR_WITH_MAJOR, 0:DIPLO_STATE_WAR_WITH_MAJOR, 0:DIPLO_STATE_MINOR_MINOR, 0:DIPLO_STATE_MINOR_MINOR,, 0:DIPLO_STATE_MINOR_MINOR,, 0:DIPLO_STATE_MINOR_MINOR, 0:DIPLO_STATE_MINOR_MINOR, 0:DIPLO_STATE_MINOR_MINOR_WAR,, 0:DIPLO_STATE_MINOR_MINOR, 0:DIPLO_STATE_MINOR_MINOR, 0:DIPLO_STATE_MINOR_MINOR,,,,,,,,,,,,,,,,,,,,,,,,,,,,,,,,,,,,,,,,,, 0:
47, 14, Threat and Trust,, 20.11:6:0.00, 10.16:8:0.00, 10.16:8:0.00, 10.16:8:0.00, 17.61:7:0.00, 113.36:4:0.00, 107.30:5:0.00, 115.00:3:0.00, 130.55:2:0.00, 132.25:1:0.00, 0.00:11:0.00, 0.00:11:0.00,, 0.00:11:0.00,, 0.00:11:0.00, 0.00:11:0.00, 0.00:11:0.00,, 0.00:11:0.00, 0.00:11:0.00, 0.00:11:0.00,,,,,,,,,,,,,,,,,,,,,,,,,,,,,,,,,,,,,,,,,, 0.00:11:0.00
47, 15, ,, 0:DIPLO_STATE_AWARE, 1:DIPLO_STATE_PATRON, 3:DIPLO_STATE_PATRON, 2:DIPLO_STATE_PATRON, 1:DIPLO_STATE_PATRON, 0:DIPLO_STATE_WAR_WITH_MAJOR, 0:DIPLO_STATE_WAR_WITH_MAJOR, 0:DIPLO_STATE_WAR_WITH_MAJOR, 0:DIPLO_STATE_WAR_WITH_MAJOR, 0:DIPLO_STATE_WAR_WITH_MAJOR,,,,, 0:DIPLO_STATE_MINOR_MINOR,, 0:DIPLO_STATE_MINOR_MINOR, 0:DIPLO_STATE_MINOR_MINOR_WAR,,, 0:DIPLO_STATE_MINOR_MINOR,,,,,,,,,,,,,,,,,,,,,,,,,,,,,,,,,,,,,,,,,,, 0:
47, 15, Threat and Trust,, 10.16:6:0.00, 10.16:6:0.00, 10.16:6:0.00, 10.16:6:0.00, 10.16:6:0.00, 105.41:4:0.00, 99.36:5:0.00, 107.05:3:0.00, 122.61:2:0.00, 124.30:1:0.00,,,,, 0.00:11:0.00,, 0.00:11:0.00, 0.00:11:0.00,,, 0.00:11:0.00,,,,,,,,,,,,,,,,,,,,,,,,,,,,,,,,,,,,,,,,,,, 0.00:11:0.00
47, 16, ,, 0:DIPLO_STATE_AWARE, 0:DIPLO_STATE_AWARE, 0:DIPLO_STATE_AWARE, 0:DIPLO_STATE_AWARE, 3:DIPLO_STATE_PATRON, 0:DIPLO_STATE_WAR_WITH_MAJOR, 0:DIPLO_STATE_WAR_WITH_MAJOR, 0:DIPLO_STATE_WAR_WITH_MAJOR, 0:DIPLO_STATE_WAR_WITH_MAJOR, 0:DIPLO_STATE_WAR_WITH_MAJOR,, 0:DIPLO_STATE_MINOR_MINOR_WAR,, 0:DIPLO_STATE_MINOR_MINOR, 0:DIPLO_STATE_MINOR_MINOR, 0:DIPLO_STATE_MINOR_MINOR,, 0:DIPLO_STATE_MINOR_MINOR_WAR, 0:DIPLO_STATE_MINOR_MINOR, 0:DIPLO_STATE_MINOR_MINOR_WAR, 0:DIPLO_STATE_MINOR_MINOR, 0:DIPLO_STATE_MINOR_MINOR,,,,,,,,,,,,,,,,,,,,,,,,,,,,,,,,,,,,,,,,,, 0:
47, 16, Threat and Trust,, 20.16:6:0.00, 10.16:8:0.00, 10.16:8:0.00, 10.16:8:0.00, 17.66:7:0.00, 113.41:4:0.00, 107.36:5:0.00, 137.45:2:0.00, 173.80:1:0.00, 132.30:3:0.00,, 0.00:11:0.00,, 0.00:11:0.00, 0.00:11:0.00, 0.00:11:0.00,, 0.00:11:0.00, 0.00:11:0.00, 0.00:11:0.00, 0.00:11:0.00, 0.00:11:0.00,,,,,,,,,,,,,,,,,,,,,,,,,,,,,,,,,,,,,,,,,, 0.00:11:0.00
47, 17, ,, 0:DIPLO_STATE_WAR_WITH_MAJOR, 3:DIPLO_STATE_WAR_WITH_MAJOR, 2:DIPLO_STATE_WAR_WITH_MAJOR, 3:DIPLO_STATE_WAR_WITH_MAJOR, 1:DIPLO_STATE_WAR_WITH_MAJOR, 0:DIPLO_STATE_AWARE, 4:DIPLO_STATE_PATRON, 1:DIPLO_STATE_PATRON, 1:DIPLO_STATE_PATRON, 2:DIPLO_STATE_PATRON, 0:DIPLO_STATE_MINOR_MINOR_WAR,, 0:DIPLO_STATE_MINOR_MINOR, 0:DIPLO_STATE_MINOR_MINOR_WAR, 0:DIPLO_STATE_MINOR_MINOR_WAR, 0:DIPLO_STATE_MINOR_MINOR_WAR, 0:DIPLO_STATE_MINOR_MINOR_WAR,,,, 0:DIPLO_STATE_MINOR_MINOR_WAR, 0:DIPLO_STATE_MINOR_MINOR,,,,,,,,,,,,,,,,,,,,,,,,,,,,,,,,,,,,,,,,,, 0:
47, 17, Threat and Trust,, 10.16:6:0.00, 10.16:6:0.00, 10.16:6:0.00, 10.16:6:0.00, 10.16:6:0.00, 102.80:4:0.00, 96.75:5:0.00, 104.45:3:0.00, 120.00:2:0.00, 121.70:1:0.00, 0.00:11:0.00,, 0.00:11:0.00, 0.00:11:0.00, 0.00:11:0.00, 0.00:11:0.00, 0.00:11:0.00,,,, 0.00:11:0.00, 0.00:11:0.00,,,,,,,,,,,,,,,,,,,,,,,,,,,,,,,,,,,,,,,,,, 0.00:11:0.00
47, 20, ,, 2:DIPLO_STATE_PATRON, 0:DIPLO_STATE_AWARE, 0:DIPLO_STATE_AWARE, 2:DIPLO_STATE_PATRON, 3:DIPLO_STATE_PATRON, 0:DIPLO_STATE_WAR_WITH_MAJOR, 0:DIPLO_STATE_WAR_WITH_MAJOR, 0:DIPLO_STATE_WAR_WITH_MAJOR, 0:DIPLO_STATE_WAR_WITH_MAJOR, 0:DIPLO_STATE_WAR_WITH_MAJOR,, 0:DIPLO_STATE_MINOR_MINOR,,, 0:DIPLO_STATE_MINOR_MINOR, 0:DIPLO_STATE_MINOR_MINOR, 0:DIPLO_STATE_MINOR_MINOR, 0:DIPLO_STATE_MINOR_MINOR_WAR,,,,,,,,,,,,,,,,,,,,,,,,,,,,,,,,,,,,,,,,,,,,,, 0:
47, 20, Threat and Trust,, 10.16:6:0.00, 10.16:6:0.00, 10.16:6:0.00, 10.16:6:0.00, 10.16:6:0.00, 104.16:4:0.00, 98.11:5:0.00, 105.80:3:0.00, 121.36:2:0.00, 123.05:1:0.00,, 0.00:11:0.00,,, 0.00:11:0.00, 0.00:11:0.00, 0.00:11:0.00, 0.00:11:0.00,,,,,,,,,,,,,,,,,,,,,,,,,,,,,,,,,,,,,,,,,,,,,, 0.00:11:0.00
47, 21, ,, 1:DIPLO_STATE_PATRON, 3:DIPLO_STATE_PATRON, 0:DIPLO_STATE_AWARE, 0:DIPLO_STATE_AWARE, 3:DIPLO_STATE_PATRON, 0:DIPLO_STATE_AWARE, 0:DIPLO_STATE_AWARE, 0:DIPLO_STATE_AWARE, 0:DIPLO_STATE_AWARE, 0:DIPLO_STATE_AWARE,,, 0:DIPLO_STATE_MINOR_MINOR,, 0:DIPLO_STATE_MINOR_MINOR,, 0:DIPLO_STATE_MINOR_MINOR, 0:DIPLO_STATE_MINOR_MINOR,,,,,,,,,,,,,,,,,,,,,,,,,,,,,,,,,,,,,,,,,,,,,, 0:
47, 21, Threat and Trust,, 10.16:6:0.00, 10.16:6:0.00, 10.16:6:0.00, 10.16:6:0.00, 10.16:6:0.00, 101.70:4:0.00, 95.66:5:0.00, 103.36:3:0.00, 118.91:2:0.00, 120.61:1:0.00,,, 0.00:11:0.00,, 0.00:11:0.00,, 0.00:11:0.00, 0.00:11:0.00,,,,,,,,,,,,,,,,,,,,,,,,,,,,,,,,,,,,,,,,,,,,,, 0.00:11:0.00
47, 62, ,, 0:DIPLO_STATE_FREE_CITIES_NEUTRAL, 0:DIPLO_STATE_FREE_CITIES_NEUTRAL, 0:DIPLO_STATE_FREE_CITIES_NEUTRAL, 0:DIPLO_STATE_FREE_CITIES_NEUTRAL, 0:DIPLO_STATE_FREE_CITIES_NEUTRAL, 0:DIPLO_STATE_FREE_CITIES_NEUTRAL, 0:DIPLO_STATE_FREE_CITIES_NEUTRAL, 0:DIPLO_STATE_FREE_CITIES_NEUTRAL, 0:DIPLO_STATE_FREE_CITIES_NEUTRAL, 0:DIPLO_STATE_FREE_CITIES_NEUTRAL,,,,,,,,,,,,,,,,,,,,,,,,,,,,,,,,,,,,,,,,,,,,,,,,,,,,,,
47, 62, Threat and Trust,, 22.86:6:0.00, 10.16:9:0.00, 17.70:8:0.00, 10.16:9:0.00, 20.36:7:0.00, 116.11:4:0.00, 110.05:5:0.00, 117.75:3:0.00, 133.30:2:0.00, 135.00:1:0.00,,,,,,,,,,,,,,,,,,,,,,,,,,,,,,,,,,,,,,,,,,,,,,,,,,,,,,
47, 63, ,, 0:, 0:, 0:, 0:, 0:, 0:, 0:, 0:, 0:, 0:, 0:, 0:, 0:, 0:, 0:, 0:, 0:, 0:, 0:, 0:, 0:, 0:,,,,,,,,,,,,,,,,,,,,,,,,,,,,,,,,,,,,,,,,,,
47, 63, Threat and Trust,, 0.00:1:0.00, 0.00:1:0.00, 0.00:1:0.00, 0.00:1:0.00, 0.00:1:0.00, 0.00:1:0.00, 0.00:1:0.00, 0.00:1:0.00, 0.00:1:0.00, 0.00:1:0.00, 0.00:1:0.00, 0.00:1:0.00, 0.00:1:0.00, 0.00:1:0.00, 0.00:1:0.00, 0.00:1:0.00, 0.00:1:0.00, 0.00:1:0.00, 0.00:1:0.00, 0.00:1:0.00, 0.00:1:0.00, 0.00:1:0.00,,,,,,,,,,,,,,,,,,,,,,,,,,,,,,,,,,,,,,,,,,
47, 0, ,,, -3:DIPLO_STATE_ALLIED, 12:DIPLO_STATE_ALLIED, -6:DIPLO_STATE_ALLIED, 50:DIPLO_STATE_ALLIED, 8:DIPLO_STATE_WAR, -5:DIPLO_STATE_WAR, -5:DIPLO_STATE_WAR, -5:DIPLO_STATE_WAR, -11:DIPLO_STATE_WAR, 0:DIPLO_STATE_NO_INFLUENCE, 0:DIPLO_STATE_NO_INFLUENCE, 1:DIPLO_STATE_INFLUENTIAL, 0:DIPLO_STATE_NO_INFLUENCE, 2:DIPLO_STATE_INFLUENTIAL, 0:DIPLO_STATE_NO_INFLUENCE, 0:DIPLO_STATE_NO_INFLUENCE, 0:DIPLO_STATE_WAR_WITH_MINOR, 0:DIPLO_STATE_NO_INFLUENCE, 0:DIPLO_STATE_NO_INFLUENCE, 2:DIPLO_STATE_INFLUENTIAL, 1:DIPLO_STATE_INFLUENTIAL,,,,,,,,,,,,,,,,,,,,,,,,,,,,,,,,,,,,,,,,, 0:DIPLO_STATE_FREE_CITIES_NEUTRAL, 0:
47, 0, Threat and Trust,,, 10.16:6:5.00, 10.16:6:5.00, 10.16:6:6.00, 10.16:6:10.00, 100.61:4:-10.00, 94.55:5:-5.00, 102.25:3:0.00, 117.80:2:0.00, 119.50:1:2.00, 0.00:11:0.00, 0.00:11:0.00, 0.00:11:0.00, 0.00:11:0.00, 0.00:11:0.00, 0.00:11:0.00, 0.00:11:0.00, 0.00:11:0.00, 0.00:11:0.00, 0.00:11:0.00, 0.00:11:0.00, 0.00:11:0.00,,,,,,,,,,,,,,,,,,,,,,,,,,,,,,,,,,,,,,,,, 0.00:11:0.00, 0.00:11:0.00
47, 1, ,, 32:DIPLO_STATE_ALLIED,, 19:DIPLO_STATE_ALLIED, 23:DIPLO_STATE_ALLIED, 36:DIPLO_STATE_ALLIED, -6:DIPLO_STATE_WAR, 3:DIPLO_STATE_WAR, 2:DIPLO_STATE_WAR, -5:DIPLO_STATE_WAR, -10:DIPLO_STATE_WAR, 2:DIPLO_STATE_INFLUENTIAL, 0:DIPLO_STATE_NO_INFLUENCE, 1:DIPLO_STATE_INFLUENTIAL, 4:DIPLO_STATE_MAX_INFLUENCE, 0:DIPLO_STATE_NO_INFLUENCE, 1:DIPLO_STATE_INFLUENTIAL, 0:DIPLO_STATE_NO_INFLUENCE, 3:DIPLO_STATE_WAR_WITH_MINOR, 0:DIPLO_STATE_NO_INFLUENCE, 0:DIPLO_STATE_NO_INFLUENCE, 0:DIPLO_STATE_NO_INFLUENCE, 3:DIPLO_STATE_INFLUENTIAL,,,,,,,,,,,,,,,,,,,,,,,,,,,,,,,,,,,,,,,,, 0:DIPLO_STATE_FREE_CITIES_NEUTRAL, 0:
47, 1, Threat and Trust,, 20.61:6:4.00,, 10.16:8:2.00, 10.16:8:4.00, 15.30:7:6.00, 111.05:4:-10.00, 105.00:5:-5.00, 112.70:3:0.00, 128.25:2:0.00, 129.95:1:2.00, 0.00:11:0.00, 0.00:11:0.00, 0.00:11:0.00, 0.00:11:0.00, 0.00:11:0.00, 0.00:11:0.00, 0.00:11:0.00, 0.00:11:0.00, 0.00:11:0.00, 0.00:11:0.00, 0.00:11:0.00, 0.00:11:0.00,,,,,,,,,,,,,,,,,,,,,,,,,,,,,,,,,,,,,,,,, 0.00:11:0.00, 0.00:11:0.00
47, 2, ,, 37:DIPLO_STATE_ALLIED, -22:DIPLO_STATE_ALLIED,, 25:DIPLO_STATE_ALLIED, 46:DIPLO_STATE_ALLIED, -2:DIPLO_STATE_WAR, 4:DIPLO_STATE_WAR, 4:DIPLO_STATE_WAR, 17:DIPLO_STATE_WAR, 8:DIPLO_STATE_WAR, 1:DIPLO_STATE_INFLUENTIAL, 0:DIPLO_STATE_NO_INFLUENCE, 0:DIPLO_STATE_NO_INFLUENCE, 0:DIPLO_STATE_NO_INFLUENCE, 0:DIPLO_STATE_NO_INFLUENCE, 3:DIPLO_STATE_MAX_INFLUENCE, 0:DIPLO_STATE_NO_INFLUENCE, 2:DIPLO_STATE_WAR_WITH_MINOR, 0:DIPLO_STATE_NO_INFLUENCE, 0:DIPLO_STATE_NO_INFLUENCE, 0:DIPLO_STATE_NO_INFLUENCE, 0:DIPLO_STATE_NO_INFLUENCE,,,,,,,,,,,,,,,,,,,,,,,,,,,,,,,,,,,,,,,,, 0:DIPLO_STATE_FREE_CITIES_NEUTRAL, 0:
47, 2, Threat and Trust,, 17.61:6:4.00, 10.16:7:2.00,, 10.16:7:4.00, 10.16:7:12.00, 108.05:4:-10.00, 102.00:5:-5.00, 109.70:3:0.00, 125.25:2:0.00, 126.95:1:0.00, 0.00:11:0.00, 0.00:11:0.00, 0.00:11:0.00, 0.00:11:0.00, 0.00:11:0.00, 0.00:11:0.00, 0.00:11:0.00, 0.00:11:0.00, 0.00:11:0.00, 0.00:11:0.00, 0.00:11:0.00, 0.00:11:0.00,,,,,,,,,,,,,,,,,,,,,,,,,,,,,,,,,,,,,,,,, 0.00:11:0.00, 0.00:11:0.00
47, 3, ,, 20:DIPLO_STATE_ALLIED, 16:DIPLO_STATE_ALLIED, 34:DIPLO_STATE_ALLIED,, 29:DIPLO_STATE_ALLIED, -19:DIPLO_STATE_WAR, -5:DIPLO_STATE_WAR, -14:DIPLO_STATE_WAR, 8:DIPLO_STATE_WAR, -6:DIPLO_STATE_WAR, 0:DIPLO_STATE_NO_INFLUENCE, 0:DIPLO_STATE_NO_INFLUENCE, 1:DIPLO_STATE_INFLUENTIAL, 2:DIPLO_STATE_INFLUENTIAL, 0:DIPLO_STATE_NO_INFLUENCE, 2:DIPLO_STATE_INFLUENTIAL, 0:DIPLO_STATE_NO_INFLUENCE, 3:DIPLO_STATE_WAR_WITH_MINOR, 0:DIPLO_STATE_NO_INFLUENCE, 0:DIPLO_STATE_NO_INFLUENCE, 2:DIPLO_STATE_INFLUENTIAL, 0:DIPLO_STATE_NO_INFLUENCE,,,,,,,,,,,,,,,,,,,,,,,,,,,,,,,,,,,,,,,,, 0:DIPLO_STATE_FREE_CITIES_NEUTRAL, 0:
47, 3, Threat and Trust,, 21.86:6:6.00, 10.16:8:4.00, 10.16:8:4.00,, 16.55:7:14.00, 112.30:4:-10.00, 106.25:5:-5.00, 113.95:3:0.00, 129.50:2:0.00, 131.20:1:0.00, 0.00:11:0.00, 0.00:11:0.00, 0.00:11:0.00, 0.00:11:0.00, 0.00:11:0.00, 0.00:11:0.00, 0.00:11:0.00, 0.00:11:0.00, 0.00:11:0.00, 0.00:11:0.00, 0.00:11:0.00, 0.00:11:0.00,,,,,,,,,,,,,,,,,,,,,,,,,,,,,,,,,,,,,,,,, 0.00:11:0.00, 0.00:11:0.00
47, 4, ,, 57:DIPLO_STATE_ALLIED, -19:DIPLO_STATE_ALLIED, 7:DIPLO_STATE_ALLIED, -11:DIPLO_STATE_ALLIED,, 6:DIPLO_STATE_WAR, -7:DIPLO_STATE_WAR, -7:DIPLO_STATE_WAR, 1:DIPLO_STATE_WAR, 1:DIPLO_STATE_WAR, 3:DIPLO_STATE_MAX_INFLUENCE, 0:DIPLO_STATE_NO_INFLUENCE, 1:DIPLO_STATE_INFLUENTIAL, 0:DIPLO_STATE_NO_INFLUENCE, 3:DIPLO_STATE_MAX_INFLUENCE, 1:DIPLO_STATE_INFLUENTIAL, 3:DIPLO_STATE_MAX_INFLUENCE, 1:DIPLO_STATE_WAR_WITH_MINOR, 0:DIPLO_STATE_NO_INFLUENCE, 0:DIPLO_STATE_NO_INFLUENCE, 3:DIPLO_STATE_MAX_INFLUENCE, 3:DIPLO_STATE_INFLUENTIAL,,,,,,,,,,,,,,,,,,,,,,,,,,,,,,,,,,,,,,,,, 0:DIPLO_STATE_FREE_CITIES_NEUTRAL, 0:
47, 4, Threat and Trust,, 15.41:6:8.00, 10.16:7:6.00, 10.16:7:12.00, 10.16:7:14.00,, 105.86:4:-10.00, 99.80:5:-5.00, 107.50:3:2.00, 123.05:2:0.00, 124.75:1:0.00, 0.00:11:0.00, 0.00:11:0.00, 0.00:11:0.00, 0.00:11:0.00, 0.00:11:0.00, 0.00:11:0.00, 0.00:11:0.00, 0.00:11:0.00, 0.00:11:0.00, 0.00:11:0.00, 0.00:11:0.00, 0.00:11:0.00,,,,,,,,,,,,,,,,,,,,,,,,,,,,,,,,,,,,,,,,, 0.00:11:0.00, 0.00:11:0.00
47, 2, ,, 37:DIPLO_STATE_ALLIED, -22:DIPLO_STATE_ALLIED,, 25:DIPLO_STATE_ALLIED, 46:DIPLO_STATE_ALLIED, -2:DIPLO_STATE_WAR, 4:DIPLO_STATE_WAR, 4:DIPLO_STATE_WAR, 17:DIPLO_STATE_WAR, 8:DIPLO_STATE_WAR, 1:DIPLO_STATE_INFLUENTIAL, 0:DIPLO_STATE_NO_INFLUENCE, 0:DIPLO_STATE_NO_INFLUENCE, 0:DIPLO_STATE_NO_INFLUENCE, 0:DIPLO_STATE_NO_INFLUENCE, 3:DIPLO_STATE_MAX_INFLUENCE, 0:DIPLO_STATE_NO_INFLUENCE, 2:DIPLO_STATE_WAR_WITH_MINOR, 0:DIPLO_STATE_NO_INFLUENCE, 0:DIPLO_STATE_NO_INFLUENCE, 0:DIPLO_STATE_NO_INFLUENCE, 0:DIPLO_STATE_NO_INFLUENCE,,,,,,,,,,,,,,,,,,,,,,,,,,,,,,,,,,,,,,,,, 0:DIPLO_STATE_FREE_CITIES_NEUTRAL, 0:
47, 2, Threat and Trust,, 17.61:6:4.00, 10.16:7:2.00,, 10.16:7:4.00, 10.16:7:12.00, 108.05:4:-10.00, 102.00:5:-5.00, 109.70:3:0.00, 125.25:2:0.00, 126.95:1:0.00, 0.00:11:0.00, 0.00:11:0.00, 0.00:11:0.00, 0.00:11:0.00, 0.00:11:0.00, 0.00:11:0.00, 0.00:11:0.00, 0.00:11:0.00, 0.00:11:0.00, 0.00:11:0.00, 0.00:11:0.00, 0.00:11:0.00,,,,,,,,,,,,,,,,,,,,,,,,,,,,,,,,,,,,,,,,, 0.00:11:0.00, 0.00:11:0.00
47, 2, ,, 37:DIPLO_STATE_ALLIED, -22:DIPLO_STATE_ALLIED,, 25:DIPLO_STATE_ALLIED, 46:DIPLO_STATE_ALLIED, -2:DIPLO_STATE_WAR, 4:DIPLO_STATE_WAR, 4:DIPLO_STATE_WAR, 17:DIPLO_STATE_WAR, 8:DIPLO_STATE_WAR, 1:DIPLO_STATE_INFLUENTIAL, 0:DIPLO_STATE_NO_INFLUENCE, 0:DIPLO_STATE_NO_INFLUENCE, 0:DIPLO_STATE_NO_INFLUENCE, 0:DIPLO_STATE_NO_INFLUENCE, 3:DIPLO_STATE_MAX_INFLUENCE, 0:DIPLO_STATE_NO_INFLUENCE, 2:DIPLO_STATE_WAR_WITH_MINOR, 0:DIPLO_STATE_NO_INFLUENCE, 0:DIPLO_STATE_NO_INFLUENCE, 0:DIPLO_STATE_NO_INFLUENCE, 0:DIPLO_STATE_NO_INFLUENCE,,,,,,,,,,,,,,,,,,,,,,,,,,,,,,,,,,,,,,,,, 0:DIPLO_STATE_FREE_CITIES_NEUTRAL, 0:
47, 2, Threat and Trust,, 17.61:6:4.00, 10.16:7:2.00,, 10.16:7:4.00, 10.16:7:12.00, 108.05:4:-10.00, 102.00:5:-5.00, 109.70:3:0.00, 125.25:2:0.00, 126.95:1:0.00, 0.00:11:0.00, 0.00:11:0.00, 0.00:11:0.00, 0.00:11:0.00, 0.00:11:0.00, 0.00:11:0.00, 0.00:11:0.00, 0.00:11:0.00, 0.00:11:0.00, 0.00:11:0.00, 0.00:11:0.00, 0.00:11:0.00,,,,,,,,,,,,,,,,,,,,,,,,,,,,,,,,,,,,,,,,, 0.00:11:0.00, 0.00:11:0.00
47, 3, ,, 20:DIPLO_STATE_ALLIED, 16:DIPLO_STATE_ALLIED, 34:DIPLO_STATE_ALLIED,, 29:DIPLO_STATE_ALLIED, -19:DIPLO_STATE_WAR, -5:DIPLO_STATE_WAR, -14:DIPLO_STATE_WAR, 8:DIPLO_STATE_WAR, -6:DIPLO_STATE_WAR, 0:DIPLO_STATE_NO_INFLUENCE, 0:DIPLO_STATE_NO_INFLUENCE, 1:DIPLO_STATE_INFLUENTIAL, 2:DIPLO_STATE_INFLUENTIAL, 0:DIPLO_STATE_NO_INFLUENCE, 2:DIPLO_STATE_INFLUENTIAL, 0:DIPLO_STATE_NO_INFLUENCE, 3:DIPLO_STATE_WAR_WITH_MINOR, 0:DIPLO_STATE_NO_INFLUENCE, 0:DIPLO_STATE_NO_INFLUENCE, 2:DIPLO_STATE_INFLUENTIAL, 0:DIPLO_STATE_NO_INFLUENCE,,,,,,,,,,,,,,,,,,,,,,,,,,,,,,,,,,,,,,,,, 0:DIPLO_STATE_FREE_CITIES_NEUTRAL, 0:
47, 3, Threat and Trust,, 21.86:6:6.00, 10.16:8:4.00, 10.16:8:4.00,, 16.55:7:14.00, 112.30:4:-10.00, 106.25:5:-5.00, 113.95:3:0.00, 129.50:2:0.00, 131.20:1:0.00, 0.00:11:0.00, 0.00:11:0.00, 0.00:11:0.00, 0.00:11:0.00, 0.00:11:0.00, 0.00:11:0.00, 0.00:11:0.00, 0.00:11:0.00, 0.00:11:0.00, 0.00:11:0.00, 0.00:11:0.00, 0.00:11:0.00,,,,,,,,,,,,,,,,,,,,,,,,,,,,,,,,,,,,,,,,, 0.00:11:0.00, 0.00:11:0.00
47, 0, ,,, -3:DIPLO_STATE_ALLIED, 12:DIPLO_STATE_ALLIED, -6:DIPLO_STATE_ALLIED, 50:DIPLO_STATE_ALLIED, 8:DIPLO_STATE_WAR, -5:DIPLO_STATE_WAR, -5:DIPLO_STATE_WAR, -5:DIPLO_STATE_WAR, -11:DIPLO_STATE_WAR, 0:DIPLO_STATE_NO_INFLUENCE, 0:DIPLO_STATE_NO_INFLUENCE, 1:DIPLO_STATE_INFLUENTIAL, 0:DIPLO_STATE_NO_INFLUENCE, 2:DIPLO_STATE_INFLUENTIAL, 0:DIPLO_STATE_NO_INFLUENCE, 0:DIPLO_STATE_NO_INFLUENCE, 0:DIPLO_STATE_WAR_WITH_MINOR, 0:DIPLO_STATE_NO_INFLUENCE, 0:DIPLO_STATE_NO_INFLUENCE, 2:DIPLO_STATE_INFLUENTIAL, 1:DIPLO_STATE_INFLUENTIAL,,,,,,,,,,,,,,,,,,,,,,,,,,,,,,,,,,,,,,,,, 0:DIPLO_STATE_FREE_CITIES_NEUTRAL, 0:
47, 0, Threat and Trust,,, 10.16:6:5.00, 10.16:6:5.00, 10.16:6:6.00, 10.16:6:12.00, 100.61:4:-10.00, 94.55:5:-5.00, 102.25:3:0.00, 117.80:2:0.00, 119.50:1:2.00, 0.00:11:0.00, 0.00:11:0.00, 0.00:11:0.00, 0.00:11:0.00, 0.00:11:0.00, 0.00:11:0.00, 0.00:11:0.00, 0.00:11:0.00, 0.00:11:0.00, 0.00:11:0.00, 0.00:11:0.00, 0.00:11:0.00,,,,,,,,,,,,,,,,,,,,,,,,,,,,,,,,,,,,,,,,, 0.00:11:0.00, 0.00:11:0.00
47, 2, ,, 37:DIPLO_STATE_ALLIED, -22:DIPLO_STATE_ALLIED,, 25:DIPLO_STATE_ALLIED, 46:DIPLO_STATE_ALLIED, -2:DIPLO_STATE_WAR, 4:DIPLO_STATE_WAR, 4:DIPLO_STATE_WAR, 17:DIPLO_STATE_WAR, 8:DIPLO_STATE_WAR, 1:DIPLO_STATE_INFLUENTIAL, 0:DIPLO_STATE_NO_INFLUENCE, 0:DIPLO_STATE_NO_INFLUENCE, 0:DIPLO_STATE_NO_INFLUENCE, 0:DIPLO_STATE_NO_INFLUENCE, 3:DIPLO_STATE_MAX_INFLUENCE, 0:DIPLO_STATE_NO_INFLUENCE, 2:DIPLO_STATE_WAR_WITH_MINOR, 0:DIPLO_STATE_NO_INFLUENCE, 0:DIPLO_STATE_NO_INFLUENCE, 0:DIPLO_STATE_NO_INFLUENCE, 0:DIPLO_STATE_NO_INFLUENCE,,,,,,,,,,,,,,,,,,,,,,,,,,,,,,,,,,,,,,,,, 0:DIPLO_STATE_FREE_CITIES_NEUTRAL, 0:
47, 2, Threat and Trust,, 17.61:6:4.00, 10.16:7:2.00,, 10.16:7:4.00, 10.16:7:12.00, 108.05:4:-10.00, 102.00:5:-5.00, 109.70:3:0.00, 125.25:2:0.00, 126.95:1:0.00, 0.00:11:0.00, 0.00:11:0.00, 0.00:11:0.00, 0.00:11:0.00, 0.00:11:0.00, 0.00:11:0.00, 0.00:11:0.00, 0.00:11:0.00, 0.00:11:0.00, 0.00:11:0.00, 0.00:11:0.00, 0.00:11:0.00,,,,,,,,,,,,,,,,,,,,,,,,,,,,,,,,,,,,,,,,, 0.00:11:0.00, 0.00:11:0.00
47, 3, ,, 20:DIPLO_STATE_ALLIED, 16:DIPLO_STATE_ALLIED, 34:DIPLO_STATE_ALLIED,, 29:DIPLO_STATE_ALLIED, -19:DIPLO_STATE_WAR, -5:DIPLO_STATE_WAR, -14:DIPLO_STATE_WAR, 8:DIPLO_STATE_WAR, -6:DIPLO_STATE_WAR, 0:DIPLO_STATE_NO_INFLUENCE, 0:DIPLO_STATE_NO_INFLUENCE, 1:DIPLO_STATE_INFLUENTIAL, 2:DIPLO_STATE_INFLUENTIAL, 0:DIPLO_STATE_NO_INFLUENCE, 2:DIPLO_STATE_INFLUENTIAL, 0:DIPLO_STATE_NO_INFLUENCE, 3:DIPLO_STATE_WAR_WITH_MINOR, 0:DIPLO_STATE_NO_INFLUENCE, 0:DIPLO_STATE_NO_INFLUENCE, 2:DIPLO_STATE_INFLUENTIAL, 0:DIPLO_STATE_NO_INFLUENCE,,,,,,,,,,,,,,,,,,,,,,,,,,,,,,,,,,,,,,,,, 0:DIPLO_STATE_FREE_CITIES_NEUTRAL, 0:
47, 3, Threat and Trust,, 21.86:6:6.00, 10.16:8:4.00, 10.16:8:4.00,, 16.55:7:14.00, 112.30:4:-10.00, 106.25:5:-5.00, 113.95:3:0.00, 129.50:2:0.00, 131.20:1:0.00, 0.00:11:0.00, 0.00:11:0.00, 0.00:11:0.00, 0.00:11:0.00, 0.00:11:0.00, 0.00:11:0.00, 0.00:11:0.00, 0.00:11:0.00, 0.00:11:0.00, 0.00:11:0.00, 0.00:11:0.00, 0.00:11:0.00,,,,,,,,,,,,,,,,,,,,,,,,,,,,,,,,,,,,,,,,, 0.00:11:0.00, 0.00:11:0.00
47, 3, ,, 20:DIPLO_STATE_ALLIED, 16:DIPLO_STATE_ALLIED, 34:DIPLO_STATE_ALLIED,, 29:DIPLO_STATE_ALLIED, -19:DIPLO_STATE_WAR, -5:DIPLO_STATE_WAR, -14:DIPLO_STATE_WAR, 8:DIPLO_STATE_WAR, -6:DIPLO_STATE_WAR, 0:DIPLO_STATE_NO_INFLUENCE, 0:DIPLO_STATE_NO_INFLUENCE, 1:DIPLO_STATE_INFLUENTIAL, 2:DIPLO_STATE_INFLUENTIAL, 0:DIPLO_STATE_NO_INFLUENCE, 2:DIPLO_STATE_INFLUENTIAL, 0:DIPLO_STATE_NO_INFLUENCE, 3:DIPLO_STATE_WAR_WITH_MINOR, 0:DIPLO_STATE_NO_INFLUENCE, 0:DIPLO_STATE_NO_INFLUENCE, 2:DIPLO_STATE_INFLUENTIAL, 0:DIPLO_STATE_NO_INFLUENCE,,,,,,,,,,,,,,,,,,,,,,,,,,,,,,,,,,,,,,,,, 0:DIPLO_STATE_FREE_CITIES_NEUTRAL, 0:
47, 3, Threat and Trust,, 21.86:6:6.00, 10.16:8:4.00, 10.16:8:4.00,, 16.55:7:14.00, 112.30:4:-10.00, 106.25:5:-5.00, 113.95:3:0.00, 129.50:2:0.00, 131.20:1:0.00, 0.00:11:0.00, 0.00:11:0.00, 0.00:11:0.00, 0.00:11:0.00, 0.00:11:0.00, 0.00:11:0.00, 0.00:11:0.00, 0.00:11:0.00, 0.00:11:0.00, 0.00:11:0.00, 0.00:11:0.00, 0.00:11:0.00,,,,,,,,,,,,,,,,,,,,,,,,,,,,,,,,,,,,,,,,, 0.00:11:0.00, 0.00:11:0.00
47, 0, ,,, -3:DIPLO_STATE_ALLIED, 12:DIPLO_STATE_ALLIED, -6:DIPLO_STATE_ALLIED, 50:DIPLO_STATE_ALLIED, 8:DIPLO_STATE_WAR, -5:DIPLO_STATE_WAR, -5:DIPLO_STATE_WAR, -5:DIPLO_STATE_WAR, -11:DIPLO_STATE_WAR, 0:DIPLO_STATE_NO_INFLUENCE, 0:DIPLO_STATE_NO_INFLUENCE, 1:DIPLO_STATE_INFLUENTIAL, 0:DIPLO_STATE_NO_INFLUENCE, 2:DIPLO_STATE_INFLUENTIAL, 0:DIPLO_STATE_NO_INFLUENCE, 0:DIPLO_STATE_NO_INFLUENCE, 0:DIPLO_STATE_WAR_WITH_MINOR, 0:DIPLO_STATE_NO_INFLUENCE, 0:DIPLO_STATE_NO_INFLUENCE, 2:DIPLO_STATE_INFLUENTIAL, 1:DIPLO_STATE_INFLUENTIAL,,,,,,,,,,,,,,,,,,,,,,,,,,,,,,,,,,,,,,,,, 0:DIPLO_STATE_FREE_CITIES_NEUTRAL, 0:
47, 0, Threat and Trust,,, 10.16:6:5.00, 10.16:6:5.00, 10.16:6:6.00, 10.16:6:12.00, 100.61:4:-10.00, 94.55:5:-5.00, 102.25:3:0.00, 117.80:2:0.00, 119.50:1:2.00, 0.00:11:0.00, 0.00:11:0.00, 0.00:11:0.00, 0.00:11:0.00, 0.00:11:0.00, 0.00:11:0.00, 0.00:11:0.00, 0.00:11:0.00, 0.00:11:0.00, 0.00:11:0.00, 0.00:11:0.00, 0.00:11:0.00,,,,,,,,,,,,,,,,,,,,,,,,,,,,,,,,,,,,,,,,, 0.00:11:0.00, 0.00:11:0.00
47, 2, ,, 37:DIPLO_STATE_ALLIED, -22:DIPLO_STATE_ALLIED,, 25:DIPLO_STATE_ALLIED, 46:DIPLO_STATE_ALLIED, -2:DIPLO_STATE_WAR, 4:DIPLO_STATE_WAR, 4:DIPLO_STATE_WAR, 17:DIPLO_STATE_WAR, 8:DIPLO_STATE_WAR, 1:DIPLO_STATE_INFLUENTIAL, 0:DIPLO_STATE_NO_INFLUENCE, 0:DIPLO_STATE_NO_INFLUENCE, 0:DIPLO_STATE_NO_INFLUENCE, 0:DIPLO_STATE_NO_INFLUENCE, 3:DIPLO_STATE_MAX_INFLUENCE, 0:DIPLO_STATE_NO_INFLUENCE, 2:DIPLO_STATE_WAR_WITH_MINOR, 0:DIPLO_STATE_NO_INFLUENCE, 0:DIPLO_STATE_NO_INFLUENCE, 0:DIPLO_STATE_NO_INFLUENCE, 0:DIPLO_STATE_NO_INFLUENCE,,,,,,,,,,,,,,,,,,,,,,,,,,,,,,,,,,,,,,,,, 0:DIPLO_STATE_FREE_CITIES_NEUTRAL, 0:
47, 2, Threat and Trust,, 17.61:6:4.00, 10.16:7:2.00,, 10.16:7:4.00, 10.16:7:12.00, 108.05:4:-10.00, 102.00:5:-5.00, 109.70:3:0.00, 125.25:2:0.00, 126.95:1:0.00, 0.00:11:0.00, 0.00:11:0.00, 0.00:11:0.00, 0.00:11:0.00, 0.00:11:0.00, 0.00:11:0.00, 0.00:11:0.00, 0.00:11:0.00, 0.00:11:0.00, 0.00:11:0.00, 0.00:11:0.00, 0.00:11:0.00,,,,,,,,,,,,,,,,,,,,,,,,,,,,,,,,,,,,,,,,, 0.00:11:0.00, 0.00:11:0.00
47, 2, ,, 37:DIPLO_STATE_ALLIED, -22:DIPLO_STATE_ALLIED,, 25:DIPLO_STATE_ALLIED, 46:DIPLO_STATE_ALLIED, -2:DIPLO_STATE_WAR, 4:DIPLO_STATE_WAR, 4:DIPLO_STATE_WAR, 17:DIPLO_STATE_WAR, 8:DIPLO_STATE_WAR, 1:DIPLO_STATE_INFLUENTIAL, 0:DIPLO_STATE_NO_INFLUENCE, 0:DIPLO_STATE_NO_INFLUENCE, 0:DIPLO_STATE_NO_INFLUENCE, 0:DIPLO_STATE_NO_INFLUENCE, 3:DIPLO_STATE_MAX_INFLUENCE, 0:DIPLO_STATE_NO_INFLUENCE, 2:DIPLO_STATE_WAR_WITH_MINOR, 0:DIPLO_STATE_NO_INFLUENCE, 0:DIPLO_STATE_NO_INFLUENCE, 0:DIPLO_STATE_NO_INFLUENCE, 0:DIPLO_STATE_NO_INFLUENCE,,,,,,,,,,,,,,,,,,,,,,,,,,,,,,,,,,,,,,,,, 0:DIPLO_STATE_FREE_CITIES_NEUTRAL, 0:
47, 2, Threat and Trust,, 17.61:6:4.00, 10.16:7:4.00,, 10.16:7:6.00, 10.16:7:12.00, 108.05:4:-10.00, 102.00:5:-5.00, 109.70:3:0.00, 125.25:2:0.00, 126.95:1:0.00, 0.00:11:0.00, 0.00:11:0.00, 0.00:11:0.00, 0.00:11:0.00, 0.00:11:0.00, 0.00:11:0.00, 0.00:11:0.00, 0.00:11:0.00, 0.00:11:0.00, 0.00:11:0.00, 0.00:11:0.00, 0.00:11:0.00,,,,,,,,,,,,,,,,,,,,,,,,,,,,,,,,,,,,,,,,, 0.00:11:0.00, 0.00:11:0.00
48, 5, ,, -36:DIPLO_STATE_WAR, -64:DIPLO_STATE_WAR, -46:DIPLO_STATE_WAR, -71:DIPLO_STATE_WAR, -26:DIPLO_STATE_WAR,, 8:DIPLO_STATE_ALLIED, 19:DIPLO_STATE_ALLIED, 22:DIPLO_STATE_ALLIED, 22:DIPLO_STATE_ALLIED, 0:DIPLO_STATE_WAR_WITH_MINOR, 0:DIPLO_STATE_WAR_WITH_MINOR,, 0:DIPLO_STATE_WAR_WITH_MINOR, 0:DIPLO_STATE_WAR_WITH_MINOR, 0:DIPLO_STATE_WAR_WITH_MINOR, 0:DIPLO_STATE_WAR_WITH_MINOR, 0:DIPLO_STATE_NO_INFLUENCE, 0:DIPLO_STATE_WAR_WITH_MINOR, 0:DIPLO_STATE_WAR_WITH_MINOR, 0:DIPLO_STATE_WAR_WITH_MINOR, 0:DIPLO_STATE_NO_INFLUENCE,,,,,,,,,,,,,,,,,,,,,,,,,,,,,,,,,,,,,,,,, 0:DIPLO_STATE_FREE_CITIES_NEUTRAL, 0:
48, 5, Threat and Trust,, 10.16:6:2.00, 10.16:6:1.00, 10.16:6:2.00, 10.16:6:2.00, 10.16:6:6.00,, 60.16:3:-5.00, 60.16:3:1.00, 74.61:2:0.00, 76.30:1:2.00, 0.00:11:0.00, 0.00:11:0.00,, 0.00:11:0.00, 0.00:11:0.00, 0.00:11:0.00, 0.00:11:0.00, 0.00:11:0.00, 0.00:11:0.00, 0.00:11:0.00, 0.00:11:0.00, 0.00:11:0.00,,,,,,,,,,,,,,,,,,,,,,,,,,,,,,,,,,,,,,,,, 0.00:11:0.00, 0.00:11:0.00
48, 6, ,, -80:DIPLO_STATE_WAR, -77:DIPLO_STATE_WAR, -78:DIPLO_STATE_WAR, -82:DIPLO_STATE_WAR, -85:DIPLO_STATE_WAR, -27:DIPLO_STATE_ALLIED,, 8:DIPLO_STATE_ALLIED, 9:DIPLO_STATE_ALLIED, 1:DIPLO_STATE_ALLIED, 0:DIPLO_STATE_WAR_WITH_MINOR, 0:DIPLO_STATE_WAR_WITH_MINOR,, 0:DIPLO_STATE_WAR_WITH_MINOR, 0:DIPLO_STATE_WAR_WITH_MINOR, 0:DIPLO_STATE_WAR_WITH_MINOR, 0:DIPLO_STATE_WAR_WITH_MINOR, 4:DIPLO_STATE_INFLUENTIAL, 0:DIPLO_STATE_WAR_WITH_MINOR, 0:DIPLO_STATE_WAR_WITH_MINOR, 0:DIPLO_STATE_WAR_WITH_MINOR, 0:DIPLO_STATE_NO_INFLUENCE,,,,,,,,,,,,,,,,,,,,,,,,,,,,,,,,,,,,,,,,, 0:DIPLO_STATE_FREE_CITIES_NEUTRAL, 0:
48, 6, Threat and Trust,, 10.16:6:2.00, 10.16:6:1.00, 10.16:6:2.00, 10.16:6:2.00, 10.16:6:6.00, 66.11:3:-10.00,, 60.16:4:1.00, 80.55:2:0.00, 82.25:1:2.00, 0.00:11:0.00, 0.00:11:0.00,, 0.00:11:0.00, 0.00:11:0.00, 0.00:11:0.00, 0.00:11:0.00, 0.00:11:0.00, 0.00:11:0.00, 0.00:11:0.00, 0.00:11:0.00, 0.00:11:0.00,,,,,,,,,,,,,,,,,,,,,,,,,,,,,,,,,,,,,,,,, 0.00:11:0.00, 0.00:11:0.00
48, 7, ,, -89:DIPLO_STATE_WAR, -85:DIPLO_STATE_WAR, -93:DIPLO_STATE_WAR, -103:DIPLO_STATE_WAR, -95:DIPLO_STATE_WAR, -22:DIPLO_STATE_ALLIED, 3:DIPLO_STATE_ALLIED,, 3:DIPLO_STATE_ALLIED, 8:DIPLO_STATE_ALLIED, 0:DIPLO_STATE_WAR_WITH_MINOR, 0:DIPLO_STATE_WAR_WITH_MINOR,, 0:DIPLO_STATE_WAR_WITH_MINOR, 0:DIPLO_STATE_WAR_WITH_MINOR, 0:DIPLO_STATE_WAR_WITH_MINOR, 0:DIPLO_STATE_WAR_WITH_MINOR, 1:DIPLO_STATE_INFLUENTIAL, 0:DIPLO_STATE_WAR_WITH_MINOR, 0:DIPLO_STATE_WAR_WITH_MINOR, 0:DIPLO_STATE_WAR_WITH_MINOR, 0:DIPLO_STATE_NO_INFLUENCE,,,,,,,,,,,,,,,,,,,,,,,,,,,,,,,,,,,,,,,,, 0:DIPLO_STATE_FREE_CITIES_NEUTRAL, 0:
48, 7, Threat and Trust,, 10.16:6:2.00, 10.16:6:1.00, 10.16:6:1.00, 10.16:6:2.00, 10.16:6:6.00, 60.16:3:-10.00, 60.16:3:-5.00,, 72.75:2:0.00, 74.45:1:2.00, 0.00:11:0.00, 0.00:11:0.00,, 0.00:11:0.00, 0.00:11:0.00, 0.00:11:0.00, 0.00:11:0.00, 0.00:11:0.00, 0.00:11:0.00, 0.00:11:0.00, 0.00:11:0.00, 0.00:11:0.00,,,,,,,,,,,,,,,,,,,,,,,,,,,,,,,,,,,,,,,,, 0.00:11:0.00, 0.00:11:0.00
48, 8, ,, -104:DIPLO_STATE_WAR, -113:DIPLO_STATE_WAR, -85:DIPLO_STATE_WAR, -97:DIPLO_STATE_WAR, -96:DIPLO_STATE_WAR, -24:DIPLO_STATE_ALLIED, -11:DIPLO_STATE_ALLIED, -7:DIPLO_STATE_ALLIED,, 18:DIPLO_STATE_ALLIED, 0:DIPLO_STATE_WAR_WITH_MINOR, 0:DIPLO_STATE_WAR_WITH_MINOR,, 0:DIPLO_STATE_WAR_WITH_MINOR, 0:DIPLO_STATE_WAR_WITH_MINOR, 0:DIPLO_STATE_WAR_WITH_MINOR, 0:DIPLO_STATE_WAR_WITH_MINOR, 1:DIPLO_STATE_INFLUENTIAL, 0:DIPLO_STATE_WAR_WITH_MINOR, 0:DIPLO_STATE_WAR_WITH_MINOR, 0:DIPLO_STATE_WAR_WITH_MINOR, 0:DIPLO_STATE_NO_INFLUENCE,,,,,,,,,,,,,,,,,,,,,,,,,,,,,,,,,,,,,,,,, 0:DIPLO_STATE_FREE_CITIES_NEUTRAL, 0:
48, 8, Threat and Trust,, 10.16:6:2.00, 10.16:6:1.00, 10.16:6:2.00, 10.16:6:2.00, 10.16:6:6.00, 60.16:1:-10.00, 60.16:1:-5.00, 60.16:1:1.00,, 60.16:1:2.00, 0.00:11:0.00, 0.00:11:0.00,, 0.00:11:0.00, 0.00:11:0.00, 0.00:11:0.00, 0.00:11:0.00, 0.00:11:0.00, 0.00:11:0.00, 0.00:11:0.00, 0.00:11:0.00, 0.00:11:0.00,,,,,,,,,,,,,,,,,,,,,,,,,,,,,,,,,,,,,,,,, 0.00:11:0.00, 0.00:11:0.00
48, 9, ,, -87:DIPLO_STATE_WAR, -88:DIPLO_STATE_WAR, -75:DIPLO_STATE_WAR, -73:DIPLO_STATE_WAR, -69:DIPLO_STATE_WAR, -32:DIPLO_STATE_ALLIED, 8:DIPLO_STATE_ALLIED, -10:DIPLO_STATE_ALLIED, 9:DIPLO_STATE_ALLIED,, 0:DIPLO_STATE_WAR_WITH_MINOR, 0:DIPLO_STATE_WAR_WITH_MINOR,, 0:DIPLO_STATE_WAR_WITH_MINOR, 0:DIPLO_STATE_WAR_WITH_MINOR, 0:DIPLO_STATE_WAR_WITH_MINOR, 0:DIPLO_STATE_WAR_WITH_MINOR, 2:DIPLO_STATE_INFLUENTIAL, 0:DIPLO_STATE_WAR_WITH_MINOR, 0:DIPLO_STATE_WAR_WITH_MINOR, 0:DIPLO_STATE_WAR_WITH_MINOR, 0:DIPLO_STATE_NO_INFLUENCE,,,,,,,,,,,,,,,,,,,,,,,,,,,,,,,,,,,,,,,,, 0:DIPLO_STATE_FREE_CITIES_NEUTRAL, 0:
48, 9, Threat and Trust,, 10.16:6:2.00, 10.16:6:2.00, 10.16:6:0.00, 10.16:6:0.00, 10.16:6:1.00, 60.16:2:-10.00, 60.16:2:-5.00, 60.16:2:1.00, 60.16:2:0.00,, 0.00:11:0.00, 0.00:11:0.00,, 0.00:11:0.00, 0.00:11:0.00, 0.00:11:0.00, 0.00:11:0.00, 0.00:11:0.00, 0.00:11:0.00, 0.00:11:0.00, 0.00:11:0.00, 0.00:11:0.00,,,,,,,,,,,,,,,,,,,,,,,,,,,,,,,,,,,,,,,,, 0.00:11:0.00, 0.00:11:0.00
48, 10, ,, 0:DIPLO_STATE_AWARE, 2:DIPLO_STATE_PATRON, 1:DIPLO_STATE_PATRON, 0:DIPLO_STATE_AWARE, 3:DIPLO_STATE_PATRON, 0:DIPLO_STATE_WAR_WITH_MAJOR, 0:DIPLO_STATE_WAR_WITH_MAJOR, 0:DIPLO_STATE_WAR_WITH_MAJOR, 0:DIPLO_STATE_WAR_WITH_MAJOR, 0:DIPLO_STATE_WAR_WITH_MAJOR,,,,, 0:DIPLO_STATE_MINOR_MINOR,,, 0:DIPLO_STATE_MINOR_MINOR_WAR,,,,,,,,,,,,,,,,,,,,,,,,,,,,,,,,,,,,,,,,,,,,,, 0:
48, 10, Threat and Trust,, 15.61:6:0.00, 10.16:7:0.00, 10.16:7:0.00, 10.16:7:0.00, 10.16:7:0.00, 108.80:4:0.00, 102.86:5:0.00, 110.66:3:0.00, 125.80:1:0.00, 121.05:2:0.00,,,,, 0.00:11:0.00,,, 0.00:11:0.00,,,,,,,,,,,,,,,,,,,,,,,,,,,,,,,,,,,,,,,,,,,,,, 0.00:11:0.00
48, 12, ,, 1:DIPLO_STATE_PATRON, 1:DIPLO_STATE_PATRON, 0:DIPLO_STATE_AWARE, 1:DIPLO_STATE_PATRON, 1:DIPLO_STATE_PATRON,,,,,,,,,,,,, 0:DIPLO_STATE_MINOR_MINOR,,,, 0:DIPLO_STATE_MINOR_MINOR,,,,,,,,,,,,,,,,,,,,,,,,,,,,,,,,,,,,,,,,,, 0:
48, 12, Threat and Trust,, 17.91:1:0.00, 10.16:2:0.00, 10.16:2:0.00, 10.16:2:0.00, 10.16:2:0.00,,,,,,,,,,,,, 0.00:6:0.00,,,, 0.00:6:0.00,,,,,,,,,,,,,,,,,,,,,,,,,,,,,,,,,,,,,,,,,, 0.00:6:0.00
48, 13, ,, 0:DIPLO_STATE_AWARE, 4:DIPLO_STATE_PATRON, 0:DIPLO_STATE_AWARE, 2:DIPLO_STATE_PATRON, 0:DIPLO_STATE_AWARE, 0:DIPLO_STATE_WAR_WITH_MAJOR, 0:DIPLO_STATE_WAR_WITH_MAJOR, 0:DIPLO_STATE_WAR_WITH_MAJOR, 0:DIPLO_STATE_WAR_WITH_MAJOR, 0:DIPLO_STATE_WAR_WITH_MAJOR,,,,, 0:DIPLO_STATE_MINOR_MINOR,, 0:DIPLO_STATE_MINOR_MINOR, 0:DIPLO_STATE_MINOR_MINOR_WAR,,,,,,,,,,,,,,,,,,,,,,,,,,,,,,,,,,,,,,,,,,,,,, 0:
48, 13, Threat and Trust,, 18.86:6:0.00, 10.16:7:0.00, 10.16:7:0.00, 10.16:7:0.00, 10.16:7:0.00, 112.05:4:0.00, 106.11:5:0.00, 113.91:3:0.00, 129.05:1:0.00, 124.30:2:0.00,,,,, 0.00:11:0.00,, 0.00:11:0.00, 0.00:11:0.00,,,,,,,,,,,,,,,,,,,,,,,,,,,,,,,,,,,,,,,,,,,,,, 0.00:11:0.00
48, 14, ,, 2:DIPLO_STATE_PATRON, 0:DIPLO_STATE_AWARE, 0:DIPLO_STATE_AWARE, 0:DIPLO_STATE_AWARE, 3:DIPLO_STATE_PATRON, 0:DIPLO_STATE_WAR_WITH_MAJOR, 0:DIPLO_STATE_WAR_WITH_MAJOR, 0:DIPLO_STATE_WAR_WITH_MAJOR, 0:DIPLO_STATE_WAR_WITH_MAJOR, 0:DIPLO_STATE_WAR_WITH_MAJOR, 0:DIPLO_STATE_MINOR_MINOR, 0:DIPLO_STATE_MINOR_MINOR,, 0:DIPLO_STATE_MINOR_MINOR,, 0:DIPLO_STATE_MINOR_MINOR, 0:DIPLO_STATE_MINOR_MINOR, 0:DIPLO_STATE_MINOR_MINOR_WAR,, 0:DIPLO_STATE_MINOR_MINOR, 0:DIPLO_STATE_MINOR_MINOR, 0:DIPLO_STATE_MINOR_MINOR,,,,,,,,,,,,,,,,,,,,,,,,,,,,,,,,,,,,,,,,,, 0:
48, 14, Threat and Trust,, 23.70:6:0.00, 10.16:9:0.00, 16.25:8:0.00, 10.16:9:0.00, 18.45:7:0.00, 116.91:4:0.00, 110.95:5:0.00, 118.75:3:0.00, 133.91:1:0.00, 129.16:2:0.00, 0.00:11:0.00, 0.00:11:0.00,, 0.00:11:0.00,, 0.00:11:0.00, 0.00:11:0.00, 0.00:11:0.00,, 0.00:11:0.00, 0.00:11:0.00, 0.00:11:0.00,,,,,,,,,,,,,,,,,,,,,,,,,,,,,,,,,,,,,,,,,, 0.00:11:0.00
48, 15, ,, 0:DIPLO_STATE_AWARE, 1:DIPLO_STATE_PATRON, 3:DIPLO_STATE_PATRON, 2:DIPLO_STATE_PATRON, 1:DIPLO_STATE_PATRON, 0:DIPLO_STATE_WAR_WITH_MAJOR, 0:DIPLO_STATE_WAR_WITH_MAJOR, 0:DIPLO_STATE_WAR_WITH_MAJOR, 0:DIPLO_STATE_WAR_WITH_MAJOR, 0:DIPLO_STATE_WAR_WITH_MAJOR,,,,, 0:DIPLO_STATE_MINOR_MINOR,, 0:DIPLO_STATE_MINOR_MINOR, 0:DIPLO_STATE_MINOR_MINOR_WAR,,, 0:DIPLO_STATE_MINOR_MINOR,,,,,,,,,,,,,,,,,,,,,,,,,,,,,,,,,,,,,,,,,,, 0:
48, 15, Threat and Trust,, 15.95:6:0.00, 10.16:7:0.00, 10.16:7:0.00, 10.16:7:0.00, 10.16:7:0.00, 109.16:4:0.00, 103.20:5:0.00, 111.00:3:0.00, 126.16:1:0.00, 121.41:2:0.00,,,,, 0.00:11:0.00,, 0.00:11:0.00, 0.00:11:0.00,,, 0.00:11:0.00,,,,,,,,,,,,,,,,,,,,,,,,,,,,,,,,,,,,,,,,,,, 0.00:11:0.00
48, 16, ,, 0:DIPLO_STATE_AWARE, 0:DIPLO_STATE_AWARE, 0:DIPLO_STATE_AWARE, 0:DIPLO_STATE_AWARE, 3:DIPLO_STATE_PATRON, 0:DIPLO_STATE_WAR_WITH_MAJOR, 0:DIPLO_STATE_WAR_WITH_MAJOR, 0:DIPLO_STATE_WAR_WITH_MAJOR, 0:DIPLO_STATE_WAR_WITH_MAJOR, 0:DIPLO_STATE_WAR_WITH_MAJOR,, 0:DIPLO_STATE_MINOR_MINOR_WAR,, 0:DIPLO_STATE_MINOR_MINOR, 0:DIPLO_STATE_MINOR_MINOR, 0:DIPLO_STATE_MINOR_MINOR,, 0:DIPLO_STATE_MINOR_MINOR_WAR, 0:DIPLO_STATE_MINOR_MINOR, 0:DIPLO_STATE_MINOR_MINOR_WAR, 0:DIPLO_STATE_MINOR_MINOR, 0:DIPLO_STATE_MINOR_MINOR,,,,,,,,,,,,,,,,,,,,,,,,,,,,,,,,,,,,,,,,,, 0:
48, 16, Threat and Trust,, 22.91:6:0.00, 10.16:9:0.00, 15.45:8:0.00, 10.16:9:0.00, 17.66:7:0.00, 116.11:4:0.00, 110.16:5:0.00, 140.15:2:0.00, 176.11:1:0.00, 128.36:3:0.00,, 0.00:11:0.00,, 0.00:11:0.00, 0.00:11:0.00, 0.00:11:0.00,, 0.00:11:0.00, 0.00:11:0.00, 0.00:11:0.00, 0.00:11:0.00, 0.00:11:0.00,,,,,,,,,,,,,,,,,,,,,,,,,,,,,,,,,,,,,,,,,, 0.00:11:0.00
48, 17, ,, 0:DIPLO_STATE_WAR_WITH_MAJOR, 3:DIPLO_STATE_WAR_WITH_MAJOR, 2:DIPLO_STATE_WAR_WITH_MAJOR, 3:DIPLO_STATE_WAR_WITH_MAJOR, 1:DIPLO_STATE_WAR_WITH_MAJOR, 0:DIPLO_STATE_AWARE, 4:DIPLO_STATE_PATRON, 1:DIPLO_STATE_PATRON, 1:DIPLO_STATE_PATRON, 2:DIPLO_STATE_PATRON, 0:DIPLO_STATE_MINOR_MINOR_WAR,, 0:DIPLO_STATE_MINOR_MINOR, 0:DIPLO_STATE_MINOR_MINOR_WAR, 0:DIPLO_STATE_MINOR_MINOR_WAR, 0:DIPLO_STATE_MINOR_MINOR_WAR, 0:DIPLO_STATE_MINOR_MINOR_WAR,,,, 0:DIPLO_STATE_MINOR_MINOR_WAR, 0:DIPLO_STATE_MINOR_MINOR,,,,,,,,,,,,,,,,,,,,,,,,,,,,,,,,,,,,,,,,,, 0:
48, 17, Threat and Trust,, 10.16:6:0.00, 10.16:6:0.00, 10.16:6:0.00, 10.16:6:0.00, 10.16:6:0.00, 105.50:4:0.00, 99.55:5:0.00, 107.36:3:0.00, 122.50:1:0.00, 117.75:2:0.00, 0.00:11:0.00,, 0.00:11:0.00, 0.00:11:0.00, 0.00:11:0.00, 0.00:11:0.00, 0.00:11:0.00,,,, 0.00:11:0.00, 0.00:11:0.00,,,,,,,,,,,,,,,,,,,,,,,,,,,,,,,,,,,,,,,,,, 0.00:11:0.00
48, 20, ,, 2:DIPLO_STATE_PATRON, 0:DIPLO_STATE_AWARE, 0:DIPLO_STATE_AWARE, 2:DIPLO_STATE_PATRON, 3:DIPLO_STATE_PATRON, 0:DIPLO_STATE_WAR_WITH_MAJOR, 0:DIPLO_STATE_WAR_WITH_MAJOR, 0:DIPLO_STATE_WAR_WITH_MAJOR, 0:DIPLO_STATE_WAR_WITH_MAJOR, 0:DIPLO_STATE_WAR_WITH_MAJOR,, 0:DIPLO_STATE_MINOR_MINOR,,, 0:DIPLO_STATE_MINOR_MINOR, 0:DIPLO_STATE_MINOR_MINOR, 0:DIPLO_STATE_MINOR_MINOR, 0:DIPLO_STATE_MINOR_MINOR_WAR,,,,,,,,,,,,,,,,,,,,,,,,,,,,,,,,,,,,,,,,,,,,,, 0:
48, 20, Threat and Trust,, 10.16:6:0.00, 10.16:6:0.00, 10.16:6:0.00, 10.16:6:0.00, 10.16:6:0.00, 106.86:4:0.00, 100.91:5:0.00, 108.70:3:0.00, 123.86:1:0.00, 119.11:2:0.00,, 0.00:11:0.00,,, 0.00:11:0.00, 0.00:11:0.00, 0.00:11:0.00, 0.00:11:0.00,,,,,,,,,,,,,,,,,,,,,,,,,,,,,,,,,,,,,,,,,,,,,, 0.00:11:0.00
48, 21, ,, 1:DIPLO_STATE_PATRON, 3:DIPLO_STATE_PATRON, 0:DIPLO_STATE_AWARE, 0:DIPLO_STATE_AWARE, 3:DIPLO_STATE_PATRON, 0:DIPLO_STATE_AWARE, 0:DIPLO_STATE_AWARE, 1:DIPLO_STATE_PATRON, 2:DIPLO_STATE_PATRON, 0:DIPLO_STATE_AWARE,,, 0:DIPLO_STATE_MINOR_MINOR,, 0:DIPLO_STATE_MINOR_MINOR,, 0:DIPLO_STATE_MINOR_MINOR, 0:DIPLO_STATE_MINOR_MINOR,,,,,,,,,,,,,,,,,,,,,,,,,,,,,,,,,,,,,,,,,,,,,, 0:
48, 21, Threat and Trust,, 10.16:6:0.00, 10.16:6:0.00, 10.16:6:0.00, 10.16:6:0.00, 10.16:6:0.00, 104.41:4:0.00, 98.45:5:0.00, 106.25:3:0.00, 121.41:1:0.00, 116.66:2:0.00,,, 0.00:11:0.00,, 0.00:11:0.00,, 0.00:11:0.00, 0.00:11:0.00,,,,,,,,,,,,,,,,,,,,,,,,,,,,,,,,,,,,,,,,,,,,,, 0.00:11:0.00
48, 62, ,, 0:DIPLO_STATE_FREE_CITIES_NEUTRAL, 0:DIPLO_STATE_FREE_CITIES_NEUTRAL, 0:DIPLO_STATE_FREE_CITIES_NEUTRAL, 0:DIPLO_STATE_FREE_CITIES_NEUTRAL, 0:DIPLO_STATE_FREE_CITIES_NEUTRAL, 0:DIPLO_STATE_FREE_CITIES_NEUTRAL, 0:DIPLO_STATE_FREE_CITIES_NEUTRAL, 0:DIPLO_STATE_FREE_CITIES_NEUTRAL, 0:DIPLO_STATE_FREE_CITIES_NEUTRAL, 0:DIPLO_STATE_FREE_CITIES_NEUTRAL,,,,,,,,,,,,,,,,,,,,,,,,,,,,,,,,,,,,,,,,,,,,,,,,,,,,,,
48, 62, Threat and Trust,, 25.66:6:0.00, 15.20:9:0.00, 18.20:8:0.00, 10.16:10:0.00, 20.41:7:0.00, 118.86:4:0.00, 112.91:5:0.00, 120.70:3:0.00, 135.86:1:0.00, 131.11:2:0.00,,,,,,,,,,,,,,,,,,,,,,,,,,,,,,,,,,,,,,,,,,,,,,,,,,,,,,
48, 63, ,, 0:, 0:, 0:, 0:, 0:, 0:, 0:, 0:, 0:, 0:, 0:, 0:, 0:, 0:, 0:, 0:, 0:, 0:, 0:, 0:, 0:, 0:,,,,,,,,,,,,,,,,,,,,,,,,,,,,,,,,,,,,,,,,,,
48, 63, Threat and Trust,, 0.00:1:0.00, 0.00:1:0.00, 0.00:1:0.00, 0.00:1:0.00, 0.00:1:0.00, 0.00:1:0.00, 0.00:1:0.00, 0.00:1:0.00, 0.00:1:0.00, 0.00:1:0.00, 0.00:1:0.00, 0.00:1:0.00, 0.00:1:0.00, 0.00:1:0.00, 0.00:1:0.00, 0.00:1:0.00, 0.00:1:0.00, 0.00:1:0.00, 0.00:1:0.00, 0.00:1:0.00, 0.00:1:0.00, 0.00:1:0.00,,,,,,,,,,,,,,,,,,,,,,,,,,,,,,,,,,,,,,,,,,
48, 0, ,,, -2:DIPLO_STATE_ALLIED, 20:DIPLO_STATE_ALLIED, 1:DIPLO_STATE_ALLIED, 52:DIPLO_STATE_ALLIED, 8:DIPLO_STATE_WAR, -5:DIPLO_STATE_WAR, -5:DIPLO_STATE_WAR, 1:DIPLO_STATE_WAR, -5:DIPLO_STATE_WAR, 0:DIPLO_STATE_NO_INFLUENCE, 0:DIPLO_STATE_NO_INFLUENCE, 1:DIPLO_STATE_INFLUENTIAL, 0:DIPLO_STATE_NO_INFLUENCE, 2:DIPLO_STATE_INFLUENTIAL, 0:DIPLO_STATE_NO_INFLUENCE, 0:DIPLO_STATE_NO_INFLUENCE, 0:DIPLO_STATE_WAR_WITH_MINOR, 0:DIPLO_STATE_NO_INFLUENCE, 0:DIPLO_STATE_NO_INFLUENCE, 2:DIPLO_STATE_INFLUENTIAL, 1:DIPLO_STATE_INFLUENTIAL,,,,,,,,,,,,,,,,,,,,,,,,,,,,,,,,,,,,,,,,, 0:DIPLO_STATE_FREE_CITIES_NEUTRAL, 0:
48, 0, Threat and Trust,,, 10.16:6:6.00, 10.16:6:5.00, 10.16:6:6.00, 10.16:6:13.00, 103.75:4:-10.00, 97.80:5:-5.00, 105.61:3:0.00, 120.75:1:0.00, 116.00:2:2.00, 0.00:11:0.00, 0.00:11:0.00, 0.00:11:0.00, 0.00:11:0.00, 0.00:11:0.00, 0.00:11:0.00, 0.00:11:0.00, 0.00:11:0.00, 0.00:11:0.00, 0.00:11:0.00, 0.00:11:0.00, 0.00:11:0.00,,,,,,,,,,,,,,,,,,,,,,,,,,,,,,,,,,,,,,,,, 0.00:11:0.00, 0.00:11:0.00
48, 1, ,, 31:DIPLO_STATE_ALLIED,, 36:DIPLO_STATE_ALLIED, 33:DIPLO_STATE_ALLIED, 38:DIPLO_STATE_ALLIED, -6:DIPLO_STATE_WAR, -6:DIPLO_STATE_WAR, -4:DIPLO_STATE_WAR, -12:DIPLO_STATE_WAR, -10:DIPLO_STATE_WAR, 2:DIPLO_STATE_INFLUENTIAL, 0:DIPLO_STATE_NO_INFLUENCE, 2:DIPLO_STATE_INFLUENTIAL, 4:DIPLO_STATE_MAX_INFLUENCE, 0:DIPLO_STATE_NO_INFLUENCE, 1:DIPLO_STATE_INFLUENTIAL, 0:DIPLO_STATE_NO_INFLUENCE, 3:DIPLO_STATE_WAR_WITH_MINOR, 0:DIPLO_STATE_NO_INFLUENCE, 0:DIPLO_STATE_NO_INFLUENCE, 0:DIPLO_STATE_NO_INFLUENCE, 3:DIPLO_STATE_INFLUENTIAL,,,,,,,,,,,,,,,,,,,,,,,,,,,,,,,,,,,,,,,,, 0:DIPLO_STATE_FREE_CITIES_NEUTRAL, 0:
48, 1, Threat and Trust,, 20.30:6:4.00,, 10.16:8:5.00, 10.16:8:7.00, 15.45:7:8.00, 113.91:4:-10.00, 107.95:5:-5.00, 115.75:3:0.00, 130.91:1:0.00, 126.16:2:2.00, 0.00:11:0.00, 0.00:11:0.00, 0.00:11:0.00, 0.00:11:0.00, 0.00:11:0.00, 0.00:11:0.00, 0.00:11:0.00, 0.00:11:0.00, 0.00:11:0.00, 0.00:11:0.00, 0.00:11:0.00, 0.00:11:0.00,,,,,,,,,,,,,,,,,,,,,,,,,,,,,,,,,,,,,,,,, 0.00:11:0.00, 0.00:11:0.00
48, 2, ,, 36:DIPLO_STATE_ALLIED, 10:DIPLO_STATE_ALLIED,, 36:DIPLO_STATE_ALLIED, 45:DIPLO_STATE_ALLIED, -1:DIPLO_STATE_WAR, 4:DIPLO_STATE_WAR, -6:DIPLO_STATE_WAR, 17:DIPLO_STATE_WAR, 8:DIPLO_STATE_WAR, 1:DIPLO_STATE_INFLUENTIAL, 0:DIPLO_STATE_NO_INFLUENCE, 0:DIPLO_STATE_NO_INFLUENCE, 0:DIPLO_STATE_NO_INFLUENCE, 0:DIPLO_STATE_NO_INFLUENCE, 3:DIPLO_STATE_MAX_INFLUENCE, 0:DIPLO_STATE_NO_INFLUENCE, 2:DIPLO_STATE_WAR_WITH_MINOR, 0:DIPLO_STATE_NO_INFLUENCE, 0:DIPLO_STATE_NO_INFLUENCE, 0:DIPLO_STATE_NO_INFLUENCE, 0:DIPLO_STATE_NO_INFLUENCE,,,,,,,,,,,,,,,,,,,,,,,,,,,,,,,,,,,,,,,,, 0:DIPLO_STATE_FREE_CITIES_NEUTRAL, 0:
48, 2, Threat and Trust,, 16.70:6:4.00, 10.16:7:6.00,, 10.16:7:7.00, 10.16:7:13.00, 110.30:4:-10.00, 104.36:5:-5.00, 112.16:3:0.00, 127.30:1:0.00, 122.55:2:0.00, 0.00:11:0.00, 0.00:11:0.00, 0.00:11:0.00, 0.00:11:0.00, 0.00:11:0.00, 0.00:11:0.00, 0.00:11:0.00, 0.00:11:0.00, 0.00:11:0.00, 0.00:11:0.00, 0.00:11:0.00, 0.00:11:0.00,,,,,,,,,,,,,,,,,,,,,,,,,,,,,,,,,,,,,,,,, 0.00:11:0.00, 0.00:11:0.00
48, 3, ,, 19:DIPLO_STATE_ALLIED, 36:DIPLO_STATE_ALLIED, 63:DIPLO_STATE_ALLIED,, 29:DIPLO_STATE_ALLIED, -19:DIPLO_STATE_WAR, -5:DIPLO_STATE_WAR, -14:DIPLO_STATE_WAR, 2:DIPLO_STATE_WAR, -6:DIPLO_STATE_WAR, 0:DIPLO_STATE_NO_INFLUENCE, 0:DIPLO_STATE_NO_INFLUENCE, 1:DIPLO_STATE_INFLUENTIAL, 2:DIPLO_STATE_INFLUENTIAL, 0:DIPLO_STATE_NO_INFLUENCE, 2:DIPLO_STATE_INFLUENTIAL, 0:DIPLO_STATE_NO_INFLUENCE, 3:DIPLO_STATE_WAR_WITH_MINOR, 0:DIPLO_STATE_NO_INFLUENCE, 0:DIPLO_STATE_NO_INFLUENCE, 2:DIPLO_STATE_INFLUENTIAL, 0:DIPLO_STATE_NO_INFLUENCE,,,,,,,,,,,,,,,,,,,,,,,,,,,,,,,,,,,,,,,,, 0:DIPLO_STATE_FREE_CITIES_NEUTRAL, 0:
48, 3, Threat and Trust,, 20.95:6:6.00, 10.16:8:8.00, 10.16:8:7.00,, 16.11:7:15.00, 114.55:4:-10.00, 108.61:5:-5.00, 116.41:3:0.00, 131.55:1:0.00, 126.80:2:0.00, 0.00:11:0.00, 0.00:11:0.00, 0.00:11:0.00, 0.00:11:0.00, 0.00:11:0.00, 0.00:11:0.00, 0.00:11:0.00, 0.00:11:0.00, 0.00:11:0.00, 0.00:11:0.00, 0.00:11:0.00, 0.00:11:0.00,,,,,,,,,,,,,,,,,,,,,,,,,,,,,,,,,,,,,,,,, 0.00:11:0.00, 0.00:11:0.00
48, 4, ,, 59:DIPLO_STATE_ALLIED, -9:DIPLO_STATE_ALLIED, 14:DIPLO_STATE_ALLIED, -3:DIPLO_STATE_ALLIED,, 6:DIPLO_STATE_WAR, -7:DIPLO_STATE_WAR, -7:DIPLO_STATE_WAR, 1:DIPLO_STATE_WAR, 1:DIPLO_STATE_WAR, 3:DIPLO_STATE_MAX_INFLUENCE, 0:DIPLO_STATE_NO_INFLUENCE, 1:DIPLO_STATE_INFLUENTIAL, 0:DIPLO_STATE_NO_INFLUENCE, 3:DIPLO_STATE_MAX_INFLUENCE, 1:DIPLO_STATE_INFLUENTIAL, 3:DIPLO_STATE_MAX_INFLUENCE, 1:DIPLO_STATE_WAR_WITH_MINOR, 0:DIPLO_STATE_NO_INFLUENCE, 0:DIPLO_STATE_NO_INFLUENCE, 3:DIPLO_STATE_MAX_INFLUENCE, 3:DIPLO_STATE_INFLUENTIAL,,,,,,,,,,,,,,,,,,,,,,,,,,,,,,,,,,,,,,,,, 0:DIPLO_STATE_FREE_CITIES_NEUTRAL, 0:
48, 4, Threat and Trust,, 16.95:6:10.00, 10.16:7:10.00, 10.16:7:14.00, 10.16:7:16.00,, 110.55:4:-10.00, 104.61:5:-5.00, 112.41:3:2.00, 127.55:2:0.00, 154.20:1:0.00, 0.00:11:0.00, 0.00:11:0.00, 0.00:11:0.00, 0.00:11:0.00, 0.00:11:0.00, 0.00:11:0.00, 0.00:11:0.00, 0.00:11:0.00, 0.00:11:0.00, 0.00:11:0.00, 0.00:11:0.00, 0.00:11:0.00,,,,,,,,,,,,,,,,,,,,,,,,,,,,,,,,,,,,,,,,, 0.00:11:0.00, 0.00:11:0.00
48, 3, ,, 19:DIPLO_STATE_ALLIED, 36:DIPLO_STATE_ALLIED, 63:DIPLO_STATE_ALLIED,, 29:DIPLO_STATE_ALLIED, -19:DIPLO_STATE_WAR, -5:DIPLO_STATE_WAR, -14:DIPLO_STATE_WAR, 2:DIPLO_STATE_WAR, -6:DIPLO_STATE_WAR, 0:DIPLO_STATE_NO_INFLUENCE, 0:DIPLO_STATE_NO_INFLUENCE, 1:DIPLO_STATE_INFLUENTIAL, 2:DIPLO_STATE_INFLUENTIAL, 0:DIPLO_STATE_NO_INFLUENCE, 2:DIPLO_STATE_INFLUENTIAL, 0:DIPLO_STATE_NO_INFLUENCE, 3:DIPLO_STATE_WAR_WITH_MINOR, 0:DIPLO_STATE_NO_INFLUENCE, 0:DIPLO_STATE_NO_INFLUENCE, 2:DIPLO_STATE_INFLUENTIAL, 0:DIPLO_STATE_NO_INFLUENCE,,,,,,,,,,,,,,,,,,,,,,,,,,,,,,,,,,,,,,,,, 0:DIPLO_STATE_FREE_CITIES_NEUTRAL, 0:
48, 3, Threat and Trust,, 20.95:6:6.00, 10.16:8:8.00, 10.16:8:7.00,, 16.11:7:15.00, 114.55:4:-10.00, 108.61:5:-5.00, 116.41:3:0.00, 131.55:1:0.00, 126.80:2:0.00, 0.00:11:0.00, 0.00:11:0.00, 0.00:11:0.00, 0.00:11:0.00, 0.00:11:0.00, 0.00:11:0.00, 0.00:11:0.00, 0.00:11:0.00, 0.00:11:0.00, 0.00:11:0.00, 0.00:11:0.00, 0.00:11:0.00,,,,,,,,,,,,,,,,,,,,,,,,,,,,,,,,,,,,,,,,, 0.00:11:0.00, 0.00:11:0.00
48, 2, ,, 36:DIPLO_STATE_ALLIED, 10:DIPLO_STATE_ALLIED,, 36:DIPLO_STATE_ALLIED, 45:DIPLO_STATE_ALLIED, -1:DIPLO_STATE_WAR, 4:DIPLO_STATE_WAR, -6:DIPLO_STATE_WAR, 17:DIPLO_STATE_WAR, 8:DIPLO_STATE_WAR, 1:DIPLO_STATE_INFLUENTIAL, 0:DIPLO_STATE_NO_INFLUENCE, 0:DIPLO_STATE_NO_INFLUENCE, 0:DIPLO_STATE_NO_INFLUENCE, 0:DIPLO_STATE_NO_INFLUENCE, 3:DIPLO_STATE_MAX_INFLUENCE, 0:DIPLO_STATE_NO_INFLUENCE, 2:DIPLO_STATE_WAR_WITH_MINOR, 0:DIPLO_STATE_NO_INFLUENCE, 0:DIPLO_STATE_NO_INFLUENCE, 0:DIPLO_STATE_NO_INFLUENCE, 0:DIPLO_STATE_NO_INFLUENCE,,,,,,,,,,,,,,,,,,,,,,,,,,,,,,,,,,,,,,,,, 0:DIPLO_STATE_FREE_CITIES_NEUTRAL, 0:
48, 2, Threat and Trust,, 16.70:6:4.00, 10.16:7:6.00,, 10.16:7:7.00, 10.16:7:13.00, 110.30:4:-10.00, 104.36:5:-5.00, 112.16:3:0.00, 127.30:1:0.00, 122.55:2:0.00, 0.00:11:0.00, 0.00:11:0.00, 0.00:11:0.00, 0.00:11:0.00, 0.00:11:0.00, 0.00:11:0.00, 0.00:11:0.00, 0.00:11:0.00, 0.00:11:0.00, 0.00:11:0.00, 0.00:11:0.00, 0.00:11:0.00,,,,,,,,,,,,,,,,,,,,,,,,,,,,,,,,,,,,,,,,, 0.00:11:0.00, 0.00:11:0.00
48, 2, ,, 36:DIPLO_STATE_ALLIED, 10:DIPLO_STATE_ALLIED,, 36:DIPLO_STATE_ALLIED, 45:DIPLO_STATE_ALLIED, -1:DIPLO_STATE_WAR, 4:DIPLO_STATE_WAR, -6:DIPLO_STATE_WAR, 17:DIPLO_STATE_WAR, 8:DIPLO_STATE_WAR, 1:DIPLO_STATE_INFLUENTIAL, 0:DIPLO_STATE_NO_INFLUENCE, 0:DIPLO_STATE_NO_INFLUENCE, 0:DIPLO_STATE_NO_INFLUENCE, 0:DIPLO_STATE_NO_INFLUENCE, 3:DIPLO_STATE_MAX_INFLUENCE, 0:DIPLO_STATE_NO_INFLUENCE, 2:DIPLO_STATE_WAR_WITH_MINOR, 0:DIPLO_STATE_NO_INFLUENCE, 0:DIPLO_STATE_NO_INFLUENCE, 0:DIPLO_STATE_NO_INFLUENCE, 0:DIPLO_STATE_NO_INFLUENCE,,,,,,,,,,,,,,,,,,,,,,,,,,,,,,,,,,,,,,,,, 0:DIPLO_STATE_FREE_CITIES_NEUTRAL, 0:
48, 2, Threat and Trust,, 16.70:6:4.00, 10.16:7:6.00,, 10.16:7:7.00, 10.16:7:13.00, 110.30:4:-10.00, 104.36:5:-5.00, 112.16:3:0.00, 127.30:1:0.00, 122.55:2:0.00, 0.00:11:0.00, 0.00:11:0.00, 0.00:11:0.00, 0.00:11:0.00, 0.00:11:0.00, 0.00:11:0.00, 0.00:11:0.00, 0.00:11:0.00, 0.00:11:0.00, 0.00:11:0.00, 0.00:11:0.00, 0.00:11:0.00,,,,,,,,,,,,,,,,,,,,,,,,,,,,,,,,,,,,,,,,, 0.00:11:0.00, 0.00:11:0.00
48, 0, ,,, -2:DIPLO_STATE_ALLIED, 20:DIPLO_STATE_ALLIED, 1:DIPLO_STATE_ALLIED, 52:DIPLO_STATE_ALLIED, 8:DIPLO_STATE_WAR, -5:DIPLO_STATE_WAR, -5:DIPLO_STATE_WAR, 1:DIPLO_STATE_WAR, -5:DIPLO_STATE_WAR, 0:DIPLO_STATE_NO_INFLUENCE, 0:DIPLO_STATE_NO_INFLUENCE, 1:DIPLO_STATE_INFLUENTIAL, 0:DIPLO_STATE_NO_INFLUENCE, 2:DIPLO_STATE_INFLUENTIAL, 0:DIPLO_STATE_NO_INFLUENCE, 0:DIPLO_STATE_NO_INFLUENCE, 0:DIPLO_STATE_WAR_WITH_MINOR, 0:DIPLO_STATE_NO_INFLUENCE, 0:DIPLO_STATE_NO_INFLUENCE, 2:DIPLO_STATE_INFLUENTIAL, 1:DIPLO_STATE_INFLUENTIAL,,,,,,,,,,,,,,,,,,,,,,,,,,,,,,,,,,,,,,,,, 0:DIPLO_STATE_FREE_CITIES_NEUTRAL, 0:
48, 0, Threat and Trust,,, 10.16:6:6.00, 10.16:6:5.00, 10.16:6:6.00, 10.16:6:13.00, 103.75:4:-10.00, 97.80:5:-5.00, 105.61:3:0.00, 120.75:1:0.00, 116.00:2:2.00, 0.00:11:0.00, 0.00:11:0.00, 0.00:11:0.00, 0.00:11:0.00, 0.00:11:0.00, 0.00:11:0.00, 0.00:11:0.00, 0.00:11:0.00, 0.00:11:0.00, 0.00:11:0.00, 0.00:11:0.00, 0.00:11:0.00,,,,,,,,,,,,,,,,,,,,,,,,,,,,,,,,,,,,,,,,, 0.00:11:0.00, 0.00:11:0.00
48, 1, ,, 31:DIPLO_STATE_ALLIED,, 36:DIPLO_STATE_ALLIED, 33:DIPLO_STATE_ALLIED, 38:DIPLO_STATE_ALLIED, -6:DIPLO_STATE_WAR, -6:DIPLO_STATE_WAR, -4:DIPLO_STATE_WAR, -12:DIPLO_STATE_WAR, -10:DIPLO_STATE_WAR, 2:DIPLO_STATE_INFLUENTIAL, 0:DIPLO_STATE_NO_INFLUENCE, 2:DIPLO_STATE_INFLUENTIAL, 4:DIPLO_STATE_MAX_INFLUENCE, 0:DIPLO_STATE_NO_INFLUENCE, 1:DIPLO_STATE_INFLUENTIAL, 0:DIPLO_STATE_NO_INFLUENCE, 3:DIPLO_STATE_WAR_WITH_MINOR, 0:DIPLO_STATE_NO_INFLUENCE, 0:DIPLO_STATE_NO_INFLUENCE, 0:DIPLO_STATE_NO_INFLUENCE, 3:DIPLO_STATE_INFLUENTIAL,,,,,,,,,,,,,,,,,,,,,,,,,,,,,,,,,,,,,,,,, 0:DIPLO_STATE_FREE_CITIES_NEUTRAL, 0:
48, 1, Threat and Trust,, 20.30:6:4.00,, 10.16:8:5.00, 10.16:8:7.00, 15.45:7:8.00, 113.91:4:-10.00, 107.95:5:-5.00, 115.75:3:0.00, 130.91:1:0.00, 126.16:2:2.00, 0.00:11:0.00, 0.00:11:0.00, 0.00:11:0.00, 0.00:11:0.00, 0.00:11:0.00, 0.00:11:0.00, 0.00:11:0.00, 0.00:11:0.00, 0.00:11:0.00, 0.00:11:0.00, 0.00:11:0.00, 0.00:11:0.00,,,,,,,,,,,,,,,,,,,,,,,,,,,,,,,,,,,,,,,,, 0.00:11:0.00, 0.00:11:0.00
48, 1, ,, 31:DIPLO_STATE_ALLIED,, 36:DIPLO_STATE_ALLIED, 33:DIPLO_STATE_ALLIED, 38:DIPLO_STATE_ALLIED, -6:DIPLO_STATE_WAR, -6:DIPLO_STATE_WAR, -4:DIPLO_STATE_WAR, -12:DIPLO_STATE_WAR, -10:DIPLO_STATE_WAR, 2:DIPLO_STATE_INFLUENTIAL, 0:DIPLO_STATE_NO_INFLUENCE, 2:DIPLO_STATE_MAX_INFLUENCE, 4:DIPLO_STATE_MAX_INFLUENCE, 0:DIPLO_STATE_NO_INFLUENCE, 1:DIPLO_STATE_INFLUENTIAL, 0:DIPLO_STATE_NO_INFLUENCE, 3:DIPLO_STATE_WAR_WITH_MINOR, 0:DIPLO_STATE_NO_INFLUENCE, 0:DIPLO_STATE_NO_INFLUENCE, 0:DIPLO_STATE_NO_INFLUENCE, 3:DIPLO_STATE_INFLUENTIAL,,,,,,,,,,,,,,,,,,,,,,,,,,,,,,,,,,,,,,,,, 0:DIPLO_STATE_FREE_CITIES_NEUTRAL, 0:
48, 1, Threat and Trust,, 20.30:6:4.00,, 10.16:8:5.00, 10.16:8:7.00, 15.45:7:8.00, 113.91:4:-10.00, 107.95:5:-5.00, 115.75:3:0.00, 130.91:1:0.00, 126.16:2:2.00, 0.00:11:0.00, 0.00:11:0.00, 0.00:11:0.00, 0.00:11:0.00, 0.00:11:0.00, 0.00:11:0.00, 0.00:11:0.00, 0.00:11:0.00, 0.00:11:0.00, 0.00:11:0.00, 0.00:11:0.00, 0.00:11:0.00,,,,,,,,,,,,,,,,,,,,,,,,,,,,,,,,,,,,,,,,, 0.00:11:0.00, 0.00:11:0.00
48, 3, ,, 19:DIPLO_STATE_ALLIED, 36:DIPLO_STATE_ALLIED, 63:DIPLO_STATE_ALLIED,, 29:DIPLO_STATE_ALLIED, -19:DIPLO_STATE_WAR, -5:DIPLO_STATE_WAR, -14:DIPLO_STATE_WAR, 2:DIPLO_STATE_WAR, -6:DIPLO_STATE_WAR, 0:DIPLO_STATE_NO_INFLUENCE, 0:DIPLO_STATE_NO_INFLUENCE, 1:DIPLO_STATE_INFLUENTIAL, 2:DIPLO_STATE_INFLUENTIAL, 0:DIPLO_STATE_NO_INFLUENCE, 2:DIPLO_STATE_INFLUENTIAL, 0:DIPLO_STATE_NO_INFLUENCE, 3:DIPLO_STATE_WAR_WITH_MINOR, 0:DIPLO_STATE_NO_INFLUENCE, 0:DIPLO_STATE_NO_INFLUENCE, 2:DIPLO_STATE_INFLUENTIAL, 0:DIPLO_STATE_NO_INFLUENCE,,,,,,,,,,,,,,,,,,,,,,,,,,,,,,,,,,,,,,,,, 0:DIPLO_STATE_FREE_CITIES_NEUTRAL, 0:
48, 3, Threat and Trust,, 20.95:6:6.00, 10.16:8:8.00, 10.16:8:7.00,, 16.11:7:15.00, 114.55:4:-10.00, 108.61:5:-5.00, 116.41:3:0.00, 131.55:1:0.00, 126.80:2:0.00, 0.00:11:0.00, 0.00:11:0.00, 0.00:11:0.00, 0.00:11:0.00, 0.00:11:0.00, 0.00:11:0.00, 0.00:11:0.00, 0.00:11:0.00, 0.00:11:0.00, 0.00:11:0.00, 0.00:11:0.00, 0.00:11:0.00,,,,,,,,,,,,,,,,,,,,,,,,,,,,,,,,,,,,,,,,, 0.00:11:0.00, 0.00:11:0.00
48, 0, ,,, -2:DIPLO_STATE_ALLIED, 20:DIPLO_STATE_ALLIED, 1:DIPLO_STATE_ALLIED, 52:DIPLO_STATE_ALLIED, 8:DIPLO_STATE_WAR, -5:DIPLO_STATE_WAR, -5:DIPLO_STATE_WAR, 1:DIPLO_STATE_WAR, -5:DIPLO_STATE_WAR, 0:DIPLO_STATE_NO_INFLUENCE, 0:DIPLO_STATE_NO_INFLUENCE, 1:DIPLO_STATE_INFLUENTIAL, 0:DIPLO_STATE_NO_INFLUENCE, 2:DIPLO_STATE_INFLUENTIAL, 0:DIPLO_STATE_NO_INFLUENCE, 0:DIPLO_STATE_NO_INFLUENCE, 0:DIPLO_STATE_WAR_WITH_MINOR, 0:DIPLO_STATE_NO_INFLUENCE, 0:DIPLO_STATE_NO_INFLUENCE, 2:DIPLO_STATE_INFLUENTIAL, 1:DIPLO_STATE_INFLUENTIAL,,,,,,,,,,,,,,,,,,,,,,,,,,,,,,,,,,,,,,,,, 0:DIPLO_STATE_FREE_CITIES_NEUTRAL, 0:
48, 0, Threat and Trust,,, 10.16:6:6.00, 10.16:6:5.00, 10.16:6:6.00, 10.16:6:13.00, 103.75:4:-10.00, 97.80:5:-5.00, 105.61:3:0.00, 120.75:1:0.00, 116.00:2:2.00, 0.00:11:0.00, 0.00:11:0.00, 0.00:11:0.00, 0.00:11:0.00, 0.00:11:0.00, 0.00:11:0.00, 0.00:11:0.00, 0.00:11:0.00, 0.00:11:0.00, 0.00:11:0.00, 0.00:11:0.00, 0.00:11:0.00,,,,,,,,,,,,,,,,,,,,,,,,,,,,,,,,,,,,,,,,, 0.00:11:0.00, 0.00:11:0.00
48, 1, ,, 31:DIPLO_STATE_ALLIED,, 36:DIPLO_STATE_ALLIED, 33:DIPLO_STATE_ALLIED, 38:DIPLO_STATE_ALLIED, -6:DIPLO_STATE_WAR, -6:DIPLO_STATE_WAR, -4:DIPLO_STATE_WAR, -12:DIPLO_STATE_WAR, -10:DIPLO_STATE_WAR, 2:DIPLO_STATE_INFLUENTIAL, 0:DIPLO_STATE_NO_INFLUENCE, 2:DIPLO_STATE_MAX_INFLUENCE, 4:DIPLO_STATE_MAX_INFLUENCE, 0:DIPLO_STATE_NO_INFLUENCE, 1:DIPLO_STATE_INFLUENTIAL, 0:DIPLO_STATE_NO_INFLUENCE, 3:DIPLO_STATE_WAR_WITH_MINOR, 0:DIPLO_STATE_NO_INFLUENCE, 0:DIPLO_STATE_NO_INFLUENCE, 0:DIPLO_STATE_NO_INFLUENCE, 3:DIPLO_STATE_INFLUENTIAL,,,,,,,,,,,,,,,,,,,,,,,,,,,,,,,,,,,,,,,,, 0:DIPLO_STATE_FREE_CITIES_NEUTRAL, 0:
48, 1, Threat and Trust,, 20.30:6:4.00,, 10.16:8:5.00, 10.16:8:7.00, 15.45:7:8.00, 113.91:4:-10.00, 107.95:5:-5.00, 115.75:3:0.00, 130.91:1:0.00, 126.16:2:2.00, 0.00:11:0.00, 0.00:11:0.00, 0.00:11:0.00, 0.00:11:0.00, 0.00:11:0.00, 0.00:11:0.00, 0.00:11:0.00, 0.00:11:0.00, 0.00:11:0.00, 0.00:11:0.00, 0.00:11:0.00, 0.00:11:0.00,,,,,,,,,,,,,,,,,,,,,,,,,,,,,,,,,,,,,,,,, 0.00:11:0.00, 0.00:11:0.00
48, 0, ,,, -2:DIPLO_STATE_ALLIED, 20:DIPLO_STATE_ALLIED, 1:DIPLO_STATE_ALLIED, 52:DIPLO_STATE_ALLIED, 8:DIPLO_STATE_WAR, -5:DIPLO_STATE_WAR, -5:DIPLO_STATE_WAR, 1:DIPLO_STATE_WAR, -5:DIPLO_STATE_WAR, 0:DIPLO_STATE_NO_INFLUENCE, 0:DIPLO_STATE_NO_INFLUENCE, 1:DIPLO_STATE_INFLUENTIAL, 0:DIPLO_STATE_NO_INFLUENCE, 2:DIPLO_STATE_INFLUENTIAL, 0:DIPLO_STATE_NO_INFLUENCE, 0:DIPLO_STATE_NO_INFLUENCE, 0:DIPLO_STATE_WAR_WITH_MINOR, 0:DIPLO_STATE_NO_INFLUENCE, 0:DIPLO_STATE_NO_INFLUENCE, 2:DIPLO_STATE_INFLUENTIAL, 1:DIPLO_STATE_INFLUENTIAL,,,,,,,,,,,,,,,,,,,,,,,,,,,,,,,,,,,,,,,,, 0:DIPLO_STATE_FREE_CITIES_NEUTRAL, 0:
48, 0, Threat and Trust,,, 10.16:6:6.00, 10.16:6:5.00, 10.16:6:6.00, 10.16:6:13.00, 103.75:4:-10.00, 97.80:5:-5.00, 105.61:3:0.00, 120.75:1:0.00, 116.00:2:2.00, 0.00:11:0.00, 0.00:11:0.00, 0.00:11:0.00, 0.00:11:0.00, 0.00:11:0.00, 0.00:11:0.00, 0.00:11:0.00, 0.00:11:0.00, 0.00:11:0.00, 0.00:11:0.00, 0.00:11:0.00, 0.00:11:0.00,,,,,,,,,,,,,,,,,,,,,,,,,,,,,,,,,,,,,,,,, 0.00:11:0.00, 0.00:11:0.00
48, 1, ,, 31:DIPLO_STATE_ALLIED,, 36:DIPLO_STATE_ALLIED, 33:DIPLO_STATE_ALLIED, 38:DIPLO_STATE_ALLIED, -6:DIPLO_STATE_WAR, -6:DIPLO_STATE_WAR, -4:DIPLO_STATE_WAR, -12:DIPLO_STATE_WAR, -10:DIPLO_STATE_WAR, 2:DIPLO_STATE_INFLUENTIAL, 0:DIPLO_STATE_NO_INFLUENCE, 2:DIPLO_STATE_MAX_INFLUENCE, 4:DIPLO_STATE_MAX_INFLUENCE, 0:DIPLO_STATE_NO_INFLUENCE, 1:DIPLO_STATE_INFLUENTIAL, 0:DIPLO_STATE_NO_INFLUENCE, 3:DIPLO_STATE_WAR_WITH_MINOR, 0:DIPLO_STATE_NO_INFLUENCE, 0:DIPLO_STATE_NO_INFLUENCE, 0:DIPLO_STATE_NO_INFLUENCE, 3:DIPLO_STATE_INFLUENTIAL,,,,,,,,,,,,,,,,,,,,,,,,,,,,,,,,,,,,,,,,, 0:DIPLO_STATE_FREE_CITIES_NEUTRAL, 0:
48, 1, Threat and Trust,, 20.30:6:4.00,, 10.16:8:5.00, 10.16:8:7.00, 15.45:7:8.00, 113.91:4:-10.00, 107.95:5:-5.00, 115.75:3:0.00, 130.91:1:0.00, 126.16:2:2.00, 0.00:11:0.00, 0.00:11:0.00, 0.00:11:0.00, 0.00:11:0.00, 0.00:11:0.00, 0.00:11:0.00, 0.00:11:0.00, 0.00:11:0.00, 0.00:11:0.00, 0.00:11:0.00, 0.00:11:0.00, 0.00:11:0.00,,,,,,,,,,,,,,,,,,,,,,,,,,,,,,,,,,,,,,,,, 0.00:11:0.00, 0.00:11:0.00
48, 2, ,, 36:DIPLO_STATE_ALLIED, 10:DIPLO_STATE_ALLIED,, 36:DIPLO_STATE_ALLIED, 45:DIPLO_STATE_ALLIED, -1:DIPLO_STATE_WAR, 4:DIPLO_STATE_WAR, -6:DIPLO_STATE_WAR, 17:DIPLO_STATE_WAR, 8:DIPLO_STATE_WAR, 1:DIPLO_STATE_INFLUENTIAL, 0:DIPLO_STATE_NO_INFLUENCE, 0:DIPLO_STATE_NO_INFLUENCE, 0:DIPLO_STATE_NO_INFLUENCE, 0:DIPLO_STATE_NO_INFLUENCE, 3:DIPLO_STATE_MAX_INFLUENCE, 0:DIPLO_STATE_NO_INFLUENCE, 2:DIPLO_STATE_WAR_WITH_MINOR, 0:DIPLO_STATE_NO_INFLUENCE, 0:DIPLO_STATE_NO_INFLUENCE, 0:DIPLO_STATE_NO_INFLUENCE, 0:DIPLO_STATE_NO_INFLUENCE,,,,,,,,,,,,,,,,,,,,,,,,,,,,,,,,,,,,,,,,, 0:DIPLO_STATE_FREE_CITIES_NEUTRAL, 0:
48, 2, Threat and Trust,, 16.70:6:4.00, 10.16:7:6.00,, 10.16:7:7.00, 10.16:7:13.00, 110.30:4:-10.00, 104.36:5:-5.00, 112.16:3:0.00, 127.30:1:0.00, 122.55:2:0.00, 0.00:11:0.00, 0.00:11:0.00, 0.00:11:0.00, 0.00:11:0.00, 0.00:11:0.00, 0.00:11:0.00, 0.00:11:0.00, 0.00:11:0.00, 0.00:11:0.00, 0.00:11:0.00, 0.00:11:0.00, 0.00:11:0.00,,,,,,,,,,,,,,,,,,,,,,,,,,,,,,,,,,,,,,,,, 0.00:11:0.00, 0.00:11:0.00
48, 3, ,, 19:DIPLO_STATE_ALLIED, 36:DIPLO_STATE_ALLIED, 63:DIPLO_STATE_ALLIED,, 29:DIPLO_STATE_ALLIED, -19:DIPLO_STATE_WAR, -5:DIPLO_STATE_WAR, -14:DIPLO_STATE_WAR, 2:DIPLO_STATE_WAR, -6:DIPLO_STATE_WAR, 0:DIPLO_STATE_NO_INFLUENCE, 0:DIPLO_STATE_NO_INFLUENCE, 1:DIPLO_STATE_INFLUENTIAL, 2:DIPLO_STATE_INFLUENTIAL, 0:DIPLO_STATE_NO_INFLUENCE, 2:DIPLO_STATE_INFLUENTIAL, 0:DIPLO_STATE_NO_INFLUENCE, 3:DIPLO_STATE_WAR_WITH_MINOR, 0:DIPLO_STATE_NO_INFLUENCE, 0:DIPLO_STATE_NO_INFLUENCE, 2:DIPLO_STATE_INFLUENTIAL, 0:DIPLO_STATE_NO_INFLUENCE,,,,,,,,,,,,,,,,,,,,,,,,,,,,,,,,,,,,,,,,, 0:DIPLO_STATE_FREE_CITIES_NEUTRAL, 0:
48, 3, Threat and Trust,, 20.95:6:6.00, 10.16:8:8.00, 10.16:8:7.00,, 16.11:7:15.00, 114.55:4:-10.00, 108.61:5:-5.00, 116.41:3:0.00, 131.55:1:0.00, 126.80:2:0.00, 0.00:11:0.00, 0.00:11:0.00, 0.00:11:0.00, 0.00:11:0.00, 0.00:11:0.00, 0.00:11:0.00, 0.00:11:0.00, 0.00:11:0.00, 0.00:11:0.00, 0.00:11:0.00, 0.00:11:0.00, 0.00:11:0.00,,,,,,,,,,,,,,,,,,,,,,,,,,,,,,,,,,,,,,,,, 0.00:11:0.00, 0.00:11:0.00
48, 4, ,, 59:DIPLO_STATE_ALLIED, -9:DIPLO_STATE_ALLIED, 14:DIPLO_STATE_ALLIED, -3:DIPLO_STATE_ALLIED,, 6:DIPLO_STATE_WAR, -7:DIPLO_STATE_WAR, -7:DIPLO_STATE_WAR, 1:DIPLO_STATE_WAR, 1:DIPLO_STATE_WAR, 3:DIPLO_STATE_INFLUENTIAL, 0:DIPLO_STATE_NO_INFLUENCE, 1:DIPLO_STATE_INFLUENTIAL, 0:DIPLO_STATE_NO_INFLUENCE, 3:DIPLO_STATE_MAX_INFLUENCE, 1:DIPLO_STATE_INFLUENTIAL, 3:DIPLO_STATE_MAX_INFLUENCE, 1:DIPLO_STATE_WAR_WITH_MINOR, 0:DIPLO_STATE_NO_INFLUENCE, 0:DIPLO_STATE_NO_INFLUENCE, 3:DIPLO_STATE_MAX_INFLUENCE, 3:DIPLO_STATE_INFLUENTIAL,,,,,,,,,,,,,,,,,,,,,,,,,,,,,,,,,,,,,,,,, 0:DIPLO_STATE_FREE_CITIES_NEUTRAL, 0:
48, 4, Threat and Trust,, 16.95:6:10.00, 10.16:7:10.00, 10.16:7:14.00, 10.16:7:16.00,, 110.55:4:-10.00, 104.61:5:-5.00, 112.41:3:2.00, 127.55:2:0.00, 154.20:1:0.00, 0.00:11:0.00, 0.00:11:0.00, 0.00:11:0.00, 0.00:11:0.00, 0.00:11:0.00, 0.00:11:0.00, 0.00:11:0.00, 0.00:11:0.00, 0.00:11:0.00, 0.00:11:0.00, 0.00:11:0.00, 0.00:11:0.00,,,,,,,,,,,,,,,,,,,,,,,,,,,,,,,,,,,,,,,,, 0.00:11:0.00, 0.00:11:0.00
49, 5, ,, -39:DIPLO_STATE_WAR, -64:DIPLO_STATE_WAR, -49:DIPLO_STATE_WAR, -71:DIPLO_STATE_WAR, -29:DIPLO_STATE_WAR,, 8:DIPLO_STATE_ALLIED, 19:DIPLO_STATE_ALLIED, 22:DIPLO_STATE_ALLIED, 22:DIPLO_STATE_ALLIED, 0:DIPLO_STATE_NO_INFLUENCE, 0:DIPLO_STATE_WAR_WITH_MINOR, 0:DIPLO_STATE_WAR_WITH_MINOR, 0:DIPLO_STATE_WAR_WITH_MINOR, 0:DIPLO_STATE_WAR_WITH_MINOR, 0:DIPLO_STATE_WAR_WITH_MINOR, 0:DIPLO_STATE_WAR_WITH_MINOR, 0:DIPLO_STATE_NO_INFLUENCE, 0:DIPLO_STATE_WAR_WITH_MINOR, 0:DIPLO_STATE_WAR_WITH_MINOR, 0:DIPLO_STATE_WAR_WITH_MINOR, 0:DIPLO_STATE_NO_INFLUENCE,,,,,,,,,,,,,,,,,,,,,,,,,,,,,,,,,,,,,,,,, 0:DIPLO_STATE_FREE_CITIES_NEUTRAL, 0:
49, 5, Threat and Trust,, 10.16:6:2.00, 10.16:6:1.00, 10.16:6:2.00, 10.16:6:2.00, 10.16:6:6.00,, 60.16:3:-5.00, 60.16:3:1.00, 76.36:1:0.00, 71.61:2:2.00, 0.00:11:0.00, 0.00:11:0.00, 0.00:11:0.00, 0.00:11:0.00, 0.00:11:0.00, 0.00:11:0.00, 0.00:11:0.00, 0.00:11:0.00, 0.00:11:0.00, 0.00:11:0.00, 0.00:11:0.00, 0.00:11:0.00,,,,,,,,,,,,,,,,,,,,,,,,,,,,,,,,,,,,,,,,, 0.00:11:0.00, 0.00:11:0.00
49, 6, ,, -80:DIPLO_STATE_WAR, -77:DIPLO_STATE_WAR, -78:DIPLO_STATE_WAR, -82:DIPLO_STATE_WAR, -85:DIPLO_STATE_WAR, -23:DIPLO_STATE_ALLIED,, 8:DIPLO_STATE_ALLIED, 9:DIPLO_STATE_ALLIED, 1:DIPLO_STATE_ALLIED, 0:DIPLO_STATE_NO_INFLUENCE, 0:DIPLO_STATE_WAR_WITH_MINOR, 0:DIPLO_STATE_WAR_WITH_MINOR, 0:DIPLO_STATE_WAR_WITH_MINOR, 0:DIPLO_STATE_WAR_WITH_MINOR, 0:DIPLO_STATE_WAR_WITH_MINOR, 0:DIPLO_STATE_WAR_WITH_MINOR, 4:DIPLO_STATE_MAX_INFLUENCE, 0:DIPLO_STATE_WAR_WITH_MINOR, 0:DIPLO_STATE_WAR_WITH_MINOR, 0:DIPLO_STATE_WAR_WITH_MINOR, 0:DIPLO_STATE_NO_INFLUENCE,,,,,,,,,,,,,,,,,,,,,,,,,,,,,,,,,,,,,,,,, 0:DIPLO_STATE_FREE_CITIES_NEUTRAL, 0:
49, 6, Threat and Trust,, 10.16:6:2.00, 10.16:6:1.00, 10.16:6:2.00, 10.16:6:2.00, 10.16:6:6.00, 60.16:3:-10.00,, 60.16:3:1.00, 80.30:1:0.00, 75.55:2:2.00, 0.00:11:0.00, 0.00:11:0.00, 0.00:11:0.00, 0.00:11:0.00, 0.00:11:0.00, 0.00:11:0.00, 0.00:11:0.00, 0.00:11:0.00, 0.00:11:0.00, 0.00:11:0.00, 0.00:11:0.00, 0.00:11:0.00,,,,,,,,,,,,,,,,,,,,,,,,,,,,,,,,,,,,,,,,, 0.00:11:0.00, 0.00:11:0.00
49, 7, ,, -89:DIPLO_STATE_WAR, -85:DIPLO_STATE_WAR, -93:DIPLO_STATE_WAR, -103:DIPLO_STATE_WAR, -95:DIPLO_STATE_WAR, -18:DIPLO_STATE_ALLIED, 4:DIPLO_STATE_ALLIED,, 8:DIPLO_STATE_ALLIED, 8:DIPLO_STATE_ALLIED, 0:DIPLO_STATE_NO_INFLUENCE, 0:DIPLO_STATE_WAR_WITH_MINOR, 0:DIPLO_STATE_WAR_WITH_MINOR, 0:DIPLO_STATE_WAR_WITH_MINOR, 0:DIPLO_STATE_WAR_WITH_MINOR, 0:DIPLO_STATE_WAR_WITH_MINOR, 0:DIPLO_STATE_WAR_WITH_MINOR, 1:DIPLO_STATE_INFLUENTIAL, 0:DIPLO_STATE_WAR_WITH_MINOR, 0:DIPLO_STATE_WAR_WITH_MINOR, 0:DIPLO_STATE_WAR_WITH_MINOR, 1:DIPLO_STATE_INFLUENTIAL,,,,,,,,,,,,,,,,,,,,,,,,,,,,,,,,,,,,,,,,, 0:DIPLO_STATE_FREE_CITIES_NEUTRAL, 0:
49, 7, Threat and Trust,, 10.16:6:2.00, 10.16:6:1.00, 10.16:6:1.00, 10.16:6:2.00, 10.16:6:6.00, 60.16:3:-10.00, 60.16:3:-5.00,, 73.30:1:0.00, 68.55:2:2.00, 0.00:11:0.00, 0.00:11:0.00, 0.00:11:0.00, 0.00:11:0.00, 0.00:11:0.00, 0.00:11:0.00, 0.00:11:0.00, 0.00:11:0.00, 0.00:11:0.00, 0.00:11:0.00, 0.00:11:0.00, 0.00:11:0.00,,,,,,,,,,,,,,,,,,,,,,,,,,,,,,,,,,,,,,,,, 0.00:11:0.00, 0.00:11:0.00
49, 8, ,, -104:DIPLO_STATE_WAR, -113:DIPLO_STATE_WAR, -85:DIPLO_STATE_WAR, -97:DIPLO_STATE_WAR, -96:DIPLO_STATE_WAR, -20:DIPLO_STATE_ALLIED, -9:DIPLO_STATE_ALLIED, 0:DIPLO_STATE_ALLIED,, 18:DIPLO_STATE_ALLIED, 0:DIPLO_STATE_NO_INFLUENCE, 0:DIPLO_STATE_WAR_WITH_MINOR, 0:DIPLO_STATE_WAR_WITH_MINOR, 0:DIPLO_STATE_WAR_WITH_MINOR, 0:DIPLO_STATE_WAR_WITH_MINOR, 0:DIPLO_STATE_WAR_WITH_MINOR, 0:DIPLO_STATE_WAR_WITH_MINOR, 1:DIPLO_STATE_INFLUENTIAL, 0:DIPLO_STATE_WAR_WITH_MINOR, 0:DIPLO_STATE_WAR_WITH_MINOR, 0:DIPLO_STATE_WAR_WITH_MINOR, 2:DIPLO_STATE_INFLUENTIAL,,,,,,,,,,,,,,,,,,,,,,,,,,,,,,,,,,,,,,,,, 0:DIPLO_STATE_FREE_CITIES_NEUTRAL, 0:
49, 8, Threat and Trust,, 10.16:6:2.00, 10.16:6:1.00, 10.16:6:2.00, 10.16:6:2.00, 10.16:6:6.00, 60.16:2:-10.00, 60.16:2:-5.00, 60.16:2:1.00,, 60.16:2:2.00, 0.00:11:0.00, 0.00:11:0.00, 0.00:11:0.00, 0.00:11:0.00, 0.00:11:0.00, 0.00:11:0.00, 0.00:11:0.00, 0.00:11:0.00, 0.00:11:0.00, 0.00:11:0.00, 0.00:11:0.00, 0.00:11:0.00,,,,,,,,,,,,,,,,,,,,,,,,,,,,,,,,,,,,,,,,, 0.00:11:0.00, 0.00:11:0.00
49, 9, ,, -87:DIPLO_STATE_WAR, -94:DIPLO_STATE_WAR, -69:DIPLO_STATE_WAR, -73:DIPLO_STATE_WAR, -69:DIPLO_STATE_WAR, -29:DIPLO_STATE_ALLIED, 9:DIPLO_STATE_ALLIED, 1:DIPLO_STATE_ALLIED, 11:DIPLO_STATE_ALLIED,, 0:DIPLO_STATE_NO_INFLUENCE, 0:DIPLO_STATE_WAR_WITH_MINOR, 0:DIPLO_STATE_WAR_WITH_MINOR, 0:DIPLO_STATE_WAR_WITH_MINOR, 0:DIPLO_STATE_WAR_WITH_MINOR, 0:DIPLO_STATE_WAR_WITH_MINOR, 0:DIPLO_STATE_WAR_WITH_MINOR, 2:DIPLO_STATE_INFLUENTIAL, 0:DIPLO_STATE_WAR_WITH_MINOR, 0:DIPLO_STATE_WAR_WITH_MINOR, 0:DIPLO_STATE_WAR_WITH_MINOR, 0:DIPLO_STATE_NO_INFLUENCE,,,,,,,,,,,,,,,,,,,,,,,,,,,,,,,,,,,,,,,,, 0:DIPLO_STATE_FREE_CITIES_NEUTRAL, 0:
49, 9, Threat and Trust,, 10.16:6:2.00, 10.16:6:2.00, 10.16:6:0.00, 10.16:6:0.00, 10.16:6:1.00, 60.16:2:-10.00, 60.16:2:-5.00, 60.16:2:1.00, 60.16:2:0.00,, 0.00:11:0.00, 0.00:11:0.00, 0.00:11:0.00, 0.00:11:0.00, 0.00:11:0.00, 0.00:11:0.00, 0.00:11:0.00, 0.00:11:0.00, 0.00:11:0.00, 0.00:11:0.00, 0.00:11:0.00, 0.00:11:0.00,,,,,,,,,,,,,,,,,,,,,,,,,,,,,,,,,,,,,,,,, 0.00:11:0.00, 0.00:11:0.00
49, 10, ,, 0:DIPLO_STATE_AWARE, 3:DIPLO_STATE_PATRON, 1:DIPLO_STATE_PATRON, 0:DIPLO_STATE_AWARE, 3:DIPLO_STATE_PATRON, 0:DIPLO_STATE_AWARE, 2:DIPLO_STATE_PATRON, 0:DIPLO_STATE_AWARE, 1:DIPLO_STATE_PATRON, 1:DIPLO_STATE_PATRON,,,,, 0:DIPLO_STATE_MINOR_MINOR,,, 0:DIPLO_STATE_MINOR_MINOR,,,,,,,,,,,,,,,,,,,,,,,,,,,,,,,,,,,,,,,,,,,,,, 0:
49, 10, Threat and Trust,, 10.16:6:0.00, 10.16:6:0.00, 10.16:6:0.00, 10.16:6:0.00, 10.16:6:0.00, 109.55:4:0.00, 105.61:5:0.00, 112.61:3:0.00, 128.16:1:0.00, 126.05:2:0.00,,,,, 0.00:11:0.00,,, 0.00:11:0.00,,,,,,,,,,,,,,,,,,,,,,,,,,,,,,,,,,,,,,,,,,,,,, 0.00:11:0.00
49, 12, ,, 1:DIPLO_STATE_PATRON, 3:DIPLO_STATE_PATRON, 0:DIPLO_STATE_AWARE, 1:DIPLO_STATE_PATRON, 1:DIPLO_STATE_PATRON, 0:DIPLO_STATE_WAR_WITH_MAJOR, 0:DIPLO_STATE_WAR_WITH_MAJOR, 0:DIPLO_STATE_WAR_WITH_MAJOR, 0:DIPLO_STATE_WAR_WITH_MAJOR, 0:DIPLO_STATE_WAR_WITH_MAJOR,,,,,,,, 0:DIPLO_STATE_MINOR_MINOR_WAR,,,, 0:DIPLO_STATE_MINOR_MINOR,,,,,,,,,,,,,,,,,,,,,,,,,,,,,,,,,,,,,,,,,, 0:
49, 12, Threat and Trust,, 16.25:6:0.00, 10.16:7:0.00, 10.16:7:0.00, 10.16:7:0.00, 10.16:7:0.00, 50.50:4:0.00, 46.55:5:0.00, 53.55:3:0.00, 69.10:1:0.00, 67.00:2:0.00,,,,,,,, 0.00:11:0.00,,,, 0.00:11:0.00,,,,,,,,,,,,,,,,,,,,,,,,,,,,,,,,,,,,,,,,,, 0.00:11:0.00
49, 13, ,, 0:DIPLO_STATE_AWARE, 4:DIPLO_STATE_PATRON, 0:DIPLO_STATE_AWARE, 2:DIPLO_STATE_PATRON, 0:DIPLO_STATE_AWARE, 0:DIPLO_STATE_WAR_WITH_MAJOR, 0:DIPLO_STATE_WAR_WITH_MAJOR, 0:DIPLO_STATE_WAR_WITH_MAJOR, 0:DIPLO_STATE_WAR_WITH_MAJOR, 0:DIPLO_STATE_WAR_WITH_MAJOR,,,,, 0:DIPLO_STATE_MINOR_MINOR,, 0:DIPLO_STATE_MINOR_MINOR, 0:DIPLO_STATE_MINOR_MINOR_WAR,,,,,,,,,,,,,,,,,,,,,,,,,,,,,,,,,,,,,,,,,,,,,, 0:
49, 13, Threat and Trust,, 18.36:6:0.00, 10.16:7:0.00, 10.16:7:0.00, 10.16:7:0.00, 10.16:7:0.00, 112.75:4:0.00, 108.80:5:0.00, 115.80:3:0.00, 131.36:1:0.00, 129.25:2:0.00,,,,, 0.00:11:0.00,, 0.00:11:0.00, 0.00:11:0.00,,,,,,,,,,,,,,,,,,,,,,,,,,,,,,,,,,,,,,,,,,,,,, 0.00:11:0.00
49, 14, ,, 2:DIPLO_STATE_PATRON, 0:DIPLO_STATE_AWARE, 0:DIPLO_STATE_AWARE, 0:DIPLO_STATE_AWARE, 3:DIPLO_STATE_PATRON, 0:DIPLO_STATE_WAR_WITH_MAJOR, 0:DIPLO_STATE_WAR_WITH_MAJOR, 0:DIPLO_STATE_WAR_WITH_MAJOR, 0:DIPLO_STATE_WAR_WITH_MAJOR, 0:DIPLO_STATE_WAR_WITH_MAJOR, 0:DIPLO_STATE_MINOR_MINOR, 0:DIPLO_STATE_MINOR_MINOR,, 0:DIPLO_STATE_MINOR_MINOR,, 0:DIPLO_STATE_MINOR_MINOR, 0:DIPLO_STATE_MINOR_MINOR, 0:DIPLO_STATE_MINOR_MINOR_WAR,, 0:DIPLO_STATE_MINOR_MINOR, 0:DIPLO_STATE_MINOR_MINOR, 0:DIPLO_STATE_MINOR_MINOR,,,,,,,,,,,,,,,,,,,,,,,,,,,,,,,,,,,,,,,,,, 0:
49, 14, Threat and Trust,, 23.25:6:0.00, 10.16:9:0.00, 16.70:7:0.00, 10.16:9:0.00, 16.45:8:0.00, 117.66:4:0.00, 113.70:5:0.00, 120.70:3:0.00, 136.25:1:0.00, 134.16:2:0.00, 0.00:11:0.00, 0.00:11:0.00,, 0.00:11:0.00,, 0.00:11:0.00, 0.00:11:0.00, 0.00:11:0.00,, 0.00:11:0.00, 0.00:11:0.00, 0.00:11:0.00,,,,,,,,,,,,,,,,,,,,,,,,,,,,,,,,,,,,,,,,,, 0.00:11:0.00
49, 15, ,, 0:DIPLO_STATE_AWARE, 1:DIPLO_STATE_PATRON, 3:DIPLO_STATE_PATRON, 2:DIPLO_STATE_PATRON, 1:DIPLO_STATE_PATRON, 0:DIPLO_STATE_WAR_WITH_MAJOR, 0:DIPLO_STATE_WAR_WITH_MAJOR, 0:DIPLO_STATE_WAR_WITH_MAJOR, 0:DIPLO_STATE_WAR_WITH_MAJOR, 0:DIPLO_STATE_WAR_WITH_MAJOR,,,,, 0:DIPLO_STATE_MINOR_MINOR,, 0:DIPLO_STATE_MINOR_MINOR, 0:DIPLO_STATE_MINOR_MINOR_WAR,,, 0:DIPLO_STATE_MINOR_MINOR,,,,,,,,,,,,,,,,,,,,,,,,,,,,,,,,,,,,,,,,,,, 0:
49, 15, Threat and Trust,, 10.16:6:0.00, 10.16:6:0.00, 10.16:6:0.00, 10.16:6:0.00, 10.16:6:0.00, 108.86:4:0.00, 104.91:5:0.00, 111.91:3:0.00, 127.45:1:0.00, 125.36:2:0.00,,,,, 0.00:11:0.00,, 0.00:11:0.00, 0.00:11:0.00,,, 0.00:11:0.00,,,,,,,,,,,,,,,,,,,,,,,,,,,,,,,,,,,,,,,,,,, 0.00:11:0.00
49, 16, ,, 0:DIPLO_STATE_AWARE, 0:DIPLO_STATE_AWARE, 0:DIPLO_STATE_AWARE, 0:DIPLO_STATE_AWARE, 4:DIPLO_STATE_PATRON, 0:DIPLO_STATE_WAR_WITH_MAJOR, 0:DIPLO_STATE_WAR_WITH_MAJOR, 0:DIPLO_STATE_WAR_WITH_MAJOR, 0:DIPLO_STATE_WAR_WITH_MAJOR, 0:DIPLO_STATE_WAR_WITH_MAJOR,, 0:DIPLO_STATE_MINOR_MINOR_WAR,, 0:DIPLO_STATE_MINOR_MINOR, 0:DIPLO_STATE_MINOR_MINOR, 0:DIPLO_STATE_MINOR_MINOR,, 0:DIPLO_STATE_MINOR_MINOR_WAR, 0:DIPLO_STATE_MINOR_MINOR, 0:DIPLO_STATE_MINOR_MINOR_WAR, 0:DIPLO_STATE_MINOR_MINOR, 0:DIPLO_STATE_MINOR_MINOR,,,,,,,,,,,,,,,,,,,,,,,,,,,,,,,,,,,,,,,,,, 0:
49, 16, Threat and Trust,, 22.50:6:0.00, 10.16:9:0.00, 15.95:7:0.00, 10.16:9:0.00, 15.70:8:0.00, 116.91:4:0.00, 112.95:5:0.00, 149.15:2:0.00, 173.50:1:0.00, 133.41:3:0.00,, 0.00:11:0.00,, 0.00:11:0.00, 0.00:11:0.00, 0.00:11:0.00,, 0.00:11:0.00, 0.00:11:0.00, 0.00:11:0.00, 0.00:11:0.00, 0.00:11:0.00,,,,,,,,,,,,,,,,,,,,,,,,,,,,,,,,,,,,,,,,,, 0.00:11:0.00
49, 17, ,, 0:DIPLO_STATE_WAR_WITH_MAJOR, 3:DIPLO_STATE_WAR_WITH_MAJOR, 2:DIPLO_STATE_WAR_WITH_MAJOR, 3:DIPLO_STATE_WAR_WITH_MAJOR, 1:DIPLO_STATE_WAR_WITH_MAJOR, 0:DIPLO_STATE_AWARE, 4:DIPLO_STATE_PATRON, 1:DIPLO_STATE_PATRON, 1:DIPLO_STATE_PATRON, 2:DIPLO_STATE_PATRON, 0:DIPLO_STATE_MINOR_MINOR,, 0:DIPLO_STATE_MINOR_MINOR_WAR, 0:DIPLO_STATE_MINOR_MINOR_WAR, 0:DIPLO_STATE_MINOR_MINOR_WAR, 0:DIPLO_STATE_MINOR_MINOR_WAR, 0:DIPLO_STATE_MINOR_MINOR_WAR,,,, 0:DIPLO_STATE_MINOR_MINOR_WAR, 0:DIPLO_STATE_MINOR_MINOR,,,,,,,,,,,,,,,,,,,,,,,,,,,,,,,,,,,,,,,,,, 0:
49, 17, Threat and Trust,, 10.16:6:0.00, 10.16:6:0.00, 10.16:6:0.00, 10.16:6:0.00, 10.16:6:0.00, 107.50:4:0.00, 103.55:5:0.00, 110.55:3:0.00, 126.11:1:0.00, 124.00:2:0.00, 0.00:11:0.00,, 0.00:11:0.00, 0.00:11:0.00, 0.00:11:0.00, 0.00:11:0.00, 0.00:11:0.00,,,, 0.00:11:0.00, 0.00:11:0.00,,,,,,,,,,,,,,,,,,,,,,,,,,,,,,,,,,,,,,,,,, 0.00:11:0.00
49, 20, ,, 2:DIPLO_STATE_PATRON, 0:DIPLO_STATE_AWARE, 0:DIPLO_STATE_AWARE, 2:DIPLO_STATE_PATRON, 3:DIPLO_STATE_PATRON, 0:DIPLO_STATE_WAR_WITH_MAJOR, 0:DIPLO_STATE_WAR_WITH_MAJOR, 0:DIPLO_STATE_WAR_WITH_MAJOR, 0:DIPLO_STATE_WAR_WITH_MAJOR, 0:DIPLO_STATE_WAR_WITH_MAJOR,, 0:DIPLO_STATE_MINOR_MINOR,,, 0:DIPLO_STATE_MINOR_MINOR, 0:DIPLO_STATE_MINOR_MINOR, 0:DIPLO_STATE_MINOR_MINOR, 0:DIPLO_STATE_MINOR_MINOR_WAR,,,,,,,,,,,,,,,,,,,,,,,,,,,,,,,,,,,,,,,,,,,,,, 0:
49, 20, Threat and Trust,, 10.16:6:0.00, 10.16:6:0.00, 10.16:6:0.00, 10.16:6:0.00, 10.16:6:0.00, 108.70:4:0.00, 104.75:5:0.00, 111.75:3:0.00, 127.30:1:0.00, 125.20:2:0.00,, 0.00:11:0.00,,, 0.00:11:0.00, 0.00:11:0.00, 0.00:11:0.00, 0.00:11:0.00,,,,,,,,,,,,,,,,,,,,,,,,,,,,,,,,,,,,,,,,,,,,,, 0.00:11:0.00
49, 21, ,, 1:DIPLO_STATE_PATRON, 3:DIPLO_STATE_PATRON, 0:DIPLO_STATE_AWARE, 0:DIPLO_STATE_AWARE, 3:DIPLO_STATE_PATRON, 0:DIPLO_STATE_AWARE, 0:DIPLO_STATE_AWARE, 1:DIPLO_STATE_PATRON, 2:DIPLO_STATE_PATRON, 0:DIPLO_STATE_AWARE,,, 0:DIPLO_STATE_MINOR_MINOR,, 0:DIPLO_STATE_MINOR_MINOR,, 0:DIPLO_STATE_MINOR_MINOR, 0:DIPLO_STATE_MINOR_MINOR,,,,,,,,,,,,,,,,,,,,,,,,,,,,,,,,,,,,,,,,,,,,,, 0:
49, 21, Threat and Trust,, 10.16:6:0.00, 10.16:6:0.00, 10.16:6:0.00, 10.16:6:0.00, 10.16:6:0.00, 105.16:4:0.00, 101.20:5:0.00, 108.20:3:0.00, 123.75:1:0.00, 121.66:2:0.00,,, 0.00:11:0.00,, 0.00:11:0.00,, 0.00:11:0.00, 0.00:11:0.00,,,,,,,,,,,,,,,,,,,,,,,,,,,,,,,,,,,,,,,,,,,,,, 0.00:11:0.00
49, 62, ,, 0:DIPLO_STATE_FREE_CITIES_NEUTRAL, 0:DIPLO_STATE_FREE_CITIES_NEUTRAL, 0:DIPLO_STATE_FREE_CITIES_NEUTRAL, 0:DIPLO_STATE_FREE_CITIES_NEUTRAL, 0:DIPLO_STATE_FREE_CITIES_NEUTRAL, 0:DIPLO_STATE_FREE_CITIES_NEUTRAL, 0:DIPLO_STATE_FREE_CITIES_NEUTRAL, 0:DIPLO_STATE_FREE_CITIES_NEUTRAL, 0:DIPLO_STATE_FREE_CITIES_NEUTRAL, 0:DIPLO_STATE_FREE_CITIES_NEUTRAL,,,,,,,,,,,,,,,,,,,,,,,,,,,,,,,,,,,,,,,,,,,,,,,,,,,,,,
49, 62, Threat and Trust,, 25.25:6:0.00, 10.16:9:0.00, 18.70:7:0.00, 10.16:9:0.00, 18.45:8:0.00, 119.66:4:0.00, 115.70:5:0.00, 122.70:3:0.00, 138.25:1:0.00, 136.16:2:0.00,,,,,,,,,,,,,,,,,,,,,,,,,,,,,,,,,,,,,,,,,,,,,,,,,,,,,,
49, 63, ,, 0:, 0:, 0:, 0:, 0:, 0:, 0:, 0:, 0:, 0:, 0:, 0:, 0:, 0:, 0:, 0:, 0:, 0:, 0:, 0:, 0:, 0:,,,,,,,,,,,,,,,,,,,,,,,,,,,,,,,,,,,,,,,,,,
49, 63, Threat and Trust,, 0.00:1:0.00, 0.00:1:0.00, 0.00:1:0.00, 0.00:1:0.00, 0.00:1:0.00, 0.00:1:0.00, 0.00:1:0.00, 0.00:1:0.00, 0.00:1:0.00, 0.00:1:0.00, 0.00:1:0.00, 0.00:1:0.00, 0.00:1:0.00, 0.00:1:0.00, 0.00:1:0.00, 0.00:1:0.00, 0.00:1:0.00, 0.00:1:0.00, 0.00:1:0.00, 0.00:1:0.00, 0.00:1:0.00, 0.00:1:0.00,,,,,,,,,,,,,,,,,,,,,,,,,,,,,,,,,,,,,,,,,,
49, 0, ,,, 4:DIPLO_STATE_ALLIED, 20:DIPLO_STATE_ALLIED, 1:DIPLO_STATE_ALLIED, 51:DIPLO_STATE_ALLIED, 14:DIPLO_STATE_WAR, -5:DIPLO_STATE_WAR, -5:DIPLO_STATE_WAR, 1:DIPLO_STATE_WAR, -5:DIPLO_STATE_WAR, 0:DIPLO_STATE_NO_INFLUENCE, 0:DIPLO_STATE_NO_INFLUENCE, 1:DIPLO_STATE_INFLUENTIAL, 0:DIPLO_STATE_NO_INFLUENCE, 2:DIPLO_STATE_INFLUENTIAL, 0:DIPLO_STATE_NO_INFLUENCE, 0:DIPLO_STATE_NO_INFLUENCE, 0:DIPLO_STATE_WAR_WITH_MINOR, 0:DIPLO_STATE_NO_INFLUENCE, 0:DIPLO_STATE_NO_INFLUENCE, 2:DIPLO_STATE_INFLUENTIAL, 1:DIPLO_STATE_INFLUENTIAL,,,,,,,,,,,,,,,,,,,,,,,,,,,,,,,,,,,,,,,,, 0:DIPLO_STATE_FREE_CITIES_NEUTRAL, 0:
49, 0, Threat and Trust,,, 10.16:6:6.00, 10.16:6:5.00, 10.16:6:6.00, 10.16:6:13.00, 106.20:4:-10.00, 102.25:5:-5.00, 109.25:3:0.00, 124.80:1:0.00, 122.70:2:2.00, 0.00:11:0.00, 0.00:11:0.00, 0.00:11:0.00, 0.00:11:0.00, 0.00:11:0.00, 0.00:11:0.00, 0.00:11:0.00, 0.00:11:0.00, 0.00:11:0.00, 0.00:11:0.00, 0.00:11:0.00, 0.00:11:0.00,,,,,,,,,,,,,,,,,,,,,,,,,,,,,,,,,,,,,,,,, 0.00:11:0.00, 0.00:11:0.00
49, 1, ,, 31:DIPLO_STATE_ALLIED,, 53:DIPLO_STATE_ALLIED, 50:DIPLO_STATE_ALLIED, 37:DIPLO_STATE_ALLIED, -6:DIPLO_STATE_WAR, -6:DIPLO_STATE_WAR, -11:DIPLO_STATE_WAR, -7:DIPLO_STATE_WAR, -10:DIPLO_STATE_WAR, 3:DIPLO_STATE_INFLUENTIAL, 0:DIPLO_STATE_NO_INFLUENCE, 3:DIPLO_STATE_MAX_INFLUENCE, 4:DIPLO_STATE_MAX_INFLUENCE, 0:DIPLO_STATE_NO_INFLUENCE, 1:DIPLO_STATE_INFLUENTIAL, 0:DIPLO_STATE_NO_INFLUENCE, 3:DIPLO_STATE_WAR_WITH_MINOR, 0:DIPLO_STATE_NO_INFLUENCE, 0:DIPLO_STATE_NO_INFLUENCE, 0:DIPLO_STATE_NO_INFLUENCE, 3:DIPLO_STATE_INFLUENTIAL,,,,,,,,,,,,,,,,,,,,,,,,,,,,,,,,,,,,,,,,, 0:DIPLO_STATE_FREE_CITIES_NEUTRAL, 0:
49, 1, Threat and Trust,, 17.30:6:4.00,, 10.16:7:5.00, 10.16:7:7.00, 10.16:7:8.00, 113.36:4:-10.00, 109.41:5:-5.00, 116.41:3:0.00, 131.95:1:0.00, 129.86:2:2.00, 0.00:11:0.00, 0.00:11:0.00, 0.00:11:0.00, 0.00:11:0.00, 0.00:11:0.00, 0.00:11:0.00, 0.00:11:0.00, 0.00:11:0.00, 0.00:11:0.00, 0.00:11:0.00, 0.00:11:0.00, 0.00:11:0.00,,,,,,,,,,,,,,,,,,,,,,,,,,,,,,,,,,,,,,,,, 0.00:11:0.00, 0.00:11:0.00
49, 2, ,, 36:DIPLO_STATE_ALLIED, 8:DIPLO_STATE_ALLIED,, 53:DIPLO_STATE_ALLIED, 49:DIPLO_STATE_ALLIED, -1:DIPLO_STATE_WAR, 4:DIPLO_STATE_WAR, -6:DIPLO_STATE_WAR, 17:DIPLO_STATE_WAR, 8:DIPLO_STATE_WAR, 1:DIPLO_STATE_INFLUENTIAL, 0:DIPLO_STATE_NO_INFLUENCE, 0:DIPLO_STATE_NO_INFLUENCE, 0:DIPLO_STATE_NO_INFLUENCE, 0:DIPLO_STATE_NO_INFLUENCE, 3:DIPLO_STATE_MAX_INFLUENCE, 0:DIPLO_STATE_NO_INFLUENCE, 2:DIPLO_STATE_WAR_WITH_MINOR, 0:DIPLO_STATE_NO_INFLUENCE, 0:DIPLO_STATE_NO_INFLUENCE, 0:DIPLO_STATE_NO_INFLUENCE, 0:DIPLO_STATE_NO_INFLUENCE,,,,,,,,,,,,,,,,,,,,,,,,,,,,,,,,,,,,,,,,, 0:DIPLO_STATE_FREE_CITIES_NEUTRAL, 0:
49, 2, Threat and Trust,, 10.16:6:4.00, 10.16:6:6.00,, 10.16:6:7.00, 10.16:6:13.00, 109.80:4:-10.00, 105.86:5:-5.00, 112.86:3:0.00, 128.41:1:0.00, 126.30:2:0.00, 0.00:11:0.00, 0.00:11:0.00, 0.00:11:0.00, 0.00:11:0.00, 0.00:11:0.00, 0.00:11:0.00, 0.00:11:0.00, 0.00:11:0.00, 0.00:11:0.00, 0.00:11:0.00, 0.00:11:0.00, 0.00:11:0.00,,,,,,,,,,,,,,,,,,,,,,,,,,,,,,,,,,,,,,,,, 0.00:11:0.00, 0.00:11:0.00
49, 3, ,, 19:DIPLO_STATE_ALLIED, 35:DIPLO_STATE_ALLIED, 62:DIPLO_STATE_ALLIED,, 28:DIPLO_STATE_ALLIED, -19:DIPLO_STATE_WAR, -5:DIPLO_STATE_WAR, -6:DIPLO_STATE_WAR, -6:DIPLO_STATE_WAR, -6:DIPLO_STATE_WAR, 0:DIPLO_STATE_NO_INFLUENCE, 0:DIPLO_STATE_NO_INFLUENCE, 1:DIPLO_STATE_INFLUENTIAL, 2:DIPLO_STATE_INFLUENTIAL, 0:DIPLO_STATE_NO_INFLUENCE, 2:DIPLO_STATE_INFLUENTIAL, 0:DIPLO_STATE_NO_INFLUENCE, 3:DIPLO_STATE_WAR_WITH_MINOR, 0:DIPLO_STATE_NO_INFLUENCE, 0:DIPLO_STATE_NO_INFLUENCE, 2:DIPLO_STATE_INFLUENTIAL, 0:DIPLO_STATE_NO_INFLUENCE,,,,,,,,,,,,,,,,,,,,,,,,,,,,,,,,,,,,,,,,, 0:DIPLO_STATE_FREE_CITIES_NEUTRAL, 0:
49, 3, Threat and Trust,, 19.55:6:6.00, 10.16:8:8.00, 15.95:7:7.00,, 10.16:8:15.00, 115.61:4:-10.00, 111.66:5:-5.00, 118.66:3:0.00, 134.20:1:0.00, 132.11:2:0.00, 0.00:11:0.00, 0.00:11:0.00, 0.00:11:0.00, 0.00:11:0.00, 0.00:11:0.00, 0.00:11:0.00, 0.00:11:0.00, 0.00:11:0.00, 0.00:11:0.00, 0.00:11:0.00, 0.00:11:0.00, 0.00:11:0.00,,,,,,,,,,,,,,,,,,,,,,,,,,,,,,,,,,,,,,,,, 0.00:11:0.00, 0.00:11:0.00
49, 4, ,, 66:DIPLO_STATE_ALLIED, -2:DIPLO_STATE_ALLIED, 20:DIPLO_STATE_ALLIED, 4:DIPLO_STATE_ALLIED,, 6:DIPLO_STATE_WAR, -7:DIPLO_STATE_WAR, -7:DIPLO_STATE_WAR, 1:DIPLO_STATE_WAR, -7:DIPLO_STATE_WAR, 3:DIPLO_STATE_INFLUENTIAL, 0:DIPLO_STATE_NO_INFLUENCE, 1:DIPLO_STATE_INFLUENTIAL, 0:DIPLO_STATE_NO_INFLUENCE, 3:DIPLO_STATE_MAX_INFLUENCE, 1:DIPLO_STATE_INFLUENTIAL, 4:DIPLO_STATE_MAX_INFLUENCE, 1:DIPLO_STATE_WAR_WITH_MINOR, 0:DIPLO_STATE_NO_INFLUENCE, 0:DIPLO_STATE_NO_INFLUENCE, 3:DIPLO_STATE_MAX_INFLUENCE, 3:DIPLO_STATE_INFLUENTIAL,,,,,,,,,,,,,,,,,,,,,,,,,,,,,,,,,,,,,,,,, 0:DIPLO_STATE_FREE_CITIES_NEUTRAL, 0:
49, 4, Threat and Trust,, 10.16:6:10.00, 10.16:6:10.00, 10.16:6:14.00, 10.16:6:16.00,, 109.36:4:-10.00, 105.41:5:-5.00, 112.41:3:2.00, 127.95:2:0.00, 188.45:1:0.00, 0.00:11:0.00, 0.00:11:0.00, 0.00:11:0.00, 0.00:11:0.00, 0.00:11:0.00, 0.00:11:0.00, 0.00:11:0.00, 0.00:11:0.00, 0.00:11:0.00, 0.00:11:0.00, 0.00:11:0.00, 0.00:11:0.00,,,,,,,,,,,,,,,,,,,,,,,,,,,,,,,,,,,,,,,,, 0.00:11:0.00, 0.00:11:0.00
49, 1, ,, 31:DIPLO_STATE_ALLIED,, 53:DIPLO_STATE_ALLIED, 50:DIPLO_STATE_ALLIED, 37:DIPLO_STATE_ALLIED, -6:DIPLO_STATE_WAR, -6:DIPLO_STATE_WAR, -11:DIPLO_STATE_WAR, -7:DIPLO_STATE_WAR, -10:DIPLO_STATE_WAR, 3:DIPLO_STATE_INFLUENTIAL, 0:DIPLO_STATE_NO_INFLUENCE, 3:DIPLO_STATE_MAX_INFLUENCE, 4:DIPLO_STATE_MAX_INFLUENCE, 0:DIPLO_STATE_NO_INFLUENCE, 1:DIPLO_STATE_INFLUENTIAL, 0:DIPLO_STATE_NO_INFLUENCE, 3:DIPLO_STATE_NO_INFLUENCE, 0:DIPLO_STATE_NO_INFLUENCE, 0:DIPLO_STATE_NO_INFLUENCE, 0:DIPLO_STATE_NO_INFLUENCE, 3:DIPLO_STATE_INFLUENTIAL,,,,,,,,,,,,,,,,,,,,,,,,,,,,,,,,,,,,,,,,, 0:DIPLO_STATE_FREE_CITIES_NEUTRAL, 0:
49, 1, Threat and Trust,, 17.30:6:4.00,, 10.16:7:5.00, 10.16:7:7.00, 10.16:7:8.00, 113.36:4:-10.00, 109.41:5:-5.00, 116.41:3:0.00, 131.95:1:0.00, 129.86:2:2.00, 0.00:11:0.00, 0.00:11:0.00, 0.00:11:0.00, 0.00:11:0.00, 0.00:11:0.00, 0.00:11:0.00, 0.00:11:0.00, 0.00:11:0.00, 0.00:11:0.00, 0.00:11:0.00, 0.00:11:0.00, 0.00:11:0.00,,,,,,,,,,,,,,,,,,,,,,,,,,,,,,,,,,,,,,,,, 0.00:11:0.00, 0.00:11:0.00
49, 2, ,, 36:DIPLO_STATE_ALLIED, 8:DIPLO_STATE_ALLIED,, 53:DIPLO_STATE_ALLIED, 49:DIPLO_STATE_ALLIED, -1:DIPLO_STATE_WAR, 4:DIPLO_STATE_WAR, -6:DIPLO_STATE_WAR, 17:DIPLO_STATE_WAR, 8:DIPLO_STATE_WAR, 1:DIPLO_STATE_INFLUENTIAL, 0:DIPLO_STATE_NO_INFLUENCE, 0:DIPLO_STATE_NO_INFLUENCE, 0:DIPLO_STATE_NO_INFLUENCE, 0:DIPLO_STATE_NO_INFLUENCE, 3:DIPLO_STATE_MAX_INFLUENCE, 0:DIPLO_STATE_NO_INFLUENCE, 2:DIPLO_STATE_NO_INFLUENCE, 0:DIPLO_STATE_NO_INFLUENCE, 0:DIPLO_STATE_NO_INFLUENCE, 0:DIPLO_STATE_NO_INFLUENCE, 0:DIPLO_STATE_NO_INFLUENCE,,,,,,,,,,,,,,,,,,,,,,,,,,,,,,,,,,,,,,,,, 0:DIPLO_STATE_FREE_CITIES_NEUTRAL, 0:
49, 2, Threat and Trust,, 10.16:6:4.00, 10.16:6:6.00,, 10.16:6:7.00, 10.16:6:13.00, 109.80:4:-10.00, 105.86:5:-5.00, 112.86:3:0.00, 128.41:1:0.00, 126.30:2:0.00, 0.00:11:0.00, 0.00:11:0.00, 0.00:11:0.00, 0.00:11:0.00, 0.00:11:0.00, 0.00:11:0.00, 0.00:11:0.00, 0.00:11:0.00, 0.00:11:0.00, 0.00:11:0.00, 0.00:11:0.00, 0.00:11:0.00,,,,,,,,,,,,,,,,,,,,,,,,,,,,,,,,,,,,,,,,, 0.00:11:0.00, 0.00:11:0.00
49, 1, ,, 31:DIPLO_STATE_ALLIED,, 53:DIPLO_STATE_ALLIED, 50:DIPLO_STATE_ALLIED, 37:DIPLO_STATE_ALLIED, -6:DIPLO_STATE_WAR, -6:DIPLO_STATE_WAR, -11:DIPLO_STATE_WAR, -7:DIPLO_STATE_WAR, -10:DIPLO_STATE_WAR, 3:DIPLO_STATE_INFLUENTIAL, 0:DIPLO_STATE_NO_INFLUENCE, 3:DIPLO_STATE_MAX_INFLUENCE, 4:DIPLO_STATE_MAX_INFLUENCE, 0:DIPLO_STATE_NO_INFLUENCE, 1:DIPLO_STATE_INFLUENTIAL, 0:DIPLO_STATE_NO_INFLUENCE, 3:DIPLO_STATE_NO_INFLUENCE, 0:DIPLO_STATE_NO_INFLUENCE, 0:DIPLO_STATE_NO_INFLUENCE, 0:DIPLO_STATE_NO_INFLUENCE, 3:DIPLO_STATE_INFLUENTIAL,,,,,,,,,,,,,,,,,,,,,,,,,,,,,,,,,,,,,,,,, 0:DIPLO_STATE_FREE_CITIES_NEUTRAL, 0:
49, 1, Threat and Trust,, 17.30:6:4.00,, 10.16:7:5.00, 10.16:7:7.00, 10.16:7:10.00, 113.36:4:-10.00, 109.41:5:-5.00, 116.41:3:0.00, 131.95:1:0.00, 129.86:2:2.00, 0.00:11:0.00, 0.00:11:0.00, 0.00:11:0.00, 0.00:11:0.00, 0.00:11:0.00, 0.00:11:0.00, 0.00:11:0.00, 0.00:11:0.00, 0.00:11:0.00, 0.00:11:0.00, 0.00:11:0.00, 0.00:11:0.00,,,,,,,,,,,,,,,,,,,,,,,,,,,,,,,,,,,,,,,,, 0.00:11:0.00, 0.00:11:0.00
49, 3, ,, 19:DIPLO_STATE_ALLIED, 35:DIPLO_STATE_ALLIED, 62:DIPLO_STATE_ALLIED,, 28:DIPLO_STATE_ALLIED, -19:DIPLO_STATE_WAR, -5:DIPLO_STATE_WAR, -6:DIPLO_STATE_WAR, -6:DIPLO_STATE_WAR, -6:DIPLO_STATE_WAR, 0:DIPLO_STATE_NO_INFLUENCE, 0:DIPLO_STATE_NO_INFLUENCE, 1:DIPLO_STATE_INFLUENTIAL, 2:DIPLO_STATE_INFLUENTIAL, 0:DIPLO_STATE_NO_INFLUENCE, 2:DIPLO_STATE_INFLUENTIAL, 0:DIPLO_STATE_NO_INFLUENCE, 3:DIPLO_STATE_NO_INFLUENCE, 0:DIPLO_STATE_NO_INFLUENCE, 0:DIPLO_STATE_NO_INFLUENCE, 2:DIPLO_STATE_INFLUENTIAL, 0:DIPLO_STATE_NO_INFLUENCE,,,,,,,,,,,,,,,,,,,,,,,,,,,,,,,,,,,,,,,,, 0:DIPLO_STATE_FREE_CITIES_NEUTRAL, 0:
49, 3, Threat and Trust,, 19.55:6:6.00, 10.16:8:8.00, 15.95:7:7.00,, 10.16:8:15.00, 115.61:4:-10.00, 111.66:5:-5.00, 118.66:3:0.00, 134.20:1:0.00, 132.11:2:0.00, 0.00:11:0.00, 0.00:11:0.00, 0.00:11:0.00, 0.00:11:0.00, 0.00:11:0.00, 0.00:11:0.00, 0.00:11:0.00, 0.00:11:0.00, 0.00:11:0.00, 0.00:11:0.00, 0.00:11:0.00, 0.00:11:0.00,,,,,,,,,,,,,,,,,,,,,,,,,,,,,,,,,,,,,,,,, 0.00:11:0.00, 0.00:11:0.00
49, 1, ,, 31:DIPLO_STATE_ALLIED,, 53:DIPLO_STATE_ALLIED, 50:DIPLO_STATE_ALLIED, 37:DIPLO_STATE_ALLIED, -6:DIPLO_STATE_WAR, -6:DIPLO_STATE_WAR, -11:DIPLO_STATE_WAR, -7:DIPLO_STATE_WAR, -10:DIPLO_STATE_WAR, 3:DIPLO_STATE_INFLUENTIAL, 0:DIPLO_STATE_NO_INFLUENCE, 3:DIPLO_STATE_MAX_INFLUENCE, 4:DIPLO_STATE_MAX_INFLUENCE, 0:DIPLO_STATE_NO_INFLUENCE, 1:DIPLO_STATE_INFLUENTIAL, 0:DIPLO_STATE_NO_INFLUENCE, 3:DIPLO_STATE_NO_INFLUENCE, 0:DIPLO_STATE_NO_INFLUENCE, 0:DIPLO_STATE_NO_INFLUENCE, 0:DIPLO_STATE_NO_INFLUENCE, 3:DIPLO_STATE_INFLUENTIAL,,,,,,,,,,,,,,,,,,,,,,,,,,,,,,,,,,,,,,,,, 0:DIPLO_STATE_FREE_CITIES_NEUTRAL, 0:
49, 1, Threat and Trust,, 17.30:6:4.00,, 10.16:7:5.00, 10.16:7:7.00, 10.16:7:12.00, 113.36:4:-10.00, 109.41:5:-5.00, 116.41:3:0.00, 131.95:1:0.00, 129.86:2:2.00, 0.00:11:0.00, 0.00:11:0.00, 0.00:11:0.00, 0.00:11:0.00, 0.00:11:0.00, 0.00:11:0.00, 0.00:11:0.00, 0.00:11:0.00, 0.00:11:0.00, 0.00:11:0.00, 0.00:11:0.00, 0.00:11:0.00,,,,,,,,,,,,,,,,,,,,,,,,,,,,,,,,,,,,,,,,, 0.00:11:0.00, 0.00:11:0.00
50, 5, ,, -42:DIPLO_STATE_WAR, -64:DIPLO_STATE_WAR, -52:DIPLO_STATE_WAR, -71:DIPLO_STATE_WAR, -32:DIPLO_STATE_WAR,, 9:DIPLO_STATE_ALLIED, 24:DIPLO_STATE_ALLIED, 22:DIPLO_STATE_ALLIED, 22:DIPLO_STATE_ALLIED, 0:DIPLO_STATE_NO_INFLUENCE, 0:DIPLO_STATE_WAR_WITH_MINOR, 0:DIPLO_STATE_WAR_WITH_MINOR, 0:DIPLO_STATE_WAR_WITH_MINOR, 0:DIPLO_STATE_WAR_WITH_MINOR, 0:DIPLO_STATE_WAR_WITH_MINOR, 0:DIPLO_STATE_WAR_WITH_MINOR, 0:DIPLO_STATE_NO_INFLUENCE, 0:DIPLO_STATE_WAR_WITH_MINOR, 0:DIPLO_STATE_WAR_WITH_MINOR, 0:DIPLO_STATE_WAR_WITH_MINOR, 0:DIPLO_STATE_NO_INFLUENCE,,,,,,,,,,,,,,,,,,,,,,,,,,,,,,,,,,,,,,,,, 0:DIPLO_STATE_FREE_CITIES_NEUTRAL, 0:
50, 5, Threat and Trust,, 10.16:6:2.00, 10.16:6:1.00, 10.16:6:2.00, 10.16:6:2.00, 10.16:6:6.00,, 60.16:3:-5.00, 60.16:3:1.00, 78.66:1:0.00, 76.55:2:2.00, 0.00:11:0.00, 0.00:11:0.00, 0.00:11:0.00, 0.00:11:0.00, 0.00:11:0.00, 0.00:11:0.00, 0.00:11:0.00, 0.00:11:0.00, 0.00:11:0.00, 0.00:11:0.00, 0.00:11:0.00, 0.00:11:0.00,,,,,,,,,,,,,,,,,,,,,,,,,,,,,,,,,,,,,,,,, 0.00:11:0.00, 0.00:11:0.00
50, 6, ,, -80:DIPLO_STATE_WAR, -77:DIPLO_STATE_WAR, -78:DIPLO_STATE_WAR, -82:DIPLO_STATE_WAR, -85:DIPLO_STATE_WAR, -19:DIPLO_STATE_ALLIED,, 13:DIPLO_STATE_ALLIED, 9:DIPLO_STATE_ALLIED, 1:DIPLO_STATE_ALLIED, 2:DIPLO_STATE_INFLUENTIAL, 0:DIPLO_STATE_WAR_WITH_MINOR, 0:DIPLO_STATE_WAR_WITH_MINOR, 0:DIPLO_STATE_WAR_WITH_MINOR, 0:DIPLO_STATE_WAR_WITH_MINOR, 0:DIPLO_STATE_WAR_WITH_MINOR, 0:DIPLO_STATE_WAR_WITH_MINOR, 6:DIPLO_STATE_MAX_INFLUENCE, 0:DIPLO_STATE_WAR_WITH_MINOR, 0:DIPLO_STATE_WAR_WITH_MINOR, 0:DIPLO_STATE_WAR_WITH_MINOR, 0:DIPLO_STATE_NO_INFLUENCE,,,,,,,,,,,,,,,,,,,,,,,,,,,,,,,,,,,,,,,,, 0:DIPLO_STATE_FREE_CITIES_NEUTRAL, 0:
50, 6, Threat and Trust,, 10.16:6:2.00, 10.16:6:1.00, 10.16:6:2.00, 10.16:6:2.00, 10.16:6:6.00, 60.16:4:-10.00,, 66.16:3:1.00, 81.70:1:0.00, 79.61:2:2.00, 0.00:11:0.00, 0.00:11:0.00, 0.00:11:0.00, 0.00:11:0.00, 0.00:11:0.00, 0.00:11:0.00, 0.00:11:0.00, 0.00:11:0.00, 0.00:11:0.00, 0.00:11:0.00, 0.00:11:0.00, 0.00:11:0.00,,,,,,,,,,,,,,,,,,,,,,,,,,,,,,,,,,,,,,,,, 0.00:11:0.00, 0.00:11:0.00
50, 7, ,, -89:DIPLO_STATE_WAR, -85:DIPLO_STATE_WAR, -93:DIPLO_STATE_WAR, -103:DIPLO_STATE_WAR, -95:DIPLO_STATE_WAR, -14:DIPLO_STATE_ALLIED, 6:DIPLO_STATE_ALLIED,, 8:DIPLO_STATE_ALLIED, 8:DIPLO_STATE_ALLIED, 0:DIPLO_STATE_NO_INFLUENCE, 0:DIPLO_STATE_WAR_WITH_MINOR, 0:DIPLO_STATE_WAR_WITH_MINOR, 0:DIPLO_STATE_WAR_WITH_MINOR, 0:DIPLO_STATE_WAR_WITH_MINOR, 0:DIPLO_STATE_WAR_WITH_MINOR, 0:DIPLO_STATE_WAR_WITH_MINOR, 3:DIPLO_STATE_INFLUENTIAL, 0:DIPLO_STATE_WAR_WITH_MINOR, 0:DIPLO_STATE_WAR_WITH_MINOR, 0:DIPLO_STATE_WAR_WITH_MINOR, 1:DIPLO_STATE_INFLUENTIAL,,,,,,,,,,,,,,,,,,,,,,,,,,,,,,,,,,,,,,,,, 0:DIPLO_STATE_FREE_CITIES_NEUTRAL, 0:
50, 7, Threat and Trust,, 10.16:6:2.00, 10.16:6:1.00, 10.16:6:1.00, 10.16:6:2.00, 10.16:6:6.00, 60.16:3:-10.00, 60.16:3:-5.00,, 77.00:1:0.00, 74.91:2:2.00, 0.00:11:0.00, 0.00:11:0.00, 0.00:11:0.00, 0.00:11:0.00, 0.00:11:0.00, 0.00:11:0.00, 0.00:11:0.00, 0.00:11:0.00, 0.00:11:0.00, 0.00:11:0.00, 0.00:11:0.00, 0.00:11:0.00,,,,,,,,,,,,,,,,,,,,,,,,,,,,,,,,,,,,,,,,, 0.00:11:0.00, 0.00:11:0.00
50, 8, ,, -104:DIPLO_STATE_WAR, -113:DIPLO_STATE_WAR, -85:DIPLO_STATE_WAR, -97:DIPLO_STATE_WAR, -96:DIPLO_STATE_WAR, -17:DIPLO_STATE_ALLIED, -7:DIPLO_STATE_ALLIED, 2:DIPLO_STATE_ALLIED,, 19:DIPLO_STATE_ALLIED, 1:DIPLO_STATE_INFLUENTIAL, 0:DIPLO_STATE_WAR_WITH_MINOR, 0:DIPLO_STATE_WAR_WITH_MINOR, 0:DIPLO_STATE_WAR_WITH_MINOR, 0:DIPLO_STATE_WAR_WITH_MINOR, 0:DIPLO_STATE_WAR_WITH_MINOR, 0:DIPLO_STATE_WAR_WITH_MINOR, 3:DIPLO_STATE_INFLUENTIAL, 0:DIPLO_STATE_WAR_WITH_MINOR, 0:DIPLO_STATE_WAR_WITH_MINOR, 0:DIPLO_STATE_WAR_WITH_MINOR, 2:DIPLO_STATE_INFLUENTIAL,,,,,,,,,,,,,,,,,,,,,,,,,,,,,,,,,,,,,,,,, 0:DIPLO_STATE_FREE_CITIES_NEUTRAL, 0:
50, 8, Threat and Trust,, 10.16:6:2.00, 10.16:6:1.00, 10.16:6:2.00, 10.16:6:2.00, 10.16:6:6.00, 60.16:1:-10.00, 60.16:1:-5.00, 60.16:1:1.00,, 60.16:1:2.00, 0.00:11:0.00, 0.00:11:0.00, 0.00:11:0.00, 0.00:11:0.00, 0.00:11:0.00, 0.00:11:0.00, 0.00:11:0.00, 0.00:11:0.00, 0.00:11:0.00, 0.00:11:0.00, 0.00:11:0.00, 0.00:11:0.00,,,,,,,,,,,,,,,,,,,,,,,,,,,,,,,,,,,,,,,,, 0.00:11:0.00, 0.00:11:0.00
50, 9, ,, -77:DIPLO_STATE_WAR, -94:DIPLO_STATE_WAR, -64:DIPLO_STATE_WAR, -73:DIPLO_STATE_WAR, -64:DIPLO_STATE_WAR, -19:DIPLO_STATE_ALLIED, 11:DIPLO_STATE_ALLIED, 1:DIPLO_STATE_ALLIED, -3:DIPLO_STATE_ALLIED,, 1:DIPLO_STATE_INFLUENTIAL, 0:DIPLO_STATE_WAR_WITH_MINOR, 0:DIPLO_STATE_WAR_WITH_MINOR, 0:DIPLO_STATE_WAR_WITH_MINOR, 0:DIPLO_STATE_WAR_WITH_MINOR, 0:DIPLO_STATE_WAR_WITH_MINOR, 0:DIPLO_STATE_WAR_WITH_MINOR, 2:DIPLO_STATE_INFLUENTIAL, 0:DIPLO_STATE_WAR_WITH_MINOR, 0:DIPLO_STATE_WAR_WITH_MINOR, 0:DIPLO_STATE_WAR_WITH_MINOR, 0:DIPLO_STATE_NO_INFLUENCE,,,,,,,,,,,,,,,,,,,,,,,,,,,,,,,,,,,,,,,,, 0:DIPLO_STATE_FREE_CITIES_NEUTRAL, 0:
50, 9, Threat and Trust,, 10.16:6:2.00, 10.16:6:2.00, 10.16:6:0.00, 10.16:6:0.00, 10.16:6:1.00, 60.16:3:-10.00, 60.16:3:-5.00, 60.16:3:1.00, 67.05:2:-5.00,, 0.00:11:0.00, 0.00:11:0.00, 0.00:11:0.00, 0.00:11:0.00, 0.00:11:0.00, 0.00:11:0.00, 0.00:11:0.00, 0.00:11:0.00, 0.00:11:0.00, 0.00:11:0.00, 0.00:11:0.00, 0.00:11:0.00,,,,,,,,,,,,,,,,,,,,,,,,,,,,,,,,,,,,,,,,, 0.00:11:0.00, 0.00:11:0.00
50, 10, ,, 0:DIPLO_STATE_AWARE, 3:DIPLO_STATE_PATRON, 3:DIPLO_STATE_PATRON, 0:DIPLO_STATE_AWARE, 3:DIPLO_STATE_PATRON, 2:DIPLO_STATE_PATRON, 2:DIPLO_STATE_PATRON, 0:DIPLO_STATE_AWARE, 1:DIPLO_STATE_PATRON, 1:DIPLO_STATE_PATRON,,,,, 0:DIPLO_STATE_MINOR_MINOR,,, 0:DIPLO_STATE_MINOR_MINOR,,,,,,,,,,,,,,,,,,,,,,,,,,,,,,,,,,,,,,,,,,,,,, 0:
50, 10, Threat and Trust,, 10.16:6:0.00, 10.16:6:0.00, 10.16:6:0.00, 10.16:6:0.00, 10.16:6:0.00, 107.66:4:0.00, 104.61:5:0.00, 109.30:3:0.00, 130.11:1:0.00, 123.20:2:0.00,,,,, 0.00:11:0.00,,, 0.00:11:0.00,,,,,,,,,,,,,,,,,,,,,,,,,,,,,,,,,,,,,,,,,,,,,, 0.00:11:0.00
50, 12, ,, 1:DIPLO_STATE_PATRON, 3:DIPLO_STATE_PATRON, 0:DIPLO_STATE_AWARE, 1:DIPLO_STATE_PATRON, 1:DIPLO_STATE_PATRON, 0:DIPLO_STATE_WAR_WITH_MAJOR, 0:DIPLO_STATE_WAR_WITH_MAJOR, 0:DIPLO_STATE_WAR_WITH_MAJOR, 0:DIPLO_STATE_WAR_WITH_MAJOR, 0:DIPLO_STATE_WAR_WITH_MAJOR,,,,,,,, 0:DIPLO_STATE_MINOR_MINOR_WAR,,,, 0:DIPLO_STATE_MINOR_MINOR,,,,,,,,,,,,,,,,,,,,,,,,,,,,,,,,,,,,,,,,,, 0:
50, 12, Threat and Trust,, 10.16:6:0.00, 10.16:6:0.00, 10.16:6:0.00, 10.16:6:0.00, 10.16:6:0.00, 111.20:4:0.00, 108.16:5:0.00, 112.86:3:0.00, 133.66:1:0.00, 126.75:2:0.00,,,,,,,, 0.00:11:0.00,,,, 0.00:11:0.00,,,,,,,,,,,,,,,,,,,,,,,,,,,,,,,,,,,,,,,,,, 0.00:11:0.00
50, 13, ,, 0:DIPLO_STATE_AWARE, 4:DIPLO_STATE_PATRON, 0:DIPLO_STATE_AWARE, 2:DIPLO_STATE_PATRON, 0:DIPLO_STATE_AWARE, 0:DIPLO_STATE_WAR_WITH_MAJOR, 0:DIPLO_STATE_WAR_WITH_MAJOR, 0:DIPLO_STATE_WAR_WITH_MAJOR, 0:DIPLO_STATE_WAR_WITH_MAJOR, 0:DIPLO_STATE_WAR_WITH_MAJOR,,,,, 0:DIPLO_STATE_MINOR_MINOR,, 0:DIPLO_STATE_MINOR_MINOR, 0:DIPLO_STATE_MINOR_MINOR_WAR,,,,,,,,,,,,,,,,,,,,,,,,,,,,,,,,,,,,,,,,,,,,,, 0:
50, 13, Threat and Trust,, 16.66:6:0.00, 10.16:7:0.00, 10.16:7:0.00, 10.16:7:0.00, 10.16:7:0.00, 112.80:4:0.00, 109.75:5:0.00, 114.45:3:0.00, 135.25:1:0.00, 128.36:2:0.00,,,,, 0.00:11:0.00,, 0.00:11:0.00, 0.00:11:0.00,,,,,,,,,,,,,,,,,,,,,,,,,,,,,,,,,,,,,,,,,,,,,, 0.00:11:0.00
50, 14, ,, 2:DIPLO_STATE_PATRON, 0:DIPLO_STATE_AWARE, 0:DIPLO_STATE_AWARE, 0:DIPLO_STATE_AWARE, 3:DIPLO_STATE_PATRON, 0:DIPLO_STATE_WAR_WITH_MAJOR, 0:DIPLO_STATE_WAR_WITH_MAJOR, 0:DIPLO_STATE_WAR_WITH_MAJOR, 0:DIPLO_STATE_WAR_WITH_MAJOR, 0:DIPLO_STATE_WAR_WITH_MAJOR, 0:DIPLO_STATE_MINOR_MINOR, 0:DIPLO_STATE_MINOR_MINOR,, 0:DIPLO_STATE_MINOR_MINOR,, 0:DIPLO_STATE_MINOR_MINOR, 0:DIPLO_STATE_MINOR_MINOR, 0:DIPLO_STATE_MINOR_MINOR_WAR,, 0:DIPLO_STATE_MINOR_MINOR, 0:DIPLO_STATE_MINOR_MINOR, 0:DIPLO_STATE_MINOR_MINOR,,,,,,,,,,,,,,,,,,,,,,,,,,,,,,,,,,,,,,,,,, 0:
50, 14, Threat and Trust,, 21.50:6:0.00, 10.16:9:0.00, 17.91:8:0.00, 10.16:9:0.00, 18.36:7:0.00, 117.66:4:0.00, 114.61:5:0.00, 119.30:3:0.00, 140.11:1:0.00, 133.20:2:0.00, 0.00:11:0.00, 0.00:11:0.00,, 0.00:11:0.00,, 0.00:11:0.00, 0.00:11:0.00, 0.00:11:0.00,, 0.00:11:0.00, 0.00:11:0.00, 0.00:11:0.00,,,,,,,,,,,,,,,,,,,,,,,,,,,,,,,,,,,,,,,,,, 0.00:11:0.00
50, 15, ,, 0:DIPLO_STATE_AWARE, 1:DIPLO_STATE_PATRON, 3:DIPLO_STATE_PATRON, 2:DIPLO_STATE_PATRON, 1:DIPLO_STATE_PATRON, 0:DIPLO_STATE_WAR_WITH_MAJOR, 0:DIPLO_STATE_WAR_WITH_MAJOR, 0:DIPLO_STATE_WAR_WITH_MAJOR, 0:DIPLO_STATE_WAR_WITH_MAJOR, 0:DIPLO_STATE_WAR_WITH_MAJOR,,,,, 0:DIPLO_STATE_MINOR_MINOR,, 0:DIPLO_STATE_MINOR_MINOR, 0:DIPLO_STATE_MINOR_MINOR_WAR,,, 0:DIPLO_STATE_MINOR_MINOR,,,,,,,,,,,,,,,,,,,,,,,,,,,,,,,,,,,,,,,,,,, 0:
50, 15, Threat and Trust,, 10.16:6:0.00, 10.16:6:0.00, 10.16:6:0.00, 10.16:6:0.00, 10.16:6:0.00, 110.95:4:0.00, 107.91:5:0.00, 112.61:3:0.00, 133.41:1:0.00, 126.50:2:0.00,,,,, 0.00:11:0.00,, 0.00:11:0.00, 0.00:11:0.00,,, 0.00:11:0.00,,,,,,,,,,,,,,,,,,,,,,,,,,,,,,,,,,,,,,,,,,, 0.00:11:0.00
50, 17, ,, 0:DIPLO_STATE_WAR_WITH_MAJOR, 3:DIPLO_STATE_WAR_WITH_MAJOR, 3:DIPLO_STATE_WAR_WITH_MAJOR, 4:DIPLO_STATE_WAR_WITH_MAJOR, 1:DIPLO_STATE_WAR_WITH_MAJOR, 0:DIPLO_STATE_AWARE, 6:DIPLO_STATE_PATRON, 3:DIPLO_STATE_PATRON, 1:DIPLO_STATE_PATRON, 3:DIPLO_STATE_PATRON, 0:DIPLO_STATE_MINOR_MINOR,, 0:DIPLO_STATE_MINOR_MINOR_WAR, 0:DIPLO_STATE_MINOR_MINOR_WAR, 0:DIPLO_STATE_MINOR_MINOR_WAR, 0:DIPLO_STATE_MINOR_MINOR_WAR, 0:DIPLO_STATE_MINOR_MINOR_WAR,,,, 0:DIPLO_STATE_MINOR_MINOR_WAR, 0:DIPLO_STATE_MINOR_MINOR,,,,,,,,,,,,,,,,,,,,,,,,,,,,,,,,,,,,,,,,,, 0:
50, 17, Threat and Trust,, 10.16:6:0.00, 10.16:6:0.00, 10.16:6:0.00, 10.16:6:0.00, 10.16:6:0.00, 108.16:4:0.00, 105.11:5:0.00, 109.80:3:0.00, 130.61:1:0.00, 123.70:2:0.00, 0.00:11:0.00,, 0.00:11:0.00, 0.00:11:0.00, 0.00:11:0.00, 0.00:11:0.00, 0.00:11:0.00,,,, 0.00:11:0.00, 0.00:11:0.00,,,,,,,,,,,,,,,,,,,,,,,,,,,,,,,,,,,,,,,,,, 0.00:11:0.00
50, 20, ,, 2:DIPLO_STATE_PATRON, 2:DIPLO_STATE_PATRON, 0:DIPLO_STATE_AWARE, 2:DIPLO_STATE_PATRON, 3:DIPLO_STATE_PATRON, 0:DIPLO_STATE_WAR_WITH_MAJOR, 0:DIPLO_STATE_WAR_WITH_MAJOR, 0:DIPLO_STATE_WAR_WITH_MAJOR, 0:DIPLO_STATE_WAR_WITH_MAJOR, 0:DIPLO_STATE_WAR_WITH_MAJOR,, 0:DIPLO_STATE_MINOR_MINOR,,, 0:DIPLO_STATE_MINOR_MINOR, 0:DIPLO_STATE_MINOR_MINOR, 0:DIPLO_STATE_MINOR_MINOR, 0:DIPLO_STATE_MINOR_MINOR_WAR,,,,,,,,,,,,,,,,,,,,,,,,,,,,,,,,,,,,,,,,,,,,,, 0:
50, 20, Threat and Trust,, 10.16:6:0.00, 10.16:6:0.00, 10.16:6:0.00, 10.16:6:0.00, 10.16:6:0.00, 107.70:4:0.00, 104.66:5:0.00, 109.36:3:0.00, 130.16:1:0.00, 123.25:2:0.00,, 0.00:11:0.00,,, 0.00:11:0.00, 0.00:11:0.00, 0.00:11:0.00, 0.00:11:0.00,,,,,,,,,,,,,,,,,,,,,,,,,,,,,,,,,,,,,,,,,,,,,, 0.00:11:0.00
50, 21, ,, 2:DIPLO_STATE_PATRON, 3:DIPLO_STATE_PATRON, 0:DIPLO_STATE_AWARE, 0:DIPLO_STATE_AWARE, 3:DIPLO_STATE_PATRON, 0:DIPLO_STATE_AWARE, 0:DIPLO_STATE_AWARE, 1:DIPLO_STATE_PATRON, 2:DIPLO_STATE_PATRON, 0:DIPLO_STATE_AWARE,,, 0:DIPLO_STATE_MINOR_MINOR,, 0:DIPLO_STATE_MINOR_MINOR,, 0:DIPLO_STATE_MINOR_MINOR, 0:DIPLO_STATE_MINOR_MINOR,,,,,,,,,,,,,,,,,,,,,,,,,,,,,,,,,,,,,,,,,,,,,, 0:
50, 21, Threat and Trust,, 10.16:6:0.00, 10.16:6:0.00, 10.16:6:0.00, 10.16:6:0.00, 10.16:6:0.00, 103.20:4:0.00, 100.16:5:0.00, 104.86:3:0.00, 125.66:1:0.00, 118.75:2:0.00,,, 0.00:11:0.00,, 0.00:11:0.00,, 0.00:11:0.00, 0.00:11:0.00,,,,,,,,,,,,,,,,,,,,,,,,,,,,,,,,,,,,,,,,,,,,,, 0.00:11:0.00
50, 62, ,, 0:DIPLO_STATE_FREE_CITIES_NEUTRAL, 0:DIPLO_STATE_FREE_CITIES_NEUTRAL, 0:DIPLO_STATE_FREE_CITIES_NEUTRAL, 0:DIPLO_STATE_FREE_CITIES_NEUTRAL, 0:DIPLO_STATE_FREE_CITIES_NEUTRAL, 0:DIPLO_STATE_FREE_CITIES_NEUTRAL, 0:DIPLO_STATE_FREE_CITIES_NEUTRAL, 0:DIPLO_STATE_FREE_CITIES_NEUTRAL, 0:DIPLO_STATE_FREE_CITIES_NEUTRAL, 0:DIPLO_STATE_FREE_CITIES_NEUTRAL,,,,,,,,,,,,,,,,,,,,,,,,,,,,,,,,,,,,,,,,,,,,,,,,,,,,,,
50, 62, Threat and Trust,, 23.61:6:0.00, 16.45:9:0.00, 20.00:8:0.00, 10.16:10:0.00, 20.45:7:0.00, 119.75:4:0.00, 116.70:5:0.00, 121.41:3:0.00, 142.20:1:0.00, 135.30:2:0.00,,,,,,,,,,,,,,,,,,,,,,,,,,,,,,,,,,,,,,,,,,,,,,,,,,,,,,
50, 63, ,, 0:, 0:, 0:, 0:, 0:, 0:, 0:, 0:, 0:, 0:, 0:, 0:, 0:, 0:, 0:, 0:, 0:, 0:, 0:, 0:, 0:, 0:,,,,,,,,,,,,,,,,,,,,,,,,,,,,,,,,,,,,,,,,,,
50, 63, Threat and Trust,, 0.00:1:0.00, 0.00:1:0.00, 0.00:1:0.00, 0.00:1:0.00, 0.00:1:0.00, 0.00:1:0.00, 0.00:1:0.00, 0.00:1:0.00, 0.00:1:0.00, 0.00:1:0.00, 0.00:1:0.00, 0.00:1:0.00, 0.00:1:0.00, 0.00:1:0.00, 0.00:1:0.00, 0.00:1:0.00, 0.00:1:0.00, 0.00:1:0.00, 0.00:1:0.00, 0.00:1:0.00, 0.00:1:0.00, 0.00:1:0.00,,,,,,,,,,,,,,,,,,,,,,,,,,,,,,,,,,,,,,,,,,
50, 0, ,,, 3:DIPLO_STATE_ALLIED, 20:DIPLO_STATE_ALLIED, 0:DIPLO_STATE_ALLIED, 51:DIPLO_STATE_ALLIED, 14:DIPLO_STATE_WAR, -5:DIPLO_STATE_WAR, -5:DIPLO_STATE_WAR, 1:DIPLO_STATE_WAR, -5:DIPLO_STATE_WAR, 0:DIPLO_STATE_NO_INFLUENCE, 0:DIPLO_STATE_NO_INFLUENCE, 1:DIPLO_STATE_INFLUENTIAL, 0:DIPLO_STATE_NO_INFLUENCE, 2:DIPLO_STATE_INFLUENTIAL, 0:DIPLO_STATE_NO_INFLUENCE, 0:DIPLO_STATE_NO_INFLUENCE, 0:DIPLO_STATE_WAR_WITH_MINOR, 0:DIPLO_STATE_NO_INFLUENCE, 0:DIPLO_STATE_NO_INFLUENCE, 2:DIPLO_STATE_INFLUENTIAL, 2:DIPLO_STATE_INFLUENTIAL,,,,,,,,,,,,,,,,,,,,,,,,,,,,,,,,,,,,,,,,, 0:DIPLO_STATE_FREE_CITIES_NEUTRAL, 0:
50, 0, Threat and Trust,,, 10.16:6:8.00, 10.16:6:5.00, 10.16:6:6.00, 10.16:6:15.00, 107.66:4:-10.00, 104.61:5:-5.00, 109.30:3:0.00, 130.11:1:-5.00, 123.20:2:2.00, 0.00:11:0.00, 0.00:11:0.00, 0.00:11:0.00, 0.00:11:0.00, 0.00:11:0.00, 0.00:11:0.00, 0.00:11:0.00, 0.00:11:0.00, 0.00:11:0.00, 0.00:11:0.00, 0.00:11:0.00, 0.00:11:0.00,,,,,,,,,,,,,,,,,,,,,,,,,,,,,,,,,,,,,,,,, 0.00:11:0.00, 0.00:11:0.00
50, 1, ,, 30:DIPLO_STATE_ALLIED,, 53:DIPLO_STATE_ALLIED, 50:DIPLO_STATE_ALLIED, 38:DIPLO_STATE_ALLIED, -6:DIPLO_STATE_WAR, -13:DIPLO_STATE_WAR, -11:DIPLO_STATE_WAR, -9:DIPLO_STATE_WAR, 2:DIPLO_STATE_WAR, 3:DIPLO_STATE_INFLUENTIAL, 0:DIPLO_STATE_NO_INFLUENCE, 3:DIPLO_STATE_MAX_INFLUENCE, 4:DIPLO_STATE_MAX_INFLUENCE, 0:DIPLO_STATE_NO_INFLUENCE, 1:DIPLO_STATE_INFLUENTIAL, 0:DIPLO_STATE_NO_INFLUENCE, 3:DIPLO_STATE_WAR_WITH_MINOR, 0:DIPLO_STATE_NO_INFLUENCE, 0:DIPLO_STATE_NO_INFLUENCE, 2:DIPLO_STATE_INFLUENTIAL, 3:DIPLO_STATE_INFLUENTIAL,,,,,,,,,,,,,,,,,,,,,,,,,,,,,,,,,,,,,,,,, 0:DIPLO_STATE_FREE_CITIES_NEUTRAL, 0:
50, 1, Threat and Trust,, 16.61:6:4.00,, 10.16:7:5.00, 10.16:7:7.00, 10.16:7:12.00, 114.11:4:-10.00, 111.05:5:-5.00, 115.75:3:0.00, 136.55:1:-5.00, 129.66:2:2.00, 0.00:11:0.00, 0.00:11:0.00, 0.00:11:0.00, 0.00:11:0.00, 0.00:11:0.00, 0.00:11:0.00, 0.00:11:0.00, 0.00:11:0.00, 0.00:11:0.00, 0.00:11:0.00, 0.00:11:0.00, 0.00:11:0.00,,,,,,,,,,,,,,,,,,,,,,,,,,,,,,,,,,,,,,,,, 0.00:11:0.00, 0.00:11:0.00
50, 2, ,, 36:DIPLO_STATE_ALLIED, 8:DIPLO_STATE_ALLIED,, 54:DIPLO_STATE_ALLIED, 45:DIPLO_STATE_ALLIED, -1:DIPLO_STATE_WAR, 4:DIPLO_STATE_WAR, -2:DIPLO_STATE_WAR, 17:DIPLO_STATE_WAR, 13:DIPLO_STATE_WAR, 3:DIPLO_STATE_INFLUENTIAL, 0:DIPLO_STATE_NO_INFLUENCE, 0:DIPLO_STATE_NO_INFLUENCE, 0:DIPLO_STATE_NO_INFLUENCE, 1:DIPLO_STATE_INFLUENTIAL, 3:DIPLO_STATE_MAX_INFLUENCE, 0:DIPLO_STATE_NO_INFLUENCE, 3:DIPLO_STATE_WAR_WITH_MINOR, 0:DIPLO_STATE_NO_INFLUENCE, 0:DIPLO_STATE_NO_INFLUENCE, 0:DIPLO_STATE_NO_INFLUENCE, 0:DIPLO_STATE_NO_INFLUENCE,,,,,,,,,,,,,,,,,,,,,,,,,,,,,,,,,,,,,,,,, 0:DIPLO_STATE_FREE_CITIES_NEUTRAL, 0:
50, 2, Threat and Trust,, 10.16:6:4.00, 10.16:6:8.00,, 10.16:6:7.00, 10.16:6:15.00, 109.55:4:-10.00, 106.50:5:-5.00, 111.20:3:0.00, 132.00:1:-5.00, 125.11:2:0.00, 0.00:11:0.00, 0.00:11:0.00, 0.00:11:0.00, 0.00:11:0.00, 0.00:11:0.00, 0.00:11:0.00, 0.00:11:0.00, 0.00:11:0.00, 0.00:11:0.00, 0.00:11:0.00, 0.00:11:0.00, 0.00:11:0.00,,,,,,,,,,,,,,,,,,,,,,,,,,,,,,,,,,,,,,,,, 0.00:11:0.00, 0.00:11:0.00
50, 3, ,, 18:DIPLO_STATE_ALLIED, 35:DIPLO_STATE_ALLIED, 62:DIPLO_STATE_ALLIED,, 28:DIPLO_STATE_ALLIED, -19:DIPLO_STATE_WAR, -5:DIPLO_STATE_WAR, -5:DIPLO_STATE_WAR, -6:DIPLO_STATE_WAR, -6:DIPLO_STATE_WAR, 0:DIPLO_STATE_NO_INFLUENCE, 0:DIPLO_STATE_NO_INFLUENCE, 1:DIPLO_STATE_INFLUENTIAL, 2:DIPLO_STATE_INFLUENTIAL, 0:DIPLO_STATE_NO_INFLUENCE, 2:DIPLO_STATE_INFLUENTIAL, 0:DIPLO_STATE_NO_INFLUENCE, 4:DIPLO_STATE_WAR_WITH_MINOR, 0:DIPLO_STATE_NO_INFLUENCE, 0:DIPLO_STATE_NO_INFLUENCE, 2:DIPLO_STATE_INFLUENTIAL, 0:DIPLO_STATE_NO_INFLUENCE,,,,,,,,,,,,,,,,,,,,,,,,,,,,,,,,,,,,,,,,, 0:DIPLO_STATE_FREE_CITIES_NEUTRAL, 0:
50, 3, Threat and Trust,, 18.45:6:6.00, 10.16:9:10.00, 16.55:8:7.00,, 16.66:7:17.00, 115.95:4:-10.00, 112.91:5:-5.00, 117.61:3:0.00, 138.41:1:-5.00, 131.50:2:0.00, 0.00:11:0.00, 0.00:11:0.00, 0.00:11:0.00, 0.00:11:0.00, 0.00:11:0.00, 0.00:11:0.00, 0.00:11:0.00, 0.00:11:0.00, 0.00:11:0.00, 0.00:11:0.00, 0.00:11:0.00, 0.00:11:0.00,,,,,,,,,,,,,,,,,,,,,,,,,,,,,,,,,,,,,,,,, 0.00:11:0.00, 0.00:11:0.00
50, 4, ,, 58:DIPLO_STATE_ALLIED, -1:DIPLO_STATE_ALLIED, 27:DIPLO_STATE_ALLIED, 4:DIPLO_STATE_ALLIED,, 6:DIPLO_STATE_WAR, -7:DIPLO_STATE_WAR, -7:DIPLO_STATE_WAR, 1:DIPLO_STATE_WAR, 1:DIPLO_STATE_WAR, 3:DIPLO_STATE_INFLUENTIAL, 0:DIPLO_STATE_NO_INFLUENCE, 1:DIPLO_STATE_INFLUENTIAL, 0:DIPLO_STATE_NO_INFLUENCE, 3:DIPLO_STATE_MAX_INFLUENCE, 1:DIPLO_STATE_INFLUENTIAL, 0:DIPLO_STATE_NO_INFLUENCE, 1:DIPLO_STATE_WAR_WITH_MINOR, 0:DIPLO_STATE_NO_INFLUENCE, 0:DIPLO_STATE_NO_INFLUENCE, 3:DIPLO_STATE_MAX_INFLUENCE, 3:DIPLO_STATE_INFLUENTIAL,,,,,,,,,,,,,,,,,,,,,,,,,,,,,,,,,,,,,,,,, 0:DIPLO_STATE_FREE_CITIES_NEUTRAL, 0:
50, 4, Threat and Trust,, 10.16:6:10.00, 10.16:6:14.00, 10.16:6:14.00, 10.16:6:16.00,, 107.80:4:-10.00, 104.75:5:-5.00, 109.45:3:2.00, 130.25:2:-5.00, 161.95:1:0.00, 0.00:11:0.00, 0.00:11:0.00, 0.00:11:0.00, 0.00:11:0.00, 0.00:11:0.00, 0.00:11:0.00, 0.00:11:0.00, 0.00:11:0.00, 0.00:11:0.00, 0.00:11:0.00, 0.00:11:0.00, 0.00:11:0.00,,,,,,,,,,,,,,,,,,,,,,,,,,,,,,,,,,,,,,,,, 0.00:11:0.00, 0.00:11:0.00
50, 2, ,, 36:DIPLO_STATE_ALLIED, 8:DIPLO_STATE_ALLIED,, 54:DIPLO_STATE_ALLIED, 45:DIPLO_STATE_ALLIED, -1:DIPLO_STATE_WAR, 4:DIPLO_STATE_WAR, -2:DIPLO_STATE_WAR, 17:DIPLO_STATE_WAR, 13:DIPLO_STATE_WAR, 3:DIPLO_STATE_INFLUENTIAL, 0:DIPLO_STATE_NO_INFLUENCE, 0:DIPLO_STATE_NO_INFLUENCE, 0:DIPLO_STATE_NO_INFLUENCE, 1:DIPLO_STATE_INFLUENTIAL, 3:DIPLO_STATE_MAX_INFLUENCE, 0:DIPLO_STATE_NO_INFLUENCE, 3:DIPLO_STATE_WAR_WITH_MINOR, 0:DIPLO_STATE_NO_INFLUENCE, 0:DIPLO_STATE_NO_INFLUENCE, 0:DIPLO_STATE_NO_INFLUENCE, 0:DIPLO_STATE_NO_INFLUENCE,,,,,,,,,,,,,,,,,,,,,,,,,,,,,,,,,,,,,,,,, 0:DIPLO_STATE_FREE_CITIES_NEUTRAL, 0:
50, 2, Threat and Trust,, 10.16:6:4.00, 10.16:6:8.00,, 10.16:6:7.00, 10.16:6:15.00, 109.55:4:-10.00, 106.50:5:-5.00, 111.20:3:0.00, 132.00:1:-5.00, 125.11:2:0.00, 0.00:11:0.00, 0.00:11:0.00, 0.00:11:0.00, 0.00:11:0.00, 0.00:11:0.00, 0.00:11:0.00, 0.00:11:0.00, 0.00:11:0.00, 0.00:11:0.00, 0.00:11:0.00, 0.00:11:0.00, 0.00:11:0.00,,,,,,,,,,,,,,,,,,,,,,,,,,,,,,,,,,,,,,,,, 0.00:11:0.00, 0.00:11:0.00
50, 1, ,, 30:DIPLO_STATE_ALLIED,, 53:DIPLO_STATE_ALLIED, 50:DIPLO_STATE_ALLIED, 38:DIPLO_STATE_ALLIED, -6:DIPLO_STATE_WAR, -13:DIPLO_STATE_WAR, -11:DIPLO_STATE_WAR, -9:DIPLO_STATE_WAR, 2:DIPLO_STATE_WAR, 3:DIPLO_STATE_INFLUENTIAL, 0:DIPLO_STATE_NO_INFLUENCE, 3:DIPLO_STATE_MAX_INFLUENCE, 4:DIPLO_STATE_MAX_INFLUENCE, 0:DIPLO_STATE_NO_INFLUENCE, 1:DIPLO_STATE_INFLUENTIAL, 0:DIPLO_STATE_NO_INFLUENCE, 3:DIPLO_STATE_WAR_WITH_MINOR, 0:DIPLO_STATE_NO_INFLUENCE, 0:DIPLO_STATE_NO_INFLUENCE, 2:DIPLO_STATE_INFLUENTIAL, 3:DIPLO_STATE_INFLUENTIAL,,,,,,,,,,,,,,,,,,,,,,,,,,,,,,,,,,,,,,,,, 0:DIPLO_STATE_FREE_CITIES_NEUTRAL, 0:
50, 1, Threat and Trust,, 16.61:6:4.00,, 10.16:7:5.00, 10.16:7:7.00, 10.16:7:12.00, 114.11:4:-10.00, 111.05:5:-5.00, 115.75:3:0.00, 136.55:1:-5.00, 129.66:2:2.00, 0.00:11:0.00, 0.00:11:0.00, 0.00:11:0.00, 0.00:11:0.00, 0.00:11:0.00, 0.00:11:0.00, 0.00:11:0.00, 0.00:11:0.00, 0.00:11:0.00, 0.00:11:0.00, 0.00:11:0.00, 0.00:11:0.00,,,,,,,,,,,,,,,,,,,,,,,,,,,,,,,,,,,,,,,,, 0.00:11:0.00, 0.00:11:0.00
50, 2, ,, 36:DIPLO_STATE_ALLIED, 8:DIPLO_STATE_ALLIED,, 54:DIPLO_STATE_ALLIED, 45:DIPLO_STATE_ALLIED, -1:DIPLO_STATE_WAR, 4:DIPLO_STATE_WAR, -2:DIPLO_STATE_WAR, 17:DIPLO_STATE_WAR, 13:DIPLO_STATE_WAR, 3:DIPLO_STATE_INFLUENTIAL, 0:DIPLO_STATE_NO_INFLUENCE, 0:DIPLO_STATE_NO_INFLUENCE, 0:DIPLO_STATE_NO_INFLUENCE, 1:DIPLO_STATE_INFLUENTIAL, 3:DIPLO_STATE_MAX_INFLUENCE, 0:DIPLO_STATE_NO_INFLUENCE, 3:DIPLO_STATE_WAR_WITH_MINOR, 0:DIPLO_STATE_NO_INFLUENCE, 0:DIPLO_STATE_NO_INFLUENCE, 0:DIPLO_STATE_NO_INFLUENCE, 0:DIPLO_STATE_NO_INFLUENCE,,,,,,,,,,,,,,,,,,,,,,,,,,,,,,,,,,,,,,,,, 0:DIPLO_STATE_FREE_CITIES_NEUTRAL, 0:
50, 2, Threat and Trust,, 10.16:6:4.00, 10.16:6:8.00,, 10.16:6:7.00, 10.16:6:15.00, 109.55:4:-10.00, 106.50:5:-5.00, 111.20:3:0.00, 132.00:1:-5.00, 125.11:2:0.00, 0.00:11:0.00, 0.00:11:0.00, 0.00:11:0.00, 0.00:11:0.00, 0.00:11:0.00, 0.00:11:0.00, 0.00:11:0.00, 0.00:11:0.00, 0.00:11:0.00, 0.00:11:0.00, 0.00:11:0.00, 0.00:11:0.00,,,,,,,,,,,,,,,,,,,,,,,,,,,,,,,,,,,,,,,,, 0.00:11:0.00, 0.00:11:0.00
50, 2, ,, 36:DIPLO_STATE_ALLIED, 8:DIPLO_STATE_ALLIED,, 54:DIPLO_STATE_ALLIED, 45:DIPLO_STATE_ALLIED, -1:DIPLO_STATE_WAR, 4:DIPLO_STATE_WAR, -2:DIPLO_STATE_WAR, 17:DIPLO_STATE_WAR, 13:DIPLO_STATE_WAR, 3:DIPLO_STATE_INFLUENTIAL, 0:DIPLO_STATE_NO_INFLUENCE, 0:DIPLO_STATE_NO_INFLUENCE, 0:DIPLO_STATE_NO_INFLUENCE, 1:DIPLO_STATE_INFLUENTIAL, 3:DIPLO_STATE_MAX_INFLUENCE, 0:DIPLO_STATE_NO_INFLUENCE, 3:DIPLO_STATE_WAR_WITH_MINOR, 0:DIPLO_STATE_NO_INFLUENCE, 0:DIPLO_STATE_NO_INFLUENCE, 0:DIPLO_STATE_NO_INFLUENCE, 0:DIPLO_STATE_NO_INFLUENCE,,,,,,,,,,,,,,,,,,,,,,,,,,,,,,,,,,,,,,,,, 0:DIPLO_STATE_FREE_CITIES_NEUTRAL, 0:
50, 2, Threat and Trust,, 10.16:6:6.00, 10.16:6:8.00,, 10.16:6:7.00, 10.16:6:15.00, 109.55:4:-10.00, 106.50:5:-5.00, 111.20:3:0.00, 132.00:1:-5.00, 125.11:2:0.00, 0.00:11:0.00, 0.00:11:0.00, 0.00:11:0.00, 0.00:11:0.00, 0.00:11:0.00, 0.00:11:0.00, 0.00:11:0.00, 0.00:11:0.00, 0.00:11:0.00, 0.00:11:0.00, 0.00:11:0.00, 0.00:11:0.00,,,,,,,,,,,,,,,,,,,,,,,,,,,,,,,,,,,,,,,,, 0.00:11:0.00, 0.00:11:0.00
50, 2, ,, 36:DIPLO_STATE_ALLIED, 8:DIPLO_STATE_ALLIED,, 54:DIPLO_STATE_ALLIED, 45:DIPLO_STATE_ALLIED, -1:DIPLO_STATE_WAR, 4:DIPLO_STATE_WAR, -2:DIPLO_STATE_WAR, 17:DIPLO_STATE_WAR, 13:DIPLO_STATE_WAR, 3:DIPLO_STATE_INFLUENTIAL, 0:DIPLO_STATE_NO_INFLUENCE, 0:DIPLO_STATE_NO_INFLUENCE, 0:DIPLO_STATE_NO_INFLUENCE, 1:DIPLO_STATE_INFLUENTIAL, 3:DIPLO_STATE_MAX_INFLUENCE, 0:DIPLO_STATE_NO_INFLUENCE, 3:DIPLO_STATE_WAR_WITH_MINOR, 0:DIPLO_STATE_NO_INFLUENCE, 0:DIPLO_STATE_NO_INFLUENCE, 0:DIPLO_STATE_NO_INFLUENCE, 0:DIPLO_STATE_NO_INFLUENCE,,,,,,,,,,,,,,,,,,,,,,,,,,,,,,,,,,,,,,,,, 0:DIPLO_STATE_FREE_CITIES_NEUTRAL, 0:
50, 2, Threat and Trust,, 10.16:6:6.00, 10.16:6:8.00,, 10.16:6:7.00, 10.16:6:15.00, 109.55:4:-10.00, 106.50:5:-5.00, 111.20:3:0.00, 132.00:1:-5.00, 125.11:2:0.00, 0.00:11:0.00, 0.00:11:0.00, 0.00:11:0.00, 0.00:11:0.00, 0.00:11:0.00, 0.00:11:0.00, 0.00:11:0.00, 0.00:11:0.00, 0.00:11:0.00, 0.00:11:0.00, 0.00:11:0.00, 0.00:11:0.00,,,,,,,,,,,,,,,,,,,,,,,,,,,,,,,,,,,,,,,,, 0.00:11:0.00, 0.00:11:0.00
50, 2, ,, 36:DIPLO_STATE_ALLIED, 8:DIPLO_STATE_ALLIED,, 54:DIPLO_STATE_ALLIED, 45:DIPLO_STATE_ALLIED, -1:DIPLO_STATE_WAR, 4:DIPLO_STATE_WAR, -2:DIPLO_STATE_WAR, 17:DIPLO_STATE_WAR, 13:DIPLO_STATE_WAR, 3:DIPLO_STATE_INFLUENTIAL, 0:DIPLO_STATE_NO_INFLUENCE, 0:DIPLO_STATE_NO_INFLUENCE, 0:DIPLO_STATE_NO_INFLUENCE, 1:DIPLO_STATE_INFLUENTIAL, 3:DIPLO_STATE_MAX_INFLUENCE, 0:DIPLO_STATE_NO_INFLUENCE, 3:DIPLO_STATE_WAR_WITH_MINOR, 0:DIPLO_STATE_NO_INFLUENCE, 0:DIPLO_STATE_NO_INFLUENCE, 0:DIPLO_STATE_NO_INFLUENCE, 0:DIPLO_STATE_NO_INFLUENCE,,,,,,,,,,,,,,,,,,,,,,,,,,,,,,,,,,,,,,,,, 0:DIPLO_STATE_FREE_CITIES_NEUTRAL, 0:
50, 2, Threat and Trust,, 10.16:6:6.00, 10.16:6:8.00,, 10.16:6:7.00, 10.16:6:17.00, 109.55:4:-10.00, 106.50:5:-5.00, 111.20:3:0.00, 132.00:1:-5.00, 125.11:2:0.00, 0.00:11:0.00, 0.00:11:0.00, 0.00:11:0.00, 0.00:11:0.00, 0.00:11:0.00, 0.00:11:0.00, 0.00:11:0.00, 0.00:11:0.00, 0.00:11:0.00, 0.00:11:0.00, 0.00:11:0.00, 0.00:11:0.00,,,,,,,,,,,,,,,,,,,,,,,,,,,,,,,,,,,,,,,,, 0.00:11:0.00, 0.00:11:0.00
50, 2, ,, 36:DIPLO_STATE_ALLIED, 8:DIPLO_STATE_ALLIED,, 54:DIPLO_STATE_ALLIED, 45:DIPLO_STATE_ALLIED, -1:DIPLO_STATE_WAR, 4:DIPLO_STATE_WAR, -2:DIPLO_STATE_WAR, 17:DIPLO_STATE_WAR, 13:DIPLO_STATE_WAR, 3:DIPLO_STATE_INFLUENTIAL, 0:DIPLO_STATE_NO_INFLUENCE, 0:DIPLO_STATE_NO_INFLUENCE, 0:DIPLO_STATE_NO_INFLUENCE, 1:DIPLO_STATE_INFLUENTIAL, 3:DIPLO_STATE_MAX_INFLUENCE, 0:DIPLO_STATE_NO_INFLUENCE, 3:DIPLO_STATE_WAR_WITH_MINOR, 0:DIPLO_STATE_NO_INFLUENCE, 0:DIPLO_STATE_NO_INFLUENCE, 0:DIPLO_STATE_NO_INFLUENCE, 0:DIPLO_STATE_NO_INFLUENCE,,,,,,,,,,,,,,,,,,,,,,,,,,,,,,,,,,,,,,,,, 0:DIPLO_STATE_FREE_CITIES_NEUTRAL, 0:
50, 2, Threat and Trust,, 10.16:6:6.00, 10.16:6:8.00,, 10.16:6:7.00, 10.16:6:17.00, 109.55:4:-10.00, 106.50:5:-5.00, 111.20:3:0.00, 132.00:1:-5.00, 125.11:2:0.00, 0.00:11:0.00, 0.00:11:0.00, 0.00:11:0.00, 0.00:11:0.00, 0.00:11:0.00, 0.00:11:0.00, 0.00:11:0.00, 0.00:11:0.00, 0.00:11:0.00, 0.00:11:0.00, 0.00:11:0.00, 0.00:11:0.00,,,,,,,,,,,,,,,,,,,,,,,,,,,,,,,,,,,,,,,,, 0.00:11:0.00, 0.00:11:0.00
51, 5, ,, -44:DIPLO_STATE_WAR, -64:DIPLO_STATE_WAR, -55:DIPLO_STATE_WAR, -71:DIPLO_STATE_WAR, -33:DIPLO_STATE_WAR,, 10:DIPLO_STATE_ALLIED, 24:DIPLO_STATE_ALLIED, 22:DIPLO_STATE_ALLIED, 22:DIPLO_STATE_ALLIED, 2:DIPLO_STATE_INFLUENTIAL, 0:DIPLO_STATE_WAR_WITH_MINOR, 0:DIPLO_STATE_WAR_WITH_MINOR, 0:DIPLO_STATE_WAR_WITH_MINOR, 0:DIPLO_STATE_WAR_WITH_MINOR, 0:DIPLO_STATE_WAR_WITH_MINOR, 0:DIPLO_STATE_WAR_WITH_MINOR, 0:DIPLO_STATE_NO_INFLUENCE, 0:DIPLO_STATE_WAR_WITH_MINOR, 0:DIPLO_STATE_WAR_WITH_MINOR, 0:DIPLO_STATE_WAR_WITH_MINOR, 0:DIPLO_STATE_NO_INFLUENCE,,,,,,,,,,,,,,,,,,,,,,,,,,,,,,,,,,,,,,,,, 0:DIPLO_STATE_FREE_CITIES_NEUTRAL, 0:
51, 5, Threat and Trust,, 10.16:6:2.00, 10.16:6:1.00, 10.16:6:2.00, 10.16:6:2.00, 10.16:6:6.00,, 60.16:4:-5.00, 60.16:4:1.00, 81.30:2:-5.00, 74.41:3:2.00, 0.00:11:0.00, 0.00:11:0.00, 0.00:11:0.00, 0.00:11:0.00, 0.00:11:0.00, 0.00:11:0.00, 0.00:11:0.00, 0.00:11:0.00, 0.00:11:0.00, 0.00:11:0.00, 0.00:11:0.00, 0.00:11:0.00,,,,,,,,,,,,,,,,,,,,,,,,,,,,,,,,,,,,,,,,, 0.00:11:0.00, 0.00:11:0.00
51, 6, ,, -78:DIPLO_STATE_WAR, -77:DIPLO_STATE_WAR, -77:DIPLO_STATE_WAR, -82:DIPLO_STATE_WAR, -82:DIPLO_STATE_WAR, -17:DIPLO_STATE_ALLIED,, 1:DIPLO_STATE_ALLIED, 9:DIPLO_STATE_ALLIED, 1:DIPLO_STATE_ALLIED, 2:DIPLO_STATE_INFLUENTIAL, 0:DIPLO_STATE_WAR_WITH_MINOR, 0:DIPLO_STATE_WAR_WITH_MINOR, 0:DIPLO_STATE_WAR_WITH_MINOR, 0:DIPLO_STATE_WAR_WITH_MINOR, 0:DIPLO_STATE_WAR_WITH_MINOR, 0:DIPLO_STATE_WAR_WITH_MINOR, 6:DIPLO_STATE_MAX_INFLUENCE, 0:DIPLO_STATE_WAR_WITH_MINOR, 0:DIPLO_STATE_WAR_WITH_MINOR, 0:DIPLO_STATE_WAR_WITH_MINOR, 0:DIPLO_STATE_NO_INFLUENCE,,,,,,,,,,,,,,,,,,,,,,,,,,,,,,,,,,,,,,,,, 0:DIPLO_STATE_FREE_CITIES_NEUTRAL, 0:
51, 6, Threat and Trust,, 10.16:6:2.00, 10.16:6:1.00, 10.16:6:2.00, 10.16:6:2.00, 10.16:6:6.00, 60.16:3:-10.00,, 60.16:3:1.00, 82.36:1:-5.00, 75.45:2:2.00, 0.00:11:0.00, 0.00:11:0.00, 0.00:11:0.00, 0.00:11:0.00, 0.00:11:0.00, 0.00:11:0.00, 0.00:11:0.00, 0.00:11:0.00, 0.00:11:0.00, 0.00:11:0.00, 0.00:11:0.00, 0.00:11:0.00,,,,,,,,,,,,,,,,,,,,,,,,,,,,,,,,,,,,,,,,, 0.00:11:0.00, 0.00:11:0.00
51, 7, ,, -82:DIPLO_STATE_WAR, -85:DIPLO_STATE_WAR, -88:DIPLO_STATE_WAR, -102:DIPLO_STATE_WAR, -82:DIPLO_STATE_WAR, -9:DIPLO_STATE_ALLIED, 9:DIPLO_STATE_ALLIED,, 4:DIPLO_STATE_ALLIED, 8:DIPLO_STATE_ALLIED, 0:DIPLO_STATE_NO_INFLUENCE, 0:DIPLO_STATE_WAR_WITH_MINOR, 0:DIPLO_STATE_WAR_WITH_MINOR, 0:DIPLO_STATE_WAR_WITH_MINOR, 0:DIPLO_STATE_WAR_WITH_MINOR, 0:DIPLO_STATE_WAR_WITH_MINOR, 0:DIPLO_STATE_WAR_WITH_MINOR, 3:DIPLO_STATE_INFLUENTIAL, 0:DIPLO_STATE_WAR_WITH_MINOR, 0:DIPLO_STATE_WAR_WITH_MINOR, 0:DIPLO_STATE_WAR_WITH_MINOR, 1:DIPLO_STATE_INFLUENTIAL,,,,,,,,,,,,,,,,,,,,,,,,,,,,,,,,,,,,,,,,, 0:DIPLO_STATE_FREE_CITIES_NEUTRAL, 0:
51, 7, Threat and Trust,, 10.16:6:2.00, 10.16:6:1.00, 10.16:6:1.00, 10.16:6:2.00, 10.16:6:6.00, 60.16:3:-10.00, 60.16:3:-5.00,, 78.36:1:-5.00, 71.45:2:2.00, 0.00:11:0.00, 0.00:11:0.00, 0.00:11:0.00, 0.00:11:0.00, 0.00:11:0.00, 0.00:11:0.00, 0.00:11:0.00, 0.00:11:0.00, 0.00:11:0.00, 0.00:11:0.00, 0.00:11:0.00, 0.00:11:0.00,,,,,,,,,,,,,,,,,,,,,,,,,,,,,,,,,,,,,,,,, 0.00:11:0.00, 0.00:11:0.00
51, 8, ,, -93:DIPLO_STATE_WAR, -103:DIPLO_STATE_WAR, -75:DIPLO_STATE_WAR, -87:DIPLO_STATE_WAR, -84:DIPLO_STATE_WAR, -5:DIPLO_STATE_ALLIED, 7:DIPLO_STATE_ALLIED, 6:DIPLO_STATE_ALLIED,, 19:DIPLO_STATE_ALLIED, 1:DIPLO_STATE_INFLUENTIAL, 0:DIPLO_STATE_WAR_WITH_MINOR, 0:DIPLO_STATE_WAR_WITH_MINOR, 0:DIPLO_STATE_WAR_WITH_MINOR, 0:DIPLO_STATE_WAR_WITH_MINOR, 0:DIPLO_STATE_WAR_WITH_MINOR, 0:DIPLO_STATE_WAR_WITH_MINOR, 1:DIPLO_STATE_INFLUENTIAL, 0:DIPLO_STATE_WAR_WITH_MINOR, 0:DIPLO_STATE_WAR_WITH_MINOR, 0:DIPLO_STATE_WAR_WITH_MINOR, 2:DIPLO_STATE_INFLUENTIAL,,,,,,,,,,,,,,,,,,,,,,,,,,,,,,,,,,,,,,,,, 0:DIPLO_STATE_FREE_CITIES_NEUTRAL, 0:
51, 8, Threat and Trust,, 10.16:6:2.00, 10.16:6:1.00, 10.16:6:2.00, 10.16:6:2.00, 10.16:6:6.00, 60.16:1:-10.00, 60.16:1:-5.00, 60.16:1:1.00,, 60.16:1:2.00, 0.00:11:0.00, 0.00:11:0.00, 0.00:11:0.00, 0.00:11:0.00, 0.00:11:0.00, 0.00:11:0.00, 0.00:11:0.00, 0.00:11:0.00, 0.00:11:0.00, 0.00:11:0.00, 0.00:11:0.00, 0.00:11:0.00,,,,,,,,,,,,,,,,,,,,,,,,,,,,,,,,,,,,,,,,, 0.00:11:0.00, 0.00:11:0.00
51, 9, ,, -80:DIPLO_STATE_WAR, -93:DIPLO_STATE_WAR, -68:DIPLO_STATE_WAR, -72:DIPLO_STATE_WAR, -62:DIPLO_STATE_WAR, -15:DIPLO_STATE_ALLIED, 9:DIPLO_STATE_ALLIED, 1:DIPLO_STATE_ALLIED, -1:DIPLO_STATE_ALLIED,, 1:DIPLO_STATE_INFLUENTIAL, 0:DIPLO_STATE_WAR_WITH_MINOR, 0:DIPLO_STATE_WAR_WITH_MINOR, 0:DIPLO_STATE_WAR_WITH_MINOR, 0:DIPLO_STATE_WAR_WITH_MINOR, 0:DIPLO_STATE_WAR_WITH_MINOR, 0:DIPLO_STATE_WAR_WITH_MINOR, 3:DIPLO_STATE_INFLUENTIAL, 0:DIPLO_STATE_WAR_WITH_MINOR, 0:DIPLO_STATE_WAR_WITH_MINOR, 0:DIPLO_STATE_WAR_WITH_MINOR, 0:DIPLO_STATE_NO_INFLUENCE,,,,,,,,,,,,,,,,,,,,,,,,,,,,,,,,,,,,,,,,, 0:DIPLO_STATE_FREE_CITIES_NEUTRAL, 0:
51, 9, Threat and Trust,, 10.16:6:4.00, 10.16:6:2.00, 10.16:6:2.00, 10.16:6:1.00, 10.16:6:2.00, 60.16:3:-10.00, 60.16:3:-5.00, 60.16:3:1.00, 67.61:2:-5.00,, 0.00:11:0.00, 0.00:11:0.00, 0.00:11:0.00, 0.00:11:0.00, 0.00:11:0.00, 0.00:11:0.00, 0.00:11:0.00, 0.00:11:0.00, 0.00:11:0.00, 0.00:11:0.00, 0.00:11:0.00, 0.00:11:0.00,,,,,,,,,,,,,,,,,,,,,,,,,,,,,,,,,,,,,,,,, 0.00:11:0.00, 0.00:11:0.00
51, 10, ,, 0:DIPLO_STATE_AWARE, 3:DIPLO_STATE_PATRON, 3:DIPLO_STATE_PATRON, 0:DIPLO_STATE_AWARE, 3:DIPLO_STATE_PATRON, 2:DIPLO_STATE_PATRON, 2:DIPLO_STATE_PATRON, 0:DIPLO_STATE_AWARE, 1:DIPLO_STATE_PATRON, 1:DIPLO_STATE_PATRON,,,,, 0:DIPLO_STATE_MINOR_MINOR,,, 0:DIPLO_STATE_MINOR_MINOR,,,,,,,,,,,,,,,,,,,,,,,,,,,,,,,,,,,,,,,,,,,,,, 0:
51, 10, Threat and Trust,, 10.16:6:0.00, 10.16:6:0.00, 10.16:6:0.00, 10.16:6:0.00, 10.16:6:0.00, 108.91:4:0.00, 107.86:5:0.00, 111.86:3:0.00, 133.36:1:0.00, 125.91:2:0.00,,,,, 0.00:11:0.00,,, 0.00:11:0.00,,,,,,,,,,,,,,,,,,,,,,,,,,,,,,,,,,,,,,,,,,,,,, 0.00:11:0.00
51, 12, ,, 1:DIPLO_STATE_PATRON, 3:DIPLO_STATE_PATRON, 0:DIPLO_STATE_AWARE, 1:DIPLO_STATE_PATRON, 1:DIPLO_STATE_PATRON, 0:DIPLO_STATE_WAR_WITH_MAJOR, 0:DIPLO_STATE_WAR_WITH_MAJOR, 0:DIPLO_STATE_WAR_WITH_MAJOR, 0:DIPLO_STATE_WAR_WITH_MAJOR, 0:DIPLO_STATE_WAR_WITH_MAJOR,,,,,,,, 0:DIPLO_STATE_MINOR_MINOR_WAR,,,, 0:DIPLO_STATE_MINOR_MINOR,,,,,,,,,,,,,,,,,,,,,,,,,,,,,,,,,,,,,,,,,, 0:
51, 12, Threat and Trust,, 15.50:6:0.00, 10.16:8:0.00, 10.16:8:0.00, 10.16:8:0.00, 15.36:7:0.00, 114.30:4:0.00, 113.25:5:0.00, 117.25:3:0.00, 138.75:1:0.00, 131.30:2:0.00,,,,,,,, 0.00:11:0.00,,,, 0.00:11:0.00,,,,,,,,,,,,,,,,,,,,,,,,,,,,,,,,,,,,,,,,,, 0.00:11:0.00
51, 13, ,, 0:DIPLO_STATE_AWARE, 4:DIPLO_STATE_PATRON, 0:DIPLO_STATE_AWARE, 2:DIPLO_STATE_PATRON, 0:DIPLO_STATE_AWARE, 0:DIPLO_STATE_WAR_WITH_MAJOR, 0:DIPLO_STATE_WAR_WITH_MAJOR, 0:DIPLO_STATE_WAR_WITH_MAJOR, 0:DIPLO_STATE_WAR_WITH_MAJOR, 0:DIPLO_STATE_WAR_WITH_MAJOR,,,,, 0:DIPLO_STATE_MINOR_MINOR,, 0:DIPLO_STATE_MINOR_MINOR, 0:DIPLO_STATE_MINOR_MINOR_WAR,,,,,,,,,,,,,,,,,,,,,,,,,,,,,,,,,,,,,,,,,,,,,, 0:
51, 13, Threat and Trust,, 10.16:6:0.00, 10.16:6:0.00, 10.16:6:0.00, 10.16:6:0.00, 10.16:6:0.00, 113.61:4:0.00, 112.55:5:0.00, 116.55:3:0.00, 138.05:1:0.00, 130.61:2:0.00,,,,, 0.00:11:0.00,, 0.00:11:0.00, 0.00:11:0.00,,,,,,,,,,,,,,,,,,,,,,,,,,,,,,,,,,,,,,,,,,,,,, 0.00:11:0.00
51, 14, ,, 2:DIPLO_STATE_PATRON, 0:DIPLO_STATE_AWARE, 1:DIPLO_STATE_PATRON, 0:DIPLO_STATE_AWARE, 3:DIPLO_STATE_PATRON, 0:DIPLO_STATE_WAR_WITH_MAJOR, 0:DIPLO_STATE_WAR_WITH_MAJOR, 0:DIPLO_STATE_WAR_WITH_MAJOR, 0:DIPLO_STATE_WAR_WITH_MAJOR, 0:DIPLO_STATE_WAR_WITH_MAJOR, 0:DIPLO_STATE_MINOR_MINOR, 0:DIPLO_STATE_MINOR_MINOR,, 0:DIPLO_STATE_MINOR_MINOR,, 0:DIPLO_STATE_MINOR_MINOR, 0:DIPLO_STATE_MINOR_MINOR, 0:DIPLO_STATE_MINOR_MINOR_WAR,, 0:DIPLO_STATE_MINOR_MINOR, 0:DIPLO_STATE_MINOR_MINOR, 0:DIPLO_STATE_MINOR_MINOR,,,,,,,,,,,,,,,,,,,,,,,,,,,,,,,,,,,,,,,,,, 0:
51, 14, Threat and Trust,, 20.11:6:0.00, 10.16:9:0.00, 18.20:8:0.00, 10.16:9:0.00, 19.95:7:0.00, 118.91:4:0.00, 117.86:5:0.00, 121.86:3:0.00, 143.36:1:0.00, 135.91:2:0.00, 0.00:11:0.00, 0.00:11:0.00,, 0.00:11:0.00,, 0.00:11:0.00, 0.00:11:0.00, 0.00:11:0.00,, 0.00:11:0.00, 0.00:11:0.00, 0.00:11:0.00,,,,,,,,,,,,,,,,,,,,,,,,,,,,,,,,,,,,,,,,,, 0.00:11:0.00
51, 15, ,, 0:DIPLO_STATE_AWARE, 1:DIPLO_STATE_PATRON, 3:DIPLO_STATE_PATRON, 2:DIPLO_STATE_PATRON, 1:DIPLO_STATE_PATRON, 0:DIPLO_STATE_WAR_WITH_MAJOR, 0:DIPLO_STATE_WAR_WITH_MAJOR, 0:DIPLO_STATE_WAR_WITH_MAJOR, 0:DIPLO_STATE_WAR_WITH_MAJOR, 0:DIPLO_STATE_WAR_WITH_MAJOR,,,,, 0:DIPLO_STATE_MINOR_MINOR,, 0:DIPLO_STATE_MINOR_MINOR, 0:DIPLO_STATE_MINOR_MINOR_WAR,,, 0:DIPLO_STATE_MINOR_MINOR,,,,,,,,,,,,,,,,,,,,,,,,,,,,,,,,,,,,,,,,,,, 0:
51, 15, Threat and Trust,, 10.16:6:0.00, 10.16:6:0.00, 10.16:6:0.00, 10.16:6:0.00, 10.16:6:0.00, 109.05:4:0.00, 108.00:5:0.00, 112.00:3:0.00, 133.50:1:0.00, 126.05:2:0.00,,,,, 0.00:11:0.00,, 0.00:11:0.00, 0.00:11:0.00,,, 0.00:11:0.00,,,,,,,,,,,,,,,,,,,,,,,,,,,,,,,,,,,,,,,,,,, 0.00:11:0.00
51, 17, ,, 0:DIPLO_STATE_WAR_WITH_MAJOR, 3:DIPLO_STATE_WAR_WITH_MAJOR, 3:DIPLO_STATE_WAR_WITH_MAJOR, 4:DIPLO_STATE_WAR_WITH_MAJOR, 1:DIPLO_STATE_WAR_WITH_MAJOR, 0:DIPLO_STATE_AWARE, 6:DIPLO_STATE_PATRON, 1:DIPLO_STATE_PATRON, 1:DIPLO_STATE_PATRON, 3:DIPLO_STATE_PATRON, 0:DIPLO_STATE_MINOR_MINOR,, 0:DIPLO_STATE_MINOR_MINOR_WAR, 0:DIPLO_STATE_MINOR_MINOR_WAR, 0:DIPLO_STATE_MINOR_MINOR_WAR, 0:DIPLO_STATE_MINOR_MINOR_WAR, 0:DIPLO_STATE_MINOR_MINOR_WAR,,,, 0:DIPLO_STATE_MINOR_MINOR_WAR, 0:DIPLO_STATE_MINOR_MINOR,,,,,,,,,,,,,,,,,,,,,,,,,,,,,,,,,,,,,,,,,, 0:
51, 17, Threat and Trust,, 10.16:6:0.00, 10.16:6:0.00, 10.16:6:0.00, 10.16:6:0.00, 10.16:6:0.00, 110.86:4:0.00, 109.80:5:0.00, 113.80:3:0.00, 135.30:1:0.00, 127.86:2:0.00, 0.00:11:0.00,, 0.00:11:0.00, 0.00:11:0.00, 0.00:11:0.00, 0.00:11:0.00, 0.00:11:0.00,,,, 0.00:11:0.00, 0.00:11:0.00,,,,,,,,,,,,,,,,,,,,,,,,,,,,,,,,,,,,,,,,,, 0.00:11:0.00
51, 20, ,, 2:DIPLO_STATE_PATRON, 2:DIPLO_STATE_PATRON, 0:DIPLO_STATE_AWARE, 2:DIPLO_STATE_PATRON, 3:DIPLO_STATE_PATRON, 0:DIPLO_STATE_WAR_WITH_MAJOR, 0:DIPLO_STATE_WAR_WITH_MAJOR, 0:DIPLO_STATE_WAR_WITH_MAJOR, 0:DIPLO_STATE_WAR_WITH_MAJOR, 0:DIPLO_STATE_WAR_WITH_MAJOR,, 0:DIPLO_STATE_MINOR_MINOR,,, 0:DIPLO_STATE_MINOR_MINOR, 0:DIPLO_STATE_MINOR_MINOR, 0:DIPLO_STATE_MINOR_MINOR, 0:DIPLO_STATE_MINOR_MINOR_WAR,,,,,,,,,,,,,,,,,,,,,,,,,,,,,,,,,,,,,,,,,,,,,, 0:
51, 20, Threat and Trust,, 10.16:6:0.00, 10.16:6:0.00, 10.16:6:0.00, 10.16:6:0.00, 10.16:6:0.00, 108.95:4:0.00, 107.91:5:0.00, 111.91:3:0.00, 133.41:1:0.00, 125.95:2:0.00,, 0.00:11:0.00,,, 0.00:11:0.00, 0.00:11:0.00, 0.00:11:0.00, 0.00:11:0.00,,,,,,,,,,,,,,,,,,,,,,,,,,,,,,,,,,,,,,,,,,,,,, 0.00:11:0.00
51, 21, ,, 3:DIPLO_STATE_PATRON, 3:DIPLO_STATE_PATRON, 0:DIPLO_STATE_AWARE, 0:DIPLO_STATE_AWARE, 3:DIPLO_STATE_PATRON, 1:DIPLO_STATE_PATRON, 0:DIPLO_STATE_AWARE, 1:DIPLO_STATE_PATRON, 2:DIPLO_STATE_PATRON, 0:DIPLO_STATE_AWARE,,, 0:DIPLO_STATE_MINOR_MINOR,, 0:DIPLO_STATE_MINOR_MINOR,, 0:DIPLO_STATE_MINOR_MINOR, 0:DIPLO_STATE_MINOR_MINOR,,,,,,,,,,,,,,,,,,,,,,,,,,,,,,,,,,,,,,,,,,,,,, 0:
51, 21, Threat and Trust,, 10.16:6:0.00, 10.16:6:0.00, 10.16:6:0.00, 10.16:6:0.00, 10.16:6:0.00, 104.45:4:0.00, 103.41:5:0.00, 107.41:3:0.00, 128.91:1:0.00, 121.45:2:0.00,,, 0.00:11:0.00,, 0.00:11:0.00,, 0.00:11:0.00, 0.00:11:0.00,,,,,,,,,,,,,,,,,,,,,,,,,,,,,,,,,,,,,,,,,,,,,, 0.00:11:0.00
51, 62, ,, 0:DIPLO_STATE_FREE_CITIES_NEUTRAL, 0:DIPLO_STATE_FREE_CITIES_NEUTRAL, 0:DIPLO_STATE_FREE_CITIES_NEUTRAL, 0:DIPLO_STATE_FREE_CITIES_NEUTRAL, 0:DIPLO_STATE_FREE_CITIES_NEUTRAL, 0:DIPLO_STATE_FREE_CITIES_NEUTRAL, 0:DIPLO_STATE_FREE_CITIES_NEUTRAL, 0:DIPLO_STATE_FREE_CITIES_NEUTRAL, 0:DIPLO_STATE_FREE_CITIES_NEUTRAL, 0:DIPLO_STATE_FREE_CITIES_NEUTRAL,,,,,,,,,,,,,,,,,,,,,,,,,,,,,,,,,,,,,,,,,,,,,,,,,,,,,,
51, 62, Threat and Trust,, 22.25:6:0.00, 15.80:9:0.00, 20.36:8:0.00, 10.16:10:0.00, 22.11:7:0.00, 121.05:4:0.00, 120.00:5:0.00, 124.00:3:0.00, 145.50:1:0.00, 138.05:2:0.00,,,,,,,,,,,,,,,,,,,,,,,,,,,,,,,,,,,,,,,,,,,,,,,,,,,,,,
51, 63, ,, 0:, 0:, 0:, 0:, 0:, 0:, 0:, 0:, 0:, 0:, 0:, 0:, 0:, 0:, 0:, 0:, 0:, 0:, 0:, 0:, 0:, 0:,,,,,,,,,,,,,,,,,,,,,,,,,,,,,,,,,,,,,,,,,,
51, 63, Threat and Trust,, 0.00:1:0.00, 0.00:1:0.00, 0.00:1:0.00, 0.00:1:0.00, 0.00:1:0.00, 0.00:1:0.00, 0.00:1:0.00, 0.00:1:0.00, 0.00:1:0.00, 0.00:1:0.00, 0.00:1:0.00, 0.00:1:0.00, 0.00:1:0.00, 0.00:1:0.00, 0.00:1:0.00, 0.00:1:0.00, 0.00:1:0.00, 0.00:1:0.00, 0.00:1:0.00, 0.00:1:0.00, 0.00:1:0.00, 0.00:1:0.00,,,,,,,,,,,,,,,,,,,,,,,,,,,,,,,,,,,,,,,,,,
51, 0, ,,, 3:DIPLO_STATE_ALLIED, 27:DIPLO_STATE_ALLIED, 5:DIPLO_STATE_ALLIED, 50:DIPLO_STATE_ALLIED, 8:DIPLO_STATE_WAR, -5:DIPLO_STATE_WAR, -5:DIPLO_STATE_WAR, 1:DIPLO_STATE_WAR, -5:DIPLO_STATE_WAR, 0:DIPLO_STATE_NO_INFLUENCE, 0:DIPLO_STATE_NO_INFLUENCE, 1:DIPLO_STATE_INFLUENTIAL, 0:DIPLO_STATE_NO_INFLUENCE, 2:DIPLO_STATE_INFLUENTIAL, 0:DIPLO_STATE_NO_INFLUENCE, 0:DIPLO_STATE_NO_INFLUENCE, 0:DIPLO_STATE_WAR_WITH_MINOR, 0:DIPLO_STATE_NO_INFLUENCE, 0:DIPLO_STATE_NO_INFLUENCE, 2:DIPLO_STATE_INFLUENTIAL, 3:DIPLO_STATE_INFLUENTIAL,,,,,,,,,,,,,,,,,,,,,,,,,,,,,,,,,,,,,,,,, 0:DIPLO_STATE_FREE_CITIES_NEUTRAL, 0:
51, 0, Threat and Trust,,, 10.16:7:8.00, 10.16:7:8.00, 10.16:7:8.00, 10.16:7:16.00, 110.05:4:-10.00, 109.00:5:-5.00, 113.00:3:0.00, 134.50:1:-5.00, 127.05:2:2.00, 0.00:11:0.00, 0.00:11:0.00, 0.00:11:0.00, 0.00:11:0.00, 0.00:11:0.00, 0.00:11:0.00, 0.00:11:0.00, 0.00:11:0.00, 0.00:11:0.00, 0.00:11:0.00, 0.00:11:0.00, 0.00:11:0.00,,,,,,,,,,,,,,,,,,,,,,,,,,,,,,,,,,,,,,,,, 0.00:11:0.00, 0.00:11:0.00
51, 1, ,, 29:DIPLO_STATE_ALLIED,, 53:DIPLO_STATE_ALLIED, 48:DIPLO_STATE_ALLIED, 36:DIPLO_STATE_ALLIED, -6:DIPLO_STATE_WAR, -7:DIPLO_STATE_WAR, -13:DIPLO_STATE_WAR, -9:DIPLO_STATE_WAR, 2:DIPLO_STATE_WAR, 3:DIPLO_STATE_INFLUENTIAL, 0:DIPLO_STATE_NO_INFLUENCE, 3:DIPLO_STATE_MAX_INFLUENCE, 4:DIPLO_STATE_MAX_INFLUENCE, 0:DIPLO_STATE_NO_INFLUENCE, 1:DIPLO_STATE_INFLUENTIAL, 0:DIPLO_STATE_NO_INFLUENCE, 3:DIPLO_STATE_WAR_WITH_MINOR, 0:DIPLO_STATE_NO_INFLUENCE, 0:DIPLO_STATE_NO_INFLUENCE, 2:DIPLO_STATE_INFLUENTIAL, 3:DIPLO_STATE_INFLUENTIAL,,,,,,,,,,,,,,,,,,,,,,,,,,,,,,,,,,,,,,,,, 0:DIPLO_STATE_FREE_CITIES_NEUTRAL, 0:
51, 1, Threat and Trust,, 15.30:7:6.00,, 10.16:8:7.00, 10.16:8:8.00, 16.25:6:13.00, 115.20:4:-10.00, 114.16:5:-5.00, 118.16:3:0.00, 139.66:1:-5.00, 132.20:2:2.00, 0.00:11:0.00, 0.00:11:0.00, 0.00:11:0.00, 0.00:11:0.00, 0.00:11:0.00, 0.00:11:0.00, 0.00:11:0.00, 0.00:11:0.00, 0.00:11:0.00, 0.00:11:0.00, 0.00:11:0.00, 0.00:11:0.00,,,,,,,,,,,,,,,,,,,,,,,,,,,,,,,,,,,,,,,,, 0.00:11:0.00, 0.00:11:0.00
51, 2, ,, 41:DIPLO_STATE_ALLIED, 8:DIPLO_STATE_ALLIED,, 52:DIPLO_STATE_ALLIED, 51:DIPLO_STATE_ALLIED, -1:DIPLO_STATE_WAR, 4:DIPLO_STATE_WAR, -2:DIPLO_STATE_WAR, 17:DIPLO_STATE_WAR, 13:DIPLO_STATE_WAR, 3:DIPLO_STATE_INFLUENTIAL, 0:DIPLO_STATE_NO_INFLUENCE, 0:DIPLO_STATE_NO_INFLUENCE, 0:DIPLO_STATE_NO_INFLUENCE, 1:DIPLO_STATE_INFLUENTIAL, 3:DIPLO_STATE_MAX_INFLUENCE, 0:DIPLO_STATE_NO_INFLUENCE, 3:DIPLO_STATE_WAR_WITH_MINOR, 0:DIPLO_STATE_NO_INFLUENCE, 0:DIPLO_STATE_NO_INFLUENCE, 0:DIPLO_STATE_NO_INFLUENCE, 0:DIPLO_STATE_NO_INFLUENCE,,,,,,,,,,,,,,,,,,,,,,,,,,,,,,,,,,,,,,,,, 0:DIPLO_STATE_FREE_CITIES_NEUTRAL, 0:
51, 2, Threat and Trust,, 10.16:6:7.00, 10.16:6:8.00,, 10.16:6:8.00, 10.16:6:17.00, 103.05:4:-10.00, 102.00:5:-5.00, 106.00:3:0.00, 127.50:1:-5.00, 120.05:2:0.00, 0.00:11:0.00, 0.00:11:0.00, 0.00:11:0.00, 0.00:11:0.00, 0.00:11:0.00, 0.00:11:0.00, 0.00:11:0.00, 0.00:11:0.00, 0.00:11:0.00, 0.00:11:0.00, 0.00:11:0.00, 0.00:11:0.00,,,,,,,,,,,,,,,,,,,,,,,,,,,,,,,,,,,,,,,,, 0.00:11:0.00, 0.00:11:0.00
51, 3, ,, 22:DIPLO_STATE_ALLIED, 33:DIPLO_STATE_ALLIED, 60:DIPLO_STATE_ALLIED,, 26:DIPLO_STATE_ALLIED, -19:DIPLO_STATE_WAR, -5:DIPLO_STATE_WAR, -11:DIPLO_STATE_WAR, -6:DIPLO_STATE_WAR, -6:DIPLO_STATE_WAR, 0:DIPLO_STATE_NO_INFLUENCE, 0:DIPLO_STATE_NO_INFLUENCE, 1:DIPLO_STATE_INFLUENTIAL, 2:DIPLO_STATE_INFLUENTIAL, 0:DIPLO_STATE_NO_INFLUENCE, 2:DIPLO_STATE_INFLUENTIAL, 0:DIPLO_STATE_NO_INFLUENCE, 4:DIPLO_STATE_WAR_WITH_MINOR, 0:DIPLO_STATE_NO_INFLUENCE, 0:DIPLO_STATE_NO_INFLUENCE, 2:DIPLO_STATE_INFLUENTIAL, 0:DIPLO_STATE_NO_INFLUENCE,,,,,,,,,,,,,,,,,,,,,,,,,,,,,,,,,,,,,,,,, 0:DIPLO_STATE_FREE_CITIES_NEUTRAL, 0:
51, 3, Threat and Trust,, 17.20:8:9.00, 10.16:9:10.00, 24.20:6:9.00,, 18.16:7:18.00, 117.11:4:-10.00, 116.05:5:-5.00, 120.05:3:0.00, 141.55:1:-5.00, 134.11:2:0.00, 0.00:11:0.00, 0.00:11:0.00, 0.00:11:0.00, 0.00:11:0.00, 0.00:11:0.00, 0.00:11:0.00, 0.00:11:0.00, 0.00:11:0.00, 0.00:11:0.00, 0.00:11:0.00, 0.00:11:0.00, 0.00:11:0.00,,,,,,,,,,,,,,,,,,,,,,,,,,,,,,,,,,,,,,,,, 0.00:11:0.00, 0.00:11:0.00
51, 4, ,, 51:DIPLO_STATE_ALLIED, -2:DIPLO_STATE_ALLIED, 28:DIPLO_STATE_ALLIED, 3:DIPLO_STATE_ALLIED,, 6:DIPLO_STATE_WAR, -7:DIPLO_STATE_WAR, -7:DIPLO_STATE_WAR, 1:DIPLO_STATE_WAR, 1:DIPLO_STATE_WAR, 3:DIPLO_STATE_INFLUENTIAL, 0:DIPLO_STATE_NO_INFLUENCE, 1:DIPLO_STATE_INFLUENTIAL, 0:DIPLO_STATE_NO_INFLUENCE, 3:DIPLO_STATE_MAX_INFLUENCE, 1:DIPLO_STATE_INFLUENTIAL, 0:DIPLO_STATE_NO_INFLUENCE, 1:DIPLO_STATE_WAR_WITH_MINOR, 0:DIPLO_STATE_NO_INFLUENCE, 0:DIPLO_STATE_NO_INFLUENCE, 3:DIPLO_STATE_MAX_INFLUENCE, 3:DIPLO_STATE_INFLUENTIAL,,,,,,,,,,,,,,,,,,,,,,,,,,,,,,,,,,,,,,,,, 0:DIPLO_STATE_FREE_CITIES_NEUTRAL, 0:
51, 4, Threat and Trust,, 10.16:6:12.00, 10.16:6:14.00, 10.16:6:17.00, 10.16:6:17.00,, 107.61:4:-10.00, 106.55:5:-5.00, 110.55:3:2.00, 132.05:2:-5.00, 188.20:1:0.00, 0.00:11:0.00, 0.00:11:0.00, 0.00:11:0.00, 0.00:11:0.00, 0.00:11:0.00, 0.00:11:0.00, 0.00:11:0.00, 0.00:11:0.00, 0.00:11:0.00, 0.00:11:0.00, 0.00:11:0.00, 0.00:11:0.00,,,,,,,,,,,,,,,,,,,,,,,,,,,,,,,,,,,,,,,,, 0.00:11:0.00, 0.00:11:0.00
51, 2, ,, 41:DIPLO_STATE_ALLIED, 8:DIPLO_STATE_ALLIED,, 52:DIPLO_STATE_ALLIED, 51:DIPLO_STATE_ALLIED, -1:DIPLO_STATE_WAR, 4:DIPLO_STATE_WAR, -2:DIPLO_STATE_WAR, 17:DIPLO_STATE_WAR, 13:DIPLO_STATE_WAR, 3:DIPLO_STATE_INFLUENTIAL, 0:DIPLO_STATE_NO_INFLUENCE, 0:DIPLO_STATE_NO_INFLUENCE, 0:DIPLO_STATE_NO_INFLUENCE, 1:DIPLO_STATE_INFLUENTIAL, 3:DIPLO_STATE_MAX_INFLUENCE, 0:DIPLO_STATE_NO_INFLUENCE, 3:DIPLO_STATE_WAR_WITH_MINOR, 0:DIPLO_STATE_NO_INFLUENCE, 0:DIPLO_STATE_NO_INFLUENCE, 0:DIPLO_STATE_NO_INFLUENCE, 0:DIPLO_STATE_NO_INFLUENCE,,,,,,,,,,,,,,,,,,,,,,,,,,,,,,,,,,,,,,,,, 0:DIPLO_STATE_FREE_CITIES_NEUTRAL, 0:
51, 2, Threat and Trust,, 10.16:6:7.00, 10.16:6:8.00,, 10.16:6:10.00, 10.16:6:17.00, 103.05:4:-10.00, 102.00:5:-5.00, 106.00:3:0.00, 127.50:1:-5.00, 120.05:2:0.00, 0.00:11:0.00, 0.00:11:0.00, 0.00:11:0.00, 0.00:11:0.00, 0.00:11:0.00, 0.00:11:0.00, 0.00:11:0.00, 0.00:11:0.00, 0.00:11:0.00, 0.00:11:0.00, 0.00:11:0.00, 0.00:11:0.00,,,,,,,,,,,,,,,,,,,,,,,,,,,,,,,,,,,,,,,,, 0.00:11:0.00, 0.00:11:0.00
51, 2, ,, 41:DIPLO_STATE_ALLIED, 8:DIPLO_STATE_ALLIED,, 52:DIPLO_STATE_ALLIED, 51:DIPLO_STATE_ALLIED, -1:DIPLO_STATE_WAR, 4:DIPLO_STATE_WAR, -2:DIPLO_STATE_WAR, 17:DIPLO_STATE_WAR, 13:DIPLO_STATE_WAR, 3:DIPLO_STATE_INFLUENTIAL, 0:DIPLO_STATE_NO_INFLUENCE, 0:DIPLO_STATE_NO_INFLUENCE, 0:DIPLO_STATE_NO_INFLUENCE, 1:DIPLO_STATE_INFLUENTIAL, 3:DIPLO_STATE_MAX_INFLUENCE, 0:DIPLO_STATE_NO_INFLUENCE, 3:DIPLO_STATE_WAR_WITH_MINOR, 0:DIPLO_STATE_NO_INFLUENCE, 0:DIPLO_STATE_NO_INFLUENCE, 0:DIPLO_STATE_NO_INFLUENCE, 0:DIPLO_STATE_NO_INFLUENCE,,,,,,,,,,,,,,,,,,,,,,,,,,,,,,,,,,,,,,,,, 0:DIPLO_STATE_FREE_CITIES_NEUTRAL, 0:
51, 2, Threat and Trust,, 10.16:6:7.00, 10.16:6:8.00,, 10.16:6:10.00, 10.16:6:17.00, 103.05:4:-10.00, 102.00:5:-5.00, 106.00:3:0.00, 127.50:1:-5.00, 120.05:2:0.00, 0.00:11:0.00, 0.00:11:0.00, 0.00:11:0.00, 0.00:11:0.00, 0.00:11:0.00, 0.00:11:0.00, 0.00:11:0.00, 0.00:11:0.00, 0.00:11:0.00, 0.00:11:0.00, 0.00:11:0.00, 0.00:11:0.00,,,,,,,,,,,,,,,,,,,,,,,,,,,,,,,,,,,,,,,,, 0.00:11:0.00, 0.00:11:0.00
51, 3, ,, 22:DIPLO_STATE_ALLIED, 33:DIPLO_STATE_ALLIED, 60:DIPLO_STATE_ALLIED,, 26:DIPLO_STATE_ALLIED, -19:DIPLO_STATE_WAR, -5:DIPLO_STATE_WAR, -11:DIPLO_STATE_WAR, -6:DIPLO_STATE_WAR, -6:DIPLO_STATE_WAR, 0:DIPLO_STATE_NO_INFLUENCE, 0:DIPLO_STATE_NO_INFLUENCE, 1:DIPLO_STATE_INFLUENTIAL, 2:DIPLO_STATE_INFLUENTIAL, 0:DIPLO_STATE_NO_INFLUENCE, 2:DIPLO_STATE_INFLUENTIAL, 0:DIPLO_STATE_NO_INFLUENCE, 4:DIPLO_STATE_WAR_WITH_MINOR, 0:DIPLO_STATE_NO_INFLUENCE, 0:DIPLO_STATE_NO_INFLUENCE, 2:DIPLO_STATE_INFLUENTIAL, 0:DIPLO_STATE_NO_INFLUENCE,,,,,,,,,,,,,,,,,,,,,,,,,,,,,,,,,,,,,,,,, 0:DIPLO_STATE_FREE_CITIES_NEUTRAL, 0:
51, 3, Threat and Trust,, 17.20:8:11.00, 10.16:9:10.00, 24.20:6:11.00,, 18.16:7:20.00, 117.11:4:-10.00, 116.05:5:-5.00, 120.05:3:0.00, 141.55:1:-5.00, 134.11:2:0.00, 0.00:11:0.00, 0.00:11:0.00, 0.00:11:0.00, 0.00:11:0.00, 0.00:11:0.00, 0.00:11:0.00, 0.00:11:0.00, 0.00:11:0.00, 0.00:11:0.00, 0.00:11:0.00, 0.00:11:0.00, 0.00:11:0.00,,,,,,,,,,,,,,,,,,,,,,,,,,,,,,,,,,,,,,,,, 0.00:11:0.00, 0.00:11:0.00
51, 3, ,, 22:DIPLO_STATE_ALLIED, 33:DIPLO_STATE_ALLIED, 60:DIPLO_STATE_ALLIED,, 26:DIPLO_STATE_ALLIED, -19:DIPLO_STATE_WAR, -5:DIPLO_STATE_WAR, -11:DIPLO_STATE_WAR, -6:DIPLO_STATE_WAR, -6:DIPLO_STATE_WAR, 0:DIPLO_STATE_NO_INFLUENCE, 0:DIPLO_STATE_NO_INFLUENCE, 1:DIPLO_STATE_INFLUENTIAL, 2:DIPLO_STATE_INFLUENTIAL, 0:DIPLO_STATE_NO_INFLUENCE, 2:DIPLO_STATE_INFLUENTIAL, 0:DIPLO_STATE_NO_INFLUENCE, 4:DIPLO_STATE_WAR_WITH_MINOR, 0:DIPLO_STATE_NO_INFLUENCE, 0:DIPLO_STATE_NO_INFLUENCE, 2:DIPLO_STATE_INFLUENTIAL, 0:DIPLO_STATE_NO_INFLUENCE,,,,,,,,,,,,,,,,,,,,,,,,,,,,,,,,,,,,,,,,, 0:DIPLO_STATE_FREE_CITIES_NEUTRAL, 0:
51, 3, Threat and Trust,, 17.20:8:11.00, 10.16:9:10.00, 24.20:6:11.00,, 18.16:7:20.00, 117.11:4:-10.00, 116.05:5:-5.00, 120.05:3:0.00, 141.55:1:-5.00, 134.11:2:0.00, 0.00:11:0.00, 0.00:11:0.00, 0.00:11:0.00, 0.00:11:0.00, 0.00:11:0.00, 0.00:11:0.00, 0.00:11:0.00, 0.00:11:0.00, 0.00:11:0.00, 0.00:11:0.00, 0.00:11:0.00, 0.00:11:0.00,,,,,,,,,,,,,,,,,,,,,,,,,,,,,,,,,,,,,,,,, 0.00:11:0.00, 0.00:11:0.00
51, 3, ,, 22:DIPLO_STATE_ALLIED, 33:DIPLO_STATE_ALLIED, 60:DIPLO_STATE_ALLIED,, 26:DIPLO_STATE_ALLIED, -19:DIPLO_STATE_WAR, -5:DIPLO_STATE_WAR, -11:DIPLO_STATE_WAR, -6:DIPLO_STATE_WAR, -6:DIPLO_STATE_WAR, 0:DIPLO_STATE_NO_INFLUENCE, 0:DIPLO_STATE_NO_INFLUENCE, 1:DIPLO_STATE_INFLUENTIAL, 2:DIPLO_STATE_INFLUENTIAL, 0:DIPLO_STATE_NO_INFLUENCE, 2:DIPLO_STATE_INFLUENTIAL, 0:DIPLO_STATE_NO_INFLUENCE, 4:DIPLO_STATE_WAR_WITH_MINOR, 0:DIPLO_STATE_NO_INFLUENCE, 0:DIPLO_STATE_NO_INFLUENCE, 2:DIPLO_STATE_INFLUENTIAL, 0:DIPLO_STATE_NO_INFLUENCE,,,,,,,,,,,,,,,,,,,,,,,,,,,,,,,,,,,,,,,,, 0:DIPLO_STATE_FREE_CITIES_NEUTRAL, 0:
51, 3, Threat and Trust,, 17.20:8:11.00, 10.16:9:10.00, 24.20:6:11.00,, 18.16:7:20.00, 117.11:4:-10.00, 116.05:5:-5.00, 120.05:3:0.00, 141.55:1:-5.00, 134.11:2:0.00, 0.00:11:0.00, 0.00:11:0.00, 0.00:11:0.00, 0.00:11:0.00, 0.00:11:0.00, 0.00:11:0.00, 0.00:11:0.00, 0.00:11:0.00, 0.00:11:0.00, 0.00:11:0.00, 0.00:11:0.00, 0.00:11:0.00,,,,,,,,,,,,,,,,,,,,,,,,,,,,,,,,,,,,,,,,, 0.00:11:0.00, 0.00:11:0.00
51, 2, ,, 41:DIPLO_STATE_ALLIED, 8:DIPLO_STATE_ALLIED,, 52:DIPLO_STATE_ALLIED, 51:DIPLO_STATE_ALLIED, -1:DIPLO_STATE_WAR, 4:DIPLO_STATE_WAR, -2:DIPLO_STATE_WAR, 17:DIPLO_STATE_WAR, 13:DIPLO_STATE_WAR, 3:DIPLO_STATE_INFLUENTIAL, 0:DIPLO_STATE_NO_INFLUENCE, 0:DIPLO_STATE_NO_INFLUENCE, 0:DIPLO_STATE_NO_INFLUENCE, 1:DIPLO_STATE_INFLUENTIAL, 3:DIPLO_STATE_MAX_INFLUENCE, 0:DIPLO_STATE_NO_INFLUENCE, 3:DIPLO_STATE_WAR_WITH_MINOR, 0:DIPLO_STATE_NO_INFLUENCE, 0:DIPLO_STATE_NO_INFLUENCE, 0:DIPLO_STATE_NO_INFLUENCE, 0:DIPLO_STATE_NO_INFLUENCE,,,,,,,,,,,,,,,,,,,,,,,,,,,,,,,,,,,,,,,,, 0:DIPLO_STATE_FREE_CITIES_NEUTRAL, 0:
51, 2, Threat and Trust,, 10.16:6:7.00, 10.16:6:8.00,, 10.16:6:10.00, 10.16:6:17.00, 103.05:4:-10.00, 102.00:5:-5.00, 106.00:3:0.00, 127.50:1:-5.00, 120.05:2:0.00, 0.00:11:0.00, 0.00:11:0.00, 0.00:11:0.00, 0.00:11:0.00, 0.00:11:0.00, 0.00:11:0.00, 0.00:11:0.00, 0.00:11:0.00, 0.00:11:0.00, 0.00:11:0.00, 0.00:11:0.00, 0.00:11:0.00,,,,,,,,,,,,,,,,,,,,,,,,,,,,,,,,,,,,,,,,, 0.00:11:0.00, 0.00:11:0.00
51, 1, ,, 29:DIPLO_STATE_ALLIED,, 53:DIPLO_STATE_ALLIED, 48:DIPLO_STATE_ALLIED, 36:DIPLO_STATE_ALLIED, -6:DIPLO_STATE_WAR, -7:DIPLO_STATE_WAR, -13:DIPLO_STATE_WAR, -9:DIPLO_STATE_WAR, 2:DIPLO_STATE_WAR, 3:DIPLO_STATE_INFLUENTIAL, 0:DIPLO_STATE_NO_INFLUENCE, 3:DIPLO_STATE_MAX_INFLUENCE, 4:DIPLO_STATE_MAX_INFLUENCE, 0:DIPLO_STATE_NO_INFLUENCE, 1:DIPLO_STATE_INFLUENTIAL, 0:DIPLO_STATE_NO_INFLUENCE, 3:DIPLO_STATE_WAR_WITH_MINOR, 0:DIPLO_STATE_NO_INFLUENCE, 0:DIPLO_STATE_NO_INFLUENCE, 2:DIPLO_STATE_INFLUENTIAL, 3:DIPLO_STATE_INFLUENTIAL,,,,,,,,,,,,,,,,,,,,,,,,,,,,,,,,,,,,,,,,, 0:DIPLO_STATE_FREE_CITIES_NEUTRAL, 0:
51, 1, Threat and Trust,, 15.30:7:8.00,, 10.16:8:7.00, 10.16:8:8.00, 16.25:6:13.00, 115.20:4:-10.00, 114.16:5:-5.00, 118.16:3:0.00, 139.66:1:-5.00, 132.20:2:2.00, 0.00:11:0.00, 0.00:11:0.00, 0.00:11:0.00, 0.00:11:0.00, 0.00:11:0.00, 0.00:11:0.00, 0.00:11:0.00, 0.00:11:0.00, 0.00:11:0.00, 0.00:11:0.00, 0.00:11:0.00, 0.00:11:0.00,,,,,,,,,,,,,,,,,,,,,,,,,,,,,,,,,,,,,,,,, 0.00:11:0.00, 0.00:11:0.00
52, 5, ,, -49:DIPLO_STATE_WAR, -64:DIPLO_STATE_WAR, -58:DIPLO_STATE_WAR, -71:DIPLO_STATE_WAR, -36:DIPLO_STATE_WAR,, 12:DIPLO_STATE_ALLIED, 24:DIPLO_STATE_ALLIED, 22:DIPLO_STATE_ALLIED, 22:DIPLO_STATE_ALLIED, 4:DIPLO_STATE_MAX_INFLUENCE, 0:DIPLO_STATE_WAR_WITH_MINOR, 0:DIPLO_STATE_WAR_WITH_MINOR, 0:DIPLO_STATE_WAR_WITH_MINOR, 0:DIPLO_STATE_WAR_WITH_MINOR, 0:DIPLO_STATE_WAR_WITH_MINOR, 0:DIPLO_STATE_WAR_WITH_MINOR, 0:DIPLO_STATE_NO_INFLUENCE, 0:DIPLO_STATE_WAR_WITH_MINOR, 0:DIPLO_STATE_WAR_WITH_MINOR, 0:DIPLO_STATE_WAR_WITH_MINOR, 1:DIPLO_STATE_WAR_WITH_MINOR,,,,,,,,,,,,,,,,,,,,,,,,,,,,,,,,,,,,,,,,, 0:DIPLO_STATE_FREE_CITIES_NEUTRAL, 0:
52, 5, Threat and Trust,, 10.16:6:2.00, 10.16:6:1.00, 10.16:6:2.00, 10.16:6:2.00, 10.16:6:6.00,, 60.16:3:-5.00, 60.16:3:1.00, 75.86:1:-5.00, 68.41:2:2.00, 0.00:11:0.00, 0.00:11:0.00, 0.00:11:0.00, 0.00:11:0.00, 0.00:11:0.00, 0.00:11:0.00, 0.00:11:0.00, 0.00:11:0.00, 0.00:11:0.00, 0.00:11:0.00, 0.00:11:0.00, 0.00:11:0.00,,,,,,,,,,,,,,,,,,,,,,,,,,,,,,,,,,,,,,,,, 0.00:11:0.00, 0.00:11:0.00
52, 6, ,, -71:DIPLO_STATE_WAR, -77:DIPLO_STATE_WAR, -77:DIPLO_STATE_WAR, -82:DIPLO_STATE_WAR, -82:DIPLO_STATE_WAR, -16:DIPLO_STATE_ALLIED,, 14:DIPLO_STATE_ALLIED, 9:DIPLO_STATE_ALLIED, 1:DIPLO_STATE_ALLIED, 2:DIPLO_STATE_INFLUENTIAL, 0:DIPLO_STATE_WAR_WITH_MINOR, 0:DIPLO_STATE_WAR_WITH_MINOR, 0:DIPLO_STATE_WAR_WITH_MINOR, 0:DIPLO_STATE_WAR_WITH_MINOR, 0:DIPLO_STATE_WAR_WITH_MINOR, 0:DIPLO_STATE_WAR_WITH_MINOR, 6:DIPLO_STATE_MAX_INFLUENCE, 0:DIPLO_STATE_WAR_WITH_MINOR, 0:DIPLO_STATE_WAR_WITH_MINOR, 0:DIPLO_STATE_WAR_WITH_MINOR, 0:DIPLO_STATE_WAR_WITH_MINOR,,,,,,,,,,,,,,,,,,,,,,,,,,,,,,,,,,,,,,,,, 0:DIPLO_STATE_FREE_CITIES_NEUTRAL, 0:
52, 6, Threat and Trust,, 10.16:6:2.00, 10.16:6:1.00, 10.16:6:2.00, 10.16:6:2.00, 10.16:6:6.00, 67.95:3:-10.00,, 60.16:4:1.00, 83.66:1:-5.00, 76.20:2:2.00, 0.00:11:0.00, 0.00:11:0.00, 0.00:11:0.00, 0.00:11:0.00, 0.00:11:0.00, 0.00:11:0.00, 0.00:11:0.00, 0.00:11:0.00, 0.00:11:0.00, 0.00:11:0.00, 0.00:11:0.00, 0.00:11:0.00,,,,,,,,,,,,,,,,,,,,,,,,,,,,,,,,,,,,,,,,, 0.00:11:0.00, 0.00:11:0.00
52, 7, ,, -84:DIPLO_STATE_WAR, -85:DIPLO_STATE_WAR, -88:DIPLO_STATE_WAR, -102:DIPLO_STATE_WAR, -82:DIPLO_STATE_WAR, -7:DIPLO_STATE_ALLIED, 6:DIPLO_STATE_ALLIED,, 10:DIPLO_STATE_ALLIED, 8:DIPLO_STATE_ALLIED, 0:DIPLO_STATE_NO_INFLUENCE, 0:DIPLO_STATE_WAR_WITH_MINOR, 0:DIPLO_STATE_WAR_WITH_MINOR, 0:DIPLO_STATE_WAR_WITH_MINOR, 0:DIPLO_STATE_WAR_WITH_MINOR, 0:DIPLO_STATE_WAR_WITH_MINOR, 0:DIPLO_STATE_WAR_WITH_MINOR, 1:DIPLO_STATE_INFLUENTIAL, 0:DIPLO_STATE_WAR_WITH_MINOR, 0:DIPLO_STATE_WAR_WITH_MINOR, 0:DIPLO_STATE_WAR_WITH_MINOR, 1:DIPLO_STATE_WAR_WITH_MINOR,,,,,,,,,,,,,,,,,,,,,,,,,,,,,,,,,,,,,,,,, 0:DIPLO_STATE_FREE_CITIES_NEUTRAL, 0:
52, 7, Threat and Trust,, 10.16:6:5.00, 10.16:6:2.00, 10.16:6:2.00, 10.16:6:6.00, 10.16:6:7.00, 67.70:3:-10.00, 60.16:4:-5.00,, 83.41:1:-5.00, 75.95:2:2.00, 0.00:11:0.00, 0.00:11:0.00, 0.00:11:0.00, 0.00:11:0.00, 0.00:11:0.00, 0.00:11:0.00, 0.00:11:0.00, 0.00:11:0.00, 0.00:11:0.00, 0.00:11:0.00, 0.00:11:0.00, 0.00:11:0.00,,,,,,,,,,,,,,,,,,,,,,,,,,,,,,,,,,,,,,,,, 0.00:11:0.00, 0.00:11:0.00
52, 8, ,, -96:DIPLO_STATE_WAR, -104:DIPLO_STATE_WAR, -76:DIPLO_STATE_WAR, -88:DIPLO_STATE_WAR, -85:DIPLO_STATE_WAR, -3:DIPLO_STATE_ALLIED, 9:DIPLO_STATE_ALLIED, 6:DIPLO_STATE_ALLIED,, 19:DIPLO_STATE_ALLIED, 1:DIPLO_STATE_INFLUENTIAL, 0:DIPLO_STATE_WAR_WITH_MINOR, 0:DIPLO_STATE_WAR_WITH_MINOR, 0:DIPLO_STATE_WAR_WITH_MINOR, 0:DIPLO_STATE_WAR_WITH_MINOR, 0:DIPLO_STATE_WAR_WITH_MINOR, 0:DIPLO_STATE_WAR_WITH_MINOR, 1:DIPLO_STATE_INFLUENTIAL, 0:DIPLO_STATE_WAR_WITH_MINOR, 0:DIPLO_STATE_WAR_WITH_MINOR, 0:DIPLO_STATE_WAR_WITH_MINOR, 2:DIPLO_STATE_WAR_WITH_MINOR,,,,,,,,,,,,,,,,,,,,,,,,,,,,,,,,,,,,,,,,, 0:DIPLO_STATE_FREE_CITIES_NEUTRAL, 0:
52, 8, Threat and Trust,, 10.16:6:2.00, 10.16:6:1.00, 10.16:6:2.00, 10.16:6:2.00, 10.16:6:6.00, 60.16:1:-10.00, 60.16:1:-5.00, 60.16:1:1.00,, 60.16:1:2.00, 0.00:11:0.00, 0.00:11:0.00, 0.00:11:0.00, 0.00:11:0.00, 0.00:11:0.00, 0.00:11:0.00, 0.00:11:0.00, 0.00:11:0.00, 0.00:11:0.00, 0.00:11:0.00, 0.00:11:0.00, 0.00:11:0.00,,,,,,,,,,,,,,,,,,,,,,,,,,,,,,,,,,,,,,,,, 0.00:11:0.00, 0.00:11:0.00
52, 9, ,, -77:DIPLO_STATE_WAR, -93:DIPLO_STATE_WAR, -63:DIPLO_STATE_WAR, -72:DIPLO_STATE_WAR, -62:DIPLO_STATE_WAR, -13:DIPLO_STATE_ALLIED, 9:DIPLO_STATE_ALLIED, 1:DIPLO_STATE_ALLIED, 0:DIPLO_STATE_ALLIED,, 3:DIPLO_STATE_INFLUENTIAL, 0:DIPLO_STATE_WAR_WITH_MINOR, 0:DIPLO_STATE_WAR_WITH_MINOR, 0:DIPLO_STATE_WAR_WITH_MINOR, 0:DIPLO_STATE_WAR_WITH_MINOR, 0:DIPLO_STATE_WAR_WITH_MINOR, 0:DIPLO_STATE_WAR_WITH_MINOR, 3:DIPLO_STATE_INFLUENTIAL, 0:DIPLO_STATE_WAR_WITH_MINOR, 0:DIPLO_STATE_WAR_WITH_MINOR, 0:DIPLO_STATE_WAR_WITH_MINOR, 0:DIPLO_STATE_WAR_WITH_MINOR,,,,,,,,,,,,,,,,,,,,,,,,,,,,,,,,,,,,,,,,, 0:DIPLO_STATE_FREE_CITIES_NEUTRAL, 0:
52, 9, Threat and Trust,, 10.16:6:7.00, 10.16:6:3.00, 10.16:6:3.00, 10.16:6:5.00, 10.16:6:3.00, 60.16:3:-10.00, 60.16:3:-5.00, 60.16:3:1.00, 67.61:2:-5.00,, 0.00:11:0.00, 0.00:11:0.00, 0.00:11:0.00, 0.00:11:0.00, 0.00:11:0.00, 0.00:11:0.00, 0.00:11:0.00, 0.00:11:0.00, 0.00:11:0.00, 0.00:11:0.00, 0.00:11:0.00, 0.00:11:0.00,,,,,,,,,,,,,,,,,,,,,,,,,,,,,,,,,,,,,,,,, 0.00:11:0.00, 0.00:11:0.00
52, 10, ,, 0:DIPLO_STATE_AWARE, 3:DIPLO_STATE_PATRON, 3:DIPLO_STATE_PATRON, 0:DIPLO_STATE_AWARE, 3:DIPLO_STATE_PATRON, 4:DIPLO_STATE_PATRON, 4:DIPLO_STATE_PATRON, 2:DIPLO_STATE_PATRON, 1:DIPLO_STATE_PATRON, 3:DIPLO_STATE_PATRON,,, 0:DIPLO_STATE_MINOR_MINOR, 0:DIPLO_STATE_MINOR_MINOR, 0:DIPLO_STATE_MINOR_MINOR, 0:DIPLO_STATE_MINOR_MINOR,, 0:DIPLO_STATE_MINOR_MINOR,,, 0:DIPLO_STATE_MINOR_MINOR, 0:DIPLO_STATE_MINOR_MINOR,,,,,,,,,,,,,,,,,,,,,,,,,,,,,,,,,,,,,,,,,, 0:
52, 10, Threat and Trust,, 10.16:6:0.00, 10.16:6:0.00, 10.16:6:0.00, 10.16:6:0.00, 10.16:6:0.00, 116.55:3:0.00, 108.75:5:0.00, 109.00:4:0.00, 133.41:1:0.00, 125.95:2:0.00,,, 0.00:11:0.00, 0.00:11:0.00, 0.00:11:0.00, 0.00:11:0.00,, 0.00:11:0.00,,, 0.00:11:0.00, 0.00:11:0.00,,,,,,,,,,,,,,,,,,,,,,,,,,,,,,,,,,,,,,,,,, 0.00:11:0.00
52, 12, ,, 1:DIPLO_STATE_PATRON, 3:DIPLO_STATE_PATRON, 0:DIPLO_STATE_AWARE, 1:DIPLO_STATE_PATRON, 1:DIPLO_STATE_PATRON, 0:DIPLO_STATE_WAR_WITH_MAJOR, 0:DIPLO_STATE_WAR_WITH_MAJOR, 0:DIPLO_STATE_WAR_WITH_MAJOR, 0:DIPLO_STATE_WAR_WITH_MAJOR, 0:DIPLO_STATE_WAR_WITH_MAJOR, 0:DIPLO_STATE_MINOR_MINOR,,,,,,, 0:DIPLO_STATE_MINOR_MINOR_WAR,,,, 0:DIPLO_STATE_MINOR_MINOR,,,,,,,,,,,,,,,,,,,,,,,,,,,,,,,,,,,,,,,,,, 0:
52, 12, Threat and Trust,, 10.16:8:0.00, 10.16:8:0.00, 22.16:6:0.00, 10.16:8:0.00, 17.61:7:0.00, 123.80:3:0.00, 116.00:5:0.00, 116.25:4:0.00, 140.66:1:0.00, 133.20:2:0.00, 0.00:11:0.00,,,,,,, 0.00:11:0.00,,,, 0.00:11:0.00,,,,,,,,,,,,,,,,,,,,,,,,,,,,,,,,,,,,,,,,,, 0.00:11:0.00
52, 13, ,, 0:DIPLO_STATE_AWARE, 4:DIPLO_STATE_PATRON, 0:DIPLO_STATE_AWARE, 2:DIPLO_STATE_PATRON, 0:DIPLO_STATE_AWARE, 0:DIPLO_STATE_WAR_WITH_MAJOR, 0:DIPLO_STATE_WAR_WITH_MAJOR, 0:DIPLO_STATE_WAR_WITH_MAJOR, 0:DIPLO_STATE_WAR_WITH_MAJOR, 0:DIPLO_STATE_WAR_WITH_MAJOR, 0:DIPLO_STATE_MINOR_MINOR,,,, 0:DIPLO_STATE_MINOR_MINOR,, 0:DIPLO_STATE_MINOR_MINOR, 0:DIPLO_STATE_MINOR_MINOR_WAR,,,,,,,,,,,,,,,,,,,,,,,,,,,,,,,,,,,,,,,,,,,,,, 0:
52, 13, Threat and Trust,, 10.16:8:0.00, 10.16:8:0.00, 21.00:6:0.00, 10.16:8:0.00, 16.45:7:0.00, 122.66:3:0.00, 114.86:5:0.00, 115.11:4:0.00, 139.50:1:0.00, 132.05:2:0.00, 0.00:11:0.00,,,, 0.00:11:0.00,, 0.00:11:0.00, 0.00:11:0.00,,,,,,,,,,,,,,,,,,,,,,,,,,,,,,,,,,,,,,,,,,,,,, 0.00:11:0.00
52, 14, ,, 2:DIPLO_STATE_PATRON, 0:DIPLO_STATE_AWARE, 1:DIPLO_STATE_PATRON, 0:DIPLO_STATE_AWARE, 3:DIPLO_STATE_PATRON, 0:DIPLO_STATE_WAR_WITH_MAJOR, 0:DIPLO_STATE_WAR_WITH_MAJOR, 0:DIPLO_STATE_WAR_WITH_MAJOR, 0:DIPLO_STATE_WAR_WITH_MAJOR, 0:DIPLO_STATE_WAR_WITH_MAJOR, 0:DIPLO_STATE_MINOR_MINOR, 0:DIPLO_STATE_MINOR_MINOR,, 0:DIPLO_STATE_MINOR_MINOR,, 0:DIPLO_STATE_MINOR_MINOR, 0:DIPLO_STATE_MINOR_MINOR, 0:DIPLO_STATE_MINOR_MINOR_WAR,, 0:DIPLO_STATE_MINOR_MINOR, 0:DIPLO_STATE_MINOR_MINOR, 0:DIPLO_STATE_MINOR_MINOR,,,,,,,,,,,,,,,,,,,,,,,,,,,,,,,,,,,,,,,,,, 0:
52, 14, Threat and Trust,, 18.95:8:0.00, 10.16:9:0.00, 25.95:6:0.00, 10.16:9:0.00, 21.41:7:0.00, 127.61:3:0.00, 119.80:5:0.00, 120.05:4:0.00, 144.45:1:0.00, 137.00:2:0.00, 0.00:11:0.00, 0.00:11:0.00,, 0.00:11:0.00,, 0.00:11:0.00, 0.00:11:0.00, 0.00:11:0.00,, 0.00:11:0.00, 0.00:11:0.00, 0.00:11:0.00,,,,,,,,,,,,,,,,,,,,,,,,,,,,,,,,,,,,,,,,,, 0.00:11:0.00
52, 15, ,, 0:DIPLO_STATE_AWARE, 1:DIPLO_STATE_PATRON, 3:DIPLO_STATE_PATRON, 2:DIPLO_STATE_PATRON, 1:DIPLO_STATE_PATRON, 0:DIPLO_STATE_WAR_WITH_MAJOR, 0:DIPLO_STATE_WAR_WITH_MAJOR, 0:DIPLO_STATE_WAR_WITH_MAJOR, 0:DIPLO_STATE_WAR_WITH_MAJOR, 0:DIPLO_STATE_WAR_WITH_MAJOR, 0:DIPLO_STATE_MINOR_MINOR,,,, 0:DIPLO_STATE_MINOR_MINOR,, 0:DIPLO_STATE_MINOR_MINOR, 0:DIPLO_STATE_MINOR_MINOR_WAR,,, 0:DIPLO_STATE_MINOR_MINOR,,,,,,,,,,,,,,,,,,,,,,,,,,,,,,,,,,,,,,,,,,, 0:
52, 15, Threat and Trust,, 10.16:7:0.00, 10.16:7:0.00, 17.16:6:0.00, 10.16:7:0.00, 10.16:7:0.00, 118.80:3:0.00, 111.00:5:0.00, 111.25:4:0.00, 135.66:1:0.00, 128.20:2:0.00, 0.00:11:0.00,,,, 0.00:11:0.00,, 0.00:11:0.00, 0.00:11:0.00,,, 0.00:11:0.00,,,,,,,,,,,,,,,,,,,,,,,,,,,,,,,,,,,,,,,,,,, 0.00:11:0.00
52, 17, ,, 0:DIPLO_STATE_WAR_WITH_MAJOR, 3:DIPLO_STATE_WAR_WITH_MAJOR, 3:DIPLO_STATE_WAR_WITH_MAJOR, 4:DIPLO_STATE_WAR_WITH_MAJOR, 1:DIPLO_STATE_WAR_WITH_MAJOR, 1:DIPLO_STATE_PATRON, 6:DIPLO_STATE_PATRON, 1:DIPLO_STATE_PATRON, 1:DIPLO_STATE_PATRON, 3:DIPLO_STATE_PATRON, 0:DIPLO_STATE_MINOR_MINOR,, 0:DIPLO_STATE_MINOR_MINOR_WAR, 0:DIPLO_STATE_MINOR_MINOR_WAR, 0:DIPLO_STATE_MINOR_MINOR_WAR, 0:DIPLO_STATE_MINOR_MINOR_WAR, 0:DIPLO_STATE_MINOR_MINOR_WAR,,,, 0:DIPLO_STATE_MINOR_MINOR_WAR, 0:DIPLO_STATE_MINOR_MINOR_WAR,,,,,,,,,,,,,,,,,,,,,,,,,,,,,,,,,,,,,,,,,, 0:
52, 17, Threat and Trust,, 10.16:7:0.00, 10.16:7:0.00, 17.75:6:0.00, 10.16:7:0.00, 10.16:7:0.00, 119.41:3:0.00, 111.61:5:0.00, 111.86:4:0.00, 136.25:1:0.00, 128.80:2:0.00, 0.00:11:0.00,, 0.00:11:0.00, 0.00:11:0.00, 0.00:11:0.00, 0.00:11:0.00, 0.00:11:0.00,,,, 0.00:11:0.00, 0.00:11:0.00,,,,,,,,,,,,,,,,,,,,,,,,,,,,,,,,,,,,,,,,,, 0.00:11:0.00
52, 20, ,, 2:DIPLO_STATE_PATRON, 2:DIPLO_STATE_PATRON, 0:DIPLO_STATE_AWARE, 2:DIPLO_STATE_PATRON, 3:DIPLO_STATE_PATRON, 0:DIPLO_STATE_WAR_WITH_MAJOR, 0:DIPLO_STATE_WAR_WITH_MAJOR, 0:DIPLO_STATE_WAR_WITH_MAJOR, 0:DIPLO_STATE_WAR_WITH_MAJOR, 0:DIPLO_STATE_WAR_WITH_MAJOR, 0:DIPLO_STATE_MINOR_MINOR, 0:DIPLO_STATE_MINOR_MINOR,,, 0:DIPLO_STATE_MINOR_MINOR, 0:DIPLO_STATE_MINOR_MINOR, 0:DIPLO_STATE_MINOR_MINOR, 0:DIPLO_STATE_MINOR_MINOR_WAR,,,,,,,,,,,,,,,,,,,,,,,,,,,,,,,,,,,,,,,,,,,,,, 0:
52, 20, Threat and Trust,, 10.16:7:0.00, 10.16:7:0.00, 16.00:6:0.00, 10.16:7:0.00, 10.16:7:0.00, 117.66:3:0.00, 109.86:5:0.00, 110.11:4:0.00, 134.50:1:0.00, 127.05:2:0.00, 0.00:11:0.00, 0.00:11:0.00,,, 0.00:11:0.00, 0.00:11:0.00, 0.00:11:0.00, 0.00:11:0.00,,,,,,,,,,,,,,,,,,,,,,,,,,,,,,,,,,,,,,,,,,,,,, 0.00:11:0.00
52, 21, ,, 4:DIPLO_STATE_PATRON, 3:DIPLO_STATE_PATRON, 0:DIPLO_STATE_AWARE, 0:DIPLO_STATE_AWARE, 3:DIPLO_STATE_PATRON, 1:DIPLO_STATE_WAR_WITH_MAJOR, 0:DIPLO_STATE_WAR_WITH_MAJOR, 1:DIPLO_STATE_WAR_WITH_MAJOR, 2:DIPLO_STATE_WAR_WITH_MAJOR, 0:DIPLO_STATE_WAR_WITH_MAJOR, 0:DIPLO_STATE_MINOR_MINOR,, 0:DIPLO_STATE_MINOR_MINOR,, 0:DIPLO_STATE_MINOR_MINOR,, 0:DIPLO_STATE_MINOR_MINOR, 0:DIPLO_STATE_MINOR_MINOR_WAR,,,,,,,,,,,,,,,,,,,,,,,,,,,,,,,,,,,,,,,,,,,,,, 0:
52, 21, Threat and Trust,, 10.16:6:0.00, 10.16:6:0.00, 10.16:6:0.00, 10.16:6:0.00, 10.16:6:0.00, 111.61:3:0.00, 103.80:5:0.00, 104.05:4:0.00, 128.45:1:0.00, 121.00:2:0.00, 0.00:11:0.00,, 0.00:11:0.00,, 0.00:11:0.00,, 0.00:11:0.00, 0.00:11:0.00,,,,,,,,,,,,,,,,,,,,,,,,,,,,,,,,,,,,,,,,,,,,,, 0.00:11:0.00
52, 62, ,, 0:DIPLO_STATE_FREE_CITIES_NEUTRAL, 0:DIPLO_STATE_FREE_CITIES_NEUTRAL, 0:DIPLO_STATE_FREE_CITIES_NEUTRAL, 0:DIPLO_STATE_FREE_CITIES_NEUTRAL, 0:DIPLO_STATE_FREE_CITIES_NEUTRAL, 0:DIPLO_STATE_FREE_CITIES_NEUTRAL, 0:DIPLO_STATE_FREE_CITIES_NEUTRAL, 0:DIPLO_STATE_FREE_CITIES_NEUTRAL, 0:DIPLO_STATE_FREE_CITIES_NEUTRAL, 0:DIPLO_STATE_FREE_CITIES_NEUTRAL,,,,,,,,,,,,,,,,,,,,,,,,,,,,,,,,,,,,,,,,,,,,,,,,,,,,,,
52, 62, Threat and Trust,, 21.16:8:0.00, 16.00:9:0.00, 28.16:6:0.00, 10.16:10:0.00, 23.61:7:0.00, 129.80:3:0.00, 122.00:5:0.00, 122.25:4:0.00, 146.66:1:0.00, 139.20:2:0.00,,,,,,,,,,,,,,,,,,,,,,,,,,,,,,,,,,,,,,,,,,,,,,,,,,,,,,
52, 63, ,, 0:, 0:, 0:, 0:, 0:, 0:, 0:, 0:, 0:, 0:, 0:, 0:, 0:, 0:, 0:, 0:, 0:, 0:, 0:, 0:, 0:, 0:,,,,,,,,,,,,,,,,,,,,,,,,,,,,,,,,,,,,,,,,,,
52, 63, Threat and Trust,, 0.00:1:0.00, 0.00:1:0.00, 0.00:1:0.00, 0.00:1:0.00, 0.00:1:0.00, 0.00:1:0.00, 0.00:1:0.00, 0.00:1:0.00, 0.00:1:0.00, 0.00:1:0.00, 0.00:1:0.00, 0.00:1:0.00, 0.00:1:0.00, 0.00:1:0.00, 0.00:1:0.00, 0.00:1:0.00, 0.00:1:0.00, 0.00:1:0.00, 0.00:1:0.00, 0.00:1:0.00, 0.00:1:0.00, 0.00:1:0.00,,,,,,,,,,,,,,,,,,,,,,,,,,,,,,,,,,,,,,,,,,
52, 0, ,,, 20:DIPLO_STATE_ALLIED, 26:DIPLO_STATE_ALLIED, 10:DIPLO_STATE_ALLIED, 50:DIPLO_STATE_ALLIED, 8:DIPLO_STATE_WAR, -5:DIPLO_STATE_WAR, 1:DIPLO_STATE_WAR, 1:DIPLO_STATE_WAR, -5:DIPLO_STATE_WAR, 0:DIPLO_STATE_NO_INFLUENCE, 0:DIPLO_STATE_NO_INFLUENCE, 1:DIPLO_STATE_INFLUENTIAL, 0:DIPLO_STATE_NO_INFLUENCE, 2:DIPLO_STATE_INFLUENTIAL, 0:DIPLO_STATE_NO_INFLUENCE, 0:DIPLO_STATE_NO_INFLUENCE, 0:DIPLO_STATE_WAR_WITH_MINOR, 0:DIPLO_STATE_NO_INFLUENCE, 0:DIPLO_STATE_NO_INFLUENCE, 2:DIPLO_STATE_INFLUENTIAL, 4:DIPLO_STATE_MAX_INFLUENCE,,,,,,,,,,,,,,,,,,,,,,,,,,,,,,,,,,,,,,,,, 0:DIPLO_STATE_FREE_CITIES_NEUTRAL, 0:
52, 0, Threat and Trust,,, 10.16:7:10.00, 10.16:7:8.00, 10.16:7:13.00, 10.16:7:17.00, 150.10:1:-10.00, 108.91:5:-5.00, 109.16:4:0.00, 133.55:2:-5.00, 126.11:3:2.00, 0.00:11:0.00, 0.00:11:0.00, 0.00:11:0.00, 0.00:11:0.00, 0.00:11:0.00, 0.00:11:0.00, 0.00:11:0.00, 0.00:11:0.00, 0.00:11:0.00, 0.00:11:0.00, 0.00:11:0.00, 0.00:11:0.00,,,,,,,,,,,,,,,,,,,,,,,,,,,,,,,,,,,,,,,,, 0.00:11:0.00, 0.00:11:0.00
52, 1, ,, 55:DIPLO_STATE_ALLIED,, 53:DIPLO_STATE_ALLIED, 48:DIPLO_STATE_ALLIED, 36:DIPLO_STATE_ALLIED, -6:DIPLO_STATE_WAR, -13:DIPLO_STATE_WAR, -13:DIPLO_STATE_WAR, -9:DIPLO_STATE_WAR, 2:DIPLO_STATE_WAR, 3:DIPLO_STATE_INFLUENTIAL, 0:DIPLO_STATE_NO_INFLUENCE, 3:DIPLO_STATE_MAX_INFLUENCE, 4:DIPLO_STATE_MAX_INFLUENCE, 0:DIPLO_STATE_NO_INFLUENCE, 1:DIPLO_STATE_INFLUENTIAL, 0:DIPLO_STATE_NO_INFLUENCE, 3:DIPLO_STATE_WAR_WITH_MINOR, 0:DIPLO_STATE_NO_INFLUENCE, 0:DIPLO_STATE_NO_INFLUENCE, 2:DIPLO_STATE_INFLUENTIAL, 3:DIPLO_STATE_INFLUENTIAL,,,,,,,,,,,,,,,,,,,,,,,,,,,,,,,,,,,,,,,,, 0:DIPLO_STATE_FREE_CITIES_NEUTRAL, 0:
52, 1, Threat and Trust,, 17.25:8:10.00,, 22.16:6:8.00, 10.16:9:12.00, 17.61:7:14.00, 123.80:3:-10.00, 116.00:5:-5.00, 116.25:4:0.00, 140.66:1:-5.00, 133.20:2:2.00, 0.00:11:0.00, 0.00:11:0.00, 0.00:11:0.00, 0.00:11:0.00, 0.00:11:0.00, 0.00:11:0.00, 0.00:11:0.00, 0.00:11:0.00, 0.00:11:0.00, 0.00:11:0.00, 0.00:11:0.00, 0.00:11:0.00,,,,,,,,,,,,,,,,,,,,,,,,,,,,,,,,,,,,,,,,, 0.00:11:0.00, 0.00:11:0.00
52, 2, ,, 42:DIPLO_STATE_ALLIED, 9:DIPLO_STATE_ALLIED,, 54:DIPLO_STATE_ALLIED, 50:DIPLO_STATE_ALLIED, -1:DIPLO_STATE_WAR, 5:DIPLO_STATE_WAR, -1:DIPLO_STATE_WAR, 18:DIPLO_STATE_WAR, 13:DIPLO_STATE_WAR, 3:DIPLO_STATE_INFLUENTIAL, 0:DIPLO_STATE_NO_INFLUENCE, 0:DIPLO_STATE_NO_INFLUENCE, 0:DIPLO_STATE_NO_INFLUENCE, 1:DIPLO_STATE_INFLUENTIAL, 3:DIPLO_STATE_MAX_INFLUENCE, 0:DIPLO_STATE_NO_INFLUENCE, 3:DIPLO_STATE_WAR_WITH_MINOR, 0:DIPLO_STATE_NO_INFLUENCE, 0:DIPLO_STATE_NO_INFLUENCE, 0:DIPLO_STATE_NO_INFLUENCE, 0:DIPLO_STATE_NO_INFLUENCE,,,,,,,,,,,,,,,,,,,,,,,,,,,,,,,,,,,,,,,,, 0:DIPLO_STATE_FREE_CITIES_NEUTRAL, 0:
52, 2, Threat and Trust,, 10.16:6:10.00, 10.16:6:9.00,, 10.16:6:13.00, 10.16:6:18.00, 107.11:3:-10.00, 99.30:5:-5.00, 99.55:4:0.00, 123.95:1:-5.00, 116.50:2:0.00, 0.00:11:0.00, 0.00:11:0.00, 0.00:11:0.00, 0.00:11:0.00, 0.00:11:0.00, 0.00:11:0.00, 0.00:11:0.00, 0.00:11:0.00, 0.00:11:0.00, 0.00:11:0.00, 0.00:11:0.00, 0.00:11:0.00,,,,,,,,,,,,,,,,,,,,,,,,,,,,,,,,,,,,,,,,, 0.00:11:0.00, 0.00:11:0.00
52, 3, ,, 23:DIPLO_STATE_ALLIED, 42:DIPLO_STATE_ALLIED, 54:DIPLO_STATE_ALLIED,, 30:DIPLO_STATE_ALLIED, -19:DIPLO_STATE_WAR, -5:DIPLO_STATE_WAR, -11:DIPLO_STATE_WAR, -6:DIPLO_STATE_WAR, -6:DIPLO_STATE_WAR, 0:DIPLO_STATE_NO_INFLUENCE, 0:DIPLO_STATE_NO_INFLUENCE, 1:DIPLO_STATE_INFLUENTIAL, 2:DIPLO_STATE_INFLUENTIAL, 0:DIPLO_STATE_NO_INFLUENCE, 2:DIPLO_STATE_INFLUENTIAL, 0:DIPLO_STATE_NO_INFLUENCE, 4:DIPLO_STATE_WAR_WITH_MINOR, 0:DIPLO_STATE_NO_INFLUENCE, 0:DIPLO_STATE_NO_INFLUENCE, 2:DIPLO_STATE_INFLUENTIAL, 0:DIPLO_STATE_NO_INFLUENCE,,,,,,,,,,,,,,,,,,,,,,,,,,,,,,,,,,,,,,,,, 0:DIPLO_STATE_FREE_CITIES_NEUTRAL, 0:
52, 3, Threat and Trust,, 19.75:8:14.00, 10.16:9:11.00, 29.36:6:11.00,, 20.11:7:20.00, 126.30:3:-10.00, 118.50:5:-5.00, 118.75:4:0.00, 143.16:1:-5.00, 135.70:2:0.00, 0.00:11:0.00, 0.00:11:0.00, 0.00:11:0.00, 0.00:11:0.00, 0.00:11:0.00, 0.00:11:0.00, 0.00:11:0.00, 0.00:11:0.00, 0.00:11:0.00, 0.00:11:0.00, 0.00:11:0.00, 0.00:11:0.00,,,,,,,,,,,,,,,,,,,,,,,,,,,,,,,,,,,,,,,,, 0.00:11:0.00, 0.00:11:0.00
52, 4, ,, 59:DIPLO_STATE_ALLIED, -2:DIPLO_STATE_ALLIED, 27:DIPLO_STATE_ALLIED, 7:DIPLO_STATE_ALLIED,, 6:DIPLO_STATE_WAR, -7:DIPLO_STATE_WAR, -7:DIPLO_STATE_WAR, 1:DIPLO_STATE_WAR, 1:DIPLO_STATE_WAR, 3:DIPLO_STATE_INFLUENTIAL, 0:DIPLO_STATE_NO_INFLUENCE, 1:DIPLO_STATE_INFLUENTIAL, 0:DIPLO_STATE_NO_INFLUENCE, 3:DIPLO_STATE_MAX_INFLUENCE, 1:DIPLO_STATE_INFLUENTIAL, 0:DIPLO_STATE_NO_INFLUENCE, 1:DIPLO_STATE_WAR_WITH_MINOR, 0:DIPLO_STATE_NO_INFLUENCE, 0:DIPLO_STATE_NO_INFLUENCE, 3:DIPLO_STATE_MAX_INFLUENCE, 3:DIPLO_STATE_INFLUENTIAL,,,,,,,,,,,,,,,,,,,,,,,,,,,,,,,,,,,,,,,,, 0:DIPLO_STATE_FREE_CITIES_NEUTRAL, 0:
52, 4, Threat and Trust,, 10.16:7:15.00, 10.16:7:15.00, 15.20:6:18.00, 10.16:7:22.00,, 112.16:3:-10.00, 104.36:5:-5.00, 104.61:4:2.00, 129.00:2:-5.00, 188.55:1:0.00, 0.00:11:0.00, 0.00:11:0.00, 0.00:11:0.00, 0.00:11:0.00, 0.00:11:0.00, 0.00:11:0.00, 0.00:11:0.00, 0.00:11:0.00, 0.00:11:0.00, 0.00:11:0.00, 0.00:11:0.00, 0.00:11:0.00,,,,,,,,,,,,,,,,,,,,,,,,,,,,,,,,,,,,,,,,, 0.00:11:0.00, 0.00:11:0.00
52, 3, ,, 23:DIPLO_STATE_ALLIED, 42:DIPLO_STATE_ALLIED, 54:DIPLO_STATE_ALLIED,, 30:DIPLO_STATE_ALLIED, -19:DIPLO_STATE_WAR, -5:DIPLO_STATE_WAR, -11:DIPLO_STATE_WAR, -6:DIPLO_STATE_WAR, -6:DIPLO_STATE_WAR, 0:DIPLO_STATE_NO_INFLUENCE, 0:DIPLO_STATE_NO_INFLUENCE, 1:DIPLO_STATE_INFLUENTIAL, 2:DIPLO_STATE_INFLUENTIAL, 0:DIPLO_STATE_NO_INFLUENCE, 2:DIPLO_STATE_INFLUENTIAL, 0:DIPLO_STATE_NO_INFLUENCE, 4:DIPLO_STATE_WAR_WITH_MINOR, 0:DIPLO_STATE_NO_INFLUENCE, 0:DIPLO_STATE_NO_INFLUENCE, 2:DIPLO_STATE_INFLUENTIAL, 0:DIPLO_STATE_NO_INFLUENCE,,,,,,,,,,,,,,,,,,,,,,,,,,,,,,,,,,,,,,,,, 0:DIPLO_STATE_FREE_CITIES_NEUTRAL, 0:
52, 3, Threat and Trust,, 19.75:8:14.00, 10.16:9:11.00, 29.36:6:11.00,, 20.11:7:20.00, 126.30:3:-10.00, 118.50:5:-5.00, 118.75:4:0.00, 143.16:1:-5.00, 135.70:2:0.00, 0.00:11:0.00, 0.00:11:0.00, 0.00:11:0.00, 0.00:11:0.00, 0.00:11:0.00, 0.00:11:0.00, 0.00:11:0.00, 0.00:11:0.00, 0.00:11:0.00, 0.00:11:0.00, 0.00:11:0.00, 0.00:11:0.00,,,,,,,,,,,,,,,,,,,,,,,,,,,,,,,,,,,,,,,,, 0.00:11:0.00, 0.00:11:0.00
52, 0, ,,, 20:DIPLO_STATE_ALLIED, 26:DIPLO_STATE_ALLIED, 10:DIPLO_STATE_ALLIED, 50:DIPLO_STATE_ALLIED, 8:DIPLO_STATE_WAR, -5:DIPLO_STATE_WAR, 1:DIPLO_STATE_WAR, 1:DIPLO_STATE_WAR, -5:DIPLO_STATE_WAR, 0:DIPLO_STATE_NO_INFLUENCE, 0:DIPLO_STATE_NO_INFLUENCE, 1:DIPLO_STATE_INFLUENTIAL, 0:DIPLO_STATE_NO_INFLUENCE, 2:DIPLO_STATE_INFLUENTIAL, 0:DIPLO_STATE_NO_INFLUENCE, 0:DIPLO_STATE_NO_INFLUENCE, 0:DIPLO_STATE_WAR_WITH_MINOR, 0:DIPLO_STATE_NO_INFLUENCE, 0:DIPLO_STATE_NO_INFLUENCE, 2:DIPLO_STATE_INFLUENTIAL, 4:DIPLO_STATE_MAX_INFLUENCE,,,,,,,,,,,,,,,,,,,,,,,,,,,,,,,,,,,,,,,,, 0:DIPLO_STATE_FREE_CITIES_NEUTRAL, 0:
52, 0, Threat and Trust,,, 10.16:7:10.00, 10.16:7:8.00, 10.16:7:13.00, 10.16:7:17.00, 150.10:1:-10.00, 108.91:5:-5.00, 109.16:4:0.00, 133.55:2:-5.00, 126.11:3:2.00, 0.00:11:0.00, 0.00:11:0.00, 0.00:11:0.00, 0.00:11:0.00, 0.00:11:0.00, 0.00:11:0.00, 0.00:11:0.00, 0.00:11:0.00, 0.00:11:0.00, 0.00:11:0.00, 0.00:11:0.00, 0.00:11:0.00,,,,,,,,,,,,,,,,,,,,,,,,,,,,,,,,,,,,,,,,, 0.00:11:0.00, 0.00:11:0.00
52, 2, ,, 42:DIPLO_STATE_ALLIED, 9:DIPLO_STATE_ALLIED,, 54:DIPLO_STATE_ALLIED, 50:DIPLO_STATE_ALLIED, -1:DIPLO_STATE_WAR, 5:DIPLO_STATE_WAR, -1:DIPLO_STATE_WAR, 18:DIPLO_STATE_WAR, 13:DIPLO_STATE_WAR, 3:DIPLO_STATE_INFLUENTIAL, 0:DIPLO_STATE_NO_INFLUENCE, 0:DIPLO_STATE_NO_INFLUENCE, 0:DIPLO_STATE_NO_INFLUENCE, 1:DIPLO_STATE_INFLUENTIAL, 3:DIPLO_STATE_MAX_INFLUENCE, 0:DIPLO_STATE_NO_INFLUENCE, 3:DIPLO_STATE_WAR_WITH_MINOR, 0:DIPLO_STATE_NO_INFLUENCE, 0:DIPLO_STATE_NO_INFLUENCE, 0:DIPLO_STATE_NO_INFLUENCE, 0:DIPLO_STATE_NO_INFLUENCE,,,,,,,,,,,,,,,,,,,,,,,,,,,,,,,,,,,,,,,,, 0:DIPLO_STATE_FREE_CITIES_NEUTRAL, 0:
52, 2, Threat and Trust,, 10.16:6:10.00, 10.16:6:9.00,, 10.16:6:13.00, 10.16:6:18.00, 107.11:3:-10.00, 99.30:5:-5.00, 99.55:4:0.00, 123.95:1:-5.00, 116.50:2:0.00, 0.00:11:0.00, 0.00:11:0.00, 0.00:11:0.00, 0.00:11:0.00, 0.00:11:0.00, 0.00:11:0.00, 0.00:11:0.00, 0.00:11:0.00, 0.00:11:0.00, 0.00:11:0.00, 0.00:11:0.00, 0.00:11:0.00,,,,,,,,,,,,,,,,,,,,,,,,,,,,,,,,,,,,,,,,, 0.00:11:0.00, 0.00:11:0.00
52, 0, ,,, 20:DIPLO_STATE_ALLIED, 26:DIPLO_STATE_ALLIED, 10:DIPLO_STATE_ALLIED, 50:DIPLO_STATE_ALLIED, 8:DIPLO_STATE_WAR, -5:DIPLO_STATE_WAR, 1:DIPLO_STATE_WAR, 1:DIPLO_STATE_WAR, -5:DIPLO_STATE_WAR, 0:DIPLO_STATE_NO_INFLUENCE, 0:DIPLO_STATE_NO_INFLUENCE, 1:DIPLO_STATE_INFLUENTIAL, 0:DIPLO_STATE_NO_INFLUENCE, 2:DIPLO_STATE_INFLUENTIAL, 0:DIPLO_STATE_NO_INFLUENCE, 0:DIPLO_STATE_NO_INFLUENCE, 0:DIPLO_STATE_WAR_WITH_MINOR, 0:DIPLO_STATE_NO_INFLUENCE, 0:DIPLO_STATE_NO_INFLUENCE, 2:DIPLO_STATE_INFLUENTIAL, 4:DIPLO_STATE_MAX_INFLUENCE,,,,,,,,,,,,,,,,,,,,,,,,,,,,,,,,,,,,,,,,, 0:DIPLO_STATE_FREE_CITIES_NEUTRAL, 0:
52, 0, Threat and Trust,,, 10.16:7:10.00, 10.16:7:8.00, 10.16:7:13.00, 10.16:7:17.00, 150.10:1:-10.00, 108.91:5:-5.00, 109.16:4:0.00, 133.55:2:-5.00, 126.11:3:2.00, 0.00:11:0.00, 0.00:11:0.00, 0.00:11:0.00, 0.00:11:0.00, 0.00:11:0.00, 0.00:11:0.00, 0.00:11:0.00, 0.00:11:0.00, 0.00:11:0.00, 0.00:11:0.00, 0.00:11:0.00, 0.00:11:0.00,,,,,,,,,,,,,,,,,,,,,,,,,,,,,,,,,,,,,,,,, 0.00:11:0.00, 0.00:11:0.00
52, 1, ,, 55:DIPLO_STATE_ALLIED,, 53:DIPLO_STATE_ALLIED, 48:DIPLO_STATE_ALLIED, 36:DIPLO_STATE_ALLIED, -6:DIPLO_STATE_WAR, -13:DIPLO_STATE_WAR, -13:DIPLO_STATE_WAR, -9:DIPLO_STATE_WAR, 2:DIPLO_STATE_WAR, 3:DIPLO_STATE_INFLUENTIAL, 0:DIPLO_STATE_NO_INFLUENCE, 3:DIPLO_STATE_MAX_INFLUENCE, 4:DIPLO_STATE_MAX_INFLUENCE, 0:DIPLO_STATE_NO_INFLUENCE, 1:DIPLO_STATE_INFLUENTIAL, 0:DIPLO_STATE_NO_INFLUENCE, 3:DIPLO_STATE_WAR_WITH_MINOR, 0:DIPLO_STATE_NO_INFLUENCE, 0:DIPLO_STATE_NO_INFLUENCE, 2:DIPLO_STATE_INFLUENTIAL, 3:DIPLO_STATE_INFLUENTIAL,,,,,,,,,,,,,,,,,,,,,,,,,,,,,,,,,,,,,,,,, 0:DIPLO_STATE_FREE_CITIES_NEUTRAL, 0:
52, 1, Threat and Trust,, 17.25:8:10.00,, 22.16:6:8.00, 10.16:9:12.00, 17.61:7:14.00, 123.80:3:-10.00, 116.00:5:-5.00, 116.25:4:0.00, 140.66:1:-5.00, 133.20:2:2.00, 0.00:11:0.00, 0.00:11:0.00, 0.00:11:0.00, 0.00:11:0.00, 0.00:11:0.00, 0.00:11:0.00, 0.00:11:0.00, 0.00:11:0.00, 0.00:11:0.00, 0.00:11:0.00, 0.00:11:0.00, 0.00:11:0.00,,,,,,,,,,,,,,,,,,,,,,,,,,,,,,,,,,,,,,,,, 0.00:11:0.00, 0.00:11:0.00
53, 5, ,, -47:DIPLO_STATE_WAR, -60:DIPLO_STATE_WAR, -56:DIPLO_STATE_WAR, -67:DIPLO_STATE_WAR, -34:DIPLO_STATE_WAR,, 12:DIPLO_STATE_ALLIED, 24:DIPLO_STATE_ALLIED, 22:DIPLO_STATE_ALLIED, 22:DIPLO_STATE_ALLIED, 4:DIPLO_STATE_INFLUENTIAL, 0:DIPLO_STATE_WAR_WITH_MINOR, 0:DIPLO_STATE_WAR_WITH_MINOR, 0:DIPLO_STATE_WAR_WITH_MINOR, 0:DIPLO_STATE_WAR_WITH_MINOR, 0:DIPLO_STATE_WAR_WITH_MINOR, 0:DIPLO_STATE_WAR_WITH_MINOR, 1:DIPLO_STATE_INFLUENTIAL, 0:DIPLO_STATE_WAR_WITH_MINOR, 0:DIPLO_STATE_WAR_WITH_MINOR, 0:DIPLO_STATE_WAR_WITH_MINOR, 1:DIPLO_STATE_INFLUENTIAL,,,,,,,,,,,,,,,,,,,,,,,,,,,,,,,,,,,,,,,,, 0:DIPLO_STATE_FREE_CITIES_NEUTRAL, 0:
53, 5, Threat and Trust,, 10.16:6:2.00, 10.16:6:1.00, 10.16:6:2.00, 10.16:6:2.00, 10.16:6:6.00,, 60.16:4:-5.00, 60.16:4:1.00, 80.00:2:-5.00, 72.55:3:2.00, 0.00:11:0.00, 0.00:11:0.00, 0.00:11:0.00, 0.00:11:0.00, 0.00:11:0.00, 0.00:11:0.00, 0.00:11:0.00, 0.00:11:0.00, 0.00:11:0.00, 0.00:11:0.00, 0.00:11:0.00, 0.00:11:0.00,,,,,,,,,,,,,,,,,,,,,,,,,,,,,,,,,,,,,,,,, 0.00:11:0.00, 0.00:11:0.00
53, 6, ,, -73:DIPLO_STATE_WAR, -73:DIPLO_STATE_WAR, -73:DIPLO_STATE_WAR, -83:DIPLO_STATE_WAR, -78:DIPLO_STATE_WAR, -14:DIPLO_STATE_ALLIED,, 15:DIPLO_STATE_ALLIED, 9:DIPLO_STATE_ALLIED, 1:DIPLO_STATE_ALLIED, 4:DIPLO_STATE_INFLUENTIAL, 0:DIPLO_STATE_WAR_WITH_MINOR, 0:DIPLO_STATE_WAR_WITH_MINOR, 0:DIPLO_STATE_WAR_WITH_MINOR, 0:DIPLO_STATE_WAR_WITH_MINOR, 0:DIPLO_STATE_WAR_WITH_MINOR, 0:DIPLO_STATE_WAR_WITH_MINOR, 6:DIPLO_STATE_MAX_INFLUENCE, 0:DIPLO_STATE_WAR_WITH_MINOR, 0:DIPLO_STATE_WAR_WITH_MINOR, 0:DIPLO_STATE_WAR_WITH_MINOR, 0:DIPLO_STATE_NO_INFLUENCE,,,,,,,,,,,,,,,,,,,,,,,,,,,,,,,,,,,,,,,,, 0:DIPLO_STATE_FREE_CITIES_NEUTRAL, 0:
53, 6, Threat and Trust,, 10.16:6:2.00, 10.16:6:1.00, 10.16:6:2.00, 10.16:6:2.00, 10.16:6:6.00, 60.16:3:-10.00,, 60.16:3:1.00, 84.70:1:-5.00, 77.25:2:2.00, 0.00:11:0.00, 0.00:11:0.00, 0.00:11:0.00, 0.00:11:0.00, 0.00:11:0.00, 0.00:11:0.00, 0.00:11:0.00, 0.00:11:0.00, 0.00:11:0.00, 0.00:11:0.00, 0.00:11:0.00, 0.00:11:0.00,,,,,,,,,,,,,,,,,,,,,,,,,,,,,,,,,,,,,,,,, 0.00:11:0.00, 0.00:11:0.00
53, 7, ,, -80:DIPLO_STATE_WAR, -81:DIPLO_STATE_WAR, -84:DIPLO_STATE_WAR, -98:DIPLO_STATE_WAR, -78:DIPLO_STATE_WAR, -6:DIPLO_STATE_ALLIED, 8:DIPLO_STATE_ALLIED,, 10:DIPLO_STATE_ALLIED, 8:DIPLO_STATE_ALLIED, 2:DIPLO_STATE_INFLUENTIAL, 0:DIPLO_STATE_WAR_WITH_MINOR, 0:DIPLO_STATE_WAR_WITH_MINOR, 0:DIPLO_STATE_WAR_WITH_MINOR, 0:DIPLO_STATE_WAR_WITH_MINOR, 0:DIPLO_STATE_WAR_WITH_MINOR, 0:DIPLO_STATE_WAR_WITH_MINOR, 1:DIPLO_STATE_INFLUENTIAL, 0:DIPLO_STATE_WAR_WITH_MINOR, 0:DIPLO_STATE_WAR_WITH_MINOR, 0:DIPLO_STATE_WAR_WITH_MINOR, 1:DIPLO_STATE_INFLUENTIAL,,,,,,,,,,,,,,,,,,,,,,,,,,,,,,,,,,,,,,,,, 0:DIPLO_STATE_FREE_CITIES_NEUTRAL, 0:
53, 7, Threat and Trust,, 10.16:6:5.00, 10.16:6:2.00, 10.16:6:2.00, 10.16:6:6.00, 10.16:6:7.00, 60.16:3:-10.00, 60.16:3:-5.00,, 80.80:1:-5.00, 73.36:2:2.00, 0.00:11:0.00, 0.00:11:0.00, 0.00:11:0.00, 0.00:11:0.00, 0.00:11:0.00, 0.00:11:0.00, 0.00:11:0.00, 0.00:11:0.00, 0.00:11:0.00, 0.00:11:0.00, 0.00:11:0.00, 0.00:11:0.00,,,,,,,,,,,,,,,,,,,,,,,,,,,,,,,,,,,,,,,,, 0.00:11:0.00, 0.00:11:0.00
53, 8, ,, -92:DIPLO_STATE_WAR, -100:DIPLO_STATE_WAR, -72:DIPLO_STATE_WAR, -84:DIPLO_STATE_WAR, -81:DIPLO_STATE_WAR, -2:DIPLO_STATE_ALLIED, 10:DIPLO_STATE_ALLIED, 6:DIPLO_STATE_ALLIED,, 19:DIPLO_STATE_ALLIED, 3:DIPLO_STATE_INFLUENTIAL, 0:DIPLO_STATE_WAR_WITH_MINOR, 0:DIPLO_STATE_WAR_WITH_MINOR, 0:DIPLO_STATE_WAR_WITH_MINOR, 0:DIPLO_STATE_WAR_WITH_MINOR, 0:DIPLO_STATE_WAR_WITH_MINOR, 0:DIPLO_STATE_WAR_WITH_MINOR, 1:DIPLO_STATE_INFLUENTIAL, 0:DIPLO_STATE_WAR_WITH_MINOR, 0:DIPLO_STATE_WAR_WITH_MINOR, 0:DIPLO_STATE_WAR_WITH_MINOR, 2:DIPLO_STATE_INFLUENTIAL,,,,,,,,,,,,,,,,,,,,,,,,,,,,,,,,,,,,,,,,, 0:DIPLO_STATE_FREE_CITIES_NEUTRAL, 0:
53, 8, Threat and Trust,, 10.16:6:2.00, 10.16:6:1.00, 10.16:6:2.00, 10.16:6:2.00, 10.16:6:6.00, 60.16:1:-10.00, 60.16:1:-5.00, 60.16:1:1.00,, 60.16:1:2.00, 0.00:11:0.00, 0.00:11:0.00, 0.00:11:0.00, 0.00:11:0.00, 0.00:11:0.00, 0.00:11:0.00, 0.00:11:0.00, 0.00:11:0.00, 0.00:11:0.00, 0.00:11:0.00, 0.00:11:0.00, 0.00:11:0.00,,,,,,,,,,,,,,,,,,,,,,,,,,,,,,,,,,,,,,,,, 0.00:11:0.00, 0.00:11:0.00
53, 9, ,, -78:DIPLO_STATE_WAR, -83:DIPLO_STATE_WAR, -65:DIPLO_STATE_WAR, -68:DIPLO_STATE_WAR, -58:DIPLO_STATE_WAR, -11:DIPLO_STATE_ALLIED, 9:DIPLO_STATE_ALLIED, 1:DIPLO_STATE_ALLIED, 2:DIPLO_STATE_ALLIED,, 3:DIPLO_STATE_INFLUENTIAL, 0:DIPLO_STATE_WAR_WITH_MINOR, 0:DIPLO_STATE_WAR_WITH_MINOR, 0:DIPLO_STATE_WAR_WITH_MINOR, 0:DIPLO_STATE_WAR_WITH_MINOR, 0:DIPLO_STATE_WAR_WITH_MINOR, 0:DIPLO_STATE_WAR_WITH_MINOR, 4:DIPLO_STATE_INFLUENTIAL, 0:DIPLO_STATE_WAR_WITH_MINOR, 0:DIPLO_STATE_WAR_WITH_MINOR, 0:DIPLO_STATE_WAR_WITH_MINOR, 0:DIPLO_STATE_NO_INFLUENCE,,,,,,,,,,,,,,,,,,,,,,,,,,,,,,,,,,,,,,,,, 0:DIPLO_STATE_FREE_CITIES_NEUTRAL, 0:
53, 9, Threat and Trust,, 10.16:6:7.00, 10.16:6:3.00, 10.16:6:3.00, 10.16:6:5.00, 10.16:6:3.00, 60.16:3:-10.00, 60.16:3:-5.00, 60.16:3:1.00, 74.95:2:-5.00,, 0.00:11:0.00, 0.00:11:0.00, 0.00:11:0.00, 0.00:11:0.00, 0.00:11:0.00, 0.00:11:0.00, 0.00:11:0.00, 0.00:11:0.00, 0.00:11:0.00, 0.00:11:0.00, 0.00:11:0.00, 0.00:11:0.00,,,,,,,,,,,,,,,,,,,,,,,,,,,,,,,,,,,,,,,,, 0.00:11:0.00, 0.00:11:0.00
53, 10, ,, 2:DIPLO_STATE_PATRON, 3:DIPLO_STATE_PATRON, 3:DIPLO_STATE_PATRON, 0:DIPLO_STATE_AWARE, 3:DIPLO_STATE_PATRON, 4:DIPLO_STATE_PATRON, 4:DIPLO_STATE_PATRON, 2:DIPLO_STATE_PATRON, 3:DIPLO_STATE_PATRON, 1:DIPLO_STATE_PATRON,,, 0:DIPLO_STATE_MINOR_MINOR, 0:DIPLO_STATE_MINOR_MINOR, 0:DIPLO_STATE_MINOR_MINOR, 0:DIPLO_STATE_MINOR_MINOR,, 0:DIPLO_STATE_MINOR_MINOR,,, 0:DIPLO_STATE_MINOR_MINOR, 0:DIPLO_STATE_MINOR_MINOR,,,,,,,,,,,,,,,,,,,,,,,,,,,,,,,,,,,,,,,,,, 0:
53, 10, Threat and Trust,, 10.16:8:0.00, 10.16:8:0.00, 20.61:6:0.00, 10.16:8:0.00, 15.55:7:0.00, 114.55:3:0.00, 109.86:5:0.00, 113.75:4:0.00, 140.25:1:0.00, 125.45:2:0.00,,, 0.00:11:0.00, 0.00:11:0.00, 0.00:11:0.00, 0.00:11:0.00,, 0.00:11:0.00,,, 0.00:11:0.00, 0.00:11:0.00,,,,,,,,,,,,,,,,,,,,,,,,,,,,,,,,,,,,,,,,,, 0.00:11:0.00
53, 12, ,, 1:DIPLO_STATE_PATRON, 3:DIPLO_STATE_PATRON, 0:DIPLO_STATE_AWARE, 1:DIPLO_STATE_PATRON, 1:DIPLO_STATE_PATRON, 0:DIPLO_STATE_WAR_WITH_MAJOR, 0:DIPLO_STATE_WAR_WITH_MAJOR, 0:DIPLO_STATE_WAR_WITH_MAJOR, 0:DIPLO_STATE_WAR_WITH_MAJOR, 0:DIPLO_STATE_WAR_WITH_MAJOR, 0:DIPLO_STATE_MINOR_MINOR,,,,,,, 0:DIPLO_STATE_MINOR_MINOR_WAR,,,, 0:DIPLO_STATE_MINOR_MINOR,,,,,,,,,,,,,,,,,,,,,,,,,,,,,,,,,,,,,,,,,, 0:
53, 12, Threat and Trust,, 18.30:8:0.00, 10.16:9:0.00, 27.91:6:0.00, 10.16:9:0.00, 22.86:7:0.00, 121.86:3:0.00, 117.16:5:0.00, 121.05:4:0.00, 147.55:1:0.00, 132.75:2:0.00, 0.00:11:0.00,,,,,,, 0.00:11:0.00,,,, 0.00:11:0.00,,,,,,,,,,,,,,,,,,,,,,,,,,,,,,,,,,,,,,,,,, 0.00:11:0.00
53, 13, ,, 0:DIPLO_STATE_AWARE, 4:DIPLO_STATE_PATRON, 0:DIPLO_STATE_AWARE, 2:DIPLO_STATE_PATRON, 0:DIPLO_STATE_AWARE, 0:DIPLO_STATE_WAR_WITH_MAJOR, 0:DIPLO_STATE_WAR_WITH_MAJOR, 0:DIPLO_STATE_WAR_WITH_MAJOR, 0:DIPLO_STATE_WAR_WITH_MAJOR, 0:DIPLO_STATE_WAR_WITH_MAJOR, 0:DIPLO_STATE_MINOR_MINOR,,,, 0:DIPLO_STATE_MINOR_MINOR,, 0:DIPLO_STATE_MINOR_MINOR, 0:DIPLO_STATE_MINOR_MINOR_WAR,,,,,,,,,,,,,,,,,,,,,,,,,,,,,,,,,,,,,,,,,,,,,, 0:
53, 13, Threat and Trust,, 16.70:8:0.00, 10.16:9:0.00, 26.30:6:0.00, 10.16:9:0.00, 21.25:7:0.00, 120.25:3:0.00, 115.55:5:0.00, 119.45:4:0.00, 145.95:1:0.00, 131.16:2:0.00, 0.00:11:0.00,,,, 0.00:11:0.00,, 0.00:11:0.00, 0.00:11:0.00,,,,,,,,,,,,,,,,,,,,,,,,,,,,,,,,,,,,,,,,,,,,,, 0.00:11:0.00
53, 14, ,, 2:DIPLO_STATE_PATRON, 0:DIPLO_STATE_AWARE, 1:DIPLO_STATE_PATRON, 0:DIPLO_STATE_AWARE, 3:DIPLO_STATE_PATRON, 0:DIPLO_STATE_WAR_WITH_MAJOR, 0:DIPLO_STATE_WAR_WITH_MAJOR, 0:DIPLO_STATE_WAR_WITH_MAJOR, 0:DIPLO_STATE_WAR_WITH_MAJOR, 0:DIPLO_STATE_WAR_WITH_MAJOR, 0:DIPLO_STATE_MINOR_MINOR, 0:DIPLO_STATE_MINOR_MINOR,, 0:DIPLO_STATE_MINOR_MINOR,, 0:DIPLO_STATE_MINOR_MINOR, 0:DIPLO_STATE_MINOR_MINOR, 0:DIPLO_STATE_MINOR_MINOR_WAR,, 0:DIPLO_STATE_MINOR_MINOR, 0:DIPLO_STATE_MINOR_MINOR, 0:DIPLO_STATE_MINOR_MINOR,,,,,,,,,,,,,,,,,,,,,,,,,,,,,,,,,,,,,,,,,, 0:
53, 14, Threat and Trust,, 19.00:8:0.00, 10.16:9:0.00, 28.61:6:0.00, 10.16:9:0.00, 23.55:7:0.00, 122.55:3:0.00, 117.86:5:0.00, 121.75:4:0.00, 148.25:1:0.00, 133.45:2:0.00, 0.00:11:0.00, 0.00:11:0.00,, 0.00:11:0.00,, 0.00:11:0.00, 0.00:11:0.00, 0.00:11:0.00,, 0.00:11:0.00, 0.00:11:0.00, 0.00:11:0.00,,,,,,,,,,,,,,,,,,,,,,,,,,,,,,,,,,,,,,,,,, 0.00:11:0.00
53, 15, ,, 0:DIPLO_STATE_AWARE, 1:DIPLO_STATE_PATRON, 3:DIPLO_STATE_PATRON, 2:DIPLO_STATE_PATRON, 1:DIPLO_STATE_PATRON, 0:DIPLO_STATE_WAR_WITH_MAJOR, 0:DIPLO_STATE_WAR_WITH_MAJOR, 0:DIPLO_STATE_WAR_WITH_MAJOR, 0:DIPLO_STATE_WAR_WITH_MAJOR, 0:DIPLO_STATE_WAR_WITH_MAJOR, 0:DIPLO_STATE_MINOR_MINOR,,,, 0:DIPLO_STATE_MINOR_MINOR,, 0:DIPLO_STATE_MINOR_MINOR, 0:DIPLO_STATE_MINOR_MINOR_WAR,,, 0:DIPLO_STATE_MINOR_MINOR,,,,,,,,,,,,,,,,,,,,,,,,,,,,,,,,,,,,,,,,,,, 0:
53, 15, Threat and Trust,, 10.16:8:0.00, 10.16:8:0.00, 21.80:6:0.00, 10.16:8:0.00, 16.75:7:0.00, 115.75:3:0.00, 111.05:5:0.00, 114.95:4:0.00, 141.45:1:0.00, 126.66:2:0.00, 0.00:11:0.00,,,, 0.00:11:0.00,, 0.00:11:0.00, 0.00:11:0.00,,, 0.00:11:0.00,,,,,,,,,,,,,,,,,,,,,,,,,,,,,,,,,,,,,,,,,,, 0.00:11:0.00
53, 17, ,, 0:DIPLO_STATE_WAR_WITH_MAJOR, 3:DIPLO_STATE_WAR_WITH_MAJOR, 3:DIPLO_STATE_WAR_WITH_MAJOR, 4:DIPLO_STATE_WAR_WITH_MAJOR, 1:DIPLO_STATE_WAR_WITH_MAJOR, 1:DIPLO_STATE_PATRON, 6:DIPLO_STATE_PATRON, 2:DIPLO_STATE_PATRON, 1:DIPLO_STATE_PATRON, 4:DIPLO_STATE_PATRON, 0:DIPLO_STATE_MINOR_MINOR,, 0:DIPLO_STATE_MINOR_MINOR_WAR, 0:DIPLO_STATE_MINOR_MINOR_WAR, 0:DIPLO_STATE_MINOR_MINOR_WAR, 0:DIPLO_STATE_MINOR_MINOR_WAR, 0:DIPLO_STATE_MINOR_MINOR_WAR,,,, 0:DIPLO_STATE_MINOR_MINOR_WAR, 0:DIPLO_STATE_MINOR_MINOR,,,,,,,,,,,,,,,,,,,,,,,,,,,,,,,,,,,,,,,,,, 0:
53, 17, Threat and Trust,, 10.16:8:0.00, 10.16:8:0.00, 21.95:6:0.00, 10.16:8:0.00, 16.91:7:0.00, 115.91:3:0.00, 111.20:5:0.00, 115.11:4:0.00, 141.61:1:0.00, 126.80:2:0.00, 0.00:11:0.00,, 0.00:11:0.00, 0.00:11:0.00, 0.00:11:0.00, 0.00:11:0.00, 0.00:11:0.00,,,, 0.00:11:0.00, 0.00:11:0.00,,,,,,,,,,,,,,,,,,,,,,,,,,,,,,,,,,,,,,,,,, 0.00:11:0.00
53, 20, ,, 2:DIPLO_STATE_PATRON, 2:DIPLO_STATE_PATRON, 0:DIPLO_STATE_AWARE, 2:DIPLO_STATE_PATRON, 3:DIPLO_STATE_PATRON, 0:DIPLO_STATE_WAR_WITH_MAJOR, 0:DIPLO_STATE_WAR_WITH_MAJOR, 0:DIPLO_STATE_WAR_WITH_MAJOR, 0:DIPLO_STATE_WAR_WITH_MAJOR, 0:DIPLO_STATE_WAR_WITH_MAJOR, 0:DIPLO_STATE_MINOR_MINOR, 0:DIPLO_STATE_MINOR_MINOR,,, 0:DIPLO_STATE_MINOR_MINOR, 0:DIPLO_STATE_MINOR_MINOR, 0:DIPLO_STATE_MINOR_MINOR, 0:DIPLO_STATE_MINOR_MINOR_WAR,,,,,,,,,,,,,,,,,,,,,,,,,,,,,,,,,,,,,,,,,,,,,, 0:
53, 20, Threat and Trust,, 10.16:8:0.00, 10.16:8:0.00, 20.66:6:0.00, 10.16:8:0.00, 15.61:7:0.00, 114.61:3:0.00, 109.91:5:0.00, 113.80:4:0.00, 140.30:1:0.00, 125.50:2:0.00, 0.00:11:0.00, 0.00:11:0.00,,, 0.00:11:0.00, 0.00:11:0.00, 0.00:11:0.00, 0.00:11:0.00,,,,,,,,,,,,,,,,,,,,,,,,,,,,,,,,,,,,,,,,,,,,,, 0.00:11:0.00
53, 21, ,, 4:DIPLO_STATE_PATRON, 4:DIPLO_STATE_PATRON, 0:DIPLO_STATE_AWARE, 0:DIPLO_STATE_AWARE, 3:DIPLO_STATE_PATRON, 1:DIPLO_STATE_PATRON, 0:DIPLO_STATE_AWARE, 1:DIPLO_STATE_PATRON, 2:DIPLO_STATE_PATRON, 0:DIPLO_STATE_AWARE, 0:DIPLO_STATE_MINOR_MINOR,, 0:DIPLO_STATE_MINOR_MINOR,, 0:DIPLO_STATE_MINOR_MINOR,, 0:DIPLO_STATE_MINOR_MINOR, 0:DIPLO_STATE_MINOR_MINOR,,,,,,,,,,,,,,,,,,,,,,,,,,,,,,,,,,,,,,,,,,,,,, 0:
53, 21, Threat and Trust,, 10.16:6:0.00, 10.16:6:0.00, 10.16:6:0.00, 10.16:6:0.00, 10.16:6:0.00, 108.61:3:0.00, 103.91:5:0.00, 107.80:4:0.00, 134.30:1:0.00, 119.50:2:0.00, 0.00:11:0.00,, 0.00:11:0.00,, 0.00:11:0.00,, 0.00:11:0.00, 0.00:11:0.00,,,,,,,,,,,,,,,,,,,,,,,,,,,,,,,,,,,,,,,,,,,,,, 0.00:11:0.00
53, 62, ,, 0:DIPLO_STATE_FREE_CITIES_NEUTRAL, 0:DIPLO_STATE_FREE_CITIES_NEUTRAL, 0:DIPLO_STATE_FREE_CITIES_NEUTRAL, 0:DIPLO_STATE_FREE_CITIES_NEUTRAL, 0:DIPLO_STATE_FREE_CITIES_NEUTRAL, 0:DIPLO_STATE_FREE_CITIES_NEUTRAL, 0:DIPLO_STATE_FREE_CITIES_NEUTRAL, 0:DIPLO_STATE_FREE_CITIES_NEUTRAL, 0:DIPLO_STATE_FREE_CITIES_NEUTRAL, 0:DIPLO_STATE_FREE_CITIES_NEUTRAL,,,,,,,,,,,,,,,,,,,,,,,,,,,,,,,,,,,,,,,,,,,,,,,,,,,,,,
53, 62, Threat and Trust,, 23.25:8:0.00, 16.16:9:0.00, 32.86:6:0.00, 10.16:10:0.00, 27.80:7:0.00, 126.80:3:0.00, 122.11:5:0.00, 126.00:4:0.00, 152.50:1:0.00, 137.70:2:0.00,,,,,,,,,,,,,,,,,,,,,,,,,,,,,,,,,,,,,,,,,,,,,,,,,,,,,,
53, 63, ,, 0:, 0:, 0:, 0:, 0:, 0:, 0:, 0:, 0:, 0:, 0:, 0:, 0:, 0:, 0:, 0:, 0:, 0:, 0:, 0:, 0:, 0:,,,,,,,,,,,,,,,,,,,,,,,,,,,,,,,,,,,,,,,,,,
53, 63, Threat and Trust,, 0.00:1:0.00, 0.00:1:0.00, 0.00:1:0.00, 0.00:1:0.00, 0.00:1:0.00, 0.00:1:0.00, 0.00:1:0.00, 0.00:1:0.00, 0.00:1:0.00, 0.00:1:0.00, 0.00:1:0.00, 0.00:1:0.00, 0.00:1:0.00, 0.00:1:0.00, 0.00:1:0.00, 0.00:1:0.00, 0.00:1:0.00, 0.00:1:0.00, 0.00:1:0.00, 0.00:1:0.00, 0.00:1:0.00, 0.00:1:0.00,,,,,,,,,,,,,,,,,,,,,,,,,,,,,,,,,,,,,,,,,,
53, 0, ,,, 25:DIPLO_STATE_ALLIED, 21:DIPLO_STATE_ALLIED, 1:DIPLO_STATE_ALLIED, 46:DIPLO_STATE_ALLIED, 8:DIPLO_STATE_WAR, 1:DIPLO_STATE_WAR, 1:DIPLO_STATE_WAR, 1:DIPLO_STATE_WAR, -5:DIPLO_STATE_WAR, 2:DIPLO_STATE_INFLUENTIAL, 0:DIPLO_STATE_NO_INFLUENCE, 1:DIPLO_STATE_INFLUENTIAL, 0:DIPLO_STATE_NO_INFLUENCE, 2:DIPLO_STATE_INFLUENTIAL, 0:DIPLO_STATE_NO_INFLUENCE, 0:DIPLO_STATE_NO_INFLUENCE, 0:DIPLO_STATE_WAR_WITH_MINOR, 0:DIPLO_STATE_NO_INFLUENCE, 0:DIPLO_STATE_NO_INFLUENCE, 2:DIPLO_STATE_INFLUENTIAL, 4:DIPLO_STATE_INFLUENTIAL,,,,,,,,,,,,,,,,,,,,,,,,,,,,,,,,,,,,,,,,, 0:DIPLO_STATE_FREE_CITIES_NEUTRAL, 0:
53, 0, Threat and Trust,,, 10.16:7:10.00, 58.85:6:8.00, 10.16:7:13.00, 10.16:7:17.00, 114.00:3:-10.00, 109.30:5:-5.00, 113.20:4:0.00, 139.70:1:-5.00, 124.91:2:2.00, 0.00:11:0.00, 0.00:11:0.00, 0.00:11:0.00, 0.00:11:0.00, 0.00:11:0.00, 0.00:11:0.00, 0.00:11:0.00, 0.00:11:0.00, 0.00:11:0.00, 0.00:11:0.00, 0.00:11:0.00, 0.00:11:0.00,,,,,,,,,,,,,,,,,,,,,,,,,,,,,,,,,,,,,,,,, 0.00:11:0.00, 0.00:11:0.00
53, 1, ,, 57:DIPLO_STATE_ALLIED,, 55:DIPLO_STATE_ALLIED, 44:DIPLO_STATE_ALLIED, 32:DIPLO_STATE_ALLIED, -6:DIPLO_STATE_WAR, -13:DIPLO_STATE_WAR, -6:DIPLO_STATE_WAR, -9:DIPLO_STATE_WAR, 2:DIPLO_STATE_WAR, 3:DIPLO_STATE_INFLUENTIAL, 0:DIPLO_STATE_NO_INFLUENCE, 3:DIPLO_STATE_MAX_INFLUENCE, 4:DIPLO_STATE_MAX_INFLUENCE, 0:DIPLO_STATE_NO_INFLUENCE, 1:DIPLO_STATE_INFLUENTIAL, 0:DIPLO_STATE_NO_INFLUENCE, 3:DIPLO_STATE_WAR_WITH_MINOR, 0:DIPLO_STATE_NO_INFLUENCE, 0:DIPLO_STATE_NO_INFLUENCE, 2:DIPLO_STATE_INFLUENTIAL, 4:DIPLO_STATE_INFLUENTIAL,,,,,,,,,,,,,,,,,,,,,,,,,,,,,,,,,,,,,,,,, 0:DIPLO_STATE_FREE_CITIES_NEUTRAL, 0:
53, 1, Threat and Trust,, 17.05:8:10.00,, 85.35:6:8.00, 10.16:9:12.00, 21.91:7:14.00, 120.91:3:-10.00, 116.20:5:-5.00, 120.11:4:0.00, 146.61:1:-5.00, 131.80:2:2.00, 0.00:11:0.00, 0.00:11:0.00, 0.00:11:0.00, 0.00:11:0.00, 0.00:11:0.00, 0.00:11:0.00, 0.00:11:0.00, 0.00:11:0.00, 0.00:11:0.00, 0.00:11:0.00, 0.00:11:0.00, 0.00:11:0.00,,,,,,,,,,,,,,,,,,,,,,,,,,,,,,,,,,,,,,,,, 0.00:11:0.00, 0.00:11:0.00
53, 2, ,, 39:DIPLO_STATE_ALLIED, 5:DIPLO_STATE_ALLIED,, 50:DIPLO_STATE_ALLIED, 43:DIPLO_STATE_ALLIED, -4:DIPLO_STATE_WAR, 5:DIPLO_STATE_WAR, -1:DIPLO_STATE_WAR, 18:DIPLO_STATE_WAR, 13:DIPLO_STATE_WAR, 3:DIPLO_STATE_INFLUENTIAL, 0:DIPLO_STATE_NO_INFLUENCE, 0:DIPLO_STATE_NO_INFLUENCE, 0:DIPLO_STATE_NO_INFLUENCE, 1:DIPLO_STATE_INFLUENTIAL, 3:DIPLO_STATE_MAX_INFLUENCE, 0:DIPLO_STATE_NO_INFLUENCE, 3:DIPLO_STATE_WAR_WITH_MINOR, 0:DIPLO_STATE_NO_INFLUENCE, 0:DIPLO_STATE_NO_INFLUENCE, 0:DIPLO_STATE_NO_INFLUENCE, 0:DIPLO_STATE_NO_INFLUENCE,,,,,,,,,,,,,,,,,,,,,,,,,,,,,,,,,,,,,,,,, 0:DIPLO_STATE_FREE_CITIES_NEUTRAL, 0:
53, 2, Threat and Trust,, 10.16:6:10.00, 10.16:6:9.00,, 10.16:6:13.00, 10.16:6:18.00, 96.61:3:-10.00, 91.91:5:-5.00, 95.80:4:0.00, 122.30:1:-5.00, 107.50:2:0.00, 0.00:11:0.00, 0.00:11:0.00, 0.00:11:0.00, 0.00:11:0.00, 0.00:11:0.00, 0.00:11:0.00, 0.00:11:0.00, 0.00:11:0.00, 0.00:11:0.00, 0.00:11:0.00, 0.00:11:0.00, 0.00:11:0.00,,,,,,,,,,,,,,,,,,,,,,,,,,,,,,,,,,,,,,,,, 0.00:11:0.00, 0.00:11:0.00
53, 3, ,, 20:DIPLO_STATE_ALLIED, 38:DIPLO_STATE_ALLIED, 50:DIPLO_STATE_ALLIED,, 26:DIPLO_STATE_ALLIED, -19:DIPLO_STATE_WAR, -11:DIPLO_STATE_WAR, -11:DIPLO_STATE_WAR, -6:DIPLO_STATE_WAR, -6:DIPLO_STATE_WAR, 0:DIPLO_STATE_NO_INFLUENCE, 0:DIPLO_STATE_NO_INFLUENCE, 1:DIPLO_STATE_INFLUENTIAL, 2:DIPLO_STATE_INFLUENTIAL, 0:DIPLO_STATE_NO_INFLUENCE, 2:DIPLO_STATE_INFLUENTIAL, 0:DIPLO_STATE_NO_INFLUENCE, 4:DIPLO_STATE_WAR_WITH_MINOR, 0:DIPLO_STATE_NO_INFLUENCE, 0:DIPLO_STATE_NO_INFLUENCE, 2:DIPLO_STATE_INFLUENTIAL, 0:DIPLO_STATE_NO_INFLUENCE,,,,,,,,,,,,,,,,,,,,,,,,,,,,,,,,,,,,,,,,, 0:DIPLO_STATE_FREE_CITIES_NEUTRAL, 0:
53, 3, Threat and Trust,, 19.20:8:14.00, 10.16:9:11.00, 36.61:6:11.00,, 24.05:7:20.00, 123.05:3:-10.00, 118.36:5:-5.00, 122.25:4:0.00, 148.75:1:-5.00, 133.95:2:0.00, 0.00:11:0.00, 0.00:11:0.00, 0.00:11:0.00, 0.00:11:0.00, 0.00:11:0.00, 0.00:11:0.00, 0.00:11:0.00, 0.00:11:0.00, 0.00:11:0.00, 0.00:11:0.00, 0.00:11:0.00, 0.00:11:0.00,,,,,,,,,,,,,,,,,,,,,,,,,,,,,,,,,,,,,,,,, 0.00:11:0.00, 0.00:11:0.00
53, 4, ,, 49:DIPLO_STATE_ALLIED, -6:DIPLO_STATE_ALLIED, 24:DIPLO_STATE_ALLIED, 3:DIPLO_STATE_ALLIED,, 6:DIPLO_STATE_WAR, -7:DIPLO_STATE_WAR, -7:DIPLO_STATE_WAR, 1:DIPLO_STATE_WAR, 1:DIPLO_STATE_WAR, 3:DIPLO_STATE_INFLUENTIAL, 0:DIPLO_STATE_NO_INFLUENCE, 1:DIPLO_STATE_INFLUENTIAL, 0:DIPLO_STATE_NO_INFLUENCE, 4:DIPLO_STATE_MAX_INFLUENCE, 1:DIPLO_STATE_INFLUENTIAL, 0:DIPLO_STATE_NO_INFLUENCE, 1:DIPLO_STATE_WAR_WITH_MINOR, 0:DIPLO_STATE_NO_INFLUENCE, 0:DIPLO_STATE_NO_INFLUENCE, 3:DIPLO_STATE_MAX_INFLUENCE, 3:DIPLO_STATE_INFLUENTIAL,,,,,,,,,,,,,,,,,,,,,,,,,,,,,,,,,,,,,,,,, 0:DIPLO_STATE_FREE_CITIES_NEUTRAL, 0:
53, 4, Threat and Trust,, 10.16:7:15.00, 10.16:7:15.00, 21.45:6:18.00, 10.16:7:22.00,, 107.91:3:-10.00, 103.20:5:-5.00, 107.11:4:2.00, 133.61:2:-5.00, 167.00:1:0.00, 0.00:11:0.00, 0.00:11:0.00, 0.00:11:0.00, 0.00:11:0.00, 0.00:11:0.00, 0.00:11:0.00, 0.00:11:0.00, 0.00:11:0.00, 0.00:11:0.00, 0.00:11:0.00, 0.00:11:0.00, 0.00:11:0.00,,,,,,,,,,,,,,,,,,,,,,,,,,,,,,,,,,,,,,,,, 0.00:11:0.00, 0.00:11:0.00
53, 2, ,, 39:DIPLO_STATE_ALLIED, 5:DIPLO_STATE_ALLIED,, 50:DIPLO_STATE_ALLIED, 43:DIPLO_STATE_ALLIED, -4:DIPLO_STATE_WAR, 5:DIPLO_STATE_WAR, -1:DIPLO_STATE_WAR, 18:DIPLO_STATE_WAR, 13:DIPLO_STATE_WAR, 3:DIPLO_STATE_INFLUENTIAL, 0:DIPLO_STATE_NO_INFLUENCE, 0:DIPLO_STATE_NO_INFLUENCE, 0:DIPLO_STATE_NO_INFLUENCE, 1:DIPLO_STATE_INFLUENTIAL, 3:DIPLO_STATE_MAX_INFLUENCE, 0:DIPLO_STATE_NO_INFLUENCE, 3:DIPLO_STATE_WAR_WITH_MINOR, 0:DIPLO_STATE_NO_INFLUENCE, 0:DIPLO_STATE_NO_INFLUENCE, 0:DIPLO_STATE_NO_INFLUENCE, 0:DIPLO_STATE_NO_INFLUENCE,,,,,,,,,,,,,,,,,,,,,,,,,,,,,,,,,,,,,,,,, 0:DIPLO_STATE_FREE_CITIES_NEUTRAL, 0:
53, 2, Threat and Trust,, 10.16:6:10.00, 10.16:6:9.00,, 10.16:6:13.00, 10.16:6:18.00, 96.61:3:-10.00, 91.91:5:-5.00, 95.80:4:0.00, 122.30:1:-5.00, 107.50:2:0.00, 0.00:11:0.00, 0.00:11:0.00, 0.00:11:0.00, 0.00:11:0.00, 0.00:11:0.00, 0.00:11:0.00, 0.00:11:0.00, 0.00:11:0.00, 0.00:11:0.00, 0.00:11:0.00, 0.00:11:0.00, 0.00:11:0.00,,,,,,,,,,,,,,,,,,,,,,,,,,,,,,,,,,,,,,,,, 0.00:11:0.00, 0.00:11:0.00
53, 3, ,, 20:DIPLO_STATE_ALLIED, 38:DIPLO_STATE_ALLIED, 50:DIPLO_STATE_ALLIED,, 26:DIPLO_STATE_ALLIED, -19:DIPLO_STATE_WAR, -11:DIPLO_STATE_WAR, -11:DIPLO_STATE_WAR, -6:DIPLO_STATE_WAR, -6:DIPLO_STATE_WAR, 0:DIPLO_STATE_NO_INFLUENCE, 0:DIPLO_STATE_NO_INFLUENCE, 1:DIPLO_STATE_INFLUENTIAL, 2:DIPLO_STATE_INFLUENTIAL, 0:DIPLO_STATE_NO_INFLUENCE, 2:DIPLO_STATE_INFLUENTIAL, 0:DIPLO_STATE_NO_INFLUENCE, 4:DIPLO_STATE_WAR_WITH_MINOR, 0:DIPLO_STATE_NO_INFLUENCE, 0:DIPLO_STATE_NO_INFLUENCE, 2:DIPLO_STATE_INFLUENTIAL, 0:DIPLO_STATE_NO_INFLUENCE,,,,,,,,,,,,,,,,,,,,,,,,,,,,,,,,,,,,,,,,, 0:DIPLO_STATE_FREE_CITIES_NEUTRAL, 0:
53, 3, Threat and Trust,, 19.20:8:16.00, 10.16:9:11.00, 36.61:6:11.00,, 24.05:7:20.00, 123.05:3:-10.00, 118.36:5:-5.00, 122.25:4:0.00, 148.75:1:-5.00, 133.95:2:0.00, 0.00:11:0.00, 0.00:11:0.00, 0.00:11:0.00, 0.00:11:0.00, 0.00:11:0.00, 0.00:11:0.00, 0.00:11:0.00, 0.00:11:0.00, 0.00:11:0.00, 0.00:11:0.00, 0.00:11:0.00, 0.00:11:0.00,,,,,,,,,,,,,,,,,,,,,,,,,,,,,,,,,,,,,,,,, 0.00:11:0.00, 0.00:11:0.00
53, 1, ,, 57:DIPLO_STATE_ALLIED,, 55:DIPLO_STATE_ALLIED, 44:DIPLO_STATE_ALLIED, 32:DIPLO_STATE_ALLIED, -6:DIPLO_STATE_WAR, -13:DIPLO_STATE_WAR, -6:DIPLO_STATE_WAR, -9:DIPLO_STATE_WAR, 2:DIPLO_STATE_WAR, 3:DIPLO_STATE_INFLUENTIAL, 0:DIPLO_STATE_NO_INFLUENCE, 3:DIPLO_STATE_MAX_INFLUENCE, 4:DIPLO_STATE_MAX_INFLUENCE, 0:DIPLO_STATE_NO_INFLUENCE, 1:DIPLO_STATE_INFLUENTIAL, 0:DIPLO_STATE_NO_INFLUENCE, 3:DIPLO_STATE_WAR_WITH_MINOR, 0:DIPLO_STATE_NO_INFLUENCE, 0:DIPLO_STATE_NO_INFLUENCE, 2:DIPLO_STATE_INFLUENTIAL, 4:DIPLO_STATE_INFLUENTIAL,,,,,,,,,,,,,,,,,,,,,,,,,,,,,,,,,,,,,,,,, 0:DIPLO_STATE_FREE_CITIES_NEUTRAL, 0:
53, 1, Threat and Trust,, 17.05:8:10.00,, 85.35:6:8.00, 10.16:9:12.00, 21.91:7:14.00, 120.91:3:-10.00, 116.20:5:-5.00, 120.11:4:0.00, 146.61:1:-5.00, 131.80:2:2.00, 0.00:11:0.00, 0.00:11:0.00, 0.00:11:0.00, 0.00:11:0.00, 0.00:11:0.00, 0.00:11:0.00, 0.00:11:0.00, 0.00:11:0.00, 0.00:11:0.00, 0.00:11:0.00, 0.00:11:0.00, 0.00:11:0.00,,,,,,,,,,,,,,,,,,,,,,,,,,,,,,,,,,,,,,,,, 0.00:11:0.00, 0.00:11:0.00
53, 1, ,, 57:DIPLO_STATE_ALLIED,, 55:DIPLO_STATE_ALLIED, 44:DIPLO_STATE_ALLIED, 32:DIPLO_STATE_ALLIED, -6:DIPLO_STATE_WAR, -13:DIPLO_STATE_WAR, -6:DIPLO_STATE_WAR, -9:DIPLO_STATE_WAR, 2:DIPLO_STATE_WAR, 3:DIPLO_STATE_INFLUENTIAL, 0:DIPLO_STATE_NO_INFLUENCE, 3:DIPLO_STATE_MAX_INFLUENCE, 4:DIPLO_STATE_MAX_INFLUENCE, 0:DIPLO_STATE_NO_INFLUENCE, 1:DIPLO_STATE_INFLUENTIAL, 0:DIPLO_STATE_NO_INFLUENCE, 3:DIPLO_STATE_WAR_WITH_MINOR, 0:DIPLO_STATE_NO_INFLUENCE, 0:DIPLO_STATE_NO_INFLUENCE, 2:DIPLO_STATE_INFLUENTIAL, 4:DIPLO_STATE_INFLUENTIAL,,,,,,,,,,,,,,,,,,,,,,,,,,,,,,,,,,,,,,,,, 0:DIPLO_STATE_FREE_CITIES_NEUTRAL, 0:
53, 1, Threat and Trust,, 17.05:8:10.00,, 85.35:6:8.00, 10.16:9:12.00, 21.91:7:14.00, 120.91:3:-10.00, 116.20:5:-5.00, 120.11:4:0.00, 146.61:1:-5.00, 131.80:2:2.00, 0.00:11:0.00, 0.00:11:0.00, 0.00:11:0.00, 0.00:11:0.00, 0.00:11:0.00, 0.00:11:0.00, 0.00:11:0.00, 0.00:11:0.00, 0.00:11:0.00, 0.00:11:0.00, 0.00:11:0.00, 0.00:11:0.00,,,,,,,,,,,,,,,,,,,,,,,,,,,,,,,,,,,,,,,,, 0.00:11:0.00, 0.00:11:0.00
53, 1, ,, 57:DIPLO_STATE_ALLIED,, 55:DIPLO_STATE_ALLIED, 44:DIPLO_STATE_ALLIED, 32:DIPLO_STATE_ALLIED, -6:DIPLO_STATE_WAR, -13:DIPLO_STATE_WAR, -6:DIPLO_STATE_WAR, -9:DIPLO_STATE_WAR, 2:DIPLO_STATE_WAR, 3:DIPLO_STATE_INFLUENTIAL, 0:DIPLO_STATE_NO_INFLUENCE, 3:DIPLO_STATE_MAX_INFLUENCE, 4:DIPLO_STATE_MAX_INFLUENCE, 0:DIPLO_STATE_NO_INFLUENCE, 1:DIPLO_STATE_INFLUENTIAL, 0:DIPLO_STATE_NO_INFLUENCE, 3:DIPLO_STATE_WAR_WITH_MINOR, 0:DIPLO_STATE_NO_INFLUENCE, 0:DIPLO_STATE_NO_INFLUENCE, 2:DIPLO_STATE_INFLUENTIAL, 4:DIPLO_STATE_INFLUENTIAL,,,,,,,,,,,,,,,,,,,,,,,,,,,,,,,,,,,,,,,,, 0:DIPLO_STATE_FREE_CITIES_NEUTRAL, 0:
53, 1, Threat and Trust,, 17.05:8:10.00,, 85.35:6:8.00, 10.16:9:12.00, 21.91:7:14.00, 120.91:3:-10.00, 116.20:5:-5.00, 120.11:4:0.00, 146.61:1:-5.00, 131.80:2:2.00, 0.00:11:0.00, 0.00:11:0.00, 0.00:11:0.00, 0.00:11:0.00, 0.00:11:0.00, 0.00:11:0.00, 0.00:11:0.00, 0.00:11:0.00, 0.00:11:0.00, 0.00:11:0.00, 0.00:11:0.00, 0.00:11:0.00,,,,,,,,,,,,,,,,,,,,,,,,,,,,,,,,,,,,,,,,, 0.00:11:0.00, 0.00:11:0.00
53, 1, ,, 57:DIPLO_STATE_ALLIED,, 55:DIPLO_STATE_ALLIED, 44:DIPLO_STATE_ALLIED, 32:DIPLO_STATE_ALLIED, -6:DIPLO_STATE_WAR, -13:DIPLO_STATE_WAR, -6:DIPLO_STATE_WAR, -9:DIPLO_STATE_WAR, 2:DIPLO_STATE_WAR, 3:DIPLO_STATE_INFLUENTIAL, 0:DIPLO_STATE_NO_INFLUENCE, 3:DIPLO_STATE_MAX_INFLUENCE, 4:DIPLO_STATE_MAX_INFLUENCE, 0:DIPLO_STATE_NO_INFLUENCE, 1:DIPLO_STATE_INFLUENTIAL, 0:DIPLO_STATE_NO_INFLUENCE, 3:DIPLO_STATE_WAR_WITH_MINOR, 0:DIPLO_STATE_NO_INFLUENCE, 0:DIPLO_STATE_NO_INFLUENCE, 2:DIPLO_STATE_INFLUENTIAL, 4:DIPLO_STATE_INFLUENTIAL,,,,,,,,,,,,,,,,,,,,,,,,,,,,,,,,,,,,,,,,, 0:DIPLO_STATE_FREE_CITIES_NEUTRAL, 0:
53, 1, Threat and Trust,, 17.05:8:10.00,, 85.35:6:8.00, 10.16:9:12.00, 21.91:7:14.00, 120.91:3:-10.00, 116.20:5:-5.00, 120.11:4:0.00, 146.61:1:-5.00, 131.80:2:2.00, 0.00:11:0.00, 0.00:11:0.00, 0.00:11:0.00, 0.00:11:0.00, 0.00:11:0.00, 0.00:11:0.00, 0.00:11:0.00, 0.00:11:0.00, 0.00:11:0.00, 0.00:11:0.00, 0.00:11:0.00, 0.00:11:0.00,,,,,,,,,,,,,,,,,,,,,,,,,,,,,,,,,,,,,,,,, 0.00:11:0.00, 0.00:11:0.00
54, 5, ,, -46:DIPLO_STATE_WAR, -59:DIPLO_STATE_WAR, -55:DIPLO_STATE_WAR, -66:DIPLO_STATE_WAR, -34:DIPLO_STATE_WAR,, 11:DIPLO_STATE_ALLIED, 24:DIPLO_STATE_ALLIED, 22:DIPLO_STATE_ALLIED, 22:DIPLO_STATE_ALLIED, 4:DIPLO_STATE_INFLUENTIAL, 0:DIPLO_STATE_WAR_WITH_MINOR, 0:DIPLO_STATE_WAR_WITH_MINOR, 0:DIPLO_STATE_WAR_WITH_MINOR, 0:DIPLO_STATE_WAR_WITH_MINOR, 0:DIPLO_STATE_WAR_WITH_MINOR, 0:DIPLO_STATE_WAR_WITH_MINOR, 1:DIPLO_STATE_INFLUENTIAL, 0:DIPLO_STATE_WAR_WITH_MINOR, 0:DIPLO_STATE_WAR_WITH_MINOR, 0:DIPLO_STATE_WAR_WITH_MINOR, 1:DIPLO_STATE_INFLUENTIAL,,,,,,,,,,,,,,,,,,,,,,,,,,,,,,,,,,,,,,,,, 0:DIPLO_STATE_FREE_CITIES_NEUTRAL, 0:
54, 5, Threat and Trust,, 10.16:6:3.00, 10.16:6:1.00, 10.16:6:2.00, 10.16:6:3.00, 10.16:6:6.00,, 60.16:3:-5.00, 60.16:3:1.00, 84.70:1:-5.00, 69.91:2:2.00, 0.00:11:0.00, 0.00:11:0.00, 0.00:11:0.00, 0.00:11:0.00, 0.00:11:0.00, 0.00:11:0.00, 0.00:11:0.00, 0.00:11:0.00, 0.00:11:0.00, 0.00:11:0.00, 0.00:11:0.00, 0.00:11:0.00,,,,,,,,,,,,,,,,,,,,,,,,,,,,,,,,,,,,,,,,, 0.00:11:0.00, 0.00:11:0.00
54, 6, ,, -73:DIPLO_STATE_WAR, -73:DIPLO_STATE_WAR, -73:DIPLO_STATE_WAR, -83:DIPLO_STATE_WAR, -78:DIPLO_STATE_WAR, -11:DIPLO_STATE_ALLIED,, 13:DIPLO_STATE_ALLIED, 9:DIPLO_STATE_ALLIED, 1:DIPLO_STATE_ALLIED, 4:DIPLO_STATE_INFLUENTIAL, 0:DIPLO_STATE_WAR_WITH_MINOR, 0:DIPLO_STATE_WAR_WITH_MINOR, 0:DIPLO_STATE_WAR_WITH_MINOR, 0:DIPLO_STATE_WAR_WITH_MINOR, 0:DIPLO_STATE_WAR_WITH_MINOR, 0:DIPLO_STATE_WAR_WITH_MINOR, 6:DIPLO_STATE_MAX_INFLUENCE, 0:DIPLO_STATE_WAR_WITH_MINOR, 0:DIPLO_STATE_WAR_WITH_MINOR, 0:DIPLO_STATE_WAR_WITH_MINOR, 0:DIPLO_STATE_NO_INFLUENCE,,,,,,,,,,,,,,,,,,,,,,,,,,,,,,,,,,,,,,,,, 0:DIPLO_STATE_FREE_CITIES_NEUTRAL, 0:
54, 6, Threat and Trust,, 10.16:6:2.00, 10.16:6:1.00, 10.16:6:2.00, 10.16:6:2.00, 10.16:6:6.00, 66.16:3:-10.00,, 60.16:4:1.00, 90.70:1:-5.00, 75.91:2:2.00, 0.00:11:0.00, 0.00:11:0.00, 0.00:11:0.00, 0.00:11:0.00, 0.00:11:0.00, 0.00:11:0.00, 0.00:11:0.00, 0.00:11:0.00, 0.00:11:0.00, 0.00:11:0.00, 0.00:11:0.00, 0.00:11:0.00,,,,,,,,,,,,,,,,,,,,,,,,,,,,,,,,,,,,,,,,, 0.00:11:0.00, 0.00:11:0.00
54, 7, ,, -80:DIPLO_STATE_WAR, -81:DIPLO_STATE_WAR, -84:DIPLO_STATE_WAR, -98:DIPLO_STATE_WAR, -78:DIPLO_STATE_WAR, -4:DIPLO_STATE_ALLIED, 7:DIPLO_STATE_ALLIED,, 5:DIPLO_STATE_ALLIED, 8:DIPLO_STATE_ALLIED, 4:DIPLO_STATE_INFLUENTIAL, 0:DIPLO_STATE_WAR_WITH_MINOR, 0:DIPLO_STATE_WAR_WITH_MINOR, 0:DIPLO_STATE_WAR_WITH_MINOR, 0:DIPLO_STATE_WAR_WITH_MINOR, 0:DIPLO_STATE_WAR_WITH_MINOR, 0:DIPLO_STATE_WAR_WITH_MINOR, 2:DIPLO_STATE_INFLUENTIAL, 0:DIPLO_STATE_WAR_WITH_MINOR, 0:DIPLO_STATE_WAR_WITH_MINOR, 0:DIPLO_STATE_WAR_WITH_MINOR, 1:DIPLO_STATE_INFLUENTIAL,,,,,,,,,,,,,,,,,,,,,,,,,,,,,,,,,,,,,,,,, 0:DIPLO_STATE_FREE_CITIES_NEUTRAL, 0:
54, 7, Threat and Trust,, 10.16:6:6.00, 10.16:6:2.00, 10.16:6:2.00, 10.16:6:7.00, 10.16:6:7.00, 60.16:3:-10.00, 60.16:3:-5.00,, 83.61:1:-5.00, 68.80:2:2.00, 0.00:11:0.00, 0.00:11:0.00, 0.00:11:0.00, 0.00:11:0.00, 0.00:11:0.00, 0.00:11:0.00, 0.00:11:0.00, 0.00:11:0.00, 0.00:11:0.00, 0.00:11:0.00, 0.00:11:0.00, 0.00:11:0.00,,,,,,,,,,,,,,,,,,,,,,,,,,,,,,,,,,,,,,,,, 0.00:11:0.00, 0.00:11:0.00
54, 8, ,, -92:DIPLO_STATE_WAR, -100:DIPLO_STATE_WAR, -72:DIPLO_STATE_WAR, -84:DIPLO_STATE_WAR, -81:DIPLO_STATE_WAR, 0:DIPLO_STATE_ALLIED, 12:DIPLO_STATE_ALLIED, 6:DIPLO_STATE_ALLIED,, 19:DIPLO_STATE_ALLIED, 3:DIPLO_STATE_INFLUENTIAL, 0:DIPLO_STATE_WAR_WITH_MINOR, 0:DIPLO_STATE_WAR_WITH_MINOR, 0:DIPLO_STATE_WAR_WITH_MINOR, 0:DIPLO_STATE_WAR_WITH_MINOR, 0:DIPLO_STATE_WAR_WITH_MINOR, 0:DIPLO_STATE_WAR_WITH_MINOR, 1:DIPLO_STATE_INFLUENTIAL, 0:DIPLO_STATE_WAR_WITH_MINOR, 0:DIPLO_STATE_WAR_WITH_MINOR, 0:DIPLO_STATE_WAR_WITH_MINOR, 2:DIPLO_STATE_INFLUENTIAL,,,,,,,,,,,,,,,,,,,,,,,,,,,,,,,,,,,,,,,,, 0:DIPLO_STATE_FREE_CITIES_NEUTRAL, 0:
54, 8, Threat and Trust,, 10.16:6:2.00, 10.16:6:1.00, 10.16:6:2.00, 10.16:6:2.00, 10.16:6:6.00, 60.16:1:-10.00, 60.16:1:-5.00, 60.16:1:1.00,, 60.16:1:2.00, 0.00:11:0.00, 0.00:11:0.00, 0.00:11:0.00, 0.00:11:0.00, 0.00:11:0.00, 0.00:11:0.00, 0.00:11:0.00, 0.00:11:0.00, 0.00:11:0.00, 0.00:11:0.00, 0.00:11:0.00, 0.00:11:0.00,,,,,,,,,,,,,,,,,,,,,,,,,,,,,,,,,,,,,,,,, 0.00:11:0.00, 0.00:11:0.00
54, 9, ,, -73:DIPLO_STATE_WAR, -83:DIPLO_STATE_WAR, -65:DIPLO_STATE_WAR, -68:DIPLO_STATE_WAR, -58:DIPLO_STATE_WAR, -10:DIPLO_STATE_ALLIED, 9:DIPLO_STATE_ALLIED, 1:DIPLO_STATE_ALLIED, 4:DIPLO_STATE_ALLIED,, 1:DIPLO_STATE_INFLUENTIAL, 0:DIPLO_STATE_WAR_WITH_MINOR, 0:DIPLO_STATE_WAR_WITH_MINOR, 0:DIPLO_STATE_WAR_WITH_MINOR, 0:DIPLO_STATE_WAR_WITH_MINOR, 0:DIPLO_STATE_WAR_WITH_MINOR, 0:DIPLO_STATE_WAR_WITH_MINOR, 4:DIPLO_STATE_INFLUENTIAL, 0:DIPLO_STATE_WAR_WITH_MINOR, 0:DIPLO_STATE_WAR_WITH_MINOR, 0:DIPLO_STATE_WAR_WITH_MINOR, 0:DIPLO_STATE_NO_INFLUENCE,,,,,,,,,,,,,,,,,,,,,,,,,,,,,,,,,,,,,,,,, 0:DIPLO_STATE_FREE_CITIES_NEUTRAL, 0:
54, 9, Threat and Trust,, 10.16:6:8.00, 10.16:6:3.00, 10.16:6:3.00, 10.16:6:6.00, 10.16:6:3.00, 60.16:3:-10.00, 60.16:3:-5.00, 60.16:3:1.00, 80.41:2:-5.00,, 0.00:11:0.00, 0.00:11:0.00, 0.00:11:0.00, 0.00:11:0.00, 0.00:11:0.00, 0.00:11:0.00, 0.00:11:0.00, 0.00:11:0.00, 0.00:11:0.00, 0.00:11:0.00, 0.00:11:0.00, 0.00:11:0.00,,,,,,,,,,,,,,,,,,,,,,,,,,,,,,,,,,,,,,,,, 0.00:11:0.00, 0.00:11:0.00
54, 10, ,, 2:DIPLO_STATE_PATRON, 3:DIPLO_STATE_PATRON, 3:DIPLO_STATE_PATRON, 0:DIPLO_STATE_AWARE, 3:DIPLO_STATE_PATRON, 4:DIPLO_STATE_PATRON, 4:DIPLO_STATE_PATRON, 4:DIPLO_STATE_PATRON, 3:DIPLO_STATE_PATRON, 1:DIPLO_STATE_PATRON,,, 0:DIPLO_STATE_MINOR_MINOR, 0:DIPLO_STATE_MINOR_MINOR, 0:DIPLO_STATE_MINOR_MINOR, 0:DIPLO_STATE_MINOR_MINOR,, 0:DIPLO_STATE_MINOR_MINOR,,, 0:DIPLO_STATE_MINOR_MINOR, 0:DIPLO_STATE_MINOR_MINOR,,,,,,,,,,,,,,,,,,,,,,,,,,,,,,,,,,,,,,,,,, 0:
54, 10, Threat and Trust,, 10.16:8:0.00, 10.16:8:0.00, 28.11:6:0.00, 10.16:8:0.00, 16.80:7:0.00, 115.70:4:0.00, 109.70:5:0.00, 116.80:3:0.00, 142.36:1:0.00, 122.11:2:0.00,,, 0.00:11:0.00, 0.00:11:0.00, 0.00:11:0.00, 0.00:11:0.00,, 0.00:11:0.00,,, 0.00:11:0.00, 0.00:11:0.00,,,,,,,,,,,,,,,,,,,,,,,,,,,,,,,,,,,,,,,,,, 0.00:11:0.00
54, 12, ,, 1:DIPLO_STATE_PATRON, 3:DIPLO_STATE_PATRON, 0:DIPLO_STATE_AWARE, 1:DIPLO_STATE_PATRON, 1:DIPLO_STATE_PATRON, 0:DIPLO_STATE_WAR_WITH_MAJOR, 0:DIPLO_STATE_WAR_WITH_MAJOR, 0:DIPLO_STATE_WAR_WITH_MAJOR, 0:DIPLO_STATE_WAR_WITH_MAJOR, 0:DIPLO_STATE_WAR_WITH_MAJOR, 0:DIPLO_STATE_MINOR_MINOR,,,,,,, 0:DIPLO_STATE_MINOR_MINOR_WAR,,,, 0:DIPLO_STATE_MINOR_MINOR,,,,,,,,,,,,,,,,,,,,,,,,,,,,,,,,,,,,,,,,,, 0:
54, 12, Threat and Trust,, 17.86:8:0.00, 10.16:9:0.00, 35.25:6:0.00, 10.16:9:0.00, 23.95:7:0.00, 122.86:4:0.00, 116.86:5:0.00, 123.95:3:0.00, 149.50:1:0.00, 129.25:2:0.00, 0.00:11:0.00,,,,,,, 0.00:11:0.00,,,, 0.00:11:0.00,,,,,,,,,,,,,,,,,,,,,,,,,,,,,,,,,,,,,,,,,, 0.00:11:0.00
54, 13, ,, 0:DIPLO_STATE_AWARE, 4:DIPLO_STATE_PATRON, 0:DIPLO_STATE_AWARE, 2:DIPLO_STATE_PATRON, 0:DIPLO_STATE_AWARE, 0:DIPLO_STATE_WAR_WITH_MAJOR, 0:DIPLO_STATE_WAR_WITH_MAJOR, 0:DIPLO_STATE_WAR_WITH_MAJOR, 0:DIPLO_STATE_WAR_WITH_MAJOR, 0:DIPLO_STATE_WAR_WITH_MAJOR, 0:DIPLO_STATE_MINOR_MINOR,,,, 0:DIPLO_STATE_MINOR_MINOR,, 0:DIPLO_STATE_MINOR_MINOR, 0:DIPLO_STATE_MINOR_MINOR_WAR,,,,,,,,,,,,,,,,,,,,,,,,,,,,,,,,,,,,,,,,,,,,,, 0:
54, 13, Threat and Trust,, 10.16:8:0.00, 10.16:8:0.00, 32.11:6:0.00, 10.16:8:0.00, 20.80:7:0.00, 119.70:4:0.00, 113.70:5:0.00, 120.80:3:0.00, 146.36:1:0.00, 126.11:2:0.00, 0.00:11:0.00,,,, 0.00:11:0.00,, 0.00:11:0.00, 0.00:11:0.00,,,,,,,,,,,,,,,,,,,,,,,,,,,,,,,,,,,,,,,,,,,,,, 0.00:11:0.00
54, 14, ,, 2:DIPLO_STATE_PATRON, 0:DIPLO_STATE_AWARE, 1:DIPLO_STATE_PATRON, 0:DIPLO_STATE_AWARE, 4:DIPLO_STATE_PATRON, 0:DIPLO_STATE_WAR_WITH_MAJOR, 0:DIPLO_STATE_WAR_WITH_MAJOR, 0:DIPLO_STATE_WAR_WITH_MAJOR, 0:DIPLO_STATE_WAR_WITH_MAJOR, 0:DIPLO_STATE_WAR_WITH_MAJOR, 0:DIPLO_STATE_MINOR_MINOR, 0:DIPLO_STATE_MINOR_MINOR,, 0:DIPLO_STATE_MINOR_MINOR,, 0:DIPLO_STATE_MINOR_MINOR, 0:DIPLO_STATE_MINOR_MINOR, 0:DIPLO_STATE_MINOR_MINOR_WAR,, 0:DIPLO_STATE_MINOR_MINOR, 0:DIPLO_STATE_MINOR_MINOR, 0:DIPLO_STATE_MINOR_MINOR,,,,,,,,,,,,,,,,,,,,,,,,,,,,,,,,,,,,,,,,,, 0:
54, 14, Threat and Trust,, 18.61:8:0.00, 10.16:9:0.00, 36.00:6:0.00, 10.16:9:0.00, 24.70:7:0.00, 123.61:4:0.00, 117.61:5:0.00, 124.70:3:0.00, 150.25:1:0.00, 130.00:2:0.00, 0.00:11:0.00, 0.00:11:0.00,, 0.00:11:0.00,, 0.00:11:0.00, 0.00:11:0.00, 0.00:11:0.00,, 0.00:11:0.00, 0.00:11:0.00, 0.00:11:0.00,,,,,,,,,,,,,,,,,,,,,,,,,,,,,,,,,,,,,,,,,, 0.00:11:0.00
54, 15, ,, 0:DIPLO_STATE_AWARE, 1:DIPLO_STATE_PATRON, 3:DIPLO_STATE_PATRON, 2:DIPLO_STATE_PATRON, 1:DIPLO_STATE_PATRON, 0:DIPLO_STATE_WAR_WITH_MAJOR, 0:DIPLO_STATE_WAR_WITH_MAJOR, 0:DIPLO_STATE_WAR_WITH_MAJOR, 0:DIPLO_STATE_WAR_WITH_MAJOR, 0:DIPLO_STATE_WAR_WITH_MAJOR, 0:DIPLO_STATE_MINOR_MINOR,,,, 0:DIPLO_STATE_MINOR_MINOR,, 0:DIPLO_STATE_MINOR_MINOR, 0:DIPLO_STATE_MINOR_MINOR_WAR,,, 0:DIPLO_STATE_MINOR_MINOR,,,,,,,,,,,,,,,,,,,,,,,,,,,,,,,,,,,,,,,,,,, 0:
54, 15, Threat and Trust,, 10.16:8:0.00, 10.16:8:0.00, 29.25:6:0.00, 10.16:8:0.00, 17.95:7:0.00, 116.86:4:0.00, 110.86:5:0.00, 117.95:3:0.00, 143.50:1:0.00, 123.25:2:0.00, 0.00:11:0.00,,,, 0.00:11:0.00,, 0.00:11:0.00, 0.00:11:0.00,,, 0.00:11:0.00,,,,,,,,,,,,,,,,,,,,,,,,,,,,,,,,,,,,,,,,,,, 0.00:11:0.00
54, 17, ,, 0:DIPLO_STATE_WAR_WITH_MAJOR, 3:DIPLO_STATE_WAR_WITH_MAJOR, 3:DIPLO_STATE_WAR_WITH_MAJOR, 4:DIPLO_STATE_WAR_WITH_MAJOR, 1:DIPLO_STATE_WAR_WITH_MAJOR, 1:DIPLO_STATE_PATRON, 6:DIPLO_STATE_PATRON, 2:DIPLO_STATE_PATRON, 2:DIPLO_STATE_PATRON, 5:DIPLO_STATE_PATRON, 0:DIPLO_STATE_MINOR_MINOR,, 0:DIPLO_STATE_MINOR_MINOR_WAR, 0:DIPLO_STATE_MINOR_MINOR_WAR, 0:DIPLO_STATE_MINOR_MINOR_WAR, 0:DIPLO_STATE_MINOR_MINOR_WAR, 0:DIPLO_STATE_MINOR_MINOR_WAR,,,, 0:DIPLO_STATE_MINOR_MINOR_WAR, 0:DIPLO_STATE_MINOR_MINOR,,,,,,,,,,,,,,,,,,,,,,,,,,,,,,,,,,,,,,,,,, 0:
54, 17, Threat and Trust,, 10.16:8:0.00, 10.16:8:0.00, 28.41:6:0.00, 10.16:8:0.00, 17.11:7:0.00, 116.00:4:0.00, 110.00:5:0.00, 117.11:3:0.00, 142.66:1:0.00, 122.41:2:0.00, 0.00:11:0.00,, 0.00:11:0.00, 0.00:11:0.00, 0.00:11:0.00, 0.00:11:0.00, 0.00:11:0.00,,,, 0.00:11:0.00, 0.00:11:0.00,,,,,,,,,,,,,,,,,,,,,,,,,,,,,,,,,,,,,,,,,, 0.00:11:0.00
54, 20, ,, 2:DIPLO_STATE_PATRON, 2:DIPLO_STATE_PATRON, 0:DIPLO_STATE_AWARE, 2:DIPLO_STATE_PATRON, 3:DIPLO_STATE_PATRON, 0:DIPLO_STATE_WAR_WITH_MAJOR, 0:DIPLO_STATE_WAR_WITH_MAJOR, 0:DIPLO_STATE_WAR_WITH_MAJOR, 0:DIPLO_STATE_WAR_WITH_MAJOR, 0:DIPLO_STATE_WAR_WITH_MAJOR, 0:DIPLO_STATE_MINOR_MINOR, 0:DIPLO_STATE_MINOR_MINOR,,, 0:DIPLO_STATE_MINOR_MINOR, 0:DIPLO_STATE_MINOR_MINOR, 0:DIPLO_STATE_MINOR_MINOR, 0:DIPLO_STATE_MINOR_MINOR_WAR,,,,,,,,,,,,,,,,,,,,,,,,,,,,,,,,,,,,,,,,,,,,,, 0:
54, 20, Threat and Trust,, 10.16:7:0.00, 10.16:7:0.00, 26.11:6:0.00, 10.16:7:0.00, 10.16:7:0.00, 113.70:4:0.00, 107.70:5:0.00, 114.80:3:0.00, 140.36:1:0.00, 120.11:2:0.00, 0.00:11:0.00, 0.00:11:0.00,,, 0.00:11:0.00, 0.00:11:0.00, 0.00:11:0.00, 0.00:11:0.00,,,,,,,,,,,,,,,,,,,,,,,,,,,,,,,,,,,,,,,,,,,,,, 0.00:11:0.00
54, 21, ,, 4:DIPLO_STATE_PATRON, 4:DIPLO_STATE_PATRON, 0:DIPLO_STATE_AWARE, 0:DIPLO_STATE_AWARE, 3:DIPLO_STATE_PATRON, 1:DIPLO_STATE_PATRON, 0:DIPLO_STATE_AWARE, 1:DIPLO_STATE_PATRON, 2:DIPLO_STATE_PATRON, 0:DIPLO_STATE_AWARE, 0:DIPLO_STATE_MINOR_MINOR,, 0:DIPLO_STATE_MINOR_MINOR,, 0:DIPLO_STATE_MINOR_MINOR,, 0:DIPLO_STATE_MINOR_MINOR, 0:DIPLO_STATE_MINOR_MINOR,,,,,,,,,,,,,,,,,,,,,,,,,,,,,,,,,,,,,,,,,,,,,, 0:
54, 21, Threat and Trust,, 10.16:7:0.00, 10.16:7:0.00, 21.16:6:0.00, 10.16:7:0.00, 10.16:7:0.00, 108.75:4:0.00, 102.75:5:0.00, 109.86:3:0.00, 135.41:1:0.00, 115.16:2:0.00, 0.00:11:0.00,, 0.00:11:0.00,, 0.00:11:0.00,, 0.00:11:0.00, 0.00:11:0.00,,,,,,,,,,,,,,,,,,,,,,,,,,,,,,,,,,,,,,,,,,,,,, 0.00:11:0.00
54, 62, ,, 0:DIPLO_STATE_FREE_CITIES_NEUTRAL, 0:DIPLO_STATE_FREE_CITIES_NEUTRAL, 0:DIPLO_STATE_FREE_CITIES_NEUTRAL, 0:DIPLO_STATE_FREE_CITIES_NEUTRAL, 0:DIPLO_STATE_FREE_CITIES_NEUTRAL, 0:DIPLO_STATE_FREE_CITIES_NEUTRAL, 0:DIPLO_STATE_FREE_CITIES_NEUTRAL, 0:DIPLO_STATE_FREE_CITIES_NEUTRAL, 0:DIPLO_STATE_FREE_CITIES_NEUTRAL, 0:DIPLO_STATE_FREE_CITIES_NEUTRAL,,,,,,,,,,,,,,,,,,,,,,,,,,,,,,,,,,,,,,,,,,,,,,,,,,,,,,
54, 62, Threat and Trust,, 22.95:8:0.00, 16.05:9:0.00, 40.36:6:0.00, 10.16:10:0.00, 29.05:7:0.00, 127.95:4:0.00, 121.95:5:0.00, 129.05:3:0.00, 154.61:1:0.00, 134.36:2:0.00,,,,,,,,,,,,,,,,,,,,,,,,,,,,,,,,,,,,,,,,,,,,,,,,,,,,,,
54, 63, ,, 0:, 0:, 0:, 0:, 0:, 0:, 0:, 0:, 0:, 0:, 0:, 0:, 0:, 0:, 0:, 0:, 0:, 0:, 0:, 0:, 0:, 0:,,,,,,,,,,,,,,,,,,,,,,,,,,,,,,,,,,,,,,,,,,
54, 63, Threat and Trust,, 0.00:1:0.00, 0.00:1:0.00, 0.00:1:0.00, 0.00:1:0.00, 0.00:1:0.00, 0.00:1:0.00, 0.00:1:0.00, 0.00:1:0.00, 0.00:1:0.00, 0.00:1:0.00, 0.00:1:0.00, 0.00:1:0.00, 0.00:1:0.00, 0.00:1:0.00, 0.00:1:0.00, 0.00:1:0.00, 0.00:1:0.00, 0.00:1:0.00, 0.00:1:0.00, 0.00:1:0.00, 0.00:1:0.00, 0.00:1:0.00,,,,,,,,,,,,,,,,,,,,,,,,,,,,,,,,,,,,,,,,,,
54, 0, ,,, 25:DIPLO_STATE_ALLIED, 20:DIPLO_STATE_ALLIED, 8:DIPLO_STATE_ALLIED, 46:DIPLO_STATE_ALLIED, 8:DIPLO_STATE_WAR, 1:DIPLO_STATE_WAR, 1:DIPLO_STATE_WAR, -5:DIPLO_STATE_WAR, -5:DIPLO_STATE_WAR, 2:DIPLO_STATE_INFLUENTIAL, 0:DIPLO_STATE_NO_INFLUENCE, 1:DIPLO_STATE_INFLUENTIAL, 0:DIPLO_STATE_NO_INFLUENCE, 2:DIPLO_STATE_INFLUENTIAL, 0:DIPLO_STATE_NO_INFLUENCE, 0:DIPLO_STATE_NO_INFLUENCE, 0:DIPLO_STATE_WAR_WITH_MINOR, 0:DIPLO_STATE_NO_INFLUENCE, 0:DIPLO_STATE_NO_INFLUENCE, 2:DIPLO_STATE_INFLUENTIAL, 4:DIPLO_STATE_INFLUENTIAL,,,,,,,,,,,,,,,,,,,,,,,,,,,,,,,,,,,,,,,,, 0:DIPLO_STATE_FREE_CITIES_NEUTRAL, 0:
54, 0, Threat and Trust,,, 10.16:8:10.00, 91.60:6:8.00, 10.16:8:15.00, 15.70:7:17.00, 114.61:4:-10.00, 108.61:5:-5.00, 115.70:3:0.00, 141.25:1:-5.00, 121.00:2:2.00, 0.00:11:0.00, 0.00:11:0.00, 0.00:11:0.00, 0.00:11:0.00, 0.00:11:0.00, 0.00:11:0.00, 0.00:11:0.00, 0.00:11:0.00, 0.00:11:0.00, 0.00:11:0.00, 0.00:11:0.00, 0.00:11:0.00,,,,,,,,,,,,,,,,,,,,,,,,,,,,,,,,,,,,,,,,, 0.00:11:0.00, 0.00:11:0.00
54, 1, ,, 57:DIPLO_STATE_ALLIED,, 48:DIPLO_STATE_ALLIED, 44:DIPLO_STATE_ALLIED, 32:DIPLO_STATE_ALLIED, -6:DIPLO_STATE_WAR, -13:DIPLO_STATE_WAR, -6:DIPLO_STATE_WAR, -3:DIPLO_STATE_WAR, 2:DIPLO_STATE_WAR, 3:DIPLO_STATE_INFLUENTIAL, 0:DIPLO_STATE_NO_INFLUENCE, 3:DIPLO_STATE_MAX_INFLUENCE, 4:DIPLO_STATE_MAX_INFLUENCE, 0:DIPLO_STATE_NO_INFLUENCE, 1:DIPLO_STATE_INFLUENTIAL, 0:DIPLO_STATE_NO_INFLUENCE, 3:DIPLO_STATE_WAR_WITH_MINOR, 0:DIPLO_STATE_NO_INFLUENCE, 0:DIPLO_STATE_NO_INFLUENCE, 2:DIPLO_STATE_INFLUENTIAL, 4:DIPLO_STATE_INFLUENTIAL,,,,,,,,,,,,,,,,,,,,,,,,,,,,,,,,,,,,,,,,, 0:DIPLO_STATE_FREE_CITIES_NEUTRAL, 0:
54, 1, Threat and Trust,, 17.20:8:11.00,, 100.85:6:8.00, 10.16:9:13.00, 22.75:7:14.00, 121.66:4:-10.00, 115.66:5:-5.00, 122.75:3:0.00, 148.30:1:-5.00, 128.05:2:2.00, 0.00:11:0.00, 0.00:11:0.00, 0.00:11:0.00, 0.00:11:0.00, 0.00:11:0.00, 0.00:11:0.00, 0.00:11:0.00, 0.00:11:0.00, 0.00:11:0.00, 0.00:11:0.00, 0.00:11:0.00, 0.00:11:0.00,,,,,,,,,,,,,,,,,,,,,,,,,,,,,,,,,,,,,,,,, 0.00:11:0.00, 0.00:11:0.00
54, 2, ,, 38:DIPLO_STATE_ALLIED, 5:DIPLO_STATE_ALLIED,, 50:DIPLO_STATE_ALLIED, 46:DIPLO_STATE_ALLIED, -4:DIPLO_STATE_WAR, 5:DIPLO_STATE_WAR, -1:DIPLO_STATE_WAR, 18:DIPLO_STATE_WAR, 13:DIPLO_STATE_WAR, 3:DIPLO_STATE_INFLUENTIAL, 0:DIPLO_STATE_NO_INFLUENCE, 0:DIPLO_STATE_NO_INFLUENCE, 0:DIPLO_STATE_NO_INFLUENCE, 1:DIPLO_STATE_INFLUENTIAL, 3:DIPLO_STATE_MAX_INFLUENCE, 0:DIPLO_STATE_NO_INFLUENCE, 3:DIPLO_STATE_WAR_WITH_MINOR, 0:DIPLO_STATE_NO_INFLUENCE, 0:DIPLO_STATE_NO_INFLUENCE, 0:DIPLO_STATE_NO_INFLUENCE, 0:DIPLO_STATE_NO_INFLUENCE,,,,,,,,,,,,,,,,,,,,,,,,,,,,,,,,,,,,,,,,, 0:DIPLO_STATE_FREE_CITIES_NEUTRAL, 0:
54, 2, Threat and Trust,, 10.16:6:11.00, 10.16:6:9.00,, 10.16:6:14.00, 10.16:6:18.00, 94.75:4:-10.00, 88.75:5:-5.00, 95.86:3:0.00, 121.41:1:-5.00, 101.16:2:0.00, 0.00:11:0.00, 0.00:11:0.00, 0.00:11:0.00, 0.00:11:0.00, 0.00:11:0.00, 0.00:11:0.00, 0.00:11:0.00, 0.00:11:0.00, 0.00:11:0.00, 0.00:11:0.00, 0.00:11:0.00, 0.00:11:0.00,,,,,,,,,,,,,,,,,,,,,,,,,,,,,,,,,,,,,,,,, 0.00:11:0.00, 0.00:11:0.00
54, 3, ,, 21:DIPLO_STATE_ALLIED, 38:DIPLO_STATE_ALLIED, 50:DIPLO_STATE_ALLIED,, 26:DIPLO_STATE_ALLIED, -19:DIPLO_STATE_WAR, -11:DIPLO_STATE_WAR, -11:DIPLO_STATE_WAR, -6:DIPLO_STATE_WAR, -6:DIPLO_STATE_WAR, 0:DIPLO_STATE_NO_INFLUENCE, 0:DIPLO_STATE_NO_INFLUENCE, 1:DIPLO_STATE_INFLUENTIAL, 2:DIPLO_STATE_INFLUENTIAL, 0:DIPLO_STATE_NO_INFLUENCE, 2:DIPLO_STATE_INFLUENTIAL, 0:DIPLO_STATE_NO_INFLUENCE, 4:DIPLO_STATE_WAR_WITH_MINOR, 0:DIPLO_STATE_NO_INFLUENCE, 0:DIPLO_STATE_NO_INFLUENCE, 2:DIPLO_STATE_INFLUENTIAL, 0:DIPLO_STATE_NO_INFLUENCE,,,,,,,,,,,,,,,,,,,,,,,,,,,,,,,,,,,,,,,,, 0:DIPLO_STATE_FREE_CITIES_NEUTRAL, 0:
54, 3, Threat and Trust,, 19.75:8:16.00, 10.16:9:11.00, 39.61:6:11.00,, 25.30:7:20.00, 124.20:4:-10.00, 118.20:5:-5.00, 125.30:3:0.00, 150.86:1:-5.00, 130.61:2:0.00, 0.00:11:0.00, 0.00:11:0.00, 0.00:11:0.00, 0.00:11:0.00, 0.00:11:0.00, 0.00:11:0.00, 0.00:11:0.00, 0.00:11:0.00, 0.00:11:0.00, 0.00:11:0.00, 0.00:11:0.00, 0.00:11:0.00,,,,,,,,,,,,,,,,,,,,,,,,,,,,,,,,,,,,,,,,, 0.00:11:0.00, 0.00:11:0.00
54, 4, ,, 49:DIPLO_STATE_ALLIED, -6:DIPLO_STATE_ALLIED, 23:DIPLO_STATE_ALLIED, 3:DIPLO_STATE_ALLIED,, 6:DIPLO_STATE_WAR, -7:DIPLO_STATE_WAR, -7:DIPLO_STATE_WAR, 1:DIPLO_STATE_WAR, 1:DIPLO_STATE_WAR, 3:DIPLO_STATE_INFLUENTIAL, 0:DIPLO_STATE_NO_INFLUENCE, 1:DIPLO_STATE_INFLUENTIAL, 0:DIPLO_STATE_NO_INFLUENCE, 4:DIPLO_STATE_MAX_INFLUENCE, 1:DIPLO_STATE_INFLUENTIAL, 0:DIPLO_STATE_NO_INFLUENCE, 1:DIPLO_STATE_WAR_WITH_MINOR, 0:DIPLO_STATE_NO_INFLUENCE, 0:DIPLO_STATE_NO_INFLUENCE, 3:DIPLO_STATE_MAX_INFLUENCE, 3:DIPLO_STATE_INFLUENTIAL,,,,,,,,,,,,,,,,,,,,,,,,,,,,,,,,,,,,,,,,, 0:DIPLO_STATE_FREE_CITIES_NEUTRAL, 0:
54, 4, Threat and Trust,, 10.16:7:16.00, 10.16:7:15.00, 23.70:6:18.00, 10.16:7:23.00,, 108.30:4:-10.00, 102.30:5:-5.00, 109.41:3:2.00, 134.95:2:-5.00, 144.90:1:0.00, 0.00:11:0.00, 0.00:11:0.00, 0.00:11:0.00, 0.00:11:0.00, 0.00:11:0.00, 0.00:11:0.00, 0.00:11:0.00, 0.00:11:0.00, 0.00:11:0.00, 0.00:11:0.00, 0.00:11:0.00, 0.00:11:0.00,,,,,,,,,,,,,,,,,,,,,,,,,,,,,,,,,,,,,,,,, 0.00:11:0.00, 0.00:11:0.00
54, 2, ,, 38:DIPLO_STATE_ALLIED, 5:DIPLO_STATE_ALLIED,, 50:DIPLO_STATE_ALLIED, 46:DIPLO_STATE_ALLIED, -4:DIPLO_STATE_WAR, 5:DIPLO_STATE_WAR, -1:DIPLO_STATE_WAR, 18:DIPLO_STATE_WAR, 13:DIPLO_STATE_WAR, 3:DIPLO_STATE_INFLUENTIAL, 0:DIPLO_STATE_NO_INFLUENCE, 0:DIPLO_STATE_NO_INFLUENCE, 0:DIPLO_STATE_NO_INFLUENCE, 1:DIPLO_STATE_INFLUENTIAL, 3:DIPLO_STATE_MAX_INFLUENCE, 0:DIPLO_STATE_NO_INFLUENCE, 3:DIPLO_STATE_WAR_WITH_MINOR, 0:DIPLO_STATE_NO_INFLUENCE, 0:DIPLO_STATE_NO_INFLUENCE, 0:DIPLO_STATE_NO_INFLUENCE, 0:DIPLO_STATE_NO_INFLUENCE,,,,,,,,,,,,,,,,,,,,,,,,,,,,,,,,,,,,,,,,, 0:DIPLO_STATE_FREE_CITIES_NEUTRAL, 0:
54, 2, Threat and Trust,, 10.16:6:11.00, 10.16:6:9.00,, 10.16:6:14.00, 10.16:6:18.00, 94.75:4:-10.00, 88.75:5:-5.00, 95.86:3:0.00, 121.41:1:-5.00, 101.16:2:0.00, 0.00:11:0.00, 0.00:11:0.00, 0.00:11:0.00, 0.00:11:0.00, 0.00:11:0.00, 0.00:11:0.00, 0.00:11:0.00, 0.00:11:0.00, 0.00:11:0.00, 0.00:11:0.00, 0.00:11:0.00, 0.00:11:0.00,,,,,,,,,,,,,,,,,,,,,,,,,,,,,,,,,,,,,,,,, 0.00:11:0.00, 0.00:11:0.00
55, 5, ,, -46:DIPLO_STATE_WAR, -59:DIPLO_STATE_WAR, -55:DIPLO_STATE_WAR, -66:DIPLO_STATE_WAR, -33:DIPLO_STATE_WAR,, 11:DIPLO_STATE_ALLIED, 24:DIPLO_STATE_ALLIED, 22:DIPLO_STATE_ALLIED, 22:DIPLO_STATE_ALLIED, 4:DIPLO_STATE_INFLUENTIAL, 0:DIPLO_STATE_WAR_WITH_MINOR, 0:DIPLO_STATE_WAR_WITH_MINOR, 0:DIPLO_STATE_WAR_WITH_MINOR, 0:DIPLO_STATE_WAR_WITH_MINOR, 0:DIPLO_STATE_WAR_WITH_MINOR, 0:DIPLO_STATE_WAR_WITH_MINOR, 1:DIPLO_STATE_INFLUENTIAL, 0:DIPLO_STATE_WAR_WITH_MINOR, 0:DIPLO_STATE_WAR_WITH_MINOR, 0:DIPLO_STATE_WAR_WITH_MINOR, 1:DIPLO_STATE_INFLUENTIAL,,,,,,,,,,,,,,,,,,,,,,,,,,,,,,,,,,,,,,,,, 0:DIPLO_STATE_FREE_CITIES_NEUTRAL, 0:
55, 5, Threat and Trust,, 60.16:1:3.00, 60.16:1:1.00, 60.16:1:3.00, 60.16:1:3.00, 60.16:1:7.00,, 10.16:9:-5.00, 10.16:9:1.00, 38.11:7:-5.00, 17.86:8:2.00, 0.00:11:0.00, 0.00:11:0.00, 0.00:11:0.00, 0.00:11:0.00, 0.00:11:0.00, 0.00:11:0.00, 0.00:11:0.00, 0.00:11:0.00, 0.00:11:0.00, 0.00:11:0.00, 0.00:11:0.00, 0.00:11:0.00,,,,,,,,,,,,,,,,,,,,,,,,,,,,,,,,,,,,,,,,, 0.00:11:0.00, 0.00:11:0.00
55, 6, ,, -73:DIPLO_STATE_WAR, -73:DIPLO_STATE_WAR, -73:DIPLO_STATE_WAR, -83:DIPLO_STATE_WAR, -77:DIPLO_STATE_WAR, -10:DIPLO_STATE_ALLIED,, 1:DIPLO_STATE_ALLIED, 9:DIPLO_STATE_ALLIED, 1:DIPLO_STATE_ALLIED, 4:DIPLO_STATE_INFLUENTIAL, 0:DIPLO_STATE_WAR_WITH_MINOR, 0:DIPLO_STATE_WAR_WITH_MINOR, 0:DIPLO_STATE_WAR_WITH_MINOR, 0:DIPLO_STATE_WAR_WITH_MINOR, 0:DIPLO_STATE_WAR_WITH_MINOR, 0:DIPLO_STATE_WAR_WITH_MINOR, 6:DIPLO_STATE_MAX_INFLUENCE, 0:DIPLO_STATE_WAR_WITH_MINOR, 0:DIPLO_STATE_WAR_WITH_MINOR, 0:DIPLO_STATE_WAR_WITH_MINOR, 0:DIPLO_STATE_NO_INFLUENCE,,,,,,,,,,,,,,,,,,,,,,,,,,,,,,,,,,,,,,,,, 0:DIPLO_STATE_FREE_CITIES_NEUTRAL, 0:
55, 6, Threat and Trust,, 60.16:1:2.00, 60.16:1:1.00, 60.16:1:2.00, 60.16:1:2.00, 60.16:1:6.00, 10.16:9:-10.00,, 17.41:8:1.00, 42.95:6:-5.00, 22.70:7:2.00, 0.00:11:0.00, 0.00:11:0.00, 0.00:11:0.00, 0.00:11:0.00, 0.00:11:0.00, 0.00:11:0.00, 0.00:11:0.00, 0.00:11:0.00, 0.00:11:0.00, 0.00:11:0.00, 0.00:11:0.00, 0.00:11:0.00,,,,,,,,,,,,,,,,,,,,,,,,,,,,,,,,,,,,,,,,, 0.00:11:0.00, 0.00:11:0.00
55, 7, ,, -80:DIPLO_STATE_WAR, -81:DIPLO_STATE_WAR, -84:DIPLO_STATE_WAR, -98:DIPLO_STATE_WAR, -77:DIPLO_STATE_WAR, -3:DIPLO_STATE_ALLIED, 15:DIPLO_STATE_ALLIED,, 4:DIPLO_STATE_ALLIED, 8:DIPLO_STATE_ALLIED, 4:DIPLO_STATE_INFLUENTIAL, 0:DIPLO_STATE_WAR_WITH_MINOR, 0:DIPLO_STATE_WAR_WITH_MINOR, 0:DIPLO_STATE_WAR_WITH_MINOR, 0:DIPLO_STATE_WAR_WITH_MINOR, 0:DIPLO_STATE_WAR_WITH_MINOR, 0:DIPLO_STATE_WAR_WITH_MINOR, 2:DIPLO_STATE_INFLUENTIAL, 0:DIPLO_STATE_WAR_WITH_MINOR, 0:DIPLO_STATE_WAR_WITH_MINOR, 0:DIPLO_STATE_WAR_WITH_MINOR, 1:DIPLO_STATE_INFLUENTIAL,,,,,,,,,,,,,,,,,,,,,,,,,,,,,,,,,,,,,,,,, 0:DIPLO_STATE_FREE_CITIES_NEUTRAL, 0:
55, 7, Threat and Trust,, 60.16:1:6.00, 60.16:1:2.00, 60.16:1:3.00, 60.16:1:7.00, 60.16:1:8.00, 10.16:7:-10.00, 10.16:7:-5.00,, 34.61:6:-5.00, 10.16:7:2.00, 0.00:11:0.00, 0.00:11:0.00, 0.00:11:0.00, 0.00:11:0.00, 0.00:11:0.00, 0.00:11:0.00, 0.00:11:0.00, 0.00:11:0.00, 0.00:11:0.00, 0.00:11:0.00, 0.00:11:0.00, 0.00:11:0.00,,,,,,,,,,,,,,,,,,,,,,,,,,,,,,,,,,,,,,,,, 0.00:11:0.00, 0.00:11:0.00
55, 8, ,, -92:DIPLO_STATE_WAR, -100:DIPLO_STATE_WAR, -72:DIPLO_STATE_WAR, -84:DIPLO_STATE_WAR, -80:DIPLO_STATE_WAR, 1:DIPLO_STATE_ALLIED, 13:DIPLO_STATE_ALLIED, 6:DIPLO_STATE_ALLIED,, 19:DIPLO_STATE_ALLIED, 3:DIPLO_STATE_INFLUENTIAL, 0:DIPLO_STATE_WAR_WITH_MINOR, 0:DIPLO_STATE_WAR_WITH_MINOR, 0:DIPLO_STATE_WAR_WITH_MINOR, 0:DIPLO_STATE_WAR_WITH_MINOR, 0:DIPLO_STATE_WAR_WITH_MINOR, 0:DIPLO_STATE_WAR_WITH_MINOR, 2:DIPLO_STATE_INFLUENTIAL, 0:DIPLO_STATE_WAR_WITH_MINOR, 0:DIPLO_STATE_WAR_WITH_MINOR, 0:DIPLO_STATE_WAR_WITH_MINOR, 2:DIPLO_STATE_INFLUENTIAL,,,,,,,,,,,,,,,,,,,,,,,,,,,,,,,,,,,,,,,,, 0:DIPLO_STATE_FREE_CITIES_NEUTRAL, 0:
55, 8, Threat and Trust,, 60.16:1:2.00, 60.16:1:1.00, 60.16:1:2.00, 60.16:1:2.00, 60.16:1:6.00, 10.16:6:-10.00, 10.16:6:-5.00, 10.16:6:1.00,, 10.16:6:2.00, 0.00:11:0.00, 0.00:11:0.00, 0.00:11:0.00, 0.00:11:0.00, 0.00:11:0.00, 0.00:11:0.00, 0.00:11:0.00, 0.00:11:0.00, 0.00:11:0.00, 0.00:11:0.00, 0.00:11:0.00, 0.00:11:0.00,,,,,,,,,,,,,,,,,,,,,,,,,,,,,,,,,,,,,,,,, 0.00:11:0.00, 0.00:11:0.00
55, 9, ,, -73:DIPLO_STATE_WAR, -83:DIPLO_STATE_WAR, -65:DIPLO_STATE_WAR, -68:DIPLO_STATE_WAR, -57:DIPLO_STATE_WAR, -8:DIPLO_STATE_ALLIED, 9:DIPLO_STATE_ALLIED, 1:DIPLO_STATE_ALLIED, 5:DIPLO_STATE_ALLIED,, 1:DIPLO_STATE_INFLUENTIAL, 0:DIPLO_STATE_WAR_WITH_MINOR, 0:DIPLO_STATE_WAR_WITH_MINOR, 0:DIPLO_STATE_WAR_WITH_MINOR, 0:DIPLO_STATE_WAR_WITH_MINOR, 0:DIPLO_STATE_WAR_WITH_MINOR, 0:DIPLO_STATE_WAR_WITH_MINOR, 5:DIPLO_STATE_INFLUENTIAL, 0:DIPLO_STATE_WAR_WITH_MINOR, 0:DIPLO_STATE_WAR_WITH_MINOR, 0:DIPLO_STATE_WAR_WITH_MINOR, 0:DIPLO_STATE_NO_INFLUENCE,,,,,,,,,,,,,,,,,,,,,,,,,,,,,,,,,,,,,,,,, 0:DIPLO_STATE_FREE_CITIES_NEUTRAL, 0:
55, 9, Threat and Trust,, 60.16:1:8.00, 60.16:1:3.00, 60.16:1:4.00, 60.16:1:6.00, 60.16:1:4.00, 10.16:8:-10.00, 10.16:8:-5.00, 10.16:8:1.00, 43.66:7:-5.00,, 0.00:11:0.00, 0.00:11:0.00, 0.00:11:0.00, 0.00:11:0.00, 0.00:11:0.00, 0.00:11:0.00, 0.00:11:0.00, 0.00:11:0.00, 0.00:11:0.00, 0.00:11:0.00, 0.00:11:0.00, 0.00:11:0.00,,,,,,,,,,,,,,,,,,,,,,,,,,,,,,,,,,,,,,,,, 0.00:11:0.00, 0.00:11:0.00
55, 10, ,, 2:DIPLO_STATE_WAR_WITH_MAJOR, 3:DIPLO_STATE_WAR_WITH_MAJOR, 3:DIPLO_STATE_WAR_WITH_MAJOR, 0:DIPLO_STATE_WAR_WITH_MAJOR, 3:DIPLO_STATE_WAR_WITH_MAJOR, 5:DIPLO_STATE_PATRON, 4:DIPLO_STATE_PATRON, 4:DIPLO_STATE_PATRON, 3:DIPLO_STATE_PATRON, 1:DIPLO_STATE_PATRON,,, 0:DIPLO_STATE_MINOR_MINOR_WAR, 0:DIPLO_STATE_MINOR_MINOR_WAR, 0:DIPLO_STATE_MINOR_MINOR_WAR, 0:DIPLO_STATE_MINOR_MINOR_WAR,, 0:DIPLO_STATE_MINOR_MINOR,,, 0:DIPLO_STATE_MINOR_MINOR_WAR, 0:DIPLO_STATE_MINOR_MINOR,,,,,,,,,,,,,,,,,,,,,,,,,,,,,,,,,,,,,,,,,, 0:
55, 10, Threat and Trust,, 60.16:7:0.00, 60.16:7:0.00, 81.05:2:0.00, 60.16:7:0.00, 67.50:5:0.00, 64.36:6:0.00, 59.50:10:0.00, 67.86:4:0.00, 103.25:1:0.00, 69.75:3:0.00,,, 0.00:11:0.00, 0.00:11:0.00, 0.00:11:0.00, 0.00:11:0.00,, 0.00:11:0.00,,, 0.00:11:0.00, 0.00:11:0.00,,,,,,,,,,,,,,,,,,,,,,,,,,,,,,,,,,,,,,,,,, 0.00:11:0.00
55, 12, ,, 1:DIPLO_STATE_PATRON, 3:DIPLO_STATE_PATRON, 0:DIPLO_STATE_AWARE, 1:DIPLO_STATE_PATRON, 1:DIPLO_STATE_PATRON, 0:DIPLO_STATE_WAR_WITH_MAJOR, 0:DIPLO_STATE_WAR_WITH_MAJOR, 0:DIPLO_STATE_WAR_WITH_MAJOR, 0:DIPLO_STATE_WAR_WITH_MAJOR, 0:DIPLO_STATE_WAR_WITH_MAJOR, 0:DIPLO_STATE_MINOR_MINOR_WAR,,,,,,, 0:DIPLO_STATE_MINOR_MINOR_WAR,,,, 0:DIPLO_STATE_MINOR_MINOR,,,,,,,,,,,,,,,,,,,,,,,,,,,,,,,,,,,,,,,,,, 0:
55, 12, Threat and Trust,, 68.36:7:0.00, 60.16:9:0.00, 88.20:2:0.00, 60.16:9:0.00, 74.66:5:0.00, 71.50:6:0.00, 66.66:8:0.00, 75.00:4:0.00, 110.41:1:0.00, 76.91:3:0.00, 0.00:11:0.00,,,,,,, 0.00:11:0.00,,,, 0.00:11:0.00,,,,,,,,,,,,,,,,,,,,,,,,,,,,,,,,,,,,,,,,,, 0.00:11:0.00
55, 13, ,, 0:DIPLO_STATE_AWARE, 4:DIPLO_STATE_PATRON, 0:DIPLO_STATE_AWARE, 2:DIPLO_STATE_PATRON, 0:DIPLO_STATE_AWARE, 0:DIPLO_STATE_WAR_WITH_MAJOR, 0:DIPLO_STATE_WAR_WITH_MAJOR, 0:DIPLO_STATE_WAR_WITH_MAJOR, 0:DIPLO_STATE_WAR_WITH_MAJOR, 0:DIPLO_STATE_WAR_WITH_MAJOR, 0:DIPLO_STATE_MINOR_MINOR_WAR,,,, 0:DIPLO_STATE_MINOR_MINOR,, 0:DIPLO_STATE_MINOR_MINOR, 0:DIPLO_STATE_MINOR_MINOR_WAR,,,,,,,,,,,,,,,,,,,,,,,,,,,,,,,,,,,,,,,,,,,,,, 0:
55, 13, Threat and Trust,, 60.16:8:0.00, 60.16:8:0.00, 84.50:2:0.00, 60.16:8:0.00, 70.95:5:0.00, 67.80:6:0.00, 62.95:7:0.00, 71.30:4:0.00, 106.70:1:0.00, 73.20:3:0.00, 0.00:11:0.00,,,, 0.00:11:0.00,, 0.00:11:0.00, 0.00:11:0.00,,,,,,,,,,,,,,,,,,,,,,,,,,,,,,,,,,,,,,,,,,,,,, 0.00:11:0.00
55, 14, ,, 2:DIPLO_STATE_PATRON, 0:DIPLO_STATE_AWARE, 1:DIPLO_STATE_PATRON, 0:DIPLO_STATE_AWARE, 4:DIPLO_STATE_PATRON, 0:DIPLO_STATE_WAR_WITH_MAJOR, 0:DIPLO_STATE_WAR_WITH_MAJOR, 0:DIPLO_STATE_WAR_WITH_MAJOR, 0:DIPLO_STATE_WAR_WITH_MAJOR, 0:DIPLO_STATE_WAR_WITH_MAJOR, 0:DIPLO_STATE_MINOR_MINOR_WAR, 0:DIPLO_STATE_MINOR_MINOR,, 0:DIPLO_STATE_MINOR_MINOR,, 0:DIPLO_STATE_MINOR_MINOR, 0:DIPLO_STATE_MINOR_MINOR, 0:DIPLO_STATE_MINOR_MINOR_WAR,, 0:DIPLO_STATE_MINOR_MINOR, 0:DIPLO_STATE_MINOR_MINOR, 0:DIPLO_STATE_MINOR_MINOR,,,,,,,,,,,,,,,,,,,,,,,,,,,,,,,,,,,,,,,,,, 0:
55, 14, Threat and Trust,, 69.11:7:0.00, 60.16:9:0.00, 88.95:2:0.00, 60.16:9:0.00, 75.41:5:0.00, 72.25:6:0.00, 67.41:8:0.00, 75.75:4:0.00, 111.16:1:0.00, 77.66:3:0.00, 0.00:11:0.00, 0.00:11:0.00,, 0.00:11:0.00,, 0.00:11:0.00, 0.00:11:0.00, 0.00:11:0.00,, 0.00:11:0.00, 0.00:11:0.00, 0.00:11:0.00,,,,,,,,,,,,,,,,,,,,,,,,,,,,,,,,,,,,,,,,,, 0.00:11:0.00
55, 15, ,, 0:DIPLO_STATE_AWARE, 1:DIPLO_STATE_PATRON, 3:DIPLO_STATE_PATRON, 2:DIPLO_STATE_PATRON, 1:DIPLO_STATE_PATRON, 0:DIPLO_STATE_WAR_WITH_MAJOR, 0:DIPLO_STATE_WAR_WITH_MAJOR, 0:DIPLO_STATE_WAR_WITH_MAJOR, 0:DIPLO_STATE_WAR_WITH_MAJOR, 0:DIPLO_STATE_WAR_WITH_MAJOR, 0:DIPLO_STATE_MINOR_MINOR_WAR,,,, 0:DIPLO_STATE_MINOR_MINOR,, 0:DIPLO_STATE_MINOR_MINOR, 0:DIPLO_STATE_MINOR_MINOR_WAR,,, 0:DIPLO_STATE_MINOR_MINOR,,,,,,,,,,,,,,,,,,,,,,,,,,,,,,,,,,,,,,,,,,, 0:
55, 15, Threat and Trust,, 60.16:8:0.00, 60.16:8:0.00, 82.20:2:0.00, 60.16:8:0.00, 68.66:5:0.00, 65.50:6:0.00, 60.66:7:0.00, 69.00:4:0.00, 104.41:1:0.00, 70.91:3:0.00, 0.00:11:0.00,,,, 0.00:11:0.00,, 0.00:11:0.00, 0.00:11:0.00,,, 0.00:11:0.00,,,,,,,,,,,,,,,,,,,,,,,,,,,,,,,,,,,,,,,,,,, 0.00:11:0.00
55, 17, ,, 0:DIPLO_STATE_WAR_WITH_MAJOR, 3:DIPLO_STATE_WAR_WITH_MAJOR, 3:DIPLO_STATE_WAR_WITH_MAJOR, 4:DIPLO_STATE_WAR_WITH_MAJOR, 1:DIPLO_STATE_WAR_WITH_MAJOR, 1:DIPLO_STATE_PATRON, 6:DIPLO_STATE_PATRON, 2:DIPLO_STATE_PATRON, 2:DIPLO_STATE_PATRON, 5:DIPLO_STATE_PATRON, 0:DIPLO_STATE_MINOR_MINOR,, 0:DIPLO_STATE_MINOR_MINOR_WAR, 0:DIPLO_STATE_MINOR_MINOR_WAR, 0:DIPLO_STATE_MINOR_MINOR_WAR, 0:DIPLO_STATE_MINOR_MINOR_WAR, 0:DIPLO_STATE_MINOR_MINOR_WAR,,,, 0:DIPLO_STATE_MINOR_MINOR_WAR, 0:DIPLO_STATE_MINOR_MINOR,,,,,,,,,,,,,,,,,,,,,,,,,,,,,,,,,,,,,,,,,, 0:
55, 17, Threat and Trust,, 60.16:7:0.00, 60.16:7:0.00, 80.75:2:0.00, 60.16:7:0.00, 67.20:5:0.00, 64.05:6:0.00, 59.20:10:0.00, 67.55:4:0.00, 102.95:1:0.00, 69.45:3:0.00, 0.00:11:0.00,, 0.00:11:0.00, 0.00:11:0.00, 0.00:11:0.00, 0.00:11:0.00, 0.00:11:0.00,,,, 0.00:11:0.00, 0.00:11:0.00,,,,,,,,,,,,,,,,,,,,,,,,,,,,,,,,,,,,,,,,,, 0.00:11:0.00
55, 20, ,, 2:DIPLO_STATE_PATRON, 2:DIPLO_STATE_PATRON, 0:DIPLO_STATE_AWARE, 2:DIPLO_STATE_PATRON, 3:DIPLO_STATE_PATRON, 0:DIPLO_STATE_WAR_WITH_MAJOR, 0:DIPLO_STATE_WAR_WITH_MAJOR, 0:DIPLO_STATE_WAR_WITH_MAJOR, 0:DIPLO_STATE_WAR_WITH_MAJOR, 0:DIPLO_STATE_WAR_WITH_MAJOR, 0:DIPLO_STATE_MINOR_MINOR_WAR, 0:DIPLO_STATE_MINOR_MINOR,,, 0:DIPLO_STATE_MINOR_MINOR, 0:DIPLO_STATE_MINOR_MINOR, 0:DIPLO_STATE_MINOR_MINOR, 0:DIPLO_STATE_MINOR_MINOR_WAR,,,,,,,,,,,,,,,,,,,,,,,,,,,,,,,,,,,,,,,,,,,,,, 0:
55, 20, Threat and Trust,, 60.16:7:0.00, 60.16:7:0.00, 79.11:2:0.00, 60.16:7:0.00, 65.55:5:0.00, 62.41:6:0.00, 57.55:10:0.00, 65.91:4:0.00, 101.30:1:0.00, 67.80:3:0.00, 0.00:11:0.00, 0.00:11:0.00,,, 0.00:11:0.00, 0.00:11:0.00, 0.00:11:0.00, 0.00:11:0.00,,,,,,,,,,,,,,,,,,,,,,,,,,,,,,,,,,,,,,,,,,,,,, 0.00:11:0.00
55, 21, ,, 4:DIPLO_STATE_PATRON, 4:DIPLO_STATE_PATRON, 0:DIPLO_STATE_AWARE, 0:DIPLO_STATE_AWARE, 3:DIPLO_STATE_PATRON, 1:DIPLO_STATE_PATRON, 0:DIPLO_STATE_AWARE, 1:DIPLO_STATE_PATRON, 2:DIPLO_STATE_PATRON, 0:DIPLO_STATE_AWARE, 0:DIPLO_STATE_MINOR_MINOR,, 0:DIPLO_STATE_MINOR_MINOR,, 0:DIPLO_STATE_MINOR_MINOR,, 0:DIPLO_STATE_MINOR_MINOR, 0:DIPLO_STATE_MINOR_MINOR,,,,,,,,,,,,,,,,,,,,,,,,,,,,,,,,,,,,,,,,,,,,,, 0:
55, 21, Threat and Trust,, 60.16:5:0.00, 60.16:5:0.00, 74.16:2:0.00, 60.16:5:0.00, 60.16:5:0.00, 57.45:9:0.00, 52.61:10:0.00, 60.95:4:0.00, 96.36:1:0.00, 62.86:3:0.00, 0.00:11:0.00,, 0.00:11:0.00,, 0.00:11:0.00,, 0.00:11:0.00, 0.00:11:0.00,,,,,,,,,,,,,,,,,,,,,,,,,,,,,,,,,,,,,,,,,,,,,, 0.00:11:0.00
55, 62, ,, 0:DIPLO_STATE_FREE_CITIES_NEUTRAL, 0:DIPLO_STATE_FREE_CITIES_NEUTRAL, 0:DIPLO_STATE_FREE_CITIES_NEUTRAL, 0:DIPLO_STATE_FREE_CITIES_NEUTRAL, 0:DIPLO_STATE_FREE_CITIES_NEUTRAL, 0:DIPLO_STATE_FREE_CITIES_NEUTRAL, 0:DIPLO_STATE_FREE_CITIES_NEUTRAL, 0:DIPLO_STATE_FREE_CITIES_NEUTRAL, 0:DIPLO_STATE_FREE_CITIES_NEUTRAL, 0:DIPLO_STATE_FREE_CITIES_NEUTRAL,,,,,,,,,,,,,,,,,,,,,,,,,,,,,,,,,,,,,,,,,,,,,,,,,,,,,,
55, 62, Threat and Trust,, 73.50:7:0.00, 66.45:9:0.00, 93.36:2:0.00, 60.16:10:0.00, 79.80:5:0.00, 76.66:6:0.00, 71.80:8:0.00, 80.16:4:0.00, 115.55:1:0.00, 82.05:3:0.00,,,,,,,,,,,,,,,,,,,,,,,,,,,,,,,,,,,,,,,,,,,,,,,,,,,,,,
55, 63, ,, 0:, 0:, 0:, 0:, 0:, 0:, 0:, 0:, 0:, 0:, 0:, 0:, 0:, 0:, 0:, 0:, 0:, 0:, 0:, 0:, 0:, 0:,,,,,,,,,,,,,,,,,,,,,,,,,,,,,,,,,,,,,,,,,,
55, 63, Threat and Trust,, 0.00:1:0.00, 0.00:1:0.00, 0.00:1:0.00, 0.00:1:0.00, 0.00:1:0.00, 0.00:1:0.00, 0.00:1:0.00, 0.00:1:0.00, 0.00:1:0.00, 0.00:1:0.00, 0.00:1:0.00, 0.00:1:0.00, 0.00:1:0.00, 0.00:1:0.00, 0.00:1:0.00, 0.00:1:0.00, 0.00:1:0.00, 0.00:1:0.00, 0.00:1:0.00, 0.00:1:0.00, 0.00:1:0.00, 0.00:1:0.00,,,,,,,,,,,,,,,,,,,,,,,,,,,,,,,,,,,,,,,,,,
55, 0, ,,, 24:DIPLO_STATE_ALLIED, 20:DIPLO_STATE_ALLIED, 7:DIPLO_STATE_ALLIED, 46:DIPLO_STATE_ALLIED, 8:DIPLO_STATE_WAR, 1:DIPLO_STATE_WAR, 1:DIPLO_STATE_WAR, -5:DIPLO_STATE_WAR, -5:DIPLO_STATE_WAR, 2:DIPLO_STATE_WAR_WITH_MINOR, 0:DIPLO_STATE_NO_INFLUENCE, 1:DIPLO_STATE_INFLUENTIAL, 0:DIPLO_STATE_NO_INFLUENCE, 2:DIPLO_STATE_INFLUENTIAL, 0:DIPLO_STATE_NO_INFLUENCE, 0:DIPLO_STATE_NO_INFLUENCE, 0:DIPLO_STATE_WAR_WITH_MINOR, 0:DIPLO_STATE_NO_INFLUENCE, 0:DIPLO_STATE_NO_INFLUENCE, 3:DIPLO_STATE_INFLUENTIAL, 4:DIPLO_STATE_INFLUENTIAL,,,,,,,,,,,,,,,,,,,,,,,,,,,,,,,,,,,,,,,,, 0:DIPLO_STATE_FREE_CITIES_NEUTRAL, 0:
55, 0, Threat and Trust,,, 60.16:7:10.00, 137.61:1:9.00, 60.16:7:15.00, 67.05:5:18.00, 63.91:6:-10.00, 59.05:10:-5.00, 67.41:4:0.00, 102.80:2:-5.00, 69.30:3:2.00, 0.00:11:0.00, 0.00:11:0.00, 0.00:11:0.00, 0.00:11:0.00, 0.00:11:0.00, 0.00:11:0.00, 0.00:11:0.00, 0.00:11:0.00, 0.00:11:0.00, 0.00:11:0.00, 0.00:11:0.00, 0.00:11:0.00,,,,,,,,,,,,,,,,,,,,,,,,,,,,,,,,,,,,,,,,, 0.00:11:0.00, 0.00:11:0.00
55, 1, ,, 61:DIPLO_STATE_ALLIED,, 39:DIPLO_STATE_ALLIED, 48:DIPLO_STATE_ALLIED, 24:DIPLO_STATE_ALLIED, -12:DIPLO_STATE_WAR, -19:DIPLO_STATE_WAR, -12:DIPLO_STATE_WAR, -16:DIPLO_STATE_WAR, -4:DIPLO_STATE_WAR, 3:DIPLO_STATE_WAR_WITH_MINOR, 0:DIPLO_STATE_NO_INFLUENCE, 3:DIPLO_STATE_MAX_INFLUENCE, 4:DIPLO_STATE_MAX_INFLUENCE, 0:DIPLO_STATE_NO_INFLUENCE, 1:DIPLO_STATE_INFLUENTIAL, 0:DIPLO_STATE_NO_INFLUENCE, 3:DIPLO_STATE_WAR_WITH_MINOR, 0:DIPLO_STATE_NO_INFLUENCE, 0:DIPLO_STATE_NO_INFLUENCE, 2:DIPLO_STATE_INFLUENTIAL, 4:DIPLO_STATE_INFLUENTIAL,,,,,,,,,,,,,,,,,,,,,,,,,,,,,,,,,,,,,,,,, 0:DIPLO_STATE_FREE_CITIES_NEUTRAL, 0:
55, 1, Threat and Trust,, 66.91:7:11.00,, 135.36:1:9.00, 60.16:9:13.00, 73.80:5:15.00, 70.66:6:-10.00, 65.80:8:-5.00, 74.16:4:0.00, 109.55:2:-5.00, 76.05:3:2.00, 0.00:11:0.00, 0.00:11:0.00, 0.00:11:0.00, 0.00:11:0.00, 0.00:11:0.00, 0.00:11:0.00, 0.00:11:0.00, 0.00:11:0.00, 0.00:11:0.00, 0.00:11:0.00, 0.00:11:0.00, 0.00:11:0.00,,,,,,,,,,,,,,,,,,,,,,,,,,,,,,,,,,,,,,,,, 0.00:11:0.00, 0.00:11:0.00
55, 2, ,, 39:DIPLO_STATE_ALLIED, 4:DIPLO_STATE_ALLIED,, 49:DIPLO_STATE_ALLIED, 44:DIPLO_STATE_ALLIED, -4:DIPLO_STATE_WAR, 5:DIPLO_STATE_WAR, -1:DIPLO_STATE_WAR, 18:DIPLO_STATE_WAR, 14:DIPLO_STATE_WAR, 3:DIPLO_STATE_WAR_WITH_MINOR, 0:DIPLO_STATE_NO_INFLUENCE, 0:DIPLO_STATE_NO_INFLUENCE, 0:DIPLO_STATE_NO_INFLUENCE, 1:DIPLO_STATE_INFLUENTIAL, 3:DIPLO_STATE_MAX_INFLUENCE, 0:DIPLO_STATE_NO_INFLUENCE, 3:DIPLO_STATE_WAR_WITH_MINOR, 0:DIPLO_STATE_NO_INFLUENCE, 0:DIPLO_STATE_NO_INFLUENCE, 0:DIPLO_STATE_NO_INFLUENCE, 0:DIPLO_STATE_NO_INFLUENCE,,,,,,,,,,,,,,,,,,,,,,,,,,,,,,,,,,,,,,,,, 0:DIPLO_STATE_FREE_CITIES_NEUTRAL, 0:
55, 2, Threat and Trust,, 60.16:2:11.00, 60.16:2:9.00,, 60.16:2:14.00, 60.16:2:20.00, 42.66:9:-10.00, 37.80:10:-5.00, 46.16:8:0.00, 81.55:1:-5.00, 48.05:7:0.00, 0.00:11:0.00, 0.00:11:0.00, 0.00:11:0.00, 0.00:11:0.00, 0.00:11:0.00, 0.00:11:0.00, 0.00:11:0.00, 0.00:11:0.00, 0.00:11:0.00, 0.00:11:0.00, 0.00:11:0.00, 0.00:11:0.00,,,,,,,,,,,,,,,,,,,,,,,,,,,,,,,,,,,,,,,,, 0.00:11:0.00, 0.00:11:0.00
55, 3, ,, 20:DIPLO_STATE_ALLIED, 37:DIPLO_STATE_ALLIED, 48:DIPLO_STATE_ALLIED,, 24:DIPLO_STATE_ALLIED, -19:DIPLO_STATE_WAR, -11:DIPLO_STATE_WAR, -11:DIPLO_STATE_WAR, -6:DIPLO_STATE_WAR, -6:DIPLO_STATE_WAR, 0:DIPLO_STATE_WAR_WITH_MINOR, 0:DIPLO_STATE_NO_INFLUENCE, 1:DIPLO_STATE_INFLUENTIAL, 2:DIPLO_STATE_INFLUENTIAL, 0:DIPLO_STATE_NO_INFLUENCE, 2:DIPLO_STATE_INFLUENTIAL, 0:DIPLO_STATE_NO_INFLUENCE, 4:DIPLO_STATE_WAR_WITH_MINOR, 0:DIPLO_STATE_NO_INFLUENCE, 0:DIPLO_STATE_NO_INFLUENCE, 2:DIPLO_STATE_INFLUENTIAL, 0:DIPLO_STATE_NO_INFLUENCE,,,,,,,,,,,,,,,,,,,,,,,,,,,,,,,,,,,,,,,,, 0:DIPLO_STATE_FREE_CITIES_NEUTRAL, 0:
55, 3, Threat and Trust,, 67.61:7:16.00, 60.16:9:11.00, 88.86:2:12.00,, 74.50:5:21.00, 71.36:6:-10.00, 66.50:8:-5.00, 74.86:4:0.00, 110.25:1:-5.00, 76.75:3:0.00, 0.00:11:0.00, 0.00:11:0.00, 0.00:11:0.00, 0.00:11:0.00, 0.00:11:0.00, 0.00:11:0.00, 0.00:11:0.00, 0.00:11:0.00, 0.00:11:0.00, 0.00:11:0.00, 0.00:11:0.00, 0.00:11:0.00,,,,,,,,,,,,,,,,,,,,,,,,,,,,,,,,,,,,,,,,, 0.00:11:0.00, 0.00:11:0.00
55, 4, ,, 55:DIPLO_STATE_ALLIED, -7:DIPLO_STATE_ALLIED, 33:DIPLO_STATE_ALLIED, 2:DIPLO_STATE_ALLIED,, 6:DIPLO_STATE_WAR, -7:DIPLO_STATE_WAR, -7:DIPLO_STATE_WAR, -7:DIPLO_STATE_WAR, 1:DIPLO_STATE_WAR, 3:DIPLO_STATE_WAR_WITH_MINOR, 0:DIPLO_STATE_NO_INFLUENCE, 2:DIPLO_STATE_INFLUENTIAL, 0:DIPLO_STATE_NO_INFLUENCE, 4:DIPLO_STATE_MAX_INFLUENCE, 1:DIPLO_STATE_INFLUENTIAL, 0:DIPLO_STATE_NO_INFLUENCE, 1:DIPLO_STATE_WAR_WITH_MINOR, 0:DIPLO_STATE_NO_INFLUENCE, 0:DIPLO_STATE_NO_INFLUENCE, 3:DIPLO_STATE_INFLUENTIAL, 3:DIPLO_STATE_INFLUENTIAL,,,,,,,,,,,,,,,,,,,,,,,,,,,,,,,,,,,,,,,,, 0:DIPLO_STATE_FREE_CITIES_NEUTRAL, 0:
55, 4, Threat and Trust,, 60.16:4:16.00, 60.16:4:15.00, 72.75:3:20.00, 60.16:4:23.00,, 55.25:9:-10.00, 50.41:10:-5.00, 58.75:8:2.00, 94.16:2:-5.00, 113.86:1:0.00, 0.00:11:0.00, 0.00:11:0.00, 0.00:11:0.00, 0.00:11:0.00, 0.00:11:0.00, 0.00:11:0.00, 0.00:11:0.00, 0.00:11:0.00, 0.00:11:0.00, 0.00:11:0.00, 0.00:11:0.00, 0.00:11:0.00,,,,,,,,,,,,,,,,,,,,,,,,,,,,,,,,,,,,,,,,, 0.00:11:0.00, 0.00:11:0.00
55, 3, ,, 20:DIPLO_STATE_ALLIED, 37:DIPLO_STATE_ALLIED, 48:DIPLO_STATE_ALLIED,, 24:DIPLO_STATE_ALLIED, -19:DIPLO_STATE_WAR, -11:DIPLO_STATE_WAR, -11:DIPLO_STATE_WAR, -6:DIPLO_STATE_WAR, -6:DIPLO_STATE_WAR, 0:DIPLO_STATE_WAR_WITH_MINOR, 0:DIPLO_STATE_NO_INFLUENCE, 1:DIPLO_STATE_INFLUENTIAL, 2:DIPLO_STATE_INFLUENTIAL, 0:DIPLO_STATE_NO_INFLUENCE, 2:DIPLO_STATE_INFLUENTIAL, 0:DIPLO_STATE_NO_INFLUENCE, 4:DIPLO_STATE_WAR_WITH_MINOR, 0:DIPLO_STATE_NO_INFLUENCE, 0:DIPLO_STATE_NO_INFLUENCE, 2:DIPLO_STATE_INFLUENTIAL, 0:DIPLO_STATE_NO_INFLUENCE,,,,,,,,,,,,,,,,,,,,,,,,,,,,,,,,,,,,,,,,, 0:DIPLO_STATE_FREE_CITIES_NEUTRAL, 0:
55, 3, Threat and Trust,, 67.61:7:16.00, 60.16:9:11.00, 88.86:2:12.00,, 74.50:5:21.00, 71.36:6:-10.00, 66.50:8:-5.00, 74.86:4:0.00, 110.25:1:-5.00, 76.75:3:0.00, 0.00:11:0.00, 0.00:11:0.00, 0.00:11:0.00, 0.00:11:0.00, 0.00:11:0.00, 0.00:11:0.00, 0.00:11:0.00, 0.00:11:0.00, 0.00:11:0.00, 0.00:11:0.00, 0.00:11:0.00, 0.00:11:0.00,,,,,,,,,,,,,,,,,,,,,,,,,,,,,,,,,,,,,,,,, 0.00:11:0.00, 0.00:11:0.00
55, 3, ,, 20:DIPLO_STATE_ALLIED, 37:DIPLO_STATE_ALLIED, 48:DIPLO_STATE_ALLIED,, 24:DIPLO_STATE_ALLIED, -19:DIPLO_STATE_WAR, -11:DIPLO_STATE_WAR, -11:DIPLO_STATE_WAR, -6:DIPLO_STATE_WAR, -6:DIPLO_STATE_WAR, 0:DIPLO_STATE_WAR_WITH_MINOR, 0:DIPLO_STATE_NO_INFLUENCE, 1:DIPLO_STATE_INFLUENTIAL, 2:DIPLO_STATE_INFLUENTIAL, 0:DIPLO_STATE_NO_INFLUENCE, 2:DIPLO_STATE_INFLUENTIAL, 0:DIPLO_STATE_NO_INFLUENCE, 4:DIPLO_STATE_WAR_WITH_MINOR, 0:DIPLO_STATE_NO_INFLUENCE, 0:DIPLO_STATE_NO_INFLUENCE, 2:DIPLO_STATE_INFLUENTIAL, 0:DIPLO_STATE_NO_INFLUENCE,,,,,,,,,,,,,,,,,,,,,,,,,,,,,,,,,,,,,,,,, 0:DIPLO_STATE_FREE_CITIES_NEUTRAL, 0:
55, 3, Threat and Trust,, 67.61:7:16.00, 60.16:9:11.00, 88.86:2:12.00,, 74.50:5:21.00, 71.36:6:-10.00, 66.50:8:-5.00, 74.86:4:0.00, 110.25:1:-5.00, 76.75:3:0.00, 0.00:11:0.00, 0.00:11:0.00, 0.00:11:0.00, 0.00:11:0.00, 0.00:11:0.00, 0.00:11:0.00, 0.00:11:0.00, 0.00:11:0.00, 0.00:11:0.00, 0.00:11:0.00, 0.00:11:0.00, 0.00:11:0.00,,,,,,,,,,,,,,,,,,,,,,,,,,,,,,,,,,,,,,,,, 0.00:11:0.00, 0.00:11:0.00
55, 3, ,, 20:DIPLO_STATE_ALLIED, 37:DIPLO_STATE_ALLIED, 48:DIPLO_STATE_ALLIED,, 24:DIPLO_STATE_ALLIED, -19:DIPLO_STATE_WAR, -11:DIPLO_STATE_WAR, -11:DIPLO_STATE_WAR, -6:DIPLO_STATE_WAR, -6:DIPLO_STATE_WAR, 0:DIPLO_STATE_WAR_WITH_MINOR, 0:DIPLO_STATE_NO_INFLUENCE, 1:DIPLO_STATE_INFLUENTIAL, 2:DIPLO_STATE_INFLUENTIAL, 0:DIPLO_STATE_NO_INFLUENCE, 2:DIPLO_STATE_INFLUENTIAL, 0:DIPLO_STATE_NO_INFLUENCE, 4:DIPLO_STATE_WAR_WITH_MINOR, 0:DIPLO_STATE_NO_INFLUENCE, 0:DIPLO_STATE_NO_INFLUENCE, 2:DIPLO_STATE_INFLUENTIAL, 0:DIPLO_STATE_NO_INFLUENCE,,,,,,,,,,,,,,,,,,,,,,,,,,,,,,,,,,,,,,,,, 0:DIPLO_STATE_FREE_CITIES_NEUTRAL, 0:
55, 3, Threat and Trust,, 67.61:7:16.00, 60.16:9:11.00, 88.86:2:12.00,, 74.50:5:21.00, 71.36:6:-10.00, 66.50:8:-5.00, 74.86:4:0.00, 110.25:1:-5.00, 76.75:3:0.00, 0.00:11:0.00, 0.00:11:0.00, 0.00:11:0.00, 0.00:11:0.00, 0.00:11:0.00, 0.00:11:0.00, 0.00:11:0.00, 0.00:11:0.00, 0.00:11:0.00, 0.00:11:0.00, 0.00:11:0.00, 0.00:11:0.00,,,,,,,,,,,,,,,,,,,,,,,,,,,,,,,,,,,,,,,,, 0.00:11:0.00, 0.00:11:0.00
55, 3, ,, 20:DIPLO_STATE_ALLIED, 37:DIPLO_STATE_ALLIED, 48:DIPLO_STATE_ALLIED,, 24:DIPLO_STATE_ALLIED, -19:DIPLO_STATE_WAR, -11:DIPLO_STATE_WAR, -11:DIPLO_STATE_WAR, -6:DIPLO_STATE_WAR, -6:DIPLO_STATE_WAR, 0:DIPLO_STATE_WAR_WITH_MINOR, 0:DIPLO_STATE_NO_INFLUENCE, 1:DIPLO_STATE_INFLUENTIAL, 2:DIPLO_STATE_INFLUENTIAL, 0:DIPLO_STATE_NO_INFLUENCE, 2:DIPLO_STATE_INFLUENTIAL, 0:DIPLO_STATE_NO_INFLUENCE, 4:DIPLO_STATE_WAR_WITH_MINOR, 0:DIPLO_STATE_NO_INFLUENCE, 0:DIPLO_STATE_NO_INFLUENCE, 2:DIPLO_STATE_INFLUENTIAL, 0:DIPLO_STATE_NO_INFLUENCE,,,,,,,,,,,,,,,,,,,,,,,,,,,,,,,,,,,,,,,,, 0:DIPLO_STATE_FREE_CITIES_NEUTRAL, 0:
55, 3, Threat and Trust,, 67.61:7:16.00, 60.16:9:11.00, 88.86:2:12.00,, 74.50:5:21.00, 71.36:6:-10.00, 66.50:8:-5.00, 74.86:4:0.00, 110.25:1:-5.00, 76.75:3:0.00, 0.00:11:0.00, 0.00:11:0.00, 0.00:11:0.00, 0.00:11:0.00, 0.00:11:0.00, 0.00:11:0.00, 0.00:11:0.00, 0.00:11:0.00, 0.00:11:0.00, 0.00:11:0.00, 0.00:11:0.00, 0.00:11:0.00,,,,,,,,,,,,,,,,,,,,,,,,,,,,,,,,,,,,,,,,, 0.00:11:0.00, 0.00:11:0.00
55, 3, ,, 20:DIPLO_STATE_ALLIED, 37:DIPLO_STATE_ALLIED, 48:DIPLO_STATE_ALLIED,, 24:DIPLO_STATE_ALLIED, -19:DIPLO_STATE_WAR, -11:DIPLO_STATE_WAR, -11:DIPLO_STATE_WAR, -6:DIPLO_STATE_WAR, -6:DIPLO_STATE_WAR, 0:DIPLO_STATE_WAR_WITH_MINOR, 0:DIPLO_STATE_NO_INFLUENCE, 1:DIPLO_STATE_INFLUENTIAL, 2:DIPLO_STATE_INFLUENTIAL, 0:DIPLO_STATE_NO_INFLUENCE, 2:DIPLO_STATE_INFLUENTIAL, 0:DIPLO_STATE_NO_INFLUENCE, 4:DIPLO_STATE_WAR_WITH_MINOR, 0:DIPLO_STATE_NO_INFLUENCE, 0:DIPLO_STATE_NO_INFLUENCE, 2:DIPLO_STATE_INFLUENTIAL, 0:DIPLO_STATE_NO_INFLUENCE,,,,,,,,,,,,,,,,,,,,,,,,,,,,,,,,,,,,,,,,, 0:DIPLO_STATE_FREE_CITIES_NEUTRAL, 0:
55, 3, Threat and Trust,, 67.61:7:16.00, 60.16:9:11.00, 88.86:2:12.00,, 74.50:5:21.00, 71.36:6:-10.00, 66.50:8:-5.00, 74.86:4:0.00, 110.25:1:-5.00, 76.75:3:0.00, 0.00:11:0.00, 0.00:11:0.00, 0.00:11:0.00, 0.00:11:0.00, 0.00:11:0.00, 0.00:11:0.00, 0.00:11:0.00, 0.00:11:0.00, 0.00:11:0.00, 0.00:11:0.00, 0.00:11:0.00, 0.00:11:0.00,,,,,,,,,,,,,,,,,,,,,,,,,,,,,,,,,,,,,,,,, 0.00:11:0.00, 0.00:11:0.00
55, 0, ,,, 24:DIPLO_STATE_ALLIED, 20:DIPLO_STATE_ALLIED, 7:DIPLO_STATE_ALLIED, 46:DIPLO_STATE_ALLIED, 8:DIPLO_STATE_WAR, 1:DIPLO_STATE_WAR, 1:DIPLO_STATE_WAR, -5:DIPLO_STATE_WAR, -5:DIPLO_STATE_WAR, 2:DIPLO_STATE_WAR_WITH_MINOR, 0:DIPLO_STATE_NO_INFLUENCE, 1:DIPLO_STATE_INFLUENTIAL, 0:DIPLO_STATE_NO_INFLUENCE, 2:DIPLO_STATE_INFLUENTIAL, 0:DIPLO_STATE_NO_INFLUENCE, 0:DIPLO_STATE_NO_INFLUENCE, 0:DIPLO_STATE_WAR_WITH_MINOR, 0:DIPLO_STATE_NO_INFLUENCE, 0:DIPLO_STATE_NO_INFLUENCE, 3:DIPLO_STATE_INFLUENTIAL, 4:DIPLO_STATE_INFLUENTIAL,,,,,,,,,,,,,,,,,,,,,,,,,,,,,,,,,,,,,,,,, 0:DIPLO_STATE_FREE_CITIES_NEUTRAL, 0:
55, 0, Threat and Trust,,, 60.16:7:10.00, 137.61:1:9.00, 60.16:7:15.00, 67.05:5:18.00, 63.91:6:-10.00, 59.05:10:-5.00, 67.41:4:0.00, 102.80:2:-5.00, 69.30:3:2.00, 0.00:11:0.00, 0.00:11:0.00, 0.00:11:0.00, 0.00:11:0.00, 0.00:11:0.00, 0.00:11:0.00, 0.00:11:0.00, 0.00:11:0.00, 0.00:11:0.00, 0.00:11:0.00, 0.00:11:0.00, 0.00:11:0.00,,,,,,,,,,,,,,,,,,,,,,,,,,,,,,,,,,,,,,,,, 0.00:11:0.00, 0.00:11:0.00
55, 0, ,,, 24:DIPLO_STATE_ALLIED, 20:DIPLO_STATE_ALLIED, 7:DIPLO_STATE_ALLIED, 46:DIPLO_STATE_ALLIED, 8:DIPLO_STATE_WAR, 1:DIPLO_STATE_WAR, 1:DIPLO_STATE_WAR, -5:DIPLO_STATE_WAR, -5:DIPLO_STATE_WAR, 2:DIPLO_STATE_WAR_WITH_MINOR, 0:DIPLO_STATE_NO_INFLUENCE, 1:DIPLO_STATE_INFLUENTIAL, 0:DIPLO_STATE_NO_INFLUENCE, 2:DIPLO_STATE_INFLUENTIAL, 0:DIPLO_STATE_NO_INFLUENCE, 0:DIPLO_STATE_NO_INFLUENCE, 0:DIPLO_STATE_WAR_WITH_MINOR, 0:DIPLO_STATE_NO_INFLUENCE, 0:DIPLO_STATE_NO_INFLUENCE, 3:DIPLO_STATE_INFLUENTIAL, 4:DIPLO_STATE_INFLUENTIAL,,,,,,,,,,,,,,,,,,,,,,,,,,,,,,,,,,,,,,,,, 0:DIPLO_STATE_FREE_CITIES_NEUTRAL, 0:
55, 0, Threat and Trust,,, 60.16:7:10.00, 137.61:1:9.00, 60.16:7:15.00, 67.05:5:18.00, 63.91:6:-10.00, 59.05:10:-5.00, 67.41:4:0.00, 102.80:2:-5.00, 69.30:3:2.00, 0.00:11:0.00, 0.00:11:0.00, 0.00:11:0.00, 0.00:11:0.00, 0.00:11:0.00, 0.00:11:0.00, 0.00:11:0.00, 0.00:11:0.00, 0.00:11:0.00, 0.00:11:0.00, 0.00:11:0.00, 0.00:11:0.00,,,,,,,,,,,,,,,,,,,,,,,,,,,,,,,,,,,,,,,,, 0.00:11:0.00, 0.00:11:0.00
55, 0, ,,, 24:DIPLO_STATE_ALLIED, 20:DIPLO_STATE_ALLIED, 7:DIPLO_STATE_ALLIED, 46:DIPLO_STATE_ALLIED, 8:DIPLO_STATE_WAR, 1:DIPLO_STATE_WAR, 1:DIPLO_STATE_WAR, -5:DIPLO_STATE_WAR, -5:DIPLO_STATE_WAR, 2:DIPLO_STATE_WAR_WITH_MINOR, 0:DIPLO_STATE_NO_INFLUENCE, 1:DIPLO_STATE_INFLUENTIAL, 0:DIPLO_STATE_NO_INFLUENCE, 2:DIPLO_STATE_INFLUENTIAL, 0:DIPLO_STATE_NO_INFLUENCE, 0:DIPLO_STATE_NO_INFLUENCE, 0:DIPLO_STATE_WAR_WITH_MINOR, 0:DIPLO_STATE_NO_INFLUENCE, 0:DIPLO_STATE_NO_INFLUENCE, 3:DIPLO_STATE_INFLUENTIAL, 4:DIPLO_STATE_INFLUENTIAL,,,,,,,,,,,,,,,,,,,,,,,,,,,,,,,,,,,,,,,,, 0:DIPLO_STATE_FREE_CITIES_NEUTRAL, 0:
55, 0, Threat and Trust,,, 60.16:7:10.00, 137.61:1:9.00, 60.16:7:15.00, 67.05:5:18.00, 63.91:6:-10.00, 59.05:10:-5.00, 67.41:4:0.00, 102.80:2:-5.00, 69.30:3:2.00, 0.00:11:0.00, 0.00:11:0.00, 0.00:11:0.00, 0.00:11:0.00, 0.00:11:0.00, 0.00:11:0.00, 0.00:11:0.00, 0.00:11:0.00, 0.00:11:0.00, 0.00:11:0.00, 0.00:11:0.00, 0.00:11:0.00,,,,,,,,,,,,,,,,,,,,,,,,,,,,,,,,,,,,,,,,, 0.00:11:0.00, 0.00:11:0.00
55, 1, ,, 61:DIPLO_STATE_ALLIED,, 39:DIPLO_STATE_ALLIED, 48:DIPLO_STATE_ALLIED, 24:DIPLO_STATE_ALLIED, -12:DIPLO_STATE_WAR, -19:DIPLO_STATE_WAR, -12:DIPLO_STATE_WAR, -16:DIPLO_STATE_WAR, -4:DIPLO_STATE_WAR, 3:DIPLO_STATE_WAR_WITH_MINOR, 0:DIPLO_STATE_NO_INFLUENCE, 3:DIPLO_STATE_MAX_INFLUENCE, 4:DIPLO_STATE_MAX_INFLUENCE, 0:DIPLO_STATE_NO_INFLUENCE, 1:DIPLO_STATE_INFLUENTIAL, 0:DIPLO_STATE_NO_INFLUENCE, 3:DIPLO_STATE_WAR_WITH_MINOR, 0:DIPLO_STATE_NO_INFLUENCE, 0:DIPLO_STATE_NO_INFLUENCE, 2:DIPLO_STATE_INFLUENTIAL, 4:DIPLO_STATE_INFLUENTIAL,,,,,,,,,,,,,,,,,,,,,,,,,,,,,,,,,,,,,,,,, 0:DIPLO_STATE_FREE_CITIES_NEUTRAL, 0:
55, 1, Threat and Trust,, 66.91:7:11.00,, 135.36:1:9.00, 60.16:9:13.00, 73.80:5:17.00, 70.66:6:-10.00, 65.80:8:-5.00, 74.16:4:0.00, 109.55:2:-5.00, 76.05:3:2.00, 0.00:11:0.00, 0.00:11:0.00, 0.00:11:0.00, 0.00:11:0.00, 0.00:11:0.00, 0.00:11:0.00, 0.00:11:0.00, 0.00:11:0.00, 0.00:11:0.00, 0.00:11:0.00, 0.00:11:0.00, 0.00:11:0.00,,,,,,,,,,,,,,,,,,,,,,,,,,,,,,,,,,,,,,,,, 0.00:11:0.00, 0.00:11:0.00
55, 4, ,, 55:DIPLO_STATE_ALLIED, -7:DIPLO_STATE_ALLIED, 33:DIPLO_STATE_ALLIED, 2:DIPLO_STATE_ALLIED,, 6:DIPLO_STATE_WAR, -7:DIPLO_STATE_WAR, -7:DIPLO_STATE_WAR, -7:DIPLO_STATE_WAR, 1:DIPLO_STATE_WAR, 3:DIPLO_STATE_WAR_WITH_MINOR, 0:DIPLO_STATE_NO_INFLUENCE, 2:DIPLO_STATE_INFLUENTIAL, 0:DIPLO_STATE_NO_INFLUENCE, 4:DIPLO_STATE_MAX_INFLUENCE, 1:DIPLO_STATE_INFLUENTIAL, 0:DIPLO_STATE_NO_INFLUENCE, 1:DIPLO_STATE_WAR_WITH_MINOR, 0:DIPLO_STATE_NO_INFLUENCE, 0:DIPLO_STATE_NO_INFLUENCE, 3:DIPLO_STATE_INFLUENTIAL, 3:DIPLO_STATE_INFLUENTIAL,,,,,,,,,,,,,,,,,,,,,,,,,,,,,,,,,,,,,,,,, 0:DIPLO_STATE_FREE_CITIES_NEUTRAL, 0:
55, 4, Threat and Trust,, 60.16:4:16.00, 60.16:4:17.00, 72.75:3:20.00, 60.16:4:23.00,, 55.25:9:-10.00, 50.41:10:-5.00, 58.75:8:2.00, 94.16:2:-5.00, 113.86:1:0.00, 0.00:11:0.00, 0.00:11:0.00, 0.00:11:0.00, 0.00:11:0.00, 0.00:11:0.00, 0.00:11:0.00, 0.00:11:0.00, 0.00:11:0.00, 0.00:11:0.00, 0.00:11:0.00, 0.00:11:0.00, 0.00:11:0.00,,,,,,,,,,,,,,,,,,,,,,,,,,,,,,,,,,,,,,,,, 0.00:11:0.00, 0.00:11:0.00
56, 5, ,, -26:DIPLO_STATE_WAR, -55:DIPLO_STATE_WAR, -51:DIPLO_STATE_WAR, -62:DIPLO_STATE_WAR, -29:DIPLO_STATE_WAR,, 11:DIPLO_STATE_ALLIED, 24:DIPLO_STATE_ALLIED, 22:DIPLO_STATE_ALLIED, 22:DIPLO_STATE_ALLIED, 5:DIPLO_STATE_MAX_INFLUENCE, 0:DIPLO_STATE_WAR_WITH_MINOR, 0:DIPLO_STATE_WAR_WITH_MINOR, 0:DIPLO_STATE_WAR_WITH_MINOR, 0:DIPLO_STATE_WAR_WITH_MINOR, 0:DIPLO_STATE_WAR_WITH_MINOR, 0:DIPLO_STATE_WAR_WITH_MINOR, 1:DIPLO_STATE_INFLUENTIAL, 0:DIPLO_STATE_WAR_WITH_MINOR, 0:DIPLO_STATE_WAR_WITH_MINOR, 0:DIPLO_STATE_NO_INFLUENCE, 1:DIPLO_STATE_INFLUENTIAL,,,,,,,,,,,,,,,,,,,,,,,,,,,,,,,,,,,,,,,,, 0:DIPLO_STATE_FREE_CITIES_NEUTRAL, 0:
56, 5, Threat and Trust,, 60.16:1:-2.00, 60.16:1:2.00, 60.16:1:3.00, 60.16:1:3.00, 60.16:1:8.00,, 10.16:7:-5.00, 10.16:7:1.00, 43.20:6:-5.00, 10.16:7:2.00, 0.00:11:0.00, 0.00:11:0.00, 0.00:11:0.00, 0.00:11:0.00, 0.00:11:0.00, 0.00:11:0.00, 0.00:11:0.00, 0.00:11:0.00, 0.00:11:0.00, 0.00:11:0.00, 0.00:11:0.00, 0.00:11:0.00,,,,,,,,,,,,,,,,,,,,,,,,,,,,,,,,,,,,,,,,, 0.00:11:0.00, 0.00:11:0.00
56, 6, ,, -49:DIPLO_STATE_WAR, -69:DIPLO_STATE_WAR, -69:DIPLO_STATE_WAR, -79:DIPLO_STATE_WAR, -73:DIPLO_STATE_WAR, -8:DIPLO_STATE_ALLIED,, 1:DIPLO_STATE_ALLIED, 9:DIPLO_STATE_ALLIED, 1:DIPLO_STATE_ALLIED, 4:DIPLO_STATE_INFLUENTIAL, 0:DIPLO_STATE_WAR_WITH_MINOR, 0:DIPLO_STATE_WAR_WITH_MINOR, 0:DIPLO_STATE_WAR_WITH_MINOR, 0:DIPLO_STATE_WAR_WITH_MINOR, 0:DIPLO_STATE_WAR_WITH_MINOR, 0:DIPLO_STATE_WAR_WITH_MINOR, 6:DIPLO_STATE_MAX_INFLUENCE, 0:DIPLO_STATE_WAR_WITH_MINOR, 0:DIPLO_STATE_WAR_WITH_MINOR, 0:DIPLO_STATE_NO_INFLUENCE, 0:DIPLO_STATE_NO_INFLUENCE,,,,,,,,,,,,,,,,,,,,,,,,,,,,,,,,,,,,,,,,, 0:DIPLO_STATE_FREE_CITIES_NEUTRAL, 0:
56, 6, Threat and Trust,, 60.16:1:-3.00, 60.16:1:1.00, 60.16:1:2.00, 60.16:1:2.00, 60.16:1:6.00, 20.45:7:-10.00,, 18.11:9:1.00, 53.50:6:-5.00, 20.00:8:2.00, 0.00:11:0.00, 0.00:11:0.00, 0.00:11:0.00, 0.00:11:0.00, 0.00:11:0.00, 0.00:11:0.00, 0.00:11:0.00, 0.00:11:0.00, 0.00:11:0.00, 0.00:11:0.00, 0.00:11:0.00, 0.00:11:0.00,,,,,,,,,,,,,,,,,,,,,,,,,,,,,,,,,,,,,,,,, 0.00:11:0.00, 0.00:11:0.00
56, 7, ,, -56:DIPLO_STATE_WAR, -77:DIPLO_STATE_WAR, -80:DIPLO_STATE_WAR, -94:DIPLO_STATE_WAR, -73:DIPLO_STATE_WAR, -1:DIPLO_STATE_ALLIED, 16:DIPLO_STATE_ALLIED,, 4:DIPLO_STATE_ALLIED, 8:DIPLO_STATE_ALLIED, 4:DIPLO_STATE_INFLUENTIAL, 0:DIPLO_STATE_WAR_WITH_MINOR, 0:DIPLO_STATE_WAR_WITH_MINOR, 0:DIPLO_STATE_WAR_WITH_MINOR, 0:DIPLO_STATE_WAR_WITH_MINOR, 0:DIPLO_STATE_WAR_WITH_MINOR, 0:DIPLO_STATE_WAR_WITH_MINOR, 2:DIPLO_STATE_INFLUENTIAL, 0:DIPLO_STATE_WAR_WITH_MINOR, 0:DIPLO_STATE_WAR_WITH_MINOR, 0:DIPLO_STATE_NO_INFLUENCE, 1:DIPLO_STATE_INFLUENTIAL,,,,,,,,,,,,,,,,,,,,,,,,,,,,,,,,,,,,,,,,, 0:DIPLO_STATE_FREE_CITIES_NEUTRAL, 0:
56, 7, Threat and Trust,, 60.16:1:1.00, 60.16:1:3.00, 60.16:1:3.00, 60.16:1:7.00, 60.16:1:9.00, 10.16:7:-10.00, 10.16:7:-5.00,, 42.75:6:-5.00, 10.16:7:2.00, 0.00:11:0.00, 0.00:11:0.00, 0.00:11:0.00, 0.00:11:0.00, 0.00:11:0.00, 0.00:11:0.00, 0.00:11:0.00, 0.00:11:0.00, 0.00:11:0.00, 0.00:11:0.00, 0.00:11:0.00, 0.00:11:0.00,,,,,,,,,,,,,,,,,,,,,,,,,,,,,,,,,,,,,,,,, 0.00:11:0.00, 0.00:11:0.00
56, 8, ,, -68:DIPLO_STATE_WAR, -96:DIPLO_STATE_WAR, -68:DIPLO_STATE_WAR, -80:DIPLO_STATE_WAR, -76:DIPLO_STATE_WAR, 3:DIPLO_STATE_ALLIED, 14:DIPLO_STATE_ALLIED, 6:DIPLO_STATE_ALLIED,, 20:DIPLO_STATE_ALLIED, 3:DIPLO_STATE_INFLUENTIAL, 0:DIPLO_STATE_WAR_WITH_MINOR, 0:DIPLO_STATE_WAR_WITH_MINOR, 0:DIPLO_STATE_WAR_WITH_MINOR, 0:DIPLO_STATE_WAR_WITH_MINOR, 0:DIPLO_STATE_WAR_WITH_MINOR, 0:DIPLO_STATE_WAR_WITH_MINOR, 3:DIPLO_STATE_INFLUENTIAL, 0:DIPLO_STATE_WAR_WITH_MINOR, 0:DIPLO_STATE_WAR_WITH_MINOR, 0:DIPLO_STATE_NO_INFLUENCE, 2:DIPLO_STATE_INFLUENTIAL,,,,,,,,,,,,,,,,,,,,,,,,,,,,,,,,,,,,,,,,, 0:DIPLO_STATE_FREE_CITIES_NEUTRAL, 0:
56, 8, Threat and Trust,, 60.16:1:-3.00, 60.16:1:1.00, 60.16:1:2.00, 60.16:1:2.00, 60.16:1:6.00, 10.16:6:-10.00, 10.16:6:-5.00, 10.16:6:1.00,, 10.16:6:2.00, 0.00:11:0.00, 0.00:11:0.00, 0.00:11:0.00, 0.00:11:0.00, 0.00:11:0.00, 0.00:11:0.00, 0.00:11:0.00, 0.00:11:0.00, 0.00:11:0.00, 0.00:11:0.00, 0.00:11:0.00, 0.00:11:0.00,,,,,,,,,,,,,,,,,,,,,,,,,,,,,,,,,,,,,,,,, 0.00:11:0.00, 0.00:11:0.00
56, 9, ,, -49:DIPLO_STATE_WAR, -79:DIPLO_STATE_WAR, -55:DIPLO_STATE_WAR, -64:DIPLO_STATE_WAR, -59:DIPLO_STATE_WAR, -7:DIPLO_STATE_ALLIED, 9:DIPLO_STATE_ALLIED, 1:DIPLO_STATE_ALLIED, 7:DIPLO_STATE_ALLIED,, 1:DIPLO_STATE_INFLUENTIAL, 0:DIPLO_STATE_WAR_WITH_MINOR, 0:DIPLO_STATE_WAR_WITH_MINOR, 0:DIPLO_STATE_WAR_WITH_MINOR, 0:DIPLO_STATE_WAR_WITH_MINOR, 0:DIPLO_STATE_WAR_WITH_MINOR, 0:DIPLO_STATE_WAR_WITH_MINOR, 7:DIPLO_STATE_MAX_INFLUENCE, 0:DIPLO_STATE_WAR_WITH_MINOR, 0:DIPLO_STATE_WAR_WITH_MINOR, 0:DIPLO_STATE_NO_INFLUENCE, 0:DIPLO_STATE_NO_INFLUENCE,,,,,,,,,,,,,,,,,,,,,,,,,,,,,,,,,,,,,,,,, 0:DIPLO_STATE_FREE_CITIES_NEUTRAL, 0:
56, 9, Threat and Trust,, 60.16:1:3.00, 60.16:1:4.00, 60.16:1:4.00, 60.16:1:6.00, 60.16:1:5.00, 10.16:8:-10.00, 10.16:8:-5.00, 10.16:8:1.00, 48.00:7:-5.00,, 0.00:11:0.00, 0.00:11:0.00, 0.00:11:0.00, 0.00:11:0.00, 0.00:11:0.00, 0.00:11:0.00, 0.00:11:0.00, 0.00:11:0.00, 0.00:11:0.00, 0.00:11:0.00, 0.00:11:0.00, 0.00:11:0.00,,,,,,,,,,,,,,,,,,,,,,,,,,,,,,,,,,,,,,,,, 0.00:11:0.00, 0.00:11:0.00
56, 10, ,, 2:DIPLO_STATE_PATRON, 3:DIPLO_STATE_PATRON, 3:DIPLO_STATE_PATRON, 0:DIPLO_STATE_AWARE, 3:DIPLO_STATE_PATRON, 5:DIPLO_STATE_PATRON, 4:DIPLO_STATE_PATRON, 5:DIPLO_STATE_PATRON, 3:DIPLO_STATE_PATRON, 1:DIPLO_STATE_PATRON,,, 0:DIPLO_STATE_MINOR_MINOR, 0:DIPLO_STATE_MINOR_MINOR, 0:DIPLO_STATE_MINOR_MINOR, 0:DIPLO_STATE_MINOR_MINOR,, 0:DIPLO_STATE_MINOR_MINOR, 0:DIPLO_STATE_MINOR_MINOR,, 0:DIPLO_STATE_MINOR_MINOR, 0:DIPLO_STATE_MINOR_MINOR,,,,,,,,,,,,,,,,,,,,,,,,,,,,,,,,,,,,,,,,,, 0:
56, 10, Threat and Trust,, 60.16:8:0.00, 60.16:8:0.00, 82.86:2:0.00, 60.16:8:0.00, 70.25:5:0.00, 71.20:4:0.00, 60.91:7:0.00, 71.66:3:0.00, 105.66:1:0.00, 67.80:6:0.00,,, 0.00:11:0.00, 0.00:11:0.00, 0.00:11:0.00, 0.00:11:0.00,, 0.00:11:0.00, 0.00:11:0.00,, 0.00:11:0.00, 0.00:11:0.00,,,,,,,,,,,,,,,,,,,,,,,,,,,,,,,,,,,,,,,,,, 0.00:11:0.00
56, 12, ,, 1:DIPLO_STATE_PATRON, 3:DIPLO_STATE_PATRON, 0:DIPLO_STATE_AWARE, 1:DIPLO_STATE_PATRON, 2:DIPLO_STATE_PATRON, 0:DIPLO_STATE_WAR_WITH_MAJOR, 0:DIPLO_STATE_WAR_WITH_MAJOR, 0:DIPLO_STATE_WAR_WITH_MAJOR, 0:DIPLO_STATE_WAR_WITH_MAJOR, 0:DIPLO_STATE_WAR_WITH_MAJOR, 0:DIPLO_STATE_MINOR_MINOR,,,,,,, 0:DIPLO_STATE_MINOR_MINOR_WAR,,,, 0:DIPLO_STATE_MINOR_MINOR,,,,,,,,,,,,,,,,,,,,,,,,,,,,,,,,,,,,,,,,,, 0:
56, 12, Threat and Trust,, 67.75:7:0.00, 60.16:9:0.00, 89.00:2:0.00, 60.16:9:0.00, 76.41:5:0.00, 77.36:4:0.00, 67.05:8:0.00, 77.80:3:0.00, 111.80:1:0.00, 73.95:6:0.00, 0.00:11:0.00,,,,,,, 0.00:11:0.00,,,, 0.00:11:0.00,,,,,,,,,,,,,,,,,,,,,,,,,,,,,,,,,,,,,,,,,, 0.00:11:0.00
56, 13, ,, 0:DIPLO_STATE_AWARE, 4:DIPLO_STATE_PATRON, 0:DIPLO_STATE_AWARE, 2:DIPLO_STATE_PATRON, 0:DIPLO_STATE_AWARE, 0:DIPLO_STATE_WAR_WITH_MAJOR, 0:DIPLO_STATE_WAR_WITH_MAJOR, 0:DIPLO_STATE_WAR_WITH_MAJOR, 0:DIPLO_STATE_WAR_WITH_MAJOR, 0:DIPLO_STATE_WAR_WITH_MAJOR, 0:DIPLO_STATE_MINOR_MINOR,,,, 0:DIPLO_STATE_MINOR_MINOR,, 0:DIPLO_STATE_MINOR_MINOR, 0:DIPLO_STATE_MINOR_MINOR_WAR,,,,,,,,,,,,,,,,,,,,,,,,,,,,,,,,,,,,,,,,,,,,,, 0:
56, 13, Threat and Trust,, 60.16:8:0.00, 60.16:8:0.00, 86.25:2:0.00, 60.16:8:0.00, 73.66:5:0.00, 74.61:4:0.00, 64.30:7:0.00, 75.05:3:0.00, 109.05:1:0.00, 71.20:6:0.00, 0.00:11:0.00,,,, 0.00:11:0.00,, 0.00:11:0.00, 0.00:11:0.00,,,,,,,,,,,,,,,,,,,,,,,,,,,,,,,,,,,,,,,,,,,,,, 0.00:11:0.00
56, 14, ,, 2:DIPLO_STATE_PATRON, 0:DIPLO_STATE_AWARE, 1:DIPLO_STATE_PATRON, 0:DIPLO_STATE_AWARE, 4:DIPLO_STATE_PATRON, 0:DIPLO_STATE_WAR_WITH_MAJOR, 0:DIPLO_STATE_WAR_WITH_MAJOR, 0:DIPLO_STATE_WAR_WITH_MAJOR, 0:DIPLO_STATE_WAR_WITH_MAJOR, 0:DIPLO_STATE_WAR_WITH_MAJOR, 0:DIPLO_STATE_MINOR_MINOR, 0:DIPLO_STATE_MINOR_MINOR,, 0:DIPLO_STATE_MINOR_MINOR,, 0:DIPLO_STATE_MINOR_MINOR, 0:DIPLO_STATE_MINOR_MINOR, 0:DIPLO_STATE_MINOR_MINOR_WAR,, 0:DIPLO_STATE_MINOR_MINOR, 0:DIPLO_STATE_MINOR_MINOR, 0:DIPLO_STATE_MINOR_MINOR,,,,,,,,,,,,,,,,,,,,,,,,,,,,,,,,,,,,,,,,,, 0:
56, 14, Threat and Trust,, 68.91:7:0.00, 60.16:9:0.00, 90.16:2:0.00, 60.16:9:0.00, 77.55:5:0.00, 78.50:4:0.00, 68.20:8:0.00, 78.95:3:0.00, 112.95:1:0.00, 75.11:6:0.00, 0.00:11:0.00, 0.00:11:0.00,, 0.00:11:0.00,, 0.00:11:0.00, 0.00:11:0.00, 0.00:11:0.00,, 0.00:11:0.00, 0.00:11:0.00, 0.00:11:0.00,,,,,,,,,,,,,,,,,,,,,,,,,,,,,,,,,,,,,,,,,, 0.00:11:0.00
56, 15, ,, 0:DIPLO_STATE_AWARE, 1:DIPLO_STATE_PATRON, 3:DIPLO_STATE_PATRON, 2:DIPLO_STATE_PATRON, 1:DIPLO_STATE_PATRON, 0:DIPLO_STATE_WAR_WITH_MAJOR, 0:DIPLO_STATE_WAR_WITH_MAJOR, 0:DIPLO_STATE_WAR_WITH_MAJOR, 0:DIPLO_STATE_WAR_WITH_MAJOR, 0:DIPLO_STATE_WAR_WITH_MAJOR, 0:DIPLO_STATE_MINOR_MINOR,,,, 0:DIPLO_STATE_MINOR_MINOR,, 0:DIPLO_STATE_MINOR_MINOR, 0:DIPLO_STATE_MINOR_MINOR_WAR,,, 0:DIPLO_STATE_MINOR_MINOR,,,,,,,,,,,,,,,,,,,,,,,,,,,,,,,,,,,,,,,,,,, 0:
56, 15, Threat and Trust,, 60.16:8:0.00, 60.16:8:0.00, 82.95:2:0.00, 60.16:8:0.00, 70.36:5:0.00, 71.30:4:0.00, 61.00:7:0.00, 71.75:3:0.00, 105.75:1:0.00, 67.91:6:0.00, 0.00:11:0.00,,,, 0.00:11:0.00,, 0.00:11:0.00, 0.00:11:0.00,,, 0.00:11:0.00,,,,,,,,,,,,,,,,,,,,,,,,,,,,,,,,,,,,,,,,,,, 0.00:11:0.00
56, 17, ,, 0:DIPLO_STATE_WAR_WITH_MAJOR, 3:DIPLO_STATE_WAR_WITH_MAJOR, 3:DIPLO_STATE_WAR_WITH_MAJOR, 4:DIPLO_STATE_WAR_WITH_MAJOR, 1:DIPLO_STATE_WAR_WITH_MAJOR, 1:DIPLO_STATE_PATRON, 6:DIPLO_STATE_PATRON, 2:DIPLO_STATE_PATRON, 3:DIPLO_STATE_PATRON, 7:DIPLO_STATE_PATRON, 0:DIPLO_STATE_MINOR_MINOR,, 0:DIPLO_STATE_MINOR_MINOR_WAR, 0:DIPLO_STATE_MINOR_MINOR_WAR, 0:DIPLO_STATE_MINOR_MINOR_WAR, 0:DIPLO_STATE_MINOR_MINOR_WAR, 0:DIPLO_STATE_MINOR_MINOR_WAR,, 0:DIPLO_STATE_MINOR_MINOR_WAR,, 0:DIPLO_STATE_MINOR_MINOR, 0:DIPLO_STATE_MINOR_MINOR,,,,,,,,,,,,,,,,,,,,,,,,,,,,,,,,,,,,,,,,,, 0:
56, 17, Threat and Trust,, 60.16:7:0.00, 60.16:7:0.00, 79.70:2:0.00, 60.16:7:0.00, 67.11:5:0.00, 68.05:4:0.00, 57.75:10:0.00, 68.50:3:0.00, 102.50:1:0.00, 64.66:6:0.00, 0.00:11:0.00,, 0.00:11:0.00, 0.00:11:0.00, 0.00:11:0.00, 0.00:11:0.00, 0.00:11:0.00,, 0.00:11:0.00,, 0.00:11:0.00, 0.00:11:0.00,,,,,,,,,,,,,,,,,,,,,,,,,,,,,,,,,,,,,,,,,, 0.00:11:0.00
56, 18, ,, 3:DIPLO_STATE_PATRON, 0:DIPLO_STATE_AWARE, 0:DIPLO_STATE_AWARE, 0:DIPLO_STATE_AWARE, 0:DIPLO_STATE_AWARE, 0:DIPLO_STATE_WAR_WITH_MAJOR, 0:DIPLO_STATE_WAR_WITH_MAJOR, 0:DIPLO_STATE_WAR_WITH_MAJOR, 0:DIPLO_STATE_WAR_WITH_MAJOR, 0:DIPLO_STATE_WAR_WITH_MAJOR, 0:DIPLO_STATE_MINOR_MINOR,,,,,, 0:DIPLO_STATE_MINOR_MINOR, 0:DIPLO_STATE_MINOR_MINOR_WAR,,,,,,,,,,,,,,,,,,,,,,,,,,,,,,,,,,,,,,,,,,,,,, 0:
56, 18, Threat and Trust,, 22.66:8:0.00, 15.91:9:0.00, 43.91:6:0.00, 15.20:10:0.00, 31.30:7:0.00, 160.05:2:0.00, 121.95:5:0.00, 132.70:3:0.00, 166.70:1:0.00, 128.86:4:0.00, 0.00:11:0.00,,,,,, 0.00:11:0.00, 0.00:11:0.00,,,,,,,,,,,,,,,,,,,,,,,,,,,,,,,,,,,,,,,,,,,,,, 0.00:11:0.00
56, 20, ,, 3:DIPLO_STATE_PATRON, 2:DIPLO_STATE_PATRON, 0:DIPLO_STATE_AWARE, 2:DIPLO_STATE_PATRON, 3:DIPLO_STATE_PATRON, 0:DIPLO_STATE_AWARE, 3:DIPLO_STATE_PATRON, 0:DIPLO_STATE_AWARE, 0:DIPLO_STATE_AWARE, 0:DIPLO_STATE_AWARE, 0:DIPLO_STATE_MINOR_MINOR, 0:DIPLO_STATE_MINOR_MINOR,,, 0:DIPLO_STATE_MINOR_MINOR, 0:DIPLO_STATE_MINOR_MINOR, 0:DIPLO_STATE_MINOR_MINOR, 0:DIPLO_STATE_MINOR_MINOR,,,,,,,,,,,,,,,,,,,,,,,,,,,,,,,,,,,,,,,,,,,,,, 0:
56, 20, Threat and Trust,, 60.16:7:0.00, 60.16:7:0.00, 79.86:2:0.00, 60.16:7:0.00, 67.25:5:0.00, 68.20:4:0.00, 57.91:10:0.00, 68.66:3:0.00, 102.66:1:0.00, 64.80:6:0.00, 0.00:11:0.00, 0.00:11:0.00,,, 0.00:11:0.00, 0.00:11:0.00, 0.00:11:0.00, 0.00:11:0.00,,,,,,,,,,,,,,,,,,,,,,,,,,,,,,,,,,,,,,,,,,,,,, 0.00:11:0.00
56, 21, ,, 4:DIPLO_STATE_PATRON, 4:DIPLO_STATE_PATRON, 0:DIPLO_STATE_AWARE, 0:DIPLO_STATE_AWARE, 3:DIPLO_STATE_PATRON, 1:DIPLO_STATE_PATRON, 0:DIPLO_STATE_AWARE, 1:DIPLO_STATE_PATRON, 2:DIPLO_STATE_PATRON, 0:DIPLO_STATE_AWARE, 0:DIPLO_STATE_MINOR_MINOR,, 0:DIPLO_STATE_MINOR_MINOR,, 0:DIPLO_STATE_MINOR_MINOR,, 0:DIPLO_STATE_MINOR_MINOR, 0:DIPLO_STATE_MINOR_MINOR,,,,,,,,,,,,,,,,,,,,,,,,,,,,,,,,,,,,,,,,,,,,,, 0:
56, 21, Threat and Trust,, 60.16:5:0.00, 60.16:5:0.00, 74.45:2:0.00, 60.16:5:0.00, 60.16:5:0.00, 62.80:4:0.00, 52.50:10:0.00, 63.25:3:0.00, 97.25:1:0.00, 59.41:9:0.00, 0.00:11:0.00,, 0.00:11:0.00,, 0.00:11:0.00,, 0.00:11:0.00, 0.00:11:0.00,,,,,,,,,,,,,,,,,,,,,,,,,,,,,,,,,,,,,,,,,,,,,, 0.00:11:0.00
56, 62, ,, 0:DIPLO_STATE_FREE_CITIES_NEUTRAL, 0:DIPLO_STATE_FREE_CITIES_NEUTRAL, 0:DIPLO_STATE_FREE_CITIES_NEUTRAL, 0:DIPLO_STATE_FREE_CITIES_NEUTRAL, 0:DIPLO_STATE_FREE_CITIES_NEUTRAL, 0:DIPLO_STATE_FREE_CITIES_NEUTRAL, 0:DIPLO_STATE_FREE_CITIES_NEUTRAL, 0:DIPLO_STATE_FREE_CITIES_NEUTRAL, 0:DIPLO_STATE_FREE_CITIES_NEUTRAL, 0:DIPLO_STATE_FREE_CITIES_NEUTRAL,,,,,,,,,,,,,,,,,,,,,,,,,,,,,,,,,,,,,,,,,,,,,,,,,,,,,,
56, 62, Threat and Trust,, 72.91:7:0.00, 66.16:9:0.00, 94.16:2:0.00, 65.45:10:0.00, 81.55:5:0.00, 82.50:4:0.00, 72.20:8:0.00, 82.95:3:0.00, 116.95:1:0.00, 79.11:6:0.00,,,,,,,,,,,,,,,,,,,,,,,,,,,,,,,,,,,,,,,,,,,,,,,,,,,,,,
56, 63, ,, 0:, 0:, 0:, 0:, 0:, 0:, 0:, 0:, 0:, 0:, 0:, 0:, 0:, 0:, 0:, 0:, 0:, 0:, 0:, 0:, 0:, 0:,,,,,,,,,,,,,,,,,,,,,,,,,,,,,,,,,,,,,,,,,,
56, 63, Threat and Trust,, 0.00:1:0.00, 0.00:1:0.00, 0.00:1:0.00, 0.00:1:0.00, 0.00:1:0.00, 0.00:1:0.00, 0.00:1:0.00, 0.00:1:0.00, 0.00:1:0.00, 0.00:1:0.00, 0.00:1:0.00, 0.00:1:0.00, 0.00:1:0.00, 0.00:1:0.00, 0.00:1:0.00, 0.00:1:0.00, 0.00:1:0.00, 0.00:1:0.00, 0.00:1:0.00, 0.00:1:0.00, 0.00:1:0.00, 0.00:1:0.00,,,,,,,,,,,,,,,,,,,,,,,,,,,,,,,,,,,,,,,,,,
56, 0, ,,, 9:DIPLO_STATE_ALLIED, -2:DIPLO_STATE_ALLIED, -8:DIPLO_STATE_ALLIED, 30:DIPLO_STATE_ALLIED, 2:DIPLO_STATE_WAR, 1:DIPLO_STATE_WAR, 1:DIPLO_STATE_WAR, -5:DIPLO_STATE_WAR, -5:DIPLO_STATE_WAR, 2:DIPLO_STATE_INFLUENTIAL, 0:DIPLO_STATE_NO_INFLUENCE, 1:DIPLO_STATE_INFLUENTIAL, 0:DIPLO_STATE_NO_INFLUENCE, 2:DIPLO_STATE_INFLUENTIAL, 0:DIPLO_STATE_NO_INFLUENCE, 0:DIPLO_STATE_NO_INFLUENCE, 0:DIPLO_STATE_WAR_WITH_MINOR, 3:DIPLO_STATE_INFLUENTIAL, 0:DIPLO_STATE_NO_INFLUENCE, 3:DIPLO_STATE_INFLUENTIAL, 4:DIPLO_STATE_INFLUENTIAL,,,,,,,,,,,,,,,,,,,,,,,,,,,,,,,,,,,,,,,,, 0:DIPLO_STATE_FREE_CITIES_NEUTRAL, 0:
56, 0, Threat and Trust,,, 60.16:8:11.00, 117.40:1:9.00, 60.16:8:15.00, 70.61:5:19.00, 71.55:4:-10.00, 61.25:7:-5.00, 72.00:3:0.00, 106.00:2:-5.00, 68.16:6:2.00, 0.00:11:0.00, 0.00:11:0.00, 0.00:11:0.00, 0.00:11:0.00, 0.00:11:0.00, 0.00:11:0.00, 0.00:11:0.00, 0.00:11:0.00, 0.00:11:0.00, 0.00:11:0.00, 0.00:11:0.00, 0.00:11:0.00,,,,,,,,,,,,,,,,,,,,,,,,,,,,,,,,,,,,,,,,, 0.00:11:0.00, 0.00:11:0.00
56, 1, ,, 56:DIPLO_STATE_ALLIED,, 34:DIPLO_STATE_ALLIED, 43:DIPLO_STATE_ALLIED, 27:DIPLO_STATE_ALLIED, -10:DIPLO_STATE_WAR, -19:DIPLO_STATE_WAR, -19:DIPLO_STATE_WAR, -22:DIPLO_STATE_WAR, -12:DIPLO_STATE_WAR, 3:DIPLO_STATE_INFLUENTIAL, 0:DIPLO_STATE_NO_INFLUENCE, 3:DIPLO_STATE_MAX_INFLUENCE, 4:DIPLO_STATE_MAX_INFLUENCE, 0:DIPLO_STATE_NO_INFLUENCE, 1:DIPLO_STATE_INFLUENTIAL, 0:DIPLO_STATE_NO_INFLUENCE, 3:DIPLO_STATE_WAR_WITH_MINOR, 0:DIPLO_STATE_NO_INFLUENCE, 0:DIPLO_STATE_NO_INFLUENCE, 2:DIPLO_STATE_INFLUENTIAL, 4:DIPLO_STATE_INFLUENTIAL,,,,,,,,,,,,,,,,,,,,,,,,,,,,,,,,,,,,,,,,, 0:DIPLO_STATE_FREE_CITIES_NEUTRAL, 0:
56, 1, Threat and Trust,, 65.25:8:6.00,, 116.90:1:9.00, 60.16:9:13.00, 75.70:5:17.00, 76.66:4:-10.00, 66.36:7:-5.00, 77.11:3:0.00, 111.11:2:-5.00, 73.25:6:2.00, 0.00:11:0.00, 0.00:11:0.00, 0.00:11:0.00, 0.00:11:0.00, 0.00:11:0.00, 0.00:11:0.00, 0.00:11:0.00, 0.00:11:0.00, 0.00:11:0.00, 0.00:11:0.00, 0.00:11:0.00, 0.00:11:0.00,,,,,,,,,,,,,,,,,,,,,,,,,,,,,,,,,,,,,,,,, 0.00:11:0.00, 0.00:11:0.00
56, 2, ,, 36:DIPLO_STATE_ALLIED, 4:DIPLO_STATE_ALLIED,, 49:DIPLO_STATE_ALLIED, 43:DIPLO_STATE_ALLIED, -4:DIPLO_STATE_WAR, 5:DIPLO_STATE_WAR, -1:DIPLO_STATE_WAR, 18:DIPLO_STATE_WAR, 14:DIPLO_STATE_WAR, 3:DIPLO_STATE_INFLUENTIAL, 0:DIPLO_STATE_NO_INFLUENCE, 0:DIPLO_STATE_NO_INFLUENCE, 0:DIPLO_STATE_NO_INFLUENCE, 1:DIPLO_STATE_INFLUENTIAL, 3:DIPLO_STATE_MAX_INFLUENCE, 0:DIPLO_STATE_NO_INFLUENCE, 3:DIPLO_STATE_WAR_WITH_MINOR, 0:DIPLO_STATE_NO_INFLUENCE, 0:DIPLO_STATE_NO_INFLUENCE, 0:DIPLO_STATE_NO_INFLUENCE, 0:DIPLO_STATE_NO_INFLUENCE,,,,,,,,,,,,,,,,,,,,,,,,,,,,,,,,,,,,,,,,, 0:DIPLO_STATE_FREE_CITIES_NEUTRAL, 0:
56, 2, Threat and Trust,, 60.16:2:6.00, 60.16:2:10.00,, 60.16:2:14.00, 60.16:2:21.00, 49.50:8:-10.00, 39.20:10:-5.00, 49.95:7:0.00, 83.95:1:-5.00, 46.11:9:0.00, 0.00:11:0.00, 0.00:11:0.00, 0.00:11:0.00, 0.00:11:0.00, 0.00:11:0.00, 0.00:11:0.00, 0.00:11:0.00, 0.00:11:0.00, 0.00:11:0.00, 0.00:11:0.00, 0.00:11:0.00, 0.00:11:0.00,,,,,,,,,,,,,,,,,,,,,,,,,,,,,,,,,,,,,,,,, 0.00:11:0.00, 0.00:11:0.00
56, 3, ,, 18:DIPLO_STATE_ALLIED, 32:DIPLO_STATE_ALLIED, 46:DIPLO_STATE_ALLIED,, 24:DIPLO_STATE_ALLIED, -19:DIPLO_STATE_WAR, -11:DIPLO_STATE_WAR, -11:DIPLO_STATE_WAR, -6:DIPLO_STATE_WAR, -6:DIPLO_STATE_WAR, 0:DIPLO_STATE_NO_INFLUENCE, 0:DIPLO_STATE_NO_INFLUENCE, 1:DIPLO_STATE_INFLUENTIAL, 3:DIPLO_STATE_INFLUENTIAL, 0:DIPLO_STATE_NO_INFLUENCE, 2:DIPLO_STATE_INFLUENTIAL, 0:DIPLO_STATE_NO_INFLUENCE, 4:DIPLO_STATE_WAR_WITH_MINOR, 0:DIPLO_STATE_NO_INFLUENCE, 0:DIPLO_STATE_NO_INFLUENCE, 2:DIPLO_STATE_INFLUENTIAL, 0:DIPLO_STATE_NO_INFLUENCE,,,,,,,,,,,,,,,,,,,,,,,,,,,,,,,,,,,,,,,,, 0:DIPLO_STATE_FREE_CITIES_NEUTRAL, 0:
56, 3, Threat and Trust,, 65.75:8:11.00, 60.16:9:12.00, 87.80:2:12.00,, 76.20:5:22.00, 77.16:4:-10.00, 66.86:7:-5.00, 77.61:3:0.00, 111.61:1:-5.00, 73.75:6:0.00, 0.00:11:0.00, 0.00:11:0.00, 0.00:11:0.00, 0.00:11:0.00, 0.00:11:0.00, 0.00:11:0.00, 0.00:11:0.00, 0.00:11:0.00, 0.00:11:0.00, 0.00:11:0.00, 0.00:11:0.00, 0.00:11:0.00,,,,,,,,,,,,,,,,,,,,,,,,,,,,,,,,,,,,,,,,, 0.00:11:0.00, 0.00:11:0.00
56, 4, ,, 45:DIPLO_STATE_ALLIED, -4:DIPLO_STATE_ALLIED, 30:DIPLO_STATE_ALLIED, 2:DIPLO_STATE_ALLIED,, 6:DIPLO_STATE_WAR, -7:DIPLO_STATE_WAR, -7:DIPLO_STATE_WAR, -7:DIPLO_STATE_WAR, 1:DIPLO_STATE_WAR, 3:DIPLO_STATE_INFLUENTIAL, 0:DIPLO_STATE_NO_INFLUENCE, 2:DIPLO_STATE_INFLUENTIAL, 0:DIPLO_STATE_NO_INFLUENCE, 4:DIPLO_STATE_MAX_INFLUENCE, 1:DIPLO_STATE_INFLUENTIAL, 0:DIPLO_STATE_NO_INFLUENCE, 1:DIPLO_STATE_WAR_WITH_MINOR, 0:DIPLO_STATE_NO_INFLUENCE, 0:DIPLO_STATE_NO_INFLUENCE, 3:DIPLO_STATE_INFLUENTIAL, 3:DIPLO_STATE_INFLUENTIAL,,,,,,,,,,,,,,,,,,,,,,,,,,,,,,,,,,,,,,,,, 0:DIPLO_STATE_FREE_CITIES_NEUTRAL, 0:
56, 4, Threat and Trust,, 60.16:6:11.00, 60.16:6:17.00, 73.05:3:20.00, 60.16:6:23.00,, 62.41:5:-10.00, 52.11:10:-5.00, 62.86:4:2.00, 96.86:2:-5.00, 114.20:1:0.00, 0.00:11:0.00, 0.00:11:0.00, 0.00:11:0.00, 0.00:11:0.00, 0.00:11:0.00, 0.00:11:0.00, 0.00:11:0.00, 0.00:11:0.00, 0.00:11:0.00, 0.00:11:0.00, 0.00:11:0.00, 0.00:11:0.00,,,,,,,,,,,,,,,,,,,,,,,,,,,,,,,,,,,,,,,,, 0.00:11:0.00, 0.00:11:0.00
56, 3, ,, 18:DIPLO_STATE_ALLIED, 32:DIPLO_STATE_ALLIED, 46:DIPLO_STATE_ALLIED,, 24:DIPLO_STATE_ALLIED, -19:DIPLO_STATE_WAR, -11:DIPLO_STATE_WAR, -11:DIPLO_STATE_WAR, -6:DIPLO_STATE_WAR, -6:DIPLO_STATE_WAR, 0:DIPLO_STATE_NO_INFLUENCE, 0:DIPLO_STATE_NO_INFLUENCE, 1:DIPLO_STATE_INFLUENTIAL, 3:DIPLO_STATE_INFLUENTIAL, 0:DIPLO_STATE_NO_INFLUENCE, 2:DIPLO_STATE_INFLUENTIAL, 0:DIPLO_STATE_NO_INFLUENCE, 4:DIPLO_STATE_WAR_WITH_MINOR, 0:DIPLO_STATE_NO_INFLUENCE, 0:DIPLO_STATE_NO_INFLUENCE, 2:DIPLO_STATE_INFLUENTIAL, 0:DIPLO_STATE_NO_INFLUENCE,,,,,,,,,,,,,,,,,,,,,,,,,,,,,,,,,,,,,,,,, 0:DIPLO_STATE_FREE_CITIES_NEUTRAL, 0:
56, 3, Threat and Trust,, 65.75:8:11.00, 60.16:9:12.00, 87.80:2:12.00,, 76.20:5:22.00, 77.16:4:-10.00, 66.86:7:-5.00, 77.61:3:0.00, 111.61:1:-5.00, 73.75:6:0.00, 0.00:11:0.00, 0.00:11:0.00, 0.00:11:0.00, 0.00:11:0.00, 0.00:11:0.00, 0.00:11:0.00, 0.00:11:0.00, 0.00:11:0.00, 0.00:11:0.00, 0.00:11:0.00, 0.00:11:0.00, 0.00:11:0.00,,,,,,,,,,,,,,,,,,,,,,,,,,,,,,,,,,,,,,,,, 0.00:11:0.00, 0.00:11:0.00
56, 3, ,, 18:DIPLO_STATE_ALLIED, 32:DIPLO_STATE_ALLIED, 46:DIPLO_STATE_ALLIED,, 24:DIPLO_STATE_ALLIED, -19:DIPLO_STATE_WAR, -11:DIPLO_STATE_WAR, -11:DIPLO_STATE_WAR, -6:DIPLO_STATE_WAR, -6:DIPLO_STATE_WAR, 0:DIPLO_STATE_NO_INFLUENCE, 0:DIPLO_STATE_NO_INFLUENCE, 1:DIPLO_STATE_INFLUENTIAL, 3:DIPLO_STATE_INFLUENTIAL, 0:DIPLO_STATE_NO_INFLUENCE, 2:DIPLO_STATE_INFLUENTIAL, 0:DIPLO_STATE_NO_INFLUENCE, 4:DIPLO_STATE_WAR_WITH_MINOR, 0:DIPLO_STATE_NO_INFLUENCE, 0:DIPLO_STATE_NO_INFLUENCE, 2:DIPLO_STATE_INFLUENTIAL, 0:DIPLO_STATE_NO_INFLUENCE,,,,,,,,,,,,,,,,,,,,,,,,,,,,,,,,,,,,,,,,, 0:DIPLO_STATE_FREE_CITIES_NEUTRAL, 0:
56, 3, Threat and Trust,, 65.75:8:11.00, 60.16:9:12.00, 87.80:2:12.00,, 76.20:5:22.00, 77.16:4:-10.00, 66.86:7:-5.00, 77.61:3:0.00, 111.61:1:-5.00, 73.75:6:0.00, 0.00:11:0.00, 0.00:11:0.00, 0.00:11:0.00, 0.00:11:0.00, 0.00:11:0.00, 0.00:11:0.00, 0.00:11:0.00, 0.00:11:0.00, 0.00:11:0.00, 0.00:11:0.00, 0.00:11:0.00, 0.00:11:0.00,,,,,,,,,,,,,,,,,,,,,,,,,,,,,,,,,,,,,,,,, 0.00:11:0.00, 0.00:11:0.00
56, 2, ,, 36:DIPLO_STATE_ALLIED, 4:DIPLO_STATE_ALLIED,, 49:DIPLO_STATE_ALLIED, 43:DIPLO_STATE_ALLIED, -4:DIPLO_STATE_WAR, 5:DIPLO_STATE_WAR, -1:DIPLO_STATE_WAR, 18:DIPLO_STATE_WAR, 14:DIPLO_STATE_WAR, 3:DIPLO_STATE_INFLUENTIAL, 0:DIPLO_STATE_NO_INFLUENCE, 0:DIPLO_STATE_NO_INFLUENCE, 0:DIPLO_STATE_NO_INFLUENCE, 1:DIPLO_STATE_INFLUENTIAL, 3:DIPLO_STATE_MAX_INFLUENCE, 0:DIPLO_STATE_NO_INFLUENCE, 3:DIPLO_STATE_WAR_WITH_MINOR, 0:DIPLO_STATE_NO_INFLUENCE, 0:DIPLO_STATE_NO_INFLUENCE, 0:DIPLO_STATE_NO_INFLUENCE, 0:DIPLO_STATE_NO_INFLUENCE,,,,,,,,,,,,,,,,,,,,,,,,,,,,,,,,,,,,,,,,, 0:DIPLO_STATE_FREE_CITIES_NEUTRAL, 0:
56, 2, Threat and Trust,, 60.16:2:8.00, 60.16:2:10.00,, 60.16:2:14.00, 60.16:2:21.00, 49.50:8:-10.00, 39.20:10:-5.00, 49.95:7:0.00, 83.95:1:-5.00, 46.11:9:0.00, 0.00:11:0.00, 0.00:11:0.00, 0.00:11:0.00, 0.00:11:0.00, 0.00:11:0.00, 0.00:11:0.00, 0.00:11:0.00, 0.00:11:0.00, 0.00:11:0.00, 0.00:11:0.00, 0.00:11:0.00, 0.00:11:0.00,,,,,,,,,,,,,,,,,,,,,,,,,,,,,,,,,,,,,,,,, 0.00:11:0.00, 0.00:11:0.00
56, 3, ,, 18:DIPLO_STATE_ALLIED, 32:DIPLO_STATE_ALLIED, 46:DIPLO_STATE_ALLIED,, 24:DIPLO_STATE_ALLIED, -19:DIPLO_STATE_WAR, -11:DIPLO_STATE_WAR, -11:DIPLO_STATE_WAR, -6:DIPLO_STATE_WAR, -6:DIPLO_STATE_WAR, 0:DIPLO_STATE_NO_INFLUENCE, 0:DIPLO_STATE_NO_INFLUENCE, 1:DIPLO_STATE_INFLUENTIAL, 3:DIPLO_STATE_INFLUENTIAL, 0:DIPLO_STATE_NO_INFLUENCE, 2:DIPLO_STATE_INFLUENTIAL, 0:DIPLO_STATE_NO_INFLUENCE, 4:DIPLO_STATE_WAR_WITH_MINOR, 0:DIPLO_STATE_NO_INFLUENCE, 0:DIPLO_STATE_NO_INFLUENCE, 2:DIPLO_STATE_INFLUENTIAL, 0:DIPLO_STATE_NO_INFLUENCE,,,,,,,,,,,,,,,,,,,,,,,,,,,,,,,,,,,,,,,,, 0:DIPLO_STATE_FREE_CITIES_NEUTRAL, 0:
56, 3, Threat and Trust,, 65.75:8:11.00, 60.16:9:12.00, 87.80:2:12.00,, 76.20:5:22.00, 77.16:4:-10.00, 66.86:7:-5.00, 77.61:3:0.00, 111.61:1:-5.00, 73.75:6:0.00, 0.00:11:0.00, 0.00:11:0.00, 0.00:11:0.00, 0.00:11:0.00, 0.00:11:0.00, 0.00:11:0.00, 0.00:11:0.00, 0.00:11:0.00, 0.00:11:0.00, 0.00:11:0.00, 0.00:11:0.00, 0.00:11:0.00,,,,,,,,,,,,,,,,,,,,,,,,,,,,,,,,,,,,,,,,, 0.00:11:0.00, 0.00:11:0.00
56, 0, ,,, 9:DIPLO_STATE_ALLIED, -2:DIPLO_STATE_ALLIED, -8:DIPLO_STATE_ALLIED, 30:DIPLO_STATE_ALLIED, 2:DIPLO_STATE_WAR, 1:DIPLO_STATE_WAR, 1:DIPLO_STATE_WAR, -5:DIPLO_STATE_WAR, -5:DIPLO_STATE_WAR, 2:DIPLO_STATE_INFLUENTIAL, 0:DIPLO_STATE_NO_INFLUENCE, 1:DIPLO_STATE_INFLUENTIAL, 0:DIPLO_STATE_NO_INFLUENCE, 2:DIPLO_STATE_INFLUENTIAL, 0:DIPLO_STATE_NO_INFLUENCE, 0:DIPLO_STATE_NO_INFLUENCE, 0:DIPLO_STATE_WAR_WITH_MINOR, 3:DIPLO_STATE_INFLUENTIAL, 0:DIPLO_STATE_NO_INFLUENCE, 3:DIPLO_STATE_INFLUENTIAL, 4:DIPLO_STATE_INFLUENTIAL,,,,,,,,,,,,,,,,,,,,,,,,,,,,,,,,,,,,,,,,, 0:DIPLO_STATE_FREE_CITIES_NEUTRAL, 0:
56, 0, Threat and Trust,,, 60.16:8:13.00, 117.40:1:11.00, 60.16:8:15.00, 70.61:5:19.00, 71.55:4:-10.00, 61.25:7:-5.00, 72.00:3:0.00, 106.00:2:-5.00, 68.16:6:2.00, 0.00:11:0.00, 0.00:11:0.00, 0.00:11:0.00, 0.00:11:0.00, 0.00:11:0.00, 0.00:11:0.00, 0.00:11:0.00, 0.00:11:0.00, 0.00:11:0.00, 0.00:11:0.00, 0.00:11:0.00, 0.00:11:0.00,,,,,,,,,,,,,,,,,,,,,,,,,,,,,,,,,,,,,,,,, 0.00:11:0.00, 0.00:11:0.00
57, 5, ,, -26:DIPLO_STATE_WAR, -55:DIPLO_STATE_WAR, -51:DIPLO_STATE_WAR, -62:DIPLO_STATE_WAR, -29:DIPLO_STATE_WAR,, 11:DIPLO_STATE_ALLIED, 24:DIPLO_STATE_ALLIED, 22:DIPLO_STATE_ALLIED, 22:DIPLO_STATE_ALLIED, 5:DIPLO_STATE_INFLUENTIAL, 0:DIPLO_STATE_WAR_WITH_MINOR, 0:DIPLO_STATE_WAR_WITH_MINOR, 0:DIPLO_STATE_WAR_WITH_MINOR, 0:DIPLO_STATE_WAR_WITH_MINOR, 0:DIPLO_STATE_WAR_WITH_MINOR, 0:DIPLO_STATE_WAR_WITH_MINOR, 1:DIPLO_STATE_INFLUENTIAL, 0:DIPLO_STATE_WAR_WITH_MINOR, 0:DIPLO_STATE_WAR_WITH_MINOR, 0:DIPLO_STATE_NO_INFLUENCE, 1:DIPLO_STATE_INFLUENTIAL,,,,,,,,,,,,,,,,,,,,,,,,,,,,,,,,,,,,,,,,, 0:DIPLO_STATE_FREE_CITIES_NEUTRAL, 0:
57, 5, Threat and Trust,, 60.16:1:0.00, 60.16:1:3.00, 60.16:1:4.00, 60.16:1:3.00, 60.16:1:8.00,, 10.16:7:-5.00, 10.16:7:1.00, 47.11:6:-5.00, 10.16:7:2.00, 0.00:11:0.00, 0.00:11:0.00, 0.00:11:0.00, 0.00:11:0.00, 0.00:11:0.00, 0.00:11:0.00, 0.00:11:0.00, 0.00:11:0.00, 0.00:11:0.00, 0.00:11:0.00, 0.00:11:0.00, 0.00:11:0.00,,,,,,,,,,,,,,,,,,,,,,,,,,,,,,,,,,,,,,,,, 0.00:11:0.00, 0.00:11:0.00
57, 6, ,, -49:DIPLO_STATE_WAR, -59:DIPLO_STATE_WAR, -69:DIPLO_STATE_WAR, -79:DIPLO_STATE_WAR, -63:DIPLO_STATE_WAR, -11:DIPLO_STATE_ALLIED,, 11:DIPLO_STATE_ALLIED, 19:DIPLO_STATE_ALLIED, 11:DIPLO_STATE_ALLIED, 4:DIPLO_STATE_INFLUENTIAL, 0:DIPLO_STATE_WAR_WITH_MINOR, 0:DIPLO_STATE_WAR_WITH_MINOR, 0:DIPLO_STATE_WAR_WITH_MINOR, 0:DIPLO_STATE_WAR_WITH_MINOR, 0:DIPLO_STATE_WAR_WITH_MINOR, 0:DIPLO_STATE_WAR_WITH_MINOR, 6:DIPLO_STATE_INFLUENTIAL, 0:DIPLO_STATE_WAR_WITH_MINOR, 0:DIPLO_STATE_WAR_WITH_MINOR, 3:DIPLO_STATE_INFLUENTIAL, 0:DIPLO_STATE_NO_INFLUENCE,,,,,,,,,,,,,,,,,,,,,,,,,,,,,,,,,,,,,,,,, 0:DIPLO_STATE_FREE_CITIES_NEUTRAL, 0:
57, 6, Threat and Trust,, 60.16:1:-3.00, 60.16:1:1.00, 60.16:1:2.00, 60.16:1:2.00, 60.16:1:6.00, 10.16:8:-10.00,, 16.45:7:1.00, 50.45:6:-5.00, 10.16:8:2.00, 0.00:11:0.00, 0.00:11:0.00, 0.00:11:0.00, 0.00:11:0.00, 0.00:11:0.00, 0.00:11:0.00, 0.00:11:0.00, 0.00:11:0.00, 0.00:11:0.00, 0.00:11:0.00, 0.00:11:0.00, 0.00:11:0.00,,,,,,,,,,,,,,,,,,,,,,,,,,,,,,,,,,,,,,,,, 0.00:11:0.00, 0.00:11:0.00
57, 7, ,, -56:DIPLO_STATE_WAR, -77:DIPLO_STATE_WAR, -80:DIPLO_STATE_WAR, -94:DIPLO_STATE_WAR, -73:DIPLO_STATE_WAR, 1:DIPLO_STATE_ALLIED, 18:DIPLO_STATE_ALLIED,, 4:DIPLO_STATE_ALLIED, 8:DIPLO_STATE_ALLIED, 5:DIPLO_STATE_INFLUENTIAL, 0:DIPLO_STATE_WAR_WITH_MINOR, 0:DIPLO_STATE_WAR_WITH_MINOR, 0:DIPLO_STATE_WAR_WITH_MINOR, 0:DIPLO_STATE_WAR_WITH_MINOR, 0:DIPLO_STATE_WAR_WITH_MINOR, 0:DIPLO_STATE_WAR_WITH_MINOR, 2:DIPLO_STATE_INFLUENTIAL, 0:DIPLO_STATE_WAR_WITH_MINOR, 0:DIPLO_STATE_WAR_WITH_MINOR, 0:DIPLO_STATE_NO_INFLUENCE, 1:DIPLO_STATE_INFLUENTIAL,,,,,,,,,,,,,,,,,,,,,,,,,,,,,,,,,,,,,,,,, 0:DIPLO_STATE_FREE_CITIES_NEUTRAL, 0:
57, 7, Threat and Trust,, 60.16:1:3.00, 60.16:1:4.00, 60.16:1:4.00, 60.16:1:7.00, 60.16:1:9.00, 10.16:7:-10.00, 10.16:7:-5.00,, 40.45:6:-5.00, 10.16:7:2.00, 0.00:11:0.00, 0.00:11:0.00, 0.00:11:0.00, 0.00:11:0.00, 0.00:11:0.00, 0.00:11:0.00, 0.00:11:0.00, 0.00:11:0.00, 0.00:11:0.00, 0.00:11:0.00, 0.00:11:0.00, 0.00:11:0.00,,,,,,,,,,,,,,,,,,,,,,,,,,,,,,,,,,,,,,,,, 0.00:11:0.00, 0.00:11:0.00
57, 8, ,, -69:DIPLO_STATE_WAR, -97:DIPLO_STATE_WAR, -69:DIPLO_STATE_WAR, -81:DIPLO_STATE_WAR, -77:DIPLO_STATE_WAR, 5:DIPLO_STATE_ALLIED, 14:DIPLO_STATE_ALLIED, 6:DIPLO_STATE_ALLIED,, 20:DIPLO_STATE_ALLIED, 3:DIPLO_STATE_INFLUENTIAL, 0:DIPLO_STATE_WAR_WITH_MINOR, 0:DIPLO_STATE_WAR_WITH_MINOR, 0:DIPLO_STATE_WAR_WITH_MINOR, 0:DIPLO_STATE_WAR_WITH_MINOR, 0:DIPLO_STATE_WAR_WITH_MINOR, 0:DIPLO_STATE_WAR_WITH_MINOR, 3:DIPLO_STATE_INFLUENTIAL, 0:DIPLO_STATE_WAR_WITH_MINOR, 0:DIPLO_STATE_WAR_WITH_MINOR, 0:DIPLO_STATE_NO_INFLUENCE, 2:DIPLO_STATE_INFLUENTIAL,,,,,,,,,,,,,,,,,,,,,,,,,,,,,,,,,,,,,,,,, 0:DIPLO_STATE_FREE_CITIES_NEUTRAL, 0:
57, 8, Threat and Trust,, 60.16:1:-3.00, 60.16:1:1.00, 60.16:1:2.00, 60.16:1:2.00, 60.16:1:6.00, 10.16:6:-10.00, 10.16:6:-5.00, 10.16:6:1.00,, 10.16:6:2.00, 0.00:11:0.00, 0.00:11:0.00, 0.00:11:0.00, 0.00:11:0.00, 0.00:11:0.00, 0.00:11:0.00, 0.00:11:0.00, 0.00:11:0.00, 0.00:11:0.00, 0.00:11:0.00, 0.00:11:0.00, 0.00:11:0.00,,,,,,,,,,,,,,,,,,,,,,,,,,,,,,,,,,,,,,,,, 0.00:11:0.00, 0.00:11:0.00
57, 9, ,, -49:DIPLO_STATE_WAR, -79:DIPLO_STATE_WAR, -61:DIPLO_STATE_WAR, -64:DIPLO_STATE_WAR, -53:DIPLO_STATE_WAR, -7:DIPLO_STATE_ALLIED, 9:DIPLO_STATE_ALLIED, 1:DIPLO_STATE_ALLIED, 5:DIPLO_STATE_ALLIED,, 1:DIPLO_STATE_INFLUENTIAL, 0:DIPLO_STATE_WAR_WITH_MINOR, 0:DIPLO_STATE_WAR_WITH_MINOR, 0:DIPLO_STATE_WAR_WITH_MINOR, 0:DIPLO_STATE_WAR_WITH_MINOR, 0:DIPLO_STATE_WAR_WITH_MINOR, 0:DIPLO_STATE_WAR_WITH_MINOR, 7:DIPLO_STATE_MAX_INFLUENCE, 0:DIPLO_STATE_WAR_WITH_MINOR, 0:DIPLO_STATE_WAR_WITH_MINOR, 0:DIPLO_STATE_NO_INFLUENCE, 0:DIPLO_STATE_NO_INFLUENCE,,,,,,,,,,,,,,,,,,,,,,,,,,,,,,,,,,,,,,,,, 0:DIPLO_STATE_FREE_CITIES_NEUTRAL, 0:
57, 9, Threat and Trust,, 60.16:1:5.00, 60.16:1:5.00, 60.16:1:5.00, 60.16:1:6.00, 60.16:1:5.00, 10.16:9:-10.00, 10.16:9:-5.00, 19.70:8:1.00, 55.70:7:-5.00,, 0.00:11:0.00, 0.00:11:0.00, 0.00:11:0.00, 0.00:11:0.00, 0.00:11:0.00, 0.00:11:0.00, 0.00:11:0.00, 0.00:11:0.00, 0.00:11:0.00, 0.00:11:0.00, 0.00:11:0.00, 0.00:11:0.00,,,,,,,,,,,,,,,,,,,,,,,,,,,,,,,,,,,,,,,,, 0.00:11:0.00, 0.00:11:0.00
57, 10, ,, 2:DIPLO_STATE_PATRON, 3:DIPLO_STATE_PATRON, 3:DIPLO_STATE_PATRON, 0:DIPLO_STATE_AWARE, 3:DIPLO_STATE_PATRON, 5:DIPLO_STATE_PATRON, 4:DIPLO_STATE_PATRON, 5:DIPLO_STATE_PATRON, 3:DIPLO_STATE_PATRON, 1:DIPLO_STATE_PATRON,,, 0:DIPLO_STATE_MINOR_MINOR, 0:DIPLO_STATE_MINOR_MINOR, 0:DIPLO_STATE_MINOR_MINOR, 0:DIPLO_STATE_MINOR_MINOR,, 0:DIPLO_STATE_MINOR_MINOR, 0:DIPLO_STATE_MINOR_MINOR,, 0:DIPLO_STATE_MINOR_MINOR, 0:DIPLO_STATE_MINOR_MINOR,,,,,,,,,,,,,,,,,,,,,,,,,,,,,,,,,,,,,,,,,, 0:
57, 10, Threat and Trust,, 60.16:7:0.00, 60.16:7:0.00, 77.61:2:0.00, 60.16:7:0.00, 60.16:7:0.00, 64.45:4:0.00, 61.11:6:0.00, 71.11:3:0.00, 107.11:1:0.00, 61.55:5:0.00,,, 0.00:11:0.00, 0.00:11:0.00, 0.00:11:0.00, 0.00:11:0.00,, 0.00:11:0.00, 0.00:11:0.00,, 0.00:11:0.00, 0.00:11:0.00,,,,,,,,,,,,,,,,,,,,,,,,,,,,,,,,,,,,,,,,,, 0.00:11:0.00
57, 12, ,, 1:DIPLO_STATE_PATRON, 3:DIPLO_STATE_PATRON, 0:DIPLO_STATE_AWARE, 1:DIPLO_STATE_PATRON, 2:DIPLO_STATE_PATRON, 0:DIPLO_STATE_WAR_WITH_MAJOR, 0:DIPLO_STATE_WAR_WITH_MAJOR, 0:DIPLO_STATE_WAR_WITH_MAJOR, 0:DIPLO_STATE_WAR_WITH_MAJOR, 0:DIPLO_STATE_WAR_WITH_MAJOR, 0:DIPLO_STATE_MINOR_MINOR,,,,,,, 0:DIPLO_STATE_MINOR_MINOR_WAR,,,, 0:DIPLO_STATE_MINOR_MINOR,,,,,,,,,,,,,,,,,,,,,,,,,,,,,,,,,,,,,,,,,, 0:
57, 12, Threat and Trust,, 60.16:8:0.00, 60.16:8:0.00, 87.20:2:0.00, 60.16:8:0.00, 74.30:4:0.00, 74.05:5:0.00, 70.70:7:0.00, 80.70:3:0.00, 116.70:1:0.00, 71.16:6:0.00, 0.00:11:0.00,,,,,,, 0.00:11:0.00,,,, 0.00:11:0.00,,,,,,,,,,,,,,,,,,,,,,,,,,,,,,,,,,,,,,,,,, 0.00:11:0.00
57, 13, ,, 0:DIPLO_STATE_AWARE, 4:DIPLO_STATE_PATRON, 0:DIPLO_STATE_AWARE, 3:DIPLO_STATE_PATRON, 0:DIPLO_STATE_AWARE, 0:DIPLO_STATE_WAR_WITH_MAJOR, 0:DIPLO_STATE_WAR_WITH_MAJOR, 0:DIPLO_STATE_WAR_WITH_MAJOR, 0:DIPLO_STATE_WAR_WITH_MAJOR, 0:DIPLO_STATE_WAR_WITH_MAJOR, 0:DIPLO_STATE_MINOR_MINOR,,,, 0:DIPLO_STATE_MINOR_MINOR,, 0:DIPLO_STATE_MINOR_MINOR, 0:DIPLO_STATE_MINOR_MINOR_WAR,,,,,,,,,,,,,,,,,,,,,,,,,,,,,,,,,,,,,,,,,,,,,, 0:
57, 13, Threat and Trust,, 60.16:8:0.00, 60.16:8:0.00, 82.66:2:0.00, 60.16:8:0.00, 69.75:4:0.00, 69.50:5:0.00, 66.16:7:0.00, 76.16:3:0.00, 112.16:1:0.00, 66.61:6:0.00, 0.00:11:0.00,,,, 0.00:11:0.00,, 0.00:11:0.00, 0.00:11:0.00,,,,,,,,,,,,,,,,,,,,,,,,,,,,,,,,,,,,,,,,,,,,,, 0.00:11:0.00
57, 14, ,, 2:DIPLO_STATE_PATRON, 0:DIPLO_STATE_AWARE, 1:DIPLO_STATE_PATRON, 0:DIPLO_STATE_AWARE, 4:DIPLO_STATE_PATRON, 0:DIPLO_STATE_WAR_WITH_MAJOR, 0:DIPLO_STATE_WAR_WITH_MAJOR, 0:DIPLO_STATE_WAR_WITH_MAJOR, 0:DIPLO_STATE_WAR_WITH_MAJOR, 0:DIPLO_STATE_WAR_WITH_MAJOR, 0:DIPLO_STATE_MINOR_MINOR, 0:DIPLO_STATE_MINOR_MINOR,, 0:DIPLO_STATE_MINOR_MINOR,, 0:DIPLO_STATE_MINOR_MINOR, 0:DIPLO_STATE_MINOR_MINOR, 0:DIPLO_STATE_MINOR_MINOR_WAR,, 0:DIPLO_STATE_MINOR_MINOR, 0:DIPLO_STATE_MINOR_MINOR, 0:DIPLO_STATE_MINOR_MINOR,,,,,,,,,,,,,,,,,,,,,,,,,,,,,,,,,,,,,,,,,, 0:
57, 14, Threat and Trust,, 65.86:8:0.00, 60.16:9:0.00, 87.91:2:0.00, 60.16:9:0.00, 75.00:4:0.00, 74.75:5:0.00, 71.41:7:0.00, 81.41:3:0.00, 117.41:1:0.00, 71.86:6:0.00, 0.00:11:0.00, 0.00:11:0.00,, 0.00:11:0.00,, 0.00:11:0.00, 0.00:11:0.00, 0.00:11:0.00,, 0.00:11:0.00, 0.00:11:0.00, 0.00:11:0.00,,,,,,,,,,,,,,,,,,,,,,,,,,,,,,,,,,,,,,,,,, 0.00:11:0.00
57, 15, ,, 0:DIPLO_STATE_AWARE, 1:DIPLO_STATE_PATRON, 3:DIPLO_STATE_PATRON, 2:DIPLO_STATE_PATRON, 1:DIPLO_STATE_PATRON, 0:DIPLO_STATE_WAR_WITH_MAJOR, 0:DIPLO_STATE_WAR_WITH_MAJOR, 0:DIPLO_STATE_WAR_WITH_MAJOR, 0:DIPLO_STATE_WAR_WITH_MAJOR, 0:DIPLO_STATE_WAR_WITH_MAJOR, 0:DIPLO_STATE_MINOR_MINOR,,,, 0:DIPLO_STATE_MINOR_MINOR,, 0:DIPLO_STATE_MINOR_MINOR, 0:DIPLO_STATE_MINOR_MINOR_WAR,,, 0:DIPLO_STATE_MINOR_MINOR,,,,,,,,,,,,,,,,,,,,,,,,,,,,,,,,,,,,,,,,,,, 0:
57, 15, Threat and Trust,, 60.16:8:0.00, 60.16:8:0.00, 79.66:2:0.00, 60.16:8:0.00, 66.75:4:0.00, 66.50:5:0.00, 63.16:7:0.00, 73.16:3:0.00, 109.16:1:0.00, 63.61:6:0.00, 0.00:11:0.00,,,, 0.00:11:0.00,, 0.00:11:0.00, 0.00:11:0.00,,, 0.00:11:0.00,,,,,,,,,,,,,,,,,,,,,,,,,,,,,,,,,,,,,,,,,,, 0.00:11:0.00
57, 17, ,, 0:DIPLO_STATE_WAR_WITH_MAJOR, 3:DIPLO_STATE_WAR_WITH_MAJOR, 3:DIPLO_STATE_WAR_WITH_MAJOR, 4:DIPLO_STATE_WAR_WITH_MAJOR, 1:DIPLO_STATE_WAR_WITH_MAJOR, 1:DIPLO_STATE_PATRON, 6:DIPLO_STATE_PATRON, 2:DIPLO_STATE_PATRON, 3:DIPLO_STATE_PATRON, 7:DIPLO_STATE_PATRON, 0:DIPLO_STATE_MINOR_MINOR,, 0:DIPLO_STATE_MINOR_MINOR_WAR, 0:DIPLO_STATE_MINOR_MINOR_WAR, 0:DIPLO_STATE_MINOR_MINOR_WAR, 0:DIPLO_STATE_MINOR_MINOR_WAR, 0:DIPLO_STATE_MINOR_MINOR_WAR,, 0:DIPLO_STATE_MINOR_MINOR_WAR,, 0:DIPLO_STATE_MINOR_MINOR, 0:DIPLO_STATE_MINOR_MINOR,,,,,,,,,,,,,,,,,,,,,,,,,,,,,,,,,,,,,,,,,, 0:
57, 17, Threat and Trust,, 60.16:8:0.00, 60.16:8:0.00, 78.50:2:0.00, 60.16:8:0.00, 65.61:4:0.00, 65.36:5:0.00, 62.00:7:0.00, 72.00:3:0.00, 108.00:1:0.00, 62.45:6:0.00, 0.00:11:0.00,, 0.00:11:0.00, 0.00:11:0.00, 0.00:11:0.00, 0.00:11:0.00, 0.00:11:0.00,, 0.00:11:0.00,, 0.00:11:0.00, 0.00:11:0.00,,,,,,,,,,,,,,,,,,,,,,,,,,,,,,,,,,,,,,,,,, 0.00:11:0.00
57, 18, ,, 3:DIPLO_STATE_PATRON, 0:DIPLO_STATE_AWARE, 0:DIPLO_STATE_AWARE, 0:DIPLO_STATE_AWARE, 0:DIPLO_STATE_AWARE, 0:DIPLO_STATE_WAR_WITH_MAJOR, 0:DIPLO_STATE_WAR_WITH_MAJOR, 0:DIPLO_STATE_WAR_WITH_MAJOR, 0:DIPLO_STATE_WAR_WITH_MAJOR, 0:DIPLO_STATE_WAR_WITH_MAJOR, 0:DIPLO_STATE_MINOR_MINOR,,,,,, 0:DIPLO_STATE_MINOR_MINOR, 0:DIPLO_STATE_MINOR_MINOR_WAR,,,,,,,,,,,,,,,,,,,,,,,,,,,,,,,,,,,,,,,,,,,,,, 0:
57, 18, Threat and Trust,, 121.86:2:0.00, 65.75:9:0.00, 92.91:4:0.00, 65.25:10:0.00, 80.00:6:0.00, 107.55:3:0.00, 76.41:8:0.00, 86.41:5:0.00, 122.41:1:0.00, 76.86:7:0.00, 0.00:11:0.00,,,,,, 0.00:11:0.00, 0.00:11:0.00,,,,,,,,,,,,,,,,,,,,,,,,,,,,,,,,,,,,,,,,,,,,,, 0.00:11:0.00
57, 20, ,, 3:DIPLO_STATE_PATRON, 2:DIPLO_STATE_PATRON, 0:DIPLO_STATE_AWARE, 2:DIPLO_STATE_PATRON, 3:DIPLO_STATE_PATRON, 0:DIPLO_STATE_AWARE, 3:DIPLO_STATE_PATRON, 0:DIPLO_STATE_AWARE, 0:DIPLO_STATE_AWARE, 0:DIPLO_STATE_AWARE, 0:DIPLO_STATE_MINOR_MINOR, 0:DIPLO_STATE_MINOR_MINOR,,, 0:DIPLO_STATE_MINOR_MINOR, 0:DIPLO_STATE_MINOR_MINOR, 0:DIPLO_STATE_MINOR_MINOR, 0:DIPLO_STATE_MINOR_MINOR,,,,,,,,,,,,,,,,,,,,,,,,,,,,,,,,,,,,,,,,,,,,,, 0:
57, 20, Threat and Trust,, 60.16:8:0.00, 60.16:8:0.00, 78.80:2:0.00, 60.16:8:0.00, 65.91:4:0.00, 65.66:5:0.00, 62.30:7:0.00, 72.30:3:0.00, 108.30:1:0.00, 62.75:6:0.00, 0.00:11:0.00, 0.00:11:0.00,,, 0.00:11:0.00, 0.00:11:0.00, 0.00:11:0.00, 0.00:11:0.00,,,,,,,,,,,,,,,,,,,,,,,,,,,,,,,,,,,,,,,,,,,,,, 0.00:11:0.00
57, 21, ,, 4:DIPLO_STATE_PATRON, 4:DIPLO_STATE_PATRON, 0:DIPLO_STATE_AWARE, 0:DIPLO_STATE_AWARE, 3:DIPLO_STATE_PATRON, 1:DIPLO_STATE_PATRON, 0:DIPLO_STATE_AWARE, 1:DIPLO_STATE_PATRON, 2:DIPLO_STATE_PATRON, 0:DIPLO_STATE_AWARE, 0:DIPLO_STATE_MINOR_MINOR,, 0:DIPLO_STATE_MINOR_MINOR,, 0:DIPLO_STATE_MINOR_MINOR,, 0:DIPLO_STATE_MINOR_MINOR, 0:DIPLO_STATE_MINOR_MINOR,,,,,,,,,,,,,,,,,,,,,,,,,,,,,,,,,,,,,,,,,,,,,, 0:
57, 21, Threat and Trust,, 60.16:5:0.00, 60.16:5:0.00, 73.45:2:0.00, 60.16:5:0.00, 60.16:5:0.00, 60.30:4:0.00, 56.95:10:0.00, 66.95:3:0.00, 102.95:1:0.00, 57.41:9:0.00, 0.00:11:0.00,, 0.00:11:0.00,, 0.00:11:0.00,, 0.00:11:0.00, 0.00:11:0.00,,,,,,,,,,,,,,,,,,,,,,,,,,,,,,,,,,,,,,,,,,,,,, 0.00:11:0.00
57, 62, ,, 0:DIPLO_STATE_FREE_CITIES_NEUTRAL, 0:DIPLO_STATE_FREE_CITIES_NEUTRAL, 0:DIPLO_STATE_FREE_CITIES_NEUTRAL, 0:DIPLO_STATE_FREE_CITIES_NEUTRAL, 0:DIPLO_STATE_FREE_CITIES_NEUTRAL, 0:DIPLO_STATE_FREE_CITIES_NEUTRAL, 0:DIPLO_STATE_FREE_CITIES_NEUTRAL, 0:DIPLO_STATE_FREE_CITIES_NEUTRAL, 0:DIPLO_STATE_FREE_CITIES_NEUTRAL, 0:DIPLO_STATE_FREE_CITIES_NEUTRAL,,,,,,,,,,,,,,,,,,,,,,,,,,,,,,,,,,,,,,,,,,,,,,,,,,,,,,
57, 62, Threat and Trust,, 71.11:8:0.00, 66.00:9:0.00, 93.16:2:0.00, 65.50:10:0.00, 80.25:4:0.00, 80.00:5:0.00, 76.66:7:0.00, 86.66:3:0.00, 122.66:1:0.00, 77.11:6:0.00,,,,,,,,,,,,,,,,,,,,,,,,,,,,,,,,,,,,,,,,,,,,,,,,,,,,,,
57, 63, ,, 0:, 0:, 0:, 0:, 0:, 0:, 0:, 0:, 0:, 0:, 0:, 0:, 0:, 0:, 0:, 0:, 0:, 0:, 0:, 0:, 0:, 0:,,,,,,,,,,,,,,,,,,,,,,,,,,,,,,,,,,,,,,,,,,
57, 63, Threat and Trust,, 0.00:1:0.00, 0.00:1:0.00, 0.00:1:0.00, 0.00:1:0.00, 0.00:1:0.00, 0.00:1:0.00, 0.00:1:0.00, 0.00:1:0.00, 0.00:1:0.00, 0.00:1:0.00, 0.00:1:0.00, 0.00:1:0.00, 0.00:1:0.00, 0.00:1:0.00, 0.00:1:0.00, 0.00:1:0.00, 0.00:1:0.00, 0.00:1:0.00, 0.00:1:0.00, 0.00:1:0.00, 0.00:1:0.00, 0.00:1:0.00,,,,,,,,,,,,,,,,,,,,,,,,,,,,,,,,,,,,,,,,,,
57, 0, ,,, 11:DIPLO_STATE_ALLIED, 7:DIPLO_STATE_ALLIED, -9:DIPLO_STATE_ALLIED, 30:DIPLO_STATE_ALLIED, 2:DIPLO_STATE_WAR, 1:DIPLO_STATE_WAR, 1:DIPLO_STATE_WAR, -5:DIPLO_STATE_WAR, -5:DIPLO_STATE_WAR, 2:DIPLO_STATE_INFLUENTIAL, 0:DIPLO_STATE_NO_INFLUENCE, 1:DIPLO_STATE_INFLUENTIAL, 0:DIPLO_STATE_NO_INFLUENCE, 2:DIPLO_STATE_INFLUENTIAL, 0:DIPLO_STATE_NO_INFLUENCE, 0:DIPLO_STATE_NO_INFLUENCE, 0:DIPLO_STATE_WAR_WITH_MINOR, 3:DIPLO_STATE_MAX_INFLUENCE, 0:DIPLO_STATE_NO_INFLUENCE, 3:DIPLO_STATE_INFLUENTIAL, 4:DIPLO_STATE_INFLUENTIAL,,,,,,,,,,,,,,,,,,,,,,,,,,,,,,,,,,,,,,,,, 0:DIPLO_STATE_FREE_CITIES_NEUTRAL, 0:
57, 0, Threat and Trust,,, 60.16:8:13.00, 112.90:2:11.00, 60.16:8:15.00, 70.61:4:19.00, 70.36:5:-10.00, 67.00:7:-5.00, 77.00:3:0.00, 113.00:1:-5.00, 67.45:6:2.00, 0.00:11:0.00, 0.00:11:0.00, 0.00:11:0.00, 0.00:11:0.00, 0.00:11:0.00, 0.00:11:0.00, 0.00:11:0.00, 0.00:11:0.00, 0.00:11:0.00, 0.00:11:0.00, 0.00:11:0.00, 0.00:11:0.00,,,,,,,,,,,,,,,,,,,,,,,,,,,,,,,,,,,,,,,,, 0.00:11:0.00, 0.00:11:0.00
57, 1, ,, 58:DIPLO_STATE_ALLIED,, 33:DIPLO_STATE_ALLIED, 49:DIPLO_STATE_ALLIED, 38:DIPLO_STATE_ALLIED, -10:DIPLO_STATE_WAR, -13:DIPLO_STATE_WAR, -12:DIPLO_STATE_WAR, -22:DIPLO_STATE_WAR, -12:DIPLO_STATE_WAR, 3:DIPLO_STATE_INFLUENTIAL, 0:DIPLO_STATE_NO_INFLUENCE, 3:DIPLO_STATE_MAX_INFLUENCE, 4:DIPLO_STATE_MAX_INFLUENCE, 0:DIPLO_STATE_NO_INFLUENCE, 1:DIPLO_STATE_INFLUENTIAL, 0:DIPLO_STATE_NO_INFLUENCE, 3:DIPLO_STATE_WAR_WITH_MINOR, 0:DIPLO_STATE_NO_INFLUENCE, 0:DIPLO_STATE_NO_INFLUENCE, 2:DIPLO_STATE_INFLUENTIAL, 4:DIPLO_STATE_INFLUENTIAL,,,,,,,,,,,,,,,,,,,,,,,,,,,,,,,,,,,,,,,,, 0:DIPLO_STATE_FREE_CITIES_NEUTRAL, 0:
57, 1, Threat and Trust,, 60.16:8:9.00,, 86.70:2:10.00, 60.16:8:13.00, 73.80:4:17.00, 73.55:5:-10.00, 70.20:7:-5.00, 80.20:3:0.00, 116.20:1:-5.00, 70.66:6:2.00, 0.00:11:0.00, 0.00:11:0.00, 0.00:11:0.00, 0.00:11:0.00, 0.00:11:0.00, 0.00:11:0.00, 0.00:11:0.00, 0.00:11:0.00, 0.00:11:0.00, 0.00:11:0.00, 0.00:11:0.00, 0.00:11:0.00,,,,,,,,,,,,,,,,,,,,,,,,,,,,,,,,,,,,,,,,, 0.00:11:0.00, 0.00:11:0.00
57, 2, ,, 39:DIPLO_STATE_ALLIED, 3:DIPLO_STATE_ALLIED,, 48:DIPLO_STATE_ALLIED, 47:DIPLO_STATE_ALLIED, -4:DIPLO_STATE_WAR, 6:DIPLO_STATE_WAR, 0:DIPLO_STATE_WAR, 19:DIPLO_STATE_WAR, 14:DIPLO_STATE_WAR, 3:DIPLO_STATE_INFLUENTIAL, 0:DIPLO_STATE_NO_INFLUENCE, 0:DIPLO_STATE_NO_INFLUENCE, 0:DIPLO_STATE_NO_INFLUENCE, 1:DIPLO_STATE_INFLUENTIAL, 3:DIPLO_STATE_MAX_INFLUENCE, 0:DIPLO_STATE_NO_INFLUENCE, 3:DIPLO_STATE_WAR_WITH_MINOR, 0:DIPLO_STATE_NO_INFLUENCE, 0:DIPLO_STATE_NO_INFLUENCE, 0:DIPLO_STATE_NO_INFLUENCE, 0:DIPLO_STATE_NO_INFLUENCE,,,,,,,,,,,,,,,,,,,,,,,,,,,,,,,,,,,,,,,,, 0:DIPLO_STATE_FREE_CITIES_NEUTRAL, 0:
57, 2, Threat and Trust,, 60.16:2:9.00, 60.16:2:11.00,, 60.16:2:14.00, 60.16:2:21.00, 48.36:8:-10.00, 45.00:10:-5.00, 55.00:7:0.00, 91.00:1:-5.00, 45.45:9:0.00, 0.00:11:0.00, 0.00:11:0.00, 0.00:11:0.00, 0.00:11:0.00, 0.00:11:0.00, 0.00:11:0.00, 0.00:11:0.00, 0.00:11:0.00, 0.00:11:0.00, 0.00:11:0.00, 0.00:11:0.00, 0.00:11:0.00,,,,,,,,,,,,,,,,,,,,,,,,,,,,,,,,,,,,,,,,, 0.00:11:0.00, 0.00:11:0.00
57, 3, ,, 17:DIPLO_STATE_ALLIED, 33:DIPLO_STATE_ALLIED, 42:DIPLO_STATE_ALLIED,, 23:DIPLO_STATE_ALLIED, -19:DIPLO_STATE_WAR, -11:DIPLO_STATE_WAR, -11:DIPLO_STATE_WAR, -6:DIPLO_STATE_WAR, -6:DIPLO_STATE_WAR, 0:DIPLO_STATE_NO_INFLUENCE, 0:DIPLO_STATE_NO_INFLUENCE, 1:DIPLO_STATE_INFLUENTIAL, 3:DIPLO_STATE_INFLUENTIAL, 0:DIPLO_STATE_NO_INFLUENCE, 2:DIPLO_STATE_INFLUENTIAL, 0:DIPLO_STATE_NO_INFLUENCE, 4:DIPLO_STATE_WAR_WITH_MINOR, 0:DIPLO_STATE_NO_INFLUENCE, 0:DIPLO_STATE_NO_INFLUENCE, 2:DIPLO_STATE_INFLUENTIAL, 0:DIPLO_STATE_NO_INFLUENCE,,,,,,,,,,,,,,,,,,,,,,,,,,,,,,,,,,,,,,,,, 0:DIPLO_STATE_FREE_CITIES_NEUTRAL, 0:
57, 3, Threat and Trust,, 65.45:8:13.00, 60.16:9:13.00, 87.45:2:13.00,, 75.91:4:22.00, 75.66:5:-10.00, 72.30:7:-5.00, 82.30:3:0.00, 118.30:1:-5.00, 72.75:6:0.00, 0.00:11:0.00, 0.00:11:0.00, 0.00:11:0.00, 0.00:11:0.00, 0.00:11:0.00, 0.00:11:0.00, 0.00:11:0.00, 0.00:11:0.00, 0.00:11:0.00, 0.00:11:0.00, 0.00:11:0.00, 0.00:11:0.00,,,,,,,,,,,,,,,,,,,,,,,,,,,,,,,,,,,,,,,,, 0.00:11:0.00, 0.00:11:0.00
57, 4, ,, 52:DIPLO_STATE_ALLIED, -5:DIPLO_STATE_ALLIED, 27:DIPLO_STATE_ALLIED, 1:DIPLO_STATE_ALLIED,, 14:DIPLO_STATE_WAR, -7:DIPLO_STATE_WAR, -7:DIPLO_STATE_WAR, 1:DIPLO_STATE_WAR, 1:DIPLO_STATE_WAR, 3:DIPLO_STATE_INFLUENTIAL, 0:DIPLO_STATE_NO_INFLUENCE, 2:DIPLO_STATE_INFLUENTIAL, 0:DIPLO_STATE_NO_INFLUENCE, 4:DIPLO_STATE_MAX_INFLUENCE, 1:DIPLO_STATE_INFLUENTIAL, 0:DIPLO_STATE_NO_INFLUENCE, 1:DIPLO_STATE_WAR_WITH_MINOR, 0:DIPLO_STATE_NO_INFLUENCE, 0:DIPLO_STATE_NO_INFLUENCE, 3:DIPLO_STATE_INFLUENTIAL, 3:DIPLO_STATE_INFLUENTIAL,,,,,,,,,,,,,,,,,,,,,,,,,,,,,,,,,,,,,,,,, 0:DIPLO_STATE_FREE_CITIES_NEUTRAL, 0:
57, 4, Threat and Trust,, 60.16:5:13.00, 60.16:5:18.00, 71.36:3:21.00, 60.16:5:23.00,, 59.55:9:-10.00, 56.20:10:-5.00, 66.20:4:2.00, 102.20:1:-5.00, 101.25:2:0.00, 0.00:11:0.00, 0.00:11:0.00, 0.00:11:0.00, 0.00:11:0.00, 0.00:11:0.00, 0.00:11:0.00, 0.00:11:0.00, 0.00:11:0.00, 0.00:11:0.00, 0.00:11:0.00, 0.00:11:0.00, 0.00:11:0.00,,,,,,,,,,,,,,,,,,,,,,,,,,,,,,,,,,,,,,,,, 0.00:11:0.00, 0.00:11:0.00
57, 3, ,, 17:DIPLO_STATE_ALLIED, 33:DIPLO_STATE_ALLIED, 42:DIPLO_STATE_ALLIED,, 23:DIPLO_STATE_ALLIED, -19:DIPLO_STATE_WAR, -11:DIPLO_STATE_WAR, -11:DIPLO_STATE_WAR, -6:DIPLO_STATE_WAR, -6:DIPLO_STATE_WAR, 0:DIPLO_STATE_NO_INFLUENCE, 0:DIPLO_STATE_NO_INFLUENCE, 1:DIPLO_STATE_INFLUENTIAL, 3:DIPLO_STATE_INFLUENTIAL, 0:DIPLO_STATE_NO_INFLUENCE, 2:DIPLO_STATE_INFLUENTIAL, 0:DIPLO_STATE_NO_INFLUENCE, 4:DIPLO_STATE_WAR_WITH_MINOR, 0:DIPLO_STATE_NO_INFLUENCE, 0:DIPLO_STATE_NO_INFLUENCE, 2:DIPLO_STATE_INFLUENTIAL, 0:DIPLO_STATE_NO_INFLUENCE,,,,,,,,,,,,,,,,,,,,,,,,,,,,,,,,,,,,,,,,, 0:DIPLO_STATE_FREE_CITIES_NEUTRAL, 0:
57, 3, Threat and Trust,, 65.45:8:13.00, 60.16:9:13.00, 87.45:2:13.00,, 75.91:4:22.00, 75.66:5:-10.00, 72.30:7:-5.00, 82.30:3:0.00, 118.30:1:-5.00, 72.75:6:0.00, 0.00:11:0.00, 0.00:11:0.00, 0.00:11:0.00, 0.00:11:0.00, 0.00:11:0.00, 0.00:11:0.00, 0.00:11:0.00, 0.00:11:0.00, 0.00:11:0.00, 0.00:11:0.00, 0.00:11:0.00, 0.00:11:0.00,,,,,,,,,,,,,,,,,,,,,,,,,,,,,,,,,,,,,,,,, 0.00:11:0.00, 0.00:11:0.00
57, 2, ,, 39:DIPLO_STATE_ALLIED, 3:DIPLO_STATE_ALLIED,, 48:DIPLO_STATE_ALLIED, 47:DIPLO_STATE_ALLIED, -4:DIPLO_STATE_WAR, 6:DIPLO_STATE_WAR, 0:DIPLO_STATE_WAR, 19:DIPLO_STATE_WAR, 14:DIPLO_STATE_WAR, 3:DIPLO_STATE_INFLUENTIAL, 0:DIPLO_STATE_NO_INFLUENCE, 0:DIPLO_STATE_NO_INFLUENCE, 0:DIPLO_STATE_NO_INFLUENCE, 1:DIPLO_STATE_INFLUENTIAL, 3:DIPLO_STATE_INFLUENTIAL, 0:DIPLO_STATE_NO_INFLUENCE, 3:DIPLO_STATE_WAR_WITH_MINOR, 0:DIPLO_STATE_NO_INFLUENCE, 0:DIPLO_STATE_NO_INFLUENCE, 0:DIPLO_STATE_NO_INFLUENCE, 0:DIPLO_STATE_NO_INFLUENCE,,,,,,,,,,,,,,,,,,,,,,,,,,,,,,,,,,,,,,,,, 0:DIPLO_STATE_FREE_CITIES_NEUTRAL, 0:
57, 2, Threat and Trust,, 60.16:2:9.00, 60.16:2:11.00,, 60.16:2:14.00, 60.16:2:21.00, 48.36:8:-10.00, 45.00:10:-5.00, 55.00:7:0.00, 91.00:1:-5.00, 45.45:9:0.00, 0.00:11:0.00, 0.00:11:0.00, 0.00:11:0.00, 0.00:11:0.00, 0.00:11:0.00, 0.00:11:0.00, 0.00:11:0.00, 0.00:11:0.00, 0.00:11:0.00, 0.00:11:0.00, 0.00:11:0.00, 0.00:11:0.00,,,,,,,,,,,,,,,,,,,,,,,,,,,,,,,,,,,,,,,,, 0.00:11:0.00, 0.00:11:0.00
57, 0, ,,, 11:DIPLO_STATE_ALLIED, 7:DIPLO_STATE_ALLIED, -9:DIPLO_STATE_ALLIED, 30:DIPLO_STATE_ALLIED, 2:DIPLO_STATE_WAR, 1:DIPLO_STATE_WAR, 1:DIPLO_STATE_WAR, -5:DIPLO_STATE_WAR, -5:DIPLO_STATE_WAR, 2:DIPLO_STATE_INFLUENTIAL, 0:DIPLO_STATE_NO_INFLUENCE, 1:DIPLO_STATE_INFLUENTIAL, 0:DIPLO_STATE_NO_INFLUENCE, 2:DIPLO_STATE_INFLUENTIAL, 0:DIPLO_STATE_NO_INFLUENCE, 0:DIPLO_STATE_NO_INFLUENCE, 0:DIPLO_STATE_WAR_WITH_MINOR, 3:DIPLO_STATE_MAX_INFLUENCE, 0:DIPLO_STATE_NO_INFLUENCE, 3:DIPLO_STATE_INFLUENTIAL, 4:DIPLO_STATE_INFLUENTIAL,,,,,,,,,,,,,,,,,,,,,,,,,,,,,,,,,,,,,,,,, 0:DIPLO_STATE_FREE_CITIES_NEUTRAL, 0:
57, 0, Threat and Trust,,, 60.16:8:13.00, 112.90:2:11.00, 60.16:8:15.00, 70.61:4:19.00, 70.36:5:-10.00, 67.00:7:-5.00, 77.00:3:0.00, 113.00:1:-5.00, 67.45:6:2.00, 0.00:11:0.00, 0.00:11:0.00, 0.00:11:0.00, 0.00:11:0.00, 0.00:11:0.00, 0.00:11:0.00, 0.00:11:0.00, 0.00:11:0.00, 0.00:11:0.00, 0.00:11:0.00, 0.00:11:0.00, 0.00:11:0.00,,,,,,,,,,,,,,,,,,,,,,,,,,,,,,,,,,,,,,,,, 0.00:11:0.00, 0.00:11:0.00
57, 2, ,, 39:DIPLO_STATE_ALLIED, 3:DIPLO_STATE_ALLIED,, 48:DIPLO_STATE_ALLIED, 47:DIPLO_STATE_ALLIED, -4:DIPLO_STATE_WAR, 6:DIPLO_STATE_WAR, 0:DIPLO_STATE_WAR, 19:DIPLO_STATE_WAR, 14:DIPLO_STATE_WAR, 3:DIPLO_STATE_INFLUENTIAL, 0:DIPLO_STATE_NO_INFLUENCE, 0:DIPLO_STATE_NO_INFLUENCE, 0:DIPLO_STATE_NO_INFLUENCE, 1:DIPLO_STATE_INFLUENTIAL, 3:DIPLO_STATE_INFLUENTIAL, 0:DIPLO_STATE_NO_INFLUENCE, 3:DIPLO_STATE_WAR_WITH_MINOR, 0:DIPLO_STATE_NO_INFLUENCE, 0:DIPLO_STATE_NO_INFLUENCE, 0:DIPLO_STATE_NO_INFLUENCE, 0:DIPLO_STATE_NO_INFLUENCE,,,,,,,,,,,,,,,,,,,,,,,,,,,,,,,,,,,,,,,,, 0:DIPLO_STATE_FREE_CITIES_NEUTRAL, 0:
57, 2, Threat and Trust,, 60.16:2:9.00, 60.16:2:11.00,, 60.16:2:14.00, 60.16:2:21.00, 48.36:8:-10.00, 45.00:10:-5.00, 55.00:7:0.00, 91.00:1:-5.00, 45.45:9:0.00, 0.00:11:0.00, 0.00:11:0.00, 0.00:11:0.00, 0.00:11:0.00, 0.00:11:0.00, 0.00:11:0.00, 0.00:11:0.00, 0.00:11:0.00, 0.00:11:0.00, 0.00:11:0.00, 0.00:11:0.00, 0.00:11:0.00,,,,,,,,,,,,,,,,,,,,,,,,,,,,,,,,,,,,,,,,, 0.00:11:0.00, 0.00:11:0.00
57, 1, ,, 58:DIPLO_STATE_ALLIED,, 33:DIPLO_STATE_ALLIED, 49:DIPLO_STATE_ALLIED, 38:DIPLO_STATE_ALLIED, -10:DIPLO_STATE_WAR, -13:DIPLO_STATE_WAR, -12:DIPLO_STATE_WAR, -22:DIPLO_STATE_WAR, -12:DIPLO_STATE_WAR, 3:DIPLO_STATE_INFLUENTIAL, 0:DIPLO_STATE_NO_INFLUENCE, 3:DIPLO_STATE_MAX_INFLUENCE, 4:DIPLO_STATE_MAX_INFLUENCE, 0:DIPLO_STATE_NO_INFLUENCE, 1:DIPLO_STATE_INFLUENTIAL, 0:DIPLO_STATE_NO_INFLUENCE, 3:DIPLO_STATE_WAR_WITH_MINOR, 0:DIPLO_STATE_NO_INFLUENCE, 0:DIPLO_STATE_NO_INFLUENCE, 2:DIPLO_STATE_INFLUENTIAL, 4:DIPLO_STATE_INFLUENTIAL,,,,,,,,,,,,,,,,,,,,,,,,,,,,,,,,,,,,,,,,, 0:DIPLO_STATE_FREE_CITIES_NEUTRAL, 0:
57, 1, Threat and Trust,, 60.16:8:9.00,, 86.70:2:10.00, 60.16:8:13.00, 73.80:4:17.00, 73.55:5:-10.00, 70.20:7:-5.00, 80.20:3:0.00, 116.20:1:-5.00, 70.66:6:2.00, 0.00:11:0.00, 0.00:11:0.00, 0.00:11:0.00, 0.00:11:0.00, 0.00:11:0.00, 0.00:11:0.00, 0.00:11:0.00, 0.00:11:0.00, 0.00:11:0.00, 0.00:11:0.00, 0.00:11:0.00, 0.00:11:0.00,,,,,,,,,,,,,,,,,,,,,,,,,,,,,,,,,,,,,,,,, 0.00:11:0.00, 0.00:11:0.00
58, 5, ,, -26:DIPLO_STATE_WAR, -55:DIPLO_STATE_WAR, -51:DIPLO_STATE_WAR, -62:DIPLO_STATE_WAR, -28:DIPLO_STATE_WAR,, 11:DIPLO_STATE_ALLIED, 24:DIPLO_STATE_ALLIED, 19:DIPLO_STATE_ALLIED, 22:DIPLO_STATE_ALLIED, 5:DIPLO_STATE_INFLUENTIAL, 0:DIPLO_STATE_WAR_WITH_MINOR, 0:DIPLO_STATE_WAR_WITH_MINOR, 0:DIPLO_STATE_WAR_WITH_MINOR, 0:DIPLO_STATE_WAR_WITH_MINOR, 0:DIPLO_STATE_NO_INFLUENCE, 0:DIPLO_STATE_WAR_WITH_MINOR, 1:DIPLO_STATE_INFLUENTIAL, 0:DIPLO_STATE_WAR_WITH_MINOR, 0:DIPLO_STATE_WAR_WITH_MINOR, 0:DIPLO_STATE_NO_INFLUENCE, 1:DIPLO_STATE_INFLUENTIAL,,,,,,,,,,,,,,,,,,,,,,,,,,,,,,,,,,,,,,,,, 0:DIPLO_STATE_FREE_CITIES_NEUTRAL, 0:
58, 5, Threat and Trust,, 60.16:1:0.00, 60.16:1:3.00, 60.16:1:4.00, 60.16:1:3.00, 60.16:1:8.00,, 10.16:8:-5.00, 17.75:7:1.00, 53.75:6:-5.00, 10.16:8:2.00, 0.00:11:0.00, 0.00:11:0.00, 0.00:11:0.00, 0.00:11:0.00, 0.00:11:0.00, 0.00:11:0.00, 0.00:11:0.00, 0.00:11:0.00, 0.00:11:0.00, 0.00:11:0.00, 0.00:11:0.00, 0.00:11:0.00,,,,,,,,,,,,,,,,,,,,,,,,,,,,,,,,,,,,,,,,, 0.00:11:0.00, 0.00:11:0.00
58, 6, ,, -49:DIPLO_STATE_WAR, -58:DIPLO_STATE_WAR, -68:DIPLO_STATE_WAR, -79:DIPLO_STATE_WAR, -62:DIPLO_STATE_WAR, -9:DIPLO_STATE_ALLIED,, 11:DIPLO_STATE_ALLIED, 16:DIPLO_STATE_ALLIED, 19:DIPLO_STATE_ALLIED, 4:DIPLO_STATE_INFLUENTIAL, 0:DIPLO_STATE_WAR_WITH_MINOR, 0:DIPLO_STATE_WAR_WITH_MINOR, 0:DIPLO_STATE_WAR_WITH_MINOR, 0:DIPLO_STATE_WAR_WITH_MINOR, 0:DIPLO_STATE_NO_INFLUENCE, 0:DIPLO_STATE_WAR_WITH_MINOR, 6:DIPLO_STATE_INFLUENTIAL, 0:DIPLO_STATE_WAR_WITH_MINOR, 0:DIPLO_STATE_WAR_WITH_MINOR, 3:DIPLO_STATE_INFLUENTIAL, 0:DIPLO_STATE_NO_INFLUENCE,,,,,,,,,,,,,,,,,,,,,,,,,,,,,,,,,,,,,,,,, 0:DIPLO_STATE_FREE_CITIES_NEUTRAL, 0:
58, 6, Threat and Trust,, 60.16:2:-3.00, 60.16:2:1.00, 60.16:2:2.00, 60.16:2:2.00, 60.16:2:6.00, 20.61:8:-10.00,, 28.20:7:1.00, 64.20:1:-5.00, 18.66:9:2.00, 0.00:11:0.00, 0.00:11:0.00, 0.00:11:0.00, 0.00:11:0.00, 0.00:11:0.00, 0.00:11:0.00, 0.00:11:0.00, 0.00:11:0.00, 0.00:11:0.00, 0.00:11:0.00, 0.00:11:0.00, 0.00:11:0.00,,,,,,,,,,,,,,,,,,,,,,,,,,,,,,,,,,,,,,,,, 0.00:11:0.00, 0.00:11:0.00
58, 7, ,, -56:DIPLO_STATE_WAR, -76:DIPLO_STATE_WAR, -79:DIPLO_STATE_WAR, -94:DIPLO_STATE_WAR, -72:DIPLO_STATE_WAR, 2:DIPLO_STATE_ALLIED, 18:DIPLO_STATE_ALLIED,, 1:DIPLO_STATE_ALLIED, 8:DIPLO_STATE_ALLIED, 5:DIPLO_STATE_INFLUENTIAL, 0:DIPLO_STATE_WAR_WITH_MINOR, 0:DIPLO_STATE_WAR_WITH_MINOR, 0:DIPLO_STATE_WAR_WITH_MINOR, 0:DIPLO_STATE_WAR_WITH_MINOR, 0:DIPLO_STATE_NO_INFLUENCE, 0:DIPLO_STATE_WAR_WITH_MINOR, 2:DIPLO_STATE_INFLUENTIAL, 0:DIPLO_STATE_WAR_WITH_MINOR, 0:DIPLO_STATE_WAR_WITH_MINOR, 0:DIPLO_STATE_NO_INFLUENCE, 1:DIPLO_STATE_INFLUENTIAL,,,,,,,,,,,,,,,,,,,,,,,,,,,,,,,,,,,,,,,,, 0:DIPLO_STATE_FREE_CITIES_NEUTRAL, 0:
58, 7, Threat and Trust,, 60.16:1:3.00, 60.16:1:4.00, 60.16:1:4.00, 60.16:1:7.00, 60.16:1:9.00, 10.16:7:-10.00, 10.16:7:-5.00,, 51.16:6:-5.00, 10.16:7:2.00, 0.00:11:0.00, 0.00:11:0.00, 0.00:11:0.00, 0.00:11:0.00, 0.00:11:0.00, 0.00:11:0.00, 0.00:11:0.00, 0.00:11:0.00, 0.00:11:0.00, 0.00:11:0.00, 0.00:11:0.00, 0.00:11:0.00,,,,,,,,,,,,,,,,,,,,,,,,,,,,,,,,,,,,,,,,, 0.00:11:0.00, 0.00:11:0.00
58, 8, ,, -68:DIPLO_STATE_WAR, -96:DIPLO_STATE_WAR, -68:DIPLO_STATE_WAR, -80:DIPLO_STATE_WAR, -76:DIPLO_STATE_WAR, 6:DIPLO_STATE_ALLIED, 14:DIPLO_STATE_ALLIED, 6:DIPLO_STATE_ALLIED,, 21:DIPLO_STATE_ALLIED, 3:DIPLO_STATE_INFLUENTIAL, 0:DIPLO_STATE_WAR_WITH_MINOR, 0:DIPLO_STATE_WAR_WITH_MINOR, 0:DIPLO_STATE_WAR_WITH_MINOR, 0:DIPLO_STATE_WAR_WITH_MINOR, 0:DIPLO_STATE_NO_INFLUENCE, 0:DIPLO_STATE_WAR_WITH_MINOR, 3:DIPLO_STATE_INFLUENTIAL, 0:DIPLO_STATE_WAR_WITH_MINOR, 0:DIPLO_STATE_WAR_WITH_MINOR, 0:DIPLO_STATE_NO_INFLUENCE, 2:DIPLO_STATE_INFLUENTIAL,,,,,,,,,,,,,,,,,,,,,,,,,,,,,,,,,,,,,,,,, 0:DIPLO_STATE_FREE_CITIES_NEUTRAL, 0:
58, 8, Threat and Trust,, 60.16:1:-3.00, 60.16:1:1.00, 60.16:1:2.00, 60.16:1:2.00, 60.16:1:6.00, 10.16:6:-10.00, 10.16:6:-5.00, 10.16:6:1.00,, 10.16:6:2.00, 0.00:11:0.00, 0.00:11:0.00, 0.00:11:0.00, 0.00:11:0.00, 0.00:11:0.00, 0.00:11:0.00, 0.00:11:0.00, 0.00:11:0.00, 0.00:11:0.00, 0.00:11:0.00, 0.00:11:0.00, 0.00:11:0.00,,,,,,,,,,,,,,,,,,,,,,,,,,,,,,,,,,,,,,,,, 0.00:11:0.00, 0.00:11:0.00
58, 9, ,, -49:DIPLO_STATE_WAR, -79:DIPLO_STATE_WAR, -61:DIPLO_STATE_WAR, -64:DIPLO_STATE_WAR, -52:DIPLO_STATE_WAR, -7:DIPLO_STATE_ALLIED, 9:DIPLO_STATE_ALLIED, 1:DIPLO_STATE_ALLIED, 7:DIPLO_STATE_ALLIED,, 1:DIPLO_STATE_INFLUENTIAL, 0:DIPLO_STATE_WAR_WITH_MINOR, 0:DIPLO_STATE_WAR_WITH_MINOR, 0:DIPLO_STATE_WAR_WITH_MINOR, 0:DIPLO_STATE_WAR_WITH_MINOR, 0:DIPLO_STATE_NO_INFLUENCE, 0:DIPLO_STATE_WAR_WITH_MINOR, 7:DIPLO_STATE_MAX_INFLUENCE, 0:DIPLO_STATE_WAR_WITH_MINOR, 0:DIPLO_STATE_WAR_WITH_MINOR, 0:DIPLO_STATE_NO_INFLUENCE, 0:DIPLO_STATE_NO_INFLUENCE,,,,,,,,,,,,,,,,,,,,,,,,,,,,,,,,,,,,,,,,, 0:DIPLO_STATE_FREE_CITIES_NEUTRAL, 0:
58, 9, Threat and Trust,, 60.16:2:5.00, 60.16:2:5.00, 60.16:2:5.00, 60.16:2:6.00, 60.16:2:5.00, 10.16:8:-10.00, 10.16:8:-5.00, 17.11:7:1.00, 63.75:1:-5.00,, 0.00:11:0.00, 0.00:11:0.00, 0.00:11:0.00, 0.00:11:0.00, 0.00:11:0.00, 0.00:11:0.00, 0.00:11:0.00, 0.00:11:0.00, 0.00:11:0.00, 0.00:11:0.00, 0.00:11:0.00, 0.00:11:0.00,,,,,,,,,,,,,,,,,,,,,,,,,,,,,,,,,,,,,,,,, 0.00:11:0.00, 0.00:11:0.00
58, 10, ,, 2:DIPLO_STATE_WAR_WITH_MAJOR, 3:DIPLO_STATE_WAR_WITH_MAJOR, 3:DIPLO_STATE_WAR_WITH_MAJOR, 2:DIPLO_STATE_WAR_WITH_MAJOR, 3:DIPLO_STATE_WAR_WITH_MAJOR, 6:DIPLO_STATE_PATRON, 4:DIPLO_STATE_PATRON, 8:DIPLO_STATE_PATRON, 3:DIPLO_STATE_PATRON, 1:DIPLO_STATE_PATRON,,, 0:DIPLO_STATE_MINOR_MINOR_WAR, 0:DIPLO_STATE_MINOR_MINOR_WAR, 0:DIPLO_STATE_MINOR_MINOR_WAR, 0:DIPLO_STATE_MINOR_MINOR,, 0:DIPLO_STATE_MINOR_MINOR, 0:DIPLO_STATE_MINOR_MINOR_WAR,, 0:DIPLO_STATE_MINOR_MINOR, 0:DIPLO_STATE_MINOR_MINOR,,,,,,,,,,,,,,,,,,,,,,,,,,,,,,,,,,,,,,,,,, 0:
58, 10, Threat and Trust,, 60.16:6:0.00, 60.16:6:0.00, 76.45:2:0.00, 60.16:6:0.00, 65.25:4:0.00, 63.70:5:0.00, 53.25:10:0.00, 66.30:3:0.00, 112.95:1:0.00, 59.36:9:0.00,,, 0.00:11:0.00, 0.00:11:0.00, 0.00:11:0.00, 0.00:11:0.00,, 0.00:11:0.00, 0.00:11:0.00,, 0.00:11:0.00, 0.00:11:0.00,,,,,,,,,,,,,,,,,,,,,,,,,,,,,,,,,,,,,,,,,, 0.00:11:0.00
58, 12, ,, 1:DIPLO_STATE_PATRON, 3:DIPLO_STATE_PATRON, 1:DIPLO_STATE_PATRON, 1:DIPLO_STATE_PATRON, 2:DIPLO_STATE_PATRON, 0:DIPLO_STATE_WAR_WITH_MAJOR, 0:DIPLO_STATE_WAR_WITH_MAJOR, 0:DIPLO_STATE_WAR_WITH_MAJOR, 0:DIPLO_STATE_WAR_WITH_MAJOR, 0:DIPLO_STATE_WAR_WITH_MAJOR, 0:DIPLO_STATE_MINOR_MINOR_WAR,,,,,,, 0:DIPLO_STATE_MINOR_MINOR_WAR,,,, 0:DIPLO_STATE_MINOR_MINOR,,,,,,,,,,,,,,,,,,,,,,,,,,,,,,,,,,,,,,,,,, 0:
58, 12, Threat and Trust,, 60.16:8:0.00, 60.16:8:0.00, 83.55:2:0.00, 60.16:8:0.00, 72.36:4:0.00, 70.80:5:0.00, 60.36:7:0.00, 73.41:3:0.00, 120.05:1:0.00, 66.45:6:0.00, 0.00:11:0.00,,,,,,, 0.00:11:0.00,,,, 0.00:11:0.00,,,,,,,,,,,,,,,,,,,,,,,,,,,,,,,,,,,,,,,,,, 0.00:11:0.00
58, 13, ,, 0:DIPLO_STATE_AWARE, 4:DIPLO_STATE_PATRON, 0:DIPLO_STATE_AWARE, 3:DIPLO_STATE_PATRON, 0:DIPLO_STATE_AWARE, 0:DIPLO_STATE_WAR_WITH_MAJOR, 0:DIPLO_STATE_WAR_WITH_MAJOR, 0:DIPLO_STATE_WAR_WITH_MAJOR, 0:DIPLO_STATE_WAR_WITH_MAJOR, 0:DIPLO_STATE_WAR_WITH_MAJOR, 0:DIPLO_STATE_MINOR_MINOR_WAR,,,, 0:DIPLO_STATE_MINOR_MINOR,, 0:DIPLO_STATE_MINOR_MINOR, 0:DIPLO_STATE_MINOR_MINOR_WAR,,,,,,,,,,,,,,,,,,,,,,,,,,,,,,,,,,,,,,,,,,,,,, 0:
58, 13, Threat and Trust,, 60.16:7:0.00, 60.16:7:0.00, 80.80:2:0.00, 60.16:7:0.00, 69.61:4:0.00, 68.05:5:0.00, 57.61:10:0.00, 70.66:3:0.00, 117.30:1:0.00, 63.70:6:0.00, 0.00:11:0.00,,,, 0.00:11:0.00,, 0.00:11:0.00, 0.00:11:0.00,,,,,,,,,,,,,,,,,,,,,,,,,,,,,,,,,,,,,,,,,,,,,, 0.00:11:0.00
58, 14, ,, 2:DIPLO_STATE_PATRON, 0:DIPLO_STATE_AWARE, 1:DIPLO_STATE_PATRON, 0:DIPLO_STATE_AWARE, 4:DIPLO_STATE_PATRON, 0:DIPLO_STATE_WAR_WITH_MAJOR, 0:DIPLO_STATE_WAR_WITH_MAJOR, 0:DIPLO_STATE_WAR_WITH_MAJOR, 0:DIPLO_STATE_WAR_WITH_MAJOR, 0:DIPLO_STATE_WAR_WITH_MAJOR, 0:DIPLO_STATE_MINOR_MINOR_WAR, 0:DIPLO_STATE_MINOR_MINOR,, 0:DIPLO_STATE_MINOR_MINOR,, 0:DIPLO_STATE_MINOR_MINOR, 0:DIPLO_STATE_MINOR_MINOR, 0:DIPLO_STATE_MINOR_MINOR_WAR,, 0:DIPLO_STATE_MINOR_MINOR, 0:DIPLO_STATE_MINOR_MINOR, 0:DIPLO_STATE_MINOR_MINOR,,,,,,,,,,,,,,,,,,,,,,,,,,,,,,,,,,,,,,,,,, 0:
58, 14, Threat and Trust,, 65.91:7:0.00, 60.16:9:0.00, 87.91:2:0.00, 60.16:9:0.00, 76.70:4:0.00, 75.16:5:0.00, 64.70:8:0.00, 77.75:3:0.00, 124.41:1:0.00, 70.80:6:0.00, 0.00:11:0.00, 0.00:11:0.00,, 0.00:11:0.00,, 0.00:11:0.00, 0.00:11:0.00, 0.00:11:0.00,, 0.00:11:0.00, 0.00:11:0.00, 0.00:11:0.00,,,,,,,,,,,,,,,,,,,,,,,,,,,,,,,,,,,,,,,,,, 0.00:11:0.00
58, 15, ,, 0:DIPLO_STATE_AWARE, 1:DIPLO_STATE_PATRON, 3:DIPLO_STATE_PATRON, 3:DIPLO_STATE_PATRON, 1:DIPLO_STATE_PATRON, 0:DIPLO_STATE_AWARE, 0:DIPLO_STATE_AWARE, 0:DIPLO_STATE_AWARE, 0:DIPLO_STATE_AWARE, 0:DIPLO_STATE_AWARE, 0:DIPLO_STATE_MINOR_MINOR,,,, 0:DIPLO_STATE_MINOR_MINOR,, 0:DIPLO_STATE_MINOR_MINOR, 0:DIPLO_STATE_MINOR_MINOR,,, 0:DIPLO_STATE_MINOR_MINOR,,,,,,,,,,,,,,,,,,,,,,,,,,,,,,,,,,,,,,,,,,, 0:
58, 15, Threat and Trust,, 60.16:7:0.00, 60.16:7:0.00, 78.20:2:0.00, 60.16:7:0.00, 67.00:4:0.00, 65.45:5:0.00, 55.00:10:0.00, 68.05:3:0.00, 114.70:1:0.00, 61.11:6:0.00, 0.00:11:0.00,,,, 0.00:11:0.00,, 0.00:11:0.00, 0.00:11:0.00,,, 0.00:11:0.00,,,,,,,,,,,,,,,,,,,,,,,,,,,,,,,,,,,,,,,,,,, 0.00:11:0.00
58, 17, ,, 0:DIPLO_STATE_WAR_WITH_MAJOR, 3:DIPLO_STATE_WAR_WITH_MAJOR, 3:DIPLO_STATE_WAR_WITH_MAJOR, 4:DIPLO_STATE_WAR_WITH_MAJOR, 1:DIPLO_STATE_WAR_WITH_MAJOR, 1:DIPLO_STATE_PATRON, 6:DIPLO_STATE_PATRON, 2:DIPLO_STATE_PATRON, 3:DIPLO_STATE_PATRON, 7:DIPLO_STATE_PATRON, 0:DIPLO_STATE_MINOR_MINOR,, 0:DIPLO_STATE_MINOR_MINOR_WAR, 0:DIPLO_STATE_MINOR_MINOR_WAR, 0:DIPLO_STATE_MINOR_MINOR_WAR, 0:DIPLO_STATE_MINOR_MINOR, 0:DIPLO_STATE_MINOR_MINOR_WAR,, 0:DIPLO_STATE_MINOR_MINOR_WAR,, 0:DIPLO_STATE_MINOR_MINOR, 0:DIPLO_STATE_MINOR_MINOR,,,,,,,,,,,,,,,,,,,,,,,,,,,,,,,,,,,,,,,,,, 0:
58, 17, Threat and Trust,, 60.16:6:0.00, 60.16:6:0.00, 76.50:2:0.00, 60.16:6:0.00, 65.30:4:0.00, 63.75:5:0.00, 53.30:10:0.00, 66.36:3:0.00, 113.00:1:0.00, 59.41:9:0.00, 0.00:11:0.00,, 0.00:11:0.00, 0.00:11:0.00, 0.00:11:0.00, 0.00:11:0.00, 0.00:11:0.00,, 0.00:11:0.00,, 0.00:11:0.00, 0.00:11:0.00,,,,,,,,,,,,,,,,,,,,,,,,,,,,,,,,,,,,,,,,,, 0.00:11:0.00
58, 18, ,, 3:DIPLO_STATE_PATRON, 0:DIPLO_STATE_AWARE, 0:DIPLO_STATE_AWARE, 0:DIPLO_STATE_AWARE, 0:DIPLO_STATE_AWARE, 0:DIPLO_STATE_WAR_WITH_MAJOR, 0:DIPLO_STATE_WAR_WITH_MAJOR, 0:DIPLO_STATE_WAR_WITH_MAJOR, 0:DIPLO_STATE_WAR_WITH_MAJOR, 0:DIPLO_STATE_WAR_WITH_MAJOR, 0:DIPLO_STATE_MINOR_MINOR_WAR,,,,,, 0:DIPLO_STATE_MINOR_MINOR, 0:DIPLO_STATE_MINOR_MINOR_WAR,,,,,,,,,,,,,,,,,,,,,,,,,,,,,,,,,,,,,,,,,,,,,, 0:
58, 18, Threat and Trust,, 120.30:2:0.00, 66.30:9:0.00, 91.50:4:0.00, 60.16:10:0.00, 80.30:6:0.00, 106.35:3:0.00, 68.30:8:0.00, 81.36:5:0.00, 128.00:1:0.00, 74.41:7:0.00, 0.00:11:0.00,,,,,, 0.00:11:0.00, 0.00:11:0.00,,,,,,,,,,,,,,,,,,,,,,,,,,,,,,,,,,,,,,,,,,,,,, 0.00:11:0.00
58, 20, ,, 3:DIPLO_STATE_PATRON, 2:DIPLO_STATE_PATRON, 0:DIPLO_STATE_AWARE, 2:DIPLO_STATE_PATRON, 3:DIPLO_STATE_PATRON, 0:DIPLO_STATE_AWARE, 3:DIPLO_STATE_PATRON, 0:DIPLO_STATE_AWARE, 0:DIPLO_STATE_AWARE, 0:DIPLO_STATE_AWARE, 0:DIPLO_STATE_MINOR_MINOR, 0:DIPLO_STATE_MINOR_MINOR,,, 0:DIPLO_STATE_MINOR_MINOR, 0:DIPLO_STATE_MINOR_MINOR, 0:DIPLO_STATE_MINOR_MINOR, 0:DIPLO_STATE_MINOR_MINOR,,,,,,,,,,,,,,,,,,,,,,,,,,,,,,,,,,,,,,,,,,,,,, 0:
58, 20, Threat and Trust,, 60.16:5:0.00, 60.16:5:0.00, 75.41:2:0.00, 60.16:5:0.00, 60.16:5:0.00, 62.66:4:0.00, 52.20:10:0.00, 65.25:3:0.00, 111.91:1:0.00, 58.30:9:0.00, 0.00:11:0.00, 0.00:11:0.00,,, 0.00:11:0.00, 0.00:11:0.00, 0.00:11:0.00, 0.00:11:0.00,,,,,,,,,,,,,,,,,,,,,,,,,,,,,,,,,,,,,,,,,,,,,, 0.00:11:0.00
58, 21, ,, 4:DIPLO_STATE_PATRON, 4:DIPLO_STATE_PATRON, 0:DIPLO_STATE_AWARE, 0:DIPLO_STATE_AWARE, 3:DIPLO_STATE_PATRON, 1:DIPLO_STATE_PATRON, 0:DIPLO_STATE_AWARE, 1:DIPLO_STATE_PATRON, 2:DIPLO_STATE_PATRON, 0:DIPLO_STATE_AWARE, 0:DIPLO_STATE_MINOR_MINOR,, 0:DIPLO_STATE_MINOR_MINOR,, 0:DIPLO_STATE_MINOR_MINOR,, 0:DIPLO_STATE_MINOR_MINOR, 0:DIPLO_STATE_MINOR_MINOR,,,,,,,,,,,,,,,,,,,,,,,,,,,,,,,,,,,,,,,,,,,,,, 0:
58, 21, Threat and Trust,, 60.16:4:0.00, 60.16:4:0.00, 71.61:2:0.00, 60.16:4:0.00, 60.16:4:0.00, 58.86:8:0.00, 48.41:10:0.00, 61.45:3:0.00, 108.11:1:0.00, 54.50:9:0.00, 0.00:11:0.00,, 0.00:11:0.00,, 0.00:11:0.00,, 0.00:11:0.00, 0.00:11:0.00,,,,,,,,,,,,,,,,,,,,,,,,,,,,,,,,,,,,,,,,,,,,,, 0.00:11:0.00
58, 62, ,, 0:DIPLO_STATE_FREE_CITIES_NEUTRAL, 0:DIPLO_STATE_FREE_CITIES_NEUTRAL, 0:DIPLO_STATE_FREE_CITIES_NEUTRAL, 0:DIPLO_STATE_FREE_CITIES_NEUTRAL, 0:DIPLO_STATE_FREE_CITIES_NEUTRAL, 0:DIPLO_STATE_FREE_CITIES_NEUTRAL, 0:DIPLO_STATE_FREE_CITIES_NEUTRAL, 0:DIPLO_STATE_FREE_CITIES_NEUTRAL, 0:DIPLO_STATE_FREE_CITIES_NEUTRAL, 0:DIPLO_STATE_FREE_CITIES_NEUTRAL,,,,,,,,,,,,,,,,,,,,,,,,,,,,,,,,,,,,,,,,,,,,,,,,,,,,,,
58, 62, Threat and Trust,, 69.80:7:0.00, 66.61:9:0.00, 91.80:2:0.00, 60.16:10:0.00, 80.61:4:0.00, 79.05:5:0.00, 68.61:8:0.00, 81.66:3:0.00, 128.30:1:0.00, 74.70:6:0.00,,,,,,,,,,,,,,,,,,,,,,,,,,,,,,,,,,,,,,,,,,,,,,,,,,,,,,
58, 63, ,, 0:, 0:, 0:, 0:, 0:, 0:, 0:, 0:, 0:, 0:, 0:, 0:, 0:, 0:, 0:, 0:, 0:, 0:, 0:, 0:, 0:, 0:,,,,,,,,,,,,,,,,,,,,,,,,,,,,,,,,,,,,,,,,,,
58, 63, Threat and Trust,, 0.00:1:0.00, 0.00:1:0.00, 0.00:1:0.00, 0.00:1:0.00, 0.00:1:0.00, 0.00:1:0.00, 0.00:1:0.00, 0.00:1:0.00, 0.00:1:0.00, 0.00:1:0.00, 0.00:1:0.00, 0.00:1:0.00, 0.00:1:0.00, 0.00:1:0.00, 0.00:1:0.00, 0.00:1:0.00, 0.00:1:0.00, 0.00:1:0.00, 0.00:1:0.00, 0.00:1:0.00, 0.00:1:0.00, 0.00:1:0.00,,,,,,,,,,,,,,,,,,,,,,,,,,,,,,,,,,,,,,,,,,
58, 0, ,,, 10:DIPLO_STATE_ALLIED, 8:DIPLO_STATE_ALLIED, -9:DIPLO_STATE_ALLIED, 30:DIPLO_STATE_ALLIED, 2:DIPLO_STATE_WAR, 1:DIPLO_STATE_WAR, 1:DIPLO_STATE_WAR, -5:DIPLO_STATE_WAR, -5:DIPLO_STATE_WAR, 2:DIPLO_STATE_WAR_WITH_MINOR, 0:DIPLO_STATE_NO_INFLUENCE, 1:DIPLO_STATE_INFLUENTIAL, 0:DIPLO_STATE_NO_INFLUENCE, 2:DIPLO_STATE_INFLUENTIAL, 0:DIPLO_STATE_NO_INFLUENCE, 0:DIPLO_STATE_NO_INFLUENCE, 0:DIPLO_STATE_WAR_WITH_MINOR, 3:DIPLO_STATE_MAX_INFLUENCE, 0:DIPLO_STATE_NO_INFLUENCE, 3:DIPLO_STATE_INFLUENTIAL, 4:DIPLO_STATE_INFLUENTIAL,,,,,,,,,,,,,,,,,,,,,,,,,,,,,,,,,,,,,,,,, 0:DIPLO_STATE_FREE_CITIES_NEUTRAL, 0:
58, 0, Threat and Trust,,, 60.16:7:13.00, 102.80:2:11.00, 60.16:7:15.00, 69.20:4:19.00, 67.66:5:-10.00, 57.20:10:-5.00, 70.25:3:0.00, 116.91:1:-5.00, 63.30:6:2.00, 0.00:11:0.00, 0.00:11:0.00, 0.00:11:0.00, 0.00:11:0.00, 0.00:11:0.00, 0.00:11:0.00, 0.00:11:0.00, 0.00:11:0.00, 0.00:11:0.00, 0.00:11:0.00, 0.00:11:0.00, 0.00:11:0.00,,,,,,,,,,,,,,,,,,,,,,,,,,,,,,,,,,,,,,,,, 0.00:11:0.00, 0.00:11:0.00
58, 1, ,, 56:DIPLO_STATE_ALLIED,, 45:DIPLO_STATE_ALLIED, 49:DIPLO_STATE_ALLIED, 37:DIPLO_STATE_ALLIED, -10:DIPLO_STATE_WAR, -13:DIPLO_STATE_WAR, -12:DIPLO_STATE_WAR, -22:DIPLO_STATE_WAR, -12:DIPLO_STATE_WAR, 3:DIPLO_STATE_WAR_WITH_MINOR, 0:DIPLO_STATE_NO_INFLUENCE, 3:DIPLO_STATE_MAX_INFLUENCE, 4:DIPLO_STATE_MAX_INFLUENCE, 0:DIPLO_STATE_NO_INFLUENCE, 1:DIPLO_STATE_INFLUENTIAL, 0:DIPLO_STATE_NO_INFLUENCE, 3:DIPLO_STATE_WAR_WITH_MINOR, 0:DIPLO_STATE_NO_INFLUENCE, 0:DIPLO_STATE_NO_INFLUENCE, 2:DIPLO_STATE_INFLUENTIAL, 4:DIPLO_STATE_INFLUENTIAL,,,,,,,,,,,,,,,,,,,,,,,,,,,,,,,,,,,,,,,,, 0:DIPLO_STATE_FREE_CITIES_NEUTRAL, 0:
58, 1, Threat and Trust,, 60.16:7:9.00,, 83.05:2:10.00, 60.16:7:13.00, 71.86:4:17.00, 70.30:5:-10.00, 59.86:10:-5.00, 72.91:3:0.00, 119.55:1:-5.00, 65.95:6:2.00, 0.00:11:0.00, 0.00:11:0.00, 0.00:11:0.00, 0.00:11:0.00, 0.00:11:0.00, 0.00:11:0.00, 0.00:11:0.00, 0.00:11:0.00, 0.00:11:0.00, 0.00:11:0.00, 0.00:11:0.00, 0.00:11:0.00,,,,,,,,,,,,,,,,,,,,,,,,,,,,,,,,,,,,,,,,, 0.00:11:0.00, 0.00:11:0.00
58, 2, ,, 38:DIPLO_STATE_ALLIED, 3:DIPLO_STATE_ALLIED,, 52:DIPLO_STATE_ALLIED, 45:DIPLO_STATE_ALLIED, -3:DIPLO_STATE_WAR, 6:DIPLO_STATE_WAR, 0:DIPLO_STATE_WAR, 19:DIPLO_STATE_WAR, 14:DIPLO_STATE_WAR, 3:DIPLO_STATE_WAR_WITH_MINOR, 0:DIPLO_STATE_NO_INFLUENCE, 1:DIPLO_STATE_INFLUENTIAL, 0:DIPLO_STATE_NO_INFLUENCE, 1:DIPLO_STATE_INFLUENTIAL, 3:DIPLO_STATE_INFLUENTIAL, 0:DIPLO_STATE_NO_INFLUENCE, 3:DIPLO_STATE_WAR_WITH_MINOR, 0:DIPLO_STATE_NO_INFLUENCE, 0:DIPLO_STATE_NO_INFLUENCE, 0:DIPLO_STATE_NO_INFLUENCE, 0:DIPLO_STATE_NO_INFLUENCE,,,,,,,,,,,,,,,,,,,,,,,,,,,,,,,,,,,,,,,,, 0:DIPLO_STATE_FREE_CITIES_NEUTRAL, 0:
58, 2, Threat and Trust,, 60.16:2:9.00, 60.16:2:11.00,, 60.16:2:14.00, 60.16:2:21.00, 50.36:8:-10.00, 39.91:10:-5.00, 52.95:7:0.00, 99.61:1:-5.00, 46.00:9:0.00, 0.00:11:0.00, 0.00:11:0.00, 0.00:11:0.00, 0.00:11:0.00, 0.00:11:0.00, 0.00:11:0.00, 0.00:11:0.00, 0.00:11:0.00, 0.00:11:0.00, 0.00:11:0.00, 0.00:11:0.00, 0.00:11:0.00,,,,,,,,,,,,,,,,,,,,,,,,,,,,,,,,,,,,,,,,, 0.00:11:0.00, 0.00:11:0.00
58, 3, ,, 17:DIPLO_STATE_ALLIED, 33:DIPLO_STATE_ALLIED, 47:DIPLO_STATE_ALLIED,, 22:DIPLO_STATE_ALLIED, -19:DIPLO_STATE_WAR, -11:DIPLO_STATE_WAR, -11:DIPLO_STATE_WAR, -6:DIPLO_STATE_WAR, -6:DIPLO_STATE_WAR, 2:DIPLO_STATE_WAR_WITH_MINOR, 0:DIPLO_STATE_NO_INFLUENCE, 1:DIPLO_STATE_INFLUENTIAL, 3:DIPLO_STATE_INFLUENTIAL, 0:DIPLO_STATE_NO_INFLUENCE, 3:DIPLO_STATE_INFLUENTIAL, 0:DIPLO_STATE_NO_INFLUENCE, 4:DIPLO_STATE_WAR_WITH_MINOR, 0:DIPLO_STATE_NO_INFLUENCE, 0:DIPLO_STATE_NO_INFLUENCE, 2:DIPLO_STATE_INFLUENTIAL, 0:DIPLO_STATE_NO_INFLUENCE,,,,,,,,,,,,,,,,,,,,,,,,,,,,,,,,,,,,,,,,, 0:DIPLO_STATE_FREE_CITIES_NEUTRAL, 0:
58, 3, Threat and Trust,, 66.30:7:13.00, 60.16:9:13.00, 83.61:2:13.00,, 75.36:4:22.00, 73.80:5:-10.00, 63.36:8:-5.00, 76.41:3:0.00, 123.05:1:-5.00, 69.45:6:0.00, 0.00:11:0.00, 0.00:11:0.00, 0.00:11:0.00, 0.00:11:0.00, 0.00:11:0.00, 0.00:11:0.00, 0.00:11:0.00, 0.00:11:0.00, 0.00:11:0.00, 0.00:11:0.00, 0.00:11:0.00, 0.00:11:0.00,,,,,,,,,,,,,,,,,,,,,,,,,,,,,,,,,,,,,,,,, 0.00:11:0.00, 0.00:11:0.00
58, 4, ,, 52:DIPLO_STATE_ALLIED, 3:DIPLO_STATE_ALLIED, 39:DIPLO_STATE_ALLIED, 1:DIPLO_STATE_ALLIED,, 14:DIPLO_STATE_WAR, -7:DIPLO_STATE_WAR, -7:DIPLO_STATE_WAR, 1:DIPLO_STATE_WAR, 1:DIPLO_STATE_WAR, 3:DIPLO_STATE_WAR_WITH_MINOR, 0:DIPLO_STATE_NO_INFLUENCE, 2:DIPLO_STATE_INFLUENTIAL, 0:DIPLO_STATE_NO_INFLUENCE, 4:DIPLO_STATE_MAX_INFLUENCE, 2:DIPLO_STATE_INFLUENTIAL, 0:DIPLO_STATE_NO_INFLUENCE, 1:DIPLO_STATE_WAR_WITH_MINOR, 0:DIPLO_STATE_NO_INFLUENCE, 0:DIPLO_STATE_NO_INFLUENCE, 3:DIPLO_STATE_INFLUENTIAL, 3:DIPLO_STATE_INFLUENTIAL,,,,,,,,,,,,,,,,,,,,,,,,,,,,,,,,,,,,,,,,, 0:DIPLO_STATE_FREE_CITIES_NEUTRAL, 0:
58, 4, Threat and Trust,, 60.16:6:13.00, 60.16:6:18.00, 71.80:3:21.00, 60.16:6:23.00,, 62.00:5:-10.00, 51.55:10:-5.00, 64.61:4:2.00, 111.25:1:-5.00, 107.86:2:0.00, 0.00:11:0.00, 0.00:11:0.00, 0.00:11:0.00, 0.00:11:0.00, 0.00:11:0.00, 0.00:11:0.00, 0.00:11:0.00, 0.00:11:0.00, 0.00:11:0.00, 0.00:11:0.00, 0.00:11:0.00, 0.00:11:0.00,,,,,,,,,,,,,,,,,,,,,,,,,,,,,,,,,,,,,,,,, 0.00:11:0.00, 0.00:11:0.00
58, 3, ,, 17:DIPLO_STATE_ALLIED, 33:DIPLO_STATE_ALLIED, 47:DIPLO_STATE_ALLIED,, 22:DIPLO_STATE_ALLIED, -19:DIPLO_STATE_WAR, -11:DIPLO_STATE_WAR, -11:DIPLO_STATE_WAR, -6:DIPLO_STATE_WAR, -6:DIPLO_STATE_WAR, 2:DIPLO_STATE_WAR_WITH_MINOR, 0:DIPLO_STATE_NO_INFLUENCE, 1:DIPLO_STATE_INFLUENTIAL, 3:DIPLO_STATE_INFLUENTIAL, 0:DIPLO_STATE_NO_INFLUENCE, 3:DIPLO_STATE_INFLUENTIAL, 0:DIPLO_STATE_NO_INFLUENCE, 4:DIPLO_STATE_WAR_WITH_MINOR, 0:DIPLO_STATE_NO_INFLUENCE, 0:DIPLO_STATE_NO_INFLUENCE, 2:DIPLO_STATE_INFLUENTIAL, 0:DIPLO_STATE_NO_INFLUENCE,,,,,,,,,,,,,,,,,,,,,,,,,,,,,,,,,,,,,,,,, 0:DIPLO_STATE_FREE_CITIES_NEUTRAL, 0:
58, 3, Threat and Trust,, 66.30:7:13.00, 60.16:9:13.00, 83.61:2:13.00,, 75.36:4:22.00, 73.80:5:-10.00, 63.36:8:-5.00, 76.41:3:0.00, 123.05:1:-5.00, 69.45:6:0.00, 0.00:11:0.00, 0.00:11:0.00, 0.00:11:0.00, 0.00:11:0.00, 0.00:11:0.00, 0.00:11:0.00, 0.00:11:0.00, 0.00:11:0.00, 0.00:11:0.00, 0.00:11:0.00, 0.00:11:0.00, 0.00:11:0.00,,,,,,,,,,,,,,,,,,,,,,,,,,,,,,,,,,,,,,,,, 0.00:11:0.00, 0.00:11:0.00
58, 2, ,, 38:DIPLO_STATE_ALLIED, 3:DIPLO_STATE_ALLIED,, 52:DIPLO_STATE_ALLIED, 45:DIPLO_STATE_ALLIED, -3:DIPLO_STATE_WAR, 6:DIPLO_STATE_WAR, 0:DIPLO_STATE_WAR, 19:DIPLO_STATE_WAR, 14:DIPLO_STATE_WAR, 3:DIPLO_STATE_WAR_WITH_MINOR, 0:DIPLO_STATE_NO_INFLUENCE, 1:DIPLO_STATE_INFLUENTIAL, 0:DIPLO_STATE_NO_INFLUENCE, 1:DIPLO_STATE_INFLUENTIAL, 3:DIPLO_STATE_INFLUENTIAL, 0:DIPLO_STATE_NO_INFLUENCE, 3:DIPLO_STATE_WAR_WITH_MINOR, 0:DIPLO_STATE_NO_INFLUENCE, 0:DIPLO_STATE_NO_INFLUENCE, 0:DIPLO_STATE_NO_INFLUENCE, 0:DIPLO_STATE_NO_INFLUENCE,,,,,,,,,,,,,,,,,,,,,,,,,,,,,,,,,,,,,,,,, 0:DIPLO_STATE_FREE_CITIES_NEUTRAL, 0:
58, 2, Threat and Trust,, 60.16:2:9.00, 60.16:2:11.00,, 60.16:2:14.00, 60.16:2:21.00, 50.36:8:-10.00, 39.91:10:-5.00, 52.95:7:0.00, 99.61:1:-5.00, 46.00:9:0.00, 0.00:11:0.00, 0.00:11:0.00, 0.00:11:0.00, 0.00:11:0.00, 0.00:11:0.00, 0.00:11:0.00, 0.00:11:0.00, 0.00:11:0.00, 0.00:11:0.00, 0.00:11:0.00, 0.00:11:0.00, 0.00:11:0.00,,,,,,,,,,,,,,,,,,,,,,,,,,,,,,,,,,,,,,,,, 0.00:11:0.00, 0.00:11:0.00
58, 2, ,, 38:DIPLO_STATE_ALLIED, 3:DIPLO_STATE_ALLIED,, 52:DIPLO_STATE_ALLIED, 45:DIPLO_STATE_ALLIED, -3:DIPLO_STATE_WAR, 6:DIPLO_STATE_WAR, 0:DIPLO_STATE_WAR, 19:DIPLO_STATE_WAR, 14:DIPLO_STATE_WAR, 3:DIPLO_STATE_WAR_WITH_MINOR, 0:DIPLO_STATE_NO_INFLUENCE, 1:DIPLO_STATE_INFLUENTIAL, 0:DIPLO_STATE_NO_INFLUENCE, 1:DIPLO_STATE_INFLUENTIAL, 3:DIPLO_STATE_INFLUENTIAL, 0:DIPLO_STATE_NO_INFLUENCE, 3:DIPLO_STATE_WAR_WITH_MINOR, 0:DIPLO_STATE_NO_INFLUENCE, 0:DIPLO_STATE_NO_INFLUENCE, 0:DIPLO_STATE_NO_INFLUENCE, 0:DIPLO_STATE_NO_INFLUENCE,,,,,,,,,,,,,,,,,,,,,,,,,,,,,,,,,,,,,,,,, 0:DIPLO_STATE_FREE_CITIES_NEUTRAL, 0:
58, 2, Threat and Trust,, 60.16:2:9.00, 60.16:2:11.00,, 60.16:2:14.00, 60.16:2:21.00, 50.36:8:-10.00, 39.91:10:-5.00, 52.95:7:0.00, 99.61:1:-5.00, 46.00:9:0.00, 0.00:11:0.00, 0.00:11:0.00, 0.00:11:0.00, 0.00:11:0.00, 0.00:11:0.00, 0.00:11:0.00, 0.00:11:0.00, 0.00:11:0.00, 0.00:11:0.00, 0.00:11:0.00, 0.00:11:0.00, 0.00:11:0.00,,,,,,,,,,,,,,,,,,,,,,,,,,,,,,,,,,,,,,,,, 0.00:11:0.00, 0.00:11:0.00
58, 0, ,,, 10:DIPLO_STATE_ALLIED, 8:DIPLO_STATE_ALLIED, -9:DIPLO_STATE_ALLIED, 30:DIPLO_STATE_ALLIED, 2:DIPLO_STATE_WAR, 1:DIPLO_STATE_WAR, 1:DIPLO_STATE_WAR, -5:DIPLO_STATE_WAR, -5:DIPLO_STATE_WAR, 2:DIPLO_STATE_WAR_WITH_MINOR, 0:DIPLO_STATE_NO_INFLUENCE, 1:DIPLO_STATE_INFLUENTIAL, 0:DIPLO_STATE_NO_INFLUENCE, 2:DIPLO_STATE_INFLUENTIAL, 0:DIPLO_STATE_NO_INFLUENCE, 0:DIPLO_STATE_NO_INFLUENCE, 0:DIPLO_STATE_WAR_WITH_MINOR, 3:DIPLO_STATE_MAX_INFLUENCE, 0:DIPLO_STATE_NO_INFLUENCE, 3:DIPLO_STATE_INFLUENTIAL, 4:DIPLO_STATE_INFLUENTIAL,,,,,,,,,,,,,,,,,,,,,,,,,,,,,,,,,,,,,,,,, 0:DIPLO_STATE_FREE_CITIES_NEUTRAL, 0:
58, 0, Threat and Trust,,, 60.16:7:13.00, 102.80:2:11.00, 60.16:7:15.00, 69.20:4:19.00, 67.66:5:-10.00, 57.20:10:-5.00, 70.25:3:0.00, 116.91:1:-5.00, 63.30:6:2.00, 0.00:11:0.00, 0.00:11:0.00, 0.00:11:0.00, 0.00:11:0.00, 0.00:11:0.00, 0.00:11:0.00, 0.00:11:0.00, 0.00:11:0.00, 0.00:11:0.00, 0.00:11:0.00, 0.00:11:0.00, 0.00:11:0.00,,,,,,,,,,,,,,,,,,,,,,,,,,,,,,,,,,,,,,,,, 0.00:11:0.00, 0.00:11:0.00
58, 4, ,, 52:DIPLO_STATE_ALLIED, -3:DIPLO_STATE_ALLIED, 31:DIPLO_STATE_ALLIED, 1:DIPLO_STATE_ALLIED,, 14:DIPLO_STATE_WAR, -7:DIPLO_STATE_WAR, -7:DIPLO_STATE_WAR, 1:DIPLO_STATE_WAR, 1:DIPLO_STATE_WAR, 3:DIPLO_STATE_INFLUENTIAL, 0:DIPLO_STATE_NO_INFLUENCE, 2:DIPLO_STATE_INFLUENTIAL, 0:DIPLO_STATE_NO_INFLUENCE, 4:DIPLO_STATE_MAX_INFLUENCE, 1:DIPLO_STATE_INFLUENTIAL, 0:DIPLO_STATE_NO_INFLUENCE, 1:DIPLO_STATE_WAR_WITH_MINOR, 0:DIPLO_STATE_NO_INFLUENCE, 0:DIPLO_STATE_NO_INFLUENCE, 3:DIPLO_STATE_INFLUENTIAL, 3:DIPLO_STATE_INFLUENTIAL,,,,,,,,,,,,,,,,,,,,,,,,,,,,,,,,,,,,,,,,, 0:DIPLO_STATE_FREE_CITIES_NEUTRAL, 0:
58, 4, Threat and Trust,, 60.16:6:13.00, 60.16:6:18.00, 73.00:3:21.00, 60.16:6:23.00,, 61.20:5:-10.00, 57.86:10:-5.00, 67.86:4:2.00, 103.86:1:-5.00, 93.50:2:0.00, 0.00:11:0.00, 0.00:11:0.00, 0.00:11:0.00, 0.00:11:0.00, 0.00:11:0.00, 0.00:11:0.00, 0.00:11:0.00, 0.00:11:0.00, 0.00:11:0.00, 0.00:11:0.00, 0.00:11:0.00, 0.00:11:0.00,,,,,,,,,,,,,,,,,,,,,,,,,,,,,,,,,,,,,,,,, 0.00:11:0.00, 0.00:11:0.00
58, 5, ,, -26:DIPLO_STATE_WAR, -55:DIPLO_STATE_WAR, -51:DIPLO_STATE_WAR, -62:DIPLO_STATE_WAR, -28:DIPLO_STATE_WAR,, 11:DIPLO_STATE_ALLIED, 24:DIPLO_STATE_ALLIED, 19:DIPLO_STATE_ALLIED, 22:DIPLO_STATE_ALLIED, 5:DIPLO_STATE_INFLUENTIAL, 0:DIPLO_STATE_WAR_WITH_MINOR, 0:DIPLO_STATE_WAR_WITH_MINOR, 0:DIPLO_STATE_WAR_WITH_MINOR, 0:DIPLO_STATE_WAR_WITH_MINOR, 0:DIPLO_STATE_NO_INFLUENCE, 0:DIPLO_STATE_WAR_WITH_MINOR, 1:DIPLO_STATE_INFLUENTIAL, 0:DIPLO_STATE_WAR_WITH_MINOR, 0:DIPLO_STATE_WAR_WITH_MINOR, 0:DIPLO_STATE_NO_INFLUENCE, 1:DIPLO_STATE_INFLUENTIAL,,,,,,,,,,,,,,,,,,,,,,,,,,,,,,,,,,,,,,,,, 0:DIPLO_STATE_FREE_CITIES_NEUTRAL, 0:
58, 5, Threat and Trust,, 60.16:1:0.00, 60.16:1:3.00, 60.16:1:4.00, 60.16:1:3.00, 60.16:1:8.00,, 10.16:8:-5.00, 17.75:7:1.00, 53.75:6:-5.00, 10.16:8:2.00, 0.00:11:0.00, 0.00:11:0.00, 0.00:11:0.00, 0.00:11:0.00, 0.00:11:0.00, 0.00:11:0.00, 0.00:11:0.00, 0.00:11:0.00, 0.00:11:0.00, 0.00:11:0.00, 0.00:11:0.00, 0.00:11:0.00,,,,,,,,,,,,,,,,,,,,,,,,,,,,,,,,,,,,,,,,, 0.00:11:0.00, 0.00:11:0.00
58, 6, ,, -49:DIPLO_STATE_WAR, -58:DIPLO_STATE_WAR, -68:DIPLO_STATE_WAR, -79:DIPLO_STATE_WAR, -62:DIPLO_STATE_WAR, -9:DIPLO_STATE_ALLIED,, 11:DIPLO_STATE_ALLIED, 16:DIPLO_STATE_ALLIED, 19:DIPLO_STATE_ALLIED, 4:DIPLO_STATE_INFLUENTIAL, 0:DIPLO_STATE_WAR_WITH_MINOR, 0:DIPLO_STATE_WAR_WITH_MINOR, 0:DIPLO_STATE_WAR_WITH_MINOR, 0:DIPLO_STATE_WAR_WITH_MINOR, 0:DIPLO_STATE_NO_INFLUENCE, 0:DIPLO_STATE_WAR_WITH_MINOR, 6:DIPLO_STATE_INFLUENTIAL, 0:DIPLO_STATE_WAR_WITH_MINOR, 0:DIPLO_STATE_WAR_WITH_MINOR, 3:DIPLO_STATE_INFLUENTIAL, 0:DIPLO_STATE_NO_INFLUENCE,,,,,,,,,,,,,,,,,,,,,,,,,,,,,,,,,,,,,,,,, 0:DIPLO_STATE_FREE_CITIES_NEUTRAL, 0:
58, 6, Threat and Trust,, 60.16:2:-3.00, 60.16:2:1.00, 60.16:2:2.00, 60.16:2:2.00, 60.16:2:6.00, 20.61:8:-10.00,, 28.20:7:1.00, 64.20:1:-5.00, 18.66:9:2.00, 0.00:11:0.00, 0.00:11:0.00, 0.00:11:0.00, 0.00:11:0.00, 0.00:11:0.00, 0.00:11:0.00, 0.00:11:0.00, 0.00:11:0.00, 0.00:11:0.00, 0.00:11:0.00, 0.00:11:0.00, 0.00:11:0.00,,,,,,,,,,,,,,,,,,,,,,,,,,,,,,,,,,,,,,,,, 0.00:11:0.00, 0.00:11:0.00
58, 7, ,, -56:DIPLO_STATE_WAR, -76:DIPLO_STATE_WAR, -79:DIPLO_STATE_WAR, -94:DIPLO_STATE_WAR, -72:DIPLO_STATE_WAR, 2:DIPLO_STATE_ALLIED, 18:DIPLO_STATE_ALLIED,, 1:DIPLO_STATE_ALLIED, 8:DIPLO_STATE_ALLIED, 5:DIPLO_STATE_INFLUENTIAL, 0:DIPLO_STATE_WAR_WITH_MINOR, 0:DIPLO_STATE_WAR_WITH_MINOR, 0:DIPLO_STATE_WAR_WITH_MINOR, 0:DIPLO_STATE_WAR_WITH_MINOR, 0:DIPLO_STATE_NO_INFLUENCE, 0:DIPLO_STATE_WAR_WITH_MINOR, 2:DIPLO_STATE_INFLUENTIAL, 0:DIPLO_STATE_WAR_WITH_MINOR, 0:DIPLO_STATE_WAR_WITH_MINOR, 0:DIPLO_STATE_NO_INFLUENCE, 1:DIPLO_STATE_INFLUENTIAL,,,,,,,,,,,,,,,,,,,,,,,,,,,,,,,,,,,,,,,,, 0:DIPLO_STATE_FREE_CITIES_NEUTRAL, 0:
58, 7, Threat and Trust,, 60.16:1:3.00, 60.16:1:4.00, 60.16:1:4.00, 60.16:1:7.00, 60.16:1:9.00, 10.16:7:-10.00, 10.16:7:-5.00,, 51.16:6:-5.00, 10.16:7:2.00, 0.00:11:0.00, 0.00:11:0.00, 0.00:11:0.00, 0.00:11:0.00, 0.00:11:0.00, 0.00:11:0.00, 0.00:11:0.00, 0.00:11:0.00, 0.00:11:0.00, 0.00:11:0.00, 0.00:11:0.00, 0.00:11:0.00,,,,,,,,,,,,,,,,,,,,,,,,,,,,,,,,,,,,,,,,, 0.00:11:0.00, 0.00:11:0.00
58, 8, ,, -68:DIPLO_STATE_WAR, -96:DIPLO_STATE_WAR, -68:DIPLO_STATE_WAR, -80:DIPLO_STATE_WAR, -82:DIPLO_STATE_WAR, 6:DIPLO_STATE_ALLIED, 14:DIPLO_STATE_ALLIED, 6:DIPLO_STATE_ALLIED,, 21:DIPLO_STATE_ALLIED, 3:DIPLO_STATE_INFLUENTIAL, 0:DIPLO_STATE_WAR_WITH_MINOR, 0:DIPLO_STATE_WAR_WITH_MINOR, 0:DIPLO_STATE_WAR_WITH_MINOR, 0:DIPLO_STATE_WAR_WITH_MINOR, 0:DIPLO_STATE_NO_INFLUENCE, 0:DIPLO_STATE_WAR_WITH_MINOR, 3:DIPLO_STATE_INFLUENTIAL, 0:DIPLO_STATE_WAR_WITH_MINOR, 0:DIPLO_STATE_WAR_WITH_MINOR, 0:DIPLO_STATE_NO_INFLUENCE, 2:DIPLO_STATE_INFLUENTIAL,,,,,,,,,,,,,,,,,,,,,,,,,,,,,,,,,,,,,,,,, 0:DIPLO_STATE_FREE_CITIES_NEUTRAL, 0:
58, 8, Threat and Trust,, 60.16:1:-3.00, 60.16:1:1.00, 60.16:1:2.00, 60.16:1:2.00, 60.16:1:6.00, 10.16:6:-10.00, 10.16:6:-5.00, 10.16:6:1.00,, 10.16:6:2.00, 0.00:11:0.00, 0.00:11:0.00, 0.00:11:0.00, 0.00:11:0.00, 0.00:11:0.00, 0.00:11:0.00, 0.00:11:0.00, 0.00:11:0.00, 0.00:11:0.00, 0.00:11:0.00, 0.00:11:0.00, 0.00:11:0.00,,,,,,,,,,,,,,,,,,,,,,,,,,,,,,,,,,,,,,,,, 0.00:11:0.00, 0.00:11:0.00
58, 9, ,, -49:DIPLO_STATE_WAR, -79:DIPLO_STATE_WAR, -61:DIPLO_STATE_WAR, -64:DIPLO_STATE_WAR, -52:DIPLO_STATE_WAR, -7:DIPLO_STATE_ALLIED, 9:DIPLO_STATE_ALLIED, 1:DIPLO_STATE_ALLIED, 7:DIPLO_STATE_ALLIED,, 1:DIPLO_STATE_INFLUENTIAL, 0:DIPLO_STATE_WAR_WITH_MINOR, 0:DIPLO_STATE_WAR_WITH_MINOR, 0:DIPLO_STATE_WAR_WITH_MINOR, 0:DIPLO_STATE_WAR_WITH_MINOR, 0:DIPLO_STATE_NO_INFLUENCE, 0:DIPLO_STATE_WAR_WITH_MINOR, 7:DIPLO_STATE_MAX_INFLUENCE, 0:DIPLO_STATE_WAR_WITH_MINOR, 0:DIPLO_STATE_WAR_WITH_MINOR, 0:DIPLO_STATE_NO_INFLUENCE, 0:DIPLO_STATE_NO_INFLUENCE,,,,,,,,,,,,,,,,,,,,,,,,,,,,,,,,,,,,,,,,, 0:DIPLO_STATE_FREE_CITIES_NEUTRAL, 0:
58, 9, Threat and Trust,, 60.16:2:5.00, 60.16:2:5.00, 60.16:2:5.00, 60.16:2:6.00, 60.16:2:5.00, 15.50:9:-10.00, 10.16:10:-5.00, 18.11:8:1.00, 64.75:1:-5.00,, 0.00:11:0.00, 0.00:11:0.00, 0.00:11:0.00, 0.00:11:0.00, 0.00:11:0.00, 0.00:11:0.00, 0.00:11:0.00, 0.00:11:0.00, 0.00:11:0.00, 0.00:11:0.00, 0.00:11:0.00, 0.00:11:0.00,,,,,,,,,,,,,,,,,,,,,,,,,,,,,,,,,,,,,,,,, 0.00:11:0.00, 0.00:11:0.00
58, 10, ,, 2:DIPLO_STATE_WAR_WITH_MAJOR, 3:DIPLO_STATE_WAR_WITH_MAJOR, 3:DIPLO_STATE_WAR_WITH_MAJOR, 2:DIPLO_STATE_WAR_WITH_MAJOR, 3:DIPLO_STATE_WAR_WITH_MAJOR, 6:DIPLO_STATE_PATRON, 4:DIPLO_STATE_PATRON, 8:DIPLO_STATE_PATRON, 3:DIPLO_STATE_PATRON, 1:DIPLO_STATE_PATRON,,, 0:DIPLO_STATE_MINOR_MINOR_WAR, 0:DIPLO_STATE_MINOR_MINOR_WAR, 0:DIPLO_STATE_MINOR_MINOR_WAR, 0:DIPLO_STATE_MINOR_MINOR,, 0:DIPLO_STATE_MINOR_MINOR, 0:DIPLO_STATE_MINOR_MINOR_WAR,, 0:DIPLO_STATE_MINOR_MINOR, 0:DIPLO_STATE_MINOR_MINOR,,,,,,,,,,,,,,,,,,,,,,,,,,,,,,,,,,,,,,,,,, 0:
58, 10, Threat and Trust,, 60.16:5:0.00, 60.16:5:0.00, 76.45:2:0.00, 60.16:5:0.00, 60.16:5:0.00, 63.70:4:0.00, 53.25:10:0.00, 66.30:3:0.00, 112.95:1:0.00, 58.36:9:0.00,,, 0.00:11:0.00, 0.00:11:0.00, 0.00:11:0.00, 0.00:11:0.00,, 0.00:11:0.00, 0.00:11:0.00,, 0.00:11:0.00, 0.00:11:0.00,,,,,,,,,,,,,,,,,,,,,,,,,,,,,,,,,,,,,,,,,, 0.00:11:0.00
58, 12, ,, 1:DIPLO_STATE_PATRON, 3:DIPLO_STATE_PATRON, 1:DIPLO_STATE_PATRON, 1:DIPLO_STATE_PATRON, 6:DIPLO_STATE_PATRON, 0:DIPLO_STATE_WAR_WITH_MAJOR, 0:DIPLO_STATE_WAR_WITH_MAJOR, 0:DIPLO_STATE_WAR_WITH_MAJOR, 0:DIPLO_STATE_WAR_WITH_MAJOR, 0:DIPLO_STATE_WAR_WITH_MAJOR, 0:DIPLO_STATE_MINOR_MINOR_WAR,,,,,,, 0:DIPLO_STATE_MINOR_MINOR_WAR,,,, 0:DIPLO_STATE_MINOR_MINOR,,,,,,,,,,,,,,,,,,,,,,,,,,,,,,,,,,,,,,,,,, 0:
58, 12, Threat and Trust,, 60.16:8:0.00, 60.16:8:0.00, 83.55:2:0.00, 60.16:8:0.00, 70.70:5:0.00, 70.80:4:0.00, 60.36:7:0.00, 73.41:3:0.00, 120.05:1:0.00, 65.45:6:0.00, 0.00:11:0.00,,,,,,, 0.00:11:0.00,,,, 0.00:11:0.00,,,,,,,,,,,,,,,,,,,,,,,,,,,,,,,,,,,,,,,,,, 0.00:11:0.00
58, 13, ,, 0:DIPLO_STATE_AWARE, 4:DIPLO_STATE_PATRON, 0:DIPLO_STATE_AWARE, 3:DIPLO_STATE_PATRON, 0:DIPLO_STATE_AWARE, 0:DIPLO_STATE_WAR_WITH_MAJOR, 0:DIPLO_STATE_WAR_WITH_MAJOR, 0:DIPLO_STATE_WAR_WITH_MAJOR, 0:DIPLO_STATE_WAR_WITH_MAJOR, 0:DIPLO_STATE_WAR_WITH_MAJOR, 0:DIPLO_STATE_MINOR_MINOR_WAR,,,, 0:DIPLO_STATE_MINOR_MINOR,, 0:DIPLO_STATE_MINOR_MINOR, 0:DIPLO_STATE_MINOR_MINOR_WAR,,,,,,,,,,,,,,,,,,,,,,,,,,,,,,,,,,,,,,,,,,,,,, 0:
58, 13, Threat and Trust,, 60.16:7:0.00, 60.16:7:0.00, 80.80:2:0.00, 60.16:7:0.00, 67.95:5:0.00, 68.05:4:0.00, 57.61:10:0.00, 70.66:3:0.00, 117.30:1:0.00, 62.70:6:0.00, 0.00:11:0.00,,,, 0.00:11:0.00,, 0.00:11:0.00, 0.00:11:0.00,,,,,,,,,,,,,,,,,,,,,,,,,,,,,,,,,,,,,,,,,,,,,, 0.00:11:0.00
58, 14, ,, 2:DIPLO_STATE_PATRON, 0:DIPLO_STATE_AWARE, 1:DIPLO_STATE_PATRON, 0:DIPLO_STATE_AWARE, 6:DIPLO_STATE_PATRON, 0:DIPLO_STATE_WAR_WITH_MAJOR, 0:DIPLO_STATE_WAR_WITH_MAJOR, 0:DIPLO_STATE_WAR_WITH_MAJOR, 0:DIPLO_STATE_WAR_WITH_MAJOR, 0:DIPLO_STATE_WAR_WITH_MAJOR, 0:DIPLO_STATE_MINOR_MINOR_WAR, 0:DIPLO_STATE_MINOR_MINOR,, 0:DIPLO_STATE_MINOR_MINOR,, 0:DIPLO_STATE_MINOR_MINOR, 0:DIPLO_STATE_MINOR_MINOR, 0:DIPLO_STATE_MINOR_MINOR_WAR,, 0:DIPLO_STATE_MINOR_MINOR, 0:DIPLO_STATE_MINOR_MINOR, 0:DIPLO_STATE_MINOR_MINOR,,,,,,,,,,,,,,,,,,,,,,,,,,,,,,,,,,,,,,,,,, 0:
58, 14, Threat and Trust,, 60.16:8:0.00, 60.16:8:0.00, 86.45:2:0.00, 60.16:8:0.00, 73.61:5:0.00, 73.70:4:0.00, 63.25:7:0.00, 76.30:3:0.00, 122.95:1:0.00, 68.36:6:0.00, 0.00:11:0.00, 0.00:11:0.00,, 0.00:11:0.00,, 0.00:11:0.00, 0.00:11:0.00, 0.00:11:0.00,, 0.00:11:0.00, 0.00:11:0.00, 0.00:11:0.00,,,,,,,,,,,,,,,,,,,,,,,,,,,,,,,,,,,,,,,,,, 0.00:11:0.00
58, 15, ,, 0:DIPLO_STATE_AWARE, 1:DIPLO_STATE_PATRON, 3:DIPLO_STATE_PATRON, 3:DIPLO_STATE_PATRON, 1:DIPLO_STATE_PATRON, 0:DIPLO_STATE_AWARE, 0:DIPLO_STATE_AWARE, 0:DIPLO_STATE_AWARE, 0:DIPLO_STATE_AWARE, 0:DIPLO_STATE_AWARE, 0:DIPLO_STATE_MINOR_MINOR,,,, 0:DIPLO_STATE_MINOR_MINOR,, 0:DIPLO_STATE_MINOR_MINOR, 0:DIPLO_STATE_MINOR_MINOR,,, 0:DIPLO_STATE_MINOR_MINOR,,,,,,,,,,,,,,,,,,,,,,,,,,,,,,,,,,,,,,,,,,, 0:
58, 15, Threat and Trust,, 60.16:6:0.00, 60.16:6:0.00, 78.20:2:0.00, 60.16:6:0.00, 65.36:5:0.00, 65.45:4:0.00, 55.00:10:0.00, 68.05:3:0.00, 114.70:1:0.00, 60.11:9:0.00, 0.00:11:0.00,,,, 0.00:11:0.00,, 0.00:11:0.00, 0.00:11:0.00,,, 0.00:11:0.00,,,,,,,,,,,,,,,,,,,,,,,,,,,,,,,,,,,,,,,,,,, 0.00:11:0.00
58, 17, ,, 0:DIPLO_STATE_WAR_WITH_MAJOR, 3:DIPLO_STATE_WAR_WITH_MAJOR, 3:DIPLO_STATE_WAR_WITH_MAJOR, 4:DIPLO_STATE_WAR_WITH_MAJOR, 1:DIPLO_STATE_WAR_WITH_MAJOR, 1:DIPLO_STATE_PATRON, 6:DIPLO_STATE_PATRON, 2:DIPLO_STATE_PATRON, 3:DIPLO_STATE_PATRON, 7:DIPLO_STATE_PATRON, 0:DIPLO_STATE_MINOR_MINOR,, 0:DIPLO_STATE_MINOR_MINOR_WAR, 0:DIPLO_STATE_MINOR_MINOR_WAR, 0:DIPLO_STATE_MINOR_MINOR_WAR, 0:DIPLO_STATE_MINOR_MINOR, 0:DIPLO_STATE_MINOR_MINOR_WAR,, 0:DIPLO_STATE_MINOR_MINOR_WAR,, 0:DIPLO_STATE_MINOR_MINOR, 0:DIPLO_STATE_MINOR_MINOR,,,,,,,,,,,,,,,,,,,,,,,,,,,,,,,,,,,,,,,,,, 0:
58, 17, Threat and Trust,, 60.16:5:0.00, 60.16:5:0.00, 76.50:2:0.00, 60.16:5:0.00, 60.16:5:0.00, 63.75:4:0.00, 53.30:10:0.00, 66.36:3:0.00, 113.00:1:0.00, 58.41:9:0.00, 0.00:11:0.00,, 0.00:11:0.00, 0.00:11:0.00, 0.00:11:0.00, 0.00:11:0.00, 0.00:11:0.00,, 0.00:11:0.00,, 0.00:11:0.00, 0.00:11:0.00,,,,,,,,,,,,,,,,,,,,,,,,,,,,,,,,,,,,,,,,,, 0.00:11:0.00
58, 18, ,, 3:DIPLO_STATE_PATRON, 0:DIPLO_STATE_AWARE, 0:DIPLO_STATE_AWARE, 0:DIPLO_STATE_AWARE, 0:DIPLO_STATE_AWARE, 0:DIPLO_STATE_WAR_WITH_MAJOR, 0:DIPLO_STATE_WAR_WITH_MAJOR, 0:DIPLO_STATE_WAR_WITH_MAJOR, 0:DIPLO_STATE_WAR_WITH_MAJOR, 0:DIPLO_STATE_WAR_WITH_MAJOR, 0:DIPLO_STATE_MINOR_MINOR_WAR,,,,,, 0:DIPLO_STATE_MINOR_MINOR, 0:DIPLO_STATE_MINOR_MINOR_WAR,,,,,,,,,,,,,,,,,,,,,,,,,,,,,,,,,,,,,,,,,,,,,, 0:
58, 18, Threat and Trust,, 120.30:2:0.00, 66.30:9:0.00, 91.50:4:0.00, 60.16:10:0.00, 78.66:6:0.00, 106.35:3:0.00, 68.30:8:0.00, 81.36:5:0.00, 128.00:1:0.00, 73.41:7:0.00, 0.00:11:0.00,,,,,, 0.00:11:0.00, 0.00:11:0.00,,,,,,,,,,,,,,,,,,,,,,,,,,,,,,,,,,,,,,,,,,,,,, 0.00:11:0.00
58, 20, ,, 3:DIPLO_STATE_PATRON, 2:DIPLO_STATE_PATRON, 0:DIPLO_STATE_AWARE, 2:DIPLO_STATE_PATRON, 3:DIPLO_STATE_PATRON, 0:DIPLO_STATE_AWARE, 3:DIPLO_STATE_PATRON, 0:DIPLO_STATE_AWARE, 0:DIPLO_STATE_AWARE, 0:DIPLO_STATE_AWARE, 0:DIPLO_STATE_MINOR_MINOR, 0:DIPLO_STATE_MINOR_MINOR,,, 0:DIPLO_STATE_MINOR_MINOR, 0:DIPLO_STATE_MINOR_MINOR, 0:DIPLO_STATE_MINOR_MINOR, 0:DIPLO_STATE_MINOR_MINOR,,,,,,,,,,,,,,,,,,,,,,,,,,,,,,,,,,,,,,,,,,,,,, 0:
58, 20, Threat and Trust,, 60.16:5:0.00, 60.16:5:0.00, 75.41:2:0.00, 60.16:5:0.00, 60.16:5:0.00, 62.66:4:0.00, 52.20:10:0.00, 65.25:3:0.00, 111.91:1:0.00, 57.30:9:0.00, 0.00:11:0.00, 0.00:11:0.00,,, 0.00:11:0.00, 0.00:11:0.00, 0.00:11:0.00, 0.00:11:0.00,,,,,,,,,,,,,,,,,,,,,,,,,,,,,,,,,,,,,,,,,,,,,, 0.00:11:0.00
58, 21, ,, 4:DIPLO_STATE_PATRON, 4:DIPLO_STATE_PATRON, 0:DIPLO_STATE_AWARE, 0:DIPLO_STATE_AWARE, 3:DIPLO_STATE_PATRON, 1:DIPLO_STATE_PATRON, 0:DIPLO_STATE_AWARE, 1:DIPLO_STATE_PATRON, 2:DIPLO_STATE_PATRON, 0:DIPLO_STATE_AWARE, 0:DIPLO_STATE_MINOR_MINOR,, 0:DIPLO_STATE_MINOR_MINOR,, 0:DIPLO_STATE_MINOR_MINOR,, 0:DIPLO_STATE_MINOR_MINOR, 0:DIPLO_STATE_MINOR_MINOR,,,,,,,,,,,,,,,,,,,,,,,,,,,,,,,,,,,,,,,,,,,,,, 0:
58, 21, Threat and Trust,, 60.16:4:0.00, 60.16:4:0.00, 71.61:2:0.00, 60.16:4:0.00, 60.16:4:0.00, 58.86:8:0.00, 48.41:10:0.00, 61.45:3:0.00, 108.11:1:0.00, 53.50:9:0.00, 0.00:11:0.00,, 0.00:11:0.00,, 0.00:11:0.00,, 0.00:11:0.00, 0.00:11:0.00,,,,,,,,,,,,,,,,,,,,,,,,,,,,,,,,,,,,,,,,,,,,,, 0.00:11:0.00
58, 62, ,, 0:DIPLO_STATE_FREE_CITIES_NEUTRAL, 0:DIPLO_STATE_FREE_CITIES_NEUTRAL, 0:DIPLO_STATE_FREE_CITIES_NEUTRAL, 0:DIPLO_STATE_FREE_CITIES_NEUTRAL, 0:DIPLO_STATE_FREE_CITIES_NEUTRAL, 0:DIPLO_STATE_FREE_CITIES_NEUTRAL, 0:DIPLO_STATE_FREE_CITIES_NEUTRAL, 0:DIPLO_STATE_FREE_CITIES_NEUTRAL, 0:DIPLO_STATE_FREE_CITIES_NEUTRAL, 0:DIPLO_STATE_FREE_CITIES_NEUTRAL,,,,,,,,,,,,,,,,,,,,,,,,,,,,,,,,,,,,,,,,,,,,,,,,,,,,,,
58, 62, Threat and Trust,, 69.80:7:0.00, 66.61:9:0.00, 91.80:2:0.00, 60.16:10:0.00, 78.95:5:0.00, 79.05:4:0.00, 68.61:8:0.00, 81.66:3:0.00, 128.30:1:0.00, 73.70:6:0.00,,,,,,,,,,,,,,,,,,,,,,,,,,,,,,,,,,,,,,,,,,,,,,,,,,,,,,
58, 63, ,, 0:, 0:, 0:, 0:, 0:, 0:, 0:, 0:, 0:, 0:, 0:, 0:, 0:, 0:, 0:, 0:, 0:, 0:, 0:, 0:, 0:, 0:,,,,,,,,,,,,,,,,,,,,,,,,,,,,,,,,,,,,,,,,,,
58, 63, Threat and Trust,, 0.00:1:0.00, 0.00:1:0.00, 0.00:1:0.00, 0.00:1:0.00, 0.00:1:0.00, 0.00:1:0.00, 0.00:1:0.00, 0.00:1:0.00, 0.00:1:0.00, 0.00:1:0.00, 0.00:1:0.00, 0.00:1:0.00, 0.00:1:0.00, 0.00:1:0.00, 0.00:1:0.00, 0.00:1:0.00, 0.00:1:0.00, 0.00:1:0.00, 0.00:1:0.00, 0.00:1:0.00, 0.00:1:0.00, 0.00:1:0.00,,,,,,,,,,,,,,,,,,,,,,,,,,,,,,,,,,,,,,,,,,
58, 0, ,,, 10:DIPLO_STATE_ALLIED, 8:DIPLO_STATE_ALLIED, -9:DIPLO_STATE_ALLIED, 30:DIPLO_STATE_ALLIED, 2:DIPLO_STATE_WAR, 1:DIPLO_STATE_WAR, 1:DIPLO_STATE_WAR, -5:DIPLO_STATE_WAR, -5:DIPLO_STATE_WAR, 2:DIPLO_STATE_WAR_WITH_MINOR, 0:DIPLO_STATE_NO_INFLUENCE, 1:DIPLO_STATE_INFLUENTIAL, 0:DIPLO_STATE_NO_INFLUENCE, 2:DIPLO_STATE_INFLUENTIAL, 0:DIPLO_STATE_NO_INFLUENCE, 0:DIPLO_STATE_NO_INFLUENCE, 0:DIPLO_STATE_WAR_WITH_MINOR, 3:DIPLO_STATE_MAX_INFLUENCE, 0:DIPLO_STATE_NO_INFLUENCE, 3:DIPLO_STATE_INFLUENTIAL, 4:DIPLO_STATE_INFLUENTIAL,,,,,,,,,,,,,,,,,,,,,,,,,,,,,,,,,,,,,,,,, 0:DIPLO_STATE_FREE_CITIES_NEUTRAL, 0:
58, 0, Threat and Trust,,, 60.16:7:13.00, 102.80:2:11.00, 60.16:7:15.00, 67.55:5:19.00, 67.66:4:-10.00, 57.20:10:-5.00, 70.25:3:0.00, 116.91:1:-5.00, 62.30:6:2.00, 0.00:11:0.00, 0.00:11:0.00, 0.00:11:0.00, 0.00:11:0.00, 0.00:11:0.00, 0.00:11:0.00, 0.00:11:0.00, 0.00:11:0.00, 0.00:11:0.00, 0.00:11:0.00, 0.00:11:0.00, 0.00:11:0.00,,,,,,,,,,,,,,,,,,,,,,,,,,,,,,,,,,,,,,,,, 0.00:11:0.00, 0.00:11:0.00
58, 1, ,, 56:DIPLO_STATE_ALLIED,, 45:DIPLO_STATE_ALLIED, 49:DIPLO_STATE_ALLIED, 19:DIPLO_STATE_ALLIED, -10:DIPLO_STATE_WAR, -13:DIPLO_STATE_WAR, -12:DIPLO_STATE_WAR, -22:DIPLO_STATE_WAR, -12:DIPLO_STATE_WAR, 3:DIPLO_STATE_WAR_WITH_MINOR, 0:DIPLO_STATE_NO_INFLUENCE, 3:DIPLO_STATE_INFLUENTIAL, 4:DIPLO_STATE_MAX_INFLUENCE, 0:DIPLO_STATE_NO_INFLUENCE, 1:DIPLO_STATE_INFLUENTIAL, 0:DIPLO_STATE_NO_INFLUENCE, 3:DIPLO_STATE_WAR_WITH_MINOR, 0:DIPLO_STATE_NO_INFLUENCE, 0:DIPLO_STATE_NO_INFLUENCE, 2:DIPLO_STATE_INFLUENTIAL, 4:DIPLO_STATE_INFLUENTIAL,,,,,,,,,,,,,,,,,,,,,,,,,,,,,,,,,,,,,,,,, 0:DIPLO_STATE_FREE_CITIES_NEUTRAL, 0:
58, 1, Threat and Trust,, 60.16:7:9.00,, 83.05:2:10.00, 60.16:7:13.00, 70.20:5:17.00, 70.30:4:-10.00, 59.86:10:-5.00, 72.91:3:0.00, 119.55:1:-5.00, 64.95:6:2.00, 0.00:11:0.00, 0.00:11:0.00, 0.00:11:0.00, 0.00:11:0.00, 0.00:11:0.00, 0.00:11:0.00, 0.00:11:0.00, 0.00:11:0.00, 0.00:11:0.00, 0.00:11:0.00, 0.00:11:0.00, 0.00:11:0.00,,,,,,,,,,,,,,,,,,,,,,,,,,,,,,,,,,,,,,,,, 0.00:11:0.00, 0.00:11:0.00
58, 2, ,, 38:DIPLO_STATE_ALLIED, 3:DIPLO_STATE_ALLIED,, 52:DIPLO_STATE_ALLIED, 45:DIPLO_STATE_ALLIED, -3:DIPLO_STATE_WAR, 6:DIPLO_STATE_WAR, 0:DIPLO_STATE_WAR, 19:DIPLO_STATE_WAR, 14:DIPLO_STATE_WAR, 3:DIPLO_STATE_WAR_WITH_MINOR, 0:DIPLO_STATE_NO_INFLUENCE, 1:DIPLO_STATE_INFLUENTIAL, 0:DIPLO_STATE_NO_INFLUENCE, 1:DIPLO_STATE_INFLUENTIAL, 3:DIPLO_STATE_INFLUENTIAL, 0:DIPLO_STATE_NO_INFLUENCE, 3:DIPLO_STATE_WAR_WITH_MINOR, 0:DIPLO_STATE_NO_INFLUENCE, 0:DIPLO_STATE_NO_INFLUENCE, 0:DIPLO_STATE_NO_INFLUENCE, 0:DIPLO_STATE_NO_INFLUENCE,,,,,,,,,,,,,,,,,,,,,,,,,,,,,,,,,,,,,,,,, 0:DIPLO_STATE_FREE_CITIES_NEUTRAL, 0:
58, 2, Threat and Trust,, 60.16:2:9.00, 60.16:2:11.00,, 60.16:2:14.00, 60.16:2:21.00, 50.36:8:-10.00, 39.91:10:-5.00, 52.95:7:0.00, 99.61:1:-5.00, 45.00:9:0.00, 0.00:11:0.00, 0.00:11:0.00, 0.00:11:0.00, 0.00:11:0.00, 0.00:11:0.00, 0.00:11:0.00, 0.00:11:0.00, 0.00:11:0.00, 0.00:11:0.00, 0.00:11:0.00, 0.00:11:0.00, 0.00:11:0.00,,,,,,,,,,,,,,,,,,,,,,,,,,,,,,,,,,,,,,,,, 0.00:11:0.00, 0.00:11:0.00
58, 3, ,, 17:DIPLO_STATE_ALLIED, 33:DIPLO_STATE_ALLIED, 47:DIPLO_STATE_ALLIED,, 22:DIPLO_STATE_ALLIED, -19:DIPLO_STATE_WAR, -11:DIPLO_STATE_WAR, -11:DIPLO_STATE_WAR, -6:DIPLO_STATE_WAR, -6:DIPLO_STATE_WAR, 2:DIPLO_STATE_WAR_WITH_MINOR, 0:DIPLO_STATE_NO_INFLUENCE, 1:DIPLO_STATE_INFLUENTIAL, 3:DIPLO_STATE_INFLUENTIAL, 0:DIPLO_STATE_NO_INFLUENCE, 3:DIPLO_STATE_INFLUENTIAL, 0:DIPLO_STATE_NO_INFLUENCE, 4:DIPLO_STATE_WAR_WITH_MINOR, 0:DIPLO_STATE_NO_INFLUENCE, 0:DIPLO_STATE_NO_INFLUENCE, 2:DIPLO_STATE_INFLUENTIAL, 0:DIPLO_STATE_NO_INFLUENCE,,,,,,,,,,,,,,,,,,,,,,,,,,,,,,,,,,,,,,,,, 0:DIPLO_STATE_FREE_CITIES_NEUTRAL, 0:
58, 3, Threat and Trust,, 66.30:7:13.00, 60.16:9:13.00, 83.61:2:13.00,, 73.70:5:22.00, 73.80:4:-10.00, 63.36:8:-5.00, 76.41:3:0.00, 123.05:1:-5.00, 68.45:6:0.00, 0.00:11:0.00, 0.00:11:0.00, 0.00:11:0.00, 0.00:11:0.00, 0.00:11:0.00, 0.00:11:0.00, 0.00:11:0.00, 0.00:11:0.00, 0.00:11:0.00, 0.00:11:0.00, 0.00:11:0.00, 0.00:11:0.00,,,,,,,,,,,,,,,,,,,,,,,,,,,,,,,,,,,,,,,,, 0.00:11:0.00, 0.00:11:0.00
58, 2, ,, 38:DIPLO_STATE_ALLIED, 3:DIPLO_STATE_ALLIED,, 52:DIPLO_STATE_ALLIED, 45:DIPLO_STATE_ALLIED, -3:DIPLO_STATE_WAR, 6:DIPLO_STATE_WAR, 0:DIPLO_STATE_WAR, 19:DIPLO_STATE_WAR, 14:DIPLO_STATE_WAR, 3:DIPLO_STATE_WAR_WITH_MINOR, 0:DIPLO_STATE_NO_INFLUENCE, 1:DIPLO_STATE_INFLUENTIAL, 0:DIPLO_STATE_NO_INFLUENCE, 1:DIPLO_STATE_INFLUENTIAL, 3:DIPLO_STATE_INFLUENTIAL, 0:DIPLO_STATE_NO_INFLUENCE, 3:DIPLO_STATE_WAR_WITH_MINOR, 0:DIPLO_STATE_NO_INFLUENCE, 0:DIPLO_STATE_NO_INFLUENCE, 0:DIPLO_STATE_NO_INFLUENCE, 0:DIPLO_STATE_NO_INFLUENCE,,,,,,,,,,,,,,,,,,,,,,,,,,,,,,,,,,,,,,,,, 0:DIPLO_STATE_FREE_CITIES_NEUTRAL, 0:
58, 2, Threat and Trust,, 60.16:2:9.00, 60.16:2:11.00,, 60.16:2:14.00, 60.16:2:21.00, 50.36:8:-10.00, 39.91:10:-5.00, 52.95:7:0.00, 99.61:1:-5.00, 45.00:9:0.00, 0.00:11:0.00, 0.00:11:0.00, 0.00:11:0.00, 0.00:11:0.00, 0.00:11:0.00, 0.00:11:0.00, 0.00:11:0.00, 0.00:11:0.00, 0.00:11:0.00, 0.00:11:0.00, 0.00:11:0.00, 0.00:11:0.00,,,,,,,,,,,,,,,,,,,,,,,,,,,,,,,,,,,,,,,,, 0.00:11:0.00, 0.00:11:0.00
58, 0, ,,, 10:DIPLO_STATE_ALLIED, 8:DIPLO_STATE_ALLIED, -9:DIPLO_STATE_ALLIED, 30:DIPLO_STATE_ALLIED, 2:DIPLO_STATE_WAR, 1:DIPLO_STATE_WAR, 1:DIPLO_STATE_WAR, -5:DIPLO_STATE_WAR, -5:DIPLO_STATE_WAR, 2:DIPLO_STATE_WAR_WITH_MINOR, 0:DIPLO_STATE_NO_INFLUENCE, 1:DIPLO_STATE_INFLUENTIAL, 0:DIPLO_STATE_NO_INFLUENCE, 2:DIPLO_STATE_INFLUENTIAL, 0:DIPLO_STATE_NO_INFLUENCE, 0:DIPLO_STATE_NO_INFLUENCE, 0:DIPLO_STATE_WAR_WITH_MINOR, 3:DIPLO_STATE_MAX_INFLUENCE, 0:DIPLO_STATE_NO_INFLUENCE, 3:DIPLO_STATE_INFLUENTIAL, 4:DIPLO_STATE_INFLUENTIAL,,,,,,,,,,,,,,,,,,,,,,,,,,,,,,,,,,,,,,,,, 0:DIPLO_STATE_FREE_CITIES_NEUTRAL, 0:
58, 0, Threat and Trust,,, 60.16:7:13.00, 102.80:2:11.00, 60.16:7:15.00, 67.55:5:19.00, 67.66:4:-10.00, 57.20:10:-5.00, 70.25:3:0.00, 116.91:1:-5.00, 62.30:6:2.00, 0.00:11:0.00, 0.00:11:0.00, 0.00:11:0.00, 0.00:11:0.00, 0.00:11:0.00, 0.00:11:0.00, 0.00:11:0.00, 0.00:11:0.00, 0.00:11:0.00, 0.00:11:0.00, 0.00:11:0.00, 0.00:11:0.00,,,,,,,,,,,,,,,,,,,,,,,,,,,,,,,,,,,,,,,,, 0.00:11:0.00, 0.00:11:0.00
58, 2, ,, 38:DIPLO_STATE_ALLIED, 3:DIPLO_STATE_ALLIED,, 52:DIPLO_STATE_ALLIED, 45:DIPLO_STATE_ALLIED, -3:DIPLO_STATE_WAR, 6:DIPLO_STATE_WAR, 0:DIPLO_STATE_WAR, 19:DIPLO_STATE_WAR, 14:DIPLO_STATE_WAR, 3:DIPLO_STATE_WAR_WITH_MINOR, 0:DIPLO_STATE_NO_INFLUENCE, 1:DIPLO_STATE_INFLUENTIAL, 0:DIPLO_STATE_NO_INFLUENCE, 1:DIPLO_STATE_INFLUENTIAL, 3:DIPLO_STATE_INFLUENTIAL, 0:DIPLO_STATE_NO_INFLUENCE, 3:DIPLO_STATE_WAR_WITH_MINOR, 0:DIPLO_STATE_NO_INFLUENCE, 0:DIPLO_STATE_NO_INFLUENCE, 0:DIPLO_STATE_NO_INFLUENCE, 0:DIPLO_STATE_NO_INFLUENCE,,,,,,,,,,,,,,,,,,,,,,,,,,,,,,,,,,,,,,,,, 0:DIPLO_STATE_FREE_CITIES_NEUTRAL, 0:
58, 2, Threat and Trust,, 60.16:2:9.00, 60.16:2:11.00,, 60.16:2:14.00, 60.16:2:21.00, 50.36:8:-10.00, 39.91:10:-5.00, 52.95:7:0.00, 99.61:1:-5.00, 45.00:9:0.00, 0.00:11:0.00, 0.00:11:0.00, 0.00:11:0.00, 0.00:11:0.00, 0.00:11:0.00, 0.00:11:0.00, 0.00:11:0.00, 0.00:11:0.00, 0.00:11:0.00, 0.00:11:0.00, 0.00:11:0.00, 0.00:11:0.00,,,,,,,,,,,,,,,,,,,,,,,,,,,,,,,,,,,,,,,,, 0.00:11:0.00, 0.00:11:0.00
58, 0, ,,, 10:DIPLO_STATE_ALLIED, 8:DIPLO_STATE_ALLIED, -9:DIPLO_STATE_ALLIED, 30:DIPLO_STATE_ALLIED, 2:DIPLO_STATE_WAR, 1:DIPLO_STATE_WAR, 1:DIPLO_STATE_WAR, -5:DIPLO_STATE_WAR, -5:DIPLO_STATE_WAR, 2:DIPLO_STATE_WAR_WITH_MINOR, 0:DIPLO_STATE_NO_INFLUENCE, 1:DIPLO_STATE_INFLUENTIAL, 0:DIPLO_STATE_NO_INFLUENCE, 2:DIPLO_STATE_INFLUENTIAL, 0:DIPLO_STATE_NO_INFLUENCE, 0:DIPLO_STATE_NO_INFLUENCE, 0:DIPLO_STATE_WAR_WITH_MINOR, 3:DIPLO_STATE_MAX_INFLUENCE, 0:DIPLO_STATE_NO_INFLUENCE, 3:DIPLO_STATE_INFLUENTIAL, 4:DIPLO_STATE_INFLUENTIAL,,,,,,,,,,,,,,,,,,,,,,,,,,,,,,,,,,,,,,,,, 0:DIPLO_STATE_FREE_CITIES_NEUTRAL, 0:
58, 0, Threat and Trust,,, 60.16:7:13.00, 102.80:2:11.00, 60.16:7:15.00, 67.55:5:19.00, 67.66:4:-10.00, 57.20:10:-5.00, 70.25:3:0.00, 116.91:1:-5.00, 62.30:6:2.00, 0.00:11:0.00, 0.00:11:0.00, 0.00:11:0.00, 0.00:11:0.00, 0.00:11:0.00, 0.00:11:0.00, 0.00:11:0.00, 0.00:11:0.00, 0.00:11:0.00, 0.00:11:0.00, 0.00:11:0.00, 0.00:11:0.00,,,,,,,,,,,,,,,,,,,,,,,,,,,,,,,,,,,,,,,,, 0.00:11:0.00, 0.00:11:0.00
59, 4, ,, 50:DIPLO_STATE_ALLIED, -4:DIPLO_STATE_ALLIED, 39:DIPLO_STATE_ALLIED, 0:DIPLO_STATE_ALLIED,, 14:DIPLO_STATE_WAR, -7:DIPLO_STATE_WAR, -7:DIPLO_STATE_WAR, 1:DIPLO_STATE_WAR, 1:DIPLO_STATE_WAR, 3:DIPLO_STATE_WAR_WITH_MINOR, 0:DIPLO_STATE_NO_INFLUENCE, 6:DIPLO_STATE_MAX_INFLUENCE, 0:DIPLO_STATE_NO_INFLUENCE, 6:DIPLO_STATE_MAX_INFLUENCE, 2:DIPLO_STATE_INFLUENTIAL, 0:DIPLO_STATE_NO_INFLUENCE, 1:DIPLO_STATE_WAR_WITH_MINOR, 0:DIPLO_STATE_NO_INFLUENCE, 0:DIPLO_STATE_NO_INFLUENCE, 3:DIPLO_STATE_INFLUENTIAL, 3:DIPLO_STATE_INFLUENTIAL,,,,,,,,,,,,,,,,,,,,,,,,,,,,,,,,,,,,,,,,, 0:DIPLO_STATE_FREE_CITIES_NEUTRAL, 0:
59, 4, Threat and Trust,, 60.16:4:13.00, 60.16:4:18.00, 67.30:3:21.00, 60.16:4:23.00,, 57.50:9:-10.00, 47.05:10:-5.00, 60.11:8:2.00, 106.75:1:-5.00, 73.36:2:0.00, 0.00:11:0.00, 0.00:11:0.00, 0.00:11:0.00, 0.00:11:0.00, 0.00:11:0.00, 0.00:11:0.00, 0.00:11:0.00, 0.00:11:0.00, 0.00:11:0.00, 0.00:11:0.00, 0.00:11:0.00, 0.00:11:0.00,,,,,,,,,,,,,,,,,,,,,,,,,,,,,,,,,,,,,,,,, 0.00:11:0.00, 0.00:11:0.00
59, 5, ,, -26:DIPLO_STATE_WAR, -55:DIPLO_STATE_WAR, -51:DIPLO_STATE_WAR, -62:DIPLO_STATE_WAR, -28:DIPLO_STATE_WAR,, 11:DIPLO_STATE_ALLIED, 24:DIPLO_STATE_ALLIED, 19:DIPLO_STATE_ALLIED, 22:DIPLO_STATE_ALLIED, 6:DIPLO_STATE_INFLUENTIAL, 0:DIPLO_STATE_WAR_WITH_MINOR, 0:DIPLO_STATE_WAR_WITH_MINOR, 0:DIPLO_STATE_WAR_WITH_MINOR, 0:DIPLO_STATE_WAR_WITH_MINOR, 0:DIPLO_STATE_NO_INFLUENCE, 0:DIPLO_STATE_WAR_WITH_MINOR, 1:DIPLO_STATE_INFLUENTIAL, 0:DIPLO_STATE_WAR_WITH_MINOR, 0:DIPLO_STATE_WAR_WITH_MINOR, 0:DIPLO_STATE_WAR_WITH_MINOR, 1:DIPLO_STATE_INFLUENTIAL,,,,,,,,,,,,,,,,,,,,,,,,,,,,,,,,,,,,,,,,, 0:DIPLO_STATE_FREE_CITIES_NEUTRAL, 0:
59, 5, Threat and Trust,, 60.16:1:0.00, 60.16:1:3.00, 60.16:1:4.00, 60.16:1:3.00, 60.16:1:8.00,, 10.16:7:-5.00, 10.16:7:1.00, 59.70:6:-5.00, 10.16:7:2.00, 0.00:11:0.00, 0.00:11:0.00, 0.00:11:0.00, 0.00:11:0.00, 0.00:11:0.00, 0.00:11:0.00, 0.00:11:0.00, 0.00:11:0.00, 0.00:11:0.00, 0.00:11:0.00, 0.00:11:0.00, 0.00:11:0.00,,,,,,,,,,,,,,,,,,,,,,,,,,,,,,,,,,,,,,,,, 0.00:11:0.00, 0.00:11:0.00
59, 6, ,, -49:DIPLO_STATE_WAR, -58:DIPLO_STATE_WAR, -68:DIPLO_STATE_WAR, -79:DIPLO_STATE_WAR, -62:DIPLO_STATE_WAR, -7:DIPLO_STATE_ALLIED,, 11:DIPLO_STATE_ALLIED, 16:DIPLO_STATE_ALLIED, 19:DIPLO_STATE_ALLIED, 4:DIPLO_STATE_INFLUENTIAL, 0:DIPLO_STATE_WAR_WITH_MINOR, 0:DIPLO_STATE_WAR_WITH_MINOR, 0:DIPLO_STATE_WAR_WITH_MINOR, 0:DIPLO_STATE_WAR_WITH_MINOR, 0:DIPLO_STATE_NO_INFLUENCE, 0:DIPLO_STATE_WAR_WITH_MINOR, 6:DIPLO_STATE_INFLUENTIAL, 0:DIPLO_STATE_WAR_WITH_MINOR, 0:DIPLO_STATE_WAR_WITH_MINOR, 3:DIPLO_STATE_WAR_WITH_MINOR, 0:DIPLO_STATE_NO_INFLUENCE,,,,,,,,,,,,,,,,,,,,,,,,,,,,,,,,,,,,,,,,, 0:DIPLO_STATE_FREE_CITIES_NEUTRAL, 0:
59, 6, Threat and Trust,, 60.16:2:-3.00, 60.16:2:1.00, 60.16:2:2.00, 60.16:2:2.00, 60.16:2:6.00, 20.55:9:-10.00,, 23.45:8:1.00, 70.11:1:-5.00, 15.50:10:2.00, 0.00:11:0.00, 0.00:11:0.00, 0.00:11:0.00, 0.00:11:0.00, 0.00:11:0.00, 0.00:11:0.00, 0.00:11:0.00, 0.00:11:0.00, 0.00:11:0.00, 0.00:11:0.00, 0.00:11:0.00, 0.00:11:0.00,,,,,,,,,,,,,,,,,,,,,,,,,,,,,,,,,,,,,,,,, 0.00:11:0.00, 0.00:11:0.00
59, 7, ,, -56:DIPLO_STATE_WAR, -76:DIPLO_STATE_WAR, -79:DIPLO_STATE_WAR, -94:DIPLO_STATE_WAR, -72:DIPLO_STATE_WAR, 4:DIPLO_STATE_ALLIED, 12:DIPLO_STATE_ALLIED,, 1:DIPLO_STATE_ALLIED, 8:DIPLO_STATE_ALLIED, 8:DIPLO_STATE_MAX_INFLUENCE, 0:DIPLO_STATE_WAR_WITH_MINOR, 0:DIPLO_STATE_WAR_WITH_MINOR, 0:DIPLO_STATE_WAR_WITH_MINOR, 0:DIPLO_STATE_WAR_WITH_MINOR, 0:DIPLO_STATE_NO_INFLUENCE, 0:DIPLO_STATE_WAR_WITH_MINOR, 2:DIPLO_STATE_INFLUENTIAL, 0:DIPLO_STATE_WAR_WITH_MINOR, 0:DIPLO_STATE_WAR_WITH_MINOR, 0:DIPLO_STATE_WAR_WITH_MINOR, 1:DIPLO_STATE_INFLUENTIAL,,,,,,,,,,,,,,,,,,,,,,,,,,,,,,,,,,,,,,,,, 0:DIPLO_STATE_FREE_CITIES_NEUTRAL, 0:
59, 7, Threat and Trust,, 60.16:1:3.00, 60.16:1:4.00, 60.16:1:4.00, 60.16:1:7.00, 60.16:1:9.00, 10.16:7:-10.00, 10.16:7:-5.00,, 58.20:6:-5.00, 10.16:7:2.00, 0.00:11:0.00, 0.00:11:0.00, 0.00:11:0.00, 0.00:11:0.00, 0.00:11:0.00, 0.00:11:0.00, 0.00:11:0.00, 0.00:11:0.00, 0.00:11:0.00, 0.00:11:0.00, 0.00:11:0.00, 0.00:11:0.00,,,,,,,,,,,,,,,,,,,,,,,,,,,,,,,,,,,,,,,,, 0.00:11:0.00, 0.00:11:0.00
59, 8, ,, -68:DIPLO_STATE_WAR, -96:DIPLO_STATE_WAR, -68:DIPLO_STATE_WAR, -80:DIPLO_STATE_WAR, -82:DIPLO_STATE_WAR, 8:DIPLO_STATE_ALLIED, 14:DIPLO_STATE_ALLIED, 6:DIPLO_STATE_ALLIED,, 21:DIPLO_STATE_ALLIED, 3:DIPLO_STATE_INFLUENTIAL, 0:DIPLO_STATE_WAR_WITH_MINOR, 0:DIPLO_STATE_WAR_WITH_MINOR, 0:DIPLO_STATE_WAR_WITH_MINOR, 0:DIPLO_STATE_WAR_WITH_MINOR, 0:DIPLO_STATE_NO_INFLUENCE, 0:DIPLO_STATE_WAR_WITH_MINOR, 3:DIPLO_STATE_INFLUENTIAL, 0:DIPLO_STATE_WAR_WITH_MINOR, 0:DIPLO_STATE_WAR_WITH_MINOR, 0:DIPLO_STATE_WAR_WITH_MINOR, 2:DIPLO_STATE_INFLUENTIAL,,,,,,,,,,,,,,,,,,,,,,,,,,,,,,,,,,,,,,,,, 0:DIPLO_STATE_FREE_CITIES_NEUTRAL, 0:
59, 8, Threat and Trust,, 60.16:1:-3.00, 60.16:1:1.00, 60.16:1:2.00, 60.16:1:2.00, 60.16:1:6.00, 10.16:6:-10.00, 10.16:6:-5.00, 10.16:6:1.00,, 10.16:6:2.00, 0.00:11:0.00, 0.00:11:0.00, 0.00:11:0.00, 0.00:11:0.00, 0.00:11:0.00, 0.00:11:0.00, 0.00:11:0.00, 0.00:11:0.00, 0.00:11:0.00, 0.00:11:0.00, 0.00:11:0.00, 0.00:11:0.00,,,,,,,,,,,,,,,,,,,,,,,,,,,,,,,,,,,,,,,,, 0.00:11:0.00, 0.00:11:0.00
59, 9, ,, -49:DIPLO_STATE_WAR, -79:DIPLO_STATE_WAR, -61:DIPLO_STATE_WAR, -64:DIPLO_STATE_WAR, -52:DIPLO_STATE_WAR, -7:DIPLO_STATE_ALLIED, 9:DIPLO_STATE_ALLIED, 1:DIPLO_STATE_ALLIED, 15:DIPLO_STATE_ALLIED,, 1:DIPLO_STATE_INFLUENTIAL, 0:DIPLO_STATE_WAR_WITH_MINOR, 0:DIPLO_STATE_WAR_WITH_MINOR, 0:DIPLO_STATE_WAR_WITH_MINOR, 0:DIPLO_STATE_WAR_WITH_MINOR, 0:DIPLO_STATE_NO_INFLUENCE, 0:DIPLO_STATE_WAR_WITH_MINOR, 7:DIPLO_STATE_MAX_INFLUENCE, 0:DIPLO_STATE_WAR_WITH_MINOR, 0:DIPLO_STATE_WAR_WITH_MINOR, 0:DIPLO_STATE_WAR_WITH_MINOR, 0:DIPLO_STATE_NO_INFLUENCE,,,,,,,,,,,,,,,,,,,,,,,,,,,,,,,,,,,,,,,,, 0:DIPLO_STATE_FREE_CITIES_NEUTRAL, 0:
59, 9, Threat and Trust,, 60.16:2:5.00, 60.16:2:5.00, 60.16:2:5.00, 60.16:2:6.00, 60.16:2:5.00, 18.95:8:-10.00, 10.16:9:-5.00, 20.45:7:1.00, 76.95:1:-5.00,, 0.00:11:0.00, 0.00:11:0.00, 0.00:11:0.00, 0.00:11:0.00, 0.00:11:0.00, 0.00:11:0.00, 0.00:11:0.00, 0.00:11:0.00, 0.00:11:0.00, 0.00:11:0.00, 0.00:11:0.00, 0.00:11:0.00,,,,,,,,,,,,,,,,,,,,,,,,,,,,,,,,,,,,,,,,, 0.00:11:0.00, 0.00:11:0.00
59, 10, ,, 2:DIPLO_STATE_WAR_WITH_MAJOR, 3:DIPLO_STATE_WAR_WITH_MAJOR, 3:DIPLO_STATE_WAR_WITH_MAJOR, 2:DIPLO_STATE_WAR_WITH_MAJOR, 3:DIPLO_STATE_WAR_WITH_MAJOR, 6:DIPLO_STATE_PATRON, 4:DIPLO_STATE_PATRON, 8:DIPLO_STATE_PATRON, 3:DIPLO_STATE_PATRON, 2:DIPLO_STATE_PATRON,,, 0:DIPLO_STATE_MINOR_MINOR_WAR, 0:DIPLO_STATE_MINOR_MINOR_WAR, 0:DIPLO_STATE_MINOR_MINOR_WAR, 0:DIPLO_STATE_MINOR_MINOR,, 0:DIPLO_STATE_MINOR_MINOR, 0:DIPLO_STATE_MINOR_MINOR_WAR,, 0:DIPLO_STATE_MINOR_MINOR_WAR, 0:DIPLO_STATE_MINOR_MINOR,,,,,,,,,,,,,,,,,,,,,,,,,,,,,,,,,,,,,,,,,, 0:
59, 10, Threat and Trust,, 60.16:6:0.00, 60.16:6:0.00, 74.11:2:0.00, 60.16:6:0.00, 66.95:3:0.00, 64.00:5:0.00, 53.61:10:0.00, 65.50:4:0.00, 122.00:1:0.00, 55.20:9:0.00,,, 0.00:11:0.00, 0.00:11:0.00, 0.00:11:0.00, 0.00:11:0.00,, 0.00:11:0.00, 0.00:11:0.00,, 0.00:11:0.00, 0.00:11:0.00,,,,,,,,,,,,,,,,,,,,,,,,,,,,,,,,,,,,,,,,,, 0.00:11:0.00
59, 12, ,, 1:DIPLO_STATE_PATRON, 3:DIPLO_STATE_PATRON, 1:DIPLO_STATE_PATRON, 1:DIPLO_STATE_PATRON, 6:DIPLO_STATE_PATRON, 0:DIPLO_STATE_WAR_WITH_MAJOR, 0:DIPLO_STATE_WAR_WITH_MAJOR, 0:DIPLO_STATE_WAR_WITH_MAJOR, 0:DIPLO_STATE_WAR_WITH_MAJOR, 0:DIPLO_STATE_WAR_WITH_MAJOR, 0:DIPLO_STATE_MINOR_MINOR_WAR,,,,,,, 0:DIPLO_STATE_MINOR_MINOR_WAR,,,, 0:DIPLO_STATE_MINOR_MINOR,,,,,,,,,,,,,,,,,,,,,,,,,,,,,,,,,,,,,,,,,, 0:
59, 12, Threat and Trust,, 60.16:7:0.00, 60.16:7:0.00, 80.61:2:0.00, 60.16:7:0.00, 73.45:3:0.00, 70.50:5:0.00, 60.11:10:0.00, 72.00:4:0.00, 128.50:1:0.00, 61.70:6:0.00, 0.00:11:0.00,,,,,,, 0.00:11:0.00,,,, 0.00:11:0.00,,,,,,,,,,,,,,,,,,,,,,,,,,,,,,,,,,,,,,,,,, 0.00:11:0.00
59, 13, ,, 0:DIPLO_STATE_AWARE, 4:DIPLO_STATE_PATRON, 0:DIPLO_STATE_AWARE, 3:DIPLO_STATE_PATRON, 0:DIPLO_STATE_AWARE, 0:DIPLO_STATE_WAR_WITH_MAJOR, 0:DIPLO_STATE_WAR_WITH_MAJOR, 0:DIPLO_STATE_WAR_WITH_MAJOR, 0:DIPLO_STATE_WAR_WITH_MAJOR, 0:DIPLO_STATE_WAR_WITH_MAJOR, 0:DIPLO_STATE_MINOR_MINOR_WAR,,,, 0:DIPLO_STATE_MINOR_MINOR,, 0:DIPLO_STATE_MINOR_MINOR, 0:DIPLO_STATE_MINOR_MINOR_WAR,,,,,,,,,,,,,,,,,,,,,,,,,,,,,,,,,,,,,,,,,,,,,, 0:
59, 13, Threat and Trust,, 60.16:6:0.00, 60.16:6:0.00, 78.45:2:0.00, 60.16:6:0.00, 71.30:3:0.00, 68.36:5:0.00, 57.95:10:0.00, 69.86:4:0.00, 126.36:1:0.00, 59.55:9:0.00, 0.00:11:0.00,,,, 0.00:11:0.00,, 0.00:11:0.00, 0.00:11:0.00,,,,,,,,,,,,,,,,,,,,,,,,,,,,,,,,,,,,,,,,,,,,,, 0.00:11:0.00
59, 14, ,, 2:DIPLO_STATE_PATRON, 0:DIPLO_STATE_AWARE, 1:DIPLO_STATE_PATRON, 0:DIPLO_STATE_AWARE, 6:DIPLO_STATE_PATRON, 0:DIPLO_STATE_WAR_WITH_MAJOR, 0:DIPLO_STATE_WAR_WITH_MAJOR, 0:DIPLO_STATE_WAR_WITH_MAJOR, 0:DIPLO_STATE_WAR_WITH_MAJOR, 0:DIPLO_STATE_WAR_WITH_MAJOR, 0:DIPLO_STATE_MINOR_MINOR_WAR, 0:DIPLO_STATE_MINOR_MINOR,, 0:DIPLO_STATE_MINOR_MINOR,, 0:DIPLO_STATE_MINOR_MINOR, 0:DIPLO_STATE_MINOR_MINOR, 0:DIPLO_STATE_MINOR_MINOR_WAR,, 0:DIPLO_STATE_MINOR_MINOR, 0:DIPLO_STATE_MINOR_MINOR, 0:DIPLO_STATE_MINOR_MINOR,,,,,,,,,,,,,,,,,,,,,,,,,,,,,,,,,,,,,,,,,, 0:
59, 14, Threat and Trust,, 70.16:6:0.00, 67.50:8:0.00, 87.45:2:0.00, 60.16:10:0.00, 80.30:3:0.00, 77.36:5:0.00, 66.95:9:0.00, 78.86:4:0.00, 135.36:1:0.00, 68.55:7:0.00, 0.00:11:0.00, 0.00:11:0.00,, 0.00:11:0.00,, 0.00:11:0.00, 0.00:11:0.00, 0.00:11:0.00,, 0.00:11:0.00, 0.00:11:0.00, 0.00:11:0.00,,,,,,,,,,,,,,,,,,,,,,,,,,,,,,,,,,,,,,,,,, 0.00:11:0.00
59, 15, ,, 0:DIPLO_STATE_AWARE, 1:DIPLO_STATE_PATRON, 3:DIPLO_STATE_PATRON, 3:DIPLO_STATE_PATRON, 2:DIPLO_STATE_PATRON, 0:DIPLO_STATE_AWARE, 0:DIPLO_STATE_AWARE, 0:DIPLO_STATE_AWARE, 0:DIPLO_STATE_AWARE, 0:DIPLO_STATE_AWARE, 0:DIPLO_STATE_MINOR_MINOR,,,, 0:DIPLO_STATE_MINOR_MINOR,, 0:DIPLO_STATE_MINOR_MINOR, 0:DIPLO_STATE_MINOR_MINOR,,, 0:DIPLO_STATE_MINOR_MINOR,,,,,,,,,,,,,,,,,,,,,,,,,,,,,,,,,,,,,,,,,,, 0:
59, 15, Threat and Trust,, 60.16:6:0.00, 60.16:6:0.00, 75.80:2:0.00, 60.16:6:0.00, 68.66:3:0.00, 65.70:5:0.00, 55.30:10:0.00, 67.20:4:0.00, 123.70:1:0.00, 56.91:9:0.00, 0.00:11:0.00,,,, 0.00:11:0.00,, 0.00:11:0.00, 0.00:11:0.00,,, 0.00:11:0.00,,,,,,,,,,,,,,,,,,,,,,,,,,,,,,,,,,,,,,,,,,, 0.00:11:0.00
59, 17, ,, 0:DIPLO_STATE_WAR_WITH_MAJOR, 3:DIPLO_STATE_WAR_WITH_MAJOR, 3:DIPLO_STATE_WAR_WITH_MAJOR, 4:DIPLO_STATE_WAR_WITH_MAJOR, 1:DIPLO_STATE_WAR_WITH_MAJOR, 1:DIPLO_STATE_PATRON, 6:DIPLO_STATE_PATRON, 2:DIPLO_STATE_PATRON, 5:DIPLO_STATE_PATRON, 5:DIPLO_STATE_PATRON, 0:DIPLO_STATE_MINOR_MINOR,, 0:DIPLO_STATE_MINOR_MINOR_WAR, 0:DIPLO_STATE_MINOR_MINOR_WAR, 0:DIPLO_STATE_MINOR_MINOR_WAR, 0:DIPLO_STATE_MINOR_MINOR, 0:DIPLO_STATE_MINOR_MINOR_WAR,, 0:DIPLO_STATE_MINOR_MINOR_WAR,, 0:DIPLO_STATE_MINOR_MINOR_WAR, 0:DIPLO_STATE_MINOR_MINOR,,,,,,,,,,,,,,,,,,,,,,,,,,,,,,,,,,,,,,,,,, 0:
59, 17, Threat and Trust,, 60.16:5:0.00, 60.16:5:0.00, 71.30:2:0.00, 60.16:5:0.00, 60.16:5:0.00, 61.20:4:0.00, 50.80:10:0.00, 62.70:3:0.00, 119.20:1:0.00, 52.41:9:0.00, 0.00:11:0.00,, 0.00:11:0.00, 0.00:11:0.00, 0.00:11:0.00, 0.00:11:0.00, 0.00:11:0.00,, 0.00:11:0.00,, 0.00:11:0.00, 0.00:11:0.00,,,,,,,,,,,,,,,,,,,,,,,,,,,,,,,,,,,,,,,,,, 0.00:11:0.00
59, 18, ,, 3:DIPLO_STATE_PATRON, 0:DIPLO_STATE_AWARE, 0:DIPLO_STATE_AWARE, 0:DIPLO_STATE_AWARE, 0:DIPLO_STATE_AWARE, 0:DIPLO_STATE_WAR_WITH_MAJOR, 0:DIPLO_STATE_WAR_WITH_MAJOR, 0:DIPLO_STATE_WAR_WITH_MAJOR, 0:DIPLO_STATE_WAR_WITH_MAJOR, 0:DIPLO_STATE_WAR_WITH_MAJOR, 0:DIPLO_STATE_MINOR_MINOR_WAR,,,,,, 0:DIPLO_STATE_MINOR_MINOR, 0:DIPLO_STATE_MINOR_MINOR_WAR,,,,,,,,,,,,,,,,,,,,,,,,,,,,,,,,,,,,,,,,,,,,,, 0:
59, 18, Threat and Trust,, 122.05:2:0.00, 68.61:8:0.00, 88.55:3:0.00, 60.16:10:0.00, 81.41:4:0.00, 78.45:6:0.00, 68.05:9:0.00, 79.95:5:0.00, 136.45:1:0.00, 69.66:7:0.00, 0.00:11:0.00,,,,,, 0.00:11:0.00, 0.00:11:0.00,,,,,,,,,,,,,,,,,,,,,,,,,,,,,,,,,,,,,,,,,,,,,, 0.00:11:0.00
59, 20, ,, 3:DIPLO_STATE_PATRON, 2:DIPLO_STATE_PATRON, 0:DIPLO_STATE_AWARE, 2:DIPLO_STATE_PATRON, 5:DIPLO_STATE_PATRON, 0:DIPLO_STATE_WAR_WITH_MAJOR, 3:DIPLO_STATE_WAR_WITH_MAJOR, 0:DIPLO_STATE_WAR_WITH_MAJOR, 0:DIPLO_STATE_WAR_WITH_MAJOR, 0:DIPLO_STATE_WAR_WITH_MAJOR, 0:DIPLO_STATE_MINOR_MINOR_WAR, 0:DIPLO_STATE_MINOR_MINOR,,, 0:DIPLO_STATE_MINOR_MINOR, 0:DIPLO_STATE_MINOR_MINOR, 0:DIPLO_STATE_MINOR_MINOR, 0:DIPLO_STATE_MINOR_MINOR_WAR,,,,,,,,,,,,,,,,,,,,,,,,,,,,,,,,,,,,,,,,,,,,,, 0:
59, 20, Threat and Trust,, 60.16:6:0.00, 60.16:6:0.00, 72.45:2:0.00, 60.16:6:0.00, 65.30:3:0.00, 62.36:5:0.00, 51.95:10:0.00, 63.86:4:0.00, 120.36:1:0.00, 53.55:9:0.00, 0.00:11:0.00, 0.00:11:0.00,,, 0.00:11:0.00, 0.00:11:0.00, 0.00:11:0.00, 0.00:11:0.00,,,,,,,,,,,,,,,,,,,,,,,,,,,,,,,,,,,,,,,,,,,,,, 0.00:11:0.00
59, 21, ,, 4:DIPLO_STATE_PATRON, 4:DIPLO_STATE_PATRON, 0:DIPLO_STATE_AWARE, 0:DIPLO_STATE_AWARE, 3:DIPLO_STATE_PATRON, 1:DIPLO_STATE_PATRON, 0:DIPLO_STATE_AWARE, 1:DIPLO_STATE_PATRON, 2:DIPLO_STATE_PATRON, 0:DIPLO_STATE_AWARE, 0:DIPLO_STATE_MINOR_MINOR,, 0:DIPLO_STATE_MINOR_MINOR,, 0:DIPLO_STATE_MINOR_MINOR,, 0:DIPLO_STATE_MINOR_MINOR, 0:DIPLO_STATE_MINOR_MINOR,,,,,,,,,,,,,,,,,,,,,,,,,,,,,,,,,,,,,,,,,,,,,, 0:
59, 21, Threat and Trust,, 60.16:3:0.00, 60.16:3:0.00, 68.66:2:0.00, 60.16:3:0.00, 60.16:3:0.00, 58.55:8:0.00, 48.16:10:0.00, 60.05:7:0.00, 116.55:1:0.00, 49.75:9:0.00, 0.00:11:0.00,, 0.00:11:0.00,, 0.00:11:0.00,, 0.00:11:0.00, 0.00:11:0.00,,,,,,,,,,,,,,,,,,,,,,,,,,,,,,,,,,,,,,,,,,,,,, 0.00:11:0.00
59, 62, ,, 0:DIPLO_STATE_FREE_CITIES_NEUTRAL, 0:DIPLO_STATE_FREE_CITIES_NEUTRAL, 0:DIPLO_STATE_FREE_CITIES_NEUTRAL, 0:DIPLO_STATE_FREE_CITIES_NEUTRAL, 0:DIPLO_STATE_FREE_CITIES_NEUTRAL, 0:DIPLO_STATE_FREE_CITIES_NEUTRAL, 0:DIPLO_STATE_FREE_CITIES_NEUTRAL, 0:DIPLO_STATE_FREE_CITIES_NEUTRAL, 0:DIPLO_STATE_FREE_CITIES_NEUTRAL, 0:DIPLO_STATE_FREE_CITIES_NEUTRAL,,,,,,,,,,,,,,,,,,,,,,,,,,,,,,,,,,,,,,,,,,,,,,,,,,,,,,
59, 62, Threat and Trust,, 71.55:6:0.00, 68.91:8:0.00, 88.86:2:0.00, 65.41:10:0.00, 81.70:3:0.00, 78.75:5:0.00, 68.36:9:0.00, 80.25:4:0.00, 136.75:1:0.00, 69.95:7:0.00,,,,,,,,,,,,,,,,,,,,,,,,,,,,,,,,,,,,,,,,,,,,,,,,,,,,,,
59, 63, ,, 0:, 0:, 0:, 0:, 0:, 0:, 0:, 0:, 0:, 0:, 0:, 0:, 0:, 0:, 0:, 0:, 0:, 0:, 0:, 0:, 0:, 0:,,,,,,,,,,,,,,,,,,,,,,,,,,,,,,,,,,,,,,,,,,
59, 63, Threat and Trust,, 0.00:1:0.00, 0.00:1:0.00, 0.00:1:0.00, 0.00:1:0.00, 0.00:1:0.00, 0.00:1:0.00, 0.00:1:0.00, 0.00:1:0.00, 0.00:1:0.00, 0.00:1:0.00, 0.00:1:0.00, 0.00:1:0.00, 0.00:1:0.00, 0.00:1:0.00, 0.00:1:0.00, 0.00:1:0.00, 0.00:1:0.00, 0.00:1:0.00, 0.00:1:0.00, 0.00:1:0.00, 0.00:1:0.00, 0.00:1:0.00,,,,,,,,,,,,,,,,,,,,,,,,,,,,,,,,,,,,,,,,,,
59, 0, ,,, 12:DIPLO_STATE_ALLIED, 8:DIPLO_STATE_ALLIED, -10:DIPLO_STATE_ALLIED, 30:DIPLO_STATE_ALLIED, 2:DIPLO_STATE_WAR, 1:DIPLO_STATE_WAR, 1:DIPLO_STATE_WAR, -5:DIPLO_STATE_WAR, -5:DIPLO_STATE_WAR, 2:DIPLO_STATE_WAR_WITH_MINOR, 0:DIPLO_STATE_NO_INFLUENCE, 1:DIPLO_STATE_INFLUENTIAL, 0:DIPLO_STATE_NO_INFLUENCE, 2:DIPLO_STATE_INFLUENTIAL, 0:DIPLO_STATE_NO_INFLUENCE, 0:DIPLO_STATE_NO_INFLUENCE, 0:DIPLO_STATE_WAR_WITH_MINOR, 3:DIPLO_STATE_MAX_INFLUENCE, 0:DIPLO_STATE_NO_INFLUENCE, 3:DIPLO_STATE_INFLUENTIAL, 4:DIPLO_STATE_INFLUENTIAL,,,,,,,,,,,,,,,,,,,,,,,,,,,,,,,,,,,,,,,,, 0:DIPLO_STATE_FREE_CITIES_NEUTRAL, 0:
59, 0, Threat and Trust,,, 60.16:7:13.00, 131.60:1:11.00, 60.16:7:15.00, 70.66:4:19.00, 67.70:6:-10.00, 57.30:10:-5.00, 69.20:5:0.00, 125.70:2:-5.00, 58.91:9:2.00, 0.00:11:0.00, 0.00:11:0.00, 0.00:11:0.00, 0.00:11:0.00, 0.00:11:0.00, 0.00:11:0.00, 0.00:11:0.00, 0.00:11:0.00, 0.00:11:0.00, 0.00:11:0.00, 0.00:11:0.00, 0.00:11:0.00,,,,,,,,,,,,,,,,,,,,,,,,,,,,,,,,,,,,,,,,, 0.00:11:0.00, 0.00:11:0.00
59, 1, ,, 51:DIPLO_STATE_ALLIED,, 50:DIPLO_STATE_ALLIED, 47:DIPLO_STATE_ALLIED, 18:DIPLO_STATE_ALLIED, -10:DIPLO_STATE_WAR, -6:DIPLO_STATE_WAR, -12:DIPLO_STATE_WAR, -22:DIPLO_STATE_WAR, -12:DIPLO_STATE_WAR, 3:DIPLO_STATE_WAR_WITH_MINOR, 0:DIPLO_STATE_NO_INFLUENCE, 3:DIPLO_STATE_INFLUENTIAL, 4:DIPLO_STATE_MAX_INFLUENCE, 1:DIPLO_STATE_INFLUENTIAL, 1:DIPLO_STATE_INFLUENTIAL, 0:DIPLO_STATE_NO_INFLUENCE, 3:DIPLO_STATE_WAR_WITH_MINOR, 0:DIPLO_STATE_NO_INFLUENCE, 0:DIPLO_STATE_NO_INFLUENCE, 2:DIPLO_STATE_INFLUENTIAL, 4:DIPLO_STATE_INFLUENTIAL,,,,,,,,,,,,,,,,,,,,,,,,,,,,,,,,,,,,,,,,, 0:DIPLO_STATE_FREE_CITIES_NEUTRAL, 0:
59, 1, Threat and Trust,, 60.16:6:9.00,, 78.20:2:10.00, 60.16:6:13.00, 71.05:3:17.00, 68.11:5:-10.00, 57.70:10:-5.00, 69.61:4:0.00, 126.11:1:-5.00, 59.30:9:2.00, 0.00:11:0.00, 0.00:11:0.00, 0.00:11:0.00, 0.00:11:0.00, 0.00:11:0.00, 0.00:11:0.00, 0.00:11:0.00, 0.00:11:0.00, 0.00:11:0.00, 0.00:11:0.00, 0.00:11:0.00, 0.00:11:0.00,,,,,,,,,,,,,,,,,,,,,,,,,,,,,,,,,,,,,,,,, 0.00:11:0.00, 0.00:11:0.00
59, 2, ,, 38:DIPLO_STATE_ALLIED, 1:DIPLO_STATE_ALLIED,, 46:DIPLO_STATE_ALLIED, 45:DIPLO_STATE_ALLIED, -3:DIPLO_STATE_WAR, 6:DIPLO_STATE_WAR, 0:DIPLO_STATE_WAR, 19:DIPLO_STATE_WAR, 10:DIPLO_STATE_WAR, 3:DIPLO_STATE_WAR_WITH_MINOR, 0:DIPLO_STATE_NO_INFLUENCE, 1:DIPLO_STATE_INFLUENTIAL, 0:DIPLO_STATE_NO_INFLUENCE, 1:DIPLO_STATE_INFLUENTIAL, 3:DIPLO_STATE_INFLUENTIAL, 0:DIPLO_STATE_NO_INFLUENCE, 3:DIPLO_STATE_WAR_WITH_MINOR, 0:DIPLO_STATE_NO_INFLUENCE, 0:DIPLO_STATE_NO_INFLUENCE, 0:DIPLO_STATE_NO_INFLUENCE, 0:DIPLO_STATE_NO_INFLUENCE,,,,,,,,,,,,,,,,,,,,,,,,,,,,,,,,,,,,,,,,, 0:DIPLO_STATE_FREE_CITIES_NEUTRAL, 0:
59, 2, Threat and Trust,, 60.16:2:9.00, 60.16:2:11.00,, 60.16:2:14.00, 60.16:2:21.00, 48.41:8:-10.00, 38.00:10:-5.00, 49.91:7:0.00, 106.41:1:-5.00, 39.61:9:0.00, 0.00:11:0.00, 0.00:11:0.00, 0.00:11:0.00, 0.00:11:0.00, 0.00:11:0.00, 0.00:11:0.00, 0.00:11:0.00, 0.00:11:0.00, 0.00:11:0.00, 0.00:11:0.00, 0.00:11:0.00, 0.00:11:0.00,,,,,,,,,,,,,,,,,,,,,,,,,,,,,,,,,,,,,,,,, 0.00:11:0.00, 0.00:11:0.00
59, 3, ,, 16:DIPLO_STATE_ALLIED, 32:DIPLO_STATE_ALLIED, 45:DIPLO_STATE_ALLIED,, 21:DIPLO_STATE_ALLIED, -19:DIPLO_STATE_WAR, -11:DIPLO_STATE_WAR, -11:DIPLO_STATE_WAR, -6:DIPLO_STATE_WAR, -6:DIPLO_STATE_WAR, 2:DIPLO_STATE_WAR_WITH_MINOR, 0:DIPLO_STATE_NO_INFLUENCE, 1:DIPLO_STATE_INFLUENTIAL, 3:DIPLO_STATE_INFLUENTIAL, 0:DIPLO_STATE_NO_INFLUENCE, 3:DIPLO_STATE_INFLUENTIAL, 0:DIPLO_STATE_NO_INFLUENCE, 4:DIPLO_STATE_WAR_WITH_MINOR, 0:DIPLO_STATE_NO_INFLUENCE, 0:DIPLO_STATE_NO_INFLUENCE, 2:DIPLO_STATE_INFLUENTIAL, 0:DIPLO_STATE_NO_INFLUENCE,,,,,,,,,,,,,,,,,,,,,,,,,,,,,,,,,,,,,,,,, 0:DIPLO_STATE_FREE_CITIES_NEUTRAL, 0:
59, 3, Threat and Trust,, 65.36:6:13.00, 60.16:9:13.00, 84.66:2:13.00,, 75.86:3:22.00, 72.91:5:-10.00, 62.50:8:-5.00, 74.41:4:0.00, 130.91:1:-5.00, 64.11:7:0.00, 0.00:11:0.00, 0.00:11:0.00, 0.00:11:0.00, 0.00:11:0.00, 0.00:11:0.00, 0.00:11:0.00, 0.00:11:0.00, 0.00:11:0.00, 0.00:11:0.00, 0.00:11:0.00, 0.00:11:0.00, 0.00:11:0.00,,,,,,,,,,,,,,,,,,,,,,,,,,,,,,,,,,,,,,,,, 0.00:11:0.00, 0.00:11:0.00
