Game Turn, Player, City, UNITOPERATION_SPY_LISTENING_POST, UNITOPERATION_SPY_GAIN_SOURCES, UNITOPERATION_SPY_STEAL_TECH_BOOST, UNITOPERATION_SPY_GREAT_WORK_HEIST, UNITOPERATION_SPY_SABOTAGE_PRODUCTION, UNITOPERATION_SPY_SIPHON_FUNDS, UNITOPERATION_SPY_REC
40, 5, LOC_CITY_NAME_PELLA, -9999.00, -9999.00, -9999.00, -9999.00, -9999.00, -9999.00, -9999.00, -9999.00, -9999.00, -9999.00, -9999.00
40, 5, LOC_CITY_NAME_ROME, 1.00, -9999.00, 1273.23, -9999.00, -9999.00, -9999.00, -9999.00, -9999.00, -9999.00, -9999.00, -9999.00
40, 5, LOC_CITY_HA_NOI, 1.00, -9999.00, 292.71, -9999.00, -9999.00, -9999.00, -9999.00, -9999.00, -9999.00, -9999.00, -9999.00
40, 5, LOC_CITY_NAME_AACHEN, 1.00, -9999.00, 292.71, 125.00, -9999.00, -9999.00, -9999.00, -9999.00, -9999.00, -9999.00, -9999.00
40, 5, LOC_CITY_NAME_RIO_DE_JANEIRO, 3.00, -9999.00, -9999.00, -9999.00, -9999.00, 147.24, -9999.00, -9999.00, -9999.00, -9999.00, -9999.00
40, 5, LOC_CITY_HUE, 1.00, -9999.00, -9999.00, -9999.00, -9999.00, -9999.00, -9999.00, -9999.00, -9999.00, -9999.00, -9999.00
40, 5, LOC_CITY_NAME_ALEXANDRIA_TROAS, -9999.00, -9999.00, -9999.00, -9999.00, -9999.00, -9999.00, -9999.00, -9999.00, -9999.00, -9999.00, -9999.00
40, 5, LOC_CITY_NAME_SAO_PAULO, 3.00, -9999.00, 118.95, -9999.00, -9999.00, -9999.00, -9999.00, -9999.00, -9999.00, -9999.00, -9999.00
40, 5, LOC_CITY_NAME_ARRETIUM, 1.00, -9999.00, 1273.23, -9999.00, -9999.00, -9999.00, -9999.00, -9999.00, -9999.00, -9999.00, -9999.00
40, 5, LOC_CITY_QUANG_TRI, 1.00, -9999.00, 292.71, -9999.00, 0.00, -9999.00, -9999.00, -9999.00, -9999.00, -9999.00, -9999.00
40, 5, LOC_CITY_NAME_MAGDEBURG, 1.00, -9999.00, 292.71, -9999.00, -9999.00, -9999.00, -9999.00, -9999.00, -9999.00, -9999.00, -9999.00
40, 5, LOC_CITY_NAME_ARPINUM, 1.00, -9999.00, 1273.23, -9999.00, -9999.00, -9999.00, -9999.00, -9999.00, -9999.00, -9999.00, -9999.00
40, 5, LOC_CITY_NAME_VILNIUS, -9999.00, -9999.00, -9999.00, -9999.00, -9999.00, -9999.00, -9999.00, -9999.00, 0.00, -9999.00, -9999.00
40, 5, LOC_CITY_NAME_CHALKIDIKI, -9999.00, -9999.00, -9999.00, -9999.00, -9999.00, -9999.00, -9999.00, -9999.00, -9999.00, -9999.00, -9999.00
40, 5, LOC_CITY_NAME_FORTALEZA, 3.00, -9999.00, -9999.00, -9999.00, -9999.00, -9999.00, -9999.00, -9999.00, -9999.00, -9999.00, -9999.00
40, 5, LOC_CITY_NAME_COLOGNE, 1.00, -9999.00, -9999.00, 125.00, -9999.00, -9999.00, -9999.00, -9999.00, -9999.00, -9999.00, -9999.00
40, 5, LOC_CITY_NAME_KERMA, 0.00, -9999.00, 1273.23, -9999.00, -9999.00, -9999.00, -9999.00, -9999.00, -9999.00, -9999.00, 2139.99
40, 5, LOC_CITY_HOI_AN, 1.00, -9999.00, -9999.00, -9999.00, -9999.00, -9999.00, -9999.00, -9999.00, -9999.00, -9999.00, -9999.00
40, 5, LOC_CITY_NAME_LUGDUNUM, 1.00, -9999.00, -9999.00, -9999.00, -9999.00, -9999.00, -9999.00, -9999.00, -9999.00, -9999.00, -9999.00
40, 5, LOC_CITY_NAME_BABYLON_STK, 0.00, -9999.00, 292.71, -9999.00, -9999.00, -9999.00, -9999.00, -9999.00, -9999.00, -9999.00, 2092.49
40, 5, LOC_CITY_NAME_PATNA, 0.00, -9999.00, -9999.00, 125.00, -9999.00, -9999.00, -9999.00, -9999.00, -9999.00, -9999.00, 1888.04
40, 5, LOC_CITY_NAME_ALEXANDRIA_LATMUS, -9999.00, -9999.00, -9999.00, -9999.00, -9999.00, -9999.00, -9999.00, -9999.00, -9999.00, -9999.00, -9999.00
40, 5, LOC_CITY_NAME_CURITIBA, 3.00, -9999.00, -9999.00, -9999.00, -9999.00, -9999.00, -9999.00, -9999.00, -9999.00, -9999.00, -9999.00
40, 5, LOC_CITY_NAME_LISBON, -9999.00, -9999.00, -9999.00, -9999.00, -9999.00, -9999.00, -9999.00, -9999.00, 0.00, -9999.00, -9999.00
40, 5, LOC_CITY_NAME_SWENETT, 0.00, -9999.00, 1273.23, -9999.00, -9999.00, 145.89, -9999.00, -9999.00, -9999.00, -9999.00, 1436.33
40, 5, LOC_CITY_NAME_BORSIPPA, 0.00, -9999.00, 292.71, -9999.00, -9999.00, 114.83, -9999.00, -9999.00, -9999.00, -9999.00, 574.61
40, 5, LOC_CITY_NAME_KARKAR, 0.00, -9999.00, 292.71, -9999.00, -9999.00, 114.83, -9999.00, -9999.00, -9999.00, -9999.00, 713.20
40, 5, LOC_CITY_NAME_CUMAE, 1.00, -9999.00, -9999.00, -9999.00, -9999.00, -9999.00, -9999.00, -9999.00, -9999.00, -9999.00, -9999.00
40, 5, LOC_CITY_NAME_MEROE, 0.00, -9999.00, 1273.23, -9999.00, -9999.00, -9999.00, -9999.00, -9999.00, -9999.00, -9999.00, 2154.06
40, 5, LOC_CITY_NAME_KUMASI, -9999.00, -9999.00, -9999.00, -9999.00, -9999.00, -9999.00, -9999.00, -9999.00, 0.00, -9999.00, -9999.00
40, 5, LOC_CITY_NAME_MEMPHIS, 0.00, -9999.00, 1273.23, -9999.00, -9999.00, 100.47, -9999.00, -9999.00, -9999.00, -9999.00, 1567.10
40, 5, LOC_CITY_NAME_JOHANNESBURG, -9999.00, -9999.00, -9999.00, -9999.00, -9999.00, -9999.00, -9999.00, -9999.00, 0.00, -9999.00, -9999.00
40, 5, LOC_CITY_HOA_LU, 1.00, -9999.00, -9999.00, -9999.00, -9999.00, -9999.00, -9999.00, -9999.00, -9999.00, -9999.00, -9999.00
40, 5, LOC_CITY_NAME_DORTMUND, 1.00, -9999.00, -9999.00, -9999.00, -9999.00, -9999.00, -9999.00, -9999.00, -9999.00, -9999.00, -9999.00
40, 5, LOC_CITY_NAME_FEZ, -9999.00, -9999.00, -9999.00, -9999.00, -9999.00, -9999.00, -9999.00, -9999.00, -9999.00, -9999.00, -9999.00
40, 5, LOC_CITY_NAME_KAWA, 0.00, -9999.00, -9999.00, -9999.00, -9999.00, -9999.00, -9999.00, -9999.00, -9999.00, -9999.00, 1140.74
40, 5, LOC_CITY_NAME_EL_KURRU, 0.00, -9999.00, 1273.23, -9999.00, -9999.00, 93.29, -9999.00, -9999.00, -9999.00, -9999.00, -9999.00
40, 5, LOC_CITY_NAME_VATICAN_CITY, -9999.00, -9999.00, -9999.00, -9999.00, -9999.00, -9999.00, -9999.00, -9999.00, 0.00, -9999.00, -9999.00
40, 5, LOC_CITY_NAME_JERUSALEM, 3.00, -9999.00, -9999.00, -9999.00, -9999.00, -9999.00, -9999.00, -9999.00, -9999.00, -9999.00, -9999.00
40, 5, LOC_CITY_NAME_SALVADOR, 3.00, -9999.00, -9999.00, -9999.00, -9999.00, -9999.00, -9999.00, -9999.00, -9999.00, -9999.00, -9999.00
40, 5, LOC_CITY_NAME_PRESLAV, -9999.00, -9999.00, -9999.00, -9999.00, -9999.00, -9999.00, -9999.00, -9999.00, 0.00, -9999.00, -9999.00
40, 5, LOC_CITY_NAME_HEIDELBERG, 1.00, -9999.00, -9999.00, -9999.00, -9999.00, -9999.00, -9999.00, -9999.00, -9999.00, -9999.00, -9999.00
40, 5, LOC_CITY_NAME_AKHETATEN, 0.00, -9999.00, -9999.00, -9999.00, -9999.00, -9999.00, -9999.00, -9999.00, -9999.00, -9999.00, -9999.00
40, 5, LOC_CITY_NAME_METHONE, -9999.00, -9999.00, -9999.00, -9999.00, -9999.00, -9999.00, -9999.00, -9999.00, -9999.00, -9999.00, -9999.00
40, 5, LOC_CITY_NAME_BUENOS_AIRES, -9999.00, -9999.00, -9999.00, -9999.00, -9999.00, -9999.00, -9999.00, -9999.00, -9999.00, -9999.00, -9999.00
40, 5, LOC_CITY_NAME_BABYLON, -9999.00, -9999.00, -9999.00, -9999.00, -9999.00, -9999.00, -9999.00, -9999.00, 0.00, -9999.00, -9999.00
40, 6, LOC_CITY_NAME_PELLA, 1.00, -9999.00, -9999.00, -9999.00, 0.00, 158.38, -9999.00, -9999.00, -9999.00, -9999.00, -9999.00
40, 6, LOC_CITY_NAME_RIO_DE_JANEIRO, -9999.00, -9999.00, -9999.00, -9999.00, -9999.00, -9999.00, -9999.00, -9999.00, -9999.00, -9999.00, -9999.00
40, 6, LOC_CITY_NAME_ROME, 1.00, -9999.00, 0.00, -9999.00, -9999.00, -9999.00, -9999.00, -9999.00, -9999.00, -9999.00, -9999.00
40, 6, LOC_CITY_HA_NOI, 1.00, -9999.00, 292.71, -9999.00, -9999.00, -9999.00, -9999.00, -9999.00, -9999.00, -9999.00, -9999.00
40, 6, LOC_CITY_NAME_AACHEN, 1.00, -9999.00, 292.71, 250.00, -9999.00, -9999.00, -9999.00, -9999.00, -9999.00, -9999.00, -9999.00
40, 6, LOC_CITY_HUE, 1.00, -9999.00, -9999.00, -9999.00, -9999.00, -9999.00, -9999.00, -9999.00, -9999.00, -9999.00, -9999.00
40, 6, LOC_CITY_NAME_ALEXANDRIA_TROAS, 1.00, -9999.00, 0.00, -9999.00, -9999.00, -9999.00, -9999.00, -9999.00, -9999.00, -9999.00, -9999.00
40, 6, LOC_CITY_NAME_SAO_PAULO, -9999.00, -9999.00, -9999.00, -9999.00, -9999.00, -9999.00, -9999.00, -9999.00, -9999.00, -9999.00, -9999.00
40, 6, LOC_CITY_NAME_ARRETIUM, 1.00, -9999.00, 0.00, -9999.00, -9999.00, -9999.00, -9999.00, -9999.00, -9999.00, -9999.00, -9999.00
40, 6, LOC_CITY_QUANG_TRI, 1.00, -9999.00, 292.71, -9999.00, 0.00, -9999.00, -9999.00, -9999.00, -9999.00, -9999.00, -9999.00
40, 6, LOC_CITY_NAME_MAGDEBURG, 1.00, -9999.00, 292.71, -9999.00, -9999.00, -9999.00, -9999.00, -9999.00, -9999.00, -9999.00, -9999.00
40, 6, LOC_CITY_NAME_ARPINUM, 1.00, -9999.00, 0.00, -9999.00, -9999.00, -9999.00, -9999.00, -9999.00, -9999.00, -9999.00, -9999.00
40, 6, LOC_CITY_NAME_VILNIUS, -9999.00, -9999.00, -9999.00, -9999.00, -9999.00, -9999.00, -9999.00, -9999.00, 0.00, -9999.00, -9999.00
40, 6, LOC_CITY_NAME_CHALKIDIKI, 1.00, -9999.00, 0.00, -9999.00, -9999.00, -9999.00, -9999.00, -9999.00, -9999.00, -9999.00, -9999.00
40, 6, LOC_CITY_NAME_FORTALEZA, -9999.00, -9999.00, -9999.00, -9999.00, -9999.00, -9999.00, -9999.00, -9999.00, -9999.00, -9999.00, -9999.00
40, 6, LOC_CITY_NAME_COLOGNE, 1.00, -9999.00, -9999.00, 250.00, -9999.00, -9999.00, -9999.00, -9999.00, -9999.00, -9999.00, -9999.00
40, 6, LOC_CITY_NAME_KERMA, 0.00, -9999.00, 0.00, -9999.00, -9999.00, -9999.00, -9999.00, -9999.00, -9999.00, -9999.00, 1907.62
40, 6, LOC_CITY_HOI_AN, 1.00, -9999.00, -9999.00, -9999.00, -9999.00, -9999.00, -9999.00, -9999.00, -9999.00, -9999.00, -9999.00
40, 6, LOC_CITY_NAME_LUGDUNUM, 1.00, -9999.00, -9999.00, -9999.00, -9999.00, -9999.00, -9999.00, -9999.00, -9999.00, -9999.00, -9999.00
40, 6, LOC_CITY_NAME_BABYLON_STK, 0.00, -9999.00, 292.71, -9999.00, -9999.00, -9999.00, -9999.00, -9999.00, -9999.00, -9999.00, 1659.27
40, 6, LOC_CITY_NAME_ALEXANDRIA_LATMUS, 1.00, -9999.00, 0.00, -9999.00, -9999.00, -9999.00, -9999.00, -9999.00, -9999.00, -9999.00, -9999.00
40, 6, LOC_CITY_NAME_PATNA, 0.00, -9999.00, -9999.00, 250.00, -9999.00, -9999.00, -9999.00, -9999.00, -9999.00, -9999.00, 1529.36
40, 6, LOC_CITY_NAME_CURITIBA, -9999.00, -9999.00, -9999.00, -9999.00, -9999.00, -9999.00, -9999.00, -9999.00, -9999.00, -9999.00, -9999.00
40, 6, LOC_CITY_NAME_LISBON, -9999.00, -9999.00, -9999.00, -9999.00, -9999.00, -9999.00, -9999.00, -9999.00, 0.00, -9999.00, -9999.00
40, 6, LOC_CITY_NAME_SWENETT, 0.00, -9999.00, -9999.00, -9999.00, -9999.00, 145.89, -9999.00, -9999.00, -9999.00, -9999.00, 1196.87
40, 6, LOC_CITY_NAME_BORSIPPA, 0.00, -9999.00, 292.71, -9999.00, -9999.00, 114.83, -9999.00, -9999.00, -9999.00, -9999.00, 375.63
40, 6, LOC_CITY_NAME_KARKAR, 0.00, -9999.00, 292.71, -9999.00, -9999.00, 114.83, -9999.00, -9999.00, -9999.00, -9999.00, 521.98
40, 6, LOC_CITY_NAME_CUMAE, 1.00, -9999.00, -9999.00, -9999.00, -9999.00, -9999.00, -9999.00, -9999.00, -9999.00, -9999.00, -9999.00
40, 6, LOC_CITY_NAME_MEROE, 0.00, -9999.00, 0.00, -9999.00, -9999.00, -9999.00, -9999.00, -9999.00, -9999.00, -9999.00, 1721.25
40, 6, LOC_CITY_NAME_KUMASI, -9999.00, -9999.00, -9999.00, -9999.00, -9999.00, -9999.00, -9999.00, -9999.00, 0.00, -9999.00, -9999.00
40, 6, LOC_CITY_NAME_MEMPHIS, 0.00, -9999.00, -9999.00, -9999.00, -9999.00, 100.47, -9999.00, -9999.00, -9999.00, -9999.00, 1338.13
40, 6, LOC_CITY_NAME_JOHANNESBURG, -9999.00, -9999.00, -9999.00, -9999.00, -9999.00, -9999.00, -9999.00, -9999.00, 0.00, -9999.00, -9999.00
40, 6, LOC_CITY_HOA_LU, 1.00, -9999.00, -9999.00, -9999.00, -9999.00, -9999.00, -9999.00, -9999.00, -9999.00, -9999.00, -9999.00
40, 6, LOC_CITY_NAME_DORTMUND, 1.00, -9999.00, -9999.00, -9999.00, -9999.00, -9999.00, -9999.00, -9999.00, -9999.00, -9999.00, -9999.00
40, 6, LOC_CITY_NAME_FEZ, 1.00, -9999.00, -9999.00, -9999.00, -9999.00, -9999.00, -9999.00, -9999.00, -9999.00, -9999.00, -9999.00
40, 6, LOC_CITY_NAME_KAWA, 0.00, -9999.00, -9999.00, -9999.00, -9999.00, -9999.00, -9999.00, -9999.00, -9999.00, -9999.00, 940.74
40, 6, LOC_CITY_NAME_JERUSALEM, -9999.00, -9999.00, -9999.00, -9999.00, -9999.00, -9999.00, -9999.00, -9999.00, -9999.00, -9999.00, -9999.00
40, 6, LOC_CITY_NAME_SALVADOR, -9999.00, -9999.00, -9999.00, -9999.00, -9999.00, -9999.00, -9999.00, -9999.00, -9999.00, -9999.00, -9999.00
40, 6, LOC_CITY_NAME_EL_KURRU, 0.00, -9999.00, 0.00, -9999.00, -9999.00, 93.29, -9999.00, -9999.00, -9999.00, -9999.00, -9999.00
40, 6, LOC_CITY_NAME_VATICAN_CITY, -9999.00, -9999.00, -9999.00, -9999.00, -9999.00, -9999.00, -9999.00, -9999.00, 0.00, -9999.00, -9999.00
40, 6, LOC_CITY_NAME_PRESLAV, -9999.00, -9999.00, -9999.00, -9999.00, -9999.00, -9999.00, -9999.00, -9999.00, 0.00, -9999.00, -9999.00
40, 6, LOC_CITY_NAME_HEIDELBERG, 1.00, -9999.00, -9999.00, -9999.00, -9999.00, -9999.00, -9999.00, -9999.00, -9999.00, -9999.00, -9999.00
40, 6, LOC_CITY_NAME_METHONE, 1.00, -9999.00, -9999.00, -9999.00, -9999.00, -9999.00, -9999.00, -9999.00, -9999.00, -9999.00, -9999.00
40, 6, LOC_CITY_NAME_AKHETATEN, 0.00, -9999.00, -9999.00, -9999.00, -9999.00, -9999.00, -9999.00, -9999.00, -9999.00, -9999.00, -9999.00
40, 6, LOC_CITY_NAME_BUENOS_AIRES, 1.00, -9999.00, -9999.00, -9999.00, -9999.00, -9999.00, -9999.00, -9999.00, -9999.00, -9999.00, -9999.00
40, 6, LOC_CITY_NAME_BABYLON, -9999.00, -9999.00, -9999.00, -9999.00, -9999.00, -9999.00, -9999.00, -9999.00, 0.00, -9999.00, -9999.00
40, 7, LOC_CITY_NAME_RIO_DE_JANEIRO, 4.00, -9999.00, -9999.00, -9999.00, -9999.00, 189.32, -9999.00, -9999.00, -9999.00, -9999.00, -9999.00
40, 7, LOC_CITY_NAME_PELLA, 3.00, -9999.00, -9999.00, -9999.00, 0.00, 158.38, -9999.00, -9999.00, -9999.00, -9999.00, -9999.00
40, 7, LOC_CITY_NAME_AACHEN, -9999.00, -9999.00, -9999.00, -9999.00, -9999.00, -9999.00, -9999.00, -9999.00, -9999.00, -9999.00, -9999.00
40, 7, LOC_CITY_NAME_ROME, 3.00, -9999.00, 0.00, -9999.00, -9999.00, -9999.00, -9999.00, -9999.00, -9999.00, -9999.00, -9999.00
40, 7, LOC_CITY_HA_NOI, 3.00, -9999.00, 0.00, -9999.00, -9999.00, -9999.00, -9999.00, -9999.00, -9999.00, -9999.00, -9999.00
40, 7, LOC_CITY_HUE, 3.00, -9999.00, -9999.00, -9999.00, -9999.00, -9999.00, -9999.00, -9999.00, -9999.00, -9999.00, -9999.00
40, 7, LOC_CITY_NAME_SAO_PAULO, 4.00, -9999.00, 524.86, -9999.00, -9999.00, -9999.00, -9999.00, -9999.00, -9999.00, -9999.00, -9999.00
40, 7, LOC_CITY_NAME_ALEXANDRIA_TROAS, 3.00, -9999.00, 0.00, -9999.00, -9999.00, -9999.00, -9999.00, -9999.00, -9999.00, -9999.00, -9999.00
40, 7, LOC_CITY_NAME_ARRETIUM, 3.00, -9999.00, 0.00, -9999.00, -9999.00, -9999.00, -9999.00, -9999.00, -9999.00, -9999.00, -9999.00
40, 7, LOC_CITY_NAME_MAGDEBURG, -9999.00, -9999.00, -9999.00, -9999.00, -9999.00, -9999.00, -9999.00, -9999.00, -9999.00, -9999.00, -9999.00
40, 7, LOC_CITY_QUANG_TRI, 3.00, -9999.00, 0.00, -9999.00, 0.00, -9999.00, -9999.00, -9999.00, -9999.00, -9999.00, -9999.00
40, 7, LOC_CITY_NAME_ARPINUM, 3.00, -9999.00, 0.00, -9999.00, -9999.00, -9999.00, -9999.00, -9999.00, -9999.00, -9999.00, -9999.00
40, 7, LOC_CITY_NAME_VILNIUS, -9999.00, -9999.00, -9999.00, -9999.00, -9999.00, -9999.00, -9999.00, -9999.00, 0.00, -9999.00, -9999.00
40, 7, LOC_CITY_NAME_FORTALEZA, 4.00, -9999.00, -9999.00, -9999.00, -9999.00, -9999.00, -9999.00, -9999.00, -9999.00, -9999.00, -9999.00
40, 7, LOC_CITY_NAME_CHALKIDIKI, 3.00, -9999.00, 0.00, -9999.00, -9999.00, -9999.00, -9999.00, -9999.00, -9999.00, -9999.00, -9999.00
40, 7, LOC_CITY_NAME_COLOGNE, -9999.00, -9999.00, -9999.00, -9999.00, -9999.00, -9999.00, -9999.00, -9999.00, -9999.00, -9999.00, -9999.00
40, 7, LOC_CITY_NAME_KERMA, 2.00, -9999.00, 55.02, -9999.00, -9999.00, -9999.00, -9999.00, -9999.00, -9999.00, -9999.00, 1932.80
40, 7, LOC_CITY_HOI_AN, 3.00, -9999.00, -9999.00, -9999.00, -9999.00, -9999.00, -9999.00, -9999.00, -9999.00, -9999.00, -9999.00
40, 7, LOC_CITY_NAME_LUGDUNUM, 3.00, -9999.00, -9999.00, -9999.00, -9999.00, -9999.00, -9999.00, -9999.00, -9999.00, -9999.00, -9999.00
40, 7, LOC_CITY_NAME_BABYLON_STK, 0.00, -9999.00, 524.86, -9999.00, -9999.00, -9999.00, -9999.00, -9999.00, -9999.00, -9999.00, 1688.66
40, 7, LOC_CITY_NAME_ALEXANDRIA_LATMUS, 3.00, -9999.00, 0.00, -9999.00, -9999.00, -9999.00, -9999.00, -9999.00, -9999.00, -9999.00, -9999.00
40, 7, LOC_CITY_NAME_PATNA, 0.00, -9999.00, -9999.00, -9999.00, -9999.00, -9999.00, -9999.00, -9999.00, -9999.00, -9999.00, 1589.65
40, 7, LOC_CITY_NAME_CURITIBA, 4.00, -9999.00, -9999.00, -9999.00, -9999.00, -9999.00, -9999.00, -9999.00, -9999.00, -9999.00, -9999.00
40, 7, LOC_CITY_NAME_LISBON, -9999.00, -9999.00, -9999.00, -9999.00, -9999.00, -9999.00, -9999.00, -9999.00, 0.00, -9999.00, -9999.00
40, 7, LOC_CITY_NAME_SWENETT, 0.00, -9999.00, -9999.00, -9999.00, -9999.00, 145.89, -9999.00, -9999.00, -9999.00, -9999.00, 1201.46
40, 7, LOC_CITY_NAME_BORSIPPA, 0.00, -9999.00, 524.86, -9999.00, -9999.00, 114.83, -9999.00, -9999.00, -9999.00, -9999.00, 381.42
40, 7, LOC_CITY_NAME_KARKAR, 0.00, -9999.00, 524.86, -9999.00, -9999.00, 114.83, -9999.00, -9999.00, -9999.00, -9999.00, 523.43
40, 7, LOC_CITY_NAME_CUMAE, 3.00, -9999.00, -9999.00, -9999.00, -9999.00, -9999.00, -9999.00, -9999.00, -9999.00, -9999.00, -9999.00
40, 7, LOC_CITY_NAME_MEROE, 2.00, -9999.00, 55.02, -9999.00, -9999.00, -9999.00, -9999.00, -9999.00, -9999.00, -9999.00, 1762.05
40, 7, LOC_CITY_NAME_KUMASI, -9999.00, -9999.00, -9999.00, -9999.00, -9999.00, -9999.00, -9999.00, -9999.00, 0.00, -9999.00, -9999.00
40, 7, LOC_CITY_NAME_MEMPHIS, 0.00, -9999.00, -9999.00, -9999.00, -9999.00, 100.47, -9999.00, -9999.00, -9999.00, -9999.00, 1349.80
40, 7, LOC_CITY_NAME_JOHANNESBURG, -9999.00, -9999.00, -9999.00, -9999.00, -9999.00, -9999.00, -9999.00, -9999.00, 0.00, -9999.00, -9999.00
40, 7, LOC_CITY_NAME_DORTMUND, -9999.00, -9999.00, -9999.00, -9999.00, -9999.00, -9999.00, -9999.00, -9999.00, -9999.00, -9999.00, -9999.00
40, 7, LOC_CITY_HOA_LU, 3.00, -9999.00, -9999.00, -9999.00, -9999.00, -9999.00, -9999.00, -9999.00, -9999.00, -9999.00, -9999.00
40, 7, LOC_CITY_NAME_FEZ, 3.00, -9999.00, -9999.00, -9999.00, -9999.00, -9999.00, -9999.00, -9999.00, -9999.00, -9999.00, -9999.00
40, 7, LOC_CITY_NAME_KAWA, 2.00, -9999.00, -9999.00, -9999.00, -9999.00, -9999.00, -9999.00, -9999.00, -9999.00, -9999.00, 945.12
40, 7, LOC_CITY_NAME_JERUSALEM, 4.00, -9999.00, -9999.00, -9999.00, -9999.00, -9999.00, -9999.00, -9999.00, -9999.00, -9999.00, -9999.00
40, 7, LOC_CITY_NAME_SALVADOR, 4.00, -9999.00, -9999.00, -9999.00, -9999.00, -9999.00, -9999.00, -9999.00, -9999.00, -9999.00, -9999.00
40, 7, LOC_CITY_NAME_EL_KURRU, 2.00, -9999.00, 55.02, -9999.00, -9999.00, 93.29, -9999.00, -9999.00, -9999.00, -9999.00, -9999.00
40, 7, LOC_CITY_NAME_VATICAN_CITY, -9999.00, -9999.00, -9999.00, -9999.00, -9999.00, -9999.00, -9999.00, -9999.00, 0.00, -9999.00, -9999.00
40, 7, LOC_CITY_NAME_PRESLAV, -9999.00, -9999.00, -9999.00, -9999.00, -9999.00, -9999.00, -9999.00, -9999.00, 0.00, -9999.00, -9999.00
40, 7, LOC_CITY_NAME_HEIDELBERG, -9999.00, -9999.00, -9999.00, -9999.00, -9999.00, -9999.00, -9999.00, -9999.00, -9999.00, -9999.00, -9999.00
40, 7, LOC_CITY_NAME_METHONE, 3.00, -9999.00, -9999.00, -9999.00, -9999.00, -9999.00, -9999.00, -9999.00, -9999.00, -9999.00, -9999.00
40, 7, LOC_CITY_NAME_AKHETATEN, 0.00, -9999.00, -9999.00, -9999.00, -9999.00, -9999.00, -9999.00, -9999.00, -9999.00, -9999.00, -9999.00
40, 7, LOC_CITY_NAME_BUENOS_AIRES, 3.00, -9999.00, -9999.00, -9999.00, -9999.00, -9999.00, -9999.00, -9999.00, -9999.00, -9999.00, -9999.00
40, 7, LOC_CITY_NAME_BABYLON, -9999.00, -9999.00, -9999.00, -9999.00, -9999.00, -9999.00, -9999.00, -9999.00, 0.00, -9999.00, -9999.00
40, 8, LOC_CITY_NAME_AACHEN, 1.00, -9999.00, 55.74, 125.00, -9999.00, -9999.00, -9999.00, -9999.00, -9999.00, -9999.00, -9999.00
40, 8, LOC_CITY_NAME_RIO_DE_JANEIRO, 3.00, -9999.00, -9999.00, -9999.00, -9999.00, 189.32, -9999.00, -9999.00, -9999.00, -9999.00, -9999.00
40, 8, LOC_CITY_NAME_PELLA, 3.00, -9999.00, -9999.00, -9999.00, 0.00, 158.38, -9999.00, -9999.00, -9999.00, -9999.00, -9999.00
40, 8, LOC_CITY_HA_NOI, -9999.00, -9999.00, -9999.00, -9999.00, -9999.00, -9999.00, -9999.00, -9999.00, -9999.00, -9999.00, -9999.00
40, 8, LOC_CITY_NAME_ROME, 3.00, -9999.00, 105.41, -9999.00, -9999.00, -9999.00, -9999.00, -9999.00, -9999.00, -9999.00, -9999.00
40, 8, LOC_CITY_HUE, -9999.00, -9999.00, -9999.00, -9999.00, -9999.00, -9999.00, -9999.00, -9999.00, -9999.00, -9999.00, -9999.00
40, 8, LOC_CITY_NAME_SAO_PAULO, 3.00, -9999.00, 522.10, -9999.00, -9999.00, -9999.00, -9999.00, -9999.00, -9999.00, -9999.00, -9999.00
40, 8, LOC_CITY_NAME_ALEXANDRIA_TROAS, 3.00, -9999.00, 55.74, -9999.00, -9999.00, -9999.00, -9999.00, -9999.00, -9999.00, -9999.00, -9999.00
40, 8, LOC_CITY_NAME_ARRETIUM, 3.00, -9999.00, 105.41, -9999.00, -9999.00, -9999.00, -9999.00, -9999.00, -9999.00, -9999.00, -9999.00
40, 8, LOC_CITY_NAME_MAGDEBURG, 1.00, -9999.00, 55.74, -9999.00, -9999.00, -9999.00, -9999.00, -9999.00, -9999.00, -9999.00, -9999.00
40, 8, LOC_CITY_QUANG_TRI, -9999.00, -9999.00, -9999.00, -9999.00, -9999.00, -9999.00, -9999.00, -9999.00, -9999.00, -9999.00, -9999.00
40, 8, LOC_CITY_NAME_ARPINUM, 3.00, -9999.00, 105.41, -9999.00, -9999.00, -9999.00, -9999.00, -9999.00, -9999.00, -9999.00, -9999.00
40, 8, LOC_CITY_NAME_VILNIUS, -9999.00, -9999.00, -9999.00, -9999.00, -9999.00, -9999.00, -9999.00, -9999.00, 0.00, -9999.00, -9999.00
40, 8, LOC_CITY_NAME_FORTALEZA, 3.00, -9999.00, -9999.00, -9999.00, -9999.00, -9999.00, -9999.00, -9999.00, -9999.00, -9999.00, -9999.00
40, 8, LOC_CITY_NAME_CHALKIDIKI, 3.00, -9999.00, 55.74, -9999.00, -9999.00, -9999.00, -9999.00, -9999.00, -9999.00, -9999.00, -9999.00
40, 8, LOC_CITY_NAME_COLOGNE, 1.00, -9999.00, -9999.00, 125.00, -9999.00, -9999.00, -9999.00, -9999.00, -9999.00, -9999.00, -9999.00
40, 8, LOC_CITY_HOI_AN, -9999.00, -9999.00, -9999.00, -9999.00, -9999.00, -9999.00, -9999.00, -9999.00, -9999.00, -9999.00, -9999.00
40, 8, LOC_CITY_NAME_KERMA, 0.00, -9999.00, 55.74, -9999.00, -9999.00, -9999.00, -9999.00, -9999.00, -9999.00, -9999.00, 1902.72
40, 8, LOC_CITY_NAME_LUGDUNUM, 3.00, -9999.00, -9999.00, -9999.00, -9999.00, -9999.00, -9999.00, -9999.00, -9999.00, -9999.00, -9999.00
40, 8, LOC_CITY_NAME_BABYLON_STK, 0.00, -9999.00, 522.10, -9999.00, -9999.00, -9999.00, -9999.00, -9999.00, -9999.00, -9999.00, 1655.36
40, 8, LOC_CITY_NAME_ALEXANDRIA_LATMUS, 3.00, -9999.00, 55.74, -9999.00, -9999.00, -9999.00, -9999.00, -9999.00, -9999.00, -9999.00, -9999.00
40, 8, LOC_CITY_NAME_PATNA, 0.00, -9999.00, -9999.00, 125.00, -9999.00, -9999.00, -9999.00, -9999.00, -9999.00, -9999.00, 1532.63
40, 8, LOC_CITY_NAME_CURITIBA, 3.00, -9999.00, -9999.00, -9999.00, -9999.00, -9999.00, -9999.00, -9999.00, -9999.00, -9999.00, -9999.00
40, 8, LOC_CITY_NAME_LISBON, -9999.00, -9999.00, -9999.00, -9999.00, -9999.00, -9999.00, -9999.00, -9999.00, 0.00, -9999.00, -9999.00
40, 8, LOC_CITY_NAME_SWENETT, 0.00, -9999.00, -9999.00, -9999.00, -9999.00, 145.89, -9999.00, -9999.00, -9999.00, -9999.00, 1194.41
40, 8, LOC_CITY_NAME_BORSIPPA, 0.00, -9999.00, 522.10, -9999.00, -9999.00, 114.83, -9999.00, -9999.00, -9999.00, -9999.00, 375.30
40, 8, LOC_CITY_NAME_KARKAR, 0.00, -9999.00, 522.10, -9999.00, -9999.00, 114.83, -9999.00, -9999.00, -9999.00, -9999.00, 521.90
40, 8, LOC_CITY_NAME_CUMAE, 3.00, -9999.00, -9999.00, -9999.00, -9999.00, -9999.00, -9999.00, -9999.00, -9999.00, -9999.00, -9999.00
40, 8, LOC_CITY_NAME_MEROE, 0.00, -9999.00, 55.74, -9999.00, -9999.00, -9999.00, -9999.00, -9999.00, -9999.00, -9999.00, 1718.41
40, 8, LOC_CITY_NAME_KUMASI, -9999.00, -9999.00, -9999.00, -9999.00, -9999.00, -9999.00, -9999.00, -9999.00, 0.00, -9999.00, -9999.00
40, 8, LOC_CITY_NAME_MEMPHIS, 0.00, -9999.00, -9999.00, -9999.00, -9999.00, 100.47, -9999.00, -9999.00, -9999.00, -9999.00, 1336.73
40, 8, LOC_CITY_NAME_JOHANNESBURG, -9999.00, -9999.00, -9999.00, -9999.00, -9999.00, -9999.00, -9999.00, -9999.00, 0.00, -9999.00, -9999.00
40, 8, LOC_CITY_NAME_DORTMUND, 1.00, -9999.00, -9999.00, -9999.00, -9999.00, -9999.00, -9999.00, -9999.00, -9999.00, -9999.00, -9999.00
40, 8, LOC_CITY_HOA_LU, -9999.00, -9999.00, -9999.00, -9999.00, -9999.00, -9999.00, -9999.00, -9999.00, -9999.00, -9999.00, -9999.00
40, 8, LOC_CITY_NAME_FEZ, 3.00, -9999.00, -9999.00, -9999.00, -9999.00, -9999.00, -9999.00, -9999.00, -9999.00, -9999.00, -9999.00
40, 8, LOC_CITY_NAME_KAWA, 0.00, -9999.00, -9999.00, -9999.00, -9999.00, -9999.00, -9999.00, -9999.00, -9999.00, -9999.00, 936.50
40, 8, LOC_CITY_NAME_JERUSALEM, 3.00, -9999.00, -9999.00, -9999.00, -9999.00, -9999.00, -9999.00, -9999.00, -9999.00, -9999.00, -9999.00
40, 8, LOC_CITY_NAME_SALVADOR, 3.00, -9999.00, -9999.00, -9999.00, -9999.00, -9999.00, -9999.00, -9999.00, -9999.00, -9999.00, -9999.00
40, 8, LOC_CITY_NAME_EL_KURRU, 0.00, -9999.00, 55.74, -9999.00, -9999.00, 93.29, -9999.00, -9999.00, -9999.00, -9999.00, -9999.00
40, 8, LOC_CITY_NAME_VATICAN_CITY, -9999.00, -9999.00, -9999.00, -9999.00, -9999.00, -9999.00, -9999.00, -9999.00, 0.00, -9999.00, -9999.00
40, 8, LOC_CITY_NAME_HEIDELBERG, 1.00, -9999.00, -9999.00, -9999.00, -9999.00, -9999.00, -9999.00, -9999.00, -9999.00, -9999.00, -9999.00
40, 8, LOC_CITY_NAME_PRESLAV, -9999.00, -9999.00, -9999.00, -9999.00, -9999.00, -9999.00, -9999.00, -9999.00, 0.00, -9999.00, -9999.00
40, 8, LOC_CITY_NAME_METHONE, 3.00, -9999.00, -9999.00, -9999.00, -9999.00, -9999.00, -9999.00, -9999.00, -9999.00, -9999.00, -9999.00
40, 8, LOC_CITY_NAME_AKHETATEN, 0.00, -9999.00, -9999.00, -9999.00, -9999.00, -9999.00, -9999.00, -9999.00, -9999.00, -9999.00, -9999.00
40, 8, LOC_CITY_NAME_BUENOS_AIRES, 3.00, -9999.00, -9999.00, -9999.00, -9999.00, -9999.00, -9999.00, -9999.00, -9999.00, -9999.00, -9999.00
40, 8, LOC_CITY_NAME_BABYLON, -9999.00, -9999.00, -9999.00, -9999.00, -9999.00, -9999.00, -9999.00, -9999.00, 0.00, -9999.00, -9999.00
40, 9, LOC_CITY_HA_NOI, 2.00, -9999.00, 292.71, -9999.00, -9999.00, -9999.00, -9999.00, -9999.00, -9999.00, -9999.00, -9999.00
40, 9, LOC_CITY_NAME_AACHEN, 1.00, -9999.00, 292.71, 125.00, -9999.00, -9999.00, -9999.00, -9999.00, -9999.00, -9999.00, -9999.00
40, 9, LOC_CITY_NAME_RIO_DE_JANEIRO, 3.00, -9999.00, -9999.00, -9999.00, -9999.00, 213.70, -9999.00, -9999.00, -9999.00, -9999.00, -9999.00
40, 9, LOC_CITY_NAME_PELLA, 3.00, -9999.00, -9999.00, -9999.00, 0.00, 178.78, -9999.00, -9999.00, -9999.00, -9999.00, -9999.00
40, 9, LOC_CITY_NAME_ROME, -9999.00, -9999.00, -9999.00, -9999.00, -9999.00, -9999.00, -9999.00, -9999.00, -9999.00, -9999.00, -9999.00
40, 9, LOC_CITY_HUE, 2.00, -9999.00, -9999.00, -9999.00, -9999.00, -9999.00, -9999.00, -9999.00, -9999.00, -9999.00, -9999.00
40, 9, LOC_CITY_NAME_SAO_PAULO, 3.00, -9999.00, 485.04, -9999.00, -9999.00, -9999.00, -9999.00, -9999.00, -9999.00, -9999.00, -9999.00
40, 9, LOC_CITY_NAME_ALEXANDRIA_TROAS, 3.00, -9999.00, 79.63, -9999.00, -9999.00, -9999.00, -9999.00, -9999.00, -9999.00, -9999.00, -9999.00
40, 9, LOC_CITY_NAME_ARRETIUM, -9999.00, -9999.00, -9999.00, -9999.00, -9999.00, -9999.00, -9999.00, -9999.00, -9999.00, -9999.00, -9999.00
40, 9, LOC_CITY_QUANG_TRI, 2.00, -9999.00, 292.71, -9999.00, 0.00, -9999.00, -9999.00, -9999.00, -9999.00, -9999.00, -9999.00
40, 9, LOC_CITY_NAME_MAGDEBURG, 1.00, -9999.00, 292.71, -9999.00, -9999.00, -9999.00, -9999.00, -9999.00, -9999.00, -9999.00, -9999.00
40, 9, LOC_CITY_NAME_ARPINUM, -9999.00, -9999.00, -9999.00, -9999.00, -9999.00, -9999.00, -9999.00, -9999.00, -9999.00, -9999.00, -9999.00
40, 9, LOC_CITY_NAME_VILNIUS, -9999.00, -9999.00, -9999.00, -9999.00, -9999.00, -9999.00, -9999.00, -9999.00, 0.00, -9999.00, -9999.00
40, 9, LOC_CITY_NAME_FORTALEZA, 3.00, -9999.00, -9999.00, -9999.00, -9999.00, -9999.00, -9999.00, -9999.00, -9999.00, -9999.00, -9999.00
40, 9, LOC_CITY_NAME_CHALKIDIKI, 3.00, -9999.00, 79.63, -9999.00, -9999.00, -9999.00, -9999.00, -9999.00, -9999.00, -9999.00, -9999.00
40, 9, LOC_CITY_NAME_COLOGNE, 1.00, -9999.00, -9999.00, 125.00, -9999.00, -9999.00, -9999.00, -9999.00, -9999.00, -9999.00, -9999.00
40, 9, LOC_CITY_HOI_AN, 2.00, -9999.00, -9999.00, -9999.00, -9999.00, -9999.00, -9999.00, -9999.00, -9999.00, -9999.00, -9999.00
40, 9, LOC_CITY_NAME_LUGDUNUM, -9999.00, -9999.00, -9999.00, -9999.00, -9999.00, -9999.00, -9999.00, -9999.00, -9999.00, -9999.00, -9999.00
40, 9, LOC_CITY_NAME_KERMA, 0.00, -9999.00, 79.63, -9999.00, -9999.00, -9999.00, -9999.00, -9999.00, -9999.00, -9999.00, 1903.71
40, 9, LOC_CITY_NAME_BABYLON_STK, 0.00, -9999.00, 292.71, -9999.00, -9999.00, -9999.00, -9999.00, -9999.00, -9999.00, -9999.00, 1658.80
40, 9, LOC_CITY_NAME_ALEXANDRIA_LATMUS, 3.00, -9999.00, 79.63, -9999.00, -9999.00, -9999.00, -9999.00, -9999.00, -9999.00, -9999.00, -9999.00
40, 9, LOC_CITY_NAME_PATNA, 0.00, -9999.00, -9999.00, 125.00, -9999.00, -9999.00, -9999.00, -9999.00, -9999.00, -9999.00, 1414.41
40, 9, LOC_CITY_NAME_CURITIBA, 3.00, -9999.00, -9999.00, -9999.00, -9999.00, -9999.00, -9999.00, -9999.00, -9999.00, -9999.00, -9999.00
40, 9, LOC_CITY_NAME_LISBON, -9999.00, -9999.00, -9999.00, -9999.00, -9999.00, -9999.00, -9999.00, -9999.00, 0.00, -9999.00, -9999.00
40, 9, LOC_CITY_NAME_SWENETT, 0.00, -9999.00, -9999.00, -9999.00, -9999.00, 164.68, -9999.00, -9999.00, -9999.00, -9999.00, 1189.98
40, 9, LOC_CITY_NAME_BORSIPPA, 0.00, -9999.00, 292.71, -9999.00, -9999.00, 129.62, -9999.00, -9999.00, -9999.00, -9999.00, 375.30
40, 9, LOC_CITY_NAME_KARKAR, 0.00, -9999.00, 292.71, -9999.00, -9999.00, 129.62, -9999.00, -9999.00, -9999.00, -9999.00, 521.90
40, 9, LOC_CITY_NAME_MEROE, 0.00, -9999.00, 79.63, -9999.00, -9999.00, -9999.00, -9999.00, -9999.00, -9999.00, -9999.00, 1725.30
40, 9, LOC_CITY_NAME_CUMAE, -9999.00, -9999.00, -9999.00, -9999.00, -9999.00, -9999.00, -9999.00, -9999.00, -9999.00, -9999.00, -9999.00
40, 9, LOC_CITY_NAME_KUMASI, -9999.00, -9999.00, -9999.00, -9999.00, -9999.00, -9999.00, -9999.00, -9999.00, 0.00, -9999.00, -9999.00
40, 9, LOC_CITY_NAME_MEMPHIS, 0.00, -9999.00, -9999.00, -9999.00, -9999.00, 113.41, -9999.00, -9999.00, -9999.00, -9999.00, 1335.25
40, 9, LOC_CITY_NAME_JOHANNESBURG, -9999.00, -9999.00, -9999.00, -9999.00, -9999.00, -9999.00, -9999.00, -9999.00, 0.00, -9999.00, -9999.00
40, 9, LOC_CITY_HOA_LU, 2.00, -9999.00, -9999.00, -9999.00, -9999.00, -9999.00, -9999.00, -9999.00, -9999.00, -9999.00, -9999.00
40, 9, LOC_CITY_NAME_DORTMUND, 1.00, -9999.00, -9999.00, -9999.00, -9999.00, -9999.00, -9999.00, -9999.00, -9999.00, -9999.00, -9999.00
40, 9, LOC_CITY_NAME_FEZ, 3.00, -9999.00, -9999.00, -9999.00, -9999.00, -9999.00, -9999.00, -9999.00, -9999.00, -9999.00, -9999.00
40, 9, LOC_CITY_NAME_KAWA, 0.00, -9999.00, -9999.00, -9999.00, -9999.00, -9999.00, -9999.00, -9999.00, -9999.00, -9999.00, 939.76
40, 9, LOC_CITY_NAME_JERUSALEM, 3.00, -9999.00, -9999.00, -9999.00, -9999.00, -9999.00, -9999.00, -9999.00, -9999.00, -9999.00, -9999.00
40, 9, LOC_CITY_NAME_SALVADOR, 3.00, -9999.00, -9999.00, -9999.00, -9999.00, -9999.00, -9999.00, -9999.00, -9999.00, -9999.00, -9999.00
40, 9, LOC_CITY_NAME_EL_KURRU, 0.00, -9999.00, 79.63, -9999.00, -9999.00, 105.31, -9999.00, -9999.00, -9999.00, -9999.00, -9999.00
40, 9, LOC_CITY_NAME_VATICAN_CITY, -9999.00, -9999.00, -9999.00, -9999.00, -9999.00, -9999.00, -9999.00, -9999.00, 0.00, -9999.00, -9999.00
40, 9, LOC_CITY_NAME_HEIDELBERG, 1.00, -9999.00, -9999.00, -9999.00, -9999.00, -9999.00, -9999.00, -9999.00, -9999.00, -9999.00, -9999.00
40, 9, LOC_CITY_NAME_PRESLAV, -9999.00, -9999.00, -9999.00, -9999.00, -9999.00, -9999.00, -9999.00, -9999.00, 0.00, -9999.00, -9999.00
40, 9, LOC_CITY_NAME_METHONE, 3.00, -9999.00, -9999.00, -9999.00, -9999.00, -9999.00, -9999.00, -9999.00, -9999.00, -9999.00, -9999.00
40, 9, LOC_CITY_NAME_AKHETATEN, 0.00, -9999.00, -9999.00, -9999.00, -9999.00, -9999.00, -9999.00, -9999.00, -9999.00, -9999.00, -9999.00
40, 9, LOC_CITY_NAME_BUENOS_AIRES, 3.00, -9999.00, -9999.00, -9999.00, -9999.00, -9999.00, -9999.00, -9999.00, -9999.00, -9999.00, -9999.00
40, 9, LOC_CITY_NAME_BABYLON, -9999.00, -9999.00, -9999.00, -9999.00, -9999.00, -9999.00, -9999.00, -9999.00, 0.00, -9999.00, -9999.00
41, 5, LOC_CITY_NAME_PELLA, -9999.00, -9999.00, -9999.00, -9999.00, -9999.00, -9999.00, -9999.00, -9999.00, -9999.00, -9999.00, -9999.00
41, 5, LOC_CITY_NAME_ROME, 1.00, -9999.00, 118.95, -9999.00, -9999.00, -9999.00, -9999.00, -9999.00, -9999.00, -9999.00, -9999.00
41, 5, LOC_CITY_HA_NOI, 1.00, -9999.00, 308.71, -9999.00, -9999.00, -9999.00, -9999.00, -9999.00, -9999.00, -9999.00, -9999.00
41, 5, LOC_CITY_NAME_AACHEN, 1.00, -9999.00, 308.71, 125.00, -9999.00, -9999.00, -9999.00, -9999.00, -9999.00, -9999.00, -9999.00
41, 5, LOC_CITY_NAME_RIO_DE_JANEIRO, 3.00, -9999.00, -9999.00, -9999.00, -9999.00, 189.32, -9999.00, -9999.00, -9999.00, -9999.00, -9999.00
41, 5, LOC_CITY_HUE, 1.00, -9999.00, -9999.00, -9999.00, -9999.00, -9999.00, -9999.00, -9999.00, -9999.00, -9999.00, -9999.00
41, 5, LOC_CITY_NAME_ALEXANDRIA_TROAS, -9999.00, -9999.00, -9999.00, -9999.00, -9999.00, -9999.00, -9999.00, -9999.00, -9999.00, -9999.00, -9999.00
41, 5, LOC_CITY_NAME_SAO_PAULO, 3.00, -9999.00, 118.95, -9999.00, -9999.00, -9999.00, -9999.00, -9999.00, -9999.00, -9999.00, -9999.00
41, 5, LOC_CITY_NAME_ARRETIUM, 1.00, -9999.00, 118.95, -9999.00, 0.00, -9999.00, -9999.00, -9999.00, -9999.00, -9999.00, -9999.00
41, 5, LOC_CITY_QUANG_TRI, 1.00, -9999.00, 308.71, -9999.00, 0.00, -9999.00, -9999.00, -9999.00, -9999.00, -9999.00, -9999.00
41, 5, LOC_CITY_NAME_MAGDEBURG, 1.00, -9999.00, 308.71, -9999.00, -9999.00, -9999.00, -9999.00, -9999.00, -9999.00, -9999.00, -9999.00
41, 5, LOC_CITY_NAME_ARPINUM, 1.00, -9999.00, 118.95, -9999.00, -9999.00, -9999.00, -9999.00, -9999.00, -9999.00, -9999.00, -9999.00
41, 5, LOC_CITY_NAME_VILNIUS, -9999.00, -9999.00, -9999.00, -9999.00, -9999.00, -9999.00, -9999.00, -9999.00, 0.00, -9999.00, -9999.00
41, 5, LOC_CITY_NAME_CHALKIDIKI, -9999.00, -9999.00, -9999.00, -9999.00, -9999.00, -9999.00, -9999.00, -9999.00, -9999.00, -9999.00, -9999.00
41, 5, LOC_CITY_NAME_FORTALEZA, 3.00, -9999.00, -9999.00, -9999.00, -9999.00, -9999.00, -9999.00, -9999.00, -9999.00, -9999.00, -9999.00
41, 5, LOC_CITY_NAME_COLOGNE, 1.00, -9999.00, -9999.00, 125.00, -9999.00, -9999.00, -9999.00, -9999.00, -9999.00, -9999.00, -9999.00
41, 5, LOC_CITY_NAME_KERMA, 0.00, -9999.00, 118.95, -9999.00, -9999.00, -9999.00, -9999.00, -9999.00, -9999.00, -9999.00, 2168.40
41, 5, LOC_CITY_HOI_AN, 1.00, -9999.00, -9999.00, -9999.00, -9999.00, -9999.00, -9999.00, -9999.00, -9999.00, -9999.00, -9999.00
41, 5, LOC_CITY_NAME_LUGDUNUM, 1.00, -9999.00, -9999.00, -9999.00, -9999.00, -9999.00, -9999.00, -9999.00, -9999.00, -9999.00, -9999.00
41, 5, LOC_CITY_NAME_BABYLON_STK, 0.00, -9999.00, 308.71, -9999.00, -9999.00, -9999.00, -9999.00, -9999.00, -9999.00, -9999.00, 2096.10
41, 5, LOC_CITY_NAME_PATNA, 0.00, -9999.00, -9999.00, 125.00, -9999.00, -9999.00, -9999.00, -9999.00, -9999.00, -9999.00, 1820.45
41, 5, LOC_CITY_NAME_ALEXANDRIA_LATMUS, -9999.00, -9999.00, -9999.00, -9999.00, -9999.00, -9999.00, -9999.00, -9999.00, -9999.00, -9999.00, -9999.00
41, 5, LOC_CITY_NAME_CURITIBA, 3.00, -9999.00, -9999.00, -9999.00, -9999.00, -9999.00, -9999.00, -9999.00, -9999.00, -9999.00, -9999.00
41, 5, LOC_CITY_NAME_LISBON, -9999.00, -9999.00, -9999.00, -9999.00, -9999.00, -9999.00, -9999.00, -9999.00, 0.00, -9999.00, -9999.00
41, 5, LOC_CITY_NAME_SWENETT, 0.00, -9999.00, -9999.00, -9999.00, -9999.00, 145.89, -9999.00, -9999.00, -9999.00, -9999.00, 1478.87
41, 5, LOC_CITY_NAME_BORSIPPA, 0.00, -9999.00, 308.71, -9999.00, -9999.00, 114.83, -9999.00, -9999.00, -9999.00, -9999.00, 483.19
41, 5, LOC_CITY_NAME_KARKAR, 0.00, -9999.00, 308.71, -9999.00, -9999.00, 100.47, -9999.00, -9999.00, -9999.00, -9999.00, 702.85
41, 5, LOC_CITY_NAME_CUMAE, 1.00, -9999.00, -9999.00, -9999.00, -9999.00, -9999.00, -9999.00, -9999.00, -9999.00, -9999.00, -9999.00
41, 5, LOC_CITY_NAME_MEROE, 0.00, -9999.00, 118.95, -9999.00, -9999.00, -9999.00, -9999.00, -9999.00, -9999.00, -9999.00, 2319.71
41, 5, LOC_CITY_NAME_KUMASI, -9999.00, -9999.00, -9999.00, -9999.00, -9999.00, -9999.00, -9999.00, -9999.00, 0.00, -9999.00, -9999.00
41, 5, LOC_CITY_NAME_MEMPHIS, 0.00, -9999.00, -9999.00, -9999.00, -9999.00, 100.47, -9999.00, -9999.00, -9999.00, -9999.00, 1543.27
41, 5, LOC_CITY_NAME_JOHANNESBURG, -9999.00, -9999.00, -9999.00, -9999.00, -9999.00, -9999.00, -9999.00, -9999.00, 0.00, -9999.00, -9999.00
41, 5, LOC_CITY_HOA_LU, 1.00, -9999.00, -9999.00, -9999.00, -9999.00, -9999.00, -9999.00, -9999.00, -9999.00, -9999.00, -9999.00
41, 5, LOC_CITY_NAME_DORTMUND, 1.00, -9999.00, -9999.00, -9999.00, -9999.00, -9999.00, -9999.00, -9999.00, -9999.00, -9999.00, -9999.00
41, 5, LOC_CITY_NAME_FEZ, -9999.00, -9999.00, -9999.00, -9999.00, -9999.00, -9999.00, -9999.00, -9999.00, -9999.00, -9999.00, -9999.00
41, 5, LOC_CITY_NAME_KAWA, 0.00, -9999.00, -9999.00, -9999.00, -9999.00, 86.12, -9999.00, -9999.00, -9999.00, -9999.00, 1271.72
41, 5, LOC_CITY_NAME_EL_KURRU, 0.00, -9999.00, 118.95, -9999.00, -9999.00, 93.29, -9999.00, -9999.00, -9999.00, -9999.00, -9999.00
41, 5, LOC_CITY_NAME_VATICAN_CITY, -9999.00, -9999.00, -9999.00, -9999.00, -9999.00, -9999.00, -9999.00, -9999.00, 0.00, -9999.00, -9999.00
41, 5, LOC_CITY_NAME_JERUSALEM, 3.00, -9999.00, -9999.00, -9999.00, -9999.00, -9999.00, -9999.00, -9999.00, -9999.00, -9999.00, -9999.00
41, 5, LOC_CITY_NAME_SALVADOR, 3.00, -9999.00, -9999.00, -9999.00, -9999.00, -9999.00, -9999.00, -9999.00, -9999.00, -9999.00, -9999.00
41, 5, LOC_CITY_NAME_PRESLAV, -9999.00, -9999.00, -9999.00, -9999.00, -9999.00, -9999.00, -9999.00, -9999.00, 0.00, -9999.00, -9999.00
41, 5, LOC_CITY_NAME_HEIDELBERG, 1.00, -9999.00, -9999.00, -9999.00, -9999.00, -9999.00, -9999.00, -9999.00, -9999.00, -9999.00, -9999.00
41, 5, LOC_CITY_NAME_AKHETATEN, 0.00, -9999.00, -9999.00, -9999.00, -9999.00, -9999.00, -9999.00, -9999.00, -9999.00, -9999.00, -9999.00
41, 5, LOC_CITY_NAME_METHONE, -9999.00, -9999.00, -9999.00, -9999.00, -9999.00, -9999.00, -9999.00, -9999.00, -9999.00, -9999.00, -9999.00
41, 5, LOC_CITY_NAME_BUENOS_AIRES, -9999.00, -9999.00, -9999.00, -9999.00, -9999.00, -9999.00, -9999.00, -9999.00, -9999.00, -9999.00, -9999.00
41, 5, LOC_CITY_NAME_BABYLON, -9999.00, -9999.00, -9999.00, -9999.00, -9999.00, -9999.00, -9999.00, -9999.00, 0.00, -9999.00, -9999.00
41, 5, LOC_CITY_NAME_QASR_IBRIM, 0.00, -9999.00, 118.95, -9999.00, -9999.00, -9999.00, -9999.00, -9999.00, -9999.00, -9999.00, -9999.00
41, 5, LOC_CITY_NAME_HEH, 0.00, -9999.00, -9999.00, -9999.00, -9999.00, -9999.00, -9999.00, -9999.00, -9999.00, -9999.00, -9999.00
41, 6, LOC_CITY_NAME_PELLA, 1.00, -9999.00, -9999.00, -9999.00, 115.94, 157.78, -9999.00, -9999.00, -9999.00, -9999.00, -9999.00
41, 6, LOC_CITY_NAME_RIO_DE_JANEIRO, -9999.00, -9999.00, -9999.00, -9999.00, -9999.00, -9999.00, -9999.00, -9999.00, -9999.00, -9999.00, -9999.00
41, 6, LOC_CITY_NAME_ROME, 1.00, -9999.00, -9999.00, -9999.00, -9999.00, -9999.00, -9999.00, -9999.00, -9999.00, -9999.00, -9999.00
41, 6, LOC_CITY_HA_NOI, 1.00, -9999.00, 292.71, -9999.00, -9999.00, -9999.00, -9999.00, -9999.00, -9999.00, -9999.00, -9999.00
41, 6, LOC_CITY_NAME_AACHEN, 1.00, -9999.00, 292.71, 250.00, -9999.00, -9999.00, -9999.00, -9999.00, -9999.00, -9999.00, -9999.00
41, 6, LOC_CITY_HUE, 1.00, -9999.00, -9999.00, -9999.00, -9999.00, -9999.00, -9999.00, -9999.00, -9999.00, -9999.00, -9999.00
41, 6, LOC_CITY_NAME_ALEXANDRIA_TROAS, 1.00, -9999.00, 0.00, -9999.00, -9999.00, -9999.00, -9999.00, -9999.00, -9999.00, -9999.00, -9999.00
41, 6, LOC_CITY_NAME_SAO_PAULO, -9999.00, -9999.00, -9999.00, -9999.00, -9999.00, -9999.00, -9999.00, -9999.00, -9999.00, -9999.00, -9999.00
41, 6, LOC_CITY_NAME_ARRETIUM, 1.00, -9999.00, -9999.00, -9999.00, 0.00, -9999.00, -9999.00, -9999.00, -9999.00, -9999.00, -9999.00
41, 6, LOC_CITY_QUANG_TRI, 1.00, -9999.00, 292.71, -9999.00, 0.00, -9999.00, -9999.00, -9999.00, -9999.00, -9999.00, -9999.00
41, 6, LOC_CITY_NAME_MAGDEBURG, 1.00, -9999.00, 292.71, -9999.00, -9999.00, -9999.00, -9999.00, -9999.00, -9999.00, -9999.00, -9999.00
41, 6, LOC_CITY_NAME_ARPINUM, 1.00, -9999.00, -9999.00, -9999.00, -9999.00, -9999.00, -9999.00, -9999.00, -9999.00, -9999.00, -9999.00
41, 6, LOC_CITY_NAME_VILNIUS, -9999.00, -9999.00, -9999.00, -9999.00, -9999.00, -9999.00, -9999.00, -9999.00, 0.00, -9999.00, -9999.00
41, 6, LOC_CITY_NAME_CHALKIDIKI, 1.00, -9999.00, 0.00, -9999.00, -9999.00, -9999.00, -9999.00, -9999.00, -9999.00, -9999.00, -9999.00
41, 6, LOC_CITY_NAME_FORTALEZA, -9999.00, -9999.00, -9999.00, -9999.00, -9999.00, -9999.00, -9999.00, -9999.00, -9999.00, -9999.00, -9999.00
41, 6, LOC_CITY_NAME_COLOGNE, 1.00, -9999.00, -9999.00, 250.00, -9999.00, -9999.00, -9999.00, -9999.00, -9999.00, -9999.00, -9999.00
41, 6, LOC_CITY_NAME_KERMA, 0.00, -9999.00, 0.00, -9999.00, -9999.00, -9999.00, -9999.00, -9999.00, -9999.00, -9999.00, 1947.52
41, 6, LOC_CITY_HOI_AN, 1.00, -9999.00, -9999.00, -9999.00, -9999.00, -9999.00, -9999.00, -9999.00, -9999.00, -9999.00, -9999.00
41, 6, LOC_CITY_NAME_LUGDUNUM, 1.00, -9999.00, -9999.00, -9999.00, -9999.00, -9999.00, -9999.00, -9999.00, -9999.00, -9999.00, -9999.00
41, 6, LOC_CITY_NAME_BABYLON_STK, 0.00, -9999.00, 292.71, -9999.00, -9999.00, -9999.00, -9999.00, -9999.00, -9999.00, -9999.00, 1673.74
41, 6, LOC_CITY_NAME_ALEXANDRIA_LATMUS, 1.00, -9999.00, 0.00, -9999.00, -9999.00, -9999.00, -9999.00, -9999.00, -9999.00, -9999.00, -9999.00
41, 6, LOC_CITY_NAME_PATNA, 0.00, -9999.00, -9999.00, 250.00, -9999.00, -9999.00, -9999.00, -9999.00, -9999.00, -9999.00, 1536.20
41, 6, LOC_CITY_NAME_CURITIBA, -9999.00, -9999.00, -9999.00, -9999.00, -9999.00, -9999.00, -9999.00, -9999.00, -9999.00, -9999.00, -9999.00
41, 6, LOC_CITY_NAME_LISBON, -9999.00, -9999.00, -9999.00, -9999.00, -9999.00, -9999.00, -9999.00, -9999.00, 0.00, -9999.00, -9999.00
41, 6, LOC_CITY_NAME_SWENETT, 0.00, -9999.00, -9999.00, -9999.00, -9999.00, 145.89, -9999.00, -9999.00, -9999.00, -9999.00, 1238.55
41, 6, LOC_CITY_NAME_BORSIPPA, 0.00, -9999.00, 292.71, -9999.00, -9999.00, 114.83, -9999.00, -9999.00, -9999.00, -9999.00, 286.94
41, 6, LOC_CITY_NAME_KARKAR, 0.00, -9999.00, 292.71, -9999.00, -9999.00, 100.47, -9999.00, -9999.00, -9999.00, -9999.00, 512.31
41, 6, LOC_CITY_NAME_CUMAE, 1.00, -9999.00, -9999.00, -9999.00, -9999.00, -9999.00, -9999.00, -9999.00, -9999.00, -9999.00, -9999.00
41, 6, LOC_CITY_NAME_MEROE, 0.00, -9999.00, 0.00, -9999.00, -9999.00, -9999.00, -9999.00, -9999.00, -9999.00, -9999.00, 1887.84
41, 6, LOC_CITY_NAME_KUMASI, -9999.00, -9999.00, -9999.00, -9999.00, -9999.00, -9999.00, -9999.00, -9999.00, 0.00, -9999.00, -9999.00
41, 6, LOC_CITY_NAME_MEMPHIS, 0.00, -9999.00, -9999.00, -9999.00, -9999.00, 100.47, -9999.00, -9999.00, -9999.00, -9999.00, 1321.57
41, 6, LOC_CITY_NAME_JOHANNESBURG, -9999.00, -9999.00, -9999.00, -9999.00, -9999.00, -9999.00, -9999.00, -9999.00, 0.00, -9999.00, -9999.00
41, 6, LOC_CITY_HOA_LU, 1.00, -9999.00, -9999.00, -9999.00, -9999.00, -9999.00, -9999.00, -9999.00, -9999.00, -9999.00, -9999.00
41, 6, LOC_CITY_NAME_DORTMUND, 1.00, -9999.00, -9999.00, -9999.00, -9999.00, -9999.00, -9999.00, -9999.00, -9999.00, -9999.00, -9999.00
41, 6, LOC_CITY_NAME_FEZ, 1.00, -9999.00, -9999.00, -9999.00, -9999.00, -9999.00, -9999.00, -9999.00, -9999.00, -9999.00, -9999.00
41, 6, LOC_CITY_NAME_KAWA, 0.00, -9999.00, -9999.00, -9999.00, -9999.00, 86.12, -9999.00, -9999.00, -9999.00, -9999.00, 1083.48
41, 6, LOC_CITY_NAME_JERUSALEM, -9999.00, -9999.00, -9999.00, -9999.00, -9999.00, -9999.00, -9999.00, -9999.00, -9999.00, -9999.00, -9999.00
41, 6, LOC_CITY_NAME_SALVADOR, -9999.00, -9999.00, -9999.00, -9999.00, -9999.00, -9999.00, -9999.00, -9999.00, -9999.00, -9999.00, -9999.00
41, 6, LOC_CITY_NAME_EL_KURRU, 0.00, -9999.00, 0.00, -9999.00, -9999.00, 93.29, -9999.00, -9999.00, -9999.00, -9999.00, -9999.00
41, 6, LOC_CITY_NAME_VATICAN_CITY, -9999.00, -9999.00, -9999.00, -9999.00, -9999.00, -9999.00, -9999.00, -9999.00, 0.00, -9999.00, -9999.00
41, 6, LOC_CITY_NAME_PRESLAV, -9999.00, -9999.00, -9999.00, -9999.00, -9999.00, -9999.00, -9999.00, -9999.00, 0.00, -9999.00, -9999.00
41, 6, LOC_CITY_NAME_HEIDELBERG, 1.00, -9999.00, -9999.00, -9999.00, -9999.00, -9999.00, -9999.00, -9999.00, -9999.00, -9999.00, -9999.00
41, 6, LOC_CITY_NAME_METHONE, 1.00, -9999.00, -9999.00, -9999.00, -9999.00, -9999.00, -9999.00, -9999.00, -9999.00, -9999.00, -9999.00
41, 6, LOC_CITY_NAME_AKHETATEN, 0.00, -9999.00, -9999.00, -9999.00, -9999.00, -9999.00, -9999.00, -9999.00, -9999.00, -9999.00, -9999.00
41, 6, LOC_CITY_NAME_BUENOS_AIRES, 1.00, -9999.00, -9999.00, -9999.00, -9999.00, -9999.00, -9999.00, -9999.00, -9999.00, -9999.00, -9999.00
41, 6, LOC_CITY_NAME_BABYLON, -9999.00, -9999.00, -9999.00, -9999.00, -9999.00, -9999.00, -9999.00, -9999.00, 0.00, -9999.00, -9999.00
41, 6, LOC_CITY_NAME_QASR_IBRIM, 0.00, -9999.00, 0.00, -9999.00, -9999.00, -9999.00, -9999.00, -9999.00, -9999.00, -9999.00, -9999.00
41, 6, LOC_CITY_NAME_HEH, 0.00, -9999.00, -9999.00, -9999.00, -9999.00, -9999.00, -9999.00, -9999.00, -9999.00, -9999.00, -9999.00
41, 7, LOC_CITY_NAME_RIO_DE_JANEIRO, 4.00, -9999.00, -9999.00, -9999.00, -9999.00, 189.32, -9999.00, -9999.00, -9999.00, -9999.00, -9999.00
41, 7, LOC_CITY_NAME_PELLA, 3.00, -9999.00, -9999.00, -9999.00, 115.94, 157.78, -9999.00, -9999.00, -9999.00, -9999.00, -9999.00
41, 7, LOC_CITY_NAME_AACHEN, -9999.00, -9999.00, -9999.00, -9999.00, -9999.00, -9999.00, -9999.00, -9999.00, -9999.00, -9999.00, -9999.00
41, 7, LOC_CITY_NAME_ROME, 3.00, -9999.00, 0.00, -9999.00, -9999.00, -9999.00, -9999.00, -9999.00, -9999.00, -9999.00, -9999.00
41, 7, LOC_CITY_HA_NOI, 3.00, -9999.00, 0.00, -9999.00, -9999.00, -9999.00, -9999.00, -9999.00, -9999.00, -9999.00, -9999.00
41, 7, LOC_CITY_HUE, 3.00, -9999.00, -9999.00, -9999.00, -9999.00, -9999.00, -9999.00, -9999.00, -9999.00, -9999.00, -9999.00
41, 7, LOC_CITY_NAME_SAO_PAULO, 4.00, -9999.00, 0.00, -9999.00, -9999.00, -9999.00, -9999.00, -9999.00, -9999.00, -9999.00, -9999.00
41, 7, LOC_CITY_NAME_ALEXANDRIA_TROAS, 3.00, -9999.00, 0.00, -9999.00, -9999.00, -9999.00, -9999.00, -9999.00, -9999.00, -9999.00, -9999.00
41, 7, LOC_CITY_NAME_ARRETIUM, 3.00, -9999.00, 0.00, -9999.00, 0.00, -9999.00, -9999.00, -9999.00, -9999.00, -9999.00, -9999.00
41, 7, LOC_CITY_NAME_MAGDEBURG, -9999.00, -9999.00, -9999.00, -9999.00, -9999.00, -9999.00, -9999.00, -9999.00, -9999.00, -9999.00, -9999.00
41, 7, LOC_CITY_QUANG_TRI, 3.00, -9999.00, 0.00, -9999.00, 0.00, -9999.00, -9999.00, -9999.00, -9999.00, -9999.00, -9999.00
41, 7, LOC_CITY_NAME_ARPINUM, 3.00, -9999.00, 0.00, -9999.00, -9999.00, -9999.00, -9999.00, -9999.00, -9999.00, -9999.00, -9999.00
41, 7, LOC_CITY_NAME_VILNIUS, -9999.00, -9999.00, -9999.00, -9999.00, -9999.00, -9999.00, -9999.00, -9999.00, 0.00, -9999.00, -9999.00
41, 7, LOC_CITY_NAME_FORTALEZA, 4.00, -9999.00, -9999.00, -9999.00, -9999.00, -9999.00, -9999.00, -9999.00, -9999.00, -9999.00, -9999.00
41, 7, LOC_CITY_NAME_CHALKIDIKI, 3.00, -9999.00, 0.00, -9999.00, -9999.00, -9999.00, -9999.00, -9999.00, -9999.00, -9999.00, -9999.00
41, 7, LOC_CITY_NAME_COLOGNE, -9999.00, -9999.00, -9999.00, -9999.00, -9999.00, -9999.00, -9999.00, -9999.00, -9999.00, -9999.00, -9999.00
41, 7, LOC_CITY_NAME_KERMA, 2.00, -9999.00, 58.91, -9999.00, -9999.00, -9999.00, -9999.00, -9999.00, -9999.00, -9999.00, 2051.70
41, 7, LOC_CITY_HOI_AN, 3.00, -9999.00, -9999.00, -9999.00, -9999.00, -9999.00, -9999.00, -9999.00, -9999.00, -9999.00, -9999.00
41, 7, LOC_CITY_NAME_LUGDUNUM, 3.00, -9999.00, -9999.00, -9999.00, -9999.00, -9999.00, -9999.00, -9999.00, -9999.00, -9999.00, -9999.00
41, 7, LOC_CITY_NAME_BABYLON_STK, 0.00, -9999.00, 571.46, -9999.00, -9999.00, -9999.00, -9999.00, -9999.00, -9999.00, -9999.00, 1756.18
41, 7, LOC_CITY_NAME_ALEXANDRIA_LATMUS, 3.00, -9999.00, 0.00, -9999.00, -9999.00, -9999.00, -9999.00, -9999.00, -9999.00, -9999.00, -9999.00
41, 7, LOC_CITY_NAME_PATNA, 0.00, -9999.00, -9999.00, -9999.00, -9999.00, -9999.00, -9999.00, -9999.00, -9999.00, -9999.00, 1649.81
41, 7, LOC_CITY_NAME_CURITIBA, 4.00, -9999.00, -9999.00, -9999.00, -9999.00, -9999.00, -9999.00, -9999.00, -9999.00, -9999.00, -9999.00
41, 7, LOC_CITY_NAME_LISBON, -9999.00, -9999.00, -9999.00, -9999.00, -9999.00, -9999.00, -9999.00, -9999.00, 0.00, -9999.00, -9999.00
41, 7, LOC_CITY_NAME_SWENETT, 0.00, -9999.00, -9999.00, -9999.00, -9999.00, 145.89, -9999.00, -9999.00, -9999.00, -9999.00, 1255.56
41, 7, LOC_CITY_NAME_BORSIPPA, 0.00, -9999.00, 571.46, -9999.00, -9999.00, 114.83, -9999.00, -9999.00, -9999.00, -9999.00, 301.16
41, 7, LOC_CITY_NAME_KARKAR, 0.00, -9999.00, 571.46, -9999.00, -9999.00, 100.47, -9999.00, -9999.00, -9999.00, -9999.00, 515.87
41, 7, LOC_CITY_NAME_CUMAE, 3.00, -9999.00, -9999.00, -9999.00, -9999.00, -9999.00, -9999.00, -9999.00, -9999.00, -9999.00, -9999.00
41, 7, LOC_CITY_NAME_MEROE, 2.00, -9999.00, 58.91, -9999.00, -9999.00, -9999.00, -9999.00, -9999.00, -9999.00, -9999.00, 2021.14
41, 7, LOC_CITY_NAME_KUMASI, -9999.00, -9999.00, -9999.00, -9999.00, -9999.00, -9999.00, -9999.00, -9999.00, 0.00, -9999.00, -9999.00
41, 7, LOC_CITY_NAME_MEMPHIS, 0.00, -9999.00, -9999.00, -9999.00, -9999.00, 100.47, -9999.00, -9999.00, -9999.00, -9999.00, 1349.68
41, 7, LOC_CITY_NAME_JOHANNESBURG, -9999.00, -9999.00, -9999.00, -9999.00, -9999.00, -9999.00, -9999.00, -9999.00, 0.00, -9999.00, -9999.00
41, 7, LOC_CITY_NAME_DORTMUND, -9999.00, -9999.00, -9999.00, -9999.00, -9999.00, -9999.00, -9999.00, -9999.00, -9999.00, -9999.00, -9999.00
41, 7, LOC_CITY_HOA_LU, 3.00, -9999.00, -9999.00, -9999.00, -9999.00, -9999.00, -9999.00, -9999.00, -9999.00, -9999.00, -9999.00
41, 7, LOC_CITY_NAME_FEZ, 3.00, -9999.00, -9999.00, -9999.00, -9999.00, -9999.00, -9999.00, -9999.00, -9999.00, -9999.00, -9999.00
41, 7, LOC_CITY_NAME_KAWA, 2.00, -9999.00, -9999.00, -9999.00, -9999.00, 86.12, -9999.00, -9999.00, -9999.00, -9999.00, 1096.72
41, 7, LOC_CITY_NAME_JERUSALEM, 4.00, -9999.00, -9999.00, -9999.00, -9999.00, -9999.00, -9999.00, -9999.00, -9999.00, -9999.00, -9999.00
41, 7, LOC_CITY_NAME_SALVADOR, 4.00, -9999.00, -9999.00, -9999.00, -9999.00, -9999.00, -9999.00, -9999.00, -9999.00, -9999.00, -9999.00
41, 7, LOC_CITY_NAME_EL_KURRU, 2.00, -9999.00, 58.91, -9999.00, -9999.00, 93.29, -9999.00, -9999.00, -9999.00, -9999.00, -9999.00
41, 7, LOC_CITY_NAME_VATICAN_CITY, -9999.00, -9999.00, -9999.00, -9999.00, -9999.00, -9999.00, -9999.00, -9999.00, 0.00, -9999.00, -9999.00
41, 7, LOC_CITY_NAME_PRESLAV, -9999.00, -9999.00, -9999.00, -9999.00, -9999.00, -9999.00, -9999.00, -9999.00, 0.00, -9999.00, -9999.00
41, 7, LOC_CITY_NAME_HEIDELBERG, -9999.00, -9999.00, -9999.00, -9999.00, -9999.00, -9999.00, -9999.00, -9999.00, -9999.00, -9999.00, -9999.00
41, 7, LOC_CITY_NAME_METHONE, 3.00, -9999.00, -9999.00, -9999.00, -9999.00, -9999.00, -9999.00, -9999.00, -9999.00, -9999.00, -9999.00
41, 7, LOC_CITY_NAME_AKHETATEN, 0.00, -9999.00, -9999.00, -9999.00, -9999.00, -9999.00, -9999.00, -9999.00, -9999.00, -9999.00, -9999.00
41, 7, LOC_CITY_NAME_BUENOS_AIRES, 3.00, -9999.00, -9999.00, -9999.00, -9999.00, -9999.00, -9999.00, -9999.00, -9999.00, -9999.00, -9999.00
41, 7, LOC_CITY_NAME_BABYLON, -9999.00, -9999.00, -9999.00, -9999.00, -9999.00, -9999.00, -9999.00, -9999.00, 0.00, -9999.00, -9999.00
41, 7, LOC_CITY_NAME_QASR_IBRIM, 2.00, -9999.00, 58.91, -9999.00, -9999.00, -9999.00, -9999.00, -9999.00, -9999.00, -9999.00, -9999.00
41, 7, LOC_CITY_NAME_HEH, 2.00, -9999.00, -9999.00, -9999.00, -9999.00, -9999.00, -9999.00, -9999.00, -9999.00, -9999.00, -9999.00
41, 8, LOC_CITY_NAME_AACHEN, 1.00, -9999.00, 111.67, 125.00, -9999.00, -9999.00, -9999.00, -9999.00, -9999.00, -9999.00, -9999.00
41, 8, LOC_CITY_NAME_RIO_DE_JANEIRO, 3.00, -9999.00, -9999.00, -9999.00, -9999.00, 138.59, -9999.00, -9999.00, -9999.00, -9999.00, -9999.00
41, 8, LOC_CITY_NAME_PELLA, 3.00, -9999.00, -9999.00, -9999.00, 115.94, 115.70, -9999.00, -9999.00, -9999.00, -9999.00, -9999.00
41, 8, LOC_CITY_HA_NOI, -9999.00, -9999.00, -9999.00, -9999.00, -9999.00, -9999.00, -9999.00, -9999.00, -9999.00, -9999.00, -9999.00
41, 8, LOC_CITY_NAME_ROME, 3.00, -9999.00, 111.67, -9999.00, -9999.00, -9999.00, -9999.00, -9999.00, -9999.00, -9999.00, -9999.00
41, 8, LOC_CITY_HUE, -9999.00, -9999.00, -9999.00, -9999.00, -9999.00, -9999.00, -9999.00, -9999.00, -9999.00, -9999.00, -9999.00
41, 8, LOC_CITY_NAME_SAO_PAULO, 3.00, -9999.00, 561.20, -9999.00, -9999.00, -9999.00, -9999.00, -9999.00, -9999.00, -9999.00, -9999.00
41, 8, LOC_CITY_NAME_ALEXANDRIA_TROAS, 3.00, -9999.00, 67.17, -9999.00, -9999.00, -9999.00, -9999.00, -9999.00, -9999.00, -9999.00, -9999.00
41, 8, LOC_CITY_NAME_ARRETIUM, 3.00, -9999.00, 111.67, -9999.00, 0.00, -9999.00, -9999.00, -9999.00, -9999.00, -9999.00, -9999.00
41, 8, LOC_CITY_NAME_MAGDEBURG, 1.00, -9999.00, 111.67, -9999.00, -9999.00, -9999.00, -9999.00, -9999.00, -9999.00, -9999.00, -9999.00
41, 8, LOC_CITY_QUANG_TRI, -9999.00, -9999.00, -9999.00, -9999.00, -9999.00, -9999.00, -9999.00, -9999.00, -9999.00, -9999.00, -9999.00
41, 8, LOC_CITY_NAME_ARPINUM, 3.00, -9999.00, 111.67, -9999.00, -9999.00, -9999.00, -9999.00, -9999.00, -9999.00, -9999.00, -9999.00
41, 8, LOC_CITY_NAME_VILNIUS, -9999.00, -9999.00, -9999.00, -9999.00, -9999.00, -9999.00, -9999.00, -9999.00, 0.00, -9999.00, -9999.00
41, 8, LOC_CITY_NAME_FORTALEZA, 3.00, -9999.00, -9999.00, -9999.00, -9999.00, -9999.00, -9999.00, -9999.00, -9999.00, -9999.00, -9999.00
41, 8, LOC_CITY_NAME_CHALKIDIKI, 3.00, -9999.00, 67.17, -9999.00, -9999.00, -9999.00, -9999.00, -9999.00, -9999.00, -9999.00, -9999.00
41, 8, LOC_CITY_NAME_COLOGNE, 1.00, -9999.00, -9999.00, 125.00, -9999.00, -9999.00, -9999.00, -9999.00, -9999.00, -9999.00, -9999.00
41, 8, LOC_CITY_HOI_AN, -9999.00, -9999.00, -9999.00, -9999.00, -9999.00, -9999.00, -9999.00, -9999.00, -9999.00, -9999.00, -9999.00
41, 8, LOC_CITY_NAME_KERMA, 0.00, -9999.00, 67.17, -9999.00, -9999.00, -9999.00, -9999.00, -9999.00, -9999.00, -9999.00, 1950.20
41, 8, LOC_CITY_NAME_LUGDUNUM, 3.00, -9999.00, -9999.00, -9999.00, -9999.00, -9999.00, -9999.00, -9999.00, -9999.00, -9999.00, -9999.00
41, 8, LOC_CITY_NAME_BABYLON_STK, 0.00, -9999.00, 561.20, -9999.00, -9999.00, -9999.00, -9999.00, -9999.00, -9999.00, -9999.00, 1668.43
41, 8, LOC_CITY_NAME_ALEXANDRIA_LATMUS, 3.00, -9999.00, 67.17, -9999.00, -9999.00, -9999.00, -9999.00, -9999.00, -9999.00, -9999.00, -9999.00
41, 8, LOC_CITY_NAME_PATNA, 0.00, -9999.00, -9999.00, 125.00, -9999.00, -9999.00, -9999.00, -9999.00, -9999.00, -9999.00, 1522.08
41, 8, LOC_CITY_NAME_CURITIBA, 3.00, -9999.00, -9999.00, -9999.00, -9999.00, -9999.00, -9999.00, -9999.00, -9999.00, -9999.00, -9999.00
41, 8, LOC_CITY_NAME_LISBON, -9999.00, -9999.00, -9999.00, -9999.00, -9999.00, -9999.00, -9999.00, -9999.00, 0.00, -9999.00, -9999.00
41, 8, LOC_CITY_NAME_SWENETT, 0.00, -9999.00, -9999.00, -9999.00, -9999.00, 145.89, -9999.00, -9999.00, -9999.00, -9999.00, 1238.06
41, 8, LOC_CITY_NAME_BORSIPPA, 0.00, -9999.00, 561.20, -9999.00, -9999.00, 114.83, -9999.00, -9999.00, -9999.00, -9999.00, 287.16
41, 8, LOC_CITY_NAME_KARKAR, 0.00, -9999.00, 561.20, -9999.00, -9999.00, 100.47, -9999.00, -9999.00, -9999.00, -9999.00, 512.37
41, 8, LOC_CITY_NAME_CUMAE, 3.00, -9999.00, -9999.00, -9999.00, -9999.00, -9999.00, -9999.00, -9999.00, -9999.00, -9999.00, -9999.00
41, 8, LOC_CITY_NAME_MEROE, 0.00, -9999.00, 67.17, -9999.00, -9999.00, -9999.00, -9999.00, -9999.00, -9999.00, -9999.00, 1884.39
41, 8, LOC_CITY_NAME_KUMASI, -9999.00, -9999.00, -9999.00, -9999.00, -9999.00, -9999.00, -9999.00, -9999.00, 0.00, -9999.00, -9999.00
41, 8, LOC_CITY_NAME_MEMPHIS, 0.00, -9999.00, -9999.00, -9999.00, -9999.00, 100.47, -9999.00, -9999.00, -9999.00, -9999.00, 1321.68
41, 8, LOC_CITY_NAME_JOHANNESBURG, -9999.00, -9999.00, -9999.00, -9999.00, -9999.00, -9999.00, -9999.00, -9999.00, 0.00, -9999.00, -9999.00
41, 8, LOC_CITY_NAME_DORTMUND, 1.00, -9999.00, -9999.00, -9999.00, -9999.00, -9999.00, -9999.00, -9999.00, -9999.00, -9999.00, -9999.00
41, 8, LOC_CITY_HOA_LU, -9999.00, -9999.00, -9999.00, -9999.00, -9999.00, -9999.00, -9999.00, -9999.00, -9999.00, -9999.00, -9999.00
41, 8, LOC_CITY_NAME_FEZ, 3.00, -9999.00, -9999.00, -9999.00, -9999.00, -9999.00, -9999.00, -9999.00, -9999.00, -9999.00, -9999.00
41, 8, LOC_CITY_NAME_KAWA, 0.00, -9999.00, -9999.00, -9999.00, -9999.00, 86.12, -9999.00, -9999.00, -9999.00, -9999.00, 1078.97
41, 8, LOC_CITY_NAME_JERUSALEM, 3.00, -9999.00, -9999.00, -9999.00, -9999.00, -9999.00, -9999.00, -9999.00, -9999.00, -9999.00, -9999.00
41, 8, LOC_CITY_NAME_SALVADOR, 3.00, -9999.00, -9999.00, -9999.00, -9999.00, -9999.00, -9999.00, -9999.00, -9999.00, -9999.00, -9999.00
41, 8, LOC_CITY_NAME_EL_KURRU, 0.00, -9999.00, 67.17, -9999.00, -9999.00, 93.29, -9999.00, -9999.00, -9999.00, -9999.00, -9999.00
41, 8, LOC_CITY_NAME_VATICAN_CITY, -9999.00, -9999.00, -9999.00, -9999.00, -9999.00, -9999.00, -9999.00, -9999.00, 0.00, -9999.00, -9999.00
41, 8, LOC_CITY_NAME_HEIDELBERG, 1.00, -9999.00, -9999.00, -9999.00, -9999.00, -9999.00, -9999.00, -9999.00, -9999.00, -9999.00, -9999.00
41, 8, LOC_CITY_NAME_PRESLAV, -9999.00, -9999.00, -9999.00, -9999.00, -9999.00, -9999.00, -9999.00, -9999.00, 0.00, -9999.00, -9999.00
41, 8, LOC_CITY_NAME_METHONE, 3.00, -9999.00, -9999.00, -9999.00, -9999.00, -9999.00, -9999.00, -9999.00, -9999.00, -9999.00, -9999.00
41, 8, LOC_CITY_NAME_AKHETATEN, 0.00, -9999.00, -9999.00, -9999.00, -9999.00, -9999.00, -9999.00, -9999.00, -9999.00, -9999.00, -9999.00
41, 8, LOC_CITY_NAME_BUENOS_AIRES, 3.00, -9999.00, -9999.00, -9999.00, -9999.00, -9999.00, -9999.00, -9999.00, -9999.00, -9999.00, -9999.00
41, 8, LOC_CITY_NAME_BABYLON, -9999.00, -9999.00, -9999.00, -9999.00, -9999.00, -9999.00, -9999.00, -9999.00, 0.00, -9999.00, -9999.00
41, 8, LOC_CITY_NAME_QASR_IBRIM, 0.00, -9999.00, 67.17, -9999.00, -9999.00, -9999.00, -9999.00, -9999.00, -9999.00, -9999.00, -9999.00
41, 8, LOC_CITY_NAME_HEH, 0.00, -9999.00, -9999.00, -9999.00, -9999.00, -9999.00, -9999.00, -9999.00, -9999.00, -9999.00, -9999.00
41, 8, LOC_CITY_DONG_HOI, -9999.00, -9999.00, -9999.00, -9999.00, -9999.00, -9999.00, -9999.00, -9999.00, -9999.00, -9999.00, -9999.00
41, 9, LOC_CITY_HA_NOI, 2.00, -9999.00, 292.71, -9999.00, -9999.00, -9999.00, -9999.00, -9999.00, -9999.00, -9999.00, -9999.00
41, 9, LOC_CITY_NAME_AACHEN, 1.00, -9999.00, 292.71, 125.00, -9999.00, -9999.00, -9999.00, -9999.00, -9999.00, -9999.00, -9999.00
41, 9, LOC_CITY_NAME_RIO_DE_JANEIRO, 3.00, -9999.00, -9999.00, -9999.00, -9999.00, 156.44, -9999.00, -9999.00, -9999.00, -9999.00, -9999.00
41, 9, LOC_CITY_NAME_PELLA, 3.00, -9999.00, -9999.00, -9999.00, 115.94, 130.60, -9999.00, -9999.00, -9999.00, -9999.00, -9999.00
41, 9, LOC_CITY_NAME_ROME, -9999.00, -9999.00, -9999.00, -9999.00, -9999.00, -9999.00, -9999.00, -9999.00, -9999.00, -9999.00, -9999.00
41, 9, LOC_CITY_HUE, 2.00, -9999.00, -9999.00, -9999.00, -9999.00, -9999.00, -9999.00, -9999.00, -9999.00, -9999.00, -9999.00
41, 9, LOC_CITY_NAME_SAO_PAULO, 3.00, -9999.00, 470.86, -9999.00, -9999.00, -9999.00, -9999.00, -9999.00, -9999.00, -9999.00, -9999.00
41, 9, LOC_CITY_NAME_ALEXANDRIA_TROAS, 3.00, -9999.00, 78.34, -9999.00, -9999.00, -9999.00, -9999.00, -9999.00, -9999.00, -9999.00, -9999.00
41, 9, LOC_CITY_NAME_ARRETIUM, -9999.00, -9999.00, -9999.00, -9999.00, -9999.00, -9999.00, -9999.00, -9999.00, -9999.00, -9999.00, -9999.00
41, 9, LOC_CITY_QUANG_TRI, 2.00, -9999.00, 292.71, -9999.00, 0.00, -9999.00, -9999.00, -9999.00, -9999.00, -9999.00, -9999.00
41, 9, LOC_CITY_NAME_MAGDEBURG, 1.00, -9999.00, 292.71, -9999.00, -9999.00, -9999.00, -9999.00, -9999.00, -9999.00, -9999.00, -9999.00
41, 9, LOC_CITY_NAME_ARPINUM, -9999.00, -9999.00, -9999.00, -9999.00, -9999.00, -9999.00, -9999.00, -9999.00, -9999.00, -9999.00, -9999.00
41, 9, LOC_CITY_NAME_VILNIUS, -9999.00, -9999.00, -9999.00, -9999.00, -9999.00, -9999.00, -9999.00, -9999.00, 0.00, -9999.00, -9999.00
41, 9, LOC_CITY_NAME_FORTALEZA, 3.00, -9999.00, -9999.00, -9999.00, -9999.00, -9999.00, -9999.00, -9999.00, -9999.00, -9999.00, -9999.00
41, 9, LOC_CITY_NAME_CHALKIDIKI, 3.00, -9999.00, 78.34, -9999.00, -9999.00, -9999.00, -9999.00, -9999.00, -9999.00, -9999.00, -9999.00
41, 9, LOC_CITY_NAME_COLOGNE, 1.00, -9999.00, -9999.00, 125.00, -9999.00, -9999.00, -9999.00, -9999.00, -9999.00, -9999.00, -9999.00
41, 9, LOC_CITY_HOI_AN, 2.00, -9999.00, -9999.00, -9999.00, -9999.00, -9999.00, -9999.00, -9999.00, -9999.00, -9999.00, -9999.00
41, 9, LOC_CITY_NAME_LUGDUNUM, -9999.00, -9999.00, -9999.00, -9999.00, -9999.00, -9999.00, -9999.00, -9999.00, -9999.00, -9999.00, -9999.00
41, 9, LOC_CITY_NAME_KERMA, 0.00, -9999.00, 78.34, -9999.00, -9999.00, -9999.00, -9999.00, -9999.00, -9999.00, -9999.00, 1953.39
41, 9, LOC_CITY_NAME_BABYLON_STK, 0.00, -9999.00, 292.71, -9999.00, -9999.00, -9999.00, -9999.00, -9999.00, -9999.00, -9999.00, 1674.58
41, 9, LOC_CITY_NAME_ALEXANDRIA_LATMUS, 3.00, -9999.00, 78.34, -9999.00, -9999.00, -9999.00, -9999.00, -9999.00, -9999.00, -9999.00, -9999.00
41, 9, LOC_CITY_NAME_PATNA, 0.00, -9999.00, -9999.00, 125.00, -9999.00, -9999.00, -9999.00, -9999.00, -9999.00, -9999.00, 1421.11
41, 9, LOC_CITY_NAME_CURITIBA, 3.00, -9999.00, -9999.00, -9999.00, -9999.00, -9999.00, -9999.00, -9999.00, -9999.00, -9999.00, -9999.00
41, 9, LOC_CITY_NAME_LISBON, -9999.00, -9999.00, -9999.00, -9999.00, -9999.00, -9999.00, -9999.00, -9999.00, 0.00, -9999.00, -9999.00
41, 9, LOC_CITY_NAME_SWENETT, 0.00, -9999.00, -9999.00, -9999.00, -9999.00, 164.68, -9999.00, -9999.00, -9999.00, -9999.00, 1230.98
41, 9, LOC_CITY_NAME_BORSIPPA, 0.00, -9999.00, 292.71, -9999.00, -9999.00, 129.62, -9999.00, -9999.00, -9999.00, -9999.00, 286.39
41, 9, LOC_CITY_NAME_KARKAR, 0.00, -9999.00, 292.71, -9999.00, -9999.00, 113.41, -9999.00, -9999.00, -9999.00, -9999.00, 512.18
41, 9, LOC_CITY_NAME_MEROE, 0.00, -9999.00, 78.34, -9999.00, -9999.00, -9999.00, -9999.00, -9999.00, -9999.00, -9999.00, 1896.61
41, 9, LOC_CITY_NAME_CUMAE, -9999.00, -9999.00, -9999.00, -9999.00, -9999.00, -9999.00, -9999.00, -9999.00, -9999.00, -9999.00, -9999.00
41, 9, LOC_CITY_NAME_KUMASI, -9999.00, -9999.00, -9999.00, -9999.00, -9999.00, -9999.00, -9999.00, -9999.00, 0.00, -9999.00, -9999.00
41, 9, LOC_CITY_NAME_MEMPHIS, 0.00, -9999.00, -9999.00, -9999.00, -9999.00, 113.41, -9999.00, -9999.00, -9999.00, -9999.00, 1317.52
41, 9, LOC_CITY_NAME_JOHANNESBURG, -9999.00, -9999.00, -9999.00, -9999.00, -9999.00, -9999.00, -9999.00, -9999.00, 0.00, -9999.00, -9999.00
41, 9, LOC_CITY_HOA_LU, 2.00, -9999.00, -9999.00, -9999.00, -9999.00, -9999.00, -9999.00, -9999.00, -9999.00, -9999.00, -9999.00
41, 9, LOC_CITY_NAME_DORTMUND, 1.00, -9999.00, -9999.00, -9999.00, -9999.00, -9999.00, -9999.00, -9999.00, -9999.00, -9999.00, -9999.00
41, 9, LOC_CITY_NAME_FEZ, 3.00, -9999.00, -9999.00, -9999.00, -9999.00, -9999.00, -9999.00, -9999.00, -9999.00, -9999.00, -9999.00
41, 9, LOC_CITY_NAME_KAWA, 0.00, -9999.00, -9999.00, -9999.00, -9999.00, 97.21, -9999.00, -9999.00, -9999.00, -9999.00, 1074.08
41, 9, LOC_CITY_NAME_JERUSALEM, 3.00, -9999.00, -9999.00, -9999.00, -9999.00, -9999.00, -9999.00, -9999.00, -9999.00, -9999.00, -9999.00
41, 9, LOC_CITY_NAME_SALVADOR, 3.00, -9999.00, -9999.00, -9999.00, -9999.00, -9999.00, -9999.00, -9999.00, -9999.00, -9999.00, -9999.00
41, 9, LOC_CITY_NAME_EL_KURRU, 0.00, -9999.00, 78.34, -9999.00, -9999.00, 105.31, -9999.00, -9999.00, -9999.00, -9999.00, -9999.00
41, 9, LOC_CITY_NAME_VATICAN_CITY, -9999.00, -9999.00, -9999.00, -9999.00, -9999.00, -9999.00, -9999.00, -9999.00, 0.00, -9999.00, -9999.00
41, 9, LOC_CITY_NAME_HEIDELBERG, 1.00, -9999.00, -9999.00, -9999.00, -9999.00, -9999.00, -9999.00, -9999.00, -9999.00, -9999.00, -9999.00
41, 9, LOC_CITY_NAME_PRESLAV, -9999.00, -9999.00, -9999.00, -9999.00, -9999.00, -9999.00, -9999.00, -9999.00, 0.00, -9999.00, -9999.00
41, 9, LOC_CITY_NAME_METHONE, 3.00, -9999.00, -9999.00, -9999.00, -9999.00, -9999.00, -9999.00, -9999.00, -9999.00, -9999.00, -9999.00
41, 9, LOC_CITY_NAME_AKHETATEN, 0.00, -9999.00, -9999.00, -9999.00, -9999.00, -9999.00, -9999.00, -9999.00, -9999.00, -9999.00, -9999.00
41, 9, LOC_CITY_NAME_BUENOS_AIRES, 3.00, -9999.00, -9999.00, -9999.00, -9999.00, -9999.00, -9999.00, -9999.00, -9999.00, -9999.00, -9999.00
41, 9, LOC_CITY_NAME_BABYLON, -9999.00, -9999.00, -9999.00, -9999.00, -9999.00, -9999.00, -9999.00, -9999.00, 0.00, -9999.00, -9999.00
41, 9, LOC_CITY_NAME_QASR_IBRIM, 0.00, -9999.00, 78.34, -9999.00, -9999.00, -9999.00, -9999.00, -9999.00, -9999.00, -9999.00, -9999.00
41, 9, LOC_CITY_NAME_HEH, 0.00, -9999.00, -9999.00, -9999.00, -9999.00, -9999.00, -9999.00, -9999.00, -9999.00, -9999.00, -9999.00
41, 9, LOC_CITY_DONG_HOI, 2.00, -9999.00, -9999.00, -9999.00, -9999.00, -9999.00, -9999.00, -9999.00, -9999.00, -9999.00, -9999.00
42, 5, LOC_CITY_NAME_PELLA, -9999.00, -9999.00, -9999.00, -9999.00, -9999.00, -9999.00, -9999.00, -9999.00, -9999.00, -9999.00, -9999.00
42, 5, LOC_CITY_NAME_ROME, 1.00, -9999.00, -9999.00, -9999.00, -9999.00, -9999.00, -9999.00, -9999.00, -9999.00, -9999.00, -9999.00
42, 5, LOC_CITY_HA_NOI, 1.00, -9999.00, 292.71, -9999.00, -9999.00, -9999.00, -9999.00, -9999.00, -9999.00, -9999.00, -9999.00
42, 5, LOC_CITY_NAME_AACHEN, 1.00, -9999.00, 292.71, 125.00, -9999.00, -9999.00, -9999.00, -9999.00, -9999.00, -9999.00, -9999.00
42, 5, LOC_CITY_NAME_RIO_DE_JANEIRO, 3.00, -9999.00, -9999.00, -9999.00, -9999.00, 138.59, -9999.00, -9999.00, -9999.00, -9999.00, -9999.00
42, 5, LOC_CITY_HUE, 1.00, -9999.00, -9999.00, -9999.00, -9999.00, -9999.00, -9999.00, -9999.00, -9999.00, -9999.00, -9999.00
42, 5, LOC_CITY_NAME_ALEXANDRIA_TROAS, -9999.00, -9999.00, -9999.00, -9999.00, -9999.00, -9999.00, -9999.00, -9999.00, -9999.00, -9999.00, -9999.00
42, 5, LOC_CITY_NAME_SAO_PAULO, 3.00, -9999.00, -9999.00, -9999.00, -9999.00, -9999.00, -9999.00, -9999.00, -9999.00, -9999.00, -9999.00
42, 5, LOC_CITY_NAME_ARRETIUM, 1.00, -9999.00, -9999.00, -9999.00, 135.94, -9999.00, -9999.00, -9999.00, -9999.00, -9999.00, -9999.00
42, 5, LOC_CITY_QUANG_TRI, 1.00, -9999.00, 292.71, -9999.00, 0.00, -9999.00, -9999.00, -9999.00, -9999.00, -9999.00, -9999.00
42, 5, LOC_CITY_NAME_MAGDEBURG, 1.00, -9999.00, 292.71, -9999.00, -9999.00, -9999.00, -9999.00, -9999.00, -9999.00, -9999.00, -9999.00
42, 5, LOC_CITY_NAME_ARPINUM, 1.00, -9999.00, -9999.00, -9999.00, -9999.00, -9999.00, -9999.00, -9999.00, -9999.00, -9999.00, -9999.00
42, 5, LOC_CITY_NAME_VILNIUS, -9999.00, -9999.00, -9999.00, -9999.00, -9999.00, -9999.00, -9999.00, -9999.00, 0.00, -9999.00, -9999.00
42, 5, LOC_CITY_NAME_CHALKIDIKI, -9999.00, -9999.00, -9999.00, -9999.00, -9999.00, -9999.00, -9999.00, -9999.00, -9999.00, -9999.00, -9999.00
42, 5, LOC_CITY_NAME_FORTALEZA, 3.00, -9999.00, -9999.00, -9999.00, -9999.00, -9999.00, -9999.00, -9999.00, -9999.00, -9999.00, -9999.00
42, 5, LOC_CITY_NAME_COLOGNE, 1.00, -9999.00, -9999.00, 125.00, -9999.00, -9999.00, -9999.00, -9999.00, -9999.00, -9999.00, -9999.00
42, 5, LOC_CITY_NAME_KERMA, 0.00, -9999.00, -9999.00, -9999.00, -9999.00, -9999.00, -9999.00, -9999.00, -9999.00, -9999.00, 2377.92
42, 5, LOC_CITY_HOI_AN, 1.00, -9999.00, -9999.00, -9999.00, -9999.00, -9999.00, -9999.00, -9999.00, -9999.00, -9999.00, -9999.00
42, 5, LOC_CITY_NAME_LUGDUNUM, 1.00, -9999.00, -9999.00, -9999.00, -9999.00, -9999.00, -9999.00, -9999.00, -9999.00, -9999.00, -9999.00
42, 5, LOC_CITY_NAME_BABYLON_STK, 0.00, -9999.00, 292.71, -9999.00, -9999.00, -9999.00, -9999.00, -9999.00, -9999.00, -9999.00, 2125.50
42, 5, LOC_CITY_NAME_PATNA, 0.00, -9999.00, -9999.00, 125.00, -9999.00, 208.13, -9999.00, -9999.00, -9999.00, -9999.00, 1878.88
42, 5, LOC_CITY_NAME_ALEXANDRIA_LATMUS, -9999.00, -9999.00, -9999.00, -9999.00, -9999.00, -9999.00, -9999.00, -9999.00, -9999.00, -9999.00, -9999.00
42, 5, LOC_CITY_NAME_CURITIBA, 3.00, -9999.00, -9999.00, -9999.00, -9999.00, -9999.00, -9999.00, -9999.00, -9999.00, -9999.00, -9999.00
42, 5, LOC_CITY_NAME_LISBON, -9999.00, -9999.00, -9999.00, -9999.00, -9999.00, -9999.00, -9999.00, -9999.00, 0.00, -9999.00, -9999.00
42, 5, LOC_CITY_NAME_SWENETT, 0.00, -9999.00, -9999.00, -9999.00, -9999.00, 162.11, -9999.00, -9999.00, -9999.00, -9999.00, 1468.61
42, 5, LOC_CITY_NAME_BORSIPPA, 0.00, -9999.00, 292.71, -9999.00, -9999.00, 114.83, -9999.00, -9999.00, -9999.00, -9999.00, 544.50
42, 5, LOC_CITY_NAME_KARKAR, 0.00, -9999.00, 292.71, -9999.00, -9999.00, 129.19, -9999.00, -9999.00, -9999.00, -9999.00, 693.18
42, 5, LOC_CITY_NAME_CUMAE, 1.00, -9999.00, -9999.00, -9999.00, -9999.00, -9999.00, -9999.00, -9999.00, -9999.00, -9999.00, -9999.00
42, 5, LOC_CITY_NAME_MEROE, 0.00, -9999.00, -9999.00, -9999.00, -9999.00, -9999.00, -9999.00, -9999.00, -9999.00, -9999.00, 2322.18
42, 5, LOC_CITY_NAME_KUMASI, -9999.00, -9999.00, -9999.00, -9999.00, -9999.00, -9999.00, -9999.00, -9999.00, 0.00, -9999.00, -9999.00
42, 5, LOC_CITY_NAME_MEMPHIS, 0.00, -9999.00, -9999.00, -9999.00, -9999.00, 100.47, -9999.00, -9999.00, -9999.00, -9999.00, 1555.89
42, 5, LOC_CITY_NAME_JOHANNESBURG, -9999.00, -9999.00, -9999.00, -9999.00, -9999.00, -9999.00, -9999.00, -9999.00, 0.00, -9999.00, -9999.00
42, 5, LOC_CITY_HOA_LU, 1.00, -9999.00, -9999.00, -9999.00, -9999.00, -9999.00, -9999.00, -9999.00, -9999.00, -9999.00, -9999.00
42, 5, LOC_CITY_NAME_DORTMUND, 1.00, -9999.00, -9999.00, -9999.00, -9999.00, -9999.00, -9999.00, -9999.00, -9999.00, -9999.00, -9999.00
42, 5, LOC_CITY_NAME_FEZ, -9999.00, -9999.00, -9999.00, -9999.00, -9999.00, -9999.00, -9999.00, -9999.00, -9999.00, -9999.00, -9999.00
42, 5, LOC_CITY_NAME_KAWA, 0.00, -9999.00, -9999.00, -9999.00, -9999.00, 86.12, -9999.00, -9999.00, -9999.00, -9999.00, 1236.98
42, 5, LOC_CITY_NAME_EL_KURRU, 0.00, -9999.00, -9999.00, -9999.00, -9999.00, 93.29, -9999.00, -9999.00, -9999.00, -9999.00, -9999.00
42, 5, LOC_CITY_NAME_VATICAN_CITY, -9999.00, -9999.00, -9999.00, -9999.00, -9999.00, -9999.00, -9999.00, -9999.00, 0.00, -9999.00, -9999.00
42, 5, LOC_CITY_NAME_JERUSALEM, 3.00, -9999.00, -9999.00, -9999.00, -9999.00, -9999.00, -9999.00, -9999.00, -9999.00, -9999.00, -9999.00
42, 5, LOC_CITY_NAME_SALVADOR, 3.00, -9999.00, -9999.00, -9999.00, -9999.00, -9999.00, -9999.00, -9999.00, -9999.00, -9999.00, -9999.00
42, 5, LOC_CITY_NAME_PRESLAV, -9999.00, -9999.00, -9999.00, -9999.00, -9999.00, -9999.00, -9999.00, -9999.00, 0.00, -9999.00, -9999.00
42, 5, LOC_CITY_NAME_HEIDELBERG, 1.00, -9999.00, -9999.00, -9999.00, -9999.00, -9999.00, -9999.00, -9999.00, -9999.00, -9999.00, -9999.00
42, 5, LOC_CITY_NAME_AKHETATEN, 0.00, -9999.00, -9999.00, -9999.00, -9999.00, -9999.00, -9999.00, -9999.00, -9999.00, -9999.00, -9999.00
42, 5, LOC_CITY_NAME_METHONE, -9999.00, -9999.00, -9999.00, -9999.00, -9999.00, -9999.00, -9999.00, -9999.00, -9999.00, -9999.00, -9999.00
42, 5, LOC_CITY_NAME_BUENOS_AIRES, -9999.00, -9999.00, -9999.00, -9999.00, -9999.00, -9999.00, -9999.00, -9999.00, -9999.00, -9999.00, -9999.00
42, 5, LOC_CITY_NAME_BABYLON, -9999.00, -9999.00, -9999.00, -9999.00, -9999.00, -9999.00, -9999.00, -9999.00, 0.00, -9999.00, -9999.00
42, 5, LOC_CITY_NAME_QASR_IBRIM, 0.00, -9999.00, -9999.00, -9999.00, -9999.00, -9999.00, -9999.00, -9999.00, -9999.00, -9999.00, -9999.00
42, 5, LOC_CITY_NAME_HEH, 0.00, -9999.00, -9999.00, -9999.00, -9999.00, -9999.00, -9999.00, -9999.00, -9999.00, -9999.00, -9999.00
42, 5, LOC_CITY_NAME_SHAAT, 0.00, -9999.00, -9999.00, -9999.00, -9999.00, -9999.00, -9999.00, -9999.00, -9999.00, -9999.00, -9999.00
42, 5, LOC_CITY_NAME_SEDEINGA, 0.00, -9999.00, -9999.00, -9999.00, 0.00, -9999.00, -9999.00, -9999.00, -9999.00, -9999.00, 1166.45
42, 5, LOC_CITY_DONG_HOI, 1.00, -9999.00, -9999.00, -9999.00, -9999.00, -9999.00, -9999.00, -9999.00, -9999.00, -9999.00, -9999.00
42, 6, LOC_CITY_NAME_PELLA, 1.00, -9999.00, -9999.00, -9999.00, 115.94, 115.70, -9999.00, -9999.00, -9999.00, -9999.00, -9999.00
42, 6, LOC_CITY_NAME_RIO_DE_JANEIRO, -9999.00, -9999.00, -9999.00, -9999.00, -9999.00, -9999.00, -9999.00, -9999.00, -9999.00, -9999.00, -9999.00
42, 6, LOC_CITY_NAME_ROME, 1.00, -9999.00, -9999.00, -9999.00, -9999.00, -9999.00, -9999.00, -9999.00, -9999.00, -9999.00, -9999.00
42, 6, LOC_CITY_HA_NOI, 1.00, -9999.00, 292.71, -9999.00, -9999.00, -9999.00, -9999.00, -9999.00, -9999.00, -9999.00, -9999.00
42, 6, LOC_CITY_NAME_AACHEN, 1.00, -9999.00, 292.71, 250.00, -9999.00, -9999.00, -9999.00, -9999.00, -9999.00, -9999.00, -9999.00
42, 6, LOC_CITY_HUE, 1.00, -9999.00, -9999.00, -9999.00, -9999.00, -9999.00, -9999.00, -9999.00, -9999.00, -9999.00, -9999.00
42, 6, LOC_CITY_NAME_ALEXANDRIA_TROAS, 1.00, -9999.00, 0.00, -9999.00, -9999.00, -9999.00, -9999.00, -9999.00, -9999.00, -9999.00, -9999.00
42, 6, LOC_CITY_NAME_SAO_PAULO, -9999.00, -9999.00, -9999.00, -9999.00, -9999.00, -9999.00, -9999.00, -9999.00, -9999.00, -9999.00, -9999.00
42, 6, LOC_CITY_NAME_ARRETIUM, 1.00, -9999.00, -9999.00, -9999.00, 115.94, -9999.00, -9999.00, -9999.00, -9999.00, -9999.00, -9999.00
42, 6, LOC_CITY_QUANG_TRI, 1.00, -9999.00, 292.71, -9999.00, 0.00, -9999.00, -9999.00, -9999.00, -9999.00, -9999.00, -9999.00
42, 6, LOC_CITY_NAME_MAGDEBURG, 1.00, -9999.00, 292.71, -9999.00, -9999.00, -9999.00, -9999.00, -9999.00, -9999.00, -9999.00, -9999.00
42, 6, LOC_CITY_NAME_ARPINUM, 1.00, -9999.00, -9999.00, -9999.00, -9999.00, -9999.00, -9999.00, -9999.00, -9999.00, -9999.00, -9999.00
42, 6, LOC_CITY_NAME_VILNIUS, -9999.00, -9999.00, -9999.00, -9999.00, -9999.00, -9999.00, -9999.00, -9999.00, 0.00, -9999.00, -9999.00
42, 6, LOC_CITY_NAME_CHALKIDIKI, 1.00, -9999.00, 0.00, -9999.00, -9999.00, -9999.00, -9999.00, -9999.00, -9999.00, -9999.00, -9999.00
42, 6, LOC_CITY_NAME_FORTALEZA, -9999.00, -9999.00, -9999.00, -9999.00, -9999.00, -9999.00, -9999.00, -9999.00, -9999.00, -9999.00, -9999.00
42, 6, LOC_CITY_NAME_COLOGNE, 1.00, -9999.00, -9999.00, 250.00, -9999.00, -9999.00, -9999.00, -9999.00, -9999.00, -9999.00, -9999.00
42, 6, LOC_CITY_NAME_KERMA, 0.00, -9999.00, 0.00, -9999.00, -9999.00, -9999.00, -9999.00, -9999.00, -9999.00, -9999.00, 2159.16
42, 6, LOC_CITY_HOI_AN, 1.00, -9999.00, -9999.00, -9999.00, -9999.00, -9999.00, -9999.00, -9999.00, -9999.00, -9999.00, -9999.00
42, 6, LOC_CITY_NAME_LUGDUNUM, 1.00, -9999.00, -9999.00, -9999.00, -9999.00, -9999.00, -9999.00, -9999.00, -9999.00, -9999.00, -9999.00
42, 6, LOC_CITY_NAME_BABYLON_STK, 0.00, -9999.00, 292.71, -9999.00, -9999.00, -9999.00, -9999.00, -9999.00, -9999.00, -9999.00, 1702.05
42, 6, LOC_CITY_NAME_ALEXANDRIA_LATMUS, 1.00, -9999.00, 0.00, -9999.00, -9999.00, -9999.00, -9999.00, -9999.00, -9999.00, -9999.00, -9999.00
42, 6, LOC_CITY_NAME_PATNA, 0.00, -9999.00, -9999.00, 250.00, -9999.00, 208.13, -9999.00, -9999.00, -9999.00, -9999.00, 1556.04
42, 6, LOC_CITY_NAME_CURITIBA, -9999.00, -9999.00, -9999.00, -9999.00, -9999.00, -9999.00, -9999.00, -9999.00, -9999.00, -9999.00, -9999.00
42, 6, LOC_CITY_NAME_LISBON, -9999.00, -9999.00, -9999.00, -9999.00, -9999.00, -9999.00, -9999.00, -9999.00, 0.00, -9999.00, -9999.00
42, 6, LOC_CITY_NAME_SWENETT, 0.00, -9999.00, -9999.00, -9999.00, -9999.00, 162.11, -9999.00, -9999.00, -9999.00, -9999.00, 1219.94
42, 6, LOC_CITY_NAME_BORSIPPA, 0.00, -9999.00, 292.71, -9999.00, -9999.00, 114.83, -9999.00, -9999.00, -9999.00, -9999.00, 348.47
42, 6, LOC_CITY_NAME_KARKAR, 0.00, -9999.00, 292.71, -9999.00, -9999.00, 129.19, -9999.00, -9999.00, -9999.00, -9999.00, 502.70
42, 6, LOC_CITY_NAME_CUMAE, 1.00, -9999.00, -9999.00, -9999.00, -9999.00, -9999.00, -9999.00, -9999.00, -9999.00, -9999.00, -9999.00
42, 6, LOC_CITY_NAME_MEROE, 0.00, -9999.00, 0.00, -9999.00, -9999.00, -9999.00, -9999.00, -9999.00, -9999.00, -9999.00, 1893.37
42, 6, LOC_CITY_NAME_KUMASI, -9999.00, -9999.00, -9999.00, -9999.00, -9999.00, -9999.00, -9999.00, -9999.00, 0.00, -9999.00, -9999.00
42, 6, LOC_CITY_NAME_MEMPHIS, 0.00, -9999.00, -9999.00, -9999.00, -9999.00, 100.47, -9999.00, -9999.00, -9999.00, -9999.00, 1334.47
42, 6, LOC_CITY_NAME_JOHANNESBURG, -9999.00, -9999.00, -9999.00, -9999.00, -9999.00, -9999.00, -9999.00, -9999.00, 0.00, -9999.00, -9999.00
42, 6, LOC_CITY_HOA_LU, 1.00, -9999.00, -9999.00, -9999.00, -9999.00, -9999.00, -9999.00, -9999.00, -9999.00, -9999.00, -9999.00
42, 6, LOC_CITY_NAME_DORTMUND, 1.00, -9999.00, -9999.00, -9999.00, -9999.00, -9999.00, -9999.00, -9999.00, -9999.00, -9999.00, -9999.00
42, 6, LOC_CITY_NAME_FEZ, 1.00, -9999.00, -9999.00, -9999.00, -9999.00, -9999.00, -9999.00, -9999.00, -9999.00, -9999.00, -9999.00
42, 6, LOC_CITY_NAME_KAWA, 0.00, -9999.00, -9999.00, -9999.00, -9999.00, 86.12, -9999.00, -9999.00, -9999.00, -9999.00, 1052.63
42, 6, LOC_CITY_NAME_JERUSALEM, -9999.00, -9999.00, -9999.00, -9999.00, -9999.00, -9999.00, -9999.00, -9999.00, -9999.00, -9999.00, -9999.00
42, 6, LOC_CITY_NAME_SALVADOR, -9999.00, -9999.00, -9999.00, -9999.00, -9999.00, -9999.00, -9999.00, -9999.00, -9999.00, -9999.00, -9999.00
42, 6, LOC_CITY_NAME_EL_KURRU, 0.00, -9999.00, 0.00, -9999.00, -9999.00, 93.29, -9999.00, -9999.00, -9999.00, -9999.00, -9999.00
42, 6, LOC_CITY_NAME_VATICAN_CITY, -9999.00, -9999.00, -9999.00, -9999.00, -9999.00, -9999.00, -9999.00, -9999.00, 0.00, -9999.00, -9999.00
42, 6, LOC_CITY_NAME_PRESLAV, -9999.00, -9999.00, -9999.00, -9999.00, -9999.00, -9999.00, -9999.00, -9999.00, 0.00, -9999.00, -9999.00
42, 6, LOC_CITY_NAME_HEIDELBERG, 1.00, -9999.00, -9999.00, -9999.00, -9999.00, -9999.00, -9999.00, -9999.00, -9999.00, -9999.00, -9999.00
42, 6, LOC_CITY_NAME_METHONE, 1.00, -9999.00, -9999.00, -9999.00, -9999.00, -9999.00, -9999.00, -9999.00, -9999.00, -9999.00, -9999.00
42, 6, LOC_CITY_NAME_AKHETATEN, 0.00, -9999.00, -9999.00, -9999.00, -9999.00, -9999.00, -9999.00, -9999.00, -9999.00, -9999.00, -9999.00
42, 6, LOC_CITY_NAME_BUENOS_AIRES, 1.00, -9999.00, -9999.00, -9999.00, -9999.00, -9999.00, -9999.00, -9999.00, -9999.00, -9999.00, -9999.00
42, 6, LOC_CITY_NAME_BABYLON, -9999.00, -9999.00, -9999.00, -9999.00, -9999.00, -9999.00, -9999.00, -9999.00, 0.00, -9999.00, -9999.00
42, 6, LOC_CITY_NAME_QASR_IBRIM, 0.00, -9999.00, 0.00, -9999.00, -9999.00, -9999.00, -9999.00, -9999.00, -9999.00, -9999.00, -9999.00
42, 6, LOC_CITY_NAME_HEH, 0.00, -9999.00, -9999.00, -9999.00, -9999.00, -9999.00, -9999.00, -9999.00, -9999.00, -9999.00, -9999.00
42, 6, LOC_CITY_NAME_SHAAT, 0.00, -9999.00, -9999.00, -9999.00, -9999.00, -9999.00, -9999.00, -9999.00, -9999.00, -9999.00, -9999.00
42, 6, LOC_CITY_NAME_SEDEINGA, 0.00, -9999.00, -9999.00, -9999.00, 0.00, -9999.00, -9999.00, -9999.00, -9999.00, -9999.00, 918.13
42, 6, LOC_CITY_DONG_HOI, 1.00, -9999.00, -9999.00, -9999.00, -9999.00, -9999.00, -9999.00, -9999.00, -9999.00, -9999.00, -9999.00
42, 7, LOC_CITY_NAME_RIO_DE_JANEIRO, 4.00, -9999.00, -9999.00, -9999.00, -9999.00, 309.06, -9999.00, -9999.00, -9999.00, -9999.00, -9999.00
42, 7, LOC_CITY_NAME_PELLA, 3.00, -9999.00, -9999.00, -9999.00, 115.94, 115.70, -9999.00, -9999.00, -9999.00, -9999.00, -9999.00
42, 7, LOC_CITY_NAME_AACHEN, -9999.00, -9999.00, -9999.00, -9999.00, -9999.00, -9999.00, -9999.00, -9999.00, -9999.00, -9999.00, -9999.00
42, 7, LOC_CITY_NAME_ROME, 3.00, -9999.00, 0.00, -9999.00, -9999.00, -9999.00, -9999.00, -9999.00, -9999.00, -9999.00, -9999.00
42, 7, LOC_CITY_HA_NOI, 3.00, -9999.00, 0.00, -9999.00, -9999.00, -9999.00, -9999.00, -9999.00, -9999.00, -9999.00, -9999.00
42, 7, LOC_CITY_HUE, 3.00, -9999.00, -9999.00, -9999.00, -9999.00, -9999.00, -9999.00, -9999.00, -9999.00, -9999.00, -9999.00
42, 7, LOC_CITY_NAME_SAO_PAULO, 4.00, -9999.00, 0.00, -9999.00, -9999.00, -9999.00, -9999.00, -9999.00, -9999.00, -9999.00, -9999.00
42, 7, LOC_CITY_NAME_ALEXANDRIA_TROAS, 3.00, -9999.00, 0.00, -9999.00, -9999.00, -9999.00, -9999.00, -9999.00, -9999.00, -9999.00, -9999.00
42, 7, LOC_CITY_NAME_ARRETIUM, 3.00, -9999.00, 0.00, -9999.00, 115.94, -9999.00, -9999.00, -9999.00, -9999.00, -9999.00, -9999.00
42, 7, LOC_CITY_NAME_MAGDEBURG, -9999.00, -9999.00, -9999.00, -9999.00, -9999.00, -9999.00, -9999.00, -9999.00, -9999.00, -9999.00, -9999.00
42, 7, LOC_CITY_QUANG_TRI, 3.00, -9999.00, 0.00, -9999.00, 0.00, -9999.00, -9999.00, -9999.00, -9999.00, -9999.00, -9999.00
42, 7, LOC_CITY_NAME_ARPINUM, 3.00, -9999.00, 0.00, -9999.00, -9999.00, -9999.00, -9999.00, -9999.00, -9999.00, -9999.00, -9999.00
42, 7, LOC_CITY_NAME_VILNIUS, -9999.00, -9999.00, -9999.00, -9999.00, -9999.00, -9999.00, -9999.00, -9999.00, 0.00, -9999.00, -9999.00
42, 7, LOC_CITY_NAME_FORTALEZA, 4.00, -9999.00, -9999.00, -9999.00, -9999.00, -9999.00, -9999.00, -9999.00, -9999.00, -9999.00, -9999.00
42, 7, LOC_CITY_NAME_CHALKIDIKI, 3.00, -9999.00, 0.00, -9999.00, -9999.00, -9999.00, -9999.00, -9999.00, -9999.00, -9999.00, -9999.00
42, 7, LOC_CITY_NAME_COLOGNE, -9999.00, -9999.00, -9999.00, -9999.00, -9999.00, -9999.00, -9999.00, -9999.00, -9999.00, -9999.00, -9999.00
42, 7, LOC_CITY_NAME_KERMA, 2.00, -9999.00, 78.34, -9999.00, -9999.00, -9999.00, -9999.00, -9999.00, -9999.00, -9999.00, 2278.46
42, 7, LOC_CITY_HOI_AN, 3.00, -9999.00, -9999.00, -9999.00, -9999.00, -9999.00, -9999.00, -9999.00, -9999.00, -9999.00, -9999.00
42, 7, LOC_CITY_NAME_LUGDUNUM, 3.00, -9999.00, -9999.00, -9999.00, -9999.00, -9999.00, -9999.00, -9999.00, -9999.00, -9999.00, -9999.00
42, 7, LOC_CITY_NAME_BABYLON_STK, 0.00, -9999.00, 607.47, -9999.00, -9999.00, -9999.00, -9999.00, -9999.00, -9999.00, -9999.00, 1805.54
42, 7, LOC_CITY_NAME_ALEXANDRIA_LATMUS, 3.00, -9999.00, 0.00, -9999.00, -9999.00, -9999.00, -9999.00, -9999.00, -9999.00, -9999.00, -9999.00
42, 7, LOC_CITY_NAME_PATNA, 0.00, -9999.00, -9999.00, -9999.00, -9999.00, 208.13, -9999.00, -9999.00, -9999.00, -9999.00, 1682.09
42, 7, LOC_CITY_NAME_CURITIBA, 4.00, -9999.00, -9999.00, -9999.00, -9999.00, -9999.00, -9999.00, -9999.00, -9999.00, -9999.00, -9999.00
42, 7, LOC_CITY_NAME_LISBON, -9999.00, -9999.00, -9999.00, -9999.00, -9999.00, -9999.00, -9999.00, -9999.00, 0.00, -9999.00, -9999.00
42, 7, LOC_CITY_NAME_SWENETT, 0.00, -9999.00, -9999.00, -9999.00, -9999.00, 162.11, -9999.00, -9999.00, -9999.00, -9999.00, 1238.13
42, 7, LOC_CITY_NAME_BORSIPPA, 0.00, -9999.00, 607.47, -9999.00, -9999.00, 114.83, -9999.00, -9999.00, -9999.00, -9999.00, 364.55
42, 7, LOC_CITY_NAME_KARKAR, 0.00, -9999.00, 607.47, -9999.00, -9999.00, 129.19, -9999.00, -9999.00, -9999.00, -9999.00, 506.71
42, 7, LOC_CITY_NAME_CUMAE, 3.00, -9999.00, -9999.00, -9999.00, -9999.00, -9999.00, -9999.00, -9999.00, -9999.00, -9999.00, -9999.00
42, 7, LOC_CITY_NAME_MEROE, 2.00, -9999.00, 78.34, -9999.00, -9999.00, -9999.00, -9999.00, -9999.00, -9999.00, -9999.00, 2047.29
42, 7, LOC_CITY_NAME_KUMASI, -9999.00, -9999.00, -9999.00, -9999.00, -9999.00, -9999.00, -9999.00, -9999.00, 0.00, -9999.00, -9999.00
42, 7, LOC_CITY_NAME_MEMPHIS, 0.00, -9999.00, -9999.00, -9999.00, -9999.00, 100.47, -9999.00, -9999.00, -9999.00, -9999.00, 1365.80
42, 7, LOC_CITY_NAME_JOHANNESBURG, -9999.00, -9999.00, -9999.00, -9999.00, -9999.00, -9999.00, -9999.00, -9999.00, 0.00, -9999.00, -9999.00
42, 7, LOC_CITY_NAME_DORTMUND, -9999.00, -9999.00, -9999.00, -9999.00, -9999.00, -9999.00, -9999.00, -9999.00, -9999.00, -9999.00, -9999.00
42, 7, LOC_CITY_HOA_LU, 3.00, -9999.00, -9999.00, -9999.00, -9999.00, -9999.00, -9999.00, -9999.00, -9999.00, -9999.00, -9999.00
42, 7, LOC_CITY_NAME_FEZ, 3.00, -9999.00, -9999.00, -9999.00, -9999.00, -9999.00, -9999.00, -9999.00, -9999.00, -9999.00, -9999.00
42, 7, LOC_CITY_NAME_KAWA, 2.00, -9999.00, -9999.00, -9999.00, -9999.00, 86.12, -9999.00, -9999.00, -9999.00, -9999.00, 1074.83
42, 7, LOC_CITY_NAME_JERUSALEM, 4.00, -9999.00, -9999.00, -9999.00, -9999.00, -9999.00, -9999.00, -9999.00, -9999.00, -9999.00, -9999.00
42, 7, LOC_CITY_NAME_SALVADOR, 4.00, -9999.00, -9999.00, -9999.00, -9999.00, -9999.00, -9999.00, -9999.00, -9999.00, -9999.00, -9999.00
42, 7, LOC_CITY_NAME_EL_KURRU, 2.00, -9999.00, 78.34, -9999.00, -9999.00, 93.29, -9999.00, -9999.00, -9999.00, -9999.00, -9999.00
42, 7, LOC_CITY_NAME_VATICAN_CITY, -9999.00, -9999.00, -9999.00, -9999.00, -9999.00, -9999.00, -9999.00, -9999.00, 0.00, -9999.00, -9999.00
42, 7, LOC_CITY_NAME_PRESLAV, -9999.00, -9999.00, -9999.00, -9999.00, -9999.00, -9999.00, -9999.00, -9999.00, 0.00, -9999.00, -9999.00
42, 7, LOC_CITY_NAME_HEIDELBERG, -9999.00, -9999.00, -9999.00, -9999.00, -9999.00, -9999.00, -9999.00, -9999.00, -9999.00, -9999.00, -9999.00
42, 7, LOC_CITY_NAME_METHONE, 3.00, -9999.00, -9999.00, -9999.00, -9999.00, -9999.00, -9999.00, -9999.00, -9999.00, -9999.00, -9999.00
42, 7, LOC_CITY_NAME_AKHETATEN, 0.00, -9999.00, -9999.00, -9999.00, -9999.00, -9999.00, -9999.00, -9999.00, -9999.00, -9999.00, -9999.00
42, 7, LOC_CITY_NAME_BUENOS_AIRES, 3.00, -9999.00, -9999.00, -9999.00, -9999.00, -9999.00, -9999.00, -9999.00, -9999.00, -9999.00, -9999.00
42, 7, LOC_CITY_NAME_BABYLON, -9999.00, -9999.00, -9999.00, -9999.00, -9999.00, -9999.00, -9999.00, -9999.00, 0.00, -9999.00, -9999.00
42, 7, LOC_CITY_NAME_QASR_IBRIM, 2.00, -9999.00, 78.34, -9999.00, -9999.00, -9999.00, -9999.00, -9999.00, -9999.00, -9999.00, -9999.00
42, 7, LOC_CITY_NAME_HEH, 2.00, -9999.00, -9999.00, -9999.00, -9999.00, -9999.00, -9999.00, -9999.00, -9999.00, -9999.00, -9999.00
42, 7, LOC_CITY_NAME_SHAAT, 2.00, -9999.00, -9999.00, -9999.00, -9999.00, -9999.00, -9999.00, -9999.00, -9999.00, -9999.00, -9999.00
42, 7, LOC_CITY_NAME_SEDEINGA, 2.00, -9999.00, -9999.00, -9999.00, 0.00, -9999.00, -9999.00, -9999.00, -9999.00, -9999.00, 959.97
42, 7, LOC_CITY_DONG_HOI, 3.00, -9999.00, -9999.00, -9999.00, -9999.00, -9999.00, -9999.00, -9999.00, -9999.00, -9999.00, -9999.00
42, 8, LOC_CITY_NAME_AACHEN, 1.00, -9999.00, 117.41, 125.00, -9999.00, -9999.00, -9999.00, -9999.00, -9999.00, -9999.00, -9999.00
42, 8, LOC_CITY_NAME_RIO_DE_JANEIRO, 3.00, -9999.00, -9999.00, -9999.00, -9999.00, 309.06, -9999.00, -9999.00, -9999.00, -9999.00, -9999.00
42, 8, LOC_CITY_NAME_PELLA, 3.00, -9999.00, -9999.00, -9999.00, 115.94, 115.70, -9999.00, -9999.00, -9999.00, -9999.00, -9999.00
42, 8, LOC_CITY_HA_NOI, -9999.00, -9999.00, -9999.00, -9999.00, -9999.00, -9999.00, -9999.00, -9999.00, -9999.00, -9999.00, -9999.00
42, 8, LOC_CITY_NAME_ROME, 3.00, -9999.00, 117.41, -9999.00, -9999.00, -9999.00, -9999.00, -9999.00, -9999.00, -9999.00, -9999.00
42, 8, LOC_CITY_HUE, -9999.00, -9999.00, -9999.00, -9999.00, -9999.00, -9999.00, -9999.00, -9999.00, -9999.00, -9999.00, -9999.00
42, 8, LOC_CITY_NAME_SAO_PAULO, 3.00, -9999.00, 745.65, -9999.00, -9999.00, -9999.00, -9999.00, -9999.00, -9999.00, -9999.00, -9999.00
42, 8, LOC_CITY_NAME_ALEXANDRIA_TROAS, 3.00, -9999.00, 81.37, -9999.00, -9999.00, -9999.00, -9999.00, -9999.00, -9999.00, -9999.00, -9999.00
42, 8, LOC_CITY_NAME_ARRETIUM, 3.00, -9999.00, 117.41, -9999.00, 115.94, -9999.00, -9999.00, -9999.00, -9999.00, -9999.00, -9999.00
42, 8, LOC_CITY_NAME_MAGDEBURG, 1.00, -9999.00, 117.41, -9999.00, -9999.00, -9999.00, -9999.00, -9999.00, -9999.00, -9999.00, -9999.00
42, 8, LOC_CITY_QUANG_TRI, -9999.00, -9999.00, -9999.00, -9999.00, -9999.00, -9999.00, -9999.00, -9999.00, -9999.00, -9999.00, -9999.00
42, 8, LOC_CITY_NAME_ARPINUM, 3.00, -9999.00, 117.41, -9999.00, -9999.00, -9999.00, -9999.00, -9999.00, -9999.00, -9999.00, -9999.00
42, 8, LOC_CITY_NAME_VILNIUS, -9999.00, -9999.00, -9999.00, -9999.00, -9999.00, -9999.00, -9999.00, -9999.00, 0.00, -9999.00, -9999.00
42, 8, LOC_CITY_NAME_FORTALEZA, 3.00, -9999.00, -9999.00, -9999.00, -9999.00, -9999.00, -9999.00, -9999.00, -9999.00, -9999.00, -9999.00
42, 8, LOC_CITY_NAME_CHALKIDIKI, 3.00, -9999.00, 81.37, -9999.00, -9999.00, -9999.00, -9999.00, -9999.00, -9999.00, -9999.00, -9999.00
42, 8, LOC_CITY_NAME_COLOGNE, 1.00, -9999.00, -9999.00, 125.00, -9999.00, -9999.00, -9999.00, -9999.00, -9999.00, -9999.00, -9999.00
42, 8, LOC_CITY_HOI_AN, -9999.00, -9999.00, -9999.00, -9999.00, -9999.00, -9999.00, -9999.00, -9999.00, -9999.00, -9999.00, -9999.00
42, 8, LOC_CITY_NAME_KERMA, 0.00, -9999.00, 81.37, -9999.00, -9999.00, -9999.00, -9999.00, -9999.00, -9999.00, -9999.00, 2157.61
42, 8, LOC_CITY_NAME_LUGDUNUM, 3.00, -9999.00, -9999.00, -9999.00, -9999.00, -9999.00, -9999.00, -9999.00, -9999.00, -9999.00, -9999.00
42, 8, LOC_CITY_NAME_BABYLON_STK, 0.00, -9999.00, 745.65, -9999.00, -9999.00, -9999.00, -9999.00, -9999.00, -9999.00, -9999.00, 1693.23
42, 8, LOC_CITY_NAME_ALEXANDRIA_LATMUS, 3.00, -9999.00, 81.37, -9999.00, -9999.00, -9999.00, -9999.00, -9999.00, -9999.00, -9999.00, -9999.00
42, 8, LOC_CITY_NAME_PATNA, 0.00, -9999.00, -9999.00, 125.00, -9999.00, 208.13, -9999.00, -9999.00, -9999.00, -9999.00, 1538.37
42, 8, LOC_CITY_NAME_CURITIBA, 3.00, -9999.00, -9999.00, -9999.00, -9999.00, -9999.00, -9999.00, -9999.00, -9999.00, -9999.00, -9999.00
42, 8, LOC_CITY_NAME_LISBON, -9999.00, -9999.00, -9999.00, -9999.00, -9999.00, -9999.00, -9999.00, -9999.00, 0.00, -9999.00, -9999.00
42, 8, LOC_CITY_NAME_SWENETT, 0.00, -9999.00, -9999.00, -9999.00, -9999.00, 162.11, -9999.00, -9999.00, -9999.00, -9999.00, 1218.96
42, 8, LOC_CITY_NAME_BORSIPPA, 0.00, -9999.00, 745.65, -9999.00, -9999.00, 114.83, -9999.00, -9999.00, -9999.00, -9999.00, 348.14
42, 8, LOC_CITY_NAME_KARKAR, 0.00, -9999.00, 745.65, -9999.00, -9999.00, 129.19, -9999.00, -9999.00, -9999.00, -9999.00, 502.61
42, 8, LOC_CITY_NAME_CUMAE, 3.00, -9999.00, -9999.00, -9999.00, -9999.00, -9999.00, -9999.00, -9999.00, -9999.00, -9999.00, -9999.00
42, 8, LOC_CITY_NAME_MEROE, 0.00, -9999.00, 81.37, -9999.00, -9999.00, -9999.00, -9999.00, -9999.00, -9999.00, -9999.00, 1884.23
42, 8, LOC_CITY_NAME_KUMASI, -9999.00, -9999.00, -9999.00, -9999.00, -9999.00, -9999.00, -9999.00, -9999.00, 0.00, -9999.00, -9999.00
42, 8, LOC_CITY_NAME_MEMPHIS, 0.00, -9999.00, -9999.00, -9999.00, -9999.00, 100.47, -9999.00, -9999.00, -9999.00, -9999.00, 1333.57
42, 8, LOC_CITY_NAME_JOHANNESBURG, -9999.00, -9999.00, -9999.00, -9999.00, -9999.00, -9999.00, -9999.00, -9999.00, 0.00, -9999.00, -9999.00
42, 8, LOC_CITY_NAME_DORTMUND, 1.00, -9999.00, -9999.00, -9999.00, -9999.00, -9999.00, -9999.00, -9999.00, -9999.00, -9999.00, -9999.00
42, 8, LOC_CITY_HOA_LU, -9999.00, -9999.00, -9999.00, -9999.00, -9999.00, -9999.00, -9999.00, -9999.00, -9999.00, -9999.00, -9999.00
42, 8, LOC_CITY_NAME_FEZ, 3.00, -9999.00, -9999.00, -9999.00, -9999.00, -9999.00, -9999.00, -9999.00, -9999.00, -9999.00, -9999.00
42, 8, LOC_CITY_NAME_KAWA, 0.00, -9999.00, -9999.00, -9999.00, -9999.00, 86.12, -9999.00, -9999.00, -9999.00, -9999.00, 1051.56
42, 8, LOC_CITY_NAME_JERUSALEM, 3.00, -9999.00, -9999.00, -9999.00, -9999.00, -9999.00, -9999.00, -9999.00, -9999.00, -9999.00, -9999.00
42, 8, LOC_CITY_NAME_SALVADOR, 3.00, -9999.00, -9999.00, -9999.00, -9999.00, -9999.00, -9999.00, -9999.00, -9999.00, -9999.00, -9999.00
42, 8, LOC_CITY_NAME_EL_KURRU, 0.00, -9999.00, 81.37, -9999.00, -9999.00, 93.29, -9999.00, -9999.00, -9999.00, -9999.00, -9999.00
42, 8, LOC_CITY_NAME_VATICAN_CITY, -9999.00, -9999.00, -9999.00, -9999.00, -9999.00, -9999.00, -9999.00, -9999.00, 0.00, -9999.00, -9999.00
42, 8, LOC_CITY_NAME_HEIDELBERG, 1.00, -9999.00, -9999.00, -9999.00, -9999.00, -9999.00, -9999.00, -9999.00, -9999.00, -9999.00, -9999.00
42, 8, LOC_CITY_NAME_PRESLAV, -9999.00, -9999.00, -9999.00, -9999.00, -9999.00, -9999.00, -9999.00, -9999.00, 0.00, -9999.00, -9999.00
42, 8, LOC_CITY_NAME_METHONE, 3.00, -9999.00, -9999.00, -9999.00, -9999.00, -9999.00, -9999.00, -9999.00, -9999.00, -9999.00, -9999.00
42, 8, LOC_CITY_NAME_AKHETATEN, 0.00, -9999.00, -9999.00, -9999.00, -9999.00, -9999.00, -9999.00, -9999.00, -9999.00, -9999.00, -9999.00
42, 8, LOC_CITY_NAME_BUENOS_AIRES, 3.00, -9999.00, -9999.00, -9999.00, -9999.00, -9999.00, -9999.00, -9999.00, -9999.00, -9999.00, -9999.00
42, 8, LOC_CITY_NAME_BABYLON, -9999.00, -9999.00, -9999.00, -9999.00, -9999.00, -9999.00, -9999.00, -9999.00, 0.00, -9999.00, -9999.00
42, 8, LOC_CITY_NAME_QASR_IBRIM, 0.00, -9999.00, 81.37, -9999.00, -9999.00, -9999.00, -9999.00, -9999.00, -9999.00, -9999.00, -9999.00
42, 8, LOC_CITY_NAME_HEH, 0.00, -9999.00, -9999.00, -9999.00, -9999.00, -9999.00, -9999.00, -9999.00, -9999.00, -9999.00, -9999.00
42, 8, LOC_CITY_DONG_HOI, -9999.00, -9999.00, -9999.00, -9999.00, -9999.00, -9999.00, -9999.00, -9999.00, -9999.00, -9999.00, -9999.00
42, 8, LOC_CITY_NAME_SHAAT, 0.00, -9999.00, -9999.00, -9999.00, -9999.00, -9999.00, -9999.00, -9999.00, -9999.00, -9999.00, -9999.00
42, 8, LOC_CITY_NAME_SEDEINGA, 0.00, -9999.00, -9999.00, -9999.00, 0.00, -9999.00, -9999.00, -9999.00, -9999.00, -9999.00, 917.80
42, 9, LOC_CITY_HA_NOI, 2.00, -9999.00, 308.71, -9999.00, -9999.00, -9999.00, -9999.00, -9999.00, -9999.00, -9999.00, -9999.00
42, 9, LOC_CITY_NAME_AACHEN, 1.00, -9999.00, 308.71, 125.00, -9999.00, -9999.00, -9999.00, -9999.00, -9999.00, -9999.00, -9999.00
42, 9, LOC_CITY_NAME_RIO_DE_JANEIRO, 3.00, -9999.00, -9999.00, -9999.00, -9999.00, 348.86, -9999.00, -9999.00, -9999.00, -9999.00, -9999.00
42, 9, LOC_CITY_NAME_PELLA, 3.00, -9999.00, -9999.00, -9999.00, 115.94, 130.60, -9999.00, -9999.00, -9999.00, -9999.00, -9999.00
42, 9, LOC_CITY_NAME_ROME, -9999.00, -9999.00, -9999.00, -9999.00, -9999.00, -9999.00, -9999.00, -9999.00, -9999.00, -9999.00, -9999.00
42, 9, LOC_CITY_HUE, 2.00, -9999.00, -9999.00, -9999.00, -9999.00, -9999.00, -9999.00, -9999.00, -9999.00, -9999.00, -9999.00
42, 9, LOC_CITY_NAME_SAO_PAULO, 3.00, -9999.00, 348.32, -9999.00, -9999.00, -9999.00, -9999.00, -9999.00, -9999.00, -9999.00, -9999.00
42, 9, LOC_CITY_NAME_ALEXANDRIA_TROAS, 3.00, -9999.00, 91.76, -9999.00, -9999.00, -9999.00, -9999.00, -9999.00, -9999.00, -9999.00, -9999.00
42, 9, LOC_CITY_NAME_ARRETIUM, -9999.00, -9999.00, -9999.00, -9999.00, -9999.00, -9999.00, -9999.00, -9999.00, -9999.00, -9999.00, -9999.00
42, 9, LOC_CITY_QUANG_TRI, 2.00, -9999.00, 308.71, -9999.00, 0.00, -9999.00, -9999.00, -9999.00, -9999.00, -9999.00, -9999.00
42, 9, LOC_CITY_NAME_MAGDEBURG, 1.00, -9999.00, 308.71, -9999.00, -9999.00, -9999.00, -9999.00, -9999.00, -9999.00, -9999.00, -9999.00
42, 9, LOC_CITY_NAME_ARPINUM, -9999.00, -9999.00, -9999.00, -9999.00, -9999.00, -9999.00, -9999.00, -9999.00, -9999.00, -9999.00, -9999.00
42, 9, LOC_CITY_NAME_VILNIUS, -9999.00, -9999.00, -9999.00, -9999.00, -9999.00, -9999.00, -9999.00, -9999.00, 0.00, -9999.00, -9999.00
42, 9, LOC_CITY_NAME_FORTALEZA, 3.00, -9999.00, -9999.00, -9999.00, -9999.00, -9999.00, -9999.00, -9999.00, -9999.00, -9999.00, -9999.00
42, 9, LOC_CITY_NAME_CHALKIDIKI, 3.00, -9999.00, 91.76, -9999.00, -9999.00, -9999.00, -9999.00, -9999.00, -9999.00, -9999.00, -9999.00
42, 9, LOC_CITY_NAME_COLOGNE, 1.00, -9999.00, -9999.00, 125.00, -9999.00, -9999.00, -9999.00, -9999.00, -9999.00, -9999.00, -9999.00
42, 9, LOC_CITY_HOI_AN, 2.00, -9999.00, -9999.00, -9999.00, -9999.00, -9999.00, -9999.00, -9999.00, -9999.00, -9999.00, -9999.00
42, 9, LOC_CITY_NAME_LUGDUNUM, -9999.00, -9999.00, -9999.00, -9999.00, -9999.00, -9999.00, -9999.00, -9999.00, -9999.00, -9999.00, -9999.00
42, 9, LOC_CITY_NAME_KERMA, 0.00, -9999.00, 91.76, -9999.00, -9999.00, -9999.00, -9999.00, -9999.00, -9999.00, -9999.00, 2151.40
42, 9, LOC_CITY_NAME_BABYLON_STK, 0.00, -9999.00, 308.71, -9999.00, -9999.00, -9999.00, -9999.00, -9999.00, -9999.00, -9999.00, 1692.66
42, 9, LOC_CITY_NAME_ALEXANDRIA_LATMUS, 3.00, -9999.00, 91.76, -9999.00, -9999.00, -9999.00, -9999.00, -9999.00, -9999.00, -9999.00, -9999.00
42, 9, LOC_CITY_NAME_PATNA, 0.00, -9999.00, -9999.00, 125.00, -9999.00, 234.93, -9999.00, -9999.00, -9999.00, -9999.00, 1428.10
42, 9, LOC_CITY_NAME_CURITIBA, 3.00, -9999.00, -9999.00, -9999.00, -9999.00, -9999.00, -9999.00, -9999.00, -9999.00, -9999.00, -9999.00
42, 9, LOC_CITY_NAME_LISBON, -9999.00, -9999.00, -9999.00, -9999.00, -9999.00, -9999.00, -9999.00, -9999.00, 0.00, -9999.00, -9999.00
42, 9, LOC_CITY_NAME_SWENETT, 0.00, -9999.00, -9999.00, -9999.00, -9999.00, 182.98, -9999.00, -9999.00, -9999.00, -9999.00, 1207.39
42, 9, LOC_CITY_NAME_BORSIPPA, 0.00, -9999.00, 308.71, -9999.00, -9999.00, 129.62, -9999.00, -9999.00, -9999.00, -9999.00, 345.63
42, 9, LOC_CITY_NAME_KARKAR, 0.00, -9999.00, 308.71, -9999.00, -9999.00, 145.82, -9999.00, -9999.00, -9999.00, -9999.00, 501.98
42, 9, LOC_CITY_NAME_MEROE, 0.00, -9999.00, 91.76, -9999.00, -9999.00, -9999.00, -9999.00, -9999.00, -9999.00, -9999.00, 1885.74
42, 9, LOC_CITY_NAME_CUMAE, -9999.00, -9999.00, -9999.00, -9999.00, -9999.00, -9999.00, -9999.00, -9999.00, -9999.00, -9999.00, -9999.00
42, 9, LOC_CITY_NAME_KUMASI, -9999.00, -9999.00, -9999.00, -9999.00, -9999.00, -9999.00, -9999.00, -9999.00, 0.00, -9999.00, -9999.00
42, 9, LOC_CITY_NAME_MEMPHIS, 0.00, -9999.00, -9999.00, -9999.00, -9999.00, 113.41, -9999.00, -9999.00, -9999.00, -9999.00, 1324.93
42, 9, LOC_CITY_NAME_JOHANNESBURG, -9999.00, -9999.00, -9999.00, -9999.00, -9999.00, -9999.00, -9999.00, -9999.00, 0.00, -9999.00, -9999.00
42, 9, LOC_CITY_HOA_LU, 2.00, -9999.00, -9999.00, -9999.00, -9999.00, -9999.00, -9999.00, -9999.00, -9999.00, -9999.00, -9999.00
42, 9, LOC_CITY_NAME_DORTMUND, 1.00, -9999.00, -9999.00, -9999.00, -9999.00, -9999.00, -9999.00, -9999.00, -9999.00, -9999.00, -9999.00
42, 9, LOC_CITY_NAME_FEZ, 3.00, -9999.00, -9999.00, -9999.00, -9999.00, -9999.00, -9999.00, -9999.00, -9999.00, -9999.00, -9999.00
42, 9, LOC_CITY_NAME_KAWA, 0.00, -9999.00, -9999.00, -9999.00, -9999.00, 97.21, -9999.00, -9999.00, -9999.00, -9999.00, 1035.62
42, 9, LOC_CITY_NAME_JERUSALEM, 3.00, -9999.00, -9999.00, -9999.00, -9999.00, -9999.00, -9999.00, -9999.00, -9999.00, -9999.00, -9999.00
42, 9, LOC_CITY_NAME_SALVADOR, 3.00, -9999.00, -9999.00, -9999.00, -9999.00, -9999.00, -9999.00, -9999.00, -9999.00, -9999.00, -9999.00
42, 9, LOC_CITY_NAME_EL_KURRU, 0.00, -9999.00, 91.76, -9999.00, -9999.00, 105.31, -9999.00, -9999.00, -9999.00, -9999.00, -9999.00
42, 9, LOC_CITY_NAME_VATICAN_CITY, -9999.00, -9999.00, -9999.00, -9999.00, -9999.00, -9999.00, -9999.00, -9999.00, 0.00, -9999.00, -9999.00
42, 9, LOC_CITY_NAME_HEIDELBERG, 1.00, -9999.00, -9999.00, -9999.00, -9999.00, -9999.00, -9999.00, -9999.00, -9999.00, -9999.00, -9999.00
42, 9, LOC_CITY_NAME_PRESLAV, -9999.00, -9999.00, -9999.00, -9999.00, -9999.00, -9999.00, -9999.00, -9999.00, 0.00, -9999.00, -9999.00
42, 9, LOC_CITY_NAME_METHONE, 3.00, -9999.00, -9999.00, -9999.00, -9999.00, -9999.00, -9999.00, -9999.00, -9999.00, -9999.00, -9999.00
42, 9, LOC_CITY_NAME_AKHETATEN, 0.00, -9999.00, -9999.00, -9999.00, -9999.00, -9999.00, -9999.00, -9999.00, -9999.00, -9999.00, -9999.00
42, 9, LOC_CITY_NAME_BUENOS_AIRES, 3.00, -9999.00, -9999.00, -9999.00, -9999.00, -9999.00, -9999.00, -9999.00, -9999.00, -9999.00, -9999.00
42, 9, LOC_CITY_NAME_BABYLON, -9999.00, -9999.00, -9999.00, -9999.00, -9999.00, -9999.00, -9999.00, -9999.00, 0.00, -9999.00, -9999.00
42, 9, LOC_CITY_NAME_QASR_IBRIM, 0.00, -9999.00, 91.76, -9999.00, -9999.00, -9999.00, -9999.00, -9999.00, -9999.00, -9999.00, -9999.00
42, 9, LOC_CITY_NAME_HEH, 0.00, -9999.00, -9999.00, -9999.00, -9999.00, -9999.00, -9999.00, -9999.00, -9999.00, -9999.00, -9999.00
42, 9, LOC_CITY_DONG_HOI, 2.00, -9999.00, -9999.00, -9999.00, -9999.00, -9999.00, -9999.00, -9999.00, -9999.00, -9999.00, -9999.00
42, 9, LOC_CITY_NAME_SHAAT, 0.00, -9999.00, -9999.00, -9999.00, -9999.00, -9999.00, -9999.00, -9999.00, -9999.00, -9999.00, -9999.00
42, 9, LOC_CITY_NAME_SEDEINGA, 0.00, -9999.00, -9999.00, -9999.00, 0.00, -9999.00, -9999.00, -9999.00, -9999.00, -9999.00, 918.73
42, 9, LOC_CITY_NAME_BRUNDISIUM, -9999.00, -9999.00, -9999.00, -9999.00, -9999.00, -9999.00, -9999.00, -9999.00, -9999.00, -9999.00, -9999.00
43, 5, LOC_CITY_NAME_PELLA, -9999.00, -9999.00, -9999.00, -9999.00, -9999.00, -9999.00, -9999.00, -9999.00, -9999.00, -9999.00, -9999.00
43, 5, LOC_CITY_NAME_ROME, 1.00, -9999.00, -9999.00, -9999.00, -9999.00, -9999.00, -9999.00, -9999.00, -9999.00, -9999.00, -9999.00
43, 5, LOC_CITY_HA_NOI, 1.00, -9999.00, 292.71, -9999.00, -9999.00, -9999.00, -9999.00, -9999.00, -9999.00, -9999.00, -9999.00
43, 5, LOC_CITY_NAME_AACHEN, 1.00, -9999.00, 292.71, 125.00, -9999.00, -9999.00, -9999.00, -9999.00, -9999.00, -9999.00, -9999.00
43, 5, LOC_CITY_NAME_RIO_DE_JANEIRO, 3.00, -9999.00, -9999.00, -9999.00, -9999.00, 309.06, -9999.00, -9999.00, -9999.00, -9999.00, -9999.00
43, 5, LOC_CITY_HUE, 1.00, -9999.00, -9999.00, -9999.00, -9999.00, -9999.00, -9999.00, -9999.00, -9999.00, -9999.00, -9999.00
43, 5, LOC_CITY_NAME_ALEXANDRIA_TROAS, -9999.00, -9999.00, -9999.00, -9999.00, -9999.00, -9999.00, -9999.00, -9999.00, -9999.00, -9999.00, -9999.00
43, 5, LOC_CITY_NAME_SAO_PAULO, 3.00, -9999.00, -9999.00, -9999.00, -9999.00, -9999.00, -9999.00, -9999.00, -9999.00, -9999.00, -9999.00
43, 5, LOC_CITY_NAME_ARRETIUM, 1.00, -9999.00, -9999.00, -9999.00, 135.94, -9999.00, -9999.00, -9999.00, -9999.00, -9999.00, -9999.00
43, 5, LOC_CITY_QUANG_TRI, 1.00, -9999.00, 292.71, -9999.00, 0.00, -9999.00, -9999.00, -9999.00, -9999.00, -9999.00, -9999.00
43, 5, LOC_CITY_NAME_MAGDEBURG, 1.00, -9999.00, 292.71, -9999.00, -9999.00, -9999.00, -9999.00, -9999.00, -9999.00, -9999.00, -9999.00
43, 5, LOC_CITY_NAME_ARPINUM, 1.00, -9999.00, -9999.00, -9999.00, -9999.00, -9999.00, -9999.00, -9999.00, -9999.00, -9999.00, -9999.00
43, 5, LOC_CITY_NAME_VILNIUS, -9999.00, -9999.00, -9999.00, -9999.00, -9999.00, -9999.00, -9999.00, -9999.00, 0.00, -9999.00, -9999.00
43, 5, LOC_CITY_NAME_CHALKIDIKI, -9999.00, -9999.00, -9999.00, -9999.00, -9999.00, -9999.00, -9999.00, -9999.00, -9999.00, -9999.00, -9999.00
43, 5, LOC_CITY_NAME_FORTALEZA, 3.00, -9999.00, -9999.00, -9999.00, -9999.00, -9999.00, -9999.00, -9999.00, -9999.00, -9999.00, -9999.00
43, 5, LOC_CITY_NAME_COLOGNE, 1.00, -9999.00, -9999.00, 125.00, -9999.00, -9999.00, -9999.00, -9999.00, -9999.00, -9999.00, -9999.00
43, 5, LOC_CITY_NAME_KERMA, 0.00, -9999.00, -9999.00, -9999.00, -9999.00, -9999.00, -9999.00, -9999.00, -9999.00, -9999.00, 2434.60
43, 5, LOC_CITY_HOI_AN, 1.00, -9999.00, -9999.00, -9999.00, -9999.00, -9999.00, -9999.00, -9999.00, -9999.00, -9999.00, -9999.00
43, 5, LOC_CITY_NAME_LUGDUNUM, 1.00, -9999.00, -9999.00, -9999.00, -9999.00, -9999.00, -9999.00, -9999.00, -9999.00, -9999.00, -9999.00
43, 5, LOC_CITY_NAME_BABYLON_STK, 0.00, -9999.00, 292.71, -9999.00, -9999.00, -9999.00, -9999.00, -9999.00, -9999.00, -9999.00, 2138.82
43, 5, LOC_CITY_NAME_PATNA, 0.00, -9999.00, -9999.00, 125.00, -9999.00, 222.48, -9999.00, -9999.00, -9999.00, -9999.00, 1948.37
43, 5, LOC_CITY_NAME_ALEXANDRIA_LATMUS, -9999.00, -9999.00, -9999.00, -9999.00, -9999.00, -9999.00, -9999.00, -9999.00, -9999.00, -9999.00, -9999.00
43, 5, LOC_CITY_NAME_CURITIBA, 3.00, -9999.00, -9999.00, -9999.00, -9999.00, -9999.00, -9999.00, -9999.00, -9999.00, -9999.00, -9999.00
43, 5, LOC_CITY_NAME_LISBON, -9999.00, -9999.00, -9999.00, -9999.00, -9999.00, -9999.00, -9999.00, -9999.00, 0.00, -9999.00, -9999.00
43, 5, LOC_CITY_NAME_SWENETT, 0.00, -9999.00, -9999.00, -9999.00, -9999.00, 162.11, -9999.00, -9999.00, -9999.00, -9999.00, 1460.78
43, 5, LOC_CITY_NAME_BORSIPPA, 0.00, -9999.00, 292.71, -9999.00, -9999.00, 114.83, -9999.00, -9999.00, -9999.00, -9999.00, 484.72
43, 5, LOC_CITY_NAME_KARKAR, 0.00, -9999.00, 292.71, -9999.00, -9999.00, 129.19, -9999.00, -9999.00, -9999.00, -9999.00, 693.23
43, 5, LOC_CITY_NAME_CUMAE, 1.00, -9999.00, -9999.00, -9999.00, -9999.00, -9999.00, -9999.00, -9999.00, -9999.00, -9999.00, -9999.00
43, 5, LOC_CITY_NAME_MEROE, 0.00, -9999.00, -9999.00, -9999.00, -9999.00, -9999.00, -9999.00, -9999.00, -9999.00, -9999.00, 2324.26
43, 5, LOC_CITY_NAME_KUMASI, -9999.00, -9999.00, -9999.00, -9999.00, -9999.00, -9999.00, -9999.00, -9999.00, 0.00, -9999.00, -9999.00
43, 5, LOC_CITY_NAME_MEMPHIS, 0.00, -9999.00, -9999.00, -9999.00, -9999.00, 100.47, -9999.00, -9999.00, -9999.00, -9999.00, 1649.81
43, 5, LOC_CITY_NAME_JOHANNESBURG, -9999.00, -9999.00, -9999.00, -9999.00, -9999.00, -9999.00, -9999.00, -9999.00, 0.00, -9999.00, -9999.00
43, 5, LOC_CITY_HOA_LU, 1.00, -9999.00, -9999.00, -9999.00, -9999.00, -9999.00, -9999.00, -9999.00, -9999.00, -9999.00, -9999.00
43, 5, LOC_CITY_NAME_DORTMUND, 1.00, -9999.00, -9999.00, -9999.00, -9999.00, -9999.00, -9999.00, -9999.00, -9999.00, -9999.00, -9999.00
43, 5, LOC_CITY_NAME_FEZ, -9999.00, -9999.00, -9999.00, -9999.00, -9999.00, -9999.00, -9999.00, -9999.00, -9999.00, -9999.00, -9999.00
43, 5, LOC_CITY_NAME_KAWA, 0.00, -9999.00, -9999.00, -9999.00, -9999.00, 86.12, -9999.00, -9999.00, -9999.00, -9999.00, 1257.31
43, 5, LOC_CITY_NAME_EL_KURRU, 0.00, -9999.00, -9999.00, -9999.00, -9999.00, 93.29, -9999.00, -9999.00, -9999.00, -9999.00, -9999.00
43, 5, LOC_CITY_NAME_VATICAN_CITY, -9999.00, -9999.00, -9999.00, -9999.00, -9999.00, -9999.00, -9999.00, -9999.00, 0.00, -9999.00, -9999.00
43, 5, LOC_CITY_NAME_JERUSALEM, 3.00, -9999.00, -9999.00, -9999.00, -9999.00, -9999.00, -9999.00, -9999.00, -9999.00, -9999.00, -9999.00
43, 5, LOC_CITY_NAME_SALVADOR, 3.00, -9999.00, -9999.00, -9999.00, -9999.00, -9999.00, -9999.00, -9999.00, -9999.00, -9999.00, -9999.00
43, 5, LOC_CITY_NAME_PRESLAV, -9999.00, -9999.00, -9999.00, -9999.00, -9999.00, -9999.00, -9999.00, -9999.00, 0.00, -9999.00, -9999.00
43, 5, LOC_CITY_NAME_HEIDELBERG, 1.00, -9999.00, -9999.00, -9999.00, -9999.00, -9999.00, -9999.00, -9999.00, -9999.00, -9999.00, -9999.00
43, 5, LOC_CITY_NAME_AKHETATEN, 0.00, -9999.00, -9999.00, -9999.00, -9999.00, -9999.00, -9999.00, -9999.00, -9999.00, -9999.00, -9999.00
43, 5, LOC_CITY_NAME_METHONE, -9999.00, -9999.00, -9999.00, -9999.00, -9999.00, -9999.00, -9999.00, -9999.00, -9999.00, -9999.00, -9999.00
43, 5, LOC_CITY_NAME_BUENOS_AIRES, -9999.00, -9999.00, -9999.00, -9999.00, -9999.00, -9999.00, -9999.00, -9999.00, -9999.00, -9999.00, -9999.00
43, 5, LOC_CITY_NAME_BABYLON, -9999.00, -9999.00, -9999.00, -9999.00, -9999.00, -9999.00, -9999.00, -9999.00, 0.00, -9999.00, -9999.00
43, 5, LOC_CITY_NAME_QASR_IBRIM, 0.00, -9999.00, -9999.00, -9999.00, -9999.00, -9999.00, -9999.00, -9999.00, -9999.00, -9999.00, -9999.00
43, 5, LOC_CITY_NAME_HEH, 0.00, -9999.00, -9999.00, -9999.00, -9999.00, -9999.00, -9999.00, -9999.00, -9999.00, -9999.00, -9999.00
43, 5, LOC_CITY_NAME_SHAAT, 0.00, -9999.00, -9999.00, -9999.00, -9999.00, -9999.00, -9999.00, -9999.00, -9999.00, -9999.00, -9999.00
43, 5, LOC_CITY_NAME_SEDEINGA, 0.00, -9999.00, -9999.00, -9999.00, 0.00, -9999.00, -9999.00, -9999.00, -9999.00, -9999.00, 1043.21
43, 5, LOC_CITY_DONG_HOI, 1.00, -9999.00, -9999.00, -9999.00, -9999.00, -9999.00, -9999.00, -9999.00, -9999.00, -9999.00, -9999.00
43, 5, LOC_CITY_NAME_BRUNDISIUM, 1.00, -9999.00, -9999.00, -9999.00, -9999.00, -9999.00, -9999.00, -9999.00, -9999.00, -9999.00, -9999.00
43, 6, LOC_CITY_NAME_PELLA, 1.00, -9999.00, -9999.00, -9999.00, 115.94, 115.70, -9999.00, -9999.00, -9999.00, -9999.00, -9999.00
43, 6, LOC_CITY_NAME_RIO_DE_JANEIRO, -9999.00, -9999.00, -9999.00, -9999.00, -9999.00, -9999.00, -9999.00, -9999.00, -9999.00, -9999.00, -9999.00
43, 6, LOC_CITY_NAME_ROME, 1.00, -9999.00, -9999.00, -9999.00, -9999.00, -9999.00, -9999.00, -9999.00, -9999.00, -9999.00, -9999.00
43, 6, LOC_CITY_HA_NOI, 1.00, -9999.00, 292.71, -9999.00, -9999.00, -9999.00, -9999.00, -9999.00, -9999.00, -9999.00, -9999.00
43, 6, LOC_CITY_NAME_AACHEN, 1.00, -9999.00, 292.71, 250.00, -9999.00, -9999.00, -9999.00, -9999.00, -9999.00, -9999.00, -9999.00
43, 6, LOC_CITY_HUE, 1.00, -9999.00, -9999.00, -9999.00, -9999.00, -9999.00, -9999.00, -9999.00, -9999.00, -9999.00, -9999.00
43, 6, LOC_CITY_NAME_ALEXANDRIA_TROAS, 1.00, -9999.00, 0.00, -9999.00, -9999.00, -9999.00, -9999.00, -9999.00, -9999.00, -9999.00, -9999.00
43, 6, LOC_CITY_NAME_SAO_PAULO, -9999.00, -9999.00, -9999.00, -9999.00, -9999.00, -9999.00, -9999.00, -9999.00, -9999.00, -9999.00, -9999.00
43, 6, LOC_CITY_NAME_ARRETIUM, 1.00, -9999.00, -9999.00, -9999.00, 115.94, -9999.00, -9999.00, -9999.00, -9999.00, -9999.00, -9999.00
43, 6, LOC_CITY_QUANG_TRI, 1.00, -9999.00, 292.71, -9999.00, 0.00, -9999.00, -9999.00, -9999.00, -9999.00, -9999.00, -9999.00
43, 6, LOC_CITY_NAME_MAGDEBURG, 1.00, -9999.00, 292.71, -9999.00, -9999.00, -9999.00, -9999.00, -9999.00, -9999.00, -9999.00, -9999.00
43, 6, LOC_CITY_NAME_ARPINUM, 1.00, -9999.00, -9999.00, -9999.00, -9999.00, -9999.00, -9999.00, -9999.00, -9999.00, -9999.00, -9999.00
43, 6, LOC_CITY_NAME_VILNIUS, -9999.00, -9999.00, -9999.00, -9999.00, -9999.00, -9999.00, -9999.00, -9999.00, 0.00, -9999.00, -9999.00
43, 6, LOC_CITY_NAME_CHALKIDIKI, 1.00, -9999.00, 0.00, -9999.00, -9999.00, -9999.00, -9999.00, -9999.00, -9999.00, -9999.00, -9999.00
43, 6, LOC_CITY_NAME_FORTALEZA, -9999.00, -9999.00, -9999.00, -9999.00, -9999.00, -9999.00, -9999.00, -9999.00, -9999.00, -9999.00, -9999.00
43, 6, LOC_CITY_NAME_COLOGNE, 1.00, -9999.00, -9999.00, 250.00, -9999.00, -9999.00, -9999.00, -9999.00, -9999.00, -9999.00, -9999.00
43, 6, LOC_CITY_NAME_KERMA, 0.00, -9999.00, 0.00, -9999.00, -9999.00, -9999.00, -9999.00, -9999.00, -9999.00, -9999.00, 2217.57
43, 6, LOC_CITY_HOI_AN, 1.00, -9999.00, -9999.00, -9999.00, -9999.00, -9999.00, -9999.00, -9999.00, -9999.00, -9999.00, -9999.00
43, 6, LOC_CITY_NAME_LUGDUNUM, 1.00, -9999.00, -9999.00, -9999.00, -9999.00, -9999.00, -9999.00, -9999.00, -9999.00, -9999.00, -9999.00
43, 6, LOC_CITY_NAME_BABYLON_STK, 0.00, -9999.00, 292.71, -9999.00, -9999.00, -9999.00, -9999.00, -9999.00, -9999.00, -9999.00, 1711.70
43, 6, LOC_CITY_NAME_ALEXANDRIA_LATMUS, 1.00, -9999.00, 0.00, -9999.00, -9999.00, -9999.00, -9999.00, -9999.00, -9999.00, -9999.00, -9999.00
43, 6, LOC_CITY_NAME_PATNA, 0.00, -9999.00, -9999.00, 250.00, -9999.00, 222.48, -9999.00, -9999.00, -9999.00, -9999.00, 1616.34
43, 6, LOC_CITY_NAME_CURITIBA, -9999.00, -9999.00, -9999.00, -9999.00, -9999.00, -9999.00, -9999.00, -9999.00, -9999.00, -9999.00, -9999.00
43, 6, LOC_CITY_NAME_LISBON, -9999.00, -9999.00, -9999.00, -9999.00, -9999.00, -9999.00, -9999.00, -9999.00, 0.00, -9999.00, -9999.00
43, 6, LOC_CITY_NAME_SWENETT, 0.00, -9999.00, -9999.00, -9999.00, -9999.00, 162.11, -9999.00, -9999.00, -9999.00, -9999.00, 1208.53
43, 6, LOC_CITY_NAME_BORSIPPA, 0.00, -9999.00, 292.71, -9999.00, -9999.00, 114.83, -9999.00, -9999.00, -9999.00, -9999.00, 288.14
43, 6, LOC_CITY_NAME_KARKAR, 0.00, -9999.00, 292.71, -9999.00, -9999.00, 129.19, -9999.00, -9999.00, -9999.00, -9999.00, 502.61
43, 6, LOC_CITY_NAME_CUMAE, 1.00, -9999.00, -9999.00, -9999.00, -9999.00, -9999.00, -9999.00, -9999.00, -9999.00, -9999.00, -9999.00
43, 6, LOC_CITY_NAME_MEROE, 0.00, -9999.00, 0.00, -9999.00, -9999.00, -9999.00, -9999.00, -9999.00, -9999.00, -9999.00, 1893.21
43, 6, LOC_CITY_NAME_KUMASI, -9999.00, -9999.00, -9999.00, -9999.00, -9999.00, -9999.00, -9999.00, -9999.00, 0.00, -9999.00, -9999.00
43, 6, LOC_CITY_NAME_MEMPHIS, 0.00, -9999.00, -9999.00, -9999.00, -9999.00, 100.47, -9999.00, -9999.00, -9999.00, -9999.00, 1365.29
43, 6, LOC_CITY_NAME_JOHANNESBURG, -9999.00, -9999.00, -9999.00, -9999.00, -9999.00, -9999.00, -9999.00, -9999.00, 0.00, -9999.00, -9999.00
43, 6, LOC_CITY_HOA_LU, 1.00, -9999.00, -9999.00, -9999.00, -9999.00, -9999.00, -9999.00, -9999.00, -9999.00, -9999.00, -9999.00
43, 6, LOC_CITY_NAME_DORTMUND, 1.00, -9999.00, -9999.00, -9999.00, -9999.00, -9999.00, -9999.00, -9999.00, -9999.00, -9999.00, -9999.00
43, 6, LOC_CITY_NAME_FEZ, 1.00, -9999.00, -9999.00, -9999.00, -9999.00, -9999.00, -9999.00, -9999.00, -9999.00, -9999.00, -9999.00
43, 6, LOC_CITY_NAME_KAWA, 0.00, -9999.00, -9999.00, -9999.00, -9999.00, 86.12, -9999.00, -9999.00, -9999.00, -9999.00, 1070.99
43, 6, LOC_CITY_NAME_JERUSALEM, -9999.00, -9999.00, -9999.00, -9999.00, -9999.00, -9999.00, -9999.00, -9999.00, -9999.00, -9999.00, -9999.00
43, 6, LOC_CITY_NAME_SALVADOR, -9999.00, -9999.00, -9999.00, -9999.00, -9999.00, -9999.00, -9999.00, -9999.00, -9999.00, -9999.00, -9999.00
43, 6, LOC_CITY_NAME_EL_KURRU, 0.00, -9999.00, 0.00, -9999.00, -9999.00, 93.29, -9999.00, -9999.00, -9999.00, -9999.00, -9999.00
43, 6, LOC_CITY_NAME_VATICAN_CITY, -9999.00, -9999.00, -9999.00, -9999.00, -9999.00, -9999.00, -9999.00, -9999.00, 0.00, -9999.00, -9999.00
43, 6, LOC_CITY_NAME_PRESLAV, -9999.00, -9999.00, -9999.00, -9999.00, -9999.00, -9999.00, -9999.00, -9999.00, 0.00, -9999.00, -9999.00
43, 6, LOC_CITY_NAME_HEIDELBERG, 1.00, -9999.00, -9999.00, -9999.00, -9999.00, -9999.00, -9999.00, -9999.00, -9999.00, -9999.00, -9999.00
43, 6, LOC_CITY_NAME_METHONE, 1.00, -9999.00, -9999.00, -9999.00, -9999.00, -9999.00, -9999.00, -9999.00, -9999.00, -9999.00, -9999.00
43, 6, LOC_CITY_NAME_AKHETATEN, 0.00, -9999.00, -9999.00, -9999.00, -9999.00, -9999.00, -9999.00, -9999.00, -9999.00, -9999.00, -9999.00
43, 6, LOC_CITY_NAME_BUENOS_AIRES, 1.00, -9999.00, -9999.00, -9999.00, -9999.00, -9999.00, -9999.00, -9999.00, -9999.00, -9999.00, -9999.00
43, 6, LOC_CITY_NAME_BABYLON, -9999.00, -9999.00, -9999.00, -9999.00, -9999.00, -9999.00, -9999.00, -9999.00, 0.00, -9999.00, -9999.00
43, 6, LOC_CITY_NAME_QASR_IBRIM, 0.00, -9999.00, 0.00, -9999.00, -9999.00, -9999.00, -9999.00, -9999.00, -9999.00, -9999.00, -9999.00
43, 6, LOC_CITY_NAME_HEH, 0.00, -9999.00, -9999.00, -9999.00, -9999.00, -9999.00, -9999.00, -9999.00, -9999.00, -9999.00, -9999.00
43, 6, LOC_CITY_NAME_SHAAT, 0.00, -9999.00, -9999.00, -9999.00, -9999.00, -9999.00, -9999.00, -9999.00, -9999.00, -9999.00, -9999.00
43, 6, LOC_CITY_NAME_SEDEINGA, 0.00, -9999.00, -9999.00, -9999.00, 0.00, -9999.00, -9999.00, -9999.00, -9999.00, -9999.00, 804.69
43, 6, LOC_CITY_DONG_HOI, 1.00, -9999.00, -9999.00, -9999.00, -9999.00, -9999.00, -9999.00, -9999.00, -9999.00, -9999.00, -9999.00
43, 6, LOC_CITY_NAME_BRUNDISIUM, 1.00, -9999.00, -9999.00, -9999.00, -9999.00, -9999.00, -9999.00, -9999.00, -9999.00, -9999.00, -9999.00
43, 6, LOC_CITY_NAME_PORTO_ALEGRE, -9999.00, -9999.00, -9999.00, -9999.00, -9999.00, -9999.00, -9999.00, -9999.00, -9999.00, -9999.00, -9999.00
43, 7, LOC_CITY_NAME_RIO_DE_JANEIRO, 4.00, -9999.00, -9999.00, -9999.00, -9999.00, 324.87, -9999.00, -9999.00, -9999.00, -9999.00, -9999.00
43, 7, LOC_CITY_NAME_PELLA, 3.00, -9999.00, -9999.00, -9999.00, 115.94, 115.70, -9999.00, -9999.00, -9999.00, -9999.00, -9999.00
43, 7, LOC_CITY_NAME_AACHEN, -9999.00, -9999.00, -9999.00, -9999.00, -9999.00, -9999.00, -9999.00, -9999.00, -9999.00, -9999.00, -9999.00
43, 7, LOC_CITY_NAME_ROME, 3.00, -9999.00, 0.00, -9999.00, -9999.00, -9999.00, -9999.00, -9999.00, -9999.00, -9999.00, -9999.00
43, 7, LOC_CITY_HA_NOI, 3.00, -9999.00, 0.00, -9999.00, -9999.00, -9999.00, -9999.00, -9999.00, -9999.00, -9999.00, -9999.00
43, 7, LOC_CITY_HUE, 3.00, -9999.00, -9999.00, -9999.00, -9999.00, -9999.00, -9999.00, -9999.00, -9999.00, -9999.00, -9999.00
43, 7, LOC_CITY_NAME_SAO_PAULO, 4.00, -9999.00, 0.00, -9999.00, -9999.00, -9999.00, -9999.00, -9999.00, -9999.00, -9999.00, -9999.00
43, 7, LOC_CITY_NAME_ALEXANDRIA_TROAS, 3.00, -9999.00, 0.00, -9999.00, -9999.00, -9999.00, -9999.00, -9999.00, -9999.00, -9999.00, -9999.00
43, 7, LOC_CITY_NAME_ARRETIUM, 3.00, -9999.00, 0.00, -9999.00, 115.94, -9999.00, -9999.00, -9999.00, -9999.00, -9999.00, -9999.00
43, 7, LOC_CITY_NAME_MAGDEBURG, -9999.00, -9999.00, -9999.00, -9999.00, -9999.00, -9999.00, -9999.00, -9999.00, -9999.00, -9999.00, -9999.00
43, 7, LOC_CITY_QUANG_TRI, 3.00, -9999.00, 0.00, -9999.00, 0.00, -9999.00, -9999.00, -9999.00, -9999.00, -9999.00, -9999.00
43, 7, LOC_CITY_NAME_ARPINUM, 3.00, -9999.00, 0.00, -9999.00, -9999.00, -9999.00, -9999.00, -9999.00, -9999.00, -9999.00, -9999.00
43, 7, LOC_CITY_NAME_VILNIUS, -9999.00, -9999.00, -9999.00, -9999.00, -9999.00, -9999.00, -9999.00, -9999.00, 0.00, -9999.00, -9999.00
43, 7, LOC_CITY_NAME_FORTALEZA, 4.00, -9999.00, -9999.00, -9999.00, -9999.00, -9999.00, -9999.00, -9999.00, -9999.00, -9999.00, -9999.00
43, 7, LOC_CITY_NAME_CHALKIDIKI, 3.00, -9999.00, 0.00, -9999.00, -9999.00, -9999.00, -9999.00, -9999.00, -9999.00, -9999.00, -9999.00
43, 7, LOC_CITY_NAME_COLOGNE, -9999.00, -9999.00, -9999.00, -9999.00, -9999.00, -9999.00, -9999.00, -9999.00, -9999.00, -9999.00, -9999.00
43, 7, LOC_CITY_NAME_KERMA, 2.00, -9999.00, 79.63, -9999.00, -9999.00, -9999.00, -9999.00, -9999.00, -9999.00, -9999.00, 2323.86
43, 7, LOC_CITY_HOI_AN, 3.00, -9999.00, -9999.00, -9999.00, -9999.00, -9999.00, -9999.00, -9999.00, -9999.00, -9999.00, -9999.00
43, 7, LOC_CITY_NAME_LUGDUNUM, 3.00, -9999.00, -9999.00, -9999.00, -9999.00, -9999.00, -9999.00, -9999.00, -9999.00, -9999.00, -9999.00
43, 7, LOC_CITY_NAME_BABYLON_STK, 0.00, -9999.00, 46.12, -9999.00, -9999.00, -9999.00, -9999.00, -9999.00, -9999.00, -9999.00, 1807.54
43, 7, LOC_CITY_NAME_ALEXANDRIA_LATMUS, 3.00, -9999.00, 0.00, -9999.00, -9999.00, -9999.00, -9999.00, -9999.00, -9999.00, -9999.00, -9999.00
43, 7, LOC_CITY_NAME_PATNA, 0.00, -9999.00, -9999.00, -9999.00, -9999.00, 222.48, -9999.00, -9999.00, -9999.00, -9999.00, 1739.88
43, 7, LOC_CITY_NAME_CURITIBA, 4.00, -9999.00, -9999.00, -9999.00, -9999.00, -9999.00, -9999.00, -9999.00, -9999.00, -9999.00, -9999.00
43, 7, LOC_CITY_NAME_LISBON, -9999.00, -9999.00, -9999.00, -9999.00, -9999.00, -9999.00, -9999.00, -9999.00, 0.00, -9999.00, -9999.00
43, 7, LOC_CITY_NAME_SWENETT, 0.00, -9999.00, -9999.00, -9999.00, -9999.00, 162.11, -9999.00, -9999.00, -9999.00, -9999.00, 1219.38
43, 7, LOC_CITY_NAME_BORSIPPA, 0.00, -9999.00, 46.12, -9999.00, -9999.00, 114.83, -9999.00, -9999.00, -9999.00, -9999.00, 302.03
43, 7, LOC_CITY_NAME_KARKAR, 0.00, -9999.00, 46.12, -9999.00, -9999.00, 129.19, -9999.00, -9999.00, -9999.00, -9999.00, 506.09
43, 7, LOC_CITY_NAME_CUMAE, 3.00, -9999.00, -9999.00, -9999.00, -9999.00, -9999.00, -9999.00, -9999.00, -9999.00, -9999.00, -9999.00
43, 7, LOC_CITY_NAME_MEROE, 2.00, -9999.00, 79.63, -9999.00, -9999.00, -9999.00, -9999.00, -9999.00, -9999.00, -9999.00, 2038.15
43, 7, LOC_CITY_NAME_KUMASI, -9999.00, -9999.00, -9999.00, -9999.00, -9999.00, -9999.00, -9999.00, -9999.00, 0.00, -9999.00, -9999.00
43, 7, LOC_CITY_NAME_MEMPHIS, 0.00, -9999.00, -9999.00, -9999.00, -9999.00, 100.47, -9999.00, -9999.00, -9999.00, -9999.00, 1385.64
43, 7, LOC_CITY_NAME_JOHANNESBURG, -9999.00, -9999.00, -9999.00, -9999.00, -9999.00, -9999.00, -9999.00, -9999.00, 0.00, -9999.00, -9999.00
43, 7, LOC_CITY_NAME_DORTMUND, -9999.00, -9999.00, -9999.00, -9999.00, -9999.00, -9999.00, -9999.00, -9999.00, -9999.00, -9999.00, -9999.00
43, 7, LOC_CITY_HOA_LU, 3.00, -9999.00, -9999.00, -9999.00, -9999.00, -9999.00, -9999.00, -9999.00, -9999.00, -9999.00, -9999.00
43, 7, LOC_CITY_NAME_FEZ, 3.00, -9999.00, -9999.00, -9999.00, -9999.00, -9999.00, -9999.00, -9999.00, -9999.00, -9999.00, -9999.00
43, 7, LOC_CITY_NAME_KAWA, 2.00, -9999.00, -9999.00, -9999.00, -9999.00, 86.12, -9999.00, -9999.00, -9999.00, -9999.00, 1085.32
43, 7, LOC_CITY_NAME_JERUSALEM, 4.00, -9999.00, -9999.00, -9999.00, -9999.00, -9999.00, -9999.00, -9999.00, -9999.00, -9999.00, -9999.00
43, 7, LOC_CITY_NAME_SALVADOR, 4.00, -9999.00, -9999.00, -9999.00, -9999.00, -9999.00, -9999.00, -9999.00, -9999.00, -9999.00, -9999.00
43, 7, LOC_CITY_NAME_EL_KURRU, 2.00, -9999.00, 79.63, -9999.00, -9999.00, 93.29, -9999.00, -9999.00, -9999.00, -9999.00, -9999.00
43, 7, LOC_CITY_NAME_VATICAN_CITY, -9999.00, -9999.00, -9999.00, -9999.00, -9999.00, -9999.00, -9999.00, -9999.00, 0.00, -9999.00, -9999.00
43, 7, LOC_CITY_NAME_PRESLAV, -9999.00, -9999.00, -9999.00, -9999.00, -9999.00, -9999.00, -9999.00, -9999.00, 0.00, -9999.00, -9999.00
43, 7, LOC_CITY_NAME_HEIDELBERG, -9999.00, -9999.00, -9999.00, -9999.00, -9999.00, -9999.00, -9999.00, -9999.00, -9999.00, -9999.00, -9999.00
43, 7, LOC_CITY_NAME_METHONE, 3.00, -9999.00, -9999.00, -9999.00, -9999.00, -9999.00, -9999.00, -9999.00, -9999.00, -9999.00, -9999.00
43, 7, LOC_CITY_NAME_AKHETATEN, 0.00, -9999.00, -9999.00, -9999.00, -9999.00, -9999.00, -9999.00, -9999.00, -9999.00, -9999.00, -9999.00
43, 7, LOC_CITY_NAME_BUENOS_AIRES, 3.00, -9999.00, -9999.00, -9999.00, -9999.00, -9999.00, -9999.00, -9999.00, -9999.00, -9999.00, -9999.00
43, 7, LOC_CITY_NAME_BABYLON, -9999.00, -9999.00, -9999.00, -9999.00, -9999.00, -9999.00, -9999.00, -9999.00, 0.00, -9999.00, -9999.00
43, 7, LOC_CITY_NAME_QASR_IBRIM, 2.00, -9999.00, 79.63, -9999.00, -9999.00, -9999.00, -9999.00, -9999.00, -9999.00, -9999.00, -9999.00
43, 7, LOC_CITY_NAME_HEH, 2.00, -9999.00, -9999.00, -9999.00, -9999.00, -9999.00, -9999.00, -9999.00, -9999.00, -9999.00, -9999.00
43, 7, LOC_CITY_NAME_SHAAT, 2.00, -9999.00, -9999.00, -9999.00, -9999.00, -9999.00, -9999.00, -9999.00, -9999.00, -9999.00, -9999.00
43, 7, LOC_CITY_NAME_SEDEINGA, 2.00, -9999.00, -9999.00, -9999.00, 0.00, -9999.00, -9999.00, -9999.00, -9999.00, -9999.00, 862.61
43, 7, LOC_CITY_DONG_HOI, 3.00, -9999.00, -9999.00, -9999.00, -9999.00, -9999.00, -9999.00, -9999.00, -9999.00, -9999.00, -9999.00
43, 7, LOC_CITY_NAME_BRUNDISIUM, 3.00, -9999.00, -9999.00, -9999.00, -9999.00, -9999.00, -9999.00, -9999.00, -9999.00, -9999.00, -9999.00
43, 7, LOC_CITY_NAME_PORTO_ALEGRE, 4.00, -9999.00, -9999.00, -9999.00, -9999.00, -9999.00, -9999.00, -9999.00, -9999.00, -9999.00, -9999.00
43, 8, LOC_CITY_NAME_AACHEN, 1.00, -9999.00, 117.41, 125.00, -9999.00, -9999.00, -9999.00, -9999.00, -9999.00, -9999.00, -9999.00
43, 8, LOC_CITY_NAME_RIO_DE_JANEIRO, 3.00, -9999.00, -9999.00, -9999.00, -9999.00, 324.87, -9999.00, -9999.00, -9999.00, -9999.00, -9999.00
43, 8, LOC_CITY_NAME_PELLA, 3.00, -9999.00, -9999.00, -9999.00, 115.94, 115.70, -9999.00, -9999.00, -9999.00, -9999.00, -9999.00
43, 8, LOC_CITY_HA_NOI, -9999.00, -9999.00, -9999.00, -9999.00, -9999.00, -9999.00, -9999.00, -9999.00, -9999.00, -9999.00, -9999.00
43, 8, LOC_CITY_NAME_ROME, 3.00, -9999.00, 117.41, -9999.00, -9999.00, -9999.00, -9999.00, -9999.00, -9999.00, -9999.00, -9999.00
43, 8, LOC_CITY_HUE, -9999.00, -9999.00, -9999.00, -9999.00, -9999.00, -9999.00, -9999.00, -9999.00, -9999.00, -9999.00, -9999.00
43, 8, LOC_CITY_NAME_SAO_PAULO, 3.00, -9999.00, 751.40, -9999.00, -9999.00, -9999.00, -9999.00, -9999.00, -9999.00, -9999.00, -9999.00
43, 8, LOC_CITY_NAME_ALEXANDRIA_TROAS, 3.00, -9999.00, 72.50, -9999.00, -9999.00, -9999.00, -9999.00, -9999.00, -9999.00, -9999.00, -9999.00
43, 8, LOC_CITY_NAME_ARRETIUM, 3.00, -9999.00, 117.41, -9999.00, 115.94, -9999.00, -9999.00, -9999.00, -9999.00, -9999.00, -9999.00
43, 8, LOC_CITY_NAME_MAGDEBURG, 1.00, -9999.00, 117.41, 125.00, -9999.00, -9999.00, -9999.00, -9999.00, -9999.00, -9999.00, -9999.00
43, 8, LOC_CITY_QUANG_TRI, -9999.00, -9999.00, -9999.00, -9999.00, -9999.00, -9999.00, -9999.00, -9999.00, -9999.00, -9999.00, -9999.00
43, 8, LOC_CITY_NAME_ARPINUM, 3.00, -9999.00, 117.41, -9999.00, -9999.00, -9999.00, -9999.00, -9999.00, -9999.00, -9999.00, -9999.00
43, 8, LOC_CITY_NAME_VILNIUS, -9999.00, -9999.00, -9999.00, -9999.00, -9999.00, -9999.00, -9999.00, -9999.00, 0.00, -9999.00, -9999.00
43, 8, LOC_CITY_NAME_FORTALEZA, 3.00, -9999.00, -9999.00, -9999.00, -9999.00, -9999.00, -9999.00, -9999.00, -9999.00, -9999.00, -9999.00
43, 8, LOC_CITY_NAME_CHALKIDIKI, 3.00, -9999.00, 72.50, -9999.00, -9999.00, -9999.00, -9999.00, -9999.00, -9999.00, -9999.00, -9999.00
43, 8, LOC_CITY_NAME_COLOGNE, 1.00, -9999.00, -9999.00, -9999.00, -9999.00, -9999.00, -9999.00, -9999.00, -9999.00, -9999.00, -9999.00
43, 8, LOC_CITY_HOI_AN, -9999.00, -9999.00, -9999.00, -9999.00, -9999.00, -9999.00, -9999.00, -9999.00, -9999.00, -9999.00, -9999.00
43, 8, LOC_CITY_NAME_KERMA, 2.00, -9999.00, 72.50, -9999.00, -9999.00, -9999.00, -9999.00, -9999.00, -9999.00, -9999.00, 2198.10
43, 8, LOC_CITY_NAME_LUGDUNUM, 3.00, -9999.00, -9999.00, -9999.00, -9999.00, -9999.00, -9999.00, -9999.00, -9999.00, -9999.00, -9999.00
43, 8, LOC_CITY_NAME_BABYLON_STK, 0.00, -9999.00, 42.31, -9999.00, -9999.00, -9999.00, -9999.00, -9999.00, -9999.00, -9999.00, 1687.63
43, 8, LOC_CITY_NAME_ALEXANDRIA_LATMUS, 3.00, -9999.00, 72.50, -9999.00, -9999.00, -9999.00, -9999.00, -9999.00, -9999.00, -9999.00, -9999.00
43, 8, LOC_CITY_NAME_PATNA, 0.00, -9999.00, -9999.00, 125.00, -9999.00, 222.48, -9999.00, -9999.00, -9999.00, -9999.00, 1602.38
43, 8, LOC_CITY_NAME_CURITIBA, 3.00, -9999.00, -9999.00, -9999.00, -9999.00, -9999.00, -9999.00, -9999.00, -9999.00, -9999.00, -9999.00
43, 8, LOC_CITY_NAME_LISBON, -9999.00, -9999.00, -9999.00, -9999.00, -9999.00, -9999.00, -9999.00, -9999.00, 0.00, -9999.00, -9999.00
43, 8, LOC_CITY_NAME_SWENETT, 0.00, -9999.00, -9999.00, -9999.00, -9999.00, 162.11, -9999.00, -9999.00, -9999.00, -9999.00, 1203.63
43, 8, LOC_CITY_NAME_BORSIPPA, 0.00, -9999.00, 42.31, -9999.00, -9999.00, 114.83, -9999.00, -9999.00, -9999.00, -9999.00, 285.30
43, 8, LOC_CITY_NAME_KARKAR, 0.00, -9999.00, 42.31, -9999.00, -9999.00, 129.19, -9999.00, -9999.00, -9999.00, -9999.00, 501.90
43, 8, LOC_CITY_NAME_CUMAE, 3.00, -9999.00, -9999.00, -9999.00, -9999.00, -9999.00, -9999.00, -9999.00, -9999.00, -9999.00, -9999.00
43, 8, LOC_CITY_NAME_MEROE, 2.00, -9999.00, 72.50, -9999.00, -9999.00, -9999.00, -9999.00, -9999.00, -9999.00, -9999.00, 1862.14
43, 8, LOC_CITY_NAME_KUMASI, -9999.00, -9999.00, -9999.00, -9999.00, -9999.00, -9999.00, -9999.00, -9999.00, 0.00, -9999.00, -9999.00
43, 8, LOC_CITY_NAME_MEMPHIS, 0.00, -9999.00, -9999.00, -9999.00, -9999.00, 100.47, -9999.00, -9999.00, -9999.00, -9999.00, 1358.07
43, 8, LOC_CITY_NAME_JOHANNESBURG, -9999.00, -9999.00, -9999.00, -9999.00, -9999.00, -9999.00, -9999.00, -9999.00, 0.00, -9999.00, -9999.00
43, 8, LOC_CITY_NAME_DORTMUND, 1.00, -9999.00, -9999.00, -9999.00, -9999.00, -9999.00, -9999.00, -9999.00, -9999.00, -9999.00, -9999.00
43, 8, LOC_CITY_HOA_LU, -9999.00, -9999.00, -9999.00, -9999.00, -9999.00, -9999.00, -9999.00, -9999.00, -9999.00, -9999.00, -9999.00
43, 8, LOC_CITY_NAME_FEZ, 3.00, -9999.00, -9999.00, -9999.00, -9999.00, -9999.00, -9999.00, -9999.00, -9999.00, -9999.00, -9999.00
43, 8, LOC_CITY_NAME_KAWA, 2.00, -9999.00, -9999.00, -9999.00, -9999.00, 86.12, -9999.00, -9999.00, -9999.00, -9999.00, 1061.63
43, 8, LOC_CITY_NAME_JERUSALEM, 3.00, -9999.00, -9999.00, -9999.00, -9999.00, -9999.00, -9999.00, -9999.00, -9999.00, -9999.00, -9999.00
43, 8, LOC_CITY_NAME_SALVADOR, 3.00, -9999.00, -9999.00, -9999.00, -9999.00, -9999.00, -9999.00, -9999.00, -9999.00, -9999.00, -9999.00
43, 8, LOC_CITY_NAME_EL_KURRU, 2.00, -9999.00, 72.50, -9999.00, -9999.00, 93.29, -9999.00, -9999.00, -9999.00, -9999.00, -9999.00
43, 8, LOC_CITY_NAME_VATICAN_CITY, -9999.00, -9999.00, -9999.00, -9999.00, -9999.00, -9999.00, -9999.00, -9999.00, 0.00, -9999.00, -9999.00
43, 8, LOC_CITY_NAME_HEIDELBERG, 1.00, -9999.00, -9999.00, -9999.00, -9999.00, -9999.00, -9999.00, -9999.00, -9999.00, -9999.00, -9999.00
43, 8, LOC_CITY_NAME_PRESLAV, -9999.00, -9999.00, -9999.00, -9999.00, -9999.00, -9999.00, -9999.00, -9999.00, 0.00, -9999.00, -9999.00
43, 8, LOC_CITY_NAME_METHONE, 3.00, -9999.00, -9999.00, -9999.00, -9999.00, -9999.00, -9999.00, -9999.00, -9999.00, -9999.00, -9999.00
43, 8, LOC_CITY_NAME_AKHETATEN, 0.00, -9999.00, -9999.00, -9999.00, -9999.00, -9999.00, -9999.00, -9999.00, -9999.00, -9999.00, -9999.00
43, 8, LOC_CITY_NAME_BUENOS_AIRES, 3.00, -9999.00, -9999.00, -9999.00, -9999.00, -9999.00, -9999.00, -9999.00, -9999.00, -9999.00, -9999.00
43, 8, LOC_CITY_NAME_BABYLON, -9999.00, -9999.00, -9999.00, -9999.00, -9999.00, -9999.00, -9999.00, -9999.00, 0.00, -9999.00, -9999.00
43, 8, LOC_CITY_NAME_QASR_IBRIM, 2.00, -9999.00, 72.50, -9999.00, -9999.00, -9999.00, -9999.00, -9999.00, -9999.00, -9999.00, -9999.00
43, 8, LOC_CITY_NAME_HEH, 2.00, -9999.00, -9999.00, -9999.00, -9999.00, -9999.00, -9999.00, -9999.00, -9999.00, -9999.00, -9999.00
43, 8, LOC_CITY_DONG_HOI, -9999.00, -9999.00, -9999.00, -9999.00, -9999.00, -9999.00, -9999.00, -9999.00, -9999.00, -9999.00, -9999.00
43, 8, LOC_CITY_NAME_SHAAT, 2.00, -9999.00, -9999.00, -9999.00, -9999.00, -9999.00, -9999.00, -9999.00, -9999.00, -9999.00, -9999.00
43, 8, LOC_CITY_NAME_SEDEINGA, 2.00, -9999.00, -9999.00, -9999.00, 0.00, -9999.00, -9999.00, -9999.00, -9999.00, -9999.00, 796.65
43, 8, LOC_CITY_NAME_BRUNDISIUM, 3.00, -9999.00, -9999.00, -9999.00, -9999.00, -9999.00, -9999.00, -9999.00, -9999.00, -9999.00, -9999.00
43, 8, LOC_CITY_NAME_PORTO_ALEGRE, 3.00, -9999.00, -9999.00, -9999.00, -9999.00, -9999.00, -9999.00, -9999.00, -9999.00, -9999.00, -9999.00
43, 9, LOC_CITY_HA_NOI, 2.00, -9999.00, 308.71, -9999.00, -9999.00, -9999.00, -9999.00, -9999.00, -9999.00, -9999.00, -9999.00
43, 9, LOC_CITY_NAME_AACHEN, 1.00, -9999.00, 308.71, 125.00, -9999.00, -9999.00, -9999.00, -9999.00, -9999.00, -9999.00, -9999.00
43, 9, LOC_CITY_NAME_RIO_DE_JANEIRO, 3.00, -9999.00, -9999.00, -9999.00, -9999.00, 366.70, -9999.00, -9999.00, -9999.00, -9999.00, -9999.00
43, 9, LOC_CITY_NAME_PELLA, 3.00, -9999.00, -9999.00, -9999.00, 115.94, 130.60, -9999.00, -9999.00, -9999.00, -9999.00, -9999.00
43, 9, LOC_CITY_NAME_ROME, -9999.00, -9999.00, -9999.00, -9999.00, -9999.00, -9999.00, -9999.00, -9999.00, -9999.00, -9999.00, -9999.00
43, 9, LOC_CITY_HUE, 2.00, -9999.00, -9999.00, -9999.00, -9999.00, -9999.00, -9999.00, -9999.00, -9999.00, -9999.00, -9999.00
43, 9, LOC_CITY_NAME_SAO_PAULO, 3.00, -9999.00, 377.55, -9999.00, -9999.00, -9999.00, -9999.00, -9999.00, -9999.00, -9999.00, -9999.00
43, 9, LOC_CITY_NAME_ALEXANDRIA_TROAS, 3.00, -9999.00, 91.76, -9999.00, -9999.00, -9999.00, -9999.00, -9999.00, -9999.00, -9999.00, -9999.00
43, 9, LOC_CITY_NAME_ARRETIUM, -9999.00, -9999.00, -9999.00, -9999.00, -9999.00, -9999.00, -9999.00, -9999.00, -9999.00, -9999.00, -9999.00
43, 9, LOC_CITY_QUANG_TRI, 2.00, -9999.00, 308.71, -9999.00, 115.94, -9999.00, -9999.00, -9999.00, -9999.00, -9999.00, -9999.00
43, 9, LOC_CITY_NAME_MAGDEBURG, 1.00, -9999.00, 308.71, 125.00, -9999.00, -9999.00, -9999.00, -9999.00, -9999.00, -9999.00, -9999.00
43, 9, LOC_CITY_NAME_ARPINUM, -9999.00, -9999.00, -9999.00, -9999.00, -9999.00, -9999.00, -9999.00, -9999.00, -9999.00, -9999.00, -9999.00
43, 9, LOC_CITY_NAME_VILNIUS, -9999.00, -9999.00, -9999.00, -9999.00, -9999.00, -9999.00, -9999.00, -9999.00, 0.00, -9999.00, -9999.00
43, 9, LOC_CITY_NAME_FORTALEZA, 3.00, -9999.00, -9999.00, -9999.00, -9999.00, -9999.00, -9999.00, -9999.00, -9999.00, -9999.00, -9999.00
43, 9, LOC_CITY_NAME_CHALKIDIKI, 3.00, -9999.00, 91.76, -9999.00, -9999.00, -9999.00, -9999.00, -9999.00, -9999.00, -9999.00, -9999.00
43, 9, LOC_CITY_NAME_COLOGNE, 1.00, -9999.00, -9999.00, -9999.00, -9999.00, -9999.00, -9999.00, -9999.00, -9999.00, -9999.00, -9999.00
43, 9, LOC_CITY_HOI_AN, 2.00, -9999.00, -9999.00, -9999.00, -9999.00, -9999.00, -9999.00, -9999.00, -9999.00, -9999.00, -9999.00
43, 9, LOC_CITY_NAME_LUGDUNUM, -9999.00, -9999.00, -9999.00, -9999.00, -9999.00, -9999.00, -9999.00, -9999.00, -9999.00, -9999.00, -9999.00
43, 9, LOC_CITY_NAME_KERMA, 0.00, -9999.00, 91.76, -9999.00, -9999.00, -9999.00, -9999.00, -9999.00, -9999.00, -9999.00, 2201.98
43, 9, LOC_CITY_NAME_BABYLON_STK, 0.00, -9999.00, 308.71, -9999.00, -9999.00, -9999.00, -9999.00, -9999.00, -9999.00, -9999.00, 1700.29
43, 9, LOC_CITY_NAME_ALEXANDRIA_LATMUS, 3.00, -9999.00, 91.76, -9999.00, -9999.00, -9999.00, -9999.00, -9999.00, -9999.00, -9999.00, -9999.00
43, 9, LOC_CITY_NAME_PATNA, 0.00, -9999.00, -9999.00, 125.00, -9999.00, 251.14, -9999.00, -9999.00, -9999.00, -9999.00, 1526.03
43, 9, LOC_CITY_NAME_CURITIBA, 3.00, -9999.00, -9999.00, -9999.00, -9999.00, -9999.00, -9999.00, -9999.00, -9999.00, -9999.00, -9999.00
43, 9, LOC_CITY_NAME_LISBON, -9999.00, -9999.00, -9999.00, -9999.00, -9999.00, -9999.00, -9999.00, -9999.00, 0.00, -9999.00, -9999.00
43, 9, LOC_CITY_NAME_SWENETT, 0.00, -9999.00, -9999.00, -9999.00, -9999.00, 182.98, -9999.00, -9999.00, -9999.00, -9999.00, 1194.86
43, 9, LOC_CITY_NAME_BORSIPPA, 0.00, -9999.00, 308.71, -9999.00, -9999.00, 129.62, -9999.00, -9999.00, -9999.00, -9999.00, 284.86
43, 9, LOC_CITY_NAME_KARKAR, 0.00, -9999.00, 308.71, -9999.00, -9999.00, 145.82, -9999.00, -9999.00, -9999.00, -9999.00, 501.79
43, 9, LOC_CITY_NAME_MEROE, 0.00, -9999.00, 91.76, -9999.00, -9999.00, -9999.00, -9999.00, -9999.00, -9999.00, -9999.00, 1882.89
43, 9, LOC_CITY_NAME_CUMAE, -9999.00, -9999.00, -9999.00, -9999.00, -9999.00, -9999.00, -9999.00, -9999.00, -9999.00, -9999.00, -9999.00
43, 9, LOC_CITY_NAME_KUMASI, -9999.00, -9999.00, -9999.00, -9999.00, -9999.00, -9999.00, -9999.00, -9999.00, 0.00, -9999.00, -9999.00
43, 9, LOC_CITY_NAME_MEMPHIS, 0.00, -9999.00, -9999.00, -9999.00, -9999.00, 113.41, -9999.00, -9999.00, -9999.00, -9999.00, 1347.79
43, 9, LOC_CITY_NAME_JOHANNESBURG, -9999.00, -9999.00, -9999.00, -9999.00, -9999.00, -9999.00, -9999.00, -9999.00, 0.00, -9999.00, -9999.00
43, 9, LOC_CITY_HOA_LU, 2.00, -9999.00, -9999.00, -9999.00, -9999.00, -9999.00, -9999.00, -9999.00, -9999.00, -9999.00, -9999.00
43, 9, LOC_CITY_NAME_DORTMUND, 1.00, -9999.00, -9999.00, -9999.00, -9999.00, -9999.00, -9999.00, -9999.00, -9999.00, -9999.00, -9999.00
43, 9, LOC_CITY_NAME_FEZ, 3.00, -9999.00, -9999.00, -9999.00, -9999.00, -9999.00, -9999.00, -9999.00, -9999.00, -9999.00, -9999.00
43, 9, LOC_CITY_NAME_KAWA, 0.00, -9999.00, -9999.00, -9999.00, -9999.00, 97.21, -9999.00, -9999.00, -9999.00, -9999.00, 1052.75
43, 9, LOC_CITY_NAME_JERUSALEM, 3.00, -9999.00, -9999.00, -9999.00, -9999.00, -9999.00, -9999.00, -9999.00, -9999.00, -9999.00, -9999.00
43, 9, LOC_CITY_NAME_SALVADOR, 3.00, -9999.00, -9999.00, -9999.00, -9999.00, -9999.00, -9999.00, -9999.00, -9999.00, -9999.00, -9999.00
43, 9, LOC_CITY_NAME_EL_KURRU, 0.00, -9999.00, 91.76, -9999.00, -9999.00, 105.31, -9999.00, -9999.00, -9999.00, -9999.00, -9999.00
43, 9, LOC_CITY_NAME_VATICAN_CITY, -9999.00, -9999.00, -9999.00, -9999.00, -9999.00, -9999.00, -9999.00, -9999.00, 0.00, -9999.00, -9999.00
43, 9, LOC_CITY_NAME_HEIDELBERG, 1.00, -9999.00, -9999.00, -9999.00, -9999.00, -9999.00, -9999.00, -9999.00, -9999.00, -9999.00, -9999.00
43, 9, LOC_CITY_NAME_PRESLAV, -9999.00, -9999.00, -9999.00, -9999.00, -9999.00, -9999.00, -9999.00, -9999.00, 0.00, -9999.00, -9999.00
43, 9, LOC_CITY_NAME_METHONE, 3.00, -9999.00, -9999.00, -9999.00, -9999.00, -9999.00, -9999.00, -9999.00, -9999.00, -9999.00, -9999.00
43, 9, LOC_CITY_NAME_AKHETATEN, 0.00, -9999.00, -9999.00, -9999.00, -9999.00, -9999.00, -9999.00, -9999.00, -9999.00, -9999.00, -9999.00
43, 9, LOC_CITY_NAME_BUENOS_AIRES, 3.00, -9999.00, -9999.00, -9999.00, -9999.00, -9999.00, -9999.00, -9999.00, -9999.00, -9999.00, -9999.00
43, 9, LOC_CITY_NAME_BABYLON, -9999.00, -9999.00, -9999.00, -9999.00, -9999.00, -9999.00, -9999.00, -9999.00, 0.00, -9999.00, -9999.00
43, 9, LOC_CITY_NAME_QASR_IBRIM, 0.00, -9999.00, 91.76, -9999.00, -9999.00, -9999.00, -9999.00, -9999.00, -9999.00, -9999.00, -9999.00
43, 9, LOC_CITY_NAME_HEH, 0.00, -9999.00, -9999.00, -9999.00, -9999.00, -9999.00, -9999.00, -9999.00, -9999.00, -9999.00, -9999.00
43, 9, LOC_CITY_DONG_HOI, 2.00, -9999.00, -9999.00, -9999.00, -9999.00, -9999.00, -9999.00, -9999.00, -9999.00, -9999.00, -9999.00
43, 9, LOC_CITY_NAME_SHAAT, 0.00, -9999.00, -9999.00, -9999.00, -9999.00, -9999.00, -9999.00, -9999.00, -9999.00, -9999.00, -9999.00
43, 9, LOC_CITY_NAME_SEDEINGA, 0.00, -9999.00, -9999.00, -9999.00, 0.00, -9999.00, -9999.00, -9999.00, -9999.00, -9999.00, 806.88
43, 9, LOC_CITY_NAME_BRUNDISIUM, -9999.00, -9999.00, -9999.00, -9999.00, -9999.00, -9999.00, -9999.00, -9999.00, -9999.00, -9999.00, -9999.00
43, 9, LOC_CITY_NAME_PORTO_ALEGRE, 3.00, -9999.00, -9999.00, -9999.00, -9999.00, -9999.00, -9999.00, -9999.00, -9999.00, -9999.00, -9999.00
44, 5, LOC_CITY_NAME_PELLA, -9999.00, -9999.00, -9999.00, -9999.00, -9999.00, -9999.00, -9999.00, -9999.00, -9999.00, -9999.00, -9999.00
44, 5, LOC_CITY_NAME_ROME, 1.00, -9999.00, 77.65, -9999.00, -9999.00, -9999.00, -9999.00, -9999.00, -9999.00, -9999.00, -9999.00
44, 5, LOC_CITY_HA_NOI, 1.00, -9999.00, 292.71, -9999.00, -9999.00, -9999.00, -9999.00, -9999.00, -9999.00, -9999.00, -9999.00
44, 5, LOC_CITY_NAME_AACHEN, 1.00, -9999.00, 292.71, 125.00, -9999.00, -9999.00, -9999.00, -9999.00, -9999.00, -9999.00, -9999.00
44, 5, LOC_CITY_NAME_RIO_DE_JANEIRO, 3.00, -9999.00, -9999.00, -9999.00, -9999.00, 324.87, -9999.00, -9999.00, -9999.00, -9999.00, -9999.00
44, 5, LOC_CITY_HUE, 1.00, -9999.00, -9999.00, -9999.00, -9999.00, -9999.00, -9999.00, -9999.00, -9999.00, -9999.00, -9999.00
44, 5, LOC_CITY_NAME_ALEXANDRIA_TROAS, -9999.00, -9999.00, -9999.00, -9999.00, -9999.00, -9999.00, -9999.00, -9999.00, -9999.00, -9999.00, -9999.00
44, 5, LOC_CITY_NAME_SAO_PAULO, 3.00, -9999.00, -9999.00, -9999.00, -9999.00, -9999.00, -9999.00, -9999.00, -9999.00, -9999.00, -9999.00
44, 5, LOC_CITY_NAME_ARRETIUM, 1.00, -9999.00, 77.65, -9999.00, 135.94, -9999.00, -9999.00, -9999.00, -9999.00, -9999.00, -9999.00
44, 5, LOC_CITY_QUANG_TRI, 1.00, -9999.00, 292.71, -9999.00, 135.94, -9999.00, -9999.00, -9999.00, -9999.00, -9999.00, -9999.00
44, 5, LOC_CITY_NAME_MAGDEBURG, 1.00, -9999.00, 292.71, 125.00, -9999.00, -9999.00, -9999.00, -9999.00, -9999.00, -9999.00, -9999.00
44, 5, LOC_CITY_NAME_ARPINUM, 1.00, -9999.00, 77.65, -9999.00, -9999.00, -9999.00, -9999.00, -9999.00, -9999.00, -9999.00, -9999.00
44, 5, LOC_CITY_NAME_VILNIUS, -9999.00, -9999.00, -9999.00, -9999.00, -9999.00, -9999.00, -9999.00, -9999.00, 0.00, -9999.00, -9999.00
44, 5, LOC_CITY_NAME_CHALKIDIKI, -9999.00, -9999.00, -9999.00, -9999.00, -9999.00, -9999.00, -9999.00, -9999.00, -9999.00, -9999.00, -9999.00
44, 5, LOC_CITY_NAME_FORTALEZA, 3.00, -9999.00, -9999.00, -9999.00, -9999.00, -9999.00, -9999.00, -9999.00, -9999.00, -9999.00, -9999.00
44, 5, LOC_CITY_NAME_COLOGNE, 1.00, -9999.00, -9999.00, -9999.00, -9999.00, -9999.00, -9999.00, -9999.00, -9999.00, -9999.00, -9999.00
44, 5, LOC_CITY_NAME_KERMA, 0.00, -9999.00, 99.18, -9999.00, -9999.00, -9999.00, -9999.00, -9999.00, -9999.00, -9999.00, 2436.19
44, 5, LOC_CITY_HOI_AN, 1.00, -9999.00, -9999.00, -9999.00, -9999.00, -9999.00, -9999.00, -9999.00, -9999.00, -9999.00, -9999.00
44, 5, LOC_CITY_NAME_LUGDUNUM, 1.00, -9999.00, -9999.00, -9999.00, -9999.00, -9999.00, -9999.00, -9999.00, -9999.00, -9999.00, -9999.00
44, 5, LOC_CITY_NAME_BABYLON_STK, 0.00, -9999.00, 292.71, -9999.00, -9999.00, -9999.00, -9999.00, -9999.00, -9999.00, -9999.00, 2250.07
44, 5, LOC_CITY_NAME_PATNA, 0.00, -9999.00, -9999.00, 125.00, -9999.00, 222.48, -9999.00, -9999.00, -9999.00, -9999.00, 1909.62
44, 5, LOC_CITY_NAME_ALEXANDRIA_LATMUS, -9999.00, -9999.00, -9999.00, -9999.00, -9999.00, -9999.00, -9999.00, -9999.00, -9999.00, -9999.00, -9999.00
44, 5, LOC_CITY_NAME_CURITIBA, 3.00, -9999.00, -9999.00, -9999.00, -9999.00, -9999.00, -9999.00, -9999.00, -9999.00, -9999.00, -9999.00
44, 5, LOC_CITY_NAME_LISBON, -9999.00, -9999.00, -9999.00, -9999.00, -9999.00, -9999.00, -9999.00, -9999.00, 0.00, -9999.00, -9999.00
44, 5, LOC_CITY_NAME_SWENETT, 0.00, -9999.00, 99.18, -9999.00, -9999.00, 178.30, -9999.00, -9999.00, -9999.00, -9999.00, 1461.05
44, 5, LOC_CITY_NAME_BORSIPPA, 0.00, -9999.00, 292.71, -9999.00, -9999.00, 165.08, -9999.00, -9999.00, -9999.00, -9999.00, 364.94
44, 5, LOC_CITY_NAME_KARKAR, 0.00, -9999.00, 292.71, -9999.00, -9999.00, 157.90, -9999.00, -9999.00, -9999.00, -9999.00, 613.29
44, 5, LOC_CITY_NAME_CUMAE, 1.00, -9999.00, -9999.00, -9999.00, -9999.00, -9999.00, -9999.00, -9999.00, -9999.00, -9999.00, -9999.00
44, 5, LOC_CITY_NAME_MEROE, 0.00, -9999.00, 99.18, -9999.00, -9999.00, -9999.00, -9999.00, -9999.00, -9999.00, -9999.00, 2316.34
44, 5, LOC_CITY_NAME_KUMASI, -9999.00, -9999.00, -9999.00, -9999.00, -9999.00, -9999.00, -9999.00, -9999.00, 0.00, -9999.00, -9999.00
44, 5, LOC_CITY_NAME_MEMPHIS, 0.00, -9999.00, 99.18, -9999.00, -9999.00, 100.47, -9999.00, -9999.00, -9999.00, -9999.00, 1592.14
44, 5, LOC_CITY_NAME_JOHANNESBURG, -9999.00, -9999.00, -9999.00, -9999.00, -9999.00, -9999.00, -9999.00, -9999.00, 0.00, -9999.00, -9999.00
44, 5, LOC_CITY_HOA_LU, 1.00, -9999.00, -9999.00, -9999.00, -9999.00, -9999.00, -9999.00, -9999.00, -9999.00, -9999.00, -9999.00
44, 5, LOC_CITY_NAME_DORTMUND, 1.00, -9999.00, -9999.00, -9999.00, -9999.00, -9999.00, -9999.00, -9999.00, -9999.00, -9999.00, -9999.00
44, 5, LOC_CITY_NAME_FEZ, -9999.00, -9999.00, -9999.00, -9999.00, -9999.00, -9999.00, -9999.00, -9999.00, -9999.00, -9999.00, -9999.00
44, 5, LOC_CITY_NAME_KAWA, 0.00, -9999.00, -9999.00, -9999.00, -9999.00, 86.12, -9999.00, -9999.00, -9999.00, -9999.00, 1226.82
44, 5, LOC_CITY_NAME_EL_KURRU, 0.00, -9999.00, 99.18, -9999.00, -9999.00, 93.29, -9999.00, -9999.00, -9999.00, -9999.00, -9999.00
44, 5, LOC_CITY_NAME_VATICAN_CITY, -9999.00, -9999.00, -9999.00, -9999.00, -9999.00, -9999.00, -9999.00, -9999.00, 0.00, -9999.00, -9999.00
44, 5, LOC_CITY_NAME_JERUSALEM, 3.00, -9999.00, -9999.00, -9999.00, -9999.00, -9999.00, -9999.00, -9999.00, -9999.00, -9999.00, -9999.00
44, 5, LOC_CITY_NAME_SALVADOR, 3.00, -9999.00, -9999.00, -9999.00, -9999.00, -9999.00, -9999.00, -9999.00, -9999.00, -9999.00, -9999.00
44, 5, LOC_CITY_NAME_PRESLAV, -9999.00, -9999.00, -9999.00, -9999.00, -9999.00, -9999.00, -9999.00, -9999.00, 0.00, -9999.00, -9999.00
44, 5, LOC_CITY_NAME_HEIDELBERG, 1.00, -9999.00, -9999.00, -9999.00, -9999.00, -9999.00, -9999.00, -9999.00, -9999.00, -9999.00, -9999.00
44, 5, LOC_CITY_NAME_AKHETATEN, 0.00, -9999.00, 99.18, -9999.00, -9999.00, -9999.00, -9999.00, -9999.00, -9999.00, -9999.00, -9999.00
44, 5, LOC_CITY_NAME_METHONE, -9999.00, -9999.00, -9999.00, -9999.00, -9999.00, -9999.00, -9999.00, -9999.00, -9999.00, -9999.00, -9999.00
44, 5, LOC_CITY_NAME_BUENOS_AIRES, -9999.00, -9999.00, -9999.00, -9999.00, -9999.00, -9999.00, -9999.00, -9999.00, -9999.00, -9999.00, -9999.00
44, 5, LOC_CITY_NAME_BABYLON, -9999.00, -9999.00, -9999.00, -9999.00, -9999.00, -9999.00, -9999.00, -9999.00, 0.00, -9999.00, -9999.00
44, 5, LOC_CITY_NAME_QASR_IBRIM, 0.00, -9999.00, 99.18, -9999.00, -9999.00, -9999.00, -9999.00, -9999.00, -9999.00, -9999.00, -9999.00
44, 5, LOC_CITY_NAME_HEH, 0.00, -9999.00, -9999.00, -9999.00, -9999.00, -9999.00, -9999.00, -9999.00, -9999.00, -9999.00, -9999.00
44, 5, LOC_CITY_NAME_SHAAT, 0.00, -9999.00, -9999.00, -9999.00, -9999.00, -9999.00, -9999.00, -9999.00, -9999.00, -9999.00, -9999.00
44, 5, LOC_CITY_NAME_SEDEINGA, 0.00, -9999.00, 99.18, -9999.00, 0.00, -9999.00, -9999.00, -9999.00, -9999.00, -9999.00, 1185.42
44, 5, LOC_CITY_DONG_HOI, 1.00, -9999.00, -9999.00, -9999.00, -9999.00, -9999.00, -9999.00, -9999.00, -9999.00, -9999.00, -9999.00
44, 5, LOC_CITY_NAME_BRUNDISIUM, 1.00, -9999.00, -9999.00, -9999.00, -9999.00, -9999.00, -9999.00, -9999.00, -9999.00, -9999.00, -9999.00
44, 5, LOC_CITY_NAME_PORTO_ALEGRE, 3.00, -9999.00, -9999.00, -9999.00, -9999.00, -9999.00, -9999.00, -9999.00, -9999.00, -9999.00, -9999.00
44, 6, LOC_CITY_NAME_PELLA, 1.00, -9999.00, -9999.00, -9999.00, 115.94, 115.70, -9999.00, -9999.00, -9999.00, -9999.00, -9999.00
44, 6, LOC_CITY_NAME_RIO_DE_JANEIRO, -9999.00, -9999.00, -9999.00, -9999.00, -9999.00, -9999.00, -9999.00, -9999.00, -9999.00, -9999.00, -9999.00
44, 6, LOC_CITY_NAME_ROME, 1.00, -9999.00, 0.00, -9999.00, -9999.00, -9999.00, -9999.00, -9999.00, -9999.00, -9999.00, -9999.00
44, 6, LOC_CITY_HA_NOI, 1.00, -9999.00, 292.71, -9999.00, -9999.00, -9999.00, -9999.00, -9999.00, -9999.00, -9999.00, -9999.00
44, 6, LOC_CITY_NAME_AACHEN, 1.00, -9999.00, 292.71, 250.00, -9999.00, -9999.00, -9999.00, -9999.00, -9999.00, -9999.00, -9999.00
44, 6, LOC_CITY_HUE, 1.00, -9999.00, -9999.00, -9999.00, -9999.00, -9999.00, -9999.00, -9999.00, -9999.00, -9999.00, -9999.00
44, 6, LOC_CITY_NAME_ALEXANDRIA_TROAS, 1.00, -9999.00, 0.00, -9999.00, -9999.00, -9999.00, -9999.00, -9999.00, -9999.00, -9999.00, -9999.00
44, 6, LOC_CITY_NAME_SAO_PAULO, -9999.00, -9999.00, -9999.00, -9999.00, -9999.00, -9999.00, -9999.00, -9999.00, -9999.00, -9999.00, -9999.00
44, 6, LOC_CITY_NAME_ARRETIUM, 1.00, -9999.00, 0.00, -9999.00, 115.94, -9999.00, -9999.00, -9999.00, -9999.00, -9999.00, -9999.00
44, 6, LOC_CITY_QUANG_TRI, 1.00, -9999.00, 292.71, -9999.00, 115.94, -9999.00, -9999.00, -9999.00, -9999.00, -9999.00, -9999.00
44, 6, LOC_CITY_NAME_MAGDEBURG, 1.00, -9999.00, 292.71, 250.00, -9999.00, -9999.00, -9999.00, -9999.00, -9999.00, -9999.00, -9999.00
44, 6, LOC_CITY_NAME_ARPINUM, 1.00, -9999.00, 0.00, -9999.00, -9999.00, -9999.00, -9999.00, -9999.00, -9999.00, -9999.00, -9999.00
44, 6, LOC_CITY_NAME_VILNIUS, -9999.00, -9999.00, -9999.00, -9999.00, -9999.00, -9999.00, -9999.00, -9999.00, 0.00, -9999.00, -9999.00
44, 6, LOC_CITY_NAME_CHALKIDIKI, 1.00, -9999.00, 0.00, -9999.00, -9999.00, -9999.00, -9999.00, -9999.00, -9999.00, -9999.00, -9999.00
44, 6, LOC_CITY_NAME_FORTALEZA, -9999.00, -9999.00, -9999.00, -9999.00, -9999.00, -9999.00, -9999.00, -9999.00, -9999.00, -9999.00, -9999.00
44, 6, LOC_CITY_NAME_COLOGNE, 1.00, -9999.00, -9999.00, -9999.00, -9999.00, -9999.00, -9999.00, -9999.00, -9999.00, -9999.00, -9999.00
44, 6, LOC_CITY_NAME_KERMA, 0.00, -9999.00, 120.67, -9999.00, -9999.00, -9999.00, -9999.00, -9999.00, -9999.00, -9999.00, 2211.45
44, 6, LOC_CITY_HOI_AN, 1.00, -9999.00, -9999.00, -9999.00, -9999.00, -9999.00, -9999.00, -9999.00, -9999.00, -9999.00, -9999.00
44, 6, LOC_CITY_NAME_LUGDUNUM, 1.00, -9999.00, -9999.00, -9999.00, -9999.00, -9999.00, -9999.00, -9999.00, -9999.00, -9999.00, -9999.00
44, 6, LOC_CITY_NAME_BABYLON_STK, 0.00, -9999.00, 292.71, -9999.00, -9999.00, -9999.00, -9999.00, -9999.00, -9999.00, -9999.00, 1812.78
44, 6, LOC_CITY_NAME_ALEXANDRIA_LATMUS, 1.00, -9999.00, 0.00, -9999.00, -9999.00, -9999.00, -9999.00, -9999.00, -9999.00, -9999.00, -9999.00
44, 6, LOC_CITY_NAME_PATNA, 0.00, -9999.00, -9999.00, 250.00, -9999.00, 222.48, -9999.00, -9999.00, -9999.00, -9999.00, 1610.76
44, 6, LOC_CITY_NAME_CURITIBA, -9999.00, -9999.00, -9999.00, -9999.00, -9999.00, -9999.00, -9999.00, -9999.00, -9999.00, -9999.00, -9999.00
44, 6, LOC_CITY_NAME_LISBON, -9999.00, -9999.00, -9999.00, -9999.00, -9999.00, -9999.00, -9999.00, -9999.00, 0.00, -9999.00, -9999.00
44, 6, LOC_CITY_NAME_SWENETT, 0.00, -9999.00, 120.67, -9999.00, -9999.00, 178.30, -9999.00, -9999.00, -9999.00, -9999.00, 1205.05
44, 6, LOC_CITY_NAME_BORSIPPA, 0.00, -9999.00, 292.71, -9999.00, -9999.00, 165.08, -9999.00, -9999.00, -9999.00, -9999.00, 167.05
44, 6, LOC_CITY_NAME_KARKAR, 0.00, -9999.00, 292.71, -9999.00, -9999.00, 157.90, -9999.00, -9999.00, -9999.00, -9999.00, 422.34
44, 6, LOC_CITY_NAME_CUMAE, 1.00, -9999.00, -9999.00, -9999.00, -9999.00, -9999.00, -9999.00, -9999.00, -9999.00, -9999.00, -9999.00
44, 6, LOC_CITY_NAME_MEROE, 0.00, -9999.00, 120.67, -9999.00, -9999.00, -9999.00, -9999.00, -9999.00, -9999.00, -9999.00, 1878.23
44, 6, LOC_CITY_NAME_KUMASI, -9999.00, -9999.00, -9999.00, -9999.00, -9999.00, -9999.00, -9999.00, -9999.00, 0.00, -9999.00, -9999.00
44, 6, LOC_CITY_NAME_MEMPHIS, 0.00, -9999.00, 120.67, -9999.00, -9999.00, 100.47, -9999.00, -9999.00, -9999.00, -9999.00, 1350.84
44, 6, LOC_CITY_NAME_JOHANNESBURG, -9999.00, -9999.00, -9999.00, -9999.00, -9999.00, -9999.00, -9999.00, -9999.00, 0.00, -9999.00, -9999.00
44, 6, LOC_CITY_HOA_LU, 1.00, -9999.00, -9999.00, -9999.00, -9999.00, -9999.00, -9999.00, -9999.00, -9999.00, -9999.00, -9999.00
44, 6, LOC_CITY_NAME_DORTMUND, 1.00, -9999.00, -9999.00, -9999.00, -9999.00, -9999.00, -9999.00, -9999.00, -9999.00, -9999.00, -9999.00
44, 6, LOC_CITY_NAME_FEZ, 1.00, -9999.00, -9999.00, -9999.00, -9999.00, -9999.00, -9999.00, -9999.00, -9999.00, -9999.00, -9999.00
44, 6, LOC_CITY_NAME_KAWA, 0.00, -9999.00, -9999.00, -9999.00, -9999.00, 86.12, -9999.00, -9999.00, -9999.00, -9999.00, 1031.72
44, 6, LOC_CITY_NAME_JERUSALEM, -9999.00, -9999.00, -9999.00, -9999.00, -9999.00, -9999.00, -9999.00, -9999.00, -9999.00, -9999.00, -9999.00
44, 6, LOC_CITY_NAME_SALVADOR, -9999.00, -9999.00, -9999.00, -9999.00, -9999.00, -9999.00, -9999.00, -9999.00, -9999.00, -9999.00, -9999.00
44, 6, LOC_CITY_NAME_EL_KURRU, 0.00, -9999.00, 120.67, -9999.00, -9999.00, 93.29, -9999.00, -9999.00, -9999.00, -9999.00, -9999.00
44, 6, LOC_CITY_NAME_VATICAN_CITY, -9999.00, -9999.00, -9999.00, -9999.00, -9999.00, -9999.00, -9999.00, -9999.00, 0.00, -9999.00, -9999.00
44, 6, LOC_CITY_NAME_PRESLAV, -9999.00, -9999.00, -9999.00, -9999.00, -9999.00, -9999.00, -9999.00, -9999.00, 0.00, -9999.00, -9999.00
44, 6, LOC_CITY_NAME_HEIDELBERG, 1.00, -9999.00, -9999.00, -9999.00, -9999.00, -9999.00, -9999.00, -9999.00, -9999.00, -9999.00, -9999.00
44, 6, LOC_CITY_NAME_METHONE, 1.00, -9999.00, -9999.00, -9999.00, -9999.00, -9999.00, -9999.00, -9999.00, -9999.00, -9999.00, -9999.00
44, 6, LOC_CITY_NAME_AKHETATEN, 0.00, -9999.00, 120.67, -9999.00, -9999.00, -9999.00, -9999.00, -9999.00, -9999.00, -9999.00, -9999.00
44, 6, LOC_CITY_NAME_BUENOS_AIRES, 1.00, -9999.00, -9999.00, -9999.00, -9999.00, -9999.00, -9999.00, -9999.00, -9999.00, -9999.00, -9999.00
44, 6, LOC_CITY_NAME_BABYLON, -9999.00, -9999.00, -9999.00, -9999.00, -9999.00, -9999.00, -9999.00, -9999.00, 0.00, -9999.00, -9999.00
44, 6, LOC_CITY_NAME_QASR_IBRIM, 0.00, -9999.00, 120.67, -9999.00, -9999.00, -9999.00, -9999.00, -9999.00, -9999.00, -9999.00, -9999.00
44, 6, LOC_CITY_NAME_HEH, 0.00, -9999.00, -9999.00, -9999.00, -9999.00, -9999.00, -9999.00, -9999.00, -9999.00, -9999.00, -9999.00
44, 6, LOC_CITY_NAME_SHAAT, 0.00, -9999.00, -9999.00, -9999.00, -9999.00, -9999.00, -9999.00, -9999.00, -9999.00, -9999.00, -9999.00
44, 6, LOC_CITY_NAME_SEDEINGA, 0.00, -9999.00, 120.67, -9999.00, 0.00, -9999.00, -9999.00, -9999.00, -9999.00, -9999.00, 935.36
44, 6, LOC_CITY_DONG_HOI, 1.00, -9999.00, -9999.00, -9999.00, -9999.00, -9999.00, -9999.00, -9999.00, -9999.00, -9999.00, -9999.00
44, 6, LOC_CITY_NAME_BRUNDISIUM, 1.00, -9999.00, -9999.00, -9999.00, -9999.00, -9999.00, -9999.00, -9999.00, -9999.00, -9999.00, -9999.00
44, 6, LOC_CITY_NAME_PORTO_ALEGRE, -9999.00, -9999.00, -9999.00, -9999.00, -9999.00, -9999.00, -9999.00, -9999.00, -9999.00, -9999.00, -9999.00
44, 7, LOC_CITY_NAME_RIO_DE_JANEIRO, 4.00, -9999.00, -9999.00, -9999.00, -9999.00, 342.00, -9999.00, -9999.00, -9999.00, -9999.00, -9999.00
44, 7, LOC_CITY_NAME_PELLA, 3.00, -9999.00, -9999.00, -9999.00, 115.94, 115.70, -9999.00, -9999.00, -9999.00, -9999.00, -9999.00
44, 7, LOC_CITY_NAME_AACHEN, -9999.00, -9999.00, -9999.00, -9999.00, -9999.00, -9999.00, -9999.00, -9999.00, -9999.00, -9999.00, -9999.00
44, 7, LOC_CITY_NAME_ROME, 3.00, -9999.00, 67.38, -9999.00, -9999.00, -9999.00, -9999.00, -9999.00, -9999.00, -9999.00, -9999.00
44, 7, LOC_CITY_HA_NOI, 3.00, -9999.00, 45.30, -9999.00, -9999.00, -9999.00, -9999.00, -9999.00, -9999.00, -9999.00, -9999.00
44, 7, LOC_CITY_HUE, 3.00, -9999.00, -9999.00, -9999.00, -9999.00, -9999.00, -9999.00, -9999.00, -9999.00, -9999.00, -9999.00
44, 7, LOC_CITY_NAME_SAO_PAULO, 4.00, -9999.00, 45.30, -9999.00, -9999.00, -9999.00, -9999.00, -9999.00, -9999.00, -9999.00, -9999.00
44, 7, LOC_CITY_NAME_ALEXANDRIA_TROAS, 3.00, -9999.00, 45.30, -9999.00, -9999.00, -9999.00, -9999.00, -9999.00, -9999.00, -9999.00, -9999.00
44, 7, LOC_CITY_NAME_ARRETIUM, 3.00, -9999.00, 67.38, -9999.00, 115.94, -9999.00, -9999.00, -9999.00, -9999.00, -9999.00, -9999.00
44, 7, LOC_CITY_NAME_MAGDEBURG, -9999.00, -9999.00, -9999.00, -9999.00, -9999.00, -9999.00, -9999.00, -9999.00, -9999.00, -9999.00, -9999.00
44, 7, LOC_CITY_QUANG_TRI, 3.00, -9999.00, 45.30, -9999.00, 115.94, -9999.00, -9999.00, -9999.00, -9999.00, -9999.00, -9999.00
44, 7, LOC_CITY_NAME_ARPINUM, 3.00, -9999.00, 67.38, -9999.00, -9999.00, -9999.00, -9999.00, -9999.00, -9999.00, -9999.00, -9999.00
44, 7, LOC_CITY_NAME_VILNIUS, -9999.00, -9999.00, -9999.00, -9999.00, -9999.00, -9999.00, -9999.00, -9999.00, 0.00, -9999.00, -9999.00
44, 7, LOC_CITY_NAME_FORTALEZA, 4.00, -9999.00, -9999.00, -9999.00, -9999.00, -9999.00, -9999.00, -9999.00, -9999.00, -9999.00, -9999.00
44, 7, LOC_CITY_NAME_CHALKIDIKI, 3.00, -9999.00, 45.30, -9999.00, -9999.00, -9999.00, -9999.00, -9999.00, -9999.00, -9999.00, -9999.00
44, 7, LOC_CITY_NAME_COLOGNE, -9999.00, -9999.00, -9999.00, -9999.00, -9999.00, -9999.00, -9999.00, -9999.00, -9999.00, -9999.00, -9999.00
44, 7, LOC_CITY_NAME_KERMA, 2.00, -9999.00, 45.30, -9999.00, -9999.00, -9999.00, -9999.00, -9999.00, -9999.00, -9999.00, 2346.47
44, 7, LOC_CITY_HOI_AN, 3.00, -9999.00, -9999.00, -9999.00, -9999.00, -9999.00, -9999.00, -9999.00, -9999.00, -9999.00, -9999.00
44, 7, LOC_CITY_NAME_LUGDUNUM, 3.00, -9999.00, -9999.00, -9999.00, -9999.00, -9999.00, -9999.00, -9999.00, -9999.00, -9999.00, -9999.00
44, 7, LOC_CITY_NAME_BABYLON_STK, 0.00, -9999.00, 49.73, -9999.00, -9999.00, -9999.00, -9999.00, -9999.00, -9999.00, -9999.00, 1940.36
44, 7, LOC_CITY_NAME_ALEXANDRIA_LATMUS, 3.00, -9999.00, 45.30, -9999.00, -9999.00, -9999.00, -9999.00, -9999.00, -9999.00, -9999.00, -9999.00
44, 7, LOC_CITY_NAME_PATNA, 0.00, -9999.00, -9999.00, -9999.00, -9999.00, 222.48, -9999.00, -9999.00, -9999.00, -9999.00, 1760.80
44, 7, LOC_CITY_NAME_CURITIBA, 4.00, -9999.00, -9999.00, -9999.00, -9999.00, -9999.00, -9999.00, -9999.00, -9999.00, -9999.00, -9999.00
44, 7, LOC_CITY_NAME_LISBON, -9999.00, -9999.00, -9999.00, -9999.00, -9999.00, -9999.00, -9999.00, -9999.00, 0.00, -9999.00, -9999.00
44, 7, LOC_CITY_NAME_SWENETT, 0.00, -9999.00, 311.67, -9999.00, -9999.00, 178.30, -9999.00, -9999.00, -9999.00, -9999.00, 1225.92
44, 7, LOC_CITY_NAME_BORSIPPA, 0.00, -9999.00, 49.73, -9999.00, -9999.00, 165.08, -9999.00, -9999.00, -9999.00, -9999.00, 185.42
44, 7, LOC_CITY_NAME_KARKAR, 0.00, -9999.00, 49.73, -9999.00, -9999.00, 157.90, -9999.00, -9999.00, -9999.00, -9999.00, 426.93
44, 7, LOC_CITY_NAME_CUMAE, 3.00, -9999.00, -9999.00, -9999.00, -9999.00, -9999.00, -9999.00, -9999.00, -9999.00, -9999.00, -9999.00
44, 7, LOC_CITY_NAME_MEROE, 2.00, -9999.00, 45.30, -9999.00, -9999.00, -9999.00, -9999.00, -9999.00, -9999.00, -9999.00, 2054.46
44, 7, LOC_CITY_NAME_KUMASI, -9999.00, -9999.00, -9999.00, -9999.00, -9999.00, -9999.00, -9999.00, -9999.00, 0.00, -9999.00, -9999.00
44, 7, LOC_CITY_NAME_MEMPHIS, 0.00, -9999.00, 311.67, -9999.00, -9999.00, 100.47, -9999.00, -9999.00, -9999.00, -9999.00, 1385.19
44, 7, LOC_CITY_NAME_JOHANNESBURG, -9999.00, -9999.00, -9999.00, -9999.00, -9999.00, -9999.00, -9999.00, -9999.00, 0.00, -9999.00, -9999.00
44, 7, LOC_CITY_NAME_DORTMUND, -9999.00, -9999.00, -9999.00, -9999.00, -9999.00, -9999.00, -9999.00, -9999.00, -9999.00, -9999.00, -9999.00
44, 7, LOC_CITY_HOA_LU, 3.00, -9999.00, -9999.00, -9999.00, -9999.00, -9999.00, -9999.00, -9999.00, -9999.00, -9999.00, -9999.00
44, 7, LOC_CITY_NAME_FEZ, 3.00, -9999.00, -9999.00, -9999.00, -9999.00, -9999.00, -9999.00, -9999.00, -9999.00, -9999.00, -9999.00
44, 7, LOC_CITY_NAME_KAWA, 2.00, -9999.00, -9999.00, -9999.00, -9999.00, 86.12, -9999.00, -9999.00, -9999.00, -9999.00, 1056.57
44, 7, LOC_CITY_NAME_JERUSALEM, 4.00, -9999.00, -9999.00, -9999.00, -9999.00, -9999.00, -9999.00, -9999.00, -9999.00, -9999.00, -9999.00
44, 7, LOC_CITY_NAME_SALVADOR, 4.00, -9999.00, -9999.00, -9999.00, -9999.00, -9999.00, -9999.00, -9999.00, -9999.00, -9999.00, -9999.00
44, 7, LOC_CITY_NAME_EL_KURRU, 2.00, -9999.00, 45.30, -9999.00, -9999.00, 93.29, -9999.00, -9999.00, -9999.00, -9999.00, -9999.00
44, 7, LOC_CITY_NAME_VATICAN_CITY, -9999.00, -9999.00, -9999.00, -9999.00, -9999.00, -9999.00, -9999.00, -9999.00, 0.00, -9999.00, -9999.00
44, 7, LOC_CITY_NAME_PRESLAV, -9999.00, -9999.00, -9999.00, -9999.00, -9999.00, -9999.00, -9999.00, -9999.00, 0.00, -9999.00, -9999.00
44, 7, LOC_CITY_NAME_HEIDELBERG, -9999.00, -9999.00, -9999.00, -9999.00, -9999.00, -9999.00, -9999.00, -9999.00, -9999.00, -9999.00, -9999.00
44, 7, LOC_CITY_NAME_METHONE, 3.00, -9999.00, -9999.00, -9999.00, -9999.00, -9999.00, -9999.00, -9999.00, -9999.00, -9999.00, -9999.00
44, 7, LOC_CITY_NAME_AKHETATEN, 0.00, -9999.00, 311.67, -9999.00, -9999.00, -9999.00, -9999.00, -9999.00, -9999.00, -9999.00, -9999.00
44, 7, LOC_CITY_NAME_BUENOS_AIRES, 3.00, -9999.00, -9999.00, -9999.00, -9999.00, -9999.00, -9999.00, -9999.00, -9999.00, -9999.00, -9999.00
44, 7, LOC_CITY_NAME_BABYLON, -9999.00, -9999.00, -9999.00, -9999.00, -9999.00, -9999.00, -9999.00, -9999.00, 0.00, -9999.00, -9999.00
44, 7, LOC_CITY_NAME_QASR_IBRIM, 2.00, -9999.00, 45.30, -9999.00, -9999.00, -9999.00, -9999.00, -9999.00, -9999.00, -9999.00, -9999.00
44, 7, LOC_CITY_NAME_HEH, 2.00, -9999.00, -9999.00, -9999.00, -9999.00, -9999.00, -9999.00, -9999.00, -9999.00, -9999.00, -9999.00
44, 7, LOC_CITY_NAME_SHAAT, 2.00, -9999.00, -9999.00, -9999.00, -9999.00, -9999.00, -9999.00, -9999.00, -9999.00, -9999.00, -9999.00
44, 7, LOC_CITY_NAME_SEDEINGA, 2.00, -9999.00, 45.30, -9999.00, 0.00, -9999.00, -9999.00, -9999.00, -9999.00, -9999.00, 997.79
44, 7, LOC_CITY_DONG_HOI, 3.00, -9999.00, -9999.00, -9999.00, -9999.00, -9999.00, -9999.00, -9999.00, -9999.00, -9999.00, -9999.00
44, 7, LOC_CITY_NAME_BRUNDISIUM, 3.00, -9999.00, -9999.00, -9999.00, -9999.00, -9999.00, -9999.00, -9999.00, -9999.00, -9999.00, -9999.00
44, 7, LOC_CITY_NAME_PORTO_ALEGRE, 4.00, -9999.00, 45.30, -9999.00, -9999.00, -9999.00, -9999.00, -9999.00, -9999.00, -9999.00, -9999.00
44, 8, LOC_CITY_NAME_AACHEN, 1.00, -9999.00, 105.41, 125.00, -9999.00, -9999.00, -9999.00, -9999.00, -9999.00, -9999.00, -9999.00
44, 8, LOC_CITY_NAME_RIO_DE_JANEIRO, 3.00, -9999.00, -9999.00, -9999.00, -9999.00, 342.00, -9999.00, -9999.00, -9999.00, -9999.00, -9999.00
44, 8, LOC_CITY_NAME_PELLA, 3.00, -9999.00, -9999.00, -9999.00, 115.94, 115.70, -9999.00, -9999.00, -9999.00, -9999.00, -9999.00
44, 8, LOC_CITY_HA_NOI, -9999.00, -9999.00, -9999.00, -9999.00, -9999.00, -9999.00, -9999.00, -9999.00, -9999.00, -9999.00, -9999.00
44, 8, LOC_CITY_NAME_ROME, 3.00, -9999.00, 50.73, -9999.00, -9999.00, -9999.00, -9999.00, -9999.00, -9999.00, -9999.00, -9999.00
44, 8, LOC_CITY_HUE, -9999.00, -9999.00, -9999.00, -9999.00, -9999.00, -9999.00, -9999.00, -9999.00, -9999.00, -9999.00, -9999.00
44, 8, LOC_CITY_NAME_SAO_PAULO, 3.00, -9999.00, 703.77, -9999.00, -9999.00, -9999.00, -9999.00, -9999.00, -9999.00, -9999.00, -9999.00
44, 8, LOC_CITY_NAME_ALEXANDRIA_TROAS, 3.00, -9999.00, 703.77, -9999.00, -9999.00, -9999.00, -9999.00, -9999.00, -9999.00, -9999.00, -9999.00
44, 8, LOC_CITY_NAME_ARRETIUM, 3.00, -9999.00, 50.73, -9999.00, 115.94, -9999.00, -9999.00, -9999.00, -9999.00, -9999.00, -9999.00
44, 8, LOC_CITY_NAME_MAGDEBURG, 1.00, -9999.00, 105.41, 125.00, -9999.00, -9999.00, -9999.00, -9999.00, -9999.00, -9999.00, -9999.00
44, 8, LOC_CITY_QUANG_TRI, -9999.00, -9999.00, -9999.00, -9999.00, -9999.00, -9999.00, -9999.00, -9999.00, -9999.00, -9999.00, -9999.00
44, 8, LOC_CITY_NAME_ARPINUM, 3.00, -9999.00, 50.73, -9999.00, -9999.00, -9999.00, -9999.00, -9999.00, -9999.00, -9999.00, -9999.00
44, 8, LOC_CITY_NAME_VILNIUS, -9999.00, -9999.00, -9999.00, -9999.00, -9999.00, -9999.00, -9999.00, -9999.00, 0.00, -9999.00, -9999.00
44, 8, LOC_CITY_NAME_FORTALEZA, 3.00, -9999.00, -9999.00, -9999.00, -9999.00, -9999.00, -9999.00, -9999.00, -9999.00, -9999.00, -9999.00
44, 8, LOC_CITY_NAME_CHALKIDIKI, 3.00, -9999.00, 703.77, -9999.00, -9999.00, -9999.00, -9999.00, -9999.00, -9999.00, -9999.00, -9999.00
44, 8, LOC_CITY_NAME_COLOGNE, 1.00, -9999.00, 105.41, -9999.00, -9999.00, -9999.00, -9999.00, -9999.00, -9999.00, -9999.00, -9999.00
44, 8, LOC_CITY_HOI_AN, -9999.00, -9999.00, -9999.00, -9999.00, -9999.00, -9999.00, -9999.00, -9999.00, -9999.00, -9999.00, -9999.00
44, 8, LOC_CITY_NAME_KERMA, 2.00, -9999.00, 88.26, -9999.00, -9999.00, -9999.00, -9999.00, -9999.00, -9999.00, -9999.00, 2207.10
44, 8, LOC_CITY_NAME_LUGDUNUM, 3.00, -9999.00, -9999.00, -9999.00, -9999.00, -9999.00, -9999.00, -9999.00, -9999.00, -9999.00, -9999.00
44, 8, LOC_CITY_NAME_BABYLON_STK, 0.00, -9999.00, 34.43, -9999.00, -9999.00, -9999.00, -9999.00, -9999.00, -9999.00, -9999.00, 1800.03
44, 8, LOC_CITY_NAME_ALEXANDRIA_LATMUS, 3.00, -9999.00, 703.77, -9999.00, -9999.00, -9999.00, -9999.00, -9999.00, -9999.00, -9999.00, -9999.00
44, 8, LOC_CITY_NAME_PATNA, 0.00, -9999.00, -9999.00, 125.00, -9999.00, 222.48, -9999.00, -9999.00, -9999.00, -9999.00, 1610.66
44, 8, LOC_CITY_NAME_CURITIBA, 3.00, -9999.00, -9999.00, -9999.00, -9999.00, -9999.00, -9999.00, -9999.00, -9999.00, -9999.00, -9999.00
44, 8, LOC_CITY_NAME_LISBON, -9999.00, -9999.00, -9999.00, -9999.00, -9999.00, -9999.00, -9999.00, -9999.00, 0.00, -9999.00, -9999.00
44, 8, LOC_CITY_NAME_SWENETT, 0.00, -9999.00, 88.26, -9999.00, -9999.00, 178.30, -9999.00, -9999.00, -9999.00, -9999.00, 1206.94
44, 8, LOC_CITY_NAME_BORSIPPA, 0.00, -9999.00, 34.43, -9999.00, -9999.00, 165.08, -9999.00, -9999.00, -9999.00, -9999.00, 166.72
44, 8, LOC_CITY_NAME_KARKAR, 0.00, -9999.00, 34.43, -9999.00, -9999.00, 157.90, -9999.00, -9999.00, -9999.00, -9999.00, 422.26
44, 8, LOC_CITY_NAME_CUMAE, 3.00, -9999.00, -9999.00, -9999.00, -9999.00, -9999.00, -9999.00, -9999.00, -9999.00, -9999.00, -9999.00
44, 8, LOC_CITY_NAME_MEROE, 2.00, -9999.00, 88.26, -9999.00, -9999.00, -9999.00, -9999.00, -9999.00, -9999.00, -9999.00, 1861.71
44, 8, LOC_CITY_NAME_KUMASI, -9999.00, -9999.00, -9999.00, -9999.00, -9999.00, -9999.00, -9999.00, -9999.00, 0.00, -9999.00, -9999.00
44, 8, LOC_CITY_NAME_MEMPHIS, 0.00, -9999.00, 88.26, -9999.00, -9999.00, 100.47, -9999.00, -9999.00, -9999.00, -9999.00, 1352.81
44, 8, LOC_CITY_NAME_JOHANNESBURG, -9999.00, -9999.00, -9999.00, -9999.00, -9999.00, -9999.00, -9999.00, -9999.00, 0.00, -9999.00, -9999.00
44, 8, LOC_CITY_NAME_DORTMUND, 1.00, -9999.00, -9999.00, -9999.00, -9999.00, -9999.00, -9999.00, -9999.00, -9999.00, -9999.00, -9999.00
44, 8, LOC_CITY_HOA_LU, -9999.00, -9999.00, -9999.00, -9999.00, -9999.00, -9999.00, -9999.00, -9999.00, -9999.00, -9999.00, -9999.00
44, 8, LOC_CITY_NAME_FEZ, 3.00, -9999.00, -9999.00, -9999.00, -9999.00, -9999.00, -9999.00, -9999.00, -9999.00, -9999.00, -9999.00
44, 8, LOC_CITY_NAME_KAWA, 2.00, -9999.00, -9999.00, -9999.00, -9999.00, 86.12, -9999.00, -9999.00, -9999.00, -9999.00, 1030.43
44, 8, LOC_CITY_NAME_JERUSALEM, 3.00, -9999.00, -9999.00, -9999.00, -9999.00, -9999.00, -9999.00, -9999.00, -9999.00, -9999.00, -9999.00
44, 8, LOC_CITY_NAME_SALVADOR, 3.00, -9999.00, -9999.00, -9999.00, -9999.00, -9999.00, -9999.00, -9999.00, -9999.00, -9999.00, -9999.00
44, 8, LOC_CITY_NAME_EL_KURRU, 2.00, -9999.00, 88.26, -9999.00, -9999.00, 93.29, -9999.00, -9999.00, -9999.00, -9999.00, -9999.00
44, 8, LOC_CITY_NAME_VATICAN_CITY, -9999.00, -9999.00, -9999.00, -9999.00, -9999.00, -9999.00, -9999.00, -9999.00, 0.00, -9999.00, -9999.00
44, 8, LOC_CITY_NAME_HEIDELBERG, 1.00, -9999.00, -9999.00, -9999.00, -9999.00, -9999.00, -9999.00, -9999.00, -9999.00, -9999.00, -9999.00
44, 8, LOC_CITY_NAME_PRESLAV, -9999.00, -9999.00, -9999.00, -9999.00, -9999.00, -9999.00, -9999.00, -9999.00, 0.00, -9999.00, -9999.00
44, 8, LOC_CITY_NAME_METHONE, 3.00, -9999.00, -9999.00, -9999.00, -9999.00, -9999.00, -9999.00, -9999.00, -9999.00, -9999.00, -9999.00
44, 8, LOC_CITY_NAME_AKHETATEN, 0.00, -9999.00, 88.26, -9999.00, -9999.00, -9999.00, -9999.00, -9999.00, -9999.00, -9999.00, -9999.00
44, 8, LOC_CITY_NAME_BUENOS_AIRES, 3.00, -9999.00, -9999.00, -9999.00, -9999.00, -9999.00, -9999.00, -9999.00, -9999.00, -9999.00, -9999.00
44, 8, LOC_CITY_NAME_BABYLON, -9999.00, -9999.00, -9999.00, -9999.00, -9999.00, -9999.00, -9999.00, -9999.00, 0.00, -9999.00, -9999.00
44, 8, LOC_CITY_NAME_QASR_IBRIM, 2.00, -9999.00, 88.26, -9999.00, -9999.00, -9999.00, -9999.00, -9999.00, -9999.00, -9999.00, -9999.00
44, 8, LOC_CITY_NAME_HEH, 2.00, -9999.00, -9999.00, -9999.00, -9999.00, -9999.00, -9999.00, -9999.00, -9999.00, -9999.00, -9999.00
44, 8, LOC_CITY_DONG_HOI, -9999.00, -9999.00, -9999.00, -9999.00, -9999.00, -9999.00, -9999.00, -9999.00, -9999.00, -9999.00, -9999.00
44, 8, LOC_CITY_NAME_SHAAT, 2.00, -9999.00, -9999.00, -9999.00, -9999.00, -9999.00, -9999.00, -9999.00, -9999.00, -9999.00, -9999.00
44, 8, LOC_CITY_NAME_SEDEINGA, 2.00, -9999.00, 88.26, -9999.00, 0.00, -9999.00, -9999.00, -9999.00, -9999.00, -9999.00, 931.34
44, 8, LOC_CITY_NAME_BRUNDISIUM, 3.00, -9999.00, -9999.00, -9999.00, -9999.00, -9999.00, -9999.00, -9999.00, -9999.00, -9999.00, -9999.00
44, 8, LOC_CITY_NAME_PORTO_ALEGRE, 3.00, -9999.00, 703.77, -9999.00, -9999.00, -9999.00, -9999.00, -9999.00, -9999.00, -9999.00, -9999.00
44, 9, LOC_CITY_HA_NOI, 2.00, -9999.00, 308.71, -9999.00, -9999.00, -9999.00, -9999.00, -9999.00, -9999.00, -9999.00, -9999.00
44, 9, LOC_CITY_NAME_AACHEN, 1.00, -9999.00, 308.71, 125.00, -9999.00, -9999.00, -9999.00, -9999.00, -9999.00, -9999.00, -9999.00
44, 9, LOC_CITY_NAME_RIO_DE_JANEIRO, 3.00, -9999.00, -9999.00, -9999.00, -9999.00, 386.05, -9999.00, -9999.00, -9999.00, -9999.00, -9999.00
44, 9, LOC_CITY_NAME_PELLA, 3.00, -9999.00, -9999.00, -9999.00, 115.94, 130.60, -9999.00, -9999.00, -9999.00, -9999.00, -9999.00
44, 9, LOC_CITY_NAME_ROME, -9999.00, -9999.00, -9999.00, -9999.00, -9999.00, -9999.00, -9999.00, -9999.00, -9999.00, -9999.00, -9999.00
44, 9, LOC_CITY_HUE, 2.00, -9999.00, -9999.00, -9999.00, -9999.00, -9999.00, -9999.00, -9999.00, -9999.00, -9999.00, -9999.00
44, 9, LOC_CITY_NAME_SAO_PAULO, 3.00, -9999.00, -9999.00, -9999.00, -9999.00, -9999.00, -9999.00, -9999.00, -9999.00, -9999.00, -9999.00
44, 9, LOC_CITY_NAME_ALEXANDRIA_TROAS, 3.00, -9999.00, 98.76, -9999.00, -9999.00, -9999.00, -9999.00, -9999.00, -9999.00, -9999.00, -9999.00
44, 9, LOC_CITY_NAME_ARRETIUM, -9999.00, -9999.00, -9999.00, -9999.00, -9999.00, -9999.00, -9999.00, -9999.00, -9999.00, -9999.00, -9999.00
44, 9, LOC_CITY_QUANG_TRI, 2.00, -9999.00, 308.71, -9999.00, 115.94, -9999.00, -9999.00, -9999.00, -9999.00, -9999.00, -9999.00
44, 9, LOC_CITY_NAME_MAGDEBURG, 1.00, -9999.00, 308.71, 125.00, -9999.00, -9999.00, -9999.00, -9999.00, -9999.00, -9999.00, -9999.00
44, 9, LOC_CITY_NAME_ARPINUM, -9999.00, -9999.00, -9999.00, -9999.00, -9999.00, -9999.00, -9999.00, -9999.00, -9999.00, -9999.00, -9999.00
44, 9, LOC_CITY_NAME_VILNIUS, -9999.00, -9999.00, -9999.00, -9999.00, -9999.00, -9999.00, -9999.00, -9999.00, 0.00, -9999.00, -9999.00
44, 9, LOC_CITY_NAME_FORTALEZA, 3.00, -9999.00, -9999.00, -9999.00, -9999.00, -9999.00, -9999.00, -9999.00, -9999.00, -9999.00, -9999.00
44, 9, LOC_CITY_NAME_CHALKIDIKI, 3.00, -9999.00, 98.76, -9999.00, -9999.00, -9999.00, -9999.00, -9999.00, -9999.00, -9999.00, -9999.00
44, 9, LOC_CITY_NAME_COLOGNE, 1.00, -9999.00, 308.71, -9999.00, -9999.00, -9999.00, -9999.00, -9999.00, -9999.00, -9999.00, -9999.00
44, 9, LOC_CITY_HOI_AN, 2.00, -9999.00, -9999.00, -9999.00, -9999.00, -9999.00, -9999.00, -9999.00, -9999.00, -9999.00, -9999.00
44, 9, LOC_CITY_NAME_LUGDUNUM, -9999.00, -9999.00, -9999.00, -9999.00, -9999.00, -9999.00, -9999.00, -9999.00, -9999.00, -9999.00, -9999.00
44, 9, LOC_CITY_NAME_KERMA, 2.00, -9999.00, 98.76, -9999.00, -9999.00, -9999.00, -9999.00, -9999.00, -9999.00, -9999.00, 2200.89
44, 9, LOC_CITY_NAME_BABYLON_STK, 0.00, -9999.00, 308.71, -9999.00, -9999.00, -9999.00, -9999.00, -9999.00, -9999.00, -9999.00, 1802.52
44, 9, LOC_CITY_NAME_ALEXANDRIA_LATMUS, 3.00, -9999.00, 98.76, -9999.00, -9999.00, -9999.00, -9999.00, -9999.00, -9999.00, -9999.00, -9999.00
44, 9, LOC_CITY_NAME_PATNA, 0.00, -9999.00, -9999.00, 125.00, -9999.00, 251.14, -9999.00, -9999.00, -9999.00, -9999.00, 1484.82
44, 9, LOC_CITY_NAME_CURITIBA, 3.00, -9999.00, -9999.00, -9999.00, -9999.00, -9999.00, -9999.00, -9999.00, -9999.00, -9999.00, -9999.00
44, 9, LOC_CITY_NAME_LISBON, -9999.00, -9999.00, -9999.00, -9999.00, -9999.00, -9999.00, -9999.00, -9999.00, 0.00, -9999.00, -9999.00
44, 9, LOC_CITY_NAME_SWENETT, 0.00, -9999.00, -9999.00, -9999.00, -9999.00, 201.26, -9999.00, -9999.00, -9999.00, -9999.00, 1194.01
44, 9, LOC_CITY_NAME_BORSIPPA, 0.00, -9999.00, 308.71, -9999.00, -9999.00, 186.34, -9999.00, -9999.00, -9999.00, -9999.00, 164.64
44, 9, LOC_CITY_NAME_KARKAR, 0.00, -9999.00, 308.71, -9999.00, -9999.00, 178.23, -9999.00, -9999.00, -9999.00, -9999.00, 421.74
44, 9, LOC_CITY_NAME_MEROE, 2.00, -9999.00, 98.76, -9999.00, -9999.00, -9999.00, -9999.00, -9999.00, -9999.00, -9999.00, 1872.29
44, 9, LOC_CITY_NAME_CUMAE, -9999.00, -9999.00, -9999.00, -9999.00, -9999.00, -9999.00, -9999.00, -9999.00, -9999.00, -9999.00, -9999.00
44, 9, LOC_CITY_NAME_KUMASI, -9999.00, -9999.00, -9999.00, -9999.00, -9999.00, -9999.00, -9999.00, -9999.00, 0.00, -9999.00, -9999.00
44, 9, LOC_CITY_NAME_MEMPHIS, 0.00, -9999.00, -9999.00, -9999.00, -9999.00, 113.41, -9999.00, -9999.00, -9999.00, -9999.00, 1336.84
44, 9, LOC_CITY_NAME_JOHANNESBURG, -9999.00, -9999.00, -9999.00, -9999.00, -9999.00, -9999.00, -9999.00, -9999.00, 0.00, -9999.00, -9999.00
44, 9, LOC_CITY_HOA_LU, 2.00, -9999.00, -9999.00, -9999.00, -9999.00, -9999.00, -9999.00, -9999.00, -9999.00, -9999.00, -9999.00
44, 9, LOC_CITY_NAME_DORTMUND, 1.00, -9999.00, -9999.00, -9999.00, -9999.00, -9999.00, -9999.00, -9999.00, -9999.00, -9999.00, -9999.00
44, 9, LOC_CITY_NAME_FEZ, 3.00, -9999.00, -9999.00, -9999.00, -9999.00, -9999.00, -9999.00, -9999.00, -9999.00, -9999.00, -9999.00
44, 9, LOC_CITY_NAME_KAWA, 2.00, -9999.00, -9999.00, -9999.00, -9999.00, 97.21, -9999.00, -9999.00, -9999.00, -9999.00, 1014.02
44, 9, LOC_CITY_NAME_JERUSALEM, 3.00, -9999.00, -9999.00, -9999.00, -9999.00, -9999.00, -9999.00, -9999.00, -9999.00, -9999.00, -9999.00
44, 9, LOC_CITY_NAME_SALVADOR, 3.00, -9999.00, -9999.00, -9999.00, -9999.00, -9999.00, -9999.00, -9999.00, -9999.00, -9999.00, -9999.00
44, 9, LOC_CITY_NAME_EL_KURRU, 2.00, -9999.00, 98.76, -9999.00, -9999.00, 105.31, -9999.00, -9999.00, -9999.00, -9999.00, -9999.00
44, 9, LOC_CITY_NAME_VATICAN_CITY, -9999.00, -9999.00, -9999.00, -9999.00, -9999.00, -9999.00, -9999.00, -9999.00, 0.00, -9999.00, -9999.00
44, 9, LOC_CITY_NAME_HEIDELBERG, 1.00, -9999.00, -9999.00, -9999.00, -9999.00, -9999.00, -9999.00, -9999.00, -9999.00, -9999.00, -9999.00
44, 9, LOC_CITY_NAME_PRESLAV, -9999.00, -9999.00, -9999.00, -9999.00, -9999.00, -9999.00, -9999.00, -9999.00, 0.00, -9999.00, -9999.00
44, 9, LOC_CITY_NAME_METHONE, 3.00, -9999.00, -9999.00, -9999.00, -9999.00, -9999.00, -9999.00, -9999.00, -9999.00, -9999.00, -9999.00
44, 9, LOC_CITY_NAME_AKHETATEN, 0.00, -9999.00, -9999.00, -9999.00, -9999.00, -9999.00, -9999.00, -9999.00, -9999.00, -9999.00, -9999.00
44, 9, LOC_CITY_NAME_BUENOS_AIRES, 3.00, -9999.00, -9999.00, -9999.00, -9999.00, -9999.00, -9999.00, -9999.00, -9999.00, -9999.00, -9999.00
44, 9, LOC_CITY_NAME_BABYLON, -9999.00, -9999.00, -9999.00, -9999.00, -9999.00, -9999.00, -9999.00, -9999.00, 0.00, -9999.00, -9999.00
44, 9, LOC_CITY_NAME_QASR_IBRIM, 2.00, -9999.00, 98.76, -9999.00, -9999.00, -9999.00, -9999.00, -9999.00, -9999.00, -9999.00, -9999.00
44, 9, LOC_CITY_NAME_HEH, 2.00, -9999.00, -9999.00, -9999.00, -9999.00, -9999.00, -9999.00, -9999.00, -9999.00, -9999.00, -9999.00
44, 9, LOC_CITY_DONG_HOI, 2.00, -9999.00, -9999.00, -9999.00, -9999.00, -9999.00, -9999.00, -9999.00, -9999.00, -9999.00, -9999.00
44, 9, LOC_CITY_NAME_SHAAT, 2.00, -9999.00, -9999.00, -9999.00, -9999.00, -9999.00, -9999.00, -9999.00, -9999.00, -9999.00, -9999.00
44, 9, LOC_CITY_NAME_SEDEINGA, 2.00, -9999.00, 98.76, -9999.00, 0.00, -9999.00, -9999.00, -9999.00, -9999.00, -9999.00, 937.88
44, 9, LOC_CITY_NAME_BRUNDISIUM, -9999.00, -9999.00, -9999.00, -9999.00, -9999.00, -9999.00, -9999.00, -9999.00, -9999.00, -9999.00, -9999.00
44, 9, LOC_CITY_NAME_PORTO_ALEGRE, 3.00, -9999.00, -9999.00, -9999.00, -9999.00, -9999.00, -9999.00, -9999.00, -9999.00, -9999.00, -9999.00
45, 5, LOC_CITY_NAME_PELLA, -9999.00, -9999.00, -9999.00, -9999.00, -9999.00, -9999.00, -9999.00, -9999.00, -9999.00, -9999.00, -9999.00
45, 5, LOC_CITY_NAME_ROME, 1.00, -9999.00, 83.57, -9999.00, -9999.00, -9999.00, -9999.00, -9999.00, -9999.00, -9999.00, -9999.00
45, 5, LOC_CITY_HA_NOI, 1.00, -9999.00, 292.71, -9999.00, -9999.00, -9999.00, -9999.00, -9999.00, -9999.00, -9999.00, -9999.00
45, 5, LOC_CITY_NAME_AACHEN, 1.00, -9999.00, 292.71, 125.00, -9999.00, -9999.00, -9999.00, -9999.00, -9999.00, -9999.00, -9999.00
45, 5, LOC_CITY_NAME_RIO_DE_JANEIRO, 3.00, -9999.00, -9999.00, -9999.00, -9999.00, 342.00, -9999.00, -9999.00, -9999.00, -9999.00, -9999.00
45, 5, LOC_CITY_HUE, 1.00, -9999.00, -9999.00, -9999.00, -9999.00, -9999.00, -9999.00, -9999.00, -9999.00, -9999.00, -9999.00
45, 5, LOC_CITY_NAME_ALEXANDRIA_TROAS, -9999.00, -9999.00, -9999.00, -9999.00, -9999.00, -9999.00, -9999.00, -9999.00, -9999.00, -9999.00, -9999.00
45, 5, LOC_CITY_NAME_SAO_PAULO, 3.00, -9999.00, 98.76, -9999.00, -9999.00, -9999.00, -9999.00, -9999.00, -9999.00, -9999.00, -9999.00
45, 5, LOC_CITY_NAME_ARRETIUM, 1.00, -9999.00, 83.57, -9999.00, 135.94, -9999.00, -9999.00, -9999.00, -9999.00, -9999.00, -9999.00
45, 5, LOC_CITY_QUANG_TRI, 1.00, -9999.00, 292.71, -9999.00, 135.94, -9999.00, -9999.00, -9999.00, -9999.00, -9999.00, -9999.00
45, 5, LOC_CITY_NAME_MAGDEBURG, 1.00, -9999.00, 292.71, 125.00, -9999.00, -9999.00, -9999.00, -9999.00, -9999.00, -9999.00, -9999.00
45, 5, LOC_CITY_NAME_ARPINUM, 1.00, -9999.00, 83.57, -9999.00, -9999.00, -9999.00, -9999.00, -9999.00, -9999.00, -9999.00, -9999.00
45, 5, LOC_CITY_NAME_VILNIUS, -9999.00, -9999.00, -9999.00, -9999.00, -9999.00, -9999.00, -9999.00, -9999.00, 0.00, -9999.00, -9999.00
45, 5, LOC_CITY_NAME_CHALKIDIKI, -9999.00, -9999.00, -9999.00, -9999.00, -9999.00, -9999.00, -9999.00, -9999.00, -9999.00, -9999.00, -9999.00
45, 5, LOC_CITY_NAME_FORTALEZA, 3.00, -9999.00, -9999.00, -9999.00, -9999.00, -9999.00, -9999.00, -9999.00, -9999.00, -9999.00, -9999.00
45, 5, LOC_CITY_NAME_COLOGNE, 1.00, -9999.00, 292.71, -9999.00, -9999.00, -9999.00, -9999.00, -9999.00, -9999.00, -9999.00, -9999.00
45, 5, LOC_CITY_NAME_KERMA, 2.00, -9999.00, 292.71, -9999.00, -9999.00, -9999.00, -9999.00, -9999.00, -9999.00, -9999.00, 2512.07
45, 5, LOC_CITY_HOI_AN, 1.00, -9999.00, -9999.00, -9999.00, -9999.00, -9999.00, -9999.00, -9999.00, -9999.00, -9999.00, -9999.00
45, 5, LOC_CITY_NAME_LUGDUNUM, 1.00, -9999.00, -9999.00, -9999.00, -9999.00, -9999.00, -9999.00, -9999.00, -9999.00, -9999.00, -9999.00
45, 5, LOC_CITY_NAME_BABYLON_STK, 0.00, -9999.00, 292.71, -9999.00, -9999.00, -9999.00, -9999.00, -9999.00, -9999.00, -9999.00, 2334.13
45, 5, LOC_CITY_NAME_PATNA, 0.00, -9999.00, -9999.00, 125.00, -9999.00, 222.48, -9999.00, -9999.00, -9999.00, -9999.00, 1936.40
45, 5, LOC_CITY_NAME_ALEXANDRIA_LATMUS, -9999.00, -9999.00, -9999.00, -9999.00, -9999.00, -9999.00, -9999.00, -9999.00, -9999.00, -9999.00, -9999.00
45, 5, LOC_CITY_NAME_CURITIBA, 3.00, -9999.00, -9999.00, -9999.00, -9999.00, -9999.00, -9999.00, -9999.00, -9999.00, -9999.00, -9999.00
45, 5, LOC_CITY_NAME_LISBON, -9999.00, -9999.00, -9999.00, -9999.00, -9999.00, -9999.00, -9999.00, -9999.00, 0.00, -9999.00, -9999.00
45, 5, LOC_CITY_NAME_SWENETT, 0.00, -9999.00, 292.71, -9999.00, -9999.00, 194.52, -9999.00, -9999.00, -9999.00, -9999.00, 1456.17
45, 5, LOC_CITY_NAME_BORSIPPA, 0.00, -9999.00, 292.71, -9999.00, -9999.00, 165.08, -9999.00, -9999.00, -9999.00, -9999.00, 486.58
45, 5, LOC_CITY_NAME_KARKAR, 0.00, -9999.00, 292.71, -9999.00, -9999.00, 143.54, -9999.00, -9999.00, -9999.00, -9999.00, 573.70
45, 5, LOC_CITY_NAME_CUMAE, 1.00, -9999.00, -9999.00, -9999.00, -9999.00, -9999.00, -9999.00, -9999.00, -9999.00, -9999.00, -9999.00
45, 5, LOC_CITY_NAME_MEROE, 2.00, -9999.00, 292.71, -9999.00, -9999.00, -9999.00, -9999.00, -9999.00, -9999.00, -9999.00, 2514.05
45, 5, LOC_CITY_NAME_KUMASI, -9999.00, -9999.00, -9999.00, -9999.00, -9999.00, -9999.00, -9999.00, -9999.00, 0.00, -9999.00, -9999.00
45, 5, LOC_CITY_NAME_MEMPHIS, 0.00, -9999.00, 292.71, -9999.00, -9999.00, 100.47, -9999.00, -9999.00, -9999.00, -9999.00, 1578.92
45, 5, LOC_CITY_NAME_JOHANNESBURG, -9999.00, -9999.00, -9999.00, -9999.00, -9999.00, -9999.00, -9999.00, -9999.00, 0.00, -9999.00, -9999.00
45, 5, LOC_CITY_HOA_LU, 1.00, -9999.00, -9999.00, -9999.00, -9999.00, -9999.00, -9999.00, -9999.00, -9999.00, -9999.00, -9999.00
45, 5, LOC_CITY_NAME_DORTMUND, 1.00, -9999.00, -9999.00, -9999.00, -9999.00, -9999.00, -9999.00, -9999.00, -9999.00, -9999.00, -9999.00
45, 5, LOC_CITY_NAME_FEZ, -9999.00, -9999.00, -9999.00, -9999.00, -9999.00, -9999.00, -9999.00, -9999.00, -9999.00, -9999.00, -9999.00
45, 5, LOC_CITY_NAME_KAWA, 2.00, -9999.00, -9999.00, -9999.00, -9999.00, 114.83, -9999.00, -9999.00, -9999.00, -9999.00, 1173.22
45, 5, LOC_CITY_NAME_EL_KURRU, 2.00, -9999.00, 292.71, -9999.00, -9999.00, 122.01, -9999.00, -9999.00, -9999.00, -9999.00, -9999.00
45, 5, LOC_CITY_NAME_VATICAN_CITY, -9999.00, -9999.00, -9999.00, -9999.00, -9999.00, -9999.00, -9999.00, -9999.00, 0.00, -9999.00, -9999.00
45, 5, LOC_CITY_NAME_JERUSALEM, 3.00, -9999.00, -9999.00, -9999.00, -9999.00, -9999.00, -9999.00, -9999.00, -9999.00, -9999.00, -9999.00
45, 5, LOC_CITY_NAME_SALVADOR, 3.00, -9999.00, -9999.00, -9999.00, -9999.00, -9999.00, -9999.00, -9999.00, -9999.00, -9999.00, -9999.00
45, 5, LOC_CITY_NAME_PRESLAV, -9999.00, -9999.00, -9999.00, -9999.00, -9999.00, -9999.00, -9999.00, -9999.00, 0.00, -9999.00, -9999.00
45, 5, LOC_CITY_NAME_HEIDELBERG, 1.00, -9999.00, -9999.00, -9999.00, -9999.00, -9999.00, -9999.00, -9999.00, -9999.00, -9999.00, -9999.00
45, 5, LOC_CITY_NAME_AKHETATEN, 0.00, -9999.00, 292.71, -9999.00, -9999.00, -9999.00, -9999.00, -9999.00, -9999.00, -9999.00, -9999.00
45, 5, LOC_CITY_NAME_METHONE, -9999.00, -9999.00, -9999.00, -9999.00, -9999.00, -9999.00, -9999.00, -9999.00, -9999.00, -9999.00, -9999.00
45, 5, LOC_CITY_NAME_BUENOS_AIRES, -9999.00, -9999.00, -9999.00, -9999.00, -9999.00, -9999.00, -9999.00, -9999.00, -9999.00, -9999.00, -9999.00
45, 5, LOC_CITY_NAME_BABYLON, -9999.00, -9999.00, -9999.00, -9999.00, -9999.00, -9999.00, -9999.00, -9999.00, 0.00, -9999.00, -9999.00
45, 5, LOC_CITY_NAME_QASR_IBRIM, 2.00, -9999.00, 292.71, -9999.00, -9999.00, -9999.00, -9999.00, -9999.00, -9999.00, -9999.00, -9999.00
45, 5, LOC_CITY_NAME_HEH, 2.00, -9999.00, -9999.00, -9999.00, -9999.00, -9999.00, -9999.00, -9999.00, -9999.00, -9999.00, 200.00
45, 5, LOC_CITY_NAME_SHAAT, 2.00, -9999.00, -9999.00, -9999.00, -9999.00, 43.04, -9999.00, -9999.00, -9999.00, -9999.00, -9999.00
45, 5, LOC_CITY_NAME_SEDEINGA, 2.00, -9999.00, 292.71, -9999.00, 0.00, -9999.00, -9999.00, -9999.00, -9999.00, -9999.00, 1421.21
45, 5, LOC_CITY_DONG_HOI, 1.00, -9999.00, -9999.00, -9999.00, -9999.00, -9999.00, -9999.00, -9999.00, -9999.00, -9999.00, -9999.00
45, 5, LOC_CITY_NAME_BRUNDISIUM, 1.00, -9999.00, -9999.00, -9999.00, -9999.00, -9999.00, -9999.00, -9999.00, -9999.00, -9999.00, -9999.00
45, 5, LOC_CITY_NAME_PORTO_ALEGRE, 3.00, -9999.00, 98.76, -9999.00, -9999.00, -9999.00, -9999.00, -9999.00, -9999.00, -9999.00, -9999.00
45, 6, LOC_CITY_NAME_PELLA, 1.00, -9999.00, -9999.00, -9999.00, 115.94, 115.70, -9999.00, -9999.00, -9999.00, -9999.00, -9999.00
45, 6, LOC_CITY_NAME_RIO_DE_JANEIRO, -9999.00, -9999.00, -9999.00, -9999.00, -9999.00, -9999.00, -9999.00, -9999.00, -9999.00, -9999.00, -9999.00
45, 6, LOC_CITY_NAME_ROME, 1.00, -9999.00, 0.00, -9999.00, -9999.00, -9999.00, -9999.00, -9999.00, -9999.00, -9999.00, -9999.00
45, 6, LOC_CITY_HA_NOI, 1.00, -9999.00, 292.71, -9999.00, -9999.00, -9999.00, -9999.00, -9999.00, -9999.00, -9999.00, -9999.00
45, 6, LOC_CITY_NAME_AACHEN, 1.00, -9999.00, 292.71, 250.00, -9999.00, -9999.00, -9999.00, -9999.00, -9999.00, -9999.00, -9999.00
45, 6, LOC_CITY_HUE, 1.00, -9999.00, -9999.00, -9999.00, -9999.00, -9999.00, -9999.00, -9999.00, -9999.00, -9999.00, -9999.00
45, 6, LOC_CITY_NAME_ALEXANDRIA_TROAS, 1.00, -9999.00, 0.00, -9999.00, -9999.00, -9999.00, -9999.00, -9999.00, -9999.00, -9999.00, -9999.00
45, 6, LOC_CITY_NAME_SAO_PAULO, -9999.00, -9999.00, -9999.00, -9999.00, -9999.00, -9999.00, -9999.00, -9999.00, -9999.00, -9999.00, -9999.00
45, 6, LOC_CITY_NAME_ARRETIUM, 1.00, -9999.00, 0.00, -9999.00, 115.94, -9999.00, -9999.00, -9999.00, -9999.00, -9999.00, -9999.00
45, 6, LOC_CITY_QUANG_TRI, 1.00, -9999.00, 292.71, -9999.00, 115.94, -9999.00, -9999.00, -9999.00, -9999.00, -9999.00, -9999.00
45, 6, LOC_CITY_NAME_MAGDEBURG, 1.00, -9999.00, 292.71, 250.00, -9999.00, -9999.00, -9999.00, -9999.00, -9999.00, -9999.00, -9999.00
45, 6, LOC_CITY_NAME_ARPINUM, 1.00, -9999.00, 0.00, -9999.00, -9999.00, -9999.00, -9999.00, -9999.00, -9999.00, -9999.00, -9999.00
45, 6, LOC_CITY_NAME_VILNIUS, -9999.00, -9999.00, -9999.00, -9999.00, -9999.00, -9999.00, -9999.00, -9999.00, 0.00, -9999.00, -9999.00
45, 6, LOC_CITY_NAME_CHALKIDIKI, 1.00, -9999.00, 0.00, -9999.00, -9999.00, -9999.00, -9999.00, -9999.00, -9999.00, -9999.00, -9999.00
45, 6, LOC_CITY_NAME_FORTALEZA, -9999.00, -9999.00, -9999.00, -9999.00, -9999.00, -9999.00, -9999.00, -9999.00, -9999.00, -9999.00, -9999.00
45, 6, LOC_CITY_NAME_COLOGNE, 1.00, -9999.00, 292.71, -9999.00, -9999.00, -9999.00, -9999.00, -9999.00, -9999.00, -9999.00, -9999.00
45, 6, LOC_CITY_NAME_KERMA, 0.00, -9999.00, 292.71, -9999.00, -9999.00, -9999.00, -9999.00, -9999.00, -9999.00, -9999.00, 2273.50
45, 6, LOC_CITY_HOI_AN, 1.00, -9999.00, -9999.00, -9999.00, -9999.00, -9999.00, -9999.00, -9999.00, -9999.00, -9999.00, -9999.00
45, 6, LOC_CITY_NAME_LUGDUNUM, 1.00, -9999.00, -9999.00, -9999.00, -9999.00, -9999.00, -9999.00, -9999.00, -9999.00, -9999.00, -9999.00
45, 6, LOC_CITY_NAME_BABYLON_STK, 0.00, -9999.00, 292.71, -9999.00, -9999.00, -9999.00, -9999.00, -9999.00, -9999.00, -9999.00, 1883.23
45, 6, LOC_CITY_NAME_ALEXANDRIA_LATMUS, 1.00, -9999.00, 0.00, -9999.00, -9999.00, -9999.00, -9999.00, -9999.00, -9999.00, -9999.00, -9999.00
45, 6, LOC_CITY_NAME_PATNA, 0.00, -9999.00, -9999.00, 250.00, -9999.00, 222.48, -9999.00, -9999.00, -9999.00, -9999.00, 1592.09
45, 6, LOC_CITY_NAME_CURITIBA, -9999.00, -9999.00, -9999.00, -9999.00, -9999.00, -9999.00, -9999.00, -9999.00, -9999.00, -9999.00, -9999.00
45, 6, LOC_CITY_NAME_LISBON, -9999.00, -9999.00, -9999.00, -9999.00, -9999.00, -9999.00, -9999.00, -9999.00, 0.00, -9999.00, -9999.00
45, 6, LOC_CITY_NAME_SWENETT, 0.00, -9999.00, 292.71, -9999.00, -9999.00, 194.52, -9999.00, -9999.00, -9999.00, -9999.00, 1197.32
45, 6, LOC_CITY_NAME_BORSIPPA, 0.00, -9999.00, 292.71, -9999.00, -9999.00, 165.08, -9999.00, -9999.00, -9999.00, -9999.00, 287.48
45, 6, LOC_CITY_NAME_KARKAR, 0.00, -9999.00, 292.71, -9999.00, -9999.00, 143.54, -9999.00, -9999.00, -9999.00, -9999.00, 382.45
45, 6, LOC_CITY_NAME_CUMAE, 1.00, -9999.00, -9999.00, -9999.00, -9999.00, -9999.00, -9999.00, -9999.00, -9999.00, -9999.00, -9999.00
45, 6, LOC_CITY_NAME_MEROE, 0.00, -9999.00, 292.71, -9999.00, -9999.00, -9999.00, -9999.00, -9999.00, -9999.00, -9999.00, 2067.96
45, 6, LOC_CITY_NAME_KUMASI, -9999.00, -9999.00, -9999.00, -9999.00, -9999.00, -9999.00, -9999.00, -9999.00, 0.00, -9999.00, -9999.00
45, 6, LOC_CITY_NAME_MEMPHIS, 0.00, -9999.00, 292.71, -9999.00, -9999.00, 100.47, -9999.00, -9999.00, -9999.00, -9999.00, 1333.69
45, 6, LOC_CITY_NAME_JOHANNESBURG, -9999.00, -9999.00, -9999.00, -9999.00, -9999.00, -9999.00, -9999.00, -9999.00, 0.00, -9999.00, -9999.00
45, 6, LOC_CITY_HOA_LU, 1.00, -9999.00, -9999.00, -9999.00, -9999.00, -9999.00, -9999.00, -9999.00, -9999.00, -9999.00, -9999.00
45, 6, LOC_CITY_NAME_DORTMUND, 1.00, -9999.00, -9999.00, -9999.00, -9999.00, -9999.00, -9999.00, -9999.00, -9999.00, -9999.00, -9999.00
45, 6, LOC_CITY_NAME_FEZ, 1.00, -9999.00, -9999.00, -9999.00, -9999.00, -9999.00, -9999.00, -9999.00, -9999.00, -9999.00, -9999.00
45, 6, LOC_CITY_NAME_KAWA, 0.00, -9999.00, -9999.00, -9999.00, -9999.00, 114.83, -9999.00, -9999.00, -9999.00, -9999.00, 974.59
45, 6, LOC_CITY_NAME_JERUSALEM, -9999.00, -9999.00, -9999.00, -9999.00, -9999.00, -9999.00, -9999.00, -9999.00, -9999.00, -9999.00, -9999.00
45, 6, LOC_CITY_NAME_SALVADOR, -9999.00, -9999.00, -9999.00, -9999.00, -9999.00, -9999.00, -9999.00, -9999.00, -9999.00, -9999.00, -9999.00
45, 6, LOC_CITY_NAME_EL_KURRU, 0.00, -9999.00, 292.71, -9999.00, -9999.00, 122.01, -9999.00, -9999.00, -9999.00, -9999.00, -9999.00
45, 6, LOC_CITY_NAME_VATICAN_CITY, -9999.00, -9999.00, -9999.00, -9999.00, -9999.00, -9999.00, -9999.00, -9999.00, 0.00, -9999.00, -9999.00
45, 6, LOC_CITY_NAME_PRESLAV, -9999.00, -9999.00, -9999.00, -9999.00, -9999.00, -9999.00, -9999.00, -9999.00, 0.00, -9999.00, -9999.00
45, 6, LOC_CITY_NAME_HEIDELBERG, 1.00, -9999.00, -9999.00, -9999.00, -9999.00, -9999.00, -9999.00, -9999.00, -9999.00, -9999.00, -9999.00
45, 6, LOC_CITY_NAME_METHONE, 1.00, -9999.00, -9999.00, -9999.00, -9999.00, -9999.00, -9999.00, -9999.00, -9999.00, -9999.00, -9999.00
45, 6, LOC_CITY_NAME_AKHETATEN, 0.00, -9999.00, 292.71, -9999.00, -9999.00, -9999.00, -9999.00, -9999.00, -9999.00, -9999.00, -9999.00
45, 6, LOC_CITY_NAME_BUENOS_AIRES, 1.00, -9999.00, -9999.00, -9999.00, -9999.00, -9999.00, -9999.00, -9999.00, -9999.00, -9999.00, -9999.00
45, 6, LOC_CITY_NAME_BABYLON, -9999.00, -9999.00, -9999.00, -9999.00, -9999.00, -9999.00, -9999.00, -9999.00, 0.00, -9999.00, -9999.00
45, 6, LOC_CITY_NAME_QASR_IBRIM, 0.00, -9999.00, 292.71, -9999.00, -9999.00, -9999.00, -9999.00, -9999.00, -9999.00, -9999.00, -9999.00
45, 6, LOC_CITY_NAME_HEH, 0.00, -9999.00, -9999.00, -9999.00, -9999.00, -9999.00, -9999.00, -9999.00, -9999.00, -9999.00, 200.00
45, 6, LOC_CITY_NAME_SHAAT, 0.00, -9999.00, -9999.00, -9999.00, -9999.00, 43.04, -9999.00, -9999.00, -9999.00, -9999.00, -9999.00
45, 6, LOC_CITY_NAME_SEDEINGA, 0.00, -9999.00, 292.71, -9999.00, 0.00, -9999.00, -9999.00, -9999.00, -9999.00, -9999.00, 1157.02
45, 6, LOC_CITY_DONG_HOI, 1.00, -9999.00, -9999.00, -9999.00, -9999.00, -9999.00, -9999.00, -9999.00, -9999.00, -9999.00, -9999.00
45, 6, LOC_CITY_NAME_BRUNDISIUM, 1.00, -9999.00, -9999.00, -9999.00, -9999.00, -9999.00, -9999.00, -9999.00, -9999.00, -9999.00, -9999.00
45, 6, LOC_CITY_NAME_PORTO_ALEGRE, -9999.00, -9999.00, -9999.00, -9999.00, -9999.00, -9999.00, -9999.00, -9999.00, -9999.00, -9999.00, -9999.00
45, 7, LOC_CITY_NAME_RIO_DE_JANEIRO, 3.00, -9999.00, -9999.00, -9999.00, -9999.00, 331.49, -9999.00, -9999.00, -9999.00, -9999.00, -9999.00
45, 7, LOC_CITY_NAME_PELLA, 2.00, -9999.00, -9999.00, -9999.00, 115.94, 115.70, -9999.00, -9999.00, -9999.00, -9999.00, -9999.00
45, 7, LOC_CITY_NAME_AACHEN, -9999.00, -9999.00, -9999.00, -9999.00, -9999.00, -9999.00, -9999.00, -9999.00, -9999.00, -9999.00, -9999.00
45, 7, LOC_CITY_NAME_ROME, 2.00, -9999.00, 83.57, -9999.00, -9999.00, -9999.00, -9999.00, -9999.00, -9999.00, -9999.00, -9999.00
45, 7, LOC_CITY_HA_NOI, 0.00, -9999.00, 88.94, -9999.00, -9999.00, -9999.00, -9999.00, -9999.00, -9999.00, -9999.00, -9999.00
45, 7, LOC_CITY_HUE, 0.00, -9999.00, -9999.00, -9999.00, -9999.00, -9999.00, -9999.00, -9999.00, -9999.00, -9999.00, -9999.00
45, 7, LOC_CITY_NAME_SAO_PAULO, 3.00, -9999.00, -9999.00, -9999.00, -9999.00, -9999.00, -9999.00, -9999.00, -9999.00, -9999.00, -9999.00
45, 7, LOC_CITY_NAME_ALEXANDRIA_TROAS, 2.00, -9999.00, 88.94, -9999.00, -9999.00, -9999.00, -9999.00, -9999.00, -9999.00, -9999.00, -9999.00
45, 7, LOC_CITY_NAME_ARRETIUM, 2.00, -9999.00, 83.57, -9999.00, 115.94, -9999.00, -9999.00, -9999.00, -9999.00, -9999.00, -9999.00
45, 7, LOC_CITY_NAME_MAGDEBURG, -9999.00, -9999.00, -9999.00, -9999.00, -9999.00, -9999.00, -9999.00, -9999.00, -9999.00, -9999.00, -9999.00
45, 7, LOC_CITY_QUANG_TRI, 0.00, -9999.00, 88.94, -9999.00, 115.94, -9999.00, -9999.00, -9999.00, -9999.00, -9999.00, -9999.00
45, 7, LOC_CITY_NAME_ARPINUM, 2.00, -9999.00, 83.57, -9999.00, -9999.00, -9999.00, -9999.00, -9999.00, -9999.00, -9999.00, -9999.00
45, 7, LOC_CITY_NAME_VILNIUS, -9999.00, -9999.00, -9999.00, -9999.00, -9999.00, -9999.00, -9999.00, -9999.00, 0.00, -9999.00, -9999.00
45, 7, LOC_CITY_NAME_FORTALEZA, 3.00, -9999.00, -9999.00, -9999.00, -9999.00, -9999.00, -9999.00, -9999.00, -9999.00, -9999.00, -9999.00
45, 7, LOC_CITY_NAME_CHALKIDIKI, 2.00, -9999.00, 88.94, -9999.00, -9999.00, -9999.00, -9999.00, -9999.00, -9999.00, -9999.00, -9999.00
45, 7, LOC_CITY_NAME_COLOGNE, -9999.00, -9999.00, -9999.00, -9999.00, -9999.00, -9999.00, -9999.00, -9999.00, -9999.00, -9999.00, -9999.00
45, 7, LOC_CITY_NAME_KERMA, 2.00, -9999.00, 329.18, -9999.00, -9999.00, -9999.00, -9999.00, -9999.00, -9999.00, -9999.00, 2367.78
45, 7, LOC_CITY_HOI_AN, 0.00, -9999.00, -9999.00, -9999.00, -9999.00, -9999.00, -9999.00, -9999.00, -9999.00, -9999.00, -9999.00
45, 7, LOC_CITY_NAME_LUGDUNUM, 2.00, -9999.00, -9999.00, -9999.00, -9999.00, -9999.00, -9999.00, -9999.00, -9999.00, -9999.00, -9999.00
45, 7, LOC_CITY_NAME_BABYLON_STK, 0.00, -9999.00, 61.23, -9999.00, -9999.00, -9999.00, -9999.00, -9999.00, -9999.00, -9999.00, 1975.77
45, 7, LOC_CITY_NAME_ALEXANDRIA_LATMUS, 2.00, -9999.00, 88.94, -9999.00, -9999.00, -9999.00, -9999.00, -9999.00, -9999.00, -9999.00, -9999.00
45, 7, LOC_CITY_NAME_PATNA, 0.00, -9999.00, -9999.00, -9999.00, -9999.00, 222.48, -9999.00, -9999.00, -9999.00, -9999.00, 1695.70
45, 7, LOC_CITY_NAME_CURITIBA, 3.00, -9999.00, -9999.00, -9999.00, -9999.00, -9999.00, -9999.00, -9999.00, -9999.00, -9999.00, -9999.00
45, 7, LOC_CITY_NAME_LISBON, -9999.00, -9999.00, -9999.00, -9999.00, -9999.00, -9999.00, -9999.00, -9999.00, 0.00, -9999.00, -9999.00
45, 7, LOC_CITY_NAME_SWENETT, 0.00, -9999.00, 329.18, -9999.00, -9999.00, 194.52, -9999.00, -9999.00, -9999.00, -9999.00, 1210.48
45, 7, LOC_CITY_NAME_BORSIPPA, 0.00, -9999.00, 61.23, -9999.00, -9999.00, 165.08, -9999.00, -9999.00, -9999.00, -9999.00, 299.08
45, 7, LOC_CITY_NAME_KARKAR, 0.00, -9999.00, 61.23, -9999.00, -9999.00, 143.54, -9999.00, -9999.00, -9999.00, -9999.00, 385.35
45, 7, LOC_CITY_NAME_CUMAE, 2.00, -9999.00, -9999.00, -9999.00, -9999.00, -9999.00, -9999.00, -9999.00, -9999.00, -9999.00, -9999.00
45, 7, LOC_CITY_NAME_MEROE, 2.00, -9999.00, 329.18, -9999.00, -9999.00, -9999.00, -9999.00, -9999.00, -9999.00, -9999.00, 2179.04
45, 7, LOC_CITY_NAME_KUMASI, -9999.00, -9999.00, -9999.00, -9999.00, -9999.00, -9999.00, -9999.00, -9999.00, 0.00, -9999.00, -9999.00
45, 7, LOC_CITY_NAME_MEMPHIS, 0.00, -9999.00, 329.18, -9999.00, -9999.00, 100.47, -9999.00, -9999.00, -9999.00, -9999.00, 1355.34
45, 7, LOC_CITY_NAME_JOHANNESBURG, -9999.00, -9999.00, -9999.00, -9999.00, -9999.00, -9999.00, -9999.00, -9999.00, 0.00, -9999.00, -9999.00
45, 7, LOC_CITY_NAME_DORTMUND, -9999.00, -9999.00, -9999.00, -9999.00, -9999.00, -9999.00, -9999.00, -9999.00, -9999.00, -9999.00, -9999.00
45, 7, LOC_CITY_HOA_LU, 0.00, -9999.00, -9999.00, -9999.00, -9999.00, -9999.00, -9999.00, -9999.00, -9999.00, -9999.00, -9999.00
45, 7, LOC_CITY_NAME_FEZ, 2.00, -9999.00, -9999.00, -9999.00, -9999.00, -9999.00, -9999.00, -9999.00, -9999.00, -9999.00, -9999.00
45, 7, LOC_CITY_NAME_KAWA, 2.00, -9999.00, -9999.00, -9999.00, -9999.00, 114.83, -9999.00, -9999.00, -9999.00, -9999.00, 991.51
45, 7, LOC_CITY_NAME_JERUSALEM, 3.00, -9999.00, -9999.00, -9999.00, -9999.00, -9999.00, -9999.00, -9999.00, -9999.00, -9999.00, -9999.00
45, 7, LOC_CITY_NAME_SALVADOR, 3.00, -9999.00, -9999.00, -9999.00, -9999.00, -9999.00, -9999.00, -9999.00, -9999.00, -9999.00, -9999.00
45, 7, LOC_CITY_NAME_EL_KURRU, 2.00, -9999.00, 329.18, -9999.00, -9999.00, 122.01, -9999.00, -9999.00, -9999.00, -9999.00, -9999.00
45, 7, LOC_CITY_NAME_VATICAN_CITY, -9999.00, -9999.00, -9999.00, -9999.00, -9999.00, -9999.00, -9999.00, -9999.00, 0.00, -9999.00, -9999.00
45, 7, LOC_CITY_NAME_PRESLAV, -9999.00, -9999.00, -9999.00, -9999.00, -9999.00, -9999.00, -9999.00, -9999.00, 0.00, -9999.00, -9999.00
45, 7, LOC_CITY_NAME_HEIDELBERG, -9999.00, -9999.00, -9999.00, -9999.00, -9999.00, -9999.00, -9999.00, -9999.00, -9999.00, -9999.00, -9999.00
45, 7, LOC_CITY_NAME_METHONE, 2.00, -9999.00, -9999.00, -9999.00, -9999.00, -9999.00, -9999.00, -9999.00, -9999.00, -9999.00, -9999.00
45, 7, LOC_CITY_NAME_AKHETATEN, 0.00, -9999.00, 329.18, -9999.00, -9999.00, -9999.00, -9999.00, -9999.00, -9999.00, -9999.00, -9999.00
45, 7, LOC_CITY_NAME_BUENOS_AIRES, 2.00, -9999.00, -9999.00, -9999.00, -9999.00, -9999.00, -9999.00, -9999.00, -9999.00, -9999.00, -9999.00
45, 7, LOC_CITY_NAME_BABYLON, -9999.00, -9999.00, -9999.00, -9999.00, -9999.00, -9999.00, -9999.00, -9999.00, 0.00, -9999.00, -9999.00
45, 7, LOC_CITY_NAME_QASR_IBRIM, 2.00, -9999.00, 329.18, -9999.00, -9999.00, -9999.00, -9999.00, -9999.00, -9999.00, -9999.00, -9999.00
45, 7, LOC_CITY_NAME_HEH, 2.00, -9999.00, -9999.00, -9999.00, -9999.00, -9999.00, -9999.00, -9999.00, -9999.00, -9999.00, 200.00
45, 7, LOC_CITY_NAME_SHAAT, 2.00, -9999.00, -9999.00, -9999.00, -9999.00, 43.04, -9999.00, -9999.00, -9999.00, -9999.00, -9999.00
45, 7, LOC_CITY_NAME_SEDEINGA, 2.00, -9999.00, 329.18, -9999.00, 0.00, -9999.00, -9999.00, -9999.00, -9999.00, -9999.00, 1199.32
45, 7, LOC_CITY_DONG_HOI, 0.00, -9999.00, -9999.00, -9999.00, -9999.00, -9999.00, -9999.00, -9999.00, -9999.00, -9999.00, -9999.00
45, 7, LOC_CITY_NAME_BRUNDISIUM, 2.00, -9999.00, -9999.00, -9999.00, -9999.00, -9999.00, -9999.00, -9999.00, -9999.00, -9999.00, -9999.00
45, 7, LOC_CITY_NAME_PORTO_ALEGRE, 3.00, -9999.00, -9999.00, -9999.00, -9999.00, -9999.00, -9999.00, -9999.00, -9999.00, -9999.00, -9999.00
45, 7, LOC_CITY_NAME_MAINZ, -9999.00, -9999.00, -9999.00, -9999.00, -9999.00, -9999.00, -9999.00, -9999.00, -9999.00, -9999.00, -9999.00
45, 8, LOC_CITY_NAME_AACHEN, 1.00, -9999.00, 62.18, -9999.00, -9999.00, -9999.00, -9999.00, -9999.00, -9999.00, -9999.00, -9999.00
45, 8, LOC_CITY_NAME_RIO_DE_JANEIRO, 3.00, -9999.00, -9999.00, -9999.00, -9999.00, 331.49, -9999.00, -9999.00, -9999.00, -9999.00, -9999.00
45, 8, LOC_CITY_NAME_PELLA, 3.00, -9999.00, -9999.00, -9999.00, 115.94, 115.70, -9999.00, -9999.00, -9999.00, -9999.00, -9999.00
45, 8, LOC_CITY_HA_NOI, -9999.00, -9999.00, -9999.00, -9999.00, -9999.00, -9999.00, -9999.00, -9999.00, -9999.00, -9999.00, -9999.00
45, 8, LOC_CITY_NAME_ROME, 3.00, -9999.00, 59.05, -9999.00, -9999.00, -9999.00, -9999.00, -9999.00, -9999.00, -9999.00, -9999.00
45, 8, LOC_CITY_HUE, -9999.00, -9999.00, -9999.00, -9999.00, -9999.00, -9999.00, -9999.00, -9999.00, -9999.00, -9999.00, -9999.00
45, 8, LOC_CITY_NAME_SAO_PAULO, 3.00, -9999.00, 111.67, -9999.00, -9999.00, -9999.00, -9999.00, -9999.00, -9999.00, -9999.00, -9999.00
45, 8, LOC_CITY_NAME_ALEXANDRIA_TROAS, 3.00, -9999.00, 111.67, -9999.00, -9999.00, -9999.00, -9999.00, -9999.00, -9999.00, -9999.00, -9999.00
45, 8, LOC_CITY_NAME_ARRETIUM, 3.00, -9999.00, 59.05, -9999.00, 115.94, -9999.00, -9999.00, -9999.00, -9999.00, -9999.00, -9999.00
45, 8, LOC_CITY_NAME_MAGDEBURG, 1.00, -9999.00, 62.18, 125.00, -9999.00, -9999.00, -9999.00, -9999.00, -9999.00, -9999.00, -9999.00
45, 8, LOC_CITY_QUANG_TRI, -9999.00, -9999.00, -9999.00, -9999.00, -9999.00, -9999.00, -9999.00, -9999.00, -9999.00, -9999.00, -9999.00
45, 8, LOC_CITY_NAME_ARPINUM, 3.00, -9999.00, 59.05, -9999.00, -9999.00, -9999.00, -9999.00, -9999.00, -9999.00, -9999.00, -9999.00
45, 8, LOC_CITY_NAME_VILNIUS, -9999.00, -9999.00, -9999.00, -9999.00, -9999.00, -9999.00, -9999.00, -9999.00, 0.00, -9999.00, -9999.00
45, 8, LOC_CITY_NAME_FORTALEZA, 3.00, -9999.00, -9999.00, -9999.00, -9999.00, -9999.00, -9999.00, -9999.00, -9999.00, -9999.00, -9999.00
45, 8, LOC_CITY_NAME_CHALKIDIKI, 3.00, -9999.00, 111.67, -9999.00, -9999.00, -9999.00, -9999.00, -9999.00, -9999.00, -9999.00, -9999.00
45, 8, LOC_CITY_NAME_COLOGNE, 1.00, -9999.00, 62.18, 125.00, -9999.00, -9999.00, -9999.00, -9999.00, -9999.00, -9999.00, -9999.00
45, 8, LOC_CITY_HOI_AN, -9999.00, -9999.00, -9999.00, -9999.00, -9999.00, -9999.00, -9999.00, -9999.00, -9999.00, -9999.00, -9999.00
45, 8, LOC_CITY_NAME_KERMA, 2.00, -9999.00, 88.26, -9999.00, -9999.00, -9999.00, -9999.00, -9999.00, -9999.00, -9999.00, 2266.06
45, 8, LOC_CITY_NAME_LUGDUNUM, 3.00, -9999.00, -9999.00, -9999.00, -9999.00, -9999.00, -9999.00, -9999.00, -9999.00, -9999.00, -9999.00
45, 8, LOC_CITY_NAME_BABYLON_STK, 0.00, -9999.00, 34.43, -9999.00, -9999.00, -9999.00, -9999.00, -9999.00, -9999.00, -9999.00, 1867.20
45, 8, LOC_CITY_NAME_ALEXANDRIA_LATMUS, 3.00, -9999.00, 111.67, -9999.00, -9999.00, -9999.00, -9999.00, -9999.00, -9999.00, -9999.00, -9999.00
45, 8, LOC_CITY_NAME_PATNA, 0.00, -9999.00, -9999.00, 125.00, -9999.00, 222.48, -9999.00, -9999.00, -9999.00, -9999.00, 1590.11
45, 8, LOC_CITY_NAME_CURITIBA, 3.00, -9999.00, -9999.00, -9999.00, -9999.00, -9999.00, -9999.00, -9999.00, -9999.00, -9999.00, -9999.00
45, 8, LOC_CITY_NAME_LISBON, -9999.00, -9999.00, -9999.00, -9999.00, -9999.00, -9999.00, -9999.00, -9999.00, 0.00, -9999.00, -9999.00
45, 8, LOC_CITY_NAME_SWENETT, 0.00, -9999.00, 88.26, -9999.00, -9999.00, 194.52, -9999.00, -9999.00, -9999.00, -9999.00, 1198.42
45, 8, LOC_CITY_NAME_BORSIPPA, 0.00, -9999.00, 34.43, -9999.00, -9999.00, 165.08, -9999.00, -9999.00, -9999.00, -9999.00, 286.83
45, 8, LOC_CITY_NAME_KARKAR, 0.00, -9999.00, 34.43, -9999.00, -9999.00, 143.54, -9999.00, -9999.00, -9999.00, -9999.00, 382.29
45, 8, LOC_CITY_NAME_CUMAE, 3.00, -9999.00, -9999.00, -9999.00, -9999.00, -9999.00, -9999.00, -9999.00, -9999.00, -9999.00, -9999.00
45, 8, LOC_CITY_NAME_MEROE, 2.00, -9999.00, 88.26, -9999.00, -9999.00, -9999.00, -9999.00, -9999.00, -9999.00, -9999.00, 2049.30
45, 8, LOC_CITY_NAME_KUMASI, -9999.00, -9999.00, -9999.00, -9999.00, -9999.00, -9999.00, -9999.00, -9999.00, 0.00, -9999.00, -9999.00
45, 8, LOC_CITY_NAME_MEMPHIS, 0.00, -9999.00, 88.26, -9999.00, -9999.00, 100.47, -9999.00, -9999.00, -9999.00, -9999.00, 1334.56
45, 8, LOC_CITY_NAME_JOHANNESBURG, -9999.00, -9999.00, -9999.00, -9999.00, -9999.00, -9999.00, -9999.00, -9999.00, 0.00, -9999.00, -9999.00
45, 8, LOC_CITY_NAME_DORTMUND, 1.00, -9999.00, -9999.00, -9999.00, -9999.00, -9999.00, -9999.00, -9999.00, -9999.00, -9999.00, -9999.00
45, 8, LOC_CITY_HOA_LU, -9999.00, -9999.00, -9999.00, -9999.00, -9999.00, -9999.00, -9999.00, -9999.00, -9999.00, -9999.00, -9999.00
45, 8, LOC_CITY_NAME_FEZ, 3.00, -9999.00, -9999.00, -9999.00, -9999.00, -9999.00, -9999.00, -9999.00, -9999.00, -9999.00, -9999.00
45, 8, LOC_CITY_NAME_KAWA, 2.00, -9999.00, -9999.00, -9999.00, -9999.00, 114.83, -9999.00, -9999.00, -9999.00, -9999.00, 972.32
45, 8, LOC_CITY_NAME_JERUSALEM, 3.00, -9999.00, -9999.00, -9999.00, -9999.00, -9999.00, -9999.00, -9999.00, -9999.00, -9999.00, -9999.00
45, 8, LOC_CITY_NAME_SALVADOR, 3.00, -9999.00, -9999.00, -9999.00, -9999.00, -9999.00, -9999.00, -9999.00, -9999.00, -9999.00, -9999.00
45, 8, LOC_CITY_NAME_EL_KURRU, 2.00, -9999.00, 88.26, -9999.00, -9999.00, 122.01, -9999.00, -9999.00, -9999.00, -9999.00, -9999.00
45, 8, LOC_CITY_NAME_VATICAN_CITY, -9999.00, -9999.00, -9999.00, -9999.00, -9999.00, -9999.00, -9999.00, -9999.00, 0.00, -9999.00, -9999.00
45, 8, LOC_CITY_NAME_HEIDELBERG, 1.00, -9999.00, -9999.00, -9999.00, -9999.00, -9999.00, -9999.00, -9999.00, -9999.00, -9999.00, -9999.00
45, 8, LOC_CITY_NAME_PRESLAV, -9999.00, -9999.00, -9999.00, -9999.00, -9999.00, -9999.00, -9999.00, -9999.00, 0.00, -9999.00, -9999.00
45, 8, LOC_CITY_NAME_METHONE, 3.00, -9999.00, -9999.00, -9999.00, -9999.00, -9999.00, -9999.00, -9999.00, -9999.00, -9999.00, -9999.00
45, 8, LOC_CITY_NAME_AKHETATEN, 0.00, -9999.00, 88.26, -9999.00, -9999.00, -9999.00, -9999.00, -9999.00, -9999.00, -9999.00, -9999.00
45, 8, LOC_CITY_NAME_BUENOS_AIRES, 3.00, -9999.00, -9999.00, -9999.00, -9999.00, -9999.00, -9999.00, -9999.00, -9999.00, -9999.00, -9999.00
45, 8, LOC_CITY_NAME_BABYLON, -9999.00, -9999.00, -9999.00, -9999.00, -9999.00, -9999.00, -9999.00, -9999.00, 0.00, -9999.00, -9999.00
45, 8, LOC_CITY_NAME_QASR_IBRIM, 2.00, -9999.00, 88.26, -9999.00, -9999.00, -9999.00, -9999.00, -9999.00, -9999.00, -9999.00, -9999.00
45, 8, LOC_CITY_NAME_HEH, 2.00, -9999.00, -9999.00, -9999.00, -9999.00, -9999.00, -9999.00, -9999.00, -9999.00, -9999.00, 200.00
45, 8, LOC_CITY_DONG_HOI, -9999.00, -9999.00, -9999.00, -9999.00, -9999.00, -9999.00, -9999.00, -9999.00, -9999.00, -9999.00, -9999.00
45, 8, LOC_CITY_NAME_SHAAT, 2.00, -9999.00, -9999.00, -9999.00, -9999.00, 43.04, -9999.00, -9999.00, -9999.00, -9999.00, -9999.00
45, 8, LOC_CITY_NAME_SEDEINGA, 2.00, -9999.00, 88.26, -9999.00, 0.00, -9999.00, -9999.00, -9999.00, -9999.00, -9999.00, 1152.26
45, 8, LOC_CITY_NAME_BRUNDISIUM, 3.00, -9999.00, -9999.00, -9999.00, -9999.00, -9999.00, -9999.00, -9999.00, -9999.00, -9999.00, -9999.00
45, 8, LOC_CITY_NAME_PORTO_ALEGRE, 3.00, -9999.00, 111.67, -9999.00, -9999.00, -9999.00, -9999.00, -9999.00, -9999.00, -9999.00, -9999.00
45, 8, LOC_CITY_NAME_MAINZ, 1.00, -9999.00, -9999.00, -9999.00, -9999.00, -9999.00, -9999.00, -9999.00, -9999.00, -9999.00, -9999.00
45, 9, LOC_CITY_HA_NOI, 2.00, -9999.00, 292.71, -9999.00, -9999.00, -9999.00, -9999.00, -9999.00, -9999.00, -9999.00, -9999.00
45, 9, LOC_CITY_NAME_AACHEN, 1.00, -9999.00, 292.71, -9999.00, -9999.00, -9999.00, -9999.00, -9999.00, -9999.00, -9999.00, -9999.00
45, 9, LOC_CITY_NAME_RIO_DE_JANEIRO, 3.00, -9999.00, -9999.00, -9999.00, -9999.00, 374.18, -9999.00, -9999.00, -9999.00, -9999.00, -9999.00
45, 9, LOC_CITY_NAME_PELLA, 3.00, -9999.00, -9999.00, -9999.00, 115.94, 130.60, -9999.00, -9999.00, -9999.00, -9999.00, -9999.00
45, 9, LOC_CITY_NAME_ROME, -9999.00, -9999.00, -9999.00, -9999.00, -9999.00, -9999.00, -9999.00, -9999.00, -9999.00, -9999.00, -9999.00
45, 9, LOC_CITY_HUE, 2.00, -9999.00, -9999.00, -9999.00, -9999.00, -9999.00, -9999.00, -9999.00, -9999.00, -9999.00, -9999.00
45, 9, LOC_CITY_NAME_SAO_PAULO, 3.00, -9999.00, -9999.00, -9999.00, -9999.00, -9999.00, -9999.00, -9999.00, -9999.00, -9999.00, -9999.00
45, 9, LOC_CITY_NAME_ALEXANDRIA_TROAS, 3.00, -9999.00, 78.34, -9999.00, -9999.00, -9999.00, -9999.00, -9999.00, -9999.00, -9999.00, -9999.00
45, 9, LOC_CITY_NAME_ARRETIUM, -9999.00, -9999.00, -9999.00, -9999.00, -9999.00, -9999.00, -9999.00, -9999.00, -9999.00, -9999.00, -9999.00
45, 9, LOC_CITY_QUANG_TRI, 2.00, -9999.00, 292.71, -9999.00, 115.94, -9999.00, -9999.00, -9999.00, -9999.00, -9999.00, -9999.00
45, 9, LOC_CITY_NAME_MAGDEBURG, 1.00, -9999.00, 292.71, 125.00, -9999.00, -9999.00, -9999.00, -9999.00, -9999.00, -9999.00, -9999.00
45, 9, LOC_CITY_NAME_ARPINUM, -9999.00, -9999.00, -9999.00, -9999.00, -9999.00, -9999.00, -9999.00, -9999.00, -9999.00, -9999.00, -9999.00
45, 9, LOC_CITY_NAME_VILNIUS, -9999.00, -9999.00, -9999.00, -9999.00, -9999.00, -9999.00, -9999.00, -9999.00, 0.00, -9999.00, -9999.00
45, 9, LOC_CITY_NAME_FORTALEZA, 3.00, -9999.00, -9999.00, -9999.00, -9999.00, -9999.00, -9999.00, -9999.00, -9999.00, -9999.00, -9999.00
45, 9, LOC_CITY_NAME_CHALKIDIKI, 3.00, -9999.00, 78.34, -9999.00, -9999.00, -9999.00, -9999.00, -9999.00, -9999.00, -9999.00, -9999.00
45, 9, LOC_CITY_NAME_COLOGNE, 1.00, -9999.00, 292.71, 125.00, -9999.00, -9999.00, -9999.00, -9999.00, -9999.00, -9999.00, -9999.00
45, 9, LOC_CITY_HOI_AN, 2.00, -9999.00, -9999.00, -9999.00, -9999.00, -9999.00, -9999.00, -9999.00, -9999.00, -9999.00, -9999.00
45, 9, LOC_CITY_NAME_LUGDUNUM, -9999.00, -9999.00, -9999.00, -9999.00, -9999.00, -9999.00, -9999.00, -9999.00, -9999.00, -9999.00, -9999.00
45, 9, LOC_CITY_NAME_KERMA, 2.00, -9999.00, 292.71, -9999.00, -9999.00, -9999.00, -9999.00, -9999.00, -9999.00, -9999.00, 2259.28
45, 9, LOC_CITY_NAME_BABYLON_STK, 0.00, -9999.00, 292.71, -9999.00, -9999.00, -9999.00, -9999.00, -9999.00, -9999.00, -9999.00, 1870.84
45, 9, LOC_CITY_NAME_ALEXANDRIA_LATMUS, 3.00, -9999.00, 78.34, -9999.00, -9999.00, -9999.00, -9999.00, -9999.00, -9999.00, -9999.00, -9999.00
45, 9, LOC_CITY_NAME_PATNA, 0.00, -9999.00, -9999.00, 125.00, -9999.00, 251.14, -9999.00, -9999.00, -9999.00, -9999.00, 1462.46
45, 9, LOC_CITY_NAME_CURITIBA, 3.00, -9999.00, -9999.00, -9999.00, -9999.00, -9999.00, -9999.00, -9999.00, -9999.00, -9999.00, -9999.00
45, 9, LOC_CITY_NAME_LISBON, -9999.00, -9999.00, -9999.00, -9999.00, -9999.00, -9999.00, -9999.00, -9999.00, 0.00, -9999.00, -9999.00
45, 9, LOC_CITY_NAME_SWENETT, 0.00, -9999.00, 292.71, -9999.00, -9999.00, 219.57, -9999.00, -9999.00, -9999.00, -9999.00, 1183.60
45, 9, LOC_CITY_NAME_BORSIPPA, 0.00, -9999.00, 292.71, -9999.00, -9999.00, 186.34, -9999.00, -9999.00, -9999.00, -9999.00, 284.31
45, 9, LOC_CITY_NAME_KARKAR, 0.00, -9999.00, 292.71, -9999.00, -9999.00, 162.03, -9999.00, -9999.00, -9999.00, -9999.00, 381.66
45, 9, LOC_CITY_NAME_MEROE, 2.00, -9999.00, 292.71, -9999.00, -9999.00, -9999.00, -9999.00, -9999.00, -9999.00, -9999.00, 2059.18
45, 9, LOC_CITY_NAME_CUMAE, -9999.00, -9999.00, -9999.00, -9999.00, -9999.00, -9999.00, -9999.00, -9999.00, -9999.00, -9999.00, -9999.00
45, 9, LOC_CITY_NAME_KUMASI, -9999.00, -9999.00, -9999.00, -9999.00, -9999.00, -9999.00, -9999.00, -9999.00, 0.00, -9999.00, -9999.00
45, 9, LOC_CITY_NAME_MEMPHIS, 0.00, -9999.00, 292.71, -9999.00, -9999.00, 113.41, -9999.00, -9999.00, -9999.00, -9999.00, 1316.19
45, 9, LOC_CITY_NAME_JOHANNESBURG, -9999.00, -9999.00, -9999.00, -9999.00, -9999.00, -9999.00, -9999.00, -9999.00, 0.00, -9999.00, -9999.00
45, 9, LOC_CITY_HOA_LU, 2.00, -9999.00, -9999.00, -9999.00, -9999.00, -9999.00, -9999.00, -9999.00, -9999.00, -9999.00, -9999.00
45, 9, LOC_CITY_NAME_DORTMUND, 1.00, -9999.00, -9999.00, -9999.00, -9999.00, -9999.00, -9999.00, -9999.00, -9999.00, -9999.00, -9999.00
45, 9, LOC_CITY_NAME_FEZ, 3.00, -9999.00, -9999.00, -9999.00, -9999.00, -9999.00, -9999.00, -9999.00, -9999.00, -9999.00, -9999.00
45, 9, LOC_CITY_NAME_KAWA, 2.00, -9999.00, -9999.00, -9999.00, -9999.00, 129.62, -9999.00, -9999.00, -9999.00, -9999.00, 953.53
45, 9, LOC_CITY_NAME_JERUSALEM, 3.00, -9999.00, -9999.00, -9999.00, -9999.00, -9999.00, -9999.00, -9999.00, -9999.00, -9999.00, -9999.00
45, 9, LOC_CITY_NAME_SALVADOR, 3.00, -9999.00, -9999.00, -9999.00, -9999.00, -9999.00, -9999.00, -9999.00, -9999.00, -9999.00, -9999.00
45, 9, LOC_CITY_NAME_EL_KURRU, 2.00, -9999.00, 292.71, -9999.00, -9999.00, 137.72, -9999.00, -9999.00, -9999.00, -9999.00, -9999.00
45, 9, LOC_CITY_NAME_VATICAN_CITY, -9999.00, -9999.00, -9999.00, -9999.00, -9999.00, -9999.00, -9999.00, -9999.00, 0.00, -9999.00, -9999.00
45, 9, LOC_CITY_NAME_HEIDELBERG, 1.00, -9999.00, -9999.00, -9999.00, -9999.00, -9999.00, -9999.00, -9999.00, -9999.00, -9999.00, -9999.00
45, 9, LOC_CITY_NAME_PRESLAV, -9999.00, -9999.00, -9999.00, -9999.00, -9999.00, -9999.00, -9999.00, -9999.00, 0.00, -9999.00, -9999.00
45, 9, LOC_CITY_NAME_METHONE, 3.00, -9999.00, -9999.00, -9999.00, -9999.00, -9999.00, -9999.00, -9999.00, -9999.00, -9999.00, -9999.00
45, 9, LOC_CITY_NAME_AKHETATEN, 0.00, -9999.00, 292.71, -9999.00, -9999.00, -9999.00, -9999.00, -9999.00, -9999.00, -9999.00, -9999.00
45, 9, LOC_CITY_NAME_BUENOS_AIRES, 3.00, -9999.00, -9999.00, -9999.00, -9999.00, -9999.00, -9999.00, -9999.00, -9999.00, -9999.00, -9999.00
45, 9, LOC_CITY_NAME_BABYLON, -9999.00, -9999.00, -9999.00, -9999.00, -9999.00, -9999.00, -9999.00, -9999.00, 0.00, -9999.00, -9999.00
45, 9, LOC_CITY_NAME_QASR_IBRIM, 2.00, -9999.00, 292.71, -9999.00, -9999.00, -9999.00, -9999.00, -9999.00, -9999.00, -9999.00, -9999.00
45, 9, LOC_CITY_NAME_HEH, 2.00, -9999.00, -9999.00, -9999.00, -9999.00, -9999.00, -9999.00, -9999.00, -9999.00, -9999.00, 200.00
45, 9, LOC_CITY_DONG_HOI, 2.00, -9999.00, -9999.00, -9999.00, -9999.00, -9999.00, -9999.00, -9999.00, -9999.00, -9999.00, -9999.00
45, 9, LOC_CITY_NAME_SHAAT, 2.00, -9999.00, -9999.00, -9999.00, -9999.00, 48.59, -9999.00, -9999.00, -9999.00, -9999.00, -9999.00
45, 9, LOC_CITY_NAME_SEDEINGA, 2.00, -9999.00, 292.71, -9999.00, 0.00, -9999.00, -9999.00, -9999.00, -9999.00, -9999.00, 1158.46
45, 9, LOC_CITY_NAME_BRUNDISIUM, -9999.00, -9999.00, -9999.00, -9999.00, -9999.00, -9999.00, -9999.00, -9999.00, -9999.00, -9999.00, -9999.00
45, 9, LOC_CITY_NAME_PORTO_ALEGRE, 3.00, -9999.00, -9999.00, -9999.00, -9999.00, -9999.00, -9999.00, -9999.00, -9999.00, -9999.00, -9999.00
45, 9, LOC_CITY_NAME_MAINZ, 1.00, -9999.00, -9999.00, -9999.00, -9999.00, -9999.00, -9999.00, -9999.00, -9999.00, -9999.00, -9999.00
46, 5, LOC_CITY_NAME_PELLA, -9999.00, -9999.00, -9999.00, -9999.00, -9999.00, -9999.00, -9999.00, -9999.00, -9999.00, -9999.00, -9999.00
46, 5, LOC_CITY_NAME_ROME, 3.00, -9999.00, 90.95, -9999.00, -9999.00, -9999.00, -9999.00, -9999.00, -9999.00, -9999.00, -9999.00
46, 5, LOC_CITY_HA_NOI, 1.00, -9999.00, 308.71, -9999.00, -9999.00, -9999.00, -9999.00, -9999.00, -9999.00, -9999.00, -9999.00
46, 5, LOC_CITY_NAME_AACHEN, 1.00, -9999.00, 308.71, -9999.00, -9999.00, -9999.00, -9999.00, -9999.00, -9999.00, -9999.00, -9999.00
46, 5, LOC_CITY_NAME_RIO_DE_JANEIRO, 3.00, -9999.00, -9999.00, -9999.00, -9999.00, 331.49, -9999.00, -9999.00, -9999.00, -9999.00, -9999.00
46, 5, LOC_CITY_HUE, 1.00, -9999.00, -9999.00, -9999.00, -9999.00, -9999.00, -9999.00, -9999.00, -9999.00, -9999.00, -9999.00
46, 5, LOC_CITY_NAME_ALEXANDRIA_TROAS, -9999.00, -9999.00, -9999.00, -9999.00, -9999.00, -9999.00, -9999.00, -9999.00, -9999.00, -9999.00, -9999.00
46, 5, LOC_CITY_NAME_SAO_PAULO, 3.00, -9999.00, 98.76, -9999.00, -9999.00, -9999.00, -9999.00, -9999.00, -9999.00, -9999.00, -9999.00
46, 5, LOC_CITY_NAME_ARRETIUM, 3.00, -9999.00, 90.95, -9999.00, 135.94, -9999.00, -9999.00, -9999.00, -9999.00, -9999.00, -9999.00
46, 5, LOC_CITY_QUANG_TRI, 1.00, -9999.00, 308.71, -9999.00, 135.94, -9999.00, -9999.00, -9999.00, -9999.00, -9999.00, -9999.00
46, 5, LOC_CITY_NAME_MAGDEBURG, 1.00, -9999.00, 308.71, 125.00, -9999.00, -9999.00, -9999.00, -9999.00, -9999.00, -9999.00, -9999.00
46, 5, LOC_CITY_NAME_ARPINUM, 3.00, -9999.00, 90.95, -9999.00, -9999.00, -9999.00, -9999.00, -9999.00, -9999.00, -9999.00, -9999.00
46, 5, LOC_CITY_NAME_VILNIUS, -9999.00, -9999.00, -9999.00, -9999.00, -9999.00, -9999.00, -9999.00, -9999.00, 0.00, -9999.00, -9999.00
46, 5, LOC_CITY_NAME_CHALKIDIKI, -9999.00, -9999.00, -9999.00, -9999.00, -9999.00, -9999.00, -9999.00, -9999.00, -9999.00, -9999.00, -9999.00
46, 5, LOC_CITY_NAME_FORTALEZA, 3.00, -9999.00, -9999.00, -9999.00, -9999.00, -9999.00, -9999.00, -9999.00, -9999.00, -9999.00, -9999.00
46, 5, LOC_CITY_NAME_COLOGNE, 1.00, -9999.00, 308.71, 125.00, -9999.00, -9999.00, -9999.00, -9999.00, -9999.00, -9999.00, -9999.00
46, 5, LOC_CITY_NAME_KERMA, 2.00, -9999.00, 308.71, -9999.00, -9999.00, -9999.00, -9999.00, -9999.00, -9999.00, -9999.00, 2462.37
46, 5, LOC_CITY_HOI_AN, 1.00, -9999.00, -9999.00, -9999.00, -9999.00, -9999.00, -9999.00, -9999.00, -9999.00, -9999.00, -9999.00
46, 5, LOC_CITY_NAME_LUGDUNUM, 3.00, -9999.00, -9999.00, -9999.00, -9999.00, -9999.00, -9999.00, -9999.00, -9999.00, -9999.00, -9999.00
46, 5, LOC_CITY_NAME_BABYLON_STK, 0.00, -9999.00, 308.71, -9999.00, -9999.00, -9999.00, -9999.00, -9999.00, -9999.00, -9999.00, 2330.54
46, 5, LOC_CITY_NAME_PATNA, 0.00, -9999.00, -9999.00, 125.00, -9999.00, 236.84, -9999.00, -9999.00, -9999.00, -9999.00, 1879.30
46, 5, LOC_CITY_NAME_ALEXANDRIA_LATMUS, -9999.00, -9999.00, -9999.00, -9999.00, -9999.00, -9999.00, -9999.00, -9999.00, -9999.00, -9999.00, -9999.00
46, 5, LOC_CITY_NAME_CURITIBA, 3.00, -9999.00, -9999.00, -9999.00, -9999.00, -9999.00, -9999.00, -9999.00, -9999.00, -9999.00, -9999.00
46, 5, LOC_CITY_NAME_LISBON, -9999.00, -9999.00, -9999.00, -9999.00, -9999.00, -9999.00, -9999.00, -9999.00, 0.00, -9999.00, -9999.00
46, 5, LOC_CITY_NAME_SWENETT, 0.00, -9999.00, 308.71, -9999.00, -9999.00, 210.73, -9999.00, -9999.00, -9999.00, -9999.00, 1481.78
46, 5, LOC_CITY_NAME_BORSIPPA, 0.00, -9999.00, 308.71, -9999.00, 135.94, 172.26, -9999.00, -9999.00, -9999.00, -9999.00, 517.56
46, 5, LOC_CITY_NAME_KARKAR, 0.00, -9999.00, 308.71, -9999.00, -9999.00, 157.90, -9999.00, -9999.00, -9999.00, -9999.00, 593.94
46, 5, LOC_CITY_NAME_CUMAE, 3.00, -9999.00, -9999.00, -9999.00, -9999.00, -9999.00, -9999.00, -9999.00, -9999.00, -9999.00, -9999.00
46, 5, LOC_CITY_NAME_MEROE, 2.00, -9999.00, 308.71, -9999.00, -9999.00, -9999.00, -9999.00, -9999.00, -9999.00, -9999.00, 2517.00
46, 5, LOC_CITY_NAME_KUMASI, -9999.00, -9999.00, -9999.00, -9999.00, -9999.00, -9999.00, -9999.00, -9999.00, 0.00, -9999.00, -9999.00
46, 5, LOC_CITY_NAME_MEMPHIS, 0.00, -9999.00, 308.71, -9999.00, -9999.00, 100.47, -9999.00, -9999.00, -9999.00, -9999.00, 1591.84
46, 5, LOC_CITY_NAME_JOHANNESBURG, -9999.00, -9999.00, -9999.00, -9999.00, -9999.00, -9999.00, -9999.00, -9999.00, 0.00, -9999.00, -9999.00
46, 5, LOC_CITY_HOA_LU, 1.00, -9999.00, -9999.00, -9999.00, -9999.00, -9999.00, -9999.00, -9999.00, -9999.00, -9999.00, -9999.00
46, 5, LOC_CITY_NAME_DORTMUND, 1.00, -9999.00, -9999.00, -9999.00, -9999.00, -9999.00, -9999.00, -9999.00, -9999.00, -9999.00, -9999.00
46, 5, LOC_CITY_NAME_FEZ, -9999.00, -9999.00, -9999.00, -9999.00, -9999.00, -9999.00, -9999.00, -9999.00, -9999.00, -9999.00, -9999.00
46, 5, LOC_CITY_NAME_KAWA, 2.00, -9999.00, -9999.00, -9999.00, -9999.00, 114.83, -9999.00, -9999.00, -9999.00, -9999.00, 1153.58
46, 5, LOC_CITY_NAME_EL_KURRU, 2.00, -9999.00, 308.71, -9999.00, -9999.00, 122.01, -9999.00, -9999.00, -9999.00, -9999.00, -9999.00
46, 5, LOC_CITY_NAME_VATICAN_CITY, -9999.00, -9999.00, -9999.00, -9999.00, -9999.00, -9999.00, -9999.00, -9999.00, 0.00, -9999.00, -9999.00
46, 5, LOC_CITY_NAME_JERUSALEM, 3.00, -9999.00, -9999.00, -9999.00, -9999.00, -9999.00, -9999.00, -9999.00, -9999.00, -9999.00, -9999.00
46, 5, LOC_CITY_NAME_SALVADOR, 3.00, -9999.00, -9999.00, -9999.00, -9999.00, -9999.00, -9999.00, -9999.00, -9999.00, -9999.00, -9999.00
46, 5, LOC_CITY_NAME_PRESLAV, -9999.00, -9999.00, -9999.00, -9999.00, -9999.00, -9999.00, -9999.00, -9999.00, 0.00, -9999.00, -9999.00
46, 5, LOC_CITY_NAME_HEIDELBERG, 1.00, -9999.00, -9999.00, -9999.00, -9999.00, -9999.00, -9999.00, -9999.00, -9999.00, -9999.00, -9999.00
46, 5, LOC_CITY_NAME_AKHETATEN, 0.00, -9999.00, 308.71, -9999.00, -9999.00, -9999.00, -9999.00, -9999.00, -9999.00, -9999.00, 798.89
46, 5, LOC_CITY_NAME_METHONE, -9999.00, -9999.00, -9999.00, -9999.00, -9999.00, -9999.00, -9999.00, -9999.00, -9999.00, -9999.00, -9999.00
46, 5, LOC_CITY_NAME_BUENOS_AIRES, -9999.00, -9999.00, -9999.00, -9999.00, -9999.00, -9999.00, -9999.00, -9999.00, -9999.00, -9999.00, -9999.00
46, 5, LOC_CITY_NAME_BABYLON, -9999.00, -9999.00, -9999.00, -9999.00, -9999.00, -9999.00, -9999.00, -9999.00, 0.00, -9999.00, -9999.00
46, 5, LOC_CITY_NAME_QASR_IBRIM, 2.00, -9999.00, 308.71, -9999.00, -9999.00, -9999.00, -9999.00, -9999.00, -9999.00, -9999.00, -9999.00
46, 5, LOC_CITY_NAME_HEH, 2.00, -9999.00, -9999.00, -9999.00, -9999.00, -9999.00, -9999.00, -9999.00, -9999.00, -9999.00, 200.00
46, 5, LOC_CITY_NAME_SHAAT, 2.00, -9999.00, -9999.00, -9999.00, -9999.00, 43.04, -9999.00, -9999.00, -9999.00, -9999.00, -9999.00
46, 5, LOC_CITY_NAME_SEDEINGA, 2.00, -9999.00, 308.71, -9999.00, 0.00, -9999.00, -9999.00, -9999.00, -9999.00, -9999.00, 1594.51
46, 5, LOC_CITY_DONG_HOI, 1.00, -9999.00, -9999.00, -9999.00, -9999.00, -9999.00, -9999.00, -9999.00, -9999.00, -9999.00, -9999.00
46, 5, LOC_CITY_NAME_BRUNDISIUM, 3.00, -9999.00, -9999.00, -9999.00, -9999.00, -9999.00, -9999.00, -9999.00, -9999.00, -9999.00, -9999.00
46, 5, LOC_CITY_NAME_PORTO_ALEGRE, 3.00, -9999.00, 98.76, -9999.00, -9999.00, -9999.00, -9999.00, -9999.00, -9999.00, -9999.00, -9999.00
46, 5, LOC_CITY_NAME_NURI, 2.00, -9999.00, -9999.00, -9999.00, -9999.00, -9999.00, -9999.00, -9999.00, -9999.00, -9999.00, -9999.00
46, 5, LOC_CITY_NAME_MAINZ, 1.00, -9999.00, -9999.00, -9999.00, -9999.00, -9999.00, -9999.00, -9999.00, -9999.00, -9999.00, -9999.00
46, 5, LOC_CITY_NAME_YEREVAN, -9999.00, -9999.00, -9999.00, -9999.00, -9999.00, -9999.00, -9999.00, -9999.00, 0.00, -9999.00, -9999.00
46, 6, LOC_CITY_NAME_PELLA, 1.00, -9999.00, -9999.00, -9999.00, 115.94, 115.70, -9999.00, -9999.00, -9999.00, -9999.00, -9999.00
46, 6, LOC_CITY_NAME_RIO_DE_JANEIRO, -9999.00, -9999.00, -9999.00, -9999.00, -9999.00, -9999.00, -9999.00, -9999.00, -9999.00, -9999.00, -9999.00
46, 6, LOC_CITY_NAME_ROME, 1.00, -9999.00, 0.00, -9999.00, -9999.00, -9999.00, -9999.00, -9999.00, -9999.00, -9999.00, -9999.00
46, 6, LOC_CITY_HA_NOI, 1.00, -9999.00, 292.71, -9999.00, -9999.00, -9999.00, -9999.00, -9999.00, -9999.00, -9999.00, -9999.00
46, 6, LOC_CITY_NAME_AACHEN, 1.00, -9999.00, 292.71, -9999.00, -9999.00, -9999.00, -9999.00, -9999.00, -9999.00, -9999.00, -9999.00
46, 6, LOC_CITY_HUE, 1.00, -9999.00, -9999.00, -9999.00, -9999.00, -9999.00, -9999.00, -9999.00, -9999.00, -9999.00, -9999.00
46, 6, LOC_CITY_NAME_ALEXANDRIA_TROAS, 1.00, -9999.00, 0.00, -9999.00, -9999.00, -9999.00, -9999.00, -9999.00, -9999.00, -9999.00, -9999.00
46, 6, LOC_CITY_NAME_SAO_PAULO, -9999.00, -9999.00, -9999.00, -9999.00, -9999.00, -9999.00, -9999.00, -9999.00, -9999.00, -9999.00, -9999.00
46, 6, LOC_CITY_NAME_ARRETIUM, 1.00, -9999.00, 0.00, -9999.00, 115.94, -9999.00, -9999.00, -9999.00, -9999.00, -9999.00, -9999.00
46, 6, LOC_CITY_QUANG_TRI, 1.00, -9999.00, 292.71, -9999.00, 115.94, -9999.00, -9999.00, -9999.00, -9999.00, -9999.00, -9999.00
46, 6, LOC_CITY_NAME_MAGDEBURG, 1.00, -9999.00, 292.71, 250.00, -9999.00, -9999.00, -9999.00, -9999.00, -9999.00, -9999.00, -9999.00
46, 6, LOC_CITY_NAME_ARPINUM, 1.00, -9999.00, 0.00, -9999.00, -9999.00, -9999.00, -9999.00, -9999.00, -9999.00, -9999.00, -9999.00
46, 6, LOC_CITY_NAME_VILNIUS, -9999.00, -9999.00, -9999.00, -9999.00, -9999.00, -9999.00, -9999.00, -9999.00, 0.00, -9999.00, -9999.00
46, 6, LOC_CITY_NAME_CHALKIDIKI, 1.00, -9999.00, 0.00, -9999.00, -9999.00, -9999.00, -9999.00, -9999.00, -9999.00, -9999.00, -9999.00
46, 6, LOC_CITY_NAME_FORTALEZA, -9999.00, -9999.00, -9999.00, -9999.00, -9999.00, -9999.00, -9999.00, -9999.00, -9999.00, -9999.00, -9999.00
46, 6, LOC_CITY_NAME_COLOGNE, 1.00, -9999.00, 292.71, 250.00, -9999.00, -9999.00, -9999.00, -9999.00, -9999.00, -9999.00, -9999.00
46, 6, LOC_CITY_NAME_KERMA, 0.00, -9999.00, 292.71, -9999.00, -9999.00, -9999.00, -9999.00, -9999.00, -9999.00, -9999.00, 2205.88
46, 6, LOC_CITY_HOI_AN, 1.00, -9999.00, -9999.00, -9999.00, -9999.00, -9999.00, -9999.00, -9999.00, -9999.00, -9999.00, -9999.00
46, 6, LOC_CITY_NAME_LUGDUNUM, 1.00, -9999.00, -9999.00, -9999.00, -9999.00, -9999.00, -9999.00, -9999.00, -9999.00, -9999.00, -9999.00
46, 6, LOC_CITY_NAME_BABYLON_STK, 0.00, -9999.00, 292.71, -9999.00, -9999.00, -9999.00, -9999.00, -9999.00, -9999.00, -9999.00, 1856.69
46, 6, LOC_CITY_NAME_ALEXANDRIA_LATMUS, 1.00, -9999.00, 0.00, -9999.00, -9999.00, -9999.00, -9999.00, -9999.00, -9999.00, -9999.00, -9999.00
46, 6, LOC_CITY_NAME_PATNA, 0.00, -9999.00, -9999.00, 250.00, -9999.00, 236.84, -9999.00, -9999.00, -9999.00, -9999.00, 1559.23
46, 6, LOC_CITY_NAME_CURITIBA, -9999.00, -9999.00, -9999.00, -9999.00, -9999.00, -9999.00, -9999.00, -9999.00, -9999.00, -9999.00, -9999.00
46, 6, LOC_CITY_NAME_LISBON, -9999.00, -9999.00, -9999.00, -9999.00, -9999.00, -9999.00, -9999.00, -9999.00, 0.00, -9999.00, -9999.00
46, 6, LOC_CITY_NAME_SWENETT, 0.00, -9999.00, 292.71, -9999.00, -9999.00, 210.73, -9999.00, -9999.00, -9999.00, -9999.00, 1211.48
46, 6, LOC_CITY_NAME_BORSIPPA, 0.00, -9999.00, 292.71, -9999.00, 115.94, 172.26, -9999.00, -9999.00, -9999.00, -9999.00, 315.30
46, 6, LOC_CITY_NAME_KARKAR, 0.00, -9999.00, 292.71, -9999.00, -9999.00, 157.90, -9999.00, -9999.00, -9999.00, -9999.00, 401.90
46, 6, LOC_CITY_NAME_CUMAE, 1.00, -9999.00, -9999.00, -9999.00, -9999.00, -9999.00, -9999.00, -9999.00, -9999.00, -9999.00, -9999.00
46, 6, LOC_CITY_NAME_MEROE, 0.00, -9999.00, 292.71, -9999.00, -9999.00, -9999.00, -9999.00, -9999.00, -9999.00, -9999.00, 2055.54
46, 6, LOC_CITY_NAME_KUMASI, -9999.00, -9999.00, -9999.00, -9999.00, -9999.00, -9999.00, -9999.00, -9999.00, 0.00, -9999.00, -9999.00
46, 6, LOC_CITY_NAME_MEMPHIS, 0.00, -9999.00, 292.71, -9999.00, -9999.00, 100.47, -9999.00, -9999.00, -9999.00, -9999.00, 1335.45
46, 6, LOC_CITY_NAME_JOHANNESBURG, -9999.00, -9999.00, -9999.00, -9999.00, -9999.00, -9999.00, -9999.00, -9999.00, 0.00, -9999.00, -9999.00
46, 6, LOC_CITY_HOA_LU, 1.00, -9999.00, -9999.00, -9999.00, -9999.00, -9999.00, -9999.00, -9999.00, -9999.00, -9999.00, -9999.00
46, 6, LOC_CITY_NAME_DORTMUND, 1.00, -9999.00, -9999.00, -9999.00, -9999.00, -9999.00, -9999.00, -9999.00, -9999.00, -9999.00, -9999.00
46, 6, LOC_CITY_NAME_FEZ, 1.00, -9999.00, -9999.00, -9999.00, -9999.00, -9999.00, -9999.00, -9999.00, -9999.00, -9999.00, -9999.00
46, 6, LOC_CITY_NAME_KAWA, 0.00, -9999.00, -9999.00, -9999.00, -9999.00, 114.83, -9999.00, -9999.00, -9999.00, -9999.00, 937.56
46, 6, LOC_CITY_NAME_JERUSALEM, -9999.00, -9999.00, -9999.00, -9999.00, -9999.00, -9999.00, -9999.00, -9999.00, -9999.00, -9999.00, -9999.00
46, 6, LOC_CITY_NAME_SALVADOR, -9999.00, -9999.00, -9999.00, -9999.00, -9999.00, -9999.00, -9999.00, -9999.00, -9999.00, -9999.00, -9999.00
46, 6, LOC_CITY_NAME_EL_KURRU, 0.00, -9999.00, 292.71, -9999.00, -9999.00, 122.01, -9999.00, -9999.00, -9999.00, -9999.00, -9999.00
46, 6, LOC_CITY_NAME_VATICAN_CITY, -9999.00, -9999.00, -9999.00, -9999.00, -9999.00, -9999.00, -9999.00, -9999.00, 0.00, -9999.00, -9999.00
46, 6, LOC_CITY_NAME_PRESLAV, -9999.00, -9999.00, -9999.00, -9999.00, -9999.00, -9999.00, -9999.00, -9999.00, 0.00, -9999.00, -9999.00
46, 6, LOC_CITY_NAME_HEIDELBERG, 1.00, -9999.00, -9999.00, -9999.00, -9999.00, -9999.00, -9999.00, -9999.00, -9999.00, -9999.00, -9999.00
46, 6, LOC_CITY_NAME_METHONE, 1.00, -9999.00, -9999.00, -9999.00, -9999.00, -9999.00, -9999.00, -9999.00, -9999.00, -9999.00, -9999.00
46, 6, LOC_CITY_NAME_AKHETATEN, 0.00, -9999.00, 292.71, -9999.00, -9999.00, -9999.00, -9999.00, -9999.00, -9999.00, -9999.00, 293.38
46, 6, LOC_CITY_NAME_BUENOS_AIRES, 1.00, -9999.00, -9999.00, -9999.00, -9999.00, -9999.00, -9999.00, -9999.00, -9999.00, -9999.00, -9999.00
46, 6, LOC_CITY_NAME_BABYLON, -9999.00, -9999.00, -9999.00, -9999.00, -9999.00, -9999.00, -9999.00, -9999.00, 0.00, -9999.00, -9999.00
46, 6, LOC_CITY_NAME_QASR_IBRIM, 0.00, -9999.00, 292.71, -9999.00, -9999.00, -9999.00, -9999.00, -9999.00, -9999.00, -9999.00, -9999.00
46, 6, LOC_CITY_NAME_HEH, 0.00, -9999.00, -9999.00, -9999.00, -9999.00, -9999.00, -9999.00, -9999.00, -9999.00, -9999.00, 200.00
46, 6, LOC_CITY_NAME_SHAAT, 0.00, -9999.00, -9999.00, -9999.00, -9999.00, 43.04, -9999.00, -9999.00, -9999.00, -9999.00, -9999.00
46, 6, LOC_CITY_NAME_SEDEINGA, 0.00, -9999.00, 292.71, -9999.00, 0.00, -9999.00, -9999.00, -9999.00, -9999.00, -9999.00, 1313.71
46, 6, LOC_CITY_DONG_HOI, 1.00, -9999.00, -9999.00, -9999.00, -9999.00, -9999.00, -9999.00, -9999.00, -9999.00, -9999.00, -9999.00
46, 6, LOC_CITY_NAME_BRUNDISIUM, 1.00, -9999.00, -9999.00, -9999.00, -9999.00, -9999.00, -9999.00, -9999.00, -9999.00, -9999.00, -9999.00
46, 6, LOC_CITY_NAME_PORTO_ALEGRE, -9999.00, -9999.00, -9999.00, -9999.00, -9999.00, -9999.00, -9999.00, -9999.00, -9999.00, -9999.00, -9999.00
46, 6, LOC_CITY_NAME_NURI, 0.00, -9999.00, -9999.00, -9999.00, -9999.00, -9999.00, -9999.00, -9999.00, -9999.00, -9999.00, -9999.00
46, 6, LOC_CITY_NAME_MAINZ, 1.00, -9999.00, -9999.00, -9999.00, -9999.00, -9999.00, -9999.00, -9999.00, -9999.00, -9999.00, -9999.00
46, 6, LOC_CITY_NAME_YEREVAN, -9999.00, -9999.00, -9999.00, -9999.00, -9999.00, -9999.00, -9999.00, -9999.00, 0.00, -9999.00, -9999.00
46, 7, LOC_CITY_NAME_RIO_DE_JANEIRO, 3.00, -9999.00, -9999.00, -9999.00, -9999.00, 400.04, -9999.00, -9999.00, -9999.00, -9999.00, -9999.00
46, 7, LOC_CITY_NAME_PELLA, 2.00, -9999.00, -9999.00, -9999.00, 115.94, 126.80, -9999.00, -9999.00, -9999.00, -9999.00, -9999.00
46, 7, LOC_CITY_NAME_AACHEN, -9999.00, -9999.00, -9999.00, -9999.00, -9999.00, -9999.00, -9999.00, -9999.00, -9999.00, -9999.00, -9999.00
46, 7, LOC_CITY_NAME_ROME, 2.00, -9999.00, 111.66, -9999.00, -9999.00, -9999.00, -9999.00, -9999.00, -9999.00, -9999.00, -9999.00
46, 7, LOC_CITY_HA_NOI, 0.00, -9999.00, 117.76, -9999.00, -9999.00, -9999.00, -9999.00, -9999.00, -9999.00, -9999.00, -9999.00
46, 7, LOC_CITY_HUE, 0.00, -9999.00, -9999.00, -9999.00, -9999.00, -9999.00, -9999.00, -9999.00, -9999.00, -9999.00, -9999.00
46, 7, LOC_CITY_NAME_SAO_PAULO, 3.00, -9999.00, -9999.00, -9999.00, -9999.00, -9999.00, -9999.00, -9999.00, -9999.00, -9999.00, -9999.00
46, 7, LOC_CITY_NAME_ALEXANDRIA_TROAS, 2.00, -9999.00, 117.76, -9999.00, -9999.00, -9999.00, -9999.00, -9999.00, -9999.00, -9999.00, -9999.00
46, 7, LOC_CITY_NAME_ARRETIUM, 2.00, -9999.00, 111.66, -9999.00, 115.94, -9999.00, -9999.00, -9999.00, -9999.00, -9999.00, -9999.00
46, 7, LOC_CITY_NAME_MAGDEBURG, -9999.00, -9999.00, -9999.00, -9999.00, -9999.00, -9999.00, -9999.00, -9999.00, -9999.00, -9999.00, -9999.00
46, 7, LOC_CITY_QUANG_TRI, 0.00, -9999.00, 117.76, -9999.00, 115.94, -9999.00, -9999.00, -9999.00, -9999.00, -9999.00, -9999.00
46, 7, LOC_CITY_NAME_ARPINUM, 2.00, -9999.00, 111.66, -9999.00, -9999.00, -9999.00, -9999.00, -9999.00, -9999.00, -9999.00, -9999.00
46, 7, LOC_CITY_NAME_VILNIUS, -9999.00, -9999.00, -9999.00, -9999.00, -9999.00, -9999.00, -9999.00, -9999.00, 0.00, -9999.00, -9999.00
46, 7, LOC_CITY_NAME_FORTALEZA, 3.00, -9999.00, -9999.00, -9999.00, -9999.00, -9999.00, -9999.00, -9999.00, -9999.00, -9999.00, -9999.00
46, 7, LOC_CITY_NAME_CHALKIDIKI, 2.00, -9999.00, 117.76, -9999.00, -9999.00, -9999.00, -9999.00, -9999.00, -9999.00, -9999.00, -9999.00
46, 7, LOC_CITY_NAME_COLOGNE, -9999.00, -9999.00, -9999.00, -9999.00, -9999.00, -9999.00, -9999.00, -9999.00, -9999.00, -9999.00, -9999.00
46, 7, LOC_CITY_NAME_KERMA, 2.00, -9999.00, 368.06, -9999.00, -9999.00, -9999.00, -9999.00, -9999.00, -9999.00, -9999.00, 2414.13
46, 7, LOC_CITY_HOI_AN, 0.00, -9999.00, -9999.00, -9999.00, -9999.00, -9999.00, -9999.00, -9999.00, -9999.00, -9999.00, -9999.00
46, 7, LOC_CITY_NAME_LUGDUNUM, 2.00, -9999.00, -9999.00, -9999.00, -9999.00, -9999.00, -9999.00, -9999.00, -9999.00, -9999.00, -9999.00
46, 7, LOC_CITY_NAME_BABYLON_STK, 0.00, -9999.00, 85.52, -9999.00, -9999.00, -9999.00, -9999.00, -9999.00, -9999.00, -9999.00, 2042.34
46, 7, LOC_CITY_NAME_ALEXANDRIA_LATMUS, 2.00, -9999.00, 117.76, -9999.00, -9999.00, -9999.00, -9999.00, -9999.00, -9999.00, -9999.00, -9999.00
46, 7, LOC_CITY_NAME_PATNA, 0.00, -9999.00, -9999.00, 399.41, -9999.00, 259.57, -9999.00, -9999.00, -9999.00, -9999.00, 1771.66
46, 7, LOC_CITY_NAME_CURITIBA, 3.00, -9999.00, -9999.00, -9999.00, -9999.00, -9999.00, -9999.00, -9999.00, -9999.00, -9999.00, -9999.00
46, 7, LOC_CITY_NAME_LISBON, -9999.00, -9999.00, -9999.00, -9999.00, -9999.00, -9999.00, -9999.00, -9999.00, 0.00, -9999.00, -9999.00
46, 7, LOC_CITY_NAME_SWENETT, 0.00, -9999.00, 368.06, -9999.00, -9999.00, 230.96, -9999.00, -9999.00, -9999.00, -9999.00, 1294.28
46, 7, LOC_CITY_NAME_BORSIPPA, 0.00, -9999.00, 85.52, -9999.00, 115.94, 188.79, -9999.00, -9999.00, -9999.00, -9999.00, 349.53
46, 7, LOC_CITY_NAME_KARKAR, 0.00, -9999.00, 85.52, -9999.00, -9999.00, 173.05, -9999.00, -9999.00, -9999.00, -9999.00, 410.46
46, 7, LOC_CITY_NAME_CUMAE, 2.00, -9999.00, -9999.00, -9999.00, -9999.00, -9999.00, -9999.00, -9999.00, -9999.00, -9999.00, -9999.00
46, 7, LOC_CITY_NAME_MEROE, 2.00, -9999.00, 368.06, -9999.00, -9999.00, -9999.00, -9999.00, -9999.00, -9999.00, -9999.00, 2275.40
46, 7, LOC_CITY_NAME_KUMASI, -9999.00, -9999.00, -9999.00, -9999.00, -9999.00, -9999.00, -9999.00, -9999.00, 0.00, -9999.00, -9999.00
46, 7, LOC_CITY_NAME_MEMPHIS, 0.00, -9999.00, 368.06, -9999.00, -9999.00, 110.11, -9999.00, -9999.00, -9999.00, -9999.00, 1449.64
46, 7, LOC_CITY_NAME_JOHANNESBURG, -9999.00, -9999.00, -9999.00, -9999.00, -9999.00, -9999.00, -9999.00, -9999.00, 0.00, -9999.00, -9999.00
46, 7, LOC_CITY_NAME_DORTMUND, -9999.00, -9999.00, -9999.00, -9999.00, -9999.00, -9999.00, -9999.00, -9999.00, -9999.00, -9999.00, -9999.00
46, 7, LOC_CITY_HOA_LU, 0.00, -9999.00, -9999.00, -9999.00, -9999.00, -9999.00, -9999.00, -9999.00, -9999.00, -9999.00, -9999.00
46, 7, LOC_CITY_NAME_FEZ, 2.00, -9999.00, -9999.00, -9999.00, -9999.00, -9999.00, -9999.00, -9999.00, -9999.00, -9999.00, -9999.00
46, 7, LOC_CITY_NAME_KAWA, 2.00, -9999.00, -9999.00, -9999.00, -9999.00, 125.85, -9999.00, -9999.00, -9999.00, -9999.00, 1041.59
46, 7, LOC_CITY_NAME_JERUSALEM, 3.00, -9999.00, -9999.00, -9999.00, -9999.00, -9999.00, -9999.00, -9999.00, -9999.00, -9999.00, -9999.00
46, 7, LOC_CITY_NAME_SALVADOR, 3.00, -9999.00, -9999.00, -9999.00, -9999.00, -9999.00, -9999.00, -9999.00, -9999.00, -9999.00, -9999.00
46, 7, LOC_CITY_NAME_EL_KURRU, 2.00, -9999.00, 368.06, -9999.00, -9999.00, 133.71, -9999.00, -9999.00, -9999.00, -9999.00, -9999.00
46, 7, LOC_CITY_NAME_VATICAN_CITY, -9999.00, -9999.00, -9999.00, -9999.00, -9999.00, -9999.00, -9999.00, -9999.00, 0.00, -9999.00, -9999.00
46, 7, LOC_CITY_NAME_PRESLAV, -9999.00, -9999.00, -9999.00, -9999.00, -9999.00, -9999.00, -9999.00, -9999.00, 0.00, -9999.00, -9999.00
46, 7, LOC_CITY_NAME_HEIDELBERG, -9999.00, -9999.00, -9999.00, -9999.00, -9999.00, -9999.00, -9999.00, -9999.00, -9999.00, -9999.00, -9999.00
46, 7, LOC_CITY_NAME_METHONE, 2.00, -9999.00, -9999.00, -9999.00, -9999.00, -9999.00, -9999.00, -9999.00, -9999.00, -9999.00, -9999.00
46, 7, LOC_CITY_NAME_AKHETATEN, 0.00, -9999.00, 368.06, -9999.00, -9999.00, -9999.00, -9999.00, -9999.00, -9999.00, -9999.00, 325.11
46, 7, LOC_CITY_NAME_BUENOS_AIRES, 2.00, -9999.00, -9999.00, -9999.00, -9999.00, -9999.00, -9999.00, -9999.00, -9999.00, -9999.00, -9999.00
46, 7, LOC_CITY_NAME_BABYLON, -9999.00, -9999.00, -9999.00, -9999.00, -9999.00, -9999.00, -9999.00, -9999.00, 0.00, -9999.00, -9999.00
46, 7, LOC_CITY_NAME_QASR_IBRIM, 2.00, -9999.00, 368.06, -9999.00, -9999.00, -9999.00, -9999.00, -9999.00, -9999.00, -9999.00, -9999.00
46, 7, LOC_CITY_NAME_HEH, 2.00, -9999.00, -9999.00, -9999.00, -9999.00, -9999.00, -9999.00, -9999.00, -9999.00, -9999.00, 200.00
46, 7, LOC_CITY_NAME_SHAAT, 2.00, -9999.00, -9999.00, -9999.00, -9999.00, 47.18, -9999.00, -9999.00, -9999.00, -9999.00, -9999.00
46, 7, LOC_CITY_NAME_SEDEINGA, 2.00, -9999.00, 368.06, -9999.00, 0.00, -9999.00, -9999.00, -9999.00, -9999.00, -9999.00, 1384.95
46, 7, LOC_CITY_DONG_HOI, 0.00, -9999.00, -9999.00, -9999.00, -9999.00, -9999.00, -9999.00, -9999.00, -9999.00, -9999.00, -9999.00
46, 7, LOC_CITY_NAME_BRUNDISIUM, 2.00, -9999.00, -9999.00, -9999.00, -9999.00, -9999.00, -9999.00, -9999.00, -9999.00, -9999.00, -9999.00
46, 7, LOC_CITY_NAME_PORTO_ALEGRE, 3.00, -9999.00, -9999.00, -9999.00, -9999.00, -9999.00, -9999.00, -9999.00, -9999.00, -9999.00, -9999.00
46, 7, LOC_CITY_NAME_MAINZ, -9999.00, -9999.00, -9999.00, -9999.00, -9999.00, -9999.00, -9999.00, -9999.00, -9999.00, -9999.00, -9999.00
46, 7, LOC_CITY_NAME_NURI, 2.00, -9999.00, -9999.00, -9999.00, -9999.00, -9999.00, -9999.00, -9999.00, -9999.00, -9999.00, -9999.00
46, 7, LOC_CITY_NAME_YEREVAN, -9999.00, -9999.00, -9999.00, -9999.00, -9999.00, -9999.00, -9999.00, -9999.00, 0.00, -9999.00, -9999.00
46, 8, LOC_CITY_NAME_AACHEN, 3.00, -9999.00, 62.18, -9999.00, -9999.00, -9999.00, -9999.00, -9999.00, -9999.00, -9999.00, -9999.00
46, 8, LOC_CITY_NAME_RIO_DE_JANEIRO, 3.00, -9999.00, -9999.00, -9999.00, -9999.00, 365.01, -9999.00, -9999.00, -9999.00, -9999.00, -9999.00
46, 8, LOC_CITY_NAME_PELLA, 3.00, -9999.00, -9999.00, -9999.00, 115.94, 115.70, -9999.00, -9999.00, -9999.00, -9999.00, -9999.00
46, 8, LOC_CITY_HA_NOI, -9999.00, -9999.00, -9999.00, -9999.00, -9999.00, -9999.00, -9999.00, -9999.00, -9999.00, -9999.00, -9999.00
46, 8, LOC_CITY_NAME_ROME, 3.00, -9999.00, 59.05, -9999.00, -9999.00, -9999.00, -9999.00, -9999.00, -9999.00, -9999.00, -9999.00
46, 8, LOC_CITY_HUE, -9999.00, -9999.00, -9999.00, -9999.00, -9999.00, -9999.00, -9999.00, -9999.00, -9999.00, -9999.00, -9999.00
46, 8, LOC_CITY_NAME_SAO_PAULO, 3.00, -9999.00, 111.67, -9999.00, -9999.00, -9999.00, -9999.00, -9999.00, -9999.00, -9999.00, -9999.00
46, 8, LOC_CITY_NAME_ALEXANDRIA_TROAS, 3.00, -9999.00, 111.67, -9999.00, -9999.00, -9999.00, -9999.00, -9999.00, -9999.00, -9999.00, -9999.00
46, 8, LOC_CITY_NAME_ARRETIUM, 3.00, -9999.00, 59.05, -9999.00, 115.94, -9999.00, -9999.00, -9999.00, -9999.00, -9999.00, -9999.00
46, 8, LOC_CITY_NAME_MAGDEBURG, 3.00, -9999.00, 62.18, 125.00, -9999.00, -9999.00, -9999.00, -9999.00, -9999.00, -9999.00, -9999.00
46, 8, LOC_CITY_QUANG_TRI, -9999.00, -9999.00, -9999.00, -9999.00, -9999.00, -9999.00, -9999.00, -9999.00, -9999.00, -9999.00, -9999.00
46, 8, LOC_CITY_NAME_ARPINUM, 3.00, -9999.00, 59.05, -9999.00, -9999.00, -9999.00, -9999.00, -9999.00, -9999.00, -9999.00, -9999.00
46, 8, LOC_CITY_NAME_VILNIUS, -9999.00, -9999.00, -9999.00, -9999.00, -9999.00, -9999.00, -9999.00, -9999.00, 0.00, -9999.00, -9999.00
46, 8, LOC_CITY_NAME_FORTALEZA, 3.00, -9999.00, -9999.00, -9999.00, -9999.00, -9999.00, -9999.00, -9999.00, -9999.00, -9999.00, -9999.00
46, 8, LOC_CITY_NAME_CHALKIDIKI, 3.00, -9999.00, 111.67, -9999.00, -9999.00, -9999.00, -9999.00, -9999.00, -9999.00, -9999.00, -9999.00
46, 8, LOC_CITY_NAME_COLOGNE, 3.00, -9999.00, 62.18, 125.00, -9999.00, -9999.00, -9999.00, -9999.00, -9999.00, -9999.00, -9999.00
46, 8, LOC_CITY_HOI_AN, -9999.00, -9999.00, -9999.00, -9999.00, -9999.00, -9999.00, -9999.00, -9999.00, -9999.00, -9999.00, -9999.00
46, 8, LOC_CITY_NAME_KERMA, 2.00, -9999.00, 88.26, -9999.00, -9999.00, -9999.00, -9999.00, -9999.00, -9999.00, -9999.00, 2221.33
46, 8, LOC_CITY_NAME_LUGDUNUM, 3.00, -9999.00, -9999.00, -9999.00, -9999.00, -9999.00, -9999.00, -9999.00, -9999.00, -9999.00, -9999.00
46, 8, LOC_CITY_NAME_BABYLON_STK, 0.00, -9999.00, 34.43, -9999.00, -9999.00, -9999.00, -9999.00, -9999.00, -9999.00, -9999.00, 1855.84
46, 8, LOC_CITY_NAME_ALEXANDRIA_LATMUS, 3.00, -9999.00, 111.67, -9999.00, -9999.00, -9999.00, -9999.00, -9999.00, -9999.00, -9999.00, -9999.00
46, 8, LOC_CITY_NAME_PATNA, 0.00, -9999.00, -9999.00, 125.00, -9999.00, 236.84, -9999.00, -9999.00, -9999.00, -9999.00, 1594.75
46, 8, LOC_CITY_NAME_CURITIBA, 3.00, -9999.00, -9999.00, -9999.00, -9999.00, -9999.00, -9999.00, -9999.00, -9999.00, -9999.00, -9999.00
46, 8, LOC_CITY_NAME_LISBON, -9999.00, -9999.00, -9999.00, -9999.00, -9999.00, -9999.00, -9999.00, -9999.00, 0.00, -9999.00, -9999.00
46, 8, LOC_CITY_NAME_SWENETT, 0.00, -9999.00, 88.26, -9999.00, -9999.00, 210.73, -9999.00, -9999.00, -9999.00, -9999.00, 1221.46
46, 8, LOC_CITY_NAME_BORSIPPA, 0.00, -9999.00, 34.43, -9999.00, 115.94, 172.26, -9999.00, -9999.00, -9999.00, -9999.00, 317.92
46, 8, LOC_CITY_NAME_KARKAR, 0.00, -9999.00, 34.43, -9999.00, -9999.00, 157.90, -9999.00, -9999.00, -9999.00, -9999.00, 402.56
46, 8, LOC_CITY_NAME_CUMAE, 3.00, -9999.00, -9999.00, -9999.00, -9999.00, -9999.00, -9999.00, -9999.00, -9999.00, -9999.00, -9999.00
46, 8, LOC_CITY_NAME_MEROE, 2.00, -9999.00, 88.26, -9999.00, -9999.00, -9999.00, -9999.00, -9999.00, -9999.00, -9999.00, 2055.75
46, 8, LOC_CITY_NAME_KUMASI, -9999.00, -9999.00, -9999.00, -9999.00, -9999.00, -9999.00, -9999.00, -9999.00, 0.00, -9999.00, -9999.00
46, 8, LOC_CITY_NAME_MEMPHIS, 0.00, -9999.00, 88.26, -9999.00, -9999.00, 100.47, -9999.00, -9999.00, -9999.00, -9999.00, 1348.36
46, 8, LOC_CITY_NAME_JOHANNESBURG, -9999.00, -9999.00, -9999.00, -9999.00, -9999.00, -9999.00, -9999.00, -9999.00, 0.00, -9999.00, -9999.00
46, 8, LOC_CITY_NAME_DORTMUND, 3.00, -9999.00, -9999.00, -9999.00, -9999.00, -9999.00, -9999.00, -9999.00, -9999.00, -9999.00, -9999.00
46, 8, LOC_CITY_HOA_LU, -9999.00, -9999.00, -9999.00, -9999.00, -9999.00, -9999.00, -9999.00, -9999.00, -9999.00, -9999.00, -9999.00
46, 8, LOC_CITY_NAME_FEZ, 3.00, -9999.00, -9999.00, -9999.00, -9999.00, -9999.00, -9999.00, -9999.00, -9999.00, -9999.00, -9999.00
46, 8, LOC_CITY_NAME_KAWA, 2.00, -9999.00, -9999.00, -9999.00, -9999.00, 114.83, -9999.00, -9999.00, -9999.00, -9999.00, 946.36
46, 8, LOC_CITY_NAME_JERUSALEM, 3.00, -9999.00, -9999.00, -9999.00, -9999.00, -9999.00, -9999.00, -9999.00, -9999.00, -9999.00, -9999.00
46, 8, LOC_CITY_NAME_SALVADOR, 3.00, -9999.00, -9999.00, -9999.00, -9999.00, -9999.00, -9999.00, -9999.00, -9999.00, -9999.00, -9999.00
46, 8, LOC_CITY_NAME_EL_KURRU, 2.00, -9999.00, 88.26, -9999.00, -9999.00, 122.01, -9999.00, -9999.00, -9999.00, -9999.00, -9999.00
46, 8, LOC_CITY_NAME_VATICAN_CITY, -9999.00, -9999.00, -9999.00, -9999.00, -9999.00, -9999.00, -9999.00, -9999.00, 0.00, -9999.00, -9999.00
46, 8, LOC_CITY_NAME_HEIDELBERG, 3.00, -9999.00, -9999.00, -9999.00, -9999.00, -9999.00, -9999.00, -9999.00, -9999.00, -9999.00, -9999.00
46, 8, LOC_CITY_NAME_PRESLAV, -9999.00, -9999.00, -9999.00, -9999.00, -9999.00, -9999.00, -9999.00, -9999.00, 0.00, -9999.00, -9999.00
46, 8, LOC_CITY_NAME_METHONE, 3.00, -9999.00, -9999.00, -9999.00, -9999.00, -9999.00, -9999.00, -9999.00, -9999.00, -9999.00, -9999.00
46, 8, LOC_CITY_NAME_AKHETATEN, 0.00, -9999.00, 88.26, -9999.00, -9999.00, -9999.00, -9999.00, -9999.00, -9999.00, -9999.00, 288.50
46, 8, LOC_CITY_NAME_BUENOS_AIRES, 3.00, -9999.00, -9999.00, -9999.00, -9999.00, -9999.00, -9999.00, -9999.00, -9999.00, -9999.00, -9999.00
46, 8, LOC_CITY_NAME_BABYLON, -9999.00, -9999.00, -9999.00, -9999.00, -9999.00, -9999.00, -9999.00, -9999.00, 0.00, -9999.00, -9999.00
46, 8, LOC_CITY_NAME_QASR_IBRIM, 2.00, -9999.00, 88.26, -9999.00, -9999.00, -9999.00, -9999.00, -9999.00, -9999.00, -9999.00, -9999.00
46, 8, LOC_CITY_NAME_HEH, 2.00, -9999.00, -9999.00, -9999.00, -9999.00, -9999.00, -9999.00, -9999.00, -9999.00, -9999.00, 200.00
46, 8, LOC_CITY_DONG_HOI, -9999.00, -9999.00, -9999.00, -9999.00, -9999.00, -9999.00, -9999.00, -9999.00, -9999.00, -9999.00, -9999.00
46, 8, LOC_CITY_NAME_SHAAT, 2.00, -9999.00, -9999.00, -9999.00, -9999.00, 43.04, -9999.00, -9999.00, -9999.00, -9999.00, -9999.00
46, 8, LOC_CITY_NAME_SEDEINGA, 2.00, -9999.00, 88.26, -9999.00, 0.00, -9999.00, -9999.00, -9999.00, -9999.00, -9999.00, 1313.99
46, 8, LOC_CITY_NAME_BRUNDISIUM, 3.00, -9999.00, -9999.00, -9999.00, -9999.00, -9999.00, -9999.00, -9999.00, -9999.00, -9999.00, -9999.00
46, 8, LOC_CITY_NAME_PORTO_ALEGRE, 3.00, -9999.00, 111.67, -9999.00, -9999.00, -9999.00, -9999.00, -9999.00, -9999.00, -9999.00, -9999.00
46, 8, LOC_CITY_NAME_MAINZ, 3.00, -9999.00, -9999.00, -9999.00, -9999.00, -9999.00, -9999.00, -9999.00, -9999.00, -9999.00, -9999.00
46, 8, LOC_CITY_NAME_NURI, 2.00, -9999.00, -9999.00, -9999.00, -9999.00, -9999.00, -9999.00, -9999.00, -9999.00, -9999.00, -9999.00
46, 8, LOC_CITY_NAME_YEREVAN, -9999.00, -9999.00, -9999.00, -9999.00, -9999.00, -9999.00, -9999.00, -9999.00, 0.00, -9999.00, -9999.00
46, 9, LOC_CITY_HA_NOI, 2.00, -9999.00, 292.71, -9999.00, -9999.00, -9999.00, -9999.00, -9999.00, -9999.00, -9999.00, -9999.00
46, 9, LOC_CITY_NAME_AACHEN, 1.00, -9999.00, 292.71, -9999.00, -9999.00, -9999.00, -9999.00, -9999.00, -9999.00, -9999.00, -9999.00
46, 9, LOC_CITY_NAME_RIO_DE_JANEIRO, 3.00, -9999.00, -9999.00, -9999.00, -9999.00, 412.02, -9999.00, -9999.00, -9999.00, -9999.00, -9999.00
46, 9, LOC_CITY_NAME_PELLA, 1.00, -9999.00, -9999.00, -9999.00, 115.94, 130.60, -9999.00, -9999.00, -9999.00, -9999.00, -9999.00
46, 9, LOC_CITY_NAME_ROME, -9999.00, -9999.00, -9999.00, -9999.00, -9999.00, -9999.00, -9999.00, -9999.00, -9999.00, -9999.00, -9999.00
46, 9, LOC_CITY_HUE, 2.00, -9999.00, -9999.00, -9999.00, -9999.00, -9999.00, -9999.00, -9999.00, -9999.00, -9999.00, -9999.00
46, 9, LOC_CITY_NAME_SAO_PAULO, 3.00, -9999.00, -9999.00, -9999.00, -9999.00, -9999.00, -9999.00, -9999.00, -9999.00, -9999.00, -9999.00
46, 9, LOC_CITY_NAME_ALEXANDRIA_TROAS, 1.00, -9999.00, 84.82, -9999.00, -9999.00, -9999.00, -9999.00, -9999.00, -9999.00, -9999.00, -9999.00
46, 9, LOC_CITY_NAME_ARRETIUM, -9999.00, -9999.00, -9999.00, -9999.00, -9999.00, -9999.00, -9999.00, -9999.00, -9999.00, -9999.00, -9999.00
46, 9, LOC_CITY_QUANG_TRI, 2.00, -9999.00, 292.71, -9999.00, 115.94, -9999.00, -9999.00, -9999.00, -9999.00, -9999.00, -9999.00
46, 9, LOC_CITY_NAME_MAGDEBURG, 1.00, -9999.00, 292.71, 125.00, -9999.00, -9999.00, -9999.00, -9999.00, -9999.00, -9999.00, -9999.00
46, 9, LOC_CITY_NAME_ARPINUM, -9999.00, -9999.00, -9999.00, -9999.00, -9999.00, -9999.00, -9999.00, -9999.00, -9999.00, -9999.00, -9999.00
46, 9, LOC_CITY_NAME_VILNIUS, -9999.00, -9999.00, -9999.00, -9999.00, -9999.00, -9999.00, -9999.00, -9999.00, 0.00, -9999.00, -9999.00
46, 9, LOC_CITY_NAME_FORTALEZA, 3.00, -9999.00, -9999.00, -9999.00, -9999.00, -9999.00, -9999.00, -9999.00, -9999.00, -9999.00, -9999.00
46, 9, LOC_CITY_NAME_CHALKIDIKI, 1.00, -9999.00, 84.82, -9999.00, -9999.00, -9999.00, -9999.00, -9999.00, -9999.00, -9999.00, -9999.00
46, 9, LOC_CITY_NAME_COLOGNE, 1.00, -9999.00, 292.71, 125.00, -9999.00, -9999.00, -9999.00, -9999.00, -9999.00, -9999.00, -9999.00
46, 9, LOC_CITY_HOI_AN, 2.00, -9999.00, -9999.00, -9999.00, -9999.00, -9999.00, -9999.00, -9999.00, -9999.00, -9999.00, -9999.00
46, 9, LOC_CITY_NAME_LUGDUNUM, -9999.00, -9999.00, -9999.00, -9999.00, -9999.00, -9999.00, -9999.00, -9999.00, -9999.00, -9999.00, -9999.00
46, 9, LOC_CITY_NAME_KERMA, 2.00, -9999.00, 292.71, -9999.00, -9999.00, -9999.00, -9999.00, -9999.00, -9999.00, -9999.00, 2194.48
46, 9, LOC_CITY_NAME_BABYLON_STK, 0.00, -9999.00, 292.71, -9999.00, -9999.00, -9999.00, -9999.00, -9999.00, -9999.00, -9999.00, 1850.73
46, 9, LOC_CITY_NAME_ALEXANDRIA_LATMUS, 1.00, -9999.00, 84.82, -9999.00, -9999.00, -9999.00, -9999.00, -9999.00, -9999.00, -9999.00, -9999.00
46, 9, LOC_CITY_NAME_PATNA, 0.00, -9999.00, -9999.00, 125.00, -9999.00, 267.34, -9999.00, -9999.00, -9999.00, -9999.00, 1475.48
46, 9, LOC_CITY_NAME_CURITIBA, 3.00, -9999.00, -9999.00, -9999.00, -9999.00, -9999.00, -9999.00, -9999.00, -9999.00, -9999.00, -9999.00
46, 9, LOC_CITY_NAME_LISBON, -9999.00, -9999.00, -9999.00, -9999.00, -9999.00, -9999.00, -9999.00, -9999.00, 0.00, -9999.00, -9999.00
46, 9, LOC_CITY_NAME_SWENETT, 0.00, -9999.00, 292.71, -9999.00, -9999.00, 237.88, -9999.00, -9999.00, -9999.00, -9999.00, 1202.70
46, 9, LOC_CITY_NAME_BORSIPPA, 0.00, -9999.00, 292.71, -9999.00, 115.94, 194.44, -9999.00, -9999.00, -9999.00, -9999.00, 313.33
46, 9, LOC_CITY_NAME_KARKAR, 0.00, -9999.00, 292.71, -9999.00, -9999.00, 178.23, -9999.00, -9999.00, -9999.00, -9999.00, 401.41
46, 9, LOC_CITY_NAME_MEROE, 2.00, -9999.00, 292.71, -9999.00, -9999.00, -9999.00, -9999.00, -9999.00, -9999.00, -9999.00, 2049.33
46, 9, LOC_CITY_NAME_CUMAE, -9999.00, -9999.00, -9999.00, -9999.00, -9999.00, -9999.00, -9999.00, -9999.00, -9999.00, -9999.00, -9999.00
46, 9, LOC_CITY_NAME_KUMASI, -9999.00, -9999.00, -9999.00, -9999.00, -9999.00, -9999.00, -9999.00, -9999.00, 0.00, -9999.00, -9999.00
46, 9, LOC_CITY_NAME_MEMPHIS, 0.00, -9999.00, 292.71, -9999.00, -9999.00, 113.41, -9999.00, -9999.00, -9999.00, -9999.00, 1324.29
46, 9, LOC_CITY_NAME_JOHANNESBURG, -9999.00, -9999.00, -9999.00, -9999.00, -9999.00, -9999.00, -9999.00, -9999.00, 0.00, -9999.00, -9999.00
46, 9, LOC_CITY_HOA_LU, 2.00, -9999.00, -9999.00, -9999.00, -9999.00, -9999.00, -9999.00, -9999.00, -9999.00, -9999.00, -9999.00
46, 9, LOC_CITY_NAME_DORTMUND, 1.00, -9999.00, -9999.00, -9999.00, -9999.00, -9999.00, -9999.00, -9999.00, -9999.00, -9999.00, -9999.00
46, 9, LOC_CITY_NAME_FEZ, 1.00, -9999.00, -9999.00, -9999.00, -9999.00, -9999.00, -9999.00, -9999.00, -9999.00, -9999.00, -9999.00
46, 9, LOC_CITY_NAME_KAWA, 2.00, -9999.00, -9999.00, -9999.00, -9999.00, 129.62, -9999.00, -9999.00, -9999.00, -9999.00, 922.73
46, 9, LOC_CITY_NAME_JERUSALEM, 3.00, -9999.00, -9999.00, -9999.00, -9999.00, -9999.00, -9999.00, -9999.00, -9999.00, -9999.00, -9999.00
46, 9, LOC_CITY_NAME_SALVADOR, 3.00, -9999.00, -9999.00, -9999.00, -9999.00, -9999.00, -9999.00, -9999.00, -9999.00, -9999.00, -9999.00
46, 9, LOC_CITY_NAME_EL_KURRU, 2.00, -9999.00, 292.71, -9999.00, -9999.00, 137.72, -9999.00, -9999.00, -9999.00, -9999.00, -9999.00
46, 9, LOC_CITY_NAME_VATICAN_CITY, -9999.00, -9999.00, -9999.00, -9999.00, -9999.00, -9999.00, -9999.00, -9999.00, 0.00, -9999.00, -9999.00
46, 9, LOC_CITY_NAME_HEIDELBERG, 1.00, -9999.00, -9999.00, -9999.00, -9999.00, -9999.00, -9999.00, -9999.00, -9999.00, -9999.00, -9999.00
46, 9, LOC_CITY_NAME_PRESLAV, -9999.00, -9999.00, -9999.00, -9999.00, -9999.00, -9999.00, -9999.00, -9999.00, 0.00, -9999.00, -9999.00
46, 9, LOC_CITY_NAME_METHONE, 1.00, -9999.00, -9999.00, -9999.00, -9999.00, -9999.00, -9999.00, -9999.00, -9999.00, -9999.00, -9999.00
46, 9, LOC_CITY_NAME_AKHETATEN, 0.00, -9999.00, 292.71, -9999.00, -9999.00, -9999.00, -9999.00, -9999.00, -9999.00, -9999.00, 287.66
46, 9, LOC_CITY_NAME_BUENOS_AIRES, 1.00, -9999.00, -9999.00, -9999.00, -9999.00, -9999.00, -9999.00, -9999.00, -9999.00, -9999.00, -9999.00
46, 9, LOC_CITY_NAME_BABYLON, -9999.00, -9999.00, -9999.00, -9999.00, -9999.00, -9999.00, -9999.00, -9999.00, 0.00, -9999.00, -9999.00
46, 9, LOC_CITY_NAME_QASR_IBRIM, 2.00, -9999.00, 292.71, -9999.00, -9999.00, -9999.00, -9999.00, -9999.00, -9999.00, -9999.00, -9999.00
46, 9, LOC_CITY_NAME_HEH, 2.00, -9999.00, -9999.00, -9999.00, -9999.00, -9999.00, -9999.00, -9999.00, -9999.00, -9999.00, 200.00
46, 9, LOC_CITY_DONG_HOI, 2.00, -9999.00, -9999.00, -9999.00, -9999.00, -9999.00, -9999.00, -9999.00, -9999.00, -9999.00, -9999.00
46, 9, LOC_CITY_NAME_SHAAT, 2.00, -9999.00, -9999.00, -9999.00, -9999.00, 48.59, -9999.00, -9999.00, -9999.00, -9999.00, -9999.00
46, 9, LOC_CITY_NAME_SEDEINGA, 2.00, -9999.00, 292.71, -9999.00, 0.00, -9999.00, -9999.00, -9999.00, -9999.00, -9999.00, 1315.36
46, 9, LOC_CITY_NAME_BRUNDISIUM, -9999.00, -9999.00, -9999.00, -9999.00, -9999.00, -9999.00, -9999.00, -9999.00, -9999.00, -9999.00, -9999.00
46, 9, LOC_CITY_NAME_PORTO_ALEGRE, 3.00, -9999.00, -9999.00, -9999.00, -9999.00, -9999.00, -9999.00, -9999.00, -9999.00, -9999.00, -9999.00
46, 9, LOC_CITY_NAME_MAINZ, 1.00, -9999.00, -9999.00, -9999.00, -9999.00, -9999.00, -9999.00, -9999.00, -9999.00, -9999.00, -9999.00
46, 9, LOC_CITY_NAME_NURI, 2.00, -9999.00, -9999.00, -9999.00, -9999.00, -9999.00, -9999.00, -9999.00, -9999.00, -9999.00, -9999.00
46, 9, LOC_CITY_NAME_YEREVAN, -9999.00, -9999.00, -9999.00, -9999.00, -9999.00, -9999.00, -9999.00, -9999.00, 0.00, -9999.00, -9999.00
47, 5, LOC_CITY_NAME_PELLA, -9999.00, -9999.00, -9999.00, -9999.00, -9999.00, -9999.00, -9999.00, -9999.00, -9999.00, -9999.00, -9999.00
47, 5, LOC_CITY_NAME_ROME, 3.00, -9999.00, 83.57, -9999.00, -9999.00, -9999.00, -9999.00, -9999.00, -9999.00, -9999.00, -9999.00
47, 5, LOC_CITY_HA_NOI, 1.00, -9999.00, 292.71, -9999.00, -9999.00, -9999.00, -9999.00, -9999.00, -9999.00, -9999.00, -9999.00
47, 5, LOC_CITY_NAME_AACHEN, 1.00, -9999.00, 292.71, -9999.00, -9999.00, -9999.00, -9999.00, -9999.00, -9999.00, -9999.00, -9999.00
47, 5, LOC_CITY_NAME_RIO_DE_JANEIRO, 3.00, -9999.00, -9999.00, -9999.00, -9999.00, 365.01, -9999.00, -9999.00, -9999.00, -9999.00, -9999.00
47, 5, LOC_CITY_HUE, 1.00, -9999.00, -9999.00, -9999.00, -9999.00, -9999.00, -9999.00, -9999.00, -9999.00, -9999.00, -9999.00
47, 5, LOC_CITY_NAME_ALEXANDRIA_TROAS, -9999.00, -9999.00, -9999.00, -9999.00, -9999.00, -9999.00, -9999.00, -9999.00, -9999.00, -9999.00, -9999.00
47, 5, LOC_CITY_NAME_SAO_PAULO, 3.00, -9999.00, 88.94, -9999.00, -9999.00, -9999.00, -9999.00, -9999.00, -9999.00, -9999.00, -9999.00
47, 5, LOC_CITY_NAME_ARRETIUM, 3.00, -9999.00, 83.57, -9999.00, 135.94, -9999.00, -9999.00, -9999.00, -9999.00, -9999.00, -9999.00
47, 5, LOC_CITY_QUANG_TRI, 1.00, -9999.00, 292.71, -9999.00, 135.94, -9999.00, -9999.00, -9999.00, -9999.00, -9999.00, -9999.00
47, 5, LOC_CITY_NAME_MAGDEBURG, 1.00, -9999.00, 292.71, 125.00, -9999.00, -9999.00, -9999.00, -9999.00, -9999.00, -9999.00, -9999.00
47, 5, LOC_CITY_NAME_ARPINUM, 3.00, -9999.00, 83.57, -9999.00, -9999.00, -9999.00, -9999.00, -9999.00, -9999.00, -9999.00, -9999.00
47, 5, LOC_CITY_NAME_VILNIUS, -9999.00, -9999.00, -9999.00, -9999.00, -9999.00, -9999.00, -9999.00, -9999.00, 0.00, -9999.00, -9999.00
47, 5, LOC_CITY_NAME_CHALKIDIKI, -9999.00, -9999.00, -9999.00, -9999.00, -9999.00, -9999.00, -9999.00, -9999.00, -9999.00, -9999.00, -9999.00
47, 5, LOC_CITY_NAME_FORTALEZA, 3.00, -9999.00, -9999.00, -9999.00, -9999.00, -9999.00, -9999.00, -9999.00, -9999.00, -9999.00, -9999.00
47, 5, LOC_CITY_NAME_COLOGNE, 1.00, -9999.00, 292.71, 125.00, -9999.00, -9999.00, -9999.00, -9999.00, -9999.00, -9999.00, -9999.00
47, 5, LOC_CITY_NAME_KERMA, 2.00, -9999.00, 292.71, -9999.00, -9999.00, -9999.00, -9999.00, -9999.00, -9999.00, -9999.00, 2552.00
47, 5, LOC_CITY_HOI_AN, 1.00, -9999.00, -9999.00, -9999.00, -9999.00, -9999.00, -9999.00, -9999.00, -9999.00, -9999.00, -9999.00
47, 5, LOC_CITY_NAME_LUGDUNUM, 3.00, -9999.00, -9999.00, -9999.00, -9999.00, -9999.00, -9999.00, -9999.00, -9999.00, -9999.00, -9999.00
47, 5, LOC_CITY_NAME_BABYLON_STK, 0.00, -9999.00, 292.71, -9999.00, -9999.00, -9999.00, -9999.00, -9999.00, -9999.00, -9999.00, 2287.79
47, 5, LOC_CITY_NAME_PATNA, 0.00, -9999.00, -9999.00, 125.00, -9999.00, 258.38, -9999.00, -9999.00, -9999.00, -9999.00, 2115.25
47, 5, LOC_CITY_NAME_ALEXANDRIA_LATMUS, -9999.00, -9999.00, -9999.00, -9999.00, -9999.00, -9999.00, -9999.00, -9999.00, -9999.00, -9999.00, -9999.00
47, 5, LOC_CITY_NAME_CURITIBA, 3.00, -9999.00, -9999.00, -9999.00, -9999.00, -9999.00, -9999.00, -9999.00, -9999.00, -9999.00, -9999.00
47, 5, LOC_CITY_NAME_LISBON, -9999.00, -9999.00, -9999.00, -9999.00, -9999.00, -9999.00, -9999.00, -9999.00, 0.00, -9999.00, -9999.00
47, 5, LOC_CITY_NAME_SWENETT, 0.00, -9999.00, 292.71, -9999.00, -9999.00, 226.95, -9999.00, -9999.00, -9999.00, -9999.00, 1472.95
47, 5, LOC_CITY_NAME_BORSIPPA, 0.00, -9999.00, 292.71, -9999.00, 135.94, 172.26, -9999.00, -9999.00, -9999.00, -9999.00, 364.94
47, 5, LOC_CITY_NAME_KARKAR, 0.00, -9999.00, 292.71, -9999.00, -9999.00, 172.26, -9999.00, -9999.00, -9999.00, -9999.00, 533.29
47, 5, LOC_CITY_NAME_CUMAE, 3.00, -9999.00, -9999.00, -9999.00, -9999.00, -9999.00, -9999.00, -9999.00, -9999.00, -9999.00, -9999.00
47, 5, LOC_CITY_NAME_MEROE, 2.00, -9999.00, 292.71, -9999.00, -9999.00, -9999.00, -9999.00, -9999.00, -9999.00, -9999.00, 2598.09
47, 5, LOC_CITY_NAME_KUMASI, -9999.00, -9999.00, -9999.00, -9999.00, -9999.00, -9999.00, -9999.00, -9999.00, 0.00, -9999.00, -9999.00
47, 5, LOC_CITY_NAME_MEMPHIS, 0.00, -9999.00, 292.71, -9999.00, -9999.00, 114.83, -9999.00, -9999.00, -9999.00, -9999.00, 1563.45
47, 5, LOC_CITY_NAME_JOHANNESBURG, -9999.00, -9999.00, -9999.00, -9999.00, -9999.00, -9999.00, -9999.00, -9999.00, 0.00, -9999.00, -9999.00
47, 5, LOC_CITY_HOA_LU, 1.00, -9999.00, -9999.00, -9999.00, -9999.00, -9999.00, -9999.00, -9999.00, -9999.00, -9999.00, -9999.00
47, 5, LOC_CITY_NAME_DORTMUND, 1.00, -9999.00, -9999.00, -9999.00, -9999.00, -9999.00, -9999.00, -9999.00, -9999.00, -9999.00, -9999.00
47, 5, LOC_CITY_NAME_FEZ, -9999.00, -9999.00, -9999.00, -9999.00, -9999.00, -9999.00, -9999.00, -9999.00, -9999.00, -9999.00, -9999.00
47, 5, LOC_CITY_NAME_KAWA, 2.00, -9999.00, -9999.00, -9999.00, -9999.00, 114.83, -9999.00, -9999.00, -9999.00, -9999.00, 1142.50
47, 5, LOC_CITY_NAME_EL_KURRU, 2.00, -9999.00, 292.71, -9999.00, -9999.00, 122.01, -9999.00, -9999.00, -9999.00, -9999.00, -9999.00
47, 5, LOC_CITY_NAME_VATICAN_CITY, -9999.00, -9999.00, -9999.00, -9999.00, -9999.00, -9999.00, -9999.00, -9999.00, 0.00, -9999.00, -9999.00
47, 5, LOC_CITY_NAME_JERUSALEM, 3.00, -9999.00, -9999.00, -9999.00, -9999.00, -9999.00, -9999.00, -9999.00, -9999.00, -9999.00, -9999.00
47, 5, LOC_CITY_NAME_SALVADOR, 3.00, -9999.00, -9999.00, -9999.00, -9999.00, -9999.00, -9999.00, -9999.00, -9999.00, -9999.00, -9999.00
47, 5, LOC_CITY_NAME_PRESLAV, -9999.00, -9999.00, -9999.00, -9999.00, -9999.00, -9999.00, -9999.00, -9999.00, 0.00, -9999.00, -9999.00
47, 5, LOC_CITY_NAME_HEIDELBERG, 1.00, -9999.00, -9999.00, -9999.00, -9999.00, -9999.00, -9999.00, -9999.00, -9999.00, -9999.00, -9999.00
47, 5, LOC_CITY_NAME_AKHETATEN, 0.00, -9999.00, 292.71, -9999.00, -9999.00, -9999.00, -9999.00, -9999.00, -9999.00, -9999.00, 918.16
47, 5, LOC_CITY_NAME_METHONE, -9999.00, -9999.00, -9999.00, -9999.00, -9999.00, -9999.00, -9999.00, -9999.00, -9999.00, -9999.00, -9999.00
47, 5, LOC_CITY_NAME_BUENOS_AIRES, -9999.00, -9999.00, -9999.00, -9999.00, -9999.00, -9999.00, -9999.00, -9999.00, -9999.00, -9999.00, -9999.00
47, 5, LOC_CITY_NAME_BABYLON, -9999.00, -9999.00, -9999.00, -9999.00, -9999.00, -9999.00, -9999.00, -9999.00, 0.00, -9999.00, -9999.00
47, 5, LOC_CITY_NAME_QASR_IBRIM, 2.00, -9999.00, 292.71, -9999.00, -9999.00, -9999.00, -9999.00, -9999.00, -9999.00, -9999.00, -9999.00
47, 5, LOC_CITY_NAME_HEH, 2.00, -9999.00, -9999.00, -9999.00, -9999.00, -9999.00, -9999.00, -9999.00, -9999.00, -9999.00, 200.00
47, 5, LOC_CITY_NAME_SHAAT, 2.00, -9999.00, -9999.00, -9999.00, -9999.00, 40.07, -9999.00, -9999.00, -9999.00, -9999.00, -9999.00
47, 5, LOC_CITY_NAME_SEDEINGA, 2.00, -9999.00, 292.71, -9999.00, 0.00, 129.19, -9999.00, -9999.00, -9999.00, -9999.00, 1792.04
47, 5, LOC_CITY_DONG_HOI, 1.00, -9999.00, -9999.00, -9999.00, -9999.00, -9999.00, -9999.00, -9999.00, -9999.00, -9999.00, -9999.00
47, 5, LOC_CITY_NAME_BRUNDISIUM, 3.00, -9999.00, -9999.00, -9999.00, -9999.00, -9999.00, -9999.00, -9999.00, -9999.00, -9999.00, -9999.00
47, 5, LOC_CITY_NAME_PORTO_ALEGRE, 3.00, -9999.00, 88.94, -9999.00, -9999.00, -9999.00, -9999.00, -9999.00, -9999.00, -9999.00, -9999.00
47, 5, LOC_CITY_NAME_NURI, 2.00, -9999.00, -9999.00, -9999.00, -9999.00, -9999.00, -9999.00, -9999.00, -9999.00, -9999.00, -9999.00
47, 5, LOC_CITY_NAME_MAINZ, 1.00, -9999.00, -9999.00, -9999.00, -9999.00, -9999.00, -9999.00, -9999.00, -9999.00, -9999.00, -9999.00
47, 5, LOC_CITY_NAME_YEREVAN, -9999.00, -9999.00, -9999.00, -9999.00, -9999.00, -9999.00, -9999.00, -9999.00, 0.00, -9999.00, -9999.00
47, 6, LOC_CITY_NAME_PELLA, 1.00, -9999.00, -9999.00, -9999.00, 115.94, 108.88, -9999.00, -9999.00, -9999.00, -9999.00, -9999.00
47, 6, LOC_CITY_NAME_RIO_DE_JANEIRO, -9999.00, -9999.00, -9999.00, -9999.00, -9999.00, -9999.00, -9999.00, -9999.00, -9999.00, -9999.00, -9999.00
47, 6, LOC_CITY_NAME_ROME, 1.00, -9999.00, 0.00, -9999.00, -9999.00, -9999.00, -9999.00, -9999.00, -9999.00, -9999.00, -9999.00
47, 6, LOC_CITY_HA_NOI, 1.00, -9999.00, 292.71, -9999.00, -9999.00, -9999.00, -9999.00, -9999.00, -9999.00, -9999.00, -9999.00
47, 6, LOC_CITY_NAME_AACHEN, 1.00, -9999.00, 292.71, -9999.00, -9999.00, -9999.00, -9999.00, -9999.00, -9999.00, -9999.00, -9999.00
47, 6, LOC_CITY_HUE, 1.00, -9999.00, -9999.00, -9999.00, -9999.00, -9999.00, -9999.00, -9999.00, -9999.00, -9999.00, -9999.00
47, 6, LOC_CITY_NAME_ALEXANDRIA_TROAS, 1.00, -9999.00, 0.00, -9999.00, -9999.00, -9999.00, -9999.00, -9999.00, -9999.00, -9999.00, -9999.00
47, 6, LOC_CITY_NAME_SAO_PAULO, -9999.00, -9999.00, -9999.00, -9999.00, -9999.00, -9999.00, -9999.00, -9999.00, -9999.00, -9999.00, -9999.00
47, 6, LOC_CITY_NAME_ARRETIUM, 1.00, -9999.00, 0.00, -9999.00, 115.94, -9999.00, -9999.00, -9999.00, -9999.00, -9999.00, -9999.00
47, 6, LOC_CITY_QUANG_TRI, 1.00, -9999.00, 292.71, -9999.00, 115.94, -9999.00, -9999.00, -9999.00, -9999.00, -9999.00, -9999.00
47, 6, LOC_CITY_NAME_MAGDEBURG, 1.00, -9999.00, 292.71, 250.00, -9999.00, -9999.00, -9999.00, -9999.00, -9999.00, -9999.00, -9999.00
47, 6, LOC_CITY_NAME_ARPINUM, 1.00, -9999.00, 0.00, -9999.00, -9999.00, -9999.00, -9999.00, -9999.00, -9999.00, -9999.00, -9999.00
47, 6, LOC_CITY_NAME_VILNIUS, -9999.00, -9999.00, -9999.00, -9999.00, -9999.00, -9999.00, -9999.00, -9999.00, 0.00, -9999.00, -9999.00
47, 6, LOC_CITY_NAME_CHALKIDIKI, 1.00, -9999.00, 0.00, -9999.00, -9999.00, -9999.00, -9999.00, -9999.00, -9999.00, -9999.00, -9999.00
47, 6, LOC_CITY_NAME_FORTALEZA, -9999.00, -9999.00, -9999.00, -9999.00, -9999.00, -9999.00, -9999.00, -9999.00, -9999.00, -9999.00, -9999.00
47, 6, LOC_CITY_NAME_COLOGNE, 1.00, -9999.00, 292.71, 250.00, -9999.00, -9999.00, -9999.00, -9999.00, -9999.00, -9999.00, -9999.00
47, 6, LOC_CITY_NAME_KERMA, 2.00, -9999.00, 292.71, -9999.00, -9999.00, -9999.00, -9999.00, -9999.00, -9999.00, -9999.00, 2304.02
47, 6, LOC_CITY_HOI_AN, 1.00, -9999.00, -9999.00, -9999.00, -9999.00, -9999.00, -9999.00, -9999.00, -9999.00, -9999.00, -9999.00
47, 6, LOC_CITY_NAME_LUGDUNUM, 1.00, -9999.00, -9999.00, -9999.00, -9999.00, -9999.00, -9999.00, -9999.00, -9999.00, -9999.00, -9999.00
47, 6, LOC_CITY_NAME_BABYLON_STK, 0.00, -9999.00, 292.71, -9999.00, -9999.00, -9999.00, -9999.00, -9999.00, -9999.00, -9999.00, 1827.62
47, 6, LOC_CITY_NAME_ALEXANDRIA_LATMUS, 1.00, -9999.00, 0.00, -9999.00, -9999.00, -9999.00, -9999.00, -9999.00, -9999.00, -9999.00, -9999.00
47, 6, LOC_CITY_NAME_PATNA, 0.00, -9999.00, -9999.00, 250.00, -9999.00, 258.38, -9999.00, -9999.00, -9999.00, -9999.00, 1787.81
47, 6, LOC_CITY_NAME_CURITIBA, -9999.00, -9999.00, -9999.00, -9999.00, -9999.00, -9999.00, -9999.00, -9999.00, -9999.00, -9999.00, -9999.00
47, 6, LOC_CITY_NAME_LISBON, -9999.00, -9999.00, -9999.00, -9999.00, -9999.00, -9999.00, -9999.00, -9999.00, 0.00, -9999.00, -9999.00
47, 6, LOC_CITY_NAME_SWENETT, 0.00, -9999.00, 292.71, -9999.00, -9999.00, 226.95, -9999.00, -9999.00, -9999.00, -9999.00, 1211.15
47, 6, LOC_CITY_NAME_BORSIPPA, 0.00, -9999.00, 292.71, -9999.00, 115.94, 172.26, -9999.00, -9999.00, -9999.00, -9999.00, 165.19
47, 6, LOC_CITY_NAME_KARKAR, 0.00, -9999.00, 292.71, -9999.00, -9999.00, 172.26, -9999.00, -9999.00, -9999.00, -9999.00, 341.88
47, 6, LOC_CITY_NAME_CUMAE, 1.00, -9999.00, -9999.00, -9999.00, -9999.00, -9999.00, -9999.00, -9999.00, -9999.00, -9999.00, -9999.00
47, 6, LOC_CITY_NAME_MEROE, 2.00, -9999.00, 292.71, -9999.00, -9999.00, -9999.00, -9999.00, -9999.00, -9999.00, -9999.00, 2146.86
47, 6, LOC_CITY_NAME_KUMASI, -9999.00, -9999.00, -9999.00, -9999.00, -9999.00, -9999.00, -9999.00, -9999.00, 0.00, -9999.00, -9999.00
47, 6, LOC_CITY_NAME_MEMPHIS, 0.00, -9999.00, 292.71, -9999.00, -9999.00, 114.83, -9999.00, -9999.00, -9999.00, -9999.00, 1321.82
47, 6, LOC_CITY_NAME_JOHANNESBURG, -9999.00, -9999.00, -9999.00, -9999.00, -9999.00, -9999.00, -9999.00, -9999.00, 0.00, -9999.00, -9999.00
47, 6, LOC_CITY_HOA_LU, 1.00, -9999.00, -9999.00, -9999.00, -9999.00, -9999.00, -9999.00, -9999.00, -9999.00, -9999.00, -9999.00
47, 6, LOC_CITY_NAME_DORTMUND, 1.00, -9999.00, -9999.00, -9999.00, -9999.00, -9999.00, -9999.00, -9999.00, -9999.00, -9999.00, -9999.00
47, 6, LOC_CITY_NAME_FEZ, 1.00, -9999.00, -9999.00, -9999.00, -9999.00, -9999.00, -9999.00, -9999.00, -9999.00, -9999.00, -9999.00
47, 6, LOC_CITY_NAME_KAWA, 2.00, -9999.00, -9999.00, -9999.00, -9999.00, 114.83, -9999.00, -9999.00, -9999.00, -9999.00, 937.15
47, 6, LOC_CITY_NAME_JERUSALEM, -9999.00, -9999.00, -9999.00, -9999.00, -9999.00, -9999.00, -9999.00, -9999.00, -9999.00, -9999.00, -9999.00
47, 6, LOC_CITY_NAME_SALVADOR, -9999.00, -9999.00, -9999.00, -9999.00, -9999.00, -9999.00, -9999.00, -9999.00, -9999.00, -9999.00, -9999.00
47, 6, LOC_CITY_NAME_EL_KURRU, 2.00, -9999.00, 292.71, -9999.00, -9999.00, 122.01, -9999.00, -9999.00, -9999.00, -9999.00, -9999.00
47, 6, LOC_CITY_NAME_VATICAN_CITY, -9999.00, -9999.00, -9999.00, -9999.00, -9999.00, -9999.00, -9999.00, -9999.00, 0.00, -9999.00, -9999.00
47, 6, LOC_CITY_NAME_PRESLAV, -9999.00, -9999.00, -9999.00, -9999.00, -9999.00, -9999.00, -9999.00, -9999.00, 0.00, -9999.00, -9999.00
47, 6, LOC_CITY_NAME_HEIDELBERG, 1.00, -9999.00, -9999.00, -9999.00, -9999.00, -9999.00, -9999.00, -9999.00, -9999.00, -9999.00, -9999.00
47, 6, LOC_CITY_NAME_METHONE, 1.00, -9999.00, -9999.00, -9999.00, -9999.00, -9999.00, -9999.00, -9999.00, -9999.00, -9999.00, -9999.00
47, 6, LOC_CITY_NAME_AKHETATEN, 0.00, -9999.00, 292.71, -9999.00, -9999.00, -9999.00, -9999.00, -9999.00, -9999.00, -9999.00, 513.41
47, 6, LOC_CITY_NAME_BUENOS_AIRES, 1.00, -9999.00, -9999.00, -9999.00, -9999.00, -9999.00, -9999.00, -9999.00, -9999.00, -9999.00, -9999.00
47, 6, LOC_CITY_NAME_BABYLON, -9999.00, -9999.00, -9999.00, -9999.00, -9999.00, -9999.00, -9999.00, -9999.00, 0.00, -9999.00, -9999.00
47, 6, LOC_CITY_NAME_QASR_IBRIM, 2.00, -9999.00, 292.71, -9999.00, -9999.00, -9999.00, -9999.00, -9999.00, -9999.00, -9999.00, -9999.00
47, 6, LOC_CITY_NAME_HEH, 2.00, -9999.00, -9999.00, -9999.00, -9999.00, -9999.00, -9999.00, -9999.00, -9999.00, -9999.00, 200.00
47, 6, LOC_CITY_NAME_SHAAT, 2.00, -9999.00, -9999.00, -9999.00, -9999.00, 40.07, -9999.00, -9999.00, -9999.00, -9999.00, -9999.00
47, 6, LOC_CITY_NAME_SEDEINGA, 2.00, -9999.00, 292.71, -9999.00, 0.00, 129.19, -9999.00, -9999.00, -9999.00, -9999.00, 1518.02
47, 6, LOC_CITY_DONG_HOI, 1.00, -9999.00, -9999.00, -9999.00, -9999.00, -9999.00, -9999.00, -9999.00, -9999.00, -9999.00, -9999.00
47, 6, LOC_CITY_NAME_BRUNDISIUM, 1.00, -9999.00, -9999.00, -9999.00, -9999.00, -9999.00, -9999.00, -9999.00, -9999.00, -9999.00, -9999.00
47, 6, LOC_CITY_NAME_PORTO_ALEGRE, -9999.00, -9999.00, -9999.00, -9999.00, -9999.00, -9999.00, -9999.00, -9999.00, -9999.00, -9999.00, -9999.00
47, 6, LOC_CITY_NAME_NURI, 2.00, -9999.00, -9999.00, -9999.00, -9999.00, -9999.00, -9999.00, -9999.00, -9999.00, -9999.00, -9999.00
47, 6, LOC_CITY_NAME_MAINZ, 1.00, -9999.00, -9999.00, -9999.00, -9999.00, -9999.00, -9999.00, -9999.00, -9999.00, -9999.00, -9999.00
47, 6, LOC_CITY_NAME_YEREVAN, -9999.00, -9999.00, -9999.00, -9999.00, -9999.00, -9999.00, -9999.00, -9999.00, 0.00, -9999.00, -9999.00
47, 7, LOC_CITY_NAME_RIO_DE_JANEIRO, 3.00, -9999.00, -9999.00, -9999.00, -9999.00, 395.77, -9999.00, -9999.00, -9999.00, -9999.00, -9999.00
47, 7, LOC_CITY_NAME_PELLA, 2.00, -9999.00, -9999.00, -9999.00, 115.94, 119.33, -9999.00, -9999.00, -9999.00, -9999.00, -9999.00
47, 7, LOC_CITY_NAME_AACHEN, -9999.00, -9999.00, -9999.00, -9999.00, -9999.00, -9999.00, -9999.00, -9999.00, -9999.00, -9999.00, -9999.00
47, 7, LOC_CITY_NAME_ROME, 2.00, -9999.00, 105.41, -9999.00, -9999.00, -9999.00, -9999.00, -9999.00, -9999.00, -9999.00, -9999.00
47, 7, LOC_CITY_HA_NOI, 0.00, -9999.00, 106.04, -9999.00, -9999.00, -9999.00, -9999.00, -9999.00, -9999.00, -9999.00, -9999.00
47, 7, LOC_CITY_HUE, 0.00, -9999.00, -9999.00, -9999.00, -9999.00, -9999.00, -9999.00, -9999.00, -9999.00, -9999.00, -9999.00
47, 7, LOC_CITY_NAME_SAO_PAULO, 3.00, -9999.00, -9999.00, -9999.00, -9999.00, -9999.00, -9999.00, -9999.00, -9999.00, -9999.00, -9999.00
47, 7, LOC_CITY_NAME_ALEXANDRIA_TROAS, 2.00, -9999.00, 106.04, -9999.00, -9999.00, -9999.00, -9999.00, -9999.00, -9999.00, -9999.00, -9999.00
47, 7, LOC_CITY_NAME_ARRETIUM, 2.00, -9999.00, 105.41, -9999.00, 115.94, -9999.00, -9999.00, -9999.00, -9999.00, -9999.00, -9999.00
47, 7, LOC_CITY_NAME_MAGDEBURG, -9999.00, -9999.00, -9999.00, -9999.00, -9999.00, -9999.00, -9999.00, -9999.00, -9999.00, -9999.00, -9999.00
47, 7, LOC_CITY_QUANG_TRI, 0.00, -9999.00, 106.04, -9999.00, 115.94, -9999.00, -9999.00, -9999.00, -9999.00, -9999.00, -9999.00
47, 7, LOC_CITY_NAME_ARPINUM, 2.00, -9999.00, 105.41, -9999.00, -9999.00, -9999.00, -9999.00, -9999.00, -9999.00, -9999.00, -9999.00
47, 7, LOC_CITY_NAME_VILNIUS, -9999.00, -9999.00, -9999.00, -9999.00, -9999.00, -9999.00, -9999.00, -9999.00, 0.00, -9999.00, -9999.00
47, 7, LOC_CITY_NAME_FORTALEZA, 3.00, -9999.00, -9999.00, -9999.00, -9999.00, -9999.00, -9999.00, -9999.00, -9999.00, -9999.00, -9999.00
47, 7, LOC_CITY_NAME_CHALKIDIKI, 2.00, -9999.00, 106.04, -9999.00, -9999.00, -9999.00, -9999.00, -9999.00, -9999.00, -9999.00, -9999.00
47, 7, LOC_CITY_NAME_COLOGNE, -9999.00, -9999.00, -9999.00, -9999.00, -9999.00, -9999.00, -9999.00, -9999.00, -9999.00, -9999.00, -9999.00
47, 7, LOC_CITY_NAME_KERMA, 2.00, -9999.00, 349.89, -9999.00, -9999.00, -9999.00, -9999.00, -9999.00, -9999.00, -9999.00, 2445.33
47, 7, LOC_CITY_HOI_AN, 0.00, -9999.00, -9999.00, -9999.00, -9999.00, -9999.00, -9999.00, -9999.00, -9999.00, -9999.00, -9999.00
47, 7, LOC_CITY_NAME_LUGDUNUM, 2.00, -9999.00, -9999.00, -9999.00, -9999.00, -9999.00, -9999.00, -9999.00, -9999.00, -9999.00, -9999.00
47, 7, LOC_CITY_NAME_BABYLON_STK, 0.00, -9999.00, 76.55, -9999.00, -9999.00, -9999.00, -9999.00, -9999.00, -9999.00, -9999.00, 1931.62
47, 7, LOC_CITY_NAME_ALEXANDRIA_LATMUS, 2.00, -9999.00, 106.04, -9999.00, -9999.00, -9999.00, -9999.00, -9999.00, -9999.00, -9999.00, -9999.00
47, 7, LOC_CITY_NAME_PATNA, 0.00, -9999.00, -9999.00, 399.41, -9999.00, 283.17, -9999.00, -9999.00, -9999.00, -9999.00, 1899.96
47, 7, LOC_CITY_NAME_CURITIBA, 3.00, -9999.00, -9999.00, -9999.00, -9999.00, -9999.00, -9999.00, -9999.00, -9999.00, -9999.00, -9999.00
47, 7, LOC_CITY_NAME_LISBON, -9999.00, -9999.00, -9999.00, -9999.00, -9999.00, -9999.00, -9999.00, -9999.00, 0.00, -9999.00, -9999.00
47, 7, LOC_CITY_NAME_SWENETT, 0.00, -9999.00, 349.89, -9999.00, -9999.00, 248.73, -9999.00, -9999.00, -9999.00, -9999.00, 1252.71
47, 7, LOC_CITY_NAME_BORSIPPA, 0.00, -9999.00, 76.55, -9999.00, 115.94, 188.79, -9999.00, -9999.00, -9999.00, -9999.00, 183.89
47, 7, LOC_CITY_NAME_KARKAR, 0.00, -9999.00, 76.55, -9999.00, -9999.00, 188.79, -9999.00, -9999.00, -9999.00, -9999.00, 346.55
47, 7, LOC_CITY_NAME_CUMAE, 2.00, -9999.00, -9999.00, -9999.00, -9999.00, -9999.00, -9999.00, -9999.00, -9999.00, -9999.00, -9999.00
47, 7, LOC_CITY_NAME_MEROE, 2.00, -9999.00, 349.89, -9999.00, -9999.00, -9999.00, -9999.00, -9999.00, -9999.00, -9999.00, 2293.98
47, 7, LOC_CITY_NAME_KUMASI, -9999.00, -9999.00, -9999.00, -9999.00, -9999.00, -9999.00, -9999.00, -9999.00, 0.00, -9999.00, -9999.00
47, 7, LOC_CITY_NAME_MEMPHIS, 0.00, -9999.00, 349.89, -9999.00, -9999.00, 125.85, -9999.00, -9999.00, -9999.00, -9999.00, 1390.40
47, 7, LOC_CITY_NAME_JOHANNESBURG, -9999.00, -9999.00, -9999.00, -9999.00, -9999.00, -9999.00, -9999.00, -9999.00, 0.00, -9999.00, -9999.00
47, 7, LOC_CITY_NAME_DORTMUND, -9999.00, -9999.00, -9999.00, -9999.00, -9999.00, -9999.00, -9999.00, -9999.00, -9999.00, -9999.00, -9999.00
47, 7, LOC_CITY_HOA_LU, 0.00, -9999.00, -9999.00, -9999.00, -9999.00, -9999.00, -9999.00, -9999.00, -9999.00, -9999.00, -9999.00
47, 7, LOC_CITY_NAME_FEZ, 2.00, -9999.00, -9999.00, -9999.00, -9999.00, -9999.00, -9999.00, -9999.00, -9999.00, -9999.00, -9999.00
47, 7, LOC_CITY_NAME_KAWA, 2.00, -9999.00, -9999.00, -9999.00, -9999.00, 125.85, -9999.00, -9999.00, -9999.00, -9999.00, 989.83
47, 7, LOC_CITY_NAME_JERUSALEM, 3.00, -9999.00, -9999.00, -9999.00, -9999.00, -9999.00, -9999.00, -9999.00, -9999.00, -9999.00, -9999.00
47, 7, LOC_CITY_NAME_SALVADOR, 3.00, -9999.00, -9999.00, -9999.00, -9999.00, -9999.00, -9999.00, -9999.00, -9999.00, -9999.00, -9999.00
47, 7, LOC_CITY_NAME_EL_KURRU, 2.00, -9999.00, 349.89, -9999.00, -9999.00, 133.71, -9999.00, -9999.00, -9999.00, -9999.00, -9999.00
47, 7, LOC_CITY_NAME_VATICAN_CITY, -9999.00, -9999.00, -9999.00, -9999.00, -9999.00, -9999.00, -9999.00, -9999.00, 0.00, -9999.00, -9999.00
47, 7, LOC_CITY_NAME_PRESLAV, -9999.00, -9999.00, -9999.00, -9999.00, -9999.00, -9999.00, -9999.00, -9999.00, 0.00, -9999.00, -9999.00
47, 7, LOC_CITY_NAME_HEIDELBERG, -9999.00, -9999.00, -9999.00, -9999.00, -9999.00, -9999.00, -9999.00, -9999.00, -9999.00, -9999.00, -9999.00
47, 7, LOC_CITY_NAME_METHONE, 2.00, -9999.00, -9999.00, -9999.00, -9999.00, -9999.00, -9999.00, -9999.00, -9999.00, -9999.00, -9999.00
47, 7, LOC_CITY_NAME_AKHETATEN, 0.00, -9999.00, 349.89, -9999.00, -9999.00, -9999.00, -9999.00, -9999.00, -9999.00, -9999.00, 529.61
47, 7, LOC_CITY_NAME_BUENOS_AIRES, 2.00, -9999.00, -9999.00, -9999.00, -9999.00, -9999.00, -9999.00, -9999.00, -9999.00, -9999.00, -9999.00
47, 7, LOC_CITY_NAME_BABYLON, -9999.00, -9999.00, -9999.00, -9999.00, -9999.00, -9999.00, -9999.00, -9999.00, 0.00, -9999.00, -9999.00
47, 7, LOC_CITY_NAME_QASR_IBRIM, 2.00, -9999.00, 349.89, -9999.00, -9999.00, -9999.00, -9999.00, -9999.00, -9999.00, -9999.00, -9999.00
47, 7, LOC_CITY_NAME_HEH, 2.00, -9999.00, -9999.00, -9999.00, -9999.00, -9999.00, -9999.00, -9999.00, -9999.00, -9999.00, 200.00
47, 7, LOC_CITY_NAME_SHAAT, 2.00, -9999.00, -9999.00, -9999.00, -9999.00, 43.92, -9999.00, -9999.00, -9999.00, -9999.00, -9999.00
47, 7, LOC_CITY_NAME_SEDEINGA, 2.00, -9999.00, 349.89, -9999.00, 0.00, 141.58, -9999.00, -9999.00, -9999.00, -9999.00, 1605.30
47, 7, LOC_CITY_DONG_HOI, 0.00, -9999.00, -9999.00, -9999.00, -9999.00, -9999.00, -9999.00, -9999.00, -9999.00, -9999.00, -9999.00
47, 7, LOC_CITY_NAME_BRUNDISIUM, 2.00, -9999.00, -9999.00, -9999.00, -9999.00, -9999.00, -9999.00, -9999.00, -9999.00, -9999.00, -9999.00
47, 7, LOC_CITY_NAME_PORTO_ALEGRE, 3.00, -9999.00, -9999.00, -9999.00, -9999.00, -9999.00, -9999.00, -9999.00, -9999.00, -9999.00, -9999.00
47, 7, LOC_CITY_NAME_MAINZ, -9999.00, -9999.00, -9999.00, -9999.00, -9999.00, -9999.00, -9999.00, -9999.00, -9999.00, -9999.00, -9999.00
47, 7, LOC_CITY_NAME_NURI, 2.00, -9999.00, -9999.00, -9999.00, -9999.00, -9999.00, -9999.00, -9999.00, -9999.00, -9999.00, -9999.00
47, 7, LOC_CITY_NAME_YEREVAN, -9999.00, -9999.00, -9999.00, -9999.00, -9999.00, -9999.00, -9999.00, -9999.00, 0.00, -9999.00, -9999.00
47, 8, LOC_CITY_NAME_AACHEN, 3.00, -9999.00, 66.54, -9999.00, -9999.00, -9999.00, -9999.00, -9999.00, -9999.00, -9999.00, -9999.00
47, 8, LOC_CITY_NAME_RIO_DE_JANEIRO, 3.00, -9999.00, -9999.00, -9999.00, -9999.00, 361.12, -9999.00, -9999.00, -9999.00, -9999.00, -9999.00
47, 8, LOC_CITY_NAME_PELLA, 3.00, -9999.00, -9999.00, -9999.00, 115.94, 108.88, -9999.00, -9999.00, -9999.00, -9999.00, -9999.00
47, 8, LOC_CITY_HA_NOI, -9999.00, -9999.00, -9999.00, -9999.00, -9999.00, -9999.00, -9999.00, -9999.00, -9999.00, -9999.00, -9999.00
47, 8, LOC_CITY_NAME_ROME, 3.00, -9999.00, 94.95, -9999.00, -9999.00, -9999.00, -9999.00, -9999.00, -9999.00, -9999.00, -9999.00
47, 8, LOC_CITY_HUE, -9999.00, -9999.00, -9999.00, -9999.00, -9999.00, -9999.00, -9999.00, -9999.00, -9999.00, -9999.00, -9999.00
47, 8, LOC_CITY_NAME_SAO_PAULO, 3.00, -9999.00, 111.67, -9999.00, -9999.00, -9999.00, -9999.00, -9999.00, -9999.00, -9999.00, -9999.00
47, 8, LOC_CITY_NAME_ALEXANDRIA_TROAS, 3.00, -9999.00, 111.67, -9999.00, -9999.00, -9999.00, -9999.00, -9999.00, -9999.00, -9999.00, -9999.00
47, 8, LOC_CITY_NAME_ARRETIUM, 3.00, -9999.00, 94.95, -9999.00, 115.94, -9999.00, -9999.00, -9999.00, -9999.00, -9999.00, -9999.00
47, 8, LOC_CITY_NAME_MAGDEBURG, 3.00, -9999.00, 66.54, 125.00, -9999.00, -9999.00, -9999.00, -9999.00, -9999.00, -9999.00, -9999.00
47, 8, LOC_CITY_QUANG_TRI, -9999.00, -9999.00, -9999.00, -9999.00, -9999.00, -9999.00, -9999.00, -9999.00, -9999.00, -9999.00, -9999.00
47, 8, LOC_CITY_NAME_ARPINUM, 3.00, -9999.00, 94.95, -9999.00, -9999.00, -9999.00, -9999.00, -9999.00, -9999.00, -9999.00, -9999.00
47, 8, LOC_CITY_NAME_VILNIUS, -9999.00, -9999.00, -9999.00, -9999.00, -9999.00, -9999.00, -9999.00, -9999.00, 0.00, -9999.00, -9999.00
47, 8, LOC_CITY_NAME_FORTALEZA, 3.00, -9999.00, -9999.00, -9999.00, -9999.00, -9999.00, -9999.00, -9999.00, -9999.00, -9999.00, -9999.00
47, 8, LOC_CITY_NAME_CHALKIDIKI, 3.00, -9999.00, 111.67, -9999.00, -9999.00, -9999.00, -9999.00, -9999.00, -9999.00, -9999.00, -9999.00
47, 8, LOC_CITY_NAME_COLOGNE, 3.00, -9999.00, 66.54, 125.00, -9999.00, -9999.00, -9999.00, -9999.00, -9999.00, -9999.00, -9999.00
47, 8, LOC_CITY_HOI_AN, -9999.00, -9999.00, -9999.00, -9999.00, -9999.00, -9999.00, -9999.00, -9999.00, -9999.00, -9999.00, -9999.00
47, 8, LOC_CITY_NAME_KERMA, 2.00, -9999.00, 94.95, -9999.00, -9999.00, -9999.00, -9999.00, -9999.00, -9999.00, -9999.00, 2309.00
47, 8, LOC_CITY_NAME_LUGDUNUM, 3.00, -9999.00, -9999.00, -9999.00, -9999.00, -9999.00, -9999.00, -9999.00, -9999.00, -9999.00, -9999.00
47, 8, LOC_CITY_NAME_BABYLON_STK, 0.00, -9999.00, 94.95, -9999.00, -9999.00, -9999.00, -9999.00, -9999.00, -9999.00, -9999.00, 1822.71
47, 8, LOC_CITY_NAME_ALEXANDRIA_LATMUS, 3.00, -9999.00, 111.67, -9999.00, -9999.00, -9999.00, -9999.00, -9999.00, -9999.00, -9999.00, -9999.00
47, 8, LOC_CITY_NAME_PATNA, 0.00, -9999.00, -9999.00, 125.00, -9999.00, 258.38, -9999.00, -9999.00, -9999.00, -9999.00, 1757.22
47, 8, LOC_CITY_NAME_CURITIBA, 3.00, -9999.00, -9999.00, -9999.00, -9999.00, -9999.00, -9999.00, -9999.00, -9999.00, -9999.00, -9999.00
47, 8, LOC_CITY_NAME_LISBON, -9999.00, -9999.00, -9999.00, -9999.00, -9999.00, -9999.00, -9999.00, -9999.00, 0.00, -9999.00, -9999.00
47, 8, LOC_CITY_NAME_SWENETT, 0.00, -9999.00, 94.95, -9999.00, -9999.00, 226.95, -9999.00, -9999.00, -9999.00, -9999.00, 1217.85
47, 8, LOC_CITY_NAME_BORSIPPA, 0.00, -9999.00, 94.95, -9999.00, 115.94, 172.26, -9999.00, -9999.00, -9999.00, -9999.00, 166.72
47, 8, LOC_CITY_NAME_KARKAR, 0.00, -9999.00, 94.95, -9999.00, -9999.00, 172.26, -9999.00, -9999.00, -9999.00, -9999.00, 342.26
47, 8, LOC_CITY_NAME_CUMAE, 3.00, -9999.00, -9999.00, -9999.00, -9999.00, -9999.00, -9999.00, -9999.00, -9999.00, -9999.00, -9999.00
47, 8, LOC_CITY_NAME_MEROE, 2.00, -9999.00, 94.95, -9999.00, -9999.00, -9999.00, -9999.00, -9999.00, -9999.00, -9999.00, 2138.89
47, 8, LOC_CITY_NAME_KUMASI, -9999.00, -9999.00, -9999.00, -9999.00, -9999.00, -9999.00, -9999.00, -9999.00, 0.00, -9999.00, -9999.00
47, 8, LOC_CITY_NAME_MEMPHIS, 0.00, -9999.00, 94.95, -9999.00, -9999.00, 114.83, -9999.00, -9999.00, -9999.00, -9999.00, 1333.09
47, 8, LOC_CITY_NAME_JOHANNESBURG, -9999.00, -9999.00, -9999.00, -9999.00, -9999.00, -9999.00, -9999.00, -9999.00, 0.00, -9999.00, -9999.00
47, 8, LOC_CITY_NAME_DORTMUND, 3.00, -9999.00, -9999.00, -9999.00, -9999.00, -9999.00, -9999.00, -9999.00, -9999.00, -9999.00, -9999.00
47, 8, LOC_CITY_HOA_LU, -9999.00, -9999.00, -9999.00, -9999.00, -9999.00, -9999.00, -9999.00, -9999.00, -9999.00, -9999.00, -9999.00
47, 8, LOC_CITY_NAME_FEZ, 3.00, -9999.00, -9999.00, -9999.00, -9999.00, -9999.00, -9999.00, -9999.00, -9999.00, -9999.00, -9999.00
47, 8, LOC_CITY_NAME_KAWA, 2.00, -9999.00, -9999.00, -9999.00, -9999.00, 114.83, -9999.00, -9999.00, -9999.00, -9999.00, 941.85
47, 8, LOC_CITY_NAME_JERUSALEM, 3.00, -9999.00, -9999.00, -9999.00, -9999.00, -9999.00, -9999.00, -9999.00, -9999.00, -9999.00, -9999.00
47, 8, LOC_CITY_NAME_SALVADOR, 3.00, -9999.00, -9999.00, -9999.00, -9999.00, -9999.00, -9999.00, -9999.00, -9999.00, -9999.00, -9999.00
47, 8, LOC_CITY_NAME_EL_KURRU, 2.00, -9999.00, 94.95, -9999.00, -9999.00, 122.01, -9999.00, -9999.00, -9999.00, -9999.00, -9999.00
47, 8, LOC_CITY_NAME_VATICAN_CITY, -9999.00, -9999.00, -9999.00, -9999.00, -9999.00, -9999.00, -9999.00, -9999.00, 0.00, -9999.00, -9999.00
47, 8, LOC_CITY_NAME_HEIDELBERG, 3.00, -9999.00, -9999.00, -9999.00, -9999.00, -9999.00, -9999.00, -9999.00, -9999.00, -9999.00, -9999.00
47, 8, LOC_CITY_NAME_PRESLAV, -9999.00, -9999.00, -9999.00, -9999.00, -9999.00, -9999.00, -9999.00, -9999.00, 0.00, -9999.00, -9999.00
47, 8, LOC_CITY_NAME_METHONE, 3.00, -9999.00, -9999.00, -9999.00, -9999.00, -9999.00, -9999.00, -9999.00, -9999.00, -9999.00, -9999.00
47, 8, LOC_CITY_NAME_AKHETATEN, 0.00, -9999.00, 94.95, -9999.00, -9999.00, -9999.00, -9999.00, -9999.00, -9999.00, -9999.00, 507.44
47, 8, LOC_CITY_NAME_BUENOS_AIRES, 3.00, -9999.00, -9999.00, -9999.00, -9999.00, -9999.00, -9999.00, -9999.00, -9999.00, -9999.00, -9999.00
47, 8, LOC_CITY_NAME_BABYLON, -9999.00, -9999.00, -9999.00, -9999.00, -9999.00, -9999.00, -9999.00, -9999.00, 0.00, -9999.00, -9999.00
47, 8, LOC_CITY_NAME_QASR_IBRIM, 2.00, -9999.00, 94.95, -9999.00, -9999.00, -9999.00, -9999.00, -9999.00, -9999.00, -9999.00, -9999.00
47, 8, LOC_CITY_NAME_HEH, 2.00, -9999.00, -9999.00, -9999.00, -9999.00, -9999.00, -9999.00, -9999.00, -9999.00, -9999.00, 200.00
47, 8, LOC_CITY_DONG_HOI, -9999.00, -9999.00, -9999.00, -9999.00, -9999.00, -9999.00, -9999.00, -9999.00, -9999.00, -9999.00, -9999.00
47, 8, LOC_CITY_NAME_SHAAT, 2.00, -9999.00, -9999.00, -9999.00, -9999.00, 40.07, -9999.00, -9999.00, -9999.00, -9999.00, -9999.00
47, 8, LOC_CITY_NAME_SEDEINGA, 2.00, -9999.00, 94.95, -9999.00, 0.00, 129.19, -9999.00, -9999.00, -9999.00, -9999.00, 1526.58
47, 8, LOC_CITY_NAME_BRUNDISIUM, 3.00, -9999.00, -9999.00, -9999.00, -9999.00, -9999.00, -9999.00, -9999.00, -9999.00, -9999.00, -9999.00
47, 8, LOC_CITY_NAME_PORTO_ALEGRE, 3.00, -9999.00, 111.67, -9999.00, -9999.00, -9999.00, -9999.00, -9999.00, -9999.00, -9999.00, -9999.00
47, 8, LOC_CITY_NAME_MAINZ, 3.00, -9999.00, -9999.00, -9999.00, -9999.00, -9999.00, -9999.00, -9999.00, -9999.00, -9999.00, -9999.00
47, 8, LOC_CITY_NAME_NURI, 2.00, -9999.00, -9999.00, -9999.00, -9999.00, -9999.00, -9999.00, -9999.00, -9999.00, -9999.00, -9999.00
47, 8, LOC_CITY_NAME_YEREVAN, -9999.00, -9999.00, -9999.00, -9999.00, -9999.00, -9999.00, -9999.00, -9999.00, 0.00, -9999.00, -9999.00
47, 9, LOC_CITY_HA_NOI, 2.00, -9999.00, 292.71, -9999.00, -9999.00, -9999.00, -9999.00, -9999.00, -9999.00, -9999.00, -9999.00
47, 9, LOC_CITY_NAME_AACHEN, 1.00, -9999.00, 292.71, -9999.00, -9999.00, -9999.00, -9999.00, -9999.00, -9999.00, -9999.00, -9999.00
47, 9, LOC_CITY_NAME_RIO_DE_JANEIRO, 3.00, -9999.00, -9999.00, -9999.00, -9999.00, 407.63, -9999.00, -9999.00, -9999.00, -9999.00, -9999.00
47, 9, LOC_CITY_NAME_PELLA, 1.00, -9999.00, -9999.00, -9999.00, 115.94, 122.91, -9999.00, -9999.00, -9999.00, -9999.00, -9999.00
47, 9, LOC_CITY_NAME_ROME, -9999.00, -9999.00, -9999.00, -9999.00, -9999.00, -9999.00, -9999.00, -9999.00, -9999.00, -9999.00, -9999.00
47, 9, LOC_CITY_HUE, 2.00, -9999.00, -9999.00, -9999.00, -9999.00, -9999.00, -9999.00, -9999.00, -9999.00, -9999.00, -9999.00
47, 9, LOC_CITY_NAME_SAO_PAULO, 3.00, -9999.00, -9999.00, -9999.00, -9999.00, -9999.00, -9999.00, -9999.00, -9999.00, -9999.00, -9999.00
47, 9, LOC_CITY_NAME_ALEXANDRIA_TROAS, 1.00, -9999.00, 84.82, -9999.00, -9999.00, -9999.00, -9999.00, -9999.00, -9999.00, -9999.00, -9999.00
47, 9, LOC_CITY_NAME_ARRETIUM, -9999.00, -9999.00, -9999.00, -9999.00, -9999.00, -9999.00, -9999.00, -9999.00, -9999.00, -9999.00, -9999.00
47, 9, LOC_CITY_QUANG_TRI, 2.00, -9999.00, 292.71, -9999.00, 115.94, -9999.00, -9999.00, -9999.00, -9999.00, -9999.00, -9999.00
47, 9, LOC_CITY_NAME_MAGDEBURG, 1.00, -9999.00, 292.71, 125.00, -9999.00, -9999.00, -9999.00, -9999.00, -9999.00, -9999.00, -9999.00
47, 9, LOC_CITY_NAME_ARPINUM, -9999.00, -9999.00, -9999.00, -9999.00, -9999.00, -9999.00, -9999.00, -9999.00, -9999.00, -9999.00, -9999.00
47, 9, LOC_CITY_NAME_VILNIUS, -9999.00, -9999.00, -9999.00, -9999.00, -9999.00, -9999.00, -9999.00, -9999.00, 0.00, -9999.00, -9999.00
47, 9, LOC_CITY_NAME_FORTALEZA, 3.00, -9999.00, -9999.00, -9999.00, -9999.00, -9999.00, -9999.00, -9999.00, -9999.00, -9999.00, -9999.00
47, 9, LOC_CITY_NAME_CHALKIDIKI, 1.00, -9999.00, 84.82, -9999.00, -9999.00, -9999.00, -9999.00, -9999.00, -9999.00, -9999.00, -9999.00
47, 9, LOC_CITY_NAME_COLOGNE, 1.00, -9999.00, 292.71, 125.00, -9999.00, -9999.00, -9999.00, -9999.00, -9999.00, -9999.00, -9999.00
47, 9, LOC_CITY_HOI_AN, 2.00, -9999.00, -9999.00, -9999.00, -9999.00, -9999.00, -9999.00, -9999.00, -9999.00, -9999.00, -9999.00
47, 9, LOC_CITY_NAME_LUGDUNUM, -9999.00, -9999.00, -9999.00, -9999.00, -9999.00, -9999.00, -9999.00, -9999.00, -9999.00, -9999.00, -9999.00
47, 9, LOC_CITY_NAME_KERMA, 2.00, -9999.00, 292.71, -9999.00, -9999.00, -9999.00, -9999.00, -9999.00, -9999.00, -9999.00, 2313.10
47, 9, LOC_CITY_NAME_BABYLON_STK, 0.00, -9999.00, 292.71, -9999.00, -9999.00, -9999.00, -9999.00, -9999.00, -9999.00, -9999.00, 1831.14
47, 9, LOC_CITY_NAME_ALEXANDRIA_LATMUS, 1.00, -9999.00, 84.82, -9999.00, -9999.00, -9999.00, -9999.00, -9999.00, -9999.00, -9999.00, -9999.00
47, 9, LOC_CITY_NAME_PATNA, 0.00, -9999.00, -9999.00, 125.00, -9999.00, 291.65, -9999.00, -9999.00, -9999.00, -9999.00, 1657.39
47, 9, LOC_CITY_NAME_CURITIBA, 3.00, -9999.00, -9999.00, -9999.00, -9999.00, -9999.00, -9999.00, -9999.00, -9999.00, -9999.00, -9999.00
47, 9, LOC_CITY_NAME_LISBON, -9999.00, -9999.00, -9999.00, -9999.00, -9999.00, -9999.00, -9999.00, -9999.00, 0.00, -9999.00, -9999.00
47, 9, LOC_CITY_NAME_SWENETT, 0.00, -9999.00, 292.71, -9999.00, -9999.00, 256.18, -9999.00, -9999.00, -9999.00, -9999.00, 1211.86
47, 9, LOC_CITY_NAME_BORSIPPA, 0.00, -9999.00, 292.71, -9999.00, 115.94, 194.44, -9999.00, -9999.00, -9999.00, -9999.00, 166.06
47, 9, LOC_CITY_NAME_KARKAR, 0.00, -9999.00, 292.71, -9999.00, -9999.00, 194.44, -9999.00, -9999.00, -9999.00, -9999.00, 342.09
47, 9, LOC_CITY_NAME_MEROE, 2.00, -9999.00, 292.71, -9999.00, -9999.00, -9999.00, -9999.00, -9999.00, -9999.00, -9999.00, 2154.87
47, 9, LOC_CITY_NAME_CUMAE, -9999.00, -9999.00, -9999.00, -9999.00, -9999.00, -9999.00, -9999.00, -9999.00, -9999.00, -9999.00, -9999.00
47, 9, LOC_CITY_NAME_KUMASI, -9999.00, -9999.00, -9999.00, -9999.00, -9999.00, -9999.00, -9999.00, -9999.00, 0.00, -9999.00, -9999.00
47, 9, LOC_CITY_NAME_MEMPHIS, 0.00, -9999.00, 292.71, -9999.00, -9999.00, 129.62, -9999.00, -9999.00, -9999.00, -9999.00, 1322.92
47, 9, LOC_CITY_NAME_JOHANNESBURG, -9999.00, -9999.00, -9999.00, -9999.00, -9999.00, -9999.00, -9999.00, -9999.00, 0.00, -9999.00, -9999.00
47, 9, LOC_CITY_HOA_LU, 2.00, -9999.00, -9999.00, -9999.00, -9999.00, -9999.00, -9999.00, -9999.00, -9999.00, -9999.00, -9999.00
47, 9, LOC_CITY_NAME_DORTMUND, 1.00, -9999.00, -9999.00, -9999.00, -9999.00, -9999.00, -9999.00, -9999.00, -9999.00, -9999.00, -9999.00
47, 9, LOC_CITY_NAME_FEZ, 1.00, -9999.00, -9999.00, -9999.00, -9999.00, -9999.00, -9999.00, -9999.00, -9999.00, -9999.00, -9999.00
47, 9, LOC_CITY_NAME_KAWA, 2.00, -9999.00, -9999.00, -9999.00, -9999.00, 129.62, -9999.00, -9999.00, -9999.00, -9999.00, 934.22
47, 9, LOC_CITY_NAME_JERUSALEM, 3.00, -9999.00, -9999.00, -9999.00, -9999.00, -9999.00, -9999.00, -9999.00, -9999.00, -9999.00, -9999.00
47, 9, LOC_CITY_NAME_SALVADOR, 3.00, -9999.00, -9999.00, -9999.00, -9999.00, -9999.00, -9999.00, -9999.00, -9999.00, -9999.00, -9999.00
47, 9, LOC_CITY_NAME_EL_KURRU, 2.00, -9999.00, 292.71, -9999.00, -9999.00, 137.72, -9999.00, -9999.00, -9999.00, -9999.00, -9999.00
47, 9, LOC_CITY_NAME_VATICAN_CITY, -9999.00, -9999.00, -9999.00, -9999.00, -9999.00, -9999.00, -9999.00, -9999.00, 0.00, -9999.00, -9999.00
47, 9, LOC_CITY_NAME_HEIDELBERG, 1.00, -9999.00, -9999.00, -9999.00, -9999.00, -9999.00, -9999.00, -9999.00, -9999.00, -9999.00, -9999.00
47, 9, LOC_CITY_NAME_PRESLAV, -9999.00, -9999.00, -9999.00, -9999.00, -9999.00, -9999.00, -9999.00, -9999.00, 0.00, -9999.00, -9999.00
47, 9, LOC_CITY_NAME_METHONE, 1.00, -9999.00, -9999.00, -9999.00, -9999.00, -9999.00, -9999.00, -9999.00, -9999.00, -9999.00, -9999.00
47, 9, LOC_CITY_NAME_AKHETATEN, 0.00, -9999.00, 292.71, -9999.00, -9999.00, -9999.00, -9999.00, -9999.00, -9999.00, -9999.00, 510.54
47, 9, LOC_CITY_NAME_BUENOS_AIRES, 1.00, -9999.00, -9999.00, -9999.00, -9999.00, -9999.00, -9999.00, -9999.00, -9999.00, -9999.00, -9999.00
47, 9, LOC_CITY_NAME_BABYLON, -9999.00, -9999.00, -9999.00, -9999.00, -9999.00, -9999.00, -9999.00, -9999.00, 0.00, -9999.00, -9999.00
47, 9, LOC_CITY_NAME_QASR_IBRIM, 2.00, -9999.00, 292.71, -9999.00, -9999.00, -9999.00, -9999.00, -9999.00, -9999.00, -9999.00, -9999.00
47, 9, LOC_CITY_NAME_HEH, 2.00, -9999.00, -9999.00, -9999.00, -9999.00, -9999.00, -9999.00, -9999.00, -9999.00, -9999.00, 200.00
47, 9, LOC_CITY_DONG_HOI, 2.00, -9999.00, -9999.00, -9999.00, -9999.00, -9999.00, -9999.00, -9999.00, -9999.00, -9999.00, -9999.00
47, 9, LOC_CITY_NAME_SHAAT, 2.00, -9999.00, -9999.00, -9999.00, -9999.00, 45.23, -9999.00, -9999.00, -9999.00, -9999.00, -9999.00
47, 9, LOC_CITY_NAME_SEDEINGA, 2.00, -9999.00, 292.71, -9999.00, 0.00, 145.82, -9999.00, -9999.00, -9999.00, -9999.00, 1521.58
47, 9, LOC_CITY_NAME_BRUNDISIUM, -9999.00, -9999.00, -9999.00, -9999.00, -9999.00, -9999.00, -9999.00, -9999.00, -9999.00, -9999.00, -9999.00
47, 9, LOC_CITY_NAME_PORTO_ALEGRE, 3.00, -9999.00, -9999.00, -9999.00, -9999.00, -9999.00, -9999.00, -9999.00, -9999.00, -9999.00, -9999.00
47, 9, LOC_CITY_NAME_MAINZ, 1.00, -9999.00, -9999.00, -9999.00, -9999.00, -9999.00, -9999.00, -9999.00, -9999.00, -9999.00, -9999.00
47, 9, LOC_CITY_NAME_NURI, 2.00, -9999.00, -9999.00, -9999.00, -9999.00, -9999.00, -9999.00, -9999.00, -9999.00, -9999.00, -9999.00
47, 9, LOC_CITY_NAME_YEREVAN, -9999.00, -9999.00, -9999.00, -9999.00, -9999.00, -9999.00, -9999.00, -9999.00, 0.00, -9999.00, -9999.00
48, 5, LOC_CITY_NAME_PELLA, -9999.00, -9999.00, -9999.00, -9999.00, -9999.00, -9999.00, -9999.00, -9999.00, -9999.00, -9999.00, -9999.00
48, 5, LOC_CITY_NAME_ROME, 1.00, -9999.00, 90.95, -9999.00, -9999.00, -9999.00, -9999.00, -9999.00, -9999.00, -9999.00, -9999.00
48, 5, LOC_CITY_HA_NOI, 1.00, -9999.00, 308.71, -9999.00, -9999.00, -9999.00, -9999.00, -9999.00, -9999.00, -9999.00, -9999.00
48, 5, LOC_CITY_NAME_AACHEN, 1.00, -9999.00, 308.71, -9999.00, -9999.00, -9999.00, -9999.00, -9999.00, -9999.00, -9999.00, -9999.00
48, 5, LOC_CITY_NAME_RIO_DE_JANEIRO, 3.00, -9999.00, -9999.00, -9999.00, -9999.00, 361.12, -9999.00, -9999.00, -9999.00, -9999.00, -9999.00
48, 5, LOC_CITY_HUE, 1.00, -9999.00, -9999.00, -9999.00, -9999.00, -9999.00, -9999.00, -9999.00, -9999.00, -9999.00, -9999.00
48, 5, LOC_CITY_NAME_ALEXANDRIA_TROAS, -9999.00, -9999.00, -9999.00, -9999.00, -9999.00, -9999.00, -9999.00, -9999.00, -9999.00, -9999.00, -9999.00
48, 5, LOC_CITY_NAME_SAO_PAULO, 3.00, -9999.00, -9999.00, -9999.00, -9999.00, -9999.00, -9999.00, -9999.00, -9999.00, -9999.00, -9999.00
48, 5, LOC_CITY_NAME_ARRETIUM, 1.00, -9999.00, 90.95, -9999.00, 135.94, -9999.00, -9999.00, -9999.00, -9999.00, -9999.00, -9999.00
48, 5, LOC_CITY_QUANG_TRI, 1.00, -9999.00, 308.71, -9999.00, 135.94, -9999.00, -9999.00, -9999.00, -9999.00, -9999.00, -9999.00
48, 5, LOC_CITY_NAME_MAGDEBURG, 1.00, -9999.00, 308.71, 125.00, -9999.00, -9999.00, -9999.00, -9999.00, -9999.00, -9999.00, -9999.00
48, 5, LOC_CITY_NAME_ARPINUM, 1.00, -9999.00, 90.95, -9999.00, -9999.00, -9999.00, -9999.00, -9999.00, -9999.00, -9999.00, -9999.00
48, 5, LOC_CITY_NAME_VILNIUS, -9999.00, -9999.00, -9999.00, -9999.00, -9999.00, -9999.00, -9999.00, -9999.00, 0.00, -9999.00, -9999.00
48, 5, LOC_CITY_NAME_CHALKIDIKI, -9999.00, -9999.00, -9999.00, -9999.00, -9999.00, -9999.00, -9999.00, -9999.00, -9999.00, -9999.00, -9999.00
48, 5, LOC_CITY_NAME_FORTALEZA, 3.00, -9999.00, -9999.00, -9999.00, -9999.00, -9999.00, -9999.00, -9999.00, -9999.00, -9999.00, -9999.00
48, 5, LOC_CITY_NAME_COLOGNE, 1.00, -9999.00, 308.71, 125.00, -9999.00, -9999.00, -9999.00, -9999.00, -9999.00, -9999.00, -9999.00
48, 5, LOC_CITY_NAME_KERMA, 2.00, -9999.00, 308.71, -9999.00, -9999.00, -9999.00, -9999.00, -9999.00, -9999.00, -9999.00, 2635.10
48, 5, LOC_CITY_HOI_AN, 1.00, -9999.00, -9999.00, -9999.00, -9999.00, -9999.00, -9999.00, -9999.00, -9999.00, -9999.00, -9999.00
48, 5, LOC_CITY_NAME_LUGDUNUM, 1.00, -9999.00, -9999.00, -9999.00, -9999.00, -9999.00, -9999.00, -9999.00, -9999.00, -9999.00, -9999.00
48, 5, LOC_CITY_NAME_BABYLON_STK, 0.00, -9999.00, 308.71, -9999.00, -9999.00, -9999.00, -9999.00, -9999.00, -9999.00, -9999.00, 2353.41
48, 5, LOC_CITY_NAME_PATNA, 0.00, -9999.00, -9999.00, 125.00, -9999.00, 244.02, -9999.00, -9999.00, -9999.00, -9999.00, 2172.95
48, 5, LOC_CITY_NAME_ALEXANDRIA_LATMUS, -9999.00, -9999.00, -9999.00, -9999.00, -9999.00, -9999.00, -9999.00, -9999.00, -9999.00, -9999.00, -9999.00
48, 5, LOC_CITY_NAME_CURITIBA, 3.00, -9999.00, -9999.00, -9999.00, -9999.00, -9999.00, -9999.00, -9999.00, -9999.00, -9999.00, -9999.00
48, 5, LOC_CITY_NAME_LISBON, -9999.00, -9999.00, -9999.00, -9999.00, -9999.00, -9999.00, -9999.00, -9999.00, 0.00, -9999.00, -9999.00
48, 5, LOC_CITY_NAME_SWENETT, 0.00, -9999.00, 308.71, -9999.00, -9999.00, 226.95, -9999.00, -9999.00, -9999.00, -9999.00, 1489.85
48, 5, LOC_CITY_NAME_BORSIPPA, 0.00, -9999.00, 308.71, -9999.00, 135.94, 150.72, -9999.00, -9999.00, -9999.00, -9999.00, 457.02
48, 5, LOC_CITY_NAME_KARKAR, 0.00, -9999.00, 308.71, -9999.00, -9999.00, 157.90, -9999.00, -9999.00, -9999.00, -9999.00, 553.80
48, 5, LOC_CITY_NAME_CUMAE, 1.00, -9999.00, -9999.00, -9999.00, -9999.00, -9999.00, -9999.00, -9999.00, -9999.00, -9999.00, -9999.00
48, 5, LOC_CITY_NAME_MEROE, 2.00, -9999.00, 308.71, -9999.00, -9999.00, -9999.00, -9999.00, -9999.00, -9999.00, -9999.00, 2909.63
48, 5, LOC_CITY_NAME_KUMASI, -9999.00, -9999.00, -9999.00, -9999.00, -9999.00, -9999.00, -9999.00, -9999.00, 0.00, -9999.00, -9999.00
48, 5, LOC_CITY_NAME_MEMPHIS, 0.00, -9999.00, 308.71, -9999.00, -9999.00, 114.83, -9999.00, -9999.00, -9999.00, -9999.00, 1636.64
48, 5, LOC_CITY_NAME_JOHANNESBURG, -9999.00, -9999.00, -9999.00, -9999.00, -9999.00, -9999.00, -9999.00, -9999.00, 0.00, -9999.00, -9999.00
48, 5, LOC_CITY_HOA_LU, 1.00, -9999.00, -9999.00, -9999.00, -9999.00, -9999.00, -9999.00, -9999.00, -9999.00, -9999.00, -9999.00
48, 5, LOC_CITY_NAME_DORTMUND, 1.00, -9999.00, -9999.00, -9999.00, -9999.00, -9999.00, -9999.00, -9999.00, -9999.00, -9999.00, -9999.00
48, 5, LOC_CITY_NAME_FEZ, -9999.00, -9999.00, -9999.00, -9999.00, -9999.00, -9999.00, -9999.00, -9999.00, -9999.00, -9999.00, -9999.00
48, 5, LOC_CITY_NAME_KAWA, 2.00, -9999.00, 308.71, -9999.00, -9999.00, 107.65, -9999.00, -9999.00, -9999.00, -9999.00, 1239.56
48, 5, LOC_CITY_NAME_EL_KURRU, 2.00, -9999.00, 308.71, -9999.00, -9999.00, 114.83, -9999.00, -9999.00, -9999.00, -9999.00, -9999.00
48, 5, LOC_CITY_NAME_VATICAN_CITY, -9999.00, -9999.00, -9999.00, -9999.00, -9999.00, -9999.00, -9999.00, -9999.00, 0.00, -9999.00, -9999.00
48, 5, LOC_CITY_NAME_JERUSALEM, 3.00, -9999.00, -9999.00, -9999.00, -9999.00, -9999.00, -9999.00, -9999.00, -9999.00, -9999.00, -9999.00
48, 5, LOC_CITY_NAME_SALVADOR, 3.00, -9999.00, -9999.00, -9999.00, -9999.00, -9999.00, -9999.00, -9999.00, -9999.00, -9999.00, -9999.00
48, 5, LOC_CITY_NAME_PRESLAV, -9999.00, -9999.00, -9999.00, -9999.00, -9999.00, -9999.00, -9999.00, -9999.00, 0.00, -9999.00, -9999.00
48, 5, LOC_CITY_NAME_HEIDELBERG, 1.00, -9999.00, -9999.00, -9999.00, -9999.00, -9999.00, -9999.00, -9999.00, -9999.00, -9999.00, -9999.00
48, 5, LOC_CITY_NAME_AKHETATEN, 0.00, -9999.00, 308.71, -9999.00, -9999.00, -9999.00, -9999.00, -9999.00, -9999.00, -9999.00, 935.27
48, 5, LOC_CITY_NAME_METHONE, -9999.00, -9999.00, -9999.00, -9999.00, -9999.00, -9999.00, -9999.00, -9999.00, -9999.00, -9999.00, -9999.00
48, 5, LOC_CITY_NAME_BUENOS_AIRES, -9999.00, -9999.00, -9999.00, -9999.00, -9999.00, -9999.00, -9999.00, -9999.00, -9999.00, -9999.00, -9999.00
48, 5, LOC_CITY_NAME_BABYLON, -9999.00, -9999.00, -9999.00, -9999.00, -9999.00, -9999.00, -9999.00, -9999.00, 0.00, -9999.00, -9999.00
48, 5, LOC_CITY_NAME_QASR_IBRIM, 2.00, -9999.00, 308.71, -9999.00, -9999.00, -9999.00, -9999.00, -9999.00, -9999.00, -9999.00, -9999.00
48, 5, LOC_CITY_NAME_HEH, 2.00, -9999.00, -9999.00, -9999.00, -9999.00, -9999.00, -9999.00, -9999.00, -9999.00, -9999.00, 200.00
48, 5, LOC_CITY_NAME_SHAAT, 2.00, -9999.00, -9999.00, -9999.00, -9999.00, 35.87, -9999.00, -9999.00, -9999.00, -9999.00, -9999.00
48, 5, LOC_CITY_NAME_SEDEINGA, 2.00, -9999.00, 308.71, -9999.00, 0.00, 93.29, -9999.00, -9999.00, -9999.00, -9999.00, 1623.92
48, 5, LOC_CITY_DONG_HOI, 1.00, -9999.00, -9999.00, -9999.00, -9999.00, -9999.00, -9999.00, -9999.00, -9999.00, -9999.00, -9999.00
48, 5, LOC_CITY_NAME_BRUNDISIUM, 1.00, -9999.00, -9999.00, -9999.00, -9999.00, -9999.00, -9999.00, -9999.00, -9999.00, -9999.00, -9999.00
48, 5, LOC_CITY_NAME_PORTO_ALEGRE, 3.00, -9999.00, -9999.00, -9999.00, -9999.00, -9999.00, -9999.00, -9999.00, -9999.00, -9999.00, -9999.00
48, 5, LOC_CITY_NAME_NURI, 2.00, -9999.00, -9999.00, -9999.00, -9999.00, -9999.00, -9999.00, -9999.00, -9999.00, -9999.00, -9999.00
48, 5, LOC_CITY_NAME_MAINZ, 1.00, -9999.00, -9999.00, -9999.00, -9999.00, -9999.00, -9999.00, -9999.00, -9999.00, -9999.00, -9999.00
48, 5, LOC_CITY_NAME_YEREVAN, -9999.00, -9999.00, -9999.00, -9999.00, -9999.00, -9999.00, -9999.00, -9999.00, 0.00, -9999.00, -9999.00
48, 6, LOC_CITY_NAME_PELLA, 1.00, -9999.00, -9999.00, -9999.00, 115.94, 115.70, -9999.00, -9999.00, -9999.00, -9999.00, -9999.00
48, 6, LOC_CITY_NAME_RIO_DE_JANEIRO, -9999.00, -9999.00, -9999.00, -9999.00, -9999.00, -9999.00, -9999.00, -9999.00, -9999.00, -9999.00, -9999.00
48, 6, LOC_CITY_NAME_ROME, 1.00, -9999.00, 0.00, -9999.00, -9999.00, -9999.00, -9999.00, -9999.00, -9999.00, -9999.00, -9999.00
48, 6, LOC_CITY_HA_NOI, 1.00, -9999.00, 292.71, -9999.00, -9999.00, -9999.00, -9999.00, -9999.00, -9999.00, -9999.00, -9999.00
48, 6, LOC_CITY_NAME_AACHEN, 1.00, -9999.00, 292.71, -9999.00, -9999.00, -9999.00, -9999.00, -9999.00, -9999.00, -9999.00, -9999.00
48, 6, LOC_CITY_HUE, 1.00, -9999.00, -9999.00, -9999.00, -9999.00, -9999.00, -9999.00, -9999.00, -9999.00, -9999.00, -9999.00
48, 6, LOC_CITY_NAME_ALEXANDRIA_TROAS, 1.00, -9999.00, 0.00, -9999.00, -9999.00, -9999.00, -9999.00, -9999.00, -9999.00, -9999.00, -9999.00
48, 6, LOC_CITY_NAME_SAO_PAULO, -9999.00, -9999.00, -9999.00, -9999.00, -9999.00, -9999.00, -9999.00, -9999.00, -9999.00, -9999.00, -9999.00
48, 6, LOC_CITY_NAME_ARRETIUM, 1.00, -9999.00, 0.00, -9999.00, 115.94, -9999.00, -9999.00, -9999.00, -9999.00, -9999.00, -9999.00
48, 6, LOC_CITY_QUANG_TRI, 1.00, -9999.00, 292.71, -9999.00, 115.94, -9999.00, -9999.00, -9999.00, -9999.00, -9999.00, -9999.00
48, 6, LOC_CITY_NAME_MAGDEBURG, 1.00, -9999.00, 292.71, 250.00, -9999.00, -9999.00, -9999.00, -9999.00, -9999.00, -9999.00, -9999.00
48, 6, LOC_CITY_NAME_ARPINUM, 1.00, -9999.00, 0.00, -9999.00, -9999.00, -9999.00, -9999.00, -9999.00, -9999.00, -9999.00, -9999.00
48, 6, LOC_CITY_NAME_VILNIUS, -9999.00, -9999.00, -9999.00, -9999.00, -9999.00, -9999.00, -9999.00, -9999.00, 0.00, -9999.00, -9999.00
48, 6, LOC_CITY_NAME_CHALKIDIKI, 1.00, -9999.00, 0.00, -9999.00, -9999.00, -9999.00, -9999.00, -9999.00, -9999.00, -9999.00, -9999.00
48, 6, LOC_CITY_NAME_FORTALEZA, -9999.00, -9999.00, -9999.00, -9999.00, -9999.00, -9999.00, -9999.00, -9999.00, -9999.00, -9999.00, -9999.00
48, 6, LOC_CITY_NAME_COLOGNE, 1.00, -9999.00, 292.71, 250.00, -9999.00, -9999.00, -9999.00, -9999.00, -9999.00, -9999.00, -9999.00
48, 6, LOC_CITY_NAME_KERMA, 2.00, -9999.00, 292.71, -9999.00, -9999.00, -9999.00, -9999.00, -9999.00, -9999.00, -9999.00, 2381.29
48, 6, LOC_CITY_HOI_AN, 1.00, -9999.00, -9999.00, -9999.00, -9999.00, -9999.00, -9999.00, -9999.00, -9999.00, -9999.00, -9999.00
48, 6, LOC_CITY_NAME_LUGDUNUM, 1.00, -9999.00, -9999.00, -9999.00, -9999.00, -9999.00, -9999.00, -9999.00, -9999.00, -9999.00, -9999.00
48, 6, LOC_CITY_NAME_BABYLON_STK, 0.00, -9999.00, 292.71, -9999.00, -9999.00, -9999.00, -9999.00, -9999.00, -9999.00, -9999.00, 1885.35
48, 6, LOC_CITY_NAME_ALEXANDRIA_LATMUS, 1.00, -9999.00, 0.00, -9999.00, -9999.00, -9999.00, -9999.00, -9999.00, -9999.00, -9999.00, -9999.00
48, 6, LOC_CITY_NAME_PATNA, 0.00, -9999.00, -9999.00, 250.00, -9999.00, 244.02, -9999.00, -9999.00, -9999.00, -9999.00, 1880.27
48, 6, LOC_CITY_NAME_CURITIBA, -9999.00, -9999.00, -9999.00, -9999.00, -9999.00, -9999.00, -9999.00, -9999.00, -9999.00, -9999.00, -9999.00
48, 6, LOC_CITY_NAME_LISBON, -9999.00, -9999.00, -9999.00, -9999.00, -9999.00, -9999.00, -9999.00, -9999.00, 0.00, -9999.00, -9999.00
48, 6, LOC_CITY_NAME_SWENETT, 0.00, -9999.00, 292.71, -9999.00, -9999.00, 226.95, -9999.00, -9999.00, -9999.00, -9999.00, 1226.98
48, 6, LOC_CITY_NAME_BORSIPPA, 0.00, -9999.00, 292.71, -9999.00, 115.94, 150.72, -9999.00, -9999.00, -9999.00, -9999.00, 257.27
48, 6, LOC_CITY_NAME_KARKAR, 0.00, -9999.00, 292.71, -9999.00, -9999.00, 157.90, -9999.00, -9999.00, -9999.00, -9999.00, 362.39
48, 6, LOC_CITY_NAME_CUMAE, 1.00, -9999.00, -9999.00, -9999.00, -9999.00, -9999.00, -9999.00, -9999.00, -9999.00, -9999.00, -9999.00
48, 6, LOC_CITY_NAME_MEROE, 2.00, -9999.00, 292.71, -9999.00, -9999.00, -9999.00, -9999.00, -9999.00, -9999.00, -9999.00, 2444.83
48, 6, LOC_CITY_NAME_KUMASI, -9999.00, -9999.00, -9999.00, -9999.00, -9999.00, -9999.00, -9999.00, -9999.00, 0.00, -9999.00, -9999.00
48, 6, LOC_CITY_NAME_MEMPHIS, 0.00, -9999.00, 292.71, -9999.00, -9999.00, 114.83, -9999.00, -9999.00, -9999.00, -9999.00, 1388.57
48, 6, LOC_CITY_NAME_JOHANNESBURG, -9999.00, -9999.00, -9999.00, -9999.00, -9999.00, -9999.00, -9999.00, -9999.00, 0.00, -9999.00, -9999.00
48, 6, LOC_CITY_HOA_LU, 1.00, -9999.00, -9999.00, -9999.00, -9999.00, -9999.00, -9999.00, -9999.00, -9999.00, -9999.00, -9999.00
48, 6, LOC_CITY_NAME_DORTMUND, 1.00, -9999.00, -9999.00, -9999.00, -9999.00, -9999.00, -9999.00, -9999.00, -9999.00, -9999.00, -9999.00
48, 6, LOC_CITY_NAME_FEZ, 1.00, -9999.00, -9999.00, -9999.00, -9999.00, -9999.00, -9999.00, -9999.00, -9999.00, -9999.00, -9999.00
48, 6, LOC_CITY_NAME_KAWA, 2.00, -9999.00, 292.71, -9999.00, -9999.00, 107.65, -9999.00, -9999.00, -9999.00, -9999.00, 1031.99
48, 6, LOC_CITY_NAME_JERUSALEM, -9999.00, -9999.00, -9999.00, -9999.00, -9999.00, -9999.00, -9999.00, -9999.00, -9999.00, -9999.00, -9999.00
48, 6, LOC_CITY_NAME_SALVADOR, -9999.00, -9999.00, -9999.00, -9999.00, -9999.00, -9999.00, -9999.00, -9999.00, -9999.00, -9999.00, -9999.00
48, 6, LOC_CITY_NAME_EL_KURRU, 2.00, -9999.00, 292.71, -9999.00, -9999.00, 114.83, -9999.00, -9999.00, -9999.00, -9999.00, -9999.00
48, 6, LOC_CITY_NAME_VATICAN_CITY, -9999.00, -9999.00, -9999.00, -9999.00, -9999.00, -9999.00, -9999.00, -9999.00, 0.00, -9999.00, -9999.00
48, 6, LOC_CITY_NAME_PRESLAV, -9999.00, -9999.00, -9999.00, -9999.00, -9999.00, -9999.00, -9999.00, -9999.00, 0.00, -9999.00, -9999.00
48, 6, LOC_CITY_NAME_HEIDELBERG, 1.00, -9999.00, -9999.00, -9999.00, -9999.00, -9999.00, -9999.00, -9999.00, -9999.00, -9999.00, -9999.00
48, 6, LOC_CITY_NAME_METHONE, 1.00, -9999.00, -9999.00, -9999.00, -9999.00, -9999.00, -9999.00, -9999.00, -9999.00, -9999.00, -9999.00
48, 6, LOC_CITY_NAME_AKHETATEN, 0.00, -9999.00, 292.71, -9999.00, -9999.00, -9999.00, -9999.00, -9999.00, -9999.00, -9999.00, 473.41
48, 6, LOC_CITY_NAME_BUENOS_AIRES, 1.00, -9999.00, -9999.00, -9999.00, -9999.00, -9999.00, -9999.00, -9999.00, -9999.00, -9999.00, -9999.00
48, 6, LOC_CITY_NAME_BABYLON, -9999.00, -9999.00, -9999.00, -9999.00, -9999.00, -9999.00, -9999.00, -9999.00, 0.00, -9999.00, -9999.00
48, 6, LOC_CITY_NAME_QASR_IBRIM, 2.00, -9999.00, 292.71, -9999.00, -9999.00, -9999.00, -9999.00, -9999.00, -9999.00, -9999.00, -9999.00
48, 6, LOC_CITY_NAME_HEH, 2.00, -9999.00, -9999.00, -9999.00, -9999.00, -9999.00, -9999.00, -9999.00, -9999.00, -9999.00, 200.00
48, 6, LOC_CITY_NAME_SHAAT, 2.00, -9999.00, -9999.00, -9999.00, -9999.00, 35.87, -9999.00, -9999.00, -9999.00, -9999.00, -9999.00
48, 6, LOC_CITY_NAME_SEDEINGA, 2.00, -9999.00, 292.71, -9999.00, 0.00, 93.29, -9999.00, -9999.00, -9999.00, -9999.00, 1362.70
48, 6, LOC_CITY_DONG_HOI, 1.00, -9999.00, -9999.00, -9999.00, -9999.00, -9999.00, -9999.00, -9999.00, -9999.00, -9999.00, -9999.00
48, 6, LOC_CITY_NAME_BRUNDISIUM, 1.00, -9999.00, -9999.00, -9999.00, -9999.00, -9999.00, -9999.00, -9999.00, -9999.00, -9999.00, -9999.00
48, 6, LOC_CITY_NAME_PORTO_ALEGRE, -9999.00, -9999.00, -9999.00, -9999.00, -9999.00, -9999.00, -9999.00, -9999.00, -9999.00, -9999.00, -9999.00
48, 6, LOC_CITY_NAME_NURI, 2.00, -9999.00, -9999.00, -9999.00, -9999.00, -9999.00, -9999.00, -9999.00, -9999.00, -9999.00, -9999.00
48, 6, LOC_CITY_NAME_MAINZ, 1.00, -9999.00, -9999.00, -9999.00, -9999.00, -9999.00, -9999.00, -9999.00, -9999.00, -9999.00, -9999.00
48, 6, LOC_CITY_NAME_YEREVAN, -9999.00, -9999.00, -9999.00, -9999.00, -9999.00, -9999.00, -9999.00, -9999.00, 0.00, -9999.00, -9999.00
48, 7, LOC_CITY_NAME_RIO_DE_JANEIRO, 3.00, -9999.00, -9999.00, -9999.00, -9999.00, 410.32, -9999.00, -9999.00, -9999.00, -9999.00, -9999.00
48, 7, LOC_CITY_NAME_PELLA, 2.00, -9999.00, -9999.00, -9999.00, 115.94, 126.80, -9999.00, -9999.00, -9999.00, -9999.00, -9999.00
48, 7, LOC_CITY_NAME_AACHEN, -9999.00, -9999.00, -9999.00, -9999.00, -9999.00, -9999.00, -9999.00, -9999.00, -9999.00, -9999.00, -9999.00
48, 7, LOC_CITY_NAME_ROME, 2.00, -9999.00, 117.41, -9999.00, -9999.00, -9999.00, -9999.00, -9999.00, -9999.00, -9999.00, -9999.00
48, 7, LOC_CITY_HA_NOI, 2.00, -9999.00, 117.41, -9999.00, -9999.00, -9999.00, -9999.00, -9999.00, -9999.00, -9999.00, -9999.00
48, 7, LOC_CITY_HUE, 2.00, -9999.00, -9999.00, -9999.00, -9999.00, -9999.00, -9999.00, -9999.00, -9999.00, -9999.00, -9999.00
48, 7, LOC_CITY_NAME_SAO_PAULO, 3.00, -9999.00, -9999.00, -9999.00, -9999.00, -9999.00, -9999.00, -9999.00, -9999.00, -9999.00, -9999.00
48, 7, LOC_CITY_NAME_ALEXANDRIA_TROAS, 2.00, -9999.00, 128.19, -9999.00, -9999.00, -9999.00, -9999.00, -9999.00, -9999.00, -9999.00, -9999.00
48, 7, LOC_CITY_NAME_ARRETIUM, 2.00, -9999.00, 117.41, -9999.00, 115.94, -9999.00, -9999.00, -9999.00, -9999.00, -9999.00, -9999.00
48, 7, LOC_CITY_NAME_MAGDEBURG, -9999.00, -9999.00, -9999.00, -9999.00, -9999.00, -9999.00, -9999.00, -9999.00, -9999.00, -9999.00, -9999.00
48, 7, LOC_CITY_QUANG_TRI, 2.00, -9999.00, 117.41, -9999.00, 115.94, -9999.00, -9999.00, -9999.00, -9999.00, -9999.00, -9999.00
48, 7, LOC_CITY_NAME_ARPINUM, 2.00, -9999.00, 117.41, -9999.00, -9999.00, -9999.00, -9999.00, -9999.00, -9999.00, -9999.00, -9999.00
48, 7, LOC_CITY_NAME_VILNIUS, -9999.00, -9999.00, -9999.00, -9999.00, -9999.00, -9999.00, -9999.00, -9999.00, 0.00, -9999.00, -9999.00
48, 7, LOC_CITY_NAME_FORTALEZA, 3.00, -9999.00, -9999.00, -9999.00, -9999.00, -9999.00, -9999.00, -9999.00, -9999.00, -9999.00, -9999.00
48, 7, LOC_CITY_NAME_CHALKIDIKI, 2.00, -9999.00, 128.19, -9999.00, -9999.00, -9999.00, -9999.00, -9999.00, -9999.00, -9999.00, -9999.00
48, 7, LOC_CITY_NAME_COLOGNE, -9999.00, -9999.00, -9999.00, -9999.00, -9999.00, -9999.00, -9999.00, -9999.00, -9999.00, -9999.00, -9999.00
48, 7, LOC_CITY_NAME_KERMA, 2.00, -9999.00, 388.70, -9999.00, -9999.00, -9999.00, -9999.00, -9999.00, -9999.00, -9999.00, 2578.74
48, 7, LOC_CITY_HOI_AN, 2.00, -9999.00, -9999.00, -9999.00, -9999.00, -9999.00, -9999.00, -9999.00, -9999.00, -9999.00, -9999.00
48, 7, LOC_CITY_NAME_LUGDUNUM, 2.00, -9999.00, -9999.00, -9999.00, -9999.00, -9999.00, -9999.00, -9999.00, -9999.00, -9999.00, -9999.00
48, 7, LOC_CITY_NAME_BABYLON_STK, 0.00, -9999.00, 97.62, -9999.00, -9999.00, -9999.00, -9999.00, -9999.00, -9999.00, -9999.00, 2049.30
48, 7, LOC_CITY_NAME_ALEXANDRIA_LATMUS, 2.00, -9999.00, 128.19, -9999.00, -9999.00, -9999.00, -9999.00, -9999.00, -9999.00, -9999.00, -9999.00
48, 7, LOC_CITY_NAME_PATNA, 0.00, -9999.00, -9999.00, 399.41, -9999.00, 267.43, -9999.00, -9999.00, -9999.00, -9999.00, 2022.14
48, 7, LOC_CITY_NAME_CURITIBA, 3.00, -9999.00, -9999.00, -9999.00, -9999.00, -9999.00, -9999.00, -9999.00, -9999.00, -9999.00, -9999.00
48, 7, LOC_CITY_NAME_LISBON, -9999.00, -9999.00, -9999.00, -9999.00, -9999.00, -9999.00, -9999.00, -9999.00, 0.00, -9999.00, -9999.00
48, 7, LOC_CITY_NAME_SWENETT, 0.00, -9999.00, 388.70, -9999.00, -9999.00, 248.73, -9999.00, -9999.00, -9999.00, -9999.00, 1276.18
48, 7, LOC_CITY_NAME_BORSIPPA, 0.00, -9999.00, 97.62, -9999.00, 115.94, 165.18, -9999.00, -9999.00, -9999.00, -9999.00, 281.22
48, 7, LOC_CITY_NAME_KARKAR, 0.00, -9999.00, 97.62, -9999.00, -9999.00, 173.05, -9999.00, -9999.00, -9999.00, -9999.00, 368.38
48, 7, LOC_CITY_NAME_CUMAE, 2.00, -9999.00, -9999.00, -9999.00, -9999.00, -9999.00, -9999.00, -9999.00, -9999.00, -9999.00, -9999.00
48, 7, LOC_CITY_NAME_MEROE, 2.00, -9999.00, 388.70, -9999.00, -9999.00, -9999.00, -9999.00, -9999.00, -9999.00, -9999.00, 2655.39
48, 7, LOC_CITY_NAME_KUMASI, -9999.00, -9999.00, -9999.00, -9999.00, -9999.00, -9999.00, -9999.00, -9999.00, 0.00, -9999.00, -9999.00
48, 7, LOC_CITY_NAME_MEMPHIS, 0.00, -9999.00, 388.70, -9999.00, -9999.00, 125.85, -9999.00, -9999.00, -9999.00, -9999.00, 1465.35
48, 7, LOC_CITY_NAME_JOHANNESBURG, -9999.00, -9999.00, -9999.00, -9999.00, -9999.00, -9999.00, -9999.00, -9999.00, 0.00, -9999.00, -9999.00
48, 7, LOC_CITY_NAME_DORTMUND, -9999.00, -9999.00, -9999.00, -9999.00, -9999.00, -9999.00, -9999.00, -9999.00, -9999.00, -9999.00, -9999.00
48, 7, LOC_CITY_HOA_LU, 2.00, -9999.00, -9999.00, -9999.00, -9999.00, -9999.00, -9999.00, -9999.00, -9999.00, -9999.00, -9999.00
48, 7, LOC_CITY_NAME_FEZ, 2.00, -9999.00, -9999.00, -9999.00, -9999.00, -9999.00, -9999.00, -9999.00, -9999.00, -9999.00, -9999.00
48, 7, LOC_CITY_NAME_KAWA, 2.00, -9999.00, 388.70, -9999.00, -9999.00, 117.98, -9999.00, -9999.00, -9999.00, -9999.00, 1090.82
48, 7, LOC_CITY_NAME_JERUSALEM, 3.00, -9999.00, -9999.00, -9999.00, -9999.00, -9999.00, -9999.00, -9999.00, -9999.00, -9999.00, -9999.00
48, 7, LOC_CITY_NAME_SALVADOR, 3.00, -9999.00, -9999.00, -9999.00, -9999.00, -9999.00, -9999.00, -9999.00, -9999.00, -9999.00, -9999.00
48, 7, LOC_CITY_NAME_EL_KURRU, 2.00, -9999.00, 388.70, -9999.00, -9999.00, 125.85, -9999.00, -9999.00, -9999.00, -9999.00, -9999.00
48, 7, LOC_CITY_NAME_VATICAN_CITY, -9999.00, -9999.00, -9999.00, -9999.00, -9999.00, -9999.00, -9999.00, -9999.00, 0.00, -9999.00, -9999.00
48, 7, LOC_CITY_NAME_PRESLAV, -9999.00, -9999.00, -9999.00, -9999.00, -9999.00, -9999.00, -9999.00, -9999.00, 0.00, -9999.00, -9999.00
48, 7, LOC_CITY_NAME_HEIDELBERG, -9999.00, -9999.00, -9999.00, -9999.00, -9999.00, -9999.00, -9999.00, -9999.00, -9999.00, -9999.00, -9999.00
48, 7, LOC_CITY_NAME_METHONE, 2.00, -9999.00, -9999.00, -9999.00, -9999.00, -9999.00, -9999.00, -9999.00, -9999.00, -9999.00, -9999.00
48, 7, LOC_CITY_NAME_AKHETATEN, 0.00, -9999.00, 388.70, -9999.00, -9999.00, -9999.00, -9999.00, -9999.00, -9999.00, -9999.00, 504.60
48, 7, LOC_CITY_NAME_BUENOS_AIRES, 2.00, -9999.00, -9999.00, -9999.00, -9999.00, -9999.00, -9999.00, -9999.00, -9999.00, -9999.00, -9999.00
48, 7, LOC_CITY_NAME_BABYLON, -9999.00, -9999.00, -9999.00, -9999.00, -9999.00, -9999.00, -9999.00, -9999.00, 0.00, -9999.00, -9999.00
48, 7, LOC_CITY_NAME_QASR_IBRIM, 2.00, -9999.00, 388.70, -9999.00, -9999.00, -9999.00, -9999.00, -9999.00, -9999.00, -9999.00, -9999.00
48, 7, LOC_CITY_NAME_HEH, 2.00, -9999.00, -9999.00, -9999.00, -9999.00, -9999.00, -9999.00, -9999.00, -9999.00, -9999.00, 200.00
48, 7, LOC_CITY_NAME_SHAAT, 2.00, -9999.00, -9999.00, -9999.00, -9999.00, 39.31, -9999.00, -9999.00, -9999.00, -9999.00, -9999.00
48, 7, LOC_CITY_NAME_SEDEINGA, 2.00, -9999.00, 388.70, -9999.00, 0.00, 102.25, -9999.00, -9999.00, -9999.00, -9999.00, 1480.06
48, 7, LOC_CITY_DONG_HOI, 2.00, -9999.00, -9999.00, -9999.00, -9999.00, -9999.00, -9999.00, -9999.00, -9999.00, -9999.00, -9999.00
48, 7, LOC_CITY_NAME_BRUNDISIUM, 2.00, -9999.00, -9999.00, -9999.00, -9999.00, -9999.00, -9999.00, -9999.00, -9999.00, -9999.00, -9999.00
48, 7, LOC_CITY_NAME_PORTO_ALEGRE, 3.00, -9999.00, -9999.00, -9999.00, -9999.00, -9999.00, -9999.00, -9999.00, -9999.00, -9999.00, -9999.00
48, 7, LOC_CITY_NAME_MAINZ, -9999.00, -9999.00, -9999.00, -9999.00, -9999.00, -9999.00, -9999.00, -9999.00, -9999.00, -9999.00, -9999.00
48, 7, LOC_CITY_NAME_NURI, 2.00, -9999.00, -9999.00, -9999.00, -9999.00, -9999.00, -9999.00, -9999.00, -9999.00, -9999.00, -9999.00
48, 7, LOC_CITY_NAME_YEREVAN, -9999.00, -9999.00, -9999.00, -9999.00, -9999.00, -9999.00, -9999.00, -9999.00, 0.00, -9999.00, -9999.00
48, 8, LOC_CITY_NAME_AACHEN, 1.00, -9999.00, 105.95, -9999.00, -9999.00, -9999.00, -9999.00, -9999.00, -9999.00, -9999.00, -9999.00
48, 8, LOC_CITY_NAME_RIO_DE_JANEIRO, 3.00, -9999.00, -9999.00, -9999.00, -9999.00, 410.32, -9999.00, -9999.00, -9999.00, -9999.00, -9999.00
48, 8, LOC_CITY_NAME_PELLA, 3.00, -9999.00, -9999.00, -9999.00, 115.94, 126.80, -9999.00, -9999.00, -9999.00, -9999.00, -9999.00
48, 8, LOC_CITY_HA_NOI, -9999.00, -9999.00, -9999.00, -9999.00, -9999.00, -9999.00, -9999.00, -9999.00, -9999.00, -9999.00, -9999.00
48, 8, LOC_CITY_NAME_ROME, 1.00, -9999.00, 124.09, -9999.00, -9999.00, -9999.00, -9999.00, -9999.00, -9999.00, -9999.00, -9999.00
48, 8, LOC_CITY_HUE, -9999.00, -9999.00, -9999.00, -9999.00, -9999.00, -9999.00, -9999.00, -9999.00, -9999.00, -9999.00, -9999.00
48, 8, LOC_CITY_NAME_SAO_PAULO, 3.00, -9999.00, 154.34, -9999.00, -9999.00, -9999.00, -9999.00, -9999.00, -9999.00, -9999.00, -9999.00
48, 8, LOC_CITY_NAME_ALEXANDRIA_TROAS, 3.00, -9999.00, 154.34, -9999.00, -9999.00, -9999.00, -9999.00, -9999.00, -9999.00, -9999.00, -9999.00
48, 8, LOC_CITY_NAME_ARRETIUM, 1.00, -9999.00, 124.09, -9999.00, 115.94, -9999.00, -9999.00, -9999.00, -9999.00, -9999.00, -9999.00
48, 8, LOC_CITY_NAME_MAGDEBURG, 1.00, -9999.00, 105.95, 149.41, -9999.00, -9999.00, -9999.00, -9999.00, -9999.00, -9999.00, -9999.00
48, 8, LOC_CITY_QUANG_TRI, -9999.00, -9999.00, -9999.00, -9999.00, -9999.00, -9999.00, -9999.00, -9999.00, -9999.00, -9999.00, -9999.00
48, 8, LOC_CITY_NAME_ARPINUM, 1.00, -9999.00, 124.09, -9999.00, -9999.00, -9999.00, -9999.00, -9999.00, -9999.00, -9999.00, -9999.00
48, 8, LOC_CITY_NAME_VILNIUS, -9999.00, -9999.00, -9999.00, -9999.00, -9999.00, -9999.00, -9999.00, -9999.00, 0.00, -9999.00, -9999.00
48, 8, LOC_CITY_NAME_FORTALEZA, 3.00, -9999.00, -9999.00, -9999.00, -9999.00, -9999.00, -9999.00, -9999.00, -9999.00, -9999.00, -9999.00
48, 8, LOC_CITY_NAME_CHALKIDIKI, 3.00, -9999.00, 154.34, -9999.00, -9999.00, -9999.00, -9999.00, -9999.00, -9999.00, -9999.00, -9999.00
48, 8, LOC_CITY_NAME_COLOGNE, 1.00, -9999.00, 105.95, 149.41, -9999.00, -9999.00, -9999.00, -9999.00, -9999.00, -9999.00, -9999.00
48, 8, LOC_CITY_HOI_AN, -9999.00, -9999.00, -9999.00, -9999.00, -9999.00, -9999.00, -9999.00, -9999.00, -9999.00, -9999.00, -9999.00
48, 8, LOC_CITY_NAME_KERMA, 2.00, -9999.00, 124.09, -9999.00, -9999.00, -9999.00, -9999.00, -9999.00, -9999.00, -9999.00, 2583.99
48, 8, LOC_CITY_NAME_LUGDUNUM, 1.00, -9999.00, -9999.00, -9999.00, -9999.00, -9999.00, -9999.00, -9999.00, -9999.00, -9999.00, -9999.00
48, 8, LOC_CITY_NAME_BABYLON_STK, 0.00, -9999.00, 124.09, -9999.00, -9999.00, -9999.00, -9999.00, -9999.00, -9999.00, -9999.00, 2022.91
48, 8, LOC_CITY_NAME_ALEXANDRIA_LATMUS, 3.00, -9999.00, 154.34, -9999.00, -9999.00, -9999.00, -9999.00, -9999.00, -9999.00, -9999.00, -9999.00
48, 8, LOC_CITY_NAME_PATNA, 0.00, -9999.00, -9999.00, 149.41, -9999.00, 267.43, -9999.00, -9999.00, -9999.00, -9999.00, 1992.19
48, 8, LOC_CITY_NAME_CURITIBA, 3.00, -9999.00, -9999.00, -9999.00, -9999.00, -9999.00, -9999.00, -9999.00, -9999.00, -9999.00, -9999.00
48, 8, LOC_CITY_NAME_LISBON, -9999.00, -9999.00, -9999.00, -9999.00, -9999.00, -9999.00, -9999.00, -9999.00, 0.00, -9999.00, -9999.00
48, 8, LOC_CITY_NAME_SWENETT, 0.00, -9999.00, 124.09, -9999.00, -9999.00, 248.73, -9999.00, -9999.00, -9999.00, -9999.00, 1342.51
48, 8, LOC_CITY_NAME_BORSIPPA, 0.00, -9999.00, 124.09, -9999.00, 115.94, 165.18, -9999.00, -9999.00, -9999.00, -9999.00, 291.94
48, 8, LOC_CITY_NAME_KARKAR, 0.00, -9999.00, 124.09, -9999.00, -9999.00, 173.05, -9999.00, -9999.00, -9999.00, -9999.00, 371.06
48, 8, LOC_CITY_NAME_CUMAE, 1.00, -9999.00, -9999.00, -9999.00, -9999.00, -9999.00, -9999.00, -9999.00, -9999.00, -9999.00, -9999.00
48, 8, LOC_CITY_NAME_MEROE, 2.00, -9999.00, 124.09, -9999.00, -9999.00, -9999.00, -9999.00, -9999.00, -9999.00, -9999.00, 2605.55
48, 8, LOC_CITY_NAME_KUMASI, -9999.00, -9999.00, -9999.00, -9999.00, -9999.00, -9999.00, -9999.00, -9999.00, 0.00, -9999.00, -9999.00
48, 8, LOC_CITY_NAME_MEMPHIS, 0.00, -9999.00, 124.09, -9999.00, -9999.00, 125.85, -9999.00, -9999.00, -9999.00, -9999.00, 1566.19
48, 8, LOC_CITY_NAME_JOHANNESBURG, -9999.00, -9999.00, -9999.00, -9999.00, -9999.00, -9999.00, -9999.00, -9999.00, 0.00, -9999.00, -9999.00
48, 8, LOC_CITY_NAME_DORTMUND, 1.00, -9999.00, -9999.00, -9999.00, -9999.00, -9999.00, -9999.00, -9999.00, -9999.00, -9999.00, -9999.00
48, 8, LOC_CITY_HOA_LU, -9999.00, -9999.00, -9999.00, -9999.00, -9999.00, -9999.00, -9999.00, -9999.00, -9999.00, -9999.00, -9999.00
48, 8, LOC_CITY_NAME_FEZ, 3.00, -9999.00, -9999.00, -9999.00, -9999.00, -9999.00, -9999.00, -9999.00, -9999.00, -9999.00, -9999.00
48, 8, LOC_CITY_NAME_KAWA, 2.00, -9999.00, 124.09, -9999.00, -9999.00, 117.98, -9999.00, -9999.00, -9999.00, -9999.00, 1161.46
48, 8, LOC_CITY_NAME_JERUSALEM, 3.00, -9999.00, -9999.00, -9999.00, -9999.00, -9999.00, -9999.00, -9999.00, -9999.00, -9999.00, -9999.00
48, 8, LOC_CITY_NAME_SALVADOR, 3.00, -9999.00, -9999.00, -9999.00, -9999.00, -9999.00, -9999.00, -9999.00, -9999.00, -9999.00, -9999.00
48, 8, LOC_CITY_NAME_EL_KURRU, 2.00, -9999.00, 124.09, -9999.00, -9999.00, 125.85, -9999.00, -9999.00, -9999.00, -9999.00, -9999.00
48, 8, LOC_CITY_NAME_VATICAN_CITY, -9999.00, -9999.00, -9999.00, -9999.00, -9999.00, -9999.00, -9999.00, -9999.00, 0.00, -9999.00, -9999.00
48, 8, LOC_CITY_NAME_HEIDELBERG, 1.00, -9999.00, -9999.00, -9999.00, -9999.00, -9999.00, -9999.00, -9999.00, -9999.00, -9999.00, -9999.00
48, 8, LOC_CITY_NAME_PRESLAV, -9999.00, -9999.00, -9999.00, -9999.00, -9999.00, -9999.00, -9999.00, -9999.00, 0.00, -9999.00, -9999.00
48, 8, LOC_CITY_NAME_METHONE, 3.00, -9999.00, -9999.00, -9999.00, -9999.00, -9999.00, -9999.00, -9999.00, -9999.00, -9999.00, -9999.00
48, 8, LOC_CITY_NAME_AKHETATEN, 0.00, -9999.00, 124.09, -9999.00, -9999.00, -9999.00, -9999.00, -9999.00, -9999.00, -9999.00, 513.00
48, 8, LOC_CITY_NAME_BUENOS_AIRES, 3.00, -9999.00, -9999.00, -9999.00, -9999.00, -9999.00, -9999.00, -9999.00, -9999.00, -9999.00, -9999.00
48, 8, LOC_CITY_NAME_BABYLON, -9999.00, -9999.00, -9999.00, -9999.00, -9999.00, -9999.00, -9999.00, -9999.00, 0.00, -9999.00, -9999.00
48, 8, LOC_CITY_NAME_QASR_IBRIM, 2.00, -9999.00, 124.09, -9999.00, -9999.00, -9999.00, -9999.00, -9999.00, -9999.00, -9999.00, -9999.00
48, 8, LOC_CITY_NAME_HEH, 2.00, -9999.00, -9999.00, -9999.00, -9999.00, -9999.00, -9999.00, -9999.00, -9999.00, -9999.00, 200.00
48, 8, LOC_CITY_DONG_HOI, -9999.00, -9999.00, -9999.00, -9999.00, -9999.00, -9999.00, -9999.00, -9999.00, -9999.00, -9999.00, -9999.00
48, 8, LOC_CITY_NAME_SHAAT, 2.00, -9999.00, -9999.00, -9999.00, -9999.00, 39.31, -9999.00, -9999.00, -9999.00, -9999.00, -9999.00
48, 8, LOC_CITY_NAME_SEDEINGA, 2.00, -9999.00, 124.09, -9999.00, 0.00, 102.25, -9999.00, -9999.00, -9999.00, -9999.00, 1527.04
48, 8, LOC_CITY_NAME_BRUNDISIUM, 1.00, -9999.00, -9999.00, -9999.00, -9999.00, -9999.00, -9999.00, -9999.00, -9999.00, -9999.00, -9999.00
48, 8, LOC_CITY_NAME_PORTO_ALEGRE, 3.00, -9999.00, 154.34, -9999.00, -9999.00, -9999.00, -9999.00, -9999.00, -9999.00, -9999.00, -9999.00
48, 8, LOC_CITY_NAME_MAINZ, 1.00, -9999.00, -9999.00, -9999.00, -9999.00, -9999.00, -9999.00, -9999.00, -9999.00, -9999.00, -9999.00
48, 8, LOC_CITY_NAME_NURI, 2.00, -9999.00, -9999.00, -9999.00, -9999.00, -9999.00, -9999.00, -9999.00, -9999.00, -9999.00, -9999.00
48, 8, LOC_CITY_NAME_YEREVAN, -9999.00, -9999.00, -9999.00, -9999.00, -9999.00, -9999.00, -9999.00, -9999.00, 0.00, -9999.00, -9999.00
48, 9, LOC_CITY_HA_NOI, 2.00, -9999.00, 347.30, -9999.00, -9999.00, -9999.00, -9999.00, -9999.00, -9999.00, -9999.00, -9999.00
48, 9, LOC_CITY_NAME_AACHEN, 1.00, -9999.00, 347.30, -9999.00, -9999.00, -9999.00, -9999.00, -9999.00, -9999.00, -9999.00, -9999.00
48, 9, LOC_CITY_NAME_RIO_DE_JANEIRO, 3.00, -9999.00, -9999.00, -9999.00, -9999.00, 422.61, -9999.00, -9999.00, -9999.00, -9999.00, -9999.00
48, 9, LOC_CITY_NAME_PELLA, 3.00, -9999.00, -9999.00, -9999.00, 115.94, 130.60, -9999.00, -9999.00, -9999.00, -9999.00, -9999.00
48, 9, LOC_CITY_NAME_ROME, -9999.00, -9999.00, -9999.00, -9999.00, -9999.00, -9999.00, -9999.00, -9999.00, -9999.00, -9999.00, -9999.00
48, 9, LOC_CITY_HUE, 2.00, -9999.00, -9999.00, -9999.00, -9999.00, -9999.00, -9999.00, -9999.00, -9999.00, -9999.00, -9999.00
48, 9, LOC_CITY_NAME_SAO_PAULO, 3.00, -9999.00, -9999.00, -9999.00, -9999.00, -9999.00, -9999.00, -9999.00, -9999.00, -9999.00, -9999.00
48, 9, LOC_CITY_NAME_ALEXANDRIA_TROAS, 3.00, -9999.00, -9999.00, -9999.00, -9999.00, -9999.00, -9999.00, -9999.00, -9999.00, -9999.00, -9999.00
48, 9, LOC_CITY_NAME_ARRETIUM, -9999.00, -9999.00, -9999.00, -9999.00, -9999.00, -9999.00, -9999.00, -9999.00, -9999.00, -9999.00, -9999.00
48, 9, LOC_CITY_QUANG_TRI, 2.00, -9999.00, 347.30, -9999.00, 115.94, -9999.00, -9999.00, -9999.00, -9999.00, -9999.00, -9999.00
48, 9, LOC_CITY_NAME_MAGDEBURG, 1.00, -9999.00, 347.30, 125.00, -9999.00, -9999.00, -9999.00, -9999.00, -9999.00, -9999.00, -9999.00
48, 9, LOC_CITY_NAME_ARPINUM, -9999.00, -9999.00, -9999.00, -9999.00, -9999.00, -9999.00, -9999.00, -9999.00, -9999.00, -9999.00, -9999.00
48, 9, LOC_CITY_NAME_VILNIUS, -9999.00, -9999.00, -9999.00, -9999.00, -9999.00, -9999.00, -9999.00, -9999.00, 0.00, -9999.00, -9999.00
48, 9, LOC_CITY_NAME_FORTALEZA, 3.00, -9999.00, -9999.00, -9999.00, -9999.00, -9999.00, -9999.00, -9999.00, -9999.00, -9999.00, -9999.00
48, 9, LOC_CITY_NAME_CHALKIDIKI, 3.00, -9999.00, -9999.00, -9999.00, -9999.00, -9999.00, -9999.00, -9999.00, -9999.00, -9999.00, -9999.00
48, 9, LOC_CITY_NAME_COLOGNE, 1.00, -9999.00, 347.30, 125.00, -9999.00, -9999.00, -9999.00, -9999.00, -9999.00, -9999.00, -9999.00
48, 9, LOC_CITY_HOI_AN, 2.00, -9999.00, -9999.00, -9999.00, -9999.00, -9999.00, -9999.00, -9999.00, -9999.00, -9999.00, -9999.00
48, 9, LOC_CITY_NAME_LUGDUNUM, -9999.00, -9999.00, -9999.00, -9999.00, -9999.00, -9999.00, -9999.00, -9999.00, -9999.00, -9999.00, -9999.00
48, 9, LOC_CITY_NAME_KERMA, 2.00, -9999.00, 347.30, -9999.00, -9999.00, -9999.00, -9999.00, -9999.00, -9999.00, -9999.00, 2379.16
48, 9, LOC_CITY_NAME_BABYLON_STK, 0.00, -9999.00, 347.30, -9999.00, -9999.00, -9999.00, -9999.00, -9999.00, -9999.00, -9999.00, 1886.14
48, 9, LOC_CITY_NAME_ALEXANDRIA_LATMUS, 3.00, -9999.00, -9999.00, -9999.00, -9999.00, -9999.00, -9999.00, -9999.00, -9999.00, -9999.00, -9999.00
48, 9, LOC_CITY_NAME_PATNA, 0.00, -9999.00, -9999.00, 125.00, -9999.00, 275.45, -9999.00, -9999.00, -9999.00, -9999.00, 1720.16
48, 9, LOC_CITY_NAME_CURITIBA, 3.00, -9999.00, -9999.00, -9999.00, -9999.00, -9999.00, -9999.00, -9999.00, -9999.00, -9999.00, -9999.00
48, 9, LOC_CITY_NAME_LISBON, -9999.00, -9999.00, -9999.00, -9999.00, -9999.00, -9999.00, -9999.00, -9999.00, 0.00, -9999.00, -9999.00
48, 9, LOC_CITY_NAME_SWENETT, 0.00, -9999.00, 347.30, -9999.00, -9999.00, 256.18, -9999.00, -9999.00, -9999.00, -9999.00, 1223.18
48, 9, LOC_CITY_NAME_BORSIPPA, 0.00, -9999.00, 347.30, -9999.00, 115.94, 170.13, -9999.00, -9999.00, -9999.00, -9999.00, 256.50
48, 9, LOC_CITY_NAME_KARKAR, 0.00, -9999.00, 347.30, -9999.00, -9999.00, 178.23, -9999.00, -9999.00, -9999.00, -9999.00, 362.20
48, 9, LOC_CITY_NAME_MEROE, 2.00, -9999.00, 347.30, -9999.00, -9999.00, -9999.00, -9999.00, -9999.00, -9999.00, -9999.00, 2446.35
48, 9, LOC_CITY_NAME_CUMAE, -9999.00, -9999.00, -9999.00, -9999.00, -9999.00, -9999.00, -9999.00, -9999.00, -9999.00, -9999.00, -9999.00
48, 9, LOC_CITY_NAME_KUMASI, -9999.00, -9999.00, -9999.00, -9999.00, -9999.00, -9999.00, -9999.00, -9999.00, 0.00, -9999.00, -9999.00
48, 9, LOC_CITY_NAME_MEMPHIS, 0.00, -9999.00, 347.30, -9999.00, -9999.00, 129.62, -9999.00, -9999.00, -9999.00, -9999.00, 1382.77
48, 9, LOC_CITY_NAME_JOHANNESBURG, -9999.00, -9999.00, -9999.00, -9999.00, -9999.00, -9999.00, -9999.00, -9999.00, 0.00, -9999.00, -9999.00
48, 9, LOC_CITY_HOA_LU, 2.00, -9999.00, -9999.00, -9999.00, -9999.00, -9999.00, -9999.00, -9999.00, -9999.00, -9999.00, -9999.00
48, 9, LOC_CITY_NAME_DORTMUND, 1.00, -9999.00, -9999.00, -9999.00, -9999.00, -9999.00, -9999.00, -9999.00, -9999.00, -9999.00, -9999.00
48, 9, LOC_CITY_NAME_FEZ, 3.00, -9999.00, -9999.00, -9999.00, -9999.00, -9999.00, -9999.00, -9999.00, -9999.00, -9999.00, -9999.00
48, 9, LOC_CITY_NAME_KAWA, 2.00, -9999.00, 347.30, -9999.00, -9999.00, 121.52, -9999.00, -9999.00, -9999.00, -9999.00, 1023.89
48, 9, LOC_CITY_NAME_JERUSALEM, 3.00, -9999.00, -9999.00, -9999.00, -9999.00, -9999.00, -9999.00, -9999.00, -9999.00, -9999.00, -9999.00
48, 9, LOC_CITY_NAME_SALVADOR, 3.00, -9999.00, -9999.00, -9999.00, -9999.00, -9999.00, -9999.00, -9999.00, -9999.00, -9999.00, -9999.00
48, 9, LOC_CITY_NAME_EL_KURRU, 2.00, -9999.00, 347.30, -9999.00, -9999.00, 129.62, -9999.00, -9999.00, -9999.00, -9999.00, -9999.00
48, 9, LOC_CITY_NAME_VATICAN_CITY, -9999.00, -9999.00, -9999.00, -9999.00, -9999.00, -9999.00, -9999.00, -9999.00, 0.00, -9999.00, -9999.00
48, 9, LOC_CITY_NAME_HEIDELBERG, 1.00, -9999.00, -9999.00, -9999.00, -9999.00, -9999.00, -9999.00, -9999.00, -9999.00, -9999.00, -9999.00
48, 9, LOC_CITY_NAME_PRESLAV, -9999.00, -9999.00, -9999.00, -9999.00, -9999.00, -9999.00, -9999.00, -9999.00, 0.00, -9999.00, -9999.00
48, 9, LOC_CITY_NAME_METHONE, 3.00, -9999.00, -9999.00, -9999.00, -9999.00, -9999.00, -9999.00, -9999.00, -9999.00, -9999.00, -9999.00
48, 9, LOC_CITY_NAME_AKHETATEN, 0.00, -9999.00, 347.30, -9999.00, -9999.00, -9999.00, -9999.00, -9999.00, -9999.00, -9999.00, 473.70
48, 9, LOC_CITY_NAME_BUENOS_AIRES, 3.00, -9999.00, -9999.00, -9999.00, -9999.00, -9999.00, -9999.00, -9999.00, -9999.00, -9999.00, -9999.00
48, 9, LOC_CITY_NAME_BABYLON, -9999.00, -9999.00, -9999.00, -9999.00, -9999.00, -9999.00, -9999.00, -9999.00, 0.00, -9999.00, -9999.00
48, 9, LOC_CITY_NAME_QASR_IBRIM, 2.00, -9999.00, 347.30, -9999.00, -9999.00, -9999.00, -9999.00, -9999.00, -9999.00, -9999.00, -9999.00
48, 9, LOC_CITY_NAME_HEH, 2.00, -9999.00, -9999.00, -9999.00, -9999.00, -9999.00, -9999.00, -9999.00, -9999.00, -9999.00, 200.00
48, 9, LOC_CITY_DONG_HOI, 2.00, -9999.00, -9999.00, -9999.00, -9999.00, -9999.00, -9999.00, -9999.00, -9999.00, -9999.00, -9999.00
48, 9, LOC_CITY_NAME_SHAAT, 2.00, -9999.00, -9999.00, -9999.00, -9999.00, 40.48, -9999.00, -9999.00, -9999.00, -9999.00, -9999.00
48, 9, LOC_CITY_NAME_SEDEINGA, 2.00, -9999.00, 347.30, -9999.00, 0.00, 105.31, -9999.00, -9999.00, -9999.00, -9999.00, 1359.23
48, 9, LOC_CITY_NAME_BRUNDISIUM, -9999.00, -9999.00, -9999.00, -9999.00, -9999.00, -9999.00, -9999.00, -9999.00, -9999.00, -9999.00, -9999.00
48, 9, LOC_CITY_NAME_PORTO_ALEGRE, 3.00, -9999.00, -9999.00, -9999.00, -9999.00, -9999.00, -9999.00, -9999.00, -9999.00, -9999.00, -9999.00
48, 9, LOC_CITY_NAME_MAINZ, 1.00, -9999.00, -9999.00, -9999.00, -9999.00, -9999.00, -9999.00, -9999.00, -9999.00, -9999.00, -9999.00
48, 9, LOC_CITY_NAME_NURI, 2.00, -9999.00, -9999.00, -9999.00, -9999.00, -9999.00, -9999.00, -9999.00, -9999.00, -9999.00, -9999.00
48, 9, LOC_CITY_NAME_YEREVAN, -9999.00, -9999.00, -9999.00, -9999.00, -9999.00, -9999.00, -9999.00, -9999.00, 0.00, -9999.00, -9999.00
49, 5, LOC_CITY_NAME_PELLA, -9999.00, -9999.00, -9999.00, -9999.00, -9999.00, -9999.00, -9999.00, -9999.00, -9999.00, -9999.00, -9999.00
49, 5, LOC_CITY_NAME_ROME, 3.00, -9999.00, 109.77, -9999.00, -9999.00, -9999.00, -9999.00, -9999.00, -9999.00, -9999.00, -9999.00
49, 5, LOC_CITY_HA_NOI, 1.00, -9999.00, 362.02, -9999.00, -9999.00, -9999.00, -9999.00, -9999.00, -9999.00, -9999.00, -9999.00
49, 5, LOC_CITY_NAME_AACHEN, 1.00, -9999.00, 362.02, -9999.00, -9999.00, -9999.00, -9999.00, -9999.00, -9999.00, -9999.00, -9999.00
49, 5, LOC_CITY_NAME_RIO_DE_JANEIRO, 3.00, -9999.00, -9999.00, -9999.00, -9999.00, 374.39, -9999.00, -9999.00, -9999.00, -9999.00, -9999.00
49, 5, LOC_CITY_HUE, 1.00, -9999.00, -9999.00, -9999.00, -9999.00, -9999.00, -9999.00, -9999.00, -9999.00, -9999.00, -9999.00
49, 5, LOC_CITY_NAME_ALEXANDRIA_TROAS, -9999.00, -9999.00, -9999.00, -9999.00, -9999.00, -9999.00, -9999.00, -9999.00, -9999.00, -9999.00, -9999.00
49, 5, LOC_CITY_NAME_SAO_PAULO, 3.00, -9999.00, -9999.00, -9999.00, -9999.00, -9999.00, -9999.00, -9999.00, -9999.00, -9999.00, -9999.00
49, 5, LOC_CITY_NAME_ARRETIUM, 3.00, -9999.00, 109.77, -9999.00, 135.94, -9999.00, -9999.00, -9999.00, -9999.00, -9999.00, -9999.00
49, 5, LOC_CITY_QUANG_TRI, 1.00, -9999.00, 362.02, -9999.00, 135.94, -9999.00, -9999.00, -9999.00, -9999.00, -9999.00, -9999.00
49, 5, LOC_CITY_NAME_MAGDEBURG, 1.00, -9999.00, 362.02, 125.00, -9999.00, -9999.00, -9999.00, -9999.00, -9999.00, -9999.00, -9999.00
49, 5, LOC_CITY_NAME_ARPINUM, 3.00, -9999.00, 109.77, -9999.00, -9999.00, -9999.00, -9999.00, -9999.00, -9999.00, -9999.00, -9999.00
49, 5, LOC_CITY_NAME_VILNIUS, -9999.00, -9999.00, -9999.00, -9999.00, -9999.00, -9999.00, -9999.00, -9999.00, 0.00, -9999.00, -9999.00
49, 5, LOC_CITY_NAME_CHALKIDIKI, -9999.00, -9999.00, -9999.00, -9999.00, -9999.00, -9999.00, -9999.00, -9999.00, -9999.00, -9999.00, -9999.00
49, 5, LOC_CITY_NAME_FORTALEZA, 3.00, -9999.00, -9999.00, -9999.00, -9999.00, -9999.00, -9999.00, -9999.00, -9999.00, -9999.00, -9999.00
49, 5, LOC_CITY_NAME_COLOGNE, 1.00, -9999.00, 362.02, 125.00, -9999.00, -9999.00, -9999.00, -9999.00, -9999.00, -9999.00, -9999.00
49, 5, LOC_CITY_NAME_KERMA, 2.00, -9999.00, 362.02, -9999.00, -9999.00, -9999.00, -9999.00, -9999.00, -9999.00, -9999.00, 2572.24
49, 5, LOC_CITY_HOI_AN, 1.00, -9999.00, -9999.00, -9999.00, -9999.00, -9999.00, -9999.00, -9999.00, -9999.00, -9999.00, -9999.00
49, 5, LOC_CITY_NAME_LUGDUNUM, 3.00, -9999.00, -9999.00, -9999.00, -9999.00, -9999.00, -9999.00, -9999.00, -9999.00, -9999.00, -9999.00
49, 5, LOC_CITY_NAME_BABYLON_STK, 0.00, -9999.00, 362.02, -9999.00, -9999.00, -9999.00, -9999.00, -9999.00, -9999.00, -9999.00, 2273.96
49, 5, LOC_CITY_NAME_PATNA, 0.00, -9999.00, -9999.00, 125.00, -9999.00, 246.94, -9999.00, -9999.00, -9999.00, -9999.00, 2159.89
49, 5, LOC_CITY_NAME_ALEXANDRIA_LATMUS, -9999.00, -9999.00, -9999.00, -9999.00, -9999.00, -9999.00, -9999.00, -9999.00, -9999.00, -9999.00, -9999.00
49, 5, LOC_CITY_NAME_CURITIBA, 3.00, -9999.00, -9999.00, -9999.00, -9999.00, -9999.00, -9999.00, -9999.00, -9999.00, -9999.00, -9999.00
49, 5, LOC_CITY_NAME_LISBON, -9999.00, -9999.00, -9999.00, -9999.00, -9999.00, -9999.00, -9999.00, -9999.00, 0.00, -9999.00, -9999.00
49, 5, LOC_CITY_NAME_SWENETT, 0.00, -9999.00, 362.02, -9999.00, -9999.00, 251.27, -9999.00, -9999.00, -9999.00, -9999.00, 1531.14
49, 5, LOC_CITY_NAME_BORSIPPA, 0.00, -9999.00, 362.02, -9999.00, 135.94, 179.44, -9999.00, -9999.00, -9999.00, -9999.00, 455.16
49, 5, LOC_CITY_NAME_KARKAR, 0.00, -9999.00, 362.02, -9999.00, -9999.00, 165.08, -9999.00, -9999.00, -9999.00, -9999.00, 573.34
49, 5, LOC_CITY_NAME_CUMAE, 3.00, -9999.00, -9999.00, -9999.00, -9999.00, -9999.00, -9999.00, -9999.00, -9999.00, -9999.00, -9999.00
49, 5, LOC_CITY_NAME_MEROE, 2.00, -9999.00, 362.02, -9999.00, -9999.00, 301.45, -9999.00, -9999.00, -9999.00, -9999.00, 2816.87
49, 5, LOC_CITY_NAME_KUMASI, -9999.00, -9999.00, -9999.00, -9999.00, -9999.00, -9999.00, -9999.00, -9999.00, 0.00, -9999.00, -9999.00
49, 5, LOC_CITY_NAME_MEMPHIS, 0.00, -9999.00, 362.02, -9999.00, -9999.00, 136.36, -9999.00, -9999.00, -9999.00, -9999.00, 1714.55
49, 5, LOC_CITY_NAME_JOHANNESBURG, -9999.00, -9999.00, -9999.00, -9999.00, -9999.00, -9999.00, -9999.00, -9999.00, 0.00, -9999.00, -9999.00
49, 5, LOC_CITY_HOA_LU, 1.00, -9999.00, -9999.00, -9999.00, -9999.00, -9999.00, -9999.00, -9999.00, -9999.00, -9999.00, -9999.00
49, 5, LOC_CITY_NAME_DORTMUND, 1.00, -9999.00, -9999.00, -9999.00, -9999.00, -9999.00, -9999.00, -9999.00, -9999.00, -9999.00, -9999.00
49, 5, LOC_CITY_NAME_FEZ, -9999.00, -9999.00, -9999.00, -9999.00, -9999.00, -9999.00, -9999.00, -9999.00, -9999.00, -9999.00, -9999.00
49, 5, LOC_CITY_NAME_KAWA, 2.00, -9999.00, 362.02, -9999.00, -9999.00, 122.01, -9999.00, -9999.00, -9999.00, -9999.00, 1286.50
49, 5, LOC_CITY_NAME_EL_KURRU, 2.00, -9999.00, 362.02, -9999.00, -9999.00, 122.01, -9999.00, -9999.00, -9999.00, -9999.00, -9999.00
49, 5, LOC_CITY_NAME_VATICAN_CITY, -9999.00, -9999.00, -9999.00, -9999.00, -9999.00, -9999.00, -9999.00, -9999.00, 0.00, -9999.00, -9999.00
49, 5, LOC_CITY_NAME_JERUSALEM, 3.00, -9999.00, -9999.00, -9999.00, -9999.00, -9999.00, -9999.00, -9999.00, -9999.00, -9999.00, -9999.00
49, 5, LOC_CITY_NAME_SALVADOR, 3.00, -9999.00, -9999.00, -9999.00, -9999.00, -9999.00, -9999.00, -9999.00, -9999.00, -9999.00, -9999.00
49, 5, LOC_CITY_NAME_PRESLAV, -9999.00, -9999.00, -9999.00, -9999.00, -9999.00, -9999.00, -9999.00, -9999.00, 0.00, -9999.00, -9999.00
49, 5, LOC_CITY_NAME_HEIDELBERG, 1.00, -9999.00, -9999.00, -9999.00, -9999.00, -9999.00, -9999.00, -9999.00, -9999.00, -9999.00, -9999.00
49, 5, LOC_CITY_NAME_AKHETATEN, 0.00, -9999.00, 362.02, -9999.00, -9999.00, -9999.00, -9999.00, -9999.00, -9999.00, -9999.00, 1098.39
49, 5, LOC_CITY_NAME_METHONE, -9999.00, -9999.00, -9999.00, -9999.00, -9999.00, -9999.00, -9999.00, -9999.00, -9999.00, -9999.00, -9999.00
49, 5, LOC_CITY_NAME_BUENOS_AIRES, -9999.00, -9999.00, -9999.00, -9999.00, -9999.00, -9999.00, -9999.00, -9999.00, -9999.00, -9999.00, -9999.00
49, 5, LOC_CITY_NAME_BABYLON, -9999.00, -9999.00, -9999.00, -9999.00, -9999.00, -9999.00, -9999.00, -9999.00, 0.00, -9999.00, -9999.00
49, 5, LOC_CITY_NAME_QASR_IBRIM, 2.00, -9999.00, 362.02, -9999.00, -9999.00, -9999.00, -9999.00, -9999.00, -9999.00, -9999.00, -9999.00
49, 5, LOC_CITY_NAME_HEH, 2.00, -9999.00, -9999.00, -9999.00, -9999.00, 179.44, -9999.00, -9999.00, -9999.00, -9999.00, 200.00
49, 5, LOC_CITY_NAME_SHAAT, 2.00, -9999.00, -9999.00, -9999.00, -9999.00, 71.76, -9999.00, -9999.00, -9999.00, -9999.00, -9999.00
49, 5, LOC_CITY_NAME_SEDEINGA, 2.00, -9999.00, 362.02, -9999.00, 0.00, 129.19, -9999.00, -9999.00, -9999.00, -9999.00, 1557.47
49, 5, LOC_CITY_DONG_HOI, 1.00, -9999.00, -9999.00, -9999.00, -9999.00, -9999.00, -9999.00, -9999.00, -9999.00, -9999.00, -9999.00
49, 5, LOC_CITY_NAME_BRUNDISIUM, 3.00, -9999.00, -9999.00, -9999.00, -9999.00, -9999.00, -9999.00, -9999.00, -9999.00, -9999.00, -9999.00
49, 5, LOC_CITY_NAME_PORTO_ALEGRE, 3.00, -9999.00, -9999.00, -9999.00, -9999.00, -9999.00, -9999.00, -9999.00, -9999.00, -9999.00, -9999.00
49, 5, LOC_CITY_NAME_NURI, 2.00, -9999.00, -9999.00, -9999.00, -9999.00, -9999.00, -9999.00, -9999.00, -9999.00, -9999.00, -9999.00
49, 5, LOC_CITY_NAME_MAINZ, 1.00, -9999.00, -9999.00, -9999.00, -9999.00, -9999.00, -9999.00, -9999.00, -9999.00, -9999.00, -9999.00
49, 5, LOC_CITY_NAME_YEREVAN, -9999.00, -9999.00, -9999.00, -9999.00, -9999.00, -9999.00, -9999.00, -9999.00, 0.00, -9999.00, -9999.00
49, 6, LOC_CITY_NAME_PELLA, 1.00, -9999.00, -9999.00, -9999.00, 115.94, 121.14, -9999.00, -9999.00, -9999.00, -9999.00, -9999.00
49, 6, LOC_CITY_NAME_RIO_DE_JANEIRO, -9999.00, -9999.00, -9999.00, -9999.00, -9999.00, -9999.00, -9999.00, -9999.00, -9999.00, -9999.00, -9999.00
49, 6, LOC_CITY_NAME_ROME, 1.00, -9999.00, 0.00, -9999.00, -9999.00, -9999.00, -9999.00, -9999.00, -9999.00, -9999.00, -9999.00
49, 6, LOC_CITY_HA_NOI, 1.00, -9999.00, 292.71, -9999.00, -9999.00, -9999.00, -9999.00, -9999.00, -9999.00, -9999.00, -9999.00
49, 6, LOC_CITY_NAME_AACHEN, 1.00, -9999.00, 292.71, -9999.00, -9999.00, -9999.00, -9999.00, -9999.00, -9999.00, -9999.00, -9999.00
49, 6, LOC_CITY_HUE, 1.00, -9999.00, -9999.00, -9999.00, -9999.00, -9999.00, -9999.00, -9999.00, -9999.00, -9999.00, -9999.00
49, 6, LOC_CITY_NAME_ALEXANDRIA_TROAS, 1.00, -9999.00, 0.00, -9999.00, -9999.00, -9999.00, -9999.00, -9999.00, -9999.00, -9999.00, -9999.00
49, 6, LOC_CITY_NAME_SAO_PAULO, -9999.00, -9999.00, -9999.00, -9999.00, -9999.00, -9999.00, -9999.00, -9999.00, -9999.00, -9999.00, -9999.00
49, 6, LOC_CITY_NAME_ARRETIUM, 1.00, -9999.00, 0.00, -9999.00, 115.94, -9999.00, -9999.00, -9999.00, -9999.00, -9999.00, -9999.00
49, 6, LOC_CITY_QUANG_TRI, 1.00, -9999.00, 292.71, -9999.00, 115.94, -9999.00, -9999.00, -9999.00, -9999.00, -9999.00, -9999.00
49, 6, LOC_CITY_NAME_MAGDEBURG, 1.00, -9999.00, 292.71, 250.00, -9999.00, -9999.00, -9999.00, -9999.00, -9999.00, -9999.00, -9999.00
49, 6, LOC_CITY_NAME_ARPINUM, 1.00, -9999.00, 0.00, -9999.00, -9999.00, -9999.00, -9999.00, -9999.00, -9999.00, -9999.00, -9999.00
49, 6, LOC_CITY_NAME_VILNIUS, -9999.00, -9999.00, -9999.00, -9999.00, -9999.00, -9999.00, -9999.00, -9999.00, 0.00, -9999.00, -9999.00
49, 6, LOC_CITY_NAME_CHALKIDIKI, 1.00, -9999.00, 0.00, -9999.00, -9999.00, -9999.00, -9999.00, -9999.00, -9999.00, -9999.00, -9999.00
49, 6, LOC_CITY_NAME_FORTALEZA, -9999.00, -9999.00, -9999.00, -9999.00, -9999.00, -9999.00, -9999.00, -9999.00, -9999.00, -9999.00, -9999.00
49, 6, LOC_CITY_NAME_COLOGNE, 1.00, -9999.00, 292.71, 250.00, -9999.00, -9999.00, -9999.00, -9999.00, -9999.00, -9999.00, -9999.00
49, 6, LOC_CITY_NAME_KERMA, 2.00, -9999.00, 292.71, -9999.00, -9999.00, -9999.00, -9999.00, -9999.00, -9999.00, -9999.00, 2305.77
49, 6, LOC_CITY_HOI_AN, 1.00, -9999.00, -9999.00, -9999.00, -9999.00, -9999.00, -9999.00, -9999.00, -9999.00, -9999.00, -9999.00
49, 6, LOC_CITY_NAME_LUGDUNUM, 1.00, -9999.00, -9999.00, -9999.00, -9999.00, -9999.00, -9999.00, -9999.00, -9999.00, -9999.00, -9999.00
49, 6, LOC_CITY_NAME_BABYLON_STK, 0.00, -9999.00, 292.71, -9999.00, -9999.00, -9999.00, -9999.00, -9999.00, -9999.00, -9999.00, 1801.87
49, 6, LOC_CITY_NAME_ALEXANDRIA_LATMUS, 1.00, -9999.00, 0.00, -9999.00, -9999.00, -9999.00, -9999.00, -9999.00, -9999.00, -9999.00, -9999.00
49, 6, LOC_CITY_NAME_PATNA, 0.00, -9999.00, -9999.00, 250.00, -9999.00, 246.94, -9999.00, -9999.00, -9999.00, -9999.00, 1819.71
49, 6, LOC_CITY_NAME_CURITIBA, -9999.00, -9999.00, -9999.00, -9999.00, -9999.00, -9999.00, -9999.00, -9999.00, -9999.00, -9999.00, -9999.00
49, 6, LOC_CITY_NAME_LISBON, -9999.00, -9999.00, -9999.00, -9999.00, -9999.00, -9999.00, -9999.00, -9999.00, 0.00, -9999.00, -9999.00
49, 6, LOC_CITY_NAME_SWENETT, 0.00, -9999.00, 292.71, -9999.00, -9999.00, 251.27, -9999.00, -9999.00, -9999.00, -9999.00, 1256.33
49, 6, LOC_CITY_NAME_BORSIPPA, 0.00, -9999.00, 292.71, -9999.00, 115.94, 179.44, -9999.00, -9999.00, -9999.00, -9999.00, 253.77
49, 6, LOC_CITY_NAME_KARKAR, 0.00, -9999.00, 292.71, -9999.00, -9999.00, 165.08, -9999.00, -9999.00, -9999.00, -9999.00, 381.52
49, 6, LOC_CITY_NAME_CUMAE, 1.00, -9999.00, -9999.00, -9999.00, -9999.00, -9999.00, -9999.00, -9999.00, -9999.00, -9999.00, -9999.00
49, 6, LOC_CITY_NAME_MEROE, 2.00, -9999.00, 292.71, -9999.00, -9999.00, 301.45, -9999.00, -9999.00, -9999.00, -9999.00, 2347.70
49, 6, LOC_CITY_NAME_KUMASI, -9999.00, -9999.00, -9999.00, -9999.00, -9999.00, -9999.00, -9999.00, -9999.00, 0.00, -9999.00, -9999.00
49, 6, LOC_CITY_NAME_MEMPHIS, 0.00, -9999.00, 292.71, -9999.00, -9999.00, 136.36, -9999.00, -9999.00, -9999.00, -9999.00, 1457.91
49, 6, LOC_CITY_NAME_JOHANNESBURG, -9999.00, -9999.00, -9999.00, -9999.00, -9999.00, -9999.00, -9999.00, -9999.00, 0.00, -9999.00, -9999.00
49, 6, LOC_CITY_HOA_LU, 1.00, -9999.00, -9999.00, -9999.00, -9999.00, -9999.00, -9999.00, -9999.00, -9999.00, -9999.00, -9999.00
49, 6, LOC_CITY_NAME_DORTMUND, 1.00, -9999.00, -9999.00, -9999.00, -9999.00, -9999.00, -9999.00, -9999.00, -9999.00, -9999.00, -9999.00
49, 6, LOC_CITY_NAME_FEZ, 1.00, -9999.00, -9999.00, -9999.00, -9999.00, -9999.00, -9999.00, -9999.00, -9999.00, -9999.00, -9999.00
49, 6, LOC_CITY_NAME_KAWA, 2.00, -9999.00, 292.71, -9999.00, -9999.00, 122.01, -9999.00, -9999.00, -9999.00, -9999.00, 1065.35
49, 6, LOC_CITY_NAME_JERUSALEM, -9999.00, -9999.00, -9999.00, -9999.00, -9999.00, -9999.00, -9999.00, -9999.00, -9999.00, -9999.00, -9999.00
49, 6, LOC_CITY_NAME_SALVADOR, -9999.00, -9999.00, -9999.00, -9999.00, -9999.00, -9999.00, -9999.00, -9999.00, -9999.00, -9999.00, -9999.00
49, 6, LOC_CITY_NAME_EL_KURRU, 2.00, -9999.00, 292.71, -9999.00, -9999.00, 122.01, -9999.00, -9999.00, -9999.00, -9999.00, -9999.00
49, 6, LOC_CITY_NAME_VATICAN_CITY, -9999.00, -9999.00, -9999.00, -9999.00, -9999.00, -9999.00, -9999.00, -9999.00, 0.00, -9999.00, -9999.00
49, 6, LOC_CITY_NAME_PRESLAV, -9999.00, -9999.00, -9999.00, -9999.00, -9999.00, -9999.00, -9999.00, -9999.00, 0.00, -9999.00, -9999.00
49, 6, LOC_CITY_NAME_HEIDELBERG, 1.00, -9999.00, -9999.00, -9999.00, -9999.00, -9999.00, -9999.00, -9999.00, -9999.00, -9999.00, -9999.00
49, 6, LOC_CITY_NAME_METHONE, 1.00, -9999.00, -9999.00, -9999.00, -9999.00, -9999.00, -9999.00, -9999.00, -9999.00, -9999.00, -9999.00
49, 6, LOC_CITY_NAME_AKHETATEN, 0.00, -9999.00, 292.71, -9999.00, -9999.00, -9999.00, -9999.00, -9999.00, -9999.00, -9999.00, 703.99
49, 6, LOC_CITY_NAME_BUENOS_AIRES, 1.00, -9999.00, -9999.00, -9999.00, -9999.00, -9999.00, -9999.00, -9999.00, -9999.00, -9999.00, -9999.00
49, 6, LOC_CITY_NAME_BABYLON, -9999.00, -9999.00, -9999.00, -9999.00, -9999.00, -9999.00, -9999.00, -9999.00, 0.00, -9999.00, -9999.00
49, 6, LOC_CITY_NAME_QASR_IBRIM, 2.00, -9999.00, 292.71, -9999.00, -9999.00, -9999.00, -9999.00, -9999.00, -9999.00, -9999.00, -9999.00
49, 6, LOC_CITY_NAME_HEH, 2.00, -9999.00, -9999.00, -9999.00, -9999.00, 179.44, -9999.00, -9999.00, -9999.00, -9999.00, 200.00
49, 6, LOC_CITY_NAME_SHAAT, 2.00, -9999.00, -9999.00, -9999.00, -9999.00, 71.76, -9999.00, -9999.00, -9999.00, -9999.00, -9999.00
49, 6, LOC_CITY_NAME_SEDEINGA, 2.00, -9999.00, 292.71, -9999.00, 0.00, 129.19, -9999.00, -9999.00, -9999.00, -9999.00, 1285.34
49, 6, LOC_CITY_DONG_HOI, 1.00, -9999.00, -9999.00, -9999.00, -9999.00, -9999.00, -9999.00, -9999.00, -9999.00, -9999.00, -9999.00
49, 6, LOC_CITY_NAME_BRUNDISIUM, 1.00, -9999.00, -9999.00, -9999.00, -9999.00, -9999.00, -9999.00, -9999.00, -9999.00, -9999.00, -9999.00
49, 6, LOC_CITY_NAME_PORTO_ALEGRE, -9999.00, -9999.00, -9999.00, -9999.00, -9999.00, -9999.00, -9999.00, -9999.00, -9999.00, -9999.00, -9999.00
49, 6, LOC_CITY_NAME_NURI, 2.00, -9999.00, -9999.00, -9999.00, -9999.00, -9999.00, -9999.00, -9999.00, -9999.00, -9999.00, -9999.00
49, 6, LOC_CITY_NAME_MAINZ, 1.00, -9999.00, -9999.00, -9999.00, -9999.00, -9999.00, -9999.00, -9999.00, -9999.00, -9999.00, -9999.00
49, 6, LOC_CITY_NAME_YEREVAN, -9999.00, -9999.00, -9999.00, -9999.00, -9999.00, -9999.00, -9999.00, -9999.00, 0.00, -9999.00, -9999.00
49, 7, LOC_CITY_NAME_RIO_DE_JANEIRO, 3.00, -9999.00, -9999.00, -9999.00, -9999.00, 417.15, -9999.00, -9999.00, -9999.00, -9999.00, -9999.00
49, 7, LOC_CITY_NAME_PELLA, 2.00, -9999.00, -9999.00, -9999.00, 115.94, 132.76, -9999.00, -9999.00, -9999.00, -9999.00, -9999.00
49, 7, LOC_CITY_NAME_AACHEN, -9999.00, -9999.00, -9999.00, -9999.00, -9999.00, -9999.00, -9999.00, -9999.00, -9999.00, -9999.00, -9999.00
49, 7, LOC_CITY_NAME_ROME, 2.00, -9999.00, 117.41, -9999.00, -9999.00, -9999.00, -9999.00, -9999.00, -9999.00, -9999.00, -9999.00
49, 7, LOC_CITY_HA_NOI, 2.00, -9999.00, 0.00, -9999.00, -9999.00, -9999.00, -9999.00, -9999.00, -9999.00, -9999.00, -9999.00
49, 7, LOC_CITY_HUE, 2.00, -9999.00, -9999.00, -9999.00, -9999.00, -9999.00, -9999.00, -9999.00, -9999.00, -9999.00, -9999.00
49, 7, LOC_CITY_NAME_SAO_PAULO, 3.00, -9999.00, -9999.00, -9999.00, -9999.00, -9999.00, -9999.00, -9999.00, -9999.00, -9999.00, -9999.00
49, 7, LOC_CITY_NAME_ALEXANDRIA_TROAS, 2.00, -9999.00, 117.41, -9999.00, -9999.00, -9999.00, -9999.00, -9999.00, -9999.00, -9999.00, -9999.00
49, 7, LOC_CITY_NAME_ARRETIUM, 2.00, -9999.00, 117.41, -9999.00, 115.94, -9999.00, -9999.00, -9999.00, -9999.00, -9999.00, -9999.00
49, 7, LOC_CITY_NAME_MAGDEBURG, -9999.00, -9999.00, -9999.00, -9999.00, -9999.00, -9999.00, -9999.00, -9999.00, -9999.00, -9999.00, -9999.00
49, 7, LOC_CITY_QUANG_TRI, 2.00, -9999.00, 0.00, -9999.00, 115.94, -9999.00, -9999.00, -9999.00, -9999.00, -9999.00, -9999.00
49, 7, LOC_CITY_NAME_ARPINUM, 2.00, -9999.00, 117.41, -9999.00, -9999.00, -9999.00, -9999.00, -9999.00, -9999.00, -9999.00, -9999.00
49, 7, LOC_CITY_NAME_VILNIUS, -9999.00, -9999.00, -9999.00, -9999.00, -9999.00, -9999.00, -9999.00, -9999.00, 0.00, -9999.00, -9999.00
49, 7, LOC_CITY_NAME_FORTALEZA, 3.00, -9999.00, -9999.00, -9999.00, -9999.00, -9999.00, -9999.00, -9999.00, -9999.00, -9999.00, -9999.00
49, 7, LOC_CITY_NAME_CHALKIDIKI, 2.00, -9999.00, 117.41, -9999.00, -9999.00, -9999.00, -9999.00, -9999.00, -9999.00, -9999.00, -9999.00
49, 7, LOC_CITY_NAME_COLOGNE, -9999.00, -9999.00, -9999.00, -9999.00, -9999.00, -9999.00, -9999.00, -9999.00, -9999.00, -9999.00, -9999.00
49, 7, LOC_CITY_NAME_KERMA, 2.00, -9999.00, 388.70, -9999.00, -9999.00, -9999.00, -9999.00, -9999.00, -9999.00, -9999.00, 2452.77
49, 7, LOC_CITY_HOI_AN, 2.00, -9999.00, -9999.00, -9999.00, -9999.00, -9999.00, -9999.00, -9999.00, -9999.00, -9999.00, -9999.00
49, 7, LOC_CITY_NAME_LUGDUNUM, 2.00, -9999.00, -9999.00, -9999.00, -9999.00, -9999.00, -9999.00, -9999.00, -9999.00, -9999.00, -9999.00
49, 7, LOC_CITY_NAME_BABYLON_STK, 0.00, -9999.00, 97.62, -9999.00, -9999.00, -9999.00, -9999.00, -9999.00, -9999.00, -9999.00, 1926.06
49, 7, LOC_CITY_NAME_ALEXANDRIA_LATMUS, 2.00, -9999.00, 117.41, -9999.00, -9999.00, -9999.00, -9999.00, -9999.00, -9999.00, -9999.00, -9999.00
49, 7, LOC_CITY_NAME_PATNA, 0.00, -9999.00, -9999.00, 399.41, -9999.00, 270.64, -9999.00, -9999.00, -9999.00, -9999.00, 1963.79
49, 7, LOC_CITY_NAME_CURITIBA, 3.00, -9999.00, -9999.00, -9999.00, -9999.00, -9999.00, -9999.00, -9999.00, -9999.00, -9999.00, -9999.00
49, 7, LOC_CITY_NAME_LISBON, -9999.00, -9999.00, -9999.00, -9999.00, -9999.00, -9999.00, -9999.00, -9999.00, 0.00, -9999.00, -9999.00
49, 7, LOC_CITY_NAME_SWENETT, 0.00, -9999.00, 388.70, -9999.00, -9999.00, 275.38, -9999.00, -9999.00, -9999.00, -9999.00, 1314.52
49, 7, LOC_CITY_NAME_BORSIPPA, 0.00, -9999.00, 97.62, -9999.00, 115.94, 196.66, -9999.00, -9999.00, -9999.00, -9999.00, 276.52
49, 7, LOC_CITY_NAME_KARKAR, 0.00, -9999.00, 97.62, -9999.00, -9999.00, 180.92, -9999.00, -9999.00, -9999.00, -9999.00, 387.21
49, 7, LOC_CITY_NAME_CUMAE, 2.00, -9999.00, -9999.00, -9999.00, -9999.00, -9999.00, -9999.00, -9999.00, -9999.00, -9999.00, -9999.00
49, 7, LOC_CITY_NAME_MEROE, 2.00, -9999.00, 388.70, -9999.00, -9999.00, 330.37, -9999.00, -9999.00, -9999.00, -9999.00, 2507.33
49, 7, LOC_CITY_NAME_KUMASI, -9999.00, -9999.00, -9999.00, -9999.00, -9999.00, -9999.00, -9999.00, -9999.00, 0.00, -9999.00, -9999.00
49, 7, LOC_CITY_NAME_MEMPHIS, 0.00, -9999.00, 388.70, -9999.00, -9999.00, 149.45, -9999.00, -9999.00, -9999.00, -9999.00, 1555.04
49, 7, LOC_CITY_NAME_JOHANNESBURG, -9999.00, -9999.00, -9999.00, -9999.00, -9999.00, -9999.00, -9999.00, -9999.00, 0.00, -9999.00, -9999.00
49, 7, LOC_CITY_NAME_DORTMUND, -9999.00, -9999.00, -9999.00, -9999.00, -9999.00, -9999.00, -9999.00, -9999.00, -9999.00, -9999.00, -9999.00
49, 7, LOC_CITY_HOA_LU, 2.00, -9999.00, -9999.00, -9999.00, -9999.00, -9999.00, -9999.00, -9999.00, -9999.00, -9999.00, -9999.00
49, 7, LOC_CITY_NAME_FEZ, 2.00, -9999.00, -9999.00, -9999.00, -9999.00, -9999.00, -9999.00, -9999.00, -9999.00, -9999.00, -9999.00
49, 7, LOC_CITY_NAME_KAWA, 2.00, -9999.00, 388.70, -9999.00, -9999.00, 133.71, -9999.00, -9999.00, -9999.00, -9999.00, 1129.16
49, 7, LOC_CITY_NAME_JERUSALEM, 3.00, -9999.00, -9999.00, -9999.00, -9999.00, -9999.00, -9999.00, -9999.00, -9999.00, -9999.00, -9999.00
49, 7, LOC_CITY_NAME_SALVADOR, 3.00, -9999.00, -9999.00, -9999.00, -9999.00, -9999.00, -9999.00, -9999.00, -9999.00, -9999.00, -9999.00
49, 7, LOC_CITY_NAME_EL_KURRU, 2.00, -9999.00, 388.70, -9999.00, -9999.00, 133.71, -9999.00, -9999.00, -9999.00, -9999.00, -9999.00
49, 7, LOC_CITY_NAME_VATICAN_CITY, -9999.00, -9999.00, -9999.00, -9999.00, -9999.00, -9999.00, -9999.00, -9999.00, 0.00, -9999.00, -9999.00
49, 7, LOC_CITY_NAME_PRESLAV, -9999.00, -9999.00, -9999.00, -9999.00, -9999.00, -9999.00, -9999.00, -9999.00, 0.00, -9999.00, -9999.00
49, 7, LOC_CITY_NAME_HEIDELBERG, -9999.00, -9999.00, -9999.00, -9999.00, -9999.00, -9999.00, -9999.00, -9999.00, -9999.00, -9999.00, -9999.00
49, 7, LOC_CITY_NAME_METHONE, 2.00, -9999.00, -9999.00, -9999.00, -9999.00, -9999.00, -9999.00, -9999.00, -9999.00, -9999.00, -9999.00
49, 7, LOC_CITY_NAME_AKHETATEN, 0.00, -9999.00, 388.70, -9999.00, -9999.00, -9999.00, -9999.00, -9999.00, -9999.00, -9999.00, 745.93
49, 7, LOC_CITY_NAME_BUENOS_AIRES, 2.00, -9999.00, -9999.00, -9999.00, -9999.00, -9999.00, -9999.00, -9999.00, -9999.00, -9999.00, -9999.00
49, 7, LOC_CITY_NAME_BABYLON, -9999.00, -9999.00, -9999.00, -9999.00, -9999.00, -9999.00, -9999.00, -9999.00, 0.00, -9999.00, -9999.00
49, 7, LOC_CITY_NAME_QASR_IBRIM, 2.00, -9999.00, 388.70, -9999.00, -9999.00, -9999.00, -9999.00, -9999.00, -9999.00, -9999.00, -9999.00
49, 7, LOC_CITY_NAME_HEH, 2.00, -9999.00, -9999.00, -9999.00, -9999.00, 196.66, -9999.00, -9999.00, -9999.00, -9999.00, 200.00
49, 7, LOC_CITY_NAME_SHAAT, 2.00, -9999.00, -9999.00, -9999.00, -9999.00, 78.64, -9999.00, -9999.00, -9999.00, -9999.00, -9999.00
49, 7, LOC_CITY_NAME_SEDEINGA, 2.00, -9999.00, 388.70, -9999.00, 0.00, 141.58, -9999.00, -9999.00, -9999.00, -9999.00, 1364.53
49, 7, LOC_CITY_DONG_HOI, 2.00, -9999.00, -9999.00, -9999.00, -9999.00, -9999.00, -9999.00, -9999.00, -9999.00, -9999.00, -9999.00
49, 7, LOC_CITY_NAME_BRUNDISIUM, 2.00, -9999.00, -9999.00, -9999.00, -9999.00, -9999.00, -9999.00, -9999.00, -9999.00, -9999.00, -9999.00
49, 7, LOC_CITY_NAME_PORTO_ALEGRE, 3.00, -9999.00, -9999.00, -9999.00, -9999.00, -9999.00, -9999.00, -9999.00, -9999.00, -9999.00, -9999.00
49, 7, LOC_CITY_NAME_MAINZ, -9999.00, -9999.00, -9999.00, -9999.00, -9999.00, -9999.00, -9999.00, -9999.00, -9999.00, -9999.00, -9999.00
49, 7, LOC_CITY_NAME_NURI, 2.00, -9999.00, -9999.00, -9999.00, -9999.00, -9999.00, -9999.00, -9999.00, -9999.00, -9999.00, -9999.00
49, 7, LOC_CITY_NAME_YEREVAN, -9999.00, -9999.00, -9999.00, -9999.00, -9999.00, -9999.00, -9999.00, -9999.00, 0.00, -9999.00, -9999.00
49, 7, 6160430, MOVE TO CITY(69 63), BEGIN, 15:30
49, 8, LOC_CITY_NAME_AACHEN, 1.00, -9999.00, 97.87, 149.41, -9999.00, -9999.00, -9999.00, -9999.00, -9999.00, -9999.00, -9999.00
49, 8, LOC_CITY_NAME_RIO_DE_JANEIRO, 3.00, -9999.00, -9999.00, -9999.00, -9999.00, 417.15, -9999.00, -9999.00, -9999.00, -9999.00, -9999.00
49, 8, LOC_CITY_NAME_PELLA, 1.00, -9999.00, -9999.00, -9999.00, 115.94, 132.76, -9999.00, -9999.00, -9999.00, -9999.00, -9999.00
49, 8, LOC_CITY_HA_NOI, -9999.00, -9999.00, -9999.00, -9999.00, -9999.00, -9999.00, -9999.00, -9999.00, -9999.00, -9999.00, -9999.00
49, 8, LOC_CITY_NAME_ROME, 3.00, -9999.00, 117.17, -9999.00, -9999.00, -9999.00, -9999.00, -9999.00, -9999.00, -9999.00, -9999.00
49, 8, LOC_CITY_HUE, -9999.00, -9999.00, -9999.00, -9999.00, -9999.00, -9999.00, -9999.00, -9999.00, -9999.00, -9999.00, -9999.00
49, 8, LOC_CITY_NAME_SAO_PAULO, 3.00, -9999.00, 146.52, -9999.00, -9999.00, -9999.00, -9999.00, -9999.00, -9999.00, -9999.00, -9999.00
49, 8, LOC_CITY_NAME_ALEXANDRIA_TROAS, 1.00, -9999.00, 146.52, -9999.00, -9999.00, -9999.00, -9999.00, -9999.00, -9999.00, -9999.00, -9999.00
49, 8, LOC_CITY_NAME_ARRETIUM, 3.00, -9999.00, 117.17, -9999.00, 115.94, -9999.00, -9999.00, -9999.00, -9999.00, -9999.00, -9999.00
49, 8, LOC_CITY_NAME_MAGDEBURG, 1.00, -9999.00, 97.87, 149.41, -9999.00, -9999.00, -9999.00, -9999.00, -9999.00, -9999.00, -9999.00
49, 8, LOC_CITY_QUANG_TRI, -9999.00, -9999.00, -9999.00, -9999.00, -9999.00, -9999.00, -9999.00, -9999.00, -9999.00, -9999.00, -9999.00
49, 8, LOC_CITY_NAME_ARPINUM, 3.00, -9999.00, 117.17, -9999.00, -9999.00, -9999.00, -9999.00, -9999.00, -9999.00, -9999.00, -9999.00
49, 8, LOC_CITY_NAME_VILNIUS, -9999.00, -9999.00, -9999.00, -9999.00, -9999.00, -9999.00, -9999.00, -9999.00, 0.00, -9999.00, -9999.00
49, 8, LOC_CITY_NAME_FORTALEZA, 3.00, -9999.00, -9999.00, -9999.00, -9999.00, -9999.00, -9999.00, -9999.00, -9999.00, -9999.00, -9999.00
49, 8, LOC_CITY_NAME_CHALKIDIKI, 1.00, -9999.00, 146.52, -9999.00, -9999.00, -9999.00, -9999.00, -9999.00, -9999.00, -9999.00, -9999.00
49, 8, LOC_CITY_NAME_COLOGNE, 1.00, -9999.00, 97.87, 149.41, -9999.00, -9999.00, -9999.00, -9999.00, -9999.00, -9999.00, -9999.00
49, 8, LOC_CITY_HOI_AN, -9999.00, -9999.00, -9999.00, -9999.00, -9999.00, -9999.00, -9999.00, -9999.00, -9999.00, -9999.00, -9999.00
49, 8, LOC_CITY_NAME_KERMA, 2.00, -9999.00, 117.17, -9999.00, -9999.00, -9999.00, -9999.00, -9999.00, -9999.00, -9999.00, 2467.64
49, 8, LOC_CITY_NAME_LUGDUNUM, 3.00, -9999.00, -9999.00, -9999.00, -9999.00, -9999.00, -9999.00, -9999.00, -9999.00, -9999.00, -9999.00
49, 8, LOC_CITY_NAME_BABYLON_STK, 0.00, -9999.00, 117.17, -9999.00, -9999.00, -9999.00, -9999.00, -9999.00, -9999.00, -9999.00, 1907.69
49, 8, LOC_CITY_NAME_ALEXANDRIA_LATMUS, 1.00, -9999.00, 146.52, -9999.00, -9999.00, -9999.00, -9999.00, -9999.00, -9999.00, -9999.00, -9999.00
49, 8, LOC_CITY_NAME_PATNA, 0.00, -9999.00, -9999.00, 149.41, -9999.00, 270.64, -9999.00, -9999.00, -9999.00, -9999.00, 1913.72
49, 8, LOC_CITY_NAME_CURITIBA, 3.00, -9999.00, -9999.00, -9999.00, -9999.00, -9999.00, -9999.00, -9999.00, -9999.00, -9999.00, -9999.00
49, 8, LOC_CITY_NAME_LISBON, -9999.00, -9999.00, -9999.00, -9999.00, -9999.00, -9999.00, -9999.00, -9999.00, 0.00, -9999.00, -9999.00
49, 8, LOC_CITY_NAME_SWENETT, 0.00, -9999.00, 117.17, -9999.00, -9999.00, 275.38, -9999.00, -9999.00, -9999.00, -9999.00, 1349.82
49, 8, LOC_CITY_NAME_BORSIPPA, 0.00, -9999.00, 117.17, -9999.00, 115.94, 196.66, -9999.00, -9999.00, -9999.00, -9999.00, 281.22
49, 8, LOC_CITY_NAME_KARKAR, 0.00, -9999.00, 117.17, -9999.00, -9999.00, 180.92, -9999.00, -9999.00, -9999.00, -9999.00, 388.38
49, 8, LOC_CITY_NAME_CUMAE, 3.00, -9999.00, -9999.00, -9999.00, -9999.00, -9999.00, -9999.00, -9999.00, -9999.00, -9999.00, -9999.00
49, 8, LOC_CITY_NAME_MEROE, 2.00, -9999.00, 117.17, -9999.00, -9999.00, 330.37, -9999.00, -9999.00, -9999.00, -9999.00, 2469.13
49, 8, LOC_CITY_NAME_KUMASI, -9999.00, -9999.00, -9999.00, -9999.00, -9999.00, -9999.00, -9999.00, -9999.00, 0.00, -9999.00, -9999.00
49, 8, LOC_CITY_NAME_MEMPHIS, 0.00, -9999.00, 117.17, -9999.00, -9999.00, 149.45, -9999.00, -9999.00, -9999.00, -9999.00, 1633.30
49, 8, LOC_CITY_NAME_JOHANNESBURG, -9999.00, -9999.00, -9999.00, -9999.00, -9999.00, -9999.00, -9999.00, -9999.00, 0.00, -9999.00, -9999.00
49, 8, LOC_CITY_NAME_DORTMUND, 1.00, -9999.00, -9999.00, -9999.00, -9999.00, -9999.00, -9999.00, -9999.00, -9999.00, -9999.00, -9999.00
49, 8, LOC_CITY_HOA_LU, -9999.00, -9999.00, -9999.00, -9999.00, -9999.00, -9999.00, -9999.00, -9999.00, -9999.00, -9999.00, -9999.00
49, 8, LOC_CITY_NAME_FEZ, 1.00, -9999.00, -9999.00, -9999.00, -9999.00, -9999.00, -9999.00, -9999.00, -9999.00, -9999.00, -9999.00
49, 8, LOC_CITY_NAME_KAWA, 2.00, -9999.00, 117.17, -9999.00, -9999.00, 133.71, -9999.00, -9999.00, -9999.00, -9999.00, 1187.52
49, 8, LOC_CITY_NAME_JERUSALEM, 3.00, -9999.00, -9999.00, -9999.00, -9999.00, -9999.00, -9999.00, -9999.00, -9999.00, -9999.00, -9999.00
49, 8, LOC_CITY_NAME_SALVADOR, 3.00, -9999.00, -9999.00, -9999.00, -9999.00, -9999.00, -9999.00, -9999.00, -9999.00, -9999.00, -9999.00
49, 8, LOC_CITY_NAME_EL_KURRU, 2.00, -9999.00, 117.17, -9999.00, -9999.00, 133.71, -9999.00, -9999.00, -9999.00, -9999.00, -9999.00
49, 8, LOC_CITY_NAME_VATICAN_CITY, -9999.00, -9999.00, -9999.00, -9999.00, -9999.00, -9999.00, -9999.00, -9999.00, 0.00, -9999.00, -9999.00
49, 8, LOC_CITY_NAME_HEIDELBERG, 1.00, -9999.00, -9999.00, -9999.00, -9999.00, -9999.00, -9999.00, -9999.00, -9999.00, -9999.00, -9999.00
49, 8, LOC_CITY_NAME_PRESLAV, -9999.00, -9999.00, -9999.00, -9999.00, -9999.00, -9999.00, -9999.00, -9999.00, 0.00, -9999.00, -9999.00
49, 8, LOC_CITY_NAME_METHONE, 1.00, -9999.00, -9999.00, -9999.00, -9999.00, -9999.00, -9999.00, -9999.00, -9999.00, -9999.00, -9999.00
49, 8, LOC_CITY_NAME_AKHETATEN, 0.00, -9999.00, 117.17, -9999.00, -9999.00, -9999.00, -9999.00, -9999.00, -9999.00, -9999.00, 764.85
49, 8, LOC_CITY_NAME_BUENOS_AIRES, 1.00, -9999.00, -9999.00, -9999.00, -9999.00, -9999.00, -9999.00, -9999.00, -9999.00, -9999.00, -9999.00
49, 8, LOC_CITY_NAME_BABYLON, -9999.00, -9999.00, -9999.00, -9999.00, -9999.00, -9999.00, -9999.00, -9999.00, 0.00, -9999.00, -9999.00
49, 8, LOC_CITY_NAME_QASR_IBRIM, 2.00, -9999.00, 117.17, -9999.00, -9999.00, -9999.00, -9999.00, -9999.00, -9999.00, -9999.00, -9999.00
49, 8, LOC_CITY_NAME_HEH, 2.00, -9999.00, -9999.00, -9999.00, -9999.00, 196.66, -9999.00, -9999.00, -9999.00, -9999.00, 200.00
49, 8, LOC_CITY_DONG_HOI, -9999.00, -9999.00, -9999.00, -9999.00, -9999.00, -9999.00, -9999.00, -9999.00, -9999.00, -9999.00, -9999.00
49, 8, LOC_CITY_NAME_SHAAT, 2.00, -9999.00, -9999.00, -9999.00, -9999.00, 78.64, -9999.00, -9999.00, -9999.00, -9999.00, -9999.00
49, 8, LOC_CITY_NAME_SEDEINGA, 2.00, -9999.00, 117.17, -9999.00, 0.00, 141.58, -9999.00, -9999.00, -9999.00, -9999.00, 1423.57
49, 8, LOC_CITY_NAME_BRUNDISIUM, 3.00, -9999.00, -9999.00, -9999.00, -9999.00, -9999.00, -9999.00, -9999.00, -9999.00, -9999.00, -9999.00
49, 8, LOC_CITY_NAME_PORTO_ALEGRE, 3.00, -9999.00, 146.52, -9999.00, -9999.00, -9999.00, -9999.00, -9999.00, -9999.00, -9999.00, -9999.00
49, 8, LOC_CITY_NAME_MAINZ, 1.00, -9999.00, -9999.00, -9999.00, -9999.00, -9999.00, -9999.00, -9999.00, -9999.00, -9999.00, -9999.00
49, 8, LOC_CITY_NAME_NURI, 2.00, -9999.00, -9999.00, -9999.00, -9999.00, -9999.00, -9999.00, -9999.00, -9999.00, -9999.00, -9999.00
49, 8, LOC_CITY_NAME_YEREVAN, -9999.00, -9999.00, -9999.00, -9999.00, -9999.00, -9999.00, -9999.00, -9999.00, 0.00, -9999.00, -9999.00
49, 9, LOC_CITY_HA_NOI, 2.00, -9999.00, 362.02, -9999.00, -9999.00, -9999.00, -9999.00, -9999.00, -9999.00, -9999.00, -9999.00
49, 9, LOC_CITY_NAME_AACHEN, 1.00, -9999.00, 362.02, 149.41, -9999.00, -9999.00, -9999.00, -9999.00, -9999.00, -9999.00, -9999.00
49, 9, LOC_CITY_NAME_RIO_DE_JANEIRO, 3.00, -9999.00, -9999.00, -9999.00, -9999.00, 466.17, -9999.00, -9999.00, -9999.00, -9999.00, -9999.00
49, 9, LOC_CITY_NAME_PELLA, 1.00, -9999.00, -9999.00, -9999.00, 115.94, 148.36, -9999.00, -9999.00, -9999.00, -9999.00, -9999.00
49, 9, LOC_CITY_NAME_ROME, -9999.00, -9999.00, -9999.00, -9999.00, -9999.00, -9999.00, -9999.00, -9999.00, -9999.00, -9999.00, -9999.00
49, 9, LOC_CITY_HUE, 2.00, -9999.00, -9999.00, -9999.00, -9999.00, -9999.00, -9999.00, -9999.00, -9999.00, -9999.00, -9999.00
49, 9, LOC_CITY_NAME_SAO_PAULO, 3.00, -9999.00, -9999.00, -9999.00, -9999.00, -9999.00, -9999.00, -9999.00, -9999.00, -9999.00, -9999.00
49, 9, LOC_CITY_NAME_ALEXANDRIA_TROAS, 1.00, -9999.00, -9999.00, -9999.00, -9999.00, -9999.00, -9999.00, -9999.00, -9999.00, -9999.00, -9999.00
49, 9, LOC_CITY_NAME_ARRETIUM, -9999.00, -9999.00, -9999.00, -9999.00, -9999.00, -9999.00, -9999.00, -9999.00, -9999.00, -9999.00, -9999.00
49, 9, LOC_CITY_QUANG_TRI, 2.00, -9999.00, 362.02, -9999.00, 115.94, -9999.00, -9999.00, -9999.00, -9999.00, -9999.00, -9999.00
49, 9, LOC_CITY_NAME_MAGDEBURG, 1.00, -9999.00, 362.02, 149.41, -9999.00, -9999.00, -9999.00, -9999.00, -9999.00, -9999.00, -9999.00
49, 9, LOC_CITY_NAME_ARPINUM, -9999.00, -9999.00, -9999.00, -9999.00, -9999.00, -9999.00, -9999.00, -9999.00, -9999.00, -9999.00, -9999.00
49, 9, LOC_CITY_NAME_VILNIUS, -9999.00, -9999.00, -9999.00, -9999.00, -9999.00, -9999.00, -9999.00, -9999.00, 0.00, -9999.00, -9999.00
49, 9, LOC_CITY_NAME_FORTALEZA, 3.00, -9999.00, -9999.00, -9999.00, -9999.00, -9999.00, -9999.00, -9999.00, -9999.00, -9999.00, -9999.00
49, 9, LOC_CITY_NAME_CHALKIDIKI, 1.00, -9999.00, -9999.00, -9999.00, -9999.00, -9999.00, -9999.00, -9999.00, -9999.00, -9999.00, -9999.00
49, 9, LOC_CITY_NAME_COLOGNE, 1.00, -9999.00, 362.02, 149.41, -9999.00, -9999.00, -9999.00, -9999.00, -9999.00, -9999.00, -9999.00
49, 9, LOC_CITY_HOI_AN, 2.00, -9999.00, -9999.00, -9999.00, -9999.00, -9999.00, -9999.00, -9999.00, -9999.00, -9999.00, -9999.00
49, 9, LOC_CITY_NAME_LUGDUNUM, -9999.00, -9999.00, -9999.00, -9999.00, -9999.00, -9999.00, -9999.00, -9999.00, -9999.00, -9999.00, -9999.00
49, 9, LOC_CITY_NAME_KERMA, 2.00, -9999.00, 362.02, -9999.00, -9999.00, -9999.00, -9999.00, -9999.00, -9999.00, -9999.00, 2306.86
49, 9, LOC_CITY_NAME_BABYLON_STK, 0.00, -9999.00, 362.02, -9999.00, -9999.00, -9999.00, -9999.00, -9999.00, -9999.00, -9999.00, 1800.86
49, 9, LOC_CITY_NAME_ALEXANDRIA_LATMUS, 1.00, -9999.00, -9999.00, -9999.00, -9999.00, -9999.00, -9999.00, -9999.00, -9999.00, -9999.00, -9999.00
49, 9, LOC_CITY_NAME_PATNA, 0.00, -9999.00, -9999.00, 149.41, -9999.00, 302.44, -9999.00, -9999.00, -9999.00, -9999.00, 1786.30
49, 9, LOC_CITY_NAME_CURITIBA, 3.00, -9999.00, -9999.00, -9999.00, -9999.00, -9999.00, -9999.00, -9999.00, -9999.00, -9999.00, -9999.00
49, 9, LOC_CITY_NAME_LISBON, -9999.00, -9999.00, -9999.00, -9999.00, -9999.00, -9999.00, -9999.00, -9999.00, 0.00, -9999.00, -9999.00
49, 9, LOC_CITY_NAME_SWENETT, 0.00, -9999.00, 362.02, -9999.00, -9999.00, 307.74, -9999.00, -9999.00, -9999.00, -9999.00, 1254.69
49, 9, LOC_CITY_NAME_BORSIPPA, 0.00, -9999.00, 362.02, -9999.00, 115.94, 219.77, -9999.00, -9999.00, -9999.00, -9999.00, 253.77
49, 9, LOC_CITY_NAME_KARKAR, 0.00, -9999.00, 362.02, -9999.00, -9999.00, 202.18, -9999.00, -9999.00, -9999.00, -9999.00, 381.52
49, 9, LOC_CITY_NAME_MEROE, 2.00, -9999.00, 362.02, -9999.00, -9999.00, 369.20, -9999.00, -9999.00, -9999.00, -9999.00, 2348.60
49, 9, LOC_CITY_NAME_CUMAE, -9999.00, -9999.00, -9999.00, -9999.00, -9999.00, -9999.00, -9999.00, -9999.00, -9999.00, -9999.00, -9999.00
49, 9, LOC_CITY_NAME_KUMASI, -9999.00, -9999.00, -9999.00, -9999.00, -9999.00, -9999.00, -9999.00, -9999.00, 0.00, -9999.00, -9999.00
49, 9, LOC_CITY_NAME_MEMPHIS, 0.00, -9999.00, 362.02, -9999.00, -9999.00, 167.01, -9999.00, -9999.00, -9999.00, -9999.00, 1453.81
49, 9, LOC_CITY_NAME_JOHANNESBURG, -9999.00, -9999.00, -9999.00, -9999.00, -9999.00, -9999.00, -9999.00, -9999.00, 0.00, -9999.00, -9999.00
49, 9, LOC_CITY_HOA_LU, 2.00, -9999.00, -9999.00, -9999.00, -9999.00, -9999.00, -9999.00, -9999.00, -9999.00, -9999.00, -9999.00
49, 9, LOC_CITY_NAME_DORTMUND, 1.00, -9999.00, -9999.00, -9999.00, -9999.00, -9999.00, -9999.00, -9999.00, -9999.00, -9999.00, -9999.00
49, 9, LOC_CITY_NAME_FEZ, 1.00, -9999.00, -9999.00, -9999.00, -9999.00, -9999.00, -9999.00, -9999.00, -9999.00, -9999.00, -9999.00
49, 9, LOC_CITY_NAME_KAWA, 2.00, -9999.00, 362.02, -9999.00, -9999.00, 149.43, -9999.00, -9999.00, -9999.00, -9999.00, 1058.04
49, 9, LOC_CITY_NAME_JERUSALEM, 3.00, -9999.00, -9999.00, -9999.00, -9999.00, -9999.00, -9999.00, -9999.00, -9999.00, -9999.00, -9999.00
49, 9, LOC_CITY_NAME_SALVADOR, 3.00, -9999.00, -9999.00, -9999.00, -9999.00, -9999.00, -9999.00, -9999.00, -9999.00, -9999.00, -9999.00
49, 9, LOC_CITY_NAME_EL_KURRU, 2.00, -9999.00, 362.02, -9999.00, -9999.00, 149.43, -9999.00, -9999.00, -9999.00, -9999.00, -9999.00
49, 9, LOC_CITY_NAME_VATICAN_CITY, -9999.00, -9999.00, -9999.00, -9999.00, -9999.00, -9999.00, -9999.00, -9999.00, 0.00, -9999.00, -9999.00
49, 9, LOC_CITY_NAME_HEIDELBERG, 1.00, -9999.00, -9999.00, -9999.00, -9999.00, -9999.00, -9999.00, -9999.00, -9999.00, -9999.00, -9999.00
49, 9, LOC_CITY_NAME_PRESLAV, -9999.00, -9999.00, -9999.00, -9999.00, -9999.00, -9999.00, -9999.00, -9999.00, 0.00, -9999.00, -9999.00
49, 9, LOC_CITY_NAME_METHONE, 1.00, -9999.00, -9999.00, -9999.00, -9999.00, -9999.00, -9999.00, -9999.00, -9999.00, -9999.00, -9999.00
49, 9, LOC_CITY_NAME_AKHETATEN, 0.00, -9999.00, 362.02, -9999.00, -9999.00, -9999.00, -9999.00, -9999.00, -9999.00, -9999.00, 699.14
49, 9, LOC_CITY_NAME_BUENOS_AIRES, 1.00, -9999.00, -9999.00, -9999.00, -9999.00, -9999.00, -9999.00, -9999.00, -9999.00, -9999.00, -9999.00
49, 9, LOC_CITY_NAME_BABYLON, -9999.00, -9999.00, -9999.00, -9999.00, -9999.00, -9999.00, -9999.00, -9999.00, 0.00, -9999.00, -9999.00
49, 9, LOC_CITY_NAME_QASR_IBRIM, 2.00, -9999.00, 362.02, -9999.00, -9999.00, -9999.00, -9999.00, -9999.00, -9999.00, -9999.00, -9999.00
49, 9, LOC_CITY_NAME_HEH, 2.00, -9999.00, -9999.00, -9999.00, -9999.00, 202.18, -9999.00, -9999.00, -9999.00, -9999.00, 200.00
49, 9, LOC_CITY_DONG_HOI, 2.00, -9999.00, -9999.00, -9999.00, -9999.00, -9999.00, -9999.00, -9999.00, -9999.00, -9999.00, -9999.00
49, 9, LOC_CITY_NAME_SHAAT, 2.00, -9999.00, -9999.00, -9999.00, -9999.00, 87.89, -9999.00, -9999.00, -9999.00, -9999.00, -9999.00
49, 9, LOC_CITY_NAME_SEDEINGA, 2.00, -9999.00, 362.02, -9999.00, 0.00, 158.22, -9999.00, -9999.00, -9999.00, -9999.00, 1282.34
49, 9, LOC_CITY_NAME_BRUNDISIUM, -9999.00, -9999.00, -9999.00, -9999.00, -9999.00, -9999.00, -9999.00, -9999.00, -9999.00, -9999.00, -9999.00
49, 9, LOC_CITY_NAME_PORTO_ALEGRE, 3.00, -9999.00, -9999.00, -9999.00, -9999.00, -9999.00, -9999.00, -9999.00, -9999.00, -9999.00, -9999.00
49, 9, LOC_CITY_NAME_MAINZ, 1.00, -9999.00, -9999.00, -9999.00, -9999.00, -9999.00, -9999.00, -9999.00, -9999.00, -9999.00, -9999.00
49, 9, LOC_CITY_NAME_NURI, 2.00, -9999.00, -9999.00, -9999.00, -9999.00, -9999.00, -9999.00, -9999.00, -9999.00, -9999.00, -9999.00
49, 9, LOC_CITY_NAME_YEREVAN, -9999.00, -9999.00, -9999.00, -9999.00, -9999.00, -9999.00, -9999.00, -9999.00, 0.00, -9999.00, -9999.00
50, 5, LOC_CITY_NAME_PELLA, -9999.00, -9999.00, -9999.00, -9999.00, -9999.00, -9999.00, -9999.00, -9999.00, -9999.00, -9999.00, -9999.00
50, 5, LOC_CITY_NAME_ROME, 1.00, -9999.00, 104.31, -9999.00, -9999.00, -9999.00, -9999.00, -9999.00, -9999.00, -9999.00, -9999.00
50, 5, LOC_CITY_HA_NOI, 3.00, -9999.00, 347.30, -9999.00, -9999.00, -9999.00, -9999.00, -9999.00, -9999.00, -9999.00, -9999.00
50, 5, LOC_CITY_NAME_AACHEN, 1.00, -9999.00, 347.30, 136.72, -9999.00, -9999.00, -9999.00, -9999.00, -9999.00, -9999.00, -9999.00
50, 5, LOC_CITY_NAME_RIO_DE_JANEIRO, 3.00, -9999.00, -9999.00, -9999.00, -9999.00, 417.15, -9999.00, -9999.00, -9999.00, -9999.00, -9999.00
50, 5, LOC_CITY_HUE, 3.00, -9999.00, -9999.00, -9999.00, -9999.00, -9999.00, -9999.00, -9999.00, -9999.00, -9999.00, -9999.00
50, 5, LOC_CITY_NAME_ALEXANDRIA_TROAS, -9999.00, -9999.00, -9999.00, -9999.00, -9999.00, -9999.00, -9999.00, -9999.00, -9999.00, -9999.00, -9999.00
50, 5, LOC_CITY_NAME_SAO_PAULO, 3.00, -9999.00, -9999.00, -9999.00, -9999.00, -9999.00, -9999.00, -9999.00, -9999.00, -9999.00, -9999.00
50, 5, LOC_CITY_NAME_ARRETIUM, 1.00, -9999.00, 104.31, -9999.00, 135.94, -9999.00, -9999.00, -9999.00, -9999.00, -9999.00, -9999.00
50, 5, LOC_CITY_QUANG_TRI, 3.00, -9999.00, 347.30, -9999.00, 135.94, -9999.00, -9999.00, -9999.00, -9999.00, -9999.00, -9999.00
50, 5, LOC_CITY_NAME_MAGDEBURG, 1.00, -9999.00, 347.30, 136.72, -9999.00, -9999.00, -9999.00, -9999.00, -9999.00, -9999.00, -9999.00
50, 5, LOC_CITY_NAME_ARPINUM, 1.00, -9999.00, 104.31, -9999.00, -9999.00, -9999.00, -9999.00, -9999.00, -9999.00, -9999.00, -9999.00
50, 5, LOC_CITY_NAME_VILNIUS, -9999.00, -9999.00, -9999.00, -9999.00, -9999.00, -9999.00, -9999.00, -9999.00, 0.00, -9999.00, -9999.00
50, 5, LOC_CITY_NAME_CHALKIDIKI, -9999.00, -9999.00, -9999.00, -9999.00, -9999.00, -9999.00, -9999.00, -9999.00, -9999.00, -9999.00, -9999.00
50, 5, LOC_CITY_NAME_FORTALEZA, 3.00, -9999.00, -9999.00, -9999.00, -9999.00, -9999.00, -9999.00, -9999.00, -9999.00, -9999.00, -9999.00
50, 5, LOC_CITY_NAME_COLOGNE, 1.00, -9999.00, 347.30, 136.72, -9999.00, -9999.00, -9999.00, -9999.00, -9999.00, -9999.00, -9999.00
50, 5, LOC_CITY_NAME_KERMA, 2.00, -9999.00, 347.30, -9999.00, -9999.00, -9999.00, -9999.00, -9999.00, -9999.00, -9999.00, 2804.94
50, 5, LOC_CITY_HOI_AN, 3.00, -9999.00, -9999.00, -9999.00, -9999.00, -9999.00, -9999.00, -9999.00, -9999.00, -9999.00, -9999.00
50, 5, LOC_CITY_NAME_LUGDUNUM, 1.00, -9999.00, -9999.00, -9999.00, -9999.00, -9999.00, -9999.00, -9999.00, -9999.00, -9999.00, -9999.00
50, 5, LOC_CITY_NAME_BABYLON_STK, 0.00, -9999.00, 347.30, -9999.00, -9999.00, -9999.00, -9999.00, -9999.00, -9999.00, -9999.00, 2395.92
50, 5, LOC_CITY_NAME_PATNA, 0.00, -9999.00, -9999.00, 136.72, -9999.00, 274.29, -9999.00, -9999.00, -9999.00, -9999.00, 2271.19
50, 5, LOC_CITY_NAME_ALEXANDRIA_LATMUS, -9999.00, -9999.00, -9999.00, -9999.00, -9999.00, -9999.00, -9999.00, -9999.00, -9999.00, -9999.00, -9999.00
50, 5, LOC_CITY_NAME_CURITIBA, 3.00, -9999.00, -9999.00, -9999.00, -9999.00, -9999.00, -9999.00, -9999.00, -9999.00, -9999.00, -9999.00
50, 5, LOC_CITY_NAME_LISBON, -9999.00, -9999.00, -9999.00, -9999.00, -9999.00, -9999.00, -9999.00, -9999.00, 0.00, -9999.00, -9999.00
50, 5, LOC_CITY_NAME_SWENETT, 0.00, -9999.00, 347.30, -9999.00, -9999.00, 275.38, -9999.00, -9999.00, -9999.00, -9999.00, 1583.79
50, 5, LOC_CITY_NAME_BORSIPPA, 0.00, -9999.00, 347.30, -9999.00, 135.94, 196.66, -9999.00, -9999.00, -9999.00, -9999.00, 323.52
50, 5, LOC_CITY_NAME_KARKAR, 0.00, -9999.00, 347.30, -9999.00, -9999.00, 180.92, -9999.00, -9999.00, -9999.00, -9999.00, 532.93
50, 5, LOC_CITY_NAME_CUMAE, 1.00, -9999.00, -9999.00, -9999.00, -9999.00, -9999.00, -9999.00, -9999.00, -9999.00, -9999.00, -9999.00
50, 5, LOC_CITY_NAME_MEROE, 2.00, -9999.00, 347.30, -9999.00, -9999.00, 361.84, -9999.00, -9999.00, -9999.00, -9999.00, 2904.75
50, 5, LOC_CITY_NAME_KUMASI, -9999.00, -9999.00, -9999.00, -9999.00, -9999.00, -9999.00, -9999.00, -9999.00, 0.00, -9999.00, -9999.00
50, 5, LOC_CITY_NAME_MEMPHIS, 0.00, -9999.00, 347.30, -9999.00, -9999.00, 149.45, -9999.00, -9999.00, -9999.00, -9999.00, 1757.95
50, 5, LOC_CITY_NAME_JOHANNESBURG, -9999.00, -9999.00, -9999.00, -9999.00, -9999.00, -9999.00, -9999.00, -9999.00, 0.00, -9999.00, -9999.00
50, 5, LOC_CITY_HOA_LU, 3.00, -9999.00, -9999.00, -9999.00, -9999.00, -9999.00, -9999.00, -9999.00, -9999.00, -9999.00, -9999.00
50, 5, LOC_CITY_NAME_DORTMUND, 1.00, -9999.00, -9999.00, -9999.00, -9999.00, -9999.00, -9999.00, -9999.00, -9999.00, -9999.00, -9999.00
50, 5, LOC_CITY_NAME_FEZ, -9999.00, -9999.00, -9999.00, -9999.00, -9999.00, -9999.00, -9999.00, -9999.00, -9999.00, -9999.00, -9999.00
50, 5, LOC_CITY_NAME_KAWA, 2.00, -9999.00, 347.30, -9999.00, -9999.00, 133.71, -9999.00, -9999.00, -9999.00, -9999.00, 1251.93
50, 5, LOC_CITY_NAME_EL_KURRU, 2.00, -9999.00, 347.30, -9999.00, -9999.00, 149.45, -9999.00, -9999.00, -9999.00, -9999.00, -9999.00
50, 5, LOC_CITY_NAME_VATICAN_CITY, -9999.00, -9999.00, -9999.00, -9999.00, -9999.00, -9999.00, -9999.00, -9999.00, 0.00, -9999.00, -9999.00
50, 5, LOC_CITY_NAME_JERUSALEM, 3.00, -9999.00, -9999.00, -9999.00, -9999.00, -9999.00, -9999.00, -9999.00, -9999.00, -9999.00, -9999.00
50, 5, LOC_CITY_NAME_SALVADOR, 3.00, -9999.00, -9999.00, -9999.00, -9999.00, -9999.00, -9999.00, -9999.00, -9999.00, -9999.00, -9999.00
50, 5, LOC_CITY_NAME_PRESLAV, -9999.00, -9999.00, -9999.00, -9999.00, -9999.00, -9999.00, -9999.00, -9999.00, 0.00, -9999.00, -9999.00
50, 5, LOC_CITY_NAME_HEIDELBERG, 1.00, -9999.00, -9999.00, -9999.00, -9999.00, -9999.00, -9999.00, -9999.00, -9999.00, -9999.00, -9999.00
50, 5, LOC_CITY_NAME_AKHETATEN, 0.00, -9999.00, 347.30, -9999.00, -9999.00, -9999.00, -9999.00, -9999.00, -9999.00, -9999.00, 1114.00
50, 5, LOC_CITY_NAME_METHONE, -9999.00, -9999.00, -9999.00, -9999.00, -9999.00, -9999.00, -9999.00, -9999.00, -9999.00, -9999.00, -9999.00
50, 5, LOC_CITY_NAME_BUENOS_AIRES, -9999.00, -9999.00, -9999.00, -9999.00, -9999.00, -9999.00, -9999.00, -9999.00, -9999.00, -9999.00, -9999.00
50, 5, LOC_CITY_NAME_BABYLON, -9999.00, -9999.00, -9999.00, -9999.00, -9999.00, -9999.00, -9999.00, -9999.00, 0.00, -9999.00, -9999.00
50, 5, LOC_CITY_NAME_QASR_IBRIM, 2.00, -9999.00, 347.30, -9999.00, -9999.00, -9999.00, -9999.00, -9999.00, -9999.00, -9999.00, -9999.00
50, 5, LOC_CITY_NAME_HEH, 2.00, -9999.00, -9999.00, -9999.00, -9999.00, 180.92, -9999.00, -9999.00, -9999.00, -9999.00, 200.00
50, 5, LOC_CITY_NAME_SHAAT, 2.00, -9999.00, -9999.00, -9999.00, -9999.00, 78.64, -9999.00, -9999.00, -9999.00, -9999.00, -9999.00
50, 5, LOC_CITY_NAME_SEDEINGA, 2.00, -9999.00, 347.30, -9999.00, 0.00, 251.70, -9999.00, -9999.00, -9999.00, -9999.00, 1737.29
50, 5, LOC_CITY_DONG_HOI, 3.00, -9999.00, -9999.00, -9999.00, -9999.00, -9999.00, -9999.00, -9999.00, -9999.00, -9999.00, -9999.00
50, 5, LOC_CITY_NAME_BRUNDISIUM, 1.00, -9999.00, -9999.00, -9999.00, -9999.00, -9999.00, -9999.00, -9999.00, -9999.00, -9999.00, -9999.00
50, 5, LOC_CITY_NAME_PORTO_ALEGRE, 3.00, -9999.00, -9999.00, -9999.00, -9999.00, -9999.00, -9999.00, -9999.00, -9999.00, -9999.00, -9999.00
50, 5, LOC_CITY_NAME_NURI, 2.00, -9999.00, -9999.00, -9999.00, 0.00, -9999.00, -9999.00, -9999.00, -9999.00, -9999.00, -9999.00
50, 5, LOC_CITY_NAME_MAINZ, 1.00, -9999.00, -9999.00, -9999.00, -9999.00, -9999.00, -9999.00, -9999.00, -9999.00, -9999.00, -9999.00
50, 5, LOC_CITY_NAME_YEREVAN, -9999.00, -9999.00, -9999.00, -9999.00, -9999.00, -9999.00, -9999.00, -9999.00, 0.00, -9999.00, -9999.00
50, 5, LOC_CITY_NAME_HATTUSA, -9999.00, -9999.00, -9999.00, -9999.00, -9999.00, -9999.00, -9999.00, -9999.00, 0.00, -9999.00, -9999.00
50, 6, LOC_CITY_NAME_PELLA, 1.00, -9999.00, -9999.00, -9999.00, 115.94, 115.70, -9999.00, -9999.00, -9999.00, -9999.00, -9999.00
50, 6, LOC_CITY_NAME_RIO_DE_JANEIRO, -9999.00, -9999.00, -9999.00, -9999.00, -9999.00, -9999.00, -9999.00, -9999.00, -9999.00, -9999.00, -9999.00
50, 6, LOC_CITY_NAME_ROME, 1.00, -9999.00, 0.00, -9999.00, -9999.00, -9999.00, -9999.00, -9999.00, -9999.00, -9999.00, -9999.00
50, 6, LOC_CITY_HA_NOI, 1.00, -9999.00, 292.71, -9999.00, -9999.00, -9999.00, -9999.00, -9999.00, -9999.00, -9999.00, -9999.00
50, 6, LOC_CITY_NAME_AACHEN, 1.00, -9999.00, 292.71, 250.00, -9999.00, -9999.00, -9999.00, -9999.00, -9999.00, -9999.00, -9999.00
50, 6, LOC_CITY_HUE, 1.00, -9999.00, -9999.00, -9999.00, -9999.00, -9999.00, -9999.00, -9999.00, -9999.00, -9999.00, -9999.00
50, 6, LOC_CITY_NAME_ALEXANDRIA_TROAS, 1.00, -9999.00, 0.00, -9999.00, -9999.00, -9999.00, -9999.00, -9999.00, -9999.00, -9999.00, -9999.00
50, 6, LOC_CITY_NAME_SAO_PAULO, -9999.00, -9999.00, -9999.00, -9999.00, -9999.00, -9999.00, -9999.00, -9999.00, -9999.00, -9999.00, -9999.00
50, 6, LOC_CITY_NAME_ARRETIUM, 1.00, -9999.00, 0.00, -9999.00, 115.94, -9999.00, -9999.00, -9999.00, -9999.00, -9999.00, -9999.00
50, 6, LOC_CITY_QUANG_TRI, 1.00, -9999.00, 292.71, -9999.00, 115.94, -9999.00, -9999.00, -9999.00, -9999.00, -9999.00, -9999.00
50, 6, LOC_CITY_NAME_MAGDEBURG, 1.00, -9999.00, 292.71, 250.00, -9999.00, -9999.00, -9999.00, -9999.00, -9999.00, -9999.00, -9999.00
50, 6, LOC_CITY_NAME_ARPINUM, 1.00, -9999.00, 0.00, -9999.00, -9999.00, -9999.00, -9999.00, -9999.00, -9999.00, -9999.00, -9999.00
50, 6, LOC_CITY_NAME_VILNIUS, -9999.00, -9999.00, -9999.00, -9999.00, -9999.00, -9999.00, -9999.00, -9999.00, 0.00, -9999.00, -9999.00
50, 6, LOC_CITY_NAME_CHALKIDIKI, 1.00, -9999.00, 0.00, -9999.00, -9999.00, -9999.00, -9999.00, -9999.00, -9999.00, -9999.00, -9999.00
50, 6, LOC_CITY_NAME_FORTALEZA, -9999.00, -9999.00, -9999.00, -9999.00, -9999.00, -9999.00, -9999.00, -9999.00, -9999.00, -9999.00, -9999.00
50, 6, LOC_CITY_NAME_COLOGNE, 1.00, -9999.00, 292.71, 250.00, -9999.00, -9999.00, -9999.00, -9999.00, -9999.00, -9999.00, -9999.00
50, 6, LOC_CITY_NAME_KERMA, 2.00, -9999.00, 292.71, -9999.00, -9999.00, -9999.00, -9999.00, -9999.00, -9999.00, -9999.00, 2496.88
50, 6, LOC_CITY_HOI_AN, 1.00, -9999.00, -9999.00, -9999.00, -9999.00, -9999.00, -9999.00, -9999.00, -9999.00, -9999.00, -9999.00
50, 6, LOC_CITY_NAME_LUGDUNUM, 1.00, -9999.00, -9999.00, -9999.00, -9999.00, -9999.00, -9999.00, -9999.00, -9999.00, -9999.00, -9999.00
50, 6, LOC_CITY_NAME_BABYLON_STK, 0.00, -9999.00, 292.71, -9999.00, -9999.00, -9999.00, -9999.00, -9999.00, -9999.00, -9999.00, 1906.41
50, 6, LOC_CITY_NAME_ALEXANDRIA_LATMUS, 1.00, -9999.00, 0.00, -9999.00, -9999.00, -9999.00, -9999.00, -9999.00, -9999.00, -9999.00, -9999.00
50, 6, LOC_CITY_NAME_PATNA, 0.00, -9999.00, -9999.00, 250.00, -9999.00, 246.94, -9999.00, -9999.00, -9999.00, -9999.00, 1953.73
50, 6, LOC_CITY_NAME_CURITIBA, -9999.00, -9999.00, -9999.00, -9999.00, -9999.00, -9999.00, -9999.00, -9999.00, -9999.00, -9999.00, -9999.00
50, 6, LOC_CITY_NAME_LISBON, -9999.00, -9999.00, -9999.00, -9999.00, -9999.00, -9999.00, -9999.00, -9999.00, 0.00, -9999.00, -9999.00
50, 6, LOC_CITY_NAME_SWENETT, 0.00, -9999.00, 292.71, -9999.00, -9999.00, 251.27, -9999.00, -9999.00, -9999.00, -9999.00, 1301.81
50, 6, LOC_CITY_NAME_BORSIPPA, 0.00, -9999.00, 292.71, -9999.00, 115.94, 179.44, -9999.00, -9999.00, -9999.00, -9999.00, 121.14
50, 6, LOC_CITY_NAME_KARKAR, 0.00, -9999.00, 292.71, -9999.00, -9999.00, 165.08, -9999.00, -9999.00, -9999.00, -9999.00, 340.86
50, 6, LOC_CITY_NAME_CUMAE, 1.00, -9999.00, -9999.00, -9999.00, -9999.00, -9999.00, -9999.00, -9999.00, -9999.00, -9999.00, -9999.00
50, 6, LOC_CITY_NAME_MEROE, 2.00, -9999.00, 292.71, -9999.00, -9999.00, 330.16, -9999.00, -9999.00, -9999.00, -9999.00, 2412.77
50, 6, LOC_CITY_NAME_KUMASI, -9999.00, -9999.00, -9999.00, -9999.00, -9999.00, -9999.00, -9999.00, -9999.00, 0.00, -9999.00, -9999.00
50, 6, LOC_CITY_NAME_MEMPHIS, 0.00, -9999.00, 292.71, -9999.00, -9999.00, 136.36, -9999.00, -9999.00, -9999.00, -9999.00, 1434.34
50, 6, LOC_CITY_NAME_JOHANNESBURG, -9999.00, -9999.00, -9999.00, -9999.00, -9999.00, -9999.00, -9999.00, -9999.00, 0.00, -9999.00, -9999.00
50, 6, LOC_CITY_HOA_LU, 1.00, -9999.00, -9999.00, -9999.00, -9999.00, -9999.00, -9999.00, -9999.00, -9999.00, -9999.00, -9999.00
50, 6, LOC_CITY_NAME_DORTMUND, 1.00, -9999.00, -9999.00, -9999.00, -9999.00, -9999.00, -9999.00, -9999.00, -9999.00, -9999.00, -9999.00
50, 6, LOC_CITY_NAME_FEZ, 1.00, -9999.00, -9999.00, -9999.00, -9999.00, -9999.00, -9999.00, -9999.00, -9999.00, -9999.00, -9999.00
50, 6, LOC_CITY_NAME_KAWA, 2.00, -9999.00, 292.71, -9999.00, -9999.00, 122.01, -9999.00, -9999.00, -9999.00, -9999.00, 1036.96
50, 6, LOC_CITY_NAME_JERUSALEM, -9999.00, -9999.00, -9999.00, -9999.00, -9999.00, -9999.00, -9999.00, -9999.00, -9999.00, -9999.00, -9999.00
50, 6, LOC_CITY_NAME_SALVADOR, -9999.00, -9999.00, -9999.00, -9999.00, -9999.00, -9999.00, -9999.00, -9999.00, -9999.00, -9999.00, -9999.00
50, 6, LOC_CITY_NAME_EL_KURRU, 2.00, -9999.00, 292.71, -9999.00, -9999.00, 136.36, -9999.00, -9999.00, -9999.00, -9999.00, -9999.00
50, 6, LOC_CITY_NAME_VATICAN_CITY, -9999.00, -9999.00, -9999.00, -9999.00, -9999.00, -9999.00, -9999.00, -9999.00, 0.00, -9999.00, -9999.00
50, 6, LOC_CITY_NAME_PRESLAV, -9999.00, -9999.00, -9999.00, -9999.00, -9999.00, -9999.00, -9999.00, -9999.00, 0.00, -9999.00, -9999.00
50, 6, LOC_CITY_NAME_HEIDELBERG, 1.00, -9999.00, -9999.00, -9999.00, -9999.00, -9999.00, -9999.00, -9999.00, -9999.00, -9999.00, -9999.00
50, 6, LOC_CITY_NAME_METHONE, 1.00, -9999.00, -9999.00, -9999.00, -9999.00, -9999.00, -9999.00, -9999.00, -9999.00, -9999.00, -9999.00
50, 6, LOC_CITY_NAME_AKHETATEN, 0.00, -9999.00, 292.71, -9999.00, -9999.00, -9999.00, -9999.00, -9999.00, -9999.00, -9999.00, 695.01
50, 6, LOC_CITY_NAME_BUENOS_AIRES, 1.00, -9999.00, -9999.00, -9999.00, -9999.00, -9999.00, -9999.00, -9999.00, -9999.00, -9999.00, -9999.00
50, 6, LOC_CITY_NAME_BABYLON, -9999.00, -9999.00, -9999.00, -9999.00, -9999.00, -9999.00, -9999.00, -9999.00, 0.00, -9999.00, -9999.00
50, 6, LOC_CITY_NAME_QASR_IBRIM, 2.00, -9999.00, 292.71, -9999.00, -9999.00, -9999.00, -9999.00, -9999.00, -9999.00, -9999.00, -9999.00
50, 6, LOC_CITY_NAME_HEH, 2.00, -9999.00, -9999.00, -9999.00, -9999.00, 165.08, -9999.00, -9999.00, -9999.00, -9999.00, 200.00
50, 6, LOC_CITY_NAME_SHAAT, 2.00, -9999.00, -9999.00, -9999.00, -9999.00, 71.76, -9999.00, -9999.00, -9999.00, -9999.00, -9999.00
50, 6, LOC_CITY_NAME_SEDEINGA, 2.00, -9999.00, 292.71, -9999.00, 0.00, 229.66, -9999.00, -9999.00, -9999.00, -9999.00, 1439.60
50, 6, LOC_CITY_DONG_HOI, 1.00, -9999.00, -9999.00, -9999.00, -9999.00, -9999.00, -9999.00, -9999.00, -9999.00, -9999.00, -9999.00
50, 6, LOC_CITY_NAME_BRUNDISIUM, 1.00, -9999.00, -9999.00, -9999.00, -9999.00, -9999.00, -9999.00, -9999.00, -9999.00, -9999.00, -9999.00
50, 6, LOC_CITY_NAME_PORTO_ALEGRE, -9999.00, -9999.00, -9999.00, -9999.00, -9999.00, -9999.00, -9999.00, -9999.00, -9999.00, -9999.00, -9999.00
50, 6, LOC_CITY_NAME_NURI, 2.00, -9999.00, -9999.00, -9999.00, 0.00, -9999.00, -9999.00, -9999.00, -9999.00, -9999.00, -9999.00
50, 6, LOC_CITY_NAME_MAINZ, 1.00, -9999.00, -9999.00, -9999.00, -9999.00, -9999.00, -9999.00, -9999.00, -9999.00, -9999.00, -9999.00
50, 6, LOC_CITY_NAME_YEREVAN, -9999.00, -9999.00, -9999.00, -9999.00, -9999.00, -9999.00, -9999.00, -9999.00, 0.00, -9999.00, -9999.00
50, 6, LOC_CITY_NAME_HATTUSA, -9999.00, -9999.00, -9999.00, -9999.00, -9999.00, -9999.00, -9999.00, -9999.00, 0.00, -9999.00, -9999.00
50, 7, LOC_CITY_NAME_RIO_DE_JANEIRO, 4.00, -9999.00, -9999.00, -9999.00, -9999.00, 184.44, -9999.00, -9999.00, -9999.00, -9999.00, -9999.00
50, 7, LOC_CITY_NAME_PELLA, 3.00, -9999.00, -9999.00, -9999.00, 115.94, 126.80, -9999.00, -9999.00, -9999.00, -9999.00, -9999.00
50, 7, LOC_CITY_NAME_AACHEN, -9999.00, -9999.00, -9999.00, -9999.00, -9999.00, -9999.00, -9999.00, -9999.00, -9999.00, -9999.00, -9999.00
50, 7, LOC_CITY_NAME_ROME, 3.00, -9999.00, 111.66, -9999.00, -9999.00, -9999.00, -9999.00, -9999.00, -9999.00, -9999.00, -9999.00
50, 7, LOC_CITY_HA_NOI, 3.00, -9999.00, 0.00, -9999.00, -9999.00, -9999.00, -9999.00, -9999.00, -9999.00, -9999.00, -9999.00
50, 7, LOC_CITY_HUE, 3.00, -9999.00, -9999.00, -9999.00, -9999.00, -9999.00, -9999.00, -9999.00, -9999.00, -9999.00, -9999.00
50, 7, LOC_CITY_NAME_SAO_PAULO, 4.00, -9999.00, -9999.00, -9999.00, -9999.00, -9999.00, -9999.00, -9999.00, -9999.00, -9999.00, -9999.00
50, 7, LOC_CITY_NAME_ALEXANDRIA_TROAS, 3.00, -9999.00, 111.66, -9999.00, -9999.00, -9999.00, -9999.00, -9999.00, -9999.00, -9999.00, -9999.00
50, 7, LOC_CITY_NAME_ARRETIUM, 3.00, -9999.00, 111.66, -9999.00, 115.94, -9999.00, -9999.00, -9999.00, -9999.00, -9999.00, -9999.00
50, 7, LOC_CITY_NAME_MAGDEBURG, -9999.00, -9999.00, -9999.00, -9999.00, -9999.00, -9999.00, -9999.00, -9999.00, -9999.00, -9999.00, -9999.00
50, 7, LOC_CITY_QUANG_TRI, 3.00, -9999.00, 0.00, -9999.00, 115.94, -9999.00, -9999.00, -9999.00, -9999.00, -9999.00, -9999.00
50, 7, LOC_CITY_NAME_ARPINUM, 3.00, -9999.00, 111.66, -9999.00, -9999.00, -9999.00, -9999.00, -9999.00, -9999.00, -9999.00, -9999.00
50, 7, LOC_CITY_NAME_VILNIUS, -9999.00, -9999.00, -9999.00, -9999.00, -9999.00, -9999.00, -9999.00, -9999.00, 0.00, -9999.00, -9999.00
50, 7, LOC_CITY_NAME_FORTALEZA, 4.00, -9999.00, -9999.00, -9999.00, -9999.00, -9999.00, -9999.00, -9999.00, -9999.00, -9999.00, -9999.00
50, 7, LOC_CITY_NAME_CHALKIDIKI, 3.00, -9999.00, 111.66, -9999.00, -9999.00, -9999.00, -9999.00, -9999.00, -9999.00, -9999.00, -9999.00
50, 7, LOC_CITY_NAME_COLOGNE, -9999.00, -9999.00, -9999.00, -9999.00, -9999.00, -9999.00, -9999.00, -9999.00, -9999.00, -9999.00, -9999.00
50, 7, LOC_CITY_NAME_KERMA, 2.00, -9999.00, 544.88, -9999.00, -9999.00, -9999.00, -9999.00, -9999.00, -9999.00, -9999.00, 2626.44
50, 7, LOC_CITY_HOI_AN, 3.00, -9999.00, -9999.00, -9999.00, -9999.00, -9999.00, -9999.00, -9999.00, -9999.00, -9999.00, -9999.00
50, 7, LOC_CITY_NAME_LUGDUNUM, 3.00, -9999.00, -9999.00, -9999.00, -9999.00, -9999.00, -9999.00, -9999.00, -9999.00, -9999.00, -9999.00
50, 7, LOC_CITY_NAME_BABYLON_STK, 0.00, -9999.00, 85.52, -9999.00, -9999.00, -9999.00, -9999.00, -9999.00, -9999.00, -9999.00, 2013.02
50, 7, LOC_CITY_NAME_ALEXANDRIA_LATMUS, 3.00, -9999.00, 111.66, -9999.00, -9999.00, -9999.00, -9999.00, -9999.00, -9999.00, -9999.00, -9999.00
50, 7, LOC_CITY_NAME_PATNA, 0.00, -9999.00, -9999.00, -9999.00, -9999.00, 270.64, -9999.00, -9999.00, -9999.00, -9999.00, 2084.75
50, 7, LOC_CITY_NAME_CURITIBA, 4.00, -9999.00, -9999.00, -9999.00, -9999.00, -9999.00, -9999.00, -9999.00, -9999.00, -9999.00, -9999.00
50, 7, LOC_CITY_NAME_LISBON, -9999.00, -9999.00, -9999.00, -9999.00, -9999.00, -9999.00, -9999.00, -9999.00, 0.00, -9999.00, -9999.00
50, 7, LOC_CITY_NAME_SWENETT, 0.00, -9999.00, 1705.95, -9999.00, -9999.00, 275.38, -9999.00, -9999.00, -9999.00, -9999.00, 1360.08
50, 7, LOC_CITY_NAME_BORSIPPA, 0.00, -9999.00, 85.52, -9999.00, 115.94, 196.66, -9999.00, -9999.00, -9999.00, -9999.00, 138.75
50, 7, LOC_CITY_NAME_KARKAR, 0.00, -9999.00, 85.52, -9999.00, -9999.00, 180.92, -9999.00, -9999.00, -9999.00, -9999.00, 345.27
50, 7, LOC_CITY_NAME_CUMAE, 3.00, -9999.00, -9999.00, -9999.00, -9999.00, -9999.00, -9999.00, -9999.00, -9999.00, -9999.00, -9999.00
50, 7, LOC_CITY_NAME_MEROE, 2.00, -9999.00, 544.88, -9999.00, -9999.00, 361.84, -9999.00, -9999.00, -9999.00, -9999.00, 2533.93
50, 7, LOC_CITY_NAME_KUMASI, -9999.00, -9999.00, -9999.00, -9999.00, -9999.00, -9999.00, -9999.00, -9999.00, 0.00, -9999.00, -9999.00
50, 7, LOC_CITY_NAME_MEMPHIS, 0.00, -9999.00, 1705.95, -9999.00, -9999.00, 149.45, -9999.00, -9999.00, -9999.00, -9999.00, 1531.68
50, 7, LOC_CITY_NAME_JOHANNESBURG, -9999.00, -9999.00, -9999.00, -9999.00, -9999.00, -9999.00, -9999.00, -9999.00, 0.00, -9999.00, -9999.00
50, 7, LOC_CITY_NAME_DORTMUND, -9999.00, -9999.00, -9999.00, -9999.00, -9999.00, -9999.00, -9999.00, -9999.00, -9999.00, -9999.00, -9999.00
50, 7, LOC_CITY_HOA_LU, 3.00, -9999.00, -9999.00, -9999.00, -9999.00, -9999.00, -9999.00, -9999.00, -9999.00, -9999.00, -9999.00
50, 7, LOC_CITY_NAME_FEZ, 3.00, -9999.00, -9999.00, -9999.00, -9999.00, -9999.00, -9999.00, -9999.00, -9999.00, -9999.00, -9999.00
50, 7, LOC_CITY_NAME_KAWA, 2.00, -9999.00, 544.88, -9999.00, -9999.00, 133.71, -9999.00, -9999.00, -9999.00, -9999.00, 1099.74
50, 7, LOC_CITY_NAME_JERUSALEM, 4.00, -9999.00, -9999.00, -9999.00, -9999.00, -9999.00, -9999.00, -9999.00, -9999.00, -9999.00, -9999.00
50, 7, LOC_CITY_NAME_SALVADOR, 4.00, -9999.00, -9999.00, -9999.00, -9999.00, -9999.00, -9999.00, -9999.00, -9999.00, -9999.00, -9999.00
50, 7, LOC_CITY_NAME_EL_KURRU, 2.00, -9999.00, 544.88, -9999.00, -9999.00, 149.45, -9999.00, -9999.00, -9999.00, -9999.00, -9999.00
50, 7, LOC_CITY_NAME_VATICAN_CITY, -9999.00, -9999.00, -9999.00, -9999.00, -9999.00, -9999.00, -9999.00, -9999.00, 0.00, -9999.00, -9999.00
50, 7, LOC_CITY_NAME_PRESLAV, -9999.00, -9999.00, -9999.00, -9999.00, -9999.00, -9999.00, -9999.00, -9999.00, 0.00, -9999.00, -9999.00
50, 7, LOC_CITY_NAME_HEIDELBERG, -9999.00, -9999.00, -9999.00, -9999.00, -9999.00, -9999.00, -9999.00, -9999.00, -9999.00, -9999.00, -9999.00
50, 7, LOC_CITY_NAME_METHONE, 3.00, -9999.00, -9999.00, -9999.00, -9999.00, -9999.00, -9999.00, -9999.00, -9999.00, -9999.00, -9999.00
50, 7, LOC_CITY_NAME_AKHETATEN, 0.00, -9999.00, 1705.95, -9999.00, -9999.00, -9999.00, -9999.00, -9999.00, -9999.00, -9999.00, 735.29
50, 7, LOC_CITY_NAME_BUENOS_AIRES, 3.00, -9999.00, -9999.00, -9999.00, -9999.00, -9999.00, -9999.00, -9999.00, -9999.00, -9999.00, -9999.00
50, 7, LOC_CITY_NAME_BABYLON, -9999.00, -9999.00, -9999.00, -9999.00, -9999.00, -9999.00, -9999.00, -9999.00, 0.00, -9999.00, -9999.00
50, 7, LOC_CITY_NAME_QASR_IBRIM, 2.00, -9999.00, 544.88, -9999.00, -9999.00, -9999.00, -9999.00, -9999.00, -9999.00, -9999.00, -9999.00
50, 7, LOC_CITY_NAME_HEH, 2.00, -9999.00, -9999.00, -9999.00, -9999.00, 180.92, -9999.00, -9999.00, -9999.00, -9999.00, 200.00
50, 7, LOC_CITY_NAME_SHAAT, 2.00, -9999.00, -9999.00, -9999.00, -9999.00, 78.64, -9999.00, -9999.00, -9999.00, -9999.00, -9999.00
50, 7, LOC_CITY_NAME_SEDEINGA, 2.00, -9999.00, 544.88, -9999.00, 0.00, 251.70, -9999.00, -9999.00, -9999.00, -9999.00, 1523.89
50, 7, LOC_CITY_DONG_HOI, 3.00, -9999.00, -9999.00, -9999.00, -9999.00, -9999.00, -9999.00, -9999.00, -9999.00, -9999.00, -9999.00
50, 7, LOC_CITY_NAME_BRUNDISIUM, 3.00, -9999.00, -9999.00, -9999.00, -9999.00, -9999.00, -9999.00, -9999.00, -9999.00, -9999.00, -9999.00
50, 7, LOC_CITY_NAME_PORTO_ALEGRE, 4.00, -9999.00, -9999.00, -9999.00, -9999.00, -9999.00, -9999.00, -9999.00, -9999.00, -9999.00, -9999.00
50, 7, LOC_CITY_NAME_MAINZ, -9999.00, -9999.00, -9999.00, -9999.00, -9999.00, -9999.00, -9999.00, -9999.00, -9999.00, -9999.00, -9999.00
50, 7, LOC_CITY_NAME_NURI, 2.00, -9999.00, -9999.00, -9999.00, 0.00, -9999.00, -9999.00, -9999.00, -9999.00, -9999.00, -9999.00
50, 7, LOC_CITY_NAME_YEREVAN, -9999.00, -9999.00, -9999.00, -9999.00, -9999.00, -9999.00, -9999.00, -9999.00, 0.00, -9999.00, -9999.00
50, 7, LOC_CITY_NAME_HATTUSA, -9999.00, -9999.00, -9999.00, -9999.00, -9999.00, -9999.00, -9999.00, -9999.00, 0.00, -9999.00, -9999.00
50, 8, LOC_CITY_NAME_AACHEN, 1.00, -9999.00, 47.59, 149.41, -9999.00, -9999.00, -9999.00, -9999.00, -9999.00, -9999.00, -9999.00
50, 8, LOC_CITY_NAME_RIO_DE_JANEIRO, 3.00, -9999.00, -9999.00, -9999.00, -9999.00, 184.44, -9999.00, -9999.00, -9999.00, -9999.00, -9999.00
50, 8, LOC_CITY_NAME_PELLA, 1.00, -9999.00, -9999.00, -9999.00, 115.94, 126.80, -9999.00, -9999.00, -9999.00, -9999.00, -9999.00
50, 8, LOC_CITY_HA_NOI, -9999.00, -9999.00, -9999.00, -9999.00, -9999.00, -9999.00, -9999.00, -9999.00, -9999.00, -9999.00, -9999.00
50, 8, LOC_CITY_NAME_ROME, 1.00, -9999.00, 124.09, -9999.00, -9999.00, -9999.00, -9999.00, -9999.00, -9999.00, -9999.00, -9999.00
50, 8, LOC_CITY_HUE, -9999.00, -9999.00, -9999.00, -9999.00, -9999.00, -9999.00, -9999.00, -9999.00, -9999.00, -9999.00, -9999.00
50, 8, LOC_CITY_NAME_SAO_PAULO, 3.00, -9999.00, 146.52, -9999.00, -9999.00, -9999.00, -9999.00, -9999.00, -9999.00, -9999.00, -9999.00
50, 8, LOC_CITY_NAME_ALEXANDRIA_TROAS, 1.00, -9999.00, 146.52, -9999.00, -9999.00, -9999.00, -9999.00, -9999.00, -9999.00, -9999.00, -9999.00
50, 8, LOC_CITY_NAME_ARRETIUM, 1.00, -9999.00, 124.09, -9999.00, 115.94, -9999.00, -9999.00, -9999.00, -9999.00, -9999.00, -9999.00
50, 8, LOC_CITY_NAME_MAGDEBURG, 1.00, -9999.00, 47.59, 149.41, -9999.00, -9999.00, -9999.00, -9999.00, -9999.00, -9999.00, -9999.00
50, 8, LOC_CITY_QUANG_TRI, -9999.00, -9999.00, -9999.00, -9999.00, -9999.00, -9999.00, -9999.00, -9999.00, -9999.00, -9999.00, -9999.00
50, 8, LOC_CITY_NAME_ARPINUM, 1.00, -9999.00, 124.09, -9999.00, -9999.00, -9999.00, -9999.00, -9999.00, -9999.00, -9999.00, -9999.00
50, 8, LOC_CITY_NAME_VILNIUS, -9999.00, -9999.00, -9999.00, -9999.00, -9999.00, -9999.00, -9999.00, -9999.00, 0.00, -9999.00, -9999.00
50, 8, LOC_CITY_NAME_FORTALEZA, 3.00, -9999.00, -9999.00, -9999.00, -9999.00, -9999.00, -9999.00, -9999.00, -9999.00, -9999.00, -9999.00
50, 8, LOC_CITY_NAME_CHALKIDIKI, 1.00, -9999.00, 146.52, -9999.00, -9999.00, -9999.00, -9999.00, -9999.00, -9999.00, -9999.00, -9999.00
50, 8, LOC_CITY_NAME_COLOGNE, 1.00, -9999.00, 47.59, 149.41, -9999.00, -9999.00, -9999.00, -9999.00, -9999.00, -9999.00, -9999.00
50, 8, LOC_CITY_HOI_AN, -9999.00, -9999.00, -9999.00, -9999.00, -9999.00, -9999.00, -9999.00, -9999.00, -9999.00, -9999.00, -9999.00
50, 8, LOC_CITY_NAME_KERMA, 2.00, -9999.00, 124.09, -9999.00, -9999.00, -9999.00, -9999.00, -9999.00, -9999.00, -9999.00, 2676.78
50, 8, LOC_CITY_NAME_LUGDUNUM, 1.00, -9999.00, -9999.00, -9999.00, -9999.00, -9999.00, -9999.00, -9999.00, -9999.00, -9999.00, -9999.00
50, 8, LOC_CITY_NAME_BABYLON_STK, 0.00, -9999.00, 124.09, -9999.00, -9999.00, -9999.00, -9999.00, -9999.00, -9999.00, -9999.00, 2068.22
50, 8, LOC_CITY_NAME_ALEXANDRIA_LATMUS, 1.00, -9999.00, 146.52, -9999.00, -9999.00, -9999.00, -9999.00, -9999.00, -9999.00, -9999.00, -9999.00
50, 8, LOC_CITY_NAME_PATNA, 0.00, -9999.00, -9999.00, 149.41, -9999.00, 270.64, -9999.00, -9999.00, -9999.00, -9999.00, 2113.54
50, 8, LOC_CITY_NAME_CURITIBA, 3.00, -9999.00, -9999.00, -9999.00, -9999.00, -9999.00, -9999.00, -9999.00, -9999.00, -9999.00, -9999.00
50, 8, LOC_CITY_NAME_LISBON, -9999.00, -9999.00, -9999.00, -9999.00, -9999.00, -9999.00, -9999.00, -9999.00, 0.00, -9999.00, -9999.00
50, 8, LOC_CITY_NAME_SWENETT, 0.00, -9999.00, 1327.11, -9999.00, -9999.00, 275.38, -9999.00, -9999.00, -9999.00, -9999.00, 1400.20
50, 8, LOC_CITY_NAME_BORSIPPA, 0.00, -9999.00, 124.09, -9999.00, 115.94, 196.66, -9999.00, -9999.00, -9999.00, -9999.00, 151.44
50, 8, LOC_CITY_NAME_KARKAR, 0.00, -9999.00, 124.09, -9999.00, -9999.00, 180.92, -9999.00, -9999.00, -9999.00, -9999.00, 348.44
50, 8, LOC_CITY_NAME_CUMAE, 1.00, -9999.00, -9999.00, -9999.00, -9999.00, -9999.00, -9999.00, -9999.00, -9999.00, -9999.00, -9999.00
50, 8, LOC_CITY_NAME_MEROE, 2.00, -9999.00, 124.09, -9999.00, -9999.00, 361.84, -9999.00, -9999.00, -9999.00, -9999.00, 2573.44
50, 8, LOC_CITY_NAME_KUMASI, -9999.00, -9999.00, -9999.00, -9999.00, -9999.00, -9999.00, -9999.00, -9999.00, 0.00, -9999.00, -9999.00
50, 8, LOC_CITY_NAME_MEMPHIS, 0.00, -9999.00, 1327.11, -9999.00, -9999.00, 149.45, -9999.00, -9999.00, -9999.00, -9999.00, 1616.78
50, 8, LOC_CITY_NAME_JOHANNESBURG, -9999.00, -9999.00, -9999.00, -9999.00, -9999.00, -9999.00, -9999.00, -9999.00, 0.00, -9999.00, -9999.00
50, 8, LOC_CITY_NAME_DORTMUND, 1.00, -9999.00, -9999.00, -9999.00, -9999.00, -9999.00, -9999.00, -9999.00, -9999.00, -9999.00, -9999.00
50, 8, LOC_CITY_HOA_LU, -9999.00, -9999.00, -9999.00, -9999.00, -9999.00, -9999.00, -9999.00, -9999.00, -9999.00, -9999.00, -9999.00
50, 8, LOC_CITY_NAME_FEZ, 1.00, -9999.00, -9999.00, -9999.00, -9999.00, -9999.00, -9999.00, -9999.00, -9999.00, -9999.00, -9999.00
50, 8, LOC_CITY_NAME_KAWA, 2.00, -9999.00, 124.09, -9999.00, -9999.00, 133.71, -9999.00, -9999.00, -9999.00, -9999.00, 1162.63
50, 8, LOC_CITY_NAME_JERUSALEM, 3.00, -9999.00, -9999.00, -9999.00, -9999.00, -9999.00, -9999.00, -9999.00, -9999.00, -9999.00, -9999.00
50, 8, LOC_CITY_NAME_SALVADOR, 3.00, -9999.00, 146.52, -9999.00, -9999.00, -9999.00, -9999.00, -9999.00, -9999.00, -9999.00, -9999.00
50, 8, LOC_CITY_NAME_EL_KURRU, 2.00, -9999.00, 124.09, -9999.00, -9999.00, 149.45, -9999.00, -9999.00, -9999.00, -9999.00, -9999.00
50, 8, LOC_CITY_NAME_VATICAN_CITY, -9999.00, -9999.00, -9999.00, -9999.00, -9999.00, -9999.00, -9999.00, -9999.00, 0.00, -9999.00, -9999.00
50, 8, LOC_CITY_NAME_HEIDELBERG, 1.00, -9999.00, -9999.00, -9999.00, -9999.00, -9999.00, -9999.00, -9999.00, -9999.00, -9999.00, -9999.00
50, 8, LOC_CITY_NAME_PRESLAV, -9999.00, -9999.00, -9999.00, -9999.00, -9999.00, -9999.00, -9999.00, -9999.00, 0.00, -9999.00, -9999.00
50, 8, LOC_CITY_NAME_METHONE, 1.00, -9999.00, -9999.00, -9999.00, -9999.00, -9999.00, -9999.00, -9999.00, -9999.00, -9999.00, -9999.00
50, 8, LOC_CITY_NAME_AKHETATEN, 0.00, -9999.00, 1327.11, -9999.00, -9999.00, -9999.00, -9999.00, -9999.00, -9999.00, -9999.00, 767.00
50, 8, LOC_CITY_NAME_BUENOS_AIRES, 1.00, -9999.00, -9999.00, -9999.00, -9999.00, -9999.00, -9999.00, -9999.00, -9999.00, -9999.00, -9999.00
50, 8, LOC_CITY_NAME_BABYLON, -9999.00, -9999.00, -9999.00, -9999.00, -9999.00, -9999.00, -9999.00, -9999.00, 0.00, -9999.00, -9999.00
50, 8, LOC_CITY_NAME_QASR_IBRIM, 2.00, -9999.00, 124.09, -9999.00, -9999.00, -9999.00, -9999.00, -9999.00, -9999.00, -9999.00, -9999.00
50, 8, LOC_CITY_NAME_HEH, 2.00, -9999.00, -9999.00, -9999.00, -9999.00, 180.92, -9999.00, -9999.00, -9999.00, -9999.00, 200.00
50, 8, LOC_CITY_DONG_HOI, -9999.00, -9999.00, -9999.00, -9999.00, -9999.00, -9999.00, -9999.00, -9999.00, -9999.00, -9999.00, -9999.00
50, 8, LOC_CITY_NAME_SHAAT, 2.00, -9999.00, -9999.00, -9999.00, -9999.00, 78.64, -9999.00, -9999.00, -9999.00, -9999.00, -9999.00
50, 8, LOC_CITY_NAME_SEDEINGA, 2.00, -9999.00, 124.09, -9999.00, 0.00, 251.70, -9999.00, -9999.00, -9999.00, -9999.00, 1587.33
50, 8, LOC_CITY_NAME_BRUNDISIUM, 1.00, -9999.00, -9999.00, -9999.00, -9999.00, -9999.00, -9999.00, -9999.00, -9999.00, -9999.00, -9999.00
50, 8, LOC_CITY_NAME_PORTO_ALEGRE, 3.00, -9999.00, 146.52, -9999.00, -9999.00, -9999.00, -9999.00, -9999.00, -9999.00, -9999.00, -9999.00
50, 8, LOC_CITY_NAME_MAINZ, 1.00, -9999.00, -9999.00, -9999.00, -9999.00, -9999.00, -9999.00, -9999.00, -9999.00, -9999.00, -9999.00
50, 8, LOC_CITY_NAME_NURI, 2.00, -9999.00, -9999.00, -9999.00, 0.00, -9999.00, -9999.00, -9999.00, -9999.00, -9999.00, -9999.00
50, 8, LOC_CITY_NAME_YEREVAN, -9999.00, -9999.00, -9999.00, -9999.00, -9999.00, -9999.00, -9999.00, -9999.00, 0.00, -9999.00, -9999.00
50, 8, LOC_CITY_NAME_HATTUSA, -9999.00, -9999.00, -9999.00, -9999.00, -9999.00, -9999.00, -9999.00, -9999.00, 0.00, -9999.00, -9999.00
50, 8, LOC_CITY_CAN_THO, -9999.00, -9999.00, -9999.00, -9999.00, -9999.00, -9999.00, -9999.00, -9999.00, -9999.00, -9999.00, -9999.00
50, 9, LOC_CITY_HA_NOI, 5.00, -9999.00, 362.02, -9999.00, -9999.00, -9999.00, -9999.00, -9999.00, -9999.00, -9999.00, -9999.00
50, 9, LOC_CITY_NAME_AACHEN, 2.00, -9999.00, 362.02, 149.41, -9999.00, -9999.00, -9999.00, -9999.00, -9999.00, -9999.00, -9999.00
50, 9, LOC_CITY_NAME_RIO_DE_JANEIRO, 4.00, -9999.00, -9999.00, -9999.00, -9999.00, 206.12, -9999.00, -9999.00, -9999.00, -9999.00, -9999.00
50, 9, LOC_CITY_NAME_PELLA, 4.00, -9999.00, -9999.00, -9999.00, 115.94, 141.70, -9999.00, -9999.00, -9999.00, -9999.00, -9999.00
50, 9, LOC_CITY_NAME_ROME, -9999.00, -9999.00, -9999.00, -9999.00, -9999.00, -9999.00, -9999.00, -9999.00, -9999.00, -9999.00, -9999.00
50, 9, LOC_CITY_HUE, 5.00, -9999.00, -9999.00, -9999.00, -9999.00, -9999.00, -9999.00, -9999.00, -9999.00, -9999.00, -9999.00
50, 9, LOC_CITY_NAME_SAO_PAULO, 4.00, -9999.00, -9999.00, -9999.00, -9999.00, -9999.00, -9999.00, -9999.00, -9999.00, -9999.00, -9999.00
50, 9, LOC_CITY_NAME_ALEXANDRIA_TROAS, 4.00, -9999.00, -9999.00, -9999.00, -9999.00, -9999.00, -9999.00, -9999.00, -9999.00, -9999.00, -9999.00
50, 9, LOC_CITY_NAME_ARRETIUM, -9999.00, -9999.00, -9999.00, -9999.00, -9999.00, -9999.00, -9999.00, -9999.00, -9999.00, -9999.00, -9999.00
50, 9, LOC_CITY_QUANG_TRI, 5.00, -9999.00, 362.02, -9999.00, 115.94, -9999.00, -9999.00, -9999.00, -9999.00, -9999.00, -9999.00
50, 9, LOC_CITY_NAME_MAGDEBURG, 2.00, -9999.00, 362.02, 149.41, -9999.00, -9999.00, -9999.00, -9999.00, -9999.00, -9999.00, -9999.00
50, 9, LOC_CITY_NAME_ARPINUM, -9999.00, -9999.00, -9999.00, -9999.00, -9999.00, -9999.00, -9999.00, -9999.00, -9999.00, -9999.00, -9999.00
50, 9, LOC_CITY_NAME_FORTALEZA, 4.00, -9999.00, -9999.00, -9999.00, -9999.00, -9999.00, -9999.00, -9999.00, -9999.00, -9999.00, -9999.00
50, 9, LOC_CITY_NAME_CHALKIDIKI, 4.00, -9999.00, -9999.00, -9999.00, -9999.00, -9999.00, -9999.00, -9999.00, -9999.00, -9999.00, -9999.00
50, 9, LOC_CITY_NAME_COLOGNE, 2.00, -9999.00, 362.02, 149.41, -9999.00, -9999.00, -9999.00, -9999.00, -9999.00, -9999.00, -9999.00
50, 9, LOC_CITY_HOI_AN, 5.00, -9999.00, -9999.00, -9999.00, -9999.00, -9999.00, -9999.00, -9999.00, -9999.00, -9999.00, -9999.00
50, 9, LOC_CITY_NAME_LUGDUNUM, -9999.00, -9999.00, -9999.00, -9999.00, -9999.00, -9999.00, -9999.00, -9999.00, -9999.00, -9999.00, -9999.00
50, 9, LOC_CITY_NAME_KERMA, 3.00, -9999.00, 362.02, -9999.00, -9999.00, -9999.00, -9999.00, -9999.00, -9999.00, -9999.00, 2532.54
50, 9, LOC_CITY_NAME_BABYLON_STK, 1.00, -9999.00, 362.02, -9999.00, -9999.00, -9999.00, -9999.00, -9999.00, -9999.00, -9999.00, 1926.50
50, 9, LOC_CITY_NAME_ALEXANDRIA_LATMUS, 4.00, -9999.00, -9999.00, -9999.00, -9999.00, -9999.00, -9999.00, -9999.00, -9999.00, -9999.00, -9999.00
50, 9, LOC_CITY_NAME_PATNA, 1.00, -9999.00, -9999.00, 149.41, -9999.00, 302.44, -9999.00, -9999.00, -9999.00, -9999.00, 1901.87
50, 9, LOC_CITY_NAME_CURITIBA, 4.00, -9999.00, -9999.00, -9999.00, -9999.00, -9999.00, -9999.00, -9999.00, -9999.00, -9999.00, -9999.00
50, 9, LOC_CITY_NAME_LISBON, -9999.00, -9999.00, -9999.00, -9999.00, -9999.00, -9999.00, -9999.00, -9999.00, 0.00, -9999.00, -9999.00
50, 9, LOC_CITY_NAME_SWENETT, 1.00, -9999.00, 362.02, -9999.00, -9999.00, 307.74, -9999.00, -9999.00, -9999.00, -9999.00, 1308.59
50, 9, LOC_CITY_NAME_BORSIPPA, 1.00, -9999.00, 362.02, -9999.00, 115.94, 219.77, -9999.00, -9999.00, -9999.00, -9999.00, 122.89
50, 9, LOC_CITY_NAME_KARKAR, 1.00, -9999.00, 362.02, -9999.00, -9999.00, 202.18, -9999.00, -9999.00, -9999.00, -9999.00, 341.30
50, 9, LOC_CITY_NAME_MEROE, 3.00, -9999.00, 362.02, -9999.00, -9999.00, 404.36, -9999.00, -9999.00, -9999.00, -9999.00, 2448.18
50, 9, LOC_CITY_NAME_CUMAE, -9999.00, -9999.00, -9999.00, -9999.00, -9999.00, -9999.00, -9999.00, -9999.00, -9999.00, -9999.00, -9999.00
50, 9, LOC_CITY_NAME_KUMASI, -9999.00, -9999.00, -9999.00, -9999.00, -9999.00, -9999.00, -9999.00, -9999.00, 0.00, -9999.00, -9999.00
50, 9, LOC_CITY_NAME_MEMPHIS, 1.00, -9999.00, 362.02, -9999.00, -9999.00, 167.01, -9999.00, -9999.00, -9999.00, -9999.00, 1436.09
50, 9, LOC_CITY_NAME_JOHANNESBURG, -9999.00, -9999.00, -9999.00, -9999.00, -9999.00, -9999.00, -9999.00, -9999.00, 0.00, -9999.00, -9999.00
50, 9, LOC_CITY_HOA_LU, 5.00, -9999.00, -9999.00, -9999.00, -9999.00, -9999.00, -9999.00, -9999.00, -9999.00, -9999.00, -9999.00
50, 9, LOC_CITY_NAME_DORTMUND, 2.00, -9999.00, -9999.00, -9999.00, -9999.00, -9999.00, -9999.00, -9999.00, -9999.00, -9999.00, -9999.00
50, 9, LOC_CITY_NAME_FEZ, 4.00, -9999.00, -9999.00, -9999.00, -9999.00, -9999.00, -9999.00, -9999.00, -9999.00, -9999.00, -9999.00
50, 9, LOC_CITY_NAME_KAWA, 3.00, -9999.00, 362.02, -9999.00, -9999.00, 149.43, -9999.00, -9999.00, -9999.00, -9999.00, 1031.90
50, 9, LOC_CITY_NAME_JERUSALEM, 4.00, -9999.00, -9999.00, -9999.00, -9999.00, -9999.00, -9999.00, -9999.00, -9999.00, -9999.00, -9999.00
50, 9, LOC_CITY_NAME_SALVADOR, 4.00, -9999.00, -9999.00, -9999.00, -9999.00, -9999.00, -9999.00, -9999.00, -9999.00, -9999.00, -9999.00
50, 9, LOC_CITY_NAME_EL_KURRU, 3.00, -9999.00, 362.02, -9999.00, -9999.00, 167.01, -9999.00, -9999.00, -9999.00, -9999.00, -9999.00
50, 9, LOC_CITY_NAME_VATICAN_CITY, -9999.00, -9999.00, -9999.00, -9999.00, -9999.00, -9999.00, -9999.00, -9999.00, 0.00, -9999.00, -9999.00
50, 9, LOC_CITY_NAME_HEIDELBERG, 2.00, -9999.00, -9999.00, -9999.00, -9999.00, -9999.00, -9999.00, -9999.00, -9999.00, -9999.00, -9999.00
50, 9, LOC_CITY_NAME_PRESLAV, -9999.00, -9999.00, -9999.00, -9999.00, -9999.00, -9999.00, -9999.00, -9999.00, 0.00, -9999.00, -9999.00
50, 9, LOC_CITY_NAME_METHONE, 4.00, -9999.00, -9999.00, -9999.00, -9999.00, -9999.00, -9999.00, -9999.00, -9999.00, -9999.00, -9999.00
50, 9, LOC_CITY_NAME_AKHETATEN, 1.00, -9999.00, 362.02, -9999.00, -9999.00, -9999.00, -9999.00, -9999.00, -9999.00, -9999.00, 695.64
50, 9, LOC_CITY_NAME_BUENOS_AIRES, 4.00, -9999.00, -9999.00, -9999.00, -9999.00, -9999.00, -9999.00, -9999.00, -9999.00, -9999.00, -9999.00
50, 9, LOC_CITY_NAME_BABYLON, -9999.00, -9999.00, -9999.00, -9999.00, -9999.00, -9999.00, -9999.00, -9999.00, 0.00, -9999.00, -9999.00
50, 9, LOC_CITY_NAME_QASR_IBRIM, 3.00, -9999.00, 362.02, -9999.00, -9999.00, -9999.00, -9999.00, -9999.00, -9999.00, -9999.00, -9999.00
50, 9, LOC_CITY_NAME_HEH, 3.00, -9999.00, -9999.00, -9999.00, -9999.00, 202.18, -9999.00, -9999.00, -9999.00, -9999.00, 200.00
50, 9, LOC_CITY_DONG_HOI, 5.00, -9999.00, 362.02, -9999.00, -9999.00, -9999.00, -9999.00, -9999.00, -9999.00, -9999.00, -9999.00
50, 9, LOC_CITY_NAME_SHAAT, 3.00, -9999.00, -9999.00, -9999.00, -9999.00, 87.89, -9999.00, -9999.00, -9999.00, -9999.00, -9999.00
50, 9, LOC_CITY_NAME_SEDEINGA, 3.00, -9999.00, 362.02, -9999.00, 0.00, 281.28, -9999.00, -9999.00, -9999.00, -9999.00, 1444.60
50, 9, LOC_CITY_NAME_BRUNDISIUM, -9999.00, -9999.00, -9999.00, -9999.00, -9999.00, -9999.00, -9999.00, -9999.00, -9999.00, -9999.00, -9999.00
50, 9, LOC_CITY_NAME_PORTO_ALEGRE, 4.00, -9999.00, -9999.00, -9999.00, -9999.00, -9999.00, -9999.00, -9999.00, -9999.00, -9999.00, -9999.00
50, 9, LOC_CITY_NAME_MAINZ, 2.00, -9999.00, -9999.00, -9999.00, -9999.00, -9999.00, -9999.00, -9999.00, -9999.00, -9999.00, -9999.00
50, 9, LOC_CITY_NAME_NURI, 3.00, -9999.00, -9999.00, -9999.00, 0.00, -9999.00, -9999.00, -9999.00, -9999.00, -9999.00, -9999.00
50, 9, LOC_CITY_NAME_YEREVAN, -9999.00, -9999.00, -9999.00, -9999.00, -9999.00, -9999.00, -9999.00, -9999.00, 0.00, -9999.00, -9999.00
50, 9, LOC_CITY_CAN_THO, 5.00, -9999.00, -9999.00, -9999.00, -9999.00, -9999.00, -9999.00, -9999.00, -9999.00, -9999.00, -9999.00
50, 9, LOC_CITY_NAME_HATTUSA, -9999.00, -9999.00, -9999.00, -9999.00, -9999.00, -9999.00, -9999.00, -9999.00, 0.00, -9999.00, -9999.00
51, 5, LOC_CITY_NAME_PELLA, -9999.00, -9999.00, -9999.00, -9999.00, -9999.00, -9999.00, -9999.00, -9999.00, -9999.00, -9999.00, -9999.00
51, 5, LOC_CITY_NAME_ROME, 3.00, -9999.00, -9999.00, -9999.00, -9999.00, -9999.00, -9999.00, -9999.00, -9999.00, -9999.00, -9999.00
51, 5, LOC_CITY_HA_NOI, 3.00, -9999.00, 362.02, -9999.00, -9999.00, -9999.00, -9999.00, -9999.00, -9999.00, -9999.00, -9999.00
51, 5, LOC_CITY_NAME_AACHEN, 3.00, -9999.00, 362.02, 136.72, -9999.00, -9999.00, -9999.00, -9999.00, -9999.00, -9999.00, -9999.00
51, 5, LOC_CITY_NAME_RIO_DE_JANEIRO, 3.00, -9999.00, -9999.00, -9999.00, -9999.00, 184.44, -9999.00, -9999.00, -9999.00, -9999.00, -9999.00
51, 5, LOC_CITY_HUE, 3.00, -9999.00, -9999.00, -9999.00, -9999.00, -9999.00, -9999.00, -9999.00, -9999.00, -9999.00, -9999.00
51, 5, LOC_CITY_NAME_ALEXANDRIA_TROAS, -9999.00, -9999.00, -9999.00, -9999.00, -9999.00, -9999.00, -9999.00, -9999.00, -9999.00, -9999.00, -9999.00
51, 5, LOC_CITY_NAME_SAO_PAULO, 3.00, -9999.00, -9999.00, -9999.00, -9999.00, -9999.00, -9999.00, -9999.00, -9999.00, -9999.00, -9999.00
51, 5, LOC_CITY_NAME_ARRETIUM, 3.00, -9999.00, -9999.00, -9999.00, 135.94, -9999.00, -9999.00, -9999.00, -9999.00, -9999.00, -9999.00
51, 5, LOC_CITY_QUANG_TRI, 3.00, -9999.00, 362.02, -9999.00, 135.94, -9999.00, -9999.00, -9999.00, -9999.00, -9999.00, -9999.00
51, 5, LOC_CITY_NAME_MAGDEBURG, 3.00, -9999.00, 362.02, 136.72, -9999.00, -9999.00, -9999.00, -9999.00, -9999.00, -9999.00, -9999.00
51, 5, LOC_CITY_NAME_ARPINUM, 3.00, -9999.00, -9999.00, -9999.00, -9999.00, -9999.00, -9999.00, -9999.00, -9999.00, -9999.00, -9999.00
51, 5, LOC_CITY_NAME_CHALKIDIKI, -9999.00, -9999.00, -9999.00, -9999.00, -9999.00, -9999.00, -9999.00, -9999.00, -9999.00, -9999.00, -9999.00
51, 5, LOC_CITY_NAME_FORTALEZA, 3.00, -9999.00, -9999.00, -9999.00, -9999.00, -9999.00, -9999.00, -9999.00, -9999.00, -9999.00, -9999.00
51, 5, LOC_CITY_NAME_COLOGNE, 3.00, -9999.00, 362.02, 136.72, -9999.00, -9999.00, -9999.00, -9999.00, -9999.00, -9999.00, -9999.00
51, 5, LOC_CITY_NAME_KERMA, 2.00, -9999.00, 362.02, -9999.00, 0.00, -9999.00, -9999.00, -9999.00, -9999.00, -9999.00, 2839.43
51, 5, LOC_CITY_HOI_AN, 3.00, -9999.00, -9999.00, -9999.00, -9999.00, -9999.00, -9999.00, -9999.00, -9999.00, -9999.00, -9999.00
51, 5, LOC_CITY_NAME_LUGDUNUM, 3.00, -9999.00, -9999.00, -9999.00, -9999.00, -9999.00, -9999.00, -9999.00, -9999.00, -9999.00, -9999.00
51, 5, LOC_CITY_NAME_BABYLON_STK, 0.00, -9999.00, 362.02, -9999.00, -9999.00, -9999.00, -9999.00, -9999.00, -9999.00, -9999.00, 2550.32
51, 5, LOC_CITY_NAME_PATNA, 0.00, -9999.00, -9999.00, 136.72, -9999.00, 302.11, -9999.00, -9999.00, -9999.00, -9999.00, 2411.09
51, 5, LOC_CITY_NAME_ALEXANDRIA_LATMUS, -9999.00, -9999.00, -9999.00, -9999.00, -9999.00, -9999.00, -9999.00, -9999.00, -9999.00, -9999.00, -9999.00
51, 5, LOC_CITY_NAME_CURITIBA, 3.00, -9999.00, -9999.00, -9999.00, -9999.00, -9999.00, -9999.00, -9999.00, -9999.00, -9999.00, -9999.00
51, 5, LOC_CITY_NAME_LISBON, -9999.00, -9999.00, -9999.00, -9999.00, -9999.00, -9999.00, -9999.00, -9999.00, 0.00, -9999.00, -9999.00
51, 5, LOC_CITY_NAME_SWENETT, 0.00, -9999.00, 362.02, -9999.00, -9999.00, 275.38, -9999.00, -9999.00, -9999.00, -9999.00, 1601.10
51, 5, LOC_CITY_NAME_BORSIPPA, 0.00, -9999.00, 362.02, -9999.00, 135.94, 220.23, -9999.00, -9999.00, -9999.00, -9999.00, 245.16
51, 5, LOC_CITY_NAME_KARKAR, 0.00, -9999.00, 362.02, -9999.00, -9999.00, 180.92, -9999.00, -9999.00, -9999.00, -9999.00, 423.34
51, 5, LOC_CITY_NAME_CUMAE, 3.00, -9999.00, -9999.00, -9999.00, -9999.00, -9999.00, -9999.00, -9999.00, -9999.00, -9999.00, -9999.00
51, 5, LOC_CITY_NAME_MEROE, 2.00, -9999.00, 362.02, -9999.00, -9999.00, 448.36, -9999.00, -9999.00, -9999.00, -9999.00, 3041.99
51, 5, LOC_CITY_NAME_KUMASI, -9999.00, -9999.00, -9999.00, -9999.00, -9999.00, -9999.00, -9999.00, -9999.00, 0.00, -9999.00, -9999.00
51, 5, LOC_CITY_NAME_MEMPHIS, 0.00, -9999.00, 362.02, -9999.00, -9999.00, 139.14, -9999.00, -9999.00, -9999.00, -9999.00, 1767.14
51, 5, LOC_CITY_NAME_JOHANNESBURG, -9999.00, -9999.00, -9999.00, -9999.00, -9999.00, -9999.00, -9999.00, -9999.00, 0.00, -9999.00, -9999.00
51, 5, LOC_CITY_HOA_LU, 3.00, -9999.00, -9999.00, -9999.00, -9999.00, -9999.00, -9999.00, -9999.00, -9999.00, -9999.00, -9999.00
51, 5, LOC_CITY_NAME_DORTMUND, 3.00, -9999.00, -9999.00, -9999.00, -9999.00, -9999.00, -9999.00, -9999.00, -9999.00, -9999.00, -9999.00
51, 5, LOC_CITY_NAME_FEZ, -9999.00, -9999.00, -9999.00, -9999.00, -9999.00, -9999.00, -9999.00, -9999.00, -9999.00, -9999.00, -9999.00
51, 5, LOC_CITY_NAME_KAWA, 2.00, -9999.00, 362.02, -9999.00, -9999.00, 110.11, -9999.00, -9999.00, -9999.00, -9999.00, 1353.93
51, 5, LOC_CITY_NAME_EL_KURRU, 2.00, -9999.00, 362.02, -9999.00, -9999.00, 149.45, -9999.00, -9999.00, -9999.00, -9999.00, -9999.00
51, 5, LOC_CITY_NAME_VATICAN_CITY, -9999.00, -9999.00, -9999.00, -9999.00, -9999.00, -9999.00, -9999.00, -9999.00, 0.00, -9999.00, -9999.00
51, 5, LOC_CITY_NAME_JERUSALEM, 3.00, -9999.00, -9999.00, -9999.00, -9999.00, -9999.00, -9999.00, -9999.00, -9999.00, -9999.00, -9999.00
51, 5, LOC_CITY_NAME_SALVADOR, 3.00, -9999.00, -9999.00, -9999.00, -9999.00, -9999.00, -9999.00, -9999.00, -9999.00, -9999.00, -9999.00
51, 5, LOC_CITY_NAME_PRESLAV, -9999.00, -9999.00, -9999.00, -9999.00, -9999.00, -9999.00, -9999.00, -9999.00, 0.00, -9999.00, -9999.00
51, 5, LOC_CITY_NAME_HEIDELBERG, 3.00, -9999.00, -9999.00, -9999.00, -9999.00, -9999.00, -9999.00, -9999.00, -9999.00, -9999.00, -9999.00
51, 5, LOC_CITY_NAME_AKHETATEN, 0.00, -9999.00, 362.02, -9999.00, -9999.00, -9999.00, -9999.00, -9999.00, -9999.00, -9999.00, 1177.58
51, 5, LOC_CITY_NAME_METHONE, -9999.00, -9999.00, -9999.00, -9999.00, -9999.00, -9999.00, -9999.00, -9999.00, -9999.00, -9999.00, -9999.00
51, 5, LOC_CITY_NAME_BUENOS_AIRES, -9999.00, -9999.00, -9999.00, -9999.00, -9999.00, -9999.00, -9999.00, -9999.00, -9999.00, -9999.00, -9999.00
51, 5, LOC_CITY_NAME_BABYLON, -9999.00, -9999.00, -9999.00, -9999.00, -9999.00, -9999.00, -9999.00, -9999.00, 0.00, -9999.00, -9999.00
51, 5, LOC_CITY_NAME_QASR_IBRIM, 2.00, -9999.00, 362.02, -9999.00, -9999.00, -9999.00, -9999.00, -9999.00, -9999.00, -9999.00, -9999.00
51, 5, LOC_CITY_NAME_HEH, 2.00, -9999.00, -9999.00, -9999.00, -9999.00, 180.92, -9999.00, -9999.00, -9999.00, -9999.00, 200.00
51, 5, LOC_CITY_NAME_SHAAT, 2.00, -9999.00, -9999.00, -9999.00, -9999.00, 78.64, -9999.00, -9999.00, -9999.00, -9999.00, -9999.00
51, 5, LOC_CITY_NAME_SEDEINGA, 2.00, -9999.00, 362.02, -9999.00, 0.00, 283.17, -9999.00, -9999.00, -9999.00, -9999.00, 1782.71
51, 5, LOC_CITY_DONG_HOI, 3.00, -9999.00, 362.02, -9999.00, -9999.00, -9999.00, -9999.00, -9999.00, -9999.00, -9999.00, -9999.00
51, 5, LOC_CITY_NAME_BRUNDISIUM, 3.00, -9999.00, -9999.00, -9999.00, -9999.00, -9999.00, -9999.00, -9999.00, -9999.00, -9999.00, -9999.00
51, 5, LOC_CITY_NAME_PORTO_ALEGRE, 3.00, -9999.00, -9999.00, -9999.00, -9999.00, -9999.00, -9999.00, -9999.00, -9999.00, -9999.00, -9999.00
51, 5, LOC_CITY_NAME_NURI, 2.00, -9999.00, -9999.00, -9999.00, 0.00, -9999.00, -9999.00, -9999.00, -9999.00, -9999.00, -9999.00
51, 5, LOC_CITY_NAME_MAINZ, 3.00, -9999.00, -9999.00, -9999.00, -9999.00, -9999.00, -9999.00, -9999.00, -9999.00, -9999.00, -9999.00
51, 5, LOC_CITY_NAME_YEREVAN, -9999.00, -9999.00, -9999.00, -9999.00, -9999.00, -9999.00, -9999.00, -9999.00, 0.00, -9999.00, -9999.00
51, 5, LOC_CITY_NAME_HATTUSA, -9999.00, -9999.00, -9999.00, -9999.00, -9999.00, -9999.00, -9999.00, -9999.00, 0.00, -9999.00, -9999.00
51, 5, LOC_CITY_CAN_THO, 3.00, -9999.00, -9999.00, -9999.00, -9999.00, -9999.00, -9999.00, -9999.00, -9999.00, -9999.00, -9999.00
51, 5, LOC_CITY_NAME_SHEDET, 0.00, -9999.00, -9999.00, -9999.00, -9999.00, -9999.00, -9999.00, -9999.00, -9999.00, -9999.00, -9999.00
51, 6, LOC_CITY_NAME_PELLA, 0.00, -9999.00, -9999.00, -9999.00, 115.94, 115.70, -9999.00, -9999.00, -9999.00, -9999.00, -9999.00
51, 6, LOC_CITY_NAME_RIO_DE_JANEIRO, -9999.00, -9999.00, -9999.00, -9999.00, -9999.00, -9999.00, -9999.00, -9999.00, -9999.00, -9999.00, -9999.00
51, 6, LOC_CITY_NAME_ROME, 0.00, -9999.00, 100.66, -9999.00, -9999.00, -9999.00, -9999.00, -9999.00, -9999.00, -9999.00, -9999.00
51, 6, LOC_CITY_HA_NOI, 0.00, -9999.00, 329.30, -9999.00, -9999.00, -9999.00, -9999.00, -9999.00, -9999.00, -9999.00, -9999.00
51, 6, LOC_CITY_NAME_AACHEN, 0.00, -9999.00, 329.30, 250.00, -9999.00, -9999.00, -9999.00, -9999.00, -9999.00, -9999.00, -9999.00
51, 6, LOC_CITY_HUE, 0.00, -9999.00, -9999.00, -9999.00, -9999.00, -9999.00, -9999.00, -9999.00, -9999.00, -9999.00, -9999.00
51, 6, LOC_CITY_NAME_ALEXANDRIA_TROAS, 0.00, -9999.00, 100.66, -9999.00, -9999.00, -9999.00, -9999.00, -9999.00, -9999.00, -9999.00, -9999.00
51, 6, LOC_CITY_NAME_SAO_PAULO, -9999.00, -9999.00, -9999.00, -9999.00, -9999.00, -9999.00, -9999.00, -9999.00, -9999.00, -9999.00, -9999.00
51, 6, LOC_CITY_NAME_ARRETIUM, 0.00, -9999.00, 100.66, -9999.00, 115.94, -9999.00, -9999.00, -9999.00, -9999.00, -9999.00, -9999.00
51, 6, LOC_CITY_QUANG_TRI, 0.00, -9999.00, 329.30, -9999.00, 115.94, -9999.00, -9999.00, -9999.00, -9999.00, -9999.00, -9999.00
51, 6, LOC_CITY_NAME_MAGDEBURG, 0.00, -9999.00, 329.30, 250.00, -9999.00, -9999.00, -9999.00, -9999.00, -9999.00, -9999.00, -9999.00
51, 6, LOC_CITY_NAME_ARPINUM, 0.00, -9999.00, 100.66, -9999.00, -9999.00, -9999.00, -9999.00, -9999.00, -9999.00, -9999.00, -9999.00
51, 6, LOC_CITY_NAME_CHALKIDIKI, 0.00, -9999.00, 100.66, -9999.00, -9999.00, -9999.00, -9999.00, -9999.00, -9999.00, -9999.00, -9999.00
51, 6, LOC_CITY_NAME_FORTALEZA, -9999.00, -9999.00, -9999.00, -9999.00, -9999.00, -9999.00, -9999.00, -9999.00, -9999.00, -9999.00, -9999.00
51, 6, LOC_CITY_NAME_COLOGNE, 0.00, -9999.00, 329.30, 250.00, -9999.00, -9999.00, -9999.00, -9999.00, -9999.00, -9999.00, -9999.00
51, 6, LOC_CITY_NAME_KERMA, 2.00, -9999.00, 329.30, -9999.00, 0.00, -9999.00, -9999.00, -9999.00, -9999.00, -9999.00, 2528.96
51, 6, LOC_CITY_HOI_AN, 0.00, -9999.00, -9999.00, -9999.00, -9999.00, -9999.00, -9999.00, -9999.00, -9999.00, -9999.00, -9999.00
51, 6, LOC_CITY_NAME_LUGDUNUM, 0.00, -9999.00, -9999.00, -9999.00, -9999.00, -9999.00, -9999.00, -9999.00, -9999.00, -9999.00, -9999.00
51, 6, LOC_CITY_NAME_BABYLON_STK, 0.00, -9999.00, 329.30, -9999.00, -9999.00, -9999.00, -9999.00, -9999.00, -9999.00, -9999.00, 2057.05
51, 6, LOC_CITY_NAME_ALEXANDRIA_LATMUS, 0.00, -9999.00, 100.66, -9999.00, -9999.00, -9999.00, -9999.00, -9999.00, -9999.00, -9999.00, -9999.00
51, 6, LOC_CITY_NAME_PATNA, 0.00, -9999.00, -9999.00, 250.00, -9999.00, 275.66, -9999.00, -9999.00, -9999.00, -9999.00, 2008.86
51, 6, LOC_CITY_NAME_CURITIBA, -9999.00, -9999.00, -9999.00, -9999.00, -9999.00, -9999.00, -9999.00, -9999.00, -9999.00, -9999.00, -9999.00
51, 6, LOC_CITY_NAME_LISBON, -9999.00, -9999.00, -9999.00, -9999.00, -9999.00, -9999.00, -9999.00, -9999.00, 0.00, -9999.00, -9999.00
51, 6, LOC_CITY_NAME_SWENETT, 0.00, -9999.00, 329.30, -9999.00, -9999.00, 251.27, -9999.00, -9999.00, -9999.00, -9999.00, 1318.19
51, 6, LOC_CITY_NAME_BORSIPPA, 0.00, -9999.00, 329.30, -9999.00, 115.94, 200.95, -9999.00, -9999.00, -9999.00, -9999.00, 43.00
51, 6, LOC_CITY_NAME_KARKAR, 0.00, -9999.00, 329.30, -9999.00, -9999.00, 165.08, -9999.00, -9999.00, -9999.00, -9999.00, 231.33
51, 6, LOC_CITY_NAME_CUMAE, 0.00, -9999.00, -9999.00, -9999.00, -9999.00, -9999.00, -9999.00, -9999.00, -9999.00, -9999.00, -9999.00
51, 6, LOC_CITY_NAME_MEROE, 2.00, -9999.00, 329.30, -9999.00, -9999.00, 409.10, -9999.00, -9999.00, -9999.00, -9999.00, 2536.48
51, 6, LOC_CITY_NAME_KUMASI, -9999.00, -9999.00, -9999.00, -9999.00, -9999.00, -9999.00, -9999.00, -9999.00, 0.00, -9999.00, -9999.00
51, 6, LOC_CITY_NAME_MEMPHIS, 0.00, -9999.00, 329.30, -9999.00, -9999.00, 126.96, -9999.00, -9999.00, -9999.00, -9999.00, 1413.96
51, 6, LOC_CITY_NAME_JOHANNESBURG, -9999.00, -9999.00, -9999.00, -9999.00, -9999.00, -9999.00, -9999.00, -9999.00, 0.00, -9999.00, -9999.00
51, 6, LOC_CITY_HOA_LU, 0.00, -9999.00, -9999.00, -9999.00, -9999.00, -9999.00, -9999.00, -9999.00, -9999.00, -9999.00, -9999.00
51, 6, LOC_CITY_NAME_DORTMUND, 0.00, -9999.00, -9999.00, -9999.00, -9999.00, -9999.00, -9999.00, -9999.00, -9999.00, -9999.00, -9999.00
51, 6, LOC_CITY_NAME_FEZ, 0.00, -9999.00, -9999.00, -9999.00, -9999.00, -9999.00, -9999.00, -9999.00, -9999.00, -9999.00, -9999.00
51, 6, LOC_CITY_NAME_KAWA, 2.00, -9999.00, 329.30, -9999.00, -9999.00, 100.47, -9999.00, -9999.00, -9999.00, -9999.00, 1135.02
51, 6, LOC_CITY_NAME_JERUSALEM, -9999.00, -9999.00, -9999.00, -9999.00, -9999.00, -9999.00, -9999.00, -9999.00, -9999.00, -9999.00, -9999.00
51, 6, LOC_CITY_NAME_SALVADOR, -9999.00, -9999.00, -9999.00, -9999.00, -9999.00, -9999.00, -9999.00, -9999.00, -9999.00, -9999.00, -9999.00
51, 6, LOC_CITY_NAME_EL_KURRU, 2.00, -9999.00, 329.30, -9999.00, -9999.00, 136.36, -9999.00, -9999.00, -9999.00, -9999.00, -9999.00
51, 6, LOC_CITY_NAME_VATICAN_CITY, -9999.00, -9999.00, -9999.00, -9999.00, -9999.00, -9999.00, -9999.00, -9999.00, 0.00, -9999.00, -9999.00
51, 6, LOC_CITY_NAME_PRESLAV, -9999.00, -9999.00, -9999.00, -9999.00, -9999.00, -9999.00, -9999.00, -9999.00, 0.00, -9999.00, -9999.00
51, 6, LOC_CITY_NAME_HEIDELBERG, 0.00, -9999.00, -9999.00, -9999.00, -9999.00, -9999.00, -9999.00, -9999.00, -9999.00, -9999.00, -9999.00
51, 6, LOC_CITY_NAME_METHONE, 0.00, -9999.00, -9999.00, -9999.00, -9999.00, -9999.00, -9999.00, -9999.00, -9999.00, -9999.00, -9999.00
51, 6, LOC_CITY_NAME_AKHETATEN, 0.00, -9999.00, 329.30, -9999.00, -9999.00, -9999.00, -9999.00, -9999.00, -9999.00, -9999.00, 751.63
51, 6, LOC_CITY_NAME_BUENOS_AIRES, 0.00, -9999.00, -9999.00, -9999.00, -9999.00, -9999.00, -9999.00, -9999.00, -9999.00, -9999.00, -9999.00
51, 6, LOC_CITY_NAME_BABYLON, -9999.00, -9999.00, -9999.00, -9999.00, -9999.00, -9999.00, -9999.00, -9999.00, 0.00, -9999.00, -9999.00
51, 6, LOC_CITY_NAME_QASR_IBRIM, 2.00, -9999.00, 329.30, -9999.00, -9999.00, -9999.00, -9999.00, -9999.00, -9999.00, -9999.00, -9999.00
51, 6, LOC_CITY_NAME_HEH, 2.00, -9999.00, -9999.00, -9999.00, -9999.00, 165.08, -9999.00, -9999.00, -9999.00, -9999.00, 200.00
51, 6, LOC_CITY_NAME_SHAAT, 2.00, -9999.00, -9999.00, -9999.00, -9999.00, 71.76, -9999.00, -9999.00, -9999.00, -9999.00, -9999.00
51, 6, LOC_CITY_NAME_SEDEINGA, 2.00, -9999.00, 329.30, -9999.00, 0.00, 258.38, -9999.00, -9999.00, -9999.00, -9999.00, 1478.83
51, 6, LOC_CITY_DONG_HOI, 0.00, -9999.00, 329.30, -9999.00, -9999.00, -9999.00, -9999.00, -9999.00, -9999.00, -9999.00, -9999.00
51, 6, LOC_CITY_NAME_BRUNDISIUM, 0.00, -9999.00, -9999.00, -9999.00, -9999.00, -9999.00, -9999.00, -9999.00, -9999.00, -9999.00, -9999.00
51, 6, LOC_CITY_NAME_PORTO_ALEGRE, -9999.00, -9999.00, -9999.00, -9999.00, -9999.00, -9999.00, -9999.00, -9999.00, -9999.00, -9999.00, -9999.00
51, 6, LOC_CITY_NAME_NURI, 2.00, -9999.00, -9999.00, -9999.00, 0.00, -9999.00, -9999.00, -9999.00, -9999.00, -9999.00, -9999.00
51, 6, LOC_CITY_NAME_MAINZ, 0.00, -9999.00, -9999.00, -9999.00, -9999.00, -9999.00, -9999.00, -9999.00, -9999.00, -9999.00, -9999.00
51, 6, LOC_CITY_NAME_YEREVAN, -9999.00, -9999.00, -9999.00, -9999.00, -9999.00, -9999.00, -9999.00, -9999.00, 0.00, -9999.00, -9999.00
51, 6, LOC_CITY_NAME_HATTUSA, -9999.00, -9999.00, -9999.00, -9999.00, -9999.00, -9999.00, -9999.00, -9999.00, 0.00, -9999.00, -9999.00
51, 6, LOC_CITY_CAN_THO, 0.00, -9999.00, -9999.00, -9999.00, -9999.00, -9999.00, -9999.00, -9999.00, -9999.00, -9999.00, -9999.00
51, 6, LOC_CITY_NAME_SHEDET, 0.00, -9999.00, -9999.00, -9999.00, -9999.00, -9999.00, -9999.00, -9999.00, -9999.00, -9999.00, -9999.00
51, 7, LOC_CITY_NAME_RIO_DE_JANEIRO, 5.00, -9999.00, -9999.00, -9999.00, -9999.00, 451.14, -9999.00, -9999.00, -9999.00, -9999.00, -9999.00
51, 7, LOC_CITY_NAME_PELLA, 2.00, -9999.00, -9999.00, -9999.00, 115.94, 126.80, -9999.00, -9999.00, -9999.00, -9999.00, -9999.00
51, 7, LOC_CITY_NAME_AACHEN, -9999.00, -9999.00, -9999.00, -9999.00, -9999.00, -9999.00, -9999.00, -9999.00, -9999.00, -9999.00, -9999.00
51, 7, LOC_CITY_NAME_ROME, 4.00, -9999.00, 111.66, -9999.00, -9999.00, -9999.00, -9999.00, -9999.00, -9999.00, -9999.00, -9999.00
51, 7, LOC_CITY_HA_NOI, 4.00, -9999.00, 0.00, -9999.00, -9999.00, -9999.00, -9999.00, -9999.00, -9999.00, -9999.00, -9999.00
51, 7, LOC_CITY_HUE, 4.00, -9999.00, -9999.00, -9999.00, -9999.00, -9999.00, -9999.00, -9999.00, -9999.00, -9999.00, -9999.00
51, 7, LOC_CITY_NAME_SAO_PAULO, 5.00, -9999.00, 85.52, -9999.00, -9999.00, -9999.00, -9999.00, -9999.00, -9999.00, -9999.00, -9999.00
51, 7, LOC_CITY_NAME_ALEXANDRIA_TROAS, 2.00, -9999.00, 111.66, -9999.00, -9999.00, -9999.00, -9999.00, -9999.00, -9999.00, -9999.00, -9999.00
51, 7, LOC_CITY_NAME_ARRETIUM, 4.00, -9999.00, 111.66, -9999.00, 115.94, -9999.00, -9999.00, -9999.00, -9999.00, -9999.00, -9999.00
51, 7, LOC_CITY_NAME_MAGDEBURG, -9999.00, -9999.00, -9999.00, -9999.00, -9999.00, -9999.00, -9999.00, -9999.00, -9999.00, -9999.00, -9999.00
51, 7, LOC_CITY_QUANG_TRI, 4.00, -9999.00, 0.00, -9999.00, 115.94, -9999.00, -9999.00, -9999.00, -9999.00, -9999.00, -9999.00
51, 7, LOC_CITY_NAME_ARPINUM, 4.00, -9999.00, 111.66, -9999.00, -9999.00, -9999.00, -9999.00, -9999.00, -9999.00, -9999.00, -9999.00
51, 7, LOC_CITY_NAME_FORTALEZA, 5.00, -9999.00, -9999.00, -9999.00, -9999.00, -9999.00, -9999.00, -9999.00, -9999.00, -9999.00, -9999.00
51, 7, LOC_CITY_NAME_CHALKIDIKI, 2.00, -9999.00, 111.66, -9999.00, -9999.00, -9999.00, -9999.00, -9999.00, -9999.00, -9999.00, -9999.00
51, 7, LOC_CITY_NAME_COLOGNE, -9999.00, -9999.00, -9999.00, -9999.00, -9999.00, -9999.00, -9999.00, -9999.00, -9999.00, -9999.00, -9999.00
51, 7, LOC_CITY_NAME_KERMA, 3.00, -9999.00, 111.66, -9999.00, 0.00, -9999.00, -9999.00, -9999.00, -9999.00, -9999.00, 2718.65
51, 7, LOC_CITY_HOI_AN, 4.00, -9999.00, -9999.00, -9999.00, -9999.00, -9999.00, -9999.00, -9999.00, -9999.00, -9999.00, -9999.00
51, 7, LOC_CITY_NAME_LUGDUNUM, 4.00, -9999.00, -9999.00, -9999.00, -9999.00, -9999.00, -9999.00, -9999.00, -9999.00, -9999.00, -9999.00
51, 7, LOC_CITY_NAME_BABYLON_STK, 1.00, -9999.00, 111.66, -9999.00, -9999.00, -9999.00, -9999.00, -9999.00, -9999.00, -9999.00, 2238.21
51, 7, LOC_CITY_NAME_ALEXANDRIA_LATMUS, 2.00, -9999.00, 111.66, -9999.00, -9999.00, -9999.00, -9999.00, -9999.00, -9999.00, -9999.00, -9999.00
51, 7, LOC_CITY_NAME_PATNA, 1.00, -9999.00, -9999.00, -9999.00, -9999.00, 302.11, -9999.00, -9999.00, -9999.00, -9999.00, 2215.32
51, 7, LOC_CITY_NAME_CURITIBA, 5.00, -9999.00, -9999.00, -9999.00, -9999.00, -9999.00, -9999.00, -9999.00, -9999.00, -9999.00, -9999.00
51, 7, LOC_CITY_NAME_LISBON, -9999.00, -9999.00, -9999.00, -9999.00, -9999.00, -9999.00, -9999.00, -9999.00, 0.00, -9999.00, -9999.00
51, 7, LOC_CITY_NAME_SWENETT, 1.00, -9999.00, 1737.09, -9999.00, -9999.00, 275.38, -9999.00, -9999.00, -9999.00, -9999.00, 1410.01
51, 7, LOC_CITY_NAME_BORSIPPA, 1.00, -9999.00, 111.66, -9999.00, 115.94, 220.23, -9999.00, -9999.00, -9999.00, -9999.00, 70.89
51, 7, LOC_CITY_NAME_KARKAR, 1.00, -9999.00, 111.66, -9999.00, -9999.00, 180.92, -9999.00, -9999.00, -9999.00, -9999.00, 238.30
51, 7, LOC_CITY_NAME_CUMAE, 4.00, -9999.00, -9999.00, -9999.00, -9999.00, -9999.00, -9999.00, -9999.00, -9999.00, -9999.00, -9999.00
51, 7, LOC_CITY_NAME_MEROE, 3.00, -9999.00, 111.66, -9999.00, -9999.00, 448.36, -9999.00, -9999.00, -9999.00, -9999.00, 2720.15
51, 7, LOC_CITY_NAME_KUMASI, -9999.00, -9999.00, -9999.00, -9999.00, -9999.00, -9999.00, -9999.00, -9999.00, 0.00, -9999.00, -9999.00
51, 7, LOC_CITY_NAME_MEMPHIS, 1.00, -9999.00, 1737.09, -9999.00, -9999.00, 139.14, -9999.00, -9999.00, -9999.00, -9999.00, 1571.90
51, 7, LOC_CITY_NAME_JOHANNESBURG, -9999.00, -9999.00, -9999.00, -9999.00, -9999.00, -9999.00, -9999.00, -9999.00, 0.00, -9999.00, -9999.00
51, 7, LOC_CITY_NAME_DORTMUND, -9999.00, -9999.00, -9999.00, -9999.00, -9999.00, -9999.00, -9999.00, -9999.00, -9999.00, -9999.00, -9999.00
51, 7, LOC_CITY_HOA_LU, 4.00, -9999.00, -9999.00, -9999.00, -9999.00, -9999.00, -9999.00, -9999.00, -9999.00, -9999.00, -9999.00
51, 7, LOC_CITY_NAME_FEZ, 2.00, -9999.00, -9999.00, -9999.00, -9999.00, -9999.00, -9999.00, -9999.00, -9999.00, -9999.00, -9999.00
51, 7, LOC_CITY_NAME_KAWA, 3.00, -9999.00, 111.66, -9999.00, -9999.00, 110.11, -9999.00, -9999.00, -9999.00, -9999.00, 1239.14
51, 7, LOC_CITY_NAME_JERUSALEM, 5.00, -9999.00, -9999.00, -9999.00, -9999.00, -9999.00, -9999.00, -9999.00, -9999.00, -9999.00, -9999.00
51, 7, LOC_CITY_NAME_SALVADOR, 5.00, -9999.00, 85.52, -9999.00, -9999.00, -9999.00, -9999.00, -9999.00, -9999.00, -9999.00, -9999.00
51, 7, LOC_CITY_NAME_EL_KURRU, 3.00, -9999.00, 111.66, -9999.00, -9999.00, 149.45, -9999.00, -9999.00, -9999.00, -9999.00, -9999.00
51, 7, LOC_CITY_NAME_VATICAN_CITY, -9999.00, -9999.00, -9999.00, -9999.00, -9999.00, -9999.00, -9999.00, -9999.00, 0.00, -9999.00, -9999.00
51, 7, LOC_CITY_NAME_PRESLAV, -9999.00, -9999.00, -9999.00, -9999.00, -9999.00, -9999.00, -9999.00, -9999.00, 0.00, -9999.00, -9999.00
51, 7, LOC_CITY_NAME_HEIDELBERG, -9999.00, -9999.00, -9999.00, -9999.00, -9999.00, -9999.00, -9999.00, -9999.00, -9999.00, -9999.00, -9999.00
51, 7, LOC_CITY_NAME_METHONE, 2.00, -9999.00, -9999.00, -9999.00, -9999.00, -9999.00, -9999.00, -9999.00, -9999.00, -9999.00, -9999.00
51, 7, LOC_CITY_NAME_AKHETATEN, 1.00, -9999.00, 1737.09, -9999.00, -9999.00, -9999.00, -9999.00, -9999.00, -9999.00, -9999.00, 816.36
51, 7, LOC_CITY_NAME_BUENOS_AIRES, 2.00, -9999.00, -9999.00, -9999.00, -9999.00, -9999.00, -9999.00, -9999.00, -9999.00, -9999.00, -9999.00
51, 7, LOC_CITY_NAME_BABYLON, -9999.00, -9999.00, -9999.00, -9999.00, -9999.00, -9999.00, -9999.00, -9999.00, 0.00, -9999.00, -9999.00
51, 7, LOC_CITY_NAME_QASR_IBRIM, 3.00, -9999.00, 111.66, -9999.00, -9999.00, -9999.00, -9999.00, -9999.00, -9999.00, -9999.00, -9999.00
51, 7, LOC_CITY_NAME_HEH, 3.00, -9999.00, -9999.00, -9999.00, -9999.00, 180.92, -9999.00, -9999.00, -9999.00, -9999.00, 200.00
51, 7, LOC_CITY_NAME_SHAAT, 3.00, -9999.00, -9999.00, -9999.00, -9999.00, 78.64, -9999.00, -9999.00, -9999.00, -9999.00, -9999.00
51, 7, LOC_CITY_NAME_SEDEINGA, 3.00, -9999.00, 111.66, -9999.00, 0.00, 283.17, -9999.00, -9999.00, -9999.00, -9999.00, 1622.69
51, 7, LOC_CITY_DONG_HOI, 4.00, -9999.00, 0.00, -9999.00, -9999.00, -9999.00, -9999.00, -9999.00, -9999.00, -9999.00, -9999.00
51, 7, LOC_CITY_NAME_BRUNDISIUM, 4.00, -9999.00, -9999.00, -9999.00, -9999.00, -9999.00, -9999.00, -9999.00, -9999.00, -9999.00, -9999.00
51, 7, LOC_CITY_NAME_PORTO_ALEGRE, 5.00, -9999.00, 85.52, -9999.00, -9999.00, -9999.00, -9999.00, -9999.00, -9999.00, -9999.00, -9999.00
51, 7, LOC_CITY_NAME_MAINZ, -9999.00, -9999.00, -9999.00, -9999.00, -9999.00, -9999.00, -9999.00, -9999.00, -9999.00, -9999.00, -9999.00
51, 7, LOC_CITY_NAME_NURI, 3.00, -9999.00, -9999.00, -9999.00, 0.00, -9999.00, -9999.00, -9999.00, -9999.00, -9999.00, -9999.00
51, 7, LOC_CITY_NAME_YEREVAN, -9999.00, -9999.00, -9999.00, -9999.00, -9999.00, -9999.00, -9999.00, -9999.00, 0.00, -9999.00, -9999.00
51, 7, LOC_CITY_NAME_HATTUSA, -9999.00, -9999.00, -9999.00, -9999.00, -9999.00, -9999.00, -9999.00, -9999.00, 0.00, -9999.00, -9999.00
51, 7, LOC_CITY_CAN_THO, 4.00, -9999.00, -9999.00, -9999.00, -9999.00, -9999.00, -9999.00, -9999.00, -9999.00, -9999.00, -9999.00
51, 7, LOC_CITY_NAME_SHEDET, 1.00, -9999.00, -9999.00, -9999.00, -9999.00, -9999.00, -9999.00, -9999.00, -9999.00, -9999.00, -9999.00
51, 7, 6422559, MOVE TO CITY (ALREADY THERE), COMPLETE, 69:63
51, 7, 6422559, GAIN SOURCES, BEGIN, 69:63
51, 8, LOC_CITY_NAME_AACHEN, 1.00, -9999.00, 52.90, 149.41, -9999.00, -9999.00, -9999.00, -9999.00, -9999.00, -9999.00, -9999.00
51, 8, LOC_CITY_NAME_RIO_DE_JANEIRO, 3.00, -9999.00, -9999.00, -9999.00, -9999.00, 451.14, -9999.00, -9999.00, -9999.00, -9999.00, -9999.00
51, 8, LOC_CITY_NAME_PELLA, 1.00, -9999.00, -9999.00, -9999.00, 115.94, 126.80, -9999.00, -9999.00, -9999.00, -9999.00, -9999.00
51, 8, LOC_CITY_HA_NOI, -9999.00, -9999.00, -9999.00, -9999.00, -9999.00, -9999.00, -9999.00, -9999.00, -9999.00, -9999.00, -9999.00
51, 8, LOC_CITY_NAME_ROME, 1.00, -9999.00, -9999.00, -9999.00, -9999.00, -9999.00, -9999.00, -9999.00, -9999.00, -9999.00, -9999.00
51, 8, LOC_CITY_HUE, -9999.00, -9999.00, -9999.00, -9999.00, -9999.00, -9999.00, -9999.00, -9999.00, -9999.00, -9999.00, -9999.00
51, 8, LOC_CITY_NAME_SAO_PAULO, 3.00, -9999.00, 105.95, -9999.00, -9999.00, -9999.00, -9999.00, -9999.00, -9999.00, -9999.00, -9999.00
51, 8, LOC_CITY_NAME_ALEXANDRIA_TROAS, 1.00, -9999.00, -9999.00, -9999.00, -9999.00, -9999.00, -9999.00, -9999.00, -9999.00, -9999.00, -9999.00
51, 8, LOC_CITY_NAME_ARRETIUM, 1.00, -9999.00, -9999.00, -9999.00, 115.94, -9999.00, -9999.00, -9999.00, -9999.00, -9999.00, -9999.00
51, 8, LOC_CITY_NAME_MAGDEBURG, 1.00, -9999.00, 52.90, 149.41, -9999.00, -9999.00, -9999.00, -9999.00, -9999.00, -9999.00, -9999.00
51, 8, LOC_CITY_QUANG_TRI, -9999.00, -9999.00, -9999.00, -9999.00, -9999.00, -9999.00, -9999.00, -9999.00, -9999.00, -9999.00, -9999.00
51, 8, LOC_CITY_NAME_ARPINUM, 1.00, -9999.00, -9999.00, -9999.00, -9999.00, -9999.00, -9999.00, -9999.00, -9999.00, -9999.00, -9999.00
51, 8, LOC_CITY_NAME_FORTALEZA, 3.00, -9999.00, -9999.00, -9999.00, -9999.00, -9999.00, -9999.00, -9999.00, -9999.00, -9999.00, -9999.00
51, 8, LOC_CITY_NAME_CHALKIDIKI, 1.00, -9999.00, -9999.00, -9999.00, -9999.00, -9999.00, -9999.00, -9999.00, -9999.00, -9999.00, -9999.00
51, 8, LOC_CITY_NAME_COLOGNE, 1.00, -9999.00, 52.90, 149.41, -9999.00, -9999.00, -9999.00, -9999.00, -9999.00, -9999.00, -9999.00
51, 8, LOC_CITY_HOI_AN, -9999.00, -9999.00, -9999.00, -9999.00, -9999.00, -9999.00, -9999.00, -9999.00, -9999.00, -9999.00, -9999.00
51, 8, LOC_CITY_NAME_KERMA, 2.00, -9999.00, 52.90, -9999.00, 0.00, -9999.00, -9999.00, -9999.00, -9999.00, -9999.00, 2782.25
51, 8, LOC_CITY_NAME_LUGDUNUM, 1.00, -9999.00, -9999.00, -9999.00, -9999.00, -9999.00, -9999.00, -9999.00, -9999.00, -9999.00, -9999.00
51, 8, LOC_CITY_NAME_BABYLON_STK, 0.00, -9999.00, 105.95, -9999.00, -9999.00, -9999.00, -9999.00, -9999.00, -9999.00, -9999.00, 2304.93
51, 8, LOC_CITY_NAME_ALEXANDRIA_LATMUS, 1.00, -9999.00, -9999.00, -9999.00, -9999.00, -9999.00, -9999.00, -9999.00, -9999.00, -9999.00, -9999.00
51, 8, LOC_CITY_NAME_PATNA, 0.00, -9999.00, -9999.00, 149.41, -9999.00, 302.11, -9999.00, -9999.00, -9999.00, -9999.00, 2256.39
51, 8, LOC_CITY_NAME_CURITIBA, 3.00, -9999.00, -9999.00, -9999.00, -9999.00, -9999.00, -9999.00, -9999.00, -9999.00, -9999.00, -9999.00
51, 8, LOC_CITY_NAME_LISBON, -9999.00, -9999.00, -9999.00, -9999.00, -9999.00, -9999.00, -9999.00, -9999.00, 0.00, -9999.00, -9999.00
51, 8, LOC_CITY_NAME_SWENETT, 0.00, -9999.00, 1844.56, -9999.00, -9999.00, 275.38, -9999.00, -9999.00, -9999.00, -9999.00, 1454.12
51, 8, LOC_CITY_NAME_BORSIPPA, 0.00, -9999.00, 105.95, -9999.00, 115.94, 220.23, -9999.00, -9999.00, -9999.00, -9999.00, 84.78
51, 8, LOC_CITY_NAME_KARKAR, 0.00, -9999.00, 105.95, -9999.00, -9999.00, 180.92, -9999.00, -9999.00, -9999.00, -9999.00, 241.77
51, 8, LOC_CITY_NAME_CUMAE, 1.00, -9999.00, -9999.00, -9999.00, -9999.00, -9999.00, -9999.00, -9999.00, -9999.00, -9999.00, -9999.00
51, 8, LOC_CITY_NAME_MEROE, 2.00, -9999.00, 52.90, -9999.00, -9999.00, 448.36, -9999.00, -9999.00, -9999.00, -9999.00, 2765.38
51, 8, LOC_CITY_NAME_KUMASI, -9999.00, -9999.00, -9999.00, -9999.00, -9999.00, -9999.00, -9999.00, -9999.00, 0.00, -9999.00, -9999.00
51, 8, LOC_CITY_NAME_MEMPHIS, 0.00, -9999.00, 1844.56, -9999.00, -9999.00, 139.14, -9999.00, -9999.00, -9999.00, -9999.00, 1663.56
51, 8, LOC_CITY_NAME_JOHANNESBURG, -9999.00, -9999.00, -9999.00, -9999.00, -9999.00, -9999.00, -9999.00, -9999.00, 0.00, -9999.00, -9999.00
51, 8, LOC_CITY_NAME_DORTMUND, 1.00, -9999.00, -9999.00, 149.41, -9999.00, -9999.00, -9999.00, -9999.00, -9999.00, -9999.00, -9999.00
51, 8, LOC_CITY_HOA_LU, -9999.00, -9999.00, -9999.00, -9999.00, -9999.00, -9999.00, -9999.00, -9999.00, -9999.00, -9999.00, -9999.00
51, 8, LOC_CITY_NAME_FEZ, 1.00, -9999.00, -9999.00, -9999.00, -9999.00, -9999.00, -9999.00, -9999.00, -9999.00, -9999.00, -9999.00
51, 8, LOC_CITY_NAME_KAWA, 2.00, -9999.00, 52.90, -9999.00, -9999.00, 110.11, -9999.00, -9999.00, -9999.00, -9999.00, 1306.49
51, 8, LOC_CITY_NAME_JERUSALEM, 3.00, -9999.00, -9999.00, -9999.00, -9999.00, -9999.00, -9999.00, -9999.00, -9999.00, -9999.00, -9999.00
51, 8, LOC_CITY_NAME_SALVADOR, 3.00, -9999.00, 105.95, -9999.00, -9999.00, -9999.00, -9999.00, -9999.00, -9999.00, -9999.00, -9999.00
51, 8, LOC_CITY_NAME_EL_KURRU, 2.00, -9999.00, 52.90, -9999.00, -9999.00, 149.45, -9999.00, -9999.00, -9999.00, -9999.00, -9999.00
51, 8, LOC_CITY_NAME_VATICAN_CITY, -9999.00, -9999.00, -9999.00, -9999.00, -9999.00, -9999.00, -9999.00, -9999.00, 0.00, -9999.00, -9999.00
51, 8, LOC_CITY_NAME_HEIDELBERG, 1.00, -9999.00, -9999.00, -9999.00, -9999.00, -9999.00, -9999.00, -9999.00, -9999.00, -9999.00, -9999.00
51, 8, LOC_CITY_NAME_PRESLAV, -9999.00, -9999.00, -9999.00, -9999.00, -9999.00, -9999.00, -9999.00, -9999.00, 0.00, -9999.00, -9999.00
51, 8, LOC_CITY_NAME_METHONE, 1.00, -9999.00, -9999.00, -9999.00, -9999.00, -9999.00, -9999.00, -9999.00, -9999.00, -9999.00, -9999.00
51, 8, LOC_CITY_NAME_AKHETATEN, 0.00, -9999.00, 1844.56, -9999.00, -9999.00, -9999.00, -9999.00, -9999.00, -9999.00, -9999.00, 851.09
51, 8, LOC_CITY_NAME_BUENOS_AIRES, 1.00, -9999.00, -9999.00, -9999.00, -9999.00, -9999.00, -9999.00, -9999.00, -9999.00, -9999.00, -9999.00
51, 8, LOC_CITY_NAME_BABYLON, -9999.00, -9999.00, -9999.00, -9999.00, -9999.00, -9999.00, -9999.00, -9999.00, 0.00, -9999.00, -9999.00
51, 8, LOC_CITY_NAME_QASR_IBRIM, 2.00, -9999.00, 52.90, -9999.00, -9999.00, -9999.00, -9999.00, -9999.00, -9999.00, -9999.00, -9999.00
51, 8, LOC_CITY_NAME_HEH, 2.00, -9999.00, -9999.00, -9999.00, -9999.00, 180.92, -9999.00, -9999.00, -9999.00, -9999.00, 200.00
51, 8, LOC_CITY_DONG_HOI, -9999.00, -9999.00, -9999.00, -9999.00, -9999.00, -9999.00, -9999.00, -9999.00, -9999.00, -9999.00, -9999.00
51, 8, LOC_CITY_NAME_SHAAT, 2.00, -9999.00, -9999.00, -9999.00, -9999.00, 78.64, -9999.00, -9999.00, -9999.00, -9999.00, -9999.00
51, 8, LOC_CITY_NAME_SEDEINGA, 2.00, -9999.00, 52.90, -9999.00, 0.00, 283.17, -9999.00, -9999.00, -9999.00, -9999.00, 1683.83
51, 8, LOC_CITY_NAME_BRUNDISIUM, 1.00, -9999.00, -9999.00, -9999.00, -9999.00, -9999.00, -9999.00, -9999.00, -9999.00, -9999.00, -9999.00
51, 8, LOC_CITY_NAME_PORTO_ALEGRE, 3.00, -9999.00, 105.95, -9999.00, -9999.00, -9999.00, -9999.00, -9999.00, -9999.00, -9999.00, -9999.00
51, 8, LOC_CITY_NAME_MAINZ, 1.00, -9999.00, 52.90, 149.41, -9999.00, -9999.00, -9999.00, -9999.00, -9999.00, -9999.00, -9999.00
51, 8, LOC_CITY_NAME_NURI, 2.00, -9999.00, -9999.00, -9999.00, 0.00, -9999.00, -9999.00, -9999.00, -9999.00, -9999.00, -9999.00
51, 8, LOC_CITY_NAME_YEREVAN, -9999.00, -9999.00, -9999.00, -9999.00, -9999.00, -9999.00, -9999.00, -9999.00, 0.00, -9999.00, -9999.00
51, 8, LOC_CITY_NAME_HATTUSA, -9999.00, -9999.00, -9999.00, -9999.00, -9999.00, -9999.00, -9999.00, -9999.00, 0.00, -9999.00, -9999.00
51, 8, LOC_CITY_CAN_THO, -9999.00, -9999.00, -9999.00, -9999.00, -9999.00, -9999.00, -9999.00, -9999.00, -9999.00, -9999.00, -9999.00
51, 8, LOC_CITY_NAME_SHEDET, 0.00, -9999.00, -9999.00, -9999.00, -9999.00, -9999.00, -9999.00, -9999.00, -9999.00, -9999.00, -9999.00
51, 8, LOC_CITY_NAME_VILNIUS, -9999.00, -9999.00, -9999.00, -9999.00, -9999.00, -9999.00, -9999.00, -9999.00, -9999.00, -9999.00, -9999.00
51, 9, LOC_CITY_HA_NOI, 5.00, -9999.00, 371.42, -9999.00, -9999.00, -9999.00, -9999.00, -9999.00, -9999.00, -9999.00, -9999.00
51, 9, LOC_CITY_NAME_AACHEN, 2.00, -9999.00, 371.42, 149.41, -9999.00, -9999.00, -9999.00, -9999.00, -9999.00, -9999.00, -9999.00
51, 9, LOC_CITY_NAME_RIO_DE_JANEIRO, 4.00, -9999.00, -9999.00, -9999.00, -9999.00, 504.15, -9999.00, -9999.00, -9999.00, -9999.00, -9999.00
51, 9, LOC_CITY_NAME_PELLA, 2.00, -9999.00, -9999.00, -9999.00, 115.94, 141.70, -9999.00, -9999.00, -9999.00, -9999.00, -9999.00
51, 9, LOC_CITY_NAME_ROME, -9999.00, -9999.00, -9999.00, -9999.00, -9999.00, -9999.00, -9999.00, -9999.00, -9999.00, -9999.00, -9999.00
51, 9, LOC_CITY_HUE, 5.00, -9999.00, -9999.00, -9999.00, -9999.00, -9999.00, -9999.00, -9999.00, -9999.00, -9999.00, -9999.00
51, 9, LOC_CITY_NAME_SAO_PAULO, 4.00, -9999.00, 113.23, -9999.00, -9999.00, -9999.00, -9999.00, -9999.00, -9999.00, -9999.00, -9999.00
51, 9, LOC_CITY_NAME_ALEXANDRIA_TROAS, 2.00, -9999.00, -9999.00, -9999.00, -9999.00, -9999.00, -9999.00, -9999.00, -9999.00, -9999.00, -9999.00
51, 9, LOC_CITY_NAME_ARRETIUM, -9999.00, -9999.00, -9999.00, -9999.00, -9999.00, -9999.00, -9999.00, -9999.00, -9999.00, -9999.00, -9999.00
51, 9, LOC_CITY_QUANG_TRI, 5.00, -9999.00, 371.42, -9999.00, 115.94, -9999.00, -9999.00, -9999.00, -9999.00, -9999.00, -9999.00
51, 9, LOC_CITY_NAME_MAGDEBURG, 2.00, -9999.00, 371.42, 149.41, -9999.00, -9999.00, -9999.00, -9999.00, -9999.00, -9999.00, -9999.00
51, 9, LOC_CITY_NAME_ARPINUM, -9999.00, -9999.00, -9999.00, -9999.00, -9999.00, -9999.00, -9999.00, -9999.00, -9999.00, -9999.00, -9999.00
51, 9, LOC_CITY_NAME_FORTALEZA, 4.00, -9999.00, -9999.00, -9999.00, -9999.00, -9999.00, -9999.00, -9999.00, -9999.00, -9999.00, -9999.00
51, 9, LOC_CITY_NAME_CHALKIDIKI, 2.00, -9999.00, -9999.00, -9999.00, -9999.00, -9999.00, -9999.00, -9999.00, -9999.00, -9999.00, -9999.00
51, 9, LOC_CITY_NAME_COLOGNE, 2.00, -9999.00, 371.42, 149.41, -9999.00, -9999.00, -9999.00, -9999.00, -9999.00, -9999.00, -9999.00
51, 9, LOC_CITY_HOI_AN, 5.00, -9999.00, -9999.00, -9999.00, -9999.00, -9999.00, -9999.00, -9999.00, -9999.00, -9999.00, -9999.00
51, 9, LOC_CITY_NAME_LUGDUNUM, -9999.00, -9999.00, -9999.00, -9999.00, -9999.00, -9999.00, -9999.00, -9999.00, -9999.00, -9999.00, -9999.00
51, 9, LOC_CITY_NAME_KERMA, 3.00, -9999.00, 371.42, -9999.00, 0.00, -9999.00, -9999.00, -9999.00, -9999.00, -9999.00, 2608.64
51, 9, LOC_CITY_NAME_BABYLON_STK, 1.00, -9999.00, 371.42, -9999.00, -9999.00, -9999.00, -9999.00, -9999.00, -9999.00, -9999.00, 2138.13
51, 9, LOC_CITY_NAME_ALEXANDRIA_LATMUS, 2.00, -9999.00, -9999.00, -9999.00, -9999.00, -9999.00, -9999.00, -9999.00, -9999.00, -9999.00, -9999.00
51, 9, LOC_CITY_NAME_PATNA, 1.00, -9999.00, -9999.00, 149.41, -9999.00, 337.61, -9999.00, -9999.00, -9999.00, -9999.00, 2044.55
51, 9, LOC_CITY_NAME_CURITIBA, 4.00, -9999.00, -9999.00, -9999.00, -9999.00, -9999.00, -9999.00, -9999.00, -9999.00, -9999.00, -9999.00
51, 9, LOC_CITY_NAME_LISBON, -9999.00, -9999.00, -9999.00, -9999.00, -9999.00, -9999.00, -9999.00, -9999.00, 0.00, -9999.00, -9999.00
51, 9, LOC_CITY_NAME_SWENETT, 1.00, -9999.00, 371.42, -9999.00, -9999.00, 307.74, -9999.00, -9999.00, -9999.00, -9999.00, 1366.92
51, 9, LOC_CITY_NAME_BORSIPPA, 1.00, -9999.00, 371.42, -9999.00, 115.94, 246.11, -9999.00, -9999.00, -9999.00, -9999.00, 57.66
51, 9, LOC_CITY_NAME_KARKAR, 1.00, -9999.00, 371.42, -9999.00, -9999.00, 202.18, -9999.00, -9999.00, -9999.00, -9999.00, 234.99
51, 9, LOC_CITY_NAME_MEROE, 3.00, -9999.00, 371.42, -9999.00, -9999.00, 501.04, -9999.00, -9999.00, -9999.00, -9999.00, 2606.18
51, 9, LOC_CITY_NAME_CUMAE, -9999.00, -9999.00, -9999.00, -9999.00, -9999.00, -9999.00, -9999.00, -9999.00, -9999.00, -9999.00, -9999.00
51, 9, LOC_CITY_NAME_KUMASI, -9999.00, -9999.00, -9999.00, -9999.00, -9999.00, -9999.00, -9999.00, -9999.00, 0.00, -9999.00, -9999.00
51, 9, LOC_CITY_NAME_MEMPHIS, 1.00, -9999.00, 371.42, -9999.00, -9999.00, 155.50, -9999.00, -9999.00, -9999.00, -9999.00, 1493.15
51, 9, LOC_CITY_NAME_JOHANNESBURG, -9999.00, -9999.00, -9999.00, -9999.00, -9999.00, -9999.00, -9999.00, -9999.00, 0.00, -9999.00, -9999.00
51, 9, LOC_CITY_HOA_LU, 5.00, -9999.00, -9999.00, -9999.00, -9999.00, -9999.00, -9999.00, -9999.00, -9999.00, -9999.00, -9999.00
51, 9, LOC_CITY_NAME_DORTMUND, 2.00, -9999.00, -9999.00, 149.41, -9999.00, -9999.00, -9999.00, -9999.00, -9999.00, -9999.00, -9999.00
51, 9, LOC_CITY_NAME_FEZ, 2.00, -9999.00, -9999.00, -9999.00, -9999.00, -9999.00, -9999.00, -9999.00, -9999.00, -9999.00, -9999.00
51, 9, LOC_CITY_NAME_KAWA, 3.00, -9999.00, 371.42, -9999.00, -9999.00, 123.05, -9999.00, -9999.00, -9999.00, -9999.00, 1183.55
51, 9, LOC_CITY_NAME_JERUSALEM, 4.00, -9999.00, -9999.00, -9999.00, -9999.00, -9999.00, -9999.00, -9999.00, -9999.00, -9999.00, -9999.00
51, 9, LOC_CITY_NAME_SALVADOR, 4.00, -9999.00, 113.23, -9999.00, -9999.00, -9999.00, -9999.00, -9999.00, -9999.00, -9999.00, -9999.00
51, 9, LOC_CITY_NAME_EL_KURRU, 3.00, -9999.00, 371.42, -9999.00, -9999.00, 167.01, -9999.00, -9999.00, -9999.00, -9999.00, -9999.00
51, 9, LOC_CITY_NAME_VATICAN_CITY, -9999.00, -9999.00, -9999.00, -9999.00, -9999.00, -9999.00, -9999.00, -9999.00, 0.00, -9999.00, -9999.00
51, 9, LOC_CITY_NAME_HEIDELBERG, 2.00, -9999.00, -9999.00, -9999.00, -9999.00, -9999.00, -9999.00, -9999.00, -9999.00, -9999.00, -9999.00
51, 9, LOC_CITY_NAME_PRESLAV, -9999.00, -9999.00, -9999.00, -9999.00, -9999.00, -9999.00, -9999.00, -9999.00, 0.00, -9999.00, -9999.00
51, 9, LOC_CITY_NAME_METHONE, 2.00, -9999.00, -9999.00, -9999.00, -9999.00, -9999.00, -9999.00, -9999.00, -9999.00, -9999.00, -9999.00
51, 9, LOC_CITY_NAME_AKHETATEN, 1.00, -9999.00, 371.42, -9999.00, -9999.00, -9999.00, -9999.00, -9999.00, -9999.00, -9999.00, 783.27
51, 9, LOC_CITY_NAME_BUENOS_AIRES, 2.00, -9999.00, -9999.00, -9999.00, -9999.00, -9999.00, -9999.00, -9999.00, -9999.00, -9999.00, -9999.00
51, 9, LOC_CITY_NAME_BABYLON, -9999.00, -9999.00, -9999.00, -9999.00, -9999.00, -9999.00, -9999.00, -9999.00, 0.00, -9999.00, -9999.00
51, 9, LOC_CITY_NAME_QASR_IBRIM, 3.00, -9999.00, 371.42, -9999.00, -9999.00, -9999.00, -9999.00, -9999.00, -9999.00, -9999.00, -9999.00
51, 9, LOC_CITY_NAME_HEH, 3.00, -9999.00, -9999.00, -9999.00, -9999.00, 202.18, -9999.00, -9999.00, -9999.00, -9999.00, 200.00
51, 9, LOC_CITY_DONG_HOI, 5.00, -9999.00, 371.42, -9999.00, -9999.00, -9999.00, -9999.00, -9999.00, -9999.00, -9999.00, -9999.00
51, 9, LOC_CITY_NAME_SHAAT, 3.00, -9999.00, -9999.00, -9999.00, -9999.00, 87.89, -9999.00, -9999.00, -9999.00, -9999.00, -9999.00
51, 9, LOC_CITY_NAME_SEDEINGA, 3.00, -9999.00, 371.42, -9999.00, 0.00, 316.45, -9999.00, -9999.00, -9999.00, -9999.00, 1555.86
51, 9, LOC_CITY_NAME_BRUNDISIUM, -9999.00, -9999.00, -9999.00, -9999.00, -9999.00, -9999.00, -9999.00, -9999.00, -9999.00, -9999.00, -9999.00
51, 9, LOC_CITY_NAME_PORTO_ALEGRE, 4.00, -9999.00, 113.23, -9999.00, -9999.00, -9999.00, -9999.00, -9999.00, -9999.00, -9999.00, -9999.00
51, 9, LOC_CITY_NAME_MAINZ, 2.00, -9999.00, 371.42, 149.41, -9999.00, -9999.00, -9999.00, -9999.00, -9999.00, -9999.00, -9999.00
51, 9, LOC_CITY_NAME_NURI, 3.00, -9999.00, -9999.00, -9999.00, 0.00, -9999.00, -9999.00, -9999.00, -9999.00, -9999.00, -9999.00
51, 9, LOC_CITY_NAME_YEREVAN, -9999.00, -9999.00, -9999.00, -9999.00, -9999.00, -9999.00, -9999.00, -9999.00, 0.00, -9999.00, -9999.00
51, 9, LOC_CITY_CAN_THO, 5.00, -9999.00, -9999.00, -9999.00, -9999.00, -9999.00, -9999.00, -9999.00, -9999.00, -9999.00, -9999.00
51, 9, LOC_CITY_NAME_HATTUSA, -9999.00, -9999.00, -9999.00, -9999.00, -9999.00, -9999.00, -9999.00, -9999.00, 0.00, -9999.00, -9999.00
51, 9, LOC_CITY_NAME_VILNIUS, 5.00, -9999.00, -9999.00, -9999.00, -9999.00, -9999.00, -9999.00, -9999.00, -9999.00, -9999.00, -9999.00
51, 9, LOC_CITY_NAME_SHEDET, 1.00, -9999.00, -9999.00, -9999.00, -9999.00, -9999.00, -9999.00, -9999.00, -9999.00, -9999.00, -9999.00
51, 9, LOC_CITY_NAME_SETIA, -9999.00, -9999.00, -9999.00, -9999.00, -9999.00, -9999.00, -9999.00, -9999.00, -9999.00, -9999.00, -9999.00
52, 5, LOC_CITY_NAME_PELLA, -9999.00, -9999.00, -9999.00, -9999.00, -9999.00, -9999.00, -9999.00, -9999.00, -9999.00, -9999.00, -9999.00
52, 5, LOC_CITY_NAME_ROME, 3.00, -9999.00, -9999.00, -9999.00, -9999.00, -9999.00, -9999.00, -9999.00, -9999.00, -9999.00, -9999.00
52, 5, LOC_CITY_HA_NOI, 3.00, -9999.00, 347.30, -9999.00, -9999.00, -9999.00, -9999.00, -9999.00, -9999.00, -9999.00, -9999.00
52, 5, LOC_CITY_NAME_AACHEN, 3.00, -9999.00, 347.30, 136.72, -9999.00, -9999.00, -9999.00, -9999.00, -9999.00, -9999.00, -9999.00
52, 5, LOC_CITY_NAME_RIO_DE_JANEIRO, 3.00, -9999.00, -9999.00, -9999.00, -9999.00, 451.14, -9999.00, -9999.00, -9999.00, -9999.00, -9999.00
52, 5, LOC_CITY_HUE, 3.00, -9999.00, -9999.00, -9999.00, -9999.00, -9999.00, -9999.00, -9999.00, -9999.00, -9999.00, -9999.00
52, 5, LOC_CITY_NAME_ALEXANDRIA_TROAS, -9999.00, -9999.00, -9999.00, -9999.00, -9999.00, -9999.00, -9999.00, -9999.00, -9999.00, -9999.00, -9999.00
52, 5, LOC_CITY_NAME_SAO_PAULO, 3.00, -9999.00, 99.18, -9999.00, -9999.00, -9999.00, -9999.00, -9999.00, -9999.00, -9999.00, -9999.00
52, 5, LOC_CITY_NAME_ARRETIUM, 3.00, -9999.00, -9999.00, -9999.00, 135.94, -9999.00, -9999.00, -9999.00, -9999.00, -9999.00, -9999.00
52, 5, LOC_CITY_QUANG_TRI, 3.00, -9999.00, 347.30, -9999.00, 135.94, -9999.00, -9999.00, -9999.00, -9999.00, -9999.00, -9999.00
52, 5, LOC_CITY_NAME_MAGDEBURG, 3.00, -9999.00, 347.30, 136.72, -9999.00, -9999.00, -9999.00, -9999.00, -9999.00, -9999.00, -9999.00
52, 5, LOC_CITY_NAME_ARPINUM, 3.00, -9999.00, -9999.00, -9999.00, -9999.00, -9999.00, -9999.00, -9999.00, -9999.00, -9999.00, -9999.00
52, 5, LOC_CITY_NAME_CHALKIDIKI, -9999.00, -9999.00, -9999.00, -9999.00, -9999.00, -9999.00, -9999.00, -9999.00, -9999.00, -9999.00, -9999.00
52, 5, LOC_CITY_NAME_FORTALEZA, 3.00, -9999.00, -9999.00, -9999.00, -9999.00, -9999.00, -9999.00, -9999.00, -9999.00, -9999.00, -9999.00
52, 5, LOC_CITY_NAME_COLOGNE, 3.00, -9999.00, 347.30, 136.72, -9999.00, -9999.00, -9999.00, -9999.00, -9999.00, -9999.00, -9999.00
52, 5, LOC_CITY_NAME_KERMA, 2.00, -9999.00, 347.30, -9999.00, 0.00, -9999.00, -9999.00, -9999.00, -9999.00, -9999.00, 2875.14
52, 5, LOC_CITY_HOI_AN, 3.00, -9999.00, -9999.00, -9999.00, -9999.00, -9999.00, -9999.00, -9999.00, -9999.00, -9999.00, -9999.00
52, 5, LOC_CITY_NAME_LUGDUNUM, 3.00, -9999.00, -9999.00, -9999.00, -9999.00, -9999.00, -9999.00, -9999.00, -9999.00, -9999.00, -9999.00
52, 5, LOC_CITY_NAME_BABYLON_STK, 0.00, -9999.00, 347.30, -9999.00, -9999.00, -9999.00, -9999.00, -9999.00, -9999.00, -9999.00, 2674.52
52, 5, LOC_CITY_NAME_PATNA, 0.00, -9999.00, -9999.00, 136.72, -9999.00, 309.84, -9999.00, -9999.00, -9999.00, -9999.00, 2326.61
52, 5, LOC_CITY_NAME_ALEXANDRIA_LATMUS, -9999.00, -9999.00, -9999.00, -9999.00, -9999.00, -9999.00, -9999.00, -9999.00, -9999.00, -9999.00, -9999.00
52, 5, LOC_CITY_NAME_CURITIBA, 3.00, -9999.00, -9999.00, -9999.00, -9999.00, -9999.00, -9999.00, -9999.00, -9999.00, -9999.00, -9999.00
52, 5, LOC_CITY_NAME_LISBON, -9999.00, -9999.00, -9999.00, -9999.00, -9999.00, -9999.00, -9999.00, -9999.00, 0.00, -9999.00, -9999.00
52, 5, LOC_CITY_NAME_SWENETT, 0.00, -9999.00, 347.30, -9999.00, -9999.00, 258.56, -9999.00, -9999.00, -9999.00, -9999.00, 1605.53
52, 5, LOC_CITY_NAME_BORSIPPA, 0.00, -9999.00, 347.30, -9999.00, 135.94, 239.22, -9999.00, -9999.00, -9999.00, -9999.00, 326.58
52, 5, LOC_CITY_NAME_KARKAR, 0.00, -9999.00, 347.30, -9999.00, -9999.00, 213.61, -9999.00, -9999.00, -9999.00, -9999.00, 393.70
52, 5, LOC_CITY_NAME_CUMAE, 3.00, -9999.00, -9999.00, -9999.00, -9999.00, -9999.00, -9999.00, -9999.00, -9999.00, -9999.00, -9999.00
52, 5, LOC_CITY_NAME_MEROE, 2.00, -9999.00, 347.30, -9999.00, -9999.00, 448.36, -9999.00, -9999.00, -9999.00, -9999.00, 3505.66
52, 5, LOC_CITY_NAME_KUMASI, -9999.00, -9999.00, -9999.00, -9999.00, -9999.00, -9999.00, -9999.00, -9999.00, 0.00, -9999.00, -9999.00
52, 5, LOC_CITY_NAME_MEMPHIS, 0.00, -9999.00, 347.30, -9999.00, -9999.00, 139.14, -9999.00, -9999.00, -9999.00, -9999.00, 1676.06
52, 5, LOC_CITY_NAME_JOHANNESBURG, -9999.00, -9999.00, -9999.00, -9999.00, -9999.00, -9999.00, -9999.00, -9999.00, 0.00, -9999.00, -9999.00
52, 5, LOC_CITY_HOA_LU, 3.00, -9999.00, -9999.00, -9999.00, -9999.00, -9999.00, -9999.00, -9999.00, -9999.00, -9999.00, -9999.00
52, 5, LOC_CITY_NAME_DORTMUND, 3.00, -9999.00, -9999.00, 136.72, -9999.00, -9999.00, -9999.00, -9999.00, -9999.00, -9999.00, -9999.00
52, 5, LOC_CITY_NAME_FEZ, -9999.00, -9999.00, -9999.00, -9999.00, -9999.00, -9999.00, -9999.00, -9999.00, -9999.00, -9999.00, -9999.00
52, 5, LOC_CITY_NAME_KAWA, 2.00, -9999.00, 347.30, -9999.00, -9999.00, 165.18, -9999.00, -9999.00, -9999.00, -9999.00, 1426.23
52, 5, LOC_CITY_NAME_EL_KURRU, 2.00, -9999.00, 347.30, -9999.00, -9999.00, 149.45, -9999.00, -9999.00, -9999.00, -9999.00, -9999.00
52, 5, LOC_CITY_NAME_VATICAN_CITY, -9999.00, -9999.00, -9999.00, -9999.00, -9999.00, -9999.00, -9999.00, -9999.00, 0.00, -9999.00, -9999.00
52, 5, LOC_CITY_NAME_JERUSALEM, 3.00, -9999.00, -9999.00, -9999.00, -9999.00, -9999.00, -9999.00, -9999.00, -9999.00, -9999.00, -9999.00
52, 5, LOC_CITY_NAME_SALVADOR, 3.00, -9999.00, 99.18, -9999.00, -9999.00, -9999.00, -9999.00, -9999.00, -9999.00, -9999.00, -9999.00
52, 5, LOC_CITY_NAME_PRESLAV, -9999.00, -9999.00, -9999.00, -9999.00, -9999.00, -9999.00, -9999.00, -9999.00, 0.00, -9999.00, -9999.00
52, 5, LOC_CITY_NAME_HEIDELBERG, 3.00, -9999.00, -9999.00, -9999.00, -9999.00, -9999.00, -9999.00, -9999.00, -9999.00, -9999.00, -9999.00
52, 5, LOC_CITY_NAME_AKHETATEN, 0.00, -9999.00, 347.30, -9999.00, -9999.00, -9999.00, -9999.00, -9999.00, -9999.00, -9999.00, 1216.13
52, 5, LOC_CITY_NAME_METHONE, -9999.00, -9999.00, -9999.00, -9999.00, -9999.00, -9999.00, -9999.00, -9999.00, -9999.00, -9999.00, -9999.00
52, 5, LOC_CITY_NAME_BUENOS_AIRES, -9999.00, -9999.00, -9999.00, -9999.00, -9999.00, -9999.00, -9999.00, -9999.00, -9999.00, -9999.00, -9999.00
52, 5, LOC_CITY_NAME_BABYLON, -9999.00, -9999.00, -9999.00, -9999.00, -9999.00, -9999.00, -9999.00, -9999.00, 0.00, -9999.00, -9999.00
52, 5, LOC_CITY_NAME_QASR_IBRIM, 2.00, -9999.00, 347.30, -9999.00, -9999.00, -9999.00, -9999.00, -9999.00, -9999.00, -9999.00, -9999.00
52, 5, LOC_CITY_NAME_HEH, 2.00, -9999.00, -9999.00, -9999.00, -9999.00, 180.92, -9999.00, -9999.00, -9999.00, -9999.00, 200.00
52, 5, LOC_CITY_NAME_SHAAT, 2.00, -9999.00, -9999.00, -9999.00, -9999.00, 78.64, -9999.00, -9999.00, -9999.00, -9999.00, -9999.00
52, 5, LOC_CITY_NAME_SEDEINGA, 2.00, -9999.00, 347.30, -9999.00, 0.00, 283.17, -9999.00, -9999.00, -9999.00, -9999.00, 405.00
52, 5, LOC_CITY_DONG_HOI, 3.00, -9999.00, 347.30, -9999.00, -9999.00, -9999.00, -9999.00, -9999.00, -9999.00, -9999.00, -9999.00
52, 5, LOC_CITY_NAME_BRUNDISIUM, 3.00, -9999.00, -9999.00, -9999.00, -9999.00, -9999.00, -9999.00, -9999.00, -9999.00, -9999.00, -9999.00
52, 5, LOC_CITY_NAME_PORTO_ALEGRE, 3.00, -9999.00, 99.18, -9999.00, -9999.00, -9999.00, -9999.00, -9999.00, -9999.00, -9999.00, -9999.00
52, 5, LOC_CITY_NAME_NURI, 2.00, -9999.00, -9999.00, -9999.00, 0.00, -9999.00, -9999.00, -9999.00, -9999.00, -9999.00, -9999.00
52, 5, LOC_CITY_NAME_MAINZ, 3.00, -9999.00, 347.30, 136.72, -9999.00, -9999.00, -9999.00, -9999.00, -9999.00, -9999.00, -9999.00
52, 5, LOC_CITY_NAME_YEREVAN, -9999.00, -9999.00, -9999.00, -9999.00, -9999.00, -9999.00, -9999.00, -9999.00, 0.00, -9999.00, -9999.00
52, 5, LOC_CITY_NAME_HATTUSA, -9999.00, -9999.00, -9999.00, -9999.00, -9999.00, -9999.00, -9999.00, -9999.00, 0.00, -9999.00, -9999.00
52, 5, LOC_CITY_CAN_THO, 3.00, -9999.00, -9999.00, -9999.00, -9999.00, -9999.00, -9999.00, -9999.00, -9999.00, -9999.00, -9999.00
52, 5, LOC_CITY_NAME_SHEDET, 0.00, -9999.00, -9999.00, -9999.00, -9999.00, -9999.00, -9999.00, -9999.00, -9999.00, -9999.00, -9999.00
52, 5, LOC_CITY_NAME_SETIA, 3.00, -9999.00, -9999.00, -9999.00, -9999.00, -9999.00, -9999.00, -9999.00, -9999.00, -9999.00, -9999.00
52, 5, LOC_CITY_NAME_VILNIUS, 3.00, -9999.00, -9999.00, -9999.00, -9999.00, -9999.00, -9999.00, -9999.00, -9999.00, -9999.00, -9999.00
52, 5, LOC_CITY_NAME_NEKHEN, 0.00, -9999.00, 347.30, -9999.00, -9999.00, 183.09, -9999.00, -9999.00, -9999.00, -9999.00, 1320.87
52, 5, LOC_CITY_NAME_RA_KEDET, 0.00, -9999.00, -9999.00, -9999.00, -9999.00, 161.11, -9999.00, -9999.00, -9999.00, -9999.00, 2308.33
52, 6, LOC_CITY_NAME_PELLA, 1.00, -9999.00, -9999.00, -9999.00, 115.94, 132.76, -9999.00, -9999.00, -9999.00, -9999.00, -9999.00
52, 6, LOC_CITY_NAME_RIO_DE_JANEIRO, -9999.00, -9999.00, -9999.00, -9999.00, -9999.00, -9999.00, -9999.00, -9999.00, -9999.00, -9999.00, -9999.00
52, 6, LOC_CITY_NAME_ROME, 1.00, -9999.00, 106.11, -9999.00, -9999.00, -9999.00, -9999.00, -9999.00, -9999.00, -9999.00, -9999.00
52, 6, LOC_CITY_HA_NOI, 1.00, -9999.00, 329.30, -9999.00, -9999.00, -9999.00, -9999.00, -9999.00, -9999.00, -9999.00, -9999.00
52, 6, LOC_CITY_NAME_AACHEN, 1.00, -9999.00, 329.30, 274.41, -9999.00, -9999.00, -9999.00, -9999.00, -9999.00, -9999.00, -9999.00
52, 6, LOC_CITY_HUE, 1.00, -9999.00, -9999.00, -9999.00, -9999.00, -9999.00, -9999.00, -9999.00, -9999.00, -9999.00, -9999.00
52, 6, LOC_CITY_NAME_ALEXANDRIA_TROAS, 1.00, -9999.00, 106.11, -9999.00, -9999.00, -9999.00, -9999.00, -9999.00, -9999.00, -9999.00, -9999.00
52, 6, LOC_CITY_NAME_SAO_PAULO, -9999.00, -9999.00, -9999.00, -9999.00, -9999.00, -9999.00, -9999.00, -9999.00, -9999.00, -9999.00, -9999.00
52, 6, LOC_CITY_NAME_ARRETIUM, 1.00, -9999.00, 106.11, -9999.00, 115.94, -9999.00, -9999.00, -9999.00, -9999.00, -9999.00, -9999.00
52, 6, LOC_CITY_QUANG_TRI, 1.00, -9999.00, 329.30, -9999.00, 115.94, -9999.00, -9999.00, -9999.00, -9999.00, -9999.00, -9999.00
52, 6, LOC_CITY_NAME_MAGDEBURG, 1.00, -9999.00, 329.30, 274.41, -9999.00, -9999.00, -9999.00, -9999.00, -9999.00, -9999.00, -9999.00
52, 6, LOC_CITY_NAME_ARPINUM, 1.00, -9999.00, 106.11, -9999.00, -9999.00, -9999.00, -9999.00, -9999.00, -9999.00, -9999.00, -9999.00
52, 6, LOC_CITY_NAME_CHALKIDIKI, 1.00, -9999.00, 106.11, -9999.00, -9999.00, -9999.00, -9999.00, -9999.00, -9999.00, -9999.00, -9999.00
52, 6, LOC_CITY_NAME_FORTALEZA, -9999.00, -9999.00, -9999.00, -9999.00, -9999.00, -9999.00, -9999.00, -9999.00, -9999.00, -9999.00, -9999.00
52, 6, LOC_CITY_NAME_COLOGNE, 1.00, -9999.00, 329.30, 274.41, -9999.00, -9999.00, -9999.00, -9999.00, -9999.00, -9999.00, -9999.00
52, 6, LOC_CITY_NAME_KERMA, 2.00, -9999.00, 329.30, -9999.00, 0.00, -9999.00, -9999.00, -9999.00, -9999.00, -9999.00, 2572.03
52, 6, LOC_CITY_HOI_AN, 1.00, -9999.00, -9999.00, -9999.00, -9999.00, -9999.00, -9999.00, -9999.00, -9999.00, -9999.00, -9999.00
52, 6, LOC_CITY_NAME_LUGDUNUM, 1.00, -9999.00, -9999.00, -9999.00, -9999.00, -9999.00, -9999.00, -9999.00, -9999.00, -9999.00, -9999.00
52, 6, LOC_CITY_NAME_BABYLON_STK, 0.00, -9999.00, 329.30, -9999.00, -9999.00, -9999.00, -9999.00, -9999.00, -9999.00, -9999.00, 2197.69
52, 6, LOC_CITY_NAME_ALEXANDRIA_LATMUS, 1.00, -9999.00, 106.11, -9999.00, -9999.00, -9999.00, -9999.00, -9999.00, -9999.00, -9999.00, -9999.00
52, 6, LOC_CITY_NAME_PATNA, 0.00, -9999.00, -9999.00, 274.41, -9999.00, 309.84, -9999.00, -9999.00, -9999.00, -9999.00, 1996.47
52, 6, LOC_CITY_NAME_CURITIBA, -9999.00, -9999.00, -9999.00, -9999.00, -9999.00, -9999.00, -9999.00, -9999.00, -9999.00, -9999.00, -9999.00
52, 6, LOC_CITY_NAME_LISBON, -9999.00, -9999.00, -9999.00, -9999.00, -9999.00, -9999.00, -9999.00, -9999.00, 0.00, -9999.00, -9999.00
52, 6, LOC_CITY_NAME_SWENETT, 0.00, -9999.00, 329.30, -9999.00, -9999.00, 258.56, -9999.00, -9999.00, -9999.00, -9999.00, 1316.72
52, 6, LOC_CITY_NAME_BORSIPPA, 0.00, -9999.00, 329.30, -9999.00, 115.94, 239.22, -9999.00, -9999.00, -9999.00, -9999.00, 125.63
52, 6, LOC_CITY_NAME_KARKAR, 0.00, -9999.00, 329.30, -9999.00, -9999.00, 213.61, -9999.00, -9999.00, -9999.00, -9999.00, 201.98
52, 6, LOC_CITY_NAME_CUMAE, 1.00, -9999.00, -9999.00, -9999.00, -9999.00, -9999.00, -9999.00, -9999.00, -9999.00, -9999.00, -9999.00
52, 6, LOC_CITY_NAME_MEROE, 2.00, -9999.00, 329.30, -9999.00, -9999.00, 448.36, -9999.00, -9999.00, -9999.00, -9999.00, 2951.88
52, 6, LOC_CITY_NAME_KUMASI, -9999.00, -9999.00, -9999.00, -9999.00, -9999.00, -9999.00, -9999.00, -9999.00, 0.00, -9999.00, -9999.00
52, 6, LOC_CITY_NAME_MEMPHIS, 0.00, -9999.00, 329.30, -9999.00, -9999.00, 139.14, -9999.00, -9999.00, -9999.00, -9999.00, 1378.74
52, 6, LOC_CITY_NAME_JOHANNESBURG, -9999.00, -9999.00, -9999.00, -9999.00, -9999.00, -9999.00, -9999.00, -9999.00, 0.00, -9999.00, -9999.00
52, 6, LOC_CITY_HOA_LU, 1.00, -9999.00, -9999.00, -9999.00, -9999.00, -9999.00, -9999.00, -9999.00, -9999.00, -9999.00, -9999.00
52, 6, LOC_CITY_NAME_DORTMUND, 1.00, -9999.00, -9999.00, 274.41, -9999.00, -9999.00, -9999.00, -9999.00, -9999.00, -9999.00, -9999.00
52, 6, LOC_CITY_NAME_FEZ, 1.00, -9999.00, -9999.00, -9999.00, -9999.00, -9999.00, -9999.00, -9999.00, -9999.00, -9999.00, -9999.00
52, 6, LOC_CITY_NAME_KAWA, 2.00, -9999.00, 329.30, -9999.00, -9999.00, 165.18, -9999.00, -9999.00, -9999.00, -9999.00, 1196.81
52, 6, LOC_CITY_NAME_JERUSALEM, -9999.00, -9999.00, -9999.00, -9999.00, -9999.00, -9999.00, -9999.00, -9999.00, -9999.00, -9999.00, -9999.00
52, 6, LOC_CITY_NAME_SALVADOR, -9999.00, -9999.00, -9999.00, -9999.00, -9999.00, -9999.00, -9999.00, -9999.00, -9999.00, -9999.00, -9999.00
52, 6, LOC_CITY_NAME_EL_KURRU, 2.00, -9999.00, 329.30, -9999.00, -9999.00, 149.45, -9999.00, -9999.00, -9999.00, -9999.00, -9999.00
52, 6, LOC_CITY_NAME_VATICAN_CITY, -9999.00, -9999.00, -9999.00, -9999.00, -9999.00, -9999.00, -9999.00, -9999.00, 0.00, -9999.00, -9999.00
52, 6, LOC_CITY_NAME_PRESLAV, -9999.00, -9999.00, -9999.00, -9999.00, -9999.00, -9999.00, -9999.00, -9999.00, 0.00, -9999.00, -9999.00
52, 6, LOC_CITY_NAME_HEIDELBERG, 1.00, -9999.00, -9999.00, -9999.00, -9999.00, -9999.00, -9999.00, -9999.00, -9999.00, -9999.00, -9999.00
52, 6, LOC_CITY_NAME_METHONE, 1.00, -9999.00, -9999.00, -9999.00, -9999.00, -9999.00, -9999.00, -9999.00, -9999.00, -9999.00, -9999.00
52, 6, LOC_CITY_NAME_AKHETATEN, 0.00, -9999.00, 329.30, -9999.00, -9999.00, -9999.00, -9999.00, -9999.00, -9999.00, -9999.00, 848.20
52, 6, LOC_CITY_NAME_BUENOS_AIRES, 1.00, -9999.00, -9999.00, -9999.00, -9999.00, -9999.00, -9999.00, -9999.00, -9999.00, -9999.00, -9999.00
52, 6, LOC_CITY_NAME_BABYLON, -9999.00, -9999.00, -9999.00, -9999.00, -9999.00, -9999.00, -9999.00, -9999.00, 0.00, -9999.00, -9999.00
52, 6, LOC_CITY_NAME_QASR_IBRIM, 2.00, -9999.00, 329.30, -9999.00, -9999.00, -9999.00, -9999.00, -9999.00, -9999.00, -9999.00, -9999.00
52, 6, LOC_CITY_NAME_HEH, 2.00, -9999.00, -9999.00, -9999.00, -9999.00, 180.92, -9999.00, -9999.00, -9999.00, -9999.00, 200.00
52, 6, LOC_CITY_NAME_SHAAT, 2.00, -9999.00, -9999.00, -9999.00, -9999.00, 78.64, -9999.00, -9999.00, -9999.00, -9999.00, -9999.00
52, 6, LOC_CITY_NAME_SEDEINGA, 2.00, -9999.00, 329.30, -9999.00, 0.00, 283.17, -9999.00, -9999.00, -9999.00, -9999.00, 400.00
52, 6, LOC_CITY_DONG_HOI, 1.00, -9999.00, 329.30, -9999.00, -9999.00, -9999.00, -9999.00, -9999.00, -9999.00, -9999.00, -9999.00
52, 6, LOC_CITY_NAME_BRUNDISIUM, 1.00, -9999.00, -9999.00, -9999.00, -9999.00, -9999.00, -9999.00, -9999.00, -9999.00, -9999.00, -9999.00
52, 6, LOC_CITY_NAME_PORTO_ALEGRE, -9999.00, -9999.00, -9999.00, -9999.00, -9999.00, -9999.00, -9999.00, -9999.00, -9999.00, -9999.00, -9999.00
52, 6, LOC_CITY_NAME_NURI, 2.00, -9999.00, -9999.00, -9999.00, 0.00, -9999.00, -9999.00, -9999.00, -9999.00, -9999.00, -9999.00
52, 6, LOC_CITY_NAME_MAINZ, 1.00, -9999.00, 329.30, 274.41, -9999.00, -9999.00, -9999.00, -9999.00, -9999.00, -9999.00, -9999.00
52, 6, LOC_CITY_NAME_YEREVAN, -9999.00, -9999.00, -9999.00, -9999.00, -9999.00, -9999.00, -9999.00, -9999.00, 0.00, -9999.00, -9999.00
52, 6, LOC_CITY_NAME_HATTUSA, -9999.00, -9999.00, -9999.00, -9999.00, -9999.00, -9999.00, -9999.00, -9999.00, 0.00, -9999.00, -9999.00
52, 6, LOC_CITY_CAN_THO, 1.00, -9999.00, -9999.00, -9999.00, -9999.00, -9999.00, -9999.00, -9999.00, -9999.00, -9999.00, -9999.00
52, 6, LOC_CITY_NAME_SHEDET, 0.00, -9999.00, -9999.00, -9999.00, -9999.00, -9999.00, -9999.00, -9999.00, -9999.00, -9999.00, -9999.00
52, 6, LOC_CITY_NAME_SETIA, 1.00, -9999.00, -9999.00, -9999.00, -9999.00, -9999.00, -9999.00, -9999.00, -9999.00, -9999.00, -9999.00
52, 6, LOC_CITY_NAME_VILNIUS, 1.00, -9999.00, -9999.00, -9999.00, -9999.00, -9999.00, -9999.00, -9999.00, -9999.00, -9999.00, -9999.00
52, 6, LOC_CITY_NAME_NEKHEN, 0.00, -9999.00, 329.30, -9999.00, -9999.00, 183.09, -9999.00, -9999.00, -9999.00, -9999.00, 1117.32
52, 6, LOC_CITY_NAME_RA_KEDET, 0.00, -9999.00, -9999.00, -9999.00, -9999.00, 161.11, -9999.00, -9999.00, -9999.00, -9999.00, 1841.57
52, 7, LOC_CITY_NAME_RIO_DE_JANEIRO, 5.00, -9999.00, -9999.00, -9999.00, -9999.00, 451.14, -9999.00, -9999.00, -9999.00, -9999.00, -9999.00
52, 7, LOC_CITY_NAME_PELLA, 2.00, -9999.00, -9999.00, -9999.00, 115.94, 132.76, -9999.00, -9999.00, -9999.00, -9999.00, -9999.00
52, 7, LOC_CITY_NAME_AACHEN, -9999.00, -9999.00, -9999.00, -9999.00, -9999.00, -9999.00, -9999.00, -9999.00, -9999.00, -9999.00, -9999.00
52, 7, LOC_CITY_NAME_ROME, 4.00, -9999.00, 117.41, -9999.00, -9999.00, -9999.00, -9999.00, -9999.00, -9999.00, -9999.00, -9999.00
52, 7, LOC_CITY_HA_NOI, 4.00, -9999.00, 0.00, -9999.00, -9999.00, -9999.00, -9999.00, -9999.00, -9999.00, -9999.00, -9999.00
52, 7, LOC_CITY_HUE, 4.00, -9999.00, -9999.00, -9999.00, -9999.00, -9999.00, -9999.00, -9999.00, -9999.00, -9999.00, -9999.00
52, 7, LOC_CITY_NAME_SAO_PAULO, 5.00, -9999.00, 94.95, 399.41, -9999.00, -9999.00, -9999.00, -9999.00, -9999.00, -9999.00, -9999.00
52, 7, LOC_CITY_NAME_ALEXANDRIA_TROAS, 2.00, -9999.00, 117.41, -9999.00, -9999.00, -9999.00, -9999.00, -9999.00, -9999.00, -9999.00, -9999.00
52, 7, LOC_CITY_NAME_ARRETIUM, 4.00, -9999.00, 117.41, -9999.00, 115.94, -9999.00, -9999.00, -9999.00, -9999.00, -9999.00, -9999.00
52, 7, LOC_CITY_NAME_MAGDEBURG, -9999.00, -9999.00, -9999.00, -9999.00, -9999.00, -9999.00, -9999.00, -9999.00, -9999.00, -9999.00, -9999.00
52, 7, LOC_CITY_QUANG_TRI, 4.00, -9999.00, 0.00, -9999.00, 115.94, -9999.00, -9999.00, -9999.00, -9999.00, -9999.00, -9999.00
52, 7, LOC_CITY_NAME_ARPINUM, 4.00, -9999.00, 117.41, -9999.00, -9999.00, -9999.00, -9999.00, -9999.00, -9999.00, -9999.00, -9999.00
52, 7, LOC_CITY_NAME_FORTALEZA, 5.00, -9999.00, -9999.00, -9999.00, -9999.00, -9999.00, -9999.00, -9999.00, -9999.00, -9999.00, -9999.00
52, 7, LOC_CITY_NAME_CHALKIDIKI, 2.00, -9999.00, 117.41, -9999.00, -9999.00, -9999.00, -9999.00, -9999.00, -9999.00, -9999.00, -9999.00
52, 7, LOC_CITY_NAME_COLOGNE, -9999.00, -9999.00, -9999.00, -9999.00, -9999.00, -9999.00, -9999.00, -9999.00, -9999.00, -9999.00, -9999.00
52, 7, LOC_CITY_NAME_KERMA, 3.00, -9999.00, 117.41, -9999.00, 0.00, -9999.00, -9999.00, -9999.00, -9999.00, -9999.00, 2835.60
52, 7, LOC_CITY_HOI_AN, 4.00, -9999.00, -9999.00, -9999.00, -9999.00, -9999.00, -9999.00, -9999.00, -9999.00, -9999.00, -9999.00
52, 7, LOC_CITY_NAME_LUGDUNUM, 4.00, -9999.00, -9999.00, -9999.00, -9999.00, -9999.00, -9999.00, -9999.00, -9999.00, -9999.00, -9999.00
52, 7, LOC_CITY_NAME_BABYLON_STK, 1.00, -9999.00, 117.41, -9999.00, -9999.00, -9999.00, -9999.00, -9999.00, -9999.00, -9999.00, 2516.57
52, 7, LOC_CITY_NAME_ALEXANDRIA_LATMUS, 2.00, -9999.00, 117.41, -9999.00, -9999.00, -9999.00, -9999.00, -9999.00, -9999.00, -9999.00, -9999.00
52, 7, LOC_CITY_NAME_PATNA, 1.00, -9999.00, -9999.00, -9999.00, -9999.00, 309.84, -9999.00, -9999.00, -9999.00, -9999.00, 2298.43
52, 7, LOC_CITY_NAME_CURITIBA, 5.00, -9999.00, -9999.00, -9999.00, -9999.00, -9999.00, -9999.00, -9999.00, -9999.00, -9999.00, -9999.00
52, 7, LOC_CITY_NAME_LISBON, -9999.00, -9999.00, -9999.00, -9999.00, -9999.00, -9999.00, -9999.00, -9999.00, 0.00, -9999.00, -9999.00
52, 7, LOC_CITY_NAME_SWENETT, 1.00, -9999.00, 1842.04, -9999.00, -9999.00, 258.56, -9999.00, -9999.00, -9999.00, -9999.00, 1442.75
52, 7, LOC_CITY_NAME_BORSIPPA, 1.00, -9999.00, 117.41, -9999.00, 115.94, 239.22, -9999.00, -9999.00, -9999.00, -9999.00, 163.91
52, 7, LOC_CITY_NAME_KARKAR, 1.00, -9999.00, 117.41, -9999.00, -9999.00, 213.61, -9999.00, -9999.00, -9999.00, -9999.00, 211.55
52, 7, LOC_CITY_NAME_CUMAE, 4.00, -9999.00, -9999.00, -9999.00, -9999.00, -9999.00, -9999.00, -9999.00, -9999.00, -9999.00, -9999.00
52, 7, LOC_CITY_NAME_MEROE, 3.00, -9999.00, 117.41, -9999.00, -9999.00, 448.36, -9999.00, -9999.00, -9999.00, -9999.00, 3210.66
52, 7, LOC_CITY_NAME_KUMASI, -9999.00, -9999.00, -9999.00, -9999.00, -9999.00, -9999.00, -9999.00, -9999.00, 0.00, -9999.00, -9999.00
52, 7, LOC_CITY_NAME_MEMPHIS, 1.00, -9999.00, 1842.04, -9999.00, -9999.00, 139.14, -9999.00, -9999.00, -9999.00, -9999.00, 1585.95
52, 7, LOC_CITY_NAME_JOHANNESBURG, -9999.00, -9999.00, -9999.00, -9999.00, -9999.00, -9999.00, -9999.00, -9999.00, 0.00, -9999.00, -9999.00
52, 7, LOC_CITY_NAME_DORTMUND, -9999.00, -9999.00, -9999.00, -9999.00, -9999.00, -9999.00, -9999.00, -9999.00, -9999.00, -9999.00, -9999.00
52, 7, LOC_CITY_HOA_LU, 4.00, -9999.00, -9999.00, -9999.00, -9999.00, -9999.00, -9999.00, -9999.00, -9999.00, -9999.00, -9999.00
52, 7, LOC_CITY_NAME_FEZ, 2.00, -9999.00, -9999.00, -9999.00, -9999.00, -9999.00, -9999.00, -9999.00, -9999.00, -9999.00, -9999.00
52, 7, LOC_CITY_NAME_KAWA, 3.00, -9999.00, 117.41, -9999.00, -9999.00, 165.18, -9999.00, -9999.00, -9999.00, -9999.00, 1362.52
52, 7, LOC_CITY_NAME_JERUSALEM, 5.00, -9999.00, -9999.00, -9999.00, -9999.00, -9999.00, -9999.00, -9999.00, -9999.00, -9999.00, -9999.00
52, 7, LOC_CITY_NAME_SALVADOR, 5.00, -9999.00, 94.95, -9999.00, -9999.00, -9999.00, -9999.00, -9999.00, -9999.00, -9999.00, -9999.00
52, 7, LOC_CITY_NAME_EL_KURRU, 3.00, -9999.00, 117.41, -9999.00, -9999.00, 149.45, -9999.00, -9999.00, -9999.00, -9999.00, -9999.00
52, 7, LOC_CITY_NAME_VATICAN_CITY, -9999.00, -9999.00, -9999.00, -9999.00, -9999.00, -9999.00, -9999.00, -9999.00, 0.00, -9999.00, -9999.00
52, 7, LOC_CITY_NAME_PRESLAV, -9999.00, -9999.00, -9999.00, -9999.00, -9999.00, -9999.00, -9999.00, -9999.00, 0.00, -9999.00, -9999.00
52, 7, LOC_CITY_NAME_HEIDELBERG, -9999.00, -9999.00, -9999.00, -9999.00, -9999.00, -9999.00, -9999.00, -9999.00, -9999.00, -9999.00, -9999.00
52, 7, LOC_CITY_NAME_METHONE, 2.00, -9999.00, -9999.00, -9999.00, -9999.00, -9999.00, -9999.00, -9999.00, -9999.00, -9999.00, -9999.00
52, 7, LOC_CITY_NAME_AKHETATEN, 1.00, -9999.00, 1842.04, -9999.00, -9999.00, -9999.00, -9999.00, -9999.00, -9999.00, -9999.00, 938.90
52, 7, LOC_CITY_NAME_BUENOS_AIRES, 2.00, -9999.00, -9999.00, -9999.00, -9999.00, -9999.00, -9999.00, -9999.00, -9999.00, -9999.00, -9999.00
52, 7, LOC_CITY_NAME_BABYLON, -9999.00, -9999.00, -9999.00, -9999.00, -9999.00, -9999.00, -9999.00, -9999.00, 0.00, -9999.00, -9999.00
52, 7, LOC_CITY_NAME_QASR_IBRIM, 3.00, -9999.00, 117.41, -9999.00, -9999.00, -9999.00, -9999.00, -9999.00, -9999.00, -9999.00, -9999.00
52, 7, LOC_CITY_NAME_HEH, 3.00, -9999.00, -9999.00, -9999.00, -9999.00, 180.92, -9999.00, -9999.00, -9999.00, -9999.00, 200.00
52, 7, LOC_CITY_NAME_SHAAT, 3.00, -9999.00, -9999.00, -9999.00, -9999.00, 78.64, -9999.00, -9999.00, -9999.00, -9999.00, -9999.00
52, 7, LOC_CITY_NAME_SEDEINGA, 3.00, -9999.00, 117.41, -9999.00, 0.00, 283.17, -9999.00, -9999.00, -9999.00, -9999.00, 400.00
52, 7, LOC_CITY_DONG_HOI, 4.00, -9999.00, 0.00, -9999.00, -9999.00, -9999.00, -9999.00, -9999.00, -9999.00, -9999.00, -9999.00
52, 7, LOC_CITY_NAME_BRUNDISIUM, 4.00, -9999.00, -9999.00, -9999.00, -9999.00, -9999.00, -9999.00, -9999.00, -9999.00, -9999.00, -9999.00
52, 7, LOC_CITY_NAME_PORTO_ALEGRE, 5.00, -9999.00, 94.95, -9999.00, -9999.00, -9999.00, -9999.00, -9999.00, -9999.00, -9999.00, -9999.00
52, 7, LOC_CITY_NAME_MAINZ, -9999.00, -9999.00, -9999.00, -9999.00, -9999.00, -9999.00, -9999.00, -9999.00, -9999.00, -9999.00, -9999.00
52, 7, LOC_CITY_NAME_NURI, 3.00, -9999.00, -9999.00, -9999.00, 0.00, -9999.00, -9999.00, -9999.00, -9999.00, -9999.00, -9999.00
52, 7, LOC_CITY_NAME_YEREVAN, -9999.00, -9999.00, -9999.00, -9999.00, -9999.00, -9999.00, -9999.00, -9999.00, 0.00, -9999.00, -9999.00
52, 7, LOC_CITY_NAME_HATTUSA, -9999.00, -9999.00, -9999.00, -9999.00, -9999.00, -9999.00, -9999.00, -9999.00, 0.00, -9999.00, -9999.00
52, 7, LOC_CITY_CAN_THO, 4.00, -9999.00, -9999.00, -9999.00, -9999.00, -9999.00, -9999.00, -9999.00, -9999.00, -9999.00, -9999.00
52, 7, LOC_CITY_NAME_SHEDET, 1.00, -9999.00, -9999.00, -9999.00, -9999.00, -9999.00, -9999.00, -9999.00, -9999.00, -9999.00, -9999.00
52, 7, LOC_CITY_NAME_SETIA, 4.00, -9999.00, -9999.00, -9999.00, -9999.00, -9999.00, -9999.00, -9999.00, -9999.00, -9999.00, -9999.00
52, 7, LOC_CITY_NAME_VILNIUS, 4.00, -9999.00, -9999.00, -9999.00, -9999.00, -9999.00, -9999.00, -9999.00, -9999.00, -9999.00, -9999.00
52, 7, LOC_CITY_NAME_NEKHEN, 1.00, -9999.00, 1842.04, -9999.00, -9999.00, 183.09, -9999.00, -9999.00, -9999.00, -9999.00, 1228.66
52, 7, LOC_CITY_NAME_RA_KEDET, 1.00, -9999.00, -9999.00, -9999.00, -9999.00, 161.11, -9999.00, -9999.00, -9999.00, -9999.00, 1985.45
52, 7, LOC_CITY_NAME_BERLIN, -9999.00, -9999.00, -9999.00, -9999.00, -9999.00, -9999.00, -9999.00, -9999.00, -9999.00, -9999.00, -9999.00
52, 8, LOC_CITY_NAME_AACHEN, 1.00, -9999.00, 56.64, 149.41, -9999.00, -9999.00, -9999.00, -9999.00, -9999.00, -9999.00, -9999.00
52, 8, LOC_CITY_NAME_RIO_DE_JANEIRO, 3.00, -9999.00, -9999.00, -9999.00, -9999.00, 451.14, -9999.00, -9999.00, -9999.00, -9999.00, -9999.00
52, 8, LOC_CITY_NAME_PELLA, 1.00, -9999.00, -9999.00, -9999.00, 115.94, 132.76, -9999.00, -9999.00, -9999.00, -9999.00, -9999.00
52, 8, LOC_CITY_HA_NOI, -9999.00, -9999.00, -9999.00, -9999.00, -9999.00, -9999.00, -9999.00, -9999.00, -9999.00, -9999.00, -9999.00
52, 8, LOC_CITY_NAME_ROME, 1.00, -9999.00, -9999.00, -9999.00, -9999.00, -9999.00, -9999.00, -9999.00, -9999.00, -9999.00, -9999.00
52, 8, LOC_CITY_HUE, -9999.00, -9999.00, -9999.00, -9999.00, -9999.00, -9999.00, -9999.00, -9999.00, -9999.00, -9999.00, -9999.00
52, 8, LOC_CITY_NAME_SAO_PAULO, 3.00, -9999.00, 113.95, 149.41, -9999.00, -9999.00, -9999.00, -9999.00, -9999.00, -9999.00, -9999.00
52, 8, LOC_CITY_NAME_ALEXANDRIA_TROAS, 1.00, -9999.00, -9999.00, -9999.00, -9999.00, -9999.00, -9999.00, -9999.00, -9999.00, -9999.00, -9999.00
52, 8, LOC_CITY_NAME_ARRETIUM, 1.00, -9999.00, -9999.00, -9999.00, 115.94, -9999.00, -9999.00, -9999.00, -9999.00, -9999.00, -9999.00
52, 8, LOC_CITY_NAME_MAGDEBURG, 1.00, -9999.00, 56.64, 149.41, -9999.00, -9999.00, -9999.00, -9999.00, -9999.00, -9999.00, -9999.00
52, 8, LOC_CITY_QUANG_TRI, -9999.00, -9999.00, -9999.00, -9999.00, -9999.00, -9999.00, -9999.00, -9999.00, -9999.00, -9999.00, -9999.00
52, 8, LOC_CITY_NAME_ARPINUM, 1.00, -9999.00, -9999.00, -9999.00, -9999.00, -9999.00, -9999.00, -9999.00, -9999.00, -9999.00, -9999.00
52, 8, LOC_CITY_NAME_FORTALEZA, 3.00, -9999.00, -9999.00, -9999.00, -9999.00, -9999.00, -9999.00, -9999.00, -9999.00, -9999.00, -9999.00
52, 8, LOC_CITY_NAME_CHALKIDIKI, 1.00, -9999.00, -9999.00, -9999.00, -9999.00, -9999.00, -9999.00, -9999.00, -9999.00, -9999.00, -9999.00
52, 8, LOC_CITY_NAME_COLOGNE, 1.00, -9999.00, 56.64, 149.41, 0.00, -9999.00, -9999.00, -9999.00, -9999.00, -9999.00, -9999.00
52, 8, LOC_CITY_HOI_AN, -9999.00, -9999.00, -9999.00, -9999.00, -9999.00, -9999.00, -9999.00, -9999.00, -9999.00, -9999.00, -9999.00
52, 8, LOC_CITY_NAME_KERMA, 2.00, -9999.00, 56.64, -9999.00, 0.00, -9999.00, -9999.00, -9999.00, -9999.00, -9999.00, 2794.25
52, 8, LOC_CITY_NAME_LUGDUNUM, 1.00, -9999.00, -9999.00, -9999.00, -9999.00, -9999.00, -9999.00, -9999.00, -9999.00, -9999.00, -9999.00
52, 8, LOC_CITY_NAME_BABYLON_STK, 0.00, -9999.00, 113.95, -9999.00, -9999.00, -9999.00, -9999.00, -9999.00, -9999.00, -9999.00, 2501.51
52, 8, LOC_CITY_NAME_ALEXANDRIA_LATMUS, 1.00, -9999.00, -9999.00, -9999.00, -9999.00, -9999.00, -9999.00, -9999.00, -9999.00, -9999.00, -9999.00
52, 8, LOC_CITY_NAME_PATNA, 0.00, -9999.00, -9999.00, 149.41, -9999.00, 309.84, -9999.00, -9999.00, -9999.00, -9999.00, 2252.14
52, 8, LOC_CITY_NAME_CURITIBA, 3.00, -9999.00, -9999.00, -9999.00, -9999.00, -9999.00, -9999.00, -9999.00, -9999.00, -9999.00, -9999.00
52, 8, LOC_CITY_NAME_LISBON, -9999.00, -9999.00, -9999.00, -9999.00, -9999.00, -9999.00, -9999.00, -9999.00, 0.00, -9999.00, -9999.00
52, 8, LOC_CITY_NAME_SWENETT, 0.00, -9999.00, 1577.29, -9999.00, -9999.00, 258.56, -9999.00, -9999.00, -9999.00, -9999.00, 1438.51
52, 8, LOC_CITY_NAME_BORSIPPA, 0.00, -9999.00, 113.95, -9999.00, 115.94, 239.22, -9999.00, -9999.00, -9999.00, -9999.00, 163.14
52, 8, LOC_CITY_NAME_KARKAR, 0.00, -9999.00, 113.95, -9999.00, -9999.00, 213.61, -9999.00, -9999.00, -9999.00, -9999.00, 211.36
52, 8, LOC_CITY_NAME_CUMAE, 1.00, -9999.00, -9999.00, -9999.00, -9999.00, -9999.00, -9999.00, -9999.00, -9999.00, -9999.00, -9999.00
52, 8, LOC_CITY_NAME_MEROE, 2.00, -9999.00, 56.64, -9999.00, -9999.00, 448.36, -9999.00, -9999.00, -9999.00, -9999.00, 3148.70
52, 8, LOC_CITY_NAME_KUMASI, -9999.00, -9999.00, -9999.00, -9999.00, -9999.00, -9999.00, -9999.00, -9999.00, 0.00, -9999.00, -9999.00
52, 8, LOC_CITY_NAME_MEMPHIS, 0.00, -9999.00, 1577.29, -9999.00, -9999.00, 139.14, -9999.00, -9999.00, -9999.00, -9999.00, 1595.55
52, 8, LOC_CITY_NAME_JOHANNESBURG, -9999.00, -9999.00, -9999.00, -9999.00, -9999.00, -9999.00, -9999.00, -9999.00, 0.00, -9999.00, -9999.00
52, 8, LOC_CITY_NAME_DORTMUND, 1.00, -9999.00, -9999.00, 149.41, -9999.00, -9999.00, -9999.00, -9999.00, -9999.00, -9999.00, -9999.00
52, 8, LOC_CITY_HOA_LU, -9999.00, -9999.00, -9999.00, -9999.00, -9999.00, -9999.00, -9999.00, -9999.00, -9999.00, -9999.00, -9999.00
52, 8, LOC_CITY_NAME_FEZ, 1.00, -9999.00, -9999.00, -9999.00, -9999.00, -9999.00, -9999.00, -9999.00, -9999.00, -9999.00, -9999.00
52, 8, LOC_CITY_NAME_KAWA, 2.00, -9999.00, 56.64, -9999.00, -9999.00, 165.18, -9999.00, -9999.00, -9999.00, -9999.00, 1376.38
52, 8, LOC_CITY_NAME_JERUSALEM, 3.00, -9999.00, -9999.00, -9999.00, -9999.00, -9999.00, -9999.00, -9999.00, -9999.00, -9999.00, -9999.00
52, 8, LOC_CITY_NAME_SALVADOR, 3.00, -9999.00, 113.95, -9999.00, -9999.00, -9999.00, -9999.00, -9999.00, -9999.00, -9999.00, -9999.00
52, 8, LOC_CITY_NAME_EL_KURRU, 2.00, -9999.00, 56.64, -9999.00, -9999.00, 149.45, -9999.00, -9999.00, -9999.00, -9999.00, -9999.00
52, 8, LOC_CITY_NAME_VATICAN_CITY, -9999.00, -9999.00, -9999.00, -9999.00, -9999.00, -9999.00, -9999.00, -9999.00, 0.00, -9999.00, -9999.00
52, 8, LOC_CITY_NAME_HEIDELBERG, 1.00, -9999.00, -9999.00, -9999.00, -9999.00, -9999.00, -9999.00, -9999.00, -9999.00, -9999.00, -9999.00
52, 8, LOC_CITY_NAME_PRESLAV, -9999.00, -9999.00, -9999.00, -9999.00, -9999.00, -9999.00, -9999.00, -9999.00, 0.00, -9999.00, -9999.00
52, 8, LOC_CITY_NAME_METHONE, 1.00, -9999.00, -9999.00, -9999.00, -9999.00, -9999.00, -9999.00, -9999.00, -9999.00, -9999.00, -9999.00
52, 8, LOC_CITY_NAME_AKHETATEN, 0.00, -9999.00, 1577.29, -9999.00, -9999.00, -9999.00, -9999.00, -9999.00, -9999.00, -9999.00, 936.98
52, 8, LOC_CITY_NAME_BUENOS_AIRES, 1.00, -9999.00, -9999.00, -9999.00, -9999.00, -9999.00, -9999.00, -9999.00, -9999.00, -9999.00, -9999.00
52, 8, LOC_CITY_NAME_BABYLON, -9999.00, -9999.00, -9999.00, -9999.00, -9999.00, -9999.00, -9999.00, -9999.00, 0.00, -9999.00, -9999.00
52, 8, LOC_CITY_NAME_QASR_IBRIM, 2.00, -9999.00, 56.64, -9999.00, -9999.00, -9999.00, -9999.00, -9999.00, -9999.00, -9999.00, -9999.00
52, 8, LOC_CITY_NAME_HEH, 2.00, -9999.00, -9999.00, -9999.00, -9999.00, 180.92, -9999.00, -9999.00, -9999.00, -9999.00, 200.00
52, 8, LOC_CITY_DONG_HOI, -9999.00, -9999.00, -9999.00, -9999.00, -9999.00, -9999.00, -9999.00, -9999.00, -9999.00, -9999.00, -9999.00
52, 8, LOC_CITY_NAME_SHAAT, 2.00, -9999.00, -9999.00, -9999.00, -9999.00, 78.64, -9999.00, -9999.00, -9999.00, -9999.00, -9999.00
52, 8, LOC_CITY_NAME_SEDEINGA, 2.00, -9999.00, 56.64, -9999.00, 0.00, 283.17, -9999.00, -9999.00, -9999.00, -9999.00, 400.00
52, 8, LOC_CITY_NAME_BRUNDISIUM, 1.00, -9999.00, -9999.00, -9999.00, -9999.00, -9999.00, -9999.00, -9999.00, -9999.00, -9999.00, -9999.00
52, 8, LOC_CITY_NAME_PORTO_ALEGRE, 3.00, -9999.00, 113.95, -9999.00, -9999.00, -9999.00, -9999.00, -9999.00, -9999.00, -9999.00, -9999.00
52, 8, LOC_CITY_NAME_MAINZ, 1.00, -9999.00, 56.64, 149.41, -9999.00, -9999.00, -9999.00, -9999.00, -9999.00, -9999.00, -9999.00
52, 8, LOC_CITY_NAME_NURI, 2.00, -9999.00, -9999.00, -9999.00, 0.00, -9999.00, -9999.00, -9999.00, -9999.00, -9999.00, -9999.00
52, 8, LOC_CITY_NAME_YEREVAN, -9999.00, -9999.00, -9999.00, -9999.00, -9999.00, -9999.00, -9999.00, -9999.00, 0.00, -9999.00, -9999.00
52, 8, LOC_CITY_NAME_HATTUSA, -9999.00, -9999.00, -9999.00, -9999.00, -9999.00, -9999.00, -9999.00, -9999.00, 0.00, -9999.00, -9999.00
52, 8, LOC_CITY_CAN_THO, -9999.00, -9999.00, -9999.00, -9999.00, -9999.00, -9999.00, -9999.00, -9999.00, -9999.00, -9999.00, -9999.00
52, 8, LOC_CITY_NAME_SHEDET, 0.00, -9999.00, -9999.00, -9999.00, -9999.00, -9999.00, -9999.00, -9999.00, -9999.00, -9999.00, -9999.00
52, 8, LOC_CITY_NAME_VILNIUS, -9999.00, -9999.00, -9999.00, -9999.00, -9999.00, -9999.00, -9999.00, -9999.00, -9999.00, -9999.00, -9999.00
52, 8, LOC_CITY_NAME_SETIA, 1.00, -9999.00, -9999.00, -9999.00, -9999.00, -9999.00, -9999.00, -9999.00, -9999.00, -9999.00, -9999.00
52, 8, LOC_CITY_NAME_BERLIN, 1.00, -9999.00, -9999.00, -9999.00, -9999.00, -9999.00, -9999.00, -9999.00, -9999.00, -9999.00, -9999.00
52, 8, LOC_CITY_NAME_NEKHEN, 0.00, -9999.00, 1577.29, -9999.00, -9999.00, 183.09, -9999.00, -9999.00, -9999.00, -9999.00, 1234.93
52, 8, LOC_CITY_NAME_RA_KEDET, 0.00, -9999.00, -9999.00, -9999.00, -9999.00, 161.11, -9999.00, -9999.00, -9999.00, -9999.00, 1951.65
52, 9, LOC_CITY_HA_NOI, 5.00, -9999.00, 371.42, -9999.00, -9999.00, -9999.00, -9999.00, -9999.00, -9999.00, -9999.00, -9999.00
52, 9, LOC_CITY_NAME_AACHEN, 2.00, -9999.00, 371.42, 149.41, -9999.00, -9999.00, -9999.00, -9999.00, -9999.00, -9999.00, -9999.00
52, 9, LOC_CITY_NAME_RIO_DE_JANEIRO, 4.00, -9999.00, -9999.00, -9999.00, -9999.00, 504.15, -9999.00, -9999.00, -9999.00, -9999.00, -9999.00
52, 9, LOC_CITY_NAME_PELLA, 2.00, -9999.00, -9999.00, -9999.00, 115.94, 148.36, -9999.00, -9999.00, -9999.00, -9999.00, -9999.00
52, 9, LOC_CITY_NAME_ROME, -9999.00, -9999.00, -9999.00, -9999.00, -9999.00, -9999.00, -9999.00, -9999.00, -9999.00, -9999.00, -9999.00
52, 9, LOC_CITY_HUE, 5.00, -9999.00, -9999.00, -9999.00, -9999.00, -9999.00, -9999.00, -9999.00, -9999.00, -9999.00, -9999.00
52, 9, LOC_CITY_NAME_SAO_PAULO, 4.00, -9999.00, 113.23, 149.41, -9999.00, -9999.00, -9999.00, -9999.00, -9999.00, -9999.00, -9999.00
52, 9, LOC_CITY_NAME_ALEXANDRIA_TROAS, 2.00, -9999.00, -9999.00, -9999.00, -9999.00, -9999.00, -9999.00, -9999.00, -9999.00, -9999.00, -9999.00
52, 9, LOC_CITY_NAME_ARRETIUM, -9999.00, -9999.00, -9999.00, -9999.00, -9999.00, -9999.00, -9999.00, -9999.00, -9999.00, -9999.00, -9999.00
52, 9, LOC_CITY_QUANG_TRI, 5.00, -9999.00, 371.42, -9999.00, 115.94, -9999.00, -9999.00, -9999.00, -9999.00, -9999.00, -9999.00
52, 9, LOC_CITY_NAME_MAGDEBURG, 2.00, -9999.00, 371.42, 149.41, -9999.00, -9999.00, -9999.00, -9999.00, -9999.00, -9999.00, -9999.00
52, 9, LOC_CITY_NAME_ARPINUM, -9999.00, -9999.00, -9999.00, -9999.00, -9999.00, -9999.00, -9999.00, -9999.00, -9999.00, -9999.00, -9999.00
52, 9, LOC_CITY_NAME_FORTALEZA, 4.00, -9999.00, -9999.00, -9999.00, -9999.00, -9999.00, -9999.00, -9999.00, -9999.00, -9999.00, -9999.00
52, 9, LOC_CITY_NAME_CHALKIDIKI, 2.00, -9999.00, -9999.00, -9999.00, -9999.00, -9999.00, -9999.00, -9999.00, -9999.00, -9999.00, -9999.00
52, 9, LOC_CITY_NAME_COLOGNE, 2.00, -9999.00, 371.42, 149.41, 0.00, -9999.00, -9999.00, -9999.00, -9999.00, -9999.00, -9999.00
52, 9, LOC_CITY_HOI_AN, 5.00, -9999.00, -9999.00, -9999.00, -9999.00, -9999.00, -9999.00, -9999.00, -9999.00, -9999.00, -9999.00
52, 9, LOC_CITY_NAME_LUGDUNUM, -9999.00, -9999.00, -9999.00, -9999.00, -9999.00, -9999.00, -9999.00, -9999.00, -9999.00, -9999.00, -9999.00
52, 9, LOC_CITY_NAME_KERMA, 3.00, -9999.00, 371.42, -9999.00, 0.00, -9999.00, -9999.00, -9999.00, -9999.00, -9999.00, 2667.19
52, 9, LOC_CITY_NAME_BABYLON_STK, 1.00, -9999.00, 371.42, -9999.00, -9999.00, -9999.00, -9999.00, -9999.00, -9999.00, -9999.00, 2297.41
52, 9, LOC_CITY_NAME_ALEXANDRIA_LATMUS, 2.00, -9999.00, -9999.00, -9999.00, -9999.00, -9999.00, -9999.00, -9999.00, -9999.00, -9999.00, -9999.00
52, 9, LOC_CITY_NAME_PATNA, 1.00, -9999.00, -9999.00, 149.41, -9999.00, 346.25, -9999.00, -9999.00, -9999.00, -9999.00, 2074.78
52, 9, LOC_CITY_NAME_CURITIBA, 4.00, -9999.00, -9999.00, -9999.00, -9999.00, -9999.00, -9999.00, -9999.00, -9999.00, -9999.00, -9999.00
52, 9, LOC_CITY_NAME_LISBON, -9999.00, -9999.00, -9999.00, -9999.00, -9999.00, -9999.00, -9999.00, -9999.00, 0.00, -9999.00, -9999.00
52, 9, LOC_CITY_NAME_SWENETT, 1.00, -9999.00, 371.42, -9999.00, -9999.00, 288.95, -9999.00, -9999.00, -9999.00, -9999.00, 1356.92
52, 9, LOC_CITY_NAME_BORSIPPA, 1.00, -9999.00, 371.42, -9999.00, 115.94, 267.34, -9999.00, -9999.00, -9999.00, -9999.00, 137.66
52, 9, LOC_CITY_NAME_KARKAR, 1.00, -9999.00, 371.42, -9999.00, -9999.00, 238.71, -9999.00, -9999.00, -9999.00, -9999.00, 204.99
52, 9, LOC_CITY_NAME_MEROE, 3.00, -9999.00, 371.42, -9999.00, -9999.00, 501.04, -9999.00, -9999.00, -9999.00, -9999.00, 3049.14
52, 9, LOC_CITY_NAME_CUMAE, -9999.00, -9999.00, -9999.00, -9999.00, -9999.00, -9999.00, -9999.00, -9999.00, -9999.00, -9999.00, -9999.00
52, 9, LOC_CITY_NAME_KUMASI, -9999.00, -9999.00, -9999.00, -9999.00, -9999.00, -9999.00, -9999.00, -9999.00, 0.00, -9999.00, -9999.00
52, 9, LOC_CITY_NAME_MEMPHIS, 1.00, -9999.00, 371.42, -9999.00, -9999.00, 155.50, -9999.00, -9999.00, -9999.00, -9999.00, 1439.17
52, 9, LOC_CITY_NAME_JOHANNESBURG, -9999.00, -9999.00, -9999.00, -9999.00, -9999.00, -9999.00, -9999.00, -9999.00, 0.00, -9999.00, -9999.00
52, 9, LOC_CITY_HOA_LU, 5.00, -9999.00, -9999.00, -9999.00, -9999.00, -9999.00, -9999.00, -9999.00, -9999.00, -9999.00, -9999.00
52, 9, LOC_CITY_NAME_DORTMUND, 2.00, -9999.00, -9999.00, 149.41, -9999.00, -9999.00, -9999.00, -9999.00, -9999.00, -9999.00, -9999.00
52, 9, LOC_CITY_NAME_FEZ, 2.00, -9999.00, -9999.00, -9999.00, -9999.00, -9999.00, -9999.00, -9999.00, -9999.00, -9999.00, -9999.00
52, 9, LOC_CITY_NAME_KAWA, 3.00, -9999.00, 371.42, -9999.00, -9999.00, 184.60, -9999.00, -9999.00, -9999.00, -9999.00, 1243.02
52, 9, LOC_CITY_NAME_JERUSALEM, 4.00, -9999.00, -9999.00, -9999.00, -9999.00, -9999.00, -9999.00, -9999.00, -9999.00, -9999.00, -9999.00
52, 9, LOC_CITY_NAME_SALVADOR, 4.00, -9999.00, 113.23, -9999.00, -9999.00, -9999.00, -9999.00, -9999.00, -9999.00, -9999.00, -9999.00
52, 9, LOC_CITY_NAME_EL_KURRU, 3.00, -9999.00, 371.42, -9999.00, -9999.00, 167.01, -9999.00, -9999.00, -9999.00, -9999.00, -9999.00
52, 9, LOC_CITY_NAME_VATICAN_CITY, -9999.00, -9999.00, -9999.00, -9999.00, -9999.00, -9999.00, -9999.00, -9999.00, 0.00, -9999.00, -9999.00
52, 9, LOC_CITY_NAME_HEIDELBERG, 2.00, -9999.00, -9999.00, -9999.00, -9999.00, -9999.00, -9999.00, -9999.00, -9999.00, -9999.00, -9999.00
52, 9, LOC_CITY_NAME_PRESLAV, -9999.00, -9999.00, -9999.00, -9999.00, -9999.00, -9999.00, -9999.00, -9999.00, 0.00, -9999.00, -9999.00
52, 9, LOC_CITY_NAME_METHONE, 2.00, -9999.00, -9999.00, -9999.00, -9999.00, -9999.00, -9999.00, -9999.00, -9999.00, -9999.00, -9999.00
52, 9, LOC_CITY_NAME_AKHETATEN, 1.00, -9999.00, 371.42, -9999.00, -9999.00, -9999.00, -9999.00, -9999.00, -9999.00, -9999.00, 873.27
52, 9, LOC_CITY_NAME_BUENOS_AIRES, 2.00, -9999.00, -9999.00, -9999.00, -9999.00, -9999.00, -9999.00, -9999.00, -9999.00, -9999.00, -9999.00
52, 9, LOC_CITY_NAME_BABYLON, -9999.00, -9999.00, -9999.00, -9999.00, -9999.00, -9999.00, -9999.00, -9999.00, 0.00, -9999.00, -9999.00
52, 9, LOC_CITY_NAME_QASR_IBRIM, 3.00, -9999.00, 371.42, -9999.00, -9999.00, -9999.00, -9999.00, -9999.00, -9999.00, -9999.00, -9999.00
52, 9, LOC_CITY_NAME_HEH, 3.00, -9999.00, -9999.00, -9999.00, -9999.00, 202.18, -9999.00, -9999.00, -9999.00, -9999.00, 200.00
52, 9, LOC_CITY_DONG_HOI, 5.00, -9999.00, 371.42, -9999.00, -9999.00, -9999.00, -9999.00, -9999.00, -9999.00, -9999.00, -9999.00
52, 9, LOC_CITY_NAME_SHAAT, 3.00, -9999.00, -9999.00, -9999.00, -9999.00, 87.89, -9999.00, -9999.00, -9999.00, -9999.00, -9999.00
52, 9, LOC_CITY_NAME_SEDEINGA, 3.00, -9999.00, 371.42, -9999.00, 0.00, 316.45, -9999.00, -9999.00, -9999.00, -9999.00, 400.00
52, 9, LOC_CITY_NAME_BRUNDISIUM, -9999.00, -9999.00, -9999.00, -9999.00, -9999.00, -9999.00, -9999.00, -9999.00, -9999.00, -9999.00, -9999.00
52, 9, LOC_CITY_NAME_PORTO_ALEGRE, 4.00, -9999.00, 113.23, -9999.00, -9999.00, -9999.00, -9999.00, -9999.00, -9999.00, -9999.00, -9999.00
52, 9, LOC_CITY_NAME_MAINZ, 2.00, -9999.00, 371.42, 149.41, -9999.00, -9999.00, -9999.00, -9999.00, -9999.00, -9999.00, -9999.00
52, 9, LOC_CITY_NAME_NURI, 3.00, -9999.00, -9999.00, -9999.00, 0.00, -9999.00, -9999.00, -9999.00, -9999.00, -9999.00, -9999.00
52, 9, LOC_CITY_NAME_YEREVAN, -9999.00, -9999.00, -9999.00, -9999.00, -9999.00, -9999.00, -9999.00, -9999.00, 0.00, -9999.00, -9999.00
52, 9, LOC_CITY_CAN_THO, 5.00, -9999.00, -9999.00, -9999.00, -9999.00, -9999.00, -9999.00, -9999.00, -9999.00, -9999.00, -9999.00
52, 9, LOC_CITY_NAME_HATTUSA, -9999.00, -9999.00, -9999.00, -9999.00, -9999.00, -9999.00, -9999.00, -9999.00, 0.00, -9999.00, -9999.00
52, 9, LOC_CITY_NAME_VILNIUS, 5.00, -9999.00, -9999.00, -9999.00, -9999.00, -9999.00, -9999.00, -9999.00, -9999.00, -9999.00, -9999.00
52, 9, LOC_CITY_NAME_SHEDET, 1.00, -9999.00, -9999.00, -9999.00, -9999.00, -9999.00, -9999.00, -9999.00, -9999.00, -9999.00, -9999.00
52, 9, LOC_CITY_NAME_SETIA, -9999.00, -9999.00, -9999.00, -9999.00, -9999.00, -9999.00, -9999.00, -9999.00, -9999.00, -9999.00, -9999.00
52, 9, LOC_CITY_NAME_BERLIN, 2.00, -9999.00, -9999.00, -9999.00, -9999.00, -9999.00, -9999.00, -9999.00, -9999.00, -9999.00, -9999.00
52, 9, LOC_CITY_NAME_NEKHEN, 1.00, -9999.00, 371.42, -9999.00, -9999.00, 204.61, -9999.00, -9999.00, -9999.00, -9999.00, 1145.95
52, 9, LOC_CITY_NAME_RA_KEDET, 1.00, -9999.00, -9999.00, -9999.00, -9999.00, 180.04, -9999.00, -9999.00, -9999.00, -9999.00, 1897.35
53, 5, LOC_CITY_NAME_PELLA, -9999.00, -9999.00, -9999.00, -9999.00, -9999.00, -9999.00, -9999.00, -9999.00, -9999.00, -9999.00, -9999.00
53, 5, LOC_CITY_NAME_ROME, 4.00, -9999.00, -9999.00, -9999.00, -9999.00, -9999.00, -9999.00, -9999.00, -9999.00, -9999.00, -9999.00
53, 5, LOC_CITY_HA_NOI, 4.00, -9999.00, 362.02, -9999.00, -9999.00, -9999.00, -9999.00, -9999.00, -9999.00, -9999.00, -9999.00
53, 5, LOC_CITY_NAME_AACHEN, 4.00, -9999.00, 362.02, 136.72, -9999.00, -9999.00, -9999.00, -9999.00, -9999.00, -9999.00, -9999.00
53, 5, LOC_CITY_NAME_RIO_DE_JANEIRO, 4.00, -9999.00, -9999.00, -9999.00, -9999.00, 451.14, -9999.00, -9999.00, -9999.00, -9999.00, -9999.00
53, 5, LOC_CITY_HUE, 4.00, -9999.00, -9999.00, -9999.00, -9999.00, -9999.00, -9999.00, -9999.00, -9999.00, -9999.00, -9999.00
53, 5, LOC_CITY_NAME_ALEXANDRIA_TROAS, -9999.00, -9999.00, -9999.00, -9999.00, -9999.00, -9999.00, -9999.00, -9999.00, -9999.00, -9999.00, -9999.00
53, 5, LOC_CITY_NAME_SAO_PAULO, 4.00, -9999.00, 99.18, 136.72, -9999.00, -9999.00, -9999.00, -9999.00, -9999.00, -9999.00, -9999.00
53, 5, LOC_CITY_NAME_ARRETIUM, 4.00, -9999.00, -9999.00, -9999.00, 135.94, -9999.00, -9999.00, -9999.00, -9999.00, -9999.00, -9999.00
53, 5, LOC_CITY_QUANG_TRI, 4.00, -9999.00, 362.02, -9999.00, 135.94, -9999.00, -9999.00, -9999.00, -9999.00, -9999.00, -9999.00
53, 5, LOC_CITY_NAME_MAGDEBURG, 4.00, -9999.00, 362.02, 136.72, -9999.00, -9999.00, -9999.00, -9999.00, -9999.00, -9999.00, -9999.00
53, 5, LOC_CITY_NAME_ARPINUM, 4.00, -9999.00, -9999.00, -9999.00, -9999.00, -9999.00, -9999.00, -9999.00, -9999.00, -9999.00, -9999.00
53, 5, LOC_CITY_NAME_CHALKIDIKI, -9999.00, -9999.00, -9999.00, -9999.00, -9999.00, -9999.00, -9999.00, -9999.00, -9999.00, -9999.00, -9999.00
53, 5, LOC_CITY_NAME_FORTALEZA, 4.00, -9999.00, -9999.00, -9999.00, -9999.00, -9999.00, -9999.00, -9999.00, -9999.00, -9999.00, -9999.00
53, 5, LOC_CITY_NAME_COLOGNE, 4.00, -9999.00, 362.02, 136.72, 0.00, -9999.00, -9999.00, -9999.00, -9999.00, -9999.00, -9999.00
53, 5, LOC_CITY_NAME_KERMA, 3.00, -9999.00, 362.02, -9999.00, 0.00, -9999.00, -9999.00, -9999.00, -9999.00, -9999.00, 2843.01
53, 5, LOC_CITY_HOI_AN, 4.00, -9999.00, -9999.00, -9999.00, -9999.00, -9999.00, -9999.00, -9999.00, -9999.00, -9999.00, -9999.00
53, 5, LOC_CITY_NAME_LUGDUNUM, 4.00, -9999.00, -9999.00, -9999.00, -9999.00, -9999.00, -9999.00, -9999.00, -9999.00, -9999.00, -9999.00
53, 5, LOC_CITY_NAME_BABYLON_STK, 3.00, -9999.00, 362.02, -9999.00, -9999.00, -9999.00, -9999.00, -9999.00, -9999.00, -9999.00, 2586.24
53, 5, LOC_CITY_NAME_PATNA, 1.00, -9999.00, -9999.00, 136.72, -9999.00, 309.84, -9999.00, -9999.00, -9999.00, -9999.00, 2420.04
53, 5, LOC_CITY_NAME_ALEXANDRIA_LATMUS, -9999.00, -9999.00, -9999.00, -9999.00, -9999.00, -9999.00, -9999.00, -9999.00, -9999.00, -9999.00, -9999.00
53, 5, LOC_CITY_NAME_CURITIBA, 4.00, -9999.00, -9999.00, -9999.00, -9999.00, -9999.00, -9999.00, -9999.00, -9999.00, -9999.00, -9999.00
53, 5, LOC_CITY_NAME_LISBON, -9999.00, -9999.00, -9999.00, -9999.00, -9999.00, -9999.00, -9999.00, -9999.00, 0.00, -9999.00, -9999.00
53, 5, LOC_CITY_NAME_SWENETT, 1.00, -9999.00, 362.02, -9999.00, -9999.00, 258.56, -9999.00, -9999.00, -9999.00, -9999.00, 1516.01
53, 5, LOC_CITY_NAME_BORSIPPA, 3.00, -9999.00, 362.02, -9999.00, 135.94, 196.50, -9999.00, -9999.00, -9999.00, -9999.00, 286.91
53, 5, LOC_CITY_NAME_KARKAR, 3.00, -9999.00, 362.02, -9999.00, -9999.00, 196.50, -9999.00, -9999.00, -9999.00, -9999.00, 363.78
53, 5, LOC_CITY_NAME_CUMAE, 4.00, -9999.00, -9999.00, -9999.00, -9999.00, -9999.00, -9999.00, -9999.00, -9999.00, -9999.00, -9999.00
53, 5, LOC_CITY_NAME_MEROE, 3.00, -9999.00, 362.02, -9999.00, -9999.00, 448.36, -9999.00, -9999.00, -9999.00, -9999.00, 3504.84
53, 5, LOC_CITY_NAME_KUMASI, -9999.00, -9999.00, -9999.00, -9999.00, -9999.00, -9999.00, -9999.00, -9999.00, 0.00, -9999.00, -9999.00
53, 5, LOC_CITY_NAME_MEMPHIS, 1.00, -9999.00, 362.02, -9999.00, -9999.00, 139.14, -9999.00, -9999.00, -9999.00, -9999.00, 1594.27
53, 5, LOC_CITY_NAME_JOHANNESBURG, -9999.00, -9999.00, -9999.00, -9999.00, -9999.00, -9999.00, -9999.00, -9999.00, 0.00, -9999.00, -9999.00
53, 5, LOC_CITY_HOA_LU, 4.00, -9999.00, -9999.00, -9999.00, -9999.00, -9999.00, -9999.00, -9999.00, -9999.00, -9999.00, -9999.00
53, 5, LOC_CITY_NAME_DORTMUND, 4.00, -9999.00, -9999.00, 136.72, -9999.00, -9999.00, -9999.00, -9999.00, -9999.00, -9999.00, -9999.00
53, 5, LOC_CITY_NAME_FEZ, -9999.00, -9999.00, -9999.00, -9999.00, -9999.00, -9999.00, -9999.00, -9999.00, -9999.00, -9999.00, -9999.00
53, 5, LOC_CITY_NAME_KAWA, 3.00, -9999.00, 362.02, -9999.00, -9999.00, 180.92, -9999.00, -9999.00, -9999.00, -9999.00, 1444.54
53, 5, LOC_CITY_NAME_EL_KURRU, 3.00, -9999.00, 362.02, -9999.00, -9999.00, 149.45, -9999.00, -9999.00, -9999.00, -9999.00, -9999.00
53, 5, LOC_CITY_NAME_VATICAN_CITY, -9999.00, -9999.00, -9999.00, -9999.00, -9999.00, -9999.00, -9999.00, -9999.00, 0.00, -9999.00, -9999.00
53, 5, LOC_CITY_NAME_JERUSALEM, 4.00, -9999.00, -9999.00, -9999.00, -9999.00, -9999.00, -9999.00, -9999.00, -9999.00, -9999.00, -9999.00
53, 5, LOC_CITY_NAME_SALVADOR, 4.00, -9999.00, 99.18, -9999.00, -9999.00, -9999.00, -9999.00, -9999.00, -9999.00, -9999.00, -9999.00
53, 5, LOC_CITY_NAME_PRESLAV, -9999.00, -9999.00, -9999.00, -9999.00, -9999.00, -9999.00, -9999.00, -9999.00, 0.00, -9999.00, -9999.00
53, 5, LOC_CITY_NAME_HEIDELBERG, 4.00, -9999.00, -9999.00, -9999.00, -9999.00, -9999.00, -9999.00, -9999.00, -9999.00, -9999.00, -9999.00
53, 5, LOC_CITY_NAME_AKHETATEN, 1.00, -9999.00, 362.02, -9999.00, -9999.00, -9999.00, -9999.00, -9999.00, -9999.00, -9999.00, 1212.39
53, 5, LOC_CITY_NAME_METHONE, -9999.00, -9999.00, -9999.00, -9999.00, -9999.00, -9999.00, -9999.00, -9999.00, -9999.00, -9999.00, -9999.00
53, 5, LOC_CITY_NAME_BUENOS_AIRES, -9999.00, -9999.00, -9999.00, -9999.00, -9999.00, -9999.00, -9999.00, -9999.00, -9999.00, -9999.00, -9999.00
53, 5, LOC_CITY_NAME_BABYLON, -9999.00, -9999.00, -9999.00, -9999.00, -9999.00, -9999.00, -9999.00, -9999.00, 0.00, -9999.00, -9999.00
53, 5, LOC_CITY_NAME_QASR_IBRIM, 3.00, -9999.00, 362.02, -9999.00, -9999.00, -9999.00, -9999.00, -9999.00, -9999.00, -9999.00, -9999.00
53, 5, LOC_CITY_NAME_HEH, 3.00, -9999.00, -9999.00, -9999.00, -9999.00, 180.92, -9999.00, -9999.00, -9999.00, -9999.00, 200.00
53, 5, LOC_CITY_NAME_SHAAT, 3.00, -9999.00, -9999.00, -9999.00, -9999.00, 94.38, -9999.00, -9999.00, -9999.00, -9999.00, -9999.00
53, 5, LOC_CITY_NAME_SEDEINGA, 3.00, -9999.00, 362.02, -9999.00, 0.00, 283.17, -9999.00, -9999.00, -9999.00, -9999.00, 1866.48
53, 5, LOC_CITY_DONG_HOI, 4.00, -9999.00, 362.02, -9999.00, -9999.00, -9999.00, -9999.00, -9999.00, -9999.00, -9999.00, -9999.00
53, 5, LOC_CITY_NAME_BRUNDISIUM, 4.00, -9999.00, -9999.00, -9999.00, -9999.00, -9999.00, -9999.00, -9999.00, -9999.00, -9999.00, -9999.00
53, 5, LOC_CITY_NAME_PORTO_ALEGRE, 4.00, -9999.00, 99.18, -9999.00, -9999.00, -9999.00, -9999.00, -9999.00, -9999.00, -9999.00, -9999.00
53, 5, LOC_CITY_NAME_NURI, 3.00, -9999.00, -9999.00, -9999.00, 0.00, -9999.00, -9999.00, -9999.00, -9999.00, -9999.00, -9999.00
53, 5, LOC_CITY_NAME_MAINZ, 4.00, -9999.00, 362.02, 136.72, -9999.00, -9999.00, -9999.00, -9999.00, -9999.00, -9999.00, -9999.00
53, 5, LOC_CITY_NAME_YEREVAN, -9999.00, -9999.00, -9999.00, -9999.00, -9999.00, -9999.00, -9999.00, -9999.00, 0.00, -9999.00, -9999.00
53, 5, LOC_CITY_NAME_HATTUSA, -9999.00, -9999.00, -9999.00, -9999.00, -9999.00, -9999.00, -9999.00, -9999.00, 0.00, -9999.00, -9999.00
53, 5, LOC_CITY_CAN_THO, 4.00, -9999.00, -9999.00, -9999.00, -9999.00, -9999.00, -9999.00, -9999.00, -9999.00, -9999.00, -9999.00
53, 5, LOC_CITY_NAME_SHEDET, 1.00, -9999.00, -9999.00, -9999.00, -9999.00, -9999.00, -9999.00, -9999.00, -9999.00, -9999.00, -9999.00
53, 5, LOC_CITY_NAME_SETIA, 4.00, -9999.00, -9999.00, -9999.00, -9999.00, -9999.00, -9999.00, -9999.00, -9999.00, -9999.00, -9999.00
53, 5, LOC_CITY_NAME_VILNIUS, 4.00, -9999.00, -9999.00, -9999.00, -9999.00, -9999.00, -9999.00, -9999.00, -9999.00, -9999.00, -9999.00
53, 5, LOC_CITY_NAME_NEKHEN, 1.00, -9999.00, 362.02, -9999.00, -9999.00, 183.09, -9999.00, -9999.00, -9999.00, -9999.00, 1311.39
53, 5, LOC_CITY_NAME_RA_KEDET, 1.00, -9999.00, -9999.00, -9999.00, -9999.00, 161.11, -9999.00, -9999.00, -9999.00, -9999.00, 2254.81
53, 5, LOC_CITY_NAME_BERLIN, 4.00, -9999.00, -9999.00, -9999.00, -9999.00, -9999.00, -9999.00, -9999.00, -9999.00, -9999.00, -9999.00
53, 6, LOC_CITY_NAME_PELLA, 1.00, -9999.00, -9999.00, -9999.00, 115.94, 126.80, -9999.00, -9999.00, -9999.00, -9999.00, -9999.00
53, 6, LOC_CITY_NAME_RIO_DE_JANEIRO, -9999.00, -9999.00, -9999.00, -9999.00, -9999.00, -9999.00, -9999.00, -9999.00, -9999.00, -9999.00, -9999.00
53, 6, LOC_CITY_NAME_ROME, 1.00, -9999.00, -9999.00, -9999.00, -9999.00, -9999.00, -9999.00, -9999.00, -9999.00, -9999.00, -9999.00
53, 6, LOC_CITY_HA_NOI, 1.00, -9999.00, 347.30, -9999.00, -9999.00, -9999.00, -9999.00, -9999.00, -9999.00, -9999.00, -9999.00
53, 6, LOC_CITY_NAME_AACHEN, 1.00, -9999.00, 347.30, 399.41, -9999.00, -9999.00, -9999.00, -9999.00, -9999.00, -9999.00, -9999.00
53, 6, LOC_CITY_HUE, 1.00, -9999.00, -9999.00, -9999.00, -9999.00, -9999.00, -9999.00, -9999.00, -9999.00, -9999.00, -9999.00
53, 6, LOC_CITY_NAME_ALEXANDRIA_TROAS, 1.00, -9999.00, -9999.00, -9999.00, -9999.00, -9999.00, -9999.00, -9999.00, -9999.00, -9999.00, -9999.00
53, 6, LOC_CITY_NAME_SAO_PAULO, -9999.00, -9999.00, -9999.00, -9999.00, -9999.00, -9999.00, -9999.00, -9999.00, -9999.00, -9999.00, -9999.00
53, 6, LOC_CITY_NAME_ARRETIUM, 1.00, -9999.00, -9999.00, -9999.00, 115.94, -9999.00, -9999.00, -9999.00, -9999.00, -9999.00, -9999.00
53, 6, LOC_CITY_QUANG_TRI, 1.00, -9999.00, 347.30, -9999.00, 115.94, -9999.00, -9999.00, -9999.00, -9999.00, -9999.00, -9999.00
53, 6, LOC_CITY_NAME_MAGDEBURG, 1.00, -9999.00, 347.30, 399.41, -9999.00, -9999.00, -9999.00, -9999.00, -9999.00, -9999.00, -9999.00
53, 6, LOC_CITY_NAME_ARPINUM, 1.00, -9999.00, -9999.00, -9999.00, -9999.00, -9999.00, -9999.00, -9999.00, -9999.00, -9999.00, -9999.00
53, 6, LOC_CITY_NAME_CHALKIDIKI, 1.00, -9999.00, -9999.00, -9999.00, -9999.00, -9999.00, -9999.00, -9999.00, -9999.00, -9999.00, -9999.00
53, 6, LOC_CITY_NAME_FORTALEZA, -9999.00, -9999.00, -9999.00, -9999.00, -9999.00, -9999.00, -9999.00, -9999.00, -9999.00, -9999.00, -9999.00
53, 6, LOC_CITY_NAME_COLOGNE, 1.00, -9999.00, 347.30, 399.41, 0.00, -9999.00, -9999.00, -9999.00, -9999.00, -9999.00, -9999.00
53, 6, LOC_CITY_NAME_KERMA, 2.00, -9999.00, 347.30, -9999.00, 0.00, -9999.00, -9999.00, -9999.00, -9999.00, -9999.00, 2754.44
53, 6, LOC_CITY_HOI_AN, 1.00, -9999.00, -9999.00, -9999.00, -9999.00, -9999.00, -9999.00, -9999.00, -9999.00, -9999.00, -9999.00
53, 6, LOC_CITY_NAME_LUGDUNUM, 1.00, -9999.00, -9999.00, -9999.00, -9999.00, -9999.00, -9999.00, -9999.00, -9999.00, -9999.00, -9999.00
53, 6, LOC_CITY_NAME_BABYLON_STK, 0.00, -9999.00, 347.30, -9999.00, -9999.00, -9999.00, -9999.00, -9999.00, -9999.00, -9999.00, 2273.50
53, 6, LOC_CITY_NAME_ALEXANDRIA_LATMUS, 1.00, -9999.00, -9999.00, -9999.00, -9999.00, -9999.00, -9999.00, -9999.00, -9999.00, -9999.00, -9999.00
53, 6, LOC_CITY_NAME_PATNA, 0.00, -9999.00, -9999.00, 399.41, -9999.00, 309.84, -9999.00, -9999.00, -9999.00, -9999.00, 2266.97
53, 6, LOC_CITY_NAME_CURITIBA, -9999.00, -9999.00, -9999.00, -9999.00, -9999.00, -9999.00, -9999.00, -9999.00, -9999.00, -9999.00, -9999.00
53, 6, LOC_CITY_NAME_LISBON, -9999.00, -9999.00, -9999.00, -9999.00, -9999.00, -9999.00, -9999.00, -9999.00, 0.00, -9999.00, -9999.00
53, 6, LOC_CITY_NAME_SWENETT, 0.00, -9999.00, 347.30, -9999.00, -9999.00, 258.56, -9999.00, -9999.00, -9999.00, -9999.00, 1211.77
53, 6, LOC_CITY_NAME_BORSIPPA, 0.00, -9999.00, 347.30, -9999.00, 115.94, 196.50, -9999.00, -9999.00, -9999.00, -9999.00, 102.69
53, 6, LOC_CITY_NAME_KARKAR, 0.00, -9999.00, 347.30, -9999.00, -9999.00, 196.50, -9999.00, -9999.00, -9999.00, -9999.00, 176.25
53, 6, LOC_CITY_NAME_CUMAE, 1.00, -9999.00, -9999.00, -9999.00, -9999.00, -9999.00, -9999.00, -9999.00, -9999.00, -9999.00, -9999.00
53, 6, LOC_CITY_NAME_MEROE, 2.00, -9999.00, 347.30, -9999.00, -9999.00, 448.36, -9999.00, -9999.00, -9999.00, -9999.00, 3233.00
53, 6, LOC_CITY_NAME_KUMASI, -9999.00, -9999.00, -9999.00, -9999.00, -9999.00, -9999.00, -9999.00, -9999.00, 0.00, -9999.00, -9999.00
53, 6, LOC_CITY_NAME_MEMPHIS, 0.00, -9999.00, 347.30, -9999.00, -9999.00, 139.14, -9999.00, -9999.00, -9999.00, -9999.00, 1348.33
53, 6, LOC_CITY_NAME_JOHANNESBURG, -9999.00, -9999.00, -9999.00, -9999.00, -9999.00, -9999.00, -9999.00, -9999.00, 0.00, -9999.00, -9999.00
53, 6, LOC_CITY_HOA_LU, 1.00, -9999.00, -9999.00, -9999.00, -9999.00, -9999.00, -9999.00, -9999.00, -9999.00, -9999.00, -9999.00
53, 6, LOC_CITY_NAME_DORTMUND, 1.00, -9999.00, -9999.00, 399.41, -9999.00, -9999.00, -9999.00, -9999.00, -9999.00, -9999.00, -9999.00
53, 6, LOC_CITY_NAME_FEZ, 1.00, -9999.00, -9999.00, -9999.00, -9999.00, -9999.00, -9999.00, -9999.00, -9999.00, -9999.00, -9999.00
53, 6, LOC_CITY_NAME_KAWA, 2.00, -9999.00, 347.30, -9999.00, -9999.00, 180.92, -9999.00, -9999.00, -9999.00, -9999.00, 1263.04
53, 6, LOC_CITY_NAME_JERUSALEM, -9999.00, -9999.00, -9999.00, -9999.00, -9999.00, -9999.00, -9999.00, -9999.00, -9999.00, -9999.00, -9999.00
53, 6, LOC_CITY_NAME_SALVADOR, -9999.00, -9999.00, -9999.00, -9999.00, -9999.00, -9999.00, -9999.00, -9999.00, -9999.00, -9999.00, -9999.00
53, 6, LOC_CITY_NAME_EL_KURRU, 2.00, -9999.00, 347.30, -9999.00, -9999.00, 149.45, -9999.00, -9999.00, -9999.00, -9999.00, -9999.00
53, 6, LOC_CITY_NAME_VATICAN_CITY, -9999.00, -9999.00, -9999.00, -9999.00, -9999.00, -9999.00, -9999.00, -9999.00, 0.00, -9999.00, -9999.00
53, 6, LOC_CITY_NAME_PRESLAV, -9999.00, -9999.00, -9999.00, -9999.00, -9999.00, -9999.00, -9999.00, -9999.00, 0.00, -9999.00, -9999.00
53, 6, LOC_CITY_NAME_HEIDELBERG, 1.00, -9999.00, -9999.00, -9999.00, -9999.00, -9999.00, -9999.00, -9999.00, -9999.00, -9999.00, -9999.00
53, 6, LOC_CITY_NAME_METHONE, 1.00, -9999.00, -9999.00, -9999.00, -9999.00, -9999.00, -9999.00, -9999.00, -9999.00, -9999.00, -9999.00
53, 6, LOC_CITY_NAME_AKHETATEN, 0.00, -9999.00, 347.30, -9999.00, -9999.00, -9999.00, -9999.00, -9999.00, -9999.00, -9999.00, 857.24
53, 6, LOC_CITY_NAME_BUENOS_AIRES, 1.00, -9999.00, -9999.00, -9999.00, -9999.00, -9999.00, -9999.00, -9999.00, -9999.00, -9999.00, -9999.00
53, 6, LOC_CITY_NAME_BABYLON, -9999.00, -9999.00, -9999.00, -9999.00, -9999.00, -9999.00, -9999.00, -9999.00, 0.00, -9999.00, -9999.00
53, 6, LOC_CITY_NAME_QASR_IBRIM, 2.00, -9999.00, 347.30, -9999.00, -9999.00, -9999.00, -9999.00, -9999.00, -9999.00, -9999.00, -9999.00
53, 6, LOC_CITY_NAME_HEH, 2.00, -9999.00, -9999.00, -9999.00, -9999.00, 180.92, -9999.00, -9999.00, -9999.00, -9999.00, 200.00
53, 6, LOC_CITY_NAME_SHAAT, 2.00, -9999.00, -9999.00, -9999.00, -9999.00, 94.38, -9999.00, -9999.00, -9999.00, -9999.00, -9999.00
53, 6, LOC_CITY_NAME_SEDEINGA, 2.00, -9999.00, 347.30, -9999.00, 0.00, 283.17, -9999.00, -9999.00, -9999.00, -9999.00, 1687.11
53, 6, LOC_CITY_DONG_HOI, 1.00, -9999.00, 347.30, -9999.00, -9999.00, -9999.00, -9999.00, -9999.00, -9999.00, -9999.00, -9999.00
53, 6, LOC_CITY_NAME_BRUNDISIUM, 1.00, -9999.00, -9999.00, -9999.00, -9999.00, -9999.00, -9999.00, -9999.00, -9999.00, -9999.00, -9999.00
53, 6, LOC_CITY_NAME_PORTO_ALEGRE, -9999.00, -9999.00, -9999.00, -9999.00, -9999.00, -9999.00, -9999.00, -9999.00, -9999.00, -9999.00, -9999.00
53, 6, LOC_CITY_NAME_NURI, 2.00, -9999.00, -9999.00, -9999.00, 0.00, -9999.00, -9999.00, -9999.00, -9999.00, -9999.00, -9999.00
53, 6, LOC_CITY_NAME_MAINZ, 1.00, -9999.00, 347.30, 399.41, -9999.00, -9999.00, -9999.00, -9999.00, -9999.00, -9999.00, -9999.00
53, 6, LOC_CITY_NAME_YEREVAN, -9999.00, -9999.00, -9999.00, -9999.00, -9999.00, -9999.00, -9999.00, -9999.00, 0.00, -9999.00, -9999.00
53, 6, LOC_CITY_NAME_HATTUSA, -9999.00, -9999.00, -9999.00, -9999.00, -9999.00, -9999.00, -9999.00, -9999.00, 0.00, -9999.00, -9999.00
53, 6, LOC_CITY_CAN_THO, 1.00, -9999.00, -9999.00, -9999.00, -9999.00, -9999.00, -9999.00, -9999.00, -9999.00, -9999.00, -9999.00
53, 6, LOC_CITY_NAME_SHEDET, 0.00, -9999.00, -9999.00, -9999.00, -9999.00, -9999.00, -9999.00, -9999.00, -9999.00, -9999.00, -9999.00
53, 6, LOC_CITY_NAME_SETIA, 1.00, -9999.00, -9999.00, -9999.00, -9999.00, -9999.00, -9999.00, -9999.00, -9999.00, -9999.00, -9999.00
53, 6, LOC_CITY_NAME_VILNIUS, 1.00, -9999.00, -9999.00, -9999.00, -9999.00, -9999.00, -9999.00, -9999.00, -9999.00, -9999.00, -9999.00
53, 6, LOC_CITY_NAME_NEKHEN, 0.00, -9999.00, 347.30, -9999.00, -9999.00, 183.09, -9999.00, -9999.00, -9999.00, -9999.00, 1130.02
53, 6, LOC_CITY_NAME_RA_KEDET, 0.00, -9999.00, -9999.00, -9999.00, -9999.00, 161.11, -9999.00, -9999.00, -9999.00, -9999.00, 1932.86
53, 6, LOC_CITY_NAME_BERLIN, 1.00, -9999.00, -9999.00, -9999.00, -9999.00, -9999.00, -9999.00, -9999.00, -9999.00, -9999.00, -9999.00
53, 6, 7471133, MOVE TO CITY(69 63), BEGIN, 13:58
53, 7, LOC_CITY_NAME_RIO_DE_JANEIRO, 5.00, -9999.00, -9999.00, -9999.00, -9999.00, 217.26, -9999.00, -9999.00, -9999.00, -9999.00, -9999.00
53, 7, LOC_CITY_NAME_PELLA, 2.00, -9999.00, -9999.00, -9999.00, 115.94, 126.80, -9999.00, -9999.00, -9999.00, -9999.00, -9999.00
53, 7, LOC_CITY_NAME_AACHEN, -9999.00, -9999.00, -9999.00, -9999.00, -9999.00, -9999.00, -9999.00, -9999.00, -9999.00, -9999.00, -9999.00
53, 7, LOC_CITY_NAME_ROME, 2.00, -9999.00, 103.37, -9999.00, -9999.00, -9999.00, -9999.00, -9999.00, -9999.00, -9999.00, -9999.00
53, 7, LOC_CITY_HA_NOI, 4.00, -9999.00, 256.64, -9999.00, -9999.00, -9999.00, -9999.00, -9999.00, -9999.00, -9999.00, -9999.00
53, 7, LOC_CITY_HUE, 4.00, -9999.00, -9999.00, -9999.00, -9999.00, -9999.00, -9999.00, -9999.00, -9999.00, -9999.00, -9999.00
53, 7, LOC_CITY_NAME_SAO_PAULO, 5.00, -9999.00, 103.37, 399.41, -9999.00, -9999.00, -9999.00, -9999.00, -9999.00, -9999.00, -9999.00
53, 7, LOC_CITY_NAME_ALEXANDRIA_TROAS, 2.00, -9999.00, 103.37, -9999.00, -9999.00, -9999.00, -9999.00, -9999.00, -9999.00, -9999.00, -9999.00
53, 7, LOC_CITY_NAME_ARRETIUM, 2.00, -9999.00, 103.37, -9999.00, 115.94, -9999.00, -9999.00, -9999.00, -9999.00, -9999.00, -9999.00
53, 7, LOC_CITY_NAME_MAGDEBURG, -9999.00, -9999.00, -9999.00, -9999.00, -9999.00, -9999.00, -9999.00, -9999.00, -9999.00, -9999.00, -9999.00
53, 7, LOC_CITY_QUANG_TRI, 4.00, -9999.00, 256.64, -9999.00, 115.94, -9999.00, -9999.00, -9999.00, -9999.00, -9999.00, -9999.00
53, 7, LOC_CITY_NAME_ARPINUM, 2.00, -9999.00, 103.37, -9999.00, -9999.00, -9999.00, -9999.00, -9999.00, -9999.00, -9999.00, -9999.00
53, 7, LOC_CITY_NAME_FORTALEZA, 5.00, -9999.00, -9999.00, -9999.00, -9999.00, -9999.00, -9999.00, -9999.00, -9999.00, -9999.00, -9999.00
53, 7, LOC_CITY_NAME_CHALKIDIKI, 2.00, -9999.00, 103.37, -9999.00, -9999.00, -9999.00, -9999.00, -9999.00, -9999.00, -9999.00, -9999.00
53, 7, LOC_CITY_NAME_COLOGNE, -9999.00, -9999.00, -9999.00, -9999.00, -9999.00, -9999.00, -9999.00, -9999.00, -9999.00, -9999.00, -9999.00
53, 7, LOC_CITY_NAME_KERMA, 3.00, -9999.00, 128.19, -9999.00, 0.00, -9999.00, -9999.00, -9999.00, -9999.00, -9999.00, 2745.42
53, 7, LOC_CITY_HOI_AN, 4.00, -9999.00, -9999.00, -9999.00, -9999.00, -9999.00, -9999.00, -9999.00, -9999.00, -9999.00, -9999.00
53, 7, LOC_CITY_NAME_LUGDUNUM, 2.00, -9999.00, -9999.00, -9999.00, -9999.00, -9999.00, -9999.00, -9999.00, -9999.00, -9999.00, -9999.00
53, 7, LOC_CITY_NAME_BABYLON_STK, 1.00, -9999.00, 103.37, -9999.00, -9999.00, -9999.00, -9999.00, -9999.00, -9999.00, -9999.00, 2442.29
53, 7, LOC_CITY_NAME_ALEXANDRIA_LATMUS, 2.00, -9999.00, 103.37, -9999.00, -9999.00, -9999.00, -9999.00, -9999.00, -9999.00, -9999.00, -9999.00
53, 7, LOC_CITY_NAME_PATNA, 1.00, -9999.00, -9999.00, -9999.00, -9999.00, 309.84, -9999.00, -9999.00, -9999.00, -9999.00, 2325.20
53, 7, LOC_CITY_NAME_CURITIBA, 5.00, -9999.00, -9999.00, -9999.00, -9999.00, -9999.00, -9999.00, -9999.00, -9999.00, -9999.00, -9999.00
53, 7, LOC_CITY_NAME_LISBON, -9999.00, -9999.00, -9999.00, -9999.00, -9999.00, -9999.00, -9999.00, -9999.00, 0.00, -9999.00, -9999.00
53, 7, LOC_CITY_NAME_SWENETT, 1.00, -9999.00, 1904.48, -9999.00, -9999.00, 258.56, -9999.00, -9999.00, -9999.00, -9999.00, 1248.73
53, 7, LOC_CITY_NAME_BORSIPPA, 1.00, -9999.00, 103.37, -9999.00, 115.94, 196.50, -9999.00, -9999.00, -9999.00, -9999.00, 116.58
53, 7, LOC_CITY_NAME_KARKAR, 1.00, -9999.00, 103.37, -9999.00, -9999.00, 196.50, -9999.00, -9999.00, -9999.00, -9999.00, 179.72
53, 7, LOC_CITY_NAME_CUMAE, 2.00, -9999.00, -9999.00, -9999.00, -9999.00, -9999.00, -9999.00, -9999.00, -9999.00, -9999.00, -9999.00
53, 7, LOC_CITY_NAME_MEROE, 3.00, -9999.00, 128.19, -9999.00, -9999.00, 448.36, -9999.00, -9999.00, -9999.00, -9999.00, 3192.67
53, 7, LOC_CITY_NAME_KUMASI, -9999.00, -9999.00, -9999.00, -9999.00, -9999.00, -9999.00, -9999.00, -9999.00, 0.00, -9999.00, -9999.00
53, 7, LOC_CITY_NAME_MEMPHIS, 1.00, -9999.00, 1904.48, -9999.00, -9999.00, 139.14, -9999.00, -9999.00, -9999.00, -9999.00, 1433.12
53, 7, LOC_CITY_NAME_JOHANNESBURG, -9999.00, -9999.00, -9999.00, -9999.00, -9999.00, -9999.00, -9999.00, -9999.00, 0.00, -9999.00, -9999.00
53, 7, LOC_CITY_NAME_DORTMUND, -9999.00, -9999.00, -9999.00, -9999.00, -9999.00, -9999.00, -9999.00, -9999.00, -9999.00, -9999.00, -9999.00
53, 7, LOC_CITY_HOA_LU, 4.00, -9999.00, -9999.00, -9999.00, -9999.00, -9999.00, -9999.00, -9999.00, -9999.00, -9999.00, -9999.00
53, 7, LOC_CITY_NAME_FEZ, 2.00, -9999.00, -9999.00, -9999.00, -9999.00, -9999.00, -9999.00, -9999.00, -9999.00, -9999.00, -9999.00
53, 7, LOC_CITY_NAME_KAWA, 3.00, -9999.00, 128.19, -9999.00, -9999.00, 180.92, -9999.00, -9999.00, -9999.00, -9999.00, 1357.53
53, 7, LOC_CITY_NAME_JERUSALEM, 5.00, -9999.00, -9999.00, -9999.00, -9999.00, -9999.00, -9999.00, -9999.00, -9999.00, -9999.00, -9999.00
53, 7, LOC_CITY_NAME_SALVADOR, 5.00, -9999.00, 103.37, -9999.00, -9999.00, -9999.00, -9999.00, -9999.00, -9999.00, -9999.00, -9999.00
53, 7, LOC_CITY_NAME_EL_KURRU, 3.00, -9999.00, 128.19, -9999.00, -9999.00, 149.45, -9999.00, -9999.00, -9999.00, -9999.00, -9999.00
53, 7, LOC_CITY_NAME_VATICAN_CITY, -9999.00, -9999.00, -9999.00, -9999.00, -9999.00, -9999.00, -9999.00, -9999.00, 0.00, -9999.00, -9999.00
53, 7, LOC_CITY_NAME_PRESLAV, -9999.00, -9999.00, -9999.00, -9999.00, -9999.00, -9999.00, -9999.00, -9999.00, 0.00, -9999.00, -9999.00
53, 7, LOC_CITY_NAME_HEIDELBERG, -9999.00, -9999.00, -9999.00, -9999.00, -9999.00, -9999.00, -9999.00, -9999.00, -9999.00, -9999.00, -9999.00
53, 7, LOC_CITY_NAME_METHONE, 2.00, -9999.00, -9999.00, -9999.00, -9999.00, -9999.00, -9999.00, -9999.00, -9999.00, -9999.00, -9999.00
53, 7, LOC_CITY_NAME_AKHETATEN, 1.00, -9999.00, 1904.48, -9999.00, -9999.00, -9999.00, -9999.00, -9999.00, -9999.00, -9999.00, 900.14
53, 7, LOC_CITY_NAME_BUENOS_AIRES, 2.00, -9999.00, -9999.00, -9999.00, -9999.00, -9999.00, -9999.00, -9999.00, -9999.00, -9999.00, -9999.00
53, 7, LOC_CITY_NAME_BABYLON, -9999.00, -9999.00, -9999.00, -9999.00, -9999.00, -9999.00, -9999.00, -9999.00, 0.00, -9999.00, -9999.00
53, 7, LOC_CITY_NAME_QASR_IBRIM, 3.00, -9999.00, 128.19, -9999.00, -9999.00, -9999.00, -9999.00, -9999.00, -9999.00, -9999.00, -9999.00
53, 7, LOC_CITY_NAME_HEH, 3.00, -9999.00, -9999.00, -9999.00, -9999.00, 180.92, -9999.00, -9999.00, -9999.00, -9999.00, 200.00
53, 7, LOC_CITY_NAME_SHAAT, 3.00, -9999.00, -9999.00, -9999.00, -9999.00, 94.38, -9999.00, -9999.00, -9999.00, -9999.00, -9999.00
53, 7, LOC_CITY_NAME_SEDEINGA, 3.00, -9999.00, 128.19, -9999.00, 0.00, 283.17, -9999.00, -9999.00, -9999.00, -9999.00, 1723.94
53, 7, LOC_CITY_DONG_HOI, 4.00, -9999.00, 256.64, -9999.00, -9999.00, -9999.00, -9999.00, -9999.00, -9999.00, -9999.00, -9999.00
53, 7, LOC_CITY_NAME_BRUNDISIUM, 2.00, -9999.00, -9999.00, -9999.00, -9999.00, -9999.00, -9999.00, -9999.00, -9999.00, -9999.00, -9999.00
53, 7, LOC_CITY_NAME_PORTO_ALEGRE, 5.00, -9999.00, 103.37, -9999.00, -9999.00, -9999.00, -9999.00, -9999.00, -9999.00, -9999.00, -9999.00
53, 7, LOC_CITY_NAME_MAINZ, -9999.00, -9999.00, -9999.00, -9999.00, -9999.00, -9999.00, -9999.00, -9999.00, -9999.00, -9999.00, -9999.00
53, 7, LOC_CITY_NAME_NURI, 3.00, -9999.00, -9999.00, -9999.00, 0.00, -9999.00, -9999.00, -9999.00, -9999.00, -9999.00, -9999.00
53, 7, LOC_CITY_NAME_YEREVAN, -9999.00, -9999.00, -9999.00, -9999.00, -9999.00, -9999.00, -9999.00, -9999.00, 0.00, -9999.00, -9999.00
53, 7, LOC_CITY_NAME_HATTUSA, -9999.00, -9999.00, -9999.00, -9999.00, -9999.00, -9999.00, -9999.00, -9999.00, 0.00, -9999.00, -9999.00
53, 7, LOC_CITY_CAN_THO, 4.00, -9999.00, -9999.00, -9999.00, -9999.00, -9999.00, -9999.00, -9999.00, -9999.00, -9999.00, -9999.00
53, 7, LOC_CITY_NAME_SHEDET, 1.00, -9999.00, -9999.00, -9999.00, -9999.00, -9999.00, -9999.00, -9999.00, -9999.00, -9999.00, -9999.00
53, 7, LOC_CITY_NAME_SETIA, 2.00, -9999.00, -9999.00, -9999.00, -9999.00, -9999.00, -9999.00, -9999.00, -9999.00, -9999.00, -9999.00
53, 7, LOC_CITY_NAME_VILNIUS, 4.00, -9999.00, -9999.00, -9999.00, -9999.00, -9999.00, -9999.00, -9999.00, -9999.00, -9999.00, -9999.00
53, 7, LOC_CITY_NAME_NEKHEN, 1.00, -9999.00, 1904.48, -9999.00, -9999.00, 183.09, -9999.00, -9999.00, -9999.00, -9999.00, 1198.68
53, 7, LOC_CITY_NAME_RA_KEDET, 1.00, -9999.00, -9999.00, -9999.00, -9999.00, 161.11, -9999.00, -9999.00, -9999.00, -9999.00, 1896.11
53, 7, LOC_CITY_NAME_BERLIN, -9999.00, -9999.00, -9999.00, -9999.00, -9999.00, -9999.00, -9999.00, -9999.00, -9999.00, -9999.00, -9999.00
53, 8, LOC_CITY_NAME_AACHEN, 1.00, -9999.00, 57.67, 149.41, -9999.00, -9999.00, -9999.00, -9999.00, -9999.00, -9999.00, -9999.00
53, 8, LOC_CITY_NAME_RIO_DE_JANEIRO, 3.00, -9999.00, -9999.00, -9999.00, -9999.00, 217.26, -9999.00, -9999.00, -9999.00, -9999.00, -9999.00
53, 8, LOC_CITY_NAME_PELLA, 1.00, -9999.00, -9999.00, -9999.00, 115.94, 126.80, -9999.00, -9999.00, -9999.00, -9999.00, -9999.00
53, 8, LOC_CITY_HA_NOI, -9999.00, -9999.00, -9999.00, -9999.00, -9999.00, -9999.00, -9999.00, -9999.00, -9999.00, -9999.00, -9999.00
53, 8, LOC_CITY_NAME_ROME, 1.00, -9999.00, -9999.00, -9999.00, -9999.00, -9999.00, -9999.00, -9999.00, -9999.00, -9999.00, -9999.00
53, 8, LOC_CITY_HUE, -9999.00, -9999.00, -9999.00, -9999.00, -9999.00, -9999.00, -9999.00, -9999.00, -9999.00, -9999.00, -9999.00
53, 8, LOC_CITY_NAME_SAO_PAULO, 3.00, -9999.00, 113.95, 149.41, -9999.00, -9999.00, -9999.00, -9999.00, -9999.00, -9999.00, -9999.00
53, 8, LOC_CITY_NAME_ALEXANDRIA_TROAS, 1.00, -9999.00, -9999.00, -9999.00, -9999.00, -9999.00, -9999.00, -9999.00, -9999.00, -9999.00, -9999.00
53, 8, LOC_CITY_NAME_ARRETIUM, 1.00, -9999.00, -9999.00, -9999.00, 115.94, -9999.00, -9999.00, -9999.00, -9999.00, -9999.00, -9999.00
53, 8, LOC_CITY_NAME_MAGDEBURG, 1.00, -9999.00, 57.67, 149.41, -9999.00, -9999.00, -9999.00, -9999.00, -9999.00, -9999.00, -9999.00
53, 8, LOC_CITY_QUANG_TRI, -9999.00, -9999.00, -9999.00, -9999.00, -9999.00, -9999.00, -9999.00, -9999.00, -9999.00, -9999.00, -9999.00
53, 8, LOC_CITY_NAME_ARPINUM, 1.00, -9999.00, -9999.00, -9999.00, -9999.00, -9999.00, -9999.00, -9999.00, -9999.00, -9999.00, -9999.00
53, 8, LOC_CITY_NAME_FORTALEZA, 3.00, -9999.00, -9999.00, -9999.00, -9999.00, -9999.00, -9999.00, -9999.00, -9999.00, -9999.00, -9999.00
53, 8, LOC_CITY_NAME_CHALKIDIKI, 1.00, -9999.00, -9999.00, -9999.00, -9999.00, -9999.00, -9999.00, -9999.00, -9999.00, -9999.00, -9999.00
53, 8, LOC_CITY_NAME_COLOGNE, 1.00, -9999.00, 57.67, 149.41, 0.00, -9999.00, -9999.00, -9999.00, -9999.00, -9999.00, -9999.00
53, 8, LOC_CITY_HOI_AN, -9999.00, -9999.00, -9999.00, -9999.00, -9999.00, -9999.00, -9999.00, -9999.00, -9999.00, -9999.00, -9999.00
53, 8, LOC_CITY_NAME_KERMA, 2.00, -9999.00, 57.67, -9999.00, 0.00, -9999.00, -9999.00, -9999.00, -9999.00, -9999.00, 2763.96
53, 8, LOC_CITY_NAME_LUGDUNUM, 1.00, -9999.00, -9999.00, -9999.00, -9999.00, -9999.00, -9999.00, -9999.00, -9999.00, -9999.00, -9999.00
53, 8, LOC_CITY_NAME_BABYLON_STK, 0.00, -9999.00, 113.95, -9999.00, -9999.00, -9999.00, -9999.00, -9999.00, -9999.00, -9999.00, 2486.42
53, 8, LOC_CITY_NAME_ALEXANDRIA_LATMUS, 1.00, -9999.00, -9999.00, -9999.00, -9999.00, -9999.00, -9999.00, -9999.00, -9999.00, -9999.00, -9999.00
53, 8, LOC_CITY_NAME_PATNA, 0.00, -9999.00, -9999.00, 149.41, -9999.00, 309.84, -9999.00, -9999.00, -9999.00, -9999.00, 2318.85
53, 8, LOC_CITY_NAME_CURITIBA, 3.00, -9999.00, -9999.00, -9999.00, -9999.00, -9999.00, -9999.00, -9999.00, -9999.00, -9999.00, -9999.00
53, 8, LOC_CITY_NAME_LISBON, -9999.00, -9999.00, -9999.00, -9999.00, -9999.00, -9999.00, -9999.00, -9999.00, 0.00, -9999.00, -9999.00
53, 8, LOC_CITY_NAME_SWENETT, 0.00, -9999.00, 1893.13, -9999.00, -9999.00, 258.56, -9999.00, -9999.00, -9999.00, -9999.00, 1265.39
53, 8, LOC_CITY_NAME_BORSIPPA, 0.00, -9999.00, 113.95, -9999.00, 115.94, 196.50, -9999.00, -9999.00, -9999.00, -9999.00, 122.38
53, 8, LOC_CITY_NAME_KARKAR, 0.00, -9999.00, 113.95, -9999.00, -9999.00, 196.50, -9999.00, -9999.00, -9999.00, -9999.00, 181.17
53, 8, LOC_CITY_NAME_CUMAE, 1.00, -9999.00, -9999.00, -9999.00, -9999.00, -9999.00, -9999.00, -9999.00, -9999.00, -9999.00, -9999.00
53, 8, LOC_CITY_NAME_MEROE, 2.00, -9999.00, 57.67, -9999.00, -9999.00, 448.36, -9999.00, -9999.00, -9999.00, -9999.00, 3200.16
53, 8, LOC_CITY_NAME_KUMASI, -9999.00, -9999.00, -9999.00, -9999.00, -9999.00, -9999.00, -9999.00, -9999.00, 0.00, -9999.00, -9999.00
53, 8, LOC_CITY_NAME_MEMPHIS, 0.00, -9999.00, 1893.13, -9999.00, -9999.00, 139.14, -9999.00, -9999.00, -9999.00, -9999.00, 1463.61
53, 8, LOC_CITY_NAME_JOHANNESBURG, -9999.00, -9999.00, -9999.00, -9999.00, -9999.00, -9999.00, -9999.00, -9999.00, 0.00, -9999.00, -9999.00
53, 8, LOC_CITY_NAME_DORTMUND, 1.00, -9999.00, -9999.00, 149.41, -9999.00, -9999.00, -9999.00, -9999.00, -9999.00, -9999.00, -9999.00
53, 8, LOC_CITY_HOA_LU, -9999.00, -9999.00, -9999.00, -9999.00, -9999.00, -9999.00, -9999.00, -9999.00, -9999.00, -9999.00, -9999.00
53, 8, LOC_CITY_NAME_FEZ, 1.00, -9999.00, -9999.00, -9999.00, -9999.00, -9999.00, -9999.00, -9999.00, -9999.00, -9999.00, -9999.00
53, 8, LOC_CITY_NAME_KAWA, 2.00, -9999.00, 57.67, -9999.00, -9999.00, 180.92, -9999.00, -9999.00, -9999.00, -9999.00, 1383.76
53, 8, LOC_CITY_NAME_JERUSALEM, 3.00, -9999.00, -9999.00, -9999.00, -9999.00, -9999.00, -9999.00, -9999.00, -9999.00, -9999.00, -9999.00
53, 8, LOC_CITY_NAME_SALVADOR, 3.00, -9999.00, 113.95, -9999.00, -9999.00, -9999.00, -9999.00, -9999.00, -9999.00, -9999.00, -9999.00
53, 8, LOC_CITY_NAME_EL_KURRU, 2.00, -9999.00, 57.67, -9999.00, -9999.00, 149.45, -9999.00, -9999.00, -9999.00, -9999.00, -9999.00
53, 8, LOC_CITY_NAME_VATICAN_CITY, -9999.00, -9999.00, -9999.00, -9999.00, -9999.00, -9999.00, -9999.00, -9999.00, 0.00, -9999.00, -9999.00
53, 8, LOC_CITY_NAME_HEIDELBERG, 1.00, -9999.00, -9999.00, -9999.00, -9999.00, -9999.00, -9999.00, -9999.00, -9999.00, -9999.00, -9999.00
53, 8, LOC_CITY_NAME_PRESLAV, -9999.00, -9999.00, -9999.00, -9999.00, -9999.00, -9999.00, -9999.00, -9999.00, 0.00, -9999.00, -9999.00
53, 8, LOC_CITY_NAME_METHONE, 1.00, -9999.00, -9999.00, -9999.00, -9999.00, -9999.00, -9999.00, -9999.00, -9999.00, -9999.00, -9999.00
53, 8, LOC_CITY_NAME_AKHETATEN, 0.00, -9999.00, 1893.13, -9999.00, -9999.00, -9999.00, -9999.00, -9999.00, -9999.00, -9999.00, 916.82
53, 8, LOC_CITY_NAME_BUENOS_AIRES, 1.00, -9999.00, -9999.00, -9999.00, -9999.00, -9999.00, -9999.00, -9999.00, -9999.00, -9999.00, -9999.00
53, 8, LOC_CITY_NAME_BABYLON, -9999.00, -9999.00, -9999.00, -9999.00, -9999.00, -9999.00, -9999.00, -9999.00, 0.00, -9999.00, -9999.00
53, 8, LOC_CITY_NAME_QASR_IBRIM, 2.00, -9999.00, 57.67, -9999.00, -9999.00, -9999.00, -9999.00, -9999.00, -9999.00, -9999.00, -9999.00
53, 8, LOC_CITY_NAME_HEH, 2.00, -9999.00, -9999.00, -9999.00, -9999.00, 180.92, -9999.00, -9999.00, -9999.00, -9999.00, 200.00
53, 8, LOC_CITY_DONG_HOI, -9999.00, -9999.00, -9999.00, -9999.00, -9999.00, -9999.00, -9999.00, -9999.00, -9999.00, -9999.00, -9999.00
53, 8, LOC_CITY_NAME_SHAAT, 2.00, -9999.00, -9999.00, -9999.00, -9999.00, 94.38, -9999.00, -9999.00, -9999.00, -9999.00, -9999.00
53, 8, LOC_CITY_NAME_SEDEINGA, 2.00, -9999.00, 57.67, -9999.00, 0.00, 283.17, -9999.00, -9999.00, -9999.00, -9999.00, 1742.02
53, 8, LOC_CITY_NAME_BRUNDISIUM, 1.00, -9999.00, -9999.00, -9999.00, -9999.00, -9999.00, -9999.00, -9999.00, -9999.00, -9999.00, -9999.00
53, 8, LOC_CITY_NAME_PORTO_ALEGRE, 3.00, -9999.00, 113.95, -9999.00, -9999.00, -9999.00, -9999.00, -9999.00, -9999.00, -9999.00, -9999.00
53, 8, LOC_CITY_NAME_MAINZ, 1.00, -9999.00, 57.67, -9999.00, -9999.00, -9999.00, -9999.00, -9999.00, -9999.00, -9999.00, -9999.00
53, 8, LOC_CITY_NAME_NURI, 2.00, -9999.00, -9999.00, -9999.00, 0.00, -9999.00, -9999.00, -9999.00, -9999.00, -9999.00, -9999.00
53, 8, LOC_CITY_NAME_YEREVAN, -9999.00, -9999.00, -9999.00, -9999.00, -9999.00, -9999.00, -9999.00, -9999.00, 0.00, -9999.00, -9999.00
53, 8, LOC_CITY_NAME_HATTUSA, -9999.00, -9999.00, -9999.00, -9999.00, -9999.00, -9999.00, -9999.00, -9999.00, 0.00, -9999.00, -9999.00
53, 8, LOC_CITY_CAN_THO, -9999.00, -9999.00, -9999.00, -9999.00, -9999.00, -9999.00, -9999.00, -9999.00, -9999.00, -9999.00, -9999.00
53, 8, LOC_CITY_NAME_SHEDET, 0.00, -9999.00, -9999.00, -9999.00, -9999.00, -9999.00, -9999.00, -9999.00, -9999.00, -9999.00, -9999.00
53, 8, LOC_CITY_NAME_VILNIUS, -9999.00, -9999.00, -9999.00, -9999.00, -9999.00, -9999.00, -9999.00, -9999.00, -9999.00, -9999.00, -9999.00
53, 8, LOC_CITY_NAME_SETIA, 1.00, -9999.00, -9999.00, -9999.00, -9999.00, -9999.00, -9999.00, -9999.00, -9999.00, -9999.00, -9999.00
53, 8, LOC_CITY_NAME_BERLIN, 1.00, -9999.00, -9999.00, -9999.00, -9999.00, -9999.00, -9999.00, -9999.00, -9999.00, -9999.00, -9999.00
53, 8, LOC_CITY_NAME_NEKHEN, 0.00, -9999.00, 1893.13, -9999.00, -9999.00, 183.09, -9999.00, -9999.00, -9999.00, -9999.00, 1221.21
53, 8, LOC_CITY_NAME_RA_KEDET, 0.00, -9999.00, -9999.00, -9999.00, -9999.00, 161.11, -9999.00, -9999.00, -9999.00, -9999.00, 1894.50
53, 9, LOC_CITY_HA_NOI, 5.00, -9999.00, 371.42, -9999.00, -9999.00, -9999.00, -9999.00, -9999.00, -9999.00, -9999.00, -9999.00
53, 9, LOC_CITY_NAME_AACHEN, 4.00, -9999.00, 371.42, 149.41, -9999.00, -9999.00, -9999.00, -9999.00, -9999.00, -9999.00, -9999.00
53, 9, LOC_CITY_NAME_RIO_DE_JANEIRO, 4.00, -9999.00, -9999.00, -9999.00, -9999.00, 242.79, -9999.00, -9999.00, -9999.00, -9999.00, -9999.00
53, 9, LOC_CITY_NAME_PELLA, 2.00, -9999.00, -9999.00, -9999.00, 115.94, 141.70, -9999.00, -9999.00, -9999.00, -9999.00, -9999.00
53, 9, LOC_CITY_NAME_ROME, -9999.00, -9999.00, -9999.00, -9999.00, -9999.00, -9999.00, -9999.00, -9999.00, -9999.00, -9999.00, -9999.00
53, 9, LOC_CITY_HUE, 5.00, -9999.00, -9999.00, -9999.00, -9999.00, -9999.00, -9999.00, -9999.00, -9999.00, -9999.00, -9999.00
53, 9, LOC_CITY_NAME_SAO_PAULO, 4.00, -9999.00, 113.23, 149.41, -9999.00, -9999.00, -9999.00, -9999.00, -9999.00, -9999.00, -9999.00
53, 9, LOC_CITY_NAME_ALEXANDRIA_TROAS, 2.00, -9999.00, -9999.00, -9999.00, -9999.00, -9999.00, -9999.00, -9999.00, -9999.00, -9999.00, -9999.00
53, 9, LOC_CITY_NAME_ARRETIUM, -9999.00, -9999.00, -9999.00, -9999.00, -9999.00, -9999.00, -9999.00, -9999.00, -9999.00, -9999.00, -9999.00
53, 9, LOC_CITY_QUANG_TRI, 5.00, -9999.00, 371.42, -9999.00, 115.94, -9999.00, -9999.00, -9999.00, -9999.00, -9999.00, -9999.00
53, 9, LOC_CITY_NAME_MAGDEBURG, 4.00, -9999.00, 371.42, 149.41, -9999.00, -9999.00, -9999.00, -9999.00, -9999.00, -9999.00, -9999.00
53, 9, LOC_CITY_NAME_ARPINUM, -9999.00, -9999.00, -9999.00, -9999.00, -9999.00, -9999.00, -9999.00, -9999.00, -9999.00, -9999.00, -9999.00
53, 9, LOC_CITY_NAME_FORTALEZA, 4.00, -9999.00, -9999.00, -9999.00, -9999.00, -9999.00, -9999.00, -9999.00, -9999.00, -9999.00, -9999.00
53, 9, LOC_CITY_NAME_CHALKIDIKI, 2.00, -9999.00, -9999.00, -9999.00, -9999.00, -9999.00, -9999.00, -9999.00, -9999.00, -9999.00, -9999.00
53, 9, LOC_CITY_NAME_COLOGNE, 4.00, -9999.00, 371.42, 149.41, 0.00, -9999.00, -9999.00, -9999.00, -9999.00, -9999.00, -9999.00
53, 9, LOC_CITY_HOI_AN, 5.00, -9999.00, -9999.00, -9999.00, -9999.00, -9999.00, -9999.00, -9999.00, -9999.00, -9999.00, -9999.00
53, 9, LOC_CITY_NAME_LUGDUNUM, -9999.00, -9999.00, -9999.00, -9999.00, -9999.00, -9999.00, -9999.00, -9999.00, -9999.00, -9999.00, -9999.00
53, 9, LOC_CITY_NAME_KERMA, 3.00, -9999.00, 371.42, -9999.00, 0.00, -9999.00, -9999.00, -9999.00, -9999.00, -9999.00, 2748.10
53, 9, LOC_CITY_NAME_BABYLON_STK, 3.00, -9999.00, 371.42, -9999.00, -9999.00, -9999.00, -9999.00, -9999.00, -9999.00, -9999.00, 2438.38
53, 9, LOC_CITY_NAME_ALEXANDRIA_LATMUS, 2.00, -9999.00, -9999.00, -9999.00, -9999.00, -9999.00, -9999.00, -9999.00, -9999.00, -9999.00, -9999.00
53, 9, LOC_CITY_NAME_PATNA, 1.00, -9999.00, -9999.00, 149.41, -9999.00, 346.25, -9999.00, -9999.00, -9999.00, -9999.00, 2243.73
53, 9, LOC_CITY_NAME_CURITIBA, 4.00, -9999.00, -9999.00, -9999.00, -9999.00, -9999.00, -9999.00, -9999.00, -9999.00, -9999.00, -9999.00
53, 9, LOC_CITY_NAME_LISBON, -9999.00, -9999.00, -9999.00, -9999.00, -9999.00, -9999.00, -9999.00, -9999.00, 0.00, -9999.00, -9999.00
53, 9, LOC_CITY_NAME_SWENETT, 1.00, -9999.00, 371.42, -9999.00, -9999.00, 288.95, -9999.00, -9999.00, -9999.00, -9999.00, 1247.07
53, 9, LOC_CITY_NAME_BORSIPPA, 3.00, -9999.00, 371.42, -9999.00, 115.94, 219.59, -9999.00, -9999.00, -9999.00, -9999.00, 115.92
53, 9, LOC_CITY_NAME_KARKAR, 3.00, -9999.00, 371.42, -9999.00, -9999.00, 219.59, -9999.00, -9999.00, -9999.00, -9999.00, 179.56
53, 9, LOC_CITY_NAME_MEROE, 3.00, -9999.00, 371.42, -9999.00, -9999.00, 501.04, -9999.00, -9999.00, -9999.00, -9999.00, 3199.42
53, 9, LOC_CITY_NAME_CUMAE, -9999.00, -9999.00, -9999.00, -9999.00, -9999.00, -9999.00, -9999.00, -9999.00, -9999.00, -9999.00, -9999.00
53, 9, LOC_CITY_NAME_KUMASI, -9999.00, -9999.00, -9999.00, -9999.00, -9999.00, -9999.00, -9999.00, -9999.00, 0.00, -9999.00, -9999.00
53, 9, LOC_CITY_NAME_MEMPHIS, 1.00, -9999.00, 371.42, -9999.00, -9999.00, 155.50, -9999.00, -9999.00, -9999.00, -9999.00, 1428.80
53, 9, LOC_CITY_NAME_JOHANNESBURG, -9999.00, -9999.00, -9999.00, -9999.00, -9999.00, -9999.00, -9999.00, -9999.00, 0.00, -9999.00, -9999.00
53, 9, LOC_CITY_HOA_LU, 5.00, -9999.00, -9999.00, -9999.00, -9999.00, -9999.00, -9999.00, -9999.00, -9999.00, -9999.00, -9999.00
53, 9, LOC_CITY_NAME_DORTMUND, 4.00, -9999.00, -9999.00, 149.41, -9999.00, -9999.00, -9999.00, -9999.00, -9999.00, -9999.00, -9999.00
53, 9, LOC_CITY_NAME_FEZ, 2.00, -9999.00, -9999.00, -9999.00, -9999.00, -9999.00, -9999.00, -9999.00, -9999.00, -9999.00, -9999.00
53, 9, LOC_CITY_NAME_KAWA, 3.00, -9999.00, 371.42, -9999.00, -9999.00, 202.18, -9999.00, -9999.00, -9999.00, -9999.00, 1347.91
53, 9, LOC_CITY_NAME_JERUSALEM, 4.00, -9999.00, -9999.00, -9999.00, -9999.00, -9999.00, -9999.00, -9999.00, -9999.00, -9999.00, -9999.00
53, 9, LOC_CITY_NAME_SALVADOR, 4.00, -9999.00, 113.23, -9999.00, -9999.00, -9999.00, -9999.00, -9999.00, -9999.00, -9999.00, -9999.00
53, 9, LOC_CITY_NAME_EL_KURRU, 3.00, -9999.00, 371.42, -9999.00, -9999.00, 167.01, -9999.00, -9999.00, -9999.00, -9999.00, -9999.00
53, 9, LOC_CITY_NAME_VATICAN_CITY, -9999.00, -9999.00, -9999.00, -9999.00, -9999.00, -9999.00, -9999.00, -9999.00, 0.00, -9999.00, -9999.00
53, 9, LOC_CITY_NAME_HEIDELBERG, 4.00, -9999.00, -9999.00, -9999.00, -9999.00, -9999.00, -9999.00, -9999.00, -9999.00, -9999.00, -9999.00
53, 9, LOC_CITY_NAME_PRESLAV, -9999.00, -9999.00, -9999.00, -9999.00, -9999.00, -9999.00, -9999.00, -9999.00, 0.00, -9999.00, -9999.00
53, 9, LOC_CITY_NAME_METHONE, 2.00, -9999.00, -9999.00, -9999.00, -9999.00, -9999.00, -9999.00, -9999.00, -9999.00, -9999.00, -9999.00
53, 9, LOC_CITY_NAME_AKHETATEN, 1.00, -9999.00, 371.42, -9999.00, -9999.00, -9999.00, -9999.00, -9999.00, -9999.00, -9999.00, 898.04
53, 9, LOC_CITY_NAME_BUENOS_AIRES, 2.00, -9999.00, -9999.00, -9999.00, -9999.00, -9999.00, -9999.00, -9999.00, -9999.00, -9999.00, -9999.00
53, 9, LOC_CITY_NAME_BABYLON, -9999.00, -9999.00, -9999.00, -9999.00, -9999.00, -9999.00, -9999.00, -9999.00, 0.00, -9999.00, -9999.00
53, 9, LOC_CITY_NAME_QASR_IBRIM, 3.00, -9999.00, 371.42, -9999.00, -9999.00, -9999.00, -9999.00, -9999.00, -9999.00, -9999.00, -9999.00
53, 9, LOC_CITY_NAME_HEH, 3.00, -9999.00, -9999.00, -9999.00, -9999.00, 202.18, -9999.00, -9999.00, -9999.00, -9999.00, 200.00
53, 9, LOC_CITY_DONG_HOI, 5.00, -9999.00, 371.42, -9999.00, -9999.00, -9999.00, -9999.00, -9999.00, -9999.00, -9999.00, -9999.00
53, 9, LOC_CITY_NAME_SHAAT, 3.00, -9999.00, -9999.00, -9999.00, -9999.00, 105.47, -9999.00, -9999.00, -9999.00, -9999.00, -9999.00
53, 9, LOC_CITY_NAME_SEDEINGA, 3.00, -9999.00, 371.42, -9999.00, 0.00, 316.45, -9999.00, -9999.00, -9999.00, -9999.00, 1718.06
53, 9, LOC_CITY_NAME_BRUNDISIUM, -9999.00, -9999.00, -9999.00, -9999.00, -9999.00, -9999.00, -9999.00, -9999.00, -9999.00, -9999.00, -9999.00
53, 9, LOC_CITY_NAME_PORTO_ALEGRE, 4.00, -9999.00, 113.23, -9999.00, -9999.00, -9999.00, -9999.00, -9999.00, -9999.00, -9999.00, -9999.00
53, 9, LOC_CITY_NAME_MAINZ, 4.00, -9999.00, 371.42, -9999.00, -9999.00, -9999.00, -9999.00, -9999.00, -9999.00, -9999.00, -9999.00
53, 9, LOC_CITY_NAME_NURI, 3.00, -9999.00, -9999.00, -9999.00, 0.00, -9999.00, -9999.00, -9999.00, -9999.00, -9999.00, -9999.00
53, 9, LOC_CITY_NAME_YEREVAN, -9999.00, -9999.00, -9999.00, -9999.00, -9999.00, -9999.00, -9999.00, -9999.00, 0.00, -9999.00, -9999.00
53, 9, LOC_CITY_CAN_THO, 5.00, -9999.00, -9999.00, -9999.00, -9999.00, -9999.00, -9999.00, -9999.00, -9999.00, -9999.00, -9999.00
53, 9, LOC_CITY_NAME_HATTUSA, -9999.00, -9999.00, -9999.00, -9999.00, -9999.00, -9999.00, -9999.00, -9999.00, 0.00, -9999.00, -9999.00
53, 9, LOC_CITY_NAME_VILNIUS, 5.00, -9999.00, -9999.00, -9999.00, -9999.00, -9999.00, -9999.00, -9999.00, -9999.00, -9999.00, -9999.00
53, 9, LOC_CITY_NAME_SHEDET, 1.00, -9999.00, -9999.00, -9999.00, -9999.00, -9999.00, -9999.00, -9999.00, -9999.00, -9999.00, -9999.00
53, 9, LOC_CITY_NAME_SETIA, -9999.00, -9999.00, -9999.00, -9999.00, -9999.00, -9999.00, -9999.00, -9999.00, -9999.00, -9999.00, -9999.00
53, 9, LOC_CITY_NAME_BERLIN, 4.00, -9999.00, -9999.00, -9999.00, -9999.00, -9999.00, -9999.00, -9999.00, -9999.00, -9999.00, -9999.00
53, 9, LOC_CITY_NAME_NEKHEN, 1.00, -9999.00, 371.42, -9999.00, -9999.00, 204.61, -9999.00, -9999.00, -9999.00, -9999.00, 1195.04
53, 9, LOC_CITY_NAME_RA_KEDET, 1.00, -9999.00, -9999.00, -9999.00, -9999.00, 180.04, -9999.00, -9999.00, -9999.00, -9999.00, 1894.41
54, 5, LOC_CITY_NAME_PELLA, -9999.00, -9999.00, -9999.00, -9999.00, -9999.00, -9999.00, -9999.00, -9999.00, -9999.00, -9999.00, -9999.00
54, 5, LOC_CITY_NAME_ROME, 4.00, -9999.00, 0.00, -9999.00, -9999.00, -9999.00, -9999.00, -9999.00, -9999.00, -9999.00, -9999.00
54, 5, LOC_CITY_HA_NOI, 4.00, -9999.00, 347.30, -9999.00, -9999.00, -9999.00, -9999.00, -9999.00, -9999.00, -9999.00, -9999.00
54, 5, LOC_CITY_NAME_AACHEN, 4.00, -9999.00, 347.30, 136.72, -9999.00, -9999.00, -9999.00, -9999.00, -9999.00, -9999.00, -9999.00
54, 5, LOC_CITY_NAME_RIO_DE_JANEIRO, 4.00, -9999.00, -9999.00, -9999.00, -9999.00, 217.26, -9999.00, -9999.00, -9999.00, -9999.00, -9999.00
54, 5, LOC_CITY_HUE, 4.00, -9999.00, -9999.00, -9999.00, -9999.00, -9999.00, -9999.00, -9999.00, -9999.00, -9999.00, -9999.00
54, 5, LOC_CITY_NAME_ALEXANDRIA_TROAS, -9999.00, -9999.00, -9999.00, -9999.00, -9999.00, -9999.00, -9999.00, -9999.00, -9999.00, -9999.00, -9999.00
54, 5, LOC_CITY_NAME_SAO_PAULO, 4.00, -9999.00, 99.18, 136.72, -9999.00, -9999.00, -9999.00, -9999.00, -9999.00, -9999.00, -9999.00
54, 5, LOC_CITY_NAME_ARRETIUM, 4.00, -9999.00, 0.00, -9999.00, 135.94, -9999.00, -9999.00, -9999.00, -9999.00, -9999.00, -9999.00
54, 5, LOC_CITY_QUANG_TRI, 4.00, -9999.00, 347.30, -9999.00, 135.94, -9999.00, -9999.00, -9999.00, -9999.00, -9999.00, -9999.00
54, 5, LOC_CITY_NAME_MAGDEBURG, 4.00, -9999.00, 347.30, 136.72, -9999.00, -9999.00, -9999.00, -9999.00, -9999.00, -9999.00, -9999.00
54, 5, LOC_CITY_NAME_ARPINUM, 4.00, -9999.00, 0.00, -9999.00, -9999.00, -9999.00, -9999.00, -9999.00, -9999.00, -9999.00, -9999.00
54, 5, LOC_CITY_NAME_CHALKIDIKI, -9999.00, -9999.00, -9999.00, -9999.00, -9999.00, -9999.00, -9999.00, -9999.00, -9999.00, -9999.00, -9999.00
54, 5, LOC_CITY_NAME_FORTALEZA, 4.00, -9999.00, -9999.00, -9999.00, -9999.00, -9999.00, -9999.00, -9999.00, -9999.00, -9999.00, -9999.00
54, 5, LOC_CITY_NAME_COLOGNE, 4.00, -9999.00, 347.30, 136.72, 0.00, -9999.00, -9999.00, -9999.00, -9999.00, -9999.00, -9999.00
54, 5, LOC_CITY_NAME_KERMA, 3.00, -9999.00, 347.30, -9999.00, 0.00, -9999.00, -9999.00, -9999.00, -9999.00, -9999.00, 2771.73
54, 5, LOC_CITY_HOI_AN, 4.00, -9999.00, -9999.00, -9999.00, -9999.00, -9999.00, -9999.00, -9999.00, -9999.00, -9999.00, -9999.00
54, 5, LOC_CITY_NAME_LUGDUNUM, 4.00, -9999.00, -9999.00, -9999.00, -9999.00, -9999.00, -9999.00, -9999.00, -9999.00, -9999.00, -9999.00
54, 5, LOC_CITY_NAME_BABYLON_STK, 3.00, -9999.00, 347.30, -9999.00, -9999.00, -9999.00, -9999.00, -9999.00, -9999.00, -9999.00, 2659.48
54, 5, LOC_CITY_NAME_PATNA, 3.00, -9999.00, -9999.00, 136.72, -9999.00, 310.29, -9999.00, -9999.00, -9999.00, -9999.00, 2380.22
54, 5, LOC_CITY_NAME_ALEXANDRIA_LATMUS, -9999.00, -9999.00, -9999.00, -9999.00, -9999.00, -9999.00, -9999.00, -9999.00, -9999.00, -9999.00, -9999.00
54, 5, LOC_CITY_NAME_CURITIBA, 4.00, -9999.00, -9999.00, -9999.00, -9999.00, -9999.00, -9999.00, -9999.00, -9999.00, -9999.00, -9999.00
54, 5, LOC_CITY_NAME_LISBON, -9999.00, -9999.00, -9999.00, -9999.00, -9999.00, -9999.00, -9999.00, -9999.00, 0.00, -9999.00, -9999.00
54, 5, LOC_CITY_NAME_SWENETT, 1.00, -9999.00, 347.30, -9999.00, -9999.00, 315.64, -9999.00, -9999.00, -9999.00, -9999.00, 1515.93
54, 5, LOC_CITY_NAME_BORSIPPA, 3.00, -9999.00, 347.30, -9999.00, 135.94, 239.22, -9999.00, -9999.00, -9999.00, -9999.00, 243.30
54, 5, LOC_CITY_NAME_KARKAR, 3.00, -9999.00, 347.30, -9999.00, -9999.00, 239.22, -9999.00, -9999.00, -9999.00, -9999.00, 362.88
54, 5, LOC_CITY_NAME_CUMAE, 4.00, -9999.00, -9999.00, -9999.00, -9999.00, -9999.00, -9999.00, -9999.00, -9999.00, -9999.00, -9999.00
54, 5, LOC_CITY_NAME_MEROE, 3.00, -9999.00, 347.30, -9999.00, -9999.00, 432.62, -9999.00, -9999.00, -9999.00, -9999.00, 3527.80
54, 5, LOC_CITY_NAME_KUMASI, -9999.00, -9999.00, -9999.00, -9999.00, -9999.00, -9999.00, -9999.00, -9999.00, 0.00, -9999.00, -9999.00
54, 5, LOC_CITY_NAME_MEMPHIS, 1.00, -9999.00, 347.30, -9999.00, -9999.00, 184.02, -9999.00, -9999.00, -9999.00, -9999.00, 1558.28
54, 5, LOC_CITY_NAME_JOHANNESBURG, -9999.00, -9999.00, -9999.00, -9999.00, -9999.00, -9999.00, -9999.00, -9999.00, 0.00, -9999.00, -9999.00
54, 5, LOC_CITY_HOA_LU, 4.00, -9999.00, -9999.00, -9999.00, -9999.00, -9999.00, -9999.00, -9999.00, -9999.00, -9999.00, -9999.00
54, 5, LOC_CITY_NAME_DORTMUND, 4.00, -9999.00, -9999.00, 136.72, -9999.00, -9999.00, -9999.00, -9999.00, -9999.00, -9999.00, -9999.00
54, 5, LOC_CITY_NAME_FEZ, -9999.00, -9999.00, -9999.00, -9999.00, -9999.00, -9999.00, -9999.00, -9999.00, -9999.00, -9999.00, -9999.00
54, 5, LOC_CITY_NAME_KAWA, 3.00, -9999.00, 347.30, -9999.00, -9999.00, 180.92, -9999.00, -9999.00, -9999.00, -9999.00, 1506.15
54, 5, LOC_CITY_NAME_EL_KURRU, 3.00, -9999.00, 347.30, -9999.00, -9999.00, 149.45, -9999.00, -9999.00, -9999.00, -9999.00, -9999.00
54, 5, LOC_CITY_NAME_VATICAN_CITY, -9999.00, -9999.00, -9999.00, -9999.00, -9999.00, -9999.00, -9999.00, -9999.00, 0.00, -9999.00, -9999.00
54, 5, LOC_CITY_NAME_JERUSALEM, 4.00, -9999.00, -9999.00, -9999.00, -9999.00, -9999.00, -9999.00, -9999.00, -9999.00, -9999.00, -9999.00
54, 5, LOC_CITY_NAME_SALVADOR, 4.00, -9999.00, 99.18, -9999.00, -9999.00, -9999.00, -9999.00, -9999.00, -9999.00, -9999.00, -9999.00
54, 5, LOC_CITY_NAME_PRESLAV, -9999.00, -9999.00, -9999.00, -9999.00, -9999.00, -9999.00, -9999.00, -9999.00, 0.00, -9999.00, -9999.00
54, 5, LOC_CITY_NAME_HEIDELBERG, 4.00, -9999.00, -9999.00, -9999.00, -9999.00, -9999.00, -9999.00, -9999.00, -9999.00, -9999.00, -9999.00
54, 5, LOC_CITY_NAME_AKHETATEN, 1.00, -9999.00, 347.30, -9999.00, -9999.00, -9999.00, -9999.00, -9999.00, -9999.00, -9999.00, 1158.44
54, 5, LOC_CITY_NAME_METHONE, -9999.00, -9999.00, -9999.00, -9999.00, -9999.00, -9999.00, -9999.00, -9999.00, -9999.00, -9999.00, -9999.00
54, 5, LOC_CITY_NAME_BUENOS_AIRES, -9999.00, -9999.00, -9999.00, -9999.00, -9999.00, -9999.00, -9999.00, -9999.00, -9999.00, -9999.00, -9999.00
54, 5, LOC_CITY_NAME_BABYLON, -9999.00, -9999.00, -9999.00, -9999.00, -9999.00, -9999.00, -9999.00, -9999.00, 0.00, -9999.00, -9999.00
54, 5, LOC_CITY_NAME_QASR_IBRIM, 3.00, -9999.00, 347.30, -9999.00, -9999.00, -9999.00, -9999.00, -9999.00, -9999.00, -9999.00, -9999.00
54, 5, LOC_CITY_NAME_HEH, 3.00, -9999.00, -9999.00, -9999.00, -9999.00, 212.36, -9999.00, -9999.00, -9999.00, -9999.00, 200.00
54, 5, LOC_CITY_NAME_SHAAT, 3.00, -9999.00, -9999.00, -9999.00, -9999.00, 94.38, -9999.00, -9999.00, -9999.00, -9999.00, -9999.00
54, 5, LOC_CITY_NAME_SEDEINGA, 3.00, -9999.00, 347.30, -9999.00, 0.00, 283.17, -9999.00, -9999.00, -9999.00, -9999.00, 1815.36
54, 5, LOC_CITY_DONG_HOI, 4.00, -9999.00, 347.30, -9999.00, -9999.00, -9999.00, -9999.00, -9999.00, -9999.00, -9999.00, -9999.00
54, 5, LOC_CITY_NAME_BRUNDISIUM, 4.00, -9999.00, -9999.00, -9999.00, -9999.00, -9999.00, -9999.00, -9999.00, -9999.00, -9999.00, -9999.00
54, 5, LOC_CITY_NAME_PORTO_ALEGRE, 4.00, -9999.00, 99.18, -9999.00, -9999.00, -9999.00, -9999.00, -9999.00, -9999.00, -9999.00, -9999.00
54, 5, LOC_CITY_NAME_NURI, 3.00, -9999.00, -9999.00, -9999.00, 0.00, -9999.00, -9999.00, -9999.00, -9999.00, -9999.00, -9999.00
54, 5, LOC_CITY_NAME_MAINZ, 4.00, -9999.00, 347.30, -9999.00, -9999.00, -9999.00, -9999.00, -9999.00, -9999.00, -9999.00, -9999.00
54, 5, LOC_CITY_NAME_YEREVAN, -9999.00, -9999.00, -9999.00, -9999.00, -9999.00, -9999.00, -9999.00, -9999.00, 0.00, -9999.00, -9999.00
54, 5, LOC_CITY_NAME_HATTUSA, -9999.00, -9999.00, -9999.00, -9999.00, -9999.00, -9999.00, -9999.00, -9999.00, 0.00, -9999.00, -9999.00
54, 5, LOC_CITY_CAN_THO, 4.00, -9999.00, -9999.00, -9999.00, -9999.00, -9999.00, -9999.00, -9999.00, -9999.00, -9999.00, -9999.00
54, 5, LOC_CITY_NAME_SHEDET, 1.00, -9999.00, -9999.00, -9999.00, -9999.00, -9999.00, -9999.00, -9999.00, -9999.00, -9999.00, -9999.00
54, 5, LOC_CITY_NAME_SETIA, 4.00, -9999.00, -9999.00, -9999.00, -9999.00, -9999.00, -9999.00, -9999.00, -9999.00, -9999.00, -9999.00
54, 5, LOC_CITY_NAME_VILNIUS, 4.00, -9999.00, -9999.00, -9999.00, -9999.00, -9999.00, -9999.00, -9999.00, -9999.00, -9999.00, -9999.00
54, 5, LOC_CITY_NAME_NEKHEN, 1.00, -9999.00, 347.30, -9999.00, -9999.00, 232.04, -9999.00, -9999.00, -9999.00, -9999.00, 1350.70
54, 5, LOC_CITY_NAME_RA_KEDET, 1.00, -9999.00, -9999.00, -9999.00, -9999.00, 208.04, -9999.00, -9999.00, -9999.00, -9999.00, 2297.91
54, 5, LOC_CITY_NAME_BERLIN, 4.00, -9999.00, -9999.00, -9999.00, -9999.00, -9999.00, -9999.00, -9999.00, -9999.00, -9999.00, -9999.00
54, 6, LOC_CITY_NAME_PELLA, 1.00, -9999.00, -9999.00, -9999.00, 115.94, 126.80, -9999.00, -9999.00, -9999.00, -9999.00, -9999.00
54, 6, LOC_CITY_NAME_RIO_DE_JANEIRO, -9999.00, -9999.00, -9999.00, -9999.00, -9999.00, -9999.00, -9999.00, -9999.00, -9999.00, -9999.00, -9999.00
54, 6, LOC_CITY_NAME_ROME, 1.00, -9999.00, 0.00, -9999.00, -9999.00, -9999.00, -9999.00, -9999.00, -9999.00, -9999.00, -9999.00
54, 6, LOC_CITY_HA_NOI, 1.00, -9999.00, 347.30, -9999.00, -9999.00, -9999.00, -9999.00, -9999.00, -9999.00, -9999.00, -9999.00
54, 6, LOC_CITY_NAME_AACHEN, 1.00, -9999.00, 347.30, 399.41, -9999.00, -9999.00, -9999.00, -9999.00, -9999.00, -9999.00, -9999.00
54, 6, LOC_CITY_HUE, 1.00, -9999.00, -9999.00, -9999.00, -9999.00, -9999.00, -9999.00, -9999.00, -9999.00, -9999.00, -9999.00
54, 6, LOC_CITY_NAME_ALEXANDRIA_TROAS, 1.00, -9999.00, -9999.00, -9999.00, -9999.00, -9999.00, -9999.00, -9999.00, -9999.00, -9999.00, -9999.00
54, 6, LOC_CITY_NAME_SAO_PAULO, -9999.00, -9999.00, -9999.00, -9999.00, -9999.00, -9999.00, -9999.00, -9999.00, -9999.00, -9999.00, -9999.00
54, 6, LOC_CITY_NAME_ARRETIUM, 1.00, -9999.00, 0.00, -9999.00, 115.94, -9999.00, -9999.00, -9999.00, -9999.00, -9999.00, -9999.00
54, 6, LOC_CITY_QUANG_TRI, 1.00, -9999.00, 347.30, -9999.00, 115.94, -9999.00, -9999.00, -9999.00, -9999.00, -9999.00, -9999.00
54, 6, LOC_CITY_NAME_MAGDEBURG, 1.00, -9999.00, 347.30, 399.41, -9999.00, -9999.00, -9999.00, -9999.00, -9999.00, -9999.00, -9999.00
54, 6, LOC_CITY_NAME_ARPINUM, 1.00, -9999.00, 0.00, -9999.00, -9999.00, -9999.00, -9999.00, -9999.00, -9999.00, -9999.00, -9999.00
54, 6, LOC_CITY_NAME_CHALKIDIKI, 1.00, -9999.00, -9999.00, -9999.00, -9999.00, -9999.00, -9999.00, -9999.00, -9999.00, -9999.00, -9999.00
54, 6, LOC_CITY_NAME_FORTALEZA, -9999.00, -9999.00, -9999.00, -9999.00, -9999.00, -9999.00, -9999.00, -9999.00, -9999.00, -9999.00, -9999.00
54, 6, LOC_CITY_NAME_COLOGNE, 1.00, -9999.00, 347.30, 399.41, 0.00, -9999.00, -9999.00, -9999.00, -9999.00, -9999.00, -9999.00
54, 6, LOC_CITY_NAME_KERMA, 2.00, -9999.00, 347.30, -9999.00, 0.00, -9999.00, -9999.00, -9999.00, -9999.00, -9999.00, 2696.28
54, 6, LOC_CITY_HOI_AN, 1.00, -9999.00, -9999.00, -9999.00, -9999.00, -9999.00, -9999.00, -9999.00, -9999.00, -9999.00, -9999.00
54, 6, LOC_CITY_NAME_LUGDUNUM, 1.00, -9999.00, -9999.00, -9999.00, -9999.00, -9999.00, -9999.00, -9999.00, -9999.00, -9999.00, -9999.00
54, 6, LOC_CITY_NAME_BABYLON_STK, 0.00, -9999.00, 347.30, -9999.00, -9999.00, -9999.00, -9999.00, -9999.00, -9999.00, -9999.00, 2352.07
54, 6, LOC_CITY_NAME_ALEXANDRIA_LATMUS, 1.00, -9999.00, -9999.00, -9999.00, -9999.00, -9999.00, -9999.00, -9999.00, -9999.00, -9999.00, -9999.00
54, 6, LOC_CITY_NAME_PATNA, 0.00, -9999.00, -9999.00, 399.41, -9999.00, 310.29, -9999.00, -9999.00, -9999.00, -9999.00, 2342.28
54, 6, LOC_CITY_NAME_CURITIBA, -9999.00, -9999.00, -9999.00, -9999.00, -9999.00, -9999.00, -9999.00, -9999.00, -9999.00, -9999.00, -9999.00
54, 6, LOC_CITY_NAME_LISBON, -9999.00, -9999.00, -9999.00, -9999.00, -9999.00, -9999.00, -9999.00, -9999.00, 0.00, -9999.00, -9999.00
54, 6, LOC_CITY_NAME_SWENETT, 0.00, -9999.00, 347.30, -9999.00, -9999.00, 315.64, -9999.00, -9999.00, -9999.00, -9999.00, 1305.76
54, 6, LOC_CITY_NAME_BORSIPPA, 0.00, -9999.00, 347.30, -9999.00, 115.94, 239.22, -9999.00, -9999.00, -9999.00, -9999.00, 60.50
54, 6, LOC_CITY_NAME_KARKAR, 0.00, -9999.00, 347.30, -9999.00, -9999.00, 239.22, -9999.00, -9999.00, -9999.00, -9999.00, 175.70
54, 6, LOC_CITY_NAME_CUMAE, 1.00, -9999.00, -9999.00, -9999.00, -9999.00, -9999.00, -9999.00, -9999.00, -9999.00, -9999.00, -9999.00
54, 6, LOC_CITY_NAME_MEROE, 2.00, -9999.00, 347.30, -9999.00, -9999.00, 432.62, -9999.00, -9999.00, -9999.00, -9999.00, 3256.21
54, 6, LOC_CITY_NAME_KUMASI, -9999.00, -9999.00, -9999.00, -9999.00, -9999.00, -9999.00, -9999.00, -9999.00, 0.00, -9999.00, -9999.00
54, 6, LOC_CITY_NAME_MEMPHIS, 0.00, -9999.00, 347.30, -9999.00, -9999.00, 184.02, -9999.00, -9999.00, -9999.00, -9999.00, 1259.72
54, 6, LOC_CITY_NAME_JOHANNESBURG, -9999.00, -9999.00, -9999.00, -9999.00, -9999.00, -9999.00, -9999.00, -9999.00, 0.00, -9999.00, -9999.00
54, 6, LOC_CITY_HOA_LU, 1.00, -9999.00, -9999.00, -9999.00, -9999.00, -9999.00, -9999.00, -9999.00, -9999.00, -9999.00, -9999.00
54, 6, LOC_CITY_NAME_DORTMUND, 1.00, -9999.00, -9999.00, 399.41, -9999.00, -9999.00, -9999.00, -9999.00, -9999.00, -9999.00, -9999.00
54, 6, LOC_CITY_NAME_FEZ, 1.00, -9999.00, -9999.00, -9999.00, -9999.00, -9999.00, -9999.00, -9999.00, -9999.00, -9999.00, -9999.00
54, 6, LOC_CITY_NAME_KAWA, 2.00, -9999.00, 347.30, -9999.00, -9999.00, 180.92, -9999.00, -9999.00, -9999.00, -9999.00, 1352.18
54, 6, LOC_CITY_NAME_JERUSALEM, -9999.00, -9999.00, -9999.00, -9999.00, -9999.00, -9999.00, -9999.00, -9999.00, -9999.00, -9999.00, -9999.00
54, 6, LOC_CITY_NAME_SALVADOR, -9999.00, -9999.00, -9999.00, -9999.00, -9999.00, -9999.00, -9999.00, -9999.00, -9999.00, -9999.00, -9999.00
54, 6, LOC_CITY_NAME_EL_KURRU, 2.00, -9999.00, 347.30, -9999.00, -9999.00, 149.45, -9999.00, -9999.00, -9999.00, -9999.00, -9999.00
54, 6, LOC_CITY_NAME_VATICAN_CITY, -9999.00, -9999.00, -9999.00, -9999.00, -9999.00, -9999.00, -9999.00, -9999.00, 0.00, -9999.00, -9999.00
54, 6, LOC_CITY_NAME_PRESLAV, -9999.00, -9999.00, -9999.00, -9999.00, -9999.00, -9999.00, -9999.00, -9999.00, 0.00, -9999.00, -9999.00
54, 6, LOC_CITY_NAME_HEIDELBERG, 1.00, -9999.00, -9999.00, -9999.00, -9999.00, -9999.00, -9999.00, -9999.00, -9999.00, -9999.00, -9999.00
54, 6, LOC_CITY_NAME_METHONE, 1.00, -9999.00, -9999.00, -9999.00, -9999.00, -9999.00, -9999.00, -9999.00, -9999.00, -9999.00, -9999.00
54, 6, LOC_CITY_NAME_AKHETATEN, 0.00, -9999.00, 347.30, -9999.00, -9999.00, -9999.00, -9999.00, -9999.00, -9999.00, -9999.00, 776.49
54, 6, LOC_CITY_NAME_BUENOS_AIRES, 1.00, -9999.00, -9999.00, -9999.00, -9999.00, -9999.00, -9999.00, -9999.00, -9999.00, -9999.00, -9999.00
54, 6, LOC_CITY_NAME_BABYLON, -9999.00, -9999.00, -9999.00, -9999.00, -9999.00, -9999.00, -9999.00, -9999.00, 0.00, -9999.00, -9999.00
54, 6, LOC_CITY_NAME_QASR_IBRIM, 2.00, -9999.00, 347.30, -9999.00, -9999.00, -9999.00, -9999.00, -9999.00, -9999.00, -9999.00, -9999.00
54, 6, LOC_CITY_NAME_HEH, 2.00, -9999.00, -9999.00, -9999.00, -9999.00, 212.36, -9999.00, -9999.00, -9999.00, -9999.00, 200.00
54, 6, LOC_CITY_NAME_SHAAT, 2.00, -9999.00, -9999.00, -9999.00, -9999.00, 94.38, -9999.00, -9999.00, -9999.00, -9999.00, -9999.00
54, 6, LOC_CITY_NAME_SEDEINGA, 2.00, -9999.00, 347.30, -9999.00, 0.00, 283.17, -9999.00, -9999.00, -9999.00, -9999.00, 1634.78
54, 6, LOC_CITY_DONG_HOI, 1.00, -9999.00, 347.30, -9999.00, -9999.00, -9999.00, -9999.00, -9999.00, -9999.00, -9999.00, -9999.00
54, 6, LOC_CITY_NAME_BRUNDISIUM, 1.00, -9999.00, -9999.00, -9999.00, -9999.00, -9999.00, -9999.00, -9999.00, -9999.00, -9999.00, -9999.00
54, 6, LOC_CITY_NAME_PORTO_ALEGRE, -9999.00, -9999.00, -9999.00, -9999.00, -9999.00, -9999.00, -9999.00, -9999.00, -9999.00, -9999.00, -9999.00
54, 6, LOC_CITY_NAME_NURI, 2.00, -9999.00, -9999.00, -9999.00, 0.00, -9999.00, -9999.00, -9999.00, -9999.00, -9999.00, -9999.00
54, 6, LOC_CITY_NAME_MAINZ, 1.00, -9999.00, 347.30, -9999.00, -9999.00, -9999.00, -9999.00, -9999.00, -9999.00, -9999.00, -9999.00
54, 6, LOC_CITY_NAME_YEREVAN, -9999.00, -9999.00, -9999.00, -9999.00, -9999.00, -9999.00, -9999.00, -9999.00, 0.00, -9999.00, -9999.00
54, 6, LOC_CITY_NAME_HATTUSA, -9999.00, -9999.00, -9999.00, -9999.00, -9999.00, -9999.00, -9999.00, -9999.00, 0.00, -9999.00, -9999.00
54, 6, LOC_CITY_CAN_THO, 1.00, -9999.00, -9999.00, -9999.00, -9999.00, -9999.00, -9999.00, -9999.00, -9999.00, -9999.00, -9999.00
54, 6, LOC_CITY_NAME_SHEDET, 0.00, -9999.00, -9999.00, -9999.00, -9999.00, -9999.00, -9999.00, -9999.00, -9999.00, -9999.00, -9999.00
54, 6, LOC_CITY_NAME_SETIA, 1.00, -9999.00, -9999.00, -9999.00, -9999.00, -9999.00, -9999.00, -9999.00, -9999.00, -9999.00, -9999.00
54, 6, LOC_CITY_NAME_VILNIUS, 1.00, -9999.00, -9999.00, -9999.00, -9999.00, -9999.00, -9999.00, -9999.00, -9999.00, -9999.00, -9999.00
54, 6, LOC_CITY_NAME_NEKHEN, 0.00, -9999.00, 347.30, -9999.00, -9999.00, 232.04, -9999.00, -9999.00, -9999.00, -9999.00, 1183.52
54, 6, LOC_CITY_NAME_RA_KEDET, 0.00, -9999.00, -9999.00, -9999.00, -9999.00, 208.04, -9999.00, -9999.00, -9999.00, -9999.00, 1982.33
54, 6, LOC_CITY_NAME_BERLIN, 1.00, -9999.00, -9999.00, -9999.00, -9999.00, -9999.00, -9999.00, -9999.00, -9999.00, -9999.00, -9999.00
54, 7, LOC_CITY_NAME_RIO_DE_JANEIRO, 4.00, -9999.00, -9999.00, -9999.00, -9999.00, 217.26, -9999.00, -9999.00, -9999.00, -9999.00, -9999.00
54, 7, LOC_CITY_NAME_PELLA, 2.00, -9999.00, -9999.00, -9999.00, 115.94, 126.80, -9999.00, -9999.00, -9999.00, -9999.00, -9999.00
54, 7, LOC_CITY_NAME_AACHEN, -9999.00, -9999.00, -9999.00, -9999.00, -9999.00, -9999.00, -9999.00, -9999.00, -9999.00, -9999.00, -9999.00
54, 7, LOC_CITY_NAME_ROME, 2.00, -9999.00, 0.00, -9999.00, -9999.00, -9999.00, -9999.00, -9999.00, -9999.00, -9999.00, -9999.00
54, 7, LOC_CITY_HA_NOI, 4.00, -9999.00, 739.30, -9999.00, -9999.00, -9999.00, -9999.00, -9999.00, -9999.00, -9999.00, -9999.00
54, 7, LOC_CITY_HUE, 4.00, -9999.00, -9999.00, -9999.00, -9999.00, -9999.00, -9999.00, -9999.00, -9999.00, -9999.00, -9999.00
54, 7, LOC_CITY_NAME_SAO_PAULO, 4.00, -9999.00, 85.52, -9999.00, -9999.00, -9999.00, -9999.00, -9999.00, -9999.00, -9999.00, -9999.00
54, 7, LOC_CITY_NAME_ALEXANDRIA_TROAS, 2.00, -9999.00, 85.52, -9999.00, -9999.00, -9999.00, -9999.00, -9999.00, -9999.00, -9999.00, -9999.00
54, 7, LOC_CITY_NAME_ARRETIUM, 2.00, -9999.00, 0.00, -9999.00, 115.94, -9999.00, -9999.00, -9999.00, -9999.00, -9999.00, -9999.00
54, 7, LOC_CITY_NAME_MAGDEBURG, -9999.00, -9999.00, -9999.00, -9999.00, -9999.00, -9999.00, -9999.00, -9999.00, -9999.00, -9999.00, -9999.00
54, 7, LOC_CITY_QUANG_TRI, 4.00, -9999.00, 739.30, -9999.00, 115.94, -9999.00, -9999.00, -9999.00, -9999.00, -9999.00, -9999.00
54, 7, LOC_CITY_NAME_ARPINUM, 2.00, -9999.00, 0.00, -9999.00, -9999.00, -9999.00, -9999.00, -9999.00, -9999.00, -9999.00, -9999.00
54, 7, LOC_CITY_NAME_FORTALEZA, 4.00, -9999.00, -9999.00, -9999.00, -9999.00, -9999.00, -9999.00, -9999.00, -9999.00, -9999.00, -9999.00
54, 7, LOC_CITY_NAME_CHALKIDIKI, 2.00, -9999.00, 85.52, -9999.00, -9999.00, -9999.00, -9999.00, -9999.00, -9999.00, -9999.00, -9999.00
54, 7, LOC_CITY_NAME_COLOGNE, -9999.00, -9999.00, -9999.00, -9999.00, -9999.00, -9999.00, -9999.00, -9999.00, -9999.00, -9999.00, -9999.00
54, 7, LOC_CITY_NAME_KERMA, 3.00, -9999.00, 1923.58, -9999.00, 0.00, -9999.00, -9999.00, -9999.00, -9999.00, -9999.00, 2609.38
54, 7, LOC_CITY_HOI_AN, 4.00, -9999.00, -9999.00, -9999.00, -9999.00, -9999.00, -9999.00, -9999.00, -9999.00, -9999.00, -9999.00
54, 7, LOC_CITY_NAME_LUGDUNUM, 2.00, -9999.00, -9999.00, -9999.00, -9999.00, -9999.00, -9999.00, -9999.00, -9999.00, -9999.00, -9999.00
54, 7, LOC_CITY_NAME_BABYLON_STK, 3.00, -9999.00, 85.52, -9999.00, -9999.00, -9999.00, -9999.00, -9999.00, -9999.00, -9999.00, 2345.13
54, 7, LOC_CITY_NAME_ALEXANDRIA_LATMUS, 2.00, -9999.00, 85.52, -9999.00, -9999.00, -9999.00, -9999.00, -9999.00, -9999.00, -9999.00, -9999.00
54, 7, LOC_CITY_NAME_PATNA, 1.00, -9999.00, -9999.00, -9999.00, -9999.00, 310.29, -9999.00, -9999.00, -9999.00, -9999.00, 2233.70
54, 7, LOC_CITY_NAME_CURITIBA, 4.00, -9999.00, -9999.00, 399.41, -9999.00, -9999.00, -9999.00, -9999.00, -9999.00, -9999.00, -9999.00
54, 7, LOC_CITY_NAME_LISBON, -9999.00, -9999.00, -9999.00, -9999.00, -9999.00, -9999.00, -9999.00, -9999.00, 0.00, -9999.00, -9999.00
54, 7, LOC_CITY_NAME_SWENETT, 1.00, -9999.00, 1923.58, -9999.00, -9999.00, 315.64, -9999.00, -9999.00, -9999.00, -9999.00, 1311.80
54, 7, LOC_CITY_NAME_BORSIPPA, 3.00, -9999.00, 85.52, -9999.00, 115.94, 239.22, -9999.00, -9999.00, -9999.00, -9999.00, 62.36
54, 7, LOC_CITY_NAME_KARKAR, 3.00, -9999.00, 85.52, -9999.00, -9999.00, 239.22, -9999.00, -9999.00, -9999.00, -9999.00, 176.17
54, 7, LOC_CITY_NAME_CUMAE, 2.00, -9999.00, -9999.00, -9999.00, -9999.00, -9999.00, -9999.00, -9999.00, -9999.00, -9999.00, -9999.00
54, 7, LOC_CITY_NAME_MEROE, 3.00, -9999.00, 1923.58, -9999.00, -9999.00, 432.62, -9999.00, -9999.00, -9999.00, -9999.00, 3110.91
54, 7, LOC_CITY_NAME_KUMASI, -9999.00, -9999.00, -9999.00, -9999.00, -9999.00, -9999.00, -9999.00, -9999.00, 0.00, -9999.00, -9999.00
54, 7, LOC_CITY_NAME_MEMPHIS, 1.00, -9999.00, 1923.58, -9999.00, -9999.00, 184.02, -9999.00, -9999.00, -9999.00, -9999.00, 1291.30
54, 7, LOC_CITY_NAME_JOHANNESBURG, -9999.00, -9999.00, -9999.00, -9999.00, -9999.00, -9999.00, -9999.00, -9999.00, 0.00, -9999.00, -9999.00
54, 7, LOC_CITY_NAME_DORTMUND, -9999.00, -9999.00, -9999.00, -9999.00, -9999.00, -9999.00, -9999.00, -9999.00, -9999.00, -9999.00, -9999.00
54, 7, LOC_CITY_HOA_LU, 4.00, -9999.00, -9999.00, -9999.00, -9999.00, -9999.00, -9999.00, -9999.00, -9999.00, -9999.00, -9999.00
54, 7, LOC_CITY_NAME_FEZ, 2.00, -9999.00, -9999.00, -9999.00, -9999.00, -9999.00, -9999.00, -9999.00, -9999.00, -9999.00, -9999.00
54, 7, LOC_CITY_NAME_KAWA, 3.00, -9999.00, 1923.58, -9999.00, -9999.00, 180.92, -9999.00, -9999.00, -9999.00, -9999.00, 1414.22
54, 7, LOC_CITY_NAME_JERUSALEM, 4.00, -9999.00, -9999.00, -9999.00, -9999.00, -9999.00, -9999.00, -9999.00, -9999.00, -9999.00, -9999.00
54, 7, LOC_CITY_NAME_SALVADOR, 4.00, -9999.00, 85.52, -9999.00, -9999.00, -9999.00, -9999.00, -9999.00, -9999.00, -9999.00, -9999.00
54, 7, LOC_CITY_NAME_EL_KURRU, 3.00, -9999.00, 1923.58, -9999.00, -9999.00, 149.45, -9999.00, -9999.00, -9999.00, -9999.00, -9999.00
54, 7, LOC_CITY_NAME_VATICAN_CITY, -9999.00, -9999.00, -9999.00, -9999.00, -9999.00, -9999.00, -9999.00, -9999.00, 0.00, -9999.00, -9999.00
54, 7, LOC_CITY_NAME_PRESLAV, -9999.00, -9999.00, -9999.00, -9999.00, -9999.00, -9999.00, -9999.00, -9999.00, 0.00, -9999.00, -9999.00
54, 7, LOC_CITY_NAME_HEIDELBERG, -9999.00, -9999.00, -9999.00, -9999.00, -9999.00, -9999.00, -9999.00, -9999.00, -9999.00, -9999.00, -9999.00
54, 7, LOC_CITY_NAME_METHONE, 2.00, -9999.00, -9999.00, -9999.00, -9999.00, -9999.00, -9999.00, -9999.00, -9999.00, -9999.00, -9999.00
54, 7, LOC_CITY_NAME_AKHETATEN, 1.00, -9999.00, 1923.58, -9999.00, -9999.00, -9999.00, -9999.00, -9999.00, -9999.00, -9999.00, 785.60
54, 7, LOC_CITY_NAME_BUENOS_AIRES, 2.00, -9999.00, -9999.00, -9999.00, -9999.00, -9999.00, -9999.00, -9999.00, -9999.00, -9999.00, -9999.00
54, 7, LOC_CITY_NAME_BABYLON, -9999.00, -9999.00, -9999.00, -9999.00, -9999.00, -9999.00, -9999.00, -9999.00, 0.00, -9999.00, -9999.00
54, 7, LOC_CITY_NAME_QASR_IBRIM, 3.00, -9999.00, 1923.58, -9999.00, -9999.00, -9999.00, -9999.00, -9999.00, -9999.00, -9999.00, -9999.00
54, 7, LOC_CITY_NAME_HEH, 3.00, -9999.00, -9999.00, -9999.00, -9999.00, 212.36, -9999.00, -9999.00, -9999.00, -9999.00, 200.00
54, 7, LOC_CITY_NAME_SHAAT, 3.00, -9999.00, -9999.00, -9999.00, -9999.00, 94.38, -9999.00, -9999.00, -9999.00, -9999.00, -9999.00
54, 7, LOC_CITY_NAME_SEDEINGA, 3.00, -9999.00, 1923.58, -9999.00, 0.00, 283.17, -9999.00, -9999.00, -9999.00, -9999.00, 1608.42
54, 7, LOC_CITY_DONG_HOI, 4.00, -9999.00, 739.30, -9999.00, -9999.00, -9999.00, -9999.00, -9999.00, -9999.00, -9999.00, -9999.00
54, 7, LOC_CITY_NAME_BRUNDISIUM, 2.00, -9999.00, -9999.00, -9999.00, -9999.00, -9999.00, -9999.00, -9999.00, -9999.00, -9999.00, -9999.00
54, 7, LOC_CITY_NAME_PORTO_ALEGRE, 4.00, -9999.00, 85.52, -9999.00, -9999.00, -9999.00, -9999.00, -9999.00, -9999.00, -9999.00, -9999.00
54, 7, LOC_CITY_NAME_MAINZ, -9999.00, -9999.00, -9999.00, -9999.00, -9999.00, -9999.00, -9999.00, -9999.00, -9999.00, -9999.00, -9999.00
54, 7, LOC_CITY_NAME_NURI, 3.00, -9999.00, -9999.00, -9999.00, 0.00, -9999.00, -9999.00, -9999.00, -9999.00, -9999.00, -9999.00
54, 7, LOC_CITY_NAME_YEREVAN, -9999.00, -9999.00, -9999.00, -9999.00, -9999.00, -9999.00, -9999.00, -9999.00, 0.00, -9999.00, -9999.00
54, 7, LOC_CITY_NAME_HATTUSA, -9999.00, -9999.00, -9999.00, -9999.00, -9999.00, -9999.00, -9999.00, -9999.00, 0.00, -9999.00, -9999.00
54, 7, LOC_CITY_CAN_THO, 4.00, -9999.00, -9999.00, -9999.00, -9999.00, -9999.00, -9999.00, -9999.00, -9999.00, -9999.00, -9999.00
54, 7, LOC_CITY_NAME_SHEDET, 1.00, -9999.00, -9999.00, -9999.00, -9999.00, -9999.00, -9999.00, -9999.00, -9999.00, -9999.00, -9999.00
54, 7, LOC_CITY_NAME_SETIA, 2.00, -9999.00, -9999.00, -9999.00, -9999.00, -9999.00, -9999.00, -9999.00, -9999.00, -9999.00, -9999.00
54, 7, LOC_CITY_NAME_VILNIUS, 4.00, -9999.00, -9999.00, -9999.00, -9999.00, -9999.00, -9999.00, -9999.00, -9999.00, -9999.00, -9999.00
54, 7, LOC_CITY_NAME_NEKHEN, 1.00, -9999.00, 1923.58, -9999.00, -9999.00, 232.04, -9999.00, -9999.00, -9999.00, -9999.00, 1212.78
54, 7, LOC_CITY_NAME_RA_KEDET, 1.00, -9999.00, -9999.00, -9999.00, -9999.00, 208.04, -9999.00, -9999.00, -9999.00, -9999.00, 1912.61
54, 7, LOC_CITY_NAME_BERLIN, -9999.00, -9999.00, -9999.00, -9999.00, -9999.00, -9999.00, -9999.00, -9999.00, -9999.00, -9999.00, -9999.00
54, 8, LOC_CITY_NAME_AACHEN, 1.00, -9999.00, 66.54, 149.41, -9999.00, -9999.00, -9999.00, -9999.00, -9999.00, -9999.00, -9999.00
54, 8, LOC_CITY_NAME_RIO_DE_JANEIRO, 3.00, -9999.00, -9999.00, -9999.00, -9999.00, 217.26, -9999.00, -9999.00, -9999.00, -9999.00, -9999.00
54, 8, LOC_CITY_NAME_PELLA, 1.00, -9999.00, -9999.00, -9999.00, 115.94, 126.80, -9999.00, -9999.00, -9999.00, -9999.00, -9999.00
54, 8, LOC_CITY_HA_NOI, -9999.00, -9999.00, -9999.00, -9999.00, -9999.00, -9999.00, -9999.00, -9999.00, -9999.00, -9999.00, -9999.00
54, 8, LOC_CITY_NAME_ROME, 1.00, -9999.00, 0.00, -9999.00, -9999.00, -9999.00, -9999.00, -9999.00, -9999.00, -9999.00, -9999.00
54, 8, LOC_CITY_HUE, -9999.00, -9999.00, -9999.00, -9999.00, -9999.00, -9999.00, -9999.00, -9999.00, -9999.00, -9999.00, -9999.00
54, 8, LOC_CITY_NAME_SAO_PAULO, 3.00, -9999.00, -9999.00, -9999.00, -9999.00, -9999.00, -9999.00, -9999.00, -9999.00, -9999.00, -9999.00
54, 8, LOC_CITY_NAME_ALEXANDRIA_TROAS, 1.00, -9999.00, -9999.00, -9999.00, -9999.00, -9999.00, -9999.00, -9999.00, -9999.00, -9999.00, -9999.00
54, 8, LOC_CITY_NAME_ARRETIUM, 1.00, -9999.00, 0.00, -9999.00, 115.94, -9999.00, -9999.00, -9999.00, -9999.00, -9999.00, -9999.00
54, 8, LOC_CITY_NAME_MAGDEBURG, 1.00, -9999.00, 66.54, 149.41, -9999.00, -9999.00, -9999.00, -9999.00, -9999.00, -9999.00, -9999.00
54, 8, LOC_CITY_QUANG_TRI, -9999.00, -9999.00, -9999.00, -9999.00, -9999.00, -9999.00, -9999.00, -9999.00, -9999.00, -9999.00, -9999.00
54, 8, LOC_CITY_NAME_ARPINUM, 1.00, -9999.00, 0.00, -9999.00, -9999.00, -9999.00, -9999.00, -9999.00, -9999.00, -9999.00, -9999.00
54, 8, LOC_CITY_NAME_FORTALEZA, 3.00, -9999.00, -9999.00, -9999.00, -9999.00, -9999.00, -9999.00, -9999.00, -9999.00, -9999.00, -9999.00
54, 8, LOC_CITY_NAME_CHALKIDIKI, 1.00, -9999.00, -9999.00, -9999.00, -9999.00, -9999.00, -9999.00, -9999.00, -9999.00, -9999.00, -9999.00
54, 8, LOC_CITY_NAME_COLOGNE, 1.00, -9999.00, 66.54, 149.41, 0.00, -9999.00, -9999.00, -9999.00, -9999.00, -9999.00, -9999.00
54, 8, LOC_CITY_HOI_AN, -9999.00, -9999.00, -9999.00, -9999.00, -9999.00, -9999.00, -9999.00, -9999.00, -9999.00, -9999.00, -9999.00
54, 8, LOC_CITY_NAME_KERMA, 2.00, -9999.00, 2092.64, -9999.00, 0.00, -9999.00, -9999.00, -9999.00, -9999.00, -9999.00, 2683.59
54, 8, LOC_CITY_NAME_LUGDUNUM, 1.00, -9999.00, -9999.00, -9999.00, -9999.00, -9999.00, -9999.00, -9999.00, -9999.00, -9999.00, -9999.00
54, 8, LOC_CITY_NAME_BABYLON_STK, 0.00, -9999.00, 66.54, -9999.00, -9999.00, -9999.00, -9999.00, -9999.00, -9999.00, -9999.00, 2464.43
54, 8, LOC_CITY_NAME_ALEXANDRIA_LATMUS, 1.00, -9999.00, -9999.00, -9999.00, -9999.00, -9999.00, -9999.00, -9999.00, -9999.00, -9999.00, -9999.00
54, 8, LOC_CITY_NAME_PATNA, 0.00, -9999.00, -9999.00, 149.41, -9999.00, 310.29, -9999.00, -9999.00, -9999.00, -9999.00, 2296.15
54, 8, LOC_CITY_NAME_CURITIBA, 3.00, -9999.00, -9999.00, 149.41, -9999.00, -9999.00, -9999.00, -9999.00, -9999.00, -9999.00, -9999.00
54, 8, LOC_CITY_NAME_LISBON, -9999.00, -9999.00, -9999.00, -9999.00, -9999.00, -9999.00, -9999.00, -9999.00, 0.00, -9999.00, -9999.00
54, 8, LOC_CITY_NAME_SWENETT, 0.00, -9999.00, 2092.64, -9999.00, -9999.00, 315.64, -9999.00, -9999.00, -9999.00, -9999.00, 1360.14
54, 8, LOC_CITY_NAME_BORSIPPA, 0.00, -9999.00, 66.54, -9999.00, 115.94, 239.22, -9999.00, -9999.00, -9999.00, -9999.00, 77.23
54, 8, LOC_CITY_NAME_KARKAR, 0.00, -9999.00, 66.54, -9999.00, -9999.00, 239.22, -9999.00, -9999.00, -9999.00, -9999.00, 179.89
54, 8, LOC_CITY_NAME_CUMAE, 1.00, -9999.00, -9999.00, -9999.00, -9999.00, -9999.00, -9999.00, -9999.00, -9999.00, -9999.00, -9999.00
54, 8, LOC_CITY_NAME_MEROE, 2.00, -9999.00, 2092.64, -9999.00, -9999.00, 432.62, -9999.00, -9999.00, -9999.00, -9999.00, 3172.52
54, 8, LOC_CITY_NAME_KUMASI, -9999.00, -9999.00, -9999.00, -9999.00, -9999.00, -9999.00, -9999.00, -9999.00, 0.00, -9999.00, -9999.00
54, 8, LOC_CITY_NAME_MEMPHIS, 0.00, -9999.00, 2092.64, -9999.00, -9999.00, 184.02, -9999.00, -9999.00, -9999.00, -9999.00, 1369.10
54, 8, LOC_CITY_NAME_JOHANNESBURG, -9999.00, -9999.00, -9999.00, -9999.00, -9999.00, -9999.00, -9999.00, -9999.00, 0.00, -9999.00, -9999.00
54, 8, LOC_CITY_NAME_DORTMUND, 1.00, -9999.00, -9999.00, 149.41, -9999.00, -9999.00, -9999.00, -9999.00, -9999.00, -9999.00, -9999.00
54, 8, LOC_CITY_HOA_LU, -9999.00, -9999.00, -9999.00, -9999.00, -9999.00, -9999.00, -9999.00, -9999.00, -9999.00, -9999.00, -9999.00
54, 8, LOC_CITY_NAME_FEZ, 1.00, -9999.00, -9999.00, -9999.00, -9999.00, -9999.00, -9999.00, -9999.00, -9999.00, -9999.00, -9999.00
54, 8, LOC_CITY_NAME_KAWA, 2.00, -9999.00, 2092.64, -9999.00, -9999.00, 180.92, -9999.00, -9999.00, -9999.00, -9999.00, 1525.86
54, 8, LOC_CITY_NAME_JERUSALEM, 3.00, -9999.00, -9999.00, -9999.00, -9999.00, -9999.00, -9999.00, -9999.00, -9999.00, -9999.00, -9999.00
54, 8, LOC_CITY_NAME_SALVADOR, 3.00, -9999.00, -9999.00, -9999.00, -9999.00, -9999.00, -9999.00, -9999.00, -9999.00, -9999.00, -9999.00
54, 8, LOC_CITY_NAME_EL_KURRU, 2.00, -9999.00, 2092.64, -9999.00, -9999.00, 149.45, -9999.00, -9999.00, -9999.00, -9999.00, -9999.00
54, 8, LOC_CITY_NAME_VATICAN_CITY, -9999.00, -9999.00, -9999.00, -9999.00, -9999.00, -9999.00, -9999.00, -9999.00, 0.00, -9999.00, -9999.00
54, 8, LOC_CITY_NAME_HEIDELBERG, 1.00, -9999.00, -9999.00, -9999.00, -9999.00, -9999.00, -9999.00, -9999.00, -9999.00, -9999.00, -9999.00
54, 8, LOC_CITY_NAME_PRESLAV, -9999.00, -9999.00, -9999.00, -9999.00, -9999.00, -9999.00, -9999.00, -9999.00, 0.00, -9999.00, -9999.00
54, 8, LOC_CITY_NAME_METHONE, 1.00, -9999.00, -9999.00, -9999.00, -9999.00, -9999.00, -9999.00, -9999.00, -9999.00, -9999.00, -9999.00
54, 8, LOC_CITY_NAME_AKHETATEN, 0.00, -9999.00, 2092.64, -9999.00, -9999.00, -9999.00, -9999.00, -9999.00, -9999.00, -9999.00, 823.47
54, 8, LOC_CITY_NAME_BUENOS_AIRES, 1.00, -9999.00, -9999.00, -9999.00, -9999.00, -9999.00, -9999.00, -9999.00, -9999.00, -9999.00, -9999.00
54, 8, LOC_CITY_NAME_BABYLON, -9999.00, -9999.00, -9999.00, -9999.00, -9999.00, -9999.00, -9999.00, -9999.00, 0.00, -9999.00, -9999.00
54, 8, LOC_CITY_NAME_QASR_IBRIM, 2.00, -9999.00, 2092.64, -9999.00, -9999.00, -9999.00, -9999.00, -9999.00, -9999.00, -9999.00, -9999.00
54, 8, LOC_CITY_NAME_HEH, 2.00, -9999.00, -9999.00, -9999.00, -9999.00, 212.36, -9999.00, -9999.00, -9999.00, -9999.00, 200.00
54, 8, LOC_CITY_DONG_HOI, -9999.00, -9999.00, -9999.00, -9999.00, -9999.00, -9999.00, -9999.00, -9999.00, -9999.00, -9999.00, -9999.00
54, 8, LOC_CITY_NAME_SHAAT, 2.00, -9999.00, -9999.00, -9999.00, -9999.00, 94.38, -9999.00, -9999.00, -9999.00, -9999.00, -9999.00
54, 8, LOC_CITY_NAME_SEDEINGA, 2.00, -9999.00, 2092.64, -9999.00, 0.00, 283.17, -9999.00, -9999.00, -9999.00, -9999.00, 1677.33
54, 8, LOC_CITY_NAME_BRUNDISIUM, 1.00, -9999.00, -9999.00, -9999.00, -9999.00, -9999.00, -9999.00, -9999.00, -9999.00, -9999.00, -9999.00
54, 8, LOC_CITY_NAME_PORTO_ALEGRE, 3.00, -9999.00, -9999.00, -9999.00, -9999.00, -9999.00, -9999.00, -9999.00, -9999.00, -9999.00, -9999.00
54, 8, LOC_CITY_NAME_MAINZ, 1.00, -9999.00, 66.54, 149.41, -9999.00, -9999.00, -9999.00, -9999.00, -9999.00, -9999.00, -9999.00
54, 8, LOC_CITY_NAME_NURI, 2.00, -9999.00, -9999.00, -9999.00, 0.00, -9999.00, -9999.00, -9999.00, -9999.00, -9999.00, -9999.00
54, 8, LOC_CITY_NAME_YEREVAN, -9999.00, -9999.00, -9999.00, -9999.00, -9999.00, -9999.00, -9999.00, -9999.00, 0.00, -9999.00, -9999.00
54, 8, LOC_CITY_NAME_HATTUSA, -9999.00, -9999.00, -9999.00, -9999.00, -9999.00, -9999.00, -9999.00, -9999.00, 0.00, -9999.00, -9999.00
54, 8, LOC_CITY_CAN_THO, -9999.00, -9999.00, -9999.00, -9999.00, -9999.00, -9999.00, -9999.00, -9999.00, -9999.00, -9999.00, -9999.00
54, 8, LOC_CITY_NAME_SHEDET, 0.00, -9999.00, -9999.00, -9999.00, -9999.00, -9999.00, -9999.00, -9999.00, -9999.00, -9999.00, -9999.00
54, 8, LOC_CITY_NAME_VILNIUS, -9999.00, -9999.00, -9999.00, -9999.00, -9999.00, -9999.00, -9999.00, -9999.00, -9999.00, -9999.00, -9999.00
54, 8, LOC_CITY_NAME_SETIA, 1.00, -9999.00, -9999.00, -9999.00, -9999.00, -9999.00, -9999.00, -9999.00, -9999.00, -9999.00, -9999.00
54, 8, LOC_CITY_NAME_BERLIN, 1.00, -9999.00, -9999.00, -9999.00, -9999.00, -9999.00, -9999.00, -9999.00, -9999.00, -9999.00, -9999.00
54, 8, LOC_CITY_NAME_NEKHEN, 0.00, -9999.00, 2092.64, -9999.00, -9999.00, 232.04, -9999.00, -9999.00, -9999.00, -9999.00, 1271.98
54, 8, LOC_CITY_NAME_RA_KEDET, 0.00, -9999.00, -9999.00, -9999.00, -9999.00, 208.04, -9999.00, -9999.00, -9999.00, -9999.00, 1949.33
54, 9, LOC_CITY_HA_NOI, 5.00, -9999.00, 371.42, -9999.00, -9999.00, -9999.00, -9999.00, -9999.00, -9999.00, -9999.00, -9999.00
54, 9, LOC_CITY_NAME_AACHEN, 2.00, -9999.00, 371.42, 149.41, -9999.00, -9999.00, -9999.00, -9999.00, -9999.00, -9999.00, -9999.00
54, 9, LOC_CITY_NAME_RIO_DE_JANEIRO, 4.00, -9999.00, -9999.00, -9999.00, -9999.00, 242.79, -9999.00, -9999.00, -9999.00, -9999.00, -9999.00
54, 9, LOC_CITY_NAME_PELLA, 2.00, -9999.00, -9999.00, -9999.00, 115.94, 141.70, -9999.00, -9999.00, -9999.00, -9999.00, -9999.00
54, 9, LOC_CITY_NAME_ROME, -9999.00, -9999.00, -9999.00, -9999.00, -9999.00, -9999.00, -9999.00, -9999.00, -9999.00, -9999.00, -9999.00
54, 9, LOC_CITY_HUE, 5.00, -9999.00, -9999.00, -9999.00, -9999.00, -9999.00, -9999.00, -9999.00, -9999.00, -9999.00, -9999.00
54, 9, LOC_CITY_NAME_SAO_PAULO, 4.00, -9999.00, 119.89, -9999.00, -9999.00, -9999.00, -9999.00, -9999.00, -9999.00, -9999.00, -9999.00
54, 9, LOC_CITY_NAME_ALEXANDRIA_TROAS, 2.00, -9999.00, -9999.00, -9999.00, -9999.00, -9999.00, -9999.00, -9999.00, -9999.00, -9999.00, -9999.00
54, 9, LOC_CITY_NAME_ARRETIUM, -9999.00, -9999.00, -9999.00, -9999.00, -9999.00, -9999.00, -9999.00, -9999.00, -9999.00, -9999.00, -9999.00
54, 9, LOC_CITY_QUANG_TRI, 5.00, -9999.00, 371.42, -9999.00, 115.94, -9999.00, -9999.00, -9999.00, -9999.00, -9999.00, -9999.00
54, 9, LOC_CITY_NAME_MAGDEBURG, 2.00, -9999.00, 371.42, 149.41, -9999.00, -9999.00, -9999.00, -9999.00, -9999.00, -9999.00, -9999.00
54, 9, LOC_CITY_NAME_ARPINUM, -9999.00, -9999.00, -9999.00, -9999.00, -9999.00, -9999.00, -9999.00, -9999.00, -9999.00, -9999.00, -9999.00
54, 9, LOC_CITY_NAME_FORTALEZA, 4.00, -9999.00, -9999.00, -9999.00, -9999.00, -9999.00, -9999.00, -9999.00, -9999.00, -9999.00, -9999.00
54, 9, LOC_CITY_NAME_CHALKIDIKI, 2.00, -9999.00, -9999.00, -9999.00, -9999.00, -9999.00, -9999.00, -9999.00, -9999.00, -9999.00, -9999.00
54, 9, LOC_CITY_NAME_COLOGNE, 2.00, -9999.00, 371.42, 149.41, 0.00, -9999.00, -9999.00, -9999.00, -9999.00, -9999.00, -9999.00
54, 9, LOC_CITY_HOI_AN, 5.00, -9999.00, -9999.00, -9999.00, -9999.00, -9999.00, -9999.00, -9999.00, -9999.00, -9999.00, -9999.00
54, 9, LOC_CITY_NAME_LUGDUNUM, -9999.00, -9999.00, -9999.00, -9999.00, -9999.00, -9999.00, -9999.00, -9999.00, -9999.00, -9999.00, -9999.00
54, 9, LOC_CITY_NAME_KERMA, 3.00, -9999.00, 371.42, -9999.00, 0.00, -9999.00, -9999.00, -9999.00, -9999.00, -9999.00, 2696.06
54, 9, LOC_CITY_NAME_BABYLON_STK, 3.00, -9999.00, 371.42, -9999.00, -9999.00, -9999.00, -9999.00, -9999.00, -9999.00, -9999.00, 2456.72
54, 9, LOC_CITY_NAME_ALEXANDRIA_LATMUS, 2.00, -9999.00, -9999.00, -9999.00, -9999.00, -9999.00, -9999.00, -9999.00, -9999.00, -9999.00, -9999.00
54, 9, LOC_CITY_NAME_PATNA, 1.00, -9999.00, -9999.00, 149.41, -9999.00, 346.76, -9999.00, -9999.00, -9999.00, -9999.00, 2257.24
54, 9, LOC_CITY_NAME_CURITIBA, 4.00, -9999.00, -9999.00, 149.41, -9999.00, -9999.00, -9999.00, -9999.00, -9999.00, -9999.00, -9999.00
54, 9, LOC_CITY_NAME_LISBON, -9999.00, -9999.00, -9999.00, -9999.00, -9999.00, -9999.00, -9999.00, -9999.00, 0.00, -9999.00, -9999.00
54, 9, LOC_CITY_NAME_SWENETT, 1.00, -9999.00, 371.42, -9999.00, -9999.00, 352.73, -9999.00, -9999.00, -9999.00, -9999.00, 1355.17
54, 9, LOC_CITY_NAME_BORSIPPA, 3.00, -9999.00, 371.42, -9999.00, 115.94, 267.34, -9999.00, -9999.00, -9999.00, -9999.00, 75.70
54, 9, LOC_CITY_NAME_KARKAR, 3.00, -9999.00, 371.42, -9999.00, -9999.00, 267.34, -9999.00, -9999.00, -9999.00, -9999.00, 179.50
54, 9, LOC_CITY_NAME_MEROE, 3.00, -9999.00, 371.42, -9999.00, -9999.00, 483.46, -9999.00, -9999.00, -9999.00, -9999.00, 3198.16
54, 9, LOC_CITY_NAME_CUMAE, -9999.00, -9999.00, -9999.00, -9999.00, -9999.00, -9999.00, -9999.00, -9999.00, -9999.00, -9999.00, -9999.00
54, 9, LOC_CITY_NAME_KUMASI, -9999.00, -9999.00, -9999.00, -9999.00, -9999.00, -9999.00, -9999.00, -9999.00, 0.00, -9999.00, -9999.00
54, 9, LOC_CITY_NAME_MEMPHIS, 1.00, -9999.00, 371.42, -9999.00, -9999.00, 205.64, -9999.00, -9999.00, -9999.00, -9999.00, 1356.52
54, 9, LOC_CITY_NAME_JOHANNESBURG, -9999.00, -9999.00, -9999.00, -9999.00, -9999.00, -9999.00, -9999.00, -9999.00, 0.00, -9999.00, -9999.00
54, 9, LOC_CITY_HOA_LU, 5.00, -9999.00, -9999.00, -9999.00, -9999.00, -9999.00, -9999.00, -9999.00, -9999.00, -9999.00, -9999.00
54, 9, LOC_CITY_NAME_DORTMUND, 2.00, -9999.00, -9999.00, 149.41, -9999.00, -9999.00, -9999.00, -9999.00, -9999.00, -9999.00, -9999.00
54, 9, LOC_CITY_NAME_FEZ, 2.00, -9999.00, -9999.00, -9999.00, -9999.00, -9999.00, -9999.00, -9999.00, -9999.00, -9999.00, -9999.00
54, 9, LOC_CITY_NAME_KAWA, 3.00, -9999.00, 371.42, -9999.00, -9999.00, 202.18, -9999.00, -9999.00, -9999.00, -9999.00, 1504.32
54, 9, LOC_CITY_NAME_JERUSALEM, 4.00, -9999.00, -9999.00, -9999.00, -9999.00, -9999.00, -9999.00, -9999.00, -9999.00, -9999.00, -9999.00
54, 9, LOC_CITY_NAME_SALVADOR, 4.00, -9999.00, 119.89, -9999.00, -9999.00, -9999.00, -9999.00, -9999.00, -9999.00, -9999.00, -9999.00
54, 9, LOC_CITY_NAME_EL_KURRU, 3.00, -9999.00, 371.42, -9999.00, -9999.00, 167.01, -9999.00, -9999.00, -9999.00, -9999.00, -9999.00
54, 9, LOC_CITY_NAME_VATICAN_CITY, -9999.00, -9999.00, -9999.00, -9999.00, -9999.00, -9999.00, -9999.00, -9999.00, 0.00, -9999.00, -9999.00
54, 9, LOC_CITY_NAME_HEIDELBERG, 2.00, -9999.00, -9999.00, -9999.00, -9999.00, -9999.00, -9999.00, -9999.00, -9999.00, -9999.00, -9999.00
54, 9, LOC_CITY_NAME_PRESLAV, -9999.00, -9999.00, -9999.00, -9999.00, -9999.00, -9999.00, -9999.00, -9999.00, 0.00, -9999.00, -9999.00
54, 9, LOC_CITY_NAME_METHONE, 2.00, -9999.00, -9999.00, -9999.00, -9999.00, -9999.00, -9999.00, -9999.00, -9999.00, -9999.00, -9999.00
54, 9, LOC_CITY_NAME_AKHETATEN, 1.00, -9999.00, 371.42, -9999.00, -9999.00, -9999.00, -9999.00, -9999.00, -9999.00, -9999.00, 818.66
54, 9, LOC_CITY_NAME_BUENOS_AIRES, 2.00, -9999.00, -9999.00, -9999.00, -9999.00, -9999.00, -9999.00, -9999.00, -9999.00, -9999.00, -9999.00
54, 9, LOC_CITY_NAME_BABYLON, -9999.00, -9999.00, -9999.00, -9999.00, -9999.00, -9999.00, -9999.00, -9999.00, 0.00, -9999.00, -9999.00
54, 9, LOC_CITY_NAME_QASR_IBRIM, 3.00, -9999.00, 371.42, -9999.00, -9999.00, -9999.00, -9999.00, -9999.00, -9999.00, -9999.00, -9999.00
54, 9, LOC_CITY_NAME_HEH, 3.00, -9999.00, -9999.00, -9999.00, -9999.00, 237.32, -9999.00, -9999.00, -9999.00, -9999.00, 200.00
54, 9, LOC_CITY_DONG_HOI, 5.00, -9999.00, 371.42, -9999.00, -9999.00, -9999.00, -9999.00, -9999.00, -9999.00, -9999.00, -9999.00
54, 9, LOC_CITY_NAME_SHAAT, 3.00, -9999.00, -9999.00, -9999.00, -9999.00, 105.47, -9999.00, -9999.00, -9999.00, -9999.00, -9999.00
54, 9, LOC_CITY_NAME_SEDEINGA, 3.00, -9999.00, 371.42, -9999.00, 0.00, 316.45, -9999.00, -9999.00, -9999.00, -9999.00, 1677.55
54, 9, LOC_CITY_NAME_BRUNDISIUM, -9999.00, -9999.00, -9999.00, -9999.00, -9999.00, -9999.00, -9999.00, -9999.00, -9999.00, -9999.00, -9999.00
54, 9, LOC_CITY_NAME_PORTO_ALEGRE, 4.00, -9999.00, 119.89, -9999.00, -9999.00, -9999.00, -9999.00, -9999.00, -9999.00, -9999.00, -9999.00
54, 9, LOC_CITY_NAME_MAINZ, 2.00, -9999.00, 371.42, 149.41, -9999.00, -9999.00, -9999.00, -9999.00, -9999.00, -9999.00, -9999.00
54, 9, LOC_CITY_NAME_NURI, 3.00, -9999.00, -9999.00, -9999.00, 0.00, -9999.00, -9999.00, -9999.00, -9999.00, -9999.00, -9999.00
54, 9, LOC_CITY_NAME_YEREVAN, -9999.00, -9999.00, -9999.00, -9999.00, -9999.00, -9999.00, -9999.00, -9999.00, 0.00, -9999.00, -9999.00
54, 9, LOC_CITY_CAN_THO, 5.00, -9999.00, -9999.00, -9999.00, -9999.00, -9999.00, -9999.00, -9999.00, -9999.00, -9999.00, -9999.00
54, 9, LOC_CITY_NAME_HATTUSA, -9999.00, -9999.00, -9999.00, -9999.00, -9999.00, -9999.00, -9999.00, -9999.00, 0.00, -9999.00, -9999.00
54, 9, LOC_CITY_NAME_VILNIUS, 5.00, -9999.00, -9999.00, -9999.00, -9999.00, -9999.00, -9999.00, -9999.00, -9999.00, -9999.00, -9999.00
54, 9, LOC_CITY_NAME_SHEDET, 1.00, -9999.00, -9999.00, -9999.00, -9999.00, -9999.00, -9999.00, -9999.00, -9999.00, -9999.00, -9999.00
54, 9, LOC_CITY_NAME_SETIA, -9999.00, -9999.00, -9999.00, -9999.00, -9999.00, -9999.00, -9999.00, -9999.00, -9999.00, -9999.00, -9999.00
54, 9, LOC_CITY_NAME_BERLIN, 2.00, -9999.00, -9999.00, -9999.00, -9999.00, -9999.00, -9999.00, -9999.00, -9999.00, -9999.00, -9999.00
54, 9, LOC_CITY_NAME_NEKHEN, 1.00, -9999.00, 371.42, -9999.00, -9999.00, 259.31, -9999.00, -9999.00, -9999.00, -9999.00, 1261.31
54, 9, LOC_CITY_NAME_RA_KEDET, 1.00, -9999.00, -9999.00, -9999.00, -9999.00, 232.49, -9999.00, -9999.00, -9999.00, -9999.00, 1961.09
55, 5, LOC_CITY_NAME_PELLA, -9999.00, -9999.00, -9999.00, -9999.00, -9999.00, -9999.00, -9999.00, -9999.00, -9999.00, -9999.00, -9999.00
55, 5, LOC_CITY_NAME_ROME, 4.00, -9999.00, 49.53, -9999.00, -9999.00, -9999.00, -9999.00, -9999.00, -9999.00, -9999.00, -9999.00
55, 5, LOC_CITY_HA_NOI, 4.00, -9999.00, 362.02, -9999.00, -9999.00, -9999.00, -9999.00, -9999.00, -9999.00, -9999.00, -9999.00
55, 5, LOC_CITY_NAME_AACHEN, 4.00, -9999.00, 362.02, 136.72, -9999.00, -9999.00, -9999.00, -9999.00, -9999.00, -9999.00, -9999.00
55, 5, LOC_CITY_NAME_RIO_DE_JANEIRO, 4.00, -9999.00, -9999.00, -9999.00, -9999.00, 217.26, -9999.00, -9999.00, -9999.00, -9999.00, -9999.00
55, 5, LOC_CITY_HUE, 4.00, -9999.00, -9999.00, -9999.00, -9999.00, -9999.00, -9999.00, -9999.00, -9999.00, -9999.00, -9999.00
55, 5, LOC_CITY_NAME_ALEXANDRIA_TROAS, -9999.00, -9999.00, -9999.00, -9999.00, -9999.00, -9999.00, -9999.00, -9999.00, -9999.00, -9999.00, -9999.00
55, 5, LOC_CITY_NAME_SAO_PAULO, 4.00, -9999.00, 104.31, -9999.00, -9999.00, -9999.00, -9999.00, -9999.00, -9999.00, -9999.00, -9999.00
55, 5, LOC_CITY_NAME_ARRETIUM, 4.00, -9999.00, 49.53, -9999.00, 135.94, -9999.00, -9999.00, -9999.00, -9999.00, -9999.00, -9999.00
55, 5, LOC_CITY_QUANG_TRI, 4.00, -9999.00, 362.02, -9999.00, 135.94, -9999.00, -9999.00, -9999.00, -9999.00, -9999.00, -9999.00
55, 5, LOC_CITY_NAME_MAGDEBURG, 4.00, -9999.00, 362.02, 136.72, -9999.00, -9999.00, -9999.00, -9999.00, -9999.00, -9999.00, -9999.00
55, 5, LOC_CITY_NAME_ARPINUM, 4.00, -9999.00, 49.53, -9999.00, -9999.00, -9999.00, -9999.00, -9999.00, -9999.00, -9999.00, -9999.00
55, 5, LOC_CITY_NAME_CHALKIDIKI, -9999.00, -9999.00, -9999.00, -9999.00, -9999.00, -9999.00, -9999.00, -9999.00, -9999.00, -9999.00, -9999.00
55, 5, LOC_CITY_NAME_FORTALEZA, 4.00, -9999.00, -9999.00, -9999.00, -9999.00, -9999.00, -9999.00, -9999.00, -9999.00, -9999.00, -9999.00
55, 5, LOC_CITY_NAME_COLOGNE, 4.00, -9999.00, 362.02, 136.72, 0.00, -9999.00, -9999.00, -9999.00, -9999.00, -9999.00, -9999.00
55, 5, LOC_CITY_NAME_KERMA, 3.00, -9999.00, 362.02, -9999.00, 0.00, -9999.00, -9999.00, -9999.00, -9999.00, -9999.00, 2861.20
55, 5, LOC_CITY_HOI_AN, 4.00, -9999.00, -9999.00, -9999.00, -9999.00, -9999.00, -9999.00, -9999.00, -9999.00, -9999.00, -9999.00
55, 5, LOC_CITY_NAME_LUGDUNUM, 4.00, -9999.00, -9999.00, -9999.00, -9999.00, -9999.00, -9999.00, -9999.00, -9999.00, -9999.00, -9999.00
55, 5, LOC_CITY_NAME_BABYLON_STK, 3.00, -9999.00, 362.02, -9999.00, -9999.00, -9999.00, -9999.00, -9999.00, -9999.00, -9999.00, 2746.74
55, 5, LOC_CITY_NAME_PATNA, 3.00, -9999.00, -9999.00, 136.72, -9999.00, 327.88, -9999.00, -9999.00, -9999.00, -9999.00, 2543.59
55, 5, LOC_CITY_NAME_ALEXANDRIA_LATMUS, -9999.00, -9999.00, -9999.00, -9999.00, -9999.00, -9999.00, -9999.00, -9999.00, -9999.00, -9999.00, -9999.00
55, 5, LOC_CITY_NAME_CURITIBA, 4.00, -9999.00, -9999.00, 136.72, -9999.00, -9999.00, -9999.00, -9999.00, -9999.00, -9999.00, -9999.00
55, 5, LOC_CITY_NAME_LISBON, -9999.00, -9999.00, -9999.00, -9999.00, -9999.00, -9999.00, -9999.00, -9999.00, 0.00, -9999.00, -9999.00
55, 5, LOC_CITY_NAME_SWENETT, 1.00, -9999.00, 362.02, -9999.00, -9999.00, 315.64, -9999.00, -9999.00, -9999.00, -9999.00, 1689.00
55, 5, LOC_CITY_NAME_BORSIPPA, 3.00, -9999.00, 362.02, -9999.00, 135.94, 277.26, -9999.00, -9999.00, -9999.00, -9999.00, 0.00
55, 5, LOC_CITY_NAME_KARKAR, 3.00, -9999.00, 362.02, -9999.00, -9999.00, 281.95, -9999.00, -9999.00, -9999.00, -9999.00, 363.50
55, 5, LOC_CITY_NAME_CUMAE, 4.00, -9999.00, -9999.00, -9999.00, -9999.00, -9999.00, -9999.00, -9999.00, -9999.00, -9999.00, -9999.00
55, 5, LOC_CITY_NAME_MEROE, 3.00, -9999.00, 362.02, -9999.00, 0.00, 456.22, -9999.00, -9999.00, -9999.00, -9999.00, 3685.66
55, 5, LOC_CITY_NAME_KUMASI, -9999.00, -9999.00, -9999.00, -9999.00, -9999.00, -9999.00, -9999.00, -9999.00, 0.00, -9999.00, -9999.00
55, 5, LOC_CITY_NAME_MEMPHIS, 1.00, -9999.00, 362.02, -9999.00, -9999.00, 200.05, -9999.00, -9999.00, -9999.00, -9999.00, 1585.21
55, 5, LOC_CITY_NAME_JOHANNESBURG, -9999.00, -9999.00, -9999.00, -9999.00, -9999.00, -9999.00, -9999.00, -9999.00, 0.00, -9999.00, -9999.00
55, 5, LOC_CITY_HOA_LU, 4.00, -9999.00, -9999.00, -9999.00, -9999.00, -9999.00, -9999.00, -9999.00, -9999.00, -9999.00, -9999.00
55, 5, LOC_CITY_NAME_DORTMUND, 4.00, -9999.00, -9999.00, 136.72, -9999.00, -9999.00, -9999.00, -9999.00, -9999.00, -9999.00, -9999.00
55, 5, LOC_CITY_NAME_FEZ, -9999.00, -9999.00, -9999.00, -9999.00, -9999.00, -9999.00, -9999.00, -9999.00, -9999.00, -9999.00, -9999.00
55, 5, LOC_CITY_NAME_KAWA, 3.00, -9999.00, 362.02, -9999.00, -9999.00, 180.92, -9999.00, -9999.00, -9999.00, -9999.00, 1521.95
55, 5, LOC_CITY_NAME_EL_KURRU, 3.00, -9999.00, 362.02, -9999.00, -9999.00, 149.45, -9999.00, -9999.00, -9999.00, -9999.00, -9999.00
55, 5, LOC_CITY_NAME_VATICAN_CITY, -9999.00, -9999.00, -9999.00, -9999.00, -9999.00, -9999.00, -9999.00, -9999.00, 0.00, -9999.00, -9999.00
55, 5, LOC_CITY_NAME_JERUSALEM, 4.00, -9999.00, -9999.00, -9999.00, -9999.00, -9999.00, -9999.00, -9999.00, -9999.00, -9999.00, -9999.00
55, 5, LOC_CITY_NAME_SALVADOR, 4.00, -9999.00, 104.31, -9999.00, -9999.00, -9999.00, -9999.00, -9999.00, -9999.00, -9999.00, -9999.00
55, 5, LOC_CITY_NAME_PRESLAV, -9999.00, -9999.00, -9999.00, -9999.00, -9999.00, -9999.00, -9999.00, -9999.00, 0.00, -9999.00, -9999.00
55, 5, LOC_CITY_NAME_HEIDELBERG, 4.00, -9999.00, -9999.00, -9999.00, -9999.00, -9999.00, -9999.00, -9999.00, -9999.00, -9999.00, -9999.00
55, 5, LOC_CITY_NAME_AKHETATEN, 1.00, -9999.00, 362.02, -9999.00, -9999.00, -9999.00, -9999.00, -9999.00, -9999.00, -9999.00, 1206.55
55, 5, LOC_CITY_NAME_METHONE, -9999.00, -9999.00, -9999.00, -9999.00, -9999.00, -9999.00, -9999.00, -9999.00, -9999.00, -9999.00, -9999.00
55, 5, LOC_CITY_NAME_BUENOS_AIRES, -9999.00, -9999.00, -9999.00, -9999.00, -9999.00, -9999.00, -9999.00, -9999.00, -9999.00, -9999.00, -9999.00
55, 5, LOC_CITY_NAME_BABYLON, -9999.00, -9999.00, -9999.00, -9999.00, -9999.00, -9999.00, -9999.00, -9999.00, 0.00, -9999.00, -9999.00
55, 5, LOC_CITY_NAME_QASR_IBRIM, 3.00, -9999.00, 362.02, -9999.00, -9999.00, -9999.00, -9999.00, -9999.00, -9999.00, -9999.00, -9999.00
55, 5, LOC_CITY_NAME_HEH, 3.00, -9999.00, -9999.00, -9999.00, -9999.00, 212.36, -9999.00, -9999.00, -9999.00, -9999.00, 200.00
55, 5, LOC_CITY_NAME_SHAAT, 3.00, -9999.00, -9999.00, -9999.00, -9999.00, 94.38, -9999.00, -9999.00, -9999.00, -9999.00, -9999.00
55, 5, LOC_CITY_NAME_SEDEINGA, 3.00, -9999.00, 362.02, -9999.00, 0.00, 283.17, -9999.00, -9999.00, -9999.00, -9999.00, 1829.25
55, 5, LOC_CITY_DONG_HOI, 4.00, -9999.00, 362.02, -9999.00, -9999.00, -9999.00, -9999.00, -9999.00, -9999.00, -9999.00, -9999.00
55, 5, LOC_CITY_NAME_BRUNDISIUM, 4.00, -9999.00, -9999.00, -9999.00, -9999.00, -9999.00, -9999.00, -9999.00, -9999.00, -9999.00, -9999.00
55, 5, LOC_CITY_NAME_PORTO_ALEGRE, 4.00, -9999.00, 104.31, -9999.00, -9999.00, -9999.00, -9999.00, -9999.00, -9999.00, -9999.00, -9999.00
55, 5, LOC_CITY_NAME_NURI, 3.00, -9999.00, -9999.00, -9999.00, 0.00, -9999.00, -9999.00, -9999.00, -9999.00, -9999.00, -9999.00
55, 5, LOC_CITY_NAME_MAINZ, 4.00, -9999.00, 362.02, 136.72, -9999.00, -9999.00, -9999.00, -9999.00, -9999.00, -9999.00, -9999.00
55, 5, LOC_CITY_NAME_YEREVAN, -9999.00, -9999.00, -9999.00, -9999.00, -9999.00, -9999.00, -9999.00, -9999.00, 0.00, -9999.00, -9999.00
55, 5, LOC_CITY_NAME_HATTUSA, -9999.00, -9999.00, -9999.00, -9999.00, -9999.00, -9999.00, -9999.00, -9999.00, 0.00, -9999.00, -9999.00
55, 5, LOC_CITY_CAN_THO, 4.00, -9999.00, -9999.00, -9999.00, -9999.00, -9999.00, -9999.00, -9999.00, -9999.00, -9999.00, -9999.00
55, 5, LOC_CITY_NAME_SHEDET, 1.00, -9999.00, -9999.00, -9999.00, -9999.00, -9999.00, -9999.00, -9999.00, -9999.00, -9999.00, -9999.00
55, 5, LOC_CITY_NAME_SETIA, 4.00, -9999.00, -9999.00, -9999.00, -9999.00, -9999.00, -9999.00, -9999.00, -9999.00, -9999.00, -9999.00
55, 5, LOC_CITY_NAME_VILNIUS, 4.00, -9999.00, -9999.00, -9999.00, -9999.00, -9999.00, -9999.00, -9999.00, -9999.00, -9999.00, -9999.00
55, 5, LOC_CITY_NAME_NEKHEN, 1.00, -9999.00, 362.02, -9999.00, -9999.00, 232.04, -9999.00, -9999.00, -9999.00, -9999.00, 1368.97
55, 5, LOC_CITY_NAME_RA_KEDET, 1.00, -9999.00, -9999.00, -9999.00, -9999.00, 240.04, -9999.00, -9999.00, -9999.00, -9999.00, 2398.53
55, 5, LOC_CITY_NAME_BERLIN, 4.00, -9999.00, -9999.00, -9999.00, -9999.00, -9999.00, -9999.00, -9999.00, -9999.00, -9999.00, -9999.00
55, 6, LOC_CITY_NAME_PELLA, 1.00, -9999.00, -9999.00, -9999.00, 115.94, 135.75, -9999.00, -9999.00, -9999.00, -9999.00, -9999.00
55, 6, LOC_CITY_NAME_RIO_DE_JANEIRO, -9999.00, -9999.00, -9999.00, -9999.00, -9999.00, -9999.00, -9999.00, -9999.00, -9999.00, -9999.00, -9999.00
55, 6, LOC_CITY_NAME_ROME, 1.00, -9999.00, 0.00, -9999.00, -9999.00, -9999.00, -9999.00, -9999.00, -9999.00, -9999.00, -9999.00
55, 6, LOC_CITY_HA_NOI, 1.00, -9999.00, 362.02, -9999.00, -9999.00, -9999.00, -9999.00, -9999.00, -9999.00, -9999.00, -9999.00
55, 6, LOC_CITY_NAME_AACHEN, 1.00, -9999.00, 362.02, 399.41, -9999.00, -9999.00, -9999.00, -9999.00, -9999.00, -9999.00, -9999.00
55, 6, LOC_CITY_HUE, 1.00, -9999.00, -9999.00, -9999.00, -9999.00, -9999.00, -9999.00, -9999.00, -9999.00, -9999.00, -9999.00
55, 6, LOC_CITY_NAME_ALEXANDRIA_TROAS, 1.00, -9999.00, -9999.00, -9999.00, -9999.00, -9999.00, -9999.00, -9999.00, -9999.00, -9999.00, -9999.00
55, 6, LOC_CITY_NAME_SAO_PAULO, -9999.00, -9999.00, -9999.00, -9999.00, -9999.00, -9999.00, -9999.00, -9999.00, -9999.00, -9999.00, -9999.00
55, 6, LOC_CITY_NAME_ARRETIUM, 1.00, -9999.00, 0.00, -9999.00, 115.94, -9999.00, -9999.00, -9999.00, -9999.00, -9999.00, -9999.00
55, 6, LOC_CITY_QUANG_TRI, 1.00, -9999.00, 362.02, -9999.00, 115.94, -9999.00, -9999.00, -9999.00, -9999.00, -9999.00, -9999.00
55, 6, LOC_CITY_NAME_MAGDEBURG, 1.00, -9999.00, 362.02, 399.41, -9999.00, -9999.00, -9999.00, -9999.00, -9999.00, -9999.00, -9999.00
55, 6, LOC_CITY_NAME_ARPINUM, 1.00, -9999.00, 0.00, -9999.00, -9999.00, -9999.00, -9999.00, -9999.00, -9999.00, -9999.00, -9999.00
55, 6, LOC_CITY_NAME_CHALKIDIKI, 1.00, -9999.00, -9999.00, -9999.00, -9999.00, -9999.00, -9999.00, -9999.00, -9999.00, -9999.00, -9999.00
55, 6, LOC_CITY_NAME_FORTALEZA, -9999.00, -9999.00, -9999.00, -9999.00, -9999.00, -9999.00, -9999.00, -9999.00, -9999.00, -9999.00, -9999.00
55, 6, LOC_CITY_NAME_COLOGNE, 1.00, -9999.00, 362.02, 399.41, 0.00, -9999.00, -9999.00, -9999.00, -9999.00, -9999.00, -9999.00
55, 6, LOC_CITY_NAME_KERMA, 0.00, -9999.00, 362.02, -9999.00, 0.00, -9999.00, -9999.00, -9999.00, -9999.00, -9999.00, 2791.77
55, 6, LOC_CITY_HOI_AN, 1.00, -9999.00, -9999.00, -9999.00, -9999.00, -9999.00, -9999.00, -9999.00, -9999.00, -9999.00, -9999.00
55, 6, LOC_CITY_NAME_LUGDUNUM, 1.00, -9999.00, -9999.00, -9999.00, -9999.00, -9999.00, -9999.00, -9999.00, -9999.00, -9999.00, -9999.00
55, 6, LOC_CITY_NAME_BABYLON_STK, 0.00, -9999.00, 362.02, -9999.00, -9999.00, -9999.00, -9999.00, -9999.00, -9999.00, -9999.00, 2451.28
55, 6, LOC_CITY_NAME_ALEXANDRIA_LATMUS, 1.00, -9999.00, -9999.00, -9999.00, -9999.00, -9999.00, -9999.00, -9999.00, -9999.00, -9999.00, -9999.00
55, 6, LOC_CITY_NAME_PATNA, 0.00, -9999.00, -9999.00, 399.41, -9999.00, 327.88, -9999.00, -9999.00, -9999.00, -9999.00, 2465.41
55, 6, LOC_CITY_NAME_CURITIBA, -9999.00, -9999.00, -9999.00, -9999.00, -9999.00, -9999.00, -9999.00, -9999.00, -9999.00, -9999.00, -9999.00
55, 6, LOC_CITY_NAME_LISBON, -9999.00, -9999.00, -9999.00, -9999.00, -9999.00, -9999.00, -9999.00, -9999.00, 0.00, -9999.00, -9999.00
55, 6, LOC_CITY_NAME_SWENETT, 0.00, -9999.00, 362.02, -9999.00, -9999.00, 315.64, -9999.00, -9999.00, -9999.00, -9999.00, 1403.25
55, 6, LOC_CITY_NAME_BORSIPPA, 0.00, -9999.00, 362.02, -9999.00, 115.94, 277.26, -9999.00, -9999.00, -9999.00, -9999.00, 0.00
55, 6, LOC_CITY_NAME_KARKAR, 0.00, -9999.00, 362.02, -9999.00, -9999.00, 281.95, -9999.00, -9999.00, -9999.00, -9999.00, 176.44
55, 6, LOC_CITY_NAME_CUMAE, 1.00, -9999.00, -9999.00, -9999.00, -9999.00, -9999.00, -9999.00, -9999.00, -9999.00, -9999.00, -9999.00
55, 6, LOC_CITY_NAME_MEROE, 0.00, -9999.00, 362.02, -9999.00, 0.00, 456.22, -9999.00, -9999.00, -9999.00, -9999.00, 3430.39
55, 6, LOC_CITY_NAME_KUMASI, -9999.00, -9999.00, -9999.00, -9999.00, -9999.00, -9999.00, -9999.00, -9999.00, 0.00, -9999.00, -9999.00
55, 6, LOC_CITY_NAME_MEMPHIS, 0.00, -9999.00, 362.02, -9999.00, -9999.00, 200.05, -9999.00, -9999.00, -9999.00, -9999.00, 1274.00
55, 6, LOC_CITY_NAME_JOHANNESBURG, -9999.00, -9999.00, -9999.00, -9999.00, -9999.00, -9999.00, -9999.00, -9999.00, 0.00, -9999.00, -9999.00
55, 6, LOC_CITY_HOA_LU, 1.00, -9999.00, -9999.00, -9999.00, -9999.00, -9999.00, -9999.00, -9999.00, -9999.00, -9999.00, -9999.00
55, 6, LOC_CITY_NAME_DORTMUND, 1.00, -9999.00, -9999.00, 399.41, -9999.00, -9999.00, -9999.00, -9999.00, -9999.00, -9999.00, -9999.00
55, 6, LOC_CITY_NAME_FEZ, 1.00, -9999.00, -9999.00, -9999.00, -9999.00, -9999.00, -9999.00, -9999.00, -9999.00, -9999.00, -9999.00
55, 6, LOC_CITY_NAME_KAWA, 0.00, -9999.00, 362.02, -9999.00, -9999.00, 180.92, -9999.00, -9999.00, -9999.00, -9999.00, 1364.73
55, 6, LOC_CITY_NAME_JERUSALEM, -9999.00, -9999.00, -9999.00, -9999.00, -9999.00, -9999.00, -9999.00, -9999.00, -9999.00, -9999.00, -9999.00
55, 6, LOC_CITY_NAME_SALVADOR, -9999.00, -9999.00, -9999.00, -9999.00, -9999.00, -9999.00, -9999.00, -9999.00, -9999.00, -9999.00, -9999.00
55, 6, LOC_CITY_NAME_EL_KURRU, 0.00, -9999.00, 362.02, -9999.00, -9999.00, 149.45, -9999.00, -9999.00, -9999.00, -9999.00, -9999.00
55, 6, LOC_CITY_NAME_VATICAN_CITY, -9999.00, -9999.00, -9999.00, -9999.00, -9999.00, -9999.00, -9999.00, -9999.00, 0.00, -9999.00, -9999.00
55, 6, LOC_CITY_NAME_PRESLAV, -9999.00, -9999.00, -9999.00, -9999.00, -9999.00, -9999.00, -9999.00, -9999.00, 0.00, -9999.00, -9999.00
55, 6, LOC_CITY_NAME_HEIDELBERG, 1.00, -9999.00, -9999.00, -9999.00, -9999.00, -9999.00, -9999.00, -9999.00, -9999.00, -9999.00, -9999.00
55, 6, LOC_CITY_NAME_METHONE, 1.00, -9999.00, -9999.00, -9999.00, -9999.00, -9999.00, -9999.00, -9999.00, -9999.00, -9999.00, -9999.00
55, 6, LOC_CITY_NAME_AKHETATEN, 0.00, -9999.00, 362.02, -9999.00, -9999.00, -9999.00, -9999.00, -9999.00, -9999.00, -9999.00, 895.39
55, 6, LOC_CITY_NAME_BUENOS_AIRES, 1.00, -9999.00, -9999.00, -9999.00, -9999.00, -9999.00, -9999.00, -9999.00, -9999.00, -9999.00, -9999.00
55, 6, LOC_CITY_NAME_BABYLON, -9999.00, -9999.00, -9999.00, -9999.00, -9999.00, -9999.00, -9999.00, -9999.00, 0.00, -9999.00, -9999.00
55, 6, LOC_CITY_NAME_QASR_IBRIM, 0.00, -9999.00, 362.02, -9999.00, -9999.00, -9999.00, -9999.00, -9999.00, -9999.00, -9999.00, -9999.00
55, 6, LOC_CITY_NAME_HEH, 0.00, -9999.00, -9999.00, -9999.00, -9999.00, 212.36, -9999.00, -9999.00, -9999.00, -9999.00, 200.00
55, 6, LOC_CITY_NAME_SHAAT, 0.00, -9999.00, -9999.00, -9999.00, -9999.00, 94.38, -9999.00, -9999.00, -9999.00, -9999.00, -9999.00
55, 6, LOC_CITY_NAME_SEDEINGA, 0.00, -9999.00, 362.02, -9999.00, 0.00, 283.17, -9999.00, -9999.00, -9999.00, -9999.00, 1655.45
55, 6, LOC_CITY_DONG_HOI, 1.00, -9999.00, 362.02, -9999.00, -9999.00, -9999.00, -9999.00, -9999.00, -9999.00, -9999.00, -9999.00
55, 6, LOC_CITY_NAME_BRUNDISIUM, 1.00, -9999.00, -9999.00, -9999.00, -9999.00, -9999.00, -9999.00, -9999.00, -9999.00, -9999.00, -9999.00
55, 6, LOC_CITY_NAME_PORTO_ALEGRE, -9999.00, -9999.00, -9999.00, -9999.00, -9999.00, -9999.00, -9999.00, -9999.00, -9999.00, -9999.00, -9999.00
55, 6, LOC_CITY_NAME_NURI, 0.00, -9999.00, -9999.00, -9999.00, 0.00, -9999.00, -9999.00, -9999.00, -9999.00, -9999.00, -9999.00
55, 6, LOC_CITY_NAME_MAINZ, 1.00, -9999.00, 362.02, 399.41, -9999.00, -9999.00, -9999.00, -9999.00, -9999.00, -9999.00, -9999.00
55, 6, LOC_CITY_NAME_YEREVAN, -9999.00, -9999.00, -9999.00, -9999.00, -9999.00, -9999.00, -9999.00, -9999.00, 0.00, -9999.00, -9999.00
55, 6, LOC_CITY_NAME_HATTUSA, -9999.00, -9999.00, -9999.00, -9999.00, -9999.00, -9999.00, -9999.00, -9999.00, 0.00, -9999.00, -9999.00
55, 6, LOC_CITY_CAN_THO, 1.00, -9999.00, -9999.00, -9999.00, -9999.00, -9999.00, -9999.00, -9999.00, -9999.00, -9999.00, -9999.00
55, 6, LOC_CITY_NAME_SHEDET, 0.00, -9999.00, -9999.00, -9999.00, -9999.00, -9999.00, -9999.00, -9999.00, -9999.00, -9999.00, -9999.00
55, 6, LOC_CITY_NAME_SETIA, 1.00, -9999.00, -9999.00, -9999.00, -9999.00, -9999.00, -9999.00, -9999.00, -9999.00, -9999.00, -9999.00
55, 6, LOC_CITY_NAME_VILNIUS, 1.00, -9999.00, -9999.00, -9999.00, -9999.00, -9999.00, -9999.00, -9999.00, -9999.00, -9999.00, -9999.00
55, 6, LOC_CITY_NAME_NEKHEN, 0.00, -9999.00, 362.02, -9999.00, -9999.00, 232.04, -9999.00, -9999.00, -9999.00, -9999.00, 1205.53
55, 6, LOC_CITY_NAME_RA_KEDET, 0.00, -9999.00, -9999.00, -9999.00, -9999.00, 240.04, -9999.00, -9999.00, -9999.00, -9999.00, 2099.11
55, 6, LOC_CITY_NAME_BERLIN, 1.00, -9999.00, -9999.00, -9999.00, -9999.00, -9999.00, -9999.00, -9999.00, -9999.00, -9999.00, -9999.00
55, 6, LOC_CITY_NAME_CHENNAI, 0.00, -9999.00, 362.02, -9999.00, -9999.00, 323.43, -9999.00, -9999.00, -9999.00, -9999.00, 2113.84
55, 6, 7929908, MOVE TO CITY (ALREADY THERE), COMPLETE, 69:63
55, 6, 7929908, GAIN SOURCES, BEGIN, 69:63
55, 7, LOC_CITY_NAME_RIO_DE_JANEIRO, 5.00, -9999.00, -9999.00, -9999.00, -9999.00, 493.18, -9999.00, -9999.00, -9999.00, -9999.00, -9999.00
55, 7, LOC_CITY_NAME_PELLA, 3.00, -9999.00, -9999.00, -9999.00, 115.94, 135.75, -9999.00, -9999.00, -9999.00, -9999.00, -9999.00
55, 7, LOC_CITY_NAME_AACHEN, -9999.00, -9999.00, -9999.00, -9999.00, -9999.00, -9999.00, -9999.00, -9999.00, -9999.00, -9999.00, -9999.00
55, 7, LOC_CITY_NAME_ROME, 3.00, -9999.00, 0.00, -9999.00, -9999.00, -9999.00, -9999.00, -9999.00, -9999.00, -9999.00, -9999.00
55, 7, LOC_CITY_HA_NOI, 5.00, -9999.00, 757.67, -9999.00, -9999.00, -9999.00, -9999.00, -9999.00, -9999.00, -9999.00, -9999.00
55, 7, LOC_CITY_HUE, 5.00, -9999.00, -9999.00, -9999.00, -9999.00, -9999.00, -9999.00, -9999.00, -9999.00, -9999.00, -9999.00
55, 7, LOC_CITY_NAME_SAO_PAULO, 5.00, -9999.00, 94.95, 399.41, -9999.00, -9999.00, -9999.00, -9999.00, -9999.00, -9999.00, -9999.00
55, 7, LOC_CITY_NAME_ALEXANDRIA_TROAS, 3.00, -9999.00, 94.95, -9999.00, -9999.00, -9999.00, -9999.00, -9999.00, -9999.00, -9999.00, -9999.00
55, 7, LOC_CITY_NAME_ARRETIUM, 3.00, -9999.00, 0.00, -9999.00, 115.94, -9999.00, -9999.00, -9999.00, -9999.00, -9999.00, -9999.00
55, 7, LOC_CITY_NAME_MAGDEBURG, -9999.00, -9999.00, -9999.00, -9999.00, -9999.00, -9999.00, -9999.00, -9999.00, -9999.00, -9999.00, -9999.00
55, 7, LOC_CITY_QUANG_TRI, 5.00, -9999.00, 757.67, -9999.00, 115.94, -9999.00, -9999.00, -9999.00, -9999.00, -9999.00, -9999.00
55, 7, LOC_CITY_NAME_ARPINUM, 3.00, -9999.00, 0.00, -9999.00, -9999.00, -9999.00, -9999.00, -9999.00, -9999.00, -9999.00, -9999.00
55, 7, LOC_CITY_NAME_FORTALEZA, 5.00, -9999.00, -9999.00, -9999.00, -9999.00, -9999.00, -9999.00, -9999.00, -9999.00, -9999.00, -9999.00
55, 7, LOC_CITY_NAME_CHALKIDIKI, 3.00, -9999.00, 94.95, -9999.00, -9999.00, -9999.00, -9999.00, -9999.00, -9999.00, -9999.00, -9999.00
55, 7, LOC_CITY_NAME_COLOGNE, -9999.00, -9999.00, -9999.00, -9999.00, -9999.00, -9999.00, -9999.00, -9999.00, -9999.00, -9999.00, -9999.00
55, 7, LOC_CITY_NAME_KERMA, 4.00, -9999.00, 1848.54, -9999.00, 0.00, -9999.00, -9999.00, -9999.00, -9999.00, -9999.00, 2699.75
55, 7, LOC_CITY_HOI_AN, 5.00, -9999.00, -9999.00, -9999.00, -9999.00, -9999.00, -9999.00, -9999.00, -9999.00, -9999.00, -9999.00
55, 7, LOC_CITY_NAME_LUGDUNUM, 3.00, -9999.00, -9999.00, -9999.00, -9999.00, -9999.00, -9999.00, -9999.00, -9999.00, -9999.00, -9999.00
55, 7, LOC_CITY_NAME_BABYLON_STK, 4.00, -9999.00, 1848.54, -9999.00, -9999.00, -9999.00, -9999.00, -9999.00, -9999.00, -9999.00, 2449.23
55, 7, LOC_CITY_NAME_ALEXANDRIA_LATMUS, 3.00, -9999.00, 94.95, -9999.00, -9999.00, -9999.00, -9999.00, -9999.00, -9999.00, -9999.00, -9999.00
55, 7, LOC_CITY_NAME_PATNA, 2.00, -9999.00, -9999.00, -9999.00, -9999.00, 327.88, -9999.00, -9999.00, -9999.00, -9999.00, 2368.79
55, 7, LOC_CITY_NAME_CURITIBA, 5.00, -9999.00, -9999.00, -9999.00, -9999.00, -9999.00, -9999.00, -9999.00, -9999.00, -9999.00, -9999.00
55, 7, LOC_CITY_NAME_LISBON, -9999.00, -9999.00, -9999.00, -9999.00, -9999.00, -9999.00, -9999.00, -9999.00, 0.00, -9999.00, -9999.00
55, 7, LOC_CITY_NAME_SWENETT, 2.00, -9999.00, 1848.54, -9999.00, -9999.00, 315.64, -9999.00, -9999.00, -9999.00, -9999.00, 1424.58
55, 7, LOC_CITY_NAME_BORSIPPA, 4.00, -9999.00, 1848.54, -9999.00, 115.94, 277.26, -9999.00, -9999.00, -9999.00, -9999.00, 0.00
55, 7, LOC_CITY_NAME_KARKAR, 4.00, -9999.00, 1848.54, -9999.00, -9999.00, 281.95, -9999.00, -9999.00, -9999.00, -9999.00, 177.13
55, 7, LOC_CITY_NAME_CUMAE, 3.00, -9999.00, -9999.00, -9999.00, -9999.00, -9999.00, -9999.00, -9999.00, -9999.00, -9999.00, -9999.00
55, 7, LOC_CITY_NAME_MEROE, 4.00, -9999.00, 1848.54, -9999.00, 0.00, 456.22, -9999.00, -9999.00, -9999.00, -9999.00, 3259.77
55, 7, LOC_CITY_NAME_KUMASI, -9999.00, -9999.00, -9999.00, -9999.00, -9999.00, -9999.00, -9999.00, -9999.00, 0.00, -9999.00, -9999.00
55, 7, LOC_CITY_NAME_MEMPHIS, 2.00, -9999.00, 1848.54, -9999.00, -9999.00, 200.05, -9999.00, -9999.00, -9999.00, -9999.00, 1337.16
55, 7, LOC_CITY_NAME_JOHANNESBURG, -9999.00, -9999.00, -9999.00, -9999.00, -9999.00, -9999.00, -9999.00, -9999.00, 0.00, -9999.00, -9999.00
55, 7, LOC_CITY_NAME_DORTMUND, -9999.00, -9999.00, -9999.00, -9999.00, -9999.00, -9999.00, -9999.00, -9999.00, -9999.00, -9999.00, -9999.00
55, 7, LOC_CITY_HOA_LU, 5.00, -9999.00, -9999.00, -9999.00, -9999.00, -9999.00, -9999.00, -9999.00, -9999.00, -9999.00, -9999.00
55, 7, LOC_CITY_NAME_FEZ, 3.00, -9999.00, -9999.00, -9999.00, -9999.00, -9999.00, -9999.00, -9999.00, -9999.00, -9999.00, -9999.00
55, 7, LOC_CITY_NAME_KAWA, 4.00, -9999.00, 1848.54, -9999.00, -9999.00, 180.92, -9999.00, -9999.00, -9999.00, -9999.00, 1441.02
55, 7, LOC_CITY_NAME_JERUSALEM, 5.00, -9999.00, -9999.00, -9999.00, -9999.00, -9999.00, -9999.00, -9999.00, -9999.00, -9999.00, -9999.00
55, 7, LOC_CITY_NAME_SALVADOR, 5.00, -9999.00, 94.95, -9999.00, -9999.00, -9999.00, -9999.00, -9999.00, -9999.00, -9999.00, -9999.00
55, 7, LOC_CITY_NAME_EL_KURRU, 4.00, -9999.00, 1848.54, -9999.00, -9999.00, 149.45, -9999.00, -9999.00, -9999.00, -9999.00, -9999.00
55, 7, LOC_CITY_NAME_VATICAN_CITY, -9999.00, -9999.00, -9999.00, -9999.00, -9999.00, -9999.00, -9999.00, -9999.00, 0.00, -9999.00, -9999.00
55, 7, LOC_CITY_NAME_PRESLAV, -9999.00, -9999.00, -9999.00, -9999.00, -9999.00, -9999.00, -9999.00, -9999.00, 0.00, -9999.00, -9999.00
55, 7, LOC_CITY_NAME_HEIDELBERG, -9999.00, -9999.00, -9999.00, -9999.00, -9999.00, -9999.00, -9999.00, -9999.00, -9999.00, -9999.00, -9999.00
55, 7, LOC_CITY_NAME_METHONE, 3.00, -9999.00, -9999.00, -9999.00, -9999.00, -9999.00, -9999.00, -9999.00, -9999.00, -9999.00, -9999.00
55, 7, LOC_CITY_NAME_AKHETATEN, 2.00, -9999.00, 1848.54, -9999.00, -9999.00, -9999.00, -9999.00, -9999.00, -9999.00, -9999.00, 925.06
55, 7, LOC_CITY_NAME_BUENOS_AIRES, 3.00, -9999.00, -9999.00, -9999.00, -9999.00, -9999.00, -9999.00, -9999.00, -9999.00, -9999.00, -9999.00
55, 7, LOC_CITY_NAME_BABYLON, -9999.00, -9999.00, -9999.00, -9999.00, -9999.00, -9999.00, -9999.00, -9999.00, 0.00, -9999.00, -9999.00
55, 7, LOC_CITY_NAME_QASR_IBRIM, 4.00, -9999.00, 1848.54, -9999.00, -9999.00, -9999.00, -9999.00, -9999.00, -9999.00, -9999.00, -9999.00
55, 7, LOC_CITY_NAME_HEH, 4.00, -9999.00, -9999.00, -9999.00, -9999.00, 212.36, -9999.00, -9999.00, -9999.00, -9999.00, 200.00
55, 7, LOC_CITY_NAME_SHAAT, 4.00, -9999.00, -9999.00, -9999.00, -9999.00, 94.38, -9999.00, -9999.00, -9999.00, -9999.00, -9999.00
55, 7, LOC_CITY_NAME_SEDEINGA, 4.00, -9999.00, 1848.54, -9999.00, 0.00, 283.17, -9999.00, -9999.00, -9999.00, -9999.00, 1627.56
55, 7, LOC_CITY_DONG_HOI, 5.00, -9999.00, 757.67, -9999.00, -9999.00, -9999.00, -9999.00, -9999.00, -9999.00, -9999.00, -9999.00
55, 7, LOC_CITY_NAME_BRUNDISIUM, 3.00, -9999.00, -9999.00, -9999.00, -9999.00, -9999.00, -9999.00, -9999.00, -9999.00, -9999.00, -9999.00
55, 7, LOC_CITY_NAME_PORTO_ALEGRE, 5.00, -9999.00, 94.95, -9999.00, -9999.00, -9999.00, -9999.00, -9999.00, -9999.00, -9999.00, -9999.00
55, 7, LOC_CITY_NAME_MAINZ, -9999.00, -9999.00, -9999.00, -9999.00, -9999.00, -9999.00, -9999.00, -9999.00, -9999.00, -9999.00, -9999.00
55, 7, LOC_CITY_NAME_NURI, 4.00, -9999.00, -9999.00, -9999.00, 0.00, -9999.00, -9999.00, -9999.00, -9999.00, -9999.00, -9999.00
55, 7, LOC_CITY_NAME_YEREVAN, -9999.00, -9999.00, -9999.00, -9999.00, -9999.00, -9999.00, -9999.00, -9999.00, 0.00, -9999.00, -9999.00
55, 7, LOC_CITY_NAME_HATTUSA, -9999.00, -9999.00, -9999.00, -9999.00, -9999.00, -9999.00, -9999.00, -9999.00, 0.00, -9999.00, -9999.00
55, 7, LOC_CITY_CAN_THO, 5.00, -9999.00, -9999.00, -9999.00, -9999.00, -9999.00, -9999.00, -9999.00, -9999.00, -9999.00, -9999.00
55, 7, LOC_CITY_NAME_SHEDET, 2.00, -9999.00, -9999.00, -9999.00, -9999.00, -9999.00, -9999.00, -9999.00, -9999.00, -9999.00, -9999.00
55, 7, LOC_CITY_NAME_SETIA, 3.00, -9999.00, -9999.00, -9999.00, -9999.00, -9999.00, -9999.00, -9999.00, -9999.00, -9999.00, -9999.00
55, 7, LOC_CITY_NAME_VILNIUS, 5.00, -9999.00, -9999.00, -9999.00, -9999.00, -9999.00, -9999.00, -9999.00, -9999.00, -9999.00, -9999.00
55, 7, LOC_CITY_NAME_NEKHEN, 2.00, -9999.00, 1848.54, -9999.00, -9999.00, 232.04, -9999.00, -9999.00, -9999.00, -9999.00, 1236.57
55, 7, LOC_CITY_NAME_RA_KEDET, 2.00, -9999.00, -9999.00, -9999.00, -9999.00, 240.04, -9999.00, -9999.00, -9999.00, -9999.00, 2014.48
55, 7, LOC_CITY_NAME_BERLIN, -9999.00, -9999.00, -9999.00, -9999.00, -9999.00, -9999.00, -9999.00, -9999.00, -9999.00, -9999.00, -9999.00
55, 7, 6422559, UNITOPERATION_SPY_NEUTRALIZE_GOVERNOR, BEGIN, 69:63
55, 8, LOC_CITY_NAME_AACHEN, 1.00, -9999.00, 2059.07, 149.41, -9999.00, -9999.00, -9999.00, -9999.00, -9999.00, -9999.00, -9999.00
55, 8, LOC_CITY_NAME_RIO_DE_JANEIRO, 3.00, -9999.00, -9999.00, -9999.00, -9999.00, 493.18, -9999.00, -9999.00, -9999.00, -9999.00, -9999.00
55, 8, LOC_CITY_NAME_PELLA, 1.00, -9999.00, -9999.00, -9999.00, 115.94, 135.75, -9999.00, -9999.00, -9999.00, -9999.00, -9999.00
55, 8, LOC_CITY_HA_NOI, -9999.00, -9999.00, -9999.00, -9999.00, -9999.00, -9999.00, -9999.00, -9999.00, -9999.00, -9999.00, -9999.00
55, 8, LOC_CITY_NAME_ROME, 1.00, -9999.00, 0.00, -9999.00, -9999.00, -9999.00, -9999.00, -9999.00, -9999.00, -9999.00, -9999.00
55, 8, LOC_CITY_HUE, -9999.00, -9999.00, -9999.00, -9999.00, -9999.00, -9999.00, -9999.00, -9999.00, -9999.00, -9999.00, -9999.00
55, 8, LOC_CITY_NAME_SAO_PAULO, 3.00, -9999.00, -9999.00, 149.41, -9999.00, -9999.00, -9999.00, -9999.00, -9999.00, -9999.00, -9999.00
55, 8, LOC_CITY_NAME_ALEXANDRIA_TROAS, 1.00, -9999.00, -9999.00, -9999.00, -9999.00, -9999.00, -9999.00, -9999.00, -9999.00, -9999.00, -9999.00
55, 8, LOC_CITY_NAME_ARRETIUM, 1.00, -9999.00, 0.00, -9999.00, 115.94, -9999.00, -9999.00, -9999.00, -9999.00, -9999.00, -9999.00
55, 8, LOC_CITY_NAME_MAGDEBURG, 1.00, -9999.00, 2059.07, 149.41, -9999.00, -9999.00, -9999.00, -9999.00, -9999.00, -9999.00, -9999.00
55, 8, LOC_CITY_QUANG_TRI, -9999.00, -9999.00, -9999.00, -9999.00, -9999.00, -9999.00, -9999.00, -9999.00, -9999.00, -9999.00, -9999.00
55, 8, LOC_CITY_NAME_ARPINUM, 1.00, -9999.00, 0.00, -9999.00, -9999.00, -9999.00, -9999.00, -9999.00, -9999.00, -9999.00, -9999.00
55, 8, LOC_CITY_NAME_FORTALEZA, 3.00, -9999.00, -9999.00, -9999.00, -9999.00, -9999.00, -9999.00, -9999.00, -9999.00, -9999.00, -9999.00
55, 8, LOC_CITY_NAME_CHALKIDIKI, 1.00, -9999.00, -9999.00, -9999.00, -9999.00, -9999.00, -9999.00, -9999.00, -9999.00, -9999.00, -9999.00
55, 8, LOC_CITY_NAME_COLOGNE, 1.00, -9999.00, 2059.07, 149.41, 0.00, -9999.00, -9999.00, -9999.00, -9999.00, -9999.00, -9999.00
55, 8, LOC_CITY_HOI_AN, -9999.00, -9999.00, -9999.00, -9999.00, -9999.00, -9999.00, -9999.00, -9999.00, -9999.00, -9999.00, -9999.00
55, 8, LOC_CITY_NAME_KERMA, 2.00, -9999.00, 2059.07, -9999.00, 0.00, -9999.00, -9999.00, -9999.00, -9999.00, -9999.00, 2787.04
55, 8, LOC_CITY_NAME_LUGDUNUM, 1.00, -9999.00, -9999.00, -9999.00, -9999.00, -9999.00, -9999.00, -9999.00, -9999.00, -9999.00, -9999.00
55, 8, LOC_CITY_NAME_BABYLON_STK, 0.00, -9999.00, 2059.07, -9999.00, -9999.00, -9999.00, -9999.00, -9999.00, -9999.00, -9999.00, 2586.77
55, 8, LOC_CITY_NAME_ALEXANDRIA_LATMUS, 1.00, -9999.00, -9999.00, -9999.00, -9999.00, -9999.00, -9999.00, -9999.00, -9999.00, -9999.00, -9999.00
55, 8, LOC_CITY_NAME_PATNA, 0.00, -9999.00, -9999.00, 149.41, -9999.00, 327.88, -9999.00, -9999.00, -9999.00, -9999.00, 2443.73
55, 8, LOC_CITY_NAME_CURITIBA, 3.00, -9999.00, -9999.00, -9999.00, -9999.00, -9999.00, -9999.00, -9999.00, -9999.00, -9999.00, -9999.00
55, 8, LOC_CITY_NAME_LISBON, -9999.00, -9999.00, -9999.00, -9999.00, -9999.00, -9999.00, -9999.00, -9999.00, 0.00, -9999.00, -9999.00
55, 8, LOC_CITY_NAME_SWENETT, 0.00, -9999.00, 2059.07, -9999.00, -9999.00, 315.64, -9999.00, -9999.00, -9999.00, -9999.00, 1490.15
55, 8, LOC_CITY_NAME_BORSIPPA, 0.00, -9999.00, 2059.07, -9999.00, 115.94, 277.26, -9999.00, -9999.00, -9999.00, -9999.00, 0.00
55, 8, LOC_CITY_NAME_KARKAR, 0.00, -9999.00, 2059.07, -9999.00, -9999.00, 281.95, -9999.00, -9999.00, -9999.00, -9999.00, 181.14
55, 8, LOC_CITY_NAME_CUMAE, 1.00, -9999.00, -9999.00, -9999.00, -9999.00, -9999.00, -9999.00, -9999.00, -9999.00, -9999.00, -9999.00
55, 8, LOC_CITY_NAME_MEROE, 2.00, -9999.00, 2059.07, -9999.00, 0.00, 456.22, -9999.00, -9999.00, -9999.00, -9999.00, 3333.60
55, 8, LOC_CITY_NAME_KUMASI, -9999.00, -9999.00, -9999.00, -9999.00, -9999.00, -9999.00, -9999.00, -9999.00, 0.00, -9999.00, -9999.00
55, 8, LOC_CITY_NAME_MEMPHIS, 0.00, -9999.00, 2059.07, -9999.00, -9999.00, 200.05, -9999.00, -9999.00, -9999.00, -9999.00, 1439.29
55, 8, LOC_CITY_NAME_JOHANNESBURG, -9999.00, -9999.00, -9999.00, -9999.00, -9999.00, -9999.00, -9999.00, -9999.00, 0.00, -9999.00, -9999.00
55, 8, LOC_CITY_NAME_DORTMUND, 1.00, -9999.00, -9999.00, 149.41, -9999.00, -9999.00, -9999.00, -9999.00, -9999.00, -9999.00, -9999.00
55, 8, LOC_CITY_HOA_LU, -9999.00, -9999.00, -9999.00, -9999.00, -9999.00, -9999.00, -9999.00, -9999.00, -9999.00, -9999.00, -9999.00
55, 8, LOC_CITY_NAME_FEZ, 1.00, -9999.00, -9999.00, -9999.00, -9999.00, -9999.00, -9999.00, -9999.00, -9999.00, -9999.00, -9999.00
55, 8, LOC_CITY_NAME_KAWA, 2.00, -9999.00, 2059.07, -9999.00, -9999.00, 180.92, -9999.00, -9999.00, -9999.00, -9999.00, 1560.48
55, 8, LOC_CITY_NAME_JERUSALEM, 3.00, -9999.00, -9999.00, -9999.00, -9999.00, -9999.00, -9999.00, -9999.00, -9999.00, -9999.00, -9999.00
55, 8, LOC_CITY_NAME_SALVADOR, 3.00, -9999.00, -9999.00, -9999.00, -9999.00, -9999.00, -9999.00, -9999.00, -9999.00, -9999.00, -9999.00
55, 8, LOC_CITY_NAME_EL_KURRU, 2.00, -9999.00, 2059.07, -9999.00, -9999.00, 149.45, -9999.00, -9999.00, -9999.00, -9999.00, -9999.00
55, 8, LOC_CITY_NAME_VATICAN_CITY, -9999.00, -9999.00, -9999.00, -9999.00, -9999.00, -9999.00, -9999.00, -9999.00, 0.00, -9999.00, -9999.00
55, 8, LOC_CITY_NAME_HEIDELBERG, 1.00, -9999.00, -9999.00, -9999.00, -9999.00, -9999.00, -9999.00, -9999.00, -9999.00, -9999.00, -9999.00
55, 8, LOC_CITY_NAME_PRESLAV, -9999.00, -9999.00, -9999.00, -9999.00, -9999.00, -9999.00, -9999.00, -9999.00, 0.00, -9999.00, -9999.00
55, 8, LOC_CITY_NAME_METHONE, 1.00, -9999.00, -9999.00, -9999.00, -9999.00, -9999.00, -9999.00, -9999.00, -9999.00, -9999.00, -9999.00
55, 8, LOC_CITY_NAME_AKHETATEN, 0.00, -9999.00, 2059.07, -9999.00, -9999.00, -9999.00, -9999.00, -9999.00, -9999.00, -9999.00, 979.83
55, 8, LOC_CITY_NAME_BUENOS_AIRES, 1.00, -9999.00, -9999.00, -9999.00, -9999.00, -9999.00, -9999.00, -9999.00, -9999.00, -9999.00, -9999.00
55, 8, LOC_CITY_NAME_BABYLON, -9999.00, -9999.00, -9999.00, -9999.00, -9999.00, -9999.00, -9999.00, -9999.00, 0.00, -9999.00, -9999.00
55, 8, LOC_CITY_NAME_QASR_IBRIM, 2.00, -9999.00, 2059.07, -9999.00, -9999.00, -9999.00, -9999.00, -9999.00, -9999.00, -9999.00, -9999.00
55, 8, LOC_CITY_NAME_HEH, 2.00, -9999.00, -9999.00, -9999.00, -9999.00, 212.36, -9999.00, -9999.00, -9999.00, -9999.00, 200.00
55, 8, LOC_CITY_DONG_HOI, -9999.00, -9999.00, -9999.00, -9999.00, -9999.00, -9999.00, -9999.00, -9999.00, -9999.00, -9999.00, -9999.00
55, 8, LOC_CITY_NAME_SHAAT, 2.00, -9999.00, -9999.00, -9999.00, -9999.00, 94.38, -9999.00, -9999.00, -9999.00, -9999.00, -9999.00
55, 8, LOC_CITY_NAME_SEDEINGA, 2.00, -9999.00, 2059.07, -9999.00, 0.00, 283.17, -9999.00, -9999.00, -9999.00, -9999.00, 1702.92
55, 8, LOC_CITY_NAME_BRUNDISIUM, 1.00, -9999.00, -9999.00, -9999.00, -9999.00, -9999.00, -9999.00, -9999.00, -9999.00, -9999.00, -9999.00
55, 8, LOC_CITY_NAME_PORTO_ALEGRE, 3.00, -9999.00, -9999.00, -9999.00, -9999.00, -9999.00, -9999.00, -9999.00, -9999.00, -9999.00, -9999.00
55, 8, LOC_CITY_NAME_MAINZ, 1.00, -9999.00, 2059.07, 149.41, -9999.00, -9999.00, -9999.00, -9999.00, -9999.00, -9999.00, -9999.00
55, 8, LOC_CITY_NAME_NURI, 2.00, -9999.00, -9999.00, -9999.00, 0.00, -9999.00, -9999.00, -9999.00, -9999.00, -9999.00, -9999.00
55, 8, LOC_CITY_NAME_YEREVAN, -9999.00, -9999.00, -9999.00, -9999.00, -9999.00, -9999.00, -9999.00, -9999.00, 0.00, -9999.00, -9999.00
55, 8, LOC_CITY_NAME_HATTUSA, -9999.00, -9999.00, -9999.00, -9999.00, -9999.00, -9999.00, -9999.00, -9999.00, 0.00, -9999.00, -9999.00
55, 8, LOC_CITY_CAN_THO, -9999.00, -9999.00, -9999.00, -9999.00, -9999.00, -9999.00, -9999.00, -9999.00, -9999.00, -9999.00, -9999.00
55, 8, LOC_CITY_NAME_SHEDET, 0.00, -9999.00, -9999.00, -9999.00, -9999.00, -9999.00, -9999.00, -9999.00, -9999.00, -9999.00, -9999.00
55, 8, LOC_CITY_NAME_VILNIUS, -9999.00, -9999.00, -9999.00, -9999.00, -9999.00, -9999.00, -9999.00, -9999.00, -9999.00, -9999.00, -9999.00
55, 8, LOC_CITY_NAME_SETIA, 1.00, -9999.00, -9999.00, -9999.00, -9999.00, -9999.00, -9999.00, -9999.00, -9999.00, -9999.00, -9999.00
55, 8, LOC_CITY_NAME_BERLIN, 1.00, -9999.00, -9999.00, -9999.00, -9999.00, -9999.00, -9999.00, -9999.00, -9999.00, -9999.00, -9999.00
55, 8, LOC_CITY_NAME_NEKHEN, 0.00, -9999.00, 2059.07, -9999.00, -9999.00, 232.04, -9999.00, -9999.00, -9999.00, -9999.00, 1299.38
55, 8, LOC_CITY_NAME_RA_KEDET, 0.00, -9999.00, -9999.00, -9999.00, -9999.00, 240.04, -9999.00, -9999.00, -9999.00, -9999.00, 2075.41
55, 9, LOC_CITY_HA_NOI, 5.00, -9999.00, 371.42, -9999.00, -9999.00, -9999.00, -9999.00, -9999.00, -9999.00, -9999.00, -9999.00
55, 9, LOC_CITY_NAME_AACHEN, 4.00, -9999.00, 371.42, 149.41, -9999.00, -9999.00, -9999.00, -9999.00, -9999.00, -9999.00, -9999.00
55, 9, LOC_CITY_NAME_RIO_DE_JANEIRO, 4.00, -9999.00, -9999.00, -9999.00, -9999.00, 551.13, -9999.00, -9999.00, -9999.00, -9999.00, -9999.00
55, 9, LOC_CITY_NAME_PELLA, 2.00, -9999.00, -9999.00, -9999.00, 115.94, 151.71, -9999.00, -9999.00, -9999.00, -9999.00, -9999.00
55, 9, LOC_CITY_NAME_ROME, -9999.00, -9999.00, -9999.00, -9999.00, -9999.00, -9999.00, -9999.00, -9999.00, -9999.00, -9999.00, -9999.00
55, 9, LOC_CITY_HUE, 5.00, -9999.00, -9999.00, -9999.00, -9999.00, -9999.00, -9999.00, -9999.00, -9999.00, -9999.00, -9999.00
55, 9, LOC_CITY_NAME_SAO_PAULO, 4.00, -9999.00, 67.14, 149.41, -9999.00, -9999.00, -9999.00, -9999.00, -9999.00, -9999.00, -9999.00
55, 9, LOC_CITY_NAME_ALEXANDRIA_TROAS, 2.00, -9999.00, -9999.00, -9999.00, -9999.00, -9999.00, -9999.00, -9999.00, -9999.00, -9999.00, -9999.00
55, 9, LOC_CITY_NAME_ARRETIUM, -9999.00, -9999.00, -9999.00, -9999.00, -9999.00, -9999.00, -9999.00, -9999.00, -9999.00, -9999.00, -9999.00
55, 9, LOC_CITY_QUANG_TRI, 5.00, -9999.00, 371.42, -9999.00, 115.94, -9999.00, -9999.00, -9999.00, -9999.00, -9999.00, -9999.00
55, 9, LOC_CITY_NAME_MAGDEBURG, 4.00, -9999.00, 371.42, 149.41, -9999.00, -9999.00, -9999.00, -9999.00, -9999.00, -9999.00, -9999.00
55, 9, LOC_CITY_NAME_ARPINUM, -9999.00, -9999.00, -9999.00, -9999.00, -9999.00, -9999.00, -9999.00, -9999.00, -9999.00, -9999.00, -9999.00
55, 9, LOC_CITY_NAME_FORTALEZA, 4.00, -9999.00, -9999.00, -9999.00, -9999.00, -9999.00, -9999.00, -9999.00, -9999.00, -9999.00, -9999.00
55, 9, LOC_CITY_NAME_CHALKIDIKI, 2.00, -9999.00, -9999.00, -9999.00, -9999.00, -9999.00, -9999.00, -9999.00, -9999.00, -9999.00, -9999.00
55, 9, LOC_CITY_NAME_COLOGNE, 4.00, -9999.00, 371.42, 149.41, 0.00, -9999.00, -9999.00, -9999.00, -9999.00, -9999.00, -9999.00
55, 9, LOC_CITY_HOI_AN, 5.00, -9999.00, -9999.00, -9999.00, -9999.00, -9999.00, -9999.00, -9999.00, -9999.00, -9999.00, -9999.00
55, 9, LOC_CITY_NAME_LUGDUNUM, -9999.00, -9999.00, -9999.00, -9999.00, -9999.00, -9999.00, -9999.00, -9999.00, -9999.00, -9999.00, -9999.00
55, 9, LOC_CITY_NAME_KERMA, 3.00, -9999.00, 371.42, -9999.00, 0.00, -9999.00, -9999.00, -9999.00, -9999.00, -9999.00, 2790.84
55, 9, LOC_CITY_NAME_BABYLON_STK, 3.00, -9999.00, 371.42, -9999.00, -9999.00, -9999.00, -9999.00, -9999.00, -9999.00, -9999.00, 2569.40
55, 9, LOC_CITY_NAME_ALEXANDRIA_LATMUS, 2.00, -9999.00, -9999.00, -9999.00, -9999.00, -9999.00, -9999.00, -9999.00, -9999.00, -9999.00, -9999.00
55, 9, LOC_CITY_NAME_PATNA, 1.00, -9999.00, -9999.00, 149.41, -9999.00, 366.41, -9999.00, -9999.00, -9999.00, -9999.00, 2396.71
55, 9, LOC_CITY_NAME_CURITIBA, 4.00, -9999.00, -9999.00, -9999.00, -9999.00, -9999.00, -9999.00, -9999.00, -9999.00, -9999.00, -9999.00
55, 9, LOC_CITY_NAME_LISBON, -9999.00, -9999.00, -9999.00, -9999.00, -9999.00, -9999.00, -9999.00, -9999.00, 0.00, -9999.00, -9999.00
55, 9, LOC_CITY_NAME_SWENETT, 1.00, -9999.00, 371.42, -9999.00, -9999.00, 352.73, -9999.00, -9999.00, -9999.00, -9999.00, 1478.23
55, 9, LOC_CITY_NAME_BORSIPPA, 3.00, -9999.00, 371.42, -9999.00, 115.94, 309.84, -9999.00, -9999.00, -9999.00, -9999.00, 0.00
55, 9, LOC_CITY_NAME_KARKAR, 3.00, -9999.00, 371.42, -9999.00, -9999.00, 315.08, -9999.00, -9999.00, -9999.00, -9999.00, 180.52
55, 9, LOC_CITY_NAME_MEROE, 3.00, -9999.00, 371.42, -9999.00, 0.00, 509.84, -9999.00, -9999.00, -9999.00, -9999.00, 3351.97
55, 9, LOC_CITY_NAME_CUMAE, -9999.00, -9999.00, -9999.00, -9999.00, -9999.00, -9999.00, -9999.00, -9999.00, -9999.00, -9999.00, -9999.00
55, 9, LOC_CITY_NAME_KUMASI, -9999.00, -9999.00, -9999.00, -9999.00, -9999.00, -9999.00, -9999.00, -9999.00, 0.00, -9999.00, -9999.00
55, 9, LOC_CITY_NAME_MEMPHIS, 1.00, -9999.00, 371.42, -9999.00, -9999.00, 223.55, -9999.00, -9999.00, -9999.00, -9999.00, 1415.83
55, 9, LOC_CITY_NAME_JOHANNESBURG, -9999.00, -9999.00, -9999.00, -9999.00, -9999.00, -9999.00, -9999.00, -9999.00, 0.00, -9999.00, -9999.00
55, 9, LOC_CITY_HOA_LU, 5.00, -9999.00, -9999.00, -9999.00, -9999.00, -9999.00, -9999.00, -9999.00, -9999.00, -9999.00, -9999.00
55, 9, LOC_CITY_NAME_DORTMUND, 4.00, -9999.00, -9999.00, 149.41, -9999.00, -9999.00, -9999.00, -9999.00, -9999.00, -9999.00, -9999.00
55, 9, LOC_CITY_NAME_FEZ, 2.00, -9999.00, -9999.00, -9999.00, -9999.00, -9999.00, -9999.00, -9999.00, -9999.00, -9999.00, -9999.00
55, 9, LOC_CITY_NAME_KAWA, 3.00, -9999.00, 371.42, -9999.00, -9999.00, 202.18, -9999.00, -9999.00, -9999.00, -9999.00, 1532.64
55, 9, LOC_CITY_NAME_JERUSALEM, 4.00, -9999.00, -9999.00, -9999.00, -9999.00, -9999.00, -9999.00, -9999.00, -9999.00, -9999.00, -9999.00
55, 9, LOC_CITY_NAME_SALVADOR, 4.00, -9999.00, 67.14, -9999.00, -9999.00, -9999.00, -9999.00, -9999.00, -9999.00, -9999.00, -9999.00
55, 9, LOC_CITY_NAME_EL_KURRU, 3.00, -9999.00, 371.42, -9999.00, -9999.00, 167.01, -9999.00, -9999.00, -9999.00, -9999.00, -9999.00
55, 9, LOC_CITY_NAME_VATICAN_CITY, -9999.00, -9999.00, -9999.00, -9999.00, -9999.00, -9999.00, -9999.00, -9999.00, 0.00, -9999.00, -9999.00
55, 9, LOC_CITY_NAME_HEIDELBERG, 4.00, -9999.00, -9999.00, -9999.00, -9999.00, -9999.00, -9999.00, -9999.00, -9999.00, -9999.00, -9999.00
55, 9, LOC_CITY_NAME_PRESLAV, -9999.00, -9999.00, -9999.00, -9999.00, -9999.00, -9999.00, -9999.00, -9999.00, 0.00, -9999.00, -9999.00
55, 9, LOC_CITY_NAME_METHONE, 2.00, -9999.00, -9999.00, -9999.00, -9999.00, -9999.00, -9999.00, -9999.00, -9999.00, -9999.00, -9999.00
55, 9, LOC_CITY_NAME_AKHETATEN, 1.00, -9999.00, 371.42, -9999.00, -9999.00, -9999.00, -9999.00, -9999.00, -9999.00, -9999.00, 967.94
55, 9, LOC_CITY_NAME_BUENOS_AIRES, 2.00, -9999.00, -9999.00, -9999.00, -9999.00, -9999.00, -9999.00, -9999.00, -9999.00, -9999.00, -9999.00
55, 9, LOC_CITY_NAME_BABYLON, -9999.00, -9999.00, -9999.00, -9999.00, -9999.00, -9999.00, -9999.00, -9999.00, 0.00, -9999.00, -9999.00
55, 9, LOC_CITY_NAME_QASR_IBRIM, 3.00, -9999.00, 371.42, -9999.00, -9999.00, -9999.00, -9999.00, -9999.00, -9999.00, -9999.00, -9999.00
55, 9, LOC_CITY_NAME_HEH, 3.00, -9999.00, -9999.00, -9999.00, -9999.00, 237.32, -9999.00, -9999.00, -9999.00, -9999.00, 200.00
55, 9, LOC_CITY_DONG_HOI, 5.00, -9999.00, 371.42, -9999.00, -9999.00, -9999.00, -9999.00, -9999.00, -9999.00, -9999.00, -9999.00
55, 9, LOC_CITY_NAME_SHAAT, 3.00, -9999.00, -9999.00, -9999.00, -9999.00, 105.47, -9999.00, -9999.00, -9999.00, -9999.00, -9999.00
55, 9, LOC_CITY_NAME_SEDEINGA, 3.00, -9999.00, 371.42, -9999.00, 0.00, 316.45, -9999.00, -9999.00, -9999.00, -9999.00, 1697.78
55, 9, LOC_CITY_NAME_BRUNDISIUM, -9999.00, -9999.00, -9999.00, -9999.00, -9999.00, -9999.00, -9999.00, -9999.00, -9999.00, -9999.00, -9999.00
55, 9, LOC_CITY_NAME_PORTO_ALEGRE, 4.00, -9999.00, 67.14, -9999.00, -9999.00, -9999.00, -9999.00, -9999.00, -9999.00, -9999.00, -9999.00
55, 9, LOC_CITY_NAME_MAINZ, 4.00, -9999.00, 371.42, 149.41, -9999.00, -9999.00, -9999.00, -9999.00, -9999.00, -9999.00, -9999.00
55, 9, LOC_CITY_NAME_NURI, 3.00, -9999.00, -9999.00, -9999.00, 0.00, -9999.00, -9999.00, -9999.00, -9999.00, -9999.00, -9999.00
55, 9, LOC_CITY_NAME_YEREVAN, -9999.00, -9999.00, -9999.00, -9999.00, -9999.00, -9999.00, -9999.00, -9999.00, 0.00, -9999.00, -9999.00
55, 9, LOC_CITY_CAN_THO, 5.00, -9999.00, -9999.00, -9999.00, -9999.00, -9999.00, -9999.00, -9999.00, -9999.00, -9999.00, -9999.00
55, 9, LOC_CITY_NAME_HATTUSA, -9999.00, -9999.00, -9999.00, -9999.00, -9999.00, -9999.00, -9999.00, -9999.00, 0.00, -9999.00, -9999.00
55, 9, LOC_CITY_NAME_VILNIUS, 5.00, -9999.00, -9999.00, -9999.00, -9999.00, -9999.00, -9999.00, -9999.00, -9999.00, -9999.00, -9999.00
55, 9, LOC_CITY_NAME_SHEDET, 1.00, -9999.00, -9999.00, -9999.00, -9999.00, -9999.00, -9999.00, -9999.00, -9999.00, -9999.00, -9999.00
55, 9, LOC_CITY_NAME_SETIA, -9999.00, -9999.00, -9999.00, -9999.00, -9999.00, -9999.00, -9999.00, -9999.00, -9999.00, -9999.00, -9999.00
55, 9, LOC_CITY_NAME_BERLIN, 4.00, -9999.00, -9999.00, -9999.00, -9999.00, -9999.00, -9999.00, -9999.00, -9999.00, -9999.00, -9999.00
55, 9, LOC_CITY_NAME_NEKHEN, 1.00, -9999.00, 371.42, -9999.00, -9999.00, 259.31, -9999.00, -9999.00, -9999.00, -9999.00, 1286.22
55, 9, LOC_CITY_NAME_RA_KEDET, 1.00, -9999.00, -9999.00, -9999.00, -9999.00, 268.25, -9999.00, -9999.00, -9999.00, -9999.00, 2063.97
56, 5, LOC_CITY_NAME_PELLA, -9999.00, -9999.00, -9999.00, -9999.00, -9999.00, -9999.00, -9999.00, -9999.00, -9999.00, -9999.00, -9999.00
56, 5, LOC_CITY_NAME_ROME, 4.00, -9999.00, -9999.00, -9999.00, -9999.00, -9999.00, -9999.00, -9999.00, -9999.00, -9999.00, -9999.00
56, 5, LOC_CITY_HA_NOI, 4.00, -9999.00, 347.30, -9999.00, -9999.00, -9999.00, -9999.00, -9999.00, -9999.00, -9999.00, -9999.00
56, 5, LOC_CITY_NAME_AACHEN, 4.00, -9999.00, 347.30, 136.72, -9999.00, -9999.00, -9999.00, -9999.00, -9999.00, -9999.00, -9999.00
56, 5, LOC_CITY_NAME_RIO_DE_JANEIRO, 4.00, -9999.00, -9999.00, -9999.00, -9999.00, 493.18, -9999.00, -9999.00, -9999.00, -9999.00, -9999.00
56, 5, LOC_CITY_HUE, 4.00, -9999.00, -9999.00, -9999.00, -9999.00, -9999.00, -9999.00, -9999.00, -9999.00, -9999.00, -9999.00
56, 5, LOC_CITY_NAME_ALEXANDRIA_TROAS, -9999.00, -9999.00, -9999.00, -9999.00, -9999.00, -9999.00, -9999.00, -9999.00, -9999.00, -9999.00, -9999.00
56, 5, LOC_CITY_NAME_SAO_PAULO, 4.00, -9999.00, 60.25, 136.72, -9999.00, -9999.00, -9999.00, -9999.00, -9999.00, -9999.00, -9999.00
56, 5, LOC_CITY_NAME_ARRETIUM, 4.00, -9999.00, -9999.00, -9999.00, 135.94, -9999.00, -9999.00, -9999.00, -9999.00, -9999.00, -9999.00
56, 5, LOC_CITY_QUANG_TRI, 4.00, -9999.00, 347.30, -9999.00, 135.94, -9999.00, -9999.00, -9999.00, -9999.00, -9999.00, -9999.00
56, 5, LOC_CITY_NAME_MAGDEBURG, 4.00, -9999.00, 347.30, 136.72, -9999.00, -9999.00, -9999.00, -9999.00, -9999.00, -9999.00, -9999.00
56, 5, LOC_CITY_NAME_ARPINUM, 4.00, -9999.00, -9999.00, -9999.00, -9999.00, -9999.00, -9999.00, -9999.00, -9999.00, -9999.00, -9999.00
56, 5, LOC_CITY_NAME_CHALKIDIKI, -9999.00, -9999.00, -9999.00, -9999.00, -9999.00, -9999.00, -9999.00, -9999.00, -9999.00, -9999.00, -9999.00
56, 5, LOC_CITY_NAME_FORTALEZA, 4.00, -9999.00, -9999.00, -9999.00, -9999.00, -9999.00, -9999.00, -9999.00, -9999.00, -9999.00, -9999.00
56, 5, LOC_CITY_NAME_COLOGNE, 4.00, -9999.00, 347.30, 136.72, 0.00, -9999.00, -9999.00, -9999.00, -9999.00, -9999.00, -9999.00
56, 5, LOC_CITY_NAME_KERMA, 3.00, -9999.00, 347.30, -9999.00, 0.00, -9999.00, -9999.00, -9999.00, -9999.00, -9999.00, 2901.96
56, 5, LOC_CITY_HOI_AN, 4.00, -9999.00, -9999.00, -9999.00, -9999.00, -9999.00, -9999.00, -9999.00, -9999.00, -9999.00, -9999.00
56, 5, LOC_CITY_NAME_LUGDUNUM, 4.00, -9999.00, -9999.00, -9999.00, -9999.00, -9999.00, -9999.00, -9999.00, -9999.00, -9999.00, -9999.00
56, 5, LOC_CITY_NAME_BABYLON_STK, 3.00, -9999.00, 347.30, -9999.00, -9999.00, -9999.00, -9999.00, -9999.00, -9999.00, -9999.00, 2757.27
56, 5, LOC_CITY_NAME_PATNA, 3.00, -9999.00, -9999.00, 136.72, -9999.00, 327.88, -9999.00, -9999.00, -9999.00, -9999.00, 2740.23
56, 5, LOC_CITY_NAME_ALEXANDRIA_LATMUS, -9999.00, -9999.00, -9999.00, -9999.00, -9999.00, -9999.00, -9999.00, -9999.00, -9999.00, -9999.00, -9999.00
56, 5, LOC_CITY_NAME_CURITIBA, 4.00, -9999.00, -9999.00, -9999.00, -9999.00, -9999.00, -9999.00, -9999.00, -9999.00, -9999.00, -9999.00
56, 5, LOC_CITY_NAME_LISBON, -9999.00, -9999.00, -9999.00, -9999.00, -9999.00, -9999.00, -9999.00, -9999.00, 0.00, -9999.00, -9999.00
56, 5, LOC_CITY_NAME_SWENETT, 3.00, -9999.00, 347.30, -9999.00, -9999.00, 344.20, -9999.00, -9999.00, -9999.00, -9999.00, 1563.70
56, 5, LOC_CITY_NAME_BORSIPPA, 3.00, -9999.00, 347.30, -9999.00, 135.94, 277.26, -9999.00, -9999.00, -9999.00, -9999.00, 244.50
56, 5, LOC_CITY_NAME_KARKAR, 3.00, -9999.00, 347.30, -9999.00, -9999.00, 281.95, -9999.00, -9999.00, -9999.00, -9999.00, 333.18
56, 5, LOC_CITY_NAME_CUMAE, 4.00, -9999.00, -9999.00, -9999.00, -9999.00, -9999.00, -9999.00, -9999.00, -9999.00, -9999.00, -9999.00
56, 5, LOC_CITY_NAME_MEROE, 3.00, -9999.00, 347.30, -9999.00, 0.00, 377.57, -9999.00, -9999.00, -9999.00, -9999.00, 3691.48
56, 5, LOC_CITY_NAME_KUMASI, -9999.00, -9999.00, -9999.00, -9999.00, -9999.00, -9999.00, -9999.00, -9999.00, 0.00, -9999.00, -9999.00
56, 5, LOC_CITY_NAME_MEMPHIS, 3.00, -9999.00, 347.30, -9999.00, -9999.00, 200.05, -9999.00, -9999.00, -9999.00, -9999.00, 1476.24
56, 5, LOC_CITY_NAME_JOHANNESBURG, -9999.00, -9999.00, -9999.00, -9999.00, -9999.00, -9999.00, -9999.00, -9999.00, 0.00, -9999.00, -9999.00
56, 5, LOC_CITY_HOA_LU, 4.00, -9999.00, -9999.00, -9999.00, -9999.00, -9999.00, -9999.00, -9999.00, -9999.00, -9999.00, -9999.00
56, 5, LOC_CITY_NAME_DORTMUND, 4.00, -9999.00, -9999.00, 136.72, -9999.00, -9999.00, -9999.00, -9999.00, -9999.00, -9999.00, -9999.00
56, 5, LOC_CITY_NAME_FEZ, -9999.00, -9999.00, -9999.00, -9999.00, -9999.00, -9999.00, -9999.00, -9999.00, -9999.00, -9999.00, -9999.00
56, 5, LOC_CITY_NAME_KAWA, 3.00, -9999.00, 347.30, -9999.00, -9999.00, 157.32, -9999.00, -9999.00, -9999.00, -9999.00, 1512.46
56, 5, LOC_CITY_NAME_EL_KURRU, 3.00, -9999.00, 347.30, -9999.00, -9999.00, 149.45, -9999.00, -9999.00, -9999.00, -9999.00, -9999.00
56, 5, LOC_CITY_NAME_VATICAN_CITY, -9999.00, -9999.00, -9999.00, -9999.00, -9999.00, -9999.00, -9999.00, -9999.00, 0.00, -9999.00, -9999.00
56, 5, LOC_CITY_NAME_JERUSALEM, 4.00, -9999.00, -9999.00, -9999.00, -9999.00, -9999.00, -9999.00, -9999.00, -9999.00, -9999.00, -9999.00
56, 5, LOC_CITY_NAME_SALVADOR, 4.00, -9999.00, 60.25, -9999.00, -9999.00, -9999.00, -9999.00, -9999.00, -9999.00, -9999.00, -9999.00
56, 5, LOC_CITY_NAME_PRESLAV, -9999.00, -9999.00, -9999.00, -9999.00, -9999.00, -9999.00, -9999.00, -9999.00, 0.00, -9999.00, -9999.00
56, 5, LOC_CITY_NAME_HEIDELBERG, 4.00, -9999.00, -9999.00, -9999.00, -9999.00, -9999.00, -9999.00, -9999.00, -9999.00, -9999.00, -9999.00
56, 5, LOC_CITY_NAME_AKHETATEN, 3.00, -9999.00, 347.30, -9999.00, -9999.00, -9999.00, -9999.00, -9999.00, -9999.00, -9999.00, 1074.69
56, 5, LOC_CITY_NAME_METHONE, -9999.00, -9999.00, -9999.00, -9999.00, -9999.00, -9999.00, -9999.00, -9999.00, -9999.00, -9999.00, -9999.00
56, 5, LOC_CITY_NAME_BABYLON, -9999.00, -9999.00, -9999.00, -9999.00, -9999.00, -9999.00, -9999.00, -9999.00, 0.00, -9999.00, -9999.00
56, 5, LOC_CITY_NAME_QASR_IBRIM, 3.00, -9999.00, 347.30, -9999.00, -9999.00, -9999.00, -9999.00, -9999.00, -9999.00, -9999.00, -9999.00
56, 5, LOC_CITY_NAME_HEH, 3.00, -9999.00, -9999.00, -9999.00, -9999.00, 322.50, -9999.00, -9999.00, -9999.00, -9999.00, 200.00
56, 5, LOC_CITY_NAME_SHAAT, 3.00, -9999.00, -9999.00, -9999.00, -9999.00, 94.38, -9999.00, -9999.00, -9999.00, -9999.00, -9999.00
56, 5, LOC_CITY_NAME_SEDEINGA, 3.00, -9999.00, 347.30, -9999.00, 0.00, 243.83, -9999.00, -9999.00, -9999.00, -9999.00, 1775.33
56, 5, LOC_CITY_DONG_HOI, 4.00, -9999.00, 347.30, -9999.00, -9999.00, -9999.00, -9999.00, -9999.00, -9999.00, -9999.00, -9999.00
56, 5, LOC_CITY_NAME_BRUNDISIUM, 4.00, -9999.00, -9999.00, -9999.00, -9999.00, -9999.00, -9999.00, -9999.00, -9999.00, -9999.00, -9999.00
56, 5, LOC_CITY_NAME_PORTO_ALEGRE, 4.00, -9999.00, 60.25, -9999.00, -9999.00, -9999.00, -9999.00, -9999.00, -9999.00, -9999.00, -9999.00
56, 5, LOC_CITY_NAME_NURI, 3.00, -9999.00, -9999.00, -9999.00, 0.00, -9999.00, -9999.00, -9999.00, -9999.00, -9999.00, -9999.00
56, 5, LOC_CITY_NAME_MAINZ, 4.00, -9999.00, 347.30, 136.72, -9999.00, -9999.00, -9999.00, -9999.00, -9999.00, -9999.00, -9999.00
56, 5, LOC_CITY_NAME_YEREVAN, -9999.00, -9999.00, -9999.00, -9999.00, -9999.00, -9999.00, -9999.00, -9999.00, 0.00, -9999.00, -9999.00
56, 5, LOC_CITY_NAME_HATTUSA, -9999.00, -9999.00, -9999.00, -9999.00, -9999.00, -9999.00, -9999.00, -9999.00, 0.00, -9999.00, -9999.00
56, 5, LOC_CITY_CAN_THO, 4.00, -9999.00, -9999.00, -9999.00, -9999.00, -9999.00, -9999.00, -9999.00, -9999.00, -9999.00, -9999.00
56, 5, LOC_CITY_NAME_SHEDET, 3.00, -9999.00, 347.30, -9999.00, -9999.00, -9999.00, -9999.00, -9999.00, -9999.00, -9999.00, -9999.00
56, 5, LOC_CITY_NAME_SETIA, 4.00, -9999.00, -9999.00, -9999.00, -9999.00, -9999.00, -9999.00, -9999.00, -9999.00, -9999.00, -9999.00
56, 5, LOC_CITY_NAME_VILNIUS, 4.00, -9999.00, -9999.00, -9999.00, -9999.00, -9999.00, -9999.00, -9999.00, -9999.00, -9999.00, -9999.00
56, 5, LOC_CITY_NAME_NEKHEN, 3.00, -9999.00, 347.30, -9999.00, -9999.00, 240.04, -9999.00, -9999.00, -9999.00, -9999.00, 1363.94
56, 5, LOC_CITY_NAME_RA_KEDET, 3.00, -9999.00, 347.30, -9999.00, -9999.00, 240.04, -9999.00, -9999.00, -9999.00, -9999.00, 2404.76
56, 5, LOC_CITY_NAME_BERLIN, 4.00, -9999.00, -9999.00, -9999.00, -9999.00, -9999.00, -9999.00, -9999.00, -9999.00, -9999.00, -9999.00
56, 6, LOC_CITY_NAME_PELLA, 1.00, -9999.00, -9999.00, -9999.00, 115.94, 135.75, -9999.00, -9999.00, -9999.00, -9999.00, -9999.00
56, 6, LOC_CITY_NAME_RIO_DE_JANEIRO, -9999.00, -9999.00, -9999.00, -9999.00, -9999.00, -9999.00, -9999.00, -9999.00, -9999.00, -9999.00, -9999.00
56, 6, LOC_CITY_NAME_ROME, 1.00, -9999.00, 0.00, -9999.00, -9999.00, -9999.00, -9999.00, -9999.00, -9999.00, -9999.00, -9999.00
56, 6, LOC_CITY_HA_NOI, 1.00, -9999.00, 362.02, -9999.00, -9999.00, -9999.00, -9999.00, -9999.00, -9999.00, -9999.00, -9999.00
56, 6, LOC_CITY_NAME_AACHEN, 1.00, -9999.00, 362.02, 399.41, -9999.00, -9999.00, -9999.00, -9999.00, -9999.00, -9999.00, -9999.00
56, 6, LOC_CITY_HUE, 1.00, -9999.00, -9999.00, -9999.00, -9999.00, -9999.00, -9999.00, -9999.00, -9999.00, -9999.00, -9999.00
56, 6, LOC_CITY_NAME_ALEXANDRIA_TROAS, 1.00, -9999.00, 0.00, -9999.00, -9999.00, -9999.00, -9999.00, -9999.00, -9999.00, -9999.00, -9999.00
56, 6, LOC_CITY_NAME_SAO_PAULO, -9999.00, -9999.00, -9999.00, -9999.00, -9999.00, -9999.00, -9999.00, -9999.00, -9999.00, -9999.00, -9999.00
56, 6, LOC_CITY_NAME_ARRETIUM, 1.00, -9999.00, 0.00, -9999.00, 115.94, -9999.00, -9999.00, -9999.00, -9999.00, -9999.00, -9999.00
56, 6, LOC_CITY_QUANG_TRI, 1.00, -9999.00, 362.02, -9999.00, 115.94, -9999.00, -9999.00, -9999.00, -9999.00, -9999.00, -9999.00
56, 6, LOC_CITY_NAME_MAGDEBURG, 1.00, -9999.00, 362.02, 399.41, -9999.00, -9999.00, -9999.00, -9999.00, -9999.00, -9999.00, -9999.00
56, 6, LOC_CITY_NAME_ARPINUM, 1.00, -9999.00, 0.00, -9999.00, -9999.00, -9999.00, -9999.00, -9999.00, -9999.00, -9999.00, -9999.00
56, 6, LOC_CITY_NAME_CHALKIDIKI, 1.00, -9999.00, 0.00, -9999.00, -9999.00, -9999.00, -9999.00, -9999.00, -9999.00, -9999.00, -9999.00
56, 6, LOC_CITY_NAME_FORTALEZA, -9999.00, -9999.00, -9999.00, -9999.00, -9999.00, -9999.00, -9999.00, -9999.00, -9999.00, -9999.00, -9999.00
56, 6, LOC_CITY_NAME_COLOGNE, 1.00, -9999.00, 362.02, 399.41, 0.00, -9999.00, -9999.00, -9999.00, -9999.00, -9999.00, -9999.00
56, 6, LOC_CITY_NAME_KERMA, 0.00, -9999.00, 362.02, -9999.00, 0.00, -9999.00, -9999.00, -9999.00, -9999.00, -9999.00, 2868.05
56, 6, LOC_CITY_HOI_AN, 1.00, -9999.00, -9999.00, -9999.00, -9999.00, -9999.00, -9999.00, -9999.00, -9999.00, -9999.00, -9999.00
56, 6, LOC_CITY_NAME_LUGDUNUM, 1.00, -9999.00, -9999.00, -9999.00, -9999.00, -9999.00, -9999.00, -9999.00, -9999.00, -9999.00, -9999.00
56, 6, LOC_CITY_NAME_BABYLON_STK, 0.00, -9999.00, 362.02, -9999.00, -9999.00, -9999.00, -9999.00, -9999.00, -9999.00, -9999.00, 2408.21
56, 6, LOC_CITY_NAME_ALEXANDRIA_LATMUS, 1.00, -9999.00, 0.00, -9999.00, -9999.00, -9999.00, -9999.00, -9999.00, -9999.00, -9999.00, -9999.00
56, 6, LOC_CITY_NAME_PATNA, 0.00, -9999.00, -9999.00, 399.41, -9999.00, 327.88, -9999.00, -9999.00, -9999.00, -9999.00, 2728.54
56, 6, LOC_CITY_NAME_CURITIBA, -9999.00, -9999.00, -9999.00, -9999.00, -9999.00, -9999.00, -9999.00, -9999.00, -9999.00, -9999.00, -9999.00
56, 6, LOC_CITY_NAME_LISBON, -9999.00, -9999.00, -9999.00, -9999.00, -9999.00, -9999.00, -9999.00, -9999.00, 0.00, -9999.00, -9999.00
56, 6, LOC_CITY_NAME_SWENETT, 0.00, -9999.00, 362.02, -9999.00, -9999.00, 344.20, -9999.00, -9999.00, -9999.00, -9999.00, 1376.28
56, 6, LOC_CITY_NAME_BORSIPPA, 0.00, -9999.00, 362.02, -9999.00, 115.94, 277.26, -9999.00, -9999.00, -9999.00, -9999.00, 64.55
56, 6, LOC_CITY_NAME_KARKAR, 0.00, -9999.00, 362.02, -9999.00, -9999.00, 281.95, -9999.00, -9999.00, -9999.00, -9999.00, 146.71
56, 6, LOC_CITY_NAME_CUMAE, 1.00, -9999.00, -9999.00, -9999.00, -9999.00, -9999.00, -9999.00, -9999.00, -9999.00, -9999.00, -9999.00
56, 6, LOC_CITY_NAME_MEROE, 0.00, -9999.00, 362.02, -9999.00, 0.00, 377.57, -9999.00, -9999.00, -9999.00, -9999.00, 3458.48
56, 6, LOC_CITY_NAME_KUMASI, -9999.00, -9999.00, -9999.00, -9999.00, -9999.00, -9999.00, -9999.00, -9999.00, 0.00, -9999.00, -9999.00
56, 6, LOC_CITY_NAME_MEMPHIS, 0.00, -9999.00, 362.02, -9999.00, -9999.00, 200.05, -9999.00, -9999.00, -9999.00, -9999.00, 1292.93
56, 6, LOC_CITY_NAME_JOHANNESBURG, -9999.00, -9999.00, -9999.00, -9999.00, -9999.00, -9999.00, -9999.00, -9999.00, 0.00, -9999.00, -9999.00
56, 6, LOC_CITY_HOA_LU, 1.00, -9999.00, -9999.00, -9999.00, -9999.00, -9999.00, -9999.00, -9999.00, -9999.00, -9999.00, -9999.00
56, 6, LOC_CITY_NAME_DORTMUND, 1.00, -9999.00, -9999.00, 399.41, -9999.00, -9999.00, -9999.00, -9999.00, -9999.00, -9999.00, -9999.00
56, 6, LOC_CITY_NAME_FEZ, 1.00, -9999.00, -9999.00, -9999.00, -9999.00, -9999.00, -9999.00, -9999.00, -9999.00, -9999.00, -9999.00
56, 6, LOC_CITY_NAME_KAWA, 0.00, -9999.00, 362.02, -9999.00, -9999.00, 157.32, -9999.00, -9999.00, -9999.00, -9999.00, 1369.38
56, 6, LOC_CITY_NAME_JERUSALEM, -9999.00, -9999.00, -9999.00, -9999.00, -9999.00, -9999.00, -9999.00, -9999.00, -9999.00, -9999.00, -9999.00
56, 6, LOC_CITY_NAME_SALVADOR, -9999.00, -9999.00, -9999.00, -9999.00, -9999.00, -9999.00, -9999.00, -9999.00, -9999.00, -9999.00, -9999.00
56, 6, LOC_CITY_NAME_EL_KURRU, 0.00, -9999.00, 362.02, -9999.00, -9999.00, 149.45, -9999.00, -9999.00, -9999.00, -9999.00, -9999.00
56, 6, LOC_CITY_NAME_VATICAN_CITY, -9999.00, -9999.00, -9999.00, -9999.00, -9999.00, -9999.00, -9999.00, -9999.00, 0.00, -9999.00, -9999.00
56, 6, LOC_CITY_NAME_PRESLAV, -9999.00, -9999.00, -9999.00, -9999.00, -9999.00, -9999.00, -9999.00, -9999.00, 0.00, -9999.00, -9999.00
56, 6, LOC_CITY_NAME_HEIDELBERG, 1.00, -9999.00, -9999.00, -9999.00, -9999.00, -9999.00, -9999.00, -9999.00, -9999.00, -9999.00, -9999.00
56, 6, LOC_CITY_NAME_METHONE, 1.00, -9999.00, -9999.00, -9999.00, -9999.00, -9999.00, -9999.00, -9999.00, -9999.00, -9999.00, -9999.00
56, 6, LOC_CITY_NAME_AKHETATEN, 0.00, -9999.00, 362.02, -9999.00, -9999.00, -9999.00, -9999.00, -9999.00, -9999.00, -9999.00, 903.70
56, 6, LOC_CITY_NAME_BABYLON, -9999.00, -9999.00, -9999.00, -9999.00, -9999.00, -9999.00, -9999.00, -9999.00, 0.00, -9999.00, -9999.00
56, 6, LOC_CITY_NAME_QASR_IBRIM, 0.00, -9999.00, 362.02, -9999.00, -9999.00, -9999.00, -9999.00, -9999.00, -9999.00, -9999.00, -9999.00
56, 6, LOC_CITY_NAME_HEH, 0.00, -9999.00, -9999.00, -9999.00, -9999.00, 322.50, -9999.00, -9999.00, -9999.00, -9999.00, 200.00
56, 6, LOC_CITY_NAME_SHAAT, 0.00, -9999.00, -9999.00, -9999.00, -9999.00, 94.38, -9999.00, -9999.00, -9999.00, -9999.00, -9999.00
56, 6, LOC_CITY_NAME_SEDEINGA, 0.00, -9999.00, 362.02, -9999.00, 0.00, 243.83, -9999.00, -9999.00, -9999.00, -9999.00, 1622.53
56, 6, LOC_CITY_DONG_HOI, 1.00, -9999.00, 362.02, -9999.00, -9999.00, -9999.00, -9999.00, -9999.00, -9999.00, -9999.00, -9999.00
56, 6, LOC_CITY_NAME_BRUNDISIUM, 1.00, -9999.00, -9999.00, -9999.00, -9999.00, -9999.00, -9999.00, -9999.00, -9999.00, -9999.00, -9999.00
56, 6, LOC_CITY_NAME_PORTO_ALEGRE, -9999.00, -9999.00, -9999.00, -9999.00, -9999.00, -9999.00, -9999.00, -9999.00, -9999.00, -9999.00, -9999.00
56, 6, LOC_CITY_NAME_NURI, 0.00, -9999.00, -9999.00, -9999.00, 0.00, -9999.00, -9999.00, -9999.00, -9999.00, -9999.00, -9999.00
56, 6, LOC_CITY_NAME_MAINZ, 1.00, -9999.00, 362.02, 399.41, -9999.00, -9999.00, -9999.00, -9999.00, -9999.00, -9999.00, -9999.00
56, 6, LOC_CITY_NAME_YEREVAN, -9999.00, -9999.00, -9999.00, -9999.00, -9999.00, -9999.00, -9999.00, -9999.00, 0.00, -9999.00, -9999.00
56, 6, LOC_CITY_NAME_HATTUSA, -9999.00, -9999.00, -9999.00, -9999.00, -9999.00, -9999.00, -9999.00, -9999.00, 0.00, -9999.00, -9999.00
56, 6, LOC_CITY_CAN_THO, 1.00, -9999.00, -9999.00, -9999.00, -9999.00, -9999.00, -9999.00, -9999.00, -9999.00, -9999.00, -9999.00
56, 6, LOC_CITY_NAME_SHEDET, 0.00, -9999.00, 362.02, -9999.00, -9999.00, -9999.00, -9999.00, -9999.00, -9999.00, -9999.00, -9999.00
56, 6, LOC_CITY_NAME_SETIA, 1.00, -9999.00, -9999.00, -9999.00, -9999.00, -9999.00, -9999.00, -9999.00, -9999.00, -9999.00, -9999.00
56, 6, LOC_CITY_NAME_VILNIUS, 1.00, -9999.00, -9999.00, -9999.00, -9999.00, -9999.00, -9999.00, -9999.00, -9999.00, -9999.00, -9999.00
56, 6, LOC_CITY_NAME_NEKHEN, 0.00, -9999.00, 362.02, -9999.00, -9999.00, 240.04, -9999.00, -9999.00, -9999.00, -9999.00, 1208.54
56, 6, LOC_CITY_NAME_RA_KEDET, 0.00, -9999.00, 362.02, -9999.00, -9999.00, 240.04, -9999.00, -9999.00, -9999.00, -9999.00, 2106.79
56, 6, LOC_CITY_NAME_BERLIN, 1.00, -9999.00, -9999.00, -9999.00, -9999.00, -9999.00, -9999.00, -9999.00, -9999.00, -9999.00, -9999.00
56, 6, LOC_CITY_NAME_CHENNAI, 0.00, -9999.00, 362.02, -9999.00, -9999.00, 323.43, -9999.00, -9999.00, -9999.00, -9999.00, 2099.03
56, 7, LOC_CITY_NAME_RIO_DE_JANEIRO, 5.00, -9999.00, -9999.00, -9999.00, -9999.00, 536.36, -9999.00, -9999.00, -9999.00, -9999.00, -9999.00
56, 7, LOC_CITY_NAME_PELLA, 3.00, -9999.00, -9999.00, -9999.00, 115.94, 147.64, -9999.00, -9999.00, -9999.00, -9999.00, -9999.00
56, 7, LOC_CITY_NAME_AACHEN, -9999.00, -9999.00, -9999.00, -9999.00, -9999.00, -9999.00, -9999.00, -9999.00, -9999.00, -9999.00, -9999.00
56, 7, LOC_CITY_NAME_ROME, 3.00, -9999.00, 0.00, -9999.00, -9999.00, -9999.00, -9999.00, -9999.00, -9999.00, -9999.00, -9999.00
56, 7, LOC_CITY_HA_NOI, 5.00, -9999.00, -9999.00, -9999.00, -9999.00, -9999.00, -9999.00, -9999.00, -9999.00, -9999.00, -9999.00
56, 7, LOC_CITY_HUE, 5.00, -9999.00, -9999.00, -9999.00, -9999.00, -9999.00, -9999.00, -9999.00, -9999.00, -9999.00, -9999.00
56, 7, LOC_CITY_NAME_SAO_PAULO, 5.00, -9999.00, -9999.00, 461.91, -9999.00, -9999.00, -9999.00, -9999.00, -9999.00, -9999.00, -9999.00
56, 7, LOC_CITY_NAME_ALEXANDRIA_TROAS, 3.00, -9999.00, 0.00, -9999.00, -9999.00, -9999.00, -9999.00, -9999.00, -9999.00, -9999.00, -9999.00
56, 7, LOC_CITY_NAME_ARRETIUM, 3.00, -9999.00, 0.00, -9999.00, 115.94, -9999.00, -9999.00, -9999.00, -9999.00, -9999.00, -9999.00
56, 7, LOC_CITY_NAME_MAGDEBURG, -9999.00, -9999.00, -9999.00, -9999.00, -9999.00, -9999.00, -9999.00, -9999.00, -9999.00, -9999.00, -9999.00
56, 7, LOC_CITY_QUANG_TRI, 5.00, -9999.00, -9999.00, -9999.00, 115.94, -9999.00, -9999.00, -9999.00, -9999.00, -9999.00, -9999.00
56, 7, LOC_CITY_NAME_ARPINUM, 3.00, -9999.00, 0.00, -9999.00, -9999.00, -9999.00, -9999.00, -9999.00, -9999.00, -9999.00, -9999.00
56, 7, LOC_CITY_NAME_FORTALEZA, 5.00, -9999.00, -9999.00, -9999.00, -9999.00, -9999.00, -9999.00, -9999.00, -9999.00, -9999.00, -9999.00
56, 7, LOC_CITY_NAME_CHALKIDIKI, 3.00, -9999.00, 0.00, -9999.00, -9999.00, -9999.00, -9999.00, -9999.00, -9999.00, -9999.00, -9999.00
56, 7, LOC_CITY_NAME_COLOGNE, -9999.00, -9999.00, -9999.00, -9999.00, -9999.00, -9999.00, -9999.00, -9999.00, -9999.00, -9999.00, -9999.00
56, 7, LOC_CITY_NAME_KERMA, 4.00, -9999.00, -9999.00, -9999.00, 0.00, -9999.00, -9999.00, -9999.00, -9999.00, -9999.00, 2791.27
56, 7, LOC_CITY_HOI_AN, 5.00, -9999.00, -9999.00, -9999.00, -9999.00, -9999.00, -9999.00, -9999.00, -9999.00, -9999.00, -9999.00
56, 7, LOC_CITY_NAME_LUGDUNUM, 3.00, -9999.00, -9999.00, -9999.00, -9999.00, -9999.00, -9999.00, -9999.00, -9999.00, -9999.00, -9999.00
56, 7, LOC_CITY_NAME_BABYLON_STK, 4.00, -9999.00, -9999.00, -9999.00, -9999.00, -9999.00, -9999.00, -9999.00, -9999.00, -9999.00, 2442.12
56, 7, LOC_CITY_NAME_ALEXANDRIA_LATMUS, 3.00, -9999.00, 0.00, -9999.00, -9999.00, -9999.00, -9999.00, -9999.00, -9999.00, -9999.00, -9999.00
56, 7, LOC_CITY_NAME_PATNA, 2.00, -9999.00, -9999.00, -9999.00, -9999.00, 356.59, -9999.00, -9999.00, -9999.00, -9999.00, -9999.00
56, 7, LOC_CITY_NAME_CURITIBA, 5.00, -9999.00, -9999.00, -9999.00, -9999.00, -9999.00, -9999.00, -9999.00, -9999.00, -9999.00, -9999.00
56, 7, LOC_CITY_NAME_LISBON, -9999.00, -9999.00, -9999.00, -9999.00, -9999.00, -9999.00, -9999.00, -9999.00, 0.00, -9999.00, -9999.00
56, 7, LOC_CITY_NAME_SWENETT, 2.00, -9999.00, -9999.00, -9999.00, -9999.00, 374.34, -9999.00, -9999.00, -9999.00, -9999.00, 1426.05
56, 7, LOC_CITY_NAME_BORSIPPA, 4.00, -9999.00, -9999.00, -9999.00, 115.94, 301.54, -9999.00, -9999.00, -9999.00, -9999.00, 76.36
56, 7, LOC_CITY_NAME_KARKAR, 4.00, -9999.00, -9999.00, -9999.00, -9999.00, 306.64, -9999.00, -9999.00, -9999.00, -9999.00, 149.67
56, 7, LOC_CITY_NAME_CUMAE, 3.00, -9999.00, -9999.00, -9999.00, -9999.00, -9999.00, -9999.00, -9999.00, -9999.00, -9999.00, -9999.00
56, 7, LOC_CITY_NAME_MEROE, 4.00, -9999.00, -9999.00, -9999.00, 0.00, 410.64, -9999.00, -9999.00, -9999.00, -9999.00, 3279.87
56, 7, LOC_CITY_NAME_KUMASI, -9999.00, -9999.00, -9999.00, -9999.00, -9999.00, -9999.00, -9999.00, -9999.00, 0.00, -9999.00, -9999.00
56, 7, LOC_CITY_NAME_MEMPHIS, 2.00, -9999.00, -9999.00, -9999.00, -9999.00, 217.56, -9999.00, -9999.00, -9999.00, -9999.00, 1399.13
56, 7, LOC_CITY_NAME_JOHANNESBURG, -9999.00, -9999.00, -9999.00, -9999.00, -9999.00, -9999.00, -9999.00, -9999.00, 0.00, -9999.00, -9999.00
56, 7, LOC_CITY_NAME_DORTMUND, -9999.00, -9999.00, -9999.00, -9999.00, -9999.00, -9999.00, -9999.00, -9999.00, -9999.00, -9999.00, -9999.00
56, 7, LOC_CITY_HOA_LU, 5.00, -9999.00, -9999.00, -9999.00, -9999.00, -9999.00, -9999.00, -9999.00, -9999.00, -9999.00, -9999.00
56, 7, LOC_CITY_NAME_FEZ, 3.00, -9999.00, -9999.00, -9999.00, -9999.00, -9999.00, -9999.00, -9999.00, -9999.00, -9999.00, -9999.00
56, 7, LOC_CITY_NAME_KAWA, 4.00, -9999.00, -9999.00, -9999.00, -9999.00, 171.09, -9999.00, -9999.00, -9999.00, -9999.00, 1512.22
56, 7, LOC_CITY_NAME_JERUSALEM, 5.00, -9999.00, -9999.00, -9999.00, -9999.00, -9999.00, -9999.00, -9999.00, -9999.00, -9999.00, -9999.00
56, 7, LOC_CITY_NAME_SALVADOR, 5.00, -9999.00, -9999.00, -9999.00, -9999.00, -9999.00, -9999.00, -9999.00, -9999.00, -9999.00, -9999.00
56, 7, LOC_CITY_NAME_EL_KURRU, 4.00, -9999.00, -9999.00, -9999.00, -9999.00, 162.54, -9999.00, -9999.00, -9999.00, -9999.00, -9999.00
56, 7, LOC_CITY_NAME_VATICAN_CITY, -9999.00, -9999.00, -9999.00, -9999.00, -9999.00, -9999.00, -9999.00, -9999.00, 0.00, -9999.00, -9999.00
56, 7, LOC_CITY_NAME_PRESLAV, -9999.00, -9999.00, -9999.00, -9999.00, -9999.00, -9999.00, -9999.00, -9999.00, 0.00, -9999.00, -9999.00
56, 7, LOC_CITY_NAME_HEIDELBERG, -9999.00, -9999.00, -9999.00, -9999.00, -9999.00, -9999.00, -9999.00, -9999.00, -9999.00, -9999.00, -9999.00
56, 7, LOC_CITY_NAME_METHONE, 3.00, -9999.00, -9999.00, -9999.00, -9999.00, -9999.00, -9999.00, -9999.00, -9999.00, -9999.00, -9999.00
56, 7, LOC_CITY_NAME_AKHETATEN, 2.00, -9999.00, -9999.00, -9999.00, -9999.00, -9999.00, -9999.00, -9999.00, -9999.00, -9999.00, 966.92
56, 7, LOC_CITY_NAME_BABYLON, -9999.00, -9999.00, -9999.00, -9999.00, -9999.00, -9999.00, -9999.00, -9999.00, 0.00, -9999.00, -9999.00
56, 7, LOC_CITY_NAME_QASR_IBRIM, 4.00, -9999.00, -9999.00, -9999.00, -9999.00, -9999.00, -9999.00, -9999.00, -9999.00, -9999.00, -9999.00
56, 7, LOC_CITY_NAME_HEH, 4.00, -9999.00, -9999.00, -9999.00, -9999.00, 350.74, -9999.00, -9999.00, -9999.00, -9999.00, 200.00
56, 7, LOC_CITY_NAME_SHAAT, 4.00, -9999.00, -9999.00, -9999.00, -9999.00, 102.64, -9999.00, -9999.00, -9999.00, -9999.00, -9999.00
56, 7, LOC_CITY_NAME_SEDEINGA, 4.00, -9999.00, -9999.00, -9999.00, 0.00, 265.18, -9999.00, -9999.00, -9999.00, -9999.00, 1637.84
56, 7, LOC_CITY_DONG_HOI, 5.00, -9999.00, -9999.00, -9999.00, -9999.00, -9999.00, -9999.00, -9999.00, -9999.00, -9999.00, -9999.00
56, 7, LOC_CITY_NAME_BRUNDISIUM, 3.00, -9999.00, -9999.00, -9999.00, -9999.00, -9999.00, -9999.00, -9999.00, -9999.00, -9999.00, -9999.00
56, 7, LOC_CITY_NAME_PORTO_ALEGRE, 5.00, -9999.00, -9999.00, -9999.00, -9999.00, -9999.00, -9999.00, -9999.00, -9999.00, -9999.00, -9999.00
56, 7, LOC_CITY_NAME_MAINZ, -9999.00, -9999.00, -9999.00, -9999.00, -9999.00, -9999.00, -9999.00, -9999.00, -9999.00, -9999.00, -9999.00
56, 7, LOC_CITY_NAME_NURI, 4.00, -9999.00, -9999.00, -9999.00, 0.00, -9999.00, -9999.00, -9999.00, -9999.00, -9999.00, -9999.00
56, 7, LOC_CITY_NAME_YEREVAN, -9999.00, -9999.00, -9999.00, -9999.00, -9999.00, -9999.00, -9999.00, -9999.00, 0.00, -9999.00, -9999.00
56, 7, LOC_CITY_NAME_HATTUSA, -9999.00, -9999.00, -9999.00, -9999.00, -9999.00, -9999.00, -9999.00, -9999.00, 0.00, -9999.00, -9999.00
56, 7, LOC_CITY_CAN_THO, 5.00, -9999.00, -9999.00, -9999.00, -9999.00, -9999.00, -9999.00, -9999.00, -9999.00, -9999.00, -9999.00
56, 7, LOC_CITY_NAME_SHEDET, 2.00, -9999.00, -9999.00, -9999.00, -9999.00, -9999.00, -9999.00, -9999.00, -9999.00, -9999.00, -9999.00
56, 7, LOC_CITY_NAME_SETIA, 3.00, -9999.00, -9999.00, -9999.00, -9999.00, -9999.00, -9999.00, -9999.00, -9999.00, -9999.00, -9999.00
56, 7, LOC_CITY_NAME_VILNIUS, 5.00, -9999.00, -9999.00, -9999.00, -9999.00, -9999.00, -9999.00, -9999.00, -9999.00, -9999.00, -9999.00
56, 7, LOC_CITY_NAME_NEKHEN, 2.00, -9999.00, -9999.00, -9999.00, -9999.00, 261.06, -9999.00, -9999.00, -9999.00, -9999.00, 1274.71
56, 7, LOC_CITY_NAME_RA_KEDET, 2.00, -9999.00, -9999.00, -9999.00, -9999.00, 261.06, -9999.00, -9999.00, -9999.00, -9999.00, 2038.32
56, 7, LOC_CITY_NAME_BERLIN, -9999.00, -9999.00, -9999.00, -9999.00, -9999.00, -9999.00, -9999.00, -9999.00, -9999.00, -9999.00, -9999.00
56, 7, LOC_CITY_NAME_CHENNAI, 2.00, -9999.00, -9999.00, -9999.00, -9999.00, 351.75, -9999.00, -9999.00, -9999.00, -9999.00, 2404.05
56, 7, 7536690, MOVE TO CITY(66 62), BEGIN, 14:50
56, 8, LOC_CITY_NAME_AACHEN, 1.00, -9999.00, 2164.75, 211.91, -9999.00, -9999.00, -9999.00, -9999.00, -9999.00, -9999.00, -9999.00
56, 8, LOC_CITY_NAME_RIO_DE_JANEIRO, 3.00, -9999.00, -9999.00, -9999.00, -9999.00, 536.36, -9999.00, -9999.00, -9999.00, -9999.00, -9999.00
56, 8, LOC_CITY_NAME_PELLA, 1.00, -9999.00, -9999.00, -9999.00, 115.94, 137.91, -9999.00, -9999.00, -9999.00, -9999.00, -9999.00
56, 8, LOC_CITY_HA_NOI, -9999.00, -9999.00, -9999.00, -9999.00, -9999.00, -9999.00, -9999.00, -9999.00, -9999.00, -9999.00, -9999.00
56, 8, LOC_CITY_NAME_ROME, 1.00, -9999.00, 0.00, -9999.00, -9999.00, -9999.00, -9999.00, -9999.00, -9999.00, -9999.00, -9999.00
56, 8, LOC_CITY_HUE, -9999.00, -9999.00, -9999.00, -9999.00, -9999.00, -9999.00, -9999.00, -9999.00, -9999.00, -9999.00, -9999.00
56, 8, LOC_CITY_NAME_SAO_PAULO, 3.00, -9999.00, -9999.00, 211.91, -9999.00, -9999.00, -9999.00, -9999.00, -9999.00, -9999.00, -9999.00
56, 8, LOC_CITY_NAME_ALEXANDRIA_TROAS, 1.00, -9999.00, 0.00, -9999.00, -9999.00, -9999.00, -9999.00, -9999.00, -9999.00, -9999.00, -9999.00
56, 8, LOC_CITY_NAME_ARRETIUM, 1.00, -9999.00, 0.00, -9999.00, 115.94, -9999.00, -9999.00, -9999.00, -9999.00, -9999.00, -9999.00
56, 8, LOC_CITY_NAME_MAGDEBURG, 1.00, -9999.00, 2164.75, 211.91, -9999.00, -9999.00, -9999.00, -9999.00, -9999.00, -9999.00, -9999.00
56, 8, LOC_CITY_QUANG_TRI, -9999.00, -9999.00, -9999.00, -9999.00, -9999.00, -9999.00, -9999.00, -9999.00, -9999.00, -9999.00, -9999.00
56, 8, LOC_CITY_NAME_ARPINUM, 1.00, -9999.00, 0.00, -9999.00, -9999.00, -9999.00, -9999.00, -9999.00, -9999.00, -9999.00, -9999.00
56, 8, LOC_CITY_NAME_FORTALEZA, 3.00, -9999.00, -9999.00, -9999.00, -9999.00, -9999.00, -9999.00, -9999.00, -9999.00, -9999.00, -9999.00
56, 8, LOC_CITY_NAME_CHALKIDIKI, 1.00, -9999.00, 0.00, -9999.00, -9999.00, -9999.00, -9999.00, -9999.00, -9999.00, -9999.00, -9999.00
56, 8, LOC_CITY_NAME_COLOGNE, 1.00, -9999.00, 2164.75, 211.91, 0.00, -9999.00, -9999.00, -9999.00, -9999.00, -9999.00, -9999.00
56, 8, LOC_CITY_HOI_AN, -9999.00, -9999.00, -9999.00, -9999.00, -9999.00, -9999.00, -9999.00, -9999.00, -9999.00, -9999.00, -9999.00
56, 8, LOC_CITY_NAME_KERMA, 2.00, -9999.00, 2164.75, -9999.00, 0.00, -9999.00, -9999.00, -9999.00, -9999.00, -9999.00, 2830.24
56, 8, LOC_CITY_NAME_LUGDUNUM, 1.00, -9999.00, -9999.00, -9999.00, -9999.00, -9999.00, -9999.00, -9999.00, -9999.00, -9999.00, -9999.00
56, 8, LOC_CITY_NAME_BABYLON_STK, 2.00, -9999.00, 2164.75, -9999.00, -9999.00, -9999.00, -9999.00, -9999.00, -9999.00, -9999.00, 2499.27
56, 8, LOC_CITY_NAME_ALEXANDRIA_LATMUS, 1.00, -9999.00, 0.00, -9999.00, -9999.00, -9999.00, -9999.00, -9999.00, -9999.00, -9999.00, -9999.00
56, 8, LOC_CITY_NAME_PATNA, 0.00, -9999.00, -9999.00, 211.91, -9999.00, 356.59, -9999.00, -9999.00, -9999.00, -9999.00, 2695.22
56, 8, LOC_CITY_NAME_CURITIBA, 3.00, -9999.00, -9999.00, -9999.00, -9999.00, -9999.00, -9999.00, -9999.00, -9999.00, -9999.00, -9999.00
56, 8, LOC_CITY_NAME_LISBON, -9999.00, -9999.00, -9999.00, -9999.00, -9999.00, -9999.00, -9999.00, -9999.00, 0.00, -9999.00, -9999.00
56, 8, LOC_CITY_NAME_SWENETT, 0.00, -9999.00, 2164.75, -9999.00, -9999.00, 374.34, -9999.00, -9999.00, -9999.00, -9999.00, 1456.75
56, 8, LOC_CITY_NAME_BORSIPPA, 2.00, -9999.00, 2164.75, -9999.00, 115.94, 301.54, -9999.00, -9999.00, -9999.00, -9999.00, 84.45
56, 8, LOC_CITY_NAME_KARKAR, 2.00, -9999.00, 2164.75, -9999.00, -9999.00, 306.64, -9999.00, -9999.00, -9999.00, -9999.00, 151.69
56, 8, LOC_CITY_NAME_CUMAE, 1.00, -9999.00, -9999.00, -9999.00, -9999.00, -9999.00, -9999.00, -9999.00, -9999.00, -9999.00, -9999.00
56, 8, LOC_CITY_NAME_MEROE, 2.00, -9999.00, 2164.75, -9999.00, 0.00, 410.64, -9999.00, -9999.00, -9999.00, -9999.00, 3306.72
56, 8, LOC_CITY_NAME_KUMASI, -9999.00, -9999.00, -9999.00, -9999.00, -9999.00, -9999.00, -9999.00, -9999.00, 0.00, -9999.00, -9999.00
56, 8, LOC_CITY_NAME_MEMPHIS, 0.00, -9999.00, 2164.75, -9999.00, -9999.00, 217.56, -9999.00, -9999.00, -9999.00, -9999.00, 1448.16
56, 8, LOC_CITY_NAME_JOHANNESBURG, -9999.00, -9999.00, -9999.00, -9999.00, -9999.00, -9999.00, -9999.00, -9999.00, 0.00, -9999.00, -9999.00
56, 8, LOC_CITY_NAME_DORTMUND, 1.00, -9999.00, -9999.00, 211.91, -9999.00, -9999.00, -9999.00, -9999.00, -9999.00, -9999.00, -9999.00
56, 8, LOC_CITY_HOA_LU, -9999.00, -9999.00, -9999.00, -9999.00, -9999.00, -9999.00, -9999.00, -9999.00, -9999.00, -9999.00, -9999.00
56, 8, LOC_CITY_NAME_FEZ, 1.00, -9999.00, -9999.00, -9999.00, -9999.00, -9999.00, -9999.00, -9999.00, -9999.00, -9999.00, -9999.00
56, 8, LOC_CITY_NAME_KAWA, 2.00, -9999.00, 2164.75, -9999.00, -9999.00, 171.09, -9999.00, -9999.00, -9999.00, -9999.00, 1572.79
56, 8, LOC_CITY_NAME_JERUSALEM, 3.00, -9999.00, -9999.00, -9999.00, -9999.00, -9999.00, -9999.00, -9999.00, -9999.00, -9999.00, -9999.00
56, 8, LOC_CITY_NAME_SALVADOR, 3.00, -9999.00, -9999.00, -9999.00, -9999.00, -9999.00, -9999.00, -9999.00, -9999.00, -9999.00, -9999.00
56, 8, LOC_CITY_NAME_EL_KURRU, 2.00, -9999.00, 2164.75, -9999.00, -9999.00, 162.54, -9999.00, -9999.00, -9999.00, -9999.00, -9999.00
56, 8, LOC_CITY_NAME_VATICAN_CITY, -9999.00, -9999.00, -9999.00, -9999.00, -9999.00, -9999.00, -9999.00, -9999.00, 0.00, -9999.00, -9999.00
56, 8, LOC_CITY_NAME_HEIDELBERG, 1.00, -9999.00, -9999.00, -9999.00, -9999.00, -9999.00, -9999.00, -9999.00, -9999.00, -9999.00, -9999.00
56, 8, LOC_CITY_NAME_PRESLAV, -9999.00, -9999.00, -9999.00, -9999.00, -9999.00, -9999.00, -9999.00, -9999.00, 0.00, -9999.00, -9999.00
56, 8, LOC_CITY_NAME_METHONE, 1.00, -9999.00, -9999.00, -9999.00, -9999.00, -9999.00, -9999.00, -9999.00, -9999.00, -9999.00, -9999.00
56, 8, LOC_CITY_NAME_AKHETATEN, 0.00, -9999.00, 2164.75, -9999.00, -9999.00, -9999.00, -9999.00, -9999.00, -9999.00, -9999.00, 996.67
56, 8, LOC_CITY_NAME_BABYLON, -9999.00, -9999.00, -9999.00, -9999.00, -9999.00, -9999.00, -9999.00, -9999.00, 0.00, -9999.00, -9999.00
56, 8, LOC_CITY_NAME_QASR_IBRIM, 2.00, -9999.00, 2164.75, -9999.00, -9999.00, -9999.00, -9999.00, -9999.00, -9999.00, -9999.00, -9999.00
56, 8, LOC_CITY_NAME_HEH, 2.00, -9999.00, -9999.00, -9999.00, -9999.00, 350.74, -9999.00, -9999.00, -9999.00, -9999.00, 200.00
56, 8, LOC_CITY_DONG_HOI, -9999.00, -9999.00, -9999.00, -9999.00, -9999.00, -9999.00, -9999.00, -9999.00, -9999.00, -9999.00, -9999.00
56, 8, LOC_CITY_NAME_SHAAT, 2.00, -9999.00, -9999.00, -9999.00, -9999.00, 102.64, -9999.00, -9999.00, -9999.00, -9999.00, -9999.00
56, 8, LOC_CITY_NAME_SEDEINGA, 2.00, -9999.00, 2164.75, -9999.00, 0.00, 265.18, -9999.00, -9999.00, -9999.00, -9999.00, 1675.47
56, 8, LOC_CITY_NAME_BRUNDISIUM, 1.00, -9999.00, -9999.00, -9999.00, -9999.00, -9999.00, -9999.00, -9999.00, -9999.00, -9999.00, -9999.00
56, 8, LOC_CITY_NAME_PORTO_ALEGRE, 3.00, -9999.00, -9999.00, -9999.00, -9999.00, -9999.00, -9999.00, -9999.00, -9999.00, -9999.00, -9999.00
56, 8, LOC_CITY_NAME_MAINZ, 1.00, -9999.00, 2164.75, 211.91, -9999.00, -9999.00, -9999.00, -9999.00, -9999.00, -9999.00, -9999.00
56, 8, LOC_CITY_NAME_NURI, 2.00, -9999.00, -9999.00, -9999.00, 0.00, -9999.00, -9999.00, -9999.00, -9999.00, -9999.00, -9999.00
56, 8, LOC_CITY_NAME_YEREVAN, -9999.00, -9999.00, -9999.00, -9999.00, -9999.00, -9999.00, -9999.00, -9999.00, 0.00, -9999.00, -9999.00
56, 8, LOC_CITY_NAME_HATTUSA, -9999.00, -9999.00, -9999.00, -9999.00, -9999.00, -9999.00, -9999.00, -9999.00, 0.00, -9999.00, -9999.00
56, 8, LOC_CITY_CAN_THO, -9999.00, -9999.00, -9999.00, -9999.00, -9999.00, -9999.00, -9999.00, -9999.00, -9999.00, -9999.00, -9999.00
56, 8, LOC_CITY_NAME_SHEDET, 0.00, -9999.00, 2164.75, -9999.00, -9999.00, -9999.00, -9999.00, -9999.00, -9999.00, -9999.00, -9999.00
56, 8, LOC_CITY_NAME_VILNIUS, -9999.00, -9999.00, -9999.00, -9999.00, -9999.00, -9999.00, -9999.00, -9999.00, -9999.00, -9999.00, -9999.00
56, 8, LOC_CITY_NAME_SETIA, 1.00, -9999.00, -9999.00, -9999.00, -9999.00, -9999.00, -9999.00, -9999.00, -9999.00, -9999.00, -9999.00
56, 8, LOC_CITY_NAME_BERLIN, 1.00, -9999.00, -9999.00, -9999.00, -9999.00, -9999.00, -9999.00, -9999.00, -9999.00, -9999.00, -9999.00
56, 8, LOC_CITY_NAME_NEKHEN, 0.00, -9999.00, 2164.75, -9999.00, -9999.00, 261.06, -9999.00, -9999.00, -9999.00, -9999.00, 1306.48
56, 8, LOC_CITY_NAME_RA_KEDET, 0.00, -9999.00, 2164.75, -9999.00, -9999.00, 261.06, -9999.00, -9999.00, -9999.00, -9999.00, 2075.84
56, 8, LOC_CITY_NAME_CHENNAI, 0.00, -9999.00, 2164.75, -9999.00, -9999.00, 351.75, -9999.00, -9999.00, -9999.00, -9999.00, 2513.86
56, 9, LOC_CITY_HA_NOI, 5.00, -9999.00, 371.42, -9999.00, -9999.00, -9999.00, -9999.00, -9999.00, -9999.00, -9999.00, -9999.00
56, 9, LOC_CITY_NAME_AACHEN, 4.00, -9999.00, 371.42, 149.41, -9999.00, -9999.00, -9999.00, -9999.00, -9999.00, -9999.00, -9999.00
56, 9, LOC_CITY_NAME_RIO_DE_JANEIRO, 4.00, -9999.00, 75.32, -9999.00, -9999.00, 551.13, -9999.00, -9999.00, -9999.00, -9999.00, -9999.00
56, 9, LOC_CITY_NAME_PELLA, 2.00, -9999.00, -9999.00, -9999.00, 115.94, 141.70, -9999.00, -9999.00, -9999.00, -9999.00, -9999.00
56, 9, LOC_CITY_NAME_ROME, -9999.00, -9999.00, -9999.00, -9999.00, -9999.00, -9999.00, -9999.00, -9999.00, -9999.00, -9999.00, -9999.00
56, 9, LOC_CITY_HUE, 5.00, -9999.00, -9999.00, -9999.00, -9999.00, -9999.00, -9999.00, -9999.00, -9999.00, -9999.00, -9999.00
56, 9, LOC_CITY_NAME_SAO_PAULO, 4.00, -9999.00, 75.32, 149.41, -9999.00, -9999.00, -9999.00, -9999.00, -9999.00, -9999.00, -9999.00
56, 9, LOC_CITY_NAME_ALEXANDRIA_TROAS, 2.00, -9999.00, -9999.00, -9999.00, -9999.00, -9999.00, -9999.00, -9999.00, -9999.00, -9999.00, -9999.00
56, 9, LOC_CITY_NAME_ARRETIUM, -9999.00, -9999.00, -9999.00, -9999.00, -9999.00, -9999.00, -9999.00, -9999.00, -9999.00, -9999.00, -9999.00
56, 9, LOC_CITY_QUANG_TRI, 5.00, -9999.00, 371.42, -9999.00, 115.94, -9999.00, -9999.00, -9999.00, -9999.00, -9999.00, -9999.00
56, 9, LOC_CITY_NAME_MAGDEBURG, 4.00, -9999.00, 371.42, 149.41, -9999.00, -9999.00, -9999.00, -9999.00, -9999.00, -9999.00, -9999.00
56, 9, LOC_CITY_NAME_ARPINUM, -9999.00, -9999.00, -9999.00, -9999.00, -9999.00, -9999.00, -9999.00, -9999.00, -9999.00, -9999.00, -9999.00
56, 9, LOC_CITY_NAME_FORTALEZA, 4.00, -9999.00, -9999.00, -9999.00, -9999.00, -9999.00, -9999.00, -9999.00, -9999.00, -9999.00, -9999.00
56, 9, LOC_CITY_NAME_CHALKIDIKI, 2.00, -9999.00, -9999.00, -9999.00, -9999.00, -9999.00, -9999.00, -9999.00, -9999.00, -9999.00, -9999.00
56, 9, LOC_CITY_NAME_COLOGNE, 4.00, -9999.00, 371.42, 149.41, 0.00, -9999.00, -9999.00, -9999.00, -9999.00, -9999.00, -9999.00
56, 9, LOC_CITY_HOI_AN, 5.00, -9999.00, -9999.00, -9999.00, -9999.00, -9999.00, -9999.00, -9999.00, -9999.00, -9999.00, -9999.00
56, 9, LOC_CITY_NAME_LUGDUNUM, -9999.00, -9999.00, -9999.00, -9999.00, -9999.00, -9999.00, -9999.00, -9999.00, -9999.00, -9999.00, -9999.00
56, 9, LOC_CITY_NAME_KERMA, 3.00, -9999.00, 371.42, -9999.00, 0.00, -9999.00, -9999.00, -9999.00, -9999.00, -9999.00, 2830.65
56, 9, LOC_CITY_NAME_BABYLON_STK, 3.00, -9999.00, 371.42, -9999.00, -9999.00, -9999.00, -9999.00, -9999.00, -9999.00, -9999.00, 2480.95
56, 9, LOC_CITY_NAME_ALEXANDRIA_LATMUS, 2.00, -9999.00, -9999.00, -9999.00, -9999.00, -9999.00, -9999.00, -9999.00, -9999.00, -9999.00, -9999.00
56, 9, LOC_CITY_NAME_PATNA, 1.00, -9999.00, -9999.00, 149.41, -9999.00, 366.41, -9999.00, -9999.00, -9999.00, -9999.00, 2658.63
56, 9, LOC_CITY_NAME_CURITIBA, 4.00, -9999.00, -9999.00, -9999.00, -9999.00, -9999.00, -9999.00, -9999.00, -9999.00, -9999.00, -9999.00
56, 9, LOC_CITY_NAME_LISBON, -9999.00, -9999.00, -9999.00, -9999.00, -9999.00, -9999.00, -9999.00, -9999.00, 0.00, -9999.00, -9999.00
56, 9, LOC_CITY_NAME_SWENETT, 1.00, -9999.00, 371.42, -9999.00, -9999.00, 384.65, -9999.00, -9999.00, -9999.00, -9999.00, 1442.84
56, 9, LOC_CITY_NAME_BORSIPPA, 3.00, -9999.00, 371.42, -9999.00, 115.94, 309.84, -9999.00, -9999.00, -9999.00, -9999.00, 80.95
56, 9, LOC_CITY_NAME_KARKAR, 3.00, -9999.00, 371.42, -9999.00, -9999.00, 315.08, -9999.00, -9999.00, -9999.00, -9999.00, 150.82
56, 9, LOC_CITY_NAME_MEROE, 3.00, -9999.00, 371.42, -9999.00, 0.00, 421.95, -9999.00, -9999.00, -9999.00, -9999.00, 3323.23
56, 9, LOC_CITY_NAME_CUMAE, -9999.00, -9999.00, -9999.00, -9999.00, -9999.00, -9999.00, -9999.00, -9999.00, -9999.00, -9999.00, -9999.00
56, 9, LOC_CITY_NAME_KUMASI, -9999.00, -9999.00, -9999.00, -9999.00, -9999.00, -9999.00, -9999.00, -9999.00, 0.00, -9999.00, -9999.00
56, 9, LOC_CITY_NAME_MEMPHIS, 1.00, -9999.00, 371.42, -9999.00, -9999.00, 223.55, -9999.00, -9999.00, -9999.00, -9999.00, 1422.48
56, 9, LOC_CITY_NAME_JOHANNESBURG, -9999.00, -9999.00, -9999.00, -9999.00, -9999.00, -9999.00, -9999.00, -9999.00, 0.00, -9999.00, -9999.00
56, 9, LOC_CITY_HOA_LU, 5.00, -9999.00, -9999.00, -9999.00, -9999.00, -9999.00, -9999.00, -9999.00, -9999.00, -9999.00, -9999.00
56, 9, LOC_CITY_NAME_DORTMUND, 4.00, -9999.00, -9999.00, 149.41, -9999.00, -9999.00, -9999.00, -9999.00, -9999.00, -9999.00, -9999.00
56, 9, LOC_CITY_NAME_FEZ, 2.00, -9999.00, -9999.00, -9999.00, -9999.00, -9999.00, -9999.00, -9999.00, -9999.00, -9999.00, -9999.00
56, 9, LOC_CITY_NAME_KAWA, 3.00, -9999.00, 371.42, -9999.00, -9999.00, 175.80, -9999.00, -9999.00, -9999.00, -9999.00, 1539.56
56, 9, LOC_CITY_NAME_JERUSALEM, 4.00, -9999.00, -9999.00, -9999.00, -9999.00, -9999.00, -9999.00, -9999.00, -9999.00, -9999.00, -9999.00
56, 9, LOC_CITY_NAME_SALVADOR, 4.00, -9999.00, 75.32, -9999.00, -9999.00, -9999.00, -9999.00, -9999.00, -9999.00, -9999.00, -9999.00
56, 9, LOC_CITY_NAME_EL_KURRU, 3.00, -9999.00, 371.42, -9999.00, -9999.00, 167.01, -9999.00, -9999.00, -9999.00, -9999.00, -9999.00
56, 9, LOC_CITY_NAME_VATICAN_CITY, -9999.00, -9999.00, -9999.00, -9999.00, -9999.00, -9999.00, -9999.00, -9999.00, 0.00, -9999.00, -9999.00
56, 9, LOC_CITY_NAME_HEIDELBERG, 4.00, -9999.00, -9999.00, -9999.00, -9999.00, -9999.00, -9999.00, -9999.00, -9999.00, -9999.00, -9999.00
56, 9, LOC_CITY_NAME_PRESLAV, -9999.00, -9999.00, -9999.00, -9999.00, -9999.00, -9999.00, -9999.00, -9999.00, 0.00, -9999.00, -9999.00
56, 9, LOC_CITY_NAME_METHONE, 2.00, -9999.00, -9999.00, -9999.00, -9999.00, -9999.00, -9999.00, -9999.00, -9999.00, -9999.00, -9999.00
56, 9, LOC_CITY_NAME_AKHETATEN, 1.00, -9999.00, 371.42, -9999.00, -9999.00, -9999.00, -9999.00, -9999.00, -9999.00, -9999.00, 981.25
56, 9, LOC_CITY_NAME_BABYLON, -9999.00, -9999.00, -9999.00, -9999.00, -9999.00, -9999.00, -9999.00, -9999.00, 0.00, -9999.00, -9999.00
56, 9, LOC_CITY_NAME_QASR_IBRIM, 3.00, -9999.00, 371.42, -9999.00, -9999.00, -9999.00, -9999.00, -9999.00, -9999.00, -9999.00, -9999.00
56, 9, LOC_CITY_NAME_HEH, 3.00, -9999.00, -9999.00, -9999.00, -9999.00, 360.40, -9999.00, -9999.00, -9999.00, -9999.00, 200.00
56, 9, LOC_CITY_DONG_HOI, 5.00, -9999.00, 371.42, -9999.00, -9999.00, -9999.00, -9999.00, -9999.00, -9999.00, -9999.00, -9999.00
56, 9, LOC_CITY_NAME_SHAAT, 3.00, -9999.00, -9999.00, -9999.00, -9999.00, 105.47, -9999.00, -9999.00, -9999.00, -9999.00, -9999.00
56, 9, LOC_CITY_NAME_SEDEINGA, 3.00, -9999.00, 371.42, -9999.00, 0.00, 272.48, -9999.00, -9999.00, -9999.00, -9999.00, 1664.31
56, 9, LOC_CITY_NAME_BRUNDISIUM, -9999.00, -9999.00, -9999.00, -9999.00, -9999.00, -9999.00, -9999.00, -9999.00, -9999.00, -9999.00, -9999.00
56, 9, LOC_CITY_NAME_PORTO_ALEGRE, 4.00, -9999.00, 75.32, -9999.00, -9999.00, -9999.00, -9999.00, -9999.00, -9999.00, -9999.00, -9999.00
56, 9, LOC_CITY_NAME_MAINZ, 4.00, -9999.00, 371.42, 149.41, -9999.00, -9999.00, -9999.00, -9999.00, -9999.00, -9999.00, -9999.00
56, 9, LOC_CITY_NAME_NURI, 3.00, -9999.00, -9999.00, -9999.00, 0.00, -9999.00, -9999.00, -9999.00, -9999.00, -9999.00, -9999.00
56, 9, LOC_CITY_NAME_YEREVAN, -9999.00, -9999.00, -9999.00, -9999.00, -9999.00, -9999.00, -9999.00, -9999.00, 0.00, -9999.00, -9999.00
56, 9, LOC_CITY_CAN_THO, 5.00, -9999.00, -9999.00, -9999.00, -9999.00, -9999.00, -9999.00, -9999.00, -9999.00, -9999.00, -9999.00
56, 9, LOC_CITY_NAME_HATTUSA, -9999.00, -9999.00, -9999.00, -9999.00, -9999.00, -9999.00, -9999.00, -9999.00, 0.00, -9999.00, -9999.00
56, 9, LOC_CITY_NAME_VILNIUS, 5.00, -9999.00, -9999.00, -9999.00, -9999.00, -9999.00, -9999.00, -9999.00, -9999.00, -9999.00, -9999.00
56, 9, LOC_CITY_NAME_SHEDET, 1.00, -9999.00, 371.42, -9999.00, -9999.00, -9999.00, -9999.00, -9999.00, -9999.00, -9999.00, -9999.00
56, 9, LOC_CITY_NAME_SETIA, -9999.00, -9999.00, -9999.00, -9999.00, -9999.00, -9999.00, -9999.00, -9999.00, -9999.00, -9999.00, -9999.00
56, 9, LOC_CITY_NAME_BERLIN, 4.00, -9999.00, -9999.00, -9999.00, -9999.00, -9999.00, -9999.00, -9999.00, -9999.00, -9999.00, -9999.00
56, 9, LOC_CITY_NAME_NEKHEN, 1.00, -9999.00, 371.42, -9999.00, -9999.00, 268.25, -9999.00, -9999.00, -9999.00, -9999.00, 1290.19
56, 9, LOC_CITY_NAME_RA_KEDET, 1.00, -9999.00, 371.42, -9999.00, -9999.00, 268.25, -9999.00, -9999.00, -9999.00, -9999.00, 2060.41
56, 9, LOC_CITY_NAME_CHENNAI, 1.00, -9999.00, 371.42, -9999.00, -9999.00, 361.44, -9999.00, -9999.00, -9999.00, -9999.00, 2445.95
57, 5, LOC_CITY_NAME_PELLA, -9999.00, -9999.00, -9999.00, -9999.00, -9999.00, -9999.00, -9999.00, -9999.00, -9999.00, -9999.00, -9999.00
57, 5, LOC_CITY_NAME_ROME, 4.00, -9999.00, -9999.00, -9999.00, -9999.00, -9999.00, -9999.00, -9999.00, -9999.00, -9999.00, -9999.00
57, 5, LOC_CITY_HA_NOI, 4.00, -9999.00, 371.42, -9999.00, -9999.00, -9999.00, -9999.00, -9999.00, -9999.00, -9999.00, -9999.00
57, 5, LOC_CITY_NAME_AACHEN, 4.00, -9999.00, 371.42, 136.72, -9999.00, -9999.00, -9999.00, -9999.00, -9999.00, -9999.00, -9999.00
57, 5, LOC_CITY_NAME_RIO_DE_JANEIRO, 4.00, -9999.00, 75.32, -9999.00, -9999.00, 493.18, -9999.00, -9999.00, -9999.00, -9999.00, -9999.00
57, 5, LOC_CITY_HUE, 4.00, -9999.00, -9999.00, -9999.00, -9999.00, -9999.00, -9999.00, -9999.00, -9999.00, -9999.00, -9999.00
57, 5, LOC_CITY_NAME_ALEXANDRIA_TROAS, -9999.00, -9999.00, -9999.00, -9999.00, -9999.00, -9999.00, -9999.00, -9999.00, -9999.00, -9999.00, -9999.00
57, 5, LOC_CITY_NAME_SAO_PAULO, 4.00, -9999.00, 75.32, 136.72, -9999.00, -9999.00, -9999.00, -9999.00, -9999.00, -9999.00, -9999.00
57, 5, LOC_CITY_NAME_ARRETIUM, 4.00, -9999.00, -9999.00, -9999.00, 135.94, -9999.00, -9999.00, -9999.00, -9999.00, -9999.00, -9999.00
57, 5, LOC_CITY_QUANG_TRI, 4.00, -9999.00, 371.42, -9999.00, 135.94, -9999.00, -9999.00, -9999.00, -9999.00, -9999.00, -9999.00
57, 5, LOC_CITY_NAME_MAGDEBURG, 4.00, -9999.00, 371.42, 136.72, -9999.00, -9999.00, -9999.00, -9999.00, -9999.00, -9999.00, -9999.00
57, 5, LOC_CITY_NAME_ARPINUM, 4.00, -9999.00, -9999.00, -9999.00, -9999.00, -9999.00, -9999.00, -9999.00, -9999.00, -9999.00, -9999.00
57, 5, LOC_CITY_NAME_CHALKIDIKI, -9999.00, -9999.00, -9999.00, -9999.00, -9999.00, -9999.00, -9999.00, -9999.00, -9999.00, -9999.00, -9999.00
57, 5, LOC_CITY_NAME_FORTALEZA, 4.00, -9999.00, -9999.00, -9999.00, -9999.00, -9999.00, -9999.00, -9999.00, -9999.00, -9999.00, -9999.00
57, 5, LOC_CITY_NAME_COLOGNE, 4.00, -9999.00, 371.42, 136.72, 0.00, -9999.00, -9999.00, -9999.00, -9999.00, -9999.00, -9999.00
57, 5, LOC_CITY_NAME_KERMA, 3.00, -9999.00, 371.42, -9999.00, 0.00, -9999.00, -9999.00, -9999.00, -9999.00, -9999.00, 2875.06
57, 5, LOC_CITY_HOI_AN, 4.00, -9999.00, -9999.00, -9999.00, -9999.00, -9999.00, -9999.00, -9999.00, -9999.00, -9999.00, -9999.00
57, 5, LOC_CITY_NAME_LUGDUNUM, 4.00, -9999.00, -9999.00, -9999.00, -9999.00, -9999.00, -9999.00, -9999.00, -9999.00, -9999.00, -9999.00
57, 5, LOC_CITY_NAME_BABYLON_STK, 3.00, -9999.00, 371.42, -9999.00, -9999.00, -9999.00, -9999.00, -9999.00, -9999.00, -9999.00, 3014.46
57, 5, LOC_CITY_NAME_PATNA, 3.00, -9999.00, -9999.00, 136.72, -9999.00, 327.88, -9999.00, -9999.00, -9999.00, -9999.00, 2835.33
57, 5, LOC_CITY_NAME_ALEXANDRIA_LATMUS, -9999.00, -9999.00, -9999.00, -9999.00, -9999.00, -9999.00, -9999.00, -9999.00, -9999.00, -9999.00, -9999.00
57, 5, LOC_CITY_NAME_CURITIBA, 4.00, -9999.00, -9999.00, -9999.00, -9999.00, -9999.00, -9999.00, -9999.00, -9999.00, -9999.00, -9999.00
57, 5, LOC_CITY_NAME_LISBON, -9999.00, -9999.00, -9999.00, -9999.00, -9999.00, -9999.00, -9999.00, -9999.00, 0.00, -9999.00, -9999.00
57, 5, LOC_CITY_NAME_SWENETT, 3.00, -9999.00, 371.42, -9999.00, -9999.00, 324.68, -9999.00, -9999.00, -9999.00, -9999.00, 1860.05
57, 5, LOC_CITY_NAME_BORSIPPA, 3.00, -9999.00, 371.42, -9999.00, 135.94, 420.70, -9999.00, -9999.00, -9999.00, -9999.00, 0.00
57, 5, LOC_CITY_NAME_KARKAR, 3.00, -9999.00, 371.42, -9999.00, -9999.00, 290.50, -9999.00, -9999.00, -9999.00, -9999.00, 248.15
57, 5, LOC_CITY_NAME_CUMAE, 4.00, -9999.00, -9999.00, -9999.00, -9999.00, -9999.00, -9999.00, -9999.00, -9999.00, -9999.00, -9999.00
57, 5, LOC_CITY_NAME_MEROE, 3.00, -9999.00, 371.42, -9999.00, 0.00, 478.47, -9999.00, -9999.00, -9999.00, -9999.00, 3613.75
57, 5, LOC_CITY_NAME_KUMASI, -9999.00, -9999.00, -9999.00, -9999.00, -9999.00, -9999.00, -9999.00, -9999.00, 0.00, -9999.00, -9999.00
57, 5, LOC_CITY_NAME_MEMPHIS, 3.00, -9999.00, 371.42, -9999.00, -9999.00, 200.05, -9999.00, -9999.00, -9999.00, -9999.00, 1679.21
57, 5, LOC_CITY_NAME_JOHANNESBURG, -9999.00, -9999.00, -9999.00, -9999.00, -9999.00, -9999.00, -9999.00, -9999.00, 0.00, -9999.00, -9999.00
57, 5, LOC_CITY_HOA_LU, 4.00, -9999.00, -9999.00, -9999.00, -9999.00, -9999.00, -9999.00, -9999.00, -9999.00, -9999.00, -9999.00
57, 5, LOC_CITY_NAME_DORTMUND, 4.00, -9999.00, -9999.00, 136.72, -9999.00, -9999.00, -9999.00, -9999.00, -9999.00, -9999.00, -9999.00
57, 5, LOC_CITY_NAME_FEZ, -9999.00, -9999.00, -9999.00, -9999.00, -9999.00, -9999.00, -9999.00, -9999.00, -9999.00, -9999.00, -9999.00
57, 5, LOC_CITY_NAME_KAWA, 3.00, -9999.00, 371.42, -9999.00, -9999.00, 230.69, -9999.00, -9999.00, -9999.00, -9999.00, 1598.84
57, 5, LOC_CITY_NAME_EL_KURRU, 3.00, -9999.00, 371.42, -9999.00, -9999.00, 149.45, -9999.00, -9999.00, -9999.00, -9999.00, -9999.00
57, 5, LOC_CITY_NAME_VATICAN_CITY, -9999.00, -9999.00, -9999.00, -9999.00, -9999.00, -9999.00, -9999.00, -9999.00, 0.00, -9999.00, -9999.00
57, 5, LOC_CITY_NAME_JERUSALEM, 4.00, -9999.00, -9999.00, -9999.00, -9999.00, -9999.00, -9999.00, -9999.00, -9999.00, -9999.00, -9999.00
57, 5, LOC_CITY_NAME_SALVADOR, 4.00, -9999.00, 75.32, -9999.00, -9999.00, -9999.00, -9999.00, -9999.00, -9999.00, -9999.00, -9999.00
57, 5, LOC_CITY_NAME_PRESLAV, -9999.00, -9999.00, -9999.00, -9999.00, -9999.00, -9999.00, -9999.00, -9999.00, 0.00, -9999.00, -9999.00
57, 5, LOC_CITY_NAME_HEIDELBERG, 4.00, -9999.00, -9999.00, -9999.00, -9999.00, -9999.00, -9999.00, -9999.00, -9999.00, -9999.00, -9999.00
57, 5, LOC_CITY_NAME_AKHETATEN, 3.00, -9999.00, 371.42, -9999.00, -9999.00, -9999.00, -9999.00, -9999.00, -9999.00, -9999.00, 1129.18
57, 5, LOC_CITY_NAME_METHONE, -9999.00, -9999.00, -9999.00, -9999.00, -9999.00, -9999.00, -9999.00, -9999.00, -9999.00, -9999.00, -9999.00
57, 5, LOC_CITY_NAME_BABYLON, -9999.00, -9999.00, -9999.00, -9999.00, -9999.00, -9999.00, -9999.00, -9999.00, 0.00, -9999.00, -9999.00
57, 5, LOC_CITY_NAME_QASR_IBRIM, 3.00, -9999.00, 371.42, -9999.00, -9999.00, -9999.00, -9999.00, -9999.00, -9999.00, -9999.00, -9999.00
57, 5, LOC_CITY_NAME_HEH, 3.00, -9999.00, -9999.00, -9999.00, -9999.00, 410.11, -9999.00, -9999.00, -9999.00, -9999.00, 200.00
57, 5, LOC_CITY_NAME_SHAAT, 3.00, -9999.00, -9999.00, -9999.00, -9999.00, 94.38, -9999.00, -9999.00, -9999.00, -9999.00, -9999.00
57, 5, LOC_CITY_NAME_SEDEINGA, 3.00, -9999.00, 371.42, -9999.00, 0.00, 299.04, -9999.00, -9999.00, -9999.00, -9999.00, 405.00
57, 5, LOC_CITY_DONG_HOI, 4.00, -9999.00, 371.42, -9999.00, -9999.00, -9999.00, -9999.00, -9999.00, -9999.00, -9999.00, -9999.00
57, 5, LOC_CITY_NAME_BRUNDISIUM, 4.00, -9999.00, -9999.00, -9999.00, -9999.00, -9999.00, -9999.00, -9999.00, -9999.00, -9999.00, -9999.00
57, 5, LOC_CITY_NAME_PORTO_ALEGRE, 4.00, -9999.00, 75.32, -9999.00, -9999.00, -9999.00, -9999.00, -9999.00, -9999.00, -9999.00, -9999.00
57, 5, LOC_CITY_NAME_NURI, 3.00, -9999.00, -9999.00, -9999.00, 0.00, -9999.00, -9999.00, -9999.00, -9999.00, -9999.00, -9999.00
57, 5, LOC_CITY_NAME_MAINZ, 4.00, -9999.00, 371.42, 136.72, -9999.00, -9999.00, -9999.00, -9999.00, -9999.00, -9999.00, -9999.00
57, 5, LOC_CITY_NAME_YEREVAN, -9999.00, -9999.00, -9999.00, -9999.00, -9999.00, -9999.00, -9999.00, -9999.00, 0.00, -9999.00, -9999.00
57, 5, LOC_CITY_NAME_HATTUSA, -9999.00, -9999.00, -9999.00, -9999.00, -9999.00, -9999.00, -9999.00, -9999.00, 0.00, -9999.00, -9999.00
57, 5, LOC_CITY_CAN_THO, 4.00, -9999.00, -9999.00, -9999.00, -9999.00, -9999.00, -9999.00, -9999.00, -9999.00, -9999.00, -9999.00
57, 5, LOC_CITY_NAME_SHEDET, 3.00, -9999.00, 371.42, -9999.00, -9999.00, -9999.00, -9999.00, -9999.00, -9999.00, -9999.00, -9999.00
57, 5, LOC_CITY_NAME_SETIA, 4.00, -9999.00, -9999.00, -9999.00, -9999.00, -9999.00, -9999.00, -9999.00, -9999.00, -9999.00, -9999.00
57, 5, LOC_CITY_NAME_VILNIUS, 4.00, -9999.00, -9999.00, -9999.00, -9999.00, -9999.00, -9999.00, -9999.00, -9999.00, -9999.00, -9999.00
57, 5, LOC_CITY_NAME_NEKHEN, 3.00, -9999.00, 371.42, -9999.00, -9999.00, 240.04, -9999.00, -9999.00, -9999.00, -9999.00, 1546.96
57, 5, LOC_CITY_NAME_RA_KEDET, 3.00, -9999.00, 371.42, -9999.00, -9999.00, 240.04, -9999.00, -9999.00, -9999.00, -9999.00, 2599.87
57, 5, LOC_CITY_NAME_BERLIN, 4.00, -9999.00, -9999.00, -9999.00, -9999.00, -9999.00, -9999.00, -9999.00, -9999.00, -9999.00, -9999.00
57, 5, LOC_CITY_NAME_CHENNAI, 3.00, -9999.00, 371.42, -9999.00, -9999.00, 311.78, -9999.00, -9999.00, -9999.00, -9999.00, 2531.38
57, 5, LOC_CITY_NAME_BUENOS_AIRES, -9999.00, -9999.00, -9999.00, -9999.00, -9999.00, -9999.00, -9999.00, -9999.00, 0.00, -9999.00, -9999.00
57, 6, LOC_CITY_NAME_PELLA, 2.00, -9999.00, -9999.00, -9999.00, 115.94, 126.80, -9999.00, -9999.00, -9999.00, -9999.00, -9999.00
57, 6, LOC_CITY_NAME_RIO_DE_JANEIRO, -9999.00, -9999.00, -9999.00, -9999.00, -9999.00, -9999.00, -9999.00, -9999.00, -9999.00, -9999.00, -9999.00
57, 6, LOC_CITY_NAME_ROME, 2.00, -9999.00, 0.00, -9999.00, -9999.00, -9999.00, -9999.00, -9999.00, -9999.00, -9999.00, -9999.00
57, 6, LOC_CITY_HA_NOI, 2.00, -9999.00, 402.25, -9999.00, -9999.00, -9999.00, -9999.00, -9999.00, -9999.00, -9999.00, -9999.00
57, 6, LOC_CITY_NAME_AACHEN, 2.00, -9999.00, 402.25, 399.41, -9999.00, -9999.00, -9999.00, -9999.00, -9999.00, -9999.00, -9999.00
57, 6, LOC_CITY_HUE, 2.00, -9999.00, -9999.00, -9999.00, -9999.00, -9999.00, -9999.00, -9999.00, -9999.00, -9999.00, -9999.00
57, 6, LOC_CITY_NAME_ALEXANDRIA_TROAS, 2.00, -9999.00, 0.00, -9999.00, -9999.00, -9999.00, -9999.00, -9999.00, -9999.00, -9999.00, -9999.00
57, 6, LOC_CITY_NAME_SAO_PAULO, -9999.00, -9999.00, -9999.00, -9999.00, -9999.00, -9999.00, -9999.00, -9999.00, -9999.00, -9999.00, -9999.00
57, 6, LOC_CITY_NAME_ARRETIUM, 2.00, -9999.00, 0.00, -9999.00, 115.94, -9999.00, -9999.00, -9999.00, -9999.00, -9999.00, -9999.00
57, 6, LOC_CITY_QUANG_TRI, 2.00, -9999.00, 402.25, -9999.00, 115.94, -9999.00, -9999.00, -9999.00, -9999.00, -9999.00, -9999.00
57, 6, LOC_CITY_NAME_MAGDEBURG, 2.00, -9999.00, 402.25, 399.41, -9999.00, -9999.00, -9999.00, -9999.00, -9999.00, -9999.00, -9999.00
57, 6, LOC_CITY_NAME_ARPINUM, 2.00, -9999.00, 0.00, -9999.00, -9999.00, -9999.00, -9999.00, -9999.00, -9999.00, -9999.00, -9999.00
57, 6, LOC_CITY_NAME_CHALKIDIKI, 2.00, -9999.00, 0.00, -9999.00, -9999.00, -9999.00, -9999.00, -9999.00, -9999.00, -9999.00, -9999.00
57, 6, LOC_CITY_NAME_FORTALEZA, -9999.00, -9999.00, -9999.00, -9999.00, -9999.00, -9999.00, -9999.00, -9999.00, -9999.00, -9999.00, -9999.00
57, 6, LOC_CITY_NAME_COLOGNE, 2.00, -9999.00, 402.25, 399.41, 0.00, -9999.00, -9999.00, -9999.00, -9999.00, -9999.00, -9999.00
57, 6, LOC_CITY_NAME_KERMA, 3.00, -9999.00, 402.25, -9999.00, 0.00, -9999.00, -9999.00, -9999.00, -9999.00, -9999.00, 2672.82
57, 6, LOC_CITY_HOI_AN, 2.00, -9999.00, -9999.00, -9999.00, -9999.00, -9999.00, -9999.00, -9999.00, -9999.00, -9999.00, -9999.00
57, 6, LOC_CITY_NAME_LUGDUNUM, 2.00, -9999.00, -9999.00, -9999.00, -9999.00, -9999.00, -9999.00, -9999.00, -9999.00, -9999.00, -9999.00
57, 6, LOC_CITY_NAME_BABYLON_STK, 1.00, -9999.00, 402.25, -9999.00, -9999.00, -9999.00, -9999.00, -9999.00, -9999.00, -9999.00, 2659.12
57, 6, LOC_CITY_NAME_ALEXANDRIA_LATMUS, 2.00, -9999.00, 0.00, -9999.00, -9999.00, -9999.00, -9999.00, -9999.00, -9999.00, -9999.00, -9999.00
57, 6, LOC_CITY_NAME_PATNA, 1.00, -9999.00, -9999.00, 399.41, -9999.00, 327.88, -9999.00, -9999.00, -9999.00, -9999.00, 2662.66
57, 6, LOC_CITY_NAME_CURITIBA, -9999.00, -9999.00, -9999.00, -9999.00, -9999.00, -9999.00, -9999.00, -9999.00, -9999.00, -9999.00, -9999.00
57, 6, LOC_CITY_NAME_LISBON, -9999.00, -9999.00, -9999.00, -9999.00, -9999.00, -9999.00, -9999.00, -9999.00, 0.00, -9999.00, -9999.00
57, 6, LOC_CITY_NAME_SWENETT, 1.00, -9999.00, 402.25, -9999.00, -9999.00, 324.68, -9999.00, -9999.00, -9999.00, -9999.00, 1664.89
57, 6, LOC_CITY_NAME_BORSIPPA, 1.00, -9999.00, 402.25, -9999.00, 115.94, 420.70, -9999.00, -9999.00, -9999.00, -9999.00, 0.00
57, 6, LOC_CITY_NAME_KARKAR, 1.00, -9999.00, 402.25, -9999.00, -9999.00, 290.50, -9999.00, -9999.00, -9999.00, -9999.00, 57.73
57, 6, LOC_CITY_NAME_CUMAE, 2.00, -9999.00, -9999.00, -9999.00, -9999.00, -9999.00, -9999.00, -9999.00, -9999.00, -9999.00, -9999.00
57, 6, LOC_CITY_NAME_MEROE, 3.00, -9999.00, 402.25, -9999.00, 0.00, 478.47, -9999.00, -9999.00, -9999.00, -9999.00, 3241.07
57, 6, LOC_CITY_NAME_KUMASI, -9999.00, -9999.00, -9999.00, -9999.00, -9999.00, -9999.00, -9999.00, -9999.00, 0.00, -9999.00, -9999.00
57, 6, LOC_CITY_NAME_MEMPHIS, 1.00, -9999.00, 402.25, -9999.00, -9999.00, 200.05, -9999.00, -9999.00, -9999.00, -9999.00, 1416.98
57, 6, LOC_CITY_NAME_JOHANNESBURG, -9999.00, -9999.00, -9999.00, -9999.00, -9999.00, -9999.00, -9999.00, -9999.00, 0.00, -9999.00, -9999.00
57, 6, LOC_CITY_HOA_LU, 2.00, -9999.00, -9999.00, -9999.00, -9999.00, -9999.00, -9999.00, -9999.00, -9999.00, -9999.00, -9999.00
57, 6, LOC_CITY_NAME_DORTMUND, 2.00, -9999.00, -9999.00, 399.41, -9999.00, -9999.00, -9999.00, -9999.00, -9999.00, -9999.00, -9999.00
57, 6, LOC_CITY_NAME_FEZ, 2.00, -9999.00, -9999.00, -9999.00, -9999.00, -9999.00, -9999.00, -9999.00, -9999.00, -9999.00, -9999.00
57, 6, LOC_CITY_NAME_KAWA, 3.00, -9999.00, 402.25, -9999.00, -9999.00, 230.69, -9999.00, -9999.00, -9999.00, -9999.00, 1304.02
57, 6, LOC_CITY_NAME_JERUSALEM, -9999.00, -9999.00, -9999.00, -9999.00, -9999.00, -9999.00, -9999.00, -9999.00, -9999.00, -9999.00, -9999.00
57, 6, LOC_CITY_NAME_SALVADOR, -9999.00, -9999.00, -9999.00, -9999.00, -9999.00, -9999.00, -9999.00, -9999.00, -9999.00, -9999.00, -9999.00
57, 6, LOC_CITY_NAME_EL_KURRU, 3.00, -9999.00, 402.25, -9999.00, -9999.00, 149.45, -9999.00, -9999.00, -9999.00, -9999.00, -9999.00
57, 6, LOC_CITY_NAME_VATICAN_CITY, -9999.00, -9999.00, -9999.00, -9999.00, -9999.00, -9999.00, -9999.00, -9999.00, 0.00, -9999.00, -9999.00
57, 6, LOC_CITY_NAME_PRESLAV, -9999.00, -9999.00, -9999.00, -9999.00, -9999.00, -9999.00, -9999.00, -9999.00, 0.00, -9999.00, -9999.00
57, 6, LOC_CITY_NAME_HEIDELBERG, 2.00, -9999.00, -9999.00, -9999.00, -9999.00, -9999.00, -9999.00, -9999.00, -9999.00, -9999.00, -9999.00
57, 6, LOC_CITY_NAME_METHONE, 2.00, -9999.00, -9999.00, -9999.00, -9999.00, -9999.00, -9999.00, -9999.00, -9999.00, -9999.00, -9999.00
57, 6, LOC_CITY_NAME_AKHETATEN, 1.00, -9999.00, 402.25, -9999.00, -9999.00, -9999.00, -9999.00, -9999.00, -9999.00, -9999.00, 910.35
57, 6, LOC_CITY_NAME_BABYLON, -9999.00, -9999.00, -9999.00, -9999.00, -9999.00, -9999.00, -9999.00, -9999.00, 0.00, -9999.00, -9999.00
57, 6, LOC_CITY_NAME_QASR_IBRIM, 3.00, -9999.00, 402.25, -9999.00, -9999.00, -9999.00, -9999.00, -9999.00, -9999.00, -9999.00, -9999.00
57, 6, LOC_CITY_NAME_HEH, 3.00, -9999.00, -9999.00, -9999.00, -9999.00, 410.11, -9999.00, -9999.00, -9999.00, -9999.00, 200.00
57, 6, LOC_CITY_NAME_SHAAT, 3.00, -9999.00, -9999.00, -9999.00, -9999.00, 94.38, -9999.00, -9999.00, -9999.00, -9999.00, -9999.00
57, 6, LOC_CITY_NAME_SEDEINGA, 3.00, -9999.00, 402.25, -9999.00, 0.00, 299.04, -9999.00, -9999.00, -9999.00, -9999.00, 400.00
57, 6, LOC_CITY_DONG_HOI, 2.00, -9999.00, 402.25, -9999.00, -9999.00, -9999.00, -9999.00, -9999.00, -9999.00, -9999.00, -9999.00
57, 6, LOC_CITY_NAME_BRUNDISIUM, 2.00, -9999.00, -9999.00, -9999.00, -9999.00, -9999.00, -9999.00, -9999.00, -9999.00, -9999.00, -9999.00
57, 6, LOC_CITY_NAME_PORTO_ALEGRE, -9999.00, -9999.00, -9999.00, -9999.00, -9999.00, -9999.00, -9999.00, -9999.00, -9999.00, -9999.00, -9999.00
57, 6, LOC_CITY_NAME_NURI, 3.00, -9999.00, -9999.00, -9999.00, 0.00, -9999.00, -9999.00, -9999.00, -9999.00, -9999.00, -9999.00
57, 6, LOC_CITY_NAME_MAINZ, 2.00, -9999.00, 402.25, 399.41, -9999.00, -9999.00, -9999.00, -9999.00, -9999.00, -9999.00, -9999.00
57, 6, LOC_CITY_NAME_YEREVAN, -9999.00, -9999.00, -9999.00, -9999.00, -9999.00, -9999.00, -9999.00, -9999.00, 0.00, -9999.00, -9999.00
57, 6, LOC_CITY_NAME_HATTUSA, -9999.00, -9999.00, -9999.00, -9999.00, -9999.00, -9999.00, -9999.00, -9999.00, 0.00, -9999.00, -9999.00
57, 6, LOC_CITY_CAN_THO, 2.00, -9999.00, -9999.00, -9999.00, -9999.00, -9999.00, -9999.00, -9999.00, -9999.00, -9999.00, -9999.00
57, 6, LOC_CITY_NAME_SHEDET, 1.00, -9999.00, 402.25, -9999.00, -9999.00, -9999.00, -9999.00, -9999.00, -9999.00, -9999.00, -9999.00
57, 6, LOC_CITY_NAME_SETIA, 2.00, -9999.00, -9999.00, -9999.00, -9999.00, -9999.00, -9999.00, -9999.00, -9999.00, -9999.00, -9999.00
57, 6, LOC_CITY_NAME_VILNIUS, 2.00, -9999.00, -9999.00, -9999.00, -9999.00, -9999.00, -9999.00, -9999.00, -9999.00, -9999.00, -9999.00
57, 6, LOC_CITY_NAME_NEKHEN, 1.00, -9999.00, 402.25, -9999.00, -9999.00, 240.04, -9999.00, -9999.00, -9999.00, -9999.00, 1323.36
57, 6, LOC_CITY_NAME_RA_KEDET, 1.00, -9999.00, 402.25, -9999.00, -9999.00, 240.04, -9999.00, -9999.00, -9999.00, -9999.00, 2280.00
57, 6, LOC_CITY_NAME_BERLIN, 2.00, -9999.00, -9999.00, -9999.00, -9999.00, -9999.00, -9999.00, -9999.00, -9999.00, -9999.00, -9999.00
57, 6, LOC_CITY_NAME_CHENNAI, 1.00, -9999.00, 402.25, -9999.00, -9999.00, 311.78, -9999.00, -9999.00, -9999.00, -9999.00, 2159.92
57, 6, LOC_CITY_NAME_BUENOS_AIRES, -9999.00, -9999.00, -9999.00, -9999.00, -9999.00, -9999.00, -9999.00, -9999.00, 0.00, -9999.00, -9999.00
57, 7, LOC_CITY_NAME_RIO_DE_JANEIRO, 5.00, -9999.00, -9999.00, -9999.00, -9999.00, 236.29, -9999.00, -9999.00, -9999.00, -9999.00, -9999.00
57, 7, LOC_CITY_NAME_PELLA, 3.00, -9999.00, -9999.00, -9999.00, 115.94, 137.91, -9999.00, -9999.00, -9999.00, -9999.00, -9999.00
57, 7, LOC_CITY_NAME_AACHEN, -9999.00, -9999.00, -9999.00, -9999.00, -9999.00, -9999.00, -9999.00, -9999.00, -9999.00, -9999.00, -9999.00
57, 7, LOC_CITY_NAME_ROME, 5.00, -9999.00, 72.12, -9999.00, -9999.00, -9999.00, -9999.00, -9999.00, -9999.00, -9999.00, -9999.00
57, 7, LOC_CITY_HA_NOI, 5.00, -9999.00, -9999.00, -9999.00, -9999.00, -9999.00, -9999.00, -9999.00, -9999.00, -9999.00, -9999.00
57, 7, LOC_CITY_HUE, 5.00, -9999.00, -9999.00, -9999.00, -9999.00, -9999.00, -9999.00, -9999.00, -9999.00, -9999.00, -9999.00
57, 7, LOC_CITY_NAME_SAO_PAULO, 5.00, -9999.00, -9999.00, -9999.00, -9999.00, -9999.00, -9999.00, -9999.00, -9999.00, -9999.00, -9999.00
57, 7, LOC_CITY_NAME_ALEXANDRIA_TROAS, 3.00, -9999.00, 72.12, -9999.00, -9999.00, -9999.00, -9999.00, -9999.00, -9999.00, -9999.00, -9999.00
57, 7, LOC_CITY_NAME_ARRETIUM, 5.00, -9999.00, 72.12, -9999.00, 115.94, -9999.00, -9999.00, -9999.00, -9999.00, -9999.00, -9999.00
57, 7, LOC_CITY_NAME_MAGDEBURG, -9999.00, -9999.00, -9999.00, -9999.00, -9999.00, -9999.00, -9999.00, -9999.00, -9999.00, -9999.00, -9999.00
57, 7, LOC_CITY_QUANG_TRI, 5.00, -9999.00, -9999.00, -9999.00, 115.94, -9999.00, -9999.00, -9999.00, -9999.00, -9999.00, -9999.00
57, 7, LOC_CITY_NAME_ARPINUM, 5.00, -9999.00, 72.12, -9999.00, -9999.00, -9999.00, -9999.00, -9999.00, -9999.00, -9999.00, -9999.00
57, 7, LOC_CITY_NAME_FORTALEZA, 5.00, -9999.00, -9999.00, -9999.00, -9999.00, -9999.00, -9999.00, -9999.00, -9999.00, -9999.00, -9999.00
57, 7, LOC_CITY_NAME_CHALKIDIKI, 3.00, -9999.00, 72.12, -9999.00, -9999.00, -9999.00, -9999.00, -9999.00, -9999.00, -9999.00, -9999.00
57, 7, LOC_CITY_NAME_COLOGNE, -9999.00, -9999.00, -9999.00, -9999.00, -9999.00, -9999.00, -9999.00, -9999.00, -9999.00, -9999.00, -9999.00
57, 7, LOC_CITY_NAME_KERMA, 4.00, -9999.00, -9999.00, -9999.00, 0.00, -9999.00, -9999.00, -9999.00, -9999.00, -9999.00, 2656.82
57, 7, LOC_CITY_HOI_AN, 5.00, -9999.00, -9999.00, -9999.00, -9999.00, -9999.00, -9999.00, -9999.00, -9999.00, -9999.00, -9999.00
57, 7, LOC_CITY_NAME_LUGDUNUM, 5.00, -9999.00, -9999.00, -9999.00, -9999.00, -9999.00, -9999.00, -9999.00, -9999.00, -9999.00, -9999.00
57, 7, LOC_CITY_NAME_BABYLON_STK, 4.00, -9999.00, -9999.00, -9999.00, -9999.00, -9999.00, -9999.00, -9999.00, -9999.00, -9999.00, 2612.69
57, 7, LOC_CITY_NAME_ALEXANDRIA_LATMUS, 3.00, -9999.00, 72.12, -9999.00, -9999.00, -9999.00, -9999.00, -9999.00, -9999.00, -9999.00, -9999.00
57, 7, LOC_CITY_NAME_PATNA, 2.00, -9999.00, -9999.00, 461.91, -9999.00, 356.59, -9999.00, -9999.00, -9999.00, -9999.00, -9999.00
57, 7, LOC_CITY_NAME_CURITIBA, 5.00, -9999.00, -9999.00, -9999.00, -9999.00, -9999.00, -9999.00, -9999.00, -9999.00, -9999.00, -9999.00
57, 7, LOC_CITY_NAME_LISBON, -9999.00, -9999.00, -9999.00, -9999.00, -9999.00, -9999.00, -9999.00, -9999.00, 0.00, -9999.00, -9999.00
57, 7, LOC_CITY_NAME_SWENETT, 2.00, -9999.00, -9999.00, -9999.00, -9999.00, 353.11, -9999.00, -9999.00, -9999.00, -9999.00, 1638.59
57, 7, LOC_CITY_NAME_BORSIPPA, 4.00, -9999.00, -9999.00, -9999.00, 115.94, 457.54, -9999.00, -9999.00, -9999.00, -9999.00, 0.00
57, 7, LOC_CITY_NAME_KARKAR, 4.00, -9999.00, -9999.00, -9999.00, -9999.00, 315.94, -9999.00, -9999.00, -9999.00, -9999.00, 59.56
57, 7, LOC_CITY_NAME_CUMAE, 5.00, -9999.00, -9999.00, -9999.00, -9999.00, -9999.00, -9999.00, -9999.00, -9999.00, -9999.00, -9999.00
57, 7, LOC_CITY_NAME_MEROE, 4.00, -9999.00, -9999.00, -9999.00, 0.00, 520.37, -9999.00, -9999.00, -9999.00, -9999.00, 3126.88
57, 7, LOC_CITY_NAME_KUMASI, -9999.00, -9999.00, -9999.00, -9999.00, -9999.00, -9999.00, -9999.00, -9999.00, 0.00, -9999.00, -9999.00
57, 7, LOC_CITY_NAME_MEMPHIS, 2.00, -9999.00, -9999.00, -9999.00, -9999.00, 217.56, -9999.00, -9999.00, -9999.00, -9999.00, 1496.19
57, 7, LOC_CITY_NAME_JOHANNESBURG, -9999.00, -9999.00, -9999.00, -9999.00, -9999.00, -9999.00, -9999.00, -9999.00, 0.00, -9999.00, -9999.00
57, 7, LOC_CITY_NAME_DORTMUND, -9999.00, -9999.00, -9999.00, -9999.00, -9999.00, -9999.00, -9999.00, -9999.00, -9999.00, -9999.00, -9999.00
57, 7, LOC_CITY_HOA_LU, 5.00, -9999.00, -9999.00, -9999.00, -9999.00, -9999.00, -9999.00, -9999.00, -9999.00, -9999.00, -9999.00
57, 7, LOC_CITY_NAME_FEZ, 3.00, -9999.00, -9999.00, -9999.00, -9999.00, -9999.00, -9999.00, -9999.00, -9999.00, -9999.00, -9999.00
57, 7, LOC_CITY_NAME_KAWA, 4.00, -9999.00, -9999.00, -9999.00, -9999.00, 250.89, -9999.00, -9999.00, -9999.00, -9999.00, 1470.21
57, 7, LOC_CITY_NAME_JERUSALEM, 5.00, -9999.00, -9999.00, -9999.00, -9999.00, -9999.00, -9999.00, -9999.00, -9999.00, -9999.00, -9999.00
57, 7, LOC_CITY_NAME_SALVADOR, 5.00, -9999.00, -9999.00, -9999.00, -9999.00, -9999.00, -9999.00, -9999.00, -9999.00, -9999.00, -9999.00
57, 7, LOC_CITY_NAME_EL_KURRU, 4.00, -9999.00, -9999.00, -9999.00, -9999.00, 162.54, -9999.00, -9999.00, -9999.00, -9999.00, -9999.00
57, 7, LOC_CITY_NAME_VATICAN_CITY, -9999.00, -9999.00, -9999.00, -9999.00, -9999.00, -9999.00, -9999.00, -9999.00, 0.00, -9999.00, -9999.00
57, 7, LOC_CITY_NAME_PRESLAV, -9999.00, -9999.00, -9999.00, -9999.00, -9999.00, -9999.00, -9999.00, -9999.00, 0.00, -9999.00, -9999.00
57, 7, LOC_CITY_NAME_HEIDELBERG, -9999.00, -9999.00, -9999.00, -9999.00, -9999.00, -9999.00, -9999.00, -9999.00, -9999.00, -9999.00, -9999.00
57, 7, LOC_CITY_NAME_METHONE, 3.00, -9999.00, -9999.00, -9999.00, -9999.00, -9999.00, -9999.00, -9999.00, -9999.00, -9999.00, -9999.00
57, 7, LOC_CITY_NAME_AKHETATEN, 2.00, -9999.00, -9999.00, -9999.00, -9999.00, -9999.00, -9999.00, -9999.00, -9999.00, -9999.00, 954.54
57, 7, LOC_CITY_NAME_BABYLON, -9999.00, -9999.00, -9999.00, -9999.00, -9999.00, -9999.00, -9999.00, -9999.00, 0.00, -9999.00, -9999.00
57, 7, LOC_CITY_NAME_QASR_IBRIM, 4.00, -9999.00, -9999.00, -9999.00, -9999.00, -9999.00, -9999.00, -9999.00, -9999.00, -9999.00, -9999.00
57, 7, LOC_CITY_NAME_HEH, 4.00, -9999.00, -9999.00, -9999.00, -9999.00, 446.01, -9999.00, -9999.00, -9999.00, -9999.00, 200.00
57, 7, LOC_CITY_NAME_SHAAT, 4.00, -9999.00, -9999.00, -9999.00, -9999.00, 102.64, -9999.00, -9999.00, -9999.00, -9999.00, -9999.00
57, 7, LOC_CITY_NAME_SEDEINGA, 4.00, -9999.00, -9999.00, -9999.00, 0.00, 325.22, -9999.00, -9999.00, -9999.00, -9999.00, 400.00
57, 7, LOC_CITY_DONG_HOI, 5.00, -9999.00, -9999.00, -9999.00, -9999.00, -9999.00, -9999.00, -9999.00, -9999.00, -9999.00, -9999.00
57, 7, LOC_CITY_NAME_BRUNDISIUM, 5.00, -9999.00, -9999.00, -9999.00, -9999.00, -9999.00, -9999.00, -9999.00, -9999.00, -9999.00, -9999.00
57, 7, LOC_CITY_NAME_PORTO_ALEGRE, 5.00, -9999.00, -9999.00, -9999.00, -9999.00, -9999.00, -9999.00, -9999.00, -9999.00, -9999.00, -9999.00
57, 7, LOC_CITY_NAME_MAINZ, -9999.00, -9999.00, -9999.00, -9999.00, -9999.00, -9999.00, -9999.00, -9999.00, -9999.00, -9999.00, -9999.00
57, 7, LOC_CITY_NAME_NURI, 4.00, -9999.00, -9999.00, -9999.00, 0.00, -9999.00, -9999.00, -9999.00, -9999.00, -9999.00, -9999.00
57, 7, LOC_CITY_NAME_YEREVAN, -9999.00, -9999.00, -9999.00, -9999.00, -9999.00, -9999.00, -9999.00, -9999.00, 0.00, -9999.00, -9999.00
57, 7, LOC_CITY_NAME_HATTUSA, -9999.00, -9999.00, -9999.00, -9999.00, -9999.00, -9999.00, -9999.00, -9999.00, 0.00, -9999.00, -9999.00
57, 7, LOC_CITY_CAN_THO, 5.00, -9999.00, -9999.00, -9999.00, -9999.00, -9999.00, -9999.00, -9999.00, -9999.00, -9999.00, -9999.00
57, 7, LOC_CITY_NAME_SHEDET, 2.00, -9999.00, -9999.00, -9999.00, -9999.00, -9999.00, -9999.00, -9999.00, -9999.00, -9999.00, -9999.00
57, 7, LOC_CITY_NAME_SETIA, 5.00, -9999.00, -9999.00, -9999.00, -9999.00, -9999.00, -9999.00, -9999.00, -9999.00, -9999.00, -9999.00
57, 7, LOC_CITY_NAME_VILNIUS, 5.00, -9999.00, -9999.00, -9999.00, -9999.00, -9999.00, -9999.00, -9999.00, -9999.00, -9999.00, -9999.00
57, 7, LOC_CITY_NAME_NEKHEN, 2.00, -9999.00, -9999.00, -9999.00, -9999.00, 261.06, -9999.00, -9999.00, -9999.00, -9999.00, 1397.08
57, 7, LOC_CITY_NAME_RA_KEDET, 2.00, -9999.00, -9999.00, -9999.00, -9999.00, 261.06, -9999.00, -9999.00, -9999.00, -9999.00, 2166.03
57, 7, LOC_CITY_NAME_BERLIN, -9999.00, -9999.00, -9999.00, -9999.00, -9999.00, -9999.00, -9999.00, -9999.00, -9999.00, -9999.00, -9999.00
57, 7, LOC_CITY_NAME_CHENNAI, 2.00, -9999.00, -9999.00, -9999.00, -9999.00, 339.07, -9999.00, -9999.00, -9999.00, -9999.00, 2428.83
57, 7, LOC_CITY_NAME_BUENOS_AIRES, -9999.00, -9999.00, -9999.00, -9999.00, -9999.00, -9999.00, -9999.00, -9999.00, 0.00, -9999.00, -9999.00
57, 8, LOC_CITY_NAME_AACHEN, 1.00, -9999.00, 2359.57, 211.91, -9999.00, -9999.00, -9999.00, -9999.00, -9999.00, -9999.00, -9999.00
57, 8, LOC_CITY_NAME_RIO_DE_JANEIRO, 3.00, -9999.00, 2359.57, 211.91, -9999.00, 236.29, -9999.00, -9999.00, -9999.00, -9999.00, -9999.00
57, 8, LOC_CITY_NAME_PELLA, 1.00, -9999.00, -9999.00, -9999.00, 115.94, 137.91, -9999.00, -9999.00, -9999.00, -9999.00, -9999.00
57, 8, LOC_CITY_HA_NOI, -9999.00, -9999.00, -9999.00, -9999.00, -9999.00, -9999.00, -9999.00, -9999.00, -9999.00, -9999.00, -9999.00
57, 8, LOC_CITY_NAME_ROME, 1.00, -9999.00, 0.00, -9999.00, -9999.00, -9999.00, -9999.00, -9999.00, -9999.00, -9999.00, -9999.00
57, 8, LOC_CITY_HUE, -9999.00, -9999.00, -9999.00, -9999.00, -9999.00, -9999.00, -9999.00, -9999.00, -9999.00, -9999.00, -9999.00
57, 8, LOC_CITY_NAME_SAO_PAULO, 3.00, -9999.00, 2359.57, -9999.00, -9999.00, -9999.00, -9999.00, -9999.00, -9999.00, -9999.00, -9999.00
57, 8, LOC_CITY_NAME_ALEXANDRIA_TROAS, 1.00, -9999.00, 0.00, -9999.00, -9999.00, -9999.00, -9999.00, -9999.00, -9999.00, -9999.00, -9999.00
57, 8, LOC_CITY_NAME_ARRETIUM, 1.00, -9999.00, 0.00, -9999.00, 115.94, -9999.00, -9999.00, -9999.00, -9999.00, -9999.00, -9999.00
57, 8, LOC_CITY_NAME_MAGDEBURG, 1.00, -9999.00, 2359.57, 211.91, -9999.00, -9999.00, -9999.00, -9999.00, -9999.00, -9999.00, -9999.00
57, 8, LOC_CITY_QUANG_TRI, -9999.00, -9999.00, -9999.00, -9999.00, -9999.00, -9999.00, -9999.00, -9999.00, -9999.00, -9999.00, -9999.00
57, 8, LOC_CITY_NAME_ARPINUM, 1.00, -9999.00, 0.00, -9999.00, -9999.00, -9999.00, -9999.00, -9999.00, -9999.00, -9999.00, -9999.00
57, 8, LOC_CITY_NAME_FORTALEZA, 3.00, -9999.00, -9999.00, 211.91, -9999.00, -9999.00, -9999.00, -9999.00, -9999.00, -9999.00, -9999.00
57, 8, LOC_CITY_NAME_CHALKIDIKI, 1.00, -9999.00, 0.00, -9999.00, -9999.00, -9999.00, -9999.00, -9999.00, -9999.00, -9999.00, -9999.00
57, 8, LOC_CITY_NAME_COLOGNE, 1.00, -9999.00, 2359.57, 211.91, 0.00, -9999.00, -9999.00, -9999.00, -9999.00, -9999.00, -9999.00
57, 8, LOC_CITY_HOI_AN, -9999.00, -9999.00, -9999.00, -9999.00, -9999.00, -9999.00, -9999.00, -9999.00, -9999.00, -9999.00, -9999.00
57, 8, LOC_CITY_NAME_KERMA, 3.00, -9999.00, 2359.57, -9999.00, 0.00, -9999.00, -9999.00, -9999.00, -9999.00, -9999.00, 2572.36
57, 8, LOC_CITY_NAME_LUGDUNUM, 1.00, -9999.00, -9999.00, -9999.00, -9999.00, -9999.00, -9999.00, -9999.00, -9999.00, -9999.00, -9999.00
57, 8, LOC_CITY_NAME_BABYLON_STK, 1.00, -9999.00, 2359.57, -9999.00, -9999.00, -9999.00, -9999.00, -9999.00, -9999.00, -9999.00, 2591.30
57, 8, LOC_CITY_NAME_ALEXANDRIA_LATMUS, 1.00, -9999.00, 0.00, -9999.00, -9999.00, -9999.00, -9999.00, -9999.00, -9999.00, -9999.00, -9999.00
57, 8, LOC_CITY_NAME_PATNA, 1.00, -9999.00, -9999.00, 211.91, -9999.00, 356.59, -9999.00, -9999.00, -9999.00, -9999.00, 2403.25
57, 8, LOC_CITY_NAME_CURITIBA, 3.00, -9999.00, -9999.00, -9999.00, -9999.00, -9999.00, -9999.00, -9999.00, -9999.00, -9999.00, -9999.00
57, 8, LOC_CITY_NAME_LISBON, -9999.00, -9999.00, -9999.00, -9999.00, -9999.00, -9999.00, -9999.00, -9999.00, 0.00, -9999.00, -9999.00
57, 8, LOC_CITY_NAME_SWENETT, 1.00, -9999.00, 2359.57, -9999.00, -9999.00, 353.11, -9999.00, -9999.00, -9999.00, -9999.00, 1589.86
57, 8, LOC_CITY_NAME_BORSIPPA, 1.00, -9999.00, 2359.57, -9999.00, 115.94, 457.54, -9999.00, -9999.00, -9999.00, -9999.00, 0.00
57, 8, LOC_CITY_NAME_KARKAR, 1.00, -9999.00, 2359.57, -9999.00, -9999.00, 315.94, -9999.00, -9999.00, -9999.00, -9999.00, 55.59
57, 8, LOC_CITY_NAME_CUMAE, 1.00, -9999.00, -9999.00, -9999.00, -9999.00, -9999.00, -9999.00, -9999.00, -9999.00, -9999.00, -9999.00
57, 8, LOC_CITY_NAME_MEROE, 3.00, -9999.00, 2359.57, -9999.00, 0.00, 520.37, -9999.00, -9999.00, -9999.00, -9999.00, 3099.10
57, 8, LOC_CITY_NAME_KUMASI, -9999.00, -9999.00, -9999.00, -9999.00, -9999.00, -9999.00, -9999.00, -9999.00, 0.00, -9999.00, -9999.00
57, 8, LOC_CITY_NAME_MEMPHIS, 1.00, -9999.00, 2359.57, -9999.00, -9999.00, 217.56, -9999.00, -9999.00, -9999.00, -9999.00, 1440.53
57, 8, LOC_CITY_NAME_JOHANNESBURG, -9999.00, -9999.00, -9999.00, -9999.00, -9999.00, -9999.00, -9999.00, -9999.00, 0.00, -9999.00, -9999.00
57, 8, LOC_CITY_NAME_DORTMUND, 1.00, -9999.00, -9999.00, 211.91, -9999.00, -9999.00, -9999.00, -9999.00, -9999.00, -9999.00, -9999.00
57, 8, LOC_CITY_HOA_LU, -9999.00, -9999.00, -9999.00, -9999.00, -9999.00, -9999.00, -9999.00, -9999.00, -9999.00, -9999.00, -9999.00
57, 8, LOC_CITY_NAME_FEZ, 1.00, -9999.00, -9999.00, -9999.00, -9999.00, -9999.00, -9999.00, -9999.00, -9999.00, -9999.00, -9999.00
57, 8, LOC_CITY_NAME_KAWA, 3.00, -9999.00, 2359.57, -9999.00, -9999.00, 250.89, -9999.00, -9999.00, -9999.00, -9999.00, 1352.25
57, 8, LOC_CITY_NAME_JERUSALEM, 3.00, -9999.00, -9999.00, -9999.00, -9999.00, -9999.00, -9999.00, -9999.00, -9999.00, -9999.00, -9999.00
57, 8, LOC_CITY_NAME_SALVADOR, 3.00, -9999.00, 2359.57, -9999.00, -9999.00, -9999.00, -9999.00, -9999.00, -9999.00, -9999.00, -9999.00
57, 8, LOC_CITY_NAME_EL_KURRU, 3.00, -9999.00, 2359.57, -9999.00, -9999.00, 162.54, -9999.00, -9999.00, -9999.00, -9999.00, -9999.00
57, 8, LOC_CITY_NAME_VATICAN_CITY, -9999.00, -9999.00, -9999.00, -9999.00, -9999.00, -9999.00, -9999.00, -9999.00, 0.00, -9999.00, -9999.00
57, 8, LOC_CITY_NAME_HEIDELBERG, 1.00, -9999.00, -9999.00, -9999.00, -9999.00, -9999.00, -9999.00, -9999.00, -9999.00, -9999.00, -9999.00
57, 8, LOC_CITY_NAME_PRESLAV, -9999.00, -9999.00, -9999.00, -9999.00, -9999.00, -9999.00, -9999.00, -9999.00, 0.00, -9999.00, -9999.00
57, 8, LOC_CITY_NAME_METHONE, 1.00, -9999.00, -9999.00, -9999.00, -9999.00, -9999.00, -9999.00, -9999.00, -9999.00, -9999.00, -9999.00
57, 8, LOC_CITY_NAME_AKHETATEN, 1.00, -9999.00, 2359.57, -9999.00, -9999.00, -9999.00, -9999.00, -9999.00, -9999.00, -9999.00, 899.19
57, 8, LOC_CITY_NAME_BABYLON, -9999.00, -9999.00, -9999.00, -9999.00, -9999.00, -9999.00, -9999.00, -9999.00, 0.00, -9999.00, -9999.00
57, 8, LOC_CITY_NAME_QASR_IBRIM, 3.00, -9999.00, 2359.57, -9999.00, -9999.00, -9999.00, -9999.00, -9999.00, -9999.00, -9999.00, -9999.00
57, 8, LOC_CITY_NAME_HEH, 3.00, -9999.00, -9999.00, -9999.00, -9999.00, 446.01, -9999.00, -9999.00, -9999.00, -9999.00, 200.00
57, 8, LOC_CITY_DONG_HOI, -9999.00, -9999.00, -9999.00, -9999.00, -9999.00, -9999.00, -9999.00, -9999.00, -9999.00, -9999.00, -9999.00
57, 8, LOC_CITY_NAME_SHAAT, 3.00, -9999.00, -9999.00, -9999.00, -9999.00, 102.64, -9999.00, -9999.00, -9999.00, -9999.00, -9999.00
57, 8, LOC_CITY_NAME_SEDEINGA, 3.00, -9999.00, 2359.57, -9999.00, 0.00, 325.22, -9999.00, -9999.00, -9999.00, -9999.00, 400.00
57, 8, LOC_CITY_NAME_BRUNDISIUM, 1.00, -9999.00, -9999.00, -9999.00, -9999.00, -9999.00, -9999.00, -9999.00, -9999.00, -9999.00, -9999.00
57, 8, LOC_CITY_NAME_PORTO_ALEGRE, 3.00, -9999.00, 2359.57, -9999.00, -9999.00, -9999.00, -9999.00, -9999.00, -9999.00, -9999.00, -9999.00
57, 8, LOC_CITY_NAME_MAINZ, 1.00, -9999.00, 2359.57, 211.91, -9999.00, -9999.00, -9999.00, -9999.00, -9999.00, -9999.00, -9999.00
57, 8, LOC_CITY_NAME_NURI, 3.00, -9999.00, -9999.00, -9999.00, 0.00, -9999.00, -9999.00, -9999.00, -9999.00, -9999.00, -9999.00
57, 8, LOC_CITY_NAME_YEREVAN, -9999.00, -9999.00, -9999.00, -9999.00, -9999.00, -9999.00, -9999.00, -9999.00, 0.00, -9999.00, -9999.00
57, 8, LOC_CITY_NAME_HATTUSA, -9999.00, -9999.00, -9999.00, -9999.00, -9999.00, -9999.00, -9999.00, -9999.00, 0.00, -9999.00, -9999.00
57, 8, LOC_CITY_CAN_THO, -9999.00, -9999.00, -9999.00, -9999.00, -9999.00, -9999.00, -9999.00, -9999.00, -9999.00, -9999.00, -9999.00
57, 8, LOC_CITY_NAME_SHEDET, 1.00, -9999.00, 2359.57, -9999.00, -9999.00, -9999.00, -9999.00, -9999.00, -9999.00, -9999.00, -9999.00
57, 8, LOC_CITY_NAME_VILNIUS, -9999.00, -9999.00, -9999.00, -9999.00, -9999.00, -9999.00, -9999.00, -9999.00, -9999.00, -9999.00, -9999.00
57, 8, LOC_CITY_NAME_SETIA, 1.00, -9999.00, -9999.00, -9999.00, -9999.00, -9999.00, -9999.00, -9999.00, -9999.00, -9999.00, -9999.00
57, 8, LOC_CITY_NAME_BERLIN, 1.00, -9999.00, -9999.00, -9999.00, -9999.00, -9999.00, -9999.00, -9999.00, -9999.00, -9999.00, -9999.00
57, 8, LOC_CITY_NAME_NEKHEN, 1.00, -9999.00, 2359.57, -9999.00, -9999.00, 261.06, -9999.00, -9999.00, -9999.00, -9999.00, 1318.11
57, 8, LOC_CITY_NAME_RA_KEDET, 1.00, -9999.00, 2359.57, -9999.00, -9999.00, 261.06, -9999.00, -9999.00, -9999.00, -9999.00, 2167.65
57, 8, LOC_CITY_NAME_CHENNAI, 1.00, -9999.00, 2359.57, -9999.00, -9999.00, 339.07, -9999.00, -9999.00, -9999.00, -9999.00, 2251.40
57, 8, LOC_CITY_NAME_BUENOS_AIRES, -9999.00, -9999.00, -9999.00, -9999.00, -9999.00, -9999.00, -9999.00, -9999.00, 0.00, -9999.00, -9999.00
57, 9, LOC_CITY_HA_NOI, 5.00, -9999.00, 371.42, -9999.00, -9999.00, -9999.00, -9999.00, -9999.00, -9999.00, -9999.00, -9999.00
57, 9, LOC_CITY_NAME_AACHEN, 2.00, -9999.00, 371.42, 149.41, -9999.00, -9999.00, -9999.00, -9999.00, -9999.00, -9999.00, -9999.00
57, 9, LOC_CITY_NAME_RIO_DE_JANEIRO, 4.00, -9999.00, 606.54, 149.41, -9999.00, 242.79, -9999.00, -9999.00, -9999.00, -9999.00, -9999.00
57, 9, LOC_CITY_NAME_PELLA, 2.00, -9999.00, -9999.00, -9999.00, 115.94, 141.70, -9999.00, -9999.00, -9999.00, -9999.00, -9999.00
57, 9, LOC_CITY_NAME_ROME, -9999.00, -9999.00, -9999.00, -9999.00, -9999.00, -9999.00, -9999.00, -9999.00, -9999.00, -9999.00, -9999.00
57, 9, LOC_CITY_HUE, 5.00, -9999.00, -9999.00, -9999.00, -9999.00, -9999.00, -9999.00, -9999.00, -9999.00, -9999.00, -9999.00
57, 9, LOC_CITY_NAME_SAO_PAULO, 4.00, -9999.00, 606.54, -9999.00, -9999.00, -9999.00, -9999.00, -9999.00, -9999.00, -9999.00, -9999.00
57, 9, LOC_CITY_NAME_ALEXANDRIA_TROAS, 2.00, -9999.00, -9999.00, -9999.00, -9999.00, -9999.00, -9999.00, -9999.00, -9999.00, -9999.00, -9999.00
57, 9, LOC_CITY_NAME_ARRETIUM, -9999.00, -9999.00, -9999.00, -9999.00, -9999.00, -9999.00, -9999.00, -9999.00, -9999.00, -9999.00, -9999.00
57, 9, LOC_CITY_QUANG_TRI, 5.00, -9999.00, 371.42, -9999.00, 115.94, -9999.00, -9999.00, -9999.00, -9999.00, -9999.00, -9999.00
57, 9, LOC_CITY_NAME_MAGDEBURG, 2.00, -9999.00, 371.42, 149.41, -9999.00, -9999.00, -9999.00, -9999.00, -9999.00, -9999.00, -9999.00
57, 9, LOC_CITY_NAME_ARPINUM, -9999.00, -9999.00, -9999.00, -9999.00, -9999.00, -9999.00, -9999.00, -9999.00, -9999.00, -9999.00, -9999.00
57, 9, LOC_CITY_NAME_FORTALEZA, 4.00, -9999.00, -9999.00, 149.41, -9999.00, -9999.00, -9999.00, -9999.00, -9999.00, -9999.00, -9999.00
57, 9, LOC_CITY_NAME_CHALKIDIKI, 2.00, -9999.00, -9999.00, -9999.00, -9999.00, -9999.00, -9999.00, -9999.00, -9999.00, -9999.00, -9999.00
57, 9, LOC_CITY_NAME_COLOGNE, 2.00, -9999.00, 371.42, 149.41, 0.00, -9999.00, -9999.00, -9999.00, -9999.00, -9999.00, -9999.00
57, 9, LOC_CITY_HOI_AN, 5.00, -9999.00, -9999.00, -9999.00, -9999.00, -9999.00, -9999.00, -9999.00, -9999.00, -9999.00, -9999.00
57, 9, LOC_CITY_NAME_LUGDUNUM, -9999.00, -9999.00, -9999.00, -9999.00, -9999.00, -9999.00, -9999.00, -9999.00, -9999.00, -9999.00, -9999.00
57, 9, LOC_CITY_NAME_KERMA, 3.00, -9999.00, 371.42, -9999.00, 0.00, -9999.00, -9999.00, -9999.00, -9999.00, -9999.00, 2708.12
57, 9, LOC_CITY_NAME_BABYLON_STK, 3.00, -9999.00, 371.42, -9999.00, -9999.00, -9999.00, -9999.00, -9999.00, -9999.00, -9999.00, 2792.75
57, 9, LOC_CITY_NAME_ALEXANDRIA_LATMUS, 2.00, -9999.00, -9999.00, -9999.00, -9999.00, -9999.00, -9999.00, -9999.00, -9999.00, -9999.00, -9999.00
57, 9, LOC_CITY_NAME_PATNA, 1.00, -9999.00, -9999.00, 149.41, -9999.00, 366.41, -9999.00, -9999.00, -9999.00, -9999.00, 2583.19
57, 9, LOC_CITY_NAME_CURITIBA, 4.00, -9999.00, -9999.00, -9999.00, -9999.00, -9999.00, -9999.00, -9999.00, -9999.00, -9999.00, -9999.00
57, 9, LOC_CITY_NAME_LISBON, -9999.00, -9999.00, -9999.00, -9999.00, -9999.00, -9999.00, -9999.00, -9999.00, 0.00, -9999.00, -9999.00
57, 9, LOC_CITY_NAME_SWENETT, 1.00, -9999.00, 371.42, -9999.00, -9999.00, 362.83, -9999.00, -9999.00, -9999.00, -9999.00, 1679.96
57, 9, LOC_CITY_NAME_BORSIPPA, 3.00, -9999.00, 371.42, -9999.00, 115.94, 470.14, -9999.00, -9999.00, -9999.00, -9999.00, 0.00
57, 9, LOC_CITY_NAME_KARKAR, 3.00, -9999.00, 371.42, -9999.00, -9999.00, 324.64, -9999.00, -9999.00, -9999.00, -9999.00, 60.60
57, 9, LOC_CITY_NAME_MEROE, 3.00, -9999.00, 371.42, -9999.00, 0.00, 534.70, -9999.00, -9999.00, -9999.00, -9999.00, 3242.41
57, 9, LOC_CITY_NAME_CUMAE, -9999.00, -9999.00, -9999.00, -9999.00, -9999.00, -9999.00, -9999.00, -9999.00, -9999.00, -9999.00, -9999.00
57, 9, LOC_CITY_NAME_KUMASI, -9999.00, -9999.00, -9999.00, -9999.00, -9999.00, -9999.00, -9999.00, -9999.00, 0.00, -9999.00, -9999.00
57, 9, LOC_CITY_NAME_MEMPHIS, 1.00, -9999.00, 371.42, -9999.00, -9999.00, 223.55, -9999.00, -9999.00, -9999.00, -9999.00, 1536.22
57, 9, LOC_CITY_NAME_JOHANNESBURG, -9999.00, -9999.00, -9999.00, -9999.00, -9999.00, -9999.00, -9999.00, -9999.00, 0.00, -9999.00, -9999.00
57, 9, LOC_CITY_HOA_LU, 5.00, -9999.00, -9999.00, -9999.00, -9999.00, -9999.00, -9999.00, -9999.00, -9999.00, -9999.00, -9999.00
57, 9, LOC_CITY_NAME_DORTMUND, 2.00, -9999.00, -9999.00, 149.41, -9999.00, -9999.00, -9999.00, -9999.00, -9999.00, -9999.00, -9999.00
57, 9, LOC_CITY_NAME_FEZ, 2.00, -9999.00, -9999.00, -9999.00, -9999.00, -9999.00, -9999.00, -9999.00, -9999.00, -9999.00, -9999.00
57, 9, LOC_CITY_NAME_KAWA, 3.00, -9999.00, 371.42, -9999.00, -9999.00, 257.80, -9999.00, -9999.00, -9999.00, -9999.00, 1491.05
57, 9, LOC_CITY_NAME_JERUSALEM, 4.00, -9999.00, -9999.00, -9999.00, -9999.00, -9999.00, -9999.00, -9999.00, -9999.00, -9999.00, -9999.00
57, 9, LOC_CITY_NAME_SALVADOR, 4.00, -9999.00, 606.54, -9999.00, -9999.00, -9999.00, -9999.00, -9999.00, -9999.00, -9999.00, -9999.00
57, 9, LOC_CITY_NAME_EL_KURRU, 3.00, -9999.00, 371.42, -9999.00, -9999.00, 167.01, -9999.00, -9999.00, -9999.00, -9999.00, -9999.00
57, 9, LOC_CITY_NAME_VATICAN_CITY, -9999.00, -9999.00, -9999.00, -9999.00, -9999.00, -9999.00, -9999.00, -9999.00, 0.00, -9999.00, -9999.00
57, 9, LOC_CITY_NAME_HEIDELBERG, 2.00, -9999.00, -9999.00, -9999.00, -9999.00, -9999.00, -9999.00, -9999.00, -9999.00, -9999.00, -9999.00
57, 9, LOC_CITY_NAME_PRESLAV, -9999.00, -9999.00, -9999.00, -9999.00, -9999.00, -9999.00, -9999.00, -9999.00, 0.00, -9999.00, -9999.00
57, 9, LOC_CITY_NAME_METHONE, 2.00, -9999.00, -9999.00, -9999.00, -9999.00, -9999.00, -9999.00, -9999.00, -9999.00, -9999.00, -9999.00
57, 9, LOC_CITY_NAME_AKHETATEN, 1.00, -9999.00, 371.42, -9999.00, -9999.00, -9999.00, -9999.00, -9999.00, -9999.00, -9999.00, 967.36
57, 9, LOC_CITY_NAME_BABYLON, -9999.00, -9999.00, -9999.00, -9999.00, -9999.00, -9999.00, -9999.00, -9999.00, 0.00, -9999.00, -9999.00
57, 9, LOC_CITY_NAME_QASR_IBRIM, 3.00, -9999.00, 371.42, -9999.00, -9999.00, -9999.00, -9999.00, -9999.00, -9999.00, -9999.00, -9999.00
57, 9, LOC_CITY_NAME_HEH, 3.00, -9999.00, -9999.00, -9999.00, -9999.00, 458.30, -9999.00, -9999.00, -9999.00, -9999.00, 200.00
57, 9, LOC_CITY_DONG_HOI, 5.00, -9999.00, 371.42, -9999.00, -9999.00, -9999.00, -9999.00, -9999.00, -9999.00, -9999.00, -9999.00
57, 9, LOC_CITY_NAME_SHAAT, 3.00, -9999.00, -9999.00, -9999.00, -9999.00, 105.47, -9999.00, -9999.00, -9999.00, -9999.00, -9999.00
57, 9, LOC_CITY_NAME_SEDEINGA, 3.00, -9999.00, 371.42, -9999.00, 0.00, 334.18, -9999.00, -9999.00, -9999.00, -9999.00, 400.00
57, 9, LOC_CITY_NAME_BRUNDISIUM, -9999.00, -9999.00, -9999.00, -9999.00, -9999.00, -9999.00, -9999.00, -9999.00, -9999.00, -9999.00, -9999.00
57, 9, LOC_CITY_NAME_PORTO_ALEGRE, 4.00, -9999.00, 606.54, -9999.00, -9999.00, -9999.00, -9999.00, -9999.00, -9999.00, -9999.00, -9999.00
57, 9, LOC_CITY_NAME_MAINZ, 2.00, -9999.00, 371.42, 149.41, -9999.00, -9999.00, -9999.00, -9999.00, -9999.00, -9999.00, -9999.00
57, 9, LOC_CITY_NAME_NURI, 3.00, -9999.00, -9999.00, -9999.00, 0.00, -9999.00, -9999.00, -9999.00, -9999.00, -9999.00, -9999.00
57, 9, LOC_CITY_NAME_YEREVAN, -9999.00, -9999.00, -9999.00, -9999.00, -9999.00, -9999.00, -9999.00, -9999.00, 0.00, -9999.00, -9999.00
57, 9, LOC_CITY_CAN_THO, 5.00, -9999.00, -9999.00, -9999.00, -9999.00, -9999.00, -9999.00, -9999.00, -9999.00, -9999.00, -9999.00
57, 9, LOC_CITY_NAME_HATTUSA, -9999.00, -9999.00, -9999.00, -9999.00, -9999.00, -9999.00, -9999.00, -9999.00, 0.00, -9999.00, -9999.00
57, 9, LOC_CITY_NAME_VILNIUS, 5.00, -9999.00, -9999.00, -9999.00, -9999.00, -9999.00, -9999.00, -9999.00, -9999.00, -9999.00, -9999.00
57, 9, LOC_CITY_NAME_SHEDET, 1.00, -9999.00, 371.42, -9999.00, -9999.00, -9999.00, -9999.00, -9999.00, -9999.00, -9999.00, -9999.00
57, 9, LOC_CITY_NAME_SETIA, -9999.00, -9999.00, -9999.00, -9999.00, -9999.00, -9999.00, -9999.00, -9999.00, -9999.00, -9999.00, -9999.00
57, 9, LOC_CITY_NAME_BERLIN, 2.00, -9999.00, -9999.00, -9999.00, -9999.00, -9999.00, -9999.00, -9999.00, -9999.00, -9999.00, -9999.00
57, 9, LOC_CITY_NAME_NEKHEN, 1.00, -9999.00, 371.42, -9999.00, -9999.00, 268.25, -9999.00, -9999.00, -9999.00, -9999.00, 1414.42
57, 9, LOC_CITY_NAME_RA_KEDET, 1.00, -9999.00, 371.42, -9999.00, -9999.00, 268.25, -9999.00, -9999.00, -9999.00, -9999.00, 2230.29
57, 9, LOC_CITY_NAME_CHENNAI, 1.00, -9999.00, 371.42, -9999.00, -9999.00, 348.41, -9999.00, -9999.00, -9999.00, -9999.00, 2480.85
57, 9, LOC_CITY_NAME_BUENOS_AIRES, -9999.00, -9999.00, -9999.00, -9999.00, -9999.00, -9999.00, -9999.00, -9999.00, 0.00, -9999.00, -9999.00
58, 5, LOC_CITY_NAME_PELLA, -9999.00, -9999.00, -9999.00, -9999.00, -9999.00, -9999.00, -9999.00, -9999.00, -9999.00, -9999.00, -9999.00
58, 5, LOC_CITY_NAME_ROME, 4.00, -9999.00, -9999.00, -9999.00, -9999.00, -9999.00, -9999.00, -9999.00, -9999.00, -9999.00, -9999.00
58, 5, LOC_CITY_HA_NOI, 4.00, -9999.00, 387.21, -9999.00, -9999.00, -9999.00, -9999.00, -9999.00, -9999.00, -9999.00, -9999.00
58, 5, LOC_CITY_NAME_AACHEN, 4.00, -9999.00, 387.21, 136.72, -9999.00, -9999.00, -9999.00, -9999.00, -9999.00, -9999.00, -9999.00
58, 5, LOC_CITY_NAME_RIO_DE_JANEIRO, 4.00, -9999.00, 661.55, 136.72, -9999.00, 217.26, -9999.00, -9999.00, -9999.00, -9999.00, -9999.00
58, 5, LOC_CITY_HUE, 4.00, -9999.00, -9999.00, -9999.00, -9999.00, -9999.00, -9999.00, -9999.00, -9999.00, -9999.00, -9999.00
58, 5, LOC_CITY_NAME_ALEXANDRIA_TROAS, -9999.00, -9999.00, -9999.00, -9999.00, -9999.00, -9999.00, -9999.00, -9999.00, -9999.00, -9999.00, -9999.00
58, 5, LOC_CITY_NAME_SAO_PAULO, 4.00, -9999.00, 661.55, -9999.00, -9999.00, -9999.00, -9999.00, -9999.00, -9999.00, -9999.00, -9999.00
58, 5, LOC_CITY_NAME_ARRETIUM, 4.00, -9999.00, -9999.00, -9999.00, 135.94, -9999.00, -9999.00, -9999.00, -9999.00, -9999.00, -9999.00
58, 5, LOC_CITY_QUANG_TRI, 4.00, -9999.00, 387.21, -9999.00, 135.94, -9999.00, -9999.00, -9999.00, -9999.00, -9999.00, -9999.00
58, 5, LOC_CITY_NAME_MAGDEBURG, 4.00, -9999.00, 387.21, 136.72, -9999.00, -9999.00, -9999.00, -9999.00, -9999.00, -9999.00, -9999.00
58, 5, LOC_CITY_NAME_ARPINUM, 4.00, -9999.00, -9999.00, -9999.00, -9999.00, -9999.00, -9999.00, -9999.00, -9999.00, -9999.00, -9999.00
58, 5, LOC_CITY_NAME_CHALKIDIKI, -9999.00, -9999.00, -9999.00, -9999.00, -9999.00, -9999.00, -9999.00, -9999.00, -9999.00, -9999.00, -9999.00
58, 5, LOC_CITY_NAME_FORTALEZA, 4.00, -9999.00, -9999.00, 136.72, -9999.00, -9999.00, -9999.00, -9999.00, -9999.00, -9999.00, -9999.00
58, 5, LOC_CITY_NAME_COLOGNE, 4.00, -9999.00, 387.21, 136.72, 0.00, -9999.00, -9999.00, -9999.00, -9999.00, -9999.00, -9999.00
58, 5, LOC_CITY_NAME_KERMA, 3.00, -9999.00, 387.21, -9999.00, 135.94, -9999.00, -9999.00, -9999.00, -9999.00, -9999.00, 3156.95
58, 5, LOC_CITY_HOI_AN, 4.00, -9999.00, -9999.00, -9999.00, -9999.00, -9999.00, -9999.00, -9999.00, -9999.00, -9999.00, -9999.00
58, 5, LOC_CITY_NAME_LUGDUNUM, 4.00, -9999.00, -9999.00, -9999.00, -9999.00, -9999.00, -9999.00, -9999.00, -9999.00, -9999.00, -9999.00
58, 5, LOC_CITY_NAME_BABYLON_STK, 3.00, -9999.00, 387.21, -9999.00, -9999.00, -9999.00, -9999.00, -9999.00, -9999.00, -9999.00, 3352.00
58, 5, LOC_CITY_NAME_PATNA, 3.00, -9999.00, -9999.00, 136.72, -9999.00, 328.30, -9999.00, -9999.00, -9999.00, -9999.00, 3076.94
58, 5, LOC_CITY_NAME_ALEXANDRIA_LATMUS, -9999.00, -9999.00, -9999.00, -9999.00, -9999.00, -9999.00, -9999.00, -9999.00, -9999.00, -9999.00, -9999.00
58, 5, LOC_CITY_NAME_CURITIBA, 4.00, -9999.00, -9999.00, -9999.00, -9999.00, -9999.00, -9999.00, -9999.00, -9999.00, -9999.00, -9999.00
58, 5, LOC_CITY_NAME_LISBON, -9999.00, -9999.00, -9999.00, -9999.00, -9999.00, -9999.00, -9999.00, -9999.00, 0.00, -9999.00, -9999.00
58, 5, LOC_CITY_NAME_SWENETT, 3.00, -9999.00, 387.21, -9999.00, -9999.00, 324.68, -9999.00, -9999.00, -9999.00, -9999.00, 1882.43
58, 5, LOC_CITY_NAME_BORSIPPA, 3.00, -9999.00, 387.21, -9999.00, 135.94, 458.95, -9999.00, -9999.00, -9999.00, -9999.00, 0.00
58, 5, LOC_CITY_NAME_KARKAR, 3.00, -9999.00, 387.21, -9999.00, -9999.00, 324.68, -9999.00, -9999.00, -9999.00, -9999.00, 174.25
58, 5, LOC_CITY_NAME_CUMAE, 4.00, -9999.00, -9999.00, -9999.00, -9999.00, -9999.00, -9999.00, -9999.00, -9999.00, -9999.00, -9999.00
58, 5, LOC_CITY_NAME_MEROE, 3.00, -9999.00, 387.21, -9999.00, 0.00, 384.07, -9999.00, -9999.00, -9999.00, -9999.00, 3836.24
58, 5, LOC_CITY_NAME_KUMASI, -9999.00, -9999.00, -9999.00, -9999.00, -9999.00, -9999.00, -9999.00, -9999.00, 0.00, -9999.00, -9999.00
58, 5, LOC_CITY_NAME_MEMPHIS, 3.00, -9999.00, 387.21, -9999.00, -9999.00, 200.05, -9999.00, -9999.00, -9999.00, -9999.00, 1800.54
58, 5, LOC_CITY_NAME_JOHANNESBURG, -9999.00, -9999.00, -9999.00, -9999.00, -9999.00, -9999.00, -9999.00, -9999.00, 0.00, -9999.00, -9999.00
58, 5, LOC_CITY_HOA_LU, 4.00, -9999.00, -9999.00, -9999.00, -9999.00, -9999.00, -9999.00, -9999.00, -9999.00, -9999.00, -9999.00
58, 5, LOC_CITY_NAME_DORTMUND, 4.00, -9999.00, -9999.00, 136.72, -9999.00, -9999.00, -9999.00, -9999.00, -9999.00, -9999.00, -9999.00
58, 5, LOC_CITY_NAME_FEZ, -9999.00, -9999.00, -9999.00, -9999.00, -9999.00, -9999.00, -9999.00, -9999.00, -9999.00, -9999.00, -9999.00
58, 5, LOC_CITY_NAME_KAWA, 3.00, -9999.00, 387.21, -9999.00, -9999.00, 196.50, -9999.00, -9999.00, -9999.00, -9999.00, 1864.08
58, 5, LOC_CITY_NAME_EL_KURRU, 3.00, -9999.00, 387.21, -9999.00, -9999.00, 149.45, -9999.00, -9999.00, -9999.00, -9999.00, -9999.00
58, 5, LOC_CITY_NAME_VATICAN_CITY, -9999.00, -9999.00, -9999.00, -9999.00, -9999.00, -9999.00, -9999.00, -9999.00, 0.00, -9999.00, -9999.00
58, 5, LOC_CITY_NAME_JERUSALEM, 4.00, -9999.00, -9999.00, -9999.00, -9999.00, -9999.00, -9999.00, -9999.00, -9999.00, -9999.00, -9999.00
58, 5, LOC_CITY_NAME_SALVADOR, 4.00, -9999.00, 661.55, -9999.00, -9999.00, -9999.00, -9999.00, -9999.00, -9999.00, -9999.00, -9999.00
58, 5, LOC_CITY_NAME_PRESLAV, -9999.00, -9999.00, -9999.00, -9999.00, -9999.00, -9999.00, -9999.00, -9999.00, 0.00, -9999.00, -9999.00
58, 5, LOC_CITY_NAME_HEIDELBERG, 4.00, -9999.00, -9999.00, -9999.00, -9999.00, -9999.00, -9999.00, -9999.00, -9999.00, -9999.00, -9999.00
58, 5, LOC_CITY_NAME_AKHETATEN, 3.00, -9999.00, 387.21, -9999.00, -9999.00, 176.02, -9999.00, -9999.00, -9999.00, -9999.00, 1253.89
58, 5, LOC_CITY_NAME_METHONE, -9999.00, -9999.00, -9999.00, -9999.00, -9999.00, -9999.00, -9999.00, -9999.00, -9999.00, -9999.00, -9999.00
58, 5, LOC_CITY_NAME_BABYLON, -9999.00, -9999.00, -9999.00, -9999.00, -9999.00, -9999.00, -9999.00, -9999.00, 0.00, -9999.00, -9999.00
58, 5, LOC_CITY_NAME_QASR_IBRIM, 3.00, -9999.00, 387.21, -9999.00, -9999.00, -9999.00, -9999.00, -9999.00, -9999.00, -9999.00, -9999.00
58, 5, LOC_CITY_NAME_HEH, 3.00, -9999.00, -9999.00, -9999.00, -9999.00, 393.02, -9999.00, -9999.00, -9999.00, -9999.00, 400.00
58, 5, LOC_CITY_NAME_SHAAT, 3.00, -9999.00, -9999.00, -9999.00, -9999.00, 94.38, -9999.00, -9999.00, -9999.00, -9999.00, -9999.00
58, 5, LOC_CITY_NAME_SEDEINGA, 3.00, -9999.00, 387.21, -9999.00, 0.00, 248.04, -9999.00, -9999.00, -9999.00, -9999.00, 405.00
58, 5, LOC_CITY_DONG_HOI, 4.00, -9999.00, 387.21, -9999.00, -9999.00, -9999.00, -9999.00, -9999.00, -9999.00, -9999.00, -9999.00
58, 5, LOC_CITY_NAME_BRUNDISIUM, 4.00, -9999.00, -9999.00, -9999.00, -9999.00, -9999.00, -9999.00, -9999.00, -9999.00, -9999.00, -9999.00
58, 5, LOC_CITY_NAME_PORTO_ALEGRE, 4.00, -9999.00, 661.55, -9999.00, -9999.00, -9999.00, -9999.00, -9999.00, -9999.00, -9999.00, -9999.00
58, 5, LOC_CITY_NAME_NURI, 3.00, -9999.00, -9999.00, -9999.00, 0.00, -9999.00, -9999.00, -9999.00, -9999.00, -9999.00, -9999.00
58, 5, LOC_CITY_NAME_MAINZ, 4.00, -9999.00, 387.21, 136.72, -9999.00, -9999.00, -9999.00, -9999.00, -9999.00, -9999.00, -9999.00
58, 5, LOC_CITY_NAME_YEREVAN, -9999.00, -9999.00, -9999.00, -9999.00, -9999.00, -9999.00, -9999.00, -9999.00, 0.00, -9999.00, -9999.00
58, 5, LOC_CITY_NAME_HATTUSA, -9999.00, -9999.00, -9999.00, -9999.00, -9999.00, -9999.00, -9999.00, -9999.00, 0.00, -9999.00, -9999.00
58, 5, LOC_CITY_CAN_THO, 4.00, -9999.00, -9999.00, -9999.00, -9999.00, -9999.00, -9999.00, -9999.00, -9999.00, -9999.00, -9999.00
58, 5, LOC_CITY_NAME_SHEDET, 3.00, -9999.00, 387.21, -9999.00, -9999.00, -9999.00, -9999.00, -9999.00, -9999.00, -9999.00, -9999.00
58, 5, LOC_CITY_NAME_SETIA, 4.00, -9999.00, -9999.00, -9999.00, -9999.00, -9999.00, -9999.00, -9999.00, -9999.00, -9999.00, -9999.00
58, 5, LOC_CITY_NAME_VILNIUS, 4.00, -9999.00, -9999.00, -9999.00, -9999.00, -9999.00, -9999.00, -9999.00, -9999.00, -9999.00, -9999.00
58, 5, LOC_CITY_NAME_NEKHEN, 3.00, -9999.00, 387.21, -9999.00, -9999.00, 240.04, -9999.00, -9999.00, -9999.00, -9999.00, 1668.42
58, 5, LOC_CITY_NAME_RA_KEDET, 3.00, -9999.00, 387.21, -9999.00, -9999.00, 216.04, -9999.00, -9999.00, -9999.00, -9999.00, 2718.00
58, 5, LOC_CITY_NAME_BERLIN, 4.00, -9999.00, -9999.00, -9999.00, -9999.00, -9999.00, -9999.00, -9999.00, -9999.00, -9999.00, -9999.00
58, 5, LOC_CITY_NAME_CHENNAI, 3.00, -9999.00, 387.21, -9999.00, -9999.00, 339.62, -9999.00, -9999.00, -9999.00, -9999.00, 3015.95
58, 5, LOC_CITY_NAME_BUENOS_AIRES, -9999.00, -9999.00, -9999.00, -9999.00, -9999.00, -9999.00, -9999.00, -9999.00, 0.00, -9999.00, -9999.00
58, 5, LOC_CITY_NAME_KURGUS, 3.00, -9999.00, -9999.00, -9999.00, -9999.00, -9999.00, -9999.00, -9999.00, -9999.00, -9999.00, 0.00
58, 6, LOC_CITY_NAME_PELLA, 2.00, -9999.00, -9999.00, -9999.00, 115.94, 147.64, -9999.00, -9999.00, -9999.00, -9999.00, -9999.00
58, 6, LOC_CITY_NAME_RIO_DE_JANEIRO, -9999.00, -9999.00, -9999.00, -9999.00, -9999.00, -9999.00, -9999.00, -9999.00, -9999.00, -9999.00, -9999.00
58, 6, LOC_CITY_NAME_ROME, 2.00, -9999.00, 0.00, -9999.00, -9999.00, -9999.00, -9999.00, -9999.00, -9999.00, -9999.00, -9999.00
58, 6, LOC_CITY_HA_NOI, 2.00, -9999.00, 402.25, -9999.00, -9999.00, -9999.00, -9999.00, -9999.00, -9999.00, -9999.00, -9999.00
58, 6, LOC_CITY_NAME_AACHEN, 2.00, -9999.00, 402.25, -9999.00, -9999.00, -9999.00, -9999.00, -9999.00, -9999.00, -9999.00, -9999.00
58, 6, LOC_CITY_HUE, 2.00, -9999.00, -9999.00, -9999.00, -9999.00, -9999.00, -9999.00, -9999.00, -9999.00, -9999.00, -9999.00
58, 6, LOC_CITY_NAME_ALEXANDRIA_TROAS, 2.00, -9999.00, 0.00, -9999.00, -9999.00, -9999.00, -9999.00, -9999.00, -9999.00, -9999.00, -9999.00
58, 6, LOC_CITY_NAME_SAO_PAULO, -9999.00, -9999.00, -9999.00, -9999.00, -9999.00, -9999.00, -9999.00, -9999.00, -9999.00, -9999.00, -9999.00
58, 6, LOC_CITY_NAME_ARRETIUM, 2.00, -9999.00, 0.00, -9999.00, 115.94, -9999.00, -9999.00, -9999.00, -9999.00, -9999.00, -9999.00
58, 6, LOC_CITY_QUANG_TRI, 2.00, -9999.00, 402.25, -9999.00, 115.94, -9999.00, -9999.00, -9999.00, -9999.00, -9999.00, -9999.00
58, 6, LOC_CITY_NAME_MAGDEBURG, 2.00, -9999.00, 402.25, 461.91, -9999.00, -9999.00, -9999.00, -9999.00, -9999.00, -9999.00, -9999.00
58, 6, LOC_CITY_NAME_ARPINUM, 2.00, -9999.00, 0.00, -9999.00, -9999.00, -9999.00, -9999.00, -9999.00, -9999.00, -9999.00, -9999.00
58, 6, LOC_CITY_NAME_CHALKIDIKI, 2.00, -9999.00, 0.00, -9999.00, -9999.00, -9999.00, -9999.00, -9999.00, -9999.00, -9999.00, -9999.00
58, 6, LOC_CITY_NAME_FORTALEZA, -9999.00, -9999.00, -9999.00, -9999.00, -9999.00, -9999.00, -9999.00, -9999.00, -9999.00, -9999.00, -9999.00
58, 6, LOC_CITY_NAME_COLOGNE, 2.00, -9999.00, 402.25, 461.91, 0.00, -9999.00, -9999.00, -9999.00, -9999.00, -9999.00, -9999.00
58, 6, LOC_CITY_NAME_KERMA, 3.00, -9999.00, 402.25, -9999.00, 115.94, -9999.00, -9999.00, -9999.00, -9999.00, -9999.00, 2709.00
58, 6, LOC_CITY_HOI_AN, 2.00, -9999.00, -9999.00, -9999.00, -9999.00, -9999.00, -9999.00, -9999.00, -9999.00, -9999.00, -9999.00
58, 6, LOC_CITY_NAME_LUGDUNUM, 2.00, -9999.00, -9999.00, -9999.00, -9999.00, -9999.00, -9999.00, -9999.00, -9999.00, -9999.00, -9999.00
58, 6, LOC_CITY_NAME_BABYLON_STK, 1.00, -9999.00, 402.25, -9999.00, -9999.00, -9999.00, -9999.00, -9999.00, -9999.00, -9999.00, 2636.10
58, 6, LOC_CITY_NAME_ALEXANDRIA_LATMUS, 2.00, -9999.00, 0.00, -9999.00, -9999.00, -9999.00, -9999.00, -9999.00, -9999.00, -9999.00, -9999.00
58, 6, LOC_CITY_NAME_PATNA, 1.00, -9999.00, -9999.00, 461.91, -9999.00, 357.05, -9999.00, -9999.00, -9999.00, -9999.00, 2648.81
58, 6, LOC_CITY_NAME_CURITIBA, -9999.00, -9999.00, -9999.00, -9999.00, -9999.00, -9999.00, -9999.00, -9999.00, -9999.00, -9999.00, -9999.00
58, 6, LOC_CITY_NAME_LISBON, -9999.00, -9999.00, -9999.00, -9999.00, -9999.00, -9999.00, -9999.00, -9999.00, 0.00, -9999.00, -9999.00
58, 6, LOC_CITY_NAME_SWENETT, 1.00, -9999.00, 402.25, -9999.00, -9999.00, 353.11, -9999.00, -9999.00, -9999.00, -9999.00, 1538.88
58, 6, LOC_CITY_NAME_BORSIPPA, 1.00, -9999.00, 402.25, -9999.00, 115.94, 499.14, -9999.00, -9999.00, -9999.00, -9999.00, 0.00
58, 6, LOC_CITY_NAME_KARKAR, 1.00, -9999.00, 402.25, -9999.00, -9999.00, 353.11, -9999.00, -9999.00, -9999.00, -9999.00, -23.97
58, 6, LOC_CITY_NAME_CUMAE, 2.00, -9999.00, -9999.00, -9999.00, -9999.00, -9999.00, -9999.00, -9999.00, -9999.00, -9999.00, -9999.00
58, 6, LOC_CITY_NAME_MEROE, 3.00, -9999.00, 402.25, -9999.00, 0.00, 417.70, -9999.00, -9999.00, -9999.00, -9999.00, 3189.71
58, 6, LOC_CITY_NAME_KUMASI, -9999.00, -9999.00, -9999.00, -9999.00, -9999.00, -9999.00, -9999.00, -9999.00, 0.00, -9999.00, -9999.00
58, 6, LOC_CITY_NAME_MEMPHIS, 1.00, -9999.00, 402.25, -9999.00, -9999.00, 217.56, -9999.00, -9999.00, -9999.00, -9999.00, 1364.62
58, 6, LOC_CITY_NAME_JOHANNESBURG, -9999.00, -9999.00, -9999.00, -9999.00, -9999.00, -9999.00, -9999.00, -9999.00, 0.00, -9999.00, -9999.00
58, 6, LOC_CITY_HOA_LU, 2.00, -9999.00, -9999.00, -9999.00, -9999.00, -9999.00, -9999.00, -9999.00, -9999.00, -9999.00, -9999.00
58, 6, LOC_CITY_NAME_DORTMUND, 2.00, -9999.00, -9999.00, 461.91, -9999.00, -9999.00, -9999.00, -9999.00, -9999.00, -9999.00, -9999.00
58, 6, LOC_CITY_NAME_FEZ, 2.00, -9999.00, -9999.00, -9999.00, -9999.00, -9999.00, -9999.00, -9999.00, -9999.00, -9999.00, -9999.00
58, 6, LOC_CITY_NAME_KAWA, 3.00, -9999.00, 402.25, -9999.00, -9999.00, 213.70, -9999.00, -9999.00, -9999.00, -9999.00, 1377.75
58, 6, LOC_CITY_NAME_JERUSALEM, -9999.00, -9999.00, -9999.00, -9999.00, -9999.00, -9999.00, -9999.00, -9999.00, -9999.00, -9999.00, -9999.00
58, 6, LOC_CITY_NAME_SALVADOR, -9999.00, -9999.00, -9999.00, -9999.00, -9999.00, -9999.00, -9999.00, -9999.00, -9999.00, -9999.00, -9999.00
58, 6, LOC_CITY_NAME_EL_KURRU, 3.00, -9999.00, 402.25, -9999.00, -9999.00, 162.54, -9999.00, -9999.00, -9999.00, -9999.00, -9999.00
58, 6, LOC_CITY_NAME_VATICAN_CITY, -9999.00, -9999.00, -9999.00, -9999.00, -9999.00, -9999.00, -9999.00, -9999.00, 0.00, -9999.00, -9999.00
58, 6, LOC_CITY_NAME_PRESLAV, -9999.00, -9999.00, -9999.00, -9999.00, -9999.00, -9999.00, -9999.00, -9999.00, 0.00, -9999.00, -9999.00
58, 6, LOC_CITY_NAME_HEIDELBERG, 2.00, -9999.00, -9999.00, -9999.00, -9999.00, -9999.00, -9999.00, -9999.00, -9999.00, -9999.00, -9999.00
58, 6, LOC_CITY_NAME_METHONE, 2.00, -9999.00, -9999.00, -9999.00, -9999.00, -9999.00, -9999.00, -9999.00, -9999.00, -9999.00, -9999.00
58, 6, LOC_CITY_NAME_AKHETATEN, 1.00, -9999.00, 402.25, -9999.00, -9999.00, 191.43, -9999.00, -9999.00, -9999.00, -9999.00, 927.87
58, 6, LOC_CITY_NAME_BABYLON, -9999.00, -9999.00, -9999.00, -9999.00, -9999.00, -9999.00, -9999.00, -9999.00, 0.00, -9999.00, -9999.00
58, 6, LOC_CITY_NAME_QASR_IBRIM, 3.00, -9999.00, 402.25, -9999.00, -9999.00, -9999.00, -9999.00, -9999.00, -9999.00, -9999.00, -9999.00
58, 6, LOC_CITY_NAME_HEH, 3.00, -9999.00, -9999.00, -9999.00, -9999.00, 427.43, -9999.00, -9999.00, -9999.00, -9999.00, 400.00
58, 6, LOC_CITY_NAME_SHAAT, 3.00, -9999.00, -9999.00, -9999.00, -9999.00, 102.64, -9999.00, -9999.00, -9999.00, -9999.00, -9999.00
58, 6, LOC_CITY_NAME_SEDEINGA, 3.00, -9999.00, 402.25, -9999.00, 0.00, 269.76, -9999.00, -9999.00, -9999.00, -9999.00, 400.00
58, 6, LOC_CITY_DONG_HOI, 2.00, -9999.00, 402.25, -9999.00, -9999.00, -9999.00, -9999.00, -9999.00, -9999.00, -9999.00, -9999.00
58, 6, LOC_CITY_NAME_BRUNDISIUM, 2.00, -9999.00, -9999.00, -9999.00, -9999.00, -9999.00, -9999.00, -9999.00, -9999.00, -9999.00, -9999.00
58, 6, LOC_CITY_NAME_PORTO_ALEGRE, -9999.00, -9999.00, -9999.00, -9999.00, -9999.00, -9999.00, -9999.00, -9999.00, -9999.00, -9999.00, -9999.00
58, 6, LOC_CITY_NAME_NURI, 3.00, -9999.00, -9999.00, -9999.00, 0.00, -9999.00, -9999.00, -9999.00, -9999.00, -9999.00, -9999.00
58, 6, LOC_CITY_NAME_MAINZ, 2.00, -9999.00, 402.25, 461.91, -9999.00, -9999.00, -9999.00, -9999.00, -9999.00, -9999.00, -9999.00
58, 6, LOC_CITY_NAME_YEREVAN, -9999.00, -9999.00, -9999.00, -9999.00, -9999.00, -9999.00, -9999.00, -9999.00, 0.00, -9999.00, -9999.00
58, 6, LOC_CITY_NAME_HATTUSA, -9999.00, -9999.00, -9999.00, -9999.00, -9999.00, -9999.00, -9999.00, -9999.00, 0.00, -9999.00, -9999.00
58, 6, LOC_CITY_CAN_THO, 2.00, -9999.00, -9999.00, -9999.00, -9999.00, -9999.00, -9999.00, -9999.00, -9999.00, -9999.00, -9999.00
58, 6, LOC_CITY_NAME_SHEDET, 1.00, -9999.00, 402.25, -9999.00, -9999.00, -9999.00, -9999.00, -9999.00, -9999.00, -9999.00, -9999.00
58, 6, LOC_CITY_NAME_SETIA, 2.00, -9999.00, -9999.00, -9999.00, -9999.00, -9999.00, -9999.00, -9999.00, -9999.00, -9999.00, -9999.00
58, 6, LOC_CITY_NAME_VILNIUS, 2.00, -9999.00, -9999.00, -9999.00, -9999.00, -9999.00, -9999.00, -9999.00, -9999.00, -9999.00, -9999.00
58, 6, LOC_CITY_NAME_NEKHEN, 1.00, -9999.00, 402.25, -9999.00, -9999.00, 261.06, -9999.00, -9999.00, -9999.00, -9999.00, 1304.22
58, 6, LOC_CITY_NAME_RA_KEDET, 1.00, -9999.00, 402.25, -9999.00, -9999.00, 234.96, -9999.00, -9999.00, -9999.00, -9999.00, 2229.25
58, 6, LOC_CITY_NAME_BERLIN, 2.00, -9999.00, -9999.00, -9999.00, -9999.00, -9999.00, -9999.00, -9999.00, -9999.00, -9999.00, -9999.00
58, 6, LOC_CITY_NAME_CHENNAI, 1.00, -9999.00, 402.25, -9999.00, -9999.00, 369.35, -9999.00, -9999.00, -9999.00, -9999.00, 2298.53
58, 6, LOC_CITY_NAME_BUENOS_AIRES, -9999.00, -9999.00, -9999.00, -9999.00, -9999.00, -9999.00, -9999.00, -9999.00, 0.00, -9999.00, -9999.00
58, 6, LOC_CITY_NAME_KURGUS, 3.00, -9999.00, -9999.00, -9999.00, -9999.00, -9999.00, -9999.00, -9999.00, -9999.00, -9999.00, 0.00
58, 7, LOC_CITY_NAME_RIO_DE_JANEIRO, 5.00, -9999.00, -9999.00, -9999.00, -9999.00, 225.66, -9999.00, -9999.00, -9999.00, -9999.00, -9999.00
58, 7, LOC_CITY_NAME_PELLA, 3.00, -9999.00, -9999.00, -9999.00, 115.94, 147.64, -9999.00, -9999.00, -9999.00, -9999.00, -9999.00
58, 7, LOC_CITY_NAME_AACHEN, -9999.00, -9999.00, -9999.00, -9999.00, -9999.00, -9999.00, -9999.00, -9999.00, -9999.00, -9999.00, -9999.00
58, 7, LOC_CITY_NAME_ROME, 3.00, -9999.00, 97.18, -9999.00, -9999.00, -9999.00, -9999.00, -9999.00, -9999.00, -9999.00, -9999.00
58, 7, LOC_CITY_HA_NOI, 5.00, -9999.00, -9999.00, -9999.00, -9999.00, -9999.00, -9999.00, -9999.00, -9999.00, -9999.00, -9999.00
58, 7, LOC_CITY_HUE, 5.00, -9999.00, -9999.00, -9999.00, -9999.00, -9999.00, -9999.00, -9999.00, -9999.00, -9999.00, -9999.00
58, 7, LOC_CITY_NAME_SAO_PAULO, 5.00, -9999.00, -9999.00, -9999.00, -9999.00, -9999.00, -9999.00, -9999.00, -9999.00, -9999.00, -9999.00
58, 7, LOC_CITY_NAME_ALEXANDRIA_TROAS, 3.00, -9999.00, 97.18, -9999.00, -9999.00, -9999.00, -9999.00, -9999.00, -9999.00, -9999.00, -9999.00
58, 7, LOC_CITY_NAME_ARRETIUM, 3.00, -9999.00, 97.18, -9999.00, 115.94, -9999.00, -9999.00, -9999.00, -9999.00, -9999.00, -9999.00
58, 7, LOC_CITY_NAME_MAGDEBURG, -9999.00, -9999.00, -9999.00, -9999.00, -9999.00, -9999.00, -9999.00, -9999.00, -9999.00, -9999.00, -9999.00
58, 7, LOC_CITY_QUANG_TRI, 5.00, -9999.00, -9999.00, -9999.00, 115.94, -9999.00, -9999.00, -9999.00, -9999.00, -9999.00, -9999.00
58, 7, LOC_CITY_NAME_ARPINUM, 3.00, -9999.00, 97.18, -9999.00, -9999.00, -9999.00, -9999.00, -9999.00, -9999.00, -9999.00, -9999.00
58, 7, LOC_CITY_NAME_FORTALEZA, 5.00, -9999.00, -9999.00, -9999.00, -9999.00, -9999.00, -9999.00, -9999.00, -9999.00, -9999.00, -9999.00
58, 7, LOC_CITY_NAME_CHALKIDIKI, 3.00, -9999.00, 97.18, -9999.00, -9999.00, -9999.00, -9999.00, -9999.00, -9999.00, -9999.00, -9999.00
58, 7, LOC_CITY_NAME_COLOGNE, -9999.00, -9999.00, -9999.00, -9999.00, -9999.00, -9999.00, -9999.00, -9999.00, -9999.00, -9999.00, -9999.00
58, 7, LOC_CITY_NAME_KERMA, 4.00, -9999.00, -9999.00, -9999.00, 115.94, -9999.00, -9999.00, -9999.00, -9999.00, -9999.00, 2834.78
58, 7, LOC_CITY_HOI_AN, 5.00, -9999.00, -9999.00, -9999.00, -9999.00, -9999.00, -9999.00, -9999.00, -9999.00, -9999.00, -9999.00
58, 7, LOC_CITY_NAME_LUGDUNUM, 3.00, -9999.00, -9999.00, -9999.00, -9999.00, -9999.00, -9999.00, -9999.00, -9999.00, -9999.00, -9999.00
58, 7, LOC_CITY_NAME_BABYLON_STK, 4.00, -9999.00, -9999.00, -9999.00, -9999.00, -9999.00, -9999.00, -9999.00, -9999.00, -9999.00, 2837.79
58, 7, LOC_CITY_NAME_ALEXANDRIA_LATMUS, 3.00, -9999.00, 97.18, -9999.00, -9999.00, -9999.00, -9999.00, -9999.00, -9999.00, -9999.00, -9999.00
58, 7, LOC_CITY_NAME_PATNA, 2.00, -9999.00, -9999.00, 461.91, -9999.00, 357.05, -9999.00, -9999.00, -9999.00, -9999.00, -9999.00
58, 7, LOC_CITY_NAME_CURITIBA, 5.00, -9999.00, -9999.00, -9999.00, -9999.00, -9999.00, -9999.00, -9999.00, -9999.00, -9999.00, -9999.00
58, 7, LOC_CITY_NAME_LISBON, -9999.00, -9999.00, -9999.00, -9999.00, -9999.00, -9999.00, -9999.00, -9999.00, 0.00, -9999.00, -9999.00
58, 7, LOC_CITY_NAME_SWENETT, 2.00, -9999.00, -9999.00, -9999.00, -9999.00, 353.11, -9999.00, -9999.00, -9999.00, -9999.00, 1610.85
58, 7, LOC_CITY_NAME_BORSIPPA, 4.00, -9999.00, -9999.00, -9999.00, 115.94, 499.14, -9999.00, -9999.00, -9999.00, -9999.00, 0.00
58, 7, LOC_CITY_NAME_KARKAR, 4.00, -9999.00, -9999.00, -9999.00, -9999.00, 353.11, -9999.00, -9999.00, -9999.00, -9999.00, -17.84
58, 7, LOC_CITY_NAME_CUMAE, 3.00, -9999.00, -9999.00, -9999.00, -9999.00, -9999.00, -9999.00, -9999.00, -9999.00, -9999.00, -9999.00
58, 7, LOC_CITY_NAME_MEROE, 4.00, -9999.00, -9999.00, -9999.00, 0.00, 417.70, -9999.00, -9999.00, -9999.00, -9999.00, 3270.87
58, 7, LOC_CITY_NAME_KUMASI, -9999.00, -9999.00, -9999.00, -9999.00, -9999.00, -9999.00, -9999.00, -9999.00, 0.00, -9999.00, -9999.00
58, 7, LOC_CITY_NAME_MEMPHIS, 2.00, -9999.00, -9999.00, -9999.00, -9999.00, 217.56, -9999.00, -9999.00, -9999.00, -9999.00, 1537.65
58, 7, LOC_CITY_NAME_JOHANNESBURG, -9999.00, -9999.00, -9999.00, -9999.00, -9999.00, -9999.00, -9999.00, -9999.00, 0.00, -9999.00, -9999.00
58, 7, LOC_CITY_NAME_DORTMUND, -9999.00, -9999.00, -9999.00, -9999.00, -9999.00, -9999.00, -9999.00, -9999.00, -9999.00, -9999.00, -9999.00
58, 7, LOC_CITY_HOA_LU, 5.00, -9999.00, -9999.00, -9999.00, -9999.00, -9999.00, -9999.00, -9999.00, -9999.00, -9999.00, -9999.00
58, 7, LOC_CITY_NAME_FEZ, 3.00, -9999.00, -9999.00, -9999.00, -9999.00, -9999.00, -9999.00, -9999.00, -9999.00, -9999.00, -9999.00
58, 7, LOC_CITY_NAME_KAWA, 4.00, -9999.00, -9999.00, -9999.00, -9999.00, 213.70, -9999.00, -9999.00, -9999.00, -9999.00, 1628.43
58, 7, LOC_CITY_NAME_JERUSALEM, 5.00, -9999.00, -9999.00, -9999.00, -9999.00, -9999.00, -9999.00, -9999.00, -9999.00, -9999.00, -9999.00
58, 7, LOC_CITY_NAME_SALVADOR, 5.00, -9999.00, -9999.00, -9999.00, -9999.00, -9999.00, -9999.00, -9999.00, -9999.00, -9999.00, -9999.00
58, 7, LOC_CITY_NAME_EL_KURRU, 4.00, -9999.00, -9999.00, -9999.00, -9999.00, 162.54, -9999.00, -9999.00, -9999.00, -9999.00, -9999.00
58, 7, LOC_CITY_NAME_VATICAN_CITY, -9999.00, -9999.00, -9999.00, -9999.00, -9999.00, -9999.00, -9999.00, -9999.00, 0.00, -9999.00, -9999.00
58, 7, LOC_CITY_NAME_PRESLAV, -9999.00, -9999.00, -9999.00, -9999.00, -9999.00, -9999.00, -9999.00, -9999.00, 0.00, -9999.00, -9999.00
58, 7, LOC_CITY_NAME_HEIDELBERG, -9999.00, -9999.00, -9999.00, -9999.00, -9999.00, -9999.00, -9999.00, -9999.00, -9999.00, -9999.00, -9999.00
58, 7, LOC_CITY_NAME_METHONE, 3.00, -9999.00, -9999.00, -9999.00, -9999.00, -9999.00, -9999.00, -9999.00, -9999.00, -9999.00, -9999.00
58, 7, LOC_CITY_NAME_AKHETATEN, 2.00, -9999.00, -9999.00, -9999.00, -9999.00, 191.43, -9999.00, -9999.00, -9999.00, -9999.00, 1021.06
58, 7, LOC_CITY_NAME_BABYLON, -9999.00, -9999.00, -9999.00, -9999.00, -9999.00, -9999.00, -9999.00, -9999.00, 0.00, -9999.00, -9999.00
58, 7, LOC_CITY_NAME_QASR_IBRIM, 4.00, -9999.00, -9999.00, -9999.00, -9999.00, -9999.00, -9999.00, -9999.00, -9999.00, -9999.00, -9999.00
58, 7, LOC_CITY_NAME_HEH, 4.00, -9999.00, -9999.00, -9999.00, -9999.00, 427.43, -9999.00, -9999.00, -9999.00, -9999.00, 400.00
58, 7, LOC_CITY_NAME_SHAAT, 4.00, -9999.00, -9999.00, -9999.00, -9999.00, 102.64, -9999.00, -9999.00, -9999.00, -9999.00, -9999.00
58, 7, LOC_CITY_NAME_SEDEINGA, 4.00, -9999.00, -9999.00, -9999.00, 0.00, 269.76, -9999.00, -9999.00, -9999.00, -9999.00, 400.00
58, 7, LOC_CITY_DONG_HOI, 5.00, -9999.00, -9999.00, -9999.00, -9999.00, -9999.00, -9999.00, -9999.00, -9999.00, -9999.00, -9999.00
58, 7, LOC_CITY_NAME_BRUNDISIUM, 3.00, -9999.00, -9999.00, -9999.00, -9999.00, -9999.00, -9999.00, -9999.00, -9999.00, -9999.00, -9999.00
58, 7, LOC_CITY_NAME_PORTO_ALEGRE, 5.00, -9999.00, -9999.00, -9999.00, -9999.00, -9999.00, -9999.00, -9999.00, -9999.00, -9999.00, -9999.00
58, 7, LOC_CITY_NAME_MAINZ, -9999.00, -9999.00, -9999.00, -9999.00, -9999.00, -9999.00, -9999.00, -9999.00, -9999.00, -9999.00, -9999.00
58, 7, LOC_CITY_NAME_NURI, 4.00, -9999.00, -9999.00, -9999.00, 0.00, -9999.00, -9999.00, -9999.00, -9999.00, -9999.00, -9999.00
58, 7, LOC_CITY_NAME_YEREVAN, -9999.00, -9999.00, -9999.00, -9999.00, -9999.00, -9999.00, -9999.00, -9999.00, 0.00, -9999.00, -9999.00
58, 7, LOC_CITY_NAME_HATTUSA, -9999.00, -9999.00, -9999.00, -9999.00, -9999.00, -9999.00, -9999.00, -9999.00, 0.00, -9999.00, -9999.00
58, 7, LOC_CITY_CAN_THO, 5.00, -9999.00, -9999.00, -9999.00, -9999.00, -9999.00, -9999.00, -9999.00, -9999.00, -9999.00, -9999.00
58, 7, LOC_CITY_NAME_SHEDET, 2.00, -9999.00, -9999.00, -9999.00, -9999.00, -9999.00, -9999.00, -9999.00, -9999.00, -9999.00, -9999.00
58, 7, LOC_CITY_NAME_SETIA, 3.00, -9999.00, -9999.00, -9999.00, -9999.00, -9999.00, -9999.00, -9999.00, -9999.00, -9999.00, -9999.00
58, 7, LOC_CITY_NAME_VILNIUS, 5.00, -9999.00, -9999.00, -9999.00, -9999.00, -9999.00, -9999.00, -9999.00, -9999.00, -9999.00, -9999.00
58, 7, LOC_CITY_NAME_NEKHEN, 2.00, -9999.00, -9999.00, -9999.00, -9999.00, 261.06, -9999.00, -9999.00, -9999.00, -9999.00, 1449.04
58, 7, LOC_CITY_NAME_RA_KEDET, 2.00, -9999.00, -9999.00, -9999.00, -9999.00, 234.96, -9999.00, -9999.00, -9999.00, -9999.00, 2240.62
58, 7, LOC_CITY_NAME_BERLIN, -9999.00, -9999.00, -9999.00, -9999.00, -9999.00, -9999.00, -9999.00, -9999.00, -9999.00, -9999.00, -9999.00
58, 7, LOC_CITY_NAME_CHENNAI, 2.00, -9999.00, -9999.00, -9999.00, -9999.00, 369.35, -9999.00, -9999.00, -9999.00, -9999.00, 2731.00
58, 7, LOC_CITY_NAME_BUENOS_AIRES, -9999.00, -9999.00, -9999.00, -9999.00, -9999.00, -9999.00, -9999.00, -9999.00, 0.00, -9999.00, -9999.00
58, 7, LOC_CITY_NAME_KURGUS, 4.00, -9999.00, -9999.00, -9999.00, -9999.00, -9999.00, -9999.00, -9999.00, -9999.00, -9999.00, 0.00
58, 7, LOC_CITY_NAME_CALCUTTA, 2.00, -9999.00, -9999.00, -9999.00, -9999.00, 310.96, -9999.00, -9999.00, -9999.00, -9999.00, -9999.00
58, 7, 8257590, MOVE TO CITY (ALREADY THERE), COMPLETE, 66:62
58, 7, 8257590, GAIN SOURCES, BEGIN, 66:62
58, 8, LOC_CITY_NAME_AACHEN, 1.00, -9999.00, 2429.98, 211.91, -9999.00, -9999.00, -9999.00, -9999.00, -9999.00, -9999.00, -9999.00
58, 8, LOC_CITY_NAME_RIO_DE_JANEIRO, 3.00, -9999.00, 2429.98, 211.91, -9999.00, 225.66, -9999.00, -9999.00, -9999.00, -9999.00, -9999.00
58, 8, LOC_CITY_NAME_PELLA, 1.00, -9999.00, -9999.00, -9999.00, 115.94, 147.64, -9999.00, -9999.00, -9999.00, -9999.00, -9999.00
58, 8, LOC_CITY_HA_NOI, -9999.00, -9999.00, -9999.00, -9999.00, -9999.00, -9999.00, -9999.00, -9999.00, -9999.00, -9999.00, -9999.00
58, 8, LOC_CITY_NAME_ROME, 1.00, -9999.00, 100.59, -9999.00, -9999.00, -9999.00, -9999.00, -9999.00, -9999.00, -9999.00, -9999.00
58, 8, LOC_CITY_HUE, -9999.00, -9999.00, -9999.00, -9999.00, -9999.00, -9999.00, -9999.00, -9999.00, -9999.00, -9999.00, -9999.00
58, 8, LOC_CITY_NAME_SAO_PAULO, 3.00, -9999.00, 2429.98, 211.91, -9999.00, -9999.00, -9999.00, -9999.00, -9999.00, -9999.00, -9999.00
58, 8, LOC_CITY_NAME_ALEXANDRIA_TROAS, 1.00, -9999.00, 100.59, -9999.00, -9999.00, -9999.00, -9999.00, -9999.00, -9999.00, -9999.00, -9999.00
58, 8, LOC_CITY_NAME_ARRETIUM, 1.00, -9999.00, 100.59, -9999.00, 115.94, -9999.00, -9999.00, -9999.00, -9999.00, -9999.00, -9999.00
58, 8, LOC_CITY_NAME_MAGDEBURG, 1.00, -9999.00, 2429.98, 211.91, -9999.00, -9999.00, -9999.00, -9999.00, -9999.00, -9999.00, -9999.00
58, 8, LOC_CITY_QUANG_TRI, -9999.00, -9999.00, -9999.00, -9999.00, -9999.00, -9999.00, -9999.00, -9999.00, -9999.00, -9999.00, -9999.00
58, 8, LOC_CITY_NAME_ARPINUM, 1.00, -9999.00, 100.59, -9999.00, -9999.00, -9999.00, -9999.00, -9999.00, -9999.00, -9999.00, -9999.00
58, 8, LOC_CITY_NAME_FORTALEZA, 3.00, -9999.00, 2429.98, -9999.00, -9999.00, -9999.00, -9999.00, -9999.00, -9999.00, -9999.00, -9999.00
58, 8, LOC_CITY_NAME_CHALKIDIKI, 1.00, -9999.00, 100.59, -9999.00, -9999.00, -9999.00, -9999.00, -9999.00, -9999.00, -9999.00, -9999.00
58, 8, LOC_CITY_NAME_COLOGNE, 1.00, -9999.00, 2429.98, 211.91, 0.00, -9999.00, -9999.00, -9999.00, -9999.00, -9999.00, -9999.00
58, 8, LOC_CITY_HOI_AN, -9999.00, -9999.00, -9999.00, -9999.00, -9999.00, -9999.00, -9999.00, -9999.00, -9999.00, -9999.00, -9999.00
58, 8, LOC_CITY_NAME_KERMA, 3.00, -9999.00, 2429.98, -9999.00, 115.94, -9999.00, -9999.00, -9999.00, -9999.00, -9999.00, 2716.00
58, 8, LOC_CITY_NAME_LUGDUNUM, 1.00, -9999.00, -9999.00, -9999.00, -9999.00, -9999.00, -9999.00, -9999.00, -9999.00, -9999.00, -9999.00
58, 8, LOC_CITY_NAME_BABYLON_STK, 1.00, -9999.00, 2429.98, -9999.00, -9999.00, -9999.00, -9999.00, -9999.00, -9999.00, -9999.00, 2660.19
58, 8, LOC_CITY_NAME_ALEXANDRIA_LATMUS, 1.00, -9999.00, 100.59, -9999.00, -9999.00, -9999.00, -9999.00, -9999.00, -9999.00, -9999.00, -9999.00
58, 8, LOC_CITY_NAME_PATNA, 1.00, -9999.00, -9999.00, 211.91, -9999.00, 357.05, -9999.00, -9999.00, -9999.00, -9999.00, 2557.45
58, 8, LOC_CITY_NAME_CURITIBA, 3.00, -9999.00, -9999.00, 211.91, -9999.00, -9999.00, -9999.00, -9999.00, -9999.00, -9999.00, -9999.00
58, 8, LOC_CITY_NAME_LISBON, -9999.00, -9999.00, -9999.00, -9999.00, -9999.00, -9999.00, -9999.00, -9999.00, 0.00, -9999.00, -9999.00
58, 8, LOC_CITY_NAME_SWENETT, 1.00, -9999.00, 2429.98, -9999.00, -9999.00, 353.11, -9999.00, -9999.00, -9999.00, -9999.00, 1537.52
58, 8, LOC_CITY_NAME_BORSIPPA, 1.00, -9999.00, 2429.98, -9999.00, 115.94, 499.14, -9999.00, -9999.00, -9999.00, -9999.00, 0.00
58, 8, LOC_CITY_NAME_KARKAR, 1.00, -9999.00, 2429.98, -9999.00, -9999.00, 353.11, -9999.00, -9999.00, -9999.00, -9999.00, -22.36
58, 8, LOC_CITY_NAME_CUMAE, 1.00, -9999.00, -9999.00, -9999.00, -9999.00, -9999.00, -9999.00, -9999.00, -9999.00, -9999.00, -9999.00
58, 8, LOC_CITY_NAME_MEROE, 3.00, -9999.00, 2429.98, -9999.00, 0.00, 417.70, -9999.00, -9999.00, -9999.00, -9999.00, 3150.12
58, 8, LOC_CITY_NAME_KUMASI, -9999.00, -9999.00, -9999.00, -9999.00, -9999.00, -9999.00, -9999.00, -9999.00, 0.00, -9999.00, -9999.00
58, 8, LOC_CITY_NAME_MEMPHIS, 1.00, -9999.00, 2429.98, -9999.00, -9999.00, 217.56, -9999.00, -9999.00, -9999.00, -9999.00, 1450.52
58, 8, LOC_CITY_NAME_JOHANNESBURG, -9999.00, -9999.00, -9999.00, -9999.00, -9999.00, -9999.00, -9999.00, -9999.00, 0.00, -9999.00, -9999.00
58, 8, LOC_CITY_NAME_DORTMUND, 1.00, -9999.00, -9999.00, 211.91, -9999.00, -9999.00, -9999.00, -9999.00, -9999.00, -9999.00, -9999.00
58, 8, LOC_CITY_HOA_LU, -9999.00, -9999.00, -9999.00, -9999.00, -9999.00, -9999.00, -9999.00, -9999.00, -9999.00, -9999.00, -9999.00
58, 8, LOC_CITY_NAME_FEZ, 1.00, -9999.00, -9999.00, -9999.00, -9999.00, -9999.00, -9999.00, -9999.00, -9999.00, -9999.00, -9999.00
58, 8, LOC_CITY_NAME_KAWA, 3.00, -9999.00, 2429.98, -9999.00, -9999.00, 213.70, -9999.00, -9999.00, -9999.00, -9999.00, 1496.04
58, 8, LOC_CITY_NAME_JERUSALEM, 3.00, -9999.00, -9999.00, -9999.00, -9999.00, -9999.00, -9999.00, -9999.00, -9999.00, -9999.00, -9999.00
58, 8, LOC_CITY_NAME_SALVADOR, 3.00, -9999.00, 2429.98, -9999.00, -9999.00, -9999.00, -9999.00, -9999.00, -9999.00, -9999.00, -9999.00
58, 8, LOC_CITY_NAME_EL_KURRU, 3.00, -9999.00, 2429.98, -9999.00, -9999.00, 162.54, -9999.00, -9999.00, -9999.00, -9999.00, -9999.00
58, 8, LOC_CITY_NAME_VATICAN_CITY, -9999.00, -9999.00, -9999.00, -9999.00, -9999.00, -9999.00, -9999.00, -9999.00, 0.00, -9999.00, -9999.00
58, 8, LOC_CITY_NAME_HEIDELBERG, 1.00, -9999.00, -9999.00, -9999.00, -9999.00, -9999.00, -9999.00, -9999.00, -9999.00, -9999.00, -9999.00
58, 8, LOC_CITY_NAME_PRESLAV, -9999.00, -9999.00, -9999.00, -9999.00, -9999.00, -9999.00, -9999.00, -9999.00, 0.00, -9999.00, -9999.00
58, 8, LOC_CITY_NAME_METHONE, 1.00, -9999.00, -9999.00, -9999.00, -9999.00, -9999.00, -9999.00, -9999.00, -9999.00, -9999.00, -9999.00
58, 8, LOC_CITY_NAME_AKHETATEN, 1.00, -9999.00, 2429.98, -9999.00, -9999.00, 191.43, -9999.00, -9999.00, -9999.00, -9999.00, 958.22
58, 8, LOC_CITY_NAME_BABYLON, -9999.00, -9999.00, -9999.00, -9999.00, -9999.00, -9999.00, -9999.00, -9999.00, 0.00, -9999.00, -9999.00
58, 8, LOC_CITY_NAME_QASR_IBRIM, 3.00, -9999.00, 2429.98, -9999.00, -9999.00, -9999.00, -9999.00, -9999.00, -9999.00, -9999.00, -9999.00
58, 8, LOC_CITY_NAME_HEH, 3.00, -9999.00, -9999.00, -9999.00, -9999.00, 427.43, -9999.00, -9999.00, -9999.00, -9999.00, 400.00
58, 8, LOC_CITY_DONG_HOI, -9999.00, -9999.00, -9999.00, -9999.00, -9999.00, -9999.00, -9999.00, -9999.00, -9999.00, -9999.00, -9999.00
58, 8, LOC_CITY_NAME_SHAAT, 3.00, -9999.00, -9999.00, -9999.00, -9999.00, 102.64, -9999.00, -9999.00, -9999.00, -9999.00, -9999.00
58, 8, LOC_CITY_NAME_SEDEINGA, 3.00, -9999.00, 2429.98, -9999.00, 0.00, 269.76, -9999.00, -9999.00, -9999.00, -9999.00, 400.00
58, 8, LOC_CITY_NAME_BRUNDISIUM, 1.00, -9999.00, -9999.00, -9999.00, -9999.00, -9999.00, -9999.00, -9999.00, -9999.00, -9999.00, -9999.00
58, 8, LOC_CITY_NAME_PORTO_ALEGRE, 3.00, -9999.00, 2429.98, -9999.00, -9999.00, -9999.00, -9999.00, -9999.00, -9999.00, -9999.00, -9999.00
58, 8, LOC_CITY_NAME_MAINZ, 1.00, -9999.00, 2429.98, 211.91, -9999.00, -9999.00, -9999.00, -9999.00, -9999.00, -9999.00, -9999.00
58, 8, LOC_CITY_NAME_NURI, 3.00, -9999.00, -9999.00, -9999.00, 0.00, -9999.00, -9999.00, -9999.00, -9999.00, -9999.00, -9999.00
58, 8, LOC_CITY_NAME_YEREVAN, -9999.00, -9999.00, -9999.00, -9999.00, -9999.00, -9999.00, -9999.00, -9999.00, 0.00, -9999.00, -9999.00
58, 8, LOC_CITY_NAME_HATTUSA, -9999.00, -9999.00, -9999.00, -9999.00, -9999.00, -9999.00, -9999.00, -9999.00, 0.00, -9999.00, -9999.00
58, 8, LOC_CITY_CAN_THO, -9999.00, -9999.00, -9999.00, -9999.00, -9999.00, -9999.00, -9999.00, -9999.00, -9999.00, -9999.00, -9999.00
58, 8, LOC_CITY_NAME_SHEDET, 1.00, -9999.00, 2429.98, -9999.00, -9999.00, -9999.00, -9999.00, -9999.00, -9999.00, -9999.00, -9999.00
58, 8, LOC_CITY_NAME_VILNIUS, -9999.00, -9999.00, -9999.00, -9999.00, -9999.00, -9999.00, -9999.00, -9999.00, -9999.00, -9999.00, -9999.00
58, 8, LOC_CITY_NAME_SETIA, 1.00, -9999.00, -9999.00, -9999.00, -9999.00, -9999.00, -9999.00, -9999.00, -9999.00, -9999.00, -9999.00
58, 8, LOC_CITY_NAME_BERLIN, 1.00, -9999.00, -9999.00, -9999.00, -9999.00, -9999.00, -9999.00, -9999.00, -9999.00, -9999.00, -9999.00
58, 8, LOC_CITY_NAME_NEKHEN, 1.00, -9999.00, 2429.98, -9999.00, -9999.00, 261.06, -9999.00, -9999.00, -9999.00, -9999.00, 1359.79
58, 8, LOC_CITY_NAME_RA_KEDET, 1.00, -9999.00, 2429.98, -9999.00, -9999.00, 234.96, -9999.00, -9999.00, -9999.00, -9999.00, 2194.18
58, 8, LOC_CITY_NAME_CHENNAI, 1.00, -9999.00, 2429.98, -9999.00, -9999.00, 369.35, -9999.00, -9999.00, -9999.00, -9999.00, 2496.63
58, 8, LOC_CITY_NAME_BUENOS_AIRES, -9999.00, -9999.00, -9999.00, -9999.00, -9999.00, -9999.00, -9999.00, -9999.00, 0.00, -9999.00, -9999.00
58, 8, LOC_CITY_NAME_KURGUS, 3.00, -9999.00, -9999.00, -9999.00, -9999.00, -9999.00, -9999.00, -9999.00, -9999.00, -9999.00, 0.00
58, 8, 11403352, MOVE TO CITY(69 63), BEGIN, 21:18
58, 9, LOC_CITY_HA_NOI, 5.00, -9999.00, 371.42, -9999.00, -9999.00, -9999.00, -9999.00, -9999.00, -9999.00, -9999.00, -9999.00
58, 9, LOC_CITY_NAME_AACHEN, 4.00, -9999.00, 371.42, 149.41, -9999.00, -9999.00, -9999.00, -9999.00, -9999.00, -9999.00, -9999.00
58, 9, LOC_CITY_NAME_RIO_DE_JANEIRO, 4.00, -9999.00, 625.52, 149.41, -9999.00, 231.87, -9999.00, -9999.00, -9999.00, -9999.00, -9999.00
58, 9, LOC_CITY_NAME_PELLA, 2.00, -9999.00, -9999.00, -9999.00, 115.94, 151.71, -9999.00, -9999.00, -9999.00, -9999.00, -9999.00
58, 9, LOC_CITY_NAME_ROME, -9999.00, -9999.00, -9999.00, -9999.00, -9999.00, -9999.00, -9999.00, -9999.00, -9999.00, -9999.00, -9999.00
58, 9, LOC_CITY_HUE, 5.00, -9999.00, -9999.00, -9999.00, -9999.00, -9999.00, -9999.00, -9999.00, -9999.00, -9999.00, -9999.00
58, 9, LOC_CITY_NAME_SAO_PAULO, 4.00, -9999.00, 625.52, 149.41, -9999.00, -9999.00, -9999.00, -9999.00, -9999.00, -9999.00, -9999.00
58, 9, LOC_CITY_NAME_ALEXANDRIA_TROAS, 2.00, -9999.00, -9999.00, -9999.00, -9999.00, -9999.00, -9999.00, -9999.00, -9999.00, -9999.00, -9999.00
58, 9, LOC_CITY_NAME_ARRETIUM, -9999.00, -9999.00, -9999.00, -9999.00, -9999.00, -9999.00, -9999.00, -9999.00, -9999.00, -9999.00, -9999.00
58, 9, LOC_CITY_QUANG_TRI, 5.00, -9999.00, 371.42, -9999.00, 115.94, -9999.00, -9999.00, -9999.00, -9999.00, -9999.00, -9999.00
58, 9, LOC_CITY_NAME_MAGDEBURG, 4.00, -9999.00, 371.42, 149.41, -9999.00, -9999.00, -9999.00, -9999.00, -9999.00, -9999.00, -9999.00
58, 9, LOC_CITY_NAME_ARPINUM, -9999.00, -9999.00, -9999.00, -9999.00, -9999.00, -9999.00, -9999.00, -9999.00, -9999.00, -9999.00, -9999.00
58, 9, LOC_CITY_NAME_FORTALEZA, 4.00, -9999.00, 625.52, -9999.00, -9999.00, -9999.00, -9999.00, -9999.00, -9999.00, -9999.00, -9999.00
58, 9, LOC_CITY_NAME_CHALKIDIKI, 2.00, -9999.00, -9999.00, -9999.00, -9999.00, -9999.00, -9999.00, -9999.00, -9999.00, -9999.00, -9999.00
58, 9, LOC_CITY_NAME_COLOGNE, 4.00, -9999.00, 371.42, 149.41, 0.00, -9999.00, -9999.00, -9999.00, -9999.00, -9999.00, -9999.00
58, 9, LOC_CITY_HOI_AN, 5.00, -9999.00, -9999.00, -9999.00, -9999.00, -9999.00, -9999.00, -9999.00, -9999.00, -9999.00, -9999.00
58, 9, LOC_CITY_NAME_LUGDUNUM, -9999.00, -9999.00, -9999.00, -9999.00, -9999.00, -9999.00, -9999.00, -9999.00, -9999.00, -9999.00, -9999.00
58, 9, LOC_CITY_NAME_KERMA, 3.00, -9999.00, 371.42, -9999.00, 115.94, -9999.00, -9999.00, -9999.00, -9999.00, -9999.00, 2852.44
58, 9, LOC_CITY_NAME_BABYLON_STK, 3.00, -9999.00, 371.42, -9999.00, -9999.00, -9999.00, -9999.00, -9999.00, -9999.00, -9999.00, 2862.95
58, 9, LOC_CITY_NAME_ALEXANDRIA_LATMUS, 2.00, -9999.00, -9999.00, -9999.00, -9999.00, -9999.00, -9999.00, -9999.00, -9999.00, -9999.00, -9999.00
58, 9, LOC_CITY_NAME_PATNA, 1.00, -9999.00, -9999.00, 149.41, -9999.00, 366.89, -9999.00, -9999.00, -9999.00, -9999.00, 2717.88
58, 9, LOC_CITY_NAME_CURITIBA, 4.00, -9999.00, -9999.00, 149.41, -9999.00, -9999.00, -9999.00, -9999.00, -9999.00, -9999.00, -9999.00
58, 9, LOC_CITY_NAME_LISBON, -9999.00, -9999.00, -9999.00, -9999.00, -9999.00, -9999.00, -9999.00, -9999.00, 0.00, -9999.00, -9999.00
58, 9, LOC_CITY_NAME_SWENETT, 1.00, -9999.00, 371.42, -9999.00, -9999.00, 362.83, -9999.00, -9999.00, -9999.00, -9999.00, 1622.28
58, 9, LOC_CITY_NAME_BORSIPPA, 3.00, -9999.00, 371.42, -9999.00, 115.94, 512.88, -9999.00, -9999.00, -9999.00, -9999.00, 0.00
58, 9, LOC_CITY_NAME_KARKAR, 3.00, -9999.00, 371.42, -9999.00, -9999.00, 362.83, -9999.00, -9999.00, -9999.00, -9999.00, -17.30
58, 9, LOC_CITY_NAME_MEROE, 3.00, -9999.00, 371.42, -9999.00, 0.00, 429.20, -9999.00, -9999.00, -9999.00, -9999.00, 3293.13
58, 9, LOC_CITY_NAME_CUMAE, -9999.00, -9999.00, -9999.00, -9999.00, -9999.00, -9999.00, -9999.00, -9999.00, -9999.00, -9999.00, -9999.00
58, 9, LOC_CITY_NAME_KUMASI, -9999.00, -9999.00, -9999.00, -9999.00, -9999.00, -9999.00, -9999.00, -9999.00, 0.00, -9999.00, -9999.00
58, 9, LOC_CITY_NAME_MEMPHIS, 1.00, -9999.00, 371.42, -9999.00, -9999.00, 223.55, -9999.00, -9999.00, -9999.00, -9999.00, 1548.09
58, 9, LOC_CITY_NAME_JOHANNESBURG, -9999.00, -9999.00, -9999.00, -9999.00, -9999.00, -9999.00, -9999.00, -9999.00, 0.00, -9999.00, -9999.00
58, 9, LOC_CITY_HOA_LU, 5.00, -9999.00, -9999.00, -9999.00, -9999.00, -9999.00, -9999.00, -9999.00, -9999.00, -9999.00, -9999.00
58, 9, LOC_CITY_NAME_DORTMUND, 4.00, -9999.00, -9999.00, 149.41, -9999.00, -9999.00, -9999.00, -9999.00, -9999.00, -9999.00, -9999.00
58, 9, LOC_CITY_NAME_FEZ, 2.00, -9999.00, -9999.00, -9999.00, -9999.00, -9999.00, -9999.00, -9999.00, -9999.00, -9999.00, -9999.00
58, 9, LOC_CITY_NAME_KAWA, 3.00, -9999.00, 371.42, -9999.00, -9999.00, 219.59, -9999.00, -9999.00, -9999.00, -9999.00, 1637.95
58, 9, LOC_CITY_NAME_JERUSALEM, 4.00, -9999.00, -9999.00, -9999.00, -9999.00, -9999.00, -9999.00, -9999.00, -9999.00, -9999.00, -9999.00
58, 9, LOC_CITY_NAME_SALVADOR, 4.00, -9999.00, 625.52, -9999.00, -9999.00, -9999.00, -9999.00, -9999.00, -9999.00, -9999.00, -9999.00
58, 9, LOC_CITY_NAME_EL_KURRU, 3.00, -9999.00, 371.42, -9999.00, -9999.00, 167.01, -9999.00, -9999.00, -9999.00, -9999.00, -9999.00
58, 9, LOC_CITY_NAME_VATICAN_CITY, -9999.00, -9999.00, -9999.00, -9999.00, -9999.00, -9999.00, -9999.00, -9999.00, 0.00, -9999.00, -9999.00
58, 9, LOC_CITY_NAME_HEIDELBERG, 4.00, -9999.00, -9999.00, -9999.00, -9999.00, -9999.00, -9999.00, -9999.00, -9999.00, -9999.00, -9999.00
58, 9, LOC_CITY_NAME_PRESLAV, -9999.00, -9999.00, -9999.00, -9999.00, -9999.00, -9999.00, -9999.00, -9999.00, 0.00, -9999.00, -9999.00
58, 9, LOC_CITY_NAME_METHONE, 2.00, -9999.00, -9999.00, -9999.00, -9999.00, -9999.00, -9999.00, -9999.00, -9999.00, -9999.00, -9999.00
58, 9, LOC_CITY_NAME_AKHETATEN, 1.00, -9999.00, 371.42, -9999.00, -9999.00, 196.70, -9999.00, -9999.00, -9999.00, -9999.00, 1027.95
58, 9, LOC_CITY_NAME_BABYLON, -9999.00, -9999.00, -9999.00, -9999.00, -9999.00, -9999.00, -9999.00, -9999.00, 0.00, -9999.00, -9999.00
58, 9, LOC_CITY_NAME_QASR_IBRIM, 3.00, -9999.00, 371.42, -9999.00, -9999.00, -9999.00, -9999.00, -9999.00, -9999.00, -9999.00, -9999.00
58, 9, LOC_CITY_NAME_HEH, 3.00, -9999.00, -9999.00, -9999.00, -9999.00, 439.20, -9999.00, -9999.00, -9999.00, -9999.00, 400.00
58, 9, LOC_CITY_DONG_HOI, 5.00, -9999.00, 371.42, -9999.00, -9999.00, -9999.00, -9999.00, -9999.00, -9999.00, -9999.00, -9999.00
58, 9, LOC_CITY_NAME_SHAAT, 3.00, -9999.00, -9999.00, -9999.00, -9999.00, 105.47, -9999.00, -9999.00, -9999.00, -9999.00, -9999.00
58, 9, LOC_CITY_NAME_SEDEINGA, 3.00, -9999.00, 371.42, -9999.00, 0.00, 277.19, -9999.00, -9999.00, -9999.00, -9999.00, 400.00
58, 9, LOC_CITY_NAME_BRUNDISIUM, -9999.00, -9999.00, -9999.00, -9999.00, -9999.00, -9999.00, -9999.00, -9999.00, -9999.00, -9999.00, -9999.00
58, 9, LOC_CITY_NAME_PORTO_ALEGRE, 4.00, -9999.00, 625.52, -9999.00, -9999.00, -9999.00, -9999.00, -9999.00, -9999.00, -9999.00, -9999.00
58, 9, LOC_CITY_NAME_MAINZ, 4.00, -9999.00, 371.42, 149.41, -9999.00, -9999.00, -9999.00, -9999.00, -9999.00, -9999.00, -9999.00
58, 9, LOC_CITY_NAME_NURI, 3.00, -9999.00, -9999.00, -9999.00, 0.00, -9999.00, -9999.00, -9999.00, -9999.00, -9999.00, -9999.00
58, 9, LOC_CITY_NAME_YEREVAN, -9999.00, -9999.00, -9999.00, -9999.00, -9999.00, -9999.00, -9999.00, -9999.00, 0.00, -9999.00, -9999.00
58, 9, LOC_CITY_CAN_THO, 5.00, -9999.00, -9999.00, -9999.00, -9999.00, -9999.00, -9999.00, -9999.00, -9999.00, -9999.00, -9999.00
58, 9, LOC_CITY_NAME_HATTUSA, -9999.00, -9999.00, -9999.00, -9999.00, -9999.00, -9999.00, -9999.00, -9999.00, 0.00, -9999.00, -9999.00
58, 9, LOC_CITY_NAME_VILNIUS, 5.00, -9999.00, -9999.00, -9999.00, -9999.00, -9999.00, -9999.00, -9999.00, -9999.00, -9999.00, -9999.00
58, 9, LOC_CITY_NAME_SHEDET, 1.00, -9999.00, 371.42, -9999.00, -9999.00, -9999.00, -9999.00, -9999.00, -9999.00, -9999.00, -9999.00
58, 9, LOC_CITY_NAME_SETIA, -9999.00, -9999.00, -9999.00, -9999.00, -9999.00, -9999.00, -9999.00, -9999.00, -9999.00, -9999.00, -9999.00
58, 9, LOC_CITY_NAME_BERLIN, 4.00, -9999.00, -9999.00, -9999.00, -9999.00, -9999.00, -9999.00, -9999.00, -9999.00, -9999.00, -9999.00
58, 9, LOC_CITY_NAME_NEKHEN, 1.00, -9999.00, 371.42, -9999.00, -9999.00, 268.25, -9999.00, -9999.00, -9999.00, -9999.00, 1457.68
58, 9, LOC_CITY_NAME_RA_KEDET, 1.00, -9999.00, 371.42, -9999.00, -9999.00, 241.43, -9999.00, -9999.00, -9999.00, -9999.00, 2255.93
58, 9, LOC_CITY_NAME_CHENNAI, 1.00, -9999.00, 371.42, -9999.00, -9999.00, 379.53, -9999.00, -9999.00, -9999.00, -9999.00, 2747.63
58, 9, LOC_CITY_NAME_BUENOS_AIRES, -9999.00, -9999.00, -9999.00, -9999.00, -9999.00, -9999.00, -9999.00, -9999.00, 0.00, -9999.00, -9999.00
58, 9, LOC_CITY_NAME_KURGUS, 3.00, -9999.00, -9999.00, -9999.00, -9999.00, -9999.00, -9999.00, -9999.00, -9999.00, -9999.00, 450.72
58, 4, LOC_CITY_NAME_MEROE, -9999.00, -9999.00, -9999.00, -9999.00, -9999.00, -9999.00, -9999.00, -9999.00, -9999.00, -9999.00, -9999.00
58, 4, LOC_CITY_NAME_NIANI, 4.00, -9999.00, -9999.00, -9999.00, -9999.00, 408.99, -9999.00, -9999.00, -9999.00, -9999.00, -9999.00
58, 4, LOC_CITY_NAME_BABYLON_STK, 2.00, -9999.00, 139.88, -9999.00, -9999.00, -9999.00, -9999.00, -9999.00, -9999.00, -9999.00, -9999.00
58, 4, LOC_CITY_NAME_PATNA, 2.00, -9999.00, -9999.00, 211.91, -9999.00, 357.05, -9999.00, -9999.00, -9999.00, -9999.00, -9999.00
58, 4, LOC_CITY_NAME_RA_KEDET, 3.00, -9999.00, -9999.00, -9999.00, -9999.00, 234.96, -9999.00, -9999.00, -9999.00, -9999.00, -9999.00
58, 4, LOC_CITY_NAME_PRESLAV, -9999.00, -9999.00, -9999.00, -9999.00, -9999.00, -9999.00, -9999.00, -9999.00, 0.00, -9999.00, -9999.00
58, 4, LOC_CITY_NAME_HATTUSA, -9999.00, -9999.00, -9999.00, -9999.00, -9999.00, -9999.00, -9999.00, -9999.00, 0.00, -9999.00, -9999.00
58, 4, LOC_CITY_NAME_VATICAN_CITY, -9999.00, -9999.00, -9999.00, -9999.00, -9999.00, -9999.00, -9999.00, -9999.00, 0.00, -9999.00, -9999.00
58, 4, LOC_CITY_NAME_SEDEINGA, -9999.00, -9999.00, -9999.00, -9999.00, -9999.00, -9999.00, -9999.00, -9999.00, -9999.00, -9999.00, -9999.00
58, 4, LOC_CITY_NAME_MEMPHIS, 3.00, -9999.00, -9999.00, -9999.00, -9999.00, 217.56, -9999.00, -9999.00, -9999.00, -9999.00, -9999.00
58, 4, LOC_CITY_NAME_ROME, -9999.00, -9999.00, 0.00, -9999.00, -9999.00, -9999.00, -9999.00, -9999.00, -9999.00, -9999.00, 3950.20
58, 4, LOC_CITY_NAME_YEREVAN, -9999.00, -9999.00, -9999.00, -9999.00, -9999.00, -9999.00, -9999.00, -9999.00, 0.00, -9999.00, -9999.00
58, 4, LOC_CITY_NAME_KUMASI, -9999.00, -9999.00, -9999.00, -9999.00, -9999.00, -9999.00, -9999.00, -9999.00, 0.00, -9999.00, -9999.00
58, 4, LOC_CITY_NAME_CHENNAI, 2.00, -9999.00, 97.62, -9999.00, -9999.00, 369.35, -9999.00, -9999.00, -9999.00, -9999.00, -9999.00
58, 4, LOC_CITY_NAME_BORSIPPA, 2.00, -9999.00, 139.88, -9999.00, 115.94, 499.14, -9999.00, -9999.00, -9999.00, -9999.00, -9999.00
58, 4, LOC_CITY_NAME_ALEXANDRIA_TROAS, 1.00, -9999.00, 0.00, -9999.00, -9999.00, -9999.00, -9999.00, -9999.00, -9999.00, -9999.00, 2298.03
58, 4, LOC_CITY_NAME_TIMBUKTU, 4.00, -9999.00, -9999.00, -9999.00, -9999.00, 321.96, -9999.00, -9999.00, -9999.00, -9999.00, -9999.00
58, 4, LOC_CITY_NAME_JOHANNESBURG, -9999.00, -9999.00, -9999.00, -9999.00, -9999.00, -9999.00, -9999.00, -9999.00, 0.00, -9999.00, -9999.00
58, 4, LOC_CITY_NAME_ARPINUM, 2.00, -9999.00, 0.00, -9999.00, -9999.00, -9999.00, -9999.00, -9999.00, -9999.00, -9999.00, -9999.00
58, 4, LOC_CITY_NAME_BABYLON, -9999.00, -9999.00, -9999.00, -9999.00, -9999.00, -9999.00, -9999.00, -9999.00, 0.00, -9999.00, -9999.00
58, 4, LOC_CITY_NAME_SWENETT, 3.00, -9999.00, -9999.00, -9999.00, -9999.00, 353.11, -9999.00, -9999.00, -9999.00, -9999.00, -9999.00
58, 4, LOC_CITY_NAME_KERMA, -9999.00, -9999.00, -9999.00, -9999.00, -9999.00, -9999.00, -9999.00, -9999.00, -9999.00, -9999.00, -9999.00
58, 4, LOC_CITY_HA_NOI, -9999.00, -9999.00, 97.62, -9999.00, -9999.00, -9999.00, -9999.00, -9999.00, -9999.00, -9999.00, 4018.57
58, 4, LOC_CITY_NAME_KARKAR, 2.00, -9999.00, 139.88, -9999.00, -9999.00, 353.11, -9999.00, -9999.00, -9999.00, -9999.00, -9999.00
58, 4, LOC_CITY_NAME_DELHI, 2.00, -9999.00, 97.62, -9999.00, -9999.00, -9999.00, -9999.00, -9999.00, -9999.00, -9999.00, -9999.00
58, 4, LOC_CITY_NAME_CHALKIDIKI, 1.00, -9999.00, 0.00, -9999.00, -9999.00, -9999.00, -9999.00, -9999.00, -9999.00, -9999.00, -9999.00
58, 4, LOC_CITY_NAME_WALATA, 4.00, -9999.00, -9999.00, -9999.00, -9999.00, 306.64, -9999.00, -9999.00, -9999.00, -9999.00, -9999.00
58, 4, LOC_CITY_NAME_ALEXANDRIA_LATMUS, 1.00, -9999.00, 0.00, -9999.00, -9999.00, -9999.00, -9999.00, -9999.00, -9999.00, -9999.00, -9999.00
58, 4, LOC_CITY_NAME_ARRETIUM, 2.00, -9999.00, 0.00, -9999.00, 115.94, -9999.00, -9999.00, -9999.00, -9999.00, -9999.00, 2107.93
58, 4, LOC_CITY_NAME_CURITIBA, 1.00, -9999.00, -9999.00, -9999.00, -9999.00, -9999.00, -9999.00, -9999.00, -9999.00, -9999.00, 2254.27
58, 4, LOC_CITY_NAME_CUMAE, 2.00, -9999.00, -9999.00, -9999.00, -9999.00, -9999.00, -9999.00, -9999.00, -9999.00, -9999.00, -9999.00
58, 4, LOC_CITY_NAME_LUGDUNUM, 2.00, -9999.00, -9999.00, -9999.00, -9999.00, -9999.00, -9999.00, -9999.00, -9999.00, -9999.00, -9999.00
58, 4, LOC_CITY_NAME_LISBON, -9999.00, -9999.00, -9999.00, -9999.00, -9999.00, -9999.00, -9999.00, -9999.00, 0.00, -9999.00, -9999.00
58, 4, LOC_CITY_NAME_KUMBI_SALEH, 4.00, -9999.00, -9999.00, -9999.00, -9999.00, 356.79, -9999.00, -9999.00, -9999.00, -9999.00, -9999.00
58, 4, LOC_CITY_HOA_LU, 2.00, -9999.00, -9999.00, -9999.00, -9999.00, -9999.00, -9999.00, -9999.00, -9999.00, -9999.00, 2721.71
58, 4, LOC_CITY_NAME_IWNW, 3.00, -9999.00, -9999.00, -9999.00, -9999.00, 175.21, -9999.00, -9999.00, -9999.00, -9999.00, -9999.00
58, 4, LOC_CITY_QUANG_TRI, 2.00, -9999.00, 97.62, -9999.00, 115.94, -9999.00, -9999.00, -9999.00, -9999.00, -9999.00, 3349.29
58, 4, LOC_CITY_NAME_PELLA, 1.00, -9999.00, -9999.00, -9999.00, 115.94, 137.91, -9999.00, -9999.00, -9999.00, -9999.00, 2734.92
58, 4, LOC_CITY_NAME_FEZ, 1.00, -9999.00, -9999.00, -9999.00, -9999.00, -9999.00, -9999.00, -9999.00, -9999.00, -9999.00, -9999.00
58, 4, LOC_CITY_NAME_KAWA, -9999.00, -9999.00, -9999.00, -9999.00, -9999.00, -9999.00, -9999.00, -9999.00, -9999.00, -9999.00, -9999.00
58, 4, LOC_CITY_NAME_CALCUTTA, 2.00, -9999.00, -9999.00, -9999.00, -9999.00, 310.96, -9999.00, -9999.00, -9999.00, -9999.00, -9999.00
58, 4, LOC_CITY_NAME_GAO, 4.00, -9999.00, -9999.00, -9999.00, -9999.00, 145.43, -9999.00, -9999.00, -9999.00, -9999.00, -9999.00
58, 4, LOC_CITY_NAME_NEKHEN, 3.00, -9999.00, -9999.00, -9999.00, -9999.00, 261.06, -9999.00, -9999.00, -9999.00, -9999.00, -9999.00
58, 4, LOC_CITY_NAME_JERUSALEM, 1.00, -9999.00, -9999.00, -9999.00, -9999.00, -9999.00, -9999.00, -9999.00, -9999.00, -9999.00, -9999.00
58, 4, LOC_CITY_NAME_EL_KURRU, -9999.00, -9999.00, -9999.00, -9999.00, -9999.00, -9999.00, -9999.00, -9999.00, -9999.00, -9999.00, -9999.00
58, 4, LOC_CITY_NAME_AWDAGHUST, 4.00, -9999.00, -9999.00, -9999.00, -9999.00, 297.33, -9999.00, -9999.00, -9999.00, -9999.00, -9999.00
58, 4, LOC_CITY_NAME_DUR_KURIGALZU, 2.00, -9999.00, 139.88, -9999.00, -9999.00, 325.22, -9999.00, -9999.00, -9999.00, -9999.00, -9999.00
58, 4, LOC_CITY_NAME_ESHNUNNA, 2.00, -9999.00, 139.88, -9999.00, -9999.00, 504.73, -9999.00, -9999.00, -9999.00, -9999.00, -9999.00
58, 4, LOC_CITY_NAME_SALVADOR, 1.00, -9999.00, 97.62, -9999.00, -9999.00, -9999.00, -9999.00, -9999.00, -9999.00, -9999.00, 400.00
58, 4, LOC_CITY_NAME_AKHETATEN, 3.00, -9999.00, -9999.00, -9999.00, -9999.00, 191.43, -9999.00, -9999.00, -9999.00, -9999.00, -9999.00
58, 4, LOC_CITY_NAME_METHONE, 1.00, -9999.00, -9999.00, -9999.00, -9999.00, -9999.00, -9999.00, -9999.00, -9999.00, -9999.00, -9999.00
58, 4, LOC_CITY_NAME_KIRINA, 4.00, -9999.00, -9999.00, -9999.00, -9999.00, 294.25, -9999.00, -9999.00, -9999.00, -9999.00, -9999.00
58, 4, LOC_CITY_NAME_JABALPUR, 2.00, -9999.00, -9999.00, -9999.00, -9999.00, -9999.00, -9999.00, -9999.00, -9999.00, -9999.00, -9999.00
58, 4, LOC_CITY_NAME_MUMBAI, 2.00, -9999.00, 97.62, -9999.00, -9999.00, -9999.00, -9999.00, -9999.00, -9999.00, -9999.00, -9999.00
58, 4, LOC_CITY_NAME_QASR_IBRIM, -9999.00, -9999.00, -9999.00, -9999.00, -9999.00, -9999.00, -9999.00, -9999.00, -9999.00, -9999.00, -9999.00
58, 4, LOC_CITY_NAME_HEH, -9999.00, -9999.00, -9999.00, -9999.00, -9999.00, -9999.00, -9999.00, -9999.00, -9999.00, -9999.00, -9999.00
58, 4, LOC_CITY_NAME_SENA, 3.00, -9999.00, -9999.00, -9999.00, -9999.00, 119.47, -9999.00, -9999.00, -9999.00, -9999.00, -9999.00
58, 4, LOC_CITY_NAME_SHAAT, -9999.00, -9999.00, -9999.00, -9999.00, -9999.00, -9999.00, -9999.00, -9999.00, -9999.00, -9999.00, -9999.00
58, 4, LOC_CITY_NAME_MASHKAN_SHAPIR, 2.00, -9999.00, 139.88, -9999.00, -9999.00, 892.05, -9999.00, -9999.00, -9999.00, -9999.00, -9999.00
58, 4, LOC_CITY_NAME_BRUNDISIUM, 2.00, -9999.00, -9999.00, -9999.00, -9999.00, -9999.00, -9999.00, -9999.00, -9999.00, -9999.00, -9999.00
58, 4, LOC_CITY_NAME_PORTO_ALEGRE, 1.00, -9999.00, 97.62, -9999.00, -9999.00, -9999.00, -9999.00, -9999.00, -9999.00, -9999.00, -9999.00
58, 4, LOC_CITY_NAME_KANGABA, 4.00, -9999.00, -9999.00, -9999.00, -9999.00, 145.43, -9999.00, -9999.00, -9999.00, -9999.00, -9999.00
58, 4, LOC_CITY_NAME_TRIVANDRUM, 2.00, -9999.00, -9999.00, -9999.00, -9999.00, -9999.00, -9999.00, -9999.00, -9999.00, -9999.00, -9999.00
58, 4, LOC_CITY_NAME_NURI, -9999.00, -9999.00, -9999.00, -9999.00, -9999.00, -9999.00, -9999.00, -9999.00, -9999.00, -9999.00, -9999.00
58, 4, LOC_CITY_NAME_NIORO, 4.00, -9999.00, -9999.00, -9999.00, -9999.00, -9999.00, -9999.00, -9999.00, -9999.00, -9999.00, -9999.00
58, 4, LOC_CITY_NAME_NTERET, 4.00, -9999.00, -9999.00, -9999.00, -9999.00, 120.79, -9999.00, -9999.00, -9999.00, -9999.00, -9999.00
58, 4, LOC_CITY_NAME_JENNE, 4.00, -9999.00, -9999.00, -9999.00, -9999.00, -9999.00, -9999.00, -9999.00, -9999.00, -9999.00, -9999.00
58, 4, LOC_CITY_NAME_NERIBTUM, 2.00, -9999.00, 139.88, -9999.00, -9999.00, 111.20, -9999.00, -9999.00, -9999.00, -9999.00, -9999.00
58, 4, LOC_CITY_NAME_MALGIUM, 2.00, -9999.00, 139.88, -9999.00, -9999.00, -9999.00, -9999.00, -9999.00, -9999.00, -9999.00, -9999.00
58, 4, LOC_CITY_NAME_DURMUTI, 2.00, -9999.00, 139.88, -9999.00, -9999.00, 136.87, -9999.00, -9999.00, -9999.00, -9999.00, -9999.00
58, 4, LOC_CITY_CAN_THO, 2.00, -9999.00, -9999.00, -9999.00, -9999.00, -9999.00, -9999.00, -9999.00, -9999.00, -9999.00, -9999.00
58, 4, LOC_CITY_NAME_SHEDET, 3.00, -9999.00, -9999.00, -9999.00, -9999.00, -9999.00, -9999.00, -9999.00, -9999.00, -9999.00, -9999.00
58, 4, LOC_CITY_NAME_SETIA, 2.00, -9999.00, -9999.00, -9999.00, -9999.00, -9999.00, -9999.00, -9999.00, -9999.00, -9999.00, -9999.00
58, 4, LOC_CITY_NAME_VILNIUS, 2.00, -9999.00, -9999.00, -9999.00, -9999.00, -9999.00, -9999.00, -9999.00, -9999.00, -9999.00, -9999.00
58, 4, LOC_CITY_NAME_BUENOS_AIRES, -9999.00, -9999.00, -9999.00, -9999.00, -9999.00, -9999.00, -9999.00, -9999.00, 0.00, -9999.00, -9999.00
58, 4, LOC_CITY_NAME_KURGUS, -9999.00, -9999.00, -9999.00, -9999.00, -9999.00, -9999.00, -9999.00, -9999.00, -9999.00, -9999.00, -9999.00
58, 4, 4325383, MOVE TO CITY(23 15), BEGIN, 38:8
58, 4, 5373981, MOVE TO CITY (ALREADY THERE), COMPLETE, 23:15
58, 5, LOC_CITY_NAME_PELLA, -9999.00, -9999.00, -9999.00, -9999.00, -9999.00, -9999.00, -9999.00, -9999.00, -9999.00, -9999.00, -9999.00
58, 5, LOC_CITY_NAME_ROME, 4.00, -9999.00, -9999.00, -9999.00, -9999.00, -9999.00, -9999.00, -9999.00, -9999.00, -9999.00, -9999.00
58, 5, LOC_CITY_HA_NOI, 4.00, -9999.00, 387.21, -9999.00, -9999.00, -9999.00, -9999.00, -9999.00, -9999.00, -9999.00, -9999.00
58, 5, LOC_CITY_NAME_AACHEN, 4.00, -9999.00, 387.21, 136.72, -9999.00, -9999.00, -9999.00, -9999.00, -9999.00, -9999.00, -9999.00
58, 5, LOC_CITY_NAME_RIO_DE_JANEIRO, 4.00, -9999.00, 661.55, 136.72, -9999.00, 217.26, -9999.00, -9999.00, -9999.00, -9999.00, -9999.00
58, 5, LOC_CITY_HUE, 4.00, -9999.00, -9999.00, -9999.00, -9999.00, -9999.00, -9999.00, -9999.00, -9999.00, -9999.00, -9999.00
58, 5, LOC_CITY_NAME_ALEXANDRIA_TROAS, -9999.00, -9999.00, -9999.00, -9999.00, -9999.00, -9999.00, -9999.00, -9999.00, -9999.00, -9999.00, -9999.00
58, 5, LOC_CITY_NAME_SAO_PAULO, 4.00, -9999.00, 661.55, -9999.00, -9999.00, -9999.00, -9999.00, -9999.00, -9999.00, -9999.00, -9999.00
58, 5, LOC_CITY_NAME_ARRETIUM, 4.00, -9999.00, -9999.00, -9999.00, 135.94, -9999.00, -9999.00, -9999.00, -9999.00, -9999.00, -9999.00
58, 5, LOC_CITY_QUANG_TRI, 4.00, -9999.00, 387.21, -9999.00, 135.94, -9999.00, -9999.00, -9999.00, -9999.00, -9999.00, -9999.00
58, 5, LOC_CITY_NAME_MAGDEBURG, 4.00, -9999.00, 387.21, 136.72, -9999.00, -9999.00, -9999.00, -9999.00, -9999.00, -9999.00, -9999.00
58, 5, LOC_CITY_NAME_ARPINUM, 4.00, -9999.00, -9999.00, -9999.00, -9999.00, -9999.00, -9999.00, -9999.00, -9999.00, -9999.00, -9999.00
58, 5, LOC_CITY_NAME_CHALKIDIKI, -9999.00, -9999.00, -9999.00, -9999.00, -9999.00, -9999.00, -9999.00, -9999.00, -9999.00, -9999.00, -9999.00
58, 5, LOC_CITY_NAME_FORTALEZA, 4.00, -9999.00, -9999.00, 136.72, -9999.00, -9999.00, -9999.00, -9999.00, -9999.00, -9999.00, -9999.00
58, 5, LOC_CITY_NAME_COLOGNE, 4.00, -9999.00, 387.21, 136.72, 0.00, -9999.00, -9999.00, -9999.00, -9999.00, -9999.00, -9999.00
58, 5, LOC_CITY_NAME_KERMA, 3.00, -9999.00, 387.21, -9999.00, 135.94, -9999.00, -9999.00, -9999.00, -9999.00, -9999.00, 3226.95
58, 5, LOC_CITY_HOI_AN, 4.00, -9999.00, -9999.00, -9999.00, -9999.00, -9999.00, -9999.00, -9999.00, -9999.00, -9999.00, -9999.00
58, 5, LOC_CITY_NAME_LUGDUNUM, 4.00, -9999.00, -9999.00, -9999.00, -9999.00, -9999.00, -9999.00, -9999.00, -9999.00, -9999.00, -9999.00
58, 5, LOC_CITY_NAME_BABYLON_STK, 3.00, -9999.00, 387.21, -9999.00, -9999.00, -9999.00, -9999.00, -9999.00, -9999.00, -9999.00, 3352.00
58, 5, LOC_CITY_NAME_PATNA, 3.00, -9999.00, -9999.00, 136.72, -9999.00, 328.30, -9999.00, -9999.00, -9999.00, -9999.00, 3076.94
58, 5, LOC_CITY_NAME_ALEXANDRIA_LATMUS, -9999.00, -9999.00, -9999.00, -9999.00, -9999.00, -9999.00, -9999.00, -9999.00, -9999.00, -9999.00, -9999.00
58, 5, LOC_CITY_NAME_CURITIBA, 4.00, -9999.00, -9999.00, -9999.00, -9999.00, -9999.00, -9999.00, -9999.00, -9999.00, -9999.00, -9999.00
58, 5, LOC_CITY_NAME_LISBON, -9999.00, -9999.00, -9999.00, -9999.00, -9999.00, -9999.00, -9999.00, -9999.00, 0.00, -9999.00, -9999.00
58, 5, LOC_CITY_NAME_SWENETT, 3.00, -9999.00, 387.21, -9999.00, -9999.00, 324.68, -9999.00, -9999.00, -9999.00, -9999.00, 1882.43
58, 5, LOC_CITY_NAME_BORSIPPA, 3.00, -9999.00, 387.21, -9999.00, 135.94, 458.95, -9999.00, -9999.00, -9999.00, -9999.00, 0.00
58, 5, LOC_CITY_NAME_KARKAR, 3.00, -9999.00, 387.21, -9999.00, -9999.00, 324.68, -9999.00, -9999.00, -9999.00, -9999.00, 174.25
58, 5, LOC_CITY_NAME_CUMAE, 4.00, -9999.00, -9999.00, -9999.00, -9999.00, -9999.00, -9999.00, -9999.00, -9999.00, -9999.00, -9999.00
58, 5, LOC_CITY_NAME_MEROE, 3.00, -9999.00, 387.21, -9999.00, 0.00, 470.34, -9999.00, -9999.00, -9999.00, -9999.00, 3826.24
58, 5, LOC_CITY_NAME_KUMASI, -9999.00, -9999.00, -9999.00, -9999.00, -9999.00, -9999.00, -9999.00, -9999.00, 0.00, -9999.00, -9999.00
58, 5, LOC_CITY_NAME_MEMPHIS, 3.00, -9999.00, 387.21, -9999.00, -9999.00, 200.05, -9999.00, -9999.00, -9999.00, -9999.00, 1800.54
58, 5, LOC_CITY_NAME_JOHANNESBURG, -9999.00, -9999.00, -9999.00, -9999.00, -9999.00, -9999.00, -9999.00, -9999.00, 0.00, -9999.00, -9999.00
58, 5, LOC_CITY_HOA_LU, 4.00, -9999.00, -9999.00, -9999.00, -9999.00, -9999.00, -9999.00, -9999.00, -9999.00, -9999.00, -9999.00
58, 5, LOC_CITY_NAME_DORTMUND, 4.00, -9999.00, -9999.00, 136.72, -9999.00, -9999.00, -9999.00, -9999.00, -9999.00, -9999.00, -9999.00
58, 5, LOC_CITY_NAME_FEZ, -9999.00, -9999.00, -9999.00, -9999.00, -9999.00, -9999.00, -9999.00, -9999.00, -9999.00, -9999.00, -9999.00
58, 5, LOC_CITY_NAME_KAWA, 3.00, -9999.00, 387.21, -9999.00, -9999.00, 199.62, -9999.00, -9999.00, -9999.00, -9999.00, 1834.08
58, 5, LOC_CITY_NAME_EL_KURRU, 3.00, -9999.00, 387.21, -9999.00, -9999.00, 152.02, -9999.00, -9999.00, -9999.00, -9999.00, 0.00
58, 5, LOC_CITY_NAME_VATICAN_CITY, -9999.00, -9999.00, -9999.00, -9999.00, -9999.00, -9999.00, -9999.00, -9999.00, 0.00, -9999.00, -9999.00
58, 5, LOC_CITY_NAME_JERUSALEM, 4.00, -9999.00, -9999.00, -9999.00, -9999.00, -9999.00, -9999.00, -9999.00, -9999.00, -9999.00, -9999.00
58, 5, LOC_CITY_NAME_SALVADOR, 4.00, -9999.00, 661.55, -9999.00, -9999.00, -9999.00, -9999.00, -9999.00, -9999.00, -9999.00, -9999.00
58, 5, LOC_CITY_NAME_PRESLAV, -9999.00, -9999.00, -9999.00, -9999.00, -9999.00, -9999.00, -9999.00, -9999.00, 0.00, -9999.00, -9999.00
58, 5, LOC_CITY_NAME_HEIDELBERG, 4.00, -9999.00, -9999.00, -9999.00, -9999.00, -9999.00, -9999.00, -9999.00, -9999.00, -9999.00, -9999.00
58, 5, LOC_CITY_NAME_AKHETATEN, 3.00, -9999.00, 387.21, -9999.00, -9999.00, 176.02, -9999.00, -9999.00, -9999.00, -9999.00, 1253.89
58, 5, LOC_CITY_NAME_METHONE, -9999.00, -9999.00, -9999.00, -9999.00, -9999.00, -9999.00, -9999.00, -9999.00, -9999.00, -9999.00, -9999.00
58, 5, LOC_CITY_NAME_BABYLON, -9999.00, -9999.00, -9999.00, -9999.00, -9999.00, -9999.00, -9999.00, -9999.00, 0.00, -9999.00, -9999.00
58, 5, LOC_CITY_NAME_QASR_IBRIM, 3.00, -9999.00, 387.21, -9999.00, -9999.00, 85.43, -9999.00, -9999.00, -9999.00, -9999.00, 205.00
58, 5, LOC_CITY_NAME_HEH, 3.00, -9999.00, -9999.00, -9999.00, -9999.00, 222.14, -9999.00, -9999.00, -9999.00, -9999.00, -9999.00
58, 5, LOC_CITY_NAME_SHAAT, 3.00, -9999.00, -9999.00, -9999.00, -9999.00, 119.60, -9999.00, -9999.00, -9999.00, -9999.00, -9999.00
58, 5, LOC_CITY_NAME_SEDEINGA, 3.00, -9999.00, 387.21, -9999.00, 135.94, 290.50, -9999.00, -9999.00, -9999.00, -9999.00, -9999.00
58, 5, LOC_CITY_DONG_HOI, 4.00, -9999.00, 387.21, -9999.00, -9999.00, -9999.00, -9999.00, -9999.00, -9999.00, -9999.00, -9999.00
58, 5, LOC_CITY_NAME_BRUNDISIUM, 4.00, -9999.00, -9999.00, -9999.00, -9999.00, -9999.00, -9999.00, -9999.00, -9999.00, -9999.00, -9999.00
58, 5, LOC_CITY_NAME_PORTO_ALEGRE, 4.00, -9999.00, 661.55, -9999.00, -9999.00, -9999.00, -9999.00, -9999.00, -9999.00, -9999.00, -9999.00
58, 5, LOC_CITY_NAME_NURI, 3.00, -9999.00, -9999.00, -9999.00, 0.00, -9999.00, -9999.00, -9999.00, -9999.00, -9999.00, -9999.00
58, 5, LOC_CITY_NAME_MAINZ, 4.00, -9999.00, 387.21, 136.72, -9999.00, -9999.00, -9999.00, -9999.00, -9999.00, -9999.00, -9999.00
58, 5, LOC_CITY_NAME_YEREVAN, -9999.00, -9999.00, -9999.00, -9999.00, -9999.00, -9999.00, -9999.00, -9999.00, 0.00, -9999.00, -9999.00
58, 5, LOC_CITY_NAME_HATTUSA, -9999.00, -9999.00, -9999.00, -9999.00, -9999.00, -9999.00, -9999.00, -9999.00, 0.00, -9999.00, -9999.00
58, 5, LOC_CITY_CAN_THO, 4.00, -9999.00, -9999.00, -9999.00, -9999.00, -9999.00, -9999.00, -9999.00, -9999.00, -9999.00, -9999.00
58, 5, LOC_CITY_NAME_SHEDET, 3.00, -9999.00, 387.21, -9999.00, -9999.00, -9999.00, -9999.00, -9999.00, -9999.00, -9999.00, -9999.00
58, 5, LOC_CITY_NAME_SETIA, 4.00, -9999.00, -9999.00, -9999.00, -9999.00, -9999.00, -9999.00, -9999.00, -9999.00, -9999.00, -9999.00
58, 5, LOC_CITY_NAME_VILNIUS, 4.00, -9999.00, -9999.00, -9999.00, -9999.00, -9999.00, -9999.00, -9999.00, -9999.00, -9999.00, -9999.00
58, 5, LOC_CITY_NAME_NEKHEN, 3.00, -9999.00, 387.21, -9999.00, -9999.00, 240.04, -9999.00, -9999.00, -9999.00, -9999.00, 1668.42
58, 5, LOC_CITY_NAME_RA_KEDET, 3.00, -9999.00, 387.21, -9999.00, -9999.00, 216.04, -9999.00, -9999.00, -9999.00, -9999.00, 2718.00
58, 5, LOC_CITY_NAME_BERLIN, 4.00, -9999.00, -9999.00, -9999.00, -9999.00, -9999.00, -9999.00, -9999.00, -9999.00, -9999.00, -9999.00
58, 5, LOC_CITY_NAME_CHENNAI, 3.00, -9999.00, 387.21, -9999.00, -9999.00, 339.62, -9999.00, -9999.00, -9999.00, -9999.00, 3015.95
58, 5, LOC_CITY_NAME_BUENOS_AIRES, -9999.00, -9999.00, -9999.00, -9999.00, -9999.00, -9999.00, -9999.00, -9999.00, 0.00, -9999.00, -9999.00
58, 5, LOC_CITY_NAME_KURGUS, 3.00, -9999.00, -9999.00, -9999.00, -9999.00, -9999.00, -9999.00, -9999.00, -9999.00, -9999.00, 0.00
58, 6, LOC_CITY_NAME_PELLA, 2.00, -9999.00, -9999.00, -9999.00, 115.94, 147.64, -9999.00, -9999.00, -9999.00, -9999.00, -9999.00
58, 6, LOC_CITY_NAME_RIO_DE_JANEIRO, -9999.00, -9999.00, -9999.00, -9999.00, -9999.00, -9999.00, -9999.00, -9999.00, -9999.00, -9999.00, -9999.00
58, 6, LOC_CITY_NAME_ROME, 2.00, -9999.00, 0.00, -9999.00, -9999.00, -9999.00, -9999.00, -9999.00, -9999.00, -9999.00, -9999.00
58, 6, LOC_CITY_HA_NOI, 2.00, -9999.00, 402.25, -9999.00, -9999.00, -9999.00, -9999.00, -9999.00, -9999.00, -9999.00, -9999.00
58, 6, LOC_CITY_NAME_AACHEN, 2.00, -9999.00, 402.25, -9999.00, -9999.00, -9999.00, -9999.00, -9999.00, -9999.00, -9999.00, -9999.00
58, 6, LOC_CITY_HUE, 2.00, -9999.00, -9999.00, -9999.00, -9999.00, -9999.00, -9999.00, -9999.00, -9999.00, -9999.00, -9999.00
58, 6, LOC_CITY_NAME_ALEXANDRIA_TROAS, 2.00, -9999.00, 402.25, -9999.00, -9999.00, -9999.00, -9999.00, -9999.00, -9999.00, -9999.00, -9999.00
58, 6, LOC_CITY_NAME_SAO_PAULO, -9999.00, -9999.00, -9999.00, -9999.00, -9999.00, -9999.00, -9999.00, -9999.00, -9999.00, -9999.00, -9999.00
58, 6, LOC_CITY_NAME_ARRETIUM, 2.00, -9999.00, 0.00, -9999.00, 115.94, -9999.00, -9999.00, -9999.00, -9999.00, -9999.00, -9999.00
58, 6, LOC_CITY_QUANG_TRI, 2.00, -9999.00, 402.25, -9999.00, 115.94, -9999.00, -9999.00, -9999.00, -9999.00, -9999.00, -9999.00
58, 6, LOC_CITY_NAME_MAGDEBURG, 2.00, -9999.00, 402.25, 461.91, -9999.00, -9999.00, -9999.00, -9999.00, -9999.00, -9999.00, -9999.00
58, 6, LOC_CITY_NAME_ARPINUM, 2.00, -9999.00, 0.00, -9999.00, -9999.00, -9999.00, -9999.00, -9999.00, -9999.00, -9999.00, -9999.00
58, 6, LOC_CITY_NAME_CHALKIDIKI, 2.00, -9999.00, 402.25, -9999.00, -9999.00, -9999.00, -9999.00, -9999.00, -9999.00, -9999.00, -9999.00
58, 6, LOC_CITY_NAME_FORTALEZA, -9999.00, -9999.00, -9999.00, -9999.00, -9999.00, -9999.00, -9999.00, -9999.00, -9999.00, -9999.00, -9999.00
58, 6, LOC_CITY_NAME_COLOGNE, 2.00, -9999.00, 402.25, 461.91, 0.00, -9999.00, -9999.00, -9999.00, -9999.00, -9999.00, -9999.00
58, 6, LOC_CITY_NAME_KERMA, 3.00, -9999.00, 402.25, -9999.00, 115.94, -9999.00, -9999.00, -9999.00, -9999.00, -9999.00, 2779.00
58, 6, LOC_CITY_HOI_AN, 2.00, -9999.00, -9999.00, -9999.00, -9999.00, -9999.00, -9999.00, -9999.00, -9999.00, -9999.00, -9999.00
58, 6, LOC_CITY_NAME_LUGDUNUM, 2.00, -9999.00, -9999.00, -9999.00, -9999.00, -9999.00, -9999.00, -9999.00, -9999.00, -9999.00, -9999.00
58, 6, LOC_CITY_NAME_BABYLON_STK, 1.00, -9999.00, 402.25, -9999.00, -9999.00, -9999.00, -9999.00, -9999.00, -9999.00, -9999.00, 2636.10
58, 6, LOC_CITY_NAME_ALEXANDRIA_LATMUS, 2.00, -9999.00, 402.25, -9999.00, -9999.00, -9999.00, -9999.00, -9999.00, -9999.00, -9999.00, -9999.00
58, 6, LOC_CITY_NAME_PATNA, 1.00, -9999.00, -9999.00, 461.91, -9999.00, 357.05, -9999.00, -9999.00, -9999.00, -9999.00, 2648.81
58, 6, LOC_CITY_NAME_CURITIBA, -9999.00, -9999.00, -9999.00, -9999.00, -9999.00, -9999.00, -9999.00, -9999.00, -9999.00, -9999.00, -9999.00
58, 6, LOC_CITY_NAME_LISBON, -9999.00, -9999.00, -9999.00, -9999.00, -9999.00, -9999.00, -9999.00, -9999.00, 0.00, -9999.00, -9999.00
58, 6, LOC_CITY_NAME_SWENETT, 1.00, -9999.00, 402.25, -9999.00, -9999.00, 353.11, -9999.00, -9999.00, -9999.00, -9999.00, 1538.88
58, 6, LOC_CITY_NAME_BORSIPPA, 1.00, -9999.00, 402.25, -9999.00, 115.94, 499.14, -9999.00, -9999.00, -9999.00, -9999.00, 0.00
58, 6, LOC_CITY_NAME_KARKAR, 1.00, -9999.00, 402.25, -9999.00, -9999.00, 353.11, -9999.00, -9999.00, -9999.00, -9999.00, -23.97
58, 6, LOC_CITY_NAME_CUMAE, 2.00, -9999.00, -9999.00, -9999.00, -9999.00, -9999.00, -9999.00, -9999.00, -9999.00, -9999.00, -9999.00
58, 6, LOC_CITY_NAME_MEROE, 3.00, -9999.00, 402.25, -9999.00, 0.00, 511.52, -9999.00, -9999.00, -9999.00, -9999.00, 3179.71
58, 6, LOC_CITY_NAME_KUMASI, -9999.00, -9999.00, -9999.00, -9999.00, -9999.00, -9999.00, -9999.00, -9999.00, 0.00, -9999.00, -9999.00
58, 6, LOC_CITY_NAME_MEMPHIS, 1.00, -9999.00, 402.25, -9999.00, -9999.00, 217.56, -9999.00, -9999.00, -9999.00, -9999.00, 1364.62
58, 6, LOC_CITY_NAME_JOHANNESBURG, -9999.00, -9999.00, -9999.00, -9999.00, -9999.00, -9999.00, -9999.00, -9999.00, 0.00, -9999.00, -9999.00
58, 6, LOC_CITY_HOA_LU, 2.00, -9999.00, -9999.00, -9999.00, -9999.00, -9999.00, -9999.00, -9999.00, -9999.00, -9999.00, -9999.00
58, 6, LOC_CITY_NAME_DORTMUND, 2.00, -9999.00, -9999.00, 461.91, -9999.00, -9999.00, -9999.00, -9999.00, -9999.00, -9999.00, -9999.00
58, 6, LOC_CITY_NAME_FEZ, 2.00, -9999.00, -9999.00, -9999.00, -9999.00, -9999.00, -9999.00, -9999.00, -9999.00, -9999.00, -9999.00
58, 6, LOC_CITY_NAME_KAWA, 3.00, -9999.00, 402.25, -9999.00, -9999.00, 217.10, -9999.00, -9999.00, -9999.00, -9999.00, 1347.75
58, 6, LOC_CITY_NAME_JERUSALEM, -9999.00, -9999.00, -9999.00, -9999.00, -9999.00, -9999.00, -9999.00, -9999.00, -9999.00, -9999.00, -9999.00
58, 6, LOC_CITY_NAME_SALVADOR, -9999.00, -9999.00, -9999.00, -9999.00, -9999.00, -9999.00, -9999.00, -9999.00, -9999.00, -9999.00, -9999.00
58, 6, LOC_CITY_NAME_EL_KURRU, 3.00, -9999.00, 402.25, -9999.00, -9999.00, 165.33, -9999.00, -9999.00, -9999.00, -9999.00, 0.00
58, 6, LOC_CITY_NAME_VATICAN_CITY, -9999.00, -9999.00, -9999.00, -9999.00, -9999.00, -9999.00, -9999.00, -9999.00, 0.00, -9999.00, -9999.00
58, 6, LOC_CITY_NAME_PRESLAV, -9999.00, -9999.00, -9999.00, -9999.00, -9999.00, -9999.00, -9999.00, -9999.00, 0.00, -9999.00, -9999.00
58, 6, LOC_CITY_NAME_HEIDELBERG, 2.00, -9999.00, -9999.00, -9999.00, -9999.00, -9999.00, -9999.00, -9999.00, -9999.00, -9999.00, -9999.00
58, 6, LOC_CITY_NAME_METHONE, 2.00, -9999.00, -9999.00, -9999.00, -9999.00, -9999.00, -9999.00, -9999.00, -9999.00, -9999.00, -9999.00
58, 6, LOC_CITY_NAME_AKHETATEN, 1.00, -9999.00, 402.25, -9999.00, -9999.00, 191.43, -9999.00, -9999.00, -9999.00, -9999.00, 927.87
58, 6, LOC_CITY_NAME_BABYLON, -9999.00, -9999.00, -9999.00, -9999.00, -9999.00, -9999.00, -9999.00, -9999.00, 0.00, -9999.00, -9999.00
58, 6, LOC_CITY_NAME_QASR_IBRIM, 3.00, -9999.00, 402.25, -9999.00, -9999.00, 92.91, -9999.00, -9999.00, -9999.00, -9999.00, 200.00
58, 6, LOC_CITY_NAME_HEH, 3.00, -9999.00, -9999.00, -9999.00, -9999.00, 241.59, -9999.00, -9999.00, -9999.00, -9999.00, -9999.00
58, 6, LOC_CITY_NAME_SHAAT, 3.00, -9999.00, -9999.00, -9999.00, -9999.00, 130.07, -9999.00, -9999.00, -9999.00, -9999.00, -9999.00
58, 6, LOC_CITY_NAME_SEDEINGA, 3.00, -9999.00, 402.25, -9999.00, 115.94, 315.94, -9999.00, -9999.00, -9999.00, -9999.00, -9999.00
58, 6, LOC_CITY_DONG_HOI, 2.00, -9999.00, 402.25, -9999.00, -9999.00, -9999.00, -9999.00, -9999.00, -9999.00, -9999.00, -9999.00
58, 6, LOC_CITY_NAME_BRUNDISIUM, 2.00, -9999.00, -9999.00, -9999.00, -9999.00, -9999.00, -9999.00, -9999.00, -9999.00, -9999.00, -9999.00
58, 6, LOC_CITY_NAME_PORTO_ALEGRE, -9999.00, -9999.00, -9999.00, -9999.00, -9999.00, -9999.00, -9999.00, -9999.00, -9999.00, -9999.00, -9999.00
58, 6, LOC_CITY_NAME_NURI, 3.00, -9999.00, -9999.00, -9999.00, 0.00, -9999.00, -9999.00, -9999.00, -9999.00, -9999.00, -9999.00
58, 6, LOC_CITY_NAME_MAINZ, 2.00, -9999.00, 402.25, 461.91, -9999.00, -9999.00, -9999.00, -9999.00, -9999.00, -9999.00, -9999.00
58, 6, LOC_CITY_NAME_YEREVAN, -9999.00, -9999.00, -9999.00, -9999.00, -9999.00, -9999.00, -9999.00, -9999.00, 0.00, -9999.00, -9999.00
58, 6, LOC_CITY_NAME_HATTUSA, -9999.00, -9999.00, -9999.00, -9999.00, -9999.00, -9999.00, -9999.00, -9999.00, 0.00, -9999.00, -9999.00
58, 6, LOC_CITY_CAN_THO, 2.00, -9999.00, -9999.00, -9999.00, -9999.00, -9999.00, -9999.00, -9999.00, -9999.00, -9999.00, -9999.00
58, 6, LOC_CITY_NAME_SHEDET, 1.00, -9999.00, 402.25, -9999.00, -9999.00, -9999.00, -9999.00, -9999.00, -9999.00, -9999.00, -9999.00
58, 6, LOC_CITY_NAME_SETIA, 2.00, -9999.00, -9999.00, -9999.00, -9999.00, -9999.00, -9999.00, -9999.00, -9999.00, -9999.00, -9999.00
58, 6, LOC_CITY_NAME_VILNIUS, 2.00, -9999.00, -9999.00, -9999.00, -9999.00, -9999.00, -9999.00, -9999.00, -9999.00, -9999.00, -9999.00
58, 6, LOC_CITY_NAME_NEKHEN, 1.00, -9999.00, 402.25, -9999.00, -9999.00, 261.06, -9999.00, -9999.00, -9999.00, -9999.00, 1304.22
58, 6, LOC_CITY_NAME_RA_KEDET, 1.00, -9999.00, 402.25, -9999.00, -9999.00, 234.96, -9999.00, -9999.00, -9999.00, -9999.00, 2229.25
58, 6, LOC_CITY_NAME_BERLIN, 2.00, -9999.00, -9999.00, -9999.00, -9999.00, -9999.00, -9999.00, -9999.00, -9999.00, -9999.00, -9999.00
58, 6, LOC_CITY_NAME_CHENNAI, 1.00, -9999.00, 402.25, -9999.00, -9999.00, 369.35, -9999.00, -9999.00, -9999.00, -9999.00, 2298.53
58, 6, LOC_CITY_NAME_BUENOS_AIRES, -9999.00, -9999.00, -9999.00, -9999.00, -9999.00, -9999.00, -9999.00, -9999.00, 0.00, -9999.00, -9999.00
58, 6, LOC_CITY_NAME_KURGUS, 3.00, -9999.00, -9999.00, -9999.00, -9999.00, -9999.00, -9999.00, -9999.00, -9999.00, -9999.00, 0.00
58, 7, LOC_CITY_NAME_RIO_DE_JANEIRO, 5.00, -9999.00, -9999.00, -9999.00, -9999.00, 225.66, -9999.00, -9999.00, -9999.00, -9999.00, -9999.00
58, 7, LOC_CITY_NAME_PELLA, 3.00, -9999.00, -9999.00, -9999.00, 115.94, 147.64, -9999.00, -9999.00, -9999.00, -9999.00, -9999.00
58, 7, LOC_CITY_NAME_AACHEN, -9999.00, -9999.00, -9999.00, -9999.00, -9999.00, -9999.00, -9999.00, -9999.00, -9999.00, -9999.00, -9999.00
58, 7, LOC_CITY_NAME_ROME, 3.00, -9999.00, 97.18, -9999.00, -9999.00, -9999.00, -9999.00, -9999.00, -9999.00, -9999.00, -9999.00
58, 7, LOC_CITY_HA_NOI, 5.00, -9999.00, -9999.00, -9999.00, -9999.00, -9999.00, -9999.00, -9999.00, -9999.00, -9999.00, -9999.00
58, 7, LOC_CITY_HUE, 5.00, -9999.00, -9999.00, -9999.00, -9999.00, -9999.00, -9999.00, -9999.00, -9999.00, -9999.00, -9999.00
58, 7, LOC_CITY_NAME_SAO_PAULO, 5.00, -9999.00, -9999.00, -9999.00, -9999.00, -9999.00, -9999.00, -9999.00, -9999.00, -9999.00, -9999.00
58, 7, LOC_CITY_NAME_ALEXANDRIA_TROAS, 3.00, -9999.00, 97.18, -9999.00, -9999.00, -9999.00, -9999.00, -9999.00, -9999.00, -9999.00, -9999.00
58, 7, LOC_CITY_NAME_ARRETIUM, 3.00, -9999.00, 97.18, -9999.00, 115.94, -9999.00, -9999.00, -9999.00, -9999.00, -9999.00, -9999.00
58, 7, LOC_CITY_NAME_MAGDEBURG, -9999.00, -9999.00, -9999.00, -9999.00, -9999.00, -9999.00, -9999.00, -9999.00, -9999.00, -9999.00, -9999.00
58, 7, LOC_CITY_QUANG_TRI, 5.00, -9999.00, -9999.00, -9999.00, 115.94, -9999.00, -9999.00, -9999.00, -9999.00, -9999.00, -9999.00
58, 7, LOC_CITY_NAME_ARPINUM, 3.00, -9999.00, 97.18, -9999.00, -9999.00, -9999.00, -9999.00, -9999.00, -9999.00, -9999.00, -9999.00
58, 7, LOC_CITY_NAME_FORTALEZA, 5.00, -9999.00, -9999.00, -9999.00, -9999.00, -9999.00, -9999.00, -9999.00, -9999.00, -9999.00, -9999.00
58, 7, LOC_CITY_NAME_CHALKIDIKI, 3.00, -9999.00, 97.18, -9999.00, -9999.00, -9999.00, -9999.00, -9999.00, -9999.00, -9999.00, -9999.00
58, 7, LOC_CITY_NAME_COLOGNE, -9999.00, -9999.00, -9999.00, -9999.00, -9999.00, -9999.00, -9999.00, -9999.00, -9999.00, -9999.00, -9999.00
58, 7, LOC_CITY_NAME_KERMA, 4.00, -9999.00, -9999.00, -9999.00, 115.94, -9999.00, -9999.00, -9999.00, -9999.00, -9999.00, 2904.78
58, 7, LOC_CITY_HOI_AN, 5.00, -9999.00, -9999.00, -9999.00, -9999.00, -9999.00, -9999.00, -9999.00, -9999.00, -9999.00, -9999.00
58, 7, LOC_CITY_NAME_LUGDUNUM, 3.00, -9999.00, -9999.00, -9999.00, -9999.00, -9999.00, -9999.00, -9999.00, -9999.00, -9999.00, -9999.00
58, 7, LOC_CITY_NAME_BABYLON_STK, 4.00, -9999.00, -9999.00, -9999.00, -9999.00, -9999.00, -9999.00, -9999.00, -9999.00, -9999.00, 2837.79
58, 7, LOC_CITY_NAME_ALEXANDRIA_LATMUS, 3.00, -9999.00, 97.18, -9999.00, -9999.00, -9999.00, -9999.00, -9999.00, -9999.00, -9999.00, -9999.00
58, 7, LOC_CITY_NAME_PATNA, 2.00, -9999.00, -9999.00, 461.91, -9999.00, 357.05, -9999.00, -9999.00, -9999.00, -9999.00, -9999.00
58, 7, LOC_CITY_NAME_CURITIBA, 5.00, -9999.00, -9999.00, -9999.00, -9999.00, -9999.00, -9999.00, -9999.00, -9999.00, -9999.00, -9999.00
58, 7, LOC_CITY_NAME_LISBON, -9999.00, -9999.00, -9999.00, -9999.00, -9999.00, -9999.00, -9999.00, -9999.00, 0.00, -9999.00, -9999.00
58, 7, LOC_CITY_NAME_SWENETT, 2.00, -9999.00, -9999.00, -9999.00, -9999.00, 353.11, -9999.00, -9999.00, -9999.00, -9999.00, 1610.85
58, 7, LOC_CITY_NAME_BORSIPPA, 4.00, -9999.00, -9999.00, -9999.00, 115.94, 499.14, -9999.00, -9999.00, -9999.00, -9999.00, 0.00
58, 7, LOC_CITY_NAME_KARKAR, 4.00, -9999.00, -9999.00, -9999.00, -9999.00, 353.11, -9999.00, -9999.00, -9999.00, -9999.00, -17.84
58, 7, LOC_CITY_NAME_CUMAE, 3.00, -9999.00, -9999.00, -9999.00, -9999.00, -9999.00, -9999.00, -9999.00, -9999.00, -9999.00, -9999.00
58, 7, LOC_CITY_NAME_MEROE, 4.00, -9999.00, -9999.00, -9999.00, 0.00, 511.52, -9999.00, -9999.00, -9999.00, -9999.00, 3260.87
58, 7, LOC_CITY_NAME_KUMASI, -9999.00, -9999.00, -9999.00, -9999.00, -9999.00, -9999.00, -9999.00, -9999.00, 0.00, -9999.00, -9999.00
58, 7, LOC_CITY_NAME_MEMPHIS, 2.00, -9999.00, -9999.00, -9999.00, -9999.00, 217.56, -9999.00, -9999.00, -9999.00, -9999.00, 1537.65
58, 7, LOC_CITY_NAME_JOHANNESBURG, -9999.00, -9999.00, -9999.00, -9999.00, -9999.00, -9999.00, -9999.00, -9999.00, 0.00, -9999.00, -9999.00
58, 7, LOC_CITY_NAME_DORTMUND, -9999.00, -9999.00, -9999.00, -9999.00, -9999.00, -9999.00, -9999.00, -9999.00, -9999.00, -9999.00, -9999.00
58, 7, LOC_CITY_HOA_LU, 5.00, -9999.00, -9999.00, -9999.00, -9999.00, -9999.00, -9999.00, -9999.00, -9999.00, -9999.00, -9999.00
58, 7, LOC_CITY_NAME_FEZ, 3.00, -9999.00, -9999.00, -9999.00, -9999.00, -9999.00, -9999.00, -9999.00, -9999.00, -9999.00, -9999.00
58, 7, LOC_CITY_NAME_KAWA, 4.00, -9999.00, -9999.00, -9999.00, -9999.00, 217.10, -9999.00, -9999.00, -9999.00, -9999.00, 1598.43
58, 7, LOC_CITY_NAME_JERUSALEM, 5.00, -9999.00, -9999.00, -9999.00, -9999.00, -9999.00, -9999.00, -9999.00, -9999.00, -9999.00, -9999.00
58, 7, LOC_CITY_NAME_SALVADOR, 5.00, -9999.00, -9999.00, -9999.00, -9999.00, -9999.00, -9999.00, -9999.00, -9999.00, -9999.00, -9999.00
58, 7, LOC_CITY_NAME_EL_KURRU, 4.00, -9999.00, -9999.00, -9999.00, -9999.00, 165.33, -9999.00, -9999.00, -9999.00, -9999.00, 0.00
58, 7, LOC_CITY_NAME_VATICAN_CITY, -9999.00, -9999.00, -9999.00, -9999.00, -9999.00, -9999.00, -9999.00, -9999.00, 0.00, -9999.00, -9999.00
58, 7, LOC_CITY_NAME_PRESLAV, -9999.00, -9999.00, -9999.00, -9999.00, -9999.00, -9999.00, -9999.00, -9999.00, 0.00, -9999.00, -9999.00
58, 7, LOC_CITY_NAME_HEIDELBERG, -9999.00, -9999.00, -9999.00, -9999.00, -9999.00, -9999.00, -9999.00, -9999.00, -9999.00, -9999.00, -9999.00
58, 7, LOC_CITY_NAME_METHONE, 3.00, -9999.00, -9999.00, -9999.00, -9999.00, -9999.00, -9999.00, -9999.00, -9999.00, -9999.00, -9999.00
58, 7, LOC_CITY_NAME_AKHETATEN, 2.00, -9999.00, -9999.00, -9999.00, -9999.00, 191.43, -9999.00, -9999.00, -9999.00, -9999.00, 1021.06
58, 7, LOC_CITY_NAME_BABYLON, -9999.00, -9999.00, -9999.00, -9999.00, -9999.00, -9999.00, -9999.00, -9999.00, 0.00, -9999.00, -9999.00
58, 7, LOC_CITY_NAME_QASR_IBRIM, 4.00, -9999.00, -9999.00, -9999.00, -9999.00, 92.91, -9999.00, -9999.00, -9999.00, -9999.00, 200.00
58, 7, LOC_CITY_NAME_HEH, 4.00, -9999.00, -9999.00, -9999.00, -9999.00, 241.59, -9999.00, -9999.00, -9999.00, -9999.00, -9999.00
58, 7, LOC_CITY_NAME_SHAAT, 4.00, -9999.00, -9999.00, -9999.00, -9999.00, 130.07, -9999.00, -9999.00, -9999.00, -9999.00, -9999.00
58, 7, LOC_CITY_NAME_SEDEINGA, 4.00, -9999.00, -9999.00, -9999.00, 115.94, 315.94, -9999.00, -9999.00, -9999.00, -9999.00, -9999.00
58, 7, LOC_CITY_DONG_HOI, 5.00, -9999.00, -9999.00, -9999.00, -9999.00, -9999.00, -9999.00, -9999.00, -9999.00, -9999.00, -9999.00
58, 7, LOC_CITY_NAME_BRUNDISIUM, 3.00, -9999.00, -9999.00, -9999.00, -9999.00, -9999.00, -9999.00, -9999.00, -9999.00, -9999.00, -9999.00
58, 7, LOC_CITY_NAME_PORTO_ALEGRE, 5.00, -9999.00, -9999.00, -9999.00, -9999.00, -9999.00, -9999.00, -9999.00, -9999.00, -9999.00, -9999.00
58, 7, LOC_CITY_NAME_MAINZ, -9999.00, -9999.00, -9999.00, -9999.00, -9999.00, -9999.00, -9999.00, -9999.00, -9999.00, -9999.00, -9999.00
58, 7, LOC_CITY_NAME_NURI, 4.00, -9999.00, -9999.00, -9999.00, 0.00, -9999.00, -9999.00, -9999.00, -9999.00, -9999.00, -9999.00
58, 7, LOC_CITY_NAME_YEREVAN, -9999.00, -9999.00, -9999.00, -9999.00, -9999.00, -9999.00, -9999.00, -9999.00, 0.00, -9999.00, -9999.00
58, 7, LOC_CITY_NAME_HATTUSA, -9999.00, -9999.00, -9999.00, -9999.00, -9999.00, -9999.00, -9999.00, -9999.00, 0.00, -9999.00, -9999.00
58, 7, LOC_CITY_CAN_THO, 5.00, -9999.00, -9999.00, -9999.00, -9999.00, -9999.00, -9999.00, -9999.00, -9999.00, -9999.00, -9999.00
58, 7, LOC_CITY_NAME_SHEDET, 2.00, -9999.00, -9999.00, -9999.00, -9999.00, -9999.00, -9999.00, -9999.00, -9999.00, -9999.00, -9999.00
58, 7, LOC_CITY_NAME_SETIA, 3.00, -9999.00, -9999.00, -9999.00, -9999.00, -9999.00, -9999.00, -9999.00, -9999.00, -9999.00, -9999.00
58, 7, LOC_CITY_NAME_VILNIUS, 5.00, -9999.00, -9999.00, -9999.00, -9999.00, -9999.00, -9999.00, -9999.00, -9999.00, -9999.00, -9999.00
58, 7, LOC_CITY_NAME_NEKHEN, 2.00, -9999.00, -9999.00, -9999.00, -9999.00, 261.06, -9999.00, -9999.00, -9999.00, -9999.00, 1449.04
58, 7, LOC_CITY_NAME_RA_KEDET, 2.00, -9999.00, -9999.00, -9999.00, -9999.00, 234.96, -9999.00, -9999.00, -9999.00, -9999.00, 2240.62
58, 7, LOC_CITY_NAME_BERLIN, -9999.00, -9999.00, -9999.00, -9999.00, -9999.00, -9999.00, -9999.00, -9999.00, -9999.00, -9999.00, -9999.00
58, 7, LOC_CITY_NAME_CHENNAI, 2.00, -9999.00, -9999.00, -9999.00, -9999.00, 369.35, -9999.00, -9999.00, -9999.00, -9999.00, 2731.00
58, 7, LOC_CITY_NAME_BUENOS_AIRES, -9999.00, -9999.00, -9999.00, -9999.00, -9999.00, -9999.00, -9999.00, -9999.00, 0.00, -9999.00, -9999.00
58, 7, LOC_CITY_NAME_KURGUS, 4.00, -9999.00, -9999.00, -9999.00, -9999.00, -9999.00, -9999.00, -9999.00, -9999.00, -9999.00, 0.00
58, 7, LOC_CITY_NAME_CALCUTTA, 2.00, -9999.00, -9999.00, -9999.00, -9999.00, 310.96, -9999.00, -9999.00, -9999.00, -9999.00, -9999.00
58, 7, 8257590, MOVE TO CITY (ALREADY THERE), COMPLETE, 66:62
58, 7, 8257590, GAIN SOURCES, BEGIN, 66:62
58, 8, LOC_CITY_NAME_AACHEN, 1.00, -9999.00, 2429.98, 211.91, -9999.00, -9999.00, -9999.00, -9999.00, -9999.00, -9999.00, -9999.00
58, 8, LOC_CITY_NAME_RIO_DE_JANEIRO, 3.00, -9999.00, 2429.98, 211.91, -9999.00, 225.66, -9999.00, -9999.00, -9999.00, -9999.00, -9999.00
58, 8, LOC_CITY_NAME_PELLA, 1.00, -9999.00, -9999.00, -9999.00, 115.94, 147.64, -9999.00, -9999.00, -9999.00, -9999.00, -9999.00
58, 8, LOC_CITY_HA_NOI, -9999.00, -9999.00, -9999.00, -9999.00, -9999.00, -9999.00, -9999.00, -9999.00, -9999.00, -9999.00, -9999.00
58, 8, LOC_CITY_NAME_ROME, 1.00, -9999.00, 100.59, -9999.00, -9999.00, -9999.00, -9999.00, -9999.00, -9999.00, -9999.00, -9999.00
58, 8, LOC_CITY_HUE, -9999.00, -9999.00, -9999.00, -9999.00, -9999.00, -9999.00, -9999.00, -9999.00, -9999.00, -9999.00, -9999.00
58, 8, LOC_CITY_NAME_SAO_PAULO, 3.00, -9999.00, 2429.98, 211.91, -9999.00, -9999.00, -9999.00, -9999.00, -9999.00, -9999.00, -9999.00
58, 8, LOC_CITY_NAME_ALEXANDRIA_TROAS, 1.00, -9999.00, 100.59, -9999.00, -9999.00, -9999.00, -9999.00, -9999.00, -9999.00, -9999.00, -9999.00
58, 8, LOC_CITY_NAME_ARRETIUM, 1.00, -9999.00, 100.59, -9999.00, 115.94, -9999.00, -9999.00, -9999.00, -9999.00, -9999.00, -9999.00
58, 8, LOC_CITY_NAME_MAGDEBURG, 1.00, -9999.00, 2429.98, 211.91, -9999.00, -9999.00, -9999.00, -9999.00, -9999.00, -9999.00, -9999.00
58, 8, LOC_CITY_QUANG_TRI, -9999.00, -9999.00, -9999.00, -9999.00, -9999.00, -9999.00, -9999.00, -9999.00, -9999.00, -9999.00, -9999.00
58, 8, LOC_CITY_NAME_ARPINUM, 1.00, -9999.00, 100.59, -9999.00, -9999.00, -9999.00, -9999.00, -9999.00, -9999.00, -9999.00, -9999.00
58, 8, LOC_CITY_NAME_FORTALEZA, 3.00, -9999.00, 2429.98, -9999.00, -9999.00, -9999.00, -9999.00, -9999.00, -9999.00, -9999.00, -9999.00
58, 8, LOC_CITY_NAME_CHALKIDIKI, 1.00, -9999.00, 100.59, -9999.00, -9999.00, -9999.00, -9999.00, -9999.00, -9999.00, -9999.00, -9999.00
58, 8, LOC_CITY_NAME_COLOGNE, 1.00, -9999.00, 2429.98, 211.91, 0.00, -9999.00, -9999.00, -9999.00, -9999.00, -9999.00, -9999.00
58, 8, LOC_CITY_HOI_AN, -9999.00, -9999.00, -9999.00, -9999.00, -9999.00, -9999.00, -9999.00, -9999.00, -9999.00, -9999.00, -9999.00
58, 8, LOC_CITY_NAME_KERMA, 3.00, -9999.00, 2429.98, -9999.00, 115.94, -9999.00, -9999.00, -9999.00, -9999.00, -9999.00, 2786.00
58, 8, LOC_CITY_NAME_LUGDUNUM, 1.00, -9999.00, -9999.00, -9999.00, -9999.00, -9999.00, -9999.00, -9999.00, -9999.00, -9999.00, -9999.00
58, 8, LOC_CITY_NAME_BABYLON_STK, 1.00, -9999.00, 2429.98, -9999.00, -9999.00, -9999.00, -9999.00, -9999.00, -9999.00, -9999.00, 2660.19
58, 8, LOC_CITY_NAME_ALEXANDRIA_LATMUS, 1.00, -9999.00, 100.59, -9999.00, -9999.00, -9999.00, -9999.00, -9999.00, -9999.00, -9999.00, -9999.00
58, 8, LOC_CITY_NAME_PATNA, 1.00, -9999.00, -9999.00, 211.91, -9999.00, 357.05, -9999.00, -9999.00, -9999.00, -9999.00, 2557.45
58, 8, LOC_CITY_NAME_CURITIBA, 3.00, -9999.00, -9999.00, 211.91, -9999.00, -9999.00, -9999.00, -9999.00, -9999.00, -9999.00, -9999.00
58, 8, LOC_CITY_NAME_LISBON, -9999.00, -9999.00, -9999.00, -9999.00, -9999.00, -9999.00, -9999.00, -9999.00, 0.00, -9999.00, -9999.00
58, 8, LOC_CITY_NAME_SWENETT, 1.00, -9999.00, 2429.98, -9999.00, -9999.00, 353.11, -9999.00, -9999.00, -9999.00, -9999.00, 1537.52
58, 8, LOC_CITY_NAME_BORSIPPA, 1.00, -9999.00, 2429.98, -9999.00, 115.94, 499.14, -9999.00, -9999.00, -9999.00, -9999.00, 0.00
58, 8, LOC_CITY_NAME_KARKAR, 1.00, -9999.00, 2429.98, -9999.00, -9999.00, 353.11, -9999.00, -9999.00, -9999.00, -9999.00, -22.36
58, 8, LOC_CITY_NAME_CUMAE, 1.00, -9999.00, -9999.00, -9999.00, -9999.00, -9999.00, -9999.00, -9999.00, -9999.00, -9999.00, -9999.00
58, 8, LOC_CITY_NAME_MEROE, 3.00, -9999.00, 2429.98, -9999.00, 0.00, 511.52, -9999.00, -9999.00, -9999.00, -9999.00, 3140.12
58, 8, LOC_CITY_NAME_KUMASI, -9999.00, -9999.00, -9999.00, -9999.00, -9999.00, -9999.00, -9999.00, -9999.00, 0.00, -9999.00, -9999.00
58, 8, LOC_CITY_NAME_MEMPHIS, 1.00, -9999.00, 2429.98, -9999.00, -9999.00, 217.56, -9999.00, -9999.00, -9999.00, -9999.00, 1450.52
58, 8, LOC_CITY_NAME_JOHANNESBURG, -9999.00, -9999.00, -9999.00, -9999.00, -9999.00, -9999.00, -9999.00, -9999.00, 0.00, -9999.00, -9999.00
58, 8, LOC_CITY_NAME_DORTMUND, 1.00, -9999.00, -9999.00, 211.91, -9999.00, -9999.00, -9999.00, -9999.00, -9999.00, -9999.00, -9999.00
58, 8, LOC_CITY_HOA_LU, -9999.00, -9999.00, -9999.00, -9999.00, -9999.00, -9999.00, -9999.00, -9999.00, -9999.00, -9999.00, -9999.00
58, 8, LOC_CITY_NAME_FEZ, 1.00, -9999.00, -9999.00, -9999.00, -9999.00, -9999.00, -9999.00, -9999.00, -9999.00, -9999.00, -9999.00
58, 8, LOC_CITY_NAME_KAWA, 3.00, -9999.00, 2429.98, -9999.00, -9999.00, 217.10, -9999.00, -9999.00, -9999.00, -9999.00, 1466.04
58, 8, LOC_CITY_NAME_JERUSALEM, 3.00, -9999.00, -9999.00, -9999.00, -9999.00, -9999.00, -9999.00, -9999.00, -9999.00, -9999.00, -9999.00
58, 8, LOC_CITY_NAME_SALVADOR, 3.00, -9999.00, 2429.98, -9999.00, -9999.00, -9999.00, -9999.00, -9999.00, -9999.00, -9999.00, -9999.00
58, 8, LOC_CITY_NAME_EL_KURRU, 3.00, -9999.00, 2429.98, -9999.00, -9999.00, 165.33, -9999.00, -9999.00, -9999.00, -9999.00, 0.00
58, 8, LOC_CITY_NAME_VATICAN_CITY, -9999.00, -9999.00, -9999.00, -9999.00, -9999.00, -9999.00, -9999.00, -9999.00, 0.00, -9999.00, -9999.00
58, 8, LOC_CITY_NAME_HEIDELBERG, 1.00, -9999.00, -9999.00, -9999.00, -9999.00, -9999.00, -9999.00, -9999.00, -9999.00, -9999.00, -9999.00
58, 8, LOC_CITY_NAME_PRESLAV, -9999.00, -9999.00, -9999.00, -9999.00, -9999.00, -9999.00, -9999.00, -9999.00, 0.00, -9999.00, -9999.00
58, 8, LOC_CITY_NAME_METHONE, 1.00, -9999.00, -9999.00, -9999.00, -9999.00, -9999.00, -9999.00, -9999.00, -9999.00, -9999.00, -9999.00
58, 8, LOC_CITY_NAME_AKHETATEN, 1.00, -9999.00, 2429.98, -9999.00, -9999.00, 191.43, -9999.00, -9999.00, -9999.00, -9999.00, 958.22
58, 8, LOC_CITY_NAME_BABYLON, -9999.00, -9999.00, -9999.00, -9999.00, -9999.00, -9999.00, -9999.00, -9999.00, 0.00, -9999.00, -9999.00
58, 8, LOC_CITY_NAME_QASR_IBRIM, 3.00, -9999.00, 2429.98, -9999.00, -9999.00, 92.91, -9999.00, -9999.00, -9999.00, -9999.00, 200.00
58, 8, LOC_CITY_NAME_HEH, 3.00, -9999.00, -9999.00, -9999.00, -9999.00, 241.59, -9999.00, -9999.00, -9999.00, -9999.00, -9999.00
58, 8, LOC_CITY_DONG_HOI, -9999.00, -9999.00, -9999.00, -9999.00, -9999.00, -9999.00, -9999.00, -9999.00, -9999.00, -9999.00, -9999.00
58, 8, LOC_CITY_NAME_SHAAT, 3.00, -9999.00, -9999.00, -9999.00, -9999.00, 130.07, -9999.00, -9999.00, -9999.00, -9999.00, -9999.00
58, 8, LOC_CITY_NAME_SEDEINGA, 3.00, -9999.00, 2429.98, -9999.00, 115.94, 315.94, -9999.00, -9999.00, -9999.00, -9999.00, -9999.00
58, 8, LOC_CITY_NAME_BRUNDISIUM, 1.00, -9999.00, -9999.00, -9999.00, -9999.00, -9999.00, -9999.00, -9999.00, -9999.00, -9999.00, -9999.00
58, 8, LOC_CITY_NAME_PORTO_ALEGRE, 3.00, -9999.00, 2429.98, -9999.00, -9999.00, -9999.00, -9999.00, -9999.00, -9999.00, -9999.00, -9999.00
58, 8, LOC_CITY_NAME_MAINZ, 1.00, -9999.00, 2429.98, 211.91, -9999.00, -9999.00, -9999.00, -9999.00, -9999.00, -9999.00, -9999.00
58, 8, LOC_CITY_NAME_NURI, 3.00, -9999.00, -9999.00, -9999.00, 0.00, -9999.00, -9999.00, -9999.00, -9999.00, -9999.00, -9999.00
58, 8, LOC_CITY_NAME_YEREVAN, -9999.00, -9999.00, -9999.00, -9999.00, -9999.00, -9999.00, -9999.00, -9999.00, 0.00, -9999.00, -9999.00
58, 8, LOC_CITY_NAME_HATTUSA, -9999.00, -9999.00, -9999.00, -9999.00, -9999.00, -9999.00, -9999.00, -9999.00, 0.00, -9999.00, -9999.00
58, 8, LOC_CITY_CAN_THO, -9999.00, -9999.00, -9999.00, -9999.00, -9999.00, -9999.00, -9999.00, -9999.00, -9999.00, -9999.00, -9999.00
58, 8, LOC_CITY_NAME_SHEDET, 1.00, -9999.00, 2429.98, -9999.00, -9999.00, -9999.00, -9999.00, -9999.00, -9999.00, -9999.00, -9999.00
58, 8, LOC_CITY_NAME_VILNIUS, -9999.00, -9999.00, -9999.00, -9999.00, -9999.00, -9999.00, -9999.00, -9999.00, -9999.00, -9999.00, -9999.00
58, 8, LOC_CITY_NAME_SETIA, 1.00, -9999.00, -9999.00, -9999.00, -9999.00, -9999.00, -9999.00, -9999.00, -9999.00, -9999.00, -9999.00
58, 8, LOC_CITY_NAME_BERLIN, 1.00, -9999.00, -9999.00, -9999.00, -9999.00, -9999.00, -9999.00, -9999.00, -9999.00, -9999.00, -9999.00
58, 8, LOC_CITY_NAME_NEKHEN, 1.00, -9999.00, 2429.98, -9999.00, -9999.00, 261.06, -9999.00, -9999.00, -9999.00, -9999.00, 1359.79
58, 8, LOC_CITY_NAME_RA_KEDET, 1.00, -9999.00, 2429.98, -9999.00, -9999.00, 234.96, -9999.00, -9999.00, -9999.00, -9999.00, 2194.18
58, 8, LOC_CITY_NAME_CHENNAI, 1.00, -9999.00, 2429.98, -9999.00, -9999.00, 369.35, -9999.00, -9999.00, -9999.00, -9999.00, 2496.63
58, 8, LOC_CITY_NAME_BUENOS_AIRES, -9999.00, -9999.00, -9999.00, -9999.00, -9999.00, -9999.00, -9999.00, -9999.00, 0.00, -9999.00, -9999.00
58, 8, LOC_CITY_NAME_KURGUS, 3.00, -9999.00, -9999.00, -9999.00, -9999.00, -9999.00, -9999.00, -9999.00, -9999.00, -9999.00, 0.00
58, 8, 11403352, MOVE TO CITY(69 63), BEGIN, 21:18
58, 9, LOC_CITY_HA_NOI, 5.00, -9999.00, 371.42, -9999.00, -9999.00, -9999.00, -9999.00, -9999.00, -9999.00, -9999.00, -9999.00
58, 9, LOC_CITY_NAME_AACHEN, 4.00, -9999.00, 371.42, 149.41, -9999.00, -9999.00, -9999.00, -9999.00, -9999.00, -9999.00, -9999.00
58, 9, LOC_CITY_NAME_RIO_DE_JANEIRO, 4.00, -9999.00, 616.55, 149.41, -9999.00, 231.87, -9999.00, -9999.00, -9999.00, -9999.00, -9999.00
58, 9, LOC_CITY_NAME_PELLA, 2.00, -9999.00, -9999.00, -9999.00, 115.94, 151.71, -9999.00, -9999.00, -9999.00, -9999.00, -9999.00
58, 9, LOC_CITY_NAME_ROME, -9999.00, -9999.00, -9999.00, -9999.00, -9999.00, -9999.00, -9999.00, -9999.00, -9999.00, -9999.00, -9999.00
58, 9, LOC_CITY_HUE, 5.00, -9999.00, -9999.00, -9999.00, -9999.00, -9999.00, -9999.00, -9999.00, -9999.00, -9999.00, -9999.00
58, 9, LOC_CITY_NAME_SAO_PAULO, 4.00, -9999.00, 616.55, 149.41, -9999.00, -9999.00, -9999.00, -9999.00, -9999.00, -9999.00, -9999.00
58, 9, LOC_CITY_NAME_ALEXANDRIA_TROAS, 2.00, -9999.00, 371.42, -9999.00, -9999.00, -9999.00, -9999.00, -9999.00, -9999.00, -9999.00, -9999.00
58, 9, LOC_CITY_NAME_ARRETIUM, -9999.00, -9999.00, -9999.00, -9999.00, -9999.00, -9999.00, -9999.00, -9999.00, -9999.00, -9999.00, -9999.00
58, 9, LOC_CITY_QUANG_TRI, 5.00, -9999.00, 371.42, -9999.00, 115.94, -9999.00, -9999.00, -9999.00, -9999.00, -9999.00, -9999.00
58, 9, LOC_CITY_NAME_MAGDEBURG, 4.00, -9999.00, 371.42, 149.41, -9999.00, -9999.00, -9999.00, -9999.00, -9999.00, -9999.00, -9999.00
58, 9, LOC_CITY_NAME_ARPINUM, -9999.00, -9999.00, -9999.00, -9999.00, -9999.00, -9999.00, -9999.00, -9999.00, -9999.00, -9999.00, -9999.00
58, 9, LOC_CITY_NAME_FORTALEZA, 4.00, -9999.00, 616.55, -9999.00, -9999.00, -9999.00, -9999.00, -9999.00, -9999.00, -9999.00, -9999.00
58, 9, LOC_CITY_NAME_CHALKIDIKI, 2.00, -9999.00, 371.42, -9999.00, -9999.00, -9999.00, -9999.00, -9999.00, -9999.00, -9999.00, -9999.00
58, 9, LOC_CITY_NAME_COLOGNE, 4.00, -9999.00, 371.42, 149.41, 0.00, -9999.00, -9999.00, -9999.00, -9999.00, -9999.00, -9999.00
58, 9, LOC_CITY_HOI_AN, 5.00, -9999.00, -9999.00, -9999.00, -9999.00, -9999.00, -9999.00, -9999.00, -9999.00, -9999.00, -9999.00
58, 9, LOC_CITY_NAME_LUGDUNUM, -9999.00, -9999.00, -9999.00, -9999.00, -9999.00, -9999.00, -9999.00, -9999.00, -9999.00, -9999.00, -9999.00
58, 9, LOC_CITY_NAME_KERMA, 3.00, -9999.00, 371.42, -9999.00, 115.94, -9999.00, -9999.00, -9999.00, -9999.00, -9999.00, 2922.44
58, 9, LOC_CITY_NAME_BABYLON_STK, 3.00, -9999.00, 371.42, -9999.00, -9999.00, -9999.00, -9999.00, -9999.00, -9999.00, -9999.00, 2862.95
58, 9, LOC_CITY_NAME_ALEXANDRIA_LATMUS, 2.00, -9999.00, 371.42, -9999.00, -9999.00, -9999.00, -9999.00, -9999.00, -9999.00, -9999.00, -9999.00
58, 9, LOC_CITY_NAME_PATNA, 1.00, -9999.00, -9999.00, 149.41, -9999.00, 366.89, -9999.00, -9999.00, -9999.00, -9999.00, 2717.88
58, 9, LOC_CITY_NAME_CURITIBA, 4.00, -9999.00, -9999.00, 149.41, -9999.00, -9999.00, -9999.00, -9999.00, -9999.00, -9999.00, -9999.00
58, 9, LOC_CITY_NAME_LISBON, -9999.00, -9999.00, -9999.00, -9999.00, -9999.00, -9999.00, -9999.00, -9999.00, 0.00, -9999.00, -9999.00
58, 9, LOC_CITY_NAME_SWENETT, 1.00, -9999.00, 371.42, -9999.00, -9999.00, 362.83, -9999.00, -9999.00, -9999.00, -9999.00, 1622.28
58, 9, LOC_CITY_NAME_BORSIPPA, 3.00, -9999.00, 371.42, -9999.00, 115.94, 512.88, -9999.00, -9999.00, -9999.00, -9999.00, 0.00
58, 9, LOC_CITY_NAME_KARKAR, 3.00, -9999.00, 371.42, -9999.00, -9999.00, 362.83, -9999.00, -9999.00, -9999.00, -9999.00, -17.30
58, 9, LOC_CITY_NAME_MEROE, 3.00, -9999.00, 371.42, -9999.00, 0.00, 525.61, -9999.00, -9999.00, -9999.00, -9999.00, 3283.13
58, 9, LOC_CITY_NAME_CUMAE, -9999.00, -9999.00, -9999.00, -9999.00, -9999.00, -9999.00, -9999.00, -9999.00, -9999.00, -9999.00, -9999.00
58, 9, LOC_CITY_NAME_KUMASI, -9999.00, -9999.00, -9999.00, -9999.00, -9999.00, -9999.00, -9999.00, -9999.00, 0.00, -9999.00, -9999.00
58, 9, LOC_CITY_NAME_MEMPHIS, 1.00, -9999.00, 371.42, -9999.00, -9999.00, 223.55, -9999.00, -9999.00, -9999.00, -9999.00, 1548.09
58, 9, LOC_CITY_NAME_JOHANNESBURG, -9999.00, -9999.00, -9999.00, -9999.00, -9999.00, -9999.00, -9999.00, -9999.00, 0.00, -9999.00, -9999.00
58, 9, LOC_CITY_HOA_LU, 5.00, -9999.00, -9999.00, -9999.00, -9999.00, -9999.00, -9999.00, -9999.00, -9999.00, -9999.00, -9999.00
58, 9, LOC_CITY_NAME_DORTMUND, 4.00, -9999.00, -9999.00, 149.41, -9999.00, -9999.00, -9999.00, -9999.00, -9999.00, -9999.00, -9999.00
58, 9, LOC_CITY_NAME_FEZ, 2.00, -9999.00, -9999.00, -9999.00, -9999.00, -9999.00, -9999.00, -9999.00, -9999.00, -9999.00, -9999.00
58, 9, LOC_CITY_NAME_KAWA, 3.00, -9999.00, 371.42, -9999.00, -9999.00, 223.08, -9999.00, -9999.00, -9999.00, -9999.00, 1607.95
58, 9, LOC_CITY_NAME_JERUSALEM, 4.00, -9999.00, -9999.00, -9999.00, -9999.00, -9999.00, -9999.00, -9999.00, -9999.00, -9999.00, -9999.00
58, 9, LOC_CITY_NAME_SALVADOR, 4.00, -9999.00, 616.55, -9999.00, -9999.00, -9999.00, -9999.00, -9999.00, -9999.00, -9999.00, -9999.00
58, 9, LOC_CITY_NAME_EL_KURRU, 3.00, -9999.00, 371.42, -9999.00, -9999.00, 169.88, -9999.00, -9999.00, -9999.00, -9999.00, 0.00
58, 9, LOC_CITY_NAME_VATICAN_CITY, -9999.00, -9999.00, -9999.00, -9999.00, -9999.00, -9999.00, -9999.00, -9999.00, 0.00, -9999.00, -9999.00
58, 9, LOC_CITY_NAME_HEIDELBERG, 4.00, -9999.00, -9999.00, -9999.00, -9999.00, -9999.00, -9999.00, -9999.00, -9999.00, -9999.00, -9999.00
58, 9, LOC_CITY_NAME_PRESLAV, -9999.00, -9999.00, -9999.00, -9999.00, -9999.00, -9999.00, -9999.00, -9999.00, 0.00, -9999.00, -9999.00
58, 9, LOC_CITY_NAME_METHONE, 2.00, -9999.00, -9999.00, -9999.00, -9999.00, -9999.00, -9999.00, -9999.00, -9999.00, -9999.00, -9999.00
58, 9, LOC_CITY_NAME_AKHETATEN, 1.00, -9999.00, 371.42, -9999.00, -9999.00, 196.70, -9999.00, -9999.00, -9999.00, -9999.00, 1027.95
58, 9, LOC_CITY_NAME_BABYLON, -9999.00, -9999.00, -9999.00, -9999.00, -9999.00, -9999.00, -9999.00, -9999.00, 0.00, -9999.00, -9999.00
58, 9, LOC_CITY_NAME_QASR_IBRIM, 3.00, -9999.00, 371.42, -9999.00, -9999.00, 95.46, -9999.00, -9999.00, -9999.00, -9999.00, 200.00
58, 9, LOC_CITY_NAME_HEH, 3.00, -9999.00, -9999.00, -9999.00, -9999.00, 248.24, -9999.00, -9999.00, -9999.00, -9999.00, -9999.00
58, 9, LOC_CITY_DONG_HOI, 5.00, -9999.00, 371.42, -9999.00, -9999.00, -9999.00, -9999.00, -9999.00, -9999.00, -9999.00, -9999.00
58, 9, LOC_CITY_NAME_SHAAT, 3.00, -9999.00, -9999.00, -9999.00, -9999.00, 133.65, -9999.00, -9999.00, -9999.00, -9999.00, -9999.00
58, 9, LOC_CITY_NAME_SEDEINGA, 3.00, -9999.00, 371.42, -9999.00, 115.94, 324.64, -9999.00, -9999.00, -9999.00, -9999.00, -9999.00
58, 9, LOC_CITY_NAME_BRUNDISIUM, -9999.00, -9999.00, -9999.00, -9999.00, -9999.00, -9999.00, -9999.00, -9999.00, -9999.00, -9999.00, -9999.00
58, 9, LOC_CITY_NAME_PORTO_ALEGRE, 4.00, -9999.00, 616.55, -9999.00, -9999.00, -9999.00, -9999.00, -9999.00, -9999.00, -9999.00, -9999.00
58, 9, LOC_CITY_NAME_MAINZ, 4.00, -9999.00, 371.42, 149.41, -9999.00, -9999.00, -9999.00, -9999.00, -9999.00, -9999.00, -9999.00
58, 9, LOC_CITY_NAME_NURI, 3.00, -9999.00, -9999.00, -9999.00, 0.00, -9999.00, -9999.00, -9999.00, -9999.00, -9999.00, -9999.00
58, 9, LOC_CITY_NAME_YEREVAN, -9999.00, -9999.00, -9999.00, -9999.00, -9999.00, -9999.00, -9999.00, -9999.00, 0.00, -9999.00, -9999.00
58, 9, LOC_CITY_CAN_THO, 5.00, -9999.00, -9999.00, -9999.00, -9999.00, -9999.00, -9999.00, -9999.00, -9999.00, -9999.00, -9999.00
58, 9, LOC_CITY_NAME_HATTUSA, -9999.00, -9999.00, -9999.00, -9999.00, -9999.00, -9999.00, -9999.00, -9999.00, 0.00, -9999.00, -9999.00
58, 9, LOC_CITY_NAME_VILNIUS, 5.00, -9999.00, -9999.00, -9999.00, -9999.00, -9999.00, -9999.00, -9999.00, -9999.00, -9999.00, -9999.00
58, 9, LOC_CITY_NAME_SHEDET, 1.00, -9999.00, 371.42, -9999.00, -9999.00, -9999.00, -9999.00, -9999.00, -9999.00, -9999.00, -9999.00
58, 9, LOC_CITY_NAME_SETIA, -9999.00, -9999.00, -9999.00, -9999.00, -9999.00, -9999.00, -9999.00, -9999.00, -9999.00, -9999.00, -9999.00
58, 9, LOC_CITY_NAME_BERLIN, 4.00, -9999.00, -9999.00, -9999.00, -9999.00, -9999.00, -9999.00, -9999.00, -9999.00, -9999.00, -9999.00
58, 9, LOC_CITY_NAME_NEKHEN, 1.00, -9999.00, 371.42, -9999.00, -9999.00, 268.25, -9999.00, -9999.00, -9999.00, -9999.00, 1457.68
58, 9, LOC_CITY_NAME_RA_KEDET, 1.00, -9999.00, 371.42, -9999.00, -9999.00, 241.43, -9999.00, -9999.00, -9999.00, -9999.00, 2255.93
58, 9, LOC_CITY_NAME_CHENNAI, 1.00, -9999.00, 371.42, -9999.00, -9999.00, 379.53, -9999.00, -9999.00, -9999.00, -9999.00, 2747.63
58, 9, LOC_CITY_NAME_BUENOS_AIRES, -9999.00, -9999.00, -9999.00, -9999.00, -9999.00, -9999.00, -9999.00, -9999.00, 0.00, -9999.00, -9999.00
58, 9, LOC_CITY_NAME_KURGUS, 3.00, -9999.00, -9999.00, -9999.00, -9999.00, -9999.00, -9999.00, -9999.00, -9999.00, -9999.00, 380.72
59, 4, LOC_CITY_NAME_MEROE, -9999.00, -9999.00, -9999.00, -9999.00, -9999.00, -9999.00, -9999.00, -9999.00, -9999.00, -9999.00, -9999.00
59, 4, LOC_CITY_NAME_NIANI, 4.00, -9999.00, -9999.00, -9999.00, -9999.00, 408.99, -9999.00, -9999.00, -9999.00, -9999.00, -9999.00
59, 4, LOC_CITY_NAME_BABYLON_STK, 2.00, -9999.00, 0.00, -9999.00, -9999.00, -9999.00, -9999.00, -9999.00, -9999.00, -9999.00, -9999.00
59, 4, LOC_CITY_NAME_PATNA, 2.00, -9999.00, -9999.00, 211.91, -9999.00, 329.28, -9999.00, -9999.00, -9999.00, -9999.00, -9999.00
59, 4, LOC_CITY_NAME_RA_KEDET, 3.00, -9999.00, -9999.00, -9999.00, -9999.00, 234.96, -9999.00, -9999.00, -9999.00, -9999.00, -9999.00
59, 4, LOC_CITY_NAME_PRESLAV, -9999.00, -9999.00, -9999.00, -9999.00, -9999.00, -9999.00, -9999.00, -9999.00, 0.00, -9999.00, -9999.00
59, 4, LOC_CITY_NAME_HATTUSA, -9999.00, -9999.00, -9999.00, -9999.00, -9999.00, -9999.00, -9999.00, -9999.00, 0.00, -9999.00, -9999.00
59, 4, LOC_CITY_NAME_VATICAN_CITY, -9999.00, -9999.00, -9999.00, -9999.00, -9999.00, -9999.00, -9999.00, -9999.00, 0.00, -9999.00, -9999.00
59, 4, LOC_CITY_NAME_SEDEINGA, -9999.00, -9999.00, -9999.00, -9999.00, -9999.00, -9999.00, -9999.00, -9999.00, -9999.00, -9999.00, -9999.00
59, 4, LOC_CITY_NAME_MEMPHIS, 3.00, -9999.00, -9999.00, -9999.00, -9999.00, 217.56, -9999.00, -9999.00, -9999.00, -9999.00, -9999.00
59, 4, LOC_CITY_NAME_ROME, 1.00, -9999.00, 0.00, -9999.00, -9999.00, -9999.00, -9999.00, -9999.00, -9999.00, -9999.00, 3552.87
59, 4, LOC_CITY_NAME_YEREVAN, -9999.00, -9999.00, -9999.00, -9999.00, -9999.00, -9999.00, -9999.00, -9999.00, 0.00, -9999.00, -9999.00
59, 4, LOC_CITY_NAME_KUMASI, -9999.00, -9999.00, -9999.00, -9999.00, -9999.00, -9999.00, -9999.00, -9999.00, 0.00, -9999.00, -9999.00
59, 4, LOC_CITY_NAME_CHENNAI, 2.00, -9999.00, 594.95, -9999.00, -9999.00, 341.32, -9999.00, -9999.00, -9999.00, -9999.00, -9999.00
59, 4, LOC_CITY_NAME_BORSIPPA, 2.00, -9999.00, 0.00, -9999.00, 115.94, 436.74, -9999.00, -9999.00, -9999.00, -9999.00, -9999.00
59, 4, LOC_CITY_NAME_ALEXANDRIA_TROAS, 1.00, -9999.00, 0.00, -9999.00, -9999.00, -9999.00, -9999.00, -9999.00, -9999.00, -9999.00, 2153.93
59, 4, LOC_CITY_NAME_TIMBUKTU, 4.00, -9999.00, -9999.00, -9999.00, -9999.00, 321.96, -9999.00, -9999.00, -9999.00, -9999.00, -9999.00
59, 4, LOC_CITY_NAME_JOHANNESBURG, -9999.00, -9999.00, -9999.00, -9999.00, -9999.00, -9999.00, -9999.00, -9999.00, 0.00, -9999.00, -9999.00
59, 4, LOC_CITY_NAME_ARPINUM, 1.00, -9999.00, 0.00, -9999.00, -9999.00, -9999.00, -9999.00, -9999.00, -9999.00, -9999.00, -9999.00
59, 4, LOC_CITY_NAME_BABYLON, -9999.00, -9999.00, -9999.00, -9999.00, -9999.00, -9999.00, -9999.00, -9999.00, 0.00, -9999.00, -9999.00
59, 4, LOC_CITY_NAME_SWENETT, 3.00, -9999.00, -9999.00, -9999.00, -9999.00, 294.25, -9999.00, -9999.00, -9999.00, -9999.00, -9999.00
59, 4, LOC_CITY_NAME_KERMA, -9999.00, -9999.00, -9999.00, -9999.00, -9999.00, -9999.00, -9999.00, -9999.00, -9999.00, -9999.00, -9999.00
59, 4, LOC_CITY_HA_NOI, -9999.00, -9999.00, 594.95, -9999.00, -9999.00, -9999.00, -9999.00, -9999.00, -9999.00, -9999.00, 3867.02
59, 4, LOC_CITY_NAME_KARKAR, 2.00, -9999.00, 0.00, -9999.00, -9999.00, 306.64, -9999.00, -9999.00, -9999.00, -9999.00, -9999.00
59, 4, LOC_CITY_NAME_DELHI, 2.00, -9999.00, 594.95, -9999.00, -9999.00, -9999.00, -9999.00, -9999.00, -9999.00, -9999.00, -9999.00
59, 4, LOC_CITY_NAME_CHALKIDIKI, 1.00, -9999.00, 0.00, -9999.00, -9999.00, -9999.00, -9999.00, -9999.00, -9999.00, -9999.00, -9999.00
59, 4, LOC_CITY_NAME_WALATA, 4.00, -9999.00, -9999.00, -9999.00, -9999.00, 306.64, -9999.00, -9999.00, -9999.00, -9999.00, -9999.00
59, 4, LOC_CITY_NAME_ALEXANDRIA_LATMUS, 1.00, -9999.00, 0.00, -9999.00, -9999.00, -9999.00, -9999.00, -9999.00, -9999.00, -9999.00, -9999.00
59, 4, LOC_CITY_NAME_ARRETIUM, 1.00, -9999.00, 0.00, -9999.00, 115.94, -9999.00, -9999.00, -9999.00, -9999.00, -9999.00, 2052.47
59, 4, LOC_CITY_NAME_CURITIBA, 1.00, -9999.00, -9999.00, 211.91, -9999.00, -9999.00, -9999.00, -9999.00, -9999.00, -9999.00, -9999.00
59, 4, LOC_CITY_NAME_CUMAE, 1.00, -9999.00, -9999.00, -9999.00, -9999.00, -9999.00, -9999.00, -9999.00, -9999.00, -9999.00, -9999.00
59, 4, LOC_CITY_NAME_LUGDUNUM, 1.00, -9999.00, -9999.00, -9999.00, -9999.00, -9999.00, -9999.00, -9999.00, -9999.00, -9999.00, -9999.00
59, 4, LOC_CITY_NAME_LISBON, -9999.00, -9999.00, -9999.00, -9999.00, -9999.00, -9999.00, -9999.00, -9999.00, 0.00, -9999.00, -9999.00
59, 4, LOC_CITY_NAME_KUMBI_SALEH, 4.00, -9999.00, -9999.00, -9999.00, -9999.00, 356.79, -9999.00, -9999.00, -9999.00, -9999.00, -9999.00
59, 4, LOC_CITY_HOA_LU, 2.00, -9999.00, -9999.00, -9999.00, -9999.00, -9999.00, -9999.00, -9999.00, -9999.00, -9999.00, 2564.28
59, 4, LOC_CITY_NAME_IWNW, 3.00, -9999.00, -9999.00, -9999.00, -9999.00, 175.21, -9999.00, -9999.00, -9999.00, -9999.00, -9999.00
59, 4, LOC_CITY_QUANG_TRI, 2.00, -9999.00, 594.95, -9999.00, 115.94, -9999.00, -9999.00, -9999.00, -9999.00, -9999.00, 3288.66
59, 4, LOC_CITY_NAME_PELLA, 1.00, -9999.00, -9999.00, -9999.00, 115.94, 147.64, -9999.00, -9999.00, -9999.00, -9999.00, 2690.63
59, 4, LOC_CITY_NAME_FEZ, 1.00, -9999.00, -9999.00, -9999.00, -9999.00, -9999.00, -9999.00, -9999.00, -9999.00, -9999.00, -9999.00
59, 4, LOC_CITY_NAME_KAWA, -9999.00, -9999.00, -9999.00, -9999.00, -9999.00, -9999.00, -9999.00, -9999.00, -9999.00, -9999.00, -9999.00
59, 4, LOC_CITY_NAME_CALCUTTA, 2.00, -9999.00, -9999.00, -9999.00, -9999.00, 287.48, -9999.00, -9999.00, -9999.00, -9999.00, -9999.00
59, 4, LOC_CITY_NAME_GAO, 4.00, -9999.00, -9999.00, -9999.00, -9999.00, 171.09, -9999.00, -9999.00, -9999.00, -9999.00, -9999.00
59, 4, LOC_CITY_NAME_NEKHEN, 3.00, -9999.00, -9999.00, -9999.00, -9999.00, 313.26, -9999.00, -9999.00, -9999.00, -9999.00, -9999.00
59, 4, LOC_CITY_NAME_JERUSALEM, 1.00, -9999.00, -9999.00, -9999.00, -9999.00, -9999.00, -9999.00, -9999.00, -9999.00, -9999.00, -9999.00
59, 4, LOC_CITY_NAME_EL_KURRU, -9999.00, -9999.00, -9999.00, -9999.00, -9999.00, -9999.00, -9999.00, -9999.00, -9999.00, -9999.00, -9999.00
59, 4, LOC_CITY_NAME_AWDAGHUST, 4.00, -9999.00, -9999.00, -9999.00, -9999.00, 278.46, -9999.00, -9999.00, -9999.00, -9999.00, -9999.00
59, 4, LOC_CITY_NAME_DUR_KURIGALZU, 2.00, -9999.00, 0.00, -9999.00, -9999.00, 371.69, -9999.00, -9999.00, -9999.00, -9999.00, -9999.00
59, 4, LOC_CITY_NAME_ESHNUNNA, 2.00, -9999.00, 0.00, -9999.00, -9999.00, 597.66, -9999.00, -9999.00, -9999.00, -9999.00, -9999.00
59, 4, LOC_CITY_NAME_SALVADOR, 1.00, -9999.00, 594.95, -9999.00, -9999.00, -9999.00, -9999.00, -9999.00, -9999.00, -9999.00, -9999.00
59, 4, LOC_CITY_NAME_AKHETATEN, 3.00, -9999.00, -9999.00, -9999.00, -9999.00, 191.43, -9999.00, -9999.00, -9999.00, -9999.00, -9999.00
59, 4, LOC_CITY_NAME_METHONE, 1.00, -9999.00, -9999.00, -9999.00, -9999.00, -9999.00, -9999.00, -9999.00, -9999.00, -9999.00, -9999.00
59, 4, LOC_CITY_NAME_KIRINA, 4.00, -9999.00, -9999.00, -9999.00, -9999.00, 294.25, -9999.00, -9999.00, -9999.00, -9999.00, -9999.00
59, 4, LOC_CITY_NAME_JABALPUR, 2.00, -9999.00, -9999.00, -9999.00, -9999.00, -9999.00, -9999.00, -9999.00, -9999.00, -9999.00, -9999.00
59, 4, LOC_CITY_NAME_MUMBAI, 2.00, -9999.00, 594.95, -9999.00, -9999.00, -9999.00, -9999.00, -9999.00, -9999.00, -9999.00, -9999.00
59, 4, LOC_CITY_NAME_QASR_IBRIM, -9999.00, -9999.00, -9999.00, -9999.00, -9999.00, -9999.00, -9999.00, -9999.00, -9999.00, -9999.00, -9999.00
59, 4, LOC_CITY_NAME_HEH, -9999.00, -9999.00, -9999.00, -9999.00, -9999.00, -9999.00, -9999.00, -9999.00, -9999.00, -9999.00, -9999.00
59, 4, LOC_CITY_NAME_SENA, 3.00, -9999.00, -9999.00, -9999.00, -9999.00, 119.47, -9999.00, -9999.00, -9999.00, -9999.00, -9999.00
59, 4, LOC_CITY_NAME_SHAAT, -9999.00, -9999.00, -9999.00, -9999.00, -9999.00, -9999.00, -9999.00, -9999.00, -9999.00, -9999.00, -9999.00
59, 4, LOC_CITY_NAME_MASHKAN_SHAPIR, 2.00, -9999.00, 0.00, -9999.00, -9999.00, 1073.26, -9999.00, -9999.00, -9999.00, -9999.00, -9999.00
59, 4, LOC_CITY_NAME_BRUNDISIUM, 1.00, -9999.00, -9999.00, -9999.00, -9999.00, -9999.00, -9999.00, -9999.00, -9999.00, -9999.00, -9999.00
59, 4, LOC_CITY_NAME_PORTO_ALEGRE, 1.00, -9999.00, 594.95, -9999.00, -9999.00, -9999.00, -9999.00, -9999.00, -9999.00, -9999.00, 200.00
59, 4, LOC_CITY_NAME_KANGABA, 4.00, -9999.00, -9999.00, -9999.00, -9999.00, 145.43, -9999.00, -9999.00, -9999.00, -9999.00, -9999.00
59, 4, LOC_CITY_NAME_TRIVANDRUM, 2.00, -9999.00, -9999.00, -9999.00, -9999.00, -9999.00, -9999.00, -9999.00, -9999.00, -9999.00, -9999.00
59, 4, LOC_CITY_NAME_NURI, -9999.00, -9999.00, -9999.00, -9999.00, -9999.00, -9999.00, -9999.00, -9999.00, -9999.00, -9999.00, -9999.00
59, 4, LOC_CITY_NAME_NIORO, 4.00, -9999.00, -9999.00, -9999.00, -9999.00, -9999.00, -9999.00, -9999.00, -9999.00, -9999.00, -9999.00
59, 4, LOC_CITY_NAME_NTERET, 4.00, -9999.00, -9999.00, -9999.00, -9999.00, 160.98, -9999.00, -9999.00, -9999.00, -9999.00, -9999.00
59, 4, LOC_CITY_NAME_JENNE, 4.00, -9999.00, -9999.00, -9999.00, -9999.00, -9999.00, -9999.00, -9999.00, -9999.00, -9999.00, -9999.00
59, 4, LOC_CITY_NAME_NERIBTUM, 2.00, -9999.00, 0.00, -9999.00, -9999.00, 76.98, -9999.00, -9999.00, -9999.00, -9999.00, -9999.00
59, 4, LOC_CITY_NAME_MALGIUM, 2.00, -9999.00, 0.00, -9999.00, -9999.00, -9999.00, -9999.00, -9999.00, -9999.00, -9999.00, -9999.00
59, 4, LOC_CITY_NAME_DURMUTI, 2.00, -9999.00, 0.00, -9999.00, -9999.00, 119.75, -9999.00, -9999.00, -9999.00, -9999.00, -9999.00
59, 4, LOC_CITY_CAN_THO, 2.00, -9999.00, -9999.00, -9999.00, -9999.00, -9999.00, -9999.00, -9999.00, -9999.00, -9999.00, -9999.00
59, 4, LOC_CITY_NAME_SHEDET, 3.00, -9999.00, -9999.00, -9999.00, -9999.00, -9999.00, -9999.00, -9999.00, -9999.00, -9999.00, -9999.00
59, 4, LOC_CITY_NAME_SETIA, 1.00, -9999.00, -9999.00, -9999.00, -9999.00, -9999.00, -9999.00, -9999.00, -9999.00, -9999.00, -9999.00
59, 4, LOC_CITY_NAME_VILNIUS, 2.00, -9999.00, -9999.00, -9999.00, -9999.00, -9999.00, -9999.00, -9999.00, -9999.00, -9999.00, -9999.00
59, 4, LOC_CITY_NAME_BUENOS_AIRES, -9999.00, -9999.00, -9999.00, -9999.00, -9999.00, -9999.00, -9999.00, -9999.00, 0.00, -9999.00, -9999.00
59, 4, LOC_CITY_NAME_KURGUS, -9999.00, -9999.00, -9999.00, -9999.00, -9999.00, -9999.00, -9999.00, -9999.00, -9999.00, -9999.00, -9999.00
59, 5, LOC_CITY_NAME_PELLA, -9999.00, -9999.00, -9999.00, -9999.00, -9999.00, -9999.00, -9999.00, -9999.00, -9999.00, -9999.00, -9999.00
59, 5, LOC_CITY_NAME_ROME, 4.00, -9999.00, -9999.00, -9999.00, -9999.00, -9999.00, -9999.00, -9999.00, -9999.00, -9999.00, -9999.00
59, 5, LOC_CITY_HA_NOI, 4.00, -9999.00, 625.52, -9999.00, -9999.00, -9999.00, -9999.00, -9999.00, -9999.00, -9999.00, -9999.00
59, 5, LOC_CITY_NAME_AACHEN, 4.00, -9999.00, 625.52, 136.72, -9999.00, -9999.00, -9999.00, -9999.00, -9999.00, -9999.00, -9999.00
59, 5, LOC_CITY_NAME_RIO_DE_JANEIRO, 4.00, -9999.00, 625.52, 136.72, -9999.00, 207.49, -9999.00, -9999.00, -9999.00, -9999.00, -9999.00
59, 5, LOC_CITY_HUE, 4.00, -9999.00, -9999.00, -9999.00, -9999.00, -9999.00, -9999.00, -9999.00, -9999.00, -9999.00, -9999.00
59, 5, LOC_CITY_NAME_ALEXANDRIA_TROAS, -9999.00, -9999.00, -9999.00, -9999.00, -9999.00, -9999.00, -9999.00, -9999.00, -9999.00, -9999.00, -9999.00
59, 5, LOC_CITY_NAME_SAO_PAULO, 4.00, -9999.00, 625.52, 136.72, -9999.00, -9999.00, -9999.00, -9999.00, -9999.00, -9999.00, -9999.00
59, 5, LOC_CITY_NAME_ARRETIUM, 4.00, -9999.00, -9999.00, -9999.00, 135.94, -9999.00, -9999.00, -9999.00, -9999.00, -9999.00, -9999.00
59, 5, LOC_CITY_QUANG_TRI, 4.00, -9999.00, 625.52, -9999.00, 135.94, -9999.00, -9999.00, -9999.00, -9999.00, -9999.00, -9999.00
59, 5, LOC_CITY_NAME_MAGDEBURG, 4.00, -9999.00, 625.52, 136.72, -9999.00, -9999.00, -9999.00, -9999.00, -9999.00, -9999.00, -9999.00
59, 5, LOC_CITY_NAME_ARPINUM, 4.00, -9999.00, -9999.00, -9999.00, -9999.00, -9999.00, -9999.00, -9999.00, -9999.00, -9999.00, -9999.00
59, 5, LOC_CITY_NAME_CHALKIDIKI, -9999.00, -9999.00, -9999.00, -9999.00, -9999.00, -9999.00, -9999.00, -9999.00, -9999.00, -9999.00, -9999.00
59, 5, LOC_CITY_NAME_FORTALEZA, 4.00, -9999.00, 625.52, -9999.00, -9999.00, -9999.00, -9999.00, -9999.00, -9999.00, -9999.00, -9999.00
59, 5, LOC_CITY_NAME_COLOGNE, 4.00, -9999.00, 625.52, 136.72, 0.00, -9999.00, -9999.00, -9999.00, -9999.00, -9999.00, -9999.00
59, 5, LOC_CITY_NAME_KERMA, 3.00, -9999.00, 75.32, -9999.00, 135.94, -9999.00, -9999.00, -9999.00, -9999.00, -9999.00, 3578.05
59, 5, LOC_CITY_HOI_AN, 4.00, -9999.00, -9999.00, -9999.00, -9999.00, -9999.00, -9999.00, -9999.00, -9999.00, -9999.00, -9999.00
59, 5, LOC_CITY_NAME_LUGDUNUM, 4.00, -9999.00, -9999.00, -9999.00, -9999.00, -9999.00, -9999.00, -9999.00, -9999.00, -9999.00, -9999.00
59, 5, LOC_CITY_NAME_BABYLON_STK, 3.00, -9999.00, 0.00, -9999.00, -9999.00, -9999.00, -9999.00, -9999.00, -9999.00, -9999.00, 3390.75
59, 5, LOC_CITY_NAME_PATNA, 3.00, -9999.00, -9999.00, 136.72, -9999.00, 302.77, -9999.00, -9999.00, -9999.00, -9999.00, 3177.31
59, 5, LOC_CITY_NAME_ALEXANDRIA_LATMUS, -9999.00, -9999.00, -9999.00, -9999.00, -9999.00, -9999.00, -9999.00, -9999.00, -9999.00, -9999.00, -9999.00
59, 5, LOC_CITY_NAME_CURITIBA, 4.00, -9999.00, -9999.00, 136.72, -9999.00, -9999.00, -9999.00, -9999.00, -9999.00, -9999.00, -9999.00
59, 5, LOC_CITY_NAME_LISBON, -9999.00, -9999.00, -9999.00, -9999.00, -9999.00, -9999.00, -9999.00, -9999.00, 0.00, -9999.00, -9999.00
59, 5, LOC_CITY_NAME_SWENETT, 3.00, -9999.00, 119.89, -9999.00, -9999.00, 270.56, -9999.00, -9999.00, -9999.00, -9999.00, 1860.91
59, 5, LOC_CITY_NAME_BORSIPPA, 3.00, -9999.00, 0.00, -9999.00, 135.94, 401.57, -9999.00, -9999.00, -9999.00, -9999.00, 0.00
59, 5, LOC_CITY_NAME_KARKAR, 3.00, -9999.00, 0.00, -9999.00, -9999.00, 281.95, -9999.00, -9999.00, -9999.00, -9999.00, 172.96
59, 5, LOC_CITY_NAME_CUMAE, 4.00, -9999.00, -9999.00, -9999.00, -9999.00, -9999.00, -9999.00, -9999.00, -9999.00, -9999.00, -9999.00
59, 5, LOC_CITY_NAME_MEROE, 3.00, -9999.00, 75.32, -9999.00, 0.00, 599.45, -9999.00, -9999.00, -9999.00, -9999.00, 4427.76
59, 5, LOC_CITY_NAME_KUMASI, -9999.00, -9999.00, -9999.00, -9999.00, -9999.00, -9999.00, -9999.00, -9999.00, 0.00, -9999.00, -9999.00
59, 5, LOC_CITY_NAME_MEMPHIS, 3.00, -9999.00, 119.89, -9999.00, -9999.00, 200.05, -9999.00, -9999.00, -9999.00, -9999.00, 1890.65
59, 5, LOC_CITY_NAME_JOHANNESBURG, -9999.00, -9999.00, -9999.00, -9999.00, -9999.00, -9999.00, -9999.00, -9999.00, 0.00, -9999.00, -9999.00
59, 5, LOC_CITY_HOA_LU, 4.00, -9999.00, -9999.00, -9999.00, -9999.00, -9999.00, -9999.00, -9999.00, -9999.00, -9999.00, -9999.00
59, 5, LOC_CITY_NAME_DORTMUND, 4.00, -9999.00, -9999.00, 136.72, -9999.00, -9999.00, -9999.00, -9999.00, -9999.00, -9999.00, -9999.00
59, 5, LOC_CITY_NAME_FEZ, -9999.00, -9999.00, -9999.00, -9999.00, -9999.00, -9999.00, -9999.00, -9999.00, -9999.00, -9999.00, -9999.00
59, 5, LOC_CITY_NAME_KAWA, 3.00, -9999.00, 75.32, -9999.00, -9999.00, 295.11, -9999.00, -9999.00, -9999.00, -9999.00, 2021.87
59, 5, LOC_CITY_NAME_EL_KURRU, 3.00, -9999.00, 75.32, -9999.00, -9999.00, 162.32, -9999.00, -9999.00, -9999.00, -9999.00, 0.00
59, 5, LOC_CITY_NAME_VATICAN_CITY, -9999.00, -9999.00, -9999.00, -9999.00, -9999.00, -9999.00, -9999.00, -9999.00, 0.00, -9999.00, -9999.00
59, 5, LOC_CITY_NAME_JERUSALEM, 4.00, -9999.00, -9999.00, -9999.00, -9999.00, -9999.00, -9999.00, -9999.00, -9999.00, -9999.00, -9999.00
59, 5, LOC_CITY_NAME_SALVADOR, 4.00, -9999.00, 625.52, -9999.00, -9999.00, -9999.00, -9999.00, -9999.00, -9999.00, -9999.00, -9999.00
59, 5, LOC_CITY_NAME_PRESLAV, -9999.00, -9999.00, -9999.00, -9999.00, -9999.00, -9999.00, -9999.00, -9999.00, 0.00, -9999.00, -9999.00
59, 5, LOC_CITY_NAME_HEIDELBERG, 4.00, -9999.00, -9999.00, -9999.00, -9999.00, -9999.00, -9999.00, -9999.00, -9999.00, -9999.00, -9999.00
59, 5, LOC_CITY_NAME_AKHETATEN, 3.00, -9999.00, 119.89, -9999.00, -9999.00, 176.02, -9999.00, -9999.00, -9999.00, -9999.00, 1281.78
59, 5, LOC_CITY_NAME_METHONE, -9999.00, -9999.00, -9999.00, -9999.00, -9999.00, -9999.00, -9999.00, -9999.00, -9999.00, -9999.00, -9999.00
59, 5, LOC_CITY_NAME_BABYLON, -9999.00, -9999.00, -9999.00, -9999.00, -9999.00, -9999.00, -9999.00, -9999.00, 0.00, -9999.00, -9999.00
59, 5, LOC_CITY_NAME_QASR_IBRIM, 3.00, -9999.00, 75.32, -9999.00, -9999.00, 85.43, -9999.00, -9999.00, -9999.00, -9999.00, 206.25
59, 5, LOC_CITY_NAME_HEH, 3.00, -9999.00, -9999.00, -9999.00, -9999.00, 222.14, -9999.00, -9999.00, -9999.00, -9999.00, -9999.00
59, 5, LOC_CITY_NAME_SHAAT, 3.00, -9999.00, -9999.00, -9999.00, -9999.00, 119.60, -9999.00, -9999.00, -9999.00, -9999.00, -9999.00
59, 5, LOC_CITY_NAME_SEDEINGA, 3.00, -9999.00, 75.32, -9999.00, 135.94, 333.21, -9999.00, -9999.00, -9999.00, -9999.00, -9999.00
59, 5, LOC_CITY_DONG_HOI, 4.00, -9999.00, 625.52, -9999.00, -9999.00, -9999.00, -9999.00, -9999.00, -9999.00, -9999.00, -9999.00
59, 5, LOC_CITY_NAME_BRUNDISIUM, 4.00, -9999.00, -9999.00, -9999.00, -9999.00, -9999.00, -9999.00, -9999.00, -9999.00, -9999.00, -9999.00
59, 5, LOC_CITY_NAME_PORTO_ALEGRE, 4.00, -9999.00, 625.52, -9999.00, -9999.00, -9999.00, -9999.00, -9999.00, -9999.00, -9999.00, -9999.00
59, 5, LOC_CITY_NAME_NURI, 3.00, -9999.00, -9999.00, -9999.00, 0.00, -9999.00, -9999.00, -9999.00, -9999.00, -9999.00, -9999.00
59, 5, LOC_CITY_NAME_MAINZ, 4.00, -9999.00, 625.52, 136.72, -9999.00, -9999.00, -9999.00, -9999.00, -9999.00, -9999.00, -9999.00
59, 5, LOC_CITY_NAME_YEREVAN, -9999.00, -9999.00, -9999.00, -9999.00, -9999.00, -9999.00, -9999.00, -9999.00, 0.00, -9999.00, -9999.00
59, 5, LOC_CITY_NAME_HATTUSA, -9999.00, -9999.00, -9999.00, -9999.00, -9999.00, -9999.00, -9999.00, -9999.00, 0.00, -9999.00, -9999.00
59, 5, LOC_CITY_CAN_THO, 4.00, -9999.00, -9999.00, -9999.00, -9999.00, -9999.00, -9999.00, -9999.00, -9999.00, -9999.00, -9999.00
59, 5, LOC_CITY_NAME_SHEDET, 3.00, -9999.00, 119.89, -9999.00, -9999.00, -9999.00, -9999.00, -9999.00, -9999.00, -9999.00, -9999.00
59, 5, LOC_CITY_NAME_SETIA, 4.00, -9999.00, -9999.00, -9999.00, -9999.00, -9999.00, -9999.00, -9999.00, -9999.00, -9999.00, -9999.00
59, 5, LOC_CITY_NAME_VILNIUS, 4.00, -9999.00, -9999.00, -9999.00, -9999.00, -9999.00, -9999.00, -9999.00, -9999.00, -9999.00, -9999.00
59, 5, LOC_CITY_NAME_NEKHEN, 3.00, -9999.00, 119.89, -9999.00, -9999.00, 288.04, -9999.00, -9999.00, -9999.00, -9999.00, 1745.66
59, 5, LOC_CITY_NAME_RA_KEDET, 3.00, -9999.00, 119.89, -9999.00, -9999.00, 216.04, -9999.00, -9999.00, -9999.00, -9999.00, 2873.36
59, 5, LOC_CITY_NAME_BERLIN, 4.00, -9999.00, -9999.00, -9999.00, -9999.00, -9999.00, -9999.00, -9999.00, -9999.00, -9999.00, -9999.00
59, 5, LOC_CITY_NAME_CHENNAI, 3.00, -9999.00, 625.52, -9999.00, -9999.00, 313.84, -9999.00, -9999.00, -9999.00, -9999.00, 3015.58
59, 5, LOC_CITY_NAME_BUENOS_AIRES, -9999.00, -9999.00, -9999.00, -9999.00, -9999.00, -9999.00, -9999.00, -9999.00, 0.00, -9999.00, -9999.00
59, 5, LOC_CITY_NAME_KURGUS, 3.00, -9999.00, -9999.00, -9999.00, -9999.00, -9999.00, -9999.00, -9999.00, -9999.00, -9999.00, 0.00
59, 6, LOC_CITY_NAME_PELLA, 2.00, -9999.00, -9999.00, -9999.00, 115.94, 137.91, -9999.00, -9999.00, -9999.00, -9999.00, -9999.00
59, 6, LOC_CITY_NAME_RIO_DE_JANEIRO, -9999.00, -9999.00, -9999.00, -9999.00, -9999.00, -9999.00, -9999.00, -9999.00, -9999.00, -9999.00, -9999.00
59, 6, LOC_CITY_NAME_ROME, 2.00, -9999.00, 0.00, -9999.00, -9999.00, -9999.00, -9999.00, -9999.00, -9999.00, -9999.00, -9999.00
59, 6, LOC_CITY_HA_NOI, 2.00, -9999.00, 402.25, -9999.00, -9999.00, -9999.00, -9999.00, -9999.00, -9999.00, -9999.00, -9999.00
59, 6, LOC_CITY_NAME_AACHEN, 2.00, -9999.00, 402.25, -9999.00, -9999.00, -9999.00, -9999.00, -9999.00, -9999.00, -9999.00, -9999.00
59, 6, LOC_CITY_HUE, 2.00, -9999.00, -9999.00, -9999.00, -9999.00, -9999.00, -9999.00, -9999.00, -9999.00, -9999.00, -9999.00
59, 6, LOC_CITY_NAME_ALEXANDRIA_TROAS, 2.00, -9999.00, 402.25, -9999.00, -9999.00, -9999.00, -9999.00, -9999.00, -9999.00, -9999.00, -9999.00
59, 6, LOC_CITY_NAME_SAO_PAULO, -9999.00, -9999.00, -9999.00, -9999.00, -9999.00, -9999.00, -9999.00, -9999.00, -9999.00, -9999.00, -9999.00
59, 6, LOC_CITY_NAME_ARRETIUM, 2.00, -9999.00, 0.00, -9999.00, 115.94, -9999.00, -9999.00, -9999.00, -9999.00, -9999.00, -9999.00
59, 6, LOC_CITY_QUANG_TRI, 2.00, -9999.00, 402.25, -9999.00, 115.94, -9999.00, -9999.00, -9999.00, -9999.00, -9999.00, -9999.00
59, 6, LOC_CITY_NAME_MAGDEBURG, 2.00, -9999.00, 402.25, 461.91, -9999.00, -9999.00, -9999.00, -9999.00, -9999.00, -9999.00, -9999.00
59, 6, LOC_CITY_NAME_ARPINUM, 2.00, -9999.00, 0.00, -9999.00, -9999.00, -9999.00, -9999.00, -9999.00, -9999.00, -9999.00, -9999.00
59, 6, LOC_CITY_NAME_CHALKIDIKI, 2.00, -9999.00, 402.25, -9999.00, -9999.00, -9999.00, -9999.00, -9999.00, -9999.00, -9999.00, -9999.00
59, 6, LOC_CITY_NAME_FORTALEZA, -9999.00, -9999.00, -9999.00, -9999.00, -9999.00, -9999.00, -9999.00, -9999.00, -9999.00, -9999.00, -9999.00
59, 6, LOC_CITY_NAME_COLOGNE, 2.00, -9999.00, 402.25, 461.91, 0.00, -9999.00, -9999.00, -9999.00, -9999.00, -9999.00, -9999.00
59, 6, LOC_CITY_NAME_KERMA, 3.00, -9999.00, 402.25, -9999.00, 115.94, -9999.00, -9999.00, -9999.00, -9999.00, -9999.00, 3069.73
59, 6, LOC_CITY_HOI_AN, 2.00, -9999.00, -9999.00, -9999.00, -9999.00, -9999.00, -9999.00, -9999.00, -9999.00, -9999.00, -9999.00
59, 6, LOC_CITY_NAME_LUGDUNUM, 2.00, -9999.00, -9999.00, -9999.00, -9999.00, -9999.00, -9999.00, -9999.00, -9999.00, -9999.00, -9999.00
59, 6, LOC_CITY_NAME_BABYLON_STK, 1.00, -9999.00, 402.25, -9999.00, -9999.00, -9999.00, -9999.00, -9999.00, -9999.00, -9999.00, 2573.38
59, 6, LOC_CITY_NAME_ALEXANDRIA_LATMUS, 2.00, -9999.00, 402.25, -9999.00, -9999.00, -9999.00, -9999.00, -9999.00, -9999.00, -9999.00, -9999.00
59, 6, LOC_CITY_NAME_PATNA, 1.00, -9999.00, -9999.00, 461.91, -9999.00, 329.28, -9999.00, -9999.00, -9999.00, -9999.00, 2720.55
59, 6, LOC_CITY_NAME_CURITIBA, -9999.00, -9999.00, -9999.00, -9999.00, -9999.00, -9999.00, -9999.00, -9999.00, -9999.00, -9999.00, -9999.00
59, 6, LOC_CITY_NAME_LISBON, -9999.00, -9999.00, -9999.00, -9999.00, -9999.00, -9999.00, -9999.00, -9999.00, 0.00, -9999.00, -9999.00
59, 6, LOC_CITY_NAME_SWENETT, 1.00, -9999.00, 402.25, -9999.00, -9999.00, 294.25, -9999.00, -9999.00, -9999.00, -9999.00, 1513.86
59, 6, LOC_CITY_NAME_BORSIPPA, 1.00, -9999.00, 402.25, -9999.00, 115.94, 436.74, -9999.00, -9999.00, -9999.00, -9999.00, 0.00
59, 6, LOC_CITY_NAME_KARKAR, 1.00, -9999.00, 402.25, -9999.00, -9999.00, 306.64, -9999.00, -9999.00, -9999.00, -9999.00, -24.60
59, 6, LOC_CITY_NAME_CUMAE, 2.00, -9999.00, -9999.00, -9999.00, -9999.00, -9999.00, -9999.00, -9999.00, -9999.00, -9999.00, -9999.00
59, 6, LOC_CITY_NAME_MEROE, 3.00, -9999.00, 402.25, -9999.00, 0.00, 651.94, -9999.00, -9999.00, -9999.00, -9999.00, 3649.03
59, 6, LOC_CITY_NAME_KUMASI, -9999.00, -9999.00, -9999.00, -9999.00, -9999.00, -9999.00, -9999.00, -9999.00, 0.00, -9999.00, -9999.00
59, 6, LOC_CITY_NAME_MEMPHIS, 1.00, -9999.00, 402.25, -9999.00, -9999.00, 217.56, -9999.00, -9999.00, -9999.00, -9999.00, 1461.07
59, 6, LOC_CITY_NAME_JOHANNESBURG, -9999.00, -9999.00, -9999.00, -9999.00, -9999.00, -9999.00, -9999.00, -9999.00, 0.00, -9999.00, -9999.00
59, 6, LOC_CITY_HOA_LU, 2.00, -9999.00, -9999.00, -9999.00, -9999.00, -9999.00, -9999.00, -9999.00, -9999.00, -9999.00, -9999.00
59, 6, LOC_CITY_NAME_DORTMUND, 2.00, -9999.00, -9999.00, 461.91, -9999.00, -9999.00, -9999.00, -9999.00, -9999.00, -9999.00, -9999.00
59, 6, LOC_CITY_NAME_FEZ, 2.00, -9999.00, -9999.00, -9999.00, -9999.00, -9999.00, -9999.00, -9999.00, -9999.00, -9999.00, -9999.00
59, 6, LOC_CITY_NAME_KAWA, 3.00, -9999.00, 402.25, -9999.00, -9999.00, 320.95, -9999.00, -9999.00, -9999.00, -9999.00, 1521.41
59, 6, LOC_CITY_NAME_JERUSALEM, -9999.00, -9999.00, -9999.00, -9999.00, -9999.00, -9999.00, -9999.00, -9999.00, -9999.00, -9999.00, -9999.00
59, 6, LOC_CITY_NAME_SALVADOR, -9999.00, -9999.00, -9999.00, -9999.00, -9999.00, -9999.00, -9999.00, -9999.00, -9999.00, -9999.00, -9999.00
59, 6, LOC_CITY_NAME_EL_KURRU, 3.00, -9999.00, 402.25, -9999.00, -9999.00, 176.54, -9999.00, -9999.00, -9999.00, -9999.00, 0.00
59, 6, LOC_CITY_NAME_VATICAN_CITY, -9999.00, -9999.00, -9999.00, -9999.00, -9999.00, -9999.00, -9999.00, -9999.00, 0.00, -9999.00, -9999.00
59, 6, LOC_CITY_NAME_PRESLAV, -9999.00, -9999.00, -9999.00, -9999.00, -9999.00, -9999.00, -9999.00, -9999.00, 0.00, -9999.00, -9999.00
59, 6, LOC_CITY_NAME_HEIDELBERG, 2.00, -9999.00, -9999.00, -9999.00, -9999.00, -9999.00, -9999.00, -9999.00, -9999.00, -9999.00, -9999.00
59, 6, LOC_CITY_NAME_METHONE, 2.00, -9999.00, -9999.00, -9999.00, -9999.00, -9999.00, -9999.00, -9999.00, -9999.00, -9999.00, -9999.00
59, 6, LOC_CITY_NAME_AKHETATEN, 1.00, -9999.00, 402.25, -9999.00, -9999.00, 191.43, -9999.00, -9999.00, -9999.00, -9999.00, 971.18
59, 6, LOC_CITY_NAME_BABYLON, -9999.00, -9999.00, -9999.00, -9999.00, -9999.00, -9999.00, -9999.00, -9999.00, 0.00, -9999.00, -9999.00
59, 6, LOC_CITY_NAME_QASR_IBRIM, 3.00, -9999.00, 402.25, -9999.00, -9999.00, 92.91, -9999.00, -9999.00, -9999.00, -9999.00, 200.00
59, 6, LOC_CITY_NAME_HEH, 3.00, -9999.00, -9999.00, -9999.00, -9999.00, 241.59, -9999.00, -9999.00, -9999.00, -9999.00, -9999.00
59, 6, LOC_CITY_NAME_SHAAT, 3.00, -9999.00, -9999.00, -9999.00, -9999.00, 130.07, -9999.00, -9999.00, -9999.00, -9999.00, -9999.00
59, 6, LOC_CITY_NAME_SEDEINGA, 3.00, -9999.00, 402.25, -9999.00, 115.94, 362.38, -9999.00, -9999.00, -9999.00, -9999.00, -9999.00
59, 6, LOC_CITY_DONG_HOI, 2.00, -9999.00, 402.25, -9999.00, -9999.00, -9999.00, -9999.00, -9999.00, -9999.00, -9999.00, -9999.00
59, 6, LOC_CITY_NAME_BRUNDISIUM, 2.00, -9999.00, -9999.00, -9999.00, -9999.00, -9999.00, -9999.00, -9999.00, -9999.00, -9999.00, -9999.00
59, 6, LOC_CITY_NAME_PORTO_ALEGRE, -9999.00, -9999.00, -9999.00, -9999.00, -9999.00, -9999.00, -9999.00, -9999.00, -9999.00, -9999.00, -9999.00
59, 6, LOC_CITY_NAME_NURI, 3.00, -9999.00, -9999.00, -9999.00, 0.00, -9999.00, -9999.00, -9999.00, -9999.00, -9999.00, -9999.00
59, 6, LOC_CITY_NAME_MAINZ, 2.00, -9999.00, 402.25, 461.91, -9999.00, -9999.00, -9999.00, -9999.00, -9999.00, -9999.00, -9999.00
59, 6, LOC_CITY_NAME_YEREVAN, -9999.00, -9999.00, -9999.00, -9999.00, -9999.00, -9999.00, -9999.00, -9999.00, 0.00, -9999.00, -9999.00
59, 6, LOC_CITY_NAME_HATTUSA, -9999.00, -9999.00, -9999.00, -9999.00, -9999.00, -9999.00, -9999.00, -9999.00, 0.00, -9999.00, -9999.00
59, 6, LOC_CITY_CAN_THO, 2.00, -9999.00, -9999.00, -9999.00, -9999.00, -9999.00, -9999.00, -9999.00, -9999.00, -9999.00, -9999.00
59, 6, LOC_CITY_NAME_SHEDET, 1.00, -9999.00, 402.25, -9999.00, -9999.00, -9999.00, -9999.00, -9999.00, -9999.00, -9999.00, -9999.00
59, 6, LOC_CITY_NAME_SETIA, 2.00, -9999.00, -9999.00, -9999.00, -9999.00, -9999.00, -9999.00, -9999.00, -9999.00, -9999.00, -9999.00
59, 6, LOC_CITY_NAME_VILNIUS, 2.00, -9999.00, -9999.00, -9999.00, -9999.00, -9999.00, -9999.00, -9999.00, -9999.00, -9999.00, -9999.00
59, 6, LOC_CITY_NAME_NEKHEN, 1.00, -9999.00, 402.25, -9999.00, -9999.00, 313.26, -9999.00, -9999.00, -9999.00, -9999.00, 1341.25
59, 6, LOC_CITY_NAME_RA_KEDET, 1.00, -9999.00, 402.25, -9999.00, -9999.00, 234.96, -9999.00, -9999.00, -9999.00, -9999.00, 2316.88
59, 6, LOC_CITY_NAME_BERLIN, 2.00, -9999.00, -9999.00, -9999.00, -9999.00, -9999.00, -9999.00, -9999.00, -9999.00, -9999.00, -9999.00
59, 6, LOC_CITY_NAME_CHENNAI, 1.00, -9999.00, 402.25, -9999.00, -9999.00, 341.32, -9999.00, -9999.00, -9999.00, -9999.00, 2290.38
59, 6, LOC_CITY_NAME_BUENOS_AIRES, -9999.00, -9999.00, -9999.00, -9999.00, -9999.00, -9999.00, -9999.00, -9999.00, 0.00, -9999.00, -9999.00
59, 6, LOC_CITY_NAME_KURGUS, 3.00, -9999.00, -9999.00, -9999.00, -9999.00, -9999.00, -9999.00, -9999.00, -9999.00, -9999.00, 0.00
59, 6, 7929908, UNITOPERATION_SPY_NEUTRALIZE_GOVERNOR, BEGIN, 69:63
59, 7, LOC_CITY_NAME_RIO_DE_JANEIRO, 5.00, -9999.00, -9999.00, -9999.00, 0.00, 236.29, -9999.00, -9999.00, -9999.00, -9999.00, -9999.00
59, 7, LOC_CITY_NAME_PELLA, 3.00, -9999.00, -9999.00, -9999.00, 115.94, 137.91, -9999.00, -9999.00, -9999.00, -9999.00, -9999.00
59, 7, LOC_CITY_NAME_AACHEN, -9999.00, -9999.00, -9999.00, -9999.00, -9999.00, -9999.00, -9999.00, -9999.00, -9999.00, -9999.00, -9999.00
59, 7, LOC_CITY_NAME_ROME, 3.00, -9999.00, -9999.00, -9999.00, -9999.00, -9999.00, -9999.00, -9999.00, -9999.00, -9999.00, -9999.00
59, 7, LOC_CITY_HA_NOI, 5.00, -9999.00, -9999.00, -9999.00, -9999.00, -9999.00, -9999.00, -9999.00, -9999.00, -9999.00, -9999.00
59, 7, LOC_CITY_HUE, 5.00, -9999.00, -9999.00, -9999.00, -9999.00, -9999.00, -9999.00, -9999.00, -9999.00, -9999.00, -9999.00
59, 7, LOC_CITY_NAME_SAO_PAULO, 5.00, -9999.00, -9999.00, 461.91, -9999.00, -9999.00, -9999.00, -9999.00, -9999.00, -9999.00, -9999.00
59, 7, LOC_CITY_NAME_ALEXANDRIA_TROAS, 3.00, -9999.00, 0.00, -9999.00, -9999.00, -9999.00, -9999.00, -9999.00, -9999.00, -9999.00, -9999.00
59, 7, LOC_CITY_NAME_ARRETIUM, 3.00, -9999.00, -9999.00, -9999.00, 115.94, -9999.00, -9999.00, -9999.00, -9999.00, -9999.00, -9999.00
59, 7, LOC_CITY_NAME_MAGDEBURG, -9999.00, -9999.00, -9999.00, -9999.00, -9999.00, -9999.00, -9999.00, -9999.00, -9999.00, -9999.00, -9999.00
59, 7, LOC_CITY_QUANG_TRI, 5.00, -9999.00, -9999.00, -9999.00, 115.94, -9999.00, -9999.00, -9999.00, -9999.00, -9999.00, -9999.00
59, 7, LOC_CITY_NAME_ARPINUM, 3.00, -9999.00, -9999.00, -9999.00, -9999.00, -9999.00, -9999.00, -9999.00, -9999.00, -9999.00, -9999.00
59, 7, LOC_CITY_NAME_FORTALEZA, 5.00, -9999.00, -9999.00, 461.91, -9999.00, -9999.00, -9999.00, -9999.00, -9999.00, -9999.00, -9999.00
59, 7, LOC_CITY_NAME_CHALKIDIKI, 3.00, -9999.00, 0.00, -9999.00, -9999.00, -9999.00, -9999.00, -9999.00, -9999.00, -9999.00, -9999.00
59, 7, LOC_CITY_NAME_COLOGNE, -9999.00, -9999.00, -9999.00, -9999.00, -9999.00, -9999.00, -9999.00, -9999.00, -9999.00, -9999.00, -9999.00
59, 7, LOC_CITY_NAME_KERMA, 4.00, -9999.00, -9999.00, -9999.00, 115.94, -9999.00, -9999.00, -9999.00, -9999.00, -9999.00, 3179.68
59, 7, LOC_CITY_HOI_AN, 5.00, -9999.00, -9999.00, -9999.00, -9999.00, -9999.00, -9999.00, -9999.00, -9999.00, -9999.00, -9999.00
59, 7, LOC_CITY_NAME_LUGDUNUM, 3.00, -9999.00, -9999.00, -9999.00, -9999.00, -9999.00, -9999.00, -9999.00, -9999.00, -9999.00, -9999.00
59, 7, LOC_CITY_NAME_BABYLON_STK, 4.00, -9999.00, -9999.00, -9999.00, -9999.00, -9999.00, -9999.00, -9999.00, -9999.00, -9999.00, 2729.59
59, 7, LOC_CITY_NAME_ALEXANDRIA_LATMUS, 3.00, -9999.00, 0.00, -9999.00, -9999.00, -9999.00, -9999.00, -9999.00, -9999.00, -9999.00, -9999.00
59, 7, LOC_CITY_NAME_PATNA, 2.00, -9999.00, -9999.00, 461.91, -9999.00, 329.28, -9999.00, -9999.00, -9999.00, -9999.00, -9999.00
59, 7, LOC_CITY_NAME_CURITIBA, 5.00, -9999.00, -9999.00, 461.91, -9999.00, -9999.00, -9999.00, -9999.00, -9999.00, -9999.00, -9999.00
59, 7, LOC_CITY_NAME_LISBON, -9999.00, -9999.00, -9999.00, -9999.00, -9999.00, -9999.00, -9999.00, -9999.00, 0.00, -9999.00, -9999.00
59, 7, LOC_CITY_NAME_SWENETT, 2.00, -9999.00, -9999.00, -9999.00, -9999.00, 294.25, -9999.00, -9999.00, -9999.00, -9999.00, 1566.99
59, 7, LOC_CITY_NAME_BORSIPPA, 4.00, -9999.00, -9999.00, -9999.00, 115.94, 436.74, -9999.00, -9999.00, -9999.00, -9999.00, 0.00
59, 7, LOC_CITY_NAME_KARKAR, 4.00, -9999.00, -9999.00, -9999.00, -9999.00, 306.64, -9999.00, -9999.00, -9999.00, -9999.00, -19.32
59, 7, LOC_CITY_NAME_CUMAE, 3.00, -9999.00, -9999.00, -9999.00, -9999.00, -9999.00, -9999.00, -9999.00, -9999.00, -9999.00, -9999.00
59, 7, LOC_CITY_NAME_MEROE, 4.00, -9999.00, -9999.00, -9999.00, 0.00, 651.94, -9999.00, -9999.00, -9999.00, -9999.00, 3723.98
59, 7, LOC_CITY_NAME_KUMASI, -9999.00, -9999.00, -9999.00, -9999.00, -9999.00, -9999.00, -9999.00, -9999.00, 0.00, -9999.00, -9999.00
59, 7, LOC_CITY_NAME_MEMPHIS, 2.00, -9999.00, -9999.00, -9999.00, -9999.00, 217.56, -9999.00, -9999.00, -9999.00, -9999.00, 1601.98
59, 7, LOC_CITY_NAME_JOHANNESBURG, -9999.00, -9999.00, -9999.00, -9999.00, -9999.00, -9999.00, -9999.00, -9999.00, 0.00, -9999.00, -9999.00
59, 7, LOC_CITY_NAME_DORTMUND, -9999.00, -9999.00, -9999.00, -9999.00, -9999.00, -9999.00, -9999.00, -9999.00, -9999.00, -9999.00, -9999.00
59, 7, LOC_CITY_HOA_LU, 5.00, -9999.00, -9999.00, -9999.00, -9999.00, -9999.00, -9999.00, -9999.00, -9999.00, -9999.00, -9999.00
59, 7, LOC_CITY_NAME_FEZ, 3.00, -9999.00, -9999.00, -9999.00, -9999.00, -9999.00, -9999.00, -9999.00, -9999.00, -9999.00, -9999.00
59, 7, LOC_CITY_NAME_KAWA, 4.00, -9999.00, -9999.00, -9999.00, -9999.00, 320.95, -9999.00, -9999.00, -9999.00, -9999.00, 1746.83
59, 7, LOC_CITY_NAME_JERUSALEM, 5.00, -9999.00, -9999.00, -9999.00, -9999.00, -9999.00, -9999.00, -9999.00, -9999.00, -9999.00, -9999.00
59, 7, LOC_CITY_NAME_SALVADOR, 5.00, -9999.00, -9999.00, -9999.00, -9999.00, -9999.00, -9999.00, -9999.00, -9999.00, -9999.00, -9999.00
59, 7, LOC_CITY_NAME_EL_KURRU, 4.00, -9999.00, -9999.00, -9999.00, -9999.00, 176.54, -9999.00, -9999.00, -9999.00, -9999.00, 0.00
59, 7, LOC_CITY_NAME_VATICAN_CITY, -9999.00, -9999.00, -9999.00, -9999.00, -9999.00, -9999.00, -9999.00, -9999.00, 0.00, -9999.00, -9999.00
59, 7, LOC_CITY_NAME_PRESLAV, -9999.00, -9999.00, -9999.00, -9999.00, -9999.00, -9999.00, -9999.00, -9999.00, 0.00, -9999.00, -9999.00
59, 7, LOC_CITY_NAME_HEIDELBERG, -9999.00, -9999.00, -9999.00, -9999.00, -9999.00, -9999.00, -9999.00, -9999.00, -9999.00, -9999.00, -9999.00
59, 7, LOC_CITY_NAME_METHONE, 3.00, -9999.00, -9999.00, -9999.00, -9999.00, -9999.00, -9999.00, -9999.00, -9999.00, -9999.00, -9999.00
59, 7, LOC_CITY_NAME_AKHETATEN, 2.00, -9999.00, -9999.00, -9999.00, -9999.00, 191.43, -9999.00, -9999.00, -9999.00, -9999.00, 1038.55
59, 7, LOC_CITY_NAME_BABYLON, -9999.00, -9999.00, -9999.00, -9999.00, -9999.00, -9999.00, -9999.00, -9999.00, 0.00, -9999.00, -9999.00
59, 7, LOC_CITY_NAME_QASR_IBRIM, 4.00, -9999.00, -9999.00, -9999.00, -9999.00, 92.91, -9999.00, -9999.00, -9999.00, -9999.00, 200.00
59, 7, LOC_CITY_NAME_HEH, 4.00, -9999.00, -9999.00, -9999.00, -9999.00, 241.59, -9999.00, -9999.00, -9999.00, -9999.00, -9999.00
59, 7, LOC_CITY_NAME_SHAAT, 4.00, -9999.00, -9999.00, -9999.00, -9999.00, 130.07, -9999.00, -9999.00, -9999.00, -9999.00, -9999.00
59, 7, LOC_CITY_NAME_SEDEINGA, 4.00, -9999.00, -9999.00, -9999.00, 115.94, 362.38, -9999.00, -9999.00, -9999.00, -9999.00, -9999.00
59, 7, LOC_CITY_DONG_HOI, 5.00, -9999.00, -9999.00, -9999.00, -9999.00, -9999.00, -9999.00, -9999.00, -9999.00, -9999.00, -9999.00
59, 7, LOC_CITY_NAME_BRUNDISIUM, 3.00, -9999.00, -9999.00, -9999.00, -9999.00, -9999.00, -9999.00, -9999.00, -9999.00, -9999.00, -9999.00
59, 7, LOC_CITY_NAME_PORTO_ALEGRE, 5.00, -9999.00, -9999.00, -9999.00, -9999.00, -9999.00, -9999.00, -9999.00, -9999.00, -9999.00, -9999.00
59, 7, LOC_CITY_NAME_MAINZ, -9999.00, -9999.00, -9999.00, -9999.00, -9999.00, -9999.00, -9999.00, -9999.00, -9999.00, -9999.00, -9999.00
59, 7, LOC_CITY_NAME_NURI, 4.00, -9999.00, -9999.00, -9999.00, 0.00, -9999.00, -9999.00, -9999.00, -9999.00, -9999.00, -9999.00
59, 7, LOC_CITY_NAME_YEREVAN, -9999.00, -9999.00, -9999.00, -9999.00, -9999.00, -9999.00, -9999.00, -9999.00, 0.00, -9999.00, -9999.00
59, 7, LOC_CITY_NAME_HATTUSA, -9999.00, -9999.00, -9999.00, -9999.00, -9999.00, -9999.00, -9999.00, -9999.00, 0.00, -9999.00, -9999.00
59, 7, LOC_CITY_CAN_THO, 5.00, -9999.00, -9999.00, -9999.00, -9999.00, -9999.00, -9999.00, -9999.00, -9999.00, -9999.00, -9999.00
59, 7, LOC_CITY_NAME_SHEDET, 2.00, -9999.00, -9999.00, -9999.00, -9999.00, -9999.00, -9999.00, -9999.00, -9999.00, -9999.00, -9999.00
59, 7, LOC_CITY_NAME_SETIA, 3.00, -9999.00, -9999.00, -9999.00, -9999.00, -9999.00, -9999.00, -9999.00, -9999.00, -9999.00, -9999.00
59, 7, LOC_CITY_NAME_VILNIUS, 5.00, -9999.00, -9999.00, -9999.00, -9999.00, -9999.00, -9999.00, -9999.00, -9999.00, -9999.00, -9999.00
59, 7, LOC_CITY_NAME_NEKHEN, 2.00, -9999.00, -9999.00, -9999.00, -9999.00, 313.26, -9999.00, -9999.00, -9999.00, -9999.00, 1500.44
59, 7, LOC_CITY_NAME_RA_KEDET, 2.00, -9999.00, -9999.00, -9999.00, -9999.00, 234.96, -9999.00, -9999.00, -9999.00, -9999.00, 2370.37
59, 7, LOC_CITY_NAME_BERLIN, -9999.00, -9999.00, -9999.00, -9999.00, -9999.00, -9999.00, -9999.00, -9999.00, -9999.00, -9999.00, -9999.00
59, 7, LOC_CITY_NAME_CHENNAI, 2.00, -9999.00, -9999.00, -9999.00, -9999.00, 341.32, -9999.00, -9999.00, -9999.00, -9999.00, 2672.97
59, 7, LOC_CITY_NAME_BUENOS_AIRES, -9999.00, -9999.00, -9999.00, -9999.00, -9999.00, -9999.00, -9999.00, -9999.00, 0.00, -9999.00, -9999.00
59, 7, LOC_CITY_NAME_KURGUS, 4.00, -9999.00, -9999.00, -9999.00, -9999.00, -9999.00, -9999.00, -9999.00, -9999.00, -9999.00, 0.00
59, 7, LOC_CITY_NAME_CALCUTTA, 2.00, -9999.00, -9999.00, -9999.00, -9999.00, 287.48, -9999.00, -9999.00, -9999.00, -9999.00, -9999.00
59, 8, LOC_CITY_NAME_AACHEN, 1.00, -9999.00, 0.00, 211.91, -9999.00, -9999.00, -9999.00, -9999.00, -9999.00, -9999.00, -9999.00
59, 8, LOC_CITY_NAME_RIO_DE_JANEIRO, 3.00, -9999.00, -9999.00, -9999.00, 0.00, 236.29, -9999.00, -9999.00, -9999.00, -9999.00, -9999.00
59, 8, LOC_CITY_NAME_PELLA, 1.00, -9999.00, -9999.00, -9999.00, 115.94, 137.91, -9999.00, -9999.00, -9999.00, -9999.00, -9999.00
59, 8, LOC_CITY_HA_NOI, -9999.00, -9999.00, -9999.00, -9999.00, -9999.00, -9999.00, -9999.00, -9999.00, -9999.00, -9999.00, -9999.00
59, 8, LOC_CITY_NAME_ROME, 1.00, -9999.00, -9999.00, -9999.00, -9999.00, -9999.00, -9999.00, -9999.00, -9999.00, -9999.00, -9999.00
59, 8, LOC_CITY_HUE, -9999.00, -9999.00, -9999.00, -9999.00, -9999.00, -9999.00, -9999.00, -9999.00, -9999.00, -9999.00, -9999.00
59, 8, LOC_CITY_NAME_SAO_PAULO, 3.00, -9999.00, -9999.00, 211.91, -9999.00, -9999.00, -9999.00, -9999.00, -9999.00, -9999.00, -9999.00
59, 8, LOC_CITY_NAME_ALEXANDRIA_TROAS, 1.00, -9999.00, 0.00, -9999.00, -9999.00, -9999.00, -9999.00, -9999.00, -9999.00, -9999.00, -9999.00
59, 8, LOC_CITY_NAME_ARRETIUM, 1.00, -9999.00, -9999.00, -9999.00, 115.94, -9999.00, -9999.00, -9999.00, -9999.00, -9999.00, -9999.00
59, 8, LOC_CITY_NAME_MAGDEBURG, 1.00, -9999.00, 0.00, 211.91, -9999.00, -9999.00, -9999.00, -9999.00, -9999.00, -9999.00, -9999.00
59, 8, LOC_CITY_QUANG_TRI, -9999.00, -9999.00, -9999.00, -9999.00, -9999.00, -9999.00, -9999.00, -9999.00, -9999.00, -9999.00, -9999.00
59, 8, LOC_CITY_NAME_ARPINUM, 1.00, -9999.00, -9999.00, -9999.00, -9999.00, -9999.00, -9999.00, -9999.00, -9999.00, -9999.00, -9999.00
59, 8, LOC_CITY_NAME_FORTALEZA, 3.00, -9999.00, -9999.00, 211.91, -9999.00, -9999.00, -9999.00, -9999.00, -9999.00, -9999.00, -9999.00
59, 8, LOC_CITY_NAME_CHALKIDIKI, 1.00, -9999.00, 0.00, -9999.00, -9999.00, -9999.00, -9999.00, -9999.00, -9999.00, -9999.00, -9999.00
59, 8, LOC_CITY_NAME_COLOGNE, 1.00, -9999.00, 0.00, 211.91, 0.00, -9999.00, -9999.00, -9999.00, -9999.00, -9999.00, -9999.00
59, 8, LOC_CITY_HOI_AN, -9999.00, -9999.00, -9999.00, -9999.00, -9999.00, -9999.00, -9999.00, -9999.00, -9999.00, -9999.00, -9999.00
59, 8, LOC_CITY_NAME_KERMA, 3.00, -9999.00, 0.00, -9999.00, 115.94, -9999.00, -9999.00, -9999.00, -9999.00, -9999.00, 3083.92
59, 8, LOC_CITY_NAME_LUGDUNUM, 1.00, -9999.00, -9999.00, -9999.00, -9999.00, -9999.00, -9999.00, -9999.00, -9999.00, -9999.00, -9999.00
59, 8, LOC_CITY_NAME_BABYLON_STK, 1.00, -9999.00, 0.00, -9999.00, -9999.00, -9999.00, -9999.00, -9999.00, -9999.00, -9999.00, 2598.83
59, 8, LOC_CITY_NAME_ALEXANDRIA_LATMUS, 1.00, -9999.00, 0.00, -9999.00, -9999.00, -9999.00, -9999.00, -9999.00, -9999.00, -9999.00, -9999.00
59, 8, LOC_CITY_NAME_PATNA, 1.00, -9999.00, -9999.00, 211.91, -9999.00, 329.28, -9999.00, -9999.00, -9999.00, -9999.00, 2621.84
59, 8, LOC_CITY_NAME_CURITIBA, 3.00, -9999.00, -9999.00, 211.91, -9999.00, -9999.00, -9999.00, -9999.00, -9999.00, -9999.00, -9999.00
59, 8, LOC_CITY_NAME_LISBON, -9999.00, -9999.00, -9999.00, -9999.00, -9999.00, -9999.00, -9999.00, -9999.00, 0.00, -9999.00, -9999.00
59, 8, LOC_CITY_NAME_SWENETT, 1.00, -9999.00, 0.00, -9999.00, -9999.00, 294.25, -9999.00, -9999.00, -9999.00, -9999.00, 1513.13
59, 8, LOC_CITY_NAME_BORSIPPA, 1.00, -9999.00, 0.00, -9999.00, 115.94, 436.74, -9999.00, -9999.00, -9999.00, -9999.00, 0.00
59, 8, LOC_CITY_NAME_KARKAR, 1.00, -9999.00, 0.00, -9999.00, -9999.00, 306.64, -9999.00, -9999.00, -9999.00, -9999.00, -22.77
59, 8, LOC_CITY_NAME_CUMAE, 1.00, -9999.00, -9999.00, -9999.00, -9999.00, -9999.00, -9999.00, -9999.00, -9999.00, -9999.00, -9999.00
59, 8, LOC_CITY_NAME_MEROE, 3.00, -9999.00, 0.00, -9999.00, 0.00, 651.94, -9999.00, -9999.00, -9999.00, -9999.00, 3637.50
59, 8, LOC_CITY_NAME_KUMASI, -9999.00, -9999.00, -9999.00, -9999.00, -9999.00, -9999.00, -9999.00, -9999.00, 0.00, -9999.00, -9999.00
59, 8, LOC_CITY_NAME_MEMPHIS, 1.00, -9999.00, 0.00, -9999.00, -9999.00, 217.56, -9999.00, -9999.00, -9999.00, -9999.00, 1544.38
59, 8, LOC_CITY_NAME_JOHANNESBURG, -9999.00, -9999.00, -9999.00, -9999.00, -9999.00, -9999.00, -9999.00, -9999.00, 0.00, -9999.00, -9999.00
59, 8, LOC_CITY_NAME_DORTMUND, 1.00, -9999.00, -9999.00, 211.91, -9999.00, -9999.00, -9999.00, -9999.00, -9999.00, -9999.00, -9999.00
59, 8, LOC_CITY_HOA_LU, -9999.00, -9999.00, -9999.00, -9999.00, -9999.00, -9999.00, -9999.00, -9999.00, -9999.00, -9999.00, -9999.00
59, 8, LOC_CITY_NAME_FEZ, 1.00, -9999.00, -9999.00, -9999.00, -9999.00, -9999.00, -9999.00, -9999.00, -9999.00, -9999.00, -9999.00
59, 8, LOC_CITY_NAME_KAWA, 3.00, -9999.00, 0.00, -9999.00, -9999.00, 320.95, -9999.00, -9999.00, -9999.00, -9999.00, 1645.22
59, 8, LOC_CITY_NAME_JERUSALEM, 3.00, -9999.00, -9999.00, -9999.00, -9999.00, -9999.00, -9999.00, -9999.00, -9999.00, -9999.00, -9999.00
59, 8, LOC_CITY_NAME_SALVADOR, 3.00, -9999.00, -9999.00, -9999.00, -9999.00, -9999.00, -9999.00, -9999.00, -9999.00, -9999.00, -9999.00
59, 8, LOC_CITY_NAME_EL_KURRU, 3.00, -9999.00, 0.00, -9999.00, -9999.00, 176.54, -9999.00, -9999.00, -9999.00, -9999.00, 0.00
59, 8, LOC_CITY_NAME_VATICAN_CITY, -9999.00, -9999.00, -9999.00, -9999.00, -9999.00, -9999.00, -9999.00, -9999.00, 0.00, -9999.00, -9999.00
59, 8, LOC_CITY_NAME_HEIDELBERG, 1.00, -9999.00, -9999.00, -9999.00, -9999.00, -9999.00, -9999.00, -9999.00, -9999.00, -9999.00, -9999.00
59, 8, LOC_CITY_NAME_PRESLAV, -9999.00, -9999.00, -9999.00, -9999.00, -9999.00, -9999.00, -9999.00, -9999.00, 0.00, -9999.00, -9999.00
59, 8, LOC_CITY_NAME_METHONE, 1.00, -9999.00, -9999.00, -9999.00, -9999.00, -9999.00, -9999.00, -9999.00, -9999.00, -9999.00, -9999.00
59, 8, LOC_CITY_NAME_AKHETATEN, 1.00, -9999.00, 0.00, -9999.00, -9999.00, 191.43, -9999.00, -9999.00, -9999.00, -9999.00, 989.77
59, 8, LOC_CITY_NAME_BABYLON, -9999.00, -9999.00, -9999.00, -9999.00, -9999.00, -9999.00, -9999.00, -9999.00, 0.00, -9999.00, -9999.00
59, 8, LOC_CITY_NAME_QASR_IBRIM, 3.00, -9999.00, 0.00, -9999.00, -9999.00, 92.91, -9999.00, -9999.00, -9999.00, -9999.00, 200.00
59, 8, LOC_CITY_NAME_HEH, 3.00, -9999.00, -9999.00, -9999.00, -9999.00, 241.59, -9999.00, -9999.00, -9999.00, -9999.00, -9999.00
59, 8, LOC_CITY_DONG_HOI, -9999.00, -9999.00, -9999.00, -9999.00, -9999.00, -9999.00, -9999.00, -9999.00, -9999.00, -9999.00, -9999.00
59, 8, LOC_CITY_NAME_SHAAT, 3.00, -9999.00, -9999.00, -9999.00, -9999.00, 130.07, -9999.00, -9999.00, -9999.00, -9999.00, -9999.00
59, 8, LOC_CITY_NAME_SEDEINGA, 3.00, -9999.00, 0.00, -9999.00, 115.94, 362.38, -9999.00, -9999.00, -9999.00, -9999.00, -9999.00
59, 8, LOC_CITY_NAME_BRUNDISIUM, 1.00, -9999.00, -9999.00, -9999.00, -9999.00, -9999.00, -9999.00, -9999.00, -9999.00, -9999.00, -9999.00
59, 8, LOC_CITY_NAME_PORTO_ALEGRE, 3.00, -9999.00, -9999.00, -9999.00, -9999.00, -9999.00, -9999.00, -9999.00, -9999.00, -9999.00, -9999.00
59, 8, LOC_CITY_NAME_MAINZ, 1.00, -9999.00, 0.00, -9999.00, -9999.00, -9999.00, -9999.00, -9999.00, -9999.00, -9999.00, -9999.00
59, 8, LOC_CITY_NAME_NURI, 3.00, -9999.00, -9999.00, -9999.00, 0.00, -9999.00, -9999.00, -9999.00, -9999.00, -9999.00, -9999.00
59, 8, LOC_CITY_NAME_YEREVAN, -9999.00, -9999.00, -9999.00, -9999.00, -9999.00, -9999.00, -9999.00, -9999.00, 0.00, -9999.00, -9999.00
59, 8, LOC_CITY_NAME_HATTUSA, -9999.00, -9999.00, -9999.00, -9999.00, -9999.00, -9999.00, -9999.00, -9999.00, 0.00, -9999.00, -9999.00
59, 8, LOC_CITY_CAN_THO, -9999.00, -9999.00, -9999.00, -9999.00, -9999.00, -9999.00, -9999.00, -9999.00, -9999.00, -9999.00, -9999.00
59, 8, LOC_CITY_NAME_SHEDET, 1.00, -9999.00, 0.00, -9999.00, -9999.00, -9999.00, -9999.00, -9999.00, -9999.00, -9999.00, -9999.00
59, 8, LOC_CITY_NAME_VILNIUS, -9999.00, -9999.00, -9999.00, -9999.00, -9999.00, -9999.00, -9999.00, -9999.00, -9999.00, -9999.00, -9999.00
59, 8, LOC_CITY_NAME_SETIA, 1.00, -9999.00, -9999.00, -9999.00, -9999.00, -9999.00, -9999.00, -9999.00, -9999.00, -9999.00, -9999.00
59, 8, LOC_CITY_NAME_BERLIN, 1.00, -9999.00, -9999.00, -9999.00, -9999.00, -9999.00, -9999.00, -9999.00, -9999.00, -9999.00, -9999.00
59, 8, LOC_CITY_NAME_NEKHEN, 1.00, -9999.00, 0.00, -9999.00, -9999.00, 313.26, -9999.00, -9999.00, -9999.00, -9999.00, 1420.49
59, 8, LOC_CITY_NAME_RA_KEDET, 1.00, -9999.00, 0.00, -9999.00, -9999.00, 234.96, -9999.00, -9999.00, -9999.00, -9999.00, 2317.09
59, 8, LOC_CITY_NAME_CHENNAI, 1.00, -9999.00, 0.00, -9999.00, -9999.00, 341.32, -9999.00, -9999.00, -9999.00, -9999.00, 2488.88
59, 8, LOC_CITY_NAME_BUENOS_AIRES, -9999.00, -9999.00, -9999.00, -9999.00, -9999.00, -9999.00, -9999.00, -9999.00, 0.00, -9999.00, -9999.00
59, 8, LOC_CITY_NAME_KURGUS, 3.00, -9999.00, -9999.00, -9999.00, -9999.00, -9999.00, -9999.00, -9999.00, -9999.00, -9999.00, 0.00
59, 8, LOC_CITY_NAME_CALCUTTA, 1.00, -9999.00, -9999.00, -9999.00, -9999.00, 287.48, -9999.00, -9999.00, -9999.00, -9999.00, -9999.00
59, 9, LOC_CITY_HA_NOI, 5.00, -9999.00, 427.44, -9999.00, -9999.00, -9999.00, -9999.00, -9999.00, -9999.00, -9999.00, -9999.00
59, 9, LOC_CITY_NAME_AACHEN, 4.00, -9999.00, 427.44, 149.41, -9999.00, -9999.00, -9999.00, -9999.00, -9999.00, -9999.00, -9999.00
59, 9, LOC_CITY_NAME_RIO_DE_JANEIRO, 4.00, -9999.00, 0.00, -9999.00, 0.00, 242.79, -9999.00, -9999.00, -9999.00, -9999.00, -9999.00
59, 9, LOC_CITY_NAME_PELLA, 2.00, -9999.00, -9999.00, -9999.00, 115.94, 141.70, -9999.00, -9999.00, -9999.00, -9999.00, -9999.00
59, 9, LOC_CITY_NAME_ROME, -9999.00, -9999.00, -9999.00, -9999.00, -9999.00, -9999.00, -9999.00, -9999.00, -9999.00, -9999.00, -9999.00
59, 9, LOC_CITY_HUE, 5.00, -9999.00, -9999.00, -9999.00, -9999.00, -9999.00, -9999.00, -9999.00, -9999.00, -9999.00, -9999.00
59, 9, LOC_CITY_NAME_SAO_PAULO, 4.00, -9999.00, 0.00, 149.41, -9999.00, -9999.00, -9999.00, -9999.00, -9999.00, -9999.00, -9999.00
59, 9, LOC_CITY_NAME_ALEXANDRIA_TROAS, 2.00, -9999.00, 427.44, -9999.00, -9999.00, -9999.00, -9999.00, -9999.00, -9999.00, -9999.00, -9999.00
59, 9, LOC_CITY_NAME_ARRETIUM, -9999.00, -9999.00, -9999.00, -9999.00, -9999.00, -9999.00, -9999.00, -9999.00, -9999.00, -9999.00, -9999.00
59, 9, LOC_CITY_QUANG_TRI, 5.00, -9999.00, 427.44, -9999.00, 115.94, -9999.00, -9999.00, -9999.00, -9999.00, -9999.00, -9999.00
59, 9, LOC_CITY_NAME_MAGDEBURG, 4.00, -9999.00, 427.44, 149.41, -9999.00, -9999.00, -9999.00, -9999.00, -9999.00, -9999.00, -9999.00
59, 9, LOC_CITY_NAME_ARPINUM, -9999.00, -9999.00, -9999.00, -9999.00, -9999.00, -9999.00, -9999.00, -9999.00, -9999.00, -9999.00, -9999.00
59, 9, LOC_CITY_NAME_FORTALEZA, 4.00, -9999.00, 0.00, 149.41, -9999.00, -9999.00, -9999.00, -9999.00, -9999.00, -9999.00, -9999.00
59, 9, LOC_CITY_NAME_CHALKIDIKI, 2.00, -9999.00, 427.44, -9999.00, -9999.00, -9999.00, -9999.00, -9999.00, -9999.00, -9999.00, -9999.00
59, 9, LOC_CITY_NAME_COLOGNE, 4.00, -9999.00, 427.44, 149.41, 0.00, -9999.00, -9999.00, -9999.00, -9999.00, -9999.00, -9999.00
59, 9, LOC_CITY_HOI_AN, 5.00, -9999.00, -9999.00, -9999.00, -9999.00, -9999.00, -9999.00, -9999.00, -9999.00, -9999.00, -9999.00
59, 9, LOC_CITY_NAME_LUGDUNUM, -9999.00, -9999.00, -9999.00, -9999.00, -9999.00, -9999.00, -9999.00, -9999.00, -9999.00, -9999.00, -9999.00
59, 9, LOC_CITY_NAME_KERMA, 3.00, -9999.00, 427.44, -9999.00, 115.94, -9999.00, -9999.00, -9999.00, -9999.00, -9999.00, 3250.14
59, 9, LOC_CITY_NAME_BABYLON_STK, 3.00, -9999.00, 427.44, -9999.00, -9999.00, -9999.00, -9999.00, -9999.00, -9999.00, -9999.00, 2825.59
59, 9, LOC_CITY_NAME_ALEXANDRIA_LATMUS, 2.00, -9999.00, 427.44, -9999.00, -9999.00, -9999.00, -9999.00, -9999.00, -9999.00, -9999.00, -9999.00
59, 9, LOC_CITY_NAME_PATNA, 1.00, -9999.00, -9999.00, 149.41, -9999.00, 338.35, -9999.00, -9999.00, -9999.00, -9999.00, 2845.79
59, 9, LOC_CITY_NAME_CURITIBA, 4.00, -9999.00, -9999.00, 149.41, -9999.00, -9999.00, -9999.00, -9999.00, -9999.00, -9999.00, -9999.00
59, 9, LOC_CITY_NAME_LISBON, -9999.00, -9999.00, -9999.00, -9999.00, -9999.00, -9999.00, -9999.00, -9999.00, 0.00, -9999.00, -9999.00
59, 9, LOC_CITY_NAME_SWENETT, 1.00, -9999.00, 427.44, -9999.00, -9999.00, 302.35, -9999.00, -9999.00, -9999.00, -9999.00, 1606.94
59, 9, LOC_CITY_NAME_BORSIPPA, 3.00, -9999.00, 427.44, -9999.00, 115.94, 448.77, -9999.00, -9999.00, -9999.00, -9999.00, 0.00
59, 9, LOC_CITY_NAME_KARKAR, 3.00, -9999.00, 427.44, -9999.00, -9999.00, 315.08, -9999.00, -9999.00, -9999.00, -9999.00, -16.83
59, 9, LOC_CITY_NAME_MEROE, 3.00, -9999.00, 427.44, -9999.00, 0.00, 669.89, -9999.00, -9999.00, -9999.00, -9999.00, 3804.01
59, 9, LOC_CITY_NAME_CUMAE, -9999.00, -9999.00, -9999.00, -9999.00, -9999.00, -9999.00, -9999.00, -9999.00, -9999.00, -9999.00, -9999.00
59, 9, LOC_CITY_NAME_KUMASI, -9999.00, -9999.00, -9999.00, -9999.00, -9999.00, -9999.00, -9999.00, -9999.00, 0.00, -9999.00, -9999.00
59, 9, LOC_CITY_NAME_MEMPHIS, 1.00, -9999.00, 427.44, -9999.00, -9999.00, 223.55, -9999.00, -9999.00, -9999.00, -9999.00, 1657.24
59, 9, LOC_CITY_NAME_JOHANNESBURG, -9999.00, -9999.00, -9999.00, -9999.00, -9999.00, -9999.00, -9999.00, -9999.00, 0.00, -9999.00, -9999.00
59, 9, LOC_CITY_HOA_LU, 5.00, -9999.00, -9999.00, -9999.00, -9999.00, -9999.00, -9999.00, -9999.00, -9999.00, -9999.00, -9999.00
59, 9, LOC_CITY_NAME_DORTMUND, 4.00, -9999.00, -9999.00, 149.41, -9999.00, -9999.00, -9999.00, -9999.00, -9999.00, -9999.00, -9999.00
59, 9, LOC_CITY_NAME_FEZ, 2.00, -9999.00, -9999.00, -9999.00, -9999.00, -9999.00, -9999.00, -9999.00, -9999.00, -9999.00, -9999.00
59, 9, LOC_CITY_NAME_KAWA, 3.00, -9999.00, 427.44, -9999.00, -9999.00, 329.79, -9999.00, -9999.00, -9999.00, -9999.00, 1817.73
59, 9, LOC_CITY_NAME_JERUSALEM, 4.00, -9999.00, -9999.00, -9999.00, -9999.00, -9999.00, -9999.00, -9999.00, -9999.00, -9999.00, -9999.00
59, 9, LOC_CITY_NAME_SALVADOR, 4.00, -9999.00, 0.00, -9999.00, -9999.00, -9999.00, -9999.00, -9999.00, -9999.00, -9999.00, -9999.00
59, 9, LOC_CITY_NAME_EL_KURRU, 3.00, -9999.00, 427.44, -9999.00, -9999.00, 181.40, -9999.00, -9999.00, -9999.00, -9999.00, 0.00
59, 9, LOC_CITY_NAME_VATICAN_CITY, -9999.00, -9999.00, -9999.00, -9999.00, -9999.00, -9999.00, -9999.00, -9999.00, 0.00, -9999.00, -9999.00
59, 9, LOC_CITY_NAME_HEIDELBERG, 4.00, -9999.00, -9999.00, -9999.00, -9999.00, -9999.00, -9999.00, -9999.00, -9999.00, -9999.00, -9999.00
59, 9, LOC_CITY_NAME_PRESLAV, -9999.00, -9999.00, -9999.00, -9999.00, -9999.00, -9999.00, -9999.00, -9999.00, 0.00, -9999.00, -9999.00
59, 9, LOC_CITY_NAME_METHONE, 2.00, -9999.00, -9999.00, -9999.00, -9999.00, -9999.00, -9999.00, -9999.00, -9999.00, -9999.00, -9999.00
59, 9, LOC_CITY_NAME_AKHETATEN, 1.00, -9999.00, 427.44, -9999.00, -9999.00, 196.70, -9999.00, -9999.00, -9999.00, -9999.00, 1074.05
59, 9, LOC_CITY_NAME_BABYLON, -9999.00, -9999.00, -9999.00, -9999.00, -9999.00, -9999.00, -9999.00, -9999.00, 0.00, -9999.00, -9999.00
59, 9, LOC_CITY_NAME_QASR_IBRIM, 3.00, -9999.00, 427.44, -9999.00, -9999.00, 95.46, -9999.00, -9999.00, -9999.00, -9999.00, 200.00
59, 9, LOC_CITY_NAME_HEH, 3.00, -9999.00, -9999.00, -9999.00, -9999.00, 248.24, -9999.00, -9999.00, -9999.00, -9999.00, -9999.00
59, 9, LOC_CITY_DONG_HOI, 5.00, -9999.00, 427.44, -9999.00, -9999.00, -9999.00, -9999.00, -9999.00, -9999.00, -9999.00, -9999.00
59, 9, LOC_CITY_NAME_SHAAT, 3.00, -9999.00, -9999.00, -9999.00, -9999.00, 133.65, -9999.00, -9999.00, -9999.00, -9999.00, -9999.00
59, 9, LOC_CITY_NAME_SEDEINGA, 3.00, -9999.00, 427.44, -9999.00, 115.94, 372.36, -9999.00, -9999.00, -9999.00, -9999.00, -9999.00
59, 9, LOC_CITY_NAME_BRUNDISIUM, -9999.00, -9999.00, -9999.00, -9999.00, -9999.00, -9999.00, -9999.00, -9999.00, -9999.00, -9999.00, -9999.00
59, 9, LOC_CITY_NAME_PORTO_ALEGRE, 4.00, -9999.00, 0.00, -9999.00, -9999.00, -9999.00, -9999.00, -9999.00, -9999.00, -9999.00, -9999.00
59, 9, LOC_CITY_NAME_MAINZ, 4.00, -9999.00, 427.44, -9999.00, -9999.00, -9999.00, -9999.00, -9999.00, -9999.00, -9999.00, -9999.00
59, 9, LOC_CITY_NAME_NURI, 3.00, -9999.00, -9999.00, -9999.00, 0.00, -9999.00, -9999.00, -9999.00, -9999.00, -9999.00, -9999.00
59, 9, LOC_CITY_NAME_YEREVAN, -9999.00, -9999.00, -9999.00, -9999.00, -9999.00, -9999.00, -9999.00, -9999.00, 0.00, -9999.00, -9999.00
59, 9, LOC_CITY_CAN_THO, 5.00, -9999.00, -9999.00, -9999.00, -9999.00, -9999.00, -9999.00, -9999.00, -9999.00, -9999.00, -9999.00
59, 9, LOC_CITY_NAME_HATTUSA, -9999.00, -9999.00, -9999.00, -9999.00, -9999.00, -9999.00, -9999.00, -9999.00, 0.00, -9999.00, -9999.00
59, 9, LOC_CITY_NAME_VILNIUS, 5.00, -9999.00, -9999.00, -9999.00, -9999.00, -9999.00, -9999.00, -9999.00, -9999.00, -9999.00, -9999.00
59, 9, LOC_CITY_NAME_SHEDET, 1.00, -9999.00, 427.44, -9999.00, -9999.00, -9999.00, -9999.00, -9999.00, -9999.00, -9999.00, -9999.00
59, 9, LOC_CITY_NAME_SETIA, -9999.00, -9999.00, -9999.00, -9999.00, -9999.00, -9999.00, -9999.00, -9999.00, -9999.00, -9999.00, -9999.00
59, 9, LOC_CITY_NAME_BERLIN, 4.00, -9999.00, -9999.00, -9999.00, -9999.00, -9999.00, -9999.00, -9999.00, -9999.00, -9999.00, -9999.00
59, 9, LOC_CITY_NAME_NEKHEN, 1.00, -9999.00, 427.44, -9999.00, -9999.00, 321.89, -9999.00, -9999.00, -9999.00, -9999.00, 1556.88
59, 9, LOC_CITY_NAME_RA_KEDET, 1.00, -9999.00, 427.44, -9999.00, -9999.00, 241.43, -9999.00, -9999.00, -9999.00, -9999.00, 2425.38
59, 9, LOC_CITY_NAME_CHENNAI, 1.00, -9999.00, 427.44, -9999.00, -9999.00, 350.72, -9999.00, -9999.00, -9999.00, -9999.00, 2797.50
59, 9, LOC_CITY_NAME_BUENOS_AIRES, -9999.00, -9999.00, -9999.00, -9999.00, -9999.00, -9999.00, -9999.00, -9999.00, 0.00, -9999.00, -9999.00
59, 9, LOC_CITY_NAME_KURGUS, 3.00, -9999.00, -9999.00, -9999.00, -9999.00, -9999.00, -9999.00, -9999.00, -9999.00, -9999.00, 471.01
59, 9, LOC_CITY_NAME_CALCUTTA, 1.00, -9999.00, -9999.00, -9999.00, -9999.00, 295.40, -9999.00, -9999.00, -9999.00, -9999.00, -9999.00
