Game Turn, Player, Action, Policy, Score, Turns
40, 5, Civic, CIVIC_MILITARY_TRAINING, 520.8, 2
40, 5, Civic, CIVIC_THEOLOGY, 3325.4, 2
40, 5, Civic, CIVIC_NAVAL_TRADITION, 133.5, 3
40, 5, Civic, CIVIC_FEUDALISM, 120.6, 1
40, 5, Civic, CIVIC_CIVIL_SERVICE, 785.3, 4
40, 5, Civic, CIVIC_MERCENARIES, 750.9, 8
40, 5, Civic, CIVIC_MEDIEVAL_FAIRES, 759020.7, 7
40, 5, Civic, CIVIC_GUILDS, 666799.4, 11
40, 5, Civic, CIVIC_DIVINE_RIGHT, 1694.2, 14
40, 5, Civic, CIVIC_EXPLORATION, 760686.3, 24
40, 5, Civic, CIVIC_HUMANISM, 1425745.4, 30
40, 5, Civic, CIVIC_DIPLOMATIC_SERVICE, 667029.8, 19
40, 5, Civic, CIVIC_REFORMED_CHURCH, 668237.4, 31
40, 5, Policies, POLICY_SURVEY, 36.0
40, 5, Policies, POLICY_GOD_KING, 6.0
40, 5, Policies, POLICY_URBAN_PLANNING, 168.0
40, 5, Policies, POLICY_CARAVANSARIES, 45.0
40, 5, Policies, POLICY_STRATEGOS, 7.0
40, 5, Policies, POLICY_CONSCRIPTION, 147.0
40, 5, Policies, POLICY_LAND_SURVEYORS, 9.0
40, 5, Policies, POLICY_COLONIZATION, 137.0
40, 5, Policies, POLICY_INSPIRATION, 25.0
40, 5, Policies, POLICY_INSULAE, 283.0
40, 5, Policies, POLICY_CHARISMATIC_LEADER, 14.0
40, 5, Policies, POLICY_DIPLOMATIC_LEAGUE, 225.0
40, 5, Policies, POLICY_LITERARY_TRADITION, 15.0
40, 5, Policies, POLICY_RAID, 695.0
40, 5, Policies, POLICY_BASTIONS, 36.0
40, 5, Policies, POLICY_LIMES, 596.0
40, 5, Policies, POLICY_NATURAL_PHILOSOPHY, 193.0
40, 5, Policies, POLICY_SCRIPTURE, 102.0
40, 5, Policies, POLICY_NAVIGATION, 39.0
40, 5, Policies, POLICY_FEUDAL_CONTRACT, 26.0
40, 5, Policies, POLICY_RETAINERS, 177.0
40, 5, Policies, POLICY_PROFESSIONAL_ARMY, 30.0
40, 5, Policies, POLICY_TRADE_CONFEDERATION, 86.0
40, 5, Policies, POLICY_MERCHANT_CONFEDERATION, 34.0
40, 5, Policies, POLICY_CRAFTSMEN, 86.0
40, 5, Policies, POLICY_TOWN_CHARTERS, 36.0
40, 5, Policies, POLICY_TRAVELING_MERCHANTS, 21.0
40, 5, Policies, POLICY_COLONIAL_OFFICES, 899.0
40, 5, Policies, POLICY_INVENTION, 43.0
40, 5, Policies, POLICY_FRESCOES, 15.0
40, 5, Policies, POLICY_RELIGIOUS_ORDERS, 211.0
40, 5, Policies, POLICY_PRAETORIUM, 1540.0
40, 5, Policies, POLICY_CIVIL_PRESTIGE, 981.0
40, 5, Policies, POLICY_EQUESTRIAN_ORDERS, 108.0
40, 6, Completed Civic, CIVIC_FEUDALISM
40, 6, Slot Policy, POLICY_LIMES, 95
40, 6, Slot Policy, POLICY_CONSCRIPTION, 139
40, 6, Slot Policy, POLICY_CIVIL_PRESTIGE, 683
40, 6, Slot Policy, POLICY_PRAETORIUM, 1077
40, 6, Slot Policy, POLICY_INSULAE, 274
40, 6, Civic, CIVIC_MILITARY_TRAINING, 624.7, 1
40, 6, Civic, CIVIC_NAVAL_TRADITION, 133.5, 3
40, 6, Civic, CIVIC_MERCENARIES, 752.6, 4
40, 6, Civic, CIVIC_MEDIEVAL_FAIRES, 9746.8, 3
40, 6, Civic, CIVIC_GUILDS, 14620.1, 3
40, 6, Civic, CIVIC_DIVINE_RIGHT, 770.4, 3
40, 6, Civic, CIVIC_EXPLORATION, 11533.8, 13
40, 6, Civic, CIVIC_HUMANISM, 29382.0, 14
40, 6, Civic, CIVIC_DIPLOMATIC_SERVICE, 10126.4, 8
40, 6, Civic, CIVIC_REFORMED_CHURCH, 11306.6, 9
40, 6, Civic, CIVIC_MERCANTILISM, 19653.7, 20
40, 6, Civic, CIVIC_THE_ENLIGHTENMENT, 20014.6, 25
40, 6, Policies, POLICY_SURVEY, 72.0
40, 6, Policies, POLICY_URBAN_PLANNING, 126.0
40, 6, Policies, POLICY_CARAVANSARIES, 22.0
40, 6, Policies, POLICY_CONSCRIPTION, 154.0
40, 6, Policies, POLICY_LAND_SURVEYORS, 34.5
40, 6, Policies, POLICY_COLONIZATION, 58.0
40, 6, Policies, POLICY_INSPIRATION, 28.0
40, 6, Policies, POLICY_INSULAE, 229.0
40, 6, Policies, POLICY_CHARISMATIC_LEADER, 14.0
40, 6, Policies, POLICY_DIPLOMATIC_LEAGUE, 225.0
40, 6, Policies, POLICY_LITERARY_TRADITION, 31.0
40, 6, Policies, POLICY_RAID, 695.0
40, 6, Policies, POLICY_BASTIONS, 36.0
40, 6, Policies, POLICY_LIMES, 192.0
40, 6, Policies, POLICY_NATURAL_PHILOSOPHY, 54.0
40, 6, Policies, POLICY_SCRIPTURE, 131.0
40, 6, Policies, POLICY_NAVIGATION, 31.0
40, 6, Policies, POLICY_FEUDAL_CONTRACT, 14.0
40, 6, Policies, POLICY_RETAINERS, 56.0
40, 6, Policies, POLICY_PROFESSIONAL_ARMY, 11.0
40, 6, Policies, POLICY_TRADE_CONFEDERATION, 43.0
40, 6, Policies, POLICY_MERCHANT_CONFEDERATION, 45.0
40, 6, Policies, POLICY_TOWN_CHARTERS, 36.0
40, 6, Policies, POLICY_TRAVELING_MERCHANTS, 43.0
40, 6, Policies, POLICY_COLONIAL_OFFICES, 710.0
40, 6, Policies, POLICY_INVENTION, 75.0
40, 6, Policies, POLICY_FRESCOES, 31.0
40, 6, Policies, POLICY_WARS_OF_RELIGION, 10.0
40, 6, Policies, POLICY_RELIGIOUS_ORDERS, 221.0
40, 6, Policies, POLICY_SIMULTANEUM, 221.0
40, 6, Policies, POLICY_LOGISTICS, 261.0
40, 6, Policies, POLICY_TRIANGULAR_TRADE, 61.0
40, 6, Policies, POLICY_RATIONALISM, 69.0
40, 6, Policies, POLICY_FREE_MARKET, 44.0
40, 6, Policies, POLICY_LIBERALISM, 56.0
40, 6, Policies, POLICY_PRAETORIUM, 1103.0
40, 6, Policies, POLICY_CIVIL_PRESTIGE, 403.0
40, 6, Policies, POLICY_EQUESTRIAN_ORDERS, 15.0
40, 7, Civic, CIVIC_MYSTICISM, 275.3, 1
40, 7, Civic, CIVIC_MILITARY_TRAINING, 643.8, 2
40, 7, Civic, CIVIC_THEOLOGY, 3839.7, 2
40, 7, Civic, CIVIC_NAVAL_TRADITION, 139.5, 2
40, 7, Civic, CIVIC_MERCENARIES, 767.4, 5
40, 7, Civic, CIVIC_MEDIEVAL_FAIRES, 217174.0, 1
40, 7, Civic, CIVIC_DIVINE_RIGHT, 1162.0, 5
40, 7, Civic, CIVIC_EXPLORATION, 146588.0, 11
40, 7, Civic, CIVIC_HUMANISM, 217367.9, 6
40, 7, Civic, CIVIC_DIPLOMATIC_SERVICE, 661.4, 5
40, 7, Civic, CIVIC_MERCANTILISM, 217709.4, 15
40, 7, Civic, CIVIC_THE_ENLIGHTENMENT, 218359.5, 16
40, 7, Policies, POLICY_SURVEY, 70.0
40, 7, Policies, POLICY_GOD_KING, 21.0
40, 7, Policies, POLICY_URBAN_PLANNING, 105.0
40, 7, Policies, POLICY_CARAVANSARIES, 22.0
40, 7, Policies, POLICY_CONSCRIPTION, 139.0
40, 7, Policies, POLICY_LAND_SURVEYORS, 50.5
40, 7, Policies, POLICY_COLONIZATION, 82.0
40, 7, Policies, POLICY_INSPIRATION, 28.0
40, 7, Policies, POLICY_INSULAE, 301.0
40, 7, Policies, POLICY_CHARISMATIC_LEADER, 14.0
40, 7, Policies, POLICY_DIPLOMATIC_LEAGUE, 225.0
40, 7, Policies, POLICY_LITERARY_TRADITION, 47.0
40, 7, Policies, POLICY_RAID, 695.0
40, 7, Policies, POLICY_BASTIONS, 12.0
40, 7, Policies, POLICY_LIMES, 231.0
40, 7, Policies, POLICY_NATURAL_PHILOSOPHY, 93.0
40, 7, Policies, POLICY_SCRIPTURE, 102.0
40, 7, Policies, POLICY_NAVIGATION, 31.0
40, 7, Policies, POLICY_FEUDAL_CONTRACT, 15.0
40, 7, Policies, POLICY_RETAINERS, 238.0
40, 7, Policies, POLICY_PROFESSIONAL_ARMY, 49.0
40, 7, Policies, POLICY_TRADE_CONFEDERATION, 46.0
40, 7, Policies, POLICY_MERCHANT_CONFEDERATION, 22.0
40, 7, Policies, POLICY_AESTHETICS, 28.0
40, 7, Policies, POLICY_TRAVELING_MERCHANTS, 29.0
40, 7, Policies, POLICY_COLONIAL_OFFICES, 650.0
40, 7, Policies, POLICY_INVENTION, 75.0
40, 7, Policies, POLICY_FRESCOES, 47.0
40, 7, Policies, POLICY_LOGISTICS, 244.0
40, 7, Policies, POLICY_TRIANGULAR_TRADE, 55.0
40, 7, Policies, POLICY_RATIONALISM, 69.0
40, 7, Policies, POLICY_LIBERALISM, 357.0
40, 7, Policies, POLICY_PRAETORIUM, 1069.0
40, 7, Policies, POLICY_CIVIL_PRESTIGE, 859.0
40, 7, Policies, POLICY_EQUESTRIAN_ORDERS, 78.0
40, 8, Civic, CIVIC_MILITARY_TRADITION, 20031.6, 1
40, 8, Civic, CIVIC_MYSTICISM, 280.4, 1
40, 8, Civic, CIVIC_MILITARY_TRAINING, 20603.2, 2
40, 8, Civic, CIVIC_THEOLOGY, 10056.6, 2
40, 8, Civic, CIVIC_NAVAL_TRADITION, 139.5, 2
40, 8, Civic, CIVIC_MERCENARIES, 20726.8, 5
40, 8, Civic, CIVIC_MEDIEVAL_FAIRES, 319449.6, 6
40, 8, Civic, CIVIC_GUILDS, 375473.8, 1
40, 8, Civic, CIVIC_DIVINE_RIGHT, 1303.0, 5
40, 8, Civic, CIVIC_HUMANISM, 695010.3, 16
40, 8, Civic, CIVIC_DIPLOMATIC_SERVICE, 375880.3, 7
40, 8, Civic, CIVIC_MERCANTILISM, 695300.6, 27
40, 8, Civic, CIVIC_THE_ENLIGHTENMENT, 695711.9, 33
40, 8, Policies, POLICY_SURVEY, 57.0
40, 8, Policies, POLICY_GOD_KING, 24.0
40, 8, Policies, POLICY_URBAN_PLANNING, 105.0
40, 8, Policies, POLICY_CARAVANSARIES, 22.0
40, 8, Policies, POLICY_CONSCRIPTION, 213.0
40, 8, Policies, POLICY_LAND_SURVEYORS, 22.5
40, 8, Policies, POLICY_COLONIZATION, 19.0
40, 8, Policies, POLICY_INSPIRATION, 25.0
40, 8, Policies, POLICY_INSULAE, 195.0
40, 8, Policies, POLICY_CHARISMATIC_LEADER, 14.0
40, 8, Policies, POLICY_DIPLOMATIC_LEAGUE, 225.0
40, 8, Policies, POLICY_LITERARY_TRADITION, 15.0
40, 8, Policies, POLICY_RAID, 695.0
40, 8, Policies, POLICY_BASTIONS, 24.0
40, 8, Policies, POLICY_LIMES, 167.0
40, 8, Policies, POLICY_NATURAL_PHILOSOPHY, 71.0
40, 8, Policies, POLICY_SCRIPTURE, 278.0
40, 8, Policies, POLICY_NAVIGATION, 15.0
40, 8, Policies, POLICY_FEUDAL_CONTRACT, 19.0
40, 8, Policies, POLICY_RETAINERS, 28.0
40, 8, Policies, POLICY_PROFESSIONAL_ARMY, 64.0
40, 8, Policies, POLICY_TRADE_CONFEDERATION, 43.0
40, 8, Policies, POLICY_MERCHANT_CONFEDERATION, 34.0
40, 8, Policies, POLICY_CRAFTSMEN, 64.0
40, 8, Policies, POLICY_TRAVELING_MERCHANTS, 21.0
40, 8, Policies, POLICY_INVENTION, 43.0
40, 8, Policies, POLICY_FRESCOES, 15.0
40, 8, Policies, POLICY_LOGISTICS, 406.0
40, 8, Policies, POLICY_TRIANGULAR_TRADE, 58.0
40, 8, Policies, POLICY_LIBERALISM, 340.0
40, 8, Policies, POLICY_PRAETORIUM, 1401.0
40, 8, Policies, POLICY_CIVIL_PRESTIGE, 535.0
40, 8, Policies, POLICY_EQUESTRIAN_ORDERS, 3.0
40, 9, Civic, CIVIC_MILITARY_TRADITION, 24376.6, 1
40, 9, Civic, CIVIC_MYSTICISM, 275.3, 1
40, 9, Civic, CIVIC_MILITARY_TRAINING, 25024.3, 3
40, 9, Civic, CIVIC_THEOLOGY, 3422.2, 3
40, 9, Civic, CIVIC_NAVAL_TRADITION, 133.5, 3
40, 9, Civic, CIVIC_MERCENARIES, 25133.9, 8
40, 9, Civic, CIVIC_MEDIEVAL_FAIRES, 9865.3, 10
40, 9, Civic, CIVIC_GUILDS, 11940.3, 4
40, 9, Civic, CIVIC_DIVINE_RIGHT, 1178.1, 8
40, 9, Civic, CIVIC_HUMANISM, 21857.5, 28
40, 9, Civic, CIVIC_DIPLOMATIC_SERVICE, 12233.4, 13
40, 9, Civic, CIVIC_MERCANTILISM, 22297.5, 44
40, 9, Civic, CIVIC_THE_ENLIGHTENMENT, 22173.6, 47
40, 9, Policies, POLICY_SURVEY, 21.0
40, 9, Policies, POLICY_GOD_KING, 7.0
40, 9, Policies, POLICY_URBAN_PLANNING, 105.0
40, 9, Policies, POLICY_CARAVANSARIES, 25.0
40, 9, Policies, POLICY_CONSCRIPTION, 257.0
40, 9, Policies, POLICY_LAND_SURVEYORS, 37.5
40, 9, Policies, POLICY_COLONIZATION, 18.0
40, 9, Policies, POLICY_INSPIRATION, 25.0
40, 9, Policies, POLICY_INSULAE, 91.0
40, 9, Policies, POLICY_CHARISMATIC_LEADER, 14.0
40, 9, Policies, POLICY_DIPLOMATIC_LEAGUE, 225.0
40, 9, Policies, POLICY_LITERARY_TRADITION, 15.0
40, 9, Policies, POLICY_RAID, 784.0
40, 9, Policies, POLICY_BASTIONS, 30.0
40, 9, Policies, POLICY_LIMES, 189.0
40, 9, Policies, POLICY_NATURAL_PHILOSOPHY, 114.0
40, 9, Policies, POLICY_SCRIPTURE, 102.0
40, 9, Policies, POLICY_NAVIGATION, 15.0
40, 9, Policies, POLICY_FEUDAL_CONTRACT, 29.0
40, 9, Policies, POLICY_RETAINERS, 28.0
40, 9, Policies, POLICY_PROFESSIONAL_ARMY, 50.0
40, 9, Policies, POLICY_TRADE_CONFEDERATION, 43.0
40, 9, Policies, POLICY_MERCHANT_CONFEDERATION, 38.0
40, 9, Policies, POLICY_CRAFTSMEN, 71.0
40, 9, Policies, POLICY_TRAVELING_MERCHANTS, 21.0
40, 9, Policies, POLICY_INVENTION, 43.0
40, 9, Policies, POLICY_FRESCOES, 15.0
40, 9, Policies, POLICY_LOGISTICS, 587.0
40, 9, Policies, POLICY_TRIANGULAR_TRADE, 46.0
40, 9, Policies, POLICY_LIBERALISM, 42.0
40, 9, Policies, POLICY_PRAETORIUM, 1345.0
40, 9, Policies, POLICY_CIVIL_PRESTIGE, 262.0
40, 9, Policies, POLICY_EQUESTRIAN_ORDERS, 74.0
40, 10, Civic, CIVIC_MILITARY_TRAINING, 108.3, 12
40, 10, Civic, CIVIC_THEOLOGY, 148.5, 5
40, 10, Civic, CIVIC_NAVAL_TRADITION, 57.9, 25
40, 10, Civic, CIVIC_FEUDALISM, 120.6, 1
40, 10, Civic, CIVIC_CIVIL_SERVICE, 210.7, 1
40, 10, Civic, CIVIC_MERCENARIES, 228.9, 51
40, 10, Civic, CIVIC_MEDIEVAL_FAIRES, 143.0, 48
40, 10, Civic, CIVIC_GUILDS, 352.6, 49
40, 10, Civic, CIVIC_DIVINE_RIGHT, 464.9, 44
40, 10, Civic, CIVIC_EXPLORATION, 251.3, 147
40, 10, Civic, CIVIC_HUMANISM, 375.0, 163
40, 10, Civic, CIVIC_DIPLOMATIC_SERVICE, 352.6, 116
40, 10, Civic, CIVIC_REFORMED_CHURCH, 606.9, 141
40, 10, Policies, POLICY_GOD_KING, 21.0
40, 10, Policies, POLICY_URBAN_PLANNING, 14.0
40, 10, Policies, POLICY_CARAVANSARIES, 14.0
40, 10, Policies, POLICY_CONSCRIPTION, 22.0
40, 10, Policies, POLICY_CHARISMATIC_LEADER, 14.0
40, 10, Policies, POLICY_LIMES, 12.0
40, 10, Policies, POLICY_PRAETORIUM, 26.0
40, 10, Policies, POLICY_CIVIL_PRESTIGE, 65.0
40, 10, Policies, POLICY_SOVEREIGN_STATE, 90.0
40, 12, Civic, CIVIC_MILITARY_TRAINING, 150.5, 11
40, 12, Civic, CIVIC_THEOLOGY, 154.0, 4
40, 12, Civic, CIVIC_NAVAL_TRADITION, 62.0, 23
40, 12, Civic, CIVIC_CIVIL_SERVICE, 210.7, 1
40, 12, Civic, CIVIC_MERCENARIES, 183.5, 47
40, 12, Civic, CIVIC_MEDIEVAL_FAIRES, 24.0, 44
40, 12, Civic, CIVIC_GUILDS, 235.8, 45
40, 12, Civic, CIVIC_DIVINE_RIGHT, 495.3, 41
40, 12, Civic, CIVIC_EXPLORATION, 207.5, 137
40, 12, Civic, CIVIC_HUMANISM, 259.7, 152
40, 12, Civic, CIVIC_DIPLOMATIC_SERVICE, 235.8, 108
40, 12, Civic, CIVIC_REFORMED_CHURCH, 520.4, 131
40, 12, Policies, POLICY_GOD_KING, 21.0
40, 12, Policies, POLICY_URBAN_PLANNING, 14.0
40, 12, Policies, POLICY_CARAVANSARIES, 14.0
40, 12, Policies, POLICY_CONSCRIPTION, 36.0
40, 12, Policies, POLICY_INSULAE, 11.0
40, 12, Policies, POLICY_CHARISMATIC_LEADER, 14.0
40, 12, Policies, POLICY_BASTIONS, 6.0
40, 12, Policies, POLICY_LIMES, 21.0
40, 12, Policies, POLICY_NATURAL_PHILOSOPHY, 28.0
40, 12, Policies, POLICY_TRADE_CONFEDERATION, 28.0
40, 12, Policies, POLICY_PRAETORIUM, 29.0
40, 12, Policies, POLICY_CIVIL_PRESTIGE, 25.0
40, 12, Policies, POLICY_EQUESTRIAN_ORDERS, 52.0
40, 12, Policies, POLICY_SOVEREIGN_STATE, 90.0
40, 13, Civic, CIVIC_MILITARY_TRAINING, 108.3, 12
40, 13, Civic, CIVIC_THEOLOGY, 148.5, 5
40, 13, Civic, CIVIC_NAVAL_TRADITION, 65.9, 25
40, 13, Civic, CIVIC_FEUDALISM, 120.6, 1
40, 13, Civic, CIVIC_CIVIL_SERVICE, 210.7, 1
40, 13, Civic, CIVIC_MERCENARIES, 228.9, 51
40, 13, Civic, CIVIC_MEDIEVAL_FAIRES, 143.0, 48
40, 13, Civic, CIVIC_GUILDS, 352.6, 49
40, 13, Civic, CIVIC_DIVINE_RIGHT, 465.5, 44
40, 13, Civic, CIVIC_EXPLORATION, 251.3, 147
40, 13, Civic, CIVIC_HUMANISM, 375.0, 163
40, 13, Civic, CIVIC_DIPLOMATIC_SERVICE, 352.6, 116
40, 13, Civic, CIVIC_REFORMED_CHURCH, 607.5, 141
40, 13, Policies, POLICY_GOD_KING, 21.0
40, 13, Policies, POLICY_URBAN_PLANNING, 14.0
40, 13, Policies, POLICY_CARAVANSARIES, 14.0
40, 13, Policies, POLICY_CONSCRIPTION, 29.0
40, 13, Policies, POLICY_INSULAE, 46.0
40, 13, Policies, POLICY_CHARISMATIC_LEADER, 14.0
40, 13, Policies, POLICY_LIMES, 18.0
40, 13, Policies, POLICY_NAVAL_INFRASTRUCTURE, 28.0
40, 13, Policies, POLICY_PRAETORIUM, 20.0
40, 13, Policies, POLICY_CIVIL_PRESTIGE, 60.0
40, 13, Policies, POLICY_SOVEREIGN_STATE, 90.0
40, 14, Civic, CIVIC_MILITARY_TRAINING, 100.4, 13
40, 14, Civic, CIVIC_THEOLOGY, 137.8, 7
40, 14, Civic, CIVIC_NAVAL_TRADITION, 59.8, 28
40, 14, Civic, CIVIC_CIVIL_SERVICE, 210.7, 1
40, 14, Civic, CIVIC_MERCENARIES, 100.4, 55
40, 14, Civic, CIVIC_MEDIEVAL_FAIRES, 0.0, 52
40, 14, Civic, CIVIC_GUILDS, 210.7, 53
40, 14, Civic, CIVIC_DIVINE_RIGHT, 348.4, 50
40, 14, Civic, CIVIC_EXPLORATION, 100.4, 162
40, 14, Civic, CIVIC_HUMANISM, 210.7, 180
40, 14, Civic, CIVIC_DIPLOMATIC_SERVICE, 210.7, 128
40, 14, Civic, CIVIC_REFORMED_CHURCH, 348.4, 157
40, 14, Policies, POLICY_GOD_KING, 21.0
40, 14, Policies, POLICY_URBAN_PLANNING, 14.0
40, 14, Policies, POLICY_CARAVANSARIES, 29.0
40, 14, Policies, POLICY_CONSCRIPTION, 22.0
40, 14, Policies, POLICY_CHARISMATIC_LEADER, 14.0
40, 14, Policies, POLICY_LIMES, 31.0
40, 14, Policies, POLICY_NAVAL_INFRASTRUCTURE, 28.0
40, 14, Policies, POLICY_PRAETORIUM, 20.0
40, 14, Policies, POLICY_CIVIL_PRESTIGE, 76.0
40, 14, Policies, POLICY_SOVEREIGN_STATE, 90.0
40, 15, Civic, CIVIC_MILITARY_TRAINING, 144.3, 12
40, 15, Civic, CIVIC_THEOLOGY, 141.5, 6
40, 15, Civic, CIVIC_NAVAL_TRADITION, 55.9, 26
40, 15, Civic, CIVIC_CIVIL_SERVICE, 210.7, 1
40, 15, Civic, CIVIC_MERCENARIES, 144.3, 53
40, 15, Civic, CIVIC_MEDIEVAL_FAIRES, 0.0, 50
40, 15, Civic, CIVIC_GUILDS, 210.7, 51
40, 15, Civic, CIVIC_DIVINE_RIGHT, 457.9, 48
40, 15, Civic, CIVIC_EXPLORATION, 144.3, 155
40, 15, Civic, CIVIC_HUMANISM, 210.7, 172
40, 15, Civic, CIVIC_DIPLOMATIC_SERVICE, 210.7, 122
40, 15, Civic, CIVIC_REFORMED_CHURCH, 457.9, 150
40, 15, Policies, POLICY_GOD_KING, 21.0
40, 15, Policies, POLICY_URBAN_PLANNING, 14.0
40, 15, Policies, POLICY_CARAVANSARIES, 14.0
40, 15, Policies, POLICY_CONSCRIPTION, 44.0
40, 15, Policies, POLICY_CHARISMATIC_LEADER, 14.0
40, 15, Policies, POLICY_LIMES, 12.0
40, 15, Policies, POLICY_PRAETORIUM, 26.0
40, 15, Policies, POLICY_CIVIL_PRESTIGE, 15.0
40, 15, Policies, POLICY_EQUESTRIAN_ORDERS, 56.0
40, 15, Policies, POLICY_SOVEREIGN_STATE, 90.0
40, 16, Civic, CIVIC_MILITARY_TRAINING, 117.4, 13
40, 16, Civic, CIVIC_THEOLOGY, 137.8, 7
40, 16, Civic, CIVIC_NAVAL_TRADITION, 51.8, 28
40, 16, Civic, CIVIC_CIVIL_SERVICE, 271.7, 1
40, 16, Civic, CIVIC_MERCENARIES, 117.4, 55
40, 16, Civic, CIVIC_MEDIEVAL_FAIRES, 0.0, 52
40, 16, Civic, CIVIC_GUILDS, 271.7, 53
40, 16, Civic, CIVIC_DIVINE_RIGHT, 409.4, 50
40, 16, Civic, CIVIC_EXPLORATION, 117.4, 162
40, 16, Civic, CIVIC_HUMANISM, 271.7, 180
40, 16, Civic, CIVIC_DIPLOMATIC_SERVICE, 271.7, 128
40, 16, Civic, CIVIC_REFORMED_CHURCH, 409.4, 157
40, 16, Policies, POLICY_GOD_KING, 21.0
40, 16, Policies, POLICY_URBAN_PLANNING, 14.0
40, 16, Policies, POLICY_CARAVANSARIES, 14.0
40, 16, Policies, POLICY_CONSCRIPTION, 36.0
40, 16, Policies, POLICY_CHARISMATIC_LEADER, 14.0
40, 16, Policies, POLICY_BASTIONS, 6.0
40, 16, Policies, POLICY_LIMES, 21.0
40, 16, Policies, POLICY_FEUDAL_CONTRACT, 1.0
40, 16, Policies, POLICY_PRAETORIUM, 29.0
40, 16, Policies, POLICY_CIVIL_PRESTIGE, 150.0
40, 16, Policies, POLICY_EQUESTRIAN_ORDERS, 37.0
40, 16, Policies, POLICY_SOVEREIGN_STATE, 90.0
40, 17, Civic, CIVIC_MILITARY_TRAINING, 145.9, 14
40, 17, Civic, CIVIC_THEOLOGY, 137.8, 7
40, 17, Civic, CIVIC_NAVAL_TRADITION, 50.7, 29
40, 17, Civic, CIVIC_CIVIL_SERVICE, 210.7, 1
40, 17, Civic, CIVIC_MERCENARIES, 145.9, 59
40, 17, Civic, CIVIC_MEDIEVAL_FAIRES, 0.0, 55
40, 17, Civic, CIVIC_GUILDS, 210.7, 56
40, 17, Civic, CIVIC_DIVINE_RIGHT, 348.4, 53
40, 17, Civic, CIVIC_EXPLORATION, 145.9, 172
40, 17, Civic, CIVIC_HUMANISM, 210.7, 190
40, 17, Civic, CIVIC_DIPLOMATIC_SERVICE, 210.7, 135
40, 17, Civic, CIVIC_REFORMED_CHURCH, 348.4, 166
40, 17, Policies, POLICY_GOD_KING, 21.0
40, 17, Policies, POLICY_URBAN_PLANNING, 14.0
40, 17, Policies, POLICY_CARAVANSARIES, 14.0
40, 17, Policies, POLICY_CONSCRIPTION, 22.0
40, 17, Policies, POLICY_CHARISMATIC_LEADER, 14.0
40, 17, Policies, POLICY_BASTIONS, 6.0
40, 17, Policies, POLICY_LIMES, 13.0
40, 17, Policies, POLICY_PRAETORIUM, 26.0
40, 17, Policies, POLICY_CIVIL_PRESTIGE, 80.0
40, 17, Policies, POLICY_EQUESTRIAN_ORDERS, 60.0
40, 17, Policies, POLICY_SOVEREIGN_STATE, 90.0
40, 20, Civic, CIVIC_MILITARY_TRAINING, 116.3, 10
40, 20, Civic, CIVIC_THEOLOGY, 160.9, 3
40, 20, Civic, CIVIC_NAVAL_TRADITION, 66.4, 21
40, 20, Civic, CIVIC_CIVIL_SERVICE, 210.7, 1
40, 20, Civic, CIVIC_MERCENARIES, 154.4, 42
40, 20, Civic, CIVIC_MEDIEVAL_FAIRES, 30.7, 40
40, 20, Civic, CIVIC_GUILDS, 240.2, 41
40, 20, Civic, CIVIC_DIVINE_RIGHT, 488.4, 36
40, 20, Civic, CIVIC_EXPLORATION, 185.0, 124
40, 20, Civic, CIVIC_HUMANISM, 270.9, 138
40, 20, Civic, CIVIC_DIPLOMATIC_SERVICE, 240.2, 98
40, 20, Civic, CIVIC_REFORMED_CHURCH, 517.9, 118
40, 20, Policies, POLICY_GOD_KING, 21.0
40, 20, Policies, POLICY_URBAN_PLANNING, 14.0
40, 20, Policies, POLICY_CARAVANSARIES, 14.0
40, 20, Policies, POLICY_CONSCRIPTION, 36.0
40, 20, Policies, POLICY_CHARISMATIC_LEADER, 14.0
40, 20, Policies, POLICY_LIMES, 18.0
40, 20, Policies, POLICY_TRADE_CONFEDERATION, 28.0
40, 20, Policies, POLICY_PRAETORIUM, 17.0
40, 20, Policies, POLICY_CIVIL_PRESTIGE, 49.0
40, 20, Policies, POLICY_SOVEREIGN_STATE, 90.0
40, 21, Civic, CIVIC_MILITARY_TRAINING, 141.9, 14
40, 21, Civic, CIVIC_THEOLOGY, 137.8, 7
40, 21, Civic, CIVIC_NAVAL_TRADITION, 50.7, 29
40, 21, Civic, CIVIC_CIVIL_SERVICE, 239.7, 1
40, 21, Civic, CIVIC_MERCENARIES, 141.9, 59
40, 21, Civic, CIVIC_MEDIEVAL_FAIRES, 0.0, 55
40, 21, Civic, CIVIC_GUILDS, 239.7, 56
40, 21, Civic, CIVIC_DIVINE_RIGHT, 377.4, 53
40, 21, Civic, CIVIC_EXPLORATION, 141.9, 172
40, 21, Civic, CIVIC_HUMANISM, 239.7, 190
40, 21, Civic, CIVIC_DIPLOMATIC_SERVICE, 239.7, 135
40, 21, Civic, CIVIC_REFORMED_CHURCH, 377.4, 166
40, 21, Policies, POLICY_GOD_KING, 21.0
40, 21, Policies, POLICY_URBAN_PLANNING, 14.0
40, 21, Policies, POLICY_CARAVANSARIES, 14.0
40, 21, Policies, POLICY_CONSCRIPTION, 29.0
40, 21, Policies, POLICY_CHARISMATIC_LEADER, 14.0
40, 21, Policies, POLICY_BASTIONS, 6.0
40, 21, Policies, POLICY_LIMES, 20.0
40, 21, Policies, POLICY_PRAETORIUM, 23.0
40, 21, Policies, POLICY_CIVIL_PRESTIGE, 121.0
40, 21, Policies, POLICY_EQUESTRIAN_ORDERS, 63.0
40, 21, Policies, POLICY_SOVEREIGN_STATE, 90.0
40, 62, Civic, CIVIC_MILITARY_TRADITION, 58.1, 20
40, 62, Civic, CIVIC_STATE_WORKFORCE, 56.5, 28
40, 62, Civic, CIVIC_MYSTICISM, 92.3, 20
40, 62, Civic, CIVIC_GAMES_RECREATION, 56.5, 83
40, 62, Civic, CIVIC_POLITICAL_PHILOSOPHY, 56.5, 83
40, 62, Civic, CIVIC_DRAMA_POETRY, 0.0, 55
40, 62, Civic, CIVIC_MILITARY_TRAINING, 114.6, 163
40, 62, Civic, CIVIC_DEFENSIVE_TACTICS, 56.5, 225
40, 62, Civic, CIVIC_RECORDED_HISTORY, 56.5, 225
40, 62, Civic, CIVIC_THEOLOGY, 92.3, 135
40, 62, Policies, POLICY_CARAVANSARIES, 14.0
40, 0, Civic, CIVIC_MYSTICISM, 275.3, 1
40, 0, Civic, CIVIC_MILITARY_TRAINING, 1536.7, 1
40, 0, Civic, CIVIC_THEOLOGY, 436.2, 3
40, 0, Civic, CIVIC_NAVAL_TRADITION, 127.9, 4
40, 0, Civic, CIVIC_CIVIL_SERVICE, 430.8, 2
40, 0, Civic, CIVIC_MERCENARIES, 1715.2, 8
40, 0, Civic, CIVIC_MEDIEVAL_FAIRES, 3038449.8, 8
40, 0, Civic, CIVIC_GUILDS, 2854768.0, 10
40, 0, Civic, CIVIC_DIVINE_RIGHT, 1360.5, 9
40, 0, Civic, CIVIC_EXPLORATION, 3040763.8, 24
40, 0, Civic, CIVIC_HUMANISM, 5893291.0, 29
40, 0, Civic, CIVIC_DIPLOMATIC_SERVICE, 2855019.0, 17
40, 0, Policies, POLICY_SURVEY, 15.0
40, 0, Policies, POLICY_GOD_KING, 21.0
40, 0, Policies, POLICY_URBAN_PLANNING, 147.0
40, 0, Policies, POLICY_CARAVANSARIES, 45.0
40, 0, Policies, POLICY_CONSCRIPTION, 29.0
40, 0, Policies, POLICY_LAND_SURVEYORS, 50.0
40, 0, Policies, POLICY_COLONIZATION, 86.0
40, 0, Policies, POLICY_INSPIRATION, 25.0
40, 0, Policies, POLICY_INSULAE, 147.0
40, 0, Policies, POLICY_CHARISMATIC_LEADER, 14.0
40, 0, Policies, POLICY_DIPLOMATIC_LEAGUE, 225.0
40, 0, Policies, POLICY_LITERARY_TRADITION, 15.0
40, 0, Policies, POLICY_RAID, 1437.0
40, 0, Policies, POLICY_LIMES, 699.0
40, 0, Policies, POLICY_NATURAL_PHILOSOPHY, 113.0
40, 0, Policies, POLICY_NAVIGATION, 15.0
40, 0, Policies, POLICY_TRADE_CONFEDERATION, 87.0
40, 0, Policies, POLICY_MERCHANT_CONFEDERATION, 45.0
40, 0, Policies, POLICY_TOWN_CHARTERS, 90.0
40, 0, Policies, POLICY_TRAVELING_MERCHANTS, 28.0
40, 0, Policies, POLICY_CHIVALRY, 20.0
40, 0, Policies, POLICY_COLONIAL_OFFICES, 308.0
40, 0, Policies, POLICY_INVENTION, 43.0
40, 0, Policies, POLICY_FRESCOES, 15.0
40, 0, Policies, POLICY_PRAETORIUM, 431.0
40, 0, Policies, POLICY_CIVIL_PRESTIGE, 501.0
40, 0, Policies, POLICY_EQUESTRIAN_ORDERS, 22.0
40, 1, Civic, CIVIC_MILITARY_TRADITION, 1809.6, 1
40, 1, Civic, CIVIC_MYSTICISM, 306.4, 1
40, 1, Civic, CIVIC_MILITARY_TRAINING, 3206.3, 2
40, 1, Civic, CIVIC_THEOLOGY, 474.8, 2
40, 1, Civic, CIVIC_NAVAL_TRADITION, 171.6, 1
40, 1, Civic, CIVIC_MERCENARIES, 3478.8, 3
40, 1, Civic, CIVIC_MEDIEVAL_FAIRES, 7888206.5, 1
40, 1, Civic, CIVIC_GUILDS, 7888174.5, 1
40, 1, Civic, CIVIC_DIVINE_RIGHT, 937.8, 3
40, 1, Civic, CIVIC_HUMANISM, -1000644.5, 3
40, 1, Civic, CIVIC_DIPLOMATIC_SERVICE, 7888686.0, 2
40, 1, Civic, CIVIC_MERCANTILISM, -1000321.2, 4
40, 1, Civic, CIVIC_THE_ENLIGHTENMENT, -999925.4, 6
40, 1, Policies, POLICY_SURVEY, 7.0
40, 1, Policies, POLICY_GOD_KING, 23.0
40, 1, Policies, POLICY_URBAN_PLANNING, 110.0
40, 1, Policies, POLICY_CARAVANSARIES, 82.0
40, 1, Policies, POLICY_CONSCRIPTION, 7.0
40, 1, Policies, POLICY_LAND_SURVEYORS, 46.0
40, 1, Policies, POLICY_COLONIZATION, 66.0
40, 1, Policies, POLICY_INSPIRATION, 31.0
40, 1, Policies, POLICY_INSULAE, 197.0
40, 1, Policies, POLICY_CHARISMATIC_LEADER, 14.0
40, 1, Policies, POLICY_DIPLOMATIC_LEAGUE, 225.0
40, 1, Policies, POLICY_LITERARY_TRADITION, 31.0
40, 1, Policies, POLICY_RAID, 1299.0
40, 1, Policies, POLICY_LIMES, 143.0
40, 1, Policies, POLICY_NATURAL_PHILOSOPHY, 104.0
40, 1, Policies, POLICY_NAVIGATION, 47.0
40, 1, Policies, POLICY_TRADE_CONFEDERATION, 158.0
40, 1, Policies, POLICY_MERCHANT_CONFEDERATION, 133.0
40, 1, Policies, POLICY_TOWN_CHARTERS, 101.0
40, 1, Policies, POLICY_TRAVELING_MERCHANTS, 37.0
40, 1, Policies, POLICY_INVENTION, 62.0
40, 1, Policies, POLICY_FRESCOES, 31.0
40, 1, Policies, POLICY_LOGISTICS, 16.0
40, 1, Policies, POLICY_TRIANGULAR_TRADE, 219.0
40, 1, Policies, POLICY_RATIONALISM, 114.0
40, 1, Policies, POLICY_FREE_MARKET, 130.0
40, 1, Policies, POLICY_LIBERALISM, 42.0
40, 1, Policies, POLICY_PRAETORIUM, 488.0
40, 1, Policies, POLICY_CIVIL_PRESTIGE, 328.0
40, 1, Policies, POLICY_EQUESTRIAN_ORDERS, 83.0
40, 2, Civic, CIVIC_MILITARY_TRAINING, 1933.1, 2
40, 2, Civic, CIVIC_NAVAL_TRADITION, 133.5, 3
40, 2, Civic, CIVIC_MERCENARIES, 1406.8, 6
40, 2, Civic, CIVIC_MEDIEVAL_FAIRES, 0.0, 5
40, 2, Civic, CIVIC_GUILDS, 0.0, 5
40, 2, Civic, CIVIC_DIVINE_RIGHT, 510.7, 1
40, 2, Civic, CIVIC_EXPLORATION, 1869.8, 17
40, 2, Civic, CIVIC_HUMANISM, 79.3, 18
40, 2, Civic, CIVIC_DIPLOMATIC_SERVICE, 351.8, 10
40, 2, Civic, CIVIC_REFORMED_CHURCH, 1427.1, 12
40, 2, Civic, CIVIC_MERCANTILISM, 126.5, 27
40, 2, Civic, CIVIC_THE_ENLIGHTENMENT, 491.5, 32
40, 2, Policies, POLICY_SURVEY, 37.0
40, 2, Policies, POLICY_URBAN_PLANNING, 108.0
40, 2, Policies, POLICY_CARAVANSARIES, 20.0
40, 2, Policies, POLICY_STRATEGOS, 7.0
40, 2, Policies, POLICY_CONSCRIPTION, 7.0
40, 2, Policies, POLICY_LAND_SURVEYORS, 210.0
40, 2, Policies, POLICY_COLONIZATION, 58.0
40, 2, Policies, POLICY_INSPIRATION, 19.0
40, 2, Policies, POLICY_INSULAE, 90.0
40, 2, Policies, POLICY_CHARISMATIC_LEADER, 14.0
40, 2, Policies, POLICY_DIPLOMATIC_LEAGUE, 225.0
40, 2, Policies, POLICY_LITERARY_TRADITION, 15.0
40, 2, Policies, POLICY_RAID, 1299.0
40, 2, Policies, POLICY_LIMES, 543.0
40, 2, Policies, POLICY_NATURAL_PHILOSOPHY, 74.0
40, 2, Policies, POLICY_SCRIPTURE, 306.0
40, 2, Policies, POLICY_NAVIGATION, 23.0
40, 2, Policies, POLICY_RETAINERS, 14.0
40, 2, Policies, POLICY_PROFESSIONAL_ARMY, 11.0
40, 2, Policies, POLICY_TRADE_CONFEDERATION, 46.0
40, 2, Policies, POLICY_COLONIAL_OFFICES, 224.0
40, 2, Policies, POLICY_INVENTION, 31.0
40, 2, Policies, POLICY_FRESCOES, 15.0
40, 2, Policies, POLICY_RELIGIOUS_ORDERS, 40.0
40, 2, Policies, POLICY_SIMULTANEUM, 567.0
40, 2, Policies, POLICY_LOGISTICS, 18.0
40, 2, Policies, POLICY_TRIANGULAR_TRADE, 65.0
40, 2, Policies, POLICY_RATIONALISM, 136.0
40, 2, Policies, POLICY_LIBERALISM, 42.0
40, 2, Policies, POLICY_PRAETORIUM, 277.0
40, 2, Policies, POLICY_CIVIL_PRESTIGE, 201.0
40, 2, Policies, POLICY_EQUESTRIAN_ORDERS, 22.0
40, 3, Civic, CIVIC_MILITARY_TRAINING, 1798.7, 1
40, 3, Civic, CIVIC_NAVAL_TRADITION, 139.5, 2
40, 3, Civic, CIVIC_FEUDALISM, 166.5, 2
40, 3, Civic, CIVIC_CIVIL_SERVICE, 714.8, 2
40, 3, Civic, CIVIC_MERCENARIES, 2259.1, 7
40, 3, Civic, CIVIC_MEDIEVAL_FAIRES, 4283.6, 5
40, 3, Civic, CIVIC_GUILDS, 7101.6, 7
40, 3, Civic, CIVIC_DIVINE_RIGHT, 1324.4, 4
40, 3, Civic, CIVIC_EXPLORATION, 7027.8, 16
40, 3, Civic, CIVIC_HUMANISM, 8932.8, 18
40, 3, Civic, CIVIC_DIPLOMATIC_SERVICE, 5065.8, 11
40, 3, Civic, CIVIC_REFORMED_CHURCH, 7425.6, 12
40, 3, Policies, POLICY_SURVEY, 37.0
40, 3, Policies, POLICY_URBAN_PLANNING, 126.0
40, 3, Policies, POLICY_ILKUM, 9.0
40, 3, Policies, POLICY_AGOGE, 88.0
40, 3, Policies, POLICY_CARAVANSARIES, 136.0
40, 3, Policies, POLICY_LAND_SURVEYORS, 175.0
40, 3, Policies, POLICY_COLONIZATION, 134.0
40, 3, Policies, POLICY_INSPIRATION, 15.0
40, 3, Policies, POLICY_INSULAE, 161.0
40, 3, Policies, POLICY_CHARISMATIC_LEADER, 14.0
40, 3, Policies, POLICY_DIPLOMATIC_LEAGUE, 225.0
40, 3, Policies, POLICY_LITERARY_TRADITION, 15.0
40, 3, Policies, POLICY_RAID, 1717.0
40, 3, Policies, POLICY_LIMES, 240.0
40, 3, Policies, POLICY_SCRIPTURE, 969.0
40, 3, Policies, POLICY_NAVIGATION, 15.0
40, 3, Policies, POLICY_FEUDAL_CONTRACT, 88.0
40, 3, Policies, POLICY_TRADE_CONFEDERATION, 208.0
40, 3, Policies, POLICY_MERCHANT_CONFEDERATION, 122.0
40, 3, Policies, POLICY_TOWN_CHARTERS, 108.0
40, 3, Policies, POLICY_TRAVELING_MERCHANTS, 21.0
40, 3, Policies, POLICY_COLONIAL_OFFICES, 209.0
40, 3, Policies, POLICY_INVENTION, 31.0
40, 3, Policies, POLICY_FRESCOES, 15.0
40, 3, Policies, POLICY_RELIGIOUS_ORDERS, 13.0
40, 3, Policies, POLICY_SIMULTANEUM, 1508.0
40, 3, Policies, POLICY_PRAETORIUM, 284.0
40, 3, Policies, POLICY_CIVIL_PRESTIGE, 737.0
40, 4, Civic, CIVIC_MILITARY_TRADITION, 2211.6, 1
40, 4, Civic, CIVIC_MILITARY_TRAINING, 3754.3, 2
40, 4, Civic, CIVIC_NAVAL_TRADITION, 156.6, 1
40, 4, Civic, CIVIC_MERCENARIES, 3919.8, 3
40, 4, Civic, CIVIC_MEDIEVAL_FAIRES, 5431.8, 2
40, 4, Civic, CIVIC_GUILDS, 5431.8, 2
40, 4, Civic, CIVIC_HUMANISM, 11012.9, 7
40, 4, Civic, CIVIC_DIPLOMATIC_SERVICE, 5917.4, 3
40, 4, Civic, CIVIC_REFORMED_CHURCH, 5923.5, 4
40, 4, Civic, CIVIC_MERCANTILISM, 11156.4, 11
40, 4, Civic, CIVIC_THE_ENLIGHTENMENT, 11623.0, 9
40, 4, Policies, POLICY_SURVEY, 23.0
40, 4, Policies, POLICY_URBAN_PLANNING, 147.0
40, 4, Policies, POLICY_CARAVANSARIES, 22.0
40, 4, Policies, POLICY_CONSCRIPTION, 44.0
40, 4, Policies, POLICY_LAND_SURVEYORS, 127.0
40, 4, Policies, POLICY_COLONIZATION, 91.0
40, 4, Policies, POLICY_INSPIRATION, 20.0
40, 4, Policies, POLICY_INSULAE, 619.0
40, 4, Policies, POLICY_CHARISMATIC_LEADER, 14.0
40, 4, Policies, POLICY_DIPLOMATIC_LEAGUE, 337.0
40, 4, Policies, POLICY_LITERARY_TRADITION, 15.0
40, 4, Policies, POLICY_RAID, 1437.0
40, 4, Policies, POLICY_LIMES, 746.0
40, 4, Policies, POLICY_NATURAL_PHILOSOPHY, 143.0
40, 4, Policies, POLICY_NAVIGATION, 15.0
40, 4, Policies, POLICY_RETAINERS, 28.0
40, 4, Policies, POLICY_PROFESSIONAL_ARMY, 13.0
40, 4, Policies, POLICY_TRADE_CONFEDERATION, 40.0
40, 4, Policies, POLICY_MERCHANT_CONFEDERATION, 182.0
40, 4, Policies, POLICY_AESTHETICS, 58.0
40, 4, Policies, POLICY_TOWN_CHARTERS, 80.0
40, 4, Policies, POLICY_TRAVELING_MERCHANTS, 21.0
40, 4, Policies, POLICY_INVENTION, 43.0
40, 4, Policies, POLICY_FRESCOES, 15.0
40, 4, Policies, POLICY_RELIGIOUS_ORDERS, 83.0
40, 4, Policies, POLICY_LOGISTICS, 69.0
40, 4, Policies, POLICY_TRIANGULAR_TRADE, 55.0
40, 4, Policies, POLICY_RATIONALISM, 108.0
40, 4, Policies, POLICY_FREE_MARKET, 44.0
40, 4, Policies, POLICY_LIBERALISM, 70.0
40, 4, Policies, POLICY_PRAETORIUM, 534.0
40, 4, Policies, POLICY_CIVIL_PRESTIGE, 717.0
40, 2, Civic, CIVIC_MILITARY_TRAINING, 1933.1, 2
40, 2, Civic, CIVIC_NAVAL_TRADITION, 133.5, 3
40, 2, Civic, CIVIC_MERCENARIES, 1406.8, 6
40, 2, Civic, CIVIC_MEDIEVAL_FAIRES, 0.0, 5
40, 2, Civic, CIVIC_GUILDS, 0.0, 5
40, 2, Civic, CIVIC_DIVINE_RIGHT, 510.7, 1
40, 2, Civic, CIVIC_EXPLORATION, 1869.8, 17
40, 2, Civic, CIVIC_HUMANISM, 79.3, 18
40, 2, Civic, CIVIC_DIPLOMATIC_SERVICE, 351.8, 10
40, 2, Civic, CIVIC_REFORMED_CHURCH, 1427.1, 12
40, 2, Civic, CIVIC_MERCANTILISM, 126.5, 27
40, 2, Civic, CIVIC_THE_ENLIGHTENMENT, 491.5, 32
40, 2, Policies, POLICY_SURVEY, 37.0
40, 2, Policies, POLICY_URBAN_PLANNING, 108.0
40, 2, Policies, POLICY_CARAVANSARIES, 20.0
40, 2, Policies, POLICY_STRATEGOS, 7.0
40, 2, Policies, POLICY_CONSCRIPTION, 7.0
40, 2, Policies, POLICY_LAND_SURVEYORS, 210.0
40, 2, Policies, POLICY_COLONIZATION, 58.0
40, 2, Policies, POLICY_INSPIRATION, 19.0
40, 2, Policies, POLICY_INSULAE, 90.0
40, 2, Policies, POLICY_CHARISMATIC_LEADER, 14.0
40, 2, Policies, POLICY_DIPLOMATIC_LEAGUE, 225.0
40, 2, Policies, POLICY_LITERARY_TRADITION, 15.0
40, 2, Policies, POLICY_RAID, 1299.0
40, 2, Policies, POLICY_LIMES, 543.0
40, 2, Policies, POLICY_NATURAL_PHILOSOPHY, 74.0
40, 2, Policies, POLICY_SCRIPTURE, 306.0
40, 2, Policies, POLICY_NAVIGATION, 23.0
40, 2, Policies, POLICY_RETAINERS, 14.0
40, 2, Policies, POLICY_PROFESSIONAL_ARMY, 11.0
40, 2, Policies, POLICY_TRADE_CONFEDERATION, 46.0
40, 2, Policies, POLICY_COLONIAL_OFFICES, 224.0
40, 2, Policies, POLICY_INVENTION, 31.0
40, 2, Policies, POLICY_FRESCOES, 15.0
40, 2, Policies, POLICY_RELIGIOUS_ORDERS, 40.0
40, 2, Policies, POLICY_SIMULTANEUM, 567.0
40, 2, Policies, POLICY_LOGISTICS, 18.0
40, 2, Policies, POLICY_TRIANGULAR_TRADE, 65.0
40, 2, Policies, POLICY_RATIONALISM, 136.0
40, 2, Policies, POLICY_LIBERALISM, 42.0
40, 2, Policies, POLICY_PRAETORIUM, 277.0
40, 2, Policies, POLICY_CIVIL_PRESTIGE, 201.0
40, 2, Policies, POLICY_EQUESTRIAN_ORDERS, 22.0
40, 3, Civic, CIVIC_MILITARY_TRAINING, 1798.7, 1
40, 3, Civic, CIVIC_NAVAL_TRADITION, 139.5, 2
40, 3, Civic, CIVIC_FEUDALISM, 166.5, 2
40, 3, Civic, CIVIC_CIVIL_SERVICE, 714.8, 2
40, 3, Civic, CIVIC_MERCENARIES, 2259.1, 7
40, 3, Civic, CIVIC_MEDIEVAL_FAIRES, 4283.6, 5
40, 3, Civic, CIVIC_GUILDS, 7101.6, 7
40, 3, Civic, CIVIC_DIVINE_RIGHT, 1324.4, 4
40, 3, Civic, CIVIC_EXPLORATION, 7027.8, 16
40, 3, Civic, CIVIC_HUMANISM, 8932.8, 18
40, 3, Civic, CIVIC_DIPLOMATIC_SERVICE, 5065.8, 11
40, 3, Civic, CIVIC_REFORMED_CHURCH, 7425.6, 12
40, 3, Policies, POLICY_SURVEY, 37.0
40, 3, Policies, POLICY_URBAN_PLANNING, 126.0
40, 3, Policies, POLICY_ILKUM, 9.0
40, 3, Policies, POLICY_AGOGE, 88.0
40, 3, Policies, POLICY_CARAVANSARIES, 136.0
40, 3, Policies, POLICY_LAND_SURVEYORS, 175.0
40, 3, Policies, POLICY_COLONIZATION, 134.0
40, 3, Policies, POLICY_INSPIRATION, 15.0
40, 3, Policies, POLICY_INSULAE, 161.0
40, 3, Policies, POLICY_CHARISMATIC_LEADER, 14.0
40, 3, Policies, POLICY_DIPLOMATIC_LEAGUE, 225.0
40, 3, Policies, POLICY_LITERARY_TRADITION, 15.0
40, 3, Policies, POLICY_RAID, 1717.0
40, 3, Policies, POLICY_LIMES, 240.0
40, 3, Policies, POLICY_SCRIPTURE, 969.0
40, 3, Policies, POLICY_NAVIGATION, 15.0
40, 3, Policies, POLICY_FEUDAL_CONTRACT, 88.0
40, 3, Policies, POLICY_TRADE_CONFEDERATION, 208.0
40, 3, Policies, POLICY_MERCHANT_CONFEDERATION, 122.0
40, 3, Policies, POLICY_TOWN_CHARTERS, 108.0
40, 3, Policies, POLICY_TRAVELING_MERCHANTS, 21.0
40, 3, Policies, POLICY_COLONIAL_OFFICES, 209.0
40, 3, Policies, POLICY_INVENTION, 31.0
40, 3, Policies, POLICY_FRESCOES, 15.0
40, 3, Policies, POLICY_RELIGIOUS_ORDERS, 13.0
40, 3, Policies, POLICY_SIMULTANEUM, 1508.0
40, 3, Policies, POLICY_PRAETORIUM, 284.0
40, 3, Policies, POLICY_CIVIL_PRESTIGE, 737.0
40, 2, Civic, CIVIC_MILITARY_TRAINING, 1933.1, 2
40, 2, Civic, CIVIC_NAVAL_TRADITION, 133.5, 3
40, 2, Civic, CIVIC_MERCENARIES, 1406.8, 6
40, 2, Civic, CIVIC_MEDIEVAL_FAIRES, 0.0, 5
40, 2, Civic, CIVIC_GUILDS, 0.0, 5
40, 2, Civic, CIVIC_DIVINE_RIGHT, 510.7, 1
40, 2, Civic, CIVIC_EXPLORATION, 1869.8, 17
40, 2, Civic, CIVIC_HUMANISM, 79.3, 18
40, 2, Civic, CIVIC_DIPLOMATIC_SERVICE, 351.8, 10
40, 2, Civic, CIVIC_REFORMED_CHURCH, 1427.1, 12
40, 2, Civic, CIVIC_MERCANTILISM, 126.5, 27
40, 2, Civic, CIVIC_THE_ENLIGHTENMENT, 491.5, 32
40, 2, Policies, POLICY_SURVEY, 37.0
40, 2, Policies, POLICY_URBAN_PLANNING, 108.0
40, 2, Policies, POLICY_CARAVANSARIES, 20.0
40, 2, Policies, POLICY_STRATEGOS, 7.0
40, 2, Policies, POLICY_CONSCRIPTION, 7.0
40, 2, Policies, POLICY_LAND_SURVEYORS, 210.0
40, 2, Policies, POLICY_COLONIZATION, 58.0
40, 2, Policies, POLICY_INSPIRATION, 19.0
40, 2, Policies, POLICY_INSULAE, 90.0
40, 2, Policies, POLICY_CHARISMATIC_LEADER, 14.0
40, 2, Policies, POLICY_DIPLOMATIC_LEAGUE, 225.0
40, 2, Policies, POLICY_LITERARY_TRADITION, 15.0
40, 2, Policies, POLICY_RAID, 1299.0
40, 2, Policies, POLICY_LIMES, 543.0
40, 2, Policies, POLICY_NATURAL_PHILOSOPHY, 74.0
40, 2, Policies, POLICY_SCRIPTURE, 306.0
40, 2, Policies, POLICY_NAVIGATION, 23.0
40, 2, Policies, POLICY_RETAINERS, 14.0
40, 2, Policies, POLICY_PROFESSIONAL_ARMY, 11.0
40, 2, Policies, POLICY_TRADE_CONFEDERATION, 46.0
40, 2, Policies, POLICY_COLONIAL_OFFICES, 224.0
40, 2, Policies, POLICY_INVENTION, 31.0
40, 2, Policies, POLICY_FRESCOES, 15.0
40, 2, Policies, POLICY_RELIGIOUS_ORDERS, 40.0
40, 2, Policies, POLICY_SIMULTANEUM, 567.0
40, 2, Policies, POLICY_LOGISTICS, 18.0
40, 2, Policies, POLICY_TRIANGULAR_TRADE, 65.0
40, 2, Policies, POLICY_RATIONALISM, 136.0
40, 2, Policies, POLICY_LIBERALISM, 42.0
40, 2, Policies, POLICY_PRAETORIUM, 277.0
40, 2, Policies, POLICY_CIVIL_PRESTIGE, 201.0
40, 2, Policies, POLICY_EQUESTRIAN_ORDERS, 22.0
40, 0, Civic, CIVIC_MYSTICISM, 275.3, 1
40, 0, Civic, CIVIC_MILITARY_TRAINING, 1536.7, 1
40, 0, Civic, CIVIC_THEOLOGY, 436.2, 3
40, 0, Civic, CIVIC_NAVAL_TRADITION, 127.9, 4
40, 0, Civic, CIVIC_CIVIL_SERVICE, 430.8, 2
40, 0, Civic, CIVIC_MERCENARIES, 1715.2, 8
40, 0, Civic, CIVIC_MEDIEVAL_FAIRES, 3038449.8, 8
40, 0, Civic, CIVIC_GUILDS, 2854768.0, 10
40, 0, Civic, CIVIC_DIVINE_RIGHT, 1360.5, 9
40, 0, Civic, CIVIC_EXPLORATION, 3040763.8, 24
40, 0, Civic, CIVIC_HUMANISM, 5893291.0, 29
40, 0, Civic, CIVIC_DIPLOMATIC_SERVICE, 2855019.0, 17
40, 0, Policies, POLICY_SURVEY, 15.0
40, 0, Policies, POLICY_GOD_KING, 21.0
40, 0, Policies, POLICY_URBAN_PLANNING, 147.0
40, 0, Policies, POLICY_CARAVANSARIES, 45.0
40, 0, Policies, POLICY_CONSCRIPTION, 29.0
40, 0, Policies, POLICY_LAND_SURVEYORS, 50.0
40, 0, Policies, POLICY_COLONIZATION, 86.0
40, 0, Policies, POLICY_INSPIRATION, 25.0
40, 0, Policies, POLICY_INSULAE, 147.0
40, 0, Policies, POLICY_CHARISMATIC_LEADER, 14.0
40, 0, Policies, POLICY_DIPLOMATIC_LEAGUE, 225.0
40, 0, Policies, POLICY_LITERARY_TRADITION, 15.0
40, 0, Policies, POLICY_RAID, 1437.0
40, 0, Policies, POLICY_LIMES, 699.0
40, 0, Policies, POLICY_NATURAL_PHILOSOPHY, 113.0
40, 0, Policies, POLICY_NAVIGATION, 15.0
40, 0, Policies, POLICY_TRADE_CONFEDERATION, 87.0
40, 0, Policies, POLICY_MERCHANT_CONFEDERATION, 45.0
40, 0, Policies, POLICY_TOWN_CHARTERS, 90.0
40, 0, Policies, POLICY_TRAVELING_MERCHANTS, 28.0
40, 0, Policies, POLICY_CHIVALRY, 20.0
40, 0, Policies, POLICY_COLONIAL_OFFICES, 308.0
40, 0, Policies, POLICY_INVENTION, 43.0
40, 0, Policies, POLICY_FRESCOES, 15.0
40, 0, Policies, POLICY_PRAETORIUM, 431.0
40, 0, Policies, POLICY_CIVIL_PRESTIGE, 501.0
40, 0, Policies, POLICY_EQUESTRIAN_ORDERS, 22.0
40, 0, Civic, CIVIC_MYSTICISM, 275.3, 1
40, 0, Civic, CIVIC_MILITARY_TRAINING, 1536.7, 1
40, 0, Civic, CIVIC_THEOLOGY, 436.2, 3
40, 0, Civic, CIVIC_NAVAL_TRADITION, 127.9, 4
40, 0, Civic, CIVIC_CIVIL_SERVICE, 430.8, 2
40, 0, Civic, CIVIC_MERCENARIES, 1715.2, 8
40, 0, Civic, CIVIC_MEDIEVAL_FAIRES, 3038449.8, 8
40, 0, Civic, CIVIC_GUILDS, 2854768.0, 10
40, 0, Civic, CIVIC_DIVINE_RIGHT, 1360.5, 9
40, 0, Civic, CIVIC_EXPLORATION, 3040763.8, 24
40, 0, Civic, CIVIC_HUMANISM, 5893291.0, 29
40, 0, Civic, CIVIC_DIPLOMATIC_SERVICE, 2855019.0, 17
40, 0, Policies, POLICY_SURVEY, 15.0
40, 0, Policies, POLICY_GOD_KING, 21.0
40, 0, Policies, POLICY_URBAN_PLANNING, 147.0
40, 0, Policies, POLICY_CARAVANSARIES, 45.0
40, 0, Policies, POLICY_CONSCRIPTION, 29.0
40, 0, Policies, POLICY_LAND_SURVEYORS, 50.0
40, 0, Policies, POLICY_COLONIZATION, 86.0
40, 0, Policies, POLICY_INSPIRATION, 25.0
40, 0, Policies, POLICY_INSULAE, 147.0
40, 0, Policies, POLICY_CHARISMATIC_LEADER, 14.0
40, 0, Policies, POLICY_DIPLOMATIC_LEAGUE, 225.0
40, 0, Policies, POLICY_LITERARY_TRADITION, 15.0
40, 0, Policies, POLICY_RAID, 1437.0
40, 0, Policies, POLICY_LIMES, 699.0
40, 0, Policies, POLICY_NATURAL_PHILOSOPHY, 113.0
40, 0, Policies, POLICY_NAVIGATION, 15.0
40, 0, Policies, POLICY_TRADE_CONFEDERATION, 87.0
40, 0, Policies, POLICY_MERCHANT_CONFEDERATION, 45.0
40, 0, Policies, POLICY_TOWN_CHARTERS, 90.0
40, 0, Policies, POLICY_TRAVELING_MERCHANTS, 28.0
40, 0, Policies, POLICY_CHIVALRY, 20.0
40, 0, Policies, POLICY_COLONIAL_OFFICES, 308.0
40, 0, Policies, POLICY_INVENTION, 43.0
40, 0, Policies, POLICY_FRESCOES, 15.0
40, 0, Policies, POLICY_PRAETORIUM, 431.0
40, 0, Policies, POLICY_CIVIL_PRESTIGE, 501.0
40, 0, Policies, POLICY_EQUESTRIAN_ORDERS, 22.0
40, 3, Civic, CIVIC_MILITARY_TRAINING, 1798.7, 1
40, 3, Civic, CIVIC_NAVAL_TRADITION, 139.5, 2
40, 3, Civic, CIVIC_FEUDALISM, 166.5, 2
40, 3, Civic, CIVIC_CIVIL_SERVICE, 714.8, 2
40, 3, Civic, CIVIC_MERCENARIES, 2259.1, 7
40, 3, Civic, CIVIC_MEDIEVAL_FAIRES, 4283.6, 5
40, 3, Civic, CIVIC_GUILDS, 7101.6, 7
40, 3, Civic, CIVIC_DIVINE_RIGHT, 1324.4, 4
40, 3, Civic, CIVIC_EXPLORATION, 7027.8, 16
40, 3, Civic, CIVIC_HUMANISM, 8932.8, 18
40, 3, Civic, CIVIC_DIPLOMATIC_SERVICE, 5065.8, 11
40, 3, Civic, CIVIC_REFORMED_CHURCH, 7425.6, 12
40, 3, Policies, POLICY_SURVEY, 37.0
40, 3, Policies, POLICY_URBAN_PLANNING, 126.0
40, 3, Policies, POLICY_ILKUM, 9.0
40, 3, Policies, POLICY_AGOGE, 88.0
40, 3, Policies, POLICY_CARAVANSARIES, 136.0
40, 3, Policies, POLICY_LAND_SURVEYORS, 175.0
40, 3, Policies, POLICY_COLONIZATION, 134.0
40, 3, Policies, POLICY_INSPIRATION, 15.0
40, 3, Policies, POLICY_INSULAE, 161.0
40, 3, Policies, POLICY_CHARISMATIC_LEADER, 14.0
40, 3, Policies, POLICY_DIPLOMATIC_LEAGUE, 225.0
40, 3, Policies, POLICY_LITERARY_TRADITION, 15.0
40, 3, Policies, POLICY_RAID, 1717.0
40, 3, Policies, POLICY_LIMES, 240.0
40, 3, Policies, POLICY_SCRIPTURE, 969.0
40, 3, Policies, POLICY_NAVIGATION, 15.0
40, 3, Policies, POLICY_FEUDAL_CONTRACT, 88.0
40, 3, Policies, POLICY_TRADE_CONFEDERATION, 208.0
40, 3, Policies, POLICY_MERCHANT_CONFEDERATION, 122.0
40, 3, Policies, POLICY_TOWN_CHARTERS, 108.0
40, 3, Policies, POLICY_TRAVELING_MERCHANTS, 21.0
40, 3, Policies, POLICY_COLONIAL_OFFICES, 209.0
40, 3, Policies, POLICY_INVENTION, 31.0
40, 3, Policies, POLICY_FRESCOES, 15.0
40, 3, Policies, POLICY_RELIGIOUS_ORDERS, 13.0
40, 3, Policies, POLICY_SIMULTANEUM, 1508.0
40, 3, Policies, POLICY_PRAETORIUM, 284.0
40, 3, Policies, POLICY_CIVIL_PRESTIGE, 737.0
40, 0, Civic, CIVIC_MYSTICISM, 275.3, 1
40, 0, Civic, CIVIC_MILITARY_TRAINING, 1536.7, 1
40, 0, Civic, CIVIC_THEOLOGY, 436.2, 3
40, 0, Civic, CIVIC_NAVAL_TRADITION, 127.9, 4
40, 0, Civic, CIVIC_CIVIL_SERVICE, 430.8, 2
40, 0, Civic, CIVIC_MERCENARIES, 1715.2, 8
40, 0, Civic, CIVIC_MEDIEVAL_FAIRES, 3038449.8, 8
40, 0, Civic, CIVIC_GUILDS, 2854768.0, 10
40, 0, Civic, CIVIC_DIVINE_RIGHT, 1360.5, 9
40, 0, Civic, CIVIC_EXPLORATION, 3040763.8, 24
40, 0, Civic, CIVIC_HUMANISM, 5893291.0, 29
40, 0, Civic, CIVIC_DIPLOMATIC_SERVICE, 2855019.0, 17
40, 0, Policies, POLICY_SURVEY, 15.0
40, 0, Policies, POLICY_GOD_KING, 21.0
40, 0, Policies, POLICY_URBAN_PLANNING, 147.0
40, 0, Policies, POLICY_CARAVANSARIES, 45.0
40, 0, Policies, POLICY_CONSCRIPTION, 29.0
40, 0, Policies, POLICY_LAND_SURVEYORS, 50.0
40, 0, Policies, POLICY_COLONIZATION, 86.0
40, 0, Policies, POLICY_INSPIRATION, 25.0
40, 0, Policies, POLICY_INSULAE, 147.0
40, 0, Policies, POLICY_CHARISMATIC_LEADER, 14.0
40, 0, Policies, POLICY_DIPLOMATIC_LEAGUE, 225.0
40, 0, Policies, POLICY_LITERARY_TRADITION, 15.0
40, 0, Policies, POLICY_RAID, 1437.0
40, 0, Policies, POLICY_LIMES, 699.0
40, 0, Policies, POLICY_NATURAL_PHILOSOPHY, 113.0
40, 0, Policies, POLICY_NAVIGATION, 15.0
40, 0, Policies, POLICY_TRADE_CONFEDERATION, 87.0
40, 0, Policies, POLICY_MERCHANT_CONFEDERATION, 45.0
40, 0, Policies, POLICY_TOWN_CHARTERS, 90.0
40, 0, Policies, POLICY_TRAVELING_MERCHANTS, 28.0
40, 0, Policies, POLICY_CHIVALRY, 20.0
40, 0, Policies, POLICY_COLONIAL_OFFICES, 308.0
40, 0, Policies, POLICY_INVENTION, 43.0
40, 0, Policies, POLICY_FRESCOES, 15.0
40, 0, Policies, POLICY_PRAETORIUM, 431.0
40, 0, Policies, POLICY_CIVIL_PRESTIGE, 501.0
40, 0, Policies, POLICY_EQUESTRIAN_ORDERS, 22.0
40, 2, Civic, CIVIC_MILITARY_TRAINING, 1933.1, 2
40, 2, Civic, CIVIC_NAVAL_TRADITION, 133.5, 3
40, 2, Civic, CIVIC_MERCENARIES, 1406.8, 6
40, 2, Civic, CIVIC_MEDIEVAL_FAIRES, 0.0, 5
40, 2, Civic, CIVIC_GUILDS, 0.0, 5
40, 2, Civic, CIVIC_DIVINE_RIGHT, 510.7, 1
40, 2, Civic, CIVIC_EXPLORATION, 1869.8, 17
40, 2, Civic, CIVIC_HUMANISM, 79.3, 18
40, 2, Civic, CIVIC_DIPLOMATIC_SERVICE, 351.8, 10
40, 2, Civic, CIVIC_REFORMED_CHURCH, 1427.1, 12
40, 2, Civic, CIVIC_MERCANTILISM, 126.5, 27
40, 2, Civic, CIVIC_THE_ENLIGHTENMENT, 491.5, 32
40, 2, Policies, POLICY_SURVEY, 37.0
40, 2, Policies, POLICY_URBAN_PLANNING, 108.0
40, 2, Policies, POLICY_CARAVANSARIES, 20.0
40, 2, Policies, POLICY_STRATEGOS, 7.0
40, 2, Policies, POLICY_CONSCRIPTION, 7.0
40, 2, Policies, POLICY_LAND_SURVEYORS, 210.0
40, 2, Policies, POLICY_COLONIZATION, 58.0
40, 2, Policies, POLICY_INSPIRATION, 19.0
40, 2, Policies, POLICY_INSULAE, 90.0
40, 2, Policies, POLICY_CHARISMATIC_LEADER, 14.0
40, 2, Policies, POLICY_DIPLOMATIC_LEAGUE, 225.0
40, 2, Policies, POLICY_LITERARY_TRADITION, 15.0
40, 2, Policies, POLICY_RAID, 1299.0
40, 2, Policies, POLICY_LIMES, 543.0
40, 2, Policies, POLICY_NATURAL_PHILOSOPHY, 74.0
40, 2, Policies, POLICY_SCRIPTURE, 306.0
40, 2, Policies, POLICY_NAVIGATION, 23.0
40, 2, Policies, POLICY_RETAINERS, 14.0
40, 2, Policies, POLICY_PROFESSIONAL_ARMY, 11.0
40, 2, Policies, POLICY_TRADE_CONFEDERATION, 46.0
40, 2, Policies, POLICY_COLONIAL_OFFICES, 224.0
40, 2, Policies, POLICY_INVENTION, 31.0
40, 2, Policies, POLICY_FRESCOES, 15.0
40, 2, Policies, POLICY_RELIGIOUS_ORDERS, 40.0
40, 2, Policies, POLICY_SIMULTANEUM, 567.0
40, 2, Policies, POLICY_LOGISTICS, 18.0
40, 2, Policies, POLICY_TRIANGULAR_TRADE, 65.0
40, 2, Policies, POLICY_RATIONALISM, 136.0
40, 2, Policies, POLICY_LIBERALISM, 42.0
40, 2, Policies, POLICY_PRAETORIUM, 277.0
40, 2, Policies, POLICY_CIVIL_PRESTIGE, 201.0
40, 2, Policies, POLICY_EQUESTRIAN_ORDERS, 22.0
40, 0, Civic, CIVIC_MYSTICISM, 275.3, 1
40, 0, Civic, CIVIC_MILITARY_TRAINING, 1536.7, 1
40, 0, Civic, CIVIC_THEOLOGY, 436.2, 3
40, 0, Civic, CIVIC_NAVAL_TRADITION, 127.9, 4
40, 0, Civic, CIVIC_CIVIL_SERVICE, 430.8, 2
40, 0, Civic, CIVIC_MERCENARIES, 1715.2, 8
40, 0, Civic, CIVIC_MEDIEVAL_FAIRES, 3038449.8, 8
40, 0, Civic, CIVIC_GUILDS, 2854768.0, 10
40, 0, Civic, CIVIC_DIVINE_RIGHT, 1360.5, 9
40, 0, Civic, CIVIC_EXPLORATION, 3040763.8, 24
40, 0, Civic, CIVIC_HUMANISM, 5893291.0, 29
40, 0, Civic, CIVIC_DIPLOMATIC_SERVICE, 2855019.0, 17
40, 0, Policies, POLICY_SURVEY, 15.0
40, 0, Policies, POLICY_GOD_KING, 21.0
40, 0, Policies, POLICY_URBAN_PLANNING, 147.0
40, 0, Policies, POLICY_CARAVANSARIES, 45.0
40, 0, Policies, POLICY_CONSCRIPTION, 29.0
40, 0, Policies, POLICY_LAND_SURVEYORS, 50.0
40, 0, Policies, POLICY_COLONIZATION, 86.0
40, 0, Policies, POLICY_INSPIRATION, 25.0
40, 0, Policies, POLICY_INSULAE, 147.0
40, 0, Policies, POLICY_CHARISMATIC_LEADER, 14.0
40, 0, Policies, POLICY_DIPLOMATIC_LEAGUE, 225.0
40, 0, Policies, POLICY_LITERARY_TRADITION, 15.0
40, 0, Policies, POLICY_RAID, 1437.0
40, 0, Policies, POLICY_LIMES, 699.0
40, 0, Policies, POLICY_NATURAL_PHILOSOPHY, 113.0
40, 0, Policies, POLICY_NAVIGATION, 15.0
40, 0, Policies, POLICY_TRADE_CONFEDERATION, 87.0
40, 0, Policies, POLICY_MERCHANT_CONFEDERATION, 45.0
40, 0, Policies, POLICY_TOWN_CHARTERS, 90.0
40, 0, Policies, POLICY_TRAVELING_MERCHANTS, 28.0
40, 0, Policies, POLICY_CHIVALRY, 20.0
40, 0, Policies, POLICY_COLONIAL_OFFICES, 308.0
40, 0, Policies, POLICY_INVENTION, 43.0
40, 0, Policies, POLICY_FRESCOES, 15.0
40, 0, Policies, POLICY_PRAETORIUM, 431.0
40, 0, Policies, POLICY_CIVIL_PRESTIGE, 501.0
40, 0, Policies, POLICY_EQUESTRIAN_ORDERS, 22.0
40, 2, Civic, CIVIC_MILITARY_TRAINING, 1933.1, 2
40, 2, Civic, CIVIC_NAVAL_TRADITION, 133.5, 3
40, 2, Civic, CIVIC_MERCENARIES, 1406.8, 6
40, 2, Civic, CIVIC_MEDIEVAL_FAIRES, 0.0, 5
40, 2, Civic, CIVIC_GUILDS, 0.0, 5
40, 2, Civic, CIVIC_DIVINE_RIGHT, 510.7, 1
40, 2, Civic, CIVIC_EXPLORATION, 1869.8, 17
40, 2, Civic, CIVIC_HUMANISM, 79.3, 18
40, 2, Civic, CIVIC_DIPLOMATIC_SERVICE, 351.8, 10
40, 2, Civic, CIVIC_REFORMED_CHURCH, 1427.1, 12
40, 2, Civic, CIVIC_MERCANTILISM, 126.5, 27
40, 2, Civic, CIVIC_THE_ENLIGHTENMENT, 491.5, 32
40, 2, Policies, POLICY_SURVEY, 37.0
40, 2, Policies, POLICY_URBAN_PLANNING, 108.0
40, 2, Policies, POLICY_CARAVANSARIES, 20.0
40, 2, Policies, POLICY_STRATEGOS, 7.0
40, 2, Policies, POLICY_CONSCRIPTION, 7.0
40, 2, Policies, POLICY_LAND_SURVEYORS, 210.0
40, 2, Policies, POLICY_COLONIZATION, 58.0
40, 2, Policies, POLICY_INSPIRATION, 19.0
40, 2, Policies, POLICY_INSULAE, 90.0
40, 2, Policies, POLICY_CHARISMATIC_LEADER, 14.0
40, 2, Policies, POLICY_DIPLOMATIC_LEAGUE, 225.0
40, 2, Policies, POLICY_LITERARY_TRADITION, 15.0
40, 2, Policies, POLICY_RAID, 1299.0
40, 2, Policies, POLICY_LIMES, 543.0
40, 2, Policies, POLICY_NATURAL_PHILOSOPHY, 74.0
40, 2, Policies, POLICY_SCRIPTURE, 306.0
40, 2, Policies, POLICY_NAVIGATION, 23.0
40, 2, Policies, POLICY_RETAINERS, 14.0
40, 2, Policies, POLICY_PROFESSIONAL_ARMY, 11.0
40, 2, Policies, POLICY_TRADE_CONFEDERATION, 46.0
40, 2, Policies, POLICY_COLONIAL_OFFICES, 224.0
40, 2, Policies, POLICY_INVENTION, 31.0
40, 2, Policies, POLICY_FRESCOES, 15.0
40, 2, Policies, POLICY_RELIGIOUS_ORDERS, 40.0
40, 2, Policies, POLICY_SIMULTANEUM, 567.0
40, 2, Policies, POLICY_LOGISTICS, 18.0
40, 2, Policies, POLICY_TRIANGULAR_TRADE, 65.0
40, 2, Policies, POLICY_RATIONALISM, 136.0
40, 2, Policies, POLICY_LIBERALISM, 42.0
40, 2, Policies, POLICY_PRAETORIUM, 277.0
40, 2, Policies, POLICY_CIVIL_PRESTIGE, 201.0
40, 2, Policies, POLICY_EQUESTRIAN_ORDERS, 22.0
40, 0, Civic, CIVIC_MYSTICISM, 275.3, 1
40, 0, Civic, CIVIC_MILITARY_TRAINING, 1536.7, 1
40, 0, Civic, CIVIC_THEOLOGY, 436.2, 3
40, 0, Civic, CIVIC_NAVAL_TRADITION, 127.9, 4
40, 0, Civic, CIVIC_CIVIL_SERVICE, 430.8, 2
40, 0, Civic, CIVIC_MERCENARIES, 1715.2, 8
40, 0, Civic, CIVIC_MEDIEVAL_FAIRES, 3038449.8, 8
40, 0, Civic, CIVIC_GUILDS, 2854768.0, 10
40, 0, Civic, CIVIC_DIVINE_RIGHT, 1360.5, 9
40, 0, Civic, CIVIC_EXPLORATION, 3040763.8, 24
40, 0, Civic, CIVIC_HUMANISM, 5893291.0, 29
40, 0, Civic, CIVIC_DIPLOMATIC_SERVICE, 2855019.0, 17
40, 0, Policies, POLICY_SURVEY, 15.0
40, 0, Policies, POLICY_GOD_KING, 21.0
40, 0, Policies, POLICY_URBAN_PLANNING, 147.0
40, 0, Policies, POLICY_CARAVANSARIES, 45.0
40, 0, Policies, POLICY_CONSCRIPTION, 29.0
40, 0, Policies, POLICY_LAND_SURVEYORS, 50.0
40, 0, Policies, POLICY_COLONIZATION, 86.0
40, 0, Policies, POLICY_INSPIRATION, 25.0
40, 0, Policies, POLICY_INSULAE, 147.0
40, 0, Policies, POLICY_CHARISMATIC_LEADER, 14.0
40, 0, Policies, POLICY_DIPLOMATIC_LEAGUE, 225.0
40, 0, Policies, POLICY_LITERARY_TRADITION, 15.0
40, 0, Policies, POLICY_RAID, 1437.0
40, 0, Policies, POLICY_LIMES, 699.0
40, 0, Policies, POLICY_NATURAL_PHILOSOPHY, 113.0
40, 0, Policies, POLICY_NAVIGATION, 15.0
40, 0, Policies, POLICY_TRADE_CONFEDERATION, 87.0
40, 0, Policies, POLICY_MERCHANT_CONFEDERATION, 45.0
40, 0, Policies, POLICY_TOWN_CHARTERS, 90.0
40, 0, Policies, POLICY_TRAVELING_MERCHANTS, 28.0
40, 0, Policies, POLICY_CHIVALRY, 20.0
40, 0, Policies, POLICY_COLONIAL_OFFICES, 308.0
40, 0, Policies, POLICY_INVENTION, 43.0
40, 0, Policies, POLICY_FRESCOES, 15.0
40, 0, Policies, POLICY_PRAETORIUM, 431.0
40, 0, Policies, POLICY_CIVIL_PRESTIGE, 501.0
40, 0, Policies, POLICY_EQUESTRIAN_ORDERS, 22.0
40, 0, Civic, CIVIC_MYSTICISM, 275.3, 1
40, 0, Civic, CIVIC_MILITARY_TRAINING, 1536.7, 1
40, 0, Civic, CIVIC_THEOLOGY, 436.2, 3
40, 0, Civic, CIVIC_NAVAL_TRADITION, 127.9, 4
40, 0, Civic, CIVIC_CIVIL_SERVICE, 430.8, 2
40, 0, Civic, CIVIC_MERCENARIES, 1715.2, 8
40, 0, Civic, CIVIC_MEDIEVAL_FAIRES, 3038449.8, 8
40, 0, Civic, CIVIC_GUILDS, 2854768.0, 10
40, 0, Civic, CIVIC_DIVINE_RIGHT, 1360.5, 9
40, 0, Civic, CIVIC_EXPLORATION, 3040763.8, 24
40, 0, Civic, CIVIC_HUMANISM, 5893291.0, 29
40, 0, Civic, CIVIC_DIPLOMATIC_SERVICE, 2855019.0, 17
40, 0, Policies, POLICY_SURVEY, 15.0
40, 0, Policies, POLICY_GOD_KING, 21.0
40, 0, Policies, POLICY_URBAN_PLANNING, 147.0
40, 0, Policies, POLICY_CARAVANSARIES, 45.0
40, 0, Policies, POLICY_CONSCRIPTION, 29.0
40, 0, Policies, POLICY_LAND_SURVEYORS, 50.0
40, 0, Policies, POLICY_COLONIZATION, 86.0
40, 0, Policies, POLICY_INSPIRATION, 25.0
40, 0, Policies, POLICY_INSULAE, 147.0
40, 0, Policies, POLICY_CHARISMATIC_LEADER, 14.0
40, 0, Policies, POLICY_DIPLOMATIC_LEAGUE, 225.0
40, 0, Policies, POLICY_LITERARY_TRADITION, 15.0
40, 0, Policies, POLICY_RAID, 1437.0
40, 0, Policies, POLICY_LIMES, 699.0
40, 0, Policies, POLICY_NATURAL_PHILOSOPHY, 113.0
40, 0, Policies, POLICY_NAVIGATION, 15.0
40, 0, Policies, POLICY_TRADE_CONFEDERATION, 87.0
40, 0, Policies, POLICY_MERCHANT_CONFEDERATION, 45.0
40, 0, Policies, POLICY_TOWN_CHARTERS, 90.0
40, 0, Policies, POLICY_TRAVELING_MERCHANTS, 28.0
40, 0, Policies, POLICY_CHIVALRY, 20.0
40, 0, Policies, POLICY_COLONIAL_OFFICES, 308.0
40, 0, Policies, POLICY_INVENTION, 43.0
40, 0, Policies, POLICY_FRESCOES, 15.0
40, 0, Policies, POLICY_PRAETORIUM, 431.0
40, 0, Policies, POLICY_CIVIL_PRESTIGE, 501.0
40, 0, Policies, POLICY_EQUESTRIAN_ORDERS, 22.0
40, 2, Civic, CIVIC_MILITARY_TRAINING, 1933.1, 2
40, 2, Civic, CIVIC_NAVAL_TRADITION, 133.5, 3
40, 2, Civic, CIVIC_MERCENARIES, 1406.8, 6
40, 2, Civic, CIVIC_MEDIEVAL_FAIRES, 0.0, 5
40, 2, Civic, CIVIC_GUILDS, 0.0, 5
40, 2, Civic, CIVIC_DIVINE_RIGHT, 510.7, 1
40, 2, Civic, CIVIC_EXPLORATION, 1869.8, 17
40, 2, Civic, CIVIC_HUMANISM, 79.3, 18
40, 2, Civic, CIVIC_DIPLOMATIC_SERVICE, 351.8, 10
40, 2, Civic, CIVIC_REFORMED_CHURCH, 1427.1, 12
40, 2, Civic, CIVIC_MERCANTILISM, 126.5, 27
40, 2, Civic, CIVIC_THE_ENLIGHTENMENT, 491.5, 32
40, 2, Policies, POLICY_SURVEY, 37.0
40, 2, Policies, POLICY_URBAN_PLANNING, 108.0
40, 2, Policies, POLICY_CARAVANSARIES, 20.0
40, 2, Policies, POLICY_STRATEGOS, 7.0
40, 2, Policies, POLICY_CONSCRIPTION, 7.0
40, 2, Policies, POLICY_LAND_SURVEYORS, 210.0
40, 2, Policies, POLICY_COLONIZATION, 58.0
40, 2, Policies, POLICY_INSPIRATION, 19.0
40, 2, Policies, POLICY_INSULAE, 90.0
40, 2, Policies, POLICY_CHARISMATIC_LEADER, 14.0
40, 2, Policies, POLICY_DIPLOMATIC_LEAGUE, 225.0
40, 2, Policies, POLICY_LITERARY_TRADITION, 15.0
40, 2, Policies, POLICY_RAID, 1299.0
40, 2, Policies, POLICY_LIMES, 543.0
40, 2, Policies, POLICY_NATURAL_PHILOSOPHY, 74.0
40, 2, Policies, POLICY_SCRIPTURE, 306.0
40, 2, Policies, POLICY_NAVIGATION, 23.0
40, 2, Policies, POLICY_RETAINERS, 14.0
40, 2, Policies, POLICY_PROFESSIONAL_ARMY, 11.0
40, 2, Policies, POLICY_TRADE_CONFEDERATION, 46.0
40, 2, Policies, POLICY_COLONIAL_OFFICES, 224.0
40, 2, Policies, POLICY_INVENTION, 31.0
40, 2, Policies, POLICY_FRESCOES, 15.0
40, 2, Policies, POLICY_RELIGIOUS_ORDERS, 40.0
40, 2, Policies, POLICY_SIMULTANEUM, 567.0
40, 2, Policies, POLICY_LOGISTICS, 18.0
40, 2, Policies, POLICY_TRIANGULAR_TRADE, 65.0
40, 2, Policies, POLICY_RATIONALISM, 136.0
40, 2, Policies, POLICY_LIBERALISM, 42.0
40, 2, Policies, POLICY_PRAETORIUM, 277.0
40, 2, Policies, POLICY_CIVIL_PRESTIGE, 201.0
40, 2, Policies, POLICY_EQUESTRIAN_ORDERS, 22.0
40, 2, Civic, CIVIC_MILITARY_TRAINING, 1933.1, 2
40, 2, Civic, CIVIC_NAVAL_TRADITION, 133.5, 3
40, 2, Civic, CIVIC_MERCENARIES, 1406.8, 6
40, 2, Civic, CIVIC_MEDIEVAL_FAIRES, 0.0, 5
40, 2, Civic, CIVIC_GUILDS, 0.0, 5
40, 2, Civic, CIVIC_DIVINE_RIGHT, 510.7, 1
40, 2, Civic, CIVIC_EXPLORATION, 1869.8, 17
40, 2, Civic, CIVIC_HUMANISM, 79.3, 18
40, 2, Civic, CIVIC_DIPLOMATIC_SERVICE, 351.8, 10
40, 2, Civic, CIVIC_REFORMED_CHURCH, 1427.1, 12
40, 2, Civic, CIVIC_MERCANTILISM, 126.5, 27
40, 2, Civic, CIVIC_THE_ENLIGHTENMENT, 491.5, 32
40, 2, Policies, POLICY_SURVEY, 37.0
40, 2, Policies, POLICY_URBAN_PLANNING, 108.0
40, 2, Policies, POLICY_CARAVANSARIES, 20.0
40, 2, Policies, POLICY_STRATEGOS, 7.0
40, 2, Policies, POLICY_CONSCRIPTION, 7.0
40, 2, Policies, POLICY_LAND_SURVEYORS, 210.0
40, 2, Policies, POLICY_COLONIZATION, 58.0
40, 2, Policies, POLICY_INSPIRATION, 19.0
40, 2, Policies, POLICY_INSULAE, 90.0
40, 2, Policies, POLICY_CHARISMATIC_LEADER, 14.0
40, 2, Policies, POLICY_DIPLOMATIC_LEAGUE, 225.0
40, 2, Policies, POLICY_LITERARY_TRADITION, 15.0
40, 2, Policies, POLICY_RAID, 1299.0
40, 2, Policies, POLICY_LIMES, 543.0
40, 2, Policies, POLICY_NATURAL_PHILOSOPHY, 74.0
40, 2, Policies, POLICY_SCRIPTURE, 306.0
40, 2, Policies, POLICY_NAVIGATION, 23.0
40, 2, Policies, POLICY_RETAINERS, 14.0
40, 2, Policies, POLICY_PROFESSIONAL_ARMY, 11.0
40, 2, Policies, POLICY_TRADE_CONFEDERATION, 46.0
40, 2, Policies, POLICY_COLONIAL_OFFICES, 224.0
40, 2, Policies, POLICY_INVENTION, 31.0
40, 2, Policies, POLICY_FRESCOES, 15.0
40, 2, Policies, POLICY_RELIGIOUS_ORDERS, 40.0
40, 2, Policies, POLICY_SIMULTANEUM, 567.0
40, 2, Policies, POLICY_LOGISTICS, 18.0
40, 2, Policies, POLICY_TRIANGULAR_TRADE, 65.0
40, 2, Policies, POLICY_RATIONALISM, 136.0
40, 2, Policies, POLICY_LIBERALISM, 42.0
40, 2, Policies, POLICY_PRAETORIUM, 277.0
40, 2, Policies, POLICY_CIVIL_PRESTIGE, 201.0
40, 2, Policies, POLICY_EQUESTRIAN_ORDERS, 22.0
40, 4, Civic, CIVIC_MILITARY_TRADITION, 2211.6, 1
40, 4, Civic, CIVIC_MILITARY_TRAINING, 3754.3, 2
40, 4, Civic, CIVIC_NAVAL_TRADITION, 156.6, 1
40, 4, Civic, CIVIC_MERCENARIES, 3919.8, 3
40, 4, Civic, CIVIC_MEDIEVAL_FAIRES, 5431.8, 2
40, 4, Civic, CIVIC_GUILDS, 5431.8, 2
40, 4, Civic, CIVIC_HUMANISM, 11012.9, 7
40, 4, Civic, CIVIC_DIPLOMATIC_SERVICE, 5917.4, 3
40, 4, Civic, CIVIC_REFORMED_CHURCH, 5923.5, 4
40, 4, Civic, CIVIC_MERCANTILISM, 11156.4, 11
40, 4, Civic, CIVIC_THE_ENLIGHTENMENT, 11623.0, 9
40, 4, Policies, POLICY_SURVEY, 23.0
40, 4, Policies, POLICY_URBAN_PLANNING, 147.0
40, 4, Policies, POLICY_CARAVANSARIES, 22.0
40, 4, Policies, POLICY_CONSCRIPTION, 44.0
40, 4, Policies, POLICY_LAND_SURVEYORS, 127.0
40, 4, Policies, POLICY_COLONIZATION, 91.0
40, 4, Policies, POLICY_INSPIRATION, 20.0
40, 4, Policies, POLICY_INSULAE, 619.0
40, 4, Policies, POLICY_CHARISMATIC_LEADER, 14.0
40, 4, Policies, POLICY_DIPLOMATIC_LEAGUE, 337.0
40, 4, Policies, POLICY_LITERARY_TRADITION, 15.0
40, 4, Policies, POLICY_RAID, 1437.0
40, 4, Policies, POLICY_LIMES, 746.0
40, 4, Policies, POLICY_NATURAL_PHILOSOPHY, 143.0
40, 4, Policies, POLICY_NAVIGATION, 15.0
40, 4, Policies, POLICY_RETAINERS, 28.0
40, 4, Policies, POLICY_PROFESSIONAL_ARMY, 13.0
40, 4, Policies, POLICY_TRADE_CONFEDERATION, 40.0
40, 4, Policies, POLICY_MERCHANT_CONFEDERATION, 182.0
40, 4, Policies, POLICY_AESTHETICS, 58.0
40, 4, Policies, POLICY_TOWN_CHARTERS, 80.0
40, 4, Policies, POLICY_TRAVELING_MERCHANTS, 21.0
40, 4, Policies, POLICY_INVENTION, 43.0
40, 4, Policies, POLICY_FRESCOES, 15.0
40, 4, Policies, POLICY_RELIGIOUS_ORDERS, 83.0
40, 4, Policies, POLICY_LOGISTICS, 69.0
40, 4, Policies, POLICY_TRIANGULAR_TRADE, 55.0
40, 4, Policies, POLICY_RATIONALISM, 108.0
40, 4, Policies, POLICY_FREE_MARKET, 44.0
40, 4, Policies, POLICY_LIBERALISM, 70.0
40, 4, Policies, POLICY_PRAETORIUM, 534.0
40, 4, Policies, POLICY_CIVIL_PRESTIGE, 717.0
41, 5, Completed Civic, CIVIC_FEUDALISM
41, 5, Government Change, GOVERNMENT_CLASSICAL_REPUBLIC
41, 5, Slot Policy, POLICY_NATURAL_PHILOSOPHY, 193
41, 5, Slot Policy, POLICY_INSULAE, 283
41, 5, Slot Policy, POLICY_PRAETORIUM, 1540
41, 5, Slot Policy, POLICY_LIMES, 596
41, 5, Slot Policy, POLICY_URBAN_PLANNING, 168
41, 5, Civic, CIVIC_MILITARY_TRAINING, 671.7, 1
41, 5, Civic, CIVIC_THEOLOGY, 3971.7, 1
41, 5, Civic, CIVIC_NAVAL_TRADITION, 133.5, 3
41, 5, Civic, CIVIC_CIVIL_SERVICE, 917.3, 4
41, 5, Civic, CIVIC_MERCENARIES, 795.3, 5
41, 5, Civic, CIVIC_MEDIEVAL_FAIRES, 0.0, 5
41, 5, Civic, CIVIC_GUILDS, 917.3, 9
41, 5, Civic, CIVIC_DIVINE_RIGHT, 1940.0, 12
41, 5, Civic, CIVIC_EXPLORATION, 2027.1, 19
41, 5, Civic, CIVIC_HUMANISM, 973.6, 26
41, 5, Civic, CIVIC_DIPLOMATIC_SERVICE, 1172.0, 16
41, 5, Civic, CIVIC_REFORMED_CHURCH, 2569.9, 26
41, 5, Policies, POLICY_SURVEY, 36.0
41, 5, Policies, POLICY_GOD_KING, 13.0
41, 5, Policies, POLICY_URBAN_PLANNING, 168.0
41, 5, Policies, POLICY_CARAVANSARIES, 45.0
41, 5, Policies, POLICY_CONSCRIPTION, 147.0
41, 5, Policies, POLICY_LAND_SURVEYORS, 10.5
41, 5, Policies, POLICY_COLONIZATION, 87.0
41, 5, Policies, POLICY_INSPIRATION, 25.0
41, 5, Policies, POLICY_INSULAE, 321.0
41, 5, Policies, POLICY_CHARISMATIC_LEADER, 14.0
41, 5, Policies, POLICY_DIPLOMATIC_LEAGUE, 225.0
41, 5, Policies, POLICY_LITERARY_TRADITION, 15.0
41, 5, Policies, POLICY_RAID, 923.0
41, 5, Policies, POLICY_BASTIONS, 36.0
41, 5, Policies, POLICY_LIMES, 533.0
41, 5, Policies, POLICY_NATURAL_PHILOSOPHY, 153.0
41, 5, Policies, POLICY_SCRIPTURE, 102.0
41, 5, Policies, POLICY_NAVIGATION, 47.0
41, 5, Policies, POLICY_FEUDAL_CONTRACT, 29.0
41, 5, Policies, POLICY_RETAINERS, 148.0
41, 5, Policies, POLICY_PROFESSIONAL_ARMY, 20.0
41, 5, Policies, POLICY_TRADE_CONFEDERATION, 84.0
41, 5, Policies, POLICY_COLONIAL_OFFICES, 979.0
41, 5, Policies, POLICY_INVENTION, 64.0
41, 5, Policies, POLICY_FRESCOES, 15.0
41, 5, Policies, POLICY_WARS_OF_RELIGION, 10.0
41, 5, Policies, POLICY_RELIGIOUS_ORDERS, 211.0
41, 5, Policies, POLICY_SIMULTANEUM, 52.0
41, 5, Policies, POLICY_PRAETORIUM, 1699.0
41, 5, Policies, POLICY_CIVIL_PRESTIGE, 867.0
41, 5, Policies, POLICY_EQUESTRIAN_ORDERS, 100.0
41, 5, Policies, POLICY_SIEGE, 14.0
41, 6, Completed Civic, CIVIC_MILITARY_TRAINING
41, 6, Slot Policy, POLICY_RAID, 695
41, 6, Slot Policy, POLICY_LIMES, 192
41, 6, Slot Policy, POLICY_CIVIL_PRESTIGE, 403
41, 6, Slot Policy, POLICY_PRAETORIUM, 1103
41, 6, Slot Policy, POLICY_INSULAE, 229
41, 6, Civic, CIVIC_NAVAL_TRADITION, 139.5, 2
41, 6, Civic, CIVIC_MERCENARIES, 139.5, 2
41, 6, Civic, CIVIC_MEDIEVAL_FAIRES, 179091.8, 3
41, 6, Civic, CIVIC_GUILDS, 268637.7, 3
41, 6, Civic, CIVIC_DIVINE_RIGHT, 832.0, 2
41, 6, Civic, CIVIC_EXPLORATION, 180220.2, 10
41, 6, Civic, CIVIC_HUMANISM, 537417.0, 14
41, 6, Civic, CIVIC_DIPLOMATIC_SERVICE, 179498.3, 7
41, 6, Civic, CIVIC_REFORMED_CHURCH, 180648.6, 8
41, 6, Civic, CIVIC_MERCANTILISM, 358396.5, 19
41, 6, Civic, CIVIC_THE_ENLIGHTENMENT, 358735.6, 23
41, 6, Policies, POLICY_SURVEY, 72.0
41, 6, Policies, POLICY_URBAN_PLANNING, 126.0
41, 6, Policies, POLICY_CARAVANSARIES, 45.0
41, 6, Policies, POLICY_CONSCRIPTION, 162.0
41, 6, Policies, POLICY_LAND_SURVEYORS, 45.0
41, 6, Policies, POLICY_COLONIZATION, 41.0
41, 6, Policies, POLICY_INSPIRATION, 28.0
41, 6, Policies, POLICY_INSULAE, 316.0
41, 6, Policies, POLICY_CHARISMATIC_LEADER, 14.0
41, 6, Policies, POLICY_DIPLOMATIC_LEAGUE, 225.0
41, 6, Policies, POLICY_LITERARY_TRADITION, 31.0
41, 6, Policies, POLICY_RAID, 923.0
41, 6, Policies, POLICY_BASTIONS, 36.0
41, 6, Policies, POLICY_LIMES, 218.0
41, 6, Policies, POLICY_NATURAL_PHILOSOPHY, 55.0
41, 6, Policies, POLICY_SCRIPTURE, 131.0
41, 6, Policies, POLICY_NAVIGATION, 31.0
41, 6, Policies, POLICY_FEUDAL_CONTRACT, 20.0
41, 6, Policies, POLICY_RETAINERS, 258.0
41, 6, Policies, POLICY_PROFESSIONAL_ARMY, 11.0
41, 6, Policies, POLICY_TRADE_CONFEDERATION, 89.0
41, 6, Policies, POLICY_MERCHANT_CONFEDERATION, 45.0
41, 6, Policies, POLICY_TOWN_CHARTERS, 36.0
41, 6, Policies, POLICY_TRAVELING_MERCHANTS, 43.0
41, 6, Policies, POLICY_COLONIAL_OFFICES, 751.0
41, 6, Policies, POLICY_INVENTION, 75.0
41, 6, Policies, POLICY_FRESCOES, 31.0
41, 6, Policies, POLICY_WARS_OF_RELIGION, 10.0
41, 6, Policies, POLICY_RELIGIOUS_ORDERS, 231.0
41, 6, Policies, POLICY_SIMULTANEUM, 221.0
41, 6, Policies, POLICY_LOGISTICS, 267.0
41, 6, Policies, POLICY_TRIANGULAR_TRADE, 124.0
41, 6, Policies, POLICY_RATIONALISM, 71.0
41, 6, Policies, POLICY_FREE_MARKET, 50.0
41, 6, Policies, POLICY_LIBERALISM, 258.0
41, 6, Policies, POLICY_PRAETORIUM, 1179.0
41, 6, Policies, POLICY_CIVIL_PRESTIGE, 878.0
41, 6, Policies, POLICY_EQUESTRIAN_ORDERS, 30.0
41, 7, Completed Civic, CIVIC_MEDIEVAL_FAIRES
41, 7, Slot Policy, POLICY_RETAINERS, 238
41, 7, Slot Policy, POLICY_CONSCRIPTION, 139
41, 7, Slot Policy, POLICY_CIVIL_PRESTIGE, 859
41, 7, Slot Policy, POLICY_PRAETORIUM, 1069
41, 7, Slot Policy, POLICY_LIMES, 231
41, 7, Slot Policy, POLICY_URBAN_PLANNING, 105
41, 7, Civic, CIVIC_MYSTICISM, 275.3, 1
41, 7, Civic, CIVIC_MILITARY_TRAINING, 734.7, 1
41, 7, Civic, CIVIC_THEOLOGY, 3204.7, 2
41, 7, Civic, CIVIC_NAVAL_TRADITION, 139.5, 2
41, 7, Civic, CIVIC_MERCENARIES, 868.1, 3
41, 7, Civic, CIVIC_DIVINE_RIGHT, 1196.3, 4
41, 7, Civic, CIVIC_EXPLORATION, 1887.1, 8
41, 7, Civic, CIVIC_HUMANISM, 212.7, 4
41, 7, Civic, CIVIC_DIPLOMATIC_SERVICE, 694.0, 4
41, 7, Civic, CIVIC_MERCANTILISM, 529.6, 12
41, 7, Civic, CIVIC_THE_ENLIGHTENMENT, 1365.2, 13
41, 7, Civic, CIVIC_COLONIALISM, 432.5, 21
41, 7, Civic, CIVIC_CIVIL_ENGINEERING, 1714249.9, 23
41, 7, Civic, CIVIC_NATIONALISM, 1658801.6, 24
41, 7, Civic, CIVIC_OPERA_BALLET, 1079.8, 22
41, 7, Policies, POLICY_SURVEY, 70.0
41, 7, Policies, POLICY_GOD_KING, 21.0
41, 7, Policies, POLICY_URBAN_PLANNING, 105.0
41, 7, Policies, POLICY_CARAVANSARIES, 22.0
41, 7, Policies, POLICY_CONSCRIPTION, 162.0
41, 7, Policies, POLICY_LAND_SURVEYORS, 55.0
41, 7, Policies, POLICY_COLONIZATION, 24.0
41, 7, Policies, POLICY_INSPIRATION, 28.0
41, 7, Policies, POLICY_CHARISMATIC_LEADER, 14.0
41, 7, Policies, POLICY_DIPLOMATIC_LEAGUE, 225.0
41, 7, Policies, POLICY_LITERARY_TRADITION, 47.0
41, 7, Policies, POLICY_RAID, 923.0
41, 7, Policies, POLICY_BASTIONS, 24.0
41, 7, Policies, POLICY_LIMES, 241.0
41, 7, Policies, POLICY_NATURAL_PHILOSOPHY, 95.0
41, 7, Policies, POLICY_SCRIPTURE, 102.0
41, 7, Policies, POLICY_NAVIGATION, 31.0
41, 7, Policies, POLICY_FEUDAL_CONTRACT, 22.0
41, 7, Policies, POLICY_RETAINERS, 156.0
41, 7, Policies, POLICY_PROFESSIONAL_ARMY, 28.0
41, 7, Policies, POLICY_TRADE_CONFEDERATION, 52.0
41, 7, Policies, POLICY_MERCHANT_CONFEDERATION, 34.0
41, 7, Policies, POLICY_AESTHETICS, 28.0
41, 7, Policies, POLICY_TRAVELING_MERCHANTS, 29.0
41, 7, Policies, POLICY_COLONIAL_OFFICES, 727.0
41, 7, Policies, POLICY_INVENTION, 75.0
41, 7, Policies, POLICY_FRESCOES, 47.0
41, 7, Policies, POLICY_LOGISTICS, 252.0
41, 7, Policies, POLICY_TRIANGULAR_TRADE, 55.0
41, 7, Policies, POLICY_RATIONALISM, 71.0
41, 7, Policies, POLICY_LIBERALISM, 170.0
41, 7, Policies, POLICY_COLONIAL_TAXES, 749.0
41, 7, Policies, POLICY_GRANDE_ARMEE, 22.0
41, 7, Policies, POLICY_SYMPHONIES, 94.0
41, 7, Policies, POLICY_PRAETORIUM, 1197.0
41, 7, Policies, POLICY_CIVIL_PRESTIGE, 497.0
41, 7, Policies, POLICY_EQUESTRIAN_ORDERS, 67.0
41, 7, Policies, POLICY_EMPIRICAL_METHOD, 87.0
41, 8, Completed Civic, CIVIC_GUILDS
41, 8, Slot Policy, POLICY_LIMES, 167
41, 8, Slot Policy, POLICY_CONSCRIPTION, 213
41, 8, Slot Policy, POLICY_CIVIL_PRESTIGE, 535
41, 8, Slot Policy, POLICY_PRAETORIUM, 1401
41, 8, Slot Policy, POLICY_INSULAE, 195
41, 8, Civic, CIVIC_MILITARY_TRADITION, 20675.6, 1
41, 8, Civic, CIVIC_MYSTICISM, 280.4, 1
41, 8, Civic, CIVIC_MILITARY_TRAINING, 21347.2, 2
41, 8, Civic, CIVIC_THEOLOGY, 15389.6, 2
41, 8, Civic, CIVIC_NAVAL_TRADITION, 144.6, 1
41, 8, Civic, CIVIC_MERCENARIES, 21475.1, 4
41, 8, Civic, CIVIC_MEDIEVAL_FAIRES, 5629856.5, 3
41, 8, Civic, CIVIC_DIVINE_RIGHT, 1340.1, 4
41, 8, Civic, CIVIC_HUMANISM, 5629971.0, 10
41, 8, Civic, CIVIC_DIPLOMATIC_SERVICE, 462.7, 4
41, 8, Civic, CIVIC_MERCANTILISM, 5630261.5, 19
41, 8, Civic, CIVIC_THE_ENLIGHTENMENT, 5630637.5, 23
41, 8, Policies, POLICY_SURVEY, 57.0
41, 8, Policies, POLICY_GOD_KING, 24.0
41, 8, Policies, POLICY_URBAN_PLANNING, 126.0
41, 8, Policies, POLICY_CARAVANSARIES, 22.0
41, 8, Policies, POLICY_CONSCRIPTION, 213.0
41, 8, Policies, POLICY_LAND_SURVEYORS, 22.5
41, 8, Policies, POLICY_COLONIZATION, 5.0
41, 8, Policies, POLICY_INSPIRATION, 25.0
41, 8, Policies, POLICY_INSULAE, 211.0
41, 8, Policies, POLICY_CHARISMATIC_LEADER, 14.0
41, 8, Policies, POLICY_DIPLOMATIC_LEAGUE, 225.0
41, 8, Policies, POLICY_LITERARY_TRADITION, 15.0
41, 8, Policies, POLICY_RAID, 947.0
41, 8, Policies, POLICY_BASTIONS, 24.0
41, 8, Policies, POLICY_LIMES, 164.0
41, 8, Policies, POLICY_NATURAL_PHILOSOPHY, 73.0
41, 8, Policies, POLICY_SCRIPTURE, 278.0
41, 8, Policies, POLICY_NAVIGATION, 15.0
41, 8, Policies, POLICY_FEUDAL_CONTRACT, 54.0
41, 8, Policies, POLICY_RETAINERS, 28.0
41, 8, Policies, POLICY_PROFESSIONAL_ARMY, 84.0
41, 8, Policies, POLICY_TRADE_CONFEDERATION, 44.0
41, 8, Policies, POLICY_CRAFTSMEN, 64.0
41, 8, Policies, POLICY_TRAVELING_MERCHANTS, 21.0
41, 8, Policies, POLICY_INVENTION, 43.0
41, 8, Policies, POLICY_FRESCOES, 15.0
41, 8, Policies, POLICY_LOGISTICS, 409.0
41, 8, Policies, POLICY_TRIANGULAR_TRADE, 58.0
41, 8, Policies, POLICY_LIBERALISM, 204.0
41, 8, Policies, POLICY_PRAETORIUM, 1585.0
41, 8, Policies, POLICY_CIVIL_PRESTIGE, 447.0
41, 9, Civic, CIVIC_MILITARY_TRADITION, 26930.6, 1
41, 9, Civic, CIVIC_MYSTICISM, 275.3, 1
41, 9, Civic, CIVIC_MILITARY_TRAINING, 27755.3, 3
41, 9, Civic, CIVIC_THEOLOGY, 3422.2, 3
41, 9, Civic, CIVIC_NAVAL_TRADITION, 133.5, 3
41, 9, Civic, CIVIC_MERCENARIES, 27864.9, 8
41, 9, Civic, CIVIC_MEDIEVAL_FAIRES, 184484.7, 6
41, 9, Civic, CIVIC_GUILDS, 202849.8, 3
41, 9, Civic, CIVIC_DIVINE_RIGHT, 1163.9, 8
41, 9, Civic, CIVIC_HUMANISM, 387398.5, 22
41, 9, Civic, CIVIC_DIPLOMATIC_SERVICE, 203181.1, 11
41, 9, Civic, CIVIC_MERCANTILISM, 387907.6, 38
41, 9, Civic, CIVIC_THE_ENLIGHTENMENT, 387758.8, 40
41, 9, Policies, POLICY_SURVEY, 21.0
41, 9, Policies, POLICY_GOD_KING, 7.0
41, 9, Policies, POLICY_URBAN_PLANNING, 105.0
41, 9, Policies, POLICY_CARAVANSARIES, 25.0
41, 9, Policies, POLICY_CONSCRIPTION, 257.0
41, 9, Policies, POLICY_LAND_SURVEYORS, 29.5
41, 9, Policies, POLICY_COLONIZATION, 16.0
41, 9, Policies, POLICY_INSPIRATION, 25.0
41, 9, Policies, POLICY_INSULAE, 42.0
41, 9, Policies, POLICY_CHARISMATIC_LEADER, 14.0
41, 9, Policies, POLICY_DIPLOMATIC_LEAGUE, 225.0
41, 9, Policies, POLICY_LITERARY_TRADITION, 15.0
41, 9, Policies, POLICY_RAID, 1069.0
41, 9, Policies, POLICY_BASTIONS, 30.0
41, 9, Policies, POLICY_LIMES, 78.0
41, 9, Policies, POLICY_NATURAL_PHILOSOPHY, 114.0
41, 9, Policies, POLICY_SCRIPTURE, 102.0
41, 9, Policies, POLICY_NAVIGATION, 15.0
41, 9, Policies, POLICY_FEUDAL_CONTRACT, 38.0
41, 9, Policies, POLICY_RETAINERS, 28.0
41, 9, Policies, POLICY_PROFESSIONAL_ARMY, 23.0
41, 9, Policies, POLICY_TRADE_CONFEDERATION, 44.0
41, 9, Policies, POLICY_CRAFTSMEN, 71.0
41, 9, Policies, POLICY_TRAVELING_MERCHANTS, 21.0
41, 9, Policies, POLICY_INVENTION, 64.0
41, 9, Policies, POLICY_FRESCOES, 15.0
41, 9, Policies, POLICY_LOGISTICS, 588.0
41, 9, Policies, POLICY_TRIANGULAR_TRADE, 46.0
41, 9, Policies, POLICY_LIBERALISM, 42.0
41, 9, Policies, POLICY_PRAETORIUM, 1410.0
41, 9, Policies, POLICY_CIVIL_PRESTIGE, 213.0
41, 9, Policies, POLICY_EQUESTRIAN_ORDERS, 82.0
41, 10, Civic, CIVIC_MILITARY_TRAINING, 108.3, 12
41, 10, Civic, CIVIC_THEOLOGY, 154.0, 4
41, 10, Civic, CIVIC_NAVAL_TRADITION, 57.9, 25
41, 10, Civic, CIVIC_FEUDALISM, 120.6, 1
41, 10, Civic, CIVIC_CIVIL_SERVICE, 210.7, 1
41, 10, Civic, CIVIC_MERCENARIES, 228.9, 51
41, 10, Civic, CIVIC_MEDIEVAL_FAIRES, 143.0, 48
41, 10, Civic, CIVIC_GUILDS, 352.6, 49
41, 10, Civic, CIVIC_DIVINE_RIGHT, 475.0, 43
41, 10, Civic, CIVIC_EXPLORATION, 251.3, 147
41, 10, Civic, CIVIC_HUMANISM, 375.0, 163
41, 10, Civic, CIVIC_DIPLOMATIC_SERVICE, 352.6, 116
41, 10, Civic, CIVIC_REFORMED_CHURCH, 616.9, 140
41, 10, Policies, POLICY_GOD_KING, 21.0
41, 10, Policies, POLICY_URBAN_PLANNING, 14.0
41, 10, Policies, POLICY_CARAVANSARIES, 14.0
41, 10, Policies, POLICY_CONSCRIPTION, 36.0
41, 10, Policies, POLICY_CHARISMATIC_LEADER, 14.0
41, 10, Policies, POLICY_LIMES, 21.0
41, 10, Policies, POLICY_PRAETORIUM, 26.0
41, 10, Policies, POLICY_CIVIL_PRESTIGE, 68.0
41, 10, Policies, POLICY_SOVEREIGN_STATE, 90.0
41, 12, Civic, CIVIC_MILITARY_TRAINING, 142.5, 11
41, 12, Civic, CIVIC_THEOLOGY, 160.9, 3
41, 12, Civic, CIVIC_NAVAL_TRADITION, 62.0, 23
41, 12, Civic, CIVIC_CIVIL_SERVICE, 210.7, 1
41, 12, Civic, CIVIC_MERCENARIES, 175.5, 47
41, 12, Civic, CIVIC_MEDIEVAL_FAIRES, 24.0, 44
41, 12, Civic, CIVIC_GUILDS, 235.8, 45
41, 12, Civic, CIVIC_DIVINE_RIGHT, 504.2, 40
41, 12, Civic, CIVIC_EXPLORATION, 199.5, 137
41, 12, Civic, CIVIC_HUMANISM, 259.7, 152
41, 12, Civic, CIVIC_DIPLOMATIC_SERVICE, 235.8, 108
41, 12, Civic, CIVIC_REFORMED_CHURCH, 529.3, 130
41, 12, Policies, POLICY_GOD_KING, 21.0
41, 12, Policies, POLICY_URBAN_PLANNING, 14.0
41, 12, Policies, POLICY_CARAVANSARIES, 14.0
41, 12, Policies, POLICY_CONSCRIPTION, 36.0
41, 12, Policies, POLICY_INSULAE, 12.0
41, 12, Policies, POLICY_CHARISMATIC_LEADER, 14.0
41, 12, Policies, POLICY_BASTIONS, 6.0
41, 12, Policies, POLICY_LIMES, 21.0
41, 12, Policies, POLICY_NATURAL_PHILOSOPHY, 28.0
41, 12, Policies, POLICY_TRADE_CONFEDERATION, 28.0
41, 12, Policies, POLICY_PRAETORIUM, 29.0
41, 12, Policies, POLICY_CIVIL_PRESTIGE, 26.0
41, 12, Policies, POLICY_EQUESTRIAN_ORDERS, 48.0
41, 12, Policies, POLICY_SOVEREIGN_STATE, 90.0
41, 13, Civic, CIVIC_MILITARY_TRAINING, 108.3, 12
41, 13, Civic, CIVIC_THEOLOGY, 154.0, 4
41, 13, Civic, CIVIC_NAVAL_TRADITION, 65.9, 25
41, 13, Civic, CIVIC_FEUDALISM, 120.6, 1
41, 13, Civic, CIVIC_CIVIL_SERVICE, 210.7, 1
41, 13, Civic, CIVIC_MERCENARIES, 228.9, 51
41, 13, Civic, CIVIC_MEDIEVAL_FAIRES, 143.0, 48
41, 13, Civic, CIVIC_GUILDS, 352.6, 49
41, 13, Civic, CIVIC_DIVINE_RIGHT, 473.4, 43
41, 13, Civic, CIVIC_EXPLORATION, 251.3, 147
41, 13, Civic, CIVIC_HUMANISM, 375.0, 163
41, 13, Civic, CIVIC_DIPLOMATIC_SERVICE, 352.6, 116
41, 13, Civic, CIVIC_REFORMED_CHURCH, 615.3, 140
41, 13, Policies, POLICY_GOD_KING, 21.0
41, 13, Policies, POLICY_URBAN_PLANNING, 14.0
41, 13, Policies, POLICY_CARAVANSARIES, 14.0
41, 13, Policies, POLICY_CONSCRIPTION, 29.0
41, 13, Policies, POLICY_INSULAE, 38.0
41, 13, Policies, POLICY_CHARISMATIC_LEADER, 14.0
41, 13, Policies, POLICY_LIMES, 18.0
41, 13, Policies, POLICY_NAVAL_INFRASTRUCTURE, 28.0
41, 13, Policies, POLICY_PRAETORIUM, 20.0
41, 13, Policies, POLICY_CIVIL_PRESTIGE, 52.0
41, 13, Policies, POLICY_SOVEREIGN_STATE, 90.0
41, 14, Civic, CIVIC_MILITARY_TRAINING, 100.4, 13
41, 14, Civic, CIVIC_THEOLOGY, 141.5, 6
41, 14, Civic, CIVIC_NAVAL_TRADITION, 59.8, 28
41, 14, Civic, CIVIC_CIVIL_SERVICE, 210.7, 1
41, 14, Civic, CIVIC_MERCENARIES, 100.4, 55
41, 14, Civic, CIVIC_MEDIEVAL_FAIRES, 0.0, 52
41, 14, Civic, CIVIC_GUILDS, 210.7, 53
41, 14, Civic, CIVIC_DIVINE_RIGHT, 454.7, 49
41, 14, Civic, CIVIC_EXPLORATION, 100.4, 162
41, 14, Civic, CIVIC_HUMANISM, 210.7, 180
41, 14, Civic, CIVIC_DIPLOMATIC_SERVICE, 210.7, 128
41, 14, Civic, CIVIC_REFORMED_CHURCH, 454.7, 156
41, 14, Policies, POLICY_GOD_KING, 21.0
41, 14, Policies, POLICY_URBAN_PLANNING, 14.0
41, 14, Policies, POLICY_CARAVANSARIES, 29.0
41, 14, Policies, POLICY_CONSCRIPTION, 29.0
41, 14, Policies, POLICY_CHARISMATIC_LEADER, 14.0
41, 14, Policies, POLICY_LIMES, 31.0
41, 14, Policies, POLICY_NAVAL_INFRASTRUCTURE, 28.0
41, 14, Policies, POLICY_PRAETORIUM, 20.0
41, 14, Policies, POLICY_CIVIL_PRESTIGE, 76.0
41, 14, Policies, POLICY_SOVEREIGN_STATE, 90.0
41, 15, Civic, CIVIC_MILITARY_TRAINING, 144.3, 12
41, 15, Civic, CIVIC_THEOLOGY, 148.5, 5
41, 15, Civic, CIVIC_NAVAL_TRADITION, 55.9, 26
41, 15, Civic, CIVIC_CIVIL_SERVICE, 210.7, 1
41, 15, Civic, CIVIC_MERCENARIES, 144.3, 53
41, 15, Civic, CIVIC_MEDIEVAL_FAIRES, 0.0, 50
41, 15, Civic, CIVIC_GUILDS, 210.7, 51
41, 15, Civic, CIVIC_DIVINE_RIGHT, 466.3, 47
41, 15, Civic, CIVIC_EXPLORATION, 144.3, 155
41, 15, Civic, CIVIC_HUMANISM, 210.7, 172
41, 15, Civic, CIVIC_DIPLOMATIC_SERVICE, 210.7, 122
41, 15, Civic, CIVIC_REFORMED_CHURCH, 466.3, 149
41, 15, Policies, POLICY_GOD_KING, 21.0
41, 15, Policies, POLICY_URBAN_PLANNING, 14.0
41, 15, Policies, POLICY_CARAVANSARIES, 14.0
41, 15, Policies, POLICY_CONSCRIPTION, 44.0
41, 15, Policies, POLICY_CHARISMATIC_LEADER, 14.0
41, 15, Policies, POLICY_LIMES, 12.0
41, 15, Policies, POLICY_PRAETORIUM, 26.0
41, 15, Policies, POLICY_CIVIL_PRESTIGE, 15.0
41, 15, Policies, POLICY_EQUESTRIAN_ORDERS, 56.0
41, 15, Policies, POLICY_SOVEREIGN_STATE, 90.0
41, 16, Civic, CIVIC_MILITARY_TRAINING, 117.4, 13
41, 16, Civic, CIVIC_THEOLOGY, 141.5, 6
41, 16, Civic, CIVIC_NAVAL_TRADITION, 51.8, 28
41, 16, Civic, CIVIC_CIVIL_SERVICE, 270.7, 1
41, 16, Civic, CIVIC_MERCENARIES, 117.4, 55
41, 16, Civic, CIVIC_MEDIEVAL_FAIRES, 0.0, 52
41, 16, Civic, CIVIC_GUILDS, 270.7, 53
41, 16, Civic, CIVIC_DIVINE_RIGHT, 605.2, 49
41, 16, Civic, CIVIC_EXPLORATION, 117.4, 162
41, 16, Civic, CIVIC_HUMANISM, 270.7, 180
41, 16, Civic, CIVIC_DIPLOMATIC_SERVICE, 270.7, 128
41, 16, Civic, CIVIC_REFORMED_CHURCH, 605.2, 156
41, 16, Policies, POLICY_GOD_KING, 21.0
41, 16, Policies, POLICY_URBAN_PLANNING, 14.0
41, 16, Policies, POLICY_CARAVANSARIES, 14.0
41, 16, Policies, POLICY_CONSCRIPTION, 36.0
41, 16, Policies, POLICY_CHARISMATIC_LEADER, 14.0
41, 16, Policies, POLICY_BASTIONS, 6.0
41, 16, Policies, POLICY_LIMES, 21.0
41, 16, Policies, POLICY_FEUDAL_CONTRACT, 1.0
41, 16, Policies, POLICY_PRAETORIUM, 29.0
41, 16, Policies, POLICY_CIVIL_PRESTIGE, 150.0
41, 16, Policies, POLICY_EQUESTRIAN_ORDERS, 37.0
41, 16, Policies, POLICY_SOVEREIGN_STATE, 90.0
41, 17, Civic, CIVIC_MILITARY_TRAINING, 138.9, 14
41, 17, Civic, CIVIC_THEOLOGY, 141.5, 6
41, 17, Civic, CIVIC_NAVAL_TRADITION, 50.7, 29
41, 17, Civic, CIVIC_CIVIL_SERVICE, 210.7, 1
41, 17, Civic, CIVIC_MERCENARIES, 138.9, 59
41, 17, Civic, CIVIC_MEDIEVAL_FAIRES, 0.0, 55
41, 17, Civic, CIVIC_GUILDS, 210.7, 56
41, 17, Civic, CIVIC_DIVINE_RIGHT, 352.1, 52
41, 17, Civic, CIVIC_EXPLORATION, 138.9, 172
41, 17, Civic, CIVIC_HUMANISM, 210.7, 190
41, 17, Civic, CIVIC_DIPLOMATIC_SERVICE, 210.7, 135
41, 17, Civic, CIVIC_REFORMED_CHURCH, 352.1, 165
41, 17, Policies, POLICY_GOD_KING, 21.0
41, 17, Policies, POLICY_URBAN_PLANNING, 14.0
41, 17, Policies, POLICY_CARAVANSARIES, 14.0
41, 17, Policies, POLICY_CONSCRIPTION, 29.0
41, 17, Policies, POLICY_CHARISMATIC_LEADER, 14.0
41, 17, Policies, POLICY_BASTIONS, 6.0
41, 17, Policies, POLICY_LIMES, 12.0
41, 17, Policies, POLICY_PRAETORIUM, 26.0
41, 17, Policies, POLICY_CIVIL_PRESTIGE, 81.0
41, 17, Policies, POLICY_EQUESTRIAN_ORDERS, 52.0
41, 17, Policies, POLICY_SOVEREIGN_STATE, 90.0
41, 20, Civic, CIVIC_MILITARY_TRAINING, 116.3, 10
41, 20, Civic, CIVIC_THEOLOGY, 168.4, 2
41, 20, Civic, CIVIC_NAVAL_TRADITION, 66.4, 21
41, 20, Civic, CIVIC_CIVIL_SERVICE, 210.7, 1
41, 20, Civic, CIVIC_MERCENARIES, 154.4, 42
41, 20, Civic, CIVIC_MEDIEVAL_FAIRES, 30.7, 40
41, 20, Civic, CIVIC_GUILDS, 240.2, 41
41, 20, Civic, CIVIC_DIVINE_RIGHT, 499.5, 35
41, 20, Civic, CIVIC_EXPLORATION, 185.0, 124
41, 20, Civic, CIVIC_HUMANISM, 270.9, 138
41, 20, Civic, CIVIC_DIPLOMATIC_SERVICE, 240.2, 98
41, 20, Civic, CIVIC_REFORMED_CHURCH, 529.0, 117
41, 20, Policies, POLICY_GOD_KING, 21.0
41, 20, Policies, POLICY_URBAN_PLANNING, 14.0
41, 20, Policies, POLICY_CARAVANSARIES, 14.0
41, 20, Policies, POLICY_CONSCRIPTION, 36.0
41, 20, Policies, POLICY_CHARISMATIC_LEADER, 14.0
41, 20, Policies, POLICY_LIMES, 21.0
41, 20, Policies, POLICY_TRADE_CONFEDERATION, 28.0
41, 20, Policies, POLICY_PRAETORIUM, 26.0
41, 20, Policies, POLICY_CIVIL_PRESTIGE, 58.0
41, 20, Policies, POLICY_SOVEREIGN_STATE, 90.0
41, 21, Civic, CIVIC_MILITARY_TRAINING, 141.9, 14
41, 21, Civic, CIVIC_THEOLOGY, 141.5, 6
41, 21, Civic, CIVIC_NAVAL_TRADITION, 50.7, 29
41, 21, Civic, CIVIC_CIVIL_SERVICE, 241.7, 1
41, 21, Civic, CIVIC_MERCENARIES, 141.9, 59
41, 21, Civic, CIVIC_MEDIEVAL_FAIRES, 0.0, 55
41, 21, Civic, CIVIC_GUILDS, 241.7, 56
41, 21, Civic, CIVIC_DIVINE_RIGHT, 383.1, 52
41, 21, Civic, CIVIC_EXPLORATION, 141.9, 172
41, 21, Civic, CIVIC_HUMANISM, 241.7, 190
41, 21, Civic, CIVIC_DIPLOMATIC_SERVICE, 241.7, 135
41, 21, Civic, CIVIC_REFORMED_CHURCH, 383.1, 165
41, 21, Policies, POLICY_GOD_KING, 21.0
41, 21, Policies, POLICY_URBAN_PLANNING, 14.0
41, 21, Policies, POLICY_CARAVANSARIES, 14.0
41, 21, Policies, POLICY_CONSCRIPTION, 36.0
41, 21, Policies, POLICY_CHARISMATIC_LEADER, 14.0
41, 21, Policies, POLICY_BASTIONS, 6.0
41, 21, Policies, POLICY_LIMES, 12.0
41, 21, Policies, POLICY_PRAETORIUM, 26.0
41, 21, Policies, POLICY_CIVIL_PRESTIGE, 129.0
41, 21, Policies, POLICY_EQUESTRIAN_ORDERS, 63.0
41, 21, Policies, POLICY_SOVEREIGN_STATE, 90.0
41, 62, Civic, CIVIC_MILITARY_TRADITION, 58.1, 20
41, 62, Civic, CIVIC_STATE_WORKFORCE, 56.5, 28
41, 62, Civic, CIVIC_MYSTICISM, 92.3, 20
41, 62, Civic, CIVIC_GAMES_RECREATION, 56.5, 83
41, 62, Civic, CIVIC_POLITICAL_PHILOSOPHY, 56.5, 83
41, 62, Civic, CIVIC_DRAMA_POETRY, 0.0, 55
41, 62, Civic, CIVIC_MILITARY_TRAINING, 114.6, 163
41, 62, Civic, CIVIC_DEFENSIVE_TACTICS, 56.5, 225
41, 62, Civic, CIVIC_RECORDED_HISTORY, 56.5, 225
41, 62, Civic, CIVIC_THEOLOGY, 92.3, 135
41, 62, Policies, POLICY_CARAVANSARIES, 14.0
41, 0, Civic, CIVIC_MYSTICISM, 280.3, 1
41, 0, Civic, CIVIC_MILITARY_TRAINING, 1581.7, 1
41, 0, Civic, CIVIC_THEOLOGY, 441.2, 3
41, 0, Civic, CIVIC_NAVAL_TRADITION, 127.9, 4
41, 0, Civic, CIVIC_CIVIL_SERVICE, 621.7, 1
41, 0, Civic, CIVIC_MERCENARIES, 1763.6, 7
41, 0, Civic, CIVIC_MEDIEVAL_FAIRES, 0.0, 7
41, 0, Civic, CIVIC_GUILDS, 621.7, 6
41, 0, Civic, CIVIC_DIVINE_RIGHT, 1621.8, 8
41, 0, Civic, CIVIC_EXPLORATION, 2452.8, 22
41, 0, Civic, CIVIC_HUMANISM, 708.0, 23
41, 0, Civic, CIVIC_DIPLOMATIC_SERVICE, 914.7, 13
41, 0, Policies, POLICY_SURVEY, 15.0
41, 0, Policies, POLICY_GOD_KING, 21.0
41, 0, Policies, POLICY_URBAN_PLANNING, 147.0
41, 0, Policies, POLICY_CARAVANSARIES, 68.0
41, 0, Policies, POLICY_CONSCRIPTION, 29.0
41, 0, Policies, POLICY_LAND_SURVEYORS, 73.0
41, 0, Policies, POLICY_COLONIZATION, 105.0
41, 0, Policies, POLICY_INSPIRATION, 25.0
41, 0, Policies, POLICY_INSULAE, 205.0
41, 0, Policies, POLICY_CHARISMATIC_LEADER, 14.0
41, 0, Policies, POLICY_DIPLOMATIC_LEAGUE, 225.0
41, 0, Policies, POLICY_LITERARY_TRADITION, 15.0
41, 0, Policies, POLICY_RAID, 1432.0
41, 0, Policies, POLICY_LIMES, 846.0
41, 0, Policies, POLICY_NATURAL_PHILOSOPHY, 137.0
41, 0, Policies, POLICY_NAVIGATION, 15.0
41, 0, Policies, POLICY_RETAINERS, 14.0
41, 0, Policies, POLICY_TRADE_CONFEDERATION, 135.0
41, 0, Policies, POLICY_CHIVALRY, 25.0
41, 0, Policies, POLICY_COLONIAL_OFFICES, 372.0
41, 0, Policies, POLICY_INVENTION, 43.0
41, 0, Policies, POLICY_FRESCOES, 15.0
41, 0, Policies, POLICY_PRAETORIUM, 530.0
41, 0, Policies, POLICY_CIVIL_PRESTIGE, 414.0
41, 0, Policies, POLICY_EQUESTRIAN_ORDERS, 15.0
41, 1, Civic, CIVIC_MILITARY_TRADITION, 1849.6, 1
41, 1, Civic, CIVIC_MYSTICISM, 306.4, 1
41, 1, Civic, CIVIC_MILITARY_TRAINING, 3287.3, 2
41, 1, Civic, CIVIC_THEOLOGY, 474.8, 2
41, 1, Civic, CIVIC_NAVAL_TRADITION, 171.6, 1
41, 1, Civic, CIVIC_MERCENARIES, 3558.8, 3
41, 1, Civic, CIVIC_MEDIEVAL_FAIRES, 0.0, 1
41, 1, Civic, CIVIC_GUILDS, 0.0, 1
41, 1, Civic, CIVIC_DIVINE_RIGHT, 964.8, 3
41, 1, Civic, CIVIC_HUMANISM, 190.1, 3
41, 1, Civic, CIVIC_DIPLOMATIC_SERVICE, 511.1, 2
41, 1, Civic, CIVIC_MERCANTILISM, 513.4, 4
41, 1, Civic, CIVIC_THE_ENLIGHTENMENT, 913.9, 5
41, 1, Policies, POLICY_SURVEY, 7.0
41, 1, Policies, POLICY_GOD_KING, 23.0
41, 1, Policies, POLICY_URBAN_PLANNING, 132.0
41, 1, Policies, POLICY_CARAVANSARIES, 82.0
41, 1, Policies, POLICY_CONSCRIPTION, 7.0
41, 1, Policies, POLICY_LAND_SURVEYORS, 120.0
41, 1, Policies, POLICY_COLONIZATION, 70.0
41, 1, Policies, POLICY_INSPIRATION, 31.0
41, 1, Policies, POLICY_INSULAE, 113.0
41, 1, Policies, POLICY_CHARISMATIC_LEADER, 14.0
41, 1, Policies, POLICY_DIPLOMATIC_LEAGUE, 225.0
41, 1, Policies, POLICY_LITERARY_TRADITION, 31.0
41, 1, Policies, POLICY_RAID, 1295.0
41, 1, Policies, POLICY_LIMES, 199.0
41, 1, Policies, POLICY_NATURAL_PHILOSOPHY, 114.0
41, 1, Policies, POLICY_NAVIGATION, 47.0
41, 1, Policies, POLICY_TRADE_CONFEDERATION, 160.0
41, 1, Policies, POLICY_INVENTION, 62.0
41, 1, Policies, POLICY_FRESCOES, 31.0
41, 1, Policies, POLICY_LOGISTICS, 15.0
41, 1, Policies, POLICY_TRIANGULAR_TRADE, 219.0
41, 1, Policies, POLICY_RATIONALISM, 174.0
41, 1, Policies, POLICY_FREE_MARKET, 130.0
41, 1, Policies, POLICY_LIBERALISM, 42.0
41, 1, Policies, POLICY_PRAETORIUM, 572.0
41, 1, Policies, POLICY_CIVIL_PRESTIGE, 254.0
41, 1, Policies, POLICY_EQUESTRIAN_ORDERS, 93.0
41, 2, Civic, CIVIC_MILITARY_TRAINING, 2030.5, 1
41, 2, Civic, CIVIC_NAVAL_TRADITION, 133.5, 3
41, 2, Civic, CIVIC_MERCENARIES, 1477.3, 5
41, 2, Civic, CIVIC_MEDIEVAL_FAIRES, 4060.2, 5
41, 2, Civic, CIVIC_GUILDS, 4060.2, 5
41, 2, Civic, CIVIC_EXPLORATION, 6029.4, 15
41, 2, Civic, CIVIC_HUMANISM, 8203.8, 17
41, 2, Civic, CIVIC_DIPLOMATIC_SERVICE, 4428.4, 9
41, 2, Civic, CIVIC_REFORMED_CHURCH, 5004.7, 10
41, 2, Civic, CIVIC_MERCANTILISM, 8256.1, 25
41, 2, Civic, CIVIC_THE_ENLIGHTENMENT, 8639.8, 29
41, 2, Policies, POLICY_SURVEY, 37.0
41, 2, Policies, POLICY_URBAN_PLANNING, 108.0
41, 2, Policies, POLICY_CARAVANSARIES, 20.0
41, 2, Policies, POLICY_CONSCRIPTION, 7.0
41, 2, Policies, POLICY_LAND_SURVEYORS, 225.0
41, 2, Policies, POLICY_COLONIZATION, 77.0
41, 2, Policies, POLICY_INSPIRATION, 19.0
41, 2, Policies, POLICY_INSULAE, 101.0
41, 2, Policies, POLICY_CHARISMATIC_LEADER, 14.0
41, 2, Policies, POLICY_DIPLOMATIC_LEAGUE, 225.0
41, 2, Policies, POLICY_LITERARY_TRADITION, 15.0
41, 2, Policies, POLICY_RAID, 1295.0
41, 2, Policies, POLICY_LIMES, 673.0
41, 2, Policies, POLICY_NATURAL_PHILOSOPHY, 78.0
41, 2, Policies, POLICY_SCRIPTURE, 306.0
41, 2, Policies, POLICY_NAVIGATION, 31.0
41, 2, Policies, POLICY_RETAINERS, 14.0
41, 2, Policies, POLICY_PROFESSIONAL_ARMY, 11.0
41, 2, Policies, POLICY_TRADE_CONFEDERATION, 50.0
41, 2, Policies, POLICY_MERCHANT_CONFEDERATION, 61.0
41, 2, Policies, POLICY_TOWN_CHARTERS, 42.0
41, 2, Policies, POLICY_TRAVELING_MERCHANTS, 18.0
41, 2, Policies, POLICY_CHIVALRY, 12.0
41, 2, Policies, POLICY_COLONIAL_OFFICES, 242.0
41, 2, Policies, POLICY_INVENTION, 31.0
41, 2, Policies, POLICY_FRESCOES, 15.0
41, 2, Policies, POLICY_RELIGIOUS_ORDERS, 30.0
41, 2, Policies, POLICY_SIMULTANEUM, 567.0
41, 2, Policies, POLICY_LOGISTICS, 16.0
41, 2, Policies, POLICY_TRIANGULAR_TRADE, 65.0
41, 2, Policies, POLICY_RATIONALISM, 169.0
41, 2, Policies, POLICY_LIBERALISM, 42.0
41, 2, Policies, POLICY_PRAETORIUM, 304.0
41, 2, Policies, POLICY_CIVIL_PRESTIGE, 229.0
41, 2, Policies, POLICY_EQUESTRIAN_ORDERS, 45.0
41, 3, Civic, CIVIC_MILITARY_TRAINING, 1852.7, 1
41, 3, Civic, CIVIC_NAVAL_TRADITION, 144.6, 1
41, 3, Civic, CIVIC_FEUDALISM, 179.6, 1
41, 3, Civic, CIVIC_CIVIL_SERVICE, 848.7, 1
41, 3, Civic, CIVIC_MERCENARIES, 2339.2, 4
41, 3, Civic, CIVIC_MEDIEVAL_FAIRES, 81689.3, 2
41, 3, Civic, CIVIC_GUILDS, 119712.0, 3
41, 3, Civic, CIVIC_DIVINE_RIGHT, 1483.3, 2
41, 3, Civic, CIVIC_EXPLORATION, 84555.3, 8
41, 3, Civic, CIVIC_HUMANISM, 161435.5, 9
41, 3, Civic, CIVIC_DIPLOMATIC_SERVICE, 80248.9, 5
41, 3, Civic, CIVIC_REFORMED_CHURCH, 82585.7, 5
41, 3, Policies, POLICY_SURVEY, 37.0
41, 3, Policies, POLICY_URBAN_PLANNING, 126.0
41, 3, Policies, POLICY_ILKUM, 9.0
41, 3, Policies, POLICY_AGOGE, 102.0
41, 3, Policies, POLICY_CARAVANSARIES, 136.0
41, 3, Policies, POLICY_LAND_SURVEYORS, 175.0
41, 3, Policies, POLICY_COLONIZATION, 135.0
41, 3, Policies, POLICY_INSPIRATION, 15.0
41, 3, Policies, POLICY_INSULAE, 239.0
41, 3, Policies, POLICY_CHARISMATIC_LEADER, 14.0
41, 3, Policies, POLICY_DIPLOMATIC_LEAGUE, 225.0
41, 3, Policies, POLICY_LITERARY_TRADITION, 15.0
41, 3, Policies, POLICY_RAID, 1711.0
41, 3, Policies, POLICY_LIMES, 196.0
41, 3, Policies, POLICY_NATURAL_PHILOSOPHY, 14.0
41, 3, Policies, POLICY_SCRIPTURE, 1087.0
41, 3, Policies, POLICY_NAVIGATION, 15.0
41, 3, Policies, POLICY_FEUDAL_CONTRACT, 102.0
41, 3, Policies, POLICY_TRADE_CONFEDERATION, 208.0
41, 3, Policies, POLICY_MERCHANT_CONFEDERATION, 122.0
41, 3, Policies, POLICY_TOWN_CHARTERS, 108.0
41, 3, Policies, POLICY_TRAVELING_MERCHANTS, 21.0
41, 3, Policies, POLICY_COLONIAL_OFFICES, 243.0
41, 3, Policies, POLICY_INVENTION, 31.0
41, 3, Policies, POLICY_FRESCOES, 15.0
41, 3, Policies, POLICY_RELIGIOUS_ORDERS, 13.0
41, 3, Policies, POLICY_SIMULTANEUM, 1520.0
41, 3, Policies, POLICY_PRAETORIUM, 307.0
41, 3, Policies, POLICY_CIVIL_PRESTIGE, 435.0
41, 4, Civic, CIVIC_MILITARY_TRAINING, 1593.7, 1
41, 4, Civic, CIVIC_NAVAL_TRADITION, 156.6, 1
41, 4, Civic, CIVIC_MERCENARIES, 1765.1, 2
41, 4, Civic, CIVIC_MEDIEVAL_FAIRES, 120673.7, 1
41, 4, Civic, CIVIC_GUILDS, 120571.7, 1
41, 4, Civic, CIVIC_EXPLORATION, 122946.3, 4
41, 4, Civic, CIVIC_HUMANISM, 241410.1, 4
41, 4, Civic, CIVIC_DIPLOMATIC_SERVICE, 121082.8, 2
41, 4, Civic, CIVIC_REFORMED_CHURCH, 121126.1, 2
41, 4, Civic, CIVIC_MERCANTILISM, 241570.3, 7
41, 4, Civic, CIVIC_THE_ENLIGHTENMENT, 242107.3, 6
41, 4, Policies, POLICY_SURVEY, 23.0
41, 4, Policies, POLICY_URBAN_PLANNING, 168.0
41, 4, Policies, POLICY_CARAVANSARIES, 22.0
41, 4, Policies, POLICY_CONSCRIPTION, 44.0
41, 4, Policies, POLICY_LAND_SURVEYORS, 237.0
41, 4, Policies, POLICY_COLONIZATION, 109.0
41, 4, Policies, POLICY_INSPIRATION, 20.0
41, 4, Policies, POLICY_INSULAE, 235.0
41, 4, Policies, POLICY_CHARISMATIC_LEADER, 14.0
41, 4, Policies, POLICY_DIPLOMATIC_LEAGUE, 337.0
41, 4, Policies, POLICY_LITERARY_TRADITION, 15.0
41, 4, Policies, POLICY_RAID, 1432.0
41, 4, Policies, POLICY_LIMES, 979.0
41, 4, Policies, POLICY_NATURAL_PHILOSOPHY, 172.0
41, 4, Policies, POLICY_NAVIGATION, 15.0
41, 4, Policies, POLICY_FEUDAL_CONTRACT, 30.0
41, 4, Policies, POLICY_RETAINERS, 28.0
41, 4, Policies, POLICY_PROFESSIONAL_ARMY, 214.0
41, 4, Policies, POLICY_TRADE_CONFEDERATION, 40.0
41, 4, Policies, POLICY_MERCHANT_CONFEDERATION, 182.0
41, 4, Policies, POLICY_AESTHETICS, 58.0
41, 4, Policies, POLICY_CRAFTSMEN, 49.0
41, 4, Policies, POLICY_TOWN_CHARTERS, 94.0
41, 4, Policies, POLICY_TRAVELING_MERCHANTS, 28.0
41, 4, Policies, POLICY_COLONIAL_OFFICES, 419.0
41, 4, Policies, POLICY_INVENTION, 43.0
41, 4, Policies, POLICY_FRESCOES, 15.0
41, 4, Policies, POLICY_RELIGIOUS_ORDERS, 62.0
41, 4, Policies, POLICY_LOGISTICS, 51.0
41, 4, Policies, POLICY_TRIANGULAR_TRADE, 55.0
41, 4, Policies, POLICY_RATIONALISM, 174.0
41, 4, Policies, POLICY_FREE_MARKET, 88.0
41, 4, Policies, POLICY_LIBERALISM, 70.0
41, 4, Policies, POLICY_PRAETORIUM, 593.0
41, 4, Policies, POLICY_CIVIL_PRESTIGE, 383.0
41, 0, Civic, CIVIC_MYSTICISM, 280.3, 1
41, 0, Civic, CIVIC_MILITARY_TRAINING, 1581.7, 1
41, 0, Civic, CIVIC_THEOLOGY, 441.2, 3
41, 0, Civic, CIVIC_NAVAL_TRADITION, 127.9, 4
41, 0, Civic, CIVIC_CIVIL_SERVICE, 621.7, 1
41, 0, Civic, CIVIC_MERCENARIES, 1763.6, 7
41, 0, Civic, CIVIC_MEDIEVAL_FAIRES, 0.0, 7
41, 0, Civic, CIVIC_GUILDS, 621.7, 6
41, 0, Civic, CIVIC_DIVINE_RIGHT, 1621.8, 8
41, 0, Civic, CIVIC_EXPLORATION, 2452.8, 22
41, 0, Civic, CIVIC_HUMANISM, 708.0, 23
41, 0, Civic, CIVIC_DIPLOMATIC_SERVICE, 914.7, 13
41, 0, Policies, POLICY_SURVEY, 15.0
41, 0, Policies, POLICY_GOD_KING, 21.0
41, 0, Policies, POLICY_URBAN_PLANNING, 147.0
41, 0, Policies, POLICY_CARAVANSARIES, 68.0
41, 0, Policies, POLICY_CONSCRIPTION, 29.0
41, 0, Policies, POLICY_LAND_SURVEYORS, 73.0
41, 0, Policies, POLICY_COLONIZATION, 105.0
41, 0, Policies, POLICY_INSPIRATION, 25.0
41, 0, Policies, POLICY_INSULAE, 205.0
41, 0, Policies, POLICY_CHARISMATIC_LEADER, 14.0
41, 0, Policies, POLICY_DIPLOMATIC_LEAGUE, 225.0
41, 0, Policies, POLICY_LITERARY_TRADITION, 15.0
41, 0, Policies, POLICY_RAID, 1432.0
41, 0, Policies, POLICY_LIMES, 846.0
41, 0, Policies, POLICY_NATURAL_PHILOSOPHY, 137.0
41, 0, Policies, POLICY_NAVIGATION, 15.0
41, 0, Policies, POLICY_RETAINERS, 14.0
41, 0, Policies, POLICY_TRADE_CONFEDERATION, 135.0
41, 0, Policies, POLICY_CHIVALRY, 25.0
41, 0, Policies, POLICY_COLONIAL_OFFICES, 372.0
41, 0, Policies, POLICY_INVENTION, 43.0
41, 0, Policies, POLICY_FRESCOES, 15.0
41, 0, Policies, POLICY_PRAETORIUM, 530.0
41, 0, Policies, POLICY_CIVIL_PRESTIGE, 414.0
41, 0, Policies, POLICY_EQUESTRIAN_ORDERS, 15.0
41, 3, Civic, CIVIC_MILITARY_TRAINING, 1852.7, 1
41, 3, Civic, CIVIC_NAVAL_TRADITION, 144.6, 1
41, 3, Civic, CIVIC_FEUDALISM, 179.6, 1
41, 3, Civic, CIVIC_CIVIL_SERVICE, 848.7, 1
41, 3, Civic, CIVIC_MERCENARIES, 2339.2, 4
41, 3, Civic, CIVIC_MEDIEVAL_FAIRES, 81689.3, 2
41, 3, Civic, CIVIC_GUILDS, 119712.0, 3
41, 3, Civic, CIVIC_DIVINE_RIGHT, 1483.3, 2
41, 3, Civic, CIVIC_EXPLORATION, 84555.3, 8
41, 3, Civic, CIVIC_HUMANISM, 161435.5, 9
41, 3, Civic, CIVIC_DIPLOMATIC_SERVICE, 80248.9, 5
41, 3, Civic, CIVIC_REFORMED_CHURCH, 82585.7, 5
41, 3, Policies, POLICY_SURVEY, 37.0
41, 3, Policies, POLICY_URBAN_PLANNING, 126.0
41, 3, Policies, POLICY_ILKUM, 9.0
41, 3, Policies, POLICY_AGOGE, 102.0
41, 3, Policies, POLICY_CARAVANSARIES, 136.0
41, 3, Policies, POLICY_LAND_SURVEYORS, 175.0
41, 3, Policies, POLICY_COLONIZATION, 135.0
41, 3, Policies, POLICY_INSPIRATION, 15.0
41, 3, Policies, POLICY_INSULAE, 239.0
41, 3, Policies, POLICY_CHARISMATIC_LEADER, 14.0
41, 3, Policies, POLICY_DIPLOMATIC_LEAGUE, 225.0
41, 3, Policies, POLICY_LITERARY_TRADITION, 15.0
41, 3, Policies, POLICY_RAID, 1711.0
41, 3, Policies, POLICY_LIMES, 196.0
41, 3, Policies, POLICY_NATURAL_PHILOSOPHY, 14.0
41, 3, Policies, POLICY_SCRIPTURE, 1087.0
41, 3, Policies, POLICY_NAVIGATION, 15.0
41, 3, Policies, POLICY_FEUDAL_CONTRACT, 102.0
41, 3, Policies, POLICY_TRADE_CONFEDERATION, 208.0
41, 3, Policies, POLICY_MERCHANT_CONFEDERATION, 122.0
41, 3, Policies, POLICY_TOWN_CHARTERS, 108.0
41, 3, Policies, POLICY_TRAVELING_MERCHANTS, 21.0
41, 3, Policies, POLICY_COLONIAL_OFFICES, 243.0
41, 3, Policies, POLICY_INVENTION, 31.0
41, 3, Policies, POLICY_FRESCOES, 15.0
41, 3, Policies, POLICY_RELIGIOUS_ORDERS, 13.0
41, 3, Policies, POLICY_SIMULTANEUM, 1520.0
41, 3, Policies, POLICY_PRAETORIUM, 307.0
41, 3, Policies, POLICY_CIVIL_PRESTIGE, 435.0
41, 0, Civic, CIVIC_MYSTICISM, 280.3, 1
41, 0, Civic, CIVIC_MILITARY_TRAINING, 1581.7, 1
41, 0, Civic, CIVIC_THEOLOGY, 441.2, 3
41, 0, Civic, CIVIC_NAVAL_TRADITION, 127.9, 4
41, 0, Civic, CIVIC_CIVIL_SERVICE, 621.7, 1
41, 0, Civic, CIVIC_MERCENARIES, 1763.6, 7
41, 0, Civic, CIVIC_MEDIEVAL_FAIRES, 0.0, 7
41, 0, Civic, CIVIC_GUILDS, 621.7, 6
41, 0, Civic, CIVIC_DIVINE_RIGHT, 1621.8, 8
41, 0, Civic, CIVIC_EXPLORATION, 2452.8, 22
41, 0, Civic, CIVIC_HUMANISM, 708.0, 23
41, 0, Civic, CIVIC_DIPLOMATIC_SERVICE, 914.7, 13
41, 0, Policies, POLICY_SURVEY, 15.0
41, 0, Policies, POLICY_GOD_KING, 21.0
41, 0, Policies, POLICY_URBAN_PLANNING, 147.0
41, 0, Policies, POLICY_CARAVANSARIES, 68.0
41, 0, Policies, POLICY_CONSCRIPTION, 29.0
41, 0, Policies, POLICY_LAND_SURVEYORS, 73.0
41, 0, Policies, POLICY_COLONIZATION, 105.0
41, 0, Policies, POLICY_INSPIRATION, 25.0
41, 0, Policies, POLICY_INSULAE, 205.0
41, 0, Policies, POLICY_CHARISMATIC_LEADER, 14.0
41, 0, Policies, POLICY_DIPLOMATIC_LEAGUE, 225.0
41, 0, Policies, POLICY_LITERARY_TRADITION, 15.0
41, 0, Policies, POLICY_RAID, 1432.0
41, 0, Policies, POLICY_LIMES, 846.0
41, 0, Policies, POLICY_NATURAL_PHILOSOPHY, 137.0
41, 0, Policies, POLICY_NAVIGATION, 15.0
41, 0, Policies, POLICY_RETAINERS, 14.0
41, 0, Policies, POLICY_TRADE_CONFEDERATION, 135.0
41, 0, Policies, POLICY_CHIVALRY, 25.0
41, 0, Policies, POLICY_COLONIAL_OFFICES, 372.0
41, 0, Policies, POLICY_INVENTION, 43.0
41, 0, Policies, POLICY_FRESCOES, 15.0
41, 0, Policies, POLICY_PRAETORIUM, 530.0
41, 0, Policies, POLICY_CIVIL_PRESTIGE, 414.0
41, 0, Policies, POLICY_EQUESTRIAN_ORDERS, 15.0
41, 1, Civic, CIVIC_MILITARY_TRADITION, 1849.6, 1
41, 1, Civic, CIVIC_MYSTICISM, 306.4, 1
41, 1, Civic, CIVIC_MILITARY_TRAINING, 3287.3, 2
41, 1, Civic, CIVIC_THEOLOGY, 474.8, 2
41, 1, Civic, CIVIC_NAVAL_TRADITION, 171.6, 1
41, 1, Civic, CIVIC_MERCENARIES, 3558.8, 3
41, 1, Civic, CIVIC_MEDIEVAL_FAIRES, 0.0, 1
41, 1, Civic, CIVIC_GUILDS, 0.0, 1
41, 1, Civic, CIVIC_DIVINE_RIGHT, 964.8, 3
41, 1, Civic, CIVIC_HUMANISM, 190.1, 3
41, 1, Civic, CIVIC_DIPLOMATIC_SERVICE, 511.1, 2
41, 1, Civic, CIVIC_MERCANTILISM, 513.4, 4
41, 1, Civic, CIVIC_THE_ENLIGHTENMENT, 913.9, 5
41, 1, Policies, POLICY_SURVEY, 7.0
41, 1, Policies, POLICY_GOD_KING, 23.0
41, 1, Policies, POLICY_URBAN_PLANNING, 132.0
41, 1, Policies, POLICY_CARAVANSARIES, 82.0
41, 1, Policies, POLICY_CONSCRIPTION, 7.0
41, 1, Policies, POLICY_LAND_SURVEYORS, 120.0
41, 1, Policies, POLICY_COLONIZATION, 70.0
41, 1, Policies, POLICY_INSPIRATION, 31.0
41, 1, Policies, POLICY_INSULAE, 113.0
41, 1, Policies, POLICY_CHARISMATIC_LEADER, 14.0
41, 1, Policies, POLICY_DIPLOMATIC_LEAGUE, 225.0
41, 1, Policies, POLICY_LITERARY_TRADITION, 31.0
41, 1, Policies, POLICY_RAID, 1295.0
41, 1, Policies, POLICY_LIMES, 199.0
41, 1, Policies, POLICY_NATURAL_PHILOSOPHY, 114.0
41, 1, Policies, POLICY_NAVIGATION, 47.0
41, 1, Policies, POLICY_TRADE_CONFEDERATION, 160.0
41, 1, Policies, POLICY_INVENTION, 62.0
41, 1, Policies, POLICY_FRESCOES, 31.0
41, 1, Policies, POLICY_LOGISTICS, 15.0
41, 1, Policies, POLICY_TRIANGULAR_TRADE, 219.0
41, 1, Policies, POLICY_RATIONALISM, 174.0
41, 1, Policies, POLICY_FREE_MARKET, 130.0
41, 1, Policies, POLICY_LIBERALISM, 42.0
41, 1, Policies, POLICY_PRAETORIUM, 572.0
41, 1, Policies, POLICY_CIVIL_PRESTIGE, 254.0
41, 1, Policies, POLICY_EQUESTRIAN_ORDERS, 93.0
42, 5, Civic, CIVIC_MILITARY_TRAINING, 908.8, 2
42, 5, Civic, CIVIC_THEOLOGY, 3965.4, 2
42, 5, Civic, CIVIC_NAVAL_TRADITION, 133.5, 3
42, 5, Civic, CIVIC_CIVIL_SERVICE, 823.8, 3
42, 5, Civic, CIVIC_MERCENARIES, 1026.8, 6
42, 5, Civic, CIVIC_MEDIEVAL_FAIRES, 2820.2, 5
42, 5, Civic, CIVIC_GUILDS, 3381.4, 8
42, 5, Civic, CIVIC_DIVINE_RIGHT, 1884.2, 12
42, 5, Civic, CIVIC_EXPLORATION, 5196.8, 20
42, 5, Civic, CIVIC_HUMANISM, 6259.3, 25
42, 5, Civic, CIVIC_DIPLOMATIC_SERVICE, 3654.2, 15
42, 5, Civic, CIVIC_REFORMED_CHURCH, 5122.8, 26
42, 5, Policies, POLICY_SURVEY, 36.0
42, 5, Policies, POLICY_GOD_KING, 13.0
42, 5, Policies, POLICY_URBAN_PLANNING, 168.0
42, 5, Policies, POLICY_CARAVANSARIES, 45.0
42, 5, Policies, POLICY_CONSCRIPTION, 154.0
42, 5, Policies, POLICY_LAND_SURVEYORS, 10.5
42, 5, Policies, POLICY_COLONIZATION, 119.0
42, 5, Policies, POLICY_INSPIRATION, 25.0
42, 5, Policies, POLICY_INSULAE, 292.0
42, 5, Policies, POLICY_CHARISMATIC_LEADER, 14.0
42, 5, Policies, POLICY_DIPLOMATIC_LEAGUE, 225.0
42, 5, Policies, POLICY_LITERARY_TRADITION, 15.0
42, 5, Policies, POLICY_RAID, 1220.0
42, 5, Policies, POLICY_BASTIONS, 36.0
42, 5, Policies, POLICY_LIMES, 602.0
42, 5, Policies, POLICY_NATURAL_PHILOSOPHY, 153.0
42, 5, Policies, POLICY_SCRIPTURE, 102.0
42, 5, Policies, POLICY_NAVIGATION, 47.0
42, 5, Policies, POLICY_FEUDAL_CONTRACT, 76.0
42, 5, Policies, POLICY_RETAINERS, 14.0
42, 5, Policies, POLICY_PROFESSIONAL_ARMY, 26.0
42, 5, Policies, POLICY_TRADE_CONFEDERATION, 86.0
42, 5, Policies, POLICY_CRAFTSMEN, 86.0
42, 5, Policies, POLICY_TOWN_CHARTERS, 36.0
42, 5, Policies, POLICY_TRAVELING_MERCHANTS, 21.0
42, 5, Policies, POLICY_COLONIAL_OFFICES, 1014.0
42, 5, Policies, POLICY_INVENTION, 64.0
42, 5, Policies, POLICY_FRESCOES, 15.0
42, 5, Policies, POLICY_WARS_OF_RELIGION, 10.0
42, 5, Policies, POLICY_RELIGIOUS_ORDERS, 221.0
42, 5, Policies, POLICY_SIMULTANEUM, 52.0
42, 5, Policies, POLICY_PRAETORIUM, 1770.0
42, 5, Policies, POLICY_CIVIL_PRESTIGE, 761.0
42, 5, Policies, POLICY_EQUESTRIAN_ORDERS, 93.0
42, 5, Policies, POLICY_SIEGE, 15.0
42, 5, Policies, POLICY_HARD_SHELL_EXPLOSIVES, 15.0
42, 6, Civic, CIVIC_NAVAL_TRADITION, 133.5, 3
42, 6, Civic, CIVIC_MERCENARIES, 133.5, 3
42, 6, Civic, CIVIC_MEDIEVAL_FAIRES, 2890330.8, 3
42, 6, Civic, CIVIC_GUILDS, 4484998.0, 2
42, 6, Civic, CIVIC_DIVINE_RIGHT, 863.9, 3
42, 6, Civic, CIVIC_EXPLORATION, 2891461.8, 12
42, 6, Civic, CIVIC_HUMANISM, -7956579.0, 13
42, 6, Civic, CIVIC_DIPLOMATIC_SERVICE, 2990405.3, 7
42, 6, Civic, CIVIC_REFORMED_CHURCH, 2991576.5, 9
42, 6, Civic, CIVIC_MERCANTILISM, 5880523.0, 19
42, 6, Civic, CIVIC_THE_ENLIGHTENMENT, 5880901.5, 24
42, 6, Policies, POLICY_SURVEY, 72.0
42, 6, Policies, POLICY_URBAN_PLANNING, 126.0
42, 6, Policies, POLICY_CARAVANSARIES, 45.0
42, 6, Policies, POLICY_CONSCRIPTION, 169.0
42, 6, Policies, POLICY_LAND_SURVEYORS, 187.0
42, 6, Policies, POLICY_COLONIZATION, 48.0
42, 6, Policies, POLICY_INSPIRATION, 28.0
42, 6, Policies, POLICY_INSULAE, 272.0
42, 6, Policies, POLICY_CHARISMATIC_LEADER, 14.0
42, 6, Policies, POLICY_DIPLOMATIC_LEAGUE, 225.0
42, 6, Policies, POLICY_LITERARY_TRADITION, 31.0
42, 6, Policies, POLICY_RAID, 1220.0
42, 6, Policies, POLICY_BASTIONS, 36.0
42, 6, Policies, POLICY_LIMES, 121.0
42, 6, Policies, POLICY_NATURAL_PHILOSOPHY, 55.0
42, 6, Policies, POLICY_SCRIPTURE, 131.0
42, 6, Policies, POLICY_NAVIGATION, 31.0
42, 6, Policies, POLICY_FEUDAL_CONTRACT, 19.0
42, 6, Policies, POLICY_RETAINERS, 242.0
42, 6, Policies, POLICY_PROFESSIONAL_ARMY, 11.0
42, 6, Policies, POLICY_TRADE_CONFEDERATION, 91.0
42, 6, Policies, POLICY_TOWN_CHARTERS, 36.0
42, 6, Policies, POLICY_TRAVELING_MERCHANTS, 43.0
42, 6, Policies, POLICY_COLONIAL_OFFICES, 741.0
42, 6, Policies, POLICY_INVENTION, 75.0
42, 6, Policies, POLICY_FRESCOES, 31.0
42, 6, Policies, POLICY_WARS_OF_RELIGION, 10.0
42, 6, Policies, POLICY_RELIGIOUS_ORDERS, 241.0
42, 6, Policies, POLICY_SIMULTANEUM, 221.0
42, 6, Policies, POLICY_LOGISTICS, 279.0
42, 6, Policies, POLICY_TRIANGULAR_TRADE, 124.0
42, 6, Policies, POLICY_RATIONALISM, 71.0
42, 6, Policies, POLICY_FREE_MARKET, 50.0
42, 6, Policies, POLICY_LIBERALISM, 242.0
42, 6, Policies, POLICY_PRAETORIUM, 1149.0
42, 6, Policies, POLICY_CIVIL_PRESTIGE, 958.0
42, 6, Policies, POLICY_EQUESTRIAN_ORDERS, 52.0
42, 7, Civic, CIVIC_MYSTICISM, 275.3, 1
42, 7, Civic, CIVIC_MILITARY_TRAINING, 962.7, 1
42, 7, Civic, CIVIC_THEOLOGY, 3204.7, 2
42, 7, Civic, CIVIC_NAVAL_TRADITION, 139.5, 2
42, 7, Civic, CIVIC_MERCENARIES, 1090.6, 4
42, 7, Civic, CIVIC_DIVINE_RIGHT, 1317.9, 5
42, 7, Civic, CIVIC_EXPLORATION, 2212.6, 9
42, 7, Civic, CIVIC_HUMANISM, 1039.7, 4
42, 7, Civic, CIVIC_DIPLOMATIC_SERVICE, 728.5, 3
42, 7, Civic, CIVIC_MERCANTILISM, 541.6, 12
42, 7, Civic, CIVIC_THE_ENLIGHTENMENT, 1129.0, 12
42, 7, Civic, CIVIC_COLONIALISM, 1069.1, 20
42, 7, Civic, CIVIC_CIVIL_ENGINEERING, 541.6, 23
42, 7, Civic, CIVIC_NATIONALISM, 1129.0, 23
42, 7, Civic, CIVIC_OPERA_BALLET, 950.4, 20
42, 7, Policies, POLICY_SURVEY, 77.0
42, 7, Policies, POLICY_GOD_KING, 21.0
42, 7, Policies, POLICY_URBAN_PLANNING, 105.0
42, 7, Policies, POLICY_CARAVANSARIES, 22.0
42, 7, Policies, POLICY_CONSCRIPTION, 169.0
42, 7, Policies, POLICY_LAND_SURVEYORS, 55.0
42, 7, Policies, POLICY_COLONIZATION, 32.0
42, 7, Policies, POLICY_INSPIRATION, 28.0
42, 7, Policies, POLICY_CHARISMATIC_LEADER, 14.0
42, 7, Policies, POLICY_DIPLOMATIC_LEAGUE, 225.0
42, 7, Policies, POLICY_LITERARY_TRADITION, 47.0
42, 7, Policies, POLICY_RAID, 1220.0
42, 7, Policies, POLICY_BASTIONS, 24.0
42, 7, Policies, POLICY_LIMES, 121.0
42, 7, Policies, POLICY_NATURAL_PHILOSOPHY, 93.0
42, 7, Policies, POLICY_SCRIPTURE, 102.0
42, 7, Policies, POLICY_NAVIGATION, 31.0
42, 7, Policies, POLICY_FEUDAL_CONTRACT, 24.0
42, 7, Policies, POLICY_RETAINERS, 138.0
42, 7, Policies, POLICY_PROFESSIONAL_ARMY, 28.0
42, 7, Policies, POLICY_TRADE_CONFEDERATION, 53.0
42, 7, Policies, POLICY_AESTHETICS, 28.0
42, 7, Policies, POLICY_TRAVELING_MERCHANTS, 29.0
42, 7, Policies, POLICY_COLONIAL_OFFICES, 780.0
42, 7, Policies, POLICY_INVENTION, 75.0
42, 7, Policies, POLICY_FRESCOES, 47.0
42, 7, Policies, POLICY_LOGISTICS, 253.0
42, 7, Policies, POLICY_TRIANGULAR_TRADE, 55.0
42, 7, Policies, POLICY_RATIONALISM, 69.0
42, 7, Policies, POLICY_LIBERALISM, 152.0
42, 7, Policies, POLICY_COLONIAL_TAXES, 804.0
42, 7, Policies, POLICY_SYMPHONIES, 94.0
42, 7, Policies, POLICY_PRAETORIUM, 1286.0
42, 7, Policies, POLICY_CIVIL_PRESTIGE, 874.0
42, 7, Policies, POLICY_EQUESTRIAN_ORDERS, 78.0
42, 8, Civic, CIVIC_MILITARY_TRADITION, 21540.6, 1
42, 8, Civic, CIVIC_MYSTICISM, 280.4, 1
42, 8, Civic, CIVIC_MILITARY_TRAINING, 22467.2, 2
42, 8, Civic, CIVIC_THEOLOGY, 12600.6, 2
42, 8, Civic, CIVIC_NAVAL_TRADITION, 139.5, 2
42, 8, Civic, CIVIC_MERCENARIES, 22590.8, 5
42, 8, Civic, CIVIC_MEDIEVAL_FAIRES, 0.0, 1
42, 8, Civic, CIVIC_DIVINE_RIGHT, 1497.8, 5
42, 8, Civic, CIVIC_HUMANISM, 122.4, 8
42, 8, Civic, CIVIC_DIPLOMATIC_SERVICE, 462.7, 4
42, 8, Civic, CIVIC_MERCANTILISM, 425.1, 16
42, 8, Civic, CIVIC_THE_ENLIGHTENMENT, 663.2, 20
42, 8, Policies, POLICY_SURVEY, 50.0
42, 8, Policies, POLICY_GOD_KING, 28.0
42, 8, Policies, POLICY_URBAN_PLANNING, 126.0
42, 8, Policies, POLICY_CARAVANSARIES, 22.0
42, 8, Policies, POLICY_CONSCRIPTION, 235.0
42, 8, Policies, POLICY_LAND_SURVEYORS, 30.0
42, 8, Policies, POLICY_COLONIZATION, 75.0
42, 8, Policies, POLICY_INSPIRATION, 25.0
42, 8, Policies, POLICY_INSULAE, 409.0
42, 8, Policies, POLICY_CHARISMATIC_LEADER, 14.0
42, 8, Policies, POLICY_DIPLOMATIC_LEAGUE, 225.0
42, 8, Policies, POLICY_LITERARY_TRADITION, 15.0
42, 8, Policies, POLICY_RAID, 1220.0
42, 8, Policies, POLICY_BASTIONS, 30.0
42, 8, Policies, POLICY_LIMES, 124.0
42, 8, Policies, POLICY_NATURAL_PHILOSOPHY, 71.0
42, 8, Policies, POLICY_SCRIPTURE, 278.0
42, 8, Policies, POLICY_NAVIGATION, 15.0
42, 8, Policies, POLICY_FEUDAL_CONTRACT, 148.0
42, 8, Policies, POLICY_RETAINERS, 160.0
42, 8, Policies, POLICY_PROFESSIONAL_ARMY, 71.0
42, 8, Policies, POLICY_TRADE_CONFEDERATION, 44.0
42, 8, Policies, POLICY_CRAFTSMEN, 64.0
42, 8, Policies, POLICY_TRAVELING_MERCHANTS, 21.0
42, 8, Policies, POLICY_INVENTION, 43.0
42, 8, Policies, POLICY_FRESCOES, 15.0
42, 8, Policies, POLICY_LOGISTICS, 463.0
42, 8, Policies, POLICY_TRIANGULAR_TRADE, 62.0
42, 8, Policies, POLICY_LIBERALISM, 343.0
42, 8, Policies, POLICY_PRAETORIUM, 1611.0
42, 8, Policies, POLICY_CIVIL_PRESTIGE, 778.0
42, 8, Policies, POLICY_EQUESTRIAN_ORDERS, 22.0
42, 9, Civic, CIVIC_MILITARY_TRADITION, 27031.6, 1
42, 9, Civic, CIVIC_MYSTICISM, 275.3, 1
42, 9, Civic, CIVIC_MILITARY_TRAINING, 28190.3, 3
42, 9, Civic, CIVIC_THEOLOGY, 3462.2, 3
42, 9, Civic, CIVIC_NAVAL_TRADITION, 133.5, 3
42, 9, Civic, CIVIC_MERCENARIES, 28305.3, 7
42, 9, Civic, CIVIC_MEDIEVAL_FAIRES, 3055358.3, 5
42, 9, Civic, CIVIC_GUILDS, 3363710.8, 2
42, 9, Civic, CIVIC_DIVINE_RIGHT, 1235.8, 7
42, 9, Civic, CIVIC_HUMANISM, 6419148.5, 19
42, 9, Civic, CIVIC_DIPLOMATIC_SERVICE, 3364079.0, 9
42, 9, Civic, CIVIC_MERCANTILISM, 6419714.0, 33
42, 9, Civic, CIVIC_THE_ENLIGHTENMENT, 6419550.5, 35
42, 9, Policies, POLICY_SURVEY, 21.0
42, 9, Policies, POLICY_GOD_KING, 14.0
42, 9, Policies, POLICY_URBAN_PLANNING, 126.0
42, 9, Policies, POLICY_CARAVANSARIES, 25.0
42, 9, Policies, POLICY_CONSCRIPTION, 272.0
42, 9, Policies, POLICY_LAND_SURVEYORS, 40.0
42, 9, Policies, POLICY_COLONIZATION, 21.0
42, 9, Policies, POLICY_INSPIRATION, 25.0
42, 9, Policies, POLICY_INSULAE, 83.0
42, 9, Policies, POLICY_CHARISMATIC_LEADER, 14.0
42, 9, Policies, POLICY_DIPLOMATIC_LEAGUE, 225.0
42, 9, Policies, POLICY_LITERARY_TRADITION, 15.0
42, 9, Policies, POLICY_RAID, 1377.0
42, 9, Policies, POLICY_BASTIONS, 30.0
42, 9, Policies, POLICY_LIMES, 378.0
42, 9, Policies, POLICY_NATURAL_PHILOSOPHY, 111.0
42, 9, Policies, POLICY_SCRIPTURE, 102.0
42, 9, Policies, POLICY_NAVIGATION, 15.0
42, 9, Policies, POLICY_FEUDAL_CONTRACT, 38.0
42, 9, Policies, POLICY_RETAINERS, 28.0
42, 9, Policies, POLICY_PROFESSIONAL_ARMY, 43.0
42, 9, Policies, POLICY_TRADE_CONFEDERATION, 43.0
42, 9, Policies, POLICY_CRAFTSMEN, 71.0
42, 9, Policies, POLICY_TRAVELING_MERCHANTS, 21.0
42, 9, Policies, POLICY_INVENTION, 64.0
42, 9, Policies, POLICY_FRESCOES, 15.0
42, 9, Policies, POLICY_LOGISTICS, 608.0
42, 9, Policies, POLICY_TRIANGULAR_TRADE, 53.0
42, 9, Policies, POLICY_LIBERALISM, 42.0
42, 9, Policies, POLICY_PRAETORIUM, 1550.0
42, 9, Policies, POLICY_CIVIL_PRESTIGE, 265.0
42, 9, Policies, POLICY_EQUESTRIAN_ORDERS, 52.0
42, 9, Policies, POLICY_DRILL_MANUALS, 11.0
42, 9, Policies, POLICY_SIEGE, 7.0
42, 9, Policies, POLICY_HARD_SHELL_EXPLOSIVES, 7.0
42, 10, Civic, CIVIC_MILITARY_TRAINING, 108.3, 12
42, 10, Civic, CIVIC_THEOLOGY, 160.9, 3
42, 10, Civic, CIVIC_NAVAL_TRADITION, 55.9, 26
42, 10, Civic, CIVIC_FEUDALISM, 120.6, 1
42, 10, Civic, CIVIC_CIVIL_SERVICE, 210.7, 1
42, 10, Civic, CIVIC_MERCENARIES, 228.9, 53
42, 10, Civic, CIVIC_MEDIEVAL_FAIRES, 120.6, 51
42, 10, Civic, CIVIC_GUILDS, 331.2, 52
42, 10, Civic, CIVIC_DIVINE_RIGHT, 477.5, 44
42, 10, Civic, CIVIC_EXPLORATION, 228.9, 155
42, 10, Civic, CIVIC_HUMANISM, 331.2, 173
42, 10, Civic, CIVIC_DIPLOMATIC_SERVICE, 331.2, 123
42, 10, Civic, CIVIC_REFORMED_CHURCH, 598.0, 147
42, 10, Policies, POLICY_GOD_KING, 21.0
42, 10, Policies, POLICY_URBAN_PLANNING, 14.0
42, 10, Policies, POLICY_ILKUM, 1.0
42, 10, Policies, POLICY_CARAVANSARIES, 14.0
42, 10, Policies, POLICY_CONSCRIPTION, 36.0
42, 10, Policies, POLICY_CHARISMATIC_LEADER, 14.0
42, 10, Policies, POLICY_LIMES, 33.0
42, 10, Policies, POLICY_RETAINERS, 75.0
42, 10, Policies, POLICY_PRAETORIUM, 20.0
42, 10, Policies, POLICY_CIVIL_PRESTIGE, 133.0
42, 10, Policies, POLICY_SOVEREIGN_STATE, 90.0
42, 12, Civic, CIVIC_MILITARY_TRAINING, 138.5, 11
42, 12, Civic, CIVIC_THEOLOGY, 168.4, 2
42, 12, Civic, CIVIC_NAVAL_TRADITION, 62.0, 23
42, 12, Civic, CIVIC_CIVIL_SERVICE, 210.7, 1
42, 12, Civic, CIVIC_MERCENARIES, 171.5, 47
42, 12, Civic, CIVIC_MEDIEVAL_FAIRES, 24.0, 44
42, 12, Civic, CIVIC_GUILDS, 235.8, 45
42, 12, Civic, CIVIC_DIVINE_RIGHT, 511.4, 39
42, 12, Civic, CIVIC_EXPLORATION, 195.5, 137
42, 12, Civic, CIVIC_HUMANISM, 259.7, 152
42, 12, Civic, CIVIC_DIPLOMATIC_SERVICE, 235.8, 108
42, 12, Civic, CIVIC_REFORMED_CHURCH, 536.5, 129
42, 12, Policies, POLICY_GOD_KING, 21.0
42, 12, Policies, POLICY_URBAN_PLANNING, 14.0
42, 12, Policies, POLICY_CARAVANSARIES, 14.0
42, 12, Policies, POLICY_CONSCRIPTION, 36.0
42, 12, Policies, POLICY_INSULAE, 12.0
42, 12, Policies, POLICY_CHARISMATIC_LEADER, 14.0
42, 12, Policies, POLICY_BASTIONS, 6.0
42, 12, Policies, POLICY_LIMES, 36.0
42, 12, Policies, POLICY_NATURAL_PHILOSOPHY, 28.0
42, 12, Policies, POLICY_TRADE_CONFEDERATION, 28.0
42, 12, Policies, POLICY_PRAETORIUM, 29.0
42, 12, Policies, POLICY_CIVIL_PRESTIGE, 26.0
42, 12, Policies, POLICY_EQUESTRIAN_ORDERS, 48.0
42, 12, Policies, POLICY_SOVEREIGN_STATE, 90.0
42, 13, Civic, CIVIC_MILITARY_TRAINING, 108.3, 12
42, 13, Civic, CIVIC_THEOLOGY, 160.9, 3
42, 13, Civic, CIVIC_NAVAL_TRADITION, 65.9, 25
42, 13, Civic, CIVIC_FEUDALISM, 120.6, 1
42, 13, Civic, CIVIC_CIVIL_SERVICE, 210.7, 1
42, 13, Civic, CIVIC_MERCENARIES, 228.9, 51
42, 13, Civic, CIVIC_MEDIEVAL_FAIRES, 143.0, 48
42, 13, Civic, CIVIC_GUILDS, 352.6, 49
42, 13, Civic, CIVIC_DIVINE_RIGHT, 481.7, 42
42, 13, Civic, CIVIC_EXPLORATION, 251.3, 147
42, 13, Civic, CIVIC_HUMANISM, 375.0, 163
42, 13, Civic, CIVIC_DIPLOMATIC_SERVICE, 352.6, 116
42, 13, Civic, CIVIC_REFORMED_CHURCH, 623.6, 139
42, 13, Policies, POLICY_GOD_KING, 21.0
42, 13, Policies, POLICY_URBAN_PLANNING, 14.0
42, 13, Policies, POLICY_CARAVANSARIES, 14.0
42, 13, Policies, POLICY_CONSCRIPTION, 29.0
42, 13, Policies, POLICY_INSULAE, 38.0
42, 13, Policies, POLICY_CHARISMATIC_LEADER, 14.0
42, 13, Policies, POLICY_BASTIONS, 6.0
42, 13, Policies, POLICY_LIMES, 18.0
42, 13, Policies, POLICY_NAVAL_INFRASTRUCTURE, 28.0
42, 13, Policies, POLICY_PRAETORIUM, 20.0
42, 13, Policies, POLICY_CIVIL_PRESTIGE, 52.0
42, 13, Policies, POLICY_SOVEREIGN_STATE, 90.0
42, 14, Civic, CIVIC_MILITARY_TRAINING, 108.3, 12
42, 14, Civic, CIVIC_THEOLOGY, 154.0, 4
42, 14, Civic, CIVIC_NAVAL_TRADITION, 63.9, 26
42, 14, Civic, CIVIC_CIVIL_SERVICE, 210.7, 1
42, 14, Civic, CIVIC_MERCENARIES, 108.3, 52
42, 14, Civic, CIVIC_MEDIEVAL_FAIRES, 0.0, 50
42, 14, Civic, CIVIC_GUILDS, 210.7, 51
42, 14, Civic, CIVIC_DIVINE_RIGHT, 472.3, 45
42, 14, Civic, CIVIC_EXPLORATION, 108.3, 154
42, 14, Civic, CIVIC_HUMANISM, 210.7, 172
42, 14, Civic, CIVIC_DIPLOMATIC_SERVICE, 210.7, 122
42, 14, Civic, CIVIC_REFORMED_CHURCH, 472.3, 147
42, 14, Policies, POLICY_GOD_KING, 21.0
42, 14, Policies, POLICY_URBAN_PLANNING, 14.0
42, 14, Policies, POLICY_CARAVANSARIES, 29.0
42, 14, Policies, POLICY_CONSCRIPTION, 29.0
42, 14, Policies, POLICY_INSULAE, 1.0
42, 14, Policies, POLICY_CHARISMATIC_LEADER, 14.0
42, 14, Policies, POLICY_LIMES, 13.0
42, 14, Policies, POLICY_NAVAL_INFRASTRUCTURE, 28.0
42, 14, Policies, POLICY_RETAINERS, 14.0
42, 14, Policies, POLICY_PRAETORIUM, 23.0
42, 14, Policies, POLICY_CIVIL_PRESTIGE, 15.0
42, 14, Policies, POLICY_SOVEREIGN_STATE, 90.0
42, 15, Civic, CIVIC_MILITARY_TRAINING, 144.3, 12
42, 15, Civic, CIVIC_THEOLOGY, 154.0, 4
42, 15, Civic, CIVIC_NAVAL_TRADITION, 55.9, 26
42, 15, Civic, CIVIC_CIVIL_SERVICE, 210.7, 1
42, 15, Civic, CIVIC_MERCENARIES, 144.3, 53
42, 15, Civic, CIVIC_MEDIEVAL_FAIRES, 0.0, 50
42, 15, Civic, CIVIC_GUILDS, 210.7, 51
42, 15, Civic, CIVIC_DIVINE_RIGHT, 471.9, 46
42, 15, Civic, CIVIC_EXPLORATION, 144.3, 155
42, 15, Civic, CIVIC_HUMANISM, 210.7, 172
42, 15, Civic, CIVIC_DIPLOMATIC_SERVICE, 210.7, 122
42, 15, Civic, CIVIC_REFORMED_CHURCH, 471.9, 148
42, 15, Policies, POLICY_GOD_KING, 21.0
42, 15, Policies, POLICY_URBAN_PLANNING, 14.0
42, 15, Policies, POLICY_CARAVANSARIES, 14.0
42, 15, Policies, POLICY_CONSCRIPTION, 44.0
42, 15, Policies, POLICY_CHARISMATIC_LEADER, 14.0
42, 15, Policies, POLICY_LIMES, 12.0
42, 15, Policies, POLICY_PRAETORIUM, 26.0
42, 15, Policies, POLICY_CIVIL_PRESTIGE, 15.0
42, 15, Policies, POLICY_EQUESTRIAN_ORDERS, 56.0
42, 15, Policies, POLICY_SOVEREIGN_STATE, 90.0
42, 16, Civic, CIVIC_MILITARY_TRAINING, 117.4, 13
42, 16, Civic, CIVIC_THEOLOGY, 148.5, 5
42, 16, Civic, CIVIC_NAVAL_TRADITION, 51.8, 28
42, 16, Civic, CIVIC_CIVIL_SERVICE, 270.7, 1
42, 16, Civic, CIVIC_MERCENARIES, 117.4, 55
42, 16, Civic, CIVIC_MEDIEVAL_FAIRES, 0.0, 52
42, 16, Civic, CIVIC_GUILDS, 270.7, 53
42, 16, Civic, CIVIC_DIVINE_RIGHT, 611.0, 48
42, 16, Civic, CIVIC_EXPLORATION, 117.4, 162
42, 16, Civic, CIVIC_HUMANISM, 270.7, 180
42, 16, Civic, CIVIC_DIPLOMATIC_SERVICE, 270.7, 128
42, 16, Civic, CIVIC_REFORMED_CHURCH, 611.0, 155
42, 16, Policies, POLICY_GOD_KING, 21.0
42, 16, Policies, POLICY_URBAN_PLANNING, 14.0
42, 16, Policies, POLICY_CARAVANSARIES, 14.0
42, 16, Policies, POLICY_CONSCRIPTION, 36.0
42, 16, Policies, POLICY_CHARISMATIC_LEADER, 14.0
42, 16, Policies, POLICY_BASTIONS, 6.0
42, 16, Policies, POLICY_LIMES, 21.0
42, 16, Policies, POLICY_FEUDAL_CONTRACT, 1.0
42, 16, Policies, POLICY_PRAETORIUM, 29.0
42, 16, Policies, POLICY_CIVIL_PRESTIGE, 148.0
42, 16, Policies, POLICY_EQUESTRIAN_ORDERS, 37.0
42, 16, Policies, POLICY_SOVEREIGN_STATE, 90.0
42, 17, Civic, CIVIC_MILITARY_TRAINING, 130.9, 14
42, 17, Civic, CIVIC_THEOLOGY, 148.5, 5
42, 17, Civic, CIVIC_NAVAL_TRADITION, 50.7, 29
42, 17, Civic, CIVIC_CIVIL_SERVICE, 210.7, 1
42, 17, Civic, CIVIC_MERCENARIES, 130.9, 59
42, 17, Civic, CIVIC_MEDIEVAL_FAIRES, 0.0, 55
42, 17, Civic, CIVIC_GUILDS, 210.7, 56
42, 17, Civic, CIVIC_DIVINE_RIGHT, 359.1, 51
42, 17, Civic, CIVIC_EXPLORATION, 130.9, 172
42, 17, Civic, CIVIC_HUMANISM, 210.7, 190
42, 17, Civic, CIVIC_DIPLOMATIC_SERVICE, 210.7, 135
42, 17, Civic, CIVIC_REFORMED_CHURCH, 359.1, 164
42, 17, Policies, POLICY_GOD_KING, 21.0
42, 17, Policies, POLICY_URBAN_PLANNING, 14.0
42, 17, Policies, POLICY_CARAVANSARIES, 14.0
42, 17, Policies, POLICY_CONSCRIPTION, 29.0
42, 17, Policies, POLICY_CHARISMATIC_LEADER, 14.0
42, 17, Policies, POLICY_BASTIONS, 6.0
42, 17, Policies, POLICY_PRAETORIUM, 26.0
42, 17, Policies, POLICY_CIVIL_PRESTIGE, 82.0
42, 17, Policies, POLICY_EQUESTRIAN_ORDERS, 48.0
42, 17, Policies, POLICY_SOVEREIGN_STATE, 90.0
42, 20, Civic, CIVIC_MILITARY_TRAINING, 116.3, 10
42, 20, Civic, CIVIC_THEOLOGY, 168.4, 2
42, 20, Civic, CIVIC_NAVAL_TRADITION, 63.4, 22
42, 20, Civic, CIVIC_CIVIL_SERVICE, 210.7, 1
42, 20, Civic, CIVIC_MERCENARIES, 150.6, 44
42, 20, Civic, CIVIC_MEDIEVAL_FAIRES, 27.3, 42
42, 20, Civic, CIVIC_GUILDS, 236.7, 43
42, 20, Civic, CIVIC_DIVINE_RIGHT, 494.4, 37
42, 20, Civic, CIVIC_EXPLORATION, 177.9, 130
42, 20, Civic, CIVIC_HUMANISM, 264.0, 145
42, 20, Civic, CIVIC_DIPLOMATIC_SERVICE, 236.7, 103
42, 20, Civic, CIVIC_REFORMED_CHURCH, 520.4, 123
42, 20, Policies, POLICY_GOD_KING, 21.0
42, 20, Policies, POLICY_URBAN_PLANNING, 14.0
42, 20, Policies, POLICY_CARAVANSARIES, 14.0
42, 20, Policies, POLICY_CONSCRIPTION, 36.0
42, 20, Policies, POLICY_CHARISMATIC_LEADER, 14.0
42, 20, Policies, POLICY_LIMES, 48.0
42, 20, Policies, POLICY_RETAINERS, 74.0
42, 20, Policies, POLICY_TRADE_CONFEDERATION, 28.0
42, 20, Policies, POLICY_PRAETORIUM, 20.0
42, 20, Policies, POLICY_CIVIL_PRESTIGE, 110.0
42, 20, Policies, POLICY_SOVEREIGN_STATE, 90.0
42, 21, Civic, CIVIC_MILITARY_TRAINING, 141.9, 14
42, 21, Civic, CIVIC_THEOLOGY, 148.5, 5
42, 21, Civic, CIVIC_NAVAL_TRADITION, 50.7, 29
42, 21, Civic, CIVIC_CIVIL_SERVICE, 249.7, 1
42, 21, Civic, CIVIC_MERCENARIES, 141.9, 59
42, 21, Civic, CIVIC_MEDIEVAL_FAIRES, 0.0, 55
42, 21, Civic, CIVIC_GUILDS, 249.7, 56
42, 21, Civic, CIVIC_DIVINE_RIGHT, 398.1, 51
42, 21, Civic, CIVIC_EXPLORATION, 141.9, 172
42, 21, Civic, CIVIC_HUMANISM, 249.7, 190
42, 21, Civic, CIVIC_DIPLOMATIC_SERVICE, 249.7, 135
42, 21, Civic, CIVIC_REFORMED_CHURCH, 398.1, 164
42, 21, Policies, POLICY_GOD_KING, 21.0
42, 21, Policies, POLICY_URBAN_PLANNING, 14.0
42, 21, Policies, POLICY_CARAVANSARIES, 14.0
42, 21, Policies, POLICY_CONSCRIPTION, 36.0
42, 21, Policies, POLICY_CHARISMATIC_LEADER, 14.0
42, 21, Policies, POLICY_BASTIONS, 6.0
42, 21, Policies, POLICY_LIMES, 12.0
42, 21, Policies, POLICY_PRAETORIUM, 26.0
42, 21, Policies, POLICY_CIVIL_PRESTIGE, 123.0
42, 21, Policies, POLICY_EQUESTRIAN_ORDERS, 63.0
42, 21, Policies, POLICY_SOVEREIGN_STATE, 90.0
42, 62, Civic, CIVIC_MILITARY_TRADITION, 58.1, 20
42, 62, Civic, CIVIC_STATE_WORKFORCE, 56.5, 28
42, 62, Civic, CIVIC_MYSTICISM, 92.3, 20
42, 62, Civic, CIVIC_GAMES_RECREATION, 56.5, 83
42, 62, Civic, CIVIC_POLITICAL_PHILOSOPHY, 56.5, 83
42, 62, Civic, CIVIC_DRAMA_POETRY, 0.0, 55
42, 62, Civic, CIVIC_MILITARY_TRAINING, 114.6, 163
42, 62, Civic, CIVIC_DEFENSIVE_TACTICS, 56.5, 225
42, 62, Civic, CIVIC_RECORDED_HISTORY, 56.5, 225
42, 62, Civic, CIVIC_THEOLOGY, 92.3, 135
42, 62, Policies, POLICY_CARAVANSARIES, 14.0
42, 0, Civic, CIVIC_MYSTICISM, 280.3, 1
42, 0, Civic, CIVIC_MILITARY_TRAINING, 1576.7, 1
42, 0, Civic, CIVIC_THEOLOGY, 448.7, 2
42, 0, Civic, CIVIC_NAVAL_TRADITION, 133.5, 3
42, 0, Civic, CIVIC_MERCENARIES, 1809.7, 6
42, 0, Civic, CIVIC_MEDIEVAL_FAIRES, 14027.7, 6
42, 0, Civic, CIVIC_GUILDS, 14961.3, 4
42, 0, Civic, CIVIC_DIVINE_RIGHT, 1023.2, 5
42, 0, Civic, CIVIC_EXPLORATION, 16599.1, 18
42, 0, Civic, CIVIC_HUMANISM, 29091.3, 18
42, 0, Civic, CIVIC_DIPLOMATIC_SERVICE, 15329.6, 9
42, 0, Civic, CIVIC_MERCANTILISM, 29138.6, 28
42, 0, Civic, CIVIC_THE_ENLIGHTENMENT, 29495.7, 33
42, 0, Policies, POLICY_SURVEY, 15.0
42, 0, Policies, POLICY_GOD_KING, 21.0
42, 0, Policies, POLICY_URBAN_PLANNING, 147.0
42, 0, Policies, POLICY_CARAVANSARIES, 68.0
42, 0, Policies, POLICY_CONSCRIPTION, 29.0
42, 0, Policies, POLICY_LAND_SURVEYORS, 73.0
42, 0, Policies, POLICY_COLONIZATION, 100.0
42, 0, Policies, POLICY_INSPIRATION, 25.0
42, 0, Policies, POLICY_INSULAE, 200.0
42, 0, Policies, POLICY_CHARISMATIC_LEADER, 14.0
42, 0, Policies, POLICY_DIPLOMATIC_LEAGUE, 225.0
42, 0, Policies, POLICY_LITERARY_TRADITION, 15.0
42, 0, Policies, POLICY_RAID, 1560.0
42, 0, Policies, POLICY_LIMES, 616.0
42, 0, Policies, POLICY_NATURAL_PHILOSOPHY, 137.0
42, 0, Policies, POLICY_NAVIGATION, 15.0
42, 0, Policies, POLICY_RETAINERS, 14.0
42, 0, Policies, POLICY_TRADE_CONFEDERATION, 135.0
42, 0, Policies, POLICY_MERCHANT_CONFEDERATION, 45.0
42, 0, Policies, POLICY_TOWN_CHARTERS, 90.0
42, 0, Policies, POLICY_TRAVELING_MERCHANTS, 28.0
42, 0, Policies, POLICY_CHIVALRY, 29.0
42, 0, Policies, POLICY_COLONIAL_OFFICES, 386.0
42, 0, Policies, POLICY_INVENTION, 43.0
42, 0, Policies, POLICY_FRESCOES, 15.0
42, 0, Policies, POLICY_LOGISTICS, 52.0
42, 0, Policies, POLICY_TRIANGULAR_TRADE, 166.0
42, 0, Policies, POLICY_RATIONALISM, 108.0
42, 0, Policies, POLICY_FREE_MARKET, 100.0
42, 0, Policies, POLICY_LIBERALISM, 56.0
42, 0, Policies, POLICY_PRAETORIUM, 548.0
42, 0, Policies, POLICY_CIVIL_PRESTIGE, 373.0
42, 0, Policies, POLICY_EQUESTRIAN_ORDERS, 7.0
42, 1, Civic, CIVIC_MILITARY_TRADITION, 1889.6, 1
42, 1, Civic, CIVIC_MYSTICISM, 295.4, 1
42, 1, Civic, CIVIC_MILITARY_TRAINING, 3309.3, 2
42, 1, Civic, CIVIC_THEOLOGY, 463.8, 2
42, 1, Civic, CIVIC_NAVAL_TRADITION, 157.6, 1
42, 1, Civic, CIVIC_MERCENARIES, 3568.8, 3
42, 1, Civic, CIVIC_GUILDS, 32283.7, 1
42, 1, Civic, CIVIC_DIVINE_RIGHT, 978.3, 3
42, 1, Civic, CIVIC_HUMANISM, 32466.7, 2
42, 1, Civic, CIVIC_DIPLOMATIC_SERVICE, 32794.8, 2
42, 1, Civic, CIVIC_MERCANTILISM, 32781.5, 3
42, 1, Civic, CIVIC_THE_ENLIGHTENMENT, 33224.8, 4
42, 1, Policies, POLICY_SURVEY, 7.0
42, 1, Policies, POLICY_GOD_KING, 23.0
42, 1, Policies, POLICY_URBAN_PLANNING, 132.0
42, 1, Policies, POLICY_CARAVANSARIES, 82.0
42, 1, Policies, POLICY_CONSCRIPTION, 7.0
42, 1, Policies, POLICY_LAND_SURVEYORS, 185.0
42, 1, Policies, POLICY_COLONIZATION, 47.0
42, 1, Policies, POLICY_INSPIRATION, 31.0
42, 1, Policies, POLICY_CHARISMATIC_LEADER, 14.0
42, 1, Policies, POLICY_DIPLOMATIC_LEAGUE, 225.0
42, 1, Policies, POLICY_LITERARY_TRADITION, 31.0
42, 1, Policies, POLICY_RAID, 1411.0
42, 1, Policies, POLICY_LIMES, 536.0
42, 1, Policies, POLICY_NATURAL_PHILOSOPHY, 112.0
42, 1, Policies, POLICY_NAVIGATION, 47.0
42, 1, Policies, POLICY_RETAINERS, 14.0
42, 1, Policies, POLICY_TRADE_CONFEDERATION, 159.0
42, 1, Policies, POLICY_MERCHANT_CONFEDERATION, 133.0
42, 1, Policies, POLICY_TOWN_CHARTERS, 121.0
42, 1, Policies, POLICY_TRAVELING_MERCHANTS, 37.0
42, 1, Policies, POLICY_INVENTION, 62.0
42, 1, Policies, POLICY_FRESCOES, 31.0
42, 1, Policies, POLICY_LOGISTICS, 12.0
42, 1, Policies, POLICY_TRIANGULAR_TRADE, 219.0
42, 1, Policies, POLICY_RATIONALISM, 177.0
42, 1, Policies, POLICY_FREE_MARKET, 130.0
42, 1, Policies, POLICY_LIBERALISM, 56.0
42, 1, Policies, POLICY_PRAETORIUM, 616.0
42, 1, Policies, POLICY_CIVIL_PRESTIGE, 267.0
42, 1, Policies, POLICY_EQUESTRIAN_ORDERS, 103.0
42, 2, Civic, CIVIC_MILITARY_TRAINING, 2168.6, 2
42, 2, Civic, CIVIC_NAVAL_TRADITION, 155.5, 3
42, 2, Civic, CIVIC_MERCENARIES, 1603.8, 6
42, 2, Civic, CIVIC_MEDIEVAL_FAIRES, 78756.8, 3
42, 2, Civic, CIVIC_GUILDS, 76361.3, 4
42, 2, Civic, CIVIC_EXPLORATION, 80964.0, 14
42, 2, Civic, CIVIC_HUMANISM, 155223.6, 14
42, 2, Civic, CIVIC_DIPLOMATIC_SERVICE, 76741.0, 8
42, 2, Civic, CIVIC_REFORMED_CHURCH, 77403.7, 9
42, 2, Civic, CIVIC_MERCANTILISM, 155326.3, 22
42, 2, Civic, CIVIC_THE_ENLIGHTENMENT, 155798.1, 26
42, 2, Policies, POLICY_SURVEY, 37.0
42, 2, Policies, POLICY_URBAN_PLANNING, 108.0
42, 2, Policies, POLICY_CARAVANSARIES, 41.0
42, 2, Policies, POLICY_CONSCRIPTION, 7.0
42, 2, Policies, POLICY_LAND_SURVEYORS, 225.0
42, 2, Policies, POLICY_COLONIZATION, 81.0
42, 2, Policies, POLICY_INSPIRATION, 19.0
42, 2, Policies, POLICY_INSULAE, 92.0
42, 2, Policies, POLICY_CHARISMATIC_LEADER, 14.0
42, 2, Policies, POLICY_DIPLOMATIC_LEAGUE, 337.0
42, 2, Policies, POLICY_LITERARY_TRADITION, 15.0
42, 2, Policies, POLICY_RAID, 1411.0
42, 2, Policies, POLICY_LIMES, 779.0
42, 2, Policies, POLICY_NATURAL_PHILOSOPHY, 78.0
42, 2, Policies, POLICY_SCRIPTURE, 306.0
42, 2, Policies, POLICY_NAVIGATION, 31.0
42, 2, Policies, POLICY_RETAINERS, 14.0
42, 2, Policies, POLICY_PROFESSIONAL_ARMY, 11.0
42, 2, Policies, POLICY_TRADE_CONFEDERATION, 101.0
42, 2, Policies, POLICY_MERCHANT_CONFEDERATION, 61.0
42, 2, Policies, POLICY_TOWN_CHARTERS, 80.0
42, 2, Policies, POLICY_TRAVELING_MERCHANTS, 18.0
42, 2, Policies, POLICY_CHIVALRY, 14.0
42, 2, Policies, POLICY_COLONIAL_OFFICES, 260.0
42, 2, Policies, POLICY_INVENTION, 31.0
42, 2, Policies, POLICY_FRESCOES, 15.0
42, 2, Policies, POLICY_RELIGIOUS_ORDERS, 30.0
42, 2, Policies, POLICY_SIMULTANEUM, 567.0
42, 2, Policies, POLICY_LOGISTICS, 15.0
42, 2, Policies, POLICY_TRIANGULAR_TRADE, 132.0
42, 2, Policies, POLICY_RATIONALISM, 171.0
42, 2, Policies, POLICY_FREE_MARKET, 40.0
42, 2, Policies, POLICY_LIBERALISM, 42.0
42, 2, Policies, POLICY_PRAETORIUM, 333.0
42, 2, Policies, POLICY_CIVIL_PRESTIGE, 232.0
42, 2, Policies, POLICY_EQUESTRIAN_ORDERS, 30.0
42, 3, Civic, CIVIC_MILITARY_TRAINING, 1729.7, 1
42, 3, Civic, CIVIC_NAVAL_TRADITION, 139.5, 2
42, 3, Civic, CIVIC_CIVIL_SERVICE, 429.7, 1
42, 3, Civic, CIVIC_MERCENARIES, 1919.6, 4
42, 3, Civic, CIVIC_MEDIEVAL_FAIRES, 1311551.8, 2
42, 3, Civic, CIVIC_GUILDS, 1902392.1, 3
42, 3, Civic, CIVIC_DIVINE_RIGHT, 1058.0, 3
42, 3, Civic, CIVIC_EXPLORATION, 1314111.6, 10
42, 3, Civic, CIVIC_HUMANISM, 2579924.5, 10
42, 3, Civic, CIVIC_DIPLOMATIC_SERVICE, 1268679.3, 6
42, 3, Civic, CIVIC_REFORMED_CHURCH, 1270919.1, 7
42, 3, Policies, POLICY_SURVEY, 37.0
42, 3, Policies, POLICY_URBAN_PLANNING, 126.0
42, 3, Policies, POLICY_CARAVANSARIES, 136.0
42, 3, Policies, POLICY_LAND_SURVEYORS, 161.5
42, 3, Policies, POLICY_COLONIZATION, 147.0
42, 3, Policies, POLICY_INSPIRATION, 15.0
42, 3, Policies, POLICY_INSULAE, 205.0
42, 3, Policies, POLICY_CHARISMATIC_LEADER, 14.0
42, 3, Policies, POLICY_DIPLOMATIC_LEAGUE, 225.0
42, 3, Policies, POLICY_LITERARY_TRADITION, 15.0
42, 3, Policies, POLICY_RAID, 1864.0
42, 3, Policies, POLICY_LIMES, 217.0
42, 3, Policies, POLICY_NATURAL_PHILOSOPHY, 14.0
42, 3, Policies, POLICY_SCRIPTURE, 1087.0
42, 3, Policies, POLICY_NAVIGATION, 15.0
42, 3, Policies, POLICY_TRADE_CONFEDERATION, 207.0
42, 3, Policies, POLICY_MERCHANT_CONFEDERATION, 122.0
42, 3, Policies, POLICY_TOWN_CHARTERS, 108.0
42, 3, Policies, POLICY_TRAVELING_MERCHANTS, 21.0
42, 3, Policies, POLICY_COLONIAL_OFFICES, 252.0
42, 3, Policies, POLICY_INVENTION, 31.0
42, 3, Policies, POLICY_FRESCOES, 15.0
42, 3, Policies, POLICY_RELIGIOUS_ORDERS, 10.0
42, 3, Policies, POLICY_SIMULTANEUM, 1545.0
42, 3, Policies, POLICY_PRAETORIUM, 325.0
42, 3, Policies, POLICY_CIVIL_PRESTIGE, 462.0
42, 4, Civic, CIVIC_NAVAL_TRADITION, 156.6, 1
42, 4, Civic, CIVIC_MERCENARIES, 350.6, 1
42, 4, Civic, CIVIC_MEDIEVAL_FAIRES, 1959821.6, 1
42, 4, Civic, CIVIC_GUILDS, 1959733.6, 1
42, 4, Civic, CIVIC_EXPLORATION, 1961075.3, 3
42, 4, Civic, CIVIC_HUMANISM, 3919726.5, 3
42, 4, Civic, CIVIC_DIPLOMATIC_SERVICE, 1960244.8, 2
42, 4, Civic, CIVIC_REFORMED_CHURCH, 1960247.1, 2
42, 4, Civic, CIVIC_MERCANTILISM, 3919880.8, 5
42, 4, Civic, CIVIC_THE_ENLIGHTENMENT, 3920494.3, 5
42, 4, Policies, POLICY_SURVEY, 23.0
42, 4, Policies, POLICY_URBAN_PLANNING, 168.0
42, 4, Policies, POLICY_CARAVANSARIES, 22.0
42, 4, Policies, POLICY_CONSCRIPTION, 36.0
42, 4, Policies, POLICY_LAND_SURVEYORS, 275.0
42, 4, Policies, POLICY_COLONIZATION, 152.0
42, 4, Policies, POLICY_INSPIRATION, 20.0
42, 4, Policies, POLICY_INSULAE, 245.0
42, 4, Policies, POLICY_CHARISMATIC_LEADER, 14.0
42, 4, Policies, POLICY_DIPLOMATIC_LEAGUE, 337.0
42, 4, Policies, POLICY_LITERARY_TRADITION, 15.0
42, 4, Policies, POLICY_RAID, 1560.0
42, 4, Policies, POLICY_LIMES, 1098.0
42, 4, Policies, POLICY_NATURAL_PHILOSOPHY, 172.0
42, 4, Policies, POLICY_NAVIGATION, 15.0
42, 4, Policies, POLICY_FEUDAL_CONTRACT, 125.0
42, 4, Policies, POLICY_RETAINERS, 28.0
42, 4, Policies, POLICY_PROFESSIONAL_ARMY, 201.0
42, 4, Policies, POLICY_TRADE_CONFEDERATION, 40.0
42, 4, Policies, POLICY_MERCHANT_CONFEDERATION, 182.0
42, 4, Policies, POLICY_AESTHETICS, 58.0
42, 4, Policies, POLICY_CRAFTSMEN, 49.0
42, 4, Policies, POLICY_TOWN_CHARTERS, 94.0
42, 4, Policies, POLICY_TRAVELING_MERCHANTS, 28.0
42, 4, Policies, POLICY_COLONIAL_OFFICES, 443.0
42, 4, Policies, POLICY_INVENTION, 43.0
42, 4, Policies, POLICY_FRESCOES, 15.0
42, 4, Policies, POLICY_RELIGIOUS_ORDERS, 62.0
42, 4, Policies, POLICY_LOGISTICS, 51.0
42, 4, Policies, POLICY_TRIANGULAR_TRADE, 55.0
42, 4, Policies, POLICY_RATIONALISM, 174.0
42, 4, Policies, POLICY_FREE_MARKET, 88.0
42, 4, Policies, POLICY_LIBERALISM, 70.0
42, 4, Policies, POLICY_PRAETORIUM, 628.0
42, 4, Policies, POLICY_CIVIL_PRESTIGE, 485.0
42, 3, Civic, CIVIC_MILITARY_TRAINING, 1729.7, 1
42, 3, Civic, CIVIC_NAVAL_TRADITION, 139.5, 2
42, 3, Civic, CIVIC_CIVIL_SERVICE, 429.7, 1
42, 3, Civic, CIVIC_MERCENARIES, 1919.6, 4
42, 3, Civic, CIVIC_MEDIEVAL_FAIRES, 1311551.8, 2
42, 3, Civic, CIVIC_GUILDS, 1902392.1, 3
42, 3, Civic, CIVIC_DIVINE_RIGHT, 1058.0, 3
42, 3, Civic, CIVIC_EXPLORATION, 1314111.6, 10
42, 3, Civic, CIVIC_HUMANISM, 2579924.5, 10
42, 3, Civic, CIVIC_DIPLOMATIC_SERVICE, 1268679.3, 6
42, 3, Civic, CIVIC_REFORMED_CHURCH, 1270919.1, 7
42, 3, Policies, POLICY_SURVEY, 37.0
42, 3, Policies, POLICY_URBAN_PLANNING, 126.0
42, 3, Policies, POLICY_CARAVANSARIES, 136.0
42, 3, Policies, POLICY_LAND_SURVEYORS, 161.5
42, 3, Policies, POLICY_COLONIZATION, 147.0
42, 3, Policies, POLICY_INSPIRATION, 15.0
42, 3, Policies, POLICY_INSULAE, 205.0
42, 3, Policies, POLICY_CHARISMATIC_LEADER, 14.0
42, 3, Policies, POLICY_DIPLOMATIC_LEAGUE, 225.0
42, 3, Policies, POLICY_LITERARY_TRADITION, 15.0
42, 3, Policies, POLICY_RAID, 1864.0
42, 3, Policies, POLICY_LIMES, 217.0
42, 3, Policies, POLICY_NATURAL_PHILOSOPHY, 14.0
42, 3, Policies, POLICY_SCRIPTURE, 1087.0
42, 3, Policies, POLICY_NAVIGATION, 15.0
42, 3, Policies, POLICY_TRADE_CONFEDERATION, 207.0
42, 3, Policies, POLICY_MERCHANT_CONFEDERATION, 122.0
42, 3, Policies, POLICY_TOWN_CHARTERS, 108.0
42, 3, Policies, POLICY_TRAVELING_MERCHANTS, 21.0
42, 3, Policies, POLICY_COLONIAL_OFFICES, 252.0
42, 3, Policies, POLICY_INVENTION, 31.0
42, 3, Policies, POLICY_FRESCOES, 15.0
42, 3, Policies, POLICY_RELIGIOUS_ORDERS, 10.0
42, 3, Policies, POLICY_SIMULTANEUM, 1545.0
42, 3, Policies, POLICY_PRAETORIUM, 325.0
42, 3, Policies, POLICY_CIVIL_PRESTIGE, 462.0
43, 5, Civic, CIVIC_MILITARY_TRAINING, 1205.8, 2
43, 5, Civic, CIVIC_THEOLOGY, 2524.4, 2
43, 5, Civic, CIVIC_NAVAL_TRADITION, 133.5, 3
43, 5, Civic, CIVIC_CIVIL_SERVICE, 723.8, 2
43, 5, Civic, CIVIC_MERCENARIES, 1323.8, 6
43, 5, Civic, CIVIC_MEDIEVAL_FAIRES, 33035.2, 5
43, 5, Civic, CIVIC_GUILDS, 31636.9, 7
43, 5, Civic, CIVIC_DIVINE_RIGHT, 1867.4, 11
43, 5, Civic, CIVIC_EXPLORATION, 35782.1, 20
43, 5, Civic, CIVIC_HUMANISM, 64734.6, 24
43, 5, Civic, CIVIC_DIPLOMATIC_SERVICE, 31927.4, 14
43, 5, Civic, CIVIC_REFORMED_CHURCH, 33509.0, 25
43, 5, Policies, POLICY_SURVEY, 36.0
43, 5, Policies, POLICY_GOD_KING, 6.0
43, 5, Policies, POLICY_URBAN_PLANNING, 168.0
43, 5, Policies, POLICY_CARAVANSARIES, 45.0
43, 5, Policies, POLICY_CONSCRIPTION, 162.0
43, 5, Policies, POLICY_LAND_SURVEYORS, 10.5
43, 5, Policies, POLICY_COLONIZATION, 38.0
43, 5, Policies, POLICY_INSPIRATION, 25.0
43, 5, Policies, POLICY_INSULAE, 317.0
43, 5, Policies, POLICY_CHARISMATIC_LEADER, 14.0
43, 5, Policies, POLICY_DIPLOMATIC_LEAGUE, 225.0
43, 5, Policies, POLICY_LITERARY_TRADITION, 15.0
43, 5, Policies, POLICY_RAID, 1300.0
43, 5, Policies, POLICY_BASTIONS, 42.0
43, 5, Policies, POLICY_LIMES, 418.0
43, 5, Policies, POLICY_NATURAL_PHILOSOPHY, 153.0
43, 5, Policies, POLICY_SCRIPTURE, 102.0
43, 5, Policies, POLICY_NAVIGATION, 47.0
43, 5, Policies, POLICY_FEUDAL_CONTRACT, 64.0
43, 5, Policies, POLICY_RETAINERS, 14.0
43, 5, Policies, POLICY_PROFESSIONAL_ARMY, 22.0
43, 5, Policies, POLICY_TRADE_CONFEDERATION, 86.0
43, 5, Policies, POLICY_CRAFTSMEN, 86.0
43, 5, Policies, POLICY_TOWN_CHARTERS, 36.0
43, 5, Policies, POLICY_TRAVELING_MERCHANTS, 21.0
43, 5, Policies, POLICY_COLONIAL_OFFICES, 1065.0
43, 5, Policies, POLICY_INVENTION, 64.0
43, 5, Policies, POLICY_FRESCOES, 15.0
43, 5, Policies, POLICY_WARS_OF_RELIGION, 10.0
43, 5, Policies, POLICY_RELIGIOUS_ORDERS, 231.0
43, 5, Policies, POLICY_PRAETORIUM, 1855.0
43, 5, Policies, POLICY_CIVIL_PRESTIGE, 929.0
43, 5, Policies, POLICY_EQUESTRIAN_ORDERS, 112.0
43, 5, Policies, POLICY_SIEGE, 12.0
43, 5, Policies, POLICY_HARD_SHELL_EXPLOSIVES, 12.0
43, 6, Civic, CIVIC_NAVAL_TRADITION, 133.5, 3
43, 6, Civic, CIVIC_MERCENARIES, 133.5, 3
43, 6, Civic, CIVIC_MEDIEVAL_FAIRES, 0.0, 3
43, 6, Civic, CIVIC_GUILDS, 0.0, 1
43, 6, Civic, CIVIC_DIVINE_RIGHT, 891.2, 3
43, 6, Civic, CIVIC_EXPLORATION, 1311.7, 12
43, 6, Civic, CIVIC_HUMANISM, 158.7, 11
43, 6, Civic, CIVIC_DIPLOMATIC_SERVICE, 417.9, 6
43, 6, Civic, CIVIC_REFORMED_CHURCH, 1777.9, 8
43, 6, Civic, CIVIC_MERCANTILISM, 318.1, 17
43, 6, Civic, CIVIC_THE_ENLIGHTENMENT, 676.1, 22
43, 6, Policies, POLICY_SURVEY, 72.0
43, 6, Policies, POLICY_URBAN_PLANNING, 147.0
43, 6, Policies, POLICY_CARAVANSARIES, 45.0
43, 6, Policies, POLICY_CONSCRIPTION, 184.0
43, 6, Policies, POLICY_LAND_SURVEYORS, 225.0
43, 6, Policies, POLICY_COLONIZATION, 61.0
43, 6, Policies, POLICY_INSPIRATION, 28.0
43, 6, Policies, POLICY_INSULAE, 274.0
43, 6, Policies, POLICY_CHARISMATIC_LEADER, 14.0
43, 6, Policies, POLICY_DIPLOMATIC_LEAGUE, 225.0
43, 6, Policies, POLICY_LITERARY_TRADITION, 31.0
43, 6, Policies, POLICY_RAID, 1300.0
43, 6, Policies, POLICY_BASTIONS, 36.0
43, 6, Policies, POLICY_LIMES, 406.0
43, 6, Policies, POLICY_NATURAL_PHILOSOPHY, 54.0
43, 6, Policies, POLICY_SCRIPTURE, 131.0
43, 6, Policies, POLICY_NAVIGATION, 31.0
43, 6, Policies, POLICY_FEUDAL_CONTRACT, 17.0
43, 6, Policies, POLICY_RETAINERS, 56.0
43, 6, Policies, POLICY_PROFESSIONAL_ARMY, 10.0
43, 6, Policies, POLICY_TRADE_CONFEDERATION, 90.0
43, 6, Policies, POLICY_COLONIAL_OFFICES, 797.0
43, 6, Policies, POLICY_INVENTION, 75.0
43, 6, Policies, POLICY_FRESCOES, 31.0
43, 6, Policies, POLICY_WARS_OF_RELIGION, 10.0
43, 6, Policies, POLICY_RELIGIOUS_ORDERS, 251.0
43, 6, Policies, POLICY_SIMULTANEUM, 221.0
43, 6, Policies, POLICY_LOGISTICS, 298.0
43, 6, Policies, POLICY_TRIANGULAR_TRADE, 124.0
43, 6, Policies, POLICY_RATIONALISM, 69.0
43, 6, Policies, POLICY_FREE_MARKET, 50.0
43, 6, Policies, POLICY_LIBERALISM, 56.0
43, 6, Policies, POLICY_PRAETORIUM, 1229.0
43, 6, Policies, POLICY_CIVIL_PRESTIGE, 570.0
43, 6, Policies, POLICY_EQUESTRIAN_ORDERS, 56.0
43, 7, Civic, CIVIC_MYSTICISM, 275.3, 1
43, 7, Civic, CIVIC_MILITARY_TRAINING, 1259.7, 1
43, 7, Civic, CIVIC_THEOLOGY, 2694.7, 2
43, 7, Civic, CIVIC_NAVAL_TRADITION, 139.5, 2
43, 7, Civic, CIVIC_MERCENARIES, 1393.1, 3
43, 7, Civic, CIVIC_DIVINE_RIGHT, 1345.1, 4
43, 7, Civic, CIVIC_EXPLORATION, 2616.1, 7
43, 7, Civic, CIVIC_HUMANISM, 1049.2, 3
43, 7, Civic, CIVIC_DIPLOMATIC_SERVICE, 766.7, 2
43, 7, Civic, CIVIC_MERCANTILISM, 567.4, 9
43, 7, Civic, CIVIC_THE_ENLIGHTENMENT, 1162.0, 9
43, 7, Civic, CIVIC_COLONIALISM, 1152.4, 16
43, 7, Civic, CIVIC_CIVIL_ENGINEERING, 7546.5, 18
43, 7, Civic, CIVIC_NATIONALISM, 8619.9, 18
43, 7, Civic, CIVIC_OPERA_BALLET, 1007.0, 16
43, 7, Policies, POLICY_SURVEY, 77.0
43, 7, Policies, POLICY_GOD_KING, 21.0
43, 7, Policies, POLICY_URBAN_PLANNING, 105.0
43, 7, Policies, POLICY_CARAVANSARIES, 22.0
43, 7, Policies, POLICY_CONSCRIPTION, 176.0
43, 7, Policies, POLICY_LAND_SURVEYORS, 55.0
43, 7, Policies, POLICY_COLONIZATION, 33.0
43, 7, Policies, POLICY_INSPIRATION, 28.0
43, 7, Policies, POLICY_CHARISMATIC_LEADER, 14.0
43, 7, Policies, POLICY_DIPLOMATIC_LEAGUE, 225.0
43, 7, Policies, POLICY_LITERARY_TRADITION, 47.0
43, 7, Policies, POLICY_RAID, 1300.0
43, 7, Policies, POLICY_BASTIONS, 24.0
43, 7, Policies, POLICY_LIMES, 263.0
43, 7, Policies, POLICY_NATURAL_PHILOSOPHY, 89.0
43, 7, Policies, POLICY_SCRIPTURE, 102.0
43, 7, Policies, POLICY_NAVIGATION, 31.0
43, 7, Policies, POLICY_FEUDAL_CONTRACT, 76.0
43, 7, Policies, POLICY_RETAINERS, 290.0
43, 7, Policies, POLICY_PROFESSIONAL_ARMY, 146.0
43, 7, Policies, POLICY_TRADE_CONFEDERATION, 51.0
43, 7, Policies, POLICY_AESTHETICS, 28.0
43, 7, Policies, POLICY_TRAVELING_MERCHANTS, 29.0
43, 7, Policies, POLICY_COLONIAL_OFFICES, 782.0
43, 7, Policies, POLICY_INVENTION, 75.0
43, 7, Policies, POLICY_FRESCOES, 47.0
43, 7, Policies, POLICY_LOGISTICS, 239.0
43, 7, Policies, POLICY_TRIANGULAR_TRADE, 55.0
43, 7, Policies, POLICY_RATIONALISM, 63.0
43, 7, Policies, POLICY_LIBERALISM, 290.0
43, 7, Policies, POLICY_COLONIAL_TAXES, 804.0
43, 7, Policies, POLICY_GRANDE_ARMEE, 76.0
43, 7, Policies, POLICY_SYMPHONIES, 94.0
43, 7, Policies, POLICY_PRAETORIUM, 1294.0
43, 7, Policies, POLICY_CIVIL_PRESTIGE, 768.0
43, 7, Policies, POLICY_EQUESTRIAN_ORDERS, 74.0
43, 7, Policies, POLICY_EMPIRICAL_METHOD, 87.0
43, 8, Completed Civic, CIVIC_MEDIEVAL_FAIRES
43, 8, Slot Policy, POLICY_RETAINERS, 160
43, 8, Slot Policy, POLICY_CONSCRIPTION, 235
43, 8, Slot Policy, POLICY_CIVIL_PRESTIGE, 778
43, 8, Slot Policy, POLICY_PRAETORIUM, 1611
43, 8, Slot Policy, POLICY_URBAN_PLANNING, 126
43, 8, Civic, CIVIC_MILITARY_TRADITION, 24718.6, 1
43, 8, Civic, CIVIC_MYSTICISM, 280.4, 1
43, 8, Civic, CIVIC_MILITARY_TRAINING, 25956.2, 2
43, 8, Civic, CIVIC_THEOLOGY, 15693.6, 2
43, 8, Civic, CIVIC_NAVAL_TRADITION, 139.5, 2
43, 8, Civic, CIVIC_MERCENARIES, 26084.1, 4
43, 8, Civic, CIVIC_DIVINE_RIGHT, 1377.2, 4
43, 8, Civic, CIVIC_HUMANISM, 133.2, 6
43, 8, Civic, CIVIC_DIPLOMATIC_SERVICE, 462.7, 4
43, 8, Civic, CIVIC_MERCANTILISM, 537.3, 13
43, 8, Civic, CIVIC_THE_ENLIGHTENMENT, 858.2, 17
43, 8, Civic, CIVIC_COLONIALISM, 616.8, 21
43, 8, Civic, CIVIC_CIVIL_ENGINEERING, 5940.1, 23
43, 8, Civic, CIVIC_NATIONALISM, 5883.9, 27
43, 8, Civic, CIVIC_OPERA_BALLET, 933.8, 25
43, 8, Policies, POLICY_SURVEY, 43.0
43, 8, Policies, POLICY_GOD_KING, 28.0
43, 8, Policies, POLICY_URBAN_PLANNING, 126.0
43, 8, Policies, POLICY_CARAVANSARIES, 22.0
43, 8, Policies, POLICY_CONSCRIPTION, 243.0
43, 8, Policies, POLICY_LAND_SURVEYORS, 30.0
43, 8, Policies, POLICY_COLONIZATION, 8.0
43, 8, Policies, POLICY_INSPIRATION, 25.0
43, 8, Policies, POLICY_CHARISMATIC_LEADER, 14.0
43, 8, Policies, POLICY_DIPLOMATIC_LEAGUE, 225.0
43, 8, Policies, POLICY_LITERARY_TRADITION, 15.0
43, 8, Policies, POLICY_RAID, 1300.0
43, 8, Policies, POLICY_BASTIONS, 30.0
43, 8, Policies, POLICY_LIMES, 620.0
43, 8, Policies, POLICY_NATURAL_PHILOSOPHY, 71.0
43, 8, Policies, POLICY_SCRIPTURE, 351.0
43, 8, Policies, POLICY_NAVIGATION, 15.0
43, 8, Policies, POLICY_FEUDAL_CONTRACT, 169.0
43, 8, Policies, POLICY_RETAINERS, 264.0
43, 8, Policies, POLICY_PROFESSIONAL_ARMY, 61.0
43, 8, Policies, POLICY_TRADE_CONFEDERATION, 43.0
43, 8, Policies, POLICY_CRAFTSMEN, 64.0
43, 8, Policies, POLICY_TRAVELING_MERCHANTS, 21.0
43, 8, Policies, POLICY_INVENTION, 64.0
43, 8, Policies, POLICY_FRESCOES, 15.0
43, 8, Policies, POLICY_LOGISTICS, 437.0
43, 8, Policies, POLICY_TRIANGULAR_TRADE, 62.0
43, 8, Policies, POLICY_LIBERALISM, 465.0
43, 8, Policies, POLICY_COLONIAL_TAXES, 1100.0
43, 8, Policies, POLICY_GRANDE_ARMEE, 169.0
43, 8, Policies, POLICY_SYMPHONIES, 31.0
43, 8, Policies, POLICY_PRAETORIUM, 1786.0
43, 8, Policies, POLICY_CIVIL_PRESTIGE, 559.0
43, 8, Policies, POLICY_EMPIRICAL_METHOD, 43.0
43, 8, Policies, POLICY_MASTER_ARTISANS, 44.0
43, 9, Civic, CIVIC_MILITARY_TRADITION, 29605.6, 1
43, 9, Civic, CIVIC_MYSTICISM, 275.3, 1
43, 9, Civic, CIVIC_MILITARY_TRAINING, 31031.3, 3
43, 9, Civic, CIVIC_THEOLOGY, 2592.2, 3
43, 9, Civic, CIVIC_NAVAL_TRADITION, 133.5, 3
43, 9, Civic, CIVIC_MERCENARIES, 31146.3, 7
43, 9, Civic, CIVIC_MEDIEVAL_FAIRES, 0.0, 5
43, 9, Civic, CIVIC_GUILDS, 0.0, 1
43, 9, Civic, CIVIC_DIVINE_RIGHT, 1267.9, 7
43, 9, Civic, CIVIC_HUMANISM, 79.3, 18
43, 9, Civic, CIVIC_DIPLOMATIC_SERVICE, 379.6, 8
43, 9, Civic, CIVIC_MERCANTILISM, 624.0, 32
43, 9, Civic, CIVIC_THE_ENLIGHTENMENT, 494.1, 34
43, 9, Policies, POLICY_SURVEY, 21.0
43, 9, Policies, POLICY_GOD_KING, 7.0
43, 9, Policies, POLICY_URBAN_PLANNING, 126.0
43, 9, Policies, POLICY_CARAVANSARIES, 25.0
43, 9, Policies, POLICY_CONSCRIPTION, 279.0
43, 9, Policies, POLICY_LAND_SURVEYORS, 65.0
43, 9, Policies, POLICY_COLONIZATION, 121.0
43, 9, Policies, POLICY_INSPIRATION, 25.0
43, 9, Policies, POLICY_INSULAE, 92.0
43, 9, Policies, POLICY_CHARISMATIC_LEADER, 14.0
43, 9, Policies, POLICY_DIPLOMATIC_LEAGUE, 225.0
43, 9, Policies, POLICY_LITERARY_TRADITION, 15.0
43, 9, Policies, POLICY_RAID, 1467.0
43, 9, Policies, POLICY_BASTIONS, 30.0
43, 9, Policies, POLICY_LIMES, 299.0
43, 9, Policies, POLICY_NATURAL_PHILOSOPHY, 108.0
43, 9, Policies, POLICY_SCRIPTURE, 102.0
43, 9, Policies, POLICY_NAVIGATION, 15.0
43, 9, Policies, POLICY_FEUDAL_CONTRACT, 39.0
43, 9, Policies, POLICY_RETAINERS, 28.0
43, 9, Policies, POLICY_PROFESSIONAL_ARMY, 31.0
43, 9, Policies, POLICY_TRADE_CONFEDERATION, 42.0
43, 9, Policies, POLICY_INVENTION, 64.0
43, 9, Policies, POLICY_FRESCOES, 15.0
43, 9, Policies, POLICY_LOGISTICS, 568.0
43, 9, Policies, POLICY_TRIANGULAR_TRADE, 46.0
43, 9, Policies, POLICY_LIBERALISM, 42.0
43, 9, Policies, POLICY_PRAETORIUM, 1593.0
43, 9, Policies, POLICY_CIVIL_PRESTIGE, 324.0
43, 9, Policies, POLICY_EQUESTRIAN_ORDERS, 45.0
43, 9, Policies, POLICY_DRILL_MANUALS, 22.0
43, 9, Policies, POLICY_SIEGE, 7.0
43, 10, Civic, CIVIC_MILITARY_TRAINING, 108.3, 12
43, 10, Civic, CIVIC_THEOLOGY, 168.4, 2
43, 10, Civic, CIVIC_NAVAL_TRADITION, 55.9, 26
43, 10, Civic, CIVIC_FEUDALISM, 120.6, 1
43, 10, Civic, CIVIC_CIVIL_SERVICE, 253.7, 1
43, 10, Civic, CIVIC_MERCENARIES, 228.9, 53
43, 10, Civic, CIVIC_MEDIEVAL_FAIRES, 120.6, 51
43, 10, Civic, CIVIC_GUILDS, 374.2, 52
43, 10, Civic, CIVIC_DIVINE_RIGHT, 531.1, 43
43, 10, Civic, CIVIC_EXPLORATION, 228.9, 155
43, 10, Civic, CIVIC_HUMANISM, 374.2, 173
43, 10, Civic, CIVIC_DIPLOMATIC_SERVICE, 374.2, 123
43, 10, Civic, CIVIC_REFORMED_CHURCH, 651.6, 146
43, 10, Policies, POLICY_GOD_KING, 21.0
43, 10, Policies, POLICY_URBAN_PLANNING, 14.0
43, 10, Policies, POLICY_CARAVANSARIES, 14.0
43, 10, Policies, POLICY_CONSCRIPTION, 36.0
43, 10, Policies, POLICY_CHARISMATIC_LEADER, 14.0
43, 10, Policies, POLICY_LIMES, 20.0
43, 10, Policies, POLICY_RETAINERS, 75.0
43, 10, Policies, POLICY_PRAETORIUM, 20.0
43, 10, Policies, POLICY_CIVIL_PRESTIGE, 120.0
43, 10, Policies, POLICY_SOVEREIGN_STATE, 90.0
43, 12, Civic, CIVIC_MILITARY_TRAINING, 138.5, 11
43, 12, Civic, CIVIC_THEOLOGY, 174.7, 1
43, 12, Civic, CIVIC_NAVAL_TRADITION, 62.0, 23
43, 12, Civic, CIVIC_CIVIL_SERVICE, 210.7, 1
43, 12, Civic, CIVIC_MERCENARIES, 171.5, 47
43, 12, Civic, CIVIC_MEDIEVAL_FAIRES, 24.0, 44
43, 12, Civic, CIVIC_GUILDS, 235.8, 45
43, 12, Civic, CIVIC_DIVINE_RIGHT, 522.2, 38
43, 12, Civic, CIVIC_EXPLORATION, 195.5, 137
43, 12, Civic, CIVIC_HUMANISM, 259.7, 152
43, 12, Civic, CIVIC_DIPLOMATIC_SERVICE, 235.8, 108
43, 12, Civic, CIVIC_REFORMED_CHURCH, 547.3, 128
43, 12, Policies, POLICY_GOD_KING, 21.0
43, 12, Policies, POLICY_URBAN_PLANNING, 14.0
43, 12, Policies, POLICY_CARAVANSARIES, 14.0
43, 12, Policies, POLICY_CONSCRIPTION, 36.0
43, 12, Policies, POLICY_INSULAE, 13.0
43, 12, Policies, POLICY_CHARISMATIC_LEADER, 14.0
43, 12, Policies, POLICY_BASTIONS, 6.0
43, 12, Policies, POLICY_LIMES, 47.0
43, 12, Policies, POLICY_NATURAL_PHILOSOPHY, 28.0
43, 12, Policies, POLICY_TRADE_CONFEDERATION, 28.0
43, 12, Policies, POLICY_PRAETORIUM, 29.0
43, 12, Policies, POLICY_CIVIL_PRESTIGE, 27.0
43, 12, Policies, POLICY_EQUESTRIAN_ORDERS, 48.0
43, 12, Policies, POLICY_SOVEREIGN_STATE, 90.0
43, 13, Civic, CIVIC_MILITARY_TRAINING, 108.3, 12
43, 13, Civic, CIVIC_THEOLOGY, 168.4, 2
43, 13, Civic, CIVIC_NAVAL_TRADITION, 65.9, 25
43, 13, Civic, CIVIC_FEUDALISM, 120.6, 1
43, 13, Civic, CIVIC_CIVIL_SERVICE, 210.7, 1
43, 13, Civic, CIVIC_MERCENARIES, 228.9, 51
43, 13, Civic, CIVIC_MEDIEVAL_FAIRES, 143.0, 48
43, 13, Civic, CIVIC_GUILDS, 352.6, 49
43, 13, Civic, CIVIC_DIVINE_RIGHT, 523.8, 41
43, 13, Civic, CIVIC_EXPLORATION, 251.3, 147
43, 13, Civic, CIVIC_HUMANISM, 375.0, 163
43, 13, Civic, CIVIC_DIPLOMATIC_SERVICE, 352.6, 116
43, 13, Civic, CIVIC_REFORMED_CHURCH, 665.7, 138
43, 13, Policies, POLICY_GOD_KING, 21.0
43, 13, Policies, POLICY_URBAN_PLANNING, 14.0
43, 13, Policies, POLICY_CARAVANSARIES, 14.0
43, 13, Policies, POLICY_CONSCRIPTION, 29.0
43, 13, Policies, POLICY_INSULAE, 39.0
43, 13, Policies, POLICY_CHARISMATIC_LEADER, 14.0
43, 13, Policies, POLICY_BASTIONS, 6.0
43, 13, Policies, POLICY_LIMES, 18.0
43, 13, Policies, POLICY_NAVAL_INFRASTRUCTURE, 28.0
43, 13, Policies, POLICY_PRAETORIUM, 20.0
43, 13, Policies, POLICY_CIVIL_PRESTIGE, 53.0
43, 13, Policies, POLICY_SOVEREIGN_STATE, 90.0
43, 14, Civic, CIVIC_MILITARY_TRAINING, 108.3, 12
43, 14, Civic, CIVIC_THEOLOGY, 160.9, 3
43, 14, Civic, CIVIC_NAVAL_TRADITION, 63.9, 26
43, 14, Civic, CIVIC_CIVIL_SERVICE, 210.7, 1
43, 14, Civic, CIVIC_MERCENARIES, 108.3, 52
43, 14, Civic, CIVIC_MEDIEVAL_FAIRES, 0.0, 50
43, 14, Civic, CIVIC_GUILDS, 210.7, 51
43, 14, Civic, CIVIC_DIVINE_RIGHT, 477.9, 44
43, 14, Civic, CIVIC_EXPLORATION, 108.3, 154
43, 14, Civic, CIVIC_HUMANISM, 210.7, 172
43, 14, Civic, CIVIC_DIPLOMATIC_SERVICE, 210.7, 122
43, 14, Civic, CIVIC_REFORMED_CHURCH, 477.9, 146
43, 14, Policies, POLICY_GOD_KING, 21.0
43, 14, Policies, POLICY_URBAN_PLANNING, 14.0
43, 14, Policies, POLICY_CARAVANSARIES, 29.0
43, 14, Policies, POLICY_CONSCRIPTION, 29.0
43, 14, Policies, POLICY_INSULAE, 24.0
43, 14, Policies, POLICY_CHARISMATIC_LEADER, 14.0
43, 14, Policies, POLICY_LIMES, 20.0
43, 14, Policies, POLICY_NAVAL_INFRASTRUCTURE, 28.0
43, 14, Policies, POLICY_RETAINERS, 14.0
43, 14, Policies, POLICY_PRAETORIUM, 23.0
43, 14, Policies, POLICY_CIVIL_PRESTIGE, 38.0
43, 14, Policies, POLICY_SOVEREIGN_STATE, 90.0
43, 15, Civic, CIVIC_MILITARY_TRAINING, 144.3, 12
43, 15, Civic, CIVIC_THEOLOGY, 160.9, 3
43, 15, Civic, CIVIC_NAVAL_TRADITION, 57.9, 25
43, 15, Civic, CIVIC_CIVIL_SERVICE, 210.7, 1
43, 15, Civic, CIVIC_MERCENARIES, 144.3, 50
43, 15, Civic, CIVIC_MEDIEVAL_FAIRES, 23.6, 47
43, 15, Civic, CIVIC_GUILDS, 233.1, 48
43, 15, Civic, CIVIC_DIVINE_RIGHT, 483.1, 42
43, 15, Civic, CIVIC_EXPLORATION, 167.9, 146
43, 15, Civic, CIVIC_HUMANISM, 256.7, 162
43, 15, Civic, CIVIC_DIPLOMATIC_SERVICE, 233.1, 115
43, 15, Civic, CIVIC_REFORMED_CHURCH, 505.5, 138
43, 15, Policies, POLICY_GOD_KING, 21.0
43, 15, Policies, POLICY_URBAN_PLANNING, 14.0
43, 15, Policies, POLICY_CARAVANSARIES, 14.0
43, 15, Policies, POLICY_CONSCRIPTION, 44.0
43, 15, Policies, POLICY_CHARISMATIC_LEADER, 14.0
43, 15, Policies, POLICY_LIMES, 13.0
43, 15, Policies, POLICY_PRAETORIUM, 29.0
43, 15, Policies, POLICY_CIVIL_PRESTIGE, 17.0
43, 15, Policies, POLICY_EQUESTRIAN_ORDERS, 56.0
43, 15, Policies, POLICY_SOVEREIGN_STATE, 90.0
43, 16, Civic, CIVIC_MILITARY_TRAINING, 117.4, 13
43, 16, Civic, CIVIC_THEOLOGY, 154.0, 4
43, 16, Civic, CIVIC_NAVAL_TRADITION, 51.8, 28
43, 16, Civic, CIVIC_CIVIL_SERVICE, 268.7, 1
43, 16, Civic, CIVIC_MERCENARIES, 117.4, 55
43, 16, Civic, CIVIC_MEDIEVAL_FAIRES, 0.0, 52
43, 16, Civic, CIVIC_GUILDS, 268.7, 53
43, 16, Civic, CIVIC_DIVINE_RIGHT, 613.9, 47
43, 16, Civic, CIVIC_EXPLORATION, 117.4, 162
43, 16, Civic, CIVIC_HUMANISM, 268.7, 180
43, 16, Civic, CIVIC_DIPLOMATIC_SERVICE, 268.7, 128
43, 16, Civic, CIVIC_REFORMED_CHURCH, 613.9, 154
43, 16, Policies, POLICY_GOD_KING, 21.0
43, 16, Policies, POLICY_URBAN_PLANNING, 14.0
43, 16, Policies, POLICY_CARAVANSARIES, 14.0
43, 16, Policies, POLICY_CONSCRIPTION, 36.0
43, 16, Policies, POLICY_CHARISMATIC_LEADER, 14.0
43, 16, Policies, POLICY_BASTIONS, 6.0
43, 16, Policies, POLICY_LIMES, 21.0
43, 16, Policies, POLICY_FEUDAL_CONTRACT, 1.0
43, 16, Policies, POLICY_PRAETORIUM, 29.0
43, 16, Policies, POLICY_CIVIL_PRESTIGE, 146.0
43, 16, Policies, POLICY_EQUESTRIAN_ORDERS, 37.0
43, 16, Policies, POLICY_SOVEREIGN_STATE, 90.0
43, 17, Civic, CIVIC_MILITARY_TRAINING, 126.9, 14
43, 17, Civic, CIVIC_THEOLOGY, 154.0, 4
43, 17, Civic, CIVIC_NAVAL_TRADITION, 50.7, 29
43, 17, Civic, CIVIC_CIVIL_SERVICE, 210.7, 1
43, 17, Civic, CIVIC_MERCENARIES, 126.9, 59
43, 17, Civic, CIVIC_MEDIEVAL_FAIRES, 0.0, 55
43, 17, Civic, CIVIC_GUILDS, 210.7, 56
43, 17, Civic, CIVIC_DIVINE_RIGHT, 364.7, 50
43, 17, Civic, CIVIC_EXPLORATION, 126.9, 172
43, 17, Civic, CIVIC_HUMANISM, 210.7, 190
43, 17, Civic, CIVIC_DIPLOMATIC_SERVICE, 210.7, 135
43, 17, Civic, CIVIC_REFORMED_CHURCH, 364.7, 163
43, 17, Policies, POLICY_GOD_KING, 21.0
43, 17, Policies, POLICY_URBAN_PLANNING, 14.0
43, 17, Policies, POLICY_CARAVANSARIES, 14.0
43, 17, Policies, POLICY_CONSCRIPTION, 36.0
43, 17, Policies, POLICY_CHARISMATIC_LEADER, 14.0
43, 17, Policies, POLICY_BASTIONS, 6.0
43, 17, Policies, POLICY_PRAETORIUM, 26.0
43, 17, Policies, POLICY_CIVIL_PRESTIGE, 82.0
43, 17, Policies, POLICY_EQUESTRIAN_ORDERS, 48.0
43, 17, Policies, POLICY_SOVEREIGN_STATE, 90.0
43, 20, Civic, CIVIC_MILITARY_TRAINING, 116.3, 10
43, 20, Civic, CIVIC_THEOLOGY, 174.7, 1
43, 20, Civic, CIVIC_NAVAL_TRADITION, 63.4, 22
43, 20, Civic, CIVIC_CIVIL_SERVICE, 230.7, 1
43, 20, Civic, CIVIC_MERCENARIES, 150.6, 44
43, 20, Civic, CIVIC_MEDIEVAL_FAIRES, 27.3, 42
43, 20, Civic, CIVIC_GUILDS, 256.7, 43
43, 20, Civic, CIVIC_DIVINE_RIGHT, 522.8, 36
43, 20, Civic, CIVIC_EXPLORATION, 177.9, 130
43, 20, Civic, CIVIC_HUMANISM, 284.0, 145
43, 20, Civic, CIVIC_DIPLOMATIC_SERVICE, 256.7, 103
43, 20, Civic, CIVIC_REFORMED_CHURCH, 548.9, 122
43, 20, Policies, POLICY_GOD_KING, 21.0
43, 20, Policies, POLICY_URBAN_PLANNING, 14.0
43, 20, Policies, POLICY_CARAVANSARIES, 14.0
43, 20, Policies, POLICY_CONSCRIPTION, 36.0
43, 20, Policies, POLICY_CHARISMATIC_LEADER, 14.0
43, 20, Policies, POLICY_LIMES, 33.0
43, 20, Policies, POLICY_RETAINERS, 75.0
43, 20, Policies, POLICY_TRADE_CONFEDERATION, 28.0
43, 20, Policies, POLICY_PRAETORIUM, 20.0
43, 20, Policies, POLICY_CIVIL_PRESTIGE, 108.0
43, 20, Policies, POLICY_SOVEREIGN_STATE, 90.0
43, 21, Civic, CIVIC_MILITARY_TRAINING, 141.9, 14
43, 21, Civic, CIVIC_THEOLOGY, 154.0, 4
43, 21, Civic, CIVIC_NAVAL_TRADITION, 50.7, 29
43, 21, Civic, CIVIC_CIVIL_SERVICE, 243.7, 1
43, 21, Civic, CIVIC_MERCENARIES, 141.9, 59
43, 21, Civic, CIVIC_MEDIEVAL_FAIRES, 0.0, 55
43, 21, Civic, CIVIC_GUILDS, 243.7, 56
43, 21, Civic, CIVIC_DIVINE_RIGHT, 397.7, 50
43, 21, Civic, CIVIC_EXPLORATION, 141.9, 172
43, 21, Civic, CIVIC_HUMANISM, 243.7, 190
43, 21, Civic, CIVIC_DIPLOMATIC_SERVICE, 243.7, 135
43, 21, Civic, CIVIC_REFORMED_CHURCH, 397.7, 163
43, 21, Policies, POLICY_GOD_KING, 21.0
43, 21, Policies, POLICY_URBAN_PLANNING, 14.0
43, 21, Policies, POLICY_CARAVANSARIES, 14.0
43, 21, Policies, POLICY_CONSCRIPTION, 44.0
43, 21, Policies, POLICY_CHARISMATIC_LEADER, 14.0
43, 21, Policies, POLICY_BASTIONS, 6.0
43, 21, Policies, POLICY_PRAETORIUM, 26.0
43, 21, Policies, POLICY_CIVIL_PRESTIGE, 127.0
43, 21, Policies, POLICY_EQUESTRIAN_ORDERS, 63.0
43, 21, Policies, POLICY_SOVEREIGN_STATE, 90.0
43, 62, Civic, CIVIC_MILITARY_TRADITION, 58.1, 20
43, 62, Civic, CIVIC_STATE_WORKFORCE, 56.5, 28
43, 62, Civic, CIVIC_MYSTICISM, 92.3, 20
43, 62, Civic, CIVIC_GAMES_RECREATION, 56.5, 83
43, 62, Civic, CIVIC_POLITICAL_PHILOSOPHY, 56.5, 83
43, 62, Civic, CIVIC_DRAMA_POETRY, 0.0, 55
43, 62, Civic, CIVIC_MILITARY_TRAINING, 114.6, 163
43, 62, Civic, CIVIC_DEFENSIVE_TACTICS, 56.5, 225
43, 62, Civic, CIVIC_RECORDED_HISTORY, 56.5, 225
43, 62, Civic, CIVIC_THEOLOGY, 92.3, 135
43, 62, Policies, POLICY_CARAVANSARIES, 14.0
43, 0, Civic, CIVIC_MYSTICISM, 280.3, 1
43, 0, Civic, CIVIC_MILITARY_TRAINING, 1704.7, 1
43, 0, Civic, CIVIC_THEOLOGY, 448.7, 2
43, 0, Civic, CIVIC_NAVAL_TRADITION, 133.5, 3
43, 0, Civic, CIVIC_MERCENARIES, 1937.7, 6
43, 0, Civic, CIVIC_MEDIEVAL_FAIRES, 268073.3, 4
43, 0, Civic, CIVIC_GUILDS, 285990.8, 2
43, 0, Civic, CIVIC_DIVINE_RIGHT, 1027.2, 5
43, 0, Civic, CIVIC_EXPLORATION, 270791.6, 16
43, 0, Civic, CIVIC_HUMANISM, 554181.6, 14
43, 0, Civic, CIVIC_DIPLOMATIC_SERVICE, 286397.3, 7
43, 0, Civic, CIVIC_MERCANTILISM, 554384.0, 24
43, 0, Civic, CIVIC_THE_ENLIGHTENMENT, 554717.9, 29
43, 0, Policies, POLICY_SURVEY, 15.0
43, 0, Policies, POLICY_GOD_KING, 21.0
43, 0, Policies, POLICY_URBAN_PLANNING, 147.0
43, 0, Policies, POLICY_CARAVANSARIES, 68.0
43, 0, Policies, POLICY_CONSCRIPTION, 36.0
43, 0, Policies, POLICY_LAND_SURVEYORS, 185.0
43, 0, Policies, POLICY_COLONIZATION, 91.0
43, 0, Policies, POLICY_INSPIRATION, 25.0
43, 0, Policies, POLICY_INSULAE, 290.0
43, 0, Policies, POLICY_CHARISMATIC_LEADER, 14.0
43, 0, Policies, POLICY_DIPLOMATIC_LEAGUE, 225.0
43, 0, Policies, POLICY_LITERARY_TRADITION, 15.0
43, 0, Policies, POLICY_RAID, 1764.0
43, 0, Policies, POLICY_LIMES, 736.0
43, 0, Policies, POLICY_NATURAL_PHILOSOPHY, 134.0
43, 0, Policies, POLICY_NAVIGATION, 15.0
43, 0, Policies, POLICY_RETAINERS, 14.0
43, 0, Policies, POLICY_TRADE_CONFEDERATION, 131.0
43, 0, Policies, POLICY_MERCHANT_CONFEDERATION, 45.0
43, 0, Policies, POLICY_TOWN_CHARTERS, 112.0
43, 0, Policies, POLICY_TRAVELING_MERCHANTS, 28.0
43, 0, Policies, POLICY_CHIVALRY, 12.0
43, 0, Policies, POLICY_COLONIAL_OFFICES, 419.0
43, 0, Policies, POLICY_INVENTION, 43.0
43, 0, Policies, POLICY_FRESCOES, 15.0
43, 0, Policies, POLICY_LOGISTICS, 58.0
43, 0, Policies, POLICY_TRIANGULAR_TRADE, 166.0
43, 0, Policies, POLICY_RATIONALISM, 102.0
43, 0, Policies, POLICY_FREE_MARKET, 100.0
43, 0, Policies, POLICY_LIBERALISM, 70.0
43, 0, Policies, POLICY_PRAETORIUM, 594.0
43, 0, Policies, POLICY_CIVIL_PRESTIGE, 450.0
43, 1, Civic, CIVIC_MILITARY_TRADITION, 1930.6, 1
43, 1, Civic, CIVIC_MYSTICISM, 295.4, 1
43, 1, Civic, CIVIC_MILITARY_TRAINING, 3398.3, 2
43, 1, Civic, CIVIC_THEOLOGY, 463.8, 2
43, 1, Civic, CIVIC_NAVAL_TRADITION, 144.6, 1
43, 1, Civic, CIVIC_MERCENARIES, 3588.8, 3
43, 1, Civic, CIVIC_DIVINE_RIGHT, 978.3, 3
43, 1, Civic, CIVIC_HUMANISM, 160.8, 1
43, 1, Civic, CIVIC_DIPLOMATIC_SERVICE, 532.6, 1
43, 1, Civic, CIVIC_MERCANTILISM, 413.5, 2
43, 1, Civic, CIVIC_THE_ENLIGHTENMENT, 875.3, 4
43, 1, Civic, CIVIC_COLONIALISM, 558.2, 5
43, 1, Civic, CIVIC_CIVIL_ENGINEERING, 457853.2, 6
43, 1, Civic, CIVIC_NATIONALISM, 430780.5, 8
43, 1, Civic, CIVIC_OPERA_BALLET, 1025.4, 7
43, 1, Policies, POLICY_SURVEY, 7.0
43, 1, Policies, POLICY_GOD_KING, 23.0
43, 1, Policies, POLICY_URBAN_PLANNING, 132.0
43, 1, Policies, POLICY_CARAVANSARIES, 82.0
43, 1, Policies, POLICY_CONSCRIPTION, 7.0
43, 1, Policies, POLICY_LAND_SURVEYORS, 197.5
43, 1, Policies, POLICY_COLONIZATION, 84.0
43, 1, Policies, POLICY_INSPIRATION, 23.0
43, 1, Policies, POLICY_CHARISMATIC_LEADER, 14.0
43, 1, Policies, POLICY_DIPLOMATIC_LEAGUE, 225.0
43, 1, Policies, POLICY_LITERARY_TRADITION, 31.0
43, 1, Policies, POLICY_RAID, 1595.0
43, 1, Policies, POLICY_LIMES, 369.0
43, 1, Policies, POLICY_NATURAL_PHILOSOPHY, 148.0
43, 1, Policies, POLICY_NAVIGATION, 47.0
43, 1, Policies, POLICY_TRADE_CONFEDERATION, 156.0
43, 1, Policies, POLICY_MERCHANT_CONFEDERATION, 133.0
43, 1, Policies, POLICY_TOWN_CHARTERS, 141.0
43, 1, Policies, POLICY_TRAVELING_MERCHANTS, 37.0
43, 1, Policies, POLICY_INVENTION, 62.0
43, 1, Policies, POLICY_FRESCOES, 31.0
43, 1, Policies, POLICY_LOGISTICS, 12.0
43, 1, Policies, POLICY_TRIANGULAR_TRADE, 219.0
43, 1, Policies, POLICY_RATIONALISM, 228.0
43, 1, Policies, POLICY_FREE_MARKET, 130.0
43, 1, Policies, POLICY_LIBERALISM, 70.0
43, 1, Policies, POLICY_COLONIAL_TAXES, 521.0
43, 1, Policies, POLICY_PUBLIC_WORKS, 12.0
43, 1, Policies, POLICY_SYMPHONIES, 62.0
43, 1, Policies, POLICY_ECONOMIC_UNION, 124.0
43, 1, Policies, POLICY_PRAETORIUM, 650.0
43, 1, Policies, POLICY_CIVIL_PRESTIGE, 414.0
43, 1, Policies, POLICY_EQUESTRIAN_ORDERS, 93.0
43, 1, Policies, POLICY_EMPIRICAL_METHOD, 204.0
43, 2, Civic, CIVIC_MILITARY_TRAINING, 2351.5, 1
43, 2, Civic, CIVIC_NAVAL_TRADITION, 155.5, 3
43, 2, Civic, CIVIC_MERCENARIES, 1782.3, 5
43, 2, Civic, CIVIC_MEDIEVAL_FAIRES, 1269032.8, 3
43, 2, Civic, CIVIC_GUILDS, 1356570.6, 1
43, 2, Civic, CIVIC_EXPLORATION, 1271434.8, 13
43, 2, Civic, CIVIC_HUMANISM, 2625720.3, 11
43, 2, Civic, CIVIC_DIPLOMATIC_SERVICE, 1357011.6, 5
43, 2, Civic, CIVIC_REFORMED_CHURCH, 1357610.5, 6
43, 2, Civic, CIVIC_MERCANTILISM, 2625901.8, 19
43, 2, Civic, CIVIC_THE_ENLIGHTENMENT, 2626363.3, 23
43, 2, Policies, POLICY_SURVEY, 37.0
43, 2, Policies, POLICY_URBAN_PLANNING, 108.0
43, 2, Policies, POLICY_CARAVANSARIES, 61.0
43, 2, Policies, POLICY_CONSCRIPTION, 14.0
43, 2, Policies, POLICY_LAND_SURVEYORS, 225.0
43, 2, Policies, POLICY_COLONIZATION, 81.0
43, 2, Policies, POLICY_INSPIRATION, 19.0
43, 2, Policies, POLICY_INSULAE, 138.0
43, 2, Policies, POLICY_CHARISMATIC_LEADER, 14.0
43, 2, Policies, POLICY_DIPLOMATIC_LEAGUE, 337.0
43, 2, Policies, POLICY_LITERARY_TRADITION, 15.0
43, 2, Policies, POLICY_RAID, 1595.0
43, 2, Policies, POLICY_LIMES, 802.0
43, 2, Policies, POLICY_NATURAL_PHILOSOPHY, 75.0
43, 2, Policies, POLICY_SCRIPTURE, 306.0
43, 2, Policies, POLICY_NAVAL_INFRASTRUCTURE, 11.0
43, 2, Policies, POLICY_NAVIGATION, 31.0
43, 2, Policies, POLICY_RETAINERS, 14.0
43, 2, Policies, POLICY_PROFESSIONAL_ARMY, 11.0
43, 2, Policies, POLICY_TRADE_CONFEDERATION, 143.0
43, 2, Policies, POLICY_MERCHANT_CONFEDERATION, 61.0
43, 2, Policies, POLICY_TOWN_CHARTERS, 80.0
43, 2, Policies, POLICY_TRAVELING_MERCHANTS, 21.0
43, 2, Policies, POLICY_CHIVALRY, 9.0
43, 2, Policies, POLICY_COLONIAL_OFFICES, 275.0
43, 2, Policies, POLICY_INVENTION, 31.0
43, 2, Policies, POLICY_FRESCOES, 15.0
43, 2, Policies, POLICY_RELIGIOUS_ORDERS, 25.0
43, 2, Policies, POLICY_SIMULTANEUM, 567.0
43, 2, Policies, POLICY_LOGISTICS, 27.0
43, 2, Policies, POLICY_TRIANGULAR_TRADE, 198.0
43, 2, Policies, POLICY_RATIONALISM, 154.0
43, 2, Policies, POLICY_FREE_MARKET, 45.0
43, 2, Policies, POLICY_LIBERALISM, 42.0
43, 2, Policies, POLICY_PRAETORIUM, 344.0
43, 2, Policies, POLICY_CIVIL_PRESTIGE, 390.0
43, 2, Policies, POLICY_EQUESTRIAN_ORDERS, 15.0
43, 3, Civic, CIVIC_MILITARY_TRAINING, 2008.7, 1
43, 3, Civic, CIVIC_NAVAL_TRADITION, 144.6, 1
43, 3, Civic, CIVIC_CIVIL_SERVICE, 582.7, 1
43, 3, Civic, CIVIC_MERCENARIES, 2329.1, 3
43, 3, Civic, CIVIC_MEDIEVAL_FAIRES, 0.0, 1
43, 3, Civic, CIVIC_GUILDS, 874.0, 2
43, 3, Civic, CIVIC_DIVINE_RIGHT, 1246.9, 2
43, 3, Civic, CIVIC_EXPLORATION, 3142.3, 7
43, 3, Civic, CIVIC_HUMANISM, 720.1, 7
43, 3, Civic, CIVIC_DIPLOMATIC_SERVICE, 1045.3, 4
43, 3, Civic, CIVIC_REFORMED_CHURCH, 3462.9, 4
43, 3, Policies, POLICY_SURVEY, 37.0
43, 3, Policies, POLICY_URBAN_PLANNING, 126.0
43, 3, Policies, POLICY_CARAVANSARIES, 163.0
43, 3, Policies, POLICY_LAND_SURVEYORS, 197.5
43, 3, Policies, POLICY_COLONIZATION, 150.0
43, 3, Policies, POLICY_INSPIRATION, 15.0
43, 3, Policies, POLICY_INSULAE, 210.0
43, 3, Policies, POLICY_CHARISMATIC_LEADER, 14.0
43, 3, Policies, POLICY_DIPLOMATIC_LEAGUE, 225.0
43, 3, Policies, POLICY_LITERARY_TRADITION, 15.0
43, 3, Policies, POLICY_RAID, 2107.0
43, 3, Policies, POLICY_LIMES, 199.0
43, 3, Policies, POLICY_NATURAL_PHILOSOPHY, 39.0
43, 3, Policies, POLICY_SCRIPTURE, 1087.0
43, 3, Policies, POLICY_NAVIGATION, 15.0
43, 3, Policies, POLICY_TRADE_CONFEDERATION, 246.0
43, 3, Policies, POLICY_COLONIAL_OFFICES, 262.0
43, 3, Policies, POLICY_INVENTION, 31.0
43, 3, Policies, POLICY_FRESCOES, 15.0
43, 3, Policies, POLICY_RELIGIOUS_ORDERS, 10.0
43, 3, Policies, POLICY_SIMULTANEUM, 1545.0
43, 3, Policies, POLICY_PRAETORIUM, 336.0
43, 3, Policies, POLICY_CIVIL_PRESTIGE, 696.0
43, 4, Civic, CIVIC_NAVAL_TRADITION, 156.6, 1
43, 4, Civic, CIVIC_MEDIEVAL_FAIRES, 0.0, 1
43, 4, Civic, CIVIC_GUILDS, 0.0, 1
43, 4, Civic, CIVIC_EXPLORATION, 910.7, 2
43, 4, Civic, CIVIC_HUMANISM, 164.8, 4
43, 4, Civic, CIVIC_DIPLOMATIC_SERVICE, 511.1, 2
43, 4, Civic, CIVIC_REFORMED_CHURCH, 490.7, 2
43, 4, Civic, CIVIC_MERCANTILISM, 313.4, 6
43, 4, Civic, CIVIC_THE_ENLIGHTENMENT, 927.9, 6
43, 4, Policies, POLICY_SURVEY, 23.0
43, 4, Policies, POLICY_URBAN_PLANNING, 168.0
43, 4, Policies, POLICY_CARAVANSARIES, 22.0
43, 4, Policies, POLICY_CONSCRIPTION, 36.0
43, 4, Policies, POLICY_LAND_SURVEYORS, 249.5
43, 4, Policies, POLICY_COLONIZATION, 150.0
43, 4, Policies, POLICY_INSPIRATION, 24.0
43, 4, Policies, POLICY_INSULAE, 333.0
43, 4, Policies, POLICY_CHARISMATIC_LEADER, 14.0
43, 4, Policies, POLICY_DIPLOMATIC_LEAGUE, 337.0
43, 4, Policies, POLICY_LITERARY_TRADITION, 15.0
43, 4, Policies, POLICY_RAID, 1764.0
43, 4, Policies, POLICY_LIMES, 1015.0
43, 4, Policies, POLICY_NATURAL_PHILOSOPHY, 188.0
43, 4, Policies, POLICY_NAVIGATION, 15.0
43, 4, Policies, POLICY_FEUDAL_CONTRACT, 49.0
43, 4, Policies, POLICY_RETAINERS, 28.0
43, 4, Policies, POLICY_PROFESSIONAL_ARMY, 201.0
43, 4, Policies, POLICY_TRADE_CONFEDERATION, 48.0
43, 4, Policies, POLICY_COLONIAL_OFFICES, 466.0
43, 4, Policies, POLICY_INVENTION, 43.0
43, 4, Policies, POLICY_FRESCOES, 15.0
43, 4, Policies, POLICY_RELIGIOUS_ORDERS, 62.0
43, 4, Policies, POLICY_LOGISTICS, 51.0
43, 4, Policies, POLICY_TRIANGULAR_TRADE, 55.0
43, 4, Policies, POLICY_RATIONALISM, 232.0
43, 4, Policies, POLICY_FREE_MARKET, 88.0
43, 4, Policies, POLICY_LIBERALISM, 70.0
43, 4, Policies, POLICY_PRAETORIUM, 692.0
43, 4, Policies, POLICY_CIVIL_PRESTIGE, 512.0
43, 3, Civic, CIVIC_MILITARY_TRAINING, 2008.7, 1
43, 3, Civic, CIVIC_NAVAL_TRADITION, 144.6, 1
43, 3, Civic, CIVIC_CIVIL_SERVICE, 582.7, 1
43, 3, Civic, CIVIC_MERCENARIES, 2329.1, 3
43, 3, Civic, CIVIC_MEDIEVAL_FAIRES, 0.0, 1
43, 3, Civic, CIVIC_GUILDS, 874.0, 2
43, 3, Civic, CIVIC_DIVINE_RIGHT, 1246.9, 2
43, 3, Civic, CIVIC_EXPLORATION, 3142.3, 7
43, 3, Civic, CIVIC_HUMANISM, 720.1, 7
43, 3, Civic, CIVIC_DIPLOMATIC_SERVICE, 1045.3, 4
43, 3, Civic, CIVIC_REFORMED_CHURCH, 3462.9, 4
43, 3, Policies, POLICY_SURVEY, 37.0
43, 3, Policies, POLICY_URBAN_PLANNING, 126.0
43, 3, Policies, POLICY_CARAVANSARIES, 163.0
43, 3, Policies, POLICY_LAND_SURVEYORS, 197.5
43, 3, Policies, POLICY_COLONIZATION, 150.0
43, 3, Policies, POLICY_INSPIRATION, 15.0
43, 3, Policies, POLICY_INSULAE, 210.0
43, 3, Policies, POLICY_CHARISMATIC_LEADER, 14.0
43, 3, Policies, POLICY_DIPLOMATIC_LEAGUE, 225.0
43, 3, Policies, POLICY_LITERARY_TRADITION, 15.0
43, 3, Policies, POLICY_RAID, 2107.0
43, 3, Policies, POLICY_LIMES, 199.0
43, 3, Policies, POLICY_NATURAL_PHILOSOPHY, 39.0
43, 3, Policies, POLICY_SCRIPTURE, 1087.0
43, 3, Policies, POLICY_NAVIGATION, 15.0
43, 3, Policies, POLICY_TRADE_CONFEDERATION, 246.0
43, 3, Policies, POLICY_COLONIAL_OFFICES, 262.0
43, 3, Policies, POLICY_INVENTION, 31.0
43, 3, Policies, POLICY_FRESCOES, 15.0
43, 3, Policies, POLICY_RELIGIOUS_ORDERS, 10.0
43, 3, Policies, POLICY_SIMULTANEUM, 1545.0
43, 3, Policies, POLICY_PRAETORIUM, 336.0
43, 3, Policies, POLICY_CIVIL_PRESTIGE, 696.0
43, 2, Civic, CIVIC_MILITARY_TRAINING, 2351.5, 1
43, 2, Civic, CIVIC_NAVAL_TRADITION, 155.5, 3
43, 2, Civic, CIVIC_MERCENARIES, 1782.3, 5
43, 2, Civic, CIVIC_MEDIEVAL_FAIRES, 1269032.8, 3
43, 2, Civic, CIVIC_GUILDS, 1356570.6, 1
43, 2, Civic, CIVIC_EXPLORATION, 1271434.8, 13
43, 2, Civic, CIVIC_HUMANISM, 2625720.3, 11
43, 2, Civic, CIVIC_DIPLOMATIC_SERVICE, 1357011.6, 5
43, 2, Civic, CIVIC_REFORMED_CHURCH, 1357610.5, 6
43, 2, Civic, CIVIC_MERCANTILISM, 2625901.8, 19
43, 2, Civic, CIVIC_THE_ENLIGHTENMENT, 2626363.3, 23
43, 2, Policies, POLICY_SURVEY, 37.0
43, 2, Policies, POLICY_URBAN_PLANNING, 108.0
43, 2, Policies, POLICY_CARAVANSARIES, 61.0
43, 2, Policies, POLICY_CONSCRIPTION, 14.0
43, 2, Policies, POLICY_LAND_SURVEYORS, 225.0
43, 2, Policies, POLICY_COLONIZATION, 81.0
43, 2, Policies, POLICY_INSPIRATION, 19.0
43, 2, Policies, POLICY_INSULAE, 138.0
43, 2, Policies, POLICY_CHARISMATIC_LEADER, 14.0
43, 2, Policies, POLICY_DIPLOMATIC_LEAGUE, 337.0
43, 2, Policies, POLICY_LITERARY_TRADITION, 15.0
43, 2, Policies, POLICY_RAID, 1595.0
43, 2, Policies, POLICY_LIMES, 802.0
43, 2, Policies, POLICY_NATURAL_PHILOSOPHY, 75.0
43, 2, Policies, POLICY_SCRIPTURE, 306.0
43, 2, Policies, POLICY_NAVAL_INFRASTRUCTURE, 11.0
43, 2, Policies, POLICY_NAVIGATION, 31.0
43, 2, Policies, POLICY_RETAINERS, 14.0
43, 2, Policies, POLICY_PROFESSIONAL_ARMY, 11.0
43, 2, Policies, POLICY_TRADE_CONFEDERATION, 143.0
43, 2, Policies, POLICY_MERCHANT_CONFEDERATION, 61.0
43, 2, Policies, POLICY_TOWN_CHARTERS, 80.0
43, 2, Policies, POLICY_TRAVELING_MERCHANTS, 21.0
43, 2, Policies, POLICY_CHIVALRY, 9.0
43, 2, Policies, POLICY_COLONIAL_OFFICES, 275.0
43, 2, Policies, POLICY_INVENTION, 31.0
43, 2, Policies, POLICY_FRESCOES, 15.0
43, 2, Policies, POLICY_RELIGIOUS_ORDERS, 25.0
43, 2, Policies, POLICY_SIMULTANEUM, 567.0
43, 2, Policies, POLICY_LOGISTICS, 27.0
43, 2, Policies, POLICY_TRIANGULAR_TRADE, 198.0
43, 2, Policies, POLICY_RATIONALISM, 154.0
43, 2, Policies, POLICY_FREE_MARKET, 45.0
43, 2, Policies, POLICY_LIBERALISM, 42.0
43, 2, Policies, POLICY_PRAETORIUM, 344.0
43, 2, Policies, POLICY_CIVIL_PRESTIGE, 390.0
43, 2, Policies, POLICY_EQUESTRIAN_ORDERS, 15.0
43, 2, Civic, CIVIC_MILITARY_TRAINING, 2351.5, 1
43, 2, Civic, CIVIC_NAVAL_TRADITION, 155.5, 3
43, 2, Civic, CIVIC_MERCENARIES, 1782.3, 5
43, 2, Civic, CIVIC_MEDIEVAL_FAIRES, 1269032.8, 3
43, 2, Civic, CIVIC_GUILDS, 1356570.6, 1
43, 2, Civic, CIVIC_EXPLORATION, 1271434.8, 13
43, 2, Civic, CIVIC_HUMANISM, 2625720.3, 11
43, 2, Civic, CIVIC_DIPLOMATIC_SERVICE, 1357011.6, 5
43, 2, Civic, CIVIC_REFORMED_CHURCH, 1357610.5, 6
43, 2, Civic, CIVIC_MERCANTILISM, 2625901.8, 19
43, 2, Civic, CIVIC_THE_ENLIGHTENMENT, 2626363.3, 23
43, 2, Policies, POLICY_SURVEY, 37.0
43, 2, Policies, POLICY_URBAN_PLANNING, 108.0
43, 2, Policies, POLICY_CARAVANSARIES, 61.0
43, 2, Policies, POLICY_CONSCRIPTION, 14.0
43, 2, Policies, POLICY_LAND_SURVEYORS, 225.0
43, 2, Policies, POLICY_COLONIZATION, 81.0
43, 2, Policies, POLICY_INSPIRATION, 19.0
43, 2, Policies, POLICY_INSULAE, 138.0
43, 2, Policies, POLICY_CHARISMATIC_LEADER, 14.0
43, 2, Policies, POLICY_DIPLOMATIC_LEAGUE, 337.0
43, 2, Policies, POLICY_LITERARY_TRADITION, 15.0
43, 2, Policies, POLICY_RAID, 1595.0
43, 2, Policies, POLICY_LIMES, 802.0
43, 2, Policies, POLICY_NATURAL_PHILOSOPHY, 75.0
43, 2, Policies, POLICY_SCRIPTURE, 306.0
43, 2, Policies, POLICY_NAVAL_INFRASTRUCTURE, 11.0
43, 2, Policies, POLICY_NAVIGATION, 31.0
43, 2, Policies, POLICY_RETAINERS, 14.0
43, 2, Policies, POLICY_PROFESSIONAL_ARMY, 11.0
43, 2, Policies, POLICY_TRADE_CONFEDERATION, 143.0
43, 2, Policies, POLICY_MERCHANT_CONFEDERATION, 61.0
43, 2, Policies, POLICY_TOWN_CHARTERS, 80.0
43, 2, Policies, POLICY_TRAVELING_MERCHANTS, 21.0
43, 2, Policies, POLICY_CHIVALRY, 9.0
43, 2, Policies, POLICY_COLONIAL_OFFICES, 275.0
43, 2, Policies, POLICY_INVENTION, 31.0
43, 2, Policies, POLICY_FRESCOES, 15.0
43, 2, Policies, POLICY_RELIGIOUS_ORDERS, 25.0
43, 2, Policies, POLICY_SIMULTANEUM, 567.0
43, 2, Policies, POLICY_LOGISTICS, 27.0
43, 2, Policies, POLICY_TRIANGULAR_TRADE, 198.0
43, 2, Policies, POLICY_RATIONALISM, 154.0
43, 2, Policies, POLICY_FREE_MARKET, 45.0
43, 2, Policies, POLICY_LIBERALISM, 42.0
43, 2, Policies, POLICY_PRAETORIUM, 344.0
43, 2, Policies, POLICY_CIVIL_PRESTIGE, 390.0
43, 2, Policies, POLICY_EQUESTRIAN_ORDERS, 15.0
43, 0, Civic, CIVIC_MYSTICISM, 280.3, 1
43, 0, Civic, CIVIC_MILITARY_TRAINING, 1704.7, 1
43, 0, Civic, CIVIC_THEOLOGY, 448.7, 2
43, 0, Civic, CIVIC_NAVAL_TRADITION, 133.5, 3
43, 0, Civic, CIVIC_MERCENARIES, 1937.7, 6
43, 0, Civic, CIVIC_MEDIEVAL_FAIRES, 268073.3, 4
43, 0, Civic, CIVIC_GUILDS, 285990.8, 2
43, 0, Civic, CIVIC_DIVINE_RIGHT, 1027.2, 5
43, 0, Civic, CIVIC_EXPLORATION, 270791.6, 16
43, 0, Civic, CIVIC_HUMANISM, 554181.6, 14
43, 0, Civic, CIVIC_DIPLOMATIC_SERVICE, 286397.3, 7
43, 0, Civic, CIVIC_MERCANTILISM, 554384.0, 24
43, 0, Civic, CIVIC_THE_ENLIGHTENMENT, 554717.9, 29
43, 0, Policies, POLICY_SURVEY, 15.0
43, 0, Policies, POLICY_GOD_KING, 21.0
43, 0, Policies, POLICY_URBAN_PLANNING, 147.0
43, 0, Policies, POLICY_CARAVANSARIES, 68.0
43, 0, Policies, POLICY_CONSCRIPTION, 36.0
43, 0, Policies, POLICY_LAND_SURVEYORS, 185.0
43, 0, Policies, POLICY_COLONIZATION, 91.0
43, 0, Policies, POLICY_INSPIRATION, 25.0
43, 0, Policies, POLICY_INSULAE, 290.0
43, 0, Policies, POLICY_CHARISMATIC_LEADER, 14.0
43, 0, Policies, POLICY_DIPLOMATIC_LEAGUE, 225.0
43, 0, Policies, POLICY_LITERARY_TRADITION, 15.0
43, 0, Policies, POLICY_RAID, 1764.0
43, 0, Policies, POLICY_LIMES, 736.0
43, 0, Policies, POLICY_NATURAL_PHILOSOPHY, 134.0
43, 0, Policies, POLICY_NAVIGATION, 15.0
43, 0, Policies, POLICY_RETAINERS, 14.0
43, 0, Policies, POLICY_TRADE_CONFEDERATION, 131.0
43, 0, Policies, POLICY_MERCHANT_CONFEDERATION, 45.0
43, 0, Policies, POLICY_TOWN_CHARTERS, 112.0
43, 0, Policies, POLICY_TRAVELING_MERCHANTS, 28.0
43, 0, Policies, POLICY_CHIVALRY, 12.0
43, 0, Policies, POLICY_COLONIAL_OFFICES, 419.0
43, 0, Policies, POLICY_INVENTION, 43.0
43, 0, Policies, POLICY_FRESCOES, 15.0
43, 0, Policies, POLICY_LOGISTICS, 58.0
43, 0, Policies, POLICY_TRIANGULAR_TRADE, 166.0
43, 0, Policies, POLICY_RATIONALISM, 102.0
43, 0, Policies, POLICY_FREE_MARKET, 100.0
43, 0, Policies, POLICY_LIBERALISM, 70.0
43, 0, Policies, POLICY_PRAETORIUM, 594.0
43, 0, Policies, POLICY_CIVIL_PRESTIGE, 450.0
43, 3, Civic, CIVIC_MILITARY_TRAINING, 2008.7, 1
43, 3, Civic, CIVIC_NAVAL_TRADITION, 144.6, 1
43, 3, Civic, CIVIC_CIVIL_SERVICE, 582.7, 1
43, 3, Civic, CIVIC_MERCENARIES, 2329.1, 3
43, 3, Civic, CIVIC_MEDIEVAL_FAIRES, 0.0, 1
43, 3, Civic, CIVIC_GUILDS, 874.0, 2
43, 3, Civic, CIVIC_DIVINE_RIGHT, 1246.9, 2
43, 3, Civic, CIVIC_EXPLORATION, 3142.3, 7
43, 3, Civic, CIVIC_HUMANISM, 720.1, 7
43, 3, Civic, CIVIC_DIPLOMATIC_SERVICE, 1045.3, 4
43, 3, Civic, CIVIC_REFORMED_CHURCH, 3462.9, 4
43, 3, Policies, POLICY_SURVEY, 37.0
43, 3, Policies, POLICY_URBAN_PLANNING, 126.0
43, 3, Policies, POLICY_CARAVANSARIES, 163.0
43, 3, Policies, POLICY_LAND_SURVEYORS, 197.5
43, 3, Policies, POLICY_COLONIZATION, 150.0
43, 3, Policies, POLICY_INSPIRATION, 15.0
43, 3, Policies, POLICY_INSULAE, 210.0
43, 3, Policies, POLICY_CHARISMATIC_LEADER, 14.0
43, 3, Policies, POLICY_DIPLOMATIC_LEAGUE, 225.0
43, 3, Policies, POLICY_LITERARY_TRADITION, 15.0
43, 3, Policies, POLICY_RAID, 2107.0
43, 3, Policies, POLICY_LIMES, 199.0
43, 3, Policies, POLICY_NATURAL_PHILOSOPHY, 39.0
43, 3, Policies, POLICY_SCRIPTURE, 1087.0
43, 3, Policies, POLICY_NAVIGATION, 15.0
43, 3, Policies, POLICY_TRADE_CONFEDERATION, 246.0
43, 3, Policies, POLICY_COLONIAL_OFFICES, 262.0
43, 3, Policies, POLICY_INVENTION, 31.0
43, 3, Policies, POLICY_FRESCOES, 15.0
43, 3, Policies, POLICY_RELIGIOUS_ORDERS, 10.0
43, 3, Policies, POLICY_SIMULTANEUM, 1545.0
43, 3, Policies, POLICY_PRAETORIUM, 336.0
43, 3, Policies, POLICY_CIVIL_PRESTIGE, 696.0
43, 2, Civic, CIVIC_MILITARY_TRAINING, 2351.5, 1
43, 2, Civic, CIVIC_NAVAL_TRADITION, 155.5, 3
43, 2, Civic, CIVIC_MERCENARIES, 1782.3, 5
43, 2, Civic, CIVIC_MEDIEVAL_FAIRES, 1269032.8, 3
43, 2, Civic, CIVIC_GUILDS, 1356570.6, 1
43, 2, Civic, CIVIC_EXPLORATION, 1271434.8, 13
43, 2, Civic, CIVIC_HUMANISM, 2625720.3, 11
43, 2, Civic, CIVIC_DIPLOMATIC_SERVICE, 1357011.6, 5
43, 2, Civic, CIVIC_REFORMED_CHURCH, 1357610.5, 6
43, 2, Civic, CIVIC_MERCANTILISM, 2625901.8, 19
43, 2, Civic, CIVIC_THE_ENLIGHTENMENT, 2626363.3, 23
43, 2, Policies, POLICY_SURVEY, 37.0
43, 2, Policies, POLICY_URBAN_PLANNING, 108.0
43, 2, Policies, POLICY_CARAVANSARIES, 61.0
43, 2, Policies, POLICY_CONSCRIPTION, 14.0
43, 2, Policies, POLICY_LAND_SURVEYORS, 225.0
43, 2, Policies, POLICY_COLONIZATION, 81.0
43, 2, Policies, POLICY_INSPIRATION, 19.0
43, 2, Policies, POLICY_INSULAE, 138.0
43, 2, Policies, POLICY_CHARISMATIC_LEADER, 14.0
43, 2, Policies, POLICY_DIPLOMATIC_LEAGUE, 337.0
43, 2, Policies, POLICY_LITERARY_TRADITION, 15.0
43, 2, Policies, POLICY_RAID, 1595.0
43, 2, Policies, POLICY_LIMES, 802.0
43, 2, Policies, POLICY_NATURAL_PHILOSOPHY, 75.0
43, 2, Policies, POLICY_SCRIPTURE, 306.0
43, 2, Policies, POLICY_NAVAL_INFRASTRUCTURE, 11.0
43, 2, Policies, POLICY_NAVIGATION, 31.0
43, 2, Policies, POLICY_RETAINERS, 14.0
43, 2, Policies, POLICY_PROFESSIONAL_ARMY, 11.0
43, 2, Policies, POLICY_TRADE_CONFEDERATION, 143.0
43, 2, Policies, POLICY_MERCHANT_CONFEDERATION, 61.0
43, 2, Policies, POLICY_TOWN_CHARTERS, 80.0
43, 2, Policies, POLICY_TRAVELING_MERCHANTS, 21.0
43, 2, Policies, POLICY_CHIVALRY, 9.0
43, 2, Policies, POLICY_COLONIAL_OFFICES, 275.0
43, 2, Policies, POLICY_INVENTION, 31.0
43, 2, Policies, POLICY_FRESCOES, 15.0
43, 2, Policies, POLICY_RELIGIOUS_ORDERS, 25.0
43, 2, Policies, POLICY_SIMULTANEUM, 567.0
43, 2, Policies, POLICY_LOGISTICS, 27.0
43, 2, Policies, POLICY_TRIANGULAR_TRADE, 198.0
43, 2, Policies, POLICY_RATIONALISM, 154.0
43, 2, Policies, POLICY_FREE_MARKET, 45.0
43, 2, Policies, POLICY_LIBERALISM, 42.0
43, 2, Policies, POLICY_PRAETORIUM, 344.0
43, 2, Policies, POLICY_CIVIL_PRESTIGE, 390.0
43, 2, Policies, POLICY_EQUESTRIAN_ORDERS, 15.0
43, 2, Civic, CIVIC_MILITARY_TRAINING, 2351.5, 1
43, 2, Civic, CIVIC_NAVAL_TRADITION, 155.5, 3
43, 2, Civic, CIVIC_MERCENARIES, 1782.3, 5
43, 2, Civic, CIVIC_MEDIEVAL_FAIRES, 1269032.8, 3
43, 2, Civic, CIVIC_GUILDS, 1356570.6, 1
43, 2, Civic, CIVIC_EXPLORATION, 1271434.8, 13
43, 2, Civic, CIVIC_HUMANISM, 2625720.3, 11
43, 2, Civic, CIVIC_DIPLOMATIC_SERVICE, 1357011.6, 5
43, 2, Civic, CIVIC_REFORMED_CHURCH, 1357610.5, 6
43, 2, Civic, CIVIC_MERCANTILISM, 2625901.8, 19
43, 2, Civic, CIVIC_THE_ENLIGHTENMENT, 2626363.3, 23
43, 2, Policies, POLICY_SURVEY, 37.0
43, 2, Policies, POLICY_URBAN_PLANNING, 108.0
43, 2, Policies, POLICY_CARAVANSARIES, 61.0
43, 2, Policies, POLICY_CONSCRIPTION, 14.0
43, 2, Policies, POLICY_LAND_SURVEYORS, 225.0
43, 2, Policies, POLICY_COLONIZATION, 81.0
43, 2, Policies, POLICY_INSPIRATION, 19.0
43, 2, Policies, POLICY_INSULAE, 138.0
43, 2, Policies, POLICY_CHARISMATIC_LEADER, 14.0
43, 2, Policies, POLICY_DIPLOMATIC_LEAGUE, 337.0
43, 2, Policies, POLICY_LITERARY_TRADITION, 15.0
43, 2, Policies, POLICY_RAID, 1595.0
43, 2, Policies, POLICY_LIMES, 802.0
43, 2, Policies, POLICY_NATURAL_PHILOSOPHY, 75.0
43, 2, Policies, POLICY_SCRIPTURE, 306.0
43, 2, Policies, POLICY_NAVAL_INFRASTRUCTURE, 11.0
43, 2, Policies, POLICY_NAVIGATION, 31.0
43, 2, Policies, POLICY_RETAINERS, 14.0
43, 2, Policies, POLICY_PROFESSIONAL_ARMY, 11.0
43, 2, Policies, POLICY_TRADE_CONFEDERATION, 143.0
43, 2, Policies, POLICY_MERCHANT_CONFEDERATION, 61.0
43, 2, Policies, POLICY_TOWN_CHARTERS, 80.0
43, 2, Policies, POLICY_TRAVELING_MERCHANTS, 21.0
43, 2, Policies, POLICY_CHIVALRY, 9.0
43, 2, Policies, POLICY_COLONIAL_OFFICES, 275.0
43, 2, Policies, POLICY_INVENTION, 31.0
43, 2, Policies, POLICY_FRESCOES, 15.0
43, 2, Policies, POLICY_RELIGIOUS_ORDERS, 25.0
43, 2, Policies, POLICY_SIMULTANEUM, 567.0
43, 2, Policies, POLICY_LOGISTICS, 27.0
43, 2, Policies, POLICY_TRIANGULAR_TRADE, 198.0
43, 2, Policies, POLICY_RATIONALISM, 154.0
43, 2, Policies, POLICY_FREE_MARKET, 45.0
43, 2, Policies, POLICY_LIBERALISM, 42.0
43, 2, Policies, POLICY_PRAETORIUM, 344.0
43, 2, Policies, POLICY_CIVIL_PRESTIGE, 390.0
43, 2, Policies, POLICY_EQUESTRIAN_ORDERS, 15.0
43, 2, Civic, CIVIC_MILITARY_TRAINING, 2351.5, 1
43, 2, Civic, CIVIC_NAVAL_TRADITION, 155.5, 3
43, 2, Civic, CIVIC_MERCENARIES, 1782.3, 5
43, 2, Civic, CIVIC_MEDIEVAL_FAIRES, 1269032.8, 3
43, 2, Civic, CIVIC_GUILDS, 1356570.6, 1
43, 2, Civic, CIVIC_EXPLORATION, 1271434.8, 13
43, 2, Civic, CIVIC_HUMANISM, 2625720.3, 11
43, 2, Civic, CIVIC_DIPLOMATIC_SERVICE, 1357011.6, 5
43, 2, Civic, CIVIC_REFORMED_CHURCH, 1357610.5, 6
43, 2, Civic, CIVIC_MERCANTILISM, 2625901.8, 19
43, 2, Civic, CIVIC_THE_ENLIGHTENMENT, 2626363.3, 23
43, 2, Policies, POLICY_SURVEY, 37.0
43, 2, Policies, POLICY_URBAN_PLANNING, 108.0
43, 2, Policies, POLICY_CARAVANSARIES, 61.0
43, 2, Policies, POLICY_CONSCRIPTION, 14.0
43, 2, Policies, POLICY_LAND_SURVEYORS, 225.0
43, 2, Policies, POLICY_COLONIZATION, 81.0
43, 2, Policies, POLICY_INSPIRATION, 19.0
43, 2, Policies, POLICY_INSULAE, 138.0
43, 2, Policies, POLICY_CHARISMATIC_LEADER, 14.0
43, 2, Policies, POLICY_DIPLOMATIC_LEAGUE, 337.0
43, 2, Policies, POLICY_LITERARY_TRADITION, 15.0
43, 2, Policies, POLICY_RAID, 1595.0
43, 2, Policies, POLICY_LIMES, 802.0
43, 2, Policies, POLICY_NATURAL_PHILOSOPHY, 75.0
43, 2, Policies, POLICY_SCRIPTURE, 306.0
43, 2, Policies, POLICY_NAVAL_INFRASTRUCTURE, 11.0
43, 2, Policies, POLICY_NAVIGATION, 31.0
43, 2, Policies, POLICY_RETAINERS, 14.0
43, 2, Policies, POLICY_PROFESSIONAL_ARMY, 11.0
43, 2, Policies, POLICY_TRADE_CONFEDERATION, 143.0
43, 2, Policies, POLICY_MERCHANT_CONFEDERATION, 61.0
43, 2, Policies, POLICY_TOWN_CHARTERS, 80.0
43, 2, Policies, POLICY_TRAVELING_MERCHANTS, 21.0
43, 2, Policies, POLICY_CHIVALRY, 9.0
43, 2, Policies, POLICY_COLONIAL_OFFICES, 275.0
43, 2, Policies, POLICY_INVENTION, 31.0
43, 2, Policies, POLICY_FRESCOES, 15.0
43, 2, Policies, POLICY_RELIGIOUS_ORDERS, 25.0
43, 2, Policies, POLICY_SIMULTANEUM, 567.0
43, 2, Policies, POLICY_LOGISTICS, 27.0
43, 2, Policies, POLICY_TRIANGULAR_TRADE, 198.0
43, 2, Policies, POLICY_RATIONALISM, 154.0
43, 2, Policies, POLICY_FREE_MARKET, 45.0
43, 2, Policies, POLICY_LIBERALISM, 42.0
43, 2, Policies, POLICY_PRAETORIUM, 344.0
43, 2, Policies, POLICY_CIVIL_PRESTIGE, 390.0
43, 2, Policies, POLICY_EQUESTRIAN_ORDERS, 15.0
43, 0, Civic, CIVIC_MYSTICISM, 280.3, 1
43, 0, Civic, CIVIC_MILITARY_TRAINING, 1704.7, 1
43, 0, Civic, CIVIC_THEOLOGY, 448.7, 2
43, 0, Civic, CIVIC_NAVAL_TRADITION, 133.5, 3
43, 0, Civic, CIVIC_MERCENARIES, 1937.7, 6
43, 0, Civic, CIVIC_MEDIEVAL_FAIRES, 268073.3, 4
43, 0, Civic, CIVIC_GUILDS, 285990.8, 2
43, 0, Civic, CIVIC_DIVINE_RIGHT, 1027.2, 5
43, 0, Civic, CIVIC_EXPLORATION, 270791.6, 16
43, 0, Civic, CIVIC_HUMANISM, 554181.6, 14
43, 0, Civic, CIVIC_DIPLOMATIC_SERVICE, 286397.3, 7
43, 0, Civic, CIVIC_MERCANTILISM, 554384.0, 24
43, 0, Civic, CIVIC_THE_ENLIGHTENMENT, 554717.9, 29
43, 0, Policies, POLICY_SURVEY, 15.0
43, 0, Policies, POLICY_GOD_KING, 21.0
43, 0, Policies, POLICY_URBAN_PLANNING, 147.0
43, 0, Policies, POLICY_CARAVANSARIES, 68.0
43, 0, Policies, POLICY_CONSCRIPTION, 36.0
43, 0, Policies, POLICY_LAND_SURVEYORS, 185.0
43, 0, Policies, POLICY_COLONIZATION, 91.0
43, 0, Policies, POLICY_INSPIRATION, 25.0
43, 0, Policies, POLICY_INSULAE, 290.0
43, 0, Policies, POLICY_CHARISMATIC_LEADER, 14.0
43, 0, Policies, POLICY_DIPLOMATIC_LEAGUE, 225.0
43, 0, Policies, POLICY_LITERARY_TRADITION, 15.0
43, 0, Policies, POLICY_RAID, 1764.0
43, 0, Policies, POLICY_LIMES, 736.0
43, 0, Policies, POLICY_NATURAL_PHILOSOPHY, 134.0
43, 0, Policies, POLICY_NAVIGATION, 15.0
43, 0, Policies, POLICY_RETAINERS, 14.0
43, 0, Policies, POLICY_TRADE_CONFEDERATION, 131.0
43, 0, Policies, POLICY_MERCHANT_CONFEDERATION, 45.0
43, 0, Policies, POLICY_TOWN_CHARTERS, 112.0
43, 0, Policies, POLICY_TRAVELING_MERCHANTS, 28.0
43, 0, Policies, POLICY_CHIVALRY, 12.0
43, 0, Policies, POLICY_COLONIAL_OFFICES, 419.0
43, 0, Policies, POLICY_INVENTION, 43.0
43, 0, Policies, POLICY_FRESCOES, 15.0
43, 0, Policies, POLICY_LOGISTICS, 58.0
43, 0, Policies, POLICY_TRIANGULAR_TRADE, 166.0
43, 0, Policies, POLICY_RATIONALISM, 102.0
43, 0, Policies, POLICY_FREE_MARKET, 100.0
43, 0, Policies, POLICY_LIBERALISM, 70.0
43, 0, Policies, POLICY_PRAETORIUM, 594.0
43, 0, Policies, POLICY_CIVIL_PRESTIGE, 450.0
43, 0, Civic, CIVIC_MYSTICISM, 280.3, 1
43, 0, Civic, CIVIC_MILITARY_TRAINING, 1704.7, 1
43, 0, Civic, CIVIC_THEOLOGY, 448.7, 2
43, 0, Civic, CIVIC_NAVAL_TRADITION, 133.5, 3
43, 0, Civic, CIVIC_MERCENARIES, 1937.7, 6
43, 0, Civic, CIVIC_MEDIEVAL_FAIRES, 268073.3, 4
43, 0, Civic, CIVIC_GUILDS, 285990.8, 2
43, 0, Civic, CIVIC_DIVINE_RIGHT, 1027.2, 5
43, 0, Civic, CIVIC_EXPLORATION, 270791.6, 16
43, 0, Civic, CIVIC_HUMANISM, 554181.6, 14
43, 0, Civic, CIVIC_DIPLOMATIC_SERVICE, 286397.3, 7
43, 0, Civic, CIVIC_MERCANTILISM, 554384.0, 24
43, 0, Civic, CIVIC_THE_ENLIGHTENMENT, 554717.9, 29
43, 0, Policies, POLICY_SURVEY, 15.0
43, 0, Policies, POLICY_GOD_KING, 21.0
43, 0, Policies, POLICY_URBAN_PLANNING, 147.0
43, 0, Policies, POLICY_CARAVANSARIES, 68.0
43, 0, Policies, POLICY_CONSCRIPTION, 36.0
43, 0, Policies, POLICY_LAND_SURVEYORS, 185.0
43, 0, Policies, POLICY_COLONIZATION, 91.0
43, 0, Policies, POLICY_INSPIRATION, 25.0
43, 0, Policies, POLICY_INSULAE, 290.0
43, 0, Policies, POLICY_CHARISMATIC_LEADER, 14.0
43, 0, Policies, POLICY_DIPLOMATIC_LEAGUE, 225.0
43, 0, Policies, POLICY_LITERARY_TRADITION, 15.0
43, 0, Policies, POLICY_RAID, 1764.0
43, 0, Policies, POLICY_LIMES, 736.0
43, 0, Policies, POLICY_NATURAL_PHILOSOPHY, 134.0
43, 0, Policies, POLICY_NAVIGATION, 15.0
43, 0, Policies, POLICY_RETAINERS, 14.0
43, 0, Policies, POLICY_TRADE_CONFEDERATION, 131.0
43, 0, Policies, POLICY_MERCHANT_CONFEDERATION, 45.0
43, 0, Policies, POLICY_TOWN_CHARTERS, 112.0
43, 0, Policies, POLICY_TRAVELING_MERCHANTS, 28.0
43, 0, Policies, POLICY_CHIVALRY, 12.0
43, 0, Policies, POLICY_COLONIAL_OFFICES, 419.0
43, 0, Policies, POLICY_INVENTION, 43.0
43, 0, Policies, POLICY_FRESCOES, 15.0
43, 0, Policies, POLICY_LOGISTICS, 58.0
43, 0, Policies, POLICY_TRIANGULAR_TRADE, 166.0
43, 0, Policies, POLICY_RATIONALISM, 102.0
43, 0, Policies, POLICY_FREE_MARKET, 100.0
43, 0, Policies, POLICY_LIBERALISM, 70.0
43, 0, Policies, POLICY_PRAETORIUM, 594.0
43, 0, Policies, POLICY_CIVIL_PRESTIGE, 450.0
43, 1, Civic, CIVIC_MILITARY_TRADITION, 1930.6, 1
43, 1, Civic, CIVIC_MYSTICISM, 295.4, 1
43, 1, Civic, CIVIC_MILITARY_TRAINING, 3398.3, 2
43, 1, Civic, CIVIC_THEOLOGY, 463.8, 2
43, 1, Civic, CIVIC_NAVAL_TRADITION, 144.6, 1
43, 1, Civic, CIVIC_MERCENARIES, 3588.8, 3
43, 1, Civic, CIVIC_DIVINE_RIGHT, 978.3, 3
43, 1, Civic, CIVIC_HUMANISM, 160.8, 1
43, 1, Civic, CIVIC_DIPLOMATIC_SERVICE, 532.6, 1
43, 1, Civic, CIVIC_MERCANTILISM, 413.5, 2
43, 1, Civic, CIVIC_THE_ENLIGHTENMENT, 875.3, 4
43, 1, Civic, CIVIC_COLONIALISM, 558.2, 5
43, 1, Civic, CIVIC_CIVIL_ENGINEERING, 457853.2, 6
43, 1, Civic, CIVIC_NATIONALISM, 430780.5, 8
43, 1, Civic, CIVIC_OPERA_BALLET, 1025.4, 7
43, 1, Policies, POLICY_SURVEY, 7.0
43, 1, Policies, POLICY_GOD_KING, 23.0
43, 1, Policies, POLICY_URBAN_PLANNING, 132.0
43, 1, Policies, POLICY_CARAVANSARIES, 82.0
43, 1, Policies, POLICY_CONSCRIPTION, 7.0
43, 1, Policies, POLICY_LAND_SURVEYORS, 197.5
43, 1, Policies, POLICY_COLONIZATION, 84.0
43, 1, Policies, POLICY_INSPIRATION, 23.0
43, 1, Policies, POLICY_CHARISMATIC_LEADER, 14.0
43, 1, Policies, POLICY_DIPLOMATIC_LEAGUE, 225.0
43, 1, Policies, POLICY_LITERARY_TRADITION, 31.0
43, 1, Policies, POLICY_RAID, 1595.0
43, 1, Policies, POLICY_LIMES, 369.0
43, 1, Policies, POLICY_NATURAL_PHILOSOPHY, 148.0
43, 1, Policies, POLICY_NAVIGATION, 47.0
43, 1, Policies, POLICY_TRADE_CONFEDERATION, 156.0
43, 1, Policies, POLICY_MERCHANT_CONFEDERATION, 133.0
43, 1, Policies, POLICY_TOWN_CHARTERS, 141.0
43, 1, Policies, POLICY_TRAVELING_MERCHANTS, 37.0
43, 1, Policies, POLICY_INVENTION, 62.0
43, 1, Policies, POLICY_FRESCOES, 31.0
43, 1, Policies, POLICY_LOGISTICS, 12.0
43, 1, Policies, POLICY_TRIANGULAR_TRADE, 219.0
43, 1, Policies, POLICY_RATIONALISM, 228.0
43, 1, Policies, POLICY_FREE_MARKET, 130.0
43, 1, Policies, POLICY_LIBERALISM, 70.0
43, 1, Policies, POLICY_COLONIAL_TAXES, 521.0
43, 1, Policies, POLICY_PUBLIC_WORKS, 12.0
43, 1, Policies, POLICY_SYMPHONIES, 62.0
43, 1, Policies, POLICY_ECONOMIC_UNION, 124.0
43, 1, Policies, POLICY_PRAETORIUM, 650.0
43, 1, Policies, POLICY_CIVIL_PRESTIGE, 414.0
43, 1, Policies, POLICY_EQUESTRIAN_ORDERS, 93.0
43, 1, Policies, POLICY_EMPIRICAL_METHOD, 204.0
44, 5, Civic, CIVIC_MILITARY_TRAINING, 1285.8, 2
44, 5, Civic, CIVIC_THEOLOGY, 3440.4, 2
44, 5, Civic, CIVIC_NAVAL_TRADITION, 133.5, 3
44, 5, Civic, CIVIC_CIVIL_SERVICE, 896.7, 1
44, 5, Civic, CIVIC_MERCENARIES, 1403.8, 6
44, 5, Civic, CIVIC_MEDIEVAL_FAIRES, 551595.2, 5
44, 5, Civic, CIVIC_GUILDS, 534779.4, 6
44, 5, Civic, CIVIC_DIVINE_RIGHT, 2109.0, 10
44, 5, Civic, CIVIC_EXPLORATION, 554477.2, 20
44, 5, Civic, CIVIC_HUMANISM, 1086437.9, 23
44, 5, Civic, CIVIC_DIPLOMATIC_SERVICE, 535072.4, 13
44, 5, Civic, CIVIC_REFORMED_CHURCH, 536764.3, 24
44, 5, Policies, POLICY_SURVEY, 36.0
44, 5, Policies, POLICY_GOD_KING, 13.0
44, 5, Policies, POLICY_URBAN_PLANNING, 168.0
44, 5, Policies, POLICY_CARAVANSARIES, 45.0
44, 5, Policies, POLICY_CONSCRIPTION, 176.0
44, 5, Policies, POLICY_LAND_SURVEYORS, 10.5
44, 5, Policies, POLICY_COLONIZATION, 48.0
44, 5, Policies, POLICY_INSPIRATION, 25.0
44, 5, Policies, POLICY_INSULAE, 350.0
44, 5, Policies, POLICY_CHARISMATIC_LEADER, 14.0
44, 5, Policies, POLICY_DIPLOMATIC_LEAGUE, 225.0
44, 5, Policies, POLICY_LITERARY_TRADITION, 15.0
44, 5, Policies, POLICY_RAID, 1355.0
44, 5, Policies, POLICY_BASTIONS, 42.0
44, 5, Policies, POLICY_LIMES, 471.0
44, 5, Policies, POLICY_NATURAL_PHILOSOPHY, 153.0
44, 5, Policies, POLICY_SCRIPTURE, 102.0
44, 5, Policies, POLICY_NAVIGATION, 47.0
44, 5, Policies, POLICY_FEUDAL_CONTRACT, 59.0
44, 5, Policies, POLICY_RETAINERS, 14.0
44, 5, Policies, POLICY_PROFESSIONAL_ARMY, 77.0
44, 5, Policies, POLICY_TRADE_CONFEDERATION, 86.0
44, 5, Policies, POLICY_CRAFTSMEN, 86.0
44, 5, Policies, POLICY_TOWN_CHARTERS, 36.0
44, 5, Policies, POLICY_TRAVELING_MERCHANTS, 21.0
44, 5, Policies, POLICY_CHIVALRY, 17.0
44, 5, Policies, POLICY_COLONIAL_OFFICES, 1069.0
44, 5, Policies, POLICY_INVENTION, 64.0
44, 5, Policies, POLICY_FRESCOES, 15.0
44, 5, Policies, POLICY_WARS_OF_RELIGION, 10.0
44, 5, Policies, POLICY_RELIGIOUS_ORDERS, 251.0
44, 5, Policies, POLICY_SIMULTANEUM, 52.0
44, 5, Policies, POLICY_PRAETORIUM, 1855.0
44, 5, Policies, POLICY_CIVIL_PRESTIGE, 1076.0
44, 5, Policies, POLICY_EQUESTRIAN_ORDERS, 104.0
44, 5, Policies, POLICY_SIEGE, 10.0
44, 5, Policies, POLICY_HARD_SHELL_EXPLOSIVES, 10.0
44, 6, Completed Civic, CIVIC_GUILDS
44, 6, Slot Policy, POLICY_RAID, 1300
44, 6, Slot Policy, POLICY_LIMES, 406
44, 6, Slot Policy, POLICY_CIVIL_PRESTIGE, 570
44, 6, Slot Policy, POLICY_PRAETORIUM, 1229
44, 6, Slot Policy, POLICY_INSULAE, 274
44, 6, Civic, CIVIC_NAVAL_TRADITION, 139.5, 2
44, 6, Civic, CIVIC_MERCENARIES, 139.5, 2
44, 6, Civic, CIVIC_MEDIEVAL_FAIRES, 6324.8, 3
44, 6, Civic, CIVIC_DIVINE_RIGHT, 980.0, 2
44, 6, Civic, CIVIC_EXPLORATION, 7576.8, 10
44, 6, Civic, CIVIC_HUMANISM, 9660.8, 9
44, 6, Civic, CIVIC_DIPLOMATIC_SERVICE, 462.7, 4
44, 6, Civic, CIVIC_REFORMED_CHURCH, 1820.1, 5
44, 6, Civic, CIVIC_MERCANTILISM, 6528.4, 14
44, 6, Civic, CIVIC_THE_ENLIGHTENMENT, 6965.5, 18
44, 6, Policies, POLICY_SURVEY, 72.0
44, 6, Policies, POLICY_URBAN_PLANNING, 147.0
44, 6, Policies, POLICY_CARAVANSARIES, 45.0
44, 6, Policies, POLICY_CONSCRIPTION, 191.0
44, 6, Policies, POLICY_LAND_SURVEYORS, 224.5
44, 6, Policies, POLICY_COLONIZATION, 152.0
44, 6, Policies, POLICY_INSPIRATION, 28.0
44, 6, Policies, POLICY_INSULAE, 436.0
44, 6, Policies, POLICY_CHARISMATIC_LEADER, 14.0
44, 6, Policies, POLICY_DIPLOMATIC_LEAGUE, 225.0
44, 6, Policies, POLICY_LITERARY_TRADITION, 31.0
44, 6, Policies, POLICY_RAID, 1355.0
44, 6, Policies, POLICY_BASTIONS, 36.0
44, 6, Policies, POLICY_LIMES, 188.0
44, 6, Policies, POLICY_NATURAL_PHILOSOPHY, 54.0
44, 6, Policies, POLICY_SCRIPTURE, 116.0
44, 6, Policies, POLICY_NAVIGATION, 31.0
44, 6, Policies, POLICY_FEUDAL_CONTRACT, 18.0
44, 6, Policies, POLICY_RETAINERS, 206.0
44, 6, Policies, POLICY_PROFESSIONAL_ARMY, 10.0
44, 6, Policies, POLICY_TRADE_CONFEDERATION, 89.0
44, 6, Policies, POLICY_AESTHETICS, 29.0
44, 6, Policies, POLICY_TOWN_CHARTERS, 36.0
44, 6, Policies, POLICY_TRAVELING_MERCHANTS, 43.0
44, 6, Policies, POLICY_COLONIAL_OFFICES, 871.0
44, 6, Policies, POLICY_INVENTION, 53.0
44, 6, Policies, POLICY_FRESCOES, 31.0
44, 6, Policies, POLICY_WARS_OF_RELIGION, 10.0
44, 6, Policies, POLICY_RELIGIOUS_ORDERS, 261.0
44, 6, Policies, POLICY_SIMULTANEUM, 221.0
44, 6, Policies, POLICY_LOGISTICS, 301.0
44, 6, Policies, POLICY_TRIANGULAR_TRADE, 124.0
44, 6, Policies, POLICY_RATIONALISM, 68.0
44, 6, Policies, POLICY_FREE_MARKET, 50.0
44, 6, Policies, POLICY_LIBERALISM, 206.0
44, 6, Policies, POLICY_PRAETORIUM, 1371.0
44, 6, Policies, POLICY_CIVIL_PRESTIGE, 925.0
44, 6, Policies, POLICY_EQUESTRIAN_ORDERS, 71.0
44, 7, Civic, CIVIC_MYSTICISM, 275.3, 1
44, 7, Civic, CIVIC_MILITARY_TRAINING, 1339.7, 1
44, 7, Civic, CIVIC_THEOLOGY, 2694.7, 2
44, 7, Civic, CIVIC_NAVAL_TRADITION, 139.5, 2
44, 7, Civic, CIVIC_MERCENARIES, 1494.1, 3
44, 7, Civic, CIVIC_DIVINE_RIGHT, 1427.0, 4
44, 7, Civic, CIVIC_EXPLORATION, 2774.6, 7
44, 7, Civic, CIVIC_HUMANISM, 2127.2, 3
44, 7, Civic, CIVIC_DIPLOMATIC_SERVICE, 798.9, 1
44, 7, Civic, CIVIC_MERCANTILISM, 546.4, 9
44, 7, Civic, CIVIC_THE_ENLIGHTENMENT, 1404.5, 8
44, 7, Civic, CIVIC_COLONIALISM, 1138.4, 16
44, 7, Civic, CIVIC_CIVIL_ENGINEERING, 139083.9, 17
44, 7, Civic, CIVIC_NATIONALISM, 145105.9, 16
44, 7, Civic, CIVIC_OPERA_BALLET, 1184.0, 15
44, 7, Policies, POLICY_SURVEY, 77.0
44, 7, Policies, POLICY_GOD_KING, 21.0
44, 7, Policies, POLICY_URBAN_PLANNING, 105.0
44, 7, Policies, POLICY_CARAVANSARIES, 22.0
44, 7, Policies, POLICY_CONSCRIPTION, 191.0
44, 7, Policies, POLICY_LAND_SURVEYORS, 55.0
44, 7, Policies, POLICY_COLONIZATION, 28.0
44, 7, Policies, POLICY_INSPIRATION, 28.0
44, 7, Policies, POLICY_CHARISMATIC_LEADER, 14.0
44, 7, Policies, POLICY_DIPLOMATIC_LEAGUE, 225.0
44, 7, Policies, POLICY_LITERARY_TRADITION, 47.0
44, 7, Policies, POLICY_RAID, 1355.0
44, 7, Policies, POLICY_BASTIONS, 30.0
44, 7, Policies, POLICY_LIMES, 214.0
44, 7, Policies, POLICY_NATURAL_PHILOSOPHY, 91.0
44, 7, Policies, POLICY_SCRIPTURE, 102.0
44, 7, Policies, POLICY_NAVIGATION, 31.0
44, 7, Policies, POLICY_FEUDAL_CONTRACT, 57.0
44, 7, Policies, POLICY_RETAINERS, 316.0
44, 7, Policies, POLICY_PROFESSIONAL_ARMY, 128.0
44, 7, Policies, POLICY_TRADE_CONFEDERATION, 53.0
44, 7, Policies, POLICY_AESTHETICS, 28.0
44, 7, Policies, POLICY_TRAVELING_MERCHANTS, 29.0
44, 7, Policies, POLICY_COLONIAL_OFFICES, 826.0
44, 7, Policies, POLICY_INVENTION, 53.0
44, 7, Policies, POLICY_FRESCOES, 47.0
44, 7, Policies, POLICY_LOGISTICS, 290.0
44, 7, Policies, POLICY_TRIANGULAR_TRADE, 55.0
44, 7, Policies, POLICY_RATIONALISM, 66.0
44, 7, Policies, POLICY_LIBERALISM, 316.0
44, 7, Policies, POLICY_COLONIAL_TAXES, 845.0
44, 7, Policies, POLICY_GRANDE_ARMEE, 57.0
44, 7, Policies, POLICY_SYMPHONIES, 94.0
44, 7, Policies, POLICY_PRAETORIUM, 1368.0
44, 7, Policies, POLICY_CIVIL_PRESTIGE, 920.0
44, 7, Policies, POLICY_EQUESTRIAN_ORDERS, 63.0
44, 7, Policies, POLICY_EMPIRICAL_METHOD, 87.0
44, 8, Completed Civic, CIVIC_MILITARY_TRADITION
44, 8, Slot Policy, POLICY_LIMES, 620
44, 8, Slot Policy, POLICY_RETAINERS, 264
44, 8, Slot Policy, POLICY_CIVIL_PRESTIGE, 559
44, 8, Slot Policy, POLICY_PRAETORIUM, 1786
44, 8, Slot Policy, POLICY_URBAN_PLANNING, 126
44, 8, Civic, CIVIC_MYSTICISM, 280.4, 1
44, 8, Civic, CIVIC_MILITARY_TRAINING, 1323.8, 1
44, 8, Civic, CIVIC_THEOLOGY, 15766.6, 2
44, 8, Civic, CIVIC_NAVAL_TRADITION, 144.6, 1
44, 8, Civic, CIVIC_MERCENARIES, 1457.2, 3
44, 8, Civic, CIVIC_DIVINE_RIGHT, 1562.6, 4
44, 8, Civic, CIVIC_EXPLORATION, 2103.2, 7
44, 8, Civic, CIVIC_HUMANISM, 140.0, 5
44, 8, Civic, CIVIC_DIPLOMATIC_SERVICE, 485.7, 3
44, 8, Civic, CIVIC_MERCANTILISM, 527.5, 11
44, 8, Civic, CIVIC_THE_ENLIGHTENMENT, 1017.8, 14
44, 8, Civic, CIVIC_COLONIALISM, 1570.8, 18
44, 8, Civic, CIVIC_CIVIL_ENGINEERING, 102927.1, 20
44, 8, Civic, CIVIC_NATIONALISM, 93918.8, 23
44, 8, Civic, CIVIC_OPERA_BALLET, 1105.9, 21
44, 8, Policies, POLICY_SURVEY, 36.0
44, 8, Policies, POLICY_GOD_KING, 28.0
44, 8, Policies, POLICY_URBAN_PLANNING, 126.0
44, 8, Policies, POLICY_CARAVANSARIES, 22.0
44, 8, Policies, POLICY_CONSCRIPTION, 257.0
44, 8, Policies, POLICY_LAND_SURVEYORS, 150.0
44, 8, Policies, POLICY_COLONIZATION, 22.0
44, 8, Policies, POLICY_INSPIRATION, 25.0
44, 8, Policies, POLICY_CHARISMATIC_LEADER, 14.0
44, 8, Policies, POLICY_DIPLOMATIC_LEAGUE, 225.0
44, 8, Policies, POLICY_LITERARY_TRADITION, 15.0
44, 8, Policies, POLICY_RAID, 1355.0
44, 8, Policies, POLICY_BASTIONS, 30.0
44, 8, Policies, POLICY_LIMES, 135.0
44, 8, Policies, POLICY_NATURAL_PHILOSOPHY, 71.0
44, 8, Policies, POLICY_SCRIPTURE, 351.0
44, 8, Policies, POLICY_NAVIGATION, 15.0
44, 8, Policies, POLICY_FEUDAL_CONTRACT, 173.0
44, 8, Policies, POLICY_RETAINERS, 271.0
44, 8, Policies, POLICY_PROFESSIONAL_ARMY, 46.0
44, 8, Policies, POLICY_TRADE_CONFEDERATION, 43.0
44, 8, Policies, POLICY_CRAFTSMEN, 64.0
44, 8, Policies, POLICY_TRAVELING_MERCHANTS, 21.0
44, 8, Policies, POLICY_COLONIAL_OFFICES, 1042.0
44, 8, Policies, POLICY_INVENTION, 64.0
44, 8, Policies, POLICY_FRESCOES, 15.0
44, 8, Policies, POLICY_LOGISTICS, 482.0
44, 8, Policies, POLICY_TRIANGULAR_TRADE, 62.0
44, 8, Policies, POLICY_LIBERALISM, 673.0
44, 8, Policies, POLICY_COLONIAL_TAXES, 1120.0
44, 8, Policies, POLICY_GRANDE_ARMEE, 173.0
44, 8, Policies, POLICY_SYMPHONIES, 31.0
44, 8, Policies, POLICY_PRAETORIUM, 1821.0
44, 8, Policies, POLICY_CIVIL_PRESTIGE, 1090.0
44, 8, Policies, POLICY_EMPIRICAL_METHOD, 43.0
44, 8, Policies, POLICY_MASTER_ARTISANS, 44.0
44, 9, Completed Civic, CIVIC_GUILDS
44, 9, Slot Policy, POLICY_LIMES, 299
44, 9, Slot Policy, POLICY_CONSCRIPTION, 279
44, 9, Slot Policy, POLICY_CIVIL_PRESTIGE, 324
44, 9, Slot Policy, POLICY_PRAETORIUM, 1593
44, 9, Slot Policy, POLICY_URBAN_PLANNING, 126
44, 9, Civic, CIVIC_MILITARY_TRADITION, 30812.6, 1
44, 9, Civic, CIVIC_MYSTICISM, 275.3, 1
44, 9, Civic, CIVIC_MILITARY_TRAINING, 32292.3, 2
44, 9, Civic, CIVIC_THEOLOGY, 2599.7, 2
44, 9, Civic, CIVIC_NAVAL_TRADITION, 139.5, 2
44, 9, Civic, CIVIC_MERCENARIES, 32410.4, 6
44, 9, Civic, CIVIC_MEDIEVAL_FAIRES, 5320.2, 5
44, 9, Civic, CIVIC_DIVINE_RIGHT, 1303.6, 6
44, 9, Civic, CIVIC_HUMANISM, 5424.6, 12
44, 9, Civic, CIVIC_DIPLOMATIC_SERVICE, 406.6, 7
44, 9, Civic, CIVIC_MERCANTILISM, 5897.7, 26
44, 9, Civic, CIVIC_THE_ENLIGHTENMENT, 5873.8, 27
44, 9, Policies, POLICY_SURVEY, 21.0
44, 9, Policies, POLICY_GOD_KING, 7.0
44, 9, Policies, POLICY_URBAN_PLANNING, 126.0
44, 9, Policies, POLICY_CARAVANSARIES, 25.0
44, 9, Policies, POLICY_CONSCRIPTION, 287.0
44, 9, Policies, POLICY_LAND_SURVEYORS, 67.5
44, 9, Policies, POLICY_COLONIZATION, 70.0
44, 9, Policies, POLICY_INSPIRATION, 25.0
44, 9, Policies, POLICY_INSULAE, 44.0
44, 9, Policies, POLICY_CHARISMATIC_LEADER, 14.0
44, 9, Policies, POLICY_DIPLOMATIC_LEAGUE, 225.0
44, 9, Policies, POLICY_LITERARY_TRADITION, 15.0
44, 9, Policies, POLICY_RAID, 1530.0
44, 9, Policies, POLICY_BASTIONS, 36.0
44, 9, Policies, POLICY_LIMES, 239.0
44, 9, Policies, POLICY_NATURAL_PHILOSOPHY, 108.0
44, 9, Policies, POLICY_SCRIPTURE, 102.0
44, 9, Policies, POLICY_NAVIGATION, 15.0
44, 9, Policies, POLICY_FEUDAL_CONTRACT, 42.0
44, 9, Policies, POLICY_RETAINERS, 14.0
44, 9, Policies, POLICY_PROFESSIONAL_ARMY, 26.0
44, 9, Policies, POLICY_TRADE_CONFEDERATION, 42.0
44, 9, Policies, POLICY_CRAFTSMEN, 71.0
44, 9, Policies, POLICY_TRAVELING_MERCHANTS, 21.0
44, 9, Policies, POLICY_CHIVALRY, 14.0
44, 9, Policies, POLICY_INVENTION, 64.0
44, 9, Policies, POLICY_FRESCOES, 15.0
44, 9, Policies, POLICY_LOGISTICS, 560.0
44, 9, Policies, POLICY_TRIANGULAR_TRADE, 46.0
44, 9, Policies, POLICY_LIBERALISM, 42.0
44, 9, Policies, POLICY_PRAETORIUM, 1661.0
44, 9, Policies, POLICY_CIVIL_PRESTIGE, 415.0
44, 9, Policies, POLICY_EQUESTRIAN_ORDERS, 37.0
44, 9, Policies, POLICY_DRILL_MANUALS, 33.0
44, 9, Policies, POLICY_SIEGE, 8.0
44, 9, Policies, POLICY_HARD_SHELL_EXPLOSIVES, 8.0
44, 10, Civic, CIVIC_MILITARY_TRAINING, 108.3, 12
44, 10, Civic, CIVIC_THEOLOGY, 174.7, 1
44, 10, Civic, CIVIC_NAVAL_TRADITION, 55.9, 26
44, 10, Civic, CIVIC_FEUDALISM, 120.6, 1
44, 10, Civic, CIVIC_CIVIL_SERVICE, 240.7, 1
44, 10, Civic, CIVIC_MERCENARIES, 228.9, 53
44, 10, Civic, CIVIC_MEDIEVAL_FAIRES, 120.6, 51
44, 10, Civic, CIVIC_GUILDS, 491.0, 3
44, 10, Civic, CIVIC_DIVINE_RIGHT, 536.4, 42
44, 10, Civic, CIVIC_EXPLORATION, 228.9, 155
44, 10, Civic, CIVIC_HUMANISM, 491.0, 124
44, 10, Civic, CIVIC_DIPLOMATIC_SERVICE, 491.0, 74
44, 10, Civic, CIVIC_REFORMED_CHURCH, 786.7, 96
44, 10, Policies, POLICY_GOD_KING, 21.0
44, 10, Policies, POLICY_URBAN_PLANNING, 14.0
44, 10, Policies, POLICY_CARAVANSARIES, 14.0
44, 10, Policies, POLICY_CONSCRIPTION, 44.0
44, 10, Policies, POLICY_CHARISMATIC_LEADER, 14.0
44, 10, Policies, POLICY_LIMES, 20.0
44, 10, Policies, POLICY_RETAINERS, 77.0
44, 10, Policies, POLICY_PRAETORIUM, 23.0
44, 10, Policies, POLICY_CIVIL_PRESTIGE, 126.0
44, 10, Policies, POLICY_SOVEREIGN_STATE, 90.0
44, 12, Civic, CIVIC_MILITARY_TRAINING, 138.5, 11
44, 12, Civic, CIVIC_NAVAL_TRADITION, 61.4, 24
44, 12, Civic, CIVIC_CIVIL_SERVICE, 210.7, 1
44, 12, Civic, CIVIC_MERCENARIES, 168.6, 49
44, 12, Civic, CIVIC_MEDIEVAL_FAIRES, 23.7, 46
44, 12, Civic, CIVIC_GUILDS, 346.4, 2
44, 12, Civic, CIVIC_DIVINE_RIGHT, 344.8, 39
44, 12, Civic, CIVIC_EXPLORATION, 192.3, 143
44, 12, Civic, CIVIC_HUMANISM, 370.1, 114
44, 12, Civic, CIVIC_DIPLOMATIC_SERVICE, 346.4, 68
44, 12, Civic, CIVIC_REFORMED_CHURCH, 480.6, 88
44, 12, Policies, POLICY_URBAN_PLANNING, 14.0
44, 12, Policies, POLICY_CARAVANSARIES, 14.0
44, 12, Policies, POLICY_CONSCRIPTION, 36.0
44, 12, Policies, POLICY_INSULAE, 14.0
44, 12, Policies, POLICY_CHARISMATIC_LEADER, 14.0
44, 12, Policies, POLICY_BASTIONS, 6.0
44, 12, Policies, POLICY_LIMES, 20.0
44, 12, Policies, POLICY_NATURAL_PHILOSOPHY, 28.0
44, 12, Policies, POLICY_TRADE_CONFEDERATION, 28.0
44, 12, Policies, POLICY_PRAETORIUM, 23.0
44, 12, Policies, POLICY_CIVIL_PRESTIGE, 100.0
44, 12, Policies, POLICY_EQUESTRIAN_ORDERS, 48.0
44, 12, Policies, POLICY_SOVEREIGN_STATE, 90.0
44, 13, Civic, CIVIC_MILITARY_TRAINING, 108.3, 12
44, 13, Civic, CIVIC_THEOLOGY, 174.7, 1
44, 13, Civic, CIVIC_NAVAL_TRADITION, 63.9, 26
44, 13, Civic, CIVIC_FEUDALISM, 120.6, 1
44, 13, Civic, CIVIC_CIVIL_SERVICE, 210.7, 1
44, 13, Civic, CIVIC_MERCENARIES, 228.9, 53
44, 13, Civic, CIVIC_MEDIEVAL_FAIRES, 120.6, 51
44, 13, Civic, CIVIC_GUILDS, 461.0, 3
44, 13, Civic, CIVIC_DIVINE_RIGHT, 526.5, 42
44, 13, Civic, CIVIC_EXPLORATION, 228.9, 155
44, 13, Civic, CIVIC_HUMANISM, 461.0, 124
44, 13, Civic, CIVIC_DIPLOMATIC_SERVICE, 461.0, 74
44, 13, Civic, CIVIC_REFORMED_CHURCH, 776.8, 96
44, 13, Policies, POLICY_GOD_KING, 21.0
44, 13, Policies, POLICY_URBAN_PLANNING, 14.0
44, 13, Policies, POLICY_CARAVANSARIES, 14.0
44, 13, Policies, POLICY_CONSCRIPTION, 29.0
44, 13, Policies, POLICY_INSULAE, 29.0
44, 13, Policies, POLICY_CHARISMATIC_LEADER, 14.0
44, 13, Policies, POLICY_BASTIONS, 6.0
44, 13, Policies, POLICY_LIMES, 22.0
44, 13, Policies, POLICY_NAVAL_INFRASTRUCTURE, 28.0
44, 13, Policies, POLICY_RETAINERS, 75.0
44, 13, Policies, POLICY_PRAETORIUM, 14.0
44, 13, Policies, POLICY_CIVIL_PRESTIGE, 104.0
44, 13, Policies, POLICY_SOVEREIGN_STATE, 90.0
44, 14, Civic, CIVIC_MILITARY_TRAINING, 108.3, 12
44, 14, Civic, CIVIC_THEOLOGY, 168.4, 2
44, 14, Civic, CIVIC_NAVAL_TRADITION, 63.9, 26
44, 14, Civic, CIVIC_CIVIL_SERVICE, 210.7, 1
44, 14, Civic, CIVIC_MERCENARIES, 108.3, 52
44, 14, Civic, CIVIC_MEDIEVAL_FAIRES, 0.0, 50
44, 14, Civic, CIVIC_GUILDS, 346.4, 2
44, 14, Civic, CIVIC_DIVINE_RIGHT, 487.7, 43
44, 14, Civic, CIVIC_EXPLORATION, 108.3, 154
44, 14, Civic, CIVIC_HUMANISM, 346.4, 123
44, 14, Civic, CIVIC_DIPLOMATIC_SERVICE, 346.4, 73
44, 14, Civic, CIVIC_REFORMED_CHURCH, 623.5, 96
44, 14, Policies, POLICY_GOD_KING, 21.0
44, 14, Policies, POLICY_URBAN_PLANNING, 14.0
44, 14, Policies, POLICY_CARAVANSARIES, 29.0
44, 14, Policies, POLICY_CONSCRIPTION, 29.0
44, 14, Policies, POLICY_INSULAE, 30.0
44, 14, Policies, POLICY_CHARISMATIC_LEADER, 14.0
44, 14, Policies, POLICY_LIMES, 20.0
44, 14, Policies, POLICY_NAVAL_INFRASTRUCTURE, 28.0
44, 14, Policies, POLICY_FEUDAL_CONTRACT, 1.0
44, 14, Policies, POLICY_RETAINERS, 14.0
44, 14, Policies, POLICY_TOWN_CHARTERS, 21.0
44, 14, Policies, POLICY_PRAETORIUM, 23.0
44, 14, Policies, POLICY_CIVIL_PRESTIGE, 44.0
44, 14, Policies, POLICY_SOVEREIGN_STATE, 90.0
44, 15, Civic, CIVIC_MILITARY_TRAINING, 144.3, 12
44, 15, Civic, CIVIC_THEOLOGY, 168.4, 2
44, 15, Civic, CIVIC_NAVAL_TRADITION, 57.9, 25
44, 15, Civic, CIVIC_CIVIL_SERVICE, 210.7, 1
44, 15, Civic, CIVIC_MERCENARIES, 144.3, 50
44, 15, Civic, CIVIC_MEDIEVAL_FAIRES, 23.6, 47
44, 15, Civic, CIVIC_GUILDS, 346.4, 2
44, 15, Civic, CIVIC_DIVINE_RIGHT, 493.1, 41
44, 15, Civic, CIVIC_EXPLORATION, 167.9, 146
44, 15, Civic, CIVIC_HUMANISM, 370.1, 116
44, 15, Civic, CIVIC_DIPLOMATIC_SERVICE, 346.4, 69
44, 15, Civic, CIVIC_REFORMED_CHURCH, 628.9, 91
44, 15, Policies, POLICY_GOD_KING, 21.0
44, 15, Policies, POLICY_URBAN_PLANNING, 14.0
44, 15, Policies, POLICY_CARAVANSARIES, 14.0
44, 15, Policies, POLICY_CONSCRIPTION, 44.0
44, 15, Policies, POLICY_CHARISMATIC_LEADER, 14.0
44, 15, Policies, POLICY_BASTIONS, 6.0
44, 15, Policies, POLICY_LIMES, 21.0
44, 15, Policies, POLICY_PRAETORIUM, 29.0
44, 15, Policies, POLICY_CIVIL_PRESTIGE, 57.0
44, 15, Policies, POLICY_EQUESTRIAN_ORDERS, 56.0
44, 15, Policies, POLICY_SOVEREIGN_STATE, 90.0
44, 16, Civic, CIVIC_MILITARY_TRAINING, 117.4, 13
44, 16, Civic, CIVIC_THEOLOGY, 160.9, 3
44, 16, Civic, CIVIC_NAVAL_TRADITION, 51.8, 28
44, 16, Civic, CIVIC_CIVIL_SERVICE, 266.7, 1
44, 16, Civic, CIVIC_MERCENARIES, 117.4, 55
44, 16, Civic, CIVIC_MEDIEVAL_FAIRES, 0.0, 52
44, 16, Civic, CIVIC_GUILDS, 402.4, 2
44, 16, Civic, CIVIC_DIVINE_RIGHT, 618.5, 46
44, 16, Civic, CIVIC_EXPLORATION, 117.4, 162
44, 16, Civic, CIVIC_HUMANISM, 402.4, 129
44, 16, Civic, CIVIC_DIPLOMATIC_SERVICE, 402.4, 77
44, 16, Civic, CIVIC_REFORMED_CHURCH, 754.2, 102
44, 16, Policies, POLICY_GOD_KING, 21.0
44, 16, Policies, POLICY_URBAN_PLANNING, 14.0
44, 16, Policies, POLICY_CARAVANSARIES, 14.0
44, 16, Policies, POLICY_CONSCRIPTION, 22.0
44, 16, Policies, POLICY_CHARISMATIC_LEADER, 14.0
44, 16, Policies, POLICY_BASTIONS, 6.0
44, 16, Policies, POLICY_LIMES, 21.0
44, 16, Policies, POLICY_PRAETORIUM, 29.0
44, 16, Policies, POLICY_CIVIL_PRESTIGE, 146.0
44, 16, Policies, POLICY_EQUESTRIAN_ORDERS, 37.0
44, 16, Policies, POLICY_SOVEREIGN_STATE, 90.0
44, 17, Civic, CIVIC_MILITARY_TRAINING, 126.9, 14
44, 17, Civic, CIVIC_THEOLOGY, 160.9, 3
44, 17, Civic, CIVIC_NAVAL_TRADITION, 50.7, 29
44, 17, Civic, CIVIC_CIVIL_SERVICE, 210.7, 1
44, 17, Civic, CIVIC_MERCENARIES, 126.9, 59
44, 17, Civic, CIVIC_MEDIEVAL_FAIRES, 0.0, 55
44, 17, Civic, CIVIC_GUILDS, 346.4, 2
44, 17, Civic, CIVIC_DIVINE_RIGHT, 494.7, 49
44, 17, Civic, CIVIC_EXPLORATION, 126.9, 172
44, 17, Civic, CIVIC_HUMANISM, 346.4, 136
44, 17, Civic, CIVIC_DIPLOMATIC_SERVICE, 346.4, 81
44, 17, Civic, CIVIC_REFORMED_CHURCH, 630.5, 108
44, 17, Policies, POLICY_GOD_KING, 21.0
44, 17, Policies, POLICY_URBAN_PLANNING, 14.0
44, 17, Policies, POLICY_CARAVANSARIES, 14.0
44, 17, Policies, POLICY_CONSCRIPTION, 36.0
44, 17, Policies, POLICY_CHARISMATIC_LEADER, 14.0
44, 17, Policies, POLICY_BASTIONS, 6.0
44, 17, Policies, POLICY_PRAETORIUM, 26.0
44, 17, Policies, POLICY_CIVIL_PRESTIGE, 87.0
44, 17, Policies, POLICY_EQUESTRIAN_ORDERS, 48.0
44, 17, Policies, POLICY_SOVEREIGN_STATE, 90.0
44, 20, Civic, CIVIC_MILITARY_TRAINING, 120.1, 9
44, 20, Civic, CIVIC_NAVAL_TRADITION, 66.4, 21
44, 20, Civic, CIVIC_CIVIL_SERVICE, 228.7, 1
44, 20, Civic, CIVIC_MERCENARIES, 158.2, 42
44, 20, Civic, CIVIC_MEDIEVAL_FAIRES, 29.5, 41
44, 20, Civic, CIVIC_GUILDS, 364.4, 2
44, 20, Civic, CIVIC_DIVINE_RIGHT, 357.7, 34
44, 20, Civic, CIVIC_EXPLORATION, 187.7, 126
44, 20, Civic, CIVIC_HUMANISM, 394.0, 102
44, 20, Civic, CIVIC_DIPLOMATIC_SERVICE, 364.4, 61
44, 20, Civic, CIVIC_REFORMED_CHURCH, 493.5, 78
44, 20, Policies, POLICY_URBAN_PLANNING, 14.0
44, 20, Policies, POLICY_CARAVANSARIES, 14.0
44, 20, Policies, POLICY_CONSCRIPTION, 36.0
44, 20, Policies, POLICY_CHARISMATIC_LEADER, 14.0
44, 20, Policies, POLICY_LIMES, 33.0
44, 20, Policies, POLICY_RETAINERS, 75.0
44, 20, Policies, POLICY_TRADE_CONFEDERATION, 28.0
44, 20, Policies, POLICY_PRAETORIUM, 20.0
44, 20, Policies, POLICY_CIVIL_PRESTIGE, 124.0
44, 20, Policies, POLICY_SOVEREIGN_STATE, 90.0
44, 21, Civic, CIVIC_MILITARY_TRAINING, 141.9, 14
44, 21, Civic, CIVIC_THEOLOGY, 160.9, 3
44, 21, Civic, CIVIC_NAVAL_TRADITION, 50.7, 29
44, 21, Civic, CIVIC_CIVIL_SERVICE, 247.7, 1
44, 21, Civic, CIVIC_MERCENARIES, 171.9, 42
44, 21, Civic, CIVIC_MEDIEVAL_FAIRES, 0.0, 55
44, 21, Civic, CIVIC_GUILDS, 383.4, 2
44, 21, Civic, CIVIC_DIVINE_RIGHT, 563.1, 49
44, 21, Civic, CIVIC_EXPLORATION, 171.9, 155
44, 21, Civic, CIVIC_HUMANISM, 383.4, 136
44, 21, Civic, CIVIC_DIPLOMATIC_SERVICE, 383.4, 81
44, 21, Civic, CIVIC_REFORMED_CHURCH, 698.8, 108
44, 21, Policies, POLICY_GOD_KING, 21.0
44, 21, Policies, POLICY_URBAN_PLANNING, 14.0
44, 21, Policies, POLICY_CARAVANSARIES, 14.0
44, 21, Policies, POLICY_CONSCRIPTION, 51.0
44, 21, Policies, POLICY_CHARISMATIC_LEADER, 14.0
44, 21, Policies, POLICY_BASTIONS, 6.0
44, 21, Policies, POLICY_LIMES, 12.0
44, 21, Policies, POLICY_TRADE_CONFEDERATION, 28.0
44, 21, Policies, POLICY_PRAETORIUM, 26.0
44, 21, Policies, POLICY_CIVIL_PRESTIGE, 134.0
44, 21, Policies, POLICY_EQUESTRIAN_ORDERS, 63.0
44, 21, Policies, POLICY_SOVEREIGN_STATE, 90.0
44, 62, Civic, CIVIC_MILITARY_TRADITION, 58.1, 20
44, 62, Civic, CIVIC_STATE_WORKFORCE, 56.5, 28
44, 62, Civic, CIVIC_MYSTICISM, 92.3, 20
44, 62, Civic, CIVIC_GAMES_RECREATION, 56.5, 83
44, 62, Civic, CIVIC_POLITICAL_PHILOSOPHY, 56.5, 83
44, 62, Civic, CIVIC_DRAMA_POETRY, 0.0, 55
44, 62, Civic, CIVIC_MILITARY_TRAINING, 114.6, 163
44, 62, Civic, CIVIC_DEFENSIVE_TACTICS, 56.5, 225
44, 62, Civic, CIVIC_RECORDED_HISTORY, 56.5, 225
44, 62, Civic, CIVIC_THEOLOGY, 92.3, 135
44, 62, Policies, POLICY_CARAVANSARIES, 14.0
44, 0, Civic, CIVIC_MYSTICISM, 280.3, 1
44, 0, Civic, CIVIC_MILITARY_TRAINING, 1908.7, 1
44, 0, Civic, CIVIC_THEOLOGY, 448.7, 2
44, 0, Civic, CIVIC_NAVAL_TRADITION, 133.5, 3
44, 0, Civic, CIVIC_MERCENARIES, 2147.6, 4
44, 0, Civic, CIVIC_MEDIEVAL_FAIRES, 4318540.5, 4
44, 0, Civic, CIVIC_GUILDS, 4760059.5, 1
44, 0, Civic, CIVIC_DIVINE_RIGHT, 1086.3, 5
44, 0, Civic, CIVIC_EXPLORATION, 4321570.5, 14
44, 0, Civic, CIVIC_HUMANISM, -7698498.0, 13
44, 0, Civic, CIVIC_DIPLOMATIC_SERVICE, 4760477.5, 6
44, 0, Civic, CIVIC_MERCANTILISM, -7698294.0, 22
44, 0, Civic, CIVIC_THE_ENLIGHTENMENT, -7697955.5, 27
44, 0, Policies, POLICY_SURVEY, 15.0
44, 0, Policies, POLICY_GOD_KING, 21.0
44, 0, Policies, POLICY_URBAN_PLANNING, 147.0
44, 0, Policies, POLICY_CARAVANSARIES, 68.0
44, 0, Policies, POLICY_CONSCRIPTION, 36.0
44, 0, Policies, POLICY_LAND_SURVEYORS, 185.0
44, 0, Policies, POLICY_COLONIZATION, 92.0
44, 0, Policies, POLICY_INSPIRATION, 25.0
44, 0, Policies, POLICY_INSULAE, 335.0
44, 0, Policies, POLICY_CHARISMATIC_LEADER, 14.0
44, 0, Policies, POLICY_DIPLOMATIC_LEAGUE, 225.0
44, 0, Policies, POLICY_LITERARY_TRADITION, 15.0
44, 0, Policies, POLICY_RAID, 1876.0
44, 0, Policies, POLICY_LIMES, 839.0
44, 0, Policies, POLICY_NATURAL_PHILOSOPHY, 166.0
44, 0, Policies, POLICY_NAVAL_INFRASTRUCTURE, 18.0
44, 0, Policies, POLICY_NAVIGATION, 15.0
44, 0, Policies, POLICY_RETAINERS, 14.0
44, 0, Policies, POLICY_TRADE_CONFEDERATION, 133.0
44, 0, Policies, POLICY_MERCHANT_CONFEDERATION, 45.0
44, 0, Policies, POLICY_TOWN_CHARTERS, 112.0
44, 0, Policies, POLICY_TRAVELING_MERCHANTS, 28.0
44, 0, Policies, POLICY_CHIVALRY, 12.0
44, 0, Policies, POLICY_COLONIAL_OFFICES, 424.0
44, 0, Policies, POLICY_INVENTION, 37.0
44, 0, Policies, POLICY_FRESCOES, 15.0
44, 0, Policies, POLICY_LOGISTICS, 46.0
44, 0, Policies, POLICY_TRIANGULAR_TRADE, 166.0
44, 0, Policies, POLICY_RATIONALISM, 162.0
44, 0, Policies, POLICY_FREE_MARKET, 100.0
44, 0, Policies, POLICY_LIBERALISM, 84.0
44, 0, Policies, POLICY_PRAETORIUM, 598.0
44, 0, Policies, POLICY_CIVIL_PRESTIGE, 469.0
44, 0, Policies, POLICY_EQUESTRIAN_ORDERS, 15.0
44, 1, Civic, CIVIC_MYSTICISM, 295.4, 1
44, 1, Civic, CIVIC_MILITARY_TRAINING, 1606.7, 1
44, 1, Civic, CIVIC_THEOLOGY, 463.8, 2
44, 1, Civic, CIVIC_NAVAL_TRADITION, 144.6, 1
44, 1, Civic, CIVIC_MERCENARIES, 1749.1, 2
44, 1, Civic, CIVIC_DIVINE_RIGHT, 1042.7, 3
44, 1, Civic, CIVIC_EXPLORATION, 2248.4, 3
44, 1, Civic, CIVIC_HUMANISM, 160.8, 1
44, 1, Civic, CIVIC_DIPLOMATIC_SERVICE, 532.6, 1
44, 1, Civic, CIVIC_MERCANTILISM, 362.5, 2
44, 1, Civic, CIVIC_THE_ENLIGHTENMENT, 879.8, 3
44, 1, Civic, CIVIC_COLONIALISM, 880.5, 4
44, 1, Civic, CIVIC_CIVIL_ENGINEERING, 362.5, 5
44, 1, Civic, CIVIC_NATIONALISM, 879.8, 6
44, 1, Civic, CIVIC_OPERA_BALLET, 1041.0, 5
44, 1, Policies, POLICY_SURVEY, 7.0
44, 1, Policies, POLICY_GOD_KING, 23.0
44, 1, Policies, POLICY_URBAN_PLANNING, 132.0
44, 1, Policies, POLICY_CARAVANSARIES, 102.0
44, 1, Policies, POLICY_CONSCRIPTION, 7.0
44, 1, Policies, POLICY_LAND_SURVEYORS, 148.0
44, 1, Policies, POLICY_COLONIZATION, 76.0
44, 1, Policies, POLICY_INSPIRATION, 31.0
44, 1, Policies, POLICY_CHARISMATIC_LEADER, 14.0
44, 1, Policies, POLICY_DIPLOMATIC_LEAGUE, 225.0
44, 1, Policies, POLICY_LITERARY_TRADITION, 31.0
44, 1, Policies, POLICY_RAID, 1697.0
44, 1, Policies, POLICY_LIMES, 495.0
44, 1, Policies, POLICY_NATURAL_PHILOSOPHY, 177.0
44, 1, Policies, POLICY_NAVIGATION, 47.0
44, 1, Policies, POLICY_RETAINERS, 28.0
44, 1, Policies, POLICY_TRADE_CONFEDERATION, 195.0
44, 1, Policies, POLICY_MERCHANT_CONFEDERATION, 133.0
44, 1, Policies, POLICY_TOWN_CHARTERS, 171.0
44, 1, Policies, POLICY_TRAVELING_MERCHANTS, 37.0
44, 1, Policies, POLICY_COLONIAL_OFFICES, 536.0
44, 1, Policies, POLICY_INVENTION, 47.0
44, 1, Policies, POLICY_FRESCOES, 31.0
44, 1, Policies, POLICY_LOGISTICS, 11.0
44, 1, Policies, POLICY_TRIANGULAR_TRADE, 274.0
44, 1, Policies, POLICY_RATIONALISM, 279.0
44, 1, Policies, POLICY_FREE_MARKET, 130.0
44, 1, Policies, POLICY_LIBERALISM, 70.0
44, 1, Policies, POLICY_COLONIAL_TAXES, 623.0
44, 1, Policies, POLICY_SYMPHONIES, 62.0
44, 1, Policies, POLICY_PRAETORIUM, 730.0
44, 1, Policies, POLICY_CIVIL_PRESTIGE, 408.0
44, 1, Policies, POLICY_EQUESTRIAN_ORDERS, 100.0
44, 2, Civic, CIVIC_MILITARY_TRAINING, 2627.5, 1
44, 2, Civic, CIVIC_NAVAL_TRADITION, 162.5, 2
44, 2, Civic, CIVIC_MERCENARIES, 2019.1, 3
44, 2, Civic, CIVIC_MEDIEVAL_FAIRES, 0.0, 2
44, 2, Civic, CIVIC_EXPLORATION, 2724.0, 9
44, 2, Civic, CIVIC_HUMANISM, 129.8, 8
44, 2, Civic, CIVIC_DIPLOMATIC_SERVICE, 485.7, 3
44, 2, Civic, CIVIC_REFORMED_CHURCH, 1095.4, 4
44, 2, Civic, CIVIC_MERCANTILISM, 387.5, 15
44, 2, Civic, CIVIC_THE_ENLIGHTENMENT, 811.8, 18
44, 2, Policies, POLICY_SURVEY, 37.0
44, 2, Policies, POLICY_URBAN_PLANNING, 126.0
44, 2, Policies, POLICY_CARAVANSARIES, 61.0
44, 2, Policies, POLICY_CONSCRIPTION, 14.0
44, 2, Policies, POLICY_LAND_SURVEYORS, 262.5
44, 2, Policies, POLICY_COLONIZATION, 82.0
44, 2, Policies, POLICY_INSPIRATION, 19.0
44, 2, Policies, POLICY_INSULAE, 172.0
44, 2, Policies, POLICY_CHARISMATIC_LEADER, 14.0
44, 2, Policies, POLICY_DIPLOMATIC_LEAGUE, 337.0
44, 2, Policies, POLICY_LITERARY_TRADITION, 15.0
44, 2, Policies, POLICY_RAID, 1697.0
44, 2, Policies, POLICY_LIMES, 926.0
44, 2, Policies, POLICY_NATURAL_PHILOSOPHY, 79.0
44, 2, Policies, POLICY_SCRIPTURE, 306.0
44, 2, Policies, POLICY_NAVAL_INFRASTRUCTURE, 11.0
44, 2, Policies, POLICY_NAVIGATION, 31.0
44, 2, Policies, POLICY_RETAINERS, 14.0
44, 2, Policies, POLICY_PROFESSIONAL_ARMY, 11.0
44, 2, Policies, POLICY_TRADE_CONFEDERATION, 155.0
44, 2, Policies, POLICY_TOWN_CHARTERS, 80.0
44, 2, Policies, POLICY_TRAVELING_MERCHANTS, 18.0
44, 2, Policies, POLICY_CHIVALRY, 11.0
44, 2, Policies, POLICY_COLONIAL_OFFICES, 301.0
44, 2, Policies, POLICY_INVENTION, 31.0
44, 2, Policies, POLICY_FRESCOES, 15.0
44, 2, Policies, POLICY_RELIGIOUS_ORDERS, 20.0
44, 2, Policies, POLICY_SIMULTANEUM, 586.0
44, 2, Policies, POLICY_LOGISTICS, 21.0
44, 2, Policies, POLICY_TRIANGULAR_TRADE, 198.0
44, 2, Policies, POLICY_RATIONALISM, 174.0
44, 2, Policies, POLICY_FREE_MARKET, 45.0
44, 2, Policies, POLICY_LIBERALISM, 42.0
44, 2, Policies, POLICY_PRAETORIUM, 392.0
44, 2, Policies, POLICY_CIVIL_PRESTIGE, 323.0
44, 3, Civic, CIVIC_MILITARY_TRAINING, 2251.7, 1
44, 3, Civic, CIVIC_NAVAL_TRADITION, 144.6, 1
44, 3, Civic, CIVIC_MERCENARIES, 2617.1, 2
44, 3, Civic, CIVIC_MEDIEVAL_FAIRES, 5065.7, 1
44, 3, Civic, CIVIC_GUILDS, 7598.5, 1
44, 3, Civic, CIVIC_DIVINE_RIGHT, 724.1, 1
44, 3, Civic, CIVIC_EXPLORATION, 8543.1, 6
44, 3, Civic, CIVIC_HUMANISM, 10271.6, 6
44, 3, Civic, CIVIC_DIPLOMATIC_SERVICE, 5551.3, 3
44, 3, Civic, CIVIC_REFORMED_CHURCH, 8031.6, 4
44, 3, Civic, CIVIC_MERCANTILISM, 10373.7, 9
44, 3, Civic, CIVIC_THE_ENLIGHTENMENT, 10830.5, 14
44, 3, Policies, POLICY_SURVEY, 37.0
44, 3, Policies, POLICY_URBAN_PLANNING, 144.0
44, 3, Policies, POLICY_CARAVANSARIES, 163.0
44, 3, Policies, POLICY_LAND_SURVEYORS, 197.0
44, 3, Policies, POLICY_COLONIZATION, 158.0
44, 3, Policies, POLICY_INSPIRATION, 15.0
44, 3, Policies, POLICY_INSULAE, 409.0
44, 3, Policies, POLICY_CHARISMATIC_LEADER, 14.0
44, 3, Policies, POLICY_DIPLOMATIC_LEAGUE, 225.0
44, 3, Policies, POLICY_LITERARY_TRADITION, 15.0
44, 3, Policies, POLICY_RAID, 2242.0
44, 3, Policies, POLICY_LIMES, 244.0
44, 3, Policies, POLICY_NATURAL_PHILOSOPHY, 39.0
44, 3, Policies, POLICY_SCRIPTURE, 1337.0
44, 3, Policies, POLICY_NAVIGATION, 15.0
44, 3, Policies, POLICY_TRADE_CONFEDERATION, 251.0
44, 3, Policies, POLICY_MERCHANT_CONFEDERATION, 122.0
44, 3, Policies, POLICY_TOWN_CHARTERS, 108.0
44, 3, Policies, POLICY_TRAVELING_MERCHANTS, 21.0
44, 3, Policies, POLICY_COLONIAL_OFFICES, 271.0
44, 3, Policies, POLICY_INVENTION, 31.0
44, 3, Policies, POLICY_FRESCOES, 15.0
44, 3, Policies, POLICY_RELIGIOUS_ORDERS, 10.0
44, 3, Policies, POLICY_SIMULTANEUM, 2019.0
44, 3, Policies, POLICY_LOGISTICS, 2.0
44, 3, Policies, POLICY_TRIANGULAR_TRADE, 476.0
44, 3, Policies, POLICY_FREE_MARKET, 180.0
44, 3, Policies, POLICY_LIBERALISM, 379.0
44, 3, Policies, POLICY_PRAETORIUM, 357.0
44, 3, Policies, POLICY_CIVIL_PRESTIGE, 893.0
44, 3, Policies, POLICY_EQUESTRIAN_ORDERS, 10.0
44, 4, Civic, CIVIC_NAVAL_TRADITION, 156.6, 1
44, 4, Civic, CIVIC_MEDIEVAL_FAIRES, 8624.7, 1
44, 4, Civic, CIVIC_EXPLORATION, 9585.5, 2
44, 4, Civic, CIVIC_HUMANISM, 8795.8, 3
44, 4, Civic, CIVIC_DIPLOMATIC_SERVICE, 532.6, 1
44, 4, Civic, CIVIC_REFORMED_CHURCH, 521.0, 1
44, 4, Civic, CIVIC_MERCANTILISM, 8950.0, 5
44, 4, Civic, CIVIC_THE_ENLIGHTENMENT, 9643.1, 5
44, 4, Policies, POLICY_SURVEY, 23.0
44, 4, Policies, POLICY_URBAN_PLANNING, 168.0
44, 4, Policies, POLICY_CARAVANSARIES, 68.0
44, 4, Policies, POLICY_CONSCRIPTION, 36.0
44, 4, Policies, POLICY_LAND_SURVEYORS, 295.0
44, 4, Policies, POLICY_COLONIZATION, 143.0
44, 4, Policies, POLICY_INSPIRATION, 24.0
44, 4, Policies, POLICY_INSULAE, 371.0
44, 4, Policies, POLICY_CHARISMATIC_LEADER, 14.0
44, 4, Policies, POLICY_DIPLOMATIC_LEAGUE, 337.0
44, 4, Policies, POLICY_LITERARY_TRADITION, 15.0
44, 4, Policies, POLICY_RAID, 1876.0
44, 4, Policies, POLICY_LIMES, 1059.0
44, 4, Policies, POLICY_NATURAL_PHILOSOPHY, 240.0
44, 4, Policies, POLICY_NAVIGATION, 15.0
44, 4, Policies, POLICY_RETAINERS, 42.0
44, 4, Policies, POLICY_PROFESSIONAL_ARMY, 32.0
44, 4, Policies, POLICY_TRADE_CONFEDERATION, 158.0
44, 4, Policies, POLICY_MERCHANT_CONFEDERATION, 193.0
44, 4, Policies, POLICY_AESTHETICS, 88.0
44, 4, Policies, POLICY_CRAFTSMEN, 49.0
44, 4, Policies, POLICY_TOWN_CHARTERS, 94.0
44, 4, Policies, POLICY_TRAVELING_MERCHANTS, 21.0
44, 4, Policies, POLICY_COLONIAL_OFFICES, 496.0
44, 4, Policies, POLICY_INVENTION, 43.0
44, 4, Policies, POLICY_FRESCOES, 15.0
44, 4, Policies, POLICY_RELIGIOUS_ORDERS, 62.0
44, 4, Policies, POLICY_LOGISTICS, 70.0
44, 4, Policies, POLICY_TRIANGULAR_TRADE, 166.0
44, 4, Policies, POLICY_RATIONALISM, 342.0
44, 4, Policies, POLICY_FREE_MARKET, 94.0
44, 4, Policies, POLICY_LIBERALISM, 70.0
44, 4, Policies, POLICY_PRAETORIUM, 735.0
44, 4, Policies, POLICY_CIVIL_PRESTIGE, 595.0
44, 4, Policies, POLICY_DRILL_MANUALS, 20.0
44, 2, Civic, CIVIC_MILITARY_TRAINING, 2627.5, 1
44, 2, Civic, CIVIC_NAVAL_TRADITION, 162.5, 2
44, 2, Civic, CIVIC_MERCENARIES, 2019.1, 3
44, 2, Civic, CIVIC_MEDIEVAL_FAIRES, 0.0, 2
44, 2, Civic, CIVIC_EXPLORATION, 2724.0, 9
44, 2, Civic, CIVIC_HUMANISM, 129.8, 8
44, 2, Civic, CIVIC_DIPLOMATIC_SERVICE, 485.7, 3
44, 2, Civic, CIVIC_REFORMED_CHURCH, 1095.4, 4
44, 2, Civic, CIVIC_MERCANTILISM, 387.5, 15
44, 2, Civic, CIVIC_THE_ENLIGHTENMENT, 811.8, 18
44, 2, Policies, POLICY_SURVEY, 37.0
44, 2, Policies, POLICY_URBAN_PLANNING, 126.0
44, 2, Policies, POLICY_CARAVANSARIES, 61.0
44, 2, Policies, POLICY_CONSCRIPTION, 14.0
44, 2, Policies, POLICY_LAND_SURVEYORS, 262.5
44, 2, Policies, POLICY_COLONIZATION, 82.0
44, 2, Policies, POLICY_INSPIRATION, 19.0
44, 2, Policies, POLICY_INSULAE, 172.0
44, 2, Policies, POLICY_CHARISMATIC_LEADER, 14.0
44, 2, Policies, POLICY_DIPLOMATIC_LEAGUE, 337.0
44, 2, Policies, POLICY_LITERARY_TRADITION, 15.0
44, 2, Policies, POLICY_RAID, 1697.0
44, 2, Policies, POLICY_LIMES, 926.0
44, 2, Policies, POLICY_NATURAL_PHILOSOPHY, 79.0
44, 2, Policies, POLICY_SCRIPTURE, 306.0
44, 2, Policies, POLICY_NAVAL_INFRASTRUCTURE, 11.0
44, 2, Policies, POLICY_NAVIGATION, 31.0
44, 2, Policies, POLICY_RETAINERS, 14.0
44, 2, Policies, POLICY_PROFESSIONAL_ARMY, 11.0
44, 2, Policies, POLICY_TRADE_CONFEDERATION, 155.0
44, 2, Policies, POLICY_TOWN_CHARTERS, 80.0
44, 2, Policies, POLICY_TRAVELING_MERCHANTS, 18.0
44, 2, Policies, POLICY_CHIVALRY, 11.0
44, 2, Policies, POLICY_COLONIAL_OFFICES, 301.0
44, 2, Policies, POLICY_INVENTION, 31.0
44, 2, Policies, POLICY_FRESCOES, 15.0
44, 2, Policies, POLICY_RELIGIOUS_ORDERS, 20.0
44, 2, Policies, POLICY_SIMULTANEUM, 586.0
44, 2, Policies, POLICY_LOGISTICS, 21.0
44, 2, Policies, POLICY_TRIANGULAR_TRADE, 198.0
44, 2, Policies, POLICY_RATIONALISM, 174.0
44, 2, Policies, POLICY_FREE_MARKET, 45.0
44, 2, Policies, POLICY_LIBERALISM, 42.0
44, 2, Policies, POLICY_PRAETORIUM, 392.0
44, 2, Policies, POLICY_CIVIL_PRESTIGE, 323.0
44, 1, Civic, CIVIC_MYSTICISM, 295.4, 1
44, 1, Civic, CIVIC_MILITARY_TRAINING, 1606.7, 1
44, 1, Civic, CIVIC_THEOLOGY, 463.8, 2
44, 1, Civic, CIVIC_NAVAL_TRADITION, 144.6, 1
44, 1, Civic, CIVIC_MERCENARIES, 1749.1, 2
44, 1, Civic, CIVIC_DIVINE_RIGHT, 1042.7, 3
44, 1, Civic, CIVIC_EXPLORATION, 2248.4, 3
44, 1, Civic, CIVIC_HUMANISM, 160.8, 1
44, 1, Civic, CIVIC_DIPLOMATIC_SERVICE, 532.6, 1
44, 1, Civic, CIVIC_MERCANTILISM, 362.5, 2
44, 1, Civic, CIVIC_THE_ENLIGHTENMENT, 879.8, 3
44, 1, Civic, CIVIC_COLONIALISM, 880.5, 4
44, 1, Civic, CIVIC_CIVIL_ENGINEERING, 362.5, 5
44, 1, Civic, CIVIC_NATIONALISM, 879.8, 6
44, 1, Civic, CIVIC_OPERA_BALLET, 1041.0, 5
44, 1, Policies, POLICY_SURVEY, 7.0
44, 1, Policies, POLICY_GOD_KING, 23.0
44, 1, Policies, POLICY_URBAN_PLANNING, 132.0
44, 1, Policies, POLICY_CARAVANSARIES, 102.0
44, 1, Policies, POLICY_CONSCRIPTION, 7.0
44, 1, Policies, POLICY_LAND_SURVEYORS, 148.0
44, 1, Policies, POLICY_COLONIZATION, 76.0
44, 1, Policies, POLICY_INSPIRATION, 31.0
44, 1, Policies, POLICY_CHARISMATIC_LEADER, 14.0
44, 1, Policies, POLICY_DIPLOMATIC_LEAGUE, 225.0
44, 1, Policies, POLICY_LITERARY_TRADITION, 31.0
44, 1, Policies, POLICY_RAID, 1697.0
44, 1, Policies, POLICY_LIMES, 495.0
44, 1, Policies, POLICY_NATURAL_PHILOSOPHY, 177.0
44, 1, Policies, POLICY_NAVIGATION, 47.0
44, 1, Policies, POLICY_RETAINERS, 28.0
44, 1, Policies, POLICY_TRADE_CONFEDERATION, 195.0
44, 1, Policies, POLICY_MERCHANT_CONFEDERATION, 133.0
44, 1, Policies, POLICY_TOWN_CHARTERS, 171.0
44, 1, Policies, POLICY_TRAVELING_MERCHANTS, 37.0
44, 1, Policies, POLICY_COLONIAL_OFFICES, 536.0
44, 1, Policies, POLICY_INVENTION, 47.0
44, 1, Policies, POLICY_FRESCOES, 31.0
44, 1, Policies, POLICY_LOGISTICS, 11.0
44, 1, Policies, POLICY_TRIANGULAR_TRADE, 274.0
44, 1, Policies, POLICY_RATIONALISM, 279.0
44, 1, Policies, POLICY_FREE_MARKET, 130.0
44, 1, Policies, POLICY_LIBERALISM, 70.0
44, 1, Policies, POLICY_COLONIAL_TAXES, 623.0
44, 1, Policies, POLICY_SYMPHONIES, 62.0
44, 1, Policies, POLICY_PRAETORIUM, 730.0
44, 1, Policies, POLICY_CIVIL_PRESTIGE, 408.0
44, 1, Policies, POLICY_EQUESTRIAN_ORDERS, 100.0
44, 2, Civic, CIVIC_MILITARY_TRAINING, 2627.5, 1
44, 2, Civic, CIVIC_NAVAL_TRADITION, 162.5, 2
44, 2, Civic, CIVIC_MERCENARIES, 2019.1, 3
44, 2, Civic, CIVIC_MEDIEVAL_FAIRES, 0.0, 2
44, 2, Civic, CIVIC_EXPLORATION, 2724.0, 9
44, 2, Civic, CIVIC_HUMANISM, 129.8, 8
44, 2, Civic, CIVIC_DIPLOMATIC_SERVICE, 485.7, 3
44, 2, Civic, CIVIC_REFORMED_CHURCH, 1095.4, 4
44, 2, Civic, CIVIC_MERCANTILISM, 387.5, 15
44, 2, Civic, CIVIC_THE_ENLIGHTENMENT, 811.8, 18
44, 2, Policies, POLICY_SURVEY, 37.0
44, 2, Policies, POLICY_URBAN_PLANNING, 126.0
44, 2, Policies, POLICY_CARAVANSARIES, 61.0
44, 2, Policies, POLICY_CONSCRIPTION, 14.0
44, 2, Policies, POLICY_LAND_SURVEYORS, 262.5
44, 2, Policies, POLICY_COLONIZATION, 82.0
44, 2, Policies, POLICY_INSPIRATION, 19.0
44, 2, Policies, POLICY_INSULAE, 172.0
44, 2, Policies, POLICY_CHARISMATIC_LEADER, 14.0
44, 2, Policies, POLICY_DIPLOMATIC_LEAGUE, 337.0
44, 2, Policies, POLICY_LITERARY_TRADITION, 15.0
44, 2, Policies, POLICY_RAID, 1697.0
44, 2, Policies, POLICY_LIMES, 926.0
44, 2, Policies, POLICY_NATURAL_PHILOSOPHY, 79.0
44, 2, Policies, POLICY_SCRIPTURE, 306.0
44, 2, Policies, POLICY_NAVAL_INFRASTRUCTURE, 11.0
44, 2, Policies, POLICY_NAVIGATION, 31.0
44, 2, Policies, POLICY_RETAINERS, 14.0
44, 2, Policies, POLICY_PROFESSIONAL_ARMY, 11.0
44, 2, Policies, POLICY_TRADE_CONFEDERATION, 155.0
44, 2, Policies, POLICY_TOWN_CHARTERS, 80.0
44, 2, Policies, POLICY_TRAVELING_MERCHANTS, 18.0
44, 2, Policies, POLICY_CHIVALRY, 11.0
44, 2, Policies, POLICY_COLONIAL_OFFICES, 301.0
44, 2, Policies, POLICY_INVENTION, 31.0
44, 2, Policies, POLICY_FRESCOES, 15.0
44, 2, Policies, POLICY_RELIGIOUS_ORDERS, 20.0
44, 2, Policies, POLICY_SIMULTANEUM, 586.0
44, 2, Policies, POLICY_LOGISTICS, 21.0
44, 2, Policies, POLICY_TRIANGULAR_TRADE, 198.0
44, 2, Policies, POLICY_RATIONALISM, 174.0
44, 2, Policies, POLICY_FREE_MARKET, 45.0
44, 2, Policies, POLICY_LIBERALISM, 42.0
44, 2, Policies, POLICY_PRAETORIUM, 392.0
44, 2, Policies, POLICY_CIVIL_PRESTIGE, 323.0
44, 0, Civic, CIVIC_MYSTICISM, 280.3, 1
44, 0, Civic, CIVIC_MILITARY_TRAINING, 1908.7, 1
44, 0, Civic, CIVIC_THEOLOGY, 448.7, 2
44, 0, Civic, CIVIC_NAVAL_TRADITION, 133.5, 3
44, 0, Civic, CIVIC_MERCENARIES, 2147.6, 4
44, 0, Civic, CIVIC_MEDIEVAL_FAIRES, 4318540.5, 4
44, 0, Civic, CIVIC_GUILDS, 4760059.5, 1
44, 0, Civic, CIVIC_DIVINE_RIGHT, 1086.3, 5
44, 0, Civic, CIVIC_EXPLORATION, 4321570.5, 14
44, 0, Civic, CIVIC_HUMANISM, -7698498.0, 13
44, 0, Civic, CIVIC_DIPLOMATIC_SERVICE, 4760477.5, 6
44, 0, Civic, CIVIC_MERCANTILISM, -7698294.0, 22
44, 0, Civic, CIVIC_THE_ENLIGHTENMENT, -7697955.5, 27
44, 0, Policies, POLICY_SURVEY, 15.0
44, 0, Policies, POLICY_GOD_KING, 21.0
44, 0, Policies, POLICY_URBAN_PLANNING, 147.0
44, 0, Policies, POLICY_CARAVANSARIES, 68.0
44, 0, Policies, POLICY_CONSCRIPTION, 36.0
44, 0, Policies, POLICY_LAND_SURVEYORS, 185.0
44, 0, Policies, POLICY_COLONIZATION, 92.0
44, 0, Policies, POLICY_INSPIRATION, 25.0
44, 0, Policies, POLICY_INSULAE, 335.0
44, 0, Policies, POLICY_CHARISMATIC_LEADER, 14.0
44, 0, Policies, POLICY_DIPLOMATIC_LEAGUE, 225.0
44, 0, Policies, POLICY_LITERARY_TRADITION, 15.0
44, 0, Policies, POLICY_RAID, 1876.0
44, 0, Policies, POLICY_LIMES, 839.0
44, 0, Policies, POLICY_NATURAL_PHILOSOPHY, 166.0
44, 0, Policies, POLICY_NAVAL_INFRASTRUCTURE, 18.0
44, 0, Policies, POLICY_NAVIGATION, 15.0
44, 0, Policies, POLICY_RETAINERS, 14.0
44, 0, Policies, POLICY_TRADE_CONFEDERATION, 133.0
44, 0, Policies, POLICY_MERCHANT_CONFEDERATION, 45.0
44, 0, Policies, POLICY_TOWN_CHARTERS, 112.0
44, 0, Policies, POLICY_TRAVELING_MERCHANTS, 28.0
44, 0, Policies, POLICY_CHIVALRY, 12.0
44, 0, Policies, POLICY_COLONIAL_OFFICES, 424.0
44, 0, Policies, POLICY_INVENTION, 37.0
44, 0, Policies, POLICY_FRESCOES, 15.0
44, 0, Policies, POLICY_LOGISTICS, 46.0
44, 0, Policies, POLICY_TRIANGULAR_TRADE, 166.0
44, 0, Policies, POLICY_RATIONALISM, 162.0
44, 0, Policies, POLICY_FREE_MARKET, 100.0
44, 0, Policies, POLICY_LIBERALISM, 84.0
44, 0, Policies, POLICY_PRAETORIUM, 598.0
44, 0, Policies, POLICY_CIVIL_PRESTIGE, 469.0
44, 0, Policies, POLICY_EQUESTRIAN_ORDERS, 15.0
45, 5, Completed Civic, CIVIC_CIVIL_SERVICE
45, 5, Slot Policy, POLICY_CIVIL_PRESTIGE, 1076
45, 5, Slot Policy, POLICY_INSULAE, 350
45, 5, Slot Policy, POLICY_PRAETORIUM, 1855
45, 5, Slot Policy, POLICY_LIMES, 471
45, 5, Slot Policy, POLICY_URBAN_PLANNING, 168
45, 5, Civic, CIVIC_MILITARY_TRAINING, 1331.7, 1
45, 5, Civic, CIVIC_THEOLOGY, 1730.7, 1
45, 5, Civic, CIVIC_NAVAL_TRADITION, 139.5, 2
45, 5, Civic, CIVIC_MERCENARIES, 1455.3, 5
45, 5, Civic, CIVIC_MEDIEVAL_FAIRES, 0.0, 5
45, 5, Civic, CIVIC_GUILDS, 0.0, 5
45, 5, Civic, CIVIC_DIVINE_RIGHT, 1283.8, 7
45, 5, Civic, CIVIC_EXPLORATION, 2966.1, 18
45, 5, Civic, CIVIC_HUMANISM, 68.2, 21
45, 5, Civic, CIVIC_DIPLOMATIC_SERVICE, 327.3, 12
45, 5, Civic, CIVIC_REFORMED_CHURCH, 2119.2, 20
45, 5, Civic, CIVIC_MERCANTILISM, 106.4, 34
45, 5, Civic, CIVIC_THE_ENLIGHTENMENT, 423.5, 41
45, 5, Policies, POLICY_SURVEY, 36.0
45, 5, Policies, POLICY_GOD_KING, 6.0
45, 5, Policies, POLICY_URBAN_PLANNING, 168.0
45, 5, Policies, POLICY_CARAVANSARIES, 45.0
45, 5, Policies, POLICY_CONSCRIPTION, 184.0
45, 5, Policies, POLICY_LAND_SURVEYORS, 10.5
45, 5, Policies, POLICY_COLONIZATION, 56.0
45, 5, Policies, POLICY_INSPIRATION, 25.0
45, 5, Policies, POLICY_INSULAE, 463.0
45, 5, Policies, POLICY_CHARISMATIC_LEADER, 14.0
45, 5, Policies, POLICY_DIPLOMATIC_LEAGUE, 225.0
45, 5, Policies, POLICY_LITERARY_TRADITION, 15.0
45, 5, Policies, POLICY_RAID, 1510.0
45, 5, Policies, POLICY_BASTIONS, 42.0
45, 5, Policies, POLICY_LIMES, 669.0
45, 5, Policies, POLICY_NATURAL_PHILOSOPHY, 156.0
45, 5, Policies, POLICY_SCRIPTURE, 102.0
45, 5, Policies, POLICY_NAVIGATION, 47.0
45, 5, Policies, POLICY_FEUDAL_CONTRACT, 62.0
45, 5, Policies, POLICY_RETAINERS, 14.0
45, 5, Policies, POLICY_PROFESSIONAL_ARMY, 77.0
45, 5, Policies, POLICY_TRADE_CONFEDERATION, 88.0
45, 5, Policies, POLICY_CHIVALRY, 19.0
45, 5, Policies, POLICY_COLONIAL_OFFICES, 1119.0
45, 5, Policies, POLICY_INVENTION, 64.0
45, 5, Policies, POLICY_FRESCOES, 15.0
45, 5, Policies, POLICY_WARS_OF_RELIGION, 10.0
45, 5, Policies, POLICY_RELIGIOUS_ORDERS, 261.0
45, 5, Policies, POLICY_LOGISTICS, 386.0
45, 5, Policies, POLICY_TRIANGULAR_TRADE, 82.0
45, 5, Policies, POLICY_RATIONALISM, 189.0
45, 5, Policies, POLICY_FREE_MARKET, 50.0
45, 5, Policies, POLICY_LIBERALISM, 172.0
45, 5, Policies, POLICY_PRAETORIUM, 1950.0
45, 5, Policies, POLICY_CIVIL_PRESTIGE, 1204.0
45, 5, Policies, POLICY_EQUESTRIAN_ORDERS, 89.0
45, 5, Policies, POLICY_DRILL_MANUALS, 56.0
45, 5, Policies, POLICY_SIEGE, 12.0
45, 6, Civic, CIVIC_NAVAL_TRADITION, 133.5, 3
45, 6, Civic, CIVIC_MERCENARIES, 133.5, 3
45, 6, Civic, CIVIC_MEDIEVAL_FAIRES, 125731.8, 3
45, 6, Civic, CIVIC_DIVINE_RIGHT, 1088.4, 1
45, 6, Civic, CIVIC_EXPLORATION, 127126.9, 11
45, 6, Civic, CIVIC_HUMANISM, 188771.3, 9
45, 6, Civic, CIVIC_DIPLOMATIC_SERVICE, 462.7, 4
45, 6, Civic, CIVIC_REFORMED_CHURCH, 1981.5, 4
45, 6, Civic, CIVIC_MERCANTILISM, 126024.4, 14
45, 6, Civic, CIVIC_THE_ENLIGHTENMENT, 126372.5, 18
45, 6, Policies, POLICY_SURVEY, 72.0
45, 6, Policies, POLICY_URBAN_PLANNING, 147.0
45, 6, Policies, POLICY_CARAVANSARIES, 45.0
45, 6, Policies, POLICY_CONSCRIPTION, 198.0
45, 6, Policies, POLICY_LAND_SURVEYORS, 262.5
45, 6, Policies, POLICY_COLONIZATION, 92.0
45, 6, Policies, POLICY_INSPIRATION, 40.0
45, 6, Policies, POLICY_INSULAE, 382.0
45, 6, Policies, POLICY_CHARISMATIC_LEADER, 14.0
45, 6, Policies, POLICY_DIPLOMATIC_LEAGUE, 225.0
45, 6, Policies, POLICY_LITERARY_TRADITION, 31.0
45, 6, Policies, POLICY_RAID, 1510.0
45, 6, Policies, POLICY_BASTIONS, 36.0
45, 6, Policies, POLICY_LIMES, 314.0
45, 6, Policies, POLICY_NATURAL_PHILOSOPHY, 76.0
45, 6, Policies, POLICY_SCRIPTURE, 116.0
45, 6, Policies, POLICY_NAVIGATION, 31.0
45, 6, Policies, POLICY_FEUDAL_CONTRACT, 19.0
45, 6, Policies, POLICY_RETAINERS, 163.0
45, 6, Policies, POLICY_PROFESSIONAL_ARMY, 10.0
45, 6, Policies, POLICY_TRADE_CONFEDERATION, 89.0
45, 6, Policies, POLICY_AESTHETICS, 29.0
45, 6, Policies, POLICY_TOWN_CHARTERS, 36.0
45, 6, Policies, POLICY_TRAVELING_MERCHANTS, 29.0
45, 6, Policies, POLICY_COLONIAL_OFFICES, 928.0
45, 6, Policies, POLICY_INVENTION, 53.0
45, 6, Policies, POLICY_FRESCOES, 31.0
45, 6, Policies, POLICY_WARS_OF_RELIGION, 10.0
45, 6, Policies, POLICY_RELIGIOUS_ORDERS, 271.0
45, 6, Policies, POLICY_SIMULTANEUM, 221.0
45, 6, Policies, POLICY_LOGISTICS, 312.0
45, 6, Policies, POLICY_TRIANGULAR_TRADE, 124.0
45, 6, Policies, POLICY_RATIONALISM, 125.0
45, 6, Policies, POLICY_FREE_MARKET, 50.0
45, 6, Policies, POLICY_LIBERALISM, 163.0
45, 6, Policies, POLICY_PRAETORIUM, 1473.0
45, 6, Policies, POLICY_CIVIL_PRESTIGE, 858.0
45, 6, Policies, POLICY_EQUESTRIAN_ORDERS, 48.0
45, 7, Completed Civic, CIVIC_DIPLOMATIC_SERVICE
45, 7, Slot Policy, POLICY_RETAINERS, 316
45, 7, Slot Policy, POLICY_CONSCRIPTION, 191
45, 7, Slot Policy, POLICY_CIVIL_PRESTIGE, 920
45, 7, Slot Policy, POLICY_PRAETORIUM, 1368
45, 7, Slot Policy, POLICY_LIMES, 214
45, 7, Slot Policy, POLICY_URBAN_PLANNING, 105
45, 7, Civic, CIVIC_MYSTICISM, 295.4, 1
45, 7, Civic, CIVIC_MILITARY_TRAINING, 1394.7, 1
45, 7, Civic, CIVIC_THEOLOGY, 2714.8, 2
45, 7, Civic, CIVIC_NAVAL_TRADITION, 144.6, 1
45, 7, Civic, CIVIC_MERCENARIES, 1537.1, 2
45, 7, Civic, CIVIC_DIVINE_RIGHT, 1337.5, 3
45, 7, Civic, CIVIC_EXPLORATION, 2875.4, 4
45, 7, Civic, CIVIC_HUMANISM, 2137.6, 2
45, 7, Civic, CIVIC_MERCANTILISM, 658.8, 5
45, 7, Civic, CIVIC_THE_ENLIGHTENMENT, 673.0, 5
45, 7, Civic, CIVIC_COLONIALISM, 1280.5, 10
45, 7, Civic, CIVIC_CIVIL_ENGINEERING, 2635155.8, 12
45, 7, Civic, CIVIC_NATIONALISM, 2635751.3, 12
45, 7, Civic, CIVIC_OPERA_BALLET, 765.0, 10
45, 7, Policies, POLICY_SURVEY, 77.0
45, 7, Policies, POLICY_GOD_KING, 21.0
45, 7, Policies, POLICY_URBAN_PLANNING, 126.0
45, 7, Policies, POLICY_CARAVANSARIES, 22.0
45, 7, Policies, POLICY_CONSCRIPTION, 191.0
45, 7, Policies, POLICY_LAND_SURVEYORS, 47.0
45, 7, Policies, POLICY_COLONIZATION, 33.0
45, 7, Policies, POLICY_INSPIRATION, 28.0
45, 7, Policies, POLICY_CHARISMATIC_LEADER, 14.0
45, 7, Policies, POLICY_DIPLOMATIC_LEAGUE, 225.0
45, 7, Policies, POLICY_LITERARY_TRADITION, 47.0
45, 7, Policies, POLICY_RAID, 1510.0
45, 7, Policies, POLICY_BASTIONS, 30.0
45, 7, Policies, POLICY_LIMES, 470.0
45, 7, Policies, POLICY_NATURAL_PHILOSOPHY, 118.0
45, 7, Policies, POLICY_SCRIPTURE, 160.0
45, 7, Policies, POLICY_NAVIGATION, 31.0
45, 7, Policies, POLICY_RETAINERS, 296.0
45, 7, Policies, POLICY_PROFESSIONAL_ARMY, 118.0
45, 7, Policies, POLICY_TRADE_CONFEDERATION, 50.0
45, 7, Policies, POLICY_AESTHETICS, 43.0
45, 7, Policies, POLICY_TRAVELING_MERCHANTS, 29.0
45, 7, Policies, POLICY_COLONIAL_OFFICES, 947.0
45, 7, Policies, POLICY_INVENTION, 53.0
45, 7, Policies, POLICY_FRESCOES, 47.0
45, 7, Policies, POLICY_MACHIAVELLIANISM, 48.0
45, 7, Policies, POLICY_LOGISTICS, 304.0
45, 7, Policies, POLICY_TRIANGULAR_TRADE, 55.0
45, 7, Policies, POLICY_RATIONALISM, 136.0
45, 7, Policies, POLICY_LIBERALISM, 296.0
45, 7, Policies, POLICY_COLONIAL_TAXES, 969.0
45, 7, Policies, POLICY_SYMPHONIES, 94.0
45, 7, Policies, POLICY_PRAETORIUM, 1589.0
45, 7, Policies, POLICY_CIVIL_PRESTIGE, 794.0
45, 7, Policies, POLICY_EQUESTRIAN_ORDERS, 75.0
45, 7, Policies, POLICY_EMPIRICAL_METHOD, 87.0
45, 8, Completed Civic, CIVIC_MILITARY_TRAINING
45, 8, Slot Policy, POLICY_RAID, 1355
45, 8, Slot Policy, POLICY_RETAINERS, 271
45, 8, Slot Policy, POLICY_CIVIL_PRESTIGE, 1090
45, 8, Slot Policy, POLICY_PRAETORIUM, 1821
45, 8, Slot Policy, POLICY_LAND_SURVEYORS, 150
45, 8, Civic, CIVIC_MYSTICISM, 280.4, 1
45, 8, Civic, CIVIC_THEOLOGY, 15742.6, 2
45, 8, Civic, CIVIC_NAVAL_TRADITION, 144.6, 1
45, 8, Civic, CIVIC_MERCENARIES, 144.6, 1
45, 8, Civic, CIVIC_DIVINE_RIGHT, 1568.3, 3
45, 8, Civic, CIVIC_EXPLORATION, 1692.4, 4
45, 8, Civic, CIVIC_HUMANISM, 140.0, 5
45, 8, Civic, CIVIC_DIPLOMATIC_SERVICE, 511.1, 2
45, 8, Civic, CIVIC_MERCANTILISM, 548.5, 11
45, 8, Civic, CIVIC_THE_ENLIGHTENMENT, 1227.8, 13
45, 8, Civic, CIVIC_COLONIALISM, 1591.8, 17
45, 8, Civic, CIVIC_CIVIL_ENGINEERING, 1694671.1, 19
45, 8, Civic, CIVIC_NATIONALISM, 1585291.3, 21
45, 8, Civic, CIVIC_OPERA_BALLET, 1325.4, 19
45, 8, Policies, POLICY_SURVEY, 21.0
45, 8, Policies, POLICY_GOD_KING, 32.0
45, 8, Policies, POLICY_URBAN_PLANNING, 126.0
45, 8, Policies, POLICY_CARAVANSARIES, 22.0
45, 8, Policies, POLICY_CONSCRIPTION, 279.0
45, 8, Policies, POLICY_LAND_SURVEYORS, 128.0
45, 8, Policies, POLICY_COLONIZATION, 72.0
45, 8, Policies, POLICY_INSPIRATION, 20.0
45, 8, Policies, POLICY_CHARISMATIC_LEADER, 14.0
45, 8, Policies, POLICY_DIPLOMATIC_LEAGUE, 225.0
45, 8, Policies, POLICY_LITERARY_TRADITION, 15.0
45, 8, Policies, POLICY_RAID, 1510.0
45, 8, Policies, POLICY_BASTIONS, 30.0
45, 8, Policies, POLICY_LIMES, 374.0
45, 8, Policies, POLICY_NATURAL_PHILOSOPHY, 73.0
45, 8, Policies, POLICY_SCRIPTURE, 351.0
45, 8, Policies, POLICY_NAVIGATION, 15.0
45, 8, Policies, POLICY_FEUDAL_CONTRACT, 170.0
45, 8, Policies, POLICY_RETAINERS, 273.0
45, 8, Policies, POLICY_PROFESSIONAL_ARMY, 45.0
45, 8, Policies, POLICY_TRADE_CONFEDERATION, 44.0
45, 8, Policies, POLICY_CRAFTSMEN, 64.0
45, 8, Policies, POLICY_TRAVELING_MERCHANTS, 21.0
45, 8, Policies, POLICY_COLONIAL_OFFICES, 1038.0
45, 8, Policies, POLICY_INVENTION, 64.0
45, 8, Policies, POLICY_FRESCOES, 15.0
45, 8, Policies, POLICY_LOGISTICS, 519.0
45, 8, Policies, POLICY_TRIANGULAR_TRADE, 66.0
45, 8, Policies, POLICY_LIBERALISM, 593.0
45, 8, Policies, POLICY_COLONIAL_TAXES, 1104.0
45, 8, Policies, POLICY_GRANDE_ARMEE, 170.0
45, 8, Policies, POLICY_SYMPHONIES, 31.0
45, 8, Policies, POLICY_PRAETORIUM, 1790.0
45, 8, Policies, POLICY_CIVIL_PRESTIGE, 922.0
45, 8, Policies, POLICY_DRILL_MANUALS, 11.0
45, 8, Policies, POLICY_HARD_SHELL_EXPLOSIVES, 32.0
45, 8, Policies, POLICY_EMPIRICAL_METHOD, 43.0
45, 8, Policies, POLICY_MASTER_ARTISANS, 44.0
45, 9, Completed Civic, CIVIC_MILITARY_TRADITION
45, 9, Slot Policy, POLICY_LIMES, 239
45, 9, Slot Policy, POLICY_CONSCRIPTION, 287
45, 9, Slot Policy, POLICY_CIVIL_PRESTIGE, 415
45, 9, Slot Policy, POLICY_PRAETORIUM, 1661
45, 9, Slot Policy, POLICY_URBAN_PLANNING, 126
45, 9, Civic, CIVIC_MYSTICISM, 275.3, 1
45, 9, Civic, CIVIC_MILITARY_TRAINING, 1548.7, 1
45, 9, Civic, CIVIC_THEOLOGY, 1626.7, 2
45, 9, Civic, CIVIC_NAVAL_TRADITION, 144.6, 1
45, 9, Civic, CIVIC_MERCENARIES, 1682.1, 3
45, 9, Civic, CIVIC_MEDIEVAL_FAIRES, 96637.8, 3
45, 9, Civic, CIVIC_DIVINE_RIGHT, 1408.6, 4
45, 9, Civic, CIVIC_EXPLORATION, 98952.3, 11
45, 9, Civic, CIVIC_HUMANISM, 96764.2, 7
45, 9, Civic, CIVIC_DIPLOMATIC_SERVICE, 462.7, 4
45, 9, Civic, CIVIC_MERCANTILISM, 97253.5, 16
45, 9, Civic, CIVIC_THE_ENLIGHTENMENT, 97292.9, 16
45, 9, Policies, POLICY_SURVEY, 21.0
45, 9, Policies, POLICY_GOD_KING, 14.0
45, 9, Policies, POLICY_URBAN_PLANNING, 126.0
45, 9, Policies, POLICY_CARAVANSARIES, 25.0
45, 9, Policies, POLICY_CONSCRIPTION, 287.0
45, 9, Policies, POLICY_LAND_SURVEYORS, 70.0
45, 9, Policies, POLICY_COLONIZATION, 69.0
45, 9, Policies, POLICY_INSPIRATION, 25.0
45, 9, Policies, POLICY_INSULAE, 141.0
45, 9, Policies, POLICY_CHARISMATIC_LEADER, 14.0
45, 9, Policies, POLICY_DIPLOMATIC_LEAGUE, 225.0
45, 9, Policies, POLICY_LITERARY_TRADITION, 15.0
45, 9, Policies, POLICY_RAID, 1704.0
45, 9, Policies, POLICY_BASTIONS, 36.0
45, 9, Policies, POLICY_LIMES, 101.0
45, 9, Policies, POLICY_NATURAL_PHILOSOPHY, 108.0
45, 9, Policies, POLICY_SCRIPTURE, 102.0
45, 9, Policies, POLICY_NAVIGATION, 15.0
45, 9, Policies, POLICY_FEUDAL_CONTRACT, 44.0
45, 9, Policies, POLICY_RETAINERS, 178.0
45, 9, Policies, POLICY_PROFESSIONAL_ARMY, 9.0
45, 9, Policies, POLICY_TRADE_CONFEDERATION, 42.0
45, 9, Policies, POLICY_AESTHETICS, 14.0
45, 9, Policies, POLICY_CRAFTSMEN, 71.0
45, 9, Policies, POLICY_TRAVELING_MERCHANTS, 21.0
45, 9, Policies, POLICY_CHIVALRY, 28.0
45, 9, Policies, POLICY_COLONIAL_OFFICES, 968.0
45, 9, Policies, POLICY_INVENTION, 64.0
45, 9, Policies, POLICY_FRESCOES, 15.0
45, 9, Policies, POLICY_LOGISTICS, 577.0
45, 9, Policies, POLICY_TRIANGULAR_TRADE, 53.0
45, 9, Policies, POLICY_LIBERALISM, 192.0
45, 9, Policies, POLICY_PRAETORIUM, 1721.0
45, 9, Policies, POLICY_CIVIL_PRESTIGE, 563.0
45, 9, Policies, POLICY_EQUESTRIAN_ORDERS, 30.0
45, 9, Policies, POLICY_DRILL_MANUALS, 52.0
45, 9, Policies, POLICY_SIEGE, 9.0
45, 9, Policies, POLICY_HARD_SHELL_EXPLOSIVES, 9.0
45, 10, Civic, CIVIC_MILITARY_TRAINING, 108.3, 12
45, 10, Civic, CIVIC_NAVAL_TRADITION, 55.9, 26
45, 10, Civic, CIVIC_FEUDALISM, 120.6, 1
45, 10, Civic, CIVIC_CIVIL_SERVICE, 246.7, 1
45, 10, Civic, CIVIC_MERCENARIES, 228.9, 53
45, 10, Civic, CIVIC_MEDIEVAL_FAIRES, 120.6, 50
45, 10, Civic, CIVIC_GUILDS, 497.0, 3
45, 10, Civic, CIVIC_DIVINE_RIGHT, 367.7, 41
45, 10, Civic, CIVIC_EXPLORATION, 228.9, 154
45, 10, Civic, CIVIC_HUMANISM, 497.0, 122
45, 10, Civic, CIVIC_DIPLOMATIC_SERVICE, 497.0, 73
45, 10, Civic, CIVIC_REFORMED_CHURCH, 618.0, 95
45, 10, Policies, POLICY_URBAN_PLANNING, 14.0
45, 10, Policies, POLICY_CARAVANSARIES, 14.0
45, 10, Policies, POLICY_CONSCRIPTION, 44.0
45, 10, Policies, POLICY_CHARISMATIC_LEADER, 14.0
45, 10, Policies, POLICY_BASTIONS, 6.0
45, 10, Policies, POLICY_LIMES, 20.0
45, 10, Policies, POLICY_RETAINERS, 77.0
45, 10, Policies, POLICY_PRAETORIUM, 23.0
45, 10, Policies, POLICY_CIVIL_PRESTIGE, 129.0
45, 10, Policies, POLICY_SOVEREIGN_STATE, 90.0
45, 12, Civic, CIVIC_MILITARY_TRAINING, 144.3, 10
45, 12, Civic, CIVIC_NAVAL_TRADITION, 63.4, 22
45, 12, Civic, CIVIC_MERCENARIES, 179.5, 45
45, 12, Civic, CIVIC_MEDIEVAL_FAIRES, 26.1, 43
45, 12, Civic, CIVIC_GUILDS, 140.7, 1
45, 12, Civic, CIVIC_DIVINE_RIGHT, 121.7, 35
45, 12, Civic, CIVIC_EXPLORATION, 205.6, 133
45, 12, Civic, CIVIC_HUMANISM, 166.7, 106
45, 12, Civic, CIVIC_DIPLOMATIC_SERVICE, 140.7, 63
45, 12, Civic, CIVIC_REFORMED_CHURCH, 262.4, 81
45, 12, Civic, CIVIC_MERCANTILISM, 166.7, 180
45, 12, Civic, CIVIC_THE_ENLIGHTENMENT, 166.7, 242
45, 12, Policies, POLICY_URBAN_PLANNING, 14.0
45, 12, Policies, POLICY_CARAVANSARIES, 14.0
45, 12, Policies, POLICY_CONSCRIPTION, 36.0
45, 12, Policies, POLICY_CHARISMATIC_LEADER, 14.0
45, 12, Policies, POLICY_BASTIONS, 6.0
45, 12, Policies, POLICY_LIMES, 21.0
45, 12, Policies, POLICY_NATURAL_PHILOSOPHY, 28.0
45, 12, Policies, POLICY_TRADE_CONFEDERATION, 28.0
45, 12, Policies, POLICY_PRAETORIUM, 29.0
45, 12, Policies, POLICY_CIVIL_PRESTIGE, 14.0
45, 12, Policies, POLICY_EQUESTRIAN_ORDERS, 48.0
45, 12, Policies, POLICY_SOVEREIGN_STATE, 90.0
45, 13, Civic, CIVIC_MILITARY_TRAINING, 108.3, 12
45, 13, Civic, CIVIC_NAVAL_TRADITION, 63.9, 26
45, 13, Civic, CIVIC_FEUDALISM, 120.6, 1
45, 13, Civic, CIVIC_CIVIL_SERVICE, 224.7, 1
45, 13, Civic, CIVIC_MERCENARIES, 228.9, 53
45, 13, Civic, CIVIC_MEDIEVAL_FAIRES, 120.6, 50
45, 13, Civic, CIVIC_GUILDS, 475.0, 3
45, 13, Civic, CIVIC_DIVINE_RIGHT, 369.4, 41
45, 13, Civic, CIVIC_EXPLORATION, 228.9, 154
45, 13, Civic, CIVIC_HUMANISM, 475.0, 122
45, 13, Civic, CIVIC_DIPLOMATIC_SERVICE, 475.0, 73
45, 13, Civic, CIVIC_REFORMED_CHURCH, 619.7, 95
45, 13, Policies, POLICY_URBAN_PLANNING, 14.0
45, 13, Policies, POLICY_CARAVANSARIES, 14.0
45, 13, Policies, POLICY_CONSCRIPTION, 29.0
45, 13, Policies, POLICY_INSULAE, 27.0
45, 13, Policies, POLICY_CHARISMATIC_LEADER, 14.0
45, 13, Policies, POLICY_BASTIONS, 6.0
45, 13, Policies, POLICY_LIMES, 22.0
45, 13, Policies, POLICY_NAVAL_INFRASTRUCTURE, 28.0
45, 13, Policies, POLICY_RETAINERS, 75.0
45, 13, Policies, POLICY_PRAETORIUM, 14.0
45, 13, Policies, POLICY_CIVIL_PRESTIGE, 102.0
45, 13, Policies, POLICY_SOVEREIGN_STATE, 90.0
45, 14, Civic, CIVIC_MILITARY_TRAINING, 108.3, 12
45, 14, Civic, CIVIC_THEOLOGY, 174.7, 1
45, 14, Civic, CIVIC_NAVAL_TRADITION, 63.9, 26
45, 14, Civic, CIVIC_CIVIL_SERVICE, 210.7, 1
45, 14, Civic, CIVIC_MERCENARIES, 108.3, 52
45, 14, Civic, CIVIC_MEDIEVAL_FAIRES, 0.0, 50
45, 14, Civic, CIVIC_GUILDS, 347.4, 2
45, 14, Civic, CIVIC_DIVINE_RIGHT, 495.5, 42
45, 14, Civic, CIVIC_EXPLORATION, 108.3, 154
45, 14, Civic, CIVIC_HUMANISM, 347.4, 123
45, 14, Civic, CIVIC_DIPLOMATIC_SERVICE, 347.4, 73
45, 14, Civic, CIVIC_REFORMED_CHURCH, 632.2, 95
45, 14, Policies, POLICY_GOD_KING, 21.0
45, 14, Policies, POLICY_URBAN_PLANNING, 14.0
45, 14, Policies, POLICY_CARAVANSARIES, 29.0
45, 14, Policies, POLICY_CONSCRIPTION, 29.0
45, 14, Policies, POLICY_INSULAE, 37.0
45, 14, Policies, POLICY_CHARISMATIC_LEADER, 14.0
45, 14, Policies, POLICY_BASTIONS, 6.0
45, 14, Policies, POLICY_LIMES, 12.0
45, 14, Policies, POLICY_NAVAL_INFRASTRUCTURE, 28.0
45, 14, Policies, POLICY_FEUDAL_CONTRACT, 1.0
45, 14, Policies, POLICY_RETAINERS, 14.0
45, 14, Policies, POLICY_TOWN_CHARTERS, 21.0
45, 14, Policies, POLICY_PRAETORIUM, 26.0
45, 14, Policies, POLICY_CIVIL_PRESTIGE, 51.0
45, 14, Policies, POLICY_SOVEREIGN_STATE, 90.0
45, 15, Civic, CIVIC_MILITARY_TRAINING, 144.3, 12
45, 15, Civic, CIVIC_THEOLOGY, 174.7, 1
45, 15, Civic, CIVIC_NAVAL_TRADITION, 57.9, 25
45, 15, Civic, CIVIC_CIVIL_SERVICE, 210.7, 1
45, 15, Civic, CIVIC_MERCENARIES, 144.3, 50
45, 15, Civic, CIVIC_MEDIEVAL_FAIRES, 23.6, 47
45, 15, Civic, CIVIC_GUILDS, 346.4, 2
45, 15, Civic, CIVIC_DIVINE_RIGHT, 543.8, 40
45, 15, Civic, CIVIC_EXPLORATION, 167.9, 146
45, 15, Civic, CIVIC_HUMANISM, 370.1, 116
45, 15, Civic, CIVIC_DIPLOMATIC_SERVICE, 346.4, 69
45, 15, Civic, CIVIC_REFORMED_CHURCH, 679.5, 90
45, 15, Policies, POLICY_GOD_KING, 21.0
45, 15, Policies, POLICY_URBAN_PLANNING, 14.0
45, 15, Policies, POLICY_CARAVANSARIES, 14.0
45, 15, Policies, POLICY_CONSCRIPTION, 44.0
45, 15, Policies, POLICY_CHARISMATIC_LEADER, 14.0
45, 15, Policies, POLICY_BASTIONS, 6.0
45, 15, Policies, POLICY_LIMES, 21.0
45, 15, Policies, POLICY_PRAETORIUM, 29.0
45, 15, Policies, POLICY_CIVIL_PRESTIGE, 58.0
45, 15, Policies, POLICY_EQUESTRIAN_ORDERS, 18.0
45, 15, Policies, POLICY_SOVEREIGN_STATE, 90.0
45, 16, Civic, CIVIC_MILITARY_TRAINING, 117.4, 13
45, 16, Civic, CIVIC_THEOLOGY, 168.4, 2
45, 16, Civic, CIVIC_NAVAL_TRADITION, 51.8, 28
45, 16, Civic, CIVIC_CIVIL_SERVICE, 266.7, 1
45, 16, Civic, CIVIC_MERCENARIES, 117.4, 55
45, 16, Civic, CIVIC_MEDIEVAL_FAIRES, 0.0, 52
45, 16, Civic, CIVIC_GUILDS, 402.4, 2
45, 16, Civic, CIVIC_DIVINE_RIGHT, 624.2, 45
45, 16, Civic, CIVIC_EXPLORATION, 117.4, 162
45, 16, Civic, CIVIC_HUMANISM, 402.4, 129
45, 16, Civic, CIVIC_DIPLOMATIC_SERVICE, 402.4, 77
45, 16, Civic, CIVIC_REFORMED_CHURCH, 759.9, 101
45, 16, Policies, POLICY_GOD_KING, 21.0
45, 16, Policies, POLICY_URBAN_PLANNING, 14.0
45, 16, Policies, POLICY_CARAVANSARIES, 14.0
45, 16, Policies, POLICY_CONSCRIPTION, 22.0
45, 16, Policies, POLICY_CHARISMATIC_LEADER, 14.0
45, 16, Policies, POLICY_BASTIONS, 6.0
45, 16, Policies, POLICY_LIMES, 21.0
45, 16, Policies, POLICY_FEUDAL_CONTRACT, 1.0
45, 16, Policies, POLICY_PRAETORIUM, 29.0
45, 16, Policies, POLICY_CIVIL_PRESTIGE, 142.0
45, 16, Policies, POLICY_EQUESTRIAN_ORDERS, 37.0
45, 16, Policies, POLICY_SOVEREIGN_STATE, 90.0
45, 17, Civic, CIVIC_MILITARY_TRAINING, 126.9, 14
45, 17, Civic, CIVIC_THEOLOGY, 168.4, 2
45, 17, Civic, CIVIC_NAVAL_TRADITION, 50.7, 29
45, 17, Civic, CIVIC_CIVIL_SERVICE, 210.7, 1
45, 17, Civic, CIVIC_MERCENARIES, 126.9, 59
45, 17, Civic, CIVIC_MEDIEVAL_FAIRES, 0.0, 55
45, 17, Civic, CIVIC_GUILDS, 346.4, 2
45, 17, Civic, CIVIC_DIVINE_RIGHT, 505.4, 48
45, 17, Civic, CIVIC_EXPLORATION, 126.9, 172
45, 17, Civic, CIVIC_HUMANISM, 346.4, 136
45, 17, Civic, CIVIC_DIPLOMATIC_SERVICE, 346.4, 81
45, 17, Civic, CIVIC_REFORMED_CHURCH, 641.2, 107
45, 17, Policies, POLICY_GOD_KING, 21.0
45, 17, Policies, POLICY_URBAN_PLANNING, 14.0
45, 17, Policies, POLICY_CARAVANSARIES, 14.0
45, 17, Policies, POLICY_CONSCRIPTION, 36.0
45, 17, Policies, POLICY_CHARISMATIC_LEADER, 14.0
45, 17, Policies, POLICY_BASTIONS, 6.0
45, 17, Policies, POLICY_PRAETORIUM, 29.0
45, 17, Policies, POLICY_CIVIL_PRESTIGE, 93.0
45, 17, Policies, POLICY_EQUESTRIAN_ORDERS, 56.0
45, 17, Policies, POLICY_SOVEREIGN_STATE, 90.0
45, 20, Civic, CIVIC_MILITARY_TRAINING, 120.1, 9
45, 20, Civic, CIVIC_NAVAL_TRADITION, 66.4, 21
45, 20, Civic, CIVIC_MERCENARIES, 158.2, 42
45, 20, Civic, CIVIC_MEDIEVAL_FAIRES, 30.7, 40
45, 20, Civic, CIVIC_GUILDS, 140.7, 1
45, 20, Civic, CIVIC_DIVINE_RIGHT, 130.1, 33
45, 20, Civic, CIVIC_EXPLORATION, 188.9, 124
45, 20, Civic, CIVIC_HUMANISM, 171.3, 99
45, 20, Civic, CIVIC_DIPLOMATIC_SERVICE, 140.7, 59
45, 20, Civic, CIVIC_REFORMED_CHURCH, 270.7, 76
45, 20, Civic, CIVIC_MERCANTILISM, 171.3, 169
45, 20, Civic, CIVIC_THE_ENLIGHTENMENT, 171.3, 227
45, 20, Policies, POLICY_URBAN_PLANNING, 14.0
45, 20, Policies, POLICY_CARAVANSARIES, 14.0
45, 20, Policies, POLICY_CONSCRIPTION, 36.0
45, 20, Policies, POLICY_CHARISMATIC_LEADER, 14.0
45, 20, Policies, POLICY_LIMES, 33.0
45, 20, Policies, POLICY_RETAINERS, 75.0
45, 20, Policies, POLICY_TRADE_CONFEDERATION, 28.0
45, 20, Policies, POLICY_PRAETORIUM, 20.0
45, 20, Policies, POLICY_CIVIL_PRESTIGE, 127.0
45, 20, Policies, POLICY_SOVEREIGN_STATE, 90.0
45, 21, Civic, CIVIC_MILITARY_TRAINING, 141.9, 14
45, 21, Civic, CIVIC_THEOLOGY, 168.4, 2
45, 21, Civic, CIVIC_NAVAL_TRADITION, 50.7, 29
45, 21, Civic, CIVIC_CIVIL_SERVICE, 254.7, 1
45, 21, Civic, CIVIC_MERCENARIES, 179.9, 42
45, 21, Civic, CIVIC_MEDIEVAL_FAIRES, 0.0, 55
45, 21, Civic, CIVIC_GUILDS, 390.4, 2
45, 21, Civic, CIVIC_DIVINE_RIGHT, 582.6, 48
45, 21, Civic, CIVIC_EXPLORATION, 179.9, 155
45, 21, Civic, CIVIC_HUMANISM, 390.4, 136
45, 21, Civic, CIVIC_DIPLOMATIC_SERVICE, 390.4, 81
45, 21, Civic, CIVIC_REFORMED_CHURCH, 718.4, 107
45, 21, Policies, POLICY_GOD_KING, 21.0
45, 21, Policies, POLICY_URBAN_PLANNING, 14.0
45, 21, Policies, POLICY_CARAVANSARIES, 14.0
45, 21, Policies, POLICY_CONSCRIPTION, 58.0
45, 21, Policies, POLICY_CHARISMATIC_LEADER, 14.0
45, 21, Policies, POLICY_BASTIONS, 6.0
45, 21, Policies, POLICY_LIMES, 12.0
45, 21, Policies, POLICY_TRADE_CONFEDERATION, 28.0
45, 21, Policies, POLICY_PRAETORIUM, 26.0
45, 21, Policies, POLICY_CIVIL_PRESTIGE, 137.0
45, 21, Policies, POLICY_EQUESTRIAN_ORDERS, 63.0
45, 21, Policies, POLICY_SOVEREIGN_STATE, 90.0
45, 62, Civic, CIVIC_MILITARY_TRADITION, 58.1, 20
45, 62, Civic, CIVIC_STATE_WORKFORCE, 56.5, 28
45, 62, Civic, CIVIC_MYSTICISM, 92.3, 20
45, 62, Civic, CIVIC_GAMES_RECREATION, 56.5, 83
45, 62, Civic, CIVIC_POLITICAL_PHILOSOPHY, 56.5, 83
45, 62, Civic, CIVIC_DRAMA_POETRY, 0.0, 55
45, 62, Civic, CIVIC_MILITARY_TRAINING, 114.6, 163
45, 62, Civic, CIVIC_DEFENSIVE_TACTICS, 56.5, 225
45, 62, Civic, CIVIC_RECORDED_HISTORY, 56.5, 225
45, 62, Civic, CIVIC_THEOLOGY, 92.3, 135
45, 62, Policies, POLICY_CARAVANSARIES, 14.0
45, 0, Civic, CIVIC_MYSTICISM, 280.3, 1
45, 0, Civic, CIVIC_MILITARY_TRAINING, 2020.7, 1
45, 0, Civic, CIVIC_THEOLOGY, 448.7, 2
45, 0, Civic, CIVIC_NAVAL_TRADITION, 133.5, 3
45, 0, Civic, CIVIC_MERCENARIES, 2261.6, 4
45, 0, Civic, CIVIC_MEDIEVAL_FAIRES, 0.0, 4
45, 0, Civic, CIVIC_DIVINE_RIGHT, 1103.6, 5
45, 0, Civic, CIVIC_EXPLORATION, 3170.3, 14
45, 0, Civic, CIVIC_HUMANISM, 121.4, 12
45, 0, Civic, CIVIC_DIPLOMATIC_SERVICE, 440.9, 5
45, 0, Civic, CIVIC_MERCANTILISM, 325.1, 22
45, 0, Civic, CIVIC_THE_ENLIGHTENMENT, 747.0, 27
45, 0, Policies, POLICY_SURVEY, 15.0
45, 0, Policies, POLICY_GOD_KING, 21.0
45, 0, Policies, POLICY_URBAN_PLANNING, 147.0
45, 0, Policies, POLICY_CARAVANSARIES, 68.0
45, 0, Policies, POLICY_CONSCRIPTION, 36.0
45, 0, Policies, POLICY_LAND_SURVEYORS, 200.0
45, 0, Policies, POLICY_COLONIZATION, 112.0
45, 0, Policies, POLICY_INSPIRATION, 20.0
45, 0, Policies, POLICY_INSULAE, 256.0
45, 0, Policies, POLICY_CHARISMATIC_LEADER, 14.0
45, 0, Policies, POLICY_DIPLOMATIC_LEAGUE, 225.0
45, 0, Policies, POLICY_LITERARY_TRADITION, 15.0
45, 0, Policies, POLICY_RAID, 1879.0
45, 0, Policies, POLICY_LIMES, 860.0
45, 0, Policies, POLICY_NATURAL_PHILOSOPHY, 166.0
45, 0, Policies, POLICY_NAVAL_INFRASTRUCTURE, 18.0
45, 0, Policies, POLICY_NAVIGATION, 15.0
45, 0, Policies, POLICY_RETAINERS, 14.0
45, 0, Policies, POLICY_TRADE_CONFEDERATION, 134.0
45, 0, Policies, POLICY_TOWN_CHARTERS, 112.0
45, 0, Policies, POLICY_TRAVELING_MERCHANTS, 28.0
45, 0, Policies, POLICY_CHIVALRY, 13.0
45, 0, Policies, POLICY_COLONIAL_OFFICES, 429.0
45, 0, Policies, POLICY_INVENTION, 37.0
45, 0, Policies, POLICY_FRESCOES, 15.0
45, 0, Policies, POLICY_LOGISTICS, 52.0
45, 0, Policies, POLICY_TRIANGULAR_TRADE, 166.0
45, 0, Policies, POLICY_RATIONALISM, 177.0
45, 0, Policies, POLICY_FREE_MARKET, 100.0
45, 0, Policies, POLICY_LIBERALISM, 84.0
45, 0, Policies, POLICY_PRAETORIUM, 616.0
45, 0, Policies, POLICY_CIVIL_PRESTIGE, 418.0
45, 1, Civic, CIVIC_MYSTICISM, 295.4, 1
45, 1, Civic, CIVIC_THEOLOGY, 463.8, 2
45, 1, Civic, CIVIC_NAVAL_TRADITION, 144.6, 1
45, 1, Civic, CIVIC_MERCENARIES, 243.6, 1
45, 1, Civic, CIVIC_DIVINE_RIGHT, 1064.2, 3
45, 1, Civic, CIVIC_EXPLORATION, 1240.9, 2
45, 1, Civic, CIVIC_HUMANISM, 160.8, 1
45, 1, Civic, CIVIC_DIPLOMATIC_SERVICE, 532.6, 1
45, 1, Civic, CIVIC_MERCANTILISM, 474.5, 2
45, 1, Civic, CIVIC_THE_ENLIGHTENMENT, 987.8, 3
45, 1, Civic, CIVIC_COLONIALISM, 1158.0, 3
45, 1, Civic, CIVIC_CIVIL_ENGINEERING, 1907.8, 4
45, 1, Civic, CIVIC_NATIONALISM, 3091.6, 5
45, 1, Civic, CIVIC_OPERA_BALLET, 1155.2, 4
45, 1, Policies, POLICY_SURVEY, 7.0
45, 1, Policies, POLICY_GOD_KING, 23.0
45, 1, Policies, POLICY_URBAN_PLANNING, 132.0
45, 1, Policies, POLICY_CARAVANSARIES, 123.0
45, 1, Policies, POLICY_CONSCRIPTION, 7.0
45, 1, Policies, POLICY_LAND_SURVEYORS, 212.5
45, 1, Policies, POLICY_COLONIZATION, 54.0
45, 1, Policies, POLICY_INSPIRATION, 31.0
45, 1, Policies, POLICY_CHARISMATIC_LEADER, 14.0
45, 1, Policies, POLICY_DIPLOMATIC_LEAGUE, 225.0
45, 1, Policies, POLICY_LITERARY_TRADITION, 31.0
45, 1, Policies, POLICY_RAID, 1700.0
45, 1, Policies, POLICY_LIMES, 462.0
45, 1, Policies, POLICY_NATURAL_PHILOSOPHY, 161.0
45, 1, Policies, POLICY_NAVIGATION, 47.0
45, 1, Policies, POLICY_RETAINERS, 28.0
45, 1, Policies, POLICY_TRADE_CONFEDERATION, 231.0
45, 1, Policies, POLICY_MERCHANT_CONFEDERATION, 144.0
45, 1, Policies, POLICY_CRAFTSMEN, 80.0
45, 1, Policies, POLICY_TOWN_CHARTERS, 182.0
45, 1, Policies, POLICY_TRAVELING_MERCHANTS, 37.0
45, 1, Policies, POLICY_COLONIAL_OFFICES, 531.0
45, 1, Policies, POLICY_INVENTION, 70.0
45, 1, Policies, POLICY_FRESCOES, 31.0
45, 1, Policies, POLICY_LOGISTICS, 11.0
45, 1, Policies, POLICY_TRIANGULAR_TRADE, 330.0
45, 1, Policies, POLICY_RATIONALISM, 267.0
45, 1, Policies, POLICY_FREE_MARKET, 135.0
45, 1, Policies, POLICY_LIBERALISM, 70.0
45, 1, Policies, POLICY_COLONIAL_TAXES, 652.0
45, 1, Policies, POLICY_PUBLIC_WORKS, 13.0
45, 1, Policies, POLICY_NATIONAL_IDENTITY, 1.0
45, 1, Policies, POLICY_SYMPHONIES, 62.0
45, 1, Policies, POLICY_ECONOMIC_UNION, 205.0
45, 1, Policies, POLICY_PRAETORIUM, 747.0
45, 1, Policies, POLICY_CIVIL_PRESTIGE, 430.0
45, 1, Policies, POLICY_EQUESTRIAN_ORDERS, 101.0
45, 1, Policies, POLICY_EMPIRICAL_METHOD, 234.0
45, 1, Policies, POLICY_MASTER_ARTISANS, 73.0
45, 2, Civic, CIVIC_MILITARY_TRAINING, 2780.5, 1
45, 2, Civic, CIVIC_NAVAL_TRADITION, 162.5, 2
45, 2, Civic, CIVIC_MERCENARIES, 2133.1, 3
45, 2, Civic, CIVIC_MEDIEVAL_FAIRES, 5630.7, 1
45, 2, Civic, CIVIC_EXPLORATION, 8528.5, 8
45, 2, Civic, CIVIC_HUMANISM, 5768.1, 7
45, 2, Civic, CIVIC_DIPLOMATIC_SERVICE, 462.7, 4
45, 2, Civic, CIVIC_REFORMED_CHURCH, 1127.5, 4
45, 2, Civic, CIVIC_MERCANTILISM, 6029.9, 14
45, 2, Civic, CIVIC_THE_ENLIGHTENMENT, 6447.0, 18
45, 2, Policies, POLICY_SURVEY, 37.0
45, 2, Policies, POLICY_URBAN_PLANNING, 126.0
45, 2, Policies, POLICY_CARAVANSARIES, 61.0
45, 2, Policies, POLICY_CONSCRIPTION, 14.0
45, 2, Policies, POLICY_LAND_SURVEYORS, 262.5
45, 2, Policies, POLICY_COLONIZATION, 73.0
45, 2, Policies, POLICY_INSPIRATION, 15.0
45, 2, Policies, POLICY_INSULAE, 324.0
45, 2, Policies, POLICY_CHARISMATIC_LEADER, 14.0
45, 2, Policies, POLICY_DIPLOMATIC_LEAGUE, 337.0
45, 2, Policies, POLICY_LITERARY_TRADITION, 15.0
45, 2, Policies, POLICY_RAID, 1700.0
45, 2, Policies, POLICY_LIMES, 863.0
45, 2, Policies, POLICY_NATURAL_PHILOSOPHY, 66.0
45, 2, Policies, POLICY_SCRIPTURE, 188.0
45, 2, Policies, POLICY_NAVAL_INFRASTRUCTURE, 31.0
45, 2, Policies, POLICY_NAVIGATION, 31.0
45, 2, Policies, POLICY_RETAINERS, 14.0
45, 2, Policies, POLICY_TRADE_CONFEDERATION, 115.0
45, 2, Policies, POLICY_MERCHANT_CONFEDERATION, 61.0
45, 2, Policies, POLICY_TOWN_CHARTERS, 80.0
45, 2, Policies, POLICY_TRAVELING_MERCHANTS, 21.0
45, 2, Policies, POLICY_CHIVALRY, 13.0
45, 2, Policies, POLICY_COLONIAL_OFFICES, 324.0
45, 2, Policies, POLICY_INVENTION, 31.0
45, 2, Policies, POLICY_FRESCOES, 15.0
45, 2, Policies, POLICY_RELIGIOUS_ORDERS, 20.0
45, 2, Policies, POLICY_SIMULTANEUM, 586.0
45, 2, Policies, POLICY_LOGISTICS, 20.0
45, 2, Policies, POLICY_TRIANGULAR_TRADE, 198.0
45, 2, Policies, POLICY_RATIONALISM, 109.0
45, 2, Policies, POLICY_FREE_MARKET, 45.0
45, 2, Policies, POLICY_LIBERALISM, 42.0
45, 2, Policies, POLICY_PRAETORIUM, 413.0
45, 2, Policies, POLICY_CIVIL_PRESTIGE, 518.0
45, 3, Civic, CIVIC_MILITARY_TRAINING, 2386.7, 1
45, 3, Civic, CIVIC_NAVAL_TRADITION, 139.5, 2
45, 3, Civic, CIVIC_MERCENARIES, 2751.1, 3
45, 3, Civic, CIVIC_MEDIEVAL_FAIRES, 87923.8, 2
45, 3, Civic, CIVIC_DIVINE_RIGHT, 718.3, 2
45, 3, Civic, CIVIC_EXPLORATION, 91536.6, 9
45, 3, Civic, CIVIC_HUMANISM, 88061.2, 7
45, 3, Civic, CIVIC_DIPLOMATIC_SERVICE, 485.7, 3
45, 3, Civic, CIVIC_REFORMED_CHURCH, 3434.1, 5
45, 3, Civic, CIVIC_MERCANTILISM, 88610.6, 11
45, 3, Civic, CIVIC_THE_ENLIGHTENMENT, 88971.9, 16
45, 3, Policies, POLICY_SURVEY, 37.0
45, 3, Policies, POLICY_URBAN_PLANNING, 162.0
45, 3, Policies, POLICY_CARAVANSARIES, 163.0
45, 3, Policies, POLICY_LAND_SURVEYORS, 250.0
45, 3, Policies, POLICY_COLONIZATION, 181.0
45, 3, Policies, POLICY_INSPIRATION, 15.0
45, 3, Policies, POLICY_INSULAE, 315.0
45, 3, Policies, POLICY_CHARISMATIC_LEADER, 14.0
45, 3, Policies, POLICY_DIPLOMATIC_LEAGUE, 225.0
45, 3, Policies, POLICY_LITERARY_TRADITION, 15.0
45, 3, Policies, POLICY_RAID, 2246.0
45, 3, Policies, POLICY_LIMES, 277.0
45, 3, Policies, POLICY_NATURAL_PHILOSOPHY, 39.0
45, 3, Policies, POLICY_SCRIPTURE, 1425.0
45, 3, Policies, POLICY_NAVIGATION, 15.0
45, 3, Policies, POLICY_TRADE_CONFEDERATION, 251.0
45, 3, Policies, POLICY_MERCHANT_CONFEDERATION, 122.0
45, 3, Policies, POLICY_TOWN_CHARTERS, 108.0
45, 3, Policies, POLICY_TRAVELING_MERCHANTS, 21.0
45, 3, Policies, POLICY_COLONIAL_OFFICES, 303.0
45, 3, Policies, POLICY_INVENTION, 31.0
45, 3, Policies, POLICY_FRESCOES, 15.0
45, 3, Policies, POLICY_RELIGIOUS_ORDERS, 10.0
45, 3, Policies, POLICY_SIMULTANEUM, 2256.0
45, 3, Policies, POLICY_LOGISTICS, 2.0
45, 3, Policies, POLICY_TRIANGULAR_TRADE, 476.0
45, 3, Policies, POLICY_FREE_MARKET, 233.0
45, 3, Policies, POLICY_LIBERALISM, 446.0
45, 3, Policies, POLICY_PRAETORIUM, 397.0
45, 3, Policies, POLICY_CIVIL_PRESTIGE, 879.0
45, 3, Policies, POLICY_EQUESTRIAN_ORDERS, 20.0
45, 4, Civic, CIVIC_NAVAL_TRADITION, 156.6, 1
45, 4, Civic, CIVIC_EXPLORATION, 1049.7, 1
45, 4, Civic, CIVIC_HUMANISM, 178.0, 2
45, 4, Civic, CIVIC_DIPLOMATIC_SERVICE, 532.6, 1
45, 4, Civic, CIVIC_REFORMED_CHURCH, 551.7, 1
45, 4, Civic, CIVIC_MERCANTILISM, 443.2, 5
45, 4, Civic, CIVIC_THE_ENLIGHTENMENT, 1139.6, 4
45, 4, Civic, CIVIC_COLONIALISM, 591.8, 8
45, 4, Civic, CIVIC_CIVIL_ENGINEERING, 148860.9, 6
45, 4, Civic, CIVIC_NATIONALISM, 155349.6, 5
45, 4, Civic, CIVIC_OPERA_BALLET, 1309.7, 7
45, 4, Policies, POLICY_SURVEY, 23.0
45, 4, Policies, POLICY_URBAN_PLANNING, 189.0
45, 4, Policies, POLICY_CARAVANSARIES, 74.0
45, 4, Policies, POLICY_CONSCRIPTION, 36.0
45, 4, Policies, POLICY_LAND_SURVEYORS, 153.0
45, 4, Policies, POLICY_COLONIZATION, 155.0
45, 4, Policies, POLICY_INSPIRATION, 29.0
45, 4, Policies, POLICY_CHARISMATIC_LEADER, 14.0
45, 4, Policies, POLICY_DIPLOMATIC_LEAGUE, 337.0
45, 4, Policies, POLICY_LITERARY_TRADITION, 18.0
45, 4, Policies, POLICY_RAID, 2060.0
45, 4, Policies, POLICY_LIMES, 1145.0
45, 4, Policies, POLICY_NATURAL_PHILOSOPHY, 301.0
45, 4, Policies, POLICY_NAVIGATION, 15.0
45, 4, Policies, POLICY_RETAINERS, 180.0
45, 4, Policies, POLICY_PROFESSIONAL_ARMY, 39.0
45, 4, Policies, POLICY_TRADE_CONFEDERATION, 159.0
45, 4, Policies, POLICY_MERCHANT_CONFEDERATION, 212.0
45, 4, Policies, POLICY_AESTHETICS, 88.0
45, 4, Policies, POLICY_CRAFTSMEN, 56.0
45, 4, Policies, POLICY_TOWN_CHARTERS, 129.0
45, 4, Policies, POLICY_TRAVELING_MERCHANTS, 21.0
45, 4, Policies, POLICY_COLONIAL_OFFICES, 564.0
45, 4, Policies, POLICY_INVENTION, 56.0
45, 4, Policies, POLICY_FRESCOES, 18.0
45, 4, Policies, POLICY_RELIGIOUS_ORDERS, 62.0
45, 4, Policies, POLICY_LOGISTICS, 71.0
45, 4, Policies, POLICY_TRIANGULAR_TRADE, 179.0
45, 4, Policies, POLICY_RATIONALISM, 347.0
45, 4, Policies, POLICY_FREE_MARKET, 102.0
45, 4, Policies, POLICY_LIBERALISM, 222.0
45, 4, Policies, POLICY_COLONIAL_TAXES, 730.0
45, 4, Policies, POLICY_PUBLIC_WORKS, 48.0
45, 4, Policies, POLICY_NATIONAL_IDENTITY, 6.0
45, 4, Policies, POLICY_GRAND_OPERA, 44.0
45, 4, Policies, POLICY_SYMPHONIES, 31.0
45, 4, Policies, POLICY_ECONOMIC_UNION, 116.0
45, 4, Policies, POLICY_PRAETORIUM, 785.0
45, 4, Policies, POLICY_CIVIL_PRESTIGE, 739.0
45, 4, Policies, POLICY_DRILL_MANUALS, 35.0
45, 4, Policies, POLICY_EMPIRICAL_METHOD, 380.0
45, 4, Policies, POLICY_MASTER_ARTISANS, 29.0
45, 2, Civic, CIVIC_MILITARY_TRAINING, 2780.5, 1
45, 2, Civic, CIVIC_NAVAL_TRADITION, 162.5, 2
45, 2, Civic, CIVIC_MERCENARIES, 2133.1, 3
45, 2, Civic, CIVIC_MEDIEVAL_FAIRES, 5630.7, 1
45, 2, Civic, CIVIC_EXPLORATION, 8528.5, 8
45, 2, Civic, CIVIC_HUMANISM, 5768.1, 7
45, 2, Civic, CIVIC_DIPLOMATIC_SERVICE, 462.7, 4
45, 2, Civic, CIVIC_REFORMED_CHURCH, 1127.5, 4
45, 2, Civic, CIVIC_MERCANTILISM, 6029.9, 14
45, 2, Civic, CIVIC_THE_ENLIGHTENMENT, 6447.0, 18
45, 2, Policies, POLICY_SURVEY, 37.0
45, 2, Policies, POLICY_URBAN_PLANNING, 126.0
45, 2, Policies, POLICY_CARAVANSARIES, 61.0
45, 2, Policies, POLICY_CONSCRIPTION, 14.0
45, 2, Policies, POLICY_LAND_SURVEYORS, 262.5
45, 2, Policies, POLICY_COLONIZATION, 73.0
45, 2, Policies, POLICY_INSPIRATION, 15.0
45, 2, Policies, POLICY_INSULAE, 324.0
45, 2, Policies, POLICY_CHARISMATIC_LEADER, 14.0
45, 2, Policies, POLICY_DIPLOMATIC_LEAGUE, 337.0
45, 2, Policies, POLICY_LITERARY_TRADITION, 15.0
45, 2, Policies, POLICY_RAID, 1700.0
45, 2, Policies, POLICY_LIMES, 863.0
45, 2, Policies, POLICY_NATURAL_PHILOSOPHY, 66.0
45, 2, Policies, POLICY_SCRIPTURE, 188.0
45, 2, Policies, POLICY_NAVAL_INFRASTRUCTURE, 31.0
45, 2, Policies, POLICY_NAVIGATION, 31.0
45, 2, Policies, POLICY_RETAINERS, 14.0
45, 2, Policies, POLICY_TRADE_CONFEDERATION, 115.0
45, 2, Policies, POLICY_MERCHANT_CONFEDERATION, 61.0
45, 2, Policies, POLICY_TOWN_CHARTERS, 80.0
45, 2, Policies, POLICY_TRAVELING_MERCHANTS, 21.0
45, 2, Policies, POLICY_CHIVALRY, 13.0
45, 2, Policies, POLICY_COLONIAL_OFFICES, 324.0
45, 2, Policies, POLICY_INVENTION, 31.0
45, 2, Policies, POLICY_FRESCOES, 15.0
45, 2, Policies, POLICY_RELIGIOUS_ORDERS, 20.0
45, 2, Policies, POLICY_SIMULTANEUM, 586.0
45, 2, Policies, POLICY_LOGISTICS, 20.0
45, 2, Policies, POLICY_TRIANGULAR_TRADE, 198.0
45, 2, Policies, POLICY_RATIONALISM, 109.0
45, 2, Policies, POLICY_FREE_MARKET, 45.0
45, 2, Policies, POLICY_LIBERALISM, 42.0
45, 2, Policies, POLICY_PRAETORIUM, 413.0
45, 2, Policies, POLICY_CIVIL_PRESTIGE, 518.0
45, 2, Civic, CIVIC_MILITARY_TRAINING, 2780.5, 1
45, 2, Civic, CIVIC_NAVAL_TRADITION, 162.5, 2
45, 2, Civic, CIVIC_MERCENARIES, 2133.1, 3
45, 2, Civic, CIVIC_MEDIEVAL_FAIRES, 5630.7, 1
45, 2, Civic, CIVIC_EXPLORATION, 8528.5, 8
45, 2, Civic, CIVIC_HUMANISM, 5768.1, 7
45, 2, Civic, CIVIC_DIPLOMATIC_SERVICE, 462.7, 4
45, 2, Civic, CIVIC_REFORMED_CHURCH, 1127.5, 4
45, 2, Civic, CIVIC_MERCANTILISM, 6029.9, 14
45, 2, Civic, CIVIC_THE_ENLIGHTENMENT, 6447.0, 18
45, 2, Policies, POLICY_SURVEY, 37.0
45, 2, Policies, POLICY_URBAN_PLANNING, 126.0
45, 2, Policies, POLICY_CARAVANSARIES, 61.0
45, 2, Policies, POLICY_CONSCRIPTION, 14.0
45, 2, Policies, POLICY_LAND_SURVEYORS, 262.5
45, 2, Policies, POLICY_COLONIZATION, 73.0
45, 2, Policies, POLICY_INSPIRATION, 15.0
45, 2, Policies, POLICY_INSULAE, 324.0
45, 2, Policies, POLICY_CHARISMATIC_LEADER, 14.0
45, 2, Policies, POLICY_DIPLOMATIC_LEAGUE, 337.0
45, 2, Policies, POLICY_LITERARY_TRADITION, 15.0
45, 2, Policies, POLICY_RAID, 1700.0
45, 2, Policies, POLICY_LIMES, 863.0
45, 2, Policies, POLICY_NATURAL_PHILOSOPHY, 66.0
45, 2, Policies, POLICY_SCRIPTURE, 188.0
45, 2, Policies, POLICY_NAVAL_INFRASTRUCTURE, 31.0
45, 2, Policies, POLICY_NAVIGATION, 31.0
45, 2, Policies, POLICY_RETAINERS, 14.0
45, 2, Policies, POLICY_TRADE_CONFEDERATION, 115.0
45, 2, Policies, POLICY_MERCHANT_CONFEDERATION, 61.0
45, 2, Policies, POLICY_TOWN_CHARTERS, 80.0
45, 2, Policies, POLICY_TRAVELING_MERCHANTS, 21.0
45, 2, Policies, POLICY_CHIVALRY, 13.0
45, 2, Policies, POLICY_COLONIAL_OFFICES, 324.0
45, 2, Policies, POLICY_INVENTION, 31.0
45, 2, Policies, POLICY_FRESCOES, 15.0
45, 2, Policies, POLICY_RELIGIOUS_ORDERS, 20.0
45, 2, Policies, POLICY_SIMULTANEUM, 586.0
45, 2, Policies, POLICY_LOGISTICS, 20.0
45, 2, Policies, POLICY_TRIANGULAR_TRADE, 198.0
45, 2, Policies, POLICY_RATIONALISM, 109.0
45, 2, Policies, POLICY_FREE_MARKET, 45.0
45, 2, Policies, POLICY_LIBERALISM, 42.0
45, 2, Policies, POLICY_PRAETORIUM, 413.0
45, 2, Policies, POLICY_CIVIL_PRESTIGE, 518.0
45, 2, Civic, CIVIC_MILITARY_TRAINING, 2780.5, 1
45, 2, Civic, CIVIC_NAVAL_TRADITION, 162.5, 2
45, 2, Civic, CIVIC_MERCENARIES, 2133.1, 3
45, 2, Civic, CIVIC_MEDIEVAL_FAIRES, 5630.7, 1
45, 2, Civic, CIVIC_EXPLORATION, 8528.5, 8
45, 2, Civic, CIVIC_HUMANISM, 5768.1, 7
45, 2, Civic, CIVIC_DIPLOMATIC_SERVICE, 462.7, 4
45, 2, Civic, CIVIC_REFORMED_CHURCH, 1127.5, 4
45, 2, Civic, CIVIC_MERCANTILISM, 6029.9, 14
45, 2, Civic, CIVIC_THE_ENLIGHTENMENT, 6447.0, 18
45, 2, Policies, POLICY_SURVEY, 37.0
45, 2, Policies, POLICY_URBAN_PLANNING, 126.0
45, 2, Policies, POLICY_CARAVANSARIES, 61.0
45, 2, Policies, POLICY_CONSCRIPTION, 14.0
45, 2, Policies, POLICY_LAND_SURVEYORS, 262.5
45, 2, Policies, POLICY_COLONIZATION, 73.0
45, 2, Policies, POLICY_INSPIRATION, 15.0
45, 2, Policies, POLICY_INSULAE, 324.0
45, 2, Policies, POLICY_CHARISMATIC_LEADER, 14.0
45, 2, Policies, POLICY_DIPLOMATIC_LEAGUE, 337.0
45, 2, Policies, POLICY_LITERARY_TRADITION, 15.0
45, 2, Policies, POLICY_RAID, 1700.0
45, 2, Policies, POLICY_LIMES, 863.0
45, 2, Policies, POLICY_NATURAL_PHILOSOPHY, 66.0
45, 2, Policies, POLICY_SCRIPTURE, 188.0
45, 2, Policies, POLICY_NAVAL_INFRASTRUCTURE, 31.0
45, 2, Policies, POLICY_NAVIGATION, 31.0
45, 2, Policies, POLICY_RETAINERS, 14.0
45, 2, Policies, POLICY_TRADE_CONFEDERATION, 115.0
45, 2, Policies, POLICY_MERCHANT_CONFEDERATION, 61.0
45, 2, Policies, POLICY_TOWN_CHARTERS, 80.0
45, 2, Policies, POLICY_TRAVELING_MERCHANTS, 21.0
45, 2, Policies, POLICY_CHIVALRY, 13.0
45, 2, Policies, POLICY_COLONIAL_OFFICES, 324.0
45, 2, Policies, POLICY_INVENTION, 31.0
45, 2, Policies, POLICY_FRESCOES, 15.0
45, 2, Policies, POLICY_RELIGIOUS_ORDERS, 20.0
45, 2, Policies, POLICY_SIMULTANEUM, 586.0
45, 2, Policies, POLICY_LOGISTICS, 20.0
45, 2, Policies, POLICY_TRIANGULAR_TRADE, 198.0
45, 2, Policies, POLICY_RATIONALISM, 109.0
45, 2, Policies, POLICY_FREE_MARKET, 45.0
45, 2, Policies, POLICY_LIBERALISM, 42.0
45, 2, Policies, POLICY_PRAETORIUM, 413.0
45, 2, Policies, POLICY_CIVIL_PRESTIGE, 518.0
45, 1, Civic, CIVIC_MYSTICISM, 295.4, 1
45, 1, Civic, CIVIC_THEOLOGY, 463.8, 2
45, 1, Civic, CIVIC_NAVAL_TRADITION, 144.6, 1
45, 1, Civic, CIVIC_MERCENARIES, 243.6, 1
45, 1, Civic, CIVIC_DIVINE_RIGHT, 1064.2, 3
45, 1, Civic, CIVIC_EXPLORATION, 1240.9, 2
45, 1, Civic, CIVIC_HUMANISM, 160.8, 1
45, 1, Civic, CIVIC_DIPLOMATIC_SERVICE, 532.6, 1
45, 1, Civic, CIVIC_MERCANTILISM, 474.5, 2
45, 1, Civic, CIVIC_THE_ENLIGHTENMENT, 987.8, 3
45, 1, Civic, CIVIC_COLONIALISM, 1158.0, 3
45, 1, Civic, CIVIC_CIVIL_ENGINEERING, 1907.8, 4
45, 1, Civic, CIVIC_NATIONALISM, 3091.6, 5
45, 1, Civic, CIVIC_OPERA_BALLET, 1155.2, 4
45, 1, Policies, POLICY_SURVEY, 7.0
45, 1, Policies, POLICY_GOD_KING, 23.0
45, 1, Policies, POLICY_URBAN_PLANNING, 132.0
45, 1, Policies, POLICY_CARAVANSARIES, 123.0
45, 1, Policies, POLICY_CONSCRIPTION, 7.0
45, 1, Policies, POLICY_LAND_SURVEYORS, 212.5
45, 1, Policies, POLICY_COLONIZATION, 54.0
45, 1, Policies, POLICY_INSPIRATION, 31.0
45, 1, Policies, POLICY_CHARISMATIC_LEADER, 14.0
45, 1, Policies, POLICY_DIPLOMATIC_LEAGUE, 225.0
45, 1, Policies, POLICY_LITERARY_TRADITION, 31.0
45, 1, Policies, POLICY_RAID, 1700.0
45, 1, Policies, POLICY_LIMES, 462.0
45, 1, Policies, POLICY_NATURAL_PHILOSOPHY, 161.0
45, 1, Policies, POLICY_NAVIGATION, 47.0
45, 1, Policies, POLICY_RETAINERS, 28.0
45, 1, Policies, POLICY_TRADE_CONFEDERATION, 231.0
45, 1, Policies, POLICY_MERCHANT_CONFEDERATION, 144.0
45, 1, Policies, POLICY_CRAFTSMEN, 80.0
45, 1, Policies, POLICY_TOWN_CHARTERS, 182.0
45, 1, Policies, POLICY_TRAVELING_MERCHANTS, 37.0
45, 1, Policies, POLICY_COLONIAL_OFFICES, 531.0
45, 1, Policies, POLICY_INVENTION, 70.0
45, 1, Policies, POLICY_FRESCOES, 31.0
45, 1, Policies, POLICY_LOGISTICS, 11.0
45, 1, Policies, POLICY_TRIANGULAR_TRADE, 330.0
45, 1, Policies, POLICY_RATIONALISM, 267.0
45, 1, Policies, POLICY_FREE_MARKET, 135.0
45, 1, Policies, POLICY_LIBERALISM, 70.0
45, 1, Policies, POLICY_COLONIAL_TAXES, 652.0
45, 1, Policies, POLICY_PUBLIC_WORKS, 13.0
45, 1, Policies, POLICY_NATIONAL_IDENTITY, 1.0
45, 1, Policies, POLICY_SYMPHONIES, 62.0
45, 1, Policies, POLICY_ECONOMIC_UNION, 205.0
45, 1, Policies, POLICY_PRAETORIUM, 747.0
45, 1, Policies, POLICY_CIVIL_PRESTIGE, 430.0
45, 1, Policies, POLICY_EQUESTRIAN_ORDERS, 101.0
45, 1, Policies, POLICY_EMPIRICAL_METHOD, 234.0
45, 1, Policies, POLICY_MASTER_ARTISANS, 73.0
45, 2, Civic, CIVIC_MILITARY_TRAINING, 2780.5, 1
45, 2, Civic, CIVIC_NAVAL_TRADITION, 162.5, 2
45, 2, Civic, CIVIC_MERCENARIES, 2133.1, 3
45, 2, Civic, CIVIC_MEDIEVAL_FAIRES, 5630.7, 1
45, 2, Civic, CIVIC_EXPLORATION, 8528.5, 8
45, 2, Civic, CIVIC_HUMANISM, 5768.1, 7
45, 2, Civic, CIVIC_DIPLOMATIC_SERVICE, 462.7, 4
45, 2, Civic, CIVIC_REFORMED_CHURCH, 1127.5, 4
45, 2, Civic, CIVIC_MERCANTILISM, 6029.9, 14
45, 2, Civic, CIVIC_THE_ENLIGHTENMENT, 6447.0, 18
45, 2, Policies, POLICY_SURVEY, 37.0
45, 2, Policies, POLICY_URBAN_PLANNING, 126.0
45, 2, Policies, POLICY_CARAVANSARIES, 61.0
45, 2, Policies, POLICY_CONSCRIPTION, 14.0
45, 2, Policies, POLICY_LAND_SURVEYORS, 262.5
45, 2, Policies, POLICY_COLONIZATION, 73.0
45, 2, Policies, POLICY_INSPIRATION, 15.0
45, 2, Policies, POLICY_INSULAE, 324.0
45, 2, Policies, POLICY_CHARISMATIC_LEADER, 14.0
45, 2, Policies, POLICY_DIPLOMATIC_LEAGUE, 337.0
45, 2, Policies, POLICY_LITERARY_TRADITION, 15.0
45, 2, Policies, POLICY_RAID, 1700.0
45, 2, Policies, POLICY_LIMES, 863.0
45, 2, Policies, POLICY_NATURAL_PHILOSOPHY, 66.0
45, 2, Policies, POLICY_SCRIPTURE, 188.0
45, 2, Policies, POLICY_NAVAL_INFRASTRUCTURE, 31.0
45, 2, Policies, POLICY_NAVIGATION, 31.0
45, 2, Policies, POLICY_RETAINERS, 14.0
45, 2, Policies, POLICY_TRADE_CONFEDERATION, 115.0
45, 2, Policies, POLICY_MERCHANT_CONFEDERATION, 61.0
45, 2, Policies, POLICY_TOWN_CHARTERS, 80.0
45, 2, Policies, POLICY_TRAVELING_MERCHANTS, 21.0
45, 2, Policies, POLICY_CHIVALRY, 13.0
45, 2, Policies, POLICY_COLONIAL_OFFICES, 324.0
45, 2, Policies, POLICY_INVENTION, 31.0
45, 2, Policies, POLICY_FRESCOES, 15.0
45, 2, Policies, POLICY_RELIGIOUS_ORDERS, 20.0
45, 2, Policies, POLICY_SIMULTANEUM, 586.0
45, 2, Policies, POLICY_LOGISTICS, 20.0
45, 2, Policies, POLICY_TRIANGULAR_TRADE, 198.0
45, 2, Policies, POLICY_RATIONALISM, 109.0
45, 2, Policies, POLICY_FREE_MARKET, 45.0
45, 2, Policies, POLICY_LIBERALISM, 42.0
45, 2, Policies, POLICY_PRAETORIUM, 413.0
45, 2, Policies, POLICY_CIVIL_PRESTIGE, 518.0
45, 1, Civic, CIVIC_MYSTICISM, 295.4, 1
45, 1, Civic, CIVIC_THEOLOGY, 463.8, 2
45, 1, Civic, CIVIC_NAVAL_TRADITION, 144.6, 1
45, 1, Civic, CIVIC_MERCENARIES, 243.6, 1
45, 1, Civic, CIVIC_DIVINE_RIGHT, 1064.2, 3
45, 1, Civic, CIVIC_EXPLORATION, 1240.9, 2
45, 1, Civic, CIVIC_HUMANISM, 160.8, 1
45, 1, Civic, CIVIC_DIPLOMATIC_SERVICE, 532.6, 1
45, 1, Civic, CIVIC_MERCANTILISM, 474.5, 2
45, 1, Civic, CIVIC_THE_ENLIGHTENMENT, 987.8, 3
45, 1, Civic, CIVIC_COLONIALISM, 1158.0, 3
45, 1, Civic, CIVIC_CIVIL_ENGINEERING, 1907.8, 4
45, 1, Civic, CIVIC_NATIONALISM, 3091.6, 5
45, 1, Civic, CIVIC_OPERA_BALLET, 1155.2, 4
45, 1, Policies, POLICY_SURVEY, 7.0
45, 1, Policies, POLICY_GOD_KING, 23.0
45, 1, Policies, POLICY_URBAN_PLANNING, 132.0
45, 1, Policies, POLICY_CARAVANSARIES, 123.0
45, 1, Policies, POLICY_CONSCRIPTION, 7.0
45, 1, Policies, POLICY_LAND_SURVEYORS, 212.5
45, 1, Policies, POLICY_COLONIZATION, 54.0
45, 1, Policies, POLICY_INSPIRATION, 31.0
45, 1, Policies, POLICY_CHARISMATIC_LEADER, 14.0
45, 1, Policies, POLICY_DIPLOMATIC_LEAGUE, 225.0
45, 1, Policies, POLICY_LITERARY_TRADITION, 31.0
45, 1, Policies, POLICY_RAID, 1700.0
45, 1, Policies, POLICY_LIMES, 462.0
45, 1, Policies, POLICY_NATURAL_PHILOSOPHY, 161.0
45, 1, Policies, POLICY_NAVIGATION, 47.0
45, 1, Policies, POLICY_RETAINERS, 28.0
45, 1, Policies, POLICY_TRADE_CONFEDERATION, 231.0
45, 1, Policies, POLICY_MERCHANT_CONFEDERATION, 144.0
45, 1, Policies, POLICY_CRAFTSMEN, 80.0
45, 1, Policies, POLICY_TOWN_CHARTERS, 182.0
45, 1, Policies, POLICY_TRAVELING_MERCHANTS, 37.0
45, 1, Policies, POLICY_COLONIAL_OFFICES, 531.0
45, 1, Policies, POLICY_INVENTION, 70.0
45, 1, Policies, POLICY_FRESCOES, 31.0
45, 1, Policies, POLICY_LOGISTICS, 11.0
45, 1, Policies, POLICY_TRIANGULAR_TRADE, 330.0
45, 1, Policies, POLICY_RATIONALISM, 267.0
45, 1, Policies, POLICY_FREE_MARKET, 135.0
45, 1, Policies, POLICY_LIBERALISM, 70.0
45, 1, Policies, POLICY_COLONIAL_TAXES, 652.0
45, 1, Policies, POLICY_PUBLIC_WORKS, 13.0
45, 1, Policies, POLICY_NATIONAL_IDENTITY, 1.0
45, 1, Policies, POLICY_SYMPHONIES, 62.0
45, 1, Policies, POLICY_ECONOMIC_UNION, 205.0
45, 1, Policies, POLICY_PRAETORIUM, 747.0
45, 1, Policies, POLICY_CIVIL_PRESTIGE, 430.0
45, 1, Policies, POLICY_EQUESTRIAN_ORDERS, 101.0
45, 1, Policies, POLICY_EMPIRICAL_METHOD, 234.0
45, 1, Policies, POLICY_MASTER_ARTISANS, 73.0
45, 1, Civic, CIVIC_MYSTICISM, 295.4, 1
45, 1, Civic, CIVIC_THEOLOGY, 463.8, 2
45, 1, Civic, CIVIC_NAVAL_TRADITION, 144.6, 1
45, 1, Civic, CIVIC_MERCENARIES, 243.6, 1
45, 1, Civic, CIVIC_DIVINE_RIGHT, 1064.2, 3
45, 1, Civic, CIVIC_EXPLORATION, 1240.9, 2
45, 1, Civic, CIVIC_HUMANISM, 160.8, 1
45, 1, Civic, CIVIC_DIPLOMATIC_SERVICE, 532.6, 1
45, 1, Civic, CIVIC_MERCANTILISM, 474.5, 2
45, 1, Civic, CIVIC_THE_ENLIGHTENMENT, 987.8, 3
45, 1, Civic, CIVIC_COLONIALISM, 1158.0, 3
45, 1, Civic, CIVIC_CIVIL_ENGINEERING, 1907.8, 4
45, 1, Civic, CIVIC_NATIONALISM, 3091.6, 5
45, 1, Civic, CIVIC_OPERA_BALLET, 1155.2, 4
45, 1, Policies, POLICY_SURVEY, 7.0
45, 1, Policies, POLICY_GOD_KING, 23.0
45, 1, Policies, POLICY_URBAN_PLANNING, 132.0
45, 1, Policies, POLICY_CARAVANSARIES, 123.0
45, 1, Policies, POLICY_CONSCRIPTION, 7.0
45, 1, Policies, POLICY_LAND_SURVEYORS, 212.5
45, 1, Policies, POLICY_COLONIZATION, 54.0
45, 1, Policies, POLICY_INSPIRATION, 31.0
45, 1, Policies, POLICY_CHARISMATIC_LEADER, 14.0
45, 1, Policies, POLICY_DIPLOMATIC_LEAGUE, 225.0
45, 1, Policies, POLICY_LITERARY_TRADITION, 31.0
45, 1, Policies, POLICY_RAID, 1700.0
45, 1, Policies, POLICY_LIMES, 462.0
45, 1, Policies, POLICY_NATURAL_PHILOSOPHY, 161.0
45, 1, Policies, POLICY_NAVIGATION, 47.0
45, 1, Policies, POLICY_RETAINERS, 28.0
45, 1, Policies, POLICY_TRADE_CONFEDERATION, 231.0
45, 1, Policies, POLICY_MERCHANT_CONFEDERATION, 144.0
45, 1, Policies, POLICY_CRAFTSMEN, 80.0
45, 1, Policies, POLICY_TOWN_CHARTERS, 182.0
45, 1, Policies, POLICY_TRAVELING_MERCHANTS, 37.0
45, 1, Policies, POLICY_COLONIAL_OFFICES, 531.0
45, 1, Policies, POLICY_INVENTION, 70.0
45, 1, Policies, POLICY_FRESCOES, 31.0
45, 1, Policies, POLICY_LOGISTICS, 11.0
45, 1, Policies, POLICY_TRIANGULAR_TRADE, 330.0
45, 1, Policies, POLICY_RATIONALISM, 267.0
45, 1, Policies, POLICY_FREE_MARKET, 135.0
45, 1, Policies, POLICY_LIBERALISM, 70.0
45, 1, Policies, POLICY_COLONIAL_TAXES, 652.0
45, 1, Policies, POLICY_PUBLIC_WORKS, 13.0
45, 1, Policies, POLICY_NATIONAL_IDENTITY, 1.0
45, 1, Policies, POLICY_SYMPHONIES, 62.0
45, 1, Policies, POLICY_ECONOMIC_UNION, 205.0
45, 1, Policies, POLICY_PRAETORIUM, 747.0
45, 1, Policies, POLICY_CIVIL_PRESTIGE, 430.0
45, 1, Policies, POLICY_EQUESTRIAN_ORDERS, 101.0
45, 1, Policies, POLICY_EMPIRICAL_METHOD, 234.0
45, 1, Policies, POLICY_MASTER_ARTISANS, 73.0
45, 2, Civic, CIVIC_MILITARY_TRAINING, 2780.5, 1
45, 2, Civic, CIVIC_NAVAL_TRADITION, 162.5, 2
45, 2, Civic, CIVIC_MERCENARIES, 2133.1, 3
45, 2, Civic, CIVIC_MEDIEVAL_FAIRES, 5630.7, 1
45, 2, Civic, CIVIC_EXPLORATION, 8528.5, 8
45, 2, Civic, CIVIC_HUMANISM, 5768.1, 7
45, 2, Civic, CIVIC_DIPLOMATIC_SERVICE, 462.7, 4
45, 2, Civic, CIVIC_REFORMED_CHURCH, 1127.5, 4
45, 2, Civic, CIVIC_MERCANTILISM, 6029.9, 14
45, 2, Civic, CIVIC_THE_ENLIGHTENMENT, 6447.0, 18
45, 2, Policies, POLICY_SURVEY, 37.0
45, 2, Policies, POLICY_URBAN_PLANNING, 126.0
45, 2, Policies, POLICY_CARAVANSARIES, 61.0
45, 2, Policies, POLICY_CONSCRIPTION, 14.0
45, 2, Policies, POLICY_LAND_SURVEYORS, 262.5
45, 2, Policies, POLICY_COLONIZATION, 73.0
45, 2, Policies, POLICY_INSPIRATION, 15.0
45, 2, Policies, POLICY_INSULAE, 324.0
45, 2, Policies, POLICY_CHARISMATIC_LEADER, 14.0
45, 2, Policies, POLICY_DIPLOMATIC_LEAGUE, 337.0
45, 2, Policies, POLICY_LITERARY_TRADITION, 15.0
45, 2, Policies, POLICY_RAID, 1700.0
45, 2, Policies, POLICY_LIMES, 863.0
45, 2, Policies, POLICY_NATURAL_PHILOSOPHY, 66.0
45, 2, Policies, POLICY_SCRIPTURE, 188.0
45, 2, Policies, POLICY_NAVAL_INFRASTRUCTURE, 31.0
45, 2, Policies, POLICY_NAVIGATION, 31.0
45, 2, Policies, POLICY_RETAINERS, 14.0
45, 2, Policies, POLICY_TRADE_CONFEDERATION, 115.0
45, 2, Policies, POLICY_MERCHANT_CONFEDERATION, 61.0
45, 2, Policies, POLICY_TOWN_CHARTERS, 80.0
45, 2, Policies, POLICY_TRAVELING_MERCHANTS, 21.0
45, 2, Policies, POLICY_CHIVALRY, 13.0
45, 2, Policies, POLICY_COLONIAL_OFFICES, 324.0
45, 2, Policies, POLICY_INVENTION, 31.0
45, 2, Policies, POLICY_FRESCOES, 15.0
45, 2, Policies, POLICY_RELIGIOUS_ORDERS, 20.0
45, 2, Policies, POLICY_SIMULTANEUM, 586.0
45, 2, Policies, POLICY_LOGISTICS, 20.0
45, 2, Policies, POLICY_TRIANGULAR_TRADE, 198.0
45, 2, Policies, POLICY_RATIONALISM, 109.0
45, 2, Policies, POLICY_FREE_MARKET, 45.0
45, 2, Policies, POLICY_LIBERALISM, 42.0
45, 2, Policies, POLICY_PRAETORIUM, 413.0
45, 2, Policies, POLICY_CIVIL_PRESTIGE, 518.0
46, 5, Civic, CIVIC_MILITARY_TRAINING, 1486.7, 1
46, 5, Civic, CIVIC_THEOLOGY, 2339.7, 1
46, 5, Civic, CIVIC_NAVAL_TRADITION, 133.5, 3
46, 5, Civic, CIVIC_MERCENARIES, 1610.3, 5
46, 5, Civic, CIVIC_MEDIEVAL_FAIRES, 679.2, 5
46, 5, Civic, CIVIC_GUILDS, 725.8, 3
46, 5, Civic, CIVIC_DIVINE_RIGHT, 1236.3, 7
46, 5, Civic, CIVIC_EXPLORATION, 3869.1, 18
46, 5, Civic, CIVIC_HUMANISM, 1482.7, 19
46, 5, Civic, CIVIC_DIPLOMATIC_SERVICE, 1077.5, 10
46, 5, Civic, CIVIC_REFORMED_CHURCH, 2848.6, 15
46, 5, Civic, CIVIC_MERCANTILISM, 1720.4, 32
46, 5, Civic, CIVIC_THE_ENLIGHTENMENT, 1863.8, 39
46, 5, Policies, POLICY_SURVEY, 36.0
46, 5, Policies, POLICY_GOD_KING, 13.0
46, 5, Policies, POLICY_URBAN_PLANNING, 168.0
46, 5, Policies, POLICY_CARAVANSARIES, 45.0
46, 5, Policies, POLICY_CONSCRIPTION, 191.0
46, 5, Policies, POLICY_LAND_SURVEYORS, 10.5
46, 5, Policies, POLICY_COLONIZATION, 41.0
46, 5, Policies, POLICY_INSPIRATION, 25.0
46, 5, Policies, POLICY_INSULAE, 251.0
46, 5, Policies, POLICY_CHARISMATIC_LEADER, 14.0
46, 5, Policies, POLICY_DIPLOMATIC_LEAGUE, 225.0
46, 5, Policies, POLICY_LITERARY_TRADITION, 15.0
46, 5, Policies, POLICY_RAID, 1755.0
46, 5, Policies, POLICY_BASTIONS, 42.0
46, 5, Policies, POLICY_LIMES, 470.0
46, 5, Policies, POLICY_NATURAL_PHILOSOPHY, 159.0
46, 5, Policies, POLICY_SCRIPTURE, 102.0
46, 5, Policies, POLICY_NAVIGATION, 47.0
46, 5, Policies, POLICY_FEUDAL_CONTRACT, 63.0
46, 5, Policies, POLICY_RETAINERS, 28.0
46, 5, Policies, POLICY_PROFESSIONAL_ARMY, 66.0
46, 5, Policies, POLICY_TRADE_CONFEDERATION, 89.0
46, 5, Policies, POLICY_CRAFTSMEN, 86.0
46, 5, Policies, POLICY_TOWN_CHARTERS, 36.0
46, 5, Policies, POLICY_TRAVELING_MERCHANTS, 21.0
46, 5, Policies, POLICY_CHIVALRY, 38.0
46, 5, Policies, POLICY_COLONIAL_OFFICES, 1142.0
46, 5, Policies, POLICY_INVENTION, 64.0
46, 5, Policies, POLICY_FRESCOES, 15.0
46, 5, Policies, POLICY_WARS_OF_RELIGION, 10.0
46, 5, Policies, POLICY_RELIGIOUS_ORDERS, 271.0
46, 5, Policies, POLICY_SIMULTANEUM, 52.0
46, 5, Policies, POLICY_LOGISTICS, 396.0
46, 5, Policies, POLICY_TRIANGULAR_TRADE, 96.0
46, 5, Policies, POLICY_RATIONALISM, 198.0
46, 5, Policies, POLICY_FREE_MARKET, 50.0
46, 5, Policies, POLICY_LIBERALISM, 56.0
46, 5, Policies, POLICY_PRAETORIUM, 1985.0
46, 5, Policies, POLICY_CIVIL_PRESTIGE, 674.0
46, 5, Policies, POLICY_EQUESTRIAN_ORDERS, 74.0
46, 5, Policies, POLICY_DRILL_MANUALS, 67.0
46, 5, Policies, POLICY_SIEGE, 12.0
46, 5, Policies, POLICY_HARD_SHELL_EXPLOSIVES, 12.0
46, 6, Completed Civic, CIVIC_DIVINE_RIGHT
46, 6, Government Change, GOVERNMENT_MONARCHY
46, 6, Slot Policy, POLICY_LIMES, 314
46, 6, Slot Policy, POLICY_RAID, 1510
46, 6, Slot Policy, POLICY_CIVIL_PRESTIGE, 858
46, 6, Slot Policy, POLICY_DIPLOMATIC_LEAGUE, 225
46, 6, Slot Policy, POLICY_PRAETORIUM, 1473
46, 6, Slot Policy, POLICY_LAND_SURVEYORS, 262
46, 6, Slot Policy, POLICY_INSULAE, 382
46, 6, Civic, CIVIC_NAVAL_TRADITION, 151.5, 2
46, 6, Civic, CIVIC_MERCENARIES, 151.5, 2
46, 6, Civic, CIVIC_MEDIEVAL_FAIRES, 2109348.8, 2
46, 6, Civic, CIVIC_EXPLORATION, 2110854.0, 8
46, 6, Civic, CIVIC_HUMANISM, 3164201.5, 8
46, 6, Civic, CIVIC_DIPLOMATIC_SERVICE, 462.7, 4
46, 6, Civic, CIVIC_REFORMED_CHURCH, 918.5, 3
46, 6, Civic, CIVIC_MERCANTILISM, 2109627.0, 12
46, 6, Civic, CIVIC_THE_ENLIGHTENMENT, 2109996.5, 16
46, 6, Policies, POLICY_SURVEY, 72.0
46, 6, Policies, POLICY_URBAN_PLANNING, 147.0
46, 6, Policies, POLICY_CARAVANSARIES, 45.0
46, 6, Policies, POLICY_CONSCRIPTION, 198.0
46, 6, Policies, POLICY_LAND_SURVEYORS, 191.5
46, 6, Policies, POLICY_COLONIZATION, 73.0
46, 6, Policies, POLICY_INSPIRATION, 28.0
46, 6, Policies, POLICY_INSULAE, 98.0
46, 6, Policies, POLICY_CHARISMATIC_LEADER, 14.0
46, 6, Policies, POLICY_DIPLOMATIC_LEAGUE, 337.0
46, 6, Policies, POLICY_LITERARY_TRADITION, 31.0
46, 6, Policies, POLICY_RAID, 1755.0
46, 6, Policies, POLICY_BASTIONS, 36.0
46, 6, Policies, POLICY_LIMES, 308.0
46, 6, Policies, POLICY_NATURAL_PHILOSOPHY, 75.0
46, 6, Policies, POLICY_SCRIPTURE, 116.0
46, 6, Policies, POLICY_NAVIGATION, 31.0
46, 6, Policies, POLICY_FEUDAL_CONTRACT, 20.0
46, 6, Policies, POLICY_RETAINERS, 56.0
46, 6, Policies, POLICY_PROFESSIONAL_ARMY, 10.0
46, 6, Policies, POLICY_TRADE_CONFEDERATION, 87.0
46, 6, Policies, POLICY_AESTHETICS, 29.0
46, 6, Policies, POLICY_TOWN_CHARTERS, 36.0
46, 6, Policies, POLICY_TRAVELING_MERCHANTS, 43.0
46, 6, Policies, POLICY_COLONIAL_OFFICES, 946.0
46, 6, Policies, POLICY_INVENTION, 53.0
46, 6, Policies, POLICY_FRESCOES, 31.0
46, 6, Policies, POLICY_RELIGIOUS_ORDERS, 271.0
46, 6, Policies, POLICY_SIMULTANEUM, 273.0
46, 6, Policies, POLICY_LOGISTICS, 288.0
46, 6, Policies, POLICY_TRIANGULAR_TRADE, 132.0
46, 6, Policies, POLICY_RATIONALISM, 120.0
46, 6, Policies, POLICY_FREE_MARKET, 50.0
46, 6, Policies, POLICY_LIBERALISM, 56.0
46, 6, Policies, POLICY_PRAETORIUM, 1495.0
46, 6, Policies, POLICY_CIVIL_PRESTIGE, 584.0
46, 6, Policies, POLICY_EQUESTRIAN_ORDERS, 26.0
46, 7, Civic, CIVIC_MYSTICISM, 295.4, 1
46, 7, Civic, CIVIC_MILITARY_TRAINING, 1528.7, 1
46, 7, Civic, CIVIC_THEOLOGY, 477.8, 2
46, 7, Civic, CIVIC_NAVAL_TRADITION, 144.6, 1
46, 7, Civic, CIVIC_MERCENARIES, 1662.1, 3
46, 7, Civic, CIVIC_DIVINE_RIGHT, 1568.4, 4
46, 7, Civic, CIVIC_EXPLORATION, 3126.3, 5
46, 7, Civic, CIVIC_HUMANISM, 2146.1, 1
46, 7, Civic, CIVIC_MERCANTILISM, 664.6, 4
46, 7, Civic, CIVIC_THE_ENLIGHTENMENT, 626.5, 4
46, 7, Civic, CIVIC_COLONIALISM, 1387.3, 10
46, 7, Civic, CIVIC_CIVIL_ENGINEERING, 664.6, 11
46, 7, Civic, CIVIC_NATIONALISM, 626.5, 11
46, 7, Civic, CIVIC_OPERA_BALLET, 734.0, 10
46, 7, Policies, POLICY_SURVEY, 77.0
46, 7, Policies, POLICY_GOD_KING, 22.0
46, 7, Policies, POLICY_URBAN_PLANNING, 126.0
46, 7, Policies, POLICY_CARAVANSARIES, 24.0
46, 7, Policies, POLICY_CONSCRIPTION, 206.0
46, 7, Policies, POLICY_LAND_SURVEYORS, 65.0
46, 7, Policies, POLICY_COLONIZATION, 38.0
46, 7, Policies, POLICY_INSPIRATION, 36.0
46, 7, Policies, POLICY_CHARISMATIC_LEADER, 14.0
46, 7, Policies, POLICY_DIPLOMATIC_LEAGUE, 225.0
46, 7, Policies, POLICY_LITERARY_TRADITION, 50.0
46, 7, Policies, POLICY_RAID, 1923.0
46, 7, Policies, POLICY_BASTIONS, 30.0
46, 7, Policies, POLICY_LIMES, 161.0
46, 7, Policies, POLICY_NATURAL_PHILOSOPHY, 151.0
46, 7, Policies, POLICY_SCRIPTURE, 160.0
46, 7, Policies, POLICY_NAVIGATION, 31.0
46, 7, Policies, POLICY_RETAINERS, 176.0
46, 7, Policies, POLICY_PROFESSIONAL_ARMY, 121.0
46, 7, Policies, POLICY_TRADE_CONFEDERATION, 61.0
46, 7, Policies, POLICY_AESTHETICS, 43.0
46, 7, Policies, POLICY_TRAVELING_MERCHANTS, 29.0
46, 7, Policies, POLICY_COLONIAL_OFFICES, 965.0
46, 7, Policies, POLICY_INVENTION, 59.0
46, 7, Policies, POLICY_FRESCOES, 50.0
46, 7, Policies, POLICY_MACHIAVELLIANISM, 32.0
46, 7, Policies, POLICY_LOGISTICS, 323.0
46, 7, Policies, POLICY_TRIANGULAR_TRADE, 59.0
46, 7, Policies, POLICY_RATIONALISM, 198.0
46, 7, Policies, POLICY_LIBERALISM, 261.0
46, 7, Policies, POLICY_COLONIAL_TAXES, 1011.0
46, 7, Policies, POLICY_SYMPHONIES, 94.0
46, 7, Policies, POLICY_PRAETORIUM, 1624.0
46, 7, Policies, POLICY_CIVIL_PRESTIGE, 806.0
46, 7, Policies, POLICY_EQUESTRIAN_ORDERS, 70.0
46, 8, Civic, CIVIC_MYSTICISM, 280.4, 1
46, 8, Civic, CIVIC_THEOLOGY, 10956.6, 2
46, 8, Civic, CIVIC_NAVAL_TRADITION, 139.5, 2
46, 8, Civic, CIVIC_MERCENARIES, 139.5, 2
46, 8, Civic, CIVIC_DIVINE_RIGHT, 1653.4, 4
46, 8, Civic, CIVIC_EXPLORATION, 1756.7, 6
46, 8, Civic, CIVIC_HUMANISM, 152.8, 3
46, 8, Civic, CIVIC_DIPLOMATIC_SERVICE, 462.7, 4
46, 8, Civic, CIVIC_MERCANTILISM, 625.3, 10
46, 8, Civic, CIVIC_THE_ENLIGHTENMENT, 1133.6, 14
46, 8, Civic, CIVIC_COLONIALISM, 1674.6, 17
46, 8, Civic, CIVIC_CIVIL_ENGINEERING, 625.3, 19
46, 8, Civic, CIVIC_NATIONALISM, 1133.6, 23
46, 8, Civic, CIVIC_OPERA_BALLET, 1221.7, 21
46, 8, Policies, POLICY_SURVEY, 28.0
46, 8, Policies, POLICY_GOD_KING, 24.0
46, 8, Policies, POLICY_URBAN_PLANNING, 126.0
46, 8, Policies, POLICY_CARAVANSARIES, 22.0
46, 8, Policies, POLICY_CONSCRIPTION, 287.0
46, 8, Policies, POLICY_LAND_SURVEYORS, 116.0
46, 8, Policies, POLICY_COLONIZATION, 44.0
46, 8, Policies, POLICY_INSPIRATION, 20.0
46, 8, Policies, POLICY_CHARISMATIC_LEADER, 14.0
46, 8, Policies, POLICY_DIPLOMATIC_LEAGUE, 225.0
46, 8, Policies, POLICY_LITERARY_TRADITION, 15.0
46, 8, Policies, POLICY_RAID, 1755.0
46, 8, Policies, POLICY_BASTIONS, 30.0
46, 8, Policies, POLICY_LIMES, 264.0
46, 8, Policies, POLICY_NATURAL_PHILOSOPHY, 73.0
46, 8, Policies, POLICY_SCRIPTURE, 351.0
46, 8, Policies, POLICY_NAVIGATION, 15.0
46, 8, Policies, POLICY_FEUDAL_CONTRACT, 51.0
46, 8, Policies, POLICY_RETAINERS, 268.0
46, 8, Policies, POLICY_PROFESSIONAL_ARMY, 27.0
46, 8, Policies, POLICY_TRADE_CONFEDERATION, 44.0
46, 8, Policies, POLICY_AESTHETICS, 14.0
46, 8, Policies, POLICY_CRAFTSMEN, 64.0
46, 8, Policies, POLICY_TRAVELING_MERCHANTS, 21.0
46, 8, Policies, POLICY_COLONIAL_OFFICES, 1081.0
46, 8, Policies, POLICY_INVENTION, 64.0
46, 8, Policies, POLICY_FRESCOES, 15.0
46, 8, Policies, POLICY_LOGISTICS, 584.0
46, 8, Policies, POLICY_TRIANGULAR_TRADE, 58.0
46, 8, Policies, POLICY_LIBERALISM, 463.0
46, 8, Policies, POLICY_COLONIAL_TAXES, 1156.0
46, 8, Policies, POLICY_SYMPHONIES, 31.0
46, 8, Policies, POLICY_PRAETORIUM, 1876.0
46, 8, Policies, POLICY_CIVIL_PRESTIGE, 889.0
46, 8, Policies, POLICY_DRILL_MANUALS, 22.0
46, 8, Policies, POLICY_HARD_SHELL_EXPLOSIVES, 10.0
46, 9, Completed Civic, CIVIC_MILITARY_TRAINING
46, 9, Slot Policy, POLICY_RAID, 1704
46, 9, Slot Policy, POLICY_CONSCRIPTION, 287
46, 9, Slot Policy, POLICY_CIVIL_PRESTIGE, 563
46, 9, Slot Policy, POLICY_PRAETORIUM, 1721
46, 9, Slot Policy, POLICY_INSULAE, 141
46, 9, Civic, CIVIC_MYSTICISM, 275.3, 1
46, 9, Civic, CIVIC_THEOLOGY, 2485.7, 2
46, 9, Civic, CIVIC_NAVAL_TRADITION, 144.6, 1
46, 9, Civic, CIVIC_MERCENARIES, 139.5, 2
46, 9, Civic, CIVIC_MEDIEVAL_FAIRES, 1607456.8, 2
46, 9, Civic, CIVIC_DIVINE_RIGHT, 1458.6, 4
46, 9, Civic, CIVIC_EXPLORATION, 1609073.0, 9
46, 9, Civic, CIVIC_HUMANISM, 1607586.0, 6
46, 9, Civic, CIVIC_DIPLOMATIC_SERVICE, 462.7, 4
46, 9, Civic, CIVIC_MERCANTILISM, 1608085.9, 14
46, 9, Civic, CIVIC_THE_ENLIGHTENMENT, 1608152.9, 14
46, 9, Policies, POLICY_SURVEY, 21.0
46, 9, Policies, POLICY_GOD_KING, 7.0
46, 9, Policies, POLICY_URBAN_PLANNING, 126.0
46, 9, Policies, POLICY_CARAVANSARIES, 25.0
46, 9, Policies, POLICY_CONSCRIPTION, 272.0
46, 9, Policies, POLICY_LAND_SURVEYORS, 42.0
46, 9, Policies, POLICY_COLONIZATION, 70.0
46, 9, Policies, POLICY_INSPIRATION, 25.0
46, 9, Policies, POLICY_INSULAE, 134.0
46, 9, Policies, POLICY_CHARISMATIC_LEADER, 14.0
46, 9, Policies, POLICY_DIPLOMATIC_LEAGUE, 225.0
46, 9, Policies, POLICY_LITERARY_TRADITION, 15.0
46, 9, Policies, POLICY_RAID, 1980.0
46, 9, Policies, POLICY_BASTIONS, 36.0
46, 9, Policies, POLICY_LIMES, 458.0
46, 9, Policies, POLICY_NATURAL_PHILOSOPHY, 108.0
46, 9, Policies, POLICY_SCRIPTURE, 116.0
46, 9, Policies, POLICY_NAVIGATION, 15.0
46, 9, Policies, POLICY_FEUDAL_CONTRACT, 40.0
46, 9, Policies, POLICY_RETAINERS, 28.0
46, 9, Policies, POLICY_TRADE_CONFEDERATION, 42.0
46, 9, Policies, POLICY_AESTHETICS, 14.0
46, 9, Policies, POLICY_CRAFTSMEN, 71.0
46, 9, Policies, POLICY_TRAVELING_MERCHANTS, 21.0
46, 9, Policies, POLICY_CHIVALRY, 27.0
46, 9, Policies, POLICY_COLONIAL_OFFICES, 1001.0
46, 9, Policies, POLICY_INVENTION, 64.0
46, 9, Policies, POLICY_FRESCOES, 15.0
46, 9, Policies, POLICY_LOGISTICS, 566.0
46, 9, Policies, POLICY_TRIANGULAR_TRADE, 46.0
46, 9, Policies, POLICY_LIBERALISM, 42.0
46, 9, Policies, POLICY_PRAETORIUM, 1781.0
46, 9, Policies, POLICY_CIVIL_PRESTIGE, 436.0
46, 9, Policies, POLICY_EQUESTRIAN_ORDERS, 22.0
46, 9, Policies, POLICY_DRILL_MANUALS, 71.0
46, 9, Policies, POLICY_SIEGE, 7.0
46, 9, Policies, POLICY_HARD_SHELL_EXPLOSIVES, 7.0
46, 10, Civic, CIVIC_MILITARY_TRAINING, 164.7, 1
46, 10, Civic, CIVIC_NAVAL_TRADITION, 57.9, 25
46, 10, Civic, CIVIC_FEUDALISM, 120.6, 1
46, 10, Civic, CIVIC_MERCENARIES, 317.2, 41
46, 10, Civic, CIVIC_MEDIEVAL_FAIRES, 120.6, 50
46, 10, Civic, CIVIC_GUILDS, 256.3, 2
46, 10, Civic, CIVIC_DIVINE_RIGHT, 182.8, 39
46, 10, Civic, CIVIC_EXPLORATION, 317.2, 141
46, 10, Civic, CIVIC_HUMANISM, 256.3, 121
46, 10, Civic, CIVIC_DIPLOMATIC_SERVICE, 256.3, 72
46, 10, Civic, CIVIC_REFORMED_CHURCH, 439.1, 92
46, 10, Policies, POLICY_URBAN_PLANNING, 14.0
46, 10, Policies, POLICY_CARAVANSARIES, 14.0
46, 10, Policies, POLICY_CONSCRIPTION, 44.0
46, 10, Policies, POLICY_CHARISMATIC_LEADER, 14.0
46, 10, Policies, POLICY_BASTIONS, 6.0
46, 10, Policies, POLICY_LIMES, 20.0
46, 10, Policies, POLICY_RETAINERS, 77.0
46, 10, Policies, POLICY_TRADE_CONFEDERATION, 28.0
46, 10, Policies, POLICY_PRAETORIUM, 23.0
46, 10, Policies, POLICY_CIVIL_PRESTIGE, 135.0
46, 10, Policies, POLICY_SOVEREIGN_STATE, 90.0
46, 12, Civic, CIVIC_MILITARY_TRAINING, 192.7, 1
46, 12, Civic, CIVIC_NAVAL_TRADITION, 57.9, 25
46, 12, Civic, CIVIC_MERCENARIES, 234.0, 39
46, 12, Civic, CIVIC_MEDIEVAL_FAIRES, 23.7, 46
46, 12, Civic, CIVIC_GUILDS, 140.7, 1
46, 12, Civic, CIVIC_DIVINE_RIGHT, 140.0, 36
46, 12, Civic, CIVIC_EXPLORATION, 257.6, 134
46, 12, Civic, CIVIC_HUMANISM, 164.3, 113
46, 12, Civic, CIVIC_DIPLOMATIC_SERVICE, 140.7, 67
46, 12, Civic, CIVIC_REFORMED_CHURCH, 280.7, 86
46, 12, Civic, CIVIC_MERCANTILISM, 164.3, 192
46, 12, Civic, CIVIC_THE_ENLIGHTENMENT, 164.3, 258
46, 12, Policies, POLICY_URBAN_PLANNING, 14.0
46, 12, Policies, POLICY_CARAVANSARIES, 14.0
46, 12, Policies, POLICY_CONSCRIPTION, 36.0
46, 12, Policies, POLICY_INSULAE, 14.0
46, 12, Policies, POLICY_CHARISMATIC_LEADER, 14.0
46, 12, Policies, POLICY_BASTIONS, 6.0
46, 12, Policies, POLICY_LIMES, 20.0
46, 12, Policies, POLICY_NATURAL_PHILOSOPHY, 28.0
46, 12, Policies, POLICY_TRADE_CONFEDERATION, 28.0
46, 12, Policies, POLICY_PRAETORIUM, 23.0
46, 12, Policies, POLICY_CIVIL_PRESTIGE, 100.0
46, 12, Policies, POLICY_EQUESTRIAN_ORDERS, 48.0
46, 12, Policies, POLICY_SOVEREIGN_STATE, 90.0
46, 13, Civic, CIVIC_MILITARY_TRAINING, 164.7, 1
46, 13, Civic, CIVIC_NAVAL_TRADITION, 65.9, 25
46, 13, Civic, CIVIC_FEUDALISM, 120.6, 1
46, 13, Civic, CIVIC_MERCENARIES, 317.2, 41
46, 13, Civic, CIVIC_MEDIEVAL_FAIRES, 120.6, 50
46, 13, Civic, CIVIC_GUILDS, 256.3, 2
46, 13, Civic, CIVIC_DIVINE_RIGHT, 151.3, 39
46, 13, Civic, CIVIC_EXPLORATION, 317.2, 141
46, 13, Civic, CIVIC_HUMANISM, 256.3, 121
46, 13, Civic, CIVIC_DIPLOMATIC_SERVICE, 256.3, 72
46, 13, Civic, CIVIC_REFORMED_CHURCH, 407.6, 92
46, 13, Policies, POLICY_URBAN_PLANNING, 14.0
46, 13, Policies, POLICY_CARAVANSARIES, 14.0
46, 13, Policies, POLICY_CONSCRIPTION, 29.0
46, 13, Policies, POLICY_INSULAE, 29.0
46, 13, Policies, POLICY_CHARISMATIC_LEADER, 14.0
46, 13, Policies, POLICY_BASTIONS, 6.0
46, 13, Policies, POLICY_LIMES, 22.0
46, 13, Policies, POLICY_NAVAL_INFRASTRUCTURE, 28.0
46, 13, Policies, POLICY_RETAINERS, 75.0
46, 13, Policies, POLICY_TRADE_CONFEDERATION, 28.0
46, 13, Policies, POLICY_PRAETORIUM, 14.0
46, 13, Policies, POLICY_CIVIL_PRESTIGE, 104.0
46, 13, Policies, POLICY_SOVEREIGN_STATE, 90.0
46, 14, Civic, CIVIC_MILITARY_TRAINING, 164.7, 1
46, 14, Civic, CIVIC_NAVAL_TRADITION, 63.9, 26
46, 14, Civic, CIVIC_CIVIL_SERVICE, 210.7, 1
46, 14, Civic, CIVIC_MERCENARIES, 196.6, 41
46, 14, Civic, CIVIC_MEDIEVAL_FAIRES, 0.0, 50
46, 14, Civic, CIVIC_GUILDS, 347.4, 2
46, 14, Civic, CIVIC_DIVINE_RIGHT, 359.4, 41
46, 14, Civic, CIVIC_EXPLORATION, 196.6, 143
46, 14, Civic, CIVIC_HUMANISM, 347.4, 123
46, 14, Civic, CIVIC_DIPLOMATIC_SERVICE, 347.4, 73
46, 14, Civic, CIVIC_REFORMED_CHURCH, 496.1, 94
46, 14, Policies, POLICY_URBAN_PLANNING, 14.0
46, 14, Policies, POLICY_CARAVANSARIES, 29.0
46, 14, Policies, POLICY_CONSCRIPTION, 29.0
46, 14, Policies, POLICY_INSULAE, 34.0
46, 14, Policies, POLICY_CHARISMATIC_LEADER, 14.0
46, 14, Policies, POLICY_BASTIONS, 6.0
46, 14, Policies, POLICY_LIMES, 12.0
46, 14, Policies, POLICY_NAVAL_INFRASTRUCTURE, 28.0
46, 14, Policies, POLICY_RETAINERS, 14.0
46, 14, Policies, POLICY_TRADE_CONFEDERATION, 58.0
46, 14, Policies, POLICY_TOWN_CHARTERS, 21.0
46, 14, Policies, POLICY_PRAETORIUM, 26.0
46, 14, Policies, POLICY_CIVIL_PRESTIGE, 48.0
46, 14, Policies, POLICY_SOVEREIGN_STATE, 90.0
46, 15, Civic, CIVIC_MILITARY_TRAINING, 164.7, 1
46, 15, Civic, CIVIC_NAVAL_TRADITION, 61.4, 24
46, 15, Civic, CIVIC_CIVIL_SERVICE, 210.7, 1
46, 15, Civic, CIVIC_MERCENARIES, 198.0, 39
46, 15, Civic, CIVIC_MEDIEVAL_FAIRES, 23.6, 47
46, 15, Civic, CIVIC_GUILDS, 346.4, 2
46, 15, Civic, CIVIC_DIVINE_RIGHT, 368.2, 39
46, 15, Civic, CIVIC_EXPLORATION, 221.6, 135
46, 15, Civic, CIVIC_HUMANISM, 370.1, 116
46, 15, Civic, CIVIC_DIPLOMATIC_SERVICE, 346.4, 69
46, 15, Civic, CIVIC_REFORMED_CHURCH, 504.0, 89
46, 15, Policies, POLICY_URBAN_PLANNING, 14.0
46, 15, Policies, POLICY_CARAVANSARIES, 14.0
46, 15, Policies, POLICY_CONSCRIPTION, 51.0
46, 15, Policies, POLICY_CHARISMATIC_LEADER, 14.0
46, 15, Policies, POLICY_BASTIONS, 6.0
46, 15, Policies, POLICY_LIMES, 21.0
46, 15, Policies, POLICY_TRADE_CONFEDERATION, 28.0
46, 15, Policies, POLICY_PRAETORIUM, 29.0
46, 15, Policies, POLICY_CIVIL_PRESTIGE, 62.0
46, 15, Policies, POLICY_EQUESTRIAN_ORDERS, 18.0
46, 15, Policies, POLICY_SOVEREIGN_STATE, 90.0
46, 16, Civic, CIVIC_MILITARY_TRAINING, 181.7, 1
46, 16, Civic, CIVIC_THEOLOGY, 174.7, 1
46, 16, Civic, CIVIC_NAVAL_TRADITION, 51.8, 28
46, 16, Civic, CIVIC_CIVIL_SERVICE, 262.7, 1
46, 16, Civic, CIVIC_MERCENARIES, 209.7, 43
46, 16, Civic, CIVIC_MEDIEVAL_FAIRES, 0.0, 52
46, 16, Civic, CIVIC_GUILDS, 398.4, 2
46, 16, Civic, CIVIC_DIVINE_RIGHT, 612.2, 44
46, 16, Civic, CIVIC_EXPLORATION, 209.7, 150
46, 16, Civic, CIVIC_HUMANISM, 398.4, 129
46, 16, Civic, CIVIC_DIPLOMATIC_SERVICE, 398.4, 77
46, 16, Civic, CIVIC_REFORMED_CHURCH, 747.9, 100
46, 16, Policies, POLICY_GOD_KING, 21.0
46, 16, Policies, POLICY_URBAN_PLANNING, 14.0
46, 16, Policies, POLICY_CARAVANSARIES, 14.0
46, 16, Policies, POLICY_CONSCRIPTION, 14.0
46, 16, Policies, POLICY_CHARISMATIC_LEADER, 14.0
46, 16, Policies, POLICY_BASTIONS, 6.0
46, 16, Policies, POLICY_LIMES, 21.0
46, 16, Policies, POLICY_FEUDAL_CONTRACT, 3.0
46, 16, Policies, POLICY_TRADE_CONFEDERATION, 28.0
46, 16, Policies, POLICY_PRAETORIUM, 29.0
46, 16, Policies, POLICY_CIVIL_PRESTIGE, 133.0
46, 16, Policies, POLICY_EQUESTRIAN_ORDERS, 37.0
46, 16, Policies, POLICY_SOVEREIGN_STATE, 90.0
46, 17, Civic, CIVIC_MILITARY_TRAINING, 200.7, 1
46, 17, Civic, CIVIC_THEOLOGY, 174.7, 1
46, 17, Civic, CIVIC_NAVAL_TRADITION, 50.7, 29
46, 17, Civic, CIVIC_CIVIL_SERVICE, 213.7, 1
46, 17, Civic, CIVIC_MERCENARIES, 225.7, 46
46, 17, Civic, CIVIC_MEDIEVAL_FAIRES, 0.0, 55
46, 17, Civic, CIVIC_GUILDS, 349.4, 2
46, 17, Civic, CIVIC_DIVINE_RIGHT, 516.1, 47
46, 17, Civic, CIVIC_EXPLORATION, 225.7, 159
46, 17, Civic, CIVIC_HUMANISM, 349.4, 136
46, 17, Civic, CIVIC_DIPLOMATIC_SERVICE, 349.4, 81
46, 17, Civic, CIVIC_REFORMED_CHURCH, 651.9, 106
46, 17, Policies, POLICY_GOD_KING, 21.0
46, 17, Policies, POLICY_URBAN_PLANNING, 14.0
46, 17, Policies, POLICY_CARAVANSARIES, 14.0
46, 17, Policies, POLICY_CONSCRIPTION, 51.0
46, 17, Policies, POLICY_CHARISMATIC_LEADER, 14.0
46, 17, Policies, POLICY_BASTIONS, 6.0
46, 17, Policies, POLICY_LIMES, 21.0
46, 17, Policies, POLICY_TRADE_CONFEDERATION, 28.0
46, 17, Policies, POLICY_PRAETORIUM, 29.0
46, 17, Policies, POLICY_CIVIL_PRESTIGE, 93.0
46, 17, Policies, POLICY_EQUESTRIAN_ORDERS, 56.0
46, 17, Policies, POLICY_SOVEREIGN_STATE, 90.0
46, 20, Civic, CIVIC_MILITARY_TRAINING, 164.7, 1
46, 20, Civic, CIVIC_NAVAL_TRADITION, 63.4, 22
46, 20, Civic, CIVIC_MERCENARIES, 213.4, 35
46, 20, Civic, CIVIC_MEDIEVAL_FAIRES, 27.3, 42
46, 20, Civic, CIVIC_GUILDS, 140.7, 1
46, 20, Civic, CIVIC_DIVINE_RIGHT, 133.7, 32
46, 20, Civic, CIVIC_EXPLORATION, 240.7, 121
46, 20, Civic, CIVIC_HUMANISM, 168.0, 103
46, 20, Civic, CIVIC_DIPLOMATIC_SERVICE, 140.7, 61
46, 20, Civic, CIVIC_REFORMED_CHURCH, 274.4, 77
46, 20, Civic, CIVIC_MERCANTILISM, 168.0, 175
46, 20, Civic, CIVIC_THE_ENLIGHTENMENT, 168.0, 235
46, 20, Policies, POLICY_URBAN_PLANNING, 14.0
46, 20, Policies, POLICY_CARAVANSARIES, 14.0
46, 20, Policies, POLICY_CONSCRIPTION, 44.0
46, 20, Policies, POLICY_CHARISMATIC_LEADER, 14.0
46, 20, Policies, POLICY_LIMES, 33.0
46, 20, Policies, POLICY_RETAINERS, 77.0
46, 20, Policies, POLICY_TRADE_CONFEDERATION, 28.0
46, 20, Policies, POLICY_PRAETORIUM, 20.0
46, 20, Policies, POLICY_CIVIL_PRESTIGE, 134.0
46, 20, Policies, POLICY_SOVEREIGN_STATE, 90.0
46, 21, Civic, CIVIC_MILITARY_TRAINING, 207.7, 1
46, 21, Civic, CIVIC_THEOLOGY, 174.7, 1
46, 21, Civic, CIVIC_NAVAL_TRADITION, 50.7, 29
46, 21, Civic, CIVIC_CIVIL_SERVICE, 257.7, 1
46, 21, Civic, CIVIC_MERCENARIES, 266.4, 29
46, 21, Civic, CIVIC_MEDIEVAL_FAIRES, 0.0, 55
46, 21, Civic, CIVIC_GUILDS, 393.4, 2
46, 21, Civic, CIVIC_DIVINE_RIGHT, 594.7, 47
46, 21, Civic, CIVIC_EXPLORATION, 266.4, 142
46, 21, Civic, CIVIC_HUMANISM, 393.4, 136
46, 21, Civic, CIVIC_DIPLOMATIC_SERVICE, 393.4, 81
46, 21, Civic, CIVIC_REFORMED_CHURCH, 730.4, 106
46, 21, Policies, POLICY_GOD_KING, 21.0
46, 21, Policies, POLICY_URBAN_PLANNING, 14.0
46, 21, Policies, POLICY_CARAVANSARIES, 14.0
46, 21, Policies, POLICY_CONSCRIPTION, 58.0
46, 21, Policies, POLICY_CHARISMATIC_LEADER, 14.0
46, 21, Policies, POLICY_BASTIONS, 6.0
46, 21, Policies, POLICY_LIMES, 13.0
46, 21, Policies, POLICY_TRADE_CONFEDERATION, 28.0
46, 21, Policies, POLICY_PRAETORIUM, 26.0
46, 21, Policies, POLICY_CIVIL_PRESTIGE, 138.0
46, 21, Policies, POLICY_EQUESTRIAN_ORDERS, 63.0
46, 21, Policies, POLICY_SOVEREIGN_STATE, 90.0
46, 62, Civic, CIVIC_MILITARY_TRADITION, 58.1, 20
46, 62, Civic, CIVIC_STATE_WORKFORCE, 56.5, 28
46, 62, Civic, CIVIC_MYSTICISM, 92.3, 20
46, 62, Civic, CIVIC_GAMES_RECREATION, 56.5, 83
46, 62, Civic, CIVIC_POLITICAL_PHILOSOPHY, 56.5, 83
46, 62, Civic, CIVIC_DRAMA_POETRY, 0.0, 55
46, 62, Civic, CIVIC_MILITARY_TRAINING, 114.6, 163
46, 62, Civic, CIVIC_DEFENSIVE_TACTICS, 56.5, 225
46, 62, Civic, CIVIC_RECORDED_HISTORY, 56.5, 225
46, 62, Civic, CIVIC_THEOLOGY, 92.3, 135
46, 62, Policies, POLICY_CARAVANSARIES, 14.0
46, 0, Civic, CIVIC_MYSTICISM, 275.3, 1
46, 0, Civic, CIVIC_THEOLOGY, 443.7, 2
46, 0, Civic, CIVIC_NAVAL_TRADITION, 133.5, 3
46, 0, Civic, CIVIC_MERCENARIES, 247.5, 3
46, 0, Civic, CIVIC_MEDIEVAL_FAIRES, 42162.8, 3
46, 0, Civic, CIVIC_DIVINE_RIGHT, 1102.1, 5
46, 0, Civic, CIVIC_EXPLORATION, 43332.0, 11
46, 0, Civic, CIVIC_HUMANISM, 42291.1, 10
46, 0, Civic, CIVIC_DIPLOMATIC_SERVICE, 462.7, 4
46, 0, Civic, CIVIC_MERCANTILISM, 42516.8, 15
46, 0, Civic, CIVIC_THE_ENLIGHTENMENT, 42972.1, 19
46, 0, Policies, POLICY_SURVEY, 15.0
46, 0, Policies, POLICY_GOD_KING, 21.0
46, 0, Policies, POLICY_URBAN_PLANNING, 147.0
46, 0, Policies, POLICY_CARAVANSARIES, 91.0
46, 0, Policies, POLICY_CONSCRIPTION, 44.0
46, 0, Policies, POLICY_LAND_SURVEYORS, 212.5
46, 0, Policies, POLICY_COLONIZATION, 103.0
46, 0, Policies, POLICY_INSPIRATION, 25.0
46, 0, Policies, POLICY_INSULAE, 268.0
46, 0, Policies, POLICY_CHARISMATIC_LEADER, 14.0
46, 0, Policies, POLICY_DIPLOMATIC_LEAGUE, 225.0
46, 0, Policies, POLICY_LITERARY_TRADITION, 15.0
46, 0, Policies, POLICY_RAID, 1908.0
46, 0, Policies, POLICY_LIMES, 832.0
46, 0, Policies, POLICY_NATURAL_PHILOSOPHY, 163.0
46, 0, Policies, POLICY_NAVAL_INFRASTRUCTURE, 18.0
46, 0, Policies, POLICY_NAVIGATION, 15.0
46, 0, Policies, POLICY_RETAINERS, 28.0
46, 0, Policies, POLICY_TRADE_CONFEDERATION, 171.0
46, 0, Policies, POLICY_MERCHANT_CONFEDERATION, 45.0
46, 0, Policies, POLICY_TOWN_CHARTERS, 112.0
46, 0, Policies, POLICY_TRAVELING_MERCHANTS, 28.0
46, 0, Policies, POLICY_CHIVALRY, 15.0
46, 0, Policies, POLICY_COLONIAL_OFFICES, 458.0
46, 0, Policies, POLICY_INVENTION, 37.0
46, 0, Policies, POLICY_FRESCOES, 15.0
46, 0, Policies, POLICY_LOGISTICS, 62.0
46, 0, Policies, POLICY_TRIANGULAR_TRADE, 223.0
46, 0, Policies, POLICY_RATIONALISM, 165.0
46, 0, Policies, POLICY_FREE_MARKET, 100.0
46, 0, Policies, POLICY_LIBERALISM, 84.0
46, 0, Policies, POLICY_PRAETORIUM, 659.0
46, 0, Policies, POLICY_CIVIL_PRESTIGE, 427.0
46, 1, Civic, CIVIC_MYSTICISM, 306.4, 1
46, 1, Civic, CIVIC_THEOLOGY, 474.8, 2
46, 1, Civic, CIVIC_NAVAL_TRADITION, 171.6, 1
46, 1, Civic, CIVIC_DIVINE_RIGHT, 1074.7, 3
46, 1, Civic, CIVIC_EXPLORATION, 1051.2, 1
46, 1, Civic, CIVIC_HUMANISM, 210.8, 1
46, 1, Civic, CIVIC_DIPLOMATIC_SERVICE, 532.6, 1
46, 1, Civic, CIVIC_MERCANTILISM, 656.5, 2
46, 1, Civic, CIVIC_THE_ENLIGHTENMENT, 1101.8, 3
46, 1, Civic, CIVIC_COLONIALISM, 1445.0, 3
46, 1, Civic, CIVIC_CIVIL_ENGINEERING, 41511.8, 4
46, 1, Civic, CIVIC_NATIONALISM, 41204.4, 5
46, 1, Civic, CIVIC_OPERA_BALLET, 1311.2, 4
46, 1, Policies, POLICY_SURVEY, 7.0
46, 1, Policies, POLICY_GOD_KING, 23.0
46, 1, Policies, POLICY_URBAN_PLANNING, 132.0
46, 1, Policies, POLICY_CARAVANSARIES, 102.0
46, 1, Policies, POLICY_CONSCRIPTION, 7.0
46, 1, Policies, POLICY_LAND_SURVEYORS, 149.5
46, 1, Policies, POLICY_COLONIZATION, 110.0
46, 1, Policies, POLICY_INSPIRATION, 31.0
46, 1, Policies, POLICY_CHARISMATIC_LEADER, 14.0
46, 1, Policies, POLICY_DIPLOMATIC_LEAGUE, 225.0
46, 1, Policies, POLICY_LITERARY_TRADITION, 31.0
46, 1, Policies, POLICY_RAID, 1725.0
46, 1, Policies, POLICY_LIMES, 495.0
46, 1, Policies, POLICY_NATURAL_PHILOSOPHY, 159.0
46, 1, Policies, POLICY_NAVIGATION, 47.0
46, 1, Policies, POLICY_RETAINERS, 28.0
46, 1, Policies, POLICY_TRADE_CONFEDERATION, 187.0
46, 1, Policies, POLICY_MERCHANT_CONFEDERATION, 144.0
46, 1, Policies, POLICY_CRAFTSMEN, 80.0
46, 1, Policies, POLICY_TOWN_CHARTERS, 182.0
46, 1, Policies, POLICY_TRAVELING_MERCHANTS, 37.0
46, 1, Policies, POLICY_COLONIAL_OFFICES, 589.0
46, 1, Policies, POLICY_INVENTION, 70.0
46, 1, Policies, POLICY_FRESCOES, 31.0
46, 1, Policies, POLICY_LOGISTICS, 11.0
46, 1, Policies, POLICY_TRIANGULAR_TRADE, 274.0
46, 1, Policies, POLICY_RATIONALISM, 257.0
46, 1, Policies, POLICY_FREE_MARKET, 135.0
46, 1, Policies, POLICY_LIBERALISM, 70.0
46, 1, Policies, POLICY_COLONIAL_TAXES, 684.0
46, 1, Policies, POLICY_PUBLIC_WORKS, 16.0
46, 1, Policies, POLICY_NATIONAL_IDENTITY, 1.0
46, 1, Policies, POLICY_SYMPHONIES, 62.0
46, 1, Policies, POLICY_ECONOMIC_UNION, 205.0
46, 1, Policies, POLICY_PRAETORIUM, 815.0
46, 1, Policies, POLICY_CIVIL_PRESTIGE, 474.0
46, 1, Policies, POLICY_EQUESTRIAN_ORDERS, 93.0
46, 1, Policies, POLICY_EMPIRICAL_METHOD, 234.0
46, 1, Policies, POLICY_MASTER_ARTISANS, 73.0
46, 2, Civic, CIVIC_MILITARY_TRAINING, 2785.0, 1
46, 2, Civic, CIVIC_NAVAL_TRADITION, 162.5, 2
46, 2, Civic, CIVIC_MERCENARIES, 2096.1, 3
46, 2, Civic, CIVIC_EXPLORATION, 2893.7, 7
46, 2, Civic, CIVIC_HUMANISM, 140.3, 6
46, 2, Civic, CIVIC_DIPLOMATIC_SERVICE, 485.7, 3
46, 2, Civic, CIVIC_REFORMED_CHURCH, 1128.4, 4
46, 2, Civic, CIVIC_MERCANTILISM, 402.7, 13
46, 2, Civic, CIVIC_THE_ENLIGHTENMENT, 781.0, 16
46, 2, Civic, CIVIC_COLONIALISM, 499.8, 20
46, 2, Civic, CIVIC_CIVIL_ENGINEERING, 50926.4, 22
46, 2, Civic, CIVIC_NATIONALISM, 46978.6, 25
46, 2, Civic, CIVIC_OPERA_BALLET, 873.2, 23
46, 2, Policies, POLICY_SURVEY, 37.0
46, 2, Policies, POLICY_URBAN_PLANNING, 126.0
46, 2, Policies, POLICY_CARAVANSARIES, 61.0
46, 2, Policies, POLICY_CONSCRIPTION, 14.0
46, 2, Policies, POLICY_LAND_SURVEYORS, 239.5
46, 2, Policies, POLICY_COLONIZATION, 98.0
46, 2, Policies, POLICY_INSPIRATION, 15.0
46, 2, Policies, POLICY_CHARISMATIC_LEADER, 14.0
46, 2, Policies, POLICY_DIPLOMATIC_LEAGUE, 337.0
46, 2, Policies, POLICY_LITERARY_TRADITION, 15.0
46, 2, Policies, POLICY_RAID, 1725.0
46, 2, Policies, POLICY_LIMES, 899.0
46, 2, Policies, POLICY_NATURAL_PHILOSOPHY, 84.0
46, 2, Policies, POLICY_SCRIPTURE, 202.0
46, 2, Policies, POLICY_NAVAL_INFRASTRUCTURE, 31.0
46, 2, Policies, POLICY_NAVIGATION, 31.0
46, 2, Policies, POLICY_RETAINERS, 14.0
46, 2, Policies, POLICY_TRADE_CONFEDERATION, 110.0
46, 2, Policies, POLICY_MERCHANT_CONFEDERATION, 61.0
46, 2, Policies, POLICY_TOWN_CHARTERS, 80.0
46, 2, Policies, POLICY_TRAVELING_MERCHANTS, 18.0
46, 2, Policies, POLICY_CHIVALRY, 16.0
46, 2, Policies, POLICY_COLONIAL_OFFICES, 369.0
46, 2, Policies, POLICY_INVENTION, 31.0
46, 2, Policies, POLICY_FRESCOES, 15.0
46, 2, Policies, POLICY_RELIGIOUS_ORDERS, 20.0
46, 2, Policies, POLICY_SIMULTANEUM, 586.0
46, 2, Policies, POLICY_LOGISTICS, 18.0
46, 2, Policies, POLICY_TRIANGULAR_TRADE, 198.0
46, 2, Policies, POLICY_RATIONALISM, 100.0
46, 2, Policies, POLICY_FREE_MARKET, 45.0
46, 2, Policies, POLICY_LIBERALISM, 42.0
46, 2, Policies, POLICY_COLONIAL_TAXES, 535.0
46, 2, Policies, POLICY_PUBLIC_WORKS, 24.0
46, 2, Policies, POLICY_NATIONAL_IDENTITY, 1.0
46, 2, Policies, POLICY_SYMPHONIES, 31.0
46, 2, Policies, POLICY_ECONOMIC_UNION, 102.0
46, 2, Policies, POLICY_PRAETORIUM, 467.0
46, 2, Policies, POLICY_CIVIL_PRESTIGE, 317.0
46, 2, Policies, POLICY_EMPIRICAL_METHOD, 88.0
46, 3, Civic, CIVIC_NAVAL_TRADITION, 139.5, 2
46, 3, Civic, CIVIC_MERCENARIES, 375.6, 1
46, 3, Civic, CIVIC_MEDIEVAL_FAIRES, 1414643.8, 2
46, 3, Civic, CIVIC_DIVINE_RIGHT, 780.9, 1
46, 3, Civic, CIVIC_EXPLORATION, 1415977.0, 6
46, 3, Civic, CIVIC_HUMANISM, 1414784.0, 6
46, 3, Civic, CIVIC_DIPLOMATIC_SERVICE, 485.7, 3
46, 3, Civic, CIVIC_REFORMED_CHURCH, 3792.7, 3
46, 3, Civic, CIVIC_MERCANTILISM, 1415342.1, 9
46, 3, Civic, CIVIC_THE_ENLIGHTENMENT, 1415776.0, 12
46, 3, Policies, POLICY_SURVEY, 37.0
46, 3, Policies, POLICY_URBAN_PLANNING, 180.0
46, 3, Policies, POLICY_CARAVANSARIES, 163.0
46, 3, Policies, POLICY_LAND_SURVEYORS, 312.5
46, 3, Policies, POLICY_COLONIZATION, 185.0
46, 3, Policies, POLICY_INSPIRATION, 15.0
46, 3, Policies, POLICY_INSULAE, 335.0
46, 3, Policies, POLICY_CHARISMATIC_LEADER, 14.0
46, 3, Policies, POLICY_DIPLOMATIC_LEAGUE, 225.0
46, 3, Policies, POLICY_LITERARY_TRADITION, 15.0
46, 3, Policies, POLICY_RAID, 2280.0
46, 3, Policies, POLICY_LIMES, 283.0
46, 3, Policies, POLICY_NATURAL_PHILOSOPHY, 38.0
46, 3, Policies, POLICY_SCRIPTURE, 1498.0
46, 3, Policies, POLICY_NAVIGATION, 15.0
46, 3, Policies, POLICY_TRADE_CONFEDERATION, 245.0
46, 3, Policies, POLICY_MERCHANT_CONFEDERATION, 122.0
46, 3, Policies, POLICY_TOWN_CHARTERS, 108.0
46, 3, Policies, POLICY_TRAVELING_MERCHANTS, 21.0
46, 3, Policies, POLICY_COLONIAL_OFFICES, 342.0
46, 3, Policies, POLICY_INVENTION, 31.0
46, 3, Policies, POLICY_FRESCOES, 15.0
46, 3, Policies, POLICY_RELIGIOUS_ORDERS, 5.0
46, 3, Policies, POLICY_SIMULTANEUM, 2518.0
46, 3, Policies, POLICY_LOGISTICS, 2.0
46, 3, Policies, POLICY_TRIANGULAR_TRADE, 476.0
46, 3, Policies, POLICY_FREE_MARKET, 286.0
46, 3, Policies, POLICY_LIBERALISM, 372.0
46, 3, Policies, POLICY_PRAETORIUM, 441.0
46, 3, Policies, POLICY_CIVIL_PRESTIGE, 875.0
46, 3, Policies, POLICY_EQUESTRIAN_ORDERS, 30.0
46, 4, Civic, CIVIC_NAVAL_TRADITION, 156.6, 1
46, 4, Civic, CIVIC_EXPLORATION, 1133.3, 2
46, 4, Civic, CIVIC_HUMANISM, 191.0, 2
46, 4, Civic, CIVIC_REFORMED_CHURCH, 568.7, 2
46, 4, Civic, CIVIC_MERCANTILISM, 469.2, 5
46, 4, Civic, CIVIC_THE_ENLIGHTENMENT, 629.5, 3
46, 4, Civic, CIVIC_COLONIALISM, 1327.8, 8
46, 4, Civic, CIVIC_CIVIL_ENGINEERING, 2329314.3, 7
46, 4, Civic, CIVIC_NATIONALISM, 2489794.0, 5
46, 4, Civic, CIVIC_OPERA_BALLET, 828.2, 6
46, 4, Policies, POLICY_SURVEY, 23.0
46, 4, Policies, POLICY_URBAN_PLANNING, 189.0
46, 4, Policies, POLICY_CARAVANSARIES, 74.0
46, 4, Policies, POLICY_CONSCRIPTION, 36.0
46, 4, Policies, POLICY_LAND_SURVEYORS, 325.0
46, 4, Policies, POLICY_COLONIZATION, 177.0
46, 4, Policies, POLICY_INSPIRATION, 29.0
46, 4, Policies, POLICY_CHARISMATIC_LEADER, 14.0
46, 4, Policies, POLICY_DIPLOMATIC_LEAGUE, 337.0
46, 4, Policies, POLICY_LITERARY_TRADITION, 18.0
46, 4, Policies, POLICY_RAID, 2092.0
46, 4, Policies, POLICY_LIMES, 1237.0
46, 4, Policies, POLICY_NATURAL_PHILOSOPHY, 280.0
46, 4, Policies, POLICY_NAVIGATION, 15.0
46, 4, Policies, POLICY_RETAINERS, 216.0
46, 4, Policies, POLICY_PROFESSIONAL_ARMY, 39.0
46, 4, Policies, POLICY_TRADE_CONFEDERATION, 139.0
46, 4, Policies, POLICY_MERCHANT_CONFEDERATION, 212.0
46, 4, Policies, POLICY_AESTHETICS, 88.0
46, 4, Policies, POLICY_CRAFTSMEN, 70.0
46, 4, Policies, POLICY_TOWN_CHARTERS, 153.0
46, 4, Policies, POLICY_TRAVELING_MERCHANTS, 21.0
46, 4, Policies, POLICY_COLONIAL_OFFICES, 591.0
46, 4, Policies, POLICY_INVENTION, 56.0
46, 4, Policies, POLICY_FRESCOES, 18.0
46, 4, Policies, POLICY_MACHIAVELLIANISM, 162.0
46, 4, Policies, POLICY_RELIGIOUS_ORDERS, 62.0
46, 4, Policies, POLICY_LOGISTICS, 66.0
46, 4, Policies, POLICY_TRIANGULAR_TRADE, 179.0
46, 4, Policies, POLICY_RATIONALISM, 365.0
46, 4, Policies, POLICY_FREE_MARKET, 102.0
46, 4, Policies, POLICY_LIBERALISM, 258.0
46, 4, Policies, POLICY_COLONIAL_TAXES, 895.0
46, 4, Policies, POLICY_PUBLIC_WORKS, 55.0
46, 4, Policies, POLICY_NATIONAL_IDENTITY, 6.0
46, 4, Policies, POLICY_GRAND_OPERA, 88.0
46, 4, Policies, POLICY_SYMPHONIES, 31.0
46, 4, Policies, POLICY_ECONOMIC_UNION, 116.0
46, 4, Policies, POLICY_PRAETORIUM, 840.0
46, 4, Policies, POLICY_CIVIL_PRESTIGE, 958.0
46, 4, Policies, POLICY_DRILL_MANUALS, 50.0
46, 4, Policies, POLICY_EMPIRICAL_METHOD, 380.0
46, 4, Policies, POLICY_MASTER_ARTISANS, 58.0
46, 2, Civic, CIVIC_MILITARY_TRAINING, 2785.0, 1
46, 2, Civic, CIVIC_NAVAL_TRADITION, 162.5, 2
46, 2, Civic, CIVIC_MERCENARIES, 2096.1, 3
46, 2, Civic, CIVIC_EXPLORATION, 2893.7, 7
46, 2, Civic, CIVIC_HUMANISM, 140.3, 6
46, 2, Civic, CIVIC_DIPLOMATIC_SERVICE, 485.7, 3
46, 2, Civic, CIVIC_REFORMED_CHURCH, 1128.4, 4
46, 2, Civic, CIVIC_MERCANTILISM, 402.7, 13
46, 2, Civic, CIVIC_THE_ENLIGHTENMENT, 781.0, 16
46, 2, Civic, CIVIC_COLONIALISM, 499.8, 20
46, 2, Civic, CIVIC_CIVIL_ENGINEERING, 50926.4, 22
46, 2, Civic, CIVIC_NATIONALISM, 46978.6, 25
46, 2, Civic, CIVIC_OPERA_BALLET, 873.2, 23
46, 2, Policies, POLICY_SURVEY, 37.0
46, 2, Policies, POLICY_URBAN_PLANNING, 126.0
46, 2, Policies, POLICY_CARAVANSARIES, 61.0
46, 2, Policies, POLICY_CONSCRIPTION, 14.0
46, 2, Policies, POLICY_LAND_SURVEYORS, 239.5
46, 2, Policies, POLICY_COLONIZATION, 98.0
46, 2, Policies, POLICY_INSPIRATION, 15.0
46, 2, Policies, POLICY_CHARISMATIC_LEADER, 14.0
46, 2, Policies, POLICY_DIPLOMATIC_LEAGUE, 337.0
46, 2, Policies, POLICY_LITERARY_TRADITION, 15.0
46, 2, Policies, POLICY_RAID, 1725.0
46, 2, Policies, POLICY_LIMES, 899.0
46, 2, Policies, POLICY_NATURAL_PHILOSOPHY, 84.0
46, 2, Policies, POLICY_SCRIPTURE, 202.0
46, 2, Policies, POLICY_NAVAL_INFRASTRUCTURE, 31.0
46, 2, Policies, POLICY_NAVIGATION, 31.0
46, 2, Policies, POLICY_RETAINERS, 14.0
46, 2, Policies, POLICY_TRADE_CONFEDERATION, 110.0
46, 2, Policies, POLICY_MERCHANT_CONFEDERATION, 61.0
46, 2, Policies, POLICY_TOWN_CHARTERS, 80.0
46, 2, Policies, POLICY_TRAVELING_MERCHANTS, 18.0
46, 2, Policies, POLICY_CHIVALRY, 16.0
46, 2, Policies, POLICY_COLONIAL_OFFICES, 369.0
46, 2, Policies, POLICY_INVENTION, 31.0
46, 2, Policies, POLICY_FRESCOES, 15.0
46, 2, Policies, POLICY_RELIGIOUS_ORDERS, 20.0
46, 2, Policies, POLICY_SIMULTANEUM, 586.0
46, 2, Policies, POLICY_LOGISTICS, 18.0
46, 2, Policies, POLICY_TRIANGULAR_TRADE, 198.0
46, 2, Policies, POLICY_RATIONALISM, 100.0
46, 2, Policies, POLICY_FREE_MARKET, 45.0
46, 2, Policies, POLICY_LIBERALISM, 42.0
46, 2, Policies, POLICY_COLONIAL_TAXES, 535.0
46, 2, Policies, POLICY_PUBLIC_WORKS, 24.0
46, 2, Policies, POLICY_NATIONAL_IDENTITY, 1.0
46, 2, Policies, POLICY_SYMPHONIES, 31.0
46, 2, Policies, POLICY_ECONOMIC_UNION, 102.0
46, 2, Policies, POLICY_PRAETORIUM, 467.0
46, 2, Policies, POLICY_CIVIL_PRESTIGE, 317.0
46, 2, Policies, POLICY_EMPIRICAL_METHOD, 88.0
46, 2, Civic, CIVIC_MILITARY_TRAINING, 2785.0, 1
46, 2, Civic, CIVIC_NAVAL_TRADITION, 162.5, 2
46, 2, Civic, CIVIC_MERCENARIES, 2096.1, 3
46, 2, Civic, CIVIC_EXPLORATION, 2893.7, 7
46, 2, Civic, CIVIC_HUMANISM, 140.3, 6
46, 2, Civic, CIVIC_DIPLOMATIC_SERVICE, 485.7, 3
46, 2, Civic, CIVIC_REFORMED_CHURCH, 1128.4, 4
46, 2, Civic, CIVIC_MERCANTILISM, 402.7, 13
46, 2, Civic, CIVIC_THE_ENLIGHTENMENT, 781.0, 16
46, 2, Civic, CIVIC_COLONIALISM, 499.8, 20
46, 2, Civic, CIVIC_CIVIL_ENGINEERING, 50926.4, 22
46, 2, Civic, CIVIC_NATIONALISM, 46978.6, 25
46, 2, Civic, CIVIC_OPERA_BALLET, 873.2, 23
46, 2, Policies, POLICY_SURVEY, 37.0
46, 2, Policies, POLICY_URBAN_PLANNING, 126.0
46, 2, Policies, POLICY_CARAVANSARIES, 61.0
46, 2, Policies, POLICY_CONSCRIPTION, 14.0
46, 2, Policies, POLICY_LAND_SURVEYORS, 239.5
46, 2, Policies, POLICY_COLONIZATION, 98.0
46, 2, Policies, POLICY_INSPIRATION, 15.0
46, 2, Policies, POLICY_CHARISMATIC_LEADER, 14.0
46, 2, Policies, POLICY_DIPLOMATIC_LEAGUE, 337.0
46, 2, Policies, POLICY_LITERARY_TRADITION, 15.0
46, 2, Policies, POLICY_RAID, 1725.0
46, 2, Policies, POLICY_LIMES, 899.0
46, 2, Policies, POLICY_NATURAL_PHILOSOPHY, 84.0
46, 2, Policies, POLICY_SCRIPTURE, 202.0
46, 2, Policies, POLICY_NAVAL_INFRASTRUCTURE, 31.0
46, 2, Policies, POLICY_NAVIGATION, 31.0
46, 2, Policies, POLICY_RETAINERS, 14.0
46, 2, Policies, POLICY_TRADE_CONFEDERATION, 110.0
46, 2, Policies, POLICY_MERCHANT_CONFEDERATION, 61.0
46, 2, Policies, POLICY_TOWN_CHARTERS, 80.0
46, 2, Policies, POLICY_TRAVELING_MERCHANTS, 18.0
46, 2, Policies, POLICY_CHIVALRY, 16.0
46, 2, Policies, POLICY_COLONIAL_OFFICES, 369.0
46, 2, Policies, POLICY_INVENTION, 31.0
46, 2, Policies, POLICY_FRESCOES, 15.0
46, 2, Policies, POLICY_RELIGIOUS_ORDERS, 20.0
46, 2, Policies, POLICY_SIMULTANEUM, 586.0
46, 2, Policies, POLICY_LOGISTICS, 18.0
46, 2, Policies, POLICY_TRIANGULAR_TRADE, 198.0
46, 2, Policies, POLICY_RATIONALISM, 100.0
46, 2, Policies, POLICY_FREE_MARKET, 45.0
46, 2, Policies, POLICY_LIBERALISM, 42.0
46, 2, Policies, POLICY_COLONIAL_TAXES, 535.0
46, 2, Policies, POLICY_PUBLIC_WORKS, 24.0
46, 2, Policies, POLICY_NATIONAL_IDENTITY, 1.0
46, 2, Policies, POLICY_SYMPHONIES, 31.0
46, 2, Policies, POLICY_ECONOMIC_UNION, 102.0
46, 2, Policies, POLICY_PRAETORIUM, 467.0
46, 2, Policies, POLICY_CIVIL_PRESTIGE, 317.0
46, 2, Policies, POLICY_EMPIRICAL_METHOD, 88.0
46, 3, Civic, CIVIC_NAVAL_TRADITION, 139.5, 2
46, 3, Civic, CIVIC_MERCENARIES, 375.6, 1
46, 3, Civic, CIVIC_MEDIEVAL_FAIRES, 1414643.8, 2
46, 3, Civic, CIVIC_DIVINE_RIGHT, 780.9, 1
46, 3, Civic, CIVIC_EXPLORATION, 1415977.0, 6
46, 3, Civic, CIVIC_HUMANISM, 1414784.0, 6
46, 3, Civic, CIVIC_DIPLOMATIC_SERVICE, 485.7, 3
46, 3, Civic, CIVIC_REFORMED_CHURCH, 3792.7, 3
46, 3, Civic, CIVIC_MERCANTILISM, 1415342.1, 9
46, 3, Civic, CIVIC_THE_ENLIGHTENMENT, 1415776.0, 12
46, 3, Policies, POLICY_SURVEY, 37.0
46, 3, Policies, POLICY_URBAN_PLANNING, 180.0
46, 3, Policies, POLICY_CARAVANSARIES, 163.0
46, 3, Policies, POLICY_LAND_SURVEYORS, 312.5
46, 3, Policies, POLICY_COLONIZATION, 185.0
46, 3, Policies, POLICY_INSPIRATION, 15.0
46, 3, Policies, POLICY_INSULAE, 335.0
46, 3, Policies, POLICY_CHARISMATIC_LEADER, 14.0
46, 3, Policies, POLICY_DIPLOMATIC_LEAGUE, 225.0
46, 3, Policies, POLICY_LITERARY_TRADITION, 15.0
46, 3, Policies, POLICY_RAID, 2280.0
46, 3, Policies, POLICY_LIMES, 283.0
46, 3, Policies, POLICY_NATURAL_PHILOSOPHY, 38.0
46, 3, Policies, POLICY_SCRIPTURE, 1498.0
46, 3, Policies, POLICY_NAVIGATION, 15.0
46, 3, Policies, POLICY_TRADE_CONFEDERATION, 245.0
46, 3, Policies, POLICY_MERCHANT_CONFEDERATION, 122.0
46, 3, Policies, POLICY_TOWN_CHARTERS, 108.0
46, 3, Policies, POLICY_TRAVELING_MERCHANTS, 21.0
46, 3, Policies, POLICY_COLONIAL_OFFICES, 342.0
46, 3, Policies, POLICY_INVENTION, 31.0
46, 3, Policies, POLICY_FRESCOES, 15.0
46, 3, Policies, POLICY_RELIGIOUS_ORDERS, 5.0
46, 3, Policies, POLICY_SIMULTANEUM, 2518.0
46, 3, Policies, POLICY_LOGISTICS, 2.0
46, 3, Policies, POLICY_TRIANGULAR_TRADE, 476.0
46, 3, Policies, POLICY_FREE_MARKET, 286.0
46, 3, Policies, POLICY_LIBERALISM, 372.0
46, 3, Policies, POLICY_PRAETORIUM, 441.0
46, 3, Policies, POLICY_CIVIL_PRESTIGE, 875.0
46, 3, Policies, POLICY_EQUESTRIAN_ORDERS, 30.0
46, 3, Civic, CIVIC_NAVAL_TRADITION, 139.5, 2
46, 3, Civic, CIVIC_MERCENARIES, 375.6, 1
46, 3, Civic, CIVIC_MEDIEVAL_FAIRES, 1414643.8, 2
46, 3, Civic, CIVIC_DIVINE_RIGHT, 780.9, 1
46, 3, Civic, CIVIC_EXPLORATION, 1415977.0, 6
46, 3, Civic, CIVIC_HUMANISM, 1414784.0, 6
46, 3, Civic, CIVIC_DIPLOMATIC_SERVICE, 485.7, 3
46, 3, Civic, CIVIC_REFORMED_CHURCH, 3792.7, 3
46, 3, Civic, CIVIC_MERCANTILISM, 1415342.1, 9
46, 3, Civic, CIVIC_THE_ENLIGHTENMENT, 1415776.0, 12
46, 3, Policies, POLICY_SURVEY, 37.0
46, 3, Policies, POLICY_URBAN_PLANNING, 180.0
46, 3, Policies, POLICY_CARAVANSARIES, 163.0
46, 3, Policies, POLICY_LAND_SURVEYORS, 312.5
46, 3, Policies, POLICY_COLONIZATION, 185.0
46, 3, Policies, POLICY_INSPIRATION, 15.0
46, 3, Policies, POLICY_INSULAE, 335.0
46, 3, Policies, POLICY_CHARISMATIC_LEADER, 14.0
46, 3, Policies, POLICY_DIPLOMATIC_LEAGUE, 225.0
46, 3, Policies, POLICY_LITERARY_TRADITION, 15.0
46, 3, Policies, POLICY_RAID, 2280.0
46, 3, Policies, POLICY_LIMES, 283.0
46, 3, Policies, POLICY_NATURAL_PHILOSOPHY, 38.0
46, 3, Policies, POLICY_SCRIPTURE, 1498.0
46, 3, Policies, POLICY_NAVIGATION, 15.0
46, 3, Policies, POLICY_TRADE_CONFEDERATION, 245.0
46, 3, Policies, POLICY_MERCHANT_CONFEDERATION, 122.0
46, 3, Policies, POLICY_TOWN_CHARTERS, 108.0
46, 3, Policies, POLICY_TRAVELING_MERCHANTS, 21.0
46, 3, Policies, POLICY_COLONIAL_OFFICES, 342.0
46, 3, Policies, POLICY_INVENTION, 31.0
46, 3, Policies, POLICY_FRESCOES, 15.0
46, 3, Policies, POLICY_RELIGIOUS_ORDERS, 5.0
46, 3, Policies, POLICY_SIMULTANEUM, 2518.0
46, 3, Policies, POLICY_LOGISTICS, 2.0
46, 3, Policies, POLICY_TRIANGULAR_TRADE, 476.0
46, 3, Policies, POLICY_FREE_MARKET, 286.0
46, 3, Policies, POLICY_LIBERALISM, 372.0
46, 3, Policies, POLICY_PRAETORIUM, 441.0
46, 3, Policies, POLICY_CIVIL_PRESTIGE, 875.0
46, 3, Policies, POLICY_EQUESTRIAN_ORDERS, 30.0
47, 5, Civic, CIVIC_MILITARY_TRAINING, 1731.7, 1
47, 5, Civic, CIVIC_THEOLOGY, 1699.7, 1
47, 5, Civic, CIVIC_NAVAL_TRADITION, 133.5, 3
47, 5, Civic, CIVIC_MERCENARIES, 1855.3, 5
47, 5, Civic, CIVIC_MEDIEVAL_FAIRES, 36564.2, 5
47, 5, Civic, CIVIC_GUILDS, 40258.8, 2
47, 5, Civic, CIVIC_DIVINE_RIGHT, 1346.9, 5
47, 5, Civic, CIVIC_EXPLORATION, 40058.7, 18
47, 5, Civic, CIVIC_HUMANISM, 76902.2, 18
47, 5, Civic, CIVIC_DIPLOMATIC_SERVICE, 40627.0, 9
47, 5, Civic, CIVIC_REFORMED_CHURCH, 42557.6, 12
47, 5, Civic, CIVIC_MERCANTILISM, 77151.3, 31
47, 5, Civic, CIVIC_THE_ENLIGHTENMENT, 77316.6, 33
47, 5, Policies, POLICY_SURVEY, 36.0
47, 5, Policies, POLICY_GOD_KING, 6.0
47, 5, Policies, POLICY_URBAN_PLANNING, 168.0
47, 5, Policies, POLICY_CARAVANSARIES, 45.0
47, 5, Policies, POLICY_CONSCRIPTION, 206.0
47, 5, Policies, POLICY_LAND_SURVEYORS, 10.5
47, 5, Policies, POLICY_COLONIZATION, 68.0
47, 5, Policies, POLICY_INSPIRATION, 25.0
47, 5, Policies, POLICY_INSULAE, 318.0
47, 5, Policies, POLICY_CHARISMATIC_LEADER, 14.0
47, 5, Policies, POLICY_DIPLOMATIC_LEAGUE, 225.0
47, 5, Policies, POLICY_LITERARY_TRADITION, 15.0
47, 5, Policies, POLICY_RAID, 1899.0
47, 5, Policies, POLICY_BASTIONS, 42.0
47, 5, Policies, POLICY_LIMES, 388.0
47, 5, Policies, POLICY_NATURAL_PHILOSOPHY, 153.0
47, 5, Policies, POLICY_SCRIPTURE, 102.0
47, 5, Policies, POLICY_NAVIGATION, 47.0
47, 5, Policies, POLICY_FEUDAL_CONTRACT, 64.0
47, 5, Policies, POLICY_RETAINERS, 149.0
47, 5, Policies, POLICY_PROFESSIONAL_ARMY, 66.0
47, 5, Policies, POLICY_TRADE_CONFEDERATION, 86.0
47, 5, Policies, POLICY_CRAFTSMEN, 86.0
47, 5, Policies, POLICY_TOWN_CHARTERS, 36.0
47, 5, Policies, POLICY_TRAVELING_MERCHANTS, 21.0
47, 5, Policies, POLICY_CHIVALRY, 36.0
47, 5, Policies, POLICY_COLONIAL_OFFICES, 1154.0
47, 5, Policies, POLICY_INVENTION, 64.0
47, 5, Policies, POLICY_FRESCOES, 15.0
47, 5, Policies, POLICY_WARS_OF_RELIGION, 10.0
47, 5, Policies, POLICY_RELIGIOUS_ORDERS, 291.0
47, 5, Policies, POLICY_LOGISTICS, 415.0
47, 5, Policies, POLICY_TRIANGULAR_TRADE, 82.0
47, 5, Policies, POLICY_RATIONALISM, 183.0
47, 5, Policies, POLICY_FREE_MARKET, 50.0
47, 5, Policies, POLICY_LIBERALISM, 394.0
47, 5, Policies, POLICY_PRAETORIUM, 2015.0
47, 5, Policies, POLICY_CIVIL_PRESTIGE, 1041.0
47, 5, Policies, POLICY_EQUESTRIAN_ORDERS, 96.0
47, 5, Policies, POLICY_DRILL_MANUALS, 71.0
47, 5, Policies, POLICY_SIEGE, 12.0
47, 5, Policies, POLICY_HARD_SHELL_EXPLOSIVES, 12.0
47, 6, Civic, CIVIC_NAVAL_TRADITION, 151.5, 2
47, 6, Civic, CIVIC_MERCENARIES, 151.5, 2
47, 6, Civic, CIVIC_MEDIEVAL_FAIRES, 0.0, 1
47, 6, Civic, CIVIC_EXPLORATION, 1665.0, 8
47, 6, Civic, CIVIC_HUMANISM, 189.6, 7
47, 6, Civic, CIVIC_DIPLOMATIC_SERVICE, 462.7, 4
47, 6, Civic, CIVIC_REFORMED_CHURCH, 1066.1, 3
47, 6, Civic, CIVIC_MERCANTILISM, 388.7, 12
47, 6, Civic, CIVIC_THE_ENLIGHTENMENT, 657.2, 16
47, 6, Policies, POLICY_SURVEY, 72.0
47, 6, Policies, POLICY_URBAN_PLANNING, 147.0
47, 6, Policies, POLICY_CARAVANSARIES, 45.0
47, 6, Policies, POLICY_CONSCRIPTION, 206.0
47, 6, Policies, POLICY_LAND_SURVEYORS, 224.0
47, 6, Policies, POLICY_COLONIZATION, 62.0
47, 6, Policies, POLICY_INSPIRATION, 28.0
47, 6, Policies, POLICY_INSULAE, 413.0
47, 6, Policies, POLICY_CHARISMATIC_LEADER, 14.0
47, 6, Policies, POLICY_DIPLOMATIC_LEAGUE, 337.0
47, 6, Policies, POLICY_LITERARY_TRADITION, 31.0
47, 6, Policies, POLICY_RAID, 1899.0
47, 6, Policies, POLICY_BASTIONS, 36.0
47, 6, Policies, POLICY_LIMES, 357.0
47, 6, Policies, POLICY_NATURAL_PHILOSOPHY, 99.0
47, 6, Policies, POLICY_SCRIPTURE, 174.0
47, 6, Policies, POLICY_NAVIGATION, 31.0
47, 6, Policies, POLICY_FEUDAL_CONTRACT, 21.0
47, 6, Policies, POLICY_RETAINERS, 221.0
47, 6, Policies, POLICY_PROFESSIONAL_ARMY, 10.0
47, 6, Policies, POLICY_TRADE_CONFEDERATION, 87.0
47, 6, Policies, POLICY_TOWN_CHARTERS, 36.0
47, 6, Policies, POLICY_TRAVELING_MERCHANTS, 29.0
47, 6, Policies, POLICY_COLONIAL_OFFICES, 968.0
47, 6, Policies, POLICY_INVENTION, 53.0
47, 6, Policies, POLICY_FRESCOES, 31.0
47, 6, Policies, POLICY_RELIGIOUS_ORDERS, 281.0
47, 6, Policies, POLICY_SIMULTANEUM, 469.0
47, 6, Policies, POLICY_LOGISTICS, 294.0
47, 6, Policies, POLICY_TRIANGULAR_TRADE, 132.0
47, 6, Policies, POLICY_RATIONALISM, 120.0
47, 6, Policies, POLICY_FREE_MARKET, 50.0
47, 6, Policies, POLICY_LIBERALISM, 235.0
47, 6, Policies, POLICY_PRAETORIUM, 1521.0
47, 6, Policies, POLICY_CIVIL_PRESTIGE, 1060.0
47, 6, Policies, POLICY_EQUESTRIAN_ORDERS, 15.0
47, 7, Completed Civic, CIVIC_HUMANISM
47, 7, Slot Policy, POLICY_RETAINERS, 176
47, 7, Slot Policy, POLICY_CONSCRIPTION, 206
47, 7, Slot Policy, POLICY_CIVIL_PRESTIGE, 806
47, 7, Slot Policy, POLICY_PRAETORIUM, 1624
47, 7, Slot Policy, POLICY_LIMES, 161
47, 7, Slot Policy, POLICY_NATURAL_PHILOSOPHY, 151
47, 7, Civic, CIVIC_MYSTICISM, 295.4, 1
47, 7, Civic, CIVIC_MILITARY_TRAINING, 1916.7, 1
47, 7, Civic, CIVIC_THEOLOGY, 3112.8, 2
47, 7, Civic, CIVIC_NAVAL_TRADITION, 144.6, 1
47, 7, Civic, CIVIC_MERCENARIES, 2050.1, 3
47, 7, Civic, CIVIC_DIVINE_RIGHT, 1588.4, 4
47, 7, Civic, CIVIC_EXPLORATION, 3545.2, 5
47, 7, Civic, CIVIC_MERCANTILISM, 422.6, 3
47, 7, Civic, CIVIC_THE_ENLIGHTENMENT, 302.2, 3
47, 7, Civic, CIVIC_COLONIALISM, 1247.2, 9
47, 7, Civic, CIVIC_CIVIL_ENGINEERING, 10635.1, 10
47, 7, Civic, CIVIC_NATIONALISM, 11108.3, 10
47, 7, Civic, CIVIC_OPERA_BALLET, 530.6, 9
47, 7, Civic, CIVIC_NATURAL_HISTORY, 1420.7, 16
47, 7, Civic, CIVIC_SCORCHED_EARTH, 7492.8, 19
47, 7, Civic, CIVIC_URBANIZATION, 21851.6, 29
47, 7, Policies, POLICY_SURVEY, 77.0
47, 7, Policies, POLICY_GOD_KING, 22.0
47, 7, Policies, POLICY_URBAN_PLANNING, 126.0
47, 7, Policies, POLICY_CARAVANSARIES, 24.0
47, 7, Policies, POLICY_CONSCRIPTION, 213.0
47, 7, Policies, POLICY_LAND_SURVEYORS, 82.0
47, 7, Policies, POLICY_COLONIZATION, 38.0
47, 7, Policies, POLICY_INSPIRATION, 58.0
47, 7, Policies, POLICY_CHARISMATIC_LEADER, 14.0
47, 7, Policies, POLICY_DIPLOMATIC_LEAGUE, 225.0
47, 7, Policies, POLICY_LITERARY_TRADITION, 50.0
47, 7, Policies, POLICY_RAID, 2081.0
47, 7, Policies, POLICY_BASTIONS, 30.0
47, 7, Policies, POLICY_LIMES, 252.0
47, 7, Policies, POLICY_NATURAL_PHILOSOPHY, 148.0
47, 7, Policies, POLICY_SCRIPTURE, 160.0
47, 7, Policies, POLICY_NAVIGATION, 31.0
47, 7, Policies, POLICY_RETAINERS, 171.0
47, 7, Policies, POLICY_PROFESSIONAL_ARMY, 112.0
47, 7, Policies, POLICY_TRADE_CONFEDERATION, 53.0
47, 7, Policies, POLICY_AESTHETICS, 43.0
47, 7, Policies, POLICY_TRAVELING_MERCHANTS, 29.0
47, 7, Policies, POLICY_COLONIAL_OFFICES, 972.0
47, 7, Policies, POLICY_INVENTION, 59.0
47, 7, Policies, POLICY_FRESCOES, 50.0
47, 7, Policies, POLICY_MACHIAVELLIANISM, 38.0
47, 7, Policies, POLICY_LOGISTICS, 329.0
47, 7, Policies, POLICY_TRIANGULAR_TRADE, 59.0
47, 7, Policies, POLICY_RATIONALISM, 82.0
47, 7, Policies, POLICY_LIBERALISM, 257.0
47, 7, Policies, POLICY_COLONIAL_TAXES, 1026.0
47, 7, Policies, POLICY_SYMPHONIES, 94.0
47, 7, Policies, POLICY_TOTAL_WAR, 2081.0
47, 7, Policies, POLICY_EXPROPRIATION, 120.0
47, 7, Policies, POLICY_MILITARY_RESEARCH, 1072.0
47, 7, Policies, POLICY_PRAETORIUM, 1636.0
47, 7, Policies, POLICY_CIVIL_PRESTIGE, 1202.0
47, 7, Policies, POLICY_EQUESTRIAN_ORDERS, 85.0
47, 7, Policies, POLICY_FORCE_MODERNIZATION, 112.0
47, 7, Policies, POLICY_EMPIRICAL_METHOD, 116.0
47, 8, Completed Civic, CIVIC_HUMANISM
47, 8, Slot Policy, POLICY_RAID, 1755
47, 8, Slot Policy, POLICY_CONSCRIPTION, 287
47, 8, Slot Policy, POLICY_CIVIL_PRESTIGE, 889
47, 8, Slot Policy, POLICY_PRAETORIUM, 1876
47, 8, Slot Policy, POLICY_URBAN_PLANNING, 126
47, 8, Civic, CIVIC_MYSTICISM, 300.5, 1
47, 8, Civic, CIVIC_THEOLOGY, 11212.7, 2
47, 8, Civic, CIVIC_NAVAL_TRADITION, 144.6, 1
47, 8, Civic, CIVIC_MERCENARIES, 139.5, 2
47, 8, Civic, CIVIC_DIVINE_RIGHT, 1670.0, 4
47, 8, Civic, CIVIC_EXPLORATION, 1801.1, 4
47, 8, Civic, CIVIC_DIPLOMATIC_SERVICE, 485.7, 3
47, 8, Civic, CIVIC_MERCANTILISM, 566.7, 4
47, 8, Civic, CIVIC_THE_ENLIGHTENMENT, 898.6, 7
47, 8, Civic, CIVIC_COLONIALISM, 1691.9, 11
47, 8, Civic, CIVIC_CIVIL_ENGINEERING, 5025.0, 12
47, 8, Civic, CIVIC_NATIONALISM, 5428.3, 15
47, 8, Civic, CIVIC_OPERA_BALLET, 1016.1, 14
47, 8, Civic, CIVIC_NATURAL_HISTORY, 1851.4, 19
47, 8, Policies, POLICY_SURVEY, 21.0
47, 8, Policies, POLICY_GOD_KING, 24.0
47, 8, Policies, POLICY_URBAN_PLANNING, 126.0
47, 8, Policies, POLICY_CARAVANSARIES, 22.0
47, 8, Policies, POLICY_CONSCRIPTION, 294.0
47, 8, Policies, POLICY_LAND_SURVEYORS, 119.5
47, 8, Policies, POLICY_COLONIZATION, 19.0
47, 8, Policies, POLICY_INSPIRATION, 20.0
47, 8, Policies, POLICY_CHARISMATIC_LEADER, 14.0
47, 8, Policies, POLICY_DIPLOMATIC_LEAGUE, 225.0
47, 8, Policies, POLICY_LITERARY_TRADITION, 15.0
47, 8, Policies, POLICY_RAID, 1899.0
47, 8, Policies, POLICY_BASTIONS, 30.0
47, 8, Policies, POLICY_LIMES, 511.0
47, 8, Policies, POLICY_NATURAL_PHILOSOPHY, 73.0
47, 8, Policies, POLICY_SCRIPTURE, 351.0
47, 8, Policies, POLICY_NAVIGATION, 15.0
47, 8, Policies, POLICY_RETAINERS, 260.0
47, 8, Policies, POLICY_PROFESSIONAL_ARMY, 22.0
47, 8, Policies, POLICY_TRADE_CONFEDERATION, 44.0
47, 8, Policies, POLICY_AESTHETICS, 14.0
47, 8, Policies, POLICY_CRAFTSMEN, 64.0
47, 8, Policies, POLICY_TRAVELING_MERCHANTS, 21.0
47, 8, Policies, POLICY_COLONIAL_OFFICES, 1209.0
47, 8, Policies, POLICY_INVENTION, 64.0
47, 8, Policies, POLICY_FRESCOES, 15.0
47, 8, Policies, POLICY_LOGISTICS, 610.0
47, 8, Policies, POLICY_TRIANGULAR_TRADE, 58.0
47, 8, Policies, POLICY_LIBERALISM, 504.0
47, 8, Policies, POLICY_COLONIAL_TAXES, 1288.0
47, 8, Policies, POLICY_SYMPHONIES, 31.0
47, 8, Policies, POLICY_PRAETORIUM, 2126.0
47, 8, Policies, POLICY_CIVIL_PRESTIGE, 873.0
47, 8, Policies, POLICY_DRILL_MANUALS, 45.0
47, 8, Policies, POLICY_EMPIRICAL_METHOD, 43.0
47, 8, Policies, POLICY_MASTER_ARTISANS, 44.0
47, 9, Civic, CIVIC_MYSTICISM, 275.3, 1
47, 9, Civic, CIVIC_THEOLOGY, 3262.7, 2
47, 9, Civic, CIVIC_NAVAL_TRADITION, 139.5, 2
47, 9, Civic, CIVIC_MERCENARIES, 133.5, 3
47, 9, Civic, CIVIC_MEDIEVAL_FAIRES, 0.0, 1
47, 9, Civic, CIVIC_DIVINE_RIGHT, 1470.0, 5
47, 9, Civic, CIVIC_EXPLORATION, 1680.8, 10
47, 9, Civic, CIVIC_HUMANISM, 129.3, 6
47, 9, Civic, CIVIC_DIPLOMATIC_SERVICE, 440.9, 5
47, 9, Civic, CIVIC_MERCANTILISM, 620.9, 15
47, 9, Civic, CIVIC_THE_ENLIGHTENMENT, 635.5, 17
47, 9, Policies, POLICY_SURVEY, 21.0
47, 9, Policies, POLICY_GOD_KING, 7.0
47, 9, Policies, POLICY_URBAN_PLANNING, 126.0
47, 9, Policies, POLICY_CARAVANSARIES, 25.0
47, 9, Policies, POLICY_CONSCRIPTION, 279.0
47, 9, Policies, POLICY_LAND_SURVEYORS, 51.0
47, 9, Policies, POLICY_COLONIZATION, 22.0
47, 9, Policies, POLICY_INSPIRATION, 25.0
47, 9, Policies, POLICY_INSULAE, 186.0
47, 9, Policies, POLICY_CHARISMATIC_LEADER, 14.0
47, 9, Policies, POLICY_DIPLOMATIC_LEAGUE, 225.0
47, 9, Policies, POLICY_LITERARY_TRADITION, 15.0
47, 9, Policies, POLICY_RAID, 2144.0
47, 9, Policies, POLICY_BASTIONS, 36.0
47, 9, Policies, POLICY_LIMES, 470.0
47, 9, Policies, POLICY_NATURAL_PHILOSOPHY, 114.0
47, 9, Policies, POLICY_SCRIPTURE, 116.0
47, 9, Policies, POLICY_NAVIGATION, 15.0
47, 9, Policies, POLICY_FEUDAL_CONTRACT, 48.0
47, 9, Policies, POLICY_RETAINERS, 28.0
47, 9, Policies, POLICY_TRADE_CONFEDERATION, 43.0
47, 9, Policies, POLICY_CRAFTSMEN, 71.0
47, 9, Policies, POLICY_TRAVELING_MERCHANTS, 21.0
47, 9, Policies, POLICY_CHIVALRY, 30.0
47, 9, Policies, POLICY_COLONIAL_OFFICES, 996.0
47, 9, Policies, POLICY_INVENTION, 64.0
47, 9, Policies, POLICY_FRESCOES, 15.0
47, 9, Policies, POLICY_LOGISTICS, 554.0
47, 9, Policies, POLICY_TRIANGULAR_TRADE, 46.0
47, 9, Policies, POLICY_LIBERALISM, 150.0
47, 9, Policies, POLICY_PRAETORIUM, 1773.0
47, 9, Policies, POLICY_CIVIL_PRESTIGE, 565.0
47, 9, Policies, POLICY_EQUESTRIAN_ORDERS, 15.0
47, 9, Policies, POLICY_DRILL_MANUALS, 45.0
47, 9, Policies, POLICY_SIEGE, 9.0
47, 10, Civic, CIVIC_MILITARY_TRAINING, 164.7, 1
47, 10, Civic, CIVIC_NAVAL_TRADITION, 61.4, 24
47, 10, Civic, CIVIC_MERCENARIES, 206.0, 39
47, 10, Civic, CIVIC_MEDIEVAL_FAIRES, 140.7, 1
47, 10, Civic, CIVIC_GUILDS, 140.7, 1
47, 10, Civic, CIVIC_DIVINE_RIGHT, 188.1, 38
47, 10, Civic, CIVIC_EXPLORATION, 346.6, 90
47, 10, Civic, CIVIC_HUMANISM, 281.3, 71
47, 10, Civic, CIVIC_DIPLOMATIC_SERVICE, 140.7, 70
47, 10, Civic, CIVIC_REFORMED_CHURCH, 328.7, 89
47, 10, Civic, CIVIC_MERCANTILISM, 281.3, 154
47, 10, Civic, CIVIC_THE_ENLIGHTENMENT, 281.3, 223
47, 10, Policies, POLICY_URBAN_PLANNING, 14.0
47, 10, Policies, POLICY_CARAVANSARIES, 14.0
47, 10, Policies, POLICY_CONSCRIPTION, 44.0
47, 10, Policies, POLICY_CHARISMATIC_LEADER, 14.0
47, 10, Policies, POLICY_BASTIONS, 6.0
47, 10, Policies, POLICY_LIMES, 20.0
47, 10, Policies, POLICY_RETAINERS, 77.0
47, 10, Policies, POLICY_TRADE_CONFEDERATION, 28.0
47, 10, Policies, POLICY_PRAETORIUM, 23.0
47, 10, Policies, POLICY_CIVIL_PRESTIGE, 138.0
47, 10, Policies, POLICY_SOVEREIGN_STATE, 90.0
47, 12, Civic, CIVIC_MILITARY_TRAINING, 192.7, 1
47, 12, Civic, CIVIC_NAVAL_TRADITION, 62.0, 23
47, 12, Civic, CIVIC_MERCENARIES, 236.2, 37
47, 12, Civic, CIVIC_MEDIEVAL_FAIRES, 140.7, 1
47, 12, Civic, CIVIC_GUILDS, 140.7, 1
47, 12, Civic, CIVIC_DIVINE_RIGHT, 125.1, 33
47, 12, Civic, CIVIC_EXPLORATION, 376.9, 84
47, 12, Civic, CIVIC_HUMANISM, 281.3, 65
47, 12, Civic, CIVIC_DIPLOMATIC_SERVICE, 140.7, 64
47, 12, Civic, CIVIC_REFORMED_CHURCH, 265.8, 80
47, 12, Civic, CIVIC_MERCANTILISM, 281.3, 140
47, 12, Civic, CIVIC_THE_ENLIGHTENMENT, 281.3, 203
47, 12, Policies, POLICY_URBAN_PLANNING, 14.0
47, 12, Policies, POLICY_CARAVANSARIES, 14.0
47, 12, Policies, POLICY_CONSCRIPTION, 36.0
47, 12, Policies, POLICY_CHARISMATIC_LEADER, 14.0
47, 12, Policies, POLICY_BASTIONS, 6.0
47, 12, Policies, POLICY_LIMES, 21.0
47, 12, Policies, POLICY_NATURAL_PHILOSOPHY, 28.0
47, 12, Policies, POLICY_TRADE_CONFEDERATION, 28.0
47, 12, Policies, POLICY_PRAETORIUM, 29.0
47, 12, Policies, POLICY_CIVIL_PRESTIGE, 14.0
47, 12, Policies, POLICY_EQUESTRIAN_ORDERS, 48.0
47, 12, Policies, POLICY_SOVEREIGN_STATE, 90.0
47, 13, Civic, CIVIC_MILITARY_TRAINING, 164.7, 1
47, 13, Civic, CIVIC_NAVAL_TRADITION, 69.4, 24
47, 13, Civic, CIVIC_MERCENARIES, 206.0, 39
47, 13, Civic, CIVIC_MEDIEVAL_FAIRES, 140.7, 1
47, 13, Civic, CIVIC_GUILDS, 140.7, 1
47, 13, Civic, CIVIC_DIVINE_RIGHT, 153.6, 38
47, 13, Civic, CIVIC_EXPLORATION, 346.6, 90
47, 13, Civic, CIVIC_HUMANISM, 281.3, 71
47, 13, Civic, CIVIC_DIPLOMATIC_SERVICE, 140.7, 70
47, 13, Civic, CIVIC_REFORMED_CHURCH, 294.2, 89
47, 13, Civic, CIVIC_MERCANTILISM, 281.3, 154
47, 13, Civic, CIVIC_THE_ENLIGHTENMENT, 281.3, 223
47, 13, Policies, POLICY_URBAN_PLANNING, 14.0
47, 13, Policies, POLICY_CARAVANSARIES, 14.0
47, 13, Policies, POLICY_CONSCRIPTION, 29.0
47, 13, Policies, POLICY_INSULAE, 44.0
47, 13, Policies, POLICY_CHARISMATIC_LEADER, 14.0
47, 13, Policies, POLICY_BASTIONS, 6.0
47, 13, Policies, POLICY_LIMES, 22.0
47, 13, Policies, POLICY_NAVAL_INFRASTRUCTURE, 28.0
47, 13, Policies, POLICY_RETAINERS, 77.0
47, 13, Policies, POLICY_TRADE_CONFEDERATION, 28.0
47, 13, Policies, POLICY_PRAETORIUM, 14.0
47, 13, Policies, POLICY_CIVIL_PRESTIGE, 121.0
47, 13, Policies, POLICY_SOVEREIGN_STATE, 90.0
47, 14, Civic, CIVIC_MILITARY_TRAINING, 164.7, 1
47, 14, Civic, CIVIC_NAVAL_TRADITION, 65.9, 25
47, 14, Civic, CIVIC_MERCENARIES, 236.6, 40
47, 14, Civic, CIVIC_MEDIEVAL_FAIRES, 140.7, 1
47, 14, Civic, CIVIC_GUILDS, 141.7, 1
47, 14, Civic, CIVIC_DIVINE_RIGHT, 151.2, 39
47, 14, Civic, CIVIC_EXPLORATION, 377.2, 92
47, 14, Civic, CIVIC_HUMANISM, 282.3, 72
47, 14, Civic, CIVIC_DIPLOMATIC_SERVICE, 141.7, 71
47, 14, Civic, CIVIC_REFORMED_CHURCH, 292.9, 91
47, 14, Civic, CIVIC_MERCANTILISM, 282.3, 156
47, 14, Civic, CIVIC_THE_ENLIGHTENMENT, 282.3, 226
47, 14, Policies, POLICY_URBAN_PLANNING, 14.0
47, 14, Policies, POLICY_CARAVANSARIES, 29.0
47, 14, Policies, POLICY_CONSCRIPTION, 14.0
47, 14, Policies, POLICY_INSULAE, 35.0
47, 14, Policies, POLICY_CHARISMATIC_LEADER, 14.0
47, 14, Policies, POLICY_BASTIONS, 6.0
47, 14, Policies, POLICY_LIMES, 12.0
47, 14, Policies, POLICY_NAVAL_INFRASTRUCTURE, 28.0
47, 14, Policies, POLICY_FEUDAL_CONTRACT, 1.0
47, 14, Policies, POLICY_RETAINERS, 14.0
47, 14, Policies, POLICY_TRADE_CONFEDERATION, 58.0
47, 14, Policies, POLICY_TOWN_CHARTERS, 21.0
47, 14, Policies, POLICY_PRAETORIUM, 26.0
47, 14, Policies, POLICY_CIVIL_PRESTIGE, 49.0
47, 14, Policies, POLICY_SOVEREIGN_STATE, 90.0
47, 15, Civic, CIVIC_MILITARY_TRAINING, 164.7, 1
47, 15, Civic, CIVIC_NAVAL_TRADITION, 61.4, 24
47, 15, Civic, CIVIC_MERCENARIES, 208.6, 38
47, 15, Civic, CIVIC_MEDIEVAL_FAIRES, 140.7, 1
47, 15, Civic, CIVIC_GUILDS, 140.7, 1
47, 15, Civic, CIVIC_DIVINE_RIGHT, 160.7, 37
47, 15, Civic, CIVIC_EXPLORATION, 349.3, 87
47, 15, Civic, CIVIC_HUMANISM, 281.3, 68
47, 15, Civic, CIVIC_DIPLOMATIC_SERVICE, 140.7, 67
47, 15, Civic, CIVIC_REFORMED_CHURCH, 301.4, 86
47, 15, Civic, CIVIC_MERCANTILISM, 281.3, 147
47, 15, Civic, CIVIC_THE_ENLIGHTENMENT, 281.3, 213
47, 15, Policies, POLICY_URBAN_PLANNING, 14.0
47, 15, Policies, POLICY_CARAVANSARIES, 14.0
47, 15, Policies, POLICY_CONSCRIPTION, 51.0
47, 15, Policies, POLICY_CHARISMATIC_LEADER, 14.0
47, 15, Policies, POLICY_BASTIONS, 6.0
47, 15, Policies, POLICY_LIMES, 13.0
47, 15, Policies, POLICY_TRADE_CONFEDERATION, 28.0
47, 15, Policies, POLICY_PRAETORIUM, 29.0
47, 15, Policies, POLICY_CIVIL_PRESTIGE, 65.0
47, 15, Policies, POLICY_EQUESTRIAN_ORDERS, 18.0
47, 15, Policies, POLICY_SOVEREIGN_STATE, 90.0
47, 16, Civic, CIVIC_MILITARY_TRAINING, 181.7, 1
47, 16, Civic, CIVIC_NAVAL_TRADITION, 52.7, 27
47, 16, Civic, CIVIC_CIVIL_SERVICE, 253.7, 1
47, 16, Civic, CIVIC_MERCENARIES, 217.7, 43
47, 16, Civic, CIVIC_MEDIEVAL_FAIRES, 140.7, 1
47, 16, Civic, CIVIC_GUILDS, 389.4, 2
47, 16, Civic, CIVIC_DIVINE_RIGHT, 452.1, 43
47, 16, Civic, CIVIC_EXPLORATION, 358.4, 98
47, 16, Civic, CIVIC_HUMANISM, 530.1, 77
47, 16, Civic, CIVIC_DIPLOMATIC_SERVICE, 389.4, 76
47, 16, Civic, CIVIC_REFORMED_CHURCH, 587.9, 98
47, 16, Policies, POLICY_URBAN_PLANNING, 14.0
47, 16, Policies, POLICY_CARAVANSARIES, 14.0
47, 16, Policies, POLICY_CONSCRIPTION, 14.0
47, 16, Policies, POLICY_CHARISMATIC_LEADER, 14.0
47, 16, Policies, POLICY_BASTIONS, 6.0
47, 16, Policies, POLICY_LIMES, 21.0
47, 16, Policies, POLICY_FEUDAL_CONTRACT, 3.0
47, 16, Policies, POLICY_TRADE_CONFEDERATION, 28.0
47, 16, Policies, POLICY_PRAETORIUM, 29.0
47, 16, Policies, POLICY_CIVIL_PRESTIGE, 147.0
47, 16, Policies, POLICY_EQUESTRIAN_ORDERS, 37.0
47, 16, Policies, POLICY_SOVEREIGN_STATE, 90.0
47, 17, Civic, CIVIC_MILITARY_TRAINING, 200.7, 1
47, 17, Civic, CIVIC_NAVAL_TRADITION, 52.7, 27
47, 17, Civic, CIVIC_CIVIL_SERVICE, 213.7, 1
47, 17, Civic, CIVIC_MERCENARIES, 236.7, 43
47, 17, Civic, CIVIC_MEDIEVAL_FAIRES, 140.7, 1
47, 17, Civic, CIVIC_GUILDS, 349.4, 2
47, 17, Civic, CIVIC_DIVINE_RIGHT, 348.3, 43
47, 17, Civic, CIVIC_EXPLORATION, 377.4, 98
47, 17, Civic, CIVIC_HUMANISM, 490.1, 77
47, 17, Civic, CIVIC_DIPLOMATIC_SERVICE, 349.4, 76
47, 17, Civic, CIVIC_REFORMED_CHURCH, 484.0, 98
47, 17, Policies, POLICY_URBAN_PLANNING, 14.0
47, 17, Policies, POLICY_CARAVANSARIES, 14.0
47, 17, Policies, POLICY_CONSCRIPTION, 51.0
47, 17, Policies, POLICY_CHARISMATIC_LEADER, 14.0
47, 17, Policies, POLICY_BASTIONS, 6.0
47, 17, Policies, POLICY_LIMES, 13.0
47, 17, Policies, POLICY_TRADE_CONFEDERATION, 28.0
47, 17, Policies, POLICY_PRAETORIUM, 32.0
47, 17, Policies, POLICY_CIVIL_PRESTIGE, 102.0
47, 17, Policies, POLICY_EQUESTRIAN_ORDERS, 56.0
47, 17, Policies, POLICY_SOVEREIGN_STATE, 90.0
47, 20, Civic, CIVIC_MILITARY_TRAINING, 164.7, 1
47, 20, Civic, CIVIC_NAVAL_TRADITION, 63.4, 22
47, 20, Civic, CIVIC_MERCENARIES, 213.4, 35
47, 20, Civic, CIVIC_MEDIEVAL_FAIRES, 140.7, 1
47, 20, Civic, CIVIC_GUILDS, 140.7, 1
47, 20, Civic, CIVIC_DIVINE_RIGHT, 135.9, 31
47, 20, Civic, CIVIC_EXPLORATION, 354.1, 80
47, 20, Civic, CIVIC_HUMANISM, 281.3, 62
47, 20, Civic, CIVIC_DIPLOMATIC_SERVICE, 140.7, 61
47, 20, Civic, CIVIC_REFORMED_CHURCH, 276.6, 76
47, 20, Civic, CIVIC_MERCANTILISM, 281.3, 134
47, 20, Civic, CIVIC_THE_ENLIGHTENMENT, 281.3, 194
47, 20, Policies, POLICY_URBAN_PLANNING, 14.0
47, 20, Policies, POLICY_CARAVANSARIES, 14.0
47, 20, Policies, POLICY_CONSCRIPTION, 44.0
47, 20, Policies, POLICY_CHARISMATIC_LEADER, 14.0
47, 20, Policies, POLICY_LIMES, 20.0
47, 20, Policies, POLICY_RETAINERS, 77.0
47, 20, Policies, POLICY_TRADE_CONFEDERATION, 28.0
47, 20, Policies, POLICY_PRAETORIUM, 20.0
47, 20, Policies, POLICY_CIVIL_PRESTIGE, 109.0
47, 20, Policies, POLICY_SOVEREIGN_STATE, 90.0
47, 21, Civic, CIVIC_MILITARY_TRAINING, 207.7, 1
47, 21, Civic, CIVIC_NAVAL_TRADITION, 52.7, 27
47, 21, Civic, CIVIC_CIVIL_SERVICE, 258.7, 1
47, 21, Civic, CIVIC_MERCENARIES, 268.4, 27
47, 21, Civic, CIVIC_MEDIEVAL_FAIRES, 140.7, 1
47, 21, Civic, CIVIC_GUILDS, 394.4, 2
47, 21, Civic, CIVIC_DIVINE_RIGHT, 427.4, 43
47, 21, Civic, CIVIC_EXPLORATION, 409.1, 82
47, 21, Civic, CIVIC_HUMANISM, 535.1, 77
47, 21, Civic, CIVIC_DIPLOMATIC_SERVICE, 394.4, 76
47, 21, Civic, CIVIC_REFORMED_CHURCH, 563.2, 98
47, 21, Policies, POLICY_URBAN_PLANNING, 14.0
47, 21, Policies, POLICY_CARAVANSARIES, 14.0
47, 21, Policies, POLICY_CONSCRIPTION, 58.0
47, 21, Policies, POLICY_CHARISMATIC_LEADER, 14.0
47, 21, Policies, POLICY_BASTIONS, 6.0
47, 21, Policies, POLICY_LIMES, 21.0
47, 21, Policies, POLICY_TRADE_CONFEDERATION, 28.0
47, 21, Policies, POLICY_PRAETORIUM, 29.0
47, 21, Policies, POLICY_CIVIL_PRESTIGE, 146.0
47, 21, Policies, POLICY_EQUESTRIAN_ORDERS, 56.0
47, 21, Policies, POLICY_SOVEREIGN_STATE, 90.0
47, 62, Civic, CIVIC_MILITARY_TRADITION, 58.1, 20
47, 62, Civic, CIVIC_STATE_WORKFORCE, 56.5, 28
47, 62, Civic, CIVIC_MYSTICISM, 92.3, 20
47, 62, Civic, CIVIC_GAMES_RECREATION, 56.5, 83
47, 62, Civic, CIVIC_POLITICAL_PHILOSOPHY, 56.5, 83
47, 62, Civic, CIVIC_DRAMA_POETRY, 0.0, 55
47, 62, Civic, CIVIC_MILITARY_TRAINING, 114.6, 163
47, 62, Civic, CIVIC_DEFENSIVE_TACTICS, 56.5, 225
47, 62, Civic, CIVIC_RECORDED_HISTORY, 56.5, 225
47, 62, Civic, CIVIC_THEOLOGY, 92.3, 135
47, 62, Policies, POLICY_CARAVANSARIES, 14.0
47, 0, Civic, CIVIC_MYSTICISM, 280.3, 1
47, 0, Civic, CIVIC_THEOLOGY, 448.7, 2
47, 0, Civic, CIVIC_NAVAL_TRADITION, 133.5, 3
47, 0, Civic, CIVIC_MERCENARIES, 284.5, 3
47, 0, Civic, CIVIC_MEDIEVAL_FAIRES, 730609.8, 2
47, 0, Civic, CIVIC_DIVINE_RIGHT, 1096.0, 5
47, 0, Civic, CIVIC_EXPLORATION, 731846.0, 10
47, 0, Civic, CIVIC_HUMANISM, 730742.6, 9
47, 0, Civic, CIVIC_DIPLOMATIC_SERVICE, 440.9, 5
47, 0, Civic, CIVIC_MERCANTILISM, 731029.4, 14
47, 0, Civic, CIVIC_THE_ENLIGHTENMENT, 731389.8, 19
47, 0, Policies, POLICY_SURVEY, 15.0
47, 0, Policies, POLICY_GOD_KING, 21.0
47, 0, Policies, POLICY_URBAN_PLANNING, 147.0
47, 0, Policies, POLICY_CARAVANSARIES, 91.0
47, 0, Policies, POLICY_CONSCRIPTION, 44.0
47, 0, Policies, POLICY_LAND_SURVEYORS, 212.5
47, 0, Policies, POLICY_COLONIZATION, 111.0
47, 0, Policies, POLICY_INSPIRATION, 25.0
47, 0, Policies, POLICY_INSULAE, 540.0
47, 0, Policies, POLICY_CHARISMATIC_LEADER, 14.0
47, 0, Policies, POLICY_DIPLOMATIC_LEAGUE, 225.0
47, 0, Policies, POLICY_LITERARY_TRADITION, 15.0
47, 0, Policies, POLICY_RAID, 1946.0
47, 0, Policies, POLICY_LIMES, 820.0
47, 0, Policies, POLICY_NATURAL_PHILOSOPHY, 186.0
47, 0, Policies, POLICY_NAVAL_INFRASTRUCTURE, 40.0
47, 0, Policies, POLICY_NAVIGATION, 15.0
47, 0, Policies, POLICY_FEUDAL_CONTRACT, 21.0
47, 0, Policies, POLICY_RETAINERS, 28.0
47, 0, Policies, POLICY_PROFESSIONAL_ARMY, 153.0
47, 0, Policies, POLICY_TRADE_CONFEDERATION, 174.0
47, 0, Policies, POLICY_MERCHANT_CONFEDERATION, 68.0
47, 0, Policies, POLICY_TOWN_CHARTERS, 174.0
47, 0, Policies, POLICY_TRAVELING_MERCHANTS, 28.0
47, 0, Policies, POLICY_CHIVALRY, 17.0
47, 0, Policies, POLICY_COLONIAL_OFFICES, 477.0
47, 0, Policies, POLICY_INVENTION, 37.0
47, 0, Policies, POLICY_FRESCOES, 15.0
47, 0, Policies, POLICY_LOGISTICS, 57.0
47, 0, Policies, POLICY_TRIANGULAR_TRADE, 223.0
47, 0, Policies, POLICY_RATIONALISM, 165.0
47, 0, Policies, POLICY_FREE_MARKET, 188.0
47, 0, Policies, POLICY_LIBERALISM, 98.0
47, 0, Policies, POLICY_PRAETORIUM, 688.0
47, 0, Policies, POLICY_CIVIL_PRESTIGE, 638.0
47, 1, Civic, CIVIC_MYSTICISM, 295.4, 1
47, 1, Civic, CIVIC_THEOLOGY, 463.8, 2
47, 1, Civic, CIVIC_NAVAL_TRADITION, 144.6, 1
47, 1, Civic, CIVIC_DIVINE_RIGHT, 1063.7, 3
47, 1, Civic, CIVIC_EXPLORATION, 1011.9, 1
47, 1, Civic, CIVIC_HUMANISM, 160.8, 1
47, 1, Civic, CIVIC_DIPLOMATIC_SERVICE, 532.6, 1
47, 1, Civic, CIVIC_MERCANTILISM, 448.5, 2
47, 1, Civic, CIVIC_THE_ENLIGHTENMENT, 939.8, 3
47, 1, Civic, CIVIC_COLONIALISM, 1167.0, 3
47, 1, Civic, CIVIC_CIVIL_ENGINEERING, 691662.3, 3
47, 1, Civic, CIVIC_NATIONALISM, 671929.7, 4
47, 1, Civic, CIVIC_OPERA_BALLET, 1107.2, 4
47, 1, Policies, POLICY_SURVEY, 7.0
47, 1, Policies, POLICY_GOD_KING, 23.0
47, 1, Policies, POLICY_URBAN_PLANNING, 132.0
47, 1, Policies, POLICY_CARAVANSARIES, 123.0
47, 1, Policies, POLICY_CONSCRIPTION, 7.0
47, 1, Policies, POLICY_LAND_SURVEYORS, 187.0
47, 1, Policies, POLICY_COLONIZATION, 117.0
47, 1, Policies, POLICY_INSPIRATION, 23.0
47, 1, Policies, POLICY_CHARISMATIC_LEADER, 14.0
47, 1, Policies, POLICY_DIPLOMATIC_LEAGUE, 225.0
47, 1, Policies, POLICY_LITERARY_TRADITION, 23.0
47, 1, Policies, POLICY_RAID, 1759.0
47, 1, Policies, POLICY_LIMES, 281.0
47, 1, Policies, POLICY_NATURAL_PHILOSOPHY, 161.0
47, 1, Policies, POLICY_NAVAL_INFRASTRUCTURE, 22.0
47, 1, Policies, POLICY_NAVIGATION, 47.0
47, 1, Policies, POLICY_RETAINERS, 42.0
47, 1, Policies, POLICY_TRADE_CONFEDERATION, 232.0
47, 1, Policies, POLICY_MERCHANT_CONFEDERATION, 144.0
47, 1, Policies, POLICY_CRAFTSMEN, 80.0
47, 1, Policies, POLICY_TOWN_CHARTERS, 182.0
47, 1, Policies, POLICY_TRAVELING_MERCHANTS, 37.0
47, 1, Policies, POLICY_COLONIAL_OFFICES, 618.0
47, 1, Policies, POLICY_INVENTION, 93.0
47, 1, Policies, POLICY_FRESCOES, 23.0
47, 1, Policies, POLICY_LOGISTICS, 9.0
47, 1, Policies, POLICY_TRIANGULAR_TRADE, 330.0
47, 1, Policies, POLICY_RATIONALISM, 272.0
47, 1, Policies, POLICY_FREE_MARKET, 135.0
47, 1, Policies, POLICY_LIBERALISM, 70.0
47, 1, Policies, POLICY_COLONIAL_TAXES, 739.0
47, 1, Policies, POLICY_PUBLIC_WORKS, 11.0
47, 1, Policies, POLICY_NATIONAL_IDENTITY, 1.0
47, 1, Policies, POLICY_SYMPHONIES, 47.0
47, 1, Policies, POLICY_ECONOMIC_UNION, 249.0
47, 1, Policies, POLICY_PRAETORIUM, 871.0
47, 1, Policies, POLICY_CIVIL_PRESTIGE, 679.0
47, 1, Policies, POLICY_EQUESTRIAN_ORDERS, 100.0
47, 1, Policies, POLICY_EMPIRICAL_METHOD, 234.0
47, 1, Policies, POLICY_MASTER_ARTISANS, 73.0
47, 2, Civic, CIVIC_MILITARY_TRAINING, 2822.5, 1
47, 2, Civic, CIVIC_NAVAL_TRADITION, 162.5, 2
47, 2, Civic, CIVIC_MERCENARIES, 2116.1, 3
47, 2, Civic, CIVIC_EXPLORATION, 2972.5, 7
47, 2, Civic, CIVIC_HUMANISM, 146.8, 5
47, 2, Civic, CIVIC_DIPLOMATIC_SERVICE, 485.7, 3
47, 2, Civic, CIVIC_REFORMED_CHURCH, 1144.6, 3
47, 2, Civic, CIVIC_MERCANTILISM, 418.2, 11
47, 2, Civic, CIVIC_THE_ENLIGHTENMENT, 785.6, 14
47, 2, Civic, CIVIC_COLONIALISM, 1036.6, 18
47, 2, Civic, CIVIC_CIVIL_ENGINEERING, 872802.9, 20
47, 2, Civic, CIVIC_NATIONALISM, 789009.1, 23
47, 2, Civic, CIVIC_OPERA_BALLET, 894.9, 21
47, 2, Policies, POLICY_SURVEY, 37.0
47, 2, Policies, POLICY_URBAN_PLANNING, 126.0
47, 2, Policies, POLICY_CARAVANSARIES, 61.0
47, 2, Policies, POLICY_CONSCRIPTION, 14.0
47, 2, Policies, POLICY_LAND_SURVEYORS, 280.0
47, 2, Policies, POLICY_COLONIZATION, 87.0
47, 2, Policies, POLICY_INSPIRATION, 15.0
47, 2, Policies, POLICY_CHARISMATIC_LEADER, 14.0
47, 2, Policies, POLICY_DIPLOMATIC_LEAGUE, 337.0
47, 2, Policies, POLICY_LITERARY_TRADITION, 15.0
47, 2, Policies, POLICY_RAID, 1759.0
47, 2, Policies, POLICY_LIMES, 897.0
47, 2, Policies, POLICY_NATURAL_PHILOSOPHY, 88.0
47, 2, Policies, POLICY_SCRIPTURE, 202.0
47, 2, Policies, POLICY_NAVAL_INFRASTRUCTURE, 31.0
47, 2, Policies, POLICY_NAVIGATION, 31.0
47, 2, Policies, POLICY_FEUDAL_CONTRACT, 22.0
47, 2, Policies, POLICY_RETAINERS, 14.0
47, 2, Policies, POLICY_PROFESSIONAL_ARMY, 96.0
47, 2, Policies, POLICY_TRADE_CONFEDERATION, 114.0
47, 2, Policies, POLICY_MERCHANT_CONFEDERATION, 61.0
47, 2, Policies, POLICY_TOWN_CHARTERS, 90.0
47, 2, Policies, POLICY_TRAVELING_MERCHANTS, 18.0
47, 2, Policies, POLICY_CHIVALRY, 17.0
47, 2, Policies, POLICY_COLONIAL_OFFICES, 401.0
47, 2, Policies, POLICY_INVENTION, 31.0
47, 2, Policies, POLICY_FRESCOES, 15.0
47, 2, Policies, POLICY_RELIGIOUS_ORDERS, 20.0
47, 2, Policies, POLICY_SIMULTANEUM, 586.0
47, 2, Policies, POLICY_LOGISTICS, 18.0
47, 2, Policies, POLICY_TRIANGULAR_TRADE, 198.0
47, 2, Policies, POLICY_RATIONALISM, 109.0
47, 2, Policies, POLICY_FREE_MARKET, 45.0
47, 2, Policies, POLICY_LIBERALISM, 42.0
47, 2, Policies, POLICY_COLONIAL_TAXES, 582.0
47, 2, Policies, POLICY_PUBLIC_WORKS, 18.0
47, 2, Policies, POLICY_GRANDE_ARMEE, 22.0
47, 2, Policies, POLICY_NATIONAL_IDENTITY, 1.0
47, 2, Policies, POLICY_SYMPHONIES, 31.0
47, 2, Policies, POLICY_ECONOMIC_UNION, 124.0
47, 2, Policies, POLICY_PRAETORIUM, 497.0
47, 2, Policies, POLICY_CIVIL_PRESTIGE, 277.0
47, 2, Policies, POLICY_EMPIRICAL_METHOD, 88.0
47, 3, Civic, CIVIC_NAVAL_TRADITION, 139.5, 2
47, 3, Civic, CIVIC_MERCENARIES, 364.5, 2
47, 3, Civic, CIVIC_MEDIEVAL_FAIRES, 0.0, 1
47, 3, Civic, CIVIC_DIVINE_RIGHT, 856.8, 2
47, 3, Civic, CIVIC_EXPLORATION, 1446.8, 7
47, 3, Civic, CIVIC_HUMANISM, 140.3, 6
47, 3, Civic, CIVIC_DIPLOMATIC_SERVICE, 485.7, 3
47, 3, Civic, CIVIC_REFORMED_CHURCH, 4183.4, 4
47, 3, Civic, CIVIC_MERCANTILISM, 694.5, 10
47, 3, Civic, CIVIC_THE_ENLIGHTENMENT, 1051.6, 13
47, 3, Policies, POLICY_SURVEY, 37.0
47, 3, Policies, POLICY_URBAN_PLANNING, 198.0
47, 3, Policies, POLICY_CARAVANSARIES, 163.0
47, 3, Policies, POLICY_LAND_SURVEYORS, 349.5
47, 3, Policies, POLICY_COLONIZATION, 207.0
47, 3, Policies, POLICY_INSPIRATION, 15.0
47, 3, Policies, POLICY_INSULAE, 435.0
47, 3, Policies, POLICY_CHARISMATIC_LEADER, 14.0
47, 3, Policies, POLICY_DIPLOMATIC_LEAGUE, 225.0
47, 3, Policies, POLICY_LITERARY_TRADITION, 15.0
47, 3, Policies, POLICY_RAID, 2324.0
47, 3, Policies, POLICY_LIMES, 354.0
47, 3, Policies, POLICY_NATURAL_PHILOSOPHY, 38.0
47, 3, Policies, POLICY_SCRIPTURE, 1586.0
47, 3, Policies, POLICY_NAVIGATION, 15.0
47, 3, Policies, POLICY_TRADE_CONFEDERATION, 245.0
47, 3, Policies, POLICY_TOWN_CHARTERS, 135.0
47, 3, Policies, POLICY_TRAVELING_MERCHANTS, 21.0
47, 3, Policies, POLICY_COLONIAL_OFFICES, 382.0
47, 3, Policies, POLICY_INVENTION, 31.0
47, 3, Policies, POLICY_FRESCOES, 15.0
47, 3, Policies, POLICY_RELIGIOUS_ORDERS, 5.0
47, 3, Policies, POLICY_SIMULTANEUM, 2755.0
47, 3, Policies, POLICY_LOGISTICS, 2.0
47, 3, Policies, POLICY_TRIANGULAR_TRADE, 476.0
47, 3, Policies, POLICY_FREE_MARKET, 286.0
47, 3, Policies, POLICY_LIBERALISM, 448.0
47, 3, Policies, POLICY_PRAETORIUM, 473.0
47, 3, Policies, POLICY_CIVIL_PRESTIGE, 1052.0
47, 3, Policies, POLICY_EQUESTRIAN_ORDERS, 40.0
47, 4, Civic, CIVIC_NAVAL_TRADITION, 156.6, 1
47, 4, Civic, CIVIC_EXPLORATION, 1242.8, 1
47, 4, Civic, CIVIC_HUMANISM, 196.8, 1
47, 4, Civic, CIVIC_REFORMED_CHURCH, 609.4, 1
47, 4, Civic, CIVIC_MERCANTILISM, 485.5, 3
47, 4, Civic, CIVIC_THE_ENLIGHTENMENT, 658.2, 2
47, 4, Civic, CIVIC_COLONIALISM, 1526.2, 5
47, 4, Civic, CIVIC_CIVIL_ENGINEERING, 485.5, 4
47, 4, Civic, CIVIC_NATIONALISM, 658.2, 3
47, 4, Civic, CIVIC_OPERA_BALLET, 915.6, 4
47, 4, Policies, POLICY_SURVEY, 23.0
47, 4, Policies, POLICY_URBAN_PLANNING, 189.0
47, 4, Policies, POLICY_CARAVANSARIES, 74.0
47, 4, Policies, POLICY_CONSCRIPTION, 36.0
47, 4, Policies, POLICY_LAND_SURVEYORS, 196.0
47, 4, Policies, POLICY_COLONIZATION, 176.0
47, 4, Policies, POLICY_INSPIRATION, 29.0
47, 4, Policies, POLICY_CHARISMATIC_LEADER, 14.0
47, 4, Policies, POLICY_DIPLOMATIC_LEAGUE, 337.0
47, 4, Policies, POLICY_LITERARY_TRADITION, 18.0
47, 4, Policies, POLICY_RAID, 2133.0
47, 4, Policies, POLICY_LIMES, 1322.0
47, 4, Policies, POLICY_NATURAL_PHILOSOPHY, 280.0
47, 4, Policies, POLICY_NAVIGATION, 15.0
47, 4, Policies, POLICY_RETAINERS, 42.0
47, 4, Policies, POLICY_PROFESSIONAL_ARMY, 39.0
47, 4, Policies, POLICY_TRADE_CONFEDERATION, 138.0
47, 4, Policies, POLICY_MERCHANT_CONFEDERATION, 224.0
47, 4, Policies, POLICY_AESTHETICS, 88.0
47, 4, Policies, POLICY_CRAFTSMEN, 70.0
47, 4, Policies, POLICY_TOWN_CHARTERS, 153.0
47, 4, Policies, POLICY_TRAVELING_MERCHANTS, 28.0
47, 4, Policies, POLICY_COLONIAL_OFFICES, 625.0
47, 4, Policies, POLICY_INVENTION, 43.0
47, 4, Policies, POLICY_FRESCOES, 18.0
47, 4, Policies, POLICY_MACHIAVELLIANISM, 152.0
47, 4, Policies, POLICY_RELIGIOUS_ORDERS, 61.0
47, 4, Policies, POLICY_LOGISTICS, 65.0
47, 4, Policies, POLICY_TRIANGULAR_TRADE, 179.0
47, 4, Policies, POLICY_RATIONALISM, 365.0
47, 4, Policies, POLICY_FREE_MARKET, 102.0
47, 4, Policies, POLICY_LIBERALISM, 198.0
47, 4, Policies, POLICY_COLONIAL_TAXES, 977.0
47, 4, Policies, POLICY_GRAND_OPERA, 88.0
47, 4, Policies, POLICY_SYMPHONIES, 31.0
47, 4, Policies, POLICY_PRAETORIUM, 895.0
47, 4, Policies, POLICY_CIVIL_PRESTIGE, 983.0
47, 4, Policies, POLICY_DRILL_MANUALS, 75.0
47, 2, Civic, CIVIC_MILITARY_TRAINING, 2822.5, 1
47, 2, Civic, CIVIC_NAVAL_TRADITION, 162.5, 2
47, 2, Civic, CIVIC_MERCENARIES, 2116.1, 3
47, 2, Civic, CIVIC_EXPLORATION, 2972.5, 7
47, 2, Civic, CIVIC_HUMANISM, 146.8, 5
47, 2, Civic, CIVIC_DIPLOMATIC_SERVICE, 485.7, 3
47, 2, Civic, CIVIC_REFORMED_CHURCH, 1144.6, 3
47, 2, Civic, CIVIC_MERCANTILISM, 418.2, 11
47, 2, Civic, CIVIC_THE_ENLIGHTENMENT, 785.6, 14
47, 2, Civic, CIVIC_COLONIALISM, 1036.6, 18
47, 2, Civic, CIVIC_CIVIL_ENGINEERING, 872802.9, 20
47, 2, Civic, CIVIC_NATIONALISM, 789009.1, 23
47, 2, Civic, CIVIC_OPERA_BALLET, 894.9, 21
47, 2, Policies, POLICY_SURVEY, 37.0
47, 2, Policies, POLICY_URBAN_PLANNING, 126.0
47, 2, Policies, POLICY_CARAVANSARIES, 61.0
47, 2, Policies, POLICY_CONSCRIPTION, 14.0
47, 2, Policies, POLICY_LAND_SURVEYORS, 280.0
47, 2, Policies, POLICY_COLONIZATION, 87.0
47, 2, Policies, POLICY_INSPIRATION, 15.0
47, 2, Policies, POLICY_CHARISMATIC_LEADER, 14.0
47, 2, Policies, POLICY_DIPLOMATIC_LEAGUE, 337.0
47, 2, Policies, POLICY_LITERARY_TRADITION, 15.0
47, 2, Policies, POLICY_RAID, 1759.0
47, 2, Policies, POLICY_LIMES, 897.0
47, 2, Policies, POLICY_NATURAL_PHILOSOPHY, 88.0
47, 2, Policies, POLICY_SCRIPTURE, 202.0
47, 2, Policies, POLICY_NAVAL_INFRASTRUCTURE, 31.0
47, 2, Policies, POLICY_NAVIGATION, 31.0
47, 2, Policies, POLICY_FEUDAL_CONTRACT, 22.0
47, 2, Policies, POLICY_RETAINERS, 14.0
47, 2, Policies, POLICY_PROFESSIONAL_ARMY, 96.0
47, 2, Policies, POLICY_TRADE_CONFEDERATION, 114.0
47, 2, Policies, POLICY_MERCHANT_CONFEDERATION, 61.0
47, 2, Policies, POLICY_TOWN_CHARTERS, 90.0
47, 2, Policies, POLICY_TRAVELING_MERCHANTS, 18.0
47, 2, Policies, POLICY_CHIVALRY, 17.0
47, 2, Policies, POLICY_COLONIAL_OFFICES, 401.0
47, 2, Policies, POLICY_INVENTION, 31.0
47, 2, Policies, POLICY_FRESCOES, 15.0
47, 2, Policies, POLICY_RELIGIOUS_ORDERS, 20.0
47, 2, Policies, POLICY_SIMULTANEUM, 586.0
47, 2, Policies, POLICY_LOGISTICS, 18.0
47, 2, Policies, POLICY_TRIANGULAR_TRADE, 198.0
47, 2, Policies, POLICY_RATIONALISM, 109.0
47, 2, Policies, POLICY_FREE_MARKET, 45.0
47, 2, Policies, POLICY_LIBERALISM, 42.0
47, 2, Policies, POLICY_COLONIAL_TAXES, 582.0
47, 2, Policies, POLICY_PUBLIC_WORKS, 18.0
47, 2, Policies, POLICY_GRANDE_ARMEE, 22.0
47, 2, Policies, POLICY_NATIONAL_IDENTITY, 1.0
47, 2, Policies, POLICY_SYMPHONIES, 31.0
47, 2, Policies, POLICY_ECONOMIC_UNION, 124.0
47, 2, Policies, POLICY_PRAETORIUM, 497.0
47, 2, Policies, POLICY_CIVIL_PRESTIGE, 277.0
47, 2, Policies, POLICY_EMPIRICAL_METHOD, 88.0
47, 2, Civic, CIVIC_MILITARY_TRAINING, 2822.5, 1
47, 2, Civic, CIVIC_NAVAL_TRADITION, 162.5, 2
47, 2, Civic, CIVIC_MERCENARIES, 2116.1, 3
47, 2, Civic, CIVIC_EXPLORATION, 2972.5, 7
47, 2, Civic, CIVIC_HUMANISM, 146.8, 5
47, 2, Civic, CIVIC_DIPLOMATIC_SERVICE, 485.7, 3
47, 2, Civic, CIVIC_REFORMED_CHURCH, 1144.6, 3
47, 2, Civic, CIVIC_MERCANTILISM, 418.2, 11
47, 2, Civic, CIVIC_THE_ENLIGHTENMENT, 785.6, 14
47, 2, Civic, CIVIC_COLONIALISM, 1036.6, 18
47, 2, Civic, CIVIC_CIVIL_ENGINEERING, 872802.9, 20
47, 2, Civic, CIVIC_NATIONALISM, 789009.1, 23
47, 2, Civic, CIVIC_OPERA_BALLET, 894.9, 21
47, 2, Policies, POLICY_SURVEY, 37.0
47, 2, Policies, POLICY_URBAN_PLANNING, 126.0
47, 2, Policies, POLICY_CARAVANSARIES, 61.0
47, 2, Policies, POLICY_CONSCRIPTION, 14.0
47, 2, Policies, POLICY_LAND_SURVEYORS, 280.0
47, 2, Policies, POLICY_COLONIZATION, 87.0
47, 2, Policies, POLICY_INSPIRATION, 15.0
47, 2, Policies, POLICY_CHARISMATIC_LEADER, 14.0
47, 2, Policies, POLICY_DIPLOMATIC_LEAGUE, 337.0
47, 2, Policies, POLICY_LITERARY_TRADITION, 15.0
47, 2, Policies, POLICY_RAID, 1759.0
47, 2, Policies, POLICY_LIMES, 897.0
47, 2, Policies, POLICY_NATURAL_PHILOSOPHY, 88.0
47, 2, Policies, POLICY_SCRIPTURE, 202.0
47, 2, Policies, POLICY_NAVAL_INFRASTRUCTURE, 31.0
47, 2, Policies, POLICY_NAVIGATION, 31.0
47, 2, Policies, POLICY_FEUDAL_CONTRACT, 22.0
47, 2, Policies, POLICY_RETAINERS, 14.0
47, 2, Policies, POLICY_PROFESSIONAL_ARMY, 96.0
47, 2, Policies, POLICY_TRADE_CONFEDERATION, 114.0
47, 2, Policies, POLICY_MERCHANT_CONFEDERATION, 61.0
47, 2, Policies, POLICY_TOWN_CHARTERS, 90.0
47, 2, Policies, POLICY_TRAVELING_MERCHANTS, 18.0
47, 2, Policies, POLICY_CHIVALRY, 17.0
47, 2, Policies, POLICY_COLONIAL_OFFICES, 401.0
47, 2, Policies, POLICY_INVENTION, 31.0
47, 2, Policies, POLICY_FRESCOES, 15.0
47, 2, Policies, POLICY_RELIGIOUS_ORDERS, 20.0
47, 2, Policies, POLICY_SIMULTANEUM, 586.0
47, 2, Policies, POLICY_LOGISTICS, 18.0
47, 2, Policies, POLICY_TRIANGULAR_TRADE, 198.0
47, 2, Policies, POLICY_RATIONALISM, 109.0
47, 2, Policies, POLICY_FREE_MARKET, 45.0
47, 2, Policies, POLICY_LIBERALISM, 42.0
47, 2, Policies, POLICY_COLONIAL_TAXES, 582.0
47, 2, Policies, POLICY_PUBLIC_WORKS, 18.0
47, 2, Policies, POLICY_GRANDE_ARMEE, 22.0
47, 2, Policies, POLICY_NATIONAL_IDENTITY, 1.0
47, 2, Policies, POLICY_SYMPHONIES, 31.0
47, 2, Policies, POLICY_ECONOMIC_UNION, 124.0
47, 2, Policies, POLICY_PRAETORIUM, 497.0
47, 2, Policies, POLICY_CIVIL_PRESTIGE, 277.0
47, 2, Policies, POLICY_EMPIRICAL_METHOD, 88.0
47, 3, Civic, CIVIC_NAVAL_TRADITION, 139.5, 2
47, 3, Civic, CIVIC_MERCENARIES, 364.5, 2
47, 3, Civic, CIVIC_MEDIEVAL_FAIRES, 0.0, 1
47, 3, Civic, CIVIC_DIVINE_RIGHT, 856.8, 2
47, 3, Civic, CIVIC_EXPLORATION, 1446.8, 7
47, 3, Civic, CIVIC_HUMANISM, 140.3, 6
47, 3, Civic, CIVIC_DIPLOMATIC_SERVICE, 485.7, 3
47, 3, Civic, CIVIC_REFORMED_CHURCH, 4183.4, 4
47, 3, Civic, CIVIC_MERCANTILISM, 694.5, 10
47, 3, Civic, CIVIC_THE_ENLIGHTENMENT, 1051.6, 13
47, 3, Policies, POLICY_SURVEY, 37.0
47, 3, Policies, POLICY_URBAN_PLANNING, 198.0
47, 3, Policies, POLICY_CARAVANSARIES, 163.0
47, 3, Policies, POLICY_LAND_SURVEYORS, 349.5
47, 3, Policies, POLICY_COLONIZATION, 207.0
47, 3, Policies, POLICY_INSPIRATION, 15.0
47, 3, Policies, POLICY_INSULAE, 435.0
47, 3, Policies, POLICY_CHARISMATIC_LEADER, 14.0
47, 3, Policies, POLICY_DIPLOMATIC_LEAGUE, 225.0
47, 3, Policies, POLICY_LITERARY_TRADITION, 15.0
47, 3, Policies, POLICY_RAID, 2324.0
47, 3, Policies, POLICY_LIMES, 354.0
47, 3, Policies, POLICY_NATURAL_PHILOSOPHY, 38.0
47, 3, Policies, POLICY_SCRIPTURE, 1586.0
47, 3, Policies, POLICY_NAVIGATION, 15.0
47, 3, Policies, POLICY_TRADE_CONFEDERATION, 245.0
47, 3, Policies, POLICY_TOWN_CHARTERS, 135.0
47, 3, Policies, POLICY_TRAVELING_MERCHANTS, 21.0
47, 3, Policies, POLICY_COLONIAL_OFFICES, 382.0
47, 3, Policies, POLICY_INVENTION, 31.0
47, 3, Policies, POLICY_FRESCOES, 15.0
47, 3, Policies, POLICY_RELIGIOUS_ORDERS, 5.0
47, 3, Policies, POLICY_SIMULTANEUM, 2755.0
47, 3, Policies, POLICY_LOGISTICS, 2.0
47, 3, Policies, POLICY_TRIANGULAR_TRADE, 476.0
47, 3, Policies, POLICY_FREE_MARKET, 286.0
47, 3, Policies, POLICY_LIBERALISM, 448.0
47, 3, Policies, POLICY_PRAETORIUM, 473.0
47, 3, Policies, POLICY_CIVIL_PRESTIGE, 1052.0
47, 3, Policies, POLICY_EQUESTRIAN_ORDERS, 40.0
47, 0, Civic, CIVIC_MYSTICISM, 280.3, 1
47, 0, Civic, CIVIC_THEOLOGY, 448.7, 2
47, 0, Civic, CIVIC_NAVAL_TRADITION, 133.5, 3
47, 0, Civic, CIVIC_MERCENARIES, 284.5, 3
47, 0, Civic, CIVIC_MEDIEVAL_FAIRES, 730609.8, 2
47, 0, Civic, CIVIC_DIVINE_RIGHT, 1096.0, 5
47, 0, Civic, CIVIC_EXPLORATION, 731846.0, 10
47, 0, Civic, CIVIC_HUMANISM, 730742.6, 9
47, 0, Civic, CIVIC_DIPLOMATIC_SERVICE, 440.9, 5
47, 0, Civic, CIVIC_MERCANTILISM, 731029.4, 14
47, 0, Civic, CIVIC_THE_ENLIGHTENMENT, 731389.8, 19
47, 0, Policies, POLICY_SURVEY, 15.0
47, 0, Policies, POLICY_GOD_KING, 21.0
47, 0, Policies, POLICY_URBAN_PLANNING, 147.0
47, 0, Policies, POLICY_CARAVANSARIES, 91.0
47, 0, Policies, POLICY_CONSCRIPTION, 44.0
47, 0, Policies, POLICY_LAND_SURVEYORS, 212.5
47, 0, Policies, POLICY_COLONIZATION, 111.0
47, 0, Policies, POLICY_INSPIRATION, 25.0
47, 0, Policies, POLICY_INSULAE, 540.0
47, 0, Policies, POLICY_CHARISMATIC_LEADER, 14.0
47, 0, Policies, POLICY_DIPLOMATIC_LEAGUE, 225.0
47, 0, Policies, POLICY_LITERARY_TRADITION, 15.0
47, 0, Policies, POLICY_RAID, 1946.0
47, 0, Policies, POLICY_LIMES, 820.0
47, 0, Policies, POLICY_NATURAL_PHILOSOPHY, 186.0
47, 0, Policies, POLICY_NAVAL_INFRASTRUCTURE, 40.0
47, 0, Policies, POLICY_NAVIGATION, 15.0
47, 0, Policies, POLICY_FEUDAL_CONTRACT, 21.0
47, 0, Policies, POLICY_RETAINERS, 28.0
47, 0, Policies, POLICY_PROFESSIONAL_ARMY, 153.0
47, 0, Policies, POLICY_TRADE_CONFEDERATION, 174.0
47, 0, Policies, POLICY_MERCHANT_CONFEDERATION, 68.0
47, 0, Policies, POLICY_TOWN_CHARTERS, 174.0
47, 0, Policies, POLICY_TRAVELING_MERCHANTS, 28.0
47, 0, Policies, POLICY_CHIVALRY, 17.0
47, 0, Policies, POLICY_COLONIAL_OFFICES, 477.0
47, 0, Policies, POLICY_INVENTION, 37.0
47, 0, Policies, POLICY_FRESCOES, 15.0
47, 0, Policies, POLICY_LOGISTICS, 57.0
47, 0, Policies, POLICY_TRIANGULAR_TRADE, 223.0
47, 0, Policies, POLICY_RATIONALISM, 165.0
47, 0, Policies, POLICY_FREE_MARKET, 188.0
47, 0, Policies, POLICY_LIBERALISM, 98.0
47, 0, Policies, POLICY_PRAETORIUM, 688.0
47, 0, Policies, POLICY_CIVIL_PRESTIGE, 638.0
47, 2, Civic, CIVIC_MILITARY_TRAINING, 2822.5, 1
47, 2, Civic, CIVIC_NAVAL_TRADITION, 162.5, 2
47, 2, Civic, CIVIC_MERCENARIES, 2116.1, 3
47, 2, Civic, CIVIC_EXPLORATION, 2972.5, 7
47, 2, Civic, CIVIC_HUMANISM, 146.8, 5
47, 2, Civic, CIVIC_DIPLOMATIC_SERVICE, 485.7, 3
47, 2, Civic, CIVIC_REFORMED_CHURCH, 1144.6, 3
47, 2, Civic, CIVIC_MERCANTILISM, 418.2, 11
47, 2, Civic, CIVIC_THE_ENLIGHTENMENT, 785.6, 14
47, 2, Civic, CIVIC_COLONIALISM, 1036.6, 18
47, 2, Civic, CIVIC_CIVIL_ENGINEERING, 872802.9, 20
47, 2, Civic, CIVIC_NATIONALISM, 789009.1, 23
47, 2, Civic, CIVIC_OPERA_BALLET, 894.9, 21
47, 2, Policies, POLICY_SURVEY, 37.0
47, 2, Policies, POLICY_URBAN_PLANNING, 126.0
47, 2, Policies, POLICY_CARAVANSARIES, 61.0
47, 2, Policies, POLICY_CONSCRIPTION, 14.0
47, 2, Policies, POLICY_LAND_SURVEYORS, 280.0
47, 2, Policies, POLICY_COLONIZATION, 87.0
47, 2, Policies, POLICY_INSPIRATION, 15.0
47, 2, Policies, POLICY_CHARISMATIC_LEADER, 14.0
47, 2, Policies, POLICY_DIPLOMATIC_LEAGUE, 337.0
47, 2, Policies, POLICY_LITERARY_TRADITION, 15.0
47, 2, Policies, POLICY_RAID, 1759.0
47, 2, Policies, POLICY_LIMES, 897.0
47, 2, Policies, POLICY_NATURAL_PHILOSOPHY, 88.0
47, 2, Policies, POLICY_SCRIPTURE, 202.0
47, 2, Policies, POLICY_NAVAL_INFRASTRUCTURE, 31.0
47, 2, Policies, POLICY_NAVIGATION, 31.0
47, 2, Policies, POLICY_FEUDAL_CONTRACT, 22.0
47, 2, Policies, POLICY_RETAINERS, 14.0
47, 2, Policies, POLICY_PROFESSIONAL_ARMY, 96.0
47, 2, Policies, POLICY_TRADE_CONFEDERATION, 114.0
47, 2, Policies, POLICY_MERCHANT_CONFEDERATION, 61.0
47, 2, Policies, POLICY_TOWN_CHARTERS, 90.0
47, 2, Policies, POLICY_TRAVELING_MERCHANTS, 18.0
47, 2, Policies, POLICY_CHIVALRY, 17.0
47, 2, Policies, POLICY_COLONIAL_OFFICES, 401.0
47, 2, Policies, POLICY_INVENTION, 31.0
47, 2, Policies, POLICY_FRESCOES, 15.0
47, 2, Policies, POLICY_RELIGIOUS_ORDERS, 20.0
47, 2, Policies, POLICY_SIMULTANEUM, 586.0
47, 2, Policies, POLICY_LOGISTICS, 18.0
47, 2, Policies, POLICY_TRIANGULAR_TRADE, 198.0
47, 2, Policies, POLICY_RATIONALISM, 109.0
47, 2, Policies, POLICY_FREE_MARKET, 45.0
47, 2, Policies, POLICY_LIBERALISM, 42.0
47, 2, Policies, POLICY_COLONIAL_TAXES, 582.0
47, 2, Policies, POLICY_PUBLIC_WORKS, 18.0
47, 2, Policies, POLICY_GRANDE_ARMEE, 22.0
47, 2, Policies, POLICY_NATIONAL_IDENTITY, 1.0
47, 2, Policies, POLICY_SYMPHONIES, 31.0
47, 2, Policies, POLICY_ECONOMIC_UNION, 124.0
47, 2, Policies, POLICY_PRAETORIUM, 497.0
47, 2, Policies, POLICY_CIVIL_PRESTIGE, 277.0
47, 2, Policies, POLICY_EMPIRICAL_METHOD, 88.0
47, 3, Civic, CIVIC_NAVAL_TRADITION, 139.5, 2
47, 3, Civic, CIVIC_MERCENARIES, 364.5, 2
47, 3, Civic, CIVIC_MEDIEVAL_FAIRES, 0.0, 1
47, 3, Civic, CIVIC_DIVINE_RIGHT, 856.8, 2
47, 3, Civic, CIVIC_EXPLORATION, 1446.8, 7
47, 3, Civic, CIVIC_HUMANISM, 140.3, 6
47, 3, Civic, CIVIC_DIPLOMATIC_SERVICE, 485.7, 3
47, 3, Civic, CIVIC_REFORMED_CHURCH, 4183.4, 4
47, 3, Civic, CIVIC_MERCANTILISM, 694.5, 10
47, 3, Civic, CIVIC_THE_ENLIGHTENMENT, 1051.6, 13
47, 3, Policies, POLICY_SURVEY, 37.0
47, 3, Policies, POLICY_URBAN_PLANNING, 198.0
47, 3, Policies, POLICY_CARAVANSARIES, 163.0
47, 3, Policies, POLICY_LAND_SURVEYORS, 349.5
47, 3, Policies, POLICY_COLONIZATION, 207.0
47, 3, Policies, POLICY_INSPIRATION, 15.0
47, 3, Policies, POLICY_INSULAE, 435.0
47, 3, Policies, POLICY_CHARISMATIC_LEADER, 14.0
47, 3, Policies, POLICY_DIPLOMATIC_LEAGUE, 225.0
47, 3, Policies, POLICY_LITERARY_TRADITION, 15.0
47, 3, Policies, POLICY_RAID, 2324.0
47, 3, Policies, POLICY_LIMES, 354.0
47, 3, Policies, POLICY_NATURAL_PHILOSOPHY, 38.0
47, 3, Policies, POLICY_SCRIPTURE, 1586.0
47, 3, Policies, POLICY_NAVIGATION, 15.0
47, 3, Policies, POLICY_TRADE_CONFEDERATION, 245.0
47, 3, Policies, POLICY_TOWN_CHARTERS, 135.0
47, 3, Policies, POLICY_TRAVELING_MERCHANTS, 21.0
47, 3, Policies, POLICY_COLONIAL_OFFICES, 382.0
47, 3, Policies, POLICY_INVENTION, 31.0
47, 3, Policies, POLICY_FRESCOES, 15.0
47, 3, Policies, POLICY_RELIGIOUS_ORDERS, 5.0
47, 3, Policies, POLICY_SIMULTANEUM, 2755.0
47, 3, Policies, POLICY_LOGISTICS, 2.0
47, 3, Policies, POLICY_TRIANGULAR_TRADE, 476.0
47, 3, Policies, POLICY_FREE_MARKET, 286.0
47, 3, Policies, POLICY_LIBERALISM, 448.0
47, 3, Policies, POLICY_PRAETORIUM, 473.0
47, 3, Policies, POLICY_CIVIL_PRESTIGE, 1052.0
47, 3, Policies, POLICY_EQUESTRIAN_ORDERS, 40.0
47, 3, Civic, CIVIC_NAVAL_TRADITION, 139.5, 2
47, 3, Civic, CIVIC_MERCENARIES, 364.5, 2
47, 3, Civic, CIVIC_MEDIEVAL_FAIRES, 0.0, 1
47, 3, Civic, CIVIC_DIVINE_RIGHT, 856.8, 2
47, 3, Civic, CIVIC_EXPLORATION, 1446.8, 7
47, 3, Civic, CIVIC_HUMANISM, 140.3, 6
47, 3, Civic, CIVIC_DIPLOMATIC_SERVICE, 485.7, 3
47, 3, Civic, CIVIC_REFORMED_CHURCH, 4183.4, 4
47, 3, Civic, CIVIC_MERCANTILISM, 694.5, 10
47, 3, Civic, CIVIC_THE_ENLIGHTENMENT, 1051.6, 13
47, 3, Policies, POLICY_SURVEY, 37.0
47, 3, Policies, POLICY_URBAN_PLANNING, 198.0
47, 3, Policies, POLICY_CARAVANSARIES, 163.0
47, 3, Policies, POLICY_LAND_SURVEYORS, 349.5
47, 3, Policies, POLICY_COLONIZATION, 207.0
47, 3, Policies, POLICY_INSPIRATION, 15.0
47, 3, Policies, POLICY_INSULAE, 435.0
47, 3, Policies, POLICY_CHARISMATIC_LEADER, 14.0
47, 3, Policies, POLICY_DIPLOMATIC_LEAGUE, 225.0
47, 3, Policies, POLICY_LITERARY_TRADITION, 15.0
47, 3, Policies, POLICY_RAID, 2324.0
47, 3, Policies, POLICY_LIMES, 354.0
47, 3, Policies, POLICY_NATURAL_PHILOSOPHY, 38.0
47, 3, Policies, POLICY_SCRIPTURE, 1586.0
47, 3, Policies, POLICY_NAVIGATION, 15.0
47, 3, Policies, POLICY_TRADE_CONFEDERATION, 245.0
47, 3, Policies, POLICY_TOWN_CHARTERS, 135.0
47, 3, Policies, POLICY_TRAVELING_MERCHANTS, 21.0
47, 3, Policies, POLICY_COLONIAL_OFFICES, 382.0
47, 3, Policies, POLICY_INVENTION, 31.0
47, 3, Policies, POLICY_FRESCOES, 15.0
47, 3, Policies, POLICY_RELIGIOUS_ORDERS, 5.0
47, 3, Policies, POLICY_SIMULTANEUM, 2755.0
47, 3, Policies, POLICY_LOGISTICS, 2.0
47, 3, Policies, POLICY_TRIANGULAR_TRADE, 476.0
47, 3, Policies, POLICY_FREE_MARKET, 286.0
47, 3, Policies, POLICY_LIBERALISM, 448.0
47, 3, Policies, POLICY_PRAETORIUM, 473.0
47, 3, Policies, POLICY_CIVIL_PRESTIGE, 1052.0
47, 3, Policies, POLICY_EQUESTRIAN_ORDERS, 40.0
47, 0, Civic, CIVIC_MYSTICISM, 280.3, 1
47, 0, Civic, CIVIC_THEOLOGY, 448.7, 2
47, 0, Civic, CIVIC_NAVAL_TRADITION, 133.5, 3
47, 0, Civic, CIVIC_MERCENARIES, 284.5, 3
47, 0, Civic, CIVIC_MEDIEVAL_FAIRES, 730609.8, 2
47, 0, Civic, CIVIC_DIVINE_RIGHT, 1096.0, 5
47, 0, Civic, CIVIC_EXPLORATION, 731846.0, 10
47, 0, Civic, CIVIC_HUMANISM, 730742.6, 9
47, 0, Civic, CIVIC_DIPLOMATIC_SERVICE, 440.9, 5
47, 0, Civic, CIVIC_MERCANTILISM, 731029.4, 14
47, 0, Civic, CIVIC_THE_ENLIGHTENMENT, 731389.8, 19
47, 0, Policies, POLICY_SURVEY, 15.0
47, 0, Policies, POLICY_GOD_KING, 21.0
47, 0, Policies, POLICY_URBAN_PLANNING, 147.0
47, 0, Policies, POLICY_CARAVANSARIES, 91.0
47, 0, Policies, POLICY_CONSCRIPTION, 44.0
47, 0, Policies, POLICY_LAND_SURVEYORS, 212.5
47, 0, Policies, POLICY_COLONIZATION, 111.0
47, 0, Policies, POLICY_INSPIRATION, 25.0
47, 0, Policies, POLICY_INSULAE, 540.0
47, 0, Policies, POLICY_CHARISMATIC_LEADER, 14.0
47, 0, Policies, POLICY_DIPLOMATIC_LEAGUE, 225.0
47, 0, Policies, POLICY_LITERARY_TRADITION, 15.0
47, 0, Policies, POLICY_RAID, 1946.0
47, 0, Policies, POLICY_LIMES, 820.0
47, 0, Policies, POLICY_NATURAL_PHILOSOPHY, 186.0
47, 0, Policies, POLICY_NAVAL_INFRASTRUCTURE, 40.0
47, 0, Policies, POLICY_NAVIGATION, 15.0
47, 0, Policies, POLICY_FEUDAL_CONTRACT, 21.0
47, 0, Policies, POLICY_RETAINERS, 28.0
47, 0, Policies, POLICY_PROFESSIONAL_ARMY, 153.0
47, 0, Policies, POLICY_TRADE_CONFEDERATION, 174.0
47, 0, Policies, POLICY_MERCHANT_CONFEDERATION, 68.0
47, 0, Policies, POLICY_TOWN_CHARTERS, 174.0
47, 0, Policies, POLICY_TRAVELING_MERCHANTS, 28.0
47, 0, Policies, POLICY_CHIVALRY, 17.0
47, 0, Policies, POLICY_COLONIAL_OFFICES, 477.0
47, 0, Policies, POLICY_INVENTION, 37.0
47, 0, Policies, POLICY_FRESCOES, 15.0
47, 0, Policies, POLICY_LOGISTICS, 57.0
47, 0, Policies, POLICY_TRIANGULAR_TRADE, 223.0
47, 0, Policies, POLICY_RATIONALISM, 165.0
47, 0, Policies, POLICY_FREE_MARKET, 188.0
47, 0, Policies, POLICY_LIBERALISM, 98.0
47, 0, Policies, POLICY_PRAETORIUM, 688.0
47, 0, Policies, POLICY_CIVIL_PRESTIGE, 638.0
47, 2, Civic, CIVIC_MILITARY_TRAINING, 2822.5, 1
47, 2, Civic, CIVIC_NAVAL_TRADITION, 162.5, 2
47, 2, Civic, CIVIC_MERCENARIES, 2116.1, 3
47, 2, Civic, CIVIC_EXPLORATION, 2972.5, 7
47, 2, Civic, CIVIC_HUMANISM, 146.8, 5
47, 2, Civic, CIVIC_DIPLOMATIC_SERVICE, 485.7, 3
47, 2, Civic, CIVIC_REFORMED_CHURCH, 1144.6, 3
47, 2, Civic, CIVIC_MERCANTILISM, 418.2, 11
47, 2, Civic, CIVIC_THE_ENLIGHTENMENT, 785.6, 14
47, 2, Civic, CIVIC_COLONIALISM, 1036.6, 18
47, 2, Civic, CIVIC_CIVIL_ENGINEERING, 872802.9, 20
47, 2, Civic, CIVIC_NATIONALISM, 789009.1, 23
47, 2, Civic, CIVIC_OPERA_BALLET, 894.9, 21
47, 2, Policies, POLICY_SURVEY, 37.0
47, 2, Policies, POLICY_URBAN_PLANNING, 126.0
47, 2, Policies, POLICY_CARAVANSARIES, 61.0
47, 2, Policies, POLICY_CONSCRIPTION, 14.0
47, 2, Policies, POLICY_LAND_SURVEYORS, 280.0
47, 2, Policies, POLICY_COLONIZATION, 87.0
47, 2, Policies, POLICY_INSPIRATION, 15.0
47, 2, Policies, POLICY_CHARISMATIC_LEADER, 14.0
47, 2, Policies, POLICY_DIPLOMATIC_LEAGUE, 337.0
47, 2, Policies, POLICY_LITERARY_TRADITION, 15.0
47, 2, Policies, POLICY_RAID, 1759.0
47, 2, Policies, POLICY_LIMES, 897.0
47, 2, Policies, POLICY_NATURAL_PHILOSOPHY, 88.0
47, 2, Policies, POLICY_SCRIPTURE, 202.0
47, 2, Policies, POLICY_NAVAL_INFRASTRUCTURE, 31.0
47, 2, Policies, POLICY_NAVIGATION, 31.0
47, 2, Policies, POLICY_FEUDAL_CONTRACT, 22.0
47, 2, Policies, POLICY_RETAINERS, 14.0
47, 2, Policies, POLICY_PROFESSIONAL_ARMY, 96.0
47, 2, Policies, POLICY_TRADE_CONFEDERATION, 114.0
47, 2, Policies, POLICY_MERCHANT_CONFEDERATION, 61.0
47, 2, Policies, POLICY_TOWN_CHARTERS, 90.0
47, 2, Policies, POLICY_TRAVELING_MERCHANTS, 18.0
47, 2, Policies, POLICY_CHIVALRY, 17.0
47, 2, Policies, POLICY_COLONIAL_OFFICES, 401.0
47, 2, Policies, POLICY_INVENTION, 31.0
47, 2, Policies, POLICY_FRESCOES, 15.0
47, 2, Policies, POLICY_RELIGIOUS_ORDERS, 20.0
47, 2, Policies, POLICY_SIMULTANEUM, 586.0
47, 2, Policies, POLICY_LOGISTICS, 18.0
47, 2, Policies, POLICY_TRIANGULAR_TRADE, 198.0
47, 2, Policies, POLICY_RATIONALISM, 109.0
47, 2, Policies, POLICY_FREE_MARKET, 45.0
47, 2, Policies, POLICY_LIBERALISM, 42.0
47, 2, Policies, POLICY_COLONIAL_TAXES, 582.0
47, 2, Policies, POLICY_PUBLIC_WORKS, 18.0
47, 2, Policies, POLICY_GRANDE_ARMEE, 22.0
47, 2, Policies, POLICY_NATIONAL_IDENTITY, 1.0
47, 2, Policies, POLICY_SYMPHONIES, 31.0
47, 2, Policies, POLICY_ECONOMIC_UNION, 124.0
47, 2, Policies, POLICY_PRAETORIUM, 497.0
47, 2, Policies, POLICY_CIVIL_PRESTIGE, 277.0
47, 2, Policies, POLICY_EMPIRICAL_METHOD, 88.0
47, 2, Civic, CIVIC_MILITARY_TRAINING, 2822.5, 1
47, 2, Civic, CIVIC_NAVAL_TRADITION, 162.5, 2
47, 2, Civic, CIVIC_MERCENARIES, 2116.1, 3
47, 2, Civic, CIVIC_EXPLORATION, 2972.5, 7
47, 2, Civic, CIVIC_HUMANISM, 146.8, 5
47, 2, Civic, CIVIC_DIPLOMATIC_SERVICE, 485.7, 3
47, 2, Civic, CIVIC_REFORMED_CHURCH, 1144.6, 3
47, 2, Civic, CIVIC_MERCANTILISM, 418.2, 11
47, 2, Civic, CIVIC_THE_ENLIGHTENMENT, 785.6, 14
47, 2, Civic, CIVIC_COLONIALISM, 1036.6, 18
47, 2, Civic, CIVIC_CIVIL_ENGINEERING, 872802.9, 20
47, 2, Civic, CIVIC_NATIONALISM, 789009.1, 23
47, 2, Civic, CIVIC_OPERA_BALLET, 894.9, 21
47, 2, Policies, POLICY_SURVEY, 37.0
47, 2, Policies, POLICY_URBAN_PLANNING, 126.0
47, 2, Policies, POLICY_CARAVANSARIES, 61.0
47, 2, Policies, POLICY_CONSCRIPTION, 14.0
47, 2, Policies, POLICY_LAND_SURVEYORS, 280.0
47, 2, Policies, POLICY_COLONIZATION, 87.0
47, 2, Policies, POLICY_INSPIRATION, 15.0
47, 2, Policies, POLICY_CHARISMATIC_LEADER, 14.0
47, 2, Policies, POLICY_DIPLOMATIC_LEAGUE, 337.0
47, 2, Policies, POLICY_LITERARY_TRADITION, 15.0
47, 2, Policies, POLICY_RAID, 1759.0
47, 2, Policies, POLICY_LIMES, 897.0
47, 2, Policies, POLICY_NATURAL_PHILOSOPHY, 88.0
47, 2, Policies, POLICY_SCRIPTURE, 202.0
47, 2, Policies, POLICY_NAVAL_INFRASTRUCTURE, 31.0
47, 2, Policies, POLICY_NAVIGATION, 31.0
47, 2, Policies, POLICY_FEUDAL_CONTRACT, 22.0
47, 2, Policies, POLICY_RETAINERS, 14.0
47, 2, Policies, POLICY_PROFESSIONAL_ARMY, 96.0
47, 2, Policies, POLICY_TRADE_CONFEDERATION, 114.0
47, 2, Policies, POLICY_MERCHANT_CONFEDERATION, 61.0
47, 2, Policies, POLICY_TOWN_CHARTERS, 90.0
47, 2, Policies, POLICY_TRAVELING_MERCHANTS, 18.0
47, 2, Policies, POLICY_CHIVALRY, 17.0
47, 2, Policies, POLICY_COLONIAL_OFFICES, 401.0
47, 2, Policies, POLICY_INVENTION, 31.0
47, 2, Policies, POLICY_FRESCOES, 15.0
47, 2, Policies, POLICY_RELIGIOUS_ORDERS, 20.0
47, 2, Policies, POLICY_SIMULTANEUM, 586.0
47, 2, Policies, POLICY_LOGISTICS, 18.0
47, 2, Policies, POLICY_TRIANGULAR_TRADE, 198.0
47, 2, Policies, POLICY_RATIONALISM, 109.0
47, 2, Policies, POLICY_FREE_MARKET, 45.0
47, 2, Policies, POLICY_LIBERALISM, 42.0
47, 2, Policies, POLICY_COLONIAL_TAXES, 582.0
47, 2, Policies, POLICY_PUBLIC_WORKS, 18.0
47, 2, Policies, POLICY_GRANDE_ARMEE, 22.0
47, 2, Policies, POLICY_NATIONAL_IDENTITY, 1.0
47, 2, Policies, POLICY_SYMPHONIES, 31.0
47, 2, Policies, POLICY_ECONOMIC_UNION, 124.0
47, 2, Policies, POLICY_PRAETORIUM, 497.0
47, 2, Policies, POLICY_CIVIL_PRESTIGE, 277.0
47, 2, Policies, POLICY_EMPIRICAL_METHOD, 88.0
48, 5, Completed Civic, CIVIC_GUILDS
48, 5, Slot Policy, POLICY_CIVIL_PRESTIGE, 1041
48, 5, Slot Policy, POLICY_INSULAE, 318
48, 5, Slot Policy, POLICY_PRAETORIUM, 2015
48, 5, Slot Policy, POLICY_LIMES, 388
48, 5, Slot Policy, POLICY_URBAN_PLANNING, 168
48, 5, Slot Policy, POLICY_CIVIL_PRESTIGE, 1304
48, 5, Slot Policy, POLICY_INSULAE, 257
48, 5, Slot Policy, POLICY_PRAETORIUM, 2135
48, 5, Slot Policy, POLICY_RETAINERS, 348
48, 5, Slot Policy, POLICY_URBAN_PLANNING, 168
48, 5, Slot Policy, POLICY_LIMES, 237
48, 5, Civic, CIVIC_MILITARY_TRAINING, 1875.7, 1
48, 5, Civic, CIVIC_THEOLOGY, 1699.7, 1
48, 5, Civic, CIVIC_NAVAL_TRADITION, 144.6, 1
48, 5, Civic, CIVIC_MERCENARIES, 2009.1, 3
48, 5, Civic, CIVIC_MEDIEVAL_FAIRES, 673303.8, 2
48, 5, Civic, CIVIC_DIVINE_RIGHT, 1477.4, 3
48, 5, Civic, CIVIC_EXPLORATION, 676974.8, 10
48, 5, Civic, CIVIC_HUMANISM, 673433.0, 6
48, 5, Civic, CIVIC_DIPLOMATIC_SERVICE, 462.7, 4
48, 5, Civic, CIVIC_REFORMED_CHURCH, 2475.3, 6
48, 5, Civic, CIVIC_MERCANTILISM, 673743.9, 14
48, 5, Civic, CIVIC_THE_ENLIGHTENMENT, 674171.4, 15
48, 5, Policies, POLICY_SURVEY, 36.0
48, 5, Policies, POLICY_GOD_KING, 13.0
48, 5, Policies, POLICY_URBAN_PLANNING, 168.0
48, 5, Policies, POLICY_CARAVANSARIES, 45.0
48, 5, Policies, POLICY_CONSCRIPTION, 198.0
48, 5, Policies, POLICY_COLONIZATION, 50.0
48, 5, Policies, POLICY_INSPIRATION, 25.0
48, 5, Policies, POLICY_INSULAE, 257.0
48, 5, Policies, POLICY_CHARISMATIC_LEADER, 14.0
48, 5, Policies, POLICY_DIPLOMATIC_LEAGUE, 225.0
48, 5, Policies, POLICY_LITERARY_TRADITION, 15.0
48, 5, Policies, POLICY_RAID, 1954.0
48, 5, Policies, POLICY_BASTIONS, 42.0
48, 5, Policies, POLICY_LIMES, 237.0
48, 5, Policies, POLICY_NATURAL_PHILOSOPHY, 156.0
48, 5, Policies, POLICY_SCRIPTURE, 102.0
48, 5, Policies, POLICY_NAVIGATION, 47.0
48, 5, Policies, POLICY_FEUDAL_CONTRACT, 68.0
48, 5, Policies, POLICY_RETAINERS, 348.0
48, 5, Policies, POLICY_PROFESSIONAL_ARMY, 59.0
48, 5, Policies, POLICY_TRADE_CONFEDERATION, 89.0
48, 5, Policies, POLICY_CRAFTSMEN, 86.0
48, 5, Policies, POLICY_TOWN_CHARTERS, 36.0
48, 5, Policies, POLICY_TRAVELING_MERCHANTS, 21.0
48, 5, Policies, POLICY_CHIVALRY, 41.0
48, 5, Policies, POLICY_COLONIAL_OFFICES, 1258.0
48, 5, Policies, POLICY_INVENTION, 64.0
48, 5, Policies, POLICY_FRESCOES, 15.0
48, 5, Policies, POLICY_WARS_OF_RELIGION, 10.0
48, 5, Policies, POLICY_RELIGIOUS_ORDERS, 281.0
48, 5, Policies, POLICY_SIMULTANEUM, 52.0
48, 5, Policies, POLICY_LOGISTICS, 399.0
48, 5, Policies, POLICY_TRIANGULAR_TRADE, 96.0
48, 5, Policies, POLICY_RATIONALISM, 189.0
48, 5, Policies, POLICY_FREE_MARKET, 50.0
48, 5, Policies, POLICY_LIBERALISM, 653.0
48, 5, Policies, POLICY_PRAETORIUM, 2135.0
48, 5, Policies, POLICY_CIVIL_PRESTIGE, 1304.0
48, 5, Policies, POLICY_EQUESTRIAN_ORDERS, 81.0
48, 5, Policies, POLICY_DRILL_MANUALS, 60.0
48, 5, Policies, POLICY_SIEGE, 13.0
48, 5, Policies, POLICY_HARD_SHELL_EXPLOSIVES, 13.0
48, 6, Completed Civic, CIVIC_MEDIEVAL_FAIRES
48, 6, Slot Policy, POLICY_LIMES, 357
48, 6, Slot Policy, POLICY_RAID, 1899
48, 6, Slot Policy, POLICY_CIVIL_PRESTIGE, 1060
48, 6, Slot Policy, POLICY_DIPLOMATIC_LEAGUE, 337
48, 6, Slot Policy, POLICY_PRAETORIUM, 1521
48, 6, Slot Policy, POLICY_LAND_SURVEYORS, 224
48, 6, Slot Policy, POLICY_SCRIPTURE, 174
48, 6, Civic, CIVIC_NAVAL_TRADITION, 156.6, 1
48, 6, Civic, CIVIC_MERCENARIES, 156.6, 1
48, 6, Civic, CIVIC_EXPLORATION, 1649.6, 4
48, 6, Civic, CIVIC_HUMANISM, 232.6, 2
48, 6, Civic, CIVIC_DIPLOMATIC_SERVICE, 511.1, 2
48, 6, Civic, CIVIC_REFORMED_CHURCH, 1212.8, 2
48, 6, Civic, CIVIC_MERCANTILISM, 374.2, 5
48, 6, Civic, CIVIC_THE_ENLIGHTENMENT, 803.1, 7
48, 6, Civic, CIVIC_COLONIALISM, 513.5, 10
48, 6, Civic, CIVIC_CIVIL_ENGINEERING, 5710.5, 12
48, 6, Civic, CIVIC_NATIONALISM, 9150.5, 14
48, 6, Civic, CIVIC_OPERA_BALLET, 1418.1, 12
48, 6, Policies, POLICY_SURVEY, 72.0
48, 6, Policies, POLICY_URBAN_PLANNING, 147.0
48, 6, Policies, POLICY_CARAVANSARIES, 45.0
48, 6, Policies, POLICY_CONSCRIPTION, 220.0
48, 6, Policies, POLICY_LAND_SURVEYORS, 224.0
48, 6, Policies, POLICY_COLONIZATION, 60.0
48, 6, Policies, POLICY_INSPIRATION, 28.0
48, 6, Policies, POLICY_CHARISMATIC_LEADER, 14.0
48, 6, Policies, POLICY_DIPLOMATIC_LEAGUE, 337.0
48, 6, Policies, POLICY_LITERARY_TRADITION, 31.0
48, 6, Policies, POLICY_RAID, 1954.0
48, 6, Policies, POLICY_BASTIONS, 42.0
48, 6, Policies, POLICY_LIMES, 288.0
48, 6, Policies, POLICY_NATURAL_PHILOSOPHY, 99.0
48, 6, Policies, POLICY_SCRIPTURE, 350.0
48, 6, Policies, POLICY_NAVIGATION, 31.0
48, 6, Policies, POLICY_FEUDAL_CONTRACT, 25.0
48, 6, Policies, POLICY_RETAINERS, 70.0
48, 6, Policies, POLICY_PROFESSIONAL_ARMY, 10.0
48, 6, Policies, POLICY_TRADE_CONFEDERATION, 89.0
48, 6, Policies, POLICY_MERCHANT_CONFEDERATION, 45.0
48, 6, Policies, POLICY_AESTHETICS, 58.0
48, 6, Policies, POLICY_TOWN_CHARTERS, 36.0
48, 6, Policies, POLICY_TRAVELING_MERCHANTS, 43.0
48, 6, Policies, POLICY_COLONIAL_OFFICES, 1211.0
48, 6, Policies, POLICY_INVENTION, 53.0
48, 6, Policies, POLICY_FRESCOES, 31.0
48, 6, Policies, POLICY_RELIGIOUS_ORDERS, 301.0
48, 6, Policies, POLICY_SIMULTANEUM, 469.0
48, 6, Policies, POLICY_LOGISTICS, 324.0
48, 6, Policies, POLICY_TRIANGULAR_TRADE, 132.0
48, 6, Policies, POLICY_RATIONALISM, 122.0
48, 6, Policies, POLICY_FREE_MARKET, 50.0
48, 6, Policies, POLICY_LIBERALISM, 84.0
48, 6, Policies, POLICY_COLONIAL_TAXES, 1246.0
48, 6, Policies, POLICY_GRANDE_ARMEE, 25.0
48, 6, Policies, POLICY_SYMPHONIES, 62.0
48, 6, Policies, POLICY_ECONOMIC_UNION, 29.0
48, 6, Policies, POLICY_PRAETORIUM, 1893.0
48, 6, Policies, POLICY_CIVIL_PRESTIGE, 829.0
48, 6, Policies, POLICY_EQUESTRIAN_ORDERS, 30.0
48, 6, Policies, POLICY_EMPIRICAL_METHOD, 102.0
48, 7, Completed Civic, CIVIC_MILITARY_TRAINING
48, 7, Slot Policy, POLICY_RAID, 2081
48, 7, Slot Policy, POLICY_CONSCRIPTION, 213
48, 7, Slot Policy, POLICY_CIVIL_PRESTIGE, 1202
48, 7, Slot Policy, POLICY_PRAETORIUM, 1636
48, 7, Slot Policy, POLICY_LIMES, 252
48, 7, Slot Policy, POLICY_NATURAL_PHILOSOPHY, 148
48, 7, Civic, CIVIC_MYSTICISM, 396.0, 1
48, 7, Civic, CIVIC_THEOLOGY, 3213.4, 2
48, 7, Civic, CIVIC_NAVAL_TRADITION, 144.6, 1
48, 7, Civic, CIVIC_MERCENARIES, 144.6, 1
48, 7, Civic, CIVIC_DIVINE_RIGHT, 1845.0, 3
48, 7, Civic, CIVIC_EXPLORATION, 1689.2, 2
48, 7, Civic, CIVIC_MERCANTILISM, 445.1, 2
48, 7, Civic, CIVIC_THE_ENLIGHTENMENT, 308.2, 2
48, 7, Civic, CIVIC_COLONIALISM, 1289.7, 7
48, 7, Civic, CIVIC_CIVIL_ENGINEERING, 215513.2, 8
48, 7, Civic, CIVIC_NATIONALISM, 215986.6, 8
48, 7, Civic, CIVIC_OPERA_BALLET, 567.6, 7
48, 7, Civic, CIVIC_NATURAL_HISTORY, 1486.6, 13
48, 7, Civic, CIVIC_SCORCHED_EARTH, 146003.8, 15
48, 7, Civic, CIVIC_URBANIZATION, 432997.3, 23
48, 7, Policies, POLICY_SURVEY, 77.0
48, 7, Policies, POLICY_GOD_KING, 22.0
48, 7, Policies, POLICY_URBAN_PLANNING, 126.0
48, 7, Policies, POLICY_CARAVANSARIES, 24.0
48, 7, Policies, POLICY_CONSCRIPTION, 213.0
48, 7, Policies, POLICY_LAND_SURVEYORS, 87.0
48, 7, Policies, POLICY_COLONIZATION, 55.0
48, 7, Policies, POLICY_INSPIRATION, 58.0
48, 7, Policies, POLICY_CHARISMATIC_LEADER, 14.0
48, 7, Policies, POLICY_DIPLOMATIC_LEAGUE, 225.0
48, 7, Policies, POLICY_LITERARY_TRADITION, 50.0
48, 7, Policies, POLICY_RAID, 2142.0
48, 7, Policies, POLICY_BASTIONS, 30.0
48, 7, Policies, POLICY_LIMES, 224.0
48, 7, Policies, POLICY_NATURAL_PHILOSOPHY, 148.0
48, 7, Policies, POLICY_SCRIPTURE, 160.0
48, 7, Policies, POLICY_NAVIGATION, 31.0
48, 7, Policies, POLICY_RETAINERS, 444.0
48, 7, Policies, POLICY_PROFESSIONAL_ARMY, 119.0
48, 7, Policies, POLICY_TRADE_CONFEDERATION, 57.0
48, 7, Policies, POLICY_MERCHANT_CONFEDERATION, 12.0
48, 7, Policies, POLICY_AESTHETICS, 43.0
48, 7, Policies, POLICY_TRAVELING_MERCHANTS, 29.0
48, 7, Policies, POLICY_COLONIAL_OFFICES, 1135.0
48, 7, Policies, POLICY_INVENTION, 59.0
48, 7, Policies, POLICY_FRESCOES, 50.0
48, 7, Policies, POLICY_LOGISTICS, 323.0
48, 7, Policies, POLICY_TRIANGULAR_TRADE, 59.0
48, 7, Policies, POLICY_RATIONALISM, 82.0
48, 7, Policies, POLICY_LIBERALISM, 552.0
48, 7, Policies, POLICY_COLONIAL_TAXES, 1140.0
48, 7, Policies, POLICY_PUBLIC_WORKS, 2.0
48, 7, Policies, POLICY_SYMPHONIES, 94.0
48, 7, Policies, POLICY_TOTAL_WAR, 2142.0
48, 7, Policies, POLICY_EXPROPRIATION, 142.0
48, 7, Policies, POLICY_MILITARY_RESEARCH, 1104.0
48, 7, Policies, POLICY_PRAETORIUM, 1883.0
48, 7, Policies, POLICY_CIVIL_PRESTIGE, 971.0
48, 7, Policies, POLICY_EQUESTRIAN_ORDERS, 105.0
48, 7, Policies, POLICY_DRILL_MANUALS, 45.0
48, 7, Policies, POLICY_FORCE_MODERNIZATION, 119.0
48, 7, Policies, POLICY_EMPIRICAL_METHOD, 116.0
48, 8, Completed Civic, CIVIC_MYSTICISM
48, 8, Slot Policy, POLICY_RAID, 1899
48, 8, Slot Policy, POLICY_LIMES, 511
48, 8, Slot Policy, POLICY_CIVIL_PRESTIGE, 873
48, 8, Slot Policy, POLICY_PRAETORIUM, 2126
48, 8, Slot Policy, POLICY_URBAN_PLANNING, 126
48, 8, Civic, CIVIC_THEOLOGY, 16039.8, 1
48, 8, Civic, CIVIC_NAVAL_TRADITION, 144.6, 1
48, 8, Civic, CIVIC_MERCENARIES, 144.6, 1
48, 8, Civic, CIVIC_DIVINE_RIGHT, 1470.0, 2
48, 8, Civic, CIVIC_EXPLORATION, 1962.9, 2
48, 8, Civic, CIVIC_DIPLOMATIC_SERVICE, 511.1, 2
48, 8, Civic, CIVIC_REFORMED_CHURCH, 2500.4, 3
48, 8, Civic, CIVIC_MERCANTILISM, 604.6, 2
48, 8, Civic, CIVIC_THE_ENLIGHTENMENT, 976.0, 4
48, 8, Civic, CIVIC_COLONIALISM, 1885.7, 6
48, 8, Civic, CIVIC_CIVIL_ENGINEERING, 93956.5, 7
48, 8, Civic, CIVIC_NATIONALISM, 89390.5, 9
48, 8, Civic, CIVIC_OPERA_BALLET, 1122.3, 8
48, 8, Civic, CIVIC_NATURAL_HISTORY, 2104.4, 12
48, 8, Policies, POLICY_SURVEY, 21.0
48, 8, Policies, POLICY_GOD_KING, 25.0
48, 8, Policies, POLICY_URBAN_PLANNING, 126.0
48, 8, Policies, POLICY_CARAVANSARIES, 24.0
48, 8, Policies, POLICY_CONSCRIPTION, 301.0
48, 8, Policies, POLICY_LAND_SURVEYORS, 79.0
48, 8, Policies, POLICY_COLONIZATION, 6.0
48, 8, Policies, POLICY_INSPIRATION, 29.0
48, 8, Policies, POLICY_CHARISMATIC_LEADER, 14.0
48, 8, Policies, POLICY_DIPLOMATIC_LEAGUE, 225.0
48, 8, Policies, POLICY_LITERARY_TRADITION, 18.0
48, 8, Policies, POLICY_RAID, 2142.0
48, 8, Policies, POLICY_BASTIONS, 30.0
48, 8, Policies, POLICY_LIMES, 407.0
48, 8, Policies, POLICY_NATURAL_PHILOSOPHY, 109.0
48, 8, Policies, POLICY_SCRIPTURE, 366.0
48, 8, Policies, POLICY_NAVIGATION, 15.0
48, 8, Policies, POLICY_RETAINERS, 300.0
48, 8, Policies, POLICY_PROFESSIONAL_ARMY, 18.0
48, 8, Policies, POLICY_TRADE_CONFEDERATION, 63.0
48, 8, Policies, POLICY_MERCHANT_CONFEDERATION, 12.0
48, 8, Policies, POLICY_AESTHETICS, 14.0
48, 8, Policies, POLICY_CRAFTSMEN, 64.0
48, 8, Policies, POLICY_TRAVELING_MERCHANTS, 21.0
48, 8, Policies, POLICY_COLONIAL_OFFICES, 1339.0
48, 8, Policies, POLICY_INVENTION, 84.0
48, 8, Policies, POLICY_FRESCOES, 18.0
48, 8, Policies, POLICY_WARS_OF_RELIGION, 10.0
48, 8, Policies, POLICY_RELIGIOUS_ORDERS, 330.0
48, 8, Policies, POLICY_SIMULTANEUM, 685.0
48, 8, Policies, POLICY_LOGISTICS, 568.0
48, 8, Policies, POLICY_TRIANGULAR_TRADE, 62.0
48, 8, Policies, POLICY_LIBERALISM, 588.0
48, 8, Policies, POLICY_COLONIAL_TAXES, 1402.0
48, 8, Policies, POLICY_SYMPHONIES, 31.0
48, 8, Policies, POLICY_PRAETORIUM, 2305.0
48, 8, Policies, POLICY_CIVIL_PRESTIGE, 885.0
48, 8, Policies, POLICY_MONASTICISM, 2057.0
48, 8, Policies, POLICY_TWILIGHT_VALOR, 580.0
48, 8, Policies, POLICY_ISOLATIONISM, 336.0
48, 8, Policies, POLICY_DRILL_MANUALS, 80.0
48, 8, Policies, POLICY_EMPIRICAL_METHOD, 43.0
48, 8, Policies, POLICY_MASTER_ARTISANS, 44.0
48, 9, Completed Civic, CIVIC_MEDIEVAL_FAIRES
48, 9, Slot Policy, POLICY_RAID, 2144
48, 9, Slot Policy, POLICY_LIMES, 470
48, 9, Slot Policy, POLICY_CIVIL_PRESTIGE, 565
48, 9, Slot Policy, POLICY_PRAETORIUM, 1773
48, 9, Slot Policy, POLICY_URBAN_PLANNING, 126
48, 9, Civic, CIVIC_MYSTICISM, 396.0, 1
48, 9, Civic, CIVIC_THEOLOGY, 3383.4, 2
48, 9, Civic, CIVIC_NAVAL_TRADITION, 144.6, 1
48, 9, Civic, CIVIC_MERCENARIES, 144.6, 1
48, 9, Civic, CIVIC_DIVINE_RIGHT, 1642.8, 3
48, 9, Civic, CIVIC_EXPLORATION, 1741.8, 3
48, 9, Civic, CIVIC_HUMANISM, 148.1, 3
48, 9, Civic, CIVIC_DIPLOMATIC_SERVICE, 485.7, 3
48, 9, Civic, CIVIC_MERCANTILISM, 667.3, 7
48, 9, Civic, CIVIC_THE_ENLIGHTENMENT, 723.0, 10
48, 9, Civic, CIVIC_COLONIALISM, 771.5, 14
48, 9, Civic, CIVIC_CIVIL_ENGINEERING, 2396.6, 16
48, 9, Civic, CIVIC_NATIONALISM, 2541.3, 19
48, 9, Civic, CIVIC_OPERA_BALLET, 825.4, 17
48, 9, Policies, POLICY_SURVEY, 21.0
48, 9, Policies, POLICY_GOD_KING, 25.0
48, 9, Policies, POLICY_URBAN_PLANNING, 126.0
48, 9, Policies, POLICY_CARAVANSARIES, 25.0
48, 9, Policies, POLICY_CONSCRIPTION, 279.0
48, 9, Policies, POLICY_LAND_SURVEYORS, 51.0
48, 9, Policies, POLICY_COLONIZATION, 20.0
48, 9, Policies, POLICY_INSPIRATION, 25.0
48, 9, Policies, POLICY_CHARISMATIC_LEADER, 14.0
48, 9, Policies, POLICY_DIPLOMATIC_LEAGUE, 225.0
48, 9, Policies, POLICY_LITERARY_TRADITION, 15.0
48, 9, Policies, POLICY_RAID, 2206.0
48, 9, Policies, POLICY_BASTIONS, 36.0
48, 9, Policies, POLICY_LIMES, 360.0
48, 9, Policies, POLICY_NATURAL_PHILOSOPHY, 114.0
48, 9, Policies, POLICY_SCRIPTURE, 116.0
48, 9, Policies, POLICY_NAVIGATION, 15.0
48, 9, Policies, POLICY_FEUDAL_CONTRACT, 15.0
48, 9, Policies, POLICY_RETAINERS, 365.0
48, 9, Policies, POLICY_PROFESSIONAL_ARMY, 96.0
48, 9, Policies, POLICY_TRADE_CONFEDERATION, 44.0
48, 9, Policies, POLICY_MERCHANT_CONFEDERATION, 25.0
48, 9, Policies, POLICY_AESTHETICS, 14.0
48, 9, Policies, POLICY_CRAFTSMEN, 71.0
48, 9, Policies, POLICY_TRAVELING_MERCHANTS, 21.0
48, 9, Policies, POLICY_COLONIAL_OFFICES, 1199.0
48, 9, Policies, POLICY_INVENTION, 64.0
48, 9, Policies, POLICY_FRESCOES, 15.0
48, 9, Policies, POLICY_LOGISTICS, 411.0
48, 9, Policies, POLICY_TRIANGULAR_TRADE, 64.0
48, 9, Policies, POLICY_LIBERALISM, 460.0
48, 9, Policies, POLICY_COLONIAL_TAXES, 1261.0
48, 9, Policies, POLICY_GRANDE_ARMEE, 15.0
48, 9, Policies, POLICY_SYMPHONIES, 31.0
48, 9, Policies, POLICY_PRAETORIUM, 2088.0
48, 9, Policies, POLICY_CIVIL_PRESTIGE, 671.0
48, 9, Policies, POLICY_EQUESTRIAN_ORDERS, 10.0
48, 9, Policies, POLICY_DRILL_MANUALS, 25.0
48, 9, Policies, POLICY_EMPIRICAL_METHOD, 87.0
48, 9, Policies, POLICY_MASTER_ARTISANS, 58.0
48, 10, Civic, CIVIC_MILITARY_TRAINING, 164.7, 1
48, 10, Civic, CIVIC_NAVAL_TRADITION, 63.4, 22
48, 10, Civic, CIVIC_MERCENARIES, 213.4, 35
48, 10, Civic, CIVIC_MEDIEVAL_FAIRES, 140.7, 1
48, 10, Civic, CIVIC_GUILDS, 140.7, 1
48, 10, Civic, CIVIC_DIVINE_RIGHT, 219.6, 31
48, 10, Civic, CIVIC_EXPLORATION, 354.1, 88
48, 10, Civic, CIVIC_HUMANISM, 281.3, 73
48, 10, Civic, CIVIC_DIPLOMATIC_SERVICE, 140.7, 72
48, 10, Civic, CIVIC_REFORMED_CHURCH, 360.3, 84
48, 10, Civic, CIVIC_MERCANTILISM, 281.3, 158
48, 10, Civic, CIVIC_THE_ENLIGHTENMENT, 281.3, 229
48, 10, Policies, POLICY_URBAN_PLANNING, 14.0
48, 10, Policies, POLICY_CARAVANSARIES, 14.0
48, 10, Policies, POLICY_CONSCRIPTION, 44.0
48, 10, Policies, POLICY_CHARISMATIC_LEADER, 14.0
48, 10, Policies, POLICY_BASTIONS, 6.0
48, 10, Policies, POLICY_LIMES, 20.0
48, 10, Policies, POLICY_RETAINERS, 77.0
48, 10, Policies, POLICY_TRADE_CONFEDERATION, 28.0
48, 10, Policies, POLICY_PRAETORIUM, 23.0
48, 10, Policies, POLICY_CIVIL_PRESTIGE, 154.0
48, 10, Policies, POLICY_SOVEREIGN_STATE, 90.0
48, 12, Civic, CIVIC_MILITARY_TRAINING, 192.7, 1
48, 12, Civic, CIVIC_NAVAL_TRADITION, 66.4, 21
48, 12, Civic, CIVIC_MERCENARIES, 245.1, 32
48, 12, Civic, CIVIC_MEDIEVAL_FAIRES, 140.7, 1
48, 12, Civic, CIVIC_GUILDS, 140.7, 1
48, 12, Civic, CIVIC_DIVINE_RIGHT, 156.3, 27
48, 12, Civic, CIVIC_EXPLORATION, 385.8, 82
48, 12, Civic, CIVIC_HUMANISM, 281.3, 68
48, 12, Civic, CIVIC_DIPLOMATIC_SERVICE, 140.7, 67
48, 12, Civic, CIVIC_REFORMED_CHURCH, 297.0, 77
48, 12, Civic, CIVIC_MERCANTILISM, 281.3, 147
48, 12, Civic, CIVIC_THE_ENLIGHTENMENT, 281.3, 213
48, 12, Policies, POLICY_URBAN_PLANNING, 14.0
48, 12, Policies, POLICY_CARAVANSARIES, 14.0
48, 12, Policies, POLICY_CONSCRIPTION, 36.0
48, 12, Policies, POLICY_INSULAE, 14.0
48, 12, Policies, POLICY_CHARISMATIC_LEADER, 14.0
48, 12, Policies, POLICY_BASTIONS, 6.0
48, 12, Policies, POLICY_LIMES, 26.0
48, 12, Policies, POLICY_NATURAL_PHILOSOPHY, 28.0
48, 12, Policies, POLICY_TRADE_CONFEDERATION, 28.0
48, 12, Policies, POLICY_PRAETORIUM, 23.0
48, 12, Policies, POLICY_CIVIL_PRESTIGE, 100.0
48, 12, Policies, POLICY_EQUESTRIAN_ORDERS, 48.0
48, 12, Policies, POLICY_SOVEREIGN_STATE, 90.0
48, 13, Civic, CIVIC_MILITARY_TRAINING, 164.7, 1
48, 13, Civic, CIVIC_NAVAL_TRADITION, 71.4, 22
48, 13, Civic, CIVIC_MERCENARIES, 213.4, 35
48, 13, Civic, CIVIC_MEDIEVAL_FAIRES, 140.7, 1
48, 13, Civic, CIVIC_GUILDS, 140.7, 1
48, 13, Civic, CIVIC_DIVINE_RIGHT, 183.3, 31
48, 13, Civic, CIVIC_EXPLORATION, 354.1, 88
48, 13, Civic, CIVIC_HUMANISM, 281.3, 73
48, 13, Civic, CIVIC_DIPLOMATIC_SERVICE, 140.7, 72
48, 13, Civic, CIVIC_REFORMED_CHURCH, 324.0, 84
48, 13, Civic, CIVIC_MERCANTILISM, 281.3, 158
48, 13, Civic, CIVIC_THE_ENLIGHTENMENT, 281.3, 229
48, 13, Policies, POLICY_URBAN_PLANNING, 14.0
48, 13, Policies, POLICY_CARAVANSARIES, 14.0
48, 13, Policies, POLICY_CONSCRIPTION, 29.0
48, 13, Policies, POLICY_INSULAE, 54.0
48, 13, Policies, POLICY_CHARISMATIC_LEADER, 14.0
48, 13, Policies, POLICY_BASTIONS, 6.0
48, 13, Policies, POLICY_LIMES, 22.0
48, 13, Policies, POLICY_NAVAL_INFRASTRUCTURE, 28.0
48, 13, Policies, POLICY_RETAINERS, 77.0
48, 13, Policies, POLICY_TRADE_CONFEDERATION, 28.0
48, 13, Policies, POLICY_PRAETORIUM, 14.0
48, 13, Policies, POLICY_CIVIL_PRESTIGE, 131.0
48, 13, Policies, POLICY_SOVEREIGN_STATE, 90.0
48, 14, Civic, CIVIC_MILITARY_TRAINING, 164.7, 1
48, 14, Civic, CIVIC_NAVAL_TRADITION, 71.4, 22
48, 14, Civic, CIVIC_MERCENARIES, 243.4, 35
48, 14, Civic, CIVIC_MEDIEVAL_FAIRES, 140.7, 1
48, 14, Civic, CIVIC_GUILDS, 141.7, 1
48, 14, Civic, CIVIC_DIVINE_RIGHT, 165.6, 32
48, 14, Civic, CIVIC_EXPLORATION, 384.1, 88
48, 14, Civic, CIVIC_HUMANISM, 282.3, 73
48, 14, Civic, CIVIC_DIPLOMATIC_SERVICE, 141.7, 72
48, 14, Civic, CIVIC_REFORMED_CHURCH, 307.3, 85
48, 14, Civic, CIVIC_MERCANTILISM, 282.3, 158
48, 14, Civic, CIVIC_THE_ENLIGHTENMENT, 282.3, 229
48, 14, Policies, POLICY_URBAN_PLANNING, 14.0
48, 14, Policies, POLICY_CARAVANSARIES, 29.0
48, 14, Policies, POLICY_CONSCRIPTION, 7.0
48, 14, Policies, POLICY_INSULAE, 39.0
48, 14, Policies, POLICY_CHARISMATIC_LEADER, 14.0
48, 14, Policies, POLICY_BASTIONS, 6.0
48, 14, Policies, POLICY_LIMES, 12.0
48, 14, Policies, POLICY_NAVAL_INFRASTRUCTURE, 28.0
48, 14, Policies, POLICY_FEUDAL_CONTRACT, 2.0
48, 14, Policies, POLICY_RETAINERS, 14.0
48, 14, Policies, POLICY_TRADE_CONFEDERATION, 58.0
48, 14, Policies, POLICY_TOWN_CHARTERS, 21.0
48, 14, Policies, POLICY_PRAETORIUM, 26.0
48, 14, Policies, POLICY_CIVIL_PRESTIGE, 53.0
48, 14, Policies, POLICY_SOVEREIGN_STATE, 90.0
48, 15, Civic, CIVIC_MILITARY_TRAINING, 164.7, 1
48, 15, Civic, CIVIC_NAVAL_TRADITION, 66.4, 21
48, 15, Civic, CIVIC_MERCENARIES, 215.8, 33
48, 15, Civic, CIVIC_MEDIEVAL_FAIRES, 140.7, 1
48, 15, Civic, CIVIC_GUILDS, 140.7, 1
48, 15, Civic, CIVIC_DIVINE_RIGHT, 176.5, 30
48, 15, Civic, CIVIC_EXPLORATION, 356.5, 83
48, 15, Civic, CIVIC_HUMANISM, 281.3, 69
48, 15, Civic, CIVIC_DIPLOMATIC_SERVICE, 140.7, 68
48, 15, Civic, CIVIC_REFORMED_CHURCH, 317.2, 80
48, 15, Civic, CIVIC_MERCANTILISM, 281.3, 150
48, 15, Civic, CIVIC_THE_ENLIGHTENMENT, 281.3, 217
48, 15, Policies, POLICY_URBAN_PLANNING, 14.0
48, 15, Policies, POLICY_CARAVANSARIES, 14.0
48, 15, Policies, POLICY_CONSCRIPTION, 51.0
48, 15, Policies, POLICY_CHARISMATIC_LEADER, 14.0
48, 15, Policies, POLICY_BASTIONS, 6.0
48, 15, Policies, POLICY_LIMES, 12.0
48, 15, Policies, POLICY_TRADE_CONFEDERATION, 28.0
48, 15, Policies, POLICY_PRAETORIUM, 29.0
48, 15, Policies, POLICY_CIVIL_PRESTIGE, 68.0
48, 15, Policies, POLICY_EQUESTRIAN_ORDERS, 18.0
48, 15, Policies, POLICY_SOVEREIGN_STATE, 90.0
48, 16, Civic, CIVIC_MILITARY_TRAINING, 181.7, 1
48, 16, Civic, CIVIC_NAVAL_TRADITION, 84.7, 15
48, 16, Civic, CIVIC_MERCENARIES, 240.4, 29
48, 16, Civic, CIVIC_MEDIEVAL_FAIRES, 140.7, 1
48, 16, Civic, CIVIC_GUILDS, 140.7, 1
48, 16, Civic, CIVIC_DIVINE_RIGHT, 220.5, 28
48, 16, Civic, CIVIC_EXPLORATION, 381.1, 77
48, 16, Civic, CIVIC_HUMANISM, 281.3, 69
48, 16, Civic, CIVIC_DIPLOMATIC_SERVICE, 140.7, 68
48, 16, Civic, CIVIC_REFORMED_CHURCH, 361.2, 76
48, 16, Civic, CIVIC_MERCANTILISM, 281.3, 150
48, 16, Civic, CIVIC_THE_ENLIGHTENMENT, 281.3, 217
48, 16, Policies, POLICY_URBAN_PLANNING, 14.0
48, 16, Policies, POLICY_CARAVANSARIES, 14.0
48, 16, Policies, POLICY_CONSCRIPTION, 7.0
48, 16, Policies, POLICY_CHARISMATIC_LEADER, 14.0
48, 16, Policies, POLICY_LIMES, 12.0
48, 16, Policies, POLICY_FEUDAL_CONTRACT, 3.0
48, 16, Policies, POLICY_TRADE_CONFEDERATION, 28.0
48, 16, Policies, POLICY_CHIVALRY, 2.0
48, 16, Policies, POLICY_PRAETORIUM, 26.0
48, 16, Policies, POLICY_CIVIL_PRESTIGE, 143.0
48, 16, Policies, POLICY_EQUESTRIAN_ORDERS, 37.0
48, 16, Policies, POLICY_SOVEREIGN_STATE, 90.0
48, 17, Civic, CIVIC_MILITARY_TRAINING, 200.7, 1
48, 17, Civic, CIVIC_NAVAL_TRADITION, 80.1, 16
48, 17, Civic, CIVIC_MERCENARIES, 259.4, 29
48, 17, Civic, CIVIC_MEDIEVAL_FAIRES, 140.7, 1
48, 17, Civic, CIVIC_GUILDS, 140.7, 1
48, 17, Civic, CIVIC_DIVINE_RIGHT, 145.4, 28
48, 17, Civic, CIVIC_EXPLORATION, 400.1, 77
48, 17, Civic, CIVIC_HUMANISM, 281.3, 69
48, 17, Civic, CIVIC_DIPLOMATIC_SERVICE, 140.7, 68
48, 17, Civic, CIVIC_REFORMED_CHURCH, 286.1, 76
48, 17, Civic, CIVIC_MERCANTILISM, 281.3, 151
48, 17, Civic, CIVIC_THE_ENLIGHTENMENT, 281.3, 218
48, 17, Policies, POLICY_URBAN_PLANNING, 14.0
48, 17, Policies, POLICY_CARAVANSARIES, 14.0
48, 17, Policies, POLICY_CONSCRIPTION, 51.0
48, 17, Policies, POLICY_CHARISMATIC_LEADER, 14.0
48, 17, Policies, POLICY_BASTIONS, 6.0
48, 17, Policies, POLICY_LIMES, 13.0
48, 17, Policies, POLICY_TRADE_CONFEDERATION, 28.0
48, 17, Policies, POLICY_PRAETORIUM, 32.0
48, 17, Policies, POLICY_CIVIL_PRESTIGE, 89.0
48, 17, Policies, POLICY_EQUESTRIAN_ORDERS, 56.0
48, 17, Policies, POLICY_SOVEREIGN_STATE, 90.0
48, 20, Civic, CIVIC_MILITARY_TRAINING, 164.7, 1
48, 20, Civic, CIVIC_NAVAL_TRADITION, 74.3, 19
48, 20, Civic, CIVIC_MERCENARIES, 219.1, 30
48, 20, Civic, CIVIC_MEDIEVAL_FAIRES, 140.7, 1
48, 20, Civic, CIVIC_GUILDS, 140.7, 1
48, 20, Civic, CIVIC_DIVINE_RIGHT, 155.3, 24
48, 20, Civic, CIVIC_EXPLORATION, 359.8, 75
48, 20, Civic, CIVIC_HUMANISM, 281.3, 62
48, 20, Civic, CIVIC_DIPLOMATIC_SERVICE, 140.7, 61
48, 20, Civic, CIVIC_REFORMED_CHURCH, 295.9, 69
48, 20, Civic, CIVIC_MERCANTILISM, 281.3, 134
48, 20, Civic, CIVIC_THE_ENLIGHTENMENT, 281.3, 194
48, 20, Policies, POLICY_URBAN_PLANNING, 14.0
48, 20, Policies, POLICY_CARAVANSARIES, 14.0
48, 20, Policies, POLICY_CONSCRIPTION, 44.0
48, 20, Policies, POLICY_CHARISMATIC_LEADER, 14.0
48, 20, Policies, POLICY_LIMES, 20.0
48, 20, Policies, POLICY_RETAINERS, 77.0
48, 20, Policies, POLICY_TRADE_CONFEDERATION, 28.0
48, 20, Policies, POLICY_PRAETORIUM, 20.0
48, 20, Policies, POLICY_CIVIL_PRESTIGE, 111.0
48, 20, Policies, POLICY_SOVEREIGN_STATE, 90.0
48, 21, Civic, CIVIC_MILITARY_TRAINING, 200.7, 1
48, 21, Civic, CIVIC_NAVAL_TRADITION, 80.1, 16
48, 21, Civic, CIVIC_MERCENARIES, 298.4, 13
48, 21, Civic, CIVIC_MEDIEVAL_FAIRES, 140.7, 1
48, 21, Civic, CIVIC_GUILDS, 140.7, 1
48, 21, Civic, CIVIC_DIVINE_RIGHT, 214.8, 28
48, 21, Civic, CIVIC_EXPLORATION, 439.0, 61
48, 21, Civic, CIVIC_HUMANISM, 281.3, 69
48, 21, Civic, CIVIC_DIPLOMATIC_SERVICE, 140.7, 68
48, 21, Civic, CIVIC_REFORMED_CHURCH, 355.5, 76
48, 21, Civic, CIVIC_MERCANTILISM, 281.3, 151
48, 21, Civic, CIVIC_THE_ENLIGHTENMENT, 281.3, 218
48, 21, Policies, POLICY_URBAN_PLANNING, 14.0
48, 21, Policies, POLICY_CARAVANSARIES, 14.0
48, 21, Policies, POLICY_CONSCRIPTION, 58.0
48, 21, Policies, POLICY_CHARISMATIC_LEADER, 14.0
48, 21, Policies, POLICY_BASTIONS, 6.0
48, 21, Policies, POLICY_LIMES, 21.0
48, 21, Policies, POLICY_TRADE_CONFEDERATION, 28.0
48, 21, Policies, POLICY_PRAETORIUM, 29.0
48, 21, Policies, POLICY_CIVIL_PRESTIGE, 150.0
48, 21, Policies, POLICY_EQUESTRIAN_ORDERS, 48.0
48, 21, Policies, POLICY_SOVEREIGN_STATE, 90.0
48, 62, Civic, CIVIC_MILITARY_TRADITION, 96.1, 20
48, 62, Civic, CIVIC_STATE_WORKFORCE, 79.3, 28
48, 62, Civic, CIVIC_MYSTICISM, 130.4, 20
48, 62, Civic, CIVIC_GAMES_RECREATION, 79.3, 72
48, 62, Civic, CIVIC_POLITICAL_PHILOSOPHY, 79.3, 72
48, 62, Civic, CIVIC_DRAMA_POETRY, 26.3, 44
48, 62, Civic, CIVIC_MILITARY_TRAINING, 175.4, 140
48, 62, Civic, CIVIC_DEFENSIVE_TACTICS, 79.3, 186
48, 62, Civic, CIVIC_RECORDED_HISTORY, 105.6, 186
48, 62, Civic, CIVIC_THEOLOGY, 156.7, 112
48, 62, Policies, POLICY_CARAVANSARIES, 14.0
48, 0, Civic, CIVIC_MYSTICISM, 380.8, 1
48, 0, Civic, CIVIC_THEOLOGY, 549.3, 2
48, 0, Civic, CIVIC_NAVAL_TRADITION, 159.5, 2
48, 0, Civic, CIVIC_MERCENARIES, 293.5, 2
48, 0, Civic, CIVIC_DIVINE_RIGHT, 1233.8, 4
48, 0, Civic, CIVIC_EXPLORATION, 1315.1, 7
48, 0, Civic, CIVIC_HUMANISM, 143.4, 7
48, 0, Civic, CIVIC_DIPLOMATIC_SERVICE, 462.7, 4
48, 0, Civic, CIVIC_MERCANTILISM, 438.7, 12
48, 0, Civic, CIVIC_THE_ENLIGHTENMENT, 840.2, 16
48, 0, Civic, CIVIC_COLONIALISM, 518.1, 21
48, 0, Civic, CIVIC_CIVIL_ENGINEERING, 438.7, 23
48, 0, Civic, CIVIC_NATIONALISM, 840.2, 27
48, 0, Civic, CIVIC_OPERA_BALLET, 914.5, 25
48, 0, Policies, POLICY_SURVEY, 15.0
48, 0, Policies, POLICY_GOD_KING, 21.0
48, 0, Policies, POLICY_URBAN_PLANNING, 147.0
48, 0, Policies, POLICY_CARAVANSARIES, 91.0
48, 0, Policies, POLICY_CONSCRIPTION, 44.0
48, 0, Policies, POLICY_LAND_SURVEYORS, 225.0
48, 0, Policies, POLICY_COLONIZATION, 120.0
48, 0, Policies, POLICY_INSPIRATION, 25.0
48, 0, Policies, POLICY_CHARISMATIC_LEADER, 14.0
48, 0, Policies, POLICY_DIPLOMATIC_LEAGUE, 225.0
48, 0, Policies, POLICY_LITERARY_TRADITION, 15.0
48, 0, Policies, POLICY_RAID, 2004.0
48, 0, Policies, POLICY_LIMES, 1036.0
48, 0, Policies, POLICY_NATURAL_PHILOSOPHY, 212.0
48, 0, Policies, POLICY_NAVAL_INFRASTRUCTURE, 40.0
48, 0, Policies, POLICY_NAVIGATION, 15.0
48, 0, Policies, POLICY_FEUDAL_CONTRACT, 26.0
48, 0, Policies, POLICY_RETAINERS, 28.0
48, 0, Policies, POLICY_PROFESSIONAL_ARMY, 117.0
48, 0, Policies, POLICY_TRADE_CONFEDERATION, 178.0
48, 0, Policies, POLICY_MERCHANT_CONFEDERATION, 68.0
48, 0, Policies, POLICY_TOWN_CHARTERS, 174.0
48, 0, Policies, POLICY_TRAVELING_MERCHANTS, 28.0
48, 0, Policies, POLICY_CHIVALRY, 20.0
48, 0, Policies, POLICY_COLONIAL_OFFICES, 520.0
48, 0, Policies, POLICY_INVENTION, 37.0
48, 0, Policies, POLICY_FRESCOES, 15.0
48, 0, Policies, POLICY_LOGISTICS, 63.0
48, 0, Policies, POLICY_TRIANGULAR_TRADE, 223.0
48, 0, Policies, POLICY_RATIONALISM, 228.0
48, 0, Policies, POLICY_FREE_MARKET, 188.0
48, 0, Policies, POLICY_LIBERALISM, 98.0
48, 0, Policies, POLICY_COLONIAL_TAXES, 673.0
48, 0, Policies, POLICY_SYMPHONIES, 31.0
48, 0, Policies, POLICY_PRAETORIUM, 730.0
48, 0, Policies, POLICY_CIVIL_PRESTIGE, 340.0
48, 0, Policies, POLICY_DRILL_MANUALS, 3.0
48, 0, Policies, POLICY_HARD_SHELL_EXPLOSIVES, 13.0
48, 1, Civic, CIVIC_MYSTICISM, 416.1, 1
48, 1, Civic, CIVIC_THEOLOGY, 584.5, 2
48, 1, Civic, CIVIC_NAVAL_TRADITION, 144.6, 1
48, 1, Civic, CIVIC_DIVINE_RIGHT, 1194.4, 3
48, 1, Civic, CIVIC_HUMANISM, 160.8, 1
48, 1, Civic, CIVIC_DIPLOMATIC_SERVICE, 532.6, 1
48, 1, Civic, CIVIC_MERCANTILISM, 483.5, 2
48, 1, Civic, CIVIC_THE_ENLIGHTENMENT, 933.8, 3
48, 1, Civic, CIVIC_COLONIALISM, 1229.5, 4
48, 1, Civic, CIVIC_CIVIL_ENGINEERING, 483.5, 3
48, 1, Civic, CIVIC_NATIONALISM, 933.8, 6
48, 1, Civic, CIVIC_OPERA_BALLET, 1095.0, 5
48, 1, Policies, POLICY_SURVEY, 7.0
48, 1, Policies, POLICY_GOD_KING, 23.0
48, 1, Policies, POLICY_URBAN_PLANNING, 198.0
48, 1, Policies, POLICY_CARAVANSARIES, 123.0
48, 1, Policies, POLICY_CONSCRIPTION, 14.0
48, 1, Policies, POLICY_LAND_SURVEYORS, 199.5
48, 1, Policies, POLICY_COLONIZATION, 108.0
48, 1, Policies, POLICY_INSPIRATION, 23.0
48, 1, Policies, POLICY_CHARISMATIC_LEADER, 14.0
48, 1, Policies, POLICY_DIPLOMATIC_LEAGUE, 225.0
48, 1, Policies, POLICY_LITERARY_TRADITION, 23.0
48, 1, Policies, POLICY_RAID, 1811.0
48, 1, Policies, POLICY_LIMES, 620.0
48, 1, Policies, POLICY_NATURAL_PHILOSOPHY, 186.0
48, 1, Policies, POLICY_NAVAL_INFRASTRUCTURE, 33.0
48, 1, Policies, POLICY_NAVIGATION, 47.0
48, 1, Policies, POLICY_RETAINERS, 42.0
48, 1, Policies, POLICY_TRADE_CONFEDERATION, 235.0
48, 1, Policies, POLICY_MERCHANT_CONFEDERATION, 154.0
48, 1, Policies, POLICY_AESTHETICS, 14.0
48, 1, Policies, POLICY_CRAFTSMEN, 80.0
48, 1, Policies, POLICY_TOWN_CHARTERS, 193.0
48, 1, Policies, POLICY_TRAVELING_MERCHANTS, 37.0
48, 1, Policies, POLICY_PRESS_GANGS, 63.0
48, 1, Policies, POLICY_COLONIAL_OFFICES, 675.0
48, 1, Policies, POLICY_INVENTION, 93.0
48, 1, Policies, POLICY_FRESCOES, 23.0
48, 1, Policies, POLICY_LOGISTICS, 14.0
48, 1, Policies, POLICY_TRIANGULAR_TRADE, 330.0
48, 1, Policies, POLICY_RATIONALISM, 279.0
48, 1, Policies, POLICY_FREE_MARKET, 135.0
48, 1, Policies, POLICY_LIBERALISM, 70.0
48, 1, Policies, POLICY_COLONIAL_TAXES, 770.0
48, 1, Policies, POLICY_SYMPHONIES, 47.0
48, 1, Policies, POLICY_PRAETORIUM, 959.0
48, 1, Policies, POLICY_CIVIL_PRESTIGE, 706.0
48, 1, Policies, POLICY_EQUESTRIAN_ORDERS, 135.0
48, 2, Civic, CIVIC_MILITARY_TRAINING, 2873.5, 1
48, 2, Civic, CIVIC_NAVAL_TRADITION, 162.5, 2
48, 2, Civic, CIVIC_MERCENARIES, 2154.1, 3
48, 2, Civic, CIVIC_EXPLORATION, 3053.1, 6
48, 2, Civic, CIVIC_HUMANISM, 146.8, 5
48, 2, Civic, CIVIC_DIPLOMATIC_SERVICE, 485.7, 3
48, 2, Civic, CIVIC_REFORMED_CHURCH, 1156.2, 2
48, 2, Civic, CIVIC_MERCANTILISM, 418.2, 11
48, 2, Civic, CIVIC_THE_ENLIGHTENMENT, 794.6, 14
48, 2, Civic, CIVIC_COLONIALISM, 1083.6, 18
48, 2, Civic, CIVIC_CIVIL_ENGINEERING, 418.2, 20
48, 2, Civic, CIVIC_NATIONALISM, 794.6, 23
48, 2, Civic, CIVIC_OPERA_BALLET, 903.9, 21
48, 2, Policies, POLICY_SURVEY, 37.0
48, 2, Policies, POLICY_URBAN_PLANNING, 126.0
48, 2, Policies, POLICY_CARAVANSARIES, 61.0
48, 2, Policies, POLICY_CONSCRIPTION, 22.0
48, 2, Policies, POLICY_LAND_SURVEYORS, 239.5
48, 2, Policies, POLICY_COLONIZATION, 94.0
48, 2, Policies, POLICY_INSPIRATION, 15.0
48, 2, Policies, POLICY_CHARISMATIC_LEADER, 14.0
48, 2, Policies, POLICY_DIPLOMATIC_LEAGUE, 337.0
48, 2, Policies, POLICY_LITERARY_TRADITION, 15.0
48, 2, Policies, POLICY_RAID, 1811.0
48, 2, Policies, POLICY_LIMES, 914.0
48, 2, Policies, POLICY_NATURAL_PHILOSOPHY, 88.0
48, 2, Policies, POLICY_SCRIPTURE, 202.0
48, 2, Policies, POLICY_NAVAL_INFRASTRUCTURE, 31.0
48, 2, Policies, POLICY_NAVIGATION, 31.0
48, 2, Policies, POLICY_FEUDAL_CONTRACT, 24.0
48, 2, Policies, POLICY_RETAINERS, 14.0
48, 2, Policies, POLICY_PROFESSIONAL_ARMY, 96.0
48, 2, Policies, POLICY_TRADE_CONFEDERATION, 114.0
48, 2, Policies, POLICY_MERCHANT_CONFEDERATION, 61.0
48, 2, Policies, POLICY_TOWN_CHARTERS, 90.0
48, 2, Policies, POLICY_TRAVELING_MERCHANTS, 18.0
48, 2, Policies, POLICY_CHIVALRY, 20.0
48, 2, Policies, POLICY_COLONIAL_OFFICES, 435.0
48, 2, Policies, POLICY_INVENTION, 31.0
48, 2, Policies, POLICY_FRESCOES, 15.0
48, 2, Policies, POLICY_RELIGIOUS_ORDERS, 30.0
48, 2, Policies, POLICY_SIMULTANEUM, 586.0
48, 2, Policies, POLICY_LOGISTICS, 22.0
48, 2, Policies, POLICY_TRIANGULAR_TRADE, 198.0
48, 2, Policies, POLICY_RATIONALISM, 120.0
48, 2, Policies, POLICY_FREE_MARKET, 45.0
48, 2, Policies, POLICY_LIBERALISM, 42.0
48, 2, Policies, POLICY_COLONIAL_TAXES, 621.0
48, 2, Policies, POLICY_SYMPHONIES, 31.0
48, 2, Policies, POLICY_PRAETORIUM, 538.0
48, 2, Policies, POLICY_CIVIL_PRESTIGE, 295.0
48, 2, Policies, POLICY_EQUESTRIAN_ORDERS, 7.0
48, 2, Policies, POLICY_DRILL_MANUALS, 18.0
48, 2, Policies, POLICY_HARD_SHELL_EXPLOSIVES, 11.0
48, 3, Civic, CIVIC_NAVAL_TRADITION, 144.6, 1
48, 3, Civic, CIVIC_MERCENARIES, 234.6, 1
48, 3, Civic, CIVIC_DIVINE_RIGHT, 900.5, 1
48, 3, Civic, CIVIC_EXPLORATION, 1325.9, 2
48, 3, Civic, CIVIC_HUMANISM, 141.8, 4
48, 3, Civic, CIVIC_DIPLOMATIC_SERVICE, 511.1, 2
48, 3, Civic, CIVIC_REFORMED_CHURCH, 4366.6, 2
48, 3, Civic, CIVIC_MERCANTILISM, 576.4, 6
48, 3, Civic, CIVIC_THE_ENLIGHTENMENT, 1036.4, 8
48, 3, Civic, CIVIC_COLONIALISM, 691.7, 11
48, 3, Civic, CIVIC_CIVIL_ENGINEERING, 7206.7, 12
48, 3, Civic, CIVIC_NATIONALISM, 7887.7, 14
48, 3, Civic, CIVIC_OPERA_BALLET, 1152.9, 13
48, 3, Policies, POLICY_SURVEY, 37.0
48, 3, Policies, POLICY_URBAN_PLANNING, 198.0
48, 3, Policies, POLICY_CARAVANSARIES, 190.0
48, 3, Policies, POLICY_LAND_SURVEYORS, 369.5
48, 3, Policies, POLICY_COLONIZATION, 231.0
48, 3, Policies, POLICY_INSPIRATION, 15.0
48, 3, Policies, POLICY_CHARISMATIC_LEADER, 14.0
48, 3, Policies, POLICY_DIPLOMATIC_LEAGUE, 225.0
48, 3, Policies, POLICY_LITERARY_TRADITION, 15.0
48, 3, Policies, POLICY_RAID, 2394.0
48, 3, Policies, POLICY_LIMES, 323.0
48, 3, Policies, POLICY_NATURAL_PHILOSOPHY, 38.0
48, 3, Policies, POLICY_SCRIPTURE, 1586.0
48, 3, Policies, POLICY_NAVIGATION, 15.0
48, 3, Policies, POLICY_TRADE_CONFEDERATION, 288.0
48, 3, Policies, POLICY_MERCHANT_CONFEDERATION, 136.0
48, 3, Policies, POLICY_TOWN_CHARTERS, 135.0
48, 3, Policies, POLICY_TRAVELING_MERCHANTS, 18.0
48, 3, Policies, POLICY_COLONIAL_OFFICES, 406.0
48, 3, Policies, POLICY_INVENTION, 31.0
48, 3, Policies, POLICY_FRESCOES, 15.0
48, 3, Policies, POLICY_SIMULTANEUM, 2755.0
48, 3, Policies, POLICY_LOGISTICS, 1.0
48, 3, Policies, POLICY_TRIANGULAR_TRADE, 556.0
48, 3, Policies, POLICY_FREE_MARKET, 286.0
48, 3, Policies, POLICY_LIBERALISM, 427.0
48, 3, Policies, POLICY_COLONIAL_TAXES, 864.0
48, 3, Policies, POLICY_PUBLIC_WORKS, 48.0
48, 3, Policies, POLICY_NATIONAL_IDENTITY, 1.0
48, 3, Policies, POLICY_SYMPHONIES, 31.0
48, 3, Policies, POLICY_PRAETORIUM, 494.0
48, 3, Policies, POLICY_CIVIL_PRESTIGE, 979.0
48, 3, Policies, POLICY_EQUESTRIAN_ORDERS, 50.0
48, 3, Policies, POLICY_EMPIRICAL_METHOD, 29.0
48, 4, Civic, CIVIC_NAVAL_TRADITION, 156.6, 1
48, 4, Civic, CIVIC_EXPLORATION, 1318.0, 1
48, 4, Civic, CIVIC_HUMANISM, 183.8, 1
48, 4, Civic, CIVIC_REFORMED_CHURCH, 634.3, 1
48, 4, Civic, CIVIC_MERCANTILISM, 478.5, 2
48, 4, Civic, CIVIC_THE_ENLIGHTENMENT, 645.2, 2
48, 4, Civic, CIVIC_COLONIALISM, 1607.5, 4
48, 4, Civic, CIVIC_CIVIL_ENGINEERING, 29395.3, 3
48, 4, Civic, CIVIC_NATIONALISM, 30568.9, 3
48, 4, Civic, CIVIC_OPERA_BALLET, 902.6, 4
48, 4, Policies, POLICY_SURVEY, 23.0
48, 4, Policies, POLICY_URBAN_PLANNING, 189.0
48, 4, Policies, POLICY_CARAVANSARIES, 99.0
48, 4, Policies, POLICY_CONSCRIPTION, 36.0
48, 4, Policies, POLICY_LAND_SURVEYORS, 240.0
48, 4, Policies, POLICY_COLONIZATION, 180.0
48, 4, Policies, POLICY_INSPIRATION, 29.0
48, 4, Policies, POLICY_CHARISMATIC_LEADER, 14.0
48, 4, Policies, POLICY_DIPLOMATIC_LEAGUE, 337.0
48, 4, Policies, POLICY_LITERARY_TRADITION, 18.0
48, 4, Policies, POLICY_RAID, 2197.0
48, 4, Policies, POLICY_LIMES, 1233.0
48, 4, Policies, POLICY_NATURAL_PHILOSOPHY, 319.0
48, 4, Policies, POLICY_NAVIGATION, 15.0
48, 4, Policies, POLICY_RETAINERS, 42.0
48, 4, Policies, POLICY_PROFESSIONAL_ARMY, 39.0
48, 4, Policies, POLICY_TRADE_CONFEDERATION, 190.0
48, 4, Policies, POLICY_MERCHANT_CONFEDERATION, 224.0
48, 4, Policies, POLICY_AESTHETICS, 88.0
48, 4, Policies, POLICY_CRAFTSMEN, 107.0
48, 4, Policies, POLICY_TOWN_CHARTERS, 201.0
48, 4, Policies, POLICY_TRAVELING_MERCHANTS, 28.0
48, 4, Policies, POLICY_COLONIAL_OFFICES, 649.0
48, 4, Policies, POLICY_INVENTION, 43.0
48, 4, Policies, POLICY_FRESCOES, 18.0
48, 4, Policies, POLICY_MACHIAVELLIANISM, 152.0
48, 4, Policies, POLICY_RELIGIOUS_ORDERS, 61.0
48, 4, Policies, POLICY_LOGISTICS, 65.0
48, 4, Policies, POLICY_TRIANGULAR_TRADE, 240.0
48, 4, Policies, POLICY_RATIONALISM, 515.0
48, 4, Policies, POLICY_FREE_MARKET, 108.0
48, 4, Policies, POLICY_LIBERALISM, 98.0
48, 4, Policies, POLICY_COLONIAL_TAXES, 985.0
48, 4, Policies, POLICY_PUBLIC_WORKS, 46.0
48, 4, Policies, POLICY_NATIONAL_IDENTITY, 6.0
48, 4, Policies, POLICY_GRAND_OPERA, 88.0
48, 4, Policies, POLICY_SYMPHONIES, 31.0
48, 4, Policies, POLICY_ECONOMIC_UNION, 116.0
48, 4, Policies, POLICY_PRAETORIUM, 947.0
48, 4, Policies, POLICY_CIVIL_PRESTIGE, 953.0
48, 4, Policies, POLICY_DRILL_MANUALS, 90.0
48, 4, Policies, POLICY_EMPIRICAL_METHOD, 452.0
48, 4, Policies, POLICY_MASTER_ARTISANS, 131.0
48, 3, Civic, CIVIC_NAVAL_TRADITION, 144.6, 1
48, 3, Civic, CIVIC_MERCENARIES, 234.6, 1
48, 3, Civic, CIVIC_DIVINE_RIGHT, 900.5, 1
48, 3, Civic, CIVIC_EXPLORATION, 1325.9, 2
48, 3, Civic, CIVIC_HUMANISM, 141.8, 4
48, 3, Civic, CIVIC_DIPLOMATIC_SERVICE, 511.1, 2
48, 3, Civic, CIVIC_REFORMED_CHURCH, 4366.6, 2
48, 3, Civic, CIVIC_MERCANTILISM, 576.4, 6
48, 3, Civic, CIVIC_THE_ENLIGHTENMENT, 1036.4, 8
48, 3, Civic, CIVIC_COLONIALISM, 691.7, 11
48, 3, Civic, CIVIC_CIVIL_ENGINEERING, 7206.7, 12
48, 3, Civic, CIVIC_NATIONALISM, 7887.7, 14
48, 3, Civic, CIVIC_OPERA_BALLET, 1152.9, 13
48, 3, Policies, POLICY_SURVEY, 37.0
48, 3, Policies, POLICY_URBAN_PLANNING, 198.0
48, 3, Policies, POLICY_CARAVANSARIES, 190.0
48, 3, Policies, POLICY_LAND_SURVEYORS, 369.5
48, 3, Policies, POLICY_COLONIZATION, 231.0
48, 3, Policies, POLICY_INSPIRATION, 15.0
48, 3, Policies, POLICY_CHARISMATIC_LEADER, 14.0
48, 3, Policies, POLICY_DIPLOMATIC_LEAGUE, 225.0
48, 3, Policies, POLICY_LITERARY_TRADITION, 15.0
48, 3, Policies, POLICY_RAID, 2394.0
48, 3, Policies, POLICY_LIMES, 323.0
48, 3, Policies, POLICY_NATURAL_PHILOSOPHY, 38.0
48, 3, Policies, POLICY_SCRIPTURE, 1586.0
48, 3, Policies, POLICY_NAVIGATION, 15.0
48, 3, Policies, POLICY_TRADE_CONFEDERATION, 288.0
48, 3, Policies, POLICY_MERCHANT_CONFEDERATION, 136.0
48, 3, Policies, POLICY_TOWN_CHARTERS, 135.0
48, 3, Policies, POLICY_TRAVELING_MERCHANTS, 18.0
48, 3, Policies, POLICY_COLONIAL_OFFICES, 406.0
48, 3, Policies, POLICY_INVENTION, 31.0
48, 3, Policies, POLICY_FRESCOES, 15.0
48, 3, Policies, POLICY_SIMULTANEUM, 2755.0
48, 3, Policies, POLICY_LOGISTICS, 1.0
48, 3, Policies, POLICY_TRIANGULAR_TRADE, 556.0
48, 3, Policies, POLICY_FREE_MARKET, 286.0
48, 3, Policies, POLICY_LIBERALISM, 427.0
48, 3, Policies, POLICY_COLONIAL_TAXES, 864.0
48, 3, Policies, POLICY_PUBLIC_WORKS, 48.0
48, 3, Policies, POLICY_NATIONAL_IDENTITY, 1.0
48, 3, Policies, POLICY_SYMPHONIES, 31.0
48, 3, Policies, POLICY_PRAETORIUM, 494.0
48, 3, Policies, POLICY_CIVIL_PRESTIGE, 979.0
48, 3, Policies, POLICY_EQUESTRIAN_ORDERS, 50.0
48, 3, Policies, POLICY_EMPIRICAL_METHOD, 29.0
48, 2, Civic, CIVIC_MILITARY_TRAINING, 2873.5, 1
48, 2, Civic, CIVIC_NAVAL_TRADITION, 162.5, 2
48, 2, Civic, CIVIC_MERCENARIES, 2154.1, 3
48, 2, Civic, CIVIC_EXPLORATION, 3053.1, 6
48, 2, Civic, CIVIC_HUMANISM, 146.8, 5
48, 2, Civic, CIVIC_DIPLOMATIC_SERVICE, 485.7, 3
48, 2, Civic, CIVIC_REFORMED_CHURCH, 1156.2, 2
48, 2, Civic, CIVIC_MERCANTILISM, 418.2, 11
48, 2, Civic, CIVIC_THE_ENLIGHTENMENT, 794.6, 14
48, 2, Civic, CIVIC_COLONIALISM, 1083.6, 18
48, 2, Civic, CIVIC_CIVIL_ENGINEERING, 418.2, 20
48, 2, Civic, CIVIC_NATIONALISM, 794.6, 23
48, 2, Civic, CIVIC_OPERA_BALLET, 903.9, 21
48, 2, Policies, POLICY_SURVEY, 37.0
48, 2, Policies, POLICY_URBAN_PLANNING, 126.0
48, 2, Policies, POLICY_CARAVANSARIES, 61.0
48, 2, Policies, POLICY_CONSCRIPTION, 22.0
48, 2, Policies, POLICY_LAND_SURVEYORS, 239.5
48, 2, Policies, POLICY_COLONIZATION, 94.0
48, 2, Policies, POLICY_INSPIRATION, 15.0
48, 2, Policies, POLICY_CHARISMATIC_LEADER, 14.0
48, 2, Policies, POLICY_DIPLOMATIC_LEAGUE, 337.0
48, 2, Policies, POLICY_LITERARY_TRADITION, 15.0
48, 2, Policies, POLICY_RAID, 1811.0
48, 2, Policies, POLICY_LIMES, 914.0
48, 2, Policies, POLICY_NATURAL_PHILOSOPHY, 88.0
48, 2, Policies, POLICY_SCRIPTURE, 202.0
48, 2, Policies, POLICY_NAVAL_INFRASTRUCTURE, 31.0
48, 2, Policies, POLICY_NAVIGATION, 31.0
48, 2, Policies, POLICY_FEUDAL_CONTRACT, 24.0
48, 2, Policies, POLICY_RETAINERS, 14.0
48, 2, Policies, POLICY_PROFESSIONAL_ARMY, 96.0
48, 2, Policies, POLICY_TRADE_CONFEDERATION, 114.0
48, 2, Policies, POLICY_MERCHANT_CONFEDERATION, 61.0
48, 2, Policies, POLICY_TOWN_CHARTERS, 90.0
48, 2, Policies, POLICY_TRAVELING_MERCHANTS, 18.0
48, 2, Policies, POLICY_CHIVALRY, 20.0
48, 2, Policies, POLICY_COLONIAL_OFFICES, 435.0
48, 2, Policies, POLICY_INVENTION, 31.0
48, 2, Policies, POLICY_FRESCOES, 15.0
48, 2, Policies, POLICY_RELIGIOUS_ORDERS, 30.0
48, 2, Policies, POLICY_SIMULTANEUM, 586.0
48, 2, Policies, POLICY_LOGISTICS, 22.0
48, 2, Policies, POLICY_TRIANGULAR_TRADE, 198.0
48, 2, Policies, POLICY_RATIONALISM, 120.0
48, 2, Policies, POLICY_FREE_MARKET, 45.0
48, 2, Policies, POLICY_LIBERALISM, 42.0
48, 2, Policies, POLICY_COLONIAL_TAXES, 621.0
48, 2, Policies, POLICY_SYMPHONIES, 31.0
48, 2, Policies, POLICY_PRAETORIUM, 538.0
48, 2, Policies, POLICY_CIVIL_PRESTIGE, 295.0
48, 2, Policies, POLICY_EQUESTRIAN_ORDERS, 7.0
48, 2, Policies, POLICY_DRILL_MANUALS, 18.0
48, 2, Policies, POLICY_HARD_SHELL_EXPLOSIVES, 11.0
48, 2, Civic, CIVIC_MILITARY_TRAINING, 2873.5, 1
48, 2, Civic, CIVIC_NAVAL_TRADITION, 162.5, 2
48, 2, Civic, CIVIC_MERCENARIES, 2154.1, 3
48, 2, Civic, CIVIC_EXPLORATION, 3053.1, 6
48, 2, Civic, CIVIC_HUMANISM, 146.8, 5
48, 2, Civic, CIVIC_DIPLOMATIC_SERVICE, 485.7, 3
48, 2, Civic, CIVIC_REFORMED_CHURCH, 1156.2, 2
48, 2, Civic, CIVIC_MERCANTILISM, 418.2, 11
48, 2, Civic, CIVIC_THE_ENLIGHTENMENT, 794.6, 14
48, 2, Civic, CIVIC_COLONIALISM, 1083.6, 18
48, 2, Civic, CIVIC_CIVIL_ENGINEERING, 418.2, 20
48, 2, Civic, CIVIC_NATIONALISM, 794.6, 23
48, 2, Civic, CIVIC_OPERA_BALLET, 903.9, 21
48, 2, Policies, POLICY_SURVEY, 37.0
48, 2, Policies, POLICY_URBAN_PLANNING, 126.0
48, 2, Policies, POLICY_CARAVANSARIES, 61.0
48, 2, Policies, POLICY_CONSCRIPTION, 22.0
48, 2, Policies, POLICY_LAND_SURVEYORS, 239.5
48, 2, Policies, POLICY_COLONIZATION, 94.0
48, 2, Policies, POLICY_INSPIRATION, 15.0
48, 2, Policies, POLICY_CHARISMATIC_LEADER, 14.0
48, 2, Policies, POLICY_DIPLOMATIC_LEAGUE, 337.0
48, 2, Policies, POLICY_LITERARY_TRADITION, 15.0
48, 2, Policies, POLICY_RAID, 1811.0
48, 2, Policies, POLICY_LIMES, 914.0
48, 2, Policies, POLICY_NATURAL_PHILOSOPHY, 88.0
48, 2, Policies, POLICY_SCRIPTURE, 202.0
48, 2, Policies, POLICY_NAVAL_INFRASTRUCTURE, 31.0
48, 2, Policies, POLICY_NAVIGATION, 31.0
48, 2, Policies, POLICY_FEUDAL_CONTRACT, 24.0
48, 2, Policies, POLICY_RETAINERS, 14.0
48, 2, Policies, POLICY_PROFESSIONAL_ARMY, 96.0
48, 2, Policies, POLICY_TRADE_CONFEDERATION, 114.0
48, 2, Policies, POLICY_MERCHANT_CONFEDERATION, 61.0
48, 2, Policies, POLICY_TOWN_CHARTERS, 90.0
48, 2, Policies, POLICY_TRAVELING_MERCHANTS, 18.0
48, 2, Policies, POLICY_CHIVALRY, 20.0
48, 2, Policies, POLICY_COLONIAL_OFFICES, 435.0
48, 2, Policies, POLICY_INVENTION, 31.0
48, 2, Policies, POLICY_FRESCOES, 15.0
48, 2, Policies, POLICY_RELIGIOUS_ORDERS, 30.0
48, 2, Policies, POLICY_SIMULTANEUM, 586.0
48, 2, Policies, POLICY_LOGISTICS, 22.0
48, 2, Policies, POLICY_TRIANGULAR_TRADE, 198.0
48, 2, Policies, POLICY_RATIONALISM, 120.0
48, 2, Policies, POLICY_FREE_MARKET, 45.0
48, 2, Policies, POLICY_LIBERALISM, 42.0
48, 2, Policies, POLICY_COLONIAL_TAXES, 621.0
48, 2, Policies, POLICY_SYMPHONIES, 31.0
48, 2, Policies, POLICY_PRAETORIUM, 538.0
48, 2, Policies, POLICY_CIVIL_PRESTIGE, 295.0
48, 2, Policies, POLICY_EQUESTRIAN_ORDERS, 7.0
48, 2, Policies, POLICY_DRILL_MANUALS, 18.0
48, 2, Policies, POLICY_HARD_SHELL_EXPLOSIVES, 11.0
48, 0, Civic, CIVIC_MYSTICISM, 380.8, 1
48, 0, Civic, CIVIC_THEOLOGY, 549.3, 2
48, 0, Civic, CIVIC_NAVAL_TRADITION, 159.5, 2
48, 0, Civic, CIVIC_MERCENARIES, 293.5, 2
48, 0, Civic, CIVIC_DIVINE_RIGHT, 1233.8, 4
48, 0, Civic, CIVIC_EXPLORATION, 1315.1, 7
48, 0, Civic, CIVIC_HUMANISM, 143.4, 7
48, 0, Civic, CIVIC_DIPLOMATIC_SERVICE, 462.7, 4
48, 0, Civic, CIVIC_MERCANTILISM, 438.7, 12
48, 0, Civic, CIVIC_THE_ENLIGHTENMENT, 840.2, 16
48, 0, Civic, CIVIC_COLONIALISM, 518.1, 21
48, 0, Civic, CIVIC_CIVIL_ENGINEERING, 438.7, 23
48, 0, Civic, CIVIC_NATIONALISM, 840.2, 27
48, 0, Civic, CIVIC_OPERA_BALLET, 914.5, 25
48, 0, Policies, POLICY_SURVEY, 15.0
48, 0, Policies, POLICY_GOD_KING, 21.0
48, 0, Policies, POLICY_URBAN_PLANNING, 147.0
48, 0, Policies, POLICY_CARAVANSARIES, 91.0
48, 0, Policies, POLICY_CONSCRIPTION, 44.0
48, 0, Policies, POLICY_LAND_SURVEYORS, 225.0
48, 0, Policies, POLICY_COLONIZATION, 120.0
48, 0, Policies, POLICY_INSPIRATION, 25.0
48, 0, Policies, POLICY_CHARISMATIC_LEADER, 14.0
48, 0, Policies, POLICY_DIPLOMATIC_LEAGUE, 225.0
48, 0, Policies, POLICY_LITERARY_TRADITION, 15.0
48, 0, Policies, POLICY_RAID, 2004.0
48, 0, Policies, POLICY_LIMES, 1036.0
48, 0, Policies, POLICY_NATURAL_PHILOSOPHY, 212.0
48, 0, Policies, POLICY_NAVAL_INFRASTRUCTURE, 40.0
48, 0, Policies, POLICY_NAVIGATION, 15.0
48, 0, Policies, POLICY_FEUDAL_CONTRACT, 26.0
48, 0, Policies, POLICY_RETAINERS, 28.0
48, 0, Policies, POLICY_PROFESSIONAL_ARMY, 117.0
48, 0, Policies, POLICY_TRADE_CONFEDERATION, 178.0
48, 0, Policies, POLICY_MERCHANT_CONFEDERATION, 68.0
48, 0, Policies, POLICY_TOWN_CHARTERS, 174.0
48, 0, Policies, POLICY_TRAVELING_MERCHANTS, 28.0
48, 0, Policies, POLICY_CHIVALRY, 20.0
48, 0, Policies, POLICY_COLONIAL_OFFICES, 520.0
48, 0, Policies, POLICY_INVENTION, 37.0
48, 0, Policies, POLICY_FRESCOES, 15.0
48, 0, Policies, POLICY_LOGISTICS, 63.0
48, 0, Policies, POLICY_TRIANGULAR_TRADE, 223.0
48, 0, Policies, POLICY_RATIONALISM, 228.0
48, 0, Policies, POLICY_FREE_MARKET, 188.0
48, 0, Policies, POLICY_LIBERALISM, 98.0
48, 0, Policies, POLICY_COLONIAL_TAXES, 673.0
48, 0, Policies, POLICY_SYMPHONIES, 31.0
48, 0, Policies, POLICY_PRAETORIUM, 730.0
48, 0, Policies, POLICY_CIVIL_PRESTIGE, 340.0
48, 0, Policies, POLICY_DRILL_MANUALS, 3.0
48, 0, Policies, POLICY_HARD_SHELL_EXPLOSIVES, 13.0
48, 1, Civic, CIVIC_MYSTICISM, 416.1, 1
48, 1, Civic, CIVIC_THEOLOGY, 584.5, 2
48, 1, Civic, CIVIC_NAVAL_TRADITION, 144.6, 1
48, 1, Civic, CIVIC_DIVINE_RIGHT, 1194.4, 3
48, 1, Civic, CIVIC_HUMANISM, 160.8, 1
48, 1, Civic, CIVIC_DIPLOMATIC_SERVICE, 532.6, 1
48, 1, Civic, CIVIC_MERCANTILISM, 483.5, 2
48, 1, Civic, CIVIC_THE_ENLIGHTENMENT, 933.8, 3
48, 1, Civic, CIVIC_COLONIALISM, 1229.5, 4
48, 1, Civic, CIVIC_CIVIL_ENGINEERING, 483.5, 3
48, 1, Civic, CIVIC_NATIONALISM, 933.8, 6
48, 1, Civic, CIVIC_OPERA_BALLET, 1095.0, 5
48, 1, Policies, POLICY_SURVEY, 7.0
48, 1, Policies, POLICY_GOD_KING, 23.0
48, 1, Policies, POLICY_URBAN_PLANNING, 198.0
48, 1, Policies, POLICY_CARAVANSARIES, 123.0
48, 1, Policies, POLICY_CONSCRIPTION, 14.0
48, 1, Policies, POLICY_LAND_SURVEYORS, 199.5
48, 1, Policies, POLICY_COLONIZATION, 108.0
48, 1, Policies, POLICY_INSPIRATION, 23.0
48, 1, Policies, POLICY_CHARISMATIC_LEADER, 14.0
48, 1, Policies, POLICY_DIPLOMATIC_LEAGUE, 225.0
48, 1, Policies, POLICY_LITERARY_TRADITION, 23.0
48, 1, Policies, POLICY_RAID, 1811.0
48, 1, Policies, POLICY_LIMES, 620.0
48, 1, Policies, POLICY_NATURAL_PHILOSOPHY, 186.0
48, 1, Policies, POLICY_NAVAL_INFRASTRUCTURE, 33.0
48, 1, Policies, POLICY_NAVIGATION, 47.0
48, 1, Policies, POLICY_RETAINERS, 42.0
48, 1, Policies, POLICY_TRADE_CONFEDERATION, 235.0
48, 1, Policies, POLICY_MERCHANT_CONFEDERATION, 154.0
48, 1, Policies, POLICY_AESTHETICS, 14.0
48, 1, Policies, POLICY_CRAFTSMEN, 80.0
48, 1, Policies, POLICY_TOWN_CHARTERS, 193.0
48, 1, Policies, POLICY_TRAVELING_MERCHANTS, 37.0
48, 1, Policies, POLICY_PRESS_GANGS, 63.0
48, 1, Policies, POLICY_COLONIAL_OFFICES, 675.0
48, 1, Policies, POLICY_INVENTION, 93.0
48, 1, Policies, POLICY_FRESCOES, 23.0
48, 1, Policies, POLICY_LOGISTICS, 14.0
48, 1, Policies, POLICY_TRIANGULAR_TRADE, 330.0
48, 1, Policies, POLICY_RATIONALISM, 279.0
48, 1, Policies, POLICY_FREE_MARKET, 135.0
48, 1, Policies, POLICY_LIBERALISM, 70.0
48, 1, Policies, POLICY_COLONIAL_TAXES, 770.0
48, 1, Policies, POLICY_SYMPHONIES, 47.0
48, 1, Policies, POLICY_PRAETORIUM, 959.0
48, 1, Policies, POLICY_CIVIL_PRESTIGE, 706.0
48, 1, Policies, POLICY_EQUESTRIAN_ORDERS, 135.0
48, 1, Civic, CIVIC_MYSTICISM, 416.1, 1
48, 1, Civic, CIVIC_THEOLOGY, 584.5, 2
48, 1, Civic, CIVIC_NAVAL_TRADITION, 144.6, 1
48, 1, Civic, CIVIC_DIVINE_RIGHT, 1194.4, 3
48, 1, Civic, CIVIC_HUMANISM, 160.8, 1
48, 1, Civic, CIVIC_DIPLOMATIC_SERVICE, 532.6, 1
48, 1, Civic, CIVIC_MERCANTILISM, 483.5, 2
48, 1, Civic, CIVIC_THE_ENLIGHTENMENT, 933.8, 3
48, 1, Civic, CIVIC_COLONIALISM, 1229.5, 4
48, 1, Civic, CIVIC_CIVIL_ENGINEERING, 483.5, 3
48, 1, Civic, CIVIC_NATIONALISM, 933.8, 6
48, 1, Civic, CIVIC_OPERA_BALLET, 1095.0, 5
48, 1, Policies, POLICY_SURVEY, 7.0
48, 1, Policies, POLICY_GOD_KING, 23.0
48, 1, Policies, POLICY_URBAN_PLANNING, 198.0
48, 1, Policies, POLICY_CARAVANSARIES, 123.0
48, 1, Policies, POLICY_CONSCRIPTION, 14.0
48, 1, Policies, POLICY_LAND_SURVEYORS, 199.5
48, 1, Policies, POLICY_COLONIZATION, 108.0
48, 1, Policies, POLICY_INSPIRATION, 23.0
48, 1, Policies, POLICY_CHARISMATIC_LEADER, 14.0
48, 1, Policies, POLICY_DIPLOMATIC_LEAGUE, 225.0
48, 1, Policies, POLICY_LITERARY_TRADITION, 23.0
48, 1, Policies, POLICY_RAID, 1811.0
48, 1, Policies, POLICY_LIMES, 620.0
48, 1, Policies, POLICY_NATURAL_PHILOSOPHY, 186.0
48, 1, Policies, POLICY_NAVAL_INFRASTRUCTURE, 33.0
48, 1, Policies, POLICY_NAVIGATION, 47.0
48, 1, Policies, POLICY_RETAINERS, 42.0
48, 1, Policies, POLICY_TRADE_CONFEDERATION, 235.0
48, 1, Policies, POLICY_MERCHANT_CONFEDERATION, 154.0
48, 1, Policies, POLICY_AESTHETICS, 14.0
48, 1, Policies, POLICY_CRAFTSMEN, 80.0
48, 1, Policies, POLICY_TOWN_CHARTERS, 193.0
48, 1, Policies, POLICY_TRAVELING_MERCHANTS, 37.0
48, 1, Policies, POLICY_PRESS_GANGS, 63.0
48, 1, Policies, POLICY_COLONIAL_OFFICES, 675.0
48, 1, Policies, POLICY_INVENTION, 93.0
48, 1, Policies, POLICY_FRESCOES, 23.0
48, 1, Policies, POLICY_LOGISTICS, 14.0
48, 1, Policies, POLICY_TRIANGULAR_TRADE, 330.0
48, 1, Policies, POLICY_RATIONALISM, 279.0
48, 1, Policies, POLICY_FREE_MARKET, 135.0
48, 1, Policies, POLICY_LIBERALISM, 70.0
48, 1, Policies, POLICY_COLONIAL_TAXES, 770.0
48, 1, Policies, POLICY_SYMPHONIES, 47.0
48, 1, Policies, POLICY_PRAETORIUM, 959.0
48, 1, Policies, POLICY_CIVIL_PRESTIGE, 706.0
48, 1, Policies, POLICY_EQUESTRIAN_ORDERS, 135.0
48, 3, Civic, CIVIC_NAVAL_TRADITION, 144.6, 1
48, 3, Civic, CIVIC_MERCENARIES, 234.6, 1
48, 3, Civic, CIVIC_DIVINE_RIGHT, 900.5, 1
48, 3, Civic, CIVIC_EXPLORATION, 1325.9, 2
48, 3, Civic, CIVIC_HUMANISM, 141.8, 4
48, 3, Civic, CIVIC_DIPLOMATIC_SERVICE, 511.1, 2
48, 3, Civic, CIVIC_REFORMED_CHURCH, 4366.6, 2
48, 3, Civic, CIVIC_MERCANTILISM, 576.4, 6
48, 3, Civic, CIVIC_THE_ENLIGHTENMENT, 1036.4, 8
48, 3, Civic, CIVIC_COLONIALISM, 691.7, 11
48, 3, Civic, CIVIC_CIVIL_ENGINEERING, 7206.7, 12
48, 3, Civic, CIVIC_NATIONALISM, 7887.7, 14
48, 3, Civic, CIVIC_OPERA_BALLET, 1152.9, 13
48, 3, Policies, POLICY_SURVEY, 37.0
48, 3, Policies, POLICY_URBAN_PLANNING, 198.0
48, 3, Policies, POLICY_CARAVANSARIES, 190.0
48, 3, Policies, POLICY_LAND_SURVEYORS, 369.5
48, 3, Policies, POLICY_COLONIZATION, 231.0
48, 3, Policies, POLICY_INSPIRATION, 15.0
48, 3, Policies, POLICY_CHARISMATIC_LEADER, 14.0
48, 3, Policies, POLICY_DIPLOMATIC_LEAGUE, 225.0
48, 3, Policies, POLICY_LITERARY_TRADITION, 15.0
48, 3, Policies, POLICY_RAID, 2394.0
48, 3, Policies, POLICY_LIMES, 323.0
48, 3, Policies, POLICY_NATURAL_PHILOSOPHY, 38.0
48, 3, Policies, POLICY_SCRIPTURE, 1586.0
48, 3, Policies, POLICY_NAVIGATION, 15.0
48, 3, Policies, POLICY_TRADE_CONFEDERATION, 288.0
48, 3, Policies, POLICY_MERCHANT_CONFEDERATION, 136.0
48, 3, Policies, POLICY_TOWN_CHARTERS, 135.0
48, 3, Policies, POLICY_TRAVELING_MERCHANTS, 18.0
48, 3, Policies, POLICY_COLONIAL_OFFICES, 406.0
48, 3, Policies, POLICY_INVENTION, 31.0
48, 3, Policies, POLICY_FRESCOES, 15.0
48, 3, Policies, POLICY_SIMULTANEUM, 2755.0
48, 3, Policies, POLICY_LOGISTICS, 1.0
48, 3, Policies, POLICY_TRIANGULAR_TRADE, 556.0
48, 3, Policies, POLICY_FREE_MARKET, 286.0
48, 3, Policies, POLICY_LIBERALISM, 427.0
48, 3, Policies, POLICY_COLONIAL_TAXES, 864.0
48, 3, Policies, POLICY_PUBLIC_WORKS, 48.0
48, 3, Policies, POLICY_NATIONAL_IDENTITY, 1.0
48, 3, Policies, POLICY_SYMPHONIES, 31.0
48, 3, Policies, POLICY_PRAETORIUM, 494.0
48, 3, Policies, POLICY_CIVIL_PRESTIGE, 979.0
48, 3, Policies, POLICY_EQUESTRIAN_ORDERS, 50.0
48, 3, Policies, POLICY_EMPIRICAL_METHOD, 29.0
48, 0, Civic, CIVIC_MYSTICISM, 380.8, 1
48, 0, Civic, CIVIC_THEOLOGY, 549.3, 2
48, 0, Civic, CIVIC_NAVAL_TRADITION, 159.5, 2
48, 0, Civic, CIVIC_MERCENARIES, 293.5, 2
48, 0, Civic, CIVIC_DIVINE_RIGHT, 1233.8, 4
48, 0, Civic, CIVIC_EXPLORATION, 1315.1, 7
48, 0, Civic, CIVIC_HUMANISM, 143.4, 7
48, 0, Civic, CIVIC_DIPLOMATIC_SERVICE, 462.7, 4
48, 0, Civic, CIVIC_MERCANTILISM, 438.7, 12
48, 0, Civic, CIVIC_THE_ENLIGHTENMENT, 840.2, 16
48, 0, Civic, CIVIC_COLONIALISM, 518.1, 21
48, 0, Civic, CIVIC_CIVIL_ENGINEERING, 438.7, 23
48, 0, Civic, CIVIC_NATIONALISM, 840.2, 27
48, 0, Civic, CIVIC_OPERA_BALLET, 914.5, 25
48, 0, Policies, POLICY_SURVEY, 15.0
48, 0, Policies, POLICY_GOD_KING, 21.0
48, 0, Policies, POLICY_URBAN_PLANNING, 147.0
48, 0, Policies, POLICY_CARAVANSARIES, 91.0
48, 0, Policies, POLICY_CONSCRIPTION, 44.0
48, 0, Policies, POLICY_LAND_SURVEYORS, 225.0
48, 0, Policies, POLICY_COLONIZATION, 120.0
48, 0, Policies, POLICY_INSPIRATION, 25.0
48, 0, Policies, POLICY_CHARISMATIC_LEADER, 14.0
48, 0, Policies, POLICY_DIPLOMATIC_LEAGUE, 225.0
48, 0, Policies, POLICY_LITERARY_TRADITION, 15.0
48, 0, Policies, POLICY_RAID, 2004.0
48, 0, Policies, POLICY_LIMES, 1036.0
48, 0, Policies, POLICY_NATURAL_PHILOSOPHY, 212.0
48, 0, Policies, POLICY_NAVAL_INFRASTRUCTURE, 40.0
48, 0, Policies, POLICY_NAVIGATION, 15.0
48, 0, Policies, POLICY_FEUDAL_CONTRACT, 26.0
48, 0, Policies, POLICY_RETAINERS, 28.0
48, 0, Policies, POLICY_PROFESSIONAL_ARMY, 117.0
48, 0, Policies, POLICY_TRADE_CONFEDERATION, 178.0
48, 0, Policies, POLICY_MERCHANT_CONFEDERATION, 68.0
48, 0, Policies, POLICY_TOWN_CHARTERS, 174.0
48, 0, Policies, POLICY_TRAVELING_MERCHANTS, 28.0
48, 0, Policies, POLICY_CHIVALRY, 20.0
48, 0, Policies, POLICY_COLONIAL_OFFICES, 520.0
48, 0, Policies, POLICY_INVENTION, 37.0
48, 0, Policies, POLICY_FRESCOES, 15.0
48, 0, Policies, POLICY_LOGISTICS, 63.0
48, 0, Policies, POLICY_TRIANGULAR_TRADE, 223.0
48, 0, Policies, POLICY_RATIONALISM, 228.0
48, 0, Policies, POLICY_FREE_MARKET, 188.0
48, 0, Policies, POLICY_LIBERALISM, 98.0
48, 0, Policies, POLICY_COLONIAL_TAXES, 673.0
48, 0, Policies, POLICY_SYMPHONIES, 31.0
48, 0, Policies, POLICY_PRAETORIUM, 730.0
48, 0, Policies, POLICY_CIVIL_PRESTIGE, 340.0
48, 0, Policies, POLICY_DRILL_MANUALS, 3.0
48, 0, Policies, POLICY_HARD_SHELL_EXPLOSIVES, 13.0
48, 1, Civic, CIVIC_MYSTICISM, 416.1, 1
48, 1, Civic, CIVIC_THEOLOGY, 584.5, 2
48, 1, Civic, CIVIC_NAVAL_TRADITION, 144.6, 1
48, 1, Civic, CIVIC_DIVINE_RIGHT, 1194.4, 3
48, 1, Civic, CIVIC_HUMANISM, 160.8, 1
48, 1, Civic, CIVIC_DIPLOMATIC_SERVICE, 532.6, 1
48, 1, Civic, CIVIC_MERCANTILISM, 483.5, 2
48, 1, Civic, CIVIC_THE_ENLIGHTENMENT, 933.8, 3
48, 1, Civic, CIVIC_COLONIALISM, 1229.5, 4
48, 1, Civic, CIVIC_CIVIL_ENGINEERING, 483.5, 3
48, 1, Civic, CIVIC_NATIONALISM, 933.8, 6
48, 1, Civic, CIVIC_OPERA_BALLET, 1095.0, 5
48, 1, Policies, POLICY_SURVEY, 7.0
48, 1, Policies, POLICY_GOD_KING, 23.0
48, 1, Policies, POLICY_URBAN_PLANNING, 198.0
48, 1, Policies, POLICY_CARAVANSARIES, 123.0
48, 1, Policies, POLICY_CONSCRIPTION, 14.0
48, 1, Policies, POLICY_LAND_SURVEYORS, 199.5
48, 1, Policies, POLICY_COLONIZATION, 108.0
48, 1, Policies, POLICY_INSPIRATION, 23.0
48, 1, Policies, POLICY_CHARISMATIC_LEADER, 14.0
48, 1, Policies, POLICY_DIPLOMATIC_LEAGUE, 225.0
48, 1, Policies, POLICY_LITERARY_TRADITION, 23.0
48, 1, Policies, POLICY_RAID, 1811.0
48, 1, Policies, POLICY_LIMES, 620.0
48, 1, Policies, POLICY_NATURAL_PHILOSOPHY, 186.0
48, 1, Policies, POLICY_NAVAL_INFRASTRUCTURE, 33.0
48, 1, Policies, POLICY_NAVIGATION, 47.0
48, 1, Policies, POLICY_RETAINERS, 42.0
48, 1, Policies, POLICY_TRADE_CONFEDERATION, 235.0
48, 1, Policies, POLICY_MERCHANT_CONFEDERATION, 154.0
48, 1, Policies, POLICY_AESTHETICS, 14.0
48, 1, Policies, POLICY_CRAFTSMEN, 80.0
48, 1, Policies, POLICY_TOWN_CHARTERS, 193.0
48, 1, Policies, POLICY_TRAVELING_MERCHANTS, 37.0
48, 1, Policies, POLICY_PRESS_GANGS, 63.0
48, 1, Policies, POLICY_COLONIAL_OFFICES, 675.0
48, 1, Policies, POLICY_INVENTION, 93.0
48, 1, Policies, POLICY_FRESCOES, 23.0
48, 1, Policies, POLICY_LOGISTICS, 14.0
48, 1, Policies, POLICY_TRIANGULAR_TRADE, 330.0
48, 1, Policies, POLICY_RATIONALISM, 279.0
48, 1, Policies, POLICY_FREE_MARKET, 135.0
48, 1, Policies, POLICY_LIBERALISM, 70.0
48, 1, Policies, POLICY_COLONIAL_TAXES, 770.0
48, 1, Policies, POLICY_SYMPHONIES, 47.0
48, 1, Policies, POLICY_PRAETORIUM, 959.0
48, 1, Policies, POLICY_CIVIL_PRESTIGE, 706.0
48, 1, Policies, POLICY_EQUESTRIAN_ORDERS, 135.0
48, 0, Civic, CIVIC_MYSTICISM, 380.8, 1
48, 0, Civic, CIVIC_THEOLOGY, 549.3, 2
48, 0, Civic, CIVIC_NAVAL_TRADITION, 159.5, 2
48, 0, Civic, CIVIC_MERCENARIES, 293.5, 2
48, 0, Civic, CIVIC_DIVINE_RIGHT, 1233.8, 4
48, 0, Civic, CIVIC_EXPLORATION, 1315.1, 7
48, 0, Civic, CIVIC_HUMANISM, 143.4, 7
48, 0, Civic, CIVIC_DIPLOMATIC_SERVICE, 462.7, 4
48, 0, Civic, CIVIC_MERCANTILISM, 438.7, 12
48, 0, Civic, CIVIC_THE_ENLIGHTENMENT, 840.2, 16
48, 0, Civic, CIVIC_COLONIALISM, 518.1, 21
48, 0, Civic, CIVIC_CIVIL_ENGINEERING, 438.7, 23
48, 0, Civic, CIVIC_NATIONALISM, 840.2, 27
48, 0, Civic, CIVIC_OPERA_BALLET, 914.5, 25
48, 0, Policies, POLICY_SURVEY, 15.0
48, 0, Policies, POLICY_GOD_KING, 21.0
48, 0, Policies, POLICY_URBAN_PLANNING, 147.0
48, 0, Policies, POLICY_CARAVANSARIES, 91.0
48, 0, Policies, POLICY_CONSCRIPTION, 44.0
48, 0, Policies, POLICY_LAND_SURVEYORS, 225.0
48, 0, Policies, POLICY_COLONIZATION, 120.0
48, 0, Policies, POLICY_INSPIRATION, 25.0
48, 0, Policies, POLICY_CHARISMATIC_LEADER, 14.0
48, 0, Policies, POLICY_DIPLOMATIC_LEAGUE, 225.0
48, 0, Policies, POLICY_LITERARY_TRADITION, 15.0
48, 0, Policies, POLICY_RAID, 2004.0
48, 0, Policies, POLICY_LIMES, 1036.0
48, 0, Policies, POLICY_NATURAL_PHILOSOPHY, 212.0
48, 0, Policies, POLICY_NAVAL_INFRASTRUCTURE, 40.0
48, 0, Policies, POLICY_NAVIGATION, 15.0
48, 0, Policies, POLICY_FEUDAL_CONTRACT, 26.0
48, 0, Policies, POLICY_RETAINERS, 28.0
48, 0, Policies, POLICY_PROFESSIONAL_ARMY, 117.0
48, 0, Policies, POLICY_TRADE_CONFEDERATION, 178.0
48, 0, Policies, POLICY_MERCHANT_CONFEDERATION, 68.0
48, 0, Policies, POLICY_TOWN_CHARTERS, 174.0
48, 0, Policies, POLICY_TRAVELING_MERCHANTS, 28.0
48, 0, Policies, POLICY_CHIVALRY, 20.0
48, 0, Policies, POLICY_COLONIAL_OFFICES, 520.0
48, 0, Policies, POLICY_INVENTION, 37.0
48, 0, Policies, POLICY_FRESCOES, 15.0
48, 0, Policies, POLICY_LOGISTICS, 63.0
48, 0, Policies, POLICY_TRIANGULAR_TRADE, 223.0
48, 0, Policies, POLICY_RATIONALISM, 228.0
48, 0, Policies, POLICY_FREE_MARKET, 188.0
48, 0, Policies, POLICY_LIBERALISM, 98.0
48, 0, Policies, POLICY_COLONIAL_TAXES, 673.0
48, 0, Policies, POLICY_SYMPHONIES, 31.0
48, 0, Policies, POLICY_PRAETORIUM, 730.0
48, 0, Policies, POLICY_CIVIL_PRESTIGE, 340.0
48, 0, Policies, POLICY_DRILL_MANUALS, 3.0
48, 0, Policies, POLICY_HARD_SHELL_EXPLOSIVES, 13.0
48, 1, Civic, CIVIC_MYSTICISM, 416.1, 1
48, 1, Civic, CIVIC_THEOLOGY, 584.5, 2
48, 1, Civic, CIVIC_NAVAL_TRADITION, 144.6, 1
48, 1, Civic, CIVIC_DIVINE_RIGHT, 1194.4, 3
48, 1, Civic, CIVIC_HUMANISM, 160.8, 1
48, 1, Civic, CIVIC_DIPLOMATIC_SERVICE, 532.6, 1
48, 1, Civic, CIVIC_MERCANTILISM, 483.5, 2
48, 1, Civic, CIVIC_THE_ENLIGHTENMENT, 933.8, 3
48, 1, Civic, CIVIC_COLONIALISM, 1229.5, 4
48, 1, Civic, CIVIC_CIVIL_ENGINEERING, 483.5, 3
48, 1, Civic, CIVIC_NATIONALISM, 933.8, 6
48, 1, Civic, CIVIC_OPERA_BALLET, 1095.0, 5
48, 1, Policies, POLICY_SURVEY, 7.0
48, 1, Policies, POLICY_GOD_KING, 23.0
48, 1, Policies, POLICY_URBAN_PLANNING, 198.0
48, 1, Policies, POLICY_CARAVANSARIES, 123.0
48, 1, Policies, POLICY_CONSCRIPTION, 14.0
48, 1, Policies, POLICY_LAND_SURVEYORS, 199.5
48, 1, Policies, POLICY_COLONIZATION, 108.0
48, 1, Policies, POLICY_INSPIRATION, 23.0
48, 1, Policies, POLICY_CHARISMATIC_LEADER, 14.0
48, 1, Policies, POLICY_DIPLOMATIC_LEAGUE, 225.0
48, 1, Policies, POLICY_LITERARY_TRADITION, 23.0
48, 1, Policies, POLICY_RAID, 1811.0
48, 1, Policies, POLICY_LIMES, 620.0
48, 1, Policies, POLICY_NATURAL_PHILOSOPHY, 186.0
48, 1, Policies, POLICY_NAVAL_INFRASTRUCTURE, 33.0
48, 1, Policies, POLICY_NAVIGATION, 47.0
48, 1, Policies, POLICY_RETAINERS, 42.0
48, 1, Policies, POLICY_TRADE_CONFEDERATION, 235.0
48, 1, Policies, POLICY_MERCHANT_CONFEDERATION, 154.0
48, 1, Policies, POLICY_AESTHETICS, 14.0
48, 1, Policies, POLICY_CRAFTSMEN, 80.0
48, 1, Policies, POLICY_TOWN_CHARTERS, 193.0
48, 1, Policies, POLICY_TRAVELING_MERCHANTS, 37.0
48, 1, Policies, POLICY_PRESS_GANGS, 63.0
48, 1, Policies, POLICY_COLONIAL_OFFICES, 675.0
48, 1, Policies, POLICY_INVENTION, 93.0
48, 1, Policies, POLICY_FRESCOES, 23.0
48, 1, Policies, POLICY_LOGISTICS, 14.0
48, 1, Policies, POLICY_TRIANGULAR_TRADE, 330.0
48, 1, Policies, POLICY_RATIONALISM, 279.0
48, 1, Policies, POLICY_FREE_MARKET, 135.0
48, 1, Policies, POLICY_LIBERALISM, 70.0
48, 1, Policies, POLICY_COLONIAL_TAXES, 770.0
48, 1, Policies, POLICY_SYMPHONIES, 47.0
48, 1, Policies, POLICY_PRAETORIUM, 959.0
48, 1, Policies, POLICY_CIVIL_PRESTIGE, 706.0
48, 1, Policies, POLICY_EQUESTRIAN_ORDERS, 135.0
48, 2, Civic, CIVIC_MILITARY_TRAINING, 2873.5, 1
48, 2, Civic, CIVIC_NAVAL_TRADITION, 162.5, 2
48, 2, Civic, CIVIC_MERCENARIES, 2154.1, 3
48, 2, Civic, CIVIC_EXPLORATION, 3053.1, 6
48, 2, Civic, CIVIC_HUMANISM, 146.8, 5
48, 2, Civic, CIVIC_DIPLOMATIC_SERVICE, 485.7, 3
48, 2, Civic, CIVIC_REFORMED_CHURCH, 1156.2, 2
48, 2, Civic, CIVIC_MERCANTILISM, 418.2, 11
48, 2, Civic, CIVIC_THE_ENLIGHTENMENT, 794.6, 14
48, 2, Civic, CIVIC_COLONIALISM, 1083.6, 18
48, 2, Civic, CIVIC_CIVIL_ENGINEERING, 418.2, 20
48, 2, Civic, CIVIC_NATIONALISM, 794.6, 23
48, 2, Civic, CIVIC_OPERA_BALLET, 903.9, 21
48, 2, Policies, POLICY_SURVEY, 37.0
48, 2, Policies, POLICY_URBAN_PLANNING, 126.0
48, 2, Policies, POLICY_CARAVANSARIES, 61.0
48, 2, Policies, POLICY_CONSCRIPTION, 22.0
48, 2, Policies, POLICY_LAND_SURVEYORS, 239.5
48, 2, Policies, POLICY_COLONIZATION, 94.0
48, 2, Policies, POLICY_INSPIRATION, 15.0
48, 2, Policies, POLICY_CHARISMATIC_LEADER, 14.0
48, 2, Policies, POLICY_DIPLOMATIC_LEAGUE, 337.0
48, 2, Policies, POLICY_LITERARY_TRADITION, 15.0
48, 2, Policies, POLICY_RAID, 1811.0
48, 2, Policies, POLICY_LIMES, 914.0
48, 2, Policies, POLICY_NATURAL_PHILOSOPHY, 88.0
48, 2, Policies, POLICY_SCRIPTURE, 202.0
48, 2, Policies, POLICY_NAVAL_INFRASTRUCTURE, 31.0
48, 2, Policies, POLICY_NAVIGATION, 31.0
48, 2, Policies, POLICY_FEUDAL_CONTRACT, 24.0
48, 2, Policies, POLICY_RETAINERS, 14.0
48, 2, Policies, POLICY_PROFESSIONAL_ARMY, 96.0
48, 2, Policies, POLICY_TRADE_CONFEDERATION, 114.0
48, 2, Policies, POLICY_MERCHANT_CONFEDERATION, 61.0
48, 2, Policies, POLICY_TOWN_CHARTERS, 90.0
48, 2, Policies, POLICY_TRAVELING_MERCHANTS, 18.0
48, 2, Policies, POLICY_CHIVALRY, 20.0
48, 2, Policies, POLICY_COLONIAL_OFFICES, 435.0
48, 2, Policies, POLICY_INVENTION, 31.0
48, 2, Policies, POLICY_FRESCOES, 15.0
48, 2, Policies, POLICY_RELIGIOUS_ORDERS, 30.0
48, 2, Policies, POLICY_SIMULTANEUM, 586.0
48, 2, Policies, POLICY_LOGISTICS, 22.0
48, 2, Policies, POLICY_TRIANGULAR_TRADE, 198.0
48, 2, Policies, POLICY_RATIONALISM, 120.0
48, 2, Policies, POLICY_FREE_MARKET, 45.0
48, 2, Policies, POLICY_LIBERALISM, 42.0
48, 2, Policies, POLICY_COLONIAL_TAXES, 621.0
48, 2, Policies, POLICY_SYMPHONIES, 31.0
48, 2, Policies, POLICY_PRAETORIUM, 538.0
48, 2, Policies, POLICY_CIVIL_PRESTIGE, 295.0
48, 2, Policies, POLICY_EQUESTRIAN_ORDERS, 7.0
48, 2, Policies, POLICY_DRILL_MANUALS, 18.0
48, 2, Policies, POLICY_HARD_SHELL_EXPLOSIVES, 11.0
48, 3, Civic, CIVIC_NAVAL_TRADITION, 144.6, 1
48, 3, Civic, CIVIC_MERCENARIES, 234.6, 1
48, 3, Civic, CIVIC_DIVINE_RIGHT, 900.5, 1
48, 3, Civic, CIVIC_EXPLORATION, 1325.9, 2
48, 3, Civic, CIVIC_HUMANISM, 141.8, 4
48, 3, Civic, CIVIC_DIPLOMATIC_SERVICE, 511.1, 2
48, 3, Civic, CIVIC_REFORMED_CHURCH, 4366.6, 2
48, 3, Civic, CIVIC_MERCANTILISM, 576.4, 6
48, 3, Civic, CIVIC_THE_ENLIGHTENMENT, 1036.4, 8
48, 3, Civic, CIVIC_COLONIALISM, 691.7, 11
48, 3, Civic, CIVIC_CIVIL_ENGINEERING, 7206.7, 12
48, 3, Civic, CIVIC_NATIONALISM, 7887.7, 14
48, 3, Civic, CIVIC_OPERA_BALLET, 1152.9, 13
48, 3, Policies, POLICY_SURVEY, 37.0
48, 3, Policies, POLICY_URBAN_PLANNING, 198.0
48, 3, Policies, POLICY_CARAVANSARIES, 190.0
48, 3, Policies, POLICY_LAND_SURVEYORS, 369.5
48, 3, Policies, POLICY_COLONIZATION, 231.0
48, 3, Policies, POLICY_INSPIRATION, 15.0
48, 3, Policies, POLICY_CHARISMATIC_LEADER, 14.0
48, 3, Policies, POLICY_DIPLOMATIC_LEAGUE, 225.0
48, 3, Policies, POLICY_LITERARY_TRADITION, 15.0
48, 3, Policies, POLICY_RAID, 2394.0
48, 3, Policies, POLICY_LIMES, 323.0
48, 3, Policies, POLICY_NATURAL_PHILOSOPHY, 38.0
48, 3, Policies, POLICY_SCRIPTURE, 1586.0
48, 3, Policies, POLICY_NAVIGATION, 15.0
48, 3, Policies, POLICY_TRADE_CONFEDERATION, 288.0
48, 3, Policies, POLICY_MERCHANT_CONFEDERATION, 136.0
48, 3, Policies, POLICY_TOWN_CHARTERS, 135.0
48, 3, Policies, POLICY_TRAVELING_MERCHANTS, 18.0
48, 3, Policies, POLICY_COLONIAL_OFFICES, 406.0
48, 3, Policies, POLICY_INVENTION, 31.0
48, 3, Policies, POLICY_FRESCOES, 15.0
48, 3, Policies, POLICY_SIMULTANEUM, 2755.0
48, 3, Policies, POLICY_LOGISTICS, 1.0
48, 3, Policies, POLICY_TRIANGULAR_TRADE, 556.0
48, 3, Policies, POLICY_FREE_MARKET, 286.0
48, 3, Policies, POLICY_LIBERALISM, 427.0
48, 3, Policies, POLICY_COLONIAL_TAXES, 864.0
48, 3, Policies, POLICY_PUBLIC_WORKS, 48.0
48, 3, Policies, POLICY_NATIONAL_IDENTITY, 1.0
48, 3, Policies, POLICY_SYMPHONIES, 31.0
48, 3, Policies, POLICY_PRAETORIUM, 494.0
48, 3, Policies, POLICY_CIVIL_PRESTIGE, 979.0
48, 3, Policies, POLICY_EQUESTRIAN_ORDERS, 50.0
48, 3, Policies, POLICY_EMPIRICAL_METHOD, 29.0
48, 4, Civic, CIVIC_NAVAL_TRADITION, 156.6, 1
48, 4, Civic, CIVIC_EXPLORATION, 1318.0, 1
48, 4, Civic, CIVIC_HUMANISM, 183.8, 1
48, 4, Civic, CIVIC_REFORMED_CHURCH, 634.3, 1
48, 4, Civic, CIVIC_MERCANTILISM, 478.5, 2
48, 4, Civic, CIVIC_THE_ENLIGHTENMENT, 645.2, 2
48, 4, Civic, CIVIC_COLONIALISM, 1607.5, 4
48, 4, Civic, CIVIC_CIVIL_ENGINEERING, 29395.3, 3
48, 4, Civic, CIVIC_NATIONALISM, 30568.9, 3
48, 4, Civic, CIVIC_OPERA_BALLET, 902.6, 4
48, 4, Policies, POLICY_SURVEY, 23.0
48, 4, Policies, POLICY_URBAN_PLANNING, 189.0
48, 4, Policies, POLICY_CARAVANSARIES, 99.0
48, 4, Policies, POLICY_CONSCRIPTION, 36.0
48, 4, Policies, POLICY_LAND_SURVEYORS, 240.0
48, 4, Policies, POLICY_COLONIZATION, 180.0
48, 4, Policies, POLICY_INSPIRATION, 29.0
48, 4, Policies, POLICY_CHARISMATIC_LEADER, 14.0
48, 4, Policies, POLICY_DIPLOMATIC_LEAGUE, 337.0
48, 4, Policies, POLICY_LITERARY_TRADITION, 18.0
48, 4, Policies, POLICY_RAID, 2197.0
48, 4, Policies, POLICY_LIMES, 1233.0
48, 4, Policies, POLICY_NATURAL_PHILOSOPHY, 319.0
48, 4, Policies, POLICY_NAVIGATION, 15.0
48, 4, Policies, POLICY_RETAINERS, 42.0
48, 4, Policies, POLICY_PROFESSIONAL_ARMY, 39.0
48, 4, Policies, POLICY_TRADE_CONFEDERATION, 190.0
48, 4, Policies, POLICY_MERCHANT_CONFEDERATION, 224.0
48, 4, Policies, POLICY_AESTHETICS, 88.0
48, 4, Policies, POLICY_CRAFTSMEN, 107.0
48, 4, Policies, POLICY_TOWN_CHARTERS, 201.0
48, 4, Policies, POLICY_TRAVELING_MERCHANTS, 28.0
48, 4, Policies, POLICY_COLONIAL_OFFICES, 649.0
48, 4, Policies, POLICY_INVENTION, 43.0
48, 4, Policies, POLICY_FRESCOES, 18.0
48, 4, Policies, POLICY_MACHIAVELLIANISM, 152.0
48, 4, Policies, POLICY_RELIGIOUS_ORDERS, 61.0
48, 4, Policies, POLICY_LOGISTICS, 65.0
48, 4, Policies, POLICY_TRIANGULAR_TRADE, 240.0
48, 4, Policies, POLICY_RATIONALISM, 515.0
48, 4, Policies, POLICY_FREE_MARKET, 108.0
48, 4, Policies, POLICY_LIBERALISM, 98.0
48, 4, Policies, POLICY_COLONIAL_TAXES, 985.0
48, 4, Policies, POLICY_PUBLIC_WORKS, 46.0
48, 4, Policies, POLICY_NATIONAL_IDENTITY, 6.0
48, 4, Policies, POLICY_GRAND_OPERA, 88.0
48, 4, Policies, POLICY_SYMPHONIES, 31.0
48, 4, Policies, POLICY_ECONOMIC_UNION, 116.0
48, 4, Policies, POLICY_PRAETORIUM, 947.0
48, 4, Policies, POLICY_CIVIL_PRESTIGE, 953.0
48, 4, Policies, POLICY_DRILL_MANUALS, 90.0
48, 4, Policies, POLICY_EMPIRICAL_METHOD, 452.0
48, 4, Policies, POLICY_MASTER_ARTISANS, 131.0
49, 5, Civic, CIVIC_MILITARY_TRAINING, 1930.7, 1
49, 5, Civic, CIVIC_THEOLOGY, 1699.7, 1
49, 5, Civic, CIVIC_NAVAL_TRADITION, 144.6, 1
49, 5, Civic, CIVIC_MERCENARIES, 2064.1, 3
49, 5, Civic, CIVIC_MEDIEVAL_FAIRES, 0.0, 1
49, 5, Civic, CIVIC_DIVINE_RIGHT, 1598.1, 3
49, 5, Civic, CIVIC_EXPLORATION, 3879.9, 7
49, 5, Civic, CIVIC_HUMANISM, 135.8, 5
49, 5, Civic, CIVIC_DIPLOMATIC_SERVICE, 462.7, 4
49, 5, Civic, CIVIC_REFORMED_CHURCH, 2632.3, 6
49, 5, Civic, CIVIC_MERCANTILISM, 445.0, 10
49, 5, Civic, CIVIC_THE_ENLIGHTENMENT, 1136.6, 14
49, 5, Policies, POLICY_SURVEY, 36.0
49, 5, Policies, POLICY_GOD_KING, 6.0
49, 5, Policies, POLICY_URBAN_PLANNING, 168.0
49, 5, Policies, POLICY_CARAVANSARIES, 45.0
49, 5, Policies, POLICY_CONSCRIPTION, 206.0
49, 5, Policies, POLICY_LAND_SURVEYORS, 10.5
49, 5, Policies, POLICY_COLONIZATION, 26.0
49, 5, Policies, POLICY_INSPIRATION, 25.0
49, 5, Policies, POLICY_INSULAE, 158.0
49, 5, Policies, POLICY_CHARISMATIC_LEADER, 14.0
49, 5, Policies, POLICY_DIPLOMATIC_LEAGUE, 225.0
49, 5, Policies, POLICY_LITERARY_TRADITION, 15.0
49, 5, Policies, POLICY_RAID, 2027.0
49, 5, Policies, POLICY_BASTIONS, 42.0
49, 5, Policies, POLICY_LIMES, 270.0
49, 5, Policies, POLICY_NATURAL_PHILOSOPHY, 156.0
49, 5, Policies, POLICY_SCRIPTURE, 102.0
49, 5, Policies, POLICY_NAVIGATION, 47.0
49, 5, Policies, POLICY_FEUDAL_CONTRACT, 20.0
49, 5, Policies, POLICY_RETAINERS, 28.0
49, 5, Policies, POLICY_PROFESSIONAL_ARMY, 99.0
49, 5, Policies, POLICY_TRADE_CONFEDERATION, 86.0
49, 5, Policies, POLICY_CRAFTSMEN, 86.0
49, 5, Policies, POLICY_TOWN_CHARTERS, 36.0
49, 5, Policies, POLICY_TRAVELING_MERCHANTS, 21.0
49, 5, Policies, POLICY_COLONIAL_OFFICES, 1259.0
49, 5, Policies, POLICY_INVENTION, 64.0
49, 5, Policies, POLICY_FRESCOES, 15.0
49, 5, Policies, POLICY_WARS_OF_RELIGION, 10.0
49, 5, Policies, POLICY_RELIGIOUS_ORDERS, 301.0
49, 5, Policies, POLICY_LOGISTICS, 342.0
49, 5, Policies, POLICY_TRIANGULAR_TRADE, 82.0
49, 5, Policies, POLICY_RATIONALISM, 189.0
49, 5, Policies, POLICY_FREE_MARKET, 50.0
49, 5, Policies, POLICY_LIBERALISM, 215.0
49, 5, Policies, POLICY_PRAETORIUM, 2150.0
49, 5, Policies, POLICY_CIVIL_PRESTIGE, 775.0
49, 5, Policies, POLICY_EQUESTRIAN_ORDERS, 170.0
49, 5, Policies, POLICY_DRILL_MANUALS, 65.0
49, 6, Completed Civic, CIVIC_MERCENARIES
49, 6, Slot Policy, POLICY_LIMES, 288
49, 6, Slot Policy, POLICY_RAID, 1954
49, 6, Slot Policy, POLICY_CIVIL_PRESTIGE, 829
49, 6, Slot Policy, POLICY_DIPLOMATIC_LEAGUE, 337
49, 6, Slot Policy, POLICY_PRAETORIUM, 1893
49, 6, Slot Policy, POLICY_LAND_SURVEYORS, 224
49, 6, Slot Policy, POLICY_SCRIPTURE, 350
49, 6, Civic, CIVIC_NAVAL_TRADITION, 156.6, 1
49, 6, Civic, CIVIC_EXPLORATION, 1787.7, 2
49, 6, Civic, CIVIC_HUMANISM, 3170.6, 2
49, 6, Civic, CIVIC_DIPLOMATIC_SERVICE, 511.1, 2
49, 6, Civic, CIVIC_REFORMED_CHURCH, 1244.7, 1
49, 6, Civic, CIVIC_MERCANTILISM, 359.4, 4
49, 6, Civic, CIVIC_THE_ENLIGHTENMENT, 764.2, 6
49, 6, Civic, CIVIC_COLONIALISM, 1509.9, 8
49, 6, Civic, CIVIC_CIVIL_ENGINEERING, 130544.5, 9
49, 6, Civic, CIVIC_NATIONALISM, 183696.7, 11
49, 6, Civic, CIVIC_OPERA_BALLET, 1374.7, 10
49, 6, Policies, POLICY_SURVEY, 72.0
49, 6, Policies, POLICY_URBAN_PLANNING, 147.0
49, 6, Policies, POLICY_CARAVANSARIES, 45.0
49, 6, Policies, POLICY_CONSCRIPTION, 220.0
49, 6, Policies, POLICY_LAND_SURVEYORS, 169.0
49, 6, Policies, POLICY_COLONIZATION, 62.0
49, 6, Policies, POLICY_INSPIRATION, 28.0
49, 6, Policies, POLICY_CHARISMATIC_LEADER, 14.0
49, 6, Policies, POLICY_DIPLOMATIC_LEAGUE, 337.0
49, 6, Policies, POLICY_LITERARY_TRADITION, 31.0
49, 6, Policies, POLICY_RAID, 2027.0
49, 6, Policies, POLICY_BASTIONS, 42.0
49, 6, Policies, POLICY_LIMES, 373.0
49, 6, Policies, POLICY_NATURAL_PHILOSOPHY, 97.0
49, 6, Policies, POLICY_SCRIPTURE, 350.0
49, 6, Policies, POLICY_NAVIGATION, 31.0
49, 6, Policies, POLICY_FEUDAL_CONTRACT, 27.0
49, 6, Policies, POLICY_RETAINERS, 70.0
49, 6, Policies, POLICY_PROFESSIONAL_ARMY, 10.0
49, 6, Policies, POLICY_TRADE_CONFEDERATION, 86.0
49, 6, Policies, POLICY_MERCHANT_CONFEDERATION, 45.0
49, 6, Policies, POLICY_AESTHETICS, 58.0
49, 6, Policies, POLICY_TOWN_CHARTERS, 36.0
49, 6, Policies, POLICY_TRAVELING_MERCHANTS, 29.0
49, 6, Policies, POLICY_COLONIAL_OFFICES, 1275.0
49, 6, Policies, POLICY_INVENTION, 53.0
49, 6, Policies, POLICY_FRESCOES, 31.0
49, 6, Policies, POLICY_RELIGIOUS_ORDERS, 301.0
49, 6, Policies, POLICY_SIMULTANEUM, 479.0
49, 6, Policies, POLICY_LOGISTICS, 322.0
49, 6, Policies, POLICY_TRIANGULAR_TRADE, 132.0
49, 6, Policies, POLICY_RATIONALISM, 126.0
49, 6, Policies, POLICY_FREE_MARKET, 50.0
49, 6, Policies, POLICY_LIBERALISM, 84.0
49, 6, Policies, POLICY_COLONIAL_TAXES, 1311.0
49, 6, Policies, POLICY_PUBLIC_WORKS, 4.0
49, 6, Policies, POLICY_GRANDE_ARMEE, 27.0
49, 6, Policies, POLICY_SYMPHONIES, 62.0
49, 6, Policies, POLICY_ECONOMIC_UNION, 29.0
49, 6, Policies, POLICY_PRAETORIUM, 2003.0
49, 6, Policies, POLICY_CIVIL_PRESTIGE, 1074.0
49, 6, Policies, POLICY_EQUESTRIAN_ORDERS, 45.0
49, 6, Policies, POLICY_EMPIRICAL_METHOD, 102.0
49, 7, Civic, CIVIC_MYSTICISM, 396.0, 1
49, 7, Civic, CIVIC_THEOLOGY, 3213.4, 2
49, 7, Civic, CIVIC_NAVAL_TRADITION, 144.6, 1
49, 7, Civic, CIVIC_MERCENARIES, 144.6, 1
49, 7, Civic, CIVIC_DIVINE_RIGHT, 2145.5, 3
49, 7, Civic, CIVIC_EXPLORATION, 1911.2, 3
49, 7, Civic, CIVIC_MERCANTILISM, 436.1, 2
49, 7, Civic, CIVIC_THE_ENLIGHTENMENT, 756.8, 1
49, 7, Civic, CIVIC_COLONIALISM, 1401.8, 6
49, 7, Civic, CIVIC_CIVIL_ENGINEERING, 3587318.8, 7
49, 7, Civic, CIVIC_NATIONALISM, 3711370.0, 6
49, 7, Civic, CIVIC_OPERA_BALLET, 895.7, 5
49, 7, Civic, CIVIC_NATURAL_HISTORY, 1643.5, 9
49, 7, Civic, CIVIC_SCORCHED_EARTH, 2476334.0, 12
49, 7, Civic, CIVIC_URBANIZATION, 7300271.5, 19
49, 7, Policies, POLICY_SURVEY, 84.0
49, 7, Policies, POLICY_GOD_KING, 22.0
49, 7, Policies, POLICY_URBAN_PLANNING, 126.0
49, 7, Policies, POLICY_CARAVANSARIES, 24.0
49, 7, Policies, POLICY_CONSCRIPTION, 228.0
49, 7, Policies, POLICY_LAND_SURVEYORS, 240.0
49, 7, Policies, POLICY_COLONIZATION, 46.0
49, 7, Policies, POLICY_INSPIRATION, 58.0
49, 7, Policies, POLICY_CHARISMATIC_LEADER, 14.0
49, 7, Policies, POLICY_DIPLOMATIC_LEAGUE, 225.0
49, 7, Policies, POLICY_LITERARY_TRADITION, 50.0
49, 7, Policies, POLICY_RAID, 2222.0
49, 7, Policies, POLICY_BASTIONS, 36.0
49, 7, Policies, POLICY_LIMES, 236.0
49, 7, Policies, POLICY_NATURAL_PHILOSOPHY, 148.0
49, 7, Policies, POLICY_SCRIPTURE, 160.0
49, 7, Policies, POLICY_NAVIGATION, 31.0
49, 7, Policies, POLICY_RETAINERS, 502.0
49, 7, Policies, POLICY_PROFESSIONAL_ARMY, 119.0
49, 7, Policies, POLICY_TRADE_CONFEDERATION, 54.0
49, 7, Policies, POLICY_MERCHANT_CONFEDERATION, 24.0
49, 7, Policies, POLICY_AESTHETICS, 57.0
49, 7, Policies, POLICY_TRAVELING_MERCHANTS, 29.0
49, 7, Policies, POLICY_COLONIAL_OFFICES, 1194.0
49, 7, Policies, POLICY_INVENTION, 59.0
49, 7, Policies, POLICY_FRESCOES, 50.0
49, 7, Policies, POLICY_LOGISTICS, 327.0
49, 7, Policies, POLICY_TRIANGULAR_TRADE, 59.0
49, 7, Policies, POLICY_RATIONALISM, 82.0
49, 7, Policies, POLICY_LIBERALISM, 530.0
49, 7, Policies, POLICY_COLONIAL_TAXES, 1274.0
49, 7, Policies, POLICY_PUBLIC_WORKS, 4.0
49, 7, Policies, POLICY_SYMPHONIES, 94.0
49, 7, Policies, POLICY_TOTAL_WAR, 2222.0
49, 7, Policies, POLICY_EXPROPRIATION, 286.0
49, 7, Policies, POLICY_MILITARY_RESEARCH, 1120.0
49, 7, Policies, POLICY_PRAETORIUM, 1989.0
49, 7, Policies, POLICY_CIVIL_PRESTIGE, 1139.0
49, 7, Policies, POLICY_EQUESTRIAN_ORDERS, 55.0
49, 7, Policies, POLICY_DRILL_MANUALS, 80.0
49, 7, Policies, POLICY_FORCE_MODERNIZATION, 119.0
49, 7, Policies, POLICY_EMPIRICAL_METHOD, 116.0
49, 8, Completed Civic, CIVIC_THEOLOGY
49, 8, Slot Policy, POLICY_RAID, 2142
49, 8, Slot Policy, POLICY_LIMES, 407
49, 8, Slot Policy, POLICY_CIVIL_PRESTIGE, 885
49, 8, Slot Policy, POLICY_PRAETORIUM, 2305
49, 8, Slot Policy, POLICY_SCRIPTURE, 366
49, 8, Civic, CIVIC_NAVAL_TRADITION, 144.6, 1
49, 8, Civic, CIVIC_MERCENARIES, 144.6, 1
49, 8, Civic, CIVIC_DIVINE_RIGHT, 1210.5, 1
49, 8, Civic, CIVIC_EXPLORATION, 1901.4, 2
49, 8, Civic, CIVIC_DIPLOMATIC_SERVICE, 532.6, 1
49, 8, Civic, CIVIC_REFORMED_CHURCH, 2590.6, 2
49, 8, Civic, CIVIC_MERCANTILISM, 327.8, 1
49, 8, Civic, CIVIC_THE_ENLIGHTENMENT, 851.1, 2
49, 8, Civic, CIVIC_COLONIALISM, 1493.7, 4
49, 8, Civic, CIVIC_CIVIL_ENGINEERING, 1555419.4, 6
49, 8, Civic, CIVIC_NATIONALISM, 1504737.0, 7
49, 8, Civic, CIVIC_OPERA_BALLET, 1016.5, 5
49, 8, Civic, CIVIC_NATURAL_HISTORY, 1738.8, 9
49, 8, Policies, POLICY_SURVEY, 21.0
49, 8, Policies, POLICY_URBAN_PLANNING, 126.0
49, 8, Policies, POLICY_CARAVANSARIES, 24.0
49, 8, Policies, POLICY_CONSCRIPTION, 338.0
49, 8, Policies, POLICY_LAND_SURVEYORS, 32.0
49, 8, Policies, POLICY_COLONIZATION, 7.0
49, 8, Policies, POLICY_INSPIRATION, 29.0
49, 8, Policies, POLICY_CHARISMATIC_LEADER, 14.0
49, 8, Policies, POLICY_DIPLOMATIC_LEAGUE, 225.0
49, 8, Policies, POLICY_LITERARY_TRADITION, 18.0
49, 8, Policies, POLICY_RAID, 2222.0
49, 8, Policies, POLICY_BASTIONS, 30.0
49, 8, Policies, POLICY_LIMES, 95.0
49, 8, Policies, POLICY_NATURAL_PHILOSOPHY, 99.0
49, 8, Policies, POLICY_SCRIPTURE, 733.0
49, 8, Policies, POLICY_NAVIGATION, 15.0
49, 8, Policies, POLICY_RETAINERS, 421.0
49, 8, Policies, POLICY_PROFESSIONAL_ARMY, 18.0
49, 8, Policies, POLICY_TRADE_CONFEDERATION, 57.0
49, 8, Policies, POLICY_MERCHANT_CONFEDERATION, 37.0
49, 8, Policies, POLICY_AESTHETICS, 14.0
49, 8, Policies, POLICY_CRAFTSMEN, 64.0
49, 8, Policies, POLICY_TRAVELING_MERCHANTS, 21.0
49, 8, Policies, POLICY_COLONIAL_OFFICES, 1355.0
49, 8, Policies, POLICY_INVENTION, 84.0
49, 8, Policies, POLICY_FRESCOES, 18.0
49, 8, Policies, POLICY_WARS_OF_RELIGION, 10.0
49, 8, Policies, POLICY_RELIGIOUS_ORDERS, 340.0
49, 8, Policies, POLICY_SIMULTANEUM, 685.0
49, 8, Policies, POLICY_LOGISTICS, 575.0
49, 8, Policies, POLICY_TRIANGULAR_TRADE, 62.0
49, 8, Policies, POLICY_LIBERALISM, 699.0
49, 8, Policies, POLICY_COLONIAL_TAXES, 1404.0
49, 8, Policies, POLICY_SYMPHONIES, 31.0
49, 8, Policies, POLICY_PRAETORIUM, 2339.0
49, 8, Policies, POLICY_CIVIL_PRESTIGE, 1372.0
49, 8, Policies, POLICY_MONASTICISM, 1883.0
49, 8, Policies, POLICY_TWILIGHT_VALOR, 590.0
49, 8, Policies, POLICY_ISOLATIONISM, 336.0
49, 8, Policies, POLICY_DRILL_MANUALS, 75.0
49, 8, Policies, POLICY_EMPIRICAL_METHOD, 43.0
49, 8, Policies, POLICY_MASTER_ARTISANS, 44.0
49, 9, Completed Civic, CIVIC_MYSTICISM
49, 9, Slot Policy, POLICY_RAID, 2206
49, 9, Slot Policy, POLICY_RETAINERS, 365
49, 9, Slot Policy, POLICY_CIVIL_PRESTIGE, 671
49, 9, Slot Policy, POLICY_PRAETORIUM, 2088
49, 9, Slot Policy, POLICY_URBAN_PLANNING, 126
49, 9, Civic, CIVIC_THEOLOGY, 2993.7, 1
49, 9, Civic, CIVIC_NAVAL_TRADITION, 144.6, 1
49, 9, Civic, CIVIC_MERCENARIES, 144.6, 1
49, 9, Civic, CIVIC_DIVINE_RIGHT, 1570.9, 2
49, 9, Civic, CIVIC_EXPLORATION, 1986.2, 2
49, 9, Civic, CIVIC_HUMANISM, 155.0, 2
49, 9, Civic, CIVIC_DIPLOMATIC_SERVICE, 511.1, 2
49, 9, Civic, CIVIC_REFORMED_CHURCH, 2650.3, 3
49, 9, Civic, CIVIC_MERCANTILISM, 539.2, 5
49, 9, Civic, CIVIC_THE_ENLIGHTENMENT, 1076.1, 7
49, 9, Civic, CIVIC_COLONIALISM, 1769.5, 11
49, 9, Civic, CIVIC_CIVIL_ENGINEERING, 39092.6, 13
49, 9, Civic, CIVIC_NATIONALISM, 37622.8, 15
49, 9, Civic, CIVIC_OPERA_BALLET, 1192.5, 13
49, 9, Policies, POLICY_SURVEY, 21.0
49, 9, Policies, POLICY_GOD_KING, 19.0
49, 9, Policies, POLICY_URBAN_PLANNING, 126.0
49, 9, Policies, POLICY_CARAVANSARIES, 27.0
49, 9, Policies, POLICY_CONSCRIPTION, 279.0
49, 9, Policies, POLICY_LAND_SURVEYORS, 51.0
49, 9, Policies, POLICY_COLONIZATION, 20.0
49, 9, Policies, POLICY_INSPIRATION, 34.0
49, 9, Policies, POLICY_CHARISMATIC_LEADER, 14.0
49, 9, Policies, POLICY_DIPLOMATIC_LEAGUE, 225.0
49, 9, Policies, POLICY_LITERARY_TRADITION, 18.0
49, 9, Policies, POLICY_RAID, 2482.0
49, 9, Policies, POLICY_BASTIONS, 36.0
49, 9, Policies, POLICY_LIMES, 270.0
49, 9, Policies, POLICY_NATURAL_PHILOSOPHY, 111.0
49, 9, Policies, POLICY_SCRIPTURE, 116.0
49, 9, Policies, POLICY_NAVIGATION, 15.0
49, 9, Policies, POLICY_FEUDAL_CONTRACT, 15.0
49, 9, Policies, POLICY_RETAINERS, 150.0
49, 9, Policies, POLICY_PROFESSIONAL_ARMY, 84.0
49, 9, Policies, POLICY_TRADE_CONFEDERATION, 43.0
49, 9, Policies, POLICY_MERCHANT_CONFEDERATION, 27.0
49, 9, Policies, POLICY_AESTHETICS, 14.0
49, 9, Policies, POLICY_CRAFTSMEN, 71.0
49, 9, Policies, POLICY_TRAVELING_MERCHANTS, 21.0
49, 9, Policies, POLICY_COLONIAL_OFFICES, 1182.0
49, 9, Policies, POLICY_INVENTION, 84.0
49, 9, Policies, POLICY_FRESCOES, 18.0
49, 9, Policies, POLICY_WARS_OF_RELIGION, 10.0
49, 9, Policies, POLICY_RELIGIOUS_ORDERS, 340.0
49, 9, Policies, POLICY_SIMULTANEUM, 58.0
49, 9, Policies, POLICY_LOGISTICS, 459.0
49, 9, Policies, POLICY_TRIANGULAR_TRADE, 61.0
49, 9, Policies, POLICY_LIBERALISM, 237.0
49, 9, Policies, POLICY_COLONIAL_TAXES, 1283.0
49, 9, Policies, POLICY_GRANDE_ARMEE, 15.0
49, 9, Policies, POLICY_SYMPHONIES, 31.0
49, 9, Policies, POLICY_PRAETORIUM, 2079.0
49, 9, Policies, POLICY_CIVIL_PRESTIGE, 1002.0
49, 9, Policies, POLICY_DRILL_MANUALS, 35.0
49, 9, Policies, POLICY_EMPIRICAL_METHOD, 87.0
49, 9, Policies, POLICY_MASTER_ARTISANS, 58.0
49, 10, Civic, CIVIC_MILITARY_TRAINING, 164.7, 1
49, 10, Civic, CIVIC_NAVAL_TRADITION, 63.4, 22
49, 10, Civic, CIVIC_MERCENARIES, 213.4, 35
49, 10, Civic, CIVIC_MEDIEVAL_FAIRES, 140.7, 1
49, 10, Civic, CIVIC_GUILDS, 140.7, 1
49, 10, Civic, CIVIC_DIVINE_RIGHT, 228.4, 30
49, 10, Civic, CIVIC_EXPLORATION, 354.1, 88
49, 10, Civic, CIVIC_HUMANISM, 281.3, 73
49, 10, Civic, CIVIC_DIPLOMATIC_SERVICE, 140.7, 72
49, 10, Civic, CIVIC_REFORMED_CHURCH, 369.1, 83
49, 10, Civic, CIVIC_MERCANTILISM, 281.3, 158
49, 10, Civic, CIVIC_THE_ENLIGHTENMENT, 281.3, 229
49, 10, Policies, POLICY_URBAN_PLANNING, 14.0
49, 10, Policies, POLICY_CARAVANSARIES, 14.0
49, 10, Policies, POLICY_CONSCRIPTION, 51.0
49, 10, Policies, POLICY_CHARISMATIC_LEADER, 14.0
49, 10, Policies, POLICY_BASTIONS, 6.0
49, 10, Policies, POLICY_LIMES, 20.0
49, 10, Policies, POLICY_RETAINERS, 77.0
49, 10, Policies, POLICY_TRADE_CONFEDERATION, 28.0
49, 10, Policies, POLICY_PRAETORIUM, 23.0
49, 10, Policies, POLICY_CIVIL_PRESTIGE, 161.0
49, 10, Policies, POLICY_SOVEREIGN_STATE, 90.0
49, 12, Civic, CIVIC_MILITARY_TRAINING, 192.7, 1
49, 12, Civic, CIVIC_NAVAL_TRADITION, 66.4, 21
49, 12, Civic, CIVIC_MERCENARIES, 245.1, 32
49, 12, Civic, CIVIC_MEDIEVAL_FAIRES, 140.7, 1
49, 12, Civic, CIVIC_GUILDS, 140.7, 1
49, 12, Civic, CIVIC_DIVINE_RIGHT, 138.8, 26
49, 12, Civic, CIVIC_EXPLORATION, 385.8, 82
49, 12, Civic, CIVIC_HUMANISM, 281.3, 68
49, 12, Civic, CIVIC_DIPLOMATIC_SERVICE, 140.7, 67
49, 12, Civic, CIVIC_REFORMED_CHURCH, 279.5, 76
49, 12, Civic, CIVIC_MERCANTILISM, 281.3, 147
49, 12, Civic, CIVIC_THE_ENLIGHTENMENT, 281.3, 213
49, 12, Policies, POLICY_URBAN_PLANNING, 14.0
49, 12, Policies, POLICY_CARAVANSARIES, 14.0
49, 12, Policies, POLICY_CONSCRIPTION, 36.0
49, 12, Policies, POLICY_CHARISMATIC_LEADER, 14.0
49, 12, Policies, POLICY_BASTIONS, 6.0
49, 12, Policies, POLICY_LIMES, 34.0
49, 12, Policies, POLICY_NATURAL_PHILOSOPHY, 28.0
49, 12, Policies, POLICY_TRADE_CONFEDERATION, 28.0
49, 12, Policies, POLICY_PRAETORIUM, 29.0
49, 12, Policies, POLICY_CIVIL_PRESTIGE, 91.0
49, 12, Policies, POLICY_EQUESTRIAN_ORDERS, 56.0
49, 12, Policies, POLICY_SOVEREIGN_STATE, 90.0
49, 13, Civic, CIVIC_MILITARY_TRAINING, 164.7, 1
49, 13, Civic, CIVIC_NAVAL_TRADITION, 71.4, 22
49, 13, Civic, CIVIC_MERCENARIES, 213.4, 35
49, 13, Civic, CIVIC_MEDIEVAL_FAIRES, 140.7, 1
49, 13, Civic, CIVIC_GUILDS, 140.7, 1
49, 13, Civic, CIVIC_DIVINE_RIGHT, 193.0, 30
49, 13, Civic, CIVIC_EXPLORATION, 354.1, 88
49, 13, Civic, CIVIC_HUMANISM, 281.3, 73
49, 13, Civic, CIVIC_DIPLOMATIC_SERVICE, 140.7, 72
49, 13, Civic, CIVIC_REFORMED_CHURCH, 333.7, 83
49, 13, Civic, CIVIC_MERCANTILISM, 281.3, 158
49, 13, Civic, CIVIC_THE_ENLIGHTENMENT, 281.3, 229
49, 13, Policies, POLICY_URBAN_PLANNING, 14.0
49, 13, Policies, POLICY_CARAVANSARIES, 14.0
49, 13, Policies, POLICY_CONSCRIPTION, 29.0
49, 13, Policies, POLICY_INSULAE, 60.0
49, 13, Policies, POLICY_CHARISMATIC_LEADER, 14.0
49, 13, Policies, POLICY_BASTIONS, 6.0
49, 13, Policies, POLICY_LIMES, 20.0
49, 13, Policies, POLICY_NAVAL_INFRASTRUCTURE, 28.0
49, 13, Policies, POLICY_RETAINERS, 83.0
49, 13, Policies, POLICY_TRADE_CONFEDERATION, 28.0
49, 13, Policies, POLICY_PRAETORIUM, 20.0
49, 13, Policies, POLICY_CIVIL_PRESTIGE, 143.0
49, 13, Policies, POLICY_SOVEREIGN_STATE, 90.0
49, 14, Civic, CIVIC_MILITARY_TRAINING, 164.7, 1
49, 14, Civic, CIVIC_NAVAL_TRADITION, 71.4, 22
49, 14, Civic, CIVIC_MERCENARIES, 243.4, 35
49, 14, Civic, CIVIC_MEDIEVAL_FAIRES, 140.7, 1
49, 14, Civic, CIVIC_GUILDS, 141.7, 1
49, 14, Civic, CIVIC_DIVINE_RIGHT, 165.4, 31
49, 14, Civic, CIVIC_EXPLORATION, 384.1, 88
49, 14, Civic, CIVIC_HUMANISM, 282.3, 73
49, 14, Civic, CIVIC_DIPLOMATIC_SERVICE, 141.7, 72
49, 14, Civic, CIVIC_REFORMED_CHURCH, 307.1, 84
49, 14, Civic, CIVIC_MERCANTILISM, 282.3, 158
49, 14, Civic, CIVIC_THE_ENLIGHTENMENT, 282.3, 229
49, 14, Policies, POLICY_URBAN_PLANNING, 14.0
49, 14, Policies, POLICY_CARAVANSARIES, 29.0
49, 14, Policies, POLICY_CONSCRIPTION, 7.0
49, 14, Policies, POLICY_INSULAE, 39.0
49, 14, Policies, POLICY_CHARISMATIC_LEADER, 14.0
49, 14, Policies, POLICY_BASTIONS, 6.0
49, 14, Policies, POLICY_LIMES, 12.0
49, 14, Policies, POLICY_NAVAL_INFRASTRUCTURE, 28.0
49, 14, Policies, POLICY_FEUDAL_CONTRACT, 2.0
49, 14, Policies, POLICY_RETAINERS, 14.0
49, 14, Policies, POLICY_TRADE_CONFEDERATION, 58.0
49, 14, Policies, POLICY_TOWN_CHARTERS, 21.0
49, 14, Policies, POLICY_PRAETORIUM, 26.0
49, 14, Policies, POLICY_CIVIL_PRESTIGE, 53.0
49, 14, Policies, POLICY_SOVEREIGN_STATE, 90.0
49, 15, Civic, CIVIC_MILITARY_TRAINING, 164.7, 1
49, 15, Civic, CIVIC_NAVAL_TRADITION, 71.1, 20
49, 15, Civic, CIVIC_MERCENARIES, 218.3, 31
49, 15, Civic, CIVIC_MEDIEVAL_FAIRES, 140.7, 1
49, 15, Civic, CIVIC_GUILDS, 140.7, 1
49, 15, Civic, CIVIC_DIVINE_RIGHT, 183.4, 27
49, 15, Civic, CIVIC_EXPLORATION, 358.9, 79
49, 15, Civic, CIVIC_HUMANISM, 281.3, 66
49, 15, Civic, CIVIC_DIPLOMATIC_SERVICE, 140.7, 65
49, 15, Civic, CIVIC_REFORMED_CHURCH, 324.1, 75
49, 15, Civic, CIVIC_MERCANTILISM, 281.3, 142
49, 15, Civic, CIVIC_THE_ENLIGHTENMENT, 281.3, 206
49, 15, Policies, POLICY_URBAN_PLANNING, 14.0
49, 15, Policies, POLICY_CARAVANSARIES, 14.0
49, 15, Policies, POLICY_CONSCRIPTION, 51.0
49, 15, Policies, POLICY_CHARISMATIC_LEADER, 14.0
49, 15, Policies, POLICY_BASTIONS, 6.0
49, 15, Policies, POLICY_RETAINERS, 14.0
49, 15, Policies, POLICY_TRADE_CONFEDERATION, 28.0
49, 15, Policies, POLICY_PRAETORIUM, 29.0
49, 15, Policies, POLICY_CIVIL_PRESTIGE, 72.0
49, 15, Policies, POLICY_EQUESTRIAN_ORDERS, 18.0
49, 15, Policies, POLICY_SOVEREIGN_STATE, 90.0
49, 16, Civic, CIVIC_MILITARY_TRAINING, 181.7, 1
49, 16, Civic, CIVIC_NAVAL_TRADITION, 62.0, 23
49, 16, Civic, CIVIC_MERCENARIES, 226.8, 36
49, 16, Civic, CIVIC_MEDIEVAL_FAIRES, 140.7, 1
49, 16, Civic, CIVIC_GUILDS, 140.7, 1
49, 16, Civic, CIVIC_DIVINE_RIGHT, 220.1, 27
49, 16, Civic, CIVIC_EXPLORATION, 367.4, 92
49, 16, Civic, CIVIC_HUMANISM, 281.3, 77
49, 16, Civic, CIVIC_DIPLOMATIC_SERVICE, 140.7, 76
49, 16, Civic, CIVIC_REFORMED_CHURCH, 360.8, 83
49, 16, Civic, CIVIC_MERCANTILISM, 281.3, 166
49, 16, Civic, CIVIC_THE_ENLIGHTENMENT, 281.3, 241
49, 16, Policies, POLICY_URBAN_PLANNING, 14.0
49, 16, Policies, POLICY_CARAVANSARIES, 14.0
49, 16, Policies, POLICY_CONSCRIPTION, 7.0
49, 16, Policies, POLICY_CHARISMATIC_LEADER, 14.0
49, 16, Policies, POLICY_LIMES, 12.0
49, 16, Policies, POLICY_FEUDAL_CONTRACT, 4.0
49, 16, Policies, POLICY_TRADE_CONFEDERATION, 28.0
49, 16, Policies, POLICY_CHIVALRY, 3.0
49, 16, Policies, POLICY_PRAETORIUM, 26.0
49, 16, Policies, POLICY_CIVIL_PRESTIGE, 139.0
49, 16, Policies, POLICY_EQUESTRIAN_ORDERS, 37.0
49, 16, Policies, POLICY_SOVEREIGN_STATE, 90.0
49, 17, Civic, CIVIC_MILITARY_TRAINING, 200.7, 1
49, 17, Civic, CIVIC_NAVAL_TRADITION, 84.7, 15
49, 17, Civic, CIVIC_MERCENARIES, 260.5, 28
49, 17, Civic, CIVIC_MEDIEVAL_FAIRES, 140.7, 1
49, 17, Civic, CIVIC_DIVINE_RIGHT, 149.1, 27
49, 17, Civic, CIVIC_EXPLORATION, 401.1, 76
49, 17, Civic, CIVIC_HUMANISM, 140.7, 67
49, 17, Civic, CIVIC_DIPLOMATIC_SERVICE, 0.0, 66
49, 17, Civic, CIVIC_REFORMED_CHURCH, 149.1, 74
49, 17, Civic, CIVIC_MERCANTILISM, 140.7, 148
49, 17, Civic, CIVIC_THE_ENLIGHTENMENT, 140.7, 214
49, 17, Policies, POLICY_URBAN_PLANNING, 14.0
49, 17, Policies, POLICY_CARAVANSARIES, 14.0
49, 17, Policies, POLICY_CONSCRIPTION, 51.0
49, 17, Policies, POLICY_CHARISMATIC_LEADER, 14.0
49, 17, Policies, POLICY_RAID, 9.0
49, 17, Policies, POLICY_BASTIONS, 6.0
49, 17, Policies, POLICY_LIMES, 13.0
49, 17, Policies, POLICY_TRADE_CONFEDERATION, 28.0
49, 17, Policies, POLICY_PRAETORIUM, 32.0
49, 17, Policies, POLICY_CIVIL_PRESTIGE, 90.0
49, 17, Policies, POLICY_EQUESTRIAN_ORDERS, 56.0
49, 17, Policies, POLICY_SOVEREIGN_STATE, 90.0
49, 20, Civic, CIVIC_MILITARY_TRAINING, 164.7, 1
49, 20, Civic, CIVIC_NAVAL_TRADITION, 74.3, 19
49, 20, Civic, CIVIC_MERCENARIES, 219.1, 30
49, 20, Civic, CIVIC_MEDIEVAL_FAIRES, 140.7, 1
49, 20, Civic, CIVIC_GUILDS, 140.7, 1
49, 20, Civic, CIVIC_DIVINE_RIGHT, 151.1, 23
49, 20, Civic, CIVIC_EXPLORATION, 359.8, 75
49, 20, Civic, CIVIC_HUMANISM, 281.3, 62
49, 20, Civic, CIVIC_DIPLOMATIC_SERVICE, 140.7, 61
49, 20, Civic, CIVIC_REFORMED_CHURCH, 291.8, 68
49, 20, Civic, CIVIC_MERCANTILISM, 281.3, 134
49, 20, Civic, CIVIC_THE_ENLIGHTENMENT, 281.3, 194
49, 20, Policies, POLICY_URBAN_PLANNING, 14.0
49, 20, Policies, POLICY_CARAVANSARIES, 14.0
49, 20, Policies, POLICY_CONSCRIPTION, 44.0
49, 20, Policies, POLICY_CHARISMATIC_LEADER, 14.0
49, 20, Policies, POLICY_BASTIONS, 6.0
49, 20, Policies, POLICY_LIMES, 20.0
49, 20, Policies, POLICY_RETAINERS, 79.0
49, 20, Policies, POLICY_TRADE_CONFEDERATION, 28.0
49, 20, Policies, POLICY_PRAETORIUM, 20.0
49, 20, Policies, POLICY_CIVIL_PRESTIGE, 114.0
49, 20, Policies, POLICY_SOVEREIGN_STATE, 90.0
49, 21, Civic, CIVIC_MILITARY_TRAINING, 192.7, 1
49, 21, Civic, CIVIC_NAVAL_TRADITION, 62.0, 23
49, 21, Civic, CIVIC_MERCENARIES, 271.7, 20
49, 21, Civic, CIVIC_MEDIEVAL_FAIRES, 140.7, 1
49, 21, Civic, CIVIC_GUILDS, 140.7, 1
49, 21, Civic, CIVIC_DIVINE_RIGHT, 215.0, 27
49, 21, Civic, CIVIC_EXPLORATION, 412.4, 76
49, 21, Civic, CIVIC_HUMANISM, 281.3, 77
49, 21, Civic, CIVIC_DIPLOMATIC_SERVICE, 140.7, 76
49, 21, Civic, CIVIC_REFORMED_CHURCH, 355.7, 83
49, 21, Civic, CIVIC_MERCANTILISM, 281.3, 166
49, 21, Civic, CIVIC_THE_ENLIGHTENMENT, 281.3, 241
49, 21, Policies, POLICY_URBAN_PLANNING, 14.0
49, 21, Policies, POLICY_CARAVANSARIES, 14.0
49, 21, Policies, POLICY_CONSCRIPTION, 66.0
49, 21, Policies, POLICY_CHARISMATIC_LEADER, 14.0
49, 21, Policies, POLICY_BASTIONS, 6.0
49, 21, Policies, POLICY_LIMES, 13.0
49, 21, Policies, POLICY_TRADE_CONFEDERATION, 28.0
49, 21, Policies, POLICY_PRAETORIUM, 29.0
49, 21, Policies, POLICY_CIVIL_PRESTIGE, 150.0
49, 21, Policies, POLICY_EQUESTRIAN_ORDERS, 48.0
49, 21, Policies, POLICY_SOVEREIGN_STATE, 90.0
49, 62, Civic, CIVIC_MILITARY_TRADITION, 96.1, 20
49, 62, Civic, CIVIC_STATE_WORKFORCE, 79.3, 28
49, 62, Civic, CIVIC_MYSTICISM, 130.4, 20
49, 62, Civic, CIVIC_GAMES_RECREATION, 79.3, 72
49, 62, Civic, CIVIC_POLITICAL_PHILOSOPHY, 79.3, 72
49, 62, Civic, CIVIC_DRAMA_POETRY, 26.3, 44
49, 62, Civic, CIVIC_MILITARY_TRAINING, 175.4, 140
49, 62, Civic, CIVIC_DEFENSIVE_TACTICS, 79.3, 186
49, 62, Civic, CIVIC_RECORDED_HISTORY, 105.6, 186
49, 62, Civic, CIVIC_THEOLOGY, 156.7, 112
49, 62, Policies, POLICY_CARAVANSARIES, 14.0
49, 0, Civic, CIVIC_THEOLOGY, 174.7, 1
49, 0, Civic, CIVIC_NAVAL_TRADITION, 164.6, 1
49, 0, Civic, CIVIC_MERCENARIES, 302.6, 1
49, 0, Civic, CIVIC_DIVINE_RIGHT, 875.0, 2
49, 0, Civic, CIVIC_EXPLORATION, 1408.7, 2
49, 0, Civic, CIVIC_HUMANISM, 165.1, 3
49, 0, Civic, CIVIC_DIPLOMATIC_SERVICE, 511.1, 2
49, 0, Civic, CIVIC_REFORMED_CHURCH, 1375.9, 4
49, 0, Civic, CIVIC_MERCANTILISM, 487.3, 5
49, 0, Civic, CIVIC_THE_ENLIGHTENMENT, 980.2, 7
49, 0, Civic, CIVIC_COLONIALISM, 1261.5, 10
49, 0, Civic, CIVIC_CIVIL_ENGINEERING, 2922.8, 11
49, 0, Civic, CIVIC_NATIONALISM, 3844.0, 13
49, 0, Civic, CIVIC_OPERA_BALLET, 1116.5, 12
49, 0, Policies, POLICY_SURVEY, 15.0
49, 0, Policies, POLICY_GOD_KING, 21.0
49, 0, Policies, POLICY_URBAN_PLANNING, 147.0
49, 0, Policies, POLICY_CARAVANSARIES, 91.0
49, 0, Policies, POLICY_CONSCRIPTION, 44.0
49, 0, Policies, POLICY_LAND_SURVEYORS, 240.0
49, 0, Policies, POLICY_COLONIZATION, 108.0
49, 0, Policies, POLICY_INSPIRATION, 25.0
49, 0, Policies, POLICY_CHARISMATIC_LEADER, 14.0
49, 0, Policies, POLICY_DIPLOMATIC_LEAGUE, 225.0
49, 0, Policies, POLICY_LITERARY_TRADITION, 15.0
49, 0, Policies, POLICY_RAID, 2035.0
49, 0, Policies, POLICY_LIMES, 757.0
49, 0, Policies, POLICY_NATURAL_PHILOSOPHY, 208.0
49, 0, Policies, POLICY_NAVAL_INFRASTRUCTURE, 40.0
49, 0, Policies, POLICY_NAVIGATION, 15.0
49, 0, Policies, POLICY_FEUDAL_CONTRACT, 29.0
49, 0, Policies, POLICY_RETAINERS, 28.0
49, 0, Policies, POLICY_PROFESSIONAL_ARMY, 90.0
49, 0, Policies, POLICY_TRADE_CONFEDERATION, 175.0
49, 0, Policies, POLICY_MERCHANT_CONFEDERATION, 68.0
49, 0, Policies, POLICY_TOWN_CHARTERS, 196.0
49, 0, Policies, POLICY_TRAVELING_MERCHANTS, 28.0
49, 0, Policies, POLICY_CHIVALRY, 21.0
49, 0, Policies, POLICY_COLONIAL_OFFICES, 552.0
49, 0, Policies, POLICY_INVENTION, 37.0
49, 0, Policies, POLICY_FRESCOES, 15.0
49, 0, Policies, POLICY_RELIGIOUS_ORDERS, 50.0
49, 0, Policies, POLICY_LOGISTICS, 46.0
49, 0, Policies, POLICY_TRIANGULAR_TRADE, 223.0
49, 0, Policies, POLICY_RATIONALISM, 216.0
49, 0, Policies, POLICY_FREE_MARKET, 188.0
49, 0, Policies, POLICY_LIBERALISM, 98.0
49, 0, Policies, POLICY_COLONIAL_TAXES, 776.0
49, 0, Policies, POLICY_PUBLIC_WORKS, 7.0
49, 0, Policies, POLICY_GRANDE_ARMEE, 29.0
49, 0, Policies, POLICY_SYMPHONIES, 31.0
49, 0, Policies, POLICY_ECONOMIC_UNION, 210.0
49, 0, Policies, POLICY_PRAETORIUM, 796.0
49, 0, Policies, POLICY_CIVIL_PRESTIGE, 694.0
49, 0, Policies, POLICY_EQUESTRIAN_ORDERS, 7.0
49, 0, Policies, POLICY_DRILL_MANUALS, 7.0
49, 0, Policies, POLICY_HARD_SHELL_EXPLOSIVES, 14.0
49, 0, Policies, POLICY_EMPIRICAL_METHOD, 233.0
49, 1, Civic, CIVIC_THEOLOGY, 174.7, 1
49, 1, Civic, CIVIC_NAVAL_TRADITION, 144.6, 1
49, 1, Civic, CIVIC_DIVINE_RIGHT, 850.9, 2
49, 1, Civic, CIVIC_HUMANISM, 160.8, 1
49, 1, Civic, CIVIC_DIPLOMATIC_SERVICE, 532.6, 1
49, 1, Civic, CIVIC_REFORMED_CHURCH, 1327.0, 3
49, 1, Civic, CIVIC_MERCANTILISM, 452.5, 2
49, 1, Civic, CIVIC_THE_ENLIGHTENMENT, 909.8, 3
49, 1, Civic, CIVIC_COLONIALISM, 1205.0, 3
49, 1, Civic, CIVIC_CIVIL_ENGINEERING, 2584.3, 3
49, 1, Civic, CIVIC_NATIONALISM, 3655.9, 5
49, 1, Civic, CIVIC_OPERA_BALLET, 1077.2, 4
49, 1, Policies, POLICY_SURVEY, 7.0
49, 1, Policies, POLICY_GOD_KING, 24.0
49, 1, Policies, POLICY_URBAN_PLANNING, 198.0
49, 1, Policies, POLICY_CARAVANSARIES, 159.0
49, 1, Policies, POLICY_CONSCRIPTION, 14.0
49, 1, Policies, POLICY_LAND_SURVEYORS, 203.0
49, 1, Policies, POLICY_COLONIZATION, 159.0
49, 1, Policies, POLICY_INSPIRATION, 32.0
49, 1, Policies, POLICY_CHARISMATIC_LEADER, 14.0
49, 1, Policies, POLICY_DIPLOMATIC_LEAGUE, 225.0
49, 1, Policies, POLICY_LITERARY_TRADITION, 25.0
49, 1, Policies, POLICY_RAID, 2035.0
49, 1, Policies, POLICY_LIMES, 740.0
49, 1, Policies, POLICY_NATURAL_PHILOSOPHY, 265.0
49, 1, Policies, POLICY_NAVAL_INFRASTRUCTURE, 77.0
49, 1, Policies, POLICY_NAVIGATION, 47.0
49, 1, Policies, POLICY_RETAINERS, 56.0
49, 1, Policies, POLICY_TRADE_CONFEDERATION, 372.0
49, 1, Policies, POLICY_MERCHANT_CONFEDERATION, 193.0
49, 1, Policies, POLICY_AESTHETICS, 58.0
49, 1, Policies, POLICY_CRAFTSMEN, 102.0
49, 1, Policies, POLICY_TOWN_CHARTERS, 212.0
49, 1, Policies, POLICY_TRAVELING_MERCHANTS, 37.0
49, 1, Policies, POLICY_PRESS_GANGS, 74.0
49, 1, Policies, POLICY_COLONIAL_OFFICES, 783.0
49, 1, Policies, POLICY_INVENTION, 112.0
49, 1, Policies, POLICY_FRESCOES, 25.0
49, 1, Policies, POLICY_RELIGIOUS_ORDERS, 19.0
49, 1, Policies, POLICY_LOGISTICS, 11.0
49, 1, Policies, POLICY_TRIANGULAR_TRADE, 415.0
49, 1, Policies, POLICY_RATIONALISM, 448.0
49, 1, Policies, POLICY_FREE_MARKET, 150.0
49, 1, Policies, POLICY_LIBERALISM, 84.0
49, 1, Policies, POLICY_COLONIAL_TAXES, 948.0
49, 1, Policies, POLICY_PUBLIC_WORKS, 15.0
49, 1, Policies, POLICY_NATIONAL_IDENTITY, 1.0
49, 1, Policies, POLICY_GRAND_OPERA, 44.0
49, 1, Policies, POLICY_SYMPHONIES, 47.0
49, 1, Policies, POLICY_ECONOMIC_UNION, 359.0
49, 1, Policies, POLICY_PRAETORIUM, 1099.0
49, 1, Policies, POLICY_CIVIL_PRESTIGE, 834.0
49, 1, Policies, POLICY_EQUESTRIAN_ORDERS, 105.0
49, 1, Policies, POLICY_EMPIRICAL_METHOD, 234.0
49, 1, Policies, POLICY_MASTER_ARTISANS, 117.0
49, 2, Civic, CIVIC_NAVAL_TRADITION, 167.6, 1
49, 2, Civic, CIVIC_MERCENARIES, 250.6, 1
49, 2, Civic, CIVIC_EXPLORATION, 1210.2, 3
49, 2, Civic, CIVIC_HUMANISM, 152.8, 4
49, 2, Civic, CIVIC_DIPLOMATIC_SERVICE, 511.1, 2
49, 2, Civic, CIVIC_REFORMED_CHURCH, 1171.0, 1
49, 2, Civic, CIVIC_MERCANTILISM, 435.4, 8
49, 2, Civic, CIVIC_THE_ENLIGHTENMENT, 849.1, 10
49, 2, Civic, CIVIC_COLONIALISM, 1159.1, 13
49, 2, Civic, CIVIC_CIVIL_ENGINEERING, 3707.3, 14
49, 2, Civic, CIVIC_NATIONALISM, 4534.4, 16
49, 2, Civic, CIVIC_OPERA_BALLET, 985.8, 15
49, 2, Policies, POLICY_SURVEY, 37.0
49, 2, Policies, POLICY_URBAN_PLANNING, 126.0
49, 2, Policies, POLICY_CARAVANSARIES, 61.0
49, 2, Policies, POLICY_CONSCRIPTION, 22.0
49, 2, Policies, POLICY_LAND_SURVEYORS, 297.5
49, 2, Policies, POLICY_COLONIZATION, 95.0
49, 2, Policies, POLICY_INSPIRATION, 15.0
49, 2, Policies, POLICY_CHARISMATIC_LEADER, 14.0
49, 2, Policies, POLICY_DIPLOMATIC_LEAGUE, 337.0
49, 2, Policies, POLICY_LITERARY_TRADITION, 15.0
49, 2, Policies, POLICY_RAID, 1839.0
49, 2, Policies, POLICY_LIMES, 821.0
49, 2, Policies, POLICY_NATURAL_PHILOSOPHY, 102.0
49, 2, Policies, POLICY_SCRIPTURE, 202.0
49, 2, Policies, POLICY_NAVAL_INFRASTRUCTURE, 31.0
49, 2, Policies, POLICY_NAVIGATION, 31.0
49, 2, Policies, POLICY_FEUDAL_CONTRACT, 26.0
49, 2, Policies, POLICY_RETAINERS, 28.0
49, 2, Policies, POLICY_PROFESSIONAL_ARMY, 96.0
49, 2, Policies, POLICY_TRADE_CONFEDERATION, 114.0
49, 2, Policies, POLICY_MERCHANT_CONFEDERATION, 61.0
49, 2, Policies, POLICY_TOWN_CHARTERS, 83.0
49, 2, Policies, POLICY_TRAVELING_MERCHANTS, 18.0
49, 2, Policies, POLICY_CHIVALRY, 42.0
49, 2, Policies, POLICY_COLONIAL_OFFICES, 453.0
49, 2, Policies, POLICY_INVENTION, 31.0
49, 2, Policies, POLICY_FRESCOES, 15.0
49, 2, Policies, POLICY_RELIGIOUS_ORDERS, 20.0
49, 2, Policies, POLICY_SIMULTANEUM, 586.0
49, 2, Policies, POLICY_LOGISTICS, 20.0
49, 2, Policies, POLICY_TRIANGULAR_TRADE, 198.0
49, 2, Policies, POLICY_RATIONALISM, 120.0
49, 2, Policies, POLICY_FREE_MARKET, 85.0
49, 2, Policies, POLICY_LIBERALISM, 56.0
49, 2, Policies, POLICY_COLONIAL_TAXES, 662.0
49, 2, Policies, POLICY_PUBLIC_WORKS, 23.0
49, 2, Policies, POLICY_GRANDE_ARMEE, 26.0
49, 2, Policies, POLICY_NATIONAL_IDENTITY, 2.0
49, 2, Policies, POLICY_SYMPHONIES, 31.0
49, 2, Policies, POLICY_ECONOMIC_UNION, 109.0
49, 2, Policies, POLICY_PRAETORIUM, 568.0
49, 2, Policies, POLICY_CIVIL_PRESTIGE, 483.0
49, 2, Policies, POLICY_EQUESTRIAN_ORDERS, 52.0
49, 2, Policies, POLICY_DRILL_MANUALS, 45.0
49, 2, Policies, POLICY_HARD_SHELL_EXPLOSIVES, 11.0
49, 2, Policies, POLICY_EMPIRICAL_METHOD, 116.0
49, 3, Civic, CIVIC_NAVAL_TRADITION, 144.6, 1
49, 3, Civic, CIVIC_DIVINE_RIGHT, 925.3, 1
49, 3, Civic, CIVIC_EXPLORATION, 1182.2, 1
49, 3, Civic, CIVIC_HUMANISM, 148.1, 3
49, 3, Civic, CIVIC_DIPLOMATIC_SERVICE, 511.1, 2
49, 3, Civic, CIVIC_REFORMED_CHURCH, 4419.7, 2
49, 3, Civic, CIVIC_MERCANTILISM, 668.3, 5
49, 3, Civic, CIVIC_THE_ENLIGHTENMENT, 1027.2, 7
49, 3, Civic, CIVIC_COLONIALISM, 1498.5, 10
49, 3, Civic, CIVIC_CIVIL_ENGINEERING, 116906.8, 11
49, 3, Civic, CIVIC_NATIONALISM, 110763.9, 13
49, 3, Civic, CIVIC_OPERA_BALLET, 1152.5, 12
49, 3, Policies, POLICY_SURVEY, 37.0
49, 3, Policies, POLICY_URBAN_PLANNING, 198.0
49, 3, Policies, POLICY_CARAVANSARIES, 190.0
49, 3, Policies, POLICY_LAND_SURVEYORS, 375.0
49, 3, Policies, POLICY_COLONIZATION, 247.0
49, 3, Policies, POLICY_INSPIRATION, 15.0
49, 3, Policies, POLICY_CHARISMATIC_LEADER, 14.0
49, 3, Policies, POLICY_DIPLOMATIC_LEAGUE, 225.0
49, 3, Policies, POLICY_LITERARY_TRADITION, 15.0
49, 3, Policies, POLICY_RAID, 2431.0
49, 3, Policies, POLICY_LIMES, 872.0
49, 3, Policies, POLICY_NATURAL_PHILOSOPHY, 39.0
49, 3, Policies, POLICY_SCRIPTURE, 1792.0
49, 3, Policies, POLICY_NAVIGATION, 15.0
49, 3, Policies, POLICY_TRADE_CONFEDERATION, 290.0
49, 3, Policies, POLICY_MERCHANT_CONFEDERATION, 136.0
49, 3, Policies, POLICY_TOWN_CHARTERS, 162.0
49, 3, Policies, POLICY_TRAVELING_MERCHANTS, 21.0
49, 3, Policies, POLICY_COLONIAL_OFFICES, 427.0
49, 3, Policies, POLICY_INVENTION, 31.0
49, 3, Policies, POLICY_FRESCOES, 15.0
49, 3, Policies, POLICY_SIMULTANEUM, 2755.0
49, 3, Policies, POLICY_LOGISTICS, 1.0
49, 3, Policies, POLICY_TRIANGULAR_TRADE, 556.0
49, 3, Policies, POLICY_FREE_MARKET, 346.0
49, 3, Policies, POLICY_LIBERALISM, 276.0
49, 3, Policies, POLICY_COLONIAL_TAXES, 922.0
49, 3, Policies, POLICY_PUBLIC_WORKS, 44.0
49, 3, Policies, POLICY_NATIONAL_IDENTITY, 1.0
49, 3, Policies, POLICY_SYMPHONIES, 31.0
49, 3, Policies, POLICY_PRAETORIUM, 524.0
49, 3, Policies, POLICY_CIVIL_PRESTIGE, 791.0
49, 3, Policies, POLICY_EQUESTRIAN_ORDERS, 67.0
49, 3, Policies, POLICY_EMPIRICAL_METHOD, 29.0
49, 4, Civic, CIVIC_NAVAL_TRADITION, 156.6, 1
49, 4, Civic, CIVIC_EXPLORATION, 1384.9, 1
49, 4, Civic, CIVIC_REFORMED_CHURCH, 661.6, 1
49, 4, Civic, CIVIC_MERCANTILISM, 360.7, 1
49, 4, Civic, CIVIC_THE_ENLIGHTENMENT, 615.6, 1
49, 4, Civic, CIVIC_COLONIALISM, 1504.1, 3
49, 4, Civic, CIVIC_CIVIL_ENGINEERING, 519318.4, 2
49, 4, Civic, CIVIC_NATIONALISM, 520482.0, 2
49, 4, Civic, CIVIC_OPERA_BALLET, 880.3, 3
49, 4, Civic, CIVIC_NATURAL_HISTORY, 1795.9, 6
49, 4, Civic, CIVIC_SCORCHED_EARTH, 520647.7, 5
49, 4, Civic, CIVIC_URBANIZATION, 1040002.8, 7
49, 4, Policies, POLICY_SURVEY, 23.0
49, 4, Policies, POLICY_URBAN_PLANNING, 189.0
49, 4, Policies, POLICY_CARAVANSARIES, 124.0
49, 4, Policies, POLICY_CONSCRIPTION, 36.0
49, 4, Policies, POLICY_LAND_SURVEYORS, 224.5
49, 4, Policies, POLICY_COLONIZATION, 185.0
49, 4, Policies, POLICY_INSPIRATION, 29.0
49, 4, Policies, POLICY_CHARISMATIC_LEADER, 14.0
49, 4, Policies, POLICY_DIPLOMATIC_LEAGUE, 337.0
49, 4, Policies, POLICY_LITERARY_TRADITION, 18.0
49, 4, Policies, POLICY_RAID, 2231.0
49, 4, Policies, POLICY_LIMES, 1030.0
49, 4, Policies, POLICY_NATURAL_PHILOSOPHY, 365.0
49, 4, Policies, POLICY_NAVAL_INFRASTRUCTURE, 11.0
49, 4, Policies, POLICY_NAVIGATION, 15.0
49, 4, Policies, POLICY_RETAINERS, 42.0
49, 4, Policies, POLICY_PROFESSIONAL_ARMY, 39.0
49, 4, Policies, POLICY_TRADE_CONFEDERATION, 240.0
49, 4, Policies, POLICY_MERCHANT_CONFEDERATION, 237.0
49, 4, Policies, POLICY_AESTHETICS, 88.0
49, 4, Policies, POLICY_CRAFTSMEN, 99.0
49, 4, Policies, POLICY_TOWN_CHARTERS, 216.0
49, 4, Policies, POLICY_TRAVELING_MERCHANTS, 28.0
49, 4, Policies, POLICY_COLONIAL_OFFICES, 679.0
49, 4, Policies, POLICY_INVENTION, 43.0
49, 4, Policies, POLICY_FRESCOES, 18.0
49, 4, Policies, POLICY_MACHIAVELLIANISM, 146.0
49, 4, Policies, POLICY_WARS_OF_RELIGION, 10.0
49, 4, Policies, POLICY_RELIGIOUS_ORDERS, 71.0
49, 4, Policies, POLICY_LOGISTICS, 61.0
49, 4, Policies, POLICY_TRIANGULAR_TRADE, 300.0
49, 4, Policies, POLICY_RATIONALISM, 515.0
49, 4, Policies, POLICY_FREE_MARKET, 108.0
49, 4, Policies, POLICY_LIBERALISM, 146.0
49, 4, Policies, POLICY_COLONIAL_TAXES, 1108.0
49, 4, Policies, POLICY_PUBLIC_WORKS, 44.0
49, 4, Policies, POLICY_NATIONAL_IDENTITY, 14.0
49, 4, Policies, POLICY_GRAND_OPERA, 114.0
49, 4, Policies, POLICY_SYMPHONIES, 31.0
49, 4, Policies, POLICY_TOTAL_WAR, 2231.0
49, 4, Policies, POLICY_EXPROPRIATION, 409.5
49, 4, Policies, POLICY_MILITARY_RESEARCH, 1704.0
49, 4, Policies, POLICY_ECONOMIC_UNION, 167.0
49, 4, Policies, POLICY_PRAETORIUM, 986.0
49, 4, Policies, POLICY_CIVIL_PRESTIGE, 797.0
49, 4, Policies, POLICY_DRILL_MANUALS, 45.0
49, 4, Policies, POLICY_FORCE_MODERNIZATION, 39.0
49, 4, Policies, POLICY_EMPIRICAL_METHOD, 482.0
49, 4, Policies, POLICY_MASTER_ARTISANS, 116.0
49, 1, Civic, CIVIC_THEOLOGY, 174.7, 1
49, 1, Civic, CIVIC_NAVAL_TRADITION, 144.6, 1
49, 1, Civic, CIVIC_DIVINE_RIGHT, 850.9, 2
49, 1, Civic, CIVIC_HUMANISM, 160.8, 1
49, 1, Civic, CIVIC_DIPLOMATIC_SERVICE, 532.6, 1
49, 1, Civic, CIVIC_REFORMED_CHURCH, 1327.0, 3
49, 1, Civic, CIVIC_MERCANTILISM, 452.5, 2
49, 1, Civic, CIVIC_THE_ENLIGHTENMENT, 909.8, 3
49, 1, Civic, CIVIC_COLONIALISM, 1205.0, 3
49, 1, Civic, CIVIC_CIVIL_ENGINEERING, 2584.3, 3
49, 1, Civic, CIVIC_NATIONALISM, 3655.9, 5
49, 1, Civic, CIVIC_OPERA_BALLET, 1077.2, 4
49, 1, Policies, POLICY_SURVEY, 7.0
49, 1, Policies, POLICY_GOD_KING, 24.0
49, 1, Policies, POLICY_URBAN_PLANNING, 198.0
49, 1, Policies, POLICY_CARAVANSARIES, 159.0
49, 1, Policies, POLICY_CONSCRIPTION, 14.0
49, 1, Policies, POLICY_LAND_SURVEYORS, 203.0
49, 1, Policies, POLICY_COLONIZATION, 159.0
49, 1, Policies, POLICY_INSPIRATION, 32.0
49, 1, Policies, POLICY_CHARISMATIC_LEADER, 14.0
49, 1, Policies, POLICY_DIPLOMATIC_LEAGUE, 225.0
49, 1, Policies, POLICY_LITERARY_TRADITION, 25.0
49, 1, Policies, POLICY_RAID, 2035.0
49, 1, Policies, POLICY_LIMES, 740.0
49, 1, Policies, POLICY_NATURAL_PHILOSOPHY, 265.0
49, 1, Policies, POLICY_NAVAL_INFRASTRUCTURE, 77.0
49, 1, Policies, POLICY_NAVIGATION, 47.0
49, 1, Policies, POLICY_RETAINERS, 56.0
49, 1, Policies, POLICY_TRADE_CONFEDERATION, 372.0
49, 1, Policies, POLICY_MERCHANT_CONFEDERATION, 193.0
49, 1, Policies, POLICY_AESTHETICS, 58.0
49, 1, Policies, POLICY_CRAFTSMEN, 102.0
49, 1, Policies, POLICY_TOWN_CHARTERS, 212.0
49, 1, Policies, POLICY_TRAVELING_MERCHANTS, 37.0
49, 1, Policies, POLICY_PRESS_GANGS, 74.0
49, 1, Policies, POLICY_COLONIAL_OFFICES, 783.0
49, 1, Policies, POLICY_INVENTION, 112.0
49, 1, Policies, POLICY_FRESCOES, 25.0
49, 1, Policies, POLICY_RELIGIOUS_ORDERS, 19.0
49, 1, Policies, POLICY_LOGISTICS, 11.0
49, 1, Policies, POLICY_TRIANGULAR_TRADE, 415.0
49, 1, Policies, POLICY_RATIONALISM, 448.0
49, 1, Policies, POLICY_FREE_MARKET, 150.0
49, 1, Policies, POLICY_LIBERALISM, 84.0
49, 1, Policies, POLICY_COLONIAL_TAXES, 948.0
49, 1, Policies, POLICY_PUBLIC_WORKS, 15.0
49, 1, Policies, POLICY_NATIONAL_IDENTITY, 1.0
49, 1, Policies, POLICY_GRAND_OPERA, 44.0
49, 1, Policies, POLICY_SYMPHONIES, 47.0
49, 1, Policies, POLICY_ECONOMIC_UNION, 359.0
49, 1, Policies, POLICY_PRAETORIUM, 1099.0
49, 1, Policies, POLICY_CIVIL_PRESTIGE, 834.0
49, 1, Policies, POLICY_EQUESTRIAN_ORDERS, 105.0
49, 1, Policies, POLICY_EMPIRICAL_METHOD, 234.0
49, 1, Policies, POLICY_MASTER_ARTISANS, 117.0
49, 2, Civic, CIVIC_NAVAL_TRADITION, 167.6, 1
49, 2, Civic, CIVIC_MERCENARIES, 250.6, 1
49, 2, Civic, CIVIC_EXPLORATION, 1210.2, 3
49, 2, Civic, CIVIC_HUMANISM, 152.8, 4
49, 2, Civic, CIVIC_DIPLOMATIC_SERVICE, 511.1, 2
49, 2, Civic, CIVIC_REFORMED_CHURCH, 1171.0, 1
49, 2, Civic, CIVIC_MERCANTILISM, 435.4, 8
49, 2, Civic, CIVIC_THE_ENLIGHTENMENT, 849.1, 10
49, 2, Civic, CIVIC_COLONIALISM, 1159.1, 13
49, 2, Civic, CIVIC_CIVIL_ENGINEERING, 3707.3, 14
49, 2, Civic, CIVIC_NATIONALISM, 4534.4, 16
49, 2, Civic, CIVIC_OPERA_BALLET, 985.8, 15
49, 2, Policies, POLICY_SURVEY, 37.0
49, 2, Policies, POLICY_URBAN_PLANNING, 126.0
49, 2, Policies, POLICY_CARAVANSARIES, 61.0
49, 2, Policies, POLICY_CONSCRIPTION, 22.0
49, 2, Policies, POLICY_LAND_SURVEYORS, 297.5
49, 2, Policies, POLICY_COLONIZATION, 95.0
49, 2, Policies, POLICY_INSPIRATION, 15.0
49, 2, Policies, POLICY_CHARISMATIC_LEADER, 14.0
49, 2, Policies, POLICY_DIPLOMATIC_LEAGUE, 337.0
49, 2, Policies, POLICY_LITERARY_TRADITION, 15.0
49, 2, Policies, POLICY_RAID, 1839.0
49, 2, Policies, POLICY_LIMES, 821.0
49, 2, Policies, POLICY_NATURAL_PHILOSOPHY, 102.0
49, 2, Policies, POLICY_SCRIPTURE, 202.0
49, 2, Policies, POLICY_NAVAL_INFRASTRUCTURE, 31.0
49, 2, Policies, POLICY_NAVIGATION, 31.0
49, 2, Policies, POLICY_FEUDAL_CONTRACT, 26.0
49, 2, Policies, POLICY_RETAINERS, 28.0
49, 2, Policies, POLICY_PROFESSIONAL_ARMY, 96.0
49, 2, Policies, POLICY_TRADE_CONFEDERATION, 114.0
49, 2, Policies, POLICY_MERCHANT_CONFEDERATION, 61.0
49, 2, Policies, POLICY_TOWN_CHARTERS, 83.0
49, 2, Policies, POLICY_TRAVELING_MERCHANTS, 18.0
49, 2, Policies, POLICY_CHIVALRY, 42.0
49, 2, Policies, POLICY_COLONIAL_OFFICES, 453.0
49, 2, Policies, POLICY_INVENTION, 31.0
49, 2, Policies, POLICY_FRESCOES, 15.0
49, 2, Policies, POLICY_RELIGIOUS_ORDERS, 20.0
49, 2, Policies, POLICY_SIMULTANEUM, 586.0
49, 2, Policies, POLICY_LOGISTICS, 20.0
49, 2, Policies, POLICY_TRIANGULAR_TRADE, 198.0
49, 2, Policies, POLICY_RATIONALISM, 120.0
49, 2, Policies, POLICY_FREE_MARKET, 85.0
49, 2, Policies, POLICY_LIBERALISM, 56.0
49, 2, Policies, POLICY_COLONIAL_TAXES, 662.0
49, 2, Policies, POLICY_PUBLIC_WORKS, 23.0
49, 2, Policies, POLICY_GRANDE_ARMEE, 26.0
49, 2, Policies, POLICY_NATIONAL_IDENTITY, 2.0
49, 2, Policies, POLICY_SYMPHONIES, 31.0
49, 2, Policies, POLICY_ECONOMIC_UNION, 109.0
49, 2, Policies, POLICY_PRAETORIUM, 568.0
49, 2, Policies, POLICY_CIVIL_PRESTIGE, 483.0
49, 2, Policies, POLICY_EQUESTRIAN_ORDERS, 52.0
49, 2, Policies, POLICY_DRILL_MANUALS, 45.0
49, 2, Policies, POLICY_HARD_SHELL_EXPLOSIVES, 11.0
49, 2, Policies, POLICY_EMPIRICAL_METHOD, 116.0
49, 1, Civic, CIVIC_THEOLOGY, 174.7, 1
49, 1, Civic, CIVIC_NAVAL_TRADITION, 144.6, 1
49, 1, Civic, CIVIC_DIVINE_RIGHT, 850.9, 2
49, 1, Civic, CIVIC_HUMANISM, 160.8, 1
49, 1, Civic, CIVIC_DIPLOMATIC_SERVICE, 532.6, 1
49, 1, Civic, CIVIC_REFORMED_CHURCH, 1327.0, 3
49, 1, Civic, CIVIC_MERCANTILISM, 452.5, 2
49, 1, Civic, CIVIC_THE_ENLIGHTENMENT, 909.8, 3
49, 1, Civic, CIVIC_COLONIALISM, 1205.0, 3
49, 1, Civic, CIVIC_CIVIL_ENGINEERING, 2584.3, 3
49, 1, Civic, CIVIC_NATIONALISM, 3655.9, 5
49, 1, Civic, CIVIC_OPERA_BALLET, 1077.2, 4
49, 1, Policies, POLICY_SURVEY, 7.0
49, 1, Policies, POLICY_GOD_KING, 24.0
49, 1, Policies, POLICY_URBAN_PLANNING, 198.0
49, 1, Policies, POLICY_CARAVANSARIES, 159.0
49, 1, Policies, POLICY_CONSCRIPTION, 14.0
49, 1, Policies, POLICY_LAND_SURVEYORS, 203.0
49, 1, Policies, POLICY_COLONIZATION, 159.0
49, 1, Policies, POLICY_INSPIRATION, 32.0
49, 1, Policies, POLICY_CHARISMATIC_LEADER, 14.0
49, 1, Policies, POLICY_DIPLOMATIC_LEAGUE, 225.0
49, 1, Policies, POLICY_LITERARY_TRADITION, 25.0
49, 1, Policies, POLICY_RAID, 2035.0
49, 1, Policies, POLICY_LIMES, 740.0
49, 1, Policies, POLICY_NATURAL_PHILOSOPHY, 265.0
49, 1, Policies, POLICY_NAVAL_INFRASTRUCTURE, 77.0
49, 1, Policies, POLICY_NAVIGATION, 47.0
49, 1, Policies, POLICY_RETAINERS, 56.0
49, 1, Policies, POLICY_TRADE_CONFEDERATION, 372.0
49, 1, Policies, POLICY_MERCHANT_CONFEDERATION, 193.0
49, 1, Policies, POLICY_AESTHETICS, 58.0
49, 1, Policies, POLICY_CRAFTSMEN, 102.0
49, 1, Policies, POLICY_TOWN_CHARTERS, 212.0
49, 1, Policies, POLICY_TRAVELING_MERCHANTS, 37.0
49, 1, Policies, POLICY_PRESS_GANGS, 74.0
49, 1, Policies, POLICY_COLONIAL_OFFICES, 783.0
49, 1, Policies, POLICY_INVENTION, 112.0
49, 1, Policies, POLICY_FRESCOES, 25.0
49, 1, Policies, POLICY_RELIGIOUS_ORDERS, 19.0
49, 1, Policies, POLICY_LOGISTICS, 11.0
49, 1, Policies, POLICY_TRIANGULAR_TRADE, 415.0
49, 1, Policies, POLICY_RATIONALISM, 448.0
49, 1, Policies, POLICY_FREE_MARKET, 150.0
49, 1, Policies, POLICY_LIBERALISM, 84.0
49, 1, Policies, POLICY_COLONIAL_TAXES, 948.0
49, 1, Policies, POLICY_PUBLIC_WORKS, 15.0
49, 1, Policies, POLICY_NATIONAL_IDENTITY, 1.0
49, 1, Policies, POLICY_GRAND_OPERA, 44.0
49, 1, Policies, POLICY_SYMPHONIES, 47.0
49, 1, Policies, POLICY_ECONOMIC_UNION, 359.0
49, 1, Policies, POLICY_PRAETORIUM, 1099.0
49, 1, Policies, POLICY_CIVIL_PRESTIGE, 834.0
49, 1, Policies, POLICY_EQUESTRIAN_ORDERS, 105.0
49, 1, Policies, POLICY_EMPIRICAL_METHOD, 234.0
49, 1, Policies, POLICY_MASTER_ARTISANS, 117.0
49, 3, Civic, CIVIC_NAVAL_TRADITION, 144.6, 1
49, 3, Civic, CIVIC_DIVINE_RIGHT, 925.3, 1
49, 3, Civic, CIVIC_EXPLORATION, 1182.2, 1
49, 3, Civic, CIVIC_HUMANISM, 148.1, 3
49, 3, Civic, CIVIC_DIPLOMATIC_SERVICE, 511.1, 2
49, 3, Civic, CIVIC_REFORMED_CHURCH, 4419.7, 2
49, 3, Civic, CIVIC_MERCANTILISM, 668.3, 5
49, 3, Civic, CIVIC_THE_ENLIGHTENMENT, 1027.2, 7
49, 3, Civic, CIVIC_COLONIALISM, 1498.5, 10
49, 3, Civic, CIVIC_CIVIL_ENGINEERING, 116906.8, 11
49, 3, Civic, CIVIC_NATIONALISM, 110763.9, 13
49, 3, Civic, CIVIC_OPERA_BALLET, 1152.5, 12
49, 3, Policies, POLICY_SURVEY, 37.0
49, 3, Policies, POLICY_URBAN_PLANNING, 198.0
49, 3, Policies, POLICY_CARAVANSARIES, 190.0
49, 3, Policies, POLICY_LAND_SURVEYORS, 375.0
49, 3, Policies, POLICY_COLONIZATION, 247.0
49, 3, Policies, POLICY_INSPIRATION, 15.0
49, 3, Policies, POLICY_CHARISMATIC_LEADER, 14.0
49, 3, Policies, POLICY_DIPLOMATIC_LEAGUE, 225.0
49, 3, Policies, POLICY_LITERARY_TRADITION, 15.0
49, 3, Policies, POLICY_RAID, 2431.0
49, 3, Policies, POLICY_LIMES, 872.0
49, 3, Policies, POLICY_NATURAL_PHILOSOPHY, 39.0
49, 3, Policies, POLICY_SCRIPTURE, 1792.0
49, 3, Policies, POLICY_NAVIGATION, 15.0
49, 3, Policies, POLICY_TRADE_CONFEDERATION, 290.0
49, 3, Policies, POLICY_MERCHANT_CONFEDERATION, 136.0
49, 3, Policies, POLICY_TOWN_CHARTERS, 162.0
49, 3, Policies, POLICY_TRAVELING_MERCHANTS, 21.0
49, 3, Policies, POLICY_COLONIAL_OFFICES, 427.0
49, 3, Policies, POLICY_INVENTION, 31.0
49, 3, Policies, POLICY_FRESCOES, 15.0
49, 3, Policies, POLICY_SIMULTANEUM, 2755.0
49, 3, Policies, POLICY_LOGISTICS, 1.0
49, 3, Policies, POLICY_TRIANGULAR_TRADE, 556.0
49, 3, Policies, POLICY_FREE_MARKET, 346.0
49, 3, Policies, POLICY_LIBERALISM, 276.0
49, 3, Policies, POLICY_COLONIAL_TAXES, 922.0
49, 3, Policies, POLICY_PUBLIC_WORKS, 44.0
49, 3, Policies, POLICY_NATIONAL_IDENTITY, 1.0
49, 3, Policies, POLICY_SYMPHONIES, 31.0
49, 3, Policies, POLICY_PRAETORIUM, 524.0
49, 3, Policies, POLICY_CIVIL_PRESTIGE, 791.0
49, 3, Policies, POLICY_EQUESTRIAN_ORDERS, 67.0
49, 3, Policies, POLICY_EMPIRICAL_METHOD, 29.0
49, 1, Civic, CIVIC_THEOLOGY, 174.7, 1
49, 1, Civic, CIVIC_NAVAL_TRADITION, 144.6, 1
49, 1, Civic, CIVIC_DIVINE_RIGHT, 850.9, 2
49, 1, Civic, CIVIC_HUMANISM, 160.8, 1
49, 1, Civic, CIVIC_DIPLOMATIC_SERVICE, 532.6, 1
49, 1, Civic, CIVIC_REFORMED_CHURCH, 1327.0, 3
49, 1, Civic, CIVIC_MERCANTILISM, 452.5, 2
49, 1, Civic, CIVIC_THE_ENLIGHTENMENT, 909.8, 3
49, 1, Civic, CIVIC_COLONIALISM, 1205.0, 3
49, 1, Civic, CIVIC_CIVIL_ENGINEERING, 2584.3, 3
49, 1, Civic, CIVIC_NATIONALISM, 3655.9, 5
49, 1, Civic, CIVIC_OPERA_BALLET, 1077.2, 4
49, 1, Policies, POLICY_SURVEY, 7.0
49, 1, Policies, POLICY_GOD_KING, 24.0
49, 1, Policies, POLICY_URBAN_PLANNING, 198.0
49, 1, Policies, POLICY_CARAVANSARIES, 159.0
49, 1, Policies, POLICY_CONSCRIPTION, 14.0
49, 1, Policies, POLICY_LAND_SURVEYORS, 203.0
49, 1, Policies, POLICY_COLONIZATION, 159.0
49, 1, Policies, POLICY_INSPIRATION, 32.0
49, 1, Policies, POLICY_CHARISMATIC_LEADER, 14.0
49, 1, Policies, POLICY_DIPLOMATIC_LEAGUE, 225.0
49, 1, Policies, POLICY_LITERARY_TRADITION, 25.0
49, 1, Policies, POLICY_RAID, 2035.0
49, 1, Policies, POLICY_LIMES, 740.0
49, 1, Policies, POLICY_NATURAL_PHILOSOPHY, 265.0
49, 1, Policies, POLICY_NAVAL_INFRASTRUCTURE, 77.0
49, 1, Policies, POLICY_NAVIGATION, 47.0
49, 1, Policies, POLICY_RETAINERS, 56.0
49, 1, Policies, POLICY_TRADE_CONFEDERATION, 372.0
49, 1, Policies, POLICY_MERCHANT_CONFEDERATION, 193.0
49, 1, Policies, POLICY_AESTHETICS, 58.0
49, 1, Policies, POLICY_CRAFTSMEN, 102.0
49, 1, Policies, POLICY_TOWN_CHARTERS, 212.0
49, 1, Policies, POLICY_TRAVELING_MERCHANTS, 37.0
49, 1, Policies, POLICY_PRESS_GANGS, 74.0
49, 1, Policies, POLICY_COLONIAL_OFFICES, 783.0
49, 1, Policies, POLICY_INVENTION, 112.0
49, 1, Policies, POLICY_FRESCOES, 25.0
49, 1, Policies, POLICY_RELIGIOUS_ORDERS, 19.0
49, 1, Policies, POLICY_LOGISTICS, 11.0
49, 1, Policies, POLICY_TRIANGULAR_TRADE, 415.0
49, 1, Policies, POLICY_RATIONALISM, 448.0
49, 1, Policies, POLICY_FREE_MARKET, 150.0
49, 1, Policies, POLICY_LIBERALISM, 84.0
49, 1, Policies, POLICY_COLONIAL_TAXES, 948.0
49, 1, Policies, POLICY_PUBLIC_WORKS, 15.0
49, 1, Policies, POLICY_NATIONAL_IDENTITY, 1.0
49, 1, Policies, POLICY_GRAND_OPERA, 44.0
49, 1, Policies, POLICY_SYMPHONIES, 47.0
49, 1, Policies, POLICY_ECONOMIC_UNION, 359.0
49, 1, Policies, POLICY_PRAETORIUM, 1099.0
49, 1, Policies, POLICY_CIVIL_PRESTIGE, 834.0
49, 1, Policies, POLICY_EQUESTRIAN_ORDERS, 105.0
49, 1, Policies, POLICY_EMPIRICAL_METHOD, 234.0
49, 1, Policies, POLICY_MASTER_ARTISANS, 117.0
50, 5, Completed Civic, CIVIC_MEDIEVAL_FAIRES
50, 5, Slot Policy, POLICY_CIVIL_PRESTIGE, 775
50, 5, Slot Policy, POLICY_NATURAL_PHILOSOPHY, 156
50, 5, Slot Policy, POLICY_PRAETORIUM, 2150
50, 5, Slot Policy, POLICY_DIPLOMATIC_LEAGUE, 225
50, 5, Slot Policy, POLICY_URBAN_PLANNING, 168
50, 5, Slot Policy, POLICY_LIMES, 270
50, 5, Civic, CIVIC_MILITARY_TRAINING, 2015.7, 1
50, 5, Civic, CIVIC_THEOLOGY, 783.7, 1
50, 5, Civic, CIVIC_NAVAL_TRADITION, 144.6, 1
50, 5, Civic, CIVIC_MERCENARIES, 2155.1, 2
50, 5, Civic, CIVIC_DIVINE_RIGHT, 2070.2, 2
50, 5, Civic, CIVIC_EXPLORATION, 4043.4, 4
50, 5, Civic, CIVIC_HUMANISM, 148.1, 3
50, 5, Civic, CIVIC_DIPLOMATIC_SERVICE, 485.7, 3
50, 5, Civic, CIVIC_REFORMED_CHURCH, 3217.0, 4
50, 5, Civic, CIVIC_MERCANTILISM, 427.8, 6
50, 5, Civic, CIVIC_THE_ENLIGHTENMENT, 761.2, 9
50, 5, Civic, CIVIC_COLONIALISM, 541.1, 12
50, 5, Civic, CIVIC_CIVIL_ENGINEERING, 923.7, 14
50, 5, Civic, CIVIC_NATIONALISM, 1531.5, 17
50, 5, Civic, CIVIC_OPERA_BALLET, 870.9, 15
50, 5, Policies, POLICY_SURVEY, 36.0
50, 5, Policies, POLICY_GOD_KING, 14.0
50, 5, Policies, POLICY_URBAN_PLANNING, 168.0
50, 5, Policies, POLICY_CARAVANSARIES, 49.0
50, 5, Policies, POLICY_CONSCRIPTION, 191.0
50, 5, Policies, POLICY_LAND_SURVEYORS, 10.5
50, 5, Policies, POLICY_COLONIZATION, 50.0
50, 5, Policies, POLICY_INSPIRATION, 34.0
50, 5, Policies, POLICY_CHARISMATIC_LEADER, 14.0
50, 5, Policies, POLICY_DIPLOMATIC_LEAGUE, 225.0
50, 5, Policies, POLICY_LITERARY_TRADITION, 17.0
50, 5, Policies, POLICY_RAID, 2328.0
50, 5, Policies, POLICY_BASTIONS, 42.0
50, 5, Policies, POLICY_LIMES, 335.0
50, 5, Policies, POLICY_NATURAL_PHILOSOPHY, 190.0
50, 5, Policies, POLICY_SCRIPTURE, 102.0
50, 5, Policies, POLICY_NAVIGATION, 47.0
50, 5, Policies, POLICY_FEUDAL_CONTRACT, 21.0
50, 5, Policies, POLICY_RETAINERS, 290.0
50, 5, Policies, POLICY_PROFESSIONAL_ARMY, 102.0
50, 5, Policies, POLICY_TRADE_CONFEDERATION, 85.0
50, 5, Policies, POLICY_CRAFTSMEN, 86.0
50, 5, Policies, POLICY_TOWN_CHARTERS, 38.0
50, 5, Policies, POLICY_TRAVELING_MERCHANTS, 21.0
50, 5, Policies, POLICY_COLONIAL_OFFICES, 1267.0
50, 5, Policies, POLICY_INVENTION, 84.0
50, 5, Policies, POLICY_FRESCOES, 17.0
50, 5, Policies, POLICY_WARS_OF_RELIGION, 10.0
50, 5, Policies, POLICY_RELIGIOUS_ORDERS, 281.0
50, 5, Policies, POLICY_SIMULTANEUM, 52.0
50, 5, Policies, POLICY_LOGISTICS, 291.0
50, 5, Policies, POLICY_TRIANGULAR_TRADE, 104.0
50, 5, Policies, POLICY_RATIONALISM, 183.0
50, 5, Policies, POLICY_FREE_MARKET, 54.0
50, 5, Policies, POLICY_LIBERALISM, 318.0
50, 5, Policies, POLICY_COLONIAL_TAXES, 1172.0
50, 5, Policies, POLICY_GRANDE_ARMEE, 21.0
50, 5, Policies, POLICY_SYMPHONIES, 31.0
50, 5, Policies, POLICY_ECONOMIC_UNION, 29.0
50, 5, Policies, POLICY_PRAETORIUM, 2165.0
50, 5, Policies, POLICY_CIVIL_PRESTIGE, 1279.0
50, 5, Policies, POLICY_EQUESTRIAN_ORDERS, 130.0
50, 5, Policies, POLICY_DRILL_MANUALS, 55.0
50, 5, Policies, POLICY_EMPIRICAL_METHOD, 249.0
50, 5, Policies, POLICY_MASTER_ARTISANS, 73.0
50, 6, Civic, CIVIC_NAVAL_TRADITION, 156.6, 1
50, 6, Civic, CIVIC_EXPLORATION, 1896.2, 3
50, 6, Civic, CIVIC_HUMANISM, 3170.6, 2
50, 6, Civic, CIVIC_DIPLOMATIC_SERVICE, 532.6, 1
50, 6, Civic, CIVIC_REFORMED_CHURCH, 1315.5, 2
50, 6, Civic, CIVIC_MERCANTILISM, 407.2, 5
50, 6, Civic, CIVIC_THE_ENLIGHTENMENT, 785.7, 6
50, 6, Civic, CIVIC_COLONIALISM, 1673.6, 9
50, 6, Civic, CIVIC_CIVIL_ENGINEERING, 2039945.5, 10
50, 6, Civic, CIVIC_NATIONALISM, 2945847.0, 11
50, 6, Civic, CIVIC_OPERA_BALLET, 1407.0, 10
50, 6, Policies, POLICY_SURVEY, 72.0
50, 6, Policies, POLICY_URBAN_PLANNING, 147.0
50, 6, Policies, POLICY_CARAVANSARIES, 45.0
50, 6, Policies, POLICY_CONSCRIPTION, 228.0
50, 6, Policies, POLICY_LAND_SURVEYORS, 238.0
50, 6, Policies, POLICY_COLONIZATION, 14.0
50, 6, Policies, POLICY_INSPIRATION, 28.0
50, 6, Policies, POLICY_CHARISMATIC_LEADER, 14.0
50, 6, Policies, POLICY_DIPLOMATIC_LEAGUE, 337.0
50, 6, Policies, POLICY_LITERARY_TRADITION, 31.0
50, 6, Policies, POLICY_RAID, 2125.0
50, 6, Policies, POLICY_BASTIONS, 42.0
50, 6, Policies, POLICY_LIMES, 203.0
50, 6, Policies, POLICY_NATURAL_PHILOSOPHY, 99.0
50, 6, Policies, POLICY_SCRIPTURE, 350.0
50, 6, Policies, POLICY_NAVIGATION, 31.0
50, 6, Policies, POLICY_FEUDAL_CONTRACT, 28.0
50, 6, Policies, POLICY_RETAINERS, 84.0
50, 6, Policies, POLICY_PROFESSIONAL_ARMY, 10.0
50, 6, Policies, POLICY_TRADE_CONFEDERATION, 83.0
50, 6, Policies, POLICY_MERCHANT_CONFEDERATION, 91.0
50, 6, Policies, POLICY_AESTHETICS, 58.0
50, 6, Policies, POLICY_TOWN_CHARTERS, 36.0
50, 6, Policies, POLICY_TRAVELING_MERCHANTS, 43.0
50, 6, Policies, POLICY_COLONIAL_OFFICES, 1301.0
50, 6, Policies, POLICY_INVENTION, 53.0
50, 6, Policies, POLICY_FRESCOES, 31.0
50, 6, Policies, POLICY_RELIGIOUS_ORDERS, 311.0
50, 6, Policies, POLICY_SIMULTANEUM, 500.0
50, 6, Policies, POLICY_LOGISTICS, 308.0
50, 6, Policies, POLICY_TRIANGULAR_TRADE, 132.0
50, 6, Policies, POLICY_RATIONALISM, 132.0
50, 6, Policies, POLICY_FREE_MARKET, 50.0
50, 6, Policies, POLICY_LIBERALISM, 98.0
50, 6, Policies, POLICY_COLONIAL_TAXES, 1242.0
50, 6, Policies, POLICY_GRANDE_ARMEE, 28.0
50, 6, Policies, POLICY_SYMPHONIES, 62.0
50, 6, Policies, POLICY_ECONOMIC_UNION, 29.0
50, 6, Policies, POLICY_PRAETORIUM, 2024.0
50, 6, Policies, POLICY_CIVIL_PRESTIGE, 1063.0
50, 6, Policies, POLICY_EQUESTRIAN_ORDERS, 67.0
50, 6, Policies, POLICY_EMPIRICAL_METHOD, 102.0
50, 7, Completed Civic, CIVIC_THE_ENLIGHTENMENT
50, 7, Slot Policy, POLICY_RAID, 2222
50, 7, Slot Policy, POLICY_RETAINERS, 502
50, 7, Slot Policy, POLICY_CIVIL_PRESTIGE, 1139
50, 7, Slot Policy, POLICY_PRAETORIUM, 1989
50, 7, Slot Policy, POLICY_LIMES, 236
50, 7, Slot Policy, POLICY_LIBERALISM, 530
50, 7, Civic, CIVIC_MYSTICISM, 396.0, 1
50, 7, Civic, CIVIC_THEOLOGY, 7249.4, 2
50, 7, Civic, CIVIC_NAVAL_TRADITION, 144.6, 1
50, 7, Civic, CIVIC_MERCENARIES, 144.6, 1
50, 7, Civic, CIVIC_DIVINE_RIGHT, 2349.0, 3
50, 7, Civic, CIVIC_EXPLORATION, 1896.4, 2
50, 7, Civic, CIVIC_MERCANTILISM, 317.5, 1
50, 7, Civic, CIVIC_COLONIALISM, 1379.6, 4
50, 7, Civic, CIVIC_CIVIL_ENGINEERING, 317.5, 5
50, 7, Civic, CIVIC_NATIONALISM, 0.0, 4
50, 7, Civic, CIVIC_OPERA_BALLET, 558.8, 3
50, 7, Civic, CIVIC_NATURAL_HISTORY, 1651.3, 6
50, 7, Civic, CIVIC_SCORCHED_EARTH, 2091.4, 9
50, 7, Civic, CIVIC_URBANIZATION, 1835.1, 14
50, 7, Policies, POLICY_SURVEY, 84.0
50, 7, Policies, POLICY_GOD_KING, 22.0
50, 7, Policies, POLICY_CARAVANSARIES, 24.0
50, 7, Policies, POLICY_CONSCRIPTION, 228.0
50, 7, Policies, POLICY_LAND_SURVEYORS, 212.0
50, 7, Policies, POLICY_COLONIZATION, 19.0
50, 7, Policies, POLICY_INSPIRATION, 58.0
50, 7, Policies, POLICY_CHARISMATIC_LEADER, 14.0
50, 7, Policies, POLICY_DIPLOMATIC_LEAGUE, 225.0
50, 7, Policies, POLICY_LITERARY_TRADITION, 50.0
50, 7, Policies, POLICY_RAID, 2328.0
50, 7, Policies, POLICY_BASTIONS, 36.0
50, 7, Policies, POLICY_LIMES, 181.0
50, 7, Policies, POLICY_NATURAL_PHILOSOPHY, 136.0
50, 7, Policies, POLICY_SCRIPTURE, 160.0
50, 7, Policies, POLICY_NAVIGATION, 31.0
50, 7, Policies, POLICY_RETAINERS, 42.0
50, 7, Policies, POLICY_PROFESSIONAL_ARMY, 119.0
50, 7, Policies, POLICY_TRADE_CONFEDERATION, 50.0
50, 7, Policies, POLICY_MERCHANT_CONFEDERATION, 49.0
50, 7, Policies, POLICY_AESTHETICS, 57.0
50, 7, Policies, POLICY_TRAVELING_MERCHANTS, 29.0
50, 7, Policies, POLICY_COLONIAL_OFFICES, 1216.0
50, 7, Policies, POLICY_INVENTION, 59.0
50, 7, Policies, POLICY_FRESCOES, 50.0
50, 7, Policies, POLICY_LOGISTICS, 316.0
50, 7, Policies, POLICY_TRIANGULAR_TRADE, 59.0
50, 7, Policies, POLICY_RATIONALISM, 170.0
50, 7, Policies, POLICY_LIBERALISM, 70.0
50, 7, Policies, POLICY_COLONIAL_TAXES, 1314.0
50, 7, Policies, POLICY_SYMPHONIES, 94.0
50, 7, Policies, POLICY_TOTAL_WAR, 2328.0
50, 7, Policies, POLICY_EXPROPRIATION, 231.0
50, 7, Policies, POLICY_MILITARY_RESEARCH, 1184.0
50, 7, Policies, POLICY_PRAETORIUM, 2028.0
50, 7, Policies, POLICY_CIVIL_PRESTIGE, 930.0
50, 7, Policies, POLICY_DRILL_MANUALS, 75.0
50, 7, Policies, POLICY_FORCE_MODERNIZATION, 119.0
50, 8, Completed Civic, CIVIC_MERCANTILISM
50, 8, Slot Policy, POLICY_RAID, 2222
50, 8, Slot Policy, POLICY_LOGISTICS, 575
50, 8, Slot Policy, POLICY_CIVIL_PRESTIGE, 1372
50, 8, Slot Policy, POLICY_PRAETORIUM, 2339
50, 8, Slot Policy, POLICY_SCRIPTURE, 733
50, 8, Civic, CIVIC_NAVAL_TRADITION, 144.6, 1
50, 8, Civic, CIVIC_MERCENARIES, 144.6, 1
50, 8, Civic, CIVIC_DIVINE_RIGHT, 1271.6, 1
50, 8, Civic, CIVIC_EXPLORATION, 1745.3, 3
50, 8, Civic, CIVIC_DIPLOMATIC_SERVICE, 511.1, 2
50, 8, Civic, CIVIC_REFORMED_CHURCH, 2483.6, 3
50, 8, Civic, CIVIC_THE_ENLIGHTENMENT, 717.8, 5
50, 8, Civic, CIVIC_COLONIALISM, 958.9, 4
50, 8, Civic, CIVIC_CIVIL_ENGINEERING, 0.0, 5
50, 8, Civic, CIVIC_NATIONALISM, 717.8, 10
50, 8, Civic, CIVIC_OPERA_BALLET, 860.3, 9
50, 8, Civic, CIVIC_NATURAL_HISTORY, 1194.4, 10
50, 8, Civic, CIVIC_CONSERVATION, 1302.0, 18
50, 8, Policies, POLICY_SURVEY, 21.0
50, 8, Policies, POLICY_URBAN_PLANNING, 147.0
50, 8, Policies, POLICY_CONSCRIPTION, 346.0
50, 8, Policies, POLICY_LAND_SURVEYORS, 16.0
50, 8, Policies, POLICY_COLONIZATION, 18.0
50, 8, Policies, POLICY_INSPIRATION, 29.0
50, 8, Policies, POLICY_CHARISMATIC_LEADER, 14.0
50, 8, Policies, POLICY_DIPLOMATIC_LEAGUE, 225.0
50, 8, Policies, POLICY_LITERARY_TRADITION, 18.0
50, 8, Policies, POLICY_RAID, 2328.0
50, 8, Policies, POLICY_BASTIONS, 30.0
50, 8, Policies, POLICY_LIMES, 720.0
50, 8, Policies, POLICY_NATURAL_PHILOSOPHY, 101.0
50, 8, Policies, POLICY_SCRIPTURE, 703.0
50, 8, Policies, POLICY_NAVIGATION, 15.0
50, 8, Policies, POLICY_FEUDAL_CONTRACT, 22.0
50, 8, Policies, POLICY_RETAINERS, 162.0
50, 8, Policies, POLICY_PROFESSIONAL_ARMY, 66.0
50, 8, Policies, POLICY_TRADE_CONFEDERATION, 57.0
50, 8, Policies, POLICY_MERCHANT_CONFEDERATION, 74.0
50, 8, Policies, POLICY_AESTHETICS, 14.0
50, 8, Policies, POLICY_CRAFTSMEN, 64.0
50, 8, Policies, POLICY_TRAVELING_MERCHANTS, 21.0
50, 8, Policies, POLICY_COLONIAL_OFFICES, 1507.0
50, 8, Policies, POLICY_INVENTION, 84.0
50, 8, Policies, POLICY_FRESCOES, 18.0
50, 8, Policies, POLICY_WARS_OF_RELIGION, 10.0
50, 8, Policies, POLICY_RELIGIOUS_ORDERS, 340.0
50, 8, Policies, POLICY_SIMULTANEUM, 727.0
50, 8, Policies, POLICY_LOGISTICS, 412.0
50, 8, Policies, POLICY_TRIANGULAR_TRADE, 62.0
50, 8, Policies, POLICY_RATIONALISM, 110.0
50, 8, Policies, POLICY_LIBERALISM, 190.0
50, 8, Policies, POLICY_COLONIAL_TAXES, 1553.0
50, 8, Policies, POLICY_GRAND_OPERA, 59.0
50, 8, Policies, POLICY_SYMPHONIES, 31.0
50, 8, Policies, POLICY_PRAETORIUM, 2607.0
50, 8, Policies, POLICY_CIVIL_PRESTIGE, 650.0
50, 8, Policies, POLICY_MONASTICISM, 2222.0
50, 8, Policies, POLICY_TWILIGHT_VALOR, 590.0
50, 8, Policies, POLICY_ISOLATIONISM, 336.0
50, 8, Policies, POLICY_DRILL_MANUALS, 20.0
50, 9, Completed Civic, CIVIC_THEOLOGY
50, 9, Slot Policy, POLICY_RAID, 2482
50, 9, Slot Policy, POLICY_CONSCRIPTION, 279
50, 9, Slot Policy, POLICY_CIVIL_PRESTIGE, 1002
50, 9, Slot Policy, POLICY_PRAETORIUM, 2079
50, 9, Slot Policy, POLICY_URBAN_PLANNING, 126
50, 9, Civic, CIVIC_NAVAL_TRADITION, 144.6, 1
50, 9, Civic, CIVIC_MERCENARIES, 144.6, 1
50, 9, Civic, CIVIC_DIVINE_RIGHT, 1366.8, 1
50, 9, Civic, CIVIC_EXPLORATION, 1999.2, 2
50, 9, Civic, CIVIC_HUMANISM, 160.8, 1
50, 9, Civic, CIVIC_DIPLOMATIC_SERVICE, 532.6, 1
50, 9, Civic, CIVIC_REFORMED_CHURCH, 2667.6, 2
50, 9, Civic, CIVIC_MERCANTILISM, 603.5, 3
50, 9, Civic, CIVIC_THE_ENLIGHTENMENT, 891.3, 4
50, 9, Civic, CIVIC_COLONIALISM, 1869.1, 8
50, 9, Civic, CIVIC_CIVIL_ENGINEERING, 691118.8, 10
50, 9, Civic, CIVIC_NATIONALISM, 665750.6, 11
50, 9, Civic, CIVIC_OPERA_BALLET, 1030.4, 9
50, 9, Policies, POLICY_SURVEY, 14.0
50, 9, Policies, POLICY_URBAN_PLANNING, 126.0
50, 9, Policies, POLICY_CARAVANSARIES, 27.0
50, 9, Policies, POLICY_CONSCRIPTION, 279.0
50, 9, Policies, POLICY_LAND_SURVEYORS, 54.0
50, 9, Policies, POLICY_COLONIZATION, 22.0
50, 9, Policies, POLICY_INSPIRATION, 34.0
50, 9, Policies, POLICY_CHARISMATIC_LEADER, 14.0
50, 9, Policies, POLICY_DIPLOMATIC_LEAGUE, 200.0
50, 9, Policies, POLICY_LITERARY_TRADITION, 18.0
50, 9, Policies, POLICY_RAID, 2571.0
50, 9, Policies, POLICY_BASTIONS, 36.0
50, 9, Policies, POLICY_LIMES, 464.0
50, 9, Policies, POLICY_NATURAL_PHILOSOPHY, 108.0
50, 9, Policies, POLICY_SCRIPTURE, 116.0
50, 9, Policies, POLICY_NAVIGATION, 15.0
50, 9, Policies, POLICY_FEUDAL_CONTRACT, 15.0
50, 9, Policies, POLICY_RETAINERS, 398.0
50, 9, Policies, POLICY_PROFESSIONAL_ARMY, 77.0
50, 9, Policies, POLICY_TRADE_CONFEDERATION, 41.0
50, 9, Policies, POLICY_MERCHANT_CONFEDERATION, 41.0
50, 9, Policies, POLICY_AESTHETICS, 14.0
50, 9, Policies, POLICY_CRAFTSMEN, 71.0
50, 9, Policies, POLICY_TRAVELING_MERCHANTS, 21.0
50, 9, Policies, POLICY_COLONIAL_OFFICES, 1216.0
50, 9, Policies, POLICY_INVENTION, 84.0
50, 9, Policies, POLICY_FRESCOES, 18.0
50, 9, Policies, POLICY_WARS_OF_RELIGION, 10.0
50, 9, Policies, POLICY_RELIGIOUS_ORDERS, 340.0
50, 9, Policies, POLICY_SIMULTANEUM, 58.0
50, 9, Policies, POLICY_LOGISTICS, 466.0
50, 9, Policies, POLICY_TRIANGULAR_TRADE, 61.0
50, 9, Policies, POLICY_LIBERALISM, 484.0
50, 9, Policies, POLICY_COLONIAL_TAXES, 1312.0
50, 9, Policies, POLICY_GRANDE_ARMEE, 15.0
50, 9, Policies, POLICY_SYMPHONIES, 31.0
50, 9, Policies, POLICY_PRAETORIUM, 2152.0
50, 9, Policies, POLICY_CIVIL_PRESTIGE, 1049.0
50, 9, Policies, POLICY_DRILL_MANUALS, 35.0
50, 9, Policies, POLICY_EMPIRICAL_METHOD, 87.0
50, 9, Policies, POLICY_MASTER_ARTISANS, 58.0
50, 10, Civic, CIVIC_MILITARY_TRAINING, 164.7, 1
50, 10, Civic, CIVIC_NAVAL_TRADITION, 66.4, 21
50, 10, Civic, CIVIC_MERCENARIES, 215.8, 33
50, 10, Civic, CIVIC_MEDIEVAL_FAIRES, 140.7, 1
50, 10, Civic, CIVIC_GUILDS, 140.7, 1
50, 10, Civic, CIVIC_DIVINE_RIGHT, 239.5, 27
50, 10, Civic, CIVIC_EXPLORATION, 356.5, 83
50, 10, Civic, CIVIC_HUMANISM, 281.3, 69
50, 10, Civic, CIVIC_DIPLOMATIC_SERVICE, 140.7, 68
50, 10, Civic, CIVIC_REFORMED_CHURCH, 380.2, 77
50, 10, Civic, CIVIC_MERCANTILISM, 281.3, 149
50, 10, Civic, CIVIC_THE_ENLIGHTENMENT, 281.3, 216
50, 10, Policies, POLICY_URBAN_PLANNING, 14.0
50, 10, Policies, POLICY_CARAVANSARIES, 14.0
50, 10, Policies, POLICY_CONSCRIPTION, 51.0
50, 10, Policies, POLICY_CHARISMATIC_LEADER, 14.0
50, 10, Policies, POLICY_BASTIONS, 6.0
50, 10, Policies, POLICY_LIMES, 21.0
50, 10, Policies, POLICY_RETAINERS, 79.0
50, 10, Policies, POLICY_TRADE_CONFEDERATION, 28.0
50, 10, Policies, POLICY_PRAETORIUM, 23.0
50, 10, Policies, POLICY_CIVIL_PRESTIGE, 174.0
50, 10, Policies, POLICY_SOVEREIGN_STATE, 80.0
50, 12, Civic, CIVIC_MILITARY_TRAINING, 200.7, 1
50, 12, Civic, CIVIC_NAVAL_TRADITION, 66.4, 21
50, 12, Civic, CIVIC_MERCENARIES, 253.1, 32
50, 12, Civic, CIVIC_MEDIEVAL_FAIRES, 140.7, 1
50, 12, Civic, CIVIC_GUILDS, 140.7, 1
50, 12, Civic, CIVIC_DIVINE_RIGHT, 195.2, 25
50, 12, Civic, CIVIC_EXPLORATION, 393.8, 82
50, 12, Civic, CIVIC_HUMANISM, 281.3, 68
50, 12, Civic, CIVIC_DIPLOMATIC_SERVICE, 140.7, 67
50, 12, Civic, CIVIC_REFORMED_CHURCH, 335.9, 75
50, 12, Civic, CIVIC_MERCANTILISM, 281.3, 147
50, 12, Civic, CIVIC_THE_ENLIGHTENMENT, 281.3, 213
50, 12, Policies, POLICY_URBAN_PLANNING, 14.0
50, 12, Policies, POLICY_CARAVANSARIES, 14.0
50, 12, Policies, POLICY_CONSCRIPTION, 36.0
50, 12, Policies, POLICY_INSULAE, 42.0
50, 12, Policies, POLICY_CHARISMATIC_LEADER, 14.0
50, 12, Policies, POLICY_BASTIONS, 6.0
50, 12, Policies, POLICY_LIMES, 45.0
50, 12, Policies, POLICY_NATURAL_PHILOSOPHY, 28.0
50, 12, Policies, POLICY_FEUDAL_CONTRACT, 1.0
50, 12, Policies, POLICY_TRADE_CONFEDERATION, 28.0
50, 12, Policies, POLICY_PRAETORIUM, 29.0
50, 12, Policies, POLICY_CIVIL_PRESTIGE, 133.0
50, 12, Policies, POLICY_EQUESTRIAN_ORDERS, 56.0
50, 12, Policies, POLICY_SOVEREIGN_STATE, 80.0
50, 13, Civic, CIVIC_MILITARY_TRAINING, 164.7, 1
50, 13, Civic, CIVIC_NAVAL_TRADITION, 71.4, 22
50, 13, Civic, CIVIC_MERCENARIES, 213.4, 35
50, 13, Civic, CIVIC_MEDIEVAL_FAIRES, 140.7, 1
50, 13, Civic, CIVIC_GUILDS, 140.7, 1
50, 13, Civic, CIVIC_DIVINE_RIGHT, 206.6, 29
50, 13, Civic, CIVIC_EXPLORATION, 354.1, 88
50, 13, Civic, CIVIC_HUMANISM, 281.3, 73
50, 13, Civic, CIVIC_DIPLOMATIC_SERVICE, 140.7, 72
50, 13, Civic, CIVIC_REFORMED_CHURCH, 347.3, 82
50, 13, Civic, CIVIC_MERCANTILISM, 281.3, 158
50, 13, Civic, CIVIC_THE_ENLIGHTENMENT, 281.3, 229
50, 13, Policies, POLICY_URBAN_PLANNING, 14.0
50, 13, Policies, POLICY_CARAVANSARIES, 14.0
50, 13, Policies, POLICY_CONSCRIPTION, 29.0
50, 13, Policies, POLICY_INSULAE, 70.0
50, 13, Policies, POLICY_CHARISMATIC_LEADER, 14.0
50, 13, Policies, POLICY_BASTIONS, 6.0
50, 13, Policies, POLICY_LIMES, 44.0
50, 13, Policies, POLICY_NAVAL_INFRASTRUCTURE, 28.0
50, 13, Policies, POLICY_RETAINERS, 85.0
50, 13, Policies, POLICY_TRADE_CONFEDERATION, 28.0
50, 13, Policies, POLICY_PRAETORIUM, 20.0
50, 13, Policies, POLICY_CIVIL_PRESTIGE, 155.0
50, 13, Policies, POLICY_SOVEREIGN_STATE, 80.0
50, 14, Civic, CIVIC_MILITARY_TRAINING, 164.7, 1
50, 14, Civic, CIVIC_NAVAL_TRADITION, 74.4, 21
50, 14, Civic, CIVIC_MERCENARIES, 245.8, 33
50, 14, Civic, CIVIC_MEDIEVAL_FAIRES, 140.7, 1
50, 14, Civic, CIVIC_GUILDS, 141.7, 1
50, 14, Civic, CIVIC_DIVINE_RIGHT, 173.7, 28
50, 14, Civic, CIVIC_EXPLORATION, 386.5, 83
50, 14, Civic, CIVIC_HUMANISM, 282.3, 69
50, 14, Civic, CIVIC_DIPLOMATIC_SERVICE, 141.7, 68
50, 14, Civic, CIVIC_REFORMED_CHURCH, 315.4, 78
50, 14, Civic, CIVIC_MERCANTILISM, 282.3, 149
50, 14, Civic, CIVIC_THE_ENLIGHTENMENT, 282.3, 216
50, 14, Policies, POLICY_URBAN_PLANNING, 14.0
50, 14, Policies, POLICY_CARAVANSARIES, 29.0
50, 14, Policies, POLICY_CONSCRIPTION, 7.0
50, 14, Policies, POLICY_INSULAE, 34.0
50, 14, Policies, POLICY_CHARISMATIC_LEADER, 14.0
50, 14, Policies, POLICY_BASTIONS, 6.0
50, 14, Policies, POLICY_LIMES, 12.0
50, 14, Policies, POLICY_NAVAL_INFRASTRUCTURE, 28.0
50, 14, Policies, POLICY_FEUDAL_CONTRACT, 2.0
50, 14, Policies, POLICY_RETAINERS, 14.0
50, 14, Policies, POLICY_TRADE_CONFEDERATION, 58.0
50, 14, Policies, POLICY_TOWN_CHARTERS, 14.0
50, 14, Policies, POLICY_PRAETORIUM, 26.0
50, 14, Policies, POLICY_CIVIL_PRESTIGE, 48.0
50, 14, Policies, POLICY_SOVEREIGN_STATE, 80.0
50, 15, Civic, CIVIC_MILITARY_TRAINING, 164.7, 1
50, 15, Civic, CIVIC_NAVAL_TRADITION, 71.1, 20
50, 15, Civic, CIVIC_MERCENARIES, 218.3, 31
50, 15, Civic, CIVIC_MEDIEVAL_FAIRES, 140.7, 1
50, 15, Civic, CIVIC_GUILDS, 140.7, 1
50, 15, Civic, CIVIC_DIVINE_RIGHT, 196.0, 26
50, 15, Civic, CIVIC_EXPLORATION, 358.9, 79
50, 15, Civic, CIVIC_HUMANISM, 281.3, 66
50, 15, Civic, CIVIC_DIPLOMATIC_SERVICE, 140.7, 65
50, 15, Civic, CIVIC_REFORMED_CHURCH, 336.6, 74
50, 15, Civic, CIVIC_MERCANTILISM, 281.3, 142
50, 15, Civic, CIVIC_THE_ENLIGHTENMENT, 281.3, 206
50, 15, Policies, POLICY_URBAN_PLANNING, 14.0
50, 15, Policies, POLICY_CARAVANSARIES, 14.0
50, 15, Policies, POLICY_CONSCRIPTION, 51.0
50, 15, Policies, POLICY_CHARISMATIC_LEADER, 14.0
50, 15, Policies, POLICY_BASTIONS, 6.0
50, 15, Policies, POLICY_RETAINERS, 14.0
50, 15, Policies, POLICY_TRADE_CONFEDERATION, 28.0
50, 15, Policies, POLICY_PRAETORIUM, 29.0
50, 15, Policies, POLICY_CIVIL_PRESTIGE, 66.0
50, 15, Policies, POLICY_EQUESTRIAN_ORDERS, 18.0
50, 15, Policies, POLICY_SOVEREIGN_STATE, 80.0
50, 17, Civic, CIVIC_NAVAL_TRADITION, 88.2, 14
50, 17, Civic, CIVIC_MERCENARIES, 60.7, 27
50, 17, Civic, CIVIC_MEDIEVAL_FAIRES, 140.7, 1
50, 17, Civic, CIVIC_DIVINE_RIGHT, 146.7, 27
50, 17, Civic, CIVIC_EXPLORATION, 201.4, 74
50, 17, Civic, CIVIC_HUMANISM, 140.7, 67
50, 17, Civic, CIVIC_DIPLOMATIC_SERVICE, 0.0, 66
50, 17, Civic, CIVIC_REFORMED_CHURCH, 146.7, 73
50, 17, Civic, CIVIC_MERCANTILISM, 140.7, 147
50, 17, Civic, CIVIC_THE_ENLIGHTENMENT, 140.7, 213
50, 17, Policies, POLICY_URBAN_PLANNING, 14.0
50, 17, Policies, POLICY_CARAVANSARIES, 14.0
50, 17, Policies, POLICY_CONSCRIPTION, 51.0
50, 17, Policies, POLICY_CHARISMATIC_LEADER, 14.0
50, 17, Policies, POLICY_RAID, 10.0
50, 17, Policies, POLICY_BASTIONS, 6.0
50, 17, Policies, POLICY_LIMES, 13.0
50, 17, Policies, POLICY_FEUDAL_CONTRACT, 2.0
50, 17, Policies, POLICY_TRADE_CONFEDERATION, 28.0
50, 17, Policies, POLICY_CHIVALRY, 1.0
50, 17, Policies, POLICY_PRAETORIUM, 32.0
50, 17, Policies, POLICY_CIVIL_PRESTIGE, 90.0
50, 17, Policies, POLICY_EQUESTRIAN_ORDERS, 56.0
50, 17, Policies, POLICY_SOVEREIGN_STATE, 80.0
50, 20, Civic, CIVIC_MILITARY_TRAINING, 164.7, 1
50, 20, Civic, CIVIC_NAVAL_TRADITION, 74.3, 19
50, 20, Civic, CIVIC_MERCENARIES, 219.1, 30
50, 20, Civic, CIVIC_MEDIEVAL_FAIRES, 140.7, 1
50, 20, Civic, CIVIC_GUILDS, 140.7, 1
50, 20, Civic, CIVIC_DIVINE_RIGHT, 193.2, 22
50, 20, Civic, CIVIC_EXPLORATION, 359.8, 75
50, 20, Civic, CIVIC_HUMANISM, 281.3, 62
50, 20, Civic, CIVIC_DIPLOMATIC_SERVICE, 140.7, 61
50, 20, Civic, CIVIC_REFORMED_CHURCH, 333.8, 67
50, 20, Civic, CIVIC_MERCANTILISM, 281.3, 134
50, 20, Civic, CIVIC_THE_ENLIGHTENMENT, 281.3, 194
50, 20, Policies, POLICY_URBAN_PLANNING, 14.0
50, 20, Policies, POLICY_CARAVANSARIES, 14.0
50, 20, Policies, POLICY_CONSCRIPTION, 44.0
50, 20, Policies, POLICY_CHARISMATIC_LEADER, 14.0
50, 20, Policies, POLICY_BASTIONS, 6.0
50, 20, Policies, POLICY_LIMES, 49.0
50, 20, Policies, POLICY_RETAINERS, 79.0
50, 20, Policies, POLICY_TRADE_CONFEDERATION, 28.0
50, 20, Policies, POLICY_PRAETORIUM, 20.0
50, 20, Policies, POLICY_CIVIL_PRESTIGE, 118.0
50, 20, Policies, POLICY_SOVEREIGN_STATE, 80.0
50, 21, Civic, CIVIC_MILITARY_TRAINING, 192.7, 1
50, 21, Civic, CIVIC_NAVAL_TRADITION, 62.0, 23
50, 21, Civic, CIVIC_MERCENARIES, 271.7, 20
50, 21, Civic, CIVIC_MEDIEVAL_FAIRES, 140.7, 1
50, 21, Civic, CIVIC_GUILDS, 140.7, 1
50, 21, Civic, CIVIC_DIVINE_RIGHT, 219.3, 26
50, 21, Civic, CIVIC_EXPLORATION, 412.4, 76
50, 21, Civic, CIVIC_HUMANISM, 281.3, 77
50, 21, Civic, CIVIC_DIPLOMATIC_SERVICE, 140.7, 76
50, 21, Civic, CIVIC_REFORMED_CHURCH, 360.0, 82
50, 21, Civic, CIVIC_MERCANTILISM, 281.3, 166
50, 21, Civic, CIVIC_THE_ENLIGHTENMENT, 281.3, 241
50, 21, Policies, POLICY_URBAN_PLANNING, 14.0
50, 21, Policies, POLICY_CARAVANSARIES, 14.0
50, 21, Policies, POLICY_CONSCRIPTION, 66.0
50, 21, Policies, POLICY_CHARISMATIC_LEADER, 14.0
50, 21, Policies, POLICY_BASTIONS, 6.0
50, 21, Policies, POLICY_LIMES, 63.0
50, 21, Policies, POLICY_TRADE_CONFEDERATION, 28.0
50, 21, Policies, POLICY_PRAETORIUM, 29.0
50, 21, Policies, POLICY_CIVIL_PRESTIGE, 150.0
50, 21, Policies, POLICY_EQUESTRIAN_ORDERS, 48.0
50, 21, Policies, POLICY_SOVEREIGN_STATE, 80.0
50, 62, Civic, CIVIC_MILITARY_TRADITION, 96.1, 20
50, 62, Civic, CIVIC_STATE_WORKFORCE, 79.3, 28
50, 62, Civic, CIVIC_MYSTICISM, 130.4, 20
50, 62, Civic, CIVIC_GAMES_RECREATION, 79.3, 72
50, 62, Civic, CIVIC_POLITICAL_PHILOSOPHY, 79.3, 72
50, 62, Civic, CIVIC_DRAMA_POETRY, 26.3, 44
50, 62, Civic, CIVIC_MILITARY_TRAINING, 175.4, 140
50, 62, Civic, CIVIC_DEFENSIVE_TACTICS, 79.3, 186
50, 62, Civic, CIVIC_RECORDED_HISTORY, 105.6, 186
50, 62, Civic, CIVIC_THEOLOGY, 156.7, 112
50, 62, Policies, POLICY_CARAVANSARIES, 14.0
50, 0, Civic, CIVIC_NAVAL_TRADITION, 164.6, 1
50, 0, Civic, CIVIC_MERCENARIES, 299.6, 1
50, 0, Civic, CIVIC_DIVINE_RIGHT, 700.0, 1
50, 0, Civic, CIVIC_EXPLORATION, 1443.2, 2
50, 0, Civic, CIVIC_HUMANISM, 177.8, 1
50, 0, Civic, CIVIC_DIPLOMATIC_SERVICE, 532.6, 1
50, 0, Civic, CIVIC_REFORMED_CHURCH, 1236.4, 3
50, 0, Civic, CIVIC_MERCANTILISM, 510.5, 3
50, 0, Civic, CIVIC_THE_ENLIGHTENMENT, 1013.3, 4
50, 0, Civic, CIVIC_COLONIALISM, 1401.5, 7
50, 0, Civic, CIVIC_CIVIL_ENGINEERING, 69757.6, 9
50, 0, Civic, CIVIC_NATIONALISM, 68523.7, 10
50, 0, Civic, CIVIC_OPERA_BALLET, 1167.0, 8
50, 0, Policies, POLICY_SURVEY, 15.0
50, 0, Policies, POLICY_URBAN_PLANNING, 168.0
50, 0, Policies, POLICY_CARAVANSARIES, 113.0
50, 0, Policies, POLICY_CONSCRIPTION, 51.0
50, 0, Policies, POLICY_LAND_SURVEYORS, 240.0
50, 0, Policies, POLICY_COLONIZATION, 107.0
50, 0, Policies, POLICY_INSPIRATION, 25.0
50, 0, Policies, POLICY_CHARISMATIC_LEADER, 14.0
50, 0, Policies, POLICY_DIPLOMATIC_LEAGUE, 200.0
50, 0, Policies, POLICY_LITERARY_TRADITION, 15.0
50, 0, Policies, POLICY_RAID, 2290.0
50, 0, Policies, POLICY_LIMES, 873.0
50, 0, Policies, POLICY_NATURAL_PHILOSOPHY, 212.0
50, 0, Policies, POLICY_NAVAL_INFRASTRUCTURE, 40.0
50, 0, Policies, POLICY_NAVIGATION, 15.0
50, 0, Policies, POLICY_FEUDAL_CONTRACT, 29.0
50, 0, Policies, POLICY_RETAINERS, 28.0
50, 0, Policies, POLICY_PROFESSIONAL_ARMY, 63.0
50, 0, Policies, POLICY_TRADE_CONFEDERATION, 218.0
50, 0, Policies, POLICY_MERCHANT_CONFEDERATION, 79.0
50, 0, Policies, POLICY_TOWN_CHARTERS, 196.0
50, 0, Policies, POLICY_TRAVELING_MERCHANTS, 28.0
50, 0, Policies, POLICY_CHIVALRY, 21.0
50, 0, Policies, POLICY_COLONIAL_OFFICES, 573.0
50, 0, Policies, POLICY_INVENTION, 37.0
50, 0, Policies, POLICY_FRESCOES, 15.0
50, 0, Policies, POLICY_RELIGIOUS_ORDERS, 60.0
50, 0, Policies, POLICY_LOGISTICS, 59.0
50, 0, Policies, POLICY_TRIANGULAR_TRADE, 278.0
50, 0, Policies, POLICY_RATIONALISM, 228.0
50, 0, Policies, POLICY_FREE_MARKET, 188.0
50, 0, Policies, POLICY_LIBERALISM, 369.0
50, 0, Policies, POLICY_COLONIAL_TAXES, 791.0
50, 0, Policies, POLICY_PUBLIC_WORKS, 21.0
50, 0, Policies, POLICY_GRANDE_ARMEE, 29.0
50, 0, Policies, POLICY_SYMPHONIES, 31.0
50, 0, Policies, POLICY_ECONOMIC_UNION, 210.0
50, 0, Policies, POLICY_PRAETORIUM, 799.0
50, 0, Policies, POLICY_CIVIL_PRESTIGE, 931.0
50, 0, Policies, POLICY_DRILL_MANUALS, 11.0
50, 0, Policies, POLICY_HARD_SHELL_EXPLOSIVES, 14.0
50, 0, Policies, POLICY_EMPIRICAL_METHOD, 233.0
50, 1, Civic, CIVIC_THEOLOGY, 174.7, 1
50, 1, Civic, CIVIC_NAVAL_TRADITION, 201.6, 1
50, 1, Civic, CIVIC_DIVINE_RIGHT, 895.6, 2
50, 1, Civic, CIVIC_HUMANISM, 252.8, 1
50, 1, Civic, CIVIC_REFORMED_CHURCH, 1400.2, 3
50, 1, Civic, CIVIC_MERCANTILISM, 783.5, 2
50, 1, Civic, CIVIC_THE_ENLIGHTENMENT, 797.2, 2
50, 1, Civic, CIVIC_COLONIALISM, 1868.0, 3
50, 1, Civic, CIVIC_CIVIL_ENGINEERING, 73588.3, 3
50, 1, Civic, CIVIC_NATIONALISM, 71866.9, 4
50, 1, Civic, CIVIC_OPERA_BALLET, 999.0, 3
50, 1, Policies, POLICY_SURVEY, 7.0
50, 1, Policies, POLICY_GOD_KING, 24.0
50, 1, Policies, POLICY_URBAN_PLANNING, 198.0
50, 1, Policies, POLICY_CARAVANSARIES, 159.0
50, 1, Policies, POLICY_CONSCRIPTION, 14.0
50, 1, Policies, POLICY_LAND_SURVEYORS, 310.0
50, 1, Policies, POLICY_COLONIZATION, 145.0
50, 1, Policies, POLICY_INSPIRATION, 32.0
50, 1, Policies, POLICY_CHARISMATIC_LEADER, 14.0
50, 1, Policies, POLICY_DIPLOMATIC_LEAGUE, 200.0
50, 1, Policies, POLICY_LITERARY_TRADITION, 34.0
50, 1, Policies, POLICY_RAID, 2290.0
50, 1, Policies, POLICY_LIMES, 574.0
50, 1, Policies, POLICY_NATURAL_PHILOSOPHY, 281.0
50, 1, Policies, POLICY_NAVAL_INFRASTRUCTURE, 77.0
50, 1, Policies, POLICY_NAVIGATION, 47.0
50, 1, Policies, POLICY_RETAINERS, 56.0
50, 1, Policies, POLICY_TRADE_CONFEDERATION, 407.0
50, 1, Policies, POLICY_MERCHANT_CONFEDERATION, 216.0
50, 1, Policies, POLICY_AESTHETICS, 102.0
50, 1, Policies, POLICY_CRAFTSMEN, 102.0
50, 1, Policies, POLICY_TOWN_CHARTERS, 248.0
50, 1, Policies, POLICY_TRAVELING_MERCHANTS, 37.0
50, 1, Policies, POLICY_PRESS_GANGS, 83.0
50, 1, Policies, POLICY_COLONIAL_OFFICES, 802.0
50, 1, Policies, POLICY_INVENTION, 112.0
50, 1, Policies, POLICY_FRESCOES, 34.0
50, 1, Policies, POLICY_MACHIAVELLIANISM, 127.0
50, 1, Policies, POLICY_RELIGIOUS_ORDERS, 3.0
50, 1, Policies, POLICY_LOGISTICS, 10.0
50, 1, Policies, POLICY_TRIANGULAR_TRADE, 415.0
50, 1, Policies, POLICY_RATIONALISM, 607.0
50, 1, Policies, POLICY_FREE_MARKET, 150.0
50, 1, Policies, POLICY_LIBERALISM, 84.0
50, 1, Policies, POLICY_COLONIAL_TAXES, 1049.0
50, 1, Policies, POLICY_PUBLIC_WORKS, 20.0
50, 1, Policies, POLICY_NATIONAL_IDENTITY, 1.0
50, 1, Policies, POLICY_GRAND_OPERA, 88.0
50, 1, Policies, POLICY_SYMPHONIES, 62.0
50, 1, Policies, POLICY_ECONOMIC_UNION, 388.0
50, 1, Policies, POLICY_PRAETORIUM, 1144.0
50, 1, Policies, POLICY_CIVIL_PRESTIGE, 866.0
50, 1, Policies, POLICY_EQUESTRIAN_ORDERS, 90.0
50, 1, Policies, POLICY_EMPIRICAL_METHOD, 234.0
50, 1, Policies, POLICY_MASTER_ARTISANS, 117.0
50, 2, Civic, CIVIC_NAVAL_TRADITION, 167.6, 1
50, 2, Civic, CIVIC_EXPLORATION, 1001.0, 1
50, 2, Civic, CIVIC_HUMANISM, 166.0, 2
50, 2, Civic, CIVIC_DIPLOMATIC_SERVICE, 511.1, 2
50, 2, Civic, CIVIC_REFORMED_CHURCH, 1184.1, 1
50, 2, Civic, CIVIC_MERCANTILISM, 457.7, 6
50, 2, Civic, CIVIC_THE_ENLIGHTENMENT, 867.7, 8
50, 2, Civic, CIVIC_COLONIALISM, 1232.9, 11
50, 2, Civic, CIVIC_CIVIL_ENGINEERING, 63718.0, 12
50, 2, Civic, CIVIC_NATIONALISM, 60675.4, 14
50, 2, Civic, CIVIC_OPERA_BALLET, 1012.1, 13
50, 2, Policies, POLICY_SURVEY, 37.0
50, 2, Policies, POLICY_URBAN_PLANNING, 126.0
50, 2, Policies, POLICY_CARAVANSARIES, 61.0
50, 2, Policies, POLICY_CONSCRIPTION, 44.0
50, 2, Policies, POLICY_LAND_SURVEYORS, 297.5
50, 2, Policies, POLICY_COLONIZATION, 89.0
50, 2, Policies, POLICY_INSPIRATION, 15.0
50, 2, Policies, POLICY_CHARISMATIC_LEADER, 14.0
50, 2, Policies, POLICY_DIPLOMATIC_LEAGUE, 300.0
50, 2, Policies, POLICY_LITERARY_TRADITION, 15.0
50, 2, Policies, POLICY_RAID, 2070.0
50, 2, Policies, POLICY_LIMES, 706.0
50, 2, Policies, POLICY_NATURAL_PHILOSOPHY, 102.0
50, 2, Policies, POLICY_SCRIPTURE, 231.0
50, 2, Policies, POLICY_NAVAL_INFRASTRUCTURE, 31.0
50, 2, Policies, POLICY_NAVIGATION, 31.0
50, 2, Policies, POLICY_FEUDAL_CONTRACT, 26.0
50, 2, Policies, POLICY_RETAINERS, 42.0
50, 2, Policies, POLICY_PROFESSIONAL_ARMY, 96.0
50, 2, Policies, POLICY_TRADE_CONFEDERATION, 114.0
50, 2, Policies, POLICY_MERCHANT_CONFEDERATION, 102.0
50, 2, Policies, POLICY_TOWN_CHARTERS, 83.0
50, 2, Policies, POLICY_TRAVELING_MERCHANTS, 18.0
50, 2, Policies, POLICY_CHIVALRY, 40.0
50, 2, Policies, POLICY_COLONIAL_OFFICES, 464.0
50, 2, Policies, POLICY_INVENTION, 31.0
50, 2, Policies, POLICY_FRESCOES, 15.0
50, 2, Policies, POLICY_WARS_OF_RELIGION, 10.0
50, 2, Policies, POLICY_RELIGIOUS_ORDERS, 60.0
50, 2, Policies, POLICY_SIMULTANEUM, 586.0
50, 2, Policies, POLICY_LOGISTICS, 41.0
50, 2, Policies, POLICY_TRIANGULAR_TRADE, 198.0
50, 2, Policies, POLICY_RATIONALISM, 120.0
50, 2, Policies, POLICY_FREE_MARKET, 85.0
50, 2, Policies, POLICY_LIBERALISM, 70.0
50, 2, Policies, POLICY_COLONIAL_TAXES, 767.0
50, 2, Policies, POLICY_PUBLIC_WORKS, 22.0
50, 2, Policies, POLICY_GRANDE_ARMEE, 26.0
50, 2, Policies, POLICY_NATIONAL_IDENTITY, 5.0
50, 2, Policies, POLICY_SYMPHONIES, 31.0
50, 2, Policies, POLICY_ECONOMIC_UNION, 109.0
50, 2, Policies, POLICY_PRAETORIUM, 581.0
50, 2, Policies, POLICY_CIVIL_PRESTIGE, 539.0
50, 2, Policies, POLICY_EQUESTRIAN_ORDERS, 63.0
50, 2, Policies, POLICY_DRILL_MANUALS, 71.0
50, 2, Policies, POLICY_HARD_SHELL_EXPLOSIVES, 13.0
50, 2, Policies, POLICY_EMPIRICAL_METHOD, 116.0
50, 3, Civic, CIVIC_NAVAL_TRADITION, 144.6, 1
50, 3, Civic, CIVIC_DIVINE_RIGHT, 931.0, 1
50, 3, Civic, CIVIC_HUMANISM, 155.0, 2
50, 3, Civic, CIVIC_DIPLOMATIC_SERVICE, 511.1, 2
50, 3, Civic, CIVIC_REFORMED_CHURCH, 4398.0, 3
50, 3, Civic, CIVIC_MERCANTILISM, 648.2, 5
50, 3, Civic, CIVIC_THE_ENLIGHTENMENT, 926.1, 7
50, 3, Civic, CIVIC_COLONIALISM, 1509.5, 10
50, 3, Civic, CIVIC_CIVIL_ENGINEERING, 1867596.8, 11
50, 3, Civic, CIVIC_NATIONALISM, 1753796.6, 13
50, 3, Civic, CIVIC_OPERA_BALLET, 1051.4, 12
50, 3, Policies, POLICY_SURVEY, 37.0
50, 3, Policies, POLICY_URBAN_PLANNING, 198.0
50, 3, Policies, POLICY_CARAVANSARIES, 244.0
50, 3, Policies, POLICY_LAND_SURVEYORS, 367.0
50, 3, Policies, POLICY_COLONIZATION, 253.0
50, 3, Policies, POLICY_INSPIRATION, 15.0
50, 3, Policies, POLICY_CHARISMATIC_LEADER, 14.0
50, 3, Policies, POLICY_DIPLOMATIC_LEAGUE, 200.0
50, 3, Policies, POLICY_LITERARY_TRADITION, 15.0
50, 3, Policies, POLICY_RAID, 2734.0
50, 3, Policies, POLICY_LIMES, 1637.0
50, 3, Policies, POLICY_NATURAL_PHILOSOPHY, 37.0
50, 3, Policies, POLICY_SCRIPTURE, 1792.0
50, 3, Policies, POLICY_NAVIGATION, 15.0
50, 3, Policies, POLICY_RETAINERS, 14.0
50, 3, Policies, POLICY_TRADE_CONFEDERATION, 355.0
50, 3, Policies, POLICY_MERCHANT_CONFEDERATION, 149.0
50, 3, Policies, POLICY_TOWN_CHARTERS, 162.0
50, 3, Policies, POLICY_TRAVELING_MERCHANTS, 21.0
50, 3, Policies, POLICY_PRESS_GANGS, 69.0
50, 3, Policies, POLICY_COLONIAL_OFFICES, 485.0
50, 3, Policies, POLICY_INVENTION, 31.0
50, 3, Policies, POLICY_FRESCOES, 15.0
50, 3, Policies, POLICY_SIMULTANEUM, 2767.0
50, 3, Policies, POLICY_LOGISTICS, 1.0
50, 3, Policies, POLICY_TRIANGULAR_TRADE, 714.0
50, 3, Policies, POLICY_FREE_MARKET, 360.0
50, 3, Policies, POLICY_LIBERALISM, 393.0
50, 3, Policies, POLICY_COLONIAL_TAXES, 1024.0
50, 3, Policies, POLICY_PUBLIC_WORKS, 43.0
50, 3, Policies, POLICY_NATIONAL_IDENTITY, 1.0
50, 3, Policies, POLICY_SYMPHONIES, 31.0
50, 3, Policies, POLICY_PRAETORIUM, 579.0
50, 3, Policies, POLICY_CIVIL_PRESTIGE, 1159.0
50, 3, Policies, POLICY_EQUESTRIAN_ORDERS, 113.0
50, 3, Policies, POLICY_EMPIRICAL_METHOD, 29.0
50, 4, Civic, CIVIC_NAVAL_TRADITION, 156.6, 1
50, 4, Civic, CIVIC_EXPLORATION, 1412.9, 1
50, 4, Civic, CIVIC_REFORMED_CHURCH, 671.1, 1
50, 4, Civic, CIVIC_MERCANTILISM, 415.8, 2
50, 4, Civic, CIVIC_COLONIALISM, 1675.7, 4
50, 4, Civic, CIVIC_CIVIL_ENGINEERING, 415.8, 3
50, 4, Civic, CIVIC_NATIONALISM, 0.0, 1
50, 4, Civic, CIVIC_OPERA_BALLET, 299.8, 2
50, 4, Civic, CIVIC_NATURAL_HISTORY, 1959.8, 7
50, 4, Civic, CIVIC_SCORCHED_EARTH, 2382.9, 4
50, 4, Civic, CIVIC_URBANIZATION, 2302.0, 7
50, 4, Policies, POLICY_SURVEY, 23.0
50, 4, Policies, POLICY_CARAVANSARIES, 174.0
50, 4, Policies, POLICY_CONSCRIPTION, 51.0
50, 4, Policies, POLICY_LAND_SURVEYORS, 270.0
50, 4, Policies, POLICY_COLONIZATION, 163.0
50, 4, Policies, POLICY_INSPIRATION, 29.0
50, 4, Policies, POLICY_CHARISMATIC_LEADER, 14.0
50, 4, Policies, POLICY_DIPLOMATIC_LEAGUE, 300.0
50, 4, Policies, POLICY_LITERARY_TRADITION, 18.0
50, 4, Policies, POLICY_RAID, 2509.0
50, 4, Policies, POLICY_LIMES, 876.0
50, 4, Policies, POLICY_NATURAL_PHILOSOPHY, 441.0
50, 4, Policies, POLICY_NAVAL_INFRASTRUCTURE, 11.0
50, 4, Policies, POLICY_NAVIGATION, 15.0
50, 4, Policies, POLICY_RETAINERS, 42.0
50, 4, Policies, POLICY_PROFESSIONAL_ARMY, 39.0
50, 4, Policies, POLICY_TRADE_CONFEDERATION, 376.0
50, 4, Policies, POLICY_MERCHANT_CONFEDERATION, 187.0
50, 4, Policies, POLICY_AESTHETICS, 58.0
50, 4, Policies, POLICY_CRAFTSMEN, 214.0
50, 4, Policies, POLICY_TOWN_CHARTERS, 216.0
50, 4, Policies, POLICY_TRAVELING_MERCHANTS, 28.0
50, 4, Policies, POLICY_COLONIAL_OFFICES, 728.0
50, 4, Policies, POLICY_INVENTION, 43.0
50, 4, Policies, POLICY_FRESCOES, 18.0
50, 4, Policies, POLICY_MACHIAVELLIANISM, 156.0
50, 4, Policies, POLICY_WARS_OF_RELIGION, 10.0
50, 4, Policies, POLICY_RELIGIOUS_ORDERS, 80.0
50, 4, Policies, POLICY_LOGISTICS, 59.0
50, 4, Policies, POLICY_TRIANGULAR_TRADE, 421.0
50, 4, Policies, POLICY_RATIONALISM, 619.0
50, 4, Policies, POLICY_FREE_MARKET, 108.0
50, 4, Policies, POLICY_LIBERALISM, 126.0
50, 4, Policies, POLICY_COLONIAL_TAXES, 1250.0
50, 4, Policies, POLICY_GRAND_OPERA, 112.0
50, 4, Policies, POLICY_SYMPHONIES, 31.0
50, 4, Policies, POLICY_TOTAL_WAR, 2509.0
50, 4, Policies, POLICY_EXPROPRIATION, 433.0
50, 4, Policies, POLICY_MILITARY_RESEARCH, 2037.0
50, 4, Policies, POLICY_PRAETORIUM, 1105.0
50, 4, Policies, POLICY_CIVIL_PRESTIGE, 1128.0
50, 4, Policies, POLICY_FORCE_MODERNIZATION, 39.0
50, 2, Civic, CIVIC_NAVAL_TRADITION, 167.6, 1
50, 2, Civic, CIVIC_EXPLORATION, 1001.0, 1
50, 2, Civic, CIVIC_HUMANISM, 166.0, 2
50, 2, Civic, CIVIC_DIPLOMATIC_SERVICE, 511.1, 2
50, 2, Civic, CIVIC_REFORMED_CHURCH, 1184.1, 1
50, 2, Civic, CIVIC_MERCANTILISM, 457.7, 6
50, 2, Civic, CIVIC_THE_ENLIGHTENMENT, 867.7, 8
50, 2, Civic, CIVIC_COLONIALISM, 1232.9, 11
50, 2, Civic, CIVIC_CIVIL_ENGINEERING, 63718.0, 12
50, 2, Civic, CIVIC_NATIONALISM, 60675.4, 14
50, 2, Civic, CIVIC_OPERA_BALLET, 1012.1, 13
50, 2, Policies, POLICY_SURVEY, 37.0
50, 2, Policies, POLICY_URBAN_PLANNING, 126.0
50, 2, Policies, POLICY_CARAVANSARIES, 61.0
50, 2, Policies, POLICY_CONSCRIPTION, 44.0
50, 2, Policies, POLICY_LAND_SURVEYORS, 297.5
50, 2, Policies, POLICY_COLONIZATION, 89.0
50, 2, Policies, POLICY_INSPIRATION, 15.0
50, 2, Policies, POLICY_CHARISMATIC_LEADER, 14.0
50, 2, Policies, POLICY_DIPLOMATIC_LEAGUE, 300.0
50, 2, Policies, POLICY_LITERARY_TRADITION, 15.0
50, 2, Policies, POLICY_RAID, 2070.0
50, 2, Policies, POLICY_LIMES, 706.0
50, 2, Policies, POLICY_NATURAL_PHILOSOPHY, 102.0
50, 2, Policies, POLICY_SCRIPTURE, 231.0
50, 2, Policies, POLICY_NAVAL_INFRASTRUCTURE, 31.0
50, 2, Policies, POLICY_NAVIGATION, 31.0
50, 2, Policies, POLICY_FEUDAL_CONTRACT, 26.0
50, 2, Policies, POLICY_RETAINERS, 42.0
50, 2, Policies, POLICY_PROFESSIONAL_ARMY, 96.0
50, 2, Policies, POLICY_TRADE_CONFEDERATION, 114.0
50, 2, Policies, POLICY_MERCHANT_CONFEDERATION, 102.0
50, 2, Policies, POLICY_TOWN_CHARTERS, 83.0
50, 2, Policies, POLICY_TRAVELING_MERCHANTS, 18.0
50, 2, Policies, POLICY_CHIVALRY, 40.0
50, 2, Policies, POLICY_COLONIAL_OFFICES, 464.0
50, 2, Policies, POLICY_INVENTION, 31.0
50, 2, Policies, POLICY_FRESCOES, 15.0
50, 2, Policies, POLICY_WARS_OF_RELIGION, 10.0
50, 2, Policies, POLICY_RELIGIOUS_ORDERS, 60.0
50, 2, Policies, POLICY_SIMULTANEUM, 586.0
50, 2, Policies, POLICY_LOGISTICS, 41.0
50, 2, Policies, POLICY_TRIANGULAR_TRADE, 198.0
50, 2, Policies, POLICY_RATIONALISM, 120.0
50, 2, Policies, POLICY_FREE_MARKET, 85.0
50, 2, Policies, POLICY_LIBERALISM, 70.0
50, 2, Policies, POLICY_COLONIAL_TAXES, 767.0
50, 2, Policies, POLICY_PUBLIC_WORKS, 22.0
50, 2, Policies, POLICY_GRANDE_ARMEE, 26.0
50, 2, Policies, POLICY_NATIONAL_IDENTITY, 5.0
50, 2, Policies, POLICY_SYMPHONIES, 31.0
50, 2, Policies, POLICY_ECONOMIC_UNION, 109.0
50, 2, Policies, POLICY_PRAETORIUM, 581.0
50, 2, Policies, POLICY_CIVIL_PRESTIGE, 539.0
50, 2, Policies, POLICY_EQUESTRIAN_ORDERS, 63.0
50, 2, Policies, POLICY_DRILL_MANUALS, 71.0
50, 2, Policies, POLICY_HARD_SHELL_EXPLOSIVES, 13.0
50, 2, Policies, POLICY_EMPIRICAL_METHOD, 116.0
50, 1, Civic, CIVIC_THEOLOGY, 174.7, 1
50, 1, Civic, CIVIC_NAVAL_TRADITION, 201.6, 1
50, 1, Civic, CIVIC_DIVINE_RIGHT, 895.6, 2
50, 1, Civic, CIVIC_HUMANISM, 252.8, 1
50, 1, Civic, CIVIC_REFORMED_CHURCH, 1400.2, 3
50, 1, Civic, CIVIC_MERCANTILISM, 783.5, 2
50, 1, Civic, CIVIC_THE_ENLIGHTENMENT, 797.2, 2
50, 1, Civic, CIVIC_COLONIALISM, 1868.0, 3
50, 1, Civic, CIVIC_CIVIL_ENGINEERING, 73588.3, 3
50, 1, Civic, CIVIC_NATIONALISM, 71866.9, 4
50, 1, Civic, CIVIC_OPERA_BALLET, 999.0, 3
50, 1, Policies, POLICY_SURVEY, 7.0
50, 1, Policies, POLICY_GOD_KING, 24.0
50, 1, Policies, POLICY_URBAN_PLANNING, 198.0
50, 1, Policies, POLICY_CARAVANSARIES, 159.0
50, 1, Policies, POLICY_CONSCRIPTION, 14.0
50, 1, Policies, POLICY_LAND_SURVEYORS, 310.0
50, 1, Policies, POLICY_COLONIZATION, 145.0
50, 1, Policies, POLICY_INSPIRATION, 32.0
50, 1, Policies, POLICY_CHARISMATIC_LEADER, 14.0
50, 1, Policies, POLICY_DIPLOMATIC_LEAGUE, 200.0
50, 1, Policies, POLICY_LITERARY_TRADITION, 34.0
50, 1, Policies, POLICY_RAID, 2290.0
50, 1, Policies, POLICY_LIMES, 574.0
50, 1, Policies, POLICY_NATURAL_PHILOSOPHY, 281.0
50, 1, Policies, POLICY_NAVAL_INFRASTRUCTURE, 77.0
50, 1, Policies, POLICY_NAVIGATION, 47.0
50, 1, Policies, POLICY_RETAINERS, 56.0
50, 1, Policies, POLICY_TRADE_CONFEDERATION, 407.0
50, 1, Policies, POLICY_MERCHANT_CONFEDERATION, 216.0
50, 1, Policies, POLICY_AESTHETICS, 102.0
50, 1, Policies, POLICY_CRAFTSMEN, 102.0
50, 1, Policies, POLICY_TOWN_CHARTERS, 248.0
50, 1, Policies, POLICY_TRAVELING_MERCHANTS, 37.0
50, 1, Policies, POLICY_PRESS_GANGS, 83.0
50, 1, Policies, POLICY_COLONIAL_OFFICES, 802.0
50, 1, Policies, POLICY_INVENTION, 112.0
50, 1, Policies, POLICY_FRESCOES, 34.0
50, 1, Policies, POLICY_MACHIAVELLIANISM, 127.0
50, 1, Policies, POLICY_RELIGIOUS_ORDERS, 3.0
50, 1, Policies, POLICY_LOGISTICS, 10.0
50, 1, Policies, POLICY_TRIANGULAR_TRADE, 415.0
50, 1, Policies, POLICY_RATIONALISM, 607.0
50, 1, Policies, POLICY_FREE_MARKET, 150.0
50, 1, Policies, POLICY_LIBERALISM, 84.0
50, 1, Policies, POLICY_COLONIAL_TAXES, 1049.0
50, 1, Policies, POLICY_PUBLIC_WORKS, 20.0
50, 1, Policies, POLICY_NATIONAL_IDENTITY, 1.0
50, 1, Policies, POLICY_GRAND_OPERA, 88.0
50, 1, Policies, POLICY_SYMPHONIES, 62.0
50, 1, Policies, POLICY_ECONOMIC_UNION, 388.0
50, 1, Policies, POLICY_PRAETORIUM, 1144.0
50, 1, Policies, POLICY_CIVIL_PRESTIGE, 866.0
50, 1, Policies, POLICY_EQUESTRIAN_ORDERS, 90.0
50, 1, Policies, POLICY_EMPIRICAL_METHOD, 234.0
50, 1, Policies, POLICY_MASTER_ARTISANS, 117.0
50, 2, Civic, CIVIC_NAVAL_TRADITION, 167.6, 1
50, 2, Civic, CIVIC_EXPLORATION, 1001.0, 1
50, 2, Civic, CIVIC_HUMANISM, 166.0, 2
50, 2, Civic, CIVIC_DIPLOMATIC_SERVICE, 511.1, 2
50, 2, Civic, CIVIC_REFORMED_CHURCH, 1184.1, 1
50, 2, Civic, CIVIC_MERCANTILISM, 457.7, 6
50, 2, Civic, CIVIC_THE_ENLIGHTENMENT, 867.7, 8
50, 2, Civic, CIVIC_COLONIALISM, 1232.9, 11
50, 2, Civic, CIVIC_CIVIL_ENGINEERING, 63718.0, 12
50, 2, Civic, CIVIC_NATIONALISM, 60675.4, 14
50, 2, Civic, CIVIC_OPERA_BALLET, 1012.1, 13
50, 2, Policies, POLICY_SURVEY, 37.0
50, 2, Policies, POLICY_URBAN_PLANNING, 126.0
50, 2, Policies, POLICY_CARAVANSARIES, 61.0
50, 2, Policies, POLICY_CONSCRIPTION, 44.0
50, 2, Policies, POLICY_LAND_SURVEYORS, 297.5
50, 2, Policies, POLICY_COLONIZATION, 89.0
50, 2, Policies, POLICY_INSPIRATION, 15.0
50, 2, Policies, POLICY_CHARISMATIC_LEADER, 14.0
50, 2, Policies, POLICY_DIPLOMATIC_LEAGUE, 300.0
50, 2, Policies, POLICY_LITERARY_TRADITION, 15.0
50, 2, Policies, POLICY_RAID, 2070.0
50, 2, Policies, POLICY_LIMES, 706.0
50, 2, Policies, POLICY_NATURAL_PHILOSOPHY, 102.0
50, 2, Policies, POLICY_SCRIPTURE, 231.0
50, 2, Policies, POLICY_NAVAL_INFRASTRUCTURE, 31.0
50, 2, Policies, POLICY_NAVIGATION, 31.0
50, 2, Policies, POLICY_FEUDAL_CONTRACT, 26.0
50, 2, Policies, POLICY_RETAINERS, 42.0
50, 2, Policies, POLICY_PROFESSIONAL_ARMY, 96.0
50, 2, Policies, POLICY_TRADE_CONFEDERATION, 114.0
50, 2, Policies, POLICY_MERCHANT_CONFEDERATION, 102.0
50, 2, Policies, POLICY_TOWN_CHARTERS, 83.0
50, 2, Policies, POLICY_TRAVELING_MERCHANTS, 18.0
50, 2, Policies, POLICY_CHIVALRY, 40.0
50, 2, Policies, POLICY_COLONIAL_OFFICES, 464.0
50, 2, Policies, POLICY_INVENTION, 31.0
50, 2, Policies, POLICY_FRESCOES, 15.0
50, 2, Policies, POLICY_WARS_OF_RELIGION, 10.0
50, 2, Policies, POLICY_RELIGIOUS_ORDERS, 60.0
50, 2, Policies, POLICY_SIMULTANEUM, 586.0
50, 2, Policies, POLICY_LOGISTICS, 41.0
50, 2, Policies, POLICY_TRIANGULAR_TRADE, 198.0
50, 2, Policies, POLICY_RATIONALISM, 120.0
50, 2, Policies, POLICY_FREE_MARKET, 85.0
50, 2, Policies, POLICY_LIBERALISM, 70.0
50, 2, Policies, POLICY_COLONIAL_TAXES, 767.0
50, 2, Policies, POLICY_PUBLIC_WORKS, 22.0
50, 2, Policies, POLICY_GRANDE_ARMEE, 26.0
50, 2, Policies, POLICY_NATIONAL_IDENTITY, 5.0
50, 2, Policies, POLICY_SYMPHONIES, 31.0
50, 2, Policies, POLICY_ECONOMIC_UNION, 109.0
50, 2, Policies, POLICY_PRAETORIUM, 581.0
50, 2, Policies, POLICY_CIVIL_PRESTIGE, 539.0
50, 2, Policies, POLICY_EQUESTRIAN_ORDERS, 63.0
50, 2, Policies, POLICY_DRILL_MANUALS, 71.0
50, 2, Policies, POLICY_HARD_SHELL_EXPLOSIVES, 13.0
50, 2, Policies, POLICY_EMPIRICAL_METHOD, 116.0
50, 2, Civic, CIVIC_NAVAL_TRADITION, 167.6, 1
50, 2, Civic, CIVIC_EXPLORATION, 1001.0, 1
50, 2, Civic, CIVIC_HUMANISM, 166.0, 2
50, 2, Civic, CIVIC_DIPLOMATIC_SERVICE, 511.1, 2
50, 2, Civic, CIVIC_REFORMED_CHURCH, 1184.1, 1
50, 2, Civic, CIVIC_MERCANTILISM, 457.7, 6
50, 2, Civic, CIVIC_THE_ENLIGHTENMENT, 867.7, 8
50, 2, Civic, CIVIC_COLONIALISM, 1232.9, 11
50, 2, Civic, CIVIC_CIVIL_ENGINEERING, 63718.0, 12
50, 2, Civic, CIVIC_NATIONALISM, 60675.4, 14
50, 2, Civic, CIVIC_OPERA_BALLET, 1012.1, 13
50, 2, Policies, POLICY_SURVEY, 37.0
50, 2, Policies, POLICY_URBAN_PLANNING, 126.0
50, 2, Policies, POLICY_CARAVANSARIES, 61.0
50, 2, Policies, POLICY_CONSCRIPTION, 44.0
50, 2, Policies, POLICY_LAND_SURVEYORS, 297.5
50, 2, Policies, POLICY_COLONIZATION, 89.0
50, 2, Policies, POLICY_INSPIRATION, 15.0
50, 2, Policies, POLICY_CHARISMATIC_LEADER, 14.0
50, 2, Policies, POLICY_DIPLOMATIC_LEAGUE, 300.0
50, 2, Policies, POLICY_LITERARY_TRADITION, 15.0
50, 2, Policies, POLICY_RAID, 2070.0
50, 2, Policies, POLICY_LIMES, 706.0
50, 2, Policies, POLICY_NATURAL_PHILOSOPHY, 102.0
50, 2, Policies, POLICY_SCRIPTURE, 231.0
50, 2, Policies, POLICY_NAVAL_INFRASTRUCTURE, 31.0
50, 2, Policies, POLICY_NAVIGATION, 31.0
50, 2, Policies, POLICY_FEUDAL_CONTRACT, 26.0
50, 2, Policies, POLICY_RETAINERS, 42.0
50, 2, Policies, POLICY_PROFESSIONAL_ARMY, 96.0
50, 2, Policies, POLICY_TRADE_CONFEDERATION, 114.0
50, 2, Policies, POLICY_MERCHANT_CONFEDERATION, 102.0
50, 2, Policies, POLICY_TOWN_CHARTERS, 83.0
50, 2, Policies, POLICY_TRAVELING_MERCHANTS, 18.0
50, 2, Policies, POLICY_CHIVALRY, 40.0
50, 2, Policies, POLICY_COLONIAL_OFFICES, 464.0
50, 2, Policies, POLICY_INVENTION, 31.0
50, 2, Policies, POLICY_FRESCOES, 15.0
50, 2, Policies, POLICY_WARS_OF_RELIGION, 10.0
50, 2, Policies, POLICY_RELIGIOUS_ORDERS, 60.0
50, 2, Policies, POLICY_SIMULTANEUM, 586.0
50, 2, Policies, POLICY_LOGISTICS, 41.0
50, 2, Policies, POLICY_TRIANGULAR_TRADE, 198.0
50, 2, Policies, POLICY_RATIONALISM, 120.0
50, 2, Policies, POLICY_FREE_MARKET, 85.0
50, 2, Policies, POLICY_LIBERALISM, 70.0
50, 2, Policies, POLICY_COLONIAL_TAXES, 767.0
50, 2, Policies, POLICY_PUBLIC_WORKS, 22.0
50, 2, Policies, POLICY_GRANDE_ARMEE, 26.0
50, 2, Policies, POLICY_NATIONAL_IDENTITY, 5.0
50, 2, Policies, POLICY_SYMPHONIES, 31.0
50, 2, Policies, POLICY_ECONOMIC_UNION, 109.0
50, 2, Policies, POLICY_PRAETORIUM, 581.0
50, 2, Policies, POLICY_CIVIL_PRESTIGE, 539.0
50, 2, Policies, POLICY_EQUESTRIAN_ORDERS, 63.0
50, 2, Policies, POLICY_DRILL_MANUALS, 71.0
50, 2, Policies, POLICY_HARD_SHELL_EXPLOSIVES, 13.0
50, 2, Policies, POLICY_EMPIRICAL_METHOD, 116.0
50, 2, Civic, CIVIC_NAVAL_TRADITION, 167.6, 1
50, 2, Civic, CIVIC_EXPLORATION, 1001.0, 1
50, 2, Civic, CIVIC_HUMANISM, 166.0, 2
50, 2, Civic, CIVIC_DIPLOMATIC_SERVICE, 511.1, 2
50, 2, Civic, CIVIC_REFORMED_CHURCH, 1184.1, 1
50, 2, Civic, CIVIC_MERCANTILISM, 457.7, 6
50, 2, Civic, CIVIC_THE_ENLIGHTENMENT, 867.7, 8
50, 2, Civic, CIVIC_COLONIALISM, 1232.9, 11
50, 2, Civic, CIVIC_CIVIL_ENGINEERING, 63718.0, 12
50, 2, Civic, CIVIC_NATIONALISM, 60675.4, 14
50, 2, Civic, CIVIC_OPERA_BALLET, 1012.1, 13
50, 2, Policies, POLICY_SURVEY, 37.0
50, 2, Policies, POLICY_URBAN_PLANNING, 126.0
50, 2, Policies, POLICY_CARAVANSARIES, 61.0
50, 2, Policies, POLICY_CONSCRIPTION, 44.0
50, 2, Policies, POLICY_LAND_SURVEYORS, 297.5
50, 2, Policies, POLICY_COLONIZATION, 89.0
50, 2, Policies, POLICY_INSPIRATION, 15.0
50, 2, Policies, POLICY_CHARISMATIC_LEADER, 14.0
50, 2, Policies, POLICY_DIPLOMATIC_LEAGUE, 300.0
50, 2, Policies, POLICY_LITERARY_TRADITION, 15.0
50, 2, Policies, POLICY_RAID, 2070.0
50, 2, Policies, POLICY_LIMES, 706.0
50, 2, Policies, POLICY_NATURAL_PHILOSOPHY, 102.0
50, 2, Policies, POLICY_SCRIPTURE, 231.0
50, 2, Policies, POLICY_NAVAL_INFRASTRUCTURE, 31.0
50, 2, Policies, POLICY_NAVIGATION, 31.0
50, 2, Policies, POLICY_FEUDAL_CONTRACT, 26.0
50, 2, Policies, POLICY_RETAINERS, 42.0
50, 2, Policies, POLICY_PROFESSIONAL_ARMY, 96.0
50, 2, Policies, POLICY_TRADE_CONFEDERATION, 114.0
50, 2, Policies, POLICY_MERCHANT_CONFEDERATION, 102.0
50, 2, Policies, POLICY_TOWN_CHARTERS, 83.0
50, 2, Policies, POLICY_TRAVELING_MERCHANTS, 18.0
50, 2, Policies, POLICY_CHIVALRY, 40.0
50, 2, Policies, POLICY_COLONIAL_OFFICES, 464.0
50, 2, Policies, POLICY_INVENTION, 31.0
50, 2, Policies, POLICY_FRESCOES, 15.0
50, 2, Policies, POLICY_WARS_OF_RELIGION, 10.0
50, 2, Policies, POLICY_RELIGIOUS_ORDERS, 60.0
50, 2, Policies, POLICY_SIMULTANEUM, 586.0
50, 2, Policies, POLICY_LOGISTICS, 41.0
50, 2, Policies, POLICY_TRIANGULAR_TRADE, 198.0
50, 2, Policies, POLICY_RATIONALISM, 120.0
50, 2, Policies, POLICY_FREE_MARKET, 85.0
50, 2, Policies, POLICY_LIBERALISM, 70.0
50, 2, Policies, POLICY_COLONIAL_TAXES, 767.0
50, 2, Policies, POLICY_PUBLIC_WORKS, 22.0
50, 2, Policies, POLICY_GRANDE_ARMEE, 26.0
50, 2, Policies, POLICY_NATIONAL_IDENTITY, 5.0
50, 2, Policies, POLICY_SYMPHONIES, 31.0
50, 2, Policies, POLICY_ECONOMIC_UNION, 109.0
50, 2, Policies, POLICY_PRAETORIUM, 581.0
50, 2, Policies, POLICY_CIVIL_PRESTIGE, 539.0
50, 2, Policies, POLICY_EQUESTRIAN_ORDERS, 63.0
50, 2, Policies, POLICY_DRILL_MANUALS, 71.0
50, 2, Policies, POLICY_HARD_SHELL_EXPLOSIVES, 13.0
50, 2, Policies, POLICY_EMPIRICAL_METHOD, 116.0
50, 2, Civic, CIVIC_NAVAL_TRADITION, 167.6, 1
50, 2, Civic, CIVIC_EXPLORATION, 1001.0, 1
50, 2, Civic, CIVIC_HUMANISM, 166.0, 2
50, 2, Civic, CIVIC_DIPLOMATIC_SERVICE, 511.1, 2
50, 2, Civic, CIVIC_REFORMED_CHURCH, 1184.1, 1
50, 2, Civic, CIVIC_MERCANTILISM, 457.7, 6
50, 2, Civic, CIVIC_THE_ENLIGHTENMENT, 867.7, 8
50, 2, Civic, CIVIC_COLONIALISM, 1232.9, 11
50, 2, Civic, CIVIC_CIVIL_ENGINEERING, 63718.0, 12
50, 2, Civic, CIVIC_NATIONALISM, 60675.4, 14
50, 2, Civic, CIVIC_OPERA_BALLET, 1012.1, 13
50, 2, Policies, POLICY_SURVEY, 37.0
50, 2, Policies, POLICY_URBAN_PLANNING, 126.0
50, 2, Policies, POLICY_CARAVANSARIES, 61.0
50, 2, Policies, POLICY_CONSCRIPTION, 44.0
50, 2, Policies, POLICY_LAND_SURVEYORS, 297.5
50, 2, Policies, POLICY_COLONIZATION, 89.0
50, 2, Policies, POLICY_INSPIRATION, 15.0
50, 2, Policies, POLICY_CHARISMATIC_LEADER, 14.0
50, 2, Policies, POLICY_DIPLOMATIC_LEAGUE, 300.0
50, 2, Policies, POLICY_LITERARY_TRADITION, 15.0
50, 2, Policies, POLICY_RAID, 2070.0
50, 2, Policies, POLICY_LIMES, 706.0
50, 2, Policies, POLICY_NATURAL_PHILOSOPHY, 102.0
50, 2, Policies, POLICY_SCRIPTURE, 231.0
50, 2, Policies, POLICY_NAVAL_INFRASTRUCTURE, 31.0
50, 2, Policies, POLICY_NAVIGATION, 31.0
50, 2, Policies, POLICY_FEUDAL_CONTRACT, 26.0
50, 2, Policies, POLICY_RETAINERS, 42.0
50, 2, Policies, POLICY_PROFESSIONAL_ARMY, 96.0
50, 2, Policies, POLICY_TRADE_CONFEDERATION, 114.0
50, 2, Policies, POLICY_MERCHANT_CONFEDERATION, 102.0
50, 2, Policies, POLICY_TOWN_CHARTERS, 83.0
50, 2, Policies, POLICY_TRAVELING_MERCHANTS, 18.0
50, 2, Policies, POLICY_CHIVALRY, 40.0
50, 2, Policies, POLICY_COLONIAL_OFFICES, 464.0
50, 2, Policies, POLICY_INVENTION, 31.0
50, 2, Policies, POLICY_FRESCOES, 15.0
50, 2, Policies, POLICY_WARS_OF_RELIGION, 10.0
50, 2, Policies, POLICY_RELIGIOUS_ORDERS, 60.0
50, 2, Policies, POLICY_SIMULTANEUM, 586.0
50, 2, Policies, POLICY_LOGISTICS, 41.0
50, 2, Policies, POLICY_TRIANGULAR_TRADE, 198.0
50, 2, Policies, POLICY_RATIONALISM, 120.0
50, 2, Policies, POLICY_FREE_MARKET, 85.0
50, 2, Policies, POLICY_LIBERALISM, 70.0
50, 2, Policies, POLICY_COLONIAL_TAXES, 767.0
50, 2, Policies, POLICY_PUBLIC_WORKS, 22.0
50, 2, Policies, POLICY_GRANDE_ARMEE, 26.0
50, 2, Policies, POLICY_NATIONAL_IDENTITY, 5.0
50, 2, Policies, POLICY_SYMPHONIES, 31.0
50, 2, Policies, POLICY_ECONOMIC_UNION, 109.0
50, 2, Policies, POLICY_PRAETORIUM, 581.0
50, 2, Policies, POLICY_CIVIL_PRESTIGE, 539.0
50, 2, Policies, POLICY_EQUESTRIAN_ORDERS, 63.0
50, 2, Policies, POLICY_DRILL_MANUALS, 71.0
50, 2, Policies, POLICY_HARD_SHELL_EXPLOSIVES, 13.0
50, 2, Policies, POLICY_EMPIRICAL_METHOD, 116.0
50, 2, Civic, CIVIC_NAVAL_TRADITION, 167.6, 1
50, 2, Civic, CIVIC_EXPLORATION, 1001.0, 1
50, 2, Civic, CIVIC_HUMANISM, 166.0, 2
50, 2, Civic, CIVIC_DIPLOMATIC_SERVICE, 511.1, 2
50, 2, Civic, CIVIC_REFORMED_CHURCH, 1184.1, 1
50, 2, Civic, CIVIC_MERCANTILISM, 457.7, 6
50, 2, Civic, CIVIC_THE_ENLIGHTENMENT, 867.7, 8
50, 2, Civic, CIVIC_COLONIALISM, 1232.9, 11
50, 2, Civic, CIVIC_CIVIL_ENGINEERING, 63718.0, 12
50, 2, Civic, CIVIC_NATIONALISM, 60675.4, 14
50, 2, Civic, CIVIC_OPERA_BALLET, 1012.1, 13
50, 2, Policies, POLICY_SURVEY, 37.0
50, 2, Policies, POLICY_URBAN_PLANNING, 126.0
50, 2, Policies, POLICY_CARAVANSARIES, 61.0
50, 2, Policies, POLICY_CONSCRIPTION, 44.0
50, 2, Policies, POLICY_LAND_SURVEYORS, 297.5
50, 2, Policies, POLICY_COLONIZATION, 89.0
50, 2, Policies, POLICY_INSPIRATION, 15.0
50, 2, Policies, POLICY_CHARISMATIC_LEADER, 14.0
50, 2, Policies, POLICY_DIPLOMATIC_LEAGUE, 300.0
50, 2, Policies, POLICY_LITERARY_TRADITION, 15.0
50, 2, Policies, POLICY_RAID, 2070.0
50, 2, Policies, POLICY_LIMES, 706.0
50, 2, Policies, POLICY_NATURAL_PHILOSOPHY, 102.0
50, 2, Policies, POLICY_SCRIPTURE, 231.0
50, 2, Policies, POLICY_NAVAL_INFRASTRUCTURE, 31.0
50, 2, Policies, POLICY_NAVIGATION, 31.0
50, 2, Policies, POLICY_FEUDAL_CONTRACT, 26.0
50, 2, Policies, POLICY_RETAINERS, 42.0
50, 2, Policies, POLICY_PROFESSIONAL_ARMY, 96.0
50, 2, Policies, POLICY_TRADE_CONFEDERATION, 114.0
50, 2, Policies, POLICY_MERCHANT_CONFEDERATION, 102.0
50, 2, Policies, POLICY_TOWN_CHARTERS, 83.0
50, 2, Policies, POLICY_TRAVELING_MERCHANTS, 18.0
50, 2, Policies, POLICY_CHIVALRY, 40.0
50, 2, Policies, POLICY_COLONIAL_OFFICES, 464.0
50, 2, Policies, POLICY_INVENTION, 31.0
50, 2, Policies, POLICY_FRESCOES, 15.0
50, 2, Policies, POLICY_WARS_OF_RELIGION, 10.0
50, 2, Policies, POLICY_RELIGIOUS_ORDERS, 60.0
50, 2, Policies, POLICY_SIMULTANEUM, 586.0
50, 2, Policies, POLICY_LOGISTICS, 41.0
50, 2, Policies, POLICY_TRIANGULAR_TRADE, 198.0
50, 2, Policies, POLICY_RATIONALISM, 120.0
50, 2, Policies, POLICY_FREE_MARKET, 85.0
50, 2, Policies, POLICY_LIBERALISM, 70.0
50, 2, Policies, POLICY_COLONIAL_TAXES, 767.0
50, 2, Policies, POLICY_PUBLIC_WORKS, 22.0
50, 2, Policies, POLICY_GRANDE_ARMEE, 26.0
50, 2, Policies, POLICY_NATIONAL_IDENTITY, 5.0
50, 2, Policies, POLICY_SYMPHONIES, 31.0
50, 2, Policies, POLICY_ECONOMIC_UNION, 109.0
50, 2, Policies, POLICY_PRAETORIUM, 581.0
50, 2, Policies, POLICY_CIVIL_PRESTIGE, 539.0
50, 2, Policies, POLICY_EQUESTRIAN_ORDERS, 63.0
50, 2, Policies, POLICY_DRILL_MANUALS, 71.0
50, 2, Policies, POLICY_HARD_SHELL_EXPLOSIVES, 13.0
50, 2, Policies, POLICY_EMPIRICAL_METHOD, 116.0
51, 5, Completed Civic, CIVIC_MILITARY_TRAINING
51, 5, Slot Policy, POLICY_CIVIL_PRESTIGE, 1279
51, 5, Slot Policy, POLICY_NATURAL_PHILOSOPHY, 190
51, 5, Slot Policy, POLICY_PRAETORIUM, 2165
51, 5, Slot Policy, POLICY_RAID, 2328
51, 5, Slot Policy, POLICY_URBAN_PLANNING, 168
51, 5, Slot Policy, POLICY_LIMES, 335
51, 5, Civic, CIVIC_THEOLOGY, 1827.7, 1
51, 5, Civic, CIVIC_NAVAL_TRADITION, 144.6, 1
51, 5, Civic, CIVIC_MERCENARIES, 144.6, 1
51, 5, Civic, CIVIC_DIVINE_RIGHT, 1965.1, 2
51, 5, Civic, CIVIC_EXPLORATION, 1993.6, 2
51, 5, Civic, CIVIC_HUMANISM, 155.0, 2
51, 5, Civic, CIVIC_DIPLOMATIC_SERVICE, 511.1, 2
51, 5, Civic, CIVIC_REFORMED_CHURCH, 3049.1, 3
51, 5, Civic, CIVIC_MERCANTILISM, 382.4, 4
51, 5, Civic, CIVIC_THE_ENLIGHTENMENT, 894.2, 6
51, 5, Civic, CIVIC_COLONIALISM, 1491.8, 9
51, 5, Civic, CIVIC_CIVIL_ENGINEERING, 2493806.8, 11
51, 5, Civic, CIVIC_NATIONALISM, 2341384.0, 13
51, 5, Civic, CIVIC_OPERA_BALLET, 1021.7, 11
51, 5, Policies, POLICY_SURVEY, 36.0
51, 5, Policies, POLICY_GOD_KING, 7.0
51, 5, Policies, POLICY_URBAN_PLANNING, 168.0
51, 5, Policies, POLICY_CARAVANSARIES, 49.0
51, 5, Policies, POLICY_CONSCRIPTION, 228.0
51, 5, Policies, POLICY_LAND_SURVEYORS, 10.5
51, 5, Policies, POLICY_COLONIZATION, 29.0
51, 5, Policies, POLICY_INSPIRATION, 34.0
51, 5, Policies, POLICY_CHARISMATIC_LEADER, 14.0
51, 5, Policies, POLICY_DIPLOMATIC_LEAGUE, 200.0
51, 5, Policies, POLICY_LITERARY_TRADITION, 17.0
51, 5, Policies, POLICY_RAID, 2479.0
51, 5, Policies, POLICY_BASTIONS, 42.0
51, 5, Policies, POLICY_LIMES, 269.0
51, 5, Policies, POLICY_NATURAL_PHILOSOPHY, 193.0
51, 5, Policies, POLICY_SCRIPTURE, 102.0
51, 5, Policies, POLICY_NAVIGATION, 47.0
51, 5, Policies, POLICY_FEUDAL_CONTRACT, 34.0
51, 5, Policies, POLICY_RETAINERS, 288.0
51, 5, Policies, POLICY_PROFESSIONAL_ARMY, 89.0
51, 5, Policies, POLICY_TRADE_CONFEDERATION, 86.0
51, 5, Policies, POLICY_MERCHANT_CONFEDERATION, 24.0
51, 5, Policies, POLICY_CRAFTSMEN, 86.0
51, 5, Policies, POLICY_TOWN_CHARTERS, 38.0
51, 5, Policies, POLICY_TRAVELING_MERCHANTS, 21.0
51, 5, Policies, POLICY_COLONIAL_OFFICES, 1322.0
51, 5, Policies, POLICY_INVENTION, 84.0
51, 5, Policies, POLICY_FRESCOES, 17.0
51, 5, Policies, POLICY_WARS_OF_RELIGION, 10.0
51, 5, Policies, POLICY_RELIGIOUS_ORDERS, 311.0
51, 5, Policies, POLICY_LOGISTICS, 377.0
51, 5, Policies, POLICY_TRIANGULAR_TRADE, 90.0
51, 5, Policies, POLICY_RATIONALISM, 189.0
51, 5, Policies, POLICY_FREE_MARKET, 54.0
51, 5, Policies, POLICY_LIBERALISM, 316.0
51, 5, Policies, POLICY_COLONIAL_TAXES, 1242.0
51, 5, Policies, POLICY_GRANDE_ARMEE, 34.0
51, 5, Policies, POLICY_SYMPHONIES, 31.0
51, 5, Policies, POLICY_ECONOMIC_UNION, 29.0
51, 5, Policies, POLICY_PRAETORIUM, 2265.0
51, 5, Policies, POLICY_CIVIL_PRESTIGE, 1342.0
51, 5, Policies, POLICY_EQUESTRIAN_ORDERS, 90.0
51, 5, Policies, POLICY_DRILL_MANUALS, 45.0
51, 5, Policies, POLICY_HARD_SHELL_EXPLOSIVES, 12.0
51, 5, Policies, POLICY_EMPIRICAL_METHOD, 249.0
51, 5, Policies, POLICY_MASTER_ARTISANS, 73.0
51, 6, Completed Civic, CIVIC_DIPLOMATIC_SERVICE
51, 6, Slot Policy, POLICY_CONSCRIPTION, 228
51, 6, Slot Policy, POLICY_RAID, 2125
51, 6, Slot Policy, POLICY_CIVIL_PRESTIGE, 1063
51, 6, Slot Policy, POLICY_DIPLOMATIC_LEAGUE, 337
51, 6, Slot Policy, POLICY_PRAETORIUM, 2024
51, 6, Slot Policy, POLICY_LAND_SURVEYORS, 238
51, 6, Slot Policy, POLICY_SCRIPTURE, 350
51, 6, Civic, CIVIC_NAVAL_TRADITION, 156.6, 1
51, 6, Civic, CIVIC_EXPLORATION, 1901.5, 1
51, 6, Civic, CIVIC_HUMANISM, 3170.6, 2
51, 6, Civic, CIVIC_REFORMED_CHURCH, 1325.9, 1
51, 6, Civic, CIVIC_MERCANTILISM, 339.4, 4
51, 6, Civic, CIVIC_THE_ENLIGHTENMENT, 262.0, 4
51, 6, Civic, CIVIC_COLONIALISM, 1481.9, 8
51, 6, Civic, CIVIC_CIVIL_ENGINEERING, 339.4, 9
51, 6, Civic, CIVIC_NATIONALISM, 393.0, 9
51, 6, Civic, CIVIC_OPERA_BALLET, 637.0, 8
51, 6, Policies, POLICY_SURVEY, 57.0
51, 6, Policies, POLICY_URBAN_PLANNING, 147.0
51, 6, Policies, POLICY_CARAVANSARIES, 45.0
51, 6, Policies, POLICY_CONSCRIPTION, 243.0
51, 6, Policies, POLICY_LAND_SURVEYORS, 238.0
51, 6, Policies, POLICY_COLONIZATION, 82.0
51, 6, Policies, POLICY_INSPIRATION, 28.0
51, 6, Policies, POLICY_CHARISMATIC_LEADER, 14.0
51, 6, Policies, POLICY_DIPLOMATIC_LEAGUE, 300.0
51, 6, Policies, POLICY_LITERARY_TRADITION, 31.0
51, 6, Policies, POLICY_RAID, 2263.0
51, 6, Policies, POLICY_BASTIONS, 42.0
51, 6, Policies, POLICY_LIMES, 912.0
51, 6, Policies, POLICY_NATURAL_PHILOSOPHY, 145.0
51, 6, Policies, POLICY_SCRIPTURE, 350.0
51, 6, Policies, POLICY_NAVIGATION, 31.0
51, 6, Policies, POLICY_RETAINERS, 325.0
51, 6, Policies, POLICY_TRADE_CONFEDERATION, 85.0
51, 6, Policies, POLICY_MERCHANT_CONFEDERATION, 91.0
51, 6, Policies, POLICY_AESTHETICS, 58.0
51, 6, Policies, POLICY_TOWN_CHARTERS, 36.0
51, 6, Policies, POLICY_TRAVELING_MERCHANTS, 29.0
51, 6, Policies, POLICY_COLONIAL_OFFICES, 1396.0
51, 6, Policies, POLICY_INVENTION, 53.0
51, 6, Policies, POLICY_FRESCOES, 31.0
51, 6, Policies, POLICY_MACHIAVELLIANISM, 82.0
51, 6, Policies, POLICY_RELIGIOUS_ORDERS, 310.0
51, 6, Policies, POLICY_SIMULTANEUM, 625.0
51, 6, Policies, POLICY_LOGISTICS, 298.0
51, 6, Policies, POLICY_TRIANGULAR_TRADE, 124.0
51, 6, Policies, POLICY_RATIONALISM, 327.0
51, 6, Policies, POLICY_FREE_MARKET, 50.0
51, 6, Policies, POLICY_LIBERALISM, 339.0
51, 6, Policies, POLICY_COLONIAL_TAXES, 1463.0
51, 6, Policies, POLICY_GRAND_OPERA, 63.0
51, 6, Policies, POLICY_SYMPHONIES, 62.0
51, 6, Policies, POLICY_PRAETORIUM, 2195.0
51, 6, Policies, POLICY_CIVIL_PRESTIGE, 1896.0
51, 6, Policies, POLICY_EQUESTRIAN_ORDERS, 120.0
51, 7, Completed Civic, CIVIC_MERCANTILISM
51, 7, Slot Policy, POLICY_RAID, 2328
51, 7, Slot Policy, POLICY_LOGISTICS, 316
51, 7, Slot Policy, POLICY_CIVIL_PRESTIGE, 930
51, 7, Slot Policy, POLICY_PRAETORIUM, 2028
51, 7, Slot Policy, POLICY_CONSCRIPTION, 228
51, 7, Slot Policy, POLICY_LAND_SURVEYORS, 212
51, 7, Civic, CIVIC_MYSTICISM, 396.0, 1
51, 7, Civic, CIVIC_THEOLOGY, 7249.4, 2
51, 7, Civic, CIVIC_NAVAL_TRADITION, 144.6, 1
51, 7, Civic, CIVIC_MERCENARIES, 144.6, 1
51, 7, Civic, CIVIC_DIVINE_RIGHT, 2307.6, 3
51, 7, Civic, CIVIC_EXPLORATION, 1980.3, 2
51, 7, Civic, CIVIC_COLONIALISM, 1238.5, 3
51, 7, Civic, CIVIC_CIVIL_ENGINEERING, 14651.0, 4
51, 7, Civic, CIVIC_NATIONALISM, 15383.3, 4
51, 7, Civic, CIVIC_OPERA_BALLET, 942.8, 3
51, 7, Civic, CIVIC_NATURAL_HISTORY, 1523.7, 5
51, 7, Civic, CIVIC_SCORCHED_EARTH, 12476.9, 9
51, 7, Civic, CIVIC_URBANIZATION, 31685.5, 13
51, 7, Civic, CIVIC_CONSERVATION, 1663.1, 11
51, 7, Civic, CIVIC_MASS_MEDIA, 41585.9, 24
51, 7, Civic, CIVIC_MOBILIZATION, 42852.1, 24
51, 7, Policies, POLICY_SURVEY, 84.0
51, 7, Policies, POLICY_GOD_KING, 22.0
51, 7, Policies, POLICY_CONSCRIPTION, 228.0
51, 7, Policies, POLICY_LAND_SURVEYORS, 204.0
51, 7, Policies, POLICY_COLONIZATION, 36.0
51, 7, Policies, POLICY_INSPIRATION, 58.0
51, 7, Policies, POLICY_CHARISMATIC_LEADER, 14.0
51, 7, Policies, POLICY_DIPLOMATIC_LEAGUE, 200.0
51, 7, Policies, POLICY_LITERARY_TRADITION, 50.0
51, 7, Policies, POLICY_RAID, 2479.0
51, 7, Policies, POLICY_BASTIONS, 36.0
51, 7, Policies, POLICY_LIMES, 296.0
51, 7, Policies, POLICY_NATURAL_PHILOSOPHY, 151.0
51, 7, Policies, POLICY_SCRIPTURE, 160.0
51, 7, Policies, POLICY_NAVIGATION, 31.0
51, 7, Policies, POLICY_RETAINERS, 370.0
51, 7, Policies, POLICY_PROFESSIONAL_ARMY, 113.0
51, 7, Policies, POLICY_TRADE_CONFEDERATION, 56.0
51, 7, Policies, POLICY_MERCHANT_CONFEDERATION, 49.0
51, 7, Policies, POLICY_AESTHETICS, 57.0
51, 7, Policies, POLICY_TRAVELING_MERCHANTS, 29.0
51, 7, Policies, POLICY_COLONIAL_OFFICES, 1234.0
51, 7, Policies, POLICY_INVENTION, 59.0
51, 7, Policies, POLICY_FRESCOES, 50.0
51, 7, Policies, POLICY_LOGISTICS, 256.0
51, 7, Policies, POLICY_TRIANGULAR_TRADE, 59.0
51, 7, Policies, POLICY_RATIONALISM, 198.0
51, 7, Policies, POLICY_LIBERALISM, 536.0
51, 7, Policies, POLICY_COLONIAL_TAXES, 1331.0
51, 7, Policies, POLICY_SYMPHONIES, 94.0
51, 7, Policies, POLICY_TOTAL_WAR, 2479.0
51, 7, Policies, POLICY_EXPROPRIATION, 240.0
51, 7, Policies, POLICY_MILITARY_RESEARCH, 1386.0
51, 7, Policies, POLICY_LEVEE_EN_MASSE, 456.0
51, 7, Policies, POLICY_PRAETORIUM, 2049.0
51, 7, Policies, POLICY_CIVIL_PRESTIGE, 1493.0
51, 7, Policies, POLICY_DRILL_MANUALS, 30.0
51, 7, Policies, POLICY_FORCE_MODERNIZATION, 113.0
51, 7, Policies, POLICY_EMPIRICAL_METHOD, 87.0
51, 8, Civic, CIVIC_NAVAL_TRADITION, 144.6, 1
51, 8, Civic, CIVIC_MERCENARIES, 144.6, 1
51, 8, Civic, CIVIC_DIVINE_RIGHT, 1388.6, 1
51, 8, Civic, CIVIC_EXPLORATION, 2108.9, 3
51, 8, Civic, CIVIC_DIPLOMATIC_SERVICE, 511.1, 2
51, 8, Civic, CIVIC_REFORMED_CHURCH, 2847.5, 3
51, 8, Civic, CIVIC_THE_ENLIGHTENMENT, 613.8, 5
51, 8, Civic, CIVIC_COLONIALISM, 1270.9, 4
51, 8, Civic, CIVIC_CIVIL_ENGINEERING, 3386.7, 4
51, 8, Civic, CIVIC_NATIONALISM, 3953.0, 10
51, 8, Civic, CIVIC_OPERA_BALLET, 756.3, 9
51, 8, Civic, CIVIC_NATURAL_HISTORY, 1516.1, 9
51, 8, Civic, CIVIC_CONSERVATION, 1628.9, 17
51, 8, Policies, POLICY_SURVEY, 28.0
51, 8, Policies, POLICY_URBAN_PLANNING, 168.0
51, 8, Policies, POLICY_CONSCRIPTION, 346.0
51, 8, Policies, POLICY_LAND_SURVEYORS, 53.0
51, 8, Policies, POLICY_COLONIZATION, 55.0
51, 8, Policies, POLICY_INSPIRATION, 29.0
51, 8, Policies, POLICY_CHARISMATIC_LEADER, 14.0
51, 8, Policies, POLICY_DIPLOMATIC_LEAGUE, 200.0
51, 8, Policies, POLICY_LITERARY_TRADITION, 18.0
51, 8, Policies, POLICY_RAID, 2479.0
51, 8, Policies, POLICY_BASTIONS, 36.0
51, 8, Policies, POLICY_LIMES, 631.0
51, 8, Policies, POLICY_NATURAL_PHILOSOPHY, 127.0
51, 8, Policies, POLICY_SCRIPTURE, 703.0
51, 8, Policies, POLICY_NAVIGATION, 15.0
51, 8, Policies, POLICY_FEUDAL_CONTRACT, 78.0
51, 8, Policies, POLICY_RETAINERS, 473.0
51, 8, Policies, POLICY_PROFESSIONAL_ARMY, 42.0
51, 8, Policies, POLICY_TRADE_CONFEDERATION, 64.0
51, 8, Policies, POLICY_MERCHANT_CONFEDERATION, 49.0
51, 8, Policies, POLICY_AESTHETICS, 14.0
51, 8, Policies, POLICY_CRAFTSMEN, 64.0
51, 8, Policies, POLICY_TRAVELING_MERCHANTS, 21.0
51, 8, Policies, POLICY_COLONIAL_OFFICES, 1672.0
51, 8, Policies, POLICY_INVENTION, 84.0
51, 8, Policies, POLICY_FRESCOES, 18.0
51, 8, Policies, POLICY_RELIGIOUS_ORDERS, 330.0
51, 8, Policies, POLICY_SIMULTANEUM, 975.0
51, 8, Policies, POLICY_LOGISTICS, 403.0
51, 8, Policies, POLICY_TRIANGULAR_TRADE, 66.0
51, 8, Policies, POLICY_RATIONALISM, 126.0
51, 8, Policies, POLICY_LIBERALISM, 501.0
51, 8, Policies, POLICY_COLONIAL_TAXES, 1703.0
51, 8, Policies, POLICY_GRANDE_ARMEE, 78.0
51, 8, Policies, POLICY_GRAND_OPERA, 63.0
51, 8, Policies, POLICY_SYMPHONIES, 31.0
51, 8, Policies, POLICY_PRAETORIUM, 2901.0
51, 8, Policies, POLICY_CIVIL_PRESTIGE, 1383.0
51, 8, Policies, POLICY_MONASTICISM, 2566.0
51, 8, Policies, POLICY_TWILIGHT_VALOR, 580.0
51, 8, Policies, POLICY_ISOLATIONISM, 336.0
51, 8, Policies, POLICY_DRILL_MANUALS, 55.0
51, 8, Policies, POLICY_EMPIRICAL_METHOD, 72.0
51, 8, Policies, POLICY_MASTER_ARTISANS, 44.0
51, 9, Completed Civic, CIVIC_HUMANISM
51, 9, Slot Policy, POLICY_RAID, 2571
51, 9, Slot Policy, POLICY_LIMES, 464
51, 9, Slot Policy, POLICY_CIVIL_PRESTIGE, 1049
51, 9, Slot Policy, POLICY_PRAETORIUM, 2152
51, 9, Slot Policy, POLICY_URBAN_PLANNING, 126
51, 9, Civic, CIVIC_NAVAL_TRADITION, 144.6, 1
51, 9, Civic, CIVIC_MERCENARIES, 139.5, 2
51, 9, Civic, CIVIC_DIVINE_RIGHT, 1445.0, 2
51, 9, Civic, CIVIC_EXPLORATION, 2072.4, 4
51, 9, Civic, CIVIC_DIPLOMATIC_SERVICE, 485.7, 3
51, 9, Civic, CIVIC_REFORMED_CHURCH, 2767.2, 4
51, 9, Civic, CIVIC_MERCANTILISM, 444.3, 4
51, 9, Civic, CIVIC_THE_ENLIGHTENMENT, 919.6, 7
51, 9, Civic, CIVIC_COLONIALISM, 1725.5, 11
51, 9, Civic, CIVIC_CIVIL_ENGINEERING, 444.3, 13
51, 9, Civic, CIVIC_NATIONALISM, 919.6, 16
51, 9, Civic, CIVIC_OPERA_BALLET, 1034.5, 14
51, 9, Civic, CIVIC_NATURAL_HISTORY, 1874.4, 20
51, 9, Policies, POLICY_SURVEY, 14.0
51, 9, Policies, POLICY_URBAN_PLANNING, 147.0
51, 9, Policies, POLICY_CARAVANSARIES, 27.0
51, 9, Policies, POLICY_CONSCRIPTION, 279.0
51, 9, Policies, POLICY_LAND_SURVEYORS, 54.0
51, 9, Policies, POLICY_COLONIZATION, 31.0
51, 9, Policies, POLICY_INSPIRATION, 42.0
51, 9, Policies, POLICY_CHARISMATIC_LEADER, 14.0
51, 9, Policies, POLICY_DIPLOMATIC_LEAGUE, 200.0
51, 9, Policies, POLICY_LITERARY_TRADITION, 18.0
51, 9, Policies, POLICY_RAID, 2771.0
51, 9, Policies, POLICY_BASTIONS, 36.0
51, 9, Policies, POLICY_LIMES, 456.0
51, 9, Policies, POLICY_NATURAL_PHILOSOPHY, 132.0
51, 9, Policies, POLICY_SCRIPTURE, 116.0
51, 9, Policies, POLICY_NAVIGATION, 15.0
51, 9, Policies, POLICY_FEUDAL_CONTRACT, 16.0
51, 9, Policies, POLICY_RETAINERS, 266.0
51, 9, Policies, POLICY_PROFESSIONAL_ARMY, 70.0
51, 9, Policies, POLICY_TRADE_CONFEDERATION, 50.0
51, 9, Policies, POLICY_MERCHANT_CONFEDERATION, 55.0
51, 9, Policies, POLICY_AESTHETICS, 14.0
51, 9, Policies, POLICY_CRAFTSMEN, 71.0
51, 9, Policies, POLICY_TRAVELING_MERCHANTS, 21.0
51, 9, Policies, POLICY_COLONIAL_OFFICES, 1335.0
51, 9, Policies, POLICY_INVENTION, 84.0
51, 9, Policies, POLICY_FRESCOES, 18.0
51, 9, Policies, POLICY_WARS_OF_RELIGION, 10.0
51, 9, Policies, POLICY_RELIGIOUS_ORDERS, 320.0
51, 9, Policies, POLICY_SIMULTANEUM, 151.0
51, 9, Policies, POLICY_LOGISTICS, 423.0
51, 9, Policies, POLICY_TRIANGULAR_TRADE, 68.0
51, 9, Policies, POLICY_LIBERALISM, 374.0
51, 9, Policies, POLICY_COLONIAL_TAXES, 1427.0
51, 9, Policies, POLICY_SYMPHONIES, 31.0
51, 9, Policies, POLICY_PRAETORIUM, 2359.0
51, 9, Policies, POLICY_CIVIL_PRESTIGE, 802.0
51, 9, Policies, POLICY_DRILL_MANUALS, 35.0
51, 10, Civic, CIVIC_MILITARY_TRAINING, 164.7, 1
51, 10, Civic, CIVIC_NAVAL_TRADITION, 66.4, 21
51, 10, Civic, CIVIC_MERCENARIES, 312.1, 2
51, 10, Civic, CIVIC_MEDIEVAL_FAIRES, 140.7, 1
51, 10, Civic, CIVIC_GUILDS, 140.7, 1
51, 10, Civic, CIVIC_DIVINE_RIGHT, 255.5, 26
51, 10, Civic, CIVIC_EXPLORATION, 452.8, 52
51, 10, Civic, CIVIC_HUMANISM, 281.3, 69
51, 10, Civic, CIVIC_DIPLOMATIC_SERVICE, 140.7, 68
51, 10, Civic, CIVIC_REFORMED_CHURCH, 396.1, 76
51, 10, Civic, CIVIC_MERCANTILISM, 281.3, 149
51, 10, Civic, CIVIC_THE_ENLIGHTENMENT, 281.3, 216
51, 10, Policies, POLICY_URBAN_PLANNING, 14.0
51, 10, Policies, POLICY_CARAVANSARIES, 14.0
51, 10, Policies, POLICY_CONSCRIPTION, 51.0
51, 10, Policies, POLICY_CHARISMATIC_LEADER, 14.0
51, 10, Policies, POLICY_BASTIONS, 6.0
51, 10, Policies, POLICY_LIMES, 48.0
51, 10, Policies, POLICY_RETAINERS, 79.0
51, 10, Policies, POLICY_TRADE_CONFEDERATION, 28.0
51, 10, Policies, POLICY_PRAETORIUM, 23.0
51, 10, Policies, POLICY_CIVIL_PRESTIGE, 164.0
51, 10, Policies, POLICY_SOVEREIGN_STATE, 80.0
51, 12, Civic, CIVIC_MILITARY_TRAINING, 200.7, 1
51, 12, Civic, CIVIC_NAVAL_TRADITION, 66.4, 21
51, 12, Civic, CIVIC_MERCENARIES, 348.1, 2
51, 12, Civic, CIVIC_MEDIEVAL_FAIRES, 140.7, 1
51, 12, Civic, CIVIC_GUILDS, 140.7, 1
51, 12, Civic, CIVIC_DIVINE_RIGHT, 198.6, 24
51, 12, Civic, CIVIC_EXPLORATION, 488.8, 52
51, 12, Civic, CIVIC_HUMANISM, 281.3, 68
51, 12, Civic, CIVIC_DIPLOMATIC_SERVICE, 140.7, 67
51, 12, Civic, CIVIC_REFORMED_CHURCH, 339.3, 74
51, 12, Civic, CIVIC_MERCANTILISM, 281.3, 147
51, 12, Civic, CIVIC_THE_ENLIGHTENMENT, 281.3, 213
51, 12, Policies, POLICY_URBAN_PLANNING, 14.0
51, 12, Policies, POLICY_CARAVANSARIES, 14.0
51, 12, Policies, POLICY_CONSCRIPTION, 29.0
51, 12, Policies, POLICY_INSULAE, 40.0
51, 12, Policies, POLICY_CHARISMATIC_LEADER, 14.0
51, 12, Policies, POLICY_BASTIONS, 6.0
51, 12, Policies, POLICY_LIMES, 61.0
51, 12, Policies, POLICY_NATURAL_PHILOSOPHY, 28.0
51, 12, Policies, POLICY_FEUDAL_CONTRACT, 1.0
51, 12, Policies, POLICY_TRADE_CONFEDERATION, 28.0
51, 12, Policies, POLICY_PRAETORIUM, 29.0
51, 12, Policies, POLICY_CIVIL_PRESTIGE, 130.0
51, 12, Policies, POLICY_EQUESTRIAN_ORDERS, 56.0
51, 12, Policies, POLICY_SOVEREIGN_STATE, 80.0
51, 13, Civic, CIVIC_MILITARY_TRAINING, 164.7, 1
51, 13, Civic, CIVIC_NAVAL_TRADITION, 74.4, 21
51, 13, Civic, CIVIC_MERCENARIES, 312.1, 2
51, 13, Civic, CIVIC_MEDIEVAL_FAIRES, 140.7, 1
51, 13, Civic, CIVIC_GUILDS, 140.7, 1
51, 13, Civic, CIVIC_DIVINE_RIGHT, 213.2, 26
51, 13, Civic, CIVIC_EXPLORATION, 452.8, 52
51, 13, Civic, CIVIC_HUMANISM, 281.3, 69
51, 13, Civic, CIVIC_DIPLOMATIC_SERVICE, 140.7, 68
51, 13, Civic, CIVIC_REFORMED_CHURCH, 353.8, 76
51, 13, Civic, CIVIC_MERCANTILISM, 281.3, 149
51, 13, Civic, CIVIC_THE_ENLIGHTENMENT, 281.3, 216
51, 13, Policies, POLICY_URBAN_PLANNING, 14.0
51, 13, Policies, POLICY_CARAVANSARIES, 14.0
51, 13, Policies, POLICY_CONSCRIPTION, 29.0
51, 13, Policies, POLICY_INSULAE, 71.0
51, 13, Policies, POLICY_CHARISMATIC_LEADER, 14.0
51, 13, Policies, POLICY_BASTIONS, 6.0
51, 13, Policies, POLICY_LIMES, 49.0
51, 13, Policies, POLICY_NAVAL_INFRASTRUCTURE, 28.0
51, 13, Policies, POLICY_RETAINERS, 87.0
51, 13, Policies, POLICY_TRADE_CONFEDERATION, 28.0
51, 13, Policies, POLICY_PRAETORIUM, 20.0
51, 13, Policies, POLICY_CIVIL_PRESTIGE, 158.0
51, 13, Policies, POLICY_SOVEREIGN_STATE, 80.0
51, 14, Civic, CIVIC_MILITARY_TRAINING, 164.7, 1
51, 14, Civic, CIVIC_NAVAL_TRADITION, 74.4, 21
51, 14, Civic, CIVIC_MERCENARIES, 342.1, 2
51, 14, Civic, CIVIC_MEDIEVAL_FAIRES, 140.7, 1
51, 14, Civic, CIVIC_GUILDS, 140.7, 1
51, 14, Civic, CIVIC_DIVINE_RIGHT, 165.6, 27
51, 14, Civic, CIVIC_EXPLORATION, 482.8, 52
51, 14, Civic, CIVIC_HUMANISM, 281.3, 69
51, 14, Civic, CIVIC_DIPLOMATIC_SERVICE, 140.7, 68
51, 14, Civic, CIVIC_REFORMED_CHURCH, 306.3, 77
51, 14, Civic, CIVIC_MERCANTILISM, 281.3, 149
51, 14, Civic, CIVIC_THE_ENLIGHTENMENT, 281.3, 216
51, 14, Policies, POLICY_URBAN_PLANNING, 14.0
51, 14, Policies, POLICY_CARAVANSARIES, 29.0
51, 14, Policies, POLICY_CONSCRIPTION, 7.0
51, 14, Policies, POLICY_INSULAE, 20.0
51, 14, Policies, POLICY_CHARISMATIC_LEADER, 14.0
51, 14, Policies, POLICY_BASTIONS, 6.0
51, 14, Policies, POLICY_LIMES, 12.0
51, 14, Policies, POLICY_NAVAL_INFRASTRUCTURE, 28.0
51, 14, Policies, POLICY_FEUDAL_CONTRACT, 2.0
51, 14, Policies, POLICY_RETAINERS, 14.0
51, 14, Policies, POLICY_TRADE_CONFEDERATION, 58.0
51, 14, Policies, POLICY_TOWN_CHARTERS, 14.0
51, 14, Policies, POLICY_PRAETORIUM, 26.0
51, 14, Policies, POLICY_CIVIL_PRESTIGE, 34.0
51, 14, Policies, POLICY_SOVEREIGN_STATE, 80.0
51, 15, Civic, CIVIC_MILITARY_TRAINING, 164.7, 1
51, 15, Civic, CIVIC_NAVAL_TRADITION, 71.1, 20
51, 15, Civic, CIVIC_MERCENARIES, 312.1, 2
51, 15, Civic, CIVIC_MEDIEVAL_FAIRES, 140.7, 1
51, 15, Civic, CIVIC_GUILDS, 140.7, 1
51, 15, Civic, CIVIC_DIVINE_RIGHT, 200.3, 25
51, 15, Civic, CIVIC_EXPLORATION, 452.8, 50
51, 15, Civic, CIVIC_HUMANISM, 281.3, 66
51, 15, Civic, CIVIC_DIPLOMATIC_SERVICE, 140.7, 65
51, 15, Civic, CIVIC_REFORMED_CHURCH, 341.0, 73
51, 15, Civic, CIVIC_MERCANTILISM, 281.3, 142
51, 15, Civic, CIVIC_THE_ENLIGHTENMENT, 281.3, 206
51, 15, Policies, POLICY_URBAN_PLANNING, 14.0
51, 15, Policies, POLICY_CARAVANSARIES, 14.0
51, 15, Policies, POLICY_CONSCRIPTION, 51.0
51, 15, Policies, POLICY_CHARISMATIC_LEADER, 14.0
51, 15, Policies, POLICY_BASTIONS, 6.0
51, 15, Policies, POLICY_RETAINERS, 14.0
51, 15, Policies, POLICY_TRADE_CONFEDERATION, 28.0
51, 15, Policies, POLICY_PRAETORIUM, 29.0
51, 15, Policies, POLICY_CIVIL_PRESTIGE, 72.0
51, 15, Policies, POLICY_EQUESTRIAN_ORDERS, 18.0
51, 15, Policies, POLICY_SOVEREIGN_STATE, 80.0
51, 17, Civic, CIVIC_NAVAL_TRADITION, 89.7, 13
51, 17, Civic, CIVIC_MERCENARIES, 152.6, 1
51, 17, Civic, CIVIC_DIVINE_RIGHT, 166.2, 26
51, 17, Civic, CIVIC_EXPLORATION, 242.7, 46
51, 17, Civic, CIVIC_HUMANISM, 0.0, 65
51, 17, Civic, CIVIC_DIPLOMATIC_SERVICE, 0.0, 65
51, 17, Civic, CIVIC_REFORMED_CHURCH, 166.2, 71
51, 17, Civic, CIVIC_MERCANTILISM, 0.0, 145
51, 17, Civic, CIVIC_THE_ENLIGHTENMENT, 0.0, 210
51, 17, Civic, CIVIC_COLONIALISM, 0.0, 235
51, 17, Civic, CIVIC_CIVIL_ENGINEERING, 0.0, 260
51, 17, Civic, CIVIC_NATIONALISM, 0.0, 325
51, 17, Civic, CIVIC_OPERA_BALLET, 0.0, 300
51, 17, Policies, POLICY_URBAN_PLANNING, 14.0
51, 17, Policies, POLICY_CARAVANSARIES, 14.0
51, 17, Policies, POLICY_CONSCRIPTION, 44.0
51, 17, Policies, POLICY_CHARISMATIC_LEADER, 14.0
51, 17, Policies, POLICY_RAID, 10.0
51, 17, Policies, POLICY_BASTIONS, 6.0
51, 17, Policies, POLICY_LIMES, 13.0
51, 17, Policies, POLICY_FEUDAL_CONTRACT, 5.0
51, 17, Policies, POLICY_TRADE_CONFEDERATION, 28.0
51, 17, Policies, POLICY_CHIVALRY, 1.0
51, 17, Policies, POLICY_COLONIAL_OFFICES, 42.0
51, 17, Policies, POLICY_PRAETORIUM, 32.0
51, 17, Policies, POLICY_CIVIL_PRESTIGE, 118.0
51, 17, Policies, POLICY_EQUESTRIAN_ORDERS, 56.0
51, 17, Policies, POLICY_SOVEREIGN_STATE, 80.0
51, 20, Civic, CIVIC_MILITARY_TRAINING, 164.7, 1
51, 20, Civic, CIVIC_NAVAL_TRADITION, 74.3, 19
51, 20, Civic, CIVIC_MERCENARIES, 312.1, 2
51, 20, Civic, CIVIC_MEDIEVAL_FAIRES, 140.7, 1
51, 20, Civic, CIVIC_GUILDS, 140.7, 1
51, 20, Civic, CIVIC_DIVINE_RIGHT, 197.1, 21
51, 20, Civic, CIVIC_EXPLORATION, 541.4, 47
51, 20, Civic, CIVIC_HUMANISM, 281.3, 62
51, 20, Civic, CIVIC_DIPLOMATIC_SERVICE, 140.7, 61
51, 20, Civic, CIVIC_REFORMED_CHURCH, 337.7, 66
51, 20, Civic, CIVIC_MERCANTILISM, 281.3, 134
51, 20, Civic, CIVIC_THE_ENLIGHTENMENT, 281.3, 194
51, 20, Policies, POLICY_URBAN_PLANNING, 14.0
51, 20, Policies, POLICY_CARAVANSARIES, 14.0
51, 20, Policies, POLICY_CONSCRIPTION, 44.0
51, 20, Policies, POLICY_CHARISMATIC_LEADER, 14.0
51, 20, Policies, POLICY_BASTIONS, 6.0
51, 20, Policies, POLICY_LIMES, 40.0
51, 20, Policies, POLICY_RETAINERS, 79.0
51, 20, Policies, POLICY_TRADE_CONFEDERATION, 28.0
51, 20, Policies, POLICY_COLONIAL_OFFICES, 39.0
51, 20, Policies, POLICY_PRAETORIUM, 20.0
51, 20, Policies, POLICY_CIVIL_PRESTIGE, 118.0
51, 20, Policies, POLICY_SOVEREIGN_STATE, 80.0
51, 21, Civic, CIVIC_MILITARY_TRAINING, 192.7, 1
51, 21, Civic, CIVIC_NAVAL_TRADITION, 62.0, 23
51, 21, Civic, CIVIC_MERCENARIES, 340.1, 2
51, 21, Civic, CIVIC_MEDIEVAL_FAIRES, 140.7, 1
51, 21, Civic, CIVIC_GUILDS, 140.7, 1
51, 21, Civic, CIVIC_DIVINE_RIGHT, 199.1, 25
51, 21, Civic, CIVIC_EXPLORATION, 480.8, 58
51, 21, Civic, CIVIC_HUMANISM, 281.3, 77
51, 21, Civic, CIVIC_DIPLOMATIC_SERVICE, 140.7, 76
51, 21, Civic, CIVIC_REFORMED_CHURCH, 339.8, 81
51, 21, Civic, CIVIC_MERCANTILISM, 281.3, 166
51, 21, Civic, CIVIC_THE_ENLIGHTENMENT, 281.3, 241
51, 21, Policies, POLICY_URBAN_PLANNING, 14.0
51, 21, Policies, POLICY_CARAVANSARIES, 14.0
51, 21, Policies, POLICY_CONSCRIPTION, 66.0
51, 21, Policies, POLICY_CHARISMATIC_LEADER, 14.0
51, 21, Policies, POLICY_BASTIONS, 6.0
51, 21, Policies, POLICY_TRADE_CONFEDERATION, 28.0
51, 21, Policies, POLICY_PRAETORIUM, 32.0
51, 21, Policies, POLICY_CIVIL_PRESTIGE, 133.0
51, 21, Policies, POLICY_EQUESTRIAN_ORDERS, 48.0
51, 21, Policies, POLICY_SOVEREIGN_STATE, 80.0
51, 62, Civic, CIVIC_MILITARY_TRADITION, 96.1, 20
51, 62, Civic, CIVIC_STATE_WORKFORCE, 79.3, 28
51, 62, Civic, CIVIC_MYSTICISM, 130.4, 20
51, 62, Civic, CIVIC_GAMES_RECREATION, 79.3, 72
51, 62, Civic, CIVIC_POLITICAL_PHILOSOPHY, 79.3, 72
51, 62, Civic, CIVIC_DRAMA_POETRY, 26.3, 44
51, 62, Civic, CIVIC_MILITARY_TRAINING, 175.4, 140
51, 62, Civic, CIVIC_DEFENSIVE_TACTICS, 79.3, 186
51, 62, Civic, CIVIC_RECORDED_HISTORY, 105.6, 186
51, 62, Civic, CIVIC_THEOLOGY, 156.7, 112
51, 62, Policies, POLICY_CARAVANSARIES, 14.0
51, 0, Civic, CIVIC_NAVAL_TRADITION, 164.6, 1
51, 0, Civic, CIVIC_MERCENARIES, 342.6, 1
51, 0, Civic, CIVIC_EXPLORATION, 1548.2, 2
51, 0, Civic, CIVIC_HUMANISM, 177.8, 1
51, 0, Civic, CIVIC_DIPLOMATIC_SERVICE, 532.6, 1
51, 0, Civic, CIVIC_REFORMED_CHURCH, 596.0, 2
51, 0, Civic, CIVIC_MERCANTILISM, 565.5, 3
51, 0, Civic, CIVIC_THE_ENLIGHTENMENT, 1166.3, 4
51, 0, Civic, CIVIC_COLONIALISM, 1471.5, 7
51, 0, Civic, CIVIC_CIVIL_ENGINEERING, 1171141.3, 8
51, 0, Civic, CIVIC_NATIONALISM, 1136745.6, 9
51, 0, Civic, CIVIC_OPERA_BALLET, 1320.0, 8
51, 0, Policies, POLICY_SURVEY, 15.0
51, 0, Policies, POLICY_URBAN_PLANNING, 192.0
51, 0, Policies, POLICY_CARAVANSARIES, 113.0
51, 0, Policies, POLICY_CONSCRIPTION, 58.0
51, 0, Policies, POLICY_LAND_SURVEYORS, 267.5
51, 0, Policies, POLICY_COLONIZATION, 119.0
51, 0, Policies, POLICY_INSPIRATION, 25.0
51, 0, Policies, POLICY_CHARISMATIC_LEADER, 14.0
51, 0, Policies, POLICY_DIPLOMATIC_LEAGUE, 200.0
51, 0, Policies, POLICY_LITERARY_TRADITION, 15.0
51, 0, Policies, POLICY_RAID, 2546.0
51, 0, Policies, POLICY_LIMES, 956.0
51, 0, Policies, POLICY_NATURAL_PHILOSOPHY, 234.0
51, 0, Policies, POLICY_NAVAL_INFRASTRUCTURE, 40.0
51, 0, Policies, POLICY_NAVIGATION, 31.0
51, 0, Policies, POLICY_FEUDAL_CONTRACT, 32.0
51, 0, Policies, POLICY_RETAINERS, 148.0
51, 0, Policies, POLICY_PROFESSIONAL_ARMY, 36.0
51, 0, Policies, POLICY_TRADE_CONFEDERATION, 230.0
51, 0, Policies, POLICY_MERCHANT_CONFEDERATION, 91.0
51, 0, Policies, POLICY_TOWN_CHARTERS, 218.0
51, 0, Policies, POLICY_TRAVELING_MERCHANTS, 28.0
51, 0, Policies, POLICY_CHIVALRY, 24.0
51, 0, Policies, POLICY_COLONIAL_OFFICES, 669.0
51, 0, Policies, POLICY_INVENTION, 37.0
51, 0, Policies, POLICY_FRESCOES, 15.0
51, 0, Policies, POLICY_WARS_OF_RELIGION, 10.0
51, 0, Policies, POLICY_RELIGIOUS_ORDERS, 80.0
51, 0, Policies, POLICY_LOGISTICS, 71.0
51, 0, Policies, POLICY_TRIANGULAR_TRADE, 278.0
51, 0, Policies, POLICY_RATIONALISM, 249.0
51, 0, Policies, POLICY_FREE_MARKET, 188.0
51, 0, Policies, POLICY_LIBERALISM, 417.0
51, 0, Policies, POLICY_COLONIAL_TAXES, 888.0
51, 0, Policies, POLICY_PUBLIC_WORKS, 7.0
51, 0, Policies, POLICY_GRANDE_ARMEE, 32.0
51, 0, Policies, POLICY_NATIONAL_IDENTITY, 4.0
51, 0, Policies, POLICY_SYMPHONIES, 31.0
51, 0, Policies, POLICY_ECONOMIC_UNION, 210.0
51, 0, Policies, POLICY_PRAETORIUM, 967.0
51, 0, Policies, POLICY_CIVIL_PRESTIGE, 961.0
51, 0, Policies, POLICY_EQUESTRIAN_ORDERS, 15.0
51, 0, Policies, POLICY_DRILL_MANUALS, 15.0
51, 0, Policies, POLICY_HARD_SHELL_EXPLOSIVES, 15.0
51, 0, Policies, POLICY_EMPIRICAL_METHOD, 262.0
51, 1, Civic, CIVIC_THEOLOGY, 174.7, 1
51, 1, Civic, CIVIC_NAVAL_TRADITION, 201.6, 1
51, 1, Civic, CIVIC_DIVINE_RIGHT, 942.5, 2
51, 1, Civic, CIVIC_REFORMED_CHURCH, 1480.7, 3
51, 1, Civic, CIVIC_MERCANTILISM, 535.7, 1
51, 1, Civic, CIVIC_THE_ENLIGHTENMENT, 707.6, 1
51, 1, Civic, CIVIC_COLONIALISM, 1721.1, 3
51, 1, Civic, CIVIC_CIVIL_ENGINEERING, 1232145.5, 2
51, 1, Civic, CIVIC_NATIONALISM, 1155785.3, 4
51, 1, Civic, CIVIC_OPERA_BALLET, 950.3, 3
51, 1, Civic, CIVIC_NATURAL_HISTORY, 2008.5, 6
51, 1, Civic, CIVIC_SCORCHED_EARTH, 1155913.8, 8
51, 1, Civic, CIVIC_URBANIZATION, 2388120.3, 10
51, 1, Policies, POLICY_SURVEY, 15.0
51, 1, Policies, POLICY_GOD_KING, 24.0
51, 1, Policies, POLICY_URBAN_PLANNING, 198.0
51, 1, Policies, POLICY_CARAVANSARIES, 159.0
51, 1, Policies, POLICY_CONSCRIPTION, 14.0
51, 1, Policies, POLICY_LAND_SURVEYORS, 297.0
51, 1, Policies, POLICY_COLONIZATION, 167.0
51, 1, Policies, POLICY_INSPIRATION, 48.0
51, 1, Policies, POLICY_CHARISMATIC_LEADER, 14.0
51, 1, Policies, POLICY_DIPLOMATIC_LEAGUE, 200.0
51, 1, Policies, POLICY_LITERARY_TRADITION, 34.0
51, 1, Policies, POLICY_RAID, 2546.0
51, 1, Policies, POLICY_LIMES, 1240.0
51, 1, Policies, POLICY_NATURAL_PHILOSOPHY, 289.0
51, 1, Policies, POLICY_NAVAL_INFRASTRUCTURE, 77.0
51, 1, Policies, POLICY_NAVIGATION, 47.0
51, 1, Policies, POLICY_RETAINERS, 56.0
51, 1, Policies, POLICY_TRADE_CONFEDERATION, 420.0
51, 1, Policies, POLICY_MERCHANT_CONFEDERATION, 216.0
51, 1, Policies, POLICY_AESTHETICS, 102.0
51, 1, Policies, POLICY_CRAFTSMEN, 102.0
51, 1, Policies, POLICY_TOWN_CHARTERS, 248.0
51, 1, Policies, POLICY_TRAVELING_MERCHANTS, 37.0
51, 1, Policies, POLICY_PRESS_GANGS, 87.0
51, 1, Policies, POLICY_COLONIAL_OFFICES, 831.0
51, 1, Policies, POLICY_INVENTION, 112.0
51, 1, Policies, POLICY_FRESCOES, 34.0
51, 1, Policies, POLICY_MACHIAVELLIANISM, 143.0
51, 1, Policies, POLICY_LOGISTICS, 8.0
51, 1, Policies, POLICY_TRIANGULAR_TRADE, 415.0
51, 1, Policies, POLICY_RATIONALISM, 634.0
51, 1, Policies, POLICY_FREE_MARKET, 150.0
51, 1, Policies, POLICY_LIBERALISM, 84.0
51, 1, Policies, POLICY_COLONIAL_TAXES, 1097.0
51, 1, Policies, POLICY_PUBLIC_WORKS, 38.0
51, 1, Policies, POLICY_NATIONAL_IDENTITY, 1.0
51, 1, Policies, POLICY_GRAND_OPERA, 88.0
51, 1, Policies, POLICY_SYMPHONIES, 62.0
51, 1, Policies, POLICY_TOTAL_WAR, 2546.0
51, 1, Policies, POLICY_EXPROPRIATION, 464.0
51, 1, Policies, POLICY_MILITARY_RESEARCH, 2304.0
51, 1, Policies, POLICY_ECONOMIC_UNION, 388.0
51, 1, Policies, POLICY_PRAETORIUM, 1201.0
51, 1, Policies, POLICY_CIVIL_PRESTIGE, 738.0
51, 1, Policies, POLICY_WISSELBANKEN, 80.0
51, 1, Policies, POLICY_EQUESTRIAN_ORDERS, 80.0
51, 1, Policies, POLICY_EMPIRICAL_METHOD, 234.0
51, 1, Policies, POLICY_MASTER_ARTISANS, 117.0
51, 2, Civic, CIVIC_NAVAL_TRADITION, 167.6, 1
51, 2, Civic, CIVIC_EXPLORATION, 1071.9, 1
51, 2, Civic, CIVIC_HUMANISM, 171.8, 1
51, 2, Civic, CIVIC_DIPLOMATIC_SERVICE, 532.6, 1
51, 2, Civic, CIVIC_MERCANTILISM, 474.1, 4
51, 2, Civic, CIVIC_THE_ENLIGHTENMENT, 911.3, 4
51, 2, Civic, CIVIC_COLONIALISM, 1369.6, 8
51, 2, Civic, CIVIC_CIVIL_ENGINEERING, 1123725.1, 9
51, 2, Civic, CIVIC_NATIONALISM, 1124773.9, 9
51, 2, Civic, CIVIC_OPERA_BALLET, 1085.0, 8
51, 2, Policies, POLICY_SURVEY, 37.0
51, 2, Policies, POLICY_URBAN_PLANNING, 126.0
51, 2, Policies, POLICY_CARAVANSARIES, 61.0
51, 2, Policies, POLICY_CONSCRIPTION, 44.0
51, 2, Policies, POLICY_LAND_SURVEYORS, 297.5
51, 2, Policies, POLICY_COLONIZATION, 91.0
51, 2, Policies, POLICY_INSPIRATION, 15.0
51, 2, Policies, POLICY_CHARISMATIC_LEADER, 14.0
51, 2, Policies, POLICY_DIPLOMATIC_LEAGUE, 300.0
51, 2, Policies, POLICY_LITERARY_TRADITION, 15.0
51, 2, Policies, POLICY_RAID, 2301.0
51, 2, Policies, POLICY_LIMES, 877.0
51, 2, Policies, POLICY_NATURAL_PHILOSOPHY, 104.0
51, 2, Policies, POLICY_SCRIPTURE, 231.0
51, 2, Policies, POLICY_NAVAL_INFRASTRUCTURE, 31.0
51, 2, Policies, POLICY_NAVIGATION, 31.0
51, 2, Policies, POLICY_RETAINERS, 42.0
51, 2, Policies, POLICY_PROFESSIONAL_ARMY, 96.0
51, 2, Policies, POLICY_TRADE_CONFEDERATION, 117.0
51, 2, Policies, POLICY_MERCHANT_CONFEDERATION, 102.0
51, 2, Policies, POLICY_TOWN_CHARTERS, 83.0
51, 2, Policies, POLICY_TRAVELING_MERCHANTS, 18.0
51, 2, Policies, POLICY_COLONIAL_OFFICES, 475.0
51, 2, Policies, POLICY_INVENTION, 31.0
51, 2, Policies, POLICY_FRESCOES, 15.0
51, 2, Policies, POLICY_WARS_OF_RELIGION, 10.0
51, 2, Policies, POLICY_RELIGIOUS_ORDERS, 64.0
51, 2, Policies, POLICY_SIMULTANEUM, 586.0
51, 2, Policies, POLICY_LOGISTICS, 35.0
51, 2, Policies, POLICY_TRIANGULAR_TRADE, 198.0
51, 2, Policies, POLICY_RATIONALISM, 126.0
51, 2, Policies, POLICY_FREE_MARKET, 85.0
51, 2, Policies, POLICY_LIBERALISM, 70.0
51, 2, Policies, POLICY_COLONIAL_TAXES, 783.0
51, 2, Policies, POLICY_PUBLIC_WORKS, 28.0
51, 2, Policies, POLICY_NATIONAL_IDENTITY, 5.0
51, 2, Policies, POLICY_SYMPHONIES, 31.0
51, 2, Policies, POLICY_ECONOMIC_UNION, 109.0
51, 2, Policies, POLICY_PRAETORIUM, 603.0
51, 2, Policies, POLICY_CIVIL_PRESTIGE, 660.0
51, 2, Policies, POLICY_WISSELBANKEN, 69.0
51, 2, Policies, POLICY_EQUESTRIAN_ORDERS, 20.0
51, 2, Policies, POLICY_DRILL_MANUALS, 70.0
51, 2, Policies, POLICY_EMPIRICAL_METHOD, 116.0
51, 3, Civic, CIVIC_NAVAL_TRADITION, 156.6, 1
51, 3, Civic, CIVIC_HUMANISM, 166.0, 2
51, 3, Civic, CIVIC_DIPLOMATIC_SERVICE, 511.1, 2
51, 3, Civic, CIVIC_REFORMED_CHURCH, 3662.6, 2
51, 3, Civic, CIVIC_MERCANTILISM, 979.2, 5
51, 3, Civic, CIVIC_THE_ENLIGHTENMENT, 1146.1, 7
51, 3, Civic, CIVIC_COLONIALISM, 2122.5, 10
51, 3, Civic, CIVIC_CIVIL_ENGINEERING, 979.2, 11
51, 3, Civic, CIVIC_NATIONALISM, 1146.1, 13
51, 3, Civic, CIVIC_OPERA_BALLET, 1299.4, 12
51, 3, Policies, POLICY_SURVEY, 37.0
51, 3, Policies, POLICY_URBAN_PLANNING, 198.0
51, 3, Policies, POLICY_CARAVANSARIES, 264.0
51, 3, Policies, POLICY_LAND_SURVEYORS, 324.0
51, 3, Policies, POLICY_COLONIZATION, 259.0
51, 3, Policies, POLICY_INSPIRATION, 20.0
51, 3, Policies, POLICY_CHARISMATIC_LEADER, 14.0
51, 3, Policies, POLICY_DIPLOMATIC_LEAGUE, 300.0
51, 3, Policies, POLICY_LITERARY_TRADITION, 17.0
51, 3, Policies, POLICY_RAID, 3285.0
51, 3, Policies, POLICY_LIMES, 1673.0
51, 3, Policies, POLICY_NATURAL_PHILOSOPHY, 37.0
51, 3, Policies, POLICY_SCRIPTURE, 1880.0
51, 3, Policies, POLICY_NAVIGATION, 15.0
51, 3, Policies, POLICY_RETAINERS, 238.0
51, 3, Policies, POLICY_TRADE_CONFEDERATION, 357.0
51, 3, Policies, POLICY_MERCHANT_CONFEDERATION, 161.0
51, 3, Policies, POLICY_TOWN_CHARTERS, 174.0
51, 3, Policies, POLICY_TRAVELING_MERCHANTS, 21.0
51, 3, Policies, POLICY_PRESS_GANGS, 73.0
51, 3, Policies, POLICY_COLONIAL_OFFICES, 494.0
51, 3, Policies, POLICY_INVENTION, 37.0
51, 3, Policies, POLICY_FRESCOES, 17.0
51, 3, Policies, POLICY_SIMULTANEUM, 2767.0
51, 3, Policies, POLICY_LOGISTICS, 1.0
51, 3, Policies, POLICY_TRIANGULAR_TRADE, 754.0
51, 3, Policies, POLICY_FREE_MARKET, 448.0
51, 3, Policies, POLICY_LIBERALISM, 780.0
51, 3, Policies, POLICY_COLONIAL_TAXES, 1190.0
51, 3, Policies, POLICY_SYMPHONIES, 31.0
51, 3, Policies, POLICY_PRAETORIUM, 602.0
51, 3, Policies, POLICY_CIVIL_PRESTIGE, 1411.0
51, 3, Policies, POLICY_EQUESTRIAN_ORDERS, 123.0
51, 4, Civic, CIVIC_NAVAL_TRADITION, 156.6, 1
51, 4, Civic, CIVIC_EXPLORATION, 1487.9, 1
51, 4, Civic, CIVIC_REFORMED_CHURCH, 688.8, 1
51, 4, Civic, CIVIC_MERCANTILISM, 536.8, 2
51, 4, Civic, CIVIC_COLONIALISM, 1932.4, 5
51, 4, Civic, CIVIC_CIVIL_ENGINEERING, 5046.1, 4
51, 4, Civic, CIVIC_OPERA_BALLET, 288.8, 3
51, 4, Civic, CIVIC_NATURAL_HISTORY, 2215.1, 8
51, 4, Civic, CIVIC_SCORCHED_EARTH, 2660.9, 4
51, 4, Civic, CIVIC_URBANIZATION, 7266.5, 8
51, 4, Policies, POLICY_SURVEY, 23.0
51, 4, Policies, POLICY_CARAVANSARIES, 174.0
51, 4, Policies, POLICY_CONSCRIPTION, 58.0
51, 4, Policies, POLICY_LAND_SURVEYORS, 285.0
51, 4, Policies, POLICY_COLONIZATION, 179.0
51, 4, Policies, POLICY_INSPIRATION, 29.0
51, 4, Policies, POLICY_CHARISMATIC_LEADER, 14.0
51, 4, Policies, POLICY_DIPLOMATIC_LEAGUE, 300.0
51, 4, Policies, POLICY_LITERARY_TRADITION, 18.0
51, 4, Policies, POLICY_RAID, 2790.0
51, 4, Policies, POLICY_LIMES, 865.0
51, 4, Policies, POLICY_NATURAL_PHILOSOPHY, 456.0
51, 4, Policies, POLICY_NAVAL_INFRASTRUCTURE, 11.0
51, 4, Policies, POLICY_NAVIGATION, 15.0
51, 4, Policies, POLICY_RETAINERS, 42.0
51, 4, Policies, POLICY_PROFESSIONAL_ARMY, 83.0
51, 4, Policies, POLICY_TRADE_CONFEDERATION, 395.0
51, 4, Policies, POLICY_MERCHANT_CONFEDERATION, 187.0
51, 4, Policies, POLICY_AESTHETICS, 58.0
51, 4, Policies, POLICY_CRAFTSMEN, 214.0
51, 4, Policies, POLICY_TOWN_CHARTERS, 216.0
51, 4, Policies, POLICY_TRAVELING_MERCHANTS, 28.0
51, 4, Policies, POLICY_COLONIAL_OFFICES, 900.0
51, 4, Policies, POLICY_INVENTION, 56.0
51, 4, Policies, POLICY_FRESCOES, 18.0
51, 4, Policies, POLICY_MACHIAVELLIANISM, 166.0
51, 4, Policies, POLICY_WARS_OF_RELIGION, 10.0
51, 4, Policies, POLICY_RELIGIOUS_ORDERS, 90.0
51, 4, Policies, POLICY_LOGISTICS, 69.0
51, 4, Policies, POLICY_TRIANGULAR_TRADE, 421.0
51, 4, Policies, POLICY_RATIONALISM, 670.0
51, 4, Policies, POLICY_FREE_MARKET, 108.0
51, 4, Policies, POLICY_LIBERALISM, 126.0
51, 4, Policies, POLICY_COLONIAL_TAXES, 1410.0
51, 4, Policies, POLICY_PUBLIC_WORKS, 38.0
51, 4, Policies, POLICY_NATIONAL_IDENTITY, 20.0
51, 4, Policies, POLICY_GRAND_OPERA, 112.0
51, 4, Policies, POLICY_SYMPHONIES, 31.0
51, 4, Policies, POLICY_TOTAL_WAR, 2790.0
51, 4, Policies, POLICY_EXPROPRIATION, 464.0
51, 4, Policies, POLICY_MILITARY_RESEARCH, 2220.0
51, 4, Policies, POLICY_ECONOMIC_UNION, 167.0
51, 4, Policies, POLICY_PRAETORIUM, 1349.0
51, 4, Policies, POLICY_CIVIL_PRESTIGE, 685.0
51, 4, Policies, POLICY_FORCE_MODERNIZATION, 83.0
51, 4, Policies, POLICY_EMPIRICAL_METHOD, 512.0
51, 4, Policies, POLICY_MASTER_ARTISANS, 176.0
51, 2, Civic, CIVIC_NAVAL_TRADITION, 167.6, 1
51, 2, Civic, CIVIC_EXPLORATION, 1071.9, 1
51, 2, Civic, CIVIC_HUMANISM, 171.8, 1
51, 2, Civic, CIVIC_DIPLOMATIC_SERVICE, 532.6, 1
51, 2, Civic, CIVIC_MERCANTILISM, 474.1, 4
51, 2, Civic, CIVIC_THE_ENLIGHTENMENT, 911.3, 4
51, 2, Civic, CIVIC_COLONIALISM, 1369.6, 8
51, 2, Civic, CIVIC_CIVIL_ENGINEERING, 1123725.1, 9
51, 2, Civic, CIVIC_NATIONALISM, 1124773.9, 9
51, 2, Civic, CIVIC_OPERA_BALLET, 1085.0, 8
51, 2, Policies, POLICY_SURVEY, 37.0
51, 2, Policies, POLICY_URBAN_PLANNING, 126.0
51, 2, Policies, POLICY_CARAVANSARIES, 61.0
51, 2, Policies, POLICY_CONSCRIPTION, 44.0
51, 2, Policies, POLICY_LAND_SURVEYORS, 297.5
51, 2, Policies, POLICY_COLONIZATION, 91.0
51, 2, Policies, POLICY_INSPIRATION, 15.0
51, 2, Policies, POLICY_CHARISMATIC_LEADER, 14.0
51, 2, Policies, POLICY_DIPLOMATIC_LEAGUE, 300.0
51, 2, Policies, POLICY_LITERARY_TRADITION, 15.0
51, 2, Policies, POLICY_RAID, 2301.0
51, 2, Policies, POLICY_LIMES, 877.0
51, 2, Policies, POLICY_NATURAL_PHILOSOPHY, 104.0
51, 2, Policies, POLICY_SCRIPTURE, 231.0
51, 2, Policies, POLICY_NAVAL_INFRASTRUCTURE, 31.0
51, 2, Policies, POLICY_NAVIGATION, 31.0
51, 2, Policies, POLICY_RETAINERS, 42.0
51, 2, Policies, POLICY_PROFESSIONAL_ARMY, 96.0
51, 2, Policies, POLICY_TRADE_CONFEDERATION, 117.0
51, 2, Policies, POLICY_MERCHANT_CONFEDERATION, 102.0
51, 2, Policies, POLICY_TOWN_CHARTERS, 83.0
51, 2, Policies, POLICY_TRAVELING_MERCHANTS, 18.0
51, 2, Policies, POLICY_COLONIAL_OFFICES, 475.0
51, 2, Policies, POLICY_INVENTION, 31.0
51, 2, Policies, POLICY_FRESCOES, 15.0
51, 2, Policies, POLICY_WARS_OF_RELIGION, 10.0
51, 2, Policies, POLICY_RELIGIOUS_ORDERS, 64.0
51, 2, Policies, POLICY_SIMULTANEUM, 586.0
51, 2, Policies, POLICY_LOGISTICS, 35.0
51, 2, Policies, POLICY_TRIANGULAR_TRADE, 198.0
51, 2, Policies, POLICY_RATIONALISM, 126.0
51, 2, Policies, POLICY_FREE_MARKET, 85.0
51, 2, Policies, POLICY_LIBERALISM, 70.0
51, 2, Policies, POLICY_COLONIAL_TAXES, 783.0
51, 2, Policies, POLICY_PUBLIC_WORKS, 28.0
51, 2, Policies, POLICY_NATIONAL_IDENTITY, 5.0
51, 2, Policies, POLICY_SYMPHONIES, 31.0
51, 2, Policies, POLICY_ECONOMIC_UNION, 109.0
51, 2, Policies, POLICY_PRAETORIUM, 603.0
51, 2, Policies, POLICY_CIVIL_PRESTIGE, 660.0
51, 2, Policies, POLICY_WISSELBANKEN, 69.0
51, 2, Policies, POLICY_EQUESTRIAN_ORDERS, 20.0
51, 2, Policies, POLICY_DRILL_MANUALS, 70.0
51, 2, Policies, POLICY_EMPIRICAL_METHOD, 116.0
51, 2, Civic, CIVIC_NAVAL_TRADITION, 167.6, 1
51, 2, Civic, CIVIC_EXPLORATION, 1071.9, 1
51, 2, Civic, CIVIC_HUMANISM, 171.8, 1
51, 2, Civic, CIVIC_DIPLOMATIC_SERVICE, 532.6, 1
51, 2, Civic, CIVIC_MERCANTILISM, 474.1, 4
51, 2, Civic, CIVIC_THE_ENLIGHTENMENT, 911.3, 4
51, 2, Civic, CIVIC_COLONIALISM, 1369.6, 8
51, 2, Civic, CIVIC_CIVIL_ENGINEERING, 1123725.1, 9
51, 2, Civic, CIVIC_NATIONALISM, 1124773.9, 9
51, 2, Civic, CIVIC_OPERA_BALLET, 1085.0, 8
51, 2, Policies, POLICY_SURVEY, 37.0
51, 2, Policies, POLICY_URBAN_PLANNING, 126.0
51, 2, Policies, POLICY_CARAVANSARIES, 61.0
51, 2, Policies, POLICY_CONSCRIPTION, 44.0
51, 2, Policies, POLICY_LAND_SURVEYORS, 297.5
51, 2, Policies, POLICY_COLONIZATION, 91.0
51, 2, Policies, POLICY_INSPIRATION, 15.0
51, 2, Policies, POLICY_CHARISMATIC_LEADER, 14.0
51, 2, Policies, POLICY_DIPLOMATIC_LEAGUE, 300.0
51, 2, Policies, POLICY_LITERARY_TRADITION, 15.0
51, 2, Policies, POLICY_RAID, 2301.0
51, 2, Policies, POLICY_LIMES, 877.0
51, 2, Policies, POLICY_NATURAL_PHILOSOPHY, 104.0
51, 2, Policies, POLICY_SCRIPTURE, 231.0
51, 2, Policies, POLICY_NAVAL_INFRASTRUCTURE, 31.0
51, 2, Policies, POLICY_NAVIGATION, 31.0
51, 2, Policies, POLICY_RETAINERS, 42.0
51, 2, Policies, POLICY_PROFESSIONAL_ARMY, 96.0
51, 2, Policies, POLICY_TRADE_CONFEDERATION, 117.0
51, 2, Policies, POLICY_MERCHANT_CONFEDERATION, 102.0
51, 2, Policies, POLICY_TOWN_CHARTERS, 83.0
51, 2, Policies, POLICY_TRAVELING_MERCHANTS, 18.0
51, 2, Policies, POLICY_COLONIAL_OFFICES, 475.0
51, 2, Policies, POLICY_INVENTION, 31.0
51, 2, Policies, POLICY_FRESCOES, 15.0
51, 2, Policies, POLICY_WARS_OF_RELIGION, 10.0
51, 2, Policies, POLICY_RELIGIOUS_ORDERS, 64.0
51, 2, Policies, POLICY_SIMULTANEUM, 586.0
51, 2, Policies, POLICY_LOGISTICS, 35.0
51, 2, Policies, POLICY_TRIANGULAR_TRADE, 198.0
51, 2, Policies, POLICY_RATIONALISM, 126.0
51, 2, Policies, POLICY_FREE_MARKET, 85.0
51, 2, Policies, POLICY_LIBERALISM, 70.0
51, 2, Policies, POLICY_COLONIAL_TAXES, 783.0
51, 2, Policies, POLICY_PUBLIC_WORKS, 28.0
51, 2, Policies, POLICY_NATIONAL_IDENTITY, 5.0
51, 2, Policies, POLICY_SYMPHONIES, 31.0
51, 2, Policies, POLICY_ECONOMIC_UNION, 109.0
51, 2, Policies, POLICY_PRAETORIUM, 603.0
51, 2, Policies, POLICY_CIVIL_PRESTIGE, 660.0
51, 2, Policies, POLICY_WISSELBANKEN, 69.0
51, 2, Policies, POLICY_EQUESTRIAN_ORDERS, 20.0
51, 2, Policies, POLICY_DRILL_MANUALS, 70.0
51, 2, Policies, POLICY_EMPIRICAL_METHOD, 116.0
51, 3, Civic, CIVIC_NAVAL_TRADITION, 156.6, 1
51, 3, Civic, CIVIC_HUMANISM, 166.0, 2
51, 3, Civic, CIVIC_DIPLOMATIC_SERVICE, 511.1, 2
51, 3, Civic, CIVIC_REFORMED_CHURCH, 3662.6, 2
51, 3, Civic, CIVIC_MERCANTILISM, 979.2, 5
51, 3, Civic, CIVIC_THE_ENLIGHTENMENT, 1146.1, 7
51, 3, Civic, CIVIC_COLONIALISM, 2122.5, 10
51, 3, Civic, CIVIC_CIVIL_ENGINEERING, 979.2, 11
51, 3, Civic, CIVIC_NATIONALISM, 1146.1, 13
51, 3, Civic, CIVIC_OPERA_BALLET, 1299.4, 12
51, 3, Policies, POLICY_SURVEY, 37.0
51, 3, Policies, POLICY_URBAN_PLANNING, 198.0
51, 3, Policies, POLICY_CARAVANSARIES, 264.0
51, 3, Policies, POLICY_LAND_SURVEYORS, 324.0
51, 3, Policies, POLICY_COLONIZATION, 259.0
51, 3, Policies, POLICY_INSPIRATION, 20.0
51, 3, Policies, POLICY_CHARISMATIC_LEADER, 14.0
51, 3, Policies, POLICY_DIPLOMATIC_LEAGUE, 300.0
51, 3, Policies, POLICY_LITERARY_TRADITION, 17.0
51, 3, Policies, POLICY_RAID, 3285.0
51, 3, Policies, POLICY_LIMES, 1673.0
51, 3, Policies, POLICY_NATURAL_PHILOSOPHY, 37.0
51, 3, Policies, POLICY_SCRIPTURE, 1880.0
51, 3, Policies, POLICY_NAVIGATION, 15.0
51, 3, Policies, POLICY_RETAINERS, 238.0
51, 3, Policies, POLICY_TRADE_CONFEDERATION, 357.0
51, 3, Policies, POLICY_MERCHANT_CONFEDERATION, 161.0
51, 3, Policies, POLICY_TOWN_CHARTERS, 174.0
51, 3, Policies, POLICY_TRAVELING_MERCHANTS, 21.0
51, 3, Policies, POLICY_PRESS_GANGS, 73.0
51, 3, Policies, POLICY_COLONIAL_OFFICES, 494.0
51, 3, Policies, POLICY_INVENTION, 37.0
51, 3, Policies, POLICY_FRESCOES, 17.0
51, 3, Policies, POLICY_SIMULTANEUM, 2767.0
51, 3, Policies, POLICY_LOGISTICS, 1.0
51, 3, Policies, POLICY_TRIANGULAR_TRADE, 754.0
51, 3, Policies, POLICY_FREE_MARKET, 448.0
51, 3, Policies, POLICY_LIBERALISM, 780.0
51, 3, Policies, POLICY_COLONIAL_TAXES, 1190.0
51, 3, Policies, POLICY_SYMPHONIES, 31.0
51, 3, Policies, POLICY_PRAETORIUM, 602.0
51, 3, Policies, POLICY_CIVIL_PRESTIGE, 1411.0
51, 3, Policies, POLICY_EQUESTRIAN_ORDERS, 123.0
51, 3, Civic, CIVIC_NAVAL_TRADITION, 156.6, 1
51, 3, Civic, CIVIC_HUMANISM, 166.0, 2
51, 3, Civic, CIVIC_DIPLOMATIC_SERVICE, 511.1, 2
51, 3, Civic, CIVIC_REFORMED_CHURCH, 3662.6, 2
51, 3, Civic, CIVIC_MERCANTILISM, 979.2, 5
51, 3, Civic, CIVIC_THE_ENLIGHTENMENT, 1146.1, 7
51, 3, Civic, CIVIC_COLONIALISM, 2122.5, 10
51, 3, Civic, CIVIC_CIVIL_ENGINEERING, 979.2, 11
51, 3, Civic, CIVIC_NATIONALISM, 1146.1, 13
51, 3, Civic, CIVIC_OPERA_BALLET, 1299.4, 12
51, 3, Policies, POLICY_SURVEY, 37.0
51, 3, Policies, POLICY_URBAN_PLANNING, 198.0
51, 3, Policies, POLICY_CARAVANSARIES, 264.0
51, 3, Policies, POLICY_LAND_SURVEYORS, 324.0
51, 3, Policies, POLICY_COLONIZATION, 259.0
51, 3, Policies, POLICY_INSPIRATION, 20.0
51, 3, Policies, POLICY_CHARISMATIC_LEADER, 14.0
51, 3, Policies, POLICY_DIPLOMATIC_LEAGUE, 300.0
51, 3, Policies, POLICY_LITERARY_TRADITION, 17.0
51, 3, Policies, POLICY_RAID, 3285.0
51, 3, Policies, POLICY_LIMES, 1673.0
51, 3, Policies, POLICY_NATURAL_PHILOSOPHY, 37.0
51, 3, Policies, POLICY_SCRIPTURE, 1880.0
51, 3, Policies, POLICY_NAVIGATION, 15.0
51, 3, Policies, POLICY_RETAINERS, 238.0
51, 3, Policies, POLICY_TRADE_CONFEDERATION, 357.0
51, 3, Policies, POLICY_MERCHANT_CONFEDERATION, 161.0
51, 3, Policies, POLICY_TOWN_CHARTERS, 174.0
51, 3, Policies, POLICY_TRAVELING_MERCHANTS, 21.0
51, 3, Policies, POLICY_PRESS_GANGS, 73.0
51, 3, Policies, POLICY_COLONIAL_OFFICES, 494.0
51, 3, Policies, POLICY_INVENTION, 37.0
51, 3, Policies, POLICY_FRESCOES, 17.0
51, 3, Policies, POLICY_SIMULTANEUM, 2767.0
51, 3, Policies, POLICY_LOGISTICS, 1.0
51, 3, Policies, POLICY_TRIANGULAR_TRADE, 754.0
51, 3, Policies, POLICY_FREE_MARKET, 448.0
51, 3, Policies, POLICY_LIBERALISM, 780.0
51, 3, Policies, POLICY_COLONIAL_TAXES, 1190.0
51, 3, Policies, POLICY_SYMPHONIES, 31.0
51, 3, Policies, POLICY_PRAETORIUM, 602.0
51, 3, Policies, POLICY_CIVIL_PRESTIGE, 1411.0
51, 3, Policies, POLICY_EQUESTRIAN_ORDERS, 123.0
51, 3, Civic, CIVIC_NAVAL_TRADITION, 156.6, 1
51, 3, Civic, CIVIC_HUMANISM, 166.0, 2
51, 3, Civic, CIVIC_DIPLOMATIC_SERVICE, 511.1, 2
51, 3, Civic, CIVIC_REFORMED_CHURCH, 3662.6, 2
51, 3, Civic, CIVIC_MERCANTILISM, 979.2, 5
51, 3, Civic, CIVIC_THE_ENLIGHTENMENT, 1146.1, 7
51, 3, Civic, CIVIC_COLONIALISM, 2122.5, 10
51, 3, Civic, CIVIC_CIVIL_ENGINEERING, 979.2, 11
51, 3, Civic, CIVIC_NATIONALISM, 1146.1, 13
51, 3, Civic, CIVIC_OPERA_BALLET, 1299.4, 12
51, 3, Policies, POLICY_SURVEY, 37.0
51, 3, Policies, POLICY_URBAN_PLANNING, 198.0
51, 3, Policies, POLICY_CARAVANSARIES, 264.0
51, 3, Policies, POLICY_LAND_SURVEYORS, 324.0
51, 3, Policies, POLICY_COLONIZATION, 259.0
51, 3, Policies, POLICY_INSPIRATION, 20.0
51, 3, Policies, POLICY_CHARISMATIC_LEADER, 14.0
51, 3, Policies, POLICY_DIPLOMATIC_LEAGUE, 300.0
51, 3, Policies, POLICY_LITERARY_TRADITION, 17.0
51, 3, Policies, POLICY_RAID, 3285.0
51, 3, Policies, POLICY_LIMES, 1673.0
51, 3, Policies, POLICY_NATURAL_PHILOSOPHY, 37.0
51, 3, Policies, POLICY_SCRIPTURE, 1880.0
51, 3, Policies, POLICY_NAVIGATION, 15.0
51, 3, Policies, POLICY_RETAINERS, 238.0
51, 3, Policies, POLICY_TRADE_CONFEDERATION, 357.0
51, 3, Policies, POLICY_MERCHANT_CONFEDERATION, 161.0
51, 3, Policies, POLICY_TOWN_CHARTERS, 174.0
51, 3, Policies, POLICY_TRAVELING_MERCHANTS, 21.0
51, 3, Policies, POLICY_PRESS_GANGS, 73.0
51, 3, Policies, POLICY_COLONIAL_OFFICES, 494.0
51, 3, Policies, POLICY_INVENTION, 37.0
51, 3, Policies, POLICY_FRESCOES, 17.0
51, 3, Policies, POLICY_SIMULTANEUM, 2767.0
51, 3, Policies, POLICY_LOGISTICS, 1.0
51, 3, Policies, POLICY_TRIANGULAR_TRADE, 754.0
51, 3, Policies, POLICY_FREE_MARKET, 448.0
51, 3, Policies, POLICY_LIBERALISM, 780.0
51, 3, Policies, POLICY_COLONIAL_TAXES, 1190.0
51, 3, Policies, POLICY_SYMPHONIES, 31.0
51, 3, Policies, POLICY_PRAETORIUM, 602.0
51, 3, Policies, POLICY_CIVIL_PRESTIGE, 1411.0
51, 3, Policies, POLICY_EQUESTRIAN_ORDERS, 123.0
51, 2, Civic, CIVIC_NAVAL_TRADITION, 167.6, 1
51, 2, Civic, CIVIC_EXPLORATION, 1071.9, 1
51, 2, Civic, CIVIC_HUMANISM, 171.8, 1
51, 2, Civic, CIVIC_DIPLOMATIC_SERVICE, 532.6, 1
51, 2, Civic, CIVIC_MERCANTILISM, 474.1, 4
51, 2, Civic, CIVIC_THE_ENLIGHTENMENT, 911.3, 4
51, 2, Civic, CIVIC_COLONIALISM, 1369.6, 8
51, 2, Civic, CIVIC_CIVIL_ENGINEERING, 1123725.1, 9
51, 2, Civic, CIVIC_NATIONALISM, 1124773.9, 9
51, 2, Civic, CIVIC_OPERA_BALLET, 1085.0, 8
51, 2, Policies, POLICY_SURVEY, 37.0
51, 2, Policies, POLICY_URBAN_PLANNING, 126.0
51, 2, Policies, POLICY_CARAVANSARIES, 61.0
51, 2, Policies, POLICY_CONSCRIPTION, 44.0
51, 2, Policies, POLICY_LAND_SURVEYORS, 297.5
51, 2, Policies, POLICY_COLONIZATION, 91.0
51, 2, Policies, POLICY_INSPIRATION, 15.0
51, 2, Policies, POLICY_CHARISMATIC_LEADER, 14.0
51, 2, Policies, POLICY_DIPLOMATIC_LEAGUE, 300.0
51, 2, Policies, POLICY_LITERARY_TRADITION, 15.0
51, 2, Policies, POLICY_RAID, 2301.0
51, 2, Policies, POLICY_LIMES, 877.0
51, 2, Policies, POLICY_NATURAL_PHILOSOPHY, 104.0
51, 2, Policies, POLICY_SCRIPTURE, 231.0
51, 2, Policies, POLICY_NAVAL_INFRASTRUCTURE, 31.0
51, 2, Policies, POLICY_NAVIGATION, 31.0
51, 2, Policies, POLICY_RETAINERS, 42.0
51, 2, Policies, POLICY_PROFESSIONAL_ARMY, 96.0
51, 2, Policies, POLICY_TRADE_CONFEDERATION, 117.0
51, 2, Policies, POLICY_MERCHANT_CONFEDERATION, 102.0
51, 2, Policies, POLICY_TOWN_CHARTERS, 83.0
51, 2, Policies, POLICY_TRAVELING_MERCHANTS, 18.0
51, 2, Policies, POLICY_COLONIAL_OFFICES, 475.0
51, 2, Policies, POLICY_INVENTION, 31.0
51, 2, Policies, POLICY_FRESCOES, 15.0
51, 2, Policies, POLICY_WARS_OF_RELIGION, 10.0
51, 2, Policies, POLICY_RELIGIOUS_ORDERS, 64.0
51, 2, Policies, POLICY_SIMULTANEUM, 586.0
51, 2, Policies, POLICY_LOGISTICS, 35.0
51, 2, Policies, POLICY_TRIANGULAR_TRADE, 198.0
51, 2, Policies, POLICY_RATIONALISM, 126.0
51, 2, Policies, POLICY_FREE_MARKET, 85.0
51, 2, Policies, POLICY_LIBERALISM, 70.0
51, 2, Policies, POLICY_COLONIAL_TAXES, 783.0
51, 2, Policies, POLICY_PUBLIC_WORKS, 28.0
51, 2, Policies, POLICY_NATIONAL_IDENTITY, 5.0
51, 2, Policies, POLICY_SYMPHONIES, 31.0
51, 2, Policies, POLICY_ECONOMIC_UNION, 109.0
51, 2, Policies, POLICY_PRAETORIUM, 603.0
51, 2, Policies, POLICY_CIVIL_PRESTIGE, 660.0
51, 2, Policies, POLICY_WISSELBANKEN, 69.0
51, 2, Policies, POLICY_EQUESTRIAN_ORDERS, 20.0
51, 2, Policies, POLICY_DRILL_MANUALS, 70.0
51, 2, Policies, POLICY_EMPIRICAL_METHOD, 116.0
51, 1, Civic, CIVIC_THEOLOGY, 174.7, 1
51, 1, Civic, CIVIC_NAVAL_TRADITION, 201.6, 1
51, 1, Civic, CIVIC_DIVINE_RIGHT, 942.5, 2
51, 1, Civic, CIVIC_REFORMED_CHURCH, 1480.7, 3
51, 1, Civic, CIVIC_MERCANTILISM, 535.7, 1
51, 1, Civic, CIVIC_THE_ENLIGHTENMENT, 707.6, 1
51, 1, Civic, CIVIC_COLONIALISM, 1721.1, 3
51, 1, Civic, CIVIC_CIVIL_ENGINEERING, 1232145.5, 2
51, 1, Civic, CIVIC_NATIONALISM, 1155785.3, 4
51, 1, Civic, CIVIC_OPERA_BALLET, 950.3, 3
51, 1, Civic, CIVIC_NATURAL_HISTORY, 2008.5, 6
51, 1, Civic, CIVIC_SCORCHED_EARTH, 1155913.8, 8
51, 1, Civic, CIVIC_URBANIZATION, 2388120.3, 10
51, 1, Policies, POLICY_SURVEY, 15.0
51, 1, Policies, POLICY_GOD_KING, 24.0
51, 1, Policies, POLICY_URBAN_PLANNING, 198.0
51, 1, Policies, POLICY_CARAVANSARIES, 159.0
51, 1, Policies, POLICY_CONSCRIPTION, 14.0
51, 1, Policies, POLICY_LAND_SURVEYORS, 297.0
51, 1, Policies, POLICY_COLONIZATION, 167.0
51, 1, Policies, POLICY_INSPIRATION, 48.0
51, 1, Policies, POLICY_CHARISMATIC_LEADER, 14.0
51, 1, Policies, POLICY_DIPLOMATIC_LEAGUE, 200.0
51, 1, Policies, POLICY_LITERARY_TRADITION, 34.0
51, 1, Policies, POLICY_RAID, 2546.0
51, 1, Policies, POLICY_LIMES, 1240.0
51, 1, Policies, POLICY_NATURAL_PHILOSOPHY, 289.0
51, 1, Policies, POLICY_NAVAL_INFRASTRUCTURE, 77.0
51, 1, Policies, POLICY_NAVIGATION, 47.0
51, 1, Policies, POLICY_RETAINERS, 56.0
51, 1, Policies, POLICY_TRADE_CONFEDERATION, 420.0
51, 1, Policies, POLICY_MERCHANT_CONFEDERATION, 216.0
51, 1, Policies, POLICY_AESTHETICS, 102.0
51, 1, Policies, POLICY_CRAFTSMEN, 102.0
51, 1, Policies, POLICY_TOWN_CHARTERS, 248.0
51, 1, Policies, POLICY_TRAVELING_MERCHANTS, 37.0
51, 1, Policies, POLICY_PRESS_GANGS, 87.0
51, 1, Policies, POLICY_COLONIAL_OFFICES, 831.0
51, 1, Policies, POLICY_INVENTION, 112.0
51, 1, Policies, POLICY_FRESCOES, 34.0
51, 1, Policies, POLICY_MACHIAVELLIANISM, 143.0
51, 1, Policies, POLICY_LOGISTICS, 8.0
51, 1, Policies, POLICY_TRIANGULAR_TRADE, 415.0
51, 1, Policies, POLICY_RATIONALISM, 634.0
51, 1, Policies, POLICY_FREE_MARKET, 150.0
51, 1, Policies, POLICY_LIBERALISM, 84.0
51, 1, Policies, POLICY_COLONIAL_TAXES, 1097.0
51, 1, Policies, POLICY_PUBLIC_WORKS, 38.0
51, 1, Policies, POLICY_NATIONAL_IDENTITY, 1.0
51, 1, Policies, POLICY_GRAND_OPERA, 88.0
51, 1, Policies, POLICY_SYMPHONIES, 62.0
51, 1, Policies, POLICY_TOTAL_WAR, 2546.0
51, 1, Policies, POLICY_EXPROPRIATION, 464.0
51, 1, Policies, POLICY_MILITARY_RESEARCH, 2304.0
51, 1, Policies, POLICY_ECONOMIC_UNION, 388.0
51, 1, Policies, POLICY_PRAETORIUM, 1201.0
51, 1, Policies, POLICY_CIVIL_PRESTIGE, 738.0
51, 1, Policies, POLICY_WISSELBANKEN, 80.0
51, 1, Policies, POLICY_EQUESTRIAN_ORDERS, 80.0
51, 1, Policies, POLICY_EMPIRICAL_METHOD, 234.0
51, 1, Policies, POLICY_MASTER_ARTISANS, 117.0
52, 5, Completed Civic, CIVIC_MERCENARIES
52, 5, Slot Policy, POLICY_CIVIL_PRESTIGE, 1342
52, 5, Slot Policy, POLICY_NATURAL_PHILOSOPHY, 193
52, 5, Slot Policy, POLICY_PRAETORIUM, 2265
52, 5, Slot Policy, POLICY_RAID, 2479
52, 5, Slot Policy, POLICY_URBAN_PLANNING, 168
52, 5, Slot Policy, POLICY_RETAINERS, 288
52, 5, Civic, CIVIC_THEOLOGY, 1218.7, 1
52, 5, Civic, CIVIC_NAVAL_TRADITION, 144.6, 1
52, 5, Civic, CIVIC_DIVINE_RIGHT, 2060.9, 2
52, 5, Civic, CIVIC_EXPLORATION, 1994.5, 1
52, 5, Civic, CIVIC_HUMANISM, 155.0, 2
52, 5, Civic, CIVIC_DIPLOMATIC_SERVICE, 511.1, 2
52, 5, Civic, CIVIC_REFORMED_CHURCH, 3251.9, 3
52, 5, Civic, CIVIC_MERCANTILISM, 468.4, 4
52, 5, Civic, CIVIC_THE_ENLIGHTENMENT, 892.2, 6
52, 5, Civic, CIVIC_COLONIALISM, 1647.8, 9
52, 5, Civic, CIVIC_CIVIL_ENGINEERING, 468.4, 11
52, 5, Civic, CIVIC_NATIONALISM, 892.2, 13
52, 5, Civic, CIVIC_OPERA_BALLET, 1019.7, 11
52, 5, Policies, POLICY_SURVEY, 36.0
52, 5, Policies, POLICY_GOD_KING, 14.0
52, 5, Policies, POLICY_URBAN_PLANNING, 168.0
52, 5, Policies, POLICY_CARAVANSARIES, 49.0
52, 5, Policies, POLICY_CONSCRIPTION, 220.0
52, 5, Policies, POLICY_LAND_SURVEYORS, 10.5
52, 5, Policies, POLICY_COLONIZATION, 57.0
52, 5, Policies, POLICY_INSPIRATION, 34.0
52, 5, Policies, POLICY_CHARISMATIC_LEADER, 14.0
52, 5, Policies, POLICY_DIPLOMATIC_LEAGUE, 200.0
52, 5, Policies, POLICY_LITERARY_TRADITION, 17.0
52, 5, Policies, POLICY_RAID, 2741.0
52, 5, Policies, POLICY_BASTIONS, 42.0
52, 5, Policies, POLICY_LIMES, 462.0
52, 5, Policies, POLICY_NATURAL_PHILOSOPHY, 196.0
52, 5, Policies, POLICY_SCRIPTURE, 102.0
52, 5, Policies, POLICY_NAVIGATION, 47.0
52, 5, Policies, POLICY_FEUDAL_CONTRACT, 38.0
52, 5, Policies, POLICY_RETAINERS, 179.0
52, 5, Policies, POLICY_PROFESSIONAL_ARMY, 89.0
52, 5, Policies, POLICY_TRADE_CONFEDERATION, 88.0
52, 5, Policies, POLICY_MERCHANT_CONFEDERATION, 62.0
52, 5, Policies, POLICY_CRAFTSMEN, 86.0
52, 5, Policies, POLICY_TOWN_CHARTERS, 38.0
52, 5, Policies, POLICY_TRAVELING_MERCHANTS, 21.0
52, 5, Policies, POLICY_COLONIAL_OFFICES, 1402.0
52, 5, Policies, POLICY_INVENTION, 84.0
52, 5, Policies, POLICY_FRESCOES, 17.0
52, 5, Policies, POLICY_WARS_OF_RELIGION, 10.0
52, 5, Policies, POLICY_RELIGIOUS_ORDERS, 301.0
52, 5, Policies, POLICY_SIMULTANEUM, 52.0
52, 5, Policies, POLICY_LOGISTICS, 349.0
52, 5, Policies, POLICY_TRIANGULAR_TRADE, 104.0
52, 5, Policies, POLICY_RATIONALISM, 198.0
52, 5, Policies, POLICY_FREE_MARKET, 54.0
52, 5, Policies, POLICY_LIBERALISM, 282.0
52, 5, Policies, POLICY_COLONIAL_TAXES, 1328.0
52, 5, Policies, POLICY_SYMPHONIES, 31.0
52, 5, Policies, POLICY_PRAETORIUM, 2425.0
52, 5, Policies, POLICY_CIVIL_PRESTIGE, 1196.0
52, 5, Policies, POLICY_EQUESTRIAN_ORDERS, 75.0
52, 5, Policies, POLICY_DRILL_MANUALS, 35.0
52, 5, Policies, POLICY_HARD_SHELL_EXPLOSIVES, 12.0
52, 6, Civic, CIVIC_NAVAL_TRADITION, 156.6, 1
52, 6, Civic, CIVIC_EXPLORATION, 2044.0, 2
52, 6, Civic, CIVIC_HUMANISM, 3179.1, 1
52, 6, Civic, CIVIC_REFORMED_CHURCH, 1458.9, 2
52, 6, Civic, CIVIC_MERCANTILISM, 325.1, 4
52, 6, Civic, CIVIC_THE_ENLIGHTENMENT, 348.7, 4
52, 6, Civic, CIVIC_COLONIALISM, 1674.5, 9
52, 6, Civic, CIVIC_CIVIL_ENGINEERING, 25053.4, 10
52, 6, Civic, CIVIC_NATIONALISM, 38135.9, 10
52, 6, Civic, CIVIC_OPERA_BALLET, 760.2, 9
52, 6, Policies, POLICY_SURVEY, 57.0
52, 6, Policies, POLICY_URBAN_PLANNING, 147.0
52, 6, Policies, POLICY_CARAVANSARIES, 49.0
52, 6, Policies, POLICY_CONSCRIPTION, 243.0
52, 6, Policies, POLICY_LAND_SURVEYORS, 238.0
52, 6, Policies, POLICY_COLONIZATION, 53.0
52, 6, Policies, POLICY_INSPIRATION, 32.0
52, 6, Policies, POLICY_CHARISMATIC_LEADER, 14.0
52, 6, Policies, POLICY_DIPLOMATIC_LEAGUE, 300.0
52, 6, Policies, POLICY_LITERARY_TRADITION, 34.0
52, 6, Policies, POLICY_RAID, 2741.0
52, 6, Policies, POLICY_BASTIONS, 42.0
52, 6, Policies, POLICY_LIMES, 1109.0
52, 6, Policies, POLICY_NATURAL_PHILOSOPHY, 151.0
52, 6, Policies, POLICY_SCRIPTURE, 408.0
52, 6, Policies, POLICY_NAVIGATION, 31.0
52, 6, Policies, POLICY_RETAINERS, 437.0
52, 6, Policies, POLICY_TRADE_CONFEDERATION, 88.0
52, 6, Policies, POLICY_MERCHANT_CONFEDERATION, 99.0
52, 6, Policies, POLICY_AESTHETICS, 116.0
52, 6, Policies, POLICY_TOWN_CHARTERS, 38.0
52, 6, Policies, POLICY_TRAVELING_MERCHANTS, 29.0
52, 6, Policies, POLICY_COLONIAL_OFFICES, 1477.0
52, 6, Policies, POLICY_INVENTION, 59.0
52, 6, Policies, POLICY_FRESCOES, 34.0
52, 6, Policies, POLICY_MACHIAVELLIANISM, 53.0
52, 6, Policies, POLICY_RELIGIOUS_ORDERS, 310.0
52, 6, Policies, POLICY_SIMULTANEUM, 969.0
52, 6, Policies, POLICY_LOGISTICS, 270.0
52, 6, Policies, POLICY_TRIANGULAR_TRADE, 140.0
52, 6, Policies, POLICY_RATIONALISM, 349.0
52, 6, Policies, POLICY_FREE_MARKET, 54.0
52, 6, Policies, POLICY_LIBERALISM, 451.0
52, 6, Policies, POLICY_COLONIAL_TAXES, 1563.0
52, 6, Policies, POLICY_PUBLIC_WORKS, 5.0
52, 6, Policies, POLICY_GRAND_OPERA, 112.0
52, 6, Policies, POLICY_SYMPHONIES, 62.0
52, 6, Policies, POLICY_ECONOMIC_UNION, 29.0
52, 6, Policies, POLICY_PRAETORIUM, 2339.0
52, 6, Policies, POLICY_CIVIL_PRESTIGE, 1559.0
52, 6, Policies, POLICY_EQUESTRIAN_ORDERS, 50.0
52, 6, Policies, POLICY_EMPIRICAL_METHOD, 146.0
52, 7, Completed Civic, CIVIC_MYSTICISM
52, 7, Slot Policy, POLICY_RAID, 2479
52, 7, Slot Policy, POLICY_RETAINERS, 370
52, 7, Slot Policy, POLICY_CIVIL_PRESTIGE, 1493
52, 7, Slot Policy, POLICY_PRAETORIUM, 2049
52, 7, Slot Policy, POLICY_LIMES, 296
52, 7, Slot Policy, POLICY_LIBERALISM, 536
52, 7, Civic, CIVIC_THEOLOGY, 6859.7, 1
52, 7, Civic, CIVIC_NAVAL_TRADITION, 144.6, 1
52, 7, Civic, CIVIC_MERCENARIES, 144.6, 1
52, 7, Civic, CIVIC_DIVINE_RIGHT, 1922.4, 2
52, 7, Civic, CIVIC_EXPLORATION, 1913.9, 2
52, 7, Civic, CIVIC_REFORMED_CHURCH, 2878.9, 3
52, 7, Civic, CIVIC_COLONIALISM, 1177.5, 2
52, 7, Civic, CIVIC_CIVIL_ENGINEERING, 291019.2, 3
52, 7, Civic, CIVIC_NATIONALISM, 291777.1, 3
52, 7, Civic, CIVIC_OPERA_BALLET, 1261.8, 2
52, 7, Civic, CIVIC_NATURAL_HISTORY, 1489.6, 3
52, 7, Civic, CIVIC_SCORCHED_EARTH, 196820.1, 6
52, 7, Civic, CIVIC_URBANIZATION, 584677.6, 9
52, 7, Civic, CIVIC_CONSERVATION, 1652.1, 7
52, 7, Civic, CIVIC_MASS_MEDIA, 778831.8, 16
52, 7, Civic, CIVIC_MOBILIZATION, 780470.8, 16
52, 7, Policies, POLICY_SURVEY, 84.0
52, 7, Policies, POLICY_GOD_KING, 22.0
52, 7, Policies, POLICY_CONSCRIPTION, 235.0
52, 7, Policies, POLICY_LAND_SURVEYORS, 169.0
52, 7, Policies, POLICY_COLONIZATION, 47.0
52, 7, Policies, POLICY_INSPIRATION, 36.0
52, 7, Policies, POLICY_CHARISMATIC_LEADER, 14.0
52, 7, Policies, POLICY_DIPLOMATIC_LEAGUE, 200.0
52, 7, Policies, POLICY_LITERARY_TRADITION, 50.0
52, 7, Policies, POLICY_RAID, 2741.0
52, 7, Policies, POLICY_BASTIONS, 36.0
52, 7, Policies, POLICY_LIMES, 276.0
52, 7, Policies, POLICY_NATURAL_PHILOSOPHY, 191.0
52, 7, Policies, POLICY_SCRIPTURE, 160.0
52, 7, Policies, POLICY_NAVIGATION, 31.0
52, 7, Policies, POLICY_RETAINERS, 70.0
52, 7, Policies, POLICY_PROFESSIONAL_ARMY, 113.0
52, 7, Policies, POLICY_TRADE_CONFEDERATION, 63.0
52, 7, Policies, POLICY_MERCHANT_CONFEDERATION, 24.0
52, 7, Policies, POLICY_AESTHETICS, 57.0
52, 7, Policies, POLICY_CRAFTSMEN, 42.0
52, 7, Policies, POLICY_TRAVELING_MERCHANTS, 29.0
52, 7, Policies, POLICY_COLONIAL_OFFICES, 1376.0
52, 7, Policies, POLICY_INVENTION, 59.0
52, 7, Policies, POLICY_FRESCOES, 50.0
52, 7, Policies, POLICY_RELIGIOUS_ORDERS, 352.0
52, 7, Policies, POLICY_SIMULTANEUM, 297.0
52, 7, Policies, POLICY_LOGISTICS, 277.0
52, 7, Policies, POLICY_TRIANGULAR_TRADE, 59.0
52, 7, Policies, POLICY_RATIONALISM, 327.0
52, 7, Policies, POLICY_LIBERALISM, 70.0
52, 7, Policies, POLICY_COLONIAL_TAXES, 1467.0
52, 7, Policies, POLICY_PUBLIC_WORKS, 8.0
52, 7, Policies, POLICY_SYMPHONIES, 94.0
52, 7, Policies, POLICY_TOTAL_WAR, 2741.0
52, 7, Policies, POLICY_EXPROPRIATION, 216.0
52, 7, Policies, POLICY_MILITARY_RESEARCH, 1869.0
52, 7, Policies, POLICY_LEVEE_EN_MASSE, 471.0
52, 7, Policies, POLICY_PRAETORIUM, 2271.0
52, 7, Policies, POLICY_CIVIL_PRESTIGE, 1128.0
52, 7, Policies, POLICY_FORCE_MODERNIZATION, 113.0
52, 7, Policies, POLICY_EMPIRICAL_METHOD, 131.0
52, 8, Civic, CIVIC_NAVAL_TRADITION, 144.6, 1
52, 8, Civic, CIVIC_MERCENARIES, 144.6, 1
52, 8, Civic, CIVIC_DIVINE_RIGHT, 1480.1, 1
52, 8, Civic, CIVIC_EXPLORATION, 2286.1, 3
52, 8, Civic, CIVIC_DIPLOMATIC_SERVICE, 511.1, 2
52, 8, Civic, CIVIC_REFORMED_CHURCH, 3190.4, 3
52, 8, Civic, CIVIC_THE_ENLIGHTENMENT, 696.0, 4
52, 8, Civic, CIVIC_COLONIALISM, 1429.9, 4
52, 8, Civic, CIVIC_CIVIL_ENGINEERING, 68251.4, 3
52, 8, Civic, CIVIC_NATIONALISM, 57530.5, 9
52, 8, Civic, CIVIC_OPERA_BALLET, 842.3, 8
52, 8, Civic, CIVIC_NATURAL_HISTORY, 1675.1, 9
52, 8, Civic, CIVIC_CONSERVATION, 1789.8, 16
52, 8, Policies, POLICY_SURVEY, 28.0
52, 8, Policies, POLICY_URBAN_PLANNING, 168.0
52, 8, Policies, POLICY_CONSCRIPTION, 360.0
52, 8, Policies, POLICY_LAND_SURVEYORS, 197.5
52, 8, Policies, POLICY_INSPIRATION, 29.0
52, 8, Policies, POLICY_CHARISMATIC_LEADER, 14.0
52, 8, Policies, POLICY_DIPLOMATIC_LEAGUE, 200.0
52, 8, Policies, POLICY_LITERARY_TRADITION, 18.0
52, 8, Policies, POLICY_RAID, 2741.0
52, 8, Policies, POLICY_BASTIONS, 36.0
52, 8, Policies, POLICY_LIMES, 387.0
52, 8, Policies, POLICY_NATURAL_PHILOSOPHY, 173.0
52, 8, Policies, POLICY_SCRIPTURE, 703.0
52, 8, Policies, POLICY_NAVIGATION, 15.0
52, 8, Policies, POLICY_FEUDAL_CONTRACT, 24.0
52, 8, Policies, POLICY_RETAINERS, 252.0
52, 8, Policies, POLICY_PROFESSIONAL_ARMY, 18.0
52, 8, Policies, POLICY_TRADE_CONFEDERATION, 63.0
52, 8, Policies, POLICY_MERCHANT_CONFEDERATION, 49.0
52, 8, Policies, POLICY_AESTHETICS, 14.0
52, 8, Policies, POLICY_CRAFTSMEN, 64.0
52, 8, Policies, POLICY_TRAVELING_MERCHANTS, 21.0
52, 8, Policies, POLICY_COLONIAL_OFFICES, 1698.0
52, 8, Policies, POLICY_INVENTION, 84.0
52, 8, Policies, POLICY_FRESCOES, 18.0
52, 8, Policies, POLICY_RELIGIOUS_ORDERS, 340.0
52, 8, Policies, POLICY_SIMULTANEUM, 775.0
52, 8, Policies, POLICY_LOGISTICS, 385.0
52, 8, Policies, POLICY_TRIANGULAR_TRADE, 62.0
52, 8, Policies, POLICY_RATIONALISM, 126.0
52, 8, Policies, POLICY_LIBERALISM, 280.0
52, 8, Policies, POLICY_COLONIAL_TAXES, 1736.0
52, 8, Policies, POLICY_PUBLIC_WORKS, 3.0
52, 8, Policies, POLICY_GRANDE_ARMEE, 24.0
52, 8, Policies, POLICY_GRAND_OPERA, 59.0
52, 8, Policies, POLICY_SYMPHONIES, 31.0
52, 8, Policies, POLICY_PRAETORIUM, 2961.0
52, 8, Policies, POLICY_CIVIL_PRESTIGE, 1385.0
52, 8, Policies, POLICY_MONASTICISM, 2692.0
52, 8, Policies, POLICY_TWILIGHT_VALOR, 590.0
52, 8, Policies, POLICY_ISOLATIONISM, 336.0
52, 8, Policies, POLICY_DRILL_MANUALS, 95.0
52, 8, Policies, POLICY_EMPIRICAL_METHOD, 72.0
52, 8, Policies, POLICY_MASTER_ARTISANS, 44.0
52, 9, Civic, CIVIC_NAVAL_TRADITION, 144.6, 1
52, 9, Civic, CIVIC_MERCENARIES, 139.5, 2
52, 9, Civic, CIVIC_DIVINE_RIGHT, 1564.1, 2
52, 9, Civic, CIVIC_EXPLORATION, 2191.6, 5
52, 9, Civic, CIVIC_DIPLOMATIC_SERVICE, 485.7, 3
52, 9, Civic, CIVIC_REFORMED_CHURCH, 2874.5, 5
52, 9, Civic, CIVIC_MERCANTILISM, 385.8, 3
52, 9, Civic, CIVIC_THE_ENLIGHTENMENT, 788.6, 7
52, 9, Civic, CIVIC_COLONIALISM, 1767.0, 10
52, 9, Civic, CIVIC_CIVIL_ENGINEERING, 1765.2, 11
52, 9, Civic, CIVIC_NATIONALISM, 2291.3, 15
52, 9, Civic, CIVIC_OPERA_BALLET, 903.5, 14
52, 9, Civic, CIVIC_NATURAL_HISTORY, 1924.4, 19
52, 9, Policies, POLICY_SURVEY, 14.0
52, 9, Policies, POLICY_URBAN_PLANNING, 147.0
52, 9, Policies, POLICY_CARAVANSARIES, 27.0
52, 9, Policies, POLICY_CONSCRIPTION, 279.0
52, 9, Policies, POLICY_LAND_SURVEYORS, 54.0
52, 9, Policies, POLICY_COLONIZATION, 127.0
52, 9, Policies, POLICY_INSPIRATION, 42.0
52, 9, Policies, POLICY_CHARISMATIC_LEADER, 14.0
52, 9, Policies, POLICY_DIPLOMATIC_LEAGUE, 200.0
52, 9, Policies, POLICY_LITERARY_TRADITION, 18.0
52, 9, Policies, POLICY_RAID, 3063.0
52, 9, Policies, POLICY_BASTIONS, 36.0
52, 9, Policies, POLICY_LIMES, 40.0
52, 9, Policies, POLICY_NATURAL_PHILOSOPHY, 132.0
52, 9, Policies, POLICY_SCRIPTURE, 160.0
52, 9, Policies, POLICY_NAVIGATION, 15.0
52, 9, Policies, POLICY_FEUDAL_CONTRACT, 16.0
52, 9, Policies, POLICY_RETAINERS, 255.0
52, 9, Policies, POLICY_PROFESSIONAL_ARMY, 63.0
52, 9, Policies, POLICY_TRADE_CONFEDERATION, 50.0
52, 9, Policies, POLICY_MERCHANT_CONFEDERATION, 83.0
52, 9, Policies, POLICY_AESTHETICS, 14.0
52, 9, Policies, POLICY_CRAFTSMEN, 71.0
52, 9, Policies, POLICY_TRAVELING_MERCHANTS, 21.0
52, 9, Policies, POLICY_COLONIAL_OFFICES, 1348.0
52, 9, Policies, POLICY_INVENTION, 84.0
52, 9, Policies, POLICY_FRESCOES, 18.0
52, 9, Policies, POLICY_WARS_OF_RELIGION, 10.0
52, 9, Policies, POLICY_RELIGIOUS_ORDERS, 310.0
52, 9, Policies, POLICY_SIMULTANEUM, 120.0
52, 9, Policies, POLICY_LOGISTICS, 395.0
52, 9, Policies, POLICY_TRIANGULAR_TRADE, 61.0
52, 9, Policies, POLICY_LIBERALISM, 365.0
52, 9, Policies, POLICY_COLONIAL_TAXES, 1433.0
52, 9, Policies, POLICY_PUBLIC_WORKS, 3.0
52, 9, Policies, POLICY_GRANDE_ARMEE, 16.0
52, 9, Policies, POLICY_SYMPHONIES, 31.0
52, 9, Policies, POLICY_PRAETORIUM, 2372.0
52, 9, Policies, POLICY_CIVIL_PRESTIGE, 1065.0
52, 9, Policies, POLICY_DRILL_MANUALS, 35.0
52, 9, Policies, POLICY_EMPIRICAL_METHOD, 87.0
52, 9, Policies, POLICY_MASTER_ARTISANS, 58.0
52, 10, Civic, CIVIC_MILITARY_TRAINING, 164.7, 1
52, 10, Civic, CIVIC_NAVAL_TRADITION, 71.1, 20
52, 10, Civic, CIVIC_MERCENARIES, 312.1, 2
52, 10, Civic, CIVIC_MEDIEVAL_FAIRES, 140.7, 1
52, 10, Civic, CIVIC_GUILDS, 140.7, 1
52, 10, Civic, CIVIC_EXPLORATION, 452.8, 52
52, 10, Civic, CIVIC_HUMANISM, 429.5, 3
52, 10, Civic, CIVIC_DIPLOMATIC_SERVICE, 140.7, 67
52, 10, Civic, CIVIC_REFORMED_CHURCH, 140.7, 50
52, 10, Civic, CIVIC_MERCANTILISM, 429.5, 83
52, 10, Civic, CIVIC_THE_ENLIGHTENMENT, 429.5, 149
52, 10, Policies, POLICY_URBAN_PLANNING, 14.0
52, 10, Policies, POLICY_CARAVANSARIES, 14.0
52, 10, Policies, POLICY_CONSCRIPTION, 51.0
52, 10, Policies, POLICY_CHARISMATIC_LEADER, 14.0
52, 10, Policies, POLICY_BASTIONS, 6.0
52, 10, Policies, POLICY_LIMES, 12.0
52, 10, Policies, POLICY_RETAINERS, 78.0
52, 10, Policies, POLICY_TRADE_CONFEDERATION, 28.0
52, 10, Policies, POLICY_PRAETORIUM, 23.0
52, 10, Policies, POLICY_CIVIL_PRESTIGE, 158.0
52, 10, Policies, POLICY_SOVEREIGN_STATE, 80.0
52, 12, Civic, CIVIC_MILITARY_TRAINING, 200.7, 1
52, 12, Civic, CIVIC_NAVAL_TRADITION, 71.1, 20
52, 12, Civic, CIVIC_MERCENARIES, 348.1, 2
52, 12, Civic, CIVIC_MEDIEVAL_FAIRES, 140.7, 1
52, 12, Civic, CIVIC_GUILDS, 140.7, 1
52, 12, Civic, CIVIC_EXPLORATION, 488.8, 51
52, 12, Civic, CIVIC_HUMANISM, 429.5, 3
52, 12, Civic, CIVIC_DIPLOMATIC_SERVICE, 140.7, 66
52, 12, Civic, CIVIC_REFORMED_CHURCH, 220.9, 49
52, 12, Civic, CIVIC_MERCANTILISM, 429.5, 81
52, 12, Civic, CIVIC_THE_ENLIGHTENMENT, 429.5, 146
52, 12, Policies, POLICY_URBAN_PLANNING, 14.0
52, 12, Policies, POLICY_CARAVANSARIES, 14.0
52, 12, Policies, POLICY_CONSCRIPTION, 29.0
52, 12, Policies, POLICY_INSULAE, 22.0
52, 12, Policies, POLICY_CHARISMATIC_LEADER, 14.0
52, 12, Policies, POLICY_BASTIONS, 6.0
52, 12, Policies, POLICY_LIMES, 57.0
52, 12, Policies, POLICY_NATURAL_PHILOSOPHY, 28.0
52, 12, Policies, POLICY_FEUDAL_CONTRACT, 1.0
52, 12, Policies, POLICY_TRADE_CONFEDERATION, 28.0
52, 12, Policies, POLICY_PRAETORIUM, 29.0
52, 12, Policies, POLICY_CIVIL_PRESTIGE, 112.0
52, 12, Policies, POLICY_EQUESTRIAN_ORDERS, 56.0
52, 12, Policies, POLICY_SOVEREIGN_STATE, 80.0
52, 13, Civic, CIVIC_MILITARY_TRAINING, 164.7, 1
52, 13, Civic, CIVIC_NAVAL_TRADITION, 79.1, 20
52, 13, Civic, CIVIC_MERCENARIES, 312.1, 2
52, 13, Civic, CIVIC_MEDIEVAL_FAIRES, 140.7, 1
52, 13, Civic, CIVIC_GUILDS, 140.7, 1
52, 13, Civic, CIVIC_EXPLORATION, 452.8, 52
52, 13, Civic, CIVIC_HUMANISM, 429.5, 3
52, 13, Civic, CIVIC_DIPLOMATIC_SERVICE, 140.7, 67
52, 13, Civic, CIVIC_REFORMED_CHURCH, 140.7, 50
52, 13, Civic, CIVIC_MERCANTILISM, 429.5, 83
52, 13, Civic, CIVIC_THE_ENLIGHTENMENT, 429.5, 149
52, 13, Policies, POLICY_URBAN_PLANNING, 14.0
52, 13, Policies, POLICY_CARAVANSARIES, 14.0
52, 13, Policies, POLICY_CONSCRIPTION, 29.0
52, 13, Policies, POLICY_INSULAE, 64.0
52, 13, Policies, POLICY_CHARISMATIC_LEADER, 14.0
52, 13, Policies, POLICY_BASTIONS, 6.0
52, 13, Policies, POLICY_LIMES, 40.0
52, 13, Policies, POLICY_NAVAL_INFRASTRUCTURE, 28.0
52, 13, Policies, POLICY_RETAINERS, 87.0
52, 13, Policies, POLICY_TRADE_CONFEDERATION, 28.0
52, 13, Policies, POLICY_PRAETORIUM, 20.0
52, 13, Policies, POLICY_CIVIL_PRESTIGE, 151.0
52, 13, Policies, POLICY_SOVEREIGN_STATE, 80.0
52, 14, Civic, CIVIC_MILITARY_TRAINING, 164.7, 1
52, 14, Civic, CIVIC_NAVAL_TRADITION, 79.1, 20
52, 14, Civic, CIVIC_MERCENARIES, 342.1, 2
52, 14, Civic, CIVIC_MEDIEVAL_FAIRES, 140.7, 1
52, 14, Civic, CIVIC_GUILDS, 140.7, 1
52, 14, Civic, CIVIC_EXPLORATION, 482.8, 52
52, 14, Civic, CIVIC_HUMANISM, 429.5, 3
52, 14, Civic, CIVIC_DIPLOMATIC_SERVICE, 140.7, 67
52, 14, Civic, CIVIC_REFORMED_CHURCH, 140.7, 50
52, 14, Civic, CIVIC_MERCANTILISM, 429.5, 83
52, 14, Civic, CIVIC_THE_ENLIGHTENMENT, 429.5, 149
52, 14, Policies, POLICY_URBAN_PLANNING, 14.0
52, 14, Policies, POLICY_CARAVANSARIES, 29.0
52, 14, Policies, POLICY_CONSCRIPTION, 14.0
52, 14, Policies, POLICY_INSULAE, 23.0
52, 14, Policies, POLICY_CHARISMATIC_LEADER, 14.0
52, 14, Policies, POLICY_BASTIONS, 6.0
52, 14, Policies, POLICY_LIMES, 12.0
52, 14, Policies, POLICY_NAVAL_INFRASTRUCTURE, 28.0
52, 14, Policies, POLICY_FEUDAL_CONTRACT, 2.0
52, 14, Policies, POLICY_RETAINERS, 14.0
52, 14, Policies, POLICY_TRADE_CONFEDERATION, 58.0
52, 14, Policies, POLICY_TOWN_CHARTERS, 14.0
52, 14, Policies, POLICY_PRAETORIUM, 26.0
52, 14, Policies, POLICY_CIVIL_PRESTIGE, 37.0
52, 14, Policies, POLICY_SOVEREIGN_STATE, 80.0
52, 15, Civic, CIVIC_MILITARY_TRAINING, 164.7, 1
52, 15, Civic, CIVIC_NAVAL_TRADITION, 74.3, 19
52, 15, Civic, CIVIC_MERCENARIES, 312.1, 2
52, 15, Civic, CIVIC_MEDIEVAL_FAIRES, 140.7, 1
52, 15, Civic, CIVIC_GUILDS, 140.7, 1
52, 15, Civic, CIVIC_EXPLORATION, 529.4, 49
52, 15, Civic, CIVIC_HUMANISM, 429.5, 3
52, 15, Civic, CIVIC_DIPLOMATIC_SERVICE, 140.7, 64
52, 15, Civic, CIVIC_REFORMED_CHURCH, 214.3, 47
52, 15, Civic, CIVIC_MERCANTILISM, 429.5, 78
52, 15, Civic, CIVIC_THE_ENLIGHTENMENT, 429.5, 141
52, 15, Policies, POLICY_URBAN_PLANNING, 14.0
52, 15, Policies, POLICY_CARAVANSARIES, 14.0
52, 15, Policies, POLICY_CONSCRIPTION, 51.0
52, 15, Policies, POLICY_CHARISMATIC_LEADER, 14.0
52, 15, Policies, POLICY_BASTIONS, 6.0
52, 15, Policies, POLICY_LIMES, 9.0
52, 15, Policies, POLICY_RETAINERS, 14.0
52, 15, Policies, POLICY_TRADE_CONFEDERATION, 28.0
52, 15, Policies, POLICY_COLONIAL_OFFICES, 43.0
52, 15, Policies, POLICY_PRAETORIUM, 29.0
52, 15, Policies, POLICY_CIVIL_PRESTIGE, 75.0
52, 15, Policies, POLICY_EQUESTRIAN_ORDERS, 18.0
52, 15, Policies, POLICY_SOVEREIGN_STATE, 80.0
52, 17, Civic, CIVIC_NAVAL_TRADITION, 89.7, 13
52, 17, Civic, CIVIC_DIVINE_RIGHT, 271.7, 1
52, 17, Civic, CIVIC_EXPLORATION, 111.9, 44
52, 17, Civic, CIVIC_HUMANISM, 160.8, 1
52, 17, Civic, CIVIC_DIPLOMATIC_SERVICE, 0.0, 64
52, 17, Civic, CIVIC_REFORMED_CHURCH, 409.2, 45
52, 17, Civic, CIVIC_MERCANTILISM, 160.8, 80
52, 17, Civic, CIVIC_THE_ENLIGHTENMENT, 160.8, 144
52, 17, Civic, CIVIC_COLONIALISM, 160.8, 169
52, 17, Civic, CIVIC_CIVIL_ENGINEERING, 160.8, 195
52, 17, Civic, CIVIC_NATIONALISM, 160.8, 259
52, 17, Civic, CIVIC_OPERA_BALLET, 160.8, 233
52, 17, Policies, POLICY_URBAN_PLANNING, 14.0
52, 17, Policies, POLICY_CARAVANSARIES, 14.0
52, 17, Policies, POLICY_CONSCRIPTION, 44.0
52, 17, Policies, POLICY_CHARISMATIC_LEADER, 14.0
52, 17, Policies, POLICY_RAID, 10.0
52, 17, Policies, POLICY_BASTIONS, 6.0
52, 17, Policies, POLICY_LIMES, 13.0
52, 17, Policies, POLICY_FEUDAL_CONTRACT, 3.0
52, 17, Policies, POLICY_TRADE_CONFEDERATION, 28.0
52, 17, Policies, POLICY_CHIVALRY, 1.0
52, 17, Policies, POLICY_COLONIAL_OFFICES, 42.0
52, 17, Policies, POLICY_WARS_OF_RELIGION, 10.0
52, 17, Policies, POLICY_RELIGIOUS_ORDERS, 60.0
52, 17, Policies, POLICY_PRAETORIUM, 32.0
52, 17, Policies, POLICY_CIVIL_PRESTIGE, 121.0
52, 17, Policies, POLICY_EQUESTRIAN_ORDERS, 56.0
52, 17, Policies, POLICY_SOVEREIGN_STATE, 80.0
52, 20, Civic, CIVIC_MILITARY_TRAINING, 164.7, 1
52, 20, Civic, CIVIC_NAVAL_TRADITION, 79.3, 17
52, 20, Civic, CIVIC_MERCENARIES, 312.1, 2
52, 20, Civic, CIVIC_MEDIEVAL_FAIRES, 140.7, 1
52, 20, Civic, CIVIC_GUILDS, 140.7, 1
52, 20, Civic, CIVIC_EXPLORATION, 561.7, 45
52, 20, Civic, CIVIC_HUMANISM, 429.5, 3
52, 20, Civic, CIVIC_DIPLOMATIC_SERVICE, 140.7, 58
52, 20, Civic, CIVIC_REFORMED_CHURCH, 224.5, 43
52, 20, Civic, CIVIC_MERCANTILISM, 429.5, 71
52, 20, Civic, CIVIC_THE_ENLIGHTENMENT, 429.5, 128
52, 20, Policies, POLICY_URBAN_PLANNING, 14.0
52, 20, Policies, POLICY_CARAVANSARIES, 14.0
52, 20, Policies, POLICY_CONSCRIPTION, 44.0
52, 20, Policies, POLICY_CHARISMATIC_LEADER, 14.0
52, 20, Policies, POLICY_BASTIONS, 6.0
52, 20, Policies, POLICY_LIMES, 49.0
52, 20, Policies, POLICY_RETAINERS, 81.0
52, 20, Policies, POLICY_TRADE_CONFEDERATION, 28.0
52, 20, Policies, POLICY_COLONIAL_OFFICES, 34.0
52, 20, Policies, POLICY_PRAETORIUM, 20.0
52, 20, Policies, POLICY_CIVIL_PRESTIGE, 115.0
52, 20, Policies, POLICY_SOVEREIGN_STATE, 80.0
52, 21, Civic, CIVIC_MILITARY_TRAINING, 192.7, 1
52, 21, Civic, CIVIC_NAVAL_TRADITION, 63.4, 22
52, 21, Civic, CIVIC_MERCENARIES, 340.1, 2
52, 21, Civic, CIVIC_MEDIEVAL_FAIRES, 140.7, 1
52, 21, Civic, CIVIC_GUILDS, 140.7, 1
52, 21, Civic, CIVIC_EXPLORATION, 480.8, 57
52, 21, Civic, CIVIC_HUMANISM, 429.5, 3
52, 21, Civic, CIVIC_DIPLOMATIC_SERVICE, 140.7, 75
52, 21, Civic, CIVIC_REFORMED_CHURCH, 140.7, 55
52, 21, Civic, CIVIC_MERCANTILISM, 429.5, 92
52, 21, Civic, CIVIC_THE_ENLIGHTENMENT, 429.5, 166
52, 21, Policies, POLICY_URBAN_PLANNING, 14.0
52, 21, Policies, POLICY_CARAVANSARIES, 14.0
52, 21, Policies, POLICY_CONSCRIPTION, 66.0
52, 21, Policies, POLICY_CHARISMATIC_LEADER, 14.0
52, 21, Policies, POLICY_BASTIONS, 6.0
52, 21, Policies, POLICY_TRADE_CONFEDERATION, 28.0
52, 21, Policies, POLICY_PRAETORIUM, 29.0
52, 21, Policies, POLICY_CIVIL_PRESTIGE, 121.0
52, 21, Policies, POLICY_EQUESTRIAN_ORDERS, 56.0
52, 21, Policies, POLICY_SOVEREIGN_STATE, 80.0
52, 62, Civic, CIVIC_MILITARY_TRADITION, 96.1, 20
52, 62, Civic, CIVIC_STATE_WORKFORCE, 79.3, 28
52, 62, Civic, CIVIC_MYSTICISM, 130.4, 20
52, 62, Civic, CIVIC_GAMES_RECREATION, 79.3, 72
52, 62, Civic, CIVIC_POLITICAL_PHILOSOPHY, 79.3, 72
52, 62, Civic, CIVIC_DRAMA_POETRY, 26.3, 44
52, 62, Civic, CIVIC_MILITARY_TRAINING, 175.4, 140
52, 62, Civic, CIVIC_DEFENSIVE_TACTICS, 79.3, 186
52, 62, Civic, CIVIC_RECORDED_HISTORY, 105.6, 186
52, 62, Civic, CIVIC_THEOLOGY, 156.7, 112
52, 62, Policies, POLICY_CARAVANSARIES, 14.0
52, 0, Civic, CIVIC_NAVAL_TRADITION, 164.6, 1
52, 0, Civic, CIVIC_EXPLORATION, 1362.9, 1
52, 0, Civic, CIVIC_HUMANISM, 177.8, 1
52, 0, Civic, CIVIC_DIPLOMATIC_SERVICE, 532.6, 1
52, 0, Civic, CIVIC_REFORMED_CHURCH, 670.8, 1
52, 0, Civic, CIVIC_MERCANTILISM, 565.5, 3
52, 0, Civic, CIVIC_THE_ENLIGHTENMENT, 1214.3, 4
52, 0, Civic, CIVIC_COLONIALISM, 1568.5, 7
52, 0, Civic, CIVIC_CIVIL_ENGINEERING, 565.5, 8
52, 0, Civic, CIVIC_NATIONALISM, 1214.3, 6
52, 0, Civic, CIVIC_OPERA_BALLET, 1368.0, 8
52, 0, Policies, POLICY_SURVEY, 15.0
52, 0, Policies, POLICY_URBAN_PLANNING, 192.0
52, 0, Policies, POLICY_CARAVANSARIES, 113.0
52, 0, Policies, POLICY_CONSCRIPTION, 58.0
52, 0, Policies, POLICY_LAND_SURVEYORS, 282.5
52, 0, Policies, POLICY_COLONIZATION, 132.0
52, 0, Policies, POLICY_INSPIRATION, 25.0
52, 0, Policies, POLICY_CHARISMATIC_LEADER, 14.0
52, 0, Policies, POLICY_DIPLOMATIC_LEAGUE, 200.0
52, 0, Policies, POLICY_LITERARY_TRADITION, 15.0
52, 0, Policies, POLICY_RAID, 2527.0
52, 0, Policies, POLICY_LIMES, 1088.0
52, 0, Policies, POLICY_NATURAL_PHILOSOPHY, 265.0
52, 0, Policies, POLICY_NAVAL_INFRASTRUCTURE, 40.0
52, 0, Policies, POLICY_NAVIGATION, 31.0
52, 0, Policies, POLICY_FEUDAL_CONTRACT, 9.0
52, 0, Policies, POLICY_RETAINERS, 311.0
52, 0, Policies, POLICY_PROFESSIONAL_ARMY, 36.0
52, 0, Policies, POLICY_TRADE_CONFEDERATION, 231.0
52, 0, Policies, POLICY_MERCHANT_CONFEDERATION, 102.0
52, 0, Policies, POLICY_TOWN_CHARTERS, 235.0
52, 0, Policies, POLICY_TRAVELING_MERCHANTS, 28.0
52, 0, Policies, POLICY_COLONIAL_OFFICES, 682.0
52, 0, Policies, POLICY_INVENTION, 37.0
52, 0, Policies, POLICY_FRESCOES, 15.0
52, 0, Policies, POLICY_WARS_OF_RELIGION, 5.0
52, 0, Policies, POLICY_RELIGIOUS_ORDERS, 55.0
52, 0, Policies, POLICY_LOGISTICS, 52.0
52, 0, Policies, POLICY_TRIANGULAR_TRADE, 278.0
52, 0, Policies, POLICY_RATIONALISM, 254.0
52, 0, Policies, POLICY_FREE_MARKET, 276.0
52, 0, Policies, POLICY_LIBERALISM, 594.0
52, 0, Policies, POLICY_COLONIAL_TAXES, 908.0
52, 0, Policies, POLICY_SYMPHONIES, 31.0
52, 0, Policies, POLICY_PRAETORIUM, 992.0
52, 0, Policies, POLICY_CIVIL_PRESTIGE, 1133.0
52, 0, Policies, POLICY_DRILL_MANUALS, 25.0
52, 1, Civic, CIVIC_THEOLOGY, 186.7, 1
52, 1, Civic, CIVIC_NAVAL_TRADITION, 213.6, 1
52, 1, Civic, CIVIC_DIVINE_RIGHT, 1000.8, 2
52, 1, Civic, CIVIC_REFORMED_CHURCH, 1564.2, 3
52, 1, Civic, CIVIC_THE_ENLIGHTENMENT, 734.6, 1
52, 1, Civic, CIVIC_COLONIALISM, 1263.5, 2
52, 1, Civic, CIVIC_CIVIL_ENGINEERING, 0.0, 1
52, 1, Civic, CIVIC_NATIONALISM, 734.6, 2
52, 1, Civic, CIVIC_OPERA_BALLET, 999.3, 3
52, 1, Civic, CIVIC_NATURAL_HISTORY, 1586.2, 5
52, 1, Civic, CIVIC_SCORCHED_EARTH, 3419.6, 6
52, 1, Civic, CIVIC_URBANIZATION, 3236.0, 7
52, 1, Civic, CIVIC_CONSERVATION, 1759.0, 10
52, 1, Policies, POLICY_SURVEY, 15.0
52, 1, Policies, POLICY_GOD_KING, 24.0
52, 1, Policies, POLICY_URBAN_PLANNING, 198.0
52, 1, Policies, POLICY_CONSCRIPTION, 14.0
52, 1, Policies, POLICY_LAND_SURVEYORS, 315.0
52, 1, Policies, POLICY_COLONIZATION, 155.0
52, 1, Policies, POLICY_INSPIRATION, 48.0
52, 1, Policies, POLICY_CHARISMATIC_LEADER, 14.0
52, 1, Policies, POLICY_DIPLOMATIC_LEAGUE, 300.0
52, 1, Policies, POLICY_LITERARY_TRADITION, 34.0
52, 1, Policies, POLICY_RAID, 2527.0
52, 1, Policies, POLICY_LIMES, 1185.0
52, 1, Policies, POLICY_NATURAL_PHILOSOPHY, 309.0
52, 1, Policies, POLICY_NAVAL_INFRASTRUCTURE, 99.0
52, 1, Policies, POLICY_NAVIGATION, 47.0
52, 1, Policies, POLICY_RETAINERS, 56.0
52, 1, Policies, POLICY_TRADE_CONFEDERATION, 404.0
52, 1, Policies, POLICY_MERCHANT_CONFEDERATION, 216.0
52, 1, Policies, POLICY_AESTHETICS, 102.0
52, 1, Policies, POLICY_CRAFTSMEN, 117.0
52, 1, Policies, POLICY_TOWN_CHARTERS, 273.0
52, 1, Policies, POLICY_TRAVELING_MERCHANTS, 37.0
52, 1, Policies, POLICY_PRESS_GANGS, 92.0
52, 1, Policies, POLICY_COLONIAL_OFFICES, 884.0
52, 1, Policies, POLICY_INVENTION, 112.0
52, 1, Policies, POLICY_FRESCOES, 34.0
52, 1, Policies, POLICY_MACHIAVELLIANISM, 145.0
52, 1, Policies, POLICY_LOGISTICS, 7.0
52, 1, Policies, POLICY_TRIANGULAR_TRADE, 475.0
52, 1, Policies, POLICY_RATIONALISM, 575.0
52, 1, Policies, POLICY_FREE_MARKET, 150.0
52, 1, Policies, POLICY_LIBERALISM, 112.0
52, 1, Policies, POLICY_COLONIAL_TAXES, 1236.0
52, 1, Policies, POLICY_GRAND_OPERA, 88.0
52, 1, Policies, POLICY_SYMPHONIES, 62.0
52, 1, Policies, POLICY_TOTAL_WAR, 2527.0
52, 1, Policies, POLICY_EXPROPRIATION, 470.0
52, 1, Policies, POLICY_MILITARY_RESEARCH, 1836.0
52, 1, Policies, POLICY_PRAETORIUM, 1272.0
52, 1, Policies, POLICY_CIVIL_PRESTIGE, 878.0
52, 1, Policies, POLICY_WISSELBANKEN, 80.0
52, 1, Policies, POLICY_EQUESTRIAN_ORDERS, 80.0
52, 2, Civic, CIVIC_NAVAL_TRADITION, 167.6, 1
52, 2, Civic, CIVIC_HUMANISM, 166.0, 2
52, 2, Civic, CIVIC_DIPLOMATIC_SERVICE, 560.1, 2
52, 2, Civic, CIVIC_MERCANTILISM, 468.4, 4
52, 2, Civic, CIVIC_THE_ENLIGHTENMENT, 930.2, 6
52, 2, Civic, CIVIC_COLONIALISM, 1379.9, 8
52, 2, Civic, CIVIC_CIVIL_ENGINEERING, 468.4, 9
52, 2, Civic, CIVIC_NATIONALISM, 930.2, 9
52, 2, Civic, CIVIC_OPERA_BALLET, 1093.5, 10
52, 2, Policies, POLICY_SURVEY, 37.0
52, 2, Policies, POLICY_URBAN_PLANNING, 126.0
52, 2, Policies, POLICY_CARAVANSARIES, 61.0
52, 2, Policies, POLICY_CONSCRIPTION, 73.0
52, 2, Policies, POLICY_LAND_SURVEYORS, 224.0
52, 2, Policies, POLICY_COLONIZATION, 93.0
52, 2, Policies, POLICY_INSPIRATION, 15.0
52, 2, Policies, POLICY_CHARISMATIC_LEADER, 14.0
52, 2, Policies, POLICY_DIPLOMATIC_LEAGUE, 300.0
52, 2, Policies, POLICY_LITERARY_TRADITION, 15.0
52, 2, Policies, POLICY_RAID, 2284.0
52, 2, Policies, POLICY_LIMES, 912.0
52, 2, Policies, POLICY_NATURAL_PHILOSOPHY, 102.0
52, 2, Policies, POLICY_SCRIPTURE, 422.0
52, 2, Policies, POLICY_NAVAL_INFRASTRUCTURE, 31.0
52, 2, Policies, POLICY_NAVIGATION, 31.0
52, 2, Policies, POLICY_RETAINERS, 42.0
52, 2, Policies, POLICY_PROFESSIONAL_ARMY, 96.0
52, 2, Policies, POLICY_TRADE_CONFEDERATION, 115.0
52, 2, Policies, POLICY_MERCHANT_CONFEDERATION, 102.0
52, 2, Policies, POLICY_TOWN_CHARTERS, 83.0
52, 2, Policies, POLICY_TRAVELING_MERCHANTS, 18.0
52, 2, Policies, POLICY_PRESS_GANGS, 12.0
52, 2, Policies, POLICY_COLONIAL_OFFICES, 482.0
52, 2, Policies, POLICY_INVENTION, 31.0
52, 2, Policies, POLICY_FRESCOES, 15.0
52, 2, Policies, POLICY_WARS_OF_RELIGION, 10.0
52, 2, Policies, POLICY_RELIGIOUS_ORDERS, 104.0
52, 2, Policies, POLICY_SIMULTANEUM, 586.0
52, 2, Policies, POLICY_LOGISTICS, 60.0
52, 2, Policies, POLICY_TRIANGULAR_TRADE, 198.0
52, 2, Policies, POLICY_RATIONALISM, 120.0
52, 2, Policies, POLICY_FREE_MARKET, 85.0
52, 2, Policies, POLICY_LIBERALISM, 70.0
52, 2, Policies, POLICY_COLONIAL_TAXES, 799.0
52, 2, Policies, POLICY_SYMPHONIES, 31.0
52, 2, Policies, POLICY_PRAETORIUM, 612.0
52, 2, Policies, POLICY_CIVIL_PRESTIGE, 534.0
52, 2, Policies, POLICY_WISSELBANKEN, 69.0
52, 2, Policies, POLICY_EQUESTRIAN_ORDERS, 15.0
52, 2, Policies, POLICY_DRILL_MANUALS, 25.0
52, 3, Civic, CIVIC_NAVAL_TRADITION, 151.5, 2
52, 3, Civic, CIVIC_HUMANISM, 165.1, 3
52, 3, Civic, CIVIC_DIPLOMATIC_SERVICE, 485.7, 3
52, 3, Civic, CIVIC_REFORMED_CHURCH, 3772.3, 1
52, 3, Civic, CIVIC_MERCANTILISM, 1012.8, 6
52, 3, Civic, CIVIC_THE_ENLIGHTENMENT, 1499.2, 9
52, 3, Civic, CIVIC_COLONIALISM, 2316.0, 11
52, 3, Civic, CIVIC_CIVIL_ENGINEERING, 10106.1, 12
52, 3, Civic, CIVIC_NATIONALISM, 10948.2, 13
52, 3, Civic, CIVIC_OPERA_BALLET, 1641.1, 14
52, 3, Policies, POLICY_SURVEY, 37.0
52, 3, Policies, POLICY_URBAN_PLANNING, 198.0
52, 3, Policies, POLICY_CARAVANSARIES, 264.0
52, 3, Policies, POLICY_LAND_SURVEYORS, 382.0
52, 3, Policies, POLICY_COLONIZATION, 259.0
52, 3, Policies, POLICY_INSPIRATION, 20.0
52, 3, Policies, POLICY_CHARISMATIC_LEADER, 14.0
52, 3, Policies, POLICY_DIPLOMATIC_LEAGUE, 300.0
52, 3, Policies, POLICY_LITERARY_TRADITION, 17.0
52, 3, Policies, POLICY_RAID, 3260.0
52, 3, Policies, POLICY_LIMES, 1524.0
52, 3, Policies, POLICY_NATURAL_PHILOSOPHY, 37.0
52, 3, Policies, POLICY_SCRIPTURE, 1733.0
52, 3, Policies, POLICY_NAVIGATION, 15.0
52, 3, Policies, POLICY_RETAINERS, 42.0
52, 3, Policies, POLICY_TRADE_CONFEDERATION, 354.0
52, 3, Policies, POLICY_MERCHANT_CONFEDERATION, 161.0
52, 3, Policies, POLICY_TOWN_CHARTERS, 232.0
52, 3, Policies, POLICY_TRAVELING_MERCHANTS, 21.0
52, 3, Policies, POLICY_PRESS_GANGS, 86.0
52, 3, Policies, POLICY_COLONIAL_OFFICES, 554.0
52, 3, Policies, POLICY_INVENTION, 37.0
52, 3, Policies, POLICY_FRESCOES, 17.0
52, 3, Policies, POLICY_SIMULTANEUM, 2542.0
52, 3, Policies, POLICY_LOGISTICS, 1.0
52, 3, Policies, POLICY_TRIANGULAR_TRADE, 754.0
52, 3, Policies, POLICY_FREE_MARKET, 390.0
52, 3, Policies, POLICY_LIBERALISM, 463.0
52, 3, Policies, POLICY_COLONIAL_TAXES, 1301.0
52, 3, Policies, POLICY_PUBLIC_WORKS, 39.0
52, 3, Policies, POLICY_NATIONAL_IDENTITY, 1.0
52, 3, Policies, POLICY_SYMPHONIES, 31.0
52, 3, Policies, POLICY_PRAETORIUM, 678.0
52, 3, Policies, POLICY_CIVIL_PRESTIGE, 1254.0
52, 3, Policies, POLICY_EQUESTRIAN_ORDERS, 119.0
52, 3, Policies, POLICY_EMPIRICAL_METHOD, 29.0
52, 4, Civic, CIVIC_NAVAL_TRADITION, 156.6, 1
52, 4, Civic, CIVIC_EXPLORATION, 1764.1, 1
52, 4, Civic, CIVIC_REFORMED_CHURCH, 775.4, 1
52, 4, Civic, CIVIC_MERCANTILISM, 541.7, 1
52, 4, Civic, CIVIC_COLONIALISM, 2118.1, 2
52, 4, Civic, CIVIC_CIVIL_ENGINEERING, 126184.4, 2
52, 4, Civic, CIVIC_OPERA_BALLET, 304.7, 1
52, 4, Civic, CIVIC_NATURAL_HISTORY, 2455.3, 4
52, 4, Civic, CIVIC_SCORCHED_EARTH, 2948.5, 3
52, 4, Civic, CIVIC_URBANIZATION, 128619.3, 5
52, 4, Policies, POLICY_SURVEY, 23.0
52, 4, Policies, POLICY_CARAVANSARIES, 190.0
52, 4, Policies, POLICY_CONSCRIPTION, 66.0
52, 4, Policies, POLICY_LAND_SURVEYORS, 285.0
52, 4, Policies, POLICY_COLONIZATION, 155.0
52, 4, Policies, POLICY_INSPIRATION, 64.0
52, 4, Policies, POLICY_CHARISMATIC_LEADER, 14.0
52, 4, Policies, POLICY_DIPLOMATIC_LEAGUE, 300.0
52, 4, Policies, POLICY_LITERARY_TRADITION, 26.0
52, 4, Policies, POLICY_RAID, 3012.0
52, 4, Policies, POLICY_LIMES, 785.0
52, 4, Policies, POLICY_NATURAL_PHILOSOPHY, 481.0
52, 4, Policies, POLICY_NAVAL_INFRASTRUCTURE, 7.0
52, 4, Policies, POLICY_NAVIGATION, 31.0
52, 4, Policies, POLICY_RETAINERS, 42.0
52, 4, Policies, POLICY_PROFESSIONAL_ARMY, 20.0
52, 4, Policies, POLICY_TRADE_CONFEDERATION, 360.0
52, 4, Policies, POLICY_MERCHANT_CONFEDERATION, 203.0
52, 4, Policies, POLICY_AESTHETICS, 58.0
52, 4, Policies, POLICY_CRAFTSMEN, 214.0
52, 4, Policies, POLICY_TOWN_CHARTERS, 238.0
52, 4, Policies, POLICY_TRAVELING_MERCHANTS, 28.0
52, 4, Policies, POLICY_COLONIAL_OFFICES, 915.0
52, 4, Policies, POLICY_INVENTION, 100.0
52, 4, Policies, POLICY_FRESCOES, 26.0
52, 4, Policies, POLICY_MACHIAVELLIANISM, 132.0
52, 4, Policies, POLICY_WARS_OF_RELIGION, 10.0
52, 4, Policies, POLICY_RELIGIOUS_ORDERS, 100.0
52, 4, Policies, POLICY_LOGISTICS, 82.0
52, 4, Policies, POLICY_TRIANGULAR_TRADE, 410.0
52, 4, Policies, POLICY_RATIONALISM, 582.0
52, 4, Policies, POLICY_FREE_MARKET, 120.0
52, 4, Policies, POLICY_LIBERALISM, 126.0
52, 4, Policies, POLICY_COLONIAL_TAXES, 1537.0
52, 4, Policies, POLICY_PUBLIC_WORKS, 28.0
52, 4, Policies, POLICY_NATIONAL_IDENTITY, 26.0
52, 4, Policies, POLICY_GRAND_OPERA, 112.0
52, 4, Policies, POLICY_SYMPHONIES, 47.0
52, 4, Policies, POLICY_TOTAL_WAR, 3012.0
52, 4, Policies, POLICY_EXPROPRIATION, 440.0
52, 4, Policies, POLICY_MILITARY_RESEARCH, 1926.0
52, 4, Policies, POLICY_ECONOMIC_UNION, 166.0
52, 4, Policies, POLICY_PRAETORIUM, 1384.0
52, 4, Policies, POLICY_CIVIL_PRESTIGE, 1111.0
52, 4, Policies, POLICY_FORCE_MODERNIZATION, 20.0
52, 4, Policies, POLICY_EMPIRICAL_METHOD, 542.0
52, 4, Policies, POLICY_MASTER_ARTISANS, 176.0
52, 3, Civic, CIVIC_NAVAL_TRADITION, 151.5, 2
52, 3, Civic, CIVIC_HUMANISM, 165.1, 3
52, 3, Civic, CIVIC_DIPLOMATIC_SERVICE, 485.7, 3
52, 3, Civic, CIVIC_REFORMED_CHURCH, 3772.3, 1
52, 3, Civic, CIVIC_MERCANTILISM, 1012.8, 6
52, 3, Civic, CIVIC_THE_ENLIGHTENMENT, 1499.2, 9
52, 3, Civic, CIVIC_COLONIALISM, 2316.0, 11
52, 3, Civic, CIVIC_CIVIL_ENGINEERING, 10106.1, 12
52, 3, Civic, CIVIC_NATIONALISM, 10948.2, 13
52, 3, Civic, CIVIC_OPERA_BALLET, 1641.1, 14
52, 3, Policies, POLICY_SURVEY, 37.0
52, 3, Policies, POLICY_URBAN_PLANNING, 198.0
52, 3, Policies, POLICY_CARAVANSARIES, 264.0
52, 3, Policies, POLICY_LAND_SURVEYORS, 382.0
52, 3, Policies, POLICY_COLONIZATION, 259.0
52, 3, Policies, POLICY_INSPIRATION, 20.0
52, 3, Policies, POLICY_CHARISMATIC_LEADER, 14.0
52, 3, Policies, POLICY_DIPLOMATIC_LEAGUE, 300.0
52, 3, Policies, POLICY_LITERARY_TRADITION, 17.0
52, 3, Policies, POLICY_RAID, 3260.0
52, 3, Policies, POLICY_LIMES, 1524.0
52, 3, Policies, POLICY_NATURAL_PHILOSOPHY, 37.0
52, 3, Policies, POLICY_SCRIPTURE, 1733.0
52, 3, Policies, POLICY_NAVIGATION, 15.0
52, 3, Policies, POLICY_RETAINERS, 42.0
52, 3, Policies, POLICY_TRADE_CONFEDERATION, 354.0
52, 3, Policies, POLICY_MERCHANT_CONFEDERATION, 161.0
52, 3, Policies, POLICY_TOWN_CHARTERS, 232.0
52, 3, Policies, POLICY_TRAVELING_MERCHANTS, 21.0
52, 3, Policies, POLICY_PRESS_GANGS, 86.0
52, 3, Policies, POLICY_COLONIAL_OFFICES, 554.0
52, 3, Policies, POLICY_INVENTION, 37.0
52, 3, Policies, POLICY_FRESCOES, 17.0
52, 3, Policies, POLICY_SIMULTANEUM, 2542.0
52, 3, Policies, POLICY_LOGISTICS, 1.0
52, 3, Policies, POLICY_TRIANGULAR_TRADE, 754.0
52, 3, Policies, POLICY_FREE_MARKET, 390.0
52, 3, Policies, POLICY_LIBERALISM, 463.0
52, 3, Policies, POLICY_COLONIAL_TAXES, 1301.0
52, 3, Policies, POLICY_PUBLIC_WORKS, 39.0
52, 3, Policies, POLICY_NATIONAL_IDENTITY, 1.0
52, 3, Policies, POLICY_SYMPHONIES, 31.0
52, 3, Policies, POLICY_PRAETORIUM, 678.0
52, 3, Policies, POLICY_CIVIL_PRESTIGE, 1254.0
52, 3, Policies, POLICY_EQUESTRIAN_ORDERS, 119.0
52, 3, Policies, POLICY_EMPIRICAL_METHOD, 29.0
52, 0, Civic, CIVIC_NAVAL_TRADITION, 164.6, 1
52, 0, Civic, CIVIC_EXPLORATION, 1362.9, 1
52, 0, Civic, CIVIC_HUMANISM, 177.8, 1
52, 0, Civic, CIVIC_DIPLOMATIC_SERVICE, 532.6, 1
52, 0, Civic, CIVIC_REFORMED_CHURCH, 670.8, 1
52, 0, Civic, CIVIC_MERCANTILISM, 565.5, 3
52, 0, Civic, CIVIC_THE_ENLIGHTENMENT, 1214.3, 4
52, 0, Civic, CIVIC_COLONIALISM, 1568.5, 7
52, 0, Civic, CIVIC_CIVIL_ENGINEERING, 565.5, 8
52, 0, Civic, CIVIC_NATIONALISM, 1214.3, 6
52, 0, Civic, CIVIC_OPERA_BALLET, 1368.0, 8
52, 0, Policies, POLICY_SURVEY, 15.0
52, 0, Policies, POLICY_URBAN_PLANNING, 192.0
52, 0, Policies, POLICY_CARAVANSARIES, 113.0
52, 0, Policies, POLICY_CONSCRIPTION, 58.0
52, 0, Policies, POLICY_LAND_SURVEYORS, 282.5
52, 0, Policies, POLICY_COLONIZATION, 132.0
52, 0, Policies, POLICY_INSPIRATION, 25.0
52, 0, Policies, POLICY_CHARISMATIC_LEADER, 14.0
52, 0, Policies, POLICY_DIPLOMATIC_LEAGUE, 200.0
52, 0, Policies, POLICY_LITERARY_TRADITION, 15.0
52, 0, Policies, POLICY_RAID, 2527.0
52, 0, Policies, POLICY_LIMES, 1088.0
52, 0, Policies, POLICY_NATURAL_PHILOSOPHY, 265.0
52, 0, Policies, POLICY_NAVAL_INFRASTRUCTURE, 40.0
52, 0, Policies, POLICY_NAVIGATION, 31.0
52, 0, Policies, POLICY_FEUDAL_CONTRACT, 9.0
52, 0, Policies, POLICY_RETAINERS, 311.0
52, 0, Policies, POLICY_PROFESSIONAL_ARMY, 36.0
52, 0, Policies, POLICY_TRADE_CONFEDERATION, 231.0
52, 0, Policies, POLICY_MERCHANT_CONFEDERATION, 102.0
52, 0, Policies, POLICY_TOWN_CHARTERS, 235.0
52, 0, Policies, POLICY_TRAVELING_MERCHANTS, 28.0
52, 0, Policies, POLICY_COLONIAL_OFFICES, 682.0
52, 0, Policies, POLICY_INVENTION, 37.0
52, 0, Policies, POLICY_FRESCOES, 15.0
52, 0, Policies, POLICY_WARS_OF_RELIGION, 5.0
52, 0, Policies, POLICY_RELIGIOUS_ORDERS, 55.0
52, 0, Policies, POLICY_LOGISTICS, 52.0
52, 0, Policies, POLICY_TRIANGULAR_TRADE, 278.0
52, 0, Policies, POLICY_RATIONALISM, 254.0
52, 0, Policies, POLICY_FREE_MARKET, 276.0
52, 0, Policies, POLICY_LIBERALISM, 594.0
52, 0, Policies, POLICY_COLONIAL_TAXES, 908.0
52, 0, Policies, POLICY_SYMPHONIES, 31.0
52, 0, Policies, POLICY_PRAETORIUM, 992.0
52, 0, Policies, POLICY_CIVIL_PRESTIGE, 1133.0
52, 0, Policies, POLICY_DRILL_MANUALS, 25.0
52, 2, Civic, CIVIC_NAVAL_TRADITION, 167.6, 1
52, 2, Civic, CIVIC_HUMANISM, 166.0, 2
52, 2, Civic, CIVIC_DIPLOMATIC_SERVICE, 560.1, 2
52, 2, Civic, CIVIC_MERCANTILISM, 468.4, 4
52, 2, Civic, CIVIC_THE_ENLIGHTENMENT, 930.2, 6
52, 2, Civic, CIVIC_COLONIALISM, 1379.9, 8
52, 2, Civic, CIVIC_CIVIL_ENGINEERING, 468.4, 9
52, 2, Civic, CIVIC_NATIONALISM, 930.2, 9
52, 2, Civic, CIVIC_OPERA_BALLET, 1093.5, 10
52, 2, Policies, POLICY_SURVEY, 37.0
52, 2, Policies, POLICY_URBAN_PLANNING, 126.0
52, 2, Policies, POLICY_CARAVANSARIES, 61.0
52, 2, Policies, POLICY_CONSCRIPTION, 73.0
52, 2, Policies, POLICY_LAND_SURVEYORS, 224.0
52, 2, Policies, POLICY_COLONIZATION, 93.0
52, 2, Policies, POLICY_INSPIRATION, 15.0
52, 2, Policies, POLICY_CHARISMATIC_LEADER, 14.0
52, 2, Policies, POLICY_DIPLOMATIC_LEAGUE, 300.0
52, 2, Policies, POLICY_LITERARY_TRADITION, 15.0
52, 2, Policies, POLICY_RAID, 2284.0
52, 2, Policies, POLICY_LIMES, 912.0
52, 2, Policies, POLICY_NATURAL_PHILOSOPHY, 102.0
52, 2, Policies, POLICY_SCRIPTURE, 422.0
52, 2, Policies, POLICY_NAVAL_INFRASTRUCTURE, 31.0
52, 2, Policies, POLICY_NAVIGATION, 31.0
52, 2, Policies, POLICY_RETAINERS, 42.0
52, 2, Policies, POLICY_PROFESSIONAL_ARMY, 96.0
52, 2, Policies, POLICY_TRADE_CONFEDERATION, 115.0
52, 2, Policies, POLICY_MERCHANT_CONFEDERATION, 102.0
52, 2, Policies, POLICY_TOWN_CHARTERS, 83.0
52, 2, Policies, POLICY_TRAVELING_MERCHANTS, 18.0
52, 2, Policies, POLICY_PRESS_GANGS, 12.0
52, 2, Policies, POLICY_COLONIAL_OFFICES, 482.0
52, 2, Policies, POLICY_INVENTION, 31.0
52, 2, Policies, POLICY_FRESCOES, 15.0
52, 2, Policies, POLICY_WARS_OF_RELIGION, 10.0
52, 2, Policies, POLICY_RELIGIOUS_ORDERS, 104.0
52, 2, Policies, POLICY_SIMULTANEUM, 586.0
52, 2, Policies, POLICY_LOGISTICS, 60.0
52, 2, Policies, POLICY_TRIANGULAR_TRADE, 198.0
52, 2, Policies, POLICY_RATIONALISM, 120.0
52, 2, Policies, POLICY_FREE_MARKET, 85.0
52, 2, Policies, POLICY_LIBERALISM, 70.0
52, 2, Policies, POLICY_COLONIAL_TAXES, 799.0
52, 2, Policies, POLICY_SYMPHONIES, 31.0
52, 2, Policies, POLICY_PRAETORIUM, 612.0
52, 2, Policies, POLICY_CIVIL_PRESTIGE, 534.0
52, 2, Policies, POLICY_WISSELBANKEN, 69.0
52, 2, Policies, POLICY_EQUESTRIAN_ORDERS, 15.0
52, 2, Policies, POLICY_DRILL_MANUALS, 25.0
52, 0, Civic, CIVIC_NAVAL_TRADITION, 164.6, 1
52, 0, Civic, CIVIC_EXPLORATION, 1362.9, 1
52, 0, Civic, CIVIC_HUMANISM, 177.8, 1
52, 0, Civic, CIVIC_DIPLOMATIC_SERVICE, 532.6, 1
52, 0, Civic, CIVIC_REFORMED_CHURCH, 670.8, 1
52, 0, Civic, CIVIC_MERCANTILISM, 565.5, 3
52, 0, Civic, CIVIC_THE_ENLIGHTENMENT, 1214.3, 4
52, 0, Civic, CIVIC_COLONIALISM, 1568.5, 7
52, 0, Civic, CIVIC_CIVIL_ENGINEERING, 565.5, 8
52, 0, Civic, CIVIC_NATIONALISM, 1214.3, 6
52, 0, Civic, CIVIC_OPERA_BALLET, 1368.0, 8
52, 0, Policies, POLICY_SURVEY, 15.0
52, 0, Policies, POLICY_URBAN_PLANNING, 192.0
52, 0, Policies, POLICY_CARAVANSARIES, 113.0
52, 0, Policies, POLICY_CONSCRIPTION, 58.0
52, 0, Policies, POLICY_LAND_SURVEYORS, 282.5
52, 0, Policies, POLICY_COLONIZATION, 132.0
52, 0, Policies, POLICY_INSPIRATION, 25.0
52, 0, Policies, POLICY_CHARISMATIC_LEADER, 14.0
52, 0, Policies, POLICY_DIPLOMATIC_LEAGUE, 200.0
52, 0, Policies, POLICY_LITERARY_TRADITION, 15.0
52, 0, Policies, POLICY_RAID, 2527.0
52, 0, Policies, POLICY_LIMES, 1088.0
52, 0, Policies, POLICY_NATURAL_PHILOSOPHY, 265.0
52, 0, Policies, POLICY_NAVAL_INFRASTRUCTURE, 40.0
52, 0, Policies, POLICY_NAVIGATION, 31.0
52, 0, Policies, POLICY_FEUDAL_CONTRACT, 9.0
52, 0, Policies, POLICY_RETAINERS, 311.0
52, 0, Policies, POLICY_PROFESSIONAL_ARMY, 36.0
52, 0, Policies, POLICY_TRADE_CONFEDERATION, 231.0
52, 0, Policies, POLICY_MERCHANT_CONFEDERATION, 102.0
52, 0, Policies, POLICY_TOWN_CHARTERS, 235.0
52, 0, Policies, POLICY_TRAVELING_MERCHANTS, 28.0
52, 0, Policies, POLICY_COLONIAL_OFFICES, 682.0
52, 0, Policies, POLICY_INVENTION, 37.0
52, 0, Policies, POLICY_FRESCOES, 15.0
52, 0, Policies, POLICY_WARS_OF_RELIGION, 5.0
52, 0, Policies, POLICY_RELIGIOUS_ORDERS, 55.0
52, 0, Policies, POLICY_LOGISTICS, 52.0
52, 0, Policies, POLICY_TRIANGULAR_TRADE, 278.0
52, 0, Policies, POLICY_RATIONALISM, 254.0
52, 0, Policies, POLICY_FREE_MARKET, 276.0
52, 0, Policies, POLICY_LIBERALISM, 594.0
52, 0, Policies, POLICY_COLONIAL_TAXES, 908.0
52, 0, Policies, POLICY_SYMPHONIES, 31.0
52, 0, Policies, POLICY_PRAETORIUM, 992.0
52, 0, Policies, POLICY_CIVIL_PRESTIGE, 1133.0
52, 0, Policies, POLICY_DRILL_MANUALS, 25.0
52, 1, Civic, CIVIC_THEOLOGY, 186.7, 1
52, 1, Civic, CIVIC_NAVAL_TRADITION, 213.6, 1
52, 1, Civic, CIVIC_DIVINE_RIGHT, 1000.8, 2
52, 1, Civic, CIVIC_REFORMED_CHURCH, 1564.2, 3
52, 1, Civic, CIVIC_THE_ENLIGHTENMENT, 734.6, 1
52, 1, Civic, CIVIC_COLONIALISM, 1263.5, 2
52, 1, Civic, CIVIC_CIVIL_ENGINEERING, 0.0, 1
52, 1, Civic, CIVIC_NATIONALISM, 734.6, 2
52, 1, Civic, CIVIC_OPERA_BALLET, 999.3, 3
52, 1, Civic, CIVIC_NATURAL_HISTORY, 1586.2, 5
52, 1, Civic, CIVIC_SCORCHED_EARTH, 3419.6, 6
52, 1, Civic, CIVIC_URBANIZATION, 3236.0, 7
52, 1, Civic, CIVIC_CONSERVATION, 1759.0, 10
52, 1, Policies, POLICY_SURVEY, 15.0
52, 1, Policies, POLICY_GOD_KING, 24.0
52, 1, Policies, POLICY_URBAN_PLANNING, 198.0
52, 1, Policies, POLICY_CONSCRIPTION, 14.0
52, 1, Policies, POLICY_LAND_SURVEYORS, 315.0
52, 1, Policies, POLICY_COLONIZATION, 155.0
52, 1, Policies, POLICY_INSPIRATION, 48.0
52, 1, Policies, POLICY_CHARISMATIC_LEADER, 14.0
52, 1, Policies, POLICY_DIPLOMATIC_LEAGUE, 300.0
52, 1, Policies, POLICY_LITERARY_TRADITION, 34.0
52, 1, Policies, POLICY_RAID, 2527.0
52, 1, Policies, POLICY_LIMES, 1185.0
52, 1, Policies, POLICY_NATURAL_PHILOSOPHY, 309.0
52, 1, Policies, POLICY_NAVAL_INFRASTRUCTURE, 99.0
52, 1, Policies, POLICY_NAVIGATION, 47.0
52, 1, Policies, POLICY_RETAINERS, 56.0
52, 1, Policies, POLICY_TRADE_CONFEDERATION, 404.0
52, 1, Policies, POLICY_MERCHANT_CONFEDERATION, 216.0
52, 1, Policies, POLICY_AESTHETICS, 102.0
52, 1, Policies, POLICY_CRAFTSMEN, 117.0
52, 1, Policies, POLICY_TOWN_CHARTERS, 273.0
52, 1, Policies, POLICY_TRAVELING_MERCHANTS, 37.0
52, 1, Policies, POLICY_PRESS_GANGS, 92.0
52, 1, Policies, POLICY_COLONIAL_OFFICES, 884.0
52, 1, Policies, POLICY_INVENTION, 112.0
52, 1, Policies, POLICY_FRESCOES, 34.0
52, 1, Policies, POLICY_MACHIAVELLIANISM, 145.0
52, 1, Policies, POLICY_LOGISTICS, 7.0
52, 1, Policies, POLICY_TRIANGULAR_TRADE, 475.0
52, 1, Policies, POLICY_RATIONALISM, 575.0
52, 1, Policies, POLICY_FREE_MARKET, 150.0
52, 1, Policies, POLICY_LIBERALISM, 112.0
52, 1, Policies, POLICY_COLONIAL_TAXES, 1236.0
52, 1, Policies, POLICY_GRAND_OPERA, 88.0
52, 1, Policies, POLICY_SYMPHONIES, 62.0
52, 1, Policies, POLICY_TOTAL_WAR, 2527.0
52, 1, Policies, POLICY_EXPROPRIATION, 470.0
52, 1, Policies, POLICY_MILITARY_RESEARCH, 1836.0
52, 1, Policies, POLICY_PRAETORIUM, 1272.0
52, 1, Policies, POLICY_CIVIL_PRESTIGE, 878.0
52, 1, Policies, POLICY_WISSELBANKEN, 80.0
52, 1, Policies, POLICY_EQUESTRIAN_ORDERS, 80.0
53, 5, Civic, CIVIC_THEOLOGY, 1218.7, 1
53, 5, Civic, CIVIC_NAVAL_TRADITION, 144.6, 1
53, 5, Civic, CIVIC_DIVINE_RIGHT, 2156.5, 3
53, 5, Civic, CIVIC_EXPLORATION, 2098.8, 2
53, 5, Civic, CIVIC_HUMANISM, 160.8, 1
53, 5, Civic, CIVIC_DIPLOMATIC_SERVICE, 485.7, 3
53, 5, Civic, CIVIC_REFORMED_CHURCH, 3369.5, 5
53, 5, Civic, CIVIC_MERCANTILISM, 440.9, 5
53, 5, Civic, CIVIC_THE_ENLIGHTENMENT, 831.0, 8
53, 5, Civic, CIVIC_COLONIALISM, 1696.2, 11
53, 5, Civic, CIVIC_CIVIL_ENGINEERING, 656251.4, 13
53, 5, Civic, CIVIC_NATIONALISM, 598410.1, 16
53, 5, Civic, CIVIC_OPERA_BALLET, 945.8, 14
53, 5, Policies, POLICY_SURVEY, 36.0
53, 5, Policies, POLICY_GOD_KING, 7.0
53, 5, Policies, POLICY_URBAN_PLANNING, 168.0
53, 5, Policies, POLICY_CARAVANSARIES, 49.0
53, 5, Policies, POLICY_CONSCRIPTION, 228.0
53, 5, Policies, POLICY_LAND_SURVEYORS, 10.5
53, 5, Policies, POLICY_COLONIZATION, 28.0
53, 5, Policies, POLICY_INSPIRATION, 34.0
53, 5, Policies, POLICY_CHARISMATIC_LEADER, 14.0
53, 5, Policies, POLICY_DIPLOMATIC_LEAGUE, 200.0
53, 5, Policies, POLICY_LITERARY_TRADITION, 17.0
53, 5, Policies, POLICY_RAID, 2837.0
53, 5, Policies, POLICY_BASTIONS, 42.0
53, 5, Policies, POLICY_LIMES, 736.0
53, 5, Policies, POLICY_NATURAL_PHILOSOPHY, 196.0
53, 5, Policies, POLICY_SCRIPTURE, 102.0
53, 5, Policies, POLICY_NAVIGATION, 47.0
53, 5, Policies, POLICY_FEUDAL_CONTRACT, 38.0
53, 5, Policies, POLICY_RETAINERS, 28.0
53, 5, Policies, POLICY_PROFESSIONAL_ARMY, 69.0
53, 5, Policies, POLICY_TRADE_CONFEDERATION, 89.0
53, 5, Policies, POLICY_MERCHANT_CONFEDERATION, 74.0
53, 5, Policies, POLICY_CRAFTSMEN, 86.0
53, 5, Policies, POLICY_TOWN_CHARTERS, 38.0
53, 5, Policies, POLICY_TRAVELING_MERCHANTS, 21.0
53, 5, Policies, POLICY_COLONIAL_OFFICES, 1426.0
53, 5, Policies, POLICY_INVENTION, 84.0
53, 5, Policies, POLICY_FRESCOES, 17.0
53, 5, Policies, POLICY_WARS_OF_RELIGION, 10.0
53, 5, Policies, POLICY_RELIGIOUS_ORDERS, 300.0
53, 5, Policies, POLICY_LOGISTICS, 359.0
53, 5, Policies, POLICY_TRIANGULAR_TRADE, 90.0
53, 5, Policies, POLICY_RATIONALISM, 198.0
53, 5, Policies, POLICY_FREE_MARKET, 54.0
53, 5, Policies, POLICY_LIBERALISM, 242.0
53, 5, Policies, POLICY_COLONIAL_TAXES, 1352.0
53, 5, Policies, POLICY_GRANDE_ARMEE, 38.0
53, 5, Policies, POLICY_SYMPHONIES, 31.0
53, 5, Policies, POLICY_ECONOMIC_UNION, 29.0
53, 5, Policies, POLICY_PRAETORIUM, 2475.0
53, 5, Policies, POLICY_CIVIL_PRESTIGE, 1057.0
53, 5, Policies, POLICY_EQUESTRIAN_ORDERS, 75.0
53, 5, Policies, POLICY_DRILL_MANUALS, 25.0
53, 5, Policies, POLICY_HARD_SHELL_EXPLOSIVES, 12.0
53, 5, Policies, POLICY_EMPIRICAL_METHOD, 249.0
53, 5, Policies, POLICY_MASTER_ARTISANS, 73.0
53, 6, Completed Civic, CIVIC_HUMANISM
53, 6, Slot Policy, POLICY_LIMES, 1109
53, 6, Slot Policy, POLICY_RAID, 2741
53, 6, Slot Policy, POLICY_CIVIL_PRESTIGE, 1559
53, 6, Slot Policy, POLICY_DIPLOMATIC_LEAGUE, 300
53, 6, Slot Policy, POLICY_PRAETORIUM, 2339
53, 6, Slot Policy, POLICY_RETAINERS, 437
53, 6, Slot Policy, POLICY_SCRIPTURE, 408
53, 6, Civic, CIVIC_NAVAL_TRADITION, 156.6, 1
53, 6, Civic, CIVIC_EXPLORATION, 2158.8, 1
53, 6, Civic, CIVIC_REFORMED_CHURCH, 1838.6, 1
53, 6, Civic, CIVIC_MERCANTILISM, 135.8, 2
53, 6, Civic, CIVIC_THE_ENLIGHTENMENT, 247.5, 2
53, 6, Civic, CIVIC_COLONIALISM, 1537.8, 6
53, 6, Civic, CIVIC_CIVIL_ENGINEERING, 461053.9, 7
53, 6, Civic, CIVIC_NATIONALISM, 692330.1, 7
53, 6, Civic, CIVIC_OPERA_BALLET, 796.7, 6
53, 6, Civic, CIVIC_NATURAL_HISTORY, 1775.2, 11
53, 6, Civic, CIVIC_SCORCHED_EARTH, 461676.1, 13
53, 6, Civic, CIVIC_URBANIZATION, 922718.7, 20
53, 6, Policies, POLICY_SURVEY, 57.0
53, 6, Policies, POLICY_URBAN_PLANNING, 147.0
53, 6, Policies, POLICY_CARAVANSARIES, 49.0
53, 6, Policies, POLICY_CONSCRIPTION, 250.0
53, 6, Policies, POLICY_LAND_SURVEYORS, 315.0
53, 6, Policies, POLICY_COLONIZATION, 4.0
53, 6, Policies, POLICY_INSPIRATION, 50.0
53, 6, Policies, POLICY_CHARISMATIC_LEADER, 14.0
53, 6, Policies, POLICY_DIPLOMATIC_LEAGUE, 300.0
53, 6, Policies, POLICY_LITERARY_TRADITION, 50.0
53, 6, Policies, POLICY_RAID, 2837.0
53, 6, Policies, POLICY_BASTIONS, 42.0
53, 6, Policies, POLICY_LIMES, 496.0
53, 6, Policies, POLICY_NATURAL_PHILOSOPHY, 149.0
53, 6, Policies, POLICY_SCRIPTURE, 467.0
53, 6, Policies, POLICY_NAVIGATION, 31.0
53, 6, Policies, POLICY_RETAINERS, 620.0
53, 6, Policies, POLICY_TRADE_CONFEDERATION, 105.0
53, 6, Policies, POLICY_MERCHANT_CONFEDERATION, 124.0
53, 6, Policies, POLICY_AESTHETICS, 116.0
53, 6, Policies, POLICY_TOWN_CHARTERS, 38.0
53, 6, Policies, POLICY_TRAVELING_MERCHANTS, 43.0
53, 6, Policies, POLICY_COLONIAL_OFFICES, 1507.0
53, 6, Policies, POLICY_INVENTION, 87.0
53, 6, Policies, POLICY_FRESCOES, 50.0
53, 6, Policies, POLICY_RELIGIOUS_ORDERS, 310.0
53, 6, Policies, POLICY_SIMULTANEUM, 1288.0
53, 6, Policies, POLICY_LOGISTICS, 266.0
53, 6, Policies, POLICY_TRIANGULAR_TRADE, 140.0
53, 6, Policies, POLICY_RATIONALISM, 223.0
53, 6, Policies, POLICY_FREE_MARKET, 108.0
53, 6, Policies, POLICY_LIBERALISM, 634.0
53, 6, Policies, POLICY_COLONIAL_TAXES, 1501.0
53, 6, Policies, POLICY_PUBLIC_WORKS, 5.0
53, 6, Policies, POLICY_GRAND_OPERA, 158.0
53, 6, Policies, POLICY_SYMPHONIES, 94.0
53, 6, Policies, POLICY_TOTAL_WAR, 2837.0
53, 6, Policies, POLICY_EXPROPRIATION, 319.0
53, 6, Policies, POLICY_MILITARY_RESEARCH, 952.0
53, 6, Policies, POLICY_ECONOMIC_UNION, 29.0
53, 6, Policies, POLICY_PRAETORIUM, 2426.0
53, 6, Policies, POLICY_CIVIL_PRESTIGE, 1570.0
53, 6, Policies, POLICY_EMPIRICAL_METHOD, 160.0
53, 7, Civic, CIVIC_THEOLOGY, 4280.7, 1
53, 7, Civic, CIVIC_NAVAL_TRADITION, 144.6, 1
53, 7, Civic, CIVIC_MERCENARIES, 167.6, 1
53, 7, Civic, CIVIC_DIVINE_RIGHT, 2093.6, 2
53, 7, Civic, CIVIC_EXPLORATION, 2373.9, 2
53, 7, Civic, CIVIC_REFORMED_CHURCH, 3373.8, 3
53, 7, Civic, CIVIC_COLONIALISM, 1533.5, 3
53, 7, Civic, CIVIC_CIVIL_ENGINEERING, 4714312.0, 3
53, 7, Civic, CIVIC_NATIONALISM, 4877614.0, 2
53, 7, Civic, CIVIC_OPERA_BALLET, 1202.8, 3
53, 7, Civic, CIVIC_NATURAL_HISTORY, 1818.7, 5
53, 7, Civic, CIVIC_SCORCHED_EARTH, 3254533.0, 6
53, 7, Civic, CIVIC_URBANIZATION, -7182345.0, 9
53, 7, Civic, CIVIC_CONSERVATION, 1964.5, 10
53, 7, Civic, CIVIC_MASS_MEDIA, -4375449.5, 19
53, 7, Civic, CIVIC_MOBILIZATION, -4271595.0, 18
53, 7, Policies, POLICY_SURVEY, 84.0
53, 7, Policies, POLICY_GOD_KING, 22.0
53, 7, Policies, POLICY_CONSCRIPTION, 250.0
53, 7, Policies, POLICY_LAND_SURVEYORS, 300.0
53, 7, Policies, POLICY_COLONIZATION, 86.0
53, 7, Policies, POLICY_INSPIRATION, 36.0
53, 7, Policies, POLICY_CHARISMATIC_LEADER, 14.0
53, 7, Policies, POLICY_DIPLOMATIC_LEAGUE, 200.0
53, 7, Policies, POLICY_LITERARY_TRADITION, 50.0
53, 7, Policies, POLICY_RAID, 2837.0
53, 7, Policies, POLICY_BASTIONS, 36.0
53, 7, Policies, POLICY_LIMES, 216.0
53, 7, Policies, POLICY_NATURAL_PHILOSOPHY, 225.0
53, 7, Policies, POLICY_SCRIPTURE, 160.0
53, 7, Policies, POLICY_NAVIGATION, 31.0
53, 7, Policies, POLICY_FEUDAL_CONTRACT, 33.0
53, 7, Policies, POLICY_RETAINERS, 362.0
53, 7, Policies, POLICY_PROFESSIONAL_ARMY, 236.0
53, 7, Policies, POLICY_TRADE_CONFEDERATION, 59.0
53, 7, Policies, POLICY_MERCHANT_CONFEDERATION, 49.0
53, 7, Policies, POLICY_AESTHETICS, 71.0
53, 7, Policies, POLICY_CRAFTSMEN, 42.0
53, 7, Policies, POLICY_TRAVELING_MERCHANTS, 29.0
53, 7, Policies, POLICY_COLONIAL_OFFICES, 1399.0
53, 7, Policies, POLICY_INVENTION, 59.0
53, 7, Policies, POLICY_FRESCOES, 50.0
53, 7, Policies, POLICY_RELIGIOUS_ORDERS, 360.0
53, 7, Policies, POLICY_SIMULTANEUM, 297.0
53, 7, Policies, POLICY_LOGISTICS, 256.0
53, 7, Policies, POLICY_TRIANGULAR_TRADE, 59.0
53, 7, Policies, POLICY_RATIONALISM, 310.0
53, 7, Policies, POLICY_LIBERALISM, 432.0
53, 7, Policies, POLICY_COLONIAL_TAXES, 1486.0
53, 7, Policies, POLICY_PUBLIC_WORKS, 8.0
53, 7, Policies, POLICY_GRANDE_ARMEE, 33.0
53, 7, Policies, POLICY_SYMPHONIES, 94.0
53, 7, Policies, POLICY_TOTAL_WAR, 2837.0
53, 7, Policies, POLICY_EXPROPRIATION, 386.0
53, 7, Policies, POLICY_MILITARY_RESEARCH, 1800.0
53, 7, Policies, POLICY_LEVEE_EN_MASSE, 500.0
53, 7, Policies, POLICY_MILITARY_FIRST, 33.0
53, 7, Policies, POLICY_PRAETORIUM, 2291.0
53, 7, Policies, POLICY_CIVIL_PRESTIGE, 1606.0
53, 7, Policies, POLICY_EQUESTRIAN_ORDERS, 10.0
53, 7, Policies, POLICY_FORCE_MODERNIZATION, 236.0
53, 7, Policies, POLICY_EMPIRICAL_METHOD, 131.0
53, 8, Civic, CIVIC_NAVAL_TRADITION, 144.6, 1
53, 8, Civic, CIVIC_MERCENARIES, 144.6, 1
53, 8, Civic, CIVIC_DIVINE_RIGHT, 1567.8, 1
53, 8, Civic, CIVIC_EXPLORATION, 2437.0, 3
53, 8, Civic, CIVIC_DIPLOMATIC_SERVICE, 511.1, 2
53, 8, Civic, CIVIC_REFORMED_CHURCH, 3196.1, 3
53, 8, Civic, CIVIC_THE_ENLIGHTENMENT, 618.0, 4
53, 8, Civic, CIVIC_COLONIALISM, 1480.9, 4
53, 8, Civic, CIVIC_CIVIL_ENGINEERING, 1141321.6, 2
53, 8, Civic, CIVIC_NATIONALISM, 914024.4, 9
53, 8, Civic, CIVIC_OPERA_BALLET, 764.3, 8
53, 8, Civic, CIVIC_NATURAL_HISTORY, 1726.1, 9
53, 8, Civic, CIVIC_CONSERVATION, 1840.8, 16
53, 8, Policies, POLICY_SURVEY, 21.0
53, 8, Policies, POLICY_URBAN_PLANNING, 168.0
53, 8, Policies, POLICY_CONSCRIPTION, 368.0
53, 8, Policies, POLICY_LAND_SURVEYORS, 197.5
53, 8, Policies, POLICY_COLONIZATION, 22.0
53, 8, Policies, POLICY_INSPIRATION, 29.0
53, 8, Policies, POLICY_CHARISMATIC_LEADER, 14.0
53, 8, Policies, POLICY_DIPLOMATIC_LEAGUE, 200.0
53, 8, Policies, POLICY_LITERARY_TRADITION, 18.0
53, 8, Policies, POLICY_RAID, 2837.0
53, 8, Policies, POLICY_BASTIONS, 36.0
53, 8, Policies, POLICY_LIMES, 592.0
53, 8, Policies, POLICY_NATURAL_PHILOSOPHY, 170.0
53, 8, Policies, POLICY_SCRIPTURE, 644.0
53, 8, Policies, POLICY_NAVIGATION, 15.0
53, 8, Policies, POLICY_FEUDAL_CONTRACT, 42.0
53, 8, Policies, POLICY_RETAINERS, 270.0
53, 8, Policies, POLICY_PROFESSIONAL_ARMY, 19.0
53, 8, Policies, POLICY_TRADE_CONFEDERATION, 63.0
53, 8, Policies, POLICY_MERCHANT_CONFEDERATION, 74.0
53, 8, Policies, POLICY_AESTHETICS, 14.0
53, 8, Policies, POLICY_CRAFTSMEN, 64.0
53, 8, Policies, POLICY_TRAVELING_MERCHANTS, 21.0
53, 8, Policies, POLICY_COLONIAL_OFFICES, 1706.0
53, 8, Policies, POLICY_INVENTION, 84.0
53, 8, Policies, POLICY_FRESCOES, 18.0
53, 8, Policies, POLICY_WARS_OF_RELIGION, 10.0
53, 8, Policies, POLICY_RELIGIOUS_ORDERS, 340.0
53, 8, Policies, POLICY_SIMULTANEUM, 795.0
53, 8, Policies, POLICY_LOGISTICS, 421.0
53, 8, Policies, POLICY_TRIANGULAR_TRADE, 62.0
53, 8, Policies, POLICY_RATIONALISM, 123.0
53, 8, Policies, POLICY_LIBERALISM, 409.0
53, 8, Policies, POLICY_COLONIAL_TAXES, 1768.0
53, 8, Policies, POLICY_GRANDE_ARMEE, 42.0
53, 8, Policies, POLICY_GRAND_OPERA, 63.0
53, 8, Policies, POLICY_SYMPHONIES, 31.0
53, 8, Policies, POLICY_PRAETORIUM, 3008.0
53, 8, Policies, POLICY_CIVIL_PRESTIGE, 1593.0
53, 8, Policies, POLICY_MONASTICISM, 2603.0
53, 8, Policies, POLICY_TWILIGHT_VALOR, 590.0
53, 8, Policies, POLICY_ISOLATIONISM, 336.0
53, 8, Policies, POLICY_DRILL_MANUALS, 80.0
53, 8, Policies, POLICY_HARD_SHELL_EXPLOSIVES, 14.0
53, 8, Policies, POLICY_EMPIRICAL_METHOD, 72.0
53, 8, Policies, POLICY_MASTER_ARTISANS, 44.0
53, 9, Civic, CIVIC_NAVAL_TRADITION, 144.6, 1
53, 9, Civic, CIVIC_MERCENARIES, 142.5, 2
53, 9, Civic, CIVIC_DIVINE_RIGHT, 1643.1, 2
53, 9, Civic, CIVIC_EXPLORATION, 2326.4, 5
53, 9, Civic, CIVIC_DIPLOMATIC_SERVICE, 485.7, 3
53, 9, Civic, CIVIC_REFORMED_CHURCH, 3047.3, 5
53, 9, Civic, CIVIC_MERCANTILISM, 470.8, 2
53, 9, Civic, CIVIC_THE_ENLIGHTENMENT, 886.6, 7
53, 9, Civic, CIVIC_COLONIALISM, 1969.2, 9
53, 9, Civic, CIVIC_CIVIL_ENGINEERING, 31038.0, 10
53, 9, Civic, CIVIC_NATIONALISM, 27114.3, 15
53, 9, Civic, CIVIC_OPERA_BALLET, 1001.5, 14
53, 9, Civic, CIVIC_NATURAL_HISTORY, 2130.5, 18
53, 9, Policies, POLICY_SURVEY, 14.0
53, 9, Policies, POLICY_URBAN_PLANNING, 147.0
53, 9, Policies, POLICY_CARAVANSARIES, 27.0
53, 9, Policies, POLICY_CONSCRIPTION, 272.0
53, 9, Policies, POLICY_LAND_SURVEYORS, 63.0
53, 9, Policies, POLICY_COLONIZATION, 21.0
53, 9, Policies, POLICY_INSPIRATION, 29.0
53, 9, Policies, POLICY_CHARISMATIC_LEADER, 14.0
53, 9, Policies, POLICY_DIPLOMATIC_LEAGUE, 200.0
53, 9, Policies, POLICY_LITERARY_TRADITION, 18.0
53, 9, Policies, POLICY_RAID, 3170.0
53, 9, Policies, POLICY_BASTIONS, 36.0
53, 9, Policies, POLICY_LIMES, 80.0
53, 9, Policies, POLICY_NATURAL_PHILOSOPHY, 159.0
53, 9, Policies, POLICY_SCRIPTURE, 160.0
53, 9, Policies, POLICY_NAVIGATION, 15.0
53, 9, Policies, POLICY_FEUDAL_CONTRACT, 16.0
53, 9, Policies, POLICY_RETAINERS, 283.0
53, 9, Policies, POLICY_PROFESSIONAL_ARMY, 56.0
53, 9, Policies, POLICY_TRADE_CONFEDERATION, 59.0
53, 9, Policies, POLICY_MERCHANT_CONFEDERATION, 97.0
53, 9, Policies, POLICY_AESTHETICS, 14.0
53, 9, Policies, POLICY_CRAFTSMEN, 71.0
53, 9, Policies, POLICY_TRAVELING_MERCHANTS, 21.0
53, 9, Policies, POLICY_COLONIAL_OFFICES, 1343.0
53, 9, Policies, POLICY_INVENTION, 84.0
53, 9, Policies, POLICY_FRESCOES, 18.0
53, 9, Policies, POLICY_WARS_OF_RELIGION, 10.0
53, 9, Policies, POLICY_RELIGIOUS_ORDERS, 280.0
53, 9, Policies, POLICY_SIMULTANEUM, 120.0
53, 9, Policies, POLICY_LOGISTICS, 348.0
53, 9, Policies, POLICY_TRIANGULAR_TRADE, 61.0
53, 9, Policies, POLICY_LIBERALISM, 411.0
53, 9, Policies, POLICY_COLONIAL_TAXES, 1443.0
53, 9, Policies, POLICY_PUBLIC_WORKS, 3.0
53, 9, Policies, POLICY_GRANDE_ARMEE, 16.0
53, 9, Policies, POLICY_SYMPHONIES, 31.0
53, 9, Policies, POLICY_PRAETORIUM, 2373.0
53, 9, Policies, POLICY_CIVIL_PRESTIGE, 1032.0
53, 9, Policies, POLICY_DRILL_MANUALS, 35.0
53, 9, Policies, POLICY_EMPIRICAL_METHOD, 87.0
53, 9, Policies, POLICY_MASTER_ARTISANS, 58.0
53, 10, Civic, CIVIC_NAVAL_TRADITION, 74.3, 19
53, 10, Civic, CIVIC_MERCENARIES, 152.6, 1
53, 10, Civic, CIVIC_MEDIEVAL_FAIRES, 140.7, 1
53, 10, Civic, CIVIC_GUILDS, 140.7, 1
53, 10, Civic, CIVIC_EXPLORATION, 293.2, 50
53, 10, Civic, CIVIC_HUMANISM, 429.5, 3
53, 10, Civic, CIVIC_DIPLOMATIC_SERVICE, 140.7, 67
53, 10, Civic, CIVIC_REFORMED_CHURCH, 226.7, 49
53, 10, Civic, CIVIC_MERCANTILISM, 429.5, 82
53, 10, Civic, CIVIC_THE_ENLIGHTENMENT, 429.5, 148
53, 10, Policies, POLICY_URBAN_PLANNING, 14.0
53, 10, Policies, POLICY_CARAVANSARIES, 14.0
53, 10, Policies, POLICY_CONSCRIPTION, 51.0
53, 10, Policies, POLICY_CHARISMATIC_LEADER, 14.0
53, 10, Policies, POLICY_BASTIONS, 6.0
53, 10, Policies, POLICY_RETAINERS, 80.0
53, 10, Policies, POLICY_TRADE_CONFEDERATION, 28.0
53, 10, Policies, POLICY_PRAETORIUM, 23.0
53, 10, Policies, POLICY_CIVIL_PRESTIGE, 216.0
53, 10, Policies, POLICY_SOVEREIGN_STATE, 80.0
53, 12, Civic, CIVIC_NAVAL_TRADITION, 74.3, 19
53, 12, Civic, CIVIC_MERCENARIES, 152.6, 1
53, 12, Civic, CIVIC_MEDIEVAL_FAIRES, 140.7, 1
53, 12, Civic, CIVIC_GUILDS, 140.7, 1
53, 12, Civic, CIVIC_EXPLORATION, 383.0, 49
53, 12, Civic, CIVIC_HUMANISM, 429.5, 3
53, 12, Civic, CIVIC_DIPLOMATIC_SERVICE, 140.7, 65
53, 12, Civic, CIVIC_REFORMED_CHURCH, 221.8, 48
53, 12, Civic, CIVIC_MERCANTILISM, 429.5, 81
53, 12, Civic, CIVIC_THE_ENLIGHTENMENT, 429.5, 145
53, 12, Policies, POLICY_URBAN_PLANNING, 14.0
53, 12, Policies, POLICY_CARAVANSARIES, 14.0
53, 12, Policies, POLICY_CONSCRIPTION, 29.0
53, 12, Policies, POLICY_INSULAE, 25.0
53, 12, Policies, POLICY_CHARISMATIC_LEADER, 14.0
53, 12, Policies, POLICY_BASTIONS, 6.0
53, 12, Policies, POLICY_LIMES, 65.0
53, 12, Policies, POLICY_NATURAL_PHILOSOPHY, 28.0
53, 12, Policies, POLICY_FEUDAL_CONTRACT, 1.0
53, 12, Policies, POLICY_TRADE_CONFEDERATION, 28.0
53, 12, Policies, POLICY_COLONIAL_OFFICES, 36.0
53, 12, Policies, POLICY_PRAETORIUM, 29.0
53, 12, Policies, POLICY_CIVIL_PRESTIGE, 115.0
53, 12, Policies, POLICY_EQUESTRIAN_ORDERS, 56.0
53, 12, Policies, POLICY_SOVEREIGN_STATE, 80.0
53, 13, Civic, CIVIC_NAVAL_TRADITION, 82.3, 19
53, 13, Civic, CIVIC_MERCENARIES, 152.6, 1
53, 13, Civic, CIVIC_MEDIEVAL_FAIRES, 140.7, 1
53, 13, Civic, CIVIC_GUILDS, 140.7, 1
53, 13, Civic, CIVIC_EXPLORATION, 293.2, 50
53, 13, Civic, CIVIC_HUMANISM, 429.5, 3
53, 13, Civic, CIVIC_DIPLOMATIC_SERVICE, 140.7, 67
53, 13, Civic, CIVIC_REFORMED_CHURCH, 226.2, 49
53, 13, Civic, CIVIC_MERCANTILISM, 429.5, 82
53, 13, Civic, CIVIC_THE_ENLIGHTENMENT, 429.5, 148
53, 13, Policies, POLICY_URBAN_PLANNING, 14.0
53, 13, Policies, POLICY_CARAVANSARIES, 14.0
53, 13, Policies, POLICY_CONSCRIPTION, 36.0
53, 13, Policies, POLICY_INSULAE, 72.0
53, 13, Policies, POLICY_CHARISMATIC_LEADER, 14.0
53, 13, Policies, POLICY_BASTIONS, 6.0
53, 13, Policies, POLICY_LIMES, 49.0
53, 13, Policies, POLICY_NAVAL_INFRASTRUCTURE, 28.0
53, 13, Policies, POLICY_RETAINERS, 88.0
53, 13, Policies, POLICY_TRADE_CONFEDERATION, 28.0
53, 13, Policies, POLICY_PRAETORIUM, 23.0
53, 13, Policies, POLICY_CIVIL_PRESTIGE, 160.0
53, 13, Policies, POLICY_SOVEREIGN_STATE, 80.0
53, 14, Civic, CIVIC_NAVAL_TRADITION, 82.3, 19
53, 14, Civic, CIVIC_MERCENARIES, 182.6, 1
53, 14, Civic, CIVIC_MEDIEVAL_FAIRES, 140.7, 1
53, 14, Civic, CIVIC_GUILDS, 140.7, 1
53, 14, Civic, CIVIC_EXPLORATION, 323.2, 50
53, 14, Civic, CIVIC_HUMANISM, 429.5, 3
53, 14, Civic, CIVIC_DIPLOMATIC_SERVICE, 140.7, 67
53, 14, Civic, CIVIC_REFORMED_CHURCH, 229.8, 49
53, 14, Civic, CIVIC_MERCANTILISM, 429.5, 82
53, 14, Civic, CIVIC_THE_ENLIGHTENMENT, 429.5, 148
53, 14, Policies, POLICY_URBAN_PLANNING, 14.0
53, 14, Policies, POLICY_CARAVANSARIES, 29.0
53, 14, Policies, POLICY_CONSCRIPTION, 14.0
53, 14, Policies, POLICY_INSULAE, 25.0
53, 14, Policies, POLICY_CHARISMATIC_LEADER, 14.0
53, 14, Policies, POLICY_BASTIONS, 6.0
53, 14, Policies, POLICY_LIMES, 12.0
53, 14, Policies, POLICY_NAVAL_INFRASTRUCTURE, 28.0
53, 14, Policies, POLICY_FEUDAL_CONTRACT, 2.0
53, 14, Policies, POLICY_RETAINERS, 14.0
53, 14, Policies, POLICY_TRADE_CONFEDERATION, 58.0
53, 14, Policies, POLICY_TOWN_CHARTERS, 14.0
53, 14, Policies, POLICY_WARS_OF_RELIGION, 10.0
53, 14, Policies, POLICY_RELIGIOUS_ORDERS, 20.0
53, 14, Policies, POLICY_PRAETORIUM, 26.0
53, 14, Policies, POLICY_CIVIL_PRESTIGE, 39.0
53, 14, Policies, POLICY_SOVEREIGN_STATE, 80.0
53, 15, Civic, CIVIC_NAVAL_TRADITION, 75.3, 18
53, 15, Civic, CIVIC_MERCENARIES, 152.6, 1
53, 15, Civic, CIVIC_MEDIEVAL_FAIRES, 140.7, 1
53, 15, Civic, CIVIC_GUILDS, 140.7, 1
53, 15, Civic, CIVIC_EXPLORATION, 395.0, 47
53, 15, Civic, CIVIC_HUMANISM, 429.5, 3
53, 15, Civic, CIVIC_DIPLOMATIC_SERVICE, 140.7, 63
53, 15, Civic, CIVIC_REFORMED_CHURCH, 214.6, 46
53, 15, Civic, CIVIC_MERCANTILISM, 429.5, 78
53, 15, Civic, CIVIC_THE_ENLIGHTENMENT, 429.5, 140
53, 15, Policies, POLICY_URBAN_PLANNING, 14.0
53, 15, Policies, POLICY_CARAVANSARIES, 14.0
53, 15, Policies, POLICY_CONSCRIPTION, 51.0
53, 15, Policies, POLICY_CHARISMATIC_LEADER, 14.0
53, 15, Policies, POLICY_BASTIONS, 6.0
53, 15, Policies, POLICY_RETAINERS, 14.0
53, 15, Policies, POLICY_TRADE_CONFEDERATION, 28.0
53, 15, Policies, POLICY_COLONIAL_OFFICES, 43.0
53, 15, Policies, POLICY_PRAETORIUM, 29.0
53, 15, Policies, POLICY_CIVIL_PRESTIGE, 76.0
53, 15, Policies, POLICY_EQUESTRIAN_ORDERS, 18.0
53, 15, Policies, POLICY_SOVEREIGN_STATE, 80.0
53, 17, Civic, CIVIC_NAVAL_TRADITION, 62.0, 23
53, 17, Civic, CIVIC_DIVINE_RIGHT, 277.3, 1
53, 17, Civic, CIVIC_EXPLORATION, 118.6, 43
53, 17, Civic, CIVIC_HUMANISM, 160.8, 1
53, 17, Civic, CIVIC_DIPLOMATIC_SERVICE, 0.0, 75
53, 17, Civic, CIVIC_REFORMED_CHURCH, 277.3, 56
53, 17, Civic, CIVIC_MERCANTILISM, 160.8, 90
53, 17, Civic, CIVIC_THE_ENLIGHTENMENT, 160.8, 165
53, 17, Civic, CIVIC_COLONIALISM, 160.8, 189
53, 17, Civic, CIVIC_CIVIL_ENGINEERING, 160.8, 215
53, 17, Civic, CIVIC_NATIONALISM, 160.8, 290
53, 17, Civic, CIVIC_OPERA_BALLET, 160.8, 264
53, 17, Policies, POLICY_URBAN_PLANNING, 14.0
53, 17, Policies, POLICY_CARAVANSARIES, 14.0
53, 17, Policies, POLICY_CONSCRIPTION, 44.0
53, 17, Policies, POLICY_CHARISMATIC_LEADER, 14.0
53, 17, Policies, POLICY_RAID, 10.0
53, 17, Policies, POLICY_BASTIONS, 6.0
53, 17, Policies, POLICY_LIMES, 13.0
53, 17, Policies, POLICY_FEUDAL_CONTRACT, 3.0
53, 17, Policies, POLICY_TRADE_CONFEDERATION, 28.0
53, 17, Policies, POLICY_CHIVALRY, 2.0
53, 17, Policies, POLICY_COLONIAL_OFFICES, 47.0
53, 17, Policies, POLICY_PRAETORIUM, 32.0
53, 17, Policies, POLICY_CIVIL_PRESTIGE, 132.0
53, 17, Policies, POLICY_EQUESTRIAN_ORDERS, 56.0
53, 17, Policies, POLICY_SOVEREIGN_STATE, 80.0
53, 20, Civic, CIVIC_NAVAL_TRADITION, 80.1, 16
53, 20, Civic, CIVIC_MERCENARIES, 152.6, 1
53, 20, Civic, CIVIC_MEDIEVAL_FAIRES, 140.7, 1
53, 20, Civic, CIVIC_GUILDS, 140.7, 1
53, 20, Civic, CIVIC_EXPLORATION, 397.9, 43
53, 20, Civic, CIVIC_HUMANISM, 429.5, 3
53, 20, Civic, CIVIC_DIPLOMATIC_SERVICE, 140.7, 57
53, 20, Civic, CIVIC_REFORMED_CHURCH, 225.7, 42
53, 20, Civic, CIVIC_MERCANTILISM, 429.5, 70
53, 20, Civic, CIVIC_THE_ENLIGHTENMENT, 429.5, 126
53, 20, Policies, POLICY_URBAN_PLANNING, 14.0
53, 20, Policies, POLICY_CARAVANSARIES, 14.0
53, 20, Policies, POLICY_CONSCRIPTION, 51.0
53, 20, Policies, POLICY_CHARISMATIC_LEADER, 14.0
53, 20, Policies, POLICY_BASTIONS, 6.0
53, 20, Policies, POLICY_LIMES, 45.0
53, 20, Policies, POLICY_RETAINERS, 81.0
53, 20, Policies, POLICY_TRADE_CONFEDERATION, 28.0
53, 20, Policies, POLICY_COLONIAL_OFFICES, 34.0
53, 20, Policies, POLICY_PRAETORIUM, 20.0
53, 20, Policies, POLICY_CIVIL_PRESTIGE, 101.0
53, 20, Policies, POLICY_SOVEREIGN_STATE, 80.0
53, 21, Civic, CIVIC_NAVAL_TRADITION, 63.4, 22
53, 21, Civic, CIVIC_MERCENARIES, 152.6, 1
53, 21, Civic, CIVIC_MEDIEVAL_FAIRES, 140.7, 1
53, 21, Civic, CIVIC_GUILDS, 140.7, 1
53, 21, Civic, CIVIC_EXPLORATION, 293.2, 55
53, 21, Civic, CIVIC_HUMANISM, 429.5, 3
53, 21, Civic, CIVIC_DIPLOMATIC_SERVICE, 140.7, 74
53, 21, Civic, CIVIC_REFORMED_CHURCH, 140.7, 54
53, 21, Civic, CIVIC_MERCANTILISM, 429.5, 91
53, 21, Civic, CIVIC_THE_ENLIGHTENMENT, 429.5, 164
53, 21, Policies, POLICY_URBAN_PLANNING, 14.0
53, 21, Policies, POLICY_CARAVANSARIES, 14.0
53, 21, Policies, POLICY_CONSCRIPTION, 66.0
53, 21, Policies, POLICY_CHARISMATIC_LEADER, 14.0
53, 21, Policies, POLICY_BASTIONS, 6.0
53, 21, Policies, POLICY_LIMES, 21.0
53, 21, Policies, POLICY_TRADE_CONFEDERATION, 28.0
53, 21, Policies, POLICY_PRAETORIUM, 29.0
53, 21, Policies, POLICY_CIVIL_PRESTIGE, 143.0
53, 21, Policies, POLICY_EQUESTRIAN_ORDERS, 48.0
53, 21, Policies, POLICY_SOVEREIGN_STATE, 80.0
53, 62, Civic, CIVIC_MILITARY_TRADITION, 96.1, 20
53, 62, Civic, CIVIC_STATE_WORKFORCE, 79.3, 28
53, 62, Civic, CIVIC_MYSTICISM, 130.4, 20
53, 62, Civic, CIVIC_GAMES_RECREATION, 79.3, 72
53, 62, Civic, CIVIC_POLITICAL_PHILOSOPHY, 79.3, 72
53, 62, Civic, CIVIC_DRAMA_POETRY, 26.3, 44
53, 62, Civic, CIVIC_MILITARY_TRAINING, 175.4, 140
53, 62, Civic, CIVIC_DEFENSIVE_TACTICS, 79.3, 186
53, 62, Civic, CIVIC_RECORDED_HISTORY, 105.6, 186
53, 62, Civic, CIVIC_THEOLOGY, 156.7, 112
53, 62, Policies, POLICY_CARAVANSARIES, 14.0
53, 0, Civic, CIVIC_NAVAL_TRADITION, 164.6, 1
53, 0, Civic, CIVIC_HUMANISM, 177.8, 1
53, 0, Civic, CIVIC_DIPLOMATIC_SERVICE, 511.1, 2
53, 0, Civic, CIVIC_REFORMED_CHURCH, 683.2, 1
53, 0, Civic, CIVIC_MERCANTILISM, 565.5, 3
53, 0, Civic, CIVIC_THE_ENLIGHTENMENT, 1365.5, 5
53, 0, Civic, CIVIC_COLONIALISM, 1588.5, 7
53, 0, Civic, CIVIC_CIVIL_ENGINEERING, 9392.6, 9
53, 0, Civic, CIVIC_NATIONALISM, 11249.0, 8
53, 0, Civic, CIVIC_OPERA_BALLET, 1515.6, 9
53, 0, Policies, POLICY_SURVEY, 15.0
53, 0, Policies, POLICY_URBAN_PLANNING, 192.0
53, 0, Policies, POLICY_CARAVANSARIES, 149.0
53, 0, Policies, POLICY_CONSCRIPTION, 58.0
53, 0, Policies, POLICY_LAND_SURVEYORS, 282.5
53, 0, Policies, POLICY_COLONIZATION, 137.0
53, 0, Policies, POLICY_INSPIRATION, 34.0
53, 0, Policies, POLICY_CHARISMATIC_LEADER, 14.0
53, 0, Policies, POLICY_DIPLOMATIC_LEAGUE, 200.0
53, 0, Policies, POLICY_LITERARY_TRADITION, 17.0
53, 0, Policies, POLICY_RAID, 2842.0
53, 0, Policies, POLICY_LIMES, 825.0
53, 0, Policies, POLICY_NATURAL_PHILOSOPHY, 265.0
53, 0, Policies, POLICY_NAVAL_INFRASTRUCTURE, 42.0
53, 0, Policies, POLICY_NAVIGATION, 31.0
53, 0, Policies, POLICY_FEUDAL_CONTRACT, 35.0
53, 0, Policies, POLICY_RETAINERS, 315.0
53, 0, Policies, POLICY_PROFESSIONAL_ARMY, 39.0
53, 0, Policies, POLICY_TRADE_CONFEDERATION, 279.0
53, 0, Policies, POLICY_MERCHANT_CONFEDERATION, 137.0
53, 0, Policies, POLICY_TOWN_CHARTERS, 247.0
53, 0, Policies, POLICY_TRAVELING_MERCHANTS, 28.0
53, 0, Policies, POLICY_PRESS_GANGS, 41.0
53, 0, Policies, POLICY_COLONIAL_OFFICES, 722.0
53, 0, Policies, POLICY_INVENTION, 43.0
53, 0, Policies, POLICY_FRESCOES, 17.0
53, 0, Policies, POLICY_WARS_OF_RELIGION, 1.0
53, 0, Policies, POLICY_RELIGIOUS_ORDERS, 54.0
53, 0, Policies, POLICY_LOGISTICS, 54.0
53, 0, Policies, POLICY_TRIANGULAR_TRADE, 360.0
53, 0, Policies, POLICY_RATIONALISM, 254.0
53, 0, Policies, POLICY_FREE_MARKET, 300.0
53, 0, Policies, POLICY_LIBERALISM, 697.0
53, 0, Policies, POLICY_COLONIAL_TAXES, 1003.0
53, 0, Policies, POLICY_PUBLIC_WORKS, 13.0
53, 0, Policies, POLICY_GRANDE_ARMEE, 35.0
53, 0, Policies, POLICY_NATIONAL_IDENTITY, 5.0
53, 0, Policies, POLICY_SYMPHONIES, 31.0
53, 0, Policies, POLICY_ECONOMIC_UNION, 246.0
53, 0, Policies, POLICY_PRAETORIUM, 1072.0
53, 0, Policies, POLICY_CIVIL_PRESTIGE, 1363.0
53, 0, Policies, POLICY_EQUESTRIAN_ORDERS, 20.0
53, 0, Policies, POLICY_DRILL_MANUALS, 30.0
53, 0, Policies, POLICY_EMPIRICAL_METHOD, 262.0
53, 1, Civic, CIVIC_THEOLOGY, 186.7, 1
53, 1, Civic, CIVIC_NAVAL_TRADITION, 235.6, 1
53, 1, Civic, CIVIC_DIVINE_RIGHT, 1008.0, 2
53, 1, Civic, CIVIC_REFORMED_CHURCH, 1583.1, 3
53, 1, Civic, CIVIC_COLONIALISM, 1394.5, 3
53, 1, Civic, CIVIC_CIVIL_ENGINEERING, 7661.8, 2
53, 1, Civic, CIVIC_NATIONALISM, 8489.2, 2
53, 1, Civic, CIVIC_OPERA_BALLET, 264.8, 3
53, 1, Civic, CIVIC_NATURAL_HISTORY, 1693.8, 7
53, 1, Civic, CIVIC_SCORCHED_EARTH, 11155.3, 6
53, 1, Civic, CIVIC_URBANIZATION, 18170.4, 8
53, 1, Civic, CIVIC_CONSERVATION, 1845.9, 13
53, 1, Civic, CIVIC_MASS_MEDIA, 23977.4, 21
53, 1, Civic, CIVIC_MOBILIZATION, 25844.5, 18
53, 1, Policies, POLICY_SURVEY, 15.0
53, 1, Policies, POLICY_GOD_KING, 24.0
53, 1, Policies, POLICY_CONSCRIPTION, 14.0
53, 1, Policies, POLICY_LAND_SURVEYORS, 224.0
53, 1, Policies, POLICY_COLONIZATION, 151.0
53, 1, Policies, POLICY_INSPIRATION, 48.0
53, 1, Policies, POLICY_CHARISMATIC_LEADER, 14.0
53, 1, Policies, POLICY_DIPLOMATIC_LEAGUE, 300.0
53, 1, Policies, POLICY_LITERARY_TRADITION, 34.0
53, 1, Policies, POLICY_RAID, 2593.0
53, 1, Policies, POLICY_LIMES, 1110.0
53, 1, Policies, POLICY_NATURAL_PHILOSOPHY, 296.0
53, 1, Policies, POLICY_NAVAL_INFRASTRUCTURE, 99.0
53, 1, Policies, POLICY_NAVIGATION, 47.0
53, 1, Policies, POLICY_RETAINERS, 56.0
53, 1, Policies, POLICY_TRADE_CONFEDERATION, 352.0
53, 1, Policies, POLICY_MERCHANT_CONFEDERATION, 227.0
53, 1, Policies, POLICY_AESTHETICS, 102.0
53, 1, Policies, POLICY_CRAFTSMEN, 117.0
53, 1, Policies, POLICY_TOWN_CHARTERS, 237.0
53, 1, Policies, POLICY_TRAVELING_MERCHANTS, 37.0
53, 1, Policies, POLICY_PRESS_GANGS, 256.0
53, 1, Policies, POLICY_COLONIAL_OFFICES, 895.0
53, 1, Policies, POLICY_INVENTION, 112.0
53, 1, Policies, POLICY_FRESCOES, 34.0
53, 1, Policies, POLICY_MACHIAVELLIANISM, 141.0
53, 1, Policies, POLICY_LOGISTICS, 7.0
53, 1, Policies, POLICY_TRIANGULAR_TRADE, 475.0
53, 1, Policies, POLICY_RATIONALISM, 546.0
53, 1, Policies, POLICY_FREE_MARKET, 150.0
53, 1, Policies, POLICY_LIBERALISM, 112.0
53, 1, Policies, POLICY_COLONIAL_TAXES, 1338.0
53, 1, Policies, POLICY_PUBLIC_WORKS, 29.0
53, 1, Policies, POLICY_NATIONAL_IDENTITY, 1.0
53, 1, Policies, POLICY_GRAND_OPERA, 88.0
53, 1, Policies, POLICY_SYMPHONIES, 62.0
53, 1, Policies, POLICY_TOTAL_WAR, 2593.0
53, 1, Policies, POLICY_EXPROPRIATION, 375.0
53, 1, Policies, POLICY_MILITARY_RESEARCH, 1440.0
53, 1, Policies, POLICY_LEVEE_EN_MASSE, 14.0
53, 1, Policies, POLICY_ECONOMIC_UNION, 322.0
53, 1, Policies, POLICY_PRAETORIUM, 1307.0
53, 1, Policies, POLICY_CIVIL_PRESTIGE, 943.0
53, 1, Policies, POLICY_WISSELBANKEN, 160.0
53, 1, Policies, POLICY_EQUESTRIAN_ORDERS, 80.0
53, 1, Policies, POLICY_EMPIRICAL_METHOD, 322.0
53, 1, Policies, POLICY_MASTER_ARTISANS, 147.0
53, 2, Civic, CIVIC_NAVAL_TRADITION, 167.6, 1
53, 2, Civic, CIVIC_DIPLOMATIC_SERVICE, 560.1, 2
53, 2, Civic, CIVIC_MERCANTILISM, 307.8, 3
53, 2, Civic, CIVIC_THE_ENLIGHTENMENT, 762.8, 5
53, 2, Civic, CIVIC_COLONIALISM, 1235.3, 8
53, 2, Civic, CIVIC_CIVIL_ENGINEERING, 6094.9, 9
53, 2, Civic, CIVIC_NATIONALISM, 7041.6, 9
53, 2, Civic, CIVIC_OPERA_BALLET, 926.0, 10
53, 2, Civic, CIVIC_NATURAL_HISTORY, 1446.0, 14
53, 2, Policies, POLICY_SURVEY, 37.0
53, 2, Policies, POLICY_URBAN_PLANNING, 126.0
53, 2, Policies, POLICY_CARAVANSARIES, 61.0
53, 2, Policies, POLICY_CONSCRIPTION, 88.0
53, 2, Policies, POLICY_LAND_SURVEYORS, 134.0
53, 2, Policies, POLICY_COLONIZATION, 84.0
53, 2, Policies, POLICY_INSPIRATION, 15.0
53, 2, Policies, POLICY_CHARISMATIC_LEADER, 14.0
53, 2, Policies, POLICY_DIPLOMATIC_LEAGUE, 300.0
53, 2, Policies, POLICY_LITERARY_TRADITION, 15.0
53, 2, Policies, POLICY_RAID, 2344.0
53, 2, Policies, POLICY_LIMES, 742.0
53, 2, Policies, POLICY_NATURAL_PHILOSOPHY, 100.0
53, 2, Policies, POLICY_SCRIPTURE, 451.0
53, 2, Policies, POLICY_NAVAL_INFRASTRUCTURE, 41.0
53, 2, Policies, POLICY_NAVIGATION, 31.0
53, 2, Policies, POLICY_RETAINERS, 42.0
53, 2, Policies, POLICY_PROFESSIONAL_ARMY, 96.0
53, 2, Policies, POLICY_TRADE_CONFEDERATION, 112.0
53, 2, Policies, POLICY_MERCHANT_CONFEDERATION, 102.0
53, 2, Policies, POLICY_TOWN_CHARTERS, 103.0
53, 2, Policies, POLICY_TRAVELING_MERCHANTS, 18.0
53, 2, Policies, POLICY_PRESS_GANGS, 13.0
53, 2, Policies, POLICY_COLONIAL_OFFICES, 528.0
53, 2, Policies, POLICY_INVENTION, 31.0
53, 2, Policies, POLICY_FRESCOES, 15.0
53, 2, Policies, POLICY_WARS_OF_RELIGION, 10.0
53, 2, Policies, POLICY_RELIGIOUS_ORDERS, 108.0
53, 2, Policies, POLICY_SIMULTANEUM, 879.0
53, 2, Policies, POLICY_LOGISTICS, 77.0
53, 2, Policies, POLICY_TRIANGULAR_TRADE, 198.0
53, 2, Policies, POLICY_RATIONALISM, 174.0
53, 2, Policies, POLICY_FREE_MARKET, 130.0
53, 2, Policies, POLICY_LIBERALISM, 70.0
53, 2, Policies, POLICY_COLONIAL_TAXES, 858.0
53, 2, Policies, POLICY_PUBLIC_WORKS, 19.0
53, 2, Policies, POLICY_SYMPHONIES, 31.0
53, 2, Policies, POLICY_ECONOMIC_UNION, 130.0
53, 2, Policies, POLICY_PRAETORIUM, 673.0
53, 2, Policies, POLICY_CIVIL_PRESTIGE, 594.0
53, 2, Policies, POLICY_WISSELBANKEN, 138.0
53, 2, Policies, POLICY_EQUESTRIAN_ORDERS, 60.0
53, 2, Policies, POLICY_EMPIRICAL_METHOD, 116.0
53, 3, Civic, CIVIC_NAVAL_TRADITION, 156.6, 1
53, 3, Civic, CIVIC_HUMANISM, 172.0, 2
53, 3, Civic, CIVIC_DIPLOMATIC_SERVICE, 511.1, 2
53, 3, Civic, CIVIC_MERCANTILISM, 1030.4, 4
53, 3, Civic, CIVIC_THE_ENLIGHTENMENT, 1224.2, 6
53, 3, Civic, CIVIC_COLONIALISM, 2459.9, 8
53, 3, Civic, CIVIC_CIVIL_ENGINEERING, 169640.5, 9
53, 3, Civic, CIVIC_NATIONALISM, 170564.5, 9
53, 3, Civic, CIVIC_OPERA_BALLET, 1387.5, 10
53, 3, Policies, POLICY_SURVEY, 37.0
53, 3, Policies, POLICY_URBAN_PLANNING, 198.0
53, 3, Policies, POLICY_CARAVANSARIES, 264.0
53, 3, Policies, POLICY_LAND_SURVEYORS, 434.5
53, 3, Policies, POLICY_COLONIZATION, 250.0
53, 3, Policies, POLICY_INSPIRATION, 20.0
53, 3, Policies, POLICY_CHARISMATIC_LEADER, 14.0
53, 3, Policies, POLICY_DIPLOMATIC_LEAGUE, 300.0
53, 3, Policies, POLICY_LITERARY_TRADITION, 17.0
53, 3, Policies, POLICY_RAID, 3346.0
53, 3, Policies, POLICY_LIMES, 1612.0
53, 3, Policies, POLICY_NATURAL_PHILOSOPHY, 36.0
53, 3, Policies, POLICY_SCRIPTURE, 1909.0
53, 3, Policies, POLICY_NAVIGATION, 15.0
53, 3, Policies, POLICY_RETAINERS, 28.0
53, 3, Policies, POLICY_TRADE_CONFEDERATION, 345.0
53, 3, Policies, POLICY_MERCHANT_CONFEDERATION, 161.0
53, 3, Policies, POLICY_TOWN_CHARTERS, 232.0
53, 3, Policies, POLICY_TRAVELING_MERCHANTS, 21.0
53, 3, Policies, POLICY_PRESS_GANGS, 92.0
53, 3, Policies, POLICY_COLONIAL_OFFICES, 573.0
53, 3, Policies, POLICY_INVENTION, 37.0
53, 3, Policies, POLICY_FRESCOES, 17.0
53, 3, Policies, POLICY_SIMULTANEUM, 2842.0
53, 3, Policies, POLICY_LOGISTICS, 1.0
53, 3, Policies, POLICY_TRIANGULAR_TRADE, 754.0
53, 3, Policies, POLICY_FREE_MARKET, 448.0
53, 3, Policies, POLICY_LIBERALISM, 480.0
53, 3, Policies, POLICY_COLONIAL_TAXES, 1380.0
53, 3, Policies, POLICY_PUBLIC_WORKS, 42.0
53, 3, Policies, POLICY_NATIONAL_IDENTITY, 1.0
53, 3, Policies, POLICY_SYMPHONIES, 31.0
53, 3, Policies, POLICY_PRAETORIUM, 698.0
53, 3, Policies, POLICY_CIVIL_PRESTIGE, 955.0
53, 3, Policies, POLICY_EQUESTRIAN_ORDERS, 116.0
53, 3, Policies, POLICY_EMPIRICAL_METHOD, 29.0
53, 4, Civic, CIVIC_NAVAL_TRADITION, 167.6, 1
53, 4, Civic, CIVIC_EXPLORATION, 1810.5, 1
53, 4, Civic, CIVIC_REFORMED_CHURCH, 805.4, 1
53, 4, Civic, CIVIC_MERCANTILISM, 530.7, 1
53, 4, Civic, CIVIC_COLONIALISM, 2234.1, 2
53, 4, Civic, CIVIC_CIVIL_ENGINEERING, 2052008.5, 2
53, 4, Civic, CIVIC_OPERA_BALLET, 304.7, 1
53, 4, Civic, CIVIC_NATURAL_HISTORY, 2586.5, 3
53, 4, Civic, CIVIC_SCORCHED_EARTH, 3178.5, 2
53, 4, Civic, CIVIC_URBANIZATION, 2054160.5, 4
53, 4, Policies, POLICY_SURVEY, 23.0
53, 4, Policies, POLICY_CARAVANSARIES, 217.0
53, 4, Policies, POLICY_CONSCRIPTION, 73.0
53, 4, Policies, POLICY_LAND_SURVEYORS, 237.0
53, 4, Policies, POLICY_COLONIZATION, 161.0
53, 4, Policies, POLICY_INSPIRATION, 39.0
53, 4, Policies, POLICY_CHARISMATIC_LEADER, 14.0
53, 4, Policies, POLICY_DIPLOMATIC_LEAGUE, 300.0
53, 4, Policies, POLICY_LITERARY_TRADITION, 26.0
53, 4, Policies, POLICY_RAID, 3091.0
53, 4, Policies, POLICY_LIMES, 811.0
53, 4, Policies, POLICY_NATURAL_PHILOSOPHY, 469.0
53, 4, Policies, POLICY_NAVAL_INFRASTRUCTURE, 7.0
53, 4, Policies, POLICY_NAVIGATION, 31.0
53, 4, Policies, POLICY_RETAINERS, 42.0
53, 4, Policies, POLICY_PROFESSIONAL_ARMY, 20.0
53, 4, Policies, POLICY_TRADE_CONFEDERATION, 399.0
53, 4, Policies, POLICY_MERCHANT_CONFEDERATION, 217.0
53, 4, Policies, POLICY_AESTHETICS, 58.0
53, 4, Policies, POLICY_CRAFTSMEN, 214.0
53, 4, Policies, POLICY_TOWN_CHARTERS, 238.0
53, 4, Policies, POLICY_TRAVELING_MERCHANTS, 28.0
53, 4, Policies, POLICY_COLONIAL_OFFICES, 909.0
53, 4, Policies, POLICY_INVENTION, 100.0
53, 4, Policies, POLICY_FRESCOES, 26.0
53, 4, Policies, POLICY_MACHIAVELLIANISM, 140.0
53, 4, Policies, POLICY_WARS_OF_RELIGION, 10.0
53, 4, Policies, POLICY_RELIGIOUS_ORDERS, 90.0
53, 4, Policies, POLICY_LOGISTICS, 69.0
53, 4, Policies, POLICY_TRIANGULAR_TRADE, 468.0
53, 4, Policies, POLICY_RATIONALISM, 626.0
53, 4, Policies, POLICY_FREE_MARKET, 180.0
53, 4, Policies, POLICY_LIBERALISM, 126.0
53, 4, Policies, POLICY_COLONIAL_TAXES, 1549.0
53, 4, Policies, POLICY_PUBLIC_WORKS, 17.0
53, 4, Policies, POLICY_NATIONAL_IDENTITY, 34.0
53, 4, Policies, POLICY_GRAND_OPERA, 112.0
53, 4, Policies, POLICY_SYMPHONIES, 47.0
53, 4, Policies, POLICY_TOTAL_WAR, 3091.0
53, 4, Policies, POLICY_EXPROPRIATION, 398.0
53, 4, Policies, POLICY_MILITARY_RESEARCH, 1815.0
53, 4, Policies, POLICY_ECONOMIC_UNION, 166.0
53, 4, Policies, POLICY_PRAETORIUM, 1367.0
53, 4, Policies, POLICY_CIVIL_PRESTIGE, 946.0
53, 4, Policies, POLICY_FORCE_MODERNIZATION, 20.0
53, 4, Policies, POLICY_EMPIRICAL_METHOD, 542.0
53, 4, Policies, POLICY_MASTER_ARTISANS, 176.0
53, 2, Civic, CIVIC_NAVAL_TRADITION, 167.6, 1
53, 2, Civic, CIVIC_DIPLOMATIC_SERVICE, 560.1, 2
53, 2, Civic, CIVIC_MERCANTILISM, 307.8, 3
53, 2, Civic, CIVIC_THE_ENLIGHTENMENT, 762.8, 5
53, 2, Civic, CIVIC_COLONIALISM, 1235.3, 8
53, 2, Civic, CIVIC_CIVIL_ENGINEERING, 6094.9, 9
53, 2, Civic, CIVIC_NATIONALISM, 7041.6, 9
53, 2, Civic, CIVIC_OPERA_BALLET, 926.0, 10
53, 2, Civic, CIVIC_NATURAL_HISTORY, 1446.0, 14
53, 2, Policies, POLICY_SURVEY, 37.0
53, 2, Policies, POLICY_URBAN_PLANNING, 126.0
53, 2, Policies, POLICY_CARAVANSARIES, 61.0
53, 2, Policies, POLICY_CONSCRIPTION, 88.0
53, 2, Policies, POLICY_LAND_SURVEYORS, 134.0
53, 2, Policies, POLICY_COLONIZATION, 84.0
53, 2, Policies, POLICY_INSPIRATION, 15.0
53, 2, Policies, POLICY_CHARISMATIC_LEADER, 14.0
53, 2, Policies, POLICY_DIPLOMATIC_LEAGUE, 300.0
53, 2, Policies, POLICY_LITERARY_TRADITION, 15.0
53, 2, Policies, POLICY_RAID, 2344.0
53, 2, Policies, POLICY_LIMES, 742.0
53, 2, Policies, POLICY_NATURAL_PHILOSOPHY, 100.0
53, 2, Policies, POLICY_SCRIPTURE, 451.0
53, 2, Policies, POLICY_NAVAL_INFRASTRUCTURE, 41.0
53, 2, Policies, POLICY_NAVIGATION, 31.0
53, 2, Policies, POLICY_RETAINERS, 42.0
53, 2, Policies, POLICY_PROFESSIONAL_ARMY, 96.0
53, 2, Policies, POLICY_TRADE_CONFEDERATION, 112.0
53, 2, Policies, POLICY_MERCHANT_CONFEDERATION, 102.0
53, 2, Policies, POLICY_TOWN_CHARTERS, 103.0
53, 2, Policies, POLICY_TRAVELING_MERCHANTS, 18.0
53, 2, Policies, POLICY_PRESS_GANGS, 13.0
53, 2, Policies, POLICY_COLONIAL_OFFICES, 528.0
53, 2, Policies, POLICY_INVENTION, 31.0
53, 2, Policies, POLICY_FRESCOES, 15.0
53, 2, Policies, POLICY_WARS_OF_RELIGION, 10.0
53, 2, Policies, POLICY_RELIGIOUS_ORDERS, 108.0
53, 2, Policies, POLICY_SIMULTANEUM, 879.0
53, 2, Policies, POLICY_LOGISTICS, 77.0
53, 2, Policies, POLICY_TRIANGULAR_TRADE, 198.0
53, 2, Policies, POLICY_RATIONALISM, 174.0
53, 2, Policies, POLICY_FREE_MARKET, 130.0
53, 2, Policies, POLICY_LIBERALISM, 70.0
53, 2, Policies, POLICY_COLONIAL_TAXES, 858.0
53, 2, Policies, POLICY_PUBLIC_WORKS, 19.0
53, 2, Policies, POLICY_SYMPHONIES, 31.0
53, 2, Policies, POLICY_ECONOMIC_UNION, 130.0
53, 2, Policies, POLICY_PRAETORIUM, 673.0
53, 2, Policies, POLICY_CIVIL_PRESTIGE, 594.0
53, 2, Policies, POLICY_WISSELBANKEN, 138.0
53, 2, Policies, POLICY_EQUESTRIAN_ORDERS, 60.0
53, 2, Policies, POLICY_EMPIRICAL_METHOD, 116.0
53, 3, Civic, CIVIC_NAVAL_TRADITION, 156.6, 1
53, 3, Civic, CIVIC_HUMANISM, 172.0, 2
53, 3, Civic, CIVIC_DIPLOMATIC_SERVICE, 511.1, 2
53, 3, Civic, CIVIC_MERCANTILISM, 1030.4, 4
53, 3, Civic, CIVIC_THE_ENLIGHTENMENT, 1224.2, 6
53, 3, Civic, CIVIC_COLONIALISM, 2459.9, 8
53, 3, Civic, CIVIC_CIVIL_ENGINEERING, 169640.5, 9
53, 3, Civic, CIVIC_NATIONALISM, 170564.5, 9
53, 3, Civic, CIVIC_OPERA_BALLET, 1387.5, 10
53, 3, Policies, POLICY_SURVEY, 37.0
53, 3, Policies, POLICY_URBAN_PLANNING, 198.0
53, 3, Policies, POLICY_CARAVANSARIES, 264.0
53, 3, Policies, POLICY_LAND_SURVEYORS, 434.5
53, 3, Policies, POLICY_COLONIZATION, 250.0
53, 3, Policies, POLICY_INSPIRATION, 20.0
53, 3, Policies, POLICY_CHARISMATIC_LEADER, 14.0
53, 3, Policies, POLICY_DIPLOMATIC_LEAGUE, 300.0
53, 3, Policies, POLICY_LITERARY_TRADITION, 17.0
53, 3, Policies, POLICY_RAID, 3346.0
53, 3, Policies, POLICY_LIMES, 1612.0
53, 3, Policies, POLICY_NATURAL_PHILOSOPHY, 36.0
53, 3, Policies, POLICY_SCRIPTURE, 1909.0
53, 3, Policies, POLICY_NAVIGATION, 15.0
53, 3, Policies, POLICY_RETAINERS, 28.0
53, 3, Policies, POLICY_TRADE_CONFEDERATION, 345.0
53, 3, Policies, POLICY_MERCHANT_CONFEDERATION, 161.0
53, 3, Policies, POLICY_TOWN_CHARTERS, 232.0
53, 3, Policies, POLICY_TRAVELING_MERCHANTS, 21.0
53, 3, Policies, POLICY_PRESS_GANGS, 92.0
53, 3, Policies, POLICY_COLONIAL_OFFICES, 573.0
53, 3, Policies, POLICY_INVENTION, 37.0
53, 3, Policies, POLICY_FRESCOES, 17.0
53, 3, Policies, POLICY_SIMULTANEUM, 2842.0
53, 3, Policies, POLICY_LOGISTICS, 1.0
53, 3, Policies, POLICY_TRIANGULAR_TRADE, 754.0
53, 3, Policies, POLICY_FREE_MARKET, 448.0
53, 3, Policies, POLICY_LIBERALISM, 480.0
53, 3, Policies, POLICY_COLONIAL_TAXES, 1380.0
53, 3, Policies, POLICY_PUBLIC_WORKS, 42.0
53, 3, Policies, POLICY_NATIONAL_IDENTITY, 1.0
53, 3, Policies, POLICY_SYMPHONIES, 31.0
53, 3, Policies, POLICY_PRAETORIUM, 698.0
53, 3, Policies, POLICY_CIVIL_PRESTIGE, 955.0
53, 3, Policies, POLICY_EQUESTRIAN_ORDERS, 116.0
53, 3, Policies, POLICY_EMPIRICAL_METHOD, 29.0
53, 1, Civic, CIVIC_THEOLOGY, 186.7, 1
53, 1, Civic, CIVIC_NAVAL_TRADITION, 235.6, 1
53, 1, Civic, CIVIC_DIVINE_RIGHT, 1008.0, 2
53, 1, Civic, CIVIC_REFORMED_CHURCH, 1583.1, 3
53, 1, Civic, CIVIC_COLONIALISM, 1394.5, 3
53, 1, Civic, CIVIC_CIVIL_ENGINEERING, 7661.8, 2
53, 1, Civic, CIVIC_NATIONALISM, 8489.2, 2
53, 1, Civic, CIVIC_OPERA_BALLET, 264.8, 3
53, 1, Civic, CIVIC_NATURAL_HISTORY, 1693.8, 7
53, 1, Civic, CIVIC_SCORCHED_EARTH, 11155.3, 6
53, 1, Civic, CIVIC_URBANIZATION, 18170.4, 8
53, 1, Civic, CIVIC_CONSERVATION, 1845.9, 13
53, 1, Civic, CIVIC_MASS_MEDIA, 23977.4, 21
53, 1, Civic, CIVIC_MOBILIZATION, 25844.5, 18
53, 1, Policies, POLICY_SURVEY, 15.0
53, 1, Policies, POLICY_GOD_KING, 24.0
53, 1, Policies, POLICY_CONSCRIPTION, 14.0
53, 1, Policies, POLICY_LAND_SURVEYORS, 224.0
53, 1, Policies, POLICY_COLONIZATION, 151.0
53, 1, Policies, POLICY_INSPIRATION, 48.0
53, 1, Policies, POLICY_CHARISMATIC_LEADER, 14.0
53, 1, Policies, POLICY_DIPLOMATIC_LEAGUE, 300.0
53, 1, Policies, POLICY_LITERARY_TRADITION, 34.0
53, 1, Policies, POLICY_RAID, 2593.0
53, 1, Policies, POLICY_LIMES, 1110.0
53, 1, Policies, POLICY_NATURAL_PHILOSOPHY, 296.0
53, 1, Policies, POLICY_NAVAL_INFRASTRUCTURE, 99.0
53, 1, Policies, POLICY_NAVIGATION, 47.0
53, 1, Policies, POLICY_RETAINERS, 56.0
53, 1, Policies, POLICY_TRADE_CONFEDERATION, 352.0
53, 1, Policies, POLICY_MERCHANT_CONFEDERATION, 227.0
53, 1, Policies, POLICY_AESTHETICS, 102.0
53, 1, Policies, POLICY_CRAFTSMEN, 117.0
53, 1, Policies, POLICY_TOWN_CHARTERS, 237.0
53, 1, Policies, POLICY_TRAVELING_MERCHANTS, 37.0
53, 1, Policies, POLICY_PRESS_GANGS, 256.0
53, 1, Policies, POLICY_COLONIAL_OFFICES, 895.0
53, 1, Policies, POLICY_INVENTION, 112.0
53, 1, Policies, POLICY_FRESCOES, 34.0
53, 1, Policies, POLICY_MACHIAVELLIANISM, 141.0
53, 1, Policies, POLICY_LOGISTICS, 7.0
53, 1, Policies, POLICY_TRIANGULAR_TRADE, 475.0
53, 1, Policies, POLICY_RATIONALISM, 546.0
53, 1, Policies, POLICY_FREE_MARKET, 150.0
53, 1, Policies, POLICY_LIBERALISM, 112.0
53, 1, Policies, POLICY_COLONIAL_TAXES, 1338.0
53, 1, Policies, POLICY_PUBLIC_WORKS, 29.0
53, 1, Policies, POLICY_NATIONAL_IDENTITY, 1.0
53, 1, Policies, POLICY_GRAND_OPERA, 88.0
53, 1, Policies, POLICY_SYMPHONIES, 62.0
53, 1, Policies, POLICY_TOTAL_WAR, 2593.0
53, 1, Policies, POLICY_EXPROPRIATION, 375.0
53, 1, Policies, POLICY_MILITARY_RESEARCH, 1440.0
53, 1, Policies, POLICY_LEVEE_EN_MASSE, 14.0
53, 1, Policies, POLICY_ECONOMIC_UNION, 322.0
53, 1, Policies, POLICY_PRAETORIUM, 1307.0
53, 1, Policies, POLICY_CIVIL_PRESTIGE, 943.0
53, 1, Policies, POLICY_WISSELBANKEN, 160.0
53, 1, Policies, POLICY_EQUESTRIAN_ORDERS, 80.0
53, 1, Policies, POLICY_EMPIRICAL_METHOD, 322.0
53, 1, Policies, POLICY_MASTER_ARTISANS, 147.0
53, 1, Civic, CIVIC_THEOLOGY, 186.7, 1
53, 1, Civic, CIVIC_NAVAL_TRADITION, 235.6, 1
53, 1, Civic, CIVIC_DIVINE_RIGHT, 1008.0, 2
53, 1, Civic, CIVIC_REFORMED_CHURCH, 1583.1, 3
53, 1, Civic, CIVIC_COLONIALISM, 1394.5, 3
53, 1, Civic, CIVIC_CIVIL_ENGINEERING, 7661.8, 2
53, 1, Civic, CIVIC_NATIONALISM, 8489.2, 2
53, 1, Civic, CIVIC_OPERA_BALLET, 264.8, 3
53, 1, Civic, CIVIC_NATURAL_HISTORY, 1693.8, 7
53, 1, Civic, CIVIC_SCORCHED_EARTH, 11155.3, 6
53, 1, Civic, CIVIC_URBANIZATION, 18170.4, 8
53, 1, Civic, CIVIC_CONSERVATION, 1845.9, 13
53, 1, Civic, CIVIC_MASS_MEDIA, 23977.4, 21
53, 1, Civic, CIVIC_MOBILIZATION, 25844.5, 18
53, 1, Policies, POLICY_SURVEY, 15.0
53, 1, Policies, POLICY_GOD_KING, 24.0
53, 1, Policies, POLICY_CONSCRIPTION, 14.0
53, 1, Policies, POLICY_LAND_SURVEYORS, 224.0
53, 1, Policies, POLICY_COLONIZATION, 151.0
53, 1, Policies, POLICY_INSPIRATION, 48.0
53, 1, Policies, POLICY_CHARISMATIC_LEADER, 14.0
53, 1, Policies, POLICY_DIPLOMATIC_LEAGUE, 300.0
53, 1, Policies, POLICY_LITERARY_TRADITION, 34.0
53, 1, Policies, POLICY_RAID, 2593.0
53, 1, Policies, POLICY_LIMES, 1110.0
53, 1, Policies, POLICY_NATURAL_PHILOSOPHY, 296.0
53, 1, Policies, POLICY_NAVAL_INFRASTRUCTURE, 99.0
53, 1, Policies, POLICY_NAVIGATION, 47.0
53, 1, Policies, POLICY_RETAINERS, 56.0
53, 1, Policies, POLICY_TRADE_CONFEDERATION, 352.0
53, 1, Policies, POLICY_MERCHANT_CONFEDERATION, 227.0
53, 1, Policies, POLICY_AESTHETICS, 102.0
53, 1, Policies, POLICY_CRAFTSMEN, 117.0
53, 1, Policies, POLICY_TOWN_CHARTERS, 237.0
53, 1, Policies, POLICY_TRAVELING_MERCHANTS, 37.0
53, 1, Policies, POLICY_PRESS_GANGS, 256.0
53, 1, Policies, POLICY_COLONIAL_OFFICES, 895.0
53, 1, Policies, POLICY_INVENTION, 112.0
53, 1, Policies, POLICY_FRESCOES, 34.0
53, 1, Policies, POLICY_MACHIAVELLIANISM, 141.0
53, 1, Policies, POLICY_LOGISTICS, 7.0
53, 1, Policies, POLICY_TRIANGULAR_TRADE, 475.0
53, 1, Policies, POLICY_RATIONALISM, 546.0
53, 1, Policies, POLICY_FREE_MARKET, 150.0
53, 1, Policies, POLICY_LIBERALISM, 112.0
53, 1, Policies, POLICY_COLONIAL_TAXES, 1338.0
53, 1, Policies, POLICY_PUBLIC_WORKS, 29.0
53, 1, Policies, POLICY_NATIONAL_IDENTITY, 1.0
53, 1, Policies, POLICY_GRAND_OPERA, 88.0
53, 1, Policies, POLICY_SYMPHONIES, 62.0
53, 1, Policies, POLICY_TOTAL_WAR, 2593.0
53, 1, Policies, POLICY_EXPROPRIATION, 375.0
53, 1, Policies, POLICY_MILITARY_RESEARCH, 1440.0
53, 1, Policies, POLICY_LEVEE_EN_MASSE, 14.0
53, 1, Policies, POLICY_ECONOMIC_UNION, 322.0
53, 1, Policies, POLICY_PRAETORIUM, 1307.0
53, 1, Policies, POLICY_CIVIL_PRESTIGE, 943.0
53, 1, Policies, POLICY_WISSELBANKEN, 160.0
53, 1, Policies, POLICY_EQUESTRIAN_ORDERS, 80.0
53, 1, Policies, POLICY_EMPIRICAL_METHOD, 322.0
53, 1, Policies, POLICY_MASTER_ARTISANS, 147.0
53, 1, Civic, CIVIC_THEOLOGY, 186.7, 1
53, 1, Civic, CIVIC_NAVAL_TRADITION, 235.6, 1
53, 1, Civic, CIVIC_DIVINE_RIGHT, 1008.0, 2
53, 1, Civic, CIVIC_REFORMED_CHURCH, 1583.1, 3
53, 1, Civic, CIVIC_COLONIALISM, 1394.5, 3
53, 1, Civic, CIVIC_CIVIL_ENGINEERING, 7661.8, 2
53, 1, Civic, CIVIC_NATIONALISM, 8489.2, 2
53, 1, Civic, CIVIC_OPERA_BALLET, 264.8, 3
53, 1, Civic, CIVIC_NATURAL_HISTORY, 1693.8, 7
53, 1, Civic, CIVIC_SCORCHED_EARTH, 11155.3, 6
53, 1, Civic, CIVIC_URBANIZATION, 18170.4, 8
53, 1, Civic, CIVIC_CONSERVATION, 1845.9, 13
53, 1, Civic, CIVIC_MASS_MEDIA, 23977.4, 21
53, 1, Civic, CIVIC_MOBILIZATION, 25844.5, 18
53, 1, Policies, POLICY_SURVEY, 15.0
53, 1, Policies, POLICY_GOD_KING, 24.0
53, 1, Policies, POLICY_CONSCRIPTION, 14.0
53, 1, Policies, POLICY_LAND_SURVEYORS, 224.0
53, 1, Policies, POLICY_COLONIZATION, 151.0
53, 1, Policies, POLICY_INSPIRATION, 48.0
53, 1, Policies, POLICY_CHARISMATIC_LEADER, 14.0
53, 1, Policies, POLICY_DIPLOMATIC_LEAGUE, 300.0
53, 1, Policies, POLICY_LITERARY_TRADITION, 34.0
53, 1, Policies, POLICY_RAID, 2593.0
53, 1, Policies, POLICY_LIMES, 1110.0
53, 1, Policies, POLICY_NATURAL_PHILOSOPHY, 296.0
53, 1, Policies, POLICY_NAVAL_INFRASTRUCTURE, 99.0
53, 1, Policies, POLICY_NAVIGATION, 47.0
53, 1, Policies, POLICY_RETAINERS, 56.0
53, 1, Policies, POLICY_TRADE_CONFEDERATION, 352.0
53, 1, Policies, POLICY_MERCHANT_CONFEDERATION, 227.0
53, 1, Policies, POLICY_AESTHETICS, 102.0
53, 1, Policies, POLICY_CRAFTSMEN, 117.0
53, 1, Policies, POLICY_TOWN_CHARTERS, 237.0
53, 1, Policies, POLICY_TRAVELING_MERCHANTS, 37.0
53, 1, Policies, POLICY_PRESS_GANGS, 256.0
53, 1, Policies, POLICY_COLONIAL_OFFICES, 895.0
53, 1, Policies, POLICY_INVENTION, 112.0
53, 1, Policies, POLICY_FRESCOES, 34.0
53, 1, Policies, POLICY_MACHIAVELLIANISM, 141.0
53, 1, Policies, POLICY_LOGISTICS, 7.0
53, 1, Policies, POLICY_TRIANGULAR_TRADE, 475.0
53, 1, Policies, POLICY_RATIONALISM, 546.0
53, 1, Policies, POLICY_FREE_MARKET, 150.0
53, 1, Policies, POLICY_LIBERALISM, 112.0
53, 1, Policies, POLICY_COLONIAL_TAXES, 1338.0
53, 1, Policies, POLICY_PUBLIC_WORKS, 29.0
53, 1, Policies, POLICY_NATIONAL_IDENTITY, 1.0
53, 1, Policies, POLICY_GRAND_OPERA, 88.0
53, 1, Policies, POLICY_SYMPHONIES, 62.0
53, 1, Policies, POLICY_TOTAL_WAR, 2593.0
53, 1, Policies, POLICY_EXPROPRIATION, 375.0
53, 1, Policies, POLICY_MILITARY_RESEARCH, 1440.0
53, 1, Policies, POLICY_LEVEE_EN_MASSE, 14.0
53, 1, Policies, POLICY_ECONOMIC_UNION, 322.0
53, 1, Policies, POLICY_PRAETORIUM, 1307.0
53, 1, Policies, POLICY_CIVIL_PRESTIGE, 943.0
53, 1, Policies, POLICY_WISSELBANKEN, 160.0
53, 1, Policies, POLICY_EQUESTRIAN_ORDERS, 80.0
53, 1, Policies, POLICY_EMPIRICAL_METHOD, 322.0
53, 1, Policies, POLICY_MASTER_ARTISANS, 147.0
53, 1, Civic, CIVIC_THEOLOGY, 186.7, 1
53, 1, Civic, CIVIC_NAVAL_TRADITION, 235.6, 1
53, 1, Civic, CIVIC_DIVINE_RIGHT, 1008.0, 2
53, 1, Civic, CIVIC_REFORMED_CHURCH, 1583.1, 3
53, 1, Civic, CIVIC_COLONIALISM, 1394.5, 3
53, 1, Civic, CIVIC_CIVIL_ENGINEERING, 7661.8, 2
53, 1, Civic, CIVIC_NATIONALISM, 8489.2, 2
53, 1, Civic, CIVIC_OPERA_BALLET, 264.8, 3
53, 1, Civic, CIVIC_NATURAL_HISTORY, 1693.8, 7
53, 1, Civic, CIVIC_SCORCHED_EARTH, 11155.3, 6
53, 1, Civic, CIVIC_URBANIZATION, 18170.4, 8
53, 1, Civic, CIVIC_CONSERVATION, 1845.9, 13
53, 1, Civic, CIVIC_MASS_MEDIA, 23977.4, 21
53, 1, Civic, CIVIC_MOBILIZATION, 25844.5, 18
53, 1, Policies, POLICY_SURVEY, 15.0
53, 1, Policies, POLICY_GOD_KING, 24.0
53, 1, Policies, POLICY_CONSCRIPTION, 14.0
53, 1, Policies, POLICY_LAND_SURVEYORS, 224.0
53, 1, Policies, POLICY_COLONIZATION, 151.0
53, 1, Policies, POLICY_INSPIRATION, 48.0
53, 1, Policies, POLICY_CHARISMATIC_LEADER, 14.0
53, 1, Policies, POLICY_DIPLOMATIC_LEAGUE, 300.0
53, 1, Policies, POLICY_LITERARY_TRADITION, 34.0
53, 1, Policies, POLICY_RAID, 2593.0
53, 1, Policies, POLICY_LIMES, 1110.0
53, 1, Policies, POLICY_NATURAL_PHILOSOPHY, 296.0
53, 1, Policies, POLICY_NAVAL_INFRASTRUCTURE, 99.0
53, 1, Policies, POLICY_NAVIGATION, 47.0
53, 1, Policies, POLICY_RETAINERS, 56.0
53, 1, Policies, POLICY_TRADE_CONFEDERATION, 352.0
53, 1, Policies, POLICY_MERCHANT_CONFEDERATION, 227.0
53, 1, Policies, POLICY_AESTHETICS, 102.0
53, 1, Policies, POLICY_CRAFTSMEN, 117.0
53, 1, Policies, POLICY_TOWN_CHARTERS, 237.0
53, 1, Policies, POLICY_TRAVELING_MERCHANTS, 37.0
53, 1, Policies, POLICY_PRESS_GANGS, 256.0
53, 1, Policies, POLICY_COLONIAL_OFFICES, 895.0
53, 1, Policies, POLICY_INVENTION, 112.0
53, 1, Policies, POLICY_FRESCOES, 34.0
53, 1, Policies, POLICY_MACHIAVELLIANISM, 141.0
53, 1, Policies, POLICY_LOGISTICS, 7.0
53, 1, Policies, POLICY_TRIANGULAR_TRADE, 475.0
53, 1, Policies, POLICY_RATIONALISM, 546.0
53, 1, Policies, POLICY_FREE_MARKET, 150.0
53, 1, Policies, POLICY_LIBERALISM, 112.0
53, 1, Policies, POLICY_COLONIAL_TAXES, 1338.0
53, 1, Policies, POLICY_PUBLIC_WORKS, 29.0
53, 1, Policies, POLICY_NATIONAL_IDENTITY, 1.0
53, 1, Policies, POLICY_GRAND_OPERA, 88.0
53, 1, Policies, POLICY_SYMPHONIES, 62.0
53, 1, Policies, POLICY_TOTAL_WAR, 2593.0
53, 1, Policies, POLICY_EXPROPRIATION, 375.0
53, 1, Policies, POLICY_MILITARY_RESEARCH, 1440.0
53, 1, Policies, POLICY_LEVEE_EN_MASSE, 14.0
53, 1, Policies, POLICY_ECONOMIC_UNION, 322.0
53, 1, Policies, POLICY_PRAETORIUM, 1307.0
53, 1, Policies, POLICY_CIVIL_PRESTIGE, 943.0
53, 1, Policies, POLICY_WISSELBANKEN, 160.0
53, 1, Policies, POLICY_EQUESTRIAN_ORDERS, 80.0
53, 1, Policies, POLICY_EMPIRICAL_METHOD, 322.0
53, 1, Policies, POLICY_MASTER_ARTISANS, 147.0
54, 5, Completed Civic, CIVIC_HUMANISM
54, 5, Slot Policy, POLICY_CIVIL_PRESTIGE, 1057
54, 5, Slot Policy, POLICY_NATURAL_PHILOSOPHY, 196
54, 5, Slot Policy, POLICY_PRAETORIUM, 2475
54, 5, Slot Policy, POLICY_RAID, 2837
54, 5, Slot Policy, POLICY_URBAN_PLANNING, 168
54, 5, Slot Policy, POLICY_LIMES, 736
54, 5, Civic, CIVIC_THEOLOGY, 1218.7, 1
54, 5, Civic, CIVIC_NAVAL_TRADITION, 144.6, 1
54, 5, Civic, CIVIC_DIVINE_RIGHT, 2241.3, 2
54, 5, Civic, CIVIC_EXPLORATION, 2154.1, 2
54, 5, Civic, CIVIC_DIPLOMATIC_SERVICE, 485.7, 3
54, 5, Civic, CIVIC_REFORMED_CHURCH, 3475.7, 4
54, 5, Civic, CIVIC_MERCANTILISM, 300.8, 3
54, 5, Civic, CIVIC_THE_ENLIGHTENMENT, 637.7, 6
54, 5, Civic, CIVIC_COLONIALISM, 1590.2, 9
54, 5, Civic, CIVIC_CIVIL_ENGINEERING, 300.8, 10
54, 5, Civic, CIVIC_NATIONALISM, 637.7, 13
54, 5, Civic, CIVIC_OPERA_BALLET, 763.0, 12
54, 5, Civic, CIVIC_NATURAL_HISTORY, 1760.6, 17
54, 5, Policies, POLICY_SURVEY, 36.0
54, 5, Policies, POLICY_GOD_KING, 14.0
54, 5, Policies, POLICY_URBAN_PLANNING, 168.0
54, 5, Policies, POLICY_CARAVANSARIES, 49.0
54, 5, Policies, POLICY_CONSCRIPTION, 220.0
54, 5, Policies, POLICY_LAND_SURVEYORS, 10.5
54, 5, Policies, POLICY_COLONIZATION, 44.0
54, 5, Policies, POLICY_INSPIRATION, 34.0
54, 5, Policies, POLICY_CHARISMATIC_LEADER, 14.0
54, 5, Policies, POLICY_DIPLOMATIC_LEAGUE, 200.0
54, 5, Policies, POLICY_LITERARY_TRADITION, 17.0
54, 5, Policies, POLICY_RAID, 2885.0
54, 5, Policies, POLICY_BASTIONS, 42.0
54, 5, Policies, POLICY_LIMES, 334.0
54, 5, Policies, POLICY_NATURAL_PHILOSOPHY, 190.0
54, 5, Policies, POLICY_SCRIPTURE, 102.0
54, 5, Policies, POLICY_NAVIGATION, 47.0
54, 5, Policies, POLICY_FEUDAL_CONTRACT, 38.0
54, 5, Policies, POLICY_RETAINERS, 414.0
54, 5, Policies, POLICY_PROFESSIONAL_ARMY, 63.0
54, 5, Policies, POLICY_TRADE_CONFEDERATION, 84.0
54, 5, Policies, POLICY_MERCHANT_CONFEDERATION, 74.0
54, 5, Policies, POLICY_CRAFTSMEN, 86.0
54, 5, Policies, POLICY_TOWN_CHARTERS, 38.0
54, 5, Policies, POLICY_TRAVELING_MERCHANTS, 21.0
54, 5, Policies, POLICY_COLONIAL_OFFICES, 1431.0
54, 5, Policies, POLICY_INVENTION, 84.0
54, 5, Policies, POLICY_FRESCOES, 17.0
54, 5, Policies, POLICY_WARS_OF_RELIGION, 10.0
54, 5, Policies, POLICY_RELIGIOUS_ORDERS, 290.0
54, 5, Policies, POLICY_SIMULTANEUM, 52.0
54, 5, Policies, POLICY_LOGISTICS, 356.0
54, 5, Policies, POLICY_TRIANGULAR_TRADE, 104.0
54, 5, Policies, POLICY_RATIONALISM, 183.0
54, 5, Policies, POLICY_FREE_MARKET, 54.0
54, 5, Policies, POLICY_LIBERALISM, 428.0
54, 5, Policies, POLICY_COLONIAL_TAXES, 1356.0
54, 5, Policies, POLICY_SYMPHONIES, 31.0
54, 5, Policies, POLICY_PRAETORIUM, 2490.0
54, 5, Policies, POLICY_CIVIL_PRESTIGE, 1415.0
54, 5, Policies, POLICY_EQUESTRIAN_ORDERS, 75.0
54, 5, Policies, POLICY_DRILL_MANUALS, 60.0
54, 5, Policies, POLICY_HARD_SHELL_EXPLOSIVES, 12.0
54, 6, Civic, CIVIC_NAVAL_TRADITION, 156.6, 1
54, 6, Civic, CIVIC_EXPLORATION, 2185.6, 2
54, 6, Civic, CIVIC_REFORMED_CHURCH, 2194.4, 2
54, 6, Civic, CIVIC_MERCANTILISM, 129.8, 3
54, 6, Civic, CIVIC_THE_ENLIGHTENMENT, 434.6, 1
54, 6, Civic, CIVIC_COLONIALISM, 1459.3, 8
54, 6, Civic, CIVIC_CIVIL_ENGINEERING, 129.8, 9
54, 6, Civic, CIVIC_NATIONALISM, 651.8, 7
54, 6, Civic, CIVIC_OPERA_BALLET, 1077.4, 6
54, 6, Civic, CIVIC_NATURAL_HISTORY, 1670.0, 14
54, 6, Civic, CIVIC_SCORCHED_EARTH, 3071.8, 14
54, 6, Civic, CIVIC_URBANIZATION, 1290.7, 23
54, 6, Policies, POLICY_SURVEY, 57.0
54, 6, Policies, POLICY_URBAN_PLANNING, 147.0
54, 6, Policies, POLICY_CARAVANSARIES, 49.0
54, 6, Policies, POLICY_CONSCRIPTION, 243.0
54, 6, Policies, POLICY_LAND_SURVEYORS, 315.0
54, 6, Policies, POLICY_COLONIZATION, 38.0
54, 6, Policies, POLICY_INSPIRATION, 50.0
54, 6, Policies, POLICY_CHARISMATIC_LEADER, 14.0
54, 6, Policies, POLICY_DIPLOMATIC_LEAGUE, 300.0
54, 6, Policies, POLICY_LITERARY_TRADITION, 50.0
54, 6, Policies, POLICY_RAID, 2885.0
54, 6, Policies, POLICY_BASTIONS, 42.0
54, 6, Policies, POLICY_LIMES, 236.0
54, 6, Policies, POLICY_NATURAL_PHILOSOPHY, 146.0
54, 6, Policies, POLICY_SCRIPTURE, 467.0
54, 6, Policies, POLICY_NAVIGATION, 31.0
54, 6, Policies, POLICY_RETAINERS, 477.0
54, 6, Policies, POLICY_TRADE_CONFEDERATION, 103.0
54, 6, Policies, POLICY_MERCHANT_CONFEDERATION, 124.0
54, 6, Policies, POLICY_AESTHETICS, 116.0
54, 6, Policies, POLICY_TOWN_CHARTERS, 38.0
54, 6, Policies, POLICY_TRAVELING_MERCHANTS, 29.0
54, 6, Policies, POLICY_COLONIAL_OFFICES, 1526.0
54, 6, Policies, POLICY_INVENTION, 87.0
54, 6, Policies, POLICY_FRESCOES, 50.0
54, 6, Policies, POLICY_RELIGIOUS_ORDERS, 310.0
54, 6, Policies, POLICY_SIMULTANEUM, 1271.0
54, 6, Policies, POLICY_LOGISTICS, 244.0
54, 6, Policies, POLICY_TRIANGULAR_TRADE, 132.0
54, 6, Policies, POLICY_RATIONALISM, 336.0
54, 6, Policies, POLICY_FREE_MARKET, 108.0
54, 6, Policies, POLICY_LIBERALISM, 584.0
54, 6, Policies, POLICY_COLONIAL_TAXES, 1548.0
54, 6, Policies, POLICY_GRAND_OPERA, 256.0
54, 6, Policies, POLICY_SYMPHONIES, 94.0
54, 6, Policies, POLICY_TOTAL_WAR, 2885.0
54, 6, Policies, POLICY_EXPROPRIATION, 353.0
54, 6, Policies, POLICY_MILITARY_RESEARCH, 924.0
54, 6, Policies, POLICY_PRAETORIUM, 2476.0
54, 6, Policies, POLICY_CIVIL_PRESTIGE, 2626.0
54, 7, Civic, CIVIC_THEOLOGY, 6787.7, 1
54, 7, Civic, CIVIC_NAVAL_TRADITION, 144.6, 1
54, 7, Civic, CIVIC_MERCENARIES, 144.6, 1
54, 7, Civic, CIVIC_DIVINE_RIGHT, 2185.0, 2
54, 7, Civic, CIVIC_EXPLORATION, 2255.9, 2
54, 7, Civic, CIVIC_REFORMED_CHURCH, 3353.5, 3
54, 7, Civic, CIVIC_COLONIALISM, 1412.5, 2
54, 7, Civic, CIVIC_CIVIL_ENGINEERING, 0.0, 3
54, 7, Civic, CIVIC_NATIONALISM, 0.0, 1
54, 7, Civic, CIVIC_OPERA_BALLET, 991.8, 2
54, 7, Civic, CIVIC_NATURAL_HISTORY, 1710.3, 4
54, 7, Civic, CIVIC_SCORCHED_EARTH, 2750.9, 4
54, 7, Civic, CIVIC_URBANIZATION, 3289.4, 7
54, 7, Civic, CIVIC_CONSERVATION, 1865.9, 8
54, 7, Civic, CIVIC_MASS_MEDIA, 5214.8, 15
54, 7, Civic, CIVIC_MOBILIZATION, 6775.8, 14
54, 7, Policies, POLICY_SURVEY, 84.0
54, 7, Policies, POLICY_GOD_KING, 22.0
54, 7, Policies, POLICY_CONSCRIPTION, 250.0
54, 7, Policies, POLICY_LAND_SURVEYORS, 300.0
54, 7, Policies, POLICY_COLONIZATION, 20.0
54, 7, Policies, POLICY_INSPIRATION, 58.0
54, 7, Policies, POLICY_CHARISMATIC_LEADER, 14.0
54, 7, Policies, POLICY_DIPLOMATIC_LEAGUE, 200.0
54, 7, Policies, POLICY_LITERARY_TRADITION, 50.0
54, 7, Policies, POLICY_RAID, 2885.0
54, 7, Policies, POLICY_BASTIONS, 36.0
54, 7, Policies, POLICY_LIMES, 269.0
54, 7, Policies, POLICY_NATURAL_PHILOSOPHY, 197.0
54, 7, Policies, POLICY_SCRIPTURE, 160.0
54, 7, Policies, POLICY_NAVIGATION, 31.0
54, 7, Policies, POLICY_FEUDAL_CONTRACT, 18.0
54, 7, Policies, POLICY_RETAINERS, 665.0
54, 7, Policies, POLICY_PROFESSIONAL_ARMY, 206.0
54, 7, Policies, POLICY_TRADE_CONFEDERATION, 52.0
54, 7, Policies, POLICY_MERCHANT_CONFEDERATION, 87.0
54, 7, Policies, POLICY_AESTHETICS, 71.0
54, 7, Policies, POLICY_CRAFTSMEN, 42.0
54, 7, Policies, POLICY_TRAVELING_MERCHANTS, 29.0
54, 7, Policies, POLICY_COLONIAL_OFFICES, 1422.0
54, 7, Policies, POLICY_INVENTION, 59.0
54, 7, Policies, POLICY_FRESCOES, 50.0
54, 7, Policies, POLICY_WARS_OF_RELIGION, 10.0
54, 7, Policies, POLICY_RELIGIOUS_ORDERS, 360.0
54, 7, Policies, POLICY_SIMULTANEUM, 297.0
54, 7, Policies, POLICY_LOGISTICS, 303.0
54, 7, Policies, POLICY_TRIANGULAR_TRADE, 59.0
54, 7, Policies, POLICY_RATIONALISM, 253.0
54, 7, Policies, POLICY_LIBERALISM, 587.0
54, 7, Policies, POLICY_COLONIAL_TAXES, 1478.0
54, 7, Policies, POLICY_SYMPHONIES, 94.0
54, 7, Policies, POLICY_TOTAL_WAR, 2885.0
54, 7, Policies, POLICY_EXPROPRIATION, 320.0
54, 7, Policies, POLICY_MILITARY_RESEARCH, 1474.0
54, 7, Policies, POLICY_PRAETORIUM, 2310.0
54, 7, Policies, POLICY_CIVIL_PRESTIGE, 2062.0
54, 7, Policies, POLICY_DRILL_MANUALS, 55.0
54, 7, Policies, POLICY_FORCE_MODERNIZATION, 206.0
54, 8, Civic, CIVIC_NAVAL_TRADITION, 144.6, 1
54, 8, Civic, CIVIC_MERCENARIES, 144.6, 1
54, 8, Civic, CIVIC_DIVINE_RIGHT, 1563.5, 1
54, 8, Civic, CIVIC_EXPLORATION, 2433.2, 3
54, 8, Civic, CIVIC_DIPLOMATIC_SERVICE, 511.1, 2
54, 8, Civic, CIVIC_REFORMED_CHURCH, 3201.6, 3
54, 8, Civic, CIVIC_THE_ENLIGHTENMENT, 618.0, 4
54, 8, Civic, CIVIC_COLONIALISM, 1476.9, 4
54, 8, Civic, CIVIC_CIVIL_ENGINEERING, 0.0, 1
54, 8, Civic, CIVIC_NATIONALISM, 618.0, 9
54, 8, Civic, CIVIC_OPERA_BALLET, 764.3, 8
54, 8, Civic, CIVIC_NATURAL_HISTORY, 1722.1, 9
54, 8, Civic, CIVIC_CONSERVATION, 1836.8, 16
54, 8, Policies, POLICY_SURVEY, 7.0
54, 8, Policies, POLICY_URBAN_PLANNING, 168.0
54, 8, Policies, POLICY_CONSCRIPTION, 375.0
54, 8, Policies, POLICY_LAND_SURVEYORS, 66.0
54, 8, Policies, POLICY_COLONIZATION, 18.0
54, 8, Policies, POLICY_INSPIRATION, 29.0
54, 8, Policies, POLICY_CHARISMATIC_LEADER, 14.0
54, 8, Policies, POLICY_DIPLOMATIC_LEAGUE, 200.0
54, 8, Policies, POLICY_LITERARY_TRADITION, 18.0
54, 8, Policies, POLICY_RAID, 2885.0
54, 8, Policies, POLICY_BASTIONS, 36.0
54, 8, Policies, POLICY_LIMES, 276.0
54, 8, Policies, POLICY_NATURAL_PHILOSOPHY, 161.0
54, 8, Policies, POLICY_SCRIPTURE, 644.0
54, 8, Policies, POLICY_NAVIGATION, 15.0
54, 8, Policies, POLICY_FEUDAL_CONTRACT, 43.0
54, 8, Policies, POLICY_RETAINERS, 268.0
54, 8, Policies, POLICY_PROFESSIONAL_ARMY, 46.0
54, 8, Policies, POLICY_TRADE_CONFEDERATION, 60.0
54, 8, Policies, POLICY_MERCHANT_CONFEDERATION, 74.0
54, 8, Policies, POLICY_AESTHETICS, 14.0
54, 8, Policies, POLICY_CRAFTSMEN, 64.0
54, 8, Policies, POLICY_TRAVELING_MERCHANTS, 21.0
54, 8, Policies, POLICY_COLONIAL_OFFICES, 1727.0
54, 8, Policies, POLICY_INVENTION, 84.0
54, 8, Policies, POLICY_FRESCOES, 18.0
54, 8, Policies, POLICY_WARS_OF_RELIGION, 10.0
54, 8, Policies, POLICY_RELIGIOUS_ORDERS, 330.0
54, 8, Policies, POLICY_SIMULTANEUM, 805.0
54, 8, Policies, POLICY_LOGISTICS, 398.0
54, 8, Policies, POLICY_TRIANGULAR_TRADE, 62.0
54, 8, Policies, POLICY_RATIONALISM, 115.0
54, 8, Policies, POLICY_LIBERALISM, 411.0
54, 8, Policies, POLICY_COLONIAL_TAXES, 1798.0
54, 8, Policies, POLICY_GRAND_OPERA, 63.0
54, 8, Policies, POLICY_SYMPHONIES, 31.0
54, 8, Policies, POLICY_PRAETORIUM, 3067.0
54, 8, Policies, POLICY_CIVIL_PRESTIGE, 1250.0
54, 8, Policies, POLICY_MONASTICISM, 2447.0
54, 8, Policies, POLICY_TWILIGHT_VALOR, 580.0
54, 8, Policies, POLICY_ISOLATIONISM, 336.0
54, 8, Policies, POLICY_DRILL_MANUALS, 75.0
54, 8, Policies, POLICY_HARD_SHELL_EXPLOSIVES, 14.0
54, 9, Civic, CIVIC_NAVAL_TRADITION, 144.6, 1
54, 9, Civic, CIVIC_MERCENARIES, 139.5, 2
54, 9, Civic, CIVIC_DIVINE_RIGHT, 1783.6, 2
54, 9, Civic, CIVIC_EXPLORATION, 2332.6, 5
54, 9, Civic, CIVIC_DIPLOMATIC_SERVICE, 485.7, 3
54, 9, Civic, CIVIC_REFORMED_CHURCH, 3154.2, 5
54, 9, Civic, CIVIC_MERCANTILISM, 388.7, 1
54, 9, Civic, CIVIC_THE_ENLIGHTENMENT, 892.6, 7
54, 9, Civic, CIVIC_COLONIALISM, 1860.2, 8
54, 9, Civic, CIVIC_CIVIL_ENGINEERING, 512647.8, 9
54, 9, Civic, CIVIC_NATIONALISM, 422722.3, 15
54, 9, Civic, CIVIC_OPERA_BALLET, 1007.5, 14
54, 9, Civic, CIVIC_NATURAL_HISTORY, 2033.7, 16
54, 9, Policies, POLICY_SURVEY, 14.0
54, 9, Policies, POLICY_URBAN_PLANNING, 147.0
54, 9, Policies, POLICY_CARAVANSARIES, 27.0
54, 9, Policies, POLICY_CONSCRIPTION, 257.0
54, 9, Policies, POLICY_LAND_SURVEYORS, 63.0
54, 9, Policies, POLICY_COLONIZATION, 50.0
54, 9, Policies, POLICY_INSPIRATION, 29.0
54, 9, Policies, POLICY_CHARISMATIC_LEADER, 14.0
54, 9, Policies, POLICY_DIPLOMATIC_LEAGUE, 200.0
54, 9, Policies, POLICY_LITERARY_TRADITION, 18.0
54, 9, Policies, POLICY_RAID, 3225.0
54, 9, Policies, POLICY_BASTIONS, 36.0
54, 9, Policies, POLICY_LIMES, 40.0
54, 9, Policies, POLICY_NATURAL_PHILOSOPHY, 159.0
54, 9, Policies, POLICY_SCRIPTURE, 175.0
54, 9, Policies, POLICY_NAVIGATION, 15.0
54, 9, Policies, POLICY_FEUDAL_CONTRACT, 27.0
54, 9, Policies, POLICY_RETAINERS, 42.0
54, 9, Policies, POLICY_PROFESSIONAL_ARMY, 57.0
54, 9, Policies, POLICY_TRADE_CONFEDERATION, 59.0
54, 9, Policies, POLICY_MERCHANT_CONFEDERATION, 69.0
54, 9, Policies, POLICY_AESTHETICS, 14.0
54, 9, Policies, POLICY_CRAFTSMEN, 71.0
54, 9, Policies, POLICY_TRAVELING_MERCHANTS, 21.0
54, 9, Policies, POLICY_COLONIAL_OFFICES, 1369.0
54, 9, Policies, POLICY_INVENTION, 84.0
54, 9, Policies, POLICY_FRESCOES, 18.0
54, 9, Policies, POLICY_WARS_OF_RELIGION, 10.0
54, 9, Policies, POLICY_RELIGIOUS_ORDERS, 290.0
54, 9, Policies, POLICY_SIMULTANEUM, 120.0
54, 9, Policies, POLICY_LOGISTICS, 323.0
54, 9, Policies, POLICY_TRIANGULAR_TRADE, 61.0
54, 9, Policies, POLICY_LIBERALISM, 170.0
54, 9, Policies, POLICY_COLONIAL_TAXES, 1483.0
54, 9, Policies, POLICY_GRANDE_ARMEE, 27.0
54, 9, Policies, POLICY_SYMPHONIES, 31.0
54, 9, Policies, POLICY_PRAETORIUM, 2407.0
54, 9, Policies, POLICY_CIVIL_PRESTIGE, 1004.0
54, 9, Policies, POLICY_DRILL_MANUALS, 35.0
54, 9, Policies, POLICY_HARD_SHELL_EXPLOSIVES, 9.0
54, 9, Policies, POLICY_EMPIRICAL_METHOD, 87.0
54, 9, Policies, POLICY_MASTER_ARTISANS, 58.0
54, 10, Civic, CIVIC_NAVAL_TRADITION, 75.3, 18
54, 10, Civic, CIVIC_MERCENARIES, 152.6, 1
54, 10, Civic, CIVIC_GUILDS, 140.7, 1
54, 10, Civic, CIVIC_EXPLORATION, 250.2, 48
54, 10, Civic, CIVIC_HUMANISM, 295.7, 2
54, 10, Civic, CIVIC_DIPLOMATIC_SERVICE, 140.7, 66
54, 10, Civic, CIVIC_REFORMED_CHURCH, 226.8, 48
54, 10, Civic, CIVIC_MERCANTILISM, 295.7, 80
54, 10, Civic, CIVIC_THE_ENLIGHTENMENT, 295.7, 145
54, 10, Policies, POLICY_URBAN_PLANNING, 14.0
54, 10, Policies, POLICY_CARAVANSARIES, 14.0
54, 10, Policies, POLICY_CONSCRIPTION, 51.0
54, 10, Policies, POLICY_CHARISMATIC_LEADER, 14.0
54, 10, Policies, POLICY_BASTIONS, 6.0
54, 10, Policies, POLICY_LIMES, 59.0
54, 10, Policies, POLICY_RETAINERS, 80.0
54, 10, Policies, POLICY_TRADE_CONFEDERATION, 28.0
54, 10, Policies, POLICY_COLONIAL_OFFICES, 51.0
54, 10, Policies, POLICY_PRAETORIUM, 23.0
54, 10, Policies, POLICY_CIVIL_PRESTIGE, 158.0
54, 10, Policies, POLICY_SOVEREIGN_STATE, 80.0
54, 12, Civic, CIVIC_NAVAL_TRADITION, 75.3, 18
54, 12, Civic, CIVIC_MERCENARIES, 152.6, 1
54, 12, Civic, CIVIC_GUILDS, 140.7, 1
54, 12, Civic, CIVIC_EXPLORATION, 255.7, 47
54, 12, Civic, CIVIC_HUMANISM, 295.7, 2
54, 12, Civic, CIVIC_DIPLOMATIC_SERVICE, 140.7, 65
54, 12, Civic, CIVIC_REFORMED_CHURCH, 220.1, 47
54, 12, Civic, CIVIC_MERCANTILISM, 295.7, 79
54, 12, Civic, CIVIC_THE_ENLIGHTENMENT, 295.7, 143
54, 12, Policies, POLICY_URBAN_PLANNING, 14.0
54, 12, Policies, POLICY_CARAVANSARIES, 14.0
54, 12, Policies, POLICY_CONSCRIPTION, 22.0
54, 12, Policies, POLICY_CHARISMATIC_LEADER, 14.0
54, 12, Policies, POLICY_RAID, 16.0
54, 12, Policies, POLICY_BASTIONS, 6.0
54, 12, Policies, POLICY_LIMES, 67.0
54, 12, Policies, POLICY_NATURAL_PHILOSOPHY, 28.0
54, 12, Policies, POLICY_FEUDAL_CONTRACT, 1.0
54, 12, Policies, POLICY_TRADE_CONFEDERATION, 28.0
54, 12, Policies, POLICY_COLONIAL_OFFICES, 38.0
54, 12, Policies, POLICY_PRAETORIUM, 29.0
54, 12, Policies, POLICY_CIVIL_PRESTIGE, 119.0
54, 12, Policies, POLICY_EQUESTRIAN_ORDERS, 56.0
54, 12, Policies, POLICY_SOVEREIGN_STATE, 80.0
54, 13, Civic, CIVIC_NAVAL_TRADITION, 83.3, 18
54, 13, Civic, CIVIC_MERCENARIES, 152.6, 1
54, 13, Civic, CIVIC_GUILDS, 140.7, 1
54, 13, Civic, CIVIC_EXPLORATION, 248.5, 48
54, 13, Civic, CIVIC_HUMANISM, 295.7, 2
54, 13, Civic, CIVIC_DIPLOMATIC_SERVICE, 140.7, 66
54, 13, Civic, CIVIC_REFORMED_CHURCH, 226.2, 48
54, 13, Civic, CIVIC_MERCANTILISM, 295.7, 80
54, 13, Civic, CIVIC_THE_ENLIGHTENMENT, 295.7, 145
54, 13, Policies, POLICY_URBAN_PLANNING, 14.0
54, 13, Policies, POLICY_CARAVANSARIES, 14.0
54, 13, Policies, POLICY_CONSCRIPTION, 36.0
54, 13, Policies, POLICY_CHARISMATIC_LEADER, 14.0
54, 13, Policies, POLICY_BASTIONS, 6.0
54, 13, Policies, POLICY_LIMES, 45.0
54, 13, Policies, POLICY_NAVAL_INFRASTRUCTURE, 28.0
54, 13, Policies, POLICY_RETAINERS, 88.0
54, 13, Policies, POLICY_TRADE_CONFEDERATION, 28.0
54, 13, Policies, POLICY_COLONIAL_OFFICES, 46.0
54, 13, Policies, POLICY_PRAETORIUM, 23.0
54, 13, Policies, POLICY_CIVIL_PRESTIGE, 157.0
54, 13, Policies, POLICY_SOVEREIGN_STATE, 80.0
54, 14, Civic, CIVIC_NAVAL_TRADITION, 83.3, 18
54, 14, Civic, CIVIC_MERCENARIES, 182.6, 1
54, 14, Civic, CIVIC_GUILDS, 140.7, 1
54, 14, Civic, CIVIC_EXPLORATION, 259.6, 48
54, 14, Civic, CIVIC_HUMANISM, 295.7, 2
54, 14, Civic, CIVIC_DIPLOMATIC_SERVICE, 140.7, 66
54, 14, Civic, CIVIC_REFORMED_CHURCH, 230.8, 48
54, 14, Civic, CIVIC_MERCANTILISM, 295.7, 80
54, 14, Civic, CIVIC_THE_ENLIGHTENMENT, 295.7, 145
54, 14, Policies, POLICY_URBAN_PLANNING, 14.0
54, 14, Policies, POLICY_CARAVANSARIES, 29.0
54, 14, Policies, POLICY_CONSCRIPTION, 14.0
54, 14, Policies, POLICY_CHARISMATIC_LEADER, 14.0
54, 14, Policies, POLICY_BASTIONS, 6.0
54, 14, Policies, POLICY_LIMES, 12.0
54, 14, Policies, POLICY_NAVAL_INFRASTRUCTURE, 28.0
54, 14, Policies, POLICY_FEUDAL_CONTRACT, 1.0
54, 14, Policies, POLICY_RETAINERS, 14.0
54, 14, Policies, POLICY_TRADE_CONFEDERATION, 58.0
54, 14, Policies, POLICY_TOWN_CHARTERS, 14.0
54, 14, Policies, POLICY_COLONIAL_OFFICES, 37.0
54, 14, Policies, POLICY_WARS_OF_RELIGION, 10.0
54, 14, Policies, POLICY_RELIGIOUS_ORDERS, 20.0
54, 14, Policies, POLICY_PRAETORIUM, 26.0
54, 14, Policies, POLICY_CIVIL_PRESTIGE, 40.0
54, 14, Policies, POLICY_SOVEREIGN_STATE, 80.0
54, 15, Civic, CIVIC_NAVAL_TRADITION, 79.3, 17
54, 15, Civic, CIVIC_MERCENARIES, 152.6, 1
54, 15, Civic, CIVIC_GUILDS, 140.7, 1
54, 15, Civic, CIVIC_EXPLORATION, 255.7, 45
54, 15, Civic, CIVIC_HUMANISM, 295.7, 2
54, 15, Civic, CIVIC_DIPLOMATIC_SERVICE, 140.7, 62
54, 15, Civic, CIVIC_REFORMED_CHURCH, 216.2, 45
54, 15, Civic, CIVIC_MERCANTILISM, 295.7, 76
54, 15, Civic, CIVIC_THE_ENLIGHTENMENT, 295.7, 137
54, 15, Policies, POLICY_URBAN_PLANNING, 14.0
54, 15, Policies, POLICY_CARAVANSARIES, 14.0
54, 15, Policies, POLICY_CONSCRIPTION, 51.0
54, 15, Policies, POLICY_CHARISMATIC_LEADER, 14.0
54, 15, Policies, POLICY_BASTIONS, 6.0
54, 15, Policies, POLICY_RETAINERS, 14.0
54, 15, Policies, POLICY_TRADE_CONFEDERATION, 28.0
54, 15, Policies, POLICY_COLONIAL_OFFICES, 47.0
54, 15, Policies, POLICY_PRAETORIUM, 29.0
54, 15, Policies, POLICY_CIVIL_PRESTIGE, 79.0
54, 15, Policies, POLICY_EQUESTRIAN_ORDERS, 18.0
54, 15, Policies, POLICY_SOVEREIGN_STATE, 80.0
54, 17, Civic, CIVIC_NAVAL_TRADITION, 62.0, 23
54, 17, Civic, CIVIC_DIVINE_RIGHT, 328.9, 1
54, 17, Civic, CIVIC_EXPLORATION, 125.1, 42
54, 17, Civic, CIVIC_HUMANISM, 160.8, 1
54, 17, Civic, CIVIC_DIPLOMATIC_SERVICE, 0.0, 75
54, 17, Civic, CIVIC_REFORMED_CHURCH, 328.9, 56
54, 17, Civic, CIVIC_MERCANTILISM, 160.8, 90
54, 17, Civic, CIVIC_THE_ENLIGHTENMENT, 160.8, 165
54, 17, Civic, CIVIC_COLONIALISM, 160.8, 189
54, 17, Civic, CIVIC_CIVIL_ENGINEERING, 160.8, 215
54, 17, Civic, CIVIC_NATIONALISM, 160.8, 290
54, 17, Civic, CIVIC_OPERA_BALLET, 160.8, 264
54, 17, Policies, POLICY_URBAN_PLANNING, 14.0
54, 17, Policies, POLICY_CARAVANSARIES, 14.0
54, 17, Policies, POLICY_CONSCRIPTION, 44.0
54, 17, Policies, POLICY_CHARISMATIC_LEADER, 14.0
54, 17, Policies, POLICY_RAID, 10.0
54, 17, Policies, POLICY_BASTIONS, 6.0
54, 17, Policies, POLICY_LIMES, 13.0
54, 17, Policies, POLICY_TRADE_CONFEDERATION, 28.0
54, 17, Policies, POLICY_COLONIAL_OFFICES, 47.0
54, 17, Policies, POLICY_PRAETORIUM, 32.0
54, 17, Policies, POLICY_CIVIL_PRESTIGE, 132.0
54, 17, Policies, POLICY_EQUESTRIAN_ORDERS, 56.0
54, 17, Policies, POLICY_SOVEREIGN_STATE, 80.0
54, 20, Civic, CIVIC_NAVAL_TRADITION, 84.7, 15
54, 20, Civic, CIVIC_MERCENARIES, 152.6, 1
54, 20, Civic, CIVIC_GUILDS, 140.7, 1
54, 20, Civic, CIVIC_EXPLORATION, 259.4, 41
54, 20, Civic, CIVIC_HUMANISM, 295.7, 2
54, 20, Civic, CIVIC_DIPLOMATIC_SERVICE, 140.7, 56
54, 20, Civic, CIVIC_REFORMED_CHURCH, 227.6, 41
54, 20, Civic, CIVIC_MERCANTILISM, 295.7, 69
54, 20, Civic, CIVIC_THE_ENLIGHTENMENT, 295.7, 124
54, 20, Policies, POLICY_URBAN_PLANNING, 14.0
54, 20, Policies, POLICY_CARAVANSARIES, 14.0
54, 20, Policies, POLICY_CONSCRIPTION, 51.0
54, 20, Policies, POLICY_CHARISMATIC_LEADER, 14.0
54, 20, Policies, POLICY_BASTIONS, 6.0
54, 20, Policies, POLICY_LIMES, 48.0
54, 20, Policies, POLICY_RETAINERS, 81.0
54, 20, Policies, POLICY_TRADE_CONFEDERATION, 28.0
54, 20, Policies, POLICY_COLONIAL_OFFICES, 39.0
54, 20, Policies, POLICY_PRAETORIUM, 20.0
54, 20, Policies, POLICY_CIVIL_PRESTIGE, 113.0
54, 20, Policies, POLICY_SOVEREIGN_STATE, 80.0
54, 21, Civic, CIVIC_NAVAL_TRADITION, 66.4, 21
54, 21, Civic, CIVIC_MERCENARIES, 152.6, 1
54, 21, Civic, CIVIC_GUILDS, 140.7, 1
54, 21, Civic, CIVIC_EXPLORATION, 152.6, 53
54, 21, Civic, CIVIC_HUMANISM, 295.7, 2
54, 21, Civic, CIVIC_DIPLOMATIC_SERVICE, 140.7, 73
54, 21, Civic, CIVIC_REFORMED_CHURCH, 140.7, 53
54, 21, Civic, CIVIC_MERCANTILISM, 295.7, 89
54, 21, Civic, CIVIC_THE_ENLIGHTENMENT, 295.7, 161
54, 21, Policies, POLICY_URBAN_PLANNING, 14.0
54, 21, Policies, POLICY_CARAVANSARIES, 14.0
54, 21, Policies, POLICY_CONSCRIPTION, 66.0
54, 21, Policies, POLICY_CHARISMATIC_LEADER, 14.0
54, 21, Policies, POLICY_BASTIONS, 6.0
54, 21, Policies, POLICY_LIMES, 13.0
54, 21, Policies, POLICY_TRADE_CONFEDERATION, 28.0
54, 21, Policies, POLICY_PRAETORIUM, 29.0
54, 21, Policies, POLICY_CIVIL_PRESTIGE, 125.0
54, 21, Policies, POLICY_EQUESTRIAN_ORDERS, 48.0
54, 21, Policies, POLICY_SOVEREIGN_STATE, 80.0
54, 62, Civic, CIVIC_MILITARY_TRADITION, 96.1, 20
54, 62, Civic, CIVIC_STATE_WORKFORCE, 79.3, 28
54, 62, Civic, CIVIC_MYSTICISM, 130.4, 20
54, 62, Civic, CIVIC_GAMES_RECREATION, 79.3, 72
54, 62, Civic, CIVIC_POLITICAL_PHILOSOPHY, 79.3, 72
54, 62, Civic, CIVIC_DRAMA_POETRY, 26.3, 44
54, 62, Civic, CIVIC_MILITARY_TRAINING, 175.4, 140
54, 62, Civic, CIVIC_DEFENSIVE_TACTICS, 79.3, 186
54, 62, Civic, CIVIC_RECORDED_HISTORY, 105.6, 186
54, 62, Civic, CIVIC_THEOLOGY, 156.7, 112
54, 62, Policies, POLICY_CARAVANSARIES, 14.0
54, 0, Civic, CIVIC_NAVAL_TRADITION, 178.6, 1
54, 0, Civic, CIVIC_DIPLOMATIC_SERVICE, 511.1, 2
54, 0, Civic, CIVIC_REFORMED_CHURCH, 686.3, 2
54, 0, Civic, CIVIC_MERCANTILISM, 469.8, 3
54, 0, Civic, CIVIC_THE_ENLIGHTENMENT, 1290.8, 5
54, 0, Civic, CIVIC_COLONIALISM, 1601.3, 8
54, 0, Civic, CIVIC_CIVIL_ENGINEERING, 177670.9, 9
54, 0, Civic, CIVIC_NATIONALISM, 184585.0, 8
54, 0, Civic, CIVIC_OPERA_BALLET, 1454.0, 10
54, 0, Civic, CIVIC_NATURAL_HISTORY, 2702.5, 15
54, 0, Policies, POLICY_SURVEY, 15.0
54, 0, Policies, POLICY_URBAN_PLANNING, 192.0
54, 0, Policies, POLICY_CARAVANSARIES, 174.0
54, 0, Policies, POLICY_CONSCRIPTION, 51.0
54, 0, Policies, POLICY_LAND_SURVEYORS, 315.0
54, 0, Policies, POLICY_COLONIZATION, 137.0
54, 0, Policies, POLICY_INSPIRATION, 34.0
54, 0, Policies, POLICY_CHARISMATIC_LEADER, 14.0
54, 0, Policies, POLICY_DIPLOMATIC_LEAGUE, 300.0
54, 0, Policies, POLICY_LITERARY_TRADITION, 17.0
54, 0, Policies, POLICY_RAID, 2967.0
54, 0, Policies, POLICY_LIMES, 1075.0
54, 0, Policies, POLICY_NATURAL_PHILOSOPHY, 312.0
54, 0, Policies, POLICY_NAVAL_INFRASTRUCTURE, 42.0
54, 0, Policies, POLICY_NAVIGATION, 31.0
54, 0, Policies, POLICY_FEUDAL_CONTRACT, 35.0
54, 0, Policies, POLICY_RETAINERS, 42.0
54, 0, Policies, POLICY_PROFESSIONAL_ARMY, 39.0
54, 0, Policies, POLICY_TRADE_CONFEDERATION, 326.0
54, 0, Policies, POLICY_MERCHANT_CONFEDERATION, 137.0
54, 0, Policies, POLICY_TOWN_CHARTERS, 288.0
54, 0, Policies, POLICY_TRAVELING_MERCHANTS, 28.0
54, 0, Policies, POLICY_PRESS_GANGS, 41.0
54, 0, Policies, POLICY_COLONIAL_OFFICES, 712.0
54, 0, Policies, POLICY_INVENTION, 43.0
54, 0, Policies, POLICY_FRESCOES, 17.0
54, 0, Policies, POLICY_WARS_OF_RELIGION, 1.0
54, 0, Policies, POLICY_RELIGIOUS_ORDERS, 54.0
54, 0, Policies, POLICY_LOGISTICS, 51.0
54, 0, Policies, POLICY_TRIANGULAR_TRADE, 421.0
54, 0, Policies, POLICY_RATIONALISM, 249.0
54, 0, Policies, POLICY_FREE_MARKET, 306.0
54, 0, Policies, POLICY_LIBERALISM, 98.0
54, 0, Policies, POLICY_COLONIAL_TAXES, 1127.0
54, 0, Policies, POLICY_PUBLIC_WORKS, 10.0
54, 0, Policies, POLICY_GRANDE_ARMEE, 35.0
54, 0, Policies, POLICY_NATIONAL_IDENTITY, 5.0
54, 0, Policies, POLICY_SYMPHONIES, 31.0
54, 0, Policies, POLICY_ECONOMIC_UNION, 328.0
54, 0, Policies, POLICY_PRAETORIUM, 1052.0
54, 0, Policies, POLICY_CIVIL_PRESTIGE, 366.0
54, 0, Policies, POLICY_DRILL_MANUALS, 45.0
54, 0, Policies, POLICY_EMPIRICAL_METHOD, 365.0
54, 1, Civic, CIVIC_THEOLOGY, 186.7, 1
54, 1, Civic, CIVIC_NAVAL_TRADITION, 235.6, 1
54, 1, Civic, CIVIC_DIVINE_RIGHT, 1049.2, 2
54, 1, Civic, CIVIC_REFORMED_CHURCH, 1654.7, 3
54, 1, Civic, CIVIC_COLONIALISM, 1489.9, 4
54, 1, Civic, CIVIC_CIVIL_ENGINEERING, 148320.8, 3
54, 1, Civic, CIVIC_NATIONALISM, 159101.6, 1
54, 1, Civic, CIVIC_OPERA_BALLET, 257.3, 4
54, 1, Civic, CIVIC_NATURAL_HISTORY, 1764.3, 9
54, 1, Civic, CIVIC_SCORCHED_EARTH, 161833.6, 6
54, 1, Civic, CIVIC_URBANIZATION, 309040.3, 9
54, 1, Civic, CIVIC_CONSERVATION, 1908.1, 15
54, 1, Civic, CIVIC_MASS_MEDIA, 385449.1, 24
54, 1, Civic, CIVIC_MOBILIZATION, 397739.4, 20
54, 1, Policies, POLICY_SURVEY, 15.0
54, 1, Policies, POLICY_GOD_KING, 22.0
54, 1, Policies, POLICY_CONSCRIPTION, 14.0
54, 1, Policies, POLICY_LAND_SURVEYORS, 179.5
54, 1, Policies, POLICY_COLONIZATION, 152.0
54, 1, Policies, POLICY_INSPIRATION, 58.0
54, 1, Policies, POLICY_CHARISMATIC_LEADER, 14.0
54, 1, Policies, POLICY_DIPLOMATIC_LEAGUE, 300.0
54, 1, Policies, POLICY_LITERARY_TRADITION, 34.0
54, 1, Policies, POLICY_RAID, 2967.0
54, 1, Policies, POLICY_LIMES, 1212.0
54, 1, Policies, POLICY_NATURAL_PHILOSOPHY, 321.0
54, 1, Policies, POLICY_NAVAL_INFRASTRUCTURE, 103.0
54, 1, Policies, POLICY_NAVIGATION, 47.0
54, 1, Policies, POLICY_RETAINERS, 70.0
54, 1, Policies, POLICY_PROFESSIONAL_ARMY, 44.0
54, 1, Policies, POLICY_TRADE_CONFEDERATION, 405.0
54, 1, Policies, POLICY_MERCHANT_CONFEDERATION, 249.0
54, 1, Policies, POLICY_AESTHETICS, 102.0
54, 1, Policies, POLICY_CRAFTSMEN, 123.0
54, 1, Policies, POLICY_TOWN_CHARTERS, 315.0
54, 1, Policies, POLICY_TRAVELING_MERCHANTS, 43.0
54, 1, Policies, POLICY_PRESS_GANGS, 283.0
54, 1, Policies, POLICY_COLONIAL_OFFICES, 1037.0
54, 1, Policies, POLICY_INVENTION, 130.0
54, 1, Policies, POLICY_FRESCOES, 34.0
54, 1, Policies, POLICY_MACHIAVELLIANISM, 151.0
54, 1, Policies, POLICY_LOGISTICS, 8.0
54, 1, Policies, POLICY_TRIANGULAR_TRADE, 481.0
54, 1, Policies, POLICY_RATIONALISM, 667.0
54, 1, Policies, POLICY_FREE_MARKET, 162.0
54, 1, Policies, POLICY_LIBERALISM, 126.0
54, 1, Policies, POLICY_COLONIAL_TAXES, 1623.0
54, 1, Policies, POLICY_PUBLIC_WORKS, 44.0
54, 1, Policies, POLICY_NATIONAL_IDENTITY, 1.0
54, 1, Policies, POLICY_GRAND_OPERA, 92.0
54, 1, Policies, POLICY_SYMPHONIES, 62.0
54, 1, Policies, POLICY_TOTAL_WAR, 2967.0
54, 1, Policies, POLICY_EXPROPRIATION, 331.5
54, 1, Policies, POLICY_MILITARY_RESEARCH, 1728.0
54, 1, Policies, POLICY_LEVEE_EN_MASSE, 14.0
54, 1, Policies, POLICY_ECONOMIC_UNION, 409.0
54, 1, Policies, POLICY_PRAETORIUM, 1544.0
54, 1, Policies, POLICY_CIVIL_PRESTIGE, 971.0
54, 1, Policies, POLICY_WISSELBANKEN, 188.0
54, 1, Policies, POLICY_EQUESTRIAN_ORDERS, 80.0
54, 1, Policies, POLICY_FORCE_MODERNIZATION, 44.0
54, 1, Policies, POLICY_EMPIRICAL_METHOD, 322.0
54, 1, Policies, POLICY_MASTER_ARTISANS, 147.0
54, 2, Civic, CIVIC_NAVAL_TRADITION, 177.6, 1
54, 2, Civic, CIVIC_DIPLOMATIC_SERVICE, 629.1, 2
54, 2, Civic, CIVIC_MERCANTILISM, 313.8, 2
54, 2, Civic, CIVIC_THE_ENLIGHTENMENT, 885.8, 5
54, 2, Civic, CIVIC_COLONIALISM, 1306.7, 7
54, 2, Civic, CIVIC_CIVIL_ENGINEERING, 104561.4, 8
54, 2, Civic, CIVIC_NATIONALISM, 102321.5, 9
54, 2, Civic, CIVIC_OPERA_BALLET, 1049.0, 10
54, 2, Civic, CIVIC_NATURAL_HISTORY, 1520.6, 13
54, 2, Policies, POLICY_SURVEY, 37.0
54, 2, Policies, POLICY_URBAN_PLANNING, 126.0
54, 2, Policies, POLICY_CARAVANSARIES, 82.0
54, 2, Policies, POLICY_CONSCRIPTION, 103.0
54, 2, Policies, POLICY_LAND_SURVEYORS, 180.0
54, 2, Policies, POLICY_COLONIZATION, 85.0
54, 2, Policies, POLICY_INSPIRATION, 15.0
54, 2, Policies, POLICY_CHARISMATIC_LEADER, 14.0
54, 2, Policies, POLICY_DIPLOMATIC_LEAGUE, 300.0
54, 2, Policies, POLICY_LITERARY_TRADITION, 15.0
54, 2, Policies, POLICY_RAID, 2448.0
54, 2, Policies, POLICY_LIMES, 835.0
54, 2, Policies, POLICY_NATURAL_PHILOSOPHY, 100.0
54, 2, Policies, POLICY_SCRIPTURE, 466.0
54, 2, Policies, POLICY_NAVAL_INFRASTRUCTURE, 41.0
54, 2, Policies, POLICY_NAVIGATION, 31.0
54, 2, Policies, POLICY_FEUDAL_CONTRACT, 8.0
54, 2, Policies, POLICY_RETAINERS, 42.0
54, 2, Policies, POLICY_PROFESSIONAL_ARMY, 96.0
54, 2, Policies, POLICY_TRADE_CONFEDERATION, 150.0
54, 2, Policies, POLICY_MERCHANT_CONFEDERATION, 102.0
54, 2, Policies, POLICY_TOWN_CHARTERS, 103.0
54, 2, Policies, POLICY_TRAVELING_MERCHANTS, 18.0
54, 2, Policies, POLICY_PRESS_GANGS, 12.0
54, 2, Policies, POLICY_COLONIAL_OFFICES, 530.0
54, 2, Policies, POLICY_INVENTION, 31.0
54, 2, Policies, POLICY_FRESCOES, 15.0
54, 2, Policies, POLICY_WARS_OF_RELIGION, 10.0
54, 2, Policies, POLICY_RELIGIOUS_ORDERS, 136.0
54, 2, Policies, POLICY_SIMULTANEUM, 879.0
54, 2, Policies, POLICY_LOGISTICS, 79.0
54, 2, Policies, POLICY_TRIANGULAR_TRADE, 264.0
54, 2, Policies, POLICY_RATIONALISM, 174.0
54, 2, Policies, POLICY_FREE_MARKET, 135.0
54, 2, Policies, POLICY_LIBERALISM, 84.0
54, 2, Policies, POLICY_COLONIAL_TAXES, 871.0
54, 2, Policies, POLICY_PUBLIC_WORKS, 17.0
54, 2, Policies, POLICY_GRANDE_ARMEE, 8.0
54, 2, Policies, POLICY_SYMPHONIES, 31.0
54, 2, Policies, POLICY_ECONOMIC_UNION, 130.0
54, 2, Policies, POLICY_PRAETORIUM, 673.0
54, 2, Policies, POLICY_CIVIL_PRESTIGE, 742.0
54, 2, Policies, POLICY_WISSELBANKEN, 138.0
54, 2, Policies, POLICY_EQUESTRIAN_ORDERS, 55.0
54, 2, Policies, POLICY_EMPIRICAL_METHOD, 116.0
54, 3, Civic, CIVIC_NAVAL_TRADITION, 156.6, 1
54, 3, Civic, CIVIC_HUMANISM, 172.0, 2
54, 3, Civic, CIVIC_DIPLOMATIC_SERVICE, 532.6, 1
54, 3, Civic, CIVIC_MERCANTILISM, 1025.2, 5
54, 3, Civic, CIVIC_THE_ENLIGHTENMENT, 1262.7, 6
54, 3, Civic, CIVIC_COLONIALISM, 2524.5, 10
54, 3, Civic, CIVIC_CIVIL_ENGINEERING, 2523347.8, 11
54, 3, Civic, CIVIC_NATIONALISM, 2622929.0, 10
54, 3, Civic, CIVIC_OPERA_BALLET, 1419.2, 11
54, 3, Policies, POLICY_SURVEY, 37.0
54, 3, Policies, POLICY_URBAN_PLANNING, 198.0
54, 3, Policies, POLICY_CARAVANSARIES, 294.0
54, 3, Policies, POLICY_LAND_SURVEYORS, 434.5
54, 3, Policies, POLICY_COLONIZATION, 256.0
54, 3, Policies, POLICY_INSPIRATION, 20.0
54, 3, Policies, POLICY_CHARISMATIC_LEADER, 14.0
54, 3, Policies, POLICY_DIPLOMATIC_LEAGUE, 300.0
54, 3, Policies, POLICY_LITERARY_TRADITION, 17.0
54, 3, Policies, POLICY_RAID, 3493.0
54, 3, Policies, POLICY_LIMES, 1586.0
54, 3, Policies, POLICY_NATURAL_PHILOSOPHY, 79.0
54, 3, Policies, POLICY_SCRIPTURE, 1997.0
54, 3, Policies, POLICY_NAVAL_INFRASTRUCTURE, 3.0
54, 3, Policies, POLICY_NAVIGATION, 15.0
54, 3, Policies, POLICY_RETAINERS, 254.0
54, 3, Policies, POLICY_TRADE_CONFEDERATION, 378.0
54, 3, Policies, POLICY_MERCHANT_CONFEDERATION, 161.0
54, 3, Policies, POLICY_TOWN_CHARTERS, 232.0
54, 3, Policies, POLICY_TRAVELING_MERCHANTS, 21.0
54, 3, Policies, POLICY_PRESS_GANGS, 99.0
54, 3, Policies, POLICY_COLONIAL_OFFICES, 631.0
54, 3, Policies, POLICY_INVENTION, 37.0
54, 3, Policies, POLICY_FRESCOES, 17.0
54, 3, Policies, POLICY_SIMULTANEUM, 2873.0
54, 3, Policies, POLICY_LOGISTICS, 1.0
54, 3, Policies, POLICY_TRIANGULAR_TRADE, 838.0
54, 3, Policies, POLICY_RATIONALISM, 47.0
54, 3, Policies, POLICY_FREE_MARKET, 455.0
54, 3, Policies, POLICY_LIBERALISM, 935.0
54, 3, Policies, POLICY_COLONIAL_TAXES, 1440.0
54, 3, Policies, POLICY_PUBLIC_WORKS, 33.0
54, 3, Policies, POLICY_NATIONAL_IDENTITY, 1.0
54, 3, Policies, POLICY_SYMPHONIES, 31.0
54, 3, Policies, POLICY_ECONOMIC_UNION, 7.0
54, 3, Policies, POLICY_PRAETORIUM, 764.0
54, 3, Policies, POLICY_CIVIL_PRESTIGE, 1403.0
54, 3, Policies, POLICY_EQUESTRIAN_ORDERS, 99.0
54, 3, Policies, POLICY_EMPIRICAL_METHOD, 117.0
54, 4, Civic, CIVIC_NAVAL_TRADITION, 167.6, 1
54, 4, Civic, CIVIC_EXPLORATION, 1875.6, 1
54, 4, Civic, CIVIC_REFORMED_CHURCH, 851.4, 1
54, 4, Civic, CIVIC_COLONIALISM, 1721.6, 1
54, 4, Civic, CIVIC_CIVIL_ENGINEERING, 0.0, 1
54, 4, Civic, CIVIC_OPERA_BALLET, 304.7, 1
54, 4, Civic, CIVIC_NATURAL_HISTORY, 2091.3, 2
54, 4, Civic, CIVIC_SCORCHED_EARTH, 3257.5, 2
54, 4, Civic, CIVIC_URBANIZATION, 2052.8, 3
54, 4, Civic, CIVIC_CONSERVATION, 2297.3, 5
54, 4, Civic, CIVIC_MASS_MEDIA, 4144.1, 8
54, 4, Civic, CIVIC_MOBILIZATION, 5310.3, 8
54, 4, Policies, POLICY_SURVEY, 23.0
54, 4, Policies, POLICY_CONSCRIPTION, 66.0
54, 4, Policies, POLICY_LAND_SURVEYORS, 285.0
54, 4, Policies, POLICY_COLONIZATION, 181.0
54, 4, Policies, POLICY_INSPIRATION, 64.0
54, 4, Policies, POLICY_CHARISMATIC_LEADER, 14.0
54, 4, Policies, POLICY_DIPLOMATIC_LEAGUE, 300.0
54, 4, Policies, POLICY_LITERARY_TRADITION, 26.0
54, 4, Policies, POLICY_RAID, 3226.0
54, 4, Policies, POLICY_LIMES, 842.0
54, 4, Policies, POLICY_NATURAL_PHILOSOPHY, 457.0
54, 4, Policies, POLICY_NAVAL_INFRASTRUCTURE, 11.0
54, 4, Policies, POLICY_NAVIGATION, 31.0
54, 4, Policies, POLICY_RETAINERS, 42.0
54, 4, Policies, POLICY_PROFESSIONAL_ARMY, 43.0
54, 4, Policies, POLICY_TRADE_CONFEDERATION, 382.0
54, 4, Policies, POLICY_MERCHANT_CONFEDERATION, 217.0
54, 4, Policies, POLICY_AESTHETICS, 58.0
54, 4, Policies, POLICY_CRAFTSMEN, 300.0
54, 4, Policies, POLICY_TOWN_CHARTERS, 238.0
54, 4, Policies, POLICY_TRAVELING_MERCHANTS, 28.0
54, 4, Policies, POLICY_CHIVALRY, 166.0
54, 4, Policies, POLICY_COLONIAL_OFFICES, 940.0
54, 4, Policies, POLICY_INVENTION, 100.0
54, 4, Policies, POLICY_FRESCOES, 52.0
54, 4, Policies, POLICY_MACHIAVELLIANISM, 167.0
54, 4, Policies, POLICY_RELIGIOUS_ORDERS, 100.0
54, 4, Policies, POLICY_LOGISTICS, 76.0
54, 4, Policies, POLICY_TRIANGULAR_TRADE, 468.0
54, 4, Policies, POLICY_RATIONALISM, 584.0
54, 4, Policies, POLICY_FREE_MARKET, 180.0
54, 4, Policies, POLICY_LIBERALISM, 126.0
54, 4, Policies, POLICY_COLONIAL_TAXES, 1580.0
54, 4, Policies, POLICY_GRANDE_ARMEE, 163.0
54, 4, Policies, POLICY_NATIONAL_IDENTITY, 26.0
54, 4, Policies, POLICY_GRAND_OPERA, 128.0
54, 4, Policies, POLICY_SYMPHONIES, 47.0
54, 4, Policies, POLICY_TOTAL_WAR, 3226.0
54, 4, Policies, POLICY_EXPROPRIATION, 466.0
54, 4, Policies, POLICY_MILITARY_RESEARCH, 1704.0
54, 4, Policies, POLICY_PRAETORIUM, 1423.0
54, 4, Policies, POLICY_CIVIL_PRESTIGE, 978.0
54, 4, Policies, POLICY_FORCE_MODERNIZATION, 43.0
54, 2, Civic, CIVIC_NAVAL_TRADITION, 177.6, 1
54, 2, Civic, CIVIC_DIPLOMATIC_SERVICE, 629.1, 2
54, 2, Civic, CIVIC_MERCANTILISM, 313.8, 2
54, 2, Civic, CIVIC_THE_ENLIGHTENMENT, 885.8, 5
54, 2, Civic, CIVIC_COLONIALISM, 1306.7, 7
54, 2, Civic, CIVIC_CIVIL_ENGINEERING, 104561.4, 8
54, 2, Civic, CIVIC_NATIONALISM, 102321.5, 9
54, 2, Civic, CIVIC_OPERA_BALLET, 1049.0, 10
54, 2, Civic, CIVIC_NATURAL_HISTORY, 1520.6, 13
54, 2, Policies, POLICY_SURVEY, 37.0
54, 2, Policies, POLICY_URBAN_PLANNING, 126.0
54, 2, Policies, POLICY_CARAVANSARIES, 82.0
54, 2, Policies, POLICY_CONSCRIPTION, 103.0
54, 2, Policies, POLICY_LAND_SURVEYORS, 180.0
54, 2, Policies, POLICY_COLONIZATION, 85.0
54, 2, Policies, POLICY_INSPIRATION, 15.0
54, 2, Policies, POLICY_CHARISMATIC_LEADER, 14.0
54, 2, Policies, POLICY_DIPLOMATIC_LEAGUE, 300.0
54, 2, Policies, POLICY_LITERARY_TRADITION, 15.0
54, 2, Policies, POLICY_RAID, 2448.0
54, 2, Policies, POLICY_LIMES, 835.0
54, 2, Policies, POLICY_NATURAL_PHILOSOPHY, 100.0
54, 2, Policies, POLICY_SCRIPTURE, 466.0
54, 2, Policies, POLICY_NAVAL_INFRASTRUCTURE, 41.0
54, 2, Policies, POLICY_NAVIGATION, 31.0
54, 2, Policies, POLICY_FEUDAL_CONTRACT, 8.0
54, 2, Policies, POLICY_RETAINERS, 42.0
54, 2, Policies, POLICY_PROFESSIONAL_ARMY, 96.0
54, 2, Policies, POLICY_TRADE_CONFEDERATION, 150.0
54, 2, Policies, POLICY_MERCHANT_CONFEDERATION, 102.0
54, 2, Policies, POLICY_TOWN_CHARTERS, 103.0
54, 2, Policies, POLICY_TRAVELING_MERCHANTS, 18.0
54, 2, Policies, POLICY_PRESS_GANGS, 12.0
54, 2, Policies, POLICY_COLONIAL_OFFICES, 530.0
54, 2, Policies, POLICY_INVENTION, 31.0
54, 2, Policies, POLICY_FRESCOES, 15.0
54, 2, Policies, POLICY_WARS_OF_RELIGION, 10.0
54, 2, Policies, POLICY_RELIGIOUS_ORDERS, 136.0
54, 2, Policies, POLICY_SIMULTANEUM, 879.0
54, 2, Policies, POLICY_LOGISTICS, 79.0
54, 2, Policies, POLICY_TRIANGULAR_TRADE, 264.0
54, 2, Policies, POLICY_RATIONALISM, 174.0
54, 2, Policies, POLICY_FREE_MARKET, 135.0
54, 2, Policies, POLICY_LIBERALISM, 84.0
54, 2, Policies, POLICY_COLONIAL_TAXES, 871.0
54, 2, Policies, POLICY_PUBLIC_WORKS, 17.0
54, 2, Policies, POLICY_GRANDE_ARMEE, 8.0
54, 2, Policies, POLICY_SYMPHONIES, 31.0
54, 2, Policies, POLICY_ECONOMIC_UNION, 130.0
54, 2, Policies, POLICY_PRAETORIUM, 673.0
54, 2, Policies, POLICY_CIVIL_PRESTIGE, 742.0
54, 2, Policies, POLICY_WISSELBANKEN, 138.0
54, 2, Policies, POLICY_EQUESTRIAN_ORDERS, 55.0
54, 2, Policies, POLICY_EMPIRICAL_METHOD, 116.0
54, 2, Slot Policy, POLICY_RAID, 2448
54, 2, Slot Policy, POLICY_LIMES, 835
54, 2, Slot Policy, POLICY_SIMULTANEUM, 879
54, 2, Slot Policy, POLICY_CIVIL_PRESTIGE, 742
54, 2, Slot Policy, POLICY_PRAETORIUM, 673
54, 2, Slot Policy, POLICY_COLONIAL_OFFICES, 530
54, 2, Slot Policy, POLICY_SCRIPTURE, 466
54, 3, Slot Policy, POLICY_RAID, 3493
54, 3, Slot Policy, POLICY_SIMULTANEUM, 2873
54, 3, Slot Policy, POLICY_SCRIPTURE, 1997
54, 3, Slot Policy, POLICY_PRAETORIUM, 764
54, 3, Slot Policy, POLICY_LIMES, 1586
54, 3, Slot Policy, POLICY_CIVIL_PRESTIGE, 1403
54, 3, Slot Policy, POLICY_LAND_SURVEYORS, 434
54, 0, Government Change, GOVERNMENT_MONARCHY
54, 0, Slot Policy, POLICY_RAID, 2967
54, 0, Slot Policy, POLICY_LIMES, 1075
54, 0, Slot Policy, POLICY_CIVIL_PRESTIGE, 366
54, 0, Slot Policy, POLICY_PRAETORIUM, 1052
54, 0, Slot Policy, POLICY_COLONIAL_OFFICES, 712
54, 0, Slot Policy, POLICY_TRADE_CONFEDERATION, 326
54, 0, Slot Policy, POLICY_LAND_SURVEYORS, 315
55, 5, Civic, CIVIC_THEOLOGY, 1218.7, 1
55, 5, Civic, CIVIC_NAVAL_TRADITION, 144.6, 1
55, 5, Civic, CIVIC_DIVINE_RIGHT, 1962.9, 3
55, 5, Civic, CIVIC_EXPLORATION, 2164.6, 2
55, 5, Civic, CIVIC_DIPLOMATIC_SERVICE, 485.7, 3
55, 5, Civic, CIVIC_REFORMED_CHURCH, 3201.3, 5
55, 5, Civic, CIVIC_MERCANTILISM, 303.8, 2
55, 5, Civic, CIVIC_THE_ENLIGHTENMENT, 821.6, 7
55, 5, Civic, CIVIC_COLONIALISM, 1600.3, 8
55, 5, Civic, CIVIC_CIVIL_ENGINEERING, 242203.0, 10
55, 5, Civic, CIVIC_NATIONALISM, 206640.3, 15
55, 5, Civic, CIVIC_OPERA_BALLET, 938.0, 13
55, 5, Civic, CIVIC_NATURAL_HISTORY, 1773.8, 16
55, 5, Policies, POLICY_SURVEY, 36.0
55, 5, Policies, POLICY_GOD_KING, 7.0
55, 5, Policies, POLICY_URBAN_PLANNING, 168.0
55, 5, Policies, POLICY_CARAVANSARIES, 49.0
55, 5, Policies, POLICY_CONSCRIPTION, 228.0
55, 5, Policies, POLICY_LAND_SURVEYORS, 10.5
55, 5, Policies, POLICY_COLONIZATION, 16.0
55, 5, Policies, POLICY_INSPIRATION, 25.0
55, 5, Policies, POLICY_CHARISMATIC_LEADER, 14.0
55, 5, Policies, POLICY_DIPLOMATIC_LEAGUE, 200.0
55, 5, Policies, POLICY_LITERARY_TRADITION, 17.0
55, 5, Policies, POLICY_RAID, 2961.0
55, 5, Policies, POLICY_BASTIONS, 42.0
55, 5, Policies, POLICY_NATURAL_PHILOSOPHY, 193.0
55, 5, Policies, POLICY_SCRIPTURE, 102.0
55, 5, Policies, POLICY_NAVIGATION, 47.0
55, 5, Policies, POLICY_FEUDAL_CONTRACT, 38.0
55, 5, Policies, POLICY_RETAINERS, 401.0
55, 5, Policies, POLICY_PROFESSIONAL_ARMY, 50.0
55, 5, Policies, POLICY_TRADE_CONFEDERATION, 87.0
55, 5, Policies, POLICY_MERCHANT_CONFEDERATION, 74.0
55, 5, Policies, POLICY_CRAFTSMEN, 86.0
55, 5, Policies, POLICY_TOWN_CHARTERS, 38.0
55, 5, Policies, POLICY_TRAVELING_MERCHANTS, 21.0
55, 5, Policies, POLICY_COLONIAL_OFFICES, 1431.0
55, 5, Policies, POLICY_INVENTION, 84.0
55, 5, Policies, POLICY_FRESCOES, 17.0
55, 5, Policies, POLICY_WARS_OF_RELIGION, 10.0
55, 5, Policies, POLICY_RELIGIOUS_ORDERS, 290.0
55, 5, Policies, POLICY_LOGISTICS, 360.0
55, 5, Policies, POLICY_TRIANGULAR_TRADE, 90.0
55, 5, Policies, POLICY_RATIONALISM, 189.0
55, 5, Policies, POLICY_FREE_MARKET, 54.0
55, 5, Policies, POLICY_LIBERALISM, 415.0
55, 5, Policies, POLICY_COLONIAL_TAXES, 1356.0
55, 5, Policies, POLICY_GRANDE_ARMEE, 38.0
55, 5, Policies, POLICY_SYMPHONIES, 31.0
55, 5, Policies, POLICY_ECONOMIC_UNION, 29.0
55, 5, Policies, POLICY_PRAETORIUM, 2490.0
55, 5, Policies, POLICY_CIVIL_PRESTIGE, 1809.0
55, 5, Policies, POLICY_EQUESTRIAN_ORDERS, 75.0
55, 5, Policies, POLICY_DRILL_MANUALS, 60.0
55, 5, Policies, POLICY_HARD_SHELL_EXPLOSIVES, 12.0
55, 5, Policies, POLICY_EMPIRICAL_METHOD, 249.0
55, 5, Policies, POLICY_MASTER_ARTISANS, 73.0
55, 6, Completed Civic, CIVIC_THE_ENLIGHTENMENT
55, 6, Slot Policy, POLICY_CONSCRIPTION, 243
55, 6, Slot Policy, POLICY_RAID, 2885
55, 6, Slot Policy, POLICY_CIVIL_PRESTIGE, 2626
55, 6, Slot Policy, POLICY_DIPLOMATIC_LEAGUE, 300
55, 6, Slot Policy, POLICY_PRAETORIUM, 2476
55, 6, Slot Policy, POLICY_LIBERALISM, 584
55, 6, Slot Policy, POLICY_SCRIPTURE, 467
55, 6, Civic, CIVIC_NAVAL_TRADITION, 156.6, 1
55, 6, Civic, CIVIC_EXPLORATION, 2309.7, 1
55, 6, Civic, CIVIC_REFORMED_CHURCH, 2255.0, 1
55, 6, Civic, CIVIC_MERCANTILISM, 135.8, 2
55, 6, Civic, CIVIC_COLONIALISM, 1586.4, 5
55, 6, Civic, CIVIC_CIVIL_ENGINEERING, 6335.4, 6
55, 6, Civic, CIVIC_NATIONALISM, 10564.4, 4
55, 6, Civic, CIVIC_OPERA_BALLET, 487.1, 3
55, 6, Civic, CIVIC_NATURAL_HISTORY, 1855.0, 8
55, 6, Civic, CIVIC_SCORCHED_EARTH, 9809.4, 9
55, 6, Civic, CIVIC_URBANIZATION, 14178.7, 15
55, 6, Policies, POLICY_SURVEY, 57.0
55, 6, Policies, POLICY_CARAVANSARIES, 49.0
55, 6, Policies, POLICY_CONSCRIPTION, 250.0
55, 6, Policies, POLICY_LAND_SURVEYORS, 315.0
55, 6, Policies, POLICY_COLONIZATION, 37.0
55, 6, Policies, POLICY_INSPIRATION, 50.0
55, 6, Policies, POLICY_CHARISMATIC_LEADER, 14.0
55, 6, Policies, POLICY_DIPLOMATIC_LEAGUE, 300.0
55, 6, Policies, POLICY_LITERARY_TRADITION, 50.0
55, 6, Policies, POLICY_RAID, 3134.0
55, 6, Policies, POLICY_BASTIONS, 42.0
55, 6, Policies, POLICY_LIMES, 878.0
55, 6, Policies, POLICY_NATURAL_PHILOSOPHY, 138.0
55, 6, Policies, POLICY_SCRIPTURE, 438.0
55, 6, Policies, POLICY_NAVIGATION, 31.0
55, 6, Policies, POLICY_RETAINERS, 626.0
55, 6, Policies, POLICY_TRADE_CONFEDERATION, 106.0
55, 6, Policies, POLICY_MERCHANT_CONFEDERATION, 124.0
55, 6, Policies, POLICY_AESTHETICS, 101.0
55, 6, Policies, POLICY_TOWN_CHARTERS, 38.0
55, 6, Policies, POLICY_TRAVELING_MERCHANTS, 29.0
55, 6, Policies, POLICY_COLONIAL_OFFICES, 1595.0
55, 6, Policies, POLICY_INVENTION, 87.0
55, 6, Policies, POLICY_FRESCOES, 50.0
55, 6, Policies, POLICY_RELIGIOUS_ORDERS, 310.0
55, 6, Policies, POLICY_SIMULTANEUM, 1865.0
55, 6, Policies, POLICY_LOGISTICS, 222.0
55, 6, Policies, POLICY_TRIANGULAR_TRADE, 140.0
55, 6, Policies, POLICY_RATIONALISM, 252.0
55, 6, Policies, POLICY_FREE_MARKET, 108.0
55, 6, Policies, POLICY_LIBERALISM, 746.0
55, 6, Policies, POLICY_COLONIAL_TAXES, 1579.0
55, 6, Policies, POLICY_GRAND_OPERA, 486.0
55, 6, Policies, POLICY_SYMPHONIES, 94.0
55, 6, Policies, POLICY_TOTAL_WAR, 3134.0
55, 6, Policies, POLICY_EXPROPRIATION, 352.0
55, 6, Policies, POLICY_MILITARY_RESEARCH, 924.0
55, 6, Policies, POLICY_ECONOMIC_UNION, 29.0
55, 6, Policies, POLICY_PRAETORIUM, 2543.0
55, 6, Policies, POLICY_CIVIL_PRESTIGE, 2848.0
55, 6, Policies, POLICY_EMPIRICAL_METHOD, 145.0
55, 7, Completed Civic, CIVIC_NATIONALISM
55, 7, Slot Policy, POLICY_RAID, 2885
55, 7, Slot Policy, POLICY_RETAINERS, 665
55, 7, Slot Policy, POLICY_CIVIL_PRESTIGE, 2062
55, 7, Slot Policy, POLICY_PRAETORIUM, 2310
55, 7, Slot Policy, POLICY_LOGISTICS, 303
55, 7, Slot Policy, POLICY_LIBERALISM, 587
55, 7, Civic, CIVIC_THEOLOGY, 9479.7, 1
55, 7, Civic, CIVIC_NAVAL_TRADITION, 144.6, 1
55, 7, Civic, CIVIC_MERCENARIES, 144.6, 1
55, 7, Civic, CIVIC_DIVINE_RIGHT, 2283.2, 2
55, 7, Civic, CIVIC_EXPLORATION, 2242.1, 2
55, 7, Civic, CIVIC_REFORMED_CHURCH, 3413.6, 3
55, 7, Civic, CIVIC_COLONIALISM, 1323.6, 1
55, 7, Civic, CIVIC_CIVIL_ENGINEERING, 33823.1, 2
55, 7, Civic, CIVIC_OPERA_BALLET, 1312.7, 1
55, 7, Civic, CIVIC_NATURAL_HISTORY, 1669.3, 2
55, 7, Civic, CIVIC_SCORCHED_EARTH, 2730.6, 1
55, 7, Civic, CIVIC_URBANIZATION, 36576.4, 3
55, 7, Civic, CIVIC_CONSERVATION, 1843.3, 5
55, 7, Civic, CIVIC_MASS_MEDIA, 66355.0, 8
55, 7, Civic, CIVIC_MOBILIZATION, 68917.3, 7
55, 7, Policies, POLICY_SURVEY, 84.0
55, 7, Policies, POLICY_GOD_KING, 22.0
55, 7, Policies, POLICY_CONSCRIPTION, 257.0
55, 7, Policies, POLICY_LAND_SURVEYORS, 224.0
55, 7, Policies, POLICY_COLONIZATION, 3.0
55, 7, Policies, POLICY_INSPIRATION, 58.0
55, 7, Policies, POLICY_CHARISMATIC_LEADER, 14.0
55, 7, Policies, POLICY_DIPLOMATIC_LEAGUE, 200.0
55, 7, Policies, POLICY_LITERARY_TRADITION, 50.0
55, 7, Policies, POLICY_RAID, 2961.0
55, 7, Policies, POLICY_BASTIONS, 36.0
55, 7, Policies, POLICY_LIMES, 451.0
55, 7, Policies, POLICY_NATURAL_PHILOSOPHY, 205.0
55, 7, Policies, POLICY_SCRIPTURE, 160.0
55, 7, Policies, POLICY_NAVIGATION, 31.0
55, 7, Policies, POLICY_RETAINERS, 70.0
55, 7, Policies, POLICY_PROFESSIONAL_ARMY, 191.0
55, 7, Policies, POLICY_TRADE_CONFEDERATION, 54.0
55, 7, Policies, POLICY_MERCHANT_CONFEDERATION, 87.0
55, 7, Policies, POLICY_AESTHETICS, 71.0
55, 7, Policies, POLICY_CRAFTSMEN, 42.0
55, 7, Policies, POLICY_TRAVELING_MERCHANTS, 29.0
55, 7, Policies, POLICY_COLONIAL_OFFICES, 1481.0
55, 7, Policies, POLICY_INVENTION, 59.0
55, 7, Policies, POLICY_FRESCOES, 50.0
55, 7, Policies, POLICY_MACHIAVELLIANISM, 43.0
55, 7, Policies, POLICY_WARS_OF_RELIGION, 10.0
55, 7, Policies, POLICY_RELIGIOUS_ORDERS, 360.0
55, 7, Policies, POLICY_SIMULTANEUM, 297.0
55, 7, Policies, POLICY_LOGISTICS, 282.0
55, 7, Policies, POLICY_TRIANGULAR_TRADE, 59.0
55, 7, Policies, POLICY_RATIONALISM, 270.0
55, 7, Policies, POLICY_LIBERALISM, 141.0
55, 7, Policies, POLICY_COLONIAL_TAXES, 1543.0
55, 7, Policies, POLICY_SYMPHONIES, 94.0
55, 7, Policies, POLICY_TOTAL_WAR, 2961.0
55, 7, Policies, POLICY_EXPROPRIATION, 227.0
55, 7, Policies, POLICY_MILITARY_RESEARCH, 1582.0
55, 7, Policies, POLICY_LEVEE_EN_MASSE, 515.0
55, 7, Policies, POLICY_PRAETORIUM, 2412.0
55, 7, Policies, POLICY_CIVIL_PRESTIGE, 1552.0
55, 7, Policies, POLICY_DRILL_MANUALS, 81.0
55, 7, Policies, POLICY_FORCE_MODERNIZATION, 191.0
55, 7, Policies, POLICY_EMPIRICAL_METHOD, 131.0
55, 8, Completed Civic, CIVIC_CIVIL_ENGINEERING
55, 8, Slot Policy, POLICY_RAID, 2885
55, 8, Slot Policy, POLICY_LOGISTICS, 398
55, 8, Slot Policy, POLICY_CIVIL_PRESTIGE, 1250
55, 8, Slot Policy, POLICY_PRAETORIUM, 3067
55, 8, Slot Policy, POLICY_SCRIPTURE, 644
55, 8, Civic, CIVIC_NAVAL_TRADITION, 144.6, 1
55, 8, Civic, CIVIC_MERCENARIES, 144.6, 1
55, 8, Civic, CIVIC_DIVINE_RIGHT, 1608.2, 1
55, 8, Civic, CIVIC_EXPLORATION, 2504.7, 2
55, 8, Civic, CIVIC_DIPLOMATIC_SERVICE, 532.6, 1
55, 8, Civic, CIVIC_REFORMED_CHURCH, 3302.9, 2
55, 8, Civic, CIVIC_THE_ENLIGHTENMENT, 644.1, 3
55, 8, Civic, CIVIC_COLONIALISM, 1536.5, 3
55, 8, Civic, CIVIC_NATIONALISM, 7314.7, 5
55, 8, Civic, CIVIC_OPERA_BALLET, 809.5, 5
55, 8, Civic, CIVIC_NATURAL_HISTORY, 1842.4, 5
55, 8, Civic, CIVIC_CONSERVATION, 1981.8, 11
55, 8, Policies, POLICY_SURVEY, 14.0
55, 8, Policies, POLICY_URBAN_PLANNING, 168.0
55, 8, Policies, POLICY_CONSCRIPTION, 390.0
55, 8, Policies, POLICY_LAND_SURVEYORS, 210.0
55, 8, Policies, POLICY_COLONIZATION, 22.0
55, 8, Policies, POLICY_INSPIRATION, 29.0
55, 8, Policies, POLICY_CHARISMATIC_LEADER, 14.0
55, 8, Policies, POLICY_DIPLOMATIC_LEAGUE, 200.0
55, 8, Policies, POLICY_LITERARY_TRADITION, 18.0
55, 8, Policies, POLICY_RAID, 2961.0
55, 8, Policies, POLICY_LIMES, 439.0
55, 8, Policies, POLICY_SCRIPTURE, 673.0
55, 8, Policies, POLICY_NAVIGATION, 15.0
55, 8, Policies, POLICY_RETAINERS, 290.0
55, 8, Policies, POLICY_PROFESSIONAL_ARMY, 16.0
55, 8, Policies, POLICY_TRADE_CONFEDERATION, 62.0
55, 8, Policies, POLICY_MERCHANT_CONFEDERATION, 87.0
55, 8, Policies, POLICY_AESTHETICS, 14.0
55, 8, Policies, POLICY_TRAVELING_MERCHANTS, 21.0
55, 8, Policies, POLICY_COLONIAL_OFFICES, 1761.0
55, 8, Policies, POLICY_INVENTION, 84.0
55, 8, Policies, POLICY_FRESCOES, 18.0
55, 8, Policies, POLICY_WARS_OF_RELIGION, 10.0
55, 8, Policies, POLICY_RELIGIOUS_ORDERS, 320.0
55, 8, Policies, POLICY_SIMULTANEUM, 805.0
55, 8, Policies, POLICY_LOGISTICS, 393.0
55, 8, Policies, POLICY_TRIANGULAR_TRADE, 62.0
55, 8, Policies, POLICY_RATIONALISM, 121.0
55, 8, Policies, POLICY_LIBERALISM, 304.0
55, 8, Policies, POLICY_COLONIAL_TAXES, 1837.0
55, 8, Policies, POLICY_GRAND_OPERA, 82.0
55, 8, Policies, POLICY_SYMPHONIES, 31.0
55, 8, Policies, POLICY_PRAETORIUM, 3127.0
55, 8, Policies, POLICY_CIVIL_PRESTIGE, 1169.0
55, 8, Policies, POLICY_MONASTICISM, 2635.0
55, 8, Policies, POLICY_TWILIGHT_VALOR, 570.0
55, 8, Policies, POLICY_ISOLATIONISM, 336.0
55, 8, Policies, POLICY_DRILL_MANUALS, 106.0
55, 8, Policies, POLICY_EMPIRICAL_METHOD, 72.0
55, 8, Policies, POLICY_MASTER_ARTISANS, 44.0
55, 9, Completed Civic, CIVIC_MERCANTILISM
55, 9, Slot Policy, POLICY_RAID, 3225
55, 9, Slot Policy, POLICY_LOGISTICS, 323
55, 9, Slot Policy, POLICY_CIVIL_PRESTIGE, 1004
55, 9, Slot Policy, POLICY_PRAETORIUM, 2407
55, 9, Slot Policy, POLICY_SCRIPTURE, 175
55, 9, Civic, CIVIC_NAVAL_TRADITION, 144.6, 1
55, 9, Civic, CIVIC_MERCENARIES, 144.6, 1
55, 9, Civic, CIVIC_DIVINE_RIGHT, 1976.1, 1
55, 9, Civic, CIVIC_EXPLORATION, 2298.1, 3
55, 9, Civic, CIVIC_DIPLOMATIC_SERVICE, 511.1, 2
55, 9, Civic, CIVIC_REFORMED_CHURCH, 3281.8, 3
55, 9, Civic, CIVIC_THE_ENLIGHTENMENT, 613.8, 5
55, 9, Civic, CIVIC_COLONIALISM, 1432.6, 5
55, 9, Civic, CIVIC_CIVIL_ENGINEERING, 0.0, 4
55, 9, Civic, CIVIC_NATIONALISM, 613.8, 9
55, 9, Civic, CIVIC_OPERA_BALLET, 748.0, 10
55, 9, Civic, CIVIC_NATURAL_HISTORY, 1674.4, 9
55, 9, Civic, CIVIC_CONSERVATION, 1775.3, 20
55, 9, Policies, POLICY_SURVEY, 14.0
55, 9, Policies, POLICY_URBAN_PLANNING, 147.0
55, 9, Policies, POLICY_CONSCRIPTION, 250.0
55, 9, Policies, POLICY_LAND_SURVEYORS, 63.0
55, 9, Policies, POLICY_COLONIZATION, 24.0
55, 9, Policies, POLICY_INSPIRATION, 29.0
55, 9, Policies, POLICY_CHARISMATIC_LEADER, 14.0
55, 9, Policies, POLICY_DIPLOMATIC_LEAGUE, 200.0
55, 9, Policies, POLICY_LITERARY_TRADITION, 18.0
55, 9, Policies, POLICY_RAID, 3310.0
55, 9, Policies, POLICY_BASTIONS, 36.0
55, 9, Policies, POLICY_LIMES, 112.0
55, 9, Policies, POLICY_NATURAL_PHILOSOPHY, 165.0
55, 9, Policies, POLICY_SCRIPTURE, 379.0
55, 9, Policies, POLICY_NAVIGATION, 15.0
55, 9, Policies, POLICY_FEUDAL_CONTRACT, 31.0
55, 9, Policies, POLICY_RETAINERS, 42.0
55, 9, Policies, POLICY_PROFESSIONAL_ARMY, 50.0
55, 9, Policies, POLICY_TRADE_CONFEDERATION, 61.0
55, 9, Policies, POLICY_MERCHANT_CONFEDERATION, 83.0
55, 9, Policies, POLICY_AESTHETICS, 14.0
55, 9, Policies, POLICY_CRAFTSMEN, 71.0
55, 9, Policies, POLICY_TRAVELING_MERCHANTS, 21.0
55, 9, Policies, POLICY_COLONIAL_OFFICES, 1386.0
55, 9, Policies, POLICY_INVENTION, 84.0
55, 9, Policies, POLICY_FRESCOES, 18.0
55, 9, Policies, POLICY_WARS_OF_RELIGION, 10.0
55, 9, Policies, POLICY_RELIGIOUS_ORDERS, 280.0
55, 9, Policies, POLICY_SIMULTANEUM, 208.0
55, 9, Policies, POLICY_LOGISTICS, 236.0
55, 9, Policies, POLICY_TRIANGULAR_TRADE, 65.0
55, 9, Policies, POLICY_LIBERALISM, 266.0
55, 9, Policies, POLICY_COLONIAL_TAXES, 1500.0
55, 9, Policies, POLICY_SYMPHONIES, 31.0
55, 9, Policies, POLICY_PRAETORIUM, 2402.0
55, 9, Policies, POLICY_CIVIL_PRESTIGE, 1159.0
55, 9, Policies, POLICY_DRILL_MANUALS, 35.0
55, 9, Policies, POLICY_HARD_SHELL_EXPLOSIVES, 9.0
55, 10, Civic, CIVIC_NAVAL_TRADITION, 75.3, 18
55, 10, Civic, CIVIC_MERCENARIES, 152.6, 1
55, 10, Civic, CIVIC_EXPLORATION, 296.7, 47
55, 10, Civic, CIVIC_HUMANISM, 160.8, 1
55, 10, Civic, CIVIC_DIPLOMATIC_SERVICE, 0.0, 64
55, 10, Civic, CIVIC_REFORMED_CHURCH, 96.2, 46
55, 10, Civic, CIVIC_MERCANTILISM, 296.5, 2
55, 10, Civic, CIVIC_THE_ENLIGHTENMENT, 160.8, 142
55, 10, Civic, CIVIC_COLONIALISM, 296.5, 88
55, 10, Civic, CIVIC_CIVIL_ENGINEERING, 296.5, 111
55, 10, Civic, CIVIC_NATIONALISM, 160.8, 251
55, 10, Civic, CIVIC_OPERA_BALLET, 160.8, 228
55, 10, Policies, POLICY_URBAN_PLANNING, 14.0
55, 10, Policies, POLICY_CARAVANSARIES, 14.0
55, 10, Policies, POLICY_CONSCRIPTION, 51.0
55, 10, Policies, POLICY_CHARISMATIC_LEADER, 14.0
55, 10, Policies, POLICY_BASTIONS, 6.0
55, 10, Policies, POLICY_RETAINERS, 14.0
55, 10, Policies, POLICY_TRADE_CONFEDERATION, 28.0
55, 10, Policies, POLICY_COLONIAL_OFFICES, 57.0
55, 10, Policies, POLICY_LOGISTICS, 74.0
55, 10, Policies, POLICY_TRIANGULAR_TRADE, 43.0
55, 10, Policies, POLICY_PRAETORIUM, 26.0
55, 10, Policies, POLICY_CIVIL_PRESTIGE, 98.0
55, 10, Policies, POLICY_SOVEREIGN_STATE, 80.0
55, 12, Civic, CIVIC_NAVAL_TRADITION, 79.3, 17
55, 12, Civic, CIVIC_MERCENARIES, 152.6, 1
55, 12, Civic, CIVIC_EXPLORATION, 258.5, 46
55, 12, Civic, CIVIC_HUMANISM, 160.8, 1
55, 12, Civic, CIVIC_DIPLOMATIC_SERVICE, 0.0, 63
55, 12, Civic, CIVIC_REFORMED_CHURCH, 81.7, 45
55, 12, Civic, CIVIC_MERCANTILISM, 296.5, 2
55, 12, Civic, CIVIC_THE_ENLIGHTENMENT, 160.8, 140
55, 12, Civic, CIVIC_COLONIALISM, 296.5, 87
55, 12, Civic, CIVIC_CIVIL_ENGINEERING, 296.5, 110
55, 12, Civic, CIVIC_NATIONALISM, 160.8, 248
55, 12, Civic, CIVIC_OPERA_BALLET, 160.8, 225
55, 12, Policies, POLICY_URBAN_PLANNING, 14.0
55, 12, Policies, POLICY_CARAVANSARIES, 14.0
55, 12, Policies, POLICY_CONSCRIPTION, 22.0
55, 12, Policies, POLICY_CHARISMATIC_LEADER, 14.0
55, 12, Policies, POLICY_RAID, 17.0
55, 12, Policies, POLICY_BASTIONS, 6.0
55, 12, Policies, POLICY_LIMES, 67.0
55, 12, Policies, POLICY_NATURAL_PHILOSOPHY, 28.0
55, 12, Policies, POLICY_FEUDAL_CONTRACT, 1.0
55, 12, Policies, POLICY_TRADE_CONFEDERATION, 28.0
55, 12, Policies, POLICY_COLONIAL_OFFICES, 38.0
55, 12, Policies, POLICY_LOGISTICS, 32.0
55, 12, Policies, POLICY_TRIANGULAR_TRADE, 43.0
55, 12, Policies, POLICY_PRAETORIUM, 29.0
55, 12, Policies, POLICY_CIVIL_PRESTIGE, 126.0
55, 12, Policies, POLICY_EQUESTRIAN_ORDERS, 56.0
55, 12, Policies, POLICY_HARD_SHELL_EXPLOSIVES, 1.0
55, 12, Policies, POLICY_SOVEREIGN_STATE, 80.0
55, 13, Civic, CIVIC_NAVAL_TRADITION, 83.3, 18
55, 13, Civic, CIVIC_MERCENARIES, 152.6, 1
55, 13, Civic, CIVIC_EXPLORATION, 277.7, 47
55, 13, Civic, CIVIC_HUMANISM, 160.8, 1
55, 13, Civic, CIVIC_DIPLOMATIC_SERVICE, 0.0, 64
55, 13, Civic, CIVIC_REFORMED_CHURCH, 88.2, 46
55, 13, Civic, CIVIC_MERCANTILISM, 296.5, 2
55, 13, Civic, CIVIC_THE_ENLIGHTENMENT, 160.8, 142
55, 13, Civic, CIVIC_COLONIALISM, 296.5, 88
55, 13, Civic, CIVIC_CIVIL_ENGINEERING, 296.5, 111
55, 13, Civic, CIVIC_NATIONALISM, 160.8, 251
55, 13, Civic, CIVIC_OPERA_BALLET, 160.8, 228
55, 13, Policies, POLICY_URBAN_PLANNING, 14.0
55, 13, Policies, POLICY_CARAVANSARIES, 14.0
55, 13, Policies, POLICY_CONSCRIPTION, 36.0
55, 13, Policies, POLICY_CHARISMATIC_LEADER, 14.0
55, 13, Policies, POLICY_BASTIONS, 6.0
55, 13, Policies, POLICY_LIMES, 48.0
55, 13, Policies, POLICY_NAVAL_INFRASTRUCTURE, 28.0
55, 13, Policies, POLICY_RETAINERS, 88.0
55, 13, Policies, POLICY_TRADE_CONFEDERATION, 28.0
55, 13, Policies, POLICY_COLONIAL_OFFICES, 46.0
55, 13, Policies, POLICY_LOGISTICS, 42.0
55, 13, Policies, POLICY_TRIANGULAR_TRADE, 43.0
55, 13, Policies, POLICY_PRAETORIUM, 23.0
55, 13, Policies, POLICY_CIVIL_PRESTIGE, 172.0
55, 13, Policies, POLICY_SOVEREIGN_STATE, 80.0
55, 14, Civic, CIVIC_NAVAL_TRADITION, 83.3, 18
55, 14, Civic, CIVIC_MERCENARIES, 182.6, 1
55, 14, Civic, CIVIC_EXPLORATION, 277.6, 47
55, 14, Civic, CIVIC_HUMANISM, 160.8, 1
55, 14, Civic, CIVIC_DIPLOMATIC_SERVICE, 0.0, 64
55, 14, Civic, CIVIC_REFORMED_CHURCH, 91.4, 46
55, 14, Civic, CIVIC_MERCANTILISM, 296.5, 2
55, 14, Civic, CIVIC_THE_ENLIGHTENMENT, 160.8, 142
55, 14, Civic, CIVIC_COLONIALISM, 296.5, 88
55, 14, Civic, CIVIC_CIVIL_ENGINEERING, 296.5, 111
55, 14, Civic, CIVIC_NATIONALISM, 160.8, 251
55, 14, Civic, CIVIC_OPERA_BALLET, 160.8, 228
55, 14, Policies, POLICY_URBAN_PLANNING, 14.0
55, 14, Policies, POLICY_CARAVANSARIES, 29.0
55, 14, Policies, POLICY_CONSCRIPTION, 14.0
55, 14, Policies, POLICY_CHARISMATIC_LEADER, 14.0
55, 14, Policies, POLICY_BASTIONS, 6.0
55, 14, Policies, POLICY_LIMES, 12.0
55, 14, Policies, POLICY_NAVAL_INFRASTRUCTURE, 28.0
55, 14, Policies, POLICY_FEUDAL_CONTRACT, 1.0
55, 14, Policies, POLICY_RETAINERS, 14.0
55, 14, Policies, POLICY_TRADE_CONFEDERATION, 58.0
55, 14, Policies, POLICY_TOWN_CHARTERS, 14.0
55, 14, Policies, POLICY_COLONIAL_OFFICES, 37.0
55, 14, Policies, POLICY_WARS_OF_RELIGION, 10.0
55, 14, Policies, POLICY_RELIGIOUS_ORDERS, 20.0
55, 14, Policies, POLICY_LOGISTICS, 22.0
55, 14, Policies, POLICY_TRIANGULAR_TRADE, 87.0
55, 14, Policies, POLICY_PRAETORIUM, 26.0
55, 14, Policies, POLICY_CIVIL_PRESTIGE, 45.0
55, 14, Policies, POLICY_SOVEREIGN_STATE, 80.0
55, 15, Civic, CIVIC_NAVAL_TRADITION, 79.3, 17
55, 15, Civic, CIVIC_MERCENARIES, 152.6, 1
55, 15, Civic, CIVIC_EXPLORATION, 259.7, 45
55, 15, Civic, CIVIC_HUMANISM, 160.8, 1
55, 15, Civic, CIVIC_DIPLOMATIC_SERVICE, 0.0, 60
55, 15, Civic, CIVIC_REFORMED_CHURCH, 74.4, 44
55, 15, Civic, CIVIC_MERCANTILISM, 296.5, 2
55, 15, Civic, CIVIC_THE_ENLIGHTENMENT, 160.8, 134
55, 15, Civic, CIVIC_COLONIALISM, 296.5, 83
55, 15, Civic, CIVIC_CIVIL_ENGINEERING, 296.5, 106
55, 15, Civic, CIVIC_NATIONALISM, 160.8, 238
55, 15, Civic, CIVIC_OPERA_BALLET, 160.8, 215
55, 15, Policies, POLICY_URBAN_PLANNING, 14.0
55, 15, Policies, POLICY_CARAVANSARIES, 14.0
55, 15, Policies, POLICY_CONSCRIPTION, 51.0
55, 15, Policies, POLICY_CHARISMATIC_LEADER, 14.0
55, 15, Policies, POLICY_BASTIONS, 6.0
55, 15, Policies, POLICY_RETAINERS, 14.0
55, 15, Policies, POLICY_TRADE_CONFEDERATION, 28.0
55, 15, Policies, POLICY_COLONIAL_OFFICES, 47.0
55, 15, Policies, POLICY_LOGISTICS, 71.0
55, 15, Policies, POLICY_TRIANGULAR_TRADE, 43.0
55, 15, Policies, POLICY_PRAETORIUM, 29.0
55, 15, Policies, POLICY_CIVIL_PRESTIGE, 98.0
55, 15, Policies, POLICY_EQUESTRIAN_ORDERS, 18.0
55, 15, Policies, POLICY_SOVEREIGN_STATE, 80.0
55, 17, Civic, CIVIC_NAVAL_TRADITION, 62.0, 23
55, 17, Civic, CIVIC_DIVINE_RIGHT, 335.1, 1
55, 17, Civic, CIVIC_EXPLORATION, 128.9, 41
55, 17, Civic, CIVIC_HUMANISM, 160.8, 1
55, 17, Civic, CIVIC_DIPLOMATIC_SERVICE, 0.0, 75
55, 17, Civic, CIVIC_REFORMED_CHURCH, 335.1, 56
55, 17, Civic, CIVIC_MERCANTILISM, 296.5, 2
55, 17, Civic, CIVIC_THE_ENLIGHTENMENT, 160.8, 165
55, 17, Civic, CIVIC_COLONIALISM, 296.5, 101
55, 17, Civic, CIVIC_CIVIL_ENGINEERING, 296.5, 127
55, 17, Civic, CIVIC_NATIONALISM, 160.8, 290
55, 17, Civic, CIVIC_OPERA_BALLET, 160.8, 264
55, 17, Policies, POLICY_SURVEY, 7.0
55, 17, Policies, POLICY_URBAN_PLANNING, 14.0
55, 17, Policies, POLICY_CARAVANSARIES, 14.0
55, 17, Policies, POLICY_CONSCRIPTION, 44.0
55, 17, Policies, POLICY_CHARISMATIC_LEADER, 14.0
55, 17, Policies, POLICY_RAID, 10.0
55, 17, Policies, POLICY_BASTIONS, 6.0
55, 17, Policies, POLICY_LIMES, 21.0
55, 17, Policies, POLICY_TRADE_CONFEDERATION, 28.0
55, 17, Policies, POLICY_COLONIAL_OFFICES, 54.0
55, 17, Policies, POLICY_LOGISTICS, 77.0
55, 17, Policies, POLICY_TRIANGULAR_TRADE, 43.0
55, 17, Policies, POLICY_PRAETORIUM, 29.0
55, 17, Policies, POLICY_CIVIL_PRESTIGE, 119.0
55, 17, Policies, POLICY_EQUESTRIAN_ORDERS, 56.0
55, 17, Policies, POLICY_SOVEREIGN_STATE, 80.0
55, 20, Civic, CIVIC_NAVAL_TRADITION, 84.7, 15
55, 20, Civic, CIVIC_MERCENARIES, 152.6, 1
55, 20, Civic, CIVIC_EXPLORATION, 261.8, 40
55, 20, Civic, CIVIC_HUMANISM, 160.8, 1
55, 20, Civic, CIVIC_DIPLOMATIC_SERVICE, 0.0, 54
55, 20, Civic, CIVIC_REFORMED_CHURCH, 85.3, 39
55, 20, Civic, CIVIC_MERCANTILISM, 296.5, 2
55, 20, Civic, CIVIC_THE_ENLIGHTENMENT, 160.8, 121
55, 20, Civic, CIVIC_COLONIALISM, 296.5, 75
55, 20, Civic, CIVIC_CIVIL_ENGINEERING, 296.5, 95
55, 20, Civic, CIVIC_NATIONALISM, 160.8, 214
55, 20, Civic, CIVIC_OPERA_BALLET, 160.8, 194
55, 20, Policies, POLICY_URBAN_PLANNING, 14.0
55, 20, Policies, POLICY_CARAVANSARIES, 14.0
55, 20, Policies, POLICY_CONSCRIPTION, 51.0
55, 20, Policies, POLICY_CHARISMATIC_LEADER, 14.0
55, 20, Policies, POLICY_BASTIONS, 6.0
55, 20, Policies, POLICY_LIMES, 52.0
55, 20, Policies, POLICY_RETAINERS, 81.0
55, 20, Policies, POLICY_TRADE_CONFEDERATION, 28.0
55, 20, Policies, POLICY_COLONIAL_OFFICES, 39.0
55, 20, Policies, POLICY_LOGISTICS, 70.0
55, 20, Policies, POLICY_TRIANGULAR_TRADE, 43.0
55, 20, Policies, POLICY_PRAETORIUM, 20.0
55, 20, Policies, POLICY_CIVIL_PRESTIGE, 130.0
55, 20, Policies, POLICY_SOVEREIGN_STATE, 80.0
55, 21, Civic, CIVIC_NAVAL_TRADITION, 71.1, 20
55, 21, Civic, CIVIC_MERCENARIES, 152.6, 1
55, 21, Civic, CIVIC_EXPLORATION, 152.6, 53
55, 21, Civic, CIVIC_HUMANISM, 160.8, 1
55, 21, Civic, CIVIC_DIPLOMATIC_SERVICE, 0.0, 71
55, 21, Civic, CIVIC_REFORMED_CHURCH, 0.0, 52
55, 21, Civic, CIVIC_MERCANTILISM, 296.5, 2
55, 21, Civic, CIVIC_THE_ENLIGHTENMENT, 160.8, 158
55, 21, Civic, CIVIC_COLONIALISM, 296.5, 98
55, 21, Civic, CIVIC_CIVIL_ENGINEERING, 296.5, 124
55, 21, Civic, CIVIC_NATIONALISM, 160.8, 280
55, 21, Civic, CIVIC_OPERA_BALLET, 160.8, 254
55, 21, Policies, POLICY_URBAN_PLANNING, 14.0
55, 21, Policies, POLICY_CARAVANSARIES, 14.0
55, 21, Policies, POLICY_CONSCRIPTION, 66.0
55, 21, Policies, POLICY_CHARISMATIC_LEADER, 14.0
55, 21, Policies, POLICY_BASTIONS, 6.0
55, 21, Policies, POLICY_LIMES, 21.0
55, 21, Policies, POLICY_TRADE_CONFEDERATION, 28.0
55, 21, Policies, POLICY_LOGISTICS, 86.0
55, 21, Policies, POLICY_TRIANGULAR_TRADE, 43.0
55, 21, Policies, POLICY_PRAETORIUM, 29.0
55, 21, Policies, POLICY_CIVIL_PRESTIGE, 155.0
55, 21, Policies, POLICY_EQUESTRIAN_ORDERS, 48.0
55, 21, Policies, POLICY_SOVEREIGN_STATE, 80.0
55, 62, Civic, CIVIC_MILITARY_TRADITION, 96.1, 20
55, 62, Civic, CIVIC_STATE_WORKFORCE, 79.3, 28
55, 62, Civic, CIVIC_MYSTICISM, 130.4, 20
55, 62, Civic, CIVIC_GAMES_RECREATION, 79.3, 72
55, 62, Civic, CIVIC_POLITICAL_PHILOSOPHY, 79.3, 72
55, 62, Civic, CIVIC_DRAMA_POETRY, 26.3, 44
55, 62, Civic, CIVIC_MILITARY_TRAINING, 175.4, 140
55, 62, Civic, CIVIC_DEFENSIVE_TACTICS, 79.3, 186
55, 62, Civic, CIVIC_RECORDED_HISTORY, 105.6, 186
55, 62, Civic, CIVIC_THEOLOGY, 156.7, 112
55, 62, Policies, POLICY_CARAVANSARIES, 14.0
55, 0, Civic, CIVIC_NAVAL_TRADITION, 178.6, 1
55, 0, Civic, CIVIC_DIPLOMATIC_SERVICE, 511.1, 2
55, 0, Civic, CIVIC_REFORMED_CHURCH, 746.9, 2
55, 0, Civic, CIVIC_MERCANTILISM, 536.8, 2
55, 0, Civic, CIVIC_THE_ENLIGHTENMENT, 899.8, 5
55, 0, Civic, CIVIC_COLONIALISM, 1802.8, 6
55, 0, Civic, CIVIC_CIVIL_ENGINEERING, 3047600.0, 7
55, 0, Civic, CIVIC_NATIONALISM, 2958811.0, 8
55, 0, Civic, CIVIC_OPERA_BALLET, 1068.9, 9
55, 0, Civic, CIVIC_NATURAL_HISTORY, 3060.3, 11
55, 0, Policies, POLICY_SURVEY, 15.0
55, 0, Policies, POLICY_URBAN_PLANNING, 192.0
55, 0, Policies, POLICY_CARAVANSARIES, 174.0
55, 0, Policies, POLICY_CONSCRIPTION, 51.0
55, 0, Policies, POLICY_LAND_SURVEYORS, 224.0
55, 0, Policies, POLICY_COLONIZATION, 125.0
55, 0, Policies, POLICY_INSPIRATION, 34.0
55, 0, Policies, POLICY_CHARISMATIC_LEADER, 14.0
55, 0, Policies, POLICY_DIPLOMATIC_LEAGUE, 300.0
55, 0, Policies, POLICY_LITERARY_TRADITION, 17.0
55, 0, Policies, POLICY_RAID, 3061.0
55, 0, Policies, POLICY_LIMES, 995.0
55, 0, Policies, POLICY_NATURAL_PHILOSOPHY, 346.0
55, 0, Policies, POLICY_NAVAL_INFRASTRUCTURE, 42.0
55, 0, Policies, POLICY_NAVIGATION, 31.0
55, 0, Policies, POLICY_FEUDAL_CONTRACT, 41.0
55, 0, Policies, POLICY_RETAINERS, 42.0
55, 0, Policies, POLICY_PROFESSIONAL_ARMY, 39.0
55, 0, Policies, POLICY_TRADE_CONFEDERATION, 324.0
55, 0, Policies, POLICY_MERCHANT_CONFEDERATION, 149.0
55, 0, Policies, POLICY_TOWN_CHARTERS, 288.0
55, 0, Policies, POLICY_TRAVELING_MERCHANTS, 28.0
55, 0, Policies, POLICY_PRESS_GANGS, 46.0
55, 0, Policies, POLICY_COLONIAL_OFFICES, 788.0
55, 0, Policies, POLICY_INVENTION, 43.0
55, 0, Policies, POLICY_FRESCOES, 17.0
55, 0, Policies, POLICY_WARS_OF_RELIGION, 1.0
55, 0, Policies, POLICY_RELIGIOUS_ORDERS, 54.0
55, 0, Policies, POLICY_LOGISTICS, 48.0
55, 0, Policies, POLICY_TRIANGULAR_TRADE, 421.0
55, 0, Policies, POLICY_RATIONALISM, 262.0
55, 0, Policies, POLICY_FREE_MARKET, 306.0
55, 0, Policies, POLICY_LIBERALISM, 174.0
55, 0, Policies, POLICY_COLONIAL_TAXES, 1224.0
55, 0, Policies, POLICY_PUBLIC_WORKS, 10.0
55, 0, Policies, POLICY_GRANDE_ARMEE, 41.0
55, 0, Policies, POLICY_NATIONAL_IDENTITY, 5.0
55, 0, Policies, POLICY_SYMPHONIES, 31.0
55, 0, Policies, POLICY_ECONOMIC_UNION, 328.0
55, 0, Policies, POLICY_PRAETORIUM, 1183.0
55, 0, Policies, POLICY_CIVIL_PRESTIGE, 668.0
55, 0, Policies, POLICY_DRILL_MANUALS, 60.0
55, 0, Policies, POLICY_EMPIRICAL_METHOD, 380.0
55, 1, Civic, CIVIC_THEOLOGY, 186.7, 1
55, 1, Civic, CIVIC_NAVAL_TRADITION, 239.6, 1
55, 1, Civic, CIVIC_DIVINE_RIGHT, 1049.2, 2
55, 1, Civic, CIVIC_REFORMED_CHURCH, 1654.7, 3
55, 1, Civic, CIVIC_COLONIALISM, 1789.5, 2
55, 1, Civic, CIVIC_CIVIL_ENGINEERING, 2482637.8, 2
55, 1, Civic, CIVIC_OPERA_BALLET, 277.8, 2
55, 1, Civic, CIVIC_NATURAL_HISTORY, 2128.8, 5
55, 1, Civic, CIVIC_SCORCHED_EARTH, 3118.9, 4
55, 1, Civic, CIVIC_URBANIZATION, 2484584.3, 6
55, 1, Civic, CIVIC_CONSERVATION, 2301.6, 10
55, 1, Civic, CIVIC_MASS_MEDIA, 4069144.8, 16
55, 1, Civic, CIVIC_MOBILIZATION, 4122322.0, 15
55, 1, Policies, POLICY_SURVEY, 15.0
55, 1, Policies, POLICY_GOD_KING, 22.0
55, 1, Policies, POLICY_CONSCRIPTION, 14.0
55, 1, Policies, POLICY_LAND_SURVEYORS, 228.0
55, 1, Policies, POLICY_COLONIZATION, 143.0
55, 1, Policies, POLICY_INSPIRATION, 58.0
55, 1, Policies, POLICY_CHARISMATIC_LEADER, 14.0
55, 1, Policies, POLICY_DIPLOMATIC_LEAGUE, 300.0
55, 1, Policies, POLICY_LITERARY_TRADITION, 34.0
55, 1, Policies, POLICY_RAID, 3061.0
55, 1, Policies, POLICY_LIMES, 1139.0
55, 1, Policies, POLICY_NATURAL_PHILOSOPHY, 341.0
55, 1, Policies, POLICY_NAVAL_INFRASTRUCTURE, 103.0
55, 1, Policies, POLICY_NAVIGATION, 47.0
55, 1, Policies, POLICY_RETAINERS, 70.0
55, 1, Policies, POLICY_PROFESSIONAL_ARMY, 44.0
55, 1, Policies, POLICY_TRADE_CONFEDERATION, 488.0
55, 1, Policies, POLICY_MERCHANT_CONFEDERATION, 249.0
55, 1, Policies, POLICY_AESTHETICS, 102.0
55, 1, Policies, POLICY_CRAFTSMEN, 116.0
55, 1, Policies, POLICY_TOWN_CHARTERS, 318.0
55, 1, Policies, POLICY_TRAVELING_MERCHANTS, 43.0
55, 1, Policies, POLICY_COLONIAL_OFFICES, 1077.0
55, 1, Policies, POLICY_INVENTION, 130.0
55, 1, Policies, POLICY_FRESCOES, 34.0
55, 1, Policies, POLICY_MACHIAVELLIANISM, 137.0
55, 1, Policies, POLICY_LOGISTICS, 7.0
55, 1, Policies, POLICY_TRIANGULAR_TRADE, 601.0
55, 1, Policies, POLICY_RATIONALISM, 675.0
55, 1, Policies, POLICY_FREE_MARKET, 162.0
55, 1, Policies, POLICY_LIBERALISM, 126.0
55, 1, Policies, POLICY_COLONIAL_TAXES, 1769.0
55, 1, Policies, POLICY_PUBLIC_WORKS, 26.0
55, 1, Policies, POLICY_NATIONAL_IDENTITY, 1.0
55, 1, Policies, POLICY_GRAND_OPERA, 98.0
55, 1, Policies, POLICY_SYMPHONIES, 62.0
55, 1, Policies, POLICY_TOTAL_WAR, 3061.0
55, 1, Policies, POLICY_EXPROPRIATION, 371.0
55, 1, Policies, POLICY_MILITARY_RESEARCH, 1620.0
55, 1, Policies, POLICY_LEVEE_EN_MASSE, 14.0
55, 1, Policies, POLICY_ECONOMIC_UNION, 416.0
55, 1, Policies, POLICY_PRAETORIUM, 1605.0
55, 1, Policies, POLICY_CIVIL_PRESTIGE, 1514.0
55, 1, Policies, POLICY_WISSELBANKEN, 282.0
55, 1, Policies, POLICY_EQUESTRIAN_ORDERS, 99.0
55, 1, Policies, POLICY_FORCE_MODERNIZATION, 44.0
55, 1, Policies, POLICY_EMPIRICAL_METHOD, 322.0
55, 1, Policies, POLICY_MASTER_ARTISANS, 132.0
55, 2, Civic, CIVIC_NAVAL_TRADITION, 177.6, 1
55, 2, Civic, CIVIC_DIPLOMATIC_SERVICE, 629.1, 2
55, 2, Civic, CIVIC_MERCANTILISM, 384.7, 1
55, 2, Civic, CIVIC_THE_ENLIGHTENMENT, 885.8, 5
55, 2, Civic, CIVIC_COLONIALISM, 1401.3, 5
55, 2, Civic, CIVIC_CIVIL_ENGINEERING, 1785335.4, 6
55, 2, Civic, CIVIC_NATIONALISM, 1676199.1, 8
55, 2, Civic, CIVIC_OPERA_BALLET, 1054.9, 9
55, 2, Civic, CIVIC_NATURAL_HISTORY, 1638.7, 11
55, 2, Policies, POLICY_SURVEY, 37.0
55, 2, Policies, POLICY_URBAN_PLANNING, 126.0
55, 2, Policies, POLICY_CARAVANSARIES, 82.0
55, 2, Policies, POLICY_CONSCRIPTION, 103.0
55, 2, Policies, POLICY_LAND_SURVEYORS, 180.0
55, 2, Policies, POLICY_COLONIZATION, 89.0
55, 2, Policies, POLICY_INSPIRATION, 15.0
55, 2, Policies, POLICY_CHARISMATIC_LEADER, 14.0
55, 2, Policies, POLICY_DIPLOMATIC_LEAGUE, 300.0
55, 2, Policies, POLICY_LITERARY_TRADITION, 15.0
55, 2, Policies, POLICY_RAID, 2525.0
55, 2, Policies, POLICY_LIMES, 818.0
55, 2, Policies, POLICY_NATURAL_PHILOSOPHY, 102.0
55, 2, Policies, POLICY_SCRIPTURE, 466.0
55, 2, Policies, POLICY_NAVAL_INFRASTRUCTURE, 41.0
55, 2, Policies, POLICY_NAVIGATION, 31.0
55, 2, Policies, POLICY_FEUDAL_CONTRACT, 8.0
55, 2, Policies, POLICY_RETAINERS, 42.0
55, 2, Policies, POLICY_PROFESSIONAL_ARMY, 96.0
55, 2, Policies, POLICY_TRADE_CONFEDERATION, 152.0
55, 2, Policies, POLICY_MERCHANT_CONFEDERATION, 102.0
55, 2, Policies, POLICY_TOWN_CHARTERS, 107.0
55, 2, Policies, POLICY_TRAVELING_MERCHANTS, 18.0
55, 2, Policies, POLICY_PRESS_GANGS, 11.0
55, 2, Policies, POLICY_COLONIAL_OFFICES, 579.0
55, 2, Policies, POLICY_INVENTION, 31.0
55, 2, Policies, POLICY_FRESCOES, 15.0
55, 2, Policies, POLICY_WARS_OF_RELIGION, 10.0
55, 2, Policies, POLICY_RELIGIOUS_ORDERS, 105.0
55, 2, Policies, POLICY_SIMULTANEUM, 879.0
55, 2, Policies, POLICY_LOGISTICS, 79.0
55, 2, Policies, POLICY_TRIANGULAR_TRADE, 264.0
55, 2, Policies, POLICY_RATIONALISM, 180.0
55, 2, Policies, POLICY_FREE_MARKET, 135.0
55, 2, Policies, POLICY_LIBERALISM, 84.0
55, 2, Policies, POLICY_COLONIAL_TAXES, 922.0
55, 2, Policies, POLICY_PUBLIC_WORKS, 21.0
55, 2, Policies, POLICY_GRANDE_ARMEE, 8.0
55, 2, Policies, POLICY_SYMPHONIES, 31.0
55, 2, Policies, POLICY_ECONOMIC_UNION, 138.0
55, 2, Policies, POLICY_PRAETORIUM, 744.0
55, 2, Policies, POLICY_CIVIL_PRESTIGE, 751.0
55, 2, Policies, POLICY_WISSELBANKEN, 207.0
55, 2, Policies, POLICY_EQUESTRIAN_ORDERS, 25.0
55, 2, Policies, POLICY_EMPIRICAL_METHOD, 116.0
55, 3, Civic, CIVIC_NAVAL_TRADITION, 156.6, 1
55, 3, Civic, CIVIC_HUMANISM, 177.8, 1
55, 3, Civic, CIVIC_MERCANTILISM, 1125.5, 3
55, 3, Civic, CIVIC_THE_ENLIGHTENMENT, 1204.2, 3
55, 3, Civic, CIVIC_COLONIALISM, 2704.6, 6
55, 3, Civic, CIVIC_CIVIL_ENGINEERING, 1125.5, 7
55, 3, Civic, CIVIC_NATIONALISM, 1204.2, 6
55, 3, Civic, CIVIC_OPERA_BALLET, 1389.9, 6
55, 3, Policies, POLICY_SURVEY, 37.0
55, 3, Policies, POLICY_URBAN_PLANNING, 198.0
55, 3, Policies, POLICY_CARAVANSARIES, 294.0
55, 3, Policies, POLICY_LAND_SURVEYORS, 389.0
55, 3, Policies, POLICY_COLONIZATION, 265.0
55, 3, Policies, POLICY_INSPIRATION, 20.0
55, 3, Policies, POLICY_CHARISMATIC_LEADER, 14.0
55, 3, Policies, POLICY_DIPLOMATIC_LEAGUE, 300.0
55, 3, Policies, POLICY_LITERARY_TRADITION, 17.0
55, 3, Policies, POLICY_RAID, 3604.0
55, 3, Policies, POLICY_LIMES, 1620.0
55, 3, Policies, POLICY_NATURAL_PHILOSOPHY, 102.0
55, 3, Policies, POLICY_SCRIPTURE, 1997.0
55, 3, Policies, POLICY_NAVAL_INFRASTRUCTURE, 3.0
55, 3, Policies, POLICY_NAVIGATION, 15.0
55, 3, Policies, POLICY_RETAINERS, 42.0
55, 3, Policies, POLICY_TRADE_CONFEDERATION, 384.0
55, 3, Policies, POLICY_MERCHANT_CONFEDERATION, 161.0
55, 3, Policies, POLICY_TOWN_CHARTERS, 232.0
55, 3, Policies, POLICY_TRAVELING_MERCHANTS, 21.0
55, 3, Policies, POLICY_PRESS_GANGS, 107.0
55, 3, Policies, POLICY_COLONIAL_OFFICES, 671.0
55, 3, Policies, POLICY_INVENTION, 37.0
55, 3, Policies, POLICY_FRESCOES, 17.0
55, 3, Policies, POLICY_MACHIAVELLIANISM, 212.0
55, 3, Policies, POLICY_SIMULTANEUM, 2892.0
55, 3, Policies, POLICY_LOGISTICS, 1.0
55, 3, Policies, POLICY_TRIANGULAR_TRADE, 838.0
55, 3, Policies, POLICY_RATIONALISM, 98.0
55, 3, Policies, POLICY_FREE_MARKET, 455.0
55, 3, Policies, POLICY_LIBERALISM, 577.0
55, 3, Policies, POLICY_COLONIAL_TAXES, 1512.0
55, 3, Policies, POLICY_SYMPHONIES, 31.0
55, 3, Policies, POLICY_PRAETORIUM, 812.0
55, 3, Policies, POLICY_CIVIL_PRESTIGE, 1226.0
55, 3, Policies, POLICY_EQUESTRIAN_ORDERS, 93.0
55, 4, Civic, CIVIC_NAVAL_TRADITION, 167.6, 1
55, 4, Civic, CIVIC_EXPLORATION, 1912.7, 1
55, 4, Civic, CIVIC_REFORMED_CHURCH, 869.5, 1
55, 4, Civic, CIVIC_COLONIALISM, 1746.5, 2
55, 4, Civic, CIVIC_OPERA_BALLET, 320.7, 1
55, 4, Civic, CIVIC_NATURAL_HISTORY, 2083.7, 4
55, 4, Civic, CIVIC_SCORCHED_EARTH, 3384.5, 3
55, 4, Civic, CIVIC_URBANIZATION, 1941.8, 3
55, 4, Civic, CIVIC_CONSERVATION, 2268.3, 8
55, 4, Civic, CIVIC_MASS_MEDIA, 39437.2, 11
55, 4, Civic, CIVIC_MOBILIZATION, 43314.2, 10
55, 4, Policies, POLICY_SURVEY, 23.0
55, 4, Policies, POLICY_CONSCRIPTION, 66.0
55, 4, Policies, POLICY_LAND_SURVEYORS, 300.0
55, 4, Policies, POLICY_COLONIZATION, 169.0
55, 4, Policies, POLICY_INSPIRATION, 64.0
55, 4, Policies, POLICY_CHARISMATIC_LEADER, 14.0
55, 4, Policies, POLICY_DIPLOMATIC_LEAGUE, 300.0
55, 4, Policies, POLICY_LITERARY_TRADITION, 26.0
55, 4, Policies, POLICY_RAID, 3328.0
55, 4, Policies, POLICY_LIMES, 815.0
55, 4, Policies, POLICY_NAVIGATION, 31.0
55, 4, Policies, POLICY_RETAINERS, 42.0
55, 4, Policies, POLICY_PROFESSIONAL_ARMY, 43.0
55, 4, Policies, POLICY_TRADE_CONFEDERATION, 400.0
55, 4, Policies, POLICY_MERCHANT_CONFEDERATION, 230.0
55, 4, Policies, POLICY_AESTHETICS, 58.0
55, 4, Policies, POLICY_TRAVELING_MERCHANTS, 28.0
55, 4, Policies, POLICY_CHIVALRY, 103.0
55, 4, Policies, POLICY_COLONIAL_OFFICES, 904.0
55, 4, Policies, POLICY_INVENTION, 100.0
55, 4, Policies, POLICY_FRESCOES, 52.0
55, 4, Policies, POLICY_MACHIAVELLIANISM, 158.0
55, 4, Policies, POLICY_RELIGIOUS_ORDERS, 100.0
55, 4, Policies, POLICY_LOGISTICS, 76.0
55, 4, Policies, POLICY_TRIANGULAR_TRADE, 468.0
55, 4, Policies, POLICY_RATIONALISM, 626.0
55, 4, Policies, POLICY_FREE_MARKET, 180.0
55, 4, Policies, POLICY_LIBERALISM, 290.0
55, 4, Policies, POLICY_COLONIAL_TAXES, 1471.0
55, 4, Policies, POLICY_PUBLIC_WORKS, 38.0
55, 4, Policies, POLICY_GRANDE_ARMEE, 102.0
55, 4, Policies, POLICY_NATIONAL_IDENTITY, 16.0
55, 4, Policies, POLICY_GRAND_OPERA, 130.0
55, 4, Policies, POLICY_SYMPHONIES, 47.0
55, 4, Policies, POLICY_TOTAL_WAR, 3328.0
55, 4, Policies, POLICY_EXPROPRIATION, 469.0
55, 4, Policies, POLICY_MILITARY_RESEARCH, 1815.0
55, 4, Policies, POLICY_PROPAGANDA, 73.0
55, 4, Policies, POLICY_LEVEE_EN_MASSE, 132.0
55, 4, Policies, POLICY_ECONOMIC_UNION, 196.0
55, 4, Policies, POLICY_MILITARY_FIRST, 102.0
55, 4, Policies, POLICY_PRAETORIUM, 1341.0
55, 4, Policies, POLICY_CIVIL_PRESTIGE, 448.0
55, 4, Policies, POLICY_FORCE_MODERNIZATION, 43.0
55, 4, Policies, POLICY_EMPIRICAL_METHOD, 364.0
55, 4, Policies, POLICY_MASTER_ARTISANS, 174.0
55, 3, Civic, CIVIC_NAVAL_TRADITION, 156.6, 1
55, 3, Civic, CIVIC_HUMANISM, 177.8, 1
55, 3, Civic, CIVIC_MERCANTILISM, 1125.5, 3
55, 3, Civic, CIVIC_THE_ENLIGHTENMENT, 1204.2, 3
55, 3, Civic, CIVIC_COLONIALISM, 2704.6, 6
55, 3, Civic, CIVIC_CIVIL_ENGINEERING, 1125.5, 7
55, 3, Civic, CIVIC_NATIONALISM, 1204.2, 6
55, 3, Civic, CIVIC_OPERA_BALLET, 1389.9, 6
55, 3, Policies, POLICY_SURVEY, 37.0
55, 3, Policies, POLICY_URBAN_PLANNING, 198.0
55, 3, Policies, POLICY_CARAVANSARIES, 294.0
55, 3, Policies, POLICY_LAND_SURVEYORS, 389.0
55, 3, Policies, POLICY_COLONIZATION, 265.0
55, 3, Policies, POLICY_INSPIRATION, 20.0
55, 3, Policies, POLICY_CHARISMATIC_LEADER, 14.0
55, 3, Policies, POLICY_DIPLOMATIC_LEAGUE, 300.0
55, 3, Policies, POLICY_LITERARY_TRADITION, 17.0
55, 3, Policies, POLICY_RAID, 3604.0
55, 3, Policies, POLICY_LIMES, 1620.0
55, 3, Policies, POLICY_NATURAL_PHILOSOPHY, 102.0
55, 3, Policies, POLICY_SCRIPTURE, 1997.0
55, 3, Policies, POLICY_NAVAL_INFRASTRUCTURE, 3.0
55, 3, Policies, POLICY_NAVIGATION, 15.0
55, 3, Policies, POLICY_RETAINERS, 42.0
55, 3, Policies, POLICY_TRADE_CONFEDERATION, 384.0
55, 3, Policies, POLICY_MERCHANT_CONFEDERATION, 161.0
55, 3, Policies, POLICY_TOWN_CHARTERS, 232.0
55, 3, Policies, POLICY_TRAVELING_MERCHANTS, 21.0
55, 3, Policies, POLICY_PRESS_GANGS, 107.0
55, 3, Policies, POLICY_COLONIAL_OFFICES, 671.0
55, 3, Policies, POLICY_INVENTION, 37.0
55, 3, Policies, POLICY_FRESCOES, 17.0
55, 3, Policies, POLICY_MACHIAVELLIANISM, 212.0
55, 3, Policies, POLICY_SIMULTANEUM, 2892.0
55, 3, Policies, POLICY_LOGISTICS, 1.0
55, 3, Policies, POLICY_TRIANGULAR_TRADE, 838.0
55, 3, Policies, POLICY_RATIONALISM, 98.0
55, 3, Policies, POLICY_FREE_MARKET, 455.0
55, 3, Policies, POLICY_LIBERALISM, 577.0
55, 3, Policies, POLICY_COLONIAL_TAXES, 1512.0
55, 3, Policies, POLICY_SYMPHONIES, 31.0
55, 3, Policies, POLICY_PRAETORIUM, 812.0
55, 3, Policies, POLICY_CIVIL_PRESTIGE, 1226.0
55, 3, Policies, POLICY_EQUESTRIAN_ORDERS, 93.0
55, 3, Civic, CIVIC_NAVAL_TRADITION, 156.6, 1
55, 3, Civic, CIVIC_HUMANISM, 177.8, 1
55, 3, Civic, CIVIC_MERCANTILISM, 1125.5, 3
55, 3, Civic, CIVIC_THE_ENLIGHTENMENT, 1204.2, 3
55, 3, Civic, CIVIC_COLONIALISM, 2704.6, 6
55, 3, Civic, CIVIC_CIVIL_ENGINEERING, 1125.5, 7
55, 3, Civic, CIVIC_NATIONALISM, 1204.2, 6
55, 3, Civic, CIVIC_OPERA_BALLET, 1389.9, 6
55, 3, Policies, POLICY_SURVEY, 37.0
55, 3, Policies, POLICY_URBAN_PLANNING, 198.0
55, 3, Policies, POLICY_CARAVANSARIES, 294.0
55, 3, Policies, POLICY_LAND_SURVEYORS, 389.0
55, 3, Policies, POLICY_COLONIZATION, 265.0
55, 3, Policies, POLICY_INSPIRATION, 20.0
55, 3, Policies, POLICY_CHARISMATIC_LEADER, 14.0
55, 3, Policies, POLICY_DIPLOMATIC_LEAGUE, 300.0
55, 3, Policies, POLICY_LITERARY_TRADITION, 17.0
55, 3, Policies, POLICY_RAID, 3604.0
55, 3, Policies, POLICY_LIMES, 1620.0
55, 3, Policies, POLICY_NATURAL_PHILOSOPHY, 102.0
55, 3, Policies, POLICY_SCRIPTURE, 1997.0
55, 3, Policies, POLICY_NAVAL_INFRASTRUCTURE, 3.0
55, 3, Policies, POLICY_NAVIGATION, 15.0
55, 3, Policies, POLICY_RETAINERS, 42.0
55, 3, Policies, POLICY_TRADE_CONFEDERATION, 384.0
55, 3, Policies, POLICY_MERCHANT_CONFEDERATION, 161.0
55, 3, Policies, POLICY_TOWN_CHARTERS, 232.0
55, 3, Policies, POLICY_TRAVELING_MERCHANTS, 21.0
55, 3, Policies, POLICY_PRESS_GANGS, 107.0
55, 3, Policies, POLICY_COLONIAL_OFFICES, 671.0
55, 3, Policies, POLICY_INVENTION, 37.0
55, 3, Policies, POLICY_FRESCOES, 17.0
55, 3, Policies, POLICY_MACHIAVELLIANISM, 212.0
55, 3, Policies, POLICY_SIMULTANEUM, 2892.0
55, 3, Policies, POLICY_LOGISTICS, 1.0
55, 3, Policies, POLICY_TRIANGULAR_TRADE, 838.0
55, 3, Policies, POLICY_RATIONALISM, 98.0
55, 3, Policies, POLICY_FREE_MARKET, 455.0
55, 3, Policies, POLICY_LIBERALISM, 577.0
55, 3, Policies, POLICY_COLONIAL_TAXES, 1512.0
55, 3, Policies, POLICY_SYMPHONIES, 31.0
55, 3, Policies, POLICY_PRAETORIUM, 812.0
55, 3, Policies, POLICY_CIVIL_PRESTIGE, 1226.0
55, 3, Policies, POLICY_EQUESTRIAN_ORDERS, 93.0
55, 3, Civic, CIVIC_NAVAL_TRADITION, 156.6, 1
55, 3, Civic, CIVIC_HUMANISM, 177.8, 1
55, 3, Civic, CIVIC_MERCANTILISM, 1125.5, 3
55, 3, Civic, CIVIC_THE_ENLIGHTENMENT, 1204.2, 3
55, 3, Civic, CIVIC_COLONIALISM, 2704.6, 6
55, 3, Civic, CIVIC_CIVIL_ENGINEERING, 1125.5, 7
55, 3, Civic, CIVIC_NATIONALISM, 1204.2, 6
55, 3, Civic, CIVIC_OPERA_BALLET, 1389.9, 6
55, 3, Policies, POLICY_SURVEY, 37.0
55, 3, Policies, POLICY_URBAN_PLANNING, 198.0
55, 3, Policies, POLICY_CARAVANSARIES, 294.0
55, 3, Policies, POLICY_LAND_SURVEYORS, 389.0
55, 3, Policies, POLICY_COLONIZATION, 265.0
55, 3, Policies, POLICY_INSPIRATION, 20.0
55, 3, Policies, POLICY_CHARISMATIC_LEADER, 14.0
55, 3, Policies, POLICY_DIPLOMATIC_LEAGUE, 300.0
55, 3, Policies, POLICY_LITERARY_TRADITION, 17.0
55, 3, Policies, POLICY_RAID, 3604.0
55, 3, Policies, POLICY_LIMES, 1620.0
55, 3, Policies, POLICY_NATURAL_PHILOSOPHY, 102.0
55, 3, Policies, POLICY_SCRIPTURE, 1997.0
55, 3, Policies, POLICY_NAVAL_INFRASTRUCTURE, 3.0
55, 3, Policies, POLICY_NAVIGATION, 15.0
55, 3, Policies, POLICY_RETAINERS, 42.0
55, 3, Policies, POLICY_TRADE_CONFEDERATION, 384.0
55, 3, Policies, POLICY_MERCHANT_CONFEDERATION, 161.0
55, 3, Policies, POLICY_TOWN_CHARTERS, 232.0
55, 3, Policies, POLICY_TRAVELING_MERCHANTS, 21.0
55, 3, Policies, POLICY_PRESS_GANGS, 107.0
55, 3, Policies, POLICY_COLONIAL_OFFICES, 671.0
55, 3, Policies, POLICY_INVENTION, 37.0
55, 3, Policies, POLICY_FRESCOES, 17.0
55, 3, Policies, POLICY_MACHIAVELLIANISM, 212.0
55, 3, Policies, POLICY_SIMULTANEUM, 2892.0
55, 3, Policies, POLICY_LOGISTICS, 1.0
55, 3, Policies, POLICY_TRIANGULAR_TRADE, 838.0
55, 3, Policies, POLICY_RATIONALISM, 98.0
55, 3, Policies, POLICY_FREE_MARKET, 455.0
55, 3, Policies, POLICY_LIBERALISM, 577.0
55, 3, Policies, POLICY_COLONIAL_TAXES, 1512.0
55, 3, Policies, POLICY_SYMPHONIES, 31.0
55, 3, Policies, POLICY_PRAETORIUM, 812.0
55, 3, Policies, POLICY_CIVIL_PRESTIGE, 1226.0
55, 3, Policies, POLICY_EQUESTRIAN_ORDERS, 93.0
55, 3, Civic, CIVIC_NAVAL_TRADITION, 156.6, 1
55, 3, Civic, CIVIC_HUMANISM, 177.8, 1
55, 3, Civic, CIVIC_MERCANTILISM, 1125.5, 3
55, 3, Civic, CIVIC_THE_ENLIGHTENMENT, 1204.2, 3
55, 3, Civic, CIVIC_COLONIALISM, 2704.6, 6
55, 3, Civic, CIVIC_CIVIL_ENGINEERING, 1125.5, 7
55, 3, Civic, CIVIC_NATIONALISM, 1204.2, 6
55, 3, Civic, CIVIC_OPERA_BALLET, 1389.9, 6
55, 3, Policies, POLICY_SURVEY, 37.0
55, 3, Policies, POLICY_URBAN_PLANNING, 198.0
55, 3, Policies, POLICY_CARAVANSARIES, 294.0
55, 3, Policies, POLICY_LAND_SURVEYORS, 389.0
55, 3, Policies, POLICY_COLONIZATION, 265.0
55, 3, Policies, POLICY_INSPIRATION, 20.0
55, 3, Policies, POLICY_CHARISMATIC_LEADER, 14.0
55, 3, Policies, POLICY_DIPLOMATIC_LEAGUE, 300.0
55, 3, Policies, POLICY_LITERARY_TRADITION, 17.0
55, 3, Policies, POLICY_RAID, 3604.0
55, 3, Policies, POLICY_LIMES, 1620.0
55, 3, Policies, POLICY_NATURAL_PHILOSOPHY, 102.0
55, 3, Policies, POLICY_SCRIPTURE, 1997.0
55, 3, Policies, POLICY_NAVAL_INFRASTRUCTURE, 3.0
55, 3, Policies, POLICY_NAVIGATION, 15.0
55, 3, Policies, POLICY_RETAINERS, 42.0
55, 3, Policies, POLICY_TRADE_CONFEDERATION, 384.0
55, 3, Policies, POLICY_MERCHANT_CONFEDERATION, 161.0
55, 3, Policies, POLICY_TOWN_CHARTERS, 232.0
55, 3, Policies, POLICY_TRAVELING_MERCHANTS, 21.0
55, 3, Policies, POLICY_PRESS_GANGS, 107.0
55, 3, Policies, POLICY_COLONIAL_OFFICES, 671.0
55, 3, Policies, POLICY_INVENTION, 37.0
55, 3, Policies, POLICY_FRESCOES, 17.0
55, 3, Policies, POLICY_MACHIAVELLIANISM, 212.0
55, 3, Policies, POLICY_SIMULTANEUM, 2892.0
55, 3, Policies, POLICY_LOGISTICS, 1.0
55, 3, Policies, POLICY_TRIANGULAR_TRADE, 838.0
55, 3, Policies, POLICY_RATIONALISM, 98.0
55, 3, Policies, POLICY_FREE_MARKET, 455.0
55, 3, Policies, POLICY_LIBERALISM, 577.0
55, 3, Policies, POLICY_COLONIAL_TAXES, 1512.0
55, 3, Policies, POLICY_SYMPHONIES, 31.0
55, 3, Policies, POLICY_PRAETORIUM, 812.0
55, 3, Policies, POLICY_CIVIL_PRESTIGE, 1226.0
55, 3, Policies, POLICY_EQUESTRIAN_ORDERS, 93.0
55, 3, Civic, CIVIC_NAVAL_TRADITION, 156.6, 1
55, 3, Civic, CIVIC_HUMANISM, 177.8, 1
55, 3, Civic, CIVIC_MERCANTILISM, 1125.5, 3
55, 3, Civic, CIVIC_THE_ENLIGHTENMENT, 1204.2, 3
55, 3, Civic, CIVIC_COLONIALISM, 2704.6, 6
55, 3, Civic, CIVIC_CIVIL_ENGINEERING, 1125.5, 7
55, 3, Civic, CIVIC_NATIONALISM, 1204.2, 6
55, 3, Civic, CIVIC_OPERA_BALLET, 1389.9, 6
55, 3, Policies, POLICY_SURVEY, 37.0
55, 3, Policies, POLICY_URBAN_PLANNING, 198.0
55, 3, Policies, POLICY_CARAVANSARIES, 294.0
55, 3, Policies, POLICY_LAND_SURVEYORS, 389.0
55, 3, Policies, POLICY_COLONIZATION, 265.0
55, 3, Policies, POLICY_INSPIRATION, 20.0
55, 3, Policies, POLICY_CHARISMATIC_LEADER, 14.0
55, 3, Policies, POLICY_DIPLOMATIC_LEAGUE, 300.0
55, 3, Policies, POLICY_LITERARY_TRADITION, 17.0
55, 3, Policies, POLICY_RAID, 3604.0
55, 3, Policies, POLICY_LIMES, 1620.0
55, 3, Policies, POLICY_NATURAL_PHILOSOPHY, 102.0
55, 3, Policies, POLICY_SCRIPTURE, 1997.0
55, 3, Policies, POLICY_NAVAL_INFRASTRUCTURE, 3.0
55, 3, Policies, POLICY_NAVIGATION, 15.0
55, 3, Policies, POLICY_RETAINERS, 42.0
55, 3, Policies, POLICY_TRADE_CONFEDERATION, 384.0
55, 3, Policies, POLICY_MERCHANT_CONFEDERATION, 161.0
55, 3, Policies, POLICY_TOWN_CHARTERS, 232.0
55, 3, Policies, POLICY_TRAVELING_MERCHANTS, 21.0
55, 3, Policies, POLICY_PRESS_GANGS, 107.0
55, 3, Policies, POLICY_COLONIAL_OFFICES, 671.0
55, 3, Policies, POLICY_INVENTION, 37.0
55, 3, Policies, POLICY_FRESCOES, 17.0
55, 3, Policies, POLICY_MACHIAVELLIANISM, 212.0
55, 3, Policies, POLICY_SIMULTANEUM, 2892.0
55, 3, Policies, POLICY_LOGISTICS, 1.0
55, 3, Policies, POLICY_TRIANGULAR_TRADE, 838.0
55, 3, Policies, POLICY_RATIONALISM, 98.0
55, 3, Policies, POLICY_FREE_MARKET, 455.0
55, 3, Policies, POLICY_LIBERALISM, 577.0
55, 3, Policies, POLICY_COLONIAL_TAXES, 1512.0
55, 3, Policies, POLICY_SYMPHONIES, 31.0
55, 3, Policies, POLICY_PRAETORIUM, 812.0
55, 3, Policies, POLICY_CIVIL_PRESTIGE, 1226.0
55, 3, Policies, POLICY_EQUESTRIAN_ORDERS, 93.0
55, 0, Civic, CIVIC_NAVAL_TRADITION, 178.6, 1
55, 0, Civic, CIVIC_DIPLOMATIC_SERVICE, 511.1, 2
55, 0, Civic, CIVIC_REFORMED_CHURCH, 746.9, 2
55, 0, Civic, CIVIC_MERCANTILISM, 536.8, 2
55, 0, Civic, CIVIC_THE_ENLIGHTENMENT, 899.8, 5
55, 0, Civic, CIVIC_COLONIALISM, 1802.8, 6
55, 0, Civic, CIVIC_CIVIL_ENGINEERING, 3047600.0, 7
55, 0, Civic, CIVIC_NATIONALISM, 2958811.0, 8
55, 0, Civic, CIVIC_OPERA_BALLET, 1068.9, 9
55, 0, Civic, CIVIC_NATURAL_HISTORY, 3060.3, 11
55, 0, Policies, POLICY_SURVEY, 15.0
55, 0, Policies, POLICY_URBAN_PLANNING, 192.0
55, 0, Policies, POLICY_CARAVANSARIES, 174.0
55, 0, Policies, POLICY_CONSCRIPTION, 51.0
55, 0, Policies, POLICY_LAND_SURVEYORS, 224.0
55, 0, Policies, POLICY_COLONIZATION, 125.0
55, 0, Policies, POLICY_INSPIRATION, 34.0
55, 0, Policies, POLICY_CHARISMATIC_LEADER, 14.0
55, 0, Policies, POLICY_DIPLOMATIC_LEAGUE, 300.0
55, 0, Policies, POLICY_LITERARY_TRADITION, 17.0
55, 0, Policies, POLICY_RAID, 3061.0
55, 0, Policies, POLICY_LIMES, 995.0
55, 0, Policies, POLICY_NATURAL_PHILOSOPHY, 346.0
55, 0, Policies, POLICY_NAVAL_INFRASTRUCTURE, 42.0
55, 0, Policies, POLICY_NAVIGATION, 31.0
55, 0, Policies, POLICY_FEUDAL_CONTRACT, 41.0
55, 0, Policies, POLICY_RETAINERS, 42.0
55, 0, Policies, POLICY_PROFESSIONAL_ARMY, 39.0
55, 0, Policies, POLICY_TRADE_CONFEDERATION, 324.0
55, 0, Policies, POLICY_MERCHANT_CONFEDERATION, 149.0
55, 0, Policies, POLICY_TOWN_CHARTERS, 288.0
55, 0, Policies, POLICY_TRAVELING_MERCHANTS, 28.0
55, 0, Policies, POLICY_PRESS_GANGS, 46.0
55, 0, Policies, POLICY_COLONIAL_OFFICES, 788.0
55, 0, Policies, POLICY_INVENTION, 43.0
55, 0, Policies, POLICY_FRESCOES, 17.0
55, 0, Policies, POLICY_WARS_OF_RELIGION, 1.0
55, 0, Policies, POLICY_RELIGIOUS_ORDERS, 54.0
55, 0, Policies, POLICY_LOGISTICS, 48.0
55, 0, Policies, POLICY_TRIANGULAR_TRADE, 421.0
55, 0, Policies, POLICY_RATIONALISM, 262.0
55, 0, Policies, POLICY_FREE_MARKET, 306.0
55, 0, Policies, POLICY_LIBERALISM, 174.0
55, 0, Policies, POLICY_COLONIAL_TAXES, 1224.0
55, 0, Policies, POLICY_PUBLIC_WORKS, 10.0
55, 0, Policies, POLICY_GRANDE_ARMEE, 41.0
55, 0, Policies, POLICY_NATIONAL_IDENTITY, 5.0
55, 0, Policies, POLICY_SYMPHONIES, 31.0
55, 0, Policies, POLICY_ECONOMIC_UNION, 328.0
55, 0, Policies, POLICY_PRAETORIUM, 1183.0
55, 0, Policies, POLICY_CIVIL_PRESTIGE, 668.0
55, 0, Policies, POLICY_DRILL_MANUALS, 60.0
55, 0, Policies, POLICY_EMPIRICAL_METHOD, 380.0
55, 0, Civic, CIVIC_NAVAL_TRADITION, 178.6, 1
55, 0, Civic, CIVIC_DIPLOMATIC_SERVICE, 511.1, 2
55, 0, Civic, CIVIC_REFORMED_CHURCH, 746.9, 2
55, 0, Civic, CIVIC_MERCANTILISM, 536.8, 2
55, 0, Civic, CIVIC_THE_ENLIGHTENMENT, 899.8, 5
55, 0, Civic, CIVIC_COLONIALISM, 1802.8, 6
55, 0, Civic, CIVIC_CIVIL_ENGINEERING, 3047600.0, 7
55, 0, Civic, CIVIC_NATIONALISM, 2958811.0, 8
55, 0, Civic, CIVIC_OPERA_BALLET, 1068.9, 9
55, 0, Civic, CIVIC_NATURAL_HISTORY, 3060.3, 11
55, 0, Policies, POLICY_SURVEY, 15.0
55, 0, Policies, POLICY_URBAN_PLANNING, 192.0
55, 0, Policies, POLICY_CARAVANSARIES, 174.0
55, 0, Policies, POLICY_CONSCRIPTION, 51.0
55, 0, Policies, POLICY_LAND_SURVEYORS, 224.0
55, 0, Policies, POLICY_COLONIZATION, 125.0
55, 0, Policies, POLICY_INSPIRATION, 34.0
55, 0, Policies, POLICY_CHARISMATIC_LEADER, 14.0
55, 0, Policies, POLICY_DIPLOMATIC_LEAGUE, 300.0
55, 0, Policies, POLICY_LITERARY_TRADITION, 17.0
55, 0, Policies, POLICY_RAID, 3061.0
55, 0, Policies, POLICY_LIMES, 995.0
55, 0, Policies, POLICY_NATURAL_PHILOSOPHY, 346.0
55, 0, Policies, POLICY_NAVAL_INFRASTRUCTURE, 42.0
55, 0, Policies, POLICY_NAVIGATION, 31.0
55, 0, Policies, POLICY_FEUDAL_CONTRACT, 41.0
55, 0, Policies, POLICY_RETAINERS, 42.0
55, 0, Policies, POLICY_PROFESSIONAL_ARMY, 39.0
55, 0, Policies, POLICY_TRADE_CONFEDERATION, 324.0
55, 0, Policies, POLICY_MERCHANT_CONFEDERATION, 149.0
55, 0, Policies, POLICY_TOWN_CHARTERS, 288.0
55, 0, Policies, POLICY_TRAVELING_MERCHANTS, 28.0
55, 0, Policies, POLICY_PRESS_GANGS, 46.0
55, 0, Policies, POLICY_COLONIAL_OFFICES, 788.0
55, 0, Policies, POLICY_INVENTION, 43.0
55, 0, Policies, POLICY_FRESCOES, 17.0
55, 0, Policies, POLICY_WARS_OF_RELIGION, 1.0
55, 0, Policies, POLICY_RELIGIOUS_ORDERS, 54.0
55, 0, Policies, POLICY_LOGISTICS, 48.0
55, 0, Policies, POLICY_TRIANGULAR_TRADE, 421.0
55, 0, Policies, POLICY_RATIONALISM, 262.0
55, 0, Policies, POLICY_FREE_MARKET, 306.0
55, 0, Policies, POLICY_LIBERALISM, 174.0
55, 0, Policies, POLICY_COLONIAL_TAXES, 1224.0
55, 0, Policies, POLICY_PUBLIC_WORKS, 10.0
55, 0, Policies, POLICY_GRANDE_ARMEE, 41.0
55, 0, Policies, POLICY_NATIONAL_IDENTITY, 5.0
55, 0, Policies, POLICY_SYMPHONIES, 31.0
55, 0, Policies, POLICY_ECONOMIC_UNION, 328.0
55, 0, Policies, POLICY_PRAETORIUM, 1183.0
55, 0, Policies, POLICY_CIVIL_PRESTIGE, 668.0
55, 0, Policies, POLICY_DRILL_MANUALS, 60.0
55, 0, Policies, POLICY_EMPIRICAL_METHOD, 380.0
55, 0, Civic, CIVIC_NAVAL_TRADITION, 178.6, 1
55, 0, Civic, CIVIC_DIPLOMATIC_SERVICE, 511.1, 2
55, 0, Civic, CIVIC_REFORMED_CHURCH, 746.9, 2
55, 0, Civic, CIVIC_MERCANTILISM, 536.8, 2
55, 0, Civic, CIVIC_THE_ENLIGHTENMENT, 899.8, 5
55, 0, Civic, CIVIC_COLONIALISM, 1802.8, 6
55, 0, Civic, CIVIC_CIVIL_ENGINEERING, 3047600.0, 7
55, 0, Civic, CIVIC_NATIONALISM, 2958811.0, 8
55, 0, Civic, CIVIC_OPERA_BALLET, 1068.9, 9
55, 0, Civic, CIVIC_NATURAL_HISTORY, 3060.3, 11
55, 0, Policies, POLICY_SURVEY, 15.0
55, 0, Policies, POLICY_URBAN_PLANNING, 192.0
55, 0, Policies, POLICY_CARAVANSARIES, 174.0
55, 0, Policies, POLICY_CONSCRIPTION, 51.0
55, 0, Policies, POLICY_LAND_SURVEYORS, 224.0
55, 0, Policies, POLICY_COLONIZATION, 125.0
55, 0, Policies, POLICY_INSPIRATION, 34.0
55, 0, Policies, POLICY_CHARISMATIC_LEADER, 14.0
55, 0, Policies, POLICY_DIPLOMATIC_LEAGUE, 300.0
55, 0, Policies, POLICY_LITERARY_TRADITION, 17.0
55, 0, Policies, POLICY_RAID, 3061.0
55, 0, Policies, POLICY_LIMES, 995.0
55, 0, Policies, POLICY_NATURAL_PHILOSOPHY, 346.0
55, 0, Policies, POLICY_NAVAL_INFRASTRUCTURE, 42.0
55, 0, Policies, POLICY_NAVIGATION, 31.0
55, 0, Policies, POLICY_FEUDAL_CONTRACT, 41.0
55, 0, Policies, POLICY_RETAINERS, 42.0
55, 0, Policies, POLICY_PROFESSIONAL_ARMY, 39.0
55, 0, Policies, POLICY_TRADE_CONFEDERATION, 324.0
55, 0, Policies, POLICY_MERCHANT_CONFEDERATION, 149.0
55, 0, Policies, POLICY_TOWN_CHARTERS, 288.0
55, 0, Policies, POLICY_TRAVELING_MERCHANTS, 28.0
55, 0, Policies, POLICY_PRESS_GANGS, 46.0
55, 0, Policies, POLICY_COLONIAL_OFFICES, 788.0
55, 0, Policies, POLICY_INVENTION, 43.0
55, 0, Policies, POLICY_FRESCOES, 17.0
55, 0, Policies, POLICY_WARS_OF_RELIGION, 1.0
55, 0, Policies, POLICY_RELIGIOUS_ORDERS, 54.0
55, 0, Policies, POLICY_LOGISTICS, 48.0
55, 0, Policies, POLICY_TRIANGULAR_TRADE, 421.0
55, 0, Policies, POLICY_RATIONALISM, 262.0
55, 0, Policies, POLICY_FREE_MARKET, 306.0
55, 0, Policies, POLICY_LIBERALISM, 174.0
55, 0, Policies, POLICY_COLONIAL_TAXES, 1224.0
55, 0, Policies, POLICY_PUBLIC_WORKS, 10.0
55, 0, Policies, POLICY_GRANDE_ARMEE, 41.0
55, 0, Policies, POLICY_NATIONAL_IDENTITY, 5.0
55, 0, Policies, POLICY_SYMPHONIES, 31.0
55, 0, Policies, POLICY_ECONOMIC_UNION, 328.0
55, 0, Policies, POLICY_PRAETORIUM, 1183.0
55, 0, Policies, POLICY_CIVIL_PRESTIGE, 668.0
55, 0, Policies, POLICY_DRILL_MANUALS, 60.0
55, 0, Policies, POLICY_EMPIRICAL_METHOD, 380.0
55, 1, Civic, CIVIC_THEOLOGY, 186.7, 1
55, 1, Civic, CIVIC_NAVAL_TRADITION, 239.6, 1
55, 1, Civic, CIVIC_DIVINE_RIGHT, 1049.2, 2
55, 1, Civic, CIVIC_REFORMED_CHURCH, 1654.7, 3
55, 1, Civic, CIVIC_COLONIALISM, 1789.5, 2
55, 1, Civic, CIVIC_CIVIL_ENGINEERING, 2482637.8, 2
55, 1, Civic, CIVIC_OPERA_BALLET, 277.8, 2
55, 1, Civic, CIVIC_NATURAL_HISTORY, 2128.8, 5
55, 1, Civic, CIVIC_SCORCHED_EARTH, 3118.9, 4
55, 1, Civic, CIVIC_URBANIZATION, 2484584.3, 6
55, 1, Civic, CIVIC_CONSERVATION, 2301.6, 10
55, 1, Civic, CIVIC_MASS_MEDIA, 4069144.8, 16
55, 1, Civic, CIVIC_MOBILIZATION, 4122322.0, 15
55, 1, Policies, POLICY_SURVEY, 15.0
55, 1, Policies, POLICY_GOD_KING, 22.0
55, 1, Policies, POLICY_CONSCRIPTION, 14.0
55, 1, Policies, POLICY_LAND_SURVEYORS, 228.0
55, 1, Policies, POLICY_COLONIZATION, 143.0
55, 1, Policies, POLICY_INSPIRATION, 58.0
55, 1, Policies, POLICY_CHARISMATIC_LEADER, 14.0
55, 1, Policies, POLICY_DIPLOMATIC_LEAGUE, 300.0
55, 1, Policies, POLICY_LITERARY_TRADITION, 34.0
55, 1, Policies, POLICY_RAID, 3061.0
55, 1, Policies, POLICY_LIMES, 1139.0
55, 1, Policies, POLICY_NATURAL_PHILOSOPHY, 341.0
55, 1, Policies, POLICY_NAVAL_INFRASTRUCTURE, 103.0
55, 1, Policies, POLICY_NAVIGATION, 47.0
55, 1, Policies, POLICY_RETAINERS, 70.0
55, 1, Policies, POLICY_PROFESSIONAL_ARMY, 44.0
55, 1, Policies, POLICY_TRADE_CONFEDERATION, 488.0
55, 1, Policies, POLICY_MERCHANT_CONFEDERATION, 249.0
55, 1, Policies, POLICY_AESTHETICS, 102.0
55, 1, Policies, POLICY_CRAFTSMEN, 116.0
55, 1, Policies, POLICY_TOWN_CHARTERS, 318.0
55, 1, Policies, POLICY_TRAVELING_MERCHANTS, 43.0
55, 1, Policies, POLICY_COLONIAL_OFFICES, 1077.0
55, 1, Policies, POLICY_INVENTION, 130.0
55, 1, Policies, POLICY_FRESCOES, 34.0
55, 1, Policies, POLICY_MACHIAVELLIANISM, 137.0
55, 1, Policies, POLICY_LOGISTICS, 7.0
55, 1, Policies, POLICY_TRIANGULAR_TRADE, 601.0
55, 1, Policies, POLICY_RATIONALISM, 675.0
55, 1, Policies, POLICY_FREE_MARKET, 162.0
55, 1, Policies, POLICY_LIBERALISM, 126.0
55, 1, Policies, POLICY_COLONIAL_TAXES, 1769.0
55, 1, Policies, POLICY_PUBLIC_WORKS, 26.0
55, 1, Policies, POLICY_NATIONAL_IDENTITY, 1.0
55, 1, Policies, POLICY_GRAND_OPERA, 98.0
55, 1, Policies, POLICY_SYMPHONIES, 62.0
55, 1, Policies, POLICY_TOTAL_WAR, 3061.0
55, 1, Policies, POLICY_EXPROPRIATION, 371.0
55, 1, Policies, POLICY_MILITARY_RESEARCH, 1620.0
55, 1, Policies, POLICY_LEVEE_EN_MASSE, 14.0
55, 1, Policies, POLICY_ECONOMIC_UNION, 416.0
55, 1, Policies, POLICY_PRAETORIUM, 1605.0
55, 1, Policies, POLICY_CIVIL_PRESTIGE, 1514.0
55, 1, Policies, POLICY_WISSELBANKEN, 282.0
55, 1, Policies, POLICY_EQUESTRIAN_ORDERS, 99.0
55, 1, Policies, POLICY_FORCE_MODERNIZATION, 44.0
55, 1, Policies, POLICY_EMPIRICAL_METHOD, 322.0
55, 1, Policies, POLICY_MASTER_ARTISANS, 132.0
55, 4, Civic, CIVIC_NAVAL_TRADITION, 167.6, 1
55, 4, Civic, CIVIC_EXPLORATION, 1912.7, 1
55, 4, Civic, CIVIC_REFORMED_CHURCH, 869.5, 1
55, 4, Civic, CIVIC_COLONIALISM, 1746.5, 2
55, 4, Civic, CIVIC_OPERA_BALLET, 320.7, 1
55, 4, Civic, CIVIC_NATURAL_HISTORY, 2083.7, 4
55, 4, Civic, CIVIC_SCORCHED_EARTH, 3384.5, 3
55, 4, Civic, CIVIC_URBANIZATION, 1941.8, 3
55, 4, Civic, CIVIC_CONSERVATION, 2268.3, 8
55, 4, Civic, CIVIC_MASS_MEDIA, 39437.2, 11
55, 4, Civic, CIVIC_MOBILIZATION, 43314.2, 10
55, 4, Policies, POLICY_SURVEY, 23.0
55, 4, Policies, POLICY_CONSCRIPTION, 66.0
55, 4, Policies, POLICY_LAND_SURVEYORS, 300.0
55, 4, Policies, POLICY_COLONIZATION, 169.0
55, 4, Policies, POLICY_INSPIRATION, 64.0
55, 4, Policies, POLICY_CHARISMATIC_LEADER, 14.0
55, 4, Policies, POLICY_DIPLOMATIC_LEAGUE, 300.0
55, 4, Policies, POLICY_LITERARY_TRADITION, 26.0
55, 4, Policies, POLICY_RAID, 3328.0
55, 4, Policies, POLICY_LIMES, 815.0
55, 4, Policies, POLICY_NAVIGATION, 31.0
55, 4, Policies, POLICY_RETAINERS, 42.0
55, 4, Policies, POLICY_PROFESSIONAL_ARMY, 43.0
55, 4, Policies, POLICY_TRADE_CONFEDERATION, 400.0
55, 4, Policies, POLICY_MERCHANT_CONFEDERATION, 230.0
55, 4, Policies, POLICY_AESTHETICS, 58.0
55, 4, Policies, POLICY_TRAVELING_MERCHANTS, 28.0
55, 4, Policies, POLICY_CHIVALRY, 103.0
55, 4, Policies, POLICY_COLONIAL_OFFICES, 904.0
55, 4, Policies, POLICY_INVENTION, 100.0
55, 4, Policies, POLICY_FRESCOES, 52.0
55, 4, Policies, POLICY_MACHIAVELLIANISM, 158.0
55, 4, Policies, POLICY_RELIGIOUS_ORDERS, 100.0
55, 4, Policies, POLICY_LOGISTICS, 76.0
55, 4, Policies, POLICY_TRIANGULAR_TRADE, 468.0
55, 4, Policies, POLICY_RATIONALISM, 626.0
55, 4, Policies, POLICY_FREE_MARKET, 180.0
55, 4, Policies, POLICY_LIBERALISM, 290.0
55, 4, Policies, POLICY_COLONIAL_TAXES, 1471.0
55, 4, Policies, POLICY_PUBLIC_WORKS, 38.0
55, 4, Policies, POLICY_GRANDE_ARMEE, 102.0
55, 4, Policies, POLICY_NATIONAL_IDENTITY, 16.0
55, 4, Policies, POLICY_GRAND_OPERA, 130.0
55, 4, Policies, POLICY_SYMPHONIES, 47.0
55, 4, Policies, POLICY_TOTAL_WAR, 3328.0
55, 4, Policies, POLICY_EXPROPRIATION, 469.0
55, 4, Policies, POLICY_MILITARY_RESEARCH, 1815.0
55, 4, Policies, POLICY_PROPAGANDA, 73.0
55, 4, Policies, POLICY_LEVEE_EN_MASSE, 132.0
55, 4, Policies, POLICY_ECONOMIC_UNION, 196.0
55, 4, Policies, POLICY_MILITARY_FIRST, 102.0
55, 4, Policies, POLICY_PRAETORIUM, 1341.0
55, 4, Policies, POLICY_CIVIL_PRESTIGE, 448.0
55, 4, Policies, POLICY_FORCE_MODERNIZATION, 43.0
55, 4, Policies, POLICY_EMPIRICAL_METHOD, 364.0
55, 4, Policies, POLICY_MASTER_ARTISANS, 174.0
56, 5, Civic, CIVIC_THEOLOGY, 1300.7, 1
56, 5, Civic, CIVIC_NAVAL_TRADITION, 171.6, 1
56, 5, Civic, CIVIC_DIVINE_RIGHT, 2253.5, 3
56, 5, Civic, CIVIC_EXPLORATION, 2364.4, 2
56, 5, Civic, CIVIC_DIPLOMATIC_SERVICE, 485.7, 3
56, 5, Civic, CIVIC_REFORMED_CHURCH, 3685.9, 5
56, 5, Civic, CIVIC_MERCANTILISM, 480.7, 1
56, 5, Civic, CIVIC_THE_ENLIGHTENMENT, 976.6, 7
56, 5, Civic, CIVIC_COLONIALISM, 1951.6, 7
56, 5, Civic, CIVIC_CIVIL_ENGINEERING, 480.7, 6
56, 5, Civic, CIVIC_NATIONALISM, 976.6, 12
56, 5, Civic, CIVIC_OPERA_BALLET, 1104.0, 13
56, 5, Civic, CIVIC_NATURAL_HISTORY, 2135.9, 15
56, 5, Policies, POLICY_SURVEY, 36.0
56, 5, Policies, POLICY_GOD_KING, 14.0
56, 5, Policies, POLICY_URBAN_PLANNING, 144.0
56, 5, Policies, POLICY_CARAVANSARIES, 49.0
56, 5, Policies, POLICY_CONSCRIPTION, 220.0
56, 5, Policies, POLICY_LAND_SURVEYORS, 9.0
56, 5, Policies, POLICY_COLONIZATION, 32.0
56, 5, Policies, POLICY_INSPIRATION, 34.0
56, 5, Policies, POLICY_CHARISMATIC_LEADER, 14.0
56, 5, Policies, POLICY_DIPLOMATIC_LEAGUE, 225.0
56, 5, Policies, POLICY_LITERARY_TRADITION, 17.0
56, 5, Policies, POLICY_RAID, 3003.0
56, 5, Policies, POLICY_BASTIONS, 36.0
56, 5, Policies, POLICY_LIMES, 40.0
56, 5, Policies, POLICY_NATURAL_PHILOSOPHY, 193.0
56, 5, Policies, POLICY_SCRIPTURE, 102.0
56, 5, Policies, POLICY_NAVIGATION, 47.0
56, 5, Policies, POLICY_FEUDAL_CONTRACT, 39.0
56, 5, Policies, POLICY_RETAINERS, 273.0
56, 5, Policies, POLICY_PROFESSIONAL_ARMY, 37.0
56, 5, Policies, POLICY_TRADE_CONFEDERATION, 86.0
56, 5, Policies, POLICY_MERCHANT_CONFEDERATION, 87.0
56, 5, Policies, POLICY_CRAFTSMEN, 86.0
56, 5, Policies, POLICY_TOWN_CHARTERS, 38.0
56, 5, Policies, POLICY_TRAVELING_MERCHANTS, 21.0
56, 5, Policies, POLICY_COLONIAL_OFFICES, 1295.0
56, 5, Policies, POLICY_INVENTION, 84.0
56, 5, Policies, POLICY_FRESCOES, 17.0
56, 5, Policies, POLICY_WARS_OF_RELIGION, 10.0
56, 5, Policies, POLICY_RELIGIOUS_ORDERS, 270.0
56, 5, Policies, POLICY_SIMULTANEUM, 52.0
56, 5, Policies, POLICY_LOGISTICS, 335.0
56, 5, Policies, POLICY_TRIANGULAR_TRADE, 104.0
56, 5, Policies, POLICY_RATIONALISM, 189.0
56, 5, Policies, POLICY_FREE_MARKET, 54.0
56, 5, Policies, POLICY_LIBERALISM, 287.0
56, 5, Policies, POLICY_COLONIAL_TAXES, 1262.0
56, 5, Policies, POLICY_SYMPHONIES, 31.0
56, 5, Policies, POLICY_PRAETORIUM, 2280.0
56, 5, Policies, POLICY_CIVIL_PRESTIGE, 1210.0
56, 5, Policies, POLICY_EQUESTRIAN_ORDERS, 75.0
56, 5, Policies, POLICY_DRILL_MANUALS, 60.0
56, 5, Policies, POLICY_HARD_SHELL_EXPLOSIVES, 12.0
56, 6, Civic, CIVIC_NAVAL_TRADITION, 156.6, 1
56, 6, Civic, CIVIC_EXPLORATION, 2419.4, 1
56, 6, Civic, CIVIC_REFORMED_CHURCH, 2931.2, 1
56, 6, Civic, CIVIC_MERCANTILISM, 135.8, 2
56, 6, Civic, CIVIC_COLONIALISM, 1610.4, 5
56, 6, Civic, CIVIC_CIVIL_ENGINEERING, 161161.9, 5
56, 6, Civic, CIVIC_NATIONALISM, 275510.3, 1
56, 6, Civic, CIVIC_OPERA_BALLET, 811.1, 3
56, 6, Civic, CIVIC_NATURAL_HISTORY, 1879.0, 8
56, 6, Civic, CIVIC_SCORCHED_EARTH, 186696.6, 6
56, 6, Civic, CIVIC_URBANIZATION, 345656.5, 11
56, 6, Policies, POLICY_SURVEY, 57.0
56, 6, Policies, POLICY_CARAVANSARIES, 49.0
56, 6, Policies, POLICY_CONSCRIPTION, 257.0
56, 6, Policies, POLICY_LAND_SURVEYORS, 315.0
56, 6, Policies, POLICY_COLONIZATION, 38.0
56, 6, Policies, POLICY_INSPIRATION, 50.0
56, 6, Policies, POLICY_CHARISMATIC_LEADER, 14.0
56, 6, Policies, POLICY_DIPLOMATIC_LEAGUE, 337.0
56, 6, Policies, POLICY_LITERARY_TRADITION, 50.0
56, 6, Policies, POLICY_RAID, 3177.0
56, 6, Policies, POLICY_BASTIONS, 42.0
56, 6, Policies, POLICY_LIMES, 861.0
56, 6, Policies, POLICY_NATURAL_PHILOSOPHY, 138.0
56, 6, Policies, POLICY_SCRIPTURE, 438.0
56, 6, Policies, POLICY_NAVIGATION, 31.0
56, 6, Policies, POLICY_RETAINERS, 757.0
56, 6, Policies, POLICY_PROFESSIONAL_ARMY, 66.0
56, 6, Policies, POLICY_TRADE_CONFEDERATION, 107.0
56, 6, Policies, POLICY_MERCHANT_CONFEDERATION, 124.0
56, 6, Policies, POLICY_AESTHETICS, 86.0
56, 6, Policies, POLICY_TOWN_CHARTERS, 38.0
56, 6, Policies, POLICY_TRAVELING_MERCHANTS, 29.0
56, 6, Policies, POLICY_COLONIAL_OFFICES, 1608.0
56, 6, Policies, POLICY_INVENTION, 87.0
56, 6, Policies, POLICY_FRESCOES, 50.0
56, 6, Policies, POLICY_WARS_OF_RELIGION, 10.0
56, 6, Policies, POLICY_RELIGIOUS_ORDERS, 320.0
56, 6, Policies, POLICY_SIMULTANEUM, 1730.0
56, 6, Policies, POLICY_LOGISTICS, 229.0
56, 6, Policies, POLICY_TRIANGULAR_TRADE, 132.0
56, 6, Policies, POLICY_RATIONALISM, 252.0
56, 6, Policies, POLICY_FREE_MARKET, 108.0
56, 6, Policies, POLICY_LIBERALISM, 771.0
56, 6, Policies, POLICY_COLONIAL_TAXES, 1720.0
56, 6, Policies, POLICY_GRAND_OPERA, 494.0
56, 6, Policies, POLICY_SYMPHONIES, 94.0
56, 6, Policies, POLICY_TOTAL_WAR, 3177.0
56, 6, Policies, POLICY_EXPROPRIATION, 353.0
56, 6, Policies, POLICY_MILITARY_RESEARCH, 924.0
56, 6, Policies, POLICY_ECONOMIC_UNION, 29.0
56, 6, Policies, POLICY_PRAETORIUM, 2573.0
56, 6, Policies, POLICY_CIVIL_PRESTIGE, 1946.0
56, 6, Policies, POLICY_FORCE_MODERNIZATION, 66.0
56, 6, Policies, POLICY_EMPIRICAL_METHOD, 145.0
56, 7, Completed Civic, CIVIC_THEOLOGY
56, 7, Slot Policy, POLICY_RAID, 2961
56, 7, Slot Policy, POLICY_LIMES, 451
56, 7, Slot Policy, POLICY_CIVIL_PRESTIGE, 1552
56, 7, Slot Policy, POLICY_PRAETORIUM, 2412
56, 7, Slot Policy, POLICY_LOGISTICS, 282
56, 7, Slot Policy, POLICY_RATIONALISM, 270
56, 7, Civic, CIVIC_NAVAL_TRADITION, 144.6, 1
56, 7, Civic, CIVIC_MERCENARIES, 144.6, 1
56, 7, Civic, CIVIC_DIVINE_RIGHT, 2201.3, 1
56, 7, Civic, CIVIC_EXPLORATION, 2380.0, 2
56, 7, Civic, CIVIC_REFORMED_CHURCH, 3411.9, 2
56, 7, Civic, CIVIC_COLONIALISM, 1421.6, 1
56, 7, Civic, CIVIC_CIVIL_ENGINEERING, 621269.5, 1
56, 7, Civic, CIVIC_OPERA_BALLET, 1312.7, 1
56, 7, Civic, CIVIC_NATURAL_HISTORY, 1767.3, 2
56, 7, Civic, CIVIC_SCORCHED_EARTH, 2839.6, 1
56, 7, Civic, CIVIC_URBANIZATION, 624253.8, 2
56, 7, Civic, CIVIC_CONSERVATION, 1948.0, 4
56, 7, Civic, CIVIC_MASS_MEDIA, 1154859.1, 6
56, 7, Civic, CIVIC_MOBILIZATION, 1174489.5, 5
56, 7, Policies, POLICY_SURVEY, 84.0
56, 7, Policies, POLICY_CONSCRIPTION, 265.0
56, 7, Policies, POLICY_LAND_SURVEYORS, 270.0
56, 7, Policies, POLICY_COLONIZATION, 82.0
56, 7, Policies, POLICY_INSPIRATION, 80.0
56, 7, Policies, POLICY_CHARISMATIC_LEADER, 14.0
56, 7, Policies, POLICY_DIPLOMATIC_LEAGUE, 225.0
56, 7, Policies, POLICY_LITERARY_TRADITION, 58.0
56, 7, Policies, POLICY_RAID, 3456.0
56, 7, Policies, POLICY_BASTIONS, 36.0
56, 7, Policies, POLICY_LIMES, 334.0
56, 7, Policies, POLICY_NATURAL_PHILOSOPHY, 225.0
56, 7, Policies, POLICY_SCRIPTURE, 174.0
56, 7, Policies, POLICY_NAVIGATION, 47.0
56, 7, Policies, POLICY_RETAINERS, 277.0
56, 7, Policies, POLICY_PROFESSIONAL_ARMY, 206.0
56, 7, Policies, POLICY_TRADE_CONFEDERATION, 59.0
56, 7, Policies, POLICY_MERCHANT_CONFEDERATION, 95.0
56, 7, Policies, POLICY_AESTHETICS, 71.0
56, 7, Policies, POLICY_CRAFTSMEN, 42.0
56, 7, Policies, POLICY_TRAVELING_MERCHANTS, 29.0
56, 7, Policies, POLICY_COLONIAL_OFFICES, 1459.0
56, 7, Policies, POLICY_INVENTION, 81.0
56, 7, Policies, POLICY_FRESCOES, 58.0
56, 7, Policies, POLICY_WARS_OF_RELIGION, 10.0
56, 7, Policies, POLICY_RELIGIOUS_ORDERS, 360.0
56, 7, Policies, POLICY_SIMULTANEUM, 123.0
56, 7, Policies, POLICY_LOGISTICS, 270.0
56, 7, Policies, POLICY_TRIANGULAR_TRADE, 58.0
56, 7, Policies, POLICY_RATIONALISM, 310.0
56, 7, Policies, POLICY_LIBERALISM, 287.0
56, 7, Policies, POLICY_COLONIAL_TAXES, 1534.0
56, 7, Policies, POLICY_PUBLIC_WORKS, 4.0
56, 7, Policies, POLICY_SYMPHONIES, 110.0
56, 7, Policies, POLICY_TOTAL_WAR, 3456.0
56, 7, Policies, POLICY_EXPROPRIATION, 352.0
56, 7, Policies, POLICY_MILITARY_RESEARCH, 1840.0
56, 7, Policies, POLICY_LEVEE_EN_MASSE, 530.0
56, 7, Policies, POLICY_PRAETORIUM, 2351.0
56, 7, Policies, POLICY_CIVIL_PRESTIGE, 1926.0
56, 7, Policies, POLICY_DRILL_MANUALS, 118.0
56, 7, Policies, POLICY_FORCE_MODERNIZATION, 206.0
56, 7, Policies, POLICY_EMPIRICAL_METHOD, 131.0
56, 8, Completed Civic, CIVIC_DIVINE_RIGHT
56, 8, Government Change, GOVERNMENT_MONARCHY
56, 8, Slot Policy, POLICY_LIMES, 439
56, 8, Slot Policy, POLICY_RAID, 2961
56, 8, Slot Policy, POLICY_CIVIL_PRESTIGE, 1169
56, 8, Slot Policy, POLICY_DIPLOMATIC_LEAGUE, 200
56, 8, Slot Policy, POLICY_PRAETORIUM, 3127
56, 8, Slot Policy, POLICY_MONASTICISM, 2635
56, 8, Slot Policy, POLICY_SCRIPTURE, 673
56, 8, Civic, CIVIC_NAVAL_TRADITION, 156.6, 1
56, 8, Civic, CIVIC_MERCENARIES, 156.6, 1
56, 8, Civic, CIVIC_EXPLORATION, 2731.7, 2
56, 8, Civic, CIVIC_DIPLOMATIC_SERVICE, 532.6, 1
56, 8, Civic, CIVIC_REFORMED_CHURCH, 1886.7, 1
56, 8, Civic, CIVIC_THE_ENLIGHTENMENT, 733.1, 2
56, 8, Civic, CIVIC_COLONIALISM, 1795.5, 3
56, 8, Civic, CIVIC_NATIONALISM, 116145.0, 4
56, 8, Civic, CIVIC_OPERA_BALLET, 926.8, 4
56, 8, Civic, CIVIC_NATURAL_HISTORY, 2122.4, 5
56, 8, Civic, CIVIC_CONSERVATION, 2287.8, 11
56, 8, Policies, POLICY_SURVEY, 7.0
56, 8, Policies, POLICY_URBAN_PLANNING, 168.0
56, 8, Policies, POLICY_CONSCRIPTION, 397.0
56, 8, Policies, POLICY_LAND_SURVEYORS, 45.0
56, 8, Policies, POLICY_COLONIZATION, 4.0
56, 8, Policies, POLICY_INSPIRATION, 39.0
56, 8, Policies, POLICY_CHARISMATIC_LEADER, 14.0
56, 8, Policies, POLICY_DIPLOMATIC_LEAGUE, 337.0
56, 8, Policies, POLICY_LITERARY_TRADITION, 26.0
56, 8, Policies, POLICY_RAID, 3456.0
56, 8, Policies, POLICY_LIMES, 216.0
56, 8, Policies, POLICY_SCRIPTURE, 336.0
56, 8, Policies, POLICY_NAVIGATION, 31.0
56, 8, Policies, POLICY_RETAINERS, 445.0
56, 8, Policies, POLICY_TRADE_CONFEDERATION, 64.0
56, 8, Policies, POLICY_MERCHANT_CONFEDERATION, 108.0
56, 8, Policies, POLICY_AESTHETICS, 14.0
56, 8, Policies, POLICY_TRAVELING_MERCHANTS, 21.0
56, 8, Policies, POLICY_COLONIAL_OFFICES, 1758.0
56, 8, Policies, POLICY_INVENTION, 97.0
56, 8, Policies, POLICY_FRESCOES, 26.0
56, 8, Policies, POLICY_WARS_OF_RELIGION, 10.0
56, 8, Policies, POLICY_RELIGIOUS_ORDERS, 320.0
56, 8, Policies, POLICY_SIMULTANEUM, 480.0
56, 8, Policies, POLICY_LOGISTICS, 488.0
56, 8, Policies, POLICY_TRIANGULAR_TRADE, 62.0
56, 8, Policies, POLICY_RATIONALISM, 124.0
56, 8, Policies, POLICY_LIBERALISM, 459.0
56, 8, Policies, POLICY_COLONIAL_TAXES, 1847.0
56, 8, Policies, POLICY_PUBLIC_WORKS, 4.0
56, 8, Policies, POLICY_GRAND_OPERA, 84.0
56, 8, Policies, POLICY_SYMPHONIES, 47.0
56, 8, Policies, POLICY_PRAETORIUM, 3114.0
56, 8, Policies, POLICY_CIVIL_PRESTIGE, 1680.0
56, 8, Policies, POLICY_MONASTICISM, 4625.0
56, 8, Policies, POLICY_TWILIGHT_VALOR, 570.0
56, 8, Policies, POLICY_ISOLATIONISM, 336.0
56, 8, Policies, POLICY_DRILL_MANUALS, 93.0
56, 8, Policies, POLICY_EMPIRICAL_METHOD, 72.0
56, 8, Policies, POLICY_MASTER_ARTISANS, 44.0
56, 9, Civic, CIVIC_NAVAL_TRADITION, 144.6, 1
56, 9, Civic, CIVIC_MERCENARIES, 139.5, 2
56, 9, Civic, CIVIC_DIVINE_RIGHT, 2202.3, 2
56, 9, Civic, CIVIC_EXPLORATION, 2248.4, 4
56, 9, Civic, CIVIC_DIPLOMATIC_SERVICE, 485.7, 3
56, 9, Civic, CIVIC_REFORMED_CHURCH, 3428.0, 4
56, 9, Civic, CIVIC_THE_ENLIGHTENMENT, 591.6, 7
56, 9, Civic, CIVIC_COLONIALISM, 1383.1, 6
56, 9, Civic, CIVIC_CIVIL_ENGINEERING, 3813.8, 3
56, 9, Civic, CIVIC_NATIONALISM, 3775.9, 12
56, 9, Civic, CIVIC_OPERA_BALLET, 708.0, 13
56, 9, Civic, CIVIC_NATURAL_HISTORY, 1602.5, 11
56, 9, Civic, CIVIC_CONSERVATION, 1693.1, 22
56, 9, Policies, POLICY_SURVEY, 14.0
56, 9, Policies, POLICY_URBAN_PLANNING, 147.0
56, 9, Policies, POLICY_CONSCRIPTION, 228.0
56, 9, Policies, POLICY_LAND_SURVEYORS, 63.0
56, 9, Policies, POLICY_COLONIZATION, 43.0
56, 9, Policies, POLICY_INSPIRATION, 29.0
56, 9, Policies, POLICY_CHARISMATIC_LEADER, 14.0
56, 9, Policies, POLICY_DIPLOMATIC_LEAGUE, 225.0
56, 9, Policies, POLICY_LITERARY_TRADITION, 18.0
56, 9, Policies, POLICY_RAID, 3550.0
56, 9, Policies, POLICY_BASTIONS, 36.0
56, 9, Policies, POLICY_LIMES, 72.0
56, 9, Policies, POLICY_NATURAL_PHILOSOPHY, 165.0
56, 9, Policies, POLICY_SCRIPTURE, 408.0
56, 9, Policies, POLICY_NAVIGATION, 15.0
56, 9, Policies, POLICY_FEUDAL_CONTRACT, 31.0
56, 9, Policies, POLICY_RETAINERS, 56.0
56, 9, Policies, POLICY_PROFESSIONAL_ARMY, 43.0
56, 9, Policies, POLICY_TRADE_CONFEDERATION, 61.0
56, 9, Policies, POLICY_MERCHANT_CONFEDERATION, 111.0
56, 9, Policies, POLICY_AESTHETICS, 14.0
56, 9, Policies, POLICY_CRAFTSMEN, 71.0
56, 9, Policies, POLICY_TRAVELING_MERCHANTS, 21.0
56, 9, Policies, POLICY_COLONIAL_OFFICES, 1425.0
56, 9, Policies, POLICY_INVENTION, 64.0
56, 9, Policies, POLICY_FRESCOES, 18.0
56, 9, Policies, POLICY_WARS_OF_RELIGION, 10.0
56, 9, Policies, POLICY_RELIGIOUS_ORDERS, 270.0
56, 9, Policies, POLICY_SIMULTANEUM, 218.0
56, 9, Policies, POLICY_LOGISTICS, 239.0
56, 9, Policies, POLICY_TRIANGULAR_TRADE, 65.0
56, 9, Policies, POLICY_LIBERALISM, 346.0
56, 9, Policies, POLICY_COLONIAL_TAXES, 1521.0
56, 9, Policies, POLICY_GRANDE_ARMEE, 31.0
56, 9, Policies, POLICY_SYMPHONIES, 31.0
56, 9, Policies, POLICY_PRAETORIUM, 2471.0
56, 9, Policies, POLICY_CIVIL_PRESTIGE, 1280.0
56, 9, Policies, POLICY_DRILL_MANUALS, 45.0
56, 9, Policies, POLICY_HARD_SHELL_EXPLOSIVES, 10.0
56, 9, Policies, POLICY_EMPIRICAL_METHOD, 87.0
56, 9, Policies, POLICY_MASTER_ARTISANS, 58.0
56, 10, Civic, CIVIC_NAVAL_TRADITION, 79.3, 17
56, 10, Civic, CIVIC_EXPLORATION, 145.9, 45
56, 10, Civic, CIVIC_DIPLOMATIC_SERVICE, 532.6, 1
56, 10, Civic, CIVIC_REFORMED_CHURCH, 158.9, 45
56, 10, Civic, CIVIC_MERCANTILISM, 194.7, 1
56, 10, Civic, CIVIC_THE_ENLIGHTENMENT, 532.6, 77
56, 10, Civic, CIVIC_COLONIALISM, 194.7, 86
56, 10, Civic, CIVIC_CIVIL_ENGINEERING, 194.7, 110
56, 10, Civic, CIVIC_NATIONALISM, 532.6, 186
56, 10, Civic, CIVIC_OPERA_BALLET, 532.6, 162
56, 10, Civic, CIVIC_NATURAL_HISTORY, 194.7, 199
56, 10, Policies, POLICY_URBAN_PLANNING, 14.0
56, 10, Policies, POLICY_CARAVANSARIES, 14.0
56, 10, Policies, POLICY_CONSCRIPTION, 58.0
56, 10, Policies, POLICY_CHARISMATIC_LEADER, 14.0
56, 10, Policies, POLICY_BASTIONS, 6.0
56, 10, Policies, POLICY_LIMES, 67.0
56, 10, Policies, POLICY_RETAINERS, 86.0
56, 10, Policies, POLICY_TRADE_CONFEDERATION, 28.0
56, 10, Policies, POLICY_COLONIAL_OFFICES, 56.0
56, 10, Policies, POLICY_WARS_OF_RELIGION, 10.0
56, 10, Policies, POLICY_RELIGIOUS_ORDERS, 80.0
56, 10, Policies, POLICY_LOGISTICS, 80.0
56, 10, Policies, POLICY_TRIANGULAR_TRADE, 43.0
56, 10, Policies, POLICY_PRAETORIUM, 29.0
56, 10, Policies, POLICY_CIVIL_PRESTIGE, 208.0
56, 10, Policies, POLICY_SOVEREIGN_STATE, 90.0
56, 12, Civic, CIVIC_NAVAL_TRADITION, 80.1, 16
56, 12, Civic, CIVIC_MERCENARIES, 152.6, 1
56, 12, Civic, CIVIC_EXPLORATION, 259.5, 46
56, 12, Civic, CIVIC_DIPLOMATIC_SERVICE, 532.6, 1
56, 12, Civic, CIVIC_REFORMED_CHURCH, 82.4, 45
56, 12, Civic, CIVIC_MERCANTILISM, 163.7, 1
56, 12, Civic, CIVIC_THE_ENLIGHTENMENT, 532.6, 76
56, 12, Civic, CIVIC_COLONIALISM, 163.7, 85
56, 12, Civic, CIVIC_CIVIL_ENGINEERING, 163.7, 108
56, 12, Civic, CIVIC_NATIONALISM, 532.6, 183
56, 12, Civic, CIVIC_OPERA_BALLET, 532.6, 160
56, 12, Civic, CIVIC_NATURAL_HISTORY, 163.7, 196
56, 12, Policies, POLICY_URBAN_PLANNING, 14.0
56, 12, Policies, POLICY_CARAVANSARIES, 14.0
56, 12, Policies, POLICY_CONSCRIPTION, 22.0
56, 12, Policies, POLICY_CHARISMATIC_LEADER, 14.0
56, 12, Policies, POLICY_RAID, 19.0
56, 12, Policies, POLICY_BASTIONS, 6.0
56, 12, Policies, POLICY_LIMES, 66.0
56, 12, Policies, POLICY_NATURAL_PHILOSOPHY, 28.0
56, 12, Policies, POLICY_TRADE_CONFEDERATION, 28.0
56, 12, Policies, POLICY_COLONIAL_OFFICES, 38.0
56, 12, Policies, POLICY_LOGISTICS, 29.0
56, 12, Policies, POLICY_TRIANGULAR_TRADE, 43.0
56, 12, Policies, POLICY_PRAETORIUM, 29.0
56, 12, Policies, POLICY_CIVIL_PRESTIGE, 130.0
56, 12, Policies, POLICY_EQUESTRIAN_ORDERS, 75.0
56, 12, Policies, POLICY_SOVEREIGN_STATE, 90.0
56, 13, Civic, CIVIC_NAVAL_TRADITION, 87.3, 17
56, 13, Civic, CIVIC_MERCENARIES, 152.6, 1
56, 13, Civic, CIVIC_EXPLORATION, 277.0, 46
56, 13, Civic, CIVIC_DIPLOMATIC_SERVICE, 532.6, 1
56, 13, Civic, CIVIC_REFORMED_CHURCH, 89.2, 45
56, 13, Civic, CIVIC_MERCANTILISM, 163.7, 1
56, 13, Civic, CIVIC_THE_ENLIGHTENMENT, 532.6, 77
56, 13, Civic, CIVIC_COLONIALISM, 163.7, 86
56, 13, Civic, CIVIC_CIVIL_ENGINEERING, 163.7, 110
56, 13, Civic, CIVIC_NATIONALISM, 532.6, 186
56, 13, Civic, CIVIC_OPERA_BALLET, 532.6, 162
56, 13, Civic, CIVIC_NATURAL_HISTORY, 163.7, 199
56, 13, Policies, POLICY_URBAN_PLANNING, 14.0
56, 13, Policies, POLICY_CARAVANSARIES, 14.0
56, 13, Policies, POLICY_CONSCRIPTION, 36.0
56, 13, Policies, POLICY_CHARISMATIC_LEADER, 14.0
56, 13, Policies, POLICY_BASTIONS, 6.0
56, 13, Policies, POLICY_LIMES, 52.0
56, 13, Policies, POLICY_NAVAL_INFRASTRUCTURE, 28.0
56, 13, Policies, POLICY_RETAINERS, 88.0
56, 13, Policies, POLICY_TRADE_CONFEDERATION, 28.0
56, 13, Policies, POLICY_COLONIAL_OFFICES, 46.0
56, 13, Policies, POLICY_LOGISTICS, 42.0
56, 13, Policies, POLICY_TRIANGULAR_TRADE, 43.0
56, 13, Policies, POLICY_PRAETORIUM, 23.0
56, 13, Policies, POLICY_CIVIL_PRESTIGE, 176.0
56, 13, Policies, POLICY_SOVEREIGN_STATE, 90.0
56, 14, Civic, CIVIC_NAVAL_TRADITION, 87.3, 17
56, 14, Civic, CIVIC_MERCENARIES, 182.6, 1
56, 14, Civic, CIVIC_EXPLORATION, 277.6, 46
56, 14, Civic, CIVIC_DIPLOMATIC_SERVICE, 532.6, 1
56, 14, Civic, CIVIC_REFORMED_CHURCH, 92.8, 45
56, 14, Civic, CIVIC_MERCANTILISM, 207.7, 1
56, 14, Civic, CIVIC_THE_ENLIGHTENMENT, 532.6, 77
56, 14, Civic, CIVIC_COLONIALISM, 207.7, 86
56, 14, Civic, CIVIC_CIVIL_ENGINEERING, 207.7, 110
56, 14, Civic, CIVIC_NATIONALISM, 532.6, 186
56, 14, Civic, CIVIC_OPERA_BALLET, 532.6, 162
56, 14, Civic, CIVIC_NATURAL_HISTORY, 207.7, 199
56, 14, Policies, POLICY_URBAN_PLANNING, 14.0
56, 14, Policies, POLICY_CARAVANSARIES, 29.0
56, 14, Policies, POLICY_CONSCRIPTION, 22.0
56, 14, Policies, POLICY_CHARISMATIC_LEADER, 14.0
56, 14, Policies, POLICY_BASTIONS, 6.0
56, 14, Policies, POLICY_LIMES, 61.0
56, 14, Policies, POLICY_NAVAL_INFRASTRUCTURE, 28.0
56, 14, Policies, POLICY_RETAINERS, 14.0
56, 14, Policies, POLICY_TRADE_CONFEDERATION, 58.0
56, 14, Policies, POLICY_TOWN_CHARTERS, 14.0
56, 14, Policies, POLICY_COLONIAL_OFFICES, 37.0
56, 14, Policies, POLICY_WARS_OF_RELIGION, 10.0
56, 14, Policies, POLICY_RELIGIOUS_ORDERS, 30.0
56, 14, Policies, POLICY_LOGISTICS, 33.0
56, 14, Policies, POLICY_TRIANGULAR_TRADE, 87.0
56, 14, Policies, POLICY_PRAETORIUM, 26.0
56, 14, Policies, POLICY_CIVIL_PRESTIGE, 45.0
56, 14, Policies, POLICY_SOVEREIGN_STATE, 90.0
56, 15, Civic, CIVIC_NAVAL_TRADITION, 84.7, 15
56, 15, Civic, CIVIC_MERCENARIES, 152.6, 1
56, 15, Civic, CIVIC_EXPLORATION, 261.7, 42
56, 15, Civic, CIVIC_DIPLOMATIC_SERVICE, 532.6, 1
56, 15, Civic, CIVIC_REFORMED_CHURCH, 80.2, 41
56, 15, Civic, CIVIC_MERCANTILISM, 191.7, 1
56, 15, Civic, CIVIC_THE_ENLIGHTENMENT, 532.6, 70
56, 15, Civic, CIVIC_COLONIALISM, 191.7, 78
56, 15, Civic, CIVIC_CIVIL_ENGINEERING, 191.7, 99
56, 15, Civic, CIVIC_NATIONALISM, 532.6, 168
56, 15, Civic, CIVIC_OPERA_BALLET, 532.6, 147
56, 15, Civic, CIVIC_NATURAL_HISTORY, 191.7, 180
56, 15, Policies, POLICY_URBAN_PLANNING, 14.0
56, 15, Policies, POLICY_CARAVANSARIES, 14.0
56, 15, Policies, POLICY_CONSCRIPTION, 51.0
56, 15, Policies, POLICY_CHARISMATIC_LEADER, 14.0
56, 15, Policies, POLICY_BASTIONS, 6.0
56, 15, Policies, POLICY_RETAINERS, 14.0
56, 15, Policies, POLICY_TRADE_CONFEDERATION, 28.0
56, 15, Policies, POLICY_COLONIAL_OFFICES, 43.0
56, 15, Policies, POLICY_LOGISTICS, 71.0
56, 15, Policies, POLICY_TRIANGULAR_TRADE, 43.0
56, 15, Policies, POLICY_PRAETORIUM, 29.0
56, 15, Policies, POLICY_CIVIL_PRESTIGE, 109.0
56, 15, Policies, POLICY_EQUESTRIAN_ORDERS, 25.0
56, 15, Policies, POLICY_SOVEREIGN_STATE, 90.0
56, 17, Civic, CIVIC_NAVAL_TRADITION, 63.4, 22
56, 17, Civic, CIVIC_DIVINE_RIGHT, 331.1, 1
56, 17, Civic, CIVIC_EXPLORATION, 134.0, 38
56, 17, Civic, CIVIC_HUMANISM, 160.8, 1
56, 17, Civic, CIVIC_DIPLOMATIC_SERVICE, 532.6, 1
56, 17, Civic, CIVIC_REFORMED_CHURCH, 331.1, 53
56, 17, Civic, CIVIC_MERCANTILISM, 353.5, 2
56, 17, Civic, CIVIC_THE_ENLIGHTENMENT, 693.4, 87
56, 17, Civic, CIVIC_COLONIALISM, 353.5, 96
56, 17, Civic, CIVIC_CIVIL_ENGINEERING, 353.5, 121
56, 17, Civic, CIVIC_NATIONALISM, 693.4, 206
56, 17, Civic, CIVIC_OPERA_BALLET, 693.4, 181
56, 17, Policies, POLICY_SURVEY, 7.0
56, 17, Policies, POLICY_URBAN_PLANNING, 14.0
56, 17, Policies, POLICY_CARAVANSARIES, 14.0
56, 17, Policies, POLICY_CONSCRIPTION, 51.0
56, 17, Policies, POLICY_CHARISMATIC_LEADER, 14.0
56, 17, Policies, POLICY_RAID, 11.0
56, 17, Policies, POLICY_BASTIONS, 6.0
56, 17, Policies, POLICY_LIMES, 13.0
56, 17, Policies, POLICY_RETAINERS, 14.0
56, 17, Policies, POLICY_TRADE_CONFEDERATION, 28.0
56, 17, Policies, POLICY_COLONIAL_OFFICES, 54.0
56, 17, Policies, POLICY_LOGISTICS, 82.0
56, 17, Policies, POLICY_TRIANGULAR_TRADE, 43.0
56, 17, Policies, POLICY_PRAETORIUM, 35.0
56, 17, Policies, POLICY_CIVIL_PRESTIGE, 64.0
56, 17, Policies, POLICY_EQUESTRIAN_ORDERS, 56.0
56, 17, Policies, POLICY_SOVEREIGN_STATE, 90.0
56, 18, Civic, CIVIC_MILITARY_TRAINING, 164.7, 1
56, 18, Civic, CIVIC_NAVAL_TRADITION, 26.3, 44
56, 18, Civic, CIVIC_CIVIL_SERVICE, 220.7, 1
56, 18, Civic, CIVIC_MERCENARIES, 304.1, 2
56, 18, Civic, CIVIC_MEDIEVAL_FAIRES, 140.7, 1
56, 18, Civic, CIVIC_GUILDS, 356.4, 2
56, 18, Civic, CIVIC_DIVINE_RIGHT, 459.7, 2
56, 18, Civic, CIVIC_EXPLORATION, 444.8, 108
56, 18, Civic, CIVIC_HUMANISM, 638.9, 4
56, 18, Civic, CIVIC_DIPLOMATIC_SERVICE, 842.1, 3
56, 18, Civic, CIVIC_REFORMED_CHURCH, 595.5, 108
56, 18, Policies, POLICY_URBAN_PLANNING, 14.0
56, 18, Policies, POLICY_CARAVANSARIES, 14.0
56, 18, Policies, POLICY_CHARISMATIC_LEADER, 14.0
56, 18, Policies, POLICY_LIMES, 40.0
56, 18, Policies, POLICY_TRADE_CONFEDERATION, 28.0
56, 18, Policies, POLICY_PRAETORIUM, 14.0
56, 18, Policies, POLICY_CIVIL_PRESTIGE, 85.0
56, 18, Policies, POLICY_SOVEREIGN_STATE, 90.0
56, 20, Civic, CIVIC_NAVAL_TRADITION, 88.2, 14
56, 20, Civic, CIVIC_MERCENARIES, 152.6, 1
56, 20, Civic, CIVIC_EXPLORATION, 264.2, 39
56, 20, Civic, CIVIC_DIPLOMATIC_SERVICE, 532.6, 1
56, 20, Civic, CIVIC_REFORMED_CHURCH, 90.2, 38
56, 20, Civic, CIVIC_MERCANTILISM, 190.7, 1
56, 20, Civic, CIVIC_THE_ENLIGHTENMENT, 532.6, 66
56, 20, Civic, CIVIC_COLONIALISM, 190.7, 74
56, 20, Civic, CIVIC_CIVIL_ENGINEERING, 190.7, 94
56, 20, Civic, CIVIC_NATIONALISM, 532.6, 159
56, 20, Civic, CIVIC_OPERA_BALLET, 532.6, 139
56, 20, Civic, CIVIC_NATURAL_HISTORY, 190.7, 170
56, 20, Policies, POLICY_URBAN_PLANNING, 14.0
56, 20, Policies, POLICY_CARAVANSARIES, 14.0
56, 20, Policies, POLICY_CONSCRIPTION, 51.0
56, 20, Policies, POLICY_CHARISMATIC_LEADER, 14.0
56, 20, Policies, POLICY_BASTIONS, 6.0
56, 20, Policies, POLICY_LIMES, 51.0
56, 20, Policies, POLICY_RETAINERS, 81.0
56, 20, Policies, POLICY_TRADE_CONFEDERATION, 28.0
56, 20, Policies, POLICY_COLONIAL_OFFICES, 39.0
56, 20, Policies, POLICY_LOGISTICS, 70.0
56, 20, Policies, POLICY_TRIANGULAR_TRADE, 43.0
56, 20, Policies, POLICY_PRAETORIUM, 20.0
56, 20, Policies, POLICY_CIVIL_PRESTIGE, 133.0
56, 20, Policies, POLICY_SOVEREIGN_STATE, 90.0
56, 21, Civic, CIVIC_NAVAL_TRADITION, 74.3, 19
56, 21, Civic, CIVIC_MERCENARIES, 152.6, 1
56, 21, Civic, CIVIC_EXPLORATION, 152.6, 52
56, 21, Civic, CIVIC_DIPLOMATIC_SERVICE, 532.6, 1
56, 21, Civic, CIVIC_REFORMED_CHURCH, 0.0, 51
56, 21, Civic, CIVIC_MERCANTILISM, 206.7, 1
56, 21, Civic, CIVIC_THE_ENLIGHTENMENT, 532.6, 86
56, 21, Civic, CIVIC_COLONIALISM, 206.7, 96
56, 21, Civic, CIVIC_CIVIL_ENGINEERING, 206.7, 122
56, 21, Civic, CIVIC_NATIONALISM, 532.6, 207
56, 21, Civic, CIVIC_OPERA_BALLET, 532.6, 181
56, 21, Civic, CIVIC_NATURAL_HISTORY, 206.7, 222
56, 21, Policies, POLICY_URBAN_PLANNING, 14.0
56, 21, Policies, POLICY_CARAVANSARIES, 14.0
56, 21, Policies, POLICY_CONSCRIPTION, 66.0
56, 21, Policies, POLICY_CHARISMATIC_LEADER, 14.0
56, 21, Policies, POLICY_BASTIONS, 6.0
56, 21, Policies, POLICY_LIMES, 13.0
56, 21, Policies, POLICY_TRADE_CONFEDERATION, 28.0
56, 21, Policies, POLICY_LOGISTICS, 91.0
56, 21, Policies, POLICY_TRIANGULAR_TRADE, 43.0
56, 21, Policies, POLICY_PRAETORIUM, 29.0
56, 21, Policies, POLICY_CIVIL_PRESTIGE, 237.0
56, 21, Policies, POLICY_EQUESTRIAN_ORDERS, 65.0
56, 21, Policies, POLICY_SOVEREIGN_STATE, 90.0
56, 62, Civic, CIVIC_MILITARY_TRADITION, 96.1, 20
56, 62, Civic, CIVIC_STATE_WORKFORCE, 79.3, 28
56, 62, Civic, CIVIC_MYSTICISM, 130.4, 20
56, 62, Civic, CIVIC_GAMES_RECREATION, 79.3, 72
56, 62, Civic, CIVIC_POLITICAL_PHILOSOPHY, 79.3, 72
56, 62, Civic, CIVIC_DRAMA_POETRY, 26.3, 44
56, 62, Civic, CIVIC_MILITARY_TRAINING, 175.4, 140
56, 62, Civic, CIVIC_DEFENSIVE_TACTICS, 79.3, 186
56, 62, Civic, CIVIC_RECORDED_HISTORY, 105.6, 186
56, 62, Civic, CIVIC_THEOLOGY, 156.7, 112
56, 62, Policies, POLICY_CARAVANSARIES, 14.0
56, 0, Civic, CIVIC_NAVAL_TRADITION, 178.6, 1
56, 0, Civic, CIVIC_DIPLOMATIC_SERVICE, 511.1, 2
56, 0, Civic, CIVIC_REFORMED_CHURCH, 747.7, 2
56, 0, Civic, CIVIC_MERCANTILISM, 541.7, 1
56, 0, Civic, CIVIC_THE_ENLIGHTENMENT, 899.8, 5
56, 0, Civic, CIVIC_COLONIALISM, 1911.3, 5
56, 0, Civic, CIVIC_CIVIL_ENGINEERING, 541.7, 4
56, 0, Civic, CIVIC_NATIONALISM, 899.8, 8
56, 0, Civic, CIVIC_OPERA_BALLET, 1068.9, 9
56, 0, Civic, CIVIC_NATURAL_HISTORY, 3242.3, 10
56, 0, Policies, POLICY_SURVEY, 15.0
56, 0, Policies, POLICY_URBAN_PLANNING, 192.0
56, 0, Policies, POLICY_CARAVANSARIES, 174.0
56, 0, Policies, POLICY_CONSCRIPTION, 51.0
56, 0, Policies, POLICY_LAND_SURVEYORS, 270.0
56, 0, Policies, POLICY_COLONIZATION, 124.0
56, 0, Policies, POLICY_INSPIRATION, 34.0
56, 0, Policies, POLICY_CHARISMATIC_LEADER, 14.0
56, 0, Policies, POLICY_DIPLOMATIC_LEAGUE, 337.0
56, 0, Policies, POLICY_LITERARY_TRADITION, 17.0
56, 0, Policies, POLICY_RAID, 2891.0
56, 0, Policies, POLICY_LIMES, 1150.0
56, 0, Policies, POLICY_NATURAL_PHILOSOPHY, 397.0
56, 0, Policies, POLICY_NAVAL_INFRASTRUCTURE, 42.0
56, 0, Policies, POLICY_NAVIGATION, 31.0
56, 0, Policies, POLICY_FEUDAL_CONTRACT, 47.0
56, 0, Policies, POLICY_RETAINERS, 527.0
56, 0, Policies, POLICY_PROFESSIONAL_ARMY, 39.0
56, 0, Policies, POLICY_TRADE_CONFEDERATION, 328.0
56, 0, Policies, POLICY_MERCHANT_CONFEDERATION, 187.0
56, 0, Policies, POLICY_TOWN_CHARTERS, 288.0
56, 0, Policies, POLICY_TRAVELING_MERCHANTS, 28.0
56, 0, Policies, POLICY_PRESS_GANGS, 51.0
56, 0, Policies, POLICY_COLONIAL_OFFICES, 775.0
56, 0, Policies, POLICY_INVENTION, 43.0
56, 0, Policies, POLICY_FRESCOES, 17.0
56, 0, Policies, POLICY_WARS_OF_RELIGION, 10.0
56, 0, Policies, POLICY_RELIGIOUS_ORDERS, 70.0
56, 0, Policies, POLICY_LOGISTICS, 46.0
56, 0, Policies, POLICY_TRIANGULAR_TRADE, 421.0
56, 0, Policies, POLICY_RATIONALISM, 374.0
56, 0, Policies, POLICY_FREE_MARKET, 306.0
56, 0, Policies, POLICY_LIBERALISM, 846.0
56, 0, Policies, POLICY_COLONIAL_TAXES, 1210.0
56, 0, Policies, POLICY_SYMPHONIES, 31.0
56, 0, Policies, POLICY_PRAETORIUM, 1174.0
56, 0, Policies, POLICY_CIVIL_PRESTIGE, 1500.0
56, 0, Policies, POLICY_DRILL_MANUALS, 75.0
56, 1, Civic, CIVIC_THEOLOGY, 186.7, 1
56, 1, Civic, CIVIC_NAVAL_TRADITION, 239.6, 1
56, 1, Civic, CIVIC_DIVINE_RIGHT, 1189.7, 2
56, 1, Civic, CIVIC_REFORMED_CHURCH, 1926.1, 3
56, 1, Civic, CIVIC_COLONIALISM, 1941.6, 1
56, 1, Civic, CIVIC_CIVIL_ENGINEERING, 0.0, 1
56, 1, Civic, CIVIC_OPERA_BALLET, 290.7, 1
56, 1, Civic, CIVIC_NATURAL_HISTORY, 2312.2, 3
56, 1, Civic, CIVIC_SCORCHED_EARTH, 3219.5, 3
56, 1, Civic, CIVIC_URBANIZATION, 1863.4, 4
56, 1, Civic, CIVIC_CONSERVATION, 2504.8, 7
56, 1, Civic, CIVIC_MASS_MEDIA, 4175.6, 11
56, 1, Civic, CIVIC_MOBILIZATION, 5082.9, 11
56, 1, Policies, POLICY_SURVEY, 15.0
56, 1, Policies, POLICY_GOD_KING, 22.0
56, 1, Policies, POLICY_CONSCRIPTION, 14.0
56, 1, Policies, POLICY_LAND_SURVEYORS, 189.0
56, 1, Policies, POLICY_COLONIZATION, 155.0
56, 1, Policies, POLICY_INSPIRATION, 58.0
56, 1, Policies, POLICY_CHARISMATIC_LEADER, 14.0
56, 1, Policies, POLICY_DIPLOMATIC_LEAGUE, 337.0
56, 1, Policies, POLICY_LITERARY_TRADITION, 34.0
56, 1, Policies, POLICY_RAID, 2891.0
56, 1, Policies, POLICY_LIMES, 1063.0
56, 1, Policies, POLICY_NATURAL_PHILOSOPHY, 384.0
56, 1, Policies, POLICY_NAVAL_INFRASTRUCTURE, 103.0
56, 1, Policies, POLICY_NAVIGATION, 47.0
56, 1, Policies, POLICY_RETAINERS, 70.0
56, 1, Policies, POLICY_PROFESSIONAL_ARMY, 44.0
56, 1, Policies, POLICY_TRADE_CONFEDERATION, 591.0
56, 1, Policies, POLICY_MERCHANT_CONFEDERATION, 249.0
56, 1, Policies, POLICY_AESTHETICS, 102.0
56, 1, Policies, POLICY_CRAFTSMEN, 116.0
56, 1, Policies, POLICY_TOWN_CHARTERS, 318.0
56, 1, Policies, POLICY_TRAVELING_MERCHANTS, 43.0
56, 1, Policies, POLICY_COLONIAL_OFFICES, 1121.0
56, 1, Policies, POLICY_INVENTION, 130.0
56, 1, Policies, POLICY_FRESCOES, 34.0
56, 1, Policies, POLICY_MACHIAVELLIANISM, 155.0
56, 1, Policies, POLICY_RELIGIOUS_ORDERS, 8.0
56, 1, Policies, POLICY_LOGISTICS, 7.0
56, 1, Policies, POLICY_TRIANGULAR_TRADE, 722.0
56, 1, Policies, POLICY_RATIONALISM, 731.0
56, 1, Policies, POLICY_FREE_MARKET, 162.0
56, 1, Policies, POLICY_LIBERALISM, 126.0
56, 1, Policies, POLICY_COLONIAL_TAXES, 1905.0
56, 1, Policies, POLICY_NATIONAL_IDENTITY, 1.0
56, 1, Policies, POLICY_GRAND_OPERA, 100.0
56, 1, Policies, POLICY_SYMPHONIES, 62.0
56, 1, Policies, POLICY_TOTAL_WAR, 2891.0
56, 1, Policies, POLICY_EXPROPRIATION, 344.0
56, 1, Policies, POLICY_MILITARY_RESEARCH, 1620.0
56, 1, Policies, POLICY_PRAETORIUM, 1664.0
56, 1, Policies, POLICY_CIVIL_PRESTIGE, 1175.0
56, 1, Policies, POLICY_WISSELBANKEN, 282.0
56, 1, Policies, POLICY_EQUESTRIAN_ORDERS, 31.0
56, 1, Policies, POLICY_FORCE_MODERNIZATION, 44.0
56, 2, Civic, CIVIC_NAVAL_TRADITION, 177.6, 1
56, 2, Civic, CIVIC_DIPLOMATIC_SERVICE, 719.6, 1
56, 2, Civic, CIVIC_THE_ENLIGHTENMENT, 991.1, 3
56, 2, Civic, CIVIC_COLONIALISM, 1080.5, 3
56, 2, Civic, CIVIC_CIVIL_ENGINEERING, 0.0, 2
56, 2, Civic, CIVIC_NATIONALISM, 991.1, 5
56, 2, Civic, CIVIC_OPERA_BALLET, 1176.8, 6
56, 2, Civic, CIVIC_NATURAL_HISTORY, 1349.1, 8
56, 2, Civic, CIVIC_CONSERVATION, 1492.8, 15
56, 2, Policies, POLICY_SURVEY, 37.0
56, 2, Policies, POLICY_URBAN_PLANNING, 147.0
56, 2, Policies, POLICY_CONSCRIPTION, 95.0
56, 2, Policies, POLICY_LAND_SURVEYORS, 190.0
56, 2, Policies, POLICY_COLONIZATION, 80.0
56, 2, Policies, POLICY_INSPIRATION, 20.0
56, 2, Policies, POLICY_CHARISMATIC_LEADER, 14.0
56, 2, Policies, POLICY_DIPLOMATIC_LEAGUE, 337.0
56, 2, Policies, POLICY_LITERARY_TRADITION, 15.0
56, 2, Policies, POLICY_RAID, 2638.0
56, 2, Policies, POLICY_LIMES, 788.0
56, 2, Policies, POLICY_NATURAL_PHILOSOPHY, 106.0
56, 2, Policies, POLICY_SCRIPTURE, 466.0
56, 2, Policies, POLICY_NAVAL_INFRASTRUCTURE, 43.0
56, 2, Policies, POLICY_NAVIGATION, 31.0
56, 2, Policies, POLICY_FEUDAL_CONTRACT, 7.0
56, 2, Policies, POLICY_RETAINERS, 42.0
56, 2, Policies, POLICY_PROFESSIONAL_ARMY, 108.0
56, 2, Policies, POLICY_TRADE_CONFEDERATION, 177.0
56, 2, Policies, POLICY_MERCHANT_CONFEDERATION, 113.0
56, 2, Policies, POLICY_TOWN_CHARTERS, 113.0
56, 2, Policies, POLICY_TRAVELING_MERCHANTS, 21.0
56, 2, Policies, POLICY_PRESS_GANGS, 9.0
56, 2, Policies, POLICY_COLONIAL_OFFICES, 675.0
56, 2, Policies, POLICY_INVENTION, 37.0
56, 2, Policies, POLICY_FRESCOES, 15.0
56, 2, Policies, POLICY_WARS_OF_RELIGION, 10.0
56, 2, Policies, POLICY_RELIGIOUS_ORDERS, 87.0
56, 2, Policies, POLICY_SIMULTANEUM, 741.0
56, 2, Policies, POLICY_LOGISTICS, 104.0
56, 2, Policies, POLICY_TRIANGULAR_TRADE, 267.0
56, 2, Policies, POLICY_RATIONALISM, 198.0
56, 2, Policies, POLICY_FREE_MARKET, 150.0
56, 2, Policies, POLICY_LIBERALISM, 84.0
56, 2, Policies, POLICY_COLONIAL_TAXES, 1100.0
56, 2, Policies, POLICY_SYMPHONIES, 31.0
56, 2, Policies, POLICY_PRAETORIUM, 910.0
56, 2, Policies, POLICY_CIVIL_PRESTIGE, 1000.0
56, 2, Policies, POLICY_WISSELBANKEN, 249.0
56, 3, Civic, CIVIC_NAVAL_TRADITION, 156.6, 1
56, 3, Civic, CIVIC_MERCANTILISM, 953.8, 2
56, 3, Civic, CIVIC_THE_ENLIGHTENMENT, 673.5, 2
56, 3, Civic, CIVIC_COLONIALISM, 2604.8, 6
56, 3, Civic, CIVIC_CIVIL_ENGINEERING, 13433.9, 5
56, 3, Civic, CIVIC_NATIONALISM, 13966.7, 5
56, 3, Civic, CIVIC_OPERA_BALLET, 859.1, 6
56, 3, Civic, CIVIC_NATURAL_HISTORY, 2842.2, 11
56, 3, Civic, CIVIC_SCORCHED_EARTH, 14100.0, 11
56, 3, Civic, CIVIC_URBANIZATION, 27531.4, 16
56, 3, Policies, POLICY_SURVEY, 37.0
56, 3, Policies, POLICY_URBAN_PLANNING, 198.0
56, 3, Policies, POLICY_CARAVANSARIES, 294.0
56, 3, Policies, POLICY_LAND_SURVEYORS, 409.5
56, 3, Policies, POLICY_COLONIZATION, 262.0
56, 3, Policies, POLICY_INSPIRATION, 20.0
56, 3, Policies, POLICY_CHARISMATIC_LEADER, 14.0
56, 3, Policies, POLICY_DIPLOMATIC_LEAGUE, 337.0
56, 3, Policies, POLICY_LITERARY_TRADITION, 17.0
56, 3, Policies, POLICY_RAID, 3404.0
56, 3, Policies, POLICY_LIMES, 1627.0
56, 3, Policies, POLICY_NATURAL_PHILOSOPHY, 138.0
56, 3, Policies, POLICY_SCRIPTURE, 2085.0
56, 3, Policies, POLICY_NAVAL_INFRASTRUCTURE, 32.0
56, 3, Policies, POLICY_NAVIGATION, 15.0
56, 3, Policies, POLICY_RETAINERS, 651.0
56, 3, Policies, POLICY_TRADE_CONFEDERATION, 383.0
56, 3, Policies, POLICY_MERCHANT_CONFEDERATION, 176.0
56, 3, Policies, POLICY_TOWN_CHARTERS, 261.0
56, 3, Policies, POLICY_TRAVELING_MERCHANTS, 21.0
56, 3, Policies, POLICY_PRESS_GANGS, 302.0
56, 3, Policies, POLICY_COLONIAL_OFFICES, 698.0
56, 3, Policies, POLICY_INVENTION, 37.0
56, 3, Policies, POLICY_FRESCOES, 17.0
56, 3, Policies, POLICY_MACHIAVELLIANISM, 218.0
56, 3, Policies, POLICY_SIMULTANEUM, 2929.0
56, 3, Policies, POLICY_LOGISTICS, 1.0
56, 3, Policies, POLICY_TRIANGULAR_TRADE, 838.0
56, 3, Policies, POLICY_RATIONALISM, 147.0
56, 3, Policies, POLICY_FREE_MARKET, 455.0
56, 3, Policies, POLICY_LIBERALISM, 951.0
56, 3, Policies, POLICY_COLONIAL_TAXES, 1557.0
56, 3, Policies, POLICY_PUBLIC_WORKS, 38.0
56, 3, Policies, POLICY_NATIONAL_IDENTITY, 1.0
56, 3, Policies, POLICY_SYMPHONIES, 31.0
56, 3, Policies, POLICY_TOTAL_WAR, 3404.0
56, 3, Policies, POLICY_EXPROPRIATION, 671.5
56, 3, Policies, POLICY_MILITARY_RESEARCH, 1452.0
56, 3, Policies, POLICY_ECONOMIC_UNION, 7.0
56, 3, Policies, POLICY_PRAETORIUM, 837.0
56, 3, Policies, POLICY_CIVIL_PRESTIGE, 2251.0
56, 3, Policies, POLICY_EQUESTRIAN_ORDERS, 106.0
56, 3, Policies, POLICY_EMPIRICAL_METHOD, 234.0
56, 4, Civic, CIVIC_NAVAL_TRADITION, 167.6, 1
56, 4, Civic, CIVIC_REFORMED_CHURCH, 871.2, 1
56, 4, Civic, CIVIC_COLONIALISM, 1637.5, 2
56, 4, Civic, CIVIC_OPERA_BALLET, 322.7, 1
56, 4, Civic, CIVIC_NATURAL_HISTORY, 1974.7, 4
56, 4, Civic, CIVIC_SCORCHED_EARTH, 3486.5, 3
56, 4, Civic, CIVIC_URBANIZATION, 2052.8, 3
56, 4, Civic, CIVIC_CONSERVATION, 2159.3, 8
56, 4, Civic, CIVIC_MASS_MEDIA, 608874.3, 11
56, 4, Civic, CIVIC_MOBILIZATION, 636037.1, 10
56, 4, Policies, POLICY_SURVEY, 23.0
56, 4, Policies, POLICY_CONSCRIPTION, 73.0
56, 4, Policies, POLICY_LAND_SURVEYORS, 249.5
56, 4, Policies, POLICY_COLONIZATION, 181.0
56, 4, Policies, POLICY_INSPIRATION, 64.0
56, 4, Policies, POLICY_CHARISMATIC_LEADER, 14.0
56, 4, Policies, POLICY_DIPLOMATIC_LEAGUE, 337.0
56, 4, Policies, POLICY_LITERARY_TRADITION, 26.0
56, 4, Policies, POLICY_RAID, 3144.0
56, 4, Policies, POLICY_LIMES, 737.0
56, 4, Policies, POLICY_NAVIGATION, 31.0
56, 4, Policies, POLICY_RETAINERS, 42.0
56, 4, Policies, POLICY_PROFESSIONAL_ARMY, 43.0
56, 4, Policies, POLICY_TRADE_CONFEDERATION, 549.0
56, 4, Policies, POLICY_MERCHANT_CONFEDERATION, 230.0
56, 4, Policies, POLICY_AESTHETICS, 58.0
56, 4, Policies, POLICY_TRAVELING_MERCHANTS, 28.0
56, 4, Policies, POLICY_CHIVALRY, 196.0
56, 4, Policies, POLICY_COLONIAL_OFFICES, 1003.0
56, 4, Policies, POLICY_INVENTION, 100.0
56, 4, Policies, POLICY_FRESCOES, 52.0
56, 4, Policies, POLICY_MACHIAVELLIANISM, 173.0
56, 4, Policies, POLICY_RELIGIOUS_ORDERS, 100.0
56, 4, Policies, POLICY_LOGISTICS, 60.0
56, 4, Policies, POLICY_TRIANGULAR_TRADE, 527.0
56, 4, Policies, POLICY_RATIONALISM, 815.0
56, 4, Policies, POLICY_FREE_MARKET, 180.0
56, 4, Policies, POLICY_LIBERALISM, 126.0
56, 4, Policies, POLICY_COLONIAL_TAXES, 1604.0
56, 4, Policies, POLICY_PUBLIC_WORKS, 24.0
56, 4, Policies, POLICY_GRANDE_ARMEE, 194.0
56, 4, Policies, POLICY_NATIONAL_IDENTITY, 26.0
56, 4, Policies, POLICY_GRAND_OPERA, 150.0
56, 4, Policies, POLICY_SYMPHONIES, 47.0
56, 4, Policies, POLICY_TOTAL_WAR, 3144.0
56, 4, Policies, POLICY_EXPROPRIATION, 430.5
56, 4, Policies, POLICY_MILITARY_RESEARCH, 2382.0
56, 4, Policies, POLICY_PROPAGANDA, 73.0
56, 4, Policies, POLICY_LEVEE_EN_MASSE, 147.0
56, 4, Policies, POLICY_ECONOMIC_UNION, 218.0
56, 4, Policies, POLICY_MILITARY_FIRST, 194.0
56, 4, Policies, POLICY_PRAETORIUM, 1533.0
56, 4, Policies, POLICY_CIVIL_PRESTIGE, 1112.0
56, 4, Policies, POLICY_FORCE_MODERNIZATION, 43.0
56, 4, Policies, POLICY_EMPIRICAL_METHOD, 732.0
56, 4, Policies, POLICY_MASTER_ARTISANS, 350.0
56, 3, Civic, CIVIC_NAVAL_TRADITION, 156.6, 1
56, 3, Civic, CIVIC_MERCANTILISM, 953.8, 2
56, 3, Civic, CIVIC_THE_ENLIGHTENMENT, 673.5, 2
56, 3, Civic, CIVIC_COLONIALISM, 2604.8, 6
56, 3, Civic, CIVIC_CIVIL_ENGINEERING, 13433.9, 5
56, 3, Civic, CIVIC_NATIONALISM, 13966.7, 5
56, 3, Civic, CIVIC_OPERA_BALLET, 859.1, 6
56, 3, Civic, CIVIC_NATURAL_HISTORY, 2842.2, 11
56, 3, Civic, CIVIC_SCORCHED_EARTH, 14100.0, 11
56, 3, Civic, CIVIC_URBANIZATION, 27531.4, 16
56, 3, Policies, POLICY_SURVEY, 37.0
56, 3, Policies, POLICY_URBAN_PLANNING, 198.0
56, 3, Policies, POLICY_CARAVANSARIES, 294.0
56, 3, Policies, POLICY_LAND_SURVEYORS, 409.5
56, 3, Policies, POLICY_COLONIZATION, 262.0
56, 3, Policies, POLICY_INSPIRATION, 20.0
56, 3, Policies, POLICY_CHARISMATIC_LEADER, 14.0
56, 3, Policies, POLICY_DIPLOMATIC_LEAGUE, 337.0
56, 3, Policies, POLICY_LITERARY_TRADITION, 17.0
56, 3, Policies, POLICY_RAID, 3404.0
56, 3, Policies, POLICY_LIMES, 1627.0
56, 3, Policies, POLICY_NATURAL_PHILOSOPHY, 138.0
56, 3, Policies, POLICY_SCRIPTURE, 2085.0
56, 3, Policies, POLICY_NAVAL_INFRASTRUCTURE, 32.0
56, 3, Policies, POLICY_NAVIGATION, 15.0
56, 3, Policies, POLICY_RETAINERS, 651.0
56, 3, Policies, POLICY_TRADE_CONFEDERATION, 383.0
56, 3, Policies, POLICY_MERCHANT_CONFEDERATION, 176.0
56, 3, Policies, POLICY_TOWN_CHARTERS, 261.0
56, 3, Policies, POLICY_TRAVELING_MERCHANTS, 21.0
56, 3, Policies, POLICY_PRESS_GANGS, 302.0
56, 3, Policies, POLICY_COLONIAL_OFFICES, 698.0
56, 3, Policies, POLICY_INVENTION, 37.0
56, 3, Policies, POLICY_FRESCOES, 17.0
56, 3, Policies, POLICY_MACHIAVELLIANISM, 218.0
56, 3, Policies, POLICY_SIMULTANEUM, 2929.0
56, 3, Policies, POLICY_LOGISTICS, 1.0
56, 3, Policies, POLICY_TRIANGULAR_TRADE, 838.0
56, 3, Policies, POLICY_RATIONALISM, 147.0
56, 3, Policies, POLICY_FREE_MARKET, 455.0
56, 3, Policies, POLICY_LIBERALISM, 951.0
56, 3, Policies, POLICY_COLONIAL_TAXES, 1557.0
56, 3, Policies, POLICY_PUBLIC_WORKS, 38.0
56, 3, Policies, POLICY_NATIONAL_IDENTITY, 1.0
56, 3, Policies, POLICY_SYMPHONIES, 31.0
56, 3, Policies, POLICY_TOTAL_WAR, 3404.0
56, 3, Policies, POLICY_EXPROPRIATION, 671.5
56, 3, Policies, POLICY_MILITARY_RESEARCH, 1452.0
56, 3, Policies, POLICY_ECONOMIC_UNION, 7.0
56, 3, Policies, POLICY_PRAETORIUM, 837.0
56, 3, Policies, POLICY_CIVIL_PRESTIGE, 2251.0
56, 3, Policies, POLICY_EQUESTRIAN_ORDERS, 106.0
56, 3, Policies, POLICY_EMPIRICAL_METHOD, 234.0
56, 3, Civic, CIVIC_NAVAL_TRADITION, 156.6, 1
56, 3, Civic, CIVIC_MERCANTILISM, 953.8, 2
56, 3, Civic, CIVIC_THE_ENLIGHTENMENT, 673.5, 2
56, 3, Civic, CIVIC_COLONIALISM, 2604.8, 6
56, 3, Civic, CIVIC_CIVIL_ENGINEERING, 13433.9, 5
56, 3, Civic, CIVIC_NATIONALISM, 13966.7, 5
56, 3, Civic, CIVIC_OPERA_BALLET, 859.1, 6
56, 3, Civic, CIVIC_NATURAL_HISTORY, 2842.2, 11
56, 3, Civic, CIVIC_SCORCHED_EARTH, 14100.0, 11
56, 3, Civic, CIVIC_URBANIZATION, 27531.4, 16
56, 3, Policies, POLICY_SURVEY, 37.0
56, 3, Policies, POLICY_URBAN_PLANNING, 198.0
56, 3, Policies, POLICY_CARAVANSARIES, 294.0
56, 3, Policies, POLICY_LAND_SURVEYORS, 409.5
56, 3, Policies, POLICY_COLONIZATION, 262.0
56, 3, Policies, POLICY_INSPIRATION, 20.0
56, 3, Policies, POLICY_CHARISMATIC_LEADER, 14.0
56, 3, Policies, POLICY_DIPLOMATIC_LEAGUE, 337.0
56, 3, Policies, POLICY_LITERARY_TRADITION, 17.0
56, 3, Policies, POLICY_RAID, 3404.0
56, 3, Policies, POLICY_LIMES, 1627.0
56, 3, Policies, POLICY_NATURAL_PHILOSOPHY, 138.0
56, 3, Policies, POLICY_SCRIPTURE, 2085.0
56, 3, Policies, POLICY_NAVAL_INFRASTRUCTURE, 32.0
56, 3, Policies, POLICY_NAVIGATION, 15.0
56, 3, Policies, POLICY_RETAINERS, 651.0
56, 3, Policies, POLICY_TRADE_CONFEDERATION, 383.0
56, 3, Policies, POLICY_MERCHANT_CONFEDERATION, 176.0
56, 3, Policies, POLICY_TOWN_CHARTERS, 261.0
56, 3, Policies, POLICY_TRAVELING_MERCHANTS, 21.0
56, 3, Policies, POLICY_PRESS_GANGS, 302.0
56, 3, Policies, POLICY_COLONIAL_OFFICES, 698.0
56, 3, Policies, POLICY_INVENTION, 37.0
56, 3, Policies, POLICY_FRESCOES, 17.0
56, 3, Policies, POLICY_MACHIAVELLIANISM, 218.0
56, 3, Policies, POLICY_SIMULTANEUM, 2929.0
56, 3, Policies, POLICY_LOGISTICS, 1.0
56, 3, Policies, POLICY_TRIANGULAR_TRADE, 838.0
56, 3, Policies, POLICY_RATIONALISM, 147.0
56, 3, Policies, POLICY_FREE_MARKET, 455.0
56, 3, Policies, POLICY_LIBERALISM, 951.0
56, 3, Policies, POLICY_COLONIAL_TAXES, 1557.0
56, 3, Policies, POLICY_PUBLIC_WORKS, 38.0
56, 3, Policies, POLICY_NATIONAL_IDENTITY, 1.0
56, 3, Policies, POLICY_SYMPHONIES, 31.0
56, 3, Policies, POLICY_TOTAL_WAR, 3404.0
56, 3, Policies, POLICY_EXPROPRIATION, 671.5
56, 3, Policies, POLICY_MILITARY_RESEARCH, 1452.0
56, 3, Policies, POLICY_ECONOMIC_UNION, 7.0
56, 3, Policies, POLICY_PRAETORIUM, 837.0
56, 3, Policies, POLICY_CIVIL_PRESTIGE, 2251.0
56, 3, Policies, POLICY_EQUESTRIAN_ORDERS, 106.0
56, 3, Policies, POLICY_EMPIRICAL_METHOD, 234.0
56, 2, Civic, CIVIC_NAVAL_TRADITION, 177.6, 1
56, 2, Civic, CIVIC_DIPLOMATIC_SERVICE, 719.6, 1
56, 2, Civic, CIVIC_THE_ENLIGHTENMENT, 991.1, 3
56, 2, Civic, CIVIC_COLONIALISM, 1080.5, 3
56, 2, Civic, CIVIC_CIVIL_ENGINEERING, 0.0, 2
56, 2, Civic, CIVIC_NATIONALISM, 991.1, 5
56, 2, Civic, CIVIC_OPERA_BALLET, 1176.8, 6
56, 2, Civic, CIVIC_NATURAL_HISTORY, 1349.1, 8
56, 2, Civic, CIVIC_CONSERVATION, 1492.8, 15
56, 2, Policies, POLICY_SURVEY, 37.0
56, 2, Policies, POLICY_URBAN_PLANNING, 147.0
56, 2, Policies, POLICY_CONSCRIPTION, 95.0
56, 2, Policies, POLICY_LAND_SURVEYORS, 190.0
56, 2, Policies, POLICY_COLONIZATION, 80.0
56, 2, Policies, POLICY_INSPIRATION, 20.0
56, 2, Policies, POLICY_CHARISMATIC_LEADER, 14.0
56, 2, Policies, POLICY_DIPLOMATIC_LEAGUE, 337.0
56, 2, Policies, POLICY_LITERARY_TRADITION, 15.0
56, 2, Policies, POLICY_RAID, 2638.0
56, 2, Policies, POLICY_LIMES, 788.0
56, 2, Policies, POLICY_NATURAL_PHILOSOPHY, 106.0
56, 2, Policies, POLICY_SCRIPTURE, 466.0
56, 2, Policies, POLICY_NAVAL_INFRASTRUCTURE, 43.0
56, 2, Policies, POLICY_NAVIGATION, 31.0
56, 2, Policies, POLICY_FEUDAL_CONTRACT, 7.0
56, 2, Policies, POLICY_RETAINERS, 42.0
56, 2, Policies, POLICY_PROFESSIONAL_ARMY, 108.0
56, 2, Policies, POLICY_TRADE_CONFEDERATION, 177.0
56, 2, Policies, POLICY_MERCHANT_CONFEDERATION, 113.0
56, 2, Policies, POLICY_TOWN_CHARTERS, 113.0
56, 2, Policies, POLICY_TRAVELING_MERCHANTS, 21.0
56, 2, Policies, POLICY_PRESS_GANGS, 9.0
56, 2, Policies, POLICY_COLONIAL_OFFICES, 675.0
56, 2, Policies, POLICY_INVENTION, 37.0
56, 2, Policies, POLICY_FRESCOES, 15.0
56, 2, Policies, POLICY_WARS_OF_RELIGION, 10.0
56, 2, Policies, POLICY_RELIGIOUS_ORDERS, 87.0
56, 2, Policies, POLICY_SIMULTANEUM, 741.0
56, 2, Policies, POLICY_LOGISTICS, 104.0
56, 2, Policies, POLICY_TRIANGULAR_TRADE, 267.0
56, 2, Policies, POLICY_RATIONALISM, 198.0
56, 2, Policies, POLICY_FREE_MARKET, 150.0
56, 2, Policies, POLICY_LIBERALISM, 84.0
56, 2, Policies, POLICY_COLONIAL_TAXES, 1100.0
56, 2, Policies, POLICY_SYMPHONIES, 31.0
56, 2, Policies, POLICY_PRAETORIUM, 910.0
56, 2, Policies, POLICY_CIVIL_PRESTIGE, 1000.0
56, 2, Policies, POLICY_WISSELBANKEN, 249.0
56, 3, Civic, CIVIC_NAVAL_TRADITION, 156.6, 1
56, 3, Civic, CIVIC_MERCANTILISM, 953.8, 2
56, 3, Civic, CIVIC_THE_ENLIGHTENMENT, 673.5, 2
56, 3, Civic, CIVIC_COLONIALISM, 2604.8, 6
56, 3, Civic, CIVIC_CIVIL_ENGINEERING, 13433.9, 5
56, 3, Civic, CIVIC_NATIONALISM, 13966.7, 5
56, 3, Civic, CIVIC_OPERA_BALLET, 859.1, 6
56, 3, Civic, CIVIC_NATURAL_HISTORY, 2842.2, 11
56, 3, Civic, CIVIC_SCORCHED_EARTH, 14100.0, 11
56, 3, Civic, CIVIC_URBANIZATION, 27531.4, 16
56, 3, Policies, POLICY_SURVEY, 37.0
56, 3, Policies, POLICY_URBAN_PLANNING, 198.0
56, 3, Policies, POLICY_CARAVANSARIES, 294.0
56, 3, Policies, POLICY_LAND_SURVEYORS, 409.5
56, 3, Policies, POLICY_COLONIZATION, 262.0
56, 3, Policies, POLICY_INSPIRATION, 20.0
56, 3, Policies, POLICY_CHARISMATIC_LEADER, 14.0
56, 3, Policies, POLICY_DIPLOMATIC_LEAGUE, 337.0
56, 3, Policies, POLICY_LITERARY_TRADITION, 17.0
56, 3, Policies, POLICY_RAID, 3404.0
56, 3, Policies, POLICY_LIMES, 1627.0
56, 3, Policies, POLICY_NATURAL_PHILOSOPHY, 138.0
56, 3, Policies, POLICY_SCRIPTURE, 2085.0
56, 3, Policies, POLICY_NAVAL_INFRASTRUCTURE, 32.0
56, 3, Policies, POLICY_NAVIGATION, 15.0
56, 3, Policies, POLICY_RETAINERS, 651.0
56, 3, Policies, POLICY_TRADE_CONFEDERATION, 383.0
56, 3, Policies, POLICY_MERCHANT_CONFEDERATION, 176.0
56, 3, Policies, POLICY_TOWN_CHARTERS, 261.0
56, 3, Policies, POLICY_TRAVELING_MERCHANTS, 21.0
56, 3, Policies, POLICY_PRESS_GANGS, 302.0
56, 3, Policies, POLICY_COLONIAL_OFFICES, 698.0
56, 3, Policies, POLICY_INVENTION, 37.0
56, 3, Policies, POLICY_FRESCOES, 17.0
56, 3, Policies, POLICY_MACHIAVELLIANISM, 218.0
56, 3, Policies, POLICY_SIMULTANEUM, 2929.0
56, 3, Policies, POLICY_LOGISTICS, 1.0
56, 3, Policies, POLICY_TRIANGULAR_TRADE, 838.0
56, 3, Policies, POLICY_RATIONALISM, 147.0
56, 3, Policies, POLICY_FREE_MARKET, 455.0
56, 3, Policies, POLICY_LIBERALISM, 951.0
56, 3, Policies, POLICY_COLONIAL_TAXES, 1557.0
56, 3, Policies, POLICY_PUBLIC_WORKS, 38.0
56, 3, Policies, POLICY_NATIONAL_IDENTITY, 1.0
56, 3, Policies, POLICY_SYMPHONIES, 31.0
56, 3, Policies, POLICY_TOTAL_WAR, 3404.0
56, 3, Policies, POLICY_EXPROPRIATION, 671.5
56, 3, Policies, POLICY_MILITARY_RESEARCH, 1452.0
56, 3, Policies, POLICY_ECONOMIC_UNION, 7.0
56, 3, Policies, POLICY_PRAETORIUM, 837.0
56, 3, Policies, POLICY_CIVIL_PRESTIGE, 2251.0
56, 3, Policies, POLICY_EQUESTRIAN_ORDERS, 106.0
56, 3, Policies, POLICY_EMPIRICAL_METHOD, 234.0
56, 0, Civic, CIVIC_NAVAL_TRADITION, 178.6, 1
56, 0, Civic, CIVIC_DIPLOMATIC_SERVICE, 511.1, 2
56, 0, Civic, CIVIC_REFORMED_CHURCH, 747.7, 2
56, 0, Civic, CIVIC_MERCANTILISM, 541.7, 1
56, 0, Civic, CIVIC_THE_ENLIGHTENMENT, 899.8, 5
56, 0, Civic, CIVIC_COLONIALISM, 1911.3, 5
56, 0, Civic, CIVIC_CIVIL_ENGINEERING, 541.7, 4
56, 0, Civic, CIVIC_NATIONALISM, 899.8, 8
56, 0, Civic, CIVIC_OPERA_BALLET, 1068.9, 9
56, 0, Civic, CIVIC_NATURAL_HISTORY, 3242.3, 10
56, 0, Policies, POLICY_SURVEY, 15.0
56, 0, Policies, POLICY_URBAN_PLANNING, 192.0
56, 0, Policies, POLICY_CARAVANSARIES, 174.0
56, 0, Policies, POLICY_CONSCRIPTION, 51.0
56, 0, Policies, POLICY_LAND_SURVEYORS, 270.0
56, 0, Policies, POLICY_COLONIZATION, 124.0
56, 0, Policies, POLICY_INSPIRATION, 34.0
56, 0, Policies, POLICY_CHARISMATIC_LEADER, 14.0
56, 0, Policies, POLICY_DIPLOMATIC_LEAGUE, 337.0
56, 0, Policies, POLICY_LITERARY_TRADITION, 17.0
56, 0, Policies, POLICY_RAID, 2891.0
56, 0, Policies, POLICY_LIMES, 1150.0
56, 0, Policies, POLICY_NATURAL_PHILOSOPHY, 397.0
56, 0, Policies, POLICY_NAVAL_INFRASTRUCTURE, 42.0
56, 0, Policies, POLICY_NAVIGATION, 31.0
56, 0, Policies, POLICY_FEUDAL_CONTRACT, 47.0
56, 0, Policies, POLICY_RETAINERS, 527.0
56, 0, Policies, POLICY_PROFESSIONAL_ARMY, 39.0
56, 0, Policies, POLICY_TRADE_CONFEDERATION, 328.0
56, 0, Policies, POLICY_MERCHANT_CONFEDERATION, 187.0
56, 0, Policies, POLICY_TOWN_CHARTERS, 288.0
56, 0, Policies, POLICY_TRAVELING_MERCHANTS, 28.0
56, 0, Policies, POLICY_PRESS_GANGS, 51.0
56, 0, Policies, POLICY_COLONIAL_OFFICES, 775.0
56, 0, Policies, POLICY_INVENTION, 43.0
56, 0, Policies, POLICY_FRESCOES, 17.0
56, 0, Policies, POLICY_WARS_OF_RELIGION, 10.0
56, 0, Policies, POLICY_RELIGIOUS_ORDERS, 70.0
56, 0, Policies, POLICY_LOGISTICS, 46.0
56, 0, Policies, POLICY_TRIANGULAR_TRADE, 421.0
56, 0, Policies, POLICY_RATIONALISM, 374.0
56, 0, Policies, POLICY_FREE_MARKET, 306.0
56, 0, Policies, POLICY_LIBERALISM, 846.0
56, 0, Policies, POLICY_COLONIAL_TAXES, 1210.0
56, 0, Policies, POLICY_SYMPHONIES, 31.0
56, 0, Policies, POLICY_PRAETORIUM, 1174.0
56, 0, Policies, POLICY_CIVIL_PRESTIGE, 1500.0
56, 0, Policies, POLICY_DRILL_MANUALS, 75.0
57, 5, Completed Civic, CIVIC_MERCANTILISM
57, 5, Slot Policy, POLICY_CIVIL_PRESTIGE, 1210
57, 5, Slot Policy, POLICY_NATURAL_PHILOSOPHY, 193
57, 5, Slot Policy, POLICY_PRAETORIUM, 2280
57, 5, Slot Policy, POLICY_RAID, 3003
57, 5, Slot Policy, POLICY_URBAN_PLANNING, 144
57, 5, Slot Policy, POLICY_LOGISTICS, 335
57, 5, Civic, CIVIC_THEOLOGY, 174.7, 1
57, 5, Civic, CIVIC_NAVAL_TRADITION, 144.6, 1
57, 5, Civic, CIVIC_DIVINE_RIGHT, 2188.5, 2
57, 5, Civic, CIVIC_EXPLORATION, 2120.4, 2
57, 5, Civic, CIVIC_DIPLOMATIC_SERVICE, 485.7, 3
57, 5, Civic, CIVIC_REFORMED_CHURCH, 3508.6, 4
57, 5, Civic, CIVIC_THE_ENLIGHTENMENT, 704.6, 7
57, 5, Civic, CIVIC_COLONIALISM, 1232.9, 7
57, 5, Civic, CIVIC_CIVIL_ENGINEERING, 2242.2, 5
57, 5, Civic, CIVIC_NATIONALISM, 2870.9, 12
57, 5, Civic, CIVIC_OPERA_BALLET, 819.5, 14
57, 5, Civic, CIVIC_NATURAL_HISTORY, 1406.5, 16
57, 5, Civic, CIVIC_CONSERVATION, 1478.4, 29
57, 5, Policies, POLICY_SURVEY, 36.0
57, 5, Policies, POLICY_GOD_KING, 7.0
57, 5, Policies, POLICY_URBAN_PLANNING, 144.0
57, 5, Policies, POLICY_CONSCRIPTION, 220.0
57, 5, Policies, POLICY_LAND_SURVEYORS, 9.0
57, 5, Policies, POLICY_COLONIZATION, 18.0
57, 5, Policies, POLICY_INSPIRATION, 42.0
57, 5, Policies, POLICY_CHARISMATIC_LEADER, 14.0
57, 5, Policies, POLICY_DIPLOMATIC_LEAGUE, 225.0
57, 5, Policies, POLICY_LITERARY_TRADITION, 17.0
57, 5, Policies, POLICY_RAID, 3303.0
57, 5, Policies, POLICY_BASTIONS, 36.0
57, 5, Policies, POLICY_LIMES, 61.0
57, 5, Policies, POLICY_NATURAL_PHILOSOPHY, 220.0
57, 5, Policies, POLICY_SCRIPTURE, 102.0
57, 5, Policies, POLICY_NAVIGATION, 47.0
57, 5, Policies, POLICY_FEUDAL_CONTRACT, 36.0
57, 5, Policies, POLICY_RETAINERS, 659.0
57, 5, Policies, POLICY_PROFESSIONAL_ARMY, 24.0
57, 5, Policies, POLICY_TRADE_CONFEDERATION, 107.0
57, 5, Policies, POLICY_MERCHANT_CONFEDERATION, 87.0
57, 5, Policies, POLICY_CRAFTSMEN, 86.0
57, 5, Policies, POLICY_TOWN_CHARTERS, 38.0
57, 5, Policies, POLICY_TRAVELING_MERCHANTS, 21.0
57, 5, Policies, POLICY_COLONIAL_OFFICES, 1267.0
57, 5, Policies, POLICY_INVENTION, 84.0
57, 5, Policies, POLICY_FRESCOES, 17.0
57, 5, Policies, POLICY_WARS_OF_RELIGION, 10.0
57, 5, Policies, POLICY_RELIGIOUS_ORDERS, 270.0
57, 5, Policies, POLICY_LOGISTICS, 305.0
57, 5, Policies, POLICY_TRIANGULAR_TRADE, 90.0
57, 5, Policies, POLICY_RATIONALISM, 264.0
57, 5, Policies, POLICY_FREE_MARKET, 54.0
57, 5, Policies, POLICY_LIBERALISM, 855.0
57, 5, Policies, POLICY_COLONIAL_TAXES, 1222.0
57, 5, Policies, POLICY_GRANDE_ARMEE, 36.0
57, 5, Policies, POLICY_SYMPHONIES, 31.0
57, 5, Policies, POLICY_ECONOMIC_UNION, 29.0
57, 5, Policies, POLICY_PRAETORIUM, 2235.0
57, 5, Policies, POLICY_CIVIL_PRESTIGE, 1852.0
57, 5, Policies, POLICY_EQUESTRIAN_ORDERS, 75.0
57, 5, Policies, POLICY_DRILL_MANUALS, 60.0
57, 5, Policies, POLICY_HARD_SHELL_EXPLOSIVES, 11.0
57, 5, Policies, POLICY_EMPIRICAL_METHOD, 249.0
57, 5, Policies, POLICY_MASTER_ARTISANS, 73.0
57, 6, Completed Civic, CIVIC_NATIONALISM
57, 6, Slot Policy, POLICY_LIMES, 861
57, 6, Slot Policy, POLICY_RAID, 3177
57, 6, Slot Policy, POLICY_CIVIL_PRESTIGE, 1946
57, 6, Slot Policy, POLICY_DIPLOMATIC_LEAGUE, 337
57, 6, Slot Policy, POLICY_PRAETORIUM, 2573
57, 6, Slot Policy, POLICY_LIBERALISM, 771
57, 6, Slot Policy, POLICY_SCRIPTURE, 438
57, 6, Civic, CIVIC_NAVAL_TRADITION, 156.6, 1
57, 6, Civic, CIVIC_EXPLORATION, 2432.2, 1
57, 6, Civic, CIVIC_REFORMED_CHURCH, 2770.3, 1
57, 6, Civic, CIVIC_MERCANTILISM, 135.8, 2
57, 6, Civic, CIVIC_COLONIALISM, 1664.4, 5
57, 6, Civic, CIVIC_CIVIL_ENGINEERING, 2688690.0, 4
57, 6, Civic, CIVIC_OPERA_BALLET, 716.6, 2
57, 6, Civic, CIVIC_NATURAL_HISTORY, 1963.8, 7
57, 6, Civic, CIVIC_SCORCHED_EARTH, 2998.5, 3
57, 6, Civic, CIVIC_URBANIZATION, 2689474.5, 7
57, 6, Policies, POLICY_SURVEY, 80.0
57, 6, Policies, POLICY_CARAVANSARIES, 49.0
57, 6, Policies, POLICY_CONSCRIPTION, 257.0
57, 6, Policies, POLICY_LAND_SURVEYORS, 332.5
57, 6, Policies, POLICY_COLONIZATION, 5.0
57, 6, Policies, POLICY_INSPIRATION, 50.0
57, 6, Policies, POLICY_CHARISMATIC_LEADER, 14.0
57, 6, Policies, POLICY_DIPLOMATIC_LEAGUE, 337.0
57, 6, Policies, POLICY_LITERARY_TRADITION, 50.0
57, 6, Policies, POLICY_RAID, 3303.0
57, 6, Policies, POLICY_BASTIONS, 42.0
57, 6, Policies, POLICY_LIMES, 245.0
57, 6, Policies, POLICY_NATURAL_PHILOSOPHY, 178.0
57, 6, Policies, POLICY_SCRIPTURE, 438.0
57, 6, Policies, POLICY_NAVIGATION, 31.0
57, 6, Policies, POLICY_RETAINERS, 395.0
57, 6, Policies, POLICY_PROFESSIONAL_ARMY, 18.0
57, 6, Policies, POLICY_TRADE_CONFEDERATION, 111.0
57, 6, Policies, POLICY_MERCHANT_CONFEDERATION, 162.0
57, 6, Policies, POLICY_AESTHETICS, 86.0
57, 6, Policies, POLICY_TOWN_CHARTERS, 38.0
57, 6, Policies, POLICY_TRAVELING_MERCHANTS, 43.0
57, 6, Policies, POLICY_PRESS_GANGS, 24.0
57, 6, Policies, POLICY_COLONIAL_OFFICES, 1636.0
57, 6, Policies, POLICY_INVENTION, 87.0
57, 6, Policies, POLICY_FRESCOES, 50.0
57, 6, Policies, POLICY_MACHIAVELLIANISM, 5.0
57, 6, Policies, POLICY_WARS_OF_RELIGION, 10.0
57, 6, Policies, POLICY_RELIGIOUS_ORDERS, 260.0
57, 6, Policies, POLICY_SIMULTANEUM, 1768.0
57, 6, Policies, POLICY_LOGISTICS, 208.0
57, 6, Policies, POLICY_TRIANGULAR_TRADE, 132.0
57, 6, Policies, POLICY_RATIONALISM, 309.0
57, 6, Policies, POLICY_FREE_MARKET, 108.0
57, 6, Policies, POLICY_LIBERALISM, 409.0
57, 6, Policies, POLICY_COLONIAL_TAXES, 1615.0
57, 6, Policies, POLICY_GRAND_OPERA, 518.0
57, 6, Policies, POLICY_SYMPHONIES, 94.0
57, 6, Policies, POLICY_TOTAL_WAR, 3303.0
57, 6, Policies, POLICY_EXPROPRIATION, 337.5
57, 6, Policies, POLICY_MILITARY_RESEARCH, 952.0
57, 6, Policies, POLICY_ECONOMIC_UNION, 29.0
57, 6, Policies, POLICY_PRAETORIUM, 2621.0
57, 6, Policies, POLICY_CIVIL_PRESTIGE, 1635.0
57, 6, Policies, POLICY_FORCE_MODERNIZATION, 18.0
57, 6, Policies, POLICY_EMPIRICAL_METHOD, 174.0
57, 7, Completed Civic, CIVIC_CIVIL_ENGINEERING
57, 7, Slot Policy, POLICY_RAID, 3456
57, 7, Slot Policy, POLICY_LIMES, 334
57, 7, Slot Policy, POLICY_CIVIL_PRESTIGE, 1926
57, 7, Slot Policy, POLICY_PRAETORIUM, 2351
57, 7, Slot Policy, POLICY_RETAINERS, 277
57, 7, Slot Policy, POLICY_RATIONALISM, 310
57, 7, Civic, CIVIC_NAVAL_TRADITION, 144.6, 1
57, 7, Civic, CIVIC_MERCENARIES, 144.6, 1
57, 7, Civic, CIVIC_DIVINE_RIGHT, 2144.2, 1
57, 7, Civic, CIVIC_EXPLORATION, 2328.2, 2
57, 7, Civic, CIVIC_REFORMED_CHURCH, 3324.1, 2
57, 7, Civic, CIVIC_COLONIALISM, 1405.6, 1
57, 7, Civic, CIVIC_OPERA_BALLET, 1453.7, 1
57, 7, Civic, CIVIC_NATURAL_HISTORY, 1751.3, 2
57, 7, Civic, CIVIC_SCORCHED_EARTH, 3327.6, 1
57, 7, Civic, CIVIC_URBANIZATION, 3376.7, 1
57, 7, Civic, CIVIC_CONSERVATION, 1925.3, 5
57, 7, Civic, CIVIC_MASS_MEDIA, -8256835.0, 6
57, 7, Civic, CIVIC_MOBILIZATION, -7971484.0, 5
57, 7, Policies, POLICY_SURVEY, 84.0
57, 7, Policies, POLICY_CONSCRIPTION, 272.0
57, 7, Policies, POLICY_LAND_SURVEYORS, 285.0
57, 7, Policies, POLICY_COLONIZATION, 16.0
57, 7, Policies, POLICY_INSPIRATION, 80.0
57, 7, Policies, POLICY_CHARISMATIC_LEADER, 14.0
57, 7, Policies, POLICY_DIPLOMATIC_LEAGUE, 225.0
57, 7, Policies, POLICY_LITERARY_TRADITION, 58.0
57, 7, Policies, POLICY_RAID, 3593.0
57, 7, Policies, POLICY_LIMES, 40.0
57, 7, Policies, POLICY_SCRIPTURE, 174.0
57, 7, Policies, POLICY_NAVIGATION, 47.0
57, 7, Policies, POLICY_RETAINERS, 624.0
57, 7, Policies, POLICY_PROFESSIONAL_ARMY, 149.0
57, 7, Policies, POLICY_TRADE_CONFEDERATION, 59.0
57, 7, Policies, POLICY_MERCHANT_CONFEDERATION, 108.0
57, 7, Policies, POLICY_AESTHETICS, 85.0
57, 7, Policies, POLICY_TRAVELING_MERCHANTS, 29.0
57, 7, Policies, POLICY_COLONIAL_OFFICES, 1548.0
57, 7, Policies, POLICY_INVENTION, 81.0
57, 7, Policies, POLICY_FRESCOES, 58.0
57, 7, Policies, POLICY_WARS_OF_RELIGION, 10.0
57, 7, Policies, POLICY_RELIGIOUS_ORDERS, 370.0
57, 7, Policies, POLICY_SIMULTANEUM, 123.0
57, 7, Policies, POLICY_LOGISTICS, 361.0
57, 7, Policies, POLICY_TRIANGULAR_TRADE, 58.0
57, 7, Policies, POLICY_RATIONALISM, 350.0
57, 7, Policies, POLICY_LIBERALISM, 725.0
57, 7, Policies, POLICY_COLONIAL_TAXES, 1648.0
57, 7, Policies, POLICY_PUBLIC_WORKS, 4.0
57, 7, Policies, POLICY_GRAND_OPERA, 51.0
57, 7, Policies, POLICY_SYMPHONIES, 110.0
57, 7, Policies, POLICY_TOTAL_WAR, 3593.0
57, 7, Policies, POLICY_EXPROPRIATION, 301.0
57, 7, Policies, POLICY_MILITARY_RESEARCH, 1840.0
57, 7, Policies, POLICY_LEVEE_EN_MASSE, 545.0
57, 7, Policies, POLICY_PRAETORIUM, 2497.0
57, 7, Policies, POLICY_CIVIL_PRESTIGE, 2281.0
57, 7, Policies, POLICY_DRILL_MANUALS, 93.0
57, 7, Policies, POLICY_FORCE_MODERNIZATION, 149.0
57, 7, Policies, POLICY_EMPIRICAL_METHOD, 131.0
57, 8, Completed Civic, CIVIC_DIPLOMATIC_SERVICE
57, 8, Slot Policy, POLICY_LOGISTICS, 488
57, 8, Slot Policy, POLICY_RAID, 3456
57, 8, Slot Policy, POLICY_CIVIL_PRESTIGE, 1680
57, 8, Slot Policy, POLICY_DIPLOMATIC_LEAGUE, 337
57, 8, Slot Policy, POLICY_PRAETORIUM, 3114
57, 8, Slot Policy, POLICY_MONASTICISM, 4625
57, 8, Slot Policy, POLICY_SCRIPTURE, 336
57, 8, Civic, CIVIC_NAVAL_TRADITION, 156.6, 1
57, 8, Civic, CIVIC_MERCENARIES, 156.6, 1
57, 8, Civic, CIVIC_EXPLORATION, 2600.9, 2
57, 8, Civic, CIVIC_REFORMED_CHURCH, 1428.3, 1
57, 8, Civic, CIVIC_THE_ENLIGHTENMENT, 219.5, 2
57, 8, Civic, CIVIC_COLONIALISM, 1662.9, 4
57, 8, Civic, CIVIC_NATIONALISM, 1792722.1, 5
57, 8, Civic, CIVIC_OPERA_BALLET, 413.2, 4
57, 8, Civic, CIVIC_NATURAL_HISTORY, 1966.1, 7
57, 8, Civic, CIVIC_SCORCHED_EARTH, 1792861.4, 10
57, 8, Civic, CIVIC_URBANIZATION, 1792929.1, 8
57, 8, Civic, CIVIC_CONSERVATION, 2115.6, 14
57, 8, Policies, POLICY_SURVEY, 7.0
57, 8, Policies, POLICY_URBAN_PLANNING, 168.0
57, 8, Policies, POLICY_CONSCRIPTION, 412.0
57, 8, Policies, POLICY_LAND_SURVEYORS, 66.0
57, 8, Policies, POLICY_COLONIZATION, 21.0
57, 8, Policies, POLICY_INSPIRATION, 39.0
57, 8, Policies, POLICY_CHARISMATIC_LEADER, 14.0
57, 8, Policies, POLICY_DIPLOMATIC_LEAGUE, 337.0
57, 8, Policies, POLICY_LITERARY_TRADITION, 26.0
57, 8, Policies, POLICY_RAID, 3593.0
57, 8, Policies, POLICY_LIMES, 402.0
57, 8, Policies, POLICY_SCRIPTURE, 351.0
57, 8, Policies, POLICY_NAVIGATION, 31.0
57, 8, Policies, POLICY_RETAINERS, 294.0
57, 8, Policies, POLICY_TRADE_CONFEDERATION, 50.0
57, 8, Policies, POLICY_MERCHANT_CONFEDERATION, 108.0
57, 8, Policies, POLICY_AESTHETICS, 58.0
57, 8, Policies, POLICY_TRAVELING_MERCHANTS, 21.0
57, 8, Policies, POLICY_COLONIAL_OFFICES, 1772.0
57, 8, Policies, POLICY_INVENTION, 97.0
57, 8, Policies, POLICY_FRESCOES, 26.0
57, 8, Policies, POLICY_MACHIAVELLIANISM, 21.0
57, 8, Policies, POLICY_WARS_OF_RELIGION, 10.0
57, 8, Policies, POLICY_RELIGIOUS_ORDERS, 320.0
57, 8, Policies, POLICY_SIMULTANEUM, 665.0
57, 8, Policies, POLICY_LOGISTICS, 405.0
57, 8, Policies, POLICY_TRIANGULAR_TRADE, 65.0
57, 8, Policies, POLICY_RATIONALISM, 85.0
57, 8, Policies, POLICY_LIBERALISM, 308.0
57, 8, Policies, POLICY_COLONIAL_TAXES, 1863.0
57, 8, Policies, POLICY_GRAND_OPERA, 137.0
57, 8, Policies, POLICY_SYMPHONIES, 47.0
57, 8, Policies, POLICY_TOTAL_WAR, 3593.0
57, 8, Policies, POLICY_EXPROPRIATION, 87.0
57, 8, Policies, POLICY_MILITARY_RESEARCH, 1632.0
57, 8, Policies, POLICY_PRAETORIUM, 3140.0
57, 8, Policies, POLICY_CIVIL_PRESTIGE, 1259.0
57, 8, Policies, POLICY_MONASTICISM, 3092.0
57, 8, Policies, POLICY_TWILIGHT_VALOR, 570.0
57, 8, Policies, POLICY_ISOLATIONISM, 336.0
57, 8, Policies, POLICY_DRILL_MANUALS, 106.0
57, 8, Policies, POLICY_EMPIRICAL_METHOD, 72.0
57, 8, Policies, POLICY_MASTER_ARTISANS, 44.0
57, 9, Civic, CIVIC_NAVAL_TRADITION, 144.6, 1
57, 9, Civic, CIVIC_MERCENARIES, 144.6, 1
57, 9, Civic, CIVIC_DIVINE_RIGHT, 2795.0, 1
57, 9, Civic, CIVIC_EXPLORATION, 2314.1, 3
57, 9, Civic, CIVIC_DIPLOMATIC_SERVICE, 485.7, 3
57, 9, Civic, CIVIC_REFORMED_CHURCH, 4034.6, 3
57, 9, Civic, CIVIC_THE_ENLIGHTENMENT, 670.7, 6
57, 9, Civic, CIVIC_COLONIALISM, 1406.6, 5
57, 9, Civic, CIVIC_CIVIL_ENGINEERING, 74411.8, 2
57, 9, Civic, CIVIC_NATIONALISM, 58679.9, 10
57, 9, Civic, CIVIC_OPERA_BALLET, 798.2, 11
57, 9, Civic, CIVIC_NATURAL_HISTORY, 1648.4, 9
57, 9, Civic, CIVIC_CONSERVATION, 1753.8, 19
57, 9, Policies, POLICY_SURVEY, 14.0
57, 9, Policies, POLICY_URBAN_PLANNING, 147.0
57, 9, Policies, POLICY_CONSCRIPTION, 220.0
57, 9, Policies, POLICY_LAND_SURVEYORS, 63.0
57, 9, Policies, POLICY_COLONIZATION, 43.0
57, 9, Policies, POLICY_INSPIRATION, 29.0
57, 9, Policies, POLICY_CHARISMATIC_LEADER, 14.0
57, 9, Policies, POLICY_DIPLOMATIC_LEAGUE, 225.0
57, 9, Policies, POLICY_LITERARY_TRADITION, 18.0
57, 9, Policies, POLICY_RAID, 3692.0
57, 9, Policies, POLICY_BASTIONS, 36.0
57, 9, Policies, POLICY_LIMES, 99.0
57, 9, Policies, POLICY_NATURAL_PHILOSOPHY, 158.0
57, 9, Policies, POLICY_SCRIPTURE, 408.0
57, 9, Policies, POLICY_NAVIGATION, 15.0
57, 9, Policies, POLICY_FEUDAL_CONTRACT, 31.0
57, 9, Policies, POLICY_RETAINERS, 258.0
57, 9, Policies, POLICY_PROFESSIONAL_ARMY, 36.0
57, 9, Policies, POLICY_TRADE_CONFEDERATION, 62.0
57, 9, Policies, POLICY_MERCHANT_CONFEDERATION, 111.0
57, 9, Policies, POLICY_AESTHETICS, 14.0
57, 9, Policies, POLICY_CRAFTSMEN, 71.0
57, 9, Policies, POLICY_TRAVELING_MERCHANTS, 21.0
57, 9, Policies, POLICY_COLONIAL_OFFICES, 1401.0
57, 9, Policies, POLICY_INVENTION, 64.0
57, 9, Policies, POLICY_FRESCOES, 18.0
57, 9, Policies, POLICY_WARS_OF_RELIGION, 10.0
57, 9, Policies, POLICY_RELIGIOUS_ORDERS, 270.0
57, 9, Policies, POLICY_SIMULTANEUM, 226.0
57, 9, Policies, POLICY_LOGISTICS, 242.0
57, 9, Policies, POLICY_TRIANGULAR_TRADE, 65.0
57, 9, Policies, POLICY_LIBERALISM, 498.0
57, 9, Policies, POLICY_COLONIAL_TAXES, 1508.0
57, 9, Policies, POLICY_GRANDE_ARMEE, 31.0
57, 9, Policies, POLICY_SYMPHONIES, 31.0
57, 9, Policies, POLICY_PRAETORIUM, 2445.0
57, 9, Policies, POLICY_CIVIL_PRESTIGE, 1425.0
57, 9, Policies, POLICY_DRILL_MANUALS, 65.0
57, 9, Policies, POLICY_HARD_SHELL_EXPLOSIVES, 9.0
57, 9, Policies, POLICY_EMPIRICAL_METHOD, 72.0
57, 9, Policies, POLICY_MASTER_ARTISANS, 58.0
57, 10, Civic, CIVIC_NAVAL_TRADITION, 84.7, 15
57, 10, Civic, CIVIC_EXPLORATION, 217.2, 1
57, 10, Civic, CIVIC_DIPLOMATIC_SERVICE, 532.6, 1
57, 10, Civic, CIVIC_REFORMED_CHURCH, 141.8, 42
57, 10, Civic, CIVIC_THE_ENLIGHTENMENT, 532.6, 73
57, 10, Civic, CIVIC_COLONIALISM, 0.0, 81
57, 10, Civic, CIVIC_CIVIL_ENGINEERING, 0.0, 103
57, 10, Civic, CIVIC_NATIONALISM, 532.6, 176
57, 10, Civic, CIVIC_OPERA_BALLET, 532.6, 154
57, 10, Civic, CIVIC_NATURAL_HISTORY, 0.0, 188
57, 10, Civic, CIVIC_CONSERVATION, 0.0, 347
57, 10, Policies, POLICY_URBAN_PLANNING, 14.0
57, 10, Policies, POLICY_CONSCRIPTION, 58.0
57, 10, Policies, POLICY_CHARISMATIC_LEADER, 14.0
57, 10, Policies, POLICY_BASTIONS, 6.0
57, 10, Policies, POLICY_LIMES, 13.0
57, 10, Policies, POLICY_RETAINERS, 14.0
57, 10, Policies, POLICY_TRADE_CONFEDERATION, 28.0
57, 10, Policies, POLICY_COLONIAL_OFFICES, 56.0
57, 10, Policies, POLICY_LOGISTICS, 80.0
57, 10, Policies, POLICY_TRIANGULAR_TRADE, 43.0
57, 10, Policies, POLICY_PRAETORIUM, 29.0
57, 10, Policies, POLICY_CIVIL_PRESTIGE, 130.0
57, 10, Policies, POLICY_SOVEREIGN_STATE, 90.0
57, 12, Civic, CIVIC_NAVAL_TRADITION, 80.1, 16
57, 12, Civic, CIVIC_MERCENARIES, 152.6, 1
57, 12, Civic, CIVIC_EXPLORATION, 354.6, 2
57, 12, Civic, CIVIC_DIPLOMATIC_SERVICE, 532.6, 1
57, 12, Civic, CIVIC_REFORMED_CHURCH, 82.3, 44
57, 12, Civic, CIVIC_THE_ENLIGHTENMENT, 532.6, 75
57, 12, Civic, CIVIC_COLONIALISM, 0.0, 83
57, 12, Civic, CIVIC_CIVIL_ENGINEERING, 0.0, 106
57, 12, Civic, CIVIC_NATIONALISM, 532.6, 181
57, 12, Civic, CIVIC_OPERA_BALLET, 532.6, 158
57, 12, Civic, CIVIC_NATURAL_HISTORY, 0.0, 193
57, 12, Civic, CIVIC_CONSERVATION, 0.0, 357
57, 12, Policies, POLICY_URBAN_PLANNING, 14.0
57, 12, Policies, POLICY_CONSCRIPTION, 29.0
57, 12, Policies, POLICY_CHARISMATIC_LEADER, 14.0
57, 12, Policies, POLICY_RAID, 19.0
57, 12, Policies, POLICY_BASTIONS, 6.0
57, 12, Policies, POLICY_LIMES, 21.0
57, 12, Policies, POLICY_NATURAL_PHILOSOPHY, 28.0
57, 12, Policies, POLICY_TRADE_CONFEDERATION, 28.0
57, 12, Policies, POLICY_COLONIAL_OFFICES, 45.0
57, 12, Policies, POLICY_LOGISTICS, 38.0
57, 12, Policies, POLICY_TRIANGULAR_TRADE, 43.0
57, 12, Policies, POLICY_PRAETORIUM, 32.0
57, 12, Policies, POLICY_CIVIL_PRESTIGE, 138.0
57, 12, Policies, POLICY_EQUESTRIAN_ORDERS, 75.0
57, 12, Policies, POLICY_SOVEREIGN_STATE, 90.0
57, 13, Civic, CIVIC_NAVAL_TRADITION, 88.1, 16
57, 13, Civic, CIVIC_MERCENARIES, 152.6, 1
57, 13, Civic, CIVIC_EXPLORATION, 374.1, 2
57, 13, Civic, CIVIC_DIPLOMATIC_SERVICE, 532.6, 1
57, 13, Civic, CIVIC_REFORMED_CHURCH, 90.3, 44
57, 13, Civic, CIVIC_THE_ENLIGHTENMENT, 532.6, 77
57, 13, Civic, CIVIC_COLONIALISM, 0.0, 84
57, 13, Civic, CIVIC_CIVIL_ENGINEERING, 0.0, 108
57, 13, Civic, CIVIC_NATIONALISM, 532.6, 185
57, 13, Civic, CIVIC_OPERA_BALLET, 532.6, 161
57, 13, Civic, CIVIC_NATURAL_HISTORY, 0.0, 196
57, 13, Civic, CIVIC_CONSERVATION, 0.0, 363
57, 13, Policies, POLICY_URBAN_PLANNING, 14.0
57, 13, Policies, POLICY_CONSCRIPTION, 36.0
57, 13, Policies, POLICY_CHARISMATIC_LEADER, 14.0
57, 13, Policies, POLICY_BASTIONS, 6.0
57, 13, Policies, POLICY_LIMES, 51.0
57, 13, Policies, POLICY_NAVAL_INFRASTRUCTURE, 28.0
57, 13, Policies, POLICY_RETAINERS, 87.0
57, 13, Policies, POLICY_TRADE_CONFEDERATION, 28.0
57, 13, Policies, POLICY_COLONIAL_OFFICES, 36.0
57, 13, Policies, POLICY_LOGISTICS, 42.0
57, 13, Policies, POLICY_TRIANGULAR_TRADE, 43.0
57, 13, Policies, POLICY_PRAETORIUM, 20.0
57, 13, Policies, POLICY_CIVIL_PRESTIGE, 198.0
57, 13, Policies, POLICY_SOVEREIGN_STATE, 90.0
57, 14, Civic, CIVIC_NAVAL_TRADITION, 88.1, 16
57, 14, Civic, CIVIC_MERCENARIES, 182.6, 1
57, 14, Civic, CIVIC_EXPLORATION, 373.9, 2
57, 14, Civic, CIVIC_DIPLOMATIC_SERVICE, 532.6, 1
57, 14, Civic, CIVIC_REFORMED_CHURCH, 114.2, 44
57, 14, Civic, CIVIC_THE_ENLIGHTENMENT, 532.6, 77
57, 14, Civic, CIVIC_COLONIALISM, 0.0, 84
57, 14, Civic, CIVIC_CIVIL_ENGINEERING, 0.0, 108
57, 14, Civic, CIVIC_NATIONALISM, 532.6, 185
57, 14, Civic, CIVIC_OPERA_BALLET, 532.6, 161
57, 14, Civic, CIVIC_NATURAL_HISTORY, 0.0, 196
57, 14, Civic, CIVIC_CONSERVATION, 0.0, 363
57, 14, Policies, POLICY_URBAN_PLANNING, 14.0
57, 14, Policies, POLICY_CONSCRIPTION, 22.0
57, 14, Policies, POLICY_CHARISMATIC_LEADER, 14.0
57, 14, Policies, POLICY_BASTIONS, 6.0
57, 14, Policies, POLICY_LIMES, 12.0
57, 14, Policies, POLICY_NAVAL_INFRASTRUCTURE, 28.0
57, 14, Policies, POLICY_RETAINERS, 14.0
57, 14, Policies, POLICY_TRADE_CONFEDERATION, 58.0
57, 14, Policies, POLICY_TOWN_CHARTERS, 14.0
57, 14, Policies, POLICY_COLONIAL_OFFICES, 37.0
57, 14, Policies, POLICY_WARS_OF_RELIGION, 10.0
57, 14, Policies, POLICY_RELIGIOUS_ORDERS, 20.0
57, 14, Policies, POLICY_LOGISTICS, 28.0
57, 14, Policies, POLICY_TRIANGULAR_TRADE, 87.0
57, 14, Policies, POLICY_PRAETORIUM, 26.0
57, 14, Policies, POLICY_CIVIL_PRESTIGE, 48.0
57, 14, Policies, POLICY_SOVEREIGN_STATE, 90.0
57, 15, Civic, CIVIC_NAVAL_TRADITION, 88.2, 14
57, 15, Civic, CIVIC_MERCENARIES, 152.6, 1
57, 15, Civic, CIVIC_EXPLORATION, 352.6, 2
57, 15, Civic, CIVIC_DIPLOMATIC_SERVICE, 532.6, 1
57, 15, Civic, CIVIC_REFORMED_CHURCH, 85.0, 40
57, 15, Civic, CIVIC_THE_ENLIGHTENMENT, 532.6, 69
57, 15, Civic, CIVIC_COLONIALISM, 0.0, 76
57, 15, Civic, CIVIC_CIVIL_ENGINEERING, 0.0, 97
57, 15, Civic, CIVIC_NATIONALISM, 532.6, 166
57, 15, Civic, CIVIC_OPERA_BALLET, 532.6, 145
57, 15, Civic, CIVIC_NATURAL_HISTORY, 0.0, 177
57, 15, Civic, CIVIC_CONSERVATION, 0.0, 327
57, 15, Policies, POLICY_URBAN_PLANNING, 14.0
57, 15, Policies, POLICY_CONSCRIPTION, 51.0
57, 15, Policies, POLICY_CHARISMATIC_LEADER, 14.0
57, 15, Policies, POLICY_BASTIONS, 6.0
57, 15, Policies, POLICY_RETAINERS, 14.0
57, 15, Policies, POLICY_TRADE_CONFEDERATION, 28.0
57, 15, Policies, POLICY_COLONIAL_OFFICES, 47.0
57, 15, Policies, POLICY_LOGISTICS, 71.0
57, 15, Policies, POLICY_TRIANGULAR_TRADE, 43.0
57, 15, Policies, POLICY_PRAETORIUM, 32.0
57, 15, Policies, POLICY_CIVIL_PRESTIGE, 90.0
57, 15, Policies, POLICY_EQUESTRIAN_ORDERS, 25.0
57, 15, Policies, POLICY_SOVEREIGN_STATE, 90.0
57, 17, Civic, CIVIC_NAVAL_TRADITION, 66.4, 21
57, 17, Civic, CIVIC_DIVINE_RIGHT, 351.5, 1
57, 17, Civic, CIVIC_HUMANISM, 160.8, 1
57, 17, Civic, CIVIC_DIPLOMATIC_SERVICE, 532.6, 1
57, 17, Civic, CIVIC_REFORMED_CHURCH, 351.5, 52
57, 17, Civic, CIVIC_MERCANTILISM, 358.5, 2
57, 17, Civic, CIVIC_THE_ENLIGHTENMENT, 693.4, 86
57, 17, Civic, CIVIC_COLONIALISM, 358.5, 95
57, 17, Civic, CIVIC_CIVIL_ENGINEERING, 358.5, 120
57, 17, Civic, CIVIC_NATIONALISM, 693.4, 204
57, 17, Civic, CIVIC_OPERA_BALLET, 693.4, 179
57, 17, Policies, POLICY_SURVEY, 7.0
57, 17, Policies, POLICY_URBAN_PLANNING, 14.0
57, 17, Policies, POLICY_CARAVANSARIES, 14.0
57, 17, Policies, POLICY_CONSCRIPTION, 51.0
57, 17, Policies, POLICY_CHARISMATIC_LEADER, 14.0
57, 17, Policies, POLICY_RAID, 11.0
57, 17, Policies, POLICY_BASTIONS, 6.0
57, 17, Policies, POLICY_LIMES, 13.0
57, 17, Policies, POLICY_RETAINERS, 14.0
57, 17, Policies, POLICY_TRADE_CONFEDERATION, 28.0
57, 17, Policies, POLICY_COLONIAL_OFFICES, 54.0
57, 17, Policies, POLICY_LOGISTICS, 82.0
57, 17, Policies, POLICY_TRIANGULAR_TRADE, 43.0
57, 17, Policies, POLICY_PRAETORIUM, 35.0
57, 17, Policies, POLICY_CIVIL_PRESTIGE, 69.0
57, 17, Policies, POLICY_EQUESTRIAN_ORDERS, 75.0
57, 17, Policies, POLICY_SOVEREIGN_STATE, 90.0
57, 18, Civic, CIVIC_MILITARY_TRAINING, 164.7, 1
57, 18, Civic, CIVIC_NAVAL_TRADITION, 45.6, 31
57, 18, Civic, CIVIC_MERCENARIES, 312.1, 2
57, 18, Civic, CIVIC_MEDIEVAL_FAIRES, 140.7, 1
57, 18, Civic, CIVIC_GUILDS, 140.7, 1
57, 18, Civic, CIVIC_DIVINE_RIGHT, 245.0, 1
57, 18, Civic, CIVIC_EXPLORATION, 621.2, 4
57, 18, Civic, CIVIC_HUMANISM, 429.5, 3
57, 18, Civic, CIVIC_DIPLOMATIC_SERVICE, 651.8, 2
57, 18, Civic, CIVIC_REFORMED_CHURCH, 385.7, 94
57, 18, Civic, CIVIC_MERCANTILISM, 553.8, 4
57, 18, Civic, CIVIC_THE_ENLIGHTENMENT, 940.6, 163
57, 18, Policies, POLICY_URBAN_PLANNING, 14.0
57, 18, Policies, POLICY_CARAVANSARIES, 14.0
57, 18, Policies, POLICY_CHARISMATIC_LEADER, 14.0
57, 18, Policies, POLICY_RAID, 21.0
57, 18, Policies, POLICY_LIMES, 46.0
57, 18, Policies, POLICY_TRADE_CONFEDERATION, 28.0
57, 18, Policies, POLICY_COLONIAL_OFFICES, 31.0
57, 18, Policies, POLICY_TRIANGULAR_TRADE, 43.0
57, 18, Policies, POLICY_PRAETORIUM, 14.0
57, 18, Policies, POLICY_CIVIL_PRESTIGE, 85.0
57, 18, Policies, POLICY_SOVEREIGN_STATE, 90.0
57, 20, Civic, CIVIC_NAVAL_TRADITION, 89.7, 13
57, 20, Civic, CIVIC_EXPLORATION, 208.2, 1
57, 20, Civic, CIVIC_DIPLOMATIC_SERVICE, 532.6, 1
57, 20, Civic, CIVIC_REFORMED_CHURCH, 91.1, 37
57, 20, Civic, CIVIC_THE_ENLIGHTENMENT, 532.6, 65
57, 20, Civic, CIVIC_COLONIALISM, 0.0, 72
57, 20, Civic, CIVIC_CIVIL_ENGINEERING, 0.0, 92
57, 20, Civic, CIVIC_NATIONALISM, 532.6, 157
57, 20, Civic, CIVIC_OPERA_BALLET, 532.6, 137
57, 20, Civic, CIVIC_NATURAL_HISTORY, 0.0, 167
57, 20, Civic, CIVIC_CONSERVATION, 0.0, 309
57, 20, Policies, POLICY_URBAN_PLANNING, 14.0
57, 20, Policies, POLICY_CONSCRIPTION, 58.0
57, 20, Policies, POLICY_CHARISMATIC_LEADER, 14.0
57, 20, Policies, POLICY_BASTIONS, 6.0
57, 20, Policies, POLICY_LIMES, 56.0
57, 20, Policies, POLICY_RETAINERS, 84.0
57, 20, Policies, POLICY_TRADE_CONFEDERATION, 28.0
57, 20, Policies, POLICY_COLONIAL_OFFICES, 42.0
57, 20, Policies, POLICY_LOGISTICS, 79.0
57, 20, Policies, POLICY_TRIANGULAR_TRADE, 43.0
57, 20, Policies, POLICY_PRAETORIUM, 23.0
57, 20, Policies, POLICY_CIVIL_PRESTIGE, 143.0
57, 20, Policies, POLICY_SOVEREIGN_STATE, 90.0
57, 21, Civic, CIVIC_NAVAL_TRADITION, 79.3, 17
57, 21, Civic, CIVIC_MERCENARIES, 152.6, 1
57, 21, Civic, CIVIC_EXPLORATION, 343.9, 2
57, 21, Civic, CIVIC_DIPLOMATIC_SERVICE, 532.6, 1
57, 21, Civic, CIVIC_REFORMED_CHURCH, 87.3, 47
57, 21, Civic, CIVIC_THE_ENLIGHTENMENT, 532.6, 81
57, 21, Civic, CIVIC_COLONIALISM, 0.0, 90
57, 21, Civic, CIVIC_CIVIL_ENGINEERING, 0.0, 114
57, 21, Civic, CIVIC_NATIONALISM, 532.6, 195
57, 21, Civic, CIVIC_OPERA_BALLET, 532.6, 171
57, 21, Civic, CIVIC_NATURAL_HISTORY, 0.0, 209
57, 21, Civic, CIVIC_CONSERVATION, 0.0, 385
57, 21, Policies, POLICY_URBAN_PLANNING, 14.0
57, 21, Policies, POLICY_CONSCRIPTION, 66.0
57, 21, Policies, POLICY_CHARISMATIC_LEADER, 14.0
57, 21, Policies, POLICY_BASTIONS, 6.0
57, 21, Policies, POLICY_RETAINERS, 14.0
57, 21, Policies, POLICY_TRADE_CONFEDERATION, 28.0
57, 21, Policies, POLICY_COLONIAL_OFFICES, 52.0
57, 21, Policies, POLICY_LOGISTICS, 91.0
57, 21, Policies, POLICY_TRIANGULAR_TRADE, 43.0
57, 21, Policies, POLICY_PRAETORIUM, 35.0
57, 21, Policies, POLICY_CIVIL_PRESTIGE, 89.0
57, 21, Policies, POLICY_EQUESTRIAN_ORDERS, 65.0
57, 21, Policies, POLICY_SOVEREIGN_STATE, 90.0
57, 62, Civic, CIVIC_MILITARY_TRADITION, 96.1, 20
57, 62, Civic, CIVIC_STATE_WORKFORCE, 79.3, 28
57, 62, Civic, CIVIC_MYSTICISM, 130.4, 20
57, 62, Civic, CIVIC_GAMES_RECREATION, 79.3, 72
57, 62, Civic, CIVIC_POLITICAL_PHILOSOPHY, 79.3, 72
57, 62, Civic, CIVIC_DRAMA_POETRY, 26.3, 44
57, 62, Civic, CIVIC_MILITARY_TRAINING, 175.4, 140
57, 62, Civic, CIVIC_DEFENSIVE_TACTICS, 79.3, 186
57, 62, Civic, CIVIC_RECORDED_HISTORY, 105.6, 186
57, 62, Civic, CIVIC_THEOLOGY, 156.7, 112
57, 62, Policies, POLICY_CARAVANSARIES, 14.0
57, 0, Civic, CIVIC_NAVAL_TRADITION, 178.6, 1
57, 0, Civic, CIVIC_DIPLOMATIC_SERVICE, 532.6, 1
57, 0, Civic, CIVIC_REFORMED_CHURCH, 809.1, 1
57, 0, Civic, CIVIC_THE_ENLIGHTENMENT, 1470.1, 3
57, 0, Civic, CIVIC_COLONIALISM, 1368.5, 3
57, 0, Civic, CIVIC_CIVIL_ENGINEERING, 28336.8, 2
57, 0, Civic, CIVIC_NATIONALISM, 27960.9, 5
57, 0, Civic, CIVIC_OPERA_BALLET, 1655.8, 6
57, 0, Civic, CIVIC_NATURAL_HISTORY, 2478.9, 7
57, 0, Civic, CIVIC_CONSERVATION, 1802.1, 14
57, 0, Policies, POLICY_SURVEY, 15.0
57, 0, Policies, POLICY_URBAN_PLANNING, 192.0
57, 0, Policies, POLICY_CONSCRIPTION, 51.0
57, 0, Policies, POLICY_LAND_SURVEYORS, 270.0
57, 0, Policies, POLICY_COLONIZATION, 118.0
57, 0, Policies, POLICY_INSPIRATION, 34.0
57, 0, Policies, POLICY_CHARISMATIC_LEADER, 14.0
57, 0, Policies, POLICY_DIPLOMATIC_LEAGUE, 337.0
57, 0, Policies, POLICY_LITERARY_TRADITION, 17.0
57, 0, Policies, POLICY_RAID, 3048.0
57, 0, Policies, POLICY_LIMES, 1041.0
57, 0, Policies, POLICY_NATURAL_PHILOSOPHY, 403.0
57, 0, Policies, POLICY_NAVAL_INFRASTRUCTURE, 42.0
57, 0, Policies, POLICY_NAVIGATION, 31.0
57, 0, Policies, POLICY_FEUDAL_CONTRACT, 63.0
57, 0, Policies, POLICY_RETAINERS, 528.0
57, 0, Policies, POLICY_PROFESSIONAL_ARMY, 39.0
57, 0, Policies, POLICY_TRADE_CONFEDERATION, 328.0
57, 0, Policies, POLICY_MERCHANT_CONFEDERATION, 187.0
57, 0, Policies, POLICY_TOWN_CHARTERS, 320.0
57, 0, Policies, POLICY_TRAVELING_MERCHANTS, 28.0
57, 0, Policies, POLICY_PRESS_GANGS, 39.0
57, 0, Policies, POLICY_COLONIAL_OFFICES, 827.0
57, 0, Policies, POLICY_INVENTION, 43.0
57, 0, Policies, POLICY_FRESCOES, 17.0
57, 0, Policies, POLICY_WARS_OF_RELIGION, 10.0
57, 0, Policies, POLICY_RELIGIOUS_ORDERS, 70.0
57, 0, Policies, POLICY_LOGISTICS, 46.0
57, 0, Policies, POLICY_TRIANGULAR_TRADE, 421.0
57, 0, Policies, POLICY_RATIONALISM, 402.0
57, 0, Policies, POLICY_FREE_MARKET, 306.0
57, 0, Policies, POLICY_LIBERALISM, 1034.0
57, 0, Policies, POLICY_COLONIAL_TAXES, 1284.0
57, 0, Policies, POLICY_PUBLIC_WORKS, 5.0
57, 0, Policies, POLICY_GRANDE_ARMEE, 63.0
57, 0, Policies, POLICY_NATIONAL_IDENTITY, 5.0
57, 0, Policies, POLICY_SYMPHONIES, 31.0
57, 0, Policies, POLICY_ECONOMIC_UNION, 343.0
57, 0, Policies, POLICY_PRAETORIUM, 1233.0
57, 0, Policies, POLICY_CIVIL_PRESTIGE, 1571.0
57, 0, Policies, POLICY_DRILL_MANUALS, 90.0
57, 0, Policies, POLICY_HARD_SHELL_EXPLOSIVES, 20.0
57, 0, Policies, POLICY_EMPIRICAL_METHOD, 482.0
57, 1, Civic, CIVIC_THEOLOGY, 186.7, 1
57, 1, Civic, CIVIC_NAVAL_TRADITION, 156.6, 1
57, 1, Civic, CIVIC_DIVINE_RIGHT, 1189.7, 2
57, 1, Civic, CIVIC_REFORMED_CHURCH, 1926.1, 3
57, 1, Civic, CIVIC_COLONIALISM, 1916.5, 2
57, 1, Civic, CIVIC_OPERA_BALLET, 205.8, 2
57, 1, Civic, CIVIC_NATURAL_HISTORY, 2255.8, 5
57, 1, Civic, CIVIC_SCORCHED_EARTH, 2894.5, 3
57, 1, Civic, CIVIC_URBANIZATION, 1721.1, 3
57, 1, Civic, CIVIC_CONSERVATION, 2428.6, 10
57, 1, Civic, CIVIC_MASS_MEDIA, 20486.1, 13
57, 1, Civic, CIVIC_MOBILIZATION, 22695.4, 11
57, 1, Policies, POLICY_SURVEY, 15.0
57, 1, Policies, POLICY_GOD_KING, 22.0
57, 1, Policies, POLICY_CONSCRIPTION, 14.0
57, 1, Policies, POLICY_LAND_SURVEYORS, 285.0
57, 1, Policies, POLICY_COLONIZATION, 161.0
57, 1, Policies, POLICY_INSPIRATION, 58.0
57, 1, Policies, POLICY_CHARISMATIC_LEADER, 14.0
57, 1, Policies, POLICY_DIPLOMATIC_LEAGUE, 337.0
57, 1, Policies, POLICY_LITERARY_TRADITION, 34.0
57, 1, Policies, POLICY_RAID, 3048.0
57, 1, Policies, POLICY_LIMES, 1129.0
57, 1, Policies, POLICY_NAVIGATION, 47.0
57, 1, Policies, POLICY_RETAINERS, 70.0
57, 1, Policies, POLICY_PROFESSIONAL_ARMY, 44.0
57, 1, Policies, POLICY_TRADE_CONFEDERATION, 582.0
57, 1, Policies, POLICY_MERCHANT_CONFEDERATION, 249.0
57, 1, Policies, POLICY_AESTHETICS, 102.0
57, 1, Policies, POLICY_TRAVELING_MERCHANTS, 43.0
57, 1, Policies, POLICY_COLONIAL_OFFICES, 1206.0
57, 1, Policies, POLICY_INVENTION, 130.0
57, 1, Policies, POLICY_FRESCOES, 25.0
57, 1, Policies, POLICY_MACHIAVELLIANISM, 101.0
57, 1, Policies, POLICY_RELIGIOUS_ORDERS, 8.0
57, 1, Policies, POLICY_LOGISTICS, 6.0
57, 1, Policies, POLICY_TRIANGULAR_TRADE, 722.0
57, 1, Policies, POLICY_RATIONALISM, 731.0
57, 1, Policies, POLICY_FREE_MARKET, 162.0
57, 1, Policies, POLICY_LIBERALISM, 126.0
57, 1, Policies, POLICY_COLONIAL_TAXES, 2023.0
57, 1, Policies, POLICY_PUBLIC_WORKS, 49.0
57, 1, Policies, POLICY_NATIONAL_IDENTITY, 1.0
57, 1, Policies, POLICY_GRAND_OPERA, 98.0
57, 1, Policies, POLICY_SYMPHONIES, 62.0
57, 1, Policies, POLICY_TOTAL_WAR, 3048.0
57, 1, Policies, POLICY_EXPROPRIATION, 446.0
57, 1, Policies, POLICY_MILITARY_RESEARCH, 1584.0
57, 1, Policies, POLICY_LEVEE_EN_MASSE, 14.0
57, 1, Policies, POLICY_ECONOMIC_UNION, 336.0
57, 1, Policies, POLICY_PRAETORIUM, 1775.0
57, 1, Policies, POLICY_CIVIL_PRESTIGE, 1064.0
57, 1, Policies, POLICY_WISSELBANKEN, 564.0
57, 1, Policies, POLICY_EQUESTRIAN_ORDERS, 12.0
57, 1, Policies, POLICY_FORCE_MODERNIZATION, 44.0
57, 1, Policies, POLICY_EMPIRICAL_METHOD, 409.0
57, 1, Policies, POLICY_MASTER_ARTISANS, 102.0
57, 2, Civic, CIVIC_NAVAL_TRADITION, 179.6, 1
57, 2, Civic, CIVIC_THE_ENLIGHTENMENT, 294.5, 2
57, 2, Civic, CIVIC_COLONIALISM, 1251.9, 4
57, 2, Civic, CIVIC_CIVIL_ENGINEERING, 15705.8, 3
57, 2, Civic, CIVIC_NATIONALISM, 15717.4, 5
57, 2, Civic, CIVIC_OPERA_BALLET, 480.1, 6
57, 2, Civic, CIVIC_NATURAL_HISTORY, 1512.6, 9
57, 2, Civic, CIVIC_SCORCHED_EARTH, 15850.6, 11
57, 2, Civic, CIVIC_URBANIZATION, 31570.9, 14
57, 2, Civic, CIVIC_CONSERVATION, 1959.9, 16
57, 2, Policies, POLICY_SURVEY, 37.0
57, 2, Policies, POLICY_URBAN_PLANNING, 147.0
57, 2, Policies, POLICY_CONSCRIPTION, 95.0
57, 2, Policies, POLICY_LAND_SURVEYORS, 142.0
57, 2, Policies, POLICY_COLONIZATION, 84.0
57, 2, Policies, POLICY_INSPIRATION, 20.0
57, 2, Policies, POLICY_CHARISMATIC_LEADER, 14.0
57, 2, Policies, POLICY_DIPLOMATIC_LEAGUE, 337.0
57, 2, Policies, POLICY_LITERARY_TRADITION, 15.0
57, 2, Policies, POLICY_RAID, 2781.0
57, 2, Policies, POLICY_LIMES, 606.0
57, 2, Policies, POLICY_NATURAL_PHILOSOPHY, 124.0
57, 2, Policies, POLICY_SCRIPTURE, 466.0
57, 2, Policies, POLICY_NAVAL_INFRASTRUCTURE, 94.0
57, 2, Policies, POLICY_NAVIGATION, 31.0
57, 2, Policies, POLICY_FEUDAL_CONTRACT, 25.0
57, 2, Policies, POLICY_RETAINERS, 56.0
57, 2, Policies, POLICY_PROFESSIONAL_ARMY, 108.0
57, 2, Policies, POLICY_TRADE_CONFEDERATION, 183.0
57, 2, Policies, POLICY_MERCHANT_CONFEDERATION, 113.0
57, 2, Policies, POLICY_TOWN_CHARTERS, 135.0
57, 2, Policies, POLICY_TRAVELING_MERCHANTS, 21.0
57, 2, Policies, POLICY_PRESS_GANGS, 29.0
57, 2, Policies, POLICY_COLONIAL_OFFICES, 692.0
57, 2, Policies, POLICY_INVENTION, 37.0
57, 2, Policies, POLICY_FRESCOES, 15.0
57, 2, Policies, POLICY_MACHIAVELLIANISM, 117.0
57, 2, Policies, POLICY_WARS_OF_RELIGION, 10.0
57, 2, Policies, POLICY_RELIGIOUS_ORDERS, 150.0
57, 2, Policies, POLICY_SIMULTANEUM, 741.0
57, 2, Policies, POLICY_LOGISTICS, 101.0
57, 2, Policies, POLICY_TRIANGULAR_TRADE, 267.0
57, 2, Policies, POLICY_RATIONALISM, 213.0
57, 2, Policies, POLICY_FREE_MARKET, 150.0
57, 2, Policies, POLICY_LIBERALISM, 84.0
57, 2, Policies, POLICY_COLONIAL_TAXES, 1129.0
57, 2, Policies, POLICY_PUBLIC_WORKS, 17.0
57, 2, Policies, POLICY_GRANDE_ARMEE, 25.0
57, 2, Policies, POLICY_SYMPHONIES, 31.0
57, 2, Policies, POLICY_TOTAL_WAR, 2781.0
57, 2, Policies, POLICY_EXPROPRIATION, 226.0
57, 2, Policies, POLICY_MILITARY_RESEARCH, 1092.0
57, 2, Policies, POLICY_ECONOMIC_UNION, 196.0
57, 2, Policies, POLICY_PRAETORIUM, 974.0
57, 2, Policies, POLICY_CIVIL_PRESTIGE, 1112.0
57, 2, Policies, POLICY_WISSELBANKEN, 415.0
57, 2, Policies, POLICY_FORCE_MODERNIZATION, 108.0
57, 2, Policies, POLICY_EMPIRICAL_METHOD, 145.0
57, 3, Civic, CIVIC_NAVAL_TRADITION, 168.6, 1
57, 3, Civic, CIVIC_MERCANTILISM, 953.8, 2
57, 3, Civic, CIVIC_THE_ENLIGHTENMENT, 1051.6, 1
57, 3, Civic, CIVIC_COLONIALISM, 2649.8, 6
57, 3, Civic, CIVIC_CIVIL_ENGINEERING, 209922.9, 5
57, 3, Civic, CIVIC_NATIONALISM, 217349.9, 4
57, 3, Civic, CIVIC_OPERA_BALLET, 1244.7, 5
57, 3, Civic, CIVIC_NATURAL_HISTORY, 2887.2, 11
57, 3, Civic, CIVIC_SCORCHED_EARTH, 220873.1, 10
57, 3, Civic, CIVIC_URBANIZATION, 428844.2, 15
57, 3, Policies, POLICY_SURVEY, 37.0
57, 3, Policies, POLICY_URBAN_PLANNING, 198.0
57, 3, Policies, POLICY_CARAVANSARIES, 382.0
57, 3, Policies, POLICY_LAND_SURVEYORS, 361.5
57, 3, Policies, POLICY_COLONIZATION, 265.0
57, 3, Policies, POLICY_INSPIRATION, 20.0
57, 3, Policies, POLICY_CHARISMATIC_LEADER, 14.0
57, 3, Policies, POLICY_DIPLOMATIC_LEAGUE, 337.0
57, 3, Policies, POLICY_LITERARY_TRADITION, 17.0
57, 3, Policies, POLICY_RAID, 3588.0
57, 3, Policies, POLICY_LIMES, 1554.0
57, 3, Policies, POLICY_NATURAL_PHILOSOPHY, 208.0
57, 3, Policies, POLICY_SCRIPTURE, 2115.0
57, 3, Policies, POLICY_NAVAL_INFRASTRUCTURE, 32.0
57, 3, Policies, POLICY_NAVIGATION, 15.0
57, 3, Policies, POLICY_RETAINERS, 308.0
57, 3, Policies, POLICY_TRADE_CONFEDERATION, 523.0
57, 3, Policies, POLICY_MERCHANT_CONFEDERATION, 176.0
57, 3, Policies, POLICY_TOWN_CHARTERS, 261.0
57, 3, Policies, POLICY_TRAVELING_MERCHANTS, 21.0
57, 3, Policies, POLICY_PRESS_GANGS, 314.0
57, 3, Policies, POLICY_COLONIAL_OFFICES, 712.0
57, 3, Policies, POLICY_INVENTION, 37.0
57, 3, Policies, POLICY_FRESCOES, 17.0
57, 3, Policies, POLICY_MACHIAVELLIANISM, 211.0
57, 3, Policies, POLICY_RELIGIOUS_ORDERS, 10.0
57, 3, Policies, POLICY_SIMULTANEUM, 2985.0
57, 3, Policies, POLICY_TRIANGULAR_TRADE, 1089.0
57, 3, Policies, POLICY_RATIONALISM, 216.0
57, 3, Policies, POLICY_FREE_MARKET, 455.0
57, 3, Policies, POLICY_LIBERALISM, 831.0
57, 3, Policies, POLICY_COLONIAL_TAXES, 1618.0
57, 3, Policies, POLICY_PUBLIC_WORKS, 40.0
57, 3, Policies, POLICY_NATIONAL_IDENTITY, 1.0
57, 3, Policies, POLICY_SYMPHONIES, 31.0
57, 3, Policies, POLICY_TOTAL_WAR, 3588.0
57, 3, Policies, POLICY_EXPROPRIATION, 626.5
57, 3, Policies, POLICY_MILITARY_RESEARCH, 1540.0
57, 3, Policies, POLICY_ECONOMIC_UNION, 7.0
57, 3, Policies, POLICY_PRAETORIUM, 856.0
57, 3, Policies, POLICY_CIVIL_PRESTIGE, 1574.0
57, 3, Policies, POLICY_WISSELBANKEN, 72.0
57, 3, Policies, POLICY_EQUESTRIAN_ORDERS, 86.0
57, 3, Policies, POLICY_EMPIRICAL_METHOD, 322.0
57, 4, Civic, CIVIC_NAVAL_TRADITION, 167.6, 1
57, 4, Civic, CIVIC_REFORMED_CHURCH, 871.2, 1
57, 4, Civic, CIVIC_COLONIALISM, 1776.6, 1
57, 4, Civic, CIVIC_OPERA_BALLET, 342.7, 1
57, 4, Civic, CIVIC_NATURAL_HISTORY, 2146.3, 2
57, 4, Civic, CIVIC_SCORCHED_EARTH, 3310.5, 2
57, 4, Civic, CIVIC_URBANIZATION, 2632.8, 2
57, 4, Civic, CIVIC_CONSERVATION, 2352.3, 5
57, 4, Civic, CIVIC_MASS_MEDIA, 4779.1, 7
57, 4, Civic, CIVIC_MOBILIZATION, 5943.3, 7
57, 4, Policies, POLICY_SURVEY, 23.0
57, 4, Policies, POLICY_CONSCRIPTION, 73.0
57, 4, Policies, POLICY_LAND_SURVEYORS, 199.5
57, 4, Policies, POLICY_COLONIZATION, 183.0
57, 4, Policies, POLICY_INSPIRATION, 39.0
57, 4, Policies, POLICY_CHARISMATIC_LEADER, 14.0
57, 4, Policies, POLICY_DIPLOMATIC_LEAGUE, 337.0
57, 4, Policies, POLICY_LITERARY_TRADITION, 26.0
57, 4, Policies, POLICY_RAID, 3315.0
57, 4, Policies, POLICY_LIMES, 876.0
57, 4, Policies, POLICY_NAVIGATION, 31.0
57, 4, Policies, POLICY_RETAINERS, 651.0
57, 4, Policies, POLICY_PROFESSIONAL_ARMY, 43.0
57, 4, Policies, POLICY_TRADE_CONFEDERATION, 514.0
57, 4, Policies, POLICY_MERCHANT_CONFEDERATION, 230.0
57, 4, Policies, POLICY_AESTHETICS, 58.0
57, 4, Policies, POLICY_TRAVELING_MERCHANTS, 28.0
57, 4, Policies, POLICY_CHIVALRY, 223.0
57, 4, Policies, POLICY_COLONIAL_OFFICES, 1064.0
57, 4, Policies, POLICY_INVENTION, 150.0
57, 4, Policies, POLICY_FRESCOES, 52.0
57, 4, Policies, POLICY_MACHIAVELLIANISM, 177.0
57, 4, Policies, POLICY_RELIGIOUS_ORDERS, 100.0
57, 4, Policies, POLICY_LOGISTICS, 60.0
57, 4, Policies, POLICY_TRIANGULAR_TRADE, 527.0
57, 4, Policies, POLICY_RATIONALISM, 737.0
57, 4, Policies, POLICY_FREE_MARKET, 180.0
57, 4, Policies, POLICY_LIBERALISM, 982.0
57, 4, Policies, POLICY_COLONIAL_TAXES, 1812.0
57, 4, Policies, POLICY_PUBLIC_WORKS, 28.0
57, 4, Policies, POLICY_GRANDE_ARMEE, 217.0
57, 4, Policies, POLICY_NATIONAL_IDENTITY, 36.0
57, 4, Policies, POLICY_GRAND_OPERA, 146.0
57, 4, Policies, POLICY_SYMPHONIES, 47.0
57, 4, Policies, POLICY_TOTAL_WAR, 3315.0
57, 4, Policies, POLICY_EXPROPRIATION, 382.5
57, 4, Policies, POLICY_MILITARY_RESEARCH, 2451.0
57, 4, Policies, POLICY_ECONOMIC_UNION, 218.0
57, 4, Policies, POLICY_PRAETORIUM, 1617.0
57, 4, Policies, POLICY_CIVIL_PRESTIGE, 1591.0
57, 4, Policies, POLICY_FORCE_MODERNIZATION, 43.0
57, 4, Policies, POLICY_EMPIRICAL_METHOD, 732.0
57, 4, Policies, POLICY_MASTER_ARTISANS, 350.0
57, 3, Civic, CIVIC_NAVAL_TRADITION, 168.6, 1
57, 3, Civic, CIVIC_MERCANTILISM, 953.8, 2
57, 3, Civic, CIVIC_THE_ENLIGHTENMENT, 1051.6, 1
57, 3, Civic, CIVIC_COLONIALISM, 2649.8, 6
57, 3, Civic, CIVIC_CIVIL_ENGINEERING, 209922.9, 5
57, 3, Civic, CIVIC_NATIONALISM, 217349.9, 4
57, 3, Civic, CIVIC_OPERA_BALLET, 1244.7, 5
57, 3, Civic, CIVIC_NATURAL_HISTORY, 2887.2, 11
57, 3, Civic, CIVIC_SCORCHED_EARTH, 220873.1, 10
57, 3, Civic, CIVIC_URBANIZATION, 428844.2, 15
57, 3, Policies, POLICY_SURVEY, 37.0
57, 3, Policies, POLICY_URBAN_PLANNING, 198.0
57, 3, Policies, POLICY_CARAVANSARIES, 382.0
57, 3, Policies, POLICY_LAND_SURVEYORS, 361.5
57, 3, Policies, POLICY_COLONIZATION, 265.0
57, 3, Policies, POLICY_INSPIRATION, 20.0
57, 3, Policies, POLICY_CHARISMATIC_LEADER, 14.0
57, 3, Policies, POLICY_DIPLOMATIC_LEAGUE, 337.0
57, 3, Policies, POLICY_LITERARY_TRADITION, 17.0
57, 3, Policies, POLICY_RAID, 3588.0
57, 3, Policies, POLICY_LIMES, 1554.0
57, 3, Policies, POLICY_NATURAL_PHILOSOPHY, 208.0
57, 3, Policies, POLICY_SCRIPTURE, 2115.0
57, 3, Policies, POLICY_NAVAL_INFRASTRUCTURE, 32.0
57, 3, Policies, POLICY_NAVIGATION, 15.0
57, 3, Policies, POLICY_RETAINERS, 308.0
57, 3, Policies, POLICY_TRADE_CONFEDERATION, 523.0
57, 3, Policies, POLICY_MERCHANT_CONFEDERATION, 176.0
57, 3, Policies, POLICY_TOWN_CHARTERS, 261.0
57, 3, Policies, POLICY_TRAVELING_MERCHANTS, 21.0
57, 3, Policies, POLICY_PRESS_GANGS, 314.0
57, 3, Policies, POLICY_COLONIAL_OFFICES, 712.0
57, 3, Policies, POLICY_INVENTION, 37.0
57, 3, Policies, POLICY_FRESCOES, 17.0
57, 3, Policies, POLICY_MACHIAVELLIANISM, 211.0
57, 3, Policies, POLICY_RELIGIOUS_ORDERS, 10.0
57, 3, Policies, POLICY_SIMULTANEUM, 2985.0
57, 3, Policies, POLICY_TRIANGULAR_TRADE, 1089.0
57, 3, Policies, POLICY_RATIONALISM, 216.0
57, 3, Policies, POLICY_FREE_MARKET, 455.0
57, 3, Policies, POLICY_LIBERALISM, 831.0
57, 3, Policies, POLICY_COLONIAL_TAXES, 1618.0
57, 3, Policies, POLICY_PUBLIC_WORKS, 40.0
57, 3, Policies, POLICY_NATIONAL_IDENTITY, 1.0
57, 3, Policies, POLICY_SYMPHONIES, 31.0
57, 3, Policies, POLICY_TOTAL_WAR, 3588.0
57, 3, Policies, POLICY_EXPROPRIATION, 626.5
57, 3, Policies, POLICY_MILITARY_RESEARCH, 1540.0
57, 3, Policies, POLICY_ECONOMIC_UNION, 7.0
57, 3, Policies, POLICY_PRAETORIUM, 856.0
57, 3, Policies, POLICY_CIVIL_PRESTIGE, 1574.0
57, 3, Policies, POLICY_WISSELBANKEN, 72.0
57, 3, Policies, POLICY_EQUESTRIAN_ORDERS, 86.0
57, 3, Policies, POLICY_EMPIRICAL_METHOD, 322.0
57, 2, Civic, CIVIC_NAVAL_TRADITION, 179.6, 1
57, 2, Civic, CIVIC_THE_ENLIGHTENMENT, 294.5, 2
57, 2, Civic, CIVIC_COLONIALISM, 1251.9, 4
57, 2, Civic, CIVIC_CIVIL_ENGINEERING, 15705.8, 3
57, 2, Civic, CIVIC_NATIONALISM, 15717.4, 5
57, 2, Civic, CIVIC_OPERA_BALLET, 480.1, 6
57, 2, Civic, CIVIC_NATURAL_HISTORY, 1512.6, 9
57, 2, Civic, CIVIC_SCORCHED_EARTH, 15850.6, 11
57, 2, Civic, CIVIC_URBANIZATION, 31570.9, 14
57, 2, Civic, CIVIC_CONSERVATION, 1959.9, 16
57, 2, Policies, POLICY_SURVEY, 37.0
57, 2, Policies, POLICY_URBAN_PLANNING, 147.0
57, 2, Policies, POLICY_CONSCRIPTION, 95.0
57, 2, Policies, POLICY_LAND_SURVEYORS, 142.0
57, 2, Policies, POLICY_COLONIZATION, 84.0
57, 2, Policies, POLICY_INSPIRATION, 20.0
57, 2, Policies, POLICY_CHARISMATIC_LEADER, 14.0
57, 2, Policies, POLICY_DIPLOMATIC_LEAGUE, 337.0
57, 2, Policies, POLICY_LITERARY_TRADITION, 15.0
57, 2, Policies, POLICY_RAID, 2781.0
57, 2, Policies, POLICY_LIMES, 606.0
57, 2, Policies, POLICY_NATURAL_PHILOSOPHY, 124.0
57, 2, Policies, POLICY_SCRIPTURE, 466.0
57, 2, Policies, POLICY_NAVAL_INFRASTRUCTURE, 94.0
57, 2, Policies, POLICY_NAVIGATION, 31.0
57, 2, Policies, POLICY_FEUDAL_CONTRACT, 25.0
57, 2, Policies, POLICY_RETAINERS, 56.0
57, 2, Policies, POLICY_PROFESSIONAL_ARMY, 108.0
57, 2, Policies, POLICY_TRADE_CONFEDERATION, 183.0
57, 2, Policies, POLICY_MERCHANT_CONFEDERATION, 113.0
57, 2, Policies, POLICY_TOWN_CHARTERS, 135.0
57, 2, Policies, POLICY_TRAVELING_MERCHANTS, 21.0
57, 2, Policies, POLICY_PRESS_GANGS, 29.0
57, 2, Policies, POLICY_COLONIAL_OFFICES, 692.0
57, 2, Policies, POLICY_INVENTION, 37.0
57, 2, Policies, POLICY_FRESCOES, 15.0
57, 2, Policies, POLICY_MACHIAVELLIANISM, 117.0
57, 2, Policies, POLICY_WARS_OF_RELIGION, 10.0
57, 2, Policies, POLICY_RELIGIOUS_ORDERS, 150.0
57, 2, Policies, POLICY_SIMULTANEUM, 741.0
57, 2, Policies, POLICY_LOGISTICS, 101.0
57, 2, Policies, POLICY_TRIANGULAR_TRADE, 267.0
57, 2, Policies, POLICY_RATIONALISM, 213.0
57, 2, Policies, POLICY_FREE_MARKET, 150.0
57, 2, Policies, POLICY_LIBERALISM, 84.0
57, 2, Policies, POLICY_COLONIAL_TAXES, 1129.0
57, 2, Policies, POLICY_PUBLIC_WORKS, 17.0
57, 2, Policies, POLICY_GRANDE_ARMEE, 25.0
57, 2, Policies, POLICY_SYMPHONIES, 31.0
57, 2, Policies, POLICY_TOTAL_WAR, 2781.0
57, 2, Policies, POLICY_EXPROPRIATION, 226.0
57, 2, Policies, POLICY_MILITARY_RESEARCH, 1092.0
57, 2, Policies, POLICY_ECONOMIC_UNION, 196.0
57, 2, Policies, POLICY_PRAETORIUM, 974.0
57, 2, Policies, POLICY_CIVIL_PRESTIGE, 1112.0
57, 2, Policies, POLICY_WISSELBANKEN, 415.0
57, 2, Policies, POLICY_FORCE_MODERNIZATION, 108.0
57, 2, Policies, POLICY_EMPIRICAL_METHOD, 145.0
57, 0, Civic, CIVIC_NAVAL_TRADITION, 178.6, 1
57, 0, Civic, CIVIC_DIPLOMATIC_SERVICE, 532.6, 1
57, 0, Civic, CIVIC_REFORMED_CHURCH, 809.1, 1
57, 0, Civic, CIVIC_THE_ENLIGHTENMENT, 1470.1, 3
57, 0, Civic, CIVIC_COLONIALISM, 1368.5, 3
57, 0, Civic, CIVIC_CIVIL_ENGINEERING, 28336.8, 2
57, 0, Civic, CIVIC_NATIONALISM, 27960.9, 5
57, 0, Civic, CIVIC_OPERA_BALLET, 1655.8, 6
57, 0, Civic, CIVIC_NATURAL_HISTORY, 2478.9, 7
57, 0, Civic, CIVIC_CONSERVATION, 1802.1, 14
57, 0, Policies, POLICY_SURVEY, 15.0
57, 0, Policies, POLICY_URBAN_PLANNING, 192.0
57, 0, Policies, POLICY_CONSCRIPTION, 51.0
57, 0, Policies, POLICY_LAND_SURVEYORS, 270.0
57, 0, Policies, POLICY_COLONIZATION, 118.0
57, 0, Policies, POLICY_INSPIRATION, 34.0
57, 0, Policies, POLICY_CHARISMATIC_LEADER, 14.0
57, 0, Policies, POLICY_DIPLOMATIC_LEAGUE, 337.0
57, 0, Policies, POLICY_LITERARY_TRADITION, 17.0
57, 0, Policies, POLICY_RAID, 3048.0
57, 0, Policies, POLICY_LIMES, 1041.0
57, 0, Policies, POLICY_NATURAL_PHILOSOPHY, 403.0
57, 0, Policies, POLICY_NAVAL_INFRASTRUCTURE, 42.0
57, 0, Policies, POLICY_NAVIGATION, 31.0
57, 0, Policies, POLICY_FEUDAL_CONTRACT, 63.0
57, 0, Policies, POLICY_RETAINERS, 528.0
57, 0, Policies, POLICY_PROFESSIONAL_ARMY, 39.0
57, 0, Policies, POLICY_TRADE_CONFEDERATION, 328.0
57, 0, Policies, POLICY_MERCHANT_CONFEDERATION, 187.0
57, 0, Policies, POLICY_TOWN_CHARTERS, 320.0
57, 0, Policies, POLICY_TRAVELING_MERCHANTS, 28.0
57, 0, Policies, POLICY_PRESS_GANGS, 39.0
57, 0, Policies, POLICY_COLONIAL_OFFICES, 827.0
57, 0, Policies, POLICY_INVENTION, 43.0
57, 0, Policies, POLICY_FRESCOES, 17.0
57, 0, Policies, POLICY_WARS_OF_RELIGION, 10.0
57, 0, Policies, POLICY_RELIGIOUS_ORDERS, 70.0
57, 0, Policies, POLICY_LOGISTICS, 46.0
57, 0, Policies, POLICY_TRIANGULAR_TRADE, 421.0
57, 0, Policies, POLICY_RATIONALISM, 402.0
57, 0, Policies, POLICY_FREE_MARKET, 306.0
57, 0, Policies, POLICY_LIBERALISM, 1034.0
57, 0, Policies, POLICY_COLONIAL_TAXES, 1284.0
57, 0, Policies, POLICY_PUBLIC_WORKS, 5.0
57, 0, Policies, POLICY_GRANDE_ARMEE, 63.0
57, 0, Policies, POLICY_NATIONAL_IDENTITY, 5.0
57, 0, Policies, POLICY_SYMPHONIES, 31.0
57, 0, Policies, POLICY_ECONOMIC_UNION, 343.0
57, 0, Policies, POLICY_PRAETORIUM, 1233.0
57, 0, Policies, POLICY_CIVIL_PRESTIGE, 1571.0
57, 0, Policies, POLICY_DRILL_MANUALS, 90.0
57, 0, Policies, POLICY_HARD_SHELL_EXPLOSIVES, 20.0
57, 0, Policies, POLICY_EMPIRICAL_METHOD, 482.0
57, 2, Civic, CIVIC_NAVAL_TRADITION, 179.6, 1
57, 2, Civic, CIVIC_THE_ENLIGHTENMENT, 294.5, 2
57, 2, Civic, CIVIC_COLONIALISM, 1251.9, 4
57, 2, Civic, CIVIC_CIVIL_ENGINEERING, 15705.8, 3
57, 2, Civic, CIVIC_NATIONALISM, 15717.4, 5
57, 2, Civic, CIVIC_OPERA_BALLET, 480.1, 6
57, 2, Civic, CIVIC_NATURAL_HISTORY, 1512.6, 9
57, 2, Civic, CIVIC_SCORCHED_EARTH, 15850.6, 11
57, 2, Civic, CIVIC_URBANIZATION, 31570.9, 14
57, 2, Civic, CIVIC_CONSERVATION, 1959.9, 16
57, 2, Policies, POLICY_SURVEY, 37.0
57, 2, Policies, POLICY_URBAN_PLANNING, 147.0
57, 2, Policies, POLICY_CONSCRIPTION, 95.0
57, 2, Policies, POLICY_LAND_SURVEYORS, 142.0
57, 2, Policies, POLICY_COLONIZATION, 84.0
57, 2, Policies, POLICY_INSPIRATION, 20.0
57, 2, Policies, POLICY_CHARISMATIC_LEADER, 14.0
57, 2, Policies, POLICY_DIPLOMATIC_LEAGUE, 337.0
57, 2, Policies, POLICY_LITERARY_TRADITION, 15.0
57, 2, Policies, POLICY_RAID, 2781.0
57, 2, Policies, POLICY_LIMES, 606.0
57, 2, Policies, POLICY_NATURAL_PHILOSOPHY, 124.0
57, 2, Policies, POLICY_SCRIPTURE, 466.0
57, 2, Policies, POLICY_NAVAL_INFRASTRUCTURE, 94.0
57, 2, Policies, POLICY_NAVIGATION, 31.0
57, 2, Policies, POLICY_FEUDAL_CONTRACT, 25.0
57, 2, Policies, POLICY_RETAINERS, 56.0
57, 2, Policies, POLICY_PROFESSIONAL_ARMY, 108.0
57, 2, Policies, POLICY_TRADE_CONFEDERATION, 183.0
57, 2, Policies, POLICY_MERCHANT_CONFEDERATION, 113.0
57, 2, Policies, POLICY_TOWN_CHARTERS, 135.0
57, 2, Policies, POLICY_TRAVELING_MERCHANTS, 21.0
57, 2, Policies, POLICY_PRESS_GANGS, 29.0
57, 2, Policies, POLICY_COLONIAL_OFFICES, 692.0
57, 2, Policies, POLICY_INVENTION, 37.0
57, 2, Policies, POLICY_FRESCOES, 15.0
57, 2, Policies, POLICY_MACHIAVELLIANISM, 117.0
57, 2, Policies, POLICY_WARS_OF_RELIGION, 10.0
57, 2, Policies, POLICY_RELIGIOUS_ORDERS, 150.0
57, 2, Policies, POLICY_SIMULTANEUM, 741.0
57, 2, Policies, POLICY_LOGISTICS, 101.0
57, 2, Policies, POLICY_TRIANGULAR_TRADE, 267.0
57, 2, Policies, POLICY_RATIONALISM, 213.0
57, 2, Policies, POLICY_FREE_MARKET, 150.0
57, 2, Policies, POLICY_LIBERALISM, 84.0
57, 2, Policies, POLICY_COLONIAL_TAXES, 1129.0
57, 2, Policies, POLICY_PUBLIC_WORKS, 17.0
57, 2, Policies, POLICY_GRANDE_ARMEE, 25.0
57, 2, Policies, POLICY_SYMPHONIES, 31.0
57, 2, Policies, POLICY_TOTAL_WAR, 2781.0
57, 2, Policies, POLICY_EXPROPRIATION, 226.0
57, 2, Policies, POLICY_MILITARY_RESEARCH, 1092.0
57, 2, Policies, POLICY_ECONOMIC_UNION, 196.0
57, 2, Policies, POLICY_PRAETORIUM, 974.0
57, 2, Policies, POLICY_CIVIL_PRESTIGE, 1112.0
57, 2, Policies, POLICY_WISSELBANKEN, 415.0
57, 2, Policies, POLICY_FORCE_MODERNIZATION, 108.0
57, 2, Policies, POLICY_EMPIRICAL_METHOD, 145.0
57, 1, Civic, CIVIC_THEOLOGY, 186.7, 1
57, 1, Civic, CIVIC_NAVAL_TRADITION, 156.6, 1
57, 1, Civic, CIVIC_DIVINE_RIGHT, 1189.7, 2
57, 1, Civic, CIVIC_REFORMED_CHURCH, 1926.1, 3
57, 1, Civic, CIVIC_COLONIALISM, 1916.5, 2
57, 1, Civic, CIVIC_OPERA_BALLET, 205.8, 2
57, 1, Civic, CIVIC_NATURAL_HISTORY, 2255.8, 5
57, 1, Civic, CIVIC_SCORCHED_EARTH, 2894.5, 3
57, 1, Civic, CIVIC_URBANIZATION, 1721.1, 3
57, 1, Civic, CIVIC_CONSERVATION, 2428.6, 10
57, 1, Civic, CIVIC_MASS_MEDIA, 20486.1, 13
57, 1, Civic, CIVIC_MOBILIZATION, 22695.4, 11
57, 1, Policies, POLICY_SURVEY, 15.0
57, 1, Policies, POLICY_GOD_KING, 22.0
57, 1, Policies, POLICY_CONSCRIPTION, 14.0
57, 1, Policies, POLICY_LAND_SURVEYORS, 285.0
57, 1, Policies, POLICY_COLONIZATION, 161.0
57, 1, Policies, POLICY_INSPIRATION, 58.0
57, 1, Policies, POLICY_CHARISMATIC_LEADER, 14.0
57, 1, Policies, POLICY_DIPLOMATIC_LEAGUE, 337.0
57, 1, Policies, POLICY_LITERARY_TRADITION, 34.0
57, 1, Policies, POLICY_RAID, 3048.0
57, 1, Policies, POLICY_LIMES, 1129.0
57, 1, Policies, POLICY_NAVIGATION, 47.0
57, 1, Policies, POLICY_RETAINERS, 70.0
57, 1, Policies, POLICY_PROFESSIONAL_ARMY, 44.0
57, 1, Policies, POLICY_TRADE_CONFEDERATION, 582.0
57, 1, Policies, POLICY_MERCHANT_CONFEDERATION, 249.0
57, 1, Policies, POLICY_AESTHETICS, 102.0
57, 1, Policies, POLICY_TRAVELING_MERCHANTS, 43.0
57, 1, Policies, POLICY_COLONIAL_OFFICES, 1206.0
57, 1, Policies, POLICY_INVENTION, 130.0
57, 1, Policies, POLICY_FRESCOES, 25.0
57, 1, Policies, POLICY_MACHIAVELLIANISM, 101.0
57, 1, Policies, POLICY_RELIGIOUS_ORDERS, 8.0
57, 1, Policies, POLICY_LOGISTICS, 6.0
57, 1, Policies, POLICY_TRIANGULAR_TRADE, 722.0
57, 1, Policies, POLICY_RATIONALISM, 731.0
57, 1, Policies, POLICY_FREE_MARKET, 162.0
57, 1, Policies, POLICY_LIBERALISM, 126.0
57, 1, Policies, POLICY_COLONIAL_TAXES, 2023.0
57, 1, Policies, POLICY_PUBLIC_WORKS, 49.0
57, 1, Policies, POLICY_NATIONAL_IDENTITY, 1.0
57, 1, Policies, POLICY_GRAND_OPERA, 98.0
57, 1, Policies, POLICY_SYMPHONIES, 62.0
57, 1, Policies, POLICY_TOTAL_WAR, 3048.0
57, 1, Policies, POLICY_EXPROPRIATION, 446.0
57, 1, Policies, POLICY_MILITARY_RESEARCH, 1584.0
57, 1, Policies, POLICY_LEVEE_EN_MASSE, 14.0
57, 1, Policies, POLICY_ECONOMIC_UNION, 336.0
57, 1, Policies, POLICY_PRAETORIUM, 1775.0
57, 1, Policies, POLICY_CIVIL_PRESTIGE, 1064.0
57, 1, Policies, POLICY_WISSELBANKEN, 564.0
57, 1, Policies, POLICY_EQUESTRIAN_ORDERS, 12.0
57, 1, Policies, POLICY_FORCE_MODERNIZATION, 44.0
57, 1, Policies, POLICY_EMPIRICAL_METHOD, 409.0
57, 1, Policies, POLICY_MASTER_ARTISANS, 102.0
58, 5, Completed Civic, CIVIC_THEOLOGY
58, 5, Slot Policy, POLICY_CIVIL_PRESTIGE, 1852
58, 5, Slot Policy, POLICY_NATURAL_PHILOSOPHY, 220
58, 5, Slot Policy, POLICY_PRAETORIUM, 2235
58, 5, Slot Policy, POLICY_RAID, 3303
58, 5, Slot Policy, POLICY_URBAN_PLANNING, 144
58, 5, Slot Policy, POLICY_RETAINERS, 659
58, 5, Civic, CIVIC_NAVAL_TRADITION, 144.6, 1
58, 5, Civic, CIVIC_DIVINE_RIGHT, 2121.9, 1
58, 5, Civic, CIVIC_EXPLORATION, 2041.2, 2
58, 5, Civic, CIVIC_DIPLOMATIC_SERVICE, 511.1, 2
58, 5, Civic, CIVIC_REFORMED_CHURCH, 3394.8, 3
58, 5, Civic, CIVIC_THE_ENLIGHTENMENT, 1304.8, 5
58, 5, Civic, CIVIC_COLONIALISM, 1202.6, 5
58, 5, Civic, CIVIC_CIVIL_ENGINEERING, 3248549.3, 4
58, 5, Civic, CIVIC_NATIONALISM, 2773733.3, 9
58, 5, Civic, CIVIC_OPERA_BALLET, 1439.0, 10
58, 5, Civic, CIVIC_NATURAL_HISTORY, 1418.4, 12
58, 5, Civic, CIVIC_CONSERVATION, 1507.5, 23
58, 5, Policies, POLICY_SURVEY, 36.0
58, 5, Policies, POLICY_URBAN_PLANNING, 144.0
58, 5, Policies, POLICY_CONSCRIPTION, 228.0
58, 5, Policies, POLICY_LAND_SURVEYORS, 9.0
58, 5, Policies, POLICY_COLONIZATION, 35.0
58, 5, Policies, POLICY_INSPIRATION, 29.0
58, 5, Policies, POLICY_CHARISMATIC_LEADER, 14.0
58, 5, Policies, POLICY_DIPLOMATIC_LEAGUE, 225.0
58, 5, Policies, POLICY_LITERARY_TRADITION, 17.0
58, 5, Policies, POLICY_RAID, 3609.0
58, 5, Policies, POLICY_BASTIONS, 36.0
58, 5, Policies, POLICY_LIMES, 40.0
58, 5, Policies, POLICY_NATURAL_PHILOSOPHY, 259.0
58, 5, Policies, POLICY_SCRIPTURE, 102.0
58, 5, Policies, POLICY_NAVIGATION, 31.0
58, 5, Policies, POLICY_FEUDAL_CONTRACT, 40.0
58, 5, Policies, POLICY_RETAINERS, 185.0
58, 5, Policies, POLICY_PROFESSIONAL_ARMY, 24.0
58, 5, Policies, POLICY_TRADE_CONFEDERATION, 132.0
58, 5, Policies, POLICY_MERCHANT_CONFEDERATION, 87.0
58, 5, Policies, POLICY_CRAFTSMEN, 86.0
58, 5, Policies, POLICY_TOWN_CHARTERS, 38.0
58, 5, Policies, POLICY_TRAVELING_MERCHANTS, 21.0
58, 5, Policies, POLICY_COLONIAL_OFFICES, 1341.0
58, 5, Policies, POLICY_INVENTION, 84.0
58, 5, Policies, POLICY_FRESCOES, 17.0
58, 5, Policies, POLICY_WARS_OF_RELIGION, 10.0
58, 5, Policies, POLICY_RELIGIOUS_ORDERS, 260.0
58, 5, Policies, POLICY_LOGISTICS, 350.0
58, 5, Policies, POLICY_TRIANGULAR_TRADE, 90.0
58, 5, Policies, POLICY_RATIONALISM, 372.0
58, 5, Policies, POLICY_FREE_MARKET, 54.0
58, 5, Policies, POLICY_LIBERALISM, 213.0
58, 5, Policies, POLICY_COLONIAL_TAXES, 1298.0
58, 5, Policies, POLICY_GRANDE_ARMEE, 40.0
58, 5, Policies, POLICY_SYMPHONIES, 31.0
58, 5, Policies, POLICY_ECONOMIC_UNION, 29.0
58, 5, Policies, POLICY_PRAETORIUM, 2370.0
58, 5, Policies, POLICY_CIVIL_PRESTIGE, 766.0
58, 5, Policies, POLICY_EQUESTRIAN_ORDERS, 75.0
58, 5, Policies, POLICY_DRILL_MANUALS, 60.0
58, 5, Policies, POLICY_HARD_SHELL_EXPLOSIVES, 14.0
58, 5, Policies, POLICY_EMPIRICAL_METHOD, 249.0
58, 5, Policies, POLICY_MASTER_ARTISANS, 73.0
58, 6, Civic, CIVIC_NAVAL_TRADITION, 156.6, 1
58, 6, Civic, CIVIC_EXPLORATION, 2429.3, 1
58, 6, Civic, CIVIC_REFORMED_CHURCH, 2784.5, 1
58, 6, Civic, CIVIC_MERCANTILISM, 140.7, 1
58, 6, Civic, CIVIC_COLONIALISM, 1662.6, 4
58, 6, Civic, CIVIC_CIVIL_ENGINEERING, 140.7, 4
58, 6, Civic, CIVIC_OPERA_BALLET, 1093.1, 2
58, 6, Civic, CIVIC_NATURAL_HISTORY, 1961.9, 7
58, 6, Civic, CIVIC_SCORCHED_EARTH, 3216.5, 3
58, 6, Civic, CIVIC_URBANIZATION, 1045.1, 7
58, 6, Policies, POLICY_SURVEY, 66.0
58, 6, Policies, POLICY_CARAVANSARIES, 54.0
58, 6, Policies, POLICY_CONSCRIPTION, 213.0
58, 6, Policies, POLICY_LAND_SURVEYORS, 332.5
58, 6, Policies, POLICY_COLONIZATION, 22.0
58, 6, Policies, POLICY_INSPIRATION, 72.0
58, 6, Policies, POLICY_CHARISMATIC_LEADER, 14.0
58, 6, Policies, POLICY_DIPLOMATIC_LEAGUE, 337.0
58, 6, Policies, POLICY_LITERARY_TRADITION, 58.0
58, 6, Policies, POLICY_RAID, 3926.0
58, 6, Policies, POLICY_BASTIONS, 42.0
58, 6, Policies, POLICY_LIMES, 450.0
58, 6, Policies, POLICY_NATURAL_PHILOSOPHY, 182.0
58, 6, Policies, POLICY_SCRIPTURE, 438.0
58, 6, Policies, POLICY_NAVIGATION, 31.0
58, 6, Policies, POLICY_RETAINERS, 500.0
58, 6, Policies, POLICY_PROFESSIONAL_ARMY, 22.0
58, 6, Policies, POLICY_TRADE_CONFEDERATION, 104.0
58, 6, Policies, POLICY_MERCHANT_CONFEDERATION, 176.0
58, 6, Policies, POLICY_AESTHETICS, 86.0
58, 6, Policies, POLICY_TOWN_CHARTERS, 41.0
58, 6, Policies, POLICY_TRAVELING_MERCHANTS, 29.0
58, 6, Policies, POLICY_PRESS_GANGS, 25.0
58, 6, Policies, POLICY_COLONIAL_OFFICES, 1643.0
58, 6, Policies, POLICY_INVENTION, 131.0
58, 6, Policies, POLICY_FRESCOES, 58.0
58, 6, Policies, POLICY_MACHIAVELLIANISM, 59.0
58, 6, Policies, POLICY_RELIGIOUS_ORDERS, 200.0
58, 6, Policies, POLICY_SIMULTANEUM, 1692.0
58, 6, Policies, POLICY_LOGISTICS, 160.0
58, 6, Policies, POLICY_TRIANGULAR_TRADE, 137.0
58, 6, Policies, POLICY_RATIONALISM, 418.0
58, 6, Policies, POLICY_FREE_MARKET, 120.0
58, 6, Policies, POLICY_LIBERALISM, 514.0
58, 6, Policies, POLICY_COLONIAL_TAXES, 1642.0
58, 6, Policies, POLICY_GRAND_OPERA, 488.0
58, 6, Policies, POLICY_SYMPHONIES, 110.0
58, 6, Policies, POLICY_TOTAL_WAR, 3926.0
58, 6, Policies, POLICY_EXPROPRIATION, 354.5
58, 6, Policies, POLICY_MILITARY_RESEARCH, 1044.0
58, 6, Policies, POLICY_PRAETORIUM, 2612.0
58, 6, Policies, POLICY_CIVIL_PRESTIGE, 2659.0
58, 6, Policies, POLICY_DRILL_MANUALS, 43.0
58, 6, Policies, POLICY_FORCE_MODERNIZATION, 22.0
58, 7, Completed Civic, CIVIC_SCORCHED_EARTH
58, 7, Slot Policy, POLICY_TOTAL_WAR, 3593
58, 7, Slot Policy, POLICY_LOGISTICS, 361
58, 7, Slot Policy, POLICY_CIVIL_PRESTIGE, 2281
58, 7, Slot Policy, POLICY_PRAETORIUM, 2497
58, 7, Slot Policy, POLICY_RETAINERS, 624
58, 7, Slot Policy, POLICY_LIBERALISM, 725
58, 7, Civic, CIVIC_NAVAL_TRADITION, 144.6, 1
58, 7, Civic, CIVIC_MERCENARIES, 144.6, 1
58, 7, Civic, CIVIC_DIVINE_RIGHT, 2432.5, 1
58, 7, Civic, CIVIC_EXPLORATION, 2449.5, 2
58, 7, Civic, CIVIC_REFORMED_CHURCH, 3646.3, 2
58, 7, Civic, CIVIC_COLONIALISM, 1435.6, 1
58, 7, Civic, CIVIC_OPERA_BALLET, 1453.7, 1
58, 7, Civic, CIVIC_NATURAL_HISTORY, 1781.3, 2
58, 7, Civic, CIVIC_URBANIZATION, 3250.7, 1
58, 7, Civic, CIVIC_CONSERVATION, 1955.3, 5
58, 7, Civic, CIVIC_MASS_MEDIA, 5282.7, 6
58, 7, Civic, CIVIC_MOBILIZATION, 2610.7, 2
58, 7, Policies, POLICY_SURVEY, 77.0
58, 7, Policies, POLICY_CONSCRIPTION, 257.0
58, 7, Policies, POLICY_INSPIRATION, 47.0
58, 7, Policies, POLICY_CHARISMATIC_LEADER, 14.0
58, 7, Policies, POLICY_DIPLOMATIC_LEAGUE, 225.0
58, 7, Policies, POLICY_LITERARY_TRADITION, 58.0
58, 7, Policies, POLICY_LIMES, 112.0
58, 7, Policies, POLICY_SCRIPTURE, 174.0
58, 7, Policies, POLICY_NAVIGATION, 31.0
58, 7, Policies, POLICY_RETAINERS, 458.0
58, 7, Policies, POLICY_PROFESSIONAL_ARMY, 122.0
58, 7, Policies, POLICY_TRADE_CONFEDERATION, 64.0
58, 7, Policies, POLICY_MERCHANT_CONFEDERATION, 108.0
58, 7, Policies, POLICY_AESTHETICS, 85.0
58, 7, Policies, POLICY_TRAVELING_MERCHANTS, 29.0
58, 7, Policies, POLICY_COLONIAL_OFFICES, 1615.0
58, 7, Policies, POLICY_INVENTION, 81.0
58, 7, Policies, POLICY_FRESCOES, 58.0
58, 7, Policies, POLICY_WARS_OF_RELIGION, 10.0
58, 7, Policies, POLICY_RELIGIOUS_ORDERS, 340.0
58, 7, Policies, POLICY_SIMULTANEUM, 135.0
58, 7, Policies, POLICY_LOGISTICS, 250.0
58, 7, Policies, POLICY_TRIANGULAR_TRADE, 58.0
58, 7, Policies, POLICY_RATIONALISM, 418.0
58, 7, Policies, POLICY_LIBERALISM, 421.0
58, 7, Policies, POLICY_COLONIAL_TAXES, 1712.0
58, 7, Policies, POLICY_GRAND_OPERA, 51.0
58, 7, Policies, POLICY_SYMPHONIES, 110.0
58, 7, Policies, POLICY_TOTAL_WAR, 4109.0
58, 7, Policies, POLICY_EXPROPRIATION, 301.0
58, 7, Policies, POLICY_MILITARY_RESEARCH, 2060.0
58, 7, Policies, POLICY_PRAETORIUM, 2585.0
58, 7, Policies, POLICY_CIVIL_PRESTIGE, 2513.0
58, 7, Policies, POLICY_DRILL_MANUALS, 125.0
58, 7, Policies, POLICY_FORCE_MODERNIZATION, 122.0
58, 7, Policies, POLICY_EMPIRICAL_METHOD, 131.0
58, 8, Civic, CIVIC_NAVAL_TRADITION, 156.6, 1
58, 8, Civic, CIVIC_MERCENARIES, 156.6, 1
58, 8, Civic, CIVIC_EXPLORATION, 2833.2, 3
58, 8, Civic, CIVIC_REFORMED_CHURCH, 1759.9, 2
58, 8, Civic, CIVIC_THE_ENLIGHTENMENT, 120.6, 1
58, 8, Civic, CIVIC_COLONIALISM, 1677.9, 4
58, 8, Civic, CIVIC_NATIONALISM, 120.6, 4
58, 8, Civic, CIVIC_OPERA_BALLET, 322.0, 3
58, 8, Civic, CIVIC_NATURAL_HISTORY, 1981.1, 7
58, 8, Civic, CIVIC_SCORCHED_EARTH, 3505.1, 8
58, 8, Civic, CIVIC_URBANIZATION, 1602.6, 8
58, 8, Civic, CIVIC_CONSERVATION, 2130.6, 14
58, 8, Policies, POLICY_SURVEY, 7.0
58, 8, Policies, POLICY_URBAN_PLANNING, 168.0
58, 8, Policies, POLICY_CONSCRIPTION, 441.0
58, 8, Policies, POLICY_LAND_SURVEYORS, 210.0
58, 8, Policies, POLICY_COLONIZATION, 7.0
58, 8, Policies, POLICY_INSPIRATION, 39.0
58, 8, Policies, POLICY_CHARISMATIC_LEADER, 14.0
58, 8, Policies, POLICY_DIPLOMATIC_LEAGUE, 337.0
58, 8, Policies, POLICY_LITERARY_TRADITION, 26.0
58, 8, Policies, POLICY_RAID, 3926.0
58, 8, Policies, POLICY_LIMES, 40.0
58, 8, Policies, POLICY_SCRIPTURE, 351.0
58, 8, Policies, POLICY_NAVIGATION, 23.0
58, 8, Policies, POLICY_RETAINERS, 70.0
58, 8, Policies, POLICY_TRADE_CONFEDERATION, 55.0
58, 8, Policies, POLICY_MERCHANT_CONFEDERATION, 108.0
58, 8, Policies, POLICY_AESTHETICS, 58.0
58, 8, Policies, POLICY_TRAVELING_MERCHANTS, 21.0
58, 8, Policies, POLICY_COLONIAL_OFFICES, 1808.0
58, 8, Policies, POLICY_INVENTION, 97.0
58, 8, Policies, POLICY_FRESCOES, 26.0
58, 8, Policies, POLICY_WARS_OF_RELIGION, 10.0
58, 8, Policies, POLICY_RELIGIOUS_ORDERS, 320.0
58, 8, Policies, POLICY_SIMULTANEUM, 480.0
58, 8, Policies, POLICY_LOGISTICS, 391.0
58, 8, Policies, POLICY_TRIANGULAR_TRADE, 62.0
58, 8, Policies, POLICY_RATIONALISM, 99.0
58, 8, Policies, POLICY_LIBERALISM, 84.0
58, 8, Policies, POLICY_COLONIAL_TAXES, 1926.0
58, 8, Policies, POLICY_GRAND_OPERA, 152.0
58, 8, Policies, POLICY_SYMPHONIES, 47.0
58, 8, Policies, POLICY_TOTAL_WAR, 3926.0
58, 8, Policies, POLICY_EXPROPRIATION, 217.0
58, 8, Policies, POLICY_MILITARY_RESEARCH, 1926.0
58, 8, Policies, POLICY_PRAETORIUM, 3199.0
58, 8, Policies, POLICY_CIVIL_PRESTIGE, 1024.0
58, 8, Policies, POLICY_MONASTICISM, 4318.0
58, 8, Policies, POLICY_TWILIGHT_VALOR, 570.0
58, 8, Policies, POLICY_ISOLATIONISM, 336.0
58, 8, Policies, POLICY_DRILL_MANUALS, 75.0
58, 8, Policies, POLICY_EMPIRICAL_METHOD, 72.0
58, 8, Policies, POLICY_MASTER_ARTISANS, 44.0
58, 9, Civic, CIVIC_NAVAL_TRADITION, 144.6, 1
58, 9, Civic, CIVIC_MERCENARIES, 144.6, 1
58, 9, Civic, CIVIC_DIVINE_RIGHT, 2380.9, 1
58, 9, Civic, CIVIC_EXPLORATION, 2330.6, 3
58, 9, Civic, CIVIC_DIPLOMATIC_SERVICE, 485.7, 3
58, 9, Civic, CIVIC_REFORMED_CHURCH, 3652.1, 3
58, 9, Civic, CIVIC_THE_ENLIGHTENMENT, 819.7, 6
58, 9, Civic, CIVIC_COLONIALISM, 1390.6, 5
58, 9, Civic, CIVIC_CIVIL_ENGINEERING, 1241407.6, 1
58, 9, Civic, CIVIC_NATIONALISM, 932214.9, 10
58, 9, Civic, CIVIC_OPERA_BALLET, 947.2, 11
58, 9, Civic, CIVIC_NATURAL_HISTORY, 1632.4, 9
58, 9, Civic, CIVIC_CONSERVATION, 1737.8, 19
58, 9, Policies, POLICY_SURVEY, 14.0
58, 9, Policies, POLICY_URBAN_PLANNING, 147.0
58, 9, Policies, POLICY_CONSCRIPTION, 220.0
58, 9, Policies, POLICY_LAND_SURVEYORS, 63.0
58, 9, Policies, POLICY_COLONIZATION, 32.0
58, 9, Policies, POLICY_INSPIRATION, 29.0
58, 9, Policies, POLICY_CHARISMATIC_LEADER, 14.0
58, 9, Policies, POLICY_DIPLOMATIC_LEAGUE, 225.0
58, 9, Policies, POLICY_LITERARY_TRADITION, 18.0
58, 9, Policies, POLICY_RAID, 4034.0
58, 9, Policies, POLICY_BASTIONS, 42.0
58, 9, Policies, POLICY_LIMES, 61.0
58, 9, Policies, POLICY_NATURAL_PHILOSOPHY, 173.0
58, 9, Policies, POLICY_SCRIPTURE, 320.0
58, 9, Policies, POLICY_NAVIGATION, 15.0
58, 9, Policies, POLICY_FEUDAL_CONTRACT, 29.0
58, 9, Policies, POLICY_RETAINERS, 629.0
58, 9, Policies, POLICY_PROFESSIONAL_ARMY, 36.0
58, 9, Policies, POLICY_TRADE_CONFEDERATION, 66.0
58, 9, Policies, POLICY_MERCHANT_CONFEDERATION, 111.0
58, 9, Policies, POLICY_AESTHETICS, 14.0
58, 9, Policies, POLICY_CRAFTSMEN, 71.0
58, 9, Policies, POLICY_TRAVELING_MERCHANTS, 21.0
58, 9, Policies, POLICY_COLONIAL_OFFICES, 1390.0
58, 9, Policies, POLICY_INVENTION, 64.0
58, 9, Policies, POLICY_FRESCOES, 18.0
58, 9, Policies, POLICY_WARS_OF_RELIGION, 10.0
58, 9, Policies, POLICY_RELIGIOUS_ORDERS, 270.0
58, 9, Policies, POLICY_SIMULTANEUM, 117.0
58, 9, Policies, POLICY_LOGISTICS, 250.0
58, 9, Policies, POLICY_TRIANGULAR_TRADE, 65.0
58, 9, Policies, POLICY_LIBERALISM, 816.0
58, 9, Policies, POLICY_COLONIAL_TAXES, 1493.0
58, 9, Policies, POLICY_GRANDE_ARMEE, 29.0
58, 9, Policies, POLICY_SYMPHONIES, 31.0
58, 9, Policies, POLICY_PRAETORIUM, 2446.0
58, 9, Policies, POLICY_CIVIL_PRESTIGE, 1291.0
58, 9, Policies, POLICY_DRILL_MANUALS, 85.0
58, 9, Policies, POLICY_HARD_SHELL_EXPLOSIVES, 9.0
58, 9, Policies, POLICY_EMPIRICAL_METHOD, 72.0
58, 9, Policies, POLICY_MASTER_ARTISANS, 58.0
58, 10, Civic, CIVIC_NAVAL_TRADITION, 88.2, 14
58, 10, Civic, CIVIC_EXPLORATION, 245.7, 1
58, 10, Civic, CIVIC_REFORMED_CHURCH, 99.9, 42
58, 10, Civic, CIVIC_THE_ENLIGHTENMENT, 0.0, 71
58, 10, Civic, CIVIC_COLONIALISM, 0.0, 80
58, 10, Civic, CIVIC_CIVIL_ENGINEERING, 0.0, 102
58, 10, Civic, CIVIC_NATIONALISM, 0.0, 173
58, 10, Civic, CIVIC_OPERA_BALLET, 0.0, 151
58, 10, Civic, CIVIC_NATURAL_HISTORY, 0.0, 186
58, 10, Civic, CIVIC_SCORCHED_EARTH, 0.0, 296
58, 10, Civic, CIVIC_URBANIZATION, 0.0, 398
58, 10, Civic, CIVIC_CONSERVATION, 0.0, 344
58, 10, Policies, POLICY_URBAN_PLANNING, 14.0
58, 10, Policies, POLICY_CONSCRIPTION, 58.0
58, 10, Policies, POLICY_CHARISMATIC_LEADER, 14.0
58, 10, Policies, POLICY_BASTIONS, 6.0
58, 10, Policies, POLICY_LIMES, 60.0
58, 10, Policies, POLICY_RETAINERS, 14.0
58, 10, Policies, POLICY_TRADE_CONFEDERATION, 28.0
58, 10, Policies, POLICY_COLONIAL_OFFICES, 64.0
58, 10, Policies, POLICY_LOGISTICS, 80.0
58, 10, Policies, POLICY_TRIANGULAR_TRADE, 43.0
58, 10, Policies, POLICY_PRAETORIUM, 32.0
58, 10, Policies, POLICY_CIVIL_PRESTIGE, 142.0
58, 10, Policies, POLICY_SOVEREIGN_STATE, 90.0
58, 12, Civic, CIVIC_NAVAL_TRADITION, 84.7, 15
58, 12, Civic, CIVIC_MERCENARIES, 152.6, 1
58, 12, Civic, CIVIC_EXPLORATION, 363.7, 2
58, 12, Civic, CIVIC_REFORMED_CHURCH, 86.4, 43
58, 12, Civic, CIVIC_THE_ENLIGHTENMENT, 0.0, 73
58, 12, Civic, CIVIC_COLONIALISM, 0.0, 82
58, 12, Civic, CIVIC_CIVIL_ENGINEERING, 0.0, 105
58, 12, Civic, CIVIC_NATIONALISM, 0.0, 178
58, 12, Civic, CIVIC_OPERA_BALLET, 0.0, 155
58, 12, Civic, CIVIC_NATURAL_HISTORY, 0.0, 192
58, 12, Civic, CIVIC_SCORCHED_EARTH, 0.0, 305
58, 12, Civic, CIVIC_URBANIZATION, 0.0, 410
58, 12, Civic, CIVIC_CONSERVATION, 0.0, 355
58, 12, Policies, POLICY_URBAN_PLANNING, 14.0
58, 12, Policies, POLICY_CONSCRIPTION, 29.0
58, 12, Policies, POLICY_CHARISMATIC_LEADER, 14.0
58, 12, Policies, POLICY_RAID, 19.0
58, 12, Policies, POLICY_BASTIONS, 6.0
58, 12, Policies, POLICY_LIMES, 76.0
58, 12, Policies, POLICY_NATURAL_PHILOSOPHY, 28.0
58, 12, Policies, POLICY_TRADE_CONFEDERATION, 28.0
58, 12, Policies, POLICY_COLONIAL_OFFICES, 45.0
58, 12, Policies, POLICY_LOGISTICS, 38.0
58, 12, Policies, POLICY_TRIANGULAR_TRADE, 43.0
58, 12, Policies, POLICY_PRAETORIUM, 32.0
58, 12, Policies, POLICY_CIVIL_PRESTIGE, 150.0
58, 12, Policies, POLICY_EQUESTRIAN_ORDERS, 75.0
58, 12, Policies, POLICY_SOVEREIGN_STATE, 90.0
58, 13, Civic, CIVIC_NAVAL_TRADITION, 92.7, 15
58, 13, Civic, CIVIC_MERCENARIES, 152.6, 1
58, 13, Civic, CIVIC_EXPLORATION, 366.1, 2
58, 13, Civic, CIVIC_REFORMED_CHURCH, 91.9, 44
58, 13, Civic, CIVIC_THE_ENLIGHTENMENT, 0.0, 75
58, 13, Civic, CIVIC_COLONIALISM, 0.0, 84
58, 13, Civic, CIVIC_CIVIL_ENGINEERING, 0.0, 107
58, 13, Civic, CIVIC_NATIONALISM, 0.0, 182
58, 13, Civic, CIVIC_OPERA_BALLET, 0.0, 159
58, 13, Civic, CIVIC_NATURAL_HISTORY, 0.0, 195
58, 13, Civic, CIVIC_SCORCHED_EARTH, 0.0, 311
58, 13, Civic, CIVIC_URBANIZATION, 0.0, 418
58, 13, Civic, CIVIC_CONSERVATION, 0.0, 361
58, 13, Policies, POLICY_URBAN_PLANNING, 14.0
58, 13, Policies, POLICY_CONSCRIPTION, 36.0
58, 13, Policies, POLICY_CHARISMATIC_LEADER, 14.0
58, 13, Policies, POLICY_BASTIONS, 6.0
58, 13, Policies, POLICY_LIMES, 88.0
58, 13, Policies, POLICY_NAVAL_INFRASTRUCTURE, 28.0
58, 13, Policies, POLICY_RETAINERS, 88.0
58, 13, Policies, POLICY_TRADE_CONFEDERATION, 28.0
58, 13, Policies, POLICY_COLONIAL_OFFICES, 46.0
58, 13, Policies, POLICY_LOGISTICS, 40.0
58, 13, Policies, POLICY_TRIANGULAR_TRADE, 43.0
58, 13, Policies, POLICY_PRAETORIUM, 23.0
58, 13, Policies, POLICY_CIVIL_PRESTIGE, 161.0
58, 13, Policies, POLICY_SOVEREIGN_STATE, 90.0
58, 14, Civic, CIVIC_NAVAL_TRADITION, 92.7, 15
58, 14, Civic, CIVIC_MERCENARIES, 182.6, 1
58, 14, Civic, CIVIC_EXPLORATION, 375.5, 2
58, 14, Civic, CIVIC_REFORMED_CHURCH, 97.5, 44
58, 14, Civic, CIVIC_THE_ENLIGHTENMENT, 0.0, 75
58, 14, Civic, CIVIC_COLONIALISM, 0.0, 84
58, 14, Civic, CIVIC_CIVIL_ENGINEERING, 0.0, 107
58, 14, Civic, CIVIC_NATIONALISM, 0.0, 182
58, 14, Civic, CIVIC_OPERA_BALLET, 0.0, 159
58, 14, Civic, CIVIC_NATURAL_HISTORY, 0.0, 195
58, 14, Civic, CIVIC_SCORCHED_EARTH, 0.0, 311
58, 14, Civic, CIVIC_URBANIZATION, 0.0, 418
58, 14, Civic, CIVIC_CONSERVATION, 0.0, 361
58, 14, Policies, POLICY_URBAN_PLANNING, 14.0
58, 14, Policies, POLICY_CONSCRIPTION, 14.0
58, 14, Policies, POLICY_CHARISMATIC_LEADER, 14.0
58, 14, Policies, POLICY_BASTIONS, 6.0
58, 14, Policies, POLICY_LIMES, 49.0
58, 14, Policies, POLICY_NAVAL_INFRASTRUCTURE, 28.0
58, 14, Policies, POLICY_RETAINERS, 14.0
58, 14, Policies, POLICY_TRADE_CONFEDERATION, 58.0
58, 14, Policies, POLICY_TOWN_CHARTERS, 14.0
58, 14, Policies, POLICY_COLONIAL_OFFICES, 37.0
58, 14, Policies, POLICY_WARS_OF_RELIGION, 10.0
58, 14, Policies, POLICY_RELIGIOUS_ORDERS, 20.0
58, 14, Policies, POLICY_LOGISTICS, 28.0
58, 14, Policies, POLICY_TRIANGULAR_TRADE, 87.0
58, 14, Policies, POLICY_PRAETORIUM, 26.0
58, 14, Policies, POLICY_CIVIL_PRESTIGE, 50.0
58, 14, Policies, POLICY_SOVEREIGN_STATE, 90.0
58, 15, Civic, CIVIC_NAVAL_TRADITION, 89.7, 13
58, 15, Civic, CIVIC_MERCENARIES, 152.6, 1
58, 15, Civic, CIVIC_EXPLORATION, 360.4, 2
58, 15, Civic, CIVIC_REFORMED_CHURCH, 87.0, 39
58, 15, Civic, CIVIC_THE_ENLIGHTENMENT, 0.0, 67
58, 15, Civic, CIVIC_COLONIALISM, 0.0, 75
58, 15, Civic, CIVIC_CIVIL_ENGINEERING, 0.0, 96
58, 15, Civic, CIVIC_NATIONALISM, 0.0, 163
58, 15, Civic, CIVIC_OPERA_BALLET, 0.0, 142
58, 15, Civic, CIVIC_NATURAL_HISTORY, 0.0, 175
58, 15, Civic, CIVIC_SCORCHED_EARTH, 0.0, 279
58, 15, Civic, CIVIC_URBANIZATION, 0.0, 375
58, 15, Civic, CIVIC_CONSERVATION, 0.0, 324
58, 15, Policies, POLICY_URBAN_PLANNING, 14.0
58, 15, Policies, POLICY_CONSCRIPTION, 51.0
58, 15, Policies, POLICY_CHARISMATIC_LEADER, 14.0
58, 15, Policies, POLICY_BASTIONS, 6.0
58, 15, Policies, POLICY_RETAINERS, 14.0
58, 15, Policies, POLICY_TRADE_CONFEDERATION, 28.0
58, 15, Policies, POLICY_COLONIAL_OFFICES, 47.0
58, 15, Policies, POLICY_LOGISTICS, 71.0
58, 15, Policies, POLICY_TRIANGULAR_TRADE, 43.0
58, 15, Policies, POLICY_PRAETORIUM, 32.0
58, 15, Policies, POLICY_CIVIL_PRESTIGE, 101.0
58, 15, Policies, POLICY_EQUESTRIAN_ORDERS, 35.0
58, 15, Policies, POLICY_SOVEREIGN_STATE, 90.0
58, 17, Civic, CIVIC_NAVAL_TRADITION, 71.1, 20
58, 17, Civic, CIVIC_DIVINE_RIGHT, 355.0, 1
58, 17, Civic, CIVIC_HUMANISM, 160.8, 1
58, 17, Civic, CIVIC_REFORMED_CHURCH, 355.0, 51
58, 17, Civic, CIVIC_MERCANTILISM, 358.5, 2
58, 17, Civic, CIVIC_THE_ENLIGHTENMENT, 160.8, 84
58, 17, Civic, CIVIC_COLONIALISM, 358.5, 94
58, 17, Civic, CIVIC_CIVIL_ENGINEERING, 358.5, 119
58, 17, Civic, CIVIC_NATIONALISM, 160.8, 201
58, 17, Civic, CIVIC_OPERA_BALLET, 160.8, 176
58, 17, Policies, POLICY_SURVEY, 14.0
58, 17, Policies, POLICY_URBAN_PLANNING, 14.0
58, 17, Policies, POLICY_CARAVANSARIES, 14.0
58, 17, Policies, POLICY_CONSCRIPTION, 58.0
58, 17, Policies, POLICY_CHARISMATIC_LEADER, 14.0
58, 17, Policies, POLICY_RAID, 11.0
58, 17, Policies, POLICY_BASTIONS, 6.0
58, 17, Policies, POLICY_LIMES, 13.0
58, 17, Policies, POLICY_RETAINERS, 14.0
58, 17, Policies, POLICY_TRADE_CONFEDERATION, 28.0
58, 17, Policies, POLICY_COLONIAL_OFFICES, 54.0
58, 17, Policies, POLICY_LOGISTICS, 90.0
58, 17, Policies, POLICY_TRIANGULAR_TRADE, 43.0
58, 17, Policies, POLICY_PRAETORIUM, 35.0
58, 17, Policies, POLICY_CIVIL_PRESTIGE, 75.0
58, 17, Policies, POLICY_EQUESTRIAN_ORDERS, 75.0
58, 17, Policies, POLICY_SOVEREIGN_STATE, 90.0
58, 18, Civic, CIVIC_MILITARY_TRAINING, 165.7, 1
58, 18, Civic, CIVIC_NAVAL_TRADITION, 46.5, 30
58, 18, Civic, CIVIC_MERCENARIES, 313.1, 2
58, 18, Civic, CIVIC_MEDIEVAL_FAIRES, 140.7, 1
58, 18, Civic, CIVIC_DIVINE_RIGHT, 242.9, 1
58, 18, Civic, CIVIC_EXPLORATION, 631.1, 4
58, 18, Civic, CIVIC_HUMANISM, 295.7, 2
58, 18, Civic, CIVIC_DIPLOMATIC_SERVICE, 532.6, 1
58, 18, Civic, CIVIC_REFORMED_CHURCH, 242.9, 93
58, 18, Civic, CIVIC_MERCANTILISM, 448.5, 3
58, 18, Civic, CIVIC_THE_ENLIGHTENMENT, 828.3, 161
58, 18, Policies, POLICY_URBAN_PLANNING, 14.0
58, 18, Policies, POLICY_CARAVANSARIES, 14.0
58, 18, Policies, POLICY_CHARISMATIC_LEADER, 14.0
58, 18, Policies, POLICY_RAID, 21.0
58, 18, Policies, POLICY_LIMES, 66.0
58, 18, Policies, POLICY_TRADE_CONFEDERATION, 28.0
58, 18, Policies, POLICY_COLONIAL_OFFICES, 31.0
58, 18, Policies, POLICY_TRIANGULAR_TRADE, 43.0
58, 18, Policies, POLICY_PRAETORIUM, 14.0
58, 18, Policies, POLICY_CIVIL_PRESTIGE, 85.0
58, 18, Policies, POLICY_SOVEREIGN_STATE, 90.0
58, 20, Civic, CIVIC_NAVAL_TRADITION, 96.3, 12
58, 20, Civic, CIVIC_EXPLORATION, 212.9, 1
58, 20, Civic, CIVIC_REFORMED_CHURCH, 92.6, 37
58, 20, Civic, CIVIC_THE_ENLIGHTENMENT, 0.0, 63
58, 20, Civic, CIVIC_COLONIALISM, 0.0, 71
58, 20, Civic, CIVIC_CIVIL_ENGINEERING, 0.0, 91
58, 20, Civic, CIVIC_NATIONALISM, 0.0, 154
58, 20, Civic, CIVIC_OPERA_BALLET, 0.0, 134
58, 20, Civic, CIVIC_NATURAL_HISTORY, 0.0, 166
58, 20, Civic, CIVIC_SCORCHED_EARTH, 0.0, 264
58, 20, Civic, CIVIC_URBANIZATION, 0.0, 355
58, 20, Civic, CIVIC_CONSERVATION, 0.0, 307
58, 20, Policies, POLICY_URBAN_PLANNING, 14.0
58, 20, Policies, POLICY_CONSCRIPTION, 58.0
58, 20, Policies, POLICY_CHARISMATIC_LEADER, 14.0
58, 20, Policies, POLICY_BASTIONS, 6.0
58, 20, Policies, POLICY_LIMES, 12.0
58, 20, Policies, POLICY_RETAINERS, 84.0
58, 20, Policies, POLICY_TRADE_CONFEDERATION, 28.0
58, 20, Policies, POLICY_COLONIAL_OFFICES, 42.0
58, 20, Policies, POLICY_LOGISTICS, 80.0
58, 20, Policies, POLICY_TRIANGULAR_TRADE, 43.0
58, 20, Policies, POLICY_PRAETORIUM, 23.0
58, 20, Policies, POLICY_CIVIL_PRESTIGE, 156.0
58, 20, Policies, POLICY_SOVEREIGN_STATE, 90.0
58, 21, Civic, CIVIC_NAVAL_TRADITION, 79.3, 17
58, 21, Civic, CIVIC_MERCENARIES, 152.6, 1
58, 21, Civic, CIVIC_EXPLORATION, 397.4, 2
58, 21, Civic, CIVIC_REFORMED_CHURCH, 100.8, 47
58, 21, Civic, CIVIC_THE_ENLIGHTENMENT, 0.0, 79
58, 21, Civic, CIVIC_COLONIALISM, 0.0, 89
58, 21, Civic, CIVIC_CIVIL_ENGINEERING, 0.0, 113
58, 21, Civic, CIVIC_NATIONALISM, 0.0, 192
58, 21, Civic, CIVIC_OPERA_BALLET, 0.0, 168
58, 21, Civic, CIVIC_NATURAL_HISTORY, 0.0, 207
58, 21, Civic, CIVIC_SCORCHED_EARTH, 0.0, 329
58, 21, Civic, CIVIC_URBANIZATION, 0.0, 442
58, 21, Civic, CIVIC_CONSERVATION, 0.0, 382
58, 21, Policies, POLICY_URBAN_PLANNING, 14.0
58, 21, Policies, POLICY_CONSCRIPTION, 66.0
58, 21, Policies, POLICY_CHARISMATIC_LEADER, 14.0
58, 21, Policies, POLICY_BASTIONS, 6.0
58, 21, Policies, POLICY_LIMES, 69.0
58, 21, Policies, POLICY_RETAINERS, 14.0
58, 21, Policies, POLICY_TRADE_CONFEDERATION, 28.0
58, 21, Policies, POLICY_COLONIAL_OFFICES, 52.0
58, 21, Policies, POLICY_LOGISTICS, 89.0
58, 21, Policies, POLICY_TRIANGULAR_TRADE, 43.0
58, 21, Policies, POLICY_PRAETORIUM, 35.0
58, 21, Policies, POLICY_CIVIL_PRESTIGE, 116.0
58, 21, Policies, POLICY_EQUESTRIAN_ORDERS, 65.0
58, 21, Policies, POLICY_SOVEREIGN_STATE, 90.0
58, 62, Civic, CIVIC_MILITARY_TRADITION, 96.1, 20
58, 62, Civic, CIVIC_STATE_WORKFORCE, 79.3, 28
58, 62, Civic, CIVIC_MYSTICISM, 130.4, 20
58, 62, Civic, CIVIC_GAMES_RECREATION, 79.3, 72
58, 62, Civic, CIVIC_POLITICAL_PHILOSOPHY, 79.3, 72
58, 62, Civic, CIVIC_DRAMA_POETRY, 26.3, 44
58, 62, Civic, CIVIC_MILITARY_TRAINING, 175.4, 140
58, 62, Civic, CIVIC_DEFENSIVE_TACTICS, 79.3, 186
58, 62, Civic, CIVIC_RECORDED_HISTORY, 105.6, 186
58, 62, Civic, CIVIC_THEOLOGY, 156.7, 112
58, 62, Policies, POLICY_CARAVANSARIES, 14.0
58, 0, Civic, CIVIC_NAVAL_TRADITION, 178.6, 1
58, 0, Civic, CIVIC_DIPLOMATIC_SERVICE, 511.1, 2
58, 0, Civic, CIVIC_REFORMED_CHURCH, 837.7, 1
58, 0, Civic, CIVIC_THE_ENLIGHTENMENT, 1632.0, 4
58, 0, Civic, CIVIC_COLONIALISM, 1435.9, 4
58, 0, Civic, CIVIC_CIVIL_ENGINEERING, 517466.7, 1
58, 0, Civic, CIVIC_NATIONALISM, 427679.2, 7
58, 0, Civic, CIVIC_OPERA_BALLET, 1805.7, 8
58, 0, Civic, CIVIC_NATURAL_HISTORY, 2545.0, 9
58, 0, Civic, CIVIC_CONSERVATION, 1834.4, 16
58, 0, Policies, POLICY_SURVEY, 15.0
58, 0, Policies, POLICY_URBAN_PLANNING, 192.0
58, 0, Policies, POLICY_CONSCRIPTION, 51.0
58, 0, Policies, POLICY_LAND_SURVEYORS, 270.0
58, 0, Policies, POLICY_COLONIZATION, 115.0
58, 0, Policies, POLICY_INSPIRATION, 34.0
58, 0, Policies, POLICY_CHARISMATIC_LEADER, 14.0
58, 0, Policies, POLICY_DIPLOMATIC_LEAGUE, 337.0
58, 0, Policies, POLICY_LITERARY_TRADITION, 17.0
58, 0, Policies, POLICY_RAID, 3223.0
58, 0, Policies, POLICY_LIMES, 1042.0
58, 0, Policies, POLICY_NATURAL_PHILOSOPHY, 438.0
58, 0, Policies, POLICY_NAVAL_INFRASTRUCTURE, 42.0
58, 0, Policies, POLICY_NAVIGATION, 31.0
58, 0, Policies, POLICY_FEUDAL_CONTRACT, 64.0
58, 0, Policies, POLICY_RETAINERS, 560.0
58, 0, Policies, POLICY_PROFESSIONAL_ARMY, 39.0
58, 0, Policies, POLICY_TRADE_CONFEDERATION, 324.0
58, 0, Policies, POLICY_MERCHANT_CONFEDERATION, 187.0
58, 0, Policies, POLICY_TOWN_CHARTERS, 271.0
58, 0, Policies, POLICY_TRAVELING_MERCHANTS, 28.0
58, 0, Policies, POLICY_PRESS_GANGS, 41.0
58, 0, Policies, POLICY_COLONIAL_OFFICES, 873.0
58, 0, Policies, POLICY_INVENTION, 43.0
58, 0, Policies, POLICY_FRESCOES, 17.0
58, 0, Policies, POLICY_WARS_OF_RELIGION, 10.0
58, 0, Policies, POLICY_RELIGIOUS_ORDERS, 70.0
58, 0, Policies, POLICY_LOGISTICS, 47.0
58, 0, Policies, POLICY_TRIANGULAR_TRADE, 421.0
58, 0, Policies, POLICY_RATIONALISM, 393.0
58, 0, Policies, POLICY_FREE_MARKET, 306.0
58, 0, Policies, POLICY_LIBERALISM, 1143.0
58, 0, Policies, POLICY_COLONIAL_TAXES, 1312.0
58, 0, Policies, POLICY_PUBLIC_WORKS, 12.0
58, 0, Policies, POLICY_GRANDE_ARMEE, 64.0
58, 0, Policies, POLICY_NATIONAL_IDENTITY, 5.0
58, 0, Policies, POLICY_SYMPHONIES, 31.0
58, 0, Policies, POLICY_ECONOMIC_UNION, 246.0
58, 0, Policies, POLICY_PRAETORIUM, 1283.0
58, 0, Policies, POLICY_CIVIL_PRESTIGE, 2480.0
58, 0, Policies, POLICY_EQUESTRIAN_ORDERS, 10.0
58, 0, Policies, POLICY_DRILL_MANUALS, 95.0
58, 0, Policies, POLICY_HARD_SHELL_EXPLOSIVES, 21.0
58, 0, Policies, POLICY_EMPIRICAL_METHOD, 512.0
58, 1, Civic, CIVIC_THEOLOGY, 186.7, 1
58, 1, Civic, CIVIC_NAVAL_TRADITION, 177.6, 1
58, 1, Civic, CIVIC_DIVINE_RIGHT, 1180.6, 2
58, 1, Civic, CIVIC_REFORMED_CHURCH, 1894.3, 3
58, 1, Civic, CIVIC_COLONIALISM, 2189.6, 1
58, 1, Civic, CIVIC_OPERA_BALLET, 284.7, 1
58, 1, Civic, CIVIC_NATURAL_HISTORY, 2560.2, 3
58, 1, Civic, CIVIC_SCORCHED_EARTH, 3208.5, 2
58, 1, Civic, CIVIC_URBANIZATION, 1848.1, 2
58, 1, Civic, CIVIC_CONSERVATION, 2758.1, 6
58, 1, Civic, CIVIC_MASS_MEDIA, 345387.2, 8
58, 1, Civic, CIVIC_MOBILIZATION, 356852.1, 7
58, 1, Policies, POLICY_SURVEY, 15.0
58, 1, Policies, POLICY_GOD_KING, 22.0
58, 1, Policies, POLICY_CONSCRIPTION, 22.0
58, 1, Policies, POLICY_LAND_SURVEYORS, 285.0
58, 1, Policies, POLICY_COLONIZATION, 130.0
58, 1, Policies, POLICY_INSPIRATION, 58.0
58, 1, Policies, POLICY_CHARISMATIC_LEADER, 14.0
58, 1, Policies, POLICY_DIPLOMATIC_LEAGUE, 337.0
58, 1, Policies, POLICY_LITERARY_TRADITION, 34.0
58, 1, Policies, POLICY_RAID, 3223.0
58, 1, Policies, POLICY_LIMES, 1255.0
58, 1, Policies, POLICY_NAVIGATION, 47.0
58, 1, Policies, POLICY_RETAINERS, 277.0
58, 1, Policies, POLICY_PROFESSIONAL_ARMY, 44.0
58, 1, Policies, POLICY_TRADE_CONFEDERATION, 575.0
58, 1, Policies, POLICY_MERCHANT_CONFEDERATION, 249.0
58, 1, Policies, POLICY_AESTHETICS, 102.0
58, 1, Policies, POLICY_TRAVELING_MERCHANTS, 43.0
58, 1, Policies, POLICY_COLONIAL_OFFICES, 1405.0
58, 1, Policies, POLICY_INVENTION, 130.0
58, 1, Policies, POLICY_FRESCOES, 34.0
58, 1, Policies, POLICY_MACHIAVELLIANISM, 95.0
58, 1, Policies, POLICY_RELIGIOUS_ORDERS, 8.0
58, 1, Policies, POLICY_LOGISTICS, 5.0
58, 1, Policies, POLICY_TRIANGULAR_TRADE, 722.0
58, 1, Policies, POLICY_RATIONALISM, 776.0
58, 1, Policies, POLICY_FREE_MARKET, 216.0
58, 1, Policies, POLICY_LIBERALISM, 333.0
58, 1, Policies, POLICY_COLONIAL_TAXES, 2464.0
58, 1, Policies, POLICY_PUBLIC_WORKS, 22.0
58, 1, Policies, POLICY_NATIONAL_IDENTITY, 1.0
58, 1, Policies, POLICY_GRAND_OPERA, 105.0
58, 1, Policies, POLICY_SYMPHONIES, 62.0
58, 1, Policies, POLICY_TOTAL_WAR, 3223.0
58, 1, Policies, POLICY_EXPROPRIATION, 415.0
58, 1, Policies, POLICY_MILITARY_RESEARCH, 1584.0
58, 1, Policies, POLICY_LEVEE_EN_MASSE, 29.0
58, 1, Policies, POLICY_ECONOMIC_UNION, 622.0
58, 1, Policies, POLICY_PRAETORIUM, 2150.0
58, 1, Policies, POLICY_CIVIL_PRESTIGE, 1884.0
58, 1, Policies, POLICY_WISSELBANKEN, 564.0
58, 1, Policies, POLICY_FORCE_MODERNIZATION, 44.0
58, 1, Policies, POLICY_EMPIRICAL_METHOD, 747.0
58, 1, Policies, POLICY_MASTER_ARTISANS, 117.0
58, 2, Civic, CIVIC_NAVAL_TRADITION, 230.6, 1
58, 2, Civic, CIVIC_THE_ENLIGHTENMENT, 304.5, 3
58, 2, Civic, CIVIC_COLONIALISM, 1280.9, 4
58, 2, Civic, CIVIC_CIVIL_ENGINEERING, 270307.8, 2
58, 2, Civic, CIVIC_NATIONALISM, 238454.6, 6
58, 2, Civic, CIVIC_OPERA_BALLET, 485.6, 7
58, 2, Civic, CIVIC_NATURAL_HISTORY, 1541.6, 9
58, 2, Civic, CIVIC_SCORCHED_EARTH, 241345.8, 12
58, 2, Civic, CIVIC_URBANIZATION, 509982.1, 14
58, 2, Civic, CIVIC_CONSERVATION, 1962.0, 17
58, 2, Policies, POLICY_SURVEY, 37.0
58, 2, Policies, POLICY_URBAN_PLANNING, 147.0
58, 2, Policies, POLICY_CONSCRIPTION, 95.0
58, 2, Policies, POLICY_LAND_SURVEYORS, 142.0
58, 2, Policies, POLICY_COLONIZATION, 83.0
58, 2, Policies, POLICY_INSPIRATION, 20.0
58, 2, Policies, POLICY_CHARISMATIC_LEADER, 14.0
58, 2, Policies, POLICY_DIPLOMATIC_LEAGUE, 337.0
58, 2, Policies, POLICY_LITERARY_TRADITION, 15.0
58, 2, Policies, POLICY_RAID, 2940.0
58, 2, Policies, POLICY_LIMES, 639.0
58, 2, Policies, POLICY_NATURAL_PHILOSOPHY, 122.0
58, 2, Policies, POLICY_SCRIPTURE, 495.0
58, 2, Policies, POLICY_NAVAL_INFRASTRUCTURE, 94.0
58, 2, Policies, POLICY_NAVIGATION, 31.0
58, 2, Policies, POLICY_FEUDAL_CONTRACT, 27.0
58, 2, Policies, POLICY_RETAINERS, 252.0
58, 2, Policies, POLICY_PROFESSIONAL_ARMY, 108.0
58, 2, Policies, POLICY_TRADE_CONFEDERATION, 226.0
58, 2, Policies, POLICY_MERCHANT_CONFEDERATION, 125.0
58, 2, Policies, POLICY_TOWN_CHARTERS, 135.0
58, 2, Policies, POLICY_TRAVELING_MERCHANTS, 21.0
58, 2, Policies, POLICY_PRESS_GANGS, 79.0
58, 2, Policies, POLICY_COLONIAL_OFFICES, 690.0
58, 2, Policies, POLICY_INVENTION, 37.0
58, 2, Policies, POLICY_FRESCOES, 15.0
58, 2, Policies, POLICY_MACHIAVELLIANISM, 21.0
58, 2, Policies, POLICY_WARS_OF_RELIGION, 10.0
58, 2, Policies, POLICY_RELIGIOUS_ORDERS, 140.0
58, 2, Policies, POLICY_SIMULTANEUM, 741.0
58, 2, Policies, POLICY_LOGISTICS, 100.0
58, 2, Policies, POLICY_TRIANGULAR_TRADE, 333.0
58, 2, Policies, POLICY_RATIONALISM, 207.0
58, 2, Policies, POLICY_FREE_MARKET, 150.0
58, 2, Policies, POLICY_LIBERALISM, 294.0
58, 2, Policies, POLICY_COLONIAL_TAXES, 1251.0
58, 2, Policies, POLICY_PUBLIC_WORKS, 15.0
58, 2, Policies, POLICY_GRANDE_ARMEE, 27.0
58, 2, Policies, POLICY_SYMPHONIES, 31.0
58, 2, Policies, POLICY_TOTAL_WAR, 2940.0
58, 2, Policies, POLICY_EXPROPRIATION, 225.0
58, 2, Policies, POLICY_MILITARY_RESEARCH, 1036.0
58, 2, Policies, POLICY_ECONOMIC_UNION, 196.0
58, 2, Policies, POLICY_PRAETORIUM, 961.0
58, 2, Policies, POLICY_CIVIL_PRESTIGE, 1367.0
58, 2, Policies, POLICY_WISSELBANKEN, 415.0
58, 2, Policies, POLICY_FORCE_MODERNIZATION, 108.0
58, 2, Policies, POLICY_EMPIRICAL_METHOD, 145.0
58, 3, Civic, CIVIC_NAVAL_TRADITION, 168.6, 1
58, 3, Civic, CIVIC_MERCANTILISM, 1204.8, 2
58, 3, Civic, CIVIC_COLONIALISM, 2974.7, 4
58, 3, Civic, CIVIC_CIVIL_ENGINEERING, 3350661.0, 5
58, 3, Civic, CIVIC_NATIONALISM, 3565095.8, 3
58, 3, Civic, CIVIC_OPERA_BALLET, 200.3, 4
58, 3, Civic, CIVIC_NATURAL_HISTORY, 3235.4, 9
58, 3, Civic, CIVIC_SCORCHED_EARTH, 3568812.5, 8
58, 3, Civic, CIVIC_URBANIZATION, 6917425.5, 13
58, 3, Policies, POLICY_SURVEY, 37.0
58, 3, Policies, POLICY_CARAVANSARIES, 382.0
58, 3, Policies, POLICY_LAND_SURVEYORS, 380.0
58, 3, Policies, POLICY_COLONIZATION, 261.0
58, 3, Policies, POLICY_INSPIRATION, 20.0
58, 3, Policies, POLICY_CHARISMATIC_LEADER, 14.0
58, 3, Policies, POLICY_DIPLOMATIC_LEAGUE, 337.0
58, 3, Policies, POLICY_LITERARY_TRADITION, 17.0
58, 3, Policies, POLICY_RAID, 3794.0
58, 3, Policies, POLICY_LIMES, 1557.0
58, 3, Policies, POLICY_NATURAL_PHILOSOPHY, 229.0
58, 3, Policies, POLICY_SCRIPTURE, 2233.0
58, 3, Policies, POLICY_NAVAL_INFRASTRUCTURE, 32.0
58, 3, Policies, POLICY_NAVIGATION, 15.0
58, 3, Policies, POLICY_RETAINERS, 707.0
58, 3, Policies, POLICY_TRADE_CONFEDERATION, 509.0
58, 3, Policies, POLICY_MERCHANT_CONFEDERATION, 220.0
58, 3, Policies, POLICY_TOWN_CHARTERS, 261.0
58, 3, Policies, POLICY_TRAVELING_MERCHANTS, 21.0
58, 3, Policies, POLICY_PRESS_GANGS, 320.0
58, 3, Policies, POLICY_COLONIAL_OFFICES, 712.0
58, 3, Policies, POLICY_INVENTION, 37.0
58, 3, Policies, POLICY_FRESCOES, 17.0
58, 3, Policies, POLICY_MACHIAVELLIANISM, 211.0
58, 3, Policies, POLICY_RELIGIOUS_ORDERS, 20.0
58, 3, Policies, POLICY_SIMULTANEUM, 2997.0
58, 3, Policies, POLICY_TRIANGULAR_TRADE, 1089.0
58, 3, Policies, POLICY_RATIONALISM, 216.0
58, 3, Policies, POLICY_FREE_MARKET, 455.0
58, 3, Policies, POLICY_LIBERALISM, 1294.0
58, 3, Policies, POLICY_COLONIAL_TAXES, 1648.0
58, 3, Policies, POLICY_PUBLIC_WORKS, 41.0
58, 3, Policies, POLICY_NATIONAL_IDENTITY, 2.0
58, 3, Policies, POLICY_SYMPHONIES, 31.0
58, 3, Policies, POLICY_TOTAL_WAR, 3794.0
58, 3, Policies, POLICY_EXPROPRIATION, 641.0
58, 3, Policies, POLICY_MILITARY_RESEARCH, 1496.0
58, 3, Policies, POLICY_ECONOMIC_UNION, 7.0
58, 3, Policies, POLICY_PRAETORIUM, 867.0
58, 3, Policies, POLICY_CIVIL_PRESTIGE, 2248.0
58, 3, Policies, POLICY_WISSELBANKEN, 72.0
58, 3, Policies, POLICY_EQUESTRIAN_ORDERS, 66.0
58, 3, Policies, POLICY_EMPIRICAL_METHOD, 322.0
58, 4, Civic, CIVIC_NAVAL_TRADITION, 167.6, 1
58, 4, Civic, CIVIC_REFORMED_CHURCH, 891.3, 1
58, 4, Civic, CIVIC_COLONIALISM, 1984.6, 1
58, 4, Civic, CIVIC_OPERA_BALLET, 338.7, 1
58, 4, Civic, CIVIC_NATURAL_HISTORY, 2354.3, 2
58, 4, Civic, CIVIC_SCORCHED_EARTH, 3487.6, 1
58, 4, Civic, CIVIC_URBANIZATION, 2712.5, 1
58, 4, Civic, CIVIC_CONSERVATION, 2568.0, 4
58, 4, Civic, CIVIC_MASS_MEDIA, 13751.5, 5
58, 4, Civic, CIVIC_MOBILIZATION, 17015.3, 4
58, 4, Policies, POLICY_SURVEY, 23.0
58, 4, Policies, POLICY_CONSCRIPTION, 58.0
58, 4, Policies, POLICY_LAND_SURVEYORS, 249.5
58, 4, Policies, POLICY_COLONIZATION, 158.0
58, 4, Policies, POLICY_INSPIRATION, 64.0
58, 4, Policies, POLICY_CHARISMATIC_LEADER, 14.0
58, 4, Policies, POLICY_DIPLOMATIC_LEAGUE, 337.0
58, 4, Policies, POLICY_LITERARY_TRADITION, 26.0
58, 4, Policies, POLICY_RAID, 3505.0
58, 4, Policies, POLICY_LIMES, 814.0
58, 4, Policies, POLICY_NAVIGATION, 31.0
58, 4, Policies, POLICY_RETAINERS, 192.0
58, 4, Policies, POLICY_PROFESSIONAL_ARMY, 43.0
58, 4, Policies, POLICY_TRADE_CONFEDERATION, 518.0
58, 4, Policies, POLICY_MERCHANT_CONFEDERATION, 244.0
58, 4, Policies, POLICY_AESTHETICS, 58.0
58, 4, Policies, POLICY_TRAVELING_MERCHANTS, 28.0
58, 4, Policies, POLICY_CHIVALRY, 193.0
58, 4, Policies, POLICY_COLONIAL_OFFICES, 1027.0
58, 4, Policies, POLICY_INVENTION, 200.0
58, 4, Policies, POLICY_FRESCOES, 52.0
58, 4, Policies, POLICY_MACHIAVELLIANISM, 164.0
58, 4, Policies, POLICY_RELIGIOUS_ORDERS, 80.0
58, 4, Policies, POLICY_LOGISTICS, 44.0
58, 4, Policies, POLICY_TRIANGULAR_TRADE, 527.0
58, 4, Policies, POLICY_RATIONALISM, 745.0
58, 4, Policies, POLICY_FREE_MARKET, 180.0
58, 4, Policies, POLICY_LIBERALISM, 658.0
58, 4, Policies, POLICY_COLONIAL_TAXES, 1665.0
58, 4, Policies, POLICY_PUBLIC_WORKS, 37.0
58, 4, Policies, POLICY_GRANDE_ARMEE, 190.0
58, 4, Policies, POLICY_NATIONAL_IDENTITY, 24.0
58, 4, Policies, POLICY_GRAND_OPERA, 146.0
58, 4, Policies, POLICY_SYMPHONIES, 47.0
58, 4, Policies, POLICY_TOTAL_WAR, 3505.0
58, 4, Policies, POLICY_EXPROPRIATION, 407.5
58, 4, Policies, POLICY_MILITARY_RESEARCH, 2472.0
58, 4, Policies, POLICY_PROPAGANDA, 166.0
58, 4, Policies, POLICY_LEVEE_EN_MASSE, 117.0
58, 4, Policies, POLICY_ECONOMIC_UNION, 218.0
58, 4, Policies, POLICY_MILITARY_FIRST, 190.0
58, 4, Policies, POLICY_PRAETORIUM, 1574.0
58, 4, Policies, POLICY_CIVIL_PRESTIGE, 1381.0
58, 4, Policies, POLICY_FORCE_MODERNIZATION, 43.0
58, 4, Policies, POLICY_EMPIRICAL_METHOD, 364.0
58, 4, Policies, POLICY_MASTER_ARTISANS, 174.0
58, 3, Civic, CIVIC_NAVAL_TRADITION, 168.6, 1
58, 3, Civic, CIVIC_MERCANTILISM, 1204.8, 2
58, 3, Civic, CIVIC_COLONIALISM, 2974.7, 4
58, 3, Civic, CIVIC_CIVIL_ENGINEERING, 3350661.0, 5
58, 3, Civic, CIVIC_NATIONALISM, 3565095.8, 3
58, 3, Civic, CIVIC_OPERA_BALLET, 200.3, 4
58, 3, Civic, CIVIC_NATURAL_HISTORY, 3235.4, 9
58, 3, Civic, CIVIC_SCORCHED_EARTH, 3568812.5, 8
58, 3, Civic, CIVIC_URBANIZATION, 6917425.5, 13
58, 3, Policies, POLICY_SURVEY, 37.0
58, 3, Policies, POLICY_CARAVANSARIES, 382.0
58, 3, Policies, POLICY_LAND_SURVEYORS, 380.0
58, 3, Policies, POLICY_COLONIZATION, 261.0
58, 3, Policies, POLICY_INSPIRATION, 20.0
58, 3, Policies, POLICY_CHARISMATIC_LEADER, 14.0
58, 3, Policies, POLICY_DIPLOMATIC_LEAGUE, 337.0
58, 3, Policies, POLICY_LITERARY_TRADITION, 17.0
58, 3, Policies, POLICY_RAID, 3794.0
58, 3, Policies, POLICY_LIMES, 1557.0
58, 3, Policies, POLICY_NATURAL_PHILOSOPHY, 229.0
58, 3, Policies, POLICY_SCRIPTURE, 2233.0
58, 3, Policies, POLICY_NAVAL_INFRASTRUCTURE, 32.0
58, 3, Policies, POLICY_NAVIGATION, 15.0
58, 3, Policies, POLICY_RETAINERS, 707.0
58, 3, Policies, POLICY_TRADE_CONFEDERATION, 509.0
58, 3, Policies, POLICY_MERCHANT_CONFEDERATION, 220.0
58, 3, Policies, POLICY_TOWN_CHARTERS, 261.0
58, 3, Policies, POLICY_TRAVELING_MERCHANTS, 21.0
58, 3, Policies, POLICY_PRESS_GANGS, 320.0
58, 3, Policies, POLICY_COLONIAL_OFFICES, 712.0
58, 3, Policies, POLICY_INVENTION, 37.0
58, 3, Policies, POLICY_FRESCOES, 17.0
58, 3, Policies, POLICY_MACHIAVELLIANISM, 211.0
58, 3, Policies, POLICY_RELIGIOUS_ORDERS, 20.0
58, 3, Policies, POLICY_SIMULTANEUM, 2997.0
58, 3, Policies, POLICY_TRIANGULAR_TRADE, 1089.0
58, 3, Policies, POLICY_RATIONALISM, 216.0
58, 3, Policies, POLICY_FREE_MARKET, 455.0
58, 3, Policies, POLICY_LIBERALISM, 1294.0
58, 3, Policies, POLICY_COLONIAL_TAXES, 1648.0
58, 3, Policies, POLICY_PUBLIC_WORKS, 41.0
58, 3, Policies, POLICY_NATIONAL_IDENTITY, 2.0
58, 3, Policies, POLICY_SYMPHONIES, 31.0
58, 3, Policies, POLICY_TOTAL_WAR, 3794.0
58, 3, Policies, POLICY_EXPROPRIATION, 641.0
58, 3, Policies, POLICY_MILITARY_RESEARCH, 1496.0
58, 3, Policies, POLICY_ECONOMIC_UNION, 7.0
58, 3, Policies, POLICY_PRAETORIUM, 867.0
58, 3, Policies, POLICY_CIVIL_PRESTIGE, 2248.0
58, 3, Policies, POLICY_WISSELBANKEN, 72.0
58, 3, Policies, POLICY_EQUESTRIAN_ORDERS, 66.0
58, 3, Policies, POLICY_EMPIRICAL_METHOD, 322.0
58, 2, Civic, CIVIC_NAVAL_TRADITION, 230.6, 1
58, 2, Civic, CIVIC_THE_ENLIGHTENMENT, 304.5, 3
58, 2, Civic, CIVIC_COLONIALISM, 1280.9, 4
58, 2, Civic, CIVIC_CIVIL_ENGINEERING, 270307.8, 2
58, 2, Civic, CIVIC_NATIONALISM, 238454.6, 6
58, 2, Civic, CIVIC_OPERA_BALLET, 485.6, 7
58, 2, Civic, CIVIC_NATURAL_HISTORY, 1541.6, 9
58, 2, Civic, CIVIC_SCORCHED_EARTH, 241345.8, 12
58, 2, Civic, CIVIC_URBANIZATION, 509982.1, 14
58, 2, Civic, CIVIC_CONSERVATION, 1962.0, 17
58, 2, Policies, POLICY_SURVEY, 37.0
58, 2, Policies, POLICY_URBAN_PLANNING, 147.0
58, 2, Policies, POLICY_CONSCRIPTION, 95.0
58, 2, Policies, POLICY_LAND_SURVEYORS, 142.0
58, 2, Policies, POLICY_COLONIZATION, 83.0
58, 2, Policies, POLICY_INSPIRATION, 20.0
58, 2, Policies, POLICY_CHARISMATIC_LEADER, 14.0
58, 2, Policies, POLICY_DIPLOMATIC_LEAGUE, 337.0
58, 2, Policies, POLICY_LITERARY_TRADITION, 15.0
58, 2, Policies, POLICY_RAID, 2940.0
58, 2, Policies, POLICY_LIMES, 639.0
58, 2, Policies, POLICY_NATURAL_PHILOSOPHY, 122.0
58, 2, Policies, POLICY_SCRIPTURE, 495.0
58, 2, Policies, POLICY_NAVAL_INFRASTRUCTURE, 94.0
58, 2, Policies, POLICY_NAVIGATION, 31.0
58, 2, Policies, POLICY_FEUDAL_CONTRACT, 27.0
58, 2, Policies, POLICY_RETAINERS, 252.0
58, 2, Policies, POLICY_PROFESSIONAL_ARMY, 108.0
58, 2, Policies, POLICY_TRADE_CONFEDERATION, 226.0
58, 2, Policies, POLICY_MERCHANT_CONFEDERATION, 125.0
58, 2, Policies, POLICY_TOWN_CHARTERS, 135.0
58, 2, Policies, POLICY_TRAVELING_MERCHANTS, 21.0
58, 2, Policies, POLICY_PRESS_GANGS, 79.0
58, 2, Policies, POLICY_COLONIAL_OFFICES, 690.0
58, 2, Policies, POLICY_INVENTION, 37.0
58, 2, Policies, POLICY_FRESCOES, 15.0
58, 2, Policies, POLICY_MACHIAVELLIANISM, 21.0
58, 2, Policies, POLICY_WARS_OF_RELIGION, 10.0
58, 2, Policies, POLICY_RELIGIOUS_ORDERS, 140.0
58, 2, Policies, POLICY_SIMULTANEUM, 741.0
58, 2, Policies, POLICY_LOGISTICS, 100.0
58, 2, Policies, POLICY_TRIANGULAR_TRADE, 333.0
58, 2, Policies, POLICY_RATIONALISM, 207.0
58, 2, Policies, POLICY_FREE_MARKET, 150.0
58, 2, Policies, POLICY_LIBERALISM, 294.0
58, 2, Policies, POLICY_COLONIAL_TAXES, 1251.0
58, 2, Policies, POLICY_PUBLIC_WORKS, 15.0
58, 2, Policies, POLICY_GRANDE_ARMEE, 27.0
58, 2, Policies, POLICY_SYMPHONIES, 31.0
58, 2, Policies, POLICY_TOTAL_WAR, 2940.0
58, 2, Policies, POLICY_EXPROPRIATION, 225.0
58, 2, Policies, POLICY_MILITARY_RESEARCH, 1036.0
58, 2, Policies, POLICY_ECONOMIC_UNION, 196.0
58, 2, Policies, POLICY_PRAETORIUM, 961.0
58, 2, Policies, POLICY_CIVIL_PRESTIGE, 1367.0
58, 2, Policies, POLICY_WISSELBANKEN, 415.0
58, 2, Policies, POLICY_FORCE_MODERNIZATION, 108.0
58, 2, Policies, POLICY_EMPIRICAL_METHOD, 145.0
58, 2, Civic, CIVIC_NAVAL_TRADITION, 230.6, 1
58, 2, Civic, CIVIC_THE_ENLIGHTENMENT, 304.5, 3
58, 2, Civic, CIVIC_COLONIALISM, 1280.9, 4
58, 2, Civic, CIVIC_CIVIL_ENGINEERING, 270307.8, 2
58, 2, Civic, CIVIC_NATIONALISM, 238454.6, 6
58, 2, Civic, CIVIC_OPERA_BALLET, 485.6, 7
58, 2, Civic, CIVIC_NATURAL_HISTORY, 1541.6, 9
58, 2, Civic, CIVIC_SCORCHED_EARTH, 241345.8, 12
58, 2, Civic, CIVIC_URBANIZATION, 509982.1, 14
58, 2, Civic, CIVIC_CONSERVATION, 1962.0, 17
58, 2, Policies, POLICY_SURVEY, 37.0
58, 2, Policies, POLICY_URBAN_PLANNING, 147.0
58, 2, Policies, POLICY_CONSCRIPTION, 95.0
58, 2, Policies, POLICY_LAND_SURVEYORS, 142.0
58, 2, Policies, POLICY_COLONIZATION, 83.0
58, 2, Policies, POLICY_INSPIRATION, 20.0
58, 2, Policies, POLICY_CHARISMATIC_LEADER, 14.0
58, 2, Policies, POLICY_DIPLOMATIC_LEAGUE, 337.0
58, 2, Policies, POLICY_LITERARY_TRADITION, 15.0
58, 2, Policies, POLICY_RAID, 2940.0
58, 2, Policies, POLICY_LIMES, 639.0
58, 2, Policies, POLICY_NATURAL_PHILOSOPHY, 122.0
58, 2, Policies, POLICY_SCRIPTURE, 495.0
58, 2, Policies, POLICY_NAVAL_INFRASTRUCTURE, 94.0
58, 2, Policies, POLICY_NAVIGATION, 31.0
58, 2, Policies, POLICY_FEUDAL_CONTRACT, 27.0
58, 2, Policies, POLICY_RETAINERS, 252.0
58, 2, Policies, POLICY_PROFESSIONAL_ARMY, 108.0
58, 2, Policies, POLICY_TRADE_CONFEDERATION, 226.0
58, 2, Policies, POLICY_MERCHANT_CONFEDERATION, 125.0
58, 2, Policies, POLICY_TOWN_CHARTERS, 135.0
58, 2, Policies, POLICY_TRAVELING_MERCHANTS, 21.0
58, 2, Policies, POLICY_PRESS_GANGS, 79.0
58, 2, Policies, POLICY_COLONIAL_OFFICES, 690.0
58, 2, Policies, POLICY_INVENTION, 37.0
58, 2, Policies, POLICY_FRESCOES, 15.0
58, 2, Policies, POLICY_MACHIAVELLIANISM, 21.0
58, 2, Policies, POLICY_WARS_OF_RELIGION, 10.0
58, 2, Policies, POLICY_RELIGIOUS_ORDERS, 140.0
58, 2, Policies, POLICY_SIMULTANEUM, 741.0
58, 2, Policies, POLICY_LOGISTICS, 100.0
58, 2, Policies, POLICY_TRIANGULAR_TRADE, 333.0
58, 2, Policies, POLICY_RATIONALISM, 207.0
58, 2, Policies, POLICY_FREE_MARKET, 150.0
58, 2, Policies, POLICY_LIBERALISM, 294.0
58, 2, Policies, POLICY_COLONIAL_TAXES, 1251.0
58, 2, Policies, POLICY_PUBLIC_WORKS, 15.0
58, 2, Policies, POLICY_GRANDE_ARMEE, 27.0
58, 2, Policies, POLICY_SYMPHONIES, 31.0
58, 2, Policies, POLICY_TOTAL_WAR, 2940.0
58, 2, Policies, POLICY_EXPROPRIATION, 225.0
58, 2, Policies, POLICY_MILITARY_RESEARCH, 1036.0
58, 2, Policies, POLICY_ECONOMIC_UNION, 196.0
58, 2, Policies, POLICY_PRAETORIUM, 961.0
58, 2, Policies, POLICY_CIVIL_PRESTIGE, 1367.0
58, 2, Policies, POLICY_WISSELBANKEN, 415.0
58, 2, Policies, POLICY_FORCE_MODERNIZATION, 108.0
58, 2, Policies, POLICY_EMPIRICAL_METHOD, 145.0
58, 0, Civic, CIVIC_NAVAL_TRADITION, 178.6, 1
58, 0, Civic, CIVIC_DIPLOMATIC_SERVICE, 511.1, 2
58, 0, Civic, CIVIC_REFORMED_CHURCH, 837.7, 1
58, 0, Civic, CIVIC_THE_ENLIGHTENMENT, 1632.0, 4
58, 0, Civic, CIVIC_COLONIALISM, 1435.9, 4
58, 0, Civic, CIVIC_CIVIL_ENGINEERING, 517466.7, 1
58, 0, Civic, CIVIC_NATIONALISM, 427679.2, 7
58, 0, Civic, CIVIC_OPERA_BALLET, 1805.7, 8
58, 0, Civic, CIVIC_NATURAL_HISTORY, 2545.0, 9
58, 0, Civic, CIVIC_CONSERVATION, 1834.4, 16
58, 0, Policies, POLICY_SURVEY, 15.0
58, 0, Policies, POLICY_URBAN_PLANNING, 192.0
58, 0, Policies, POLICY_CONSCRIPTION, 51.0
58, 0, Policies, POLICY_LAND_SURVEYORS, 270.0
58, 0, Policies, POLICY_COLONIZATION, 115.0
58, 0, Policies, POLICY_INSPIRATION, 34.0
58, 0, Policies, POLICY_CHARISMATIC_LEADER, 14.0
58, 0, Policies, POLICY_DIPLOMATIC_LEAGUE, 337.0
58, 0, Policies, POLICY_LITERARY_TRADITION, 17.0
58, 0, Policies, POLICY_RAID, 3223.0
58, 0, Policies, POLICY_LIMES, 1042.0
58, 0, Policies, POLICY_NATURAL_PHILOSOPHY, 438.0
58, 0, Policies, POLICY_NAVAL_INFRASTRUCTURE, 42.0
58, 0, Policies, POLICY_NAVIGATION, 31.0
58, 0, Policies, POLICY_FEUDAL_CONTRACT, 64.0
58, 0, Policies, POLICY_RETAINERS, 560.0
58, 0, Policies, POLICY_PROFESSIONAL_ARMY, 39.0
58, 0, Policies, POLICY_TRADE_CONFEDERATION, 324.0
58, 0, Policies, POLICY_MERCHANT_CONFEDERATION, 187.0
58, 0, Policies, POLICY_TOWN_CHARTERS, 271.0
58, 0, Policies, POLICY_TRAVELING_MERCHANTS, 28.0
58, 0, Policies, POLICY_PRESS_GANGS, 41.0
58, 0, Policies, POLICY_COLONIAL_OFFICES, 873.0
58, 0, Policies, POLICY_INVENTION, 43.0
58, 0, Policies, POLICY_FRESCOES, 17.0
58, 0, Policies, POLICY_WARS_OF_RELIGION, 10.0
58, 0, Policies, POLICY_RELIGIOUS_ORDERS, 70.0
58, 0, Policies, POLICY_LOGISTICS, 47.0
58, 0, Policies, POLICY_TRIANGULAR_TRADE, 421.0
58, 0, Policies, POLICY_RATIONALISM, 393.0
58, 0, Policies, POLICY_FREE_MARKET, 306.0
58, 0, Policies, POLICY_LIBERALISM, 1143.0
58, 0, Policies, POLICY_COLONIAL_TAXES, 1312.0
58, 0, Policies, POLICY_PUBLIC_WORKS, 12.0
58, 0, Policies, POLICY_GRANDE_ARMEE, 64.0
58, 0, Policies, POLICY_NATIONAL_IDENTITY, 5.0
58, 0, Policies, POLICY_SYMPHONIES, 31.0
58, 0, Policies, POLICY_ECONOMIC_UNION, 246.0
58, 0, Policies, POLICY_PRAETORIUM, 1283.0
58, 0, Policies, POLICY_CIVIL_PRESTIGE, 2480.0
58, 0, Policies, POLICY_EQUESTRIAN_ORDERS, 10.0
58, 0, Policies, POLICY_DRILL_MANUALS, 95.0
58, 0, Policies, POLICY_HARD_SHELL_EXPLOSIVES, 21.0
58, 0, Policies, POLICY_EMPIRICAL_METHOD, 512.0
57, 4, Government Change, GOVERNMENT_AUTOCRACY
57, 4, Slot Policy, POLICY_RAID, 3315
57, 4, Slot Policy, POLICY_CIVIL_PRESTIGE, 1591
57, 4, Slot Policy, POLICY_PRAETORIUM, 1617
57, 4, Slot Policy, POLICY_COLONIAL_OFFICES, 1064
57, 4, Slot Policy, POLICY_LIMES, 876
57, 4, Slot Policy, POLICY_LIBERALISM, 982
58, 4, Slot Policy, POLICY_LIMES, 876
58, 4, Slot Policy, POLICY_LIBERALISM, 982
58, 4, Slot Policy, POLICY_PRAETORIUM, 1617
58, 4, Slot Policy, POLICY_COLONIAL_OFFICES, 1064
58, 4, Slot Policy, POLICY_RAID, 3315
58, 4, Slot Policy, POLICY_CIVIL_PRESTIGE, 1591
58, 4, Slot Policy, POLICY_RETAINERS, 651
58, 4, Civic, CIVIC_NAVAL_TRADITION, 144.6, 1
58, 4, Civic, CIVIC_REFORMED_CHURCH, 811.3, 1
58, 4, Civic, CIVIC_COLONIALISM, 1309.6, 1
58, 4, Civic, CIVIC_OPERA_BALLET, 188.7, 1
58, 4, Civic, CIVIC_NATURAL_HISTORY, 1655.3, 2
58, 4, Civic, CIVIC_SCORCHED_EARTH, 2812.6, 1
58, 4, Civic, CIVIC_URBANIZATION, 2061.5, 1
58, 4, Civic, CIVIC_CONSERVATION, 1836.0, 4
58, 4, Civic, CIVIC_MASS_MEDIA, 12401.5, 5
58, 4, Civic, CIVIC_MOBILIZATION, 15689.3, 4
58, 4, Policies, POLICY_SURVEY, 23.0
58, 4, Policies, POLICY_CONSCRIPTION, 58.0
58, 4, Policies, POLICY_LAND_SURVEYORS, 249.5
58, 4, Policies, POLICY_COLONIZATION, 134.0
58, 4, Policies, POLICY_INSPIRATION, 64.0
58, 4, Policies, POLICY_CHARISMATIC_LEADER, 14.0
58, 4, Policies, POLICY_DIPLOMATIC_LEAGUE, 225.0
58, 4, Policies, POLICY_LITERARY_TRADITION, 26.0
58, 4, Policies, POLICY_RAID, 3315.0
58, 4, Policies, POLICY_LIMES, 854.0
58, 4, Policies, POLICY_NAVIGATION, 31.0
58, 4, Policies, POLICY_RETAINERS, 674.0
58, 4, Policies, POLICY_PROFESSIONAL_ARMY, 38.0
58, 4, Policies, POLICY_TRADE_CONFEDERATION, 518.0
58, 4, Policies, POLICY_MERCHANT_CONFEDERATION, 230.0
58, 4, Policies, POLICY_AESTHETICS, 58.0
58, 4, Policies, POLICY_TRAVELING_MERCHANTS, 28.0
58, 4, Policies, POLICY_CHIVALRY, 282.0
58, 4, Policies, POLICY_COLONIAL_OFFICES, 1349.0
58, 4, Policies, POLICY_INVENTION, 200.0
58, 4, Policies, POLICY_FRESCOES, 52.0
58, 4, Policies, POLICY_MACHIAVELLIANISM, 136.0
58, 4, Policies, POLICY_RELIGIOUS_ORDERS, 80.0
58, 4, Policies, POLICY_LOGISTICS, 40.0
58, 4, Policies, POLICY_TRIANGULAR_TRADE, 527.0
58, 4, Policies, POLICY_RATIONALISM, 745.0
58, 4, Policies, POLICY_FREE_MARKET, 180.0
58, 4, Policies, POLICY_LIBERALISM, 853.0
58, 4, Policies, POLICY_COLONIAL_TAXES, 2087.0
58, 4, Policies, POLICY_PUBLIC_WORKS, 25.0
58, 4, Policies, POLICY_GRANDE_ARMEE, 275.0
58, 4, Policies, POLICY_NATIONAL_IDENTITY, 24.0
58, 4, Policies, POLICY_GRAND_OPERA, 146.0
58, 4, Policies, POLICY_SYMPHONIES, 47.0
58, 4, Policies, POLICY_TOTAL_WAR, 3315.0
58, 4, Policies, POLICY_EXPROPRIATION, 383.5
58, 4, Policies, POLICY_MILITARY_RESEARCH, 2472.0
58, 4, Policies, POLICY_PROPAGANDA, 195.0
58, 4, Policies, POLICY_LEVEE_EN_MASSE, 117.0
58, 4, Policies, POLICY_ECONOMIC_UNION, 218.0
58, 4, Policies, POLICY_MILITARY_FIRST, 275.0
58, 4, Policies, POLICY_PRAETORIUM, 2161.0
58, 4, Policies, POLICY_CIVIL_PRESTIGE, 2524.0
58, 4, Policies, POLICY_FORCE_MODERNIZATION, 38.0
58, 4, Policies, POLICY_EMPIRICAL_METHOD, 732.0
58, 4, Policies, POLICY_MASTER_ARTISANS, 350.0
58, 5, Completed Civic, CIVIC_THEOLOGY
58, 5, Slot Policy, POLICY_CIVIL_PRESTIGE, 1852
58, 5, Slot Policy, POLICY_NATURAL_PHILOSOPHY, 220
58, 5, Slot Policy, POLICY_PRAETORIUM, 2235
58, 5, Slot Policy, POLICY_RAID, 3303
58, 5, Slot Policy, POLICY_URBAN_PLANNING, 144
58, 5, Slot Policy, POLICY_RETAINERS, 659
58, 5, Civic, CIVIC_NAVAL_TRADITION, 144.6, 1
58, 5, Civic, CIVIC_DIVINE_RIGHT, 2121.9, 1
58, 5, Civic, CIVIC_EXPLORATION, 2041.2, 2
58, 5, Civic, CIVIC_DIPLOMATIC_SERVICE, 511.1, 2
58, 5, Civic, CIVIC_REFORMED_CHURCH, 3394.8, 3
58, 5, Civic, CIVIC_THE_ENLIGHTENMENT, 1304.8, 5
58, 5, Civic, CIVIC_COLONIALISM, 1202.6, 5
58, 5, Civic, CIVIC_CIVIL_ENGINEERING, 3248549.3, 4
58, 5, Civic, CIVIC_NATIONALISM, 2773733.3, 9
58, 5, Civic, CIVIC_OPERA_BALLET, 1439.0, 10
58, 5, Civic, CIVIC_NATURAL_HISTORY, 1418.4, 12
58, 5, Civic, CIVIC_CONSERVATION, 1507.5, 23
58, 5, Policies, POLICY_SURVEY, 36.0
58, 5, Policies, POLICY_URBAN_PLANNING, 144.0
58, 5, Policies, POLICY_CONSCRIPTION, 228.0
58, 5, Policies, POLICY_LAND_SURVEYORS, 9.0
58, 5, Policies, POLICY_COLONIZATION, 35.0
58, 5, Policies, POLICY_INSPIRATION, 29.0
58, 5, Policies, POLICY_CHARISMATIC_LEADER, 14.0
58, 5, Policies, POLICY_DIPLOMATIC_LEAGUE, 225.0
58, 5, Policies, POLICY_LITERARY_TRADITION, 17.0
58, 5, Policies, POLICY_RAID, 3609.0
58, 5, Policies, POLICY_BASTIONS, 36.0
58, 5, Policies, POLICY_LIMES, 40.0
58, 5, Policies, POLICY_NATURAL_PHILOSOPHY, 259.0
58, 5, Policies, POLICY_SCRIPTURE, 102.0
58, 5, Policies, POLICY_NAVIGATION, 31.0
58, 5, Policies, POLICY_FEUDAL_CONTRACT, 40.0
58, 5, Policies, POLICY_RETAINERS, 185.0
58, 5, Policies, POLICY_PROFESSIONAL_ARMY, 24.0
58, 5, Policies, POLICY_TRADE_CONFEDERATION, 132.0
58, 5, Policies, POLICY_MERCHANT_CONFEDERATION, 87.0
58, 5, Policies, POLICY_CRAFTSMEN, 86.0
58, 5, Policies, POLICY_TOWN_CHARTERS, 38.0
58, 5, Policies, POLICY_TRAVELING_MERCHANTS, 21.0
58, 5, Policies, POLICY_COLONIAL_OFFICES, 1341.0
58, 5, Policies, POLICY_INVENTION, 84.0
58, 5, Policies, POLICY_FRESCOES, 17.0
58, 5, Policies, POLICY_WARS_OF_RELIGION, 10.0
58, 5, Policies, POLICY_RELIGIOUS_ORDERS, 260.0
58, 5, Policies, POLICY_LOGISTICS, 350.0
58, 5, Policies, POLICY_TRIANGULAR_TRADE, 90.0
58, 5, Policies, POLICY_RATIONALISM, 372.0
58, 5, Policies, POLICY_FREE_MARKET, 54.0
58, 5, Policies, POLICY_LIBERALISM, 213.0
58, 5, Policies, POLICY_COLONIAL_TAXES, 1298.0
58, 5, Policies, POLICY_GRANDE_ARMEE, 40.0
58, 5, Policies, POLICY_SYMPHONIES, 31.0
58, 5, Policies, POLICY_ECONOMIC_UNION, 29.0
58, 5, Policies, POLICY_PRAETORIUM, 2370.0
58, 5, Policies, POLICY_CIVIL_PRESTIGE, 766.0
58, 5, Policies, POLICY_EQUESTRIAN_ORDERS, 75.0
58, 5, Policies, POLICY_DRILL_MANUALS, 60.0
58, 5, Policies, POLICY_HARD_SHELL_EXPLOSIVES, 14.0
58, 5, Policies, POLICY_EMPIRICAL_METHOD, 249.0
58, 5, Policies, POLICY_MASTER_ARTISANS, 73.0
58, 6, Civic, CIVIC_NAVAL_TRADITION, 156.6, 1
58, 6, Civic, CIVIC_EXPLORATION, 2429.3, 1
58, 6, Civic, CIVIC_REFORMED_CHURCH, 2784.5, 1
58, 6, Civic, CIVIC_MERCANTILISM, 140.7, 1
58, 6, Civic, CIVIC_COLONIALISM, 1662.6, 4
58, 6, Civic, CIVIC_CIVIL_ENGINEERING, 140.7, 4
58, 6, Civic, CIVIC_OPERA_BALLET, 1093.1, 2
58, 6, Civic, CIVIC_NATURAL_HISTORY, 1961.9, 7
58, 6, Civic, CIVIC_SCORCHED_EARTH, 3216.5, 3
58, 6, Civic, CIVIC_URBANIZATION, 1045.1, 7
58, 6, Policies, POLICY_SURVEY, 66.0
58, 6, Policies, POLICY_CARAVANSARIES, 54.0
58, 6, Policies, POLICY_CONSCRIPTION, 213.0
58, 6, Policies, POLICY_LAND_SURVEYORS, 332.5
58, 6, Policies, POLICY_COLONIZATION, 22.0
58, 6, Policies, POLICY_INSPIRATION, 72.0
58, 6, Policies, POLICY_CHARISMATIC_LEADER, 14.0
58, 6, Policies, POLICY_DIPLOMATIC_LEAGUE, 337.0
58, 6, Policies, POLICY_LITERARY_TRADITION, 58.0
58, 6, Policies, POLICY_RAID, 3926.0
58, 6, Policies, POLICY_BASTIONS, 42.0
58, 6, Policies, POLICY_LIMES, 450.0
58, 6, Policies, POLICY_NATURAL_PHILOSOPHY, 182.0
58, 6, Policies, POLICY_SCRIPTURE, 438.0
58, 6, Policies, POLICY_NAVIGATION, 31.0
58, 6, Policies, POLICY_RETAINERS, 500.0
58, 6, Policies, POLICY_PROFESSIONAL_ARMY, 22.0
58, 6, Policies, POLICY_TRADE_CONFEDERATION, 104.0
58, 6, Policies, POLICY_MERCHANT_CONFEDERATION, 176.0
58, 6, Policies, POLICY_AESTHETICS, 86.0
58, 6, Policies, POLICY_TOWN_CHARTERS, 41.0
58, 6, Policies, POLICY_TRAVELING_MERCHANTS, 29.0
58, 6, Policies, POLICY_PRESS_GANGS, 25.0
58, 6, Policies, POLICY_COLONIAL_OFFICES, 1643.0
58, 6, Policies, POLICY_INVENTION, 131.0
58, 6, Policies, POLICY_FRESCOES, 58.0
58, 6, Policies, POLICY_MACHIAVELLIANISM, 59.0
58, 6, Policies, POLICY_RELIGIOUS_ORDERS, 200.0
58, 6, Policies, POLICY_SIMULTANEUM, 1692.0
58, 6, Policies, POLICY_LOGISTICS, 160.0
58, 6, Policies, POLICY_TRIANGULAR_TRADE, 137.0
58, 6, Policies, POLICY_RATIONALISM, 418.0
58, 6, Policies, POLICY_FREE_MARKET, 120.0
58, 6, Policies, POLICY_LIBERALISM, 514.0
58, 6, Policies, POLICY_COLONIAL_TAXES, 1642.0
58, 6, Policies, POLICY_GRAND_OPERA, 488.0
58, 6, Policies, POLICY_SYMPHONIES, 110.0
58, 6, Policies, POLICY_TOTAL_WAR, 3926.0
58, 6, Policies, POLICY_EXPROPRIATION, 354.5
58, 6, Policies, POLICY_MILITARY_RESEARCH, 1044.0
58, 6, Policies, POLICY_PRAETORIUM, 2612.0
58, 6, Policies, POLICY_CIVIL_PRESTIGE, 2659.0
58, 6, Policies, POLICY_DRILL_MANUALS, 43.0
58, 6, Policies, POLICY_FORCE_MODERNIZATION, 22.0
58, 7, Completed Civic, CIVIC_SCORCHED_EARTH
58, 7, Slot Policy, POLICY_TOTAL_WAR, 3593
58, 7, Slot Policy, POLICY_LOGISTICS, 361
58, 7, Slot Policy, POLICY_CIVIL_PRESTIGE, 2281
58, 7, Slot Policy, POLICY_PRAETORIUM, 2497
58, 7, Slot Policy, POLICY_RETAINERS, 624
58, 7, Slot Policy, POLICY_LIBERALISM, 725
58, 7, Civic, CIVIC_NAVAL_TRADITION, 144.6, 1
58, 7, Civic, CIVIC_MERCENARIES, 144.6, 1
58, 7, Civic, CIVIC_DIVINE_RIGHT, 2432.5, 1
58, 7, Civic, CIVIC_EXPLORATION, 2449.5, 2
58, 7, Civic, CIVIC_REFORMED_CHURCH, 3646.3, 2
58, 7, Civic, CIVIC_COLONIALISM, 1435.6, 1
58, 7, Civic, CIVIC_OPERA_BALLET, 1453.7, 1
58, 7, Civic, CIVIC_NATURAL_HISTORY, 1781.3, 2
58, 7, Civic, CIVIC_URBANIZATION, 3250.7, 1
58, 7, Civic, CIVIC_CONSERVATION, 1955.3, 5
58, 7, Civic, CIVIC_MASS_MEDIA, 5282.7, 6
58, 7, Civic, CIVIC_MOBILIZATION, 2610.7, 2
58, 7, Policies, POLICY_SURVEY, 77.0
58, 7, Policies, POLICY_CONSCRIPTION, 257.0
58, 7, Policies, POLICY_INSPIRATION, 47.0
58, 7, Policies, POLICY_CHARISMATIC_LEADER, 14.0
58, 7, Policies, POLICY_DIPLOMATIC_LEAGUE, 225.0
58, 7, Policies, POLICY_LITERARY_TRADITION, 58.0
58, 7, Policies, POLICY_LIMES, 112.0
58, 7, Policies, POLICY_SCRIPTURE, 174.0
58, 7, Policies, POLICY_NAVIGATION, 31.0
58, 7, Policies, POLICY_RETAINERS, 458.0
58, 7, Policies, POLICY_PROFESSIONAL_ARMY, 122.0
58, 7, Policies, POLICY_TRADE_CONFEDERATION, 64.0
58, 7, Policies, POLICY_MERCHANT_CONFEDERATION, 108.0
58, 7, Policies, POLICY_AESTHETICS, 85.0
58, 7, Policies, POLICY_TRAVELING_MERCHANTS, 29.0
58, 7, Policies, POLICY_COLONIAL_OFFICES, 1615.0
58, 7, Policies, POLICY_INVENTION, 81.0
58, 7, Policies, POLICY_FRESCOES, 58.0
58, 7, Policies, POLICY_WARS_OF_RELIGION, 10.0
58, 7, Policies, POLICY_RELIGIOUS_ORDERS, 340.0
58, 7, Policies, POLICY_SIMULTANEUM, 135.0
58, 7, Policies, POLICY_LOGISTICS, 250.0
58, 7, Policies, POLICY_TRIANGULAR_TRADE, 58.0
58, 7, Policies, POLICY_RATIONALISM, 418.0
58, 7, Policies, POLICY_LIBERALISM, 421.0
58, 7, Policies, POLICY_COLONIAL_TAXES, 1712.0
58, 7, Policies, POLICY_GRAND_OPERA, 51.0
58, 7, Policies, POLICY_SYMPHONIES, 110.0
58, 7, Policies, POLICY_TOTAL_WAR, 4109.0
58, 7, Policies, POLICY_EXPROPRIATION, 301.0
58, 7, Policies, POLICY_MILITARY_RESEARCH, 2060.0
58, 7, Policies, POLICY_PRAETORIUM, 2585.0
58, 7, Policies, POLICY_CIVIL_PRESTIGE, 2513.0
58, 7, Policies, POLICY_DRILL_MANUALS, 125.0
58, 7, Policies, POLICY_FORCE_MODERNIZATION, 122.0
58, 7, Policies, POLICY_EMPIRICAL_METHOD, 131.0
58, 8, Civic, CIVIC_NAVAL_TRADITION, 156.6, 1
58, 8, Civic, CIVIC_MERCENARIES, 156.6, 1
58, 8, Civic, CIVIC_EXPLORATION, 2833.2, 3
58, 8, Civic, CIVIC_REFORMED_CHURCH, 1759.9, 2
58, 8, Civic, CIVIC_THE_ENLIGHTENMENT, 120.6, 1
58, 8, Civic, CIVIC_COLONIALISM, 1677.9, 4
58, 8, Civic, CIVIC_NATIONALISM, 120.6, 4
58, 8, Civic, CIVIC_OPERA_BALLET, 322.0, 3
58, 8, Civic, CIVIC_NATURAL_HISTORY, 1981.1, 7
58, 8, Civic, CIVIC_SCORCHED_EARTH, 3505.1, 8
58, 8, Civic, CIVIC_URBANIZATION, 1602.6, 8
58, 8, Civic, CIVIC_CONSERVATION, 2130.6, 14
58, 8, Policies, POLICY_SURVEY, 7.0
58, 8, Policies, POLICY_URBAN_PLANNING, 168.0
58, 8, Policies, POLICY_CONSCRIPTION, 441.0
58, 8, Policies, POLICY_LAND_SURVEYORS, 210.0
58, 8, Policies, POLICY_COLONIZATION, 7.0
58, 8, Policies, POLICY_INSPIRATION, 39.0
58, 8, Policies, POLICY_CHARISMATIC_LEADER, 14.0
58, 8, Policies, POLICY_DIPLOMATIC_LEAGUE, 337.0
58, 8, Policies, POLICY_LITERARY_TRADITION, 26.0
58, 8, Policies, POLICY_RAID, 3926.0
58, 8, Policies, POLICY_LIMES, 40.0
58, 8, Policies, POLICY_SCRIPTURE, 351.0
58, 8, Policies, POLICY_NAVIGATION, 23.0
58, 8, Policies, POLICY_RETAINERS, 70.0
58, 8, Policies, POLICY_TRADE_CONFEDERATION, 55.0
58, 8, Policies, POLICY_MERCHANT_CONFEDERATION, 108.0
58, 8, Policies, POLICY_AESTHETICS, 58.0
58, 8, Policies, POLICY_TRAVELING_MERCHANTS, 21.0
58, 8, Policies, POLICY_COLONIAL_OFFICES, 1808.0
58, 8, Policies, POLICY_INVENTION, 97.0
58, 8, Policies, POLICY_FRESCOES, 26.0
58, 8, Policies, POLICY_WARS_OF_RELIGION, 10.0
58, 8, Policies, POLICY_RELIGIOUS_ORDERS, 320.0
58, 8, Policies, POLICY_SIMULTANEUM, 480.0
58, 8, Policies, POLICY_LOGISTICS, 391.0
58, 8, Policies, POLICY_TRIANGULAR_TRADE, 62.0
58, 8, Policies, POLICY_RATIONALISM, 99.0
58, 8, Policies, POLICY_LIBERALISM, 84.0
58, 8, Policies, POLICY_COLONIAL_TAXES, 1926.0
58, 8, Policies, POLICY_GRAND_OPERA, 152.0
58, 8, Policies, POLICY_SYMPHONIES, 47.0
58, 8, Policies, POLICY_TOTAL_WAR, 3926.0
58, 8, Policies, POLICY_EXPROPRIATION, 217.0
58, 8, Policies, POLICY_MILITARY_RESEARCH, 1926.0
58, 8, Policies, POLICY_PRAETORIUM, 3199.0
58, 8, Policies, POLICY_CIVIL_PRESTIGE, 1024.0
58, 8, Policies, POLICY_MONASTICISM, 4318.0
58, 8, Policies, POLICY_TWILIGHT_VALOR, 570.0
58, 8, Policies, POLICY_ISOLATIONISM, 336.0
58, 8, Policies, POLICY_DRILL_MANUALS, 75.0
58, 8, Policies, POLICY_EMPIRICAL_METHOD, 72.0
58, 8, Policies, POLICY_MASTER_ARTISANS, 44.0
58, 9, Civic, CIVIC_NAVAL_TRADITION, 144.6, 1
58, 9, Civic, CIVIC_MERCENARIES, 144.6, 1
58, 9, Civic, CIVIC_DIVINE_RIGHT, 2380.9, 1
58, 9, Civic, CIVIC_EXPLORATION, 2330.6, 3
58, 9, Civic, CIVIC_DIPLOMATIC_SERVICE, 485.7, 3
58, 9, Civic, CIVIC_REFORMED_CHURCH, 3652.1, 3
58, 9, Civic, CIVIC_THE_ENLIGHTENMENT, 819.7, 6
58, 9, Civic, CIVIC_COLONIALISM, 1390.6, 5
58, 9, Civic, CIVIC_CIVIL_ENGINEERING, 1241407.6, 1
58, 9, Civic, CIVIC_NATIONALISM, 932214.9, 10
58, 9, Civic, CIVIC_OPERA_BALLET, 947.2, 11
58, 9, Civic, CIVIC_NATURAL_HISTORY, 1632.4, 9
58, 9, Civic, CIVIC_CONSERVATION, 1737.8, 19
58, 9, Policies, POLICY_SURVEY, 14.0
58, 9, Policies, POLICY_URBAN_PLANNING, 147.0
58, 9, Policies, POLICY_CONSCRIPTION, 220.0
58, 9, Policies, POLICY_LAND_SURVEYORS, 63.0
58, 9, Policies, POLICY_COLONIZATION, 32.0
58, 9, Policies, POLICY_INSPIRATION, 29.0
58, 9, Policies, POLICY_CHARISMATIC_LEADER, 14.0
58, 9, Policies, POLICY_DIPLOMATIC_LEAGUE, 225.0
58, 9, Policies, POLICY_LITERARY_TRADITION, 18.0
58, 9, Policies, POLICY_RAID, 4034.0
58, 9, Policies, POLICY_BASTIONS, 42.0
58, 9, Policies, POLICY_LIMES, 61.0
58, 9, Policies, POLICY_NATURAL_PHILOSOPHY, 173.0
58, 9, Policies, POLICY_SCRIPTURE, 320.0
58, 9, Policies, POLICY_NAVIGATION, 15.0
58, 9, Policies, POLICY_FEUDAL_CONTRACT, 29.0
58, 9, Policies, POLICY_RETAINERS, 629.0
58, 9, Policies, POLICY_PROFESSIONAL_ARMY, 36.0
58, 9, Policies, POLICY_TRADE_CONFEDERATION, 66.0
58, 9, Policies, POLICY_MERCHANT_CONFEDERATION, 111.0
58, 9, Policies, POLICY_AESTHETICS, 14.0
58, 9, Policies, POLICY_CRAFTSMEN, 71.0
58, 9, Policies, POLICY_TRAVELING_MERCHANTS, 21.0
58, 9, Policies, POLICY_COLONIAL_OFFICES, 1390.0
58, 9, Policies, POLICY_INVENTION, 64.0
58, 9, Policies, POLICY_FRESCOES, 18.0
58, 9, Policies, POLICY_WARS_OF_RELIGION, 10.0
58, 9, Policies, POLICY_RELIGIOUS_ORDERS, 270.0
58, 9, Policies, POLICY_SIMULTANEUM, 117.0
58, 9, Policies, POLICY_LOGISTICS, 250.0
58, 9, Policies, POLICY_TRIANGULAR_TRADE, 65.0
58, 9, Policies, POLICY_LIBERALISM, 816.0
58, 9, Policies, POLICY_COLONIAL_TAXES, 1493.0
58, 9, Policies, POLICY_GRANDE_ARMEE, 29.0
58, 9, Policies, POLICY_SYMPHONIES, 31.0
58, 9, Policies, POLICY_PRAETORIUM, 2446.0
58, 9, Policies, POLICY_CIVIL_PRESTIGE, 1291.0
58, 9, Policies, POLICY_DRILL_MANUALS, 85.0
58, 9, Policies, POLICY_HARD_SHELL_EXPLOSIVES, 9.0
58, 9, Policies, POLICY_EMPIRICAL_METHOD, 72.0
58, 9, Policies, POLICY_MASTER_ARTISANS, 58.0
58, 10, Civic, CIVIC_NAVAL_TRADITION, 88.2, 14
58, 10, Civic, CIVIC_EXPLORATION, 245.7, 1
58, 10, Civic, CIVIC_REFORMED_CHURCH, 99.9, 42
58, 10, Civic, CIVIC_THE_ENLIGHTENMENT, 0.0, 71
58, 10, Civic, CIVIC_COLONIALISM, 0.0, 80
58, 10, Civic, CIVIC_CIVIL_ENGINEERING, 0.0, 102
58, 10, Civic, CIVIC_NATIONALISM, 0.0, 173
58, 10, Civic, CIVIC_OPERA_BALLET, 0.0, 151
58, 10, Civic, CIVIC_NATURAL_HISTORY, 0.0, 186
58, 10, Civic, CIVIC_SCORCHED_EARTH, 0.0, 296
58, 10, Civic, CIVIC_URBANIZATION, 0.0, 398
58, 10, Civic, CIVIC_CONSERVATION, 0.0, 344
58, 10, Policies, POLICY_URBAN_PLANNING, 14.0
58, 10, Policies, POLICY_CONSCRIPTION, 58.0
58, 10, Policies, POLICY_CHARISMATIC_LEADER, 14.0
58, 10, Policies, POLICY_BASTIONS, 6.0
58, 10, Policies, POLICY_LIMES, 60.0
58, 10, Policies, POLICY_RETAINERS, 14.0
58, 10, Policies, POLICY_TRADE_CONFEDERATION, 28.0
58, 10, Policies, POLICY_COLONIAL_OFFICES, 64.0
58, 10, Policies, POLICY_LOGISTICS, 80.0
58, 10, Policies, POLICY_TRIANGULAR_TRADE, 43.0
58, 10, Policies, POLICY_PRAETORIUM, 32.0
58, 10, Policies, POLICY_CIVIL_PRESTIGE, 142.0
58, 10, Policies, POLICY_SOVEREIGN_STATE, 90.0
58, 12, Civic, CIVIC_NAVAL_TRADITION, 84.7, 15
58, 12, Civic, CIVIC_MERCENARIES, 152.6, 1
58, 12, Civic, CIVIC_EXPLORATION, 363.7, 2
58, 12, Civic, CIVIC_REFORMED_CHURCH, 86.4, 43
58, 12, Civic, CIVIC_THE_ENLIGHTENMENT, 0.0, 73
58, 12, Civic, CIVIC_COLONIALISM, 0.0, 82
58, 12, Civic, CIVIC_CIVIL_ENGINEERING, 0.0, 105
58, 12, Civic, CIVIC_NATIONALISM, 0.0, 178
58, 12, Civic, CIVIC_OPERA_BALLET, 0.0, 155
58, 12, Civic, CIVIC_NATURAL_HISTORY, 0.0, 192
58, 12, Civic, CIVIC_SCORCHED_EARTH, 0.0, 305
58, 12, Civic, CIVIC_URBANIZATION, 0.0, 410
58, 12, Civic, CIVIC_CONSERVATION, 0.0, 355
58, 12, Policies, POLICY_URBAN_PLANNING, 14.0
58, 12, Policies, POLICY_CONSCRIPTION, 29.0
58, 12, Policies, POLICY_CHARISMATIC_LEADER, 14.0
58, 12, Policies, POLICY_RAID, 19.0
58, 12, Policies, POLICY_BASTIONS, 6.0
58, 12, Policies, POLICY_LIMES, 76.0
58, 12, Policies, POLICY_NATURAL_PHILOSOPHY, 28.0
58, 12, Policies, POLICY_TRADE_CONFEDERATION, 28.0
58, 12, Policies, POLICY_COLONIAL_OFFICES, 45.0
58, 12, Policies, POLICY_LOGISTICS, 38.0
58, 12, Policies, POLICY_TRIANGULAR_TRADE, 43.0
58, 12, Policies, POLICY_PRAETORIUM, 32.0
58, 12, Policies, POLICY_CIVIL_PRESTIGE, 150.0
58, 12, Policies, POLICY_EQUESTRIAN_ORDERS, 75.0
58, 12, Policies, POLICY_SOVEREIGN_STATE, 90.0
58, 13, Civic, CIVIC_NAVAL_TRADITION, 92.7, 15
58, 13, Civic, CIVIC_MERCENARIES, 152.6, 1
58, 13, Civic, CIVIC_EXPLORATION, 366.1, 2
58, 13, Civic, CIVIC_REFORMED_CHURCH, 91.9, 44
58, 13, Civic, CIVIC_THE_ENLIGHTENMENT, 0.0, 75
58, 13, Civic, CIVIC_COLONIALISM, 0.0, 84
58, 13, Civic, CIVIC_CIVIL_ENGINEERING, 0.0, 107
58, 13, Civic, CIVIC_NATIONALISM, 0.0, 182
58, 13, Civic, CIVIC_OPERA_BALLET, 0.0, 159
58, 13, Civic, CIVIC_NATURAL_HISTORY, 0.0, 195
58, 13, Civic, CIVIC_SCORCHED_EARTH, 0.0, 311
58, 13, Civic, CIVIC_URBANIZATION, 0.0, 418
58, 13, Civic, CIVIC_CONSERVATION, 0.0, 361
58, 13, Policies, POLICY_URBAN_PLANNING, 14.0
58, 13, Policies, POLICY_CONSCRIPTION, 36.0
58, 13, Policies, POLICY_CHARISMATIC_LEADER, 14.0
58, 13, Policies, POLICY_BASTIONS, 6.0
58, 13, Policies, POLICY_LIMES, 88.0
58, 13, Policies, POLICY_NAVAL_INFRASTRUCTURE, 28.0
58, 13, Policies, POLICY_RETAINERS, 88.0
58, 13, Policies, POLICY_TRADE_CONFEDERATION, 28.0
58, 13, Policies, POLICY_COLONIAL_OFFICES, 46.0
58, 13, Policies, POLICY_LOGISTICS, 40.0
58, 13, Policies, POLICY_TRIANGULAR_TRADE, 43.0
58, 13, Policies, POLICY_PRAETORIUM, 23.0
58, 13, Policies, POLICY_CIVIL_PRESTIGE, 161.0
58, 13, Policies, POLICY_SOVEREIGN_STATE, 90.0
58, 14, Civic, CIVIC_NAVAL_TRADITION, 92.7, 15
58, 14, Civic, CIVIC_MERCENARIES, 182.6, 1
58, 14, Civic, CIVIC_EXPLORATION, 375.5, 2
58, 14, Civic, CIVIC_REFORMED_CHURCH, 97.5, 44
58, 14, Civic, CIVIC_THE_ENLIGHTENMENT, 0.0, 75
58, 14, Civic, CIVIC_COLONIALISM, 0.0, 84
58, 14, Civic, CIVIC_CIVIL_ENGINEERING, 0.0, 107
58, 14, Civic, CIVIC_NATIONALISM, 0.0, 182
58, 14, Civic, CIVIC_OPERA_BALLET, 0.0, 159
58, 14, Civic, CIVIC_NATURAL_HISTORY, 0.0, 195
58, 14, Civic, CIVIC_SCORCHED_EARTH, 0.0, 311
58, 14, Civic, CIVIC_URBANIZATION, 0.0, 418
58, 14, Civic, CIVIC_CONSERVATION, 0.0, 361
58, 14, Policies, POLICY_URBAN_PLANNING, 14.0
58, 14, Policies, POLICY_CONSCRIPTION, 14.0
58, 14, Policies, POLICY_CHARISMATIC_LEADER, 14.0
58, 14, Policies, POLICY_BASTIONS, 6.0
58, 14, Policies, POLICY_LIMES, 49.0
58, 14, Policies, POLICY_NAVAL_INFRASTRUCTURE, 28.0
58, 14, Policies, POLICY_RETAINERS, 14.0
58, 14, Policies, POLICY_TRADE_CONFEDERATION, 58.0
58, 14, Policies, POLICY_TOWN_CHARTERS, 14.0
58, 14, Policies, POLICY_COLONIAL_OFFICES, 42.0
58, 14, Policies, POLICY_TRIANGULAR_TRADE, 87.0
58, 14, Policies, POLICY_PRAETORIUM, 26.0
58, 14, Policies, POLICY_CIVIL_PRESTIGE, 58.0
58, 14, Policies, POLICY_SOVEREIGN_STATE, 90.0
58, 15, Civic, CIVIC_NAVAL_TRADITION, 89.7, 13
58, 15, Civic, CIVIC_MERCENARIES, 152.6, 1
58, 15, Civic, CIVIC_EXPLORATION, 360.4, 2
58, 15, Civic, CIVIC_REFORMED_CHURCH, 87.0, 39
58, 15, Civic, CIVIC_THE_ENLIGHTENMENT, 0.0, 67
58, 15, Civic, CIVIC_COLONIALISM, 0.0, 75
58, 15, Civic, CIVIC_CIVIL_ENGINEERING, 0.0, 96
58, 15, Civic, CIVIC_NATIONALISM, 0.0, 163
58, 15, Civic, CIVIC_OPERA_BALLET, 0.0, 142
58, 15, Civic, CIVIC_NATURAL_HISTORY, 0.0, 175
58, 15, Civic, CIVIC_SCORCHED_EARTH, 0.0, 279
58, 15, Civic, CIVIC_URBANIZATION, 0.0, 375
58, 15, Civic, CIVIC_CONSERVATION, 0.0, 324
58, 15, Policies, POLICY_URBAN_PLANNING, 14.0
58, 15, Policies, POLICY_CONSCRIPTION, 51.0
58, 15, Policies, POLICY_CHARISMATIC_LEADER, 14.0
58, 15, Policies, POLICY_BASTIONS, 6.0
58, 15, Policies, POLICY_RETAINERS, 14.0
58, 15, Policies, POLICY_TRADE_CONFEDERATION, 28.0
58, 15, Policies, POLICY_COLONIAL_OFFICES, 47.0
58, 15, Policies, POLICY_LOGISTICS, 71.0
58, 15, Policies, POLICY_TRIANGULAR_TRADE, 43.0
58, 15, Policies, POLICY_PRAETORIUM, 32.0
58, 15, Policies, POLICY_CIVIL_PRESTIGE, 101.0
58, 15, Policies, POLICY_EQUESTRIAN_ORDERS, 35.0
58, 15, Policies, POLICY_SOVEREIGN_STATE, 90.0
58, 17, Civic, CIVIC_NAVAL_TRADITION, 71.1, 20
58, 17, Civic, CIVIC_DIVINE_RIGHT, 355.0, 1
58, 17, Civic, CIVIC_HUMANISM, 160.8, 1
58, 17, Civic, CIVIC_REFORMED_CHURCH, 355.0, 51
58, 17, Civic, CIVIC_MERCANTILISM, 358.5, 2
58, 17, Civic, CIVIC_THE_ENLIGHTENMENT, 160.8, 84
58, 17, Civic, CIVIC_COLONIALISM, 358.5, 94
58, 17, Civic, CIVIC_CIVIL_ENGINEERING, 358.5, 119
58, 17, Civic, CIVIC_NATIONALISM, 160.8, 201
58, 17, Civic, CIVIC_OPERA_BALLET, 160.8, 176
58, 17, Policies, POLICY_SURVEY, 14.0
58, 17, Policies, POLICY_URBAN_PLANNING, 14.0
58, 17, Policies, POLICY_CARAVANSARIES, 14.0
58, 17, Policies, POLICY_CONSCRIPTION, 58.0
58, 17, Policies, POLICY_CHARISMATIC_LEADER, 14.0
58, 17, Policies, POLICY_RAID, 11.0
58, 17, Policies, POLICY_BASTIONS, 6.0
58, 17, Policies, POLICY_LIMES, 13.0
58, 17, Policies, POLICY_RETAINERS, 14.0
58, 17, Policies, POLICY_TRADE_CONFEDERATION, 28.0
58, 17, Policies, POLICY_COLONIAL_OFFICES, 54.0
58, 17, Policies, POLICY_LOGISTICS, 90.0
58, 17, Policies, POLICY_TRIANGULAR_TRADE, 43.0
58, 17, Policies, POLICY_PRAETORIUM, 35.0
58, 17, Policies, POLICY_CIVIL_PRESTIGE, 75.0
58, 17, Policies, POLICY_EQUESTRIAN_ORDERS, 75.0
58, 17, Policies, POLICY_SOVEREIGN_STATE, 90.0
58, 18, Civic, CIVIC_MILITARY_TRAINING, 165.7, 1
58, 18, Civic, CIVIC_NAVAL_TRADITION, 46.5, 30
58, 18, Civic, CIVIC_MERCENARIES, 313.1, 2
58, 18, Civic, CIVIC_MEDIEVAL_FAIRES, 140.7, 1
58, 18, Civic, CIVIC_DIVINE_RIGHT, 242.9, 1
58, 18, Civic, CIVIC_EXPLORATION, 631.1, 4
58, 18, Civic, CIVIC_HUMANISM, 295.7, 2
58, 18, Civic, CIVIC_DIPLOMATIC_SERVICE, 532.6, 1
58, 18, Civic, CIVIC_REFORMED_CHURCH, 242.9, 93
58, 18, Civic, CIVIC_MERCANTILISM, 448.5, 3
58, 18, Civic, CIVIC_THE_ENLIGHTENMENT, 828.3, 161
58, 18, Policies, POLICY_URBAN_PLANNING, 14.0
58, 18, Policies, POLICY_CARAVANSARIES, 14.0
58, 18, Policies, POLICY_CHARISMATIC_LEADER, 14.0
58, 18, Policies, POLICY_RAID, 21.0
58, 18, Policies, POLICY_LIMES, 66.0
58, 18, Policies, POLICY_TRADE_CONFEDERATION, 28.0
58, 18, Policies, POLICY_COLONIAL_OFFICES, 31.0
58, 18, Policies, POLICY_TRIANGULAR_TRADE, 43.0
58, 18, Policies, POLICY_PRAETORIUM, 14.0
58, 18, Policies, POLICY_CIVIL_PRESTIGE, 85.0
58, 18, Policies, POLICY_SOVEREIGN_STATE, 90.0
58, 20, Civic, CIVIC_NAVAL_TRADITION, 96.3, 12
58, 20, Civic, CIVIC_EXPLORATION, 212.9, 1
58, 20, Civic, CIVIC_REFORMED_CHURCH, 92.6, 37
58, 20, Civic, CIVIC_THE_ENLIGHTENMENT, 0.0, 63
58, 20, Civic, CIVIC_COLONIALISM, 0.0, 71
58, 20, Civic, CIVIC_CIVIL_ENGINEERING, 0.0, 91
58, 20, Civic, CIVIC_NATIONALISM, 0.0, 154
58, 20, Civic, CIVIC_OPERA_BALLET, 0.0, 134
58, 20, Civic, CIVIC_NATURAL_HISTORY, 0.0, 166
58, 20, Civic, CIVIC_SCORCHED_EARTH, 0.0, 264
58, 20, Civic, CIVIC_URBANIZATION, 0.0, 355
58, 20, Civic, CIVIC_CONSERVATION, 0.0, 307
58, 20, Policies, POLICY_URBAN_PLANNING, 14.0
58, 20, Policies, POLICY_CONSCRIPTION, 58.0
58, 20, Policies, POLICY_CHARISMATIC_LEADER, 14.0
58, 20, Policies, POLICY_BASTIONS, 6.0
58, 20, Policies, POLICY_LIMES, 12.0
58, 20, Policies, POLICY_RETAINERS, 84.0
58, 20, Policies, POLICY_TRADE_CONFEDERATION, 28.0
58, 20, Policies, POLICY_COLONIAL_OFFICES, 42.0
58, 20, Policies, POLICY_LOGISTICS, 80.0
58, 20, Policies, POLICY_TRIANGULAR_TRADE, 43.0
58, 20, Policies, POLICY_PRAETORIUM, 23.0
58, 20, Policies, POLICY_CIVIL_PRESTIGE, 156.0
58, 20, Policies, POLICY_SOVEREIGN_STATE, 90.0
58, 21, Civic, CIVIC_NAVAL_TRADITION, 79.3, 17
58, 21, Civic, CIVIC_MERCENARIES, 152.6, 1
58, 21, Civic, CIVIC_EXPLORATION, 397.4, 2
58, 21, Civic, CIVIC_REFORMED_CHURCH, 100.8, 47
58, 21, Civic, CIVIC_THE_ENLIGHTENMENT, 0.0, 79
58, 21, Civic, CIVIC_COLONIALISM, 0.0, 89
58, 21, Civic, CIVIC_CIVIL_ENGINEERING, 0.0, 113
58, 21, Civic, CIVIC_NATIONALISM, 0.0, 192
58, 21, Civic, CIVIC_OPERA_BALLET, 0.0, 168
58, 21, Civic, CIVIC_NATURAL_HISTORY, 0.0, 207
58, 21, Civic, CIVIC_SCORCHED_EARTH, 0.0, 329
58, 21, Civic, CIVIC_URBANIZATION, 0.0, 442
58, 21, Civic, CIVIC_CONSERVATION, 0.0, 382
58, 21, Policies, POLICY_URBAN_PLANNING, 14.0
58, 21, Policies, POLICY_CONSCRIPTION, 66.0
58, 21, Policies, POLICY_CHARISMATIC_LEADER, 14.0
58, 21, Policies, POLICY_BASTIONS, 6.0
58, 21, Policies, POLICY_LIMES, 69.0
58, 21, Policies, POLICY_RETAINERS, 14.0
58, 21, Policies, POLICY_TRADE_CONFEDERATION, 28.0
58, 21, Policies, POLICY_COLONIAL_OFFICES, 52.0
58, 21, Policies, POLICY_LOGISTICS, 89.0
58, 21, Policies, POLICY_TRIANGULAR_TRADE, 43.0
58, 21, Policies, POLICY_PRAETORIUM, 35.0
58, 21, Policies, POLICY_CIVIL_PRESTIGE, 116.0
58, 21, Policies, POLICY_EQUESTRIAN_ORDERS, 65.0
58, 21, Policies, POLICY_SOVEREIGN_STATE, 90.0
58, 62, Civic, CIVIC_MILITARY_TRADITION, 96.1, 20
58, 62, Civic, CIVIC_STATE_WORKFORCE, 79.3, 28
58, 62, Civic, CIVIC_MYSTICISM, 130.4, 20
58, 62, Civic, CIVIC_GAMES_RECREATION, 79.3, 72
58, 62, Civic, CIVIC_POLITICAL_PHILOSOPHY, 79.3, 72
58, 62, Civic, CIVIC_DRAMA_POETRY, 26.3, 44
58, 62, Civic, CIVIC_MILITARY_TRAINING, 175.4, 140
58, 62, Civic, CIVIC_DEFENSIVE_TACTICS, 79.3, 186
58, 62, Civic, CIVIC_RECORDED_HISTORY, 105.6, 186
58, 62, Civic, CIVIC_THEOLOGY, 156.7, 112
58, 62, Policies, POLICY_CARAVANSARIES, 14.0
58, 0, Civic, CIVIC_NAVAL_TRADITION, 178.6, 1
58, 0, Civic, CIVIC_DIPLOMATIC_SERVICE, 511.1, 2
58, 0, Civic, CIVIC_REFORMED_CHURCH, 837.7, 1
58, 0, Civic, CIVIC_THE_ENLIGHTENMENT, 1632.0, 4
58, 0, Civic, CIVIC_COLONIALISM, 1435.9, 4
58, 0, Civic, CIVIC_CIVIL_ENGINEERING, 517466.7, 1
58, 0, Civic, CIVIC_NATIONALISM, 427679.2, 7
58, 0, Civic, CIVIC_OPERA_BALLET, 1805.7, 8
58, 0, Civic, CIVIC_NATURAL_HISTORY, 2545.0, 9
58, 0, Civic, CIVIC_CONSERVATION, 1834.4, 16
58, 0, Policies, POLICY_SURVEY, 15.0
58, 0, Policies, POLICY_URBAN_PLANNING, 192.0
58, 0, Policies, POLICY_CONSCRIPTION, 51.0
58, 0, Policies, POLICY_LAND_SURVEYORS, 270.0
58, 0, Policies, POLICY_COLONIZATION, 115.0
58, 0, Policies, POLICY_INSPIRATION, 34.0
58, 0, Policies, POLICY_CHARISMATIC_LEADER, 14.0
58, 0, Policies, POLICY_DIPLOMATIC_LEAGUE, 337.0
58, 0, Policies, POLICY_LITERARY_TRADITION, 17.0
58, 0, Policies, POLICY_RAID, 3223.0
58, 0, Policies, POLICY_LIMES, 1042.0
58, 0, Policies, POLICY_NATURAL_PHILOSOPHY, 438.0
58, 0, Policies, POLICY_NAVAL_INFRASTRUCTURE, 42.0
58, 0, Policies, POLICY_NAVIGATION, 31.0
58, 0, Policies, POLICY_FEUDAL_CONTRACT, 64.0
58, 0, Policies, POLICY_RETAINERS, 560.0
58, 0, Policies, POLICY_PROFESSIONAL_ARMY, 39.0
58, 0, Policies, POLICY_TRADE_CONFEDERATION, 324.0
58, 0, Policies, POLICY_MERCHANT_CONFEDERATION, 187.0
58, 0, Policies, POLICY_TOWN_CHARTERS, 271.0
58, 0, Policies, POLICY_TRAVELING_MERCHANTS, 28.0
58, 0, Policies, POLICY_PRESS_GANGS, 41.0
58, 0, Policies, POLICY_COLONIAL_OFFICES, 873.0
58, 0, Policies, POLICY_INVENTION, 43.0
58, 0, Policies, POLICY_FRESCOES, 17.0
58, 0, Policies, POLICY_WARS_OF_RELIGION, 10.0
58, 0, Policies, POLICY_RELIGIOUS_ORDERS, 70.0
58, 0, Policies, POLICY_LOGISTICS, 47.0
58, 0, Policies, POLICY_TRIANGULAR_TRADE, 421.0
58, 0, Policies, POLICY_RATIONALISM, 393.0
58, 0, Policies, POLICY_FREE_MARKET, 306.0
58, 0, Policies, POLICY_LIBERALISM, 1143.0
58, 0, Policies, POLICY_COLONIAL_TAXES, 1312.0
58, 0, Policies, POLICY_PUBLIC_WORKS, 12.0
58, 0, Policies, POLICY_GRANDE_ARMEE, 64.0
58, 0, Policies, POLICY_NATIONAL_IDENTITY, 5.0
58, 0, Policies, POLICY_SYMPHONIES, 31.0
58, 0, Policies, POLICY_ECONOMIC_UNION, 246.0
58, 0, Policies, POLICY_PRAETORIUM, 1283.0
58, 0, Policies, POLICY_CIVIL_PRESTIGE, 2480.0
58, 0, Policies, POLICY_EQUESTRIAN_ORDERS, 10.0
58, 0, Policies, POLICY_DRILL_MANUALS, 95.0
58, 0, Policies, POLICY_HARD_SHELL_EXPLOSIVES, 21.0
58, 0, Policies, POLICY_EMPIRICAL_METHOD, 512.0
58, 1, Civic, CIVIC_THEOLOGY, 186.7, 1
58, 1, Civic, CIVIC_NAVAL_TRADITION, 177.6, 1
58, 1, Civic, CIVIC_DIVINE_RIGHT, 1180.6, 2
58, 1, Civic, CIVIC_REFORMED_CHURCH, 1894.3, 3
58, 1, Civic, CIVIC_COLONIALISM, 2189.6, 1
58, 1, Civic, CIVIC_OPERA_BALLET, 284.7, 1
58, 1, Civic, CIVIC_NATURAL_HISTORY, 2560.2, 3
58, 1, Civic, CIVIC_SCORCHED_EARTH, 3208.5, 2
58, 1, Civic, CIVIC_URBANIZATION, 1848.1, 2
58, 1, Civic, CIVIC_CONSERVATION, 2758.1, 6
58, 1, Civic, CIVIC_MASS_MEDIA, 345387.2, 8
58, 1, Civic, CIVIC_MOBILIZATION, 356852.1, 7
58, 1, Policies, POLICY_SURVEY, 15.0
58, 1, Policies, POLICY_GOD_KING, 22.0
58, 1, Policies, POLICY_CONSCRIPTION, 22.0
58, 1, Policies, POLICY_LAND_SURVEYORS, 285.0
58, 1, Policies, POLICY_COLONIZATION, 130.0
58, 1, Policies, POLICY_INSPIRATION, 58.0
58, 1, Policies, POLICY_CHARISMATIC_LEADER, 14.0
58, 1, Policies, POLICY_DIPLOMATIC_LEAGUE, 337.0
58, 1, Policies, POLICY_LITERARY_TRADITION, 34.0
58, 1, Policies, POLICY_RAID, 3223.0
58, 1, Policies, POLICY_LIMES, 1255.0
58, 1, Policies, POLICY_NAVIGATION, 47.0
58, 1, Policies, POLICY_RETAINERS, 277.0
58, 1, Policies, POLICY_PROFESSIONAL_ARMY, 44.0
58, 1, Policies, POLICY_TRADE_CONFEDERATION, 575.0
58, 1, Policies, POLICY_MERCHANT_CONFEDERATION, 249.0
58, 1, Policies, POLICY_AESTHETICS, 102.0
58, 1, Policies, POLICY_TRAVELING_MERCHANTS, 43.0
58, 1, Policies, POLICY_COLONIAL_OFFICES, 1405.0
58, 1, Policies, POLICY_INVENTION, 130.0
58, 1, Policies, POLICY_FRESCOES, 34.0
58, 1, Policies, POLICY_MACHIAVELLIANISM, 95.0
58, 1, Policies, POLICY_RELIGIOUS_ORDERS, 8.0
58, 1, Policies, POLICY_LOGISTICS, 5.0
58, 1, Policies, POLICY_TRIANGULAR_TRADE, 722.0
58, 1, Policies, POLICY_RATIONALISM, 776.0
58, 1, Policies, POLICY_FREE_MARKET, 216.0
58, 1, Policies, POLICY_LIBERALISM, 333.0
58, 1, Policies, POLICY_COLONIAL_TAXES, 2464.0
58, 1, Policies, POLICY_PUBLIC_WORKS, 22.0
58, 1, Policies, POLICY_NATIONAL_IDENTITY, 1.0
58, 1, Policies, POLICY_GRAND_OPERA, 105.0
58, 1, Policies, POLICY_SYMPHONIES, 62.0
58, 1, Policies, POLICY_TOTAL_WAR, 3223.0
58, 1, Policies, POLICY_EXPROPRIATION, 415.0
58, 1, Policies, POLICY_MILITARY_RESEARCH, 1584.0
58, 1, Policies, POLICY_LEVEE_EN_MASSE, 29.0
58, 1, Policies, POLICY_ECONOMIC_UNION, 622.0
58, 1, Policies, POLICY_PRAETORIUM, 2150.0
58, 1, Policies, POLICY_CIVIL_PRESTIGE, 1884.0
58, 1, Policies, POLICY_WISSELBANKEN, 564.0
58, 1, Policies, POLICY_EQUESTRIAN_ORDERS, 37.0
58, 1, Policies, POLICY_DRILL_MANUALS, 11.0
58, 1, Policies, POLICY_FORCE_MODERNIZATION, 44.0
58, 1, Policies, POLICY_EMPIRICAL_METHOD, 747.0
58, 1, Policies, POLICY_MASTER_ARTISANS, 117.0
58, 2, Civic, CIVIC_NAVAL_TRADITION, 230.6, 1
58, 2, Civic, CIVIC_THE_ENLIGHTENMENT, 304.5, 3
58, 2, Civic, CIVIC_COLONIALISM, 1280.9, 4
58, 2, Civic, CIVIC_CIVIL_ENGINEERING, 270307.8, 2
58, 2, Civic, CIVIC_NATIONALISM, 238454.6, 6
58, 2, Civic, CIVIC_OPERA_BALLET, 485.6, 7
58, 2, Civic, CIVIC_NATURAL_HISTORY, 1541.6, 9
58, 2, Civic, CIVIC_SCORCHED_EARTH, 241345.8, 12
58, 2, Civic, CIVIC_URBANIZATION, 509982.1, 14
58, 2, Civic, CIVIC_CONSERVATION, 1962.0, 17
58, 2, Policies, POLICY_SURVEY, 37.0
58, 2, Policies, POLICY_URBAN_PLANNING, 147.0
58, 2, Policies, POLICY_CONSCRIPTION, 95.0
58, 2, Policies, POLICY_LAND_SURVEYORS, 142.0
58, 2, Policies, POLICY_COLONIZATION, 83.0
58, 2, Policies, POLICY_INSPIRATION, 20.0
58, 2, Policies, POLICY_CHARISMATIC_LEADER, 14.0
58, 2, Policies, POLICY_DIPLOMATIC_LEAGUE, 337.0
58, 2, Policies, POLICY_LITERARY_TRADITION, 15.0
58, 2, Policies, POLICY_RAID, 2940.0
58, 2, Policies, POLICY_LIMES, 639.0
58, 2, Policies, POLICY_NATURAL_PHILOSOPHY, 122.0
58, 2, Policies, POLICY_SCRIPTURE, 495.0
58, 2, Policies, POLICY_NAVAL_INFRASTRUCTURE, 94.0
58, 2, Policies, POLICY_NAVIGATION, 31.0
58, 2, Policies, POLICY_FEUDAL_CONTRACT, 27.0
58, 2, Policies, POLICY_RETAINERS, 252.0
58, 2, Policies, POLICY_PROFESSIONAL_ARMY, 108.0
58, 2, Policies, POLICY_TRADE_CONFEDERATION, 226.0
58, 2, Policies, POLICY_MERCHANT_CONFEDERATION, 125.0
58, 2, Policies, POLICY_TOWN_CHARTERS, 135.0
58, 2, Policies, POLICY_TRAVELING_MERCHANTS, 21.0
58, 2, Policies, POLICY_PRESS_GANGS, 79.0
58, 2, Policies, POLICY_COLONIAL_OFFICES, 690.0
58, 2, Policies, POLICY_INVENTION, 37.0
58, 2, Policies, POLICY_FRESCOES, 15.0
58, 2, Policies, POLICY_MACHIAVELLIANISM, 21.0
58, 2, Policies, POLICY_WARS_OF_RELIGION, 10.0
58, 2, Policies, POLICY_RELIGIOUS_ORDERS, 140.0
58, 2, Policies, POLICY_SIMULTANEUM, 741.0
58, 2, Policies, POLICY_LOGISTICS, 100.0
58, 2, Policies, POLICY_TRIANGULAR_TRADE, 333.0
58, 2, Policies, POLICY_RATIONALISM, 207.0
58, 2, Policies, POLICY_FREE_MARKET, 150.0
58, 2, Policies, POLICY_LIBERALISM, 294.0
58, 2, Policies, POLICY_COLONIAL_TAXES, 1251.0
58, 2, Policies, POLICY_PUBLIC_WORKS, 15.0
58, 2, Policies, POLICY_GRANDE_ARMEE, 27.0
58, 2, Policies, POLICY_SYMPHONIES, 31.0
58, 2, Policies, POLICY_TOTAL_WAR, 2940.0
58, 2, Policies, POLICY_EXPROPRIATION, 225.0
58, 2, Policies, POLICY_MILITARY_RESEARCH, 1036.0
58, 2, Policies, POLICY_ECONOMIC_UNION, 196.0
58, 2, Policies, POLICY_PRAETORIUM, 961.0
58, 2, Policies, POLICY_CIVIL_PRESTIGE, 1367.0
58, 2, Policies, POLICY_WISSELBANKEN, 415.0
58, 2, Policies, POLICY_FORCE_MODERNIZATION, 108.0
58, 2, Policies, POLICY_EMPIRICAL_METHOD, 145.0
58, 3, Civic, CIVIC_NAVAL_TRADITION, 168.6, 1
58, 3, Civic, CIVIC_MERCANTILISM, 1204.8, 2
58, 3, Civic, CIVIC_COLONIALISM, 2974.7, 4
58, 3, Civic, CIVIC_CIVIL_ENGINEERING, 3350661.0, 5
58, 3, Civic, CIVIC_NATIONALISM, 3565095.8, 3
58, 3, Civic, CIVIC_OPERA_BALLET, 200.3, 4
58, 3, Civic, CIVIC_NATURAL_HISTORY, 3235.4, 9
58, 3, Civic, CIVIC_SCORCHED_EARTH, 3568812.5, 8
58, 3, Civic, CIVIC_URBANIZATION, 6917425.5, 13
58, 3, Policies, POLICY_SURVEY, 37.0
58, 3, Policies, POLICY_CARAVANSARIES, 382.0
58, 3, Policies, POLICY_LAND_SURVEYORS, 380.0
58, 3, Policies, POLICY_COLONIZATION, 261.0
58, 3, Policies, POLICY_INSPIRATION, 20.0
58, 3, Policies, POLICY_CHARISMATIC_LEADER, 14.0
58, 3, Policies, POLICY_DIPLOMATIC_LEAGUE, 337.0
58, 3, Policies, POLICY_LITERARY_TRADITION, 17.0
58, 3, Policies, POLICY_RAID, 3794.0
58, 3, Policies, POLICY_LIMES, 1557.0
58, 3, Policies, POLICY_NATURAL_PHILOSOPHY, 229.0
58, 3, Policies, POLICY_SCRIPTURE, 2233.0
58, 3, Policies, POLICY_NAVAL_INFRASTRUCTURE, 32.0
58, 3, Policies, POLICY_NAVIGATION, 15.0
58, 3, Policies, POLICY_RETAINERS, 707.0
58, 3, Policies, POLICY_TRADE_CONFEDERATION, 509.0
58, 3, Policies, POLICY_MERCHANT_CONFEDERATION, 220.0
58, 3, Policies, POLICY_TOWN_CHARTERS, 261.0
58, 3, Policies, POLICY_TRAVELING_MERCHANTS, 21.0
58, 3, Policies, POLICY_PRESS_GANGS, 320.0
58, 3, Policies, POLICY_COLONIAL_OFFICES, 712.0
58, 3, Policies, POLICY_INVENTION, 37.0
58, 3, Policies, POLICY_FRESCOES, 17.0
58, 3, Policies, POLICY_MACHIAVELLIANISM, 211.0
58, 3, Policies, POLICY_RELIGIOUS_ORDERS, 20.0
58, 3, Policies, POLICY_SIMULTANEUM, 2997.0
58, 3, Policies, POLICY_TRIANGULAR_TRADE, 1089.0
58, 3, Policies, POLICY_RATIONALISM, 216.0
58, 3, Policies, POLICY_FREE_MARKET, 455.0
58, 3, Policies, POLICY_LIBERALISM, 1294.0
58, 3, Policies, POLICY_COLONIAL_TAXES, 1648.0
58, 3, Policies, POLICY_PUBLIC_WORKS, 41.0
58, 3, Policies, POLICY_NATIONAL_IDENTITY, 2.0
58, 3, Policies, POLICY_SYMPHONIES, 31.0
58, 3, Policies, POLICY_TOTAL_WAR, 3794.0
58, 3, Policies, POLICY_EXPROPRIATION, 641.0
58, 3, Policies, POLICY_MILITARY_RESEARCH, 1496.0
58, 3, Policies, POLICY_ECONOMIC_UNION, 7.0
58, 3, Policies, POLICY_PRAETORIUM, 867.0
58, 3, Policies, POLICY_CIVIL_PRESTIGE, 2248.0
58, 3, Policies, POLICY_WISSELBANKEN, 72.0
58, 3, Policies, POLICY_EQUESTRIAN_ORDERS, 66.0
58, 3, Policies, POLICY_EMPIRICAL_METHOD, 322.0
58, 2, Civic, CIVIC_NAVAL_TRADITION, 230.6, 1
58, 2, Civic, CIVIC_THE_ENLIGHTENMENT, 304.5, 3
58, 2, Civic, CIVIC_COLONIALISM, 1280.9, 4
58, 2, Civic, CIVIC_CIVIL_ENGINEERING, 270307.8, 2
58, 2, Civic, CIVIC_NATIONALISM, 238454.6, 6
58, 2, Civic, CIVIC_OPERA_BALLET, 485.6, 7
58, 2, Civic, CIVIC_NATURAL_HISTORY, 1541.6, 9
58, 2, Civic, CIVIC_SCORCHED_EARTH, 241345.8, 12
58, 2, Civic, CIVIC_URBANIZATION, 509982.1, 14
58, 2, Civic, CIVIC_CONSERVATION, 1962.0, 17
58, 2, Policies, POLICY_SURVEY, 37.0
58, 2, Policies, POLICY_URBAN_PLANNING, 147.0
58, 2, Policies, POLICY_CONSCRIPTION, 95.0
58, 2, Policies, POLICY_LAND_SURVEYORS, 142.0
58, 2, Policies, POLICY_COLONIZATION, 83.0
58, 2, Policies, POLICY_INSPIRATION, 20.0
58, 2, Policies, POLICY_CHARISMATIC_LEADER, 14.0
58, 2, Policies, POLICY_DIPLOMATIC_LEAGUE, 337.0
58, 2, Policies, POLICY_LITERARY_TRADITION, 15.0
58, 2, Policies, POLICY_RAID, 2940.0
58, 2, Policies, POLICY_LIMES, 639.0
58, 2, Policies, POLICY_NATURAL_PHILOSOPHY, 122.0
58, 2, Policies, POLICY_SCRIPTURE, 495.0
58, 2, Policies, POLICY_NAVAL_INFRASTRUCTURE, 94.0
58, 2, Policies, POLICY_NAVIGATION, 31.0
58, 2, Policies, POLICY_FEUDAL_CONTRACT, 27.0
58, 2, Policies, POLICY_RETAINERS, 252.0
58, 2, Policies, POLICY_PROFESSIONAL_ARMY, 108.0
58, 2, Policies, POLICY_TRADE_CONFEDERATION, 226.0
58, 2, Policies, POLICY_MERCHANT_CONFEDERATION, 125.0
58, 2, Policies, POLICY_TOWN_CHARTERS, 135.0
58, 2, Policies, POLICY_TRAVELING_MERCHANTS, 21.0
58, 2, Policies, POLICY_PRESS_GANGS, 79.0
58, 2, Policies, POLICY_COLONIAL_OFFICES, 690.0
58, 2, Policies, POLICY_INVENTION, 37.0
58, 2, Policies, POLICY_FRESCOES, 15.0
58, 2, Policies, POLICY_MACHIAVELLIANISM, 21.0
58, 2, Policies, POLICY_WARS_OF_RELIGION, 10.0
58, 2, Policies, POLICY_RELIGIOUS_ORDERS, 140.0
58, 2, Policies, POLICY_SIMULTANEUM, 741.0
58, 2, Policies, POLICY_LOGISTICS, 100.0
58, 2, Policies, POLICY_TRIANGULAR_TRADE, 333.0
58, 2, Policies, POLICY_RATIONALISM, 207.0
58, 2, Policies, POLICY_FREE_MARKET, 150.0
58, 2, Policies, POLICY_LIBERALISM, 294.0
58, 2, Policies, POLICY_COLONIAL_TAXES, 1251.0
58, 2, Policies, POLICY_PUBLIC_WORKS, 15.0
58, 2, Policies, POLICY_GRANDE_ARMEE, 27.0
58, 2, Policies, POLICY_SYMPHONIES, 31.0
58, 2, Policies, POLICY_TOTAL_WAR, 2940.0
58, 2, Policies, POLICY_EXPROPRIATION, 225.0
58, 2, Policies, POLICY_MILITARY_RESEARCH, 1036.0
58, 2, Policies, POLICY_ECONOMIC_UNION, 196.0
58, 2, Policies, POLICY_PRAETORIUM, 961.0
58, 2, Policies, POLICY_CIVIL_PRESTIGE, 1367.0
58, 2, Policies, POLICY_WISSELBANKEN, 415.0
58, 2, Policies, POLICY_FORCE_MODERNIZATION, 108.0
58, 2, Policies, POLICY_EMPIRICAL_METHOD, 145.0
58, 0, Civic, CIVIC_NAVAL_TRADITION, 178.6, 1
58, 0, Civic, CIVIC_DIPLOMATIC_SERVICE, 511.1, 2
58, 0, Civic, CIVIC_REFORMED_CHURCH, 837.7, 1
58, 0, Civic, CIVIC_THE_ENLIGHTENMENT, 1632.0, 4
58, 0, Civic, CIVIC_COLONIALISM, 1435.9, 4
58, 0, Civic, CIVIC_CIVIL_ENGINEERING, 517466.7, 1
58, 0, Civic, CIVIC_NATIONALISM, 427679.2, 7
58, 0, Civic, CIVIC_OPERA_BALLET, 1805.7, 8
58, 0, Civic, CIVIC_NATURAL_HISTORY, 2545.0, 9
58, 0, Civic, CIVIC_CONSERVATION, 1834.4, 16
58, 0, Policies, POLICY_SURVEY, 15.0
58, 0, Policies, POLICY_URBAN_PLANNING, 192.0
58, 0, Policies, POLICY_CONSCRIPTION, 51.0
58, 0, Policies, POLICY_LAND_SURVEYORS, 270.0
58, 0, Policies, POLICY_COLONIZATION, 115.0
58, 0, Policies, POLICY_INSPIRATION, 34.0
58, 0, Policies, POLICY_CHARISMATIC_LEADER, 14.0
58, 0, Policies, POLICY_DIPLOMATIC_LEAGUE, 337.0
58, 0, Policies, POLICY_LITERARY_TRADITION, 17.0
58, 0, Policies, POLICY_RAID, 3223.0
58, 0, Policies, POLICY_LIMES, 1042.0
58, 0, Policies, POLICY_NATURAL_PHILOSOPHY, 438.0
58, 0, Policies, POLICY_NAVAL_INFRASTRUCTURE, 42.0
58, 0, Policies, POLICY_NAVIGATION, 31.0
58, 0, Policies, POLICY_FEUDAL_CONTRACT, 64.0
58, 0, Policies, POLICY_RETAINERS, 560.0
58, 0, Policies, POLICY_PROFESSIONAL_ARMY, 39.0
58, 0, Policies, POLICY_TRADE_CONFEDERATION, 324.0
58, 0, Policies, POLICY_MERCHANT_CONFEDERATION, 187.0
58, 0, Policies, POLICY_TOWN_CHARTERS, 271.0
58, 0, Policies, POLICY_TRAVELING_MERCHANTS, 28.0
58, 0, Policies, POLICY_PRESS_GANGS, 41.0
58, 0, Policies, POLICY_COLONIAL_OFFICES, 873.0
58, 0, Policies, POLICY_INVENTION, 43.0
58, 0, Policies, POLICY_FRESCOES, 17.0
58, 0, Policies, POLICY_WARS_OF_RELIGION, 10.0
58, 0, Policies, POLICY_RELIGIOUS_ORDERS, 70.0
58, 0, Policies, POLICY_LOGISTICS, 47.0
58, 0, Policies, POLICY_TRIANGULAR_TRADE, 421.0
58, 0, Policies, POLICY_RATIONALISM, 393.0
58, 0, Policies, POLICY_FREE_MARKET, 306.0
58, 0, Policies, POLICY_LIBERALISM, 1143.0
58, 0, Policies, POLICY_COLONIAL_TAXES, 1312.0
58, 0, Policies, POLICY_PUBLIC_WORKS, 12.0
58, 0, Policies, POLICY_GRANDE_ARMEE, 64.0
58, 0, Policies, POLICY_NATIONAL_IDENTITY, 5.0
58, 0, Policies, POLICY_SYMPHONIES, 31.0
58, 0, Policies, POLICY_ECONOMIC_UNION, 246.0
58, 0, Policies, POLICY_PRAETORIUM, 1283.0
58, 0, Policies, POLICY_CIVIL_PRESTIGE, 2480.0
58, 0, Policies, POLICY_EQUESTRIAN_ORDERS, 10.0
58, 0, Policies, POLICY_DRILL_MANUALS, 95.0
58, 0, Policies, POLICY_HARD_SHELL_EXPLOSIVES, 21.0
58, 0, Policies, POLICY_EMPIRICAL_METHOD, 512.0
58, 2, Civic, CIVIC_NAVAL_TRADITION, 230.6, 1
58, 2, Civic, CIVIC_THE_ENLIGHTENMENT, 304.5, 3
58, 2, Civic, CIVIC_COLONIALISM, 1280.9, 4
58, 2, Civic, CIVIC_CIVIL_ENGINEERING, 270307.8, 2
58, 2, Civic, CIVIC_NATIONALISM, 238454.6, 6
58, 2, Civic, CIVIC_OPERA_BALLET, 485.6, 7
58, 2, Civic, CIVIC_NATURAL_HISTORY, 1541.6, 9
58, 2, Civic, CIVIC_SCORCHED_EARTH, 241345.8, 12
58, 2, Civic, CIVIC_URBANIZATION, 509982.1, 14
58, 2, Civic, CIVIC_CONSERVATION, 1962.0, 17
58, 2, Policies, POLICY_SURVEY, 37.0
58, 2, Policies, POLICY_URBAN_PLANNING, 147.0
58, 2, Policies, POLICY_CONSCRIPTION, 95.0
58, 2, Policies, POLICY_LAND_SURVEYORS, 142.0
58, 2, Policies, POLICY_COLONIZATION, 83.0
58, 2, Policies, POLICY_INSPIRATION, 20.0
58, 2, Policies, POLICY_CHARISMATIC_LEADER, 14.0
58, 2, Policies, POLICY_DIPLOMATIC_LEAGUE, 337.0
58, 2, Policies, POLICY_LITERARY_TRADITION, 15.0
58, 2, Policies, POLICY_RAID, 2940.0
58, 2, Policies, POLICY_LIMES, 639.0
58, 2, Policies, POLICY_NATURAL_PHILOSOPHY, 122.0
58, 2, Policies, POLICY_SCRIPTURE, 495.0
58, 2, Policies, POLICY_NAVAL_INFRASTRUCTURE, 94.0
58, 2, Policies, POLICY_NAVIGATION, 31.0
58, 2, Policies, POLICY_FEUDAL_CONTRACT, 27.0
58, 2, Policies, POLICY_RETAINERS, 252.0
58, 2, Policies, POLICY_PROFESSIONAL_ARMY, 108.0
58, 2, Policies, POLICY_TRADE_CONFEDERATION, 226.0
58, 2, Policies, POLICY_MERCHANT_CONFEDERATION, 125.0
58, 2, Policies, POLICY_TOWN_CHARTERS, 135.0
58, 2, Policies, POLICY_TRAVELING_MERCHANTS, 21.0
58, 2, Policies, POLICY_PRESS_GANGS, 79.0
58, 2, Policies, POLICY_COLONIAL_OFFICES, 690.0
58, 2, Policies, POLICY_INVENTION, 37.0
58, 2, Policies, POLICY_FRESCOES, 15.0
58, 2, Policies, POLICY_MACHIAVELLIANISM, 21.0
58, 2, Policies, POLICY_WARS_OF_RELIGION, 10.0
58, 2, Policies, POLICY_RELIGIOUS_ORDERS, 140.0
58, 2, Policies, POLICY_SIMULTANEUM, 741.0
58, 2, Policies, POLICY_LOGISTICS, 100.0
58, 2, Policies, POLICY_TRIANGULAR_TRADE, 333.0
58, 2, Policies, POLICY_RATIONALISM, 207.0
58, 2, Policies, POLICY_FREE_MARKET, 150.0
58, 2, Policies, POLICY_LIBERALISM, 294.0
58, 2, Policies, POLICY_COLONIAL_TAXES, 1251.0
58, 2, Policies, POLICY_PUBLIC_WORKS, 15.0
58, 2, Policies, POLICY_GRANDE_ARMEE, 27.0
58, 2, Policies, POLICY_SYMPHONIES, 31.0
58, 2, Policies, POLICY_TOTAL_WAR, 2940.0
58, 2, Policies, POLICY_EXPROPRIATION, 225.0
58, 2, Policies, POLICY_MILITARY_RESEARCH, 1036.0
58, 2, Policies, POLICY_ECONOMIC_UNION, 196.0
58, 2, Policies, POLICY_PRAETORIUM, 961.0
58, 2, Policies, POLICY_CIVIL_PRESTIGE, 1367.0
58, 2, Policies, POLICY_WISSELBANKEN, 415.0
58, 2, Policies, POLICY_FORCE_MODERNIZATION, 108.0
58, 2, Policies, POLICY_EMPIRICAL_METHOD, 145.0
58, 0, Civic, CIVIC_NAVAL_TRADITION, 178.6, 1
58, 0, Civic, CIVIC_DIPLOMATIC_SERVICE, 511.1, 2
58, 0, Civic, CIVIC_REFORMED_CHURCH, 837.7, 1
58, 0, Civic, CIVIC_THE_ENLIGHTENMENT, 1632.0, 4
58, 0, Civic, CIVIC_COLONIALISM, 1435.9, 4
58, 0, Civic, CIVIC_CIVIL_ENGINEERING, 517466.7, 1
58, 0, Civic, CIVIC_NATIONALISM, 427679.2, 7
58, 0, Civic, CIVIC_OPERA_BALLET, 1805.7, 8
58, 0, Civic, CIVIC_NATURAL_HISTORY, 2545.0, 9
58, 0, Civic, CIVIC_CONSERVATION, 1834.4, 16
58, 0, Policies, POLICY_SURVEY, 15.0
58, 0, Policies, POLICY_URBAN_PLANNING, 192.0
58, 0, Policies, POLICY_CONSCRIPTION, 51.0
58, 0, Policies, POLICY_LAND_SURVEYORS, 270.0
58, 0, Policies, POLICY_COLONIZATION, 115.0
58, 0, Policies, POLICY_INSPIRATION, 34.0
58, 0, Policies, POLICY_CHARISMATIC_LEADER, 14.0
58, 0, Policies, POLICY_DIPLOMATIC_LEAGUE, 337.0
58, 0, Policies, POLICY_LITERARY_TRADITION, 17.0
58, 0, Policies, POLICY_RAID, 3223.0
58, 0, Policies, POLICY_LIMES, 1042.0
58, 0, Policies, POLICY_NATURAL_PHILOSOPHY, 438.0
58, 0, Policies, POLICY_NAVAL_INFRASTRUCTURE, 42.0
58, 0, Policies, POLICY_NAVIGATION, 31.0
58, 0, Policies, POLICY_FEUDAL_CONTRACT, 64.0
58, 0, Policies, POLICY_RETAINERS, 560.0
58, 0, Policies, POLICY_PROFESSIONAL_ARMY, 39.0
58, 0, Policies, POLICY_TRADE_CONFEDERATION, 324.0
58, 0, Policies, POLICY_MERCHANT_CONFEDERATION, 187.0
58, 0, Policies, POLICY_TOWN_CHARTERS, 271.0
58, 0, Policies, POLICY_TRAVELING_MERCHANTS, 28.0
58, 0, Policies, POLICY_PRESS_GANGS, 41.0
58, 0, Policies, POLICY_COLONIAL_OFFICES, 873.0
58, 0, Policies, POLICY_INVENTION, 43.0
58, 0, Policies, POLICY_FRESCOES, 17.0
58, 0, Policies, POLICY_WARS_OF_RELIGION, 10.0
58, 0, Policies, POLICY_RELIGIOUS_ORDERS, 70.0
58, 0, Policies, POLICY_LOGISTICS, 47.0
58, 0, Policies, POLICY_TRIANGULAR_TRADE, 421.0
58, 0, Policies, POLICY_RATIONALISM, 393.0
58, 0, Policies, POLICY_FREE_MARKET, 306.0
58, 0, Policies, POLICY_LIBERALISM, 1143.0
58, 0, Policies, POLICY_COLONIAL_TAXES, 1312.0
58, 0, Policies, POLICY_PUBLIC_WORKS, 12.0
58, 0, Policies, POLICY_GRANDE_ARMEE, 64.0
58, 0, Policies, POLICY_NATIONAL_IDENTITY, 5.0
58, 0, Policies, POLICY_SYMPHONIES, 31.0
58, 0, Policies, POLICY_ECONOMIC_UNION, 246.0
58, 0, Policies, POLICY_PRAETORIUM, 1283.0
58, 0, Policies, POLICY_CIVIL_PRESTIGE, 2480.0
58, 0, Policies, POLICY_EQUESTRIAN_ORDERS, 10.0
58, 0, Policies, POLICY_DRILL_MANUALS, 95.0
58, 0, Policies, POLICY_HARD_SHELL_EXPLOSIVES, 21.0
58, 0, Policies, POLICY_EMPIRICAL_METHOD, 512.0
59, 4, Completed Civic, CIVIC_SCORCHED_EARTH
59, 4, Slot Policy, POLICY_TOTAL_WAR, 3315
59, 4, Slot Policy, POLICY_LIBERALISM, 853
59, 4, Slot Policy, POLICY_PRAETORIUM, 2161
59, 4, Slot Policy, POLICY_COLONIAL_OFFICES, 1349
59, 4, Slot Policy, POLICY_LIMES, 854
59, 4, Slot Policy, POLICY_CIVIL_PRESTIGE, 2524
59, 4, Slot Policy, POLICY_RETAINERS, 674
59, 4, Civic, CIVIC_NAVAL_TRADITION, 144.6, 1
59, 4, Civic, CIVIC_REFORMED_CHURCH, 859.0, 1
59, 4, Civic, CIVIC_COLONIALISM, 1549.5, 3
59, 4, Civic, CIVIC_OPERA_BALLET, 188.7, 1
59, 4, Civic, CIVIC_NATURAL_HISTORY, 1836.8, 6
59, 4, Civic, CIVIC_URBANIZATION, 4478.8, 2
59, 4, Civic, CIVIC_CONSERVATION, 1976.2, 11
59, 4, Civic, CIVIC_MASS_MEDIA, 171857.8, 13
59, 4, Civic, CIVIC_MOBILIZATION, 207494.6, 7
59, 4, Policies, POLICY_SURVEY, 23.0
59, 4, Policies, POLICY_CONSCRIPTION, 66.0
59, 4, Policies, POLICY_INSPIRATION, 64.0
59, 4, Policies, POLICY_CHARISMATIC_LEADER, 14.0
59, 4, Policies, POLICY_DIPLOMATIC_LEAGUE, 225.0
59, 4, Policies, POLICY_LITERARY_TRADITION, 26.0
59, 4, Policies, POLICY_LIMES, 386.0
59, 4, Policies, POLICY_NAVIGATION, 31.0
59, 4, Policies, POLICY_RETAINERS, 218.0
59, 4, Policies, POLICY_PROFESSIONAL_ARMY, 38.0
59, 4, Policies, POLICY_TRADE_CONFEDERATION, 363.0
59, 4, Policies, POLICY_MERCHANT_CONFEDERATION, 325.0
59, 4, Policies, POLICY_AESTHETICS, 58.0
59, 4, Policies, POLICY_TRAVELING_MERCHANTS, 28.0
59, 4, Policies, POLICY_CHIVALRY, 245.0
59, 4, Policies, POLICY_COLONIAL_OFFICES, 1378.0
59, 4, Policies, POLICY_INVENTION, 200.0
59, 4, Policies, POLICY_FRESCOES, 52.0
59, 4, Policies, POLICY_MACHIAVELLIANISM, 129.0
59, 4, Policies, POLICY_RELIGIOUS_ORDERS, 100.0
59, 4, Policies, POLICY_LOGISTICS, 53.0
59, 4, Policies, POLICY_TRIANGULAR_TRADE, 410.0
59, 4, Policies, POLICY_RATIONALISM, 711.0
59, 4, Policies, POLICY_FREE_MARKET, 180.0
59, 4, Policies, POLICY_LIBERALISM, 459.0
59, 4, Policies, POLICY_COLONIAL_TAXES, 2084.0
59, 4, Policies, POLICY_PUBLIC_WORKS, 20.0
59, 4, Policies, POLICY_GRANDE_ARMEE, 239.0
59, 4, Policies, POLICY_NATIONAL_IDENTITY, 23.0
59, 4, Policies, POLICY_GRAND_OPERA, 144.0
59, 4, Policies, POLICY_SYMPHONIES, 47.0
59, 4, Policies, POLICY_TOTAL_WAR, 3505.0
59, 4, Policies, POLICY_EXPROPRIATION, 657.0
59, 4, Policies, POLICY_MILITARY_RESEARCH, 2198.0
59, 4, Policies, POLICY_PROPAGANDA, 73.0
59, 4, Policies, POLICY_LEVEE_EN_MASSE, 132.0
59, 4, Policies, POLICY_ECONOMIC_UNION, 174.0
59, 4, Policies, POLICY_MILITARY_FIRST, 239.0
59, 4, Policies, POLICY_PRAETORIUM, 2263.0
59, 4, Policies, POLICY_CIVIL_PRESTIGE, 2409.0
59, 4, Policies, POLICY_FORCE_MODERNIZATION, 38.0
59, 4, Policies, POLICY_EMPIRICAL_METHOD, 732.0
59, 4, Policies, POLICY_MASTER_ARTISANS, 350.0
59, 5, Completed Civic, CIVIC_DIVINE_RIGHT
59, 5, Government Change, GOVERNMENT_MONARCHY
59, 5, Slot Policy, POLICY_LOGISTICS, 350
59, 5, Slot Policy, POLICY_CONSCRIPTION, 228
59, 5, Slot Policy, POLICY_CIVIL_PRESTIGE, 766
59, 5, Slot Policy, POLICY_PRAETORIUM, 2370
59, 5, Slot Policy, POLICY_RAID, 3609
59, 5, Slot Policy, POLICY_DIPLOMATIC_LEAGUE, 225
59, 5, Slot Policy, POLICY_NATURAL_PHILOSOPHY, 259
59, 5, Slot Policy, POLICY_RETAINERS, 185
59, 5, Civic, CIVIC_NAVAL_TRADITION, 156.6, 1
59, 5, Civic, CIVIC_EXPLORATION, 2162.6, 2
59, 5, Civic, CIVIC_DIPLOMATIC_SERVICE, 511.1, 2
59, 5, Civic, CIVIC_REFORMED_CHURCH, 1302.8, 2
59, 5, Civic, CIVIC_THE_ENLIGHTENMENT, 780.8, 5
59, 5, Civic, CIVIC_COLONIALISM, 1271.5, 3
59, 5, Civic, CIVIC_CIVIL_ENGINEERING, 0.0, 4
59, 5, Civic, CIVIC_NATIONALISM, 780.8, 9
59, 5, Civic, CIVIC_OPERA_BALLET, 943.4, 8
59, 5, Civic, CIVIC_NATURAL_HISTORY, 1570.8, 7
59, 5, Civic, CIVIC_CONSERVATION, 1705.7, 17
59, 5, Policies, POLICY_SURVEY, 22.0
59, 5, Policies, POLICY_URBAN_PLANNING, 144.0
59, 5, Policies, POLICY_CONSCRIPTION, 206.0
59, 5, Policies, POLICY_LAND_SURVEYORS, 9.0
59, 5, Policies, POLICY_COLONIZATION, 21.0
59, 5, Policies, POLICY_INSPIRATION, 29.0
59, 5, Policies, POLICY_CHARISMATIC_LEADER, 14.0
59, 5, Policies, POLICY_DIPLOMATIC_LEAGUE, 337.0
59, 5, Policies, POLICY_LITERARY_TRADITION, 17.0
59, 5, Policies, POLICY_RAID, 3706.0
59, 5, Policies, POLICY_BASTIONS, 36.0
59, 5, Policies, POLICY_NATURAL_PHILOSOPHY, 213.0
59, 5, Policies, POLICY_SCRIPTURE, 102.0
59, 5, Policies, POLICY_NAVIGATION, 31.0
59, 5, Policies, POLICY_RETAINERS, 324.0
59, 5, Policies, POLICY_PROFESSIONAL_ARMY, 128.0
59, 5, Policies, POLICY_TRADE_CONFEDERATION, 126.0
59, 5, Policies, POLICY_MERCHANT_CONFEDERATION, 99.0
59, 5, Policies, POLICY_CRAFTSMEN, 86.0
59, 5, Policies, POLICY_TOWN_CHARTERS, 38.0
59, 5, Policies, POLICY_TRAVELING_MERCHANTS, 21.0
59, 5, Policies, POLICY_CHIVALRY, 18.0
59, 5, Policies, POLICY_COLONIAL_OFFICES, 1350.0
59, 5, Policies, POLICY_INVENTION, 84.0
59, 5, Policies, POLICY_FRESCOES, 17.0
59, 5, Policies, POLICY_MACHIAVELLIANISM, 53.0
59, 5, Policies, POLICY_WARS_OF_RELIGION, 10.0
59, 5, Policies, POLICY_RELIGIOUS_ORDERS, 260.0
59, 5, Policies, POLICY_SIMULTANEUM, 55.0
59, 5, Policies, POLICY_LOGISTICS, 305.0
59, 5, Policies, POLICY_TRIANGULAR_TRADE, 104.0
59, 5, Policies, POLICY_RATIONALISM, 348.0
59, 5, Policies, POLICY_FREE_MARKET, 54.0
59, 5, Policies, POLICY_LIBERALISM, 688.0
59, 5, Policies, POLICY_COLONIAL_TAXES, 1294.0
59, 5, Policies, POLICY_SYMPHONIES, 31.0
59, 5, Policies, POLICY_PRAETORIUM, 2380.0
59, 5, Policies, POLICY_CIVIL_PRESTIGE, 2404.0
59, 5, Policies, POLICY_EQUESTRIAN_ORDERS, 31.0
59, 5, Policies, POLICY_DRILL_MANUALS, 75.0
59, 6, Completed Civic, CIVIC_MERCANTILISM
59, 6, Slot Policy, POLICY_RETAINERS, 500
59, 6, Slot Policy, POLICY_RAID, 3926
59, 6, Slot Policy, POLICY_CIVIL_PRESTIGE, 2659
59, 6, Slot Policy, POLICY_DIPLOMATIC_LEAGUE, 337
59, 6, Slot Policy, POLICY_PRAETORIUM, 2612
59, 6, Slot Policy, POLICY_LIBERALISM, 514
59, 6, Slot Policy, POLICY_SCRIPTURE, 438
59, 6, Civic, CIVIC_NAVAL_TRADITION, 156.6, 1
59, 6, Civic, CIVIC_EXPLORATION, 2322.8, 1
59, 6, Civic, CIVIC_REFORMED_CHURCH, 2571.3, 1
59, 6, Civic, CIVIC_COLONIALISM, 1463.5, 3
59, 6, Civic, CIVIC_CIVIL_ENGINEERING, 31301.8, 2
59, 6, Civic, CIVIC_OPERA_BALLET, 1112.6, 2
59, 6, Civic, CIVIC_NATURAL_HISTORY, 1786.2, 5
59, 6, Civic, CIVIC_SCORCHED_EARTH, 3755.5, 2
59, 6, Civic, CIVIC_URBANIZATION, 32234.8, 4
59, 6, Civic, CIVIC_CONSERVATION, 1959.0, 10
59, 6, Civic, CIVIC_MASS_MEDIA, 55282.5, 14
59, 6, Civic, CIVIC_MOBILIZATION, 61111.7, 9
59, 6, Policies, POLICY_SURVEY, 59.0
59, 6, Policies, POLICY_CONSCRIPTION, 206.0
59, 6, Policies, POLICY_LAND_SURVEYORS, 332.5
59, 6, Policies, POLICY_COLONIZATION, 5.0
59, 6, Policies, POLICY_INSPIRATION, 72.0
59, 6, Policies, POLICY_CHARISMATIC_LEADER, 14.0
59, 6, Policies, POLICY_DIPLOMATIC_LEAGUE, 337.0
59, 6, Policies, POLICY_LITERARY_TRADITION, 58.0
59, 6, Policies, POLICY_RAID, 4031.0
59, 6, Policies, POLICY_BASTIONS, 42.0
59, 6, Policies, POLICY_LIMES, 369.0
59, 6, Policies, POLICY_NATURAL_PHILOSOPHY, 220.0
59, 6, Policies, POLICY_SCRIPTURE, 438.0
59, 6, Policies, POLICY_NAVIGATION, 31.0
59, 6, Policies, POLICY_RETAINERS, 242.0
59, 6, Policies, POLICY_PROFESSIONAL_ARMY, 21.0
59, 6, Policies, POLICY_TRADE_CONFEDERATION, 102.0
59, 6, Policies, POLICY_MERCHANT_CONFEDERATION, 176.0
59, 6, Policies, POLICY_AESTHETICS, 86.0
59, 6, Policies, POLICY_TOWN_CHARTERS, 41.0
59, 6, Policies, POLICY_TRAVELING_MERCHANTS, 29.0
59, 6, Policies, POLICY_PRESS_GANGS, 30.0
59, 6, Policies, POLICY_COLONIAL_OFFICES, 1748.0
59, 6, Policies, POLICY_INVENTION, 131.0
59, 6, Policies, POLICY_FRESCOES, 58.0
59, 6, Policies, POLICY_RELIGIOUS_ORDERS, 190.0
59, 6, Policies, POLICY_SIMULTANEUM, 1296.0
59, 6, Policies, POLICY_LOGISTICS, 158.0
59, 6, Policies, POLICY_TRIANGULAR_TRADE, 129.0
59, 6, Policies, POLICY_RATIONALISM, 484.0
59, 6, Policies, POLICY_FREE_MARKET, 120.0
59, 6, Policies, POLICY_LIBERALISM, 256.0
59, 6, Policies, POLICY_COLONIAL_TAXES, 1714.0
59, 6, Policies, POLICY_PUBLIC_WORKS, 6.0
59, 6, Policies, POLICY_GRAND_OPERA, 476.0
59, 6, Policies, POLICY_SYMPHONIES, 110.0
59, 6, Policies, POLICY_TOTAL_WAR, 4031.0
59, 6, Policies, POLICY_EXPROPRIATION, 337.5
59, 6, Policies, POLICY_MILITARY_RESEARCH, 1056.0
59, 6, Policies, POLICY_LEVEE_EN_MASSE, 405.0
59, 6, Policies, POLICY_ECONOMIC_UNION, 29.0
59, 6, Policies, POLICY_PRAETORIUM, 2749.0
59, 6, Policies, POLICY_CIVIL_PRESTIGE, 1917.0
59, 6, Policies, POLICY_DRILL_MANUALS, 87.0
59, 6, Policies, POLICY_FORCE_MODERNIZATION, 21.0
59, 6, Policies, POLICY_EMPIRICAL_METHOD, 203.0
59, 7, Completed Civic, CIVIC_URBANIZATION
59, 7, Slot Policy, POLICY_TOTAL_WAR, 4109
59, 7, Slot Policy, POLICY_MILITARY_RESEARCH, 2060
59, 7, Slot Policy, POLICY_CIVIL_PRESTIGE, 2513
59, 7, Slot Policy, POLICY_PRAETORIUM, 2585
59, 7, Slot Policy, POLICY_RETAINERS, 458
59, 7, Slot Policy, POLICY_LIBERALISM, 421
59, 7, Civic, CIVIC_NAVAL_TRADITION, 144.6, 1
59, 7, Civic, CIVIC_MERCENARIES, 144.6, 1
59, 7, Civic, CIVIC_DIVINE_RIGHT, 2928.8, 1
59, 7, Civic, CIVIC_EXPLORATION, 2502.5, 2
59, 7, Civic, CIVIC_REFORMED_CHURCH, 4163.7, 2
59, 7, Civic, CIVIC_COLONIALISM, 1439.6, 1
59, 7, Civic, CIVIC_OPERA_BALLET, 1396.8, 2
59, 7, Civic, CIVIC_NATURAL_HISTORY, 1785.3, 2
59, 7, Civic, CIVIC_CONSERVATION, 1952.2, 6
59, 7, Civic, CIVIC_MASS_MEDIA, 121643.4, 6
59, 7, Civic, CIVIC_MOBILIZATION, 135477.8, 2
59, 7, Policies, POLICY_SURVEY, 77.0
59, 7, Policies, POLICY_CONSCRIPTION, 250.0
59, 7, Policies, POLICY_INSPIRATION, 80.0
59, 7, Policies, POLICY_CHARISMATIC_LEADER, 14.0
59, 7, Policies, POLICY_DIPLOMATIC_LEAGUE, 225.0
59, 7, Policies, POLICY_LITERARY_TRADITION, 58.0
59, 7, Policies, POLICY_LIMES, 112.0
59, 7, Policies, POLICY_SCRIPTURE, 174.0
59, 7, Policies, POLICY_NAVIGATION, 31.0
59, 7, Policies, POLICY_RETAINERS, 70.0
59, 7, Policies, POLICY_TRADE_CONFEDERATION, 61.0
59, 7, Policies, POLICY_MERCHANT_CONFEDERATION, 149.0
59, 7, Policies, POLICY_AESTHETICS, 85.0
59, 7, Policies, POLICY_TRAVELING_MERCHANTS, 29.0
59, 7, Policies, POLICY_COLONIAL_OFFICES, 1630.0
59, 7, Policies, POLICY_INVENTION, 81.0
59, 7, Policies, POLICY_FRESCOES, 58.0
59, 7, Policies, POLICY_WARS_OF_RELIGION, 10.0
59, 7, Policies, POLICY_RELIGIOUS_ORDERS, 330.0
59, 7, Policies, POLICY_SIMULTANEUM, 138.0
59, 7, Policies, POLICY_LOGISTICS, 328.0
59, 7, Policies, POLICY_TRIANGULAR_TRADE, 58.0
59, 7, Policies, POLICY_RATIONALISM, 388.0
59, 7, Policies, POLICY_LIBERALISM, 84.0
59, 7, Policies, POLICY_COLONIAL_TAXES, 1742.0
59, 7, Policies, POLICY_PUBLIC_WORKS, 5.0
59, 7, Policies, POLICY_GRAND_OPERA, 66.0
59, 7, Policies, POLICY_SYMPHONIES, 110.0
59, 7, Policies, POLICY_TOTAL_WAR, 4214.0
59, 7, Policies, POLICY_EXPROPRIATION, 318.0
59, 7, Policies, POLICY_MILITARY_RESEARCH, 1975.0
59, 7, Policies, POLICY_LEVEE_EN_MASSE, 500.0
59, 7, Policies, POLICY_PRAETORIUM, 2616.0
59, 7, Policies, POLICY_CIVIL_PRESTIGE, 1382.0
59, 7, Policies, POLICY_DRILL_MANUALS, 118.0
59, 7, Policies, POLICY_FORCE_MODERNIZATION, 96.0
59, 7, Policies, POLICY_EMPIRICAL_METHOD, 131.0
59, 8, Completed Civic, CIVIC_THE_ENLIGHTENMENT
59, 8, Slot Policy, POLICY_CONSCRIPTION, 441
59, 8, Slot Policy, POLICY_RAID, 3926
59, 8, Slot Policy, POLICY_CIVIL_PRESTIGE, 1024
59, 8, Slot Policy, POLICY_DIPLOMATIC_LEAGUE, 337
59, 8, Slot Policy, POLICY_PRAETORIUM, 3199
59, 8, Slot Policy, POLICY_MONASTICISM, 4318
59, 8, Slot Policy, POLICY_SCRIPTURE, 351
59, 8, Civic, CIVIC_NAVAL_TRADITION, 156.6, 1
59, 8, Civic, CIVIC_MERCENARIES, 156.6, 1
59, 8, Civic, CIVIC_EXPLORATION, 2748.5, 2
59, 8, Civic, CIVIC_REFORMED_CHURCH, 1508.4, 1
59, 8, Civic, CIVIC_COLONIALISM, 1747.5, 3
59, 8, Civic, CIVIC_NATIONALISM, 13332.5, 2
59, 8, Civic, CIVIC_OPERA_BALLET, 210.6, 2
59, 8, Civic, CIVIC_NATURAL_HISTORY, 2074.4, 5
59, 8, Civic, CIVIC_SCORCHED_EARTH, 17067.1, 5
59, 8, Civic, CIVIC_URBANIZATION, 15140.6, 5
59, 8, Civic, CIVIC_CONSERVATION, 2239.8, 11
59, 8, Civic, CIVIC_MASS_MEDIA, 25420.2, 16
59, 8, Civic, CIVIC_MOBILIZATION, 27694.4, 14
59, 8, Policies, POLICY_SURVEY, 14.0
59, 8, Policies, POLICY_CONSCRIPTION, 427.0
59, 8, Policies, POLICY_LAND_SURVEYORS, 220.0
59, 8, Policies, POLICY_COLONIZATION, 10.0
59, 8, Policies, POLICY_INSPIRATION, 64.0
59, 8, Policies, POLICY_CHARISMATIC_LEADER, 14.0
59, 8, Policies, POLICY_DIPLOMATIC_LEAGUE, 337.0
59, 8, Policies, POLICY_LITERARY_TRADITION, 26.0
59, 8, Policies, POLICY_RAID, 4214.0
59, 8, Policies, POLICY_SCRIPTURE, 350.0
59, 8, Policies, POLICY_NAVIGATION, 23.0
59, 8, Policies, POLICY_RETAINERS, 70.0
59, 8, Policies, POLICY_TRADE_CONFEDERATION, 54.0
59, 8, Policies, POLICY_MERCHANT_CONFEDERATION, 108.0
59, 8, Policies, POLICY_AESTHETICS, 58.0
59, 8, Policies, POLICY_TRAVELING_MERCHANTS, 21.0
59, 8, Policies, POLICY_COLONIAL_OFFICES, 1807.0
59, 8, Policies, POLICY_INVENTION, 97.0
59, 8, Policies, POLICY_FRESCOES, 26.0
59, 8, Policies, POLICY_WARS_OF_RELIGION, 10.0
59, 8, Policies, POLICY_RELIGIOUS_ORDERS, 340.0
59, 8, Policies, POLICY_SIMULTANEUM, 480.0
59, 8, Policies, POLICY_LOGISTICS, 495.0
59, 8, Policies, POLICY_TRIANGULAR_TRADE, 62.0
59, 8, Policies, POLICY_RATIONALISM, 96.0
59, 8, Policies, POLICY_LIBERALISM, 217.0
59, 8, Policies, POLICY_COLONIAL_TAXES, 1922.0
59, 8, Policies, POLICY_GRAND_OPERA, 149.0
59, 8, Policies, POLICY_SYMPHONIES, 47.0
59, 8, Policies, POLICY_TOTAL_WAR, 4214.0
59, 8, Policies, POLICY_EXPROPRIATION, 230.0
59, 8, Policies, POLICY_MILITARY_RESEARCH, 1916.0
59, 8, Policies, POLICY_LEVEE_EN_MASSE, 854.0
59, 8, Policies, POLICY_PRAETORIUM, 3200.0
59, 8, Policies, POLICY_CIVIL_PRESTIGE, 1102.0
59, 8, Policies, POLICY_MONASTICISM, 3753.0
59, 8, Policies, POLICY_TWILIGHT_VALOR, 590.0
59, 8, Policies, POLICY_ISOLATIONISM, 336.0
59, 8, Policies, POLICY_EMPIRICAL_METHOD, 72.0
59, 8, Policies, POLICY_MASTER_ARTISANS, 44.0
59, 9, Completed Civic, CIVIC_CIVIL_ENGINEERING
59, 9, Government Change, GOVERNMENT_CLASSICAL_REPUBLIC
59, 9, Slot Policy, POLICY_CIVIL_PRESTIGE, 1291
59, 9, Slot Policy, POLICY_SCRIPTURE, 320
59, 9, Slot Policy, POLICY_DIPLOMATIC_LEAGUE, 225
59, 9, Slot Policy, POLICY_RAID, 4034
59, 9, Slot Policy, POLICY_URBAN_PLANNING, 147
59, 9, Civic, CIVIC_NAVAL_TRADITION, 144.6, 1
59, 9, Civic, CIVIC_MERCENARIES, 144.6, 1
59, 9, Civic, CIVIC_DIVINE_RIGHT, 2087.4, 1
59, 9, Civic, CIVIC_EXPLORATION, 2445.5, 2
59, 9, Civic, CIVIC_DIPLOMATIC_SERVICE, 511.1, 2
59, 9, Civic, CIVIC_REFORMED_CHURCH, 3487.4, 2
59, 9, Civic, CIVIC_THE_ENLIGHTENMENT, 1267.0, 4
59, 9, Civic, CIVIC_COLONIALISM, 1482.5, 3
59, 9, Civic, CIVIC_NATIONALISM, 1267.0, 7
59, 9, Civic, CIVIC_OPERA_BALLET, 1417.2, 7
59, 9, Civic, CIVIC_NATURAL_HISTORY, 1769.8, 6
59, 9, Civic, CIVIC_CONSERVATION, 1895.3, 14
59, 9, Policies, POLICY_SURVEY, 14.0
59, 9, Policies, POLICY_URBAN_PLANNING, 147.0
59, 9, Policies, POLICY_CONSCRIPTION, 220.0
59, 9, Policies, POLICY_LAND_SURVEYORS, 63.0
59, 9, Policies, POLICY_COLONIZATION, 40.0
59, 9, Policies, POLICY_INSPIRATION, 42.0
59, 9, Policies, POLICY_CHARISMATIC_LEADER, 14.0
59, 9, Policies, POLICY_DIPLOMATIC_LEAGUE, 225.0
59, 9, Policies, POLICY_LITERARY_TRADITION, 17.0
59, 9, Policies, POLICY_RAID, 4331.0
59, 9, Policies, POLICY_LIMES, 72.0
59, 9, Policies, POLICY_SCRIPTURE, 160.0
59, 9, Policies, POLICY_NAVIGATION, 15.0
59, 9, Policies, POLICY_RETAINERS, 276.0
59, 9, Policies, POLICY_PROFESSIONAL_ARMY, 190.0
59, 9, Policies, POLICY_TRADE_CONFEDERATION, 67.0
59, 9, Policies, POLICY_MERCHANT_CONFEDERATION, 111.0
59, 9, Policies, POLICY_AESTHETICS, 14.0
59, 9, Policies, POLICY_TRAVELING_MERCHANTS, 21.0
59, 9, Policies, POLICY_CHIVALRY, 14.0
59, 9, Policies, POLICY_COLONIAL_OFFICES, 1485.0
59, 9, Policies, POLICY_INVENTION, 64.0
59, 9, Policies, POLICY_FRESCOES, 18.0
59, 9, Policies, POLICY_MACHIAVELLIANISM, 61.0
59, 9, Policies, POLICY_RELIGIOUS_ORDERS, 260.0
59, 9, Policies, POLICY_SIMULTANEUM, 135.0
59, 9, Policies, POLICY_LOGISTICS, 288.0
59, 9, Policies, POLICY_TRIANGULAR_TRADE, 61.0
59, 9, Policies, POLICY_RATIONALISM, 129.0
59, 9, Policies, POLICY_LIBERALISM, 363.0
59, 9, Policies, POLICY_COLONIAL_TAXES, 1609.0
59, 9, Policies, POLICY_GRAND_OPERA, 91.0
59, 9, Policies, POLICY_SYMPHONIES, 31.0
59, 9, Policies, POLICY_PRAETORIUM, 2634.0
59, 9, Policies, POLICY_CIVIL_PRESTIGE, 1506.0
59, 9, Policies, POLICY_DRILL_MANUALS, 68.0
59, 9, Policies, POLICY_EMPIRICAL_METHOD, 72.0
59, 9, Policies, POLICY_MASTER_ARTISANS, 58.0
59, 10, Civic, CIVIC_NAVAL_TRADITION, 88.2, 14
59, 10, Civic, CIVIC_EXPLORATION, 249.9, 1
59, 10, Civic, CIVIC_REFORMED_CHURCH, 170.2, 41
59, 10, Civic, CIVIC_COLONIALISM, 0.0, 79
59, 10, Civic, CIVIC_CIVIL_ENGINEERING, 140.7, 1
59, 10, Civic, CIVIC_NATIONALISM, 0.0, 101
59, 10, Civic, CIVIC_OPERA_BALLET, 0.0, 79
59, 10, Civic, CIVIC_NATURAL_HISTORY, 0.0, 184
59, 10, Civic, CIVIC_SCORCHED_EARTH, 0.0, 223
59, 10, Civic, CIVIC_URBANIZATION, 140.7, 224
59, 10, Civic, CIVIC_CONSERVATION, 0.0, 341
59, 10, Civic, CIVIC_MASS_MEDIA, 140.7, 565
59, 10, Civic, CIVIC_MOBILIZATION, 140.7, 503
59, 10, Policies, POLICY_CONSCRIPTION, 66.0
59, 10, Policies, POLICY_CHARISMATIC_LEADER, 14.0
59, 10, Policies, POLICY_BASTIONS, 6.0
59, 10, Policies, POLICY_LIMES, 68.0
59, 10, Policies, POLICY_RETAINERS, 14.0
59, 10, Policies, POLICY_TRADE_CONFEDERATION, 28.0
59, 10, Policies, POLICY_COLONIAL_OFFICES, 64.0
59, 10, Policies, POLICY_WARS_OF_RELIGION, 10.0
59, 10, Policies, POLICY_RELIGIOUS_ORDERS, 90.0
59, 10, Policies, POLICY_LOGISTICS, 82.0
59, 10, Policies, POLICY_TRIANGULAR_TRADE, 43.0
59, 10, Policies, POLICY_PRAETORIUM, 32.0
59, 10, Policies, POLICY_CIVIL_PRESTIGE, 172.0
59, 10, Policies, POLICY_SOVEREIGN_STATE, 90.0
59, 12, Civic, CIVIC_NAVAL_TRADITION, 88.2, 14
59, 12, Civic, CIVIC_MERCENARIES, 152.6, 1
59, 12, Civic, CIVIC_EXPLORATION, 365.6, 2
59, 12, Civic, CIVIC_REFORMED_CHURCH, 88.9, 42
59, 12, Civic, CIVIC_COLONIALISM, 0.0, 81
59, 12, Civic, CIVIC_CIVIL_ENGINEERING, 140.7, 1
59, 12, Civic, CIVIC_NATIONALISM, 0.0, 104
59, 12, Civic, CIVIC_OPERA_BALLET, 0.0, 81
59, 12, Civic, CIVIC_NATURAL_HISTORY, 0.0, 190
59, 12, Civic, CIVIC_SCORCHED_EARTH, 0.0, 230
59, 12, Civic, CIVIC_URBANIZATION, 140.7, 231
59, 12, Civic, CIVIC_CONSERVATION, 0.0, 352
59, 12, Civic, CIVIC_MASS_MEDIA, 140.7, 583
59, 12, Civic, CIVIC_MOBILIZATION, 140.7, 519
59, 12, Policies, POLICY_CONSCRIPTION, 29.0
59, 12, Policies, POLICY_CHARISMATIC_LEADER, 14.0
59, 12, Policies, POLICY_RAID, 19.0
59, 12, Policies, POLICY_BASTIONS, 6.0
59, 12, Policies, POLICY_LIMES, 76.0
59, 12, Policies, POLICY_NATURAL_PHILOSOPHY, 28.0
59, 12, Policies, POLICY_FEUDAL_CONTRACT, 1.0
59, 12, Policies, POLICY_TRADE_CONFEDERATION, 28.0
59, 12, Policies, POLICY_COLONIAL_OFFICES, 45.0
59, 12, Policies, POLICY_LOGISTICS, 34.0
59, 12, Policies, POLICY_TRIANGULAR_TRADE, 43.0
59, 12, Policies, POLICY_LIBERALISM, 95.0
59, 12, Policies, POLICY_PRAETORIUM, 32.0
59, 12, Policies, POLICY_CIVIL_PRESTIGE, 155.0
59, 12, Policies, POLICY_EQUESTRIAN_ORDERS, 75.0
59, 12, Policies, POLICY_SOVEREIGN_STATE, 90.0
59, 12, Policies, POLICY_EMPIRICAL_METHOD, 29.0
59, 13, Civic, CIVIC_NAVAL_TRADITION, 96.2, 14
59, 13, Civic, CIVIC_MERCENARIES, 152.6, 1
59, 13, Civic, CIVIC_EXPLORATION, 381.6, 2
59, 13, Civic, CIVIC_REFORMED_CHURCH, 100.7, 41
59, 13, Civic, CIVIC_COLONIALISM, 0.0, 79
59, 13, Civic, CIVIC_CIVIL_ENGINEERING, 140.7, 1
59, 13, Civic, CIVIC_NATIONALISM, 0.0, 101
59, 13, Civic, CIVIC_OPERA_BALLET, 0.0, 79
59, 13, Civic, CIVIC_NATURAL_HISTORY, 0.0, 184
59, 13, Civic, CIVIC_SCORCHED_EARTH, 0.0, 223
59, 13, Civic, CIVIC_URBANIZATION, 140.7, 224
59, 13, Civic, CIVIC_CONSERVATION, 0.0, 341
59, 13, Civic, CIVIC_MASS_MEDIA, 140.7, 565
59, 13, Civic, CIVIC_MOBILIZATION, 140.7, 503
59, 13, Policies, POLICY_CONSCRIPTION, 36.0
59, 13, Policies, POLICY_CHARISMATIC_LEADER, 14.0
59, 13, Policies, POLICY_BASTIONS, 6.0
59, 13, Policies, POLICY_LIMES, 87.0
59, 13, Policies, POLICY_NAVAL_INFRASTRUCTURE, 28.0
59, 13, Policies, POLICY_RETAINERS, 14.0
59, 13, Policies, POLICY_TRADE_CONFEDERATION, 28.0
59, 13, Policies, POLICY_COLONIAL_OFFICES, 42.0
59, 13, Policies, POLICY_LOGISTICS, 40.0
59, 13, Policies, POLICY_TRIANGULAR_TRADE, 43.0
59, 13, Policies, POLICY_LIBERALISM, 14.0
59, 13, Policies, POLICY_ECONOMIC_UNION, 29.0
59, 13, Policies, POLICY_PRAETORIUM, 23.0
59, 13, Policies, POLICY_CIVIL_PRESTIGE, 121.0
59, 13, Policies, POLICY_SOVEREIGN_STATE, 90.0
59, 14, Civic, CIVIC_NAVAL_TRADITION, 96.2, 14
59, 14, Civic, CIVIC_MERCENARIES, 182.6, 1
59, 14, Civic, CIVIC_EXPLORATION, 380.5, 2
59, 14, Civic, CIVIC_REFORMED_CHURCH, 77.9, 43
59, 14, Civic, CIVIC_COLONIALISM, 0.0, 83
59, 14, Civic, CIVIC_CIVIL_ENGINEERING, 140.7, 1
59, 14, Civic, CIVIC_NATIONALISM, 0.0, 106
59, 14, Civic, CIVIC_OPERA_BALLET, 0.0, 83
59, 14, Civic, CIVIC_NATURAL_HISTORY, 0.0, 194
59, 14, Civic, CIVIC_SCORCHED_EARTH, 0.0, 234
59, 14, Civic, CIVIC_URBANIZATION, 140.7, 235
59, 14, Civic, CIVIC_CONSERVATION, 0.0, 359
59, 14, Civic, CIVIC_MASS_MEDIA, 140.7, 594
59, 14, Civic, CIVIC_MOBILIZATION, 140.7, 528
59, 14, Policies, POLICY_CONSCRIPTION, 7.0
59, 14, Policies, POLICY_CHARISMATIC_LEADER, 14.0
59, 14, Policies, POLICY_BASTIONS, 6.0
59, 14, Policies, POLICY_LIMES, 53.0
59, 14, Policies, POLICY_NAVAL_INFRASTRUCTURE, 28.0
59, 14, Policies, POLICY_RETAINERS, 14.0
59, 14, Policies, POLICY_TRADE_CONFEDERATION, 58.0
59, 14, Policies, POLICY_TOWN_CHARTERS, 14.0
59, 14, Policies, POLICY_COLONIAL_OFFICES, 42.0
59, 14, Policies, POLICY_WARS_OF_RELIGION, 10.0
59, 14, Policies, POLICY_RELIGIOUS_ORDERS, 10.0
59, 14, Policies, POLICY_LOGISTICS, 12.0
59, 14, Policies, POLICY_TRIANGULAR_TRADE, 87.0
59, 14, Policies, POLICY_LIBERALISM, 14.0
59, 14, Policies, POLICY_PUBLIC_WORKS, 1.0
59, 14, Policies, POLICY_ECONOMIC_UNION, 29.0
59, 14, Policies, POLICY_PRAETORIUM, 26.0
59, 14, Policies, POLICY_CIVIL_PRESTIGE, 80.0
59, 14, Policies, POLICY_SOVEREIGN_STATE, 90.0
59, 15, Civic, CIVIC_NAVAL_TRADITION, 96.3, 12
59, 15, Civic, CIVIC_MERCENARIES, 152.6, 1
59, 15, Civic, CIVIC_EXPLORATION, 355.7, 2
59, 15, Civic, CIVIC_REFORMED_CHURCH, 87.3, 38
59, 15, Civic, CIVIC_COLONIALISM, 0.0, 74
59, 15, Civic, CIVIC_CIVIL_ENGINEERING, 140.7, 1
59, 15, Civic, CIVIC_NATIONALISM, 0.0, 95
59, 15, Civic, CIVIC_OPERA_BALLET, 0.0, 74
59, 15, Civic, CIVIC_NATURAL_HISTORY, 0.0, 173
59, 15, Civic, CIVIC_SCORCHED_EARTH, 0.0, 210
59, 15, Civic, CIVIC_URBANIZATION, 140.7, 211
59, 15, Civic, CIVIC_CONSERVATION, 0.0, 321
59, 15, Civic, CIVIC_MASS_MEDIA, 140.7, 532
59, 15, Civic, CIVIC_MOBILIZATION, 140.7, 474
59, 15, Policies, POLICY_CONSCRIPTION, 51.0
59, 15, Policies, POLICY_CHARISMATIC_LEADER, 14.0
59, 15, Policies, POLICY_BASTIONS, 6.0
59, 15, Policies, POLICY_RETAINERS, 14.0
59, 15, Policies, POLICY_TRADE_CONFEDERATION, 28.0
59, 15, Policies, POLICY_COLONIAL_OFFICES, 47.0
59, 15, Policies, POLICY_LOGISTICS, 77.0
59, 15, Policies, POLICY_TRIANGULAR_TRADE, 43.0
59, 15, Policies, POLICY_PRAETORIUM, 32.0
59, 15, Policies, POLICY_CIVIL_PRESTIGE, 98.0
59, 15, Policies, POLICY_EQUESTRIAN_ORDERS, 45.0
59, 15, Policies, POLICY_SOVEREIGN_STATE, 90.0
59, 17, Civic, CIVIC_NAVAL_TRADITION, 71.1, 20
59, 17, Civic, CIVIC_DIVINE_RIGHT, 353.0, 1
59, 17, Civic, CIVIC_REFORMED_CHURCH, 353.0, 51
59, 17, Civic, CIVIC_MERCANTILISM, 210.7, 1
59, 17, Civic, CIVIC_THE_ENLIGHTENMENT, 120.6, 1
59, 17, Civic, CIVIC_COLONIALISM, 210.7, 93
59, 17, Civic, CIVIC_CIVIL_ENGINEERING, 346.4, 2
59, 17, Civic, CIVIC_NATIONALISM, 120.6, 117
59, 17, Civic, CIVIC_OPERA_BALLET, 120.6, 93
59, 17, Civic, CIVIC_NATURAL_HISTORY, 210.7, 214
59, 17, Civic, CIVIC_SCORCHED_EARTH, 120.6, 257
59, 17, Civic, CIVIC_URBANIZATION, 467.0, 259
59, 17, Policies, POLICY_SURVEY, 14.0
59, 17, Policies, POLICY_URBAN_PLANNING, 14.0
59, 17, Policies, POLICY_CARAVANSARIES, 14.0
59, 17, Policies, POLICY_CONSCRIPTION, 58.0
59, 17, Policies, POLICY_CHARISMATIC_LEADER, 14.0
59, 17, Policies, POLICY_RAID, 11.0
59, 17, Policies, POLICY_BASTIONS, 6.0
59, 17, Policies, POLICY_LIMES, 13.0
59, 17, Policies, POLICY_RETAINERS, 14.0
59, 17, Policies, POLICY_TRADE_CONFEDERATION, 28.0
59, 17, Policies, POLICY_COLONIAL_OFFICES, 52.0
59, 17, Policies, POLICY_LOGISTICS, 68.0
59, 17, Policies, POLICY_TRIANGULAR_TRADE, 43.0
59, 17, Policies, POLICY_PRAETORIUM, 35.0
59, 17, Policies, POLICY_CIVIL_PRESTIGE, 74.0
59, 17, Policies, POLICY_EQUESTRIAN_ORDERS, 75.0
59, 17, Policies, POLICY_SOVEREIGN_STATE, 90.0
59, 18, Civic, CIVIC_MILITARY_TRAINING, 165.7, 1
59, 18, Civic, CIVIC_NAVAL_TRADITION, 46.5, 30
59, 18, Civic, CIVIC_MERCENARIES, 313.1, 2
59, 18, Civic, CIVIC_DIVINE_RIGHT, 243.2, 1
59, 18, Civic, CIVIC_EXPLORATION, 495.0, 3
59, 18, Civic, CIVIC_HUMANISM, 160.8, 1
59, 18, Civic, CIVIC_DIPLOMATIC_SERVICE, 532.6, 1
59, 18, Civic, CIVIC_REFORMED_CHURCH, 243.2, 92
59, 18, Civic, CIVIC_MERCANTILISM, 319.5, 2
59, 18, Civic, CIVIC_THE_ENLIGHTENMENT, 804.8, 3
59, 18, Civic, CIVIC_COLONIALISM, 319.5, 179
59, 18, Civic, CIVIC_CIVIL_ENGINEERING, 449.3, 3
59, 18, Civic, CIVIC_NATIONALISM, 804.8, 230
59, 18, Civic, CIVIC_OPERA_BALLET, 804.8, 180
59, 18, Policies, POLICY_URBAN_PLANNING, 14.0
59, 18, Policies, POLICY_CARAVANSARIES, 14.0
59, 18, Policies, POLICY_CHARISMATIC_LEADER, 14.0
59, 18, Policies, POLICY_RAID, 21.0
59, 18, Policies, POLICY_BASTIONS, 6.0
59, 18, Policies, POLICY_LIMES, 66.0
59, 18, Policies, POLICY_TRADE_CONFEDERATION, 28.0
59, 18, Policies, POLICY_COLONIAL_OFFICES, 31.0
59, 18, Policies, POLICY_TRIANGULAR_TRADE, 43.0
59, 18, Policies, POLICY_PRAETORIUM, 14.0
59, 18, Policies, POLICY_CIVIL_PRESTIGE, 85.0
59, 18, Policies, POLICY_SOVEREIGN_STATE, 90.0
59, 20, Civic, CIVIC_NAVAL_TRADITION, 98.2, 11
59, 20, Civic, CIVIC_EXPLORATION, 215.4, 1
59, 20, Civic, CIVIC_REFORMED_CHURCH, 96.1, 36
59, 20, Civic, CIVIC_COLONIALISM, 0.0, 70
59, 20, Civic, CIVIC_CIVIL_ENGINEERING, 140.7, 1
59, 20, Civic, CIVIC_NATIONALISM, 0.0, 90
59, 20, Civic, CIVIC_OPERA_BALLET, 0.0, 70
59, 20, Civic, CIVIC_NATURAL_HISTORY, 0.0, 164
59, 20, Civic, CIVIC_SCORCHED_EARTH, 0.0, 199
59, 20, Civic, CIVIC_URBANIZATION, 140.7, 200
59, 20, Civic, CIVIC_CONSERVATION, 0.0, 304
59, 20, Civic, CIVIC_MASS_MEDIA, 140.7, 504
59, 20, Civic, CIVIC_MOBILIZATION, 140.7, 449
59, 20, Policies, POLICY_CONSCRIPTION, 58.0
59, 20, Policies, POLICY_CHARISMATIC_LEADER, 14.0
59, 20, Policies, POLICY_BASTIONS, 6.0
59, 20, Policies, POLICY_LIMES, 67.0
59, 20, Policies, POLICY_RETAINERS, 90.0
59, 20, Policies, POLICY_TRADE_CONFEDERATION, 28.0
59, 20, Policies, POLICY_COLONIAL_OFFICES, 50.0
59, 20, Policies, POLICY_LOGISTICS, 72.0
59, 20, Policies, POLICY_TRIANGULAR_TRADE, 43.0
59, 20, Policies, POLICY_PRAETORIUM, 26.0
59, 20, Policies, POLICY_CIVIL_PRESTIGE, 165.0
59, 20, Policies, POLICY_SOVEREIGN_STATE, 90.0
59, 21, Civic, CIVIC_NAVAL_TRADITION, 80.1, 16
59, 21, Civic, CIVIC_MERCENARIES, 152.6, 1
59, 21, Civic, CIVIC_EXPLORATION, 360.8, 2
59, 21, Civic, CIVIC_REFORMED_CHURCH, 78.9, 46
59, 21, Civic, CIVIC_COLONIALISM, 0.0, 88
59, 21, Civic, CIVIC_CIVIL_ENGINEERING, 140.7, 1
59, 21, Civic, CIVIC_NATIONALISM, 0.0, 112
59, 21, Civic, CIVIC_OPERA_BALLET, 0.0, 88
59, 21, Civic, CIVIC_NATURAL_HISTORY, 0.0, 205
59, 21, Civic, CIVIC_SCORCHED_EARTH, 0.0, 248
59, 21, Civic, CIVIC_URBANIZATION, 140.7, 249
59, 21, Civic, CIVIC_CONSERVATION, 0.0, 379
59, 21, Civic, CIVIC_MASS_MEDIA, 140.7, 628
59, 21, Civic, CIVIC_MOBILIZATION, 140.7, 559
59, 21, Policies, POLICY_CONSCRIPTION, 66.0
59, 21, Policies, POLICY_CHARISMATIC_LEADER, 14.0
59, 21, Policies, POLICY_BASTIONS, 6.0
59, 21, Policies, POLICY_RETAINERS, 14.0
59, 21, Policies, POLICY_TRADE_CONFEDERATION, 28.0
59, 21, Policies, POLICY_COLONIAL_OFFICES, 52.0
59, 21, Policies, POLICY_LOGISTICS, 79.0
59, 21, Policies, POLICY_TRIANGULAR_TRADE, 43.0
59, 21, Policies, POLICY_PRAETORIUM, 35.0
59, 21, Policies, POLICY_CIVIL_PRESTIGE, 115.0
59, 21, Policies, POLICY_EQUESTRIAN_ORDERS, 65.0
59, 21, Policies, POLICY_SOVEREIGN_STATE, 90.0
59, 62, Civic, CIVIC_MILITARY_TRADITION, 96.1, 20
59, 62, Civic, CIVIC_STATE_WORKFORCE, 79.3, 28
59, 62, Civic, CIVIC_MYSTICISM, 130.4, 20
59, 62, Civic, CIVIC_GAMES_RECREATION, 79.3, 72
59, 62, Civic, CIVIC_POLITICAL_PHILOSOPHY, 79.3, 72
59, 62, Civic, CIVIC_DRAMA_POETRY, 26.3, 44
59, 62, Civic, CIVIC_MILITARY_TRAINING, 175.4, 140
59, 62, Civic, CIVIC_DEFENSIVE_TACTICS, 79.3, 186
59, 62, Civic, CIVIC_RECORDED_HISTORY, 105.6, 186
59, 62, Civic, CIVIC_THEOLOGY, 156.7, 112
59, 62, Policies, POLICY_CARAVANSARIES, 14.0
59, 0, Civic, CIVIC_NAVAL_TRADITION, 178.6, 1
59, 0, Civic, CIVIC_DIPLOMATIC_SERVICE, 532.6, 1
59, 0, Civic, CIVIC_REFORMED_CHURCH, 929.2, 1
59, 0, Civic, CIVIC_THE_ENLIGHTENMENT, 1767.1, 3
59, 0, Civic, CIVIC_COLONIALISM, 1470.5, 3
59, 0, Civic, CIVIC_NATIONALISM, 1767.1, 5
59, 0, Civic, CIVIC_OPERA_BALLET, 1952.8, 6
59, 0, Civic, CIVIC_NATURAL_HISTORY, 2654.7, 7
59, 0, Civic, CIVIC_CONSERVATION, 1921.9, 13
59, 0, Policies, POLICY_SURVEY, 15.0
59, 0, Policies, POLICY_URBAN_PLANNING, 192.0
59, 0, Policies, POLICY_CONSCRIPTION, 58.0
59, 0, Policies, POLICY_LAND_SURVEYORS, 285.0
59, 0, Policies, POLICY_COLONIZATION, 136.0
59, 0, Policies, POLICY_INSPIRATION, 34.0
59, 0, Policies, POLICY_CHARISMATIC_LEADER, 14.0
59, 0, Policies, POLICY_DIPLOMATIC_LEAGUE, 337.0
59, 0, Policies, POLICY_LITERARY_TRADITION, 17.0
59, 0, Policies, POLICY_RAID, 3310.0
59, 0, Policies, POLICY_LIMES, 713.0
59, 0, Policies, POLICY_NAVIGATION, 31.0
59, 0, Policies, POLICY_RETAINERS, 425.0
59, 0, Policies, POLICY_PROFESSIONAL_ARMY, 39.0
59, 0, Policies, POLICY_TRADE_CONFEDERATION, 366.0
59, 0, Policies, POLICY_MERCHANT_CONFEDERATION, 187.0
59, 0, Policies, POLICY_TRAVELING_MERCHANTS, 28.0
59, 0, Policies, POLICY_COLONIAL_OFFICES, 904.0
59, 0, Policies, POLICY_INVENTION, 43.0
59, 0, Policies, POLICY_FRESCOES, 17.0
59, 0, Policies, POLICY_WARS_OF_RELIGION, 10.0
59, 0, Policies, POLICY_RELIGIOUS_ORDERS, 80.0
59, 0, Policies, POLICY_LOGISTICS, 51.0
59, 0, Policies, POLICY_TRIANGULAR_TRADE, 481.0
59, 0, Policies, POLICY_RATIONALISM, 400.0
59, 0, Policies, POLICY_FREE_MARKET, 312.0
59, 0, Policies, POLICY_LIBERALISM, 682.0
59, 0, Policies, POLICY_COLONIAL_TAXES, 1386.0
59, 0, Policies, POLICY_PUBLIC_WORKS, 2.0
59, 0, Policies, POLICY_SYMPHONIES, 31.0
59, 0, Policies, POLICY_ECONOMIC_UNION, 246.0
59, 0, Policies, POLICY_PRAETORIUM, 1355.0
59, 0, Policies, POLICY_CIVIL_PRESTIGE, 1362.0
59, 0, Policies, POLICY_WISSELBANKEN, 99.0
59, 0, Policies, POLICY_DRILL_MANUALS, 100.0
59, 0, Policies, POLICY_EMPIRICAL_METHOD, 378.0
59, 1, Civic, CIVIC_THEOLOGY, 186.7, 1
59, 1, Civic, CIVIC_NAVAL_TRADITION, 183.6, 1
59, 1, Civic, CIVIC_DIVINE_RIGHT, 1180.6, 2
59, 1, Civic, CIVIC_REFORMED_CHURCH, 1894.3, 3
59, 1, Civic, CIVIC_COLONIALISM, 2636.6, 1
59, 1, Civic, CIVIC_OPERA_BALLET, 297.7, 1
59, 1, Civic, CIVIC_NATURAL_HISTORY, 3025.6, 2
59, 1, Civic, CIVIC_SCORCHED_EARTH, 3395.6, 1
59, 1, Civic, CIVIC_URBANIZATION, 1865.6, 1
59, 1, Civic, CIVIC_CONSERVATION, 3239.3, 4
59, 1, Civic, CIVIC_MASS_MEDIA, 6048576.0, 5
59, 1, Civic, CIVIC_MOBILIZATION, 6243495.5, 4
59, 1, Policies, POLICY_SURVEY, 15.0
59, 1, Policies, POLICY_GOD_KING, 22.0
59, 1, Policies, POLICY_CONSCRIPTION, 14.0
59, 1, Policies, POLICY_LAND_SURVEYORS, 332.5
59, 1, Policies, POLICY_COLONIZATION, 136.0
59, 1, Policies, POLICY_INSPIRATION, 58.0
59, 1, Policies, POLICY_CHARISMATIC_LEADER, 14.0
59, 1, Policies, POLICY_DIPLOMATIC_LEAGUE, 337.0
59, 1, Policies, POLICY_LITERARY_TRADITION, 34.0
59, 1, Policies, POLICY_RAID, 3310.0
59, 1, Policies, POLICY_LIMES, 1194.0
59, 1, Policies, POLICY_NAVIGATION, 47.0
59, 1, Policies, POLICY_RETAINERS, 318.0
59, 1, Policies, POLICY_PROFESSIONAL_ARMY, 44.0
59, 1, Policies, POLICY_TRADE_CONFEDERATION, 621.0
59, 1, Policies, POLICY_MERCHANT_CONFEDERATION, 262.0
59, 1, Policies, POLICY_AESTHETICS, 102.0
59, 1, Policies, POLICY_TRAVELING_MERCHANTS, 43.0
59, 1, Policies, POLICY_COLONIAL_OFFICES, 1474.0
59, 1, Policies, POLICY_INVENTION, 130.0
59, 1, Policies, POLICY_FRESCOES, 34.0
59, 1, Policies, POLICY_MACHIAVELLIANISM, 125.0
59, 1, Policies, POLICY_RELIGIOUS_ORDERS, 8.0
59, 1, Policies, POLICY_LOGISTICS, 5.0
59, 1, Policies, POLICY_TRIANGULAR_TRADE, 782.0
59, 1, Policies, POLICY_RATIONALISM, 791.0
59, 1, Policies, POLICY_FREE_MARKET, 216.0
59, 1, Policies, POLICY_LIBERALISM, 491.0
59, 1, Policies, POLICY_COLONIAL_TAXES, 2460.0
59, 1, Policies, POLICY_PUBLIC_WORKS, 11.0
59, 1, Policies, POLICY_NATIONAL_IDENTITY, 1.0
59, 1, Policies, POLICY_GRAND_OPERA, 105.0
59, 1, Policies, POLICY_SYMPHONIES, 62.0
59, 1, Policies, POLICY_TOTAL_WAR, 3310.0
59, 1, Policies, POLICY_EXPROPRIATION, 468.5
59, 1, Policies, POLICY_MILITARY_RESEARCH, 1584.0
59, 1, Policies, POLICY_LEVEE_EN_MASSE, 14.0
59, 1, Policies, POLICY_ECONOMIC_UNION, 343.0
59, 1, Policies, POLICY_PRAETORIUM, 2250.0
59, 1, Policies, POLICY_CIVIL_PRESTIGE, 1639.0
59, 1, Policies, POLICY_WISSELBANKEN, 658.0
59, 1, Policies, POLICY_EQUESTRIAN_ORDERS, 37.0
59, 1, Policies, POLICY_DRILL_MANUALS, 25.0
59, 1, Policies, POLICY_FORCE_MODERNIZATION, 44.0
59, 1, Policies, POLICY_EMPIRICAL_METHOD, 791.0
59, 1, Policies, POLICY_MASTER_ARTISANS, 117.0
59, 2, Civic, CIVIC_NAVAL_TRADITION, 230.6, 1
59, 2, Civic, CIVIC_THE_ENLIGHTENMENT, 385.5, 3
59, 2, Civic, CIVIC_COLONIALISM, 1402.9, 4
59, 2, Civic, CIVIC_CIVIL_ENGINEERING, 4476805.5, 1
59, 2, Civic, CIVIC_NATIONALISM, 3809801.3, 6
59, 2, Civic, CIVIC_OPERA_BALLET, 566.6, 7
59, 2, Civic, CIVIC_NATURAL_HISTORY, 1653.1, 10
59, 2, Civic, CIVIC_SCORCHED_EARTH, 3812860.5, 10
59, 2, Civic, CIVIC_URBANIZATION, 8287790.0, 11
59, 2, Civic, CIVIC_CONSERVATION, 2084.2, 18
59, 2, Policies, POLICY_SURVEY, 37.0
59, 2, Policies, POLICY_URBAN_PLANNING, 147.0
59, 2, Policies, POLICY_CONSCRIPTION, 95.0
59, 2, Policies, POLICY_LAND_SURVEYORS, 142.5
59, 2, Policies, POLICY_COLONIZATION, 89.0
59, 2, Policies, POLICY_INSPIRATION, 20.0
59, 2, Policies, POLICY_CHARISMATIC_LEADER, 14.0
59, 2, Policies, POLICY_DIPLOMATIC_LEAGUE, 337.0
59, 2, Policies, POLICY_LITERARY_TRADITION, 15.0
59, 2, Policies, POLICY_RAID, 3020.0
59, 2, Policies, POLICY_LIMES, 729.0
59, 2, Policies, POLICY_NATURAL_PHILOSOPHY, 122.0
59, 2, Policies, POLICY_SCRIPTURE, 495.0
59, 2, Policies, POLICY_NAVAL_INFRASTRUCTURE, 94.0
59, 2, Policies, POLICY_NAVIGATION, 31.0
59, 2, Policies, POLICY_FEUDAL_CONTRACT, 26.0
59, 2, Policies, POLICY_RETAINERS, 474.0
59, 2, Policies, POLICY_PROFESSIONAL_ARMY, 108.0
59, 2, Policies, POLICY_TRADE_CONFEDERATION, 225.0
59, 2, Policies, POLICY_MERCHANT_CONFEDERATION, 125.0
59, 2, Policies, POLICY_TOWN_CHARTERS, 135.0
59, 2, Policies, POLICY_TRAVELING_MERCHANTS, 21.0
59, 2, Policies, POLICY_PRESS_GANGS, 80.0
59, 2, Policies, POLICY_COLONIAL_OFFICES, 675.0
59, 2, Policies, POLICY_INVENTION, 37.0
59, 2, Policies, POLICY_FRESCOES, 15.0
59, 2, Policies, POLICY_WARS_OF_RELIGION, 10.0
59, 2, Policies, POLICY_RELIGIOUS_ORDERS, 130.0
59, 2, Policies, POLICY_SIMULTANEUM, 741.0
59, 2, Policies, POLICY_LOGISTICS, 81.0
59, 2, Policies, POLICY_TRIANGULAR_TRADE, 333.0
59, 2, Policies, POLICY_RATIONALISM, 207.0
59, 2, Policies, POLICY_FREE_MARKET, 150.0
59, 2, Policies, POLICY_LIBERALISM, 699.0
59, 2, Policies, POLICY_COLONIAL_TAXES, 1216.0
59, 2, Policies, POLICY_PUBLIC_WORKS, 18.0
59, 2, Policies, POLICY_GRANDE_ARMEE, 26.0
59, 2, Policies, POLICY_SYMPHONIES, 31.0
59, 2, Policies, POLICY_TOTAL_WAR, 3020.0
59, 2, Policies, POLICY_EXPROPRIATION, 231.5
59, 2, Policies, POLICY_MILITARY_RESEARCH, 1036.0
59, 2, Policies, POLICY_ECONOMIC_UNION, 196.0
59, 2, Policies, POLICY_PRAETORIUM, 941.0
59, 2, Policies, POLICY_CIVIL_PRESTIGE, 1766.0
59, 2, Policies, POLICY_WISSELBANKEN, 415.0
59, 2, Policies, POLICY_FORCE_MODERNIZATION, 108.0
59, 2, Policies, POLICY_EMPIRICAL_METHOD, 145.0
59, 3, Civic, CIVIC_NAVAL_TRADITION, 168.6, 1
59, 3, Civic, CIVIC_MERCANTILISM, 1204.8, 2
59, 3, Civic, CIVIC_COLONIALISM, 3004.7, 4
59, 3, Civic, CIVIC_CIVIL_ENGINEERING, 1204.8, 5
59, 3, Civic, CIVIC_NATIONALISM, 0.0, 2
59, 3, Civic, CIVIC_OPERA_BALLET, 200.3, 4
59, 3, Civic, CIVIC_NATURAL_HISTORY, 3265.4, 9
59, 3, Civic, CIVIC_SCORCHED_EARTH, 3939.6, 5
59, 3, Civic, CIVIC_URBANIZATION, 2845.4, 12
59, 3, Policies, POLICY_SURVEY, 22.0
59, 3, Policies, POLICY_CARAVANSARIES, 382.0
59, 3, Policies, POLICY_LAND_SURVEYORS, 380.0
59, 3, Policies, POLICY_COLONIZATION, 261.0
59, 3, Policies, POLICY_INSPIRATION, 20.0
59, 3, Policies, POLICY_CHARISMATIC_LEADER, 14.0
59, 3, Policies, POLICY_DIPLOMATIC_LEAGUE, 337.0
59, 3, Policies, POLICY_LITERARY_TRADITION, 17.0
59, 3, Policies, POLICY_RAID, 3898.0
59, 3, Policies, POLICY_LIMES, 1650.0
59, 3, Policies, POLICY_NATURAL_PHILOSOPHY, 270.0
59, 3, Policies, POLICY_SCRIPTURE, 2263.0
59, 3, Policies, POLICY_NAVAL_INFRASTRUCTURE, 32.0
59, 3, Policies, POLICY_NAVIGATION, 15.0
59, 3, Policies, POLICY_RETAINERS, 166.0
59, 3, Policies, POLICY_TRADE_CONFEDERATION, 508.0
59, 3, Policies, POLICY_MERCHANT_CONFEDERATION, 220.0
59, 3, Policies, POLICY_CRAFTSMEN, 21.0
59, 3, Policies, POLICY_TOWN_CHARTERS, 319.0
59, 3, Policies, POLICY_TRAVELING_MERCHANTS, 21.0
59, 3, Policies, POLICY_PRESS_GANGS, 351.0
59, 3, Policies, POLICY_COLONIAL_OFFICES, 805.0
59, 3, Policies, POLICY_INVENTION, 37.0
59, 3, Policies, POLICY_FRESCOES, 17.0
59, 3, Policies, POLICY_MACHIAVELLIANISM, 212.0
59, 3, Policies, POLICY_RELIGIOUS_ORDERS, 30.0
59, 3, Policies, POLICY_SIMULTANEUM, 3340.0
59, 3, Policies, POLICY_TRIANGULAR_TRADE, 1089.0
59, 3, Policies, POLICY_RATIONALISM, 272.0
59, 3, Policies, POLICY_FREE_MARKET, 520.0
59, 3, Policies, POLICY_LIBERALISM, 834.0
59, 3, Policies, POLICY_COLONIAL_TAXES, 1839.0
59, 3, Policies, POLICY_SYMPHONIES, 31.0
59, 3, Policies, POLICY_TOTAL_WAR, 3898.0
59, 3, Policies, POLICY_EXPROPRIATION, 641.0
59, 3, Policies, POLICY_MILITARY_RESEARCH, 1452.0
59, 3, Policies, POLICY_PRAETORIUM, 949.0
59, 3, Policies, POLICY_CIVIL_PRESTIGE, 2026.0
59, 3, Policies, POLICY_WISSELBANKEN, 72.0
59, 3, Policies, POLICY_EQUESTRIAN_ORDERS, 61.0
59, 2, Slot Policy, POLICY_RAID, 3020
59, 2, Slot Policy, POLICY_LIMES, 729
59, 2, Slot Policy, POLICY_CIVIL_PRESTIGE, 1766
59, 2, Slot Policy, POLICY_SIMULTANEUM, 741
59, 2, Slot Policy, POLICY_PRAETORIUM, 941
59, 2, Slot Policy, POLICY_COLONIAL_OFFICES, 675
59, 2, Slot Policy, POLICY_SCRIPTURE, 495
