Game Turn, Player, Operation, Notes, Team, Team Notes, Team Members, Terrain
40, 5, Settle New City running, TARGET 35:78
40, 5, Settle New City, ,0, Not Ready, 
40, 5, Naval Superiority running, TARGET 15:71
40, 5, Naval Superiority, ,0, Not Ready, 
40, 5, Settle New City, Recruiting minimums, , , UNIT_MACEDONIAN_HETAIROI
40, 5, Settle New City, No recruits to reach minimum, , , 
40, Settle New City, 5, , Battle line, 37:75, 0 endangered
40, 5, Settle New City, Operation Recruit, 1 units, Recruited 1, Contract for: UNIT_SETTLER
40, 5, Settle New City, Operation Move, UNIT_MACEDONIAN_HETAIROI, 35:74, 35:74, 35:74
40, 5, Naval Superiority, No recruits to reach minimum, , , 
40, 5, Naval Superiority, Operation Recruit, 0 units, Recruited 0, Contract for: UNIT_MACEDONIAN_HETAIROI
40, 6, Naval Superiority running, TARGET 23:56
40, 6, Naval Superiority, ,0, Not Ready, 
40, 6, Settle New City running, TARGET 15:64
40, 6, Settle New City, ,0, Ready, UNIT_WARRIOR; UNIT_SETTLER; UNIT_SWORDSMAN; 
40, 6, Settle New City, No recruits to reach minimum, , , 
40, 6, Settle New City, No recruits to match strength, , Enemy Str: 0 / 36.0, 
40, 6, Settle New City, No recruits to reach minimum, , , 
40, 6, Settle New City, No recruits to match strength, , Enemy Str: 0 / 36.0, 
40, 6, Settle New City, Operation Recruit, 3 units, Recruited 0, Contract for: UNIT_SWORDSMAN
40, 6, Settle New City, Operation Move, UNIT_SETTLER, 14:61, 15:64, 15:63
40, 6, Settle New City, Operation Move, UNIT_SWORDSMAN, 18:62, 15:64, 17:64
40, 6, Settle New City, Operation Move, UNIT_WARRIOR, 19:61, 15:64, 19:62
40, 6, Naval Superiority, No recruits to reach minimum, , , 
40, 6, Naval Superiority, Operation Recruit, 0 units, Recruited 0, Contract for: UNIT_GALLEY
40, 7, Attack Walled City running, TARGET 8:23
40, Attack Walled City, 7, , Battle line, 165191062:34, 0 endangered
40, 7, Attack Walled City, ,0, Not Ready, UNIT_SWORDSMAN; UNIT_SWORDSMAN; UNIT_SWORDSMAN; UNIT_SKIRMISHER; UNIT_WARRIOR; UNIT_WARRIOR; UNIT_CATAPULT; 
40, 7, Attack Walled City, ,1, Ready, 
40, 7, Settle New City running, TARGET 15:42
40, Settle New City, 7, , Battle line, 1073741836:43, 0 endangered
40, 7, Settle New City, ,0, Ready, UNIT_SWORDSMAN; UNIT_SETTLER; 
40, 7, Attack Enemy City running, TARGET 2:26
40, Attack Enemy City, 7, , Battle line, 306783384:29, 0 endangered
40, 7, Attack Enemy City, ,0, Ready, UNIT_SWORDSMAN; UNIT_WARRIOR; UNIT_SWORDSMAN; UNIT_SWORDSMAN; UNIT_SWORDSMAN; 
40, 7, Attack Enemy City, ,1, Ready, 
40, 7, Settle New City, No recruits to reach minimum, , , 
40, 7, Settle New City, No recruits to match strength, , Enemy Str: 0 / 36.0, 
40, 7, Settle New City, No recruits to reach minimum, , , 
40, 7, Settle New City, No recruits to match strength, , Enemy Str: 0 / 36.0, 
40, 7, Settle New City, Operation Recruit, 2 units, Recruited 0, Contract for: UNIT_HORSEMAN
40, 7, Settle New City, Operation Move, UNIT_SWORDSMAN, 13:43, 15:42, 15:42
40, 7, Settle New City, Operation Move, UNIT_SETTLER, 13:48, 15:42, 14:46
40, Attack Walled City, 7, , Battle line, 165191062:34, 0 endangered
40, 7, Attack Walled City, No recruits to reach minimum, , , 
40, 7, Attack Walled City, Recruiting strength, , Enemy Str: 304 / 72.0, UNIT_SWORDSMAN
40, 7, Attack Walled City, Recruiting strength, , Enemy Str: 304 / 72.0, UNIT_SWORDSMAN
40, 7, Attack Walled City, Recruiting strength, , Enemy Str: 304 / 72.0, UNIT_SKIRMISHER
40, 7, Attack Walled City, Recruiting strength, , Enemy Str: 304 / 72.0, UNIT_SWORDSMAN
40, 7, Attack Walled City, Recruiting strength, , Enemy Str: 304 / 72.0, UNIT_SKIRMISHER
40, 7, Attack Walled City, No recruits to reach minimum, , , 
40, 7, Attack Walled City, No recruits to match strength, , Enemy Str: 304 / 0.0, 
40, 7, Attack Walled City, No recruits to reach minimum, , , 
40, 7, Attack Walled City, No recruits to match strength, , Enemy Str: 304 / 72.0, 
40, 7, Attack Walled City, No recruits to reach minimum, , , 
40, 7, Attack Walled City, No recruits to match strength, , Enemy Str: 304 / 0.0, 
40, Attack Walled City, 7, , Battle line, 165191063:34, 0 endangered
40, 7, Attack Walled City, Operation Recruit, 12 units, Recruited 5, Contract for: UNIT_SKIRMISHER
40, 7, Attack Walled City, Operation Move, UNIT_WARRIOR, 12:32, 12:32, 12:32
40, 7, Attack Walled City, Operation Move, UNIT_SKIRMISHER, 12:33, 12:33, 12:33
40, 7, Attack Walled City, Operation Move, UNIT_SWORDSMAN, 12:31, 12:31, 12:31
40, 7, Attack Walled City, Operation Move, UNIT_WARRIOR, 13:34, 11:33, 11:33
40, 7, Attack Walled City, Operation Move, UNIT_SWORDSMAN, 14:32, 13:32, 13:32
40, 7, Attack Walled City, Operation Move, UNIT_CATAPULT, 15:30, 14:32, 14:32
40, 7, Attack Walled City, Operation Move, UNIT_SWORDSMAN, 13:37, 11:32, 11:37
40, 7, Attack Walled City, Operation Move, UNIT_SKIRMISHER, 17:32, 11:32, 15:33
40, 7, Attack Walled City, Operation Move, UNIT_SWORDSMAN, 14:38, 11:32, 12:37
40, 7, Attack Walled City, Operation Move, UNIT_SWORDSMAN, 12:39, 11:32, 12:38
40, 7, Attack Walled City, Operation Move, UNIT_SKIRMISHER, 16:38, 11:32, 15:36
40, 7, Attack Walled City, Operation Move, UNIT_SWORDSMAN, 10:40, 11:32, 11:38
40, 7, Attack Enemy City, Op Attack Units Targets, Target 0, Owner 9, UNIT_MISSIONARY, 27:15
40, 7, Attack Enemy City, Op Attack Units Targets, Target 1, Owner 9, UNIT_MISSIONARY, 28:15
40, 7, Attack Enemy City, Op Attack Units Targets, Target 2, Owner 9, UNIT_MISSIONARY, 30:16
40, 7, Attack Enemy City, Op Attack Units Targets, Target 3, Owner 16, UNIT_CROSSBOWMAN, 9:22
40, 7, Attack Enemy City, Op Attack Units Targets, Target 4, Owner 16, UNIT_SWORDSMAN, 9:23
40, 7, Attack Enemy City, Op Attack Units Targets, Target 5, Owner 6, UNIT_MISSIONARY, 6:29
40, 7, Attack Enemy City, Op Attack Units Targets, Target 6, Owner 6, UNIT_MISSIONARY, 7:30
40, 7, Attack Enemy City, Op Attack Units Targets, Target 7, Owner 6, UNIT_MISSIONARY, 7:31
40, 7, Attack Enemy City, Op Attack Units Targets, Target 8, Owner 8, UNIT_MISSIONARY, 16:31
40, 7, Attack Enemy City, Op Attack Units Targets, Target 9, Owner 8, UNIT_MISSIONARY, 16:32
40, 7, Attack Enemy City, Op Attack Units Targets, Target 10, Owner 8, UNIT_MISSIONARY, 14:33
40, 7, Attack Enemy City, Op Attack Units Targets, Target 11, Owner 8, UNIT_MISSIONARY, 15:33
40, 7, Attack Enemy City, Op Attack Units Targets, Target 12, Owner 8, UNIT_MISSIONARY, 13:35
40, 7, Attack Enemy City, Op Attack Units Targets, Target 13, Owner 8, UNIT_MISSIONARY, 9:39
40, 7, Attack Enemy City, Op Attack Units Targets, Target 14, Owner 6, UNIT_MISSIONARY, 20:53
40, 7, Attack Enemy City, Op Attack Units Targets, Target 15, Owner 5, UNIT_MISSIONARY, 20:69
40, 7, Attack Enemy City, Op Attack Units Targets, Target 16, Owner 5, UNIT_MISSIONARY, 22:69
40, 7, Attack Enemy City, Op Attack Units Targets, Target 17, Owner 5, UNIT_MISSIONARY, 27:69
40, 7, Attack Enemy City, Op Attack Units Targets, Target 18, Owner 4, UNIT_SCOUT, 41:7
40, 7, Attack Enemy City, Op Attack Units Targets, Target 19, Owner 4, UNIT_NUBIAN_PITATI, 41:11
40, 7, Attack Enemy City, Op Attack Units Targets, Target 20, Owner 16, UNIT_CATAPULT, 8:25
40, 8, Settle New City running, TARGET 24:21
40, Settle New City, 8, , Battle line, 25:18, 0 endangered
40, 8, Settle New City, ,0, Ready, UNIT_SETTLER; UNIT_CATAPULT; UNIT_HORSEMAN; 
40, 8, Attack Enemy City running, TARGET 8:23
40, Attack Enemy City, 8, , Battle line, 306783387:23, 1 endangered
40, 8, Attack Enemy City, ,0, Not Ready, UNIT_SWORDSMAN; UNIT_CATAPULT; UNIT_ARCHER; UNIT_SWORDSMAN; UNIT_HORSEMAN; UNIT_SWORDSMAN; UNIT_SWORDSMAN; UNIT_SWORDSMAN; UNIT_VIETNAMESE_VOI_CHIEN; 
40, 8, Attack Enemy City, ,1, Ready, 
40, 8, Settle New City, No recruits to reach minimum, , , 
40, 8, Settle New City, No recruits to match strength, , Enemy Str: 0 / 36.0, 
40, 8, Settle New City, No recruits to reach minimum, , , 
40, 8, Settle New City, No recruits to match strength, , Enemy Str: 0 / 36.0, 
40, 8, Settle New City, Operation Recruit, 3 units, Recruited 0, Contract for: UNIT_VIETNAMESE_VOI_CHIEN
40, 8, Settle New City, Operation Move, UNIT_SETTLER, 24:21, 24:21, 24:21
40, 8, Settle New City, Operation Move, UNIT_HORSEMAN, 24:21, 24:21, 24:21
40, 8, Settle New City, Operation Move, UNIT_CATAPULT, 24:22, 24:22, 24:22
40, 8, Settle New City, Operation complete
40, 8, Attack Enemy City, No recruits to reach minimum, , , 
40, 8, Attack Enemy City, Recruiting strength, , Enemy Str: 298 / 108.0, UNIT_HORSEMAN
40, 8, Attack Enemy City, Recruiting strength, , Enemy Str: 298 / 108.0, UNIT_HORSEMAN
40, 8, Attack Enemy City, Recruiting strength, , Enemy Str: 298 / 108.0, UNIT_SWORDSMAN
40, 8, Attack Enemy City, No recruits to reach minimum, , , 
40, 8, Attack Enemy City, No recruits to match strength, , Enemy Str: 298 / 72.0, 
40, 8, Attack Enemy City, No recruits to reach minimum, , , 
40, 8, Attack Enemy City, No recruits to match strength, , Enemy Str: 298 / 108.0, 
40, 8, Attack Enemy City, No recruits to reach minimum, , , 
40, 8, Attack Enemy City, No recruits to match strength, , Enemy Str: 298 / 72.0, 
40, Attack Enemy City, 8, , Battle line, 13:22, 1 endangered
40, 8, Attack Enemy City, Operation Recruit, 12 units, Recruited 3, Contract for: UNIT_HORSEMAN
40, 8, Attack Enemy City, Operation Protect Units, UNIT_HORSEMAN, Move 11 21
40, 8, Attack Enemy City, Op Attack Units Targets, Target 0, Owner 16, UNIT_CROSSBOWMAN, 9:22
40, 8, Attack Enemy City, Op Attack Units Targets, Target 1, Owner 16, UNIT_SWORDSMAN, 9:23
40, 8, Attack Enemy City, Operation Attack Units, UNIT_ARCHER, At 11:20, Move 10:20, Attack 9:22
40, 8, Attack Enemy City, Operation Attack Units, UNIT_SWORDSMAN, At 10:21, Move 10:22, Attack 9:22
40, 8, Attack Enemy City, Operation Move, UNIT_SWORDSMAN, 13:24, 9:24, 12:24
40, 8, Attack Enemy City, Operation Move, UNIT_CATAPULT, 11:19, 9:21, 10:19
40, 8, Attack Enemy City, Operation Move, UNIT_SWORDSMAN, 13:22, 9:24, 13:24
40, 8, Attack Enemy City, Operation Move, UNIT_SWORDSMAN, 14:21, 9:24, 13:23
40, 8, Attack Enemy City, Operation Move, UNIT_SWORDSMAN, 16:28, 9:24, 14:27
40, 8, Attack Enemy City, Operation Move, UNIT_VIETNAMESE_VOI_CHIEN, 17:28, 9:25, 16:28
40, 8, Attack Enemy City, Operation Move, UNIT_HORSEMAN, 21:22, 9:24, 18:23
40, 8, Attack Enemy City, Operation Move, UNIT_HORSEMAN, 20:17, 9:24, 18:20
40, 8, Attack Enemy City, Operation Move, UNIT_SWORDSMAN, 21:17, 9:24, 20:19
40, 9, Settle New City running, TARGET 40:16
40, Settle New City, 9, , Battle line, 37:12, 0 endangered
40, 9, Settle New City, ,0, Ready, UNIT_SETTLER; UNIT_CROSSBOWMAN; UNIT_ROMAN_LEGION; UNIT_CROSSBOWMAN; UNIT_CROSSBOWMAN; 
40, 9, City Defense running, TARGET 38:8
40, City Defense, 9, , Battle line, 38:8, 0 endangered
40, 9, City Defense, ,0, Ready, UNIT_ROMAN_LEGION; UNIT_CATAPULT; UNIT_CROSSBOWMAN; 
40, 9, City Defense running, TARGET 37:13
40, City Defense, 9, , Battle line, 37:11, 0 endangered
40, 9, City Defense, ,0, Ready, UNIT_CATAPULT; UNIT_ROMAN_LEGION; UNIT_CROSSBOWMAN; 
40, 9, Settle New City, Operation Change Target WEAK, Changing to backup
40, Settle New City, 9, , Battle line, 37:12, 0 endangered
40, 9, Settle New City, No recruits to reach minimum, , , 
40, 9, Settle New City, Recruiting strength, , Enemy Str: 143 / 46.0, UNIT_CROSSBOWMAN
40, 9, Settle New City, No recruits to reach minimum, , , 
40, 9, Settle New City, No recruits to match strength, , Enemy Str: 143 / 46.0, 
40, Settle New City, 9, , Battle line, 37:12, 0 endangered
40, 9, Settle New City, Operation Recruit, 6 units, Recruited 1, Contract for: UNIT_ROMAN_LEGION
40, 9, Settle New City, Op Attack Units Targets, Target 0, Owner 4, UNIT_SWORDSMAN, 39:11
40, 9, Settle New City, Op Attack Units Targets, Target 1, Owner 4, UNIT_VAMPIRE, 39:12
40, 9, Settle New City, Op Attack Units Targets, Target 2, Owner 4, UNIT_NUBIAN_PITATI, 40:13
40, 9, Settle New City, Operation Attack Units, UNIT_CROSSBOWMAN, At 38:11, Move 38:11, Attack 39:11
40, 9, Settle New City, Operation Attack Units, UNIT_CROSSBOWMAN, At 38:13, Move 38:13, Attack 40:13
40, 9, Settle New City, Operation Attack Units, UNIT_ROMAN_LEGION, At 37:14, Move 38:12, Attack -9999:-9999
40, 9, Settle New City, Operation Attack Units, UNIT_CROSSBOWMAN, At 37:13, Move 39:14, Attack -9999:-9999
40, 9, Settle New City, Operation Move, UNIT_SETTLER, 33:16, 35:16, 35:16
40, 9, Settle New City, Operation Move, UNIT_CROSSBOWMAN, 34:13, 35:16, 35:14
40, City Defense, 9, , Battle line, 37:11, 0 endangered
40, 9, City Defense, No recruits to reach minimum, , , 
40, 9, City Defense, Recruiting strength, , Enemy Str: 141 / 46.0, UNIT_CROSSBOWMAN
40, 9, City Defense, Recruiting strength, , Enemy Str: 141 / 46.0, UNIT_MAN_AT_ARMS
40, 9, City Defense, No recruits to reach minimum, , , 
40, 9, City Defense, No recruits to match strength, , Enemy Str: 141 / 46.0, 
40, City Defense, 9, , Battle line, 37:11, 0 endangered
40, 9, City Defense, Operation Recruit, 5 units, Recruited 2, Contract for: UNIT_SKIRMISHER
40, 9, City Defense, Op Attack Units Targets, Target 0, Owner 4, UNIT_SWORDSMAN, 39:11
40, 9, City Defense, Op Attack Units Targets, Target 1, Owner 4, UNIT_VAMPIRE, 39:12
40, 9, City Defense, Operation Attack Units, UNIT_CATAPULT, At 38:10, Move 38:10, Attack 39:11
40, 9, City Defense, Operation Attack Units, UNIT_CROSSBOWMAN, At 37:13, Move 37:13, Attack 39:12
40, 9, City Defense, Operation Attack Units, UNIT_MAN_AT_ARMS, At 37:9, Move 39:10, Attack -9999:-9999
40, 9, City Defense, Operation Move, UNIT_ROMAN_LEGION, 37:12, 37:12, 37:12
40, 9, City Defense, Operation Move, UNIT_CROSSBOWMAN, 34:11, 36:13, 35:12
40, 9, City Defense, Operation complete
40, 13, Naval Superiority running, TARGET 56:2
40, 13, Naval Superiority, ,0, Not Ready, 
40, 13, Naval Superiority, No recruits to reach minimum, , , 
40, 13, Naval Superiority, Operation Recruit, 0 units, Recruited 0, Contract for: UNIT_WARRIOR_MONK
40, 14, Naval Superiority running, TARGET 1:26
40, 14, Naval Superiority, ,0, Not Ready, 
40, 14, Naval Superiority, No recruits to reach minimum, , , 
40, 14, Naval Superiority, Operation Recruit, 0 units, Recruited 0, Contract for: UNIT_WARRIOR_MONK
40, 16, Naval Superiority running, TARGET 7:23
40, 16, Naval Superiority, ,0, Not Ready, 
40, 16, City Defense running, TARGET 8:23
40, City Defense, 16, , Battle line, 10:22, 1 endangered
40, 16, City Defense, ,0, Ready, UNIT_SWORDSMAN; UNIT_SWORDSMAN; UNIT_SWORDSMAN; UNIT_CATAPULT; UNIT_CROSSBOWMAN; 
40, 16, City Defense, ,1, Ready, 
40, City Defense, 16, , Battle line, 10:22, 1 endangered
40, 16, City Defense, No recruits to reach minimum, , , 
40, 16, City Defense, No recruits to match strength, , Enemy Str: 194 / 36.0, 
40, 16, City Defense, No recruits to reach minimum, , , 
40, 16, City Defense, No recruits to match strength, , Enemy Str: 194 / 36.0, 
40, City Defense, 16, , Battle line, 10:22, 1 endangered
40, 16, City Defense, Operation Recruit, 5 units, Recruited 0, Contract for: UNIT_SKIRMISHER
40, 16, City Defense, Op Attack Units Targets, Target 0, Owner 8, UNIT_ARCHER, 10:20
40, 16, City Defense, Op Attack Units Targets, Target 1, Owner 8, UNIT_SWORDSMAN, 10:22
40, 16, City Defense, Op Attack Units Targets, Target 2, Owner 8, UNIT_SWORDSMAN, 12:24
40, 16, City Defense, Operation Attack Units, UNIT_SWORDSMAN, At 9:23, Move 9:23, Attack 10:22
40, 16, City Defense, Operation Attack Units, UNIT_SWORDSMAN, At 9:22, Move 9:22, Attack 10:22
40, 16, City Defense, Operation Attack Units, UNIT_CATAPULT, At 8:25, Move 9:24, Attack -9999:-9999
40, 16, City Defense, Operation Attack Units, UNIT_SWORDSMAN, At 10:25, Move 10:23, Attack -9999:-9999
40, 16, Naval Superiority, Operation Recruit, 0 units, Recruited 0, Contract for: UNIT_WARRIOR_MONK
41, 5, Settle New City running, TARGET 35:78
41, Settle New City, 5, , Battle line, 37:75, 0 endangered
41, 5, Settle New City, ,0, Not Ready, UNIT_MACEDONIAN_HETAIROI; 
41, 5, Naval Superiority running, TARGET 15:71
41, 5, Naval Superiority, ,0, Not Ready, 
41, Settle New City, 5, , Battle line, 37:75, 0 endangered
41, 5, Settle New City, No recruits to reach minimum, , , 
41, 5, Settle New City, No recruits to reach minimum, , , 
41, Settle New City, 5, , Battle line, 37:75, 0 endangered
41, 5, Settle New City, Operation Recruit, 1 units, Recruited 0, Contract for: UNIT_SETTLER
41, 5, Settle New City, Operation Move, UNIT_MACEDONIAN_HETAIROI, 35:74, 35:74, 35:74
41, 5, Naval Superiority, No recruits to reach minimum, , , 
41, 5, Naval Superiority, Operation Recruit, 0 units, Recruited 0, Contract for: UNIT_MACEDONIAN_HETAIROI
41, 6, Naval Superiority running, TARGET 23:56
41, 6, Naval Superiority, ,0, Not Ready, 
41, 6, Settle New City running, TARGET 15:64
41, Settle New City, 6, , Battle line, 18:63, 0 endangered
41, 6, Settle New City, ,0, Ready, UNIT_WARRIOR; UNIT_SETTLER; UNIT_SWORDSMAN; 
41, 6, Settle New City, No recruits to reach minimum, , , 
41, 6, Settle New City, No recruits to match strength, , Enemy Str: 0 / 36.0, 
41, 6, Settle New City, No recruits to reach minimum, , , 
41, 6, Settle New City, No recruits to match strength, , Enemy Str: 0 / 36.0, 
41, 6, Settle New City, Operation Recruit, 3 units, Recruited 0, Contract for: UNIT_SWORDSMAN
41, 6, Settle New City, Operation Move, UNIT_SETTLER, 15:63, 15:64, 15:64
41, 6, Settle New City, Operation Move, UNIT_SWORDSMAN, 17:64, 15:64, 16:64
41, 6, Settle New City, Operation Move, UNIT_WARRIOR, 19:62, 15:64, 17:62
41, 6, Naval Superiority, No recruits to reach minimum, , , 
41, 6, Naval Superiority, Operation Recruit, 0 units, Recruited 0, Contract for: UNIT_GALLEY
41, 7, Attack Walled City running, TARGET 8:23
41, Attack Walled City, 7, , Battle line, 153391700:35, 0 endangered
41, 7, Attack Walled City, ,0, Ready, UNIT_SWORDSMAN; UNIT_SWORDSMAN; UNIT_SWORDSMAN; UNIT_SKIRMISHER; UNIT_WARRIOR; UNIT_WARRIOR; UNIT_CATAPULT; UNIT_SWORDSMAN; UNIT_SWORDSMAN; UNIT_SKIRMISHER; UNIT_SWORDSMAN; UNIT_SKIRMISHER; 
41, 7, Attack Walled City, ,1, Ready, 
41, 7, Settle New City running, TARGET 15:42
41, Settle New City, 7, , Battle line, 1073741836:43, 0 endangered
41, 7, Settle New City, ,0, Ready, UNIT_SWORDSMAN; UNIT_SETTLER; 
41, 7, Attack Enemy City running, TARGET 2:26
41, Attack Enemy City, 7, , Battle line, 429496735:30, 0 endangered
41, 7, Attack Enemy City, ,0, Ready, UNIT_SWORDSMAN; UNIT_WARRIOR; UNIT_SWORDSMAN; UNIT_SWORDSMAN; UNIT_SWORDSMAN; 
41, 7, Attack Enemy City, ,1, Ready, 
41, Attack Walled City, 7, , Battle line, 153391700:35, 0 endangered
41, Settle New City, 7, , Battle line, 1073741836:43, 0 endangered
41, Attack Enemy City, 7, , Battle line, 268435461:30, 0 endangered
41, 7, Settle New City, No recruits to reach minimum, , , 
41, 7, Settle New City, No recruits to match strength, , Enemy Str: 0 / 36.0, 
41, 7, Settle New City, No recruits to reach minimum, , , 
41, 7, Settle New City, No recruits to match strength, , Enemy Str: 0 / 36.0, 
41, 7, Settle New City, Operation Recruit, 2 units, Recruited 0, Contract for: UNIT_HORSEMAN
41, 7, Settle New City, Operation Move, UNIT_SWORDSMAN, 15:42, 15:42, 15:42
41, 7, Settle New City, Operation Move, UNIT_SETTLER, 14:46, 15:42, 15:44
41, 7, Settle New City, Operation complete
41, 7, Attack Walled City, Op Attack Units Targets, Target 0, Owner 9, UNIT_MISSIONARY, 39:7
41, 7, Attack Walled City, Op Attack Units Targets, Target 1, Owner 4, UNIT_SWORDSMAN, 39:11
41, 7, Attack Walled City, Op Attack Units Targets, Target 2, Owner 9, UNIT_MISSIONARY, 31:14
41, 7, Attack Walled City, Op Attack Units Targets, Target 3, Owner 8, UNIT_MISSIONARY, 24:15
41, 7, Attack Walled City, Op Attack Units Targets, Target 4, Owner 9, UNIT_MISSIONARY, 26:18
41, 7, Attack Walled City, Op Attack Units Targets, Target 5, Owner 9, UNIT_MISSIONARY, 24:19
41, 7, Attack Walled City, Op Attack Units Targets, Target 6, Owner 8, UNIT_MISSIONARY, 17:20
41, 7, Attack Walled City, Op Attack Units Targets, Target 7, Owner 8, UNIT_MISSIONARY, 15:21
41, 7, Attack Walled City, Op Attack Units Targets, Target 8, Owner 14, UNIT_SWORDSMAN, 2:27
41, 7, Attack Walled City, Op Attack Units Targets, Target 9, Owner 14, UNIT_CATAPULT, 2:28
41, 7, Attack Walled City, Op Attack Units Targets, Target 10, Owner 14, UNIT_BUILDER, 3:28
41, 7, Attack Walled City, Op Attack Units Targets, Target 11, Owner 8, UNIT_MISSIONARY, 12:33
41, 7, Attack Walled City, Op Attack Units Targets, Target 12, Owner 8, UNIT_MISSIONARY, 13:33
41, 7, Attack Walled City, Op Attack Units Targets, Target 13, Owner 8, UNIT_MISSIONARY, 14:33
41, 7, Attack Walled City, Op Attack Units Targets, Target 14, Owner 8, UNIT_MISSIONARY, 15:33
41, 7, Attack Walled City, Op Attack Units Targets, Target 15, Owner 8, UNIT_MISSIONARY, 13:35
41, 7, Attack Walled City, Op Attack Units Targets, Target 16, Owner 8, UNIT_MISSIONARY, 12:37
41, 7, Attack Walled City, Op Attack Units Targets, Target 17, Owner 8, UNIT_MISSIONARY, 11:40
41, 7, Attack Walled City, Op Attack Units Targets, Target 18, Owner 8, UNIT_MISSIONARY, 10:41
41, 7, Attack Walled City, Op Attack Units Targets, Target 19, Owner 8, UNIT_MISSIONARY, 11:42
41, 7, Attack Walled City, Op Attack Units Targets, Target 20, Owner 8, UNIT_MISSIONARY, 12:43
41, 7, Attack Walled City, Op Attack Units Targets, Target 21, Owner 5, UNIT_MISSIONARY, 28:68
41, 7, Attack Walled City, Op Attack Units Targets, Target 22, Owner 4, UNIT_GREAT_GENERAL, 41:12
41, 7, Attack Walled City, Op Attack Units Targets, Target 23, Owner 4, UNIT_NUBIAN_PITATI, 41:13
41, 7, Attack Walled City, Op Attack Units Targets, Target 24, Owner 4, UNIT_VAMPIRE, 41:12
41, 7, Attack Walled City, Operation Move, UNIT_SWORDSMAN, 12:31, 8:24, 12:30
41, 7, Attack Walled City, Operation Move, UNIT_WARRIOR, 12:32, 8:24, 12:31
41, 7, Attack Walled City, Operation Move, UNIT_SWORDSMAN, 13:32, 8:24, 13:31
41, 7, Attack Walled City, Operation Move, UNIT_SKIRMISHER, 12:33, 8:24, 12:32
41, 7, Attack Walled City, Operation Move, UNIT_WARRIOR, 11:33, 8:24, 11:32
41, 7, Attack Walled City, Operation Move, UNIT_CATAPULT, 14:32, 9:25, 14:31
41, 7, Attack Walled City, Operation Move, UNIT_SKIRMISHER, 15:33, 9:22, 15:32
41, 7, Attack Walled City, Operation Move, UNIT_SKIRMISHER, 15:36, 8:24, 13:34
41, 7, Attack Walled City, Operation Move, UNIT_SWORDSMAN, 12:37, 8:24, 11:36
41, 7, Attack Walled City, Operation Move, UNIT_SWORDSMAN, 11:37, 8:24, 10:35
41, 7, Attack Walled City, Operation Move, UNIT_SWORDSMAN, 11:38, 8:24, 10:37
41, 7, Attack Walled City, Operation Move, UNIT_SWORDSMAN, 13:38, 8:24, 11:37
41, Attack Enemy City, 7, , Battle line, 268435461:30, 0 endangered
41, 7, Attack Enemy City, No recruits to reach minimum, , , 
41, 7, Attack Enemy City, Recruiting strength, , Enemy Str: 97 / 108.0, UNIT_SKIRMISHER
41, 7, Attack Enemy City, Recruiting strength, , Enemy Str: 97 / 108.0, UNIT_SKIRMISHER
41, 7, Attack Enemy City, No recruits to reach minimum, , , 
41, 7, Attack Enemy City, No recruits to match strength, , Enemy Str: 97 / 72.0, 
41, 7, Attack Enemy City, No recruits to reach minimum, , , 
41, 7, Attack Enemy City, No recruits to match strength, , Enemy Str: 97 / 108.0, 
41, 7, Attack Enemy City, No recruits to reach minimum, , , 
41, 7, Attack Enemy City, No recruits to match strength, , Enemy Str: 97 / 72.0, 
41, Attack Enemy City, 7, , Battle line, 107374190:32, 0 endangered
41, 7, Attack Enemy City, Operation Recruit, 7 units, Recruited 2, Contract for: UNIT_SWORDSMAN
41, 7, Attack Enemy City, Operation Move, UNIT_SWORDSMAN, 5:30, 1:27, 4:29
41, 7, Attack Enemy City, Operation Move, UNIT_SWORDSMAN, 6:30, 1:27, 5:30
41, 7, Attack Enemy City, Operation Move, UNIT_SWORDSMAN, 6:29, 1:27, 5:29
41, 7, Attack Enemy City, Operation Move, UNIT_WARRIOR, 8:30, 1:27, 6:30
41, 7, Attack Enemy City, Operation Move, UNIT_SWORDSMAN, 8:32, 1:27, 7:30
41, 7, Attack Enemy City, Operation Move, UNIT_SKIRMISHER, 15:30, 1:27, 12:29
41, 7, Attack Enemy City, Operation Move, UNIT_SKIRMISHER, 10:39, 1:27, 9:37
41, 8, Settle New City, Started
41, 8, Settle New City running, TARGET 21:12
41, 8, Settle New City, ,0, Not Ready, 
41, 8, Attack Enemy City running, TARGET 8:23
41, Attack Enemy City, 8, , Battle line, 12:21, 0 endangered
41, 8, Attack Enemy City, ,0, Ready, UNIT_SWORDSMAN; UNIT_CATAPULT; UNIT_ARCHER; UNIT_HORSEMAN; UNIT_SWORDSMAN; UNIT_SWORDSMAN; UNIT_SWORDSMAN; UNIT_VIETNAMESE_VOI_CHIEN; UNIT_HORSEMAN; UNIT_HORSEMAN; UNIT_SWORDSMAN; 
41, 8, Attack Enemy City, ,1, Ready, 
41, Attack Enemy City, 8, , Battle line, 12:21, 0 endangered
41, 8, Attack Enemy City, No recruits to reach minimum, , , 
41, 8, Attack Enemy City, No recruits to match strength, , Enemy Str: 221 / 108.0, 
41, 8, Attack Enemy City, No recruits to reach minimum, , , 
41, 8, Attack Enemy City, No recruits to match strength, , Enemy Str: 221 / 72.0, 
41, 8, Attack Enemy City, No recruits to reach minimum, , , 
41, 8, Attack Enemy City, No recruits to match strength, , Enemy Str: 221 / 108.0, 
41, 8, Attack Enemy City, No recruits to reach minimum, , , 
41, 8, Attack Enemy City, No recruits to match strength, , Enemy Str: 221 / 72.0, 
41, Attack Enemy City, 8, , Battle line, 12:21, 0 endangered
41, 8, Attack Enemy City, Operation Recruit, 11 units, Recruited 0, Contract for: UNIT_HORSEMAN
41, 8, Attack Enemy City, Op Attack Units Targets, Target 0, Owner 16, UNIT_SWORDSMAN, 10:22
41, 8, Attack Enemy City, Op Attack Units Targets, Target 1, Owner 16, UNIT_BUILDER, 8:23
41, 8, Attack Enemy City, Op Attack Units Targets, Target 2, Owner 16, UNIT_SWORDSMAN, 10:23
41, 8, Attack Enemy City, Op Attack Units Targets, Target 3, Owner 16, UNIT_SWORDSMAN, 9:23
41, 8, Attack Enemy City, Op Attack Units Targets, Target 4, Owner 16, UNIT_CROSSBOWMAN, 8:23
41, 8, Attack Enemy City, Operation Attack Units, UNIT_ARCHER, At 10:20, Move 10:20, Attack 10:22
41, 8, Attack Enemy City, Operation Attack Units, UNIT_SWORDSMAN, At 12:24, Move 11:23, Attack -9999:-9999
41, 8, Attack Enemy City, Operation Siege City, UNIT_HORSEMAN, From 11:21, Goal: 9:23, Move 9:21
41, 8, Attack Enemy City, Operation Move, UNIT_CATAPULT, 10:19, 10:22, 10:19
41, 8, Attack Enemy City, Operation Move, UNIT_SWORDSMAN, 13:24, 9:22, 12:24
41, 8, Attack Enemy City, Operation Move, UNIT_SWORDSMAN, 13:23, 9:22, 13:24
41, 8, Attack Enemy City, Operation Move, UNIT_SWORDSMAN, 14:27, 9:22, 13:26
41, 8, Attack Enemy City, Operation Move, UNIT_VIETNAMESE_VOI_CHIEN, 16:28, 9:25, 13:27
41, 8, Attack Enemy City, Operation Move, UNIT_HORSEMAN, 18:23, 9:22, 16:22
41, 8, Attack Enemy City, Operation Move, UNIT_HORSEMAN, 18:20, 9:22, 14:19
41, 8, Attack Enemy City, Operation Move, UNIT_SWORDSMAN, 20:19, 9:22, 19:20
41, 9, Settle New City running, TARGET 35:16
41, Settle New City, 9, , Battle line, 38:12, 0 endangered
41, 9, Settle New City, ,0, Ready, UNIT_SETTLER; UNIT_CROSSBOWMAN; UNIT_ROMAN_LEGION; UNIT_CROSSBOWMAN; UNIT_CROSSBOWMAN; UNIT_CROSSBOWMAN; 
41, 9, City Defense running, TARGET 37:13
41, City Defense, 9, , Battle line, 38:11, 0 endangered
41, 9, City Defense, ,0, Ready, UNIT_CATAPULT; UNIT_ROMAN_LEGION; UNIT_CROSSBOWMAN; UNIT_CROSSBOWMAN; UNIT_MAN_AT_ARMS; 
41, 9, Settle New City, No recruits to reach minimum, , , 
41, 9, Settle New City, No recruits to match strength, , Enemy Str: 0 / 46.0, 
41, 9, Settle New City, No recruits to reach minimum, , , 
41, 9, Settle New City, No recruits to match strength, , Enemy Str: 0 / 46.0, 
41, 9, Settle New City, Operation Recruit, 5 units, Recruited 0, Contract for: UNIT_ROMAN_LEGION
41, 9, Settle New City, Op Attack Units Targets, Target 0, Owner 4, UNIT_SWORDSMAN, 39:11
41, 9, Settle New City, Operation Attack Units, UNIT_CROSSBOWMAN, At 38:11, Move 38:11, Attack 39:11
41, 9, Settle New City, Operation Attack Units, UNIT_CROSSBOWMAN, At 38:13, Move 38:13, Attack 39:11
41, 9, Settle New City, Operation Attack Units, UNIT_CROSSBOWMAN, At 38:14, Move 39:13, Attack -9999:-9999
41, 9, Settle New City, Operation Move, UNIT_SETTLER, 35:16, 35:16, 35:16
41, 9, Settle New City, Operation Move, UNIT_CROSSBOWMAN, 35:14, 35:16, 34:15
41, City Defense, 9, , Battle line, 38:11, 0 endangered
41, 9, City Defense, No recruits to reach minimum, , , 
41, 9, City Defense, No recruits to match strength, , Enemy Str: 101 / 46.0, 
41, 9, City Defense, No recruits to reach minimum, , , 
41, 9, City Defense, No recruits to match strength, , Enemy Str: 101 / 46.0, 
41, City Defense, 9, , Battle line, 38:11, 0 endangered
41, 9, City Defense, Operation Recruit, 5 units, Recruited 0, Contract for: UNIT_SKIRMISHER
41, 9, City Defense, Op Attack Units Targets, Target 0, Owner 4, UNIT_SWORDSMAN, 39:11
41, 9, City Defense, Operation Attack Units, UNIT_CATAPULT, At 38:10, Move 38:10, Attack 39:11
41, 9, City Defense, Operation Attack Units, UNIT_MAN_AT_ARMS, At 39:10, Move 39:10, Attack 39:11
41, 9, City Defense, Operation Attack Units, UNIT_ROMAN_LEGION, At 37:12, Move 39:12, Attack -9999:-9999
41, 9, City Defense, Operation Move, UNIT_CROSSBOWMAN, 37:13, 37:14, 37:14
41, 9, City Defense, Operation Move, UNIT_CROSSBOWMAN, 35:12, 36:13, 36:12
41, 9, Settle New City, Operation complete
41, 13, Naval Superiority running, TARGET 56:2
41, 13, Naval Superiority, ,0, Not Ready, 
41, 13, Naval Superiority, No recruits to reach minimum, , , 
41, 13, Naval Superiority, Operation Recruit, 0 units, Recruited 0, Contract for: UNIT_WARRIOR_MONK
41, 14, Naval Superiority running, TARGET 1:26
41, 14, Naval Superiority, ,0, Not Ready, 
41, 14, Naval Superiority, No recruits to reach minimum, , , 
41, 14, Naval Superiority, Operation Recruit, 0 units, Recruited 0, Contract for: UNIT_WARRIOR_MONK
41, 16, Naval Superiority running, TARGET 7:23
41, 16, Naval Superiority, ,0, Not Ready, 
41, 16, City Defense running, TARGET 8:23
41, City Defense, 16, , Battle line, 715827892:22, 0 endangered
41, 16, City Defense, ,0, Ready, UNIT_SWORDSMAN; UNIT_SWORDSMAN; UNIT_SWORDSMAN; UNIT_CATAPULT; UNIT_CROSSBOWMAN; 
41, 16, City Defense, ,1, Ready, 
41, 16, City Defense, No recruits to reach minimum, , , 
41, 16, City Defense, No recruits to match strength, , Enemy Str: 186 / 36.0, 
41, 16, City Defense, No recruits to reach minimum, , , 
41, 16, City Defense, No recruits to match strength, , Enemy Str: 186 / 36.0, 
41, 16, City Defense, Operation Recruit, 5 units, Recruited 0, Contract for: UNIT_SKIRMISHER
41, 16, City Defense, Op Attack Units Targets, Target 0, Owner 8, UNIT_ARCHER, 10:20
41, 16, City Defense, Op Attack Units Targets, Target 1, Owner 8, UNIT_HORSEMAN, 9:21
41, 16, City Defense, Op Attack Units Targets, Target 2, Owner 8, UNIT_SWORDSMAN, 11:23
41, 16, City Defense, Operation Attack Units, UNIT_CROSSBOWMAN, At 8:23, Move 8:23, Attack 9:21
41, 16, City Defense, Operation Attack Units, UNIT_SWORDSMAN, At 10:23, Move 10:23, Attack 11:23
41, 16, City Defense, Operation Attack Units, UNIT_SWORDSMAN, At 10:22, Move 10:21, Attack 10:20
41, 16, City Defense, Operation Attack Units, UNIT_CATAPULT, At 9:24, Move 9:22, Attack -9999:-9999
41, 16, City Defense, Operation Attack Units, UNIT_SWORDSMAN, At 9:23, Move 11:20, Attack -9999:-9999
41, 16, Naval Superiority, Operation Recruit, 0 units, Recruited 0, Contract for: UNIT_WARRIOR_MONK
42, 5, Settle New City running, TARGET 35:78
42, Settle New City, 5, , Battle line, 34:74, 0 endangered
42, 5, Settle New City, ,0, Ready, UNIT_MACEDONIAN_HETAIROI; UNIT_SETTLER; 
42, 5, Naval Superiority running, TARGET 15:71
42, 5, Naval Superiority, ,0, Not Ready, 
42, Settle New City, 5, , Battle line, 34:74, 0 endangered
42, 5, Settle New City, No recruits to reach minimum, , , 
42, 5, Settle New City, Recruiting strength, , Enemy Str: 0 / 38.0, UNIT_MACEDONIAN_HETAIROI
42, 5, Settle New City, No recruits to reach minimum, , , 
42, 5, Settle New City, No recruits to match strength, , Enemy Str: 0 / 38.0, 
42, Settle New City, 5, , Battle line, 34:73, 0 endangered
42, 5, Settle New City, Operation Recruit, 3 units, Recruited 1, Contract for: UNIT_MAN_AT_ARMS
42, Settle New City, 5, , Battle line, 34:73, 0 endangered
42, 5, Settle New City, No recruits to reach minimum, , , 
42, 5, Settle New City, No recruits to match strength, , Enemy Str: 0 / 38.0, 
42, 5, Settle New City, No recruits to reach minimum, , , 
42, 5, Settle New City, No recruits to match strength, , Enemy Str: 0 / 38.0, 
42, Settle New City, 5, , Battle line, 34:73, 0 endangered
42, 5, Settle New City, Operation Recruit, 3 units, Recruited 0, Contract for: UNIT_MAN_AT_ARMS
42, 5, Settle New City, Op Attack Units Targets, Target 0, Owner 2, UNIT_WARRIOR, 33:68
42, 5, Settle New City, Operation Attack Units, UNIT_MACEDONIAN_HETAIROI, At 31:71, Move 32:69, Attack -9999:-9999
42, 5, Settle New City, Operation Move, UNIT_MACEDONIAN_HETAIROI, 35:74, 34:75, 34:75
42, 5, Settle New City, Operation Move, UNIT_SETTLER, 23:72, 34:74, 24:71
42, 5, Settle New City, Operation Move, UNIT_MACEDONIAN_HETAIROI, 34:75, 35:78, 35:77
42, 5, Naval Superiority, No recruits to reach minimum, , , 
42, 5, Naval Superiority, Operation Recruit, 0 units, Recruited 0, Contract for: UNIT_MACEDONIAN_HETAIROI
42, 6, Naval Superiority running, TARGET 23:56
42, 6, Naval Superiority, ,0, Not Ready, 
42, 6, Settle New City running, TARGET 15:64
42, 6, Settle New City, ,0, Ready, UNIT_WARRIOR; UNIT_SETTLER; UNIT_SWORDSMAN; 
42, 6, Settle New City, No recruits to reach minimum, , , 
42, 6, Settle New City, No recruits to match strength, , Enemy Str: 0 / 36.0, 
42, 6, Settle New City, No recruits to reach minimum, , , 
42, 6, Settle New City, No recruits to match strength, , Enemy Str: 0 / 36.0, 
42, 6, Settle New City, Operation Recruit, 2 units, Recruited 0, Contract for: UNIT_SWORDSMAN
42, 6, Settle New City, Operation Move, UNIT_SETTLER, 15:64, 15:64, 15:64
42, 6, Settle New City, Operation Move, UNIT_SWORDSMAN, 16:64, 15:64, 15:64
42, 6, Settle New City, Operation complete
42, 6, Naval Superiority, No recruits to reach minimum, , , 
42, 6, Naval Superiority, Operation Recruit, 0 units, Recruited 0, Contract for: UNIT_GALLEY
42, 7, Settle New City, Started
42, 7, Attack Walled City running, TARGET 8:23
42, Attack Walled City, 7, , Battle line, 134217739:35, 0 endangered
42, 7, Attack Walled City, ,0, Ready, UNIT_SWORDSMAN; UNIT_SWORDSMAN; UNIT_SWORDSMAN; UNIT_SKIRMISHER; UNIT_WARRIOR; UNIT_WARRIOR; UNIT_CATAPULT; UNIT_SWORDSMAN; UNIT_SWORDSMAN; UNIT_SKIRMISHER; UNIT_SWORDSMAN; UNIT_SKIRMISHER; UNIT_SKIRMISHER; 
42, 7, Attack Walled City, ,1, Ready, 
42, 7, Settle New City running, TARGET 15:42
42, 7, Settle New City, ,0, Not Ready, 
42, 7, Attack Enemy City running, TARGET 2:26
42, Attack Enemy City, 7, , Battle line, 107374190:32, 0 endangered
42, 7, Attack Enemy City, ,0, Ready, UNIT_SWORDSMAN; UNIT_WARRIOR; UNIT_SWORDSMAN; UNIT_SWORDSMAN; UNIT_SWORDSMAN; UNIT_SKIRMISHER; UNIT_SKIRMISHER; 
42, 7, Attack Enemy City, ,1, Ready, 
42, Settle New City, 7, , Battle line, 1073741836:43, 0 endangered
42, 7, Settle New City, Recruiting minimums, , , UNIT_SWORDSMAN
42, 7, Settle New City, Recruiting strength, , Enemy Str: 0 / 36.0, UNIT_SWORDSMAN
42, 7, Settle New City, No recruits to reach minimum, , , 
42, 7, Settle New City, No recruits to match strength, , Enemy Str: 0 / 36.0, 
42, Settle New City, 7, , Battle line, 715827895:43, 0 endangered
42, 7, Settle New City, Operation Recruit, 2 units, Recruited 1, Contract for: UNIT_HORSEMAN
42, Settle New City, 7, , Battle line, 715827895:43, 0 endangered
42, 7, Settle New City, No recruits to reach minimum, , , 
42, 7, Settle New City, No recruits to match strength, , Enemy Str: 0 / 36.0, 
42, 7, Settle New City, No recruits to reach minimum, , , 
42, 7, Settle New City, No recruits to match strength, , Enemy Str: 0 / 36.0, 
42, Settle New City, 7, , Battle line, 715827895:43, 0 endangered
42, 7, Settle New City, Operation Recruit, 2 units, Recruited 0, Contract for: UNIT_HORSEMAN
42, 7, Settle New City, Operation Move, UNIT_SETTLER, 15:44, 12:43, 15:44
42, 7, Settle New City, Operation Move, UNIT_SETTLER, 15:44, 15:42, 15:44
42, 7, Attack Walled City, Op Attack Units Targets, Target 0, Owner 9, UNIT_MISSIONARY, 28:16
42, 7, Attack Walled City, Op Attack Units Targets, Target 1, Owner 9, UNIT_MISSIONARY, 24:20
42, 7, Attack Walled City, Op Attack Units Targets, Target 2, Owner 16, UNIT_SWORDSMAN, 10:21
42, 7, Attack Walled City, Op Attack Units Targets, Target 3, Owner 16, UNIT_CATAPULT, 9:22
42, 7, Attack Walled City, Op Attack Units Targets, Target 4, Owner 16, UNIT_SWORDSMAN, 10:22
42, 7, Attack Walled City, Op Attack Units Targets, Target 5, Owner 8, UNIT_MISSIONARY, 14:22
42, 7, Attack Walled City, Op Attack Units Targets, Target 6, Owner 8, UNIT_MISSIONARY, 14:24
42, 7, Attack Walled City, Op Attack Units Targets, Target 7, Owner 6, UNIT_MISSIONARY, 7:30
42, 7, Attack Walled City, Op Attack Units Targets, Target 8, Owner 8, UNIT_MISSIONARY, 12:33
42, 7, Attack Walled City, Op Attack Units Targets, Target 9, Owner 6, UNIT_MISSIONARY, 10:36
42, 7, Attack Walled City, Op Attack Units Targets, Target 10, Owner 8, UNIT_MISSIONARY, 13:36
42, 7, Attack Walled City, Op Attack Units Targets, Target 11, Owner 6, UNIT_MISSIONARY, 7:37
42, 7, Attack Walled City, Op Attack Units Targets, Target 12, Owner 6, UNIT_MISSIONARY, 11:37
42, 7, Attack Walled City, Op Attack Units Targets, Target 13, Owner 6, UNIT_MISSIONARY, 12:37
42, 7, Attack Walled City, Op Attack Units Targets, Target 14, Owner 8, UNIT_MISSIONARY, 10:38
42, 7, Attack Walled City, Op Attack Units Targets, Target 15, Owner 8, UNIT_MISSIONARY, 11:39
42, 7, Attack Walled City, Op Attack Units Targets, Target 16, Owner 8, UNIT_MISSIONARY, 10:41
42, 7, Attack Walled City, Op Attack Units Targets, Target 17, Owner 8, UNIT_MISSIONARY, 11:42
42, 7, Attack Walled City, Op Attack Units Targets, Target 18, Owner 8, UNIT_MISSIONARY, 10:43
42, 7, Attack Walled City, Op Attack Units Targets, Target 19, Owner 8, UNIT_MISSIONARY, 12:43
42, 7, Attack Walled City, Op Attack Units Targets, Target 20, Owner 6, UNIT_MISSIONARY, 11:44
42, 7, Attack Walled City, Op Attack Units Targets, Target 21, Owner 6, UNIT_APOSTLE, 8:57
42, 7, Attack Walled City, Op Attack Units Targets, Target 22, Owner 6, UNIT_APOSTLE, 13:57
42, 7, Attack Walled City, Op Attack Units Targets, Target 23, Owner 5, UNIT_MISSIONARY, 23:64
42, 7, Attack Walled City, Operation Move, UNIT_SWORDSMAN, 12:30, 9:24, 11:29
42, 7, Attack Walled City, Operation Move, UNIT_WARRIOR, 12:31, 9:24, 12:30
42, 7, Attack Walled City, Operation Move, UNIT_SKIRMISHER, 12:32, 9:24, 12:31
42, 7, Attack Walled City, Operation Move, UNIT_WARRIOR, 11:32, 9:24, 11:31
42, 7, Attack Walled City, Operation Move, UNIT_SWORDSMAN, 13:31, 9:24, 14:30
42, 7, Attack Walled City, Operation Move, UNIT_CATAPULT, 15:30, 9:25, 13:29
42, 7, Attack Walled City, Operation Move, UNIT_SKIRMISHER, 14:32, 9:24, 14:29
42, 7, Attack Walled City, Operation Move, UNIT_SKIRMISHER, 13:34, 9:24, 12:32
42, 7, Attack Walled City, Operation Move, UNIT_SWORDSMAN, 10:35, 9:24, 9:33
42, 7, Attack Walled City, Operation Move, UNIT_SWORDSMAN, 11:36, 9:24, 10:34
42, 7, Attack Walled City, Operation Move, UNIT_SWORDSMAN, 10:37, 9:24, 10:36
42, 7, Attack Walled City, Operation Move, UNIT_SWORDSMAN, 11:37, 9:24, 10:35
42, 7, Attack Walled City, Operation Move, UNIT_SKIRMISHER, 11:43, 9:24, 10:40
42, Attack Enemy City, 7, , Battle line, 107374190:32, 0 endangered
42, 7, Attack Enemy City, No recruits to reach minimum, , , 
42, 7, Attack Enemy City, No recruits to match strength, , Enemy Str: 84 / 108.0, 
42, 7, Attack Enemy City, No recruits to reach minimum, , , 
42, 7, Attack Enemy City, No recruits to match strength, , Enemy Str: 84 / 72.0, 
42, 7, Attack Enemy City, No recruits to reach minimum, , , 
42, 7, Attack Enemy City, No recruits to match strength, , Enemy Str: 84 / 108.0, 
42, 7, Attack Enemy City, No recruits to reach minimum, , , 
42, 7, Attack Enemy City, No recruits to match strength, , Enemy Str: 84 / 72.0, 
42, Attack Enemy City, 7, , Battle line, 107374190:32, 0 endangered
42, 7, Attack Enemy City, Operation Recruit, 7 units, Recruited 0, Contract for: UNIT_SWORDSMAN
42, 7, Attack Enemy City, Operation Protect Units, UNIT_SWORDSMAN, Move 5 27
42, 7, Attack Enemy City, Op Attack Units Targets, Target 0, Owner 14, UNIT_CATAPULT, 3:29
42, 7, Attack Enemy City, Operation Attack Units, UNIT_SWORDSMAN, At 4:29, Move 4:29, Attack 3:29
42, 7, Attack Enemy City, Operation Move, UNIT_SWORDSMAN, 5:30, 2:27, 6:29
42, 7, Attack Enemy City, Operation Move, UNIT_WARRIOR, 6:30, 2:27, 8:30
42, 7, Attack Enemy City, Operation Move, UNIT_SWORDSMAN, 7:30, 2:27, 6:31
42, 7, Attack Enemy City, Operation Move, UNIT_SKIRMISHER, 12:29, 2:27, 11:28
42, 7, Attack Enemy City, Operation Move, UNIT_SKIRMISHER, 9:37, 2:27, 7:35
42, 8, Settle New City running, TARGET 21:12
42, 8, Settle New City, ,0, Not Ready, 
42, 8, Attack Enemy City running, TARGET 8:23
42, Attack Enemy City, 8, , Battle line, 12:21, 0 endangered
42, 8, Attack Enemy City, ,0, Ready, UNIT_SWORDSMAN; UNIT_CATAPULT; UNIT_ARCHER; UNIT_SWORDSMAN; UNIT_SWORDSMAN; UNIT_SWORDSMAN; UNIT_VIETNAMESE_VOI_CHIEN; UNIT_HORSEMAN; UNIT_HORSEMAN; UNIT_SWORDSMAN; 
42, 8, Attack Enemy City, ,1, Ready, 
42, 8, Settle New City, Recruiting minimums, , , UNIT_MAN_AT_ARMS
42, 8, Settle New City, No recruits to reach minimum, , , 
42, Settle New City, 8, , Battle line, 27:14, 0 endangered
42, 8, Settle New City, Operation Recruit, 1 units, Recruited 1, Contract for: UNIT_SETTLER
42, 8, Settle New City, Operation Move, UNIT_MAN_AT_ARMS, 26:12, 26:12, 26:12
42, Attack Enemy City, 8, , Battle line, 12:21, 0 endangered
42, 8, Attack Enemy City, No recruits to reach minimum, , , 
42, 8, Attack Enemy City, No recruits to match strength, , Enemy Str: 183 / 108.0, 
42, 8, Attack Enemy City, No recruits to reach minimum, , , 
42, 8, Attack Enemy City, No recruits to match strength, , Enemy Str: 183 / 72.0, 
42, 8, Attack Enemy City, No recruits to reach minimum, , , 
42, 8, Attack Enemy City, No recruits to match strength, , Enemy Str: 183 / 108.0, 
42, 8, Attack Enemy City, No recruits to reach minimum, , , 
42, 8, Attack Enemy City, No recruits to match strength, , Enemy Str: 183 / 72.0, 
42, Attack Enemy City, 8, , Battle line, 12:21, 0 endangered
42, 8, Attack Enemy City, Operation Recruit, 10 units, Recruited 0, Contract for: UNIT_HORSEMAN
42, 8, Attack Enemy City, Op Attack Units Targets, Target 0, Owner 16, UNIT_SWORDSMAN, 10:21
42, 8, Attack Enemy City, Op Attack Units Targets, Target 1, Owner 16, UNIT_CATAPULT, 9:22
42, 8, Attack Enemy City, Op Attack Units Targets, Target 2, Owner 16, UNIT_SWORDSMAN, 10:22
42, 8, Attack Enemy City, Operation Attack Units, UNIT_SWORDSMAN, At 11:23, Move 11:22, Attack -9999:-9999
42, 8, Attack Enemy City, Operation Attack Units, UNIT_SWORDSMAN, At 12:24, Move 10:23, Attack -9999:-9999
42, 8, Attack Enemy City, Operation Attack Units, UNIT_HORSEMAN, At 14:19, Move 10:20, Attack -9999:-9999
42, 8, Attack Enemy City, Operation Attack Units, UNIT_VIETNAMESE_VOI_CHIEN, At 13:27, Move 10:24, Attack -9999:-9999
42, 8, Attack Enemy City, Operation Attack Units, UNIT_HORSEMAN, At 16:22, Move 11:20, Attack -9999:-9999
42, 8, Attack Enemy City, Operation Move, UNIT_ARCHER, 10:20, 9:23, 11:20
42, 8, Attack Enemy City, Operation Move, UNIT_CATAPULT, 10:19, 9:21, 11:19
42, 8, Attack Enemy City, Operation Move, UNIT_SWORDSMAN, 13:24, 9:24, 12:24
42, 8, Attack Enemy City, Operation Move, UNIT_SWORDSMAN, 13:26, 9:24, 12:26
42, 8, Attack Enemy City, Operation Move, UNIT_SWORDSMAN, 19:20, 9:23, 17:21
42, 9, Settle New City, Started
42, 9, Settle New City running, TARGET 40:16
42, 9, Settle New City, ,0, Not Ready, 
42, 9, City Defense running, TARGET 37:13
42, City Defense, 9, , Battle line, 40:11, 0 endangered
42, 9, City Defense, ,0, Ready, UNIT_CATAPULT; UNIT_ROMAN_LEGION; UNIT_CROSSBOWMAN; UNIT_CROSSBOWMAN; UNIT_MAN_AT_ARMS; 
42, 9, City Defense, No recruits to reach minimum, , , 
42, 9, City Defense, No recruits to match strength, , Enemy Str: 71 / 46.0, 
42, 9, City Defense, No recruits to reach minimum, , , 
42, 9, City Defense, No recruits to match strength, , Enemy Str: 71 / 46.0, 
42, 9, City Defense, Operation Recruit, 5 units, Recruited 0, Contract for: UNIT_SKIRMISHER
42, 9, City Defense, Operation Move, UNIT_ROMAN_LEGION, 39:12, 37:12, 37:12
42, 9, City Defense, Operation Move, UNIT_CROSSBOWMAN, 36:12, 36:13, 36:13
42, 9, City Defense, Operation Move, UNIT_CATAPULT, 38:10, 38:14, 37:11
42, 9, City Defense, Operation Move, UNIT_MAN_AT_ARMS, 39:11, 38:14, 39:12
42, 13, Naval Superiority running, TARGET 56:2
42, 13, Naval Superiority, ,0, Not Ready, 
42, 13, Naval Superiority, No recruits to reach minimum, , , 
42, 13, Naval Superiority, Operation Recruit, 0 units, Recruited 0, Contract for: UNIT_WARRIOR_MONK
42, 14, City Defense, Started
42, 14, Naval Superiority running, TARGET 1:26
42, 14, Naval Superiority, ,0, Not Ready, 
42, 14, City Defense running, TARGET 2:26
42, 14, City Defense, ,0, Ready, 
42, 14, City Defense, ,1, Ready, 
42, 14, City Defense, No recruits to reach minimum, , , 
42, 14, City Defense, Recruiting strength, , Enemy Str: 0 / 36.0, UNIT_SWORDSMAN
42, 14, City Defense, Recruiting strength, , Enemy Str: 0 / 36.0, UNIT_CATAPULT
42, 14, City Defense, No recruits to reach minimum, , , 
42, 14, City Defense, No recruits to match strength, , Enemy Str: 0 / 36.0, 
42, City Defense, 14, , Battle line, 1073741827:27, 0 endangered
42, 14, City Defense, Operation Recruit, 2 units, Recruited 2, Contract for: UNIT_SKIRMISHER
42, 14, City Defense, Operation Move, UNIT_SWORDSMAN, 1:25, 1:25, 1:25
42, 14, Naval Superiority, No recruits to reach minimum, , , 
42, 14, Naval Superiority, Operation Recruit, 0 units, Recruited 0, Contract for: UNIT_WARRIOR_MONK
42, 16, Naval Superiority running, TARGET 7:23
42, 16, Naval Superiority, ,0, Not Ready, 
42, 16, City Defense running, TARGET 8:23
42, City Defense, 16, , Battle line, 10:21, 0 endangered
42, 16, City Defense, ,0, Ready, UNIT_SWORDSMAN; UNIT_SWORDSMAN; UNIT_CATAPULT; UNIT_CROSSBOWMAN; 
42, 16, City Defense, ,1, Ready, 
42, City Defense, 16, , Battle line, 10:21, 0 endangered
42, 16, City Defense, No recruits to reach minimum, , , 
42, 16, City Defense, Recruiting strength, , Enemy Str: 134 / 36.0, UNIT_CROSSBOWMAN
42, 16, City Defense, No recruits to reach minimum, , , 
42, 16, City Defense, No recruits to match strength, , Enemy Str: 134 / 36.0, 
42, City Defense, 16, , Battle line, 10:21, 0 endangered
42, 16, City Defense, Operation Recruit, 5 units, Recruited 1, Contract for: UNIT_SKIRMISHER
42, 16, City Defense, Op Attack Units Targets, Target 0, Owner 8, UNIT_CATAPULT, 11:19
42, 16, City Defense, Op Attack Units Targets, Target 1, Owner 8, UNIT_ARCHER, 11:20
42, 16, City Defense, Op Attack Units Targets, Target 2, Owner 8, UNIT_SWORDSMAN, 11:22
42, 16, City Defense, Op Attack Units Targets, Target 3, Owner 8, UNIT_SWORDSMAN, 11:23
42, 16, City Defense, Operation Attack Units, UNIT_CATAPULT, At 9:22, Move 10:22, Attack -9999:-9999
42, 16, City Defense, Operation Attack Units, UNIT_CROSSBOWMAN, At 8:23, Move 9:22, Attack 11:22
42, 16, City Defense, Operation Attack Units, UNIT_SWORDSMAN, At 10:21, Move 11:21, Attack -9999:-9999
42, 16, City Defense, Operation Attack Units, UNIT_SWORDSMAN, At 10:22, Move 10:21, Attack 11:20
42, 16, City Defense, Operation Move, UNIT_CROSSBOWMAN, 8:23, 8:24, 8:24
42, 16, Naval Superiority, No recruits to reach minimum, , , 
42, 16, Naval Superiority, Operation Recruit, 0 units, Recruited 0, Contract for: UNIT_WARRIOR_MONK
43, 5, Settle New City running, TARGET 35:78
43, Settle New City, 5, , Battle line, 35:74, 0 endangered
43, 5, Settle New City, ,0, Ready, UNIT_MACEDONIAN_HETAIROI; UNIT_SETTLER; UNIT_MACEDONIAN_HETAIROI; 
43, 5, Naval Superiority running, TARGET 15:71
43, 5, Naval Superiority, ,0, Not Ready, 
43, 5, Settle New City, No recruits to reach minimum, , , 
43, 5, Settle New City, No recruits to match strength, , Enemy Str: 0 / 46.0, 
43, 5, Settle New City, No recruits to reach minimum, , , 
43, 5, Settle New City, No recruits to match strength, , Enemy Str: 0 / 46.0, 
43, 5, Settle New City, Operation Recruit, 3 units, Recruited 0, Contract for: UNIT_MAN_AT_ARMS
43, 5, Settle New City, Op Attack Units Targets, Target 0, Owner 2, UNIT_WARRIOR, 35:68
43, 5, Settle New City, Operation Attack Units, UNIT_MACEDONIAN_HETAIROI, At 32:69, Move 34:69, Attack 35:68
43, 5, Settle New City, Operation Move, UNIT_MACEDONIAN_HETAIROI, 35:77, 35:78, 35:78
43, 5, Settle New City, Operation Move, UNIT_SETTLER, 24:71, 35:78, 26:71
43, 5, Naval Superiority, No recruits to reach minimum, , , 
43, 5, Naval Superiority, Operation Recruit, 0 units, Recruited 0, Contract for: UNIT_MACEDONIAN_HETAIROI
43, 6, Settle New City, Started
43, 6, Naval Superiority running, TARGET 23:56
43, 6, Naval Superiority, ,0, Not Ready, 
43, 6, Settle New City running, TARGET 11:65
43, 6, Settle New City, ,0, Not Ready, 
43, 6, Naval Superiority, No recruits to reach minimum, , , 
43, 6, Naval Superiority, Operation Recruit, 0 units, Recruited 0, Contract for: UNIT_GALLEY
43, 7, Attack Walled City running, TARGET 8:23
43, Attack Walled City, 7, , Battle line, 126322579:34, 0 endangered
43, 7, Attack Walled City, ,0, Ready, UNIT_SWORDSMAN; UNIT_SWORDSMAN; UNIT_SWORDSMAN; UNIT_SKIRMISHER; UNIT_WARRIOR; UNIT_WARRIOR; UNIT_CATAPULT; UNIT_SWORDSMAN; UNIT_SWORDSMAN; UNIT_SKIRMISHER; UNIT_SWORDSMAN; UNIT_SKIRMISHER; UNIT_SKIRMISHER; 
43, 7, Attack Walled City, ,1, Ready, 
43, 7, Settle New City running, TARGET 15:42
43, Settle New City, 7, , Battle line, 715827896:42, 0 endangered
43, 7, Settle New City, ,0, Ready, UNIT_SETTLER; UNIT_SWORDSMAN; 
43, 7, Attack Enemy City running, TARGET 2:26
43, Attack Enemy City, 7, , Battle line, 113025462:29, 0 endangered
43, 7, Attack Enemy City, ,0, Ready, UNIT_SWORDSMAN; UNIT_WARRIOR; UNIT_SWORDSMAN; UNIT_SWORDSMAN; UNIT_SWORDSMAN; UNIT_SKIRMISHER; UNIT_SKIRMISHER; 
43, 7, Attack Enemy City, ,1, Ready, 
43, 7, Settle New City, No recruits to reach minimum, , , 
43, 7, Settle New City, Recruiting strength, , Enemy Str: 0 / 46.0, UNIT_WARRIOR
43, 7, Settle New City, No recruits to reach minimum, , , 
43, 7, Settle New City, No recruits to match strength, , Enemy Str: 0 / 46.0, 
43, Settle New City, 7, , Battle line, 214748376:41, 0 endangered
43, 7, Settle New City, Operation Recruit, 3 units, Recruited 1, Contract for: UNIT_HORSEMAN
43, 7, Settle New City, Operation Move, UNIT_SETTLER, 15:44, 15:42, 15:42
43, 7, Settle New City, Operation Move, UNIT_SWORDSMAN, 15:42, 15:42, 15:42
43, 7, Settle New City, Operation Move, UNIT_WARRIOR, 10:41, 14:41, 12:42
43, Attack Walled City, 7, , Battle line, 126322579:34, 0 endangered
43, 7, Attack Walled City, No recruits to reach minimum, , , 
43, 7, Attack Walled City, No recruits to match strength, , Enemy Str: 132 / 144.0, 
43, 7, Attack Walled City, No recruits to reach minimum, , , 
43, 7, Attack Walled City, No recruits to match strength, , Enemy Str: 132 / 108.0, 
43, 7, Attack Walled City, No recruits to reach minimum, , , 
43, 7, Attack Walled City, No recruits to match strength, , Enemy Str: 132 / 144.0, 
43, 7, Attack Walled City, No recruits to reach minimum, , , 
43, 7, Attack Walled City, No recruits to match strength, , Enemy Str: 132 / 108.0, 
43, Attack Walled City, 7, , Battle line, 126322579:34, 0 endangered
43, 7, Attack Walled City, Operation Recruit, 13 units, Recruited 0, Contract for: UNIT_SKIRMISHER
43, 7, Attack Walled City, Op Attack Units Targets, Target 0, Owner 9, UNIT_MISSIONARY, 30:9
43, 7, Attack Walled City, Op Attack Units Targets, Target 1, Owner 9, UNIT_MISSIONARY, 28:19
43, 7, Attack Walled City, Op Attack Units Targets, Target 2, Owner 16, UNIT_SWORDSMAN, 11:21
43, 7, Attack Walled City, Op Attack Units Targets, Target 3, Owner 8, UNIT_MISSIONARY, 14:22
43, 7, Attack Walled City, Op Attack Units Targets, Target 4, Owner 8, UNIT_MISSIONARY, 14:24
43, 7, Attack Walled City, Op Attack Units Targets, Target 5, Owner 8, UNIT_MISSIONARY, 14:33
43, 7, Attack Walled City, Op Attack Units Targets, Target 6, Owner 8, UNIT_MISSIONARY, 15:33
43, 7, Attack Walled City, Op Attack Units Targets, Target 7, Owner 8, UNIT_MISSIONARY, 14:36
43, 7, Attack Walled City, Op Attack Units Targets, Target 8, Owner 6, UNIT_MISSIONARY, 11:38
43, 7, Attack Walled City, Op Attack Units Targets, Target 9, Owner 8, UNIT_MISSIONARY, 14:38
43, 7, Attack Walled City, Op Attack Units Targets, Target 10, Owner 8, UNIT_MISSIONARY, 11:39
43, 7, Attack Walled City, Op Attack Units Targets, Target 11, Owner 6, UNIT_MISSIONARY, 13:40
43, 7, Attack Walled City, Op Attack Units Targets, Target 12, Owner 8, UNIT_MISSIONARY, 10:41
43, 7, Attack Walled City, Op Attack Units Targets, Target 13, Owner 6, UNIT_MISSIONARY, 14:41
43, 7, Attack Walled City, Op Attack Units Targets, Target 14, Owner 8, UNIT_MISSIONARY, 11:42
43, 7, Attack Walled City, Op Attack Units Targets, Target 15, Owner 8, UNIT_MISSIONARY, 12:44
43, 7, Attack Walled City, Op Attack Units Targets, Target 16, Owner 6, UNIT_MISSIONARY, 11:48
43, 7, Attack Walled City, Op Attack Units Targets, Target 17, Owner 6, UNIT_MISSIONARY, 18:49
43, 7, Attack Walled City, Op Attack Units Targets, Target 18, Owner 6, UNIT_APOSTLE, 12:57
43, 7, Attack Walled City, Op Attack Units Targets, Target 19, Owner 6, UNIT_APOSTLE, 13:57
43, 7, Attack Walled City, Op Attack Units Targets, Target 20, Owner 5, UNIT_MISSIONARY, 18:68
43, 7, Attack Walled City, Op Attack Units Targets, Target 21, Owner 2, UNIT_WARRIOR, 35:68
43, 7, Attack Walled City, Op Attack Units Targets, Target 22, Owner 5, UNIT_MISSIONARY, 15:69
43, 7, Attack Walled City, Op Attack Units Targets, Target 23, Owner 5, UNIT_MISSIONARY, 27:69
43, 7, Attack Walled City, Op Attack Units Targets, Target 24, Owner 5, UNIT_MISSIONARY, 16:70
43, 7, Attack Walled City, Operation Move, UNIT_SWORDSMAN, 11:29, 9:24, 10:27
43, 7, Attack Walled City, Operation Move, UNIT_SKIRMISHER, 12:30, 9:24, 12:27
43, 7, Attack Walled City, Operation Move, UNIT_WARRIOR, 12:29, 9:24, 12:28
43, 7, Attack Walled City, Operation Move, UNIT_WARRIOR, 11:31, 9:24, 12:30
43, 7, Attack Walled City, Operation Move, UNIT_CATAPULT, 13:29, 9:25, 13:28
43, 7, Attack Walled City, Operation Move, UNIT_SWORDSMAN, 14:30, 9:24, 12:29
43, 7, Attack Walled City, Operation Move, UNIT_SKIRMISHER, 14:29, 9:24, 14:28
43, 7, Attack Walled City, Operation Move, UNIT_SKIRMISHER, 12:32, 9:24, 10:31
43, 7, Attack Walled City, Operation Move, UNIT_SWORDSMAN, 9:33, 9:24, 9:32
43, 7, Attack Walled City, Operation Move, UNIT_SWORDSMAN, 10:34, 9:24, 8:33
43, 7, Attack Walled City, Operation Move, UNIT_SWORDSMAN, 10:35, 9:24, 9:33
43, 7, Attack Walled City, Operation Move, UNIT_SWORDSMAN, 10:36, 9:24, 10:34
43, 7, Attack Walled City, Operation Move, UNIT_SKIRMISHER, 10:40, 9:24, 11:37
43, 7, Attack Walled City, Operation Move, UNIT_WARRIOR, 12:30, 9:24, 12:30
43, 7, Attack Walled City, Operation Move, UNIT_CATAPULT, 13:28, 9:25, 13:28
43, 7, Attack Walled City, Operation Move, UNIT_SKIRMISHER, 14:28, 9:24, 14:28
43, 7, Attack Enemy City, No recruits to reach minimum, , , 
43, 7, Attack Enemy City, Recruiting strength, , Enemy Str: 115 / 108.0, UNIT_SKIRMISHER
43, 7, Attack Enemy City, No recruits to reach minimum, , , 
43, 7, Attack Enemy City, No recruits to match strength, , Enemy Str: 115 / 72.0, 
43, 7, Attack Enemy City, No recruits to reach minimum, , , 
43, 7, Attack Enemy City, No recruits to match strength, , Enemy Str: 115 / 108.0, 
43, 7, Attack Enemy City, No recruits to reach minimum, , , 
43, 7, Attack Enemy City, No recruits to match strength, , Enemy Str: 115 / 72.0, 
43, Attack Enemy City, 7, , Battle line, 113025463:30, 0 endangered
43, 7, Attack Enemy City, Operation Recruit, 8 units, Recruited 1, Contract for: UNIT_SWORDSMAN
43, 7, Attack Enemy City, Op Attack Units Targets, Target 0, Owner 14, UNIT_SWORDSMAN, 3:29
43, 7, Attack Enemy City, Op Attack Units Targets, Target 1, Owner 14, UNIT_CATAPULT, 3:28
43, 7, Attack Enemy City, Operation Attack Units, UNIT_SWORDSMAN, At 4:29, Move 4:29, Attack 3:29
43, 7, Attack Enemy City, Operation Move, UNIT_SWORDSMAN, 5:27, 3:26, 4:26
43, 7, Attack Enemy City, Operation Move, UNIT_SWORDSMAN, 6:29, 2:27, 5:29
43, 7, Attack Enemy City, Operation Move, UNIT_SWORDSMAN, 6:30, 2:27, 5:30
43, 7, Attack Enemy City, Operation Move, UNIT_WARRIOR, 8:30, 2:27, 6:30
43, 7, Attack Enemy City, Operation Move, UNIT_SKIRMISHER, 11:28, 2:27, 9:26
43, 7, Attack Enemy City, Operation Move, UNIT_SKIRMISHER, 7:35, 2:27, 7:32
43, 7, Attack Enemy City, Operation Move, UNIT_SKIRMISHER, 23:32, 2:27, 20:31
43, 8, Settle New City running, TARGET 21:12
43, 8, Settle New City, ,0, Not Ready, UNIT_MAN_AT_ARMS; 
43, 8, Attack Enemy City running, TARGET 8:23
43, Attack Enemy City, 8, , Battle line, 429496739:21, 0 endangered
43, 8, Attack Enemy City, ,0, Ready, UNIT_SWORDSMAN; UNIT_CATAPULT; UNIT_ARCHER; UNIT_SWORDSMAN; UNIT_SWORDSMAN; UNIT_SWORDSMAN; UNIT_VIETNAMESE_VOI_CHIEN; UNIT_HORSEMAN; UNIT_HORSEMAN; UNIT_SWORDSMAN; 
43, 8, Attack Enemy City, ,1, Ready, 
43, 8, Settle New City, No recruits to reach minimum, , , 
43, 8, Settle New City, No recruits to reach minimum, , , 
43, 8, Settle New City, Operation Recruit, 1 units, Recruited 0, Contract for: UNIT_SETTLER
43, 8, Settle New City, Operation Move, UNIT_MAN_AT_ARMS, 26:12, 26:12, 26:12
43, 8, Attack Enemy City, No recruits to reach minimum, , , 
43, 8, Attack Enemy City, No recruits to match strength, , Enemy Str: 193 / 108.0, 
43, 8, Attack Enemy City, No recruits to reach minimum, , , 
43, 8, Attack Enemy City, No recruits to match strength, , Enemy Str: 193 / 72.0, 
43, 8, Attack Enemy City, No recruits to reach minimum, , , 
43, 8, Attack Enemy City, No recruits to match strength, , Enemy Str: 193 / 108.0, 
43, 8, Attack Enemy City, No recruits to reach minimum, , , 
43, 8, Attack Enemy City, No recruits to match strength, , Enemy Str: 193 / 72.0, 
43, 8, Attack Enemy City, Operation Recruit, 10 units, Recruited 0, Contract for: UNIT_HORSEMAN
43, 8, Attack Enemy City, Op Attack Units Targets, Target 0, Owner 16, UNIT_SWORDSMAN, 11:21
43, 8, Attack Enemy City, Op Attack Units Targets, Target 1, Owner 16, UNIT_CROSSBOWMAN, 9:22
43, 8, Attack Enemy City, Op Attack Units Targets, Target 2, Owner 16, UNIT_CATAPULT, 10:22
43, 8, Attack Enemy City, Op Attack Units Targets, Target 3, Owner 16, UNIT_SWORDSMAN, 9:23
43, 8, Attack Enemy City, Operation Attack Units, UNIT_SWORDSMAN, At 11:22, Move 11:22, Attack 10:22
43, 8, Attack Enemy City, Operation Attack Units, UNIT_ARCHER, At 11:20, Move 11:20, Attack 10:22
43, 8, Attack Enemy City, Operation Attack Units, UNIT_SWORDSMAN, At 11:23, Move 10:23, Attack 10:22
43, 8, Attack Enemy City, Operation Attack Units, UNIT_VIETNAMESE_VOI_CHIEN, At 11:26, Move 11:24, Attack -9999:-9999
43, 8, Attack Enemy City, Operation Attack Units, UNIT_HORSEMAN, At 14:19, Move 12:20, Attack -9999:-9999
43, 8, Attack Enemy City, Operation Attack Units, UNIT_HORSEMAN, At 13:19, Move 10:21, Attack -9999:-9999
43, 8, Attack Enemy City, Operation Siege City, UNIT_SWORDSMAN, From 12:24, Goal: 9:23, Move 11:23
43, 8, Attack Enemy City, Operation Move, UNIT_CATAPULT, 11:19, 10:23, 13:19
43, 8, Attack Enemy City, Operation Move, UNIT_SWORDSMAN, 12:26, 9:23, 12:26
43, 8, Attack Enemy City, Operation Move, UNIT_SWORDSMAN, 17:21, 9:24, 16:23
43, 9, Settle New City running, TARGET 40:16
43, 9, Settle New City, ,0, Not Ready, 
43, 9, City Defense running, TARGET 37:13
43, 9, City Defense, ,0, Ready, UNIT_CATAPULT; UNIT_ROMAN_LEGION; UNIT_CROSSBOWMAN; UNIT_CROSSBOWMAN; UNIT_MAN_AT_ARMS; 
43, 9, Settle New City, Recruiting minimums, , , UNIT_CROSSBOWMAN
43, 9, Settle New City, No recruits to reach minimum, , , 
43, 9, Settle New City, Operation Recruit, 1 units, Recruited 1, Contract for: UNIT_SETTLER
43, 9, Settle New City, Operation Move, UNIT_CROSSBOWMAN, 34:14, 35:16, 34:15
43, 9, City Defense, Operation complete
43, 13, Naval Superiority running, TARGET 56:2
43, 13, Naval Superiority, ,0, Not Ready, 
43, 13, Naval Superiority, No recruits to reach minimum, , , 
43, 13, Naval Superiority, Operation Recruit, 0 units, Recruited 0, Contract for: UNIT_WARRIOR_MONK
43, 14, Naval Superiority running, TARGET 1:26
43, 14, Naval Superiority, ,0, Not Ready, 
43, 14, City Defense running, TARGET 2:26
43, City Defense, 14, , Battle line, 1073741826:26, 0 endangered
43, 14, City Defense, ,0, Ready, UNIT_SWORDSMAN; UNIT_CATAPULT; 
43, 14, City Defense, ,1, Ready, 
43, City Defense, 14, , Battle line, 1073741826:26, 0 endangered
43, 14, City Defense, No recruits to reach minimum, , , 
43, 14, City Defense, Recruiting strength, , Enemy Str: 36 / 36.0, UNIT_CATAPULT
43, 14, City Defense, Recruiting strength, , Enemy Str: 36 / 36.0, UNIT_SWORDSMAN
43, City Defense, 14, , Battle line, 715827885:27, 0 endangered
43, 14, City Defense, Operation Recruit, 4 units, Recruited 2, Contract for: UNIT_SKIRMISHER
43, 14, City Defense, Op Attack Units Targets, Target 0, Owner 7, UNIT_SWORDSMAN, 4:26
43, 14, City Defense, Op Attack Units Targets, Target 1, Owner 7, UNIT_SWORDSMAN, 4:29
43, 14, City Defense, Op Attack Units Targets, Target 2, Owner 7, UNIT_SWORDSMAN, 5:30
43, 14, City Defense, Operation Attack Units, UNIT_CATAPULT, At 2:26, Move 2:26, Attack 4:26
43, 14, City Defense, Operation Attack Units, UNIT_CATAPULT, At 3:28, Move 3:27, Attack -9999:-9999
43, 14, City Defense, Operation Move, UNIT_SWORDSMAN, 1:25, 1:25, 1:25
43, 14, City Defense, Operation Move, UNIT_SWORDSMAN, 3:29, 1:27, 2:28
43, 14, Naval Superiority, Operation Recruit, 0 units, Recruited 0, Contract for: UNIT_WARRIOR_MONK
43, 16, Naval Superiority running, TARGET 7:23
43, 16, Naval Superiority, ,0, Not Ready, 
43, 16, City Defense running, TARGET 8:23
43, City Defense, 16, , Battle line, 11:22, 1 endangered
43, 16, City Defense, ,0, Not Ready, UNIT_SWORDSMAN; UNIT_SWORDSMAN; UNIT_CROSSBOWMAN; UNIT_CROSSBOWMAN; 
43, 16, City Defense, ,1, Ready, 
43, 16, City Defense, No recruits to reach minimum, , , 
43, 16, City Defense, No recruits to match strength, , Enemy Str: 244 / 36.0, 
43, 16, City Defense, No recruits to reach minimum, , , 
43, 16, City Defense, No recruits to match strength, , Enemy Str: 244 / 36.0, 
43, 16, City Defense, Operation Recruit, 4 units, Recruited 0, Contract for: UNIT_SKIRMISHER
43, 16, City Defense, Op Attack Units Targets, Target 0, Owner 8, UNIT_ARCHER, 11:20
43, 16, City Defense, Op Attack Units Targets, Target 1, Owner 8, UNIT_HORSEMAN, 12:20
43, 16, City Defense, Op Attack Units Targets, Target 2, Owner 8, UNIT_HORSEMAN, 10:21
43, 16, City Defense, Op Attack Units Targets, Target 3, Owner 8, UNIT_SWORDSMAN, 10:22
43, 16, City Defense, Op Attack Units Targets, Target 4, Owner 8, UNIT_SWORDSMAN, 11:22
43, 16, City Defense, Op Attack Units Targets, Target 5, Owner 8, UNIT_SWORDSMAN, 11:23
43, 16, City Defense, Op Attack Units Targets, Target 6, Owner 8, UNIT_VIETNAMESE_VOI_CHIEN, 10:25
43, 16, City Defense, Op Attack Units Targets, Target 7, Owner 7, UNIT_SKIRMISHER, 9:26
43, 16, City Defense, Operation Attack Units, UNIT_CROSSBOWMAN, At 8:23, Move 8:23, Attack 10:22
43, 16, City Defense, Operation Attack Units, UNIT_SWORDSMAN, At 9:23, Move 9:23, Attack 10:22
43, 16, City Defense, Operation Attack Units, UNIT_SWORDSMAN, At 11:21, Move 11:21, Attack 10:21
43, 16, City Defense, Operation Attack Units, UNIT_CROSSBOWMAN, At 8:24, Move 9:24, Attack 10:22
43, 16, Naval Superiority, No recruits to reach minimum, , , 
43, 16, Naval Superiority, Operation Recruit, 0 units, Recruited 0, Contract for: UNIT_WARRIOR_MONK
44, 5, Settle New City running, TARGET 35:78
44, Settle New City, 5, , Battle line, 35:73, 0 endangered
44, 5, Settle New City, ,0, Ready, UNIT_MACEDONIAN_HETAIROI; UNIT_SETTLER; UNIT_MACEDONIAN_HETAIROI; 
44, 5, Naval Superiority running, TARGET 15:71
44, 5, Naval Superiority, ,0, Not Ready, 
44, 5, Settle New City, No recruits to reach minimum, , , 
44, 5, Settle New City, No recruits to match strength, , Enemy Str: 0 / 46.0, 
44, 5, Settle New City, No recruits to reach minimum, , , 
44, 5, Settle New City, No recruits to match strength, , Enemy Str: 0 / 46.0, 
44, 5, Settle New City, Operation Recruit, 3 units, Recruited 0, Contract for: UNIT_MAN_AT_ARMS
44, 5, Settle New City, Op Attack Units Targets, Target 0, Owner 2, UNIT_WARRIOR, 37:68
44, 5, Settle New City, Operation Attack Units, UNIT_MACEDONIAN_HETAIROI, At 34:69, Move 36:68, Attack 37:68
44, 5, Settle New City, Operation Move, UNIT_MACEDONIAN_HETAIROI, 35:78, 35:78, 35:78
44, 5, Settle New City, Operation Move, UNIT_SETTLER, 26:71, 35:78, 27:73
44, 5, Settle New City, Operation complete
44, 5, Naval Superiority, No recruits to reach minimum, , , 
44, 5, Naval Superiority, Operation Recruit, 0 units, Recruited 0, Contract for: UNIT_MACEDONIAN_HETAIROI
44, 6, Naval Superiority running, TARGET 23:56
44, 6, Naval Superiority, ,0, Not Ready, 
44, 6, Settle New City running, TARGET 11:65
44, 6, Settle New City, ,0, Not Ready, 
44, 6, Settle New City, Recruiting minimums, , , UNIT_SWORDSMAN
44, 6, Settle New City, No recruits to reach minimum, , , 
44, 6, Settle New City, Operation Recruit, 1 units, Recruited 1, Contract for: UNIT_SETTLER
44, 6, Settle New City, Operation Move, UNIT_SWORDSMAN, 17:64, 15:64, 16:64
44, 6, Naval Superiority, No recruits to reach minimum, , , 
44, 6, Naval Superiority, Operation Recruit, 0 units, Recruited 0, Contract for: UNIT_GALLEY
44, 7, Attack Walled City running, TARGET 8:23
44, Attack Walled City, 7, , Battle line, 119304658:32, 0 endangered
44, 7, Attack Walled City, ,0, Ready, UNIT_SWORDSMAN; UNIT_SWORDSMAN; UNIT_SWORDSMAN; UNIT_SKIRMISHER; UNIT_WARRIOR; UNIT_WARRIOR; UNIT_CATAPULT; UNIT_SWORDSMAN; UNIT_SWORDSMAN; UNIT_SKIRMISHER; UNIT_SWORDSMAN; UNIT_SKIRMISHER; UNIT_SKIRMISHER; 
44, 7, Attack Walled City, ,1, Ready, 
44, 7, Settle New City running, TARGET 15:42
44, Settle New City, 7, , Battle line, 195225798:41, 0 endangered
44, 7, Settle New City, ,0, Ready, UNIT_SETTLER; UNIT_SWORDSMAN; UNIT_WARRIOR; 
44, 7, Attack Enemy City running, TARGET 2:26
44, Attack Enemy City, 7, , Battle line, 178956978:28, 0 endangered
44, 7, Attack Enemy City, ,0, Ready, UNIT_SWORDSMAN; UNIT_WARRIOR; UNIT_SWORDSMAN; UNIT_SWORDSMAN; UNIT_SWORDSMAN; UNIT_SKIRMISHER; UNIT_SKIRMISHER; UNIT_SKIRMISHER; 
44, 7, Attack Enemy City, ,1, Ready, 
44, Settle New City, 7, , Battle line, 195225798:41, 0 endangered
44, 7, Settle New City, No recruits to reach minimum, , , 
44, 7, Settle New City, No recruits to match strength, , Enemy Str: 0 / 46.0, 
44, 7, Settle New City, No recruits to reach minimum, , , 
44, 7, Settle New City, No recruits to match strength, , Enemy Str: 0 / 46.0, 
44, Settle New City, 7, , Battle line, 195225798:41, 0 endangered
44, 7, Settle New City, Operation Recruit, 3 units, Recruited 0, Contract for: UNIT_HORSEMAN
44, 7, Settle New City, Operation Move, UNIT_SETTLER, 15:42, 15:42, 15:42
44, 7, Settle New City, Operation Move, UNIT_SWORDSMAN, 15:42, 15:42, 15:42
44, 7, Settle New City, Operation Move, UNIT_WARRIOR, 12:42, 14:43, 13:43
44, 7, Settle New City, Operation complete
44, Attack Walled City, 7, , Battle line, 119304658:32, 0 endangered
44, 7, Attack Walled City, No recruits to reach minimum, , , 
44, 7, Attack Walled City, No recruits to match strength, , Enemy Str: 133 / 144.0, 
44, 7, Attack Walled City, No recruits to reach minimum, , , 
44, 7, Attack Walled City, No recruits to match strength, , Enemy Str: 133 / 108.0, 
44, 7, Attack Walled City, No recruits to reach minimum, , , 
44, 7, Attack Walled City, No recruits to match strength, , Enemy Str: 133 / 144.0, 
44, 7, Attack Walled City, No recruits to reach minimum, , , 
44, 7, Attack Walled City, No recruits to match strength, , Enemy Str: 133 / 108.0, 
44, Attack Walled City, 7, , Battle line, 119304658:32, 0 endangered
44, 7, Attack Walled City, Operation Recruit, 12 units, Recruited 0, Contract for: UNIT_SKIRMISHER
44, 7, Attack Walled City, Operation Siege City, UNIT_SKIRMISHER, From 12:27, Goal: 9:23, Move 11:26
44, 7, Attack Walled City, Operation Move, UNIT_SKIRMISHER, 11:26, 9:23, 11:26
44, 7, Attack Walled City, Operation Move, UNIT_SWORDSMAN, 10:27, 9:24, 10:27
44, 7, Attack Walled City, Operation Move, UNIT_WARRIOR, 12:28, 9:23, 11:27
44, 7, Attack Walled City, Operation Move, UNIT_WARRIOR, 12:30, 9:23, 11:29
44, 7, Attack Walled City, Operation Move, UNIT_CATAPULT, 13:28, 9:25, 12:28
44, 7, Attack Walled City, Operation Move, UNIT_SKIRMISHER, 14:28, 9:23, 12:27
44, 7, Attack Walled City, Operation Move, UNIT_SKIRMISHER, 10:31, 8:24, 9:30
44, 7, Attack Walled City, Operation Move, UNIT_SWORDSMAN, 9:32, 8:24, 8:30
44, 7, Attack Walled City, Operation Move, UNIT_SWORDSMAN, 8:33, 8:24, 7:31
44, 7, Attack Walled City, Operation Move, UNIT_SWORDSMAN, 9:33, 8:24, 9:32
44, 7, Attack Walled City, Operation Move, UNIT_SWORDSMAN, 10:34, 8:24, 8:33
44, 7, Attack Walled City, Operation Move, UNIT_SKIRMISHER, 11:37, 8:24, 10:34
44, Attack Enemy City, 7, , Battle line, 178956978:28, 0 endangered
44, 7, Attack Enemy City, No recruits to reach minimum, , , 
44, 7, Attack Enemy City, No recruits to match strength, , Enemy Str: 104 / 108.0, 
44, 7, Attack Enemy City, No recruits to reach minimum, , , 
44, 7, Attack Enemy City, No recruits to match strength, , Enemy Str: 104 / 72.0, 
44, 7, Attack Enemy City, No recruits to reach minimum, , , 
44, 7, Attack Enemy City, No recruits to match strength, , Enemy Str: 104 / 108.0, 
44, 7, Attack Enemy City, No recruits to reach minimum, , , 
44, 7, Attack Enemy City, No recruits to match strength, , Enemy Str: 104 / 72.0, 
44, Attack Enemy City, 7, , Battle line, 178956978:28, 0 endangered
44, 7, Attack Enemy City, Operation Recruit, 8 units, Recruited 0, Contract for: UNIT_SWORDSMAN
44, Attack Enemy City, 7, , Battle line, 178956978:28, 0 endangered
44, 7, Attack Enemy City, No recruits to reach minimum, , , 
44, 7, Attack Enemy City, No recruits to match strength, , Enemy Str: 104 / 108.0, 
44, 7, Attack Enemy City, No recruits to reach minimum, , , 
44, 7, Attack Enemy City, No recruits to match strength, , Enemy Str: 104 / 72.0, 
44, 7, Attack Enemy City, No recruits to reach minimum, , , 
44, 7, Attack Enemy City, No recruits to match strength, , Enemy Str: 104 / 108.0, 
44, 7, Attack Enemy City, No recruits to reach minimum, , , 
44, 7, Attack Enemy City, No recruits to match strength, , Enemy Str: 104 / 72.0, 
44, Attack Enemy City, 7, , Battle line, 178956978:28, 0 endangered
44, 7, Attack Enemy City, Operation Recruit, 8 units, Recruited 0, Contract for: UNIT_SWORDSMAN
44, 7, Attack Enemy City, Operation Protect Units, UNIT_SWORDSMAN, Move 5 27
44, 7, Attack Enemy City, Operation Protect Units, UNIT_SWORDSMAN, Move 6 26
44, 7, Attack Enemy City, Op Attack Units Targets, Target 0, Owner 14, UNIT_CATAPULT, 3:27
44, 7, Attack Enemy City, Operation Attack Units, UNIT_SWORDSMAN, At 4:29, Move 4:28, Attack -9999:-9999
44, 7, Attack Enemy City, Operation Move, UNIT_SWORDSMAN, 5:30, 2:27, 4:29
44, 7, Attack Enemy City, Operation Move, UNIT_WARRIOR, 6:30, 2:27, 5:30
44, 7, Attack Enemy City, Operation Move, UNIT_SKIRMISHER, 9:26, 2:27, 8:26
44, 7, Attack Enemy City, Operation Move, UNIT_SKIRMISHER, 7:32, 2:27, 6:30
44, 7, Attack Enemy City, Operation Move, UNIT_SKIRMISHER, 20:31, 2:27, 18:30
44, 8, Settle New City running, TARGET 21:12
44, Settle New City, 8, , Battle line, 23:16, 0 endangered
44, 8, Settle New City, ,0, Ready, UNIT_MAN_AT_ARMS; UNIT_SETTLER; 
44, 8, Attack Enemy City running, TARGET 8:23
44, Attack Enemy City, 8, , Battle line, 429496739:22, 0 endangered
44, 8, Attack Enemy City, ,0, Ready, UNIT_SWORDSMAN; UNIT_CATAPULT; UNIT_ARCHER; UNIT_SWORDSMAN; UNIT_SWORDSMAN; UNIT_VIETNAMESE_VOI_CHIEN; UNIT_HORSEMAN; UNIT_HORSEMAN; UNIT_SWORDSMAN; 
44, 8, Attack Enemy City, ,1, Ready, 
44, Settle New City, 8, , Battle line, 23:16, 0 endangered
44, 8, Settle New City, No recruits to reach minimum, , , 
44, 8, Settle New City, No recruits to match strength, , Enemy Str: 0 / 46.0, 
44, 8, Settle New City, No recruits to reach minimum, , , 
44, 8, Settle New City, No recruits to match strength, , Enemy Str: 0 / 46.0, 
44, Settle New City, 8, , Battle line, 23:16, 0 endangered
44, 8, Settle New City, Operation Recruit, 2 units, Recruited 0, Contract for: UNIT_VIETNAMESE_VOI_CHIEN
44, Attack Enemy City, 8, , Battle line, 429496739:22, 0 endangered
44, 8, Attack Enemy City, No recruits to reach minimum, , , 
44, 8, Attack Enemy City, No recruits to match strength, , Enemy Str: 167 / 108.0, 
44, 8, Attack Enemy City, No recruits to reach minimum, , , 
44, 8, Attack Enemy City, No recruits to match strength, , Enemy Str: 167 / 72.0, 
44, Attack Enemy City, 8, , Battle line, 429496739:22, 0 endangered
44, 8, Attack Enemy City, Operation Recruit, 9 units, Recruited 0, Contract for: UNIT_HORSEMAN
44, 8, Attack Enemy City, Op Attack Units Targets, Target 0, Owner 16, UNIT_SWORDSMAN, 10:22
44, 8, Attack Enemy City, Op Attack Units Targets, Target 1, Owner 16, UNIT_BUILDER, 8:23
44, 8, Attack Enemy City, Op Attack Units Targets, Target 2, Owner 16, UNIT_CROSSBOWMAN, 9:24
44, 8, Attack Enemy City, Op Attack Units Targets, Target 3, Owner 16, UNIT_CROSSBOWMAN, 8:23
44, 8, Attack Enemy City, Operation Attack Units, UNIT_HORSEMAN, At 10:21, Move 10:21, Attack 10:22
44, 8, Attack Enemy City, Operation Attack Units, UNIT_SWORDSMAN, At 11:22, Move 11:22, Attack 10:22
44, 8, Attack Enemy City, Operation Attack Units, UNIT_SWORDSMAN, At 11:23, Move 10:23, Attack 10:22
44, 8, Attack Enemy City, Operation Attack Units, UNIT_VIETNAMESE_VOI_CHIEN, At 10:25, Move 11:24, Attack -9999:-9999
44, 8, Attack Enemy City, Operation Attack Units, UNIT_SWORDSMAN, At 12:26, Move 10:24, Attack -9999:-9999
44, 8, Attack Enemy City, Operation Move, UNIT_ARCHER, 11:20, 9:22, 11:21
44, 8, Attack Enemy City, Operation Move, UNIT_HORSEMAN, 12:20, 9:22, 9:22
44, 8, Attack Enemy City, Operation Move, UNIT_CATAPULT, 13:19, 9:23, 11:19
44, 8, Attack Enemy City, Operation Move, UNIT_SWORDSMAN, 16:23, 9:23, 15:23
44, 9, Settle New City running, TARGET 40:16
44, 9, Settle New City, ,0, Ready, UNIT_CROSSBOWMAN; UNIT_SETTLER; 
44, 9, Settle New City, No recruits to reach minimum, , , 
44, 9, Settle New City, Recruiting strength, , Enemy Str: 0 / 46.0, UNIT_MAN_AT_ARMS
44, 9, Settle New City, No recruits to reach minimum, , , 
44, 9, Settle New City, No recruits to match strength, , Enemy Str: 0 / 46.0, 
44, 9, Settle New City, Operation Recruit, 3 units, Recruited 1, Contract for: UNIT_COURSER
44, 9, Settle New City, Operation Move, UNIT_CROSSBOWMAN, 34:15, 36:16, 36:16
44, 9, Settle New City, Operation Move, UNIT_MAN_AT_ARMS, 36:14, 36:15, 36:15
44, 9, Settle New City, Operation Move, UNIT_SETTLER, 35:10, 36:16, 34:12
44, 13, Naval Superiority running, TARGET 56:2
44, 13, Naval Superiority, ,0, Not Ready, 
44, 13, Naval Superiority, No recruits to reach minimum, , , 
44, 13, Naval Superiority, Operation Recruit, 0 units, Recruited 0, Contract for: UNIT_WARRIOR_MONK
44, 14, Naval Superiority running, TARGET 1:26
44, 14, Naval Superiority, ,0, Not Ready, 
44, 14, City Defense running, TARGET 2:26
44, City Defense, 14, , Battle line, 715827885:26, 1 endangered
44, 14, City Defense, ,0, Ready, UNIT_SWORDSMAN; UNIT_CATAPULT; UNIT_CATAPULT; UNIT_SWORDSMAN; 
44, 14, City Defense, ,1, Ready, 
44, City Defense, 14, , Battle line, 715827885:26, 1 endangered
44, 14, City Defense, No recruits to reach minimum, , , 
44, 14, City Defense, No recruits to match strength, , Enemy Str: 66 / 36.0, 
44, 14, City Defense, No recruits to reach minimum, , , 
44, 14, City Defense, No recruits to match strength, , Enemy Str: 66 / 36.0, 
44, City Defense, 14, , Battle line, 715827885:26, 1 endangered
44, 14, City Defense, Operation Recruit, 4 units, Recruited 0, Contract for: UNIT_SKIRMISHER
44, 14, City Defense, Op Attack Units Targets, Target 0, Owner 7, UNIT_SWORDSMAN, 4:28
44, 14, City Defense, Op Attack Units Targets, Target 1, Owner 7, UNIT_SWORDSMAN, 4:29
44, 14, City Defense, Operation Attack Units, UNIT_CATAPULT, At 3:27, Move 4:28, Attack -9999:-9999
44, 14, City Defense, Operation Attack Units, UNIT_SWORDSMAN, At 2:28, Move 3:27, Attack -9999:-9999
44, 14, City Defense, Operation Move, UNIT_CATAPULT, 2:26, 1:27, 1:27
44, 14, City Defense, Operation Move, UNIT_SWORDSMAN, 1:25, 2:26, 2:26
44, 14, Naval Superiority, No recruits to reach minimum, , , 
44, 14, Naval Superiority, Operation Recruit, 0 units, Recruited 0, Contract for: UNIT_WARRIOR_MONK
44, 16, Naval Superiority running, TARGET 7:23
44, 16, Naval Superiority, ,0, Not Ready, 
44, 16, City Defense running, TARGET 8:23
44, City Defense, 16, , Battle line, 268435464:23, 0 endangered
44, 16, City Defense, ,0, Not Ready, UNIT_CROSSBOWMAN; UNIT_CROSSBOWMAN; 
44, 16, City Defense, ,1, Ready, 
44, City Defense, 16, , Battle line, 268435464:23, 0 endangered
44, 16, City Defense, No recruits to reach minimum, , , 
44, 16, City Defense, No recruits to match strength, , Enemy Str: 279 / 36.0, 
44, 16, City Defense, No recruits to reach minimum, , , 
44, 16, City Defense, No recruits to match strength, , Enemy Str: 279 / 36.0, 
44, City Defense, 16, , Battle line, 268435464:23, 0 endangered
44, 16, City Defense, Operation Recruit, 2 units, Recruited 0, Contract for: UNIT_SKIRMISHER
44, 16, City Defense, Op Attack Units Targets, Target 0, Owner 8, UNIT_HORSEMAN, 9:22
44, 16, City Defense, Op Attack Units Targets, Target 1, Owner 8, UNIT_SWORDSMAN, 10:22
44, 16, City Defense, Op Attack Units Targets, Target 2, Owner 8, UNIT_SWORDSMAN, 10:23
44, 16, City Defense, Op Attack Units Targets, Target 3, Owner 8, UNIT_VIETNAMESE_VOI_CHIEN, 11:24
44, 16, City Defense, Op Attack Units Targets, Target 4, Owner 8, UNIT_SWORDSMAN, 10:25
44, 16, City Defense, Op Attack Units Targets, Target 5, Owner 7, UNIT_SKIRMISHER, 8:26
44, 16, City Defense, Operation Attack Units, UNIT_CROSSBOWMAN, At 8:23, Move 8:23, Attack 10:22
44, 16, City Defense, Operation Attack Units, UNIT_CROSSBOWMAN, At 9:24, Move 9:24, Attack 10:22
44, 16, Naval Superiority, No recruits to reach minimum, , , 
44, 16, Naval Superiority, Operation Recruit, 0 units, Recruited 0, Contract for: UNIT_WARRIOR_MONK
45, 5, Settle New City, Started
45, 5, Settle New City running, TARGET 35:78
45, 5, Settle New City, ,0, Not Ready, 
45, 5, Naval Superiority running, TARGET 15:71
45, 5, Naval Superiority, ,0, Not Ready, 
45, 5, Settle New City, Recruiting minimums, , , UNIT_MAN_AT_ARMS
45, 5, Settle New City, Recruiting strength, , Enemy Str: 0 / 46.0, UNIT_MAN_AT_ARMS
45, 5, Settle New City, No recruits to reach minimum, , , 
45, 5, Settle New City, No recruits to match strength, , Enemy Str: 0 / 46.0, 
45, 5, Settle New City, Operation Recruit, 2 units, Recruited 1, Contract for: UNIT_KNIGHT
45, 5, Settle New City, No recruits to reach minimum, , , 
45, 5, Settle New City, No recruits to match strength, , Enemy Str: 0 / 46.0, 
45, 5, Settle New City, No recruits to reach minimum, , , 
45, 5, Settle New City, No recruits to match strength, , Enemy Str: 0 / 46.0, 
45, 5, Settle New City, Operation Recruit, 2 units, Recruited 0, Contract for: UNIT_KNIGHT
45, 5, Settle New City, Operation Move, UNIT_MAN_AT_ARMS, 35:74, 34:75, 34:75
45, 5, Settle New City, Operation Move, UNIT_SETTLER, 27:73, 35:74, 28:72
45, 5, Settle New City, Operation Move, UNIT_MAN_AT_ARMS, 34:75, 35:77, 34:76
45, 5, Naval Superiority, No recruits to reach minimum, , , 
45, 5, Naval Superiority, Operation Recruit, 0 units, Recruited 0, Contract for: UNIT_MACEDONIAN_HETAIROI
45, 6, Naval Superiority running, TARGET 23:56
45, 6, Naval Superiority, ,0, Not Ready, 
45, 6, Settle New City running, TARGET 11:65
45, Settle New City, 6, , Battle line, 1073741839:66, 0 endangered
45, 6, Settle New City, ,0, Not Ready, UNIT_SWORDSMAN; 
45, Settle New City, 6, , Battle line, 1073741839:66, 0 endangered
45, 6, Settle New City, No recruits to reach minimum, , , 
45, 6, Settle New City, No recruits to reach minimum, , , 
45, Settle New City, 6, , Battle line, 1073741839:66, 0 endangered
45, 6, Settle New City, Operation Recruit, 1 units, Recruited 0, Contract for: UNIT_SETTLER
45, 6, Settle New City, Operation Move, UNIT_SWORDSMAN, 16:64, 15:64, 15:64
45, 6, Naval Superiority, No recruits to reach minimum, , , 
45, 6, Naval Superiority, Operation Recruit, 0 units, Recruited 0, Contract for: UNIT_GALLEY
45, 7, Settle New City, Started
45, 7, Attack Walled City running, TARGET 8:23
45, Attack Walled City, 7, , Battle line, 214748375:30, 0 endangered
45, 7, Attack Walled City, ,0, Ready, UNIT_SWORDSMAN; UNIT_SWORDSMAN; UNIT_SWORDSMAN; UNIT_SKIRMISHER; UNIT_WARRIOR; UNIT_WARRIOR; UNIT_CATAPULT; UNIT_SWORDSMAN; UNIT_SKIRMISHER; UNIT_SWORDSMAN; UNIT_SKIRMISHER; UNIT_SKIRMISHER; 
45, 7, Attack Walled City, ,1, Ready, 
45, 7, Settle New City running, TARGET 14:38
45, 7, Settle New City, ,0, Not Ready, 
45, 7, Attack Enemy City running, TARGET 2:26
45, Attack Enemy City, 7, , Battle line, 214748370:27, 0 endangered
45, 7, Attack Enemy City, ,0, Ready, UNIT_SWORDSMAN; UNIT_WARRIOR; UNIT_SWORDSMAN; UNIT_SWORDSMAN; UNIT_SWORDSMAN; UNIT_SKIRMISHER; UNIT_SKIRMISHER; UNIT_SKIRMISHER; 
45, 7, Attack Enemy City, ,1, Ready, 
45, 7, Attack Walled City, No recruits to reach minimum, , , 
45, 7, Attack Walled City, No recruits to match strength, , Enemy Str: 169 / 144.0, 
45, 7, Attack Walled City, No recruits to reach minimum, , , 
45, 7, Attack Walled City, No recruits to match strength, , Enemy Str: 169 / 108.0, 
45, 7, Attack Walled City, No recruits to reach minimum, , , 
45, 7, Attack Walled City, No recruits to match strength, , Enemy Str: 169 / 144.0, 
45, 7, Attack Walled City, No recruits to reach minimum, , , 
45, 7, Attack Walled City, No recruits to match strength, , Enemy Str: 169 / 108.0, 
45, 7, Attack Walled City, Operation Recruit, 12 units, Recruited 0, Contract for: UNIT_SKIRMISHER
45, Attack Walled City, 7, , Battle line, 214748375:30, 0 endangered
45, 7, Attack Walled City, No recruits to reach minimum, , , 
45, 7, Attack Walled City, No recruits to match strength, , Enemy Str: 169 / 144.0, 
45, 7, Attack Walled City, No recruits to reach minimum, , , 
45, 7, Attack Walled City, No recruits to match strength, , Enemy Str: 169 / 108.0, 
45, 7, Attack Walled City, No recruits to reach minimum, , , 
45, 7, Attack Walled City, No recruits to match strength, , Enemy Str: 169 / 144.0, 
45, 7, Attack Walled City, No recruits to reach minimum, , , 
45, 7, Attack Walled City, No recruits to match strength, , Enemy Str: 169 / 108.0, 
45, Attack Walled City, 7, , Battle line, 214748375:30, 0 endangered
45, 7, Attack Walled City, Operation Recruit, 12 units, Recruited 0, Contract for: UNIT_SKIRMISHER
45, 7, Attack Walled City, Op Attack Units Targets, Target 0, Owner 16, UNIT_CROSSBOWMAN, 9:24
45, 7, Attack Walled City, Operation Attack Units, UNIT_SKIRMISHER, At 11:26, Move 10:24, Attack 9:24
45, 7, Attack Walled City, Operation Attack Units, UNIT_SKIRMISHER, At 12:27, Move 9:25, Attack -9999:-9999
45, 7, Attack Walled City, Operation Siege City, UNIT_SWORDSMAN, From 10:27, Goal: 9:24, Move 10:26
45, 7, Attack Walled City, Operation Siege City, UNIT_WARRIOR, From 11:27, Goal: 9:23, Move 12:26
45, 7, Attack Walled City, Operation Move, UNIT_WARRIOR, 12:26, 9:23, 12:26
45, 7, Attack Walled City, Operation Move, UNIT_WARRIOR, 11:29, 9:23, 10:27
45, 7, Attack Walled City, Operation Move, UNIT_CATAPULT, 12:28, 9:25, 11:27
45, 7, Attack Walled City, Operation Move, UNIT_SWORDSMAN, 8:30, 8:24, 9:28
45, 7, Attack Walled City, Operation Move, UNIT_SKIRMISHER, 9:30, 8:24, 8:29
45, 7, Attack Walled City, Operation Move, UNIT_SWORDSMAN, 7:31, 8:24, 8:30
45, 7, Attack Walled City, Operation Move, UNIT_SWORDSMAN, 9:32, 8:24, 9:30
45, 7, Attack Walled City, Operation Move, UNIT_SWORDSMAN, 8:33, 8:24, 8:31
45, 7, Attack Walled City, Operation Move, UNIT_SKIRMISHER, 10:34, 8:24, 8:32
45, 7, Attack Walled City, Operation Move, UNIT_WARRIOR, 12:26, 9:23, 12:26
45, 7, Attack Walled City, Operation Move, UNIT_SKIRMISHER, 8:29, 8:24, 8:28
45, 7, Attack Walled City, Operation Move, UNIT_SWORDSMAN, 8:30, 8:24, 8:29
45, 7, Attack Enemy City, No recruits to reach minimum, , , 
45, 7, Attack Enemy City, No recruits to match strength, , Enemy Str: 117 / 108.0, 
45, 7, Attack Enemy City, No recruits to reach minimum, , , 
45, 7, Attack Enemy City, No recruits to match strength, , Enemy Str: 117 / 72.0, 
45, 7, Attack Enemy City, No recruits to reach minimum, , , 
45, 7, Attack Enemy City, No recruits to match strength, , Enemy Str: 117 / 108.0, 
45, 7, Attack Enemy City, No recruits to reach minimum, , , 
45, 7, Attack Enemy City, No recruits to match strength, , Enemy Str: 117 / 72.0, 
45, 7, Attack Enemy City, Operation Recruit, 8 units, Recruited 0, Contract for: UNIT_SWORDSMAN
45, 7, Attack Enemy City, Operation Protect Units, UNIT_SWORDSMAN, Move 4 26
45, 7, Attack Enemy City, Op Attack Units Targets, Target 0, Owner 14, UNIT_CATAPULT, 3:27
45, 7, Attack Enemy City, Op Attack Units Targets, Target 1, Owner 14, UNIT_SWORDSMAN, 2:28
45, 7, Attack Enemy City, Operation Attack Units, UNIT_SWORDSMAN, At 4:28, Move 4:28, Attack 3:27
45, 7, Attack Enemy City, Operation Attack Units, UNIT_SWORDSMAN, At 4:29, Move 2:29, Attack -9999:-9999
45, 7, Attack Enemy City, Operation City Attack, UNIT_SWORDSMAN, 6:26, Move 3:26, Attack -9999:-9999
45, 7, Attack Enemy City, Operation Move, UNIT_WARRIOR, 5:30, 2:27, 6:29
45, 7, Attack Enemy City, Operation Move, UNIT_SKIRMISHER, 8:26, 2:27, 7:26
45, 7, Attack Enemy City, Operation Move, UNIT_SKIRMISHER, 6:30, 2:27, 5:30
45, 7, Attack Enemy City, Operation Move, UNIT_SKIRMISHER, 18:30, 2:27, 16:32
45, 8, Settle New City running, TARGET 21:12
45, Settle New City, 8, , Battle line, 25:16, 0 endangered
45, 8, Settle New City, ,0, Ready, UNIT_MAN_AT_ARMS; UNIT_SETTLER; 
45, 8, Attack Enemy City running, TARGET 8:23
45, Attack Enemy City, 8, , Battle line, 536870919:23, 1 endangered
45, 8, Attack Enemy City, ,0, Ready, UNIT_CATAPULT; UNIT_ARCHER; UNIT_SWORDSMAN; UNIT_SWORDSMAN; UNIT_VIETNAMESE_VOI_CHIEN; UNIT_HORSEMAN; UNIT_HORSEMAN; UNIT_SWORDSMAN; 
45, 8, Attack Enemy City, ,1, Ready, 
45, 8, Settle New City, No recruits to reach minimum, , , 
45, 8, Settle New City, No recruits to match strength, , Enemy Str: 0 / 46.0, 
45, 8, Settle New City, No recruits to reach minimum, , , 
45, 8, Settle New City, No recruits to match strength, , Enemy Str: 0 / 46.0, 
45, 8, Settle New City, Operation Recruit, 2 units, Recruited 0, Contract for: UNIT_VIETNAMESE_VOI_CHIEN
45, 8, Settle New City, Operation Move, UNIT_MAN_AT_ARMS, 25:14, 25:12, 25:12
45, 8, Settle New City, Operation Move, UNIT_SETTLER, 25:12, 25:12, 25:12
45, Attack Enemy City, 8, , Battle line, 536870919:23, 1 endangered
45, 8, Attack Enemy City, No recruits to reach minimum, , , 
45, 8, Attack Enemy City, Recruiting strength, , Enemy Str: 164 / 108.0, UNIT_HORSEMAN
45, 8, Attack Enemy City, No recruits to reach minimum, , , 
45, 8, Attack Enemy City, No recruits to match strength, , Enemy Str: 164 / 72.0, 
45, Attack Enemy City, 8, , Battle line, 12:22, 1 endangered
45, 8, Attack Enemy City, Operation Recruit, 9 units, Recruited 1, Contract for: UNIT_HORSEMAN
45, 8, Attack Enemy City, Operation Protect Units, UNIT_HORSEMAN, Move 11 22
45, 8, Attack Enemy City, Op Attack Units Targets, Target 0, Owner 16, UNIT_CROSSBOWMAN, 9:24
45, 8, Attack Enemy City, Operation Attack Units, UNIT_SWORDSMAN, At 10:25, Move 9:25, Attack -9999:-9999
45, 8, Attack Enemy City, Operation Attack Units, UNIT_VIETNAMESE_VOI_CHIEN, At 11:24, Move 9:23, Attack 9:24
45, 8, Attack Enemy City, Operation Siege City, UNIT_HORSEMAN, From 10:21, Goal: 9:24, Move 9:24
45, 8, Attack Enemy City, Operation Siege City, UNIT_ARCHER, From 11:21, Goal: 9:22, Move 10:22
45, 8, Attack Enemy City, Operation City Attack, UNIT_SWORDSMAN, 10:23, Move 9:22, Attack -9999:-9999
45, 8, Attack Enemy City, Operation City Attack, UNIT_CATAPULT, 11:19, Move 10:23, Attack -9999:-9999
45, 8, Attack Enemy City, Operation Move, UNIT_SWORDSMAN, 15:23, 8:24, 14:24
45, 8, Attack Enemy City, Operation Move, UNIT_HORSEMAN, 19:22, 8:24, 14:19
45, 9, Settle New City running, TARGET 40:16
45, 9, Settle New City, ,0, Ready, UNIT_CROSSBOWMAN; UNIT_SETTLER; UNIT_MAN_AT_ARMS; 
45, 9, Settle New City, No recruits to reach minimum, , , 
45, 9, Settle New City, No recruits to match strength, , Enemy Str: 10 / 46.0, 
45, 9, Settle New City, Operation Recruit, 3 units, Recruited 0, Contract for: UNIT_COURSER
45, 9, Settle New City, No recruits to reach minimum, , , 
45, 9, Settle New City, No recruits to match strength, , Enemy Str: 10 / 46.0, 
45, 9, Settle New City, Operation Recruit, 3 units, Recruited 0, Contract for: UNIT_COURSER
45, 9, Settle New City, Operation Move, UNIT_CROSSBOWMAN, 36:16, 36:16, 36:16
45, 9, Settle New City, Operation Move, UNIT_MAN_AT_ARMS, 36:15, 36:15, 36:15
45, 9, Settle New City, Operation Move, UNIT_SETTLER, 34:12, 36:16, 35:14
45, 9, Settle New City, Operation Move, UNIT_CROSSBOWMAN, 36:16, 40:16, 37:15
45, 9, Settle New City, Operation Move, UNIT_MAN_AT_ARMS, 36:15, 40:16, 37:14
45, 13, Naval Superiority running, TARGET 56:2
45, 13, Naval Superiority, ,0, Not Ready, 
45, 13, Naval Superiority, No recruits to reach minimum, , , 
45, 13, Naval Superiority, Operation Recruit, 0 units, Recruited 0, Contract for: UNIT_WARRIOR_MONK
45, 14, Naval Superiority running, TARGET 1:26
45, 14, Naval Superiority, ,0, Not Ready, 
45, 14, City Defense running, TARGET 2:26
45, City Defense, 14, , Battle line, 536870914:27, 1 endangered
45, 14, City Defense, ,0, Ready, UNIT_SWORDSMAN; UNIT_CATAPULT; UNIT_CATAPULT; UNIT_SWORDSMAN; 
45, 14, City Defense, ,1, Ready, 
45, 14, City Defense, No recruits to reach minimum, , , 
45, 14, City Defense, No recruits to match strength, , Enemy Str: 136 / 36.0, 
45, 14, City Defense, No recruits to reach minimum, , , 
45, 14, City Defense, No recruits to match strength, , Enemy Str: 136 / 36.0, 
45, 14, City Defense, Operation Recruit, 4 units, Recruited 0, Contract for: UNIT_SKIRMISHER
45, 14, City Defense, Op Attack Units Targets, Target 0, Owner 7, UNIT_SWORDSMAN, 4:26
45, 14, City Defense, Op Attack Units Targets, Target 1, Owner 7, UNIT_SWORDSMAN, 5:26
45, 14, City Defense, Op Attack Units Targets, Target 2, Owner 7, UNIT_SWORDSMAN, 4:28
45, 14, City Defense, Op Attack Units Targets, Target 3, Owner 7, UNIT_SWORDSMAN, 3:29
45, 14, City Defense, Operation Attack Units, UNIT_SWORDSMAN, At 2:28, Move 2:29, Attack 3:29
45, 14, City Defense, Operation Attack Units, UNIT_CATAPULT, At 3:27, Move 4:27, Attack -9999:-9999
45, 14, City Defense, Operation Attack Units, UNIT_SWORDSMAN, At 1:27, Move 3:27, Attack -9999:-9999
45, 14, Naval Superiority, No recruits to reach minimum, , , 
45, 14, Naval Superiority, Operation Recruit, 0 units, Recruited 0, Contract for: UNIT_WARRIOR_MONK
45, 16, Naval Superiority running, TARGET 7:23
45, 16, Naval Superiority, ,0, Not Ready, 
45, 16, City Defense running, TARGET 8:23
45, City Defense, 16, , Battle line, 238609302:23, 1 endangered
45, 16, City Defense, ,0, Not Ready, UNIT_CROSSBOWMAN; 
45, 16, City Defense, ,1, Ready, 
45, City Defense, 16, , Battle line, 238609302:23, 1 endangered
45, 16, City Defense, No recruits to reach minimum, , , 
45, 16, City Defense, Recruiting strength, , Enemy Str: 367 / 36.0, UNIT_CROSSBOWMAN
45, 16, City Defense, No recruits to reach minimum, , , 
45, 16, City Defense, No recruits to match strength, , Enemy Str: 367 / 36.0, 
45, City Defense, 16, , Battle line, 238609302:23, 2 endangered
45, 16, City Defense, Operation Recruit, 2 units, Recruited 1, Contract for: UNIT_SKIRMISHER
45, 16, City Defense, Op Attack Units Targets, Target 0, Owner 8, UNIT_SWORDSMAN, 9:22
45, 16, City Defense, Op Attack Units Targets, Target 1, Owner 8, UNIT_ARCHER, 10:22
45, 16, City Defense, Op Attack Units Targets, Target 2, Owner 8, UNIT_VIETNAMESE_VOI_CHIEN, 9:23
45, 16, City Defense, Op Attack Units Targets, Target 3, Owner 8, UNIT_HORSEMAN, 9:24
45, 16, City Defense, Op Attack Units Targets, Target 4, Owner 7, UNIT_SKIRMISHER, 10:24
45, 16, City Defense, Op Attack Units Targets, Target 5, Owner 8, UNIT_SWORDSMAN, 9:25
45, 16, City Defense, Operation Attack Units, UNIT_CROSSBOWMAN, At 8:23, Move 8:23, Attack 10:22
45, 16, City Defense, Operation Move, UNIT_CROSSBOWMAN, 8:23, 8:24, 8:24
45, 16, Naval Superiority, No recruits to reach minimum, , , 
45, 16, Naval Superiority, Operation Recruit, 0 units, Recruited 0, Contract for: UNIT_WARRIOR_MONK
46, 5, Settle New City running, TARGET 35:78
46, 5, Settle New City, ,0, Ready, UNIT_SETTLER; UNIT_MAN_AT_ARMS; 
46, 5, Naval Superiority running, TARGET 15:71
46, 5, Naval Superiority, ,0, Not Ready, 
46, 5, Settle New City, No recruits to reach minimum, , , 
46, 5, Settle New City, Recruiting strength, , Enemy Str: 0 / 50.0, UNIT_CROSSBOWMAN
46, 5, Settle New City, No recruits to reach minimum, , , 
46, 5, Settle New City, No recruits to match strength, , Enemy Str: 0 / 50.0, 
46, 5, Settle New City, Operation Recruit, 3 units, Recruited 1, Contract for: UNIT_KNIGHT
46, 5, Settle New City, Operation Move, UNIT_MAN_AT_ARMS, 34:76, 35:78, 34:77
46, 5, Settle New City, Operation Move, UNIT_CROSSBOWMAN, 31:72, 35:78, 32:74
46, 5, Settle New City, Operation Move, UNIT_SETTLER, 28:72, 35:78, 29:73
46, 5, Naval Superiority, No recruits to reach minimum, , , 
46, 5, Naval Superiority, Operation Recruit, 0 units, Recruited 0, Contract for: UNIT_MACEDONIAN_HETAIROI
46, 6, Naval Superiority running, TARGET 23:56
46, 6, Naval Superiority, ,0, Not Ready, 
46, 6, Settle New City running, TARGET 11:65
46, Settle New City, 6, , Battle line, 1073741838:62, 0 endangered
46, 6, Settle New City, ,0, Ready, UNIT_SWORDSMAN; UNIT_SETTLER; 
46, Settle New City, 6, , Battle line, 1073741838:62, 0 endangered
46, 6, Settle New City, No recruits to reach minimum, , , 
46, 6, Settle New City, No recruits to match strength, , Enemy Str: 0 / 36.0, 
46, 6, Settle New City, No recruits to reach minimum, , , 
46, 6, Settle New City, No recruits to match strength, , Enemy Str: 0 / 36.0, 
46, Settle New City, 6, , Battle line, 1073741838:62, 0 endangered
46, 6, Settle New City, Operation Recruit, 2 units, Recruited 0, Contract for: UNIT_SWORDSMAN
46, Settle New City, 6, , Battle line, 1073741838:62, 0 endangered
46, 6, Settle New City, No recruits to reach minimum, , , 
46, 6, Settle New City, No recruits to match strength, , Enemy Str: 0 / 36.0, 
46, 6, Settle New City, No recruits to reach minimum, , , 
46, 6, Settle New City, No recruits to match strength, , Enemy Str: 0 / 36.0, 
46, Settle New City, 6, , Battle line, 1073741838:62, 0 endangered
46, 6, Settle New City, Operation Recruit, 2 units, Recruited 0, Contract for: UNIT_SWORDSMAN
46, 6, Settle New City, Operation Move, UNIT_SWORDSMAN, 15:64, 14:64, 14:64
46, 6, Settle New City, Operation Move, UNIT_SETTLER, 9:57, 15:64, 11:57
46, 6, Settle New City, Operation Move, UNIT_SWORDSMAN, 14:64, 11:65, 13:65
46, 6, Naval Superiority, No recruits to reach minimum, , , 
46, 6, Naval Superiority, Operation Recruit, 0 units, Recruited 0, Contract for: UNIT_GALLEY
46, 7, Attack Walled City running, TARGET 8:23
46, Attack Walled City, 7, , Battle line, 306783386:26, 0 endangered
46, 7, Attack Walled City, ,0, Ready, UNIT_SWORDSMAN; UNIT_SWORDSMAN; UNIT_SWORDSMAN; UNIT_SKIRMISHER; UNIT_WARRIOR; UNIT_WARRIOR; UNIT_CATAPULT; UNIT_SWORDSMAN; UNIT_SKIRMISHER; UNIT_SWORDSMAN; UNIT_SKIRMISHER; UNIT_SKIRMISHER; 
46, 7, Attack Walled City, ,1, Ready, 
46, 7, Settle New City running, TARGET 14:38
46, 7, Settle New City, ,0, Not Ready, 
46, 7, Attack Enemy City running, TARGET 2:26
46, Attack Enemy City, 7, , Battle line, 165191056:27, 0 endangered
46, 7, Attack Enemy City, ,0, Ready, UNIT_SWORDSMAN; UNIT_WARRIOR; UNIT_SWORDSMAN; UNIT_SWORDSMAN; UNIT_SWORDSMAN; UNIT_SKIRMISHER; UNIT_SKIRMISHER; UNIT_SKIRMISHER; 
46, 7, Attack Enemy City, ,1, Ready, 
46, 7, Settle New City, Recruiting minimums, , , UNIT_MAN_AT_ARMS
46, 7, Settle New City, No recruits to reach minimum, , , 
46, Settle New City, 7, , Battle line, 429496743:41, 0 endangered
46, 7, Settle New City, Operation Recruit, 1 units, Recruited 1, Contract for: UNIT_SETTLER
46, 7, Settle New City, Operation Move, UNIT_MAN_AT_ARMS, 15:42, 15:42, 15:42
46, 7, Attack Walled City, No recruits to reach minimum, , , 
46, 7, Attack Walled City, No recruits to match strength, , Enemy Str: 179 / 144.0, 
46, 7, Attack Walled City, No recruits to reach minimum, , , 
46, 7, Attack Walled City, No recruits to match strength, , Enemy Str: 179 / 108.0, 
46, 7, Attack Walled City, No recruits to reach minimum, , , 
46, 7, Attack Walled City, No recruits to match strength, , Enemy Str: 179 / 144.0, 
46, 7, Attack Walled City, No recruits to reach minimum, , , 
46, 7, Attack Walled City, No recruits to match strength, , Enemy Str: 179 / 108.0, 
46, 7, Attack Walled City, Operation Recruit, 12 units, Recruited 0, Contract for: UNIT_SKIRMISHER
46, 7, Attack Walled City, Op Attack Units Targets, Target 0, Owner 16, UNIT_CROSSBOWMAN, 8:24
46, 7, Attack Walled City, Operation Attack Units, UNIT_SKIRMISHER, At 10:24, Move 8:24, Attack -9999:-9999
46, 7, Attack Walled City, Operation Attack Units, UNIT_SKIRMISHER, At 11:26, Move 8:25, Attack -9999:-9999
46, 7, Attack Walled City, Operation Attack Units, UNIT_SWORDSMAN, At 10:26, Move 7:25, Attack -9999:-9999
46, 7, Attack Walled City, Operation Siege City, UNIT_SKIRMISHER, From 8:28, Goal: 8:24, Move 9:27
46, 7, Attack Walled City, Operation City Attack, UNIT_CATAPULT, 11:27, Move 10:23, Attack -9999:-9999
46, 7, Attack Walled City, Operation Move, UNIT_WARRIOR, 10:27, 7:23, 10:26
46, 7, Attack Walled City, Operation Move, UNIT_SKIRMISHER, 9:27, 8:24, 9:27
46, 7, Attack Walled City, Operation Move, UNIT_SWORDSMAN, 9:28, 7:23, 8:28
46, 7, Attack Walled City, Operation Move, UNIT_WARRIOR, 12:26, 7:23, 10:27
46, 7, Attack Walled City, Operation Move, UNIT_SWORDSMAN, 8:29, 7:23, 7:29
46, 7, Attack Walled City, Operation Move, UNIT_SWORDSMAN, 9:30, 7:23, 7:30
46, 7, Attack Walled City, Operation Move, UNIT_SWORDSMAN, 8:31, 7:23, 8:29
46, 7, Attack Walled City, Operation Move, UNIT_SKIRMISHER, 8:32, 7:23, 8:30
46, 7, Attack Enemy City, No recruits to reach minimum, , , 
46, 7, Attack Enemy City, No recruits to match strength, , Enemy Str: 142 / 108.0, 
46, 7, Attack Enemy City, No recruits to reach minimum, , , 
46, 7, Attack Enemy City, No recruits to match strength, , Enemy Str: 142 / 72.0, 
46, 7, Attack Enemy City, No recruits to reach minimum, , , 
46, 7, Attack Enemy City, No recruits to match strength, , Enemy Str: 142 / 108.0, 
46, 7, Attack Enemy City, No recruits to reach minimum, , , 
46, 7, Attack Enemy City, No recruits to match strength, , Enemy Str: 142 / 72.0, 
46, 7, Attack Enemy City, Operation Recruit, 8 units, Recruited 0, Contract for: UNIT_SWORDSMAN
46, 7, Attack Enemy City, Operation Protect Units, UNIT_SWORDSMAN, Move 5 27
46, 7, Attack Enemy City, Operation Protect Units, UNIT_SWORDSMAN, Move 3 26
46, 7, Attack Enemy City, Op Attack Units Targets, Target 0, Owner 14, UNIT_SWORDSMAN, 2:27
46, 7, Attack Enemy City, Op Attack Units Targets, Target 1, Owner 14, UNIT_CATAPULT, 4:27
46, 7, Attack Enemy City, Op Attack Units Targets, Target 2, Owner 14, UNIT_SWORDSMAN, 2:29
46, 7, Attack Enemy City, Operation Attack Units, UNIT_SWORDSMAN, At 3:29, Move 3:29, Attack 2:29
46, 7, Attack Enemy City, Operation Attack Units, UNIT_SWORDSMAN, At 4:28, Move 4:28, Attack 4:27
46, 7, Attack Enemy City, Operation Move, UNIT_SKIRMISHER, 7:26, 2:25, 6:27
46, 7, Attack Enemy City, Operation Move, UNIT_SKIRMISHER, 5:30, 2:25, 4:29
46, 7, Attack Enemy City, Operation Move, UNIT_WARRIOR, 6:29, 2:25, 5:30
46, 7, Attack Enemy City, Operation Move, UNIT_SKIRMISHER, 16:32, 2:25, 14:32
46, 8, Settle New City running, TARGET 21:12
46, 8, Settle New City, ,0, Ready, UNIT_MAN_AT_ARMS; UNIT_SETTLER; 
46, 8, Attack Enemy City running, TARGET 8:23
46, Attack Enemy City, 8, , Battle line, 306783387:23, 0 endangered
46, 8, Attack Enemy City, ,0, Ready, UNIT_CATAPULT; UNIT_SWORDSMAN; UNIT_SWORDSMAN; UNIT_VIETNAMESE_VOI_CHIEN; UNIT_HORSEMAN; UNIT_HORSEMAN; UNIT_SWORDSMAN; UNIT_HORSEMAN; 
46, 8, Attack Enemy City, ,1, Ready, 
46, 8, Settle New City, No recruits to reach minimum, , , 
46, 8, Settle New City, No recruits to match strength, , Enemy Str: 0 / 46.0, 
46, 8, Settle New City, Operation Recruit, 2 units, Recruited 0, Contract for: UNIT_VIETNAMESE_VOI_CHIEN
46, 8, Settle New City, No recruits to reach minimum, , , 
46, 8, Settle New City, No recruits to match strength, , Enemy Str: 0 / 46.0, 
46, 8, Settle New City, Operation Recruit, 2 units, Recruited 0, Contract for: UNIT_VIETNAMESE_VOI_CHIEN
46, 8, Settle New City, Operation Move, UNIT_MAN_AT_ARMS, 25:12, 25:12, 25:12
46, 8, Settle New City, Operation Move, UNIT_SETTLER, 25:12, 25:12, 25:12
46, 8, Settle New City, Operation Move, UNIT_MAN_AT_ARMS, 25:12, 21:12, 23:11
46, 8, Settle New City, Operation Move, UNIT_SETTLER, 23:11, 21:12, 23:11
46, 8, Attack Enemy City, No recruits to reach minimum, , , 
46, 8, Attack Enemy City, Recruiting strength, , Enemy Str: 179 / 108.0, UNIT_SKIRMISHER
46, 8, Attack Enemy City, No recruits to reach minimum, , , 
46, 8, Attack Enemy City, No recruits to match strength, , Enemy Str: 179 / 72.0, 
46, Attack Enemy City, 8, , Battle line, 306783387:23, 0 endangered
46, 8, Attack Enemy City, Operation Recruit, 9 units, Recruited 1, Contract for: UNIT_HORSEMAN
46, 8, Attack Enemy City, Op Attack Units Targets, Target 0, Owner 16, UNIT_CROSSBOWMAN, 8:24
46, 8, Attack Enemy City, Operation Attack Units, UNIT_SWORDSMAN, At 9:25, Move 9:24, Attack -9999:-9999
46, 8, Attack Enemy City, Operation Attack Units, UNIT_VIETNAMESE_VOI_CHIEN, At 9:23, Move 9:22, Attack -9999:-9999
46, 8, Attack Enemy City, Operation City Attack, UNIT_SWORDSMAN, 9:23, Move 9:23, Attack 8:23
46, 8, Attack Enemy City, Operation City Attack, UNIT_CATAPULT, 10:21, Move 10:22, Attack -9999:-9999
46, 8, Attack Enemy City, Operation Move, UNIT_HORSEMAN, 9:25, 8:24, 9:25
46, 8, Attack Enemy City, Operation Move, UNIT_HORSEMAN, 11:22, 8:24, 11:22
46, 8, Attack Enemy City, Operation Move, UNIT_SWORDSMAN, 14:24, 7:23, 13:22
46, 8, Attack Enemy City, Operation Move, UNIT_HORSEMAN, 14:19, 8:22, 11:20
46, 8, Attack Enemy City, Operation Move, UNIT_SKIRMISHER, 16:23, 7:23, 15:21
46, 9, City Defense, Started
46, 9, City Defense, Started
46, 9, Settle New City running, TARGET 40:16
46, 9, Settle New City, ,0, Ready, UNIT_CROSSBOWMAN; UNIT_SETTLER; UNIT_MAN_AT_ARMS; 
46, 9, City Defense running, TARGET 37:13
46, 9, City Defense, ,0, Ready, 
46, 9, City Defense running, TARGET 38:8
46, 9, City Defense, ,0, Ready, 
46, 9, City Defense, No recruits to reach minimum, , , 
46, 9, City Defense, Recruiting strength, , Enemy Str: 0 / 46.0, UNIT_CROSSBOWMAN
46, 9, City Defense, Recruiting strength, , Enemy Str: 0 / 46.0, UNIT_MAN_AT_ARMS
46, City Defense, 9, , Battle line, 38:12, 0 endangered
46, 9, City Defense, Operation Recruit, 2 units, Recruited 2, Contract for: UNIT_KNIGHT
46, 9, City Defense, Operation Move, UNIT_CROSSBOWMAN, 37:13, 37:12, 37:12
46, 9, City Defense, Operation Move, UNIT_MAN_AT_ARMS, 36:13, 37:13, 37:13
46, 9, Settle New City, No recruits to reach minimum, , , 
46, 9, Settle New City, No recruits to match strength, , Enemy Str: 4 / 46.0, 
46, 9, Settle New City, Operation Recruit, 3 units, Recruited 0, Contract for: UNIT_COURSER
46, 9, Settle New City, Operation Move, UNIT_CROSSBOWMAN, 37:15, 40:16, 39:16
46, 9, Settle New City, Operation Move, UNIT_MAN_AT_ARMS, 37:14, 40:16, 37:15
46, 9, Settle New City, Operation Move, UNIT_SETTLER, 35:14, 40:16, 37:14
46, 9, City Defense, No recruits to reach minimum, , , 
46, 9, City Defense, Recruiting strength, , Enemy Str: 13 / 46.0, UNIT_MAN_AT_ARMS
46, 9, City Defense, Recruiting strength, , Enemy Str: 13 / 46.0, UNIT_CROSSBOWMAN
46, City Defense, 9, , Battle line, 39:7, 0 endangered
46, 9, City Defense, Operation Recruit, 2 units, Recruited 2, Contract for: UNIT_KNIGHT
46, 9, City Defense, Operation Move, UNIT_MAN_AT_ARMS, 38:7, 37:8, 37:7
46, 13, Naval Superiority running, TARGET 56:2
46, 13, Naval Superiority, ,0, Not Ready, 
46, 13, Naval Superiority, No recruits to reach minimum, , , 
46, 13, Naval Superiority, Operation Recruit, 0 units, Recruited 0, Contract for: UNIT_WARRIOR_MONK
46, 14, Naval Superiority running, TARGET 1:26
46, 14, Naval Superiority, ,0, Not Ready, 
46, 14, City Defense running, TARGET 2:26
46, City Defense, 14, , Battle line, 536870914:26, 0 endangered
46, 14, City Defense, ,0, Not Ready, UNIT_SWORDSMAN; UNIT_CATAPULT; 
46, 14, City Defense, ,1, Ready, 
46, City Defense, 14, , Battle line, 536870914:26, 0 endangered
46, 14, City Defense, No recruits to reach minimum, , , 
46, 14, City Defense, No recruits to match strength, , Enemy Str: 131 / 36.0, 
46, 14, City Defense, No recruits to reach minimum, , , 
46, 14, City Defense, No recruits to match strength, , Enemy Str: 131 / 36.0, 
46, City Defense, 14, , Battle line, 536870914:26, 0 endangered
46, 14, City Defense, Operation Recruit, 2 units, Recruited 0, Contract for: UNIT_SKIRMISHER
46, 14, City Defense, Op Attack Units Targets, Target 0, Owner 7, UNIT_SWORDSMAN, 3:26
46, 14, City Defense, Op Attack Units Targets, Target 1, Owner 7, UNIT_SWORDSMAN, 4:27
46, 14, City Defense, Op Attack Units Targets, Target 2, Owner 7, UNIT_SWORDSMAN, 2:29
46, 14, City Defense, Operation Attack Units, UNIT_CATAPULT, At 2:26, Move 2:26, Attack 3:26
46, 14, City Defense, Operation Attack Units, UNIT_SWORDSMAN, At 2:27, Move 2:28, Attack 2:29
46, 14, Naval Superiority, No recruits to reach minimum, , , 
46, 14, Naval Superiority, Operation Recruit, 0 units, Recruited 0, Contract for: UNIT_WARRIOR_MONK
46, 16, Naval Superiority running, TARGET 7:23
46, 16, Naval Superiority, ,0, Not Ready, 
46, 16, City Defense running, TARGET 8:23
46, City Defense, 16, , Battle line, 195225794:23, 0 endangered
46, 16, City Defense, ,0, Not Ready, UNIT_CROSSBOWMAN; UNIT_CROSSBOWMAN; 
46, 16, City Defense, ,1, Ready, 
46, City Defense, 16, , Battle line, 195225794:23, 0 endangered
46, 16, City Defense, No recruits to reach minimum, , , 
46, 16, City Defense, No recruits to match strength, , Enemy Str: 434 / 36.0, 
46, 16, City Defense, No recruits to reach minimum, , , 
46, 16, City Defense, No recruits to match strength, , Enemy Str: 434 / 36.0, 
46, City Defense, 16, , Battle line, 195225794:23, 0 endangered
46, 16, City Defense, Operation Recruit, 2 units, Recruited 0, Contract for: UNIT_SKIRMISHER
46, 16, City Defense, Op Attack Units Targets, Target 0, Owner 8, UNIT_VIETNAMESE_VOI_CHIEN, 9:22
46, 16, City Defense, Op Attack Units Targets, Target 1, Owner 8, UNIT_CATAPULT, 10:22
46, 16, City Defense, Op Attack Units Targets, Target 2, Owner 8, UNIT_SWORDSMAN, 9:23
46, 16, City Defense, Op Attack Units Targets, Target 3, Owner 8, UNIT_SWORDSMAN, 9:24
46, 16, City Defense, Op Attack Units Targets, Target 4, Owner 7, UNIT_SKIRMISHER, 10:24
46, 16, City Defense, Op Attack Units Targets, Target 5, Owner 8, UNIT_HORSEMAN, 9:25
46, 16, City Defense, Op Attack Units Targets, Target 6, Owner 7, UNIT_SWORDSMAN, 8:26
46, 16, City Defense, Op Attack Units Targets, Target 7, Owner 7, UNIT_SKIRMISHER, 9:26
46, 16, City Defense, Operation Attack Units, UNIT_CROSSBOWMAN, At 8:23, Move 8:23, Attack 9:25
46, 16, City Defense, Operation Attack Units, UNIT_CROSSBOWMAN, At 8:24, Move 8:24, Attack 9:25
46, 16, Naval Superiority, No recruits to reach minimum, , , 
46, 16, Naval Superiority, Operation Recruit, 0 units, Recruited 0, Contract for: UNIT_WARRIOR_MONK
47, 5, Settle New City running, TARGET 35:78
47, 5, Settle New City, ,0, Ready, UNIT_SETTLER; UNIT_MAN_AT_ARMS; UNIT_CROSSBOWMAN; 
47, 5, Naval Superiority running, TARGET 15:71
47, 5, Naval Superiority, ,0, Not Ready, 
47, 5, Settle New City, No recruits to reach minimum, , , 
47, 5, Settle New City, No recruits to match strength, , Enemy Str: 0 / 50.0, 
47, 5, Settle New City, No recruits to reach minimum, , , 
47, 5, Settle New City, No recruits to match strength, , Enemy Str: 0 / 50.0, 
47, 5, Settle New City, Operation Recruit, 3 units, Recruited 0, Contract for: UNIT_KNIGHT
47, 5, Settle New City, Operation Move, UNIT_MAN_AT_ARMS, 34:77, 35:78, 35:78
47, 5, Settle New City, Operation Move, UNIT_CROSSBOWMAN, 32:74, 34:78, 33:75
47, 5, Settle New City, Operation Move, UNIT_SETTLER, 29:73, 35:78, 31:73
47, 5, Naval Superiority, No recruits to reach minimum, , , 
47, 5, Naval Superiority, No recruits to reach minimum, , , 
47, 5, Naval Superiority, Operation Recruit, 0 units, Recruited 0, Contract for: UNIT_MACEDONIAN_HETAIROI
47, 6, Naval Superiority running, TARGET 23:56
47, 6, Naval Superiority, ,0, Not Ready, 
47, 6, Settle New City running, TARGET 11:65
47, Settle New City, 6, , Battle line, 1073741836:62, 0 endangered
47, 6, Settle New City, ,0, Ready, UNIT_SWORDSMAN; UNIT_SETTLER; 
47, 6, Settle New City, No recruits to reach minimum, , , 
47, 6, Settle New City, No recruits to match strength, , Enemy Str: 0 / 36.0, 
47, 6, Settle New City, No recruits to reach minimum, , , 
47, 6, Settle New City, No recruits to match strength, , Enemy Str: 0 / 36.0, 
47, 6, Settle New City, Operation Recruit, 2 units, Recruited 0, Contract for: UNIT_SWORDSMAN
47, 6, Settle New City, Operation Move, UNIT_SWORDSMAN, 13:65, 11:65, 12:65
47, 6, Settle New City, Operation Move, UNIT_SETTLER, 11:57, 11:65, 12:58
47, 6, Naval Superiority, No recruits to reach minimum, , , 
47, 6, Naval Superiority, Operation Recruit, 0 units, Recruited 0, Contract for: UNIT_GALLEY
47, 7, Attack Walled City running, TARGET 8:23
47, Attack Walled City, 7, , Battle line, 536870922:26, 0 endangered
47, 7, Attack Walled City, ,0, Ready, UNIT_SWORDSMAN; UNIT_SWORDSMAN; UNIT_SWORDSMAN; UNIT_SKIRMISHER; UNIT_WARRIOR; UNIT_WARRIOR; UNIT_CATAPULT; UNIT_SWORDSMAN; UNIT_SKIRMISHER; UNIT_SWORDSMAN; UNIT_SKIRMISHER; UNIT_SKIRMISHER; 
47, 7, Attack Walled City, ,1, Ready, 
47, 7, Settle New City running, TARGET 14:38
47, Settle New City, 7, , Battle line, 195225798:42, 0 endangered
47, 7, Settle New City, ,0, Ready, UNIT_MAN_AT_ARMS; UNIT_SETTLER; 
47, 7, Attack Enemy City running, TARGET 2:26
47, Attack Enemy City, 7, , Battle line, 268435461:27, 0 endangered
47, 7, Attack Enemy City, ,0, Ready, UNIT_SWORDSMAN; UNIT_WARRIOR; UNIT_SWORDSMAN; UNIT_SWORDSMAN; UNIT_SWORDSMAN; UNIT_SKIRMISHER; UNIT_SKIRMISHER; UNIT_SKIRMISHER; 
47, 7, Attack Enemy City, ,1, Ready, 
47, Settle New City, 7, , Battle line, 195225798:42, 0 endangered
47, 7, Settle New City, No recruits to reach minimum, , , 
47, 7, Settle New City, No recruits to match strength, , Enemy Str: 0 / 46.0, 
47, 7, Settle New City, No recruits to reach minimum, , , 
47, 7, Settle New City, No recruits to match strength, , Enemy Str: 0 / 46.0, 
47, Settle New City, 7, , Battle line, 195225798:42, 0 endangered
47, 7, Settle New City, Operation Recruit, 2 units, Recruited 0, Contract for: UNIT_COURSER
47, 7, Settle New City, Operation Move, UNIT_MAN_AT_ARMS, 15:42, 14:43, 14:43
47, 7, Attack Walled City, No recruits to reach minimum, , , 
47, 7, Attack Walled City, No recruits to match strength, , Enemy Str: 148 / 144.0, 
47, 7, Attack Walled City, No recruits to reach minimum, , , 
47, 7, Attack Walled City, No recruits to match strength, , Enemy Str: 148 / 108.0, 
47, 7, Attack Walled City, No recruits to reach minimum, , , 
47, 7, Attack Walled City, No recruits to match strength, , Enemy Str: 148 / 144.0, 
47, 7, Attack Walled City, No recruits to reach minimum, , , 
47, 7, Attack Walled City, No recruits to match strength, , Enemy Str: 148 / 108.0, 
47, 7, Attack Walled City, Operation Recruit, 12 units, Recruited 0, Contract for: UNIT_SKIRMISHER
47, 7, Attack Walled City, Op Attack Units Targets, Target 0, Owner 16, UNIT_CROSSBOWMAN, 8:24
47, 7, Attack Walled City, Operation Attack Units, UNIT_SWORDSMAN, At 8:26, Move 8:25, Attack -9999:-9999
47, 7, Attack Walled City, Operation Attack Units, UNIT_SKIRMISHER, At 10:24, Move 8:24, Attack -9999:-9999
47, 7, Attack Walled City, Operation Attack Units, UNIT_SKIRMISHER, At 9:26, Move 7:25, Attack 8:24
47, 7, Attack Walled City, Operation Siege City, UNIT_WARRIOR, From 10:26, Goal: 8:24, Move 8:26
47, 7, Attack Walled City, Operation City Attack, UNIT_CATAPULT, 10:25, Move 9:25, Attack -9999:-9999
47, 7, Attack Walled City, Operation Move, UNIT_WARRIOR, 10:27, 7:23, 9:26
47, 7, Attack Walled City, Operation Move, UNIT_SKIRMISHER, 9:27, 8:24, 9:27
47, 7, Attack Walled City, Operation Move, UNIT_SWORDSMAN, 9:28, 7:23, 8:28
47, 7, Attack Walled City, Operation Move, UNIT_SWORDSMAN, 8:29, 7:23, 9:28
47, 7, Attack Walled City, Operation Move, UNIT_SWORDSMAN, 7:29, 7:23, 8:29
47, 7, Attack Walled City, Operation Move, UNIT_SWORDSMAN, 7:30, 7:23, 6:29
47, 7, Attack Walled City, Operation Move, UNIT_SKIRMISHER, 9:30, 7:23, 9:29
47, 7, Attack Enemy City, Operation Change Target INVALID, No backup
47, 7, Attack Enemy City, Operation Protect Units, UNIT_SWORDSMAN, Promote
47, 7, Attack Enemy City, Operation Protect Units, UNIT_SWORDSMAN, Move 5 26
47, 7, Attack Enemy City, Operation complete
47, 8, Settle New City running, TARGET 21:12
47, 8, Settle New City, ,0, Ready, UNIT_MAN_AT_ARMS; UNIT_SETTLER; 
47, 8, Attack Enemy City running, TARGET 8:23
47, Attack Enemy City, 8, , Battle line, 11:22, 0 endangered
47, 8, Attack Enemy City, ,0, Ready, UNIT_CATAPULT; UNIT_SWORDSMAN; UNIT_SWORDSMAN; UNIT_VIETNAMESE_VOI_CHIEN; UNIT_HORSEMAN; UNIT_SWORDSMAN; UNIT_HORSEMAN; UNIT_SKIRMISHER; 
47, 8, Attack Enemy City, ,1, Ready, 
47, 8, Settle New City, No recruits to reach minimum, , , 
47, 8, Settle New City, No recruits to match strength, , Enemy Str: 0 / 46.0, 
47, 8, Settle New City, Operation Recruit, 2 units, Recruited 0, Contract for: UNIT_VIETNAMESE_VOI_CHIEN
47, 8, Settle New City, Operation Move, UNIT_MAN_AT_ARMS, 23:11, 21:12, 22:12
47, 8, Settle New City, Operation Move, UNIT_SETTLER, 22:12, 21:12, 22:12
47, 8, Attack Enemy City, No recruits to reach minimum, , , 
47, 8, Attack Enemy City, No recruits to match strength, , Enemy Str: 144 / 108.0, 
47, 8, Attack Enemy City, No recruits to reach minimum, , , 
47, 8, Attack Enemy City, No recruits to match strength, , Enemy Str: 144 / 72.0, 
47, 8, Attack Enemy City, Operation Recruit, 8 units, Recruited 0, Contract for: UNIT_HORSEMAN
47, 8, Attack Enemy City, Op Attack Units Targets, Target 0, Owner 16, UNIT_CROSSBOWMAN, 8:24
47, 8, Attack Enemy City, Operation Attack Units, UNIT_SWORDSMAN, At 9:24, Move 9:24, Attack 8:24
47, 8, Attack Enemy City, Operation Attack Units, UNIT_VIETNAMESE_VOI_CHIEN, At 9:22, Move 9:22, Attack 8:24
47, 8, Attack Enemy City, Operation Siege City, UNIT_HORSEMAN, From 11:22, Goal: 9:24, Move 9:24
47, 8, Attack Enemy City, Operation City Attack, UNIT_SWORDSMAN, 9:23, Move 9:23, Attack 8:23
47, 8, Attack Enemy City, Operation City Attack, UNIT_CATAPULT, 10:22, Move 10:22, Attack 8:23
47, 8, Attack Enemy City, Operation Move, UNIT_HORSEMAN, 11:20, 8:22, 10:23
47, 8, Attack Enemy City, Operation Move, UNIT_SWORDSMAN, 13:22, 8:22, 12:21
47, 8, Attack Enemy City, Operation Move, UNIT_SKIRMISHER, 15:21, 8:22, 13:19
47, 9, Settle New City running, TARGET 40:16
47, Settle New City, 9, , Battle line, 38:14, 0 endangered
47, 9, Settle New City, ,0, Ready, UNIT_CROSSBOWMAN; UNIT_SETTLER; UNIT_MAN_AT_ARMS; 
47, 9, City Defense running, TARGET 37:13
47, City Defense, 9, , Battle line, 38:12, 0 endangered
47, 9, City Defense, ,0, Ready, UNIT_CROSSBOWMAN; UNIT_MAN_AT_ARMS; 
47, 9, City Defense running, TARGET 38:8
47, City Defense, 9, , Battle line, 39:8, 0 endangered
47, 9, City Defense, ,0, Ready, UNIT_MAN_AT_ARMS; UNIT_CROSSBOWMAN; 
47, City Defense, 9, , Battle line, 38:12, 0 endangered
47, 9, City Defense, No recruits to reach minimum, , , 
47, 9, City Defense, Recruiting strength, , Enemy Str: 119 / 46.0, UNIT_MAN_AT_ARMS
47, 9, City Defense, Recruiting strength, , Enemy Str: 119 / 46.0, UNIT_MAN_AT_ARMS
47, 9, City Defense, No recruits to reach minimum, , , 
47, 9, City Defense, No recruits to match strength, , Enemy Str: 119 / 46.0, 
47, City Defense, 9, , Battle line, 37:12, 0 endangered
47, 9, City Defense, Operation Recruit, 4 units, Recruited 2, Contract for: UNIT_KNIGHT
47, 9, City Defense, Op Attack Units Targets, Target 0, Owner 4, UNIT_CROSSBOWMAN, 39:12
47, 9, City Defense, Operation Attack Units, UNIT_MAN_AT_ARMS, At 37:12, Move 38:13, Attack -9999:-9999
47, 9, City Defense, Operation Attack Units, UNIT_MAN_AT_ARMS, At 36:13, Move 38:12, Attack -9999:-9999
47, 9, City Defense, Operation Move, UNIT_MAN_AT_ARMS, 34:13, 37:14, 36:14
47, 9, Settle New City, No recruits to reach minimum, , , 
47, 9, Settle New City, Recruiting strength, , Enemy Str: 43 / 46.0, UNIT_CROSSBOWMAN
47, 9, Settle New City, No recruits to reach minimum, , , 
47, 9, Settle New City, No recruits to match strength, , Enemy Str: 43 / 46.0, 
47, Settle New City, 9, , Battle line, 38:14, 0 endangered
47, 9, Settle New City, Operation Recruit, 4 units, Recruited 1, Contract for: UNIT_COURSER
47, 9, Settle New City, Op Attack Units Targets, Target 0, Owner 4, UNIT_CROSSBOWMAN, 39:13
47, 9, Settle New City, Operation Attack Units, UNIT_MAN_AT_ARMS, At 38:15, Move 39:14, Attack -9999:-9999
47, 9, Settle New City, Operation Attack Units, UNIT_CROSSBOWMAN, At 39:16, Move 40:14, Attack -9999:-9999
47, 9, Settle New City, Operation Move, UNIT_CROSSBOWMAN, 37:16, 40:16, 38:15
47, 9, Settle New City, Operation Move, UNIT_SETTLER, 37:14, 40:16, 37:15
47, City Defense, 9, , Battle line, 39:8, 0 endangered
47, 9, City Defense, No recruits to reach minimum, , , 
47, 9, City Defense, No recruits to match strength, , Enemy Str: 13 / 46.0, 
47, 9, City Defense, No recruits to reach minimum, , , 
47, 9, City Defense, No recruits to match strength, , Enemy Str: 13 / 46.0, 
47, City Defense, 9, , Battle line, 39:8, 0 endangered
47, 9, City Defense, Operation Recruit, 2 units, Recruited 0, Contract for: UNIT_KNIGHT
47, 9, City Defense, Operation Move, UNIT_CROSSBOWMAN, 38:8, 37:8, 37:8
47, 9, City Defense, Operation Move, UNIT_MAN_AT_ARMS, 37:7, 38:8, 38:8
47, 13, Naval Superiority running, TARGET 56:2
47, 13, Naval Superiority, ,0, Not Ready, 
47, 13, Naval Superiority, No recruits to reach minimum, , , 
47, 13, Naval Superiority, Operation Recruit, 0 units, Recruited 0, Contract for: UNIT_WARRIOR_MONK
47, 14, Naval Superiority running, TARGET 1:26
47, 14, Naval Superiority, ,0, Not Ready, 
47, 14, City Defense running, TARGET 2:26
47, City Defense, 14, , Battle line, 429496732:27, 1 endangered
47, 14, City Defense, ,0, Not Ready, UNIT_SWORDSMAN; UNIT_CATAPULT; 
47, 14, City Defense, ,1, Ready, 
47, 14, City Defense, No recruits to reach minimum, , , 
47, 14, City Defense, No recruits to match strength, , Enemy Str: 172 / 36.0, 
47, 14, City Defense, No recruits to reach minimum, , , 
47, 14, City Defense, No recruits to match strength, , Enemy Str: 172 / 36.0, 
47, 14, City Defense, Operation Recruit, 2 units, Recruited 0, Contract for: UNIT_SKIRMISHER
47, 14, City Defense, Op Attack Units Targets, Target 0, Owner 7, UNIT_SWORDSMAN, 4:26
47, 14, City Defense, Op Attack Units Targets, Target 1, Owner 7, UNIT_SKIRMISHER, 4:28
47, 14, City Defense, Op Attack Units Targets, Target 2, Owner 7, UNIT_SWORDSMAN, 2:29
47, 14, City Defense, Operation Attack Units, UNIT_CATAPULT, At 2:26, Move 2:26, Attack 4:26
47, 14, City Defense, Operation Attack Units, UNIT_SWORDSMAN, At 2:28, Move 2:28, Attack 2:29
47, 14, Naval Superiority, No recruits to reach minimum, , , 
47, 14, Naval Superiority, Operation Recruit, 0 units, Recruited 0, Contract for: UNIT_WARRIOR_MONK
47, 16, Naval Superiority running, TARGET 7:23
47, 16, Naval Superiority, ,0, Not Ready, 
47, 16, City Defense running, TARGET 8:23
47, City Defense, 16, , Battle line, 165191057:23, 1 endangered
47, 16, City Defense, ,0, Not Ready, UNIT_CROSSBOWMAN; 
47, 16, City Defense, ,1, Ready, 
47, City Defense, 16, , Battle line, 165191057:23, 1 endangered
47, 16, City Defense, No recruits to reach minimum, , , 
47, 16, City Defense, No recruits to match strength, , Enemy Str: 455 / 36.0, 
47, 16, City Defense, No recruits to reach minimum, , , 
47, 16, City Defense, No recruits to match strength, , Enemy Str: 455 / 36.0, 
47, City Defense, 16, , Battle line, 165191057:23, 1 endangered
47, 16, City Defense, Operation Recruit, 1 units, Recruited 0, Contract for: UNIT_SKIRMISHER
47, 16, City Defense, Op Attack Units Targets, Target 0, Owner 8, UNIT_VIETNAMESE_VOI_CHIEN, 9:22
47, 16, City Defense, Op Attack Units Targets, Target 1, Owner 8, UNIT_CATAPULT, 10:22
47, 16, City Defense, Op Attack Units Targets, Target 2, Owner 8, UNIT_SWORDSMAN, 9:23
47, 16, City Defense, Op Attack Units Targets, Target 3, Owner 8, UNIT_HORSEMAN, 10:23
47, 16, City Defense, Op Attack Units Targets, Target 4, Owner 8, UNIT_SWORDSMAN, 8:24
47, 16, City Defense, Op Attack Units Targets, Target 5, Owner 8, UNIT_HORSEMAN, 9:24
47, 16, City Defense, Op Attack Units Targets, Target 6, Owner 7, UNIT_SKIRMISHER, 10:24
47, 16, City Defense, Op Attack Units Targets, Target 7, Owner 7, UNIT_SKIRMISHER, 7:25
47, 16, City Defense, Op Attack Units Targets, Target 8, Owner 7, UNIT_SWORDSMAN, 8:25
47, 16, City Defense, Op Attack Units Targets, Target 9, Owner 7, UNIT_CATAPULT, 9:25
47, 16, City Defense, Operation Attack Units, UNIT_CROSSBOWMAN, At 8:23, Move 8:23, Attack 10:22
47, 16, Naval Superiority, Operation Recruit, 0 units, Recruited 0, Contract for: UNIT_WARRIOR_MONK
48, 5, City Defense, Started
48, 5, Settle New City running, TARGET 35:78
48, Settle New City, 5, , Battle line, 35:75, 0 endangered
48, 5, Settle New City, ,0, Ready, UNIT_SETTLER; UNIT_MAN_AT_ARMS; UNIT_CROSSBOWMAN; 
48, 5, City Defense running, TARGET 35:74
48, 5, City Defense, ,0, Not Ready, 
48, 5, Naval Superiority running, TARGET 15:71
48, 5, Naval Superiority, ,0, Not Ready, 
48, 5, City Defense, No recruits to reach minimum, , , 
48, 5, City Defense, Recruiting strength, , Enemy Str: 140 / 50.0, UNIT_CROSSBOWMAN
48, 5, City Defense, Recruiting strength, , Enemy Str: 140 / 50.0, UNIT_CROSSBOWMAN
48, 5, City Defense, Recruiting strength, , Enemy Str: 140 / 50.0, UNIT_MAN_AT_ARMS
48, 5, City Defense, Recruiting strength, , Enemy Str: 140 / 50.0, UNIT_MAN_AT_ARMS
48, 5, City Defense, Recruiting strength, , Enemy Str: 140 / 50.0, UNIT_KNIGHT
48, 5, City Defense, No recruits to reach minimum, , , 
48, 5, City Defense, No recruits to match strength, , Enemy Str: 140 / 50.0, 
48, City Defense, 5, , Battle line, 32:71, 1 endangered
48, 5, City Defense, Operation Recruit, 5 units, Recruited 5, Contract for: UNIT_KNIGHT
48, 5, City Defense, Op Attack Units Targets, Target 0, Owner 0, UNIT_VAMPIRE, 37:74
48, 5, City Defense, Operation Attack Units, UNIT_CROSSBOWMAN, At 35:74, Move 35:74, Attack 37:74
48, 5, City Defense, Operation Move, UNIT_CROSSBOWMAN, 30:74, 34:74, 31:74
48, 5, City Defense, Operation Move, UNIT_MAN_AT_ARMS, 31:70, 34:74, 31:71
48, 5, City Defense, Operation Move, UNIT_MAN_AT_ARMS, 26:69, 34:74, 27:69
48, 5, City Defense, Operation Move, UNIT_KNIGHT, 26:70, 34:74, 28:74
48, 5, Settle New City, No recruits to reach minimum, , , 
48, 5, Settle New City, No recruits to match strength, , Enemy Str: 0 / 50.0, 
48, 5, Settle New City, No recruits to reach minimum, , , 
48, 5, Settle New City, No recruits to match strength, , Enemy Str: 0 / 50.0, 
48, 5, Settle New City, Operation Recruit, 3 units, Recruited 0, Contract for: UNIT_KNIGHT
48, 5, Settle New City, Operation Move, UNIT_MAN_AT_ARMS, 35:78, 35:78, 35:78
48, 5, Settle New City, Operation Move, UNIT_CROSSBOWMAN, 33:75, 35:77, 35:76
48, 5, Settle New City, Operation Move, UNIT_SETTLER, 31:73, 35:78, 32:75
48, 5, Settle New City, Operation complete
48, 5, Naval Superiority, No recruits to reach minimum, , , 
48, 5, Naval Superiority, No recruits to reach minimum, , , 
48, 5, Naval Superiority, Operation Recruit, 0 units, Recruited 0, Contract for: UNIT_MACEDONIAN_HETAIROI
48, 6, Naval Superiority running, TARGET 23:56
48, 6, Naval Superiority, ,0, Not Ready, 
48, 6, Settle New City running, TARGET 11:65
48, Settle New City, 6, , Battle line, 1073741835:61, 0 endangered
48, 6, Settle New City, ,0, Ready, UNIT_SWORDSMAN; UNIT_SETTLER; 
48, 6, Settle New City, No recruits to reach minimum, , , 
48, 6, Settle New City, No recruits to match strength, , Enemy Str: 0 / 36.0, 
48, 6, Settle New City, No recruits to reach minimum, , , 
48, 6, Settle New City, No recruits to match strength, , Enemy Str: 0 / 36.0, 
48, 6, Settle New City, Operation Recruit, 2 units, Recruited 0, Contract for: UNIT_SWORDSMAN
48, 6, Settle New City, Operation Move, UNIT_SWORDSMAN, 12:65, 11:65, 11:65
48, 6, Settle New City, Operation Move, UNIT_SETTLER, 12:58, 11:65, 12:60
48, 6, Naval Superiority, No recruits to reach minimum, , , 
48, 6, Naval Superiority, Operation Recruit, 0 units, Recruited 0, Contract for: UNIT_GALLEY
48, 7, Attack Walled City running, TARGET 8:23
48, Attack Walled City, 7, , Battle line, 429496737:26, 0 endangered
48, 7, Attack Walled City, ,0, Ready, UNIT_SWORDSMAN; UNIT_SWORDSMAN; UNIT_SWORDSMAN; UNIT_SKIRMISHER; UNIT_WARRIOR; UNIT_WARRIOR; UNIT_CATAPULT; UNIT_SWORDSMAN; UNIT_SKIRMISHER; UNIT_SWORDSMAN; UNIT_SKIRMISHER; UNIT_SKIRMISHER; 
48, 7, Attack Walled City, ,1, Ready, 
48, 7, Settle New City running, TARGET 14:38
48, Settle New City, 7, , Battle line, 214748377:43, 0 endangered
48, 7, Settle New City, ,0, Ready, UNIT_MAN_AT_ARMS; UNIT_SETTLER; 
48, 7, Attack Walled City, Started
48, 7, Settle New City, No recruits to reach minimum, , , 
48, 7, Settle New City, No recruits to match strength, , Enemy Str: 0 / 46.0, 
48, 7, Settle New City, No recruits to reach minimum, , , 
48, 7, Settle New City, No recruits to match strength, , Enemy Str: 0 / 46.0, 
48, 7, Settle New City, Operation Recruit, 2 units, Recruited 0, Contract for: UNIT_COURSER
48, Settle New City, 7, , Battle line, 214748377:43, 0 endangered
48, 7, Settle New City, No recruits to reach minimum, , , 
48, 7, Settle New City, No recruits to match strength, , Enemy Str: 0 / 46.0, 
48, 7, Settle New City, No recruits to reach minimum, , , 
48, 7, Settle New City, No recruits to match strength, , Enemy Str: 0 / 46.0, 
48, Settle New City, 7, , Battle line, 214748377:43, 0 endangered
48, 7, Settle New City, Operation Recruit, 2 units, Recruited 0, Contract for: UNIT_COURSER
48, 7, Settle New City, Operation Move, UNIT_MAN_AT_ARMS, 13:43, 15:42, 14:43
48, 7, Settle New City, Operation Move, UNIT_SETTLER, 14:43, 15:42, 14:43
48, 7, Settle New City, Operation Move, UNIT_SETTLER, 14:43, 14:38, 14:43
48, 7, Attack Walled City, No recruits to reach minimum, , , 
48, 7, Attack Walled City, No recruits to match strength, , Enemy Str: 113 / 144.0, 
48, 7, Attack Walled City, No recruits to reach minimum, , , 
48, 7, Attack Walled City, No recruits to match strength, , Enemy Str: 113 / 108.0, 
48, 7, Attack Walled City, No recruits to reach minimum, , , 
48, 7, Attack Walled City, No recruits to match strength, , Enemy Str: 113 / 144.0, 
48, 7, Attack Walled City, No recruits to reach minimum, , , 
48, 7, Attack Walled City, No recruits to match strength, , Enemy Str: 113 / 108.0, 
48, 7, Attack Walled City, Operation Recruit, 12 units, Recruited 0, Contract for: UNIT_SKIRMISHER
48, 7, Attack Walled City, Operation City Attack, UNIT_CATAPULT, 9:25, Move 9:25, Attack 8:23
48, 7, Attack Walled City, Operation Pillage City, UNIT_SKIRMISHER, From 7:25, Goal: 7:25, Move 7:25
48, 7, Attack Walled City, Operation Move, UNIT_SKIRMISHER, 10:24, 7:23, 10:21
48, 7, Attack Walled City, Operation Move, UNIT_SWORDSMAN, 8:25, 7:23, 8:25
48, 7, Attack Walled City, Operation Move, UNIT_WARRIOR, 9:26, 7:23, 8:27
48, 7, Attack Walled City, Operation Move, UNIT_WARRIOR, 8:26, 7:23, 7:27
48, 7, Attack Walled City, Operation Move, UNIT_SKIRMISHER, 9:27, 7:23, 10:25
48, 7, Attack Walled City, Operation Move, UNIT_SWORDSMAN, 9:28, 7:23, 8:30
48, 7, Attack Walled City, Operation Move, UNIT_SWORDSMAN, 8:28, 7:23, 7:28
48, 7, Attack Walled City, Operation Move, UNIT_SWORDSMAN, 8:29, 7:23, 7:30
48, 7, Attack Walled City, Operation Move, UNIT_SWORDSMAN, 6:29, 7:23, 6:28
48, 7, Attack Walled City, Operation Move, UNIT_SKIRMISHER, 9:29, 7:23, 10:27
48, 7, Attack Walled City, Recruiting minimums, , , UNIT_MAN_AT_ARMS
48, 7, Attack Walled City, Recruiting minimums, , , UNIT_MAN_AT_ARMS
48, 7, Attack Walled City, Recruiting minimums, , , UNIT_MAN_AT_ARMS
48, 7, Attack Walled City, Recruiting minimums, , , UNIT_CROSSBOWMAN
48, 7, Attack Walled City, Recruiting minimums, , , UNIT_MAN_AT_ARMS
48, 7, Attack Walled City, Recruiting minimums, , , UNIT_MAN_AT_ARMS
48, 7, Attack Walled City, Recruiting minimums, , , UNIT_MAN_AT_ARMS
48, 7, Attack Walled City, Recruiting minimums, , , UNIT_SKIRMISHER
48, 7, Attack Walled City, No recruits to reach minimum, , , 
48, 7, Attack Walled City, No recruits to match strength, , Enemy Str: 137 / 0.0, 
48, 7, Attack Walled City, No recruits to reach minimum, , , 
48, 7, Attack Walled City, No recruits to reach minimum, , , 
48, 7, Attack Walled City, No recruits to match strength, , Enemy Str: 137 / 0.0, 
48, Attack Walled City, 7, , Battle line, 143165589:38, 0 endangered
48, 7, Attack Walled City, Operation Recruit, 6 units, Recruited 6, Contract for: UNIT_TREBUCHET
48, 7, Attack Walled City, Operation Move, UNIT_MAN_AT_ARMS, 13:33, 12:32, 12:32
48, 7, Attack Walled City, Operation Move, UNIT_MAN_AT_ARMS, 13:34, 12:33, 12:33
48, 7, Attack Walled City, Operation Move, UNIT_SKIRMISHER, 16:32, 13:32, 14:32
48, 7, Attack Walled City, Operation Move, UNIT_MAN_AT_ARMS, 10:39, 11:33, 11:37
48, 7, Attack Walled City, Operation Move, UNIT_CROSSBOWMAN, 14:39, 13:34, 14:38
48, 7, Attack Walled City, Operation Move, UNIT_MAN_AT_ARMS, 12:45, 11:33, 11:43
48, 8, Settle New City running, TARGET 21:12
48, 8, Settle New City, ,0, Ready, UNIT_MAN_AT_ARMS; UNIT_SETTLER; 
48, 8, Attack Enemy City running, TARGET 8:23
48, Attack Enemy City, 8, , Battle line, 715827889:23, 0 endangered
48, 8, Attack Enemy City, ,0, Ready, UNIT_SWORDSMAN; UNIT_SWORDSMAN; UNIT_VIETNAMESE_VOI_CHIEN; UNIT_HORSEMAN; UNIT_SWORDSMAN; UNIT_HORSEMAN; UNIT_SKIRMISHER; 
48, 8, Attack Enemy City, ,1, Ready, 
48, 8, Settle New City, No recruits to reach minimum, , , 
48, 8, Settle New City, No recruits to match strength, , Enemy Str: 0 / 46.0, 
48, 8, Settle New City, No recruits to reach minimum, , , 
48, 8, Settle New City, No recruits to match strength, , Enemy Str: 0 / 46.0, 
48, 8, Settle New City, Operation Recruit, 2 units, Recruited 0, Contract for: UNIT_VIETNAMESE_VOI_CHIEN
48, 8, Settle New City, Operation Move, UNIT_MAN_AT_ARMS, 22:12, 21:12, 21:12
48, 8, Settle New City, Operation Move, UNIT_SETTLER, 21:12, 21:12, 21:12
48, Attack Enemy City, 8, , Battle line, 715827889:23, 0 endangered
48, 8, Attack Enemy City, No recruits to reach minimum, , , 
48, 8, Attack Enemy City, No recruits to match strength, , Enemy Str: 113 / 108.0, 
48, 8, Attack Enemy City, No recruits to reach minimum, , , 
48, 8, Attack Enemy City, No recruits to match strength, , Enemy Str: 113 / 72.0, 
48, 8, Attack Enemy City, No recruits to reach minimum, , , 
48, 8, Attack Enemy City, No recruits to match strength, , Enemy Str: 113 / 108.0, 
48, 8, Attack Enemy City, No recruits to reach minimum, , , 
48, 8, Attack Enemy City, No recruits to match strength, , Enemy Str: 113 / 72.0, 
48, Attack Enemy City, 8, , Battle line, 715827889:23, 0 endangered
48, 8, Attack Enemy City, Operation Recruit, 7 units, Recruited 0, Contract for: UNIT_HORSEMAN
48, 8, Attack Enemy City, Operation City Attack, UNIT_VIETNAMESE_VOI_CHIEN, 9:22, Move 9:22, Attack 8:23
48, 8, Attack Enemy City, Operation City Attack, UNIT_SWORDSMAN, 8:24, Move 8:24, Attack 8:23
48, 8, Attack Enemy City, Operation City Attack, UNIT_HORSEMAN, 9:24, Move 9:23, Attack 8:23
48, 8, Attack Enemy City, Operation City Attack, UNIT_HORSEMAN, 10:23, Move 9:24, Attack 8:23
48, 8, Attack Enemy City, Operation Move, UNIT_SWORDSMAN, 12:21, 8:22, 11:21
48, 8, Attack Enemy City, Operation Move, UNIT_SKIRMISHER, 13:19, 8:22, 11:19
48, 9, Settle New City running, TARGET 40:16
48, Settle New City, 9, , Battle line, 38:13, 0 endangered
48, 9, Settle New City, ,0, Ready, UNIT_CROSSBOWMAN; UNIT_SETTLER; UNIT_MAN_AT_ARMS; UNIT_CROSSBOWMAN; 
48, 9, City Defense running, TARGET 37:13
48, City Defense, 9, , Battle line, 37:12, 0 endangered
48, 9, City Defense, ,0, Ready, UNIT_CROSSBOWMAN; UNIT_MAN_AT_ARMS; UNIT_MAN_AT_ARMS; 
48, 9, City Defense running, TARGET 38:8
48, City Defense, 9, , Battle line, 38:8, 0 endangered
48, 9, City Defense, ,0, Ready, UNIT_MAN_AT_ARMS; UNIT_CROSSBOWMAN; 
48, City Defense, 9, , Battle line, 37:12, 0 endangered
48, 9, City Defense, No recruits to reach minimum, , , 
48, 9, City Defense, Recruiting strength, , Enemy Str: 116 / 55.0, UNIT_KNIGHT
48, City Defense, 9, , Battle line, 38:11, 0 endangered
48, 9, City Defense, Operation Recruit, 4 units, Recruited 1, Contract for: UNIT_KNIGHT
48, 9, City Defense, Op Attack Units Targets, Target 0, Owner 4, UNIT_CROSSBOWMAN, 39:12
48, 9, City Defense, Op Attack Units Targets, Target 1, Owner 4, UNIT_CROSSBOWMAN, 39:13
48, 9, City Defense, Operation Attack Units, UNIT_CROSSBOWMAN, At 37:13, Move 37:12, Attack 39:12
48, 9, City Defense, Operation Attack Units, UNIT_MAN_AT_ARMS, At 36:13, Move 38:12, Attack -9999:-9999
48, 9, City Defense, Operation Move, UNIT_MAN_AT_ARMS, 36:14, 36:13, 36:13
48, 9, Settle New City, No recruits to reach minimum, , , 
48, 9, Settle New City, No recruits to match strength, , Enemy Str: 43 / 55.0, 
48, 9, Settle New City, Operation Recruit, 3 units, Recruited 0, Contract for: UNIT_COURSER
48, 9, Settle New City, Op Attack Units Targets, Target 0, Owner 4, UNIT_CROSSBOWMAN, 39:13
48, 9, Settle New City, Operation Attack Units, UNIT_CROSSBOWMAN, At 39:15, Move 40:14, Attack -9999:-9999
48, 9, Settle New City, Operation Attack Units, UNIT_CROSSBOWMAN, At 38:15, Move 39:13, Attack -9999:-9999
48, 9, Settle New City, Operation Move, UNIT_SETTLER, 37:15, 40:16, 38:16
48, 9, City Defense, Operation complete
48, 13, Naval Superiority running, TARGET 56:2
48, 13, Naval Superiority, ,0, Not Ready, 
48, 13, Naval Superiority, No recruits to reach minimum, , , 
48, 13, Naval Superiority, Operation Recruit, 0 units, Recruited 0, Contract for: UNIT_WARRIOR_MONK
48, 14, Naval Superiority running, TARGET 1:26
48, 14, Naval Superiority, ,0, Not Ready, 
48, 14, City Defense running, TARGET 2:26
48, City Defense, 14, , Battle line, 536870914:26, 0 endangered
48, 14, City Defense, ,0, Not Ready, UNIT_CATAPULT; 
48, 14, City Defense, ,1, Ready, 
48, City Defense, 14, , Battle line, 536870914:26, 0 endangered
48, 14, City Defense, No recruits to reach minimum, , , 
48, 14, City Defense, No recruits to match strength, , Enemy Str: 169 / 36.0, 
48, 14, City Defense, No recruits to reach minimum, , , 
48, 14, City Defense, No recruits to match strength, , Enemy Str: 169 / 36.0, 
48, City Defense, 14, , Battle line, 536870914:26, 0 endangered
48, 14, City Defense, Operation Recruit, 1 units, Recruited 0, Contract for: UNIT_SKIRMISHER
48, 14, City Defense, Op Attack Units Targets, Target 0, Owner 7, UNIT_SWORDSMAN, 4:26
48, 14, City Defense, Op Attack Units Targets, Target 1, Owner 7, UNIT_SKIRMISHER, 2:27
48, 14, City Defense, Operation Attack Units, UNIT_CATAPULT, At 2:26, Move 2:26, Attack 4:26
48, 14, Naval Superiority, No recruits to reach minimum, , , 
48, 14, Naval Superiority, Operation Recruit, 0 units, Recruited 0, Contract for: UNIT_WARRIOR_MONK
48, 16, Naval Superiority running, TARGET 7:23
48, 16, Naval Superiority, ,0, Not Ready, 
48, 16, City Defense running, TARGET 8:23
48, City Defense, 16, , Battle line, 195225793:23, 1 endangered
48, 16, City Defense, ,0, Not Ready, UNIT_CROSSBOWMAN; 
48, 16, City Defense, ,1, Ready, 
48, 16, City Defense, No recruits to reach minimum, , , 
48, 16, City Defense, No recruits to match strength, , Enemy Str: 464 / 36.0, 
48, 16, City Defense, No recruits to reach minimum, , , 
48, 16, City Defense, No recruits to match strength, , Enemy Str: 464 / 36.0, 
48, 16, City Defense, Operation Recruit, 1 units, Recruited 0, Contract for: UNIT_SKIRMISHER
48, 16, City Defense, Op Attack Units Targets, Target 0, Owner 8, UNIT_VIETNAMESE_VOI_CHIEN, 9:22
48, 16, City Defense, Op Attack Units Targets, Target 1, Owner 8, UNIT_HORSEMAN, 9:23
48, 16, City Defense, Op Attack Units Targets, Target 2, Owner 8, UNIT_SWORDSMAN, 8:24
48, 16, City Defense, Op Attack Units Targets, Target 3, Owner 8, UNIT_SWORDSMAN, 9:24
48, 16, City Defense, Op Attack Units Targets, Target 4, Owner 7, UNIT_SKIRMISHER, 7:25
48, 16, City Defense, Op Attack Units Targets, Target 5, Owner 7, UNIT_SWORDSMAN, 8:25
48, 16, City Defense, Op Attack Units Targets, Target 6, Owner 7, UNIT_CATAPULT, 9:25
48, 16, City Defense, Operation Attack Units, UNIT_CROSSBOWMAN, At 8:23, Move 8:23, Attack 9:23
48, 16, Naval Superiority, No recruits to reach minimum, , , 
48, 16, Naval Superiority, Operation Recruit, 0 units, Recruited 0, Contract for: UNIT_WARRIOR_MONK
49, 5, Settle New City, Started
49, 5, Settle New City running, TARGET 44:29
49, 5, Settle New City, ,0, Not Ready, 
49, 5, City Defense running, TARGET 35:74
49, City Defense, 5, , Battle line, 268435487:73, 1 endangered
49, 5, City Defense, ,0, Ready, UNIT_CROSSBOWMAN; UNIT_CROSSBOWMAN; UNIT_MAN_AT_ARMS; UNIT_MAN_AT_ARMS; UNIT_KNIGHT; 
49, 5, Naval Superiority running, TARGET 15:71
49, 5, Naval Superiority, ,0, Not Ready, 
49, City Defense, 5, , Battle line, 268435487:73, 1 endangered
49, 5, City Defense, No recruits to reach minimum, , , 
49, 5, City Defense, Recruiting strength, , Enemy Str: 229 / 50.0, UNIT_CROSSBOWMAN
49, 5, City Defense, Recruiting strength, , Enemy Str: 229 / 50.0, UNIT_MAN_AT_ARMS
49, 5, City Defense, No recruits to reach minimum, , , 
49, 5, City Defense, No recruits to match strength, , Enemy Str: 229 / 50.0, 
49, City Defense, 5, , Battle line, 238609325:73, 2 endangered
49, 5, City Defense, Operation Recruit, 7 units, Recruited 2, Contract for: UNIT_KNIGHT
49, 5, City Defense, Op Attack Units Targets, Target 0, Owner 0, UNIT_EGYPTIAN_CHARIOT_ARCHER, 36:73
49, 5, City Defense, Op Attack Units Targets, Target 1, Owner 0, UNIT_VAMPIRE, 36:74
49, 5, City Defense, Op Attack Units Targets, Target 2, Owner 0, UNIT_CROSSBOWMAN, 37:74
49, 5, City Defense, Op Attack Units Targets, Target 3, Owner 0, UNIT_KNIGHT, 35:75
49, 5, City Defense, Op Attack Units Targets, Target 4, Owner 0, UNIT_KNIGHT, 36:76
49, 5, City Defense, Operation Attack Units, UNIT_CROSSBOWMAN, At 35:74, Move 35:74, Attack 36:73
49, 5, City Defense, Operation Attack Units, UNIT_MAN_AT_ARMS, At 35:78, Move 35:77, Attack 36:76
49, 5, City Defense, Operation Attack Units, UNIT_CROSSBOWMAN, At 35:76, Move 34:76, Attack 35:75
49, 5, City Defense, Operation Attack Units, UNIT_CROSSBOWMAN, At 31:74, Move 33:75, Attack -9999:-9999
49, 5, City Defense, Operation Move, UNIT_MAN_AT_ARMS, 31:71, 34:74, 32:73
49, 5, City Defense, Operation Move, UNIT_KNIGHT, 28:74, 34:74, 30:77
49, 5, City Defense, Operation Move, UNIT_MAN_AT_ARMS, 27:69, 34:74, 28:69
49, Settle New City, 5, , Battle line, 715827916:75, 0 endangered
49, 5, Settle New City, Recruiting minimums, , , UNIT_CROSSBOWMAN
49, 5, Settle New City, Recruiting strength, , Enemy Str: 0 / 50.0, UNIT_CROSSBOWMAN
49, 5, Settle New City, Recruiting strength, , Enemy Str: 0 / 50.0, UNIT_MAN_AT_ARMS
49, 5, Settle New City, No recruits to reach minimum, , , 
49, 5, Settle New City, No recruits to match strength, , Enemy Str: 0 / 50.0, 
49, Settle New City, 5, , Battle line, 715827913:71, 0 endangered
49, 5, Settle New City, Operation Recruit, 3 units, Recruited 2, Contract for: UNIT_KNIGHT
49, 5, Settle New City, Operation Move, UNIT_CROSSBOWMAN, 24:60, 26:63, 25:61
49, 5, Settle New City, Operation Move, UNIT_MAN_AT_ARMS, 23:67, 26:63, 25:67
49, 5, Settle New City, Operation Move, UNIT_SETTLER, 32:75, 26:63, 31:75
49, 5, Naval Superiority, No recruits to reach minimum, , , 
49, 5, Naval Superiority, No recruits to reach minimum, , , 
49, 5, Naval Superiority, Operation Recruit, 0 units, Recruited 0, Contract for: UNIT_MACEDONIAN_HETAIROI
49, 6, Naval Superiority running, TARGET 23:56
49, 6, Naval Superiority, ,0, Not Ready, 
49, 6, Settle New City running, TARGET 11:65
49, Settle New City, 6, , Battle line, 1073741834:60, 0 endangered
49, 6, Settle New City, ,0, Ready, UNIT_SWORDSMAN; UNIT_SETTLER; 
49, 6, Settle New City, No recruits to reach minimum, , , 
49, 6, Settle New City, No recruits to match strength, , Enemy Str: 0 / 36.0, 
49, 6, Settle New City, No recruits to reach minimum, , , 
49, 6, Settle New City, No recruits to match strength, , Enemy Str: 0 / 36.0, 
49, 6, Settle New City, Operation Recruit, 2 units, Recruited 0, Contract for: UNIT_SWORDSMAN
49, 6, Settle New City, Operation Move, UNIT_SWORDSMAN, 11:65, 11:65, 11:65
49, 6, Settle New City, Operation Move, UNIT_SETTLER, 12:60, 11:65, 12:62
49, 6, Settle New City, Operation complete
49, 6, Naval Superiority, No recruits to reach minimum, , , 
49, 6, Naval Superiority, No recruits to reach minimum, , , 
49, 6, Naval Superiority, Operation Recruit, 0 units, Recruited 0, Contract for: UNIT_GALLEY
49, 7, Attack Walled City running, TARGET 8:23
49, Attack Walled City, 7, , Battle line, 536870919:26, 0 endangered
49, 7, Attack Walled City, ,0, Ready, UNIT_SWORDSMAN; UNIT_SWORDSMAN; UNIT_SWORDSMAN; UNIT_SKIRMISHER; UNIT_WARRIOR; UNIT_WARRIOR; UNIT_CATAPULT; UNIT_SWORDSMAN; UNIT_SKIRMISHER; UNIT_SWORDSMAN; UNIT_SKIRMISHER; UNIT_SKIRMISHER; 
49, 7, Attack Walled City, ,1, Ready, 
49, 7, Settle New City running, TARGET 14:38
49, Settle New City, 7, , Battle line, 195225799:43, 0 endangered
49, 7, Settle New City, ,0, Ready, UNIT_MAN_AT_ARMS; UNIT_SETTLER; 
49, 7, Attack Walled City running, TARGET 2:26
49, Attack Walled City, 7, , Battle line, 165191061:37, 0 endangered
49, 7, Attack Walled City, ,0, Not Ready, UNIT_MAN_AT_ARMS; UNIT_MAN_AT_ARMS; UNIT_MAN_AT_ARMS; UNIT_CROSSBOWMAN; UNIT_MAN_AT_ARMS; UNIT_SKIRMISHER; 
49, 7, Attack Walled City, ,1, Ready, 
49, 7, Settle New City, No recruits to reach minimum, , , 
49, 7, Settle New City, No recruits to match strength, , Enemy Str: 0 / 46.0, 
49, 7, Settle New City, No recruits to reach minimum, , , 
49, 7, Settle New City, No recruits to match strength, , Enemy Str: 0 / 46.0, 
49, 7, Settle New City, Operation Recruit, 2 units, Recruited 0, Contract for: UNIT_COURSER
49, 7, Settle New City, Operation Move, UNIT_MAN_AT_ARMS, 14:43, 14:39, 15:41
49, 7, Settle New City, Operation Move, UNIT_SETTLER, 15:41, 14:39, 15:41
49, 7, Attack Walled City, No recruits to reach minimum, , , 
49, 7, Attack Walled City, No recruits to match strength, , Enemy Str: 103 / 144.0, 
49, 7, Attack Walled City, No recruits to reach minimum, , , 
49, 7, Attack Walled City, No recruits to match strength, , Enemy Str: 103 / 108.0, 
49, 7, Attack Walled City, No recruits to reach minimum, , , 
49, 7, Attack Walled City, No recruits to match strength, , Enemy Str: 103 / 144.0, 
49, 7, Attack Walled City, No recruits to reach minimum, , , 
49, 7, Attack Walled City, No recruits to match strength, , Enemy Str: 103 / 108.0, 
49, 7, Attack Walled City, Operation Recruit, 12 units, Recruited 0, Contract for: UNIT_SKIRMISHER
49, 7, Attack Walled City, Operation City Attack, UNIT_CATAPULT, 9:25, Move 9:25, Attack 8:23
49, 7, Attack Walled City, Operation Move, UNIT_SWORDSMAN, 8:25, 7:23, 9:26
49, 7, Attack Walled City, Operation Move, UNIT_SKIRMISHER, 7:25, 7:23, 8:25
49, 7, Attack Walled City, Operation Move, UNIT_SKIRMISHER, 10:21, 8:22, 12:18
49, 7, Attack Walled City, Operation Move, UNIT_SKIRMISHER, 10:25, 7:23, 10:22
49, 7, Attack Walled City, Operation Move, UNIT_WARRIOR, 8:27, 7:23, 9:27
49, 7, Attack Walled City, Operation Move, UNIT_WARRIOR, 7:27, 7:23, 6:27
49, 7, Attack Walled City, Operation Move, UNIT_SKIRMISHER, 10:27, 7:23, 10:24
49, 7, Attack Walled City, Operation Move, UNIT_SWORDSMAN, 7:28, 7:23, 8:28
49, 7, Attack Walled City, Operation Move, UNIT_SWORDSMAN, 6:28, 7:23, 6:30
49, 7, Attack Walled City, Operation Move, UNIT_SWORDSMAN, 8:30, 7:23, 6:31
49, 7, Attack Walled City, Operation Move, UNIT_SWORDSMAN, 7:30, 7:23, 5:30
49, Attack Walled City, 7, , Battle line, 165191061:37, 0 endangered
49, 7, Attack Walled City, No recruits to reach minimum, , , 
49, 7, Attack Walled City, No recruits to reach minimum, , , 
49, 7, Attack Walled City, No recruits to match strength, , Enemy Str: 93 / 0.0, 
49, 7, Attack Walled City, No recruits to reach minimum, , , 
49, 7, Attack Walled City, No recruits to reach minimum, , , 
49, 7, Attack Walled City, No recruits to match strength, , Enemy Str: 93 / 0.0, 
49, Attack Walled City, 7, , Battle line, 165191061:37, 0 endangered
49, 7, Attack Walled City, Operation Recruit, 6 units, Recruited 0, Contract for: UNIT_TREBUCHET
49, 7, Attack Walled City, Operation Move, UNIT_MAN_AT_ARMS, 12:32, 12:32, 12:32
49, 7, Attack Walled City, Operation Move, UNIT_MAN_AT_ARMS, 12:33, 12:33, 12:33
49, 7, Attack Walled City, Operation Move, UNIT_SKIRMISHER, 14:32, 13:32, 13:32
49, 7, Attack Walled City, Operation Move, UNIT_MAN_AT_ARMS, 11:37, 11:33, 10:35
49, 7, Attack Walled City, Operation Move, UNIT_CROSSBOWMAN, 14:38, 13:34, 13:37
49, 7, Attack Walled City, Operation Move, UNIT_MAN_AT_ARMS, 11:43, 11:33, 10:41
49, 8, Settle New City running, TARGET 21:12
49, 8, Settle New City, ,0, Ready, UNIT_MAN_AT_ARMS; UNIT_SETTLER; 
49, 8, Attack Enemy City running, TARGET 8:23
49, Attack Enemy City, 8, , Battle line, 1073741831:22, 0 endangered
49, 8, Attack Enemy City, ,0, Ready, UNIT_SWORDSMAN; UNIT_SWORDSMAN; UNIT_VIETNAMESE_VOI_CHIEN; UNIT_HORSEMAN; UNIT_SWORDSMAN; UNIT_HORSEMAN; UNIT_SKIRMISHER; 
49, 8, Attack Enemy City, ,1, Ready, 
49, 8, Settle New City, No recruits to reach minimum, , , 
49, 8, Settle New City, Recruiting strength, , Enemy Str: 0 / 50.0, UNIT_VIETNAMESE_VOI_CHIEN
49, 8, Settle New City, No recruits to reach minimum, , , 
49, 8, Settle New City, No recruits to match strength, , Enemy Str: 0 / 50.0, 
49, 8, Settle New City, Operation Recruit, 3 units, Recruited 1, Contract for: UNIT_VIETNAMESE_VOI_CHIEN
49, 8, Settle New City, Operation Move, UNIT_MAN_AT_ARMS, 21:12, 21:12, 21:12
49, 8, Settle New City, Operation Move, UNIT_SETTLER, 21:12, 21:12, 21:12
49, 8, Settle New City, Operation Move, UNIT_VIETNAMESE_VOI_CHIEN, 25:13, 22:12, 22:11
49, 8, Settle New City, Operation complete
49, 8, Attack Enemy City, No recruits to reach minimum, , , 
49, 8, Attack Enemy City, No recruits to match strength, , Enemy Str: 103 / 108.0, 
49, 8, Attack Enemy City, No recruits to reach minimum, , , 
49, 8, Attack Enemy City, No recruits to match strength, , Enemy Str: 103 / 72.0, 
49, 8, Attack Enemy City, No recruits to reach minimum, , , 
49, 8, Attack Enemy City, No recruits to match strength, , Enemy Str: 103 / 108.0, 
49, 8, Attack Enemy City, No recruits to reach minimum, , , 
49, 8, Attack Enemy City, No recruits to match strength, , Enemy Str: 103 / 72.0, 
49, 8, Attack Enemy City, Operation Recruit, 7 units, Recruited 0, Contract for: UNIT_HORSEMAN
49, 8, Attack Enemy City, Operation City Attack, UNIT_VIETNAMESE_VOI_CHIEN, 9:22, Move 9:22, Attack 8:23
49, 8, Attack Enemy City, Operation City Attack, UNIT_SWORDSMAN, 9:24, Move 8:24, Attack 8:23
49, 8, Attack Enemy City, Operation City Attack, UNIT_SWORDSMAN, 8:24, Move 9:24, Attack 8:23
49, 8, Attack Enemy City, Operation City Attack, UNIT_HORSEMAN, 11:20, Move 9:23, Attack 8:23
49, 8, Attack Enemy City, Operation City Attack, UNIT_SWORDSMAN, 11:21, Move 9:23, Attack -9999:-9999
49, 8, Attack Enemy City, Operation Move, UNIT_HORSEMAN, 9:23, 9:23, 9:23
49, 8, Attack Enemy City, Operation Move, UNIT_SKIRMISHER, 11:19, 8:22, 10:19
49, 9, Settle New City running, TARGET 40:16
49, Settle New City, 9, , Battle line, 38:13, 0 endangered
49, 9, Settle New City, ,0, Ready, UNIT_CROSSBOWMAN; UNIT_SETTLER; UNIT_CROSSBOWMAN; 
49, 9, City Defense running, TARGET 37:13
49, City Defense, 9, , Battle line, 38:10, 0 endangered
49, 9, City Defense, ,0, Ready, UNIT_CROSSBOWMAN; UNIT_MAN_AT_ARMS; UNIT_MAN_AT_ARMS; UNIT_KNIGHT; 
49, City Defense, 9, , Battle line, 38:10, 0 endangered
49, 9, City Defense, No recruits to reach minimum, , , 
49, 9, City Defense, No recruits to match strength, , Enemy Str: 37 / 55.0, 
49, 9, City Defense, No recruits to reach minimum, , , 
49, 9, City Defense, No recruits to match strength, , Enemy Str: 37 / 55.0, 
49, City Defense, 9, , Battle line, 38:10, 0 endangered
49, 9, City Defense, Operation Recruit, 4 units, Recruited 0, Contract for: UNIT_KNIGHT
49, 9, City Defense, Op Attack Units Targets, Target 0, Owner 4, UNIT_CROSSBOWMAN, 40:12
49, 9, City Defense, Operation Attack Units, UNIT_MAN_AT_ARMS, At 38:12, Move 39:12, Attack 40:12
49, 9, City Defense, Operation Attack Units, UNIT_KNIGHT, At 37:12, Move 39:13, Attack -9999:-9999
49, 9, City Defense, Operation Move, UNIT_MAN_AT_ARMS, 36:13, 36:13, 36:13
49, 9, Settle New City, No recruits to reach minimum, , , 
49, 9, Settle New City, Recruiting strength, , Enemy Str: 44 / 55.0, UNIT_KNIGHT
49, 9, Settle New City, No recruits to reach minimum, , , 
49, 9, Settle New City, No recruits to match strength, , Enemy Str: 44 / 55.0, 
49, Settle New City, 9, , Battle line, 37:14, 0 endangered
49, 9, Settle New City, Operation Recruit, 4 units, Recruited 1, Contract for: UNIT_COURSER
49, 9, Settle New City, Op Attack Units Targets, Target 0, Owner 4, UNIT_CROSSBOWMAN, 40:12
49, 9, Settle New City, Op Attack Units Targets, Target 1, Owner 4, UNIT_CROSSBOWMAN, 41:12
49, 9, Settle New City, Op Attack Units Targets, Target 2, Owner 4, UNIT_CROSSBOWMAN, 41:13
49, 9, Settle New City, Operation Attack Units, UNIT_CROSSBOWMAN, At 40:14, Move 40:14, Attack 41:13
49, 9, Settle New City, Operation Attack Units, UNIT_CROSSBOWMAN, At 38:15, Move 39:13, Attack -9999:-9999
49, 9, Settle New City, Operation Move, UNIT_SETTLER, 38:16, 40:16, 39:16
49, 9, Settle New City, Operation Move, UNIT_KNIGHT, 35:16, 40:16, 38:15
49, 13, Naval Superiority running, TARGET 56:2
49, 13, Naval Superiority, ,0, Not Ready, 
49, 13, Naval Superiority, No recruits to reach minimum, , , 
49, 13, Naval Superiority, Operation Recruit, 0 units, Recruited 0, Contract for: UNIT_WARRIOR_MONK
49, 14, Naval Superiority running, TARGET 1:26
49, 14, Naval Superiority, ,0, Not Ready, 
49, 14, City Defense running, TARGET 2:26
49, City Defense, 14, , Battle line, 1073741826:26, 0 endangered
49, 14, City Defense, ,0, Not Ready, UNIT_CATAPULT; 
49, 14, City Defense, ,1, Ready, 
49, 14, City Defense, No recruits to reach minimum, , , 
49, 14, City Defense, No recruits to match strength, , Enemy Str: 134 / 36.0, 
49, 14, City Defense, No recruits to reach minimum, , , 
49, 14, City Defense, No recruits to match strength, , Enemy Str: 134 / 36.0, 
49, 14, City Defense, Operation Recruit, 1 units, Recruited 0, Contract for: UNIT_SKIRMISHER
49, 14, City Defense, Op Attack Units Targets, Target 0, Owner 7, UNIT_SWORDSMAN, 4:26
49, 14, City Defense, Op Attack Units Targets, Target 1, Owner 7, UNIT_SKIRMISHER, 1:27
49, 14, City Defense, Operation Attack Units, UNIT_CATAPULT, At 2:26, Move 2:26, Attack 4:26
49, 14, Naval Superiority, No recruits to reach minimum, , , 
49, 14, Naval Superiority, Operation Recruit, 0 units, Recruited 0, Contract for: UNIT_WARRIOR_MONK
49, 16, Naval Superiority running, TARGET 7:23
49, 16, Naval Superiority, ,0, Not Ready, 
49, 16, City Defense running, TARGET 8:23
49, City Defense, 16, , Battle line, 195225794:23, 1 endangered
49, 16, City Defense, ,0, Not Ready, UNIT_CROSSBOWMAN; 
49, 16, City Defense, ,1, Ready, 
49, 16, City Defense, No recruits to reach minimum, , , 
49, 16, City Defense, No recruits to match strength, , Enemy Str: 457 / 36.0, 
49, 16, City Defense, No recruits to reach minimum, , , 
49, 16, City Defense, No recruits to match strength, , Enemy Str: 457 / 36.0, 
49, 16, City Defense, Operation Recruit, 1 units, Recruited 0, Contract for: UNIT_SKIRMISHER
49, 16, City Defense, Op Attack Units Targets, Target 0, Owner 8, UNIT_HORSEMAN, 9:21
49, 16, City Defense, Op Attack Units Targets, Target 1, Owner 8, UNIT_VIETNAMESE_VOI_CHIEN, 9:22
49, 16, City Defense, Op Attack Units Targets, Target 2, Owner 7, UNIT_SKIRMISHER, 10:22
49, 16, City Defense, Op Attack Units Targets, Target 3, Owner 8, UNIT_HORSEMAN, 9:23
49, 16, City Defense, Op Attack Units Targets, Target 4, Owner 8, UNIT_SWORDSMAN, 8:24
49, 16, City Defense, Op Attack Units Targets, Target 5, Owner 8, UNIT_SWORDSMAN, 9:24
49, 16, City Defense, Op Attack Units Targets, Target 6, Owner 7, UNIT_SKIRMISHER, 10:24
49, 16, City Defense, Op Attack Units Targets, Target 7, Owner 7, UNIT_SKIRMISHER, 8:25
49, 16, City Defense, Op Attack Units Targets, Target 8, Owner 7, UNIT_CATAPULT, 9:25
49, 16, City Defense, Operation Attack Units, UNIT_CROSSBOWMAN, At 8:23, Move 8:23, Attack 9:23
49, 16, Naval Superiority, No recruits to reach minimum, , , 
49, 16, Naval Superiority, Operation Recruit, 0 units, Recruited 0, Contract for: UNIT_WARRIOR_MONK
50, 5, Settle New City running, TARGET 44:29
50, Settle New City, 5, , Battle line, 1073741854:71, 0 endangered
50, 5, Settle New City, ,0, Ready, UNIT_SETTLER; UNIT_CROSSBOWMAN; UNIT_MAN_AT_ARMS; 
50, 5, City Defense running, TARGET 35:74
50, City Defense, 5, , Battle line, 214748397:74, 1 endangered
50, 5, City Defense, ,0, Ready, UNIT_CROSSBOWMAN; UNIT_CROSSBOWMAN; UNIT_MAN_AT_ARMS; UNIT_MAN_AT_ARMS; UNIT_KNIGHT; 
50, 5, Naval Superiority running, TARGET 15:71
50, 5, Naval Superiority, ,0, Not Ready, 
50, 5, City Defense, No recruits to reach minimum, , , 
50, 5, City Defense, Recruiting strength, , Enemy Str: 184 / 50.0, UNIT_MACEDONIAN_HETAIROI
50, 5, City Defense, No recruits to reach minimum, , , 
50, 5, City Defense, No recruits to match strength, , Enemy Str: 184 / 50.0, 
50, City Defense, 5, , Battle line, 214748397:74, 1 endangered
50, 5, City Defense, Operation Recruit, 6 units, Recruited 1, Contract for: UNIT_KNIGHT
50, 5, City Defense, Op Attack Units Targets, Target 0, Owner 0, UNIT_KNIGHT, 35:73
50, 5, City Defense, Op Attack Units Targets, Target 1, Owner 0, UNIT_CROSSBOWMAN, 37:74
50, 5, City Defense, Op Attack Units Targets, Target 2, Owner 0, UNIT_VAMPIRE, 35:75
50, 5, City Defense, Op Attack Units Targets, Target 3, Owner 0, UNIT_KNIGHT, 34:76
50, 5, City Defense, Op Attack Units Targets, Target 4, Owner 0, UNIT_GREAT_GENERAL, 36:76
50, 5, City Defense, Op Attack Units Targets, Target 5, Owner 2, UNIT_SCOUT, 29:81
50, 5, City Defense, Operation Attack Units, UNIT_CROSSBOWMAN, At 35:74, Move 35:74, Attack 37:74
50, 5, City Defense, Operation Attack Units, UNIT_CROSSBOWMAN, At 32:75, Move 32:76, Attack 34:76
50, 5, City Defense, Operation Attack Units, UNIT_KNIGHT, At 30:77, Move 35:77, Attack -9999:-9999
50, 5, City Defense, Operation Move, UNIT_MAN_AT_ARMS, 32:73, 34:73, 33:73
50, 5, City Defense, Operation Move, UNIT_MAN_AT_ARMS, 28:69, 34:74, 30:70
50, 5, City Defense, Operation Move, UNIT_MACEDONIAN_HETAIROI, 26:71, 34:74, 28:75
50, Settle New City, 5, , Battle line, 1073741854:71, 0 endangered
50, 5, Settle New City, No recruits to reach minimum, , , 
50, 5, Settle New City, No recruits to match strength, , Enemy Str: 0 / 50.0, 
50, 5, Settle New City, No recruits to reach minimum, , , 
50, 5, Settle New City, No recruits to match strength, , Enemy Str: 0 / 50.0, 
50, Settle New City, 5, , Battle line, 1073741854:71, 0 endangered
50, 5, Settle New City, Operation Recruit, 3 units, Recruited 0, Contract for: UNIT_KNIGHT
50, 5, Settle New City, Operation Move, UNIT_CROSSBOWMAN, 25:61, 26:63, 26:63
50, 5, Settle New City, Operation Move, UNIT_MAN_AT_ARMS, 25:67, 26:64, 25:65
50, 5, Settle New City, Operation Move, UNIT_SETTLER, 31:75, 26:63, 31:75
50, 5, Naval Superiority, No recruits to reach minimum, , , 
50, 5, Naval Superiority, No recruits to reach minimum, , , 
50, 5, Naval Superiority, Operation Recruit, 0 units, Recruited 0, Contract for: UNIT_MACEDONIAN_HETAIROI
50, 6, Settle New City, Started
50, 6, Naval Superiority running, TARGET 23:56
50, 6, Naval Superiority, ,0, Not Ready, 
50, 6, Settle New City running, TARGET 44:29
50, 6, Settle New City, ,0, Not Ready, 
50, 6, Settle New City, Recruiting minimums, , , UNIT_CATAPULT
50, 6, Settle New City, Recruiting strength, , Enemy Str: 0 / 36.0, UNIT_CATAPULT
50, 6, Settle New City, Recruiting strength, , Enemy Str: 0 / 36.0, UNIT_CROSSBOWMAN
50, 6, Settle New City, No recruits to reach minimum, , , 
50, 6, Settle New City, No recruits to match strength, , Enemy Str: 0 / 36.0, 
50, 6, Settle New City, Operation Recruit, 3 units, Recruited 2, Contract for: UNIT_SWORDSMAN
50, 6, Settle New City, Operation Move, UNIT_CATAPULT, 20:53, 22:54, 22:54
50, 6, Settle New City, Operation Move, UNIT_CROSSBOWMAN, 21:58, 22:56, 21:57
50, 6, Settle New City, Operation Move, UNIT_SETTLER, 12:62, 22:55, 13:60
50, 6, Naval Superiority, No recruits to reach minimum, , , 
50, 6, Naval Superiority, Operation Recruit, 0 units, Recruited 0, Contract for: UNIT_GALLEY
50, 7, Attack Walled City running, TARGET 8:23
50, Attack Walled City, 7, , Battle line, 1073741830:25, 0 endangered
50, 7, Attack Walled City, ,0, Ready, UNIT_SWORDSMAN; UNIT_SWORDSMAN; UNIT_SWORDSMAN; UNIT_SKIRMISHER; UNIT_WARRIOR; UNIT_WARRIOR; UNIT_CATAPULT; UNIT_SWORDSMAN; UNIT_SKIRMISHER; UNIT_SWORDSMAN; UNIT_SKIRMISHER; UNIT_SKIRMISHER; 
50, 7, Attack Walled City, ,1, Ready, 
50, 7, Settle New City running, TARGET 14:38
50, Settle New City, 7, , Battle line, 268435470:41, 0 endangered
50, 7, Settle New City, ,0, Ready, UNIT_MAN_AT_ARMS; UNIT_SETTLER; 
50, 7, Attack Walled City running, TARGET 2:26
50, Attack Walled City, 7, , Battle line, 153391700:38, 0 endangered
50, 7, Attack Walled City, ,0, Ready, UNIT_MAN_AT_ARMS; UNIT_MAN_AT_ARMS; UNIT_MAN_AT_ARMS; UNIT_CROSSBOWMAN; UNIT_MAN_AT_ARMS; UNIT_SKIRMISHER; UNIT_TREBUCHET; 
50, 7, Attack Walled City, ,1, Ready, 
50, 7, Settle New City, No recruits to reach minimum, , , 
50, 7, Settle New City, No recruits to match strength, , Enemy Str: 0 / 46.0, 
50, 7, Settle New City, No recruits to reach minimum, , , 
50, 7, Settle New City, No recruits to match strength, , Enemy Str: 0 / 46.0, 
50, 7, Settle New City, Operation Recruit, 2 units, Recruited 0, Contract for: UNIT_COURSER
50, 7, Settle New City, Operation Move, UNIT_MAN_AT_ARMS, 15:41, 14:38, 14:39
50, 7, Settle New City, Operation Move, UNIT_SETTLER, 14:39, 14:38, 14:39
50, 7, Attack Walled City, No recruits to reach minimum, , , 
50, 7, Attack Walled City, No recruits to match strength, , Enemy Str: 67 / 144.0, 
50, 7, Attack Walled City, No recruits to reach minimum, , , 
50, 7, Attack Walled City, No recruits to match strength, , Enemy Str: 67 / 108.0, 
50, 7, Attack Walled City, No recruits to reach minimum, , , 
50, 7, Attack Walled City, No recruits to match strength, , Enemy Str: 67 / 144.0, 
50, 7, Attack Walled City, No recruits to reach minimum, , , 
50, 7, Attack Walled City, No recruits to match strength, , Enemy Str: 67 / 108.0, 
50, 7, Attack Walled City, Operation Recruit, 12 units, Recruited 0, Contract for: UNIT_SKIRMISHER
50, 7, Attack Walled City, Operation City Attack, UNIT_CATAPULT, 9:25, Move 9:25, Attack 8:23
50, 7, Attack Walled City, Operation City Attack, UNIT_SKIRMISHER, 10:22, Move 9:23, Attack 8:23
50, 7, Attack Walled City, Operation Move, UNIT_SKIRMISHER, 8:25, 7:23, 7:25
50, 7, Attack Walled City, Operation Move, UNIT_SKIRMISHER, 10:24, 7:23, 10:25
50, 7, Attack Walled City, Operation Move, UNIT_SWORDSMAN, 9:26, 7:23, 8:27
50, 7, Attack Walled City, Operation Move, UNIT_WARRIOR, 9:27, 7:23, 9:26
50, 7, Attack Walled City, Operation Move, UNIT_WARRIOR, 6:27, 7:23, 5:27
50, 7, Attack Walled City, Operation Move, UNIT_SWORDSMAN, 8:28, 7:23, 7:27
50, 7, Attack Walled City, Operation Move, UNIT_SKIRMISHER, 12:18, 8:22, 11:19
50, 7, Attack Walled City, Operation Move, UNIT_SWORDSMAN, 5:30, 7:23, 6:29
50, 7, Attack Walled City, Operation Move, UNIT_SWORDSMAN, 6:30, 7:23, 5:29
50, 7, Attack Walled City, Operation Move, UNIT_SWORDSMAN, 6:31, 7:23, 6:30
50, 7, Attack Walled City, Operation Move, UNIT_MAN_AT_ARMS, 12:32, 12:32, 12:32
50, 7, Attack Walled City, Operation Move, UNIT_MAN_AT_ARMS, 12:33, 12:33, 12:33
50, 7, Attack Walled City, Operation Move, UNIT_SKIRMISHER, 13:32, 13:32, 13:32
50, 7, Attack Walled City, Operation Move, UNIT_MAN_AT_ARMS, 10:35, 11:33, 11:34
50, 7, Attack Walled City, Operation Move, UNIT_CROSSBOWMAN, 13:37, 13:34, 13:35
50, 7, Attack Walled City, Operation Move, UNIT_MAN_AT_ARMS, 10:41, 11:33, 10:39
50, 7, Attack Walled City, Operation Move, UNIT_TREBUCHET, 11:43, 13:34, 10:41
50, 8, Settle New City, Started
50, 8, Settle New City running, TARGET 44:29
50, 8, Settle New City, ,0, Not Ready, 
50, 8, Attack Enemy City running, TARGET 8:23
50, Attack Enemy City, 8, , Battle line, 9:22, 0 endangered
50, 8, Attack Enemy City, ,0, Ready, UNIT_SWORDSMAN; UNIT_SWORDSMAN; UNIT_VIETNAMESE_VOI_CHIEN; UNIT_SWORDSMAN; UNIT_HORSEMAN; UNIT_SKIRMISHER; 
50, 8, Attack Enemy City, ,1, Ready, 
50, Attack Enemy City, 8, , Battle line, 9:22, 0 endangered
50, 8, Attack Enemy City, No recruits to reach minimum, , , 
50, 8, Attack Enemy City, No recruits to match strength, , Enemy Str: 67 / 108.0, 
50, 8, Attack Enemy City, No recruits to reach minimum, , , 
50, 8, Attack Enemy City, No recruits to match strength, , Enemy Str: 67 / 72.0, 
50, 8, Attack Enemy City, No recruits to reach minimum, , , 
50, 8, Attack Enemy City, No recruits to match strength, , Enemy Str: 67 / 108.0, 
50, 8, Attack Enemy City, No recruits to reach minimum, , , 
50, 8, Attack Enemy City, No recruits to match strength, , Enemy Str: 67 / 72.0, 
50, Attack Enemy City, 8, , Battle line, 9:22, 0 endangered
50, 8, Attack Enemy City, Operation Recruit, 6 units, Recruited 0, Contract for: UNIT_HORSEMAN
50, 8, Attack Enemy City, Operation City Attack, UNIT_VIETNAMESE_VOI_CHIEN, 9:22, Move 9:22, Attack 8:23
50, 8, Attack Enemy City, Operation City Attack, UNIT_SWORDSMAN, 8:24, Move 9:24, Attack 8:23
50, 8, Attack Enemy City, Operation City Attack, UNIT_SWORDSMAN, 9:24, Move 8:24, Attack 8:23
50, 8, Attack Enemy City, Operation City Attack, UNIT_HORSEMAN, 9:21, Move 7:23, Attack -9999:-9999
50, 8, Civilian Builder Capture, Started
50, 7, Attack Walled City, Operation complete
50, 8, Attack Enemy City, Operation complete
50, 8, Civilian Builder Capture, Operation Change Target INVALID, No backup
50, 8, Civilian Builder Capture, Operation complete
50, 9, Settle New City running, TARGET 40:16
50, Settle New City, 9, , Battle line, 40:12, 1 endangered
50, 9, Settle New City, ,0, Ready, UNIT_CROSSBOWMAN; UNIT_SETTLER; UNIT_CROSSBOWMAN; UNIT_KNIGHT; 
50, 9, City Defense running, TARGET 37:13
50, City Defense, 9, , Battle line, 39:11, 0 endangered
50, 9, City Defense, ,0, Ready, UNIT_CROSSBOWMAN; UNIT_MAN_AT_ARMS; UNIT_MAN_AT_ARMS; UNIT_KNIGHT; 
50, 9, City Defense, No recruits to reach minimum, , , 
50, 9, City Defense, No recruits to match strength, , Enemy Str: 33 / 55.0, 
50, 9, City Defense, No recruits to reach minimum, , , 
50, 9, City Defense, No recruits to match strength, , Enemy Str: 33 / 55.0, 
50, 9, City Defense, Operation Recruit, 4 units, Recruited 0, Contract for: UNIT_KNIGHT
50, 9, City Defense, Op Attack Units Targets, Target 0, Owner 4, UNIT_CROSSBOWMAN, 41:13
50, 9, City Defense, Op Attack Units Targets, Target 1, Owner 4, UNIT_GREAT_GENERAL, 42:12
50, 9, City Defense, Op Attack Units Targets, Target 2, Owner 4, UNIT_CROSSBOWMAN, 42:12
50, 9, City Defense, Op Attack Units Targets, Target 3, Owner 4, UNIT_CROSSBOWMAN, 41:11
50, 9, City Defense, Operation Attack Units, UNIT_MAN_AT_ARMS, At 39:12, Move 41:12, Attack -9999:-9999
50, 9, City Defense, Operation Attack Units, UNIT_KNIGHT, At 38:12, Move 42:11, Attack -9999:-9999
50, 9, City Defense, Operation Move, UNIT_CROSSBOWMAN, 37:13, 37:14, 37:14
50, 9, City Defense, Operation Move, UNIT_MAN_AT_ARMS, 36:13, 36:13, 36:13
50, Settle New City, 9, , Battle line, 40:12, 1 endangered
50, 9, Settle New City, No recruits to reach minimum, , , 
50, 9, Settle New City, No recruits to match strength, , Enemy Str: 38 / 55.0, 
50, 9, Settle New City, No recruits to reach minimum, , , 
50, 9, Settle New City, No recruits to match strength, , Enemy Str: 38 / 55.0, 
50, Settle New City, 9, , Battle line, 40:12, 1 endangered
50, 9, Settle New City, Operation Recruit, 4 units, Recruited 0, Contract for: UNIT_COURSER
50, 9, Settle New City, Operation Protect Units, UNIT_CROSSBOWMAN, Move 40 15
50, 9, Settle New City, Op Attack Units Targets, Target 0, Owner 4, UNIT_CROSSBOWMAN, 41:13
50, 9, Settle New City, Operation Attack Units, UNIT_CROSSBOWMAN, At 38:14, Move 39:13, Attack -9999:-9999
50, 9, Settle New City, Operation Attack Units, UNIT_KNIGHT, At 38:15, Move 41:14, Attack -9999:-9999
50, 9, Settle New City, Operation Move, UNIT_SETTLER, 39:16, 40:16, 40:16
50, 9, Settle New City, Operation complete
50, 13, Naval Superiority running, TARGET 56:2
50, 13, Naval Superiority, ,0, Not Ready, 
50, 13, Naval Superiority, No recruits to reach minimum, , , 
50, 13, Naval Superiority, Operation Recruit, 0 units, Recruited 0, Contract for: UNIT_WARRIOR_MONK
50, 14, Naval Superiority running, TARGET 1:26
50, 14, Naval Superiority, ,0, Not Ready, 
50, 14, City Defense running, TARGET 2:26
50, City Defense, 14, , Battle line, 1073741826:26, 0 endangered
50, 14, City Defense, ,0, Not Ready, UNIT_CATAPULT; 
50, 14, City Defense, ,1, Ready, 
50, 14, City Defense, No recruits to reach minimum, , , 
50, 14, City Defense, No recruits to match strength, , Enemy Str: 62 / 36.0, 
50, 14, City Defense, No recruits to reach minimum, , , 
50, 14, City Defense, No recruits to match strength, , Enemy Str: 62 / 36.0, 
50, 14, City Defense, Operation Recruit, 1 units, Recruited 0, Contract for: UNIT_SKIRMISHER
50, 14, City Defense, Op Attack Units Targets, Target 0, Owner 7, UNIT_SWORDSMAN, 4:26
50, 14, City Defense, Op Attack Units Targets, Target 1, Owner 7, UNIT_SKIRMISHER, 1:27
50, 14, City Defense, Operation Attack Units, UNIT_CATAPULT, At 2:26, Move 2:26, Attack 4:26
50, 14, Naval Superiority, Operation Recruit, 0 units, Recruited 0, Contract for: UNIT_WARRIOR_MONK
51, 5, Settle New City running, TARGET 44:29
51, Settle New City, 5, , Battle line, 715827913:71, 0 endangered
51, 5, Settle New City, ,0, Ready, UNIT_SETTLER; UNIT_CROSSBOWMAN; UNIT_MAN_AT_ARMS; 
51, 5, City Defense running, TARGET 35:74
51, City Defense, 5, , Battle line, 165191083:74, 2 endangered
51, 5, City Defense, ,0, Ready, UNIT_CROSSBOWMAN; UNIT_CROSSBOWMAN; UNIT_MAN_AT_ARMS; UNIT_MAN_AT_ARMS; UNIT_KNIGHT; UNIT_MACEDONIAN_HETAIROI; 
51, 5, Naval Superiority running, TARGET 15:71
51, 5, Naval Superiority, ,0, Not Ready, 
51, City Defense, 5, , Battle line, 165191083:74, 2 endangered
51, 5, City Defense, No recruits to reach minimum, , , 
51, 5, City Defense, Recruiting strength, , Enemy Str: 217 / 55.0, UNIT_KNIGHT
51, 5, City Defense, No recruits to reach minimum, , , 
51, 5, City Defense, No recruits to match strength, , Enemy Str: 217 / 55.0, 
51, City Defense, 5, , Battle line, 143165611:74, 3 endangered
51, 5, City Defense, Operation Recruit, 7 units, Recruited 1, Contract for: UNIT_KNIGHT
51, 5, City Defense, Op Attack Units Targets, Target 0, Owner 0, UNIT_KNIGHT, 35:73
51, 5, City Defense, Op Attack Units Targets, Target 1, Owner 0, UNIT_CROSSBOWMAN, 37:74
51, 5, City Defense, Op Attack Units Targets, Target 2, Owner 0, UNIT_KNIGHT, 34:75
51, 5, City Defense, Op Attack Units Targets, Target 3, Owner 0, UNIT_VAMPIRE, 35:75
51, 5, City Defense, Op Attack Units Targets, Target 4, Owner 0, UNIT_CROSSBOWMAN, 35:76
51, 5, City Defense, Op Attack Units Targets, Target 5, Owner 0, UNIT_GREAT_GENERAL, 36:76
51, 5, City Defense, Operation Attack Units, UNIT_MAN_AT_ARMS, At 33:73, Move 34:73, Attack -9999:-9999
51, 5, City Defense, Operation Attack Units, UNIT_CROSSBOWMAN, At 35:74, Move 36:74, Attack 35:76
51, 5, City Defense, Operation Attack Units, UNIT_CROSSBOWMAN, At 32:76, Move 34:74, Attack -9999:-9999
51, 5, City Defense, Operation Attack Units, UNIT_KNIGHT, At 33:78, Move 35:77, Attack 36:76
51, 5, City Defense, Operation Move, UNIT_MAN_AT_ARMS, 30:70, 34:74, 31:71
51, 5, City Defense, Operation Move, UNIT_MACEDONIAN_HETAIROI, 28:75, 34:74, 31:77
51, 5, Settle New City, No recruits to reach minimum, , , 
51, 5, Settle New City, No recruits to match strength, , Enemy Str: 0 / 55.0, 
51, 5, Settle New City, No recruits to reach minimum, , , 
51, 5, Settle New City, No recruits to match strength, , Enemy Str: 0 / 55.0, 
51, 5, Settle New City, Operation Recruit, 3 units, Recruited 0, Contract for: UNIT_KNIGHT
51, 5, Settle New City, Operation Move, UNIT_CROSSBOWMAN, 26:63, 26:64, 26:64
51, 5, Settle New City, Operation Move, UNIT_MAN_AT_ARMS, 25:65, 26:63, 26:63
51, 5, Settle New City, Operation Move, UNIT_SETTLER, 31:75, 26:63, 31:76
51, 5, Naval Superiority, No recruits to reach minimum, , , 
51, 5, Naval Superiority, No recruits to reach minimum, , , 
51, 5, Naval Superiority, Operation Recruit, 0 units, Recruited 0, Contract for: UNIT_MACEDONIAN_HETAIROI
51, 6, Naval Superiority running, TARGET 23:56
51, 6, Naval Superiority, ,0, Not Ready, 
51, 6, Settle New City running, TARGET 44:29
51, 6, Settle New City, ,0, Ready, UNIT_SETTLER; UNIT_CATAPULT; UNIT_CROSSBOWMAN; 
51, 6, Settle New City, No recruits to reach minimum, , , 
51, 6, Settle New City, No recruits to match strength, , Enemy Str: 0 / 36.0, 
51, 6, Settle New City, No recruits to reach minimum, , , 
51, 6, Settle New City, No recruits to match strength, , Enemy Str: 0 / 36.0, 
51, 6, Settle New City, Operation Recruit, 3 units, Recruited 0, Contract for: UNIT_SWORDSMAN
51, 6, Settle New City, Operation Move, UNIT_CATAPULT, 22:54, 22:54, 22:54
51, 6, Settle New City, Operation Move, UNIT_CROSSBOWMAN, 21:57, 22:56, 22:56
51, 6, Settle New City, Operation Move, UNIT_SETTLER, 13:60, 22:55, 14:58
51, 6, Naval Superiority, No recruits to reach minimum, , , 
51, 6, Naval Superiority, Operation Recruit, 0 units, Recruited 0, Contract for: UNIT_GALLEY
51, 7, Settle New City running, TARGET 14:38
51, Settle New City, 7, , Battle line, 306783392:40, 0 endangered
51, 7, Settle New City, ,0, Ready, UNIT_MAN_AT_ARMS; UNIT_SETTLER; 
51, 7, Attack Walled City running, TARGET 2:26
51, Attack Walled City, 7, , Battle line, 178956982:38, 0 endangered
51, 7, Attack Walled City, ,0, Ready, UNIT_MAN_AT_ARMS; UNIT_MAN_AT_ARMS; UNIT_MAN_AT_ARMS; UNIT_CROSSBOWMAN; UNIT_MAN_AT_ARMS; UNIT_SKIRMISHER; UNIT_TREBUCHET; 
51, 7, Attack Walled City, ,1, Ready, 
51, 7, Settle New City, No recruits to reach minimum, , , 
51, 7, Settle New City, No recruits to match strength, , Enemy Str: 0 / 46.0, 
51, 7, Settle New City, No recruits to reach minimum, , , 
51, 7, Settle New City, No recruits to match strength, , Enemy Str: 0 / 46.0, 
51, 7, Settle New City, Operation Recruit, 2 units, Recruited 0, Contract for: UNIT_COURSER
51, 7, Settle New City, Operation Move, UNIT_MAN_AT_ARMS, 14:39, 14:38, 14:38
51, 7, Settle New City, Operation Move, UNIT_SETTLER, 14:38, 14:38, 14:38
51, 7, Settle New City, Operation complete
51, 7, Attack Walled City, Op Attack Units Targets, Target 0, Owner 4, UNIT_CROSSBOWMAN, 40:12
51, 7, Attack Walled City, Op Attack Units Targets, Target 1, Owner 9, UNIT_MISSIONARY, 25:15
51, 7, Attack Walled City, Op Attack Units Targets, Target 2, Owner 9, UNIT_MISSIONARY, 27:16
51, 7, Attack Walled City, Op Attack Units Targets, Target 3, Owner 9, UNIT_MISSIONARY, 27:17
51, 7, Attack Walled City, Op Attack Units Targets, Target 4, Owner 9, UNIT_MISSIONARY, 26:18
51, 7, Attack Walled City, Op Attack Units Targets, Target 5, Owner 9, UNIT_MISSIONARY, 28:18
51, 7, Attack Walled City, Op Attack Units Targets, Target 6, Owner 8, UNIT_MISSIONARY, 14:19
51, 7, Attack Walled City, Op Attack Units Targets, Target 7, Owner 8, UNIT_MISSIONARY, 15:19
51, 7, Attack Walled City, Op Attack Units Targets, Target 8, Owner 8, UNIT_MISSIONARY, 30:21
51, 7, Attack Walled City, Op Attack Units Targets, Target 9, Owner 8, UNIT_MISSIONARY, 18:23
51, 7, Attack Walled City, Op Attack Units Targets, Target 10, Owner 9, UNIT_MISSIONARY, 27:24
51, 7, Attack Walled City, Op Attack Units Targets, Target 11, Owner 8, UNIT_MISSIONARY, 19:36
51, 7, Attack Walled City, Op Attack Units Targets, Target 12, Owner 8, UNIT_MISSIONARY, 19:38
51, 7, Attack Walled City, Op Attack Units Targets, Target 13, Owner 6, UNIT_MISSIONARY, 14:40
51, 7, Attack Walled City, Op Attack Units Targets, Target 14, Owner 6, UNIT_MISSIONARY, 13:41
51, 7, Attack Walled City, Op Attack Units Targets, Target 15, Owner 6, UNIT_MISSIONARY, 16:42
51, 7, Attack Walled City, Op Attack Units Targets, Target 16, Owner 6, UNIT_MISSIONARY, 13:43
51, 7, Attack Walled City, Op Attack Units Targets, Target 17, Owner 8, UNIT_MISSIONARY, 14:44
51, 7, Attack Walled City, Op Attack Units Targets, Target 18, Owner 8, UNIT_MISSIONARY, 15:50
51, 7, Attack Walled City, Op Attack Units Targets, Target 19, Owner 5, UNIT_MISSIONARY, 14:52
51, 7, Attack Walled City, Op Attack Units Targets, Target 20, Owner 6, UNIT_APOSTLE, 13:53
51, 7, Attack Walled City, Op Attack Units Targets, Target 21, Owner 6, UNIT_APOSTLE, 18:53
51, 7, Attack Walled City, Op Attack Units Targets, Target 22, Owner 5, UNIT_MISSIONARY, 26:65
51, 7, Attack Walled City, Op Attack Units Targets, Target 23, Owner 5, UNIT_MISSIONARY, 30:71
51, 7, Attack Walled City, Op Attack Units Targets, Target 24, Owner 5, UNIT_MISSIONARY, 29:72
51, 7, Attack Walled City, Op Attack Units Targets, Target 25, Owner 5, UNIT_MISSIONARY, 29:73
51, 7, Attack Walled City, Op Attack Units Targets, Target 26, Owner 0, UNIT_CROSSBOWMAN, 38:74
51, 7, Attack Walled City, Op Attack Units Targets, Target 27, Owner 5, UNIT_MISSIONARY, 30:76
51, 7, Attack Walled City, Op Attack Units Targets, Target 28, Owner 4, UNIT_CROSSBOWMAN, 41:13
51, 7, Attack Walled City, Operation Move, UNIT_MAN_AT_ARMS, 12:32, 2:27, 9:31
51, 7, Attack Walled City, Operation Move, UNIT_MAN_AT_ARMS, 11:34, 2:27, 9:33
51, 7, Attack Walled City, Operation Move, UNIT_MAN_AT_ARMS, 12:33, 2:27, 10:34
51, 7, Attack Walled City, Operation Move, UNIT_SKIRMISHER, 13:32, 2:27, 10:31
51, 7, Attack Walled City, Operation Move, UNIT_MAN_AT_ARMS, 10:39, 2:27, 9:37
51, 7, Attack Walled City, Operation Move, UNIT_CROSSBOWMAN, 13:35, 3:28, 12:33
51, 7, Attack Walled City, Operation Move, UNIT_TREBUCHET, 10:41, 3:28, 8:39
51, 8, Settle New City running, TARGET 44:29
51, 8, Settle New City, ,0, Not Ready, 
51, 8, Naval Superiority, Started
51, 8, Settle New City, Recruiting minimums, , , UNIT_MUSKETMAN
51, 8, Settle New City, No recruits to reach minimum, , , 
51, Settle New City, 8, , Battle line, 24:18, 0 endangered
51, 8, Settle New City, Operation Recruit, 1 units, Recruited 1, Contract for: UNIT_SETTLER
51, 8, Settle New City, Operation Move, UNIT_MUSKETMAN, 24:20, 24:21, 24:21
51, 8, Naval Superiority, No recruits to reach minimum, , , 
51, 8, Naval Superiority, Operation Recruit, 0 units, Recruited 0, Contract for: UNIT_KNIGHT
51, 9, Settle New City, Started
51, 9, City Defense, Started
51, 9, Settle New City running, TARGET 44:29
51, 9, Settle New City, ,0, Not Ready, 
51, 9, City Defense running, TARGET 37:13
51, City Defense, 9, , Battle line, 38:11, 0 endangered
51, 9, City Defense, ,0, Ready, UNIT_CROSSBOWMAN; UNIT_MAN_AT_ARMS; UNIT_KNIGHT; 
51, 9, City Defense running, TARGET 40:16
51, 9, City Defense, ,0, Ready, 
51, City Defense, 9, , Battle line, 39:11, 0 endangered
51, 9, City Defense, No recruits to reach minimum, , , 
51, 9, City Defense, Recruiting strength, , Enemy Str: 38 / 55.0, UNIT_MUSKETMAN
51, 9, City Defense, No recruits to reach minimum, , , 
51, 9, City Defense, No recruits to match strength, , Enemy Str: 38 / 55.0, 
51, City Defense, 9, , Battle line, 38:11, 0 endangered
51, 9, City Defense, Operation Recruit, 3 units, Recruited 1, Contract for: UNIT_KNIGHT
51, 9, City Defense, Op Attack Units Targets, Target 0, Owner 4, UNIT_CROSSBOWMAN, 40:12
51, 9, City Defense, Op Attack Units Targets, Target 1, Owner 4, UNIT_GREAT_GENERAL, 42:12
51, 9, City Defense, Op Attack Units Targets, Target 2, Owner 4, UNIT_CROSSBOWMAN, 42:12
51, 9, City Defense, Op Attack Units Targets, Target 3, Owner 4, UNIT_CROSSBOWMAN, 41:12
51, 9, City Defense, Op Attack Units Targets, Target 4, Owner 4, UNIT_CROSSBOWMAN, 41:13
51, 9, City Defense, Operation Attack Units, UNIT_KNIGHT, At 38:9, Move 39:11, Attack -9999:-9999
51, 9, City Defense, Operation Attack Units, UNIT_MUSKETMAN, At 37:14, Move 39:12, Attack -9999:-9999
51, 9, City Defense, No recruits to reach minimum, , , 
51, 9, City Defense, Recruiting strength, , Enemy Str: 38 / 55.0, UNIT_CROSSBOWMAN
51, 9, City Defense, Recruiting strength, , Enemy Str: 38 / 55.0, UNIT_KNIGHT
51, 9, City Defense, Recruiting strength, , Enemy Str: 38 / 55.0, UNIT_CROSSBOWMAN
51, 9, City Defense, No recruits to reach minimum, , , 
51, 9, City Defense, No recruits to match strength, , Enemy Str: 38 / 55.0, 
51, City Defense, 9, , Battle line, 41:13, 1 endangered
51, 9, City Defense, Operation Recruit, 3 units, Recruited 3, Contract for: UNIT_KNIGHT
51, 9, City Defense, Op Attack Units Targets, Target 0, Owner 4, UNIT_CROSSBOWMAN, 40:12
51, 9, City Defense, Op Attack Units Targets, Target 1, Owner 4, UNIT_GREAT_GENERAL, 42:12
51, 9, City Defense, Op Attack Units Targets, Target 2, Owner 4, UNIT_CROSSBOWMAN, 42:12
51, 9, City Defense, Op Attack Units Targets, Target 3, Owner 4, UNIT_CROSSBOWMAN, 41:12
51, 9, City Defense, Op Attack Units Targets, Target 4, Owner 4, UNIT_CROSSBOWMAN, 41:13
51, 9, City Defense, Operation Attack Units, UNIT_KNIGHT, At 41:15, Move 41:14, Attack 41:13
51, 9, City Defense, Operation Attack Units, UNIT_CROSSBOWMAN, At 40:16, Move 40:14, Attack -9999:-9999
51, 9, City Defense, Operation Move, UNIT_CROSSBOWMAN, 39:14, 39:15, 39:15
51, 13, Naval Superiority running, TARGET 56:2
51, 13, Naval Superiority, ,0, Not Ready, 
51, 13, Naval Superiority, No recruits to reach minimum, , , 
51, 13, Naval Superiority, Operation Recruit, 0 units, Recruited 0, Contract for: UNIT_WARRIOR_MONK
51, 14, Naval Superiority running, TARGET 1:26
51, 14, Naval Superiority, ,0, Not Ready, 
51, 14, City Defense running, TARGET 2:26
51, City Defense, 14, , Battle line, 1073741826:26, 0 endangered
51, 14, City Defense, ,0, Not Ready, UNIT_CATAPULT; 
51, 14, City Defense, ,1, Ready, 
51, 14, City Defense, No recruits to reach minimum, , , 
51, 14, City Defense, No recruits to match strength, , Enemy Str: 82 / 36.0, 
51, 14, City Defense, No recruits to reach minimum, , , 
51, 14, City Defense, No recruits to match strength, , Enemy Str: 82 / 36.0, 
51, 14, City Defense, Operation Recruit, 1 units, Recruited 0, Contract for: UNIT_SKIRMISHER
51, 14, City Defense, Op Attack Units Targets, Target 0, Owner 7, UNIT_SKIRMISHER, 1:26
51, 14, City Defense, Op Attack Units Targets, Target 1, Owner 7, UNIT_WARRIOR, 4:26
51, 14, City Defense, Operation Attack Units, UNIT_CATAPULT, At 2:26, Move 2:26, Attack 1:26
51, 14, Naval Superiority, Operation Recruit, 0 units, Recruited 0, Contract for: UNIT_WARRIOR_MONK
52, 5, Settle New City running, TARGET 44:29
52, Settle New City, 5, , Battle line, 31:71, 0 endangered
52, 5, Settle New City, ,0, Ready, UNIT_SETTLER; UNIT_CROSSBOWMAN; UNIT_MAN_AT_ARMS; 
52, 5, City Defense running, TARGET 35:74
52, City Defense, 5, , Battle line, 36:74, 1 endangered
52, 5, City Defense, ,0, Not Ready, UNIT_CROSSBOWMAN; UNIT_MAN_AT_ARMS; UNIT_MAN_AT_ARMS; UNIT_MACEDONIAN_HETAIROI; UNIT_KNIGHT; 
52, 5, Naval Superiority running, TARGET 15:71
52, 5, Naval Superiority, ,0, Not Ready, 
52, City Defense, 5, , Battle line, 36:74, 1 endangered
52, 5, City Defense, No recruits to reach minimum, , , 
52, 5, City Defense, Recruiting strength, , Enemy Str: 274 / 55.0, UNIT_KNIGHT
52, 5, City Defense, Recruiting strength, , Enemy Str: 274 / 55.0, UNIT_MUSKETMAN
52, 5, City Defense, Recruiting strength, , Enemy Str: 274 / 55.0, UNIT_MUSKETMAN
52, 5, City Defense, No recruits to reach minimum, , , 
52, 5, City Defense, No recruits to match strength, , Enemy Str: 274 / 55.0, 
52, City Defense, 5, , Battle line, 34:73, 1 endangered
52, 5, City Defense, Operation Recruit, 8 units, Recruited 3, Contract for: UNIT_KNIGHT
52, 5, City Defense, Op Attack Units Targets, Target 0, Owner 0, UNIT_KNIGHT, 35:73
52, 5, City Defense, Op Attack Units Targets, Target 1, Owner 2, UNIT_KNIGHT, 36:73
52, 5, City Defense, Op Attack Units Targets, Target 2, Owner 0, UNIT_CROSSBOWMAN, 37:74
52, 5, City Defense, Op Attack Units Targets, Target 3, Owner 0, UNIT_CROSSBOWMAN, 35:76
52, 5, City Defense, Op Attack Units Targets, Target 4, Owner 0, UNIT_VAMPIRE, 36:76
52, 5, City Defense, Op Attack Units Targets, Target 5, Owner 0, UNIT_KNIGHT, 35:77
52, 5, City Defense, Operation Attack Units, UNIT_MAN_AT_ARMS, At 34:73, Move 34:73, Attack 35:73
52, 5, City Defense, Operation Attack Units, UNIT_KNIGHT, At 34:74, Move 35:78, Attack -9999:-9999
52, 5, City Defense, Operation Attack Units, UNIT_MACEDONIAN_HETAIROI, At 31:77, Move 36:74, Attack -9999:-9999
52, 5, City Defense, Operation Move, UNIT_MAN_AT_ARMS, 31:71, 34:74, 32:73
52, 5, City Defense, Operation Move, UNIT_KNIGHT, 28:69, 34:74, 31:71
52, 5, City Defense, Operation Move, UNIT_MUSKETMAN, 26:71, 34:74, 27:72
52, 5, City Defense, Operation Move, UNIT_MUSKETMAN, 25:74, 34:74, 26:74
52, 5, Settle New City, No recruits to reach minimum, , , 
52, 5, Settle New City, No recruits to match strength, , Enemy Str: 0 / 55.0, 
52, 5, Settle New City, No recruits to reach minimum, , , 
52, 5, Settle New City, No recruits to match strength, , Enemy Str: 0 / 55.0, 
52, 5, Settle New City, Operation Recruit, 3 units, Recruited 0, Contract for: UNIT_KNIGHT
52, Settle New City, 5, , Battle line, 31:71, 0 endangered
52, 5, Settle New City, No recruits to reach minimum, , , 
52, 5, Settle New City, No recruits to match strength, , Enemy Str: 0 / 55.0, 
52, 5, Settle New City, No recruits to reach minimum, , , 
52, 5, Settle New City, No recruits to match strength, , Enemy Str: 0 / 55.0, 
52, Settle New City, 5, , Battle line, 31:71, 0 endangered
52, 5, Settle New City, Operation Recruit, 3 units, Recruited 0, Contract for: UNIT_KNIGHT
52, 5, Settle New City, Operation Move, UNIT_MAN_AT_ARMS, 26:63, 26:63, 26:63
52, 5, Settle New City, Operation Move, UNIT_CROSSBOWMAN, 26:64, 26:64, 26:64
52, 5, Settle New City, Operation Move, UNIT_SETTLER, 31:76, 26:63, 30:76
52, 5, Settle New City, Operation Move, UNIT_MAN_AT_ARMS, 26:63, 44:29, 27:63
52, 5, Settle New City, Operation Move, UNIT_CROSSBOWMAN, 26:64, 44:29, 26:63
52, 5, Naval Superiority, No recruits to reach minimum, , , 
52, 5, Naval Superiority, No recruits to reach minimum, , , 
52, 5, Naval Superiority, Operation Recruit, 0 units, Recruited 0, Contract for: UNIT_MACEDONIAN_HETAIROI
52, 6, Naval Superiority running, TARGET 23:56
52, 6, Naval Superiority, ,0, Not Ready, 
52, 6, Settle New City running, TARGET 44:29
52, 6, Settle New City, ,0, Ready, UNIT_SETTLER; UNIT_CATAPULT; UNIT_CROSSBOWMAN; 
52, 6, Settle New City, No recruits to reach minimum, , , 
52, 6, Settle New City, No recruits to match strength, , Enemy Str: 0 / 36.0, 
52, 6, Settle New City, No recruits to reach minimum, , , 
52, 6, Settle New City, No recruits to match strength, , Enemy Str: 0 / 36.0, 
52, 6, Settle New City, Operation Recruit, 3 units, Recruited 0, Contract for: UNIT_SWORDSMAN
52, 6, Settle New City, Operation Move, UNIT_CATAPULT, 22:54, 22:54, 22:54
52, 6, Settle New City, Operation Move, UNIT_CROSSBOWMAN, 22:56, 22:56, 22:56
52, 6, Settle New City, Operation Move, UNIT_SETTLER, 14:58, 22:55, 15:58
52, 6, Naval Superiority, No recruits to reach minimum, , , 
52, 6, Naval Superiority, Operation Recruit, 0 units, Recruited 0, Contract for: UNIT_GALLEY
52, 7, Settle New City, Started
52, 7, Settle New City running, TARGET 44:29
52, 7, Settle New City, ,0, Not Ready, 
52, 7, Attack Walled City running, TARGET 2:26
52, Attack Walled City, 7, , Battle line, 357913951:36, 0 endangered
52, 7, Attack Walled City, ,0, Ready, UNIT_MAN_AT_ARMS; UNIT_MAN_AT_ARMS; UNIT_MAN_AT_ARMS; UNIT_CROSSBOWMAN; UNIT_MAN_AT_ARMS; UNIT_SKIRMISHER; UNIT_TREBUCHET; 
52, 7, Attack Walled City, ,1, Ready, 
52, 7, Attack Walled City, Op Attack Units Targets, Target 0, Owner 4, UNIT_BUILDER, 48:15
52, 7, Attack Walled City, Op Attack Units Targets, Target 1, Owner 8, UNIT_MISSIONARY, 14:16
52, 7, Attack Walled City, Op Attack Units Targets, Target 2, Owner 9, UNIT_MISSIONARY, 26:17
52, 7, Attack Walled City, Op Attack Units Targets, Target 3, Owner 8, UNIT_MISSIONARY, 14:19
52, 7, Attack Walled City, Op Attack Units Targets, Target 4, Owner 8, UNIT_MISSIONARY, 18:21
52, 7, Attack Walled City, Op Attack Units Targets, Target 5, Owner 9, UNIT_MISSIONARY, 26:27
52, 7, Attack Walled City, Op Attack Units Targets, Target 6, Owner 9, UNIT_MISSIONARY, 20:29
52, 7, Attack Walled City, Op Attack Units Targets, Target 7, Owner 8, UNIT_MISSIONARY, 18:33
52, 7, Attack Walled City, Op Attack Units Targets, Target 8, Owner 8, UNIT_MISSIONARY, 8:39
52, 7, Attack Walled City, Op Attack Units Targets, Target 9, Owner 6, UNIT_MISSIONARY, 12:40
52, 7, Attack Walled City, Op Attack Units Targets, Target 10, Owner 6, UNIT_MISSIONARY, 13:40
52, 7, Attack Walled City, Op Attack Units Targets, Target 11, Owner 8, UNIT_MISSIONARY, 20:40
52, 7, Attack Walled City, Op Attack Units Targets, Target 12, Owner 6, UNIT_MISSIONARY, 12:42
52, 7, Attack Walled City, Op Attack Units Targets, Target 13, Owner 8, UNIT_MISSIONARY, 12:43
52, 7, Attack Walled City, Op Attack Units Targets, Target 14, Owner 6, UNIT_MISSIONARY, 12:44
52, 7, Attack Walled City, Op Attack Units Targets, Target 15, Owner 8, UNIT_MISSIONARY, 12:49
52, 7, Attack Walled City, Op Attack Units Targets, Target 16, Owner 6, UNIT_APOSTLE, 14:49
52, 7, Attack Walled City, Op Attack Units Targets, Target 17, Owner 6, UNIT_APOSTLE, 12:50
52, 7, Attack Walled City, Op Attack Units Targets, Target 18, Owner 6, UNIT_APOSTLE, 13:50
52, 7, Attack Walled City, Op Attack Units Targets, Target 19, Owner 6, UNIT_APOSTLE, 13:51
52, 7, Attack Walled City, Op Attack Units Targets, Target 20, Owner 5, UNIT_MISSIONARY, 8:53
52, 7, Attack Walled City, Op Attack Units Targets, Target 21, Owner 6, UNIT_APOSTLE, 13:57
52, 7, Attack Walled City, Op Attack Units Targets, Target 22, Owner 6, UNIT_APOSTLE, 14:58
52, 7, Attack Walled City, Op Attack Units Targets, Target 23, Owner 5, UNIT_MISSIONARY, 26:67
52, 7, Attack Walled City, Op Attack Units Targets, Target 24, Owner 5, UNIT_MISSIONARY, 31:72
52, 7, Attack Walled City, Op Attack Units Targets, Target 25, Owner 5, UNIT_MISSIONARY, 32:72
52, 7, Attack Walled City, Op Attack Units Targets, Target 26, Owner 5, UNIT_MISSIONARY, 30:73
52, 7, Attack Walled City, Op Attack Units Targets, Target 27, Owner 2, UNIT_KNIGHT, 36:73
52, 7, Attack Walled City, Op Attack Units Targets, Target 28, Owner 0, UNIT_GREAT_GENERAL, 37:74
52, 7, Attack Walled City, Op Attack Units Targets, Target 29, Owner 0, UNIT_VAMPIRE, 36:76
52, 7, Attack Walled City, Op Attack Units Targets, Target 30, Owner 5, UNIT_MISSIONARY, 30:77
52, 7, Attack Walled City, Op Attack Units Targets, Target 31, Owner 0, UNIT_CROSSBOWMAN, 38:74
52, 7, Attack Walled City, Operation Move, UNIT_MAN_AT_ARMS, 9:31, 2:27, 7:31
52, 7, Attack Walled City, Operation Move, UNIT_MAN_AT_ARMS, 9:33, 2:27, 8:32
52, 7, Attack Walled City, Operation Move, UNIT_SKIRMISHER, 10:31, 2:27, 8:30
52, 7, Attack Walled City, Operation Move, UNIT_MAN_AT_ARMS, 10:34, 2:27, 8:33
52, 7, Attack Walled City, Operation Move, UNIT_MAN_AT_ARMS, 9:37, 2:27, 8:35
52, 7, Attack Walled City, Operation Move, UNIT_TREBUCHET, 8:39, 3:28, 8:38
52, 7, Attack Walled City, Operation Move, UNIT_CROSSBOWMAN, 12:33, 3:28, 11:32
52, 8, Settle New City running, TARGET 44:29
52, Settle New City, 8, , Battle line, 23:19, 0 endangered
52, 8, Settle New City, ,0, Not Ready, UNIT_MUSKETMAN; 
52, 8, Naval Superiority running, TARGET 7:23
52, 8, Naval Superiority, ,0, Not Ready, 
52, Settle New City, 8, , Battle line, 23:19, 0 endangered
52, 8, Settle New City, No recruits to reach minimum, , , 
52, 8, Settle New City, No recruits to reach minimum, , , 
52, Settle New City, 8, , Battle line, 23:19, 0 endangered
52, 8, Settle New City, Operation Recruit, 1 units, Recruited 0, Contract for: UNIT_SETTLER
52, 8, Settle New City, Operation Move, UNIT_MUSKETMAN, 24:21, 24:21, 24:21
52, 8, Naval Superiority, No recruits to reach minimum, , , 
52, 8, Naval Superiority, Operation Recruit, 0 units, Recruited 0, Contract for: UNIT_KNIGHT
52, 9, Settle New City running, TARGET 44:29
52, 9, Settle New City, ,0, Not Ready, 
52, 9, City Defense running, TARGET 37:13
52, City Defense, 9, , Battle line, 39:11, 0 endangered
52, 9, City Defense, ,0, Ready, UNIT_CROSSBOWMAN; UNIT_KNIGHT; UNIT_MUSKETMAN; 
52, 9, City Defense running, TARGET 40:16
52, City Defense, 9, , Battle line, 39:13, 0 endangered
52, 9, City Defense, ,0, Ready, UNIT_CROSSBOWMAN; UNIT_CROSSBOWMAN; 
52, City Defense, 9, , Battle line, 39:11, 0 endangered
52, 9, City Defense, No recruits to reach minimum, , , 
52, 9, City Defense, No recruits to match strength, , Enemy Str: 78 / 55.0, 
52, 9, City Defense, No recruits to reach minimum, , , 
52, 9, City Defense, No recruits to match strength, , Enemy Str: 78 / 55.0, 
52, City Defense, 9, , Battle line, 39:11, 0 endangered
52, 9, City Defense, Operation Recruit, 3 units, Recruited 0, Contract for: UNIT_KNIGHT
52, 9, City Defense, Op Attack Units Targets, Target 0, Owner 4, UNIT_VAMPIRE, 41:8
52, 9, City Defense, Op Attack Units Targets, Target 1, Owner 4, UNIT_SCOUT, 41:9
52, 9, City Defense, Op Attack Units Targets, Target 2, Owner 4, UNIT_CROSSBOWMAN, 40:13
52, 9, City Defense, Op Attack Units Targets, Target 3, Owner 4, UNIT_CROSSBOWMAN, 41:13
52, 9, City Defense, Op Attack Units Targets, Target 4, Owner 4, UNIT_GREAT_GENERAL, 42:12
52, 9, City Defense, Op Attack Units Targets, Target 5, Owner 4, UNIT_CROSSBOWMAN, 42:12
52, 9, City Defense, Op Attack Units Targets, Target 6, Owner 4, UNIT_CROSSBOWMAN, 41:11
52, 9, City Defense, Op Attack Units Targets, Target 7, Owner 4, UNIT_CROSSBOWMAN, 41:12
52, 9, City Defense, Operation Attack Units, UNIT_KNIGHT, At 39:11, Move 42:11, Attack -9999:-9999
52, 9, City Defense, Operation Move, UNIT_CROSSBOWMAN, 37:13, 37:14, 37:14
52, 9, City Defense, Operation Move, UNIT_MUSKETMAN, 37:15, 37:13, 37:13
52, City Defense, 9, , Battle line, 39:13, 0 endangered
52, 9, City Defense, No recruits to reach minimum, , , 
52, 9, City Defense, Recruiting strength, , Enemy Str: 80 / 55.0, UNIT_MAN_AT_ARMS
52, 9, City Defense, Recruiting strength, , Enemy Str: 80 / 55.0, UNIT_MUSKETMAN
52, 9, City Defense, No recruits to reach minimum, , , 
52, 9, City Defense, No recruits to match strength, , Enemy Str: 80 / 55.0, 
52, City Defense, 9, , Battle line, 39:12, 1 endangered
52, 9, City Defense, Operation Recruit, 4 units, Recruited 2, Contract for: UNIT_KNIGHT
52, 9, City Defense, Op Attack Units Targets, Target 0, Owner 4, UNIT_CROSSBOWMAN, 40:13
52, 9, City Defense, Op Attack Units Targets, Target 1, Owner 4, UNIT_CROSSBOWMAN, 41:12
52, 9, City Defense, Operation Attack Units, UNIT_MUSKETMAN, At 39:12, Move 40:12, Attack 40:13
52, 9, City Defense, Operation Move, UNIT_CROSSBOWMAN, 40:16, 39:16, 39:16
52, 9, City Defense, Operation Move, UNIT_CROSSBOWMAN, 39:15, 39:15, 39:15
52, 9, City Defense, Operation Move, UNIT_MAN_AT_ARMS, 38:15, 40:16, 40:16
52, 9, Settle New City, Recruiting minimums, , , UNIT_MUSKETMAN
52, 9, Settle New City, No recruits to reach minimum, , , 
52, Settle New City, 9, , Battle line, 38:13, 0 endangered
52, 9, Settle New City, Operation Recruit, 1 units, Recruited 1, Contract for: UNIT_SETTLER
52, 9, Settle New City, Operation Move, UNIT_MUSKETMAN, 36:13, 40:15, 38:12
52, 13, Naval Superiority running, TARGET 56:2
52, 13, Naval Superiority, ,0, Not Ready, 
52, 13, Naval Superiority, No recruits to reach minimum, , , 
52, 13, Naval Superiority, Operation Recruit, 0 units, Recruited 0, Contract for: UNIT_WARRIOR_MONK
52, 14, Naval Superiority running, TARGET 1:26
52, 14, Naval Superiority, ,0, Not Ready, 
52, 14, City Defense running, TARGET 2:26
52, City Defense, 14, , Battle line, 1073741826:26, 0 endangered
52, 14, City Defense, ,0, Not Ready, UNIT_CATAPULT; 
52, 14, City Defense, ,1, Ready, 
52, 14, City Defense, No recruits to reach minimum, , , 
52, 14, City Defense, Recruiting strength, , Enemy Str: 80 / 36.0, UNIT_CROSSBOWMAN
52, 14, City Defense, No recruits to reach minimum, , , 
52, 14, City Defense, No recruits to match strength, , Enemy Str: 80 / 36.0, 
52, City Defense, 14, , Battle line, 1073741826:26, 0 endangered
52, 14, City Defense, Operation Recruit, 2 units, Recruited 1, Contract for: UNIT_SKIRMISHER
52, 14, City Defense, Op Attack Units Targets, Target 0, Owner 7, UNIT_WARRIOR, 4:26
52, 14, City Defense, Op Attack Units Targets, Target 1, Owner 7, UNIT_SKIRMISHER, 1:27
52, 14, City Defense, Operation Attack Units, UNIT_CROSSBOWMAN, At 2:26, Move 2:26, Attack 1:27
52, 14, City Defense, Operation Move, UNIT_CATAPULT, 2:26, 2:27, 2:27
52, 14, Naval Superiority, Operation Recruit, 0 units, Recruited 0, Contract for: UNIT_WARRIOR_MONK
53, 5, Settle New City running, TARGET 44:29
53, Settle New City, 5, , Battle line, 31:71, 1 endangered
53, 5, Settle New City, ,0, Ready, UNIT_SETTLER; UNIT_CROSSBOWMAN; UNIT_MAN_AT_ARMS; 
53, 5, City Defense running, TARGET 35:74
53, City Defense, 5, , Battle line, 153391723:74, 2 endangered
53, 5, City Defense, ,0, Ready, UNIT_CROSSBOWMAN; UNIT_MAN_AT_ARMS; UNIT_MAN_AT_ARMS; UNIT_KNIGHT; UNIT_KNIGHT; UNIT_MUSKETMAN; UNIT_MUSKETMAN; 
53, 5, Naval Superiority running, TARGET 15:71
53, 5, Naval Superiority, ,0, Not Ready, 
53, City Defense, 5, , Battle line, 153391723:74, 2 endangered
53, 5, City Defense, No recruits to reach minimum, , , 
53, 5, City Defense, Recruiting strength, , Enemy Str: 326 / 55.0, UNIT_SKIRMISHER
53, 5, City Defense, Recruiting strength, , Enemy Str: 326 / 55.0, UNIT_VAMPIRE
53, 5, City Defense, No recruits to reach minimum, , , 
53, 5, City Defense, No recruits to match strength, , Enemy Str: 326 / 55.0, 
53, City Defense, 5, , Battle line, 153391722:74, 2 endangered
53, 5, City Defense, Operation Recruit, 9 units, Recruited 2, Contract for: UNIT_KNIGHT
53, 5, City Defense, Op Attack Units Targets, Target 0, Owner 0, UNIT_KNIGHT, 35:73
53, 5, City Defense, Op Attack Units Targets, Target 1, Owner 0, UNIT_CROSSBOWMAN, 37:74
53, 5, City Defense, Op Attack Units Targets, Target 2, Owner 0, UNIT_VAMPIRE, 34:75
53, 5, City Defense, Op Attack Units Targets, Target 3, Owner 0, UNIT_KNIGHT, 35:75
53, 5, City Defense, Op Attack Units Targets, Target 4, Owner 2, UNIT_KNIGHT, 34:76
53, 5, City Defense, Op Attack Units Targets, Target 5, Owner 0, UNIT_CROSSBOWMAN, 35:76
53, 5, City Defense, Op Attack Units Targets, Target 6, Owner 0, UNIT_KNIGHT, 34:77
53, 5, City Defense, Op Attack Units Targets, Target 7, Owner 0, UNIT_GREAT_GENERAL, 35:77
53, 5, City Defense, Operation Attack Units, UNIT_CROSSBOWMAN, At 35:74, Move 35:74, Attack 35:76
53, 5, City Defense, Operation Attack Units, UNIT_MAN_AT_ARMS, At 34:73, Move 34:73, Attack 35:73
53, 5, City Defense, Operation Attack Units, UNIT_MAN_AT_ARMS, At 32:73, Move 34:74, Attack -9999:-9999
53, 5, City Defense, Operation Attack Units, UNIT_KNIGHT, At 33:77, Move 36:78, Attack 35:77
53, 5, City Defense, Operation Attack Units, UNIT_KNIGHT, At 31:71, Move 33:75, Attack -9999:-9999
53, 5, City Defense, Operation Move, UNIT_MUSKETMAN, 27:73, 34:74, 28:72
53, 5, City Defense, Operation Move, UNIT_MUSKETMAN, 26:74, 34:74, 27:74
53, 5, City Defense, Operation Move, UNIT_SKIRMISHER, 27:78, 34:74, 29:76
53, 5, City Defense, Operation Move, UNIT_VAMPIRE, 26:71, 34:74, 28:74
53, 5, Settle New City, No recruits to reach minimum, , , 
53, 5, Settle New City, No recruits to match strength, , Enemy Str: 0 / 55.0, 
53, 5, Settle New City, No recruits to reach minimum, , , 
53, 5, Settle New City, No recruits to match strength, , Enemy Str: 0 / 55.0, 
53, 5, Settle New City, Operation Recruit, 3 units, Recruited 0, Contract for: UNIT_KNIGHT
53, 5, Settle New City, Operation Protect Units, UNIT_SETTLER, Move 31 76
53, 5, Settle New City, Operation Move, UNIT_MAN_AT_ARMS, 27:63, 44:29, 28:62
53, 5, Settle New City, Operation Move, UNIT_CROSSBOWMAN, 26:63, 44:29, 27:63
53, 5, Naval Superiority, No recruits to reach minimum, , , 
53, 5, Naval Superiority, No recruits to reach minimum, , , 
53, 5, Naval Superiority, Operation Recruit, 0 units, Recruited 0, Contract for: UNIT_MACEDONIAN_HETAIROI
53, 6, Naval Superiority running, TARGET 23:56
53, 6, Naval Superiority, ,0, Not Ready, 
53, 6, Settle New City running, TARGET 44:29
53, 6, Settle New City, ,0, Ready, UNIT_SETTLER; UNIT_CATAPULT; UNIT_CROSSBOWMAN; 
53, 6, Settle New City, No recruits to reach minimum, , , 
53, 6, Settle New City, No recruits to match strength, , Enemy Str: 0 / 36.0, 
53, 6, Settle New City, No recruits to reach minimum, , , 
53, 6, Settle New City, No recruits to match strength, , Enemy Str: 0 / 36.0, 
53, 6, Settle New City, Operation Recruit, 3 units, Recruited 0, Contract for: UNIT_SWORDSMAN
53, 6, Settle New City, Operation Move, UNIT_CATAPULT, 22:54, 22:54, 22:54
53, 6, Settle New City, Operation Move, UNIT_CROSSBOWMAN, 22:56, 22:56, 22:56
53, 6, Settle New City, Operation Move, UNIT_SETTLER, 15:58, 22:55, 16:58
53, 6, Naval Superiority, No recruits to reach minimum, , , 
53, 6, Naval Superiority, Operation Recruit, 0 units, Recruited 0, Contract for: UNIT_GALLEY
53, 7, Settle New City running, TARGET 44:29
53, 7, Settle New City, ,0, Not Ready, 
53, 7, Attack Walled City running, TARGET 2:26
53, Attack Walled City, 7, , Battle line, 268435465:36, 0 endangered
53, 7, Attack Walled City, ,0, Ready, UNIT_MAN_AT_ARMS; UNIT_MAN_AT_ARMS; UNIT_MAN_AT_ARMS; UNIT_CROSSBOWMAN; UNIT_MAN_AT_ARMS; UNIT_SKIRMISHER; UNIT_TREBUCHET; 
53, 7, Attack Walled City, ,1, Ready, 
53, 7, Settle New City, Recruiting minimums, , , UNIT_KNIGHT
53, 7, Settle New City, No recruits to reach minimum, , , 
53, Settle New City, 7, , Battle line, 15:31, 0 endangered
53, 7, Settle New City, Operation Recruit, 1 units, Recruited 1, Contract for: UNIT_SETTLER
53, 7, Settle New City, Operation Move, UNIT_KNIGHT, 15:30, 15:30, 15:30
53, Attack Walled City, 7, , Battle line, 268435465:36, 0 endangered
53, 7, Attack Walled City, No recruits to reach minimum, , , 
53, 7, Attack Walled City, No recruits to match strength, , Enemy Str: 104 / 144.0, 
53, 7, Attack Walled City, No recruits to reach minimum, , , 
53, 7, Attack Walled City, No recruits to match strength, , Enemy Str: 104 / 108.0, 
53, 7, Attack Walled City, No recruits to reach minimum, , , 
53, 7, Attack Walled City, No recruits to match strength, , Enemy Str: 104 / 144.0, 
53, 7, Attack Walled City, No recruits to reach minimum, , , 
53, 7, Attack Walled City, No recruits to match strength, , Enemy Str: 104 / 108.0, 
53, Attack Walled City, 7, , Battle line, 268435465:36, 0 endangered
53, 7, Attack Walled City, Operation Recruit, 7 units, Recruited 0, Contract for: UNIT_KNIGHT
53, 7, Attack Walled City, Op Attack Units Targets, Target 0, Owner 4, UNIT_VAMPIRE, 39:7
53, 7, Attack Walled City, Op Attack Units Targets, Target 1, Owner 8, UNIT_MISSIONARY, 16:14
53, 7, Attack Walled City, Op Attack Units Targets, Target 2, Owner 9, UNIT_MISSIONARY, 31:14
53, 7, Attack Walled City, Op Attack Units Targets, Target 3, Owner 8, UNIT_MISSIONARY, 15:16
53, 7, Attack Walled City, Op Attack Units Targets, Target 4, Owner 4, UNIT_BUILDER, 47:16
53, 7, Attack Walled City, Op Attack Units Targets, Target 5, Owner 8, UNIT_MISSIONARY, 12:19
53, 7, Attack Walled City, Op Attack Units Targets, Target 6, Owner 9, UNIT_MISSIONARY, 23:19
53, 7, Attack Walled City, Op Attack Units Targets, Target 7, Owner 9, UNIT_MISSIONARY, 21:20
53, 7, Attack Walled City, Op Attack Units Targets, Target 8, Owner 9, UNIT_MISSIONARY, 22:20
53, 7, Attack Walled City, Op Attack Units Targets, Target 9, Owner 9, UNIT_MISSIONARY, 20:21
53, 7, Attack Walled City, Op Attack Units Targets, Target 10, Owner 9, UNIT_MISSIONARY, 21:21
53, 7, Attack Walled City, Op Attack Units Targets, Target 11, Owner 8, UNIT_MISSIONARY, 31:21
53, 7, Attack Walled City, Op Attack Units Targets, Target 12, Owner 9, UNIT_MISSIONARY, 23:29
53, 7, Attack Walled City, Op Attack Units Targets, Target 13, Owner 9, UNIT_MISSIONARY, 15:33
53, 7, Attack Walled City, Op Attack Units Targets, Target 14, Owner 9, UNIT_MISSIONARY, 20:33
53, 7, Attack Walled City, Op Attack Units Targets, Target 15, Owner 8, UNIT_MISSIONARY, 7:37
53, 7, Attack Walled City, Op Attack Units Targets, Target 16, Owner 9, UNIT_MISSIONARY, 21:38
53, 7, Attack Walled City, Op Attack Units Targets, Target 17, Owner 6, UNIT_MISSIONARY, 13:40
53, 7, Attack Walled City, Op Attack Units Targets, Target 18, Owner 6, UNIT_MISSIONARY, 12:43
53, 7, Attack Walled City, Op Attack Units Targets, Target 19, Owner 8, UNIT_MISSIONARY, 12:48
53, 7, Attack Walled City, Op Attack Units Targets, Target 20, Owner 6, UNIT_APOSTLE, 20:50
53, 7, Attack Walled City, Op Attack Units Targets, Target 21, Owner 6, UNIT_APOSTLE, 14:53
53, 7, Attack Walled City, Op Attack Units Targets, Target 22, Owner 6, UNIT_APOSTLE, 13:54
53, 7, Attack Walled City, Op Attack Units Targets, Target 23, Owner 6, UNIT_APOSTLE, 12:55
53, 7, Attack Walled City, Op Attack Units Targets, Target 24, Owner 6, UNIT_APOSTLE, 13:56
53, 7, Attack Walled City, Op Attack Units Targets, Target 25, Owner 6, UNIT_APOSTLE, 14:56
53, 7, Attack Walled City, Op Attack Units Targets, Target 26, Owner 2, UNIT_BUILDER, 71:60
53, 7, Attack Walled City, Op Attack Units Targets, Target 27, Owner 2, UNIT_TRADER, 69:64
53, 7, Attack Walled City, Op Attack Units Targets, Target 28, Owner 5, UNIT_MISSIONARY, 29:69
53, 7, Attack Walled City, Op Attack Units Targets, Target 29, Owner 5, UNIT_MISSIONARY, 30:70
53, 7, Attack Walled City, Op Attack Units Targets, Target 30, Owner 5, UNIT_MISSIONARY, 29:73
53, 7, Attack Walled City, Op Attack Units Targets, Target 31, Owner 0, UNIT_CROSSBOWMAN, 37:74
53, 7, Attack Walled City, Operation Move, UNIT_MAN_AT_ARMS, 7:31, 3:26, 6:31
53, 7, Attack Walled City, Operation Move, UNIT_SKIRMISHER, 8:30, 3:26, 5:30
53, 7, Attack Walled City, Operation Move, UNIT_MAN_AT_ARMS, 8:32, 3:26, 7:31
53, 7, Attack Walled City, Operation Move, UNIT_MAN_AT_ARMS, 8:33, 3:26, 8:31
53, 7, Attack Walled City, Operation Move, UNIT_MAN_AT_ARMS, 8:35, 3:26, 7:34
53, 7, Attack Walled City, Operation Move, UNIT_CROSSBOWMAN, 11:32, 3:28, 10:32
53, 7, Attack Walled City, Operation Move, UNIT_TREBUCHET, 8:38, 3:28, 8:37
53, 7, Attack Walled City, Operation Move, UNIT_MAN_AT_ARMS, 7:31, 3:26, 8:30
53, 8, Settle New City running, TARGET 44:29
53, Settle New City, 8, , Battle line, 21:18, 0 endangered
53, 8, Settle New City, ,0, Ready, UNIT_MUSKETMAN; UNIT_SETTLER; 
53, 8, Naval Superiority running, TARGET 7:23
53, 8, Naval Superiority, ,0, Not Ready, 
53, Settle New City, 8, , Battle line, 21:18, 0 endangered
53, 8, Settle New City, No recruits to reach minimum, , , 
53, 8, Settle New City, No recruits to match strength, , Enemy Str: 0 / 55.0, 
53, 8, Settle New City, No recruits to reach minimum, , , 
53, 8, Settle New City, No recruits to match strength, , Enemy Str: 0 / 55.0, 
53, Settle New City, 8, , Battle line, 21:18, 0 endangered
53, 8, Settle New City, Operation Recruit, 2 units, Recruited 0, Contract for: UNIT_KNIGHT
53, Settle New City, 8, , Battle line, 21:18, 0 endangered
53, 8, Settle New City, No recruits to reach minimum, , , 
53, 8, Settle New City, No recruits to match strength, , Enemy Str: 0 / 55.0, 
53, 8, Settle New City, No recruits to reach minimum, , , 
53, 8, Settle New City, No recruits to match strength, , Enemy Str: 0 / 55.0, 
53, Settle New City, 8, , Battle line, 21:18, 0 endangered
53, 8, Settle New City, Operation Recruit, 2 units, Recruited 0, Contract for: UNIT_KNIGHT
53, 8, Settle New City, Operation Move, UNIT_MUSKETMAN, 24:21, 24:22, 24:22
53, 8, Settle New City, Operation Move, UNIT_SETTLER, 21:12, 24:21, 19:15
53, 8, Settle New City, Operation Move, UNIT_MUSKETMAN, 24:22, 44:29, 25:20
53, 8, Naval Superiority, No recruits to reach minimum, , , 
53, 8, Naval Superiority, Operation Recruit, 0 units, Recruited 0, Contract for: UNIT_KNIGHT
53, 9, Settle New City running, TARGET 44:29
53, Settle New City, 9, , Battle line, 39:12, 0 endangered
53, 9, Settle New City, ,0, Not Ready, UNIT_MUSKETMAN; 
53, 9, City Defense running, TARGET 37:13
53, City Defense, 9, , Battle line, 40:11, 1 endangered
53, 9, City Defense, ,0, Ready, UNIT_CROSSBOWMAN; UNIT_KNIGHT; UNIT_MUSKETMAN; 
53, 9, City Defense running, TARGET 40:16
53, City Defense, 9, , Battle line, 39:13, 0 endangered
53, 9, City Defense, ,0, Ready, UNIT_CROSSBOWMAN; UNIT_CROSSBOWMAN; UNIT_MAN_AT_ARMS; 
53, 9, City Defense, No recruits to reach minimum, , , 
53, 9, City Defense, No recruits to match strength, , Enemy Str: 35 / 55.0, 
53, 9, City Defense, No recruits to reach minimum, , , 
53, 9, City Defense, No recruits to match strength, , Enemy Str: 35 / 55.0, 
53, 9, City Defense, Operation Recruit, 3 units, Recruited 0, Contract for: UNIT_KNIGHT
53, 9, City Defense, Op Attack Units Targets, Target 0, Owner 4, UNIT_VAMPIRE, 39:7
53, 9, City Defense, Op Attack Units Targets, Target 1, Owner 4, UNIT_SCOUT, 42:7
53, 9, City Defense, Op Attack Units Targets, Target 2, Owner 4, UNIT_CROSSBOWMAN, 41:11
53, 9, City Defense, Op Attack Units Targets, Target 3, Owner 4, UNIT_CROSSBOWMAN, 41:12
53, 9, City Defense, Op Attack Units Targets, Target 4, Owner 4, UNIT_CROSSBOWMAN, 42:12
53, 9, City Defense, Op Attack Units Targets, Target 5, Owner 4, UNIT_CROSSBOWMAN, 40:13
53, 9, City Defense, Op Attack Units Targets, Target 6, Owner 4, UNIT_CROSSBOWMAN, 41:13
53, 9, City Defense, Operation Attack Units, UNIT_MUSKETMAN, At 37:14, Move 40:12, Attack -9999:-9999
53, 9, City Defense, Operation Attack Units, UNIT_KNIGHT, At 40:11, Move 43:8, Attack -9999:-9999
53, 9, City Defense, No recruits to reach minimum, , , 
53, 9, City Defense, Recruiting strength, , Enemy Str: 75 / 55.0, UNIT_MUSKETMAN
53, 9, City Defense, No recruits to reach minimum, , , 
53, 9, City Defense, No recruits to match strength, , Enemy Str: 75 / 55.0, 
53, City Defense, 9, , Battle line, 39:13, 0 endangered
53, 9, City Defense, Operation Recruit, 3 units, Recruited 1, Contract for: UNIT_KNIGHT
53, 9, City Defense, Op Attack Units Targets, Target 0, Owner 4, UNIT_CROSSBOWMAN, 41:12
53, 9, City Defense, Op Attack Units Targets, Target 1, Owner 4, UNIT_CROSSBOWMAN, 40:13
53, 9, City Defense, Operation Attack Units, UNIT_MUSKETMAN, At 39:12, Move 40:12, Attack 40:13
53, 9, City Defense, Operation Move, UNIT_CROSSBOWMAN, 39:16, 39:16, 39:16
53, 9, City Defense, Operation Move, UNIT_CROSSBOWMAN, 39:15, 39:15, 39:15
53, Settle New City, 9, , Battle line, 39:12, 0 endangered
53, 9, Settle New City, No recruits to reach minimum, , , 
53, 9, Settle New City, No recruits to reach minimum, , , 
53, Settle New City, 9, , Battle line, 39:12, 0 endangered
53, 9, Settle New City, Operation Recruit, 1 units, Recruited 0, Contract for: UNIT_SETTLER
53, 9, Settle New City, Operation Move, UNIT_MUSKETMAN, 38:12, 40:15, 39:12
53, 13, Naval Superiority running, TARGET 56:2
53, 13, Naval Superiority, ,0, Not Ready, 
53, 13, Naval Superiority, No recruits to reach minimum, , , 
53, 13, Naval Superiority, Operation Recruit, 0 units, Recruited 0, Contract for: UNIT_WARRIOR_MONK
53, 14, Naval Superiority running, TARGET 1:26
53, 14, Naval Superiority, ,0, Not Ready, 
53, 14, City Defense running, TARGET 2:26
53, City Defense, 14, , Battle line, 1073741826:26, 0 endangered
53, 14, City Defense, ,0, Ready, UNIT_CATAPULT; UNIT_CROSSBOWMAN; 
53, 14, City Defense, ,1, Ready, 
53, 14, City Defense, Operation complete
53, 14, Naval Superiority, No recruits to reach minimum, , , 
53, 14, Naval Superiority, Operation Recruit, 0 units, Recruited 0, Contract for: UNIT_WARRIOR_MONK
54, 5, Settle New City running, TARGET 44:29
54, Settle New City, 5, , Battle line, 715827913:71, 1 endangered
54, 5, Settle New City, ,0, Ready, UNIT_SETTLER; UNIT_CROSSBOWMAN; UNIT_MAN_AT_ARMS; 
54, 5, City Defense running, TARGET 35:74
54, City Defense, 5, , Battle line, 178957003:74, 3 endangered
54, 5, City Defense, ,0, Ready, UNIT_CROSSBOWMAN; UNIT_MAN_AT_ARMS; UNIT_KNIGHT; UNIT_MUSKETMAN; UNIT_MUSKETMAN; UNIT_SKIRMISHER; UNIT_VAMPIRE; 
54, 5, Naval Superiority running, TARGET 15:71
54, 5, Naval Superiority, ,0, Not Ready, 
54, 5, City Defense, No recruits to reach minimum, , , 
54, 5, City Defense, Recruiting strength, , Enemy Str: 369 / 55.0, UNIT_PIKE_AND_SHOT
54, 5, City Defense, Recruiting strength, , Enemy Str: 369 / 55.0, UNIT_MACEDONIAN_HETAIROI
54, 5, City Defense, No recruits to reach minimum, , , 
54, 5, City Defense, No recruits to match strength, , Enemy Str: 369 / 55.0, 
54, City Defense, 5, , Battle line, 178957003:73, 4 endangered
54, 5, City Defense, Operation Recruit, 9 units, Recruited 2, Contract for: UNIT_KNIGHT
54, 5, City Defense, Op Attack Units Targets, Target 0, Owner 1, UNIT_BABYLONIAN_SABUM_KIBITTUM, 32:67
54, 5, City Defense, Op Attack Units Targets, Target 1, Owner 0, UNIT_KNIGHT, 35:73
54, 5, City Defense, Op Attack Units Targets, Target 2, Owner 2, UNIT_KNIGHT, 33:74
54, 5, City Defense, Op Attack Units Targets, Target 3, Owner 0, UNIT_CROSSBOWMAN, 37:74
54, 5, City Defense, Op Attack Units Targets, Target 4, Owner 0, UNIT_KNIGHT, 35:75
54, 5, City Defense, Op Attack Units Targets, Target 5, Owner 0, UNIT_GREAT_GENERAL, 35:76
54, 5, City Defense, Op Attack Units Targets, Target 6, Owner 0, UNIT_KNIGHT, 34:77
54, 5, City Defense, Op Attack Units Targets, Target 7, Owner 0, UNIT_VAMPIRE, 35:77
54, 5, City Defense, Operation Attack Units, UNIT_MACEDONIAN_HETAIROI, At 31:67, Move 31:67, Attack 32:67
54, 5, City Defense, Operation Attack Units, UNIT_MAN_AT_ARMS, At 33:73, Move 33:73, Attack 33:74
54, 5, City Defense, Operation Attack Units, UNIT_CROSSBOWMAN, At 35:74, Move 36:74, Attack 37:74
54, 5, City Defense, Operation Attack Units, UNIT_KNIGHT, At 32:75, Move 34:76, Attack 35:76
54, 5, City Defense, Operation Attack Units, UNIT_SKIRMISHER, At 29:76, Move 32:75, Attack -9999:-9999
54, 5, City Defense, Operation Move, UNIT_VAMPIRE, 28:74, 34:74, 29:75
54, 5, City Defense, Operation Move, UNIT_MUSKETMAN, 28:72, 34:74, 29:73
54, 5, City Defense, Operation Move, UNIT_MUSKETMAN, 27:74, 34:74, 28:75
54, 5, Settle New City, No recruits to reach minimum, , , 
54, 5, Settle New City, No recruits to match strength, , Enemy Str: 0 / 55.0, 
54, 5, Settle New City, No recruits to reach minimum, , , 
54, 5, Settle New City, No recruits to match strength, , Enemy Str: 0 / 55.0, 
54, 5, Settle New City, Operation Recruit, 3 units, Recruited 0, Contract for: UNIT_KNIGHT
54, 5, Settle New City, Operation Protect Units, UNIT_SETTLER, Move 31 77
54, 5, Settle New City, Operation Move, UNIT_MAN_AT_ARMS, 28:62, 44:29, 29:60
54, 5, Settle New City, Operation Move, UNIT_CROSSBOWMAN, 27:63, 44:29, 28:63
54, 5, Naval Superiority, No recruits to reach minimum, , , 
54, 5, Naval Superiority, No recruits to reach minimum, , , 
54, 5, Naval Superiority, Operation Recruit, 0 units, Recruited 0, Contract for: UNIT_MACEDONIAN_HETAIROI
54, 6, Naval Superiority running, TARGET 23:56
54, 6, Naval Superiority, ,0, Not Ready, 
54, 6, Settle New City running, TARGET 44:29
54, 6, Settle New City, ,0, Ready, UNIT_SETTLER; UNIT_CATAPULT; UNIT_CROSSBOWMAN; 
54, 6, Settle New City, No recruits to reach minimum, , , 
54, 6, Settle New City, No recruits to match strength, , Enemy Str: 0 / 36.0, 
54, 6, Settle New City, No recruits to reach minimum, , , 
54, 6, Settle New City, No recruits to match strength, , Enemy Str: 0 / 36.0, 
54, 6, Settle New City, Operation Recruit, 3 units, Recruited 0, Contract for: UNIT_SWORDSMAN
54, 6, Settle New City, Operation Move, UNIT_CATAPULT, 22:54, 22:54, 22:54
54, 6, Settle New City, Operation Move, UNIT_CROSSBOWMAN, 22:56, 22:56, 22:56
54, 6, Settle New City, Operation Move, UNIT_SETTLER, 16:58, 22:55, 18:58
54, 6, Naval Superiority, No recruits to reach minimum, , , 
54, 6, Naval Superiority, Operation Recruit, 0 units, Recruited 0, Contract for: UNIT_GALLEY
54, 7, Settle New City running, TARGET 44:29
54, Settle New City, 7, , Battle line, 15:29, 0 endangered
54, 7, Settle New City, ,0, Not Ready, UNIT_KNIGHT; 
54, 7, Attack Walled City running, TARGET 2:26
54, Attack Walled City, 7, , Battle line, 195225792:33, 0 endangered
54, 7, Attack Walled City, ,0, Ready, UNIT_MAN_AT_ARMS; UNIT_MAN_AT_ARMS; UNIT_MAN_AT_ARMS; UNIT_CROSSBOWMAN; UNIT_MAN_AT_ARMS; UNIT_SKIRMISHER; UNIT_TREBUCHET; 
54, 7, Attack Walled City, ,1, Ready, 
54, Settle New City, 7, , Battle line, 15:29, 0 endangered
54, 7, Settle New City, No recruits to reach minimum, , , 
54, 7, Settle New City, No recruits to reach minimum, , , 
54, Settle New City, 7, , Battle line, 15:29, 0 endangered
54, 7, Settle New City, Operation Recruit, 1 units, Recruited 0, Contract for: UNIT_SETTLER
54, 7, Settle New City, Operation Move, UNIT_KNIGHT, 15:30, 15:30, 15:30
54, 7, Attack Walled City, No recruits to reach minimum, , , 
54, 7, Attack Walled City, No recruits to match strength, , Enemy Str: 105 / 144.0, 
54, 7, Attack Walled City, No recruits to reach minimum, , , 
54, 7, Attack Walled City, No recruits to match strength, , Enemy Str: 105 / 108.0, 
54, 7, Attack Walled City, No recruits to reach minimum, , , 
54, 7, Attack Walled City, No recruits to match strength, , Enemy Str: 105 / 144.0, 
54, 7, Attack Walled City, No recruits to reach minimum, , , 
54, 7, Attack Walled City, No recruits to match strength, , Enemy Str: 105 / 108.0, 
54, 7, Attack Walled City, Operation Recruit, 7 units, Recruited 0, Contract for: UNIT_KNIGHT
54, 7, Attack Walled City, Operation Move, UNIT_SKIRMISHER, 5:30, 1:27, 4:29
54, 7, Attack Walled City, Operation Move, UNIT_MAN_AT_ARMS, 6:31, 1:27, 5:30
54, 7, Attack Walled City, Operation Move, UNIT_MAN_AT_ARMS, 8:30, 1:27, 6:30
54, 7, Attack Walled City, Operation Move, UNIT_MAN_AT_ARMS, 8:31, 1:27, 7:30
54, 7, Attack Walled City, Operation Move, UNIT_MAN_AT_ARMS, 7:34, 1:27, 6:33
54, 7, Attack Walled City, Operation Move, UNIT_CROSSBOWMAN, 10:32, 3:28, 8:31
54, 7, Attack Walled City, Operation Move, UNIT_TREBUCHET, 8:37, 3:28, 7:35
54, 8, Settle New City running, TARGET 44:29
54, 8, Settle New City, ,0, Ready, UNIT_MUSKETMAN; UNIT_SETTLER; 
54, 8, Naval Superiority running, TARGET 7:23
54, 8, Naval Superiority, ,0, Not Ready, 
54, 8, Settle New City, No recruits to reach minimum, , , 
54, 8, Settle New City, No recruits to match strength, , Enemy Str: 0 / 55.0, 
54, 8, Settle New City, No recruits to reach minimum, , , 
54, 8, Settle New City, No recruits to match strength, , Enemy Str: 0 / 55.0, 
54, 8, Settle New City, Operation Recruit, 2 units, Recruited 0, Contract for: UNIT_KNIGHT
54, 8, Settle New City, Operation Move, UNIT_MUSKETMAN, 25:20, 44:29, 30:20
54, 8, Settle New City, Operation Move, UNIT_SETTLER, 19:15, 44:29, 20:17
54, 8, Naval Superiority, No recruits to reach minimum, , , 
54, 8, Naval Superiority, Operation Recruit, 0 units, Recruited 0, Contract for: UNIT_KNIGHT
54, 9, Settle New City running, TARGET 44:29
54, Settle New City, 9, , Battle line, 39:12, 0 endangered
54, 9, Settle New City, ,0, Ready, UNIT_MUSKETMAN; UNIT_SETTLER; 
54, 9, City Defense running, TARGET 37:13
54, City Defense, 9, , Battle line, 38:13, 0 endangered
54, 9, City Defense, ,0, Ready, UNIT_CROSSBOWMAN; UNIT_MUSKETMAN; 
54, 9, City Defense running, TARGET 40:16
54, City Defense, 9, , Battle line, 39:13, 0 endangered
54, 9, City Defense, ,0, Ready, UNIT_CROSSBOWMAN; UNIT_CROSSBOWMAN; 
54, 9, City Defense, No recruits to reach minimum, , , 
54, 9, City Defense, Recruiting strength, , Enemy Str: 75 / 55.0, UNIT_MUSKETMAN
54, 9, City Defense, No recruits to reach minimum, , , 
54, 9, City Defense, No recruits to match strength, , Enemy Str: 75 / 55.0, 
54, City Defense, 9, , Battle line, 39:13, 0 endangered
54, 9, City Defense, Operation Recruit, 3 units, Recruited 1, Contract for: UNIT_KNIGHT
54, 9, City Defense, Operation Move, UNIT_CROSSBOWMAN, 39:15, 39:15, 39:15
54, 9, City Defense, Operation Move, UNIT_MUSKETMAN, 39:16, 39:16, 39:16
54, Settle New City, 9, , Battle line, 39:12, 0 endangered
54, 9, Settle New City, No recruits to reach minimum, , , 
54, 9, Settle New City, No recruits to match strength, , Enemy Str: 0 / 55.0, 
54, 9, Settle New City, No recruits to reach minimum, , , 
54, 9, Settle New City, No recruits to match strength, , Enemy Str: 0 / 55.0, 
54, Settle New City, 9, , Battle line, 39:12, 0 endangered
54, 9, Settle New City, Operation Recruit, 2 units, Recruited 0, Contract for: UNIT_PIKE_AND_SHOT
54, 9, Settle New City, Op Attack Units Targets, Target 0, Owner 4, UNIT_CROSSBOWMAN, 41:12
54, 9, Settle New City, Operation Attack Units, UNIT_MUSKETMAN, At 39:12, Move 40:13, Attack -9999:-9999
54, 9, Settle New City, Operation Move, UNIT_SETTLER, 40:16, 40:16, 40:16
54, 9, City Defense, Operation complete
54, 13, Naval Superiority running, TARGET 56:2
54, 13, Naval Superiority, ,0, Not Ready, 
54, 13, Naval Superiority, No recruits to reach minimum, , , 
54, 13, Naval Superiority, Operation Recruit, 0 units, Recruited 0, Contract for: UNIT_WARRIOR_MONK
54, 14, Naval Superiority running, TARGET 1:26
54, 14, Naval Superiority, ,0, Not Ready, 
54, 14, Naval Superiority, No recruits to reach minimum, , , 
54, 14, Naval Superiority, Operation Recruit, 0 units, Recruited 0, Contract for: UNIT_WARRIOR_MONK
55, 5, Settle New City running, TARGET 44:29
55, Settle New City, 5, , Battle line, 536870943:71, 0 endangered
55, 5, Settle New City, ,0, Ready, UNIT_SETTLER; UNIT_CROSSBOWMAN; UNIT_MAN_AT_ARMS; 
55, 5, City Defense running, TARGET 35:74
55, City Defense, 5, , Battle line, 195225818:73, 2 endangered
55, 5, City Defense, ,0, Not Ready, UNIT_MUSKETMAN; UNIT_MUSKETMAN; UNIT_SKIRMISHER; UNIT_VAMPIRE; UNIT_PIKE_AND_SHOT; UNIT_MACEDONIAN_HETAIROI; 
55, 5, Naval Superiority running, TARGET 15:71
55, 5, Naval Superiority, ,0, Not Ready, 
55, City Defense, 5, , Battle line, 195225818:73, 2 endangered
55, 5, City Defense, No recruits to reach minimum, , , 
55, 5, City Defense, Recruiting strength, , Enemy Str: 362 / 55.0, UNIT_KNIGHT
55, 5, City Defense, Recruiting strength, , Enemy Str: 362 / 55.0, UNIT_SKIRMISHER
55, 5, City Defense, Recruiting strength, , Enemy Str: 362 / 55.0, UNIT_PIKE_AND_SHOT
55, 5, City Defense, No recruits to reach minimum, , , 
55, 5, City Defense, No recruits to match strength, , Enemy Str: 362 / 55.0, 
55, City Defense, 5, , Battle line, 195225818:72, 2 endangered
55, 5, City Defense, Operation Recruit, 9 units, Recruited 3, Contract for: UNIT_PIKE_AND_SHOT
55, 5, City Defense, Operation Protect Units, UNIT_SKIRMISHER, Move 32 80
55, 5, City Defense, Op Attack Units Targets, Target 0, Owner 1, UNIT_BABYLONIAN_SABUM_KIBITTUM, 32:67
55, 5, City Defense, Operation Attack Units, UNIT_MACEDONIAN_HETAIROI, At 32:66, Move 32:66, Attack 32:67
55, 5, City Defense, Operation Attack Units, UNIT_KNIGHT, At 29:67, Move 31:67, Attack -9999:-9999
55, 5, City Defense, Operation Attack Units, UNIT_SKIRMISHER, At 29:68, Move 32:68, Attack -9999:-9999
55, 5, City Defense, Operation Move, UNIT_MUSKETMAN, 29:73, 34:74, 31:73
55, 5, City Defense, Operation Move, UNIT_VAMPIRE, 30:76, 34:74, 32:76
55, 5, City Defense, Operation Move, UNIT_MUSKETMAN, 28:75, 34:74, 30:76
55, 5, City Defense, Operation Move, UNIT_PIKE_AND_SHOT, 29:68, 34:74, 30:70
55, 5, Settle New City, No recruits to reach minimum, , , 
55, 5, Settle New City, No recruits to match strength, , Enemy Str: 0 / 55.0, 
55, 5, Settle New City, No recruits to reach minimum, , , 
55, 5, Settle New City, No recruits to match strength, , Enemy Str: 0 / 55.0, 
55, 5, Settle New City, Operation Recruit, 3 units, Recruited 0, Contract for: UNIT_KNIGHT
55, 5, Settle New City, Operation Move, UNIT_MAN_AT_ARMS, 29:60, 44:29, 30:58
55, 5, Settle New City, Operation Move, UNIT_CROSSBOWMAN, 28:63, 44:29, 29:61
55, 5, Settle New City, Operation Move, UNIT_SETTLER, 31:77, 44:29, 30:76
55, 5, Naval Superiority, No recruits to reach minimum, , , 
55, 5, Naval Superiority, No recruits to reach minimum, , , 
55, 5, Naval Superiority, Operation Recruit, 0 units, Recruited 0, Contract for: UNIT_MACEDONIAN_HETAIROI
55, 6, Naval Superiority running, TARGET 23:56
55, 6, Naval Superiority, ,0, Not Ready, 
55, 6, Settle New City running, TARGET 44:29
55, 6, Settle New City, ,0, Ready, UNIT_SETTLER; UNIT_CATAPULT; UNIT_CROSSBOWMAN; 
55, 6, Settle New City, No recruits to reach minimum, , , 
55, 6, Settle New City, No recruits to match strength, , Enemy Str: 0 / 36.0, 
55, 6, Settle New City, No recruits to reach minimum, , , 
55, 6, Settle New City, No recruits to match strength, , Enemy Str: 0 / 36.0, 
55, 6, Settle New City, Operation Recruit, 3 units, Recruited 0, Contract for: UNIT_SWORDSMAN
55, 6, Settle New City, Operation Move, UNIT_CATAPULT, 22:54, 22:54, 22:54
55, 6, Settle New City, Operation Move, UNIT_CROSSBOWMAN, 22:56, 22:56, 22:56
55, 6, Settle New City, Operation Move, UNIT_SETTLER, 18:58, 22:55, 19:57
55, 6, Naval Superiority, No recruits to reach minimum, , , 
55, 6, Naval Superiority, No recruits to reach minimum, , , 
55, 6, Naval Superiority, Operation Recruit, 0 units, Recruited 0, Contract for: UNIT_GALLEY
55, 7, Settle New City running, TARGET 44:29
55, Settle New City, 7, , Battle line, 15:30, 0 endangered
55, 7, Settle New City, ,0, Not Ready, UNIT_KNIGHT; 
55, 7, Attack Walled City running, TARGET 2:26
55, Attack Walled City, 7, , Battle line, 268435461:30, 0 endangered
55, 7, Attack Walled City, ,0, Ready, UNIT_MAN_AT_ARMS; UNIT_MAN_AT_ARMS; UNIT_MAN_AT_ARMS; UNIT_CROSSBOWMAN; UNIT_MAN_AT_ARMS; UNIT_SKIRMISHER; UNIT_TREBUCHET; 
55, 7, Attack Walled City, ,1, Ready, 
55, 7, Settle New City, No recruits to reach minimum, , , 
55, 7, Settle New City, No recruits to reach minimum, , , 
55, 7, Settle New City, Operation Recruit, 1 units, Recruited 0, Contract for: UNIT_SETTLER
55, 7, Settle New City, Operation Move, UNIT_KNIGHT, 15:30, 15:30, 15:30
55, 7, Attack Walled City, No recruits to reach minimum, , , 
55, 7, Attack Walled City, No recruits to match strength, , Enemy Str: 101 / 144.0, 
55, 7, Attack Walled City, No recruits to reach minimum, , , 
55, 7, Attack Walled City, No recruits to match strength, , Enemy Str: 101 / 108.0, 
55, 7, Attack Walled City, No recruits to reach minimum, , , 
55, 7, Attack Walled City, No recruits to match strength, , Enemy Str: 101 / 144.0, 
55, 7, Attack Walled City, No recruits to reach minimum, , , 
55, 7, Attack Walled City, No recruits to match strength, , Enemy Str: 101 / 108.0, 
55, 7, Attack Walled City, Operation Recruit, 7 units, Recruited 0, Contract for: UNIT_KNIGHT
55, 7, Attack Walled City, Op Attack Units Targets, Target 0, Owner 14, UNIT_CATAPULT, 2:27
55, 7, Attack Walled City, Operation Attack Units, UNIT_SKIRMISHER, At 4:29, Move 3:27, Attack -9999:-9999
55, 7, Attack Walled City, Operation Move, UNIT_MAN_AT_ARMS, 5:30, 3:26, 4:29
55, 7, Attack Walled City, Operation Move, UNIT_MAN_AT_ARMS, 6:30, 3:26, 6:29
55, 7, Attack Walled City, Operation Move, UNIT_MAN_AT_ARMS, 7:30, 3:26, 6:30
55, 7, Attack Walled City, Operation Move, UNIT_MAN_AT_ARMS, 6:33, 3:26, 6:31
55, 7, Attack Walled City, Operation Move, UNIT_CROSSBOWMAN, 8:31, 3:28, 7:30
55, 7, Attack Walled City, Operation Move, UNIT_TREBUCHET, 7:35, 3:28, 6:33
55, 8, Settle New City running, TARGET 44:29
55, Settle New City, 8, , Battle line, 22:19, 0 endangered
55, 8, Settle New City, ,0, Ready, UNIT_MUSKETMAN; UNIT_SETTLER; 
55, 8, Naval Superiority running, TARGET 7:23
55, 8, Naval Superiority, ,0, Not Ready, 
55, 8, Settle New City, No recruits to reach minimum, , , 
55, 8, Settle New City, No recruits to match strength, , Enemy Str: 0 / 55.0, 
55, 8, Settle New City, No recruits to reach minimum, , , 
55, 8, Settle New City, No recruits to match strength, , Enemy Str: 0 / 55.0, 
55, 8, Settle New City, Operation Recruit, 2 units, Recruited 0, Contract for: UNIT_KNIGHT
55, 8, Settle New City, Operation Move, UNIT_MUSKETMAN, 30:20, 44:29, 31:21
55, 8, Settle New City, Operation Move, UNIT_SETTLER, 20:17, 44:29, 23:19
55, 8, Naval Superiority, Recruiting minimums, , , UNIT_GALLEY
55, 8, Naval Superiority, Operation Recruit, 1 units, Recruited 1, Contract for: UNIT_PIKE_AND_SHOT
55, 8, Naval Superiority, No recruits to reach minimum, , , 
55, 8, Naval Superiority, No recruits to match strength, , Enemy Str: 0 / 165.0, 
55, 8, Naval Superiority, Operation Recruit, 1 units, Recruited 0, Contract for: UNIT_PIKE_AND_SHOT
55, 8, Naval Superiority, Operation Move, UNIT_GALLEY, 8:23, 45:19, 8:23
55, 9, Settle New City running, TARGET 44:29
55, Settle New City, 9, , Battle line, 40:14, 0 endangered
55, 9, Settle New City, ,0, Not Ready, UNIT_SETTLER; 
55, 9, City Defense running, TARGET 40:16
55, City Defense, 9, , Battle line, 38:13, 0 endangered
55, 9, City Defense, ,0, Ready, UNIT_CROSSBOWMAN; UNIT_CROSSBOWMAN; UNIT_MUSKETMAN; 
55, City Defense, 9, , Battle line, 38:13, 0 endangered
55, 9, City Defense, No recruits to reach minimum, , , 
55, 9, City Defense, Recruiting strength, , Enemy Str: 123 / 55.0, UNIT_CROSSBOWMAN
55, 9, City Defense, Recruiting strength, , Enemy Str: 123 / 55.0, UNIT_COURSER
55, 9, City Defense, No recruits to reach minimum, , , 
55, 9, City Defense, No recruits to match strength, , Enemy Str: 123 / 55.0, 
55, City Defense, 9, , Battle line, 41:13, 1 endangered
55, 9, City Defense, Operation Recruit, 5 units, Recruited 2, Contract for: UNIT_KNIGHT
55, 9, City Defense, Op Attack Units Targets, Target 0, Owner 4, UNIT_VAMPIRE, 40:7
55, 9, City Defense, Op Attack Units Targets, Target 1, Owner 4, UNIT_CROSSBOWMAN, 41:12
55, 9, City Defense, Op Attack Units Targets, Target 2, Owner 4, UNIT_KNIGHT, 39:13
55, 9, City Defense, Op Attack Units Targets, Target 3, Owner 4, UNIT_CROSSBOWMAN, 41:13
55, 9, City Defense, Op Attack Units Targets, Target 4, Owner 4, UNIT_CROSSBOWMAN, 42:12
55, 9, City Defense, Operation Attack Units, UNIT_CROSSBOWMAN, At 39:15, Move 40:14, Attack -9999:-9999
55, 9, City Defense, Operation Attack Units, UNIT_COURSER, At 40:12, Move 41:14, Attack 41:13
55, 9, City Defense, Operation Attack Units, UNIT_CROSSBOWMAN, At 37:13, Move 39:12, Attack 39:13
55, 9, City Defense, Operation Move, UNIT_CROSSBOWMAN, 40:16, 41:16, 41:16
55, 9, City Defense, Operation Move, UNIT_MUSKETMAN, 39:16, 40:16, 40:16
55, Settle New City, 9, , Battle line, 40:14, 0 endangered
55, 9, Settle New City, Recruiting minimums, , , UNIT_MUSKETMAN
55, 9, Settle New City, Recruiting strength, , Enemy Str: 0 / 55.0, UNIT_MUSKETMAN
55, 9, Settle New City, No recruits to reach minimum, , , 
55, 9, Settle New City, No recruits to match strength, , Enemy Str: 0 / 55.0, 
55, Settle New City, 9, , Battle line, 38:13, 0 endangered
55, 9, Settle New City, Operation Recruit, 2 units, Recruited 1, Contract for: UNIT_PIKE_AND_SHOT
55, 9, Settle New City, Operation Move, UNIT_MUSKETMAN, 37:15, 39:16, 37:15
55, 13, Naval Superiority running, TARGET 56:2
55, 13, Naval Superiority, ,0, Not Ready, 
55, 13, Naval Superiority, No recruits to reach minimum, , , 
55, 13, Naval Superiority, Operation Recruit, 0 units, Recruited 0, Contract for: UNIT_WARRIOR_MONK
55, 14, City Defense, Started
55, 14, Naval Superiority running, TARGET 1:26
55, 14, Naval Superiority, ,0, Not Ready, 
55, 14, City Defense running, TARGET 2:26
55, 14, City Defense, ,0, Not Ready, 
55, 14, City Defense, ,1, Ready, 
55, 14, City Defense, No recruits to reach minimum, , , 
55, 14, City Defense, Recruiting strength, , Enemy Str: 105 / 36.0, UNIT_CROSSBOWMAN
55, 14, City Defense, Recruiting strength, , Enemy Str: 105 / 36.0, UNIT_CATAPULT
55, 14, City Defense, No recruits to reach minimum, , , 
55, 14, City Defense, No recruits to match strength, , Enemy Str: 105 / 36.0, 
55, City Defense, 14, , Battle line, 715827885:27, 0 endangered
55, 14, City Defense, Operation Recruit, 2 units, Recruited 2, Contract for: UNIT_SKIRMISHER
55, 14, City Defense, Op Attack Units Targets, Target 0, Owner 8, UNIT_GALLEY, 3:26
55, 14, City Defense, Op Attack Units Targets, Target 1, Owner 7, UNIT_SKIRMISHER, 4:28
55, 14, City Defense, Op Attack Units Targets, Target 2, Owner 7, UNIT_SKIRMISHER, 3:29
55, 14, City Defense, Operation Attack Units, UNIT_CATAPULT, At 2:27, Move 2:27, Attack 3:26
55, 14, City Defense, Operation Attack Units, UNIT_CROSSBOWMAN, At 2:26, Move 2:26, Attack 3:26
55, 14, Naval Superiority, No recruits to reach minimum, , , 
55, 14, Naval Superiority, Operation Recruit, 0 units, Recruited 0, Contract for: UNIT_WARRIOR_MONK
56, 5, City Defense, Operation complete
56, 5, Settle New City running, TARGET 44:29
56, Settle New City, 5, , Battle line, 536870942:69, 0 endangered
56, 5, Settle New City, ,0, Ready, UNIT_SETTLER; UNIT_CROSSBOWMAN; UNIT_MAN_AT_ARMS; 
56, 5, Naval Superiority running, TARGET 15:71
56, 5, Naval Superiority, ,0, Not Ready, 
56, 5, Settle New City, No recruits to reach minimum, , , 
56, 5, Settle New City, No recruits to match strength, , Enemy Str: 0 / 55.0, 
56, 5, Settle New City, No recruits to reach minimum, , , 
56, 5, Settle New City, No recruits to match strength, , Enemy Str: 0 / 55.0, 
56, 5, Settle New City, Operation Recruit, 3 units, Recruited 0, Contract for: UNIT_KNIGHT
56, 5, Settle New City, Operation Move, UNIT_MAN_AT_ARMS, 30:58, 44:29, 31:56
56, 5, Settle New City, Operation Move, UNIT_CROSSBOWMAN, 29:61, 44:29, 30:59
56, 5, Settle New City, Operation Move, UNIT_SETTLER, 30:76, 44:29, 28:75
56, 5, Naval Superiority, No recruits to reach minimum, , , 
56, 5, Naval Superiority, No recruits to reach minimum, , , 
56, 5, Naval Superiority, Operation Recruit, 0 units, Recruited 0, Contract for: UNIT_MACEDONIAN_HETAIROI
56, 6, Naval Superiority running, TARGET 23:56
56, 6, Naval Superiority, ,0, Not Ready, 
56, 6, Settle New City running, TARGET 44:29
56, 6, Settle New City, ,0, Ready, UNIT_SETTLER; UNIT_CATAPULT; UNIT_CROSSBOWMAN; 
56, 6, Settle New City, No recruits to reach minimum, , , 
56, 6, Settle New City, No recruits to match strength, , Enemy Str: 0 / 36.0, 
56, 6, Settle New City, No recruits to reach minimum, , , 
56, 6, Settle New City, No recruits to match strength, , Enemy Str: 0 / 36.0, 
56, 6, Settle New City, Operation Recruit, 3 units, Recruited 0, Contract for: UNIT_SWORDSMAN
56, 6, Settle New City, Operation Move, UNIT_CROSSBOWMAN, 22:56, 22:56, 22:56
56, 6, Naval Superiority, No recruits to reach minimum, , , 
56, 6, Naval Superiority, Operation Recruit, 0 units, Recruited 0, Contract for: UNIT_GALLEY
56, 7, Settle New City running, TARGET 44:29
56, Settle New City, 7, , Battle line, 153391703:34, 0 endangered
56, 7, Settle New City, ,0, Ready, UNIT_KNIGHT; UNIT_SETTLER; 
56, 7, Attack Walled City running, TARGET 2:26
56, Attack Walled City, 7, , Battle line, 238609299:30, 0 endangered
56, 7, Attack Walled City, ,0, Ready, UNIT_MAN_AT_ARMS; UNIT_MAN_AT_ARMS; UNIT_MAN_AT_ARMS; UNIT_CROSSBOWMAN; UNIT_MAN_AT_ARMS; UNIT_SKIRMISHER; UNIT_TREBUCHET; 
56, 7, Attack Walled City, ,1, Ready, 
56, Settle New City, 7, , Battle line, 153391703:34, 0 endangered
56, 7, Settle New City, No recruits to reach minimum, , , 
56, 7, Settle New City, Recruiting strength, , Enemy Str: 0 / 55.0, UNIT_MUSKETMAN
56, 7, Settle New City, No recruits to reach minimum, , , 
56, 7, Settle New City, No recruits to match strength, , Enemy Str: 0 / 55.0, 
56, Settle New City, 7, , Battle line, 153391702:33, 0 endangered
56, 7, Settle New City, Operation Recruit, 3 units, Recruited 1, Contract for: UNIT_PIKE_AND_SHOT
56, 7, Settle New City, Operation Move, UNIT_MUSKETMAN, 14:32, 14:31, 14:31
56, 7, Attack Walled City, No recruits to reach minimum, , , 
56, 7, Attack Walled City, No recruits to match strength, , Enemy Str: 105 / 144.0, 
56, 7, Attack Walled City, No recruits to reach minimum, , , 
56, 7, Attack Walled City, No recruits to match strength, , Enemy Str: 105 / 108.0, 
56, 7, Attack Walled City, No recruits to reach minimum, , , 
56, 7, Attack Walled City, No recruits to match strength, , Enemy Str: 105 / 144.0, 
56, 7, Attack Walled City, No recruits to reach minimum, , , 
56, 7, Attack Walled City, No recruits to match strength, , Enemy Str: 105 / 108.0, 
56, 7, Attack Walled City, Operation Recruit, 7 units, Recruited 0, Contract for: UNIT_KNIGHT
56, Attack Walled City, 7, , Battle line, 238609299:30, 0 endangered
56, 7, Attack Walled City, No recruits to reach minimum, , , 
56, 7, Attack Walled City, No recruits to match strength, , Enemy Str: 105 / 144.0, 
56, 7, Attack Walled City, No recruits to reach minimum, , , 
56, 7, Attack Walled City, No recruits to match strength, , Enemy Str: 105 / 108.0, 
56, 7, Attack Walled City, No recruits to reach minimum, , , 
56, 7, Attack Walled City, No recruits to match strength, , Enemy Str: 105 / 144.0, 
56, 7, Attack Walled City, No recruits to reach minimum, , , 
56, 7, Attack Walled City, No recruits to match strength, , Enemy Str: 105 / 108.0, 
56, Attack Walled City, 7, , Battle line, 238609299:30, 0 endangered
56, 7, Attack Walled City, Operation Recruit, 7 units, Recruited 0, Contract for: UNIT_KNIGHT
56, 7, Attack Walled City, Op Attack Units Targets, Target 0, Owner 14, UNIT_CATAPULT, 2:27
56, 7, Attack Walled City, Operation Attack Units, UNIT_SKIRMISHER, At 4:28, Move 3:28, Attack 2:27
56, 7, Attack Walled City, Operation Attack Units, UNIT_MAN_AT_ARMS, At 4:29, Move 3:27, Attack -9999:-9999
56, 7, Attack Walled City, Operation Move, UNIT_MAN_AT_ARMS, 5:30, 1:27, 6:30
56, 7, Attack Walled City, Operation Move, UNIT_MAN_AT_ARMS, 6:29, 1:27, 5:30
56, 7, Attack Walled City, Operation Move, UNIT_CROSSBOWMAN, 7:30, 3:27, 6:29
56, 7, Attack Walled City, Operation Move, UNIT_MAN_AT_ARMS, 6:31, 1:27, 5:31
56, 7, Attack Walled City, Operation Move, UNIT_TREBUCHET, 6:33, 3:27, 6:31
56, 7, Attack Walled City, Operation Move, UNIT_MAN_AT_ARMS, 6:30, 1:27, 6:30
56, 7, Attack Walled City, Operation Move, UNIT_CROSSBOWMAN, 6:29, 3:27, 6:29
56, 8, Settle New City running, TARGET 44:29
56, Settle New City, 8, , Battle line, 24:21, 0 endangered
56, 8, Settle New City, ,0, Ready, UNIT_MUSKETMAN; UNIT_SETTLER; 
56, 8, Naval Superiority running, TARGET 46:19
56, 8, Naval Superiority, ,0, Not Ready, 
56, 8, Settle New City, No recruits to reach minimum, , , 
56, 8, Settle New City, No recruits to match strength, , Enemy Str: 0 / 55.0, 
56, 8, Settle New City, No recruits to reach minimum, , , 
56, 8, Settle New City, No recruits to match strength, , Enemy Str: 0 / 55.0, 
56, 8, Settle New City, Operation Recruit, 2 units, Recruited 0, Contract for: UNIT_KNIGHT
56, 8, Settle New City, Operation Move, UNIT_MUSKETMAN, 31:21, 44:29, 33:20
56, 8, Settle New City, Operation Move, UNIT_SETTLER, 23:19, 44:29, 25:20
56, 8, Naval Superiority, No recruits to reach minimum, , , 
56, 8, Naval Superiority, No recruits to match strength, , Enemy Str: 84 / 165.0, 
56, 8, Naval Superiority, Operation Recruit, 0 units, Recruited 0, Contract for: UNIT_PIKE_AND_SHOT
56, 8, Naval Superiority, Operation complete
56, 9, Settle New City running, TARGET 44:29
56, Settle New City, 9, , Battle line, 38:14, 0 endangered
56, 9, Settle New City, ,0, Ready, UNIT_SETTLER; UNIT_MUSKETMAN; 
56, 9, City Defense running, TARGET 40:16
56, City Defense, 9, , Battle line, 39:14, 0 endangered
56, 9, City Defense, ,0, Ready, UNIT_CROSSBOWMAN; UNIT_MUSKETMAN; 
56, City Defense, 9, , Battle line, 39:14, 0 endangered
56, 9, City Defense, No recruits to reach minimum, , , 
56, 9, City Defense, Recruiting strength, , Enemy Str: 144 / 55.0, UNIT_KNIGHT
56, 9, City Defense, Recruiting strength, , Enemy Str: 144 / 55.0, UNIT_MUSKETMAN
56, 9, City Defense, No recruits to reach minimum, , , 
56, 9, City Defense, No recruits to match strength, , Enemy Str: 144 / 55.0, 
56, City Defense, 9, , Battle line, 38:13, 0 endangered
56, 9, City Defense, Operation Recruit, 4 units, Recruited 2, Contract for: UNIT_KNIGHT
56, 9, City Defense, Op Attack Units Targets, Target 0, Owner 4, UNIT_CROSSBOWMAN, 40:12
56, 9, City Defense, Op Attack Units Targets, Target 1, Owner 4, UNIT_CROSSBOWMAN, 40:13
56, 9, City Defense, Op Attack Units Targets, Target 2, Owner 4, UNIT_CROSSBOWMAN, 41:13
56, 9, City Defense, Op Attack Units Targets, Target 3, Owner 4, UNIT_KNIGHT, 40:14
56, 9, City Defense, Op Attack Units Targets, Target 4, Owner 4, UNIT_VAMPIRE, 41:18
56, 9, City Defense, Op Attack Units Targets, Target 5, Owner 4, UNIT_CROSSBOWMAN, 41:12
56, 9, City Defense, Operation Attack Units, UNIT_MUSKETMAN, At 41:16, Move 40:18, Attack -9999:-9999
56, 9, City Defense, Operation Attack Units, UNIT_KNIGHT, At 36:13, Move 39:12, Attack 40:12
56, 9, City Defense, Operation Move, UNIT_MUSKETMAN, 35:13, 39:16, 36:13
56, Settle New City, 9, , Battle line, 38:14, 0 endangered
56, 9, Settle New City, No recruits to reach minimum, , , 
56, 9, Settle New City, No recruits to match strength, , Enemy Str: 0 / 55.0, 
56, 9, Settle New City, No recruits to reach minimum, , , 
56, 9, Settle New City, No recruits to match strength, , Enemy Str: 0 / 55.0, 
56, Settle New City, 9, , Battle line, 38:14, 0 endangered
56, 9, Settle New City, Operation Recruit, 2 units, Recruited 0, Contract for: UNIT_PIKE_AND_SHOT
56, 9, Settle New City, Operation Move, UNIT_SETTLER, 37:15, 39:16, 39:16
56, 9, Settle New City, Operation Move, UNIT_MUSKETMAN, 39:16, 39:16, 39:16
56, 13, Naval Superiority running, TARGET 56:2
56, 13, Naval Superiority, ,0, Not Ready, 
56, 13, Naval Superiority, No recruits to reach minimum, , , 
56, 13, Naval Superiority, Operation Recruit, 0 units, Recruited 0, Contract for: UNIT_WARRIOR_MONK
56, 14, Naval Superiority running, TARGET 1:26
56, 14, Naval Superiority, ,0, Not Ready, 
56, 14, City Defense running, TARGET 2:26
56, City Defense, 14, , Battle line, 715827885:27, 0 endangered
56, 14, City Defense, ,0, Not Ready, UNIT_CROSSBOWMAN; UNIT_CATAPULT; 
56, 14, City Defense, ,1, Ready, 
56, City Defense, 14, , Battle line, 715827885:27, 0 endangered
56, 14, City Defense, No recruits to reach minimum, , , 
56, 14, City Defense, Recruiting strength, , Enemy Str: 151 / 36.0, UNIT_CROSSBOWMAN
56, 14, City Defense, No recruits to reach minimum, , , 
56, 14, City Defense, No recruits to match strength, , Enemy Str: 151 / 36.0, 
56, City Defense, 14, , Battle line, 715827885:27, 0 endangered
56, 14, City Defense, Operation Recruit, 3 units, Recruited 1, Contract for: UNIT_SKIRMISHER
56, 14, City Defense, Op Attack Units Targets, Target 0, Owner 7, UNIT_SKIRMISHER, 3:28
56, 14, City Defense, Op Attack Units Targets, Target 1, Owner 7, UNIT_MAN_AT_ARMS, 4:28
56, 14, City Defense, Operation Attack Units, UNIT_CROSSBOWMAN, At 2:26, Move 2:26, Attack 3:28
56, 14, City Defense, Operation Attack Units, UNIT_CATAPULT, At 2:27, Move 2:27, Attack 3:28
56, 14, City Defense, Operation Move, UNIT_CROSSBOWMAN, 2:26, 1:27, 1:27
56, 14, Naval Superiority, No recruits to reach minimum, , , 
56, 14, Naval Superiority, Operation Recruit, 0 units, Recruited 0, Contract for: UNIT_WARRIOR_MONK
56, 18, City Defense, Started
56, 18, City Defense, Operation complete
56, 18, City Defense running, TARGET 35:74
56, 18, City Defense, ,0, Not Ready, 
56, 18, City Defense, Operation Recruit, 0 units, Recruited 0, Contract for: UNIT_CATAPULT
56, 18, City Defense, Operation complete
57, 5, Settle New City running, TARGET 44:29
57, Settle New City, 5, , Battle line, 429496760:68, 0 endangered
57, 5, Settle New City, ,0, Ready, UNIT_SETTLER; UNIT_CROSSBOWMAN; UNIT_MAN_AT_ARMS; 
57, 5, Naval Superiority running, TARGET 15:71
57, 5, Naval Superiority, ,0, Not Ready, 
57, 5, Settle New City, No recruits to reach minimum, , , 
57, 5, Settle New City, No recruits to match strength, , Enemy Str: 0 / 55.0, 
57, 5, Settle New City, No recruits to reach minimum, , , 
57, 5, Settle New City, No recruits to match strength, , Enemy Str: 0 / 55.0, 
57, 5, Settle New City, Operation Recruit, 3 units, Recruited 0, Contract for: UNIT_KNIGHT
57, 5, Settle New City, Operation Move, UNIT_MAN_AT_ARMS, 31:56, 44:29, 32:54
57, 5, Settle New City, Operation Move, UNIT_CROSSBOWMAN, 30:59, 44:29, 31:57
57, 5, Settle New City, Operation Move, UNIT_SETTLER, 28:75, 44:29, 27:73
57, 5, Naval Superiority, No recruits to reach minimum, , , 
57, 5, Naval Superiority, Operation Recruit, 0 units, Recruited 0, Contract for: UNIT_MACEDONIAN_HETAIROI
57, 6, Naval Superiority running, TARGET 23:56
57, 6, Naval Superiority, ,0, Not Ready, 
57, 6, Settle New City running, TARGET 44:29
57, Settle New City, 6, , Battle line, 1073741845:57, 0 endangered
57, 6, Settle New City, ,0, Ready, UNIT_SETTLER; UNIT_CATAPULT; UNIT_CROSSBOWMAN; 
57, 6, Settle New City, No recruits to reach minimum, , , 
57, 6, Settle New City, No recruits to match strength, , Enemy Str: 0 / 46.0, 
57, 6, Settle New City, No recruits to reach minimum, , , 
57, 6, Settle New City, No recruits to match strength, , Enemy Str: 0 / 46.0, 
57, 6, Settle New City, Operation Recruit, 3 units, Recruited 0, Contract for: UNIT_SWORDSMAN
57, 6, Settle New City, Operation Move, UNIT_CROSSBOWMAN, 22:56, 22:56, 22:56
57, 6, Settle New City, Operation Move, UNIT_SETTLER, 21:56, 21:55, 21:55
57, 6, Settle New City, Operation Move, UNIT_CATAPULT, 21:55, 21:55, 21:55
57, 6, Naval Superiority, No recruits to reach minimum, , , 
57, 6, Naval Superiority, Operation Recruit, 0 units, Recruited 0, Contract for: UNIT_GALLEY
57, 7, Settle New City running, TARGET 44:29
57, Settle New City, 7, , Battle line, 89478497:35, 0 endangered
57, 7, Settle New City, ,0, Ready, UNIT_KNIGHT; UNIT_SETTLER; UNIT_MUSKETMAN; 
57, 7, Attack Walled City running, TARGET 2:26
57, Attack Walled City, 7, , Battle line, 268435460:29, 0 endangered
57, 7, Attack Walled City, ,0, Ready, UNIT_MAN_AT_ARMS; UNIT_MAN_AT_ARMS; UNIT_MAN_AT_ARMS; UNIT_CROSSBOWMAN; UNIT_MAN_AT_ARMS; UNIT_SKIRMISHER; UNIT_TREBUCHET; 
57, 7, Attack Walled City, ,1, Ready, 
57, Settle New City, 7, , Battle line, 89478497:35, 0 endangered
57, 7, Settle New City, No recruits to reach minimum, , , 
57, 7, Settle New City, No recruits to match strength, , Enemy Str: 0 / 55.0, 
57, 7, Settle New City, No recruits to reach minimum, , , 
57, 7, Settle New City, No recruits to match strength, , Enemy Str: 0 / 55.0, 
57, Settle New City, 7, , Battle line, 89478497:35, 0 endangered
57, 7, Settle New City, Operation Recruit, 3 units, Recruited 0, Contract for: UNIT_PIKE_AND_SHOT
57, 7, Settle New City, Operation Move, UNIT_MUSKETMAN, 14:31, 14:31, 14:31
57, 7, Settle New City, Operation Move, UNIT_KNIGHT, 13:35, 15:31, 14:34
57, 7, Settle New City, Operation Move, UNIT_SETTLER, 14:34, 15:31, 14:34
57, 7, Attack Walled City, No recruits to reach minimum, , , 
57, 7, Attack Walled City, Recruiting strength, , Enemy Str: 142 / 144.0, UNIT_SKIRMISHER
57, 7, Attack Walled City, No recruits to reach minimum, , , 
57, 7, Attack Walled City, No recruits to match strength, , Enemy Str: 142 / 108.0, 
57, 7, Attack Walled City, No recruits to reach minimum, , , 
57, 7, Attack Walled City, No recruits to match strength, , Enemy Str: 142 / 144.0, 
57, 7, Attack Walled City, No recruits to reach minimum, , , 
57, 7, Attack Walled City, No recruits to match strength, , Enemy Str: 142 / 108.0, 
57, Attack Walled City, 7, , Battle line, 268435460:29, 0 endangered
57, 7, Attack Walled City, Operation Recruit, 8 units, Recruited 1, Contract for: UNIT_KNIGHT
57, 7, Attack Walled City, Op Attack Units Targets, Target 0, Owner 14, UNIT_CROSSBOWMAN, 1:27
57, 7, Attack Walled City, Op Attack Units Targets, Target 1, Owner 14, UNIT_CATAPULT, 2:27
57, 7, Attack Walled City, Operation Attack Units, UNIT_MAN_AT_ARMS, At 4:28, Move 3:27, Attack 2:27
57, 7, Attack Walled City, Operation Attack Units, UNIT_SKIRMISHER, At 3:28, Move 2:27, Attack -9999:-9999
57, 7, Attack Walled City, Operation Attack Units, UNIT_SKIRMISHER, At 4:29, Move 3:28, Attack -9999:-9999
57, 7, Attack Walled City, Operation Move, UNIT_MAN_AT_ARMS, 5:30, 3:26, 7:30
57, 7, Attack Walled City, Operation Move, UNIT_MAN_AT_ARMS, 6:30, 3:26, 5:30
57, 7, Attack Walled City, Operation Move, UNIT_CROSSBOWMAN, 6:29, 3:27, 6:28
57, 7, Attack Walled City, Operation Move, UNIT_MAN_AT_ARMS, 5:31, 3:26, 6:30
57, 7, Attack Walled City, Operation Move, UNIT_TREBUCHET, 6:31, 3:27, 6:29
57, 8, Settle New City running, TARGET 44:29
57, Settle New City, 8, , Battle line, 26:20, 0 endangered
57, 8, Settle New City, ,0, Ready, UNIT_MUSKETMAN; UNIT_SETTLER; 
57, 8, Naval Superiority, Started
57, 8, Settle New City, No recruits to reach minimum, , , 
57, 8, Settle New City, No recruits to match strength, , Enemy Str: 0 / 55.0, 
57, 8, Settle New City, No recruits to reach minimum, , , 
57, 8, Settle New City, No recruits to match strength, , Enemy Str: 0 / 55.0, 
57, 8, Settle New City, Operation Recruit, 2 units, Recruited 0, Contract for: UNIT_KNIGHT
57, 8, Settle New City, Operation Move, UNIT_MUSKETMAN, 33:20, 44:29, 34:19
57, 8, Settle New City, Operation Move, UNIT_SETTLER, 25:20, 44:29, 30:20
57, 8, Naval Superiority, No recruits to reach minimum, , , 
57, 8, Naval Superiority, Operation Recruit, 0 units, Recruited 0, Contract for: UNIT_PIKE_AND_SHOT
57, 9, Settle New City running, TARGET 44:29
57, Settle New City, 9, , Battle line, 39:14, 0 endangered
57, 9, Settle New City, ,0, Ready, UNIT_SETTLER; UNIT_MUSKETMAN; 
57, 9, City Defense running, TARGET 40:16
57, City Defense, 9, , Battle line, 39:14, 0 endangered
57, 9, City Defense, ,0, Ready, UNIT_CROSSBOWMAN; UNIT_MUSKETMAN; UNIT_MUSKETMAN; 
57, City Defense, 9, , Battle line, 39:14, 0 endangered
57, 9, City Defense, No recruits to reach minimum, , , 
57, 9, City Defense, Recruiting strength, , Enemy Str: 185 / 55.0, UNIT_MUSKETMAN
57, 9, City Defense, Recruiting strength, , Enemy Str: 185 / 55.0, UNIT_COURSER
57, City Defense, 9, , Battle line, 39:13, 0 endangered
57, 9, City Defense, Operation Recruit, 5 units, Recruited 2, Contract for: UNIT_KNIGHT
57, 9, City Defense, Operation Protect Units, UNIT_COURSER, Fortify
57, 9, City Defense, Op Attack Units Targets, Target 0, Owner 4, UNIT_CROSSBOWMAN, 40:12
57, 9, City Defense, Op Attack Units Targets, Target 1, Owner 4, UNIT_CROSSBOWMAN, 39:13
57, 9, City Defense, Op Attack Units Targets, Target 2, Owner 4, UNIT_CROSSBOWMAN, 40:13
57, 9, City Defense, Op Attack Units Targets, Target 3, Owner 4, UNIT_KNIGHT, 40:14
57, 9, City Defense, Op Attack Units Targets, Target 4, Owner 4, UNIT_BUILDER, 41:15
57, 9, City Defense, Op Attack Units Targets, Target 5, Owner 4, UNIT_VAMPIRE, 41:18
57, 9, City Defense, Op Attack Units Targets, Target 6, Owner 4, UNIT_CROSSBOWMAN, 41:12
57, 9, City Defense, Operation Attack Units, UNIT_CROSSBOWMAN, At 40:16, Move 40:16, Attack 41:18
57, 9, City Defense, Operation Attack Units, UNIT_MUSKETMAN, At 38:12, Move 39:12, Attack 39:13
57, 9, City Defense, Operation Attack Units, UNIT_MUSKETMAN, At 40:17, Move 40:15, Attack 41:15
57, 9, Civilian Builder Capture, Started
57, 9, City Defense, Operation Move, UNIT_MUSKETMAN, 36:13, 39:15, 38:15
57, 9, Settle New City, No recruits to reach minimum, , , 
57, 9, Settle New City, No recruits to match strength, , Enemy Str: 0 / 55.0, 
57, 9, Settle New City, Operation Recruit, 2 units, Recruited 0, Contract for: UNIT_PIKE_AND_SHOT
57, Settle New City, 9, , Battle line, 39:14, 0 endangered
57, 9, Settle New City, No recruits to reach minimum, , , 
57, 9, Settle New City, No recruits to match strength, , Enemy Str: 0 / 55.0, 
57, Settle New City, 9, , Battle line, 39:14, 0 endangered
57, 9, Settle New City, Operation Recruit, 2 units, Recruited 0, Contract for: UNIT_PIKE_AND_SHOT
57, 9, Settle New City, Operation Move, UNIT_SETTLER, 39:16, 39:16, 39:16
57, 9, Settle New City, Operation Move, UNIT_MUSKETMAN, 39:16, 39:16, 39:16
57, 9, Settle New City, Operation Move, UNIT_SETTLER, 39:16, 44:29, 38:19
57, 9, Settle New City, Operation Move, UNIT_MUSKETMAN, 38:19, 44:29, 38:19
57, 9, Civilian Builder Capture, Operation Change Target INVALID, No backup
57, 9, Civilian Builder Capture, Operation complete
57, 13, Naval Superiority running, TARGET 56:2
57, 13, Naval Superiority, ,0, Not Ready, 
57, 13, Naval Superiority, No recruits to reach minimum, , , 
57, 13, Naval Superiority, Operation Recruit, 0 units, Recruited 0, Contract for: UNIT_WARRIOR_MONK
57, 14, Naval Superiority running, TARGET 1:26
57, 14, Naval Superiority, ,0, Not Ready, 
57, 14, City Defense running, TARGET 2:26
57, City Defense, 14, , Battle line, 1073741826:26, 0 endangered
57, 14, City Defense, ,0, Not Ready, UNIT_CROSSBOWMAN; UNIT_CROSSBOWMAN; 
57, 14, City Defense, ,1, Ready, 
57, 14, City Defense, No recruits to reach minimum, , , 
57, 14, City Defense, No recruits to match strength, , Enemy Str: 136 / 36.0, 
57, 14, City Defense, No recruits to reach minimum, , , 
57, 14, City Defense, No recruits to match strength, , Enemy Str: 136 / 36.0, 
57, 14, City Defense, Operation Recruit, 2 units, Recruited 0, Contract for: UNIT_SKIRMISHER
57, 14, City Defense, Op Attack Units Targets, Target 0, Owner 7, UNIT_MAN_AT_ARMS, 2:27
57, 14, City Defense, Op Attack Units Targets, Target 1, Owner 7, UNIT_SKIRMISHER, 3:28
57, 14, City Defense, Operation Attack Units, UNIT_CROSSBOWMAN, At 2:26, Move 2:26, Attack 3:28
57, 14, City Defense, Operation Attack Units, UNIT_CROSSBOWMAN, At 1:27, Move 1:27, Attack 3:28
57, 14, Naval Superiority, No recruits to reach minimum, , , 
57, 14, Naval Superiority, Operation Recruit, 0 units, Recruited 0, Contract for: UNIT_WARRIOR_MONK
57, 18, City Defense, Started
57, 18, City Defense running, TARGET 35:74
57, 18, City Defense, ,0, Not Ready, 
57, 18, City Defense, Operation Recruit, 0 units, Recruited 0, Contract for: UNIT_CATAPULT
57, 18, City Defense, Operation complete
58, 5, Settle New City running, TARGET 44:29
58, 5, Settle New City, ,0, Ready, UNIT_SETTLER; UNIT_CROSSBOWMAN; UNIT_MAN_AT_ARMS; 
58, 5, Naval Superiority running, TARGET 15:71
58, 5, Naval Superiority, ,0, Not Ready, 
58, 5, Settle New City, No recruits to reach minimum, , , 
58, 5, Settle New City, No recruits to match strength, , Enemy Str: 0 / 55.0, 
58, 5, Settle New City, No recruits to reach minimum, , , 
58, 5, Settle New City, No recruits to match strength, , Enemy Str: 0 / 55.0, 
58, 5, Settle New City, Operation Recruit, 3 units, Recruited 0, Contract for: UNIT_KNIGHT
58, 5, Settle New City, Operation Move, UNIT_MAN_AT_ARMS, 32:54, 44:29, 33:52
58, 5, Settle New City, Operation Move, UNIT_CROSSBOWMAN, 31:57, 44:29, 32:55
58, 5, Settle New City, Operation Move, UNIT_SETTLER, 27:73, 44:29, 28:72
58, 5, Naval Superiority, No recruits to reach minimum, , , 
58, 5, Naval Superiority, No recruits to reach minimum, , , 
58, 5, Naval Superiority, Operation Recruit, 0 units, Recruited 0, Contract for: UNIT_MACEDONIAN_HETAIROI
58, 6, Naval Superiority running, TARGET 23:56
58, 6, Naval Superiority, ,0, Not Ready, 
58, 6, Settle New City running, TARGET 44:29
58, Settle New City, 6, , Battle line, 1073741844:55, 0 endangered
58, 6, Settle New City, ,0, Ready, UNIT_SETTLER; UNIT_CATAPULT; 
58, Settle New City, 6, , Battle line, 1073741844:55, 0 endangered
58, 6, Settle New City, No recruits to reach minimum, , , 
58, 6, Settle New City, Recruiting strength, , Enemy Str: 0 / 46.0, UNIT_CROSSBOWMAN
58, 6, Settle New City, No recruits to reach minimum, , , 
58, 6, Settle New City, No recruits to match strength, , Enemy Str: 0 / 46.0, 
58, Settle New City, 6, , Battle line, 1073741844:55, 0 endangered
58, 6, Settle New City, Operation Recruit, 3 units, Recruited 1, Contract for: UNIT_SWORDSMAN
58, Settle New City, 6, , Battle line, 1073741844:55, 0 endangered
58, 6, Settle New City, No recruits to reach minimum, , , 
58, 6, Settle New City, No recruits to match strength, , Enemy Str: 0 / 46.0, 
58, 6, Settle New City, No recruits to reach minimum, , , 
58, 6, Settle New City, No recruits to match strength, , Enemy Str: 0 / 46.0, 
58, Settle New City, 6, , Battle line, 1073741844:55, 0 endangered
58, 6, Settle New City, Operation Recruit, 3 units, Recruited 0, Contract for: UNIT_SWORDSMAN
58, 6, Settle New City, Operation Move, UNIT_CROSSBOWMAN, 22:55, 22:56, 22:56
58, 6, Settle New City, Operation Move, UNIT_SETTLER, 21:55, 21:55, 21:55
58, 6, Settle New City, Operation Move, UNIT_CATAPULT, 21:55, 21:55, 21:55
58, 6, Settle New City, Operation Move, UNIT_SETTLER, 21:55, 44:29, 23:54
58, 6, Settle New City, Operation Move, UNIT_CATAPULT, 23:54, 44:29, 23:54
58, 6, Settle New City, Operation Move, UNIT_CROSSBOWMAN, 22:56, 44:29, 22:55
58, 6, Naval Superiority, No recruits to reach minimum, , , 
58, 6, Naval Superiority, No recruits to reach minimum, , , 
58, 6, Naval Superiority, Operation Recruit, 0 units, Recruited 0, Contract for: UNIT_GALLEY
58, 7, Settle New City running, TARGET 44:29
58, Settle New City, 7, , Battle line, 85899359:34, 0 endangered
58, 7, Settle New City, ,0, Ready, UNIT_KNIGHT; UNIT_SETTLER; 
58, 7, Attack Walled City running, TARGET 2:26
58, Attack Walled City, 7, , Battle line, 357913946:28, 0 endangered
58, 7, Attack Walled City, ,0, Ready, UNIT_MAN_AT_ARMS; UNIT_MAN_AT_ARMS; UNIT_MAN_AT_ARMS; UNIT_CROSSBOWMAN; UNIT_MAN_AT_ARMS; UNIT_TREBUCHET; UNIT_SKIRMISHER; 
58, 7, Attack Walled City, ,1, Ready, 
58, Settle New City, 7, , Battle line, 85899359:34, 0 endangered
58, 7, Settle New City, No recruits to reach minimum, , , 
58, 7, Settle New City, Recruiting strength, , Enemy Str: 0 / 55.0, UNIT_MUSKETMAN
58, 7, Settle New City, No recruits to reach minimum, , , 
58, 7, Settle New City, No recruits to match strength, , Enemy Str: 0 / 55.0, 
58, Settle New City, 7, , Battle line, 85899358:33, 0 endangered
58, 7, Settle New City, Operation Recruit, 3 units, Recruited 1, Contract for: UNIT_PIKE_AND_SHOT
58, 7, Settle New City, Operation Move, UNIT_MUSKETMAN, 15:30, 14:31, 14:31
58, 7, Settle New City, Operation Move, UNIT_KNIGHT, 14:34, 15:31, 13:33
58, 7, Settle New City, Operation Move, UNIT_SETTLER, 13:33, 15:31, 13:33
58, 7, Attack Walled City, No recruits to reach minimum, , , 
58, 7, Attack Walled City, No recruits to match strength, , Enemy Str: 142 / 144.0, 
58, 7, Attack Walled City, No recruits to reach minimum, , , 
58, 7, Attack Walled City, No recruits to match strength, , Enemy Str: 142 / 108.0, 
58, 7, Attack Walled City, No recruits to reach minimum, , , 
58, 7, Attack Walled City, No recruits to match strength, , Enemy Str: 142 / 144.0, 
58, 7, Attack Walled City, No recruits to reach minimum, , , 
58, 7, Attack Walled City, No recruits to match strength, , Enemy Str: 142 / 108.0, 
58, 7, Attack Walled City, Operation Recruit, 7 units, Recruited 0, Contract for: UNIT_KNIGHT
58, 7, Attack Walled City, Op Attack Units Targets, Target 0, Owner 14, UNIT_CROSSBOWMAN, 1:27
58, 7, Attack Walled City, Operation Attack Units, UNIT_MAN_AT_ARMS, At 2:27, Move 2:27, Attack 1:27
58, 7, Attack Walled City, Operation Move, UNIT_SKIRMISHER, 4:29, 1:27, 4:29
58, 7, Attack Walled City, Operation Move, UNIT_MAN_AT_ARMS, 5:30, 3:26, 5:29
58, 7, Attack Walled City, Operation Move, UNIT_CROSSBOWMAN, 6:28, 3:28, 6:27
58, 7, Attack Walled City, Operation Move, UNIT_MAN_AT_ARMS, 6:30, 3:26, 5:30
58, 7, Attack Walled City, Operation Move, UNIT_TREBUCHET, 6:29, 3:28, 6:30
58, 7, Attack Walled City, Operation Move, UNIT_MAN_AT_ARMS, 7:30, 3:26, 8:29
58, 8, Settle New City running, TARGET 44:29
58, Settle New City, 8, , Battle line, 29:18, 0 endangered
58, 8, Settle New City, ,0, Ready, UNIT_MUSKETMAN; UNIT_SETTLER; 
58, 8, Naval Superiority running, TARGET 7:23
58, 8, Naval Superiority, ,0, Not Ready, 
58, 8, Settle New City, No recruits to reach minimum, , , 
58, 8, Settle New City, No recruits to match strength, , Enemy Str: 0 / 55.0, 
58, 8, Settle New City, No recruits to reach minimum, , , 
58, 8, Settle New City, No recruits to match strength, , Enemy Str: 0 / 55.0, 
58, 8, Settle New City, Operation Recruit, 2 units, Recruited 0, Contract for: UNIT_KNIGHT
58, 8, Settle New City, Operation Move, UNIT_MUSKETMAN, 34:19, 44:29, 36:19
58, 8, Settle New City, Operation Move, UNIT_SETTLER, 30:20, 44:29, 31:21
58, 8, Naval Superiority, No recruits to reach minimum, , , 
58, 8, Naval Superiority, Operation Recruit, 0 units, Recruited 0, Contract for: UNIT_PIKE_AND_SHOT
58, 9, Settle New City running, TARGET 44:29
58, Settle New City, 9, , Battle line, 38:17, 0 endangered
58, 9, Settle New City, ,0, Ready, UNIT_SETTLER; UNIT_MUSKETMAN; 
58, 9, City Defense running, TARGET 40:16
58, City Defense, 9, , Battle line, 39:13, 2 endangered
58, 9, City Defense, ,0, Ready, UNIT_CROSSBOWMAN; UNIT_MUSKETMAN; UNIT_MUSKETMAN; UNIT_MUSKETMAN; UNIT_COURSER; 
58, City Defense, 9, , Battle line, 39:13, 2 endangered
58, 9, City Defense, No recruits to reach minimum, , , 
58, 9, City Defense, Recruiting strength, , Enemy Str: 232 / 55.0, UNIT_CROSSBOWMAN
58, City Defense, 9, , Battle line, 39:13, 2 endangered
58, 9, City Defense, Operation Recruit, 6 units, Recruited 1, Contract for: UNIT_KNIGHT
58, 9, City Defense, Op Attack Units Targets, Target 0, Owner 4, UNIT_CROSSBOWMAN, 40:12
58, 9, City Defense, Op Attack Units Targets, Target 1, Owner 4, UNIT_CROSSBOWMAN, 41:13
58, 9, City Defense, Op Attack Units Targets, Target 2, Owner 4, UNIT_CROSSBOWMAN, 41:14
58, 9, City Defense, Op Attack Units Targets, Target 3, Owner 4, UNIT_KNIGHT, 40:15
58, 9, City Defense, Op Attack Units Targets, Target 4, Owner 4, UNIT_GREAT_GENERAL, 42:15
58, 9, City Defense, Op Attack Units Targets, Target 5, Owner 4, UNIT_VAMPIRE, 40:17
58, 9, City Defense, Op Attack Units Targets, Target 6, Owner 4, UNIT_CROSSBOWMAN, 41:18
58, 9, City Defense, Operation Attack Units, UNIT_MUSKETMAN, At 41:15, Move 41:15, Attack -9999:-9999
58, 9, City Defense, Operation Attack Units, UNIT_CROSSBOWMAN, At 36:13, Move 38:12, Attack 40:12
58, 9, City Defense, Operation Attack Units, UNIT_MUSKETMAN, At 38:15, Move 40:16, Attack 40:17
58, 9, City Defense, Operation Attack Units, UNIT_MUSKETMAN, At 39:12, Move 40:13, Attack -9999:-9999
58, 9, City Defense, Operation Attack Units, UNIT_COURSER, At 36:14, Move 40:18, Attack -9999:-9999
58, 9, City Defense, Operation Move, UNIT_CROSSBOWMAN, 40:16, 39:16, 39:16
58, 9, Settle New City, No recruits to reach minimum, , , 
58, 9, Settle New City, No recruits to match strength, , Enemy Str: 0 / 55.0, 
58, 9, Settle New City, Operation Recruit, 2 units, Recruited 0, Contract for: UNIT_PIKE_AND_SHOT
58, 9, Settle New City, Operation Move, UNIT_SETTLER, 38:19, 44:29, 38:20
58, 9, Settle New City, Operation Move, UNIT_MUSKETMAN, 38:20, 44:29, 38:20
58, 13, Naval Superiority running, TARGET 56:2
58, 13, Naval Superiority, ,0, Not Ready, 
58, 13, Naval Superiority, No recruits to reach minimum, , , 
58, 13, Naval Superiority, Operation Recruit, 0 units, Recruited 0, Contract for: UNIT_WARRIOR_MONK
58, 14, Naval Superiority running, TARGET 1:26
58, 14, Naval Superiority, ,0, Not Ready, 
58, 14, City Defense running, TARGET 2:26
58, City Defense, 14, , Battle line, 2:26, 0 endangered
58, 14, City Defense, ,0, Ready, UNIT_CROSSBOWMAN; UNIT_CROSSBOWMAN; 
58, 14, City Defense, ,1, Ready, 
58, 14, City Defense, No recruits to reach minimum, , , 
58, 14, City Defense, No recruits to match strength, , Enemy Str: 74 / 36.0, 
58, 14, City Defense, No recruits to reach minimum, , , 
58, 14, City Defense, No recruits to match strength, , Enemy Str: 74 / 36.0, 
58, 14, City Defense, Operation Recruit, 2 units, Recruited 0, Contract for: UNIT_SKIRMISHER
58, 14, City Defense, Op Attack Units Targets, Target 0, Owner 7, UNIT_MAN_AT_ARMS, 2:27
58, 14, City Defense, Operation Attack Units, UNIT_CROSSBOWMAN, At 2:26, Move 2:26, Attack 2:27
58, 14, City Defense, Operation Attack Units, UNIT_CROSSBOWMAN, At 1:27, Move 1:27, Attack 2:27
58, 14, Naval Superiority, No recruits to reach minimum, , , 
58, 14, Naval Superiority, Operation Recruit, 0 units, Recruited 0, Contract for: UNIT_WARRIOR_MONK
58, 18, City Defense, Started
58, 18, City Defense running, TARGET 35:74
58, 18, City Defense, ,0, Not Ready, 
58, 18, City Defense, Operation Recruit, 0 units, Recruited 0, Contract for: UNIT_CATAPULT
58, 18, City Defense, Operation complete
58, 4, Settle New City, Started
58, 4, City Defense, Started
58, 4, City Defense, Started
58, 4, Settle New City running, TARGET 58:17
58, 4, Settle New City, ,0, Not Ready, 
58, 4, City Defense running, TARGET 43:11
58, 4, City Defense, ,0, Ready, 
58, 4, City Defense running, TARGET 43:15
58, 4, City Defense, ,0, Not Ready, 
58, 4, Naval Superiority, Started
58, 4, City Defense, No recruits to reach minimum, , , 
58, 4, City Defense, Recruiting strength, , Enemy Str: 0 / 50.0, UNIT_CROSSBOWMAN
58, City Defense, 4, , Battle line, 39:13, 0 endangered
58, 4, City Defense, Operation Recruit, 1 units, Recruited 1, Contract for: UNIT_LINE_INFANTRY
58, 4, City Defense, Operation Recruit, LEVIED FROM 14
58, 4, City Defense, Op Attack Units Targets, Target 0, Owner 9, UNIT_MUSKETMAN, 39:12
58, 4, City Defense, Op Attack Units Targets, Target 1, Owner 9, UNIT_MUSKETMAN, 41:15
58, 4, City Defense, Operation Attack Units, UNIT_CROSSBOWMAN, At 41:13, Move 39:13, Attack -9999:-9999
58, 4, City Defense, No recruits to reach minimum, , , 
58, 4, City Defense, Recruiting strength, , Enemy Str: 55 / 50.0, UNIT_GREAT_GENERAL
58, 4, City Defense, Recruiting strength, , Enemy Str: 55 / 50.0, UNIT_GREAT_GENERAL
58, 4, City Defense, Recruiting strength, , Enemy Str: 55 / 50.0, UNIT_CROSSBOWMAN
58, 4, City Defense, Recruiting strength, , Enemy Str: 55 / 50.0, UNIT_KNIGHT
58, 4, City Defense, Recruiting strength, , Enemy Str: 55 / 50.0, UNIT_CROSSBOWMAN
58, City Defense, 4, , Battle line, 38:13, 1 endangered
58, 4, City Defense, Operation Recruit, 5 units, Recruited 5, Contract for: UNIT_LINE_INFANTRY
58, 4, City Defense, Op Attack Units Targets, Target 0, Owner 9, UNIT_MUSKETMAN, 39:12
58, 4, City Defense, Op Attack Units Targets, Target 1, Owner 9, UNIT_MUSKETMAN, 41:15
58, 4, City Defense, Op Attack Units Targets, Target 2, Owner 9, UNIT_BUILDER, 39:17
58, 4, City Defense, Operation Attack Units, UNIT_CROSSBOWMAN, At 41:18, Move 40:18, Attack -9999:-9999
58, 4, City Defense, Operation Attack Units, UNIT_KNIGHT, At 40:15, Move 39:18, Attack -9999:-9999
58, 4, City Defense, Operation Attack Units, UNIT_CROSSBOWMAN, At 41:14, Move 40:15, Attack 41:15
58, 4, City Defense, Operation Move, UNIT_GREAT_GENERAL, 42:15, 43:15, 43:15
58, 4, City Defense, Operation Move, UNIT_GREAT_GENERAL, 41:14, 42:15, 41:14
58, 4, Naval Superiority, No recruits to reach minimum, , , 
58, 4, Naval Superiority, Operation Recruit, 0 units, Recruited 0, Contract for: UNIT_LINE_INFANTRY
58, 5, Settle New City running, TARGET 44:29
58, 5, Settle New City, ,0, Ready, UNIT_SETTLER; UNIT_CROSSBOWMAN; UNIT_MAN_AT_ARMS; 
58, 5, Naval Superiority running, TARGET 15:71
58, 5, Naval Superiority, ,0, Not Ready, 
58, 5, Settle New City, No recruits to reach minimum, , , 
58, 5, Settle New City, No recruits to match strength, , Enemy Str: 0 / 55.0, 
58, 5, Settle New City, No recruits to reach minimum, , , 
58, 5, Settle New City, No recruits to match strength, , Enemy Str: 0 / 55.0, 
58, 5, Settle New City, Operation Recruit, 3 units, Recruited 0, Contract for: UNIT_KNIGHT
58, 5, Settle New City, Operation Move, UNIT_MAN_AT_ARMS, 32:54, 44:29, 33:52
58, 5, Settle New City, Operation Move, UNIT_CROSSBOWMAN, 31:57, 44:29, 32:55
58, 5, Settle New City, Operation Move, UNIT_SETTLER, 27:73, 44:29, 28:72
58, 5, Naval Superiority, No recruits to reach minimum, , , 
58, 5, Naval Superiority, No recruits to reach minimum, , , 
58, 5, Naval Superiority, Operation Recruit, 0 units, Recruited 0, Contract for: UNIT_MACEDONIAN_HETAIROI
58, 6, Naval Superiority running, TARGET 23:56
58, 6, Naval Superiority, ,0, Not Ready, 
58, 6, Settle New City running, TARGET 44:29
58, Settle New City, 6, , Battle line, 1073741844:55, 0 endangered
58, 6, Settle New City, ,0, Ready, UNIT_SETTLER; UNIT_CATAPULT; 
58, Settle New City, 6, , Battle line, 1073741844:55, 0 endangered
58, 6, Settle New City, No recruits to reach minimum, , , 
58, 6, Settle New City, Recruiting strength, , Enemy Str: 0 / 46.0, UNIT_CROSSBOWMAN
58, 6, Settle New City, No recruits to reach minimum, , , 
58, 6, Settle New City, No recruits to match strength, , Enemy Str: 0 / 46.0, 
58, Settle New City, 6, , Battle line, 1073741844:55, 0 endangered
58, 6, Settle New City, Operation Recruit, 3 units, Recruited 1, Contract for: UNIT_SWORDSMAN
58, Settle New City, 6, , Battle line, 1073741844:55, 0 endangered
58, 6, Settle New City, No recruits to reach minimum, , , 
58, 6, Settle New City, No recruits to match strength, , Enemy Str: 0 / 46.0, 
58, 6, Settle New City, No recruits to reach minimum, , , 
58, 6, Settle New City, No recruits to match strength, , Enemy Str: 0 / 46.0, 
58, Settle New City, 6, , Battle line, 1073741844:55, 0 endangered
58, 6, Settle New City, Operation Recruit, 3 units, Recruited 0, Contract for: UNIT_SWORDSMAN
58, 6, Settle New City, Operation Move, UNIT_CROSSBOWMAN, 22:55, 22:56, 22:56
58, 6, Settle New City, Operation Move, UNIT_SETTLER, 21:55, 21:55, 21:55
58, 6, Settle New City, Operation Move, UNIT_CATAPULT, 21:55, 21:55, 21:55
58, 6, Settle New City, Operation Move, UNIT_SETTLER, 21:55, 44:29, 23:54
58, 6, Settle New City, Operation Move, UNIT_CATAPULT, 23:54, 44:29, 23:54
58, 6, Settle New City, Operation Move, UNIT_CROSSBOWMAN, 22:56, 44:29, 22:55
58, 6, Naval Superiority, No recruits to reach minimum, , , 
58, 6, Naval Superiority, No recruits to reach minimum, , , 
58, 6, Naval Superiority, Operation Recruit, 0 units, Recruited 0, Contract for: UNIT_GALLEY
58, 7, Settle New City running, TARGET 44:29
58, Settle New City, 7, , Battle line, 85899359:34, 0 endangered
58, 7, Settle New City, ,0, Ready, UNIT_KNIGHT; UNIT_SETTLER; 
58, 7, Attack Walled City running, TARGET 2:26
58, Attack Walled City, 7, , Battle line, 306783382:28, 0 endangered
58, 7, Attack Walled City, ,0, Ready, UNIT_MAN_AT_ARMS; UNIT_MAN_AT_ARMS; UNIT_MAN_AT_ARMS; UNIT_CROSSBOWMAN; UNIT_MAN_AT_ARMS; UNIT_TREBUCHET; UNIT_SKIRMISHER; 
58, 7, Attack Walled City, ,1, Ready, 
58, Settle New City, 7, , Battle line, 85899359:34, 0 endangered
58, 7, Settle New City, No recruits to reach minimum, , , 
58, 7, Settle New City, Recruiting strength, , Enemy Str: 0 / 55.0, UNIT_MUSKETMAN
58, 7, Settle New City, No recruits to reach minimum, , , 
58, 7, Settle New City, No recruits to match strength, , Enemy Str: 0 / 55.0, 
58, Settle New City, 7, , Battle line, 85899358:33, 0 endangered
58, 7, Settle New City, Operation Recruit, 3 units, Recruited 1, Contract for: UNIT_PIKE_AND_SHOT
58, 7, Settle New City, Operation Move, UNIT_MUSKETMAN, 15:30, 14:31, 14:31
58, 7, Settle New City, Operation Move, UNIT_KNIGHT, 14:34, 15:31, 13:33
58, 7, Settle New City, Operation Move, UNIT_SETTLER, 13:33, 15:31, 13:33
58, 7, Attack Walled City, No recruits to reach minimum, , , 
58, 7, Attack Walled City, No recruits to match strength, , Enemy Str: 140 / 144.0, 
58, 7, Attack Walled City, No recruits to reach minimum, , , 
58, 7, Attack Walled City, No recruits to match strength, , Enemy Str: 140 / 108.0, 
58, 7, Attack Walled City, No recruits to reach minimum, , , 
58, 7, Attack Walled City, No recruits to match strength, , Enemy Str: 140 / 144.0, 
58, 7, Attack Walled City, No recruits to reach minimum, , , 
58, 7, Attack Walled City, No recruits to match strength, , Enemy Str: 140 / 108.0, 
58, 7, Attack Walled City, Operation Recruit, 7 units, Recruited 0, Contract for: UNIT_KNIGHT
58, 7, Attack Walled City, Operation Siege City, UNIT_SKIRMISHER, From 4:29, Goal: 1:27, Move 3:29
58, 7, Attack Walled City, Operation City Attack, UNIT_MAN_AT_ARMS, 2:27, Move 2:27, Attack 2:26
58, 7, Attack Walled City, Operation Move, UNIT_MAN_AT_ARMS, 5:30, 3:26, 4:29
58, 7, Attack Walled City, Operation Move, UNIT_CROSSBOWMAN, 6:28, 3:28, 6:27
58, 7, Attack Walled City, Operation Move, UNIT_MAN_AT_ARMS, 6:30, 3:26, 5:29
58, 7, Attack Walled City, Operation Move, UNIT_TREBUCHET, 6:29, 3:28, 5:30
58, 7, Attack Walled City, Operation Move, UNIT_MAN_AT_ARMS, 7:30, 3:26, 6:30
58, 8, Settle New City running, TARGET 44:29
58, Settle New City, 8, , Battle line, 29:18, 0 endangered
58, 8, Settle New City, ,0, Ready, UNIT_MUSKETMAN; UNIT_SETTLER; 
58, 8, Naval Superiority running, TARGET 7:23
58, 8, Naval Superiority, ,0, Not Ready, 
58, 8, Settle New City, No recruits to reach minimum, , , 
58, 8, Settle New City, No recruits to match strength, , Enemy Str: 0 / 55.0, 
58, 8, Settle New City, No recruits to reach minimum, , , 
58, 8, Settle New City, No recruits to match strength, , Enemy Str: 0 / 55.0, 
58, 8, Settle New City, Operation Recruit, 2 units, Recruited 0, Contract for: UNIT_KNIGHT
58, 8, Settle New City, Operation Move, UNIT_MUSKETMAN, 34:19, 44:29, 36:19
58, 8, Settle New City, Operation Move, UNIT_SETTLER, 30:20, 44:29, 31:21
58, 8, Naval Superiority, No recruits to reach minimum, , , 
58, 8, Naval Superiority, Operation Recruit, 0 units, Recruited 0, Contract for: UNIT_PIKE_AND_SHOT
58, 9, Settle New City running, TARGET 44:29
58, Settle New City, 9, , Battle line, 39:18, 0 endangered
58, 9, Settle New City, ,0, Ready, UNIT_SETTLER; UNIT_MUSKETMAN; 
58, 9, City Defense running, TARGET 40:16
58, City Defense, 9, , Battle line, 38:13, 2 endangered
58, 9, City Defense, ,0, Ready, UNIT_CROSSBOWMAN; UNIT_MUSKETMAN; UNIT_MUSKETMAN; UNIT_MUSKETMAN; UNIT_COURSER; 
58, City Defense, 9, , Battle line, 38:13, 2 endangered
58, 9, City Defense, No recruits to reach minimum, , , 
58, 9, City Defense, Recruiting strength, , Enemy Str: 232 / 55.0, UNIT_CROSSBOWMAN
58, City Defense, 9, , Battle line, 38:13, 2 endangered
58, 9, City Defense, Operation Recruit, 6 units, Recruited 1, Contract for: UNIT_KNIGHT
58, 9, City Defense, Op Attack Units Targets, Target 0, Owner 4, UNIT_CROSSBOWMAN, 40:12
58, 9, City Defense, Op Attack Units Targets, Target 1, Owner 4, UNIT_CROSSBOWMAN, 39:13
58, 9, City Defense, Op Attack Units Targets, Target 2, Owner 4, UNIT_GREAT_GENERAL, 41:14
58, 9, City Defense, Op Attack Units Targets, Target 3, Owner 4, UNIT_CROSSBOWMAN, 40:15
58, 9, City Defense, Op Attack Units Targets, Target 4, Owner 4, UNIT_KNIGHT, 39:18
58, 9, City Defense, Op Attack Units Targets, Target 5, Owner 4, UNIT_CROSSBOWMAN, 40:18
58, 9, City Defense, Operation Attack Units, UNIT_MUSKETMAN, At 41:15, Move 41:15, Attack -9999:-9999
58, 9, City Defense, Operation Attack Units, UNIT_MUSKETMAN, At 39:12, Move 38:13, Attack -9999:-9999
58, 9, City Defense, Operation Attack Units, UNIT_CROSSBOWMAN, At 36:13, Move 38:12, Attack 40:12
58, 9, City Defense, Operation Attack Units, UNIT_MUSKETMAN, At 38:15, Move 40:16, Attack 40:15
58, 9, City Defense, Operation Attack Units, UNIT_COURSER, At 36:14, Move 38:17, Attack 39:18
58, 9, City Defense, Operation Move, UNIT_CROSSBOWMAN, 40:16, 39:16, 39:16
58, 9, Settle New City, No recruits to reach minimum, , , 
58, 9, Settle New City, No recruits to match strength, , Enemy Str: 0 / 55.0, 
58, 9, Settle New City, Operation Recruit, 2 units, Recruited 0, Contract for: UNIT_PIKE_AND_SHOT
58, 9, Settle New City, Operation Move, UNIT_SETTLER, 38:19, 44:29, 37:19
58, 9, Settle New City, Operation Move, UNIT_MUSKETMAN, 37:19, 44:29, 37:19
58, 13, Naval Superiority running, TARGET 56:2
58, 13, Naval Superiority, ,0, Not Ready, 
58, 13, Naval Superiority, No recruits to reach minimum, , , 
58, 13, Naval Superiority, Operation Recruit, 0 units, Recruited 0, Contract for: UNIT_WARRIOR_MONK
58, 14, Naval Superiority running, TARGET 1:26
58, 14, Naval Superiority, ,0, Not Ready, 
58, 14, City Defense running, TARGET 2:26
58, 14, City Defense, ,0, Not Ready, 
58, 14, City Defense, ,1, Ready, 
58, 14, City Defense, No recruits to reach minimum, , , 
58, 14, City Defense, No recruits to match strength, , Enemy Str: 104 / 36.0, 
58, 14, City Defense, No recruits to reach minimum, , , 
58, 14, City Defense, No recruits to match strength, , Enemy Str: 104 / 36.0, 
58, 14, City Defense, Operation Recruit, 0 units, Recruited 0, Contract for: UNIT_SKIRMISHER
58, 14, City Defense, Operation complete
58, 14, Naval Superiority, No recruits to reach minimum, , , 
58, 14, Naval Superiority, Operation Recruit, 0 units, Recruited 0, Contract for: UNIT_WARRIOR_MONK
58, 18, City Defense, Started
58, 18, City Defense running, TARGET 35:74
58, 18, City Defense, ,0, Not Ready, 
58, 18, City Defense, Operation Recruit, 0 units, Recruited 0, Contract for: UNIT_CATAPULT
58, 18, City Defense, Operation complete
59, 4, Settle New City running, TARGET 58:17
59, 4, Settle New City, ,0, Not Ready, 
59, 4, City Defense running, TARGET 43:11
59, City Defense, 4, , Battle line, 24:18, 0 endangered
59, 4, City Defense, ,0, Ready, UNIT_CROSSBOWMAN; UNIT_CROSSBOWMAN; UNIT_CROSSBOWMAN; 
59, 4, City Defense running, TARGET 43:15
59, City Defense, 4, , Battle line, 38:14, 2 endangered
59, 4, City Defense, ,0, Ready, UNIT_GREAT_GENERAL; UNIT_GREAT_GENERAL; UNIT_CROSSBOWMAN; UNIT_KNIGHT; UNIT_CROSSBOWMAN; 
59, 4, Naval Superiority running, TARGET 48:19
59, 4, Naval Superiority, ,0, Not Ready, 
59, 4, Attack Walled City, Started
59, City Defense, 4, , Battle line, 24:18, 0 endangered
59, 4, City Defense, No recruits to reach minimum, , , 
59, 4, City Defense, No recruits to match strength, , Enemy Str: 0 / 50.0, 
59, 4, City Defense, No recruits to reach minimum, , , 
59, 4, City Defense, No recruits to match strength, , Enemy Str: 0 / 50.0, 
59, City Defense, 4, , Battle line, 24:18, 0 endangered
59, 4, City Defense, Operation Recruit, 3 units, Recruited 0, Contract for: UNIT_LINE_INFANTRY
59, 4, City Defense, Op Attack Units Targets, Target 0, Owner 9, UNIT_CROSSBOWMAN, 38:12
59, 4, City Defense, Op Attack Units Targets, Target 1, Owner 9, UNIT_MUSKETMAN, 38:13
59, 4, City Defense, Op Attack Units Targets, Target 2, Owner 9, UNIT_MUSKETMAN, 41:15
59, 4, City Defense, Op Attack Units Targets, Target 3, Owner 9, UNIT_CROSSBOWMAN, 39:16
59, 4, City Defense, Op Attack Units Targets, Target 4, Owner 9, UNIT_MUSKETMAN, 41:16
59, 4, City Defense, Op Attack Units Targets, Target 5, Owner 7, UNIT_MAN_AT_ARMS, 2:27
59, 4, City Defense, Operation Attack Units, UNIT_CROSSBOWMAN, At 1:27, Move 1:27, Attack 2:27
59, 4, City Defense, Operation Attack Units, UNIT_CROSSBOWMAN, At 39:13, Move 39:13, Attack 38:12
59, 4, City Defense, Operation Attack Units, UNIT_CROSSBOWMAN, At 1:26, Move 2:28, Attack 2:27
59, City Defense, 4, , Battle line, 38:14, 2 endangered
59, 4, City Defense, No recruits to reach minimum, , , 
59, 4, City Defense, Recruiting strength, , Enemy Str: 107 / 50.0, UNIT_VAMPIRE
59, 4, City Defense, No recruits to reach minimum, , , 
59, 4, City Defense, No recruits to match strength, , Enemy Str: 107 / 50.0, 
59, City Defense, 4, , Battle line, 39:14, 2 endangered
59, 4, City Defense, Operation Recruit, 6 units, Recruited 1, Contract for: UNIT_LINE_INFANTRY
59, 4, City Defense, Operation Protect Units, UNIT_KNIGHT, Promote
59, 4, City Defense, Operation Protect Units, UNIT_CROSSBOWMAN, Move 40 19
59, 4, City Defense, Operation Protect Units, UNIT_CROSSBOWMAN, Fortify
59, 4, City Defense, Op Attack Units Targets, Target 0, Owner 9, UNIT_CROSSBOWMAN, -9999:-9999
59, 4, City Defense, Op Attack Units Targets, Target 1, Owner 9, UNIT_MUSKETMAN, 38:13
59, 4, City Defense, Op Attack Units Targets, Target 2, Owner 9, UNIT_MUSKETMAN, 41:15
59, 4, City Defense, Op Attack Units Targets, Target 3, Owner 9, UNIT_CROSSBOWMAN, 39:16
59, 4, City Defense, Op Attack Units Targets, Target 4, Owner 9, UNIT_MUSKETMAN, 41:16
59, 4, City Defense, Op Attack Units Targets, Target 5, Owner 9, UNIT_COURSER, 38:17
59, 4, City Defense, Operation Attack Units, UNIT_CROSSBOWMAN, At 40:15, Move 40:15, Attack 39:16
59, 4, City Defense, Operation Attack Units, UNIT_VAMPIRE, At 43:18, Move 40:17, Attack -9999:-9999
59, 4, City Defense, Operation Move, UNIT_GREAT_GENERAL, 41:14, 42:15, 41:14
59, 4, Attack Walled City, Recruiting minimums, , , UNIT_VAMPIRE
59, 4, Attack Walled City, Recruiting minimums, , , UNIT_CROSSBOWMAN
59, 4, Attack Walled City, Recruiting minimums, , , UNIT_CROSSBOWMAN
59, 4, Attack Walled City, Recruiting minimums, , , UNIT_VAMPIRE
59, 4, Attack Walled City, Recruiting minimums, , , UNIT_CROSSBOWMAN
59, 4, Attack Walled City, No recruits to reach minimum, , , 
59, 4, Attack Walled City, No recruits to match strength, , Enemy Str: 137 / 0.0, 
59, 4, Attack Walled City, No recruits to reach minimum, , , 
59, 4, Attack Walled City, No recruits to reach minimum, , , 
59, 4, Attack Walled City, No recruits to match strength, , Enemy Str: 137 / 0.0, 
59, Attack Walled City, 4, , Battle line, 39:11, 0 endangered
59, 4, Attack Walled City, Operation Recruit, 3 units, Recruited 3, Contract for: UNIT_LINE_INFANTRY
59, 4, Attack Walled City, Operation Move, UNIT_CROSSBOWMAN, 41:12, 51:11, 42:9
59, 4, Attack Walled City, Operation Move, UNIT_VAMPIRE, 42:6, 53:11, 44:9
59, 4, Attack Walled City, Operation Move, UNIT_CROSSBOWMAN, 40:12, 51:11, 42:11
59, 4, Naval Superiority, No recruits to reach minimum, , , 
59, 4, Naval Superiority, Operation Recruit, 0 units, Recruited 0, Contract for: UNIT_LINE_INFANTRY
59, 5, Settle New City running, TARGET 44:29
59, Settle New City, 5, , Battle line, 1073741854:66, 1 endangered
59, 5, Settle New City, ,0, Ready, UNIT_SETTLER; UNIT_CROSSBOWMAN; UNIT_MAN_AT_ARMS; 
59, 5, Naval Superiority running, TARGET 15:71
59, 5, Naval Superiority, ,0, Not Ready, 
59, 5, Settle New City, No recruits to reach minimum, , , 
59, 5, Settle New City, No recruits to match strength, , Enemy Str: 0 / 55.0, 
59, 5, Settle New City, No recruits to reach minimum, , , 
59, 5, Settle New City, No recruits to match strength, , Enemy Str: 0 / 55.0, 
59, 5, Settle New City, Operation Recruit, 3 units, Recruited 0, Contract for: UNIT_KNIGHT
59, 5, Settle New City, Operation Protect Units, UNIT_SETTLER, Move 30 70
59, 5, Settle New City, Operation Move, UNIT_MAN_AT_ARMS, 33:52, 44:29, 34:51
59, 5, Settle New City, Operation Move, UNIT_CROSSBOWMAN, 32:55, 44:29, 33:53
59, 5, Naval Superiority, No recruits to reach minimum, , , 
59, 5, Naval Superiority, No recruits to reach minimum, , , 
59, 5, Naval Superiority, Operation Recruit, 0 units, Recruited 0, Contract for: UNIT_MACEDONIAN_HETAIROI
59, 6, Naval Superiority running, TARGET 23:56
59, 6, Naval Superiority, ,0, Not Ready, 
59, 6, Settle New City running, TARGET 44:29
59, Settle New City, 6, , Battle line, 22:54, 0 endangered
59, 6, Settle New City, ,0, Ready, UNIT_SETTLER; UNIT_CATAPULT; UNIT_CROSSBOWMAN; 
59, Settle New City, 6, , Battle line, 22:54, 0 endangered
59, 6, Settle New City, No recruits to reach minimum, , , 
59, 6, Settle New City, No recruits to match strength, , Enemy Str: 0 / 46.0, 
59, 6, Settle New City, No recruits to reach minimum, , , 
59, 6, Settle New City, No recruits to match strength, , Enemy Str: 0 / 46.0, 
59, Settle New City, 6, , Battle line, 22:54, 0 endangered
59, 6, Settle New City, Operation Recruit, 2 units, Recruited 0, Contract for: UNIT_SWORDSMAN
59, 6, Settle New City, Operation Move, UNIT_SETTLER, 23:54, 44:29, 24:53
59, 6, Settle New City, Operation Move, UNIT_CROSSBOWMAN, 22:55, 44:29, 23:53
59, 6, Naval Superiority, No recruits to reach minimum, , , 
59, 6, Naval Superiority, Operation Recruit, 0 units, Recruited 0, Contract for: UNIT_GALLEY
59, 7, Settle New City running, TARGET 44:29
59, Settle New City, 7, , Battle line, 85899359:34, 0 endangered
59, 7, Settle New City, ,0, Ready, UNIT_KNIGHT; UNIT_SETTLER; UNIT_MUSKETMAN; 
59, 7, Attack Walled City running, TARGET 2:26
59, Attack Walled City, 7, , Battle line, 357913945:28, 1 endangered
59, 7, Attack Walled City, ,0, Ready, UNIT_MAN_AT_ARMS; UNIT_MAN_AT_ARMS; UNIT_MAN_AT_ARMS; UNIT_CROSSBOWMAN; UNIT_MAN_AT_ARMS; UNIT_TREBUCHET; UNIT_SKIRMISHER; 
59, 7, Attack Walled City, ,1, Ready, 
59, Settle New City, 7, , Battle line, 85899359:34, 0 endangered
59, 7, Settle New City, No recruits to reach minimum, , , 
59, 7, Settle New City, No recruits to match strength, , Enemy Str: 0 / 55.0, 
59, 7, Settle New City, No recruits to reach minimum, , , 
59, 7, Settle New City, No recruits to match strength, , Enemy Str: 0 / 55.0, 
59, Settle New City, 7, , Battle line, 85899359:34, 0 endangered
59, 7, Settle New City, Operation Recruit, 3 units, Recruited 0, Contract for: UNIT_PIKE_AND_SHOT
59, 7, Settle New City, Operation Move, UNIT_MUSKETMAN, 14:31, 14:31, 14:31
59, 7, Settle New City, Operation Move, UNIT_KNIGHT, 13:33, 15:31, 15:32
59, 7, Settle New City, Operation Move, UNIT_SETTLER, 15:32, 15:31, 15:32
59, 7, Attack Walled City, No recruits to reach minimum, , , 
59, 7, Attack Walled City, Recruiting strength, , Enemy Str: 140 / 144.0, UNIT_SKIRMISHER
59, 7, Attack Walled City, No recruits to reach minimum, , , 
59, 7, Attack Walled City, No recruits to match strength, , Enemy Str: 140 / 108.0, 
59, 7, Attack Walled City, No recruits to reach minimum, , , 
59, 7, Attack Walled City, No recruits to match strength, , Enemy Str: 140 / 144.0, 
59, 7, Attack Walled City, No recruits to reach minimum, , , 
59, 7, Attack Walled City, No recruits to match strength, , Enemy Str: 140 / 108.0, 
59, Attack Walled City, 7, , Battle line, 268435459:29, 1 endangered
59, 7, Attack Walled City, Operation Recruit, 8 units, Recruited 1, Contract for: UNIT_KNIGHT
59, 7, Attack Walled City, Operation Protect Units, UNIT_MAN_AT_ARMS, Move 3 26
59, 7, Attack Walled City, Operation Siege City, UNIT_MAN_AT_ARMS, From 4:29, Goal: 2:27, Move 4:28
59, 7, Attack Walled City, Operation Siege City, UNIT_SKIRMISHER, From 3:29, Goal: 1:27, Move 2:28
59, 7, Attack Walled City, Operation City Attack, UNIT_SKIRMISHER, 2:28, Move 2:27, Attack -9999:-9999
59, 7, Attack Walled City, Operation Move, UNIT_CROSSBOWMAN, 6:27, 4:26, 6:26
59, 7, Attack Walled City, Operation Move, UNIT_MAN_AT_ARMS, 5:29, 2:25, 5:28
59, 7, Attack Walled City, Operation Move, UNIT_TREBUCHET, 5:30, 3:28, 4:29
59, 7, Attack Walled City, Operation Move, UNIT_MAN_AT_ARMS, 6:30, 2:25, 5:30
59, 7, Attack Walled City, Operation Move, UNIT_SKIRMISHER, 5:34, 1:26, 6:32
59, 8, Settle New City running, TARGET 44:29
59, Settle New City, 8, , Battle line, 34:20, 0 endangered
59, 8, Settle New City, ,0, Ready, UNIT_MUSKETMAN; UNIT_SETTLER; 
59, 8, Naval Superiority running, TARGET 7:23
59, 8, Naval Superiority, ,0, Not Ready, 
59, 8, Settle New City, No recruits to reach minimum, , , 
59, 8, Settle New City, No recruits to match strength, , Enemy Str: 0 / 55.0, 
59, 8, Settle New City, Operation Recruit, 2 units, Recruited 0, Contract for: UNIT_KNIGHT
59, 8, Settle New City, Operation Move, UNIT_MUSKETMAN, 36:19, 44:29, 36:20
59, 8, Settle New City, Operation Move, UNIT_SETTLER, 31:21, 44:29, 33:20
59, 8, Naval Superiority, No recruits to reach minimum, , , 
59, 8, Naval Superiority, Operation Recruit, 0 units, Recruited 0, Contract for: UNIT_PIKE_AND_SHOT
59, 4, Attack Walled City, Operation complete
59, 9, Settle New City running, TARGET 44:29
59, Settle New City, 9, , Battle line, 38:18, 0 endangered
59, 9, Settle New City, ,0, Ready, UNIT_SETTLER; UNIT_MUSKETMAN; 
59, 9, City Defense running, TARGET 40:16
59, City Defense, 9, , Battle line, 40:14, 1 endangered
59, 9, City Defense, ,0, Ready, UNIT_CROSSBOWMAN; UNIT_MUSKETMAN; UNIT_MUSKETMAN; UNIT_MUSKETMAN; UNIT_COURSER; 
59, 9, City Defense, No recruits to reach minimum, , , 
59, 9, City Defense, Recruiting strength, , Enemy Str: 193 / 65.0, UNIT_CROSSBOWMAN
59, 9, City Defense, No recruits to reach minimum, , , 
59, 9, City Defense, No recruits to match strength, , Enemy Str: 193 / 65.0, 
59, City Defense, 9, , Battle line, 40:14, 1 endangered
59, 9, City Defense, Operation Recruit, 6 units, Recruited 1, Contract for: UNIT_KNIGHT
59, 9, City Defense, Op Attack Units Targets, Target 0, Owner 4, UNIT_CROSSBOWMAN, 39:13
59, 9, City Defense, Op Attack Units Targets, Target 1, Owner 4, UNIT_GREAT_GENERAL, 41:14
59, 9, City Defense, Op Attack Units Targets, Target 2, Owner 4, UNIT_CROSSBOWMAN, 40:15
59, 9, City Defense, Op Attack Units Targets, Target 3, Owner 4, UNIT_VAMPIRE, 40:17
59, 9, City Defense, Op Attack Units Targets, Target 4, Owner 4, UNIT_KNIGHT, 39:18
59, 9, City Defense, Op Attack Units Targets, Target 5, Owner 4, UNIT_CROSSBOWMAN, 40:19
59, 9, City Defense, Operation Attack Units, UNIT_MUSKETMAN, At 41:15, Move 41:15, Attack -9999:-9999
59, 9, City Defense, Operation Attack Units, UNIT_MUSKETMAN, At 38:13, Move 38:13, Attack 39:13
59, 9, City Defense, Operation Attack Units, UNIT_COURSER, At 38:17, Move 38:17, Attack 39:18
59, 9, City Defense, Operation Attack Units, UNIT_CROSSBOWMAN, At 40:16, Move 39:17, Attack -9999:-9999
59, 9, City Defense, Operation Attack Units, UNIT_MUSKETMAN, At 41:16, Move 40:16, Attack 40:15
59, 9, City Defense, Operation Attack Units, UNIT_CROSSBOWMAN, At 34:17, Move 37:18, Attack -9999:-9999
59, 9, Settle New City, No recruits to reach minimum, , , 
59, 9, Settle New City, Recruiting strength, , Enemy Str: 0 / 65.0, UNIT_BOMBARD
59, 9, Settle New City, No recruits to reach minimum, , , 
59, 9, Settle New City, No recruits to match strength, , Enemy Str: 0 / 65.0, 
59, Settle New City, 9, , Battle line, 37:17, 0 endangered
59, 9, Settle New City, Operation Recruit, 3 units, Recruited 1, Contract for: UNIT_PIKE_AND_SHOT
59, 9, Settle New City, Operation Move, UNIT_SETTLER, 37:19, 44:29, 38:18
59, 9, Settle New City, Operation Move, UNIT_MUSKETMAN, 38:18, 44:29, 38:18
59, 9, Settle New City, Operation Move, UNIT_BOMBARD, 33:15, 44:29, 34:16
59, 13, Naval Superiority running, TARGET 56:2
59, 13, Naval Superiority, ,0, Not Ready, 
59, 13, Naval Superiority, No recruits to reach minimum, , , 
59, 13, Naval Superiority, Operation Recruit, 0 units, Recruited 0, Contract for: UNIT_WARRIOR_MONK
59, 14, City Defense, Started
59, 14, Naval Superiority running, TARGET 1:26
59, 14, Naval Superiority, ,0, Not Ready, 
59, 14, City Defense running, TARGET 2:26
59, 14, City Defense, ,0, Not Ready, 
59, 14, City Defense, ,1, Ready, 
59, 14, City Defense, No recruits to reach minimum, , , 
59, 14, City Defense, Recruiting strength, , Enemy Str: 148 / 36.0, UNIT_CROSSBOWMAN
59, 14, City Defense, No recruits to reach minimum, , , 
59, 14, City Defense, No recruits to match strength, , Enemy Str: 148 / 36.0, 
59, City Defense, 14, , Battle line, 715827885:26, 0 endangered
59, 14, City Defense, Operation Recruit, 1 units, Recruited 1, Contract for: UNIT_SKIRMISHER
59, 14, City Defense, Op Attack Units Targets, Target 0, Owner 7, UNIT_MAN_AT_ARMS, 3:26
59, 14, City Defense, Op Attack Units Targets, Target 1, Owner 7, UNIT_SKIRMISHER, 2:27
59, 14, City Defense, Operation Attack Units, UNIT_CROSSBOWMAN, At 2:26, Move 2:26, Attack 2:27
59, 14, Naval Superiority, No recruits to reach minimum, , , 
59, 14, Naval Superiority, Operation Recruit, 0 units, Recruited 0, Contract for: UNIT_WARRIOR_MONK
59, 18, City Defense, Started
59, 18, City Defense running, TARGET 35:74
59, 18, City Defense, ,0, Not Ready, 
59, 18, City Defense, Operation Recruit, 0 units, Recruited 0, Contract for: UNIT_CATAPULT
59, 18, City Defense, Operation complete
