Game Turn, Player, Unit, From X, From Y, To X, To Y, Info, Checksum
040, LOC_CIVILIZATION_BABYLON_STK_NAME, UNIT_BUILDER (1507340), 74, 50, -9999, -9999, 2320, ffffffff
040, LOC_CIVILIZATION_BABYLON_STK_NAME, UNIT_BUILDER (1507340), 74, 50, -9999, -9999, 2321, ffffffff
040, LOC_CIVILIZATION_BABYLON_STK_NAME, UNIT_BUILDER (1507340), 74, 50, -9999, -9999, 2304, ffffffff
040, LOC_CIVILIZATION_BABYLON_STK_NAME, UNIT_BUILDER (1114119), 81, 45, -9999, -9999, 2320, ffffffff
040, LOC_CIVILIZATION_BABYLON_STK_NAME, UNIT_BUILDER (1114119), 81, 45, -9999, -9999, 2321, ffffffff
040, LOC_CIVILIZATION_BABYLON_STK_NAME, UNIT_BUILDER (1114119), 81, 45, -9999, -9999, 2304, ffffffff
040, LOC_CIVILIZATION_BABYLON_STK_NAME, UNIT_BUILDER (1114119), 81, 45, 81, 46, 16384, cfefcb96
040, LOC_CIVILIZATION_BABYLON_STK_NAME, UNIT_BUILDER (1310730), 76, 45, -9999, -9999, 2320, ffffffff
040, LOC_CIVILIZATION_BABYLON_STK_NAME, UNIT_BUILDER (1310730), 76, 45, -9999, -9999, 2321, ffffffff
040, LOC_CIVILIZATION_BABYLON_STK_NAME, UNIT_BUILDER (1310730), 76, 45, -9999, -9999, 2304, ffffffff
040, LOC_CIVILIZATION_BABYLON_STK_NAME, UNIT_BUILDER (1769487), 76, 47, -9999, -9999, 2320, ffffffff
040, LOC_CIVILIZATION_BABYLON_STK_NAME, UNIT_BUILDER (1769487), 76, 47, -9999, -9999, 2321, ffffffff
040, LOC_CIVILIZATION_BABYLON_STK_NAME, UNIT_BUILDER (1769487), 76, 47, -9999, -9999, 2304, ffffffff
040, LOC_CIVILIZATION_BABYLON_STK_NAME, UNIT_BUILDER (1769487), 76, 47, 77, 47, 16640, 1d619fa1
040, LOC_CIVILIZATION_BABYLON_STK_NAME, UNIT_BUILDER (1769487), 76, 47, -9999, -9999, 2320, ffffffff
040, LOC_CIVILIZATION_BABYLON_STK_NAME, UNIT_BUILDER (1769487), 76, 47, -9999, -9999, 2321, ffffffff
040, LOC_CIVILIZATION_BABYLON_STK_NAME, UNIT_BUILDER (1769487), 76, 47, -9999, -9999, 2304, ffffffff
040, LOC_CIVILIZATION_BABYLON_STK_NAME, UNIT_BUILDER (1769487), 76, 47, -9999, -9999, 2320, ffffffff
040, LOC_CIVILIZATION_BABYLON_STK_NAME, UNIT_BUILDER (1769487), 76, 47, -9999, -9999, 2321, ffffffff
040, LOC_CIVILIZATION_BABYLON_STK_NAME, UNIT_BUILDER (1769487), 76, 47, -9999, -9999, 2304, ffffffff
040, LOC_CIVILIZATION_BABYLON_STK_NAME, UNIT_BUILDER (1769487), 76, 47, 77, 45, 16640, dca56b7c
040, LOC_CIVILIZATION_BABYLON_STK_NAME, UNIT_BUILDER (1769487), 76, 47, 78, 45, 16640, 3fa9ee94
040, LOC_CIVILIZATION_BABYLON_STK_NAME, UNIT_BUILDER (1769487), 76, 47, 77, 45, 16640, dca56b7c
040, LOC_CIVILIZATION_BABYLON_STK_NAME, UNIT_BUILDER (1769487), 77, 45, -9999, -9999, 2064, ffffffff
040, LOC_CIVILIZATION_BABYLON_STK_NAME, UNIT_BUILDER (1769487), 77, 45, -9999, -9999, 2065, ffffffff
040, LOC_CIVILIZATION_BABYLON_STK_NAME, UNIT_BUILDER (1769487), 77, 45, -9999, -9999, 2048, ffffffff
040, LOC_CIVILIZATION_BABYLON_STK_NAME, UNIT_BUILDER (1769487), 77, 45, -9999, -9999, 2064, ffffffff
040, LOC_CIVILIZATION_BABYLON_STK_NAME, UNIT_BUILDER (1769487), 77, 45, -9999, -9999, 2065, ffffffff
040, LOC_CIVILIZATION_BABYLON_STK_NAME, UNIT_BUILDER (1769487), 77, 45, -9999, -9999, 2048, ffffffff
040, LOC_CIVILIZATION_BABYLON_STK_NAME, UNIT_BUILDER (1769487), 77, 45, -9999, -9999, 2064, ffffffff
040, LOC_CIVILIZATION_BABYLON_STK_NAME, UNIT_BUILDER (1769487), 77, 45, -9999, -9999, 2065, ffffffff
040, LOC_CIVILIZATION_BABYLON_STK_NAME, UNIT_BUILDER (1769487), 77, 45, -9999, -9999, 2048, ffffffff
040, LOC_CIVILIZATION_BABYLON_STK_NAME, UNIT_BUILDER (1507340), 74, 50, -9999, -9999, 2320, ffffffff
040, LOC_CIVILIZATION_BABYLON_STK_NAME, UNIT_BUILDER (1507340), 74, 50, -9999, -9999, 2321, ffffffff
040, LOC_CIVILIZATION_BABYLON_STK_NAME, UNIT_BUILDER (1507340), 74, 50, -9999, -9999, 2304, ffffffff
040, LOC_CIVILIZATION_BABYLON_STK_NAME, UNIT_BUILDER (1638413), 73, 48, -9999, -9999, 2320, ffffffff
040, LOC_CIVILIZATION_BABYLON_STK_NAME, UNIT_BUILDER (1638413), 73, 48, -9999, -9999, 2321, ffffffff
040, LOC_CIVILIZATION_BABYLON_STK_NAME, UNIT_BUILDER (1638413), 73, 48, -9999, -9999, 2304, ffffffff
040, LOC_CIVILIZATION_BABYLON_STK_NAME, UNIT_BUILDER (1638413), 73, 48, 72, 49, 16640, f5da3d12
040, LOC_CIVILIZATION_BABYLON_STK_NAME, UNIT_BUILDER (1835024), 73, 49, -9999, -9999, 2320, ffffffff
040, LOC_CIVILIZATION_BABYLON_STK_NAME, UNIT_BUILDER (1835024), 73, 49, -9999, -9999, 2321, ffffffff
040, LOC_CIVILIZATION_BABYLON_STK_NAME, UNIT_BUILDER (1835024), 73, 49, -9999, -9999, 2304, ffffffff
040, LOC_CIVILIZATION_BABYLON_STK_NAME, UNIT_BUILDER (1835024), 73, 49, 72, 49, 16640, 8fc23dc3
040, LOC_CIVILIZATION_BABYLON_STK_NAME, UNIT_BUILDER (1835024), 73, 49, 72, 50, 16640, 8162c5fe
040, LOC_CIVILIZATION_BABYLON_STK_NAME, UNIT_BUILDER (1835024), 73, 49, 72, 49, 16640, 8fc23dc3
040, LOC_CIVILIZATION_BABYLON_STK_NAME, UNIT_BUILDER (1376267), 69, 55, 69, 53, 16640, 2da3900e
040, LOC_CIVILIZATION_BABYLON_STK_NAME, UNIT_BUILDER (1376267), 69, 55, -9999, -9999, 2320, ffffffff
040, LOC_CIVILIZATION_BABYLON_STK_NAME, UNIT_BUILDER (1376267), 69, 55, -9999, -9999, 2321, ffffffff
040, LOC_CIVILIZATION_BABYLON_STK_NAME, UNIT_BUILDER (1376267), 69, 55, -9999, -9999, 2304, ffffffff
040, LOC_CIVILIZATION_BABYLON_STK_NAME, UNIT_BUILDER (1376267), 69, 53, -9999, -9999, 2064, ffffffff
040, LOC_CIVILIZATION_BABYLON_STK_NAME, UNIT_BUILDER (1376267), 69, 53, -9999, -9999, 2065, ffffffff
040, LOC_CIVILIZATION_BABYLON_STK_NAME, UNIT_BUILDER (1376267), 69, 53, -9999, -9999, 2048, ffffffff
040, LOC_CIVILIZATION_BABYLON_STK_NAME, UNIT_BUILDER (1376267), 69, 53, -9999, -9999, 2064, ffffffff
040, LOC_CIVILIZATION_BABYLON_STK_NAME, UNIT_BUILDER (1376267), 69, 53, -9999, -9999, 2065, ffffffff
040, LOC_CIVILIZATION_BABYLON_STK_NAME, UNIT_BUILDER (1376267), 69, 53, -9999, -9999, 2048, ffffffff
040, LOC_CIVILIZATION_BABYLON_STK_NAME, UNIT_BUILDER (1376267), 69, 53, -9999, -9999, 2064, ffffffff
040, LOC_CIVILIZATION_BABYLON_STK_NAME, UNIT_BUILDER (1376267), 69, 53, -9999, -9999, 2065, ffffffff
040, LOC_CIVILIZATION_BABYLON_STK_NAME, UNIT_BUILDER (1376267), 69, 53, -9999, -9999, 2048, ffffffff
040, LOC_CIVILIZATION_BABYLON_STK_NAME, UNIT_SETTLER (1245193), 68, 50, -9999, -9999, 2320, ffffffff
040, LOC_CIVILIZATION_BABYLON_STK_NAME, UNIT_SETTLER (1245193), 68, 50, -9999, -9999, 2321, ffffffff
040, LOC_CIVILIZATION_BABYLON_STK_NAME, UNIT_SETTLER (1245193), 68, 50, -9999, -9999, 2304, ffffffff
040, LOC_CIVILIZATION_BABYLON_STK_NAME, UNIT_SETTLER (1245193), 68, 50, -9999, -9999, 2320, ffffffff
040, LOC_CIVILIZATION_BABYLON_STK_NAME, UNIT_SETTLER (1245193), 68, 50, -9999, -9999, 2321, ffffffff
040, LOC_CIVILIZATION_BABYLON_STK_NAME, UNIT_SETTLER (1245193), 68, 50, -9999, -9999, 2304, ffffffff
040, LOC_CIVILIZATION_BABYLON_STK_NAME, UNIT_BUILDER (1900561), 72, 57, -9999, -9999, 2320, ffffffff
040, LOC_CIVILIZATION_BABYLON_STK_NAME, UNIT_BUILDER (1900561), 72, 57, -9999, -9999, 2321, ffffffff
040, LOC_CIVILIZATION_BABYLON_STK_NAME, UNIT_BUILDER (1900561), 72, 57, -9999, -9999, 2304, ffffffff
040, LOC_CIVILIZATION_BABYLON_STK_NAME, UNIT_BUILDER (1900561), 72, 57, 72, 59, 16640, 2deb81aa
040, LOC_CIVILIZATION_BABYLON_STK_NAME, UNIT_BUILDER (1900561), 72, 59, -9999, -9999, 2064, ffffffff
040, LOC_CIVILIZATION_BABYLON_STK_NAME, UNIT_BUILDER (1900561), 72, 59, -9999, -9999, 2065, ffffffff
040, LOC_CIVILIZATION_BABYLON_STK_NAME, UNIT_BUILDER (1900561), 72, 59, -9999, -9999, 2048, ffffffff
040, LOC_CIVILIZATION_BABYLON_STK_NAME, UNIT_BUILDER (1900561), 72, 59, -9999, -9999, 2064, ffffffff
040, LOC_CIVILIZATION_BABYLON_STK_NAME, UNIT_BUILDER (1900561), 72, 59, -9999, -9999, 2065, ffffffff
040, LOC_CIVILIZATION_BABYLON_STK_NAME, UNIT_BUILDER (1900561), 72, 59, -9999, -9999, 2048, ffffffff
040, LOC_CIVILIZATION_BABYLON_STK_NAME, UNIT_BUILDER (1900561), 72, 59, -9999, -9999, 2064, ffffffff
040, LOC_CIVILIZATION_BABYLON_STK_NAME, UNIT_BUILDER (1900561), 72, 59, -9999, -9999, 2065, ffffffff
040, LOC_CIVILIZATION_BABYLON_STK_NAME, UNIT_BUILDER (1900561), 72, 59, -9999, -9999, 2048, ffffffff
040, LOC_CIVILIZATION_BABYLON_STK_NAME, UNIT_BUILDER (1900561), 72, 59, -9999, -9999, 2064, ffffffff
040, LOC_CIVILIZATION_BABYLON_STK_NAME, UNIT_BUILDER (1900561), 72, 59, -9999, -9999, 2065, ffffffff
040, LOC_CIVILIZATION_BABYLON_STK_NAME, UNIT_BUILDER (1900561), 72, 59, -9999, -9999, 2048, ffffffff
040, LOC_CIVILIZATION_BABYLON_STK_NAME, UNIT_BUILDER (1507340), 74, 50, -9999, -9999, 2320, ffffffff
040, LOC_CIVILIZATION_BABYLON_STK_NAME, UNIT_BUILDER (1507340), 74, 50, -9999, -9999, 2321, ffffffff
040, LOC_CIVILIZATION_BABYLON_STK_NAME, UNIT_BUILDER (1507340), 74, 50, -9999, -9999, 2304, ffffffff
040, LOC_CIVILIZATION_BABYLON_STK_NAME, UNIT_BUILDER (1835024), 73, 49, -9999, -9999, 2320, ffffffff
040, LOC_CIVILIZATION_BABYLON_STK_NAME, UNIT_BUILDER (1835024), 73, 49, -9999, -9999, 2321, ffffffff
040, LOC_CIVILIZATION_BABYLON_STK_NAME, UNIT_BUILDER (1835024), 73, 49, -9999, -9999, 2304, ffffffff
040, LOC_CIVILIZATION_BABYLON_STK_NAME, UNIT_BUILDER (1638413), 73, 48, -9999, -9999, 2320, ffffffff
040, LOC_CIVILIZATION_BABYLON_STK_NAME, UNIT_BUILDER (1638413), 73, 48, -9999, -9999, 2321, ffffffff
040, LOC_CIVILIZATION_BABYLON_STK_NAME, UNIT_BUILDER (1638413), 73, 48, -9999, -9999, 2304, ffffffff
040, LOC_CIVILIZATION_BABYLON_STK_NAME, UNIT_BUILDER (1638413), 73, 48, -9999, -9999, 2320, ffffffff
040, LOC_CIVILIZATION_BABYLON_STK_NAME, UNIT_BUILDER (1638413), 73, 48, -9999, -9999, 2321, ffffffff
040, LOC_CIVILIZATION_BABYLON_STK_NAME, UNIT_BUILDER (1638413), 73, 48, -9999, -9999, 2304, ffffffff
040, LOC_CIVILIZATION_BABYLON_STK_NAME, UNIT_BUILDER (1835024), 73, 49, -9999, -9999, 2320, ffffffff
040, LOC_CIVILIZATION_BABYLON_STK_NAME, UNIT_BUILDER (1835024), 73, 49, -9999, -9999, 2321, ffffffff
040, LOC_CIVILIZATION_BABYLON_STK_NAME, UNIT_BUILDER (1835024), 73, 49, -9999, -9999, 2304, ffffffff
040, LOC_CIVILIZATION_BABYLON_STK_NAME, UNIT_BUILDER (1835024), 73, 49, 72, 49, 16640, 8fc23dc3
040, LOC_CIVILIZATION_BABYLON_STK_NAME, UNIT_BUILDER (1835024), 73, 49, 72, 50, 16640, 8162c5fe
040, LOC_CIVILIZATION_BABYLON_STK_NAME, UNIT_BUILDER (1835024), 73, 49, 72, 49, 16640, 8fc23dc3
040, LOC_CIVILIZATION_BABYLON_STK_NAME, UNIT_BUILDER (1835024), 72, 49, -9999, -9999, 2064, ffffffff
040, LOC_CIVILIZATION_BABYLON_STK_NAME, UNIT_BUILDER (1835024), 72, 49, -9999, -9999, 2065, ffffffff
040, LOC_CIVILIZATION_BABYLON_STK_NAME, UNIT_BUILDER (1835024), 72, 49, -9999, -9999, 2048, ffffffff
040, LOC_CIVILIZATION_BABYLON_STK_NAME, UNIT_BUILDER (1835024), 72, 49, -9999, -9999, 2064, ffffffff
040, LOC_CIVILIZATION_BABYLON_STK_NAME, UNIT_BUILDER (1835024), 72, 49, -9999, -9999, 2065, ffffffff
040, LOC_CIVILIZATION_BABYLON_STK_NAME, UNIT_BUILDER (1835024), 72, 49, -9999, -9999, 2048, ffffffff
040, LOC_CIVILIZATION_BABYLON_STK_NAME, UNIT_SETTLER (1245193), 68, 50, -9999, -9999, 2320, ffffffff
040, LOC_CIVILIZATION_BABYLON_STK_NAME, UNIT_SETTLER (1245193), 68, 50, -9999, -9999, 2321, ffffffff
040, LOC_CIVILIZATION_BABYLON_STK_NAME, UNIT_SETTLER (1245193), 68, 50, -9999, -9999, 2304, ffffffff
040, LOC_CIVILIZATION_BABYLON_STK_NAME, UNIT_SETTLER (1245193), 68, 50, -9999, -9999, 2320, ffffffff
040, LOC_CIVILIZATION_BABYLON_STK_NAME, UNIT_SETTLER (1245193), 68, 50, -9999, -9999, 2321, ffffffff
040, LOC_CIVILIZATION_BABYLON_STK_NAME, UNIT_SETTLER (1245193), 68, 50, -9999, -9999, 2304, ffffffff
040, LOC_CIVILIZATION_BABYLON_STK_NAME, UNIT_BUILDER (1638413), 73, 48, -9999, -9999, 2320, ffffffff
040, LOC_CIVILIZATION_BABYLON_STK_NAME, UNIT_BUILDER (1638413), 73, 48, -9999, -9999, 2321, ffffffff
040, LOC_CIVILIZATION_BABYLON_STK_NAME, UNIT_BUILDER (1638413), 73, 48, -9999, -9999, 2304, ffffffff
040, LOC_CIVILIZATION_BABYLON_STK_NAME, UNIT_BUILDER (1507340), 74, 50, -9999, -9999, 2320, ffffffff
040, LOC_CIVILIZATION_BABYLON_STK_NAME, UNIT_BUILDER (1507340), 74, 50, -9999, -9999, 2321, ffffffff
040, LOC_CIVILIZATION_BABYLON_STK_NAME, UNIT_BUILDER (1507340), 74, 50, -9999, -9999, 2304, ffffffff
040, LOC_CIVILIZATION_BABYLON_STK_NAME, UNIT_BUILDER (1507340), 74, 50, 73, 51, 16640, 3738607b
040, LOC_CIVILIZATION_BABYLON_STK_NAME, UNIT_BUILDER (1835024), 72, 49, -9999, -9999, 2064, ffffffff
040, LOC_CIVILIZATION_BABYLON_STK_NAME, UNIT_BUILDER (1835024), 72, 49, -9999, -9999, 2065, ffffffff
040, LOC_CIVILIZATION_BABYLON_STK_NAME, UNIT_BUILDER (1835024), 72, 49, -9999, -9999, 2048, ffffffff
040, LOC_CIVILIZATION_BABYLON_STK_NAME, UNIT_BUILDER (1638413), 73, 48, -9999, -9999, 2320, ffffffff
040, LOC_CIVILIZATION_BABYLON_STK_NAME, UNIT_BUILDER (1638413), 73, 48, -9999, -9999, 2321, ffffffff
040, LOC_CIVILIZATION_BABYLON_STK_NAME, UNIT_BUILDER (1638413), 73, 48, -9999, -9999, 2304, ffffffff
040, LOC_CIVILIZATION_BABYLON_STK_NAME, UNIT_BUILDER (1638413), 73, 48, 72, 47, 16640, af056f69
040, LOC_CIVILIZATION_BABYLON_STK_NAME, UNIT_BUILDER (1638413), 72, 47, -9999, -9999, 2064, ffffffff
040, LOC_CIVILIZATION_BABYLON_STK_NAME, UNIT_BUILDER (1638413), 72, 47, -9999, -9999, 2065, ffffffff
040, LOC_CIVILIZATION_BABYLON_STK_NAME, UNIT_BUILDER (1638413), 72, 47, -9999, -9999, 2048, ffffffff
040, LOC_CIVILIZATION_BABYLON_STK_NAME, UNIT_BUILDER (1638413), 72, 47, -9999, -9999, 2064, ffffffff
040, LOC_CIVILIZATION_BABYLON_STK_NAME, UNIT_BUILDER (1638413), 72, 47, -9999, -9999, 2065, ffffffff
040, LOC_CIVILIZATION_BABYLON_STK_NAME, UNIT_BUILDER (1638413), 72, 47, -9999, -9999, 2048, ffffffff
040, LOC_CIVILIZATION_BABYLON_STK_NAME, UNIT_BUILDER (1835024), 72, 49, -9999, -9999, 2064, ffffffff
040, LOC_CIVILIZATION_BABYLON_STK_NAME, UNIT_BUILDER (1835024), 72, 49, -9999, -9999, 2065, ffffffff
040, LOC_CIVILIZATION_BABYLON_STK_NAME, UNIT_BUILDER (1835024), 72, 49, -9999, -9999, 2048, ffffffff
040, LOC_CIVILIZATION_BABYLON_STK_NAME, UNIT_BUILDER (1835024), 72, 49, -9999, -9999, 2064, ffffffff
040, LOC_CIVILIZATION_BABYLON_STK_NAME, UNIT_BUILDER (1835024), 72, 49, -9999, -9999, 2065, ffffffff
040, LOC_CIVILIZATION_BABYLON_STK_NAME, UNIT_BUILDER (1835024), 72, 49, -9999, -9999, 2048, ffffffff
040, LOC_CIVILIZATION_BABYLON_STK_NAME, UNIT_BUILDER (1507340), 74, 50, -9999, -9999, 2320, ffffffff
040, LOC_CIVILIZATION_BABYLON_STK_NAME, UNIT_BUILDER (1507340), 74, 50, -9999, -9999, 2321, ffffffff
040, LOC_CIVILIZATION_BABYLON_STK_NAME, UNIT_BUILDER (1507340), 74, 50, -9999, -9999, 2304, ffffffff
040, LOC_CIVILIZATION_BABYLON_STK_NAME, UNIT_BUILDER (1507340), 74, 50, 73, 51, 16640, 3738607b
040, LOC_CIVILIZATION_BABYLON_STK_NAME, UNIT_BUILDER (1507340), 73, 51, -9999, -9999, 2064, ffffffff
040, LOC_CIVILIZATION_BABYLON_STK_NAME, UNIT_BUILDER (1507340), 73, 51, -9999, -9999, 2065, ffffffff
040, LOC_CIVILIZATION_BABYLON_STK_NAME, UNIT_BUILDER (1507340), 73, 51, -9999, -9999, 2048, ffffffff
040, LOC_CIVILIZATION_BABYLON_STK_NAME, UNIT_BUILDER (1507340), 73, 51, -9999, -9999, 2064, ffffffff
040, LOC_CIVILIZATION_BABYLON_STK_NAME, UNIT_BUILDER (1507340), 73, 51, -9999, -9999, 2065, ffffffff
040, LOC_CIVILIZATION_BABYLON_STK_NAME, UNIT_BUILDER (1507340), 73, 51, -9999, -9999, 2048, ffffffff
040, LOC_CIVILIZATION_BABYLON_STK_NAME, UNIT_BUILDER (1507340), 73, 51, -9999, -9999, 2064, ffffffff
040, LOC_CIVILIZATION_BABYLON_STK_NAME, UNIT_BUILDER (1507340), 73, 51, -9999, -9999, 2065, ffffffff
040, LOC_CIVILIZATION_BABYLON_STK_NAME, UNIT_BUILDER (1507340), 73, 51, -9999, -9999, 2048, ffffffff
040, LOC_CIVILIZATION_BABYLON_STK_NAME, UNIT_BUILDER (1966098), 73, 49, -9999, -9999, 2320, ffffffff
040, LOC_CIVILIZATION_BABYLON_STK_NAME, UNIT_BUILDER (1966098), 73, 49, -9999, -9999, 2321, ffffffff
040, LOC_CIVILIZATION_BABYLON_STK_NAME, UNIT_BUILDER (1966098), 73, 49, -9999, -9999, 2304, ffffffff
040, LOC_CIVILIZATION_BABYLON_STK_NAME, UNIT_BUILDER (1966098), 73, 49, 75, 47, 16640, 82292e2d
040, LOC_CIVILIZATION_BABYLON_STK_NAME, UNIT_BUILDER (1966098), 73, 49, 75, 48, 16640, fa12b27e
040, LOC_CIVILIZATION_BABYLON_STK_NAME, UNIT_BUILDER (1966098), 73, 49, 74, 49, 16640, cde73abe
040, LOC_CIVILIZATION_BABYLON_STK_NAME, UNIT_BUILDER (1966098), 73, 49, 74, 50, 16640, 4b734810
040, LOC_CIVILIZATION_BABYLON_STK_NAME, UNIT_BUILDER (1966098), 73, 49, 73, 51, 16640, ffffffff
040, LOC_CIVILIZATION_BABYLON_STK_NAME, UNIT_BUILDER (1966098), 73, 49, 72, 51, 16640, 6ea0aec0
040, LOC_CIVILIZATION_BABYLON_STK_NAME, UNIT_BUILDER (1966098), 73, 49, 73, 52, 16640, b8b11071
040, LOC_CIVILIZATION_BABYLON_STK_NAME, UNIT_BUILDER (1966098), 73, 49, 72, 52, 16640, 16d981e0
040, LOC_CIVILIZATION_BABYLON_STK_NAME, UNIT_BUILDER (1966098), 73, 49, 71, 53, 16640, b614d272
040, LOC_CIVILIZATION_BABYLON_STK_NAME, UNIT_BUILDER (1966098), 73, 49, 72, 52, 16640, 16d981e0
040, LOC_CIVILIZATION_BABYLON_STK_NAME, UNIT_BUILDER (1966098), 73, 49, 73, 52, 16640, b8b11071
040, LOC_CIVILIZATION_BABYLON_STK_NAME, UNIT_BUILDER (1966098), 73, 49, 72, 51, 16640, 6ea0aec0
040, LOC_CIVILIZATION_BABYLON_STK_NAME, UNIT_BUILDER (1966098), 73, 49, 73, 51, 16640, ffffffff
040, LOC_CIVILIZATION_BABYLON_STK_NAME, UNIT_BUILDER (1966098), 73, 49, 74, 50, 16640, 4b734810
040, LOC_CIVILIZATION_BABYLON_STK_NAME, UNIT_BUILDER (1966098), 73, 49, 75, 50, 16640, fee76243
040, LOC_CIVILIZATION_BABYLON_STK_NAME, UNIT_BUILDER (1966098), 73, 49, 75, 49, 16640, 15d0d940
040, LOC_CIVILIZATION_BABYLON_STK_NAME, UNIT_BUILDER (1966098), 73, 49, 76, 48, 16640, 4ff65ec2
040, LOC_CIVILIZATION_BABYLON_STK_NAME, UNIT_BUILDER (1966098), 73, 49, 77, 48, 16640, 5cd4cc89
040, LOC_CIVILIZATION_BABYLON_STK_NAME, UNIT_BUILDER (1966098), 73, 49, 78, 48, 16640, 9544d1fd
040, LOC_CIVILIZATION_BABYLON_STK_NAME, UNIT_BUILDER (1966098), 73, 49, 79, 48, 16640, 7d1c836f
040, LOC_CIVILIZATION_BABYLON_STK_NAME, UNIT_BUILDER (1966098), 73, 49, 79, 47, 16640, 536f7f53
040, LOC_CIVILIZATION_BABYLON_STK_NAME, UNIT_BUILDER (1966098), 73, 49, 80, 47, 16640, 50811792
040, LOC_CIVILIZATION_BABYLON_STK_NAME, UNIT_BUILDER (1966098), 73, 49, 79, 47, 16640, 536f7f53
040, LOC_CIVILIZATION_BABYLON_STK_NAME, UNIT_BUILDER (1966098), 73, 49, 78, 47, 16640, c61fabc6
040, LOC_CIVILIZATION_BABYLON_STK_NAME, UNIT_BUILDER (1966098), 73, 49, 77, 47, 16640, c853990d
040, LOC_CIVILIZATION_BABYLON_STK_NAME, UNIT_BUILDER (1966098), 73, 49, 76, 47, 16640, 2cb07f50
040, LOC_CIVILIZATION_BABYLON_STK_NAME, UNIT_BUILDER (1966098), 73, 49, 76, 48, 16640, 4ff65ec2
040, LOC_CIVILIZATION_BABYLON_STK_NAME, UNIT_BUILDER (1966098), 73, 49, 75, 49, 16640, 15d0d940
040, LOC_CIVILIZATION_BABYLON_STK_NAME, UNIT_BUILDER (1966098), 73, 49, 76, 49, 16640, 3d3bd48a
040, LOC_CIVILIZATION_BABYLON_STK_NAME, UNIT_BUILDER (1966098), 73, 49, 76, 49, 16640, 3d3bd48a
040, LOC_CIVILIZATION_BABYLON_STK_NAME, UNIT_BUILDER (1966098), 73, 49, 75, 50, 16640, fee76243
040, LOC_CIVILIZATION_BABYLON_STK_NAME, UNIT_BUILDER (1966098), 73, 49, 74, 50, 16640, 4b734810
040, LOC_CIVILIZATION_BABYLON_STK_NAME, UNIT_BUILDER (1966098), 73, 49, 73, 50, 16640, c5fc4ff3
040, LOC_CIVILIZATION_BABYLON_STK_NAME, UNIT_BUILDER (1966098), 73, 49, 72, 49, 16640, ffffffff
040, LOC_CIVILIZATION_BABYLON_STK_NAME, UNIT_BUILDER (1966098), 73, 49, 72, 50, 16640, 8162c5fe
040, LOC_CIVILIZATION_BABYLON_STK_NAME, UNIT_BUILDER (1966098), 73, 49, 71, 49, 16640, f352e389
040, LOC_CIVILIZATION_BABYLON_STK_NAME, UNIT_BUILDER (1966098), 73, 49, 71, 50, 16640, 8f33c652
040, LOC_CIVILIZATION_BABYLON_STK_NAME, UNIT_BUILDER (1966098), 73, 49, 70, 49, 16640, 3d505c5b
040, LOC_CIVILIZATION_BABYLON_STK_NAME, UNIT_BUILDER (1966098), 73, 49, 69, 49, 16640, ff1c48c0
040, LOC_CIVILIZATION_BABYLON_STK_NAME, UNIT_BUILDER (1966098), 73, 49, 68, 49, 16640, 7f18cd52
040, LOC_CIVILIZATION_BABYLON_STK_NAME, UNIT_BUILDER (1966098), 73, 49, 69, 50, 16640, c664e580
040, LOC_CIVILIZATION_BABYLON_STK_NAME, UNIT_BUILDER (1966098), 73, 49, 70, 50, 16640, abb7a4e2
040, LOC_CIVILIZATION_BABYLON_STK_NAME, UNIT_BUILDER (1966098), 73, 49, 70, 51, 16640, 3628984b
040, LOC_CIVILIZATION_BABYLON_STK_NAME, UNIT_BUILDER (1966098), 73, 49, 72, 52, 16640, 16d981e0
040, LOC_CIVILIZATION_BABYLON_STK_NAME, UNIT_BUILDER (1966098), 73, 49, 72, 52, 16640, 16d981e0
040, LOC_CIVILIZATION_BABYLON_STK_NAME, UNIT_BUILDER (1966098), 73, 49, 71, 53, 16640, b614d272
040, LOC_CIVILIZATION_BABYLON_STK_NAME, UNIT_BUILDER (1966098), 73, 49, 72, 53, 16640, ca8ba253
040, LOC_CIVILIZATION_BABYLON_STK_NAME, UNIT_BUILDER (1966098), 73, 49, 72, 54, 16640, c1d7b7f7
040, LOC_CIVILIZATION_BABYLON_STK_NAME, UNIT_BUILDER (1966098), 73, 49, 72, 55, 16640, fed7505e
040, LOC_CIVILIZATION_BABYLON_STK_NAME, UNIT_BUILDER (1966098), 73, 49, 73, 56, 16640, a944a247
040, LOC_CIVILIZATION_BABYLON_STK_NAME, UNIT_BUILDER (1966098), 73, 49, 72, 55, 16640, fed7505e
040, LOC_CIVILIZATION_BABYLON_STK_NAME, UNIT_BUILDER (1966098), 72, 52, -9999, -9999, 2064, ffffffff
040, LOC_CIVILIZATION_BABYLON_STK_NAME, UNIT_BUILDER (1966098), 72, 52, -9999, -9999, 2065, ffffffff
040, LOC_CIVILIZATION_BABYLON_STK_NAME, UNIT_BUILDER (1966098), 72, 52, -9999, -9999, 2048, ffffffff
040, LOC_CIVILIZATION_BABYLON_STK_NAME, UNIT_BUILDER (1966098), 72, 52, -9999, -9999, 2064, ffffffff
040, LOC_CIVILIZATION_BABYLON_STK_NAME, UNIT_BUILDER (1966098), 72, 52, -9999, -9999, 2065, ffffffff
040, LOC_CIVILIZATION_BABYLON_STK_NAME, UNIT_BUILDER (1966098), 72, 52, -9999, -9999, 2048, ffffffff
040, LOC_CIVILIZATION_BABYLON_STK_NAME, UNIT_BUILDER (1114119), 81, 45, 81, 46, 16384, cfefcb96
040, LOC_CIVILIZATION_BABYLON_STK_NAME, UNIT_BUILDER (1769487), 77, 45, -9999, -9999, 2064, ffffffff
040, LOC_CIVILIZATION_BABYLON_STK_NAME, UNIT_BUILDER (1769487), 77, 45, -9999, -9999, 2065, ffffffff
040, LOC_CIVILIZATION_BABYLON_STK_NAME, UNIT_BUILDER (1769487), 77, 45, -9999, -9999, 2048, ffffffff
040, LOC_CIVILIZATION_BABYLON_STK_NAME, UNIT_BUILDER (1769487), 77, 45, -9999, -9999, 2064, ffffffff
040, LOC_CIVILIZATION_BABYLON_STK_NAME, UNIT_BUILDER (1769487), 77, 45, -9999, -9999, 2065, ffffffff
040, LOC_CIVILIZATION_BABYLON_STK_NAME, UNIT_BUILDER (1769487), 77, 45, -9999, -9999, 2048, ffffffff
040, LOC_CIVILIZATION_BABYLON_STK_NAME, UNIT_BUILDER (1769487), 77, 45, -9999, -9999, 2064, ffffffff
040, LOC_CIVILIZATION_BABYLON_STK_NAME, UNIT_BUILDER (1769487), 77, 45, -9999, -9999, 2065, ffffffff
040, LOC_CIVILIZATION_BABYLON_STK_NAME, UNIT_BUILDER (1769487), 77, 45, -9999, -9999, 2048, ffffffff
040, LOC_CIVILIZATION_BABYLON_STK_NAME, UNIT_BUILDER (1769487), 77, 45, 78, 45, 4, 54ac3cae
040, LOC_CIVILIZATION_BABYLON_STK_NAME, UNIT_BUILDER (1769487), 77, 45, 78, 45, 16384, 54ac3cae
040, LOC_CIVILIZATION_BABYLON_STK_NAME, UNIT_BUILDER (1769487), 77, 45, 78, 45, 4, 54ac3cae
040, LOC_CIVILIZATION_BABYLON_STK_NAME, UNIT_BUILDER (1310730), 76, 45, 77, 45, 16384, 629f5c28
040, LOC_CIVILIZATION_BABYLON_STK_NAME, UNIT_BUILDER (1310730), 76, 45, 76, 44, 16384, 65698f13
040, LOC_CIVILIZATION_BABYLON_STK_NAME, UNIT_BUILDER (1769487), 78, 45, 77, 45, 16384, c89694a3
040, LOC_CIVILIZATION_BABYLON_STK_NAME, UNIT_BUILDER (1114119), 81, 45, 81, 46, 16384, cfefcb96
040, LOC_CIVILIZATION_BABYLON_STK_NAME, UNIT_WARRIOR (131073), 48, 70, -9999, -9999, 2320, ffffffff
040, LOC_CIVILIZATION_BABYLON_STK_NAME, UNIT_WARRIOR (131073), 48, 70, -9999, -9999, 2321, ffffffff
040, LOC_CIVILIZATION_BABYLON_STK_NAME, UNIT_WARRIOR (131073), 48, 70, -9999, -9999, 2304, ffffffff
040, LOC_CIVILIZATION_BABYLON_STK_NAME, UNIT_WARRIOR (131073), 48, 70, -9999, -9999, 2370, ffffffff
040, LOC_CIVILIZATION_BABYLON_STK_NAME, UNIT_WARRIOR (131073), 48, 70, 27, 69, 256, 1d0923f2
040, LOC_CIVILIZATION_BABYLON_STK_NAME, UNIT_WARRIOR (131073), 48, 70, 47, 71, 16656, fede7a9a
041, LOC_CIVILIZATION_BABYLON_STK_NAME, UNIT_WARRIOR (131073), 47, 71, -9999, -9999, 2320, ffffffff
041, LOC_CIVILIZATION_BABYLON_STK_NAME, UNIT_WARRIOR (131073), 47, 71, -9999, -9999, 2321, ffffffff
041, LOC_CIVILIZATION_BABYLON_STK_NAME, UNIT_WARRIOR (131073), 47, 71, -9999, -9999, 2304, ffffffff
041, LOC_CIVILIZATION_BABYLON_STK_NAME, UNIT_WARRIOR (131073), 47, 71, -9999, -9999, 2370, ffffffff
041, LOC_CIVILIZATION_BABYLON_STK_NAME, UNIT_WARRIOR (131073), 47, 71, 27, 69, 256, 1c09ac48
041, LOC_CIVILIZATION_BABYLON_STK_NAME, UNIT_WARRIOR (131073), 47, 71, -9999, -9999, 2370, ffffffff
041, LOC_CIVILIZATION_BABYLON_STK_NAME, UNIT_WARRIOR (131073), 47, 71, 27, 69, 256, 1c09ac48
041, LOC_CIVILIZATION_BABYLON_STK_NAME, UNIT_WARRIOR (131073), 47, 71, 46, 70, 16656, 5f466a8b
041, LOC_CIVILIZATION_BABYLON_STK_NAME, UNIT_WARRIOR (131073), 47, 71, 45, 71, 16656, f22983a4
041, LOC_CIVILIZATION_BABYLON_STK_NAME, UNIT_WARRIOR (131073), 47, 71, 46, 70, 16656, 5f466a8b
041, LOC_CIVILIZATION_BABYLON_STK_NAME, UNIT_WARRIOR (131073), 46, 70, -9999, -9999, 2064, ffffffff
041, LOC_CIVILIZATION_BABYLON_STK_NAME, UNIT_WARRIOR (131073), 46, 70, -9999, -9999, 2065, ffffffff
041, LOC_CIVILIZATION_BABYLON_STK_NAME, UNIT_WARRIOR (131073), 46, 70, -9999, -9999, 2048, ffffffff
041, LOC_CIVILIZATION_BABYLON_STK_NAME, UNIT_BUILDER (1900561), 72, 59, -9999, -9999, 2320, ffffffff
041, LOC_CIVILIZATION_BABYLON_STK_NAME, UNIT_BUILDER (1900561), 72, 59, -9999, -9999, 2321, ffffffff
041, LOC_CIVILIZATION_BABYLON_STK_NAME, UNIT_BUILDER (1900561), 72, 59, -9999, -9999, 2304, ffffffff
041, LOC_CIVILIZATION_BABYLON_STK_NAME, UNIT_BUILDER (1900561), 72, 59, -9999, -9999, 2320, ffffffff
041, LOC_CIVILIZATION_BABYLON_STK_NAME, UNIT_BUILDER (1900561), 72, 59, -9999, -9999, 2321, ffffffff
041, LOC_CIVILIZATION_BABYLON_STK_NAME, UNIT_BUILDER (1900561), 72, 59, -9999, -9999, 2304, ffffffff
041, LOC_CIVILIZATION_BABYLON_STK_NAME, UNIT_BUILDER (1900561), 72, 59, 73, 59, 16640, a0a091d4
041, LOC_CIVILIZATION_BABYLON_STK_NAME, UNIT_BUILDER (1900561), 73, 59, -9999, -9999, 2064, ffffffff
041, LOC_CIVILIZATION_BABYLON_STK_NAME, UNIT_BUILDER (1900561), 73, 59, -9999, -9999, 2065, ffffffff
041, LOC_CIVILIZATION_BABYLON_STK_NAME, UNIT_BUILDER (1900561), 73, 59, -9999, -9999, 2048, ffffffff
041, LOC_CIVILIZATION_BABYLON_STK_NAME, UNIT_BUILDER (1900561), 73, 59, -9999, -9999, 2064, ffffffff
041, LOC_CIVILIZATION_BABYLON_STK_NAME, UNIT_BUILDER (1900561), 73, 59, -9999, -9999, 2065, ffffffff
041, LOC_CIVILIZATION_BABYLON_STK_NAME, UNIT_BUILDER (1900561), 73, 59, -9999, -9999, 2048, ffffffff
041, LOC_CIVILIZATION_BABYLON_STK_NAME, UNIT_BUILDER (2031625), 72, 57, -9999, -9999, 2320, ffffffff
041, LOC_CIVILIZATION_BABYLON_STK_NAME, UNIT_BUILDER (2031625), 72, 57, -9999, -9999, 2321, ffffffff
041, LOC_CIVILIZATION_BABYLON_STK_NAME, UNIT_BUILDER (2031625), 72, 57, -9999, -9999, 2304, ffffffff
041, LOC_CIVILIZATION_BABYLON_STK_NAME, UNIT_BUILDER (2031625), 72, 57, 70, 57, 16640, 9f9be28b
041, LOC_CIVILIZATION_BABYLON_STK_NAME, UNIT_BUILDER (2031625), 72, 57, 70, 56, 16640, ed95aa2d
041, LOC_CIVILIZATION_BABYLON_STK_NAME, UNIT_BUILDER (2031625), 72, 57, 70, 57, 16640, 9f9be28b
041, LOC_CIVILIZATION_BABYLON_STK_NAME, UNIT_BUILDER (2031625), 70, 57, -9999, -9999, 2064, ffffffff
041, LOC_CIVILIZATION_BABYLON_STK_NAME, UNIT_BUILDER (2031625), 70, 57, -9999, -9999, 2065, ffffffff
041, LOC_CIVILIZATION_BABYLON_STK_NAME, UNIT_BUILDER (2031625), 70, 57, -9999, -9999, 2048, ffffffff
041, LOC_CIVILIZATION_BABYLON_STK_NAME, UNIT_BUILDER (2031625), 70, 57, -9999, -9999, 2064, ffffffff
041, LOC_CIVILIZATION_BABYLON_STK_NAME, UNIT_BUILDER (2031625), 70, 57, -9999, -9999, 2065, ffffffff
041, LOC_CIVILIZATION_BABYLON_STK_NAME, UNIT_BUILDER (2031625), 70, 57, -9999, -9999, 2048, ffffffff
041, LOC_CIVILIZATION_BABYLON_STK_NAME, UNIT_BUILDER (2031625), 70, 57, -9999, -9999, 2064, ffffffff
041, LOC_CIVILIZATION_BABYLON_STK_NAME, UNIT_BUILDER (2031625), 70, 57, -9999, -9999, 2065, ffffffff
041, LOC_CIVILIZATION_BABYLON_STK_NAME, UNIT_BUILDER (2031625), 70, 57, -9999, -9999, 2048, ffffffff
041, LOC_CIVILIZATION_BABYLON_STK_NAME, UNIT_BUILDER (1900561), 73, 59, -9999, -9999, 2064, ffffffff
041, LOC_CIVILIZATION_BABYLON_STK_NAME, UNIT_BUILDER (1900561), 73, 59, -9999, -9999, 2065, ffffffff
041, LOC_CIVILIZATION_BABYLON_STK_NAME, UNIT_BUILDER (1900561), 73, 59, -9999, -9999, 2048, ffffffff
041, LOC_CIVILIZATION_BABYLON_STK_NAME, UNIT_BUILDER (1507340), 73, 51, -9999, -9999, 2320, ffffffff
041, LOC_CIVILIZATION_BABYLON_STK_NAME, UNIT_BUILDER (1507340), 73, 51, -9999, -9999, 2321, ffffffff
041, LOC_CIVILIZATION_BABYLON_STK_NAME, UNIT_BUILDER (1507340), 73, 51, -9999, -9999, 2304, ffffffff
041, LOC_CIVILIZATION_BABYLON_STK_NAME, UNIT_BUILDER (1835024), 72, 49, -9999, -9999, 2320, ffffffff
041, LOC_CIVILIZATION_BABYLON_STK_NAME, UNIT_BUILDER (1835024), 72, 49, -9999, -9999, 2321, ffffffff
041, LOC_CIVILIZATION_BABYLON_STK_NAME, UNIT_BUILDER (1835024), 72, 49, -9999, -9999, 2304, ffffffff
041, LOC_CIVILIZATION_BABYLON_STK_NAME, UNIT_BUILDER (1376267), 69, 53, -9999, -9999, 2320, ffffffff
041, LOC_CIVILIZATION_BABYLON_STK_NAME, UNIT_BUILDER (1376267), 69, 53, -9999, -9999, 2321, ffffffff
041, LOC_CIVILIZATION_BABYLON_STK_NAME, UNIT_BUILDER (1376267), 69, 53, -9999, -9999, 2304, ffffffff
041, LOC_CIVILIZATION_BABYLON_STK_NAME, UNIT_BUILDER (1376267), 69, 53, -9999, -9999, 2320, ffffffff
041, LOC_CIVILIZATION_BABYLON_STK_NAME, UNIT_BUILDER (1376267), 69, 53, -9999, -9999, 2321, ffffffff
041, LOC_CIVILIZATION_BABYLON_STK_NAME, UNIT_BUILDER (1376267), 69, 53, -9999, -9999, 2304, ffffffff
041, LOC_CIVILIZATION_BABYLON_STK_NAME, UNIT_BUILDER (2031625), 70, 57, 68, 56, 16384, 15409288
041, LOC_CIVILIZATION_BABYLON_STK_NAME, UNIT_BUILDER (1376267), 69, 53, -9999, -9999, 2320, ffffffff
041, LOC_CIVILIZATION_BABYLON_STK_NAME, UNIT_BUILDER (1376267), 69, 53, -9999, -9999, 2321, ffffffff
041, LOC_CIVILIZATION_BABYLON_STK_NAME, UNIT_BUILDER (1376267), 69, 53, -9999, -9999, 2304, ffffffff
041, LOC_CIVILIZATION_BABYLON_STK_NAME, UNIT_BUILDER (1376267), 69, 53, -9999, -9999, 2320, ffffffff
041, LOC_CIVILIZATION_BABYLON_STK_NAME, UNIT_BUILDER (1376267), 69, 53, -9999, -9999, 2321, ffffffff
041, LOC_CIVILIZATION_BABYLON_STK_NAME, UNIT_BUILDER (1376267), 69, 53, -9999, -9999, 2304, ffffffff
041, LOC_CIVILIZATION_BABYLON_STK_NAME, UNIT_BUILDER (1638413), 72, 47, -9999, -9999, 2320, ffffffff
041, LOC_CIVILIZATION_BABYLON_STK_NAME, UNIT_BUILDER (1638413), 72, 47, -9999, -9999, 2321, ffffffff
041, LOC_CIVILIZATION_BABYLON_STK_NAME, UNIT_BUILDER (1638413), 72, 47, -9999, -9999, 2304, ffffffff
041, LOC_CIVILIZATION_BABYLON_STK_NAME, UNIT_BUILDER (1638413), 72, 47, 68, 49, 16640, 661cdc19
041, LOC_CIVILIZATION_BABYLON_STK_NAME, UNIT_BUILDER (1638413), 70, 48, -9999, -9999, 2064, ffffffff
041, LOC_CIVILIZATION_BABYLON_STK_NAME, UNIT_BUILDER (1638413), 70, 48, -9999, -9999, 2065, ffffffff
041, LOC_CIVILIZATION_BABYLON_STK_NAME, UNIT_BUILDER (1638413), 70, 48, -9999, -9999, 2048, ffffffff
041, LOC_CIVILIZATION_BABYLON_STK_NAME, UNIT_BUILDER (1638413), 70, 48, -9999, -9999, 2064, ffffffff
041, LOC_CIVILIZATION_BABYLON_STK_NAME, UNIT_BUILDER (1638413), 70, 48, -9999, -9999, 2065, ffffffff
041, LOC_CIVILIZATION_BABYLON_STK_NAME, UNIT_BUILDER (1638413), 70, 48, -9999, -9999, 2048, ffffffff
041, LOC_CIVILIZATION_BABYLON_STK_NAME, UNIT_BUILDER (1376267), 69, 53, -9999, -9999, 2320, ffffffff
041, LOC_CIVILIZATION_BABYLON_STK_NAME, UNIT_BUILDER (1376267), 69, 53, -9999, -9999, 2321, ffffffff
041, LOC_CIVILIZATION_BABYLON_STK_NAME, UNIT_BUILDER (1376267), 69, 53, -9999, -9999, 2304, ffffffff
041, LOC_CIVILIZATION_BABYLON_STK_NAME, UNIT_BUILDER (1376267), 69, 53, -9999, -9999, 2320, ffffffff
041, LOC_CIVILIZATION_BABYLON_STK_NAME, UNIT_BUILDER (1376267), 69, 53, -9999, -9999, 2321, ffffffff
041, LOC_CIVILIZATION_BABYLON_STK_NAME, UNIT_BUILDER (1376267), 69, 53, -9999, -9999, 2304, ffffffff
041, LOC_CIVILIZATION_BABYLON_STK_NAME, UNIT_BUILDER (1376267), 69, 53, 70, 54, 16640, a9f765f5
041, LOC_CIVILIZATION_BABYLON_STK_NAME, UNIT_BUILDER (1900561), 73, 59, -9999, -9999, 2064, ffffffff
041, LOC_CIVILIZATION_BABYLON_STK_NAME, UNIT_BUILDER (1900561), 73, 59, -9999, -9999, 2065, ffffffff
041, LOC_CIVILIZATION_BABYLON_STK_NAME, UNIT_BUILDER (1900561), 73, 59, -9999, -9999, 2048, ffffffff
041, LOC_CIVILIZATION_BABYLON_STK_NAME, UNIT_BUILDER (1900561), 73, 59, 73, 58, 16384, d3402514
041, LOC_CIVILIZATION_BABYLON_STK_NAME, UNIT_BUILDER (1310730), 76, 45, 76, 44, 16640, 65698f13
041, LOC_CIVILIZATION_BABYLON_STK_NAME, UNIT_BUILDER (1310730), 76, 45, -9999, -9999, 2320, ffffffff
041, LOC_CIVILIZATION_BABYLON_STK_NAME, UNIT_BUILDER (1310730), 76, 45, -9999, -9999, 2321, ffffffff
041, LOC_CIVILIZATION_BABYLON_STK_NAME, UNIT_BUILDER (1310730), 76, 45, -9999, -9999, 2304, ffffffff
041, LOC_CIVILIZATION_BABYLON_STK_NAME, UNIT_BUILDER (1310730), 76, 44, -9999, -9999, 2064, ffffffff
041, LOC_CIVILIZATION_BABYLON_STK_NAME, UNIT_BUILDER (1310730), 76, 44, -9999, -9999, 2065, ffffffff
041, LOC_CIVILIZATION_BABYLON_STK_NAME, UNIT_BUILDER (1310730), 76, 44, -9999, -9999, 2048, ffffffff
041, LOC_CIVILIZATION_BABYLON_STK_NAME, UNIT_BUILDER (1310730), 76, 44, -9999, -9999, 2064, ffffffff
041, LOC_CIVILIZATION_BABYLON_STK_NAME, UNIT_BUILDER (1310730), 76, 44, -9999, -9999, 2065, ffffffff
041, LOC_CIVILIZATION_BABYLON_STK_NAME, UNIT_BUILDER (1310730), 76, 44, -9999, -9999, 2048, ffffffff
041, LOC_CIVILIZATION_BABYLON_STK_NAME, UNIT_BUILDER (1769487), 78, 45, 77, 45, 16640, c89694a3
041, LOC_CIVILIZATION_BABYLON_STK_NAME, UNIT_BUILDER (1769487), 78, 45, -9999, -9999, 2320, ffffffff
041, LOC_CIVILIZATION_BABYLON_STK_NAME, UNIT_BUILDER (1769487), 78, 45, -9999, -9999, 2321, ffffffff
041, LOC_CIVILIZATION_BABYLON_STK_NAME, UNIT_BUILDER (1769487), 78, 45, -9999, -9999, 2304, ffffffff
041, LOC_CIVILIZATION_BABYLON_STK_NAME, UNIT_BUILDER (1769487), 77, 45, -9999, -9999, 2064, ffffffff
041, LOC_CIVILIZATION_BABYLON_STK_NAME, UNIT_BUILDER (1769487), 77, 45, -9999, -9999, 2065, ffffffff
041, LOC_CIVILIZATION_BABYLON_STK_NAME, UNIT_BUILDER (1769487), 77, 45, -9999, -9999, 2048, ffffffff
041, LOC_CIVILIZATION_BABYLON_STK_NAME, UNIT_BUILDER (1769487), 77, 45, -9999, -9999, 2064, ffffffff
041, LOC_CIVILIZATION_BABYLON_STK_NAME, UNIT_BUILDER (1769487), 77, 45, -9999, -9999, 2065, ffffffff
041, LOC_CIVILIZATION_BABYLON_STK_NAME, UNIT_BUILDER (1769487), 77, 45, -9999, -9999, 2048, ffffffff
041, LOC_CIVILIZATION_BABYLON_STK_NAME, UNIT_BUILDER (1114119), 81, 45, 81, 46, 16640, cfefcb96
041, LOC_CIVILIZATION_BABYLON_STK_NAME, UNIT_BUILDER (1114119), 81, 45, -9999, -9999, 2320, ffffffff
041, LOC_CIVILIZATION_BABYLON_STK_NAME, UNIT_BUILDER (1114119), 81, 45, -9999, -9999, 2321, ffffffff
041, LOC_CIVILIZATION_BABYLON_STK_NAME, UNIT_BUILDER (1114119), 81, 45, -9999, -9999, 2304, ffffffff
041, LOC_CIVILIZATION_BABYLON_STK_NAME, UNIT_BUILDER (1114119), 81, 46, -9999, -9999, 2064, ffffffff
041, LOC_CIVILIZATION_BABYLON_STK_NAME, UNIT_BUILDER (1114119), 81, 46, -9999, -9999, 2065, ffffffff
041, LOC_CIVILIZATION_BABYLON_STK_NAME, UNIT_BUILDER (1114119), 81, 46, -9999, -9999, 2048, ffffffff
041, LOC_CIVILIZATION_BABYLON_STK_NAME, UNIT_BUILDER (1114119), 81, 46, -9999, -9999, 2064, ffffffff
041, LOC_CIVILIZATION_BABYLON_STK_NAME, UNIT_BUILDER (1114119), 81, 46, -9999, -9999, 2065, ffffffff
041, LOC_CIVILIZATION_BABYLON_STK_NAME, UNIT_BUILDER (1114119), 81, 46, -9999, -9999, 2048, ffffffff
041, LOC_CIVILIZATION_BABYLON_STK_NAME, UNIT_BUILDER (1114119), 81, 46, -9999, -9999, 2064, ffffffff
041, LOC_CIVILIZATION_BABYLON_STK_NAME, UNIT_BUILDER (1114119), 81, 46, -9999, -9999, 2065, ffffffff
041, LOC_CIVILIZATION_BABYLON_STK_NAME, UNIT_BUILDER (1114119), 81, 46, -9999, -9999, 2048, ffffffff
041, LOC_CIVILIZATION_BABYLON_STK_NAME, UNIT_BUILDER (1114119), 81, 46, -9999, -9999, 2064, ffffffff
041, LOC_CIVILIZATION_BABYLON_STK_NAME, UNIT_BUILDER (1114119), 81, 46, -9999, -9999, 2065, ffffffff
041, LOC_CIVILIZATION_BABYLON_STK_NAME, UNIT_BUILDER (1114119), 81, 46, -9999, -9999, 2048, ffffffff
041, LOC_CIVILIZATION_BABYLON_STK_NAME, UNIT_BUILDER (1638413), 70, 48, 68, 49, 16384, 3440a62f
042, LOC_CIVILIZATION_BABYLON_STK_NAME, UNIT_BABYLONIAN_SABUM_KIBITTUM (196608), 40, 69, -9999, -9999, 2320, ffffffff
042, LOC_CIVILIZATION_BABYLON_STK_NAME, UNIT_BABYLONIAN_SABUM_KIBITTUM (196608), 40, 69, -9999, -9999, 2321, ffffffff
042, LOC_CIVILIZATION_BABYLON_STK_NAME, UNIT_BABYLONIAN_SABUM_KIBITTUM (196608), 40, 69, -9999, -9999, 2304, ffffffff
042, LOC_CIVILIZATION_BABYLON_STK_NAME, UNIT_BABYLONIAN_SABUM_KIBITTUM (196608), 40, 69, -9999, -9999, 2320, ffffffff
042, LOC_CIVILIZATION_BABYLON_STK_NAME, UNIT_BABYLONIAN_SABUM_KIBITTUM (196608), 40, 69, -9999, -9999, 2321, ffffffff
042, LOC_CIVILIZATION_BABYLON_STK_NAME, UNIT_BABYLONIAN_SABUM_KIBITTUM (196608), 40, 69, -9999, -9999, 2304, ffffffff
042, LOC_CIVILIZATION_BABYLON_STK_NAME, UNIT_BABYLONIAN_SABUM_KIBITTUM (196608), 40, 69, -9999, -9999, 2370, ffffffff
042, LOC_CIVILIZATION_BABYLON_STK_NAME, UNIT_BABYLONIAN_SABUM_KIBITTUM (196608), 40, 69, 27, 69, 256, 14bbd949
042, LOC_CIVILIZATION_BABYLON_STK_NAME, UNIT_BABYLONIAN_SABUM_KIBITTUM (196608), 40, 69, -9999, -9999, 2370, ffffffff
042, LOC_CIVILIZATION_BABYLON_STK_NAME, UNIT_BABYLONIAN_SABUM_KIBITTUM (196608), 40, 69, 27, 69, 256, 14bbd949
042, LOC_CIVILIZATION_BABYLON_STK_NAME, UNIT_BABYLONIAN_SABUM_KIBITTUM (196608), 40, 69, 40, 70, 16656, 81c78c95
042, LOC_CIVILIZATION_BABYLON_STK_NAME, UNIT_BABYLONIAN_SABUM_KIBITTUM (262146), 19, 73, -9999, -9999, 2370, ffffffff
042, LOC_CIVILIZATION_BABYLON_STK_NAME, UNIT_BABYLONIAN_SABUM_KIBITTUM (262146), 19, 73, 16, 69, 256, 6feca28c
042, LOC_CIVILIZATION_BABYLON_STK_NAME, UNIT_BABYLONIAN_SABUM_KIBITTUM (262146), 19, 73, -9999, -9999, 2320, ffffffff
042, LOC_CIVILIZATION_BABYLON_STK_NAME, UNIT_BABYLONIAN_SABUM_KIBITTUM (262146), 19, 73, -9999, -9999, 2321, ffffffff
042, LOC_CIVILIZATION_BABYLON_STK_NAME, UNIT_BABYLONIAN_SABUM_KIBITTUM (262146), 19, 73, -9999, -9999, 2304, ffffffff
042, LOC_CIVILIZATION_BABYLON_STK_NAME, UNIT_BABYLONIAN_SABUM_KIBITTUM (262146), 19, 73, -9999, -9999, 2370, ffffffff
042, LOC_CIVILIZATION_BABYLON_STK_NAME, UNIT_BABYLONIAN_SABUM_KIBITTUM (262146), 19, 73, 16, 69, 256, 6feca28c
042, LOC_CIVILIZATION_BABYLON_STK_NAME, UNIT_BABYLONIAN_SABUM_KIBITTUM (262146), 19, 73, -9999, -9999, 2320, ffffffff
042, LOC_CIVILIZATION_BABYLON_STK_NAME, UNIT_BABYLONIAN_SABUM_KIBITTUM (262146), 19, 73, -9999, -9999, 2321, ffffffff
042, LOC_CIVILIZATION_BABYLON_STK_NAME, UNIT_BABYLONIAN_SABUM_KIBITTUM (262146), 19, 73, -9999, -9999, 2304, ffffffff
042, LOC_CIVILIZATION_BABYLON_STK_NAME, UNIT_BABYLONIAN_SABUM_KIBITTUM (262146), 19, 73, -9999, -9999, 2370, ffffffff
042, LOC_CIVILIZATION_BABYLON_STK_NAME, UNIT_BABYLONIAN_SABUM_KIBITTUM (262146), 19, 73, 16, 69, 256, 6feca28c
042, LOC_CIVILIZATION_BABYLON_STK_NAME, UNIT_BUILDER (1376267), 70, 54, -9999, -9999, 2320, ffffffff
042, LOC_CIVILIZATION_BABYLON_STK_NAME, UNIT_BUILDER (1376267), 70, 54, -9999, -9999, 2321, ffffffff
042, LOC_CIVILIZATION_BABYLON_STK_NAME, UNIT_BUILDER (1376267), 70, 54, -9999, -9999, 2304, ffffffff
042, LOC_CIVILIZATION_BABYLON_STK_NAME, UNIT_BUILDER (2031625), 70, 57, 68, 56, 16640, 15409288
042, LOC_CIVILIZATION_BABYLON_STK_NAME, UNIT_BUILDER (2031625), 70, 57, -9999, -9999, 2320, ffffffff
042, LOC_CIVILIZATION_BABYLON_STK_NAME, UNIT_BUILDER (2031625), 70, 57, -9999, -9999, 2321, ffffffff
042, LOC_CIVILIZATION_BABYLON_STK_NAME, UNIT_BUILDER (2031625), 70, 57, -9999, -9999, 2304, ffffffff
042, LOC_CIVILIZATION_BABYLON_STK_NAME, UNIT_BUILDER (1966098), 72, 55, -9999, -9999, 2320, ffffffff
042, LOC_CIVILIZATION_BABYLON_STK_NAME, UNIT_BUILDER (1966098), 72, 55, -9999, -9999, 2321, ffffffff
042, LOC_CIVILIZATION_BABYLON_STK_NAME, UNIT_BUILDER (1966098), 72, 55, -9999, -9999, 2304, ffffffff
042, LOC_CIVILIZATION_BABYLON_STK_NAME, UNIT_BUILDER (1966098), 72, 55, 73, 56, 16640, 8a81ac76
042, LOC_CIVILIZATION_BABYLON_STK_NAME, UNIT_BUILDER (2031625), 70, 57, 68, 56, 16640, 15409288
042, LOC_CIVILIZATION_BABYLON_STK_NAME, UNIT_BUILDER (2031625), 70, 57, -9999, -9999, 2320, ffffffff
042, LOC_CIVILIZATION_BABYLON_STK_NAME, UNIT_BUILDER (2031625), 70, 57, -9999, -9999, 2321, ffffffff
042, LOC_CIVILIZATION_BABYLON_STK_NAME, UNIT_BUILDER (2031625), 70, 57, -9999, -9999, 2304, ffffffff
042, LOC_CIVILIZATION_BABYLON_STK_NAME, UNIT_BUILDER (2031625), 68, 56, -9999, -9999, 2064, ffffffff
042, LOC_CIVILIZATION_BABYLON_STK_NAME, UNIT_BUILDER (2031625), 68, 56, -9999, -9999, 2065, ffffffff
042, LOC_CIVILIZATION_BABYLON_STK_NAME, UNIT_BUILDER (2031625), 68, 56, -9999, -9999, 2048, ffffffff
042, LOC_CIVILIZATION_BABYLON_STK_NAME, UNIT_BUILDER (2031625), 68, 56, -9999, -9999, 2064, ffffffff
042, LOC_CIVILIZATION_BABYLON_STK_NAME, UNIT_BUILDER (2031625), 68, 56, -9999, -9999, 2065, ffffffff
042, LOC_CIVILIZATION_BABYLON_STK_NAME, UNIT_BUILDER (2031625), 68, 56, -9999, -9999, 2048, ffffffff
042, LOC_CIVILIZATION_BABYLON_STK_NAME, UNIT_BUILDER (1376267), 70, 54, -9999, -9999, 2320, ffffffff
042, LOC_CIVILIZATION_BABYLON_STK_NAME, UNIT_BUILDER (1376267), 70, 54, -9999, -9999, 2321, ffffffff
042, LOC_CIVILIZATION_BABYLON_STK_NAME, UNIT_BUILDER (1376267), 70, 54, -9999, -9999, 2304, ffffffff
042, LOC_CIVILIZATION_BABYLON_STK_NAME, UNIT_BUILDER (1900561), 73, 59, -9999, -9999, 2320, ffffffff
042, LOC_CIVILIZATION_BABYLON_STK_NAME, UNIT_BUILDER (1900561), 73, 59, -9999, -9999, 2321, ffffffff
042, LOC_CIVILIZATION_BABYLON_STK_NAME, UNIT_BUILDER (1900561), 73, 59, -9999, -9999, 2304, ffffffff
042, LOC_CIVILIZATION_BABYLON_STK_NAME, UNIT_BUILDER (1638413), 70, 48, 68, 49, 16640, 3440a62f
042, LOC_CIVILIZATION_BABYLON_STK_NAME, UNIT_BUILDER (1638413), 70, 48, -9999, -9999, 2320, ffffffff
042, LOC_CIVILIZATION_BABYLON_STK_NAME, UNIT_BUILDER (1638413), 70, 48, -9999, -9999, 2321, ffffffff
042, LOC_CIVILIZATION_BABYLON_STK_NAME, UNIT_BUILDER (1638413), 70, 48, -9999, -9999, 2304, ffffffff
042, LOC_CIVILIZATION_BABYLON_STK_NAME, UNIT_BUILDER (1638413), 68, 49, -9999, -9999, 2064, ffffffff
042, LOC_CIVILIZATION_BABYLON_STK_NAME, UNIT_BUILDER (1638413), 68, 49, -9999, -9999, 2065, ffffffff
042, LOC_CIVILIZATION_BABYLON_STK_NAME, UNIT_BUILDER (1638413), 68, 49, -9999, -9999, 2048, ffffffff
042, LOC_CIVILIZATION_BABYLON_STK_NAME, UNIT_BUILDER (1638413), 68, 49, -9999, -9999, 2064, ffffffff
042, LOC_CIVILIZATION_BABYLON_STK_NAME, UNIT_BUILDER (1638413), 68, 49, -9999, -9999, 2065, ffffffff
042, LOC_CIVILIZATION_BABYLON_STK_NAME, UNIT_BUILDER (1638413), 68, 49, -9999, -9999, 2048, ffffffff
042, LOC_CIVILIZATION_BABYLON_STK_NAME, UNIT_BUILDER (1638413), 68, 49, -9999, -9999, 2064, ffffffff
042, LOC_CIVILIZATION_BABYLON_STK_NAME, UNIT_BUILDER (1638413), 68, 49, -9999, -9999, 2065, ffffffff
042, LOC_CIVILIZATION_BABYLON_STK_NAME, UNIT_BUILDER (1638413), 68, 49, -9999, -9999, 2048, ffffffff
042, LOC_CIVILIZATION_BABYLON_STK_NAME, UNIT_BUILDER (1900561), 73, 59, -9999, -9999, 2320, ffffffff
042, LOC_CIVILIZATION_BABYLON_STK_NAME, UNIT_BUILDER (1900561), 73, 59, -9999, -9999, 2321, ffffffff
042, LOC_CIVILIZATION_BABYLON_STK_NAME, UNIT_BUILDER (1900561), 73, 59, -9999, -9999, 2304, ffffffff
042, LOC_CIVILIZATION_BABYLON_STK_NAME, UNIT_BUILDER (1900561), 73, 59, 73, 58, 16384, d3402514
042, LOC_CIVILIZATION_BABYLON_STK_NAME, UNIT_BUILDER (1507340), 73, 51, -9999, -9999, 2320, ffffffff
042, LOC_CIVILIZATION_BABYLON_STK_NAME, UNIT_BUILDER (1507340), 73, 51, -9999, -9999, 2321, ffffffff
042, LOC_CIVILIZATION_BABYLON_STK_NAME, UNIT_BUILDER (1507340), 73, 51, -9999, -9999, 2304, ffffffff
042, LOC_CIVILIZATION_BABYLON_STK_NAME, UNIT_BUILDER (1835024), 72, 49, -9999, -9999, 2320, ffffffff
042, LOC_CIVILIZATION_BABYLON_STK_NAME, UNIT_BUILDER (1835024), 72, 49, -9999, -9999, 2321, ffffffff
042, LOC_CIVILIZATION_BABYLON_STK_NAME, UNIT_BUILDER (1835024), 72, 49, -9999, -9999, 2304, ffffffff
042, LOC_CIVILIZATION_BABYLON_STK_NAME, UNIT_BUILDER (1835024), 72, 49, 75, 48, 16640, f05be160
042, LOC_CIVILIZATION_BABYLON_STK_NAME, UNIT_BUILDER (1835024), 72, 49, 74, 48, 16640, 57849e97
042, LOC_CIVILIZATION_BABYLON_STK_NAME, UNIT_BUILDER (1835024), 72, 49, 73, 49, 16640, fbd45a38
042, LOC_CIVILIZATION_BABYLON_STK_NAME, UNIT_BUILDER (1835024), 72, 49, -9999, -9999, 2320, ffffffff
042, LOC_CIVILIZATION_BABYLON_STK_NAME, UNIT_BUILDER (1835024), 72, 49, -9999, -9999, 2321, ffffffff
042, LOC_CIVILIZATION_BABYLON_STK_NAME, UNIT_BUILDER (1835024), 72, 49, -9999, -9999, 2304, ffffffff
042, LOC_CIVILIZATION_BABYLON_STK_NAME, UNIT_BUILDER (1835024), 72, 49, 75, 48, 16640, f05be160
042, LOC_CIVILIZATION_BABYLON_STK_NAME, UNIT_BUILDER (1835024), 75, 48, -9999, -9999, 2064, ffffffff
042, LOC_CIVILIZATION_BABYLON_STK_NAME, UNIT_BUILDER (1835024), 75, 48, -9999, -9999, 2065, ffffffff
042, LOC_CIVILIZATION_BABYLON_STK_NAME, UNIT_BUILDER (1835024), 75, 48, -9999, -9999, 2048, ffffffff
042, LOC_CIVILIZATION_BABYLON_STK_NAME, UNIT_BUILDER (1835024), 75, 48, -9999, -9999, 2064, ffffffff
042, LOC_CIVILIZATION_BABYLON_STK_NAME, UNIT_BUILDER (1835024), 75, 48, -9999, -9999, 2065, ffffffff
042, LOC_CIVILIZATION_BABYLON_STK_NAME, UNIT_BUILDER (1835024), 75, 48, -9999, -9999, 2048, ffffffff
042, LOC_CIVILIZATION_BABYLON_STK_NAME, UNIT_BUILDER (1835024), 75, 48, 74, 48, 16384, b5a910d1
042, LOC_CIVILIZATION_BABYLON_STK_NAME, UNIT_BUILDER (1507340), 73, 51, -9999, -9999, 2320, ffffffff
042, LOC_CIVILIZATION_BABYLON_STK_NAME, UNIT_BUILDER (1507340), 73, 51, -9999, -9999, 2321, ffffffff
042, LOC_CIVILIZATION_BABYLON_STK_NAME, UNIT_BUILDER (1507340), 73, 51, -9999, -9999, 2304, ffffffff
042, LOC_CIVILIZATION_BABYLON_STK_NAME, UNIT_BUILDER (1507340), 73, 51, 74, 51, 16640, b219f937
042, LOC_CIVILIZATION_BABYLON_STK_NAME, UNIT_BUILDER (1507340), 73, 51, 75, 50, 16640, 4a45726f
042, LOC_CIVILIZATION_BABYLON_STK_NAME, UNIT_BUILDER (1507340), 73, 51, 75, 49, 16640, efc570bc
042, LOC_CIVILIZATION_BABYLON_STK_NAME, UNIT_BUILDER (1507340), 75, 49, -9999, -9999, 2064, ffffffff
042, LOC_CIVILIZATION_BABYLON_STK_NAME, UNIT_BUILDER (1507340), 75, 49, -9999, -9999, 2065, ffffffff
042, LOC_CIVILIZATION_BABYLON_STK_NAME, UNIT_BUILDER (1507340), 75, 49, -9999, -9999, 2048, ffffffff
042, LOC_CIVILIZATION_BABYLON_STK_NAME, UNIT_BUILDER (1507340), 75, 49, -9999, -9999, 2064, ffffffff
042, LOC_CIVILIZATION_BABYLON_STK_NAME, UNIT_BUILDER (1507340), 75, 49, -9999, -9999, 2065, ffffffff
042, LOC_CIVILIZATION_BABYLON_STK_NAME, UNIT_BUILDER (1507340), 75, 49, -9999, -9999, 2048, ffffffff
042, LOC_CIVILIZATION_BABYLON_STK_NAME, UNIT_BUILDER (1769487), 77, 45, -9999, -9999, 2320, ffffffff
042, LOC_CIVILIZATION_BABYLON_STK_NAME, UNIT_BUILDER (1769487), 77, 45, -9999, -9999, 2321, ffffffff
042, LOC_CIVILIZATION_BABYLON_STK_NAME, UNIT_BUILDER (1769487), 77, 45, -9999, -9999, 2304, ffffffff
042, LOC_CIVILIZATION_BABYLON_STK_NAME, UNIT_BUILDER (1310730), 76, 44, -9999, -9999, 2320, ffffffff
042, LOC_CIVILIZATION_BABYLON_STK_NAME, UNIT_BUILDER (1310730), 76, 44, -9999, -9999, 2321, ffffffff
042, LOC_CIVILIZATION_BABYLON_STK_NAME, UNIT_BUILDER (1310730), 76, 44, -9999, -9999, 2304, ffffffff
042, LOC_CIVILIZATION_BABYLON_STK_NAME, UNIT_BUILDER (1310730), 76, 44, 77, 46, 16640, 5681f18c
042, LOC_CIVILIZATION_BABYLON_STK_NAME, UNIT_BUILDER (1310730), 77, 46, -9999, -9999, 2064, ffffffff
042, LOC_CIVILIZATION_BABYLON_STK_NAME, UNIT_BUILDER (1310730), 77, 46, -9999, -9999, 2065, ffffffff
042, LOC_CIVILIZATION_BABYLON_STK_NAME, UNIT_BUILDER (1310730), 77, 46, -9999, -9999, 2048, ffffffff
042, LOC_CIVILIZATION_BABYLON_STK_NAME, UNIT_BUILDER (1114119), 81, 46, -9999, -9999, 2320, ffffffff
042, LOC_CIVILIZATION_BABYLON_STK_NAME, UNIT_BUILDER (1114119), 81, 46, -9999, -9999, 2321, ffffffff
042, LOC_CIVILIZATION_BABYLON_STK_NAME, UNIT_BUILDER (1114119), 81, 46, -9999, -9999, 2304, ffffffff
042, LOC_CIVILIZATION_BABYLON_STK_NAME, UNIT_BUILDER (1114119), 81, 46, 81, 49, 16640, 57ebf908
042, LOC_CIVILIZATION_BABYLON_STK_NAME, UNIT_BUILDER (1114119), 81, 46, 80, 49, 16640, f9836899
042, LOC_CIVILIZATION_BABYLON_STK_NAME, UNIT_BUILDER (1114119), 81, 46, 80, 48, 16640,  bc8c46a
042, LOC_CIVILIZATION_BABYLON_STK_NAME, UNIT_BUILDER (1114119), 81, 46, 81, 48, 16640, 906d8805
042, LOC_CIVILIZATION_BABYLON_STK_NAME, UNIT_BUILDER (1114119), 81, 46, 81, 49, 16640, 57ebf908
042, LOC_CIVILIZATION_BABYLON_STK_NAME, UNIT_BUILDER (1114119), 81, 46, 81, 48, 16640, 906d8805
042, LOC_CIVILIZATION_BABYLON_STK_NAME, UNIT_BUILDER (1114119), 81, 46, 80, 48, 16640,  bc8c46a
042, LOC_CIVILIZATION_BABYLON_STK_NAME, UNIT_BUILDER (1114119), 81, 46, 81, 48, 16640, 906d8805
042, LOC_CIVILIZATION_BABYLON_STK_NAME, UNIT_BUILDER (1114119), 81, 46, 81, 49, 16640, 57ebf908
042, LOC_CIVILIZATION_BABYLON_STK_NAME, UNIT_BUILDER (1114119), 81, 46, 81, 48, 16640, 906d8805
042, LOC_CIVILIZATION_BABYLON_STK_NAME, UNIT_BUILDER (1114119), 81, 46, 80, 48, 16640,  bc8c46a
042, LOC_CIVILIZATION_BABYLON_STK_NAME, UNIT_BUILDER (1114119), 80, 48, -9999, -9999, 2064, ffffffff
042, LOC_CIVILIZATION_BABYLON_STK_NAME, UNIT_BUILDER (1114119), 80, 48, -9999, -9999, 2065, ffffffff
042, LOC_CIVILIZATION_BABYLON_STK_NAME, UNIT_BUILDER (1114119), 80, 48, -9999, -9999, 2048, ffffffff
042, LOC_CIVILIZATION_BABYLON_STK_NAME, UNIT_WARRIOR (131073), 46, 70, -9999, -9999, 2320, ffffffff
042, LOC_CIVILIZATION_BABYLON_STK_NAME, UNIT_WARRIOR (131073), 46, 70, -9999, -9999, 2321, ffffffff
042, LOC_CIVILIZATION_BABYLON_STK_NAME, UNIT_WARRIOR (131073), 46, 70, -9999, -9999, 2304, ffffffff
042, LOC_CIVILIZATION_BABYLON_STK_NAME, UNIT_WARRIOR (131073), 46, 70, -9999, -9999, 2370, ffffffff
042, LOC_CIVILIZATION_BABYLON_STK_NAME, UNIT_WARRIOR (131073), 46, 70, 27, 69, 256, d9f4e0f4
042, LOC_CIVILIZATION_BABYLON_STK_NAME, UNIT_WARRIOR (131073), 46, 70, -9999, -9999, 2370, ffffffff
042, LOC_CIVILIZATION_BABYLON_STK_NAME, UNIT_WARRIOR (131073), 46, 70, 27, 69, 256, d9f4e0f4
042, LOC_CIVILIZATION_BABYLON_STK_NAME, UNIT_WARRIOR (131073), 46, 70, 45, 71, 16656,  c3d5d4b
043, LOC_CIVILIZATION_BABYLON_STK_NAME, UNIT_BABYLONIAN_SABUM_KIBITTUM (196608), 40, 70, -9999, -9999, 2320, ffffffff
043, LOC_CIVILIZATION_BABYLON_STK_NAME, UNIT_BABYLONIAN_SABUM_KIBITTUM (196608), 40, 70, -9999, -9999, 2321, ffffffff
043, LOC_CIVILIZATION_BABYLON_STK_NAME, UNIT_BABYLONIAN_SABUM_KIBITTUM (196608), 40, 70, -9999, -9999, 2304, ffffffff
043, LOC_CIVILIZATION_BABYLON_STK_NAME, UNIT_BABYLONIAN_SABUM_KIBITTUM (196608), 40, 70, -9999, -9999, 2370, ffffffff
043, LOC_CIVILIZATION_BABYLON_STK_NAME, UNIT_BABYLONIAN_SABUM_KIBITTUM (196608), 40, 70, 27, 69, 256, 53354d4d
043, LOC_CIVILIZATION_BABYLON_STK_NAME, UNIT_BABYLONIAN_SABUM_KIBITTUM (196608), 40, 70, -9999, -9999, 2370, ffffffff
043, LOC_CIVILIZATION_BABYLON_STK_NAME, UNIT_BABYLONIAN_SABUM_KIBITTUM (196608), 40, 70, 27, 69, 256, 53354d4d
043, LOC_CIVILIZATION_BABYLON_STK_NAME, UNIT_BABYLONIAN_SABUM_KIBITTUM (196608), 40, 70, 38, 68, 16656, 69778149
043, LOC_CIVILIZATION_BABYLON_STK_NAME, UNIT_BABYLONIAN_SABUM_KIBITTUM (196608), 38, 68, -9999, -9999, 2064, ffffffff
043, LOC_CIVILIZATION_BABYLON_STK_NAME, UNIT_BABYLONIAN_SABUM_KIBITTUM (196608), 38, 68, -9999, -9999, 2065, ffffffff
043, LOC_CIVILIZATION_BABYLON_STK_NAME, UNIT_BABYLONIAN_SABUM_KIBITTUM (196608), 38, 68, -9999, -9999, 2048, ffffffff
043, LOC_CIVILIZATION_BABYLON_STK_NAME, UNIT_BABYLONIAN_SABUM_KIBITTUM (196608), 38, 68, -9999, -9999, 2064, ffffffff
043, LOC_CIVILIZATION_BABYLON_STK_NAME, UNIT_BABYLONIAN_SABUM_KIBITTUM (196608), 38, 68, -9999, -9999, 2065, ffffffff
043, LOC_CIVILIZATION_BABYLON_STK_NAME, UNIT_BABYLONIAN_SABUM_KIBITTUM (196608), 38, 68, -9999, -9999, 2048, ffffffff
043, LOC_CIVILIZATION_BABYLON_STK_NAME, UNIT_WARRIOR (131073), 45, 71, -9999, -9999, 2320, ffffffff
043, LOC_CIVILIZATION_BABYLON_STK_NAME, UNIT_WARRIOR (131073), 45, 71, -9999, -9999, 2321, ffffffff
043, LOC_CIVILIZATION_BABYLON_STK_NAME, UNIT_WARRIOR (131073), 45, 71, -9999, -9999, 2304, ffffffff
043, LOC_CIVILIZATION_BABYLON_STK_NAME, UNIT_WARRIOR (131073), 45, 71, -9999, -9999, 2370, ffffffff
043, LOC_CIVILIZATION_BABYLON_STK_NAME, UNIT_WARRIOR (131073), 45, 71, 27, 69, 256, 88dd9d25
043, LOC_CIVILIZATION_BABYLON_STK_NAME, UNIT_WARRIOR (131073), 45, 71, -9999, -9999, 2370, ffffffff
043, LOC_CIVILIZATION_BABYLON_STK_NAME, UNIT_WARRIOR (131073), 45, 71, 27, 69, 256, 88dd9d25
043, LOC_CIVILIZATION_BABYLON_STK_NAME, UNIT_WARRIOR (131073), 45, 71, 44, 71, 16656, cb39c37a
043, LOC_CIVILIZATION_BABYLON_STK_NAME, UNIT_BUILDER (1638413), 68, 49, -9999, -9999, 2320, ffffffff
043, LOC_CIVILIZATION_BABYLON_STK_NAME, UNIT_BUILDER (1638413), 68, 49, -9999, -9999, 2321, ffffffff
043, LOC_CIVILIZATION_BABYLON_STK_NAME, UNIT_BUILDER (1638413), 68, 49, -9999, -9999, 2304, ffffffff
043, LOC_CIVILIZATION_BABYLON_STK_NAME, UNIT_SETTLER (2097171), 72, 57, -9999, -9999, 2320, ffffffff
043, LOC_CIVILIZATION_BABYLON_STK_NAME, UNIT_SETTLER (2097171), 72, 57, -9999, -9999, 2321, ffffffff
043, LOC_CIVILIZATION_BABYLON_STK_NAME, UNIT_SETTLER (2097171), 72, 57, -9999, -9999, 2304, ffffffff
043, LOC_CIVILIZATION_BABYLON_STK_NAME, UNIT_SETTLER (2097171), 72, 57, 78, 55, 16640, 21c969d9
043, LOC_CIVILIZATION_BABYLON_STK_NAME, UNIT_SETTLER (2097171), 72, 55, -9999, -9999, 2064, ffffffff
043, LOC_CIVILIZATION_BABYLON_STK_NAME, UNIT_SETTLER (2097171), 72, 55, -9999, -9999, 2065, ffffffff
043, LOC_CIVILIZATION_BABYLON_STK_NAME, UNIT_SETTLER (2097171), 72, 55, -9999, -9999, 2048, ffffffff
043, LOC_CIVILIZATION_BABYLON_STK_NAME, UNIT_BUILDER (1966098), 73, 56, -9999, -9999, 2320, ffffffff
043, LOC_CIVILIZATION_BABYLON_STK_NAME, UNIT_BUILDER (1966098), 73, 56, -9999, -9999, 2321, ffffffff
043, LOC_CIVILIZATION_BABYLON_STK_NAME, UNIT_BUILDER (1966098), 73, 56, -9999, -9999, 2304, ffffffff
043, LOC_CIVILIZATION_BABYLON_STK_NAME, UNIT_BUILDER (2031625), 68, 56, -9999, -9999, 2320, ffffffff
043, LOC_CIVILIZATION_BABYLON_STK_NAME, UNIT_BUILDER (2031625), 68, 56, -9999, -9999, 2321, ffffffff
043, LOC_CIVILIZATION_BABYLON_STK_NAME, UNIT_BUILDER (2031625), 68, 56, -9999, -9999, 2304, ffffffff
043, LOC_CIVILIZATION_BABYLON_STK_NAME, UNIT_BUILDER (1376267), 70, 54, -9999, -9999, 2320, ffffffff
043, LOC_CIVILIZATION_BABYLON_STK_NAME, UNIT_BUILDER (1376267), 70, 54, -9999, -9999, 2321, ffffffff
043, LOC_CIVILIZATION_BABYLON_STK_NAME, UNIT_BUILDER (1376267), 70, 54, -9999, -9999, 2304, ffffffff
043, LOC_CIVILIZATION_BABYLON_STK_NAME, UNIT_BUILDER (1376267), 70, 54, -9999, -9999, 2320, ffffffff
043, LOC_CIVILIZATION_BABYLON_STK_NAME, UNIT_BUILDER (1376267), 70, 54, -9999, -9999, 2321, ffffffff
043, LOC_CIVILIZATION_BABYLON_STK_NAME, UNIT_BUILDER (1376267), 70, 54, -9999, -9999, 2304, ffffffff
043, LOC_CIVILIZATION_BABYLON_STK_NAME, UNIT_BUILDER (1376267), 70, 54, 70, 53, 16640, 16fbeb76
043, LOC_CIVILIZATION_BABYLON_STK_NAME, UNIT_BUILDER (1376267), 70, 53, -9999, -9999, 2064, ffffffff
043, LOC_CIVILIZATION_BABYLON_STK_NAME, UNIT_BUILDER (1376267), 70, 53, -9999, -9999, 2065, ffffffff
043, LOC_CIVILIZATION_BABYLON_STK_NAME, UNIT_BUILDER (1376267), 70, 53, -9999, -9999, 2048, ffffffff
043, LOC_CIVILIZATION_BABYLON_STK_NAME, UNIT_BUILDER (1376267), 70, 53, -9999, -9999, 2064, ffffffff
043, LOC_CIVILIZATION_BABYLON_STK_NAME, UNIT_BUILDER (1376267), 70, 53, -9999, -9999, 2065, ffffffff
043, LOC_CIVILIZATION_BABYLON_STK_NAME, UNIT_BUILDER (1376267), 70, 53, -9999, -9999, 2048, ffffffff
043, LOC_CIVILIZATION_BABYLON_STK_NAME, UNIT_BUILDER (1507340), 75, 49, -9999, -9999, 2320, ffffffff
043, LOC_CIVILIZATION_BABYLON_STK_NAME, UNIT_BUILDER (1507340), 75, 49, -9999, -9999, 2321, ffffffff
043, LOC_CIVILIZATION_BABYLON_STK_NAME, UNIT_BUILDER (1507340), 75, 49, -9999, -9999, 2304, ffffffff
043, LOC_CIVILIZATION_BABYLON_STK_NAME, UNIT_BUILDER (1507340), 75, 49, -9999, -9999, 2320, ffffffff
043, LOC_CIVILIZATION_BABYLON_STK_NAME, UNIT_BUILDER (1507340), 75, 49, -9999, -9999, 2321, ffffffff
043, LOC_CIVILIZATION_BABYLON_STK_NAME, UNIT_BUILDER (1507340), 75, 49, -9999, -9999, 2304, ffffffff
043, LOC_CIVILIZATION_BABYLON_STK_NAME, UNIT_BUILDER (1114119), 80, 48, -9999, -9999, 2320, ffffffff
043, LOC_CIVILIZATION_BABYLON_STK_NAME, UNIT_BUILDER (1114119), 80, 48, -9999, -9999, 2321, ffffffff
043, LOC_CIVILIZATION_BABYLON_STK_NAME, UNIT_BUILDER (1114119), 80, 48, -9999, -9999, 2304, ffffffff
043, LOC_CIVILIZATION_BABYLON_STK_NAME, UNIT_BUILDER (1835024), 75, 48, 74, 48, 16640, b5a910d1
043, LOC_CIVILIZATION_BABYLON_STK_NAME, UNIT_BUILDER (1835024), 75, 48, -9999, -9999, 2320, ffffffff
043, LOC_CIVILIZATION_BABYLON_STK_NAME, UNIT_BUILDER (1835024), 75, 48, -9999, -9999, 2321, ffffffff
043, LOC_CIVILIZATION_BABYLON_STK_NAME, UNIT_BUILDER (1835024), 75, 48, -9999, -9999, 2304, ffffffff
043, LOC_CIVILIZATION_BABYLON_STK_NAME, UNIT_BUILDER (1310730), 77, 46, -9999, -9999, 2320, ffffffff
043, LOC_CIVILIZATION_BABYLON_STK_NAME, UNIT_BUILDER (1310730), 77, 46, -9999, -9999, 2321, ffffffff
043, LOC_CIVILIZATION_BABYLON_STK_NAME, UNIT_BUILDER (1310730), 77, 46, -9999, -9999, 2304, ffffffff
043, LOC_CIVILIZATION_BABYLON_STK_NAME, UNIT_BUILDER (1310730), 77, 46, 77, 47, 16640, bcc6c985
043, LOC_CIVILIZATION_BABYLON_STK_NAME, UNIT_BUILDER (1310730), 77, 47, -9999, -9999, 2064, ffffffff
043, LOC_CIVILIZATION_BABYLON_STK_NAME, UNIT_BUILDER (1310730), 77, 47, -9999, -9999, 2065, ffffffff
043, LOC_CIVILIZATION_BABYLON_STK_NAME, UNIT_BUILDER (1310730), 77, 47, -9999, -9999, 2048, ffffffff
043, LOC_CIVILIZATION_BABYLON_STK_NAME, UNIT_BUILDER (1310730), 77, 47, -9999, -9999, 2064, ffffffff
043, LOC_CIVILIZATION_BABYLON_STK_NAME, UNIT_BUILDER (1310730), 77, 47, -9999, -9999, 2065, ffffffff
043, LOC_CIVILIZATION_BABYLON_STK_NAME, UNIT_BUILDER (1310730), 77, 47, -9999, -9999, 2048, ffffffff
043, LOC_CIVILIZATION_BABYLON_STK_NAME, UNIT_BUILDER (1310730), 77, 47, -9999, -9999, 2064, ffffffff
043, LOC_CIVILIZATION_BABYLON_STK_NAME, UNIT_BUILDER (1310730), 77, 47, -9999, -9999, 2065, ffffffff
043, LOC_CIVILIZATION_BABYLON_STK_NAME, UNIT_BUILDER (1310730), 77, 47, -9999, -9999, 2048, ffffffff
043, LOC_CIVILIZATION_BABYLON_STK_NAME, UNIT_BUILDER (1769487), 77, 45, -9999, -9999, 2320, ffffffff
043, LOC_CIVILIZATION_BABYLON_STK_NAME, UNIT_BUILDER (1769487), 77, 45, -9999, -9999, 2321, ffffffff
043, LOC_CIVILIZATION_BABYLON_STK_NAME, UNIT_BUILDER (1769487), 77, 45, -9999, -9999, 2304, ffffffff
043, LOC_CIVILIZATION_BABYLON_STK_NAME, UNIT_BUILDER (1310730), 77, 47, -9999, -9999, 2064, ffffffff
043, LOC_CIVILIZATION_BABYLON_STK_NAME, UNIT_BUILDER (1310730), 77, 47, -9999, -9999, 2065, ffffffff
043, LOC_CIVILIZATION_BABYLON_STK_NAME, UNIT_BUILDER (1310730), 77, 47, -9999, -9999, 2048, ffffffff
043, LOC_CIVILIZATION_BABYLON_STK_NAME, UNIT_BUILDER (1769487), 77, 45, -9999, -9999, 2320, ffffffff
043, LOC_CIVILIZATION_BABYLON_STK_NAME, UNIT_BUILDER (1769487), 77, 45, -9999, -9999, 2321, ffffffff
043, LOC_CIVILIZATION_BABYLON_STK_NAME, UNIT_BUILDER (1769487), 77, 45, -9999, -9999, 2304, ffffffff
043, LOC_CIVILIZATION_BABYLON_STK_NAME, UNIT_BUILDER (1769487), 77, 45, -9999, -9999, 2320, ffffffff
043, LOC_CIVILIZATION_BABYLON_STK_NAME, UNIT_BUILDER (1769487), 77, 45, -9999, -9999, 2321, ffffffff
043, LOC_CIVILIZATION_BABYLON_STK_NAME, UNIT_BUILDER (1769487), 77, 45, -9999, -9999, 2304, ffffffff
043, LOC_CIVILIZATION_BABYLON_STK_NAME, UNIT_BUILDER (1310730), 77, 47, -9999, -9999, 2064, ffffffff
043, LOC_CIVILIZATION_BABYLON_STK_NAME, UNIT_BUILDER (1310730), 77, 47, -9999, -9999, 2065, ffffffff
043, LOC_CIVILIZATION_BABYLON_STK_NAME, UNIT_BUILDER (1310730), 77, 47, -9999, -9999, 2048, ffffffff
043, LOC_CIVILIZATION_BABYLON_STK_NAME, UNIT_BUILDER (1114119), 80, 48, -9999, -9999, 2320, ffffffff
043, LOC_CIVILIZATION_BABYLON_STK_NAME, UNIT_BUILDER (1114119), 80, 48, -9999, -9999, 2321, ffffffff
043, LOC_CIVILIZATION_BABYLON_STK_NAME, UNIT_BUILDER (1114119), 80, 48, -9999, -9999, 2304, ffffffff
043, LOC_CIVILIZATION_BABYLON_STK_NAME, UNIT_BUILDER (1114119), 80, 48, 81, 49, 16384, 2a8ed86a
043, LOC_CIVILIZATION_BABYLON_STK_NAME, UNIT_BUILDER (1769487), 77, 45, -9999, -9999, 2320, ffffffff
043, LOC_CIVILIZATION_BABYLON_STK_NAME, UNIT_BUILDER (1769487), 77, 45, -9999, -9999, 2321, ffffffff
043, LOC_CIVILIZATION_BABYLON_STK_NAME, UNIT_BUILDER (1769487), 77, 45, -9999, -9999, 2304, ffffffff
043, LOC_CIVILIZATION_BABYLON_STK_NAME, UNIT_BUILDER (1310730), 77, 47, -9999, -9999, 2064, ffffffff
043, LOC_CIVILIZATION_BABYLON_STK_NAME, UNIT_BUILDER (1310730), 77, 47, -9999, -9999, 2065, ffffffff
043, LOC_CIVILIZATION_BABYLON_STK_NAME, UNIT_BUILDER (1310730), 77, 47, -9999, -9999, 2048, ffffffff
043, LOC_CIVILIZATION_BABYLON_STK_NAME, UNIT_BUILDER (1310730), 77, 47, -9999, -9999, 2064, ffffffff
043, LOC_CIVILIZATION_BABYLON_STK_NAME, UNIT_BUILDER (1310730), 77, 47, -9999, -9999, 2065, ffffffff
043, LOC_CIVILIZATION_BABYLON_STK_NAME, UNIT_BUILDER (1310730), 77, 47, -9999, -9999, 2048, ffffffff
043, LOC_CIVILIZATION_BABYLON_STK_NAME, UNIT_BUILDER (1769487), 77, 45, -9999, -9999, 2320, ffffffff
043, LOC_CIVILIZATION_BABYLON_STK_NAME, UNIT_BUILDER (1769487), 77, 45, -9999, -9999, 2321, ffffffff
043, LOC_CIVILIZATION_BABYLON_STK_NAME, UNIT_BUILDER (1769487), 77, 45, -9999, -9999, 2304, ffffffff
043, LOC_CIVILIZATION_BABYLON_STK_NAME, UNIT_BUILDER (1769487), 77, 45, -9999, -9999, 2320, ffffffff
043, LOC_CIVILIZATION_BABYLON_STK_NAME, UNIT_BUILDER (1769487), 77, 45, -9999, -9999, 2321, ffffffff
043, LOC_CIVILIZATION_BABYLON_STK_NAME, UNIT_BUILDER (1769487), 77, 45, -9999, -9999, 2304, ffffffff
043, LOC_CIVILIZATION_BABYLON_STK_NAME, UNIT_BUILDER (1769487), 77, 45, 76, 47, 16640, c97ff2c9
043, LOC_CIVILIZATION_BABYLON_STK_NAME, UNIT_BUILDER (1769487), 77, 45, 76, 48, 16640, 7c9b1e75
043, LOC_CIVILIZATION_BABYLON_STK_NAME, UNIT_BUILDER (1769487), 76, 48, -9999, -9999, 2064, ffffffff
043, LOC_CIVILIZATION_BABYLON_STK_NAME, UNIT_BUILDER (1769487), 76, 48, -9999, -9999, 2065, ffffffff
043, LOC_CIVILIZATION_BABYLON_STK_NAME, UNIT_BUILDER (1769487), 76, 48, -9999, -9999, 2048, ffffffff
043, LOC_CIVILIZATION_BABYLON_STK_NAME, UNIT_BUILDER (1769487), 76, 48, -9999, -9999, 2064, ffffffff
043, LOC_CIVILIZATION_BABYLON_STK_NAME, UNIT_BUILDER (1769487), 76, 48, -9999, -9999, 2065, ffffffff
043, LOC_CIVILIZATION_BABYLON_STK_NAME, UNIT_BUILDER (1769487), 76, 48, -9999, -9999, 2048, ffffffff
043, LOC_CIVILIZATION_BABYLON_STK_NAME, UNIT_BUILDER (1769487), 76, 48, 77, 48, 16384, 22bb2171
043, LOC_CIVILIZATION_BABYLON_STK_NAME, UNIT_BUILDER (1900561), 73, 59, 73, 58, 16640, d3402514
043, LOC_CIVILIZATION_BABYLON_STK_NAME, UNIT_BUILDER (1900561), 73, 59, -9999, -9999, 2320, ffffffff
043, LOC_CIVILIZATION_BABYLON_STK_NAME, UNIT_BUILDER (1900561), 73, 59, -9999, -9999, 2321, ffffffff
043, LOC_CIVILIZATION_BABYLON_STK_NAME, UNIT_BUILDER (1900561), 73, 59, -9999, -9999, 2304, ffffffff
043, LOC_CIVILIZATION_BABYLON_STK_NAME, UNIT_BUILDER (1966098), 73, 56, 73, 57, 16384, 7ef90479
043, LOC_CIVILIZATION_BABYLON_STK_NAME, UNIT_SETTLER (2097171), 72, 55, 78, 55, 16384, cfd67382
043, LOC_CIVILIZATION_BABYLON_STK_NAME, UNIT_BUILDER (1114119), 80, 48, 81, 49, 16384, 2a8ed86a
043, LOC_CIVILIZATION_BABYLON_STK_NAME, UNIT_BUILDER (1769487), 76, 48, 77, 48, 16384, 22bb2171
043, LOC_CIVILIZATION_BABYLON_STK_NAME, UNIT_BUILDER (1769487), 76, 48, 77, 48, 16384, 22bb2171
043, LOC_CIVILIZATION_BABYLON_STK_NAME, UNIT_SETTLER (2097171), 72, 55, 78, 55, 16384, cfd67382
044, LOC_CIVILIZATION_BABYLON_STK_NAME, UNIT_BABYLONIAN_SABUM_KIBITTUM (196608), 38, 68, -9999, -9999, 2320, ffffffff
044, LOC_CIVILIZATION_BABYLON_STK_NAME, UNIT_BABYLONIAN_SABUM_KIBITTUM (196608), 38, 68, -9999, -9999, 2321, ffffffff
044, LOC_CIVILIZATION_BABYLON_STK_NAME, UNIT_BABYLONIAN_SABUM_KIBITTUM (196608), 38, 68, -9999, -9999, 2304, ffffffff
044, LOC_CIVILIZATION_BABYLON_STK_NAME, UNIT_BABYLONIAN_SABUM_KIBITTUM (196608), 38, 68, -9999, -9999, 2370, ffffffff
044, LOC_CIVILIZATION_BABYLON_STK_NAME, UNIT_BABYLONIAN_SABUM_KIBITTUM (196608), 38, 68, 27, 69, 256, 1cf10f28
044, LOC_CIVILIZATION_BABYLON_STK_NAME, UNIT_BABYLONIAN_SABUM_KIBITTUM (196608), 38, 68, -9999, -9999, 2370, ffffffff
044, LOC_CIVILIZATION_BABYLON_STK_NAME, UNIT_BABYLONIAN_SABUM_KIBITTUM (196608), 38, 68, 27, 69, 256, 1cf10f28
044, LOC_CIVILIZATION_BABYLON_STK_NAME, UNIT_BABYLONIAN_SABUM_KIBITTUM (196608), 38, 68, -9999, -9999, 2320, ffffffff
044, LOC_CIVILIZATION_BABYLON_STK_NAME, UNIT_BABYLONIAN_SABUM_KIBITTUM (196608), 38, 68, -9999, -9999, 2321, ffffffff
044, LOC_CIVILIZATION_BABYLON_STK_NAME, UNIT_BABYLONIAN_SABUM_KIBITTUM (196608), 38, 68, -9999, -9999, 2304, ffffffff
044, LOC_CIVILIZATION_BABYLON_STK_NAME, UNIT_BABYLONIAN_SABUM_KIBITTUM (196608), 38, 68, -9999, -9999, 2320, ffffffff
044, LOC_CIVILIZATION_BABYLON_STK_NAME, UNIT_BABYLONIAN_SABUM_KIBITTUM (196608), 38, 68, -9999, -9999, 2321, ffffffff
044, LOC_CIVILIZATION_BABYLON_STK_NAME, UNIT_BABYLONIAN_SABUM_KIBITTUM (196608), 38, 68, -9999, -9999, 2304, ffffffff
044, LOC_CIVILIZATION_BABYLON_STK_NAME, UNIT_BABYLONIAN_SABUM_KIBITTUM (196608), 38, 68, -9999, -9999, 2370, ffffffff
044, LOC_CIVILIZATION_BABYLON_STK_NAME, UNIT_BABYLONIAN_SABUM_KIBITTUM (196608), 38, 68, 27, 69, 256, 1cf10f28
044, LOC_CIVILIZATION_BABYLON_STK_NAME, UNIT_BABYLONIAN_SABUM_KIBITTUM (196608), 38, 68, -9999, -9999, 2370, ffffffff
044, LOC_CIVILIZATION_BABYLON_STK_NAME, UNIT_BABYLONIAN_SABUM_KIBITTUM (196608), 38, 68, 27, 69, 256, 1cf10f28
044, LOC_CIVILIZATION_BABYLON_STK_NAME, UNIT_BABYLONIAN_SABUM_KIBITTUM (196608), 38, 68, -9999, -9999, 2320, ffffffff
044, LOC_CIVILIZATION_BABYLON_STK_NAME, UNIT_BABYLONIAN_SABUM_KIBITTUM (196608), 38, 68, -9999, -9999, 2321, ffffffff
044, LOC_CIVILIZATION_BABYLON_STK_NAME, UNIT_BABYLONIAN_SABUM_KIBITTUM (196608), 38, 68, -9999, -9999, 2304, ffffffff
044, LOC_CIVILIZATION_BABYLON_STK_NAME, UNIT_BABYLONIAN_SABUM_KIBITTUM (196608), 38, 68, 37, 69, 16656, 6592ad98
044, LOC_CIVILIZATION_BABYLON_STK_NAME, UNIT_BABYLONIAN_SABUM_KIBITTUM (262146), 19, 73, -9999, -9999, 2320, ffffffff
044, LOC_CIVILIZATION_BABYLON_STK_NAME, UNIT_BABYLONIAN_SABUM_KIBITTUM (262146), 19, 73, -9999, -9999, 2321, ffffffff
044, LOC_CIVILIZATION_BABYLON_STK_NAME, UNIT_BABYLONIAN_SABUM_KIBITTUM (262146), 19, 73, -9999, -9999, 2304, ffffffff
044, LOC_CIVILIZATION_BABYLON_STK_NAME, UNIT_BABYLONIAN_SABUM_KIBITTUM (262146), 19, 73, -9999, -9999, 2370, ffffffff
044, LOC_CIVILIZATION_BABYLON_STK_NAME, UNIT_BABYLONIAN_SABUM_KIBITTUM (262146), 19, 73, 18, 72, 16656, 9cba6c68
044, LOC_CIVILIZATION_BABYLON_STK_NAME, UNIT_BABYLONIAN_SABUM_KIBITTUM (262146), 18, 72, -9999, -9999, 2064, ffffffff
044, LOC_CIVILIZATION_BABYLON_STK_NAME, UNIT_BABYLONIAN_SABUM_KIBITTUM (262146), 18, 72, -9999, -9999, 2065, ffffffff
044, LOC_CIVILIZATION_BABYLON_STK_NAME, UNIT_BABYLONIAN_SABUM_KIBITTUM (262146), 18, 72, -9999, -9999, 2048, ffffffff
044, LOC_CIVILIZATION_BABYLON_STK_NAME, UNIT_BABYLONIAN_SABUM_KIBITTUM (262146), 18, 72, -9999, -9999, 2064, ffffffff
044, LOC_CIVILIZATION_BABYLON_STK_NAME, UNIT_BABYLONIAN_SABUM_KIBITTUM (262146), 18, 72, -9999, -9999, 2065, ffffffff
044, LOC_CIVILIZATION_BABYLON_STK_NAME, UNIT_BABYLONIAN_SABUM_KIBITTUM (262146), 18, 72, -9999, -9999, 2048, ffffffff
044, LOC_CIVILIZATION_BABYLON_STK_NAME, UNIT_BABYLONIAN_SABUM_KIBITTUM (262146), 18, 72, -9999, -9999, 2114, ffffffff
044, LOC_CIVILIZATION_BABYLON_STK_NAME, UNIT_BABYLONIAN_SABUM_KIBITTUM (262146), 18, 72, -9999, -9999, 2064, ffffffff
044, LOC_CIVILIZATION_BABYLON_STK_NAME, UNIT_BABYLONIAN_SABUM_KIBITTUM (262146), 18, 72, -9999, -9999, 2065, ffffffff
044, LOC_CIVILIZATION_BABYLON_STK_NAME, UNIT_BABYLONIAN_SABUM_KIBITTUM (262146), 18, 72, -9999, -9999, 2048, ffffffff
044, LOC_CIVILIZATION_BABYLON_STK_NAME, UNIT_BABYLONIAN_SABUM_KIBITTUM (262146), 18, 72, -9999, -9999, 2114, ffffffff
044, LOC_CIVILIZATION_BABYLON_STK_NAME, UNIT_BABYLONIAN_SABUM_KIBITTUM (262146), 18, 72, -9999, -9999, 2064, ffffffff
044, LOC_CIVILIZATION_BABYLON_STK_NAME, UNIT_BABYLONIAN_SABUM_KIBITTUM (262146), 18, 72, -9999, -9999, 2065, ffffffff
044, LOC_CIVILIZATION_BABYLON_STK_NAME, UNIT_BABYLONIAN_SABUM_KIBITTUM (262146), 18, 72, -9999, -9999, 2048, ffffffff
044, LOC_CIVILIZATION_BABYLON_STK_NAME, UNIT_BABYLONIAN_SABUM_KIBITTUM (262146), 18, 72, -9999, -9999, 2114, ffffffff
044, LOC_CIVILIZATION_BABYLON_STK_NAME, UNIT_WARRIOR (131073), 44, 71, -9999, -9999, 2320, ffffffff
044, LOC_CIVILIZATION_BABYLON_STK_NAME, UNIT_WARRIOR (131073), 44, 71, -9999, -9999, 2321, ffffffff
044, LOC_CIVILIZATION_BABYLON_STK_NAME, UNIT_WARRIOR (131073), 44, 71, -9999, -9999, 2304, ffffffff
044, LOC_CIVILIZATION_BABYLON_STK_NAME, UNIT_WARRIOR (131073), 44, 71, -9999, -9999, 2370, ffffffff
044, LOC_CIVILIZATION_BABYLON_STK_NAME, UNIT_WARRIOR (131073), 44, 71, 27, 69, 256, b5eedd27
044, LOC_CIVILIZATION_BABYLON_STK_NAME, UNIT_WARRIOR (131073), 44, 71, -9999, -9999, 2370, ffffffff
044, LOC_CIVILIZATION_BABYLON_STK_NAME, UNIT_WARRIOR (131073), 44, 71, 27, 69, 256, b5eedd27
044, LOC_CIVILIZATION_BABYLON_STK_NAME, UNIT_WARRIOR (131073), 45, 71, 46, 68, 16400, 2de2b2a0
044, LOC_CIVILIZATION_BABYLON_STK_NAME, UNIT_WARRIOR (131073), 45, 71, 44, 71, 16400, cb39c37a
044, LOC_CIVILIZATION_BABYLON_STK_NAME, UNIT_BUILDER (1638413), 68, 49, -9999, -9999, 2320, ffffffff
044, LOC_CIVILIZATION_BABYLON_STK_NAME, UNIT_BUILDER (1638413), 68, 49, -9999, -9999, 2321, ffffffff
044, LOC_CIVILIZATION_BABYLON_STK_NAME, UNIT_BUILDER (1638413), 68, 49, -9999, -9999, 2304, ffffffff
044, LOC_CIVILIZATION_BABYLON_STK_NAME, UNIT_BUILDER (1638413), 68, 49, -9999, -9999, 2320, ffffffff
044, LOC_CIVILIZATION_BABYLON_STK_NAME, UNIT_BUILDER (1638413), 68, 49, -9999, -9999, 2321, ffffffff
044, LOC_CIVILIZATION_BABYLON_STK_NAME, UNIT_BUILDER (1638413), 68, 49, -9999, -9999, 2304, ffffffff
044, LOC_CIVILIZATION_BABYLON_STK_NAME, UNIT_BUILDER (1376267), 70, 53, -9999, -9999, 2320, ffffffff
044, LOC_CIVILIZATION_BABYLON_STK_NAME, UNIT_BUILDER (1376267), 70, 53, -9999, -9999, 2321, ffffffff
044, LOC_CIVILIZATION_BABYLON_STK_NAME, UNIT_BUILDER (1376267), 70, 53, -9999, -9999, 2304, ffffffff
044, LOC_CIVILIZATION_BABYLON_STK_NAME, UNIT_BUILDER (2031625), 68, 56, -9999, -9999, 2320, ffffffff
044, LOC_CIVILIZATION_BABYLON_STK_NAME, UNIT_BUILDER (2031625), 68, 56, -9999, -9999, 2321, ffffffff
044, LOC_CIVILIZATION_BABYLON_STK_NAME, UNIT_BUILDER (2031625), 68, 56, -9999, -9999, 2304, ffffffff
044, LOC_CIVILIZATION_BABYLON_STK_NAME, UNIT_BUILDER (1376267), 70, 53, -9999, -9999, 2320, ffffffff
044, LOC_CIVILIZATION_BABYLON_STK_NAME, UNIT_BUILDER (1376267), 70, 53, -9999, -9999, 2321, ffffffff
044, LOC_CIVILIZATION_BABYLON_STK_NAME, UNIT_BUILDER (1376267), 70, 53, -9999, -9999, 2304, ffffffff
044, LOC_CIVILIZATION_BABYLON_STK_NAME, UNIT_BUILDER (2031625), 68, 56, -9999, -9999, 2320, ffffffff
044, LOC_CIVILIZATION_BABYLON_STK_NAME, UNIT_BUILDER (2031625), 68, 56, -9999, -9999, 2321, ffffffff
044, LOC_CIVILIZATION_BABYLON_STK_NAME, UNIT_BUILDER (2031625), 68, 56, -9999, -9999, 2304, ffffffff
044, LOC_CIVILIZATION_BABYLON_STK_NAME, UNIT_BUILDER (2031625), 68, 56, 67, 53, 16640, a413ca8e
044, LOC_CIVILIZATION_BABYLON_STK_NAME, UNIT_BUILDER (2031625), 67, 53, -9999, -9999, 2064, ffffffff
044, LOC_CIVILIZATION_BABYLON_STK_NAME, UNIT_BUILDER (2031625), 67, 53, -9999, -9999, 2065, ffffffff
044, LOC_CIVILIZATION_BABYLON_STK_NAME, UNIT_BUILDER (2031625), 67, 53, -9999, -9999, 2048, ffffffff
044, LOC_CIVILIZATION_BABYLON_STK_NAME, UNIT_BUILDER (2031625), 67, 53, -9999, -9999, 2064, ffffffff
044, LOC_CIVILIZATION_BABYLON_STK_NAME, UNIT_BUILDER (2031625), 67, 53, -9999, -9999, 2065, ffffffff
044, LOC_CIVILIZATION_BABYLON_STK_NAME, UNIT_BUILDER (2031625), 67, 53, -9999, -9999, 2048, ffffffff
044, LOC_CIVILIZATION_BABYLON_STK_NAME, UNIT_BUILDER (1376267), 70, 53, -9999, -9999, 2320, ffffffff
044, LOC_CIVILIZATION_BABYLON_STK_NAME, UNIT_BUILDER (1376267), 70, 53, -9999, -9999, 2321, ffffffff
044, LOC_CIVILIZATION_BABYLON_STK_NAME, UNIT_BUILDER (1376267), 70, 53, -9999, -9999, 2304, ffffffff
044, LOC_CIVILIZATION_BABYLON_STK_NAME, UNIT_BUILDER (1376267), 70, 53, 68, 51, 16640, dee012da
044, LOC_CIVILIZATION_BABYLON_STK_NAME, UNIT_BUILDER (1376267), 68, 51, -9999, -9999, 2064, ffffffff
044, LOC_CIVILIZATION_BABYLON_STK_NAME, UNIT_BUILDER (1376267), 68, 51, -9999, -9999, 2065, ffffffff
044, LOC_CIVILIZATION_BABYLON_STK_NAME, UNIT_BUILDER (1376267), 68, 51, -9999, -9999, 2048, ffffffff
044, LOC_CIVILIZATION_BABYLON_STK_NAME, UNIT_BUILDER (1376267), 68, 51, -9999, -9999, 2064, ffffffff
044, LOC_CIVILIZATION_BABYLON_STK_NAME, UNIT_BUILDER (1376267), 68, 51, -9999, -9999, 2065, ffffffff
044, LOC_CIVILIZATION_BABYLON_STK_NAME, UNIT_BUILDER (1376267), 68, 51, -9999, -9999, 2048, ffffffff
044, LOC_CIVILIZATION_BABYLON_STK_NAME, UNIT_BUILDER (1638413), 68, 49, -9999, -9999, 2320, ffffffff
044, LOC_CIVILIZATION_BABYLON_STK_NAME, UNIT_BUILDER (1638413), 68, 49, -9999, -9999, 2321, ffffffff
044, LOC_CIVILIZATION_BABYLON_STK_NAME, UNIT_BUILDER (1638413), 68, 49, -9999, -9999, 2304, ffffffff
044, LOC_CIVILIZATION_BABYLON_STK_NAME, UNIT_BUILDER (1835024), 74, 48, -9999, -9999, 2320, ffffffff
044, LOC_CIVILIZATION_BABYLON_STK_NAME, UNIT_BUILDER (1835024), 74, 48, -9999, -9999, 2321, ffffffff
044, LOC_CIVILIZATION_BABYLON_STK_NAME, UNIT_BUILDER (1835024), 74, 48, -9999, -9999, 2304, ffffffff
044, LOC_CIVILIZATION_BABYLON_STK_NAME, UNIT_SETTLER (2097171), 72, 55, 78, 55, 16640, cfd67382
044, LOC_CIVILIZATION_BABYLON_STK_NAME, UNIT_SETTLER (2097171), 72, 55, -9999, -9999, 2320, ffffffff
044, LOC_CIVILIZATION_BABYLON_STK_NAME, UNIT_SETTLER (2097171), 72, 55, -9999, -9999, 2321, ffffffff
044, LOC_CIVILIZATION_BABYLON_STK_NAME, UNIT_SETTLER (2097171), 72, 55, -9999, -9999, 2304, ffffffff
044, LOC_CIVILIZATION_BABYLON_STK_NAME, UNIT_SETTLER (2097171), 72, 55, -9999, -9999, 2320, ffffffff
044, LOC_CIVILIZATION_BABYLON_STK_NAME, UNIT_SETTLER (2097171), 72, 55, -9999, -9999, 2321, ffffffff
044, LOC_CIVILIZATION_BABYLON_STK_NAME, UNIT_SETTLER (2097171), 72, 55, -9999, -9999, 2304, ffffffff
044, LOC_CIVILIZATION_BABYLON_STK_NAME, UNIT_SETTLER (2097171), 72, 55, 78, 55, 16640, cfd67382
044, LOC_CIVILIZATION_BABYLON_STK_NAME, UNIT_SETTLER (2097171), 72, 55, -9999, -9999, 2320, ffffffff
044, LOC_CIVILIZATION_BABYLON_STK_NAME, UNIT_SETTLER (2097171), 72, 55, -9999, -9999, 2321, ffffffff
044, LOC_CIVILIZATION_BABYLON_STK_NAME, UNIT_SETTLER (2097171), 72, 55, -9999, -9999, 2304, ffffffff
044, LOC_CIVILIZATION_BABYLON_STK_NAME, UNIT_SETTLER (2097171), 72, 55, 74, 54, 16640, da99aa4b
044, LOC_CIVILIZATION_BABYLON_STK_NAME, UNIT_SETTLER (2097171), 74, 54, -9999, -9999, 2064, ffffffff
044, LOC_CIVILIZATION_BABYLON_STK_NAME, UNIT_SETTLER (2097171), 74, 54, -9999, -9999, 2065, ffffffff
044, LOC_CIVILIZATION_BABYLON_STK_NAME, UNIT_SETTLER (2097171), 74, 54, -9999, -9999, 2048, ffffffff
044, LOC_CIVILIZATION_BABYLON_STK_NAME, UNIT_SETTLER (2097171), 74, 54, 78, 54, 16384, 5e767726
044, LOC_CIVILIZATION_BABYLON_STK_NAME, UNIT_SETTLER (2097171), 74, 54, 78, 55, 16384, f23f5412
044, LOC_CIVILIZATION_BABYLON_STK_NAME, UNIT_BUILDER (1966098), 73, 56, 73, 57, 16640, 7ef90479
044, LOC_CIVILIZATION_BABYLON_STK_NAME, UNIT_BUILDER (1966098), 73, 56, -9999, -9999, 2320, ffffffff
044, LOC_CIVILIZATION_BABYLON_STK_NAME, UNIT_BUILDER (1966098), 73, 56, -9999, -9999, 2321, ffffffff
044, LOC_CIVILIZATION_BABYLON_STK_NAME, UNIT_BUILDER (1966098), 73, 56, -9999, -9999, 2304, ffffffff
044, LOC_CIVILIZATION_BABYLON_STK_NAME, UNIT_BUILDER (1900561), 73, 58, -9999, -9999, 2320, ffffffff
044, LOC_CIVILIZATION_BABYLON_STK_NAME, UNIT_BUILDER (1900561), 73, 58, -9999, -9999, 2321, ffffffff
044, LOC_CIVILIZATION_BABYLON_STK_NAME, UNIT_BUILDER (1900561), 73, 58, -9999, -9999, 2304, ffffffff
044, LOC_CIVILIZATION_BABYLON_STK_NAME, UNIT_BUILDER (1966098), 73, 56, 73, 57, 16640, 7ef90479
044, LOC_CIVILIZATION_BABYLON_STK_NAME, UNIT_BUILDER (1966098), 73, 56, -9999, -9999, 2320, ffffffff
044, LOC_CIVILIZATION_BABYLON_STK_NAME, UNIT_BUILDER (1966098), 73, 56, -9999, -9999, 2321, ffffffff
044, LOC_CIVILIZATION_BABYLON_STK_NAME, UNIT_BUILDER (1966098), 73, 56, -9999, -9999, 2304, ffffffff
044, LOC_CIVILIZATION_BABYLON_STK_NAME, UNIT_BUILDER (1900561), 73, 58, -9999, -9999, 2320, ffffffff
044, LOC_CIVILIZATION_BABYLON_STK_NAME, UNIT_BUILDER (1900561), 73, 58, -9999, -9999, 2321, ffffffff
044, LOC_CIVILIZATION_BABYLON_STK_NAME, UNIT_BUILDER (1900561), 73, 58, -9999, -9999, 2304, ffffffff
044, LOC_CIVILIZATION_BABYLON_STK_NAME, UNIT_BUILDER (1835024), 74, 48, -9999, -9999, 2320, ffffffff
044, LOC_CIVILIZATION_BABYLON_STK_NAME, UNIT_BUILDER (1835024), 74, 48, -9999, -9999, 2321, ffffffff
044, LOC_CIVILIZATION_BABYLON_STK_NAME, UNIT_BUILDER (1835024), 74, 48, -9999, -9999, 2304, ffffffff
044, LOC_CIVILIZATION_BABYLON_STK_NAME, UNIT_BUILDER (1835024), 74, 48, -9999, -9999, 2320, ffffffff
044, LOC_CIVILIZATION_BABYLON_STK_NAME, UNIT_BUILDER (1835024), 74, 48, -9999, -9999, 2321, ffffffff
044, LOC_CIVILIZATION_BABYLON_STK_NAME, UNIT_BUILDER (1835024), 74, 48, -9999, -9999, 2304, ffffffff
044, LOC_CIVILIZATION_BABYLON_STK_NAME, UNIT_BUILDER (1769487), 76, 48, -9999, -9999, 2320, ffffffff
044, LOC_CIVILIZATION_BABYLON_STK_NAME, UNIT_BUILDER (1769487), 76, 48, -9999, -9999, 2321, ffffffff
044, LOC_CIVILIZATION_BABYLON_STK_NAME, UNIT_BUILDER (1769487), 76, 48, -9999, -9999, 2304, ffffffff
044, LOC_CIVILIZATION_BABYLON_STK_NAME, UNIT_BUILDER (1769487), 76, 48, -9999, -9999, 2320, ffffffff
044, LOC_CIVILIZATION_BABYLON_STK_NAME, UNIT_BUILDER (1769487), 76, 48, -9999, -9999, 2321, ffffffff
044, LOC_CIVILIZATION_BABYLON_STK_NAME, UNIT_BUILDER (1769487), 76, 48, -9999, -9999, 2304, ffffffff
044, LOC_CIVILIZATION_BABYLON_STK_NAME, UNIT_BUILDER (1835024), 74, 48, -9999, -9999, 2320, ffffffff
044, LOC_CIVILIZATION_BABYLON_STK_NAME, UNIT_BUILDER (1835024), 74, 48, -9999, -9999, 2321, ffffffff
044, LOC_CIVILIZATION_BABYLON_STK_NAME, UNIT_BUILDER (1835024), 74, 48, -9999, -9999, 2304, ffffffff
044, LOC_CIVILIZATION_BABYLON_STK_NAME, UNIT_SETTLER (2097171), 74, 54, 78, 55, 16384, f23f5412
044, LOC_CIVILIZATION_BABYLON_STK_NAME, UNIT_SETTLER (2097171), 74, 54, 78, 55, 16384, f23f5412
044, LOC_CIVILIZATION_BABYLON_STK_NAME, UNIT_BUILDER (1114119), 80, 48, 81, 49, 16640, 2a8ed86a
044, LOC_CIVILIZATION_BABYLON_STK_NAME, UNIT_BUILDER (1114119), 80, 48, -9999, -9999, 2320, ffffffff
044, LOC_CIVILIZATION_BABYLON_STK_NAME, UNIT_BUILDER (1114119), 80, 48, -9999, -9999, 2321, ffffffff
044, LOC_CIVILIZATION_BABYLON_STK_NAME, UNIT_BUILDER (1114119), 80, 48, -9999, -9999, 2304, ffffffff
044, LOC_CIVILIZATION_BABYLON_STK_NAME, UNIT_BUILDER (1114119), 81, 49, -9999, -9999, 2064, ffffffff
044, LOC_CIVILIZATION_BABYLON_STK_NAME, UNIT_BUILDER (1114119), 81, 49, -9999, -9999, 2065, ffffffff
044, LOC_CIVILIZATION_BABYLON_STK_NAME, UNIT_BUILDER (1114119), 81, 49, -9999, -9999, 2048, ffffffff
045, LOC_CIVILIZATION_BABYLON_STK_NAME, UNIT_BUILDER (1638413), 68, 49, -9999, -9999, 2320, ffffffff
045, LOC_CIVILIZATION_BABYLON_STK_NAME, UNIT_BUILDER (1638413), 68, 49, -9999, -9999, 2321, ffffffff
045, LOC_CIVILIZATION_BABYLON_STK_NAME, UNIT_BUILDER (1638413), 68, 49, -9999, -9999, 2304, ffffffff
045, LOC_CIVILIZATION_BABYLON_STK_NAME, UNIT_BUILDER (1638413), 68, 49, -9999, -9999, 2320, ffffffff
045, LOC_CIVILIZATION_BABYLON_STK_NAME, UNIT_BUILDER (1638413), 68, 49, -9999, -9999, 2321, ffffffff
045, LOC_CIVILIZATION_BABYLON_STK_NAME, UNIT_BUILDER (1638413), 68, 49, -9999, -9999, 2304, ffffffff
045, LOC_CIVILIZATION_BABYLON_STK_NAME, UNIT_BUILDER (1638413), 68, 49, -9999, -9999, 2320, ffffffff
045, LOC_CIVILIZATION_BABYLON_STK_NAME, UNIT_BUILDER (1638413), 68, 49, -9999, -9999, 2321, ffffffff
045, LOC_CIVILIZATION_BABYLON_STK_NAME, UNIT_BUILDER (1638413), 68, 49, -9999, -9999, 2304, ffffffff
045, LOC_CIVILIZATION_BABYLON_STK_NAME, UNIT_BUILDER (1376267), 68, 51, 67, 51, 16640, 446ba540
045, LOC_CIVILIZATION_BABYLON_STK_NAME, UNIT_BUILDER (1376267), 68, 51, -9999, -9999, 2320, ffffffff
045, LOC_CIVILIZATION_BABYLON_STK_NAME, UNIT_BUILDER (1376267), 68, 51, -9999, -9999, 2321, ffffffff
045, LOC_CIVILIZATION_BABYLON_STK_NAME, UNIT_BUILDER (1376267), 68, 51, -9999, -9999, 2304, ffffffff
045, LOC_CIVILIZATION_BABYLON_STK_NAME, UNIT_BUILDER (1376267), 67, 51, -9999, -9999, 2064, ffffffff
045, LOC_CIVILIZATION_BABYLON_STK_NAME, UNIT_BUILDER (1376267), 67, 51, -9999, -9999, 2065, ffffffff
045, LOC_CIVILIZATION_BABYLON_STK_NAME, UNIT_BUILDER (1376267), 67, 51, -9999, -9999, 2048, ffffffff
045, LOC_CIVILIZATION_BABYLON_STK_NAME, UNIT_BUILDER (1376267), 67, 51, -9999, -9999, 2064, ffffffff
045, LOC_CIVILIZATION_BABYLON_STK_NAME, UNIT_BUILDER (1376267), 67, 51, -9999, -9999, 2065, ffffffff
045, LOC_CIVILIZATION_BABYLON_STK_NAME, UNIT_BUILDER (1376267), 67, 51, -9999, -9999, 2048, ffffffff
045, LOC_CIVILIZATION_BABYLON_STK_NAME, UNIT_BUILDER (1376267), 67, 51, -9999, -9999, 2064, ffffffff
045, LOC_CIVILIZATION_BABYLON_STK_NAME, UNIT_BUILDER (1376267), 67, 51, -9999, -9999, 2065, ffffffff
045, LOC_CIVILIZATION_BABYLON_STK_NAME, UNIT_BUILDER (1376267), 67, 51, -9999, -9999, 2048, ffffffff
045, LOC_CIVILIZATION_BABYLON_STK_NAME, UNIT_BUILDER (1376267), 67, 51, -9999, -9999, 2064, ffffffff
045, LOC_CIVILIZATION_BABYLON_STK_NAME, UNIT_BUILDER (1376267), 67, 51, -9999, -9999, 2065, ffffffff
045, LOC_CIVILIZATION_BABYLON_STK_NAME, UNIT_BUILDER (1376267), 67, 51, -9999, -9999, 2048, ffffffff
045, LOC_CIVILIZATION_BABYLON_STK_NAME, UNIT_BABYLONIAN_SABUM_KIBITTUM (196608), 37, 69, -9999, -9999, 2320, ffffffff
045, LOC_CIVILIZATION_BABYLON_STK_NAME, UNIT_BABYLONIAN_SABUM_KIBITTUM (196608), 37, 69, -9999, -9999, 2321, ffffffff
045, LOC_CIVILIZATION_BABYLON_STK_NAME, UNIT_BABYLONIAN_SABUM_KIBITTUM (196608), 37, 69, -9999, -9999, 2304, ffffffff
045, LOC_CIVILIZATION_BABYLON_STK_NAME, UNIT_BABYLONIAN_SABUM_KIBITTUM (196608), 37, 69, -9999, -9999, 2370, ffffffff
045, LOC_CIVILIZATION_BABYLON_STK_NAME, UNIT_BABYLONIAN_SABUM_KIBITTUM (196608), 37, 69, 27, 69, 256, 317482cc
045, LOC_CIVILIZATION_BABYLON_STK_NAME, UNIT_BABYLONIAN_SABUM_KIBITTUM (196608), 37, 69, -9999, -9999, 2370, ffffffff
045, LOC_CIVILIZATION_BABYLON_STK_NAME, UNIT_BABYLONIAN_SABUM_KIBITTUM (196608), 37, 69, 27, 69, 256, 317482cc
045, LOC_CIVILIZATION_BABYLON_STK_NAME, UNIT_BUILDER (1638413), 68, 49, -9999, -9999, 2320, ffffffff
045, LOC_CIVILIZATION_BABYLON_STK_NAME, UNIT_BUILDER (1638413), 68, 49, -9999, -9999, 2321, ffffffff
045, LOC_CIVILIZATION_BABYLON_STK_NAME, UNIT_BUILDER (1638413), 68, 49, -9999, -9999, 2304, ffffffff
045, LOC_CIVILIZATION_BABYLON_STK_NAME, UNIT_BUILDER (1638413), 68, 49, 67, 49, 16640, 72a817ff
045, LOC_CIVILIZATION_BABYLON_STK_NAME, UNIT_BUILDER (1638413), 67, 49, -9999, -9999, 2064, ffffffff
045, LOC_CIVILIZATION_BABYLON_STK_NAME, UNIT_BUILDER (1638413), 67, 49, -9999, -9999, 2065, ffffffff
045, LOC_CIVILIZATION_BABYLON_STK_NAME, UNIT_BUILDER (1638413), 67, 49, -9999, -9999, 2048, ffffffff
045, LOC_CIVILIZATION_BABYLON_STK_NAME, UNIT_BUILDER (1638413), 67, 49, -9999, -9999, 2064, ffffffff
045, LOC_CIVILIZATION_BABYLON_STK_NAME, UNIT_BUILDER (1638413), 67, 49, -9999, -9999, 2065, ffffffff
045, LOC_CIVILIZATION_BABYLON_STK_NAME, UNIT_BUILDER (1638413), 67, 49, -9999, -9999, 2048, ffffffff
045, LOC_CIVILIZATION_BABYLON_STK_NAME, UNIT_BUILDER (1638413), 67, 49, -9999, -9999, 2064, ffffffff
045, LOC_CIVILIZATION_BABYLON_STK_NAME, UNIT_BUILDER (1638413), 67, 49, -9999, -9999, 2065, ffffffff
045, LOC_CIVILIZATION_BABYLON_STK_NAME, UNIT_BUILDER (1638413), 67, 49, -9999, -9999, 2048, ffffffff
045, LOC_CIVILIZATION_BABYLON_STK_NAME, UNIT_BUILDER (1638413), 67, 49, -9999, -9999, 2064, ffffffff
045, LOC_CIVILIZATION_BABYLON_STK_NAME, UNIT_BUILDER (1638413), 67, 49, -9999, -9999, 2065, ffffffff
045, LOC_CIVILIZATION_BABYLON_STK_NAME, UNIT_BUILDER (1638413), 67, 49, -9999, -9999, 2048, ffffffff
045, LOC_CIVILIZATION_BABYLON_STK_NAME, UNIT_BUILDER (1638413), 67, 49, 67, 48, 4, 76491254
045, LOC_CIVILIZATION_BABYLON_STK_NAME, UNIT_BUILDER (1638413), 67, 49, 67, 48, 16384, 76491254
045, LOC_CIVILIZATION_BABYLON_STK_NAME, UNIT_BUILDER (1638413), 67, 49, 67, 48, 4, 76491254
045, LOC_CIVILIZATION_BABYLON_STK_NAME, UNIT_SETTLER (2162700), 73, 49, -9999, -9999, 2320, ffffffff
045, LOC_CIVILIZATION_BABYLON_STK_NAME, UNIT_SETTLER (2162700), 73, 49, -9999, -9999, 2321, ffffffff
045, LOC_CIVILIZATION_BABYLON_STK_NAME, UNIT_SETTLER (2162700), 73, 49, -9999, -9999, 2304, ffffffff
045, LOC_CIVILIZATION_BABYLON_STK_NAME, UNIT_SETTLER (2162700), 73, 49, 72, 53, 16640, ca8ba253
045, LOC_CIVILIZATION_BABYLON_STK_NAME, UNIT_SETTLER (2162700), 72, 51, -9999, -9999, 2064, ffffffff
045, LOC_CIVILIZATION_BABYLON_STK_NAME, UNIT_SETTLER (2162700), 72, 51, -9999, -9999, 2065, ffffffff
045, LOC_CIVILIZATION_BABYLON_STK_NAME, UNIT_SETTLER (2162700), 72, 51, -9999, -9999, 2048, ffffffff
045, LOC_CIVILIZATION_BABYLON_STK_NAME, UNIT_BUILDER (1835024), 74, 48, -9999, -9999, 2320, ffffffff
045, LOC_CIVILIZATION_BABYLON_STK_NAME, UNIT_BUILDER (1835024), 74, 48, -9999, -9999, 2321, ffffffff
045, LOC_CIVILIZATION_BABYLON_STK_NAME, UNIT_BUILDER (1835024), 74, 48, -9999, -9999, 2304, ffffffff
045, LOC_CIVILIZATION_BABYLON_STK_NAME, UNIT_SETTLER (2097171), 74, 54, 78, 55, 16640, f23f5412
045, LOC_CIVILIZATION_BABYLON_STK_NAME, UNIT_SETTLER (2097171), 74, 54, -9999, -9999, 2320, ffffffff
045, LOC_CIVILIZATION_BABYLON_STK_NAME, UNIT_SETTLER (2097171), 74, 54, -9999, -9999, 2321, ffffffff
045, LOC_CIVILIZATION_BABYLON_STK_NAME, UNIT_SETTLER (2097171), 74, 54, -9999, -9999, 2304, ffffffff
045, LOC_CIVILIZATION_BABYLON_STK_NAME, UNIT_SETTLER (2097171), 74, 54, 76, 54, 16640,  fcf22b9
045, LOC_CIVILIZATION_BABYLON_STK_NAME, UNIT_SETTLER (2097171), 76, 54, -9999, -9999, 2064, ffffffff
045, LOC_CIVILIZATION_BABYLON_STK_NAME, UNIT_SETTLER (2097171), 76, 54, -9999, -9999, 2065, ffffffff
045, LOC_CIVILIZATION_BABYLON_STK_NAME, UNIT_SETTLER (2097171), 76, 54, -9999, -9999, 2048, ffffffff
045, LOC_CIVILIZATION_BABYLON_STK_NAME, UNIT_SETTLER (2097171), 76, 54, 78, 55, 16384, 57798962
045, LOC_CIVILIZATION_BABYLON_STK_NAME, UNIT_BUILDER (1966098), 73, 57, -9999, -9999, 2320, ffffffff
045, LOC_CIVILIZATION_BABYLON_STK_NAME, UNIT_BUILDER (1966098), 73, 57, -9999, -9999, 2321, ffffffff
045, LOC_CIVILIZATION_BABYLON_STK_NAME, UNIT_BUILDER (1966098), 73, 57, -9999, -9999, 2304, ffffffff
045, LOC_CIVILIZATION_BABYLON_STK_NAME, UNIT_BUILDER (1900561), 73, 58, -9999, -9999, 2320, ffffffff
045, LOC_CIVILIZATION_BABYLON_STK_NAME, UNIT_BUILDER (1900561), 73, 58, -9999, -9999, 2321, ffffffff
045, LOC_CIVILIZATION_BABYLON_STK_NAME, UNIT_BUILDER (1900561), 73, 58, -9999, -9999, 2304, ffffffff
045, LOC_CIVILIZATION_BABYLON_STK_NAME, UNIT_BUILDER (1900561), 73, 58, -9999, -9999, 2320, ffffffff
045, LOC_CIVILIZATION_BABYLON_STK_NAME, UNIT_BUILDER (1900561), 73, 58, -9999, -9999, 2321, ffffffff
045, LOC_CIVILIZATION_BABYLON_STK_NAME, UNIT_BUILDER (1900561), 73, 58, -9999, -9999, 2304, ffffffff
045, LOC_CIVILIZATION_BABYLON_STK_NAME, UNIT_BUILDER (1966098), 73, 57, -9999, -9999, 2320, ffffffff
045, LOC_CIVILIZATION_BABYLON_STK_NAME, UNIT_BUILDER (1966098), 73, 57, -9999, -9999, 2321, ffffffff
045, LOC_CIVILIZATION_BABYLON_STK_NAME, UNIT_BUILDER (1966098), 73, 57, -9999, -9999, 2304, ffffffff
045, LOC_CIVILIZATION_BABYLON_STK_NAME, UNIT_BUILDER (1966098), 73, 57, -9999, -9999, 2320, ffffffff
045, LOC_CIVILIZATION_BABYLON_STK_NAME, UNIT_BUILDER (1966098), 73, 57, -9999, -9999, 2321, ffffffff
045, LOC_CIVILIZATION_BABYLON_STK_NAME, UNIT_BUILDER (1966098), 73, 57, -9999, -9999, 2304, ffffffff
045, LOC_CIVILIZATION_BABYLON_STK_NAME, UNIT_BUILDER (1966098), 73, 57, -9999, -9999, 2064, ffffffff
045, LOC_CIVILIZATION_BABYLON_STK_NAME, UNIT_BUILDER (1966098), 73, 57, -9999, -9999, 2065, ffffffff
045, LOC_CIVILIZATION_BABYLON_STK_NAME, UNIT_BUILDER (1966098), 73, 57, -9999, -9999, 2048, ffffffff
045, LOC_CIVILIZATION_BABYLON_STK_NAME, UNIT_SETTLER (2228234), 72, 57, -9999, -9999, 2320, ffffffff
045, LOC_CIVILIZATION_BABYLON_STK_NAME, UNIT_SETTLER (2228234), 72, 57, -9999, -9999, 2321, ffffffff
045, LOC_CIVILIZATION_BABYLON_STK_NAME, UNIT_SETTLER (2228234), 72, 57, -9999, -9999, 2304, ffffffff
045, LOC_CIVILIZATION_BABYLON_STK_NAME, UNIT_SETTLER (2228234), 72, 57, -9999, -9999, 2320, ffffffff
045, LOC_CIVILIZATION_BABYLON_STK_NAME, UNIT_SETTLER (2228234), 72, 57, -9999, -9999, 2321, ffffffff
045, LOC_CIVILIZATION_BABYLON_STK_NAME, UNIT_SETTLER (2228234), 72, 57, -9999, -9999, 2304, ffffffff
045, LOC_CIVILIZATION_BABYLON_STK_NAME, UNIT_SETTLER (2228234), 72, 57, 75, 59, 16640,  357a117
045, LOC_CIVILIZATION_BABYLON_STK_NAME, UNIT_SETTLER (2228234), 72, 59, -9999, -9999, 2064, ffffffff
045, LOC_CIVILIZATION_BABYLON_STK_NAME, UNIT_SETTLER (2228234), 72, 59, -9999, -9999, 2065, ffffffff
045, LOC_CIVILIZATION_BABYLON_STK_NAME, UNIT_SETTLER (2228234), 72, 59, -9999, -9999, 2048, ffffffff
045, LOC_CIVILIZATION_BABYLON_STK_NAME, UNIT_BUILDER (2031625), 67, 53, -9999, -9999, 2320, ffffffff
045, LOC_CIVILIZATION_BABYLON_STK_NAME, UNIT_BUILDER (2031625), 67, 53, -9999, -9999, 2321, ffffffff
045, LOC_CIVILIZATION_BABYLON_STK_NAME, UNIT_BUILDER (2031625), 67, 53, -9999, -9999, 2304, ffffffff
045, LOC_CIVILIZATION_BABYLON_STK_NAME, UNIT_BUILDER (2031625), 67, 53, -9999, -9999, 2320, ffffffff
045, LOC_CIVILIZATION_BABYLON_STK_NAME, UNIT_BUILDER (2031625), 67, 53, -9999, -9999, 2321, ffffffff
045, LOC_CIVILIZATION_BABYLON_STK_NAME, UNIT_BUILDER (2031625), 67, 53, -9999, -9999, 2304, ffffffff
045, LOC_CIVILIZATION_BABYLON_STK_NAME, UNIT_BUILDER (2031625), 67, 53, -9999, -9999, 2320, ffffffff
045, LOC_CIVILIZATION_BABYLON_STK_NAME, UNIT_BUILDER (2031625), 67, 53, -9999, -9999, 2321, ffffffff
045, LOC_CIVILIZATION_BABYLON_STK_NAME, UNIT_BUILDER (2031625), 67, 53, -9999, -9999, 2304, ffffffff
045, LOC_CIVILIZATION_BABYLON_STK_NAME, UNIT_BUILDER (2031625), 67, 53, 68, 53, 16640, 482d4ffa
045, LOC_CIVILIZATION_BABYLON_STK_NAME, UNIT_BUILDER (1835024), 74, 48, -9999, -9999, 2320, ffffffff
045, LOC_CIVILIZATION_BABYLON_STK_NAME, UNIT_BUILDER (1835024), 74, 48, -9999, -9999, 2321, ffffffff
045, LOC_CIVILIZATION_BABYLON_STK_NAME, UNIT_BUILDER (1835024), 74, 48, -9999, -9999, 2304, ffffffff
045, LOC_CIVILIZATION_BABYLON_STK_NAME, UNIT_BUILDER (1835024), 74, 48, -9999, -9999, 2320, ffffffff
045, LOC_CIVILIZATION_BABYLON_STK_NAME, UNIT_BUILDER (1835024), 74, 48, -9999, -9999, 2321, ffffffff
045, LOC_CIVILIZATION_BABYLON_STK_NAME, UNIT_BUILDER (1835024), 74, 48, -9999, -9999, 2304, ffffffff
045, LOC_CIVILIZATION_BABYLON_STK_NAME, UNIT_SETTLER (2162700), 72, 51, 72, 53, 16384, f3c738e3
045, LOC_CIVILIZATION_BABYLON_STK_NAME, UNIT_BUILDER (1835024), 74, 48, -9999, -9999, 2320, ffffffff
045, LOC_CIVILIZATION_BABYLON_STK_NAME, UNIT_BUILDER (1835024), 74, 48, -9999, -9999, 2321, ffffffff
045, LOC_CIVILIZATION_BABYLON_STK_NAME, UNIT_BUILDER (1835024), 74, 48, -9999, -9999, 2304, ffffffff
045, LOC_CIVILIZATION_BABYLON_STK_NAME, UNIT_BUILDER (1769487), 76, 48, -9999, -9999, 2320, ffffffff
045, LOC_CIVILIZATION_BABYLON_STK_NAME, UNIT_BUILDER (1769487), 76, 48, -9999, -9999, 2321, ffffffff
045, LOC_CIVILIZATION_BABYLON_STK_NAME, UNIT_BUILDER (1769487), 76, 48, -9999, -9999, 2304, ffffffff
045, LOC_CIVILIZATION_BABYLON_STK_NAME, UNIT_BABYLONIAN_SABUM_KIBITTUM (196608), 37, 69, -9999, -9999, 2320, ffffffff
045, LOC_CIVILIZATION_BABYLON_STK_NAME, UNIT_BABYLONIAN_SABUM_KIBITTUM (196608), 37, 69, -9999, -9999, 2321, ffffffff
045, LOC_CIVILIZATION_BABYLON_STK_NAME, UNIT_BABYLONIAN_SABUM_KIBITTUM (196608), 37, 69, -9999, -9999, 2304, ffffffff
045, LOC_CIVILIZATION_BABYLON_STK_NAME, UNIT_BABYLONIAN_SABUM_KIBITTUM (196608), 37, 69, -9999, -9999, 2370, ffffffff
045, LOC_CIVILIZATION_BABYLON_STK_NAME, UNIT_BABYLONIAN_SABUM_KIBITTUM (196608), 37, 69, 27, 69, 256, 317482cc
045, LOC_CIVILIZATION_BABYLON_STK_NAME, UNIT_BABYLONIAN_SABUM_KIBITTUM (196608), 37, 69, -9999, -9999, 2370, ffffffff
045, LOC_CIVILIZATION_BABYLON_STK_NAME, UNIT_BABYLONIAN_SABUM_KIBITTUM (196608), 37, 69, 27, 69, 256, 317482cc
045, LOC_CIVILIZATION_BABYLON_STK_NAME, UNIT_BUILDER (1835024), 74, 48, -9999, -9999, 2320, ffffffff
045, LOC_CIVILIZATION_BABYLON_STK_NAME, UNIT_BUILDER (1835024), 74, 48, -9999, -9999, 2321, ffffffff
045, LOC_CIVILIZATION_BABYLON_STK_NAME, UNIT_BUILDER (1835024), 74, 48, -9999, -9999, 2304, ffffffff
045, LOC_CIVILIZATION_BABYLON_STK_NAME, UNIT_BUILDER (1114119), 81, 49, -9999, -9999, 2320, ffffffff
045, LOC_CIVILIZATION_BABYLON_STK_NAME, UNIT_BUILDER (1114119), 81, 49, -9999, -9999, 2321, ffffffff
045, LOC_CIVILIZATION_BABYLON_STK_NAME, UNIT_BUILDER (1114119), 81, 49, -9999, -9999, 2304, ffffffff
045, LOC_CIVILIZATION_BABYLON_STK_NAME, UNIT_BABYLONIAN_SABUM_KIBITTUM (196608), 37, 69, -9999, -9999, 2320, ffffffff
045, LOC_CIVILIZATION_BABYLON_STK_NAME, UNIT_BABYLONIAN_SABUM_KIBITTUM (196608), 37, 69, -9999, -9999, 2321, ffffffff
045, LOC_CIVILIZATION_BABYLON_STK_NAME, UNIT_BABYLONIAN_SABUM_KIBITTUM (196608), 37, 69, -9999, -9999, 2304, ffffffff
045, LOC_CIVILIZATION_BABYLON_STK_NAME, UNIT_BABYLONIAN_SABUM_KIBITTUM (196608), 37, 69, -9999, -9999, 2370, ffffffff
045, LOC_CIVILIZATION_BABYLON_STK_NAME, UNIT_BABYLONIAN_SABUM_KIBITTUM (196608), 37, 69, 27, 69, 256, 317482cc
045, LOC_CIVILIZATION_BABYLON_STK_NAME, UNIT_BABYLONIAN_SABUM_KIBITTUM (196608), 37, 69, -9999, -9999, 2370, ffffffff
045, LOC_CIVILIZATION_BABYLON_STK_NAME, UNIT_BABYLONIAN_SABUM_KIBITTUM (196608), 37, 69, 27, 69, 256, 317482cc
045, LOC_CIVILIZATION_BABYLON_STK_NAME, UNIT_BUILDER (1835024), 74, 48, -9999, -9999, 2320, ffffffff
045, LOC_CIVILIZATION_BABYLON_STK_NAME, UNIT_BUILDER (1835024), 74, 48, -9999, -9999, 2321, ffffffff
045, LOC_CIVILIZATION_BABYLON_STK_NAME, UNIT_BUILDER (1835024), 74, 48, -9999, -9999, 2304, ffffffff
045, LOC_CIVILIZATION_BABYLON_STK_NAME, UNIT_BUILDER (1835024), 74, 48, 73, 46, 16640,  836ea48
045, LOC_CIVILIZATION_BABYLON_STK_NAME, UNIT_BUILDER (1835024), 73, 46, -9999, -9999, 2064, ffffffff
045, LOC_CIVILIZATION_BABYLON_STK_NAME, UNIT_BUILDER (1835024), 73, 46, -9999, -9999, 2065, ffffffff
045, LOC_CIVILIZATION_BABYLON_STK_NAME, UNIT_BUILDER (1835024), 73, 46, -9999, -9999, 2048, ffffffff
045, LOC_CIVILIZATION_BABYLON_STK_NAME, UNIT_BUILDER (1835024), 73, 46, -9999, -9999, 2064, ffffffff
045, LOC_CIVILIZATION_BABYLON_STK_NAME, UNIT_BUILDER (1835024), 73, 46, -9999, -9999, 2065, ffffffff
045, LOC_CIVILIZATION_BABYLON_STK_NAME, UNIT_BUILDER (1835024), 73, 46, -9999, -9999, 2048, ffffffff
045, LOC_CIVILIZATION_BABYLON_STK_NAME, UNIT_BABYLONIAN_SABUM_KIBITTUM (196608), 37, 69, -9999, -9999, 2320, ffffffff
045, LOC_CIVILIZATION_BABYLON_STK_NAME, UNIT_BABYLONIAN_SABUM_KIBITTUM (196608), 37, 69, -9999, -9999, 2321, ffffffff
045, LOC_CIVILIZATION_BABYLON_STK_NAME, UNIT_BABYLONIAN_SABUM_KIBITTUM (196608), 37, 69, -9999, -9999, 2304, ffffffff
045, LOC_CIVILIZATION_BABYLON_STK_NAME, UNIT_BABYLONIAN_SABUM_KIBITTUM (196608), 37, 69, -9999, -9999, 2370, ffffffff
045, LOC_CIVILIZATION_BABYLON_STK_NAME, UNIT_BABYLONIAN_SABUM_KIBITTUM (196608), 37, 69, 27, 69, 256, edd9a453
045, LOC_CIVILIZATION_BABYLON_STK_NAME, UNIT_BABYLONIAN_SABUM_KIBITTUM (196608), 37, 69, -9999, -9999, 2370, ffffffff
045, LOC_CIVILIZATION_BABYLON_STK_NAME, UNIT_BABYLONIAN_SABUM_KIBITTUM (196608), 37, 69, 27, 69, 256, edd9a453
045, LOC_CIVILIZATION_BABYLON_STK_NAME, UNIT_BABYLONIAN_SABUM_KIBITTUM (196608), 37, 69, 36, 68, 16656, 37f1bec9
045, LOC_CIVILIZATION_BABYLON_STK_NAME, UNIT_BABYLONIAN_SABUM_KIBITTUM (196608), 36, 68, -9999, -9999, 2064, ffffffff
045, LOC_CIVILIZATION_BABYLON_STK_NAME, UNIT_BABYLONIAN_SABUM_KIBITTUM (196608), 36, 68, -9999, -9999, 2065, ffffffff
045, LOC_CIVILIZATION_BABYLON_STK_NAME, UNIT_BABYLONIAN_SABUM_KIBITTUM (196608), 36, 68, -9999, -9999, 2048, ffffffff
045, LOC_CIVILIZATION_BABYLON_STK_NAME, UNIT_BABYLONIAN_SABUM_KIBITTUM (196608), 36, 68, -9999, -9999, 2064, ffffffff
045, LOC_CIVILIZATION_BABYLON_STK_NAME, UNIT_BABYLONIAN_SABUM_KIBITTUM (196608), 36, 68, -9999, -9999, 2065, ffffffff
045, LOC_CIVILIZATION_BABYLON_STK_NAME, UNIT_BABYLONIAN_SABUM_KIBITTUM (196608), 36, 68, -9999, -9999, 2048, ffffffff
045, LOC_CIVILIZATION_BABYLON_STK_NAME, UNIT_BABYLONIAN_SABUM_KIBITTUM (196608), 36, 68, -9999, -9999, 2114, ffffffff
045, LOC_CIVILIZATION_BABYLON_STK_NAME, UNIT_BABYLONIAN_SABUM_KIBITTUM (196608), 36, 68, 27, 69, 0, 47c0ea03
045, LOC_CIVILIZATION_BABYLON_STK_NAME, UNIT_BABYLONIAN_SABUM_KIBITTUM (196608), 36, 68, -9999, -9999, 2064, ffffffff
045, LOC_CIVILIZATION_BABYLON_STK_NAME, UNIT_BABYLONIAN_SABUM_KIBITTUM (196608), 36, 68, -9999, -9999, 2065, ffffffff
045, LOC_CIVILIZATION_BABYLON_STK_NAME, UNIT_BABYLONIAN_SABUM_KIBITTUM (196608), 36, 68, -9999, -9999, 2048, ffffffff
045, LOC_CIVILIZATION_BABYLON_STK_NAME, UNIT_BABYLONIAN_SABUM_KIBITTUM (196608), 36, 68, -9999, -9999, 2114, ffffffff
045, LOC_CIVILIZATION_BABYLON_STK_NAME, UNIT_BABYLONIAN_SABUM_KIBITTUM (196608), 36, 68, 27, 69, 0, 47c0ea03
045, LOC_CIVILIZATION_BABYLON_STK_NAME, UNIT_BABYLONIAN_SABUM_KIBITTUM (196608), 36, 68, 35, 68, 4, c2a8bf31
045, LOC_CIVILIZATION_BABYLON_STK_NAME, UNIT_BABYLONIAN_SABUM_KIBITTUM (196608), 36, 68, 35, 68, 16400, c2a8bf31
045, LOC_CIVILIZATION_BABYLON_STK_NAME, UNIT_BABYLONIAN_SABUM_KIBITTUM (196608), 36, 68, 35, 68, 4, c2a8bf31
045, LOC_CIVILIZATION_BABYLON_STK_NAME, UNIT_SCOUT (458756), 42, 18, -9999, -9999, 2320, ffffffff
045, LOC_CIVILIZATION_BABYLON_STK_NAME, UNIT_SCOUT (458756), 42, 18, -9999, -9999, 2321, ffffffff
045, LOC_CIVILIZATION_BABYLON_STK_NAME, UNIT_SCOUT (458756), 42, 18, -9999, -9999, 2304, ffffffff
045, LOC_CIVILIZATION_BABYLON_STK_NAME, UNIT_SCOUT (458756), 42, 18, -9999, -9999, 2370, ffffffff
045, LOC_CIVILIZATION_BABYLON_STK_NAME, UNIT_SCOUT (458756), 42, 18, 37, 10, 256, 593e3394
045, LOC_CIVILIZATION_BABYLON_STK_NAME, UNIT_SCOUT (458756), 42, 18, -9999, -9999, 2370, ffffffff
045, LOC_CIVILIZATION_BABYLON_STK_NAME, UNIT_SCOUT (458756), 42, 18, 37, 10, 256, 593e3394
045, LOC_CIVILIZATION_BABYLON_STK_NAME, UNIT_SCOUT (458756), 42, 18, 42, 17, 16656, 8d9ab0bf
046, LOC_CIVILIZATION_BABYLON_STK_NAME, UNIT_BUILDER (2293780), 80, 47, -9999, -9999, 2320, ffffffff
046, LOC_CIVILIZATION_BABYLON_STK_NAME, UNIT_BUILDER (2293780), 80, 47, -9999, -9999, 2321, ffffffff
046, LOC_CIVILIZATION_BABYLON_STK_NAME, UNIT_BUILDER (2293780), 80, 47, -9999, -9999, 2304, ffffffff
046, LOC_CIVILIZATION_BABYLON_STK_NAME, UNIT_BUILDER (2293780), 80, 47, -9999, -9999, 2320, ffffffff
046, LOC_CIVILIZATION_BABYLON_STK_NAME, UNIT_BUILDER (2293780), 80, 47, -9999, -9999, 2321, ffffffff
046, LOC_CIVILIZATION_BABYLON_STK_NAME, UNIT_BUILDER (2293780), 80, 47, -9999, -9999, 2304, ffffffff
046, LOC_CIVILIZATION_BABYLON_STK_NAME, UNIT_BUILDER (2293780), 80, 47, -9999, -9999, 2320, ffffffff
046, LOC_CIVILIZATION_BABYLON_STK_NAME, UNIT_BUILDER (2293780), 80, 47, -9999, -9999, 2321, ffffffff
046, LOC_CIVILIZATION_BABYLON_STK_NAME, UNIT_BUILDER (2293780), 80, 47, -9999, -9999, 2304, ffffffff
046, LOC_CIVILIZATION_BABYLON_STK_NAME, UNIT_BUILDER (2293780), 80, 47, -9999, -9999, 2320, ffffffff
046, LOC_CIVILIZATION_BABYLON_STK_NAME, UNIT_BUILDER (2293780), 80, 47, -9999, -9999, 2321, ffffffff
046, LOC_CIVILIZATION_BABYLON_STK_NAME, UNIT_BUILDER (2293780), 80, 47, -9999, -9999, 2304, ffffffff
046, LOC_CIVILIZATION_BABYLON_STK_NAME, UNIT_BUILDER (2293780), 80, 47, -9999, -9999, 2320, ffffffff
046, LOC_CIVILIZATION_BABYLON_STK_NAME, UNIT_BUILDER (2293780), 80, 47, -9999, -9999, 2321, ffffffff
046, LOC_CIVILIZATION_BABYLON_STK_NAME, UNIT_BUILDER (2293780), 80, 47, -9999, -9999, 2304, ffffffff
046, LOC_CIVILIZATION_BABYLON_STK_NAME, UNIT_BUILDER (2293780), 80, 47, 81, 48, 16640, de3ae3ac
046, LOC_CIVILIZATION_BABYLON_STK_NAME, UNIT_BUILDER (2293780), 81, 48, -9999, -9999, 2064, ffffffff
046, LOC_CIVILIZATION_BABYLON_STK_NAME, UNIT_BUILDER (2293780), 81, 48, -9999, -9999, 2065, ffffffff
046, LOC_CIVILIZATION_BABYLON_STK_NAME, UNIT_BUILDER (2293780), 81, 48, -9999, -9999, 2048, ffffffff
046, LOC_CIVILIZATION_BABYLON_STK_NAME, UNIT_BUILDER (2293780), 81, 48, -9999, -9999, 2064, ffffffff
046, LOC_CIVILIZATION_BABYLON_STK_NAME, UNIT_BUILDER (2293780), 81, 48, -9999, -9999, 2065, ffffffff
046, LOC_CIVILIZATION_BABYLON_STK_NAME, UNIT_BUILDER (2293780), 81, 48, -9999, -9999, 2048, ffffffff
046, LOC_CIVILIZATION_BABYLON_STK_NAME, UNIT_BUILDER (2293780), 81, 48, -9999, -9999, 2064, ffffffff
046, LOC_CIVILIZATION_BABYLON_STK_NAME, UNIT_BUILDER (2293780), 81, 48, -9999, -9999, 2065, ffffffff
046, LOC_CIVILIZATION_BABYLON_STK_NAME, UNIT_BUILDER (2293780), 81, 48, -9999, -9999, 2048, ffffffff
046, LOC_CIVILIZATION_BABYLON_STK_NAME, UNIT_BUILDER (1835024), 73, 46, -9999, -9999, 2320, ffffffff
046, LOC_CIVILIZATION_BABYLON_STK_NAME, UNIT_BUILDER (1835024), 73, 46, -9999, -9999, 2321, ffffffff
046, LOC_CIVILIZATION_BABYLON_STK_NAME, UNIT_BUILDER (1835024), 73, 46, -9999, -9999, 2304, ffffffff
046, LOC_CIVILIZATION_BABYLON_STK_NAME, UNIT_BUILDER (1835024), 73, 46, -9999, -9999, 2320, ffffffff
046, LOC_CIVILIZATION_BABYLON_STK_NAME, UNIT_BUILDER (1835024), 73, 46, -9999, -9999, 2321, ffffffff
046, LOC_CIVILIZATION_BABYLON_STK_NAME, UNIT_BUILDER (1835024), 73, 46, -9999, -9999, 2304, ffffffff
046, LOC_CIVILIZATION_BABYLON_STK_NAME, UNIT_BUILDER (1835024), 73, 46, -9999, -9999, 2320, ffffffff
046, LOC_CIVILIZATION_BABYLON_STK_NAME, UNIT_BUILDER (1835024), 73, 46, -9999, -9999, 2321, ffffffff
046, LOC_CIVILIZATION_BABYLON_STK_NAME, UNIT_BUILDER (1835024), 73, 46, -9999, -9999, 2304, ffffffff
046, LOC_CIVILIZATION_BABYLON_STK_NAME, UNIT_BUILDER (2359311), 73, 49, -9999, -9999, 2320, ffffffff
046, LOC_CIVILIZATION_BABYLON_STK_NAME, UNIT_BUILDER (2359311), 73, 49, -9999, -9999, 2321, ffffffff
046, LOC_CIVILIZATION_BABYLON_STK_NAME, UNIT_BUILDER (2359311), 73, 49, -9999, -9999, 2304, ffffffff
046, LOC_CIVILIZATION_BABYLON_STK_NAME, UNIT_BUILDER (2359311), 73, 49, -9999, -9999, 2320, ffffffff
046, LOC_CIVILIZATION_BABYLON_STK_NAME, UNIT_BUILDER (2359311), 73, 49, -9999, -9999, 2321, ffffffff
046, LOC_CIVILIZATION_BABYLON_STK_NAME, UNIT_BUILDER (2359311), 73, 49, -9999, -9999, 2304, ffffffff
046, LOC_CIVILIZATION_BABYLON_STK_NAME, UNIT_BUILDER (2359311), 73, 49, 72, 47, 16640, 1efa6ead
046, LOC_CIVILIZATION_BABYLON_STK_NAME, UNIT_BUILDER (2359311), 72, 47, -9999, -9999, 2064, ffffffff
046, LOC_CIVILIZATION_BABYLON_STK_NAME, UNIT_BUILDER (2359311), 72, 47, -9999, -9999, 2065, ffffffff
046, LOC_CIVILIZATION_BABYLON_STK_NAME, UNIT_BUILDER (2359311), 72, 47, -9999, -9999, 2048, ffffffff
046, LOC_CIVILIZATION_BABYLON_STK_NAME, UNIT_BUILDER (2359311), 72, 47, -9999, -9999, 2064, ffffffff
046, LOC_CIVILIZATION_BABYLON_STK_NAME, UNIT_BUILDER (2359311), 72, 47, -9999, -9999, 2065, ffffffff
046, LOC_CIVILIZATION_BABYLON_STK_NAME, UNIT_BUILDER (2359311), 72, 47, -9999, -9999, 2048, ffffffff
046, LOC_CIVILIZATION_BABYLON_STK_NAME, UNIT_BUILDER (2359311), 72, 47, -9999, -9999, 2064, ffffffff
046, LOC_CIVILIZATION_BABYLON_STK_NAME, UNIT_BUILDER (2359311), 72, 47, -9999, -9999, 2065, ffffffff
046, LOC_CIVILIZATION_BABYLON_STK_NAME, UNIT_BUILDER (2359311), 72, 47, -9999, -9999, 2048, ffffffff
046, LOC_CIVILIZATION_BABYLON_STK_NAME, UNIT_BUILDER (1835024), 73, 46, -9999, -9999, 2320, ffffffff
046, LOC_CIVILIZATION_BABYLON_STK_NAME, UNIT_BUILDER (1835024), 73, 46, -9999, -9999, 2321, ffffffff
046, LOC_CIVILIZATION_BABYLON_STK_NAME, UNIT_BUILDER (1835024), 73, 46, -9999, -9999, 2304, ffffffff
046, LOC_CIVILIZATION_BABYLON_STK_NAME, UNIT_BUILDER (1835024), 73, 46, -9999, -9999, 2320, ffffffff
046, LOC_CIVILIZATION_BABYLON_STK_NAME, UNIT_BUILDER (1835024), 73, 46, -9999, -9999, 2321, ffffffff
046, LOC_CIVILIZATION_BABYLON_STK_NAME, UNIT_BUILDER (1835024), 73, 46, -9999, -9999, 2304, ffffffff
046, LOC_CIVILIZATION_BABYLON_STK_NAME, UNIT_BUILDER (2424843), 72, 57, -9999, -9999, 2320, ffffffff
046, LOC_CIVILIZATION_BABYLON_STK_NAME, UNIT_BUILDER (2424843), 72, 57, -9999, -9999, 2321, ffffffff
046, LOC_CIVILIZATION_BABYLON_STK_NAME, UNIT_BUILDER (2424843), 72, 57, -9999, -9999, 2304, ffffffff
046, LOC_CIVILIZATION_BABYLON_STK_NAME, UNIT_SETTLER (2228234), 72, 59, 75, 59, 16640, f33581a8
046, LOC_CIVILIZATION_BABYLON_STK_NAME, UNIT_SETTLER (2228234), 72, 59, -9999, -9999, 2320, ffffffff
046, LOC_CIVILIZATION_BABYLON_STK_NAME, UNIT_SETTLER (2228234), 72, 59, -9999, -9999, 2321, ffffffff
046, LOC_CIVILIZATION_BABYLON_STK_NAME, UNIT_SETTLER (2228234), 72, 59, -9999, -9999, 2304, ffffffff
046, LOC_CIVILIZATION_BABYLON_STK_NAME, UNIT_SETTLER (2228234), 72, 59, 74, 59, 16640, f410ae8c
046, LOC_CIVILIZATION_BABYLON_STK_NAME, UNIT_SETTLER (2228234), 74, 59, -9999, -9999, 2064, ffffffff
046, LOC_CIVILIZATION_BABYLON_STK_NAME, UNIT_SETTLER (2228234), 74, 59, -9999, -9999, 2065, ffffffff
046, LOC_CIVILIZATION_BABYLON_STK_NAME, UNIT_SETTLER (2228234), 74, 59, -9999, -9999, 2048, ffffffff
046, LOC_CIVILIZATION_BABYLON_STK_NAME, UNIT_SETTLER (2228234), 74, 59, 75, 59, 16384, 488c5e22
046, LOC_CIVILIZATION_BABYLON_STK_NAME, UNIT_BUILDER (2424843), 72, 57, -9999, -9999, 2320, ffffffff
046, LOC_CIVILIZATION_BABYLON_STK_NAME, UNIT_BUILDER (2424843), 72, 57, -9999, -9999, 2321, ffffffff
046, LOC_CIVILIZATION_BABYLON_STK_NAME, UNIT_BUILDER (2424843), 72, 57, -9999, -9999, 2304, ffffffff
046, LOC_CIVILIZATION_BABYLON_STK_NAME, UNIT_BUILDER (2031625), 68, 53, -9999, -9999, 2320, ffffffff
046, LOC_CIVILIZATION_BABYLON_STK_NAME, UNIT_BUILDER (2031625), 68, 53, -9999, -9999, 2321, ffffffff
046, LOC_CIVILIZATION_BABYLON_STK_NAME, UNIT_BUILDER (2031625), 68, 53, -9999, -9999, 2304, ffffffff
046, LOC_CIVILIZATION_BABYLON_STK_NAME, UNIT_BUILDER (2031625), 68, 53, -9999, -9999, 2320, ffffffff
046, LOC_CIVILIZATION_BABYLON_STK_NAME, UNIT_BUILDER (2031625), 68, 53, -9999, -9999, 2321, ffffffff
046, LOC_CIVILIZATION_BABYLON_STK_NAME, UNIT_BUILDER (2031625), 68, 53, -9999, -9999, 2304, ffffffff
046, LOC_CIVILIZATION_BABYLON_STK_NAME, UNIT_BUILDER (2424843), 72, 57, -9999, -9999, 2320, ffffffff
046, LOC_CIVILIZATION_BABYLON_STK_NAME, UNIT_BUILDER (2424843), 72, 57, -9999, -9999, 2321, ffffffff
046, LOC_CIVILIZATION_BABYLON_STK_NAME, UNIT_BUILDER (2424843), 72, 57, -9999, -9999, 2304, ffffffff
046, LOC_CIVILIZATION_BABYLON_STK_NAME, UNIT_BUILDER (1638413), 67, 48, -9999, -9999, 2320, ffffffff
046, LOC_CIVILIZATION_BABYLON_STK_NAME, UNIT_BUILDER (1638413), 67, 48, -9999, -9999, 2321, ffffffff
046, LOC_CIVILIZATION_BABYLON_STK_NAME, UNIT_BUILDER (1638413), 67, 48, -9999, -9999, 2304, ffffffff
046, LOC_CIVILIZATION_BABYLON_STK_NAME, UNIT_BUILDER (1638413), 67, 48, -9999, -9999, 2320, ffffffff
046, LOC_CIVILIZATION_BABYLON_STK_NAME, UNIT_BUILDER (1638413), 67, 48, -9999, -9999, 2321, ffffffff
046, LOC_CIVILIZATION_BABYLON_STK_NAME, UNIT_BUILDER (1638413), 67, 48, -9999, -9999, 2304, ffffffff
046, LOC_CIVILIZATION_BABYLON_STK_NAME, UNIT_BABYLONIAN_SABUM_KIBITTUM (196608), 35, 68, -9999, -9999, 2320, ffffffff
046, LOC_CIVILIZATION_BABYLON_STK_NAME, UNIT_BABYLONIAN_SABUM_KIBITTUM (196608), 35, 68, -9999, -9999, 2321, ffffffff
046, LOC_CIVILIZATION_BABYLON_STK_NAME, UNIT_BABYLONIAN_SABUM_KIBITTUM (196608), 35, 68, -9999, -9999, 2304, ffffffff
046, LOC_CIVILIZATION_BABYLON_STK_NAME, UNIT_BABYLONIAN_SABUM_KIBITTUM (196608), 35, 68, -9999, -9999, 2370, ffffffff
046, LOC_CIVILIZATION_BABYLON_STK_NAME, UNIT_BABYLONIAN_SABUM_KIBITTUM (196608), 35, 68, -9999, -9999, 2370, ffffffff
046, LOC_CIVILIZATION_BABYLON_STK_NAME, UNIT_SETTLER (2162700), 72, 51, 72, 53, 16640, f3c738e3
046, LOC_CIVILIZATION_BABYLON_STK_NAME, UNIT_SETTLER (2162700), 72, 51, -9999, -9999, 2320, ffffffff
046, LOC_CIVILIZATION_BABYLON_STK_NAME, UNIT_SETTLER (2162700), 72, 51, -9999, -9999, 2321, ffffffff
046, LOC_CIVILIZATION_BABYLON_STK_NAME, UNIT_SETTLER (2162700), 72, 51, -9999, -9999, 2304, ffffffff
046, LOC_CIVILIZATION_BABYLON_STK_NAME, UNIT_SETTLER (2162700), 72, 53, -9999, -9999, 2064, ffffffff
046, LOC_CIVILIZATION_BABYLON_STK_NAME, UNIT_SETTLER (2162700), 72, 53, -9999, -9999, 2065, ffffffff
046, LOC_CIVILIZATION_BABYLON_STK_NAME, UNIT_SETTLER (2162700), 72, 53, -9999, -9999, 2048, ffffffff
046, LOC_CIVILIZATION_BABYLON_STK_NAME, UNIT_BUILDER (1966098), 73, 57, -9999, -9999, 2320, ffffffff
046, LOC_CIVILIZATION_BABYLON_STK_NAME, UNIT_BUILDER (1966098), 73, 57, -9999, -9999, 2321, ffffffff
046, LOC_CIVILIZATION_BABYLON_STK_NAME, UNIT_BUILDER (1966098), 73, 57, -9999, -9999, 2304, ffffffff
046, LOC_CIVILIZATION_BABYLON_STK_NAME, UNIT_SETTLER (2097171), 76, 54, 78, 55, 16640, 57798962
046, LOC_CIVILIZATION_BABYLON_STK_NAME, UNIT_SETTLER (2097171), 76, 54, -9999, -9999, 2320, ffffffff
046, LOC_CIVILIZATION_BABYLON_STK_NAME, UNIT_SETTLER (2097171), 76, 54, -9999, -9999, 2321, ffffffff
046, LOC_CIVILIZATION_BABYLON_STK_NAME, UNIT_SETTLER (2097171), 76, 54, -9999, -9999, 2304, ffffffff
046, LOC_CIVILIZATION_BABYLON_STK_NAME, UNIT_SETTLER (2097171), 76, 54, 78, 54, 16640,   f0ea7d
046, LOC_CIVILIZATION_BABYLON_STK_NAME, UNIT_SETTLER (2097171), 78, 54, -9999, -9999, 2064, ffffffff
046, LOC_CIVILIZATION_BABYLON_STK_NAME, UNIT_SETTLER (2097171), 78, 54, -9999, -9999, 2065, ffffffff
046, LOC_CIVILIZATION_BABYLON_STK_NAME, UNIT_SETTLER (2097171), 78, 54, -9999, -9999, 2048, ffffffff
046, LOC_CIVILIZATION_BABYLON_STK_NAME, UNIT_SETTLER (2097171), 78, 54, 78, 55, 16384, 4d627927
046, LOC_CIVILIZATION_BABYLON_STK_NAME, UNIT_SETTLER (2228234), 74, 59, 75, 59, 16384, 488c5e22
046, LOC_CIVILIZATION_BABYLON_STK_NAME, UNIT_BUILDER (1900561), 73, 58, -9999, -9999, 2320, ffffffff
046, LOC_CIVILIZATION_BABYLON_STK_NAME, UNIT_BUILDER (1900561), 73, 58, -9999, -9999, 2321, ffffffff
046, LOC_CIVILIZATION_BABYLON_STK_NAME, UNIT_BUILDER (1900561), 73, 58, -9999, -9999, 2304, ffffffff
046, LOC_CIVILIZATION_BABYLON_STK_NAME, UNIT_BUILDER (1966098), 73, 57, -9999, -9999, 2320, ffffffff
046, LOC_CIVILIZATION_BABYLON_STK_NAME, UNIT_BUILDER (1966098), 73, 57, -9999, -9999, 2321, ffffffff
046, LOC_CIVILIZATION_BABYLON_STK_NAME, UNIT_BUILDER (1966098), 73, 57, -9999, -9999, 2304, ffffffff
046, LOC_CIVILIZATION_BABYLON_STK_NAME, UNIT_BUILDER (1900561), 73, 58, -9999, -9999, 2320, ffffffff
046, LOC_CIVILIZATION_BABYLON_STK_NAME, UNIT_BUILDER (1900561), 73, 58, -9999, -9999, 2321, ffffffff
046, LOC_CIVILIZATION_BABYLON_STK_NAME, UNIT_BUILDER (1900561), 73, 58, -9999, -9999, 2304, ffffffff
046, LOC_CIVILIZATION_BABYLON_STK_NAME, UNIT_BUILDER (1900561), 73, 58, 72, 59, 16640, cdadc76e
046, LOC_CIVILIZATION_BABYLON_STK_NAME, UNIT_BUILDER (2424843), 72, 57, -9999, -9999, 2320, ffffffff
046, LOC_CIVILIZATION_BABYLON_STK_NAME, UNIT_BUILDER (2424843), 72, 57, -9999, -9999, 2321, ffffffff
046, LOC_CIVILIZATION_BABYLON_STK_NAME, UNIT_BUILDER (2424843), 72, 57, -9999, -9999, 2304, ffffffff
046, LOC_CIVILIZATION_BABYLON_STK_NAME, UNIT_BUILDER (2424843), 72, 57, -9999, -9999, 2320, ffffffff
046, LOC_CIVILIZATION_BABYLON_STK_NAME, UNIT_BUILDER (2424843), 72, 57, -9999, -9999, 2321, ffffffff
046, LOC_CIVILIZATION_BABYLON_STK_NAME, UNIT_BUILDER (2424843), 72, 57, -9999, -9999, 2304, ffffffff
046, LOC_CIVILIZATION_BABYLON_STK_NAME, UNIT_BUILDER (2424843), 72, 57, -9999, -9999, 2320, ffffffff
046, LOC_CIVILIZATION_BABYLON_STK_NAME, UNIT_BUILDER (2424843), 72, 57, -9999, -9999, 2321, ffffffff
046, LOC_CIVILIZATION_BABYLON_STK_NAME, UNIT_BUILDER (2424843), 72, 57, -9999, -9999, 2304, ffffffff
046, LOC_CIVILIZATION_BABYLON_STK_NAME, UNIT_BUILDER (1900561), 73, 58, -9999, -9999, 2320, ffffffff
046, LOC_CIVILIZATION_BABYLON_STK_NAME, UNIT_BUILDER (1900561), 73, 58, -9999, -9999, 2321, ffffffff
046, LOC_CIVILIZATION_BABYLON_STK_NAME, UNIT_BUILDER (1900561), 73, 58, -9999, -9999, 2304, ffffffff
046, LOC_CIVILIZATION_BABYLON_STK_NAME, UNIT_BUILDER (1966098), 73, 57, -9999, -9999, 2320, ffffffff
046, LOC_CIVILIZATION_BABYLON_STK_NAME, UNIT_BUILDER (1966098), 73, 57, -9999, -9999, 2321, ffffffff
046, LOC_CIVILIZATION_BABYLON_STK_NAME, UNIT_BUILDER (1966098), 73, 57, -9999, -9999, 2304, ffffffff
046, LOC_CIVILIZATION_BABYLON_STK_NAME, UNIT_BUILDER (1900561), 73, 58, -9999, -9999, 2320, ffffffff
046, LOC_CIVILIZATION_BABYLON_STK_NAME, UNIT_BUILDER (1900561), 73, 58, -9999, -9999, 2321, ffffffff
046, LOC_CIVILIZATION_BABYLON_STK_NAME, UNIT_BUILDER (1900561), 73, 58, -9999, -9999, 2304, ffffffff
046, LOC_CIVILIZATION_BABYLON_STK_NAME, UNIT_BUILDER (1900561), 73, 58, 72, 59, 16640, cdadc76e
046, LOC_CIVILIZATION_BABYLON_STK_NAME, UNIT_BUILDER (1900561), 72, 59, -9999, -9999, 2064, ffffffff
046, LOC_CIVILIZATION_BABYLON_STK_NAME, UNIT_BUILDER (1900561), 72, 59, -9999, -9999, 2065, ffffffff
046, LOC_CIVILIZATION_BABYLON_STK_NAME, UNIT_BUILDER (1900561), 72, 59, -9999, -9999, 2048, ffffffff
046, LOC_CIVILIZATION_BABYLON_STK_NAME, UNIT_BUILDER (1900561), 72, 59, -9999, -9999, 2064, ffffffff
046, LOC_CIVILIZATION_BABYLON_STK_NAME, UNIT_BUILDER (1900561), 72, 59, -9999, -9999, 2065, ffffffff
046, LOC_CIVILIZATION_BABYLON_STK_NAME, UNIT_BUILDER (1900561), 72, 59, -9999, -9999, 2048, ffffffff
046, LOC_CIVILIZATION_BABYLON_STK_NAME, UNIT_BABYLONIAN_SABUM_KIBITTUM (196608), 35, 68, -9999, -9999, 2320, ffffffff
046, LOC_CIVILIZATION_BABYLON_STK_NAME, UNIT_BABYLONIAN_SABUM_KIBITTUM (196608), 35, 68, -9999, -9999, 2321, ffffffff
046, LOC_CIVILIZATION_BABYLON_STK_NAME, UNIT_BABYLONIAN_SABUM_KIBITTUM (196608), 35, 68, -9999, -9999, 2304, ffffffff
046, LOC_CIVILIZATION_BABYLON_STK_NAME, UNIT_BABYLONIAN_SABUM_KIBITTUM (196608), 35, 68, -9999, -9999, 2370, ffffffff
046, LOC_CIVILIZATION_BABYLON_STK_NAME, UNIT_BABYLONIAN_SABUM_KIBITTUM (196608), 35, 68, -9999, -9999, 2370, ffffffff
046, LOC_CIVILIZATION_BABYLON_STK_NAME, UNIT_BUILDER (1966098), 73, 57, -9999, -9999, 2320, ffffffff
046, LOC_CIVILIZATION_BABYLON_STK_NAME, UNIT_BUILDER (1966098), 73, 57, -9999, -9999, 2321, ffffffff
046, LOC_CIVILIZATION_BABYLON_STK_NAME, UNIT_BUILDER (1966098), 73, 57, -9999, -9999, 2304, ffffffff
046, LOC_CIVILIZATION_BABYLON_STK_NAME, UNIT_BUILDER (2424843), 72, 57, -9999, -9999, 2320, ffffffff
046, LOC_CIVILIZATION_BABYLON_STK_NAME, UNIT_BUILDER (2424843), 72, 57, -9999, -9999, 2321, ffffffff
046, LOC_CIVILIZATION_BABYLON_STK_NAME, UNIT_BUILDER (2424843), 72, 57, -9999, -9999, 2304, ffffffff
046, LOC_CIVILIZATION_BABYLON_STK_NAME, UNIT_BUILDER (2424843), 72, 57, -9999, -9999, 2320, ffffffff
046, LOC_CIVILIZATION_BABYLON_STK_NAME, UNIT_BUILDER (2424843), 72, 57, -9999, -9999, 2321, ffffffff
046, LOC_CIVILIZATION_BABYLON_STK_NAME, UNIT_BUILDER (2424843), 72, 57, -9999, -9999, 2304, ffffffff
046, LOC_CIVILIZATION_BABYLON_STK_NAME, UNIT_BUILDER (2424843), 72, 57, 72, 58, 16640, 9560206d
046, LOC_CIVILIZATION_BABYLON_STK_NAME, UNIT_BUILDER (2424843), 72, 57, 73, 58, 16640, 59ca20f3
046, LOC_CIVILIZATION_BABYLON_STK_NAME, UNIT_BUILDER (2424843), 72, 57, 74, 58, 16640, 642c063b
046, LOC_CIVILIZATION_BABYLON_STK_NAME, UNIT_BUILDER (2424843), 72, 57, 73, 58, 16640, 59ca20f3
046, LOC_CIVILIZATION_BABYLON_STK_NAME, UNIT_BUILDER (2424843), 72, 57, 72, 58, 16640, 9560206d
046, LOC_CIVILIZATION_BABYLON_STK_NAME, UNIT_BUILDER (2424843), 72, 58, -9999, -9999, 2064, ffffffff
046, LOC_CIVILIZATION_BABYLON_STK_NAME, UNIT_BUILDER (2424843), 72, 58, -9999, -9999, 2065, ffffffff
046, LOC_CIVILIZATION_BABYLON_STK_NAME, UNIT_BUILDER (2424843), 72, 58, -9999, -9999, 2048, ffffffff
046, LOC_CIVILIZATION_BABYLON_STK_NAME, UNIT_BUILDER (2424843), 72, 58, -9999, -9999, 2064, ffffffff
046, LOC_CIVILIZATION_BABYLON_STK_NAME, UNIT_BUILDER (2424843), 72, 58, -9999, -9999, 2065, ffffffff
046, LOC_CIVILIZATION_BABYLON_STK_NAME, UNIT_BUILDER (2424843), 72, 58, -9999, -9999, 2048, ffffffff
046, LOC_CIVILIZATION_BABYLON_STK_NAME, UNIT_WARRIOR (131073), 44, 71, -9999, -9999, 2320, ffffffff
046, LOC_CIVILIZATION_BABYLON_STK_NAME, UNIT_WARRIOR (131073), 44, 71, -9999, -9999, 2321, ffffffff
046, LOC_CIVILIZATION_BABYLON_STK_NAME, UNIT_WARRIOR (131073), 44, 71, -9999, -9999, 2304, ffffffff
046, LOC_CIVILIZATION_BABYLON_STK_NAME, UNIT_WARRIOR (131073), 44, 71, -9999, -9999, 2370, ffffffff
046, LOC_CIVILIZATION_BABYLON_STK_NAME, UNIT_WARRIOR (131073), 44, 71, 27, 70, 256, ad5070df
046, LOC_CIVILIZATION_BABYLON_STK_NAME, UNIT_WARRIOR (131073), 44, 71, -9999, -9999, 2370, ffffffff
046, LOC_CIVILIZATION_BABYLON_STK_NAME, UNIT_WARRIOR (131073), 44, 71, 27, 70, 256, ad5070df
046, LOC_CIVILIZATION_BABYLON_STK_NAME, UNIT_WARRIOR (131073), 44, 71, 44, 70, 16656, b8d977ba
046, LOC_CIVILIZATION_BABYLON_STK_NAME, UNIT_BABYLONIAN_SABUM_KIBITTUM (196608), 35, 68, -9999, -9999, 2320, ffffffff
046, LOC_CIVILIZATION_BABYLON_STK_NAME, UNIT_BABYLONIAN_SABUM_KIBITTUM (196608), 35, 68, -9999, -9999, 2321, ffffffff
046, LOC_CIVILIZATION_BABYLON_STK_NAME, UNIT_BABYLONIAN_SABUM_KIBITTUM (196608), 35, 68, -9999, -9999, 2304, ffffffff
046, LOC_CIVILIZATION_BABYLON_STK_NAME, UNIT_BABYLONIAN_SABUM_KIBITTUM (196608), 35, 68, -9999, -9999, 2370, ffffffff
046, LOC_CIVILIZATION_BABYLON_STK_NAME, UNIT_BABYLONIAN_SABUM_KIBITTUM (196608), 35, 68, -9999, -9999, 2370, ffffffff
046, LOC_CIVILIZATION_BABYLON_STK_NAME, UNIT_BABYLONIAN_SABUM_KIBITTUM (196608), 35, 68, 34, 67, 16656, 8ed0b7ae
046, LOC_CIVILIZATION_BABYLON_STK_NAME, UNIT_BABYLONIAN_SABUM_KIBITTUM (196608), 34, 67, -9999, -9999, 2064, ffffffff
046, LOC_CIVILIZATION_BABYLON_STK_NAME, UNIT_BABYLONIAN_SABUM_KIBITTUM (196608), 34, 67, -9999, -9999, 2065, ffffffff
046, LOC_CIVILIZATION_BABYLON_STK_NAME, UNIT_BABYLONIAN_SABUM_KIBITTUM (196608), 34, 67, -9999, -9999, 2048, ffffffff
046, LOC_CIVILIZATION_BABYLON_STK_NAME, UNIT_BABYLONIAN_SABUM_KIBITTUM (196608), 34, 67, -9999, -9999, 2114, ffffffff
046, LOC_CIVILIZATION_BABYLON_STK_NAME, UNIT_BABYLONIAN_SABUM_KIBITTUM (196608), 34, 67, 26, 69, 0, eb88840e
046, LOC_CIVILIZATION_BABYLON_STK_NAME, UNIT_BABYLONIAN_SABUM_KIBITTUM (196608), 34, 67, -9999, -9999, 2064, ffffffff
046, LOC_CIVILIZATION_BABYLON_STK_NAME, UNIT_BABYLONIAN_SABUM_KIBITTUM (196608), 34, 67, -9999, -9999, 2065, ffffffff
046, LOC_CIVILIZATION_BABYLON_STK_NAME, UNIT_BABYLONIAN_SABUM_KIBITTUM (196608), 34, 67, -9999, -9999, 2048, ffffffff
046, LOC_CIVILIZATION_BABYLON_STK_NAME, UNIT_BABYLONIAN_SABUM_KIBITTUM (196608), 34, 67, -9999, -9999, 2114, ffffffff
046, LOC_CIVILIZATION_BABYLON_STK_NAME, UNIT_BABYLONIAN_SABUM_KIBITTUM (196608), 34, 67, 26, 69, 0, eb88840e
046, LOC_CIVILIZATION_BABYLON_STK_NAME, UNIT_BABYLONIAN_SABUM_KIBITTUM (196608), 34, 67, 33, 67, 4, f7a241ef
046, LOC_CIVILIZATION_BABYLON_STK_NAME, UNIT_BABYLONIAN_SABUM_KIBITTUM (196608), 34, 67, 33, 67, 16400, f7a241ef
046, LOC_CIVILIZATION_BABYLON_STK_NAME, UNIT_BABYLONIAN_SABUM_KIBITTUM (196608), 34, 67, 33, 67, 4, f7a241ef
046, LOC_CIVILIZATION_BABYLON_STK_NAME, UNIT_BABYLONIAN_SABUM_KIBITTUM (196608), 33, 67, -9999, -9999, 2064, ffffffff
046, LOC_CIVILIZATION_BABYLON_STK_NAME, UNIT_BABYLONIAN_SABUM_KIBITTUM (196608), 33, 67, -9999, -9999, 2065, ffffffff
046, LOC_CIVILIZATION_BABYLON_STK_NAME, UNIT_BABYLONIAN_SABUM_KIBITTUM (196608), 33, 67, -9999, -9999, 2048, ffffffff
046, LOC_CIVILIZATION_BABYLON_STK_NAME, UNIT_BABYLONIAN_SABUM_KIBITTUM (196608), 33, 67, -9999, -9999, 2114, ffffffff
046, LOC_CIVILIZATION_BABYLON_STK_NAME, UNIT_BABYLONIAN_SABUM_KIBITTUM (196608), 33, 67, 26, 69, 0, e61a38fa
046, LOC_CIVILIZATION_BABYLON_STK_NAME, UNIT_BABYLONIAN_SABUM_KIBITTUM (196608), 33, 67, -9999, -9999, 2064, ffffffff
046, LOC_CIVILIZATION_BABYLON_STK_NAME, UNIT_BABYLONIAN_SABUM_KIBITTUM (196608), 33, 67, -9999, -9999, 2065, ffffffff
046, LOC_CIVILIZATION_BABYLON_STK_NAME, UNIT_BABYLONIAN_SABUM_KIBITTUM (196608), 33, 67, -9999, -9999, 2048, ffffffff
046, LOC_CIVILIZATION_BABYLON_STK_NAME, UNIT_BABYLONIAN_SABUM_KIBITTUM (196608), 33, 67, -9999, -9999, 2114, ffffffff
046, LOC_CIVILIZATION_BABYLON_STK_NAME, UNIT_BABYLONIAN_SABUM_KIBITTUM (196608), 33, 67, 26, 69, 0, e61a38fa
046, LOC_CIVILIZATION_BABYLON_STK_NAME, UNIT_BABYLONIAN_SABUM_KIBITTUM (196608), 33, 67, 32, 67, 4, 29bdee9f
046, LOC_CIVILIZATION_BABYLON_STK_NAME, UNIT_BABYLONIAN_SABUM_KIBITTUM (196608), 33, 67, 32, 67, 16400, 29bdee9f
046, LOC_CIVILIZATION_BABYLON_STK_NAME, UNIT_BABYLONIAN_SABUM_KIBITTUM (196608), 33, 67, 32, 67, 4, 29bdee9f
046, LOC_CIVILIZATION_BABYLON_STK_NAME, UNIT_BABYLONIAN_SABUM_KIBITTUM (262146), 18, 72, -9999, -9999, 2320, ffffffff
046, LOC_CIVILIZATION_BABYLON_STK_NAME, UNIT_BABYLONIAN_SABUM_KIBITTUM (262146), 18, 72, -9999, -9999, 2321, ffffffff
046, LOC_CIVILIZATION_BABYLON_STK_NAME, UNIT_BABYLONIAN_SABUM_KIBITTUM (262146), 18, 72, -9999, -9999, 2304, ffffffff
046, LOC_CIVILIZATION_BABYLON_STK_NAME, UNIT_BABYLONIAN_SABUM_KIBITTUM (262146), 18, 72, -9999, -9999, 2370, ffffffff
046, LOC_CIVILIZATION_BABYLON_STK_NAME, UNIT_BABYLONIAN_SABUM_KIBITTUM (262146), 18, 72, 26, 69, 256, 3f86fac1
046, LOC_CIVILIZATION_BABYLON_STK_NAME, UNIT_BABYLONIAN_SABUM_KIBITTUM (262146), 18, 72, -9999, -9999, 2370, ffffffff
046, LOC_CIVILIZATION_BABYLON_STK_NAME, UNIT_BABYLONIAN_SABUM_KIBITTUM (262146), 18, 72, 26, 69, 256, 3f86fac1
046, LOC_CIVILIZATION_BABYLON_STK_NAME, UNIT_BABYLONIAN_SABUM_KIBITTUM (262146), 18, 72, 18, 73, 16656, 4ea4177d
046, LOC_CIVILIZATION_BABYLON_STK_NAME, UNIT_BABYLONIAN_SABUM_KIBITTUM (262146), 18, 73, -9999, -9999, 2064, ffffffff
046, LOC_CIVILIZATION_BABYLON_STK_NAME, UNIT_BABYLONIAN_SABUM_KIBITTUM (262146), 18, 73, -9999, -9999, 2065, ffffffff
046, LOC_CIVILIZATION_BABYLON_STK_NAME, UNIT_BABYLONIAN_SABUM_KIBITTUM (262146), 18, 73, -9999, -9999, 2048, ffffffff
046, LOC_CIVILIZATION_BABYLON_STK_NAME, UNIT_BABYLONIAN_SABUM_KIBITTUM (262146), 18, 73, -9999, -9999, 2114, ffffffff
046, LOC_CIVILIZATION_BABYLON_STK_NAME, UNIT_BABYLONIAN_SABUM_KIBITTUM (262146), 18, 73, 26, 69, 0, f2ddeb1a
046, LOC_CIVILIZATION_BABYLON_STK_NAME, UNIT_BABYLONIAN_SABUM_KIBITTUM (262146), 18, 73, -9999, -9999, 2064, ffffffff
046, LOC_CIVILIZATION_BABYLON_STK_NAME, UNIT_BABYLONIAN_SABUM_KIBITTUM (262146), 18, 73, -9999, -9999, 2065, ffffffff
046, LOC_CIVILIZATION_BABYLON_STK_NAME, UNIT_BABYLONIAN_SABUM_KIBITTUM (262146), 18, 73, -9999, -9999, 2048, ffffffff
046, LOC_CIVILIZATION_BABYLON_STK_NAME, UNIT_BABYLONIAN_SABUM_KIBITTUM (262146), 18, 73, -9999, -9999, 2114, ffffffff
046, LOC_CIVILIZATION_BABYLON_STK_NAME, UNIT_BABYLONIAN_SABUM_KIBITTUM (262146), 18, 73, 26, 69, 0, f2ddeb1a
046, LOC_CIVILIZATION_BABYLON_STK_NAME, UNIT_BABYLONIAN_SABUM_KIBITTUM (262146), 18, 73, 19, 73, 4, 9b1526a2
046, LOC_CIVILIZATION_BABYLON_STK_NAME, UNIT_BABYLONIAN_SABUM_KIBITTUM (262146), 18, 73, 19, 73, 16400, 9b1526a2
046, LOC_CIVILIZATION_BABYLON_STK_NAME, UNIT_BABYLONIAN_SABUM_KIBITTUM (262146), 18, 73, 19, 73, 4, 9b1526a2
046, LOC_CIVILIZATION_BABYLON_STK_NAME, UNIT_BABYLONIAN_SABUM_KIBITTUM (262146), 19, 73, -9999, -9999, 2064, ffffffff
046, LOC_CIVILIZATION_BABYLON_STK_NAME, UNIT_BABYLONIAN_SABUM_KIBITTUM (262146), 19, 73, -9999, -9999, 2065, ffffffff
046, LOC_CIVILIZATION_BABYLON_STK_NAME, UNIT_BABYLONIAN_SABUM_KIBITTUM (262146), 19, 73, -9999, -9999, 2048, ffffffff
046, LOC_CIVILIZATION_BABYLON_STK_NAME, UNIT_BABYLONIAN_SABUM_KIBITTUM (262146), 19, 73, -9999, -9999, 2114, ffffffff
046, LOC_CIVILIZATION_BABYLON_STK_NAME, UNIT_BABYLONIAN_SABUM_KIBITTUM (262146), 19, 73, 26, 69, 0, 279d4ff8
046, LOC_CIVILIZATION_BABYLON_STK_NAME, UNIT_BABYLONIAN_SABUM_KIBITTUM (262146), 19, 73, -9999, -9999, 2064, ffffffff
046, LOC_CIVILIZATION_BABYLON_STK_NAME, UNIT_BABYLONIAN_SABUM_KIBITTUM (262146), 19, 73, -9999, -9999, 2065, ffffffff
046, LOC_CIVILIZATION_BABYLON_STK_NAME, UNIT_BABYLONIAN_SABUM_KIBITTUM (262146), 19, 73, -9999, -9999, 2048, ffffffff
046, LOC_CIVILIZATION_BABYLON_STK_NAME, UNIT_BABYLONIAN_SABUM_KIBITTUM (262146), 19, 73, -9999, -9999, 2114, ffffffff
046, LOC_CIVILIZATION_BABYLON_STK_NAME, UNIT_BABYLONIAN_SABUM_KIBITTUM (262146), 19, 73, 26, 69, 0, 279d4ff8
046, LOC_CIVILIZATION_BABYLON_STK_NAME, UNIT_BABYLONIAN_SABUM_KIBITTUM (262146), 19, 73, 20, 74, 4, aff83a70
046, LOC_CIVILIZATION_BABYLON_STK_NAME, UNIT_BABYLONIAN_SABUM_KIBITTUM (262146), 19, 73, 20, 74, 16400, aff83a70
046, LOC_CIVILIZATION_BABYLON_STK_NAME, UNIT_BABYLONIAN_SABUM_KIBITTUM (262146), 19, 73, 20, 74, 4, aff83a70
046, LOC_CIVILIZATION_BABYLON_STK_NAME, UNIT_SCOUT (458756), 42, 17, -9999, -9999, 2320, ffffffff
046, LOC_CIVILIZATION_BABYLON_STK_NAME, UNIT_SCOUT (458756), 42, 17, -9999, -9999, 2321, ffffffff
046, LOC_CIVILIZATION_BABYLON_STK_NAME, UNIT_SCOUT (458756), 42, 17, -9999, -9999, 2304, ffffffff
046, LOC_CIVILIZATION_BABYLON_STK_NAME, UNIT_SCOUT (458756), 42, 17, -9999, -9999, 2370, ffffffff
046, LOC_CIVILIZATION_BABYLON_STK_NAME, UNIT_SCOUT (458756), 42, 17, 36, 10, 256, f01b73e4
046, LOC_CIVILIZATION_BABYLON_STK_NAME, UNIT_SCOUT (458756), 42, 17, -9999, -9999, 2370, ffffffff
046, LOC_CIVILIZATION_BABYLON_STK_NAME, UNIT_SCOUT (458756), 42, 17, 36, 10, 256, f01b73e4
046, LOC_CIVILIZATION_BABYLON_STK_NAME, UNIT_SCOUT (458756), 42, 17, 43, 16, 16656, a1413047
046, LOC_CIVILIZATION_BABYLON_STK_NAME, UNIT_SCOUT (458756), 42, 17, 42, 16, 16656, 6deb30d9
046, LOC_CIVILIZATION_BABYLON_STK_NAME, UNIT_SCOUT (458756), 42, 17, 43, 16, 16656, a1413047
046, LOC_CIVILIZATION_BABYLON_STK_NAME, UNIT_SCOUT (458756), 42, 17, 43, 16, 16656, a1413047
046, LOC_CIVILIZATION_BABYLON_STK_NAME, UNIT_SCOUT (458756), 42, 17, -9999, -9999, 2320, ffffffff
046, LOC_CIVILIZATION_BABYLON_STK_NAME, UNIT_SCOUT (458756), 42, 17, -9999, -9999, 2321, ffffffff
046, LOC_CIVILIZATION_BABYLON_STK_NAME, UNIT_SCOUT (458756), 42, 17, -9999, -9999, 2304, ffffffff
046, LOC_CIVILIZATION_BABYLON_STK_NAME, UNIT_SCOUT (458756), 42, 17, 42, 16, 16656, 6deb30d9
046, LOC_CIVILIZATION_BABYLON_STK_NAME, UNIT_SCOUT (458756), 42, 17, 43, 16, 16656, a1413047
046, LOC_CIVILIZATION_BABYLON_STK_NAME, UNIT_SCOUT (458756), 43, 16, 43, 15, 16400, f266d62d
046, LOC_CIVILIZATION_BABYLON_STK_NAME, UNIT_SCOUT (458756), 43, 16, 44, 16, 16400,  a236f7a
046, LOC_CIVILIZATION_BABYLON_STK_NAME, UNIT_BUILDER (2293780), 81, 48, 81, 47, 16384, 595c3a19
046, LOC_CIVILIZATION_BABYLON_STK_NAME, UNIT_BUILDER (2359311), 72, 47, -9999, -9999, 2064, ffffffff
046, LOC_CIVILIZATION_BABYLON_STK_NAME, UNIT_BUILDER (2359311), 72, 47, -9999, -9999, 2065, ffffffff
046, LOC_CIVILIZATION_BABYLON_STK_NAME, UNIT_BUILDER (2359311), 72, 47, -9999, -9999, 2048, ffffffff
046, LOC_CIVILIZATION_BABYLON_STK_NAME, UNIT_BUILDER (2359311), 72, 47, -9999, -9999, 2064, ffffffff
046, LOC_CIVILIZATION_BABYLON_STK_NAME, UNIT_BUILDER (2359311), 72, 47, -9999, -9999, 2065, ffffffff
046, LOC_CIVILIZATION_BABYLON_STK_NAME, UNIT_BUILDER (2359311), 72, 47, -9999, -9999, 2048, ffffffff
046, LOC_CIVILIZATION_BABYLON_STK_NAME, UNIT_BUILDER (2359311), 72, 47, 71, 47, 4,  3c3143e
046, LOC_CIVILIZATION_BABYLON_STK_NAME, UNIT_BUILDER (2359311), 72, 47, 71, 47, 16384,  3c3143e
046, LOC_CIVILIZATION_BABYLON_STK_NAME, UNIT_BUILDER (2359311), 72, 47, 71, 47, 4,  3c3143e
046, LOC_CIVILIZATION_BABYLON_STK_NAME, UNIT_HEAVY_CHARIOT (1179651), 76, 46, -9999, -9999, 2320, ffffffff
046, LOC_CIVILIZATION_BABYLON_STK_NAME, UNIT_HEAVY_CHARIOT (1179651), 76, 46, -9999, -9999, 2321, ffffffff
046, LOC_CIVILIZATION_BABYLON_STK_NAME, UNIT_HEAVY_CHARIOT (1179651), 76, 46, -9999, -9999, 2304, ffffffff
046, LOC_CIVILIZATION_BABYLON_STK_NAME, UNIT_HEAVY_CHARIOT (1179651), 76, 46, -9999, -9999, 2370, ffffffff
046, LOC_CIVILIZATION_BABYLON_STK_NAME, UNIT_HEAVY_CHARIOT (1179651), 76, 46, 26, 69, 256, 9469d63f
046, LOC_CIVILIZATION_BABYLON_STK_NAME, UNIT_HEAVY_CHARIOT (1179651), 76, 46, -9999, -9999, 2370, ffffffff
046, LOC_CIVILIZATION_BABYLON_STK_NAME, UNIT_HEAVY_CHARIOT (1179651), 76, 46, 26, 69, 256, 9469d63f
047, LOC_CIVILIZATION_BABYLON_STK_NAME, UNIT_BABYLONIAN_SABUM_KIBITTUM (196608), 32, 67, -9999, -9999, 2320, ffffffff
047, LOC_CIVILIZATION_BABYLON_STK_NAME, UNIT_BABYLONIAN_SABUM_KIBITTUM (196608), 32, 67, -9999, -9999, 2321, ffffffff
047, LOC_CIVILIZATION_BABYLON_STK_NAME, UNIT_BABYLONIAN_SABUM_KIBITTUM (196608), 32, 67, -9999, -9999, 2304, ffffffff
047, LOC_CIVILIZATION_BABYLON_STK_NAME, UNIT_BABYLONIAN_SABUM_KIBITTUM (196608), 32, 67, -9999, -9999, 2370, ffffffff
047, LOC_CIVILIZATION_BABYLON_STK_NAME, UNIT_BABYLONIAN_SABUM_KIBITTUM (196608), 32, 67, -9999, -9999, 2370, ffffffff
047, LOC_CIVILIZATION_BABYLON_STK_NAME, UNIT_BABYLONIAN_SABUM_KIBITTUM (196608), 32, 67, 31, 66, 16656, a069e649
047, LOC_CIVILIZATION_BABYLON_STK_NAME, UNIT_BABYLONIAN_SABUM_KIBITTUM (196608), 31, 66, -9999, -9999, 2064, ffffffff
047, LOC_CIVILIZATION_BABYLON_STK_NAME, UNIT_BABYLONIAN_SABUM_KIBITTUM (196608), 31, 66, -9999, -9999, 2065, ffffffff
047, LOC_CIVILIZATION_BABYLON_STK_NAME, UNIT_BABYLONIAN_SABUM_KIBITTUM (196608), 31, 66, -9999, -9999, 2048, ffffffff
047, LOC_CIVILIZATION_BABYLON_STK_NAME, UNIT_BABYLONIAN_SABUM_KIBITTUM (196608), 31, 66, -9999, -9999, 2064, ffffffff
047, LOC_CIVILIZATION_BABYLON_STK_NAME, UNIT_BABYLONIAN_SABUM_KIBITTUM (196608), 31, 66, -9999, -9999, 2065, ffffffff
047, LOC_CIVILIZATION_BABYLON_STK_NAME, UNIT_BABYLONIAN_SABUM_KIBITTUM (196608), 31, 66, -9999, -9999, 2048, ffffffff
047, LOC_CIVILIZATION_BABYLON_STK_NAME, UNIT_BABYLONIAN_SABUM_KIBITTUM (196608), 31, 66, -9999, -9999, 2114, ffffffff
047, LOC_CIVILIZATION_BABYLON_STK_NAME, UNIT_BABYLONIAN_SABUM_KIBITTUM (196608), 31, 66, -9999, -9999, 2064, ffffffff
047, LOC_CIVILIZATION_BABYLON_STK_NAME, UNIT_BABYLONIAN_SABUM_KIBITTUM (196608), 31, 66, -9999, -9999, 2065, ffffffff
047, LOC_CIVILIZATION_BABYLON_STK_NAME, UNIT_BABYLONIAN_SABUM_KIBITTUM (196608), 31, 66, -9999, -9999, 2048, ffffffff
047, LOC_CIVILIZATION_BABYLON_STK_NAME, UNIT_BABYLONIAN_SABUM_KIBITTUM (196608), 31, 66, -9999, -9999, 2114, ffffffff
047, LOC_CIVILIZATION_BABYLON_STK_NAME, UNIT_WARRIOR (131073), 44, 70, -9999, -9999, 2320, ffffffff
047, LOC_CIVILIZATION_BABYLON_STK_NAME, UNIT_WARRIOR (131073), 44, 70, -9999, -9999, 2321, ffffffff
047, LOC_CIVILIZATION_BABYLON_STK_NAME, UNIT_WARRIOR (131073), 44, 70, -9999, -9999, 2304, ffffffff
047, LOC_CIVILIZATION_BABYLON_STK_NAME, UNIT_WARRIOR (131073), 44, 70, -9999, -9999, 2370, ffffffff
047, LOC_CIVILIZATION_BABYLON_STK_NAME, UNIT_WARRIOR (131073), 44, 70, 27, 69, 256, 3f5b555b
047, LOC_CIVILIZATION_BABYLON_STK_NAME, UNIT_WARRIOR (131073), 44, 70, -9999, -9999, 2370, ffffffff
047, LOC_CIVILIZATION_BABYLON_STK_NAME, UNIT_WARRIOR (131073), 44, 70, 27, 69, 256, 3f5b555b
047, LOC_CIVILIZATION_BABYLON_STK_NAME, UNIT_WARRIOR (131073), 44, 70, 42, 69, 16656, b9f1db37
047, LOC_CIVILIZATION_BABYLON_STK_NAME, UNIT_WARRIOR (131073), 42, 69, -9999, -9999, 2064, ffffffff
047, LOC_CIVILIZATION_BABYLON_STK_NAME, UNIT_WARRIOR (131073), 42, 69, -9999, -9999, 2065, ffffffff
047, LOC_CIVILIZATION_BABYLON_STK_NAME, UNIT_WARRIOR (131073), 42, 69, -9999, -9999, 2048, ffffffff
047, LOC_CIVILIZATION_BABYLON_STK_NAME, UNIT_BABYLONIAN_SABUM_KIBITTUM (262146), 20, 74, -9999, -9999, 2320, ffffffff
047, LOC_CIVILIZATION_BABYLON_STK_NAME, UNIT_BABYLONIAN_SABUM_KIBITTUM (262146), 20, 74, -9999, -9999, 2321, ffffffff
047, LOC_CIVILIZATION_BABYLON_STK_NAME, UNIT_BABYLONIAN_SABUM_KIBITTUM (262146), 20, 74, -9999, -9999, 2304, ffffffff
047, LOC_CIVILIZATION_BABYLON_STK_NAME, UNIT_BABYLONIAN_SABUM_KIBITTUM (262146), 20, 74, -9999, -9999, 2370, ffffffff
047, LOC_CIVILIZATION_BABYLON_STK_NAME, UNIT_BABYLONIAN_SABUM_KIBITTUM (262146), 20, 74, -9999, -9999, 2370, ffffffff
047, LOC_CIVILIZATION_BABYLON_STK_NAME, UNIT_BABYLONIAN_SABUM_KIBITTUM (262146), 20, 74, -9999, -9999, 2320, ffffffff
047, LOC_CIVILIZATION_BABYLON_STK_NAME, UNIT_BABYLONIAN_SABUM_KIBITTUM (262146), 20, 74, -9999, -9999, 2321, ffffffff
047, LOC_CIVILIZATION_BABYLON_STK_NAME, UNIT_BABYLONIAN_SABUM_KIBITTUM (262146), 20, 74, -9999, -9999, 2304, ffffffff
047, LOC_CIVILIZATION_BABYLON_STK_NAME, UNIT_BABYLONIAN_SABUM_KIBITTUM (262146), 20, 74, -9999, -9999, 2370, ffffffff
047, LOC_CIVILIZATION_BABYLON_STK_NAME, UNIT_BABYLONIAN_SABUM_KIBITTUM (262146), 20, 74, 21, 74, 16656, d5a85194
047, LOC_CIVILIZATION_BABYLON_STK_NAME, UNIT_BABYLONIAN_SABUM_KIBITTUM (262146), 21, 74, -9999, -9999, 2064, ffffffff
047, LOC_CIVILIZATION_BABYLON_STK_NAME, UNIT_BABYLONIAN_SABUM_KIBITTUM (262146), 21, 74, -9999, -9999, 2065, ffffffff
047, LOC_CIVILIZATION_BABYLON_STK_NAME, UNIT_BABYLONIAN_SABUM_KIBITTUM (262146), 21, 74, -9999, -9999, 2048, ffffffff
047, LOC_CIVILIZATION_BABYLON_STK_NAME, UNIT_BABYLONIAN_SABUM_KIBITTUM (262146), 21, 74, -9999, -9999, 2114, ffffffff
047, LOC_CIVILIZATION_BABYLON_STK_NAME, UNIT_BABYLONIAN_SABUM_KIBITTUM (262146), 21, 74, 27, 70, 0, 40c6921d
047, LOC_CIVILIZATION_BABYLON_STK_NAME, UNIT_BABYLONIAN_SABUM_KIBITTUM (262146), 21, 74, -9999, -9999, 2064, ffffffff
047, LOC_CIVILIZATION_BABYLON_STK_NAME, UNIT_BABYLONIAN_SABUM_KIBITTUM (262146), 21, 74, -9999, -9999, 2065, ffffffff
047, LOC_CIVILIZATION_BABYLON_STK_NAME, UNIT_BABYLONIAN_SABUM_KIBITTUM (262146), 21, 74, -9999, -9999, 2048, ffffffff
047, LOC_CIVILIZATION_BABYLON_STK_NAME, UNIT_BABYLONIAN_SABUM_KIBITTUM (262146), 21, 74, -9999, -9999, 2114, ffffffff
047, LOC_CIVILIZATION_BABYLON_STK_NAME, UNIT_BABYLONIAN_SABUM_KIBITTUM (262146), 21, 74, 27, 70, 0, 40c6921d
047, LOC_CIVILIZATION_BABYLON_STK_NAME, UNIT_BABYLONIAN_SABUM_KIBITTUM (262146), 21, 74, 21, 75, 4, a648e554
047, LOC_CIVILIZATION_BABYLON_STK_NAME, UNIT_BABYLONIAN_SABUM_KIBITTUM (262146), 21, 74, 21, 75, 16400, a648e554
047, LOC_CIVILIZATION_BABYLON_STK_NAME, UNIT_BABYLONIAN_SABUM_KIBITTUM (262146), 21, 74, 21, 75, 4, a648e554
047, LOC_CIVILIZATION_BABYLON_STK_NAME, UNIT_BABYLONIAN_SABUM_KIBITTUM (262146), 21, 75, -9999, -9999, 2064, ffffffff
047, LOC_CIVILIZATION_BABYLON_STK_NAME, UNIT_BABYLONIAN_SABUM_KIBITTUM (262146), 21, 75, -9999, -9999, 2065, ffffffff
047, LOC_CIVILIZATION_BABYLON_STK_NAME, UNIT_BABYLONIAN_SABUM_KIBITTUM (262146), 21, 75, -9999, -9999, 2048, ffffffff
047, LOC_CIVILIZATION_BABYLON_STK_NAME, UNIT_BABYLONIAN_SABUM_KIBITTUM (262146), 21, 75, -9999, -9999, 2114, ffffffff
047, LOC_CIVILIZATION_BABYLON_STK_NAME, UNIT_BABYLONIAN_SABUM_KIBITTUM (262146), 21, 75, 27, 70, 0, aa87cfdd
047, LOC_CIVILIZATION_BABYLON_STK_NAME, UNIT_BABYLONIAN_SABUM_KIBITTUM (262146), 21, 75, -9999, -9999, 2064, ffffffff
047, LOC_CIVILIZATION_BABYLON_STK_NAME, UNIT_BABYLONIAN_SABUM_KIBITTUM (262146), 21, 75, -9999, -9999, 2065, ffffffff
047, LOC_CIVILIZATION_BABYLON_STK_NAME, UNIT_BABYLONIAN_SABUM_KIBITTUM (262146), 21, 75, -9999, -9999, 2048, ffffffff
047, LOC_CIVILIZATION_BABYLON_STK_NAME, UNIT_BABYLONIAN_SABUM_KIBITTUM (262146), 21, 75, -9999, -9999, 2114, ffffffff
047, LOC_CIVILIZATION_BABYLON_STK_NAME, UNIT_BABYLONIAN_SABUM_KIBITTUM (262146), 21, 75, 27, 70, 0, aa87cfdd
047, LOC_CIVILIZATION_BABYLON_STK_NAME, UNIT_BABYLONIAN_SABUM_KIBITTUM (262146), 21, 75, 22, 76, 4, 2cd9e34e
047, LOC_CIVILIZATION_BABYLON_STK_NAME, UNIT_BABYLONIAN_SABUM_KIBITTUM (262146), 21, 75, 22, 76, 16400, 2cd9e34e
047, LOC_CIVILIZATION_BABYLON_STK_NAME, UNIT_BABYLONIAN_SABUM_KIBITTUM (262146), 21, 75, 22, 76, 4, 2cd9e34e
047, LOC_CIVILIZATION_BABYLON_STK_NAME, UNIT_BABYLONIAN_SABUM_KIBITTUM (262146), 22, 76, 24, 77, 16400, d9fb1492
047, LOC_CIVILIZATION_BABYLON_STK_NAME, UNIT_BUILDER (2424843), 72, 58, -9999, -9999, 2320, ffffffff
047, LOC_CIVILIZATION_BABYLON_STK_NAME, UNIT_BUILDER (2424843), 72, 58, -9999, -9999, 2321, ffffffff
047, LOC_CIVILIZATION_BABYLON_STK_NAME, UNIT_BUILDER (2424843), 72, 58, -9999, -9999, 2304, ffffffff
047, LOC_CIVILIZATION_BABYLON_STK_NAME, UNIT_SETTLER (2097171), 78, 54, 78, 55, 16640, 4d627927
047, LOC_CIVILIZATION_BABYLON_STK_NAME, UNIT_SETTLER (2097171), 78, 54, -9999, -9999, 2320, ffffffff
047, LOC_CIVILIZATION_BABYLON_STK_NAME, UNIT_SETTLER (2097171), 78, 54, -9999, -9999, 2321, ffffffff
047, LOC_CIVILIZATION_BABYLON_STK_NAME, UNIT_SETTLER (2097171), 78, 54, -9999, -9999, 2304, ffffffff
047, LOC_CIVILIZATION_BABYLON_STK_NAME, UNIT_SETTLER (2097171), 78, 55, -9999, -9999, 2064, ffffffff
047, LOC_CIVILIZATION_BABYLON_STK_NAME, UNIT_SETTLER (2097171), 78, 55, -9999, -9999, 2065, ffffffff
047, LOC_CIVILIZATION_BABYLON_STK_NAME, UNIT_SETTLER (2097171), 78, 55, -9999, -9999, 2048, ffffffff
047, LOC_CIVILIZATION_BABYLON_STK_NAME, UNIT_SETTLER (2097171), 78, 55, -9999, -9999, 2064, ffffffff
047, LOC_CIVILIZATION_BABYLON_STK_NAME, UNIT_SETTLER (2097171), 78, 55, -9999, -9999, 2065, ffffffff
047, LOC_CIVILIZATION_BABYLON_STK_NAME, UNIT_SETTLER (2097171), 78, 55, -9999, -9999, 2048, ffffffff
047, LOC_CIVILIZATION_BABYLON_STK_NAME, UNIT_SETTLER (2228234), 74, 59, 75, 59, 16640, 488c5e22
047, LOC_CIVILIZATION_BABYLON_STK_NAME, UNIT_SETTLER (2228234), 74, 59, -9999, -9999, 2320, ffffffff
047, LOC_CIVILIZATION_BABYLON_STK_NAME, UNIT_SETTLER (2228234), 74, 59, -9999, -9999, 2321, ffffffff
047, LOC_CIVILIZATION_BABYLON_STK_NAME, UNIT_SETTLER (2228234), 74, 59, -9999, -9999, 2304, ffffffff
047, LOC_CIVILIZATION_BABYLON_STK_NAME, UNIT_SETTLER (2228234), 75, 59, -9999, -9999, 2064, ffffffff
047, LOC_CIVILIZATION_BABYLON_STK_NAME, UNIT_SETTLER (2228234), 75, 59, -9999, -9999, 2065, ffffffff
047, LOC_CIVILIZATION_BABYLON_STK_NAME, UNIT_SETTLER (2228234), 75, 59, -9999, -9999, 2048, ffffffff
047, LOC_CIVILIZATION_BABYLON_STK_NAME, UNIT_SETTLER (2228234), 75, 59, -9999, -9999, 2064, ffffffff
047, LOC_CIVILIZATION_BABYLON_STK_NAME, UNIT_SETTLER (2228234), 75, 59, -9999, -9999, 2065, ffffffff
047, LOC_CIVILIZATION_BABYLON_STK_NAME, UNIT_SETTLER (2228234), 75, 59, -9999, -9999, 2048, ffffffff
047, LOC_CIVILIZATION_BABYLON_STK_NAME, UNIT_BUILDER (1966098), 73, 57, -9999, -9999, 2320, ffffffff
047, LOC_CIVILIZATION_BABYLON_STK_NAME, UNIT_BUILDER (1966098), 73, 57, -9999, -9999, 2321, ffffffff
047, LOC_CIVILIZATION_BABYLON_STK_NAME, UNIT_BUILDER (1966098), 73, 57, -9999, -9999, 2304, ffffffff
047, LOC_CIVILIZATION_BABYLON_STK_NAME, UNIT_SETTLER (2162700), 72, 53, -9999, -9999, 2320, ffffffff
047, LOC_CIVILIZATION_BABYLON_STK_NAME, UNIT_SETTLER (2162700), 72, 53, -9999, -9999, 2321, ffffffff
047, LOC_CIVILIZATION_BABYLON_STK_NAME, UNIT_SETTLER (2162700), 72, 53, -9999, -9999, 2304, ffffffff
047, LOC_CIVILIZATION_BABYLON_STK_NAME, UNIT_SETTLER (2162700), 72, 53, -9999, -9999, 2320, ffffffff
047, LOC_CIVILIZATION_BABYLON_STK_NAME, UNIT_SETTLER (2162700), 72, 53, -9999, -9999, 2321, ffffffff
047, LOC_CIVILIZATION_BABYLON_STK_NAME, UNIT_SETTLER (2162700), 72, 53, -9999, -9999, 2304, ffffffff
047, LOC_CIVILIZATION_BABYLON_STK_NAME, UNIT_BUILDER (1966098), 73, 57, -9999, -9999, 2320, ffffffff
047, LOC_CIVILIZATION_BABYLON_STK_NAME, UNIT_BUILDER (1966098), 73, 57, -9999, -9999, 2321, ffffffff
047, LOC_CIVILIZATION_BABYLON_STK_NAME, UNIT_BUILDER (1966098), 73, 57, -9999, -9999, 2304, ffffffff
047, LOC_CIVILIZATION_BABYLON_STK_NAME, UNIT_BUILDER (1966098), 73, 57, -9999, -9999, 2320, ffffffff
047, LOC_CIVILIZATION_BABYLON_STK_NAME, UNIT_BUILDER (1966098), 73, 57, -9999, -9999, 2321, ffffffff
047, LOC_CIVILIZATION_BABYLON_STK_NAME, UNIT_BUILDER (1966098), 73, 57, -9999, -9999, 2304, ffffffff
047, LOC_CIVILIZATION_BABYLON_STK_NAME, UNIT_BUILDER (1966098), 73, 57, 72, 52, 16640, d50269d3
047, LOC_CIVILIZATION_BABYLON_STK_NAME, UNIT_BUILDER (1966098), 73, 57, 73, 52, 16640, 54270cf4
047, LOC_CIVILIZATION_BABYLON_STK_NAME, UNIT_BUILDER (1966098), 73, 57, 73, 53, 16640, 95698eb1
047, LOC_CIVILIZATION_BABYLON_STK_NAME, UNIT_BUILDER (1966098), 73, 57, 74, 52, 16640, 695e9e9a
047, LOC_CIVILIZATION_BABYLON_STK_NAME, UNIT_BUILDER (1966098), 73, 57, 73, 53, 16640, 95698eb1
047, LOC_CIVILIZATION_BABYLON_STK_NAME, UNIT_BUILDER (1966098), 73, 57, 73, 52, 16640, 54270cf4
047, LOC_CIVILIZATION_BABYLON_STK_NAME, UNIT_BUILDER (1966098), 73, 57, 72, 53, 16640, f00eb5f7
047, LOC_CIVILIZATION_BABYLON_STK_NAME, UNIT_BUILDER (1966098), 73, 57, 72, 52, 16640, d50269d3
047, LOC_CIVILIZATION_BABYLON_STK_NAME, UNIT_BUILDER (1966098), 73, 54, -9999, -9999, 2064, ffffffff
047, LOC_CIVILIZATION_BABYLON_STK_NAME, UNIT_BUILDER (1966098), 73, 54, -9999, -9999, 2065, ffffffff
047, LOC_CIVILIZATION_BABYLON_STK_NAME, UNIT_BUILDER (1966098), 73, 54, -9999, -9999, 2048, ffffffff
047, LOC_CIVILIZATION_BABYLON_STK_NAME, UNIT_BUILDER (1966098), 73, 54, -9999, -9999, 2064, ffffffff
047, LOC_CIVILIZATION_BABYLON_STK_NAME, UNIT_BUILDER (1966098), 73, 54, -9999, -9999, 2065, ffffffff
047, LOC_CIVILIZATION_BABYLON_STK_NAME, UNIT_BUILDER (1966098), 73, 54, -9999, -9999, 2048, ffffffff
047, LOC_CIVILIZATION_BABYLON_STK_NAME, UNIT_BUILDER (1966098), 73, 54, 72, 52, 16384, 12921358
047, LOC_CIVILIZATION_BABYLON_STK_NAME, UNIT_BUILDER (2424843), 72, 58, -9999, -9999, 2320, ffffffff
047, LOC_CIVILIZATION_BABYLON_STK_NAME, UNIT_BUILDER (2424843), 72, 58, -9999, -9999, 2321, ffffffff
047, LOC_CIVILIZATION_BABYLON_STK_NAME, UNIT_BUILDER (2424843), 72, 58, -9999, -9999, 2304, ffffffff
047, LOC_CIVILIZATION_BABYLON_STK_NAME, UNIT_BUILDER (2424843), 72, 58, -9999, -9999, 2320, ffffffff
047, LOC_CIVILIZATION_BABYLON_STK_NAME, UNIT_BUILDER (2424843), 72, 58, -9999, -9999, 2321, ffffffff
047, LOC_CIVILIZATION_BABYLON_STK_NAME, UNIT_BUILDER (2424843), 72, 58, -9999, -9999, 2304, ffffffff
047, LOC_CIVILIZATION_BABYLON_STK_NAME, UNIT_BUILDER (2031625), 68, 53, -9999, -9999, 2320, ffffffff
047, LOC_CIVILIZATION_BABYLON_STK_NAME, UNIT_BUILDER (2031625), 68, 53, -9999, -9999, 2321, ffffffff
047, LOC_CIVILIZATION_BABYLON_STK_NAME, UNIT_BUILDER (2031625), 68, 53, -9999, -9999, 2304, ffffffff
047, LOC_CIVILIZATION_BABYLON_STK_NAME, UNIT_BUILDER (2293780), 81, 48, 81, 47, 16640, 595c3a19
047, LOC_CIVILIZATION_BABYLON_STK_NAME, UNIT_BUILDER (2293780), 81, 48, -9999, -9999, 2320, ffffffff
047, LOC_CIVILIZATION_BABYLON_STK_NAME, UNIT_BUILDER (2293780), 81, 48, -9999, -9999, 2321, ffffffff
047, LOC_CIVILIZATION_BABYLON_STK_NAME, UNIT_BUILDER (2293780), 81, 48, -9999, -9999, 2304, ffffffff
047, LOC_CIVILIZATION_BABYLON_STK_NAME, UNIT_BUILDER (2293780), 81, 48, -9999, -9999, 2320, ffffffff
047, LOC_CIVILIZATION_BABYLON_STK_NAME, UNIT_BUILDER (2293780), 81, 48, -9999, -9999, 2321, ffffffff
047, LOC_CIVILIZATION_BABYLON_STK_NAME, UNIT_BUILDER (2293780), 81, 48, -9999, -9999, 2304, ffffffff
047, LOC_CIVILIZATION_BABYLON_STK_NAME, UNIT_BUILDER (2293780), 81, 48, 81, 47, 16640, 595c3a19
047, LOC_CIVILIZATION_BABYLON_STK_NAME, UNIT_BUILDER (2293780), 81, 48, -9999, -9999, 2320, ffffffff
047, LOC_CIVILIZATION_BABYLON_STK_NAME, UNIT_BUILDER (2293780), 81, 48, -9999, -9999, 2321, ffffffff
047, LOC_CIVILIZATION_BABYLON_STK_NAME, UNIT_BUILDER (2293780), 81, 48, -9999, -9999, 2304, ffffffff
047, LOC_CIVILIZATION_BABYLON_STK_NAME, UNIT_BUILDER (1835024), 73, 46, -9999, -9999, 2320, ffffffff
047, LOC_CIVILIZATION_BABYLON_STK_NAME, UNIT_BUILDER (1835024), 73, 46, -9999, -9999, 2321, ffffffff
047, LOC_CIVILIZATION_BABYLON_STK_NAME, UNIT_BUILDER (1835024), 73, 46, -9999, -9999, 2304, ffffffff
047, LOC_CIVILIZATION_BABYLON_STK_NAME, UNIT_BUILDER (1835024), 73, 46, -9999, -9999, 2320, ffffffff
047, LOC_CIVILIZATION_BABYLON_STK_NAME, UNIT_BUILDER (1835024), 73, 46, -9999, -9999, 2321, ffffffff
047, LOC_CIVILIZATION_BABYLON_STK_NAME, UNIT_BUILDER (1835024), 73, 46, -9999, -9999, 2304, ffffffff
047, LOC_CIVILIZATION_BABYLON_STK_NAME, UNIT_BUILDER (1835024), 73, 46, -9999, -9999, 2320, ffffffff
047, LOC_CIVILIZATION_BABYLON_STK_NAME, UNIT_BUILDER (1835024), 73, 46, -9999, -9999, 2321, ffffffff
047, LOC_CIVILIZATION_BABYLON_STK_NAME, UNIT_BUILDER (1835024), 73, 46, -9999, -9999, 2304, ffffffff
047, LOC_CIVILIZATION_BABYLON_STK_NAME, UNIT_BUILDER (2359311), 71, 47, -9999, -9999, 2320, ffffffff
047, LOC_CIVILIZATION_BABYLON_STK_NAME, UNIT_BUILDER (2359311), 71, 47, -9999, -9999, 2321, ffffffff
047, LOC_CIVILIZATION_BABYLON_STK_NAME, UNIT_BUILDER (2359311), 71, 47, -9999, -9999, 2304, ffffffff
047, LOC_CIVILIZATION_BABYLON_STK_NAME, UNIT_BUILDER (2359311), 71, 47, 73, 46, 16384, 6029b1c0
047, LOC_CIVILIZATION_BABYLON_STK_NAME, UNIT_BUILDER (1966098), 73, 54, 72, 52, 16384, 12921358
047, LOC_CIVILIZATION_BABYLON_STK_NAME, UNIT_BUILDER (2031625), 68, 53, 70, 56, 16384, d1d20d72
047, LOC_CIVILIZATION_BABYLON_STK_NAME, UNIT_BUILDER (1966098), 73, 54, 72, 52, 16384, 12921358
048, LOC_CIVILIZATION_BABYLON_STK_NAME, UNIT_WARRIOR (131073), 42, 69, -9999, -9999, 2320, ffffffff
048, LOC_CIVILIZATION_BABYLON_STK_NAME, UNIT_WARRIOR (131073), 42, 69, -9999, -9999, 2321, ffffffff
048, LOC_CIVILIZATION_BABYLON_STK_NAME, UNIT_WARRIOR (131073), 42, 69, -9999, -9999, 2304, ffffffff
048, LOC_CIVILIZATION_BABYLON_STK_NAME, UNIT_WARRIOR (131073), 42, 69, -9999, -9999, 2370, ffffffff
048, LOC_CIVILIZATION_BABYLON_STK_NAME, UNIT_WARRIOR (131073), 42, 69, 26, 69, 256, dc52e3fa
048, LOC_CIVILIZATION_BABYLON_STK_NAME, UNIT_WARRIOR (131073), 42, 69, -9999, -9999, 2370, ffffffff
048, LOC_CIVILIZATION_BABYLON_STK_NAME, UNIT_WARRIOR (131073), 42, 69, 26, 69, 256, dc52e3fa
048, LOC_CIVILIZATION_BABYLON_STK_NAME, UNIT_BUILDER (2424843), 72, 58, -9999, -9999, 2320, ffffffff
048, LOC_CIVILIZATION_BABYLON_STK_NAME, UNIT_BUILDER (2424843), 72, 58, -9999, -9999, 2321, ffffffff
048, LOC_CIVILIZATION_BABYLON_STK_NAME, UNIT_BUILDER (2424843), 72, 58, -9999, -9999, 2304, ffffffff
048, LOC_CIVILIZATION_BABYLON_STK_NAME, UNIT_BUILDER (1966098), 73, 54, 72, 52, 16640, 12921358
048, LOC_CIVILIZATION_BABYLON_STK_NAME, UNIT_BUILDER (1966098), 73, 54, -9999, -9999, 2320, ffffffff
048, LOC_CIVILIZATION_BABYLON_STK_NAME, UNIT_BUILDER (1966098), 73, 54, -9999, -9999, 2321, ffffffff
048, LOC_CIVILIZATION_BABYLON_STK_NAME, UNIT_BUILDER (1966098), 73, 54, -9999, -9999, 2304, ffffffff
048, LOC_CIVILIZATION_BABYLON_STK_NAME, UNIT_BUILDER (1966098), 72, 52, -9999, -9999, 2064, ffffffff
048, LOC_CIVILIZATION_BABYLON_STK_NAME, UNIT_BUILDER (1966098), 72, 52, -9999, -9999, 2065, ffffffff
048, LOC_CIVILIZATION_BABYLON_STK_NAME, UNIT_BUILDER (1966098), 72, 52, -9999, -9999, 2048, ffffffff
048, LOC_CIVILIZATION_BABYLON_STK_NAME, UNIT_BUILDER (1966098), 72, 52, -9999, -9999, 2064, ffffffff
048, LOC_CIVILIZATION_BABYLON_STK_NAME, UNIT_BUILDER (1966098), 72, 52, -9999, -9999, 2065, ffffffff
048, LOC_CIVILIZATION_BABYLON_STK_NAME, UNIT_BUILDER (1966098), 72, 52, -9999, -9999, 2048, ffffffff
048, LOC_CIVILIZATION_BABYLON_STK_NAME, UNIT_BUILDER (1966098), 72, 52, -9999, -9999, 2064, ffffffff
048, LOC_CIVILIZATION_BABYLON_STK_NAME, UNIT_BUILDER (1966098), 72, 52, -9999, -9999, 2065, ffffffff
048, LOC_CIVILIZATION_BABYLON_STK_NAME, UNIT_BUILDER (1966098), 72, 52, -9999, -9999, 2048, ffffffff
048, LOC_CIVILIZATION_BABYLON_STK_NAME, UNIT_ARCHER (2621459), 73, 49, -9999, -9999, 2320, ffffffff
048, LOC_CIVILIZATION_BABYLON_STK_NAME, UNIT_ARCHER (2621459), 73, 49, -9999, -9999, 2321, ffffffff
048, LOC_CIVILIZATION_BABYLON_STK_NAME, UNIT_ARCHER (2621459), 73, 49, -9999, -9999, 2304, ffffffff
048, LOC_CIVILIZATION_BABYLON_STK_NAME, UNIT_ARCHER (2621459), 73, 49, -9999, -9999, 2370, ffffffff
048, LOC_CIVILIZATION_BABYLON_STK_NAME, UNIT_ARCHER (2621459), 73, 49, 26, 69, 256, c376172b
048, LOC_CIVILIZATION_BABYLON_STK_NAME, UNIT_ARCHER (2621459), 73, 49, -9999, -9999, 2370, ffffffff
048, LOC_CIVILIZATION_BABYLON_STK_NAME, UNIT_ARCHER (2621459), 73, 49, 26, 69, 256, c376172b
048, LOC_CIVILIZATION_BABYLON_STK_NAME, UNIT_BUILDER (2424843), 72, 58, -9999, -9999, 2320, ffffffff
048, LOC_CIVILIZATION_BABYLON_STK_NAME, UNIT_BUILDER (2424843), 72, 58, -9999, -9999, 2321, ffffffff
048, LOC_CIVILIZATION_BABYLON_STK_NAME, UNIT_BUILDER (2424843), 72, 58, -9999, -9999, 2304, ffffffff
048, LOC_CIVILIZATION_BABYLON_STK_NAME, UNIT_TAOIST (2686992), 73, 49, -9999, -9999, 2320, ffffffff
048, LOC_CIVILIZATION_BABYLON_STK_NAME, UNIT_TAOIST (2686992), 73, 49, -9999, -9999, 2321, ffffffff
048, LOC_CIVILIZATION_BABYLON_STK_NAME, UNIT_TAOIST (2686992), 73, 49, -9999, -9999, 2304, ffffffff
048, LOC_CIVILIZATION_BABYLON_STK_NAME, UNIT_TAOIST (2686992), 73, 49, -9999, -9999, 2320, ffffffff
048, LOC_CIVILIZATION_BABYLON_STK_NAME, UNIT_TAOIST (2686992), 73, 49, -9999, -9999, 2321, ffffffff
048, LOC_CIVILIZATION_BABYLON_STK_NAME, UNIT_TAOIST (2686992), 73, 49, -9999, -9999, 2304, ffffffff
048, LOC_CIVILIZATION_BABYLON_STK_NAME, UNIT_BUILDER (2359311), 71, 47, 73, 46, 16640, 6029b1c0
048, LOC_CIVILIZATION_BABYLON_STK_NAME, UNIT_BUILDER (2359311), 71, 47, -9999, -9999, 2320, ffffffff
048, LOC_CIVILIZATION_BABYLON_STK_NAME, UNIT_BUILDER (2359311), 71, 47, -9999, -9999, 2321, ffffffff
048, LOC_CIVILIZATION_BABYLON_STK_NAME, UNIT_BUILDER (2359311), 71, 47, -9999, -9999, 2304, ffffffff
048, LOC_CIVILIZATION_BABYLON_STK_NAME, UNIT_BUILDER (2359311), 73, 46, -9999, -9999, 2064, ffffffff
048, LOC_CIVILIZATION_BABYLON_STK_NAME, UNIT_BUILDER (2359311), 73, 46, -9999, -9999, 2065, ffffffff
048, LOC_CIVILIZATION_BABYLON_STK_NAME, UNIT_BUILDER (2359311), 73, 46, -9999, -9999, 2048, ffffffff
048, LOC_CIVILIZATION_BABYLON_STK_NAME, UNIT_BUILDER (2359311), 73, 46, -9999, -9999, 2064, ffffffff
048, LOC_CIVILIZATION_BABYLON_STK_NAME, UNIT_BUILDER (2359311), 73, 46, -9999, -9999, 2065, ffffffff
048, LOC_CIVILIZATION_BABYLON_STK_NAME, UNIT_BUILDER (2359311), 73, 46, -9999, -9999, 2048, ffffffff
048, LOC_CIVILIZATION_BABYLON_STK_NAME, UNIT_BUILDER (2359311), 73, 46, -9999, -9999, 2064, ffffffff
048, LOC_CIVILIZATION_BABYLON_STK_NAME, UNIT_BUILDER (2359311), 73, 46, -9999, -9999, 2065, ffffffff
048, LOC_CIVILIZATION_BABYLON_STK_NAME, UNIT_BUILDER (2359311), 73, 46, -9999, -9999, 2048, ffffffff
048, LOC_CIVILIZATION_BABYLON_STK_NAME, UNIT_BUILDER (2359311), 73, 46, 75, 49, 16384, b8863712
048, LOC_CIVILIZATION_BABYLON_STK_NAME, UNIT_TAOIST (2686992), 73, 49, -9999, -9999, 2320, ffffffff
048, LOC_CIVILIZATION_BABYLON_STK_NAME, UNIT_TAOIST (2686992), 73, 49, -9999, -9999, 2321, ffffffff
048, LOC_CIVILIZATION_BABYLON_STK_NAME, UNIT_TAOIST (2686992), 73, 49, -9999, -9999, 2304, ffffffff
048, LOC_CIVILIZATION_BABYLON_STK_NAME, UNIT_TAOIST (2686992), 73, 49, 75, 49, 16640, 15d0d940
048, LOC_CIVILIZATION_BABYLON_STK_NAME, UNIT_TAOIST (2686992), 75, 49, -9999, -9999, 2064, ffffffff
048, LOC_CIVILIZATION_BABYLON_STK_NAME, UNIT_TAOIST (2686992), 75, 49, -9999, -9999, 2065, ffffffff
048, LOC_CIVILIZATION_BABYLON_STK_NAME, UNIT_TAOIST (2686992), 75, 49, -9999, -9999, 2048, ffffffff
048, LOC_CIVILIZATION_BABYLON_STK_NAME, UNIT_TAOIST (2686992), 75, 49, -9999, -9999, 2064, ffffffff
048, LOC_CIVILIZATION_BABYLON_STK_NAME, UNIT_TAOIST (2686992), 75, 49, -9999, -9999, 2065, ffffffff
048, LOC_CIVILIZATION_BABYLON_STK_NAME, UNIT_TAOIST (2686992), 75, 49, -9999, -9999, 2048, ffffffff
048, LOC_CIVILIZATION_BABYLON_STK_NAME, UNIT_TAOIST (2686992), 75, 49, -9999, -9999, 2064, ffffffff
048, LOC_CIVILIZATION_BABYLON_STK_NAME, UNIT_TAOIST (2686992), 75, 49, -9999, -9999, 2065, ffffffff
048, LOC_CIVILIZATION_BABYLON_STK_NAME, UNIT_TAOIST (2686992), 75, 49, -9999, -9999, 2048, ffffffff
048, LOC_CIVILIZATION_BABYLON_STK_NAME, UNIT_WARRIOR (131073), 42, 69, -9999, -9999, 2320, ffffffff
048, LOC_CIVILIZATION_BABYLON_STK_NAME, UNIT_WARRIOR (131073), 42, 69, -9999, -9999, 2321, ffffffff
048, LOC_CIVILIZATION_BABYLON_STK_NAME, UNIT_WARRIOR (131073), 42, 69, -9999, -9999, 2304, ffffffff
048, LOC_CIVILIZATION_BABYLON_STK_NAME, UNIT_WARRIOR (131073), 42, 69, -9999, -9999, 2370, ffffffff
048, LOC_CIVILIZATION_BABYLON_STK_NAME, UNIT_WARRIOR (131073), 42, 69, 26, 69, 256, dc52e3fa
048, LOC_CIVILIZATION_BABYLON_STK_NAME, UNIT_ARCHER (2621459), 73, 49, -9999, -9999, 2320, ffffffff
048, LOC_CIVILIZATION_BABYLON_STK_NAME, UNIT_ARCHER (2621459), 73, 49, -9999, -9999, 2321, ffffffff
048, LOC_CIVILIZATION_BABYLON_STK_NAME, UNIT_ARCHER (2621459), 73, 49, -9999, -9999, 2304, ffffffff
048, LOC_CIVILIZATION_BABYLON_STK_NAME, UNIT_ARCHER (2621459), 73, 49, -9999, -9999, 2370, ffffffff
048, LOC_CIVILIZATION_BABYLON_STK_NAME, UNIT_ARCHER (2621459), 73, 49, 26, 69, 256, c376172b
048, LOC_CIVILIZATION_BABYLON_STK_NAME, UNIT_ARCHER (2621459), 73, 49, 72, 53, 16656, ca8ba253
048, LOC_CIVILIZATION_BABYLON_STK_NAME, UNIT_ARCHER (2621459), 72, 51, -9999, -9999, 2064, ffffffff
048, LOC_CIVILIZATION_BABYLON_STK_NAME, UNIT_ARCHER (2621459), 72, 51, -9999, -9999, 2065, ffffffff
048, LOC_CIVILIZATION_BABYLON_STK_NAME, UNIT_ARCHER (2621459), 72, 51, -9999, -9999, 2048, ffffffff
048, LOC_CIVILIZATION_BABYLON_STK_NAME, UNIT_BUILDER (2293780), 81, 47, -9999, -9999, 2320, ffffffff
048, LOC_CIVILIZATION_BABYLON_STK_NAME, UNIT_BUILDER (2293780), 81, 47, -9999, -9999, 2321, ffffffff
048, LOC_CIVILIZATION_BABYLON_STK_NAME, UNIT_BUILDER (2293780), 81, 47, -9999, -9999, 2304, ffffffff
048, LOC_CIVILIZATION_BABYLON_STK_NAME, UNIT_BUILDER (2424843), 72, 58, -9999, -9999, 2320, ffffffff
048, LOC_CIVILIZATION_BABYLON_STK_NAME, UNIT_BUILDER (2424843), 72, 58, -9999, -9999, 2321, ffffffff
048, LOC_CIVILIZATION_BABYLON_STK_NAME, UNIT_BUILDER (2424843), 72, 58, -9999, -9999, 2304, ffffffff
048, LOC_CIVILIZATION_BABYLON_STK_NAME, UNIT_BUILDER (2293780), 81, 47, 81, 46, 16384, 5f5ae722
048, LOC_CIVILIZATION_BABYLON_STK_NAME, UNIT_BUILDER (2424843), 72, 58, -9999, -9999, 2320, ffffffff
048, LOC_CIVILIZATION_BABYLON_STK_NAME, UNIT_BUILDER (2424843), 72, 58, -9999, -9999, 2321, ffffffff
048, LOC_CIVILIZATION_BABYLON_STK_NAME, UNIT_BUILDER (2424843), 72, 58, -9999, -9999, 2304, ffffffff
048, LOC_CIVILIZATION_BABYLON_STK_NAME, UNIT_BUILDER (2424843), 72, 58, -9999, -9999, 2320, ffffffff
048, LOC_CIVILIZATION_BABYLON_STK_NAME, UNIT_BUILDER (2424843), 72, 58, -9999, -9999, 2321, ffffffff
048, LOC_CIVILIZATION_BABYLON_STK_NAME, UNIT_BUILDER (2424843), 72, 58, -9999, -9999, 2304, ffffffff
048, LOC_CIVILIZATION_BABYLON_STK_NAME, UNIT_BUILDER (2424843), 72, 58, 74, 59, 16640, ff72f316
048, LOC_CIVILIZATION_BABYLON_STK_NAME, UNIT_BUILDER (2424843), 74, 59, -9999, -9999, 2064, ffffffff
048, LOC_CIVILIZATION_BABYLON_STK_NAME, UNIT_BUILDER (2424843), 74, 59, -9999, -9999, 2065, ffffffff
048, LOC_CIVILIZATION_BABYLON_STK_NAME, UNIT_BUILDER (2424843), 74, 59, -9999, -9999, 2048, ffffffff
048, LOC_CIVILIZATION_BABYLON_STK_NAME, UNIT_BUILDER (2424843), 74, 59, -9999, -9999, 2064, ffffffff
048, LOC_CIVILIZATION_BABYLON_STK_NAME, UNIT_BUILDER (2424843), 74, 59, -9999, -9999, 2065, ffffffff
048, LOC_CIVILIZATION_BABYLON_STK_NAME, UNIT_BUILDER (2424843), 74, 59, -9999, -9999, 2048, ffffffff
048, LOC_CIVILIZATION_BABYLON_STK_NAME, UNIT_WARRIOR (131073), 42, 69, -9999, -9999, 2320, ffffffff
048, LOC_CIVILIZATION_BABYLON_STK_NAME, UNIT_WARRIOR (131073), 42, 69, -9999, -9999, 2321, ffffffff
048, LOC_CIVILIZATION_BABYLON_STK_NAME, UNIT_WARRIOR (131073), 42, 69, -9999, -9999, 2304, ffffffff
048, LOC_CIVILIZATION_BABYLON_STK_NAME, UNIT_WARRIOR (131073), 42, 69, -9999, -9999, 2370, ffffffff
048, LOC_CIVILIZATION_BABYLON_STK_NAME, UNIT_WARRIOR (131073), 42, 69, 26, 69, 256, dc52e3fa
048, LOC_CIVILIZATION_BABYLON_STK_NAME, UNIT_WARRIOR (131073), 42, 69, -9999, -9999, 2370, ffffffff
048, LOC_CIVILIZATION_BABYLON_STK_NAME, UNIT_WARRIOR (131073), 42, 69, 26, 69, 256, dc52e3fa
048, LOC_CIVILIZATION_BABYLON_STK_NAME, UNIT_WARRIOR (131073), 42, 69, 42, 71, 16656, f97c7525
048, LOC_CIVILIZATION_BABYLON_STK_NAME, UNIT_WARRIOR (131073), 42, 71, -9999, -9999, 2064, ffffffff
048, LOC_CIVILIZATION_BABYLON_STK_NAME, UNIT_WARRIOR (131073), 42, 71, -9999, -9999, 2065, ffffffff
048, LOC_CIVILIZATION_BABYLON_STK_NAME, UNIT_WARRIOR (131073), 42, 71, -9999, -9999, 2048, ffffffff
048, LOC_CIVILIZATION_BABYLON_STK_NAME, UNIT_SCOUT (458756), 44, 16, -9999, -9999, 2320, ffffffff
048, LOC_CIVILIZATION_BABYLON_STK_NAME, UNIT_SCOUT (458756), 44, 16, -9999, -9999, 2321, ffffffff
048, LOC_CIVILIZATION_BABYLON_STK_NAME, UNIT_SCOUT (458756), 44, 16, -9999, -9999, 2304, ffffffff
048, LOC_CIVILIZATION_BABYLON_STK_NAME, UNIT_SCOUT (458756), 44, 16, -9999, -9999, 2370, ffffffff
048, LOC_CIVILIZATION_BABYLON_STK_NAME, UNIT_SCOUT (458756), 44, 16, 37, 10, 256, b5cc2bc5
048, LOC_CIVILIZATION_BABYLON_STK_NAME, UNIT_SCOUT (458756), 44, 16, -9999, -9999, 2370, ffffffff
048, LOC_CIVILIZATION_BABYLON_STK_NAME, UNIT_SCOUT (458756), 44, 16, 37, 10, 256, b5cc2bc5
048, LOC_CIVILIZATION_BABYLON_STK_NAME, UNIT_SCOUT (458756), 44, 16, 44, 15, 16656, 6574e78d
048, LOC_CIVILIZATION_BABYLON_STK_NAME, UNIT_SCOUT (458756), 44, 15, 44, 13, 16400, 59ea3ee7
048, LOC_CIVILIZATION_BABYLON_STK_NAME, UNIT_BUILDER (2031625), 68, 53, 70, 56, 16640, d1d20d72
048, LOC_CIVILIZATION_BABYLON_STK_NAME, UNIT_BUILDER (2031625), 68, 53, -9999, -9999, 2320, ffffffff
048, LOC_CIVILIZATION_BABYLON_STK_NAME, UNIT_BUILDER (2031625), 68, 53, -9999, -9999, 2321, ffffffff
048, LOC_CIVILIZATION_BABYLON_STK_NAME, UNIT_BUILDER (2031625), 68, 53, -9999, -9999, 2304, ffffffff
048, LOC_CIVILIZATION_BABYLON_STK_NAME, UNIT_BUILDER (2031625), 68, 53, 68, 50, 16640, 5bc3bf94
048, LOC_CIVILIZATION_BABYLON_STK_NAME, UNIT_BUILDER (2031625), 68, 53, 69, 50, 16640, f5ab2e05
048, LOC_CIVILIZATION_BABYLON_STK_NAME, UNIT_BUILDER (2031625), 68, 53, 68, 51, 16640, 7c5a08ca
048, LOC_CIVILIZATION_BABYLON_STK_NAME, UNIT_BUILDER (2031625), 68, 53, 69, 52, 16640, d20ca478
048, LOC_CIVILIZATION_BABYLON_STK_NAME, UNIT_BUILDER (2031625), 68, 53, 69, 52, 16640, d20ca478
048, LOC_CIVILIZATION_BABYLON_STK_NAME, UNIT_BUILDER (2031625), 68, 53, 69, 51, 16640, 68a4cf73
048, LOC_CIVILIZATION_BABYLON_STK_NAME, UNIT_BUILDER (2031625), 68, 53, 70, 51, 16640, a3721b22
048, LOC_CIVILIZATION_BABYLON_STK_NAME, UNIT_BUILDER (2031625), 68, 53, 69, 51, 16640, 68a4cf73
048, LOC_CIVILIZATION_BABYLON_STK_NAME, UNIT_BUILDER (2031625), 68, 53, 70, 51, 16640, a3721b22
048, LOC_CIVILIZATION_BABYLON_STK_NAME, UNIT_BUILDER (2031625), 68, 53, 69, 51, 16640, 68a4cf73
048, LOC_CIVILIZATION_BABYLON_STK_NAME, UNIT_BUILDER (2031625), 68, 53, 70, 51, 16640, a3721b22
048, LOC_CIVILIZATION_BABYLON_STK_NAME, UNIT_BUILDER (2031625), 68, 53, 71, 51, 16640, d37de406
048, LOC_CIVILIZATION_BABYLON_STK_NAME, UNIT_BUILDER (2031625), 68, 53, 70, 51, 16640, a3721b22
048, LOC_CIVILIZATION_BABYLON_STK_NAME, UNIT_BUILDER (2031625), 68, 53, 69, 51, 16640, 68a4cf73
048, LOC_CIVILIZATION_BABYLON_STK_NAME, UNIT_BUILDER (2031625), 69, 51, -9999, -9999, 2064, ffffffff
048, LOC_CIVILIZATION_BABYLON_STK_NAME, UNIT_BUILDER (2031625), 69, 51, -9999, -9999, 2065, ffffffff
048, LOC_CIVILIZATION_BABYLON_STK_NAME, UNIT_BUILDER (2031625), 69, 51, -9999, -9999, 2048, ffffffff
048, LOC_CIVILIZATION_BABYLON_STK_NAME, UNIT_BUILDER (2031625), 69, 51, -9999, -9999, 2064, ffffffff
048, LOC_CIVILIZATION_BABYLON_STK_NAME, UNIT_BUILDER (2031625), 69, 51, -9999, -9999, 2065, ffffffff
048, LOC_CIVILIZATION_BABYLON_STK_NAME, UNIT_BUILDER (2031625), 69, 51, -9999, -9999, 2048, ffffffff
048, LOC_CIVILIZATION_BABYLON_STK_NAME, UNIT_BUILDER (2031625), 69, 51, 70, 51, 16384, af6053c0
048, LOC_CIVILIZATION_BABYLON_STK_NAME, UNIT_BUILDER (1966098), 72, 52, 71, 53, 16384,  8b8fe59
048, LOC_CIVILIZATION_BABYLON_STK_NAME, UNIT_BUILDER (1966098), 72, 52, 71, 53, 16384,  8b8fe59
048, LOC_CIVILIZATION_BABYLON_STK_NAME, UNIT_BUILDER (2293780), 81, 47, 81, 46, 16384, 5f5ae722
048, LOC_CIVILIZATION_BABYLON_STK_NAME, UNIT_BUILDER (2293780), 81, 47, 81, 46, 16384, 5f5ae722
049, LOC_CIVILIZATION_BABYLON_STK_NAME, UNIT_WARRIOR (131073), 42, 71, -9999, -9999, 2320, ffffffff
049, LOC_CIVILIZATION_BABYLON_STK_NAME, UNIT_WARRIOR (131073), 42, 71, -9999, -9999, 2321, ffffffff
049, LOC_CIVILIZATION_BABYLON_STK_NAME, UNIT_WARRIOR (131073), 42, 71, -9999, -9999, 2304, ffffffff
049, LOC_CIVILIZATION_BABYLON_STK_NAME, UNIT_WARRIOR (131073), 42, 71, -9999, -9999, 2370, ffffffff
049, LOC_CIVILIZATION_BABYLON_STK_NAME, UNIT_WARRIOR (131073), 42, 71, 27, 69, 256, 2d897de0
049, LOC_CIVILIZATION_BABYLON_STK_NAME, UNIT_WARRIOR (131073), 42, 71, -9999, -9999, 2370, ffffffff
049, LOC_CIVILIZATION_BABYLON_STK_NAME, UNIT_WARRIOR (131073), 42, 71, 27, 69, 256, 2d897de0
049, LOC_CIVILIZATION_BABYLON_STK_NAME, UNIT_WARRIOR (131073), 42, 71, 41, 71, 16656, 1e0ef5a7
049, LOC_CIVILIZATION_BABYLON_STK_NAME, UNIT_BUILDER (2424843), 74, 59, -9999, -9999, 2320, ffffffff
049, LOC_CIVILIZATION_BABYLON_STK_NAME, UNIT_BUILDER (2424843), 74, 59, -9999, -9999, 2321, ffffffff
049, LOC_CIVILIZATION_BABYLON_STK_NAME, UNIT_BUILDER (2424843), 74, 59, -9999, -9999, 2304, ffffffff
049, LOC_CIVILIZATION_BABYLON_STK_NAME, UNIT_BUILDER (2424843), 74, 59, 76, 60, 16384, 11dddfe3
049, LOC_CIVILIZATION_BABYLON_STK_NAME, UNIT_BUILDER (2031625), 69, 51, 70, 51, 16640, af6053c0
049, LOC_CIVILIZATION_BABYLON_STK_NAME, UNIT_BUILDER (2031625), 69, 51, -9999, -9999, 2320, ffffffff
049, LOC_CIVILIZATION_BABYLON_STK_NAME, UNIT_BUILDER (2031625), 69, 51, -9999, -9999, 2321, ffffffff
049, LOC_CIVILIZATION_BABYLON_STK_NAME, UNIT_BUILDER (2031625), 69, 51, -9999, -9999, 2304, ffffffff
049, LOC_CIVILIZATION_BABYLON_STK_NAME, UNIT_BUILDER (1966098), 72, 52, 71, 53, 16640,  8b8fe59
049, LOC_CIVILIZATION_BABYLON_STK_NAME, UNIT_BUILDER (1966098), 72, 52, -9999, -9999, 2320, ffffffff
049, LOC_CIVILIZATION_BABYLON_STK_NAME, UNIT_BUILDER (1966098), 72, 52, -9999, -9999, 2321, ffffffff
049, LOC_CIVILIZATION_BABYLON_STK_NAME, UNIT_BUILDER (1966098), 72, 52, -9999, -9999, 2304, ffffffff
049, LOC_CIVILIZATION_BABYLON_STK_NAME, UNIT_BUILDER (1966098), 72, 52, 73, 54, 16640,  7488aed
049, LOC_CIVILIZATION_BABYLON_STK_NAME, UNIT_BUILDER (1966098), 72, 52, 72, 54, 16640, 45cdd42e
049, LOC_CIVILIZATION_BABYLON_STK_NAME, UNIT_BUILDER (1966098), 72, 52, 73, 54, 16640,  7488aed
049, LOC_CIVILIZATION_BABYLON_STK_NAME, UNIT_BUILDER (1966098), 73, 54, -9999, -9999, 2064, ffffffff
049, LOC_CIVILIZATION_BABYLON_STK_NAME, UNIT_BUILDER (1966098), 73, 54, -9999, -9999, 2065, ffffffff
049, LOC_CIVILIZATION_BABYLON_STK_NAME, UNIT_BUILDER (1966098), 73, 54, -9999, -9999, 2048, ffffffff
049, LOC_CIVILIZATION_BABYLON_STK_NAME, UNIT_BUILDER (1966098), 73, 54, -9999, -9999, 2064, ffffffff
049, LOC_CIVILIZATION_BABYLON_STK_NAME, UNIT_BUILDER (1966098), 73, 54, -9999, -9999, 2065, ffffffff
049, LOC_CIVILIZATION_BABYLON_STK_NAME, UNIT_BUILDER (1966098), 73, 54, -9999, -9999, 2048, ffffffff
049, LOC_CIVILIZATION_BABYLON_STK_NAME, UNIT_BUILDER (1966098), 73, 54, -9999, -9999, 2064, ffffffff
049, LOC_CIVILIZATION_BABYLON_STK_NAME, UNIT_BUILDER (1966098), 73, 54, -9999, -9999, 2065, ffffffff
049, LOC_CIVILIZATION_BABYLON_STK_NAME, UNIT_BUILDER (1966098), 73, 54, -9999, -9999, 2048, ffffffff
049, LOC_CIVILIZATION_BABYLON_STK_NAME, UNIT_BUILDER (2031625), 69, 51, 70, 51, 16640, af6053c0
049, LOC_CIVILIZATION_BABYLON_STK_NAME, UNIT_BUILDER (2031625), 69, 51, -9999, -9999, 2320, ffffffff
049, LOC_CIVILIZATION_BABYLON_STK_NAME, UNIT_BUILDER (2031625), 69, 51, -9999, -9999, 2321, ffffffff
049, LOC_CIVILIZATION_BABYLON_STK_NAME, UNIT_BUILDER (2031625), 69, 51, -9999, -9999, 2304, ffffffff
049, LOC_CIVILIZATION_BABYLON_STK_NAME, UNIT_BUILDER (2031625), 69, 51, 70, 51, 16384, af6053c0
049, LOC_CIVILIZATION_BABYLON_STK_NAME, UNIT_BUILDER (2359311), 73, 46, 75, 49, 16640, b8863712
049, LOC_CIVILIZATION_BABYLON_STK_NAME, UNIT_BUILDER (2359311), 73, 46, -9999, -9999, 2320, ffffffff
049, LOC_CIVILIZATION_BABYLON_STK_NAME, UNIT_BUILDER (2359311), 73, 46, -9999, -9999, 2321, ffffffff
049, LOC_CIVILIZATION_BABYLON_STK_NAME, UNIT_BUILDER (2359311), 73, 46, -9999, -9999, 2304, ffffffff
049, LOC_CIVILIZATION_BABYLON_STK_NAME, UNIT_BUILDER (2359311), 73, 46, 75, 48, 16640, c0d58e6d
049, LOC_CIVILIZATION_BABYLON_STK_NAME, UNIT_BUILDER (2359311), 75, 48, -9999, -9999, 2064, ffffffff
049, LOC_CIVILIZATION_BABYLON_STK_NAME, UNIT_BUILDER (2359311), 75, 48, -9999, -9999, 2065, ffffffff
049, LOC_CIVILIZATION_BABYLON_STK_NAME, UNIT_BUILDER (2359311), 75, 48, -9999, -9999, 2048, ffffffff
049, LOC_CIVILIZATION_BABYLON_STK_NAME, UNIT_BUILDER (2359311), 75, 48, -9999, -9999, 2064, ffffffff
049, LOC_CIVILIZATION_BABYLON_STK_NAME, UNIT_BUILDER (2359311), 75, 48, -9999, -9999, 2065, ffffffff
049, LOC_CIVILIZATION_BABYLON_STK_NAME, UNIT_BUILDER (2359311), 75, 48, -9999, -9999, 2048, ffffffff
049, LOC_CIVILIZATION_BABYLON_STK_NAME, UNIT_BUILDER (2359311), 75, 48, 75, 49, 16384, b25fc3ea
049, LOC_CIVILIZATION_BABYLON_STK_NAME, UNIT_BUILDER (2293780), 81, 47, 81, 46, 16640, 5f5ae722
049, LOC_CIVILIZATION_BABYLON_STK_NAME, UNIT_BUILDER (2293780), 81, 47, -9999, -9999, 2320, ffffffff
049, LOC_CIVILIZATION_BABYLON_STK_NAME, UNIT_BUILDER (2293780), 81, 47, -9999, -9999, 2321, ffffffff
049, LOC_CIVILIZATION_BABYLON_STK_NAME, UNIT_BUILDER (2293780), 81, 47, -9999, -9999, 2304, ffffffff
049, LOC_CIVILIZATION_BABYLON_STK_NAME, UNIT_BUILDER (2293780), 81, 46, -9999, -9999, 2064, ffffffff
049, LOC_CIVILIZATION_BABYLON_STK_NAME, UNIT_BUILDER (2293780), 81, 46, -9999, -9999, 2065, ffffffff
049, LOC_CIVILIZATION_BABYLON_STK_NAME, UNIT_BUILDER (2293780), 81, 46, -9999, -9999, 2048, ffffffff
049, LOC_CIVILIZATION_BABYLON_STK_NAME, UNIT_BUILDER (2293780), 81, 46, -9999, -9999, 2064, ffffffff
049, LOC_CIVILIZATION_BABYLON_STK_NAME, UNIT_BUILDER (2293780), 81, 46, -9999, -9999, 2065, ffffffff
049, LOC_CIVILIZATION_BABYLON_STK_NAME, UNIT_BUILDER (2293780), 81, 46, -9999, -9999, 2048, ffffffff
049, LOC_CIVILIZATION_BABYLON_STK_NAME, UNIT_BABYLONIAN_SABUM_KIBITTUM (262146), 24, 77, -9999, -9999, 2064, ffffffff
049, LOC_CIVILIZATION_BABYLON_STK_NAME, UNIT_BABYLONIAN_SABUM_KIBITTUM (262146), 24, 77, -9999, -9999, 2065, ffffffff
049, LOC_CIVILIZATION_BABYLON_STK_NAME, UNIT_BABYLONIAN_SABUM_KIBITTUM (262146), 24, 77, -9999, -9999, 2048, ffffffff
049, LOC_CIVILIZATION_BABYLON_STK_NAME, UNIT_BABYLONIAN_SABUM_KIBITTUM (262146), 24, 77, -9999, -9999, 2114, ffffffff
049, LOC_CIVILIZATION_BABYLON_STK_NAME, UNIT_BABYLONIAN_SABUM_KIBITTUM (262146), 24, 77, 27, 69, 0, 364f5f7a
049, LOC_CIVILIZATION_BABYLON_STK_NAME, UNIT_BABYLONIAN_SABUM_KIBITTUM (262146), 24, 77, -9999, -9999, 2064, ffffffff
049, LOC_CIVILIZATION_BABYLON_STK_NAME, UNIT_BABYLONIAN_SABUM_KIBITTUM (262146), 24, 77, -9999, -9999, 2065, ffffffff
049, LOC_CIVILIZATION_BABYLON_STK_NAME, UNIT_BABYLONIAN_SABUM_KIBITTUM (262146), 24, 77, -9999, -9999, 2048, ffffffff
049, LOC_CIVILIZATION_BABYLON_STK_NAME, UNIT_BABYLONIAN_SABUM_KIBITTUM (262146), 24, 77, -9999, -9999, 2064, ffffffff
049, LOC_CIVILIZATION_BABYLON_STK_NAME, UNIT_BABYLONIAN_SABUM_KIBITTUM (262146), 24, 77, -9999, -9999, 2065, ffffffff
049, LOC_CIVILIZATION_BABYLON_STK_NAME, UNIT_BABYLONIAN_SABUM_KIBITTUM (262146), 24, 77, -9999, -9999, 2048, ffffffff
049, LOC_CIVILIZATION_BABYLON_STK_NAME, UNIT_BABYLONIAN_SABUM_KIBITTUM (262146), 24, 77, -9999, -9999, 2114, ffffffff
049, LOC_CIVILIZATION_BABYLON_STK_NAME, UNIT_BABYLONIAN_SABUM_KIBITTUM (262146), 24, 77, 27, 69, 0, 364f5f7a
049, LOC_CIVILIZATION_BABYLON_STK_NAME, UNIT_BABYLONIAN_SABUM_KIBITTUM (262146), 24, 77, 26, 76, 16400, e6cba6a9
049, LOC_CIVILIZATION_BABYLON_STK_NAME, UNIT_BABYLONIAN_SABUM_KIBITTUM (262146), 26, 76, -9999, -9999, 2064, ffffffff
049, LOC_CIVILIZATION_BABYLON_STK_NAME, UNIT_BABYLONIAN_SABUM_KIBITTUM (262146), 26, 76, -9999, -9999, 2065, ffffffff
049, LOC_CIVILIZATION_BABYLON_STK_NAME, UNIT_BABYLONIAN_SABUM_KIBITTUM (262146), 26, 76, -9999, -9999, 2048, ffffffff
049, LOC_CIVILIZATION_BABYLON_STK_NAME, UNIT_BABYLONIAN_SABUM_KIBITTUM (262146), 26, 76, 28, 76, 16400, 339d2e5b
049, LOC_CIVILIZATION_BABYLON_STK_NAME, UNIT_BABYLONIAN_SABUM_KIBITTUM (196608), 31, 66, -9999, -9999, 2320, ffffffff
049, LOC_CIVILIZATION_BABYLON_STK_NAME, UNIT_BABYLONIAN_SABUM_KIBITTUM (196608), 31, 66, -9999, -9999, 2321, ffffffff
049, LOC_CIVILIZATION_BABYLON_STK_NAME, UNIT_BABYLONIAN_SABUM_KIBITTUM (196608), 31, 66, -9999, -9999, 2304, ffffffff
049, LOC_CIVILIZATION_BABYLON_STK_NAME, UNIT_BABYLONIAN_SABUM_KIBITTUM (196608), 31, 66, -9999, -9999, 2370, ffffffff
049, LOC_CIVILIZATION_BABYLON_STK_NAME, UNIT_BABYLONIAN_SABUM_KIBITTUM (196608), 31, 66, 32, 67, 16656, 9845fdb4
049, LOC_CIVILIZATION_BABYLON_STK_NAME, UNIT_BABYLONIAN_SABUM_KIBITTUM (196608), 32, 67, -9999, -9999, 2064, ffffffff
049, LOC_CIVILIZATION_BABYLON_STK_NAME, UNIT_BABYLONIAN_SABUM_KIBITTUM (196608), 32, 67, -9999, -9999, 2065, ffffffff
049, LOC_CIVILIZATION_BABYLON_STK_NAME, UNIT_BABYLONIAN_SABUM_KIBITTUM (196608), 32, 67, -9999, -9999, 2048, ffffffff
049, LOC_CIVILIZATION_BABYLON_STK_NAME, UNIT_BABYLONIAN_SABUM_KIBITTUM (196608), 32, 67, -9999, -9999, 2064, ffffffff
049, LOC_CIVILIZATION_BABYLON_STK_NAME, UNIT_BABYLONIAN_SABUM_KIBITTUM (196608), 32, 67, -9999, -9999, 2065, ffffffff
049, LOC_CIVILIZATION_BABYLON_STK_NAME, UNIT_BABYLONIAN_SABUM_KIBITTUM (196608), 32, 67, -9999, -9999, 2048, ffffffff
049, LOC_CIVILIZATION_BABYLON_STK_NAME, UNIT_BABYLONIAN_SABUM_KIBITTUM (196608), 32, 67, -9999, -9999, 2114, ffffffff
049, LOC_CIVILIZATION_BABYLON_STK_NAME, UNIT_BABYLONIAN_SABUM_KIBITTUM (196608), 32, 67, 27, 69, 0, 6deb7186
049, LOC_CIVILIZATION_BABYLON_STK_NAME, UNIT_BABYLONIAN_SABUM_KIBITTUM (196608), 32, 67, -9999, -9999, 2064, ffffffff
049, LOC_CIVILIZATION_BABYLON_STK_NAME, UNIT_BABYLONIAN_SABUM_KIBITTUM (196608), 32, 67, -9999, -9999, 2065, ffffffff
049, LOC_CIVILIZATION_BABYLON_STK_NAME, UNIT_BABYLONIAN_SABUM_KIBITTUM (196608), 32, 67, -9999, -9999, 2048, ffffffff
049, LOC_CIVILIZATION_BABYLON_STK_NAME, UNIT_BABYLONIAN_SABUM_KIBITTUM (196608), 32, 67, -9999, -9999, 2114, ffffffff
049, LOC_CIVILIZATION_BABYLON_STK_NAME, UNIT_BABYLONIAN_SABUM_KIBITTUM (196608), 32, 67, 27, 69, 0, 6deb7186
049, LOC_CIVILIZATION_BABYLON_STK_NAME, UNIT_BABYLONIAN_SABUM_KIBITTUM (196608), 32, 67, 33, 67, 4, 5dab8964
049, LOC_CIVILIZATION_BABYLON_STK_NAME, UNIT_BABYLONIAN_SABUM_KIBITTUM (196608), 32, 67, 33, 67, 16400, 5dab8964
049, LOC_CIVILIZATION_BABYLON_STK_NAME, UNIT_BABYLONIAN_SABUM_KIBITTUM (196608), 32, 67, 33, 68, 4, 40aeb9dc
049, LOC_CIVILIZATION_BABYLON_STK_NAME, UNIT_BABYLONIAN_SABUM_KIBITTUM (196608), 32, 67, 33, 68, 16400, 40aeb9dc
049, LOC_CIVILIZATION_BABYLON_STK_NAME, UNIT_BABYLONIAN_SABUM_KIBITTUM (196608), 32, 67, 33, 68, 4, 40aeb9dc
050, LOC_CIVILIZATION_BABYLON_STK_NAME, UNIT_ARCHER (2621459), 72, 53, -9999, -9999, 2320, ffffffff
050, LOC_CIVILIZATION_BABYLON_STK_NAME, UNIT_ARCHER (2621459), 72, 53, -9999, -9999, 2321, ffffffff
050, LOC_CIVILIZATION_BABYLON_STK_NAME, UNIT_ARCHER (2621459), 72, 53, -9999, -9999, 2304, ffffffff
050, LOC_CIVILIZATION_BABYLON_STK_NAME, UNIT_ARCHER (2621459), 72, 53, -9999, -9999, 2370, ffffffff
050, LOC_CIVILIZATION_BABYLON_STK_NAME, UNIT_ARCHER (2621459), 72, 53, 26, 69, 256, a0c825f2
050, LOC_CIVILIZATION_BABYLON_STK_NAME, UNIT_TAOIST (2818066), 73, 49, -9999, -9999, 2320, ffffffff
050, LOC_CIVILIZATION_BABYLON_STK_NAME, UNIT_TAOIST (2818066), 73, 49, -9999, -9999, 2321, ffffffff
050, LOC_CIVILIZATION_BABYLON_STK_NAME, UNIT_TAOIST (2818066), 73, 49, -9999, -9999, 2304, ffffffff
050, LOC_CIVILIZATION_BABYLON_STK_NAME, UNIT_BUILDER (2359311), 75, 48, 75, 49, 16640, b25fc3ea
050, LOC_CIVILIZATION_BABYLON_STK_NAME, UNIT_BUILDER (2359311), 75, 48, -9999, -9999, 2320, ffffffff
050, LOC_CIVILIZATION_BABYLON_STK_NAME, UNIT_BUILDER (2359311), 75, 48, -9999, -9999, 2321, ffffffff
050, LOC_CIVILIZATION_BABYLON_STK_NAME, UNIT_BUILDER (2359311), 75, 48, -9999, -9999, 2304, ffffffff
050, LOC_CIVILIZATION_BABYLON_STK_NAME, UNIT_BUILDER (2359311), 75, 49, -9999, -9999, 2064, ffffffff
050, LOC_CIVILIZATION_BABYLON_STK_NAME, UNIT_BUILDER (2359311), 75, 49, -9999, -9999, 2065, ffffffff
050, LOC_CIVILIZATION_BABYLON_STK_NAME, UNIT_BUILDER (2359311), 75, 49, -9999, -9999, 2048, ffffffff
050, LOC_CIVILIZATION_BABYLON_STK_NAME, UNIT_BUILDER (2359311), 75, 49, -9999, -9999, 2064, ffffffff
050, LOC_CIVILIZATION_BABYLON_STK_NAME, UNIT_BUILDER (2359311), 75, 49, -9999, -9999, 2065, ffffffff
050, LOC_CIVILIZATION_BABYLON_STK_NAME, UNIT_BUILDER (2359311), 75, 49, -9999, -9999, 2048, ffffffff
050, LOC_CIVILIZATION_BABYLON_STK_NAME, UNIT_TAOIST (2818066), 73, 49, -9999, -9999, 2320, ffffffff
050, LOC_CIVILIZATION_BABYLON_STK_NAME, UNIT_TAOIST (2818066), 73, 49, -9999, -9999, 2321, ffffffff
050, LOC_CIVILIZATION_BABYLON_STK_NAME, UNIT_TAOIST (2818066), 73, 49, -9999, -9999, 2304, ffffffff
050, LOC_CIVILIZATION_BABYLON_STK_NAME, UNIT_BUILDER (2359311), 75, 49, 75, 51, 16384, f112b3c6
050, LOC_CIVILIZATION_BABYLON_STK_NAME, UNIT_TAOIST (2818066), 73, 49, -9999, -9999, 2320, ffffffff
050, LOC_CIVILIZATION_BABYLON_STK_NAME, UNIT_TAOIST (2818066), 73, 49, -9999, -9999, 2321, ffffffff
050, LOC_CIVILIZATION_BABYLON_STK_NAME, UNIT_TAOIST (2818066), 73, 49, -9999, -9999, 2304, ffffffff
050, LOC_CIVILIZATION_BABYLON_STK_NAME, UNIT_TAOIST (2818066), 73, 49, 72, 58, 16640, eba20595
050, LOC_CIVILIZATION_BABYLON_STK_NAME, UNIT_TAOIST (2818066), 72, 52, -9999, -9999, 2064, ffffffff
050, LOC_CIVILIZATION_BABYLON_STK_NAME, UNIT_TAOIST (2818066), 72, 52, -9999, -9999, 2065, ffffffff
050, LOC_CIVILIZATION_BABYLON_STK_NAME, UNIT_TAOIST (2818066), 72, 52, -9999, -9999, 2048, ffffffff
050, LOC_CIVILIZATION_BABYLON_STK_NAME, UNIT_TAOIST (2818066), 72, 52, -9999, -9999, 2064, ffffffff
050, LOC_CIVILIZATION_BABYLON_STK_NAME, UNIT_TAOIST (2818066), 72, 52, -9999, -9999, 2065, ffffffff
050, LOC_CIVILIZATION_BABYLON_STK_NAME, UNIT_TAOIST (2818066), 72, 52, -9999, -9999, 2048, ffffffff
050, LOC_CIVILIZATION_BABYLON_STK_NAME, UNIT_BUILDER (2883596), 72, 57, -9999, -9999, 2320, ffffffff
050, LOC_CIVILIZATION_BABYLON_STK_NAME, UNIT_BUILDER (2883596), 72, 57, -9999, -9999, 2321, ffffffff
050, LOC_CIVILIZATION_BABYLON_STK_NAME, UNIT_BUILDER (2883596), 72, 57, -9999, -9999, 2304, ffffffff
050, LOC_CIVILIZATION_BABYLON_STK_NAME, UNIT_BUILDER (2883596), 72, 57, -9999, -9999, 2320, ffffffff
050, LOC_CIVILIZATION_BABYLON_STK_NAME, UNIT_BUILDER (2883596), 72, 57, -9999, -9999, 2321, ffffffff
050, LOC_CIVILIZATION_BABYLON_STK_NAME, UNIT_BUILDER (2883596), 72, 57, -9999, -9999, 2304, ffffffff
050, LOC_CIVILIZATION_BABYLON_STK_NAME, UNIT_BUILDER (2883596), 72, 57, -9999, -9999, 2320, ffffffff
050, LOC_CIVILIZATION_BABYLON_STK_NAME, UNIT_BUILDER (2883596), 72, 57, -9999, -9999, 2321, ffffffff
050, LOC_CIVILIZATION_BABYLON_STK_NAME, UNIT_BUILDER (2883596), 72, 57, -9999, -9999, 2304, ffffffff
050, LOC_CIVILIZATION_BABYLON_STK_NAME, UNIT_BUILDER (2883596), 72, 57, 72, 54, 16640, 919cb4d3
050, LOC_CIVILIZATION_BABYLON_STK_NAME, UNIT_BUILDER (2883596), 72, 54, -9999, -9999, 2064, ffffffff
050, LOC_CIVILIZATION_BABYLON_STK_NAME, UNIT_BUILDER (2883596), 72, 54, -9999, -9999, 2065, ffffffff
050, LOC_CIVILIZATION_BABYLON_STK_NAME, UNIT_BUILDER (2883596), 72, 54, -9999, -9999, 2048, ffffffff
050, LOC_CIVILIZATION_BABYLON_STK_NAME, UNIT_BUILDER (2883596), 72, 54, -9999, -9999, 2064, ffffffff
050, LOC_CIVILIZATION_BABYLON_STK_NAME, UNIT_BUILDER (2883596), 72, 54, -9999, -9999, 2065, ffffffff
050, LOC_CIVILIZATION_BABYLON_STK_NAME, UNIT_BUILDER (2883596), 72, 54, -9999, -9999, 2048, ffffffff
050, LOC_CIVILIZATION_BABYLON_STK_NAME, UNIT_BUILDER (2883596), 72, 54, 71, 53, 16384, 3a8e9cdb
050, LOC_CIVILIZATION_BABYLON_STK_NAME, UNIT_BUILDER (2031625), 69, 51, 70, 51, 16640, af6053c0
050, LOC_CIVILIZATION_BABYLON_STK_NAME, UNIT_BUILDER (2031625), 69, 51, -9999, -9999, 2320, ffffffff
050, LOC_CIVILIZATION_BABYLON_STK_NAME, UNIT_BUILDER (2031625), 69, 51, -9999, -9999, 2321, ffffffff
050, LOC_CIVILIZATION_BABYLON_STK_NAME, UNIT_BUILDER (2031625), 69, 51, -9999, -9999, 2304, ffffffff
050, LOC_CIVILIZATION_BABYLON_STK_NAME, UNIT_BUILDER (2424843), 74, 59, -9999, -9999, 2320, ffffffff
050, LOC_CIVILIZATION_BABYLON_STK_NAME, UNIT_BUILDER (2424843), 74, 59, -9999, -9999, 2321, ffffffff
050, LOC_CIVILIZATION_BABYLON_STK_NAME, UNIT_BUILDER (2424843), 74, 59, -9999, -9999, 2304, ffffffff
050, LOC_CIVILIZATION_BABYLON_STK_NAME, UNIT_BUILDER (2424843), 74, 59, 76, 60, 16640, 11dddfe3
050, LOC_CIVILIZATION_BABYLON_STK_NAME, UNIT_BUILDER (2424843), 76, 60, -9999, -9999, 2064, ffffffff
050, LOC_CIVILIZATION_BABYLON_STK_NAME, UNIT_BUILDER (2424843), 76, 60, -9999, -9999, 2065, ffffffff
050, LOC_CIVILIZATION_BABYLON_STK_NAME, UNIT_BUILDER (2424843), 76, 60, -9999, -9999, 2048, ffffffff
050, LOC_CIVILIZATION_BABYLON_STK_NAME, UNIT_BUILDER (2424843), 76, 60, -9999, -9999, 2064, ffffffff
050, LOC_CIVILIZATION_BABYLON_STK_NAME, UNIT_BUILDER (2424843), 76, 60, -9999, -9999, 2065, ffffffff
050, LOC_CIVILIZATION_BABYLON_STK_NAME, UNIT_BUILDER (2424843), 76, 60, -9999, -9999, 2048, ffffffff
050, LOC_CIVILIZATION_BABYLON_STK_NAME, UNIT_BUILDER (2424843), 76, 60, -9999, -9999, 2064, ffffffff
050, LOC_CIVILIZATION_BABYLON_STK_NAME, UNIT_BUILDER (2424843), 76, 60, -9999, -9999, 2065, ffffffff
050, LOC_CIVILIZATION_BABYLON_STK_NAME, UNIT_BUILDER (2424843), 76, 60, -9999, -9999, 2048, ffffffff
050, LOC_CIVILIZATION_BABYLON_STK_NAME, UNIT_BUILDER (2293780), 81, 46, -9999, -9999, 2320, ffffffff
050, LOC_CIVILIZATION_BABYLON_STK_NAME, UNIT_BUILDER (2293780), 81, 46, -9999, -9999, 2321, ffffffff
050, LOC_CIVILIZATION_BABYLON_STK_NAME, UNIT_BUILDER (2293780), 81, 46, -9999, -9999, 2304, ffffffff
050, LOC_CIVILIZATION_BABYLON_STK_NAME, UNIT_BUILDER (2424843), 76, 60, 75, 61, 16384, f4ff7424
050, LOC_CIVILIZATION_BABYLON_STK_NAME, UNIT_BUILDER (2293780), 81, 46, -9999, -9999, 2320, ffffffff
050, LOC_CIVILIZATION_BABYLON_STK_NAME, UNIT_BUILDER (2293780), 81, 46, -9999, -9999, 2321, ffffffff
050, LOC_CIVILIZATION_BABYLON_STK_NAME, UNIT_BUILDER (2293780), 81, 46, -9999, -9999, 2304, ffffffff
050, LOC_CIVILIZATION_BABYLON_STK_NAME, UNIT_BUILDER (2293780), 81, 46, 82, 44, 16640, 83dc0dbd
050, LOC_CIVILIZATION_BABYLON_STK_NAME, UNIT_BUILDER (2293780), 81, 46, 82, 45, 16640, bcda8475
050, LOC_CIVILIZATION_BABYLON_STK_NAME, UNIT_BUILDER (2293780), 81, 46, 82, 46, 16640, c8ced180
050, LOC_CIVILIZATION_BABYLON_STK_NAME, UNIT_BUILDER (2293780), 81, 46, -9999, -9999, 2320, ffffffff
050, LOC_CIVILIZATION_BABYLON_STK_NAME, UNIT_BUILDER (2293780), 81, 46, -9999, -9999, 2321, ffffffff
050, LOC_CIVILIZATION_BABYLON_STK_NAME, UNIT_BUILDER (2293780), 81, 46, -9999, -9999, 2304, ffffffff
050, LOC_CIVILIZATION_BABYLON_STK_NAME, UNIT_BUILDER (2293780), 81, 46, -9999, -9999, 2320, ffffffff
050, LOC_CIVILIZATION_BABYLON_STK_NAME, UNIT_BUILDER (2293780), 81, 46, -9999, -9999, 2321, ffffffff
050, LOC_CIVILIZATION_BABYLON_STK_NAME, UNIT_BUILDER (2293780), 81, 46, -9999, -9999, 2304, ffffffff
050, LOC_CIVILIZATION_BABYLON_STK_NAME, UNIT_BUILDER (2293780), 81, 46, 82, 44, 16640, 83dc0dbd
050, LOC_CIVILIZATION_BABYLON_STK_NAME, UNIT_BUILDER (2293780), 82, 44, -9999, -9999, 2064, ffffffff
050, LOC_CIVILIZATION_BABYLON_STK_NAME, UNIT_BUILDER (2293780), 82, 44, -9999, -9999, 2065, ffffffff
050, LOC_CIVILIZATION_BABYLON_STK_NAME, UNIT_BUILDER (2293780), 82, 44, -9999, -9999, 2048, ffffffff
050, LOC_CIVILIZATION_BABYLON_STK_NAME, UNIT_BUILDER (2293780), 82, 44, -9999, -9999, 2064, ffffffff
050, LOC_CIVILIZATION_BABYLON_STK_NAME, UNIT_BUILDER (2293780), 82, 44, -9999, -9999, 2065, ffffffff
050, LOC_CIVILIZATION_BABYLON_STK_NAME, UNIT_BUILDER (2293780), 82, 44, -9999, -9999, 2048, ffffffff
050, LOC_CIVILIZATION_BABYLON_STK_NAME, UNIT_WARRIOR (131073), 41, 71, -9999, -9999, 2320, ffffffff
050, LOC_CIVILIZATION_BABYLON_STK_NAME, UNIT_WARRIOR (131073), 41, 71, -9999, -9999, 2321, ffffffff
050, LOC_CIVILIZATION_BABYLON_STK_NAME, UNIT_WARRIOR (131073), 41, 71, -9999, -9999, 2304, ffffffff
050, LOC_CIVILIZATION_BABYLON_STK_NAME, UNIT_WARRIOR (131073), 41, 71, -9999, -9999, 2370, ffffffff
050, LOC_CIVILIZATION_BABYLON_STK_NAME, UNIT_WARRIOR (131073), 41, 71, 27, 69, 256, c22a7491
050, LOC_CIVILIZATION_BABYLON_STK_NAME, UNIT_WARRIOR (131073), 41, 71, -9999, -9999, 2370, ffffffff
050, LOC_CIVILIZATION_BABYLON_STK_NAME, UNIT_WARRIOR (131073), 41, 71, 27, 69, 256, c22a7491
050, LOC_CIVILIZATION_BABYLON_STK_NAME, UNIT_WARRIOR (131073), 41, 71, -9999, -9999, 2320, ffffffff
050, LOC_CIVILIZATION_BABYLON_STK_NAME, UNIT_WARRIOR (131073), 41, 71, -9999, -9999, 2321, ffffffff
050, LOC_CIVILIZATION_BABYLON_STK_NAME, UNIT_WARRIOR (131073), 41, 71, -9999, -9999, 2304, ffffffff
050, LOC_CIVILIZATION_BABYLON_STK_NAME, UNIT_WARRIOR (131073), 41, 71, -9999, -9999, 2370, ffffffff
050, LOC_CIVILIZATION_BABYLON_STK_NAME, UNIT_WARRIOR (131073), 41, 71, 27, 69, 256, c22a7491
050, LOC_CIVILIZATION_BABYLON_STK_NAME, UNIT_WARRIOR (131073), 41, 71, 40, 72, 16656, 704a1bc8
050, LOC_CIVILIZATION_BABYLON_STK_NAME, UNIT_WARRIOR (131073), 40, 72, -9999, -9999, 2064, ffffffff
050, LOC_CIVILIZATION_BABYLON_STK_NAME, UNIT_WARRIOR (131073), 40, 72, -9999, -9999, 2065, ffffffff
050, LOC_CIVILIZATION_BABYLON_STK_NAME, UNIT_WARRIOR (131073), 40, 72, -9999, -9999, 2048, ffffffff
050, LOC_CIVILIZATION_BABYLON_STK_NAME, UNIT_BABYLONIAN_SABUM_KIBITTUM (196608), 33, 68, -9999, -9999, 2320, ffffffff
050, LOC_CIVILIZATION_BABYLON_STK_NAME, UNIT_BABYLONIAN_SABUM_KIBITTUM (196608), 33, 68, -9999, -9999, 2321, ffffffff
050, LOC_CIVILIZATION_BABYLON_STK_NAME, UNIT_BABYLONIAN_SABUM_KIBITTUM (196608), 33, 68, -9999, -9999, 2304, ffffffff
050, LOC_CIVILIZATION_BABYLON_STK_NAME, UNIT_BABYLONIAN_SABUM_KIBITTUM (196608), 33, 68, -9999, -9999, 2370, ffffffff
050, LOC_CIVILIZATION_BABYLON_STK_NAME, UNIT_BABYLONIAN_SABUM_KIBITTUM (196608), 33, 68, 27, 69, 256, 41868b68
050, LOC_CIVILIZATION_BABYLON_STK_NAME, UNIT_BABYLONIAN_SABUM_KIBITTUM (196608), 33, 68, -9999, -9999, 2370, ffffffff
050, LOC_CIVILIZATION_BABYLON_STK_NAME, UNIT_BABYLONIAN_SABUM_KIBITTUM (196608), 33, 68, 27, 69, 256, 41868b68
050, LOC_CIVILIZATION_BABYLON_STK_NAME, UNIT_BABYLONIAN_SABUM_KIBITTUM (196608), 33, 68, 33, 70, 16656, be626233
050, LOC_CIVILIZATION_BABYLON_STK_NAME, UNIT_BABYLONIAN_SABUM_KIBITTUM (196608), 33, 70, -9999, -9999, 2064, ffffffff
050, LOC_CIVILIZATION_BABYLON_STK_NAME, UNIT_BABYLONIAN_SABUM_KIBITTUM (196608), 33, 70, -9999, -9999, 2065, ffffffff
050, LOC_CIVILIZATION_BABYLON_STK_NAME, UNIT_BABYLONIAN_SABUM_KIBITTUM (196608), 33, 70, -9999, -9999, 2048, ffffffff
050, LOC_CIVILIZATION_BABYLON_STK_NAME, UNIT_BABYLONIAN_SABUM_KIBITTUM (196608), 33, 70, -9999, -9999, 2064, ffffffff
050, LOC_CIVILIZATION_BABYLON_STK_NAME, UNIT_BABYLONIAN_SABUM_KIBITTUM (196608), 33, 70, -9999, -9999, 2065, ffffffff
050, LOC_CIVILIZATION_BABYLON_STK_NAME, UNIT_BABYLONIAN_SABUM_KIBITTUM (196608), 33, 70, -9999, -9999, 2048, ffffffff
050, LOC_CIVILIZATION_BABYLON_STK_NAME, UNIT_BABYLONIAN_SABUM_KIBITTUM (196608), 33, 70, -9999, -9999, 2114, ffffffff
050, LOC_CIVILIZATION_BABYLON_STK_NAME, UNIT_BABYLONIAN_SABUM_KIBITTUM (196608), 33, 70, 27, 69, 0, c91f5332
050, LOC_CIVILIZATION_BABYLON_STK_NAME, UNIT_BABYLONIAN_SABUM_KIBITTUM (196608), 33, 70, -9999, -9999, 2064, ffffffff
050, LOC_CIVILIZATION_BABYLON_STK_NAME, UNIT_BABYLONIAN_SABUM_KIBITTUM (196608), 33, 70, -9999, -9999, 2065, ffffffff
050, LOC_CIVILIZATION_BABYLON_STK_NAME, UNIT_BABYLONIAN_SABUM_KIBITTUM (196608), 33, 70, -9999, -9999, 2048, ffffffff
050, LOC_CIVILIZATION_BABYLON_STK_NAME, UNIT_BABYLONIAN_SABUM_KIBITTUM (196608), 33, 70, -9999, -9999, 2114, ffffffff
050, LOC_CIVILIZATION_BABYLON_STK_NAME, UNIT_BABYLONIAN_SABUM_KIBITTUM (196608), 33, 70, 27, 69, 0, c91f5332
050, LOC_CIVILIZATION_BABYLON_STK_NAME, UNIT_BABYLONIAN_SABUM_KIBITTUM (196608), 33, 70, -9999, -9999, 2064, ffffffff
050, LOC_CIVILIZATION_BABYLON_STK_NAME, UNIT_BABYLONIAN_SABUM_KIBITTUM (196608), 33, 70, -9999, -9999, 2065, ffffffff
050, LOC_CIVILIZATION_BABYLON_STK_NAME, UNIT_BABYLONIAN_SABUM_KIBITTUM (196608), 33, 70, -9999, -9999, 2048, ffffffff
050, LOC_CIVILIZATION_BABYLON_STK_NAME, UNIT_BABYLONIAN_SABUM_KIBITTUM (196608), 33, 70, 32, 70, 16400,  4078b69
050, LOC_CIVILIZATION_BABYLON_STK_NAME, UNIT_BUILDER (2359311), 75, 49, 75, 51, 16384, f112b3c6
050, LOC_CIVILIZATION_BABYLON_STK_NAME, UNIT_BABYLONIAN_SABUM_KIBITTUM (262146), 26, 76, -9999, -9999, 2320, ffffffff
050, LOC_CIVILIZATION_BABYLON_STK_NAME, UNIT_BABYLONIAN_SABUM_KIBITTUM (262146), 26, 76, -9999, -9999, 2321, ffffffff
050, LOC_CIVILIZATION_BABYLON_STK_NAME, UNIT_BABYLONIAN_SABUM_KIBITTUM (262146), 26, 76, -9999, -9999, 2304, ffffffff
050, LOC_CIVILIZATION_BABYLON_STK_NAME, UNIT_BABYLONIAN_SABUM_KIBITTUM (262146), 26, 76, -9999, -9999, 2370, ffffffff
050, LOC_CIVILIZATION_BABYLON_STK_NAME, UNIT_BABYLONIAN_SABUM_KIBITTUM (262146), 26, 76, 27, 70, 256, 4d470ee8
050, LOC_CIVILIZATION_BABYLON_STK_NAME, UNIT_BABYLONIAN_SABUM_KIBITTUM (262146), 26, 76, -9999, -9999, 2320, ffffffff
050, LOC_CIVILIZATION_BABYLON_STK_NAME, UNIT_BABYLONIAN_SABUM_KIBITTUM (262146), 26, 76, -9999, -9999, 2321, ffffffff
050, LOC_CIVILIZATION_BABYLON_STK_NAME, UNIT_BABYLONIAN_SABUM_KIBITTUM (262146), 26, 76, -9999, -9999, 2304, ffffffff
050, LOC_CIVILIZATION_BABYLON_STK_NAME, UNIT_BABYLONIAN_SABUM_KIBITTUM (262146), 26, 76, 24, 76, 16656, 3f36e0f5
050, LOC_CIVILIZATION_BABYLON_STK_NAME, UNIT_BABYLONIAN_SABUM_KIBITTUM (262146), 24, 76, -9999, -9999, 2064, ffffffff
050, LOC_CIVILIZATION_BABYLON_STK_NAME, UNIT_BABYLONIAN_SABUM_KIBITTUM (262146), 24, 76, -9999, -9999, 2065, ffffffff
050, LOC_CIVILIZATION_BABYLON_STK_NAME, UNIT_BABYLONIAN_SABUM_KIBITTUM (262146), 24, 76, -9999, -9999, 2048, ffffffff
050, LOC_CIVILIZATION_BABYLON_STK_NAME, UNIT_BABYLONIAN_SABUM_KIBITTUM (262146), 24, 76, -9999, -9999, 2064, ffffffff
050, LOC_CIVILIZATION_BABYLON_STK_NAME, UNIT_BABYLONIAN_SABUM_KIBITTUM (262146), 24, 76, -9999, -9999, 2065, ffffffff
050, LOC_CIVILIZATION_BABYLON_STK_NAME, UNIT_BABYLONIAN_SABUM_KIBITTUM (262146), 24, 76, -9999, -9999, 2048, ffffffff
050, LOC_CIVILIZATION_BABYLON_STK_NAME, UNIT_SCOUT (458756), 44, 13, -9999, -9999, 2320, ffffffff
050, LOC_CIVILIZATION_BABYLON_STK_NAME, UNIT_SCOUT (458756), 44, 13, -9999, -9999, 2321, ffffffff
050, LOC_CIVILIZATION_BABYLON_STK_NAME, UNIT_SCOUT (458756), 44, 13, -9999, -9999, 2304, ffffffff
050, LOC_CIVILIZATION_BABYLON_STK_NAME, UNIT_SCOUT (458756), 44, 13, -9999, -9999, 2370, ffffffff
050, LOC_CIVILIZATION_BABYLON_STK_NAME, UNIT_SCOUT (458756), 44, 13, 26, 69, 256, 27f4090e
050, LOC_CIVILIZATION_BABYLON_STK_NAME, UNIT_SCOUT (458756), 44, 13, -9999, -9999, 2370, ffffffff
050, LOC_CIVILIZATION_BABYLON_STK_NAME, UNIT_SCOUT (458756), 44, 13, 26, 69, 256, 27f4090e
050, LOC_CIVILIZATION_BABYLON_STK_NAME, UNIT_SCOUT (458756), 44, 13, -9999, -9999, 2064, ffffffff
050, LOC_CIVILIZATION_BABYLON_STK_NAME, UNIT_SCOUT (458756), 44, 13, -9999, -9999, 2065, ffffffff
050, LOC_CIVILIZATION_BABYLON_STK_NAME, UNIT_SCOUT (458756), 44, 13, -9999, -9999, 2048, ffffffff
051, LOC_CIVILIZATION_BABYLON_STK_NAME, UNIT_WARRIOR (131073), 40, 72, -9999, -9999, 2320, ffffffff
051, LOC_CIVILIZATION_BABYLON_STK_NAME, UNIT_WARRIOR (131073), 40, 72, -9999, -9999, 2321, ffffffff
051, LOC_CIVILIZATION_BABYLON_STK_NAME, UNIT_WARRIOR (131073), 40, 72, -9999, -9999, 2304, ffffffff
051, LOC_CIVILIZATION_BABYLON_STK_NAME, UNIT_WARRIOR (131073), 40, 72, -9999, -9999, 2370, ffffffff
051, LOC_CIVILIZATION_BABYLON_STK_NAME, UNIT_WARRIOR (131073), 40, 72, 27, 70, 256, de46bfb1
051, LOC_CIVILIZATION_BABYLON_STK_NAME, UNIT_WARRIOR (131073), 40, 72, -9999, -9999, 2370, ffffffff
051, LOC_CIVILIZATION_BABYLON_STK_NAME, UNIT_WARRIOR (131073), 40, 72, 27, 70, 256, de46bfb1
051, LOC_CIVILIZATION_BABYLON_STK_NAME, UNIT_BUILDER (2359311), 75, 49, 75, 51, 16640, f112b3c6
051, LOC_CIVILIZATION_BABYLON_STK_NAME, UNIT_BUILDER (2359311), 75, 49, -9999, -9999, 2320, ffffffff
051, LOC_CIVILIZATION_BABYLON_STK_NAME, UNIT_BUILDER (2359311), 75, 49, -9999, -9999, 2321, ffffffff
051, LOC_CIVILIZATION_BABYLON_STK_NAME, UNIT_BUILDER (2359311), 75, 49, -9999, -9999, 2304, ffffffff
051, LOC_CIVILIZATION_BABYLON_STK_NAME, UNIT_BUILDER (2949130), 73, 49, -9999, -9999, 2320, ffffffff
051, LOC_CIVILIZATION_BABYLON_STK_NAME, UNIT_BUILDER (2949130), 73, 49, -9999, -9999, 2321, ffffffff
051, LOC_CIVILIZATION_BABYLON_STK_NAME, UNIT_BUILDER (2949130), 73, 49, -9999, -9999, 2304, ffffffff
051, LOC_CIVILIZATION_BABYLON_STK_NAME, UNIT_BUILDER (2949130), 73, 49, 71, 50, 16640, 8f33c652
051, LOC_CIVILIZATION_BABYLON_STK_NAME, UNIT_BUILDER (2949130), 71, 50, -9999, -9999, 2064, ffffffff
051, LOC_CIVILIZATION_BABYLON_STK_NAME, UNIT_BUILDER (2949130), 71, 50, -9999, -9999, 2065, ffffffff
051, LOC_CIVILIZATION_BABYLON_STK_NAME, UNIT_BUILDER (2949130), 71, 50, -9999, -9999, 2048, ffffffff
051, LOC_CIVILIZATION_BABYLON_STK_NAME, UNIT_BUILDER (2949130), 71, 50, -9999, -9999, 2064, ffffffff
051, LOC_CIVILIZATION_BABYLON_STK_NAME, UNIT_BUILDER (2949130), 71, 50, -9999, -9999, 2065, ffffffff
051, LOC_CIVILIZATION_BABYLON_STK_NAME, UNIT_BUILDER (2949130), 71, 50, -9999, -9999, 2048, ffffffff
051, LOC_CIVILIZATION_BABYLON_STK_NAME, UNIT_BUILDER (2031625), 70, 51, -9999, -9999, 2320, ffffffff
051, LOC_CIVILIZATION_BABYLON_STK_NAME, UNIT_BUILDER (2031625), 70, 51, -9999, -9999, 2321, ffffffff
051, LOC_CIVILIZATION_BABYLON_STK_NAME, UNIT_BUILDER (2031625), 70, 51, -9999, -9999, 2304, ffffffff
051, LOC_CIVILIZATION_BABYLON_STK_NAME, UNIT_WARRIOR (131073), 40, 72, -9999, -9999, 2320, ffffffff
051, LOC_CIVILIZATION_BABYLON_STK_NAME, UNIT_WARRIOR (131073), 40, 72, -9999, -9999, 2321, ffffffff
051, LOC_CIVILIZATION_BABYLON_STK_NAME, UNIT_WARRIOR (131073), 40, 72, -9999, -9999, 2304, ffffffff
051, LOC_CIVILIZATION_BABYLON_STK_NAME, UNIT_WARRIOR (131073), 40, 72, -9999, -9999, 2370, ffffffff
051, LOC_CIVILIZATION_BABYLON_STK_NAME, UNIT_WARRIOR (131073), 40, 72, 27, 70, 256, de46bfb1
051, LOC_CIVILIZATION_BABYLON_STK_NAME, UNIT_WARRIOR (131073), 40, 72, -9999, -9999, 2370, ffffffff
051, LOC_CIVILIZATION_BABYLON_STK_NAME, UNIT_WARRIOR (131073), 40, 72, 27, 70, 256, de46bfb1
051, LOC_CIVILIZATION_BABYLON_STK_NAME, UNIT_BUILDER (2949130), 71, 50, 69, 51, 16384, e2dd9972
051, LOC_CIVILIZATION_BABYLON_STK_NAME, UNIT_BUILDER (2359311), 75, 49, 75, 51, 16640, f112b3c6
051, LOC_CIVILIZATION_BABYLON_STK_NAME, UNIT_BUILDER (2359311), 75, 49, -9999, -9999, 2320, ffffffff
051, LOC_CIVILIZATION_BABYLON_STK_NAME, UNIT_BUILDER (2359311), 75, 49, -9999, -9999, 2321, ffffffff
051, LOC_CIVILIZATION_BABYLON_STK_NAME, UNIT_BUILDER (2359311), 75, 49, -9999, -9999, 2304, ffffffff
051, LOC_CIVILIZATION_BABYLON_STK_NAME, UNIT_BUILDER (2359311), 75, 49, 75, 50, 16640, 2dd08005
051, LOC_CIVILIZATION_BABYLON_STK_NAME, UNIT_BUILDER (2359311), 75, 50, 75, 51, 16384, cda10063
051, LOC_CIVILIZATION_BABYLON_STK_NAME, UNIT_BUILDER (2293780), 82, 44, -9999, -9999, 2320, ffffffff
051, LOC_CIVILIZATION_BABYLON_STK_NAME, UNIT_BUILDER (2293780), 82, 44, -9999, -9999, 2321, ffffffff
051, LOC_CIVILIZATION_BABYLON_STK_NAME, UNIT_BUILDER (2293780), 82, 44, -9999, -9999, 2304, ffffffff
051, LOC_CIVILIZATION_BABYLON_STK_NAME, UNIT_BUILDER (3014663), 72, 57, -9999, -9999, 2320, ffffffff
051, LOC_CIVILIZATION_BABYLON_STK_NAME, UNIT_BUILDER (3014663), 72, 57, -9999, -9999, 2321, ffffffff
051, LOC_CIVILIZATION_BABYLON_STK_NAME, UNIT_BUILDER (3014663), 72, 57, -9999, -9999, 2304, ffffffff
051, LOC_CIVILIZATION_BABYLON_STK_NAME, UNIT_BUILDER (3014663), 72, 57, -9999, -9999, 2320, ffffffff
051, LOC_CIVILIZATION_BABYLON_STK_NAME, UNIT_BUILDER (3014663), 72, 57, -9999, -9999, 2321, ffffffff
051, LOC_CIVILIZATION_BABYLON_STK_NAME, UNIT_BUILDER (3014663), 72, 57, -9999, -9999, 2304, ffffffff
051, LOC_CIVILIZATION_BABYLON_STK_NAME, UNIT_TAOIST (2818066), 72, 52, 72, 58, 16640, f290cce1
051, LOC_CIVILIZATION_BABYLON_STK_NAME, UNIT_TAOIST (2818066), 72, 52, -9999, -9999, 2320, ffffffff
051, LOC_CIVILIZATION_BABYLON_STK_NAME, UNIT_TAOIST (2818066), 72, 52, -9999, -9999, 2321, ffffffff
051, LOC_CIVILIZATION_BABYLON_STK_NAME, UNIT_TAOIST (2818066), 72, 52, -9999, -9999, 2304, ffffffff
051, LOC_CIVILIZATION_BABYLON_STK_NAME, UNIT_TAOIST (2818066), 71, 55, -9999, -9999, 2064, ffffffff
051, LOC_CIVILIZATION_BABYLON_STK_NAME, UNIT_TAOIST (2818066), 71, 55, -9999, -9999, 2065, ffffffff
051, LOC_CIVILIZATION_BABYLON_STK_NAME, UNIT_TAOIST (2818066), 71, 55, -9999, -9999, 2048, ffffffff
051, LOC_CIVILIZATION_BABYLON_STK_NAME, UNIT_TAOIST (2818066), 71, 55, -9999, -9999, 2064, ffffffff
051, LOC_CIVILIZATION_BABYLON_STK_NAME, UNIT_TAOIST (2818066), 71, 55, -9999, -9999, 2065, ffffffff
051, LOC_CIVILIZATION_BABYLON_STK_NAME, UNIT_TAOIST (2818066), 71, 55, -9999, -9999, 2048, ffffffff
051, LOC_CIVILIZATION_BABYLON_STK_NAME, UNIT_BUILDER (3014663), 72, 57, -9999, -9999, 2320, ffffffff
051, LOC_CIVILIZATION_BABYLON_STK_NAME, UNIT_BUILDER (3014663), 72, 57, -9999, -9999, 2321, ffffffff
051, LOC_CIVILIZATION_BABYLON_STK_NAME, UNIT_BUILDER (3014663), 72, 57, -9999, -9999, 2304, ffffffff
051, LOC_CIVILIZATION_BABYLON_STK_NAME, UNIT_BUILDER (2424843), 76, 60, 75, 61, 16640, f4ff7424
051, LOC_CIVILIZATION_BABYLON_STK_NAME, UNIT_BUILDER (2424843), 76, 60, -9999, -9999, 2320, ffffffff
051, LOC_CIVILIZATION_BABYLON_STK_NAME, UNIT_BUILDER (2424843), 76, 60, -9999, -9999, 2321, ffffffff
051, LOC_CIVILIZATION_BABYLON_STK_NAME, UNIT_BUILDER (2424843), 76, 60, -9999, -9999, 2304, ffffffff
051, LOC_CIVILIZATION_BABYLON_STK_NAME, UNIT_BUILDER (2424843), 75, 61, -9999, -9999, 2064, ffffffff
051, LOC_CIVILIZATION_BABYLON_STK_NAME, UNIT_BUILDER (2424843), 75, 61, -9999, -9999, 2065, ffffffff
051, LOC_CIVILIZATION_BABYLON_STK_NAME, UNIT_BUILDER (2424843), 75, 61, -9999, -9999, 2048, ffffffff
051, LOC_CIVILIZATION_BABYLON_STK_NAME, UNIT_BUILDER (2424843), 75, 61, -9999, -9999, 2064, ffffffff
051, LOC_CIVILIZATION_BABYLON_STK_NAME, UNIT_BUILDER (2424843), 75, 61, -9999, -9999, 2065, ffffffff
051, LOC_CIVILIZATION_BABYLON_STK_NAME, UNIT_BUILDER (2424843), 75, 61, -9999, -9999, 2048, ffffffff
051, LOC_CIVILIZATION_BABYLON_STK_NAME, UNIT_BUILDER (3014663), 72, 57, -9999, -9999, 2320, ffffffff
051, LOC_CIVILIZATION_BABYLON_STK_NAME, UNIT_BUILDER (3014663), 72, 57, -9999, -9999, 2321, ffffffff
051, LOC_CIVILIZATION_BABYLON_STK_NAME, UNIT_BUILDER (3014663), 72, 57, -9999, -9999, 2304, ffffffff
051, LOC_CIVILIZATION_BABYLON_STK_NAME, UNIT_BUILDER (3014663), 72, 57, 74, 58, 16640, 642c063b
051, LOC_CIVILIZATION_BABYLON_STK_NAME, UNIT_BUILDER (3014663), 72, 57, 75, 58, 16640, ad7e660f
051, LOC_CIVILIZATION_BABYLON_STK_NAME, UNIT_BUILDER (3014663), 74, 56, -9999, -9999, 2064, ffffffff
051, LOC_CIVILIZATION_BABYLON_STK_NAME, UNIT_BUILDER (3014663), 74, 56, -9999, -9999, 2065, ffffffff
051, LOC_CIVILIZATION_BABYLON_STK_NAME, UNIT_BUILDER (3014663), 74, 56, -9999, -9999, 2048, ffffffff
051, LOC_CIVILIZATION_BABYLON_STK_NAME, UNIT_WARRIOR (131073), 40, 72, -9999, -9999, 2320, ffffffff
051, LOC_CIVILIZATION_BABYLON_STK_NAME, UNIT_WARRIOR (131073), 40, 72, -9999, -9999, 2321, ffffffff
051, LOC_CIVILIZATION_BABYLON_STK_NAME, UNIT_WARRIOR (131073), 40, 72, -9999, -9999, 2304, ffffffff
051, LOC_CIVILIZATION_BABYLON_STK_NAME, UNIT_WARRIOR (131073), 40, 72, -9999, -9999, 2370, ffffffff
051, LOC_CIVILIZATION_BABYLON_STK_NAME, UNIT_WARRIOR (131073), 40, 72, 27, 70, 256, de46bfb1
051, LOC_CIVILIZATION_BABYLON_STK_NAME, UNIT_SCOUT (458756), 44, 13, -9999, -9999, 2320, ffffffff
051, LOC_CIVILIZATION_BABYLON_STK_NAME, UNIT_SCOUT (458756), 44, 13, -9999, -9999, 2321, ffffffff
051, LOC_CIVILIZATION_BABYLON_STK_NAME, UNIT_SCOUT (458756), 44, 13, -9999, -9999, 2304, ffffffff
051, LOC_CIVILIZATION_BABYLON_STK_NAME, UNIT_SCOUT (458756), 44, 13, -9999, -9999, 2370, ffffffff
051, LOC_CIVILIZATION_BABYLON_STK_NAME, UNIT_SCOUT (458756), 44, 13, 27, 70, 256, 34f80515
051, LOC_CIVILIZATION_BABYLON_STK_NAME, UNIT_SCOUT (458756), 44, 13, -9999, -9999, 2370, ffffffff
051, LOC_CIVILIZATION_BABYLON_STK_NAME, UNIT_SCOUT (458756), 44, 13, 27, 70, 256, 34f80515
051, LOC_CIVILIZATION_BABYLON_STK_NAME, UNIT_BUILDER (2883596), 72, 54, 71, 53, 16640, 3a8e9cdb
051, LOC_CIVILIZATION_BABYLON_STK_NAME, UNIT_BUILDER (2883596), 72, 54, -9999, -9999, 2320, ffffffff
051, LOC_CIVILIZATION_BABYLON_STK_NAME, UNIT_BUILDER (2883596), 72, 54, -9999, -9999, 2321, ffffffff
051, LOC_CIVILIZATION_BABYLON_STK_NAME, UNIT_BUILDER (2883596), 72, 54, -9999, -9999, 2304, ffffffff
051, LOC_CIVILIZATION_BABYLON_STK_NAME, UNIT_BUILDER (2883596), 72, 54, 74, 54, 16640,  8de48af
051, LOC_CIVILIZATION_BABYLON_STK_NAME, UNIT_BUILDER (2883596), 74, 54, -9999, -9999, 2064, ffffffff
051, LOC_CIVILIZATION_BABYLON_STK_NAME, UNIT_BUILDER (2883596), 74, 54, -9999, -9999, 2065, ffffffff
051, LOC_CIVILIZATION_BABYLON_STK_NAME, UNIT_BUILDER (2883596), 74, 54, -9999, -9999, 2048, ffffffff
051, LOC_CIVILIZATION_BABYLON_STK_NAME, UNIT_BUILDER (2883596), 74, 54, -9999, -9999, 2064, ffffffff
051, LOC_CIVILIZATION_BABYLON_STK_NAME, UNIT_BUILDER (2883596), 74, 54, -9999, -9999, 2065, ffffffff
051, LOC_CIVILIZATION_BABYLON_STK_NAME, UNIT_BUILDER (2883596), 74, 54, -9999, -9999, 2048, ffffffff
051, LOC_CIVILIZATION_BABYLON_STK_NAME, UNIT_BUILDER (2883596), 74, 54, -9999, -9999, 2064, ffffffff
051, LOC_CIVILIZATION_BABYLON_STK_NAME, UNIT_BUILDER (2883596), 74, 54, -9999, -9999, 2065, ffffffff
051, LOC_CIVILIZATION_BABYLON_STK_NAME, UNIT_BUILDER (2883596), 74, 54, -9999, -9999, 2048, ffffffff
051, LOC_CIVILIZATION_BABYLON_STK_NAME, UNIT_BUILDER (2883596), 74, 54, 73, 54, 16384,  39934cc
051, LOC_CIVILIZATION_BABYLON_STK_NAME, UNIT_BUILDER (2949130), 71, 50, 69, 51, 16384, e2dd9972
051, LOC_CIVILIZATION_BABYLON_STK_NAME, UNIT_BUILDER (2883596), 74, 54, 73, 54, 16384,  39934cc
051, LOC_CIVILIZATION_BABYLON_STK_NAME, UNIT_BUILDER (3014663), 74, 56, 75, 58, 16384, c214b47d
051, LOC_CIVILIZATION_BABYLON_STK_NAME, UNIT_BABYLONIAN_SABUM_KIBITTUM (196608), 32, 70, -9999, -9999, 2064, ffffffff
051, LOC_CIVILIZATION_BABYLON_STK_NAME, UNIT_BABYLONIAN_SABUM_KIBITTUM (196608), 32, 70, -9999, -9999, 2065, ffffffff
051, LOC_CIVILIZATION_BABYLON_STK_NAME, UNIT_BABYLONIAN_SABUM_KIBITTUM (196608), 32, 70, -9999, -9999, 2048, ffffffff
051, LOC_CIVILIZATION_BABYLON_STK_NAME, UNIT_BABYLONIAN_SABUM_KIBITTUM (196608), 32, 70, -9999, -9999, 2114, ffffffff
051, LOC_CIVILIZATION_BABYLON_STK_NAME, UNIT_BABYLONIAN_SABUM_KIBITTUM (196608), 32, 70, 27, 70, 0, d38db1b0
051, LOC_CIVILIZATION_BABYLON_STK_NAME, UNIT_BABYLONIAN_SABUM_KIBITTUM (196608), 32, 70, 33, 68, 16400, 301db7e9
051, LOC_CIVILIZATION_BABYLON_STK_NAME, UNIT_BABYLONIAN_SABUM_KIBITTUM (196608), 33, 68, -9999, -9999, 2064, ffffffff
051, LOC_CIVILIZATION_BABYLON_STK_NAME, UNIT_BABYLONIAN_SABUM_KIBITTUM (196608), 33, 68, -9999, -9999, 2065, ffffffff
051, LOC_CIVILIZATION_BABYLON_STK_NAME, UNIT_BABYLONIAN_SABUM_KIBITTUM (196608), 33, 68, -9999, -9999, 2048, ffffffff
051, LOC_CIVILIZATION_BABYLON_STK_NAME, UNIT_BABYLONIAN_SABUM_KIBITTUM (196608), 33, 68, 33, 67, 16400, aa5678c6
052, LOC_CIVILIZATION_BABYLON_STK_NAME, UNIT_BUILDER (2293780), 82, 44, -9999, -9999, 2320, ffffffff
052, LOC_CIVILIZATION_BABYLON_STK_NAME, UNIT_BUILDER (2293780), 82, 44, -9999, -9999, 2321, ffffffff
052, LOC_CIVILIZATION_BABYLON_STK_NAME, UNIT_BUILDER (2293780), 82, 44, -9999, -9999, 2304, ffffffff
052, LOC_CIVILIZATION_BABYLON_STK_NAME, UNIT_BUILDER (2293780), 82, 44, -9999, -9999, 2320, ffffffff
052, LOC_CIVILIZATION_BABYLON_STK_NAME, UNIT_BUILDER (2293780), 82, 44, -9999, -9999, 2321, ffffffff
052, LOC_CIVILIZATION_BABYLON_STK_NAME, UNIT_BUILDER (2293780), 82, 44, -9999, -9999, 2304, ffffffff
052, LOC_CIVILIZATION_BABYLON_STK_NAME, UNIT_BUILDER (2293780), 82, 44, 80, 45, 16640, 7879a2cb
052, LOC_CIVILIZATION_BABYLON_STK_NAME, UNIT_BUILDER (2424843), 75, 61, -9999, -9999, 2320, ffffffff
052, LOC_CIVILIZATION_BABYLON_STK_NAME, UNIT_BUILDER (2424843), 75, 61, -9999, -9999, 2321, ffffffff
052, LOC_CIVILIZATION_BABYLON_STK_NAME, UNIT_BUILDER (2424843), 75, 61, -9999, -9999, 2304, ffffffff
052, LOC_CIVILIZATION_BABYLON_STK_NAME, UNIT_BUILDER (2883596), 74, 54, 73, 54, 16640,  39934cc
052, LOC_CIVILIZATION_BABYLON_STK_NAME, UNIT_BUILDER (2883596), 74, 54, -9999, -9999, 2320, ffffffff
052, LOC_CIVILIZATION_BABYLON_STK_NAME, UNIT_BUILDER (2883596), 74, 54, -9999, -9999, 2321, ffffffff
052, LOC_CIVILIZATION_BABYLON_STK_NAME, UNIT_BUILDER (2883596), 74, 54, -9999, -9999, 2304, ffffffff
052, LOC_CIVILIZATION_BABYLON_STK_NAME, UNIT_BUILDER (2883596), 73, 54, -9999, -9999, 2064, ffffffff
052, LOC_CIVILIZATION_BABYLON_STK_NAME, UNIT_BUILDER (2883596), 73, 54, -9999, -9999, 2065, ffffffff
052, LOC_CIVILIZATION_BABYLON_STK_NAME, UNIT_BUILDER (2883596), 73, 54, -9999, -9999, 2048, ffffffff
052, LOC_CIVILIZATION_BABYLON_STK_NAME, UNIT_BUILDER (2883596), 73, 54, -9999, -9999, 2064, ffffffff
052, LOC_CIVILIZATION_BABYLON_STK_NAME, UNIT_BUILDER (2883596), 73, 54, -9999, -9999, 2065, ffffffff
052, LOC_CIVILIZATION_BABYLON_STK_NAME, UNIT_BUILDER (2883596), 73, 54, -9999, -9999, 2048, ffffffff
052, LOC_CIVILIZATION_BABYLON_STK_NAME, UNIT_BUILDER (3014663), 74, 56, 75, 58, 16640, c214b47d
052, LOC_CIVILIZATION_BABYLON_STK_NAME, UNIT_BUILDER (3014663), 74, 56, -9999, -9999, 2320, ffffffff
052, LOC_CIVILIZATION_BABYLON_STK_NAME, UNIT_BUILDER (3014663), 74, 56, -9999, -9999, 2321, ffffffff
052, LOC_CIVILIZATION_BABYLON_STK_NAME, UNIT_BUILDER (3014663), 74, 56, -9999, -9999, 2304, ffffffff
052, LOC_CIVILIZATION_BABYLON_STK_NAME, UNIT_BUILDER (3014663), 74, 56, 75, 58, 16640, c214b47d
052, LOC_CIVILIZATION_BABYLON_STK_NAME, UNIT_BUILDER (3014663), 74, 56, -9999, -9999, 2320, ffffffff
052, LOC_CIVILIZATION_BABYLON_STK_NAME, UNIT_BUILDER (3014663), 74, 56, -9999, -9999, 2321, ffffffff
052, LOC_CIVILIZATION_BABYLON_STK_NAME, UNIT_BUILDER (3014663), 74, 56, -9999, -9999, 2304, ffffffff
052, LOC_CIVILIZATION_BABYLON_STK_NAME, UNIT_BUILDER (3014663), 75, 58, -9999, -9999, 2064, ffffffff
052, LOC_CIVILIZATION_BABYLON_STK_NAME, UNIT_BUILDER (3014663), 75, 58, -9999, -9999, 2065, ffffffff
052, LOC_CIVILIZATION_BABYLON_STK_NAME, UNIT_BUILDER (3014663), 75, 58, -9999, -9999, 2048, ffffffff
052, LOC_CIVILIZATION_BABYLON_STK_NAME, UNIT_BUILDER (3014663), 75, 58, -9999, -9999, 2064, ffffffff
052, LOC_CIVILIZATION_BABYLON_STK_NAME, UNIT_BUILDER (3014663), 75, 58, -9999, -9999, 2065, ffffffff
052, LOC_CIVILIZATION_BABYLON_STK_NAME, UNIT_BUILDER (3014663), 75, 58, -9999, -9999, 2048, ffffffff
052, LOC_CIVILIZATION_BABYLON_STK_NAME, UNIT_BUILDER (3014663), 75, 58, -9999, -9999, 2064, ffffffff
052, LOC_CIVILIZATION_BABYLON_STK_NAME, UNIT_BUILDER (3014663), 75, 58, -9999, -9999, 2065, ffffffff
052, LOC_CIVILIZATION_BABYLON_STK_NAME, UNIT_BUILDER (3014663), 75, 58, -9999, -9999, 2048, ffffffff
052, LOC_CIVILIZATION_BABYLON_STK_NAME, UNIT_BUILDER (3014663), 75, 58, -9999, -9999, 2064, ffffffff
052, LOC_CIVILIZATION_BABYLON_STK_NAME, UNIT_BUILDER (3014663), 75, 58, -9999, -9999, 2065, ffffffff
052, LOC_CIVILIZATION_BABYLON_STK_NAME, UNIT_BUILDER (3014663), 75, 58, -9999, -9999, 2048, ffffffff
052, LOC_CIVILIZATION_BABYLON_STK_NAME, UNIT_GREAT_ENGINEER (3211266), 76, 46, -9999, -9999, 2320, ffffffff
052, LOC_CIVILIZATION_BABYLON_STK_NAME, UNIT_GREAT_ENGINEER (3211266), 76, 46, -9999, -9999, 2321, ffffffff
052, LOC_CIVILIZATION_BABYLON_STK_NAME, UNIT_GREAT_ENGINEER (3211266), 76, 46, -9999, -9999, 2304, ffffffff
052, LOC_CIVILIZATION_BABYLON_STK_NAME, UNIT_GREAT_ENGINEER (3211266), 76, 46, 67, 49, 16640, 197a671b
052, LOC_CIVILIZATION_BABYLON_STK_NAME, UNIT_GREAT_ENGINEER (3211266), 76, 46, 68, 48, 16640, b84d4316
052, LOC_CIVILIZATION_BABYLON_STK_NAME, UNIT_GREAT_ENGINEER (3211266), 72, 47, -9999, -9999, 2064, ffffffff
052, LOC_CIVILIZATION_BABYLON_STK_NAME, UNIT_GREAT_ENGINEER (3211266), 72, 47, -9999, -9999, 2065, ffffffff
052, LOC_CIVILIZATION_BABYLON_STK_NAME, UNIT_GREAT_ENGINEER (3211266), 72, 47, -9999, -9999, 2048, ffffffff
052, LOC_CIVILIZATION_BABYLON_STK_NAME, UNIT_GREAT_ENGINEER (3211266), 72, 47, -9999, -9999, 2064, ffffffff
052, LOC_CIVILIZATION_BABYLON_STK_NAME, UNIT_GREAT_ENGINEER (3211266), 72, 47, -9999, -9999, 2065, ffffffff
052, LOC_CIVILIZATION_BABYLON_STK_NAME, UNIT_GREAT_ENGINEER (3211266), 72, 47, -9999, -9999, 2048, ffffffff
052, LOC_CIVILIZATION_BABYLON_STK_NAME, UNIT_GREAT_ENGINEER (3211266), 72, 47, -9999, -9999, 2064, ffffffff
052, LOC_CIVILIZATION_BABYLON_STK_NAME, UNIT_GREAT_ENGINEER (3211266), 72, 47, -9999, -9999, 2065, ffffffff
052, LOC_CIVILIZATION_BABYLON_STK_NAME, UNIT_GREAT_ENGINEER (3211266), 72, 47, -9999, -9999, 2048, ffffffff
052, LOC_CIVILIZATION_BABYLON_STK_NAME, UNIT_BUILDER (3014663), 75, 58, -9999, -9999, 2064, ffffffff
052, LOC_CIVILIZATION_BABYLON_STK_NAME, UNIT_BUILDER (3014663), 75, 58, -9999, -9999, 2065, ffffffff
052, LOC_CIVILIZATION_BABYLON_STK_NAME, UNIT_BUILDER (3014663), 75, 58, -9999, -9999, 2048, ffffffff
052, LOC_CIVILIZATION_BABYLON_STK_NAME, UNIT_BUILDER (3014663), 75, 58, -9999, -9999, 2064, ffffffff
052, LOC_CIVILIZATION_BABYLON_STK_NAME, UNIT_BUILDER (3014663), 75, 58, -9999, -9999, 2065, ffffffff
052, LOC_CIVILIZATION_BABYLON_STK_NAME, UNIT_BUILDER (3014663), 75, 58, -9999, -9999, 2048, ffffffff
052, LOC_CIVILIZATION_BABYLON_STK_NAME, UNIT_BUILDER (3014663), 75, 58, -9999, -9999, 2064, ffffffff
052, LOC_CIVILIZATION_BABYLON_STK_NAME, UNIT_BUILDER (3014663), 75, 58, -9999, -9999, 2065, ffffffff
052, LOC_CIVILIZATION_BABYLON_STK_NAME, UNIT_BUILDER (3014663), 75, 58, -9999, -9999, 2048, ffffffff
052, LOC_CIVILIZATION_BABYLON_STK_NAME, UNIT_BUILDER (2293780), 81, 45, 80, 45, 16384, 2752f790
052, LOC_CIVILIZATION_BABYLON_STK_NAME, UNIT_BUILDER (2359311), 75, 50, 75, 51, 16640, cda10063
052, LOC_CIVILIZATION_BABYLON_STK_NAME, UNIT_BUILDER (2359311), 75, 50, -9999, -9999, 2320, ffffffff
052, LOC_CIVILIZATION_BABYLON_STK_NAME, UNIT_BUILDER (2359311), 75, 50, -9999, -9999, 2321, ffffffff
052, LOC_CIVILIZATION_BABYLON_STK_NAME, UNIT_BUILDER (2359311), 75, 50, -9999, -9999, 2304, ffffffff
052, LOC_CIVILIZATION_BABYLON_STK_NAME, UNIT_BUILDER (2359311), 75, 50, 75, 51, 16640, cda10063
052, LOC_CIVILIZATION_BABYLON_STK_NAME, UNIT_GREAT_ENGINEER (3211266), 72, 47, 68, 48, 16384, d5614787
052, LOC_CIVILIZATION_BABYLON_STK_NAME, UNIT_BUILDER (2359311), 75, 50, 75, 51, 16640, cda10063
052, LOC_CIVILIZATION_BABYLON_STK_NAME, UNIT_BUILDER (2359311), 75, 50, -9999, -9999, 2320, ffffffff
052, LOC_CIVILIZATION_BABYLON_STK_NAME, UNIT_BUILDER (2359311), 75, 50, -9999, -9999, 2321, ffffffff
052, LOC_CIVILIZATION_BABYLON_STK_NAME, UNIT_BUILDER (2359311), 75, 50, -9999, -9999, 2304, ffffffff
052, LOC_CIVILIZATION_BABYLON_STK_NAME, UNIT_BUILDER (2359311), 75, 50, -9999, -9999, 2320, ffffffff
052, LOC_CIVILIZATION_BABYLON_STK_NAME, UNIT_BUILDER (2359311), 75, 50, -9999, -9999, 2321, ffffffff
052, LOC_CIVILIZATION_BABYLON_STK_NAME, UNIT_BUILDER (2359311), 75, 50, -9999, -9999, 2304, ffffffff
052, LOC_CIVILIZATION_BABYLON_STK_NAME, UNIT_BUILDER (2359311), 75, 50, 75, 51, 16384, cda10063
052, LOC_CIVILIZATION_BABYLON_STK_NAME, UNIT_BUILDER (2949130), 69, 51, -9999, -9999, 2064, ffffffff
052, LOC_CIVILIZATION_BABYLON_STK_NAME, UNIT_BUILDER (2949130), 69, 51, -9999, -9999, 2065, ffffffff
052, LOC_CIVILIZATION_BABYLON_STK_NAME, UNIT_BUILDER (2949130), 69, 51, -9999, -9999, 2048, ffffffff
052, LOC_CIVILIZATION_BABYLON_STK_NAME, UNIT_BUILDER (2949130), 69, 51, 68, 52, 16384, a1cfe376
052, LOC_CIVILIZATION_BABYLON_STK_NAME, UNIT_BUILDER (2949130), 69, 51, 68, 52, 16384, a1cfe376
052, LOC_CIVILIZATION_BABYLON_STK_NAME, UNIT_BUILDER (2949130), 69, 51, 68, 52, 16384, a1cfe376
052, LOC_CIVILIZATION_BABYLON_STK_NAME, UNIT_BUILDER (2424843), 75, 61, 76, 61, 16384, 7af674c5
052, LOC_CIVILIZATION_BABYLON_STK_NAME, UNIT_BUILDER (3014663), 75, 58, 74, 57, 16384, 6849a993
052, LOC_CIVILIZATION_BABYLON_STK_NAME, UNIT_BABYLONIAN_SABUM_KIBITTUM (196608), 33, 67, -9999, -9999, 2064, ffffffff
052, LOC_CIVILIZATION_BABYLON_STK_NAME, UNIT_BABYLONIAN_SABUM_KIBITTUM (196608), 33, 67, -9999, -9999, 2065, ffffffff
052, LOC_CIVILIZATION_BABYLON_STK_NAME, UNIT_BABYLONIAN_SABUM_KIBITTUM (196608), 33, 67, -9999, -9999, 2048, ffffffff
052, LOC_CIVILIZATION_BABYLON_STK_NAME, UNIT_BABYLONIAN_SABUM_KIBITTUM (196608), 33, 67, -9999, -9999, 2114, ffffffff
052, LOC_CIVILIZATION_BABYLON_STK_NAME, UNIT_BABYLONIAN_SABUM_KIBITTUM (196608), 33, 67, 27, 69, 0, ec32ebd7
052, LOC_CIVILIZATION_BABYLON_STK_NAME, UNIT_BABYLONIAN_SABUM_KIBITTUM (196608), 33, 67, 32, 66, 16400, b534fbfc
052, LOC_CIVILIZATION_BABYLON_STK_NAME, UNIT_BABYLONIAN_SABUM_KIBITTUM (196608), 32, 66, -9999, -9999, 2064, ffffffff
052, LOC_CIVILIZATION_BABYLON_STK_NAME, UNIT_BABYLONIAN_SABUM_KIBITTUM (196608), 32, 66, -9999, -9999, 2065, ffffffff
052, LOC_CIVILIZATION_BABYLON_STK_NAME, UNIT_BABYLONIAN_SABUM_KIBITTUM (196608), 32, 66, -9999, -9999, 2048, ffffffff
053, LOC_CIVILIZATION_BABYLON_STK_NAME, UNIT_BABYLONIAN_SABUM_KIBITTUM (196608), 32, 66, -9999, -9999, 2320, ffffffff
053, LOC_CIVILIZATION_BABYLON_STK_NAME, UNIT_BABYLONIAN_SABUM_KIBITTUM (196608), 32, 66, -9999, -9999, 2321, ffffffff
053, LOC_CIVILIZATION_BABYLON_STK_NAME, UNIT_BABYLONIAN_SABUM_KIBITTUM (196608), 32, 66, -9999, -9999, 2304, ffffffff
053, LOC_CIVILIZATION_BABYLON_STK_NAME, UNIT_BABYLONIAN_SABUM_KIBITTUM (196608), 32, 66, -9999, -9999, 2370, ffffffff
053, LOC_CIVILIZATION_BABYLON_STK_NAME, UNIT_BABYLONIAN_SABUM_KIBITTUM (196608), 32, 66, -9999, -9999, 2370, ffffffff
053, LOC_CIVILIZATION_BABYLON_STK_NAME, UNIT_BABYLONIAN_SABUM_KIBITTUM (196608), 32, 66, -9999, -9999, 2320, ffffffff
053, LOC_CIVILIZATION_BABYLON_STK_NAME, UNIT_BABYLONIAN_SABUM_KIBITTUM (196608), 32, 66, -9999, -9999, 2321, ffffffff
053, LOC_CIVILIZATION_BABYLON_STK_NAME, UNIT_BABYLONIAN_SABUM_KIBITTUM (196608), 32, 66, -9999, -9999, 2304, ffffffff
053, LOC_CIVILIZATION_BABYLON_STK_NAME, UNIT_BABYLONIAN_SABUM_KIBITTUM (196608), 32, 66, -9999, -9999, 2370, ffffffff
053, LOC_CIVILIZATION_BABYLON_STK_NAME, UNIT_BABYLONIAN_SABUM_KIBITTUM (196608), 32, 66, 32, 67, 16656, 881ab8bb
053, LOC_CIVILIZATION_BABYLON_STK_NAME, UNIT_BABYLONIAN_SABUM_KIBITTUM (196608), 32, 67, -9999, -9999, 2064, ffffffff
053, LOC_CIVILIZATION_BABYLON_STK_NAME, UNIT_BABYLONIAN_SABUM_KIBITTUM (196608), 32, 67, -9999, -9999, 2065, ffffffff
053, LOC_CIVILIZATION_BABYLON_STK_NAME, UNIT_BABYLONIAN_SABUM_KIBITTUM (196608), 32, 67, -9999, -9999, 2048, ffffffff
053, LOC_CIVILIZATION_BABYLON_STK_NAME, UNIT_BABYLONIAN_SABUM_KIBITTUM (196608), 32, 67, -9999, -9999, 2114, ffffffff
053, LOC_CIVILIZATION_BABYLON_STK_NAME, UNIT_BABYLONIAN_SABUM_KIBITTUM (196608), 32, 67, 26, 69, 0, 62157a8d
053, LOC_CIVILIZATION_BABYLON_STK_NAME, UNIT_BABYLONIAN_SABUM_KIBITTUM (196608), 32, 67, -9999, -9999, 2064, ffffffff
053, LOC_CIVILIZATION_BABYLON_STK_NAME, UNIT_BABYLONIAN_SABUM_KIBITTUM (196608), 32, 67, -9999, -9999, 2114, ffffffff
053, LOC_CIVILIZATION_BABYLON_STK_NAME, UNIT_BABYLONIAN_SABUM_KIBITTUM (196608), 32, 67, 26, 69, 0, 62157a8d
053, LOC_CIVILIZATION_BABYLON_STK_NAME, UNIT_BABYLONIAN_SABUM_KIBITTUM (196608), 32, 67, -9999, -9999, 2064, ffffffff
053, LOC_CIVILIZATION_BABYLON_STK_NAME, UNIT_BABYLONIAN_SABUM_KIBITTUM (196608), 32, 67, 33, 67, 16400, 5dab8964
053, LOC_CIVILIZATION_BABYLON_STK_NAME, UNIT_BABYLONIAN_SABUM_KIBITTUM (196608), 33, 67, -9999, -9999, 2064, ffffffff
053, LOC_CIVILIZATION_BABYLON_STK_NAME, UNIT_BABYLONIAN_SABUM_KIBITTUM (196608), 33, 67, -9999, -9999, 2114, ffffffff
053, LOC_CIVILIZATION_BABYLON_STK_NAME, UNIT_BABYLONIAN_SABUM_KIBITTUM (196608), 33, 67, 26, 69, 0, e61a38fa
053, LOC_CIVILIZATION_BABYLON_STK_NAME, UNIT_BABYLONIAN_SABUM_KIBITTUM (196608), 33, 67, -9999, -9999, 2064, ffffffff
053, LOC_CIVILIZATION_BABYLON_STK_NAME, UNIT_BABYLONIAN_SABUM_KIBITTUM (196608), 33, 67, -9999, -9999, 2065, ffffffff
053, LOC_CIVILIZATION_BABYLON_STK_NAME, UNIT_BABYLONIAN_SABUM_KIBITTUM (196608), 33, 67, -9999, -9999, 2048, ffffffff
053, LOC_CIVILIZATION_BABYLON_STK_NAME, UNIT_BABYLONIAN_SABUM_KIBITTUM (196608), 33, 67, -9999, -9999, 2114, ffffffff
053, LOC_CIVILIZATION_BABYLON_STK_NAME, UNIT_BABYLONIAN_SABUM_KIBITTUM (196608), 33, 67, 26, 69, 0, e61a38fa
053, LOC_CIVILIZATION_BABYLON_STK_NAME, UNIT_BABYLONIAN_SABUM_KIBITTUM (196608), 33, 67, 32, 67, 4, 29bdee9f
053, LOC_CIVILIZATION_BABYLON_STK_NAME, UNIT_BABYLONIAN_SABUM_KIBITTUM (196608), 33, 67, 32, 67, 16400, 29bdee9f
053, LOC_CIVILIZATION_BABYLON_STK_NAME, UNIT_BABYLONIAN_SABUM_KIBITTUM (196608), 33, 67, 32, 67, 4, 29bdee9f
053, LOC_CIVILIZATION_BABYLON_STK_NAME, UNIT_BUILDER (2883596), 73, 54, -9999, -9999, 2320, ffffffff
053, LOC_CIVILIZATION_BABYLON_STK_NAME, UNIT_BUILDER (2883596), 73, 54, -9999, -9999, 2321, ffffffff
053, LOC_CIVILIZATION_BABYLON_STK_NAME, UNIT_BUILDER (2883596), 73, 54, -9999, -9999, 2304, ffffffff
053, LOC_CIVILIZATION_BABYLON_STK_NAME, UNIT_BUILDER (2883596), 73, 54, -9999, -9999, 2320, ffffffff
053, LOC_CIVILIZATION_BABYLON_STK_NAME, UNIT_BUILDER (2883596), 73, 54, -9999, -9999, 2321, ffffffff
053, LOC_CIVILIZATION_BABYLON_STK_NAME, UNIT_BUILDER (2883596), 73, 54, -9999, -9999, 2304, ffffffff
053, LOC_CIVILIZATION_BABYLON_STK_NAME, UNIT_BUILDER (2883596), 73, 54, -9999, -9999, 2320, ffffffff
053, LOC_CIVILIZATION_BABYLON_STK_NAME, UNIT_BUILDER (2883596), 73, 54, -9999, -9999, 2321, ffffffff
053, LOC_CIVILIZATION_BABYLON_STK_NAME, UNIT_BUILDER (2883596), 73, 54, -9999, -9999, 2304, ffffffff
053, LOC_CIVILIZATION_BABYLON_STK_NAME, UNIT_BUILDER (2883596), 73, 54, -9999, -9999, 2320, ffffffff
053, LOC_CIVILIZATION_BABYLON_STK_NAME, UNIT_BUILDER (2883596), 73, 54, -9999, -9999, 2321, ffffffff
053, LOC_CIVILIZATION_BABYLON_STK_NAME, UNIT_BUILDER (2883596), 73, 54, -9999, -9999, 2304, ffffffff
053, LOC_CIVILIZATION_BABYLON_STK_NAME, UNIT_BUILDER (3407896), 72, 57, -9999, -9999, 2320, ffffffff
053, LOC_CIVILIZATION_BABYLON_STK_NAME, UNIT_BUILDER (3407896), 72, 57, -9999, -9999, 2321, ffffffff
053, LOC_CIVILIZATION_BABYLON_STK_NAME, UNIT_BUILDER (3407896), 72, 57, -9999, -9999, 2304, ffffffff
053, LOC_CIVILIZATION_BABYLON_STK_NAME, UNIT_BUILDER (3407896), 72, 57, 72, 54, 16640, 919cb4d3
053, LOC_CIVILIZATION_BABYLON_STK_NAME, UNIT_BUILDER (3407896), 72, 57, 72, 55, 16640, 7a1fc02f
053, LOC_CIVILIZATION_BABYLON_STK_NAME, UNIT_BUILDER (3407896), 72, 57, 72, 56, 16640, d8a88166
053, LOC_CIVILIZATION_BABYLON_STK_NAME, UNIT_TAOIST (2818066), 72, 58, -9999, -9999, 2320, ffffffff
053, LOC_CIVILIZATION_BABYLON_STK_NAME, UNIT_TAOIST (2818066), 72, 58, -9999, -9999, 2321, ffffffff
053, LOC_CIVILIZATION_BABYLON_STK_NAME, UNIT_TAOIST (2818066), 72, 58, -9999, -9999, 2304, ffffffff
053, LOC_CIVILIZATION_BABYLON_STK_NAME, UNIT_BUILDER (3276822), 73, 49, -9999, -9999, 2320, ffffffff
053, LOC_CIVILIZATION_BABYLON_STK_NAME, UNIT_BUILDER (3276822), 73, 49, -9999, -9999, 2321, ffffffff
053, LOC_CIVILIZATION_BABYLON_STK_NAME, UNIT_BUILDER (3276822), 73, 49, -9999, -9999, 2304, ffffffff
053, LOC_CIVILIZATION_BABYLON_STK_NAME, UNIT_BUILDER (3407896), 72, 57, -9999, -9999, 2320, ffffffff
053, LOC_CIVILIZATION_BABYLON_STK_NAME, UNIT_BUILDER (3407896), 72, 57, -9999, -9999, 2321, ffffffff
053, LOC_CIVILIZATION_BABYLON_STK_NAME, UNIT_BUILDER (3407896), 72, 57, -9999, -9999, 2304, ffffffff
053, LOC_CIVILIZATION_BABYLON_STK_NAME, UNIT_BUILDER (3407896), 72, 57, 72, 58, 16640, 9560206d
053, LOC_CIVILIZATION_BABYLON_STK_NAME, UNIT_BUILDER (3407896), 72, 58, -9999, -9999, 2064, ffffffff
053, LOC_CIVILIZATION_BABYLON_STK_NAME, UNIT_BUILDER (3407896), 72, 58, -9999, -9999, 2065, ffffffff
053, LOC_CIVILIZATION_BABYLON_STK_NAME, UNIT_BUILDER (3407896), 72, 58, -9999, -9999, 2048, ffffffff
053, LOC_CIVILIZATION_BABYLON_STK_NAME, UNIT_BUILDER (3407896), 72, 58, -9999, -9999, 2064, ffffffff
053, LOC_CIVILIZATION_BABYLON_STK_NAME, UNIT_BUILDER (3407896), 72, 58, -9999, -9999, 2065, ffffffff
053, LOC_CIVILIZATION_BABYLON_STK_NAME, UNIT_BUILDER (3407896), 72, 58, -9999, -9999, 2048, ffffffff
053, LOC_CIVILIZATION_BABYLON_STK_NAME, UNIT_BUILDER (3407896), 72, 58, 70, 59, 16384, 36d713db
053, LOC_CIVILIZATION_BABYLON_STK_NAME, UNIT_BUILDER (3014663), 75, 58, 74, 57, 16640, 6849a993
053, LOC_CIVILIZATION_BABYLON_STK_NAME, UNIT_BUILDER (3014663), 75, 58, -9999, -9999, 2320, ffffffff
053, LOC_CIVILIZATION_BABYLON_STK_NAME, UNIT_BUILDER (3014663), 75, 58, -9999, -9999, 2321, ffffffff
053, LOC_CIVILIZATION_BABYLON_STK_NAME, UNIT_BUILDER (3014663), 75, 58, -9999, -9999, 2304, ffffffff
053, LOC_CIVILIZATION_BABYLON_STK_NAME, UNIT_BUILDER (3014663), 74, 57, -9999, -9999, 2064, ffffffff
053, LOC_CIVILIZATION_BABYLON_STK_NAME, UNIT_BUILDER (3014663), 74, 57, -9999, -9999, 2065, ffffffff
053, LOC_CIVILIZATION_BABYLON_STK_NAME, UNIT_BUILDER (3014663), 74, 57, -9999, -9999, 2048, ffffffff
053, LOC_CIVILIZATION_BABYLON_STK_NAME, UNIT_BUILDER (3014663), 74, 57, -9999, -9999, 2064, ffffffff
053, LOC_CIVILIZATION_BABYLON_STK_NAME, UNIT_BUILDER (3014663), 74, 57, -9999, -9999, 2065, ffffffff
053, LOC_CIVILIZATION_BABYLON_STK_NAME, UNIT_BUILDER (3014663), 74, 57, -9999, -9999, 2048, ffffffff
053, LOC_CIVILIZATION_BABYLON_STK_NAME, UNIT_BUILDER (3014663), 74, 57, -9999, -9999, 2064, ffffffff
053, LOC_CIVILIZATION_BABYLON_STK_NAME, UNIT_BUILDER (3014663), 74, 57, -9999, -9999, 2065, ffffffff
053, LOC_CIVILIZATION_BABYLON_STK_NAME, UNIT_BUILDER (3014663), 74, 57, -9999, -9999, 2048, ffffffff
053, LOC_CIVILIZATION_BABYLON_STK_NAME, UNIT_BUILDER (2883596), 73, 54, -9999, -9999, 2320, ffffffff
053, LOC_CIVILIZATION_BABYLON_STK_NAME, UNIT_BUILDER (2883596), 73, 54, -9999, -9999, 2321, ffffffff
053, LOC_CIVILIZATION_BABYLON_STK_NAME, UNIT_BUILDER (2883596), 73, 54, -9999, -9999, 2304, ffffffff
053, LOC_CIVILIZATION_BABYLON_STK_NAME, UNIT_BUILDER (2424843), 75, 61, 76, 61, 16640, 7af674c5
053, LOC_CIVILIZATION_BABYLON_STK_NAME, UNIT_BUILDER (2424843), 75, 61, -9999, -9999, 2320, ffffffff
053, LOC_CIVILIZATION_BABYLON_STK_NAME, UNIT_BUILDER (2424843), 75, 61, -9999, -9999, 2321, ffffffff
053, LOC_CIVILIZATION_BABYLON_STK_NAME, UNIT_BUILDER (2424843), 75, 61, -9999, -9999, 2304, ffffffff
053, LOC_CIVILIZATION_BABYLON_STK_NAME, UNIT_BUILDER (2424843), 76, 61, -9999, -9999, 2064, ffffffff
053, LOC_CIVILIZATION_BABYLON_STK_NAME, UNIT_BUILDER (2424843), 76, 61, -9999, -9999, 2065, ffffffff
053, LOC_CIVILIZATION_BABYLON_STK_NAME, UNIT_BUILDER (2424843), 76, 61, -9999, -9999, 2048, ffffffff
053, LOC_CIVILIZATION_BABYLON_STK_NAME, UNIT_BUILDER (2424843), 76, 61, -9999, -9999, 2064, ffffffff
053, LOC_CIVILIZATION_BABYLON_STK_NAME, UNIT_BUILDER (2424843), 76, 61, -9999, -9999, 2065, ffffffff
053, LOC_CIVILIZATION_BABYLON_STK_NAME, UNIT_BUILDER (2424843), 76, 61, -9999, -9999, 2048, ffffffff
053, LOC_CIVILIZATION_BABYLON_STK_NAME, UNIT_BUILDER (3276822), 73, 49, -9999, -9999, 2320, ffffffff
053, LOC_CIVILIZATION_BABYLON_STK_NAME, UNIT_BUILDER (3276822), 73, 49, -9999, -9999, 2321, ffffffff
053, LOC_CIVILIZATION_BABYLON_STK_NAME, UNIT_BUILDER (3276822), 73, 49, -9999, -9999, 2304, ffffffff
053, LOC_CIVILIZATION_BABYLON_STK_NAME, UNIT_BUILDER (3276822), 73, 49, -9999, -9999, 2320, ffffffff
053, LOC_CIVILIZATION_BABYLON_STK_NAME, UNIT_BUILDER (3276822), 73, 49, -9999, -9999, 2321, ffffffff
053, LOC_CIVILIZATION_BABYLON_STK_NAME, UNIT_BUILDER (3276822), 73, 49, -9999, -9999, 2304, ffffffff
053, LOC_CIVILIZATION_BABYLON_STK_NAME, UNIT_BUILDER (3145737), 78, 55, -9999, -9999, 2320, ffffffff
053, LOC_CIVILIZATION_BABYLON_STK_NAME, UNIT_BUILDER (3145737), 78, 55, -9999, -9999, 2321, ffffffff
053, LOC_CIVILIZATION_BABYLON_STK_NAME, UNIT_BUILDER (3145737), 78, 55, -9999, -9999, 2304, ffffffff
053, LOC_CIVILIZATION_BABYLON_STK_NAME, UNIT_BUILDER (3145737), 78, 55, 78, 54, 16640, 9f259bc3
053, LOC_CIVILIZATION_BABYLON_STK_NAME, UNIT_BUILDER (3145737), 78, 54, -9999, -9999, 2064, ffffffff
053, LOC_CIVILIZATION_BABYLON_STK_NAME, UNIT_BUILDER (3145737), 78, 54, -9999, -9999, 2065, ffffffff
053, LOC_CIVILIZATION_BABYLON_STK_NAME, UNIT_BUILDER (3145737), 78, 54, -9999, -9999, 2048, ffffffff
053, LOC_CIVILIZATION_BABYLON_STK_NAME, UNIT_BUILDER (3145737), 78, 54, -9999, -9999, 2064, ffffffff
053, LOC_CIVILIZATION_BABYLON_STK_NAME, UNIT_BUILDER (3145737), 78, 54, -9999, -9999, 2065, ffffffff
053, LOC_CIVILIZATION_BABYLON_STK_NAME, UNIT_BUILDER (3145737), 78, 54, -9999, -9999, 2048, ffffffff
053, LOC_CIVILIZATION_BABYLON_STK_NAME, UNIT_BUILDER (3145737), 78, 54, 77, 55, 16384, 32a59b38
053, LOC_CIVILIZATION_BABYLON_STK_NAME, UNIT_BUILDER (2293780), 81, 45, 80, 45, 16640, 2752f790
053, LOC_CIVILIZATION_BABYLON_STK_NAME, UNIT_BUILDER (2293780), 81, 45, -9999, -9999, 2320, ffffffff
053, LOC_CIVILIZATION_BABYLON_STK_NAME, UNIT_BUILDER (2293780), 81, 45, -9999, -9999, 2321, ffffffff
053, LOC_CIVILIZATION_BABYLON_STK_NAME, UNIT_BUILDER (2293780), 81, 45, -9999, -9999, 2304, ffffffff
053, LOC_CIVILIZATION_BABYLON_STK_NAME, UNIT_BUILDER (2293780), 80, 45, -9999, -9999, 2064, ffffffff
053, LOC_CIVILIZATION_BABYLON_STK_NAME, UNIT_BUILDER (2293780), 80, 45, -9999, -9999, 2065, ffffffff
053, LOC_CIVILIZATION_BABYLON_STK_NAME, UNIT_BUILDER (2293780), 80, 45, -9999, -9999, 2048, ffffffff
053, LOC_CIVILIZATION_BABYLON_STK_NAME, UNIT_BUILDER (2293780), 80, 45, -9999, -9999, 2064, ffffffff
053, LOC_CIVILIZATION_BABYLON_STK_NAME, UNIT_BUILDER (2293780), 80, 45, -9999, -9999, 2065, ffffffff
053, LOC_CIVILIZATION_BABYLON_STK_NAME, UNIT_BUILDER (2293780), 80, 45, -9999, -9999, 2048, ffffffff
053, LOC_CIVILIZATION_BABYLON_STK_NAME, UNIT_BUILDER (3276822), 73, 49, -9999, -9999, 2320, ffffffff
053, LOC_CIVILIZATION_BABYLON_STK_NAME, UNIT_BUILDER (3276822), 73, 49, -9999, -9999, 2321, ffffffff
053, LOC_CIVILIZATION_BABYLON_STK_NAME, UNIT_BUILDER (3276822), 73, 49, -9999, -9999, 2304, ffffffff
053, LOC_CIVILIZATION_BABYLON_STK_NAME, UNIT_BUILDER (3342359), 76, 46, -9999, -9999, 2320, ffffffff
053, LOC_CIVILIZATION_BABYLON_STK_NAME, UNIT_BUILDER (3342359), 76, 46, -9999, -9999, 2321, ffffffff
053, LOC_CIVILIZATION_BABYLON_STK_NAME, UNIT_BUILDER (3342359), 76, 46, -9999, -9999, 2304, ffffffff
053, LOC_CIVILIZATION_BABYLON_STK_NAME, UNIT_BUILDER (3342359), 76, 46, 77, 44, 16640, 60424333
053, LOC_CIVILIZATION_BABYLON_STK_NAME, UNIT_BUILDER (3342359), 76, 46, 76, 45, 16640, 85180f75
053, LOC_CIVILIZATION_BABYLON_STK_NAME, UNIT_BUILDER (3342359), 76, 46, -9999, -9999, 2320, ffffffff
053, LOC_CIVILIZATION_BABYLON_STK_NAME, UNIT_BUILDER (3342359), 76, 46, -9999, -9999, 2321, ffffffff
053, LOC_CIVILIZATION_BABYLON_STK_NAME, UNIT_BUILDER (3342359), 76, 46, -9999, -9999, 2304, ffffffff
053, LOC_CIVILIZATION_BABYLON_STK_NAME, UNIT_BUILDER (3342359), 76, 46, 77, 47, 16640, c14b8a00
053, LOC_CIVILIZATION_BABYLON_STK_NAME, UNIT_BUILDER (3342359), 76, 46, 77, 48, 16640, 1018835e
053, LOC_CIVILIZATION_BABYLON_STK_NAME, UNIT_BUILDER (3342359), 76, 46, 77, 47, 16640, c14b8a00
053, LOC_CIVILIZATION_BABYLON_STK_NAME, UNIT_BUILDER (3342359), 76, 46, 78, 48, 16640, f30f43df
053, LOC_CIVILIZATION_BABYLON_STK_NAME, UNIT_BUILDER (3342359), 76, 46, 78, 47, 16640, c329cb45
053, LOC_CIVILIZATION_BABYLON_STK_NAME, UNIT_BUILDER (3342359), 76, 46, 77, 47, 16640, c14b8a00
053, LOC_CIVILIZATION_BABYLON_STK_NAME, UNIT_BUILDER (3342359), 76, 46, 78, 48, 16640, f30f43df
053, LOC_CIVILIZATION_BABYLON_STK_NAME, UNIT_BUILDER (3342359), 78, 48, -9999, -9999, 2064, ffffffff
053, LOC_CIVILIZATION_BABYLON_STK_NAME, UNIT_BUILDER (3342359), 78, 48, -9999, -9999, 2065, ffffffff
053, LOC_CIVILIZATION_BABYLON_STK_NAME, UNIT_BUILDER (3342359), 78, 48, -9999, -9999, 2048, ffffffff
053, LOC_CIVILIZATION_BABYLON_STK_NAME, UNIT_BUILDER (3342359), 78, 48, -9999, -9999, 2064, ffffffff
053, LOC_CIVILIZATION_BABYLON_STK_NAME, UNIT_BUILDER (3342359), 78, 48, -9999, -9999, 2065, ffffffff
053, LOC_CIVILIZATION_BABYLON_STK_NAME, UNIT_BUILDER (3342359), 78, 48, -9999, -9999, 2048, ffffffff
053, LOC_CIVILIZATION_BABYLON_STK_NAME, UNIT_BUILDER (3342359), 78, 48, 77, 48, 16384, 88b2e9fa
053, LOC_CIVILIZATION_BABYLON_STK_NAME, UNIT_BUILDER (3276822), 73, 49, -9999, -9999, 2320, ffffffff
053, LOC_CIVILIZATION_BABYLON_STK_NAME, UNIT_BUILDER (3276822), 73, 49, -9999, -9999, 2321, ffffffff
053, LOC_CIVILIZATION_BABYLON_STK_NAME, UNIT_BUILDER (3276822), 73, 49, -9999, -9999, 2304, ffffffff
053, LOC_CIVILIZATION_BABYLON_STK_NAME, UNIT_GREAT_ENGINEER (3211266), 72, 47, 68, 48, 16640, d5614787
053, LOC_CIVILIZATION_BABYLON_STK_NAME, UNIT_GREAT_ENGINEER (3211266), 72, 47, -9999, -9999, 2320, ffffffff
053, LOC_CIVILIZATION_BABYLON_STK_NAME, UNIT_GREAT_ENGINEER (3211266), 72, 47, -9999, -9999, 2321, ffffffff
053, LOC_CIVILIZATION_BABYLON_STK_NAME, UNIT_GREAT_ENGINEER (3211266), 72, 47, -9999, -9999, 2304, ffffffff
053, LOC_CIVILIZATION_BABYLON_STK_NAME, UNIT_GREAT_ENGINEER (3211266), 69, 47, -9999, -9999, 2064, ffffffff
053, LOC_CIVILIZATION_BABYLON_STK_NAME, UNIT_GREAT_ENGINEER (3211266), 69, 47, -9999, -9999, 2065, ffffffff
053, LOC_CIVILIZATION_BABYLON_STK_NAME, UNIT_GREAT_ENGINEER (3211266), 69, 47, -9999, -9999, 2048, ffffffff
053, LOC_CIVILIZATION_BABYLON_STK_NAME, UNIT_GREAT_ENGINEER (3211266), 69, 47, -9999, -9999, 2064, ffffffff
053, LOC_CIVILIZATION_BABYLON_STK_NAME, UNIT_GREAT_ENGINEER (3211266), 69, 47, -9999, -9999, 2065, ffffffff
053, LOC_CIVILIZATION_BABYLON_STK_NAME, UNIT_GREAT_ENGINEER (3211266), 69, 47, -9999, -9999, 2048, ffffffff
053, LOC_CIVILIZATION_BABYLON_STK_NAME, UNIT_GREAT_ENGINEER (3211266), 69, 47, -9999, -9999, 2064, ffffffff
053, LOC_CIVILIZATION_BABYLON_STK_NAME, UNIT_GREAT_ENGINEER (3211266), 69, 47, -9999, -9999, 2065, ffffffff
053, LOC_CIVILIZATION_BABYLON_STK_NAME, UNIT_GREAT_ENGINEER (3211266), 69, 47, -9999, -9999, 2048, ffffffff
053, LOC_CIVILIZATION_BABYLON_STK_NAME, UNIT_GREAT_ENGINEER (3211266), 69, 47, -9999, -9999, 2064, ffffffff
053, LOC_CIVILIZATION_BABYLON_STK_NAME, UNIT_GREAT_ENGINEER (3211266), 69, 47, -9999, -9999, 2065, ffffffff
053, LOC_CIVILIZATION_BABYLON_STK_NAME, UNIT_GREAT_ENGINEER (3211266), 69, 47, -9999, -9999, 2048, ffffffff
053, LOC_CIVILIZATION_BABYLON_STK_NAME, UNIT_BUILDER (3276822), 73, 49, -9999, -9999, 2320, ffffffff
053, LOC_CIVILIZATION_BABYLON_STK_NAME, UNIT_BUILDER (3276822), 73, 49, -9999, -9999, 2321, ffffffff
053, LOC_CIVILIZATION_BABYLON_STK_NAME, UNIT_BUILDER (3276822), 73, 49, -9999, -9999, 2304, ffffffff
053, LOC_CIVILIZATION_BABYLON_STK_NAME, UNIT_BUILDER (2359311), 75, 50, 75, 51, 16640, cda10063
053, LOC_CIVILIZATION_BABYLON_STK_NAME, UNIT_BUILDER (2359311), 75, 50, -9999, -9999, 2320, ffffffff
053, LOC_CIVILIZATION_BABYLON_STK_NAME, UNIT_BUILDER (2359311), 75, 50, -9999, -9999, 2321, ffffffff
053, LOC_CIVILIZATION_BABYLON_STK_NAME, UNIT_BUILDER (2359311), 75, 50, -9999, -9999, 2304, ffffffff
053, LOC_CIVILIZATION_BABYLON_STK_NAME, UNIT_BUILDER (2359311), 75, 51, -9999, -9999, 2064, ffffffff
053, LOC_CIVILIZATION_BABYLON_STK_NAME, UNIT_BUILDER (2359311), 75, 51, -9999, -9999, 2065, ffffffff
053, LOC_CIVILIZATION_BABYLON_STK_NAME, UNIT_BUILDER (2359311), 75, 51, -9999, -9999, 2048, ffffffff
053, LOC_CIVILIZATION_BABYLON_STK_NAME, UNIT_BUILDER (2359311), 75, 51, -9999, -9999, 2064, ffffffff
053, LOC_CIVILIZATION_BABYLON_STK_NAME, UNIT_BUILDER (2359311), 75, 51, -9999, -9999, 2065, ffffffff
053, LOC_CIVILIZATION_BABYLON_STK_NAME, UNIT_BUILDER (2359311), 75, 51, -9999, -9999, 2048, ffffffff
053, LOC_CIVILIZATION_BABYLON_STK_NAME, UNIT_BUILDER (3276822), 73, 49, -9999, -9999, 2320, ffffffff
053, LOC_CIVILIZATION_BABYLON_STK_NAME, UNIT_BUILDER (3276822), 73, 49, -9999, -9999, 2321, ffffffff
053, LOC_CIVILIZATION_BABYLON_STK_NAME, UNIT_BUILDER (3276822), 73, 49, -9999, -9999, 2304, ffffffff
053, LOC_CIVILIZATION_BABYLON_STK_NAME, UNIT_BUILDER (3276822), 73, 49, 73, 51, 16640, f505e2af
053, LOC_CIVILIZATION_BABYLON_STK_NAME, UNIT_BUILDER (3276822), 73, 49, 73, 52, 16640, 23145c1e
053, LOC_CIVILIZATION_BABYLON_STK_NAME, UNIT_BUILDER (3276822), 73, 49, 73, 51, 16640, f505e2af
053, LOC_CIVILIZATION_BABYLON_STK_NAME, UNIT_BUILDER (3276822), 73, 51, -9999, -9999, 2064, ffffffff
053, LOC_CIVILIZATION_BABYLON_STK_NAME, UNIT_BUILDER (3276822), 73, 51, -9999, -9999, 2065, ffffffff
053, LOC_CIVILIZATION_BABYLON_STK_NAME, UNIT_BUILDER (3276822), 73, 51, -9999, -9999, 2048, ffffffff
053, LOC_CIVILIZATION_BABYLON_STK_NAME, UNIT_BUILDER (3276822), 73, 51, -9999, -9999, 2064, ffffffff
053, LOC_CIVILIZATION_BABYLON_STK_NAME, UNIT_BUILDER (3276822), 73, 51, -9999, -9999, 2065, ffffffff
053, LOC_CIVILIZATION_BABYLON_STK_NAME, UNIT_BUILDER (3276822), 73, 51, -9999, -9999, 2048, ffffffff
053, LOC_CIVILIZATION_BABYLON_STK_NAME, UNIT_BUILDER (3276822), 73, 51, -9999, -9999, 2064, ffffffff
053, LOC_CIVILIZATION_BABYLON_STK_NAME, UNIT_BUILDER (3276822), 73, 51, -9999, -9999, 2065, ffffffff
053, LOC_CIVILIZATION_BABYLON_STK_NAME, UNIT_BUILDER (3276822), 73, 51, -9999, -9999, 2048, ffffffff
053, LOC_CIVILIZATION_BABYLON_STK_NAME, UNIT_BUILDER (3276822), 73, 51, 73, 52, 4, 2193ce6c
053, LOC_CIVILIZATION_BABYLON_STK_NAME, UNIT_BUILDER (3276822), 73, 51, 73, 52, 16384, 2193ce6c
053, LOC_CIVILIZATION_BABYLON_STK_NAME, UNIT_BUILDER (3276822), 73, 51, 73, 52, 4, 2193ce6c
053, LOC_CIVILIZATION_BABYLON_STK_NAME, UNIT_BUILDER (2883596), 73, 54, -9999, -9999, 2320, ffffffff
053, LOC_CIVILIZATION_BABYLON_STK_NAME, UNIT_BUILDER (2883596), 73, 54, -9999, -9999, 2321, ffffffff
053, LOC_CIVILIZATION_BABYLON_STK_NAME, UNIT_BUILDER (2883596), 73, 54, -9999, -9999, 2304, ffffffff
053, LOC_CIVILIZATION_BABYLON_STK_NAME, UNIT_BUILDER (2883596), 73, 54, -9999, -9999, 2320, ffffffff
053, LOC_CIVILIZATION_BABYLON_STK_NAME, UNIT_BUILDER (2883596), 73, 54, -9999, -9999, 2321, ffffffff
053, LOC_CIVILIZATION_BABYLON_STK_NAME, UNIT_BUILDER (2883596), 73, 54, -9999, -9999, 2304, ffffffff
053, LOC_CIVILIZATION_BABYLON_STK_NAME, UNIT_BUILDER (2883596), 73, 54, -9999, -9999, 2320, ffffffff
053, LOC_CIVILIZATION_BABYLON_STK_NAME, UNIT_BUILDER (2883596), 73, 54, -9999, -9999, 2321, ffffffff
053, LOC_CIVILIZATION_BABYLON_STK_NAME, UNIT_BUILDER (2883596), 73, 54, -9999, -9999, 2304, ffffffff
053, LOC_CIVILIZATION_BABYLON_STK_NAME, UNIT_BUILDER (2883596), 73, 54, 73, 53, 16640, 97b8e98c
053, LOC_CIVILIZATION_BABYLON_STK_NAME, UNIT_BUILDER (2883596), 73, 54, -9999, -9999, 2320, ffffffff
053, LOC_CIVILIZATION_BABYLON_STK_NAME, UNIT_BUILDER (2883596), 73, 54, -9999, -9999, 2321, ffffffff
053, LOC_CIVILIZATION_BABYLON_STK_NAME, UNIT_BUILDER (2883596), 73, 54, -9999, -9999, 2304, ffffffff
053, LOC_CIVILIZATION_BABYLON_STK_NAME, UNIT_BUILDER (2883596), 73, 54, -9999, -9999, 2320, ffffffff
053, LOC_CIVILIZATION_BABYLON_STK_NAME, UNIT_BUILDER (2883596), 73, 54, -9999, -9999, 2321, ffffffff
053, LOC_CIVILIZATION_BABYLON_STK_NAME, UNIT_BUILDER (2883596), 73, 54, -9999, -9999, 2304, ffffffff
053, LOC_CIVILIZATION_BABYLON_STK_NAME, UNIT_BUILDER (2883596), 73, 54, 73, 53, 16640, 97b8e98c
053, LOC_CIVILIZATION_BABYLON_STK_NAME, UNIT_BUILDER (3276822), 73, 51, 73, 52, 4, 2193ce6c
053, LOC_CIVILIZATION_BABYLON_STK_NAME, UNIT_BUILDER (3276822), 73, 51, 73, 52, 16384, 2193ce6c
053, LOC_CIVILIZATION_BABYLON_STK_NAME, UNIT_BUILDER (3276822), 73, 51, -9999, -9999, 2064, ffffffff
053, LOC_CIVILIZATION_BABYLON_STK_NAME, UNIT_BUILDER (3276822), 73, 51, -9999, -9999, 2065, ffffffff
053, LOC_CIVILIZATION_BABYLON_STK_NAME, UNIT_BUILDER (3276822), 73, 51, -9999, -9999, 2048, ffffffff
053, LOC_CIVILIZATION_BABYLON_STK_NAME, UNIT_BUILDER (3276822), 73, 51, 73, 52, 4, 2193ce6c
053, LOC_CIVILIZATION_BABYLON_STK_NAME, UNIT_BUILDER (3407896), 72, 58, 70, 59, 16384, 36d713db
053, LOC_CIVILIZATION_BABYLON_STK_NAME, UNIT_BUILDER (3145737), 78, 54, 77, 55, 16384, 32a59b38
053, LOC_CIVILIZATION_BABYLON_STK_NAME, UNIT_BUILDER (3014663), 74, 57, 76, 57, 16384, fe1b0d7f
053, LOC_CIVILIZATION_BABYLON_STK_NAME, UNIT_BUILDER (2949130), 69, 51, 68, 52, 16640, a1cfe376
053, LOC_CIVILIZATION_BABYLON_STK_NAME, UNIT_BUILDER (2949130), 69, 51, -9999, -9999, 2320, ffffffff
053, LOC_CIVILIZATION_BABYLON_STK_NAME, UNIT_BUILDER (2949130), 69, 51, -9999, -9999, 2321, ffffffff
053, LOC_CIVILIZATION_BABYLON_STK_NAME, UNIT_BUILDER (2949130), 69, 51, -9999, -9999, 2304, ffffffff
053, LOC_CIVILIZATION_BABYLON_STK_NAME, UNIT_BUILDER (2949130), 69, 51, 68, 52, 16640, a1cfe376
053, LOC_CIVILIZATION_BABYLON_STK_NAME, UNIT_BUILDER (2949130), 69, 51, -9999, -9999, 2320, ffffffff
053, LOC_CIVILIZATION_BABYLON_STK_NAME, UNIT_BUILDER (2949130), 69, 51, -9999, -9999, 2321, ffffffff
053, LOC_CIVILIZATION_BABYLON_STK_NAME, UNIT_BUILDER (2949130), 69, 51, -9999, -9999, 2304, ffffffff
053, LOC_CIVILIZATION_BABYLON_STK_NAME, UNIT_BUILDER (2949130), 69, 51, 67, 50, 16640, 76b1dc1a
053, LOC_CIVILIZATION_BABYLON_STK_NAME, UNIT_BUILDER (2949130), 67, 50, -9999, -9999, 2064, ffffffff
053, LOC_CIVILIZATION_BABYLON_STK_NAME, UNIT_BUILDER (2949130), 67, 50, -9999, -9999, 2065, ffffffff
053, LOC_CIVILIZATION_BABYLON_STK_NAME, UNIT_BUILDER (2949130), 67, 50, -9999, -9999, 2048, ffffffff
053, LOC_CIVILIZATION_BABYLON_STK_NAME, UNIT_BUILDER (2949130), 67, 50, -9999, -9999, 2064, ffffffff
053, LOC_CIVILIZATION_BABYLON_STK_NAME, UNIT_BUILDER (2949130), 67, 50, -9999, -9999, 2065, ffffffff
053, LOC_CIVILIZATION_BABYLON_STK_NAME, UNIT_BUILDER (2949130), 67, 50, -9999, -9999, 2048, ffffffff
053, LOC_CIVILIZATION_BABYLON_STK_NAME, UNIT_GREAT_ENGINEER (3211266), 69, 47, 68, 48, 16384, 3a47dcb1
053, LOC_CIVILIZATION_BABYLON_STK_NAME, UNIT_GREAT_ENGINEER (3211266), 69, 47, -9999, -9999, 2064, ffffffff
053, LOC_CIVILIZATION_BABYLON_STK_NAME, UNIT_GREAT_ENGINEER (3211266), 69, 47, -9999, -9999, 2065, ffffffff
053, LOC_CIVILIZATION_BABYLON_STK_NAME, UNIT_GREAT_ENGINEER (3211266), 69, 47, -9999, -9999, 2048, ffffffff
053, LOC_CIVILIZATION_BABYLON_STK_NAME, UNIT_GREAT_ENGINEER (3211266), 69, 47, 68, 48, 16384, 3a47dcb1
053, LOC_CIVILIZATION_BABYLON_STK_NAME, UNIT_GREAT_ENGINEER (3211266), 69, 47, -9999, -9999, 2064, ffffffff
053, LOC_CIVILIZATION_BABYLON_STK_NAME, UNIT_GREAT_ENGINEER (3211266), 69, 47, -9999, -9999, 2065, ffffffff
053, LOC_CIVILIZATION_BABYLON_STK_NAME, UNIT_GREAT_ENGINEER (3211266), 69, 47, -9999, -9999, 2048, ffffffff
053, LOC_CIVILIZATION_BABYLON_STK_NAME, UNIT_GREAT_ENGINEER (3211266), 69, 47, 69, 48, 4, 410c7bd0
053, LOC_CIVILIZATION_BABYLON_STK_NAME, UNIT_GREAT_ENGINEER (3211266), 69, 47, 69, 48, 16384, 410c7bd0
053, LOC_CIVILIZATION_BABYLON_STK_NAME, UNIT_GREAT_ENGINEER (3211266), 69, 47, 69, 48, 4, 410c7bd0
053, LOC_CIVILIZATION_BABYLON_STK_NAME, UNIT_GREAT_ENGINEER (3211266), 69, 48, 68, 48, 16384, 40fc75d0
053, LOC_CIVILIZATION_BABYLON_STK_NAME, UNIT_WARRIOR (131073), 40, 72, -9999, -9999, 2320, ffffffff
053, LOC_CIVILIZATION_BABYLON_STK_NAME, UNIT_WARRIOR (131073), 40, 72, -9999, -9999, 2321, ffffffff
053, LOC_CIVILIZATION_BABYLON_STK_NAME, UNIT_WARRIOR (131073), 40, 72, -9999, -9999, 2304, ffffffff
053, LOC_CIVILIZATION_BABYLON_STK_NAME, UNIT_WARRIOR (131073), 40, 72, -9999, -9999, 2370, ffffffff
053, LOC_CIVILIZATION_BABYLON_STK_NAME, UNIT_WARRIOR (131073), 40, 72, 27, 70, 256, 4034ab08
053, LOC_CIVILIZATION_BABYLON_STK_NAME, UNIT_WARRIOR (131073), 40, 72, 39, 72, 16656, d7438104
053, LOC_CIVILIZATION_BABYLON_STK_NAME, UNIT_WARRIOR (131073), 39, 72, 38, 71, 16400, b2dc2319
053, LOC_CIVILIZATION_BABYLON_STK_NAME, UNIT_WARRIOR (131073), 39, 72, 38, 70, 16400, c88333e0
053, LOC_CIVILIZATION_BABYLON_STK_NAME, UNIT_WARRIOR (131073), 39, 72, 37, 71, 16400, 50df8a2e
053, LOC_CIVILIZATION_BABYLON_STK_NAME, UNIT_BUILDER (3407896), 72, 58, 70, 59, 16384, 36d713db
053, LOC_CIVILIZATION_BABYLON_STK_NAME, UNIT_BUILDER (3014663), 74, 57, 76, 57, 16384, fe1b0d7f
053, LOC_CIVILIZATION_BABYLON_STK_NAME, UNIT_BUILDER (3145737), 78, 54, 77, 55, 16384, 32a59b38
053, LOC_CIVILIZATION_BABYLON_STK_NAME, UNIT_BUILDER (3145737), 78, 54, 79, 56, 16384, 6a468a6c
053, LOC_CIVILIZATION_BABYLON_STK_NAME, UNIT_BUILDER (3145737), 78, 54, 77, 55, 16384, 32a59b38
053, LOC_CIVILIZATION_BABYLON_STK_NAME, UNIT_BUILDER (3145737), 78, 54, 79, 56, 16384, 6a468a6c
053, LOC_CIVILIZATION_BABYLON_STK_NAME, UNIT_BUILDER (3145737), 78, 54, 79, 56, 16384, 6a468a6c
053, LOC_CIVILIZATION_BABYLON_STK_NAME, UNIT_BUILDER (3145737), 78, 54, 78, 53, 16384,   aad82c
053, LOC_CIVILIZATION_BABYLON_STK_NAME, UNIT_GREAT_SCIENTIST (3473426), 73, 49, -9999, -9999, 2320, ffffffff
053, LOC_CIVILIZATION_BABYLON_STK_NAME, UNIT_GREAT_SCIENTIST (3473426), 73, 49, -9999, -9999, 2321, ffffffff
053, LOC_CIVILIZATION_BABYLON_STK_NAME, UNIT_GREAT_SCIENTIST (3473426), 73, 49, -9999, -9999, 2304, ffffffff
053, LOC_CIVILIZATION_BABYLON_STK_NAME, UNIT_GREAT_SCIENTIST (3473426), 73, 49, 71, 55, 16640,  acb5ee3
053, LOC_CIVILIZATION_BABYLON_STK_NAME, UNIT_GREAT_SCIENTIST (3473426), 71, 53, -9999, -9999, 2064, ffffffff
053, LOC_CIVILIZATION_BABYLON_STK_NAME, UNIT_GREAT_SCIENTIST (3473426), 71, 53, -9999, -9999, 2065, ffffffff
053, LOC_CIVILIZATION_BABYLON_STK_NAME, UNIT_GREAT_SCIENTIST (3473426), 71, 53, -9999, -9999, 2048, ffffffff
053, LOC_CIVILIZATION_BABYLON_STK_NAME, UNIT_GREAT_SCIENTIST (3473426), 71, 53, -9999, -9999, 2064, ffffffff
053, LOC_CIVILIZATION_BABYLON_STK_NAME, UNIT_GREAT_SCIENTIST (3473426), 71, 53, -9999, -9999, 2065, ffffffff
053, LOC_CIVILIZATION_BABYLON_STK_NAME, UNIT_GREAT_SCIENTIST (3473426), 71, 53, -9999, -9999, 2048, ffffffff
053, LOC_CIVILIZATION_BABYLON_STK_NAME, UNIT_GREAT_SCIENTIST (3473426), 71, 53, -9999, -9999, 2064, ffffffff
053, LOC_CIVILIZATION_BABYLON_STK_NAME, UNIT_GREAT_SCIENTIST (3473426), 71, 53, -9999, -9999, 2065, ffffffff
053, LOC_CIVILIZATION_BABYLON_STK_NAME, UNIT_GREAT_SCIENTIST (3473426), 71, 53, -9999, -9999, 2048, ffffffff
053, LOC_CIVILIZATION_BABYLON_STK_NAME, UNIT_GREAT_ENGINEER (3211266), 69, 48, 68, 48, 16384, 40fc75d0
053, LOC_CIVILIZATION_BABYLON_STK_NAME, UNIT_BUILDER (3407896), 72, 58, 70, 59, 16384, 36d713db
053, LOC_CIVILIZATION_BABYLON_STK_NAME, UNIT_BUILDER (3407896), 72, 58, 73, 60, 16384, b4e356da
054, LOC_CIVILIZATION_BABYLON_STK_NAME, UNIT_BABYLONIAN_SABUM_KIBITTUM (196608), 32, 67, -9999, -9999, 2320, ffffffff
054, LOC_CIVILIZATION_BABYLON_STK_NAME, UNIT_BABYLONIAN_SABUM_KIBITTUM (196608), 32, 67, -9999, -9999, 2321, ffffffff
054, LOC_CIVILIZATION_BABYLON_STK_NAME, UNIT_BABYLONIAN_SABUM_KIBITTUM (196608), 32, 67, -9999, -9999, 2304, ffffffff
054, LOC_CIVILIZATION_BABYLON_STK_NAME, UNIT_BABYLONIAN_SABUM_KIBITTUM (196608), 32, 67, -9999, -9999, 2370, ffffffff
054, LOC_CIVILIZATION_BABYLON_STK_NAME, UNIT_BABYLONIAN_SABUM_KIBITTUM (196608), 32, 67, 27, 69, 256, f7930ba3
054, LOC_CIVILIZATION_BABYLON_STK_NAME, UNIT_BABYLONIAN_SABUM_KIBITTUM (196608), 32, 67, -9999, -9999, 2370, ffffffff
054, LOC_CIVILIZATION_BABYLON_STK_NAME, UNIT_BABYLONIAN_SABUM_KIBITTUM (196608), 32, 67, 27, 69, 256, f7930ba3
054, LOC_CIVILIZATION_BABYLON_STK_NAME, UNIT_BUILDER (2949130), 67, 50, -9999, -9999, 2320, ffffffff
054, LOC_CIVILIZATION_BABYLON_STK_NAME, UNIT_BUILDER (2949130), 67, 50, -9999, -9999, 2321, ffffffff
054, LOC_CIVILIZATION_BABYLON_STK_NAME, UNIT_BUILDER (2949130), 67, 50, -9999, -9999, 2304, ffffffff
054, LOC_CIVILIZATION_BABYLON_STK_NAME, UNIT_BUILDER (2949130), 67, 50, -9999, -9999, 2320, ffffffff
054, LOC_CIVILIZATION_BABYLON_STK_NAME, UNIT_BUILDER (2949130), 67, 50, -9999, -9999, 2321, ffffffff
054, LOC_CIVILIZATION_BABYLON_STK_NAME, UNIT_BUILDER (2949130), 67, 50, -9999, -9999, 2304, ffffffff
054, LOC_CIVILIZATION_BABYLON_STK_NAME, UNIT_BUILDER (2949130), 67, 50, -9999, -9999, 2320, ffffffff
054, LOC_CIVILIZATION_BABYLON_STK_NAME, UNIT_BUILDER (2949130), 67, 50, -9999, -9999, 2321, ffffffff
054, LOC_CIVILIZATION_BABYLON_STK_NAME, UNIT_BUILDER (2949130), 67, 50, -9999, -9999, 2304, ffffffff
054, LOC_CIVILIZATION_BABYLON_STK_NAME, UNIT_BUILDER (2949130), 67, 50, 66, 49, 16384, 5a9292ac
054, LOC_CIVILIZATION_BABYLON_STK_NAME, UNIT_GREAT_ENGINEER (3211266), 69, 48, 68, 48, 16640, 40fc75d0
054, LOC_CIVILIZATION_BABYLON_STK_NAME, UNIT_GREAT_ENGINEER (3211266), 69, 48, -9999, -9999, 2320, ffffffff
054, LOC_CIVILIZATION_BABYLON_STK_NAME, UNIT_GREAT_ENGINEER (3211266), 69, 48, -9999, -9999, 2321, ffffffff
054, LOC_CIVILIZATION_BABYLON_STK_NAME, UNIT_GREAT_ENGINEER (3211266), 69, 48, -9999, -9999, 2304, ffffffff
054, LOC_CIVILIZATION_BABYLON_STK_NAME, UNIT_GREAT_ENGINEER (3211266), 68, 48, -9999, -9999, 2064, ffffffff
054, LOC_CIVILIZATION_BABYLON_STK_NAME, UNIT_GREAT_ENGINEER (3211266), 68, 48, -9999, -9999, 2065, ffffffff
054, LOC_CIVILIZATION_BABYLON_STK_NAME, UNIT_GREAT_ENGINEER (3211266), 68, 48, -9999, -9999, 2048, ffffffff
054, LOC_CIVILIZATION_BABYLON_STK_NAME, UNIT_GREAT_ENGINEER (3211266), 68, 48, -9999, -9999, 2064, ffffffff
054, LOC_CIVILIZATION_BABYLON_STK_NAME, UNIT_GREAT_ENGINEER (3211266), 68, 48, -9999, -9999, 2065, ffffffff
054, LOC_CIVILIZATION_BABYLON_STK_NAME, UNIT_GREAT_ENGINEER (3211266), 68, 48, -9999, -9999, 2048, ffffffff
054, LOC_CIVILIZATION_BABYLON_STK_NAME, UNIT_BUILDER (2883596), 73, 53, -9999, -9999, 2320, ffffffff
054, LOC_CIVILIZATION_BABYLON_STK_NAME, UNIT_BUILDER (2883596), 73, 53, -9999, -9999, 2321, ffffffff
054, LOC_CIVILIZATION_BABYLON_STK_NAME, UNIT_BUILDER (2883596), 73, 53, -9999, -9999, 2304, ffffffff
054, LOC_CIVILIZATION_BABYLON_STK_NAME, UNIT_BUILDER (2883596), 73, 53, -9999, -9999, 2320, ffffffff
054, LOC_CIVILIZATION_BABYLON_STK_NAME, UNIT_BUILDER (2883596), 73, 53, -9999, -9999, 2321, ffffffff
054, LOC_CIVILIZATION_BABYLON_STK_NAME, UNIT_BUILDER (2883596), 73, 53, -9999, -9999, 2304, ffffffff
054, LOC_CIVILIZATION_BABYLON_STK_NAME, UNIT_BUILDER (3276822), 73, 51, 73, 52, 16640, 2193ce6c
054, LOC_CIVILIZATION_BABYLON_STK_NAME, UNIT_BUILDER (3276822), 73, 51, -9999, -9999, 2320, ffffffff
054, LOC_CIVILIZATION_BABYLON_STK_NAME, UNIT_BUILDER (3276822), 73, 51, -9999, -9999, 2321, ffffffff
054, LOC_CIVILIZATION_BABYLON_STK_NAME, UNIT_BUILDER (3276822), 73, 51, -9999, -9999, 2304, ffffffff
054, LOC_CIVILIZATION_BABYLON_STK_NAME, UNIT_BUILDER (3538964), 73, 49, -9999, -9999, 2320, ffffffff
054, LOC_CIVILIZATION_BABYLON_STK_NAME, UNIT_BUILDER (3538964), 73, 49, -9999, -9999, 2321, ffffffff
054, LOC_CIVILIZATION_BABYLON_STK_NAME, UNIT_BUILDER (3538964), 73, 49, -9999, -9999, 2304, ffffffff
054, LOC_CIVILIZATION_BABYLON_STK_NAME, UNIT_BUILDER (3538964), 73, 49, 73, 46, 16640, 7c6e36eb
054, LOC_CIVILIZATION_BABYLON_STK_NAME, UNIT_BUILDER (3538964), 73, 46, -9999, -9999, 2064, ffffffff
054, LOC_CIVILIZATION_BABYLON_STK_NAME, UNIT_BUILDER (3538964), 73, 46, -9999, -9999, 2065, ffffffff
054, LOC_CIVILIZATION_BABYLON_STK_NAME, UNIT_BUILDER (3538964), 73, 46, -9999, -9999, 2048, ffffffff
054, LOC_CIVILIZATION_BABYLON_STK_NAME, UNIT_BUILDER (3538964), 73, 46, -9999, -9999, 2064, ffffffff
054, LOC_CIVILIZATION_BABYLON_STK_NAME, UNIT_BUILDER (3538964), 73, 46, -9999, -9999, 2065, ffffffff
054, LOC_CIVILIZATION_BABYLON_STK_NAME, UNIT_BUILDER (3538964), 73, 46, -9999, -9999, 2048, ffffffff
054, LOC_CIVILIZATION_BABYLON_STK_NAME, UNIT_BUILDER (3538964), 73, 46, 72, 46, 16384, b0188313
054, LOC_CIVILIZATION_BABYLON_STK_NAME, UNIT_BUILDER (3604495), 76, 46, -9999, -9999, 2320, ffffffff
054, LOC_CIVILIZATION_BABYLON_STK_NAME, UNIT_BUILDER (3604495), 76, 46, -9999, -9999, 2321, ffffffff
054, LOC_CIVILIZATION_BABYLON_STK_NAME, UNIT_BUILDER (3604495), 76, 46, -9999, -9999, 2304, ffffffff
054, LOC_CIVILIZATION_BABYLON_STK_NAME, UNIT_BUILDER (3604495), 76, 46, 77, 44, 16640, 60424333
054, LOC_CIVILIZATION_BABYLON_STK_NAME, UNIT_BUILDER (3604495), 77, 44, -9999, -9999, 2064, ffffffff
054, LOC_CIVILIZATION_BABYLON_STK_NAME, UNIT_BUILDER (3604495), 77, 44, -9999, -9999, 2065, ffffffff
054, LOC_CIVILIZATION_BABYLON_STK_NAME, UNIT_BUILDER (3604495), 77, 44, -9999, -9999, 2048, ffffffff
054, LOC_CIVILIZATION_BABYLON_STK_NAME, UNIT_BUILDER (3604495), 77, 44, -9999, -9999, 2064, ffffffff
054, LOC_CIVILIZATION_BABYLON_STK_NAME, UNIT_BUILDER (3604495), 77, 44, -9999, -9999, 2065, ffffffff
054, LOC_CIVILIZATION_BABYLON_STK_NAME, UNIT_BUILDER (3604495), 77, 44, -9999, -9999, 2048, ffffffff
054, LOC_CIVILIZATION_BABYLON_STK_NAME, UNIT_BUILDER (3604495), 77, 44, -9999, -9999, 2064, ffffffff
054, LOC_CIVILIZATION_BABYLON_STK_NAME, UNIT_BUILDER (3604495), 77, 44, -9999, -9999, 2065, ffffffff
054, LOC_CIVILIZATION_BABYLON_STK_NAME, UNIT_BUILDER (3604495), 77, 44, -9999, -9999, 2048, ffffffff
054, LOC_CIVILIZATION_BABYLON_STK_NAME, UNIT_BUILDER (3604495), 77, 44, 78, 45, 16384, be3eff84
054, LOC_CIVILIZATION_BABYLON_STK_NAME, UNIT_BUILDER (3604495), 77, 44, 78, 46, 16384, 55094487
054, LOC_CIVILIZATION_BABYLON_STK_NAME, UNIT_BUILDER (3604495), 77, 44, 78, 45, 16384, be3eff84
054, LOC_CIVILIZATION_BABYLON_STK_NAME, UNIT_BUILDER (3145737), 78, 54, 78, 53, 16640,   aad82c
054, LOC_CIVILIZATION_BABYLON_STK_NAME, UNIT_BUILDER (3145737), 78, 54, -9999, -9999, 2320, ffffffff
054, LOC_CIVILIZATION_BABYLON_STK_NAME, UNIT_BUILDER (3145737), 78, 54, -9999, -9999, 2321, ffffffff
054, LOC_CIVILIZATION_BABYLON_STK_NAME, UNIT_BUILDER (3145737), 78, 54, -9999, -9999, 2304, ffffffff
054, LOC_CIVILIZATION_BABYLON_STK_NAME, UNIT_BUILDER (3342359), 78, 48, 77, 48, 16640, 88b2e9fa
054, LOC_CIVILIZATION_BABYLON_STK_NAME, UNIT_BUILDER (3342359), 78, 48, -9999, -9999, 2320, ffffffff
054, LOC_CIVILIZATION_BABYLON_STK_NAME, UNIT_BUILDER (3342359), 78, 48, -9999, -9999, 2321, ffffffff
054, LOC_CIVILIZATION_BABYLON_STK_NAME, UNIT_BUILDER (3342359), 78, 48, -9999, -9999, 2304, ffffffff
054, LOC_CIVILIZATION_BABYLON_STK_NAME, UNIT_BUILDER (3342359), 78, 48, 77, 48, 16640, 88b2e9fa
054, LOC_CIVILIZATION_BABYLON_STK_NAME, UNIT_BUILDER (3342359), 78, 48, -9999, -9999, 2320, ffffffff
054, LOC_CIVILIZATION_BABYLON_STK_NAME, UNIT_BUILDER (3342359), 78, 48, -9999, -9999, 2321, ffffffff
054, LOC_CIVILIZATION_BABYLON_STK_NAME, UNIT_BUILDER (3342359), 78, 48, -9999, -9999, 2304, ffffffff
054, LOC_CIVILIZATION_BABYLON_STK_NAME, UNIT_BUILDER (3014663), 74, 57, 76, 57, 16640, fe1b0d7f
054, LOC_CIVILIZATION_BABYLON_STK_NAME, UNIT_BUILDER (3014663), 74, 57, -9999, -9999, 2320, ffffffff
054, LOC_CIVILIZATION_BABYLON_STK_NAME, UNIT_BUILDER (3014663), 74, 57, -9999, -9999, 2321, ffffffff
054, LOC_CIVILIZATION_BABYLON_STK_NAME, UNIT_BUILDER (3014663), 74, 57, -9999, -9999, 2304, ffffffff
054, LOC_CIVILIZATION_BABYLON_STK_NAME, UNIT_BUILDER (3014663), 76, 57, -9999, -9999, 2064, ffffffff
054, LOC_CIVILIZATION_BABYLON_STK_NAME, UNIT_BUILDER (3014663), 76, 57, -9999, -9999, 2065, ffffffff
054, LOC_CIVILIZATION_BABYLON_STK_NAME, UNIT_BUILDER (3014663), 76, 57, -9999, -9999, 2048, ffffffff
054, LOC_CIVILIZATION_BABYLON_STK_NAME, UNIT_BUILDER (3014663), 76, 57, -9999, -9999, 2064, ffffffff
054, LOC_CIVILIZATION_BABYLON_STK_NAME, UNIT_BUILDER (3014663), 76, 57, -9999, -9999, 2065, ffffffff
054, LOC_CIVILIZATION_BABYLON_STK_NAME, UNIT_BUILDER (3014663), 76, 57, -9999, -9999, 2048, ffffffff
054, LOC_CIVILIZATION_BABYLON_STK_NAME, UNIT_GREAT_SCIENTIST (3473426), 71, 55, -9999, -9999, 2064, ffffffff
054, LOC_CIVILIZATION_BABYLON_STK_NAME, UNIT_GREAT_SCIENTIST (3473426), 71, 55, -9999, -9999, 2065, ffffffff
054, LOC_CIVILIZATION_BABYLON_STK_NAME, UNIT_GREAT_SCIENTIST (3473426), 71, 55, -9999, -9999, 2048, ffffffff
054, LOC_CIVILIZATION_BABYLON_STK_NAME, UNIT_GREAT_SCIENTIST (3473426), 71, 55, -9999, -9999, 2064, ffffffff
054, LOC_CIVILIZATION_BABYLON_STK_NAME, UNIT_GREAT_SCIENTIST (3473426), 71, 55, -9999, -9999, 2065, ffffffff
054, LOC_CIVILIZATION_BABYLON_STK_NAME, UNIT_GREAT_SCIENTIST (3473426), 71, 55, -9999, -9999, 2048, ffffffff
054, LOC_CIVILIZATION_BABYLON_STK_NAME, UNIT_BUILDER (3407896), 73, 60, -9999, -9999, 2064, ffffffff
054, LOC_CIVILIZATION_BABYLON_STK_NAME, UNIT_BUILDER (3407896), 73, 60, -9999, -9999, 2065, ffffffff
054, LOC_CIVILIZATION_BABYLON_STK_NAME, UNIT_BUILDER (3407896), 73, 60, -9999, -9999, 2048, ffffffff
054, LOC_CIVILIZATION_BABYLON_STK_NAME, UNIT_BUILDER (3407896), 73, 60, -9999, -9999, 2064, ffffffff
054, LOC_CIVILIZATION_BABYLON_STK_NAME, UNIT_BUILDER (3407896), 73, 60, -9999, -9999, 2065, ffffffff
054, LOC_CIVILIZATION_BABYLON_STK_NAME, UNIT_BUILDER (3407896), 73, 60, -9999, -9999, 2048, ffffffff
055, LOC_CIVILIZATION_BABYLON_STK_NAME, UNIT_BABYLONIAN_SABUM_KIBITTUM (196608), 32, 67, -9999, -9999, 2320, ffffffff
055, LOC_CIVILIZATION_BABYLON_STK_NAME, UNIT_BABYLONIAN_SABUM_KIBITTUM (196608), 32, 67, -9999, -9999, 2321, ffffffff
055, LOC_CIVILIZATION_BABYLON_STK_NAME, UNIT_BABYLONIAN_SABUM_KIBITTUM (196608), 32, 67, -9999, -9999, 2304, ffffffff
055, LOC_CIVILIZATION_BABYLON_STK_NAME, UNIT_BABYLONIAN_SABUM_KIBITTUM (196608), 32, 67, -9999, -9999, 2320, ffffffff
055, LOC_CIVILIZATION_BABYLON_STK_NAME, UNIT_BABYLONIAN_SABUM_KIBITTUM (196608), 32, 67, -9999, -9999, 2321, ffffffff
055, LOC_CIVILIZATION_BABYLON_STK_NAME, UNIT_BABYLONIAN_SABUM_KIBITTUM (196608), 32, 67, -9999, -9999, 2304, ffffffff
055, LOC_CIVILIZATION_BABYLON_STK_NAME, UNIT_BABYLONIAN_SABUM_KIBITTUM (196608), 32, 67, -9999, -9999, 2370, ffffffff
055, LOC_CIVILIZATION_BABYLON_STK_NAME, UNIT_BABYLONIAN_SABUM_KIBITTUM (196608), 32, 67, 27, 69, 256, e2b97329
055, LOC_CIVILIZATION_BABYLON_STK_NAME, UNIT_BABYLONIAN_SABUM_KIBITTUM (196608), 32, 67, -9999, -9999, 2370, ffffffff
055, LOC_CIVILIZATION_BABYLON_STK_NAME, UNIT_BABYLONIAN_SABUM_KIBITTUM (196608), 32, 67, 27, 69, 256, e2b97329
055, LOC_CIVILIZATION_BABYLON_STK_NAME, UNIT_BABYLONIAN_SABUM_KIBITTUM (196608), 32, 67, -9999, -9999, 2320, ffffffff
055, LOC_CIVILIZATION_BABYLON_STK_NAME, UNIT_BABYLONIAN_SABUM_KIBITTUM (196608), 32, 67, -9999, -9999, 2321, ffffffff
055, LOC_CIVILIZATION_BABYLON_STK_NAME, UNIT_BABYLONIAN_SABUM_KIBITTUM (196608), 32, 67, -9999, -9999, 2304, ffffffff
055, LOC_CIVILIZATION_BABYLON_STK_NAME, UNIT_BABYLONIAN_SABUM_KIBITTUM (196608), 32, 67, -9999, -9999, 2370, ffffffff
055, LOC_CIVILIZATION_BABYLON_STK_NAME, UNIT_BABYLONIAN_SABUM_KIBITTUM (196608), 32, 67, 27, 69, 256, e2b97329
055, LOC_CIVILIZATION_BABYLON_STK_NAME, UNIT_BABYLONIAN_SABUM_KIBITTUM (196608), 32, 67, 35, 68, 16656, 335753f9
055, LOC_CIVILIZATION_BABYLON_STK_NAME, UNIT_BABYLONIAN_SABUM_KIBITTUM (196608), 35, 68, -9999, -9999, 2064, ffffffff
055, LOC_CIVILIZATION_BABYLON_STK_NAME, UNIT_BABYLONIAN_SABUM_KIBITTUM (196608), 35, 68, -9999, -9999, 2065, ffffffff
055, LOC_CIVILIZATION_BABYLON_STK_NAME, UNIT_BABYLONIAN_SABUM_KIBITTUM (196608), 35, 68, -9999, -9999, 2048, ffffffff
055, LOC_CIVILIZATION_BABYLON_STK_NAME, UNIT_BABYLONIAN_SABUM_KIBITTUM (196608), 35, 68, -9999, -9999, 2064, ffffffff
055, LOC_CIVILIZATION_BABYLON_STK_NAME, UNIT_BABYLONIAN_SABUM_KIBITTUM (196608), 35, 68, -9999, -9999, 2065, ffffffff
055, LOC_CIVILIZATION_BABYLON_STK_NAME, UNIT_BABYLONIAN_SABUM_KIBITTUM (196608), 35, 68, -9999, -9999, 2048, ffffffff
055, LOC_CIVILIZATION_BABYLON_STK_NAME, UNIT_WARRIOR (131073), 37, 71, -9999, -9999, 2320, ffffffff
055, LOC_CIVILIZATION_BABYLON_STK_NAME, UNIT_WARRIOR (131073), 37, 71, -9999, -9999, 2321, ffffffff
055, LOC_CIVILIZATION_BABYLON_STK_NAME, UNIT_WARRIOR (131073), 37, 71, -9999, -9999, 2304, ffffffff
055, LOC_CIVILIZATION_BABYLON_STK_NAME, UNIT_WARRIOR (131073), 37, 71, -9999, -9999, 2370, ffffffff
055, LOC_CIVILIZATION_BABYLON_STK_NAME, UNIT_WARRIOR (131073), 37, 71, 27, 69, 256, 3ed22358
055, LOC_CIVILIZATION_BABYLON_STK_NAME, UNIT_WARRIOR (131073), 37, 71, -9999, -9999, 2370, ffffffff
055, LOC_CIVILIZATION_BABYLON_STK_NAME, UNIT_WARRIOR (131073), 37, 71, 27, 69, 256, 3ed22358
055, LOC_CIVILIZATION_BABYLON_STK_NAME, UNIT_BUILDER (3670027), 72, 57, -9999, -9999, 2320, ffffffff
055, LOC_CIVILIZATION_BABYLON_STK_NAME, UNIT_BUILDER (3670027), 72, 57, -9999, -9999, 2321, ffffffff
055, LOC_CIVILIZATION_BABYLON_STK_NAME, UNIT_BUILDER (3670027), 72, 57, -9999, -9999, 2304, ffffffff
055, LOC_CIVILIZATION_BABYLON_STK_NAME, UNIT_BUILDER (3670027), 72, 57, 72, 54, 16640, 919cb4d3
055, LOC_CIVILIZATION_BABYLON_STK_NAME, UNIT_BUILDER (3670027), 72, 57, 72, 55, 16640, 7a1fc02f
055, LOC_CIVILIZATION_BABYLON_STK_NAME, UNIT_BUILDER (3670027), 72, 57, 72, 56, 16640, d8a88166
055, LOC_CIVILIZATION_BABYLON_STK_NAME, UNIT_BUILDER (3276822), 73, 52, -9999, -9999, 2320, ffffffff
055, LOC_CIVILIZATION_BABYLON_STK_NAME, UNIT_BUILDER (3276822), 73, 52, -9999, -9999, 2321, ffffffff
055, LOC_CIVILIZATION_BABYLON_STK_NAME, UNIT_BUILDER (3276822), 73, 52, -9999, -9999, 2304, ffffffff
055, LOC_CIVILIZATION_BABYLON_STK_NAME, UNIT_BUILDER (3276822), 73, 52, 71, 53, 16640, bdf28595
055, LOC_CIVILIZATION_BABYLON_STK_NAME, UNIT_BUILDER (3276822), 73, 52, 70, 53, 16640, 7806bd68
055, LOC_CIVILIZATION_BABYLON_STK_NAME, UNIT_BUILDER (3276822), 73, 52, 71, 53, 16640, bdf28595
055, LOC_CIVILIZATION_BABYLON_STK_NAME, UNIT_BUILDER (3276822), 73, 52, 72, 53, 16640, 69248b90
055, LOC_CIVILIZATION_BABYLON_STK_NAME, UNIT_BUILDER (3276822), 73, 52, 72, 52, 16640, 20a471da
055, LOC_CIVILIZATION_BABYLON_STK_NAME, UNIT_BUILDER (3276822), 73, 52, 72, 52, 16640, 20a471da
055, LOC_CIVILIZATION_BABYLON_STK_NAME, UNIT_BUILDER (3276822), 73, 52, 71, 53, 16640, bdf28595
055, LOC_CIVILIZATION_BABYLON_STK_NAME, UNIT_BUILDER (3276822), 71, 53, -9999, -9999, 2064, ffffffff
055, LOC_CIVILIZATION_BABYLON_STK_NAME, UNIT_BUILDER (3276822), 71, 53, -9999, -9999, 2065, ffffffff
055, LOC_CIVILIZATION_BABYLON_STK_NAME, UNIT_BUILDER (3276822), 71, 53, -9999, -9999, 2048, ffffffff
055, LOC_CIVILIZATION_BABYLON_STK_NAME, UNIT_BUILDER (3276822), 71, 53, -9999, -9999, 2064, ffffffff
055, LOC_CIVILIZATION_BABYLON_STK_NAME, UNIT_BUILDER (3276822), 71, 53, -9999, -9999, 2065, ffffffff
055, LOC_CIVILIZATION_BABYLON_STK_NAME, UNIT_BUILDER (3276822), 71, 53, -9999, -9999, 2048, ffffffff
055, LOC_CIVILIZATION_BABYLON_STK_NAME, UNIT_BUILDER (3276822), 71, 53, -9999, -9999, 2064, ffffffff
055, LOC_CIVILIZATION_BABYLON_STK_NAME, UNIT_BUILDER (3276822), 71, 53, -9999, -9999, 2065, ffffffff
055, LOC_CIVILIZATION_BABYLON_STK_NAME, UNIT_BUILDER (3276822), 71, 53, -9999, -9999, 2048, ffffffff
055, LOC_CIVILIZATION_BABYLON_STK_NAME, UNIT_BUILDER (3276822), 71, 53, -9999, -9999, 2064, ffffffff
055, LOC_CIVILIZATION_BABYLON_STK_NAME, UNIT_BUILDER (3276822), 71, 53, -9999, -9999, 2065, ffffffff
055, LOC_CIVILIZATION_BABYLON_STK_NAME, UNIT_BUILDER (3276822), 71, 53, -9999, -9999, 2048, ffffffff
055, LOC_CIVILIZATION_BABYLON_STK_NAME, UNIT_BUILDER (2883596), 73, 53, -9999, -9999, 2320, ffffffff
055, LOC_CIVILIZATION_BABYLON_STK_NAME, UNIT_BUILDER (2883596), 73, 53, -9999, -9999, 2321, ffffffff
055, LOC_CIVILIZATION_BABYLON_STK_NAME, UNIT_BUILDER (2883596), 73, 53, -9999, -9999, 2304, ffffffff
055, LOC_CIVILIZATION_BABYLON_STK_NAME, UNIT_BUILDER (2883596), 73, 53, -9999, -9999, 2320, ffffffff
055, LOC_CIVILIZATION_BABYLON_STK_NAME, UNIT_BUILDER (2883596), 73, 53, -9999, -9999, 2321, ffffffff
055, LOC_CIVILIZATION_BABYLON_STK_NAME, UNIT_BUILDER (2883596), 73, 53, -9999, -9999, 2304, ffffffff
055, LOC_CIVILIZATION_BABYLON_STK_NAME, UNIT_GREAT_ENGINEER (3211266), 68, 48, -9999, -9999, 2320, ffffffff
055, LOC_CIVILIZATION_BABYLON_STK_NAME, UNIT_GREAT_ENGINEER (3211266), 68, 48, -9999, -9999, 2321, ffffffff
055, LOC_CIVILIZATION_BABYLON_STK_NAME, UNIT_GREAT_ENGINEER (3211266), 68, 48, -9999, -9999, 2304, ffffffff
055, LOC_CIVILIZATION_BABYLON_STK_NAME, UNIT_GREAT_ENGINEER (3211266), 68, 48, -9999, -9999, 2320, ffffffff
055, LOC_CIVILIZATION_BABYLON_STK_NAME, UNIT_GREAT_ENGINEER (3211266), 68, 48, -9999, -9999, 2321, ffffffff
055, LOC_CIVILIZATION_BABYLON_STK_NAME, UNIT_GREAT_ENGINEER (3211266), 68, 48, -9999, -9999, 2304, ffffffff
055, LOC_CIVILIZATION_BABYLON_STK_NAME, UNIT_GREAT_ENGINEER (3211266), 68, 48, -9999, -9999, 2320, ffffffff
055, LOC_CIVILIZATION_BABYLON_STK_NAME, UNIT_GREAT_ENGINEER (3211266), 68, 48, -9999, -9999, 2321, ffffffff
055, LOC_CIVILIZATION_BABYLON_STK_NAME, UNIT_GREAT_ENGINEER (3211266), 68, 48, -9999, -9999, 2304, ffffffff
055, LOC_CIVILIZATION_BABYLON_STK_NAME, UNIT_BUILDER (3145737), 78, 53, -9999, -9999, 2320, ffffffff
055, LOC_CIVILIZATION_BABYLON_STK_NAME, UNIT_BUILDER (3145737), 78, 53, -9999, -9999, 2321, ffffffff
055, LOC_CIVILIZATION_BABYLON_STK_NAME, UNIT_BUILDER (3145737), 78, 53, -9999, -9999, 2304, ffffffff
055, LOC_CIVILIZATION_BABYLON_STK_NAME, UNIT_BUILDER (3014663), 76, 57, -9999, -9999, 2320, ffffffff
055, LOC_CIVILIZATION_BABYLON_STK_NAME, UNIT_BUILDER (3014663), 76, 57, -9999, -9999, 2321, ffffffff
055, LOC_CIVILIZATION_BABYLON_STK_NAME, UNIT_BUILDER (3014663), 76, 57, -9999, -9999, 2304, ffffffff
055, LOC_CIVILIZATION_BABYLON_STK_NAME, UNIT_BUILDER (3014663), 76, 57, 77, 55, 16640, 253e2e0c
055, LOC_CIVILIZATION_BABYLON_STK_NAME, UNIT_BUILDER (3014663), 77, 55, -9999, -9999, 2064, ffffffff
055, LOC_CIVILIZATION_BABYLON_STK_NAME, UNIT_BUILDER (3014663), 77, 55, -9999, -9999, 2065, ffffffff
055, LOC_CIVILIZATION_BABYLON_STK_NAME, UNIT_BUILDER (3014663), 77, 55, -9999, -9999, 2048, ffffffff
055, LOC_CIVILIZATION_BABYLON_STK_NAME, UNIT_BUILDER (3014663), 77, 55, -9999, -9999, 2064, ffffffff
055, LOC_CIVILIZATION_BABYLON_STK_NAME, UNIT_BUILDER (3014663), 77, 55, -9999, -9999, 2065, ffffffff
055, LOC_CIVILIZATION_BABYLON_STK_NAME, UNIT_BUILDER (3014663), 77, 55, -9999, -9999, 2048, ffffffff
055, LOC_CIVILIZATION_BABYLON_STK_NAME, UNIT_BUILDER (3014663), 77, 55, -9999, -9999, 2064, ffffffff
055, LOC_CIVILIZATION_BABYLON_STK_NAME, UNIT_BUILDER (3014663), 77, 55, -9999, -9999, 2065, ffffffff
055, LOC_CIVILIZATION_BABYLON_STK_NAME, UNIT_BUILDER (3014663), 77, 55, -9999, -9999, 2048, ffffffff
055, LOC_CIVILIZATION_BABYLON_STK_NAME, UNIT_BUILDER (3145737), 78, 53, -9999, -9999, 2320, ffffffff
055, LOC_CIVILIZATION_BABYLON_STK_NAME, UNIT_BUILDER (3145737), 78, 53, -9999, -9999, 2321, ffffffff
055, LOC_CIVILIZATION_BABYLON_STK_NAME, UNIT_BUILDER (3145737), 78, 53, -9999, -9999, 2304, ffffffff
055, LOC_CIVILIZATION_BABYLON_STK_NAME, UNIT_BUILDER (3014663), 77, 55, -9999, -9999, 2064, ffffffff
055, LOC_CIVILIZATION_BABYLON_STK_NAME, UNIT_BUILDER (3014663), 77, 55, -9999, -9999, 2065, ffffffff
055, LOC_CIVILIZATION_BABYLON_STK_NAME, UNIT_BUILDER (3014663), 77, 55, -9999, -9999, 2048, ffffffff
055, LOC_CIVILIZATION_BABYLON_STK_NAME, UNIT_BUILDER (3014663), 77, 55, -9999, -9999, 2064, ffffffff
055, LOC_CIVILIZATION_BABYLON_STK_NAME, UNIT_BUILDER (3014663), 77, 55, -9999, -9999, 2065, ffffffff
055, LOC_CIVILIZATION_BABYLON_STK_NAME, UNIT_BUILDER (3014663), 77, 55, -9999, -9999, 2048, ffffffff
055, LOC_CIVILIZATION_BABYLON_STK_NAME, UNIT_BUILDER (3670027), 72, 57, -9999, -9999, 2320, ffffffff
055, LOC_CIVILIZATION_BABYLON_STK_NAME, UNIT_BUILDER (3670027), 72, 57, -9999, -9999, 2321, ffffffff
055, LOC_CIVILIZATION_BABYLON_STK_NAME, UNIT_BUILDER (3670027), 72, 57, -9999, -9999, 2304, ffffffff
055, LOC_CIVILIZATION_BABYLON_STK_NAME, UNIT_BUILDER (3014663), 77, 55, 76, 57, 16384, 866d183b
055, LOC_CIVILIZATION_BABYLON_STK_NAME, UNIT_BUILDER (3145737), 78, 53, 77, 55, 16384, ffffffff
055, LOC_CIVILIZATION_BABYLON_STK_NAME, UNIT_BUILDER (3145737), 78, 53, 77, 55, 16384, ffffffff
055, LOC_CIVILIZATION_BABYLON_STK_NAME, UNIT_BUILDER (3670027), 72, 57, -9999, -9999, 2320, ffffffff
055, LOC_CIVILIZATION_BABYLON_STK_NAME, UNIT_BUILDER (3670027), 72, 57, -9999, -9999, 2321, ffffffff
055, LOC_CIVILIZATION_BABYLON_STK_NAME, UNIT_BUILDER (3670027), 72, 57, -9999, -9999, 2304, ffffffff
055, LOC_CIVILIZATION_BABYLON_STK_NAME, UNIT_BUILDER (3407896), 73, 60, -9999, -9999, 2320, ffffffff
055, LOC_CIVILIZATION_BABYLON_STK_NAME, UNIT_BUILDER (3407896), 73, 60, -9999, -9999, 2321, ffffffff
055, LOC_CIVILIZATION_BABYLON_STK_NAME, UNIT_BUILDER (3407896), 73, 60, -9999, -9999, 2304, ffffffff
055, LOC_CIVILIZATION_BABYLON_STK_NAME, UNIT_BUILDER (3670027), 72, 57, -9999, -9999, 2320, ffffffff
055, LOC_CIVILIZATION_BABYLON_STK_NAME, UNIT_BUILDER (3670027), 72, 57, -9999, -9999, 2321, ffffffff
055, LOC_CIVILIZATION_BABYLON_STK_NAME, UNIT_BUILDER (3670027), 72, 57, -9999, -9999, 2304, ffffffff
055, LOC_CIVILIZATION_BABYLON_STK_NAME, UNIT_BUILDER (3670027), 72, 57, 71, 58, 16640, b0bd75e5
055, LOC_CIVILIZATION_BABYLON_STK_NAME, UNIT_BUILDER (3670027), 71, 58, -9999, -9999, 2064, ffffffff
055, LOC_CIVILIZATION_BABYLON_STK_NAME, UNIT_BUILDER (3670027), 71, 58, -9999, -9999, 2065, ffffffff
055, LOC_CIVILIZATION_BABYLON_STK_NAME, UNIT_BUILDER (3670027), 71, 58, -9999, -9999, 2048, ffffffff
055, LOC_CIVILIZATION_BABYLON_STK_NAME, UNIT_BUILDER (3670027), 71, 58, -9999, -9999, 2064, ffffffff
055, LOC_CIVILIZATION_BABYLON_STK_NAME, UNIT_BUILDER (3670027), 71, 58, -9999, -9999, 2065, ffffffff
055, LOC_CIVILIZATION_BABYLON_STK_NAME, UNIT_BUILDER (3670027), 71, 58, -9999, -9999, 2048, ffffffff
055, LOC_CIVILIZATION_BABYLON_STK_NAME, UNIT_BUILDER (3670027), 71, 58, -9999, -9999, 2064, ffffffff
055, LOC_CIVILIZATION_BABYLON_STK_NAME, UNIT_BUILDER (3670027), 71, 58, -9999, -9999, 2065, ffffffff
055, LOC_CIVILIZATION_BABYLON_STK_NAME, UNIT_BUILDER (3670027), 71, 58, -9999, -9999, 2048, ffffffff
055, LOC_CIVILIZATION_BABYLON_STK_NAME, UNIT_BUILDER (3670027), 71, 58, 70, 59, 4, 38f8a26f
055, LOC_CIVILIZATION_BABYLON_STK_NAME, UNIT_BUILDER (3670027), 71, 58, 70, 59, 16384, 38f8a26f
055, LOC_CIVILIZATION_BABYLON_STK_NAME, UNIT_BUILDER (3670027), 71, 58, 70, 59, 4, 38f8a26f
055, LOC_CIVILIZATION_BABYLON_STK_NAME, UNIT_BUILDER (3407896), 73, 60, -9999, -9999, 2320, ffffffff
055, LOC_CIVILIZATION_BABYLON_STK_NAME, UNIT_BUILDER (3407896), 73, 60, -9999, -9999, 2321, ffffffff
055, LOC_CIVILIZATION_BABYLON_STK_NAME, UNIT_BUILDER (3407896), 73, 60, -9999, -9999, 2304, ffffffff
055, LOC_CIVILIZATION_BABYLON_STK_NAME, UNIT_BUILDER (3407896), 73, 60, 77, 60, 16640, 1a18a151
055, LOC_CIVILIZATION_BABYLON_STK_NAME, UNIT_BUILDER (3407896), 74, 59, -9999, -9999, 2064, ffffffff
055, LOC_CIVILIZATION_BABYLON_STK_NAME, UNIT_BUILDER (3407896), 74, 59, -9999, -9999, 2065, ffffffff
055, LOC_CIVILIZATION_BABYLON_STK_NAME, UNIT_BUILDER (3407896), 74, 59, -9999, -9999, 2048, ffffffff
055, LOC_CIVILIZATION_BABYLON_STK_NAME, UNIT_BUILDER (3407896), 74, 59, -9999, -9999, 2064, ffffffff
055, LOC_CIVILIZATION_BABYLON_STK_NAME, UNIT_BUILDER (3407896), 74, 59, -9999, -9999, 2065, ffffffff
055, LOC_CIVILIZATION_BABYLON_STK_NAME, UNIT_BUILDER (3407896), 74, 59, -9999, -9999, 2048, ffffffff
055, LOC_CIVILIZATION_BABYLON_STK_NAME, UNIT_BUILDER (3407896), 74, 59, -9999, -9999, 2064, ffffffff
055, LOC_CIVILIZATION_BABYLON_STK_NAME, UNIT_BUILDER (3407896), 74, 59, -9999, -9999, 2065, ffffffff
055, LOC_CIVILIZATION_BABYLON_STK_NAME, UNIT_BUILDER (3407896), 74, 59, -9999, -9999, 2048, ffffffff
055, LOC_CIVILIZATION_BABYLON_STK_NAME, UNIT_BUILDER (3407896), 74, 59, -9999, -9999, 2064, ffffffff
055, LOC_CIVILIZATION_BABYLON_STK_NAME, UNIT_BUILDER (3407896), 74, 59, -9999, -9999, 2065, ffffffff
055, LOC_CIVILIZATION_BABYLON_STK_NAME, UNIT_BUILDER (3407896), 74, 59, -9999, -9999, 2048, ffffffff
055, LOC_CIVILIZATION_BABYLON_STK_NAME, UNIT_BUILDER (3735570), 72, 57, -9999, -9999, 2320, ffffffff
055, LOC_CIVILIZATION_BABYLON_STK_NAME, UNIT_BUILDER (3735570), 72, 57, -9999, -9999, 2321, ffffffff
055, LOC_CIVILIZATION_BABYLON_STK_NAME, UNIT_BUILDER (3735570), 72, 57, -9999, -9999, 2304, ffffffff
055, LOC_CIVILIZATION_BABYLON_STK_NAME, UNIT_BUILDER (3735570), 72, 57, 72, 54, 16640, 919cb4d3
055, LOC_CIVILIZATION_BABYLON_STK_NAME, UNIT_BUILDER (3735570), 72, 54, -9999, -9999, 2064, ffffffff
055, LOC_CIVILIZATION_BABYLON_STK_NAME, UNIT_BUILDER (3735570), 72, 54, -9999, -9999, 2065, ffffffff
055, LOC_CIVILIZATION_BABYLON_STK_NAME, UNIT_BUILDER (3735570), 72, 54, -9999, -9999, 2048, ffffffff
055, LOC_CIVILIZATION_BABYLON_STK_NAME, UNIT_BUILDER (3735570), 72, 54, -9999, -9999, 2064, ffffffff
055, LOC_CIVILIZATION_BABYLON_STK_NAME, UNIT_BUILDER (3735570), 72, 54, -9999, -9999, 2065, ffffffff
055, LOC_CIVILIZATION_BABYLON_STK_NAME, UNIT_BUILDER (3735570), 72, 54, -9999, -9999, 2048, ffffffff
055, LOC_CIVILIZATION_BABYLON_STK_NAME, UNIT_BUILDER (3735570), 72, 54, -9999, -9999, 2064, ffffffff
055, LOC_CIVILIZATION_BABYLON_STK_NAME, UNIT_BUILDER (3735570), 72, 54, -9999, -9999, 2065, ffffffff
055, LOC_CIVILIZATION_BABYLON_STK_NAME, UNIT_BUILDER (3735570), 72, 54, -9999, -9999, 2048, ffffffff
055, LOC_CIVILIZATION_BABYLON_STK_NAME, UNIT_BUILDER (3735570), 72, 54, -9999, -9999, 2064, ffffffff
055, LOC_CIVILIZATION_BABYLON_STK_NAME, UNIT_BUILDER (3735570), 72, 54, -9999, -9999, 2065, ffffffff
055, LOC_CIVILIZATION_BABYLON_STK_NAME, UNIT_BUILDER (3735570), 72, 54, -9999, -9999, 2048, ffffffff
055, LOC_CIVILIZATION_BABYLON_STK_NAME, UNIT_BUILDER (3735570), 72, 54, -9999, -9999, 2064, ffffffff
055, LOC_CIVILIZATION_BABYLON_STK_NAME, UNIT_BUILDER (3735570), 72, 54, -9999, -9999, 2065, ffffffff
055, LOC_CIVILIZATION_BABYLON_STK_NAME, UNIT_BUILDER (3735570), 72, 54, -9999, -9999, 2048, ffffffff
055, LOC_CIVILIZATION_BABYLON_STK_NAME, UNIT_GREAT_ENGINEER (3211266), 68, 48, -9999, -9999, 2320, ffffffff
055, LOC_CIVILIZATION_BABYLON_STK_NAME, UNIT_GREAT_ENGINEER (3211266), 68, 48, -9999, -9999, 2321, ffffffff
055, LOC_CIVILIZATION_BABYLON_STK_NAME, UNIT_GREAT_ENGINEER (3211266), 68, 48, -9999, -9999, 2304, ffffffff
055, LOC_CIVILIZATION_BABYLON_STK_NAME, UNIT_GREAT_ENGINEER (3211266), 68, 48, 68, 50, 16640, 7288069c
055, LOC_CIVILIZATION_BABYLON_STK_NAME, UNIT_GREAT_ENGINEER (3211266), 68, 50, -9999, -9999, 2064, ffffffff
055, LOC_CIVILIZATION_BABYLON_STK_NAME, UNIT_GREAT_ENGINEER (3211266), 68, 50, -9999, -9999, 2065, ffffffff
055, LOC_CIVILIZATION_BABYLON_STK_NAME, UNIT_GREAT_ENGINEER (3211266), 68, 50, -9999, -9999, 2048, ffffffff
055, LOC_CIVILIZATION_BABYLON_STK_NAME, UNIT_GREAT_ENGINEER (3211266), 68, 50, -9999, -9999, 2064, ffffffff
055, LOC_CIVILIZATION_BABYLON_STK_NAME, UNIT_GREAT_ENGINEER (3211266), 68, 50, -9999, -9999, 2065, ffffffff
055, LOC_CIVILIZATION_BABYLON_STK_NAME, UNIT_GREAT_ENGINEER (3211266), 68, 50, -9999, -9999, 2048, ffffffff
055, LOC_CIVILIZATION_BABYLON_STK_NAME, UNIT_GREAT_ENGINEER (3211266), 68, 50, -9999, -9999, 2064, ffffffff
055, LOC_CIVILIZATION_BABYLON_STK_NAME, UNIT_GREAT_ENGINEER (3211266), 68, 50, -9999, -9999, 2065, ffffffff
055, LOC_CIVILIZATION_BABYLON_STK_NAME, UNIT_GREAT_ENGINEER (3211266), 68, 50, -9999, -9999, 2048, ffffffff
055, LOC_CIVILIZATION_BABYLON_STK_NAME, UNIT_GREAT_ENGINEER (3211266), 68, 50, -9999, -9999, 2064, ffffffff
055, LOC_CIVILIZATION_BABYLON_STK_NAME, UNIT_GREAT_ENGINEER (3211266), 68, 50, -9999, -9999, 2065, ffffffff
055, LOC_CIVILIZATION_BABYLON_STK_NAME, UNIT_GREAT_ENGINEER (3211266), 68, 50, -9999, -9999, 2048, ffffffff
055, LOC_CIVILIZATION_BABYLON_STK_NAME, UNIT_GREAT_ENGINEER (3211266), 78, 55, -9999, -9999, 2064, ffffffff
055, LOC_CIVILIZATION_BABYLON_STK_NAME, UNIT_GREAT_ENGINEER (3211266), 78, 55, -9999, -9999, 2065, ffffffff
055, LOC_CIVILIZATION_BABYLON_STK_NAME, UNIT_GREAT_ENGINEER (3211266), 78, 55, -9999, -9999, 2048, ffffffff
055, LOC_CIVILIZATION_BABYLON_STK_NAME, UNIT_BUILDER (3342359), 77, 48, -9999, -9999, 2320, ffffffff
055, LOC_CIVILIZATION_BABYLON_STK_NAME, UNIT_BUILDER (3342359), 77, 48, -9999, -9999, 2321, ffffffff
055, LOC_CIVILIZATION_BABYLON_STK_NAME, UNIT_BUILDER (3342359), 77, 48, -9999, -9999, 2304, ffffffff
055, LOC_CIVILIZATION_BABYLON_STK_NAME, UNIT_BUILDER (3538964), 73, 46, 72, 46, 16640, b0188313
055, LOC_CIVILIZATION_BABYLON_STK_NAME, UNIT_BUILDER (3538964), 73, 46, -9999, -9999, 2320, ffffffff
055, LOC_CIVILIZATION_BABYLON_STK_NAME, UNIT_BUILDER (3538964), 73, 46, -9999, -9999, 2321, ffffffff
055, LOC_CIVILIZATION_BABYLON_STK_NAME, UNIT_BUILDER (3538964), 73, 46, -9999, -9999, 2304, ffffffff
055, LOC_CIVILIZATION_BABYLON_STK_NAME, UNIT_BUILDER (3342359), 77, 48, -9999, -9999, 2320, ffffffff
055, LOC_CIVILIZATION_BABYLON_STK_NAME, UNIT_BUILDER (3342359), 77, 48, -9999, -9999, 2321, ffffffff
055, LOC_CIVILIZATION_BABYLON_STK_NAME, UNIT_BUILDER (3342359), 77, 48, -9999, -9999, 2304, ffffffff
055, LOC_CIVILIZATION_BABYLON_STK_NAME, UNIT_BUILDER (3670027), 71, 58, 70, 59, 4, 38f8a26f
055, LOC_CIVILIZATION_BABYLON_STK_NAME, UNIT_BUILDER (3670027), 71, 58, 70, 59, 16384, 38f8a26f
055, LOC_CIVILIZATION_BABYLON_STK_NAME, UNIT_BUILDER (3670027), 71, 58, -9999, -9999, 2064, ffffffff
055, LOC_CIVILIZATION_BABYLON_STK_NAME, UNIT_BUILDER (3670027), 71, 58, -9999, -9999, 2065, ffffffff
055, LOC_CIVILIZATION_BABYLON_STK_NAME, UNIT_BUILDER (3670027), 71, 58, -9999, -9999, 2048, ffffffff
055, LOC_CIVILIZATION_BABYLON_STK_NAME, UNIT_HEAVY_CHARIOT (1179651), 76, 46, -9999, -9999, 2320, ffffffff
055, LOC_CIVILIZATION_BABYLON_STK_NAME, UNIT_HEAVY_CHARIOT (1179651), 76, 46, -9999, -9999, 2321, ffffffff
055, LOC_CIVILIZATION_BABYLON_STK_NAME, UNIT_HEAVY_CHARIOT (1179651), 76, 46, -9999, -9999, 2304, ffffffff
055, LOC_CIVILIZATION_BABYLON_STK_NAME, UNIT_HEAVY_CHARIOT (1179651), 76, 46, -9999, -9999, 2370, ffffffff
055, LOC_CIVILIZATION_BABYLON_STK_NAME, UNIT_HEAVY_CHARIOT (1179651), 76, 46, 26, 69, 256, d2041ce4
055, LOC_CIVILIZATION_BABYLON_STK_NAME, UNIT_BUILDER (3342359), 77, 48, -9999, -9999, 2320, ffffffff
055, LOC_CIVILIZATION_BABYLON_STK_NAME, UNIT_BUILDER (3342359), 77, 48, -9999, -9999, 2321, ffffffff
055, LOC_CIVILIZATION_BABYLON_STK_NAME, UNIT_BUILDER (3342359), 77, 48, -9999, -9999, 2304, ffffffff
055, LOC_CIVILIZATION_BABYLON_STK_NAME, UNIT_BUILDER (3604495), 77, 44, 78, 45, 16640, be3eff84
055, LOC_CIVILIZATION_BABYLON_STK_NAME, UNIT_BUILDER (3604495), 77, 44, -9999, -9999, 2320, ffffffff
055, LOC_CIVILIZATION_BABYLON_STK_NAME, UNIT_BUILDER (3604495), 77, 44, -9999, -9999, 2321, ffffffff
055, LOC_CIVILIZATION_BABYLON_STK_NAME, UNIT_BUILDER (3604495), 77, 44, -9999, -9999, 2304, ffffffff
055, LOC_CIVILIZATION_BABYLON_STK_NAME, UNIT_BUILDER (3604495), 78, 45, -9999, -9999, 2064, ffffffff
055, LOC_CIVILIZATION_BABYLON_STK_NAME, UNIT_BUILDER (3604495), 78, 45, -9999, -9999, 2065, ffffffff
055, LOC_CIVILIZATION_BABYLON_STK_NAME, UNIT_BUILDER (3604495), 78, 45, -9999, -9999, 2048, ffffffff
055, LOC_CIVILIZATION_BABYLON_STK_NAME, UNIT_BUILDER (3342359), 77, 48, -9999, -9999, 2320, ffffffff
055, LOC_CIVILIZATION_BABYLON_STK_NAME, UNIT_BUILDER (3342359), 77, 48, -9999, -9999, 2321, ffffffff
055, LOC_CIVILIZATION_BABYLON_STK_NAME, UNIT_BUILDER (3342359), 77, 48, -9999, -9999, 2304, ffffffff
055, LOC_CIVILIZATION_BABYLON_STK_NAME, UNIT_BUILDER (3342359), 77, 48, -9999, -9999, 2320, ffffffff
055, LOC_CIVILIZATION_BABYLON_STK_NAME, UNIT_BUILDER (3342359), 77, 48, -9999, -9999, 2321, ffffffff
055, LOC_CIVILIZATION_BABYLON_STK_NAME, UNIT_BUILDER (3342359), 77, 48, -9999, -9999, 2304, ffffffff
055, LOC_CIVILIZATION_BABYLON_STK_NAME, UNIT_BUILDER (3342359), 77, 48, -9999, -9999, 2064, ffffffff
055, LOC_CIVILIZATION_BABYLON_STK_NAME, UNIT_BUILDER (3342359), 77, 48, -9999, -9999, 2065, ffffffff
055, LOC_CIVILIZATION_BABYLON_STK_NAME, UNIT_BUILDER (3342359), 77, 48, -9999, -9999, 2048, ffffffff
055, LOC_CIVILIZATION_BABYLON_STK_NAME, UNIT_BUILDER (3801113), 76, 46, -9999, -9999, 2320, ffffffff
055, LOC_CIVILIZATION_BABYLON_STK_NAME, UNIT_BUILDER (3801113), 76, 46, -9999, -9999, 2321, ffffffff
055, LOC_CIVILIZATION_BABYLON_STK_NAME, UNIT_BUILDER (3801113), 76, 46, -9999, -9999, 2304, ffffffff
055, LOC_CIVILIZATION_BABYLON_STK_NAME, UNIT_BUILDER (3801113), 76, 46, -9999, -9999, 2320, ffffffff
055, LOC_CIVILIZATION_BABYLON_STK_NAME, UNIT_BUILDER (3801113), 76, 46, -9999, -9999, 2321, ffffffff
055, LOC_CIVILIZATION_BABYLON_STK_NAME, UNIT_BUILDER (3801113), 76, 46, -9999, -9999, 2304, ffffffff
055, LOC_CIVILIZATION_BABYLON_STK_NAME, UNIT_BUILDER (3801113), 76, 46, -9999, -9999, 2320, ffffffff
055, LOC_CIVILIZATION_BABYLON_STK_NAME, UNIT_BUILDER (3801113), 76, 46, -9999, -9999, 2321, ffffffff
055, LOC_CIVILIZATION_BABYLON_STK_NAME, UNIT_BUILDER (3801113), 76, 46, -9999, -9999, 2304, ffffffff
055, LOC_CIVILIZATION_BABYLON_STK_NAME, UNIT_BUILDER (3801113), 76, 46, 73, 48, 16640,  35a45e7
055, LOC_CIVILIZATION_BABYLON_STK_NAME, UNIT_BUILDER (3801113), 73, 48, -9999, -9999, 2064, ffffffff
055, LOC_CIVILIZATION_BABYLON_STK_NAME, UNIT_BUILDER (3801113), 73, 48, -9999, -9999, 2065, ffffffff
055, LOC_CIVILIZATION_BABYLON_STK_NAME, UNIT_BUILDER (3801113), 73, 48, -9999, -9999, 2048, ffffffff
055, LOC_CIVILIZATION_BABYLON_STK_NAME, UNIT_BUILDER (3801113), 73, 48, -9999, -9999, 2064, ffffffff
055, LOC_CIVILIZATION_BABYLON_STK_NAME, UNIT_BUILDER (3801113), 73, 48, -9999, -9999, 2065, ffffffff
055, LOC_CIVILIZATION_BABYLON_STK_NAME, UNIT_BUILDER (3801113), 73, 48, -9999, -9999, 2048, ffffffff
055, LOC_CIVILIZATION_BABYLON_STK_NAME, UNIT_BUILDER (3801113), 73, 48, -9999, -9999, 2064, ffffffff
055, LOC_CIVILIZATION_BABYLON_STK_NAME, UNIT_BUILDER (3801113), 73, 48, -9999, -9999, 2065, ffffffff
055, LOC_CIVILIZATION_BABYLON_STK_NAME, UNIT_BUILDER (3801113), 73, 48, -9999, -9999, 2048, ffffffff
055, LOC_CIVILIZATION_BABYLON_STK_NAME, UNIT_BUILDER (3801113), 73, 48, 72, 48, 16384, 5d85df27
055, LOC_CIVILIZATION_BABYLON_STK_NAME, UNIT_BUILDER (2949130), 67, 50, 66, 49, 16640, 5a9292ac
055, LOC_CIVILIZATION_BABYLON_STK_NAME, UNIT_BUILDER (2949130), 67, 50, -9999, -9999, 2320, ffffffff
055, LOC_CIVILIZATION_BABYLON_STK_NAME, UNIT_BUILDER (2949130), 67, 50, -9999, -9999, 2321, ffffffff
055, LOC_CIVILIZATION_BABYLON_STK_NAME, UNIT_BUILDER (2949130), 67, 50, -9999, -9999, 2304, ffffffff
055, LOC_CIVILIZATION_BABYLON_STK_NAME, UNIT_BUILDER (2949130), 66, 49, -9999, -9999, 2064, ffffffff
055, LOC_CIVILIZATION_BABYLON_STK_NAME, UNIT_BUILDER (2949130), 66, 49, -9999, -9999, 2065, ffffffff
055, LOC_CIVILIZATION_BABYLON_STK_NAME, UNIT_BUILDER (2949130), 66, 49, -9999, -9999, 2048, ffffffff
055, LOC_CIVILIZATION_BABYLON_STK_NAME, UNIT_BUILDER (2949130), 66, 49, -9999, -9999, 2064, ffffffff
055, LOC_CIVILIZATION_BABYLON_STK_NAME, UNIT_BUILDER (2949130), 66, 49, -9999, -9999, 2065, ffffffff
055, LOC_CIVILIZATION_BABYLON_STK_NAME, UNIT_BUILDER (2949130), 66, 49, -9999, -9999, 2048, ffffffff
055, LOC_CIVILIZATION_BABYLON_STK_NAME, UNIT_BUILDER (2949130), 66, 49, 65, 49, 4, 478ca1e9
055, LOC_CIVILIZATION_BABYLON_STK_NAME, UNIT_BUILDER (2949130), 66, 49, 65, 49, 16384, 478ca1e9
055, LOC_CIVILIZATION_BABYLON_STK_NAME, UNIT_BUILDER (2949130), 66, 49, 65, 49, 4, 478ca1e9
055, LOC_CIVILIZATION_BABYLON_STK_NAME, UNIT_BUILDER (2949130), 65, 49, -9999, -9999, 2064, ffffffff
055, LOC_CIVILIZATION_BABYLON_STK_NAME, UNIT_BUILDER (2949130), 65, 49, -9999, -9999, 2065, ffffffff
055, LOC_CIVILIZATION_BABYLON_STK_NAME, UNIT_BUILDER (2949130), 65, 49, -9999, -9999, 2048, ffffffff
055, LOC_CIVILIZATION_BABYLON_STK_NAME, UNIT_BUILDER (2949130), 65, 49, -9999, -9999, 2064, ffffffff
055, LOC_CIVILIZATION_BABYLON_STK_NAME, UNIT_BUILDER (2949130), 65, 49, -9999, -9999, 2065, ffffffff
055, LOC_CIVILIZATION_BABYLON_STK_NAME, UNIT_BUILDER (2949130), 65, 49, -9999, -9999, 2048, ffffffff
055, LOC_CIVILIZATION_BABYLON_STK_NAME, UNIT_BUILDER (2949130), 65, 49, -9999, -9999, 2064, ffffffff
055, LOC_CIVILIZATION_BABYLON_STK_NAME, UNIT_BUILDER (2949130), 65, 49, -9999, -9999, 2065, ffffffff
055, LOC_CIVILIZATION_BABYLON_STK_NAME, UNIT_BUILDER (2949130), 65, 49, -9999, -9999, 2048, ffffffff
055, LOC_CIVILIZATION_BABYLON_STK_NAME, UNIT_WARRIOR (131073), 37, 71, -9999, -9999, 2320, ffffffff
055, LOC_CIVILIZATION_BABYLON_STK_NAME, UNIT_WARRIOR (131073), 37, 71, -9999, -9999, 2321, ffffffff
055, LOC_CIVILIZATION_BABYLON_STK_NAME, UNIT_WARRIOR (131073), 37, 71, -9999, -9999, 2304, ffffffff
055, LOC_CIVILIZATION_BABYLON_STK_NAME, UNIT_WARRIOR (131073), 37, 71, -9999, -9999, 2370, ffffffff
055, LOC_CIVILIZATION_BABYLON_STK_NAME, UNIT_WARRIOR (131073), 37, 71, 27, 69, 256, 71aada26
055, LOC_CIVILIZATION_BABYLON_STK_NAME, UNIT_WARRIOR (131073), 37, 71, -9999, -9999, 2370, ffffffff
055, LOC_CIVILIZATION_BABYLON_STK_NAME, UNIT_WARRIOR (131073), 37, 71, 27, 69, 256, 71aada26
055, LOC_CIVILIZATION_BABYLON_STK_NAME, UNIT_WARRIOR (131073), 37, 71, -9999, -9999, 2320, ffffffff
055, LOC_CIVILIZATION_BABYLON_STK_NAME, UNIT_WARRIOR (131073), 37, 71, -9999, -9999, 2321, ffffffff
055, LOC_CIVILIZATION_BABYLON_STK_NAME, UNIT_WARRIOR (131073), 37, 71, -9999, -9999, 2304, ffffffff
055, LOC_CIVILIZATION_BABYLON_STK_NAME, UNIT_WARRIOR (131073), 37, 71, -9999, -9999, 2370, ffffffff
055, LOC_CIVILIZATION_BABYLON_STK_NAME, UNIT_WARRIOR (131073), 37, 71, 27, 69, 256, 71aada26
055, LOC_CIVILIZATION_BABYLON_STK_NAME, UNIT_WARRIOR (131073), 37, 71, 36, 71, 16656, dd68f020
055, LOC_CIVILIZATION_BABYLON_STK_NAME, UNIT_WARRIOR (131073), 36, 71, -9999, -9999, 2064, ffffffff
055, LOC_CIVILIZATION_BABYLON_STK_NAME, UNIT_WARRIOR (131073), 36, 71, -9999, -9999, 2065, ffffffff
055, LOC_CIVILIZATION_BABYLON_STK_NAME, UNIT_WARRIOR (131073), 36, 71, -9999, -9999, 2048, ffffffff
055, LOC_CIVILIZATION_BABYLON_STK_NAME, UNIT_WARRIOR (131073), 36, 71, -9999, -9999, 2114, ffffffff
055, LOC_CIVILIZATION_BABYLON_STK_NAME, UNIT_WARRIOR (131073), 36, 71, 27, 69, 0, bcb540fa
055, LOC_CIVILIZATION_BABYLON_STK_NAME, UNIT_WARRIOR (131073), 36, 71, -9999, -9999, 2064, ffffffff
055, LOC_CIVILIZATION_BABYLON_STK_NAME, UNIT_WARRIOR (131073), 36, 71, -9999, -9999, 2065, ffffffff
055, LOC_CIVILIZATION_BABYLON_STK_NAME, UNIT_WARRIOR (131073), 36, 71, -9999, -9999, 2048, ffffffff
055, LOC_CIVILIZATION_BABYLON_STK_NAME, UNIT_WARRIOR (131073), 36, 71, -9999, -9999, 2114, ffffffff
055, LOC_CIVILIZATION_BABYLON_STK_NAME, UNIT_WARRIOR (131073), 36, 71, 27, 69, 0, bcb540fa
055, LOC_CIVILIZATION_BABYLON_STK_NAME, UNIT_BUILDER (3670027), 71, 58, 70, 59, 4, 38f8a26f
055, LOC_CIVILIZATION_BABYLON_STK_NAME, UNIT_BUILDER (3670027), 71, 58, 70, 59, 16384, 38f8a26f
055, LOC_CIVILIZATION_BABYLON_STK_NAME, UNIT_BUILDER (3670027), 71, 58, -9999, -9999, 2064, ffffffff
055, LOC_CIVILIZATION_BABYLON_STK_NAME, UNIT_BUILDER (3670027), 71, 58, -9999, -9999, 2065, ffffffff
055, LOC_CIVILIZATION_BABYLON_STK_NAME, UNIT_BUILDER (3670027), 71, 58, -9999, -9999, 2048, ffffffff
055, LOC_CIVILIZATION_BABYLON_STK_NAME, UNIT_BUILDER (3407896), 74, 59, 77, 60, 16384, 20a433e3
055, LOC_CIVILIZATION_BABYLON_STK_NAME, UNIT_BUILDER (3407896), 74, 59, -9999, -9999, 2064, ffffffff
055, LOC_CIVILIZATION_BABYLON_STK_NAME, UNIT_BUILDER (3407896), 74, 59, -9999, -9999, 2065, ffffffff
055, LOC_CIVILIZATION_BABYLON_STK_NAME, UNIT_BUILDER (3407896), 74, 59, -9999, -9999, 2048, ffffffff
055, LOC_CIVILIZATION_BABYLON_STK_NAME, UNIT_BUILDER (3145737), 78, 53, 77, 55, 16384, ffffffff
055, LOC_CIVILIZATION_BABYLON_STK_NAME, UNIT_BUILDER (3145737), 78, 53, 77, 55, 16384, ffffffff
055, LOC_CIVILIZATION_BABYLON_STK_NAME, UNIT_BUILDER (3014663), 77, 55, 76, 57, 16384, 866d183b
055, LOC_CIVILIZATION_BABYLON_STK_NAME, UNIT_BUILDER (3145737), 78, 53, 77, 55, 16384, ffffffff
055, LOC_CIVILIZATION_BABYLON_STK_NAME, UNIT_BUILDER (3145737), 78, 53, 77, 56, 16384, e5f7f646
055, LOC_CIVILIZATION_BABYLON_STK_NAME, UNIT_BUILDER (3145737), 78, 53, 77, 55, 16384, ffffffff
055, LOC_CIVILIZATION_BABYLON_STK_NAME, UNIT_BUILDER (3145737), 78, 53, 77, 55, 16384, ffffffff
056, LOC_CIVILIZATION_BABYLON_STK_NAME, UNIT_BABYLONIAN_SABUM_KIBITTUM (196608), 35, 68, -9999, -9999, 2320, ffffffff
056, LOC_CIVILIZATION_BABYLON_STK_NAME, UNIT_BABYLONIAN_SABUM_KIBITTUM (196608), 35, 68, -9999, -9999, 2321, ffffffff
056, LOC_CIVILIZATION_BABYLON_STK_NAME, UNIT_BABYLONIAN_SABUM_KIBITTUM (196608), 35, 68, -9999, -9999, 2304, ffffffff
056, LOC_CIVILIZATION_BABYLON_STK_NAME, UNIT_BABYLONIAN_SABUM_KIBITTUM (196608), 35, 68, -9999, -9999, 2370, ffffffff
056, LOC_CIVILIZATION_BABYLON_STK_NAME, UNIT_BABYLONIAN_SABUM_KIBITTUM (196608), 35, 68, 27, 69, 256, 93655272
056, LOC_CIVILIZATION_BABYLON_STK_NAME, UNIT_BABYLONIAN_SABUM_KIBITTUM (196608), 35, 68, -9999, -9999, 2370, ffffffff
056, LOC_CIVILIZATION_BABYLON_STK_NAME, UNIT_BABYLONIAN_SABUM_KIBITTUM (196608), 35, 68, 27, 69, 256, 93655272
056, LOC_CIVILIZATION_BABYLON_STK_NAME, UNIT_BABYLONIAN_SABUM_KIBITTUM (196608), 35, 68, 38, 68, 16656, d75b7bec
056, LOC_CIVILIZATION_BABYLON_STK_NAME, UNIT_BABYLONIAN_SABUM_KIBITTUM (196608), 38, 68, -9999, -9999, 2064, ffffffff
056, LOC_CIVILIZATION_BABYLON_STK_NAME, UNIT_BABYLONIAN_SABUM_KIBITTUM (196608), 38, 68, -9999, -9999, 2065, ffffffff
056, LOC_CIVILIZATION_BABYLON_STK_NAME, UNIT_BABYLONIAN_SABUM_KIBITTUM (196608), 38, 68, -9999, -9999, 2048, ffffffff
056, LOC_CIVILIZATION_BABYLON_STK_NAME, UNIT_BABYLONIAN_SABUM_KIBITTUM (196608), 38, 68, -9999, -9999, 2064, ffffffff
056, LOC_CIVILIZATION_BABYLON_STK_NAME, UNIT_BABYLONIAN_SABUM_KIBITTUM (196608), 38, 68, -9999, -9999, 2065, ffffffff
056, LOC_CIVILIZATION_BABYLON_STK_NAME, UNIT_BABYLONIAN_SABUM_KIBITTUM (196608), 38, 68, -9999, -9999, 2048, ffffffff
056, LOC_CIVILIZATION_BABYLON_STK_NAME, UNIT_WARRIOR (131073), 36, 71, -9999, -9999, 2320, ffffffff
056, LOC_CIVILIZATION_BABYLON_STK_NAME, UNIT_WARRIOR (131073), 36, 71, -9999, -9999, 2321, ffffffff
056, LOC_CIVILIZATION_BABYLON_STK_NAME, UNIT_WARRIOR (131073), 36, 71, -9999, -9999, 2304, ffffffff
056, LOC_CIVILIZATION_BABYLON_STK_NAME, UNIT_WARRIOR (131073), 36, 71, -9999, -9999, 2370, ffffffff
056, LOC_CIVILIZATION_BABYLON_STK_NAME, UNIT_WARRIOR (131073), 36, 71, 27, 69, 256, 7d2c9a46
056, LOC_CIVILIZATION_BABYLON_STK_NAME, UNIT_WARRIOR (131073), 36, 71, -9999, -9999, 2370, ffffffff
056, LOC_CIVILIZATION_BABYLON_STK_NAME, UNIT_WARRIOR (131073), 36, 71, 27, 69, 256, 7d2c9a46
056, LOC_CIVILIZATION_BABYLON_STK_NAME, UNIT_BUILDER (2949130), 65, 49, -9999, -9999, 2320, ffffffff
056, LOC_CIVILIZATION_BABYLON_STK_NAME, UNIT_BUILDER (2949130), 65, 49, -9999, -9999, 2321, ffffffff
056, LOC_CIVILIZATION_BABYLON_STK_NAME, UNIT_BUILDER (2949130), 65, 49, -9999, -9999, 2304, ffffffff
056, LOC_CIVILIZATION_BABYLON_STK_NAME, UNIT_BUILDER (2949130), 65, 49, -9999, -9999, 2320, ffffffff
056, LOC_CIVILIZATION_BABYLON_STK_NAME, UNIT_BUILDER (2949130), 65, 49, -9999, -9999, 2321, ffffffff
056, LOC_CIVILIZATION_BABYLON_STK_NAME, UNIT_BUILDER (2949130), 65, 49, -9999, -9999, 2304, ffffffff
056, LOC_CIVILIZATION_BABYLON_STK_NAME, UNIT_BUILDER (2949130), 65, 49, 66, 49, 16640, dbb609e4
056, LOC_CIVILIZATION_BABYLON_STK_NAME, UNIT_BUILDER (2949130), 65, 49, 65, 51, 16640, e558a70b
056, LOC_CIVILIZATION_BABYLON_STK_NAME, UNIT_BUILDER (2949130), 65, 49, -9999, -9999, 2320, ffffffff
056, LOC_CIVILIZATION_BABYLON_STK_NAME, UNIT_BUILDER (2949130), 65, 49, -9999, -9999, 2321, ffffffff
056, LOC_CIVILIZATION_BABYLON_STK_NAME, UNIT_BUILDER (2949130), 65, 49, -9999, -9999, 2304, ffffffff
056, LOC_CIVILIZATION_BABYLON_STK_NAME, UNIT_BUILDER (2949130), 65, 51, -9999, -9999, 2064, ffffffff
056, LOC_CIVILIZATION_BABYLON_STK_NAME, UNIT_BUILDER (2949130), 65, 51, -9999, -9999, 2065, ffffffff
056, LOC_CIVILIZATION_BABYLON_STK_NAME, UNIT_BUILDER (2949130), 65, 51, -9999, -9999, 2048, ffffffff
056, LOC_CIVILIZATION_BABYLON_STK_NAME, UNIT_BUILDER (2949130), 65, 51, -9999, -9999, 2064, ffffffff
056, LOC_CIVILIZATION_BABYLON_STK_NAME, UNIT_BUILDER (2949130), 65, 51, -9999, -9999, 2065, ffffffff
056, LOC_CIVILIZATION_BABYLON_STK_NAME, UNIT_BUILDER (2949130), 65, 51, -9999, -9999, 2048, ffffffff
056, LOC_CIVILIZATION_BABYLON_STK_NAME, UNIT_BUILDER (2949130), 65, 51, -9999, -9999, 2064, ffffffff
056, LOC_CIVILIZATION_BABYLON_STK_NAME, UNIT_BUILDER (2949130), 65, 51, -9999, -9999, 2065, ffffffff
056, LOC_CIVILIZATION_BABYLON_STK_NAME, UNIT_BUILDER (2949130), 65, 51, -9999, -9999, 2048, ffffffff
056, LOC_CIVILIZATION_BABYLON_STK_NAME, UNIT_BUILDER (3735570), 72, 54, -9999, -9999, 2320, ffffffff
056, LOC_CIVILIZATION_BABYLON_STK_NAME, UNIT_BUILDER (3735570), 72, 54, -9999, -9999, 2321, ffffffff
056, LOC_CIVILIZATION_BABYLON_STK_NAME, UNIT_BUILDER (3735570), 72, 54, -9999, -9999, 2304, ffffffff
056, LOC_CIVILIZATION_BABYLON_STK_NAME, UNIT_BUILDER (3276822), 71, 53, -9999, -9999, 2320, ffffffff
056, LOC_CIVILIZATION_BABYLON_STK_NAME, UNIT_BUILDER (3276822), 71, 53, -9999, -9999, 2321, ffffffff
056, LOC_CIVILIZATION_BABYLON_STK_NAME, UNIT_BUILDER (3276822), 71, 53, -9999, -9999, 2304, ffffffff
056, LOC_CIVILIZATION_BABYLON_STK_NAME, UNIT_BUILDER (2883596), 73, 53, -9999, -9999, 2320, ffffffff
056, LOC_CIVILIZATION_BABYLON_STK_NAME, UNIT_BUILDER (2883596), 73, 53, -9999, -9999, 2321, ffffffff
056, LOC_CIVILIZATION_BABYLON_STK_NAME, UNIT_BUILDER (2883596), 73, 53, -9999, -9999, 2304, ffffffff
056, LOC_CIVILIZATION_BABYLON_STK_NAME, UNIT_BUILDER (2883596), 73, 53, 73, 52, 16640, 77c969ea
056, LOC_CIVILIZATION_BABYLON_STK_NAME, UNIT_BUILDER (2883596), 73, 53, 74, 52, 16640, f9466e09
056, LOC_CIVILIZATION_BABYLON_STK_NAME, UNIT_BUILDER (2883596), 73, 53, 73, 52, 16640, 77c969ea
056, LOC_CIVILIZATION_BABYLON_STK_NAME, UNIT_BUILDER (2883596), 73, 53, 74, 52, 16640, f9466e09
056, LOC_CIVILIZATION_BABYLON_STK_NAME, UNIT_BUILDER (3735570), 72, 54, -9999, -9999, 2320, ffffffff
056, LOC_CIVILIZATION_BABYLON_STK_NAME, UNIT_BUILDER (3735570), 72, 54, -9999, -9999, 2321, ffffffff
056, LOC_CIVILIZATION_BABYLON_STK_NAME, UNIT_BUILDER (3735570), 72, 54, -9999, -9999, 2304, ffffffff
056, LOC_CIVILIZATION_BABYLON_STK_NAME, UNIT_BUILDER (3735570), 72, 54, 73, 51, 16640, d9f34701
056, LOC_CIVILIZATION_BABYLON_STK_NAME, UNIT_BUILDER (3735570), 73, 51, -9999, -9999, 2064, ffffffff
056, LOC_CIVILIZATION_BABYLON_STK_NAME, UNIT_BUILDER (3735570), 73, 51, -9999, -9999, 2065, ffffffff
056, LOC_CIVILIZATION_BABYLON_STK_NAME, UNIT_BUILDER (3735570), 73, 51, -9999, -9999, 2048, ffffffff
056, LOC_CIVILIZATION_BABYLON_STK_NAME, UNIT_BUILDER (3735570), 73, 51, -9999, -9999, 2064, ffffffff
056, LOC_CIVILIZATION_BABYLON_STK_NAME, UNIT_BUILDER (3735570), 73, 51, -9999, -9999, 2065, ffffffff
056, LOC_CIVILIZATION_BABYLON_STK_NAME, UNIT_BUILDER (3735570), 73, 51, -9999, -9999, 2048, ffffffff
056, LOC_CIVILIZATION_BABYLON_STK_NAME, UNIT_BUILDER (3735570), 73, 51, -9999, -9999, 2064, ffffffff
056, LOC_CIVILIZATION_BABYLON_STK_NAME, UNIT_BUILDER (3735570), 73, 51, -9999, -9999, 2065, ffffffff
056, LOC_CIVILIZATION_BABYLON_STK_NAME, UNIT_BUILDER (3735570), 73, 51, -9999, -9999, 2048, ffffffff
056, LOC_CIVILIZATION_BABYLON_STK_NAME, UNIT_BUILDER (2883596), 73, 53, -9999, -9999, 2320, ffffffff
056, LOC_CIVILIZATION_BABYLON_STK_NAME, UNIT_BUILDER (2883596), 73, 53, -9999, -9999, 2321, ffffffff
056, LOC_CIVILIZATION_BABYLON_STK_NAME, UNIT_BUILDER (2883596), 73, 53, -9999, -9999, 2304, ffffffff
056, LOC_CIVILIZATION_BABYLON_STK_NAME, UNIT_BUILDER (2883596), 73, 53, 74, 52, 16640, f9466e09
056, LOC_CIVILIZATION_BABYLON_STK_NAME, UNIT_BUILDER (3276822), 71, 53, -9999, -9999, 2320, ffffffff
056, LOC_CIVILIZATION_BABYLON_STK_NAME, UNIT_BUILDER (3276822), 71, 53, -9999, -9999, 2321, ffffffff
056, LOC_CIVILIZATION_BABYLON_STK_NAME, UNIT_BUILDER (3276822), 71, 53, -9999, -9999, 2304, ffffffff
056, LOC_CIVILIZATION_BABYLON_STK_NAME, UNIT_BUILDER (3276822), 71, 53, -9999, -9999, 2320, ffffffff
056, LOC_CIVILIZATION_BABYLON_STK_NAME, UNIT_BUILDER (3276822), 71, 53, -9999, -9999, 2321, ffffffff
056, LOC_CIVILIZATION_BABYLON_STK_NAME, UNIT_BUILDER (3276822), 71, 53, -9999, -9999, 2304, ffffffff
056, LOC_CIVILIZATION_BABYLON_STK_NAME, UNIT_BUILDER (3276822), 71, 53, 72, 54, 16640, 1674bf4c
056, LOC_CIVILIZATION_BABYLON_STK_NAME, UNIT_BUILDER (3276822), 72, 54, -9999, -9999, 2064, ffffffff
056, LOC_CIVILIZATION_BABYLON_STK_NAME, UNIT_BUILDER (3276822), 72, 54, -9999, -9999, 2065, ffffffff
056, LOC_CIVILIZATION_BABYLON_STK_NAME, UNIT_BUILDER (3276822), 72, 54, -9999, -9999, 2048, ffffffff
056, LOC_CIVILIZATION_BABYLON_STK_NAME, UNIT_BUILDER (3276822), 72, 54, -9999, -9999, 2064, ffffffff
056, LOC_CIVILIZATION_BABYLON_STK_NAME, UNIT_BUILDER (3276822), 72, 54, -9999, -9999, 2065, ffffffff
056, LOC_CIVILIZATION_BABYLON_STK_NAME, UNIT_BUILDER (3276822), 72, 54, -9999, -9999, 2048, ffffffff
056, LOC_CIVILIZATION_BABYLON_STK_NAME, UNIT_BUILDER (2949130), 65, 51, -9999, -9999, 2064, ffffffff
056, LOC_CIVILIZATION_BABYLON_STK_NAME, UNIT_BUILDER (2949130), 65, 51, -9999, -9999, 2065, ffffffff
056, LOC_CIVILIZATION_BABYLON_STK_NAME, UNIT_BUILDER (2949130), 65, 51, -9999, -9999, 2048, ffffffff
056, LOC_CIVILIZATION_BABYLON_STK_NAME, UNIT_GREAT_ENGINEER (3211266), 78, 55, -9999, -9999, 2320, ffffffff
056, LOC_CIVILIZATION_BABYLON_STK_NAME, UNIT_GREAT_ENGINEER (3211266), 78, 55, -9999, -9999, 2321, ffffffff
056, LOC_CIVILIZATION_BABYLON_STK_NAME, UNIT_GREAT_ENGINEER (3211266), 78, 55, -9999, -9999, 2304, ffffffff
056, LOC_CIVILIZATION_BABYLON_STK_NAME, UNIT_GREAT_ENGINEER (3211266), 78, 55, 77, 55, 260, daf64f85
056, LOC_CIVILIZATION_BABYLON_STK_NAME, UNIT_BUILDER (3014663), 77, 55, 78, 55, 260, 46cce788
056, LOC_CIVILIZATION_BABYLON_STK_NAME, UNIT_BUILDER (3014663), 77, 55, 76, 57, 16640, 866d183b
056, LOC_CIVILIZATION_BABYLON_STK_NAME, UNIT_BUILDER (3014663), 77, 55, -9999, -9999, 2320, ffffffff
056, LOC_CIVILIZATION_BABYLON_STK_NAME, UNIT_BUILDER (3014663), 77, 55, -9999, -9999, 2321, ffffffff
056, LOC_CIVILIZATION_BABYLON_STK_NAME, UNIT_BUILDER (3014663), 77, 55, -9999, -9999, 2304, ffffffff
056, LOC_CIVILIZATION_BABYLON_STK_NAME, UNIT_BUILDER (3014663), 76, 57, -9999, -9999, 2064, ffffffff
056, LOC_CIVILIZATION_BABYLON_STK_NAME, UNIT_BUILDER (3014663), 76, 57, -9999, -9999, 2065, ffffffff
056, LOC_CIVILIZATION_BABYLON_STK_NAME, UNIT_BUILDER (3014663), 76, 57, -9999, -9999, 2048, ffffffff
056, LOC_CIVILIZATION_BABYLON_STK_NAME, UNIT_BUILDER (3014663), 76, 57, -9999, -9999, 2064, ffffffff
056, LOC_CIVILIZATION_BABYLON_STK_NAME, UNIT_BUILDER (3014663), 76, 57, -9999, -9999, 2065, ffffffff
056, LOC_CIVILIZATION_BABYLON_STK_NAME, UNIT_BUILDER (3014663), 76, 57, -9999, -9999, 2048, ffffffff
056, LOC_CIVILIZATION_BABYLON_STK_NAME, UNIT_BUILDER (3014663), 76, 57, -9999, -9999, 2064, ffffffff
056, LOC_CIVILIZATION_BABYLON_STK_NAME, UNIT_BUILDER (3014663), 76, 57, -9999, -9999, 2065, ffffffff
056, LOC_CIVILIZATION_BABYLON_STK_NAME, UNIT_BUILDER (3014663), 76, 57, -9999, -9999, 2048, ffffffff
056, LOC_CIVILIZATION_BABYLON_STK_NAME, UNIT_BUILDER (3145737), 78, 53, -9999, -9999, 2320, ffffffff
056, LOC_CIVILIZATION_BABYLON_STK_NAME, UNIT_BUILDER (3145737), 78, 53, -9999, -9999, 2321, ffffffff
056, LOC_CIVILIZATION_BABYLON_STK_NAME, UNIT_BUILDER (3145737), 78, 53, -9999, -9999, 2304, ffffffff
056, LOC_CIVILIZATION_BABYLON_STK_NAME, UNIT_BUILDER (3145737), 78, 53, -9999, -9999, 2320, ffffffff
056, LOC_CIVILIZATION_BABYLON_STK_NAME, UNIT_BUILDER (3145737), 78, 53, -9999, -9999, 2321, ffffffff
056, LOC_CIVILIZATION_BABYLON_STK_NAME, UNIT_BUILDER (3145737), 78, 53, -9999, -9999, 2304, ffffffff
056, LOC_CIVILIZATION_BABYLON_STK_NAME, UNIT_BUILDER (3145737), 78, 53, -9999, -9999, 2320, ffffffff
056, LOC_CIVILIZATION_BABYLON_STK_NAME, UNIT_BUILDER (3145737), 78, 53, -9999, -9999, 2321, ffffffff
056, LOC_CIVILIZATION_BABYLON_STK_NAME, UNIT_BUILDER (3145737), 78, 53, -9999, -9999, 2304, ffffffff
056, LOC_CIVILIZATION_BABYLON_STK_NAME, UNIT_BUILDER (3145737), 78, 53, -9999, -9999, 2320, ffffffff
056, LOC_CIVILIZATION_BABYLON_STK_NAME, UNIT_BUILDER (3145737), 78, 53, -9999, -9999, 2321, ffffffff
056, LOC_CIVILIZATION_BABYLON_STK_NAME, UNIT_BUILDER (3145737), 78, 53, -9999, -9999, 2304, ffffffff
056, LOC_CIVILIZATION_BABYLON_STK_NAME, UNIT_BUILDER (3145737), 78, 53, 77, 55, 16640, 9ed8ca05
056, LOC_CIVILIZATION_BABYLON_STK_NAME, UNIT_BUILDER (3145737), 78, 53, 78, 55, 16640, ffffffff
056, LOC_CIVILIZATION_BABYLON_STK_NAME, UNIT_BUILDER (3145737), 78, 53, 79, 56, 16640, 4fec5b90
056, LOC_CIVILIZATION_BABYLON_STK_NAME, UNIT_BUILDER (3145737), 79, 56, -9999, -9999, 2064, ffffffff
056, LOC_CIVILIZATION_BABYLON_STK_NAME, UNIT_BUILDER (3145737), 79, 56, -9999, -9999, 2065, ffffffff
056, LOC_CIVILIZATION_BABYLON_STK_NAME, UNIT_BUILDER (3145737), 79, 56, -9999, -9999, 2048, ffffffff
056, LOC_CIVILIZATION_BABYLON_STK_NAME, UNIT_BUILDER (3145737), 79, 56, -9999, -9999, 2064, ffffffff
056, LOC_CIVILIZATION_BABYLON_STK_NAME, UNIT_BUILDER (3145737), 79, 56, -9999, -9999, 2065, ffffffff
056, LOC_CIVILIZATION_BABYLON_STK_NAME, UNIT_BUILDER (3145737), 79, 56, -9999, -9999, 2048, ffffffff
056, LOC_CIVILIZATION_BABYLON_STK_NAME, UNIT_BUILDER (3145737), 79, 56, -9999, -9999, 2064, ffffffff
056, LOC_CIVILIZATION_BABYLON_STK_NAME, UNIT_BUILDER (3145737), 79, 56, -9999, -9999, 2065, ffffffff
056, LOC_CIVILIZATION_BABYLON_STK_NAME, UNIT_BUILDER (3145737), 79, 56, -9999, -9999, 2048, ffffffff
056, LOC_CIVILIZATION_BABYLON_STK_NAME, UNIT_BUILDER (3145737), 79, 56, -9999, -9999, 2064, ffffffff
056, LOC_CIVILIZATION_BABYLON_STK_NAME, UNIT_BUILDER (3145737), 79, 56, -9999, -9999, 2065, ffffffff
056, LOC_CIVILIZATION_BABYLON_STK_NAME, UNIT_BUILDER (3145737), 79, 56, -9999, -9999, 2048, ffffffff
056, LOC_CIVILIZATION_BABYLON_STK_NAME, UNIT_GREAT_ENGINEER (3211266), 78, 55, -9999, -9999, 2320, ffffffff
056, LOC_CIVILIZATION_BABYLON_STK_NAME, UNIT_GREAT_ENGINEER (3211266), 78, 55, -9999, -9999, 2321, ffffffff
056, LOC_CIVILIZATION_BABYLON_STK_NAME, UNIT_GREAT_ENGINEER (3211266), 78, 55, -9999, -9999, 2304, ffffffff
056, LOC_CIVILIZATION_BABYLON_STK_NAME, UNIT_GREAT_ENGINEER (3211266), 78, 55, -9999, -9999, 2320, ffffffff
056, LOC_CIVILIZATION_BABYLON_STK_NAME, UNIT_GREAT_ENGINEER (3211266), 78, 55, -9999, -9999, 2321, ffffffff
056, LOC_CIVILIZATION_BABYLON_STK_NAME, UNIT_GREAT_ENGINEER (3211266), 78, 55, -9999, -9999, 2304, ffffffff
056, LOC_CIVILIZATION_BABYLON_STK_NAME, UNIT_GREAT_ENGINEER (3211266), 78, 55, 77, 55, 16640, daf64f85
056, LOC_CIVILIZATION_BABYLON_STK_NAME, UNIT_GREAT_ENGINEER (3211266), 77, 55, -9999, -9999, 2064, ffffffff
056, LOC_CIVILIZATION_BABYLON_STK_NAME, UNIT_GREAT_ENGINEER (3211266), 77, 55, -9999, -9999, 2065, ffffffff
056, LOC_CIVILIZATION_BABYLON_STK_NAME, UNIT_GREAT_ENGINEER (3211266), 77, 55, -9999, -9999, 2048, ffffffff
056, LOC_CIVILIZATION_BABYLON_STK_NAME, UNIT_GREAT_ENGINEER (3211266), 77, 55, -9999, -9999, 2064, ffffffff
056, LOC_CIVILIZATION_BABYLON_STK_NAME, UNIT_GREAT_ENGINEER (3211266), 77, 55, -9999, -9999, 2065, ffffffff
056, LOC_CIVILIZATION_BABYLON_STK_NAME, UNIT_GREAT_ENGINEER (3211266), 77, 55, -9999, -9999, 2048, ffffffff
056, LOC_CIVILIZATION_BABYLON_STK_NAME, UNIT_BUILDER (3932187), 73, 49, -9999, -9999, 2320, ffffffff
056, LOC_CIVILIZATION_BABYLON_STK_NAME, UNIT_BUILDER (3932187), 73, 49, -9999, -9999, 2321, ffffffff
056, LOC_CIVILIZATION_BABYLON_STK_NAME, UNIT_BUILDER (3932187), 73, 49, -9999, -9999, 2304, ffffffff
056, LOC_CIVILIZATION_BABYLON_STK_NAME, UNIT_BUILDER (3932187), 73, 49, -9999, -9999, 2320, ffffffff
056, LOC_CIVILIZATION_BABYLON_STK_NAME, UNIT_BUILDER (3932187), 73, 49, -9999, -9999, 2321, ffffffff
056, LOC_CIVILIZATION_BABYLON_STK_NAME, UNIT_BUILDER (3932187), 73, 49, -9999, -9999, 2304, ffffffff
056, LOC_CIVILIZATION_BABYLON_STK_NAME, UNIT_BUILDER (3801113), 73, 48, 72, 48, 16640, 5d85df27
056, LOC_CIVILIZATION_BABYLON_STK_NAME, UNIT_BUILDER (3801113), 73, 48, -9999, -9999, 2320, ffffffff
056, LOC_CIVILIZATION_BABYLON_STK_NAME, UNIT_BUILDER (3801113), 73, 48, -9999, -9999, 2321, ffffffff
056, LOC_CIVILIZATION_BABYLON_STK_NAME, UNIT_BUILDER (3801113), 73, 48, -9999, -9999, 2304, ffffffff
056, LOC_CIVILIZATION_BABYLON_STK_NAME, UNIT_BUILDER (3538964), 72, 46, -9999, -9999, 2320, ffffffff
056, LOC_CIVILIZATION_BABYLON_STK_NAME, UNIT_BUILDER (3538964), 72, 46, -9999, -9999, 2321, ffffffff
056, LOC_CIVILIZATION_BABYLON_STK_NAME, UNIT_BUILDER (3538964), 72, 46, -9999, -9999, 2304, ffffffff
056, LOC_CIVILIZATION_BABYLON_STK_NAME, UNIT_BUILDER (3538964), 72, 46, -9999, -9999, 2320, ffffffff
056, LOC_CIVILIZATION_BABYLON_STK_NAME, UNIT_BUILDER (3538964), 72, 46, -9999, -9999, 2321, ffffffff
056, LOC_CIVILIZATION_BABYLON_STK_NAME, UNIT_BUILDER (3538964), 72, 46, -9999, -9999, 2304, ffffffff
056, LOC_CIVILIZATION_BABYLON_STK_NAME, UNIT_BUILDER (3538964), 72, 46, -9999, -9999, 2320, ffffffff
056, LOC_CIVILIZATION_BABYLON_STK_NAME, UNIT_BUILDER (3538964), 72, 46, -9999, -9999, 2321, ffffffff
056, LOC_CIVILIZATION_BABYLON_STK_NAME, UNIT_BUILDER (3538964), 72, 46, -9999, -9999, 2304, ffffffff
056, LOC_CIVILIZATION_BABYLON_STK_NAME, UNIT_BUILDER (3932187), 73, 49, -9999, -9999, 2320, ffffffff
056, LOC_CIVILIZATION_BABYLON_STK_NAME, UNIT_BUILDER (3932187), 73, 49, -9999, -9999, 2321, ffffffff
056, LOC_CIVILIZATION_BABYLON_STK_NAME, UNIT_BUILDER (3932187), 73, 49, -9999, -9999, 2304, ffffffff
056, LOC_CIVILIZATION_BABYLON_STK_NAME, UNIT_BUILDER (3932187), 73, 49, 70, 50, 16640, abb7a4e2
056, LOC_CIVILIZATION_BABYLON_STK_NAME, UNIT_BUILDER (3932187), 70, 50, -9999, -9999, 2064, ffffffff
056, LOC_CIVILIZATION_BABYLON_STK_NAME, UNIT_BUILDER (3932187), 70, 50, -9999, -9999, 2065, ffffffff
056, LOC_CIVILIZATION_BABYLON_STK_NAME, UNIT_BUILDER (3932187), 70, 50, -9999, -9999, 2048, ffffffff
056, LOC_CIVILIZATION_BABYLON_STK_NAME, UNIT_BUILDER (3932187), 70, 50, -9999, -9999, 2064, ffffffff
056, LOC_CIVILIZATION_BABYLON_STK_NAME, UNIT_BUILDER (3932187), 70, 50, -9999, -9999, 2065, ffffffff
056, LOC_CIVILIZATION_BABYLON_STK_NAME, UNIT_BUILDER (3932187), 70, 50, -9999, -9999, 2048, ffffffff
056, LOC_CIVILIZATION_BABYLON_STK_NAME, UNIT_BUILDER (3932187), 70, 50, -9999, -9999, 2064, ffffffff
056, LOC_CIVILIZATION_BABYLON_STK_NAME, UNIT_BUILDER (3932187), 70, 50, -9999, -9999, 2065, ffffffff
056, LOC_CIVILIZATION_BABYLON_STK_NAME, UNIT_BUILDER (3932187), 70, 50, -9999, -9999, 2048, ffffffff
056, LOC_CIVILIZATION_BABYLON_STK_NAME, UNIT_BUILDER (3604495), 78, 45, -9999, -9999, 2320, ffffffff
056, LOC_CIVILIZATION_BABYLON_STK_NAME, UNIT_BUILDER (3604495), 78, 45, -9999, -9999, 2321, ffffffff
056, LOC_CIVILIZATION_BABYLON_STK_NAME, UNIT_BUILDER (3604495), 78, 45, -9999, -9999, 2304, ffffffff
056, LOC_CIVILIZATION_BABYLON_STK_NAME, UNIT_BUILDER (3604495), 78, 45, -9999, -9999, 2320, ffffffff
056, LOC_CIVILIZATION_BABYLON_STK_NAME, UNIT_BUILDER (3604495), 78, 45, -9999, -9999, 2321, ffffffff
056, LOC_CIVILIZATION_BABYLON_STK_NAME, UNIT_BUILDER (3604495), 78, 45, -9999, -9999, 2304, ffffffff
056, LOC_CIVILIZATION_BABYLON_STK_NAME, UNIT_BUILDER (3342359), 77, 48, -9999, -9999, 2320, ffffffff
056, LOC_CIVILIZATION_BABYLON_STK_NAME, UNIT_BUILDER (3342359), 77, 48, -9999, -9999, 2321, ffffffff
056, LOC_CIVILIZATION_BABYLON_STK_NAME, UNIT_BUILDER (3342359), 77, 48, -9999, -9999, 2304, ffffffff
056, LOC_CIVILIZATION_BABYLON_STK_NAME, UNIT_BUILDER (3342359), 77, 48, 77, 49, 16384, 515b95b1
056, LOC_CIVILIZATION_BABYLON_STK_NAME, UNIT_BUILDER (2949130), 65, 51, -9999, -9999, 2064, ffffffff
056, LOC_CIVILIZATION_BABYLON_STK_NAME, UNIT_BUILDER (2949130), 65, 51, -9999, -9999, 2065, ffffffff
056, LOC_CIVILIZATION_BABYLON_STK_NAME, UNIT_BUILDER (2949130), 65, 51, -9999, -9999, 2048, ffffffff
056, LOC_CIVILIZATION_BABYLON_STK_NAME, UNIT_BUILDER (2949130), 65, 51, -9999, -9999, 2064, ffffffff
056, LOC_CIVILIZATION_BABYLON_STK_NAME, UNIT_BUILDER (2949130), 65, 51, -9999, -9999, 2065, ffffffff
056, LOC_CIVILIZATION_BABYLON_STK_NAME, UNIT_BUILDER (2949130), 65, 51, -9999, -9999, 2048, ffffffff
056, LOC_CIVILIZATION_BABYLON_STK_NAME, UNIT_BUILDER (2949130), 65, 51, -9999, -9999, 2064, ffffffff
056, LOC_CIVILIZATION_BABYLON_STK_NAME, UNIT_BUILDER (2949130), 65, 51, -9999, -9999, 2065, ffffffff
056, LOC_CIVILIZATION_BABYLON_STK_NAME, UNIT_BUILDER (2949130), 65, 51, -9999, -9999, 2048, ffffffff
056, LOC_CIVILIZATION_BABYLON_STK_NAME, UNIT_BUILDER (3342359), 77, 48, 77, 49, 16384, 515b95b1
056, LOC_CIVILIZATION_BABYLON_STK_NAME, UNIT_BUILDER (3735570), 73, 51, 73, 52, 16384, 2193ce6c
056, LOC_CIVILIZATION_BABYLON_STK_NAME, UNIT_BUILDER (3735570), 73, 51, 73, 52, 16384, 2193ce6c
056, LOC_CIVILIZATION_BABYLON_STK_NAME, UNIT_BUILDER (3407896), 74, 59, 77, 60, 16640, 20a433e3
056, LOC_CIVILIZATION_BABYLON_STK_NAME, UNIT_BUILDER (3407896), 74, 59, -9999, -9999, 2320, ffffffff
056, LOC_CIVILIZATION_BABYLON_STK_NAME, UNIT_BUILDER (3407896), 74, 59, -9999, -9999, 2321, ffffffff
056, LOC_CIVILIZATION_BABYLON_STK_NAME, UNIT_BUILDER (3407896), 74, 59, -9999, -9999, 2304, ffffffff
056, LOC_CIVILIZATION_BABYLON_STK_NAME, UNIT_BUILDER (3407896), 77, 60, -9999, -9999, 2064, ffffffff
056, LOC_CIVILIZATION_BABYLON_STK_NAME, UNIT_BUILDER (3407896), 77, 60, -9999, -9999, 2065, ffffffff
056, LOC_CIVILIZATION_BABYLON_STK_NAME, UNIT_BUILDER (3407896), 77, 60, -9999, -9999, 2048, ffffffff
056, LOC_CIVILIZATION_BABYLON_STK_NAME, UNIT_BUILDER (3407896), 77, 60, -9999, -9999, 2064, ffffffff
056, LOC_CIVILIZATION_BABYLON_STK_NAME, UNIT_BUILDER (3407896), 77, 60, -9999, -9999, 2065, ffffffff
056, LOC_CIVILIZATION_BABYLON_STK_NAME, UNIT_BUILDER (3407896), 77, 60, -9999, -9999, 2048, ffffffff
056, LOC_CIVILIZATION_BABYLON_STK_NAME, UNIT_BUILDER (3407896), 77, 60, -9999, -9999, 2064, ffffffff
056, LOC_CIVILIZATION_BABYLON_STK_NAME, UNIT_BUILDER (3407896), 77, 60, -9999, -9999, 2065, ffffffff
056, LOC_CIVILIZATION_BABYLON_STK_NAME, UNIT_BUILDER (3407896), 77, 60, -9999, -9999, 2048, ffffffff
056, LOC_CIVILIZATION_BABYLON_STK_NAME, UNIT_BUILDER (3407896), 77, 60, -9999, -9999, 2064, ffffffff
056, LOC_CIVILIZATION_BABYLON_STK_NAME, UNIT_BUILDER (3407896), 77, 60, -9999, -9999, 2065, ffffffff
056, LOC_CIVILIZATION_BABYLON_STK_NAME, UNIT_BUILDER (3407896), 77, 60, -9999, -9999, 2048, ffffffff
056, LOC_CIVILIZATION_BABYLON_STK_NAME, UNIT_BUILDER (3407896), 77, 60, 74, 57, 16384, d28058ad
056, LOC_CIVILIZATION_BABYLON_STK_NAME, UNIT_BUILDER (3014663), 76, 57, 77, 56, 16384, 1f2a1855
056, LOC_CIVILIZATION_BABYLON_STK_NAME, UNIT_GREAT_ENGINEER (3211266), 77, 55, -9999, -9999, 2064, ffffffff
056, LOC_CIVILIZATION_BABYLON_STK_NAME, UNIT_GREAT_ENGINEER (3211266), 77, 55, -9999, -9999, 2065, ffffffff
056, LOC_CIVILIZATION_BABYLON_STK_NAME, UNIT_GREAT_ENGINEER (3211266), 77, 55, -9999, -9999, 2048, ffffffff
056, LOC_CIVILIZATION_BABYLON_STK_NAME, UNIT_BUILDER (3670027), 70, 59, -9999, -9999, 2064, ffffffff
056, LOC_CIVILIZATION_BABYLON_STK_NAME, UNIT_BUILDER (3670027), 70, 59, -9999, -9999, 2065, ffffffff
056, LOC_CIVILIZATION_BABYLON_STK_NAME, UNIT_BUILDER (3670027), 70, 59, -9999, -9999, 2048, ffffffff
056, LOC_CIVILIZATION_BABYLON_STK_NAME, UNIT_BUILDER (3670027), 70, 59, 70, 58, 16384, 520327ee
057, LOC_CIVILIZATION_BABYLON_STK_NAME, UNIT_BABYLONIAN_SABUM_KIBITTUM (196608), 38, 68, -9999, -9999, 2320, ffffffff
057, LOC_CIVILIZATION_BABYLON_STK_NAME, UNIT_BABYLONIAN_SABUM_KIBITTUM (196608), 38, 68, -9999, -9999, 2321, ffffffff
057, LOC_CIVILIZATION_BABYLON_STK_NAME, UNIT_BABYLONIAN_SABUM_KIBITTUM (196608), 38, 68, -9999, -9999, 2304, ffffffff
057, LOC_CIVILIZATION_BABYLON_STK_NAME, UNIT_BABYLONIAN_SABUM_KIBITTUM (196608), 38, 68, -9999, -9999, 2370, ffffffff
057, LOC_CIVILIZATION_BABYLON_STK_NAME, UNIT_BABYLONIAN_SABUM_KIBITTUM (196608), 38, 68, 27, 69, 256, 1eb78bde
057, LOC_CIVILIZATION_BABYLON_STK_NAME, UNIT_BABYLONIAN_SABUM_KIBITTUM (196608), 38, 68, -9999, -9999, 2370, ffffffff
057, LOC_CIVILIZATION_BABYLON_STK_NAME, UNIT_BABYLONIAN_SABUM_KIBITTUM (196608), 38, 68, 27, 69, 256, 1eb78bde
057, LOC_CIVILIZATION_BABYLON_STK_NAME, UNIT_BABYLONIAN_SABUM_KIBITTUM (196608), 38, 68, 40, 70, 16656, 40de23a2
057, LOC_CIVILIZATION_BABYLON_STK_NAME, UNIT_BABYLONIAN_SABUM_KIBITTUM (196608), 40, 70, -9999, -9999, 2064, ffffffff
057, LOC_CIVILIZATION_BABYLON_STK_NAME, UNIT_BABYLONIAN_SABUM_KIBITTUM (196608), 40, 70, -9999, -9999, 2065, ffffffff
057, LOC_CIVILIZATION_BABYLON_STK_NAME, UNIT_BABYLONIAN_SABUM_KIBITTUM (196608), 40, 70, -9999, -9999, 2048, ffffffff
057, LOC_CIVILIZATION_BABYLON_STK_NAME, UNIT_BABYLONIAN_SABUM_KIBITTUM (196608), 40, 70, -9999, -9999, 2064, ffffffff
057, LOC_CIVILIZATION_BABYLON_STK_NAME, UNIT_BABYLONIAN_SABUM_KIBITTUM (196608), 40, 70, -9999, -9999, 2065, ffffffff
057, LOC_CIVILIZATION_BABYLON_STK_NAME, UNIT_BABYLONIAN_SABUM_KIBITTUM (196608), 40, 70, -9999, -9999, 2048, ffffffff
057, LOC_CIVILIZATION_BABYLON_STK_NAME, UNIT_BUILDER (2949130), 65, 51, -9999, -9999, 2320, ffffffff
057, LOC_CIVILIZATION_BABYLON_STK_NAME, UNIT_BUILDER (2949130), 65, 51, -9999, -9999, 2321, ffffffff
057, LOC_CIVILIZATION_BABYLON_STK_NAME, UNIT_BUILDER (2949130), 65, 51, -9999, -9999, 2304, ffffffff
057, LOC_CIVILIZATION_BABYLON_STK_NAME, UNIT_BUILDER (2949130), 65, 51, 66, 49, 16640, 2a8ac0a7
057, LOC_CIVILIZATION_BABYLON_STK_NAME, UNIT_BUILDER (2949130), 66, 49, -9999, -9999, 2064, ffffffff
057, LOC_CIVILIZATION_BABYLON_STK_NAME, UNIT_BUILDER (2949130), 66, 49, -9999, -9999, 2065, ffffffff
057, LOC_CIVILIZATION_BABYLON_STK_NAME, UNIT_BUILDER (2949130), 66, 49, -9999, -9999, 2048, ffffffff
057, LOC_CIVILIZATION_BABYLON_STK_NAME, UNIT_BUILDER (2949130), 66, 49, -9999, -9999, 2064, ffffffff
057, LOC_CIVILIZATION_BABYLON_STK_NAME, UNIT_BUILDER (2949130), 66, 49, -9999, -9999, 2065, ffffffff
057, LOC_CIVILIZATION_BABYLON_STK_NAME, UNIT_BUILDER (2949130), 66, 49, -9999, -9999, 2048, ffffffff
057, LOC_CIVILIZATION_BABYLON_STK_NAME, UNIT_BUILDER (2949130), 66, 49, -9999, -9999, 2064, ffffffff
057, LOC_CIVILIZATION_BABYLON_STK_NAME, UNIT_BUILDER (2949130), 66, 49, -9999, -9999, 2065, ffffffff
057, LOC_CIVILIZATION_BABYLON_STK_NAME, UNIT_BUILDER (2949130), 66, 49, -9999, -9999, 2048, ffffffff
057, LOC_CIVILIZATION_BABYLON_STK_NAME, UNIT_BUILDER (3145737), 79, 56, -9999, -9999, 2320, ffffffff
057, LOC_CIVILIZATION_BABYLON_STK_NAME, UNIT_BUILDER (3145737), 79, 56, -9999, -9999, 2321, ffffffff
057, LOC_CIVILIZATION_BABYLON_STK_NAME, UNIT_BUILDER (3145737), 79, 56, -9999, -9999, 2304, ffffffff
057, LOC_CIVILIZATION_BABYLON_STK_NAME, UNIT_BUILDER (3932187), 70, 50, -9999, -9999, 2320, ffffffff
057, LOC_CIVILIZATION_BABYLON_STK_NAME, UNIT_BUILDER (3932187), 70, 50, -9999, -9999, 2321, ffffffff
057, LOC_CIVILIZATION_BABYLON_STK_NAME, UNIT_BUILDER (3932187), 70, 50, -9999, -9999, 2304, ffffffff
057, LOC_CIVILIZATION_BABYLON_STK_NAME, UNIT_BUILDER (3932187), 70, 50, 68, 52, 16384, 5b4c9ad6
057, LOC_CIVILIZATION_BABYLON_STK_NAME, UNIT_BUILDER (3801113), 72, 48, -9999, -9999, 2320, ffffffff
057, LOC_CIVILIZATION_BABYLON_STK_NAME, UNIT_BUILDER (3801113), 72, 48, -9999, -9999, 2321, ffffffff
057, LOC_CIVILIZATION_BABYLON_STK_NAME, UNIT_BUILDER (3801113), 72, 48, -9999, -9999, 2304, ffffffff
057, LOC_CIVILIZATION_BABYLON_STK_NAME, UNIT_BUILDER (3538964), 72, 46, -9999, -9999, 2320, ffffffff
057, LOC_CIVILIZATION_BABYLON_STK_NAME, UNIT_BUILDER (3538964), 72, 46, -9999, -9999, 2321, ffffffff
057, LOC_CIVILIZATION_BABYLON_STK_NAME, UNIT_BUILDER (3538964), 72, 46, -9999, -9999, 2304, ffffffff
057, LOC_CIVILIZATION_BABYLON_STK_NAME, UNIT_BUILDER (3801113), 72, 48, -9999, -9999, 2320, ffffffff
057, LOC_CIVILIZATION_BABYLON_STK_NAME, UNIT_BUILDER (3801113), 72, 48, -9999, -9999, 2321, ffffffff
057, LOC_CIVILIZATION_BABYLON_STK_NAME, UNIT_BUILDER (3801113), 72, 48, -9999, -9999, 2304, ffffffff
057, LOC_CIVILIZATION_BABYLON_STK_NAME, UNIT_BUILDER (3276822), 72, 54, -9999, -9999, 2320, ffffffff
057, LOC_CIVILIZATION_BABYLON_STK_NAME, UNIT_BUILDER (3276822), 72, 54, -9999, -9999, 2321, ffffffff
057, LOC_CIVILIZATION_BABYLON_STK_NAME, UNIT_BUILDER (3276822), 72, 54, -9999, -9999, 2304, ffffffff
057, LOC_CIVILIZATION_BABYLON_STK_NAME, UNIT_BUILDER (2883596), 74, 52, -9999, -9999, 2320, ffffffff
057, LOC_CIVILIZATION_BABYLON_STK_NAME, UNIT_BUILDER (2883596), 74, 52, -9999, -9999, 2321, ffffffff
057, LOC_CIVILIZATION_BABYLON_STK_NAME, UNIT_BUILDER (2883596), 74, 52, -9999, -9999, 2304, ffffffff
057, LOC_CIVILIZATION_BABYLON_STK_NAME, UNIT_BUILDER (3735570), 73, 51, 73, 52, 16640, 2193ce6c
057, LOC_CIVILIZATION_BABYLON_STK_NAME, UNIT_BUILDER (3735570), 73, 51, -9999, -9999, 2320, ffffffff
057, LOC_CIVILIZATION_BABYLON_STK_NAME, UNIT_BUILDER (3735570), 73, 51, -9999, -9999, 2321, ffffffff
057, LOC_CIVILIZATION_BABYLON_STK_NAME, UNIT_BUILDER (3735570), 73, 51, -9999, -9999, 2304, ffffffff
057, LOC_CIVILIZATION_BABYLON_STK_NAME, UNIT_BUILDER (2883596), 74, 52, -9999, -9999, 2320, ffffffff
057, LOC_CIVILIZATION_BABYLON_STK_NAME, UNIT_BUILDER (2883596), 74, 52, -9999, -9999, 2321, ffffffff
057, LOC_CIVILIZATION_BABYLON_STK_NAME, UNIT_BUILDER (2883596), 74, 52, -9999, -9999, 2304, ffffffff
057, LOC_CIVILIZATION_BABYLON_STK_NAME, UNIT_BUILDER (3276822), 72, 54, -9999, -9999, 2320, ffffffff
057, LOC_CIVILIZATION_BABYLON_STK_NAME, UNIT_BUILDER (3276822), 72, 54, -9999, -9999, 2321, ffffffff
057, LOC_CIVILIZATION_BABYLON_STK_NAME, UNIT_BUILDER (3276822), 72, 54, -9999, -9999, 2304, ffffffff
057, LOC_CIVILIZATION_BABYLON_STK_NAME, UNIT_BUILDER (3276822), 72, 54, -9999, -9999, 2320, ffffffff
057, LOC_CIVILIZATION_BABYLON_STK_NAME, UNIT_BUILDER (3276822), 72, 54, -9999, -9999, 2321, ffffffff
057, LOC_CIVILIZATION_BABYLON_STK_NAME, UNIT_BUILDER (3276822), 72, 54, -9999, -9999, 2304, ffffffff
057, LOC_CIVILIZATION_BABYLON_STK_NAME, UNIT_BUILDER (3276822), 72, 54, -9999, -9999, 2320, ffffffff
057, LOC_CIVILIZATION_BABYLON_STK_NAME, UNIT_BUILDER (3276822), 72, 54, -9999, -9999, 2321, ffffffff
057, LOC_CIVILIZATION_BABYLON_STK_NAME, UNIT_BUILDER (3276822), 72, 54, -9999, -9999, 2304, ffffffff
057, LOC_CIVILIZATION_BABYLON_STK_NAME, UNIT_BUILDER (3276822), 72, 54, -9999, -9999, 2320, ffffffff
057, LOC_CIVILIZATION_BABYLON_STK_NAME, UNIT_BUILDER (3276822), 72, 54, -9999, -9999, 2321, ffffffff
057, LOC_CIVILIZATION_BABYLON_STK_NAME, UNIT_BUILDER (3276822), 72, 54, -9999, -9999, 2304, ffffffff
057, LOC_CIVILIZATION_BABYLON_STK_NAME, UNIT_BUILDER (3276822), 72, 54, -9999, -9999, 2320, ffffffff
057, LOC_CIVILIZATION_BABYLON_STK_NAME, UNIT_BUILDER (3276822), 72, 54, -9999, -9999, 2321, ffffffff
057, LOC_CIVILIZATION_BABYLON_STK_NAME, UNIT_BUILDER (3276822), 72, 54, -9999, -9999, 2304, ffffffff
057, LOC_CIVILIZATION_BABYLON_STK_NAME, UNIT_BUILDER (3276822), 72, 54, 74, 55, 16640, 133adef9
057, LOC_CIVILIZATION_BABYLON_STK_NAME, UNIT_BUILDER (3276822), 73, 55, -9999, -9999, 2064, ffffffff
057, LOC_CIVILIZATION_BABYLON_STK_NAME, UNIT_BUILDER (3276822), 73, 55, -9999, -9999, 2065, ffffffff
057, LOC_CIVILIZATION_BABYLON_STK_NAME, UNIT_BUILDER (3276822), 73, 55, -9999, -9999, 2048, ffffffff
057, LOC_CIVILIZATION_BABYLON_STK_NAME, UNIT_BUILDER (3276822), 73, 55, -9999, -9999, 2064, ffffffff
057, LOC_CIVILIZATION_BABYLON_STK_NAME, UNIT_BUILDER (3276822), 73, 55, -9999, -9999, 2065, ffffffff
057, LOC_CIVILIZATION_BABYLON_STK_NAME, UNIT_BUILDER (3276822), 73, 55, -9999, -9999, 2048, ffffffff
057, LOC_CIVILIZATION_BABYLON_STK_NAME, UNIT_BUILDER (3276822), 73, 55, -9999, -9999, 2064, ffffffff
057, LOC_CIVILIZATION_BABYLON_STK_NAME, UNIT_BUILDER (3276822), 73, 55, -9999, -9999, 2065, ffffffff
057, LOC_CIVILIZATION_BABYLON_STK_NAME, UNIT_BUILDER (3276822), 73, 55, -9999, -9999, 2048, ffffffff
057, LOC_CIVILIZATION_BABYLON_STK_NAME, UNIT_BUILDER (3145737), 79, 56, -9999, -9999, 2320, ffffffff
057, LOC_CIVILIZATION_BABYLON_STK_NAME, UNIT_BUILDER (3145737), 79, 56, -9999, -9999, 2321, ffffffff
057, LOC_CIVILIZATION_BABYLON_STK_NAME, UNIT_BUILDER (3145737), 79, 56, -9999, -9999, 2304, ffffffff
057, LOC_CIVILIZATION_BABYLON_STK_NAME, UNIT_BUILDER (3014663), 76, 57, 77, 56, 16640, 1f2a1855
057, LOC_CIVILIZATION_BABYLON_STK_NAME, UNIT_BUILDER (3014663), 76, 57, -9999, -9999, 2320, ffffffff
057, LOC_CIVILIZATION_BABYLON_STK_NAME, UNIT_BUILDER (3014663), 76, 57, -9999, -9999, 2321, ffffffff
057, LOC_CIVILIZATION_BABYLON_STK_NAME, UNIT_BUILDER (3014663), 76, 57, -9999, -9999, 2304, ffffffff
057, LOC_CIVILIZATION_BABYLON_STK_NAME, UNIT_BUILDER (3014663), 77, 56, -9999, -9999, 2064, ffffffff
057, LOC_CIVILIZATION_BABYLON_STK_NAME, UNIT_BUILDER (3014663), 77, 56, -9999, -9999, 2065, ffffffff
057, LOC_CIVILIZATION_BABYLON_STK_NAME, UNIT_BUILDER (3014663), 77, 56, -9999, -9999, 2048, ffffffff
057, LOC_CIVILIZATION_BABYLON_STK_NAME, UNIT_BUILDER (3014663), 77, 56, -9999, -9999, 2064, ffffffff
057, LOC_CIVILIZATION_BABYLON_STK_NAME, UNIT_BUILDER (3014663), 77, 56, -9999, -9999, 2065, ffffffff
057, LOC_CIVILIZATION_BABYLON_STK_NAME, UNIT_BUILDER (3014663), 77, 56, -9999, -9999, 2048, ffffffff
057, LOC_CIVILIZATION_BABYLON_STK_NAME, UNIT_BUILDER (3145737), 79, 56, -9999, -9999, 2320, ffffffff
057, LOC_CIVILIZATION_BABYLON_STK_NAME, UNIT_BUILDER (3145737), 79, 56, -9999, -9999, 2321, ffffffff
057, LOC_CIVILIZATION_BABYLON_STK_NAME, UNIT_BUILDER (3145737), 79, 56, -9999, -9999, 2304, ffffffff
057, LOC_CIVILIZATION_BABYLON_STK_NAME, UNIT_BUILDER (3145737), 79, 56, 79, 57, 16384, 9dfd5222
057, LOC_CIVILIZATION_BABYLON_STK_NAME, UNIT_GREAT_ENGINEER (3211266), 77, 55, -9999, -9999, 2320, ffffffff
057, LOC_CIVILIZATION_BABYLON_STK_NAME, UNIT_GREAT_ENGINEER (3211266), 77, 55, -9999, -9999, 2321, ffffffff
057, LOC_CIVILIZATION_BABYLON_STK_NAME, UNIT_GREAT_ENGINEER (3211266), 77, 55, -9999, -9999, 2304, ffffffff
057, LOC_CIVILIZATION_BABYLON_STK_NAME, UNIT_BUILDER (3342359), 77, 48, 77, 49, 260, 515b95b1
057, LOC_CIVILIZATION_BABYLON_STK_NAME, UNIT_BUILDER (3342359), 77, 48, 77, 49, 16640, 515b95b1
057, LOC_CIVILIZATION_BABYLON_STK_NAME, UNIT_BUILDER (3342359), 77, 48, -9999, -9999, 2320, ffffffff
057, LOC_CIVILIZATION_BABYLON_STK_NAME, UNIT_BUILDER (3342359), 77, 48, -9999, -9999, 2321, ffffffff
057, LOC_CIVILIZATION_BABYLON_STK_NAME, UNIT_BUILDER (3342359), 77, 48, -9999, -9999, 2304, ffffffff
057, LOC_CIVILIZATION_BABYLON_STK_NAME, UNIT_BUILDER (3342359), 77, 48, 77, 49, 260, 515b95b1
057, LOC_CIVILIZATION_BABYLON_STK_NAME, UNIT_BUILDER (3342359), 77, 49, -9999, -9999, 2064, ffffffff
057, LOC_CIVILIZATION_BABYLON_STK_NAME, UNIT_BUILDER (3342359), 77, 49, -9999, -9999, 2065, ffffffff
057, LOC_CIVILIZATION_BABYLON_STK_NAME, UNIT_BUILDER (3342359), 77, 49, -9999, -9999, 2048, ffffffff
057, LOC_CIVILIZATION_BABYLON_STK_NAME, UNIT_BUILDER (3342359), 77, 49, -9999, -9999, 2064, ffffffff
057, LOC_CIVILIZATION_BABYLON_STK_NAME, UNIT_BUILDER (3342359), 77, 49, -9999, -9999, 2065, ffffffff
057, LOC_CIVILIZATION_BABYLON_STK_NAME, UNIT_BUILDER (3342359), 77, 49, -9999, -9999, 2048, ffffffff
057, LOC_CIVILIZATION_BABYLON_STK_NAME, UNIT_BUILDER (3604495), 78, 45, -9999, -9999, 2320, ffffffff
057, LOC_CIVILIZATION_BABYLON_STK_NAME, UNIT_BUILDER (3604495), 78, 45, -9999, -9999, 2321, ffffffff
057, LOC_CIVILIZATION_BABYLON_STK_NAME, UNIT_BUILDER (3604495), 78, 45, -9999, -9999, 2304, ffffffff
057, LOC_CIVILIZATION_BABYLON_STK_NAME, UNIT_BUILDER (3604495), 78, 45, 79, 45, 260, 8ab393de
057, LOC_CIVILIZATION_BABYLON_STK_NAME, UNIT_BUILDER (3604495), 78, 45, 79, 45, 16640, 8ab393de
057, LOC_CIVILIZATION_BABYLON_STK_NAME, UNIT_BUILDER (3604495), 78, 45, 79, 45, 260, 8ab393de
057, LOC_CIVILIZATION_BABYLON_STK_NAME, UNIT_BUILDER (3604495), 79, 45, -9999, -9999, 2064, ffffffff
057, LOC_CIVILIZATION_BABYLON_STK_NAME, UNIT_BUILDER (3604495), 79, 45, -9999, -9999, 2065, ffffffff
057, LOC_CIVILIZATION_BABYLON_STK_NAME, UNIT_BUILDER (3604495), 79, 45, -9999, -9999, 2048, ffffffff
057, LOC_CIVILIZATION_BABYLON_STK_NAME, UNIT_BUILDER (3604495), 79, 45, -9999, -9999, 2064, ffffffff
057, LOC_CIVILIZATION_BABYLON_STK_NAME, UNIT_BUILDER (3604495), 79, 45, -9999, -9999, 2065, ffffffff
057, LOC_CIVILIZATION_BABYLON_STK_NAME, UNIT_BUILDER (3604495), 79, 45, -9999, -9999, 2048, ffffffff
057, LOC_CIVILIZATION_BABYLON_STK_NAME, UNIT_BUILDER (3604495), 79, 45, -9999, -9999, 2064, ffffffff
057, LOC_CIVILIZATION_BABYLON_STK_NAME, UNIT_BUILDER (3604495), 79, 45, -9999, -9999, 2065, ffffffff
057, LOC_CIVILIZATION_BABYLON_STK_NAME, UNIT_BUILDER (3604495), 79, 45, -9999, -9999, 2048, ffffffff
057, LOC_CIVILIZATION_BABYLON_STK_NAME, UNIT_BUILDER (3604495), 79, 45, 79, 47, 16384, 56cdefcf
057, LOC_CIVILIZATION_BABYLON_STK_NAME, UNIT_BUILDER (3604495), 79, 45, 80, 48, 16384, a22cee25
057, LOC_CIVILIZATION_BABYLON_STK_NAME, UNIT_BUILDER (3604495), 79, 45, 80, 49, 16384, 713b0a5d
057, LOC_CIVILIZATION_BABYLON_STK_NAME, UNIT_BUILDER (3932187), 70, 50, 68, 52, 16384, 5b4c9ad6
057, LOC_CIVILIZATION_BABYLON_STK_NAME, UNIT_BUILDER (3276822), 73, 55, 74, 55, 4, 4de47e25
057, LOC_CIVILIZATION_BABYLON_STK_NAME, UNIT_BUILDER (3276822), 73, 55, 74, 55, 16384, 4de47e25
057, LOC_CIVILIZATION_BABYLON_STK_NAME, UNIT_BUILDER (3276822), 73, 55, -9999, -9999, 2064, ffffffff
057, LOC_CIVILIZATION_BABYLON_STK_NAME, UNIT_BUILDER (3276822), 73, 55, -9999, -9999, 2065, ffffffff
057, LOC_CIVILIZATION_BABYLON_STK_NAME, UNIT_BUILDER (3276822), 73, 55, -9999, -9999, 2048, ffffffff
057, LOC_CIVILIZATION_BABYLON_STK_NAME, UNIT_BUILDER (3276822), 73, 55, 74, 55, 4, 4de47e25
057, LOC_CIVILIZATION_BABYLON_STK_NAME, UNIT_BUILDER (3276822), 73, 55, 74, 55, 16384, 4de47e25
057, LOC_CIVILIZATION_BABYLON_STK_NAME, UNIT_BUILDER (3276822), 73, 55, -9999, -9999, 2064, ffffffff
057, LOC_CIVILIZATION_BABYLON_STK_NAME, UNIT_BUILDER (3276822), 73, 55, -9999, -9999, 2065, ffffffff
057, LOC_CIVILIZATION_BABYLON_STK_NAME, UNIT_BUILDER (3276822), 73, 55, -9999, -9999, 2048, ffffffff
057, LOC_CIVILIZATION_BABYLON_STK_NAME, UNIT_BUILDER (3276822), 73, 55, -9999, -9999, 2064, ffffffff
057, LOC_CIVILIZATION_BABYLON_STK_NAME, UNIT_BUILDER (3276822), 73, 55, -9999, -9999, 2065, ffffffff
057, LOC_CIVILIZATION_BABYLON_STK_NAME, UNIT_BUILDER (3276822), 73, 55, -9999, -9999, 2048, ffffffff
057, LOC_CIVILIZATION_BABYLON_STK_NAME, UNIT_BUILDER (3145737), 79, 56, 79, 57, 16384, 9dfd5222
057, LOC_CIVILIZATION_BABYLON_STK_NAME, UNIT_BUILDER (3932187), 70, 50, 68, 52, 16384, 5b4c9ad6
057, LOC_CIVILIZATION_BABYLON_STK_NAME, UNIT_BUILDER (3670027), 70, 59, 70, 58, 260, 520327ee
057, LOC_CIVILIZATION_BABYLON_STK_NAME, UNIT_BUILDER (3670027), 70, 59, 70, 58, 16640, 520327ee
057, LOC_CIVILIZATION_BABYLON_STK_NAME, UNIT_BUILDER (3670027), 70, 59, -9999, -9999, 2320, ffffffff
057, LOC_CIVILIZATION_BABYLON_STK_NAME, UNIT_BUILDER (3670027), 70, 59, -9999, -9999, 2321, ffffffff
057, LOC_CIVILIZATION_BABYLON_STK_NAME, UNIT_BUILDER (3670027), 70, 59, -9999, -9999, 2304, ffffffff
057, LOC_CIVILIZATION_BABYLON_STK_NAME, UNIT_BUILDER (3670027), 70, 59, 70, 58, 260, 520327ee
057, LOC_CIVILIZATION_BABYLON_STK_NAME, UNIT_BUILDER (3407896), 77, 60, 74, 57, 16640, d28058ad
057, LOC_CIVILIZATION_BABYLON_STK_NAME, UNIT_BUILDER (3407896), 77, 60, -9999, -9999, 2320, ffffffff
057, LOC_CIVILIZATION_BABYLON_STK_NAME, UNIT_BUILDER (3407896), 77, 60, -9999, -9999, 2321, ffffffff
057, LOC_CIVILIZATION_BABYLON_STK_NAME, UNIT_BUILDER (3407896), 77, 60, -9999, -9999, 2304, ffffffff
057, LOC_CIVILIZATION_BABYLON_STK_NAME, UNIT_BUILDER (3407896), 77, 60, 74, 57, 16640, d28058ad
057, LOC_CIVILIZATION_BABYLON_STK_NAME, UNIT_BUILDER (3407896), 77, 60, -9999, -9999, 2320, ffffffff
057, LOC_CIVILIZATION_BABYLON_STK_NAME, UNIT_BUILDER (3407896), 77, 60, -9999, -9999, 2321, ffffffff
057, LOC_CIVILIZATION_BABYLON_STK_NAME, UNIT_BUILDER (3407896), 77, 60, -9999, -9999, 2304, ffffffff
057, LOC_CIVILIZATION_BABYLON_STK_NAME, UNIT_BUILDER (3407896), 77, 60, 74, 57, 16640, d28058ad
057, LOC_CIVILIZATION_BABYLON_STK_NAME, UNIT_BUILDER (3407896), 77, 60, -9999, -9999, 2320, ffffffff
057, LOC_CIVILIZATION_BABYLON_STK_NAME, UNIT_BUILDER (3407896), 77, 60, -9999, -9999, 2321, ffffffff
057, LOC_CIVILIZATION_BABYLON_STK_NAME, UNIT_BUILDER (3407896), 77, 60, -9999, -9999, 2304, ffffffff
057, LOC_CIVILIZATION_BABYLON_STK_NAME, UNIT_BUILDER (3407896), 77, 60, 76, 59, 260, 90dff945
057, LOC_CIVILIZATION_BABYLON_STK_NAME, UNIT_BUILDER (3407896), 77, 60, 76, 59, 16640, 90dff945
057, LOC_CIVILIZATION_BABYLON_STK_NAME, UNIT_BUILDER (3407896), 77, 60, 76, 59, 260, 90dff945
057, LOC_CIVILIZATION_BABYLON_STK_NAME, UNIT_BUILDER (3407896), 76, 59, -9999, -9999, 2064, ffffffff
057, LOC_CIVILIZATION_BABYLON_STK_NAME, UNIT_BUILDER (3407896), 76, 59, -9999, -9999, 2065, ffffffff
057, LOC_CIVILIZATION_BABYLON_STK_NAME, UNIT_BUILDER (3407896), 76, 59, -9999, -9999, 2048, ffffffff
057, LOC_CIVILIZATION_BABYLON_STK_NAME, UNIT_BUILDER (3407896), 76, 59, -9999, -9999, 2064, ffffffff
057, LOC_CIVILIZATION_BABYLON_STK_NAME, UNIT_BUILDER (3407896), 76, 59, -9999, -9999, 2065, ffffffff
057, LOC_CIVILIZATION_BABYLON_STK_NAME, UNIT_BUILDER (3407896), 76, 59, -9999, -9999, 2048, ffffffff
057, LOC_CIVILIZATION_BABYLON_STK_NAME, UNIT_BUILDER (3407896), 76, 59, 74, 58, 16384, 79724634
058, LOC_CIVILIZATION_BABYLON_STK_NAME, UNIT_BABYLONIAN_SABUM_KIBITTUM (196608), 40, 70, -9999, -9999, 2320, ffffffff
058, LOC_CIVILIZATION_BABYLON_STK_NAME, UNIT_BABYLONIAN_SABUM_KIBITTUM (196608), 40, 70, -9999, -9999, 2321, ffffffff
058, LOC_CIVILIZATION_BABYLON_STK_NAME, UNIT_BABYLONIAN_SABUM_KIBITTUM (196608), 40, 70, -9999, -9999, 2304, ffffffff
058, LOC_CIVILIZATION_BABYLON_STK_NAME, UNIT_BABYLONIAN_SABUM_KIBITTUM (196608), 40, 70, -9999, -9999, 2370, ffffffff
058, LOC_CIVILIZATION_BABYLON_STK_NAME, UNIT_BABYLONIAN_SABUM_KIBITTUM (196608), 40, 70, 27, 69, 256, b1d620ab
058, LOC_CIVILIZATION_BABYLON_STK_NAME, UNIT_BABYLONIAN_SABUM_KIBITTUM (196608), 40, 70, -9999, -9999, 2370, ffffffff
058, LOC_CIVILIZATION_BABYLON_STK_NAME, UNIT_BABYLONIAN_SABUM_KIBITTUM (196608), 40, 70, 27, 69, 256, b1d620ab
058, LOC_CIVILIZATION_BABYLON_STK_NAME, UNIT_BUILDER (3670027), 70, 58, -9999, -9999, 2320, ffffffff
058, LOC_CIVILIZATION_BABYLON_STK_NAME, UNIT_BUILDER (3670027), 70, 58, -9999, -9999, 2321, ffffffff
058, LOC_CIVILIZATION_BABYLON_STK_NAME, UNIT_BUILDER (3670027), 70, 58, -9999, -9999, 2304, ffffffff
058, LOC_CIVILIZATION_BABYLON_STK_NAME, UNIT_BUILDER (4259871), 72, 57, -9999, -9999, 2320, ffffffff
058, LOC_CIVILIZATION_BABYLON_STK_NAME, UNIT_BUILDER (4259871), 72, 57, -9999, -9999, 2321, ffffffff
058, LOC_CIVILIZATION_BABYLON_STK_NAME, UNIT_BUILDER (4259871), 72, 57, -9999, -9999, 2304, ffffffff
058, LOC_CIVILIZATION_BABYLON_STK_NAME, UNIT_BUILDER (3276822), 73, 55, 74, 55, 16640, 4de47e25
058, LOC_CIVILIZATION_BABYLON_STK_NAME, UNIT_BUILDER (3276822), 73, 55, -9999, -9999, 2320, ffffffff
058, LOC_CIVILIZATION_BABYLON_STK_NAME, UNIT_BUILDER (3276822), 73, 55, -9999, -9999, 2321, ffffffff
058, LOC_CIVILIZATION_BABYLON_STK_NAME, UNIT_BUILDER (3276822), 73, 55, -9999, -9999, 2304, ffffffff
058, LOC_CIVILIZATION_BABYLON_STK_NAME, UNIT_BUILDER (3276822), 74, 55, -9999, -9999, 2064, ffffffff
058, LOC_CIVILIZATION_BABYLON_STK_NAME, UNIT_BUILDER (3276822), 74, 55, -9999, -9999, 2065, ffffffff
058, LOC_CIVILIZATION_BABYLON_STK_NAME, UNIT_BUILDER (3276822), 74, 55, -9999, -9999, 2048, ffffffff
058, LOC_CIVILIZATION_BABYLON_STK_NAME, UNIT_BUILDER (3276822), 74, 55, -9999, -9999, 2064, ffffffff
058, LOC_CIVILIZATION_BABYLON_STK_NAME, UNIT_BUILDER (3276822), 74, 55, -9999, -9999, 2065, ffffffff
058, LOC_CIVILIZATION_BABYLON_STK_NAME, UNIT_BUILDER (3276822), 74, 55, -9999, -9999, 2048, ffffffff
058, LOC_CIVILIZATION_BABYLON_STK_NAME, UNIT_BUILDER (3735570), 73, 52, -9999, -9999, 2320, ffffffff
058, LOC_CIVILIZATION_BABYLON_STK_NAME, UNIT_BUILDER (3735570), 73, 52, -9999, -9999, 2321, ffffffff
058, LOC_CIVILIZATION_BABYLON_STK_NAME, UNIT_BUILDER (3735570), 73, 52, -9999, -9999, 2304, ffffffff
058, LOC_CIVILIZATION_BABYLON_STK_NAME, UNIT_BUILDER (2883596), 74, 52, -9999, -9999, 2320, ffffffff
058, LOC_CIVILIZATION_BABYLON_STK_NAME, UNIT_BUILDER (2883596), 74, 52, -9999, -9999, 2321, ffffffff
058, LOC_CIVILIZATION_BABYLON_STK_NAME, UNIT_BUILDER (2883596), 74, 52, -9999, -9999, 2304, ffffffff
058, LOC_CIVILIZATION_BABYLON_STK_NAME, UNIT_BUILDER (3670027), 70, 58, -9999, -9999, 2320, ffffffff
058, LOC_CIVILIZATION_BABYLON_STK_NAME, UNIT_BUILDER (3670027), 70, 58, -9999, -9999, 2321, ffffffff
058, LOC_CIVILIZATION_BABYLON_STK_NAME, UNIT_BUILDER (3670027), 70, 58, -9999, -9999, 2304, ffffffff
058, LOC_CIVILIZATION_BABYLON_STK_NAME, UNIT_BUILDER (3735570), 73, 52, -9999, -9999, 2320, ffffffff
058, LOC_CIVILIZATION_BABYLON_STK_NAME, UNIT_BUILDER (3735570), 73, 52, -9999, -9999, 2321, ffffffff
058, LOC_CIVILIZATION_BABYLON_STK_NAME, UNIT_BUILDER (3735570), 73, 52, -9999, -9999, 2304, ffffffff
058, LOC_CIVILIZATION_BABYLON_STK_NAME, UNIT_BUILDER (3735570), 73, 52, -9999, -9999, 2320, ffffffff
058, LOC_CIVILIZATION_BABYLON_STK_NAME, UNIT_BUILDER (3735570), 73, 52, -9999, -9999, 2321, ffffffff
058, LOC_CIVILIZATION_BABYLON_STK_NAME, UNIT_BUILDER (3735570), 73, 52, -9999, -9999, 2304, ffffffff
058, LOC_CIVILIZATION_BABYLON_STK_NAME, UNIT_BUILDER (3735570), 73, 52, -9999, -9999, 2320, ffffffff
058, LOC_CIVILIZATION_BABYLON_STK_NAME, UNIT_BUILDER (3735570), 73, 52, -9999, -9999, 2321, ffffffff
058, LOC_CIVILIZATION_BABYLON_STK_NAME, UNIT_BUILDER (3735570), 73, 52, -9999, -9999, 2304, ffffffff
058, LOC_CIVILIZATION_BABYLON_STK_NAME, UNIT_BUILDER (3801113), 72, 48, -9999, -9999, 2320, ffffffff
058, LOC_CIVILIZATION_BABYLON_STK_NAME, UNIT_BUILDER (3801113), 72, 48, -9999, -9999, 2321, ffffffff
058, LOC_CIVILIZATION_BABYLON_STK_NAME, UNIT_BUILDER (3801113), 72, 48, -9999, -9999, 2304, ffffffff
058, LOC_CIVILIZATION_BABYLON_STK_NAME, UNIT_BUILDER (3801113), 72, 48, 71, 49, 16384, f745794b
058, LOC_CIVILIZATION_BABYLON_STK_NAME, UNIT_BUILDER (3538964), 72, 46, -9999, -9999, 2320, ffffffff
058, LOC_CIVILIZATION_BABYLON_STK_NAME, UNIT_BUILDER (3538964), 72, 46, -9999, -9999, 2321, ffffffff
058, LOC_CIVILIZATION_BABYLON_STK_NAME, UNIT_BUILDER (3538964), 72, 46, -9999, -9999, 2304, ffffffff
058, LOC_CIVILIZATION_BABYLON_STK_NAME, UNIT_BUILDER (3538964), 72, 46, -9999, -9999, 2320, ffffffff
058, LOC_CIVILIZATION_BABYLON_STK_NAME, UNIT_BUILDER (3538964), 72, 46, -9999, -9999, 2321, ffffffff
058, LOC_CIVILIZATION_BABYLON_STK_NAME, UNIT_BUILDER (3538964), 72, 46, -9999, -9999, 2304, ffffffff
058, LOC_CIVILIZATION_BABYLON_STK_NAME, UNIT_BUILDER (3801113), 72, 48, 71, 49, 16384, f745794b
058, LOC_CIVILIZATION_BABYLON_STK_NAME, UNIT_BUILDER (3538964), 72, 46, -9999, -9999, 2320, ffffffff
058, LOC_CIVILIZATION_BABYLON_STK_NAME, UNIT_BUILDER (3538964), 72, 46, -9999, -9999, 2321, ffffffff
058, LOC_CIVILIZATION_BABYLON_STK_NAME, UNIT_BUILDER (3538964), 72, 46, -9999, -9999, 2304, ffffffff
058, LOC_CIVILIZATION_BABYLON_STK_NAME, UNIT_BUILDER (3538964), 72, 46, -9999, -9999, 2320, ffffffff
058, LOC_CIVILIZATION_BABYLON_STK_NAME, UNIT_BUILDER (3538964), 72, 46, -9999, -9999, 2321, ffffffff
058, LOC_CIVILIZATION_BABYLON_STK_NAME, UNIT_BUILDER (3538964), 72, 46, -9999, -9999, 2304, ffffffff
058, LOC_CIVILIZATION_BABYLON_STK_NAME, UNIT_BUILDER (3538964), 72, 46, 74, 47, 16640, 876a9cde
058, LOC_CIVILIZATION_BABYLON_STK_NAME, UNIT_BUILDER (3538964), 74, 47, -9999, -9999, 2064, ffffffff
058, LOC_CIVILIZATION_BABYLON_STK_NAME, UNIT_BUILDER (3538964), 74, 47, -9999, -9999, 2065, ffffffff
058, LOC_CIVILIZATION_BABYLON_STK_NAME, UNIT_BUILDER (3538964), 74, 47, -9999, -9999, 2048, ffffffff
058, LOC_CIVILIZATION_BABYLON_STK_NAME, UNIT_BUILDER (3538964), 74, 47, -9999, -9999, 2064, ffffffff
058, LOC_CIVILIZATION_BABYLON_STK_NAME, UNIT_BUILDER (3538964), 74, 47, -9999, -9999, 2065, ffffffff
058, LOC_CIVILIZATION_BABYLON_STK_NAME, UNIT_BUILDER (3538964), 74, 47, -9999, -9999, 2048, ffffffff
058, LOC_CIVILIZATION_BABYLON_STK_NAME, UNIT_BUILDER (3538964), 74, 47, -9999, -9999, 2064, ffffffff
058, LOC_CIVILIZATION_BABYLON_STK_NAME, UNIT_BUILDER (3538964), 74, 47, -9999, -9999, 2065, ffffffff
058, LOC_CIVILIZATION_BABYLON_STK_NAME, UNIT_BUILDER (3538964), 74, 47, -9999, -9999, 2048, ffffffff
058, LOC_CIVILIZATION_BABYLON_STK_NAME, UNIT_BUILDER (3538964), 74, 47, -9999, -9999, 2064, ffffffff
058, LOC_CIVILIZATION_BABYLON_STK_NAME, UNIT_BUILDER (3538964), 74, 47, -9999, -9999, 2065, ffffffff
058, LOC_CIVILIZATION_BABYLON_STK_NAME, UNIT_BUILDER (3538964), 74, 47, -9999, -9999, 2048, ffffffff
058, LOC_CIVILIZATION_BABYLON_STK_NAME, UNIT_BUILDER (3604495), 79, 45, 80, 49, 16640, 713b0a5d
058, LOC_CIVILIZATION_BABYLON_STK_NAME, UNIT_BUILDER (3604495), 79, 45, -9999, -9999, 2320, ffffffff
058, LOC_CIVILIZATION_BABYLON_STK_NAME, UNIT_BUILDER (3604495), 79, 45, -9999, -9999, 2321, ffffffff
058, LOC_CIVILIZATION_BABYLON_STK_NAME, UNIT_BUILDER (3604495), 79, 45, -9999, -9999, 2304, ffffffff
058, LOC_CIVILIZATION_BABYLON_STK_NAME, UNIT_BUILDER (3604495), 79, 45, -9999, -9999, 2320, ffffffff
058, LOC_CIVILIZATION_BABYLON_STK_NAME, UNIT_BUILDER (3604495), 79, 45, -9999, -9999, 2321, ffffffff
058, LOC_CIVILIZATION_BABYLON_STK_NAME, UNIT_BUILDER (3604495), 79, 45, -9999, -9999, 2304, ffffffff
058, LOC_CIVILIZATION_BABYLON_STK_NAME, UNIT_BUILDER (3604495), 79, 45, 80, 49, 16640, 713b0a5d
058, LOC_CIVILIZATION_BABYLON_STK_NAME, UNIT_BUILDER (3604495), 79, 45, -9999, -9999, 2320, ffffffff
058, LOC_CIVILIZATION_BABYLON_STK_NAME, UNIT_BUILDER (3604495), 79, 45, -9999, -9999, 2321, ffffffff
058, LOC_CIVILIZATION_BABYLON_STK_NAME, UNIT_BUILDER (3604495), 79, 45, -9999, -9999, 2304, ffffffff
058, LOC_CIVILIZATION_BABYLON_STK_NAME, UNIT_BUILDER (3604495), 79, 45, 79, 48, 16640, 5144fbee
058, LOC_CIVILIZATION_BABYLON_STK_NAME, UNIT_BUILDER (3604495), 79, 45, 80, 48, 16640, a22cee25
058, LOC_CIVILIZATION_BABYLON_STK_NAME, UNIT_BUILDER (3604495), 80, 48, -9999, -9999, 2064, ffffffff
058, LOC_CIVILIZATION_BABYLON_STK_NAME, UNIT_BUILDER (3604495), 80, 48, -9999, -9999, 2065, ffffffff
058, LOC_CIVILIZATION_BABYLON_STK_NAME, UNIT_BUILDER (3604495), 80, 48, -9999, -9999, 2048, ffffffff
058, LOC_CIVILIZATION_BABYLON_STK_NAME, UNIT_BUILDER (3604495), 80, 48, -9999, -9999, 2064, ffffffff
058, LOC_CIVILIZATION_BABYLON_STK_NAME, UNIT_BUILDER (3604495), 80, 48, -9999, -9999, 2065, ffffffff
058, LOC_CIVILIZATION_BABYLON_STK_NAME, UNIT_BUILDER (3604495), 80, 48, -9999, -9999, 2048, ffffffff
058, LOC_CIVILIZATION_BABYLON_STK_NAME, UNIT_BUILDER (3604495), 80, 48, -9999, -9999, 2064, ffffffff
058, LOC_CIVILIZATION_BABYLON_STK_NAME, UNIT_BUILDER (3604495), 80, 48, -9999, -9999, 2065, ffffffff
058, LOC_CIVILIZATION_BABYLON_STK_NAME, UNIT_BUILDER (3604495), 80, 48, -9999, -9999, 2048, ffffffff
058, LOC_CIVILIZATION_BABYLON_STK_NAME, UNIT_BUILDER (3604495), 80, 48, -9999, -9999, 2064, ffffffff
058, LOC_CIVILIZATION_BABYLON_STK_NAME, UNIT_BUILDER (3604495), 80, 48, -9999, -9999, 2065, ffffffff
058, LOC_CIVILIZATION_BABYLON_STK_NAME, UNIT_BUILDER (3604495), 80, 48, -9999, -9999, 2048, ffffffff
058, LOC_CIVILIZATION_BABYLON_STK_NAME, UNIT_BUILDER (3604495), 80, 48, -9999, -9999, 2064, ffffffff
058, LOC_CIVILIZATION_BABYLON_STK_NAME, UNIT_BUILDER (3604495), 80, 48, -9999, -9999, 2065, ffffffff
058, LOC_CIVILIZATION_BABYLON_STK_NAME, UNIT_BUILDER (3604495), 80, 48, -9999, -9999, 2048, ffffffff
058, LOC_CIVILIZATION_BABYLON_STK_NAME, UNIT_BUILDER (3604495), 80, 48, 79, 49, 4, b10d1d8e
058, LOC_CIVILIZATION_BABYLON_STK_NAME, UNIT_BUILDER (3604495), 80, 48, 79, 49, 16384, b10d1d8e
058, LOC_CIVILIZATION_BABYLON_STK_NAME, UNIT_BUILDER (3604495), 80, 48, 79, 49, 4, b10d1d8e
058, LOC_CIVILIZATION_BABYLON_STK_NAME, UNIT_BUILDER (3670027), 70, 58, -9999, -9999, 2320, ffffffff
058, LOC_CIVILIZATION_BABYLON_STK_NAME, UNIT_BUILDER (3670027), 70, 58, -9999, -9999, 2321, ffffffff
058, LOC_CIVILIZATION_BABYLON_STK_NAME, UNIT_BUILDER (3670027), 70, 58, -9999, -9999, 2304, ffffffff
058, LOC_CIVILIZATION_BABYLON_STK_NAME, UNIT_BUILDER (3670027), 70, 58, -9999, -9999, 2320, ffffffff
058, LOC_CIVILIZATION_BABYLON_STK_NAME, UNIT_BUILDER (3670027), 70, 58, -9999, -9999, 2321, ffffffff
058, LOC_CIVILIZATION_BABYLON_STK_NAME, UNIT_BUILDER (3670027), 70, 58, -9999, -9999, 2304, ffffffff
058, LOC_CIVILIZATION_BABYLON_STK_NAME, UNIT_BUILDER (3670027), 70, 58, -9999, -9999, 2064, ffffffff
058, LOC_CIVILIZATION_BABYLON_STK_NAME, UNIT_BUILDER (3670027), 70, 58, -9999, -9999, 2065, ffffffff
058, LOC_CIVILIZATION_BABYLON_STK_NAME, UNIT_BUILDER (3670027), 70, 58, -9999, -9999, 2048, ffffffff
058, LOC_CIVILIZATION_BABYLON_STK_NAME, UNIT_BUILDER (4259871), 72, 57, -9999, -9999, 2320, ffffffff
058, LOC_CIVILIZATION_BABYLON_STK_NAME, UNIT_BUILDER (4259871), 72, 57, -9999, -9999, 2321, ffffffff
058, LOC_CIVILIZATION_BABYLON_STK_NAME, UNIT_BUILDER (4259871), 72, 57, -9999, -9999, 2304, ffffffff
058, LOC_CIVILIZATION_BABYLON_STK_NAME, UNIT_BUILDER (4259871), 72, 57, -9999, -9999, 2320, ffffffff
058, LOC_CIVILIZATION_BABYLON_STK_NAME, UNIT_BUILDER (4259871), 72, 57, -9999, -9999, 2321, ffffffff
058, LOC_CIVILIZATION_BABYLON_STK_NAME, UNIT_BUILDER (4259871), 72, 57, -9999, -9999, 2304, ffffffff
058, LOC_CIVILIZATION_BABYLON_STK_NAME, UNIT_BUILDER (4259871), 72, 57, 74, 58, 16640, 642c063b
058, LOC_CIVILIZATION_BABYLON_STK_NAME, UNIT_BUILDER (4259871), 72, 57, 74, 57, 16640, 28faac1e
058, LOC_CIVILIZATION_BABYLON_STK_NAME, UNIT_BUILDER (4259871), 74, 57, -9999, -9999, 2064, ffffffff
058, LOC_CIVILIZATION_BABYLON_STK_NAME, UNIT_BUILDER (4259871), 74, 57, -9999, -9999, 2065, ffffffff
058, LOC_CIVILIZATION_BABYLON_STK_NAME, UNIT_BUILDER (4259871), 74, 57, -9999, -9999, 2048, ffffffff
058, LOC_CIVILIZATION_BABYLON_STK_NAME, UNIT_BUILDER (4259871), 74, 57, -9999, -9999, 2064, ffffffff
058, LOC_CIVILIZATION_BABYLON_STK_NAME, UNIT_BUILDER (4259871), 74, 57, -9999, -9999, 2065, ffffffff
058, LOC_CIVILIZATION_BABYLON_STK_NAME, UNIT_BUILDER (4259871), 74, 57, -9999, -9999, 2048, ffffffff
058, LOC_CIVILIZATION_BABYLON_STK_NAME, UNIT_BUILDER (4259871), 74, 57, -9999, -9999, 2064, ffffffff
058, LOC_CIVILIZATION_BABYLON_STK_NAME, UNIT_BUILDER (4259871), 74, 57, -9999, -9999, 2065, ffffffff
058, LOC_CIVILIZATION_BABYLON_STK_NAME, UNIT_BUILDER (4259871), 74, 57, -9999, -9999, 2048, ffffffff
058, LOC_CIVILIZATION_BABYLON_STK_NAME, UNIT_BUILDER (4259871), 74, 57, -9999, -9999, 2064, ffffffff
058, LOC_CIVILIZATION_BABYLON_STK_NAME, UNIT_BUILDER (4259871), 74, 57, -9999, -9999, 2065, ffffffff
058, LOC_CIVILIZATION_BABYLON_STK_NAME, UNIT_BUILDER (4259871), 74, 57, -9999, -9999, 2048, ffffffff
058, LOC_CIVILIZATION_BABYLON_STK_NAME, UNIT_BUILDER (4259871), 74, 57, -9999, -9999, 2064, ffffffff
058, LOC_CIVILIZATION_BABYLON_STK_NAME, UNIT_BUILDER (4259871), 74, 57, -9999, -9999, 2065, ffffffff
058, LOC_CIVILIZATION_BABYLON_STK_NAME, UNIT_BUILDER (4259871), 74, 57, -9999, -9999, 2048, ffffffff
058, LOC_CIVILIZATION_BABYLON_STK_NAME, UNIT_BUILDER (4325408), 72, 57, -9999, -9999, 2320, ffffffff
058, LOC_CIVILIZATION_BABYLON_STK_NAME, UNIT_BUILDER (4325408), 72, 57, -9999, -9999, 2321, ffffffff
058, LOC_CIVILIZATION_BABYLON_STK_NAME, UNIT_BUILDER (4325408), 72, 57, -9999, -9999, 2304, ffffffff
058, LOC_CIVILIZATION_BABYLON_STK_NAME, UNIT_BUILDER (4325408), 72, 57, 74, 58, 16640, 642c063b
058, LOC_CIVILIZATION_BABYLON_STK_NAME, UNIT_BUILDER (4325408), 74, 58, -9999, -9999, 2064, ffffffff
058, LOC_CIVILIZATION_BABYLON_STK_NAME, UNIT_BUILDER (4325408), 74, 58, -9999, -9999, 2065, ffffffff
058, LOC_CIVILIZATION_BABYLON_STK_NAME, UNIT_BUILDER (4325408), 74, 58, -9999, -9999, 2048, ffffffff
058, LOC_CIVILIZATION_BABYLON_STK_NAME, UNIT_BUILDER (3014663), 77, 56, -9999, -9999, 2320, ffffffff
058, LOC_CIVILIZATION_BABYLON_STK_NAME, UNIT_BUILDER (3014663), 77, 56, -9999, -9999, 2321, ffffffff
058, LOC_CIVILIZATION_BABYLON_STK_NAME, UNIT_BUILDER (3014663), 77, 56, -9999, -9999, 2304, ffffffff
058, LOC_CIVILIZATION_BABYLON_STK_NAME, UNIT_BUILDER (3145737), 79, 56, 79, 57, 16640, 9dfd5222
058, LOC_CIVILIZATION_BABYLON_STK_NAME, UNIT_BUILDER (3145737), 79, 56, -9999, -9999, 2320, ffffffff
058, LOC_CIVILIZATION_BABYLON_STK_NAME, UNIT_BUILDER (3145737), 79, 56, -9999, -9999, 2321, ffffffff
058, LOC_CIVILIZATION_BABYLON_STK_NAME, UNIT_BUILDER (3145737), 79, 56, -9999, -9999, 2304, ffffffff
058, LOC_CIVILIZATION_BABYLON_STK_NAME, UNIT_BUILDER (3145737), 79, 57, -9999, -9999, 2064, ffffffff
058, LOC_CIVILIZATION_BABYLON_STK_NAME, UNIT_BUILDER (3145737), 79, 57, -9999, -9999, 2065, ffffffff
058, LOC_CIVILIZATION_BABYLON_STK_NAME, UNIT_BUILDER (3145737), 79, 57, -9999, -9999, 2048, ffffffff
058, LOC_CIVILIZATION_BABYLON_STK_NAME, UNIT_BUILDER (3145737), 79, 57, -9999, -9999, 2064, ffffffff
058, LOC_CIVILIZATION_BABYLON_STK_NAME, UNIT_BUILDER (3145737), 79, 57, -9999, -9999, 2065, ffffffff
058, LOC_CIVILIZATION_BABYLON_STK_NAME, UNIT_BUILDER (3145737), 79, 57, -9999, -9999, 2048, ffffffff
058, LOC_CIVILIZATION_BABYLON_STK_NAME, UNIT_BUILDER (3538964), 74, 47, -9999, -9999, 2064, ffffffff
058, LOC_CIVILIZATION_BABYLON_STK_NAME, UNIT_BUILDER (3538964), 74, 47, -9999, -9999, 2065, ffffffff
058, LOC_CIVILIZATION_BABYLON_STK_NAME, UNIT_BUILDER (3538964), 74, 47, -9999, -9999, 2048, ffffffff
058, LOC_CIVILIZATION_BABYLON_STK_NAME, UNIT_BUILDER (3014663), 77, 56, -9999, -9999, 2320, ffffffff
058, LOC_CIVILIZATION_BABYLON_STK_NAME, UNIT_BUILDER (3014663), 77, 56, -9999, -9999, 2321, ffffffff
058, LOC_CIVILIZATION_BABYLON_STK_NAME, UNIT_BUILDER (3014663), 77, 56, -9999, -9999, 2304, ffffffff
058, LOC_CIVILIZATION_BABYLON_STK_NAME, UNIT_BUILDER (3014663), 77, 56, 80, 56, 16640, ffc0cfba
058, LOC_CIVILIZATION_BABYLON_STK_NAME, UNIT_BUILDER (3014663), 80, 56, -9999, -9999, 2064, ffffffff
058, LOC_CIVILIZATION_BABYLON_STK_NAME, UNIT_BUILDER (3014663), 80, 56, -9999, -9999, 2065, ffffffff
058, LOC_CIVILIZATION_BABYLON_STK_NAME, UNIT_BUILDER (3014663), 80, 56, -9999, -9999, 2048, ffffffff
058, LOC_CIVILIZATION_BABYLON_STK_NAME, UNIT_BUILDER (3014663), 80, 56, -9999, -9999, 2064, ffffffff
058, LOC_CIVILIZATION_BABYLON_STK_NAME, UNIT_BUILDER (3014663), 80, 56, -9999, -9999, 2065, ffffffff
058, LOC_CIVILIZATION_BABYLON_STK_NAME, UNIT_BUILDER (3014663), 80, 56, -9999, -9999, 2048, ffffffff
058, LOC_CIVILIZATION_BABYLON_STK_NAME, UNIT_BUILDER (3014663), 80, 56, -9999, -9999, 2064, ffffffff
058, LOC_CIVILIZATION_BABYLON_STK_NAME, UNIT_BUILDER (3014663), 80, 56, -9999, -9999, 2065, ffffffff
058, LOC_CIVILIZATION_BABYLON_STK_NAME, UNIT_BUILDER (3014663), 80, 56, -9999, -9999, 2048, ffffffff
058, LOC_CIVILIZATION_BABYLON_STK_NAME, UNIT_BUILDER (3014663), 80, 56, -9999, -9999, 2064, ffffffff
058, LOC_CIVILIZATION_BABYLON_STK_NAME, UNIT_BUILDER (3014663), 80, 56, -9999, -9999, 2065, ffffffff
058, LOC_CIVILIZATION_BABYLON_STK_NAME, UNIT_BUILDER (3014663), 80, 56, -9999, -9999, 2048, ffffffff
058, LOC_CIVILIZATION_BABYLON_STK_NAME, UNIT_BUILDER (3014663), 80, 56, -9999, -9999, 2064, ffffffff
058, LOC_CIVILIZATION_BABYLON_STK_NAME, UNIT_BUILDER (3014663), 80, 56, -9999, -9999, 2065, ffffffff
058, LOC_CIVILIZATION_BABYLON_STK_NAME, UNIT_BUILDER (3014663), 80, 56, -9999, -9999, 2048, ffffffff
058, LOC_CIVILIZATION_BABYLON_STK_NAME, UNIT_BUILDER (3014663), 80, 56, 79, 55, 4, af8d749b
058, LOC_CIVILIZATION_BABYLON_STK_NAME, UNIT_BUILDER (3014663), 80, 56, 79, 55, 16384, af8d749b
058, LOC_CIVILIZATION_BABYLON_STK_NAME, UNIT_BUILDER (3014663), 80, 56, 79, 55, 4, af8d749b
058, LOC_CIVILIZATION_BABYLON_STK_NAME, UNIT_BUILDER (3342359), 77, 49, -9999, -9999, 2320, ffffffff
058, LOC_CIVILIZATION_BABYLON_STK_NAME, UNIT_BUILDER (3342359), 77, 49, -9999, -9999, 2321, ffffffff
058, LOC_CIVILIZATION_BABYLON_STK_NAME, UNIT_BUILDER (3342359), 77, 49, -9999, -9999, 2304, ffffffff
058, LOC_CIVILIZATION_BABYLON_STK_NAME, UNIT_BUILDER (3342359), 77, 49, 78, 48, 16640,  d9370b6
058, LOC_CIVILIZATION_BABYLON_STK_NAME, UNIT_BUILDER (3342359), 78, 48, -9999, -9999, 2064, ffffffff
058, LOC_CIVILIZATION_BABYLON_STK_NAME, UNIT_BUILDER (3342359), 78, 48, -9999, -9999, 2065, ffffffff
058, LOC_CIVILIZATION_BABYLON_STK_NAME, UNIT_BUILDER (3342359), 78, 48, -9999, -9999, 2048, ffffffff
058, LOC_CIVILIZATION_BABYLON_STK_NAME, UNIT_BUILDER (3342359), 78, 48, -9999, -9999, 2064, ffffffff
058, LOC_CIVILIZATION_BABYLON_STK_NAME, UNIT_BUILDER (3342359), 78, 48, -9999, -9999, 2065, ffffffff
058, LOC_CIVILIZATION_BABYLON_STK_NAME, UNIT_BUILDER (3342359), 78, 48, -9999, -9999, 2048, ffffffff
058, LOC_CIVILIZATION_BABYLON_STK_NAME, UNIT_BUILDER (3342359), 78, 48, -9999, -9999, 2064, ffffffff
058, LOC_CIVILIZATION_BABYLON_STK_NAME, UNIT_BUILDER (3342359), 78, 48, -9999, -9999, 2065, ffffffff
058, LOC_CIVILIZATION_BABYLON_STK_NAME, UNIT_BUILDER (3342359), 78, 48, -9999, -9999, 2048, ffffffff
058, LOC_CIVILIZATION_BABYLON_STK_NAME, UNIT_BUILDER (3538964), 74, 47, -9999, -9999, 2064, ffffffff
058, LOC_CIVILIZATION_BABYLON_STK_NAME, UNIT_BUILDER (3538964), 74, 47, -9999, -9999, 2065, ffffffff
058, LOC_CIVILIZATION_BABYLON_STK_NAME, UNIT_BUILDER (3538964), 74, 47, -9999, -9999, 2048, ffffffff
058, LOC_CIVILIZATION_BABYLON_STK_NAME, UNIT_BUILDER (3538964), 74, 47, 74, 51, 16384, 9c267ef4
058, LOC_CIVILIZATION_BABYLON_STK_NAME, UNIT_BUILDER (3604495), 80, 48, 79, 49, 4, b10d1d8e
058, LOC_CIVILIZATION_BABYLON_STK_NAME, UNIT_BUILDER (3604495), 80, 48, 79, 49, 16384, b10d1d8e
058, LOC_CIVILIZATION_BABYLON_STK_NAME, UNIT_BUILDER (3604495), 80, 48, -9999, -9999, 2064, ffffffff
058, LOC_CIVILIZATION_BABYLON_STK_NAME, UNIT_BUILDER (3604495), 80, 48, -9999, -9999, 2065, ffffffff
058, LOC_CIVILIZATION_BABYLON_STK_NAME, UNIT_BUILDER (3604495), 80, 48, -9999, -9999, 2048, ffffffff
058, LOC_CIVILIZATION_BABYLON_STK_NAME, UNIT_BUILDER (3932187), 70, 50, 68, 52, 16640, 5b4c9ad6
058, LOC_CIVILIZATION_BABYLON_STK_NAME, UNIT_BUILDER (3932187), 70, 50, -9999, -9999, 2320, ffffffff
058, LOC_CIVILIZATION_BABYLON_STK_NAME, UNIT_BUILDER (3932187), 70, 50, -9999, -9999, 2321, ffffffff
058, LOC_CIVILIZATION_BABYLON_STK_NAME, UNIT_BUILDER (3932187), 70, 50, -9999, -9999, 2304, ffffffff
058, LOC_CIVILIZATION_BABYLON_STK_NAME, UNIT_BUILDER (3932187), 68, 52, -9999, -9999, 2064, ffffffff
058, LOC_CIVILIZATION_BABYLON_STK_NAME, UNIT_BUILDER (3932187), 68, 52, -9999, -9999, 2065, ffffffff
058, LOC_CIVILIZATION_BABYLON_STK_NAME, UNIT_BUILDER (3932187), 68, 52, -9999, -9999, 2048, ffffffff
058, LOC_CIVILIZATION_BABYLON_STK_NAME, UNIT_BUILDER (3932187), 68, 52, -9999, -9999, 2064, ffffffff
058, LOC_CIVILIZATION_BABYLON_STK_NAME, UNIT_BUILDER (3932187), 68, 52, -9999, -9999, 2065, ffffffff
058, LOC_CIVILIZATION_BABYLON_STK_NAME, UNIT_BUILDER (3932187), 68, 52, -9999, -9999, 2048, ffffffff
058, LOC_CIVILIZATION_BABYLON_STK_NAME, UNIT_BUILDER (3932187), 68, 52, -9999, -9999, 2064, ffffffff
058, LOC_CIVILIZATION_BABYLON_STK_NAME, UNIT_BUILDER (3932187), 68, 52, -9999, -9999, 2065, ffffffff
058, LOC_CIVILIZATION_BABYLON_STK_NAME, UNIT_BUILDER (3932187), 68, 52, -9999, -9999, 2048, ffffffff
058, LOC_CIVILIZATION_BABYLON_STK_NAME, UNIT_BUILDER (3932187), 68, 52, -9999, -9999, 2064, ffffffff
058, LOC_CIVILIZATION_BABYLON_STK_NAME, UNIT_BUILDER (3932187), 68, 52, -9999, -9999, 2065, ffffffff
058, LOC_CIVILIZATION_BABYLON_STK_NAME, UNIT_BUILDER (3932187), 68, 52, -9999, -9999, 2048, ffffffff
058, LOC_CIVILIZATION_BABYLON_STK_NAME, UNIT_BUILDER (3932187), 68, 52, -9999, -9999, 2064, ffffffff
058, LOC_CIVILIZATION_BABYLON_STK_NAME, UNIT_BUILDER (3932187), 68, 52, -9999, -9999, 2065, ffffffff
058, LOC_CIVILIZATION_BABYLON_STK_NAME, UNIT_BUILDER (3932187), 68, 52, -9999, -9999, 2048, ffffffff
058, LOC_CIVILIZATION_BABYLON_STK_NAME, UNIT_BUILDER (3932187), 68, 52, -9999, -9999, 2064, ffffffff
058, LOC_CIVILIZATION_BABYLON_STK_NAME, UNIT_BUILDER (3932187), 68, 52, -9999, -9999, 2065, ffffffff
058, LOC_CIVILIZATION_BABYLON_STK_NAME, UNIT_BUILDER (3932187), 68, 52, -9999, -9999, 2048, ffffffff
058, LOC_CIVILIZATION_BABYLON_STK_NAME, UNIT_GREAT_ENGINEER (3211266), 77, 55, -9999, -9999, 2320, ffffffff
058, LOC_CIVILIZATION_BABYLON_STK_NAME, UNIT_GREAT_ENGINEER (3211266), 77, 55, -9999, -9999, 2321, ffffffff
058, LOC_CIVILIZATION_BABYLON_STK_NAME, UNIT_GREAT_ENGINEER (3211266), 77, 55, -9999, -9999, 2304, ffffffff
058, LOC_CIVILIZATION_BABYLON_STK_NAME, UNIT_BUILDER (3014663), 80, 56, 79, 55, 16384, af8d749b
058, LOC_CIVILIZATION_BABYLON_STK_NAME, UNIT_BUILDER (3014663), 80, 56, -9999, -9999, 2064, ffffffff
058, LOC_CIVILIZATION_BABYLON_STK_NAME, UNIT_BUILDER (3014663), 80, 56, -9999, -9999, 2065, ffffffff
058, LOC_CIVILIZATION_BABYLON_STK_NAME, UNIT_BUILDER (3014663), 80, 56, -9999, -9999, 2048, ffffffff
058, LOC_CIVILIZATION_BABYLON_STK_NAME, UNIT_BUILDER (3407896), 76, 59, -9999, -9999, 2320, ffffffff
058, LOC_CIVILIZATION_BABYLON_STK_NAME, UNIT_BUILDER (3407896), 76, 59, -9999, -9999, 2321, ffffffff
058, LOC_CIVILIZATION_BABYLON_STK_NAME, UNIT_BUILDER (3407896), 76, 59, -9999, -9999, 2304, ffffffff
058, LOC_CIVILIZATION_BABYLON_STK_NAME, UNIT_BUILDER (3932187), 68, 52, -9999, -9999, 2064, ffffffff
058, LOC_CIVILIZATION_BABYLON_STK_NAME, UNIT_BUILDER (3932187), 68, 52, -9999, -9999, 2065, ffffffff
058, LOC_CIVILIZATION_BABYLON_STK_NAME, UNIT_BUILDER (3932187), 68, 52, -9999, -9999, 2048, ffffffff
058, LOC_CIVILIZATION_BABYLON_STK_NAME, UNIT_BUILDER (3932187), 68, 52, -9999, -9999, 2064, ffffffff
058, LOC_CIVILIZATION_BABYLON_STK_NAME, UNIT_BUILDER (3932187), 68, 52, -9999, -9999, 2065, ffffffff
058, LOC_CIVILIZATION_BABYLON_STK_NAME, UNIT_BUILDER (3932187), 68, 52, -9999, -9999, 2048, ffffffff
058, LOC_CIVILIZATION_BABYLON_STK_NAME, UNIT_BUILDER (3801113), 72, 48, 71, 49, 16384, f745794b
058, LOC_CIVILIZATION_BABYLON_STK_NAME, UNIT_BUILDER (3407896), 76, 59, -9999, -9999, 2320, ffffffff
058, LOC_CIVILIZATION_BABYLON_STK_NAME, UNIT_BUILDER (3407896), 76, 59, -9999, -9999, 2321, ffffffff
058, LOC_CIVILIZATION_BABYLON_STK_NAME, UNIT_BUILDER (3407896), 76, 59, -9999, -9999, 2304, ffffffff
058, LOC_CIVILIZATION_BABYLON_STK_NAME, UNIT_GREAT_ENGINEER (3211266), 77, 55, -9999, -9999, 2320, ffffffff
058, LOC_CIVILIZATION_BABYLON_STK_NAME, UNIT_GREAT_ENGINEER (3211266), 77, 55, -9999, -9999, 2321, ffffffff
058, LOC_CIVILIZATION_BABYLON_STK_NAME, UNIT_GREAT_ENGINEER (3211266), 77, 55, -9999, -9999, 2304, ffffffff
058, LOC_CIVILIZATION_BABYLON_STK_NAME, UNIT_GREAT_ENGINEER (3211266), 77, 55, -9999, -9999, 2320, ffffffff
058, LOC_CIVILIZATION_BABYLON_STK_NAME, UNIT_GREAT_ENGINEER (3211266), 77, 55, -9999, -9999, 2321, ffffffff
058, LOC_CIVILIZATION_BABYLON_STK_NAME, UNIT_GREAT_ENGINEER (3211266), 77, 55, -9999, -9999, 2304, ffffffff
058, LOC_CIVILIZATION_BABYLON_STK_NAME, UNIT_BUILDER (3014663), 80, 56, 79, 55, 16384, af8d749b
058, LOC_CIVILIZATION_BABYLON_STK_NAME, UNIT_BUILDER (3014663), 80, 56, -9999, -9999, 2064, ffffffff
058, LOC_CIVILIZATION_BABYLON_STK_NAME, UNIT_BUILDER (3014663), 80, 56, -9999, -9999, 2065, ffffffff
058, LOC_CIVILIZATION_BABYLON_STK_NAME, UNIT_BUILDER (3014663), 80, 56, -9999, -9999, 2048, ffffffff
058, LOC_CIVILIZATION_BABYLON_STK_NAME, UNIT_BUILDER (3932187), 68, 52, -9999, -9999, 2064, ffffffff
058, LOC_CIVILIZATION_BABYLON_STK_NAME, UNIT_BUILDER (3932187), 68, 52, -9999, -9999, 2065, ffffffff
058, LOC_CIVILIZATION_BABYLON_STK_NAME, UNIT_BUILDER (3932187), 68, 52, -9999, -9999, 2048, ffffffff
058, LOC_CIVILIZATION_BABYLON_STK_NAME, UNIT_BUILDER (3932187), 68, 52, -9999, -9999, 2064, ffffffff
058, LOC_CIVILIZATION_BABYLON_STK_NAME, UNIT_BUILDER (3932187), 68, 52, -9999, -9999, 2065, ffffffff
058, LOC_CIVILIZATION_BABYLON_STK_NAME, UNIT_BUILDER (3932187), 68, 52, -9999, -9999, 2048, ffffffff
058, LOC_CIVILIZATION_BABYLON_STK_NAME, UNIT_GREAT_ENGINEER (3211266), 77, 55, -9999, -9999, 2320, ffffffff
058, LOC_CIVILIZATION_BABYLON_STK_NAME, UNIT_GREAT_ENGINEER (3211266), 77, 55, -9999, -9999, 2321, ffffffff
058, LOC_CIVILIZATION_BABYLON_STK_NAME, UNIT_GREAT_ENGINEER (3211266), 77, 55, -9999, -9999, 2304, ffffffff
058, LOC_CIVILIZATION_BABYLON_STK_NAME, UNIT_BUILDER (3932187), 68, 52, -9999, -9999, 2064, ffffffff
058, LOC_CIVILIZATION_BABYLON_STK_NAME, UNIT_BUILDER (3932187), 68, 52, -9999, -9999, 2065, ffffffff
058, LOC_CIVILIZATION_BABYLON_STK_NAME, UNIT_BUILDER (3932187), 68, 52, -9999, -9999, 2048, ffffffff
058, LOC_CIVILIZATION_BABYLON_STK_NAME, UNIT_BUILDER (3014663), 80, 56, 79, 55, 4, af8d749b
058, LOC_CIVILIZATION_BABYLON_STK_NAME, UNIT_BUILDER (3014663), 80, 56, 79, 55, 16384, af8d749b
058, LOC_CIVILIZATION_BABYLON_STK_NAME, UNIT_BUILDER (3014663), 80, 56, -9999, -9999, 2064, ffffffff
058, LOC_CIVILIZATION_BABYLON_STK_NAME, UNIT_BUILDER (3014663), 80, 56, -9999, -9999, 2065, ffffffff
058, LOC_CIVILIZATION_BABYLON_STK_NAME, UNIT_BUILDER (3014663), 80, 56, -9999, -9999, 2048, ffffffff
058, LOC_CIVILIZATION_BABYLON_STK_NAME, UNIT_BUILDER (3407896), 76, 59, 74, 58, 16640, ffffffff
058, LOC_CIVILIZATION_BABYLON_STK_NAME, UNIT_BUILDER (3407896), 76, 59, -9999, -9999, 2320, ffffffff
058, LOC_CIVILIZATION_BABYLON_STK_NAME, UNIT_BUILDER (3407896), 76, 59, -9999, -9999, 2321, ffffffff
058, LOC_CIVILIZATION_BABYLON_STK_NAME, UNIT_BUILDER (3407896), 76, 59, -9999, -9999, 2304, ffffffff
058, LOC_CIVILIZATION_BABYLON_STK_NAME, UNIT_BUILDER (3407896), 76, 59, 77, 59, 16640, ab880879
058, LOC_CIVILIZATION_BABYLON_STK_NAME, UNIT_BUILDER (3407896), 77, 59, -9999, -9999, 2064, ffffffff
058, LOC_CIVILIZATION_BABYLON_STK_NAME, UNIT_BUILDER (3407896), 77, 59, -9999, -9999, 2065, ffffffff
058, LOC_CIVILIZATION_BABYLON_STK_NAME, UNIT_BUILDER (3407896), 77, 59, -9999, -9999, 2048, ffffffff
058, LOC_CIVILIZATION_BABYLON_STK_NAME, UNIT_BUILDER (3407896), 77, 59, -9999, -9999, 2064, ffffffff
058, LOC_CIVILIZATION_BABYLON_STK_NAME, UNIT_BUILDER (3407896), 77, 59, -9999, -9999, 2065, ffffffff
058, LOC_CIVILIZATION_BABYLON_STK_NAME, UNIT_BUILDER (3407896), 77, 59, -9999, -9999, 2048, ffffffff
058, LOC_CIVILIZATION_BABYLON_STK_NAME, UNIT_BUILDER (3407896), 77, 59, -9999, -9999, 2064, ffffffff
058, LOC_CIVILIZATION_BABYLON_STK_NAME, UNIT_BUILDER (3407896), 77, 59, -9999, -9999, 2065, ffffffff
058, LOC_CIVILIZATION_BABYLON_STK_NAME, UNIT_BUILDER (3407896), 77, 59, -9999, -9999, 2048, ffffffff
058, LOC_CIVILIZATION_BABYLON_STK_NAME, UNIT_BUILDER (3407896), 77, 59, -9999, -9999, 2064, ffffffff
058, LOC_CIVILIZATION_BABYLON_STK_NAME, UNIT_BUILDER (3407896), 77, 59, -9999, -9999, 2065, ffffffff
058, LOC_CIVILIZATION_BABYLON_STK_NAME, UNIT_BUILDER (3407896), 77, 59, -9999, -9999, 2048, ffffffff
058, LOC_CIVILIZATION_BABYLON_STK_NAME, UNIT_BUILDER (3932187), 68, 52, -9999, -9999, 2064, ffffffff
058, LOC_CIVILIZATION_BABYLON_STK_NAME, UNIT_BUILDER (3932187), 68, 52, -9999, -9999, 2065, ffffffff
058, LOC_CIVILIZATION_BABYLON_STK_NAME, UNIT_BUILDER (3932187), 68, 52, -9999, -9999, 2048, ffffffff
058, LOC_CIVILIZATION_BABYLON_STK_NAME, UNIT_BUILDER (3014663), 80, 56, 79, 55, 4, af8d749b
058, LOC_CIVILIZATION_BABYLON_STK_NAME, UNIT_BUILDER (3014663), 80, 56, 79, 55, 16384, af8d749b
058, LOC_CIVILIZATION_BABYLON_STK_NAME, UNIT_BUILDER (3014663), 80, 56, -9999, -9999, 2064, ffffffff
058, LOC_CIVILIZATION_BABYLON_STK_NAME, UNIT_BUILDER (3014663), 80, 56, -9999, -9999, 2065, ffffffff
058, LOC_CIVILIZATION_BABYLON_STK_NAME, UNIT_BUILDER (3014663), 80, 56, -9999, -9999, 2048, ffffffff
058, LOC_CIVILIZATION_BABYLON_STK_NAME, UNIT_BUILDER (3604495), 80, 48, 79, 49, 4, b10d1d8e
058, LOC_CIVILIZATION_BABYLON_STK_NAME, UNIT_BUILDER (3604495), 80, 48, 79, 49, 16384, b10d1d8e
058, LOC_CIVILIZATION_BABYLON_STK_NAME, UNIT_BUILDER (3604495), 80, 48, -9999, -9999, 2064, ffffffff
058, LOC_CIVILIZATION_BABYLON_STK_NAME, UNIT_BUILDER (3604495), 80, 48, -9999, -9999, 2065, ffffffff
058, LOC_CIVILIZATION_BABYLON_STK_NAME, UNIT_BUILDER (3604495), 80, 48, -9999, -9999, 2048, ffffffff
058, LOC_CIVILIZATION_BABYLON_STK_NAME, UNIT_HEAVY_CHARIOT (1179651), 76, 46, -9999, -9999, 2320, ffffffff
058, LOC_CIVILIZATION_BABYLON_STK_NAME, UNIT_HEAVY_CHARIOT (1179651), 76, 46, -9999, -9999, 2321, ffffffff
058, LOC_CIVILIZATION_BABYLON_STK_NAME, UNIT_HEAVY_CHARIOT (1179651), 76, 46, -9999, -9999, 2304, ffffffff
058, LOC_CIVILIZATION_BABYLON_STK_NAME, UNIT_HEAVY_CHARIOT (1179651), 76, 46, -9999, -9999, 2370, ffffffff
058, LOC_CIVILIZATION_BABYLON_STK_NAME, UNIT_HEAVY_CHARIOT (1179651), 76, 46, 27, 69, 256, 5e460ab8
058, LOC_CIVILIZATION_BABYLON_STK_NAME, UNIT_BUILDER (3801113), 72, 48, 71, 49, 16384, f745794b
058, LOC_CIVILIZATION_BABYLON_STK_NAME, UNIT_BUILDER (3538964), 74, 47, 74, 51, 16384, 9c267ef4
058, LOC_CIVILIZATION_BABYLON_STK_NAME, UNIT_BUILDER (3538964), 74, 47, -9999, -9999, 2064, ffffffff
058, LOC_CIVILIZATION_BABYLON_STK_NAME, UNIT_BUILDER (3538964), 74, 47, -9999, -9999, 2065, ffffffff
058, LOC_CIVILIZATION_BABYLON_STK_NAME, UNIT_BUILDER (3538964), 74, 47, -9999, -9999, 2048, ffffffff
058, LOC_CIVILIZATION_BABYLON_STK_NAME, UNIT_BUILDER (3932187), 68, 52, -9999, -9999, 2064, ffffffff
058, LOC_CIVILIZATION_BABYLON_STK_NAME, UNIT_BUILDER (3932187), 68, 52, -9999, -9999, 2065, ffffffff
058, LOC_CIVILIZATION_BABYLON_STK_NAME, UNIT_BUILDER (3932187), 68, 52, -9999, -9999, 2048, ffffffff
057, LOC_CIVILIZATION_BABYLON_STK_NAME, UNIT_BUILDER (3604495), 79, 45, 80, 49, 16384, 713b0a5d
057, LOC_CIVILIZATION_BABYLON_STK_NAME, UNIT_BUILDER (3932187), 70, 50, 68, 52, 16384, 5b4c9ad6
057, LOC_CIVILIZATION_BABYLON_STK_NAME, UNIT_BUILDER (3276822), 73, 55, 74, 55, 16384, 4de47e25
057, LOC_CIVILIZATION_BABYLON_STK_NAME, UNIT_BUILDER (3276822), 73, 55, -9999, -9999, 2064, ffffffff
057, LOC_CIVILIZATION_BABYLON_STK_NAME, UNIT_BUILDER (3276822), 73, 55, -9999, -9999, 2065, ffffffff
057, LOC_CIVILIZATION_BABYLON_STK_NAME, UNIT_BUILDER (3276822), 73, 55, -9999, -9999, 2048, ffffffff
057, LOC_CIVILIZATION_BABYLON_STK_NAME, UNIT_BUILDER (3276822), 73, 55, 74, 55, 16384, 4de47e25
057, LOC_CIVILIZATION_BABYLON_STK_NAME, UNIT_BUILDER (3276822), 73, 55, -9999, -9999, 2064, ffffffff
057, LOC_CIVILIZATION_BABYLON_STK_NAME, UNIT_BUILDER (3276822), 73, 55, -9999, -9999, 2065, ffffffff
057, LOC_CIVILIZATION_BABYLON_STK_NAME, UNIT_BUILDER (3276822), 73, 55, -9999, -9999, 2048, ffffffff
057, LOC_CIVILIZATION_BABYLON_STK_NAME, UNIT_BUILDER (3276822), 73, 55, 74, 55, 16384, 4de47e25
057, LOC_CIVILIZATION_BABYLON_STK_NAME, UNIT_BUILDER (3276822), 73, 55, -9999, -9999, 2064, ffffffff
057, LOC_CIVILIZATION_BABYLON_STK_NAME, UNIT_BUILDER (3276822), 73, 55, -9999, -9999, 2065, ffffffff
057, LOC_CIVILIZATION_BABYLON_STK_NAME, UNIT_BUILDER (3276822), 73, 55, -9999, -9999, 2048, ffffffff
057, LOC_CIVILIZATION_BABYLON_STK_NAME, UNIT_BUILDER (3276822), 73, 55, 74, 55, 16384, 4de47e25
057, LOC_CIVILIZATION_BABYLON_STK_NAME, UNIT_BUILDER (3276822), 73, 55, -9999, -9999, 2064, ffffffff
057, LOC_CIVILIZATION_BABYLON_STK_NAME, UNIT_BUILDER (3276822), 73, 55, -9999, -9999, 2065, ffffffff
057, LOC_CIVILIZATION_BABYLON_STK_NAME, UNIT_BUILDER (3276822), 73, 55, -9999, -9999, 2048, ffffffff
057, LOC_CIVILIZATION_BABYLON_STK_NAME, UNIT_BUILDER (3276822), 73, 55, 74, 55, 16384, 4de47e25
057, LOC_CIVILIZATION_BABYLON_STK_NAME, UNIT_BUILDER (3276822), 73, 55, -9999, -9999, 2064, ffffffff
057, LOC_CIVILIZATION_BABYLON_STK_NAME, UNIT_BUILDER (3276822), 73, 55, -9999, -9999, 2065, ffffffff
057, LOC_CIVILIZATION_BABYLON_STK_NAME, UNIT_BUILDER (3276822), 73, 55, -9999, -9999, 2048, ffffffff
057, LOC_CIVILIZATION_BABYLON_STK_NAME, UNIT_BUILDER (3276822), 73, 55, 74, 55, 16384, 4de47e25
057, LOC_CIVILIZATION_BABYLON_STK_NAME, UNIT_BUILDER (3276822), 73, 55, -9999, -9999, 2064, ffffffff
057, LOC_CIVILIZATION_BABYLON_STK_NAME, UNIT_BUILDER (3276822), 73, 55, -9999, -9999, 2065, ffffffff
057, LOC_CIVILIZATION_BABYLON_STK_NAME, UNIT_BUILDER (3276822), 73, 55, -9999, -9999, 2048, ffffffff
057, LOC_CIVILIZATION_BABYLON_STK_NAME, UNIT_BUILDER (3276822), 73, 55, 74, 55, 16384, 4de47e25
057, LOC_CIVILIZATION_BABYLON_STK_NAME, UNIT_BUILDER (3276822), 73, 55, -9999, -9999, 2064, ffffffff
057, LOC_CIVILIZATION_BABYLON_STK_NAME, UNIT_BUILDER (3276822), 73, 55, -9999, -9999, 2065, ffffffff
057, LOC_CIVILIZATION_BABYLON_STK_NAME, UNIT_BUILDER (3276822), 73, 55, -9999, -9999, 2048, ffffffff
057, LOC_CIVILIZATION_BABYLON_STK_NAME, UNIT_BUILDER (3276822), 73, 55, 74, 55, 16384, 4de47e25
057, LOC_CIVILIZATION_BABYLON_STK_NAME, UNIT_BUILDER (3276822), 73, 55, -9999, -9999, 2064, ffffffff
057, LOC_CIVILIZATION_BABYLON_STK_NAME, UNIT_BUILDER (3276822), 73, 55, -9999, -9999, 2065, ffffffff
057, LOC_CIVILIZATION_BABYLON_STK_NAME, UNIT_BUILDER (3276822), 73, 55, -9999, -9999, 2048, ffffffff
057, LOC_CIVILIZATION_BABYLON_STK_NAME, UNIT_BUILDER (3932187), 70, 50, 68, 52, 16384, 5b4c9ad6
057, LOC_CIVILIZATION_BABYLON_STK_NAME, UNIT_BUILDER (3276822), 73, 55, 74, 55, 16384, 4de47e25
057, LOC_CIVILIZATION_BABYLON_STK_NAME, UNIT_BUILDER (3276822), 73, 55, -9999, -9999, 2064, ffffffff
057, LOC_CIVILIZATION_BABYLON_STK_NAME, UNIT_BUILDER (3276822), 73, 55, -9999, -9999, 2065, ffffffff
057, LOC_CIVILIZATION_BABYLON_STK_NAME, UNIT_BUILDER (3276822), 73, 55, -9999, -9999, 2048, ffffffff
057, LOC_CIVILIZATION_BABYLON_STK_NAME, UNIT_BUILDER (3276822), 73, 55, 74, 55, 16384, 4de47e25
057, LOC_CIVILIZATION_BABYLON_STK_NAME, UNIT_BUILDER (3276822), 73, 55, -9999, -9999, 2064, ffffffff
057, LOC_CIVILIZATION_BABYLON_STK_NAME, UNIT_BUILDER (3276822), 73, 55, -9999, -9999, 2065, ffffffff
057, LOC_CIVILIZATION_BABYLON_STK_NAME, UNIT_BUILDER (3276822), 73, 55, -9999, -9999, 2048, ffffffff
058, LOC_CIVILIZATION_BABYLON_STK_NAME, UNIT_BUILDER (3932187), 68, 52, -9999, -9999, 2064, ffffffff
058, LOC_CIVILIZATION_BABYLON_STK_NAME, UNIT_BUILDER (3932187), 68, 52, -9999, -9999, 2065, ffffffff
058, LOC_CIVILIZATION_BABYLON_STK_NAME, UNIT_BUILDER (3932187), 68, 52, -9999, -9999, 2048, ffffffff
058, LOC_CIVILIZATION_BABYLON_STK_NAME, UNIT_BUILDER (3932187), 68, 52, -9999, -9999, 2064, ffffffff
058, LOC_CIVILIZATION_BABYLON_STK_NAME, UNIT_BUILDER (3932187), 68, 52, -9999, -9999, 2065, ffffffff
058, LOC_CIVILIZATION_BABYLON_STK_NAME, UNIT_BUILDER (3932187), 68, 52, -9999, -9999, 2048, ffffffff
058, LOC_CIVILIZATION_BABYLON_STK_NAME, UNIT_BUILDER (3014663), 80, 56, 79, 55, 4, af8d749b
058, LOC_CIVILIZATION_BABYLON_STK_NAME, UNIT_BUILDER (3014663), 80, 56, 79, 55, 16384, af8d749b
058, LOC_CIVILIZATION_BABYLON_STK_NAME, UNIT_BUILDER (3014663), 80, 56, -9999, -9999, 2064, ffffffff
058, LOC_CIVILIZATION_BABYLON_STK_NAME, UNIT_BUILDER (3014663), 80, 56, -9999, -9999, 2065, ffffffff
058, LOC_CIVILIZATION_BABYLON_STK_NAME, UNIT_BUILDER (3014663), 80, 56, -9999, -9999, 2048, ffffffff
058, LOC_CIVILIZATION_BABYLON_STK_NAME, UNIT_BUILDER (3407896), 76, 59, 74, 58, 16640, ffffffff
058, LOC_CIVILIZATION_BABYLON_STK_NAME, UNIT_BUILDER (3407896), 76, 59, -9999, -9999, 2320, ffffffff
058, LOC_CIVILIZATION_BABYLON_STK_NAME, UNIT_BUILDER (3407896), 76, 59, -9999, -9999, 2321, ffffffff
058, LOC_CIVILIZATION_BABYLON_STK_NAME, UNIT_BUILDER (3407896), 76, 59, -9999, -9999, 2304, ffffffff
058, LOC_CIVILIZATION_BABYLON_STK_NAME, UNIT_BUILDER (3407896), 76, 59, 74, 58, 16640, ffffffff
058, LOC_CIVILIZATION_BABYLON_STK_NAME, UNIT_BUILDER (3407896), 76, 59, -9999, -9999, 2320, ffffffff
058, LOC_CIVILIZATION_BABYLON_STK_NAME, UNIT_BUILDER (3407896), 76, 59, -9999, -9999, 2321, ffffffff
058, LOC_CIVILIZATION_BABYLON_STK_NAME, UNIT_BUILDER (3407896), 76, 59, -9999, -9999, 2304, ffffffff
058, LOC_CIVILIZATION_BABYLON_STK_NAME, UNIT_BUILDER (3407896), 76, 59, 77, 59, 16640, ab880879
058, LOC_CIVILIZATION_BABYLON_STK_NAME, UNIT_BUILDER (3407896), 77, 59, -9999, -9999, 2064, ffffffff
058, LOC_CIVILIZATION_BABYLON_STK_NAME, UNIT_BUILDER (3407896), 77, 59, -9999, -9999, 2065, ffffffff
058, LOC_CIVILIZATION_BABYLON_STK_NAME, UNIT_BUILDER (3407896), 77, 59, -9999, -9999, 2048, ffffffff
058, LOC_CIVILIZATION_BABYLON_STK_NAME, UNIT_BUILDER (3407896), 77, 59, -9999, -9999, 2064, ffffffff
058, LOC_CIVILIZATION_BABYLON_STK_NAME, UNIT_BUILDER (3407896), 77, 59, -9999, -9999, 2065, ffffffff
058, LOC_CIVILIZATION_BABYLON_STK_NAME, UNIT_BUILDER (3407896), 77, 59, -9999, -9999, 2048, ffffffff
058, LOC_CIVILIZATION_BABYLON_STK_NAME, UNIT_BUILDER (3932187), 68, 52, -9999, -9999, 2064, ffffffff
058, LOC_CIVILIZATION_BABYLON_STK_NAME, UNIT_BUILDER (3932187), 68, 52, -9999, -9999, 2065, ffffffff
058, LOC_CIVILIZATION_BABYLON_STK_NAME, UNIT_BUILDER (3932187), 68, 52, -9999, -9999, 2048, ffffffff
058, LOC_CIVILIZATION_BABYLON_STK_NAME, UNIT_BUILDER (3014663), 80, 56, 79, 55, 4, af8d749b
058, LOC_CIVILIZATION_BABYLON_STK_NAME, UNIT_BUILDER (3014663), 80, 56, 79, 55, 16384, af8d749b
058, LOC_CIVILIZATION_BABYLON_STK_NAME, UNIT_BUILDER (3014663), 80, 56, -9999, -9999, 2064, ffffffff
058, LOC_CIVILIZATION_BABYLON_STK_NAME, UNIT_BUILDER (3014663), 80, 56, -9999, -9999, 2065, ffffffff
058, LOC_CIVILIZATION_BABYLON_STK_NAME, UNIT_BUILDER (3014663), 80, 56, -9999, -9999, 2048, ffffffff
058, LOC_CIVILIZATION_BABYLON_STK_NAME, UNIT_GREAT_ENGINEER (3211266), 77, 55, -9999, -9999, 2320, ffffffff
058, LOC_CIVILIZATION_BABYLON_STK_NAME, UNIT_GREAT_ENGINEER (3211266), 77, 55, -9999, -9999, 2321, ffffffff
058, LOC_CIVILIZATION_BABYLON_STK_NAME, UNIT_GREAT_ENGINEER (3211266), 77, 55, -9999, -9999, 2304, ffffffff
058, LOC_CIVILIZATION_BABYLON_STK_NAME, UNIT_SCOUT (458756), 44, 13, -9999, -9999, 2320, ffffffff
058, LOC_CIVILIZATION_BABYLON_STK_NAME, UNIT_SCOUT (458756), 44, 13, -9999, -9999, 2321, ffffffff
058, LOC_CIVILIZATION_BABYLON_STK_NAME, UNIT_SCOUT (458756), 44, 13, -9999, -9999, 2304, ffffffff
058, LOC_CIVILIZATION_BABYLON_STK_NAME, UNIT_BABYLONIAN_SABUM_KIBITTUM (196608), 40, 70, -9999, -9999, 2320, ffffffff
058, LOC_CIVILIZATION_BABYLON_STK_NAME, UNIT_BABYLONIAN_SABUM_KIBITTUM (196608), 40, 70, -9999, -9999, 2321, ffffffff
058, LOC_CIVILIZATION_BABYLON_STK_NAME, UNIT_BABYLONIAN_SABUM_KIBITTUM (196608), 40, 70, -9999, -9999, 2304, ffffffff
058, LOC_CIVILIZATION_BABYLON_STK_NAME, UNIT_BABYLONIAN_SABUM_KIBITTUM (196608), 40, 70, -9999, -9999, 2370, ffffffff
058, LOC_CIVILIZATION_BABYLON_STK_NAME, UNIT_BABYLONIAN_SABUM_KIBITTUM (196608), 40, 70, 27, 69, 256, b1d620ab
058, LOC_CIVILIZATION_BABYLON_STK_NAME, UNIT_BABYLONIAN_SABUM_KIBITTUM (196608), 40, 70, -9999, -9999, 2370, ffffffff
058, LOC_CIVILIZATION_BABYLON_STK_NAME, UNIT_BABYLONIAN_SABUM_KIBITTUM (196608), 40, 70, 27, 69, 256, b1d620ab
058, LOC_CIVILIZATION_BABYLON_STK_NAME, UNIT_BABYLONIAN_SABUM_KIBITTUM (196608), 40, 70, -9999, -9999, 2320, ffffffff
058, LOC_CIVILIZATION_BABYLON_STK_NAME, UNIT_BABYLONIAN_SABUM_KIBITTUM (196608), 40, 70, -9999, -9999, 2321, ffffffff
058, LOC_CIVILIZATION_BABYLON_STK_NAME, UNIT_BABYLONIAN_SABUM_KIBITTUM (196608), 40, 70, -9999, -9999, 2304, ffffffff
058, LOC_CIVILIZATION_BABYLON_STK_NAME, UNIT_BABYLONIAN_SABUM_KIBITTUM (196608), 40, 70, -9999, -9999, 2370, ffffffff
058, LOC_CIVILIZATION_BABYLON_STK_NAME, UNIT_BABYLONIAN_SABUM_KIBITTUM (196608), 40, 70, 27, 69, 256, b1d620ab
058, LOC_CIVILIZATION_BABYLON_STK_NAME, UNIT_BUILDER (3670027), 70, 58, -9999, -9999, 2320, ffffffff
058, LOC_CIVILIZATION_BABYLON_STK_NAME, UNIT_BUILDER (3670027), 70, 58, -9999, -9999, 2321, ffffffff
058, LOC_CIVILIZATION_BABYLON_STK_NAME, UNIT_BUILDER (3670027), 70, 58, -9999, -9999, 2304, ffffffff
058, LOC_CIVILIZATION_BABYLON_STK_NAME, UNIT_BUILDER (4259871), 72, 57, -9999, -9999, 2320, ffffffff
058, LOC_CIVILIZATION_BABYLON_STK_NAME, UNIT_BUILDER (4259871), 72, 57, -9999, -9999, 2321, ffffffff
058, LOC_CIVILIZATION_BABYLON_STK_NAME, UNIT_BUILDER (4259871), 72, 57, -9999, -9999, 2304, ffffffff
058, LOC_CIVILIZATION_BABYLON_STK_NAME, UNIT_BUILDER (4259871), 72, 57, 74, 57, 16640, 28faac1e
058, LOC_CIVILIZATION_BABYLON_STK_NAME, UNIT_BUILDER (4259871), 72, 57, 73, 57, 16640, df5e525d
058, LOC_CIVILIZATION_BABYLON_STK_NAME, UNIT_BUILDER (4259871), 72, 57, 73, 56, 16640, 140281f8
058, LOC_CIVILIZATION_BABYLON_STK_NAME, UNIT_BUILDER (3276822), 73, 55, 74, 55, 16640, 4de47e25
058, LOC_CIVILIZATION_BABYLON_STK_NAME, UNIT_BUILDER (3276822), 73, 55, -9999, -9999, 2320, ffffffff
058, LOC_CIVILIZATION_BABYLON_STK_NAME, UNIT_BUILDER (3276822), 73, 55, -9999, -9999, 2321, ffffffff
058, LOC_CIVILIZATION_BABYLON_STK_NAME, UNIT_BUILDER (3276822), 73, 55, -9999, -9999, 2304, ffffffff
058, LOC_CIVILIZATION_BABYLON_STK_NAME, UNIT_BUILDER (3276822), 74, 55, -9999, -9999, 2064, ffffffff
058, LOC_CIVILIZATION_BABYLON_STK_NAME, UNIT_BUILDER (3276822), 74, 55, -9999, -9999, 2065, ffffffff
058, LOC_CIVILIZATION_BABYLON_STK_NAME, UNIT_BUILDER (3276822), 74, 55, -9999, -9999, 2048, ffffffff
058, LOC_CIVILIZATION_BABYLON_STK_NAME, UNIT_BUILDER (3276822), 74, 55, -9999, -9999, 2064, ffffffff
058, LOC_CIVILIZATION_BABYLON_STK_NAME, UNIT_BUILDER (3276822), 74, 55, -9999, -9999, 2065, ffffffff
058, LOC_CIVILIZATION_BABYLON_STK_NAME, UNIT_BUILDER (3276822), 74, 55, -9999, -9999, 2048, ffffffff
058, LOC_CIVILIZATION_BABYLON_STK_NAME, UNIT_BUILDER (4259871), 72, 57, -9999, -9999, 2320, ffffffff
058, LOC_CIVILIZATION_BABYLON_STK_NAME, UNIT_BUILDER (4259871), 72, 57, -9999, -9999, 2321, ffffffff
058, LOC_CIVILIZATION_BABYLON_STK_NAME, UNIT_BUILDER (4259871), 72, 57, -9999, -9999, 2304, ffffffff
058, LOC_CIVILIZATION_BABYLON_STK_NAME, UNIT_BUILDER (4259871), 72, 57, -9999, -9999, 2320, ffffffff
058, LOC_CIVILIZATION_BABYLON_STK_NAME, UNIT_BUILDER (4259871), 72, 57, -9999, -9999, 2321, ffffffff
058, LOC_CIVILIZATION_BABYLON_STK_NAME, UNIT_BUILDER (4259871), 72, 57, -9999, -9999, 2304, ffffffff
058, LOC_CIVILIZATION_BABYLON_STK_NAME, UNIT_BUILDER (4259871), 72, 57, -9999, -9999, 2320, ffffffff
058, LOC_CIVILIZATION_BABYLON_STK_NAME, UNIT_BUILDER (4259871), 72, 57, -9999, -9999, 2321, ffffffff
058, LOC_CIVILIZATION_BABYLON_STK_NAME, UNIT_BUILDER (4259871), 72, 57, -9999, -9999, 2304, ffffffff
058, LOC_CIVILIZATION_BABYLON_STK_NAME, UNIT_BUILDER (4259871), 72, 57, 74, 57, 16640, 28faac1e
058, LOC_CIVILIZATION_BABYLON_STK_NAME, UNIT_BUILDER (4259871), 74, 57, -9999, -9999, 2064, ffffffff
058, LOC_CIVILIZATION_BABYLON_STK_NAME, UNIT_BUILDER (4259871), 74, 57, -9999, -9999, 2065, ffffffff
058, LOC_CIVILIZATION_BABYLON_STK_NAME, UNIT_BUILDER (4259871), 74, 57, -9999, -9999, 2048, ffffffff
058, LOC_CIVILIZATION_BABYLON_STK_NAME, UNIT_BUILDER (4259871), 74, 57, -9999, -9999, 2064, ffffffff
058, LOC_CIVILIZATION_BABYLON_STK_NAME, UNIT_BUILDER (4259871), 74, 57, -9999, -9999, 2065, ffffffff
058, LOC_CIVILIZATION_BABYLON_STK_NAME, UNIT_BUILDER (4259871), 74, 57, -9999, -9999, 2048, ffffffff
058, LOC_CIVILIZATION_BABYLON_STK_NAME, UNIT_BUILDER (4259871), 74, 57, -9999, -9999, 2064, ffffffff
058, LOC_CIVILIZATION_BABYLON_STK_NAME, UNIT_BUILDER (4259871), 74, 57, -9999, -9999, 2065, ffffffff
058, LOC_CIVILIZATION_BABYLON_STK_NAME, UNIT_BUILDER (4259871), 74, 57, -9999, -9999, 2048, ffffffff
058, LOC_CIVILIZATION_BABYLON_STK_NAME, UNIT_BUILDER (4259871), 74, 57, -9999, -9999, 2064, ffffffff
058, LOC_CIVILIZATION_BABYLON_STK_NAME, UNIT_BUILDER (4259871), 74, 57, -9999, -9999, 2065, ffffffff
058, LOC_CIVILIZATION_BABYLON_STK_NAME, UNIT_BUILDER (4259871), 74, 57, -9999, -9999, 2048, ffffffff
058, LOC_CIVILIZATION_BABYLON_STK_NAME, UNIT_BUILDER (4259871), 74, 57, -9999, -9999, 2064, ffffffff
058, LOC_CIVILIZATION_BABYLON_STK_NAME, UNIT_BUILDER (4259871), 74, 57, -9999, -9999, 2065, ffffffff
058, LOC_CIVILIZATION_BABYLON_STK_NAME, UNIT_BUILDER (4259871), 74, 57, -9999, -9999, 2048, ffffffff
058, LOC_CIVILIZATION_BABYLON_STK_NAME, UNIT_BUILDER (3670027), 70, 58, -9999, -9999, 2320, ffffffff
058, LOC_CIVILIZATION_BABYLON_STK_NAME, UNIT_BUILDER (3670027), 70, 58, -9999, -9999, 2321, ffffffff
058, LOC_CIVILIZATION_BABYLON_STK_NAME, UNIT_BUILDER (3670027), 70, 58, -9999, -9999, 2304, ffffffff
058, LOC_CIVILIZATION_BABYLON_STK_NAME, UNIT_BUILDER (3670027), 70, 58, -9999, -9999, 2320, ffffffff
058, LOC_CIVILIZATION_BABYLON_STK_NAME, UNIT_BUILDER (3670027), 70, 58, -9999, -9999, 2321, ffffffff
058, LOC_CIVILIZATION_BABYLON_STK_NAME, UNIT_BUILDER (3670027), 70, 58, -9999, -9999, 2304, ffffffff
058, LOC_CIVILIZATION_BABYLON_STK_NAME, UNIT_BUILDER (3670027), 70, 58, -9999, -9999, 2064, ffffffff
058, LOC_CIVILIZATION_BABYLON_STK_NAME, UNIT_BUILDER (3670027), 70, 58, -9999, -9999, 2065, ffffffff
058, LOC_CIVILIZATION_BABYLON_STK_NAME, UNIT_BUILDER (3670027), 70, 58, -9999, -9999, 2048, ffffffff
058, LOC_CIVILIZATION_BABYLON_STK_NAME, UNIT_BUILDER (4325408), 72, 57, -9999, -9999, 2320, ffffffff
058, LOC_CIVILIZATION_BABYLON_STK_NAME, UNIT_BUILDER (4325408), 72, 57, -9999, -9999, 2321, ffffffff
058, LOC_CIVILIZATION_BABYLON_STK_NAME, UNIT_BUILDER (4325408), 72, 57, -9999, -9999, 2304, ffffffff
058, LOC_CIVILIZATION_BABYLON_STK_NAME, UNIT_BUILDER (3407896), 76, 59, 74, 58, 16640, 79724634
058, LOC_CIVILIZATION_BABYLON_STK_NAME, UNIT_BUILDER (3407896), 76, 59, -9999, -9999, 2320, ffffffff
058, LOC_CIVILIZATION_BABYLON_STK_NAME, UNIT_BUILDER (3407896), 76, 59, -9999, -9999, 2321, ffffffff
058, LOC_CIVILIZATION_BABYLON_STK_NAME, UNIT_BUILDER (3407896), 76, 59, -9999, -9999, 2304, ffffffff
058, LOC_CIVILIZATION_BABYLON_STK_NAME, UNIT_BUILDER (3407896), 76, 59, 77, 59, 16640, ab880879
058, LOC_CIVILIZATION_BABYLON_STK_NAME, UNIT_BUILDER (3407896), 77, 59, -9999, -9999, 2064, ffffffff
058, LOC_CIVILIZATION_BABYLON_STK_NAME, UNIT_BUILDER (3407896), 77, 59, -9999, -9999, 2065, ffffffff
058, LOC_CIVILIZATION_BABYLON_STK_NAME, UNIT_BUILDER (3407896), 77, 59, -9999, -9999, 2048, ffffffff
058, LOC_CIVILIZATION_BABYLON_STK_NAME, UNIT_BUILDER (3407896), 77, 59, -9999, -9999, 2064, ffffffff
058, LOC_CIVILIZATION_BABYLON_STK_NAME, UNIT_BUILDER (3407896), 77, 59, -9999, -9999, 2065, ffffffff
058, LOC_CIVILIZATION_BABYLON_STK_NAME, UNIT_BUILDER (3407896), 77, 59, -9999, -9999, 2048, ffffffff
058, LOC_CIVILIZATION_BABYLON_STK_NAME, UNIT_BUILDER (3014663), 77, 56, -9999, -9999, 2320, ffffffff
058, LOC_CIVILIZATION_BABYLON_STK_NAME, UNIT_BUILDER (3014663), 77, 56, -9999, -9999, 2321, ffffffff
058, LOC_CIVILIZATION_BABYLON_STK_NAME, UNIT_BUILDER (3014663), 77, 56, -9999, -9999, 2304, ffffffff
058, LOC_CIVILIZATION_BABYLON_STK_NAME, UNIT_BUILDER (3145737), 79, 56, 79, 57, 16640, 9dfd5222
058, LOC_CIVILIZATION_BABYLON_STK_NAME, UNIT_BUILDER (3145737), 79, 56, -9999, -9999, 2320, ffffffff
058, LOC_CIVILIZATION_BABYLON_STK_NAME, UNIT_BUILDER (3145737), 79, 56, -9999, -9999, 2321, ffffffff
058, LOC_CIVILIZATION_BABYLON_STK_NAME, UNIT_BUILDER (3145737), 79, 56, -9999, -9999, 2304, ffffffff
058, LOC_CIVILIZATION_BABYLON_STK_NAME, UNIT_BUILDER (3145737), 79, 57, -9999, -9999, 2064, ffffffff
058, LOC_CIVILIZATION_BABYLON_STK_NAME, UNIT_BUILDER (3145737), 79, 57, -9999, -9999, 2065, ffffffff
058, LOC_CIVILIZATION_BABYLON_STK_NAME, UNIT_BUILDER (3145737), 79, 57, -9999, -9999, 2048, ffffffff
058, LOC_CIVILIZATION_BABYLON_STK_NAME, UNIT_BUILDER (3145737), 79, 57, -9999, -9999, 2064, ffffffff
058, LOC_CIVILIZATION_BABYLON_STK_NAME, UNIT_BUILDER (3145737), 79, 57, -9999, -9999, 2065, ffffffff
058, LOC_CIVILIZATION_BABYLON_STK_NAME, UNIT_BUILDER (3145737), 79, 57, -9999, -9999, 2048, ffffffff
058, LOC_CIVILIZATION_BABYLON_STK_NAME, UNIT_BUILDER (4325408), 72, 57, -9999, -9999, 2320, ffffffff
058, LOC_CIVILIZATION_BABYLON_STK_NAME, UNIT_BUILDER (4325408), 72, 57, -9999, -9999, 2321, ffffffff
058, LOC_CIVILIZATION_BABYLON_STK_NAME, UNIT_BUILDER (4325408), 72, 57, -9999, -9999, 2304, ffffffff
058, LOC_CIVILIZATION_BABYLON_STK_NAME, UNIT_BUILDER (3014663), 77, 56, -9999, -9999, 2320, ffffffff
058, LOC_CIVILIZATION_BABYLON_STK_NAME, UNIT_BUILDER (3014663), 77, 56, -9999, -9999, 2321, ffffffff
058, LOC_CIVILIZATION_BABYLON_STK_NAME, UNIT_BUILDER (3014663), 77, 56, -9999, -9999, 2304, ffffffff
058, LOC_CIVILIZATION_BABYLON_STK_NAME, UNIT_BUILDER (3014663), 77, 56, 80, 56, 16640, ffc0cfba
058, LOC_CIVILIZATION_BABYLON_STK_NAME, UNIT_BUILDER (3014663), 80, 56, -9999, -9999, 2064, ffffffff
058, LOC_CIVILIZATION_BABYLON_STK_NAME, UNIT_BUILDER (3014663), 80, 56, -9999, -9999, 2065, ffffffff
058, LOC_CIVILIZATION_BABYLON_STK_NAME, UNIT_BUILDER (3014663), 80, 56, -9999, -9999, 2048, ffffffff
058, LOC_CIVILIZATION_BABYLON_STK_NAME, UNIT_BUILDER (3014663), 80, 56, -9999, -9999, 2064, ffffffff
058, LOC_CIVILIZATION_BABYLON_STK_NAME, UNIT_BUILDER (3014663), 80, 56, -9999, -9999, 2065, ffffffff
058, LOC_CIVILIZATION_BABYLON_STK_NAME, UNIT_BUILDER (3014663), 80, 56, -9999, -9999, 2048, ffffffff
058, LOC_CIVILIZATION_BABYLON_STK_NAME, UNIT_BUILDER (3014663), 80, 56, -9999, -9999, 2064, ffffffff
058, LOC_CIVILIZATION_BABYLON_STK_NAME, UNIT_BUILDER (3014663), 80, 56, -9999, -9999, 2065, ffffffff
058, LOC_CIVILIZATION_BABYLON_STK_NAME, UNIT_BUILDER (3014663), 80, 56, -9999, -9999, 2048, ffffffff
058, LOC_CIVILIZATION_BABYLON_STK_NAME, UNIT_BUILDER (3014663), 80, 56, -9999, -9999, 2064, ffffffff
058, LOC_CIVILIZATION_BABYLON_STK_NAME, UNIT_BUILDER (3014663), 80, 56, -9999, -9999, 2065, ffffffff
058, LOC_CIVILIZATION_BABYLON_STK_NAME, UNIT_BUILDER (3014663), 80, 56, -9999, -9999, 2048, ffffffff
058, LOC_CIVILIZATION_BABYLON_STK_NAME, UNIT_BUILDER (3014663), 80, 56, -9999, -9999, 2064, ffffffff
058, LOC_CIVILIZATION_BABYLON_STK_NAME, UNIT_BUILDER (3014663), 80, 56, -9999, -9999, 2065, ffffffff
058, LOC_CIVILIZATION_BABYLON_STK_NAME, UNIT_BUILDER (3014663), 80, 56, -9999, -9999, 2048, ffffffff
058, LOC_CIVILIZATION_BABYLON_STK_NAME, UNIT_BUILDER (3014663), 80, 56, 79, 55, 4, af8d749b
058, LOC_CIVILIZATION_BABYLON_STK_NAME, UNIT_BUILDER (3014663), 80, 56, 79, 55, 16384, af8d749b
058, LOC_CIVILIZATION_BABYLON_STK_NAME, UNIT_BUILDER (3014663), 80, 56, 79, 55, 4, af8d749b
058, LOC_CIVILIZATION_BABYLON_STK_NAME, UNIT_BUILDER (4325408), 72, 57, -9999, -9999, 2320, ffffffff
058, LOC_CIVILIZATION_BABYLON_STK_NAME, UNIT_BUILDER (4325408), 72, 57, -9999, -9999, 2321, ffffffff
058, LOC_CIVILIZATION_BABYLON_STK_NAME, UNIT_BUILDER (4325408), 72, 57, -9999, -9999, 2304, ffffffff
058, LOC_CIVILIZATION_BABYLON_STK_NAME, UNIT_BUILDER (4325408), 72, 57, -9999, -9999, 2320, ffffffff
058, LOC_CIVILIZATION_BABYLON_STK_NAME, UNIT_BUILDER (4325408), 72, 57, -9999, -9999, 2321, ffffffff
058, LOC_CIVILIZATION_BABYLON_STK_NAME, UNIT_BUILDER (4325408), 72, 57, -9999, -9999, 2304, ffffffff
058, LOC_CIVILIZATION_BABYLON_STK_NAME, UNIT_BUILDER (3735570), 73, 52, -9999, -9999, 2320, ffffffff
058, LOC_CIVILIZATION_BABYLON_STK_NAME, UNIT_BUILDER (3735570), 73, 52, -9999, -9999, 2321, ffffffff
058, LOC_CIVILIZATION_BABYLON_STK_NAME, UNIT_BUILDER (3735570), 73, 52, -9999, -9999, 2304, ffffffff
058, LOC_CIVILIZATION_BABYLON_STK_NAME, UNIT_BUILDER (2883596), 74, 52, -9999, -9999, 2320, ffffffff
058, LOC_CIVILIZATION_BABYLON_STK_NAME, UNIT_BUILDER (2883596), 74, 52, -9999, -9999, 2321, ffffffff
058, LOC_CIVILIZATION_BABYLON_STK_NAME, UNIT_BUILDER (2883596), 74, 52, -9999, -9999, 2304, ffffffff
058, LOC_CIVILIZATION_BABYLON_STK_NAME, UNIT_BUILDER (4325408), 72, 57, -9999, -9999, 2320, ffffffff
058, LOC_CIVILIZATION_BABYLON_STK_NAME, UNIT_BUILDER (4325408), 72, 57, -9999, -9999, 2321, ffffffff
058, LOC_CIVILIZATION_BABYLON_STK_NAME, UNIT_BUILDER (4325408), 72, 57, -9999, -9999, 2304, ffffffff
058, LOC_CIVILIZATION_BABYLON_STK_NAME, UNIT_BUILDER (3735570), 73, 52, -9999, -9999, 2320, ffffffff
058, LOC_CIVILIZATION_BABYLON_STK_NAME, UNIT_BUILDER (3735570), 73, 52, -9999, -9999, 2321, ffffffff
058, LOC_CIVILIZATION_BABYLON_STK_NAME, UNIT_BUILDER (3735570), 73, 52, -9999, -9999, 2304, ffffffff
058, LOC_CIVILIZATION_BABYLON_STK_NAME, UNIT_BUILDER (3801113), 72, 48, -9999, -9999, 2320, ffffffff
058, LOC_CIVILIZATION_BABYLON_STK_NAME, UNIT_BUILDER (3801113), 72, 48, -9999, -9999, 2321, ffffffff
058, LOC_CIVILIZATION_BABYLON_STK_NAME, UNIT_BUILDER (3801113), 72, 48, -9999, -9999, 2304, ffffffff
058, LOC_CIVILIZATION_BABYLON_STK_NAME, UNIT_BUILDER (3538964), 72, 46, -9999, -9999, 2320, ffffffff
058, LOC_CIVILIZATION_BABYLON_STK_NAME, UNIT_BUILDER (3538964), 72, 46, -9999, -9999, 2321, ffffffff
058, LOC_CIVILIZATION_BABYLON_STK_NAME, UNIT_BUILDER (3538964), 72, 46, -9999, -9999, 2304, ffffffff
058, LOC_CIVILIZATION_BABYLON_STK_NAME, UNIT_BUILDER (3538964), 72, 46, 72, 47, 16640, 52c064bd
058, LOC_CIVILIZATION_BABYLON_STK_NAME, UNIT_BUILDER (3538964), 72, 46, 73, 48, 16640, 9d7d5517
058, LOC_CIVILIZATION_BABYLON_STK_NAME, UNIT_BUILDER (3538964), 73, 48, -9999, -9999, 2064, ffffffff
058, LOC_CIVILIZATION_BABYLON_STK_NAME, UNIT_BUILDER (3538964), 73, 48, -9999, -9999, 2065, ffffffff
058, LOC_CIVILIZATION_BABYLON_STK_NAME, UNIT_BUILDER (3538964), 73, 48, -9999, -9999, 2048, ffffffff
058, LOC_CIVILIZATION_BABYLON_STK_NAME, UNIT_BUILDER (3538964), 73, 48, -9999, -9999, 2064, ffffffff
058, LOC_CIVILIZATION_BABYLON_STK_NAME, UNIT_BUILDER (3538964), 73, 48, -9999, -9999, 2065, ffffffff
058, LOC_CIVILIZATION_BABYLON_STK_NAME, UNIT_BUILDER (3538964), 73, 48, -9999, -9999, 2048, ffffffff
058, LOC_CIVILIZATION_BABYLON_STK_NAME, UNIT_BUILDER (3538964), 73, 48, -9999, -9999, 2064, ffffffff
058, LOC_CIVILIZATION_BABYLON_STK_NAME, UNIT_BUILDER (3538964), 73, 48, -9999, -9999, 2065, ffffffff
058, LOC_CIVILIZATION_BABYLON_STK_NAME, UNIT_BUILDER (3538964), 73, 48, -9999, -9999, 2048, ffffffff
058, LOC_CIVILIZATION_BABYLON_STK_NAME, UNIT_BUILDER (3538964), 73, 48, -9999, -9999, 2064, ffffffff
058, LOC_CIVILIZATION_BABYLON_STK_NAME, UNIT_BUILDER (3538964), 73, 48, -9999, -9999, 2065, ffffffff
058, LOC_CIVILIZATION_BABYLON_STK_NAME, UNIT_BUILDER (3538964), 73, 48, -9999, -9999, 2048, ffffffff
058, LOC_CIVILIZATION_BABYLON_STK_NAME, UNIT_BUILDER (3801113), 72, 48, -9999, -9999, 2320, ffffffff
058, LOC_CIVILIZATION_BABYLON_STK_NAME, UNIT_BUILDER (3801113), 72, 48, -9999, -9999, 2321, ffffffff
058, LOC_CIVILIZATION_BABYLON_STK_NAME, UNIT_BUILDER (3801113), 72, 48, -9999, -9999, 2304, ffffffff
058, LOC_CIVILIZATION_BABYLON_STK_NAME, UNIT_BUILDER (3801113), 72, 48, 71, 49, 16640, f745794b
058, LOC_CIVILIZATION_BABYLON_STK_NAME, UNIT_BUILDER (3801113), 71, 49, -9999, -9999, 2064, ffffffff
058, LOC_CIVILIZATION_BABYLON_STK_NAME, UNIT_BUILDER (3801113), 71, 49, -9999, -9999, 2065, ffffffff
058, LOC_CIVILIZATION_BABYLON_STK_NAME, UNIT_BUILDER (3801113), 71, 49, -9999, -9999, 2048, ffffffff
058, LOC_CIVILIZATION_BABYLON_STK_NAME, UNIT_BUILDER (3801113), 71, 49, -9999, -9999, 2064, ffffffff
058, LOC_CIVILIZATION_BABYLON_STK_NAME, UNIT_BUILDER (3801113), 71, 49, -9999, -9999, 2065, ffffffff
058, LOC_CIVILIZATION_BABYLON_STK_NAME, UNIT_BUILDER (3801113), 71, 49, -9999, -9999, 2048, ffffffff
058, LOC_CIVILIZATION_BABYLON_STK_NAME, UNIT_BUILDER (3538964), 73, 48, -9999, -9999, 2064, ffffffff
058, LOC_CIVILIZATION_BABYLON_STK_NAME, UNIT_BUILDER (3538964), 73, 48, -9999, -9999, 2065, ffffffff
058, LOC_CIVILIZATION_BABYLON_STK_NAME, UNIT_BUILDER (3538964), 73, 48, -9999, -9999, 2048, ffffffff
058, LOC_CIVILIZATION_BABYLON_STK_NAME, UNIT_BUILDER (3538964), 73, 48, -9999, -9999, 2064, ffffffff
058, LOC_CIVILIZATION_BABYLON_STK_NAME, UNIT_BUILDER (3538964), 73, 48, -9999, -9999, 2065, ffffffff
058, LOC_CIVILIZATION_BABYLON_STK_NAME, UNIT_BUILDER (3538964), 73, 48, -9999, -9999, 2048, ffffffff
058, LOC_CIVILIZATION_BABYLON_STK_NAME, UNIT_BUILDER (3538964), 73, 48, 72, 48, 4, 5d85df27
058, LOC_CIVILIZATION_BABYLON_STK_NAME, UNIT_BUILDER (3538964), 73, 48, 72, 48, 16384, 5d85df27
058, LOC_CIVILIZATION_BABYLON_STK_NAME, UNIT_BUILDER (3538964), 73, 48, 72, 48, 4, 5d85df27
058, LOC_CIVILIZATION_BABYLON_STK_NAME, UNIT_BUILDER (4325408), 72, 57, -9999, -9999, 2320, ffffffff
058, LOC_CIVILIZATION_BABYLON_STK_NAME, UNIT_BUILDER (4325408), 72, 57, -9999, -9999, 2321, ffffffff
058, LOC_CIVILIZATION_BABYLON_STK_NAME, UNIT_BUILDER (4325408), 72, 57, -9999, -9999, 2304, ffffffff
058, LOC_CIVILIZATION_BABYLON_STK_NAME, UNIT_BUILDER (4325408), 72, 57, -9999, -9999, 2320, ffffffff
058, LOC_CIVILIZATION_BABYLON_STK_NAME, UNIT_BUILDER (4325408), 72, 57, -9999, -9999, 2321, ffffffff
058, LOC_CIVILIZATION_BABYLON_STK_NAME, UNIT_BUILDER (4325408), 72, 57, -9999, -9999, 2304, ffffffff
058, LOC_CIVILIZATION_BABYLON_STK_NAME, UNIT_BUILDER (4325408), 72, 57, -9999, -9999, 2320, ffffffff
058, LOC_CIVILIZATION_BABYLON_STK_NAME, UNIT_BUILDER (4325408), 72, 57, -9999, -9999, 2321, ffffffff
058, LOC_CIVILIZATION_BABYLON_STK_NAME, UNIT_BUILDER (4325408), 72, 57, -9999, -9999, 2304, ffffffff
058, LOC_CIVILIZATION_BABYLON_STK_NAME, UNIT_BUILDER (4325408), 72, 57, -9999, -9999, 2320, ffffffff
058, LOC_CIVILIZATION_BABYLON_STK_NAME, UNIT_BUILDER (4325408), 72, 57, -9999, -9999, 2321, ffffffff
058, LOC_CIVILIZATION_BABYLON_STK_NAME, UNIT_BUILDER (4325408), 72, 57, -9999, -9999, 2304, ffffffff
058, LOC_CIVILIZATION_BABYLON_STK_NAME, UNIT_BUILDER (3932187), 70, 50, 68, 52, 16640, 5b4c9ad6
058, LOC_CIVILIZATION_BABYLON_STK_NAME, UNIT_BUILDER (3932187), 70, 50, -9999, -9999, 2320, ffffffff
058, LOC_CIVILIZATION_BABYLON_STK_NAME, UNIT_BUILDER (3932187), 70, 50, -9999, -9999, 2321, ffffffff
058, LOC_CIVILIZATION_BABYLON_STK_NAME, UNIT_BUILDER (3932187), 70, 50, -9999, -9999, 2304, ffffffff
058, LOC_CIVILIZATION_BABYLON_STK_NAME, UNIT_BUILDER (3932187), 68, 52, -9999, -9999, 2064, ffffffff
058, LOC_CIVILIZATION_BABYLON_STK_NAME, UNIT_BUILDER (3932187), 68, 52, -9999, -9999, 2065, ffffffff
058, LOC_CIVILIZATION_BABYLON_STK_NAME, UNIT_BUILDER (3932187), 68, 52, -9999, -9999, 2048, ffffffff
058, LOC_CIVILIZATION_BABYLON_STK_NAME, UNIT_BUILDER (3932187), 68, 52, -9999, -9999, 2064, ffffffff
058, LOC_CIVILIZATION_BABYLON_STK_NAME, UNIT_BUILDER (3932187), 68, 52, -9999, -9999, 2065, ffffffff
058, LOC_CIVILIZATION_BABYLON_STK_NAME, UNIT_BUILDER (3932187), 68, 52, -9999, -9999, 2048, ffffffff
058, LOC_CIVILIZATION_BABYLON_STK_NAME, UNIT_BUILDER (3932187), 68, 52, -9999, -9999, 2064, ffffffff
058, LOC_CIVILIZATION_BABYLON_STK_NAME, UNIT_BUILDER (3932187), 68, 52, -9999, -9999, 2065, ffffffff
058, LOC_CIVILIZATION_BABYLON_STK_NAME, UNIT_BUILDER (3932187), 68, 52, -9999, -9999, 2048, ffffffff
058, LOC_CIVILIZATION_BABYLON_STK_NAME, UNIT_BUILDER (3932187), 68, 52, -9999, -9999, 2064, ffffffff
058, LOC_CIVILIZATION_BABYLON_STK_NAME, UNIT_BUILDER (3932187), 68, 52, -9999, -9999, 2065, ffffffff
058, LOC_CIVILIZATION_BABYLON_STK_NAME, UNIT_BUILDER (3932187), 68, 52, -9999, -9999, 2048, ffffffff
058, LOC_CIVILIZATION_BABYLON_STK_NAME, UNIT_BUILDER (4325408), 72, 57, -9999, -9999, 2320, ffffffff
058, LOC_CIVILIZATION_BABYLON_STK_NAME, UNIT_BUILDER (4325408), 72, 57, -9999, -9999, 2321, ffffffff
058, LOC_CIVILIZATION_BABYLON_STK_NAME, UNIT_BUILDER (4325408), 72, 57, -9999, -9999, 2304, ffffffff
058, LOC_CIVILIZATION_BABYLON_STK_NAME, UNIT_BUILDER (4325408), 72, 57, 71, 51, 16640, 894a348e
058, LOC_CIVILIZATION_BABYLON_STK_NAME, UNIT_BUILDER (4325408), 71, 53, -9999, -9999, 2064, ffffffff
058, LOC_CIVILIZATION_BABYLON_STK_NAME, UNIT_BUILDER (4325408), 71, 53, -9999, -9999, 2065, ffffffff
058, LOC_CIVILIZATION_BABYLON_STK_NAME, UNIT_BUILDER (4325408), 71, 53, -9999, -9999, 2048, ffffffff
058, LOC_CIVILIZATION_BABYLON_STK_NAME, UNIT_BUILDER (4325408), 71, 53, -9999, -9999, 2064, ffffffff
058, LOC_CIVILIZATION_BABYLON_STK_NAME, UNIT_BUILDER (4325408), 71, 53, -9999, -9999, 2065, ffffffff
058, LOC_CIVILIZATION_BABYLON_STK_NAME, UNIT_BUILDER (4325408), 71, 53, -9999, -9999, 2048, ffffffff
058, LOC_CIVILIZATION_BABYLON_STK_NAME, UNIT_BUILDER (4325408), 71, 53, -9999, -9999, 2064, ffffffff
058, LOC_CIVILIZATION_BABYLON_STK_NAME, UNIT_BUILDER (4325408), 71, 53, -9999, -9999, 2065, ffffffff
058, LOC_CIVILIZATION_BABYLON_STK_NAME, UNIT_BUILDER (4325408), 71, 53, -9999, -9999, 2048, ffffffff
058, LOC_CIVILIZATION_BABYLON_STK_NAME, UNIT_BUILDER (3342359), 77, 49, -9999, -9999, 2320, ffffffff
058, LOC_CIVILIZATION_BABYLON_STK_NAME, UNIT_BUILDER (3342359), 77, 49, -9999, -9999, 2321, ffffffff
058, LOC_CIVILIZATION_BABYLON_STK_NAME, UNIT_BUILDER (3342359), 77, 49, -9999, -9999, 2304, ffffffff
058, LOC_CIVILIZATION_BABYLON_STK_NAME, UNIT_BUILDER (3342359), 77, 49, 79, 48, 16640, 3960c309
058, LOC_CIVILIZATION_BABYLON_STK_NAME, UNIT_BUILDER (3342359), 77, 49, 78, 48, 16640,  d9370b6
058, LOC_CIVILIZATION_BABYLON_STK_NAME, UNIT_BUILDER (3604495), 79, 45, 80, 49, 16640, 713b0a5d
058, LOC_CIVILIZATION_BABYLON_STK_NAME, UNIT_BUILDER (3604495), 79, 45, -9999, -9999, 2320, ffffffff
058, LOC_CIVILIZATION_BABYLON_STK_NAME, UNIT_BUILDER (3604495), 79, 45, -9999, -9999, 2321, ffffffff
058, LOC_CIVILIZATION_BABYLON_STK_NAME, UNIT_BUILDER (3604495), 79, 45, -9999, -9999, 2304, ffffffff
058, LOC_CIVILIZATION_BABYLON_STK_NAME, UNIT_BUILDER (3604495), 79, 45, 81, 48, 16640, b2d8623a
058, LOC_CIVILIZATION_BABYLON_STK_NAME, UNIT_BUILDER (3604495), 79, 45, 81, 49, 16640, f01e6f7a
058, LOC_CIVILIZATION_BABYLON_STK_NAME, UNIT_BUILDER (3604495), 79, 45, 81, 48, 16640, b2d8623a
058, LOC_CIVILIZATION_BABYLON_STK_NAME, UNIT_BUILDER (3604495), 79, 45, 80, 48, 16640, a22cee25
058, LOC_CIVILIZATION_BABYLON_STK_NAME, UNIT_BUILDER (3604495), 79, 45, 81, 48, 16640, b2d8623a
058, LOC_CIVILIZATION_BABYLON_STK_NAME, UNIT_BUILDER (3604495), 79, 45, 82, 48, 16640, bf28a292
058, LOC_CIVILIZATION_BABYLON_STK_NAME, UNIT_BUILDER (3604495), 82, 48, -9999, -9999, 2064, ffffffff
058, LOC_CIVILIZATION_BABYLON_STK_NAME, UNIT_BUILDER (3604495), 82, 48, -9999, -9999, 2065, ffffffff
058, LOC_CIVILIZATION_BABYLON_STK_NAME, UNIT_BUILDER (3604495), 82, 48, -9999, -9999, 2048, ffffffff
058, LOC_CIVILIZATION_BABYLON_STK_NAME, UNIT_BUILDER (3604495), 82, 48, -9999, -9999, 2064, ffffffff
058, LOC_CIVILIZATION_BABYLON_STK_NAME, UNIT_BUILDER (3604495), 82, 48, -9999, -9999, 2065, ffffffff
058, LOC_CIVILIZATION_BABYLON_STK_NAME, UNIT_BUILDER (3604495), 82, 48, -9999, -9999, 2048, ffffffff
058, LOC_CIVILIZATION_BABYLON_STK_NAME, UNIT_BUILDER (3604495), 82, 48, -9999, -9999, 2064, ffffffff
058, LOC_CIVILIZATION_BABYLON_STK_NAME, UNIT_BUILDER (3604495), 82, 48, -9999, -9999, 2065, ffffffff
058, LOC_CIVILIZATION_BABYLON_STK_NAME, UNIT_BUILDER (3604495), 82, 48, -9999, -9999, 2048, ffffffff
058, LOC_CIVILIZATION_BABYLON_STK_NAME, UNIT_BUILDER (3604495), 82, 48, -9999, -9999, 2064, ffffffff
058, LOC_CIVILIZATION_BABYLON_STK_NAME, UNIT_BUILDER (3604495), 82, 48, -9999, -9999, 2065, ffffffff
058, LOC_CIVILIZATION_BABYLON_STK_NAME, UNIT_BUILDER (3604495), 82, 48, -9999, -9999, 2048, ffffffff
058, LOC_CIVILIZATION_BABYLON_STK_NAME, UNIT_BUILDER (3342359), 77, 49, -9999, -9999, 2320, ffffffff
058, LOC_CIVILIZATION_BABYLON_STK_NAME, UNIT_BUILDER (3342359), 77, 49, -9999, -9999, 2321, ffffffff
058, LOC_CIVILIZATION_BABYLON_STK_NAME, UNIT_BUILDER (3342359), 77, 49, -9999, -9999, 2304, ffffffff
058, LOC_CIVILIZATION_BABYLON_STK_NAME, UNIT_BUILDER (3342359), 77, 49, -9999, -9999, 2320, ffffffff
058, LOC_CIVILIZATION_BABYLON_STK_NAME, UNIT_BUILDER (3342359), 77, 49, -9999, -9999, 2321, ffffffff
058, LOC_CIVILIZATION_BABYLON_STK_NAME, UNIT_BUILDER (3342359), 77, 49, -9999, -9999, 2304, ffffffff
058, LOC_CIVILIZATION_BABYLON_STK_NAME, UNIT_BUILDER (3342359), 77, 49, 79, 48, 16640, 3960c309
058, LOC_CIVILIZATION_BABYLON_STK_NAME, UNIT_BUILDER (3342359), 77, 49, 78, 49, 16640, c6cfa313
058, LOC_CIVILIZATION_BABYLON_STK_NAME, UNIT_BUILDER (3342359), 77, 49, 79, 48, 16640, 3960c309
058, LOC_CIVILIZATION_BABYLON_STK_NAME, UNIT_BUILDER (3342359), 79, 48, -9999, -9999, 2064, ffffffff
058, LOC_CIVILIZATION_BABYLON_STK_NAME, UNIT_BUILDER (3342359), 79, 48, -9999, -9999, 2065, ffffffff
058, LOC_CIVILIZATION_BABYLON_STK_NAME, UNIT_BUILDER (3342359), 79, 48, -9999, -9999, 2048, ffffffff
058, LOC_CIVILIZATION_BABYLON_STK_NAME, UNIT_BUILDER (3342359), 79, 48, 79, 49, 16384, b9775a47
059, LOC_CIVILIZATION_BABYLON_STK_NAME, UNIT_BUILDER (3670027), 70, 58, -9999, -9999, 2320, ffffffff
059, LOC_CIVILIZATION_BABYLON_STK_NAME, UNIT_BUILDER (3670027), 70, 58, -9999, -9999, 2321, ffffffff
059, LOC_CIVILIZATION_BABYLON_STK_NAME, UNIT_BUILDER (3670027), 70, 58, -9999, -9999, 2304, ffffffff
059, LOC_CIVILIZATION_BABYLON_STK_NAME, UNIT_BUILDER (4259871), 74, 57, -9999, -9999, 2320, ffffffff
059, LOC_CIVILIZATION_BABYLON_STK_NAME, UNIT_BUILDER (4259871), 74, 57, -9999, -9999, 2321, ffffffff
059, LOC_CIVILIZATION_BABYLON_STK_NAME, UNIT_BUILDER (4259871), 74, 57, -9999, -9999, 2304, ffffffff
059, LOC_CIVILIZATION_BABYLON_STK_NAME, UNIT_BUILDER (3932187), 68, 52, -9999, -9999, 2320, ffffffff
059, LOC_CIVILIZATION_BABYLON_STK_NAME, UNIT_BUILDER (3932187), 68, 52, -9999, -9999, 2321, ffffffff
059, LOC_CIVILIZATION_BABYLON_STK_NAME, UNIT_BUILDER (3932187), 68, 52, -9999, -9999, 2304, ffffffff
059, LOC_CIVILIZATION_BABYLON_STK_NAME, UNIT_BUILDER (3932187), 68, 52, -9999, -9999, 2320, ffffffff
059, LOC_CIVILIZATION_BABYLON_STK_NAME, UNIT_BUILDER (3932187), 68, 52, -9999, -9999, 2321, ffffffff
059, LOC_CIVILIZATION_BABYLON_STK_NAME, UNIT_BUILDER (3932187), 68, 52, -9999, -9999, 2304, ffffffff
059, LOC_CIVILIZATION_BABYLON_STK_NAME, UNIT_BUILDER (3407896), 77, 59, -9999, -9999, 2320, ffffffff
059, LOC_CIVILIZATION_BABYLON_STK_NAME, UNIT_BUILDER (3407896), 77, 59, -9999, -9999, 2321, ffffffff
059, LOC_CIVILIZATION_BABYLON_STK_NAME, UNIT_BUILDER (3407896), 77, 59, -9999, -9999, 2304, ffffffff
059, LOC_CIVILIZATION_BABYLON_STK_NAME, UNIT_BUILDER (3407896), 77, 59, -9999, -9999, 2320, ffffffff
059, LOC_CIVILIZATION_BABYLON_STK_NAME, UNIT_BUILDER (3407896), 77, 59, -9999, -9999, 2321, ffffffff
059, LOC_CIVILIZATION_BABYLON_STK_NAME, UNIT_BUILDER (3407896), 77, 59, -9999, -9999, 2304, ffffffff
059, LOC_CIVILIZATION_BABYLON_STK_NAME, UNIT_BUILDER (3735570), 73, 52, -9999, -9999, 2320, ffffffff
059, LOC_CIVILIZATION_BABYLON_STK_NAME, UNIT_BUILDER (3735570), 73, 52, -9999, -9999, 2321, ffffffff
059, LOC_CIVILIZATION_BABYLON_STK_NAME, UNIT_BUILDER (3735570), 73, 52, -9999, -9999, 2304, ffffffff
059, LOC_CIVILIZATION_BABYLON_STK_NAME, UNIT_BUILDER (3932187), 68, 52, -9999, -9999, 2320, ffffffff
059, LOC_CIVILIZATION_BABYLON_STK_NAME, UNIT_BUILDER (3932187), 68, 52, -9999, -9999, 2321, ffffffff
059, LOC_CIVILIZATION_BABYLON_STK_NAME, UNIT_BUILDER (3932187), 68, 52, -9999, -9999, 2304, ffffffff
059, LOC_CIVILIZATION_BABYLON_STK_NAME, UNIT_BUILDER (3801113), 71, 49, -9999, -9999, 2320, ffffffff
059, LOC_CIVILIZATION_BABYLON_STK_NAME, UNIT_BUILDER (3801113), 71, 49, -9999, -9999, 2321, ffffffff
059, LOC_CIVILIZATION_BABYLON_STK_NAME, UNIT_BUILDER (3801113), 71, 49, -9999, -9999, 2304, ffffffff
059, LOC_CIVILIZATION_BABYLON_STK_NAME, UNIT_BUILDER (4325408), 71, 53, 71, 51, 16640, 82746005
059, LOC_CIVILIZATION_BABYLON_STK_NAME, UNIT_BUILDER (4325408), 71, 53, -9999, -9999, 2320, ffffffff
059, LOC_CIVILIZATION_BABYLON_STK_NAME, UNIT_BUILDER (4325408), 71, 53, -9999, -9999, 2321, ffffffff
059, LOC_CIVILIZATION_BABYLON_STK_NAME, UNIT_BUILDER (4325408), 71, 53, -9999, -9999, 2304, ffffffff
059, LOC_CIVILIZATION_BABYLON_STK_NAME, UNIT_BUILDER (3932187), 68, 52, -9999, -9999, 2320, ffffffff
059, LOC_CIVILIZATION_BABYLON_STK_NAME, UNIT_BUILDER (3932187), 68, 52, -9999, -9999, 2321, ffffffff
059, LOC_CIVILIZATION_BABYLON_STK_NAME, UNIT_BUILDER (3932187), 68, 52, -9999, -9999, 2304, ffffffff
059, LOC_CIVILIZATION_BABYLON_STK_NAME, UNIT_BUILDER (4259871), 74, 57, -9999, -9999, 2320, ffffffff
059, LOC_CIVILIZATION_BABYLON_STK_NAME, UNIT_BUILDER (4259871), 74, 57, -9999, -9999, 2321, ffffffff
059, LOC_CIVILIZATION_BABYLON_STK_NAME, UNIT_BUILDER (4259871), 74, 57, -9999, -9999, 2304, ffffffff
059, LOC_CIVILIZATION_BABYLON_STK_NAME, UNIT_BUILDER (4259871), 74, 57, -9999, -9999, 2320, ffffffff
059, LOC_CIVILIZATION_BABYLON_STK_NAME, UNIT_BUILDER (4259871), 74, 57, -9999, -9999, 2321, ffffffff
059, LOC_CIVILIZATION_BABYLON_STK_NAME, UNIT_BUILDER (4259871), 74, 57, -9999, -9999, 2304, ffffffff
059, LOC_CIVILIZATION_BABYLON_STK_NAME, UNIT_BUILDER (3407896), 77, 59, -9999, -9999, 2320, ffffffff
059, LOC_CIVILIZATION_BABYLON_STK_NAME, UNIT_BUILDER (3407896), 77, 59, -9999, -9999, 2321, ffffffff
059, LOC_CIVILIZATION_BABYLON_STK_NAME, UNIT_BUILDER (3407896), 77, 59, -9999, -9999, 2304, ffffffff
