Config CONFIGURATION_GAME, Key ENABLED_MODS (0x1b8cd1c8), subtype 0, changed
Sent GameConfigurationRebuilt
Sent GameConfigurationRebuilt
Config CONFIGURATION_UNKNOWN, Key PLAYER_33 (0x012727cc), subtype 0, changed to false
Config CONFIGURATION_UNKNOWN, Key PLAYER_37 (0x064ae3d5), subtype 0, changed to false
Config CONFIGURATION_UNKNOWN, Key PLAYER_62 (0x0b57e31f), subtype 0, changed to false
Config CONFIGURATION_UNKNOWN, Key PLAYER_1 (0x1258ab5e), subtype 0, changed to false
Config CONFIGURATION_UNKNOWN, Key PLAYER_5 (0x15356f47), subtype 0, changed to false
Config CONFIGURATION_UNKNOWN, Key PLAYER_23 (0x183c168d), subtype 0, changed to false
Config CONFIGURATION_UNKNOWN, Key PLAYER_9 (0x1c83236c), subtype 0, changed to false
Config CONFIGURATION_UNKNOWN, Key PLAYER_27 (0x1f51d294), subtype 0, changed to false
Config CONFIGURATION_UNKNOWN, Key PLAYER_52 (0x207ab0dc), subtype 0, changed to false
Config CONFIGURATION_UNKNOWN, Key PLAYER_56 (0x271774c5), subtype 0, changed to false
Config CONFIGURATION_UNKNOWN, Key PLAYER_13 (0x3311454e), subtype 0, changed to false
Config CONFIGURATION_UNKNOWN, Key PLAYER_17 (0x347c8157), subtype 0, changed to false
Config CONFIGURATION_UNKNOWN, Key PLAYER_42 (0x3961819d), subtype 0, changed to false
Config CONFIGURATION_UNKNOWN, Key PLAYER_46 (0x3e0c4584), subtype 0, changed to false
Config CONFIGURATION_UNKNOWN, Key PLAYER_16 (0x437bb1c1), subtype 0, changed to false
Config CONFIGURATION_UNKNOWN, Key PLAYER_12 (0x441675d8), subtype 0, changed to false
Config CONFIGURATION_UNKNOWN, Key PLAYER_47 (0x490b7512), subtype 0, changed to false
Config CONFIGURATION_UNKNOWN, Key PLAYER_43 (0x4e66b10b), subtype 0, changed to false
Config CONFIGURATION_UNKNOWN, Key PLAYER_57 (0x50104453), subtype 0, changed to false
Config CONFIGURATION_UNKNOWN, Key PLAYER_53 (0x577d804a), subtype 0, changed to false
Config CONFIGURATION_UNKNOWN, Key PLAYER_4 (0x62325fd1), subtype 0, changed to false
Config CONFIGURATION_UNKNOWN, Key PLAYER_0 (0x655f9bc8), subtype 0, changed to false
Config CONFIGURATION_UNKNOWN, Key PLAYER_26 (0x6856e202), subtype 0, changed to false
Config CONFIGURATION_UNKNOWN, Key PLAYER_8 (0x6b8413fa), subtype 0, changed to false
Config CONFIGURATION_UNKNOWN, Key PLAYER_22 (0x6f3b261b), subtype 0, changed to false
Config CONFIGURATION_UNKNOWN, Key PLAYER_36 (0x714dd343), subtype 0, changed to false
Config CONFIGURATION_UNKNOWN, Key PLAYER_32 (0x7620175a), subtype 0, changed to false
Config CONFIGURATION_UNKNOWN, Key PLAYER_63 (0x7c50d389), subtype 0, changed to false
Config CONFIGURATION_UNKNOWN, Key MAP_ROOT (0x7dd11279), subtype 0, changed to false
Config CONFIGURATION_UNKNOWN, Key PLAYER_20 (0x81354737), subtype 0, changed to false
Config CONFIGURATION_UNKNOWN, Key PLAYER_24 (0x8658832e), subtype 0, changed to false
Config CONFIGURATION_UNKNOWN, Key GAME_ROOT (0x871d5b63), subtype 0, changed to false
Config CONFIGURATION_UNKNOWN, Key PLAYER_2 (0x8b51fae4), subtype 0, changed to false
Config CONFIGURATION_UNKNOWN, Key PLAYER_6 (0x8c3c3efd), subtype 0, changed to false
Config CONFIGURATION_UNKNOWN, Key PLAYER_28 (0x8feecf05), subtype 0, changed to false
Config CONFIGURATION_UNKNOWN, Key PLAYER_61 (0x925eb2a5), subtype 0, changed to false
Config CONFIGURATION_UNKNOWN, Key PLAYER_38 (0x96f5fe44), subtype 0, changed to false
Config CONFIGURATION_UNKNOWN, Key PLAYER_30 (0x982e7676), subtype 0, changed to false
Config CONFIGURATION_UNKNOWN, Key PLAYER_34 (0x9f43b26f), subtype 0, changed to false
Config CONFIGURATION_UNKNOWN, Key PLAYER_41 (0xa068d027), subtype 0, changed to false
Config CONFIGURATION_UNKNOWN, Key PLAYER_18 (0xa4c39cc6), subtype 0, changed to false
Config CONFIGURATION_UNKNOWN, Key PLAYER_45 (0xa705143e), subtype 0, changed to false
Config CONFIGURATION_UNKNOWN, Key PLAYER_10 (0xaa1814f4), subtype 0, changed to false
Config CONFIGURATION_UNKNOWN, Key PLAYER_14 (0xad75d0ed), subtype 0, changed to false
Config CONFIGURATION_UNKNOWN, Key PLAYER_49 (0xaeb35815), subtype 0, changed to false
Config CONFIGURATION_UNKNOWN, Key PLAYER_59 (0xb7a86954), subtype 0, changed to false
Config CONFIGURATION_UNKNOWN, Key PLAYER_51 (0xb973e166), subtype 0, changed to false
Config CONFIGURATION_UNKNOWN, Key PLAYER_55 (0xbe1e257f), subtype 0, changed to false
Config CONFIGURATION_UNKNOWN, Key PLAYER_58 (0xc0af59c2), subtype 0, changed to false
Config CONFIGURATION_UNKNOWN, Key PLAYER_54 (0xc91915e9), subtype 0, changed to false
Config CONFIGURATION_UNKNOWN, Key PLAYER_50 (0xce74d1f0), subtype 0, changed to false
Config CONFIGURATION_UNKNOWN, Key PLAYER_44 (0xd00224a8), subtype 0, changed to false
Config CONFIGURATION_UNKNOWN, Key CONFIGURATION_TYPE (0xd08444c1), subtype 0, changed to false
Config Unknown, Key PLAYER_19 (0xd3c4ac50), subtype 0, changed to false
Config Unknown, Key PLAYER_40 (0xd76fe0b1), subtype 0, changed to false
Config Unknown, Key PLAYER_48 (0xd9b46883), subtype 0, changed to false
Config Unknown, Key PLAYER_15 (0xda72e07b), subtype 0, changed to false
Config Unknown, Key PLAYER_11 (0xdd1f2462), subtype 0, changed to false
Config Unknown, Key PLAYER_39 (0xe1f2ced2), subtype 0, changed to false
Config Unknown, Key PLAYER_60 (0xe5598233), subtype 0, changed to false
Config Unknown, Key PLAYER_35 (0xe84482f9), subtype 0, changed to false
Config Unknown, Key PLAYER_31 (0xef2946e0), subtype 0, changed to false
Config Unknown, Key PLAYER_25 (0xf15fb3b8), subtype 0, changed to false
Config Unknown, Key PLAYER_21 (0xf63277a1), subtype 0, changed to false
Config Unknown, Key PLAYER_29 (0xf8e9ff93), subtype 0, changed to false
Config Unknown, Key PLAYER_7 (0xfb3b0e6b), subtype 0, changed to false
Config Unknown, Key PLAYER_3 (0xfc56ca72), subtype 0, changed to false
Config CONFIGURATION_PLAYER, Key READY_STATUS (0xa4bd04b1), subtype 0, changed to false
Config CONFIGURATION_PLAYER, Key READY_STATUS (0xa4bd04b1), subtype 1, changed to false
Config CONFIGURATION_PLAYER, Key READY_STATUS (0xa4bd04b1), subtype 2, changed to false
Config CONFIGURATION_PLAYER, Key READY_STATUS (0xa4bd04b1), subtype 3, changed to false
Config CONFIGURATION_PLAYER, Key READY_STATUS (0xa4bd04b1), subtype 4, changed to false
Config CONFIGURATION_PLAYER, Key NETWORK_NAME (0x8e72249a), subtype 1, changed to ZYL@76561199003168956
Config CONFIGURATION_PLAYER, Key NICK_NAME (0xdab96bfd), subtype 1, changed to ZYL
Config CONFIGURATION_PLAYER, Key CIVILIZATION_LEVEL_TYPE_NAME (0xca55abbe), subtype 1, changed to CIVILIZATION_LEVEL_FULL_CIV
Config CONFIGURATION_PLAYER, Key CIVILIZATION_LEVEL_TYPE_ID (0x830ffc46), subtype 1, changed to 0x253718b0
Config CONFIGURATION_PLAYER, Key MOD_READY_STATUS (0xfc7b1f66), subtype 3, changed to false
Config CONFIGURATION_PLAYER, Key NETWORK_NAME (0x8e72249a), subtype 3, changed to longyizhu@76561198931045205
Config CONFIGURATION_PLAYER, Key NICK_NAME (0xdab96bfd), subtype 3, changed to longyizhu
Config CONFIGURATION_PLAYER, Key CIVILIZATION_LEVEL_TYPE_NAME (0xca55abbe), subtype 3, changed to CIVILIZATION_LEVEL_FULL_CIV
Config CONFIGURATION_PLAYER, Key CIVILIZATION_LEVEL_TYPE_ID (0x830ffc46), subtype 3, changed to 0x253718b0
Config CONFIGURATION_PLAYER, Key MOD_READY_STATUS (0xfc7b1f66), subtype 4, changed to false
Config CONFIGURATION_PLAYER, Key NETWORK_NAME (0x8e72249a), subtype 4, changed to skyverse@76561198178704646
Config CONFIGURATION_PLAYER, Key NICK_NAME (0xdab96bfd), subtype 4, changed to skyverse
Config CONFIGURATION_PLAYER, Key CIVILIZATION_LEVEL_TYPE_NAME (0xca55abbe), subtype 4, changed to CIVILIZATION_LEVEL_FULL_CIV
Config CONFIGURATION_PLAYER, Key CIVILIZATION_LEVEL_TYPE_ID (0x830ffc46), subtype 4, changed to 0x253718b0
Config CONFIGURATION_PLAYER, Key READY_STATUS (0xa4bd04b1), subtype 1, changed to true
Config CONFIGURATION_PLAYER, Key MOD_READY_STATUS (0xfc7b1f66), subtype 2, changed to false
Config CONFIGURATION_PLAYER, Key NETWORK_NAME (0x8e72249a), subtype 2, changed to Jerry@76561199005446447
Config CONFIGURATION_PLAYER, Key NICK_NAME (0xdab96bfd), subtype 2, changed to Jerry
Config CONFIGURATION_PLAYER, Key CIVILIZATION_LEVEL_TYPE_NAME (0xca55abbe), subtype 2, changed to CIVILIZATION_LEVEL_FULL_CIV
Config CONFIGURATION_PLAYER, Key CIVILIZATION_LEVEL_TYPE_ID (0x830ffc46), subtype 2, changed to 0x253718b0
Config CONFIGURATION_PLAYER, Key MOD_READY_STATUS (0xfc7b1f66), subtype 0, changed to false
Config CONFIGURATION_PLAYER, Key NETWORK_NAME (0x8e72249a), subtype 0, changed to 咕咕二世@76561198162178797
Config CONFIGURATION_PLAYER, Key NICK_NAME (0xdab96bfd), subtype 0, changed to 咕咕二世
Config CONFIGURATION_PLAYER, Key CIVILIZATION_LEVEL_TYPE_NAME (0xca55abbe), subtype 0, changed to CIVILIZATION_LEVEL_FULL_CIV
Config CONFIGURATION_PLAYER, Key CIVILIZATION_LEVEL_TYPE_ID (0x830ffc46), subtype 0, changed to 0x253718b0
Config CONFIGURATION_UNKNOWN, Key PLAYER_33 (0x012727cc), subtype 0, changed to false
Config CONFIGURATION_UNKNOWN, Key PLAYER_37 (0x064ae3d5), subtype 0, changed to false
Config CONFIGURATION_UNKNOWN, Key PLAYER_62 (0x0b57e31f), subtype 0, changed to false
Config CONFIGURATION_UNKNOWN, Key PLAYER_1 (0x1258ab5e), subtype 0, changed to false
Config CONFIGURATION_UNKNOWN, Key PLAYER_5 (0x15356f47), subtype 0, changed to false
Config CONFIGURATION_UNKNOWN, Key PLAYER_23 (0x183c168d), subtype 0, changed to false
Config CONFIGURATION_UNKNOWN, Key PLAYER_9 (0x1c83236c), subtype 0, changed to false
Config CONFIGURATION_UNKNOWN, Key PLAYER_27 (0x1f51d294), subtype 0, changed to false
Config CONFIGURATION_UNKNOWN, Key PLAYER_52 (0x207ab0dc), subtype 0, changed to false
Config CONFIGURATION_UNKNOWN, Key PLAYER_56 (0x271774c5), subtype 0, changed to false
Config CONFIGURATION_UNKNOWN, Key PLAYER_13 (0x3311454e), subtype 0, changed to false
Config CONFIGURATION_UNKNOWN, Key PLAYER_17 (0x347c8157), subtype 0, changed to false
Config CONFIGURATION_UNKNOWN, Key PLAYER_42 (0x3961819d), subtype 0, changed to false
Config CONFIGURATION_UNKNOWN, Key PLAYER_46 (0x3e0c4584), subtype 0, changed to false
Config CONFIGURATION_UNKNOWN, Key PLAYER_16 (0x437bb1c1), subtype 0, changed to false
Config CONFIGURATION_UNKNOWN, Key PLAYER_12 (0x441675d8), subtype 0, changed to false
Config CONFIGURATION_UNKNOWN, Key PLAYER_47 (0x490b7512), subtype 0, changed to false
Config CONFIGURATION_UNKNOWN, Key PLAYER_43 (0x4e66b10b), subtype 0, changed to false
Config CONFIGURATION_UNKNOWN, Key PLAYER_57 (0x50104453), subtype 0, changed to false
Config CONFIGURATION_UNKNOWN, Key PLAYER_53 (0x577d804a), subtype 0, changed to false
Config CONFIGURATION_UNKNOWN, Key PLAYER_4 (0x62325fd1), subtype 0, changed to false
Config CONFIGURATION_UNKNOWN, Key PLAYER_0 (0x655f9bc8), subtype 0, changed to false
Config CONFIGURATION_UNKNOWN, Key PLAYER_26 (0x6856e202), subtype 0, changed to false
Config CONFIGURATION_UNKNOWN, Key PLAYER_8 (0x6b8413fa), subtype 0, changed to false
Config CONFIGURATION_UNKNOWN, Key PLAYER_22 (0x6f3b261b), subtype 0, changed to false
Config CONFIGURATION_UNKNOWN, Key PLAYER_36 (0x714dd343), subtype 0, changed to false
Config CONFIGURATION_UNKNOWN, Key PLAYER_32 (0x7620175a), subtype 0, changed to false
Config CONFIGURATION_UNKNOWN, Key PLAYER_63 (0x7c50d389), subtype 0, changed to false
Config CONFIGURATION_UNKNOWN, Key MAP_ROOT (0x7dd11279), subtype 0, changed to false
Config CONFIGURATION_UNKNOWN, Key PLAYER_20 (0x81354737), subtype 0, changed to false
Config CONFIGURATION_UNKNOWN, Key PLAYER_24 (0x8658832e), subtype 0, changed to false
Config CONFIGURATION_UNKNOWN, Key GAME_ROOT (0x871d5b63), subtype 0, changed to false
Config CONFIGURATION_UNKNOWN, Key PLAYER_2 (0x8b51fae4), subtype 0, changed to false
Config CONFIGURATION_UNKNOWN, Key PLAYER_6 (0x8c3c3efd), subtype 0, changed to false
Config CONFIGURATION_UNKNOWN, Key PLAYER_28 (0x8feecf05), subtype 0, changed to false
Config CONFIGURATION_UNKNOWN, Key PLAYER_61 (0x925eb2a5), subtype 0, changed to false
Config CONFIGURATION_UNKNOWN, Key PLAYER_38 (0x96f5fe44), subtype 0, changed to false
Config CONFIGURATION_UNKNOWN, Key PLAYER_30 (0x982e7676), subtype 0, changed to false
Config CONFIGURATION_UNKNOWN, Key PLAYER_34 (0x9f43b26f), subtype 0, changed to false
Config CONFIGURATION_UNKNOWN, Key PLAYER_41 (0xa068d027), subtype 0, changed to false
Config CONFIGURATION_UNKNOWN, Key PLAYER_18 (0xa4c39cc6), subtype 0, changed to false
Config CONFIGURATION_UNKNOWN, Key PLAYER_45 (0xa705143e), subtype 0, changed to false
Config CONFIGURATION_UNKNOWN, Key PLAYER_10 (0xaa1814f4), subtype 0, changed to false
Config CONFIGURATION_UNKNOWN, Key PLAYER_14 (0xad75d0ed), subtype 0, changed to false
Config CONFIGURATION_UNKNOWN, Key PLAYER_49 (0xaeb35815), subtype 0, changed to false
Config CONFIGURATION_UNKNOWN, Key PLAYER_59 (0xb7a86954), subtype 0, changed to false
Config CONFIGURATION_UNKNOWN, Key PLAYER_51 (0xb973e166), subtype 0, changed to false
Config CONFIGURATION_UNKNOWN, Key PLAYER_55 (0xbe1e257f), subtype 0, changed to false
Config CONFIGURATION_UNKNOWN, Key PLAYER_58 (0xc0af59c2), subtype 0, changed to false
Config CONFIGURATION_UNKNOWN, Key PLAYER_54 (0xc91915e9), subtype 0, changed to false
Config CONFIGURATION_UNKNOWN, Key PLAYER_50 (0xce74d1f0), subtype 0, changed to false
Config CONFIGURATION_UNKNOWN, Key PLAYER_44 (0xd00224a8), subtype 0, changed to false
Config CONFIGURATION_UNKNOWN, Key CONFIGURATION_TYPE (0xd08444c1), subtype 0, changed to false
Config Unknown, Key PLAYER_19 (0xd3c4ac50), subtype 0, changed to false
Config Unknown, Key PLAYER_40 (0xd76fe0b1), subtype 0, changed to false
Config Unknown, Key PLAYER_48 (0xd9b46883), subtype 0, changed to false
Config Unknown, Key PLAYER_15 (0xda72e07b), subtype 0, changed to false
Config Unknown, Key PLAYER_11 (0xdd1f2462), subtype 0, changed to false
Config Unknown, Key PLAYER_39 (0xe1f2ced2), subtype 0, changed to false
Config Unknown, Key PLAYER_60 (0xe5598233), subtype 0, changed to false
Config Unknown, Key PLAYER_35 (0xe84482f9), subtype 0, changed to false
Config Unknown, Key PLAYER_31 (0xef2946e0), subtype 0, changed to false
Config Unknown, Key PLAYER_25 (0xf15fb3b8), subtype 0, changed to false
Config Unknown, Key PLAYER_21 (0xf63277a1), subtype 0, changed to false
Config Unknown, Key PLAYER_29 (0xf8e9ff93), subtype 0, changed to false
Config Unknown, Key PLAYER_7 (0xfb3b0e6b), subtype 0, changed to false
Config Unknown, Key PLAYER_3 (0xfc56ca72), subtype 0, changed to false
Config CONFIGURATION_UNKNOWN, Key PLAYER_33 (0x012727cc), subtype 0, changed to false
Config CONFIGURATION_UNKNOWN, Key PLAYER_37 (0x064ae3d5), subtype 0, changed to false
Config CONFIGURATION_UNKNOWN, Key PLAYER_62 (0x0b57e31f), subtype 0, changed to false
Config CONFIGURATION_UNKNOWN, Key PLAYER_1 (0x1258ab5e), subtype 0, changed to false
Config CONFIGURATION_UNKNOWN, Key PLAYER_5 (0x15356f47), subtype 0, changed to false
Config CONFIGURATION_UNKNOWN, Key PLAYER_23 (0x183c168d), subtype 0, changed to false
Config CONFIGURATION_UNKNOWN, Key PLAYER_9 (0x1c83236c), subtype 0, changed to false
Config CONFIGURATION_UNKNOWN, Key PLAYER_27 (0x1f51d294), subtype 0, changed to false
Config CONFIGURATION_UNKNOWN, Key PLAYER_52 (0x207ab0dc), subtype 0, changed to false
Config CONFIGURATION_UNKNOWN, Key PLAYER_56 (0x271774c5), subtype 0, changed to false
Config CONFIGURATION_UNKNOWN, Key PLAYER_13 (0x3311454e), subtype 0, changed to false
Config CONFIGURATION_UNKNOWN, Key PLAYER_17 (0x347c8157), subtype 0, changed to false
Config CONFIGURATION_UNKNOWN, Key PLAYER_42 (0x3961819d), subtype 0, changed to false
Config CONFIGURATION_UNKNOWN, Key PLAYER_46 (0x3e0c4584), subtype 0, changed to false
Config CONFIGURATION_UNKNOWN, Key PLAYER_16 (0x437bb1c1), subtype 0, changed to false
Config CONFIGURATION_UNKNOWN, Key PLAYER_12 (0x441675d8), subtype 0, changed to false
Config CONFIGURATION_UNKNOWN, Key PLAYER_47 (0x490b7512), subtype 0, changed to false
Config CONFIGURATION_UNKNOWN, Key PLAYER_43 (0x4e66b10b), subtype 0, changed to false
Config CONFIGURATION_UNKNOWN, Key PLAYER_57 (0x50104453), subtype 0, changed to false
Config CONFIGURATION_UNKNOWN, Key PLAYER_53 (0x577d804a), subtype 0, changed to false
Config CONFIGURATION_UNKNOWN, Key PLAYER_4 (0x62325fd1), subtype 0, changed to false
Config CONFIGURATION_UNKNOWN, Key PLAYER_0 (0x655f9bc8), subtype 0, changed to false
Config CONFIGURATION_UNKNOWN, Key PLAYER_26 (0x6856e202), subtype 0, changed to false
Config CONFIGURATION_UNKNOWN, Key PLAYER_8 (0x6b8413fa), subtype 0, changed to false
Config CONFIGURATION_UNKNOWN, Key PLAYER_22 (0x6f3b261b), subtype 0, changed to false
Config CONFIGURATION_UNKNOWN, Key PLAYER_36 (0x714dd343), subtype 0, changed to false
Config CONFIGURATION_UNKNOWN, Key PLAYER_32 (0x7620175a), subtype 0, changed to false
Config CONFIGURATION_UNKNOWN, Key PLAYER_63 (0x7c50d389), subtype 0, changed to false
Config CONFIGURATION_UNKNOWN, Key MAP_ROOT (0x7dd11279), subtype 0, changed to false
Config CONFIGURATION_UNKNOWN, Key PLAYER_20 (0x81354737), subtype 0, changed to false
Config CONFIGURATION_UNKNOWN, Key PLAYER_24 (0x8658832e), subtype 0, changed to false
Config CONFIGURATION_UNKNOWN, Key GAME_ROOT (0x871d5b63), subtype 0, changed to false
Config CONFIGURATION_UNKNOWN, Key PLAYER_2 (0x8b51fae4), subtype 0, changed to false
Config CONFIGURATION_UNKNOWN, Key PLAYER_6 (0x8c3c3efd), subtype 0, changed to false
Config CONFIGURATION_UNKNOWN, Key PLAYER_28 (0x8feecf05), subtype 0, changed to false
Config CONFIGURATION_UNKNOWN, Key PLAYER_61 (0x925eb2a5), subtype 0, changed to false
Config CONFIGURATION_UNKNOWN, Key PLAYER_38 (0x96f5fe44), subtype 0, changed to false
Config CONFIGURATION_UNKNOWN, Key PLAYER_30 (0x982e7676), subtype 0, changed to false
Config CONFIGURATION_UNKNOWN, Key PLAYER_34 (0x9f43b26f), subtype 0, changed to false
Config CONFIGURATION_UNKNOWN, Key PLAYER_41 (0xa068d027), subtype 0, changed to false
Config CONFIGURATION_UNKNOWN, Key PLAYER_18 (0xa4c39cc6), subtype 0, changed to false
Config CONFIGURATION_UNKNOWN, Key PLAYER_45 (0xa705143e), subtype 0, changed to false
Config CONFIGURATION_UNKNOWN, Key PLAYER_10 (0xaa1814f4), subtype 0, changed to false
Config CONFIGURATION_UNKNOWN, Key PLAYER_14 (0xad75d0ed), subtype 0, changed to false
Config CONFIGURATION_UNKNOWN, Key PLAYER_49 (0xaeb35815), subtype 0, changed to false
Config CONFIGURATION_UNKNOWN, Key PLAYER_59 (0xb7a86954), subtype 0, changed to false
Config CONFIGURATION_UNKNOWN, Key PLAYER_51 (0xb973e166), subtype 0, changed to false
Config CONFIGURATION_UNKNOWN, Key PLAYER_55 (0xbe1e257f), subtype 0, changed to false
Config CONFIGURATION_UNKNOWN, Key PLAYER_58 (0xc0af59c2), subtype 0, changed to false
Config CONFIGURATION_UNKNOWN, Key PLAYER_54 (0xc91915e9), subtype 0, changed to false
Config CONFIGURATION_UNKNOWN, Key PLAYER_50 (0xce74d1f0), subtype 0, changed to false
Config CONFIGURATION_UNKNOWN, Key PLAYER_44 (0xd00224a8), subtype 0, changed to false
Config CONFIGURATION_UNKNOWN, Key CONFIGURATION_TYPE (0xd08444c1), subtype 0, changed to false
Config Unknown, Key PLAYER_19 (0xd3c4ac50), subtype 0, changed to false
Config Unknown, Key PLAYER_40 (0xd76fe0b1), subtype 0, changed to false
Config Unknown, Key PLAYER_48 (0xd9b46883), subtype 0, changed to false
Config Unknown, Key PLAYER_15 (0xda72e07b), subtype 0, changed to false
Config Unknown, Key PLAYER_11 (0xdd1f2462), subtype 0, changed to false
Config Unknown, Key PLAYER_39 (0xe1f2ced2), subtype 0, changed to false
Config Unknown, Key PLAYER_60 (0xe5598233), subtype 0, changed to false
Config Unknown, Key PLAYER_35 (0xe84482f9), subtype 0, changed to false
Config Unknown, Key PLAYER_31 (0xef2946e0), subtype 0, changed to false
Config Unknown, Key PLAYER_25 (0xf15fb3b8), subtype 0, changed to false
Config Unknown, Key PLAYER_21 (0xf63277a1), subtype 0, changed to false
Config Unknown, Key PLAYER_29 (0xf8e9ff93), subtype 0, changed to false
Config Unknown, Key PLAYER_7 (0xfb3b0e6b), subtype 0, changed to false
Config Unknown, Key PLAYER_3 (0xfc56ca72), subtype 0, changed to false
Config CONFIGURATION_PLAYER, Key BTS_LocalPlayerRunningRotues (0xf17b5a0b), subtype 1, changed to T3:D1:1T9:S12:OriginCityIDD6:196610S12:TraderUnitIDD6:851976S14:TurnsRemainingD1:6S15:TradePathLengthD1:8S16:OriginCityPlayerD1:1S17:DestinationCityIDD5:65536S21:DestinationCityPlayerD1:1S22:OriginalTurnsRemainingD2:16S8:CacheKeyS16:1_196610_1_65536D1:2T9:S12:OriginCityIDD6:262147S12:TraderUnitIDD6:589830S14:TurnsRemainingD2:15S15:TradePathLengthD1:8S16:OriginCityPlayerD1:1S17:DestinationCityIDD5:65536S21:DestinationCityPlayerD1:1S22:OriginalTurnsRemainingD2:16S8:CacheKeyS16:1_262147_1_65536D1:3T9:S12:OriginCityIDD6:327684S12:TraderUnitIDD7:1572869S14:TurnsRemainingD2:14S15:TradePathLengthD1:7S16:OriginCityPlayerD1:1S17:DestinationCityIDD5:65536S21:DestinationCityPlayerD1:1S22:OriginalTurnsRemainingD2:14S8:CacheKeyS16:1_327684_1_65536
Config CONFIGURATION_PLAYER, Key DMT_MapPinSubjects (0x57b07b7b), subtype 1, changed to T9:S5:68_50T9:S11:YieldStringS0:S12:YieldToolTipS0:S15:CanPlaceToolTipS0:S1:XD2:68S1:YD2:50S2:IdD1:8S3:KeyS20:DISTRICT_CITY_CENTERS4:TypeS8:DISTRICTS8:CanPlaceB1S5:72_53T9:S11:YieldStringS0:S12:YieldToolTipS0:S15:CanPlaceToolTipS0:S1:XD2:72S1:YD2:53S2:IdD1:7S3:KeyS20:DISTRICT_CITY_CENTERS4:TypeS8:DISTRICTS8:CanPlaceB1S5:73_48T9:S11:YieldStringS0:S12:YieldToolTipS0:S15:CanPlaceToolTipS0:S1:XD2:73S1:YD2:48S2:IdD1:3S3:KeyS27:DISTRICT_DIPLOMATIC_QUARTERS4:TypeS8:DISTRICTS8:CanPlaceB1S5:75_59T9:S11:YieldStringS0:S12:YieldToolTipS0:S15:CanPlaceToolTipS0:S1:XD2:75S1:YD2:59S2:IdD2:10S3:KeyS20:DISTRICT_CITY_CENTERS4:TypeS8:DISTRICTS8:CanPlaceB1S5:76_44T9:S11:YieldStringS58:[ICON_Production][COLOR:ResProductionLabelCS]+1[ENDCOLOR] S12:YieldToolTipS0:S15:CanPlaceToolTipS0:S1:XD2:76S1:YD2:44S2:IdD2:13S3:KeyS18:IMPROVEMENT_QUARRYS4:TypeS11:IMPROVEMENTS8:CanPlaceB1S5:76_45T9:S11:YieldStringS58:[ICON_Production][COLOR:ResProductionLabelCS]+5[ENDCOLOR] S12:YieldToolTipS243:+1 [ICON_Production] 生产力来自相邻区域。[NEWLINE]+1 [ICON_Production] 生产力来自相邻采石场。[NEWLINE]相邻水渠区域提供+2 [ICON_PRODUCTION] 生产力。[NEWLINE]相邻矿山提供的 [ICON_Production] 生产力+1。S15:CanPlaceToolTipS0:S1:XD2:76S1:YD2:45S2:IdD1:4S3:KeyS24:DISTRICT_INDUSTRIAL_ZONES4:TypeS8:DISTRICTS8:CanPlaceB1S5:77_45T9:S11:YieldStringS58:[ICON_Production][COLOR:ResProductionLabelCS]+1[ENDCOLOR] S12:YieldToolTipS0:S15:CanPlaceToolTipS0:S1:XD2:77S1:YD2:45S2:IdD2:15S3:KeyS16:IMPROVEMENT_MINES4:TypeS11:IMPROVEMENTS8:CanPlaceB1S5:78_55T9:S11:YieldStringS0:S12:YieldToolTipS0:S15:CanPlaceToolTipS0:S1:XD2:78S1:YD2:55S2:IdD1:2S3:KeyS20:DISTRICT_CITY_CENTERS4:TypeS8:DISTRICTS8:CanPlaceB1S5:81_50T9:S11:YieldStringS52:[ICON_Science][COLOR:ResScienceLabelCS]+4[ENDCOLOR] S12:YieldToolTipS189:+1 [ICON_Science] 科技值来自相邻山脉单元格。[NEWLINE]+1 [ICON_Science] 科技值来自相邻雨林单元格。[NEWLINE]每个相邻的礁石提供+2 [ICON_Science] 科技值。S15:CanPlaceToolTipS0:S1:XD2:81S1:YD2:50S2:IdD2:11S3:KeyS15:DISTRICT_CAMPUSS4:TypeS8:DISTRICTS8:CanPlaceB1
Config CONFIGURATION_PLAYER, Key DMT_MapPinSubjects (0x57b07b7b), subtype 1, changed to T10:S5:68_50T9:S11:YieldStringS0:S12:YieldToolTipS0:S15:CanPlaceToolTipS0:S1:XD2:68S1:YD2:50S2:IdD1:8S3:KeyS20:DISTRICT_CITY_CENTERS4:TypeS8:DISTRICTS8:CanPlaceB1S5:72_53T9:S11:YieldStringS0:S12:YieldToolTipS0:S15:CanPlaceToolTipS0:S1:XD2:72S1:YD2:53S2:IdD1:7S3:KeyS20:DISTRICT_CITY_CENTERS4:TypeS8:DISTRICTS8:CanPlaceB1S5:73_48T9:S11:YieldStringS0:S12:YieldToolTipS0:S15:CanPlaceToolTipS0:S1:XD2:73S1:YD2:48S2:IdD1:3S3:KeyS27:DISTRICT_DIPLOMATIC_QUARTERS4:TypeS8:DISTRICTS8:CanPlaceB1S5:74_48T9:S11:YieldStringS52:[ICON_Culture][COLOR:ResCultureLabelCS]+3[ENDCOLOR] S12:YieldToolTipS111:+2 [ICON_Culture] 文化值来自相邻区域。[NEWLINE]+1 [ICON_Culture] 文化值来自相邻市政广场。S15:CanPlaceToolTipS0:S1:XD2:74S1:YD2:48S2:IdD1:5S3:KeyS16:DISTRICT_THEATERS4:TypeS8:DISTRICTS8:CanPlaceB1S5:75_59T9:S11:YieldStringS0:S12:YieldToolTipS0:S15:CanPlaceToolTipS0:S1:XD2:75S1:YD2:59S2:IdD2:10S3:KeyS20:DISTRICT_CITY_CENTERS4:TypeS8:DISTRICTS8:CanPlaceB1S5:76_44T9:S11:YieldStringS58:[ICON_Production][COLOR:ResProductionLabelCS]+1[ENDCOLOR] S12:YieldToolTipS0:S15:CanPlaceToolTipS0:S1:XD2:76S1:YD2:44S2:IdD2:13S3:KeyS18:IMPROVEMENT_QUARRYS4:TypeS11:IMPROVEMENTS8:CanPlaceB1S5:76_45T9:S11:YieldStringS58:[ICON_Production][COLOR:ResProductionLabelCS]+5[ENDCOLOR] S12:YieldToolTipS243:+1 [ICON_Production] 生产力来自相邻区域。[NEWLINE]+1 [ICON_Production] 生产力来自相邻采石场。[NEWLINE]相邻水渠区域提供+2 [ICON_PRODUCTION] 生产力。[NEWLINE]相邻矿山提供的 [ICON_Production] 生产力+1。S15:CanPlaceToolTipS0:S1:XD2:76S1:YD2:45S2:IdD1:4S3:KeyS24:DISTRICT_INDUSTRIAL_ZONES4:TypeS8:DISTRICTS8:CanPlaceB1S5:77_45T9:S11:YieldStringS58:[ICON_Production][COLOR:ResProductionLabelCS]+1[ENDCOLOR] S12:YieldToolTipS0:S15:CanPlaceToolTipS0:S1:XD2:77S1:YD2:45S2:IdD2:15S3:KeyS16:IMPROVEMENT_MINES4:TypeS11:IMPROVEMENTS8:CanPlaceB1S5:78_55T9:S11:YieldStringS0:S12:YieldToolTipS0:S15:CanPlaceToolTipS0:S1:XD2:78S1:YD2:55S2:IdD1:2S3:KeyS20:DISTRICT_CITY_CENTERS4:TypeS8:DISTRICTS8:CanPlaceB1S5:81_50T9:S11:YieldStringS52:[ICON_Science][COLOR:ResScienceLabelCS]+4[ENDCOLOR] S12:YieldToolTipS189:+1 [ICON_Science] 科技值来自相邻山脉单元格。[NEWLINE]+1 [ICON_Science] 科技值来自相邻雨林单元格。[NEWLINE]每个相邻的礁石提供+2 [ICON_Science] 科技值。S15:CanPlaceToolTipS0:S1:XD2:81S1:YD2:50S2:IdD2:11S3:KeyS15:DISTRICT_CAMPUSS4:TypeS8:DISTRICTS8:CanPlaceB1
Config CONFIGURATION_PLAYER, Key BTS_LocalPlayerRunningRotues (0xf17b5a0b), subtype 1, changed to T3:D1:1T9:S12:OriginCityIDD6:196610S12:TraderUnitIDD6:851976S14:TurnsRemainingD1:5S15:TradePathLengthD1:8S16:OriginCityPlayerD1:1S17:DestinationCityIDD5:65536S21:DestinationCityPlayerD1:1S22:OriginalTurnsRemainingD2:16S8:CacheKeyS16:1_196610_1_65536D1:2T9:S12:OriginCityIDD6:262147S12:TraderUnitIDD6:589830S14:TurnsRemainingD2:14S15:TradePathLengthD1:8S16:OriginCityPlayerD1:1S17:DestinationCityIDD5:65536S21:DestinationCityPlayerD1:1S22:OriginalTurnsRemainingD2:16S8:CacheKeyS16:1_262147_1_65536D1:3T9:S12:OriginCityIDD6:327684S12:TraderUnitIDD7:1572869S14:TurnsRemainingD2:13S15:TradePathLengthD1:7S16:OriginCityPlayerD1:1S17:DestinationCityIDD5:65536S21:DestinationCityPlayerD1:1S22:OriginalTurnsRemainingD2:14S8:CacheKeyS16:1_327684_1_65536
Config CONFIGURATION_PLAYER, Key DMT_MapPinSubjects (0x57b07b7b), subtype 1, changed to T9:S5:72_53T9:S11:YieldStringS0:S12:YieldToolTipS0:S15:CanPlaceToolTipS0:S1:XD2:72S1:YD2:53S2:IdD1:7S3:KeyS20:DISTRICT_CITY_CENTERS4:TypeS8:DISTRICTS8:CanPlaceB1S5:73_48T9:S11:YieldStringS0:S12:YieldToolTipS0:S15:CanPlaceToolTipS0:S1:XD2:73S1:YD2:48S2:IdD1:3S3:KeyS27:DISTRICT_DIPLOMATIC_QUARTERS4:TypeS8:DISTRICTS8:CanPlaceB1S5:74_48T9:S11:YieldStringS52:[ICON_Culture][COLOR:ResCultureLabelCS]+3[ENDCOLOR] S12:YieldToolTipS111:+2 [ICON_Culture] 文化值来自相邻区域。[NEWLINE]+1 [ICON_Culture] 文化值来自相邻市政广场。S15:CanPlaceToolTipS0:S1:XD2:74S1:YD2:48S2:IdD1:5S3:KeyS16:DISTRICT_THEATERS4:TypeS8:DISTRICTS8:CanPlaceB1S5:75_59T9:S11:YieldStringS0:S12:YieldToolTipS0:S15:CanPlaceToolTipS0:S1:XD2:75S1:YD2:59S2:IdD2:10S3:KeyS20:DISTRICT_CITY_CENTERS4:TypeS8:DISTRICTS8:CanPlaceB1S5:76_44T9:S11:YieldStringS58:[ICON_Production][COLOR:ResProductionLabelCS]+1[ENDCOLOR] S12:YieldToolTipS0:S15:CanPlaceToolTipS0:S1:XD2:76S1:YD2:44S2:IdD2:13S3:KeyS18:IMPROVEMENT_QUARRYS4:TypeS11:IMPROVEMENTS8:CanPlaceB1S5:76_45T9:S11:YieldStringS58:[ICON_Production][COLOR:ResProductionLabelCS]+5[ENDCOLOR] S12:YieldToolTipS243:+1 [ICON_Production] 生产力来自相邻区域。[NEWLINE]+1 [ICON_Production] 生产力来自相邻采石场。[NEWLINE]相邻水渠区域提供+2 [ICON_PRODUCTION] 生产力。[NEWLINE]相邻矿山提供的 [ICON_Production] 生产力+1。S15:CanPlaceToolTipS0:S1:XD2:76S1:YD2:45S2:IdD1:4S3:KeyS24:DISTRICT_INDUSTRIAL_ZONES4:TypeS8:DISTRICTS8:CanPlaceB1S5:77_45T9:S11:YieldStringS58:[ICON_Production][COLOR:ResProductionLabelCS]+1[ENDCOLOR] S12:YieldToolTipS0:S15:CanPlaceToolTipS0:S1:XD2:77S1:YD2:45S2:IdD2:15S3:KeyS16:IMPROVEMENT_MINES4:TypeS11:IMPROVEMENTS8:CanPlaceB1S5:78_55T9:S11:YieldStringS0:S12:YieldToolTipS0:S15:CanPlaceToolTipS0:S1:XD2:78S1:YD2:55S2:IdD1:2S3:KeyS20:DISTRICT_CITY_CENTERS4:TypeS8:DISTRICTS8:CanPlaceB1S5:81_50T9:S11:YieldStringS52:[ICON_Science][COLOR:ResScienceLabelCS]+4[ENDCOLOR] S12:YieldToolTipS189:+1 [ICON_Science] 科技值来自相邻山脉单元格。[NEWLINE]+1 [ICON_Science] 科技值来自相邻雨林单元格。[NEWLINE]每个相邻的礁石提供+2 [ICON_Science] 科技值。S15:CanPlaceToolTipS0:S1:XD2:81S1:YD2:50S2:IdD2:11S3:KeyS15:DISTRICT_CAMPUSS4:TypeS8:DISTRICTS8:CanPlaceB1
Config CONFIGURATION_PLAYER, Key BTS_LocalPlayerRunningRotues (0xf17b5a0b), subtype 1, changed to T3:D1:1T9:S12:OriginCityIDD6:196610S12:TraderUnitIDD6:851976S14:TurnsRemainingD1:4S15:TradePathLengthD1:8S16:OriginCityPlayerD1:1S17:DestinationCityIDD5:65536S21:DestinationCityPlayerD1:1S22:OriginalTurnsRemainingD2:16S8:CacheKeyS16:1_196610_1_65536D1:2T9:S12:OriginCityIDD6:262147S12:TraderUnitIDD6:589830S14:TurnsRemainingD2:13S15:TradePathLengthD1:8S16:OriginCityPlayerD1:1S17:DestinationCityIDD5:65536S21:DestinationCityPlayerD1:1S22:OriginalTurnsRemainingD2:16S8:CacheKeyS16:1_262147_1_65536D1:3T9:S12:OriginCityIDD6:327684S12:TraderUnitIDD7:1572869S14:TurnsRemainingD2:12S15:TradePathLengthD1:7S16:OriginCityPlayerD1:1S17:DestinationCityIDD5:65536S21:DestinationCityPlayerD1:1S22:OriginalTurnsRemainingD2:14S8:CacheKeyS16:1_327684_1_65536
Config CONFIGURATION_PLAYER, Key DMT_MapPinSubjects (0x57b07b7b), subtype 1, changed to T8:S5:72_53T9:S11:YieldStringS0:S12:YieldToolTipS0:S15:CanPlaceToolTipS0:S1:XD2:72S1:YD2:53S2:IdD1:7S3:KeyS20:DISTRICT_CITY_CENTERS4:TypeS8:DISTRICTS8:CanPlaceB1S5:74_48T9:S11:YieldStringS52:[ICON_Culture][COLOR:ResCultureLabelCS]+3[ENDCOLOR] S12:YieldToolTipS111:+2 [ICON_Culture] 文化值来自相邻区域。[NEWLINE]+1 [ICON_Culture] 文化值来自相邻市政广场。S15:CanPlaceToolTipS0:S1:XD2:74S1:YD2:48S2:IdD1:5S3:KeyS16:DISTRICT_THEATERS4:TypeS8:DISTRICTS8:CanPlaceB1S5:75_59T9:S11:YieldStringS0:S12:YieldToolTipS0:S15:CanPlaceToolTipS0:S1:XD2:75S1:YD2:59S2:IdD2:10S3:KeyS20:DISTRICT_CITY_CENTERS4:TypeS8:DISTRICTS8:CanPlaceB1S5:76_44T9:S11:YieldStringS58:[ICON_Production][COLOR:ResProductionLabelCS]+1[ENDCOLOR] S12:YieldToolTipS0:S15:CanPlaceToolTipS0:S1:XD2:76S1:YD2:44S2:IdD2:13S3:KeyS18:IMPROVEMENT_QUARRYS4:TypeS11:IMPROVEMENTS8:CanPlaceB1S5:76_45T9:S11:YieldStringS58:[ICON_Production][COLOR:ResProductionLabelCS]+5[ENDCOLOR] S12:YieldToolTipS243:+1 [ICON_Production] 生产力来自相邻区域。[NEWLINE]+1 [ICON_Production] 生产力来自相邻采石场。[NEWLINE]相邻水渠区域提供+2 [ICON_PRODUCTION] 生产力。[NEWLINE]相邻矿山提供的 [ICON_Production] 生产力+1。S15:CanPlaceToolTipS0:S1:XD2:76S1:YD2:45S2:IdD1:4S3:KeyS24:DISTRICT_INDUSTRIAL_ZONES4:TypeS8:DISTRICTS8:CanPlaceB1S5:77_45T9:S11:YieldStringS58:[ICON_Production][COLOR:ResProductionLabelCS]+1[ENDCOLOR] S12:YieldToolTipS0:S15:CanPlaceToolTipS0:S1:XD2:77S1:YD2:45S2:IdD2:15S3:KeyS16:IMPROVEMENT_MINES4:TypeS11:IMPROVEMENTS8:CanPlaceB1S5:78_55T9:S11:YieldStringS0:S12:YieldToolTipS0:S15:CanPlaceToolTipS0:S1:XD2:78S1:YD2:55S2:IdD1:2S3:KeyS20:DISTRICT_CITY_CENTERS4:TypeS8:DISTRICTS8:CanPlaceB1S5:81_50T9:S11:YieldStringS52:[ICON_Science][COLOR:ResScienceLabelCS]+4[ENDCOLOR] S12:YieldToolTipS189:+1 [ICON_Science] 科技值来自相邻山脉单元格。[NEWLINE]+1 [ICON_Science] 科技值来自相邻雨林单元格。[NEWLINE]每个相邻的礁石提供+2 [ICON_Science] 科技值。S15:CanPlaceToolTipS0:S1:XD2:81S1:YD2:50S2:IdD2:11S3:KeyS15:DISTRICT_CAMPUSS4:TypeS8:DISTRICTS8:CanPlaceB1
Config CONFIGURATION_PLAYER, Key BTS_LocalPlayerRunningRotues (0xf17b5a0b), subtype 1, changed to T4:D1:1T9:S12:OriginCityIDD6:196610S12:TraderUnitIDD6:851976S14:TurnsRemainingD1:4S15:TradePathLengthD1:8S16:OriginCityPlayerD1:1S17:DestinationCityIDD5:65536S21:DestinationCityPlayerD1:1S22:OriginalTurnsRemainingD2:16S8:CacheKeyS16:1_196610_1_65536D1:2T9:S12:OriginCityIDD6:262147S12:TraderUnitIDD6:589830S14:TurnsRemainingD2:13S15:TradePathLengthD1:8S16:OriginCityPlayerD1:1S17:DestinationCityIDD5:65536S21:DestinationCityPlayerD1:1S22:OriginalTurnsRemainingD2:16S8:CacheKeyS16:1_262147_1_65536D1:3T9:S12:OriginCityIDD6:327684S12:TraderUnitIDD7:1572869S14:TurnsRemainingD2:12S15:TradePathLengthD1:7S16:OriginCityPlayerD1:1S17:DestinationCityIDD5:65536S21:DestinationCityPlayerD1:1S22:OriginalTurnsRemainingD2:14S8:CacheKeyS16:1_327684_1_65536D1:4T9:S12:OriginCityIDD6:393221S12:TraderUnitIDD7:1703950S14:TurnsRemainingD2:12S15:TradePathLengthD1:6S16:OriginCityPlayerD1:1S17:DestinationCityIDD5:65536S21:DestinationCityPlayerD1:1S22:OriginalTurnsRemainingD2:12S8:CacheKeyS16:1_393221_1_65536
Config CONFIGURATION_PLAYER, Key DMT_MapPinSubjects (0x57b07b7b), subtype 1, changed to T7:S5:72_53T9:S11:YieldStringS0:S12:YieldToolTipS0:S15:CanPlaceToolTipS0:S1:XD2:72S1:YD2:53S2:IdD1:7S3:KeyS20:DISTRICT_CITY_CENTERS4:TypeS8:DISTRICTS8:CanPlaceB1S5:74_48T9:S11:YieldStringS52:[ICON_Culture][COLOR:ResCultureLabelCS]+3[ENDCOLOR] S12:YieldToolTipS111:+2 [ICON_Culture] 文化值来自相邻区域。[NEWLINE]+1 [ICON_Culture] 文化值来自相邻市政广场。S15:CanPlaceToolTipS0:S1:XD2:74S1:YD2:48S2:IdD1:5S3:KeyS16:DISTRICT_THEATERS4:TypeS8:DISTRICTS8:CanPlaceB1S5:75_59T9:S11:YieldStringS0:S12:YieldToolTipS0:S15:CanPlaceToolTipS0:S1:XD2:75S1:YD2:59S2:IdD2:10S3:KeyS20:DISTRICT_CITY_CENTERS4:TypeS8:DISTRICTS8:CanPlaceB1S5:76_45T9:S11:YieldStringS58:[ICON_Production][COLOR:ResProductionLabelCS]+5[ENDCOLOR] S12:YieldToolTipS243:+1 [ICON_Production] 生产力来自相邻区域。[NEWLINE]+1 [ICON_Production] 生产力来自相邻采石场。[NEWLINE]相邻水渠区域提供+2 [ICON_PRODUCTION] 生产力。[NEWLINE]相邻矿山提供的 [ICON_Production] 生产力+1。S15:CanPlaceToolTipS0:S1:XD2:76S1:YD2:45S2:IdD1:4S3:KeyS24:DISTRICT_INDUSTRIAL_ZONES4:TypeS8:DISTRICTS8:CanPlaceB1S5:77_45T9:S11:YieldStringS58:[ICON_Production][COLOR:ResProductionLabelCS]+1[ENDCOLOR] S12:YieldToolTipS0:S15:CanPlaceToolTipS0:S1:XD2:77S1:YD2:45S2:IdD2:15S3:KeyS16:IMPROVEMENT_MINES4:TypeS11:IMPROVEMENTS8:CanPlaceB1S5:78_55T9:S11:YieldStringS0:S12:YieldToolTipS0:S15:CanPlaceToolTipS0:S1:XD2:78S1:YD2:55S2:IdD1:2S3:KeyS20:DISTRICT_CITY_CENTERS4:TypeS8:DISTRICTS8:CanPlaceB1S5:81_50T9:S11:YieldStringS52:[ICON_Science][COLOR:ResScienceLabelCS]+4[ENDCOLOR] S12:YieldToolTipS189:+1 [ICON_Science] 科技值来自相邻山脉单元格。[NEWLINE]+1 [ICON_Science] 科技值来自相邻雨林单元格。[NEWLINE]每个相邻的礁石提供+2 [ICON_Science] 科技值。S15:CanPlaceToolTipS0:S1:XD2:81S1:YD2:50S2:IdD2:11S3:KeyS15:DISTRICT_CAMPUSS4:TypeS8:DISTRICTS8:CanPlaceB1
Config CONFIGURATION_PLAYER, Key BTS_LocalPlayerRunningRotues (0xf17b5a0b), subtype 1, changed to T4:D1:1T9:S12:OriginCityIDD6:196610S12:TraderUnitIDD6:851976S14:TurnsRemainingD1:3S15:TradePathLengthD1:8S16:OriginCityPlayerD1:1S17:DestinationCityIDD5:65536S21:DestinationCityPlayerD1:1S22:OriginalTurnsRemainingD2:16S8:CacheKeyS16:1_196610_1_65536D1:2T9:S12:OriginCityIDD6:262147S12:TraderUnitIDD6:589830S14:TurnsRemainingD2:12S15:TradePathLengthD1:8S16:OriginCityPlayerD1:1S17:DestinationCityIDD5:65536S21:DestinationCityPlayerD1:1S22:OriginalTurnsRemainingD2:16S8:CacheKeyS16:1_262147_1_65536D1:3T9:S12:OriginCityIDD6:327684S12:TraderUnitIDD7:1572869S14:TurnsRemainingD2:11S15:TradePathLengthD1:7S16:OriginCityPlayerD1:1S17:DestinationCityIDD5:65536S21:DestinationCityPlayerD1:1S22:OriginalTurnsRemainingD2:14S8:CacheKeyS16:1_327684_1_65536D1:4T9:S12:OriginCityIDD6:393221S12:TraderUnitIDD7:1703950S14:TurnsRemainingD2:11S15:TradePathLengthD1:6S16:OriginCityPlayerD1:1S17:DestinationCityIDD5:65536S21:DestinationCityPlayerD1:1S22:OriginalTurnsRemainingD2:12S8:CacheKeyS16:1_393221_1_65536
Config CONFIGURATION_PLAYER, Key DMT_MapPinSubjects (0x57b07b7b), subtype 1, changed to T6:S5:72_53T9:S11:YieldStringS0:S12:YieldToolTipS0:S15:CanPlaceToolTipS0:S1:XD2:72S1:YD2:53S2:IdD1:7S3:KeyS20:DISTRICT_CITY_CENTERS4:TypeS8:DISTRICTS8:CanPlaceB1S5:74_48T9:S11:YieldStringS52:[ICON_Culture][COLOR:ResCultureLabelCS]+3[ENDCOLOR] S12:YieldToolTipS111:+2 [ICON_Culture] 文化值来自相邻区域。[NEWLINE]+1 [ICON_Culture] 文化值来自相邻市政广场。S15:CanPlaceToolTipS0:S1:XD2:74S1:YD2:48S2:IdD1:5S3:KeyS16:DISTRICT_THEATERS4:TypeS8:DISTRICTS8:CanPlaceB1S5:75_59T9:S11:YieldStringS0:S12:YieldToolTipS0:S15:CanPlaceToolTipS0:S1:XD2:75S1:YD2:59S2:IdD2:10S3:KeyS20:DISTRICT_CITY_CENTERS4:TypeS8:DISTRICTS8:CanPlaceB1S5:76_45T9:S11:YieldStringS58:[ICON_Production][COLOR:ResProductionLabelCS]+5[ENDCOLOR] S12:YieldToolTipS243:+1 [ICON_Production] 生产力来自相邻区域。[NEWLINE]+1 [ICON_Production] 生产力来自相邻采石场。[NEWLINE]相邻水渠区域提供+2 [ICON_PRODUCTION] 生产力。[NEWLINE]相邻矿山提供的 [ICON_Production] 生产力+1。S15:CanPlaceToolTipS0:S1:XD2:76S1:YD2:45S2:IdD1:4S3:KeyS24:DISTRICT_INDUSTRIAL_ZONES4:TypeS8:DISTRICTS8:CanPlaceB1S5:78_55T9:S11:YieldStringS0:S12:YieldToolTipS0:S15:CanPlaceToolTipS0:S1:XD2:78S1:YD2:55S2:IdD1:2S3:KeyS20:DISTRICT_CITY_CENTERS4:TypeS8:DISTRICTS8:CanPlaceB1S5:81_50T9:S11:YieldStringS52:[ICON_Science][COLOR:ResScienceLabelCS]+4[ENDCOLOR] S12:YieldToolTipS189:+1 [ICON_Science] 科技值来自相邻山脉单元格。[NEWLINE]+1 [ICON_Science] 科技值来自相邻雨林单元格。[NEWLINE]每个相邻的礁石提供+2 [ICON_Science] 科技值。S15:CanPlaceToolTipS0:S1:XD2:81S1:YD2:50S2:IdD2:11S3:KeyS15:DISTRICT_CAMPUSS4:TypeS8:DISTRICTS8:CanPlaceB1
Config CONFIGURATION_PLAYER, Key BTS_LocalPlayerRunningRotues (0xf17b5a0b), subtype 1, changed to T4:D1:1T9:S12:OriginCityIDD6:196610S12:TraderUnitIDD6:851976S14:TurnsRemainingD1:2S15:TradePathLengthD1:8S16:OriginCityPlayerD1:1S17:DestinationCityIDD5:65536S21:DestinationCityPlayerD1:1S22:OriginalTurnsRemainingD2:16S8:CacheKeyS16:1_196610_1_65536D1:2T9:S12:OriginCityIDD6:262147S12:TraderUnitIDD6:589830S14:TurnsRemainingD2:11S15:TradePathLengthD1:8S16:OriginCityPlayerD1:1S17:DestinationCityIDD5:65536S21:DestinationCityPlayerD1:1S22:OriginalTurnsRemainingD2:16S8:CacheKeyS16:1_262147_1_65536D1:3T9:S12:OriginCityIDD6:327684S12:TraderUnitIDD7:1572869S14:TurnsRemainingD2:10S15:TradePathLengthD1:7S16:OriginCityPlayerD1:1S17:DestinationCityIDD5:65536S21:DestinationCityPlayerD1:1S22:OriginalTurnsRemainingD2:14S8:CacheKeyS16:1_327684_1_65536D1:4T9:S12:OriginCityIDD6:393221S12:TraderUnitIDD7:1703950S14:TurnsRemainingD2:10S15:TradePathLengthD1:6S16:OriginCityPlayerD1:1S17:DestinationCityIDD5:65536S21:DestinationCityPlayerD1:1S22:OriginalTurnsRemainingD2:12S8:CacheKeyS16:1_393221_1_65536
Config CONFIGURATION_PLAYER, Key DMT_MapPinSubjects (0x57b07b7b), subtype 1, changed to T5:S5:72_53T9:S11:YieldStringS0:S12:YieldToolTipS0:S15:CanPlaceToolTipS0:S1:XD2:72S1:YD2:53S2:IdD1:7S3:KeyS20:DISTRICT_CITY_CENTERS4:TypeS8:DISTRICTS8:CanPlaceB1S5:74_48T9:S11:YieldStringS52:[ICON_Culture][COLOR:ResCultureLabelCS]+3[ENDCOLOR] S12:YieldToolTipS111:+2 [ICON_Culture] 文化值来自相邻区域。[NEWLINE]+1 [ICON_Culture] 文化值来自相邻市政广场。S15:CanPlaceToolTipS0:S1:XD2:74S1:YD2:48S2:IdD1:5S3:KeyS16:DISTRICT_THEATERS4:TypeS8:DISTRICTS8:CanPlaceB1S5:75_59T9:S11:YieldStringS0:S12:YieldToolTipS0:S15:CanPlaceToolTipS0:S1:XD2:75S1:YD2:59S2:IdD2:10S3:KeyS20:DISTRICT_CITY_CENTERS4:TypeS8:DISTRICTS8:CanPlaceB1S5:76_45T9:S11:YieldStringS58:[ICON_Production][COLOR:ResProductionLabelCS]+5[ENDCOLOR] S12:YieldToolTipS243:+1 [ICON_Production] 生产力来自相邻区域。[NEWLINE]+1 [ICON_Production] 生产力来自相邻采石场。[NEWLINE]相邻水渠区域提供+2 [ICON_PRODUCTION] 生产力。[NEWLINE]相邻矿山提供的 [ICON_Production] 生产力+1。S15:CanPlaceToolTipS0:S1:XD2:76S1:YD2:45S2:IdD1:4S3:KeyS24:DISTRICT_INDUSTRIAL_ZONES4:TypeS8:DISTRICTS8:CanPlaceB1S5:78_55T9:S11:YieldStringS0:S12:YieldToolTipS0:S15:CanPlaceToolTipS0:S1:XD2:78S1:YD2:55S2:IdD1:2S3:KeyS20:DISTRICT_CITY_CENTERS4:TypeS8:DISTRICTS8:CanPlaceB1
Config CONFIGURATION_PLAYER, Key BTS_LocalPlayerRunningRotues (0xf17b5a0b), subtype 1, changed to T4:D1:1T9:S12:OriginCityIDD6:196610S12:TraderUnitIDD6:851976S14:TurnsRemainingD1:1S15:TradePathLengthD1:8S16:OriginCityPlayerD1:1S17:DestinationCityIDD5:65536S21:DestinationCityPlayerD1:1S22:OriginalTurnsRemainingD2:16S8:CacheKeyS16:1_196610_1_65536D1:2T9:S12:OriginCityIDD6:262147S12:TraderUnitIDD6:589830S14:TurnsRemainingD2:10S15:TradePathLengthD1:8S16:OriginCityPlayerD1:1S17:DestinationCityIDD5:65536S21:DestinationCityPlayerD1:1S22:OriginalTurnsRemainingD2:16S8:CacheKeyS16:1_262147_1_65536D1:3T9:S12:OriginCityIDD6:327684S12:TraderUnitIDD7:1572869S14:TurnsRemainingD1:9S15:TradePathLengthD1:7S16:OriginCityPlayerD1:1S17:DestinationCityIDD5:65536S21:DestinationCityPlayerD1:1S22:OriginalTurnsRemainingD2:14S8:CacheKeyS16:1_327684_1_65536D1:4T9:S12:OriginCityIDD6:393221S12:TraderUnitIDD7:1703950S14:TurnsRemainingD1:9S15:TradePathLengthD1:6S16:OriginCityPlayerD1:1S17:DestinationCityIDD5:65536S21:DestinationCityPlayerD1:1S22:OriginalTurnsRemainingD2:12S8:CacheKeyS16:1_393221_1_65536
Config CONFIGURATION_PLAYER, Key DMT_MapPinSubjects (0x57b07b7b), subtype 1, changed to T4:S5:72_53T9:S11:YieldStringS0:S12:YieldToolTipS0:S15:CanPlaceToolTipS0:S1:XD2:72S1:YD2:53S2:IdD1:7S3:KeyS20:DISTRICT_CITY_CENTERS4:TypeS8:DISTRICTS8:CanPlaceB1S5:74_48T9:S11:YieldStringS52:[ICON_Culture][COLOR:ResCultureLabelCS]+3[ENDCOLOR] S12:YieldToolTipS111:+2 [ICON_Culture] 文化值来自相邻区域。[NEWLINE]+1 [ICON_Culture] 文化值来自相邻市政广场。S15:CanPlaceToolTipS0:S1:XD2:74S1:YD2:48S2:IdD1:5S3:KeyS16:DISTRICT_THEATERS4:TypeS8:DISTRICTS8:CanPlaceB1S5:75_59T9:S11:YieldStringS0:S12:YieldToolTipS0:S15:CanPlaceToolTipS0:S1:XD2:75S1:YD2:59S2:IdD2:10S3:KeyS20:DISTRICT_CITY_CENTERS4:TypeS8:DISTRICTS8:CanPlaceB1S5:78_55T9:S11:YieldStringS0:S12:YieldToolTipS0:S15:CanPlaceToolTipS0:S1:XD2:78S1:YD2:55S2:IdD1:2S3:KeyS20:DISTRICT_CITY_CENTERS4:TypeS8:DISTRICTS8:CanPlaceB1
Config CONFIGURATION_PLAYER, Key BTS_LocalPlayerRunningRotues (0xf17b5a0b), subtype 1, changed to T3:D1:1T9:S12:OriginCityIDD6:262147S12:TraderUnitIDD6:589830S14:TurnsRemainingD2:10S15:TradePathLengthD1:8S16:OriginCityPlayerD1:1S17:DestinationCityIDD5:65536S21:DestinationCityPlayerD1:1S22:OriginalTurnsRemainingD2:16S8:CacheKeyS16:1_262147_1_65536D1:2T9:S12:OriginCityIDD6:327684S12:TraderUnitIDD7:1572869S14:TurnsRemainingD1:9S15:TradePathLengthD1:7S16:OriginCityPlayerD1:1S17:DestinationCityIDD5:65536S21:DestinationCityPlayerD1:1S22:OriginalTurnsRemainingD2:14S8:CacheKeyS16:1_327684_1_65536D1:3T9:S12:OriginCityIDD6:393221S12:TraderUnitIDD7:1703950S14:TurnsRemainingD1:9S15:TradePathLengthD1:6S16:OriginCityPlayerD1:1S17:DestinationCityIDD5:65536S21:DestinationCityPlayerD1:1S22:OriginalTurnsRemainingD2:12S8:CacheKeyS16:1_393221_1_65536
Config CONFIGURATION_PLAYER, Key BTS_LocalPlayerRunningRotues (0xf17b5a0b), subtype 1, changed to T3:D1:1T9:S12:OriginCityIDD6:262147S12:TraderUnitIDD6:589830S14:TurnsRemainingD1:9S15:TradePathLengthD1:8S16:OriginCityPlayerD1:1S17:DestinationCityIDD5:65536S21:DestinationCityPlayerD1:1S22:OriginalTurnsRemainingD2:16S8:CacheKeyS16:1_262147_1_65536D1:2T9:S12:OriginCityIDD6:327684S12:TraderUnitIDD7:1572869S14:TurnsRemainingD1:8S15:TradePathLengthD1:7S16:OriginCityPlayerD1:1S17:DestinationCityIDD5:65536S21:DestinationCityPlayerD1:1S22:OriginalTurnsRemainingD2:14S8:CacheKeyS16:1_327684_1_65536D1:3T9:S12:OriginCityIDD6:393221S12:TraderUnitIDD7:1703950S14:TurnsRemainingD1:8S15:TradePathLengthD1:6S16:OriginCityPlayerD1:1S17:DestinationCityIDD5:65536S21:DestinationCityPlayerD1:1S22:OriginalTurnsRemainingD2:12S8:CacheKeyS16:1_393221_1_65536
Config CONFIGURATION_PLAYER, Key BTS_LocalPlayerRunningRotues (0xf17b5a0b), subtype 1, changed to T4:D1:1T9:S12:OriginCityIDD6:262147S12:TraderUnitIDD6:589830S14:TurnsRemainingD1:9S15:TradePathLengthD1:8S16:OriginCityPlayerD1:1S17:DestinationCityIDD5:65536S21:DestinationCityPlayerD1:1S22:OriginalTurnsRemainingD2:16S8:CacheKeyS16:1_262147_1_65536D1:2T9:S12:OriginCityIDD6:327684S12:TraderUnitIDD7:1572869S14:TurnsRemainingD1:8S15:TradePathLengthD1:7S16:OriginCityPlayerD1:1S17:DestinationCityIDD5:65536S21:DestinationCityPlayerD1:1S22:OriginalTurnsRemainingD2:14S8:CacheKeyS16:1_327684_1_65536D1:3T9:S12:OriginCityIDD6:393221S12:TraderUnitIDD7:1703950S14:TurnsRemainingD1:8S15:TradePathLengthD1:6S16:OriginCityPlayerD1:1S17:DestinationCityIDD5:65536S21:DestinationCityPlayerD1:1S22:OriginalTurnsRemainingD2:12S8:CacheKeyS16:1_393221_1_65536D1:4T9:S12:OriginCityIDD6:196610S12:TraderUnitIDD6:851976S14:TurnsRemainingD2:16S15:TradePathLengthD1:8S16:OriginCityPlayerD1:1S17:DestinationCityIDD5:65536S21:DestinationCityPlayerD1:1S22:OriginalTurnsRemainingD2:16S8:CacheKeyS16:1_196610_1_65536
Config CONFIGURATION_PLAYER, Key DMT_MapPinSubjects (0x57b07b7b), subtype 1, changed to T5:S5:72_53T9:S11:YieldStringS0:S12:YieldToolTipS0:S15:CanPlaceToolTipS0:S1:XD2:72S1:YD2:53S2:IdD1:7S3:KeyS20:DISTRICT_CITY_CENTERS4:TypeS8:DISTRICTS8:CanPlaceB1S5:74_48T9:S11:YieldStringS52:[ICON_Culture][COLOR:ResCultureLabelCS]+3[ENDCOLOR] S12:YieldToolTipS111:+2 [ICON_Culture] 文化值来自相邻区域。[NEWLINE]+1 [ICON_Culture] 文化值来自相邻市政广场。S15:CanPlaceToolTipS0:S1:XD2:74S1:YD2:48S2:IdD1:5S3:KeyS16:DISTRICT_THEATERS4:TypeS8:DISTRICTS8:CanPlaceB1S5:75_59T9:S11:YieldStringS0:S12:YieldToolTipS0:S15:CanPlaceToolTipS0:S1:XD2:75S1:YD2:59S2:IdD2:10S3:KeyS20:DISTRICT_CITY_CENTERS4:TypeS8:DISTRICTS8:CanPlaceB1S5:78_55T9:S11:YieldStringS0:S12:YieldToolTipS0:S15:CanPlaceToolTipS0:S1:XD2:78S1:YD2:55S2:IdD1:2S3:KeyS20:DISTRICT_CITY_CENTERS4:TypeS8:DISTRICTS8:CanPlaceB1S5:81_48T9:S11:YieldStringS0:S12:YieldToolTipS0:S15:CanPlaceToolTipS0:S1:XD2:81S1:YD2:48S2:IdD1:3S3:KeyS17:DISTRICT_AQUEDUCTS4:TypeS8:DISTRICTS8:CanPlaceB1
Config CONFIGURATION_PLAYER, Key DMT_MapPinSubjects (0x57b07b7b), subtype 1, changed to T6:S5:72_53T9:S11:YieldStringS0:S12:YieldToolTipS0:S15:CanPlaceToolTipS0:S1:XD2:72S1:YD2:53S2:IdD1:7S3:KeyS20:DISTRICT_CITY_CENTERS4:TypeS8:DISTRICTS8:CanPlaceB1S5:74_48T9:S11:YieldStringS52:[ICON_Culture][COLOR:ResCultureLabelCS]+3[ENDCOLOR] S12:YieldToolTipS111:+2 [ICON_Culture] 文化值来自相邻区域。[NEWLINE]+1 [ICON_Culture] 文化值来自相邻市政广场。S15:CanPlaceToolTipS0:S1:XD2:74S1:YD2:48S2:IdD1:5S3:KeyS16:DISTRICT_THEATERS4:TypeS8:DISTRICTS8:CanPlaceB1S5:75_59T9:S11:YieldStringS0:S12:YieldToolTipS0:S15:CanPlaceToolTipS0:S1:XD2:75S1:YD2:59S2:IdD2:10S3:KeyS20:DISTRICT_CITY_CENTERS4:TypeS8:DISTRICTS8:CanPlaceB1S5:78_55T9:S11:YieldStringS0:S12:YieldToolTipS0:S15:CanPlaceToolTipS0:S1:XD2:78S1:YD2:55S2:IdD1:2S3:KeyS20:DISTRICT_CITY_CENTERS4:TypeS8:DISTRICTS8:CanPlaceB1S5:81_47T9:S11:YieldStringS58:[ICON_Production][COLOR:ResProductionLabelCS]+3[ENDCOLOR] S12:YieldToolTipS117:+1 [ICON_Production] 生产力来自相邻区域。[NEWLINE]相邻水渠区域提供+2 [ICON_PRODUCTION] 生产力。S15:CanPlaceToolTipS0:S1:XD2:81S1:YD2:47S2:IdD1:4S3:KeyS24:DISTRICT_INDUSTRIAL_ZONES4:TypeS8:DISTRICTS8:CanPlaceB1S5:81_48T9:S11:YieldStringS0:S12:YieldToolTipS0:S15:CanPlaceToolTipS0:S1:XD2:81S1:YD2:48S2:IdD1:3S3:KeyS17:DISTRICT_AQUEDUCTS4:TypeS8:DISTRICTS8:CanPlaceB1
Config CONFIGURATION_PLAYER, Key BTS_LocalPlayerRunningRotues (0xf17b5a0b), subtype 1, changed to T4:D1:1T9:S12:OriginCityIDD6:262147S12:TraderUnitIDD6:589830S14:TurnsRemainingD1:8S15:TradePathLengthD1:8S16:OriginCityPlayerD1:1S17:DestinationCityIDD5:65536S21:DestinationCityPlayerD1:1S22:OriginalTurnsRemainingD2:16S8:CacheKeyS16:1_262147_1_65536D1:2T9:S12:OriginCityIDD6:327684S12:TraderUnitIDD7:1572869S14:TurnsRemainingD1:7S15:TradePathLengthD1:7S16:OriginCityPlayerD1:1S17:DestinationCityIDD5:65536S21:DestinationCityPlayerD1:1S22:OriginalTurnsRemainingD2:14S8:CacheKeyS16:1_327684_1_65536D1:3T9:S12:OriginCityIDD6:393221S12:TraderUnitIDD7:1703950S14:TurnsRemainingD1:7S15:TradePathLengthD1:6S16:OriginCityPlayerD1:1S17:DestinationCityIDD5:65536S21:DestinationCityPlayerD1:1S22:OriginalTurnsRemainingD2:12S8:CacheKeyS16:1_393221_1_65536D1:4T9:S12:OriginCityIDD6:196610S12:TraderUnitIDD6:851976S14:TurnsRemainingD2:15S15:TradePathLengthD1:8S16:OriginCityPlayerD1:1S17:DestinationCityIDD5:65536S21:DestinationCityPlayerD1:1S22:OriginalTurnsRemainingD2:16S8:CacheKeyS16:1_196610_1_65536
Config CONFIGURATION_PLAYER, Key DMT_MapPinSubjects (0x57b07b7b), subtype 1, changed to T5:S5:72_53T9:S11:YieldStringS0:S12:YieldToolTipS0:S15:CanPlaceToolTipS0:S1:XD2:72S1:YD2:53S2:IdD1:7S3:KeyS20:DISTRICT_CITY_CENTERS4:TypeS8:DISTRICTS8:CanPlaceB1S5:74_48T9:S11:YieldStringS52:[ICON_Culture][COLOR:ResCultureLabelCS]+3[ENDCOLOR] S12:YieldToolTipS111:+2 [ICON_Culture] 文化值来自相邻区域。[NEWLINE]+1 [ICON_Culture] 文化值来自相邻市政广场。S15:CanPlaceToolTipS0:S1:XD2:74S1:YD2:48S2:IdD1:5S3:KeyS16:DISTRICT_THEATERS4:TypeS8:DISTRICTS8:CanPlaceB1S5:75_59T9:S11:YieldStringS0:S12:YieldToolTipS0:S15:CanPlaceToolTipS0:S1:XD2:75S1:YD2:59S2:IdD2:10S3:KeyS20:DISTRICT_CITY_CENTERS4:TypeS8:DISTRICTS8:CanPlaceB1S5:78_55T9:S11:YieldStringS0:S12:YieldToolTipS0:S15:CanPlaceToolTipS0:S1:XD2:78S1:YD2:55S2:IdD1:2S3:KeyS20:DISTRICT_CITY_CENTERS4:TypeS8:DISTRICTS8:CanPlaceB1S5:81_47T9:S11:YieldStringS58:[ICON_Production][COLOR:ResProductionLabelCS]+3[ENDCOLOR] S12:YieldToolTipS117:+1 [ICON_Production] 生产力来自相邻区域。[NEWLINE]相邻水渠区域提供+2 [ICON_PRODUCTION] 生产力。S15:CanPlaceToolTipS0:S1:XD2:81S1:YD2:47S2:IdD1:4S3:KeyS24:DISTRICT_INDUSTRIAL_ZONES4:TypeS8:DISTRICTS8:CanPlaceB1
Config CONFIGURATION_PLAYER, Key BTS_LocalPlayerRunningRotues (0xf17b5a0b), subtype 1, changed to T4:D1:1T9:S12:OriginCityIDD6:262147S12:TraderUnitIDD6:589830S14:TurnsRemainingD1:7S15:TradePathLengthD1:8S16:OriginCityPlayerD1:1S17:DestinationCityIDD5:65536S21:DestinationCityPlayerD1:1S22:OriginalTurnsRemainingD2:16S8:CacheKeyS16:1_262147_1_65536D1:2T9:S12:OriginCityIDD6:327684S12:TraderUnitIDD7:1572869S14:TurnsRemainingD1:6S15:TradePathLengthD1:7S16:OriginCityPlayerD1:1S17:DestinationCityIDD5:65536S21:DestinationCityPlayerD1:1S22:OriginalTurnsRemainingD2:14S8:CacheKeyS16:1_327684_1_65536D1:3T9:S12:OriginCityIDD6:393221S12:TraderUnitIDD7:1703950S14:TurnsRemainingD1:6S15:TradePathLengthD1:6S16:OriginCityPlayerD1:1S17:DestinationCityIDD5:65536S21:DestinationCityPlayerD1:1S22:OriginalTurnsRemainingD2:12S8:CacheKeyS16:1_393221_1_65536D1:4T9:S12:OriginCityIDD6:196610S12:TraderUnitIDD6:851976S14:TurnsRemainingD2:14S15:TradePathLengthD1:8S16:OriginCityPlayerD1:1S17:DestinationCityIDD5:65536S21:DestinationCityPlayerD1:1S22:OriginalTurnsRemainingD2:16S8:CacheKeyS16:1_196610_1_65536
Config CONFIGURATION_PLAYER, Key DMT_MapPinSubjects (0x57b07b7b), subtype 1, changed to T4:S5:72_53T9:S11:YieldStringS0:S12:YieldToolTipS0:S15:CanPlaceToolTipS0:S1:XD2:72S1:YD2:53S2:IdD1:7S3:KeyS20:DISTRICT_CITY_CENTERS4:TypeS8:DISTRICTS8:CanPlaceB1S5:74_48T9:S11:YieldStringS52:[ICON_Culture][COLOR:ResCultureLabelCS]+3[ENDCOLOR] S12:YieldToolTipS111:+2 [ICON_Culture] 文化值来自相邻区域。[NEWLINE]+1 [ICON_Culture] 文化值来自相邻市政广场。S15:CanPlaceToolTipS0:S1:XD2:74S1:YD2:48S2:IdD1:5S3:KeyS16:DISTRICT_THEATERS4:TypeS8:DISTRICTS8:CanPlaceB1S5:75_59T9:S11:YieldStringS0:S12:YieldToolTipS0:S15:CanPlaceToolTipS0:S1:XD2:75S1:YD2:59S2:IdD2:10S3:KeyS20:DISTRICT_CITY_CENTERS4:TypeS8:DISTRICTS8:CanPlaceB1S5:81_47T9:S11:YieldStringS58:[ICON_Production][COLOR:ResProductionLabelCS]+3[ENDCOLOR] S12:YieldToolTipS117:+1 [ICON_Production] 生产力来自相邻区域。[NEWLINE]相邻水渠区域提供+2 [ICON_PRODUCTION] 生产力。S15:CanPlaceToolTipS0:S1:XD2:81S1:YD2:47S2:IdD1:4S3:KeyS24:DISTRICT_INDUSTRIAL_ZONES4:TypeS8:DISTRICTS8:CanPlaceB1
Config CONFIGURATION_PLAYER, Key DMT_MapPinSubjects (0x57b07b7b), subtype 1, changed to T3:S5:72_53T9:S11:YieldStringS0:S12:YieldToolTipS0:S15:CanPlaceToolTipS0:S1:XD2:72S1:YD2:53S2:IdD1:7S3:KeyS20:DISTRICT_CITY_CENTERS4:TypeS8:DISTRICTS8:CanPlaceB1S5:74_48T9:S11:YieldStringS52:[ICON_Culture][COLOR:ResCultureLabelCS]+3[ENDCOLOR] S12:YieldToolTipS111:+2 [ICON_Culture] 文化值来自相邻区域。[NEWLINE]+1 [ICON_Culture] 文化值来自相邻市政广场。S15:CanPlaceToolTipS0:S1:XD2:74S1:YD2:48S2:IdD1:5S3:KeyS16:DISTRICT_THEATERS4:TypeS8:DISTRICTS8:CanPlaceB1S5:81_47T9:S11:YieldStringS58:[ICON_Production][COLOR:ResProductionLabelCS]+3[ENDCOLOR] S12:YieldToolTipS117:+1 [ICON_Production] 生产力来自相邻区域。[NEWLINE]相邻水渠区域提供+2 [ICON_PRODUCTION] 生产力。S15:CanPlaceToolTipS0:S1:XD2:81S1:YD2:47S2:IdD1:4S3:KeyS24:DISTRICT_INDUSTRIAL_ZONES4:TypeS8:DISTRICTS8:CanPlaceB1
Config CONFIGURATION_PLAYER, Key DMT_MapPinSubjects (0x57b07b7b), subtype 1, changed to T2:S5:74_48T9:S11:YieldStringS52:[ICON_Culture][COLOR:ResCultureLabelCS]+3[ENDCOLOR] S12:YieldToolTipS111:+2 [ICON_Culture] 文化值来自相邻区域。[NEWLINE]+1 [ICON_Culture] 文化值来自相邻市政广场。S15:CanPlaceToolTipS0:S1:XD2:74S1:YD2:48S2:IdD1:5S3:KeyS16:DISTRICT_THEATERS4:TypeS8:DISTRICTS8:CanPlaceB1S5:81_47T9:S11:YieldStringS58:[ICON_Production][COLOR:ResProductionLabelCS]+3[ENDCOLOR] S12:YieldToolTipS117:+1 [ICON_Production] 生产力来自相邻区域。[NEWLINE]相邻水渠区域提供+2 [ICON_PRODUCTION] 生产力。S15:CanPlaceToolTipS0:S1:XD2:81S1:YD2:47S2:IdD1:4S3:KeyS24:DISTRICT_INDUSTRIAL_ZONES4:TypeS8:DISTRICTS8:CanPlaceB1
Config CONFIGURATION_PLAYER, Key BTS_LocalPlayerRunningRotues (0xf17b5a0b), subtype 1, changed to T4:D1:1T9:S12:OriginCityIDD6:262147S12:TraderUnitIDD6:589830S14:TurnsRemainingD1:7S15:TradePathLengthD1:8S16:OriginCityPlayerD1:1S17:DestinationCityIDD5:65536S21:DestinationCityPlayerD1:1S22:OriginalTurnsRemainingD2:16S8:CacheKeyS16:1_262147_1_65536D1:2T9:S12:OriginCityIDD6:327684S12:TraderUnitIDD7:1572869S14:TurnsRemainingD1:6S15:TradePathLengthD1:7S16:OriginCityPlayerD1:1S17:DestinationCityIDD5:65536S21:DestinationCityPlayerD1:1S22:OriginalTurnsRemainingD2:14S8:CacheKeyS16:1_327684_1_65536D1:3T9:S12:OriginCityIDD6:393221S12:TraderUnitIDD7:1703950S14:TurnsRemainingD1:6S15:TradePathLengthD1:6S16:OriginCityPlayerD1:1S17:DestinationCityIDD5:65536S21:DestinationCityPlayerD1:1S22:OriginalTurnsRemainingD2:12S8:CacheKeyS16:1_393221_1_65536D1:4T9:S12:OriginCityIDD6:196610S12:TraderUnitIDD6:851976S14:TurnsRemainingD2:14S15:TradePathLengthD1:8S16:OriginCityPlayerD1:1S17:DestinationCityIDD5:65536S21:DestinationCityPlayerD1:1S22:OriginalTurnsRemainingD2:16S8:CacheKeyS16:1_196610_1_65536
Config CONFIGURATION_PLAYER, Key DMT_MapPinSubjects (0x57b07b7b), subtype 1, changed to T3:S5:72_52T9:S11:YieldStringS46:[ICON_Gold][COLOR:ResGoldLabelCS]+3[ENDCOLOR] S12:YieldToolTipS96:+1 [ICON_Gold] 金币来自相邻河流。[NEWLINE]相邻市中心区域+2 [ICON_Gold] 金币。S15:CanPlaceToolTipS0:S1:XD2:72S1:YD2:52S2:IdD1:2S3:KeyS23:DISTRICT_COMMERCIAL_HUBS4:TypeS8:DISTRICTS8:CanPlaceB1S5:74_48T9:S11:YieldStringS52:[ICON_Culture][COLOR:ResCultureLabelCS]+3[ENDCOLOR] S12:YieldToolTipS111:+2 [ICON_Culture] 文化值来自相邻区域。[NEWLINE]+1 [ICON_Culture] 文化值来自相邻市政广场。S15:CanPlaceToolTipS0:S1:XD2:74S1:YD2:48S2:IdD1:5S3:KeyS16:DISTRICT_THEATERS4:TypeS8:DISTRICTS8:CanPlaceB1S5:81_47T9:S11:YieldStringS58:[ICON_Production][COLOR:ResProductionLabelCS]+3[ENDCOLOR] S12:YieldToolTipS117:+1 [ICON_Production] 生产力来自相邻区域。[NEWLINE]相邻水渠区域提供+2 [ICON_PRODUCTION] 生产力。S15:CanPlaceToolTipS0:S1:XD2:81S1:YD2:47S2:IdD1:4S3:KeyS24:DISTRICT_INDUSTRIAL_ZONES4:TypeS8:DISTRICTS8:CanPlaceB1
Config CONFIGURATION_PLAYER, Key DMT_MapPinSubjects (0x57b07b7b), subtype 1, changed to T4:S5:71_53T9:S11:YieldStringS52:[ICON_Science][COLOR:ResScienceLabelCS]+3[ENDCOLOR] S12:YieldToolTipS114:+1 [ICON_Science] 科技值来自相邻区域。[NEWLINE]+2 [ICON_Science] 科技值来自相邻山脉单元格。S15:CanPlaceToolTipS0:S1:XD2:71S1:YD2:53S2:IdD1:3S3:KeyS15:DISTRICT_CAMPUSS4:TypeS8:DISTRICTS8:CanPlaceB1S5:72_52T9:S11:YieldStringS46:[ICON_Gold][COLOR:ResGoldLabelCS]+3[ENDCOLOR] S12:YieldToolTipS96:+1 [ICON_Gold] 金币来自相邻河流。[NEWLINE]相邻市中心区域+2 [ICON_Gold] 金币。S15:CanPlaceToolTipS0:S1:XD2:72S1:YD2:52S2:IdD1:2S3:KeyS23:DISTRICT_COMMERCIAL_HUBS4:TypeS8:DISTRICTS8:CanPlaceB1S5:74_48T9:S11:YieldStringS52:[ICON_Culture][COLOR:ResCultureLabelCS]+3[ENDCOLOR] S12:YieldToolTipS111:+2 [ICON_Culture] 文化值来自相邻区域。[NEWLINE]+1 [ICON_Culture] 文化值来自相邻市政广场。S15:CanPlaceToolTipS0:S1:XD2:74S1:YD2:48S2:IdD1:5S3:KeyS16:DISTRICT_THEATERS4:TypeS8:DISTRICTS8:CanPlaceB1S5:81_47T9:S11:YieldStringS58:[ICON_Production][COLOR:ResProductionLabelCS]+3[ENDCOLOR] S12:YieldToolTipS117:+1 [ICON_Production] 生产力来自相邻区域。[NEWLINE]相邻水渠区域提供+2 [ICON_PRODUCTION] 生产力。S15:CanPlaceToolTipS0:S1:XD2:81S1:YD2:47S2:IdD1:4S3:KeyS24:DISTRICT_INDUSTRIAL_ZONES4:TypeS8:DISTRICTS8:CanPlaceB1
Config CONFIGURATION_PLAYER, Key DMT_MapPinSubjects (0x57b07b7b), subtype 1, changed to T4:S5:71_53T9:S11:YieldStringS52:[ICON_Science][COLOR:ResScienceLabelCS]+3[ENDCOLOR] S12:YieldToolTipS114:+1 [ICON_Science] 科技值来自相邻区域。[NEWLINE]+2 [ICON_Science] 科技值来自相邻山脉单元格。S15:CanPlaceToolTipS0:S1:XD2:71S1:YD2:53S2:IdD1:3S3:KeyS15:DISTRICT_CAMPUSS4:TypeS8:DISTRICTS8:CanPlaceB1S5:72_52T9:S11:YieldStringS46:[ICON_Gold][COLOR:ResGoldLabelCS]+4[ENDCOLOR] S12:YieldToolTipS147:+1 [ICON_Gold] 金币来自相邻区域。[NEWLINE]+1 [ICON_Gold] 金币来自相邻河流。[NEWLINE]相邻市中心区域+2 [ICON_Gold] 金币。S15:CanPlaceToolTipS0:S1:XD2:72S1:YD2:52S2:IdD1:2S3:KeyS23:DISTRICT_COMMERCIAL_HUBS4:TypeS8:DISTRICTS8:CanPlaceB1S5:74_48T9:S11:YieldStringS52:[ICON_Culture][COLOR:ResCultureLabelCS]+3[ENDCOLOR] S12:YieldToolTipS111:+2 [ICON_Culture] 文化值来自相邻区域。[NEWLINE]+1 [ICON_Culture] 文化值来自相邻市政广场。S15:CanPlaceToolTipS0:S1:XD2:74S1:YD2:48S2:IdD1:5S3:KeyS16:DISTRICT_THEATERS4:TypeS8:DISTRICTS8:CanPlaceB1S5:81_47T9:S11:YieldStringS58:[ICON_Production][COLOR:ResProductionLabelCS]+3[ENDCOLOR] S12:YieldToolTipS117:+1 [ICON_Production] 生产力来自相邻区域。[NEWLINE]相邻水渠区域提供+2 [ICON_PRODUCTION] 生产力。S15:CanPlaceToolTipS0:S1:XD2:81S1:YD2:47S2:IdD1:4S3:KeyS24:DISTRICT_INDUSTRIAL_ZONES4:TypeS8:DISTRICTS8:CanPlaceB1
Config CONFIGURATION_PLAYER, Key BTS_LocalPlayerRunningRotues (0xf17b5a0b), subtype 1, changed to T4:D1:1T9:S12:OriginCityIDD6:262147S12:TraderUnitIDD6:589830S14:TurnsRemainingD1:6S15:TradePathLengthD1:8S16:OriginCityPlayerD1:1S17:DestinationCityIDD5:65536S21:DestinationCityPlayerD1:1S22:OriginalTurnsRemainingD2:16S8:CacheKeyS16:1_262147_1_65536D1:2T9:S12:OriginCityIDD6:327684S12:TraderUnitIDD7:1572869S14:TurnsRemainingD2:19S15:TradePathLengthD1:7S16:OriginCityPlayerD1:1S17:DestinationCityIDD5:65536S21:DestinationCityPlayerD1:1S22:OriginalTurnsRemainingD2:28S8:CacheKeyS16:1_327684_1_65536D1:3T9:S12:OriginCityIDD6:393221S12:TraderUnitIDD7:1703950S14:TurnsRemainingD2:17S15:TradePathLengthD1:6S16:OriginCityPlayerD1:1S17:DestinationCityIDD5:65536S21:DestinationCityPlayerD1:1S22:OriginalTurnsRemainingD2:24S8:CacheKeyS16:1_393221_1_65536D1:4T9:S12:OriginCityIDD6:196610S12:TraderUnitIDD6:851976S14:TurnsRemainingD2:13S15:TradePathLengthD1:8S16:OriginCityPlayerD1:1S17:DestinationCityIDD5:65536S21:DestinationCityPlayerD1:1S22:OriginalTurnsRemainingD2:16S8:CacheKeyS16:1_196610_1_65536
Config CONFIGURATION_PLAYER, Key DMT_MapPinSubjects (0x57b07b7b), subtype 1, changed to T3:S5:71_53T9:S11:YieldStringS52:[ICON_Science][COLOR:ResScienceLabelCS]+3[ENDCOLOR] S12:YieldToolTipS114:+1 [ICON_Science] 科技值来自相邻区域。[NEWLINE]+2 [ICON_Science] 科技值来自相邻山脉单元格。S15:CanPlaceToolTipS0:S1:XD2:71S1:YD2:53S2:IdD1:3S3:KeyS15:DISTRICT_CAMPUSS4:TypeS8:DISTRICTS8:CanPlaceB1S5:74_48T9:S11:YieldStringS52:[ICON_Culture][COLOR:ResCultureLabelCS]+3[ENDCOLOR] S12:YieldToolTipS111:+2 [ICON_Culture] 文化值来自相邻区域。[NEWLINE]+1 [ICON_Culture] 文化值来自相邻市政广场。S15:CanPlaceToolTipS0:S1:XD2:74S1:YD2:48S2:IdD1:5S3:KeyS16:DISTRICT_THEATERS4:TypeS8:DISTRICTS8:CanPlaceB1S5:81_47T9:S11:YieldStringS58:[ICON_Production][COLOR:ResProductionLabelCS]+3[ENDCOLOR] S12:YieldToolTipS117:+1 [ICON_Production] 生产力来自相邻区域。[NEWLINE]相邻水渠区域提供+2 [ICON_PRODUCTION] 生产力。S15:CanPlaceToolTipS0:S1:XD2:81S1:YD2:47S2:IdD1:4S3:KeyS24:DISTRICT_INDUSTRIAL_ZONES4:TypeS8:DISTRICTS8:CanPlaceB1
Config CONFIGURATION_PLAYER, Key BTS_LocalPlayerRunningRotues (0xf17b5a0b), subtype 1, changed to T5:D1:1T9:S12:OriginCityIDD6:262147S12:TraderUnitIDD6:589830S14:TurnsRemainingD1:6S15:TradePathLengthD1:8S16:OriginCityPlayerD1:1S17:DestinationCityIDD5:65536S21:DestinationCityPlayerD1:1S22:OriginalTurnsRemainingD2:16S8:CacheKeyS16:1_262147_1_65536D1:2T9:S12:OriginCityIDD6:327684S12:TraderUnitIDD7:1572869S14:TurnsRemainingD2:19S15:TradePathLengthD1:7S16:OriginCityPlayerD1:1S17:DestinationCityIDD5:65536S21:DestinationCityPlayerD1:1S22:OriginalTurnsRemainingD2:28S8:CacheKeyS16:1_327684_1_65536D1:3T9:S12:OriginCityIDD6:393221S12:TraderUnitIDD7:1703950S14:TurnsRemainingD2:17S15:TradePathLengthD1:6S16:OriginCityPlayerD1:1S17:DestinationCityIDD5:65536S21:DestinationCityPlayerD1:1S22:OriginalTurnsRemainingD2:24S8:CacheKeyS16:1_393221_1_65536D1:4T9:S12:OriginCityIDD6:196610S12:TraderUnitIDD6:851976S14:TurnsRemainingD2:13S15:TradePathLengthD1:8S16:OriginCityPlayerD1:1S17:DestinationCityIDD5:65536S21:DestinationCityPlayerD1:1S22:OriginalTurnsRemainingD2:16S8:CacheKeyS16:1_196610_1_65536D1:5T9:S12:OriginCityIDD6:524295S12:TraderUnitIDD7:2555917S14:TurnsRemainingD2:20S15:TradePathLengthD2:10S16:OriginCityPlayerD1:1S17:DestinationCityIDD5:65536S21:DestinationCityPlayerD1:1S22:OriginalTurnsRemainingD2:20S8:CacheKeyS16:1_524295_1_65536
Config CONFIGURATION_PLAYER, Key DMT_MapPinSubjects (0x57b07b7b), subtype 1, changed to T2:S5:71_53T9:S11:YieldStringS52:[ICON_Science][COLOR:ResScienceLabelCS]+3[ENDCOLOR] S12:YieldToolTipS114:+1 [ICON_Science] 科技值来自相邻区域。[NEWLINE]+2 [ICON_Science] 科技值来自相邻山脉单元格。S15:CanPlaceToolTipS0:S1:XD2:71S1:YD2:53S2:IdD1:3S3:KeyS15:DISTRICT_CAMPUSS4:TypeS8:DISTRICTS8:CanPlaceB1S5:74_48T9:S11:YieldStringS52:[ICON_Culture][COLOR:ResCultureLabelCS]+3[ENDCOLOR] S12:YieldToolTipS111:+2 [ICON_Culture] 文化值来自相邻区域。[NEWLINE]+1 [ICON_Culture] 文化值来自相邻市政广场。S15:CanPlaceToolTipS0:S1:XD2:74S1:YD2:48S2:IdD1:5S3:KeyS16:DISTRICT_THEATERS4:TypeS8:DISTRICTS8:CanPlaceB1
Config CONFIGURATION_PLAYER, Key BTS_LocalPlayerRunningRotues (0xf17b5a0b), subtype 1, changed to T6:D1:1T9:S12:OriginCityIDD6:262147S12:TraderUnitIDD6:589830S14:TurnsRemainingD1:6S15:TradePathLengthD1:8S16:OriginCityPlayerD1:1S17:DestinationCityIDD5:65536S21:DestinationCityPlayerD1:1S22:OriginalTurnsRemainingD2:16S8:CacheKeyS16:1_262147_1_65536D1:2T9:S12:OriginCityIDD6:327684S12:TraderUnitIDD7:1572869S14:TurnsRemainingD2:19S15:TradePathLengthD1:7S16:OriginCityPlayerD1:1S17:DestinationCityIDD5:65536S21:DestinationCityPlayerD1:1S22:OriginalTurnsRemainingD2:28S8:CacheKeyS16:1_327684_1_65536D1:3T9:S12:OriginCityIDD6:393221S12:TraderUnitIDD7:1703950S14:TurnsRemainingD2:17S15:TradePathLengthD1:6S16:OriginCityPlayerD1:1S17:DestinationCityIDD5:65536S21:DestinationCityPlayerD1:1S22:OriginalTurnsRemainingD2:24S8:CacheKeyS16:1_393221_1_65536D1:4T9:S12:OriginCityIDD6:196610S12:TraderUnitIDD6:851976S14:TurnsRemainingD2:13S15:TradePathLengthD1:8S16:OriginCityPlayerD1:1S17:DestinationCityIDD5:65536S21:DestinationCityPlayerD1:1S22:OriginalTurnsRemainingD2:16S8:CacheKeyS16:1_196610_1_65536D1:5T9:S12:OriginCityIDD6:524295S12:TraderUnitIDD7:2555917S14:TurnsRemainingD2:20S15:TradePathLengthD2:10S16:OriginCityPlayerD1:1S17:DestinationCityIDD5:65536S21:DestinationCityPlayerD1:1S22:OriginalTurnsRemainingD2:20S8:CacheKeyS16:1_524295_1_65536D1:6T9:S12:OriginCityIDD6:458758S12:TraderUnitIDD7:2490385S14:TurnsRemainingD2:22S15:TradePathLengthD2:11S16:OriginCityPlayerD1:1S17:DestinationCityIDD5:65536S21:DestinationCityPlayerD1:1S22:OriginalTurnsRemainingD2:22S8:CacheKeyS16:1_458758_1_65536
Config CONFIGURATION_PLAYER, Key BTS_LocalPlayerRunningRotues (0xf17b5a0b), subtype 1, changed to T6:D1:1T9:S12:OriginCityIDD6:262147S12:TraderUnitIDD6:589830S14:TurnsRemainingD1:6S15:TradePathLengthD1:8S16:OriginCityPlayerD1:1S17:DestinationCityIDD5:65536S21:DestinationCityPlayerD1:1S22:OriginalTurnsRemainingD2:16S8:CacheKeyS16:1_262147_1_65536D1:2T9:S12:OriginCityIDD6:327684S12:TraderUnitIDD7:1572869S14:TurnsRemainingD2:19S15:TradePathLengthD1:7S16:OriginCityPlayerD1:1S17:DestinationCityIDD5:65536S21:DestinationCityPlayerD1:1S22:OriginalTurnsRemainingD2:28S8:CacheKeyS16:1_327684_1_65536D1:3T9:S12:OriginCityIDD6:393221S12:TraderUnitIDD7:1703950S14:TurnsRemainingD2:17S15:TradePathLengthD1:6S16:OriginCityPlayerD1:1S17:DestinationCityIDD5:65536S21:DestinationCityPlayerD1:1S22:OriginalTurnsRemainingD2:24S8:CacheKeyS16:1_393221_1_65536D1:4T9:S12:OriginCityIDD6:196610S12:TraderUnitIDD6:851976S14:TurnsRemainingD2:13S15:TradePathLengthD1:8S16:OriginCityPlayerD1:1S17:DestinationCityIDD5:65536S21:DestinationCityPlayerD1:1S22:OriginalTurnsRemainingD2:16S8:CacheKeyS16:1_196610_1_65536D1:5T9:S12:OriginCityIDD6:524295S12:TraderUnitIDD7:2555917S14:TurnsRemainingD2:20S15:TradePathLengthD2:10S16:OriginCityPlayerD1:1S17:DestinationCityIDD5:65536S21:DestinationCityPlayerD1:1S22:OriginalTurnsRemainingD2:20S8:CacheKeyS16:1_524295_1_65536D1:6T9:S12:OriginCityIDD6:458758S12:TraderUnitIDD7:2490385S14:TurnsRemainingD2:22S15:TradePathLengthD2:11S16:OriginCityPlayerD1:1S17:DestinationCityIDD5:65536S21:DestinationCityPlayerD1:1S22:OriginalTurnsRemainingD2:22S8:CacheKeyS16:1_458758_1_65536
Config CONFIGURATION_PLAYER, Key BTS_LocalPlayerRunningRotues (0xf17b5a0b), subtype 1, changed to T6:D1:1T9:S12:OriginCityIDD6:262147S12:TraderUnitIDD6:589830S14:TurnsRemainingD1:5S15:TradePathLengthD1:8S16:OriginCityPlayerD1:1S17:DestinationCityIDD5:65536S21:DestinationCityPlayerD1:1S22:OriginalTurnsRemainingD2:16S8:CacheKeyS16:1_262147_1_65536D1:2T9:S12:OriginCityIDD6:327684S12:TraderUnitIDD7:1572869S14:TurnsRemainingD2:18S15:TradePathLengthD1:7S16:OriginCityPlayerD1:1S17:DestinationCityIDD5:65536S21:DestinationCityPlayerD1:1S22:OriginalTurnsRemainingD2:28S8:CacheKeyS16:1_327684_1_65536D1:3T9:S12:OriginCityIDD6:393221S12:TraderUnitIDD7:1703950S14:TurnsRemainingD2:16S15:TradePathLengthD1:6S16:OriginCityPlayerD1:1S17:DestinationCityIDD5:65536S21:DestinationCityPlayerD1:1S22:OriginalTurnsRemainingD2:24S8:CacheKeyS16:1_393221_1_65536D1:4T9:S12:OriginCityIDD6:196610S12:TraderUnitIDD6:851976S14:TurnsRemainingD2:12S15:TradePathLengthD1:8S16:OriginCityPlayerD1:1S17:DestinationCityIDD5:65536S21:DestinationCityPlayerD1:1S22:OriginalTurnsRemainingD2:16S8:CacheKeyS16:1_196610_1_65536D1:5T9:S12:OriginCityIDD6:524295S12:TraderUnitIDD7:2555917S14:TurnsRemainingD2:19S15:TradePathLengthD2:10S16:OriginCityPlayerD1:1S17:DestinationCityIDD5:65536S21:DestinationCityPlayerD1:1S22:OriginalTurnsRemainingD2:20S8:CacheKeyS16:1_524295_1_65536D1:6T9:S12:OriginCityIDD6:458758S12:TraderUnitIDD7:2490385S14:TurnsRemainingD2:21S15:TradePathLengthD2:11S16:OriginCityPlayerD1:1S17:DestinationCityIDD5:65536S21:DestinationCityPlayerD1:1S22:OriginalTurnsRemainingD2:22S8:CacheKeyS16:1_458758_1_65536
Config CONFIGURATION_PLAYER, Key DMT_MapPinSubjects (0x57b07b7b), subtype 1, changed to T1:S5:71_53T9:S11:YieldStringS52:[ICON_Science][COLOR:ResScienceLabelCS]+3[ENDCOLOR] S12:YieldToolTipS114:+1 [ICON_Science] 科技值来自相邻区域。[NEWLINE]+2 [ICON_Science] 科技值来自相邻山脉单元格。S15:CanPlaceToolTipS0:S1:XD2:71S1:YD2:53S2:IdD1:3S3:KeyS15:DISTRICT_CAMPUSS4:TypeS8:DISTRICTS8:CanPlaceB1
Config CONFIGURATION_PLAYER, Key BTS_LocalPlayerRunningRotues (0xf17b5a0b), subtype 1, changed to T6:D1:1T9:S12:OriginCityIDD6:262147S12:TraderUnitIDD6:589830S14:TurnsRemainingD1:5S15:TradePathLengthD1:8S16:OriginCityPlayerD1:1S17:DestinationCityIDD5:65536S21:DestinationCityPlayerD1:1S22:OriginalTurnsRemainingD2:16S8:CacheKeyS16:1_262147_1_65536D1:2T9:S12:OriginCityIDD6:327684S12:TraderUnitIDD7:1572869S14:TurnsRemainingD2:18S15:TradePathLengthD1:7S16:OriginCityPlayerD1:1S17:DestinationCityIDD5:65536S21:DestinationCityPlayerD1:1S22:OriginalTurnsRemainingD2:28S8:CacheKeyS16:1_327684_1_65536D1:3T9:S12:OriginCityIDD6:393221S12:TraderUnitIDD7:1703950S14:TurnsRemainingD2:16S15:TradePathLengthD1:6S16:OriginCityPlayerD1:1S17:DestinationCityIDD5:65536S21:DestinationCityPlayerD1:1S22:OriginalTurnsRemainingD2:24S8:CacheKeyS16:1_393221_1_65536D1:4T9:S12:OriginCityIDD6:196610S12:TraderUnitIDD6:851976S14:TurnsRemainingD2:12S15:TradePathLengthD1:8S16:OriginCityPlayerD1:1S17:DestinationCityIDD5:65536S21:DestinationCityPlayerD1:1S22:OriginalTurnsRemainingD2:16S8:CacheKeyS16:1_196610_1_65536D1:5T9:S12:OriginCityIDD6:524295S12:TraderUnitIDD7:2555917S14:TurnsRemainingD2:19S15:TradePathLengthD2:10S16:OriginCityPlayerD1:1S17:DestinationCityIDD5:65536S21:DestinationCityPlayerD1:1S22:OriginalTurnsRemainingD2:20S8:CacheKeyS16:1_524295_1_65536D1:6T9:S12:OriginCityIDD6:458758S12:TraderUnitIDD7:2490385S14:TurnsRemainingD2:21S15:TradePathLengthD2:11S16:OriginCityPlayerD1:1S17:DestinationCityIDD5:65536S21:DestinationCityPlayerD1:1S22:OriginalTurnsRemainingD2:22S8:CacheKeyS16:1_458758_1_65536
Config CONFIGURATION_PLAYER, Key BTS_LocalPlayerRunningRotues (0xf17b5a0b), subtype 1, changed to T6:D1:1T9:S12:OriginCityIDD6:262147S12:TraderUnitIDD6:589830S14:TurnsRemainingD1:5S15:TradePathLengthD1:8S16:OriginCityPlayerD1:1S17:DestinationCityIDD5:65536S21:DestinationCityPlayerD1:1S22:OriginalTurnsRemainingD2:16S8:CacheKeyS16:1_262147_1_65536D1:2T9:S12:OriginCityIDD6:327684S12:TraderUnitIDD7:1572869S14:TurnsRemainingD2:18S15:TradePathLengthD1:7S16:OriginCityPlayerD1:1S17:DestinationCityIDD5:65536S21:DestinationCityPlayerD1:1S22:OriginalTurnsRemainingD2:28S8:CacheKeyS16:1_327684_1_65536D1:3T9:S12:OriginCityIDD6:393221S12:TraderUnitIDD7:1703950S14:TurnsRemainingD2:16S15:TradePathLengthD1:6S16:OriginCityPlayerD1:1S17:DestinationCityIDD5:65536S21:DestinationCityPlayerD1:1S22:OriginalTurnsRemainingD2:24S8:CacheKeyS16:1_393221_1_65536D1:4T9:S12:OriginCityIDD6:196610S12:TraderUnitIDD6:851976S14:TurnsRemainingD2:12S15:TradePathLengthD1:8S16:OriginCityPlayerD1:1S17:DestinationCityIDD5:65536S21:DestinationCityPlayerD1:1S22:OriginalTurnsRemainingD2:16S8:CacheKeyS16:1_196610_1_65536D1:5T9:S12:OriginCityIDD6:524295S12:TraderUnitIDD7:2555917S14:TurnsRemainingD2:19S15:TradePathLengthD2:10S16:OriginCityPlayerD1:1S17:DestinationCityIDD5:65536S21:DestinationCityPlayerD1:1S22:OriginalTurnsRemainingD2:20S8:CacheKeyS16:1_524295_1_65536D1:6T9:S12:OriginCityIDD6:458758S12:TraderUnitIDD7:2490385S14:TurnsRemainingD2:21S15:TradePathLengthD2:11S16:OriginCityPlayerD1:1S17:DestinationCityIDD5:65536S21:DestinationCityPlayerD1:1S22:OriginalTurnsRemainingD2:22S8:CacheKeyS16:1_458758_1_65536
Config CONFIGURATION_PLAYER, Key BTS_LocalPlayerRunningRotues (0xf17b5a0b), subtype 1, changed to T6:D1:1T9:S12:OriginCityIDD6:262147S12:TraderUnitIDD6:589830S14:TurnsRemainingD1:4S15:TradePathLengthD1:8S16:OriginCityPlayerD1:1S17:DestinationCityIDD5:65536S21:DestinationCityPlayerD1:1S22:OriginalTurnsRemainingD2:16S8:CacheKeyS16:1_262147_1_65536D1:2T9:S12:OriginCityIDD6:327684S12:TraderUnitIDD7:1572869S14:TurnsRemainingD2:17S15:TradePathLengthD1:7S16:OriginCityPlayerD1:1S17:DestinationCityIDD5:65536S21:DestinationCityPlayerD1:1S22:OriginalTurnsRemainingD2:28S8:CacheKeyS16:1_327684_1_65536D1:3T9:S12:OriginCityIDD6:393221S12:TraderUnitIDD7:1703950S14:TurnsRemainingD2:15S15:TradePathLengthD1:6S16:OriginCityPlayerD1:1S17:DestinationCityIDD5:65536S21:DestinationCityPlayerD1:1S22:OriginalTurnsRemainingD2:24S8:CacheKeyS16:1_393221_1_65536D1:4T9:S12:OriginCityIDD6:196610S12:TraderUnitIDD6:851976S14:TurnsRemainingD2:11S15:TradePathLengthD1:8S16:OriginCityPlayerD1:1S17:DestinationCityIDD5:65536S21:DestinationCityPlayerD1:1S22:OriginalTurnsRemainingD2:16S8:CacheKeyS16:1_196610_1_65536D1:5T9:S12:OriginCityIDD6:524295S12:TraderUnitIDD7:2555917S14:TurnsRemainingD2:18S15:TradePathLengthD2:10S16:OriginCityPlayerD1:1S17:DestinationCityIDD5:65536S21:DestinationCityPlayerD1:1S22:OriginalTurnsRemainingD2:20S8:CacheKeyS16:1_524295_1_65536D1:6T9:S12:OriginCityIDD6:458758S12:TraderUnitIDD7:2490385S14:TurnsRemainingD2:20S15:TradePathLengthD2:11S16:OriginCityPlayerD1:1S17:DestinationCityIDD5:65536S21:DestinationCityPlayerD1:1S22:OriginalTurnsRemainingD2:22S8:CacheKeyS16:1_458758_1_65536
Config CONFIGURATION_PLAYER, Key BTS_LocalPlayerRunningRotues (0xf17b5a0b), subtype 1, changed to T7:D1:1T9:S12:OriginCityIDD6:262147S12:TraderUnitIDD6:589830S14:TurnsRemainingD1:4S15:TradePathLengthD1:8S16:OriginCityPlayerD1:1S17:DestinationCityIDD5:65536S21:DestinationCityPlayerD1:1S22:OriginalTurnsRemainingD2:16S8:CacheKeyS16:1_262147_1_65536D1:2T9:S12:OriginCityIDD6:327684S12:TraderUnitIDD7:1572869S14:TurnsRemainingD2:17S15:TradePathLengthD1:7S16:OriginCityPlayerD1:1S17:DestinationCityIDD5:65536S21:DestinationCityPlayerD1:1S22:OriginalTurnsRemainingD2:28S8:CacheKeyS16:1_327684_1_65536D1:3T9:S12:OriginCityIDD6:393221S12:TraderUnitIDD7:1703950S14:TurnsRemainingD2:15S15:TradePathLengthD1:6S16:OriginCityPlayerD1:1S17:DestinationCityIDD5:65536S21:DestinationCityPlayerD1:1S22:OriginalTurnsRemainingD2:24S8:CacheKeyS16:1_393221_1_65536D1:4T9:S12:OriginCityIDD6:196610S12:TraderUnitIDD6:851976S14:TurnsRemainingD2:11S15:TradePathLengthD1:8S16:OriginCityPlayerD1:1S17:DestinationCityIDD5:65536S21:DestinationCityPlayerD1:1S22:OriginalTurnsRemainingD2:16S8:CacheKeyS16:1_196610_1_65536D1:5T9:S12:OriginCityIDD6:524295S12:TraderUnitIDD7:2555917S14:TurnsRemainingD2:18S15:TradePathLengthD2:10S16:OriginCityPlayerD1:1S17:DestinationCityIDD5:65536S21:DestinationCityPlayerD1:1S22:OriginalTurnsRemainingD2:20S8:CacheKeyS16:1_524295_1_65536D1:6T9:S12:OriginCityIDD6:458758S12:TraderUnitIDD7:2490385S14:TurnsRemainingD2:20S15:TradePathLengthD2:11S16:OriginCityPlayerD1:1S17:DestinationCityIDD5:65536S21:DestinationCityPlayerD1:1S22:OriginalTurnsRemainingD2:22S8:CacheKeyS16:1_458758_1_65536D1:7T9:S12:OriginCityIDD6:327684S12:TraderUnitIDD7:2752528S14:TurnsRemainingD2:16S15:TradePathLengthD1:8S16:OriginCityPlayerD1:1S17:DestinationCityIDD6:131073S21:DestinationCityPlayerD1:2S22:OriginalTurnsRemainingD2:16S8:CacheKeyS17:1_327684_2_131073
Config CONFIGURATION_PLAYER, Key BTS_LocalPlayerRunningRotues (0xf17b5a0b), subtype 1, changed to T7:D1:1T9:S12:OriginCityIDD6:262147S12:TraderUnitIDD6:589830S14:TurnsRemainingD1:4S15:TradePathLengthD1:8S16:OriginCityPlayerD1:1S17:DestinationCityIDD5:65536S21:DestinationCityPlayerD1:1S22:OriginalTurnsRemainingD2:16S8:CacheKeyS16:1_262147_1_65536D1:2T9:S12:OriginCityIDD6:327684S12:TraderUnitIDD7:1572869S14:TurnsRemainingD2:17S15:TradePathLengthD1:7S16:OriginCityPlayerD1:1S17:DestinationCityIDD5:65536S21:DestinationCityPlayerD1:1S22:OriginalTurnsRemainingD2:28S8:CacheKeyS16:1_327684_1_65536D1:3T9:S12:OriginCityIDD6:393221S12:TraderUnitIDD7:1703950S14:TurnsRemainingD2:15S15:TradePathLengthD1:6S16:OriginCityPlayerD1:1S17:DestinationCityIDD5:65536S21:DestinationCityPlayerD1:1S22:OriginalTurnsRemainingD2:24S8:CacheKeyS16:1_393221_1_65536D1:4T9:S12:OriginCityIDD6:196610S12:TraderUnitIDD6:851976S14:TurnsRemainingD2:11S15:TradePathLengthD1:8S16:OriginCityPlayerD1:1S17:DestinationCityIDD5:65536S21:DestinationCityPlayerD1:1S22:OriginalTurnsRemainingD2:16S8:CacheKeyS16:1_196610_1_65536D1:5T9:S12:OriginCityIDD6:524295S12:TraderUnitIDD7:2555917S14:TurnsRemainingD2:18S15:TradePathLengthD2:10S16:OriginCityPlayerD1:1S17:DestinationCityIDD5:65536S21:DestinationCityPlayerD1:1S22:OriginalTurnsRemainingD2:20S8:CacheKeyS16:1_524295_1_65536D1:6T9:S12:OriginCityIDD6:458758S12:TraderUnitIDD7:2490385S14:TurnsRemainingD2:20S15:TradePathLengthD2:11S16:OriginCityPlayerD1:1S17:DestinationCityIDD5:65536S21:DestinationCityPlayerD1:1S22:OriginalTurnsRemainingD2:22S8:CacheKeyS16:1_458758_1_65536D1:7T9:S12:OriginCityIDD6:327684S12:TraderUnitIDD7:2752528S14:TurnsRemainingD2:16S15:TradePathLengthD1:8S16:OriginCityPlayerD1:1S17:DestinationCityIDD6:131073S21:DestinationCityPlayerD1:2S22:OriginalTurnsRemainingD2:16S8:CacheKeyS17:1_327684_2_131073
Config CONFIGURATION_PLAYER, Key BTS_LocalPlayerRunningRotues (0xf17b5a0b), subtype 1, changed to T7:D1:1T9:S12:OriginCityIDD6:262147S12:TraderUnitIDD6:589830S14:TurnsRemainingD1:4S15:TradePathLengthD1:8S16:OriginCityPlayerD1:1S17:DestinationCityIDD5:65536S21:DestinationCityPlayerD1:1S22:OriginalTurnsRemainingD2:16S8:CacheKeyS16:1_262147_1_65536D1:2T9:S12:OriginCityIDD6:327684S12:TraderUnitIDD7:1572869S14:TurnsRemainingD2:17S15:TradePathLengthD1:7S16:OriginCityPlayerD1:1S17:DestinationCityIDD5:65536S21:DestinationCityPlayerD1:1S22:OriginalTurnsRemainingD2:28S8:CacheKeyS16:1_327684_1_65536D1:3T9:S12:OriginCityIDD6:393221S12:TraderUnitIDD7:1703950S14:TurnsRemainingD2:15S15:TradePathLengthD1:6S16:OriginCityPlayerD1:1S17:DestinationCityIDD5:65536S21:DestinationCityPlayerD1:1S22:OriginalTurnsRemainingD2:24S8:CacheKeyS16:1_393221_1_65536D1:4T9:S12:OriginCityIDD6:196610S12:TraderUnitIDD6:851976S14:TurnsRemainingD2:11S15:TradePathLengthD1:8S16:OriginCityPlayerD1:1S17:DestinationCityIDD5:65536S21:DestinationCityPlayerD1:1S22:OriginalTurnsRemainingD2:16S8:CacheKeyS16:1_196610_1_65536D1:5T9:S12:OriginCityIDD6:524295S12:TraderUnitIDD7:2555917S14:TurnsRemainingD2:18S15:TradePathLengthD2:10S16:OriginCityPlayerD1:1S17:DestinationCityIDD5:65536S21:DestinationCityPlayerD1:1S22:OriginalTurnsRemainingD2:20S8:CacheKeyS16:1_524295_1_65536D1:6T9:S12:OriginCityIDD6:458758S12:TraderUnitIDD7:2490385S14:TurnsRemainingD2:20S15:TradePathLengthD2:11S16:OriginCityPlayerD1:1S17:DestinationCityIDD5:65536S21:DestinationCityPlayerD1:1S22:OriginalTurnsRemainingD2:22S8:CacheKeyS16:1_458758_1_65536D1:7T9:S12:OriginCityIDD6:327684S12:TraderUnitIDD7:2752528S14:TurnsRemainingD2:16S15:TradePathLengthD1:8S16:OriginCityPlayerD1:1S17:DestinationCityIDD6:131073S21:DestinationCityPlayerD1:2S22:OriginalTurnsRemainingD2:16S8:CacheKeyS17:1_327684_2_131073
Config CONFIGURATION_PLAYER, Key BTS_LocalPlayerRunningRotues (0xf17b5a0b), subtype 1, changed to T7:D1:1T9:S12:OriginCityIDD6:262147S12:TraderUnitIDD6:589830S14:TurnsRemainingD1:3S15:TradePathLengthD1:8S16:OriginCityPlayerD1:1S17:DestinationCityIDD5:65536S21:DestinationCityPlayerD1:1S22:OriginalTurnsRemainingD2:16S8:CacheKeyS16:1_262147_1_65536D1:2T9:S12:OriginCityIDD6:327684S12:TraderUnitIDD7:1572869S14:TurnsRemainingD2:16S15:TradePathLengthD1:7S16:OriginCityPlayerD1:1S17:DestinationCityIDD5:65536S21:DestinationCityPlayerD1:1S22:OriginalTurnsRemainingD2:28S8:CacheKeyS16:1_327684_1_65536D1:3T9:S12:OriginCityIDD6:393221S12:TraderUnitIDD7:1703950S14:TurnsRemainingD2:14S15:TradePathLengthD1:6S16:OriginCityPlayerD1:1S17:DestinationCityIDD5:65536S21:DestinationCityPlayerD1:1S22:OriginalTurnsRemainingD2:24S8:CacheKeyS16:1_393221_1_65536D1:4T9:S12:OriginCityIDD6:196610S12:TraderUnitIDD6:851976S14:TurnsRemainingD2:10S15:TradePathLengthD1:8S16:OriginCityPlayerD1:1S17:DestinationCityIDD5:65536S21:DestinationCityPlayerD1:1S22:OriginalTurnsRemainingD2:16S8:CacheKeyS16:1_196610_1_65536D1:5T9:S12:OriginCityIDD6:524295S12:TraderUnitIDD7:2555917S14:TurnsRemainingD2:17S15:TradePathLengthD2:10S16:OriginCityPlayerD1:1S17:DestinationCityIDD5:65536S21:DestinationCityPlayerD1:1S22:OriginalTurnsRemainingD2:20S8:CacheKeyS16:1_524295_1_65536D1:6T9:S12:OriginCityIDD6:458758S12:TraderUnitIDD7:2490385S14:TurnsRemainingD2:19S15:TradePathLengthD2:11S16:OriginCityPlayerD1:1S17:DestinationCityIDD5:65536S21:DestinationCityPlayerD1:1S22:OriginalTurnsRemainingD2:22S8:CacheKeyS16:1_458758_1_65536D1:7T9:S12:OriginCityIDD6:327684S12:TraderUnitIDD7:2752528S14:TurnsRemainingD2:15S15:TradePathLengthD1:8S16:OriginCityPlayerD1:1S17:DestinationCityIDD6:131073S21:DestinationCityPlayerD1:2S22:OriginalTurnsRemainingD2:16S8:CacheKeyS17:1_327684_2_131073
Config CONFIGURATION_PLAYER, Key BTS_LocalPlayerRunningRotues (0xf17b5a0b), subtype 1, changed to T7:D1:1T9:S12:OriginCityIDD6:262147S12:TraderUnitIDD6:589830S14:TurnsRemainingD1:3S15:TradePathLengthD1:8S16:OriginCityPlayerD1:1S17:DestinationCityIDD5:65536S21:DestinationCityPlayerD1:1S22:OriginalTurnsRemainingD2:16S8:CacheKeyS16:1_262147_1_65536D1:2T9:S12:OriginCityIDD6:327684S12:TraderUnitIDD7:1572869S14:TurnsRemainingD2:16S15:TradePathLengthD1:7S16:OriginCityPlayerD1:1S17:DestinationCityIDD5:65536S21:DestinationCityPlayerD1:1S22:OriginalTurnsRemainingD2:28S8:CacheKeyS16:1_327684_1_65536D1:3T9:S12:OriginCityIDD6:393221S12:TraderUnitIDD7:1703950S14:TurnsRemainingD2:14S15:TradePathLengthD1:6S16:OriginCityPlayerD1:1S17:DestinationCityIDD5:65536S21:DestinationCityPlayerD1:1S22:OriginalTurnsRemainingD2:24S8:CacheKeyS16:1_393221_1_65536D1:4T9:S12:OriginCityIDD6:196610S12:TraderUnitIDD6:851976S14:TurnsRemainingD2:10S15:TradePathLengthD1:8S16:OriginCityPlayerD1:1S17:DestinationCityIDD5:65536S21:DestinationCityPlayerD1:1S22:OriginalTurnsRemainingD2:16S8:CacheKeyS16:1_196610_1_65536D1:5T9:S12:OriginCityIDD6:524295S12:TraderUnitIDD7:2555917S14:TurnsRemainingD2:17S15:TradePathLengthD2:10S16:OriginCityPlayerD1:1S17:DestinationCityIDD5:65536S21:DestinationCityPlayerD1:1S22:OriginalTurnsRemainingD2:20S8:CacheKeyS16:1_524295_1_65536D1:6T9:S12:OriginCityIDD6:458758S12:TraderUnitIDD7:2490385S14:TurnsRemainingD2:19S15:TradePathLengthD2:11S16:OriginCityPlayerD1:1S17:DestinationCityIDD5:65536S21:DestinationCityPlayerD1:1S22:OriginalTurnsRemainingD2:22S8:CacheKeyS16:1_458758_1_65536D1:7T9:S12:OriginCityIDD6:327684S12:TraderUnitIDD7:2752528S14:TurnsRemainingD2:15S15:TradePathLengthD1:8S16:OriginCityPlayerD1:1S17:DestinationCityIDD6:131073S21:DestinationCityPlayerD1:2S22:OriginalTurnsRemainingD2:16S8:CacheKeyS17:1_327684_2_131073
Config CONFIGURATION_PLAYER, Key BTS_LocalPlayerRunningRotues (0xf17b5a0b), subtype 1, changed to T7:D1:1T9:S12:OriginCityIDD6:262147S12:TraderUnitIDD6:589830S14:TurnsRemainingD1:3S15:TradePathLengthD1:8S16:OriginCityPlayerD1:1S17:DestinationCityIDD5:65536S21:DestinationCityPlayerD1:1S22:OriginalTurnsRemainingD2:16S8:CacheKeyS16:1_262147_1_65536D1:2T9:S12:OriginCityIDD6:327684S12:TraderUnitIDD7:1572869S14:TurnsRemainingD2:16S15:TradePathLengthD1:7S16:OriginCityPlayerD1:1S17:DestinationCityIDD5:65536S21:DestinationCityPlayerD1:1S22:OriginalTurnsRemainingD2:28S8:CacheKeyS16:1_327684_1_65536D1:3T9:S12:OriginCityIDD6:393221S12:TraderUnitIDD7:1703950S14:TurnsRemainingD2:14S15:TradePathLengthD1:6S16:OriginCityPlayerD1:1S17:DestinationCityIDD5:65536S21:DestinationCityPlayerD1:1S22:OriginalTurnsRemainingD2:24S8:CacheKeyS16:1_393221_1_65536D1:4T9:S12:OriginCityIDD6:196610S12:TraderUnitIDD6:851976S14:TurnsRemainingD2:10S15:TradePathLengthD1:8S16:OriginCityPlayerD1:1S17:DestinationCityIDD5:65536S21:DestinationCityPlayerD1:1S22:OriginalTurnsRemainingD2:16S8:CacheKeyS16:1_196610_1_65536D1:5T9:S12:OriginCityIDD6:524295S12:TraderUnitIDD7:2555917S14:TurnsRemainingD2:17S15:TradePathLengthD2:10S16:OriginCityPlayerD1:1S17:DestinationCityIDD5:65536S21:DestinationCityPlayerD1:1S22:OriginalTurnsRemainingD2:20S8:CacheKeyS16:1_524295_1_65536D1:6T9:S12:OriginCityIDD6:458758S12:TraderUnitIDD7:2490385S14:TurnsRemainingD2:19S15:TradePathLengthD2:11S16:OriginCityPlayerD1:1S17:DestinationCityIDD5:65536S21:DestinationCityPlayerD1:1S22:OriginalTurnsRemainingD2:22S8:CacheKeyS16:1_458758_1_65536D1:7T9:S12:OriginCityIDD6:327684S12:TraderUnitIDD7:2752528S14:TurnsRemainingD2:15S15:TradePathLengthD1:8S16:OriginCityPlayerD1:1S17:DestinationCityIDD6:131073S21:DestinationCityPlayerD1:2S22:OriginalTurnsRemainingD2:16S8:CacheKeyS17:1_327684_2_131073
Config CONFIGURATION_PLAYER, Key DMT_MapPinSubjects (0x57b07b7b), subtype 1, changed to T2:S5:71_53T9:S11:YieldStringS52:[ICON_Science][COLOR:ResScienceLabelCS]+3[ENDCOLOR] S12:YieldToolTipS114:+1 [ICON_Science] 科技值来自相邻区域。[NEWLINE]+2 [ICON_Science] 科技值来自相邻山脉单元格。S15:CanPlaceToolTipS0:S1:XD2:71S1:YD2:53S2:IdD1:3S3:KeyS15:DISTRICT_CAMPUSS4:TypeS8:DISTRICTS8:CanPlaceB1S5:75_60T9:S11:YieldStringS52:[ICON_Science][COLOR:ResScienceLabelCS]+3[ENDCOLOR] S12:YieldToolTipS129:+2 [ICON_SCIENCE] 科技值来自每个相邻的地热裂缝。[NEWLINE]+1 [ICON_Science] 科技值来自相邻山脉单元格。S15:CanPlaceToolTipS0:S1:XD2:75S1:YD2:60S2:IdD1:5S3:KeyS15:DISTRICT_CAMPUSS4:TypeS8:DISTRICTS8:CanPlaceB1
Config CONFIGURATION_PLAYER, Key BTS_LocalPlayerRunningRotues (0xf17b5a0b), subtype 1, changed to T7:D1:1T9:S12:OriginCityIDD6:262147S12:TraderUnitIDD6:589830S14:TurnsRemainingD1:2S15:TradePathLengthD1:8S16:OriginCityPlayerD1:1S17:DestinationCityIDD5:65536S21:DestinationCityPlayerD1:1S22:OriginalTurnsRemainingD2:16S8:CacheKeyS16:1_262147_1_65536D1:2T9:S12:OriginCityIDD6:327684S12:TraderUnitIDD7:1572869S14:TurnsRemainingD2:15S15:TradePathLengthD1:7S16:OriginCityPlayerD1:1S17:DestinationCityIDD5:65536S21:DestinationCityPlayerD1:1S22:OriginalTurnsRemainingD2:28S8:CacheKeyS16:1_327684_1_65536D1:3T9:S12:OriginCityIDD6:393221S12:TraderUnitIDD7:1703950S14:TurnsRemainingD2:13S15:TradePathLengthD1:6S16:OriginCityPlayerD1:1S17:DestinationCityIDD5:65536S21:DestinationCityPlayerD1:1S22:OriginalTurnsRemainingD2:24S8:CacheKeyS16:1_393221_1_65536D1:4T9:S12:OriginCityIDD6:196610S12:TraderUnitIDD6:851976S14:TurnsRemainingD1:9S15:TradePathLengthD1:8S16:OriginCityPlayerD1:1S17:DestinationCityIDD5:65536S21:DestinationCityPlayerD1:1S22:OriginalTurnsRemainingD2:16S8:CacheKeyS16:1_196610_1_65536D1:5T9:S12:OriginCityIDD6:524295S12:TraderUnitIDD7:2555917S14:TurnsRemainingD2:16S15:TradePathLengthD2:10S16:OriginCityPlayerD1:1S17:DestinationCityIDD5:65536S21:DestinationCityPlayerD1:1S22:OriginalTurnsRemainingD2:20S8:CacheKeyS16:1_524295_1_65536D1:6T9:S12:OriginCityIDD6:458758S12:TraderUnitIDD7:2490385S14:TurnsRemainingD2:18S15:TradePathLengthD2:11S16:OriginCityPlayerD1:1S17:DestinationCityIDD5:65536S21:DestinationCityPlayerD1:1S22:OriginalTurnsRemainingD2:22S8:CacheKeyS16:1_458758_1_65536D1:7T9:S12:OriginCityIDD6:327684S12:TraderUnitIDD7:2752528S14:TurnsRemainingD2:14S15:TradePathLengthD1:8S16:OriginCityPlayerD1:1S17:DestinationCityIDD6:131073S21:DestinationCityPlayerD1:2S22:OriginalTurnsRemainingD2:16S8:CacheKeyS17:1_327684_2_131073
Config CONFIGURATION_PLAYER, Key BTS_LocalPlayerRunningRotues (0xf17b5a0b), subtype 1, changed to T8:D1:1T9:S12:OriginCityIDD6:262147S12:TraderUnitIDD6:589830S14:TurnsRemainingD1:2S15:TradePathLengthD1:8S16:OriginCityPlayerD1:1S17:DestinationCityIDD5:65536S21:DestinationCityPlayerD1:1S22:OriginalTurnsRemainingD2:16S8:CacheKeyS16:1_262147_1_65536D1:2T9:S12:OriginCityIDD6:327684S12:TraderUnitIDD7:1572869S14:TurnsRemainingD2:15S15:TradePathLengthD1:7S16:OriginCityPlayerD1:1S17:DestinationCityIDD5:65536S21:DestinationCityPlayerD1:1S22:OriginalTurnsRemainingD2:28S8:CacheKeyS16:1_327684_1_65536D1:3T9:S12:OriginCityIDD6:393221S12:TraderUnitIDD7:1703950S14:TurnsRemainingD2:13S15:TradePathLengthD1:6S16:OriginCityPlayerD1:1S17:DestinationCityIDD5:65536S21:DestinationCityPlayerD1:1S22:OriginalTurnsRemainingD2:24S8:CacheKeyS16:1_393221_1_65536D1:4T9:S12:OriginCityIDD6:196610S12:TraderUnitIDD6:851976S14:TurnsRemainingD1:9S15:TradePathLengthD1:8S16:OriginCityPlayerD1:1S17:DestinationCityIDD5:65536S21:DestinationCityPlayerD1:1S22:OriginalTurnsRemainingD2:16S8:CacheKeyS16:1_196610_1_65536D1:5T9:S12:OriginCityIDD6:524295S12:TraderUnitIDD7:2555917S14:TurnsRemainingD2:16S15:TradePathLengthD2:10S16:OriginCityPlayerD1:1S17:DestinationCityIDD5:65536S21:DestinationCityPlayerD1:1S22:OriginalTurnsRemainingD2:20S8:CacheKeyS16:1_524295_1_65536D1:6T9:S12:OriginCityIDD6:458758S12:TraderUnitIDD7:2490385S14:TurnsRemainingD2:18S15:TradePathLengthD2:11S16:OriginCityPlayerD1:1S17:DestinationCityIDD5:65536S21:DestinationCityPlayerD1:1S22:OriginalTurnsRemainingD2:22S8:CacheKeyS16:1_458758_1_65536D1:7T9:S12:OriginCityIDD6:327684S12:TraderUnitIDD7:2752528S14:TurnsRemainingD2:14S15:TradePathLengthD1:8S16:OriginCityPlayerD1:1S17:DestinationCityIDD6:131073S21:DestinationCityPlayerD1:2S22:OriginalTurnsRemainingD2:16S8:CacheKeyS17:1_327684_2_131073D1:8T9:S12:OriginCityIDD6:458758S12:TraderUnitIDD7:3080213S14:TurnsRemainingD2:32S15:TradePathLengthD2:16S16:OriginCityPlayerD1:1S17:DestinationCityIDD6:131073S21:DestinationCityPlayerD1:2S22:OriginalTurnsRemainingD2:32S8:CacheKeyS17:1_458758_2_131073
Config CONFIGURATION_PLAYER, Key DMT_MapPinSubjects (0x57b07b7b), subtype 1, changed to T1:S5:71_53T9:S11:YieldStringS52:[ICON_Science][COLOR:ResScienceLabelCS]+3[ENDCOLOR] S12:YieldToolTipS114:+1 [ICON_Science] 科技值来自相邻区域。[NEWLINE]+2 [ICON_Science] 科技值来自相邻山脉单元格。S15:CanPlaceToolTipS0:S1:XD2:71S1:YD2:53S2:IdD1:3S3:KeyS15:DISTRICT_CAMPUSS4:TypeS8:DISTRICTS8:CanPlaceB1
Config CONFIGURATION_PLAYER, Key BTS_LocalPlayerRunningRotues (0xf17b5a0b), subtype 1, changed to T8:D1:1T9:S12:OriginCityIDD6:262147S12:TraderUnitIDD6:589830S14:TurnsRemainingD1:1S15:TradePathLengthD1:8S16:OriginCityPlayerD1:1S17:DestinationCityIDD5:65536S21:DestinationCityPlayerD1:1S22:OriginalTurnsRemainingD2:16S8:CacheKeyS16:1_262147_1_65536D1:2T9:S12:OriginCityIDD6:327684S12:TraderUnitIDD7:1572869S14:TurnsRemainingD2:14S15:TradePathLengthD1:7S16:OriginCityPlayerD1:1S17:DestinationCityIDD5:65536S21:DestinationCityPlayerD1:1S22:OriginalTurnsRemainingD2:28S8:CacheKeyS16:1_327684_1_65536D1:3T9:S12:OriginCityIDD6:393221S12:TraderUnitIDD7:1703950S14:TurnsRemainingD2:12S15:TradePathLengthD1:6S16:OriginCityPlayerD1:1S17:DestinationCityIDD5:65536S21:DestinationCityPlayerD1:1S22:OriginalTurnsRemainingD2:24S8:CacheKeyS16:1_393221_1_65536D1:4T9:S12:OriginCityIDD6:196610S12:TraderUnitIDD6:851976S14:TurnsRemainingD1:8S15:TradePathLengthD1:8S16:OriginCityPlayerD1:1S17:DestinationCityIDD5:65536S21:DestinationCityPlayerD1:1S22:OriginalTurnsRemainingD2:16S8:CacheKeyS16:1_196610_1_65536D1:5T9:S12:OriginCityIDD6:524295S12:TraderUnitIDD7:2555917S14:TurnsRemainingD2:15S15:TradePathLengthD2:10S16:OriginCityPlayerD1:1S17:DestinationCityIDD5:65536S21:DestinationCityPlayerD1:1S22:OriginalTurnsRemainingD2:20S8:CacheKeyS16:1_524295_1_65536D1:6T9:S12:OriginCityIDD6:458758S12:TraderUnitIDD7:2490385S14:TurnsRemainingD2:17S15:TradePathLengthD2:11S16:OriginCityPlayerD1:1S17:DestinationCityIDD5:65536S21:DestinationCityPlayerD1:1S22:OriginalTurnsRemainingD2:22S8:CacheKeyS16:1_458758_1_65536D1:7T9:S12:OriginCityIDD6:327684S12:TraderUnitIDD7:2752528S14:TurnsRemainingD2:13S15:TradePathLengthD1:8S16:OriginCityPlayerD1:1S17:DestinationCityIDD6:131073S21:DestinationCityPlayerD1:2S22:OriginalTurnsRemainingD2:16S8:CacheKeyS17:1_327684_2_131073D1:8T9:S12:OriginCityIDD6:458758S12:TraderUnitIDD7:3080213S14:TurnsRemainingD2:31S15:TradePathLengthD2:16S16:OriginCityPlayerD1:1S17:DestinationCityIDD6:131073S21:DestinationCityPlayerD1:2S22:OriginalTurnsRemainingD2:32S8:CacheKeyS17:1_458758_2_131073
Config CONFIGURATION_PLAYER, Key BTS_LocalPlayerRunningRotues (0xf17b5a0b), subtype 1, changed to T7:D1:1T9:S12:OriginCityIDD6:327684S12:TraderUnitIDD7:1572869S14:TurnsRemainingD2:14S15:TradePathLengthD1:7S16:OriginCityPlayerD1:1S17:DestinationCityIDD5:65536S21:DestinationCityPlayerD1:1S22:OriginalTurnsRemainingD2:28S8:CacheKeyS16:1_327684_1_65536D1:2T9:S12:OriginCityIDD6:393221S12:TraderUnitIDD7:1703950S14:TurnsRemainingD2:12S15:TradePathLengthD1:6S16:OriginCityPlayerD1:1S17:DestinationCityIDD5:65536S21:DestinationCityPlayerD1:1S22:OriginalTurnsRemainingD2:24S8:CacheKeyS16:1_393221_1_65536D1:3T9:S12:OriginCityIDD6:196610S12:TraderUnitIDD6:851976S14:TurnsRemainingD1:8S15:TradePathLengthD1:8S16:OriginCityPlayerD1:1S17:DestinationCityIDD5:65536S21:DestinationCityPlayerD1:1S22:OriginalTurnsRemainingD2:16S8:CacheKeyS16:1_196610_1_65536D1:4T9:S12:OriginCityIDD6:524295S12:TraderUnitIDD7:2555917S14:TurnsRemainingD2:15S15:TradePathLengthD2:10S16:OriginCityPlayerD1:1S17:DestinationCityIDD5:65536S21:DestinationCityPlayerD1:1S22:OriginalTurnsRemainingD2:20S8:CacheKeyS16:1_524295_1_65536D1:5T9:S12:OriginCityIDD6:458758S12:TraderUnitIDD7:2490385S14:TurnsRemainingD2:17S15:TradePathLengthD2:11S16:OriginCityPlayerD1:1S17:DestinationCityIDD5:65536S21:DestinationCityPlayerD1:1S22:OriginalTurnsRemainingD2:22S8:CacheKeyS16:1_458758_1_65536D1:6T9:S12:OriginCityIDD6:327684S12:TraderUnitIDD7:2752528S14:TurnsRemainingD2:13S15:TradePathLengthD1:8S16:OriginCityPlayerD1:1S17:DestinationCityIDD6:131073S21:DestinationCityPlayerD1:2S22:OriginalTurnsRemainingD2:16S8:CacheKeyS17:1_327684_2_131073D1:7T9:S12:OriginCityIDD6:458758S12:TraderUnitIDD7:3080213S14:TurnsRemainingD2:31S15:TradePathLengthD2:16S16:OriginCityPlayerD1:1S17:DestinationCityIDD6:131073S21:DestinationCityPlayerD1:2S22:OriginalTurnsRemainingD2:32S8:CacheKeyS17:1_458758_2_131073
Config CONFIGURATION_PLAYER, Key BTS_LocalPlayerRunningRotues (0xf17b5a0b), subtype 1, changed to T7:D1:1T9:S12:OriginCityIDD6:327684S12:TraderUnitIDD7:1572869S14:TurnsRemainingD2:13S15:TradePathLengthD1:7S16:OriginCityPlayerD1:1S17:DestinationCityIDD5:65536S21:DestinationCityPlayerD1:1S22:OriginalTurnsRemainingD2:28S8:CacheKeyS16:1_327684_1_65536D1:2T9:S12:OriginCityIDD6:393221S12:TraderUnitIDD7:1703950S14:TurnsRemainingD2:11S15:TradePathLengthD1:6S16:OriginCityPlayerD1:1S17:DestinationCityIDD5:65536S21:DestinationCityPlayerD1:1S22:OriginalTurnsRemainingD2:24S8:CacheKeyS16:1_393221_1_65536D1:3T9:S12:OriginCityIDD6:196610S12:TraderUnitIDD6:851976S14:TurnsRemainingD1:7S15:TradePathLengthD1:8S16:OriginCityPlayerD1:1S17:DestinationCityIDD5:65536S21:DestinationCityPlayerD1:1S22:OriginalTurnsRemainingD2:16S8:CacheKeyS16:1_196610_1_65536D1:4T9:S12:OriginCityIDD6:524295S12:TraderUnitIDD7:2555917S14:TurnsRemainingD2:14S15:TradePathLengthD2:10S16:OriginCityPlayerD1:1S17:DestinationCityIDD5:65536S21:DestinationCityPlayerD1:1S22:OriginalTurnsRemainingD2:20S8:CacheKeyS16:1_524295_1_65536D1:5T9:S12:OriginCityIDD6:458758S12:TraderUnitIDD7:2490385S14:TurnsRemainingD2:16S15:TradePathLengthD2:11S16:OriginCityPlayerD1:1S17:DestinationCityIDD5:65536S21:DestinationCityPlayerD1:1S22:OriginalTurnsRemainingD2:22S8:CacheKeyS16:1_458758_1_65536D1:6T9:S12:OriginCityIDD6:327684S12:TraderUnitIDD7:2752528S14:TurnsRemainingD2:12S15:TradePathLengthD1:8S16:OriginCityPlayerD1:1S17:DestinationCityIDD6:131073S21:DestinationCityPlayerD1:2S22:OriginalTurnsRemainingD2:16S8:CacheKeyS17:1_327684_2_131073D1:7T9:S12:OriginCityIDD6:458758S12:TraderUnitIDD7:3080213S14:TurnsRemainingD2:30S15:TradePathLengthD2:16S16:OriginCityPlayerD1:1S17:DestinationCityIDD6:131073S21:DestinationCityPlayerD1:2S22:OriginalTurnsRemainingD2:32S8:CacheKeyS17:1_458758_2_131073
Config CONFIGURATION_PLAYER, Key BTS_LocalPlayerRunningRotues (0xf17b5a0b), subtype 1, changed to T8:D1:1T9:S12:OriginCityIDD6:327684S12:TraderUnitIDD7:1572869S14:TurnsRemainingD2:13S15:TradePathLengthD1:7S16:OriginCityPlayerD1:1S17:DestinationCityIDD5:65536S21:DestinationCityPlayerD1:1S22:OriginalTurnsRemainingD2:28S8:CacheKeyS16:1_327684_1_65536D1:2T9:S12:OriginCityIDD6:393221S12:TraderUnitIDD7:1703950S14:TurnsRemainingD2:11S15:TradePathLengthD1:6S16:OriginCityPlayerD1:1S17:DestinationCityIDD5:65536S21:DestinationCityPlayerD1:1S22:OriginalTurnsRemainingD2:24S8:CacheKeyS16:1_393221_1_65536D1:3T9:S12:OriginCityIDD6:196610S12:TraderUnitIDD6:851976S14:TurnsRemainingD1:7S15:TradePathLengthD1:8S16:OriginCityPlayerD1:1S17:DestinationCityIDD5:65536S21:DestinationCityPlayerD1:1S22:OriginalTurnsRemainingD2:16S8:CacheKeyS16:1_196610_1_65536D1:4T9:S12:OriginCityIDD6:524295S12:TraderUnitIDD7:2555917S14:TurnsRemainingD2:14S15:TradePathLengthD2:10S16:OriginCityPlayerD1:1S17:DestinationCityIDD5:65536S21:DestinationCityPlayerD1:1S22:OriginalTurnsRemainingD2:20S8:CacheKeyS16:1_524295_1_65536D1:5T9:S12:OriginCityIDD6:458758S12:TraderUnitIDD7:2490385S14:TurnsRemainingD2:16S15:TradePathLengthD2:11S16:OriginCityPlayerD1:1S17:DestinationCityIDD5:65536S21:DestinationCityPlayerD1:1S22:OriginalTurnsRemainingD2:22S8:CacheKeyS16:1_458758_1_65536D1:6T9:S12:OriginCityIDD6:327684S12:TraderUnitIDD7:2752528S14:TurnsRemainingD2:12S15:TradePathLengthD1:8S16:OriginCityPlayerD1:1S17:DestinationCityIDD6:131073S21:DestinationCityPlayerD1:2S22:OriginalTurnsRemainingD2:16S8:CacheKeyS17:1_327684_2_131073D1:7T9:S12:OriginCityIDD6:458758S12:TraderUnitIDD7:3080213S14:TurnsRemainingD2:30S15:TradePathLengthD2:16S16:OriginCityPlayerD1:1S17:DestinationCityIDD6:131073S21:DestinationCityPlayerD1:2S22:OriginalTurnsRemainingD2:32S8:CacheKeyS17:1_458758_2_131073D1:8T9:S12:OriginCityIDD6:262147S12:TraderUnitIDD6:589830S14:TurnsRemainingD2:46S15:TradePathLengthD2:23S16:OriginCityPlayerD1:1S17:DestinationCityIDD6:131073S21:DestinationCityPlayerD1:2S22:OriginalTurnsRemainingD2:46S8:CacheKeyS17:1_262147_2_131073
Config CONFIGURATION_PLAYER, Key WANTS_PAUSE (0x7ab021cb), subtype 1, changed to true
Sent GameConfigurationRebuilt
Sent GameConfigurationRebuilt
Sent GameConfigurationRebuilt
Config CONFIGURATION_UNKNOWN, Key PLAYER_33 (0x012727cc), subtype 0, changed to false
Config CONFIGURATION_UNKNOWN, Key PLAYER_37 (0x064ae3d5), subtype 0, changed to false
Config CONFIGURATION_UNKNOWN, Key PLAYER_62 (0x0b57e31f), subtype 0, changed to false
Config CONFIGURATION_UNKNOWN, Key PLAYER_1 (0x1258ab5e), subtype 0, changed to false
Config CONFIGURATION_UNKNOWN, Key PLAYER_5 (0x15356f47), subtype 0, changed to false
Config CONFIGURATION_UNKNOWN, Key PLAYER_23 (0x183c168d), subtype 0, changed to false
Config CONFIGURATION_UNKNOWN, Key PLAYER_9 (0x1c83236c), subtype 0, changed to false
Config CONFIGURATION_UNKNOWN, Key PLAYER_27 (0x1f51d294), subtype 0, changed to false
Config CONFIGURATION_UNKNOWN, Key PLAYER_52 (0x207ab0dc), subtype 0, changed to false
Config CONFIGURATION_UNKNOWN, Key PLAYER_56 (0x271774c5), subtype 0, changed to false
Config CONFIGURATION_UNKNOWN, Key PLAYER_13 (0x3311454e), subtype 0, changed to false
Config CONFIGURATION_UNKNOWN, Key PLAYER_17 (0x347c8157), subtype 0, changed to false
Config CONFIGURATION_UNKNOWN, Key PLAYER_42 (0x3961819d), subtype 0, changed to false
Config CONFIGURATION_UNKNOWN, Key PLAYER_46 (0x3e0c4584), subtype 0, changed to false
Config CONFIGURATION_UNKNOWN, Key PLAYER_16 (0x437bb1c1), subtype 0, changed to false
Config CONFIGURATION_UNKNOWN, Key PLAYER_12 (0x441675d8), subtype 0, changed to false
Config CONFIGURATION_UNKNOWN, Key PLAYER_47 (0x490b7512), subtype 0, changed to false
Config CONFIGURATION_UNKNOWN, Key PLAYER_43 (0x4e66b10b), subtype 0, changed to false
Config CONFIGURATION_UNKNOWN, Key PLAYER_57 (0x50104453), subtype 0, changed to false
Config CONFIGURATION_UNKNOWN, Key PLAYER_53 (0x577d804a), subtype 0, changed to false
Config CONFIGURATION_UNKNOWN, Key PLAYER_4 (0x62325fd1), subtype 0, changed to false
Config CONFIGURATION_UNKNOWN, Key PLAYER_0 (0x655f9bc8), subtype 0, changed to false
Config CONFIGURATION_UNKNOWN, Key PLAYER_26 (0x6856e202), subtype 0, changed to false
Config CONFIGURATION_UNKNOWN, Key PLAYER_8 (0x6b8413fa), subtype 0, changed to false
Config CONFIGURATION_UNKNOWN, Key PLAYER_22 (0x6f3b261b), subtype 0, changed to false
Config CONFIGURATION_UNKNOWN, Key PLAYER_36 (0x714dd343), subtype 0, changed to false
Config CONFIGURATION_UNKNOWN, Key PLAYER_32 (0x7620175a), subtype 0, changed to false
Config CONFIGURATION_UNKNOWN, Key PLAYER_63 (0x7c50d389), subtype 0, changed to false
Config CONFIGURATION_UNKNOWN, Key MAP_ROOT (0x7dd11279), subtype 0, changed to false
Config CONFIGURATION_UNKNOWN, Key PLAYER_20 (0x81354737), subtype 0, changed to false
Config CONFIGURATION_UNKNOWN, Key PLAYER_24 (0x8658832e), subtype 0, changed to false
Config CONFIGURATION_UNKNOWN, Key GAME_ROOT (0x871d5b63), subtype 0, changed to false
Config CONFIGURATION_UNKNOWN, Key PLAYER_2 (0x8b51fae4), subtype 0, changed to false
Config CONFIGURATION_UNKNOWN, Key PLAYER_6 (0x8c3c3efd), subtype 0, changed to false
Config CONFIGURATION_UNKNOWN, Key PLAYER_28 (0x8feecf05), subtype 0, changed to false
Config CONFIGURATION_UNKNOWN, Key PLAYER_61 (0x925eb2a5), subtype 0, changed to false
Config CONFIGURATION_UNKNOWN, Key PLAYER_38 (0x96f5fe44), subtype 0, changed to false
Config CONFIGURATION_UNKNOWN, Key PLAYER_30 (0x982e7676), subtype 0, changed to false
Config CONFIGURATION_UNKNOWN, Key PLAYER_34 (0x9f43b26f), subtype 0, changed to false
Config CONFIGURATION_UNKNOWN, Key PLAYER_41 (0xa068d027), subtype 0, changed to false
Config CONFIGURATION_UNKNOWN, Key PLAYER_18 (0xa4c39cc6), subtype 0, changed to false
Config CONFIGURATION_UNKNOWN, Key PLAYER_45 (0xa705143e), subtype 0, changed to false
Config CONFIGURATION_UNKNOWN, Key PLAYER_10 (0xaa1814f4), subtype 0, changed to false
Config CONFIGURATION_UNKNOWN, Key PLAYER_14 (0xad75d0ed), subtype 0, changed to false
Config CONFIGURATION_UNKNOWN, Key PLAYER_49 (0xaeb35815), subtype 0, changed to false
Config CONFIGURATION_UNKNOWN, Key PLAYER_59 (0xb7a86954), subtype 0, changed to false
Config CONFIGURATION_UNKNOWN, Key PLAYER_51 (0xb973e166), subtype 0, changed to false
Config CONFIGURATION_UNKNOWN, Key PLAYER_55 (0xbe1e257f), subtype 0, changed to false
Config CONFIGURATION_UNKNOWN, Key PLAYER_58 (0xc0af59c2), subtype 0, changed to false
Config CONFIGURATION_UNKNOWN, Key PLAYER_54 (0xc91915e9), subtype 0, changed to false
Config CONFIGURATION_UNKNOWN, Key PLAYER_50 (0xce74d1f0), subtype 0, changed to false
Config CONFIGURATION_UNKNOWN, Key PLAYER_44 (0xd00224a8), subtype 0, changed to false
Config CONFIGURATION_UNKNOWN, Key CONFIGURATION_TYPE (0xd08444c1), subtype 0, changed to false
Config Unknown, Key PLAYER_19 (0xd3c4ac50), subtype 0, changed to false
Config Unknown, Key PLAYER_40 (0xd76fe0b1), subtype 0, changed to false
Config Unknown, Key PLAYER_48 (0xd9b46883), subtype 0, changed to false
Config Unknown, Key PLAYER_15 (0xda72e07b), subtype 0, changed to false
Config Unknown, Key PLAYER_11 (0xdd1f2462), subtype 0, changed to false
Config Unknown, Key PLAYER_39 (0xe1f2ced2), subtype 0, changed to false
Config Unknown, Key PLAYER_60 (0xe5598233), subtype 0, changed to false
Config Unknown, Key PLAYER_35 (0xe84482f9), subtype 0, changed to false
Config Unknown, Key PLAYER_31 (0xef2946e0), subtype 0, changed to false
Config Unknown, Key PLAYER_25 (0xf15fb3b8), subtype 0, changed to false
Config Unknown, Key PLAYER_21 (0xf63277a1), subtype 0, changed to false
Config Unknown, Key PLAYER_29 (0xf8e9ff93), subtype 0, changed to false
Config Unknown, Key PLAYER_7 (0xfb3b0e6b), subtype 0, changed to false
Config Unknown, Key PLAYER_3 (0xfc56ca72), subtype 0, changed to false
Config CONFIGURATION_PLAYER, Key READY_STATUS (0xa4bd04b1), subtype 0, changed to false
Config CONFIGURATION_PLAYER, Key READY_STATUS (0xa4bd04b1), subtype 1, changed to false
Config CONFIGURATION_PLAYER, Key READY_STATUS (0xa4bd04b1), subtype 2, changed to false
Config CONFIGURATION_PLAYER, Key READY_STATUS (0xa4bd04b1), subtype 3, changed to false
Config CONFIGURATION_PLAYER, Key READY_STATUS (0xa4bd04b1), subtype 4, changed to false
Config CONFIGURATION_PLAYER, Key NETWORK_NAME (0x8e72249a), subtype 1, changed to ZYL@76561199003168956
Config CONFIGURATION_PLAYER, Key NICK_NAME (0xdab96bfd), subtype 1, changed to ZYL
Config CONFIGURATION_PLAYER, Key CIVILIZATION_LEVEL_TYPE_NAME (0xca55abbe), subtype 1, changed to CIVILIZATION_LEVEL_FULL_CIV
Config CONFIGURATION_PLAYER, Key MOD_READY_STATUS (0xfc7b1f66), subtype 0, changed to false
Config CONFIGURATION_PLAYER, Key NETWORK_NAME (0x8e72249a), subtype 0, changed to 咕咕二世@76561198162178797
Config CONFIGURATION_PLAYER, Key NICK_NAME (0xdab96bfd), subtype 0, changed to 咕咕二世
Config CONFIGURATION_PLAYER, Key CIVILIZATION_LEVEL_TYPE_NAME (0xca55abbe), subtype 0, changed to CIVILIZATION_LEVEL_FULL_CIV
Config CONFIGURATION_PLAYER, Key MOD_READY_STATUS (0xfc7b1f66), subtype 3, changed to false
Config CONFIGURATION_PLAYER, Key NETWORK_NAME (0x8e72249a), subtype 3, changed to longyizhu@76561198931045205
Config CONFIGURATION_PLAYER, Key NICK_NAME (0xdab96bfd), subtype 3, changed to longyizhu
Config CONFIGURATION_PLAYER, Key CIVILIZATION_LEVEL_TYPE_NAME (0xca55abbe), subtype 3, changed to CIVILIZATION_LEVEL_FULL_CIV
Config CONFIGURATION_PLAYER, Key WANTS_PAUSE (0x7ab021cb), subtype 5, changed to false
Config CONFIGURATION_PLAYER, Key NETWORK_NAME (0x8e72249a), subtype 5, changed to 骆驼来了，你马没了@76561199021996474
Config CONFIGURATION_PLAYER, Key NICK_NAME (0xdab96bfd), subtype 5, changed to 骆驼来了，你马没了
Config CONFIGURATION_PLAYER, Key NETWORK_NAME (0x8e72249a), subtype 5, changed to 骆驼来了，你马没了@76561199021996474
Config CONFIGURATION_PLAYER, Key NICK_NAME (0xdab96bfd), subtype 5, changed to 骆驼来了，你马没了
Config CONFIGURATION_PLAYER, Key SLOT_STATUS (0xce42b995), subtype 2, changed to 1
Config CONFIGURATION_PLAYER, Key NETWORK_NAME (0x8e72249a), subtype 5, changed to 骆驼来了，你马没了@76561199021996474
Config CONFIGURATION_PLAYER, Key NICK_NAME (0xdab96bfd), subtype 5, changed to 骆驼来了，你马没了
Config CONFIGURATION_PLAYER, Key MOD_READY_STATUS (0xfc7b1f66), subtype 4, changed to false
Config CONFIGURATION_PLAYER, Key NETWORK_NAME (0x8e72249a), subtype 4, changed to skyverse@76561198178704646
Config CONFIGURATION_PLAYER, Key NICK_NAME (0xdab96bfd), subtype 4, changed to skyverse
Config CONFIGURATION_PLAYER, Key CIVILIZATION_LEVEL_TYPE_NAME (0xca55abbe), subtype 4, changed to CIVILIZATION_LEVEL_FULL_CIV
Config CONFIGURATION_PLAYER, Key SLOT_STATUS (0xce42b995), subtype 5, changed to 3
Config CONFIGURATION_PLAYER, Key CIVILIZATION_LEVEL_TYPE_NAME (0xca55abbe), subtype 5, changed to CIVILIZATION_LEVEL_FULL_CIV
Config CONFIGURATION_PLAYER, Key CIVILIZATION_LEVEL_TYPE_ID (0x830ffc46), subtype 5, changed to 0x253718b0
Config CONFIGURATION_PLAYER, Key NETWORK_NAME (0x8e72249a), subtype 2, changed to 骆驼来了，你马没了@76561199021996474
Config CONFIGURATION_PLAYER, Key NICK_NAME (0xdab96bfd), subtype 2, changed to 骆驼来了，你马没了
Config CONFIGURATION_PLAYER, Key NETWORK_NAME (0x8e72249a), subtype 5, changed to Jerry@76561199005446447
Config CONFIGURATION_PLAYER, Key NICK_NAME (0xdab96bfd), subtype 5, changed to Jerry
Config CONFIGURATION_PLAYER, Key SLOT_STATUS (0xce42b995), subtype 2, changed to 3
Config CONFIGURATION_PLAYER, Key SLOT_STATUS (0xce42b995), subtype 5, changed to 1
Config CONFIGURATION_PLAYER, Key READY_STATUS (0xa4bd04b1), subtype 1, changed to true
Config CONFIGURATION_PLAYER, Key READY_STATUS (0xa4bd04b1), subtype 1, changed to false
Config CONFIGURATION_PLAYER, Key SLOT_STATUS (0xce42b995), subtype 0, changed to 1
Config CONFIGURATION_PLAYER, Key MOD_READY_STATUS (0xfc7b1f66), subtype 0, changed to false
Config CONFIGURATION_PLAYER, Key NETWORK_NAME (0x8e72249a), subtype 0, changed to 咕咕二世@76561198162178797
Config CONFIGURATION_PLAYER, Key NICK_NAME (0xdab96bfd), subtype 0, changed to 咕咕二世
Config CONFIGURATION_PLAYER, Key READY_STATUS (0xa4bd04b1), subtype 0, changed to false
Config CONFIGURATION_PLAYER, Key SLOT_STATUS (0xce42b995), subtype 0, changed to 3
Config CONFIGURATION_PLAYER, Key CIVILIZATION_LEVEL_TYPE_NAME (0xca55abbe), subtype 0, changed to CIVILIZATION_LEVEL_FULL_CIV
Config CONFIGURATION_PLAYER, Key READY_STATUS (0xa4bd04b1), subtype 1, changed to true
Config CONFIGURATION_PLAYER, Key SLOT_STATUS (0xce42b995), subtype 0, changed to 1
Config CONFIGURATION_UNKNOWN, Key PLAYER_33 (0x012727cc), subtype 0, changed to false
Config CONFIGURATION_UNKNOWN, Key PLAYER_37 (0x064ae3d5), subtype 0, changed to false
Config CONFIGURATION_UNKNOWN, Key PLAYER_62 (0x0b57e31f), subtype 0, changed to false
Config CONFIGURATION_UNKNOWN, Key PLAYER_1 (0x1258ab5e), subtype 0, changed to false
Config CONFIGURATION_UNKNOWN, Key PLAYER_5 (0x15356f47), subtype 0, changed to false
Config CONFIGURATION_UNKNOWN, Key PLAYER_23 (0x183c168d), subtype 0, changed to false
Config CONFIGURATION_UNKNOWN, Key PLAYER_9 (0x1c83236c), subtype 0, changed to false
Config CONFIGURATION_UNKNOWN, Key PLAYER_27 (0x1f51d294), subtype 0, changed to false
Config CONFIGURATION_UNKNOWN, Key PLAYER_52 (0x207ab0dc), subtype 0, changed to false
Config CONFIGURATION_UNKNOWN, Key PLAYER_56 (0x271774c5), subtype 0, changed to false
Config CONFIGURATION_UNKNOWN, Key PLAYER_13 (0x3311454e), subtype 0, changed to false
Config CONFIGURATION_UNKNOWN, Key PLAYER_17 (0x347c8157), subtype 0, changed to false
Config CONFIGURATION_UNKNOWN, Key PLAYER_42 (0x3961819d), subtype 0, changed to false
Config CONFIGURATION_UNKNOWN, Key PLAYER_46 (0x3e0c4584), subtype 0, changed to false
Config CONFIGURATION_UNKNOWN, Key PLAYER_16 (0x437bb1c1), subtype 0, changed to false
Config CONFIGURATION_UNKNOWN, Key PLAYER_12 (0x441675d8), subtype 0, changed to false
Config CONFIGURATION_UNKNOWN, Key PLAYER_47 (0x490b7512), subtype 0, changed to false
Config CONFIGURATION_UNKNOWN, Key PLAYER_43 (0x4e66b10b), subtype 0, changed to false
Config CONFIGURATION_UNKNOWN, Key PLAYER_57 (0x50104453), subtype 0, changed to false
Config CONFIGURATION_UNKNOWN, Key PLAYER_53 (0x577d804a), subtype 0, changed to false
Config CONFIGURATION_UNKNOWN, Key PLAYER_4 (0x62325fd1), subtype 0, changed to false
Config CONFIGURATION_UNKNOWN, Key PLAYER_0 (0x655f9bc8), subtype 0, changed to false
Config CONFIGURATION_UNKNOWN, Key PLAYER_26 (0x6856e202), subtype 0, changed to false
Config CONFIGURATION_UNKNOWN, Key PLAYER_8 (0x6b8413fa), subtype 0, changed to false
Config CONFIGURATION_UNKNOWN, Key PLAYER_22 (0x6f3b261b), subtype 0, changed to false
Config CONFIGURATION_UNKNOWN, Key PLAYER_36 (0x714dd343), subtype 0, changed to false
Config CONFIGURATION_UNKNOWN, Key PLAYER_32 (0x7620175a), subtype 0, changed to false
Config CONFIGURATION_UNKNOWN, Key PLAYER_63 (0x7c50d389), subtype 0, changed to false
Config CONFIGURATION_UNKNOWN, Key MAP_ROOT (0x7dd11279), subtype 0, changed to false
Config CONFIGURATION_UNKNOWN, Key PLAYER_20 (0x81354737), subtype 0, changed to false
Config CONFIGURATION_UNKNOWN, Key PLAYER_24 (0x8658832e), subtype 0, changed to false
Config CONFIGURATION_UNKNOWN, Key GAME_ROOT (0x871d5b63), subtype 0, changed to false
Config CONFIGURATION_UNKNOWN, Key PLAYER_2 (0x8b51fae4), subtype 0, changed to false
Config CONFIGURATION_UNKNOWN, Key PLAYER_6 (0x8c3c3efd), subtype 0, changed to false
Config CONFIGURATION_UNKNOWN, Key PLAYER_28 (0x8feecf05), subtype 0, changed to false
Config CONFIGURATION_UNKNOWN, Key PLAYER_61 (0x925eb2a5), subtype 0, changed to false
Config CONFIGURATION_UNKNOWN, Key PLAYER_38 (0x96f5fe44), subtype 0, changed to false
Config CONFIGURATION_UNKNOWN, Key PLAYER_30 (0x982e7676), subtype 0, changed to false
Config CONFIGURATION_UNKNOWN, Key PLAYER_34 (0x9f43b26f), subtype 0, changed to false
Config CONFIGURATION_UNKNOWN, Key PLAYER_41 (0xa068d027), subtype 0, changed to false
Config CONFIGURATION_UNKNOWN, Key PLAYER_18 (0xa4c39cc6), subtype 0, changed to false
Config CONFIGURATION_UNKNOWN, Key PLAYER_45 (0xa705143e), subtype 0, changed to false
Config CONFIGURATION_UNKNOWN, Key PLAYER_10 (0xaa1814f4), subtype 0, changed to false
Config CONFIGURATION_UNKNOWN, Key PLAYER_14 (0xad75d0ed), subtype 0, changed to false
Config CONFIGURATION_UNKNOWN, Key PLAYER_49 (0xaeb35815), subtype 0, changed to false
Config CONFIGURATION_UNKNOWN, Key PLAYER_59 (0xb7a86954), subtype 0, changed to false
Config CONFIGURATION_UNKNOWN, Key PLAYER_51 (0xb973e166), subtype 0, changed to false
Config CONFIGURATION_UNKNOWN, Key PLAYER_55 (0xbe1e257f), subtype 0, changed to false
Config CONFIGURATION_UNKNOWN, Key PLAYER_58 (0xc0af59c2), subtype 0, changed to false
Config CONFIGURATION_UNKNOWN, Key PLAYER_54 (0xc91915e9), subtype 0, changed to false
Config CONFIGURATION_UNKNOWN, Key PLAYER_50 (0xce74d1f0), subtype 0, changed to false
Config CONFIGURATION_UNKNOWN, Key PLAYER_44 (0xd00224a8), subtype 0, changed to false
Config CONFIGURATION_UNKNOWN, Key CONFIGURATION_TYPE (0xd08444c1), subtype 0, changed to false
Config Unknown, Key PLAYER_19 (0xd3c4ac50), subtype 0, changed to false
Config Unknown, Key PLAYER_40 (0xd76fe0b1), subtype 0, changed to false
Config Unknown, Key PLAYER_48 (0xd9b46883), subtype 0, changed to false
Config Unknown, Key PLAYER_15 (0xda72e07b), subtype 0, changed to false
Config Unknown, Key PLAYER_11 (0xdd1f2462), subtype 0, changed to false
Config Unknown, Key PLAYER_39 (0xe1f2ced2), subtype 0, changed to false
Config Unknown, Key PLAYER_60 (0xe5598233), subtype 0, changed to false
Config Unknown, Key PLAYER_35 (0xe84482f9), subtype 0, changed to false
Config Unknown, Key PLAYER_31 (0xef2946e0), subtype 0, changed to false
Config Unknown, Key PLAYER_25 (0xf15fb3b8), subtype 0, changed to false
Config Unknown, Key PLAYER_21 (0xf63277a1), subtype 0, changed to false
Config Unknown, Key PLAYER_29 (0xf8e9ff93), subtype 0, changed to false
Config Unknown, Key PLAYER_7 (0xfb3b0e6b), subtype 0, changed to false
Config Unknown, Key PLAYER_3 (0xfc56ca72), subtype 0, changed to false
Config CONFIGURATION_PLAYER, Key MOD_READY_STATUS (0xfc7b1f66), subtype 0, changed to false
Config CONFIGURATION_PLAYER, Key NETWORK_NAME (0x8e72249a), subtype 0, changed to 咕咕二世@76561198162178797
Config CONFIGURATION_PLAYER, Key NICK_NAME (0xdab96bfd), subtype 0, changed to 咕咕二世
Config CONFIGURATION_PLAYER, Key READY_STATUS (0xa4bd04b1), subtype 0, changed to false
Config CONFIGURATION_PLAYER, Key SLOT_STATUS (0xce42b995), subtype 0, changed to 3
Config CONFIGURATION_PLAYER, Key CIVILIZATION_LEVEL_TYPE_NAME (0xca55abbe), subtype 0, changed to CIVILIZATION_LEVEL_FULL_CIV
Config CONFIGURATION_UNKNOWN, Key PLAYER_33 (0x012727cc), subtype 0, changed to false
Config CONFIGURATION_UNKNOWN, Key PLAYER_37 (0x064ae3d5), subtype 0, changed to false
Config CONFIGURATION_UNKNOWN, Key PLAYER_62 (0x0b57e31f), subtype 0, changed to false
Config CONFIGURATION_UNKNOWN, Key PLAYER_1 (0x1258ab5e), subtype 0, changed to false
Config CONFIGURATION_UNKNOWN, Key PLAYER_5 (0x15356f47), subtype 0, changed to false
Config CONFIGURATION_UNKNOWN, Key PLAYER_23 (0x183c168d), subtype 0, changed to false
Config CONFIGURATION_UNKNOWN, Key PLAYER_9 (0x1c83236c), subtype 0, changed to false
Config CONFIGURATION_UNKNOWN, Key PLAYER_27 (0x1f51d294), subtype 0, changed to false
Config CONFIGURATION_UNKNOWN, Key PLAYER_52 (0x207ab0dc), subtype 0, changed to false
Config CONFIGURATION_UNKNOWN, Key PLAYER_56 (0x271774c5), subtype 0, changed to false
Config CONFIGURATION_UNKNOWN, Key PLAYER_13 (0x3311454e), subtype 0, changed to false
Config CONFIGURATION_UNKNOWN, Key PLAYER_17 (0x347c8157), subtype 0, changed to false
Config CONFIGURATION_UNKNOWN, Key PLAYER_42 (0x3961819d), subtype 0, changed to false
Config CONFIGURATION_UNKNOWN, Key PLAYER_46 (0x3e0c4584), subtype 0, changed to false
Config CONFIGURATION_UNKNOWN, Key PLAYER_16 (0x437bb1c1), subtype 0, changed to false
Config CONFIGURATION_UNKNOWN, Key PLAYER_12 (0x441675d8), subtype 0, changed to false
Config CONFIGURATION_UNKNOWN, Key PLAYER_47 (0x490b7512), subtype 0, changed to false
Config CONFIGURATION_UNKNOWN, Key PLAYER_43 (0x4e66b10b), subtype 0, changed to false
Config CONFIGURATION_UNKNOWN, Key PLAYER_57 (0x50104453), subtype 0, changed to false
Config CONFIGURATION_UNKNOWN, Key PLAYER_53 (0x577d804a), subtype 0, changed to false
Config CONFIGURATION_UNKNOWN, Key PLAYER_4 (0x62325fd1), subtype 0, changed to false
Config CONFIGURATION_UNKNOWN, Key PLAYER_0 (0x655f9bc8), subtype 0, changed to false
Config CONFIGURATION_UNKNOWN, Key PLAYER_26 (0x6856e202), subtype 0, changed to false
Config CONFIGURATION_UNKNOWN, Key PLAYER_8 (0x6b8413fa), subtype 0, changed to false
Config CONFIGURATION_UNKNOWN, Key PLAYER_22 (0x6f3b261b), subtype 0, changed to false
Config CONFIGURATION_UNKNOWN, Key PLAYER_36 (0x714dd343), subtype 0, changed to false
Config CONFIGURATION_UNKNOWN, Key PLAYER_32 (0x7620175a), subtype 0, changed to false
Config CONFIGURATION_UNKNOWN, Key PLAYER_63 (0x7c50d389), subtype 0, changed to false
Config CONFIGURATION_UNKNOWN, Key MAP_ROOT (0x7dd11279), subtype 0, changed to false
Config CONFIGURATION_UNKNOWN, Key PLAYER_20 (0x81354737), subtype 0, changed to false
Config CONFIGURATION_UNKNOWN, Key PLAYER_24 (0x8658832e), subtype 0, changed to false
Config CONFIGURATION_UNKNOWN, Key GAME_ROOT (0x871d5b63), subtype 0, changed to false
Config CONFIGURATION_UNKNOWN, Key PLAYER_2 (0x8b51fae4), subtype 0, changed to false
Config CONFIGURATION_UNKNOWN, Key PLAYER_6 (0x8c3c3efd), subtype 0, changed to false
Config CONFIGURATION_UNKNOWN, Key PLAYER_28 (0x8feecf05), subtype 0, changed to false
Config CONFIGURATION_UNKNOWN, Key PLAYER_61 (0x925eb2a5), subtype 0, changed to false
Config CONFIGURATION_UNKNOWN, Key PLAYER_38 (0x96f5fe44), subtype 0, changed to false
Config CONFIGURATION_UNKNOWN, Key PLAYER_30 (0x982e7676), subtype 0, changed to false
Config CONFIGURATION_UNKNOWN, Key PLAYER_34 (0x9f43b26f), subtype 0, changed to false
Config CONFIGURATION_UNKNOWN, Key PLAYER_41 (0xa068d027), subtype 0, changed to false
Config CONFIGURATION_UNKNOWN, Key PLAYER_18 (0xa4c39cc6), subtype 0, changed to false
Config CONFIGURATION_UNKNOWN, Key PLAYER_45 (0xa705143e), subtype 0, changed to false
Config CONFIGURATION_UNKNOWN, Key PLAYER_10 (0xaa1814f4), subtype 0, changed to false
Config CONFIGURATION_UNKNOWN, Key PLAYER_14 (0xad75d0ed), subtype 0, changed to false
Config CONFIGURATION_UNKNOWN, Key PLAYER_49 (0xaeb35815), subtype 0, changed to false
Config CONFIGURATION_UNKNOWN, Key PLAYER_59 (0xb7a86954), subtype 0, changed to false
Config CONFIGURATION_UNKNOWN, Key PLAYER_51 (0xb973e166), subtype 0, changed to false
Config CONFIGURATION_UNKNOWN, Key PLAYER_55 (0xbe1e257f), subtype 0, changed to false
Config CONFIGURATION_UNKNOWN, Key PLAYER_58 (0xc0af59c2), subtype 0, changed to false
Config CONFIGURATION_UNKNOWN, Key PLAYER_54 (0xc91915e9), subtype 0, changed to false
Config CONFIGURATION_UNKNOWN, Key PLAYER_50 (0xce74d1f0), subtype 0, changed to false
Config CONFIGURATION_UNKNOWN, Key PLAYER_44 (0xd00224a8), subtype 0, changed to false
Config CONFIGURATION_UNKNOWN, Key CONFIGURATION_TYPE (0xd08444c1), subtype 0, changed to false
Config Unknown, Key PLAYER_19 (0xd3c4ac50), subtype 0, changed to false
Config Unknown, Key PLAYER_40 (0xd76fe0b1), subtype 0, changed to false
Config Unknown, Key PLAYER_48 (0xd9b46883), subtype 0, changed to false
Config Unknown, Key PLAYER_15 (0xda72e07b), subtype 0, changed to false
Config Unknown, Key PLAYER_11 (0xdd1f2462), subtype 0, changed to false
Config Unknown, Key PLAYER_39 (0xe1f2ced2), subtype 0, changed to false
Config Unknown, Key PLAYER_60 (0xe5598233), subtype 0, changed to false
Config Unknown, Key PLAYER_35 (0xe84482f9), subtype 0, changed to false
Config Unknown, Key PLAYER_31 (0xef2946e0), subtype 0, changed to false
Config Unknown, Key PLAYER_25 (0xf15fb3b8), subtype 0, changed to false
Config Unknown, Key PLAYER_21 (0xf63277a1), subtype 0, changed to false
Config Unknown, Key PLAYER_29 (0xf8e9ff93), subtype 0, changed to false
Config Unknown, Key PLAYER_7 (0xfb3b0e6b), subtype 0, changed to false
Config Unknown, Key PLAYER_3 (0xfc56ca72), subtype 0, changed to false
Config CONFIGURATION_PLAYER, Key BTS_LocalPlayerRunningRotues (0xf17b5a0b), subtype 1, changed to T8:D1:1T9:S12:OriginCityIDD6:327684S12:TraderUnitIDD7:1572869S14:TurnsRemainingD2:13S15:TradePathLengthD1:7S16:OriginCityPlayerD1:1S17:DestinationCityIDD5:65536S21:DestinationCityPlayerD1:1S22:OriginalTurnsRemainingD2:28S8:CacheKeyS16:1_327684_1_65536D1:2T9:S12:OriginCityIDD6:393221S12:TraderUnitIDD7:1703950S14:TurnsRemainingD2:11S15:TradePathLengthD1:6S16:OriginCityPlayerD1:1S17:DestinationCityIDD5:65536S21:DestinationCityPlayerD1:1S22:OriginalTurnsRemainingD2:24S8:CacheKeyS16:1_393221_1_65536D1:3T9:S12:OriginCityIDD6:196610S12:TraderUnitIDD6:851976S14:TurnsRemainingD1:7S15:TradePathLengthD1:8S16:OriginCityPlayerD1:1S17:DestinationCityIDD5:65536S21:DestinationCityPlayerD1:1S22:OriginalTurnsRemainingD2:16S8:CacheKeyS16:1_196610_1_65536D1:4T9:S12:OriginCityIDD6:524295S12:TraderUnitIDD7:2555917S14:TurnsRemainingD2:14S15:TradePathLengthD2:10S16:OriginCityPlayerD1:1S17:DestinationCityIDD5:65536S21:DestinationCityPlayerD1:1S22:OriginalTurnsRemainingD2:20S8:CacheKeyS16:1_524295_1_65536D1:5T9:S12:OriginCityIDD6:458758S12:TraderUnitIDD7:2490385S14:TurnsRemainingD2:16S15:TradePathLengthD2:11S16:OriginCityPlayerD1:1S17:DestinationCityIDD5:65536S21:DestinationCityPlayerD1:1S22:OriginalTurnsRemainingD2:22S8:CacheKeyS16:1_458758_1_65536D1:6T9:S12:OriginCityIDD6:327684S12:TraderUnitIDD7:2752528S14:TurnsRemainingD2:12S15:TradePathLengthD1:8S16:OriginCityPlayerD1:1S17:DestinationCityIDD6:131073S21:DestinationCityPlayerD1:2S22:OriginalTurnsRemainingD2:16S8:CacheKeyS17:1_327684_2_131073D1:7T9:S12:OriginCityIDD6:458758S12:TraderUnitIDD7:3080213S14:TurnsRemainingD2:30S15:TradePathLengthD2:16S16:OriginCityPlayerD1:1S17:DestinationCityIDD6:131073S21:DestinationCityPlayerD1:2S22:OriginalTurnsRemainingD2:32S8:CacheKeyS17:1_458758_2_131073D1:8T9:S12:OriginCityIDD6:262147S12:TraderUnitIDD6:589830S14:TurnsRemainingD2:46S15:TradePathLengthD2:23S16:OriginCityPlayerD1:1S17:DestinationCityIDD6:131073S21:DestinationCityPlayerD1:2S22:OriginalTurnsRemainingD2:46S8:CacheKeyS17:1_262147_2_131073
Config CONFIGURATION_PLAYER, Key WANTS_PAUSE (0x7ab021cb), subtype 1, changed to true
Config CONFIGURATION_PLAYER, Key NETWORK_NAME (0x8e72249a), subtype 0, changed to 咕咕二世@76561198162178797
Config CONFIGURATION_PLAYER, Key NICK_NAME (0xdab96bfd), subtype 0, changed to 咕咕二世
Config CONFIGURATION_PLAYER, Key WANTS_PAUSE (0x7ab021cb), subtype 1, changed to false
Sent GameConfigurationRebuilt
Sent GameConfigurationRebuilt
Sent GameConfigurationRebuilt
Config CONFIGURATION_UNKNOWN, Key PLAYER_33 (0x012727cc), subtype 0, changed to false
Config CONFIGURATION_UNKNOWN, Key PLAYER_37 (0x064ae3d5), subtype 0, changed to false
Config CONFIGURATION_UNKNOWN, Key PLAYER_62 (0x0b57e31f), subtype 0, changed to false
Config CONFIGURATION_UNKNOWN, Key PLAYER_1 (0x1258ab5e), subtype 0, changed to false
Config CONFIGURATION_UNKNOWN, Key PLAYER_5 (0x15356f47), subtype 0, changed to false
Config CONFIGURATION_UNKNOWN, Key PLAYER_23 (0x183c168d), subtype 0, changed to false
Config CONFIGURATION_UNKNOWN, Key PLAYER_9 (0x1c83236c), subtype 0, changed to false
Config CONFIGURATION_UNKNOWN, Key PLAYER_27 (0x1f51d294), subtype 0, changed to false
Config CONFIGURATION_UNKNOWN, Key PLAYER_52 (0x207ab0dc), subtype 0, changed to false
Config CONFIGURATION_UNKNOWN, Key PLAYER_56 (0x271774c5), subtype 0, changed to false
Config CONFIGURATION_UNKNOWN, Key PLAYER_13 (0x3311454e), subtype 0, changed to false
Config CONFIGURATION_UNKNOWN, Key PLAYER_17 (0x347c8157), subtype 0, changed to false
Config CONFIGURATION_UNKNOWN, Key PLAYER_42 (0x3961819d), subtype 0, changed to false
Config CONFIGURATION_UNKNOWN, Key PLAYER_46 (0x3e0c4584), subtype 0, changed to false
Config CONFIGURATION_UNKNOWN, Key PLAYER_16 (0x437bb1c1), subtype 0, changed to false
Config CONFIGURATION_UNKNOWN, Key PLAYER_12 (0x441675d8), subtype 0, changed to false
Config CONFIGURATION_UNKNOWN, Key PLAYER_47 (0x490b7512), subtype 0, changed to false
Config CONFIGURATION_UNKNOWN, Key PLAYER_43 (0x4e66b10b), subtype 0, changed to false
Config CONFIGURATION_UNKNOWN, Key PLAYER_57 (0x50104453), subtype 0, changed to false
Config CONFIGURATION_UNKNOWN, Key PLAYER_53 (0x577d804a), subtype 0, changed to false
Config CONFIGURATION_UNKNOWN, Key PLAYER_4 (0x62325fd1), subtype 0, changed to false
Config CONFIGURATION_UNKNOWN, Key PLAYER_0 (0x655f9bc8), subtype 0, changed to false
Config CONFIGURATION_UNKNOWN, Key PLAYER_26 (0x6856e202), subtype 0, changed to false
Config CONFIGURATION_UNKNOWN, Key PLAYER_8 (0x6b8413fa), subtype 0, changed to false
Config CONFIGURATION_UNKNOWN, Key PLAYER_22 (0x6f3b261b), subtype 0, changed to false
Config CONFIGURATION_UNKNOWN, Key PLAYER_36 (0x714dd343), subtype 0, changed to false
Config CONFIGURATION_UNKNOWN, Key PLAYER_32 (0x7620175a), subtype 0, changed to false
Config CONFIGURATION_UNKNOWN, Key PLAYER_63 (0x7c50d389), subtype 0, changed to false
Config CONFIGURATION_UNKNOWN, Key MAP_ROOT (0x7dd11279), subtype 0, changed to false
Config CONFIGURATION_UNKNOWN, Key PLAYER_20 (0x81354737), subtype 0, changed to false
Config CONFIGURATION_UNKNOWN, Key PLAYER_24 (0x8658832e), subtype 0, changed to false
Config CONFIGURATION_UNKNOWN, Key GAME_ROOT (0x871d5b63), subtype 0, changed to false
Config CONFIGURATION_UNKNOWN, Key PLAYER_2 (0x8b51fae4), subtype 0, changed to false
Config CONFIGURATION_UNKNOWN, Key PLAYER_6 (0x8c3c3efd), subtype 0, changed to false
Config CONFIGURATION_UNKNOWN, Key PLAYER_28 (0x8feecf05), subtype 0, changed to false
Config CONFIGURATION_UNKNOWN, Key PLAYER_61 (0x925eb2a5), subtype 0, changed to false
Config CONFIGURATION_UNKNOWN, Key PLAYER_38 (0x96f5fe44), subtype 0, changed to false
Config CONFIGURATION_UNKNOWN, Key PLAYER_30 (0x982e7676), subtype 0, changed to false
Config CONFIGURATION_UNKNOWN, Key PLAYER_34 (0x9f43b26f), subtype 0, changed to false
Config CONFIGURATION_UNKNOWN, Key PLAYER_41 (0xa068d027), subtype 0, changed to false
Config CONFIGURATION_UNKNOWN, Key PLAYER_18 (0xa4c39cc6), subtype 0, changed to false
Config CONFIGURATION_UNKNOWN, Key PLAYER_45 (0xa705143e), subtype 0, changed to false
Config CONFIGURATION_UNKNOWN, Key PLAYER_10 (0xaa1814f4), subtype 0, changed to false
Config CONFIGURATION_UNKNOWN, Key PLAYER_14 (0xad75d0ed), subtype 0, changed to false
Config CONFIGURATION_UNKNOWN, Key PLAYER_49 (0xaeb35815), subtype 0, changed to false
Config CONFIGURATION_UNKNOWN, Key PLAYER_59 (0xb7a86954), subtype 0, changed to false
Config CONFIGURATION_UNKNOWN, Key PLAYER_51 (0xb973e166), subtype 0, changed to false
Config CONFIGURATION_UNKNOWN, Key PLAYER_55 (0xbe1e257f), subtype 0, changed to false
Config CONFIGURATION_UNKNOWN, Key PLAYER_58 (0xc0af59c2), subtype 0, changed to false
Config CONFIGURATION_UNKNOWN, Key PLAYER_54 (0xc91915e9), subtype 0, changed to false
Config CONFIGURATION_UNKNOWN, Key PLAYER_50 (0xce74d1f0), subtype 0, changed to false
Config CONFIGURATION_UNKNOWN, Key PLAYER_44 (0xd00224a8), subtype 0, changed to false
Config CONFIGURATION_UNKNOWN, Key CONFIGURATION_TYPE (0xd08444c1), subtype 0, changed to false
Config Unknown, Key PLAYER_19 (0xd3c4ac50), subtype 0, changed to false
Config Unknown, Key PLAYER_40 (0xd76fe0b1), subtype 0, changed to false
Config Unknown, Key PLAYER_48 (0xd9b46883), subtype 0, changed to false
Config Unknown, Key PLAYER_15 (0xda72e07b), subtype 0, changed to false
Config Unknown, Key PLAYER_11 (0xdd1f2462), subtype 0, changed to false
Config Unknown, Key PLAYER_39 (0xe1f2ced2), subtype 0, changed to false
Config Unknown, Key PLAYER_60 (0xe5598233), subtype 0, changed to false
Config Unknown, Key PLAYER_35 (0xe84482f9), subtype 0, changed to false
Config Unknown, Key PLAYER_31 (0xef2946e0), subtype 0, changed to false
Config Unknown, Key PLAYER_25 (0xf15fb3b8), subtype 0, changed to false
Config Unknown, Key PLAYER_21 (0xf63277a1), subtype 0, changed to false
Config Unknown, Key PLAYER_29 (0xf8e9ff93), subtype 0, changed to false
Config Unknown, Key PLAYER_7 (0xfb3b0e6b), subtype 0, changed to false
Config Unknown, Key PLAYER_3 (0xfc56ca72), subtype 0, changed to false
Config CONFIGURATION_PLAYER, Key READY_STATUS (0xa4bd04b1), subtype 0, changed to false
Config CONFIGURATION_PLAYER, Key READY_STATUS (0xa4bd04b1), subtype 1, changed to false
Config CONFIGURATION_PLAYER, Key READY_STATUS (0xa4bd04b1), subtype 2, changed to false
Config CONFIGURATION_PLAYER, Key READY_STATUS (0xa4bd04b1), subtype 3, changed to false
Config CONFIGURATION_PLAYER, Key READY_STATUS (0xa4bd04b1), subtype 4, changed to false
Config CONFIGURATION_PLAYER, Key NETWORK_NAME (0x8e72249a), subtype 1, changed to ZYL@76561199003168956
Config CONFIGURATION_PLAYER, Key NICK_NAME (0xdab96bfd), subtype 1, changed to ZYL
Config CONFIGURATION_PLAYER, Key CIVILIZATION_LEVEL_TYPE_NAME (0xca55abbe), subtype 1, changed to CIVILIZATION_LEVEL_FULL_CIV
Config CONFIGURATION_PLAYER, Key MOD_READY_STATUS (0xfc7b1f66), subtype 0, changed to false
Config CONFIGURATION_PLAYER, Key NETWORK_NAME (0x8e72249a), subtype 0, changed to 咕咕二世@76561198162178797
Config CONFIGURATION_PLAYER, Key NICK_NAME (0xdab96bfd), subtype 0, changed to 咕咕二世
Config CONFIGURATION_PLAYER, Key CIVILIZATION_LEVEL_TYPE_NAME (0xca55abbe), subtype 0, changed to CIVILIZATION_LEVEL_FULL_CIV
Config CONFIGURATION_PLAYER, Key MOD_READY_STATUS (0xfc7b1f66), subtype 3, changed to false
Config CONFIGURATION_PLAYER, Key NETWORK_NAME (0x8e72249a), subtype 3, changed to longyizhu@76561198931045205
Config CONFIGURATION_PLAYER, Key NICK_NAME (0xdab96bfd), subtype 3, changed to longyizhu
Config CONFIGURATION_PLAYER, Key CIVILIZATION_LEVEL_TYPE_NAME (0xca55abbe), subtype 3, changed to CIVILIZATION_LEVEL_FULL_CIV
Config CONFIGURATION_PLAYER, Key WANTS_PAUSE (0x7ab021cb), subtype 5, changed to false
Config CONFIGURATION_PLAYER, Key NETWORK_NAME (0x8e72249a), subtype 5, changed to 骆驼来了，你马没了@76561199021996474
Config CONFIGURATION_PLAYER, Key NICK_NAME (0xdab96bfd), subtype 5, changed to 骆驼来了，你马没了
Config CONFIGURATION_PLAYER, Key SLOT_STATUS (0xce42b995), subtype 5, changed to 3
Config CONFIGURATION_PLAYER, Key CIVILIZATION_LEVEL_TYPE_NAME (0xca55abbe), subtype 5, changed to CIVILIZATION_LEVEL_FULL_CIV
Config CONFIGURATION_PLAYER, Key CIVILIZATION_LEVEL_TYPE_ID (0x830ffc46), subtype 5, changed to 0x253718b0
Config CONFIGURATION_PLAYER, Key MOD_READY_STATUS (0xfc7b1f66), subtype 4, changed to false
Config CONFIGURATION_PLAYER, Key NETWORK_NAME (0x8e72249a), subtype 4, changed to skyverse@76561198178704646
Config CONFIGURATION_PLAYER, Key NICK_NAME (0xdab96bfd), subtype 4, changed to skyverse
Config CONFIGURATION_PLAYER, Key CIVILIZATION_LEVEL_TYPE_NAME (0xca55abbe), subtype 4, changed to CIVILIZATION_LEVEL_FULL_CIV
Config CONFIGURATION_PLAYER, Key NETWORK_NAME (0x8e72249a), subtype 2, changed to 骆驼来了，你马没了@76561199021996474
Config CONFIGURATION_PLAYER, Key NICK_NAME (0xdab96bfd), subtype 2, changed to 骆驼来了，你马没了
Config CONFIGURATION_PLAYER, Key NETWORK_NAME (0x8e72249a), subtype 5, changed to Jerry@76561199005446447
Config CONFIGURATION_PLAYER, Key NICK_NAME (0xdab96bfd), subtype 5, changed to Jerry
Config CONFIGURATION_PLAYER, Key SLOT_STATUS (0xce42b995), subtype 5, changed to 1
Config CONFIGURATION_PLAYER, Key READY_STATUS (0xa4bd04b1), subtype 1, changed to true
Config CONFIGURATION_UNKNOWN, Key PLAYER_33 (0x012727cc), subtype 0, changed to false
Config CONFIGURATION_UNKNOWN, Key PLAYER_37 (0x064ae3d5), subtype 0, changed to false
Config CONFIGURATION_UNKNOWN, Key PLAYER_62 (0x0b57e31f), subtype 0, changed to false
Config CONFIGURATION_UNKNOWN, Key PLAYER_1 (0x1258ab5e), subtype 0, changed to false
Config CONFIGURATION_UNKNOWN, Key PLAYER_5 (0x15356f47), subtype 0, changed to false
Config CONFIGURATION_UNKNOWN, Key PLAYER_23 (0x183c168d), subtype 0, changed to false
Config CONFIGURATION_UNKNOWN, Key PLAYER_9 (0x1c83236c), subtype 0, changed to false
Config CONFIGURATION_UNKNOWN, Key PLAYER_27 (0x1f51d294), subtype 0, changed to false
Config CONFIGURATION_UNKNOWN, Key PLAYER_52 (0x207ab0dc), subtype 0, changed to false
Config CONFIGURATION_UNKNOWN, Key PLAYER_56 (0x271774c5), subtype 0, changed to false
Config CONFIGURATION_UNKNOWN, Key PLAYER_13 (0x3311454e), subtype 0, changed to false
Config CONFIGURATION_UNKNOWN, Key PLAYER_17 (0x347c8157), subtype 0, changed to false
Config CONFIGURATION_UNKNOWN, Key PLAYER_42 (0x3961819d), subtype 0, changed to false
Config CONFIGURATION_UNKNOWN, Key PLAYER_46 (0x3e0c4584), subtype 0, changed to false
Config CONFIGURATION_UNKNOWN, Key PLAYER_16 (0x437bb1c1), subtype 0, changed to false
Config CONFIGURATION_UNKNOWN, Key PLAYER_12 (0x441675d8), subtype 0, changed to false
Config CONFIGURATION_UNKNOWN, Key PLAYER_47 (0x490b7512), subtype 0, changed to false
Config CONFIGURATION_UNKNOWN, Key PLAYER_43 (0x4e66b10b), subtype 0, changed to false
Config CONFIGURATION_UNKNOWN, Key PLAYER_57 (0x50104453), subtype 0, changed to false
Config CONFIGURATION_UNKNOWN, Key PLAYER_53 (0x577d804a), subtype 0, changed to false
Config CONFIGURATION_UNKNOWN, Key PLAYER_4 (0x62325fd1), subtype 0, changed to false
Config CONFIGURATION_UNKNOWN, Key PLAYER_0 (0x655f9bc8), subtype 0, changed to false
Config CONFIGURATION_UNKNOWN, Key PLAYER_26 (0x6856e202), subtype 0, changed to false
Config CONFIGURATION_UNKNOWN, Key PLAYER_8 (0x6b8413fa), subtype 0, changed to false
Config CONFIGURATION_UNKNOWN, Key PLAYER_22 (0x6f3b261b), subtype 0, changed to false
Config CONFIGURATION_UNKNOWN, Key PLAYER_36 (0x714dd343), subtype 0, changed to false
Config CONFIGURATION_UNKNOWN, Key PLAYER_32 (0x7620175a), subtype 0, changed to false
Config CONFIGURATION_UNKNOWN, Key PLAYER_63 (0x7c50d389), subtype 0, changed to false
Config CONFIGURATION_UNKNOWN, Key MAP_ROOT (0x7dd11279), subtype 0, changed to false
Config CONFIGURATION_UNKNOWN, Key PLAYER_20 (0x81354737), subtype 0, changed to false
Config CONFIGURATION_UNKNOWN, Key PLAYER_24 (0x8658832e), subtype 0, changed to false
Config CONFIGURATION_UNKNOWN, Key GAME_ROOT (0x871d5b63), subtype 0, changed to false
Config CONFIGURATION_UNKNOWN, Key PLAYER_2 (0x8b51fae4), subtype 0, changed to false
Config CONFIGURATION_UNKNOWN, Key PLAYER_6 (0x8c3c3efd), subtype 0, changed to false
Config CONFIGURATION_UNKNOWN, Key PLAYER_28 (0x8feecf05), subtype 0, changed to false
Config CONFIGURATION_UNKNOWN, Key PLAYER_61 (0x925eb2a5), subtype 0, changed to false
Config CONFIGURATION_UNKNOWN, Key PLAYER_38 (0x96f5fe44), subtype 0, changed to false
Config CONFIGURATION_UNKNOWN, Key PLAYER_30 (0x982e7676), subtype 0, changed to false
Config CONFIGURATION_UNKNOWN, Key PLAYER_34 (0x9f43b26f), subtype 0, changed to false
Config CONFIGURATION_UNKNOWN, Key PLAYER_41 (0xa068d027), subtype 0, changed to false
Config CONFIGURATION_UNKNOWN, Key PLAYER_18 (0xa4c39cc6), subtype 0, changed to false
Config CONFIGURATION_UNKNOWN, Key PLAYER_45 (0xa705143e), subtype 0, changed to false
Config CONFIGURATION_UNKNOWN, Key PLAYER_10 (0xaa1814f4), subtype 0, changed to false
Config CONFIGURATION_UNKNOWN, Key PLAYER_14 (0xad75d0ed), subtype 0, changed to false
Config CONFIGURATION_UNKNOWN, Key PLAYER_49 (0xaeb35815), subtype 0, changed to false
Config CONFIGURATION_UNKNOWN, Key PLAYER_59 (0xb7a86954), subtype 0, changed to false
Config CONFIGURATION_UNKNOWN, Key PLAYER_51 (0xb973e166), subtype 0, changed to false
Config CONFIGURATION_UNKNOWN, Key PLAYER_55 (0xbe1e257f), subtype 0, changed to false
Config CONFIGURATION_UNKNOWN, Key PLAYER_58 (0xc0af59c2), subtype 0, changed to false
Config CONFIGURATION_UNKNOWN, Key PLAYER_54 (0xc91915e9), subtype 0, changed to false
Config CONFIGURATION_UNKNOWN, Key PLAYER_50 (0xce74d1f0), subtype 0, changed to false
Config CONFIGURATION_UNKNOWN, Key PLAYER_44 (0xd00224a8), subtype 0, changed to false
Config CONFIGURATION_UNKNOWN, Key CONFIGURATION_TYPE (0xd08444c1), subtype 0, changed to false
Config Unknown, Key PLAYER_19 (0xd3c4ac50), subtype 0, changed to false
Config Unknown, Key PLAYER_40 (0xd76fe0b1), subtype 0, changed to false
Config Unknown, Key PLAYER_48 (0xd9b46883), subtype 0, changed to false
Config Unknown, Key PLAYER_15 (0xda72e07b), subtype 0, changed to false
Config Unknown, Key PLAYER_11 (0xdd1f2462), subtype 0, changed to false
Config Unknown, Key PLAYER_39 (0xe1f2ced2), subtype 0, changed to false
Config Unknown, Key PLAYER_60 (0xe5598233), subtype 0, changed to false
Config Unknown, Key PLAYER_35 (0xe84482f9), subtype 0, changed to false
Config Unknown, Key PLAYER_31 (0xef2946e0), subtype 0, changed to false
Config Unknown, Key PLAYER_25 (0xf15fb3b8), subtype 0, changed to false
Config Unknown, Key PLAYER_21 (0xf63277a1), subtype 0, changed to false
Config Unknown, Key PLAYER_29 (0xf8e9ff93), subtype 0, changed to false
Config Unknown, Key PLAYER_7 (0xfb3b0e6b), subtype 0, changed to false
Config Unknown, Key PLAYER_3 (0xfc56ca72), subtype 0, changed to false
Config CONFIGURATION_UNKNOWN, Key PLAYER_33 (0x012727cc), subtype 0, changed to false
Config CONFIGURATION_UNKNOWN, Key PLAYER_37 (0x064ae3d5), subtype 0, changed to false
Config CONFIGURATION_UNKNOWN, Key PLAYER_62 (0x0b57e31f), subtype 0, changed to false
Config CONFIGURATION_UNKNOWN, Key PLAYER_1 (0x1258ab5e), subtype 0, changed to false
Config CONFIGURATION_UNKNOWN, Key PLAYER_5 (0x15356f47), subtype 0, changed to false
Config CONFIGURATION_UNKNOWN, Key PLAYER_23 (0x183c168d), subtype 0, changed to false
Config CONFIGURATION_UNKNOWN, Key PLAYER_9 (0x1c83236c), subtype 0, changed to false
Config CONFIGURATION_UNKNOWN, Key PLAYER_27 (0x1f51d294), subtype 0, changed to false
Config CONFIGURATION_UNKNOWN, Key PLAYER_52 (0x207ab0dc), subtype 0, changed to false
Config CONFIGURATION_UNKNOWN, Key PLAYER_56 (0x271774c5), subtype 0, changed to false
Config CONFIGURATION_UNKNOWN, Key PLAYER_13 (0x3311454e), subtype 0, changed to false
Config CONFIGURATION_UNKNOWN, Key PLAYER_17 (0x347c8157), subtype 0, changed to false
Config CONFIGURATION_UNKNOWN, Key PLAYER_42 (0x3961819d), subtype 0, changed to false
Config CONFIGURATION_UNKNOWN, Key PLAYER_46 (0x3e0c4584), subtype 0, changed to false
Config CONFIGURATION_UNKNOWN, Key PLAYER_16 (0x437bb1c1), subtype 0, changed to false
Config CONFIGURATION_UNKNOWN, Key PLAYER_12 (0x441675d8), subtype 0, changed to false
Config CONFIGURATION_UNKNOWN, Key PLAYER_47 (0x490b7512), subtype 0, changed to false
Config CONFIGURATION_UNKNOWN, Key PLAYER_43 (0x4e66b10b), subtype 0, changed to false
Config CONFIGURATION_UNKNOWN, Key PLAYER_57 (0x50104453), subtype 0, changed to false
Config CONFIGURATION_UNKNOWN, Key PLAYER_53 (0x577d804a), subtype 0, changed to false
Config CONFIGURATION_UNKNOWN, Key PLAYER_4 (0x62325fd1), subtype 0, changed to false
Config CONFIGURATION_UNKNOWN, Key PLAYER_0 (0x655f9bc8), subtype 0, changed to false
Config CONFIGURATION_UNKNOWN, Key PLAYER_26 (0x6856e202), subtype 0, changed to false
Config CONFIGURATION_UNKNOWN, Key PLAYER_8 (0x6b8413fa), subtype 0, changed to false
Config CONFIGURATION_UNKNOWN, Key PLAYER_22 (0x6f3b261b), subtype 0, changed to false
Config CONFIGURATION_UNKNOWN, Key PLAYER_36 (0x714dd343), subtype 0, changed to false
Config CONFIGURATION_UNKNOWN, Key PLAYER_32 (0x7620175a), subtype 0, changed to false
Config CONFIGURATION_UNKNOWN, Key PLAYER_63 (0x7c50d389), subtype 0, changed to false
Config CONFIGURATION_UNKNOWN, Key MAP_ROOT (0x7dd11279), subtype 0, changed to false
Config CONFIGURATION_UNKNOWN, Key PLAYER_20 (0x81354737), subtype 0, changed to false
Config CONFIGURATION_UNKNOWN, Key PLAYER_24 (0x8658832e), subtype 0, changed to false
Config CONFIGURATION_UNKNOWN, Key GAME_ROOT (0x871d5b63), subtype 0, changed to false
Config CONFIGURATION_UNKNOWN, Key PLAYER_2 (0x8b51fae4), subtype 0, changed to false
Config CONFIGURATION_UNKNOWN, Key PLAYER_6 (0x8c3c3efd), subtype 0, changed to false
Config CONFIGURATION_UNKNOWN, Key PLAYER_28 (0x8feecf05), subtype 0, changed to false
Config CONFIGURATION_UNKNOWN, Key PLAYER_61 (0x925eb2a5), subtype 0, changed to false
Config CONFIGURATION_UNKNOWN, Key PLAYER_38 (0x96f5fe44), subtype 0, changed to false
Config CONFIGURATION_UNKNOWN, Key PLAYER_30 (0x982e7676), subtype 0, changed to false
Config CONFIGURATION_UNKNOWN, Key PLAYER_34 (0x9f43b26f), subtype 0, changed to false
Config CONFIGURATION_UNKNOWN, Key PLAYER_41 (0xa068d027), subtype 0, changed to false
Config CONFIGURATION_UNKNOWN, Key PLAYER_18 (0xa4c39cc6), subtype 0, changed to false
Config CONFIGURATION_UNKNOWN, Key PLAYER_45 (0xa705143e), subtype 0, changed to false
Config CONFIGURATION_UNKNOWN, Key PLAYER_10 (0xaa1814f4), subtype 0, changed to false
Config CONFIGURATION_UNKNOWN, Key PLAYER_14 (0xad75d0ed), subtype 0, changed to false
Config CONFIGURATION_UNKNOWN, Key PLAYER_49 (0xaeb35815), subtype 0, changed to false
Config CONFIGURATION_UNKNOWN, Key PLAYER_59 (0xb7a86954), subtype 0, changed to false
Config CONFIGURATION_UNKNOWN, Key PLAYER_51 (0xb973e166), subtype 0, changed to false
Config CONFIGURATION_UNKNOWN, Key PLAYER_55 (0xbe1e257f), subtype 0, changed to false
Config CONFIGURATION_UNKNOWN, Key PLAYER_58 (0xc0af59c2), subtype 0, changed to false
Config CONFIGURATION_UNKNOWN, Key PLAYER_54 (0xc91915e9), subtype 0, changed to false
Config CONFIGURATION_UNKNOWN, Key PLAYER_50 (0xce74d1f0), subtype 0, changed to false
Config CONFIGURATION_UNKNOWN, Key PLAYER_44 (0xd00224a8), subtype 0, changed to false
Config CONFIGURATION_UNKNOWN, Key CONFIGURATION_TYPE (0xd08444c1), subtype 0, changed to false
Config Unknown, Key PLAYER_19 (0xd3c4ac50), subtype 0, changed to false
Config Unknown, Key PLAYER_40 (0xd76fe0b1), subtype 0, changed to false
Config Unknown, Key PLAYER_48 (0xd9b46883), subtype 0, changed to false
Config Unknown, Key PLAYER_15 (0xda72e07b), subtype 0, changed to false
Config Unknown, Key PLAYER_11 (0xdd1f2462), subtype 0, changed to false
Config Unknown, Key PLAYER_39 (0xe1f2ced2), subtype 0, changed to false
Config Unknown, Key PLAYER_60 (0xe5598233), subtype 0, changed to false
Config Unknown, Key PLAYER_35 (0xe84482f9), subtype 0, changed to false
Config Unknown, Key PLAYER_31 (0xef2946e0), subtype 0, changed to false
Config Unknown, Key PLAYER_25 (0xf15fb3b8), subtype 0, changed to false
Config Unknown, Key PLAYER_21 (0xf63277a1), subtype 0, changed to false
Config Unknown, Key PLAYER_29 (0xf8e9ff93), subtype 0, changed to false
Config Unknown, Key PLAYER_7 (0xfb3b0e6b), subtype 0, changed to false
Config Unknown, Key PLAYER_3 (0xfc56ca72), subtype 0, changed to false
Config CONFIGURATION_PLAYER, Key BTS_LocalPlayerRunningRotues (0xf17b5a0b), subtype 1, changed to T8:D1:1T9:S12:OriginCityIDD6:327684S12:TraderUnitIDD7:1572869S14:TurnsRemainingD2:13S15:TradePathLengthD1:7S16:OriginCityPlayerD1:1S17:DestinationCityIDD5:65536S21:DestinationCityPlayerD1:1S22:OriginalTurnsRemainingD2:28S8:CacheKeyS16:1_327684_1_65536D1:2T9:S12:OriginCityIDD6:393221S12:TraderUnitIDD7:1703950S14:TurnsRemainingD2:11S15:TradePathLengthD1:6S16:OriginCityPlayerD1:1S17:DestinationCityIDD5:65536S21:DestinationCityPlayerD1:1S22:OriginalTurnsRemainingD2:24S8:CacheKeyS16:1_393221_1_65536D1:3T9:S12:OriginCityIDD6:196610S12:TraderUnitIDD6:851976S14:TurnsRemainingD1:7S15:TradePathLengthD1:8S16:OriginCityPlayerD1:1S17:DestinationCityIDD5:65536S21:DestinationCityPlayerD1:1S22:OriginalTurnsRemainingD2:16S8:CacheKeyS16:1_196610_1_65536D1:4T9:S12:OriginCityIDD6:524295S12:TraderUnitIDD7:2555917S14:TurnsRemainingD2:14S15:TradePathLengthD2:10S16:OriginCityPlayerD1:1S17:DestinationCityIDD5:65536S21:DestinationCityPlayerD1:1S22:OriginalTurnsRemainingD2:20S8:CacheKeyS16:1_524295_1_65536D1:5T9:S12:OriginCityIDD6:458758S12:TraderUnitIDD7:2490385S14:TurnsRemainingD2:16S15:TradePathLengthD2:11S16:OriginCityPlayerD1:1S17:DestinationCityIDD5:65536S21:DestinationCityPlayerD1:1S22:OriginalTurnsRemainingD2:22S8:CacheKeyS16:1_458758_1_65536D1:6T9:S12:OriginCityIDD6:327684S12:TraderUnitIDD7:2752528S14:TurnsRemainingD2:12S15:TradePathLengthD1:8S16:OriginCityPlayerD1:1S17:DestinationCityIDD6:131073S21:DestinationCityPlayerD1:2S22:OriginalTurnsRemainingD2:16S8:CacheKeyS17:1_327684_2_131073D1:7T9:S12:OriginCityIDD6:458758S12:TraderUnitIDD7:3080213S14:TurnsRemainingD2:30S15:TradePathLengthD2:16S16:OriginCityPlayerD1:1S17:DestinationCityIDD6:131073S21:DestinationCityPlayerD1:2S22:OriginalTurnsRemainingD2:32S8:CacheKeyS17:1_458758_2_131073D1:8T9:S12:OriginCityIDD6:262147S12:TraderUnitIDD6:589830S14:TurnsRemainingD2:46S15:TradePathLengthD2:23S16:OriginCityPlayerD1:1S17:DestinationCityIDD6:131073S21:DestinationCityPlayerD1:2S22:OriginalTurnsRemainingD2:46S8:CacheKeyS17:1_262147_2_131073
Config CONFIGURATION_PLAYER, Key BTS_LocalPlayerRunningRotues (0xf17b5a0b), subtype 1, changed to T8:D1:1T9:S12:OriginCityIDD6:327684S12:TraderUnitIDD7:1572869S14:TurnsRemainingD2:13S15:TradePathLengthD1:7S16:OriginCityPlayerD1:1S17:DestinationCityIDD5:65536S21:DestinationCityPlayerD1:1S22:OriginalTurnsRemainingD2:28S8:CacheKeyS16:1_327684_1_65536D1:2T9:S12:OriginCityIDD6:393221S12:TraderUnitIDD7:1703950S14:TurnsRemainingD2:11S15:TradePathLengthD1:6S16:OriginCityPlayerD1:1S17:DestinationCityIDD5:65536S21:DestinationCityPlayerD1:1S22:OriginalTurnsRemainingD2:24S8:CacheKeyS16:1_393221_1_65536D1:3T9:S12:OriginCityIDD6:196610S12:TraderUnitIDD6:851976S14:TurnsRemainingD1:7S15:TradePathLengthD1:8S16:OriginCityPlayerD1:1S17:DestinationCityIDD5:65536S21:DestinationCityPlayerD1:1S22:OriginalTurnsRemainingD2:16S8:CacheKeyS16:1_196610_1_65536D1:4T9:S12:OriginCityIDD6:524295S12:TraderUnitIDD7:2555917S14:TurnsRemainingD2:14S15:TradePathLengthD2:10S16:OriginCityPlayerD1:1S17:DestinationCityIDD5:65536S21:DestinationCityPlayerD1:1S22:OriginalTurnsRemainingD2:20S8:CacheKeyS16:1_524295_1_65536D1:5T9:S12:OriginCityIDD6:458758S12:TraderUnitIDD7:2490385S14:TurnsRemainingD2:16S15:TradePathLengthD2:11S16:OriginCityPlayerD1:1S17:DestinationCityIDD5:65536S21:DestinationCityPlayerD1:1S22:OriginalTurnsRemainingD2:22S8:CacheKeyS16:1_458758_1_65536D1:6T9:S12:OriginCityIDD6:327684S12:TraderUnitIDD7:2752528S14:TurnsRemainingD2:12S15:TradePathLengthD1:8S16:OriginCityPlayerD1:1S17:DestinationCityIDD6:131073S21:DestinationCityPlayerD1:2S22:OriginalTurnsRemainingD2:16S8:CacheKeyS17:1_327684_2_131073D1:7T9:S12:OriginCityIDD6:458758S12:TraderUnitIDD7:3080213S14:TurnsRemainingD2:30S15:TradePathLengthD2:16S16:OriginCityPlayerD1:1S17:DestinationCityIDD6:131073S21:DestinationCityPlayerD1:2S22:OriginalTurnsRemainingD2:32S8:CacheKeyS17:1_458758_2_131073D1:8T9:S12:OriginCityIDD6:262147S12:TraderUnitIDD6:589830S14:TurnsRemainingD2:46S15:TradePathLengthD2:23S16:OriginCityPlayerD1:1S17:DestinationCityIDD6:131073S21:DestinationCityPlayerD1:2S22:OriginalTurnsRemainingD2:46S8:CacheKeyS17:1_262147_2_131073
Config CONFIGURATION_PLAYER, Key BTS_LocalPlayerRunningRotues (0xf17b5a0b), subtype 1, changed to T8:D1:1T9:S12:OriginCityIDD6:327684S12:TraderUnitIDD7:1572869S14:TurnsRemainingD2:13S15:TradePathLengthD1:7S16:OriginCityPlayerD1:1S17:DestinationCityIDD5:65536S21:DestinationCityPlayerD1:1S22:OriginalTurnsRemainingD2:28S8:CacheKeyS16:1_327684_1_65536D1:2T9:S12:OriginCityIDD6:393221S12:TraderUnitIDD7:1703950S14:TurnsRemainingD2:11S15:TradePathLengthD1:6S16:OriginCityPlayerD1:1S17:DestinationCityIDD5:65536S21:DestinationCityPlayerD1:1S22:OriginalTurnsRemainingD2:24S8:CacheKeyS16:1_393221_1_65536D1:3T9:S12:OriginCityIDD6:196610S12:TraderUnitIDD6:851976S14:TurnsRemainingD1:7S15:TradePathLengthD1:8S16:OriginCityPlayerD1:1S17:DestinationCityIDD5:65536S21:DestinationCityPlayerD1:1S22:OriginalTurnsRemainingD2:16S8:CacheKeyS16:1_196610_1_65536D1:4T9:S12:OriginCityIDD6:524295S12:TraderUnitIDD7:2555917S14:TurnsRemainingD2:14S15:TradePathLengthD2:10S16:OriginCityPlayerD1:1S17:DestinationCityIDD5:65536S21:DestinationCityPlayerD1:1S22:OriginalTurnsRemainingD2:20S8:CacheKeyS16:1_524295_1_65536D1:5T9:S12:OriginCityIDD6:458758S12:TraderUnitIDD7:2490385S14:TurnsRemainingD2:16S15:TradePathLengthD2:11S16:OriginCityPlayerD1:1S17:DestinationCityIDD5:65536S21:DestinationCityPlayerD1:1S22:OriginalTurnsRemainingD2:22S8:CacheKeyS16:1_458758_1_65536D1:6T9:S12:OriginCityIDD6:327684S12:TraderUnitIDD7:2752528S14:TurnsRemainingD2:12S15:TradePathLengthD1:8S16:OriginCityPlayerD1:1S17:DestinationCityIDD6:131073S21:DestinationCityPlayerD1:2S22:OriginalTurnsRemainingD2:16S8:CacheKeyS17:1_327684_2_131073D1:7T9:S12:OriginCityIDD6:458758S12:TraderUnitIDD7:3080213S14:TurnsRemainingD2:30S15:TradePathLengthD2:16S16:OriginCityPlayerD1:1S17:DestinationCityIDD6:131073S21:DestinationCityPlayerD1:2S22:OriginalTurnsRemainingD2:32S8:CacheKeyS17:1_458758_2_131073D1:8T9:S12:OriginCityIDD6:262147S12:TraderUnitIDD6:589830S14:TurnsRemainingD2:46S15:TradePathLengthD2:23S16:OriginCityPlayerD1:1S17:DestinationCityIDD6:131073S21:DestinationCityPlayerD1:2S22:OriginalTurnsRemainingD2:46S8:CacheKeyS17:1_262147_2_131073
Config CONFIGURATION_PLAYER, Key BTS_LocalPlayerRunningRotues (0xf17b5a0b), subtype 1, changed to T8:D1:1T9:S12:OriginCityIDD6:327684S12:TraderUnitIDD7:1572869S14:TurnsRemainingD2:12S15:TradePathLengthD1:7S16:OriginCityPlayerD1:1S17:DestinationCityIDD5:65536S21:DestinationCityPlayerD1:1S22:OriginalTurnsRemainingD2:28S8:CacheKeyS16:1_327684_1_65536D1:2T9:S12:OriginCityIDD6:393221S12:TraderUnitIDD7:1703950S14:TurnsRemainingD2:10S15:TradePathLengthD1:6S16:OriginCityPlayerD1:1S17:DestinationCityIDD5:65536S21:DestinationCityPlayerD1:1S22:OriginalTurnsRemainingD2:24S8:CacheKeyS16:1_393221_1_65536D1:3T9:S12:OriginCityIDD6:196610S12:TraderUnitIDD6:851976S14:TurnsRemainingD1:6S15:TradePathLengthD1:8S16:OriginCityPlayerD1:1S17:DestinationCityIDD5:65536S21:DestinationCityPlayerD1:1S22:OriginalTurnsRemainingD2:16S8:CacheKeyS16:1_196610_1_65536D1:4T9:S12:OriginCityIDD6:524295S12:TraderUnitIDD7:2555917S14:TurnsRemainingD2:13S15:TradePathLengthD2:10S16:OriginCityPlayerD1:1S17:DestinationCityIDD5:65536S21:DestinationCityPlayerD1:1S22:OriginalTurnsRemainingD2:20S8:CacheKeyS16:1_524295_1_65536D1:5T9:S12:OriginCityIDD6:458758S12:TraderUnitIDD7:2490385S14:TurnsRemainingD2:15S15:TradePathLengthD2:11S16:OriginCityPlayerD1:1S17:DestinationCityIDD5:65536S21:DestinationCityPlayerD1:1S22:OriginalTurnsRemainingD2:22S8:CacheKeyS16:1_458758_1_65536D1:6T9:S12:OriginCityIDD6:327684S12:TraderUnitIDD7:2752528S14:TurnsRemainingD2:11S15:TradePathLengthD1:8S16:OriginCityPlayerD1:1S17:DestinationCityIDD6:131073S21:DestinationCityPlayerD1:2S22:OriginalTurnsRemainingD2:16S8:CacheKeyS17:1_327684_2_131073D1:7T9:S12:OriginCityIDD6:458758S12:TraderUnitIDD7:3080213S14:TurnsRemainingD2:29S15:TradePathLengthD2:16S16:OriginCityPlayerD1:1S17:DestinationCityIDD6:131073S21:DestinationCityPlayerD1:2S22:OriginalTurnsRemainingD2:32S8:CacheKeyS17:1_458758_2_131073D1:8T9:S12:OriginCityIDD6:262147S12:TraderUnitIDD6:589830S14:TurnsRemainingD2:45S15:TradePathLengthD2:23S16:OriginCityPlayerD1:1S17:DestinationCityIDD6:131073S21:DestinationCityPlayerD1:2S22:OriginalTurnsRemainingD2:46S8:CacheKeyS17:1_262147_2_131073
Config CONFIGURATION_PLAYER, Key DMT_MapPinSubjects (0x57b07b7b), subtype 1, changed to T0:
Config CONFIGURATION_PLAYER, Key BTS_LocalPlayerRunningRotues (0xf17b5a0b), subtype 1, changed to T8:D1:1T9:S12:OriginCityIDD6:327684S12:TraderUnitIDD7:1572869S14:TurnsRemainingD2:12S15:TradePathLengthD1:7S16:OriginCityPlayerD1:1S17:DestinationCityIDD5:65536S21:DestinationCityPlayerD1:1S22:OriginalTurnsRemainingD2:28S8:CacheKeyS16:1_327684_1_65536D1:2T9:S12:OriginCityIDD6:393221S12:TraderUnitIDD7:1703950S14:TurnsRemainingD2:10S15:TradePathLengthD1:6S16:OriginCityPlayerD1:1S17:DestinationCityIDD5:65536S21:DestinationCityPlayerD1:1S22:OriginalTurnsRemainingD2:24S8:CacheKeyS16:1_393221_1_65536D1:3T9:S12:OriginCityIDD6:196610S12:TraderUnitIDD6:851976S14:TurnsRemainingD1:6S15:TradePathLengthD1:8S16:OriginCityPlayerD1:1S17:DestinationCityIDD5:65536S21:DestinationCityPlayerD1:1S22:OriginalTurnsRemainingD2:16S8:CacheKeyS16:1_196610_1_65536D1:4T9:S12:OriginCityIDD6:524295S12:TraderUnitIDD7:2555917S14:TurnsRemainingD2:13S15:TradePathLengthD2:10S16:OriginCityPlayerD1:1S17:DestinationCityIDD5:65536S21:DestinationCityPlayerD1:1S22:OriginalTurnsRemainingD2:20S8:CacheKeyS16:1_524295_1_65536D1:5T9:S12:OriginCityIDD6:458758S12:TraderUnitIDD7:2490385S14:TurnsRemainingD2:15S15:TradePathLengthD2:11S16:OriginCityPlayerD1:1S17:DestinationCityIDD5:65536S21:DestinationCityPlayerD1:1S22:OriginalTurnsRemainingD2:22S8:CacheKeyS16:1_458758_1_65536D1:6T9:S12:OriginCityIDD6:327684S12:TraderUnitIDD7:2752528S14:TurnsRemainingD2:11S15:TradePathLengthD1:8S16:OriginCityPlayerD1:1S17:DestinationCityIDD6:131073S21:DestinationCityPlayerD1:2S22:OriginalTurnsRemainingD2:16S8:CacheKeyS17:1_327684_2_131073D1:7T9:S12:OriginCityIDD6:458758S12:TraderUnitIDD7:3080213S14:TurnsRemainingD2:29S15:TradePathLengthD2:16S16:OriginCityPlayerD1:1S17:DestinationCityIDD6:131073S21:DestinationCityPlayerD1:2S22:OriginalTurnsRemainingD2:32S8:CacheKeyS17:1_458758_2_131073D1:8T9:S12:OriginCityIDD6:262147S12:TraderUnitIDD6:589830S14:TurnsRemainingD2:45S15:TradePathLengthD2:23S16:OriginCityPlayerD1:1S17:DestinationCityIDD6:131073S21:DestinationCityPlayerD1:2S22:OriginalTurnsRemainingD2:46S8:CacheKeyS17:1_262147_2_131073
Config CONFIGURATION_PLAYER, Key BTS_LocalPlayerRunningRotues (0xf17b5a0b), subtype 1, changed to T8:D1:1T9:S12:OriginCityIDD6:327684S12:TraderUnitIDD7:1572869S14:TurnsRemainingD2:11S15:TradePathLengthD1:7S16:OriginCityPlayerD1:1S17:DestinationCityIDD5:65536S21:DestinationCityPlayerD1:1S22:OriginalTurnsRemainingD2:28S8:CacheKeyS16:1_327684_1_65536D1:2T9:S12:OriginCityIDD6:393221S12:TraderUnitIDD7:1703950S14:TurnsRemainingD1:9S15:TradePathLengthD1:6S16:OriginCityPlayerD1:1S17:DestinationCityIDD5:65536S21:DestinationCityPlayerD1:1S22:OriginalTurnsRemainingD2:24S8:CacheKeyS16:1_393221_1_65536D1:3T9:S12:OriginCityIDD6:196610S12:TraderUnitIDD6:851976S14:TurnsRemainingD1:5S15:TradePathLengthD1:8S16:OriginCityPlayerD1:1S17:DestinationCityIDD5:65536S21:DestinationCityPlayerD1:1S22:OriginalTurnsRemainingD2:16S8:CacheKeyS16:1_196610_1_65536D1:4T9:S12:OriginCityIDD6:524295S12:TraderUnitIDD7:2555917S14:TurnsRemainingD2:12S15:TradePathLengthD2:10S16:OriginCityPlayerD1:1S17:DestinationCityIDD5:65536S21:DestinationCityPlayerD1:1S22:OriginalTurnsRemainingD2:20S8:CacheKeyS16:1_524295_1_65536D1:5T9:S12:OriginCityIDD6:458758S12:TraderUnitIDD7:2490385S14:TurnsRemainingD2:14S15:TradePathLengthD2:11S16:OriginCityPlayerD1:1S17:DestinationCityIDD5:65536S21:DestinationCityPlayerD1:1S22:OriginalTurnsRemainingD2:22S8:CacheKeyS16:1_458758_1_65536D1:6T9:S12:OriginCityIDD6:327684S12:TraderUnitIDD7:2752528S14:TurnsRemainingD2:10S15:TradePathLengthD1:8S16:OriginCityPlayerD1:1S17:DestinationCityIDD6:131073S21:DestinationCityPlayerD1:2S22:OriginalTurnsRemainingD2:16S8:CacheKeyS17:1_327684_2_131073D1:7T9:S12:OriginCityIDD6:458758S12:TraderUnitIDD7:3080213S14:TurnsRemainingD2:28S15:TradePathLengthD2:16S16:OriginCityPlayerD1:1S17:DestinationCityIDD6:131073S21:DestinationCityPlayerD1:2S22:OriginalTurnsRemainingD2:32S8:CacheKeyS17:1_458758_2_131073D1:8T9:S12:OriginCityIDD6:262147S12:TraderUnitIDD6:589830S14:TurnsRemainingD2:44S15:TradePathLengthD2:23S16:OriginCityPlayerD1:1S17:DestinationCityIDD6:131073S21:DestinationCityPlayerD1:2S22:OriginalTurnsRemainingD2:46S8:CacheKeyS17:1_262147_2_131073
Config CONFIGURATION_PLAYER, Key BTS_LocalPlayerRunningRotues (0xf17b5a0b), subtype 1, changed to T9:D1:1T9:S12:OriginCityIDD6:327684S12:TraderUnitIDD7:1572869S14:TurnsRemainingD2:11S15:TradePathLengthD1:7S16:OriginCityPlayerD1:1S17:DestinationCityIDD5:65536S21:DestinationCityPlayerD1:1S22:OriginalTurnsRemainingD2:28S8:CacheKeyS16:1_327684_1_65536D1:2T9:S12:OriginCityIDD6:393221S12:TraderUnitIDD7:1703950S14:TurnsRemainingD1:9S15:TradePathLengthD1:6S16:OriginCityPlayerD1:1S17:DestinationCityIDD5:65536S21:DestinationCityPlayerD1:1S22:OriginalTurnsRemainingD2:24S8:CacheKeyS16:1_393221_1_65536D1:3T9:S12:OriginCityIDD6:196610S12:TraderUnitIDD6:851976S14:TurnsRemainingD1:5S15:TradePathLengthD1:8S16:OriginCityPlayerD1:1S17:DestinationCityIDD5:65536S21:DestinationCityPlayerD1:1S22:OriginalTurnsRemainingD2:16S8:CacheKeyS16:1_196610_1_65536D1:4T9:S12:OriginCityIDD6:524295S12:TraderUnitIDD7:2555917S14:TurnsRemainingD2:12S15:TradePathLengthD2:10S16:OriginCityPlayerD1:1S17:DestinationCityIDD5:65536S21:DestinationCityPlayerD1:1S22:OriginalTurnsRemainingD2:20S8:CacheKeyS16:1_524295_1_65536D1:5T9:S12:OriginCityIDD6:458758S12:TraderUnitIDD7:2490385S14:TurnsRemainingD2:14S15:TradePathLengthD2:11S16:OriginCityPlayerD1:1S17:DestinationCityIDD5:65536S21:DestinationCityPlayerD1:1S22:OriginalTurnsRemainingD2:22S8:CacheKeyS16:1_458758_1_65536D1:6T9:S12:OriginCityIDD6:327684S12:TraderUnitIDD7:2752528S14:TurnsRemainingD2:10S15:TradePathLengthD1:8S16:OriginCityPlayerD1:1S17:DestinationCityIDD6:131073S21:DestinationCityPlayerD1:2S22:OriginalTurnsRemainingD2:16S8:CacheKeyS17:1_327684_2_131073D1:7T9:S12:OriginCityIDD6:458758S12:TraderUnitIDD7:3080213S14:TurnsRemainingD2:28S15:TradePathLengthD2:16S16:OriginCityPlayerD1:1S17:DestinationCityIDD6:131073S21:DestinationCityPlayerD1:2S22:OriginalTurnsRemainingD2:32S8:CacheKeyS17:1_458758_2_131073D1:8T9:S12:OriginCityIDD6:262147S12:TraderUnitIDD6:589830S14:TurnsRemainingD2:44S15:TradePathLengthD2:23S16:OriginCityPlayerD1:1S17:DestinationCityIDD6:131073S21:DestinationCityPlayerD1:2S22:OriginalTurnsRemainingD2:46S8:CacheKeyS17:1_262147_2_131073D1:9T9:S12:OriginCityIDD6:393221S12:TraderUnitIDD7:3866650S14:TurnsRemainingD2:24S15:TradePathLengthD2:12S16:OriginCityPlayerD1:1S17:DestinationCityIDD6:131073S21:DestinationCityPlayerD1:2S22:OriginalTurnsRemainingD2:24S8:CacheKeyS17:1_393221_2_131073
Config CONFIGURATION_PLAYER, Key BTS_LocalPlayerRunningRotues (0xf17b5a0b), subtype 1, changed to T10:D1:1T9:S12:OriginCityIDD6:327684S12:TraderUnitIDD7:1572869S14:TurnsRemainingD2:11S15:TradePathLengthD1:7S16:OriginCityPlayerD1:1S17:DestinationCityIDD5:65536S21:DestinationCityPlayerD1:1S22:OriginalTurnsRemainingD2:28S8:CacheKeyS16:1_327684_1_65536D1:2T9:S12:OriginCityIDD6:393221S12:TraderUnitIDD7:1703950S14:TurnsRemainingD1:9S15:TradePathLengthD1:6S16:OriginCityPlayerD1:1S17:DestinationCityIDD5:65536S21:DestinationCityPlayerD1:1S22:OriginalTurnsRemainingD2:24S8:CacheKeyS16:1_393221_1_65536D1:3T9:S12:OriginCityIDD6:196610S12:TraderUnitIDD6:851976S14:TurnsRemainingD1:5S15:TradePathLengthD1:8S16:OriginCityPlayerD1:1S17:DestinationCityIDD5:65536S21:DestinationCityPlayerD1:1S22:OriginalTurnsRemainingD2:16S8:CacheKeyS16:1_196610_1_65536D1:4T9:S12:OriginCityIDD6:524295S12:TraderUnitIDD7:2555917S14:TurnsRemainingD2:12S15:TradePathLengthD2:10S16:OriginCityPlayerD1:1S17:DestinationCityIDD5:65536S21:DestinationCityPlayerD1:1S22:OriginalTurnsRemainingD2:20S8:CacheKeyS16:1_524295_1_65536D1:5T9:S12:OriginCityIDD6:458758S12:TraderUnitIDD7:2490385S14:TurnsRemainingD2:14S15:TradePathLengthD2:11S16:OriginCityPlayerD1:1S17:DestinationCityIDD5:65536S21:DestinationCityPlayerD1:1S22:OriginalTurnsRemainingD2:22S8:CacheKeyS16:1_458758_1_65536D1:6T9:S12:OriginCityIDD6:327684S12:TraderUnitIDD7:2752528S14:TurnsRemainingD2:10S15:TradePathLengthD1:8S16:OriginCityPlayerD1:1S17:DestinationCityIDD6:131073S21:DestinationCityPlayerD1:2S22:OriginalTurnsRemainingD2:16S8:CacheKeyS17:1_327684_2_131073D1:7T9:S12:OriginCityIDD6:458758S12:TraderUnitIDD7:3080213S14:TurnsRemainingD2:28S15:TradePathLengthD2:16S16:OriginCityPlayerD1:1S17:DestinationCityIDD6:131073S21:DestinationCityPlayerD1:2S22:OriginalTurnsRemainingD2:32S8:CacheKeyS17:1_458758_2_131073D1:8T9:S12:OriginCityIDD6:262147S12:TraderUnitIDD6:589830S14:TurnsRemainingD2:44S15:TradePathLengthD2:23S16:OriginCityPlayerD1:1S17:DestinationCityIDD6:131073S21:DestinationCityPlayerD1:2S22:OriginalTurnsRemainingD2:46S8:CacheKeyS17:1_262147_2_131073D1:9T9:S12:OriginCityIDD6:393221S12:TraderUnitIDD7:3866650S14:TurnsRemainingD2:24S15:TradePathLengthD2:12S16:OriginCityPlayerD1:1S17:DestinationCityIDD6:131073S21:DestinationCityPlayerD1:2S22:OriginalTurnsRemainingD2:24S8:CacheKeyS17:1_393221_2_131073D2:10T9:S12:OriginCityIDD6:327684S12:TraderUnitIDD7:4063261S14:TurnsRemainingD2:38S15:TradePathLengthD2:19S16:OriginCityPlayerD1:1S17:DestinationCityIDD5:65536S21:DestinationCityPlayerD1:3S22:OriginalTurnsRemainingD2:38S8:CacheKeyS16:1_327684_3_65536
Config CONFIGURATION_PLAYER, Key BTS_LocalPlayerRunningRotues (0xf17b5a0b), subtype 1, changed to T10:D1:1T9:S12:OriginCityIDD6:327684S12:TraderUnitIDD7:1572869S14:TurnsRemainingD2:11S15:TradePathLengthD1:7S16:OriginCityPlayerD1:1S17:DestinationCityIDD5:65536S21:DestinationCityPlayerD1:1S22:OriginalTurnsRemainingD2:28S8:CacheKeyS16:1_327684_1_65536D1:2T9:S12:OriginCityIDD6:393221S12:TraderUnitIDD7:1703950S14:TurnsRemainingD1:9S15:TradePathLengthD1:6S16:OriginCityPlayerD1:1S17:DestinationCityIDD5:65536S21:DestinationCityPlayerD1:1S22:OriginalTurnsRemainingD2:24S8:CacheKeyS16:1_393221_1_65536D1:3T9:S12:OriginCityIDD6:196610S12:TraderUnitIDD6:851976S14:TurnsRemainingD1:5S15:TradePathLengthD1:8S16:OriginCityPlayerD1:1S17:DestinationCityIDD5:65536S21:DestinationCityPlayerD1:1S22:OriginalTurnsRemainingD2:16S8:CacheKeyS16:1_196610_1_65536D1:4T9:S12:OriginCityIDD6:524295S12:TraderUnitIDD7:2555917S14:TurnsRemainingD2:12S15:TradePathLengthD2:10S16:OriginCityPlayerD1:1S17:DestinationCityIDD5:65536S21:DestinationCityPlayerD1:1S22:OriginalTurnsRemainingD2:20S8:CacheKeyS16:1_524295_1_65536D1:5T9:S12:OriginCityIDD6:458758S12:TraderUnitIDD7:2490385S14:TurnsRemainingD2:14S15:TradePathLengthD2:11S16:OriginCityPlayerD1:1S17:DestinationCityIDD5:65536S21:DestinationCityPlayerD1:1S22:OriginalTurnsRemainingD2:22S8:CacheKeyS16:1_458758_1_65536D1:6T9:S12:OriginCityIDD6:327684S12:TraderUnitIDD7:2752528S14:TurnsRemainingD2:10S15:TradePathLengthD1:8S16:OriginCityPlayerD1:1S17:DestinationCityIDD6:131073S21:DestinationCityPlayerD1:2S22:OriginalTurnsRemainingD2:16S8:CacheKeyS17:1_327684_2_131073D1:7T9:S12:OriginCityIDD6:458758S12:TraderUnitIDD7:3080213S14:TurnsRemainingD2:28S15:TradePathLengthD2:16S16:OriginCityPlayerD1:1S17:DestinationCityIDD6:131073S21:DestinationCityPlayerD1:2S22:OriginalTurnsRemainingD2:32S8:CacheKeyS17:1_458758_2_131073D1:8T9:S12:OriginCityIDD6:262147S12:TraderUnitIDD6:589830S14:TurnsRemainingD2:44S15:TradePathLengthD2:23S16:OriginCityPlayerD1:1S17:DestinationCityIDD6:131073S21:DestinationCityPlayerD1:2S22:OriginalTurnsRemainingD2:46S8:CacheKeyS17:1_262147_2_131073D1:9T9:S12:OriginCityIDD6:393221S12:TraderUnitIDD7:3866650S14:TurnsRemainingD2:24S15:TradePathLengthD2:12S16:OriginCityPlayerD1:1S17:DestinationCityIDD6:131073S21:DestinationCityPlayerD1:2S22:OriginalTurnsRemainingD2:24S8:CacheKeyS17:1_393221_2_131073D2:10T9:S12:OriginCityIDD6:327684S12:TraderUnitIDD7:4063261S14:TurnsRemainingD2:38S15:TradePathLengthD2:19S16:OriginCityPlayerD1:1S17:DestinationCityIDD5:65536S21:DestinationCityPlayerD1:3S22:OriginalTurnsRemainingD2:38S8:CacheKeyS16:1_327684_3_65536
Config CONFIGURATION_PLAYER, Key BTS_LocalPlayerRunningRotues (0xf17b5a0b), subtype 1, changed to T11:D1:1T9:S12:OriginCityIDD6:327684S12:TraderUnitIDD7:1572869S14:TurnsRemainingD2:11S15:TradePathLengthD1:7S16:OriginCityPlayerD1:1S17:DestinationCityIDD5:65536S21:DestinationCityPlayerD1:1S22:OriginalTurnsRemainingD2:28S8:CacheKeyS16:1_327684_1_65536D1:2T9:S12:OriginCityIDD6:393221S12:TraderUnitIDD7:1703950S14:TurnsRemainingD1:9S15:TradePathLengthD1:6S16:OriginCityPlayerD1:1S17:DestinationCityIDD5:65536S21:DestinationCityPlayerD1:1S22:OriginalTurnsRemainingD2:24S8:CacheKeyS16:1_393221_1_65536D1:3T9:S12:OriginCityIDD6:196610S12:TraderUnitIDD6:851976S14:TurnsRemainingD1:5S15:TradePathLengthD1:8S16:OriginCityPlayerD1:1S17:DestinationCityIDD5:65536S21:DestinationCityPlayerD1:1S22:OriginalTurnsRemainingD2:16S8:CacheKeyS16:1_196610_1_65536D1:4T9:S12:OriginCityIDD6:524295S12:TraderUnitIDD7:2555917S14:TurnsRemainingD2:12S15:TradePathLengthD2:10S16:OriginCityPlayerD1:1S17:DestinationCityIDD5:65536S21:DestinationCityPlayerD1:1S22:OriginalTurnsRemainingD2:20S8:CacheKeyS16:1_524295_1_65536D1:5T9:S12:OriginCityIDD6:458758S12:TraderUnitIDD7:2490385S14:TurnsRemainingD2:14S15:TradePathLengthD2:11S16:OriginCityPlayerD1:1S17:DestinationCityIDD5:65536S21:DestinationCityPlayerD1:1S22:OriginalTurnsRemainingD2:22S8:CacheKeyS16:1_458758_1_65536D1:6T9:S12:OriginCityIDD6:327684S12:TraderUnitIDD7:2752528S14:TurnsRemainingD2:10S15:TradePathLengthD1:8S16:OriginCityPlayerD1:1S17:DestinationCityIDD6:131073S21:DestinationCityPlayerD1:2S22:OriginalTurnsRemainingD2:16S8:CacheKeyS17:1_327684_2_131073D1:7T9:S12:OriginCityIDD6:458758S12:TraderUnitIDD7:3080213S14:TurnsRemainingD2:28S15:TradePathLengthD2:16S16:OriginCityPlayerD1:1S17:DestinationCityIDD6:131073S21:DestinationCityPlayerD1:2S22:OriginalTurnsRemainingD2:32S8:CacheKeyS17:1_458758_2_131073D1:8T9:S12:OriginCityIDD6:262147S12:TraderUnitIDD6:589830S14:TurnsRemainingD2:44S15:TradePathLengthD2:23S16:OriginCityPlayerD1:1S17:DestinationCityIDD6:131073S21:DestinationCityPlayerD1:2S22:OriginalTurnsRemainingD2:46S8:CacheKeyS17:1_262147_2_131073D1:9T9:S12:OriginCityIDD6:393221S12:TraderUnitIDD7:3866650S14:TurnsRemainingD2:24S15:TradePathLengthD2:12S16:OriginCityPlayerD1:1S17:DestinationCityIDD6:131073S21:DestinationCityPlayerD1:2S22:OriginalTurnsRemainingD2:24S8:CacheKeyS17:1_393221_2_131073D2:10T9:S12:OriginCityIDD6:327684S12:TraderUnitIDD7:4063261S14:TurnsRemainingD2:38S15:TradePathLengthD2:19S16:OriginCityPlayerD1:1S17:DestinationCityIDD5:65536S21:DestinationCityPlayerD1:3S22:OriginalTurnsRemainingD2:38S8:CacheKeyS16:1_327684_3_65536D2:11T9:S12:OriginCityIDD6:131073S12:TraderUnitIDD7:3997724S14:TurnsRemainingD2:38S15:TradePathLengthD2:19S16:OriginCityPlayerD1:1S17:DestinationCityIDD6:131073S21:DestinationCityPlayerD1:2S22:OriginalTurnsRemainingD2:38S8:CacheKeyS17:1_131073_2_131073
Config CONFIGURATION_PLAYER, Key BTS_LocalPlayerRunningRotues (0xf17b5a0b), subtype 1, changed to T11:D1:1T9:S12:OriginCityIDD6:327684S12:TraderUnitIDD7:1572869S14:TurnsRemainingD2:11S15:TradePathLengthD1:7S16:OriginCityPlayerD1:1S17:DestinationCityIDD5:65536S21:DestinationCityPlayerD1:1S22:OriginalTurnsRemainingD2:28S8:CacheKeyS16:1_327684_1_65536D1:2T9:S12:OriginCityIDD6:393221S12:TraderUnitIDD7:1703950S14:TurnsRemainingD1:9S15:TradePathLengthD1:6S16:OriginCityPlayerD1:1S17:DestinationCityIDD5:65536S21:DestinationCityPlayerD1:1S22:OriginalTurnsRemainingD2:24S8:CacheKeyS16:1_393221_1_65536D1:3T9:S12:OriginCityIDD6:196610S12:TraderUnitIDD6:851976S14:TurnsRemainingD1:5S15:TradePathLengthD1:8S16:OriginCityPlayerD1:1S17:DestinationCityIDD5:65536S21:DestinationCityPlayerD1:1S22:OriginalTurnsRemainingD2:16S8:CacheKeyS16:1_196610_1_65536D1:4T9:S12:OriginCityIDD6:524295S12:TraderUnitIDD7:2555917S14:TurnsRemainingD2:12S15:TradePathLengthD2:10S16:OriginCityPlayerD1:1S17:DestinationCityIDD5:65536S21:DestinationCityPlayerD1:1S22:OriginalTurnsRemainingD2:20S8:CacheKeyS16:1_524295_1_65536D1:5T9:S12:OriginCityIDD6:458758S12:TraderUnitIDD7:2490385S14:TurnsRemainingD2:14S15:TradePathLengthD2:11S16:OriginCityPlayerD1:1S17:DestinationCityIDD5:65536S21:DestinationCityPlayerD1:1S22:OriginalTurnsRemainingD2:22S8:CacheKeyS16:1_458758_1_65536D1:6T9:S12:OriginCityIDD6:327684S12:TraderUnitIDD7:2752528S14:TurnsRemainingD2:10S15:TradePathLengthD1:8S16:OriginCityPlayerD1:1S17:DestinationCityIDD6:131073S21:DestinationCityPlayerD1:2S22:OriginalTurnsRemainingD2:16S8:CacheKeyS17:1_327684_2_131073D1:7T9:S12:OriginCityIDD6:458758S12:TraderUnitIDD7:3080213S14:TurnsRemainingD2:28S15:TradePathLengthD2:16S16:OriginCityPlayerD1:1S17:DestinationCityIDD6:131073S21:DestinationCityPlayerD1:2S22:OriginalTurnsRemainingD2:32S8:CacheKeyS17:1_458758_2_131073D1:8T9:S12:OriginCityIDD6:262147S12:TraderUnitIDD6:589830S14:TurnsRemainingD2:44S15:TradePathLengthD2:23S16:OriginCityPlayerD1:1S17:DestinationCityIDD6:131073S21:DestinationCityPlayerD1:2S22:OriginalTurnsRemainingD2:46S8:CacheKeyS17:1_262147_2_131073D1:9T9:S12:OriginCityIDD6:393221S12:TraderUnitIDD7:3866650S14:TurnsRemainingD2:24S15:TradePathLengthD2:12S16:OriginCityPlayerD1:1S17:DestinationCityIDD6:131073S21:DestinationCityPlayerD1:2S22:OriginalTurnsRemainingD2:24S8:CacheKeyS17:1_393221_2_131073D2:10T9:S12:OriginCityIDD6:327684S12:TraderUnitIDD7:4063261S14:TurnsRemainingD2:38S15:TradePathLengthD2:19S16:OriginCityPlayerD1:1S17:DestinationCityIDD5:65536S21:DestinationCityPlayerD1:3S22:OriginalTurnsRemainingD2:38S8:CacheKeyS16:1_327684_3_65536D2:11T9:S12:OriginCityIDD6:131073S12:TraderUnitIDD7:3997724S14:TurnsRemainingD2:38S15:TradePathLengthD2:19S16:OriginCityPlayerD1:1S17:DestinationCityIDD6:131073S21:DestinationCityPlayerD1:2S22:OriginalTurnsRemainingD2:38S8:CacheKeyS17:1_131073_2_131073
Config CONFIGURATION_PLAYER, Key BTS_LocalPlayerRunningRotues (0xf17b5a0b), subtype 1, changed to T11:D1:1T9:S12:OriginCityIDD6:327684S12:TraderUnitIDD7:1572869S14:TurnsRemainingD2:10S15:TradePathLengthD1:7S16:OriginCityPlayerD1:1S17:DestinationCityIDD5:65536S21:DestinationCityPlayerD1:1S22:OriginalTurnsRemainingD2:28S8:CacheKeyS16:1_327684_1_65536D1:2T9:S12:OriginCityIDD6:393221S12:TraderUnitIDD7:1703950S14:TurnsRemainingD1:8S15:TradePathLengthD1:6S16:OriginCityPlayerD1:1S17:DestinationCityIDD5:65536S21:DestinationCityPlayerD1:1S22:OriginalTurnsRemainingD2:24S8:CacheKeyS16:1_393221_1_65536D1:3T9:S12:OriginCityIDD6:196610S12:TraderUnitIDD6:851976S14:TurnsRemainingD1:4S15:TradePathLengthD1:8S16:OriginCityPlayerD1:1S17:DestinationCityIDD5:65536S21:DestinationCityPlayerD1:1S22:OriginalTurnsRemainingD2:16S8:CacheKeyS16:1_196610_1_65536D1:4T9:S12:OriginCityIDD6:524295S12:TraderUnitIDD7:2555917S14:TurnsRemainingD2:11S15:TradePathLengthD2:10S16:OriginCityPlayerD1:1S17:DestinationCityIDD5:65536S21:DestinationCityPlayerD1:1S22:OriginalTurnsRemainingD2:20S8:CacheKeyS16:1_524295_1_65536D1:5T9:S12:OriginCityIDD6:458758S12:TraderUnitIDD7:2490385S14:TurnsRemainingD2:13S15:TradePathLengthD2:11S16:OriginCityPlayerD1:1S17:DestinationCityIDD5:65536S21:DestinationCityPlayerD1:1S22:OriginalTurnsRemainingD2:22S8:CacheKeyS16:1_458758_1_65536D1:6T9:S12:OriginCityIDD6:327684S12:TraderUnitIDD7:2752528S14:TurnsRemainingD1:9S15:TradePathLengthD1:8S16:OriginCityPlayerD1:1S17:DestinationCityIDD6:131073S21:DestinationCityPlayerD1:2S22:OriginalTurnsRemainingD2:16S8:CacheKeyS17:1_327684_2_131073D1:7T9:S12:OriginCityIDD6:458758S12:TraderUnitIDD7:3080213S14:TurnsRemainingD2:27S15:TradePathLengthD2:16S16:OriginCityPlayerD1:1S17:DestinationCityIDD6:131073S21:DestinationCityPlayerD1:2S22:OriginalTurnsRemainingD2:32S8:CacheKeyS17:1_458758_2_131073D1:8T9:S12:OriginCityIDD6:262147S12:TraderUnitIDD6:589830S14:TurnsRemainingD2:43S15:TradePathLengthD2:23S16:OriginCityPlayerD1:1S17:DestinationCityIDD6:131073S21:DestinationCityPlayerD1:2S22:OriginalTurnsRemainingD2:46S8:CacheKeyS17:1_262147_2_131073D1:9T9:S12:OriginCityIDD6:393221S12:TraderUnitIDD7:3866650S14:TurnsRemainingD2:23S15:TradePathLengthD2:12S16:OriginCityPlayerD1:1S17:DestinationCityIDD6:131073S21:DestinationCityPlayerD1:2S22:OriginalTurnsRemainingD2:24S8:CacheKeyS17:1_393221_2_131073D2:10T9:S12:OriginCityIDD6:327684S12:TraderUnitIDD7:4063261S14:TurnsRemainingD2:37S15:TradePathLengthD2:19S16:OriginCityPlayerD1:1S17:DestinationCityIDD5:65536S21:DestinationCityPlayerD1:3S22:OriginalTurnsRemainingD2:38S8:CacheKeyS16:1_327684_3_65536D2:11T9:S12:OriginCityIDD6:131073S12:TraderUnitIDD7:3997724S14:TurnsRemainingD2:37S15:TradePathLengthD2:19S16:OriginCityPlayerD1:1S17:DestinationCityIDD6:131073S21:DestinationCityPlayerD1:2S22:OriginalTurnsRemainingD2:38S8:CacheKeyS17:1_131073_2_131073
Config CONFIGURATION_PLAYER, Key BTS_LocalPlayerRunningRotues (0xf17b5a0b), subtype 1, changed to T11:D1:1T9:S12:OriginCityIDD6:327684S12:TraderUnitIDD7:1572869S14:TurnsRemainingD2:10S15:TradePathLengthD1:7S16:OriginCityPlayerD1:1S17:DestinationCityIDD5:65536S21:DestinationCityPlayerD1:1S22:OriginalTurnsRemainingD2:28S8:CacheKeyS16:1_327684_1_65536D1:2T9:S12:OriginCityIDD6:393221S12:TraderUnitIDD7:1703950S14:TurnsRemainingD1:8S15:TradePathLengthD1:6S16:OriginCityPlayerD1:1S17:DestinationCityIDD5:65536S21:DestinationCityPlayerD1:1S22:OriginalTurnsRemainingD2:24S8:CacheKeyS16:1_393221_1_65536D1:3T9:S12:OriginCityIDD6:196610S12:TraderUnitIDD6:851976S14:TurnsRemainingD1:4S15:TradePathLengthD1:8S16:OriginCityPlayerD1:1S17:DestinationCityIDD5:65536S21:DestinationCityPlayerD1:1S22:OriginalTurnsRemainingD2:16S8:CacheKeyS16:1_196610_1_65536D1:4T9:S12:OriginCityIDD6:524295S12:TraderUnitIDD7:2555917S14:TurnsRemainingD2:11S15:TradePathLengthD2:10S16:OriginCityPlayerD1:1S17:DestinationCityIDD5:65536S21:DestinationCityPlayerD1:1S22:OriginalTurnsRemainingD2:20S8:CacheKeyS16:1_524295_1_65536D1:5T9:S12:OriginCityIDD6:458758S12:TraderUnitIDD7:2490385S14:TurnsRemainingD2:13S15:TradePathLengthD2:11S16:OriginCityPlayerD1:1S17:DestinationCityIDD5:65536S21:DestinationCityPlayerD1:1S22:OriginalTurnsRemainingD2:22S8:CacheKeyS16:1_458758_1_65536D1:6T9:S12:OriginCityIDD6:327684S12:TraderUnitIDD7:2752528S14:TurnsRemainingD1:9S15:TradePathLengthD1:8S16:OriginCityPlayerD1:1S17:DestinationCityIDD6:131073S21:DestinationCityPlayerD1:2S22:OriginalTurnsRemainingD2:16S8:CacheKeyS17:1_327684_2_131073D1:7T9:S12:OriginCityIDD6:458758S12:TraderUnitIDD7:3080213S14:TurnsRemainingD2:27S15:TradePathLengthD2:16S16:OriginCityPlayerD1:1S17:DestinationCityIDD6:131073S21:DestinationCityPlayerD1:2S22:OriginalTurnsRemainingD2:32S8:CacheKeyS17:1_458758_2_131073D1:8T9:S12:OriginCityIDD6:262147S12:TraderUnitIDD6:589830S14:TurnsRemainingD2:43S15:TradePathLengthD2:23S16:OriginCityPlayerD1:1S17:DestinationCityIDD6:131073S21:DestinationCityPlayerD1:2S22:OriginalTurnsRemainingD2:46S8:CacheKeyS17:1_262147_2_131073D1:9T9:S12:OriginCityIDD6:393221S12:TraderUnitIDD7:3866650S14:TurnsRemainingD2:23S15:TradePathLengthD2:12S16:OriginCityPlayerD1:1S17:DestinationCityIDD6:131073S21:DestinationCityPlayerD1:2S22:OriginalTurnsRemainingD2:24S8:CacheKeyS17:1_393221_2_131073D2:10T9:S12:OriginCityIDD6:327684S12:TraderUnitIDD7:4063261S14:TurnsRemainingD2:37S15:TradePathLengthD2:19S16:OriginCityPlayerD1:1S17:DestinationCityIDD5:65536S21:DestinationCityPlayerD1:3S22:OriginalTurnsRemainingD2:38S8:CacheKeyS16:1_327684_3_65536D2:11T9:S12:OriginCityIDD6:131073S12:TraderUnitIDD7:3997724S14:TurnsRemainingD2:37S15:TradePathLengthD2:19S16:OriginCityPlayerD1:1S17:DestinationCityIDD6:131073S21:DestinationCityPlayerD1:2S22:OriginalTurnsRemainingD2:38S8:CacheKeyS17:1_131073_2_131073
Config CONFIGURATION_PLAYER, Key BTS_LocalPlayerRunningRotues (0xf17b5a0b), subtype 1, changed to T11:D1:1T9:S12:OriginCityIDD6:327684S12:TraderUnitIDD7:1572869S14:TurnsRemainingD1:9S15:TradePathLengthD1:7S16:OriginCityPlayerD1:1S17:DestinationCityIDD5:65536S21:DestinationCityPlayerD1:1S22:OriginalTurnsRemainingD2:28S8:CacheKeyS16:1_327684_1_65536D1:2T9:S12:OriginCityIDD6:393221S12:TraderUnitIDD7:1703950S14:TurnsRemainingD1:7S15:TradePathLengthD1:6S16:OriginCityPlayerD1:1S17:DestinationCityIDD5:65536S21:DestinationCityPlayerD1:1S22:OriginalTurnsRemainingD2:24S8:CacheKeyS16:1_393221_1_65536D1:3T9:S12:OriginCityIDD6:196610S12:TraderUnitIDD6:851976S14:TurnsRemainingD1:3S15:TradePathLengthD1:8S16:OriginCityPlayerD1:1S17:DestinationCityIDD5:65536S21:DestinationCityPlayerD1:1S22:OriginalTurnsRemainingD2:16S8:CacheKeyS16:1_196610_1_65536D1:4T9:S12:OriginCityIDD6:524295S12:TraderUnitIDD7:2555917S14:TurnsRemainingD2:10S15:TradePathLengthD2:10S16:OriginCityPlayerD1:1S17:DestinationCityIDD5:65536S21:DestinationCityPlayerD1:1S22:OriginalTurnsRemainingD2:20S8:CacheKeyS16:1_524295_1_65536D1:5T9:S12:OriginCityIDD6:458758S12:TraderUnitIDD7:2490385S14:TurnsRemainingD2:12S15:TradePathLengthD2:11S16:OriginCityPlayerD1:1S17:DestinationCityIDD5:65536S21:DestinationCityPlayerD1:1S22:OriginalTurnsRemainingD2:22S8:CacheKeyS16:1_458758_1_65536D1:6T9:S12:OriginCityIDD6:327684S12:TraderUnitIDD7:2752528S14:TurnsRemainingD1:8S15:TradePathLengthD1:8S16:OriginCityPlayerD1:1S17:DestinationCityIDD6:131073S21:DestinationCityPlayerD1:2S22:OriginalTurnsRemainingD2:16S8:CacheKeyS17:1_327684_2_131073D1:7T9:S12:OriginCityIDD6:458758S12:TraderUnitIDD7:3080213S14:TurnsRemainingD2:26S15:TradePathLengthD2:16S16:OriginCityPlayerD1:1S17:DestinationCityIDD6:131073S21:DestinationCityPlayerD1:2S22:OriginalTurnsRemainingD2:32S8:CacheKeyS17:1_458758_2_131073D1:8T9:S12:OriginCityIDD6:262147S12:TraderUnitIDD6:589830S14:TurnsRemainingD2:42S15:TradePathLengthD2:23S16:OriginCityPlayerD1:1S17:DestinationCityIDD6:131073S21:DestinationCityPlayerD1:2S22:OriginalTurnsRemainingD2:46S8:CacheKeyS17:1_262147_2_131073D1:9T9:S12:OriginCityIDD6:393221S12:TraderUnitIDD7:3866650S14:TurnsRemainingD2:22S15:TradePathLengthD2:12S16:OriginCityPlayerD1:1S17:DestinationCityIDD6:131073S21:DestinationCityPlayerD1:2S22:OriginalTurnsRemainingD2:24S8:CacheKeyS17:1_393221_2_131073D2:10T9:S12:OriginCityIDD6:327684S12:TraderUnitIDD7:4063261S14:TurnsRemainingD2:36S15:TradePathLengthD2:19S16:OriginCityPlayerD1:1S17:DestinationCityIDD5:65536S21:DestinationCityPlayerD1:3S22:OriginalTurnsRemainingD2:38S8:CacheKeyS16:1_327684_3_65536D2:11T9:S12:OriginCityIDD6:131073S12:TraderUnitIDD7:3997724S14:TurnsRemainingD2:36S15:TradePathLengthD2:19S16:OriginCityPlayerD1:1S17:DestinationCityIDD6:131073S21:DestinationCityPlayerD1:2S22:OriginalTurnsRemainingD2:38S8:CacheKeyS17:1_131073_2_131073
Config CONFIGURATION_PLAYER, Key BTS_LocalPlayerRunningRotues (0xf17b5a0b), subtype 1, changed to T12:D1:1T9:S12:OriginCityIDD6:327684S12:TraderUnitIDD7:1572869S14:TurnsRemainingD1:9S15:TradePathLengthD1:7S16:OriginCityPlayerD1:1S17:DestinationCityIDD5:65536S21:DestinationCityPlayerD1:1S22:OriginalTurnsRemainingD2:28S8:CacheKeyS16:1_327684_1_65536D1:2T9:S12:OriginCityIDD6:393221S12:TraderUnitIDD7:1703950S14:TurnsRemainingD1:7S15:TradePathLengthD1:6S16:OriginCityPlayerD1:1S17:DestinationCityIDD5:65536S21:DestinationCityPlayerD1:1S22:OriginalTurnsRemainingD2:24S8:CacheKeyS16:1_393221_1_65536D1:3T9:S12:OriginCityIDD6:196610S12:TraderUnitIDD6:851976S14:TurnsRemainingD1:3S15:TradePathLengthD1:8S16:OriginCityPlayerD1:1S17:DestinationCityIDD5:65536S21:DestinationCityPlayerD1:1S22:OriginalTurnsRemainingD2:16S8:CacheKeyS16:1_196610_1_65536D1:4T9:S12:OriginCityIDD6:524295S12:TraderUnitIDD7:2555917S14:TurnsRemainingD2:10S15:TradePathLengthD2:10S16:OriginCityPlayerD1:1S17:DestinationCityIDD5:65536S21:DestinationCityPlayerD1:1S22:OriginalTurnsRemainingD2:20S8:CacheKeyS16:1_524295_1_65536D1:5T9:S12:OriginCityIDD6:458758S12:TraderUnitIDD7:2490385S14:TurnsRemainingD2:12S15:TradePathLengthD2:11S16:OriginCityPlayerD1:1S17:DestinationCityIDD5:65536S21:DestinationCityPlayerD1:1S22:OriginalTurnsRemainingD2:22S8:CacheKeyS16:1_458758_1_65536D1:6T9:S12:OriginCityIDD6:327684S12:TraderUnitIDD7:2752528S14:TurnsRemainingD1:8S15:TradePathLengthD1:8S16:OriginCityPlayerD1:1S17:DestinationCityIDD6:131073S21:DestinationCityPlayerD1:2S22:OriginalTurnsRemainingD2:16S8:CacheKeyS17:1_327684_2_131073D1:7T9:S12:OriginCityIDD6:458758S12:TraderUnitIDD7:3080213S14:TurnsRemainingD2:26S15:TradePathLengthD2:16S16:OriginCityPlayerD1:1S17:DestinationCityIDD6:131073S21:DestinationCityPlayerD1:2S22:OriginalTurnsRemainingD2:32S8:CacheKeyS17:1_458758_2_131073D1:8T9:S12:OriginCityIDD6:262147S12:TraderUnitIDD6:589830S14:TurnsRemainingD2:42S15:TradePathLengthD2:23S16:OriginCityPlayerD1:1S17:DestinationCityIDD6:131073S21:DestinationCityPlayerD1:2S22:OriginalTurnsRemainingD2:46S8:CacheKeyS17:1_262147_2_131073D1:9T9:S12:OriginCityIDD6:393221S12:TraderUnitIDD7:3866650S14:TurnsRemainingD2:22S15:TradePathLengthD2:12S16:OriginCityPlayerD1:1S17:DestinationCityIDD6:131073S21:DestinationCityPlayerD1:2S22:OriginalTurnsRemainingD2:24S8:CacheKeyS17:1_393221_2_131073D2:10T9:S12:OriginCityIDD6:327684S12:TraderUnitIDD7:4063261S14:TurnsRemainingD2:36S15:TradePathLengthD2:19S16:OriginCityPlayerD1:1S17:DestinationCityIDD5:65536S21:DestinationCityPlayerD1:3S22:OriginalTurnsRemainingD2:38S8:CacheKeyS16:1_327684_3_65536D2:11T9:S12:OriginCityIDD6:131073S12:TraderUnitIDD7:3997724S14:TurnsRemainingD2:36S15:TradePathLengthD2:19S16:OriginCityPlayerD1:1S17:DestinationCityIDD6:131073S21:DestinationCityPlayerD1:2S22:OriginalTurnsRemainingD2:38S8:CacheKeyS17:1_131073_2_131073D2:12T9:S12:OriginCityIDD6:393221S12:TraderUnitIDD7:4128798S14:TurnsRemainingD2:58S15:TradePathLengthD2:29S16:OriginCityPlayerD1:1S17:DestinationCityIDD6:327684S21:DestinationCityPlayerD1:0S22:OriginalTurnsRemainingD2:58S8:CacheKeyS17:1_393221_0_327684
Sent GameConfigurationRebuilt
Sent GameConfigurationRebuilt
Sent GameConfigurationRebuilt
Config CONFIGURATION_UNKNOWN, Key PLAYER_33 (0x012727cc), subtype 0, changed to false
Config CONFIGURATION_UNKNOWN, Key PLAYER_37 (0x064ae3d5), subtype 0, changed to false
Config CONFIGURATION_UNKNOWN, Key PLAYER_62 (0x0b57e31f), subtype 0, changed to false
Config CONFIGURATION_UNKNOWN, Key PLAYER_1 (0x1258ab5e), subtype 0, changed to false
Config CONFIGURATION_UNKNOWN, Key PLAYER_5 (0x15356f47), subtype 0, changed to false
Config CONFIGURATION_UNKNOWN, Key PLAYER_23 (0x183c168d), subtype 0, changed to false
Config CONFIGURATION_UNKNOWN, Key PLAYER_9 (0x1c83236c), subtype 0, changed to false
Config CONFIGURATION_UNKNOWN, Key PLAYER_27 (0x1f51d294), subtype 0, changed to false
Config CONFIGURATION_UNKNOWN, Key PLAYER_52 (0x207ab0dc), subtype 0, changed to false
Config CONFIGURATION_UNKNOWN, Key PLAYER_56 (0x271774c5), subtype 0, changed to false
Config CONFIGURATION_UNKNOWN, Key PLAYER_13 (0x3311454e), subtype 0, changed to false
Config CONFIGURATION_UNKNOWN, Key PLAYER_17 (0x347c8157), subtype 0, changed to false
Config CONFIGURATION_UNKNOWN, Key PLAYER_42 (0x3961819d), subtype 0, changed to false
Config CONFIGURATION_UNKNOWN, Key PLAYER_46 (0x3e0c4584), subtype 0, changed to false
Config CONFIGURATION_UNKNOWN, Key PLAYER_16 (0x437bb1c1), subtype 0, changed to false
Config CONFIGURATION_UNKNOWN, Key PLAYER_12 (0x441675d8), subtype 0, changed to false
Config CONFIGURATION_UNKNOWN, Key PLAYER_47 (0x490b7512), subtype 0, changed to false
Config CONFIGURATION_UNKNOWN, Key PLAYER_43 (0x4e66b10b), subtype 0, changed to false
Config CONFIGURATION_UNKNOWN, Key PLAYER_57 (0x50104453), subtype 0, changed to false
Config CONFIGURATION_UNKNOWN, Key PLAYER_53 (0x577d804a), subtype 0, changed to false
Config CONFIGURATION_UNKNOWN, Key PLAYER_4 (0x62325fd1), subtype 0, changed to false
Config CONFIGURATION_UNKNOWN, Key PLAYER_0 (0x655f9bc8), subtype 0, changed to false
Config CONFIGURATION_UNKNOWN, Key PLAYER_26 (0x6856e202), subtype 0, changed to false
Config CONFIGURATION_UNKNOWN, Key PLAYER_8 (0x6b8413fa), subtype 0, changed to false
Config CONFIGURATION_UNKNOWN, Key PLAYER_22 (0x6f3b261b), subtype 0, changed to false
Config CONFIGURATION_UNKNOWN, Key PLAYER_36 (0x714dd343), subtype 0, changed to false
Config CONFIGURATION_UNKNOWN, Key PLAYER_32 (0x7620175a), subtype 0, changed to false
Config CONFIGURATION_UNKNOWN, Key PLAYER_63 (0x7c50d389), subtype 0, changed to false
Config CONFIGURATION_UNKNOWN, Key MAP_ROOT (0x7dd11279), subtype 0, changed to false
Config CONFIGURATION_UNKNOWN, Key PLAYER_20 (0x81354737), subtype 0, changed to false
Config CONFIGURATION_UNKNOWN, Key PLAYER_24 (0x8658832e), subtype 0, changed to false
Config CONFIGURATION_UNKNOWN, Key GAME_ROOT (0x871d5b63), subtype 0, changed to false
Config CONFIGURATION_UNKNOWN, Key PLAYER_2 (0x8b51fae4), subtype 0, changed to false
Config CONFIGURATION_UNKNOWN, Key PLAYER_6 (0x8c3c3efd), subtype 0, changed to false
Config CONFIGURATION_UNKNOWN, Key PLAYER_28 (0x8feecf05), subtype 0, changed to false
Config CONFIGURATION_UNKNOWN, Key PLAYER_61 (0x925eb2a5), subtype 0, changed to false
Config CONFIGURATION_UNKNOWN, Key PLAYER_38 (0x96f5fe44), subtype 0, changed to false
Config CONFIGURATION_UNKNOWN, Key PLAYER_30 (0x982e7676), subtype 0, changed to false
Config CONFIGURATION_UNKNOWN, Key PLAYER_34 (0x9f43b26f), subtype 0, changed to false
Config CONFIGURATION_UNKNOWN, Key PLAYER_41 (0xa068d027), subtype 0, changed to false
Config CONFIGURATION_UNKNOWN, Key PLAYER_18 (0xa4c39cc6), subtype 0, changed to false
Config CONFIGURATION_UNKNOWN, Key PLAYER_45 (0xa705143e), subtype 0, changed to false
Config CONFIGURATION_UNKNOWN, Key PLAYER_10 (0xaa1814f4), subtype 0, changed to false
Config CONFIGURATION_UNKNOWN, Key PLAYER_14 (0xad75d0ed), subtype 0, changed to false
Config CONFIGURATION_UNKNOWN, Key PLAYER_49 (0xaeb35815), subtype 0, changed to false
Config CONFIGURATION_UNKNOWN, Key PLAYER_59 (0xb7a86954), subtype 0, changed to false
Config CONFIGURATION_UNKNOWN, Key PLAYER_51 (0xb973e166), subtype 0, changed to false
Config CONFIGURATION_UNKNOWN, Key PLAYER_55 (0xbe1e257f), subtype 0, changed to false
Config CONFIGURATION_UNKNOWN, Key PLAYER_58 (0xc0af59c2), subtype 0, changed to false
Config CONFIGURATION_UNKNOWN, Key PLAYER_54 (0xc91915e9), subtype 0, changed to false
Config CONFIGURATION_UNKNOWN, Key PLAYER_50 (0xce74d1f0), subtype 0, changed to false
Config CONFIGURATION_UNKNOWN, Key PLAYER_44 (0xd00224a8), subtype 0, changed to false
Config CONFIGURATION_UNKNOWN, Key CONFIGURATION_TYPE (0xd08444c1), subtype 0, changed to false
Config Unknown, Key PLAYER_19 (0xd3c4ac50), subtype 0, changed to false
Config Unknown, Key PLAYER_40 (0xd76fe0b1), subtype 0, changed to false
Config Unknown, Key PLAYER_48 (0xd9b46883), subtype 0, changed to false
Config Unknown, Key PLAYER_15 (0xda72e07b), subtype 0, changed to false
Config Unknown, Key PLAYER_11 (0xdd1f2462), subtype 0, changed to false
Config Unknown, Key PLAYER_39 (0xe1f2ced2), subtype 0, changed to false
Config Unknown, Key PLAYER_60 (0xe5598233), subtype 0, changed to false
Config Unknown, Key PLAYER_35 (0xe84482f9), subtype 0, changed to false
Config Unknown, Key PLAYER_31 (0xef2946e0), subtype 0, changed to false
Config Unknown, Key PLAYER_25 (0xf15fb3b8), subtype 0, changed to false
Config Unknown, Key PLAYER_21 (0xf63277a1), subtype 0, changed to false
Config Unknown, Key PLAYER_29 (0xf8e9ff93), subtype 0, changed to false
Config Unknown, Key PLAYER_7 (0xfb3b0e6b), subtype 0, changed to false
Config Unknown, Key PLAYER_3 (0xfc56ca72), subtype 0, changed to false
Config CONFIGURATION_PLAYER, Key READY_STATUS (0xa4bd04b1), subtype 0, changed to false
Config CONFIGURATION_PLAYER, Key READY_STATUS (0xa4bd04b1), subtype 1, changed to false
Config CONFIGURATION_PLAYER, Key READY_STATUS (0xa4bd04b1), subtype 2, changed to false
Config CONFIGURATION_PLAYER, Key READY_STATUS (0xa4bd04b1), subtype 3, changed to false
Config CONFIGURATION_PLAYER, Key READY_STATUS (0xa4bd04b1), subtype 4, changed to false
Config CONFIGURATION_PLAYER, Key NETWORK_NAME (0x8e72249a), subtype 1, changed to ZYL@76561199003168956
Config CONFIGURATION_PLAYER, Key NICK_NAME (0xdab96bfd), subtype 1, changed to ZYL
Config CONFIGURATION_PLAYER, Key CIVILIZATION_LEVEL_TYPE_NAME (0xca55abbe), subtype 1, changed to CIVILIZATION_LEVEL_FULL_CIV
Config CONFIGURATION_PLAYER, Key MOD_READY_STATUS (0xfc7b1f66), subtype 2, changed to false
Config CONFIGURATION_PLAYER, Key NETWORK_NAME (0x8e72249a), subtype 2, changed to 骆驼来了，你马没了@76561199021996474
Config CONFIGURATION_PLAYER, Key NICK_NAME (0xdab96bfd), subtype 2, changed to 骆驼来了，你马没了
Config CONFIGURATION_PLAYER, Key CIVILIZATION_LEVEL_TYPE_NAME (0xca55abbe), subtype 2, changed to CIVILIZATION_LEVEL_FULL_CIV
Config CONFIGURATION_PLAYER, Key MOD_READY_STATUS (0xfc7b1f66), subtype 3, changed to false
Config CONFIGURATION_PLAYER, Key NETWORK_NAME (0x8e72249a), subtype 3, changed to longyizhu@76561198931045205
Config CONFIGURATION_PLAYER, Key NICK_NAME (0xdab96bfd), subtype 3, changed to longyizhu
Config CONFIGURATION_PLAYER, Key CIVILIZATION_LEVEL_TYPE_NAME (0xca55abbe), subtype 3, changed to CIVILIZATION_LEVEL_FULL_CIV
Config CONFIGURATION_PLAYER, Key MOD_READY_STATUS (0xfc7b1f66), subtype 4, changed to false
Config CONFIGURATION_PLAYER, Key NETWORK_NAME (0x8e72249a), subtype 4, changed to skyverse@76561198178704646
Config CONFIGURATION_PLAYER, Key NICK_NAME (0xdab96bfd), subtype 4, changed to skyverse
Config CONFIGURATION_PLAYER, Key CIVILIZATION_LEVEL_TYPE_NAME (0xca55abbe), subtype 4, changed to CIVILIZATION_LEVEL_FULL_CIV
Config CONFIGURATION_PLAYER, Key READY_STATUS (0xa4bd04b1), subtype 1, changed to true
Config CONFIGURATION_PLAYER, Key MOD_READY_STATUS (0xfc7b1f66), subtype 0, changed to false
Config CONFIGURATION_PLAYER, Key NETWORK_NAME (0x8e72249a), subtype 0, changed to 咕咕二世@76561198162178797
Config CONFIGURATION_PLAYER, Key NICK_NAME (0xdab96bfd), subtype 0, changed to 咕咕二世
Config CONFIGURATION_PLAYER, Key CIVILIZATION_LEVEL_TYPE_NAME (0xca55abbe), subtype 0, changed to CIVILIZATION_LEVEL_FULL_CIV
Config CONFIGURATION_UNKNOWN, Key PLAYER_33 (0x012727cc), subtype 0, changed to false
Config CONFIGURATION_UNKNOWN, Key PLAYER_37 (0x064ae3d5), subtype 0, changed to false
Config CONFIGURATION_UNKNOWN, Key PLAYER_62 (0x0b57e31f), subtype 0, changed to false
Config CONFIGURATION_UNKNOWN, Key PLAYER_1 (0x1258ab5e), subtype 0, changed to false
Config CONFIGURATION_UNKNOWN, Key PLAYER_5 (0x15356f47), subtype 0, changed to false
Config CONFIGURATION_UNKNOWN, Key PLAYER_23 (0x183c168d), subtype 0, changed to false
Config CONFIGURATION_UNKNOWN, Key PLAYER_9 (0x1c83236c), subtype 0, changed to false
Config CONFIGURATION_UNKNOWN, Key PLAYER_27 (0x1f51d294), subtype 0, changed to false
Config CONFIGURATION_UNKNOWN, Key PLAYER_52 (0x207ab0dc), subtype 0, changed to false
Config CONFIGURATION_UNKNOWN, Key PLAYER_56 (0x271774c5), subtype 0, changed to false
Config CONFIGURATION_UNKNOWN, Key PLAYER_13 (0x3311454e), subtype 0, changed to false
Config CONFIGURATION_UNKNOWN, Key PLAYER_17 (0x347c8157), subtype 0, changed to false
Config CONFIGURATION_UNKNOWN, Key PLAYER_42 (0x3961819d), subtype 0, changed to false
Config CONFIGURATION_UNKNOWN, Key PLAYER_46 (0x3e0c4584), subtype 0, changed to false
Config CONFIGURATION_UNKNOWN, Key PLAYER_16 (0x437bb1c1), subtype 0, changed to false
Config CONFIGURATION_UNKNOWN, Key PLAYER_12 (0x441675d8), subtype 0, changed to false
Config CONFIGURATION_UNKNOWN, Key PLAYER_47 (0x490b7512), subtype 0, changed to false
Config CONFIGURATION_UNKNOWN, Key PLAYER_43 (0x4e66b10b), subtype 0, changed to false
Config CONFIGURATION_UNKNOWN, Key PLAYER_57 (0x50104453), subtype 0, changed to false
Config CONFIGURATION_UNKNOWN, Key PLAYER_53 (0x577d804a), subtype 0, changed to false
Config CONFIGURATION_UNKNOWN, Key PLAYER_4 (0x62325fd1), subtype 0, changed to false
Config CONFIGURATION_UNKNOWN, Key PLAYER_0 (0x655f9bc8), subtype 0, changed to false
Config CONFIGURATION_UNKNOWN, Key PLAYER_26 (0x6856e202), subtype 0, changed to false
Config CONFIGURATION_UNKNOWN, Key PLAYER_8 (0x6b8413fa), subtype 0, changed to false
Config CONFIGURATION_UNKNOWN, Key PLAYER_22 (0x6f3b261b), subtype 0, changed to false
Config CONFIGURATION_UNKNOWN, Key PLAYER_36 (0x714dd343), subtype 0, changed to false
Config CONFIGURATION_UNKNOWN, Key PLAYER_32 (0x7620175a), subtype 0, changed to false
Config CONFIGURATION_UNKNOWN, Key PLAYER_63 (0x7c50d389), subtype 0, changed to false
Config CONFIGURATION_UNKNOWN, Key MAP_ROOT (0x7dd11279), subtype 0, changed to false
Config CONFIGURATION_UNKNOWN, Key PLAYER_20 (0x81354737), subtype 0, changed to false
Config CONFIGURATION_UNKNOWN, Key PLAYER_24 (0x8658832e), subtype 0, changed to false
Config CONFIGURATION_UNKNOWN, Key GAME_ROOT (0x871d5b63), subtype 0, changed to false
Config CONFIGURATION_UNKNOWN, Key PLAYER_2 (0x8b51fae4), subtype 0, changed to false
Config CONFIGURATION_UNKNOWN, Key PLAYER_6 (0x8c3c3efd), subtype 0, changed to false
Config CONFIGURATION_UNKNOWN, Key PLAYER_28 (0x8feecf05), subtype 0, changed to false
Config CONFIGURATION_UNKNOWN, Key PLAYER_61 (0x925eb2a5), subtype 0, changed to false
Config CONFIGURATION_UNKNOWN, Key PLAYER_38 (0x96f5fe44), subtype 0, changed to false
Config CONFIGURATION_UNKNOWN, Key PLAYER_30 (0x982e7676), subtype 0, changed to false
Config CONFIGURATION_UNKNOWN, Key PLAYER_34 (0x9f43b26f), subtype 0, changed to false
Config CONFIGURATION_UNKNOWN, Key PLAYER_41 (0xa068d027), subtype 0, changed to false
Config CONFIGURATION_UNKNOWN, Key PLAYER_18 (0xa4c39cc6), subtype 0, changed to false
Config CONFIGURATION_UNKNOWN, Key PLAYER_45 (0xa705143e), subtype 0, changed to false
Config CONFIGURATION_UNKNOWN, Key PLAYER_10 (0xaa1814f4), subtype 0, changed to false
Config CONFIGURATION_UNKNOWN, Key PLAYER_14 (0xad75d0ed), subtype 0, changed to false
Config CONFIGURATION_UNKNOWN, Key PLAYER_49 (0xaeb35815), subtype 0, changed to false
Config CONFIGURATION_UNKNOWN, Key PLAYER_59 (0xb7a86954), subtype 0, changed to false
Config CONFIGURATION_UNKNOWN, Key PLAYER_51 (0xb973e166), subtype 0, changed to false
Config CONFIGURATION_UNKNOWN, Key PLAYER_55 (0xbe1e257f), subtype 0, changed to false
Config CONFIGURATION_UNKNOWN, Key PLAYER_58 (0xc0af59c2), subtype 0, changed to false
Config CONFIGURATION_UNKNOWN, Key PLAYER_54 (0xc91915e9), subtype 0, changed to false
Config CONFIGURATION_UNKNOWN, Key PLAYER_50 (0xce74d1f0), subtype 0, changed to false
Config CONFIGURATION_UNKNOWN, Key PLAYER_44 (0xd00224a8), subtype 0, changed to false
Config CONFIGURATION_UNKNOWN, Key CONFIGURATION_TYPE (0xd08444c1), subtype 0, changed to false
Config Unknown, Key PLAYER_19 (0xd3c4ac50), subtype 0, changed to false
Config Unknown, Key PLAYER_40 (0xd76fe0b1), subtype 0, changed to false
Config Unknown, Key PLAYER_48 (0xd9b46883), subtype 0, changed to false
Config Unknown, Key PLAYER_15 (0xda72e07b), subtype 0, changed to false
Config Unknown, Key PLAYER_11 (0xdd1f2462), subtype 0, changed to false
Config Unknown, Key PLAYER_39 (0xe1f2ced2), subtype 0, changed to false
Config Unknown, Key PLAYER_60 (0xe5598233), subtype 0, changed to false
Config Unknown, Key PLAYER_35 (0xe84482f9), subtype 0, changed to false
Config Unknown, Key PLAYER_31 (0xef2946e0), subtype 0, changed to false
Config Unknown, Key PLAYER_25 (0xf15fb3b8), subtype 0, changed to false
Config Unknown, Key PLAYER_21 (0xf63277a1), subtype 0, changed to false
Config Unknown, Key PLAYER_29 (0xf8e9ff93), subtype 0, changed to false
Config Unknown, Key PLAYER_7 (0xfb3b0e6b), subtype 0, changed to false
Config Unknown, Key PLAYER_3 (0xfc56ca72), subtype 0, changed to false
Config CONFIGURATION_UNKNOWN, Key PLAYER_33 (0x012727cc), subtype 0, changed to false
Config CONFIGURATION_UNKNOWN, Key PLAYER_37 (0x064ae3d5), subtype 0, changed to false
Config CONFIGURATION_UNKNOWN, Key PLAYER_62 (0x0b57e31f), subtype 0, changed to false
Config CONFIGURATION_UNKNOWN, Key PLAYER_1 (0x1258ab5e), subtype 0, changed to false
Config CONFIGURATION_UNKNOWN, Key PLAYER_5 (0x15356f47), subtype 0, changed to false
Config CONFIGURATION_UNKNOWN, Key PLAYER_23 (0x183c168d), subtype 0, changed to false
Config CONFIGURATION_UNKNOWN, Key PLAYER_9 (0x1c83236c), subtype 0, changed to false
Config CONFIGURATION_UNKNOWN, Key PLAYER_27 (0x1f51d294), subtype 0, changed to false
Config CONFIGURATION_UNKNOWN, Key PLAYER_52 (0x207ab0dc), subtype 0, changed to false
Config CONFIGURATION_UNKNOWN, Key PLAYER_56 (0x271774c5), subtype 0, changed to false
Config CONFIGURATION_UNKNOWN, Key PLAYER_13 (0x3311454e), subtype 0, changed to false
Config CONFIGURATION_UNKNOWN, Key PLAYER_17 (0x347c8157), subtype 0, changed to false
Config CONFIGURATION_UNKNOWN, Key PLAYER_42 (0x3961819d), subtype 0, changed to false
Config CONFIGURATION_UNKNOWN, Key PLAYER_46 (0x3e0c4584), subtype 0, changed to false
Config CONFIGURATION_UNKNOWN, Key PLAYER_16 (0x437bb1c1), subtype 0, changed to false
Config CONFIGURATION_UNKNOWN, Key PLAYER_12 (0x441675d8), subtype 0, changed to false
Config CONFIGURATION_UNKNOWN, Key PLAYER_47 (0x490b7512), subtype 0, changed to false
Config CONFIGURATION_UNKNOWN, Key PLAYER_43 (0x4e66b10b), subtype 0, changed to false
Config CONFIGURATION_UNKNOWN, Key PLAYER_57 (0x50104453), subtype 0, changed to false
Config CONFIGURATION_UNKNOWN, Key PLAYER_53 (0x577d804a), subtype 0, changed to false
Config CONFIGURATION_UNKNOWN, Key PLAYER_4 (0x62325fd1), subtype 0, changed to false
Config CONFIGURATION_UNKNOWN, Key PLAYER_0 (0x655f9bc8), subtype 0, changed to false
Config CONFIGURATION_UNKNOWN, Key PLAYER_26 (0x6856e202), subtype 0, changed to false
Config CONFIGURATION_UNKNOWN, Key PLAYER_8 (0x6b8413fa), subtype 0, changed to false
Config CONFIGURATION_UNKNOWN, Key PLAYER_22 (0x6f3b261b), subtype 0, changed to false
Config CONFIGURATION_UNKNOWN, Key PLAYER_36 (0x714dd343), subtype 0, changed to false
Config CONFIGURATION_UNKNOWN, Key PLAYER_32 (0x7620175a), subtype 0, changed to false
Config CONFIGURATION_UNKNOWN, Key PLAYER_63 (0x7c50d389), subtype 0, changed to false
Config CONFIGURATION_UNKNOWN, Key MAP_ROOT (0x7dd11279), subtype 0, changed to false
Config CONFIGURATION_UNKNOWN, Key PLAYER_20 (0x81354737), subtype 0, changed to false
Config CONFIGURATION_UNKNOWN, Key PLAYER_24 (0x8658832e), subtype 0, changed to false
Config CONFIGURATION_UNKNOWN, Key GAME_ROOT (0x871d5b63), subtype 0, changed to false
Config CONFIGURATION_UNKNOWN, Key PLAYER_2 (0x8b51fae4), subtype 0, changed to false
Config CONFIGURATION_UNKNOWN, Key PLAYER_6 (0x8c3c3efd), subtype 0, changed to false
Config CONFIGURATION_UNKNOWN, Key PLAYER_28 (0x8feecf05), subtype 0, changed to false
Config CONFIGURATION_UNKNOWN, Key PLAYER_61 (0x925eb2a5), subtype 0, changed to false
Config CONFIGURATION_UNKNOWN, Key PLAYER_38 (0x96f5fe44), subtype 0, changed to false
Config CONFIGURATION_UNKNOWN, Key PLAYER_30 (0x982e7676), subtype 0, changed to false
Config CONFIGURATION_UNKNOWN, Key PLAYER_34 (0x9f43b26f), subtype 0, changed to false
Config CONFIGURATION_UNKNOWN, Key PLAYER_41 (0xa068d027), subtype 0, changed to false
Config CONFIGURATION_UNKNOWN, Key PLAYER_18 (0xa4c39cc6), subtype 0, changed to false
Config CONFIGURATION_UNKNOWN, Key PLAYER_45 (0xa705143e), subtype 0, changed to false
Config CONFIGURATION_UNKNOWN, Key PLAYER_10 (0xaa1814f4), subtype 0, changed to false
Config CONFIGURATION_UNKNOWN, Key PLAYER_14 (0xad75d0ed), subtype 0, changed to false
Config CONFIGURATION_UNKNOWN, Key PLAYER_49 (0xaeb35815), subtype 0, changed to false
Config CONFIGURATION_UNKNOWN, Key PLAYER_59 (0xb7a86954), subtype 0, changed to false
Config CONFIGURATION_UNKNOWN, Key PLAYER_51 (0xb973e166), subtype 0, changed to false
Config CONFIGURATION_UNKNOWN, Key PLAYER_55 (0xbe1e257f), subtype 0, changed to false
Config CONFIGURATION_UNKNOWN, Key PLAYER_58 (0xc0af59c2), subtype 0, changed to false
Config CONFIGURATION_UNKNOWN, Key PLAYER_54 (0xc91915e9), subtype 0, changed to false
Config CONFIGURATION_UNKNOWN, Key PLAYER_50 (0xce74d1f0), subtype 0, changed to false
Config CONFIGURATION_UNKNOWN, Key PLAYER_44 (0xd00224a8), subtype 0, changed to false
Config CONFIGURATION_UNKNOWN, Key CONFIGURATION_TYPE (0xd08444c1), subtype 0, changed to false
Config Unknown, Key PLAYER_19 (0xd3c4ac50), subtype 0, changed to false
Config Unknown, Key PLAYER_40 (0xd76fe0b1), subtype 0, changed to false
Config Unknown, Key PLAYER_48 (0xd9b46883), subtype 0, changed to false
Config Unknown, Key PLAYER_15 (0xda72e07b), subtype 0, changed to false
Config Unknown, Key PLAYER_11 (0xdd1f2462), subtype 0, changed to false
Config Unknown, Key PLAYER_39 (0xe1f2ced2), subtype 0, changed to false
Config Unknown, Key PLAYER_60 (0xe5598233), subtype 0, changed to false
Config Unknown, Key PLAYER_35 (0xe84482f9), subtype 0, changed to false
Config Unknown, Key PLAYER_31 (0xef2946e0), subtype 0, changed to false
Config Unknown, Key PLAYER_25 (0xf15fb3b8), subtype 0, changed to false
Config Unknown, Key PLAYER_21 (0xf63277a1), subtype 0, changed to false
Config Unknown, Key PLAYER_29 (0xf8e9ff93), subtype 0, changed to false
Config Unknown, Key PLAYER_7 (0xfb3b0e6b), subtype 0, changed to false
Config Unknown, Key PLAYER_3 (0xfc56ca72), subtype 0, changed to false
Config CONFIGURATION_PLAYER, Key BTS_LocalPlayerRunningRotues (0xf17b5a0b), subtype 1, changed to T12:D1:1T9:S12:OriginCityIDD6:327684S12:TraderUnitIDD7:1572869S14:TurnsRemainingD1:9S15:TradePathLengthD1:7S16:OriginCityPlayerD1:1S17:DestinationCityIDD5:65536S21:DestinationCityPlayerD1:1S22:OriginalTurnsRemainingD2:28S8:CacheKeyS16:1_327684_1_65536D1:2T9:S12:OriginCityIDD6:393221S12:TraderUnitIDD7:1703950S14:TurnsRemainingD1:7S15:TradePathLengthD1:6S16:OriginCityPlayerD1:1S17:DestinationCityIDD5:65536S21:DestinationCityPlayerD1:1S22:OriginalTurnsRemainingD2:24S8:CacheKeyS16:1_393221_1_65536D1:3T9:S12:OriginCityIDD6:196610S12:TraderUnitIDD6:851976S14:TurnsRemainingD1:3S15:TradePathLengthD1:8S16:OriginCityPlayerD1:1S17:DestinationCityIDD5:65536S21:DestinationCityPlayerD1:1S22:OriginalTurnsRemainingD2:16S8:CacheKeyS16:1_196610_1_65536D1:4T9:S12:OriginCityIDD6:524295S12:TraderUnitIDD7:2555917S14:TurnsRemainingD2:10S15:TradePathLengthD2:10S16:OriginCityPlayerD1:1S17:DestinationCityIDD5:65536S21:DestinationCityPlayerD1:1S22:OriginalTurnsRemainingD2:20S8:CacheKeyS16:1_524295_1_65536D1:5T9:S12:OriginCityIDD6:458758S12:TraderUnitIDD7:2490385S14:TurnsRemainingD2:12S15:TradePathLengthD2:11S16:OriginCityPlayerD1:1S17:DestinationCityIDD5:65536S21:DestinationCityPlayerD1:1S22:OriginalTurnsRemainingD2:22S8:CacheKeyS16:1_458758_1_65536D1:6T9:S12:OriginCityIDD6:327684S12:TraderUnitIDD7:2752528S14:TurnsRemainingD1:8S15:TradePathLengthD1:8S16:OriginCityPlayerD1:1S17:DestinationCityIDD6:131073S21:DestinationCityPlayerD1:2S22:OriginalTurnsRemainingD2:16S8:CacheKeyS17:1_327684_2_131073D1:7T9:S12:OriginCityIDD6:458758S12:TraderUnitIDD7:3080213S14:TurnsRemainingD2:26S15:TradePathLengthD2:16S16:OriginCityPlayerD1:1S17:DestinationCityIDD6:131073S21:DestinationCityPlayerD1:2S22:OriginalTurnsRemainingD2:32S8:CacheKeyS17:1_458758_2_131073D1:8T9:S12:OriginCityIDD6:262147S12:TraderUnitIDD6:589830S14:TurnsRemainingD2:42S15:TradePathLengthD2:23S16:OriginCityPlayerD1:1S17:DestinationCityIDD6:131073S21:DestinationCityPlayerD1:2S22:OriginalTurnsRemainingD2:46S8:CacheKeyS17:1_262147_2_131073D1:9T9:S12:OriginCityIDD6:393221S12:TraderUnitIDD7:3866650S14:TurnsRemainingD2:22S15:TradePathLengthD2:12S16:OriginCityPlayerD1:1S17:DestinationCityIDD6:131073S21:DestinationCityPlayerD1:2S22:OriginalTurnsRemainingD2:24S8:CacheKeyS17:1_393221_2_131073D2:10T9:S12:OriginCityIDD6:327684S12:TraderUnitIDD7:4063261S14:TurnsRemainingD2:36S15:TradePathLengthD2:19S16:OriginCityPlayerD1:1S17:DestinationCityIDD5:65536S21:DestinationCityPlayerD1:3S22:OriginalTurnsRemainingD2:38S8:CacheKeyS16:1_327684_3_65536D2:11T9:S12:OriginCityIDD6:131073S12:TraderUnitIDD7:3997724S14:TurnsRemainingD2:36S15:TradePathLengthD2:19S16:OriginCityPlayerD1:1S17:DestinationCityIDD6:131073S21:DestinationCityPlayerD1:2S22:OriginalTurnsRemainingD2:38S8:CacheKeyS17:1_131073_2_131073D2:12T9:S12:OriginCityIDD6:393221S12:TraderUnitIDD7:4128798S14:TurnsRemainingD2:58S15:TradePathLengthD2:29S16:OriginCityPlayerD1:1S17:DestinationCityIDD6:327684S21:DestinationCityPlayerD1:0S22:OriginalTurnsRemainingD2:58S8:CacheKeyS17:1_393221_0_327684
Config CONFIGURATION_PLAYER, Key MOD_READY_STATUS (0xfc7b1f66), subtype 5, changed to false
Config CONFIGURATION_PLAYER, Key NETWORK_NAME (0x8e72249a), subtype 5, changed to skyverse@76561198178704646
Config CONFIGURATION_PLAYER, Key NICK_NAME (0xdab96bfd), subtype 5, changed to skyverse
Config CONFIGURATION_PLAYER, Key WANTS_PAUSE (0x7ab021cb), subtype 1, changed to true
Config CONFIGURATION_PLAYER, Key NETWORK_NAME (0x8e72249a), subtype 5, changed to skyverse@76561198178704646
Config CONFIGURATION_PLAYER, Key NICK_NAME (0xdab96bfd), subtype 5, changed to skyverse
Config CONFIGURATION_PLAYER, Key NETWORK_NAME (0x8e72249a), subtype 5, changed to skyverse@76561198178704646
Config CONFIGURATION_PLAYER, Key NICK_NAME (0xdab96bfd), subtype 5, changed to skyverse
Config CONFIGURATION_PLAYER, Key NETWORK_NAME (0x8e72249a), subtype 5, changed to skyverse@76561198178704646
Config CONFIGURATION_PLAYER, Key NICK_NAME (0xdab96bfd), subtype 5, changed to skyverse
Sent GameConfigurationRebuilt
Sent GameConfigurationRebuilt
Sent GameConfigurationRebuilt
Config CONFIGURATION_UNKNOWN, Key PLAYER_33 (0x012727cc), subtype 0, changed to false
Config CONFIGURATION_UNKNOWN, Key PLAYER_37 (0x064ae3d5), subtype 0, changed to false
Config CONFIGURATION_UNKNOWN, Key PLAYER_62 (0x0b57e31f), subtype 0, changed to false
Config CONFIGURATION_UNKNOWN, Key PLAYER_1 (0x1258ab5e), subtype 0, changed to false
Config CONFIGURATION_UNKNOWN, Key PLAYER_5 (0x15356f47), subtype 0, changed to false
Config CONFIGURATION_UNKNOWN, Key PLAYER_23 (0x183c168d), subtype 0, changed to false
Config CONFIGURATION_UNKNOWN, Key PLAYER_9 (0x1c83236c), subtype 0, changed to false
Config CONFIGURATION_UNKNOWN, Key PLAYER_27 (0x1f51d294), subtype 0, changed to false
Config CONFIGURATION_UNKNOWN, Key PLAYER_52 (0x207ab0dc), subtype 0, changed to false
Config CONFIGURATION_UNKNOWN, Key PLAYER_56 (0x271774c5), subtype 0, changed to false
Config CONFIGURATION_UNKNOWN, Key PLAYER_13 (0x3311454e), subtype 0, changed to false
Config CONFIGURATION_UNKNOWN, Key PLAYER_17 (0x347c8157), subtype 0, changed to false
Config CONFIGURATION_UNKNOWN, Key PLAYER_42 (0x3961819d), subtype 0, changed to false
Config CONFIGURATION_UNKNOWN, Key PLAYER_46 (0x3e0c4584), subtype 0, changed to false
Config CONFIGURATION_UNKNOWN, Key PLAYER_16 (0x437bb1c1), subtype 0, changed to false
Config CONFIGURATION_UNKNOWN, Key PLAYER_12 (0x441675d8), subtype 0, changed to false
Config CONFIGURATION_UNKNOWN, Key PLAYER_47 (0x490b7512), subtype 0, changed to false
Config CONFIGURATION_UNKNOWN, Key PLAYER_43 (0x4e66b10b), subtype 0, changed to false
Config CONFIGURATION_UNKNOWN, Key PLAYER_57 (0x50104453), subtype 0, changed to false
Config CONFIGURATION_UNKNOWN, Key PLAYER_53 (0x577d804a), subtype 0, changed to false
Config CONFIGURATION_UNKNOWN, Key PLAYER_4 (0x62325fd1), subtype 0, changed to false
Config CONFIGURATION_UNKNOWN, Key PLAYER_0 (0x655f9bc8), subtype 0, changed to false
Config CONFIGURATION_UNKNOWN, Key PLAYER_26 (0x6856e202), subtype 0, changed to false
Config CONFIGURATION_UNKNOWN, Key PLAYER_8 (0x6b8413fa), subtype 0, changed to false
Config CONFIGURATION_UNKNOWN, Key PLAYER_22 (0x6f3b261b), subtype 0, changed to false
Config CONFIGURATION_UNKNOWN, Key PLAYER_36 (0x714dd343), subtype 0, changed to false
Config CONFIGURATION_UNKNOWN, Key PLAYER_32 (0x7620175a), subtype 0, changed to false
Config CONFIGURATION_UNKNOWN, Key PLAYER_63 (0x7c50d389), subtype 0, changed to false
Config CONFIGURATION_UNKNOWN, Key MAP_ROOT (0x7dd11279), subtype 0, changed to false
Config CONFIGURATION_UNKNOWN, Key PLAYER_20 (0x81354737), subtype 0, changed to false
Config CONFIGURATION_UNKNOWN, Key PLAYER_24 (0x8658832e), subtype 0, changed to false
Config CONFIGURATION_UNKNOWN, Key GAME_ROOT (0x871d5b63), subtype 0, changed to false
Config CONFIGURATION_UNKNOWN, Key PLAYER_2 (0x8b51fae4), subtype 0, changed to false
Config CONFIGURATION_UNKNOWN, Key PLAYER_6 (0x8c3c3efd), subtype 0, changed to false
Config CONFIGURATION_UNKNOWN, Key PLAYER_28 (0x8feecf05), subtype 0, changed to false
Config CONFIGURATION_UNKNOWN, Key PLAYER_61 (0x925eb2a5), subtype 0, changed to false
Config CONFIGURATION_UNKNOWN, Key PLAYER_38 (0x96f5fe44), subtype 0, changed to false
Config CONFIGURATION_UNKNOWN, Key PLAYER_30 (0x982e7676), subtype 0, changed to false
Config CONFIGURATION_UNKNOWN, Key PLAYER_34 (0x9f43b26f), subtype 0, changed to false
Config CONFIGURATION_UNKNOWN, Key PLAYER_41 (0xa068d027), subtype 0, changed to false
Config CONFIGURATION_UNKNOWN, Key PLAYER_18 (0xa4c39cc6), subtype 0, changed to false
Config CONFIGURATION_UNKNOWN, Key PLAYER_45 (0xa705143e), subtype 0, changed to false
Config CONFIGURATION_UNKNOWN, Key PLAYER_10 (0xaa1814f4), subtype 0, changed to false
Config CONFIGURATION_UNKNOWN, Key PLAYER_14 (0xad75d0ed), subtype 0, changed to false
Config CONFIGURATION_UNKNOWN, Key PLAYER_49 (0xaeb35815), subtype 0, changed to false
Config CONFIGURATION_UNKNOWN, Key PLAYER_59 (0xb7a86954), subtype 0, changed to false
Config CONFIGURATION_UNKNOWN, Key PLAYER_51 (0xb973e166), subtype 0, changed to false
Config CONFIGURATION_UNKNOWN, Key PLAYER_55 (0xbe1e257f), subtype 0, changed to false
Config CONFIGURATION_UNKNOWN, Key PLAYER_58 (0xc0af59c2), subtype 0, changed to false
Config CONFIGURATION_UNKNOWN, Key PLAYER_54 (0xc91915e9), subtype 0, changed to false
Config CONFIGURATION_UNKNOWN, Key PLAYER_50 (0xce74d1f0), subtype 0, changed to false
Config CONFIGURATION_UNKNOWN, Key PLAYER_44 (0xd00224a8), subtype 0, changed to false
Config CONFIGURATION_UNKNOWN, Key CONFIGURATION_TYPE (0xd08444c1), subtype 0, changed to false
Config Unknown, Key PLAYER_19 (0xd3c4ac50), subtype 0, changed to false
Config Unknown, Key PLAYER_40 (0xd76fe0b1), subtype 0, changed to false
Config Unknown, Key PLAYER_48 (0xd9b46883), subtype 0, changed to false
Config Unknown, Key PLAYER_15 (0xda72e07b), subtype 0, changed to false
Config Unknown, Key PLAYER_11 (0xdd1f2462), subtype 0, changed to false
Config Unknown, Key PLAYER_39 (0xe1f2ced2), subtype 0, changed to false
Config Unknown, Key PLAYER_60 (0xe5598233), subtype 0, changed to false
Config Unknown, Key PLAYER_35 (0xe84482f9), subtype 0, changed to false
Config Unknown, Key PLAYER_31 (0xef2946e0), subtype 0, changed to false
Config Unknown, Key PLAYER_25 (0xf15fb3b8), subtype 0, changed to false
Config Unknown, Key PLAYER_21 (0xf63277a1), subtype 0, changed to false
Config Unknown, Key PLAYER_29 (0xf8e9ff93), subtype 0, changed to false
Config Unknown, Key PLAYER_7 (0xfb3b0e6b), subtype 0, changed to false
Config Unknown, Key PLAYER_3 (0xfc56ca72), subtype 0, changed to false
Config CONFIGURATION_PLAYER, Key READY_STATUS (0xa4bd04b1), subtype 0, changed to false
Config CONFIGURATION_PLAYER, Key READY_STATUS (0xa4bd04b1), subtype 1, changed to false
Config CONFIGURATION_PLAYER, Key READY_STATUS (0xa4bd04b1), subtype 2, changed to false
Config CONFIGURATION_PLAYER, Key READY_STATUS (0xa4bd04b1), subtype 3, changed to false
Config CONFIGURATION_PLAYER, Key READY_STATUS (0xa4bd04b1), subtype 4, changed to false
Config CONFIGURATION_PLAYER, Key NETWORK_NAME (0x8e72249a), subtype 1, changed to ZYL@76561199003168956
Config CONFIGURATION_PLAYER, Key NICK_NAME (0xdab96bfd), subtype 1, changed to ZYL
Config CONFIGURATION_PLAYER, Key CIVILIZATION_LEVEL_TYPE_NAME (0xca55abbe), subtype 1, changed to CIVILIZATION_LEVEL_FULL_CIV
Config CONFIGURATION_PLAYER, Key MOD_READY_STATUS (0xfc7b1f66), subtype 4, changed to false
Config CONFIGURATION_PLAYER, Key NETWORK_NAME (0x8e72249a), subtype 4, changed to skyverse@76561198178704646
Config CONFIGURATION_PLAYER, Key NICK_NAME (0xdab96bfd), subtype 4, changed to skyverse
Config CONFIGURATION_PLAYER, Key CIVILIZATION_LEVEL_TYPE_NAME (0xca55abbe), subtype 4, changed to CIVILIZATION_LEVEL_FULL_CIV
Config CONFIGURATION_PLAYER, Key MOD_READY_STATUS (0xfc7b1f66), subtype 0, changed to false
Config CONFIGURATION_PLAYER, Key NETWORK_NAME (0x8e72249a), subtype 0, changed to 咕咕二世@76561198162178797
Config CONFIGURATION_PLAYER, Key NICK_NAME (0xdab96bfd), subtype 0, changed to 咕咕二世
Config CONFIGURATION_PLAYER, Key CIVILIZATION_LEVEL_TYPE_NAME (0xca55abbe), subtype 0, changed to CIVILIZATION_LEVEL_FULL_CIV
Config CONFIGURATION_PLAYER, Key MOD_READY_STATUS (0xfc7b1f66), subtype 3, changed to false
Config CONFIGURATION_PLAYER, Key NETWORK_NAME (0x8e72249a), subtype 3, changed to longyizhu@76561198931045205
Config CONFIGURATION_PLAYER, Key NICK_NAME (0xdab96bfd), subtype 3, changed to longyizhu
Config CONFIGURATION_PLAYER, Key MOD_READY_STATUS (0xfc7b1f66), subtype 2, changed to false
Config CONFIGURATION_PLAYER, Key NETWORK_NAME (0x8e72249a), subtype 2, changed to 骆驼来了，你马没了@76561199021996474
Config CONFIGURATION_PLAYER, Key NICK_NAME (0xdab96bfd), subtype 2, changed to 骆驼来了，你马没了
Config CONFIGURATION_PLAYER, Key CIVILIZATION_LEVEL_TYPE_NAME (0xca55abbe), subtype 3, changed to CIVILIZATION_LEVEL_FULL_CIV
Config CONFIGURATION_PLAYER, Key CIVILIZATION_LEVEL_TYPE_NAME (0xca55abbe), subtype 2, changed to CIVILIZATION_LEVEL_FULL_CIV
Config CONFIGURATION_PLAYER, Key READY_STATUS (0xa4bd04b1), subtype 1, changed to true
Config CONFIGURATION_UNKNOWN, Key PLAYER_33 (0x012727cc), subtype 0, changed to false
Config CONFIGURATION_UNKNOWN, Key PLAYER_37 (0x064ae3d5), subtype 0, changed to false
Config CONFIGURATION_UNKNOWN, Key PLAYER_62 (0x0b57e31f), subtype 0, changed to false
Config CONFIGURATION_UNKNOWN, Key PLAYER_1 (0x1258ab5e), subtype 0, changed to false
Config CONFIGURATION_UNKNOWN, Key PLAYER_5 (0x15356f47), subtype 0, changed to false
Config CONFIGURATION_UNKNOWN, Key PLAYER_23 (0x183c168d), subtype 0, changed to false
Config CONFIGURATION_UNKNOWN, Key PLAYER_9 (0x1c83236c), subtype 0, changed to false
Config CONFIGURATION_UNKNOWN, Key PLAYER_27 (0x1f51d294), subtype 0, changed to false
Config CONFIGURATION_UNKNOWN, Key PLAYER_52 (0x207ab0dc), subtype 0, changed to false
Config CONFIGURATION_UNKNOWN, Key PLAYER_56 (0x271774c5), subtype 0, changed to false
Config CONFIGURATION_UNKNOWN, Key PLAYER_13 (0x3311454e), subtype 0, changed to false
Config CONFIGURATION_UNKNOWN, Key PLAYER_17 (0x347c8157), subtype 0, changed to false
Config CONFIGURATION_UNKNOWN, Key PLAYER_42 (0x3961819d), subtype 0, changed to false
Config CONFIGURATION_UNKNOWN, Key PLAYER_46 (0x3e0c4584), subtype 0, changed to false
Config CONFIGURATION_UNKNOWN, Key PLAYER_16 (0x437bb1c1), subtype 0, changed to false
Config CONFIGURATION_UNKNOWN, Key PLAYER_12 (0x441675d8), subtype 0, changed to false
Config CONFIGURATION_UNKNOWN, Key PLAYER_47 (0x490b7512), subtype 0, changed to false
Config CONFIGURATION_UNKNOWN, Key PLAYER_43 (0x4e66b10b), subtype 0, changed to false
Config CONFIGURATION_UNKNOWN, Key PLAYER_57 (0x50104453), subtype 0, changed to false
Config CONFIGURATION_UNKNOWN, Key PLAYER_53 (0x577d804a), subtype 0, changed to false
Config CONFIGURATION_UNKNOWN, Key PLAYER_4 (0x62325fd1), subtype 0, changed to false
Config CONFIGURATION_UNKNOWN, Key PLAYER_0 (0x655f9bc8), subtype 0, changed to false
Config CONFIGURATION_UNKNOWN, Key PLAYER_26 (0x6856e202), subtype 0, changed to false
Config CONFIGURATION_UNKNOWN, Key PLAYER_8 (0x6b8413fa), subtype 0, changed to false
Config CONFIGURATION_UNKNOWN, Key PLAYER_22 (0x6f3b261b), subtype 0, changed to false
Config CONFIGURATION_UNKNOWN, Key PLAYER_36 (0x714dd343), subtype 0, changed to false
Config CONFIGURATION_UNKNOWN, Key PLAYER_32 (0x7620175a), subtype 0, changed to false
Config CONFIGURATION_UNKNOWN, Key PLAYER_63 (0x7c50d389), subtype 0, changed to false
Config CONFIGURATION_UNKNOWN, Key MAP_ROOT (0x7dd11279), subtype 0, changed to false
Config CONFIGURATION_UNKNOWN, Key PLAYER_20 (0x81354737), subtype 0, changed to false
Config CONFIGURATION_UNKNOWN, Key PLAYER_24 (0x8658832e), subtype 0, changed to false
Config CONFIGURATION_UNKNOWN, Key GAME_ROOT (0x871d5b63), subtype 0, changed to false
Config CONFIGURATION_UNKNOWN, Key PLAYER_2 (0x8b51fae4), subtype 0, changed to false
Config CONFIGURATION_UNKNOWN, Key PLAYER_6 (0x8c3c3efd), subtype 0, changed to false
Config CONFIGURATION_UNKNOWN, Key PLAYER_28 (0x8feecf05), subtype 0, changed to false
Config CONFIGURATION_UNKNOWN, Key PLAYER_61 (0x925eb2a5), subtype 0, changed to false
Config CONFIGURATION_UNKNOWN, Key PLAYER_38 (0x96f5fe44), subtype 0, changed to false
Config CONFIGURATION_UNKNOWN, Key PLAYER_30 (0x982e7676), subtype 0, changed to false
Config CONFIGURATION_UNKNOWN, Key PLAYER_34 (0x9f43b26f), subtype 0, changed to false
Config CONFIGURATION_UNKNOWN, Key PLAYER_41 (0xa068d027), subtype 0, changed to false
Config CONFIGURATION_UNKNOWN, Key PLAYER_18 (0xa4c39cc6), subtype 0, changed to false
Config CONFIGURATION_UNKNOWN, Key PLAYER_45 (0xa705143e), subtype 0, changed to false
Config CONFIGURATION_UNKNOWN, Key PLAYER_10 (0xaa1814f4), subtype 0, changed to false
Config CONFIGURATION_UNKNOWN, Key PLAYER_14 (0xad75d0ed), subtype 0, changed to false
Config CONFIGURATION_UNKNOWN, Key PLAYER_49 (0xaeb35815), subtype 0, changed to false
Config CONFIGURATION_UNKNOWN, Key PLAYER_59 (0xb7a86954), subtype 0, changed to false
Config CONFIGURATION_UNKNOWN, Key PLAYER_51 (0xb973e166), subtype 0, changed to false
Config CONFIGURATION_UNKNOWN, Key PLAYER_55 (0xbe1e257f), subtype 0, changed to false
Config CONFIGURATION_UNKNOWN, Key PLAYER_58 (0xc0af59c2), subtype 0, changed to false
Config CONFIGURATION_UNKNOWN, Key PLAYER_54 (0xc91915e9), subtype 0, changed to false
Config CONFIGURATION_UNKNOWN, Key PLAYER_50 (0xce74d1f0), subtype 0, changed to false
Config CONFIGURATION_UNKNOWN, Key PLAYER_44 (0xd00224a8), subtype 0, changed to false
Config CONFIGURATION_UNKNOWN, Key CONFIGURATION_TYPE (0xd08444c1), subtype 0, changed to false
Config Unknown, Key PLAYER_19 (0xd3c4ac50), subtype 0, changed to false
Config Unknown, Key PLAYER_40 (0xd76fe0b1), subtype 0, changed to false
Config Unknown, Key PLAYER_48 (0xd9b46883), subtype 0, changed to false
Config Unknown, Key PLAYER_15 (0xda72e07b), subtype 0, changed to false
Config Unknown, Key PLAYER_11 (0xdd1f2462), subtype 0, changed to false
Config Unknown, Key PLAYER_39 (0xe1f2ced2), subtype 0, changed to false
Config Unknown, Key PLAYER_60 (0xe5598233), subtype 0, changed to false
Config Unknown, Key PLAYER_35 (0xe84482f9), subtype 0, changed to false
Config Unknown, Key PLAYER_31 (0xef2946e0), subtype 0, changed to false
Config Unknown, Key PLAYER_25 (0xf15fb3b8), subtype 0, changed to false
Config Unknown, Key PLAYER_21 (0xf63277a1), subtype 0, changed to false
Config Unknown, Key PLAYER_29 (0xf8e9ff93), subtype 0, changed to false
Config Unknown, Key PLAYER_7 (0xfb3b0e6b), subtype 0, changed to false
Config Unknown, Key PLAYER_3 (0xfc56ca72), subtype 0, changed to false
Config CONFIGURATION_UNKNOWN, Key PLAYER_33 (0x012727cc), subtype 0, changed to false
Config CONFIGURATION_UNKNOWN, Key PLAYER_37 (0x064ae3d5), subtype 0, changed to false
Config CONFIGURATION_UNKNOWN, Key PLAYER_62 (0x0b57e31f), subtype 0, changed to false
Config CONFIGURATION_UNKNOWN, Key PLAYER_1 (0x1258ab5e), subtype 0, changed to false
Config CONFIGURATION_UNKNOWN, Key PLAYER_5 (0x15356f47), subtype 0, changed to false
Config CONFIGURATION_UNKNOWN, Key PLAYER_23 (0x183c168d), subtype 0, changed to false
Config CONFIGURATION_UNKNOWN, Key PLAYER_9 (0x1c83236c), subtype 0, changed to false
Config CONFIGURATION_UNKNOWN, Key PLAYER_27 (0x1f51d294), subtype 0, changed to false
Config CONFIGURATION_UNKNOWN, Key PLAYER_52 (0x207ab0dc), subtype 0, changed to false
Config CONFIGURATION_UNKNOWN, Key PLAYER_56 (0x271774c5), subtype 0, changed to false
Config CONFIGURATION_UNKNOWN, Key PLAYER_13 (0x3311454e), subtype 0, changed to false
Config CONFIGURATION_UNKNOWN, Key PLAYER_17 (0x347c8157), subtype 0, changed to false
Config CONFIGURATION_UNKNOWN, Key PLAYER_42 (0x3961819d), subtype 0, changed to false
Config CONFIGURATION_UNKNOWN, Key PLAYER_46 (0x3e0c4584), subtype 0, changed to false
Config CONFIGURATION_UNKNOWN, Key PLAYER_16 (0x437bb1c1), subtype 0, changed to false
Config CONFIGURATION_UNKNOWN, Key PLAYER_12 (0x441675d8), subtype 0, changed to false
Config CONFIGURATION_UNKNOWN, Key PLAYER_47 (0x490b7512), subtype 0, changed to false
Config CONFIGURATION_UNKNOWN, Key PLAYER_43 (0x4e66b10b), subtype 0, changed to false
Config CONFIGURATION_UNKNOWN, Key PLAYER_57 (0x50104453), subtype 0, changed to false
Config CONFIGURATION_UNKNOWN, Key PLAYER_53 (0x577d804a), subtype 0, changed to false
Config CONFIGURATION_UNKNOWN, Key PLAYER_4 (0x62325fd1), subtype 0, changed to false
Config CONFIGURATION_UNKNOWN, Key PLAYER_0 (0x655f9bc8), subtype 0, changed to false
Config CONFIGURATION_UNKNOWN, Key PLAYER_26 (0x6856e202), subtype 0, changed to false
Config CONFIGURATION_UNKNOWN, Key PLAYER_8 (0x6b8413fa), subtype 0, changed to false
Config CONFIGURATION_UNKNOWN, Key PLAYER_22 (0x6f3b261b), subtype 0, changed to false
Config CONFIGURATION_UNKNOWN, Key PLAYER_36 (0x714dd343), subtype 0, changed to false
Config CONFIGURATION_UNKNOWN, Key PLAYER_32 (0x7620175a), subtype 0, changed to false
Config CONFIGURATION_UNKNOWN, Key PLAYER_63 (0x7c50d389), subtype 0, changed to false
Config CONFIGURATION_UNKNOWN, Key MAP_ROOT (0x7dd11279), subtype 0, changed to false
Config CONFIGURATION_UNKNOWN, Key PLAYER_20 (0x81354737), subtype 0, changed to false
Config CONFIGURATION_UNKNOWN, Key PLAYER_24 (0x8658832e), subtype 0, changed to false
Config CONFIGURATION_UNKNOWN, Key GAME_ROOT (0x871d5b63), subtype 0, changed to false
Config CONFIGURATION_UNKNOWN, Key PLAYER_2 (0x8b51fae4), subtype 0, changed to false
Config CONFIGURATION_UNKNOWN, Key PLAYER_6 (0x8c3c3efd), subtype 0, changed to false
Config CONFIGURATION_UNKNOWN, Key PLAYER_28 (0x8feecf05), subtype 0, changed to false
Config CONFIGURATION_UNKNOWN, Key PLAYER_61 (0x925eb2a5), subtype 0, changed to false
Config CONFIGURATION_UNKNOWN, Key PLAYER_38 (0x96f5fe44), subtype 0, changed to false
Config CONFIGURATION_UNKNOWN, Key PLAYER_30 (0x982e7676), subtype 0, changed to false
Config CONFIGURATION_UNKNOWN, Key PLAYER_34 (0x9f43b26f), subtype 0, changed to false
Config CONFIGURATION_UNKNOWN, Key PLAYER_41 (0xa068d027), subtype 0, changed to false
Config CONFIGURATION_UNKNOWN, Key PLAYER_18 (0xa4c39cc6), subtype 0, changed to false
Config CONFIGURATION_UNKNOWN, Key PLAYER_45 (0xa705143e), subtype 0, changed to false
Config CONFIGURATION_UNKNOWN, Key PLAYER_10 (0xaa1814f4), subtype 0, changed to false
Config CONFIGURATION_UNKNOWN, Key PLAYER_14 (0xad75d0ed), subtype 0, changed to false
Config CONFIGURATION_UNKNOWN, Key PLAYER_49 (0xaeb35815), subtype 0, changed to false
Config CONFIGURATION_UNKNOWN, Key PLAYER_59 (0xb7a86954), subtype 0, changed to false
Config CONFIGURATION_UNKNOWN, Key PLAYER_51 (0xb973e166), subtype 0, changed to false
Config CONFIGURATION_UNKNOWN, Key PLAYER_55 (0xbe1e257f), subtype 0, changed to false
Config CONFIGURATION_UNKNOWN, Key PLAYER_58 (0xc0af59c2), subtype 0, changed to false
Config CONFIGURATION_UNKNOWN, Key PLAYER_54 (0xc91915e9), subtype 0, changed to false
Config CONFIGURATION_UNKNOWN, Key PLAYER_50 (0xce74d1f0), subtype 0, changed to false
Config CONFIGURATION_UNKNOWN, Key PLAYER_44 (0xd00224a8), subtype 0, changed to false
Config CONFIGURATION_UNKNOWN, Key CONFIGURATION_TYPE (0xd08444c1), subtype 0, changed to false
Config Unknown, Key PLAYER_19 (0xd3c4ac50), subtype 0, changed to false
Config Unknown, Key PLAYER_40 (0xd76fe0b1), subtype 0, changed to false
Config Unknown, Key PLAYER_48 (0xd9b46883), subtype 0, changed to false
Config Unknown, Key PLAYER_15 (0xda72e07b), subtype 0, changed to false
Config Unknown, Key PLAYER_11 (0xdd1f2462), subtype 0, changed to false
Config Unknown, Key PLAYER_39 (0xe1f2ced2), subtype 0, changed to false
Config Unknown, Key PLAYER_60 (0xe5598233), subtype 0, changed to false
Config Unknown, Key PLAYER_35 (0xe84482f9), subtype 0, changed to false
Config Unknown, Key PLAYER_31 (0xef2946e0), subtype 0, changed to false
Config Unknown, Key PLAYER_25 (0xf15fb3b8), subtype 0, changed to false
Config Unknown, Key PLAYER_21 (0xf63277a1), subtype 0, changed to false
Config Unknown, Key PLAYER_29 (0xf8e9ff93), subtype 0, changed to false
Config Unknown, Key PLAYER_7 (0xfb3b0e6b), subtype 0, changed to false
Config Unknown, Key PLAYER_3 (0xfc56ca72), subtype 0, changed to false
Config CONFIGURATION_PLAYER, Key BTS_LocalPlayerRunningRotues (0xf17b5a0b), subtype 1, changed to T12:D1:1T9:S12:OriginCityIDD6:327684S12:TraderUnitIDD7:1572869S14:TurnsRemainingD1:9S15:TradePathLengthD1:7S16:OriginCityPlayerD1:1S17:DestinationCityIDD5:65536S21:DestinationCityPlayerD1:1S22:OriginalTurnsRemainingD2:28S8:CacheKeyS16:1_327684_1_65536D1:2T9:S12:OriginCityIDD6:393221S12:TraderUnitIDD7:1703950S14:TurnsRemainingD1:7S15:TradePathLengthD1:6S16:OriginCityPlayerD1:1S17:DestinationCityIDD5:65536S21:DestinationCityPlayerD1:1S22:OriginalTurnsRemainingD2:24S8:CacheKeyS16:1_393221_1_65536D1:3T9:S12:OriginCityIDD6:196610S12:TraderUnitIDD6:851976S14:TurnsRemainingD1:3S15:TradePathLengthD1:8S16:OriginCityPlayerD1:1S17:DestinationCityIDD5:65536S21:DestinationCityPlayerD1:1S22:OriginalTurnsRemainingD2:16S8:CacheKeyS16:1_196610_1_65536D1:4T9:S12:OriginCityIDD6:524295S12:TraderUnitIDD7:2555917S14:TurnsRemainingD2:10S15:TradePathLengthD2:10S16:OriginCityPlayerD1:1S17:DestinationCityIDD5:65536S21:DestinationCityPlayerD1:1S22:OriginalTurnsRemainingD2:20S8:CacheKeyS16:1_524295_1_65536D1:5T9:S12:OriginCityIDD6:458758S12:TraderUnitIDD7:2490385S14:TurnsRemainingD2:12S15:TradePathLengthD2:11S16:OriginCityPlayerD1:1S17:DestinationCityIDD5:65536S21:DestinationCityPlayerD1:1S22:OriginalTurnsRemainingD2:22S8:CacheKeyS16:1_458758_1_65536D1:6T9:S12:OriginCityIDD6:327684S12:TraderUnitIDD7:2752528S14:TurnsRemainingD1:8S15:TradePathLengthD1:8S16:OriginCityPlayerD1:1S17:DestinationCityIDD6:131073S21:DestinationCityPlayerD1:2S22:OriginalTurnsRemainingD2:16S8:CacheKeyS17:1_327684_2_131073D1:7T9:S12:OriginCityIDD6:458758S12:TraderUnitIDD7:3080213S14:TurnsRemainingD2:26S15:TradePathLengthD2:16S16:OriginCityPlayerD1:1S17:DestinationCityIDD6:131073S21:DestinationCityPlayerD1:2S22:OriginalTurnsRemainingD2:32S8:CacheKeyS17:1_458758_2_131073D1:8T9:S12:OriginCityIDD6:262147S12:TraderUnitIDD6:589830S14:TurnsRemainingD2:42S15:TradePathLengthD2:23S16:OriginCityPlayerD1:1S17:DestinationCityIDD6:131073S21:DestinationCityPlayerD1:2S22:OriginalTurnsRemainingD2:46S8:CacheKeyS17:1_262147_2_131073D1:9T9:S12:OriginCityIDD6:393221S12:TraderUnitIDD7:3866650S14:TurnsRemainingD2:22S15:TradePathLengthD2:12S16:OriginCityPlayerD1:1S17:DestinationCityIDD6:131073S21:DestinationCityPlayerD1:2S22:OriginalTurnsRemainingD2:24S8:CacheKeyS17:1_393221_2_131073D2:10T9:S12:OriginCityIDD6:327684S12:TraderUnitIDD7:4063261S14:TurnsRemainingD2:36S15:TradePathLengthD2:19S16:OriginCityPlayerD1:1S17:DestinationCityIDD5:65536S21:DestinationCityPlayerD1:3S22:OriginalTurnsRemainingD2:38S8:CacheKeyS16:1_327684_3_65536D2:11T9:S12:OriginCityIDD6:131073S12:TraderUnitIDD7:3997724S14:TurnsRemainingD2:36S15:TradePathLengthD2:19S16:OriginCityPlayerD1:1S17:DestinationCityIDD6:131073S21:DestinationCityPlayerD1:2S22:OriginalTurnsRemainingD2:38S8:CacheKeyS17:1_131073_2_131073D2:12T9:S12:OriginCityIDD6:393221S12:TraderUnitIDD7:4128798S14:TurnsRemainingD2:58S15:TradePathLengthD2:29S16:OriginCityPlayerD1:1S17:DestinationCityIDD6:327684S21:DestinationCityPlayerD1:0S22:OriginalTurnsRemainingD2:58S8:CacheKeyS17:1_393221_0_327684
Sent GameConfigurationRebuilt
Sent GameConfigurationRebuilt
Sent GameConfigurationRebuilt
Config CONFIGURATION_GAME, Key Unknown (0x941dd5d0), subtype 0, changed to true
Config CONFIGURATION_GAME, Key RULESET (0x34a1e258), subtype 0, removed
Config CONFIGURATION_MAP, Key MAP_SCRIPT (0x63d8875a), subtype 0, changed to Pangaea.lua
Config CONFIGURATION_MAP, Key MAP_NAME (0x35069524), subtype 0, changed to {"LOC_MAP_PANGAEA":[{"locale":"en_US","text":"Pangaea"},{"locale":"fr_FR","text":"Pangée"},{"locale":"de_DE","text":"Pangäa"},{"locale":"it_IT","text":"Pangea"},{"locale":"es_ES","text":"Pangea"},{"locale":"ja_JP","text":"パンゲア"},{"locale":"ru_RU","text":"Пангея"},{"locale":"pl_PL","text":"Pangea"},{"locale":"ko_KR","text":"판게아"},{"locale":"zh_Hant_HK","text":"盤古大陸"},{"locale":"zh_Hans_CN","text":"盘古大陆"},{"locale":"pt_BR","text":"Pangeia"}]}
Config CONFIGURATION_MAP, Key MAP_DOMAIN (0xd8f01e6b), subtype 0, changed to StandardMaps
Config CONFIGURATION_MAP, Key MAP_SIZE (0x9ce5cf48), subtype 0, changed to -1837222328
Config CONFIGURATION_MAP, Key MAP_MAX_MAJOR_PLAYERS (0x2fda36b3), subtype 0, changed to 0x00000018
Config CONFIGURATION_MAP, Key MAP_MAX_MINOR_PLAYERS (0x8c84e73d), subtype 0, changed to 0x00000000
Config CONFIGURATION_MAP, Key MAP_MAX_MINOR_PLAYERS (0x990f33cf), subtype 0, changed to 0x0000000e
Config CONFIGURATION_MAP, Key resources (0x10991451), subtype 0, changed to 2
Config CONFIGURATION_MAP, Key BBSStratRes (0xb019c448), subtype 0, changed to 0
Config CONFIGURATION_MAP, Key BBSNatural (0x454f9061), subtype 0, changed to 1
Config CONFIGURATION_MAP, Key world_age (0x2193fea0), subtype 0, changed to 2
Config CONFIGURATION_MAP, Key BBSRidge (0xf4acd466), subtype 0, changed to 0
Config CONFIGURATION_MAP, Key BBMMaxFloodplainsSize (0x53f18580), subtype 0, changed to 8
Config CONFIGURATION_MAP, Key BBMBreakClumps (0x2dc11de3), subtype 0, changed to true
Config CONFIGURATION_MAP, Key BBMBreakDesert (0xbafeb66f), subtype 0, changed to false
Config CONFIGURATION_MAP, Key BBMLuxExp1 (0x5de97cf3), subtype 0, changed to false
Config CONFIGURATION_MAP, Key BBMMinAttempts (0x7a925ca5), subtype 0, changed to 5
Config CONFIGURATION_MAP, Key BBMMinDistance (0xd9c72140), subtype 0, changed to 0
Config CONFIGURATION_MAP, Key start (0x6086aa70), subtype 0, changed to 1
Config CONFIGURATION_MAP, Key temperature (0x41b1d593), subtype 0, changed to 2
Config CONFIGURATION_MAP, Key rainfall (0x8a846684), subtype 0, changed to 2
Config CONFIGURATION_MAP, Key sea_level (0xc4027ce3), subtype 0, changed to 2
Config CONFIGURATION_MAP, Key MapName (0xa260062c), subtype 0, changed to Pangaea
Config CONFIGURATION_MAP, Key BBM_Team_Spawn (0x2cd6cc7d), subtype 0, changed to 0
Config CONFIGURATION_MAP, Key BBMExtraHills (0x205752cc), subtype 0, changed to false
Config CONFIGURATION_MAP, Key BBMWraparound (0x590e27a0), subtype 0, changed to 0
Config CONFIGURATION_PLAYER, Key LEADER_NAME (0xf043351a), subtype 0, changed to null
Config CONFIGURATION_PLAYER, Key LEADER_TYPE_NAME (0xe8cd5e5f), subtype 0, changed to null
Config CONFIGURATION_PLAYER, Key LEADER_RANDOM_POOL_ID (0x402bf356), subtype 0, changed to 0
Config CONFIGURATION_PLAYER, Key LEADER_DOMAIN (0x4fe363bb), subtype 0, changed to Players:Expansion2_Players
Config CONFIGURATION_PLAYER, Key LEADER_VALUES (0xd2ed3156), subtype 0, changed to Players:*::RANDOM,Players:*::RANDOM_POOL1,Players:*::RANDOM_POOL2,Players:Expansion2_Players::LEADER_ELEANOR_FRANCE,Players:Expansion2_Players::LEADER_ELEANOR_ENGLAND,Players:Expansion2_Players::LEADER_AMANITORE,Players:Expansion2_Players::LEADER_AMBIORIX,Players:Expansion2_Players::LEADER_BASIL,Players:Expansion2_Players::LEADER_HOJO,Players:Expansion2_Players::LEADER_HOJO_INLAND,Players:Expansion2_Players::LEADER_PETER_GREAT,Players:Expansion2_Players::LEADER_PERICLES,Players:Expansion2_Players::LEADER_GENGHIS_KHAN,Players:Expansion2_Players::LEADER_TOKUGAWA,Players:Expansion2_Players::LEADER_THEODORA,Players:Expansion2_Players::LEADER_DIDO,Players:Expansion2_Players::LEADER_JAYAVARMAN,Players:Expansion2_Players::LEADER_NZINGA_MBANDE,Players:Expansion2_Players::LEADER_PHILIP_II,Players:Expansion2_Players::LEADER_PHILIP_II_INLAND,Players:Expansion2_Players::LEADER_BARBAROSSA,Players:Expansion2_Players::LEADER_GANDHI,Players:Expansion2_Players::LEADER_GORGO,Players:Expansion2_Players::LEADER_HARDRADA,Players:Expansion2_Players::LEADER_HARALD_ALT,Players:Expansion2_Players::LEADER_HAMMURABI,Players:Expansion2_Players::LEADER_KUBLAI_KHAN_MONGOLIA,Players:Expansion2_Players::LEADER_KUBLAI_KHAN_CHINA,Players:Expansion2_Players::LEADER_GILGAMESH,Players:Expansion2_Players::LEADER_CYRUS,Players:Expansion2_Players::LEADER_CATHERINE_DE_MEDICI,Players:Expansion2_Players::LEADER_CATHERINE_DE_MEDICI_ALT,Players:Expansion2_Players::LEADER_KRISTINA,Players:Expansion2_Players::LEADER_CLEOPATRA,Players:Expansion2_Players::LEADER_CLEOPATRA_ALT,Players:Expansion2_Players::LEADER_KUPE,Players:Expansion2_Players::LEADER_RAMSES,Players:Expansion2_Players::LEADER_LAUTARO,Players:Expansion2_Players::LEADER_LADY_SIX_SKY,Players:Expansion2_Players::LEADER_LUDWIG,Players:Expansion2_Players::LEADER_ROBERT_THE_BRUCE,Players:Expansion2_Players::LEADER_MANSA_MUSA,Players:Expansion2_Players::LEADER_MONTEZUMA,Players:Expansion2_Players::LEADER_MENELIK,Players:Expansion2_Players::LEADER_MVEMBA,Players:Expansion2_Players::LEADER_NADER_SHAH,Players:Expansion2_Players::LEADER_PACHACUTI,Players:Expansion2_Players::LEADER_POUNDMAKER,Players:Expansion2_Players::LEADER_PEDRO,Players:Expansion2_Players::LEADER_SHAKA,Players:Expansion2_Players::LEADER_QIN_ALT,Players:Expansion2_Players::LEADER_QIN,Players:Expansion2_Players::LEADER_JOAO_III,Players:Expansion2_Players::LEADER_SALADIN_ALT,Players:Expansion2_Players::LEADER_SALADIN,Players:Expansion2_Players::LEADER_SEONDEOK,Players:Expansion2_Players::LEADER_SEJONG,Players:Expansion2_Players::LEADER_SUNDIATA_KEITA,Players:Expansion2_Players::LEADER_SULEIMAN_ALT,Players:Expansion2_Players::LEADER_SULEIMAN,Players:Expansion2_Players::LEADER_TAMAR,Players:Expansion2_Players::LEADER_T_ROOSEVELT,Players:Expansion2_Players::LEADER_GITARJA,Players:Expansion2_Players::LEADER_TRAJAN,Players:Expansion2_Players::LEADER_TOMYRIS,Players:Expansion2_Players::LEADER_LAURIER,Players:Expansion2_Players::LEADER_WILHELMINA,Players:Expansion2_Players::LEADER_WILHELMINA_INLAND,Players:Expansion2_Players::LEADER_VICTORIA,Players:Expansion2_Players::LEADER_VICTORIA_ALT,Players:Expansion2_Players::LEADER_WU_ZETIAN,Players:Expansion2_Players::LEADER_SIMON_BOLIVAR,Players:Expansion2_Players::LEADER_MATTHIAS_CORVINUS,Players:Expansion2_Players::LEADER_JADWIGA,Players:Expansion2_Players::LEADER_ABRAHAM_LINCOLN,Players:Expansion2_Players::LEADER_ALEXANDER,Players:Expansion2_Players::LEADER_ELIZABETH,Players:Expansion2_Players::LEADER_YONGLE,Players:Expansion2_Players::LEADER_JOHN_CURTIN,Players:Expansion2_Players::LEADER_CHANDRAGUPTA,Players:Expansion2_Players::LEADER_LADY_TRIEU
Config CONFIGURATION_PLAYER, Key LEADER_VALUE_DOMAIN (0xcdbd103d), subtype 0, changed to Players:*
Config CONFIGURATION_PLAYER, Key IS_LOCKED (0xce1b9dc2), subtype 0, changed to 0
Config CONFIGURATION_PLAYER, Key LEADER_NAME (0xf043351a), subtype 1, changed to null
Config CONFIGURATION_PLAYER, Key LEADER_TYPE_NAME (0xe8cd5e5f), subtype 1, changed to null
Config CONFIGURATION_PLAYER, Key LEADER_RANDOM_POOL_ID (0x402bf356), subtype 1, changed to 0
Config CONFIGURATION_PLAYER, Key LEADER_DOMAIN (0x4fe363bb), subtype 1, changed to Players:Expansion2_Players
Config CONFIGURATION_PLAYER, Key LEADER_VALUES (0xd2ed3156), subtype 1, changed to Players:*::RANDOM,Players:*::RANDOM_POOL1,Players:*::RANDOM_POOL2,Players:Expansion2_Players::LEADER_ELEANOR_FRANCE,Players:Expansion2_Players::LEADER_ELEANOR_ENGLAND,Players:Expansion2_Players::LEADER_AMANITORE,Players:Expansion2_Players::LEADER_AMBIORIX,Players:Expansion2_Players::LEADER_BASIL,Players:Expansion2_Players::LEADER_HOJO,Players:Expansion2_Players::LEADER_HOJO_INLAND,Players:Expansion2_Players::LEADER_PETER_GREAT,Players:Expansion2_Players::LEADER_PERICLES,Players:Expansion2_Players::LEADER_GENGHIS_KHAN,Players:Expansion2_Players::LEADER_TOKUGAWA,Players:Expansion2_Players::LEADER_THEODORA,Players:Expansion2_Players::LEADER_DIDO,Players:Expansion2_Players::LEADER_JAYAVARMAN,Players:Expansion2_Players::LEADER_NZINGA_MBANDE,Players:Expansion2_Players::LEADER_PHILIP_II,Players:Expansion2_Players::LEADER_PHILIP_II_INLAND,Players:Expansion2_Players::LEADER_BARBAROSSA,Players:Expansion2_Players::LEADER_GANDHI,Players:Expansion2_Players::LEADER_GORGO,Players:Expansion2_Players::LEADER_HARDRADA,Players:Expansion2_Players::LEADER_HARALD_ALT,Players:Expansion2_Players::LEADER_HAMMURABI,Players:Expansion2_Players::LEADER_KUBLAI_KHAN_MONGOLIA,Players:Expansion2_Players::LEADER_KUBLAI_KHAN_CHINA,Players:Expansion2_Players::LEADER_GILGAMESH,Players:Expansion2_Players::LEADER_CYRUS,Players:Expansion2_Players::LEADER_CATHERINE_DE_MEDICI,Players:Expansion2_Players::LEADER_CATHERINE_DE_MEDICI_ALT,Players:Expansion2_Players::LEADER_KRISTINA,Players:Expansion2_Players::LEADER_CLEOPATRA,Players:Expansion2_Players::LEADER_CLEOPATRA_ALT,Players:Expansion2_Players::LEADER_KUPE,Players:Expansion2_Players::LEADER_RAMSES,Players:Expansion2_Players::LEADER_LAUTARO,Players:Expansion2_Players::LEADER_LADY_SIX_SKY,Players:Expansion2_Players::LEADER_LUDWIG,Players:Expansion2_Players::LEADER_ROBERT_THE_BRUCE,Players:Expansion2_Players::LEADER_MANSA_MUSA,Players:Expansion2_Players::LEADER_MONTEZUMA,Players:Expansion2_Players::LEADER_MENELIK,Players:Expansion2_Players::LEADER_MVEMBA,Players:Expansion2_Players::LEADER_NADER_SHAH,Players:Expansion2_Players::LEADER_PACHACUTI,Players:Expansion2_Players::LEADER_POUNDMAKER,Players:Expansion2_Players::LEADER_PEDRO,Players:Expansion2_Players::LEADER_SHAKA,Players:Expansion2_Players::LEADER_QIN_ALT,Players:Expansion2_Players::LEADER_QIN,Players:Expansion2_Players::LEADER_JOAO_III,Players:Expansion2_Players::LEADER_SALADIN_ALT,Players:Expansion2_Players::LEADER_SALADIN,Players:Expansion2_Players::LEADER_SEONDEOK,Players:Expansion2_Players::LEADER_SEJONG,Players:Expansion2_Players::LEADER_SUNDIATA_KEITA,Players:Expansion2_Players::LEADER_SULEIMAN_ALT,Players:Expansion2_Players::LEADER_SULEIMAN,Players:Expansion2_Players::LEADER_TAMAR,Players:Expansion2_Players::LEADER_T_ROOSEVELT,Players:Expansion2_Players::LEADER_GITARJA,Players:Expansion2_Players::LEADER_TRAJAN,Players:Expansion2_Players::LEADER_TOMYRIS,Players:Expansion2_Players::LEADER_LAURIER,Players:Expansion2_Players::LEADER_WILHELMINA,Players:Expansion2_Players::LEADER_WILHELMINA_INLAND,Players:Expansion2_Players::LEADER_VICTORIA,Players:Expansion2_Players::LEADER_VICTORIA_ALT,Players:Expansion2_Players::LEADER_WU_ZETIAN,Players:Expansion2_Players::LEADER_SIMON_BOLIVAR,Players:Expansion2_Players::LEADER_MATTHIAS_CORVINUS,Players:Expansion2_Players::LEADER_JADWIGA,Players:Expansion2_Players::LEADER_ABRAHAM_LINCOLN,Players:Expansion2_Players::LEADER_ALEXANDER,Players:Expansion2_Players::LEADER_ELIZABETH,Players:Expansion2_Players::LEADER_YONGLE,Players:Expansion2_Players::LEADER_JOHN_CURTIN,Players:Expansion2_Players::LEADER_CHANDRAGUPTA,Players:Expansion2_Players::LEADER_LADY_TRIEU
Config CONFIGURATION_PLAYER, Key LEADER_VALUE_DOMAIN (0xcdbd103d), subtype 1, changed to Players:*
Config CONFIGURATION_PLAYER, Key IS_LOCKED (0xce1b9dc2), subtype 1, changed to 0
Config CONFIGURATION_PLAYER, Key LEADER_NAME (0xf043351a), subtype 2, changed to null
Config CONFIGURATION_PLAYER, Key LEADER_TYPE_NAME (0xe8cd5e5f), subtype 2, changed to null
Config CONFIGURATION_PLAYER, Key LEADER_RANDOM_POOL_ID (0x402bf356), subtype 2, changed to 0
Config CONFIGURATION_PLAYER, Key LEADER_DOMAIN (0x4fe363bb), subtype 2, changed to Players:Expansion2_Players
Config CONFIGURATION_PLAYER, Key LEADER_VALUES (0xd2ed3156), subtype 2, changed to Players:*::RANDOM,Players:*::RANDOM_POOL1,Players:*::RANDOM_POOL2,Players:Expansion2_Players::LEADER_ELEANOR_FRANCE,Players:Expansion2_Players::LEADER_ELEANOR_ENGLAND,Players:Expansion2_Players::LEADER_AMANITORE,Players:Expansion2_Players::LEADER_AMBIORIX,Players:Expansion2_Players::LEADER_BASIL,Players:Expansion2_Players::LEADER_HOJO,Players:Expansion2_Players::LEADER_HOJO_INLAND,Players:Expansion2_Players::LEADER_PETER_GREAT,Players:Expansion2_Players::LEADER_PERICLES,Players:Expansion2_Players::LEADER_GENGHIS_KHAN,Players:Expansion2_Players::LEADER_TOKUGAWA,Players:Expansion2_Players::LEADER_THEODORA,Players:Expansion2_Players::LEADER_DIDO,Players:Expansion2_Players::LEADER_JAYAVARMAN,Players:Expansion2_Players::LEADER_NZINGA_MBANDE,Players:Expansion2_Players::LEADER_PHILIP_II,Players:Expansion2_Players::LEADER_PHILIP_II_INLAND,Players:Expansion2_Players::LEADER_BARBAROSSA,Players:Expansion2_Players::LEADER_GANDHI,Players:Expansion2_Players::LEADER_GORGO,Players:Expansion2_Players::LEADER_HARDRADA,Players:Expansion2_Players::LEADER_HARALD_ALT,Players:Expansion2_Players::LEADER_HAMMURABI,Players:Expansion2_Players::LEADER_KUBLAI_KHAN_MONGOLIA,Players:Expansion2_Players::LEADER_KUBLAI_KHAN_CHINA,Players:Expansion2_Players::LEADER_GILGAMESH,Players:Expansion2_Players::LEADER_CYRUS,Players:Expansion2_Players::LEADER_CATHERINE_DE_MEDICI,Players:Expansion2_Players::LEADER_CATHERINE_DE_MEDICI_ALT,Players:Expansion2_Players::LEADER_KRISTINA,Players:Expansion2_Players::LEADER_CLEOPATRA,Players:Expansion2_Players::LEADER_CLEOPATRA_ALT,Players:Expansion2_Players::LEADER_KUPE,Players:Expansion2_Players::LEADER_RAMSES,Players:Expansion2_Players::LEADER_LAUTARO,Players:Expansion2_Players::LEADER_LADY_SIX_SKY,Players:Expansion2_Players::LEADER_LUDWIG,Players:Expansion2_Players::LEADER_ROBERT_THE_BRUCE,Players:Expansion2_Players::LEADER_MANSA_MUSA,Players:Expansion2_Players::LEADER_MONTEZUMA,Players:Expansion2_Players::LEADER_MENELIK,Players:Expansion2_Players::LEADER_MVEMBA,Players:Expansion2_Players::LEADER_NADER_SHAH,Players:Expansion2_Players::LEADER_PACHACUTI,Players:Expansion2_Players::LEADER_POUNDMAKER,Players:Expansion2_Players::LEADER_PEDRO,Players:Expansion2_Players::LEADER_SHAKA,Players:Expansion2_Players::LEADER_QIN_ALT,Players:Expansion2_Players::LEADER_QIN,Players:Expansion2_Players::LEADER_JOAO_III,Players:Expansion2_Players::LEADER_SALADIN_ALT,Players:Expansion2_Players::LEADER_SALADIN,Players:Expansion2_Players::LEADER_SEONDEOK,Players:Expansion2_Players::LEADER_SEJONG,Players:Expansion2_Players::LEADER_SUNDIATA_KEITA,Players:Expansion2_Players::LEADER_SULEIMAN_ALT,Players:Expansion2_Players::LEADER_SULEIMAN,Players:Expansion2_Players::LEADER_TAMAR,Players:Expansion2_Players::LEADER_T_ROOSEVELT,Players:Expansion2_Players::LEADER_GITARJA,Players:Expansion2_Players::LEADER_TRAJAN,Players:Expansion2_Players::LEADER_TOMYRIS,Players:Expansion2_Players::LEADER_LAURIER,Players:Expansion2_Players::LEADER_WILHELMINA,Players:Expansion2_Players::LEADER_WILHELMINA_INLAND,Players:Expansion2_Players::LEADER_VICTORIA,Players:Expansion2_Players::LEADER_VICTORIA_ALT,Players:Expansion2_Players::LEADER_WU_ZETIAN,Players:Expansion2_Players::LEADER_SIMON_BOLIVAR,Players:Expansion2_Players::LEADER_MATTHIAS_CORVINUS,Players:Expansion2_Players::LEADER_JADWIGA,Players:Expansion2_Players::LEADER_ABRAHAM_LINCOLN,Players:Expansion2_Players::LEADER_ALEXANDER,Players:Expansion2_Players::LEADER_ELIZABETH,Players:Expansion2_Players::LEADER_YONGLE,Players:Expansion2_Players::LEADER_JOHN_CURTIN,Players:Expansion2_Players::LEADER_CHANDRAGUPTA,Players:Expansion2_Players::LEADER_LADY_TRIEU
Config CONFIGURATION_PLAYER, Key LEADER_VALUE_DOMAIN (0xcdbd103d), subtype 2, changed to Players:*
Config CONFIGURATION_PLAYER, Key IS_LOCKED (0xce1b9dc2), subtype 2, changed to 0
Config CONFIGURATION_PLAYER, Key LEADER_NAME (0xf043351a), subtype 3, changed to null
Config CONFIGURATION_PLAYER, Key LEADER_TYPE_NAME (0xe8cd5e5f), subtype 3, changed to null
Config CONFIGURATION_PLAYER, Key LEADER_RANDOM_POOL_ID (0x402bf356), subtype 3, changed to 0
Config CONFIGURATION_PLAYER, Key LEADER_DOMAIN (0x4fe363bb), subtype 3, changed to Players:Expansion2_Players
Config CONFIGURATION_PLAYER, Key LEADER_VALUES (0xd2ed3156), subtype 3, changed to Players:*::RANDOM,Players:*::RANDOM_POOL1,Players:*::RANDOM_POOL2,Players:Expansion2_Players::LEADER_ELEANOR_FRANCE,Players:Expansion2_Players::LEADER_ELEANOR_ENGLAND,Players:Expansion2_Players::LEADER_AMANITORE,Players:Expansion2_Players::LEADER_AMBIORIX,Players:Expansion2_Players::LEADER_BASIL,Players:Expansion2_Players::LEADER_HOJO,Players:Expansion2_Players::LEADER_HOJO_INLAND,Players:Expansion2_Players::LEADER_PETER_GREAT,Players:Expansion2_Players::LEADER_PERICLES,Players:Expansion2_Players::LEADER_GENGHIS_KHAN,Players:Expansion2_Players::LEADER_TOKUGAWA,Players:Expansion2_Players::LEADER_THEODORA,Players:Expansion2_Players::LEADER_DIDO,Players:Expansion2_Players::LEADER_JAYAVARMAN,Players:Expansion2_Players::LEADER_NZINGA_MBANDE,Players:Expansion2_Players::LEADER_PHILIP_II,Players:Expansion2_Players::LEADER_PHILIP_II_INLAND,Players:Expansion2_Players::LEADER_BARBAROSSA,Players:Expansion2_Players::LEADER_GANDHI,Players:Expansion2_Players::LEADER_GORGO,Players:Expansion2_Players::LEADER_HARDRADA,Players:Expansion2_Players::LEADER_HARALD_ALT,Players:Expansion2_Players::LEADER_HAMMURABI,Players:Expansion2_Players::LEADER_KUBLAI_KHAN_MONGOLIA,Players:Expansion2_Players::LEADER_KUBLAI_KHAN_CHINA,Players:Expansion2_Players::LEADER_GILGAMESH,Players:Expansion2_Players::LEADER_CYRUS,Players:Expansion2_Players::LEADER_CATHERINE_DE_MEDICI,Players:Expansion2_Players::LEADER_CATHERINE_DE_MEDICI_ALT,Players:Expansion2_Players::LEADER_KRISTINA,Players:Expansion2_Players::LEADER_CLEOPATRA,Players:Expansion2_Players::LEADER_CLEOPATRA_ALT,Players:Expansion2_Players::LEADER_KUPE,Players:Expansion2_Players::LEADER_RAMSES,Players:Expansion2_Players::LEADER_LAUTARO,Players:Expansion2_Players::LEADER_LADY_SIX_SKY,Players:Expansion2_Players::LEADER_LUDWIG,Players:Expansion2_Players::LEADER_ROBERT_THE_BRUCE,Players:Expansion2_Players::LEADER_MANSA_MUSA,Players:Expansion2_Players::LEADER_MONTEZUMA,Players:Expansion2_Players::LEADER_MENELIK,Players:Expansion2_Players::LEADER_MVEMBA,Players:Expansion2_Players::LEADER_NADER_SHAH,Players:Expansion2_Players::LEADER_PACHACUTI,Players:Expansion2_Players::LEADER_POUNDMAKER,Players:Expansion2_Players::LEADER_PEDRO,Players:Expansion2_Players::LEADER_SHAKA,Players:Expansion2_Players::LEADER_QIN_ALT,Players:Expansion2_Players::LEADER_QIN,Players:Expansion2_Players::LEADER_JOAO_III,Players:Expansion2_Players::LEADER_SALADIN_ALT,Players:Expansion2_Players::LEADER_SALADIN,Players:Expansion2_Players::LEADER_SEONDEOK,Players:Expansion2_Players::LEADER_SEJONG,Players:Expansion2_Players::LEADER_SUNDIATA_KEITA,Players:Expansion2_Players::LEADER_SULEIMAN_ALT,Players:Expansion2_Players::LEADER_SULEIMAN,Players:Expansion2_Players::LEADER_TAMAR,Players:Expansion2_Players::LEADER_T_ROOSEVELT,Players:Expansion2_Players::LEADER_GITARJA,Players:Expansion2_Players::LEADER_TRAJAN,Players:Expansion2_Players::LEADER_TOMYRIS,Players:Expansion2_Players::LEADER_LAURIER,Players:Expansion2_Players::LEADER_WILHELMINA,Players:Expansion2_Players::LEADER_WILHELMINA_INLAND,Players:Expansion2_Players::LEADER_VICTORIA,Players:Expansion2_Players::LEADER_VICTORIA_ALT,Players:Expansion2_Players::LEADER_WU_ZETIAN,Players:Expansion2_Players::LEADER_SIMON_BOLIVAR,Players:Expansion2_Players::LEADER_MATTHIAS_CORVINUS,Players:Expansion2_Players::LEADER_JADWIGA,Players:Expansion2_Players::LEADER_ABRAHAM_LINCOLN,Players:Expansion2_Players::LEADER_ALEXANDER,Players:Expansion2_Players::LEADER_ELIZABETH,Players:Expansion2_Players::LEADER_YONGLE,Players:Expansion2_Players::LEADER_JOHN_CURTIN,Players:Expansion2_Players::LEADER_CHANDRAGUPTA,Players:Expansion2_Players::LEADER_LADY_TRIEU
Config CONFIGURATION_PLAYER, Key LEADER_VALUE_DOMAIN (0xcdbd103d), subtype 3, changed to Players:*
Config CONFIGURATION_PLAYER, Key IS_LOCKED (0xce1b9dc2), subtype 3, changed to 0
Config CONFIGURATION_PLAYER, Key LEADER_NAME (0xf043351a), subtype 4, changed to null
Config CONFIGURATION_PLAYER, Key LEADER_TYPE_NAME (0xe8cd5e5f), subtype 4, changed to null
Config CONFIGURATION_PLAYER, Key LEADER_RANDOM_POOL_ID (0x402bf356), subtype 4, changed to 0
Config CONFIGURATION_PLAYER, Key LEADER_DOMAIN (0x4fe363bb), subtype 4, changed to Players:Expansion2_Players
Config CONFIGURATION_PLAYER, Key LEADER_VALUES (0xd2ed3156), subtype 4, changed to Players:*::RANDOM,Players:*::RANDOM_POOL1,Players:*::RANDOM_POOL2,Players:Expansion2_Players::LEADER_ELEANOR_FRANCE,Players:Expansion2_Players::LEADER_ELEANOR_ENGLAND,Players:Expansion2_Players::LEADER_AMANITORE,Players:Expansion2_Players::LEADER_AMBIORIX,Players:Expansion2_Players::LEADER_BASIL,Players:Expansion2_Players::LEADER_HOJO,Players:Expansion2_Players::LEADER_HOJO_INLAND,Players:Expansion2_Players::LEADER_PETER_GREAT,Players:Expansion2_Players::LEADER_PERICLES,Players:Expansion2_Players::LEADER_GENGHIS_KHAN,Players:Expansion2_Players::LEADER_TOKUGAWA,Players:Expansion2_Players::LEADER_THEODORA,Players:Expansion2_Players::LEADER_DIDO,Players:Expansion2_Players::LEADER_JAYAVARMAN,Players:Expansion2_Players::LEADER_NZINGA_MBANDE,Players:Expansion2_Players::LEADER_PHILIP_II,Players:Expansion2_Players::LEADER_PHILIP_II_INLAND,Players:Expansion2_Players::LEADER_BARBAROSSA,Players:Expansion2_Players::LEADER_GANDHI,Players:Expansion2_Players::LEADER_GORGO,Players:Expansion2_Players::LEADER_HARDRADA,Players:Expansion2_Players::LEADER_HARALD_ALT,Players:Expansion2_Players::LEADER_HAMMURABI,Players:Expansion2_Players::LEADER_KUBLAI_KHAN_MONGOLIA,Players:Expansion2_Players::LEADER_KUBLAI_KHAN_CHINA,Players:Expansion2_Players::LEADER_GILGAMESH,Players:Expansion2_Players::LEADER_CYRUS,Players:Expansion2_Players::LEADER_CATHERINE_DE_MEDICI,Players:Expansion2_Players::LEADER_CATHERINE_DE_MEDICI_ALT,Players:Expansion2_Players::LEADER_KRISTINA,Players:Expansion2_Players::LEADER_CLEOPATRA,Players:Expansion2_Players::LEADER_CLEOPATRA_ALT,Players:Expansion2_Players::LEADER_KUPE,Players:Expansion2_Players::LEADER_RAMSES,Players:Expansion2_Players::LEADER_LAUTARO,Players:Expansion2_Players::LEADER_LADY_SIX_SKY,Players:Expansion2_Players::LEADER_LUDWIG,Players:Expansion2_Players::LEADER_ROBERT_THE_BRUCE,Players:Expansion2_Players::LEADER_MANSA_MUSA,Players:Expansion2_Players::LEADER_MONTEZUMA,Players:Expansion2_Players::LEADER_MENELIK,Players:Expansion2_Players::LEADER_MVEMBA,Players:Expansion2_Players::LEADER_NADER_SHAH,Players:Expansion2_Players::LEADER_PACHACUTI,Players:Expansion2_Players::LEADER_POUNDMAKER,Players:Expansion2_Players::LEADER_PEDRO,Players:Expansion2_Players::LEADER_SHAKA,Players:Expansion2_Players::LEADER_QIN_ALT,Players:Expansion2_Players::LEADER_QIN,Players:Expansion2_Players::LEADER_JOAO_III,Players:Expansion2_Players::LEADER_SALADIN_ALT,Players:Expansion2_Players::LEADER_SALADIN,Players:Expansion2_Players::LEADER_SEONDEOK,Players:Expansion2_Players::LEADER_SEJONG,Players:Expansion2_Players::LEADER_SUNDIATA_KEITA,Players:Expansion2_Players::LEADER_SULEIMAN_ALT,Players:Expansion2_Players::LEADER_SULEIMAN,Players:Expansion2_Players::LEADER_TAMAR,Players:Expansion2_Players::LEADER_T_ROOSEVELT,Players:Expansion2_Players::LEADER_GITARJA,Players:Expansion2_Players::LEADER_TRAJAN,Players:Expansion2_Players::LEADER_TOMYRIS,Players:Expansion2_Players::LEADER_LAURIER,Players:Expansion2_Players::LEADER_WILHELMINA,Players:Expansion2_Players::LEADER_WILHELMINA_INLAND,Players:Expansion2_Players::LEADER_VICTORIA,Players:Expansion2_Players::LEADER_VICTORIA_ALT,Players:Expansion2_Players::LEADER_WU_ZETIAN,Players:Expansion2_Players::LEADER_SIMON_BOLIVAR,Players:Expansion2_Players::LEADER_MATTHIAS_CORVINUS,Players:Expansion2_Players::LEADER_JADWIGA,Players:Expansion2_Players::LEADER_ABRAHAM_LINCOLN,Players:Expansion2_Players::LEADER_ALEXANDER,Players:Expansion2_Players::LEADER_ELIZABETH,Players:Expansion2_Players::LEADER_YONGLE,Players:Expansion2_Players::LEADER_JOHN_CURTIN,Players:Expansion2_Players::LEADER_CHANDRAGUPTA,Players:Expansion2_Players::LEADER_LADY_TRIEU
Config CONFIGURATION_PLAYER, Key LEADER_VALUE_DOMAIN (0xcdbd103d), subtype 4, changed to Players:*
Config CONFIGURATION_PLAYER, Key IS_LOCKED (0xce1b9dc2), subtype 4, changed to 0
Config CONFIGURATION_PLAYER, Key LEADER_NAME (0xf043351a), subtype 5, changed to null
Config CONFIGURATION_PLAYER, Key LEADER_TYPE_NAME (0xe8cd5e5f), subtype 5, changed to null
Config CONFIGURATION_PLAYER, Key LEADER_RANDOM_POOL_ID (0x402bf356), subtype 5, changed to 0
Config CONFIGURATION_PLAYER, Key LEADER_DOMAIN (0x4fe363bb), subtype 5, changed to Players:Expansion2_Players
Config CONFIGURATION_PLAYER, Key LEADER_VALUES (0xd2ed3156), subtype 5, changed to Players:*::RANDOM,Players:*::RANDOM_POOL1,Players:*::RANDOM_POOL2,Players:Expansion2_Players::LEADER_ELEANOR_FRANCE,Players:Expansion2_Players::LEADER_ELEANOR_ENGLAND,Players:Expansion2_Players::LEADER_AMANITORE,Players:Expansion2_Players::LEADER_AMBIORIX,Players:Expansion2_Players::LEADER_BASIL,Players:Expansion2_Players::LEADER_HOJO,Players:Expansion2_Players::LEADER_HOJO_INLAND,Players:Expansion2_Players::LEADER_PETER_GREAT,Players:Expansion2_Players::LEADER_PERICLES,Players:Expansion2_Players::LEADER_GENGHIS_KHAN,Players:Expansion2_Players::LEADER_TOKUGAWA,Players:Expansion2_Players::LEADER_THEODORA,Players:Expansion2_Players::LEADER_DIDO,Players:Expansion2_Players::LEADER_JAYAVARMAN,Players:Expansion2_Players::LEADER_NZINGA_MBANDE,Players:Expansion2_Players::LEADER_PHILIP_II,Players:Expansion2_Players::LEADER_PHILIP_II_INLAND,Players:Expansion2_Players::LEADER_BARBAROSSA,Players:Expansion2_Players::LEADER_GANDHI,Players:Expansion2_Players::LEADER_GORGO,Players:Expansion2_Players::LEADER_HARDRADA,Players:Expansion2_Players::LEADER_HARALD_ALT,Players:Expansion2_Players::LEADER_HAMMURABI,Players:Expansion2_Players::LEADER_KUBLAI_KHAN_MONGOLIA,Players:Expansion2_Players::LEADER_KUBLAI_KHAN_CHINA,Players:Expansion2_Players::LEADER_GILGAMESH,Players:Expansion2_Players::LEADER_CYRUS,Players:Expansion2_Players::LEADER_CATHERINE_DE_MEDICI,Players:Expansion2_Players::LEADER_CATHERINE_DE_MEDICI_ALT,Players:Expansion2_Players::LEADER_KRISTINA,Players:Expansion2_Players::LEADER_CLEOPATRA,Players:Expansion2_Players::LEADER_CLEOPATRA_ALT,Players:Expansion2_Players::LEADER_KUPE,Players:Expansion2_Players::LEADER_RAMSES,Players:Expansion2_Players::LEADER_LAUTARO,Players:Expansion2_Players::LEADER_LADY_SIX_SKY,Players:Expansion2_Players::LEADER_LUDWIG,Players:Expansion2_Players::LEADER_ROBERT_THE_BRUCE,Players:Expansion2_Players::LEADER_MANSA_MUSA,Players:Expansion2_Players::LEADER_MONTEZUMA,Players:Expansion2_Players::LEADER_MENELIK,Players:Expansion2_Players::LEADER_MVEMBA,Players:Expansion2_Players::LEADER_NADER_SHAH,Players:Expansion2_Players::LEADER_PACHACUTI,Players:Expansion2_Players::LEADER_POUNDMAKER,Players:Expansion2_Players::LEADER_PEDRO,Players:Expansion2_Players::LEADER_SHAKA,Players:Expansion2_Players::LEADER_QIN_ALT,Players:Expansion2_Players::LEADER_QIN,Players:Expansion2_Players::LEADER_JOAO_III,Players:Expansion2_Players::LEADER_SALADIN_ALT,Players:Expansion2_Players::LEADER_SALADIN,Players:Expansion2_Players::LEADER_SEONDEOK,Players:Expansion2_Players::LEADER_SEJONG,Players:Expansion2_Players::LEADER_SUNDIATA_KEITA,Players:Expansion2_Players::LEADER_SULEIMAN_ALT,Players:Expansion2_Players::LEADER_SULEIMAN,Players:Expansion2_Players::LEADER_TAMAR,Players:Expansion2_Players::LEADER_T_ROOSEVELT,Players:Expansion2_Players::LEADER_GITARJA,Players:Expansion2_Players::LEADER_TRAJAN,Players:Expansion2_Players::LEADER_TOMYRIS,Players:Expansion2_Players::LEADER_LAURIER,Players:Expansion2_Players::LEADER_WILHELMINA,Players:Expansion2_Players::LEADER_WILHELMINA_INLAND,Players:Expansion2_Players::LEADER_VICTORIA,Players:Expansion2_Players::LEADER_VICTORIA_ALT,Players:Expansion2_Players::LEADER_WU_ZETIAN,Players:Expansion2_Players::LEADER_SIMON_BOLIVAR,Players:Expansion2_Players::LEADER_MATTHIAS_CORVINUS,Players:Expansion2_Players::LEADER_JADWIGA,Players:Expansion2_Players::LEADER_ABRAHAM_LINCOLN,Players:Expansion2_Players::LEADER_ALEXANDER,Players:Expansion2_Players::LEADER_ELIZABETH,Players:Expansion2_Players::LEADER_YONGLE,Players:Expansion2_Players::LEADER_JOHN_CURTIN,Players:Expansion2_Players::LEADER_CHANDRAGUPTA,Players:Expansion2_Players::LEADER_LADY_TRIEU
Config CONFIGURATION_PLAYER, Key LEADER_VALUE_DOMAIN (0xcdbd103d), subtype 5, changed to Players:*
Config CONFIGURATION_PLAYER, Key IS_LOCKED (0xce1b9dc2), subtype 5, changed to 0
Config CONFIGURATION_GAME, Key MPH_OFFICIAL_GAME (0x193f68f9), subtype 0, removed
Sent GameConfigurationRebuilt
Config CONFIGURATION_UNKNOWN, Key PLAYER_33 (0x012727cc), subtype 0, changed to false
Config CONFIGURATION_UNKNOWN, Key PLAYER_37 (0x064ae3d5), subtype 0, changed to false
Config CONFIGURATION_UNKNOWN, Key PLAYER_62 (0x0b57e31f), subtype 0, changed to false
Config CONFIGURATION_UNKNOWN, Key PLAYER_1 (0x1258ab5e), subtype 0, changed to false
Config CONFIGURATION_UNKNOWN, Key PLAYER_5 (0x15356f47), subtype 0, changed to false
Config CONFIGURATION_UNKNOWN, Key PLAYER_23 (0x183c168d), subtype 0, changed to false
Config CONFIGURATION_UNKNOWN, Key PLAYER_9 (0x1c83236c), subtype 0, changed to false
Config CONFIGURATION_UNKNOWN, Key PLAYER_27 (0x1f51d294), subtype 0, changed to false
Config CONFIGURATION_UNKNOWN, Key PLAYER_52 (0x207ab0dc), subtype 0, changed to false
Config CONFIGURATION_UNKNOWN, Key PLAYER_56 (0x271774c5), subtype 0, changed to false
Config CONFIGURATION_UNKNOWN, Key PLAYER_13 (0x3311454e), subtype 0, changed to false
Config CONFIGURATION_UNKNOWN, Key PLAYER_17 (0x347c8157), subtype 0, changed to false
Config CONFIGURATION_UNKNOWN, Key PLAYER_42 (0x3961819d), subtype 0, changed to false
Config CONFIGURATION_UNKNOWN, Key PLAYER_46 (0x3e0c4584), subtype 0, changed to false
Config CONFIGURATION_UNKNOWN, Key PLAYER_16 (0x437bb1c1), subtype 0, changed to false
Config CONFIGURATION_UNKNOWN, Key PLAYER_12 (0x441675d8), subtype 0, changed to false
Config CONFIGURATION_UNKNOWN, Key PLAYER_47 (0x490b7512), subtype 0, changed to false
Config CONFIGURATION_UNKNOWN, Key PLAYER_43 (0x4e66b10b), subtype 0, changed to false
Config CONFIGURATION_UNKNOWN, Key PLAYER_57 (0x50104453), subtype 0, changed to false
Config CONFIGURATION_UNKNOWN, Key PLAYER_53 (0x577d804a), subtype 0, changed to false
Config CONFIGURATION_UNKNOWN, Key PLAYER_4 (0x62325fd1), subtype 0, changed to false
Config CONFIGURATION_UNKNOWN, Key PLAYER_0 (0x655f9bc8), subtype 0, changed to false
Config CONFIGURATION_UNKNOWN, Key PLAYER_26 (0x6856e202), subtype 0, changed to false
Config CONFIGURATION_UNKNOWN, Key PLAYER_8 (0x6b8413fa), subtype 0, changed to false
Config CONFIGURATION_UNKNOWN, Key PLAYER_22 (0x6f3b261b), subtype 0, changed to false
Config CONFIGURATION_UNKNOWN, Key PLAYER_36 (0x714dd343), subtype 0, changed to false
Config CONFIGURATION_UNKNOWN, Key PLAYER_32 (0x7620175a), subtype 0, changed to false
Config CONFIGURATION_UNKNOWN, Key PLAYER_63 (0x7c50d389), subtype 0, changed to false
Config CONFIGURATION_UNKNOWN, Key MAP_ROOT (0x7dd11279), subtype 0, changed to false
Config CONFIGURATION_UNKNOWN, Key PLAYER_20 (0x81354737), subtype 0, changed to false
Config CONFIGURATION_UNKNOWN, Key PLAYER_24 (0x8658832e), subtype 0, changed to false
Config CONFIGURATION_UNKNOWN, Key GAME_ROOT (0x871d5b63), subtype 0, changed to false
Config CONFIGURATION_UNKNOWN, Key PLAYER_2 (0x8b51fae4), subtype 0, changed to false
Config CONFIGURATION_UNKNOWN, Key PLAYER_6 (0x8c3c3efd), subtype 0, changed to false
Config CONFIGURATION_UNKNOWN, Key PLAYER_28 (0x8feecf05), subtype 0, changed to false
Config CONFIGURATION_UNKNOWN, Key PLAYER_61 (0x925eb2a5), subtype 0, changed to false
Config CONFIGURATION_UNKNOWN, Key PLAYER_38 (0x96f5fe44), subtype 0, changed to false
Config CONFIGURATION_UNKNOWN, Key PLAYER_30 (0x982e7676), subtype 0, changed to false
Config CONFIGURATION_UNKNOWN, Key PLAYER_34 (0x9f43b26f), subtype 0, changed to false
Config CONFIGURATION_UNKNOWN, Key PLAYER_41 (0xa068d027), subtype 0, changed to false
Config CONFIGURATION_UNKNOWN, Key PLAYER_18 (0xa4c39cc6), subtype 0, changed to false
Config CONFIGURATION_UNKNOWN, Key PLAYER_45 (0xa705143e), subtype 0, changed to false
Config CONFIGURATION_UNKNOWN, Key PLAYER_10 (0xaa1814f4), subtype 0, changed to false
Config CONFIGURATION_UNKNOWN, Key PLAYER_14 (0xad75d0ed), subtype 0, changed to false
Config CONFIGURATION_UNKNOWN, Key PLAYER_49 (0xaeb35815), subtype 0, changed to false
Config CONFIGURATION_UNKNOWN, Key PLAYER_59 (0xb7a86954), subtype 0, changed to false
Config CONFIGURATION_UNKNOWN, Key PLAYER_51 (0xb973e166), subtype 0, changed to false
Config CONFIGURATION_UNKNOWN, Key PLAYER_55 (0xbe1e257f), subtype 0, changed to false
Config CONFIGURATION_UNKNOWN, Key PLAYER_58 (0xc0af59c2), subtype 0, changed to false
Config CONFIGURATION_UNKNOWN, Key PLAYER_54 (0xc91915e9), subtype 0, changed to false
Config CONFIGURATION_UNKNOWN, Key PLAYER_50 (0xce74d1f0), subtype 0, changed to false
Config CONFIGURATION_UNKNOWN, Key PLAYER_44 (0xd00224a8), subtype 0, changed to false
Config CONFIGURATION_UNKNOWN, Key CONFIGURATION_TYPE (0xd08444c1), subtype 0, changed to false
Config Unknown, Key PLAYER_19 (0xd3c4ac50), subtype 0, changed to false
Config Unknown, Key PLAYER_40 (0xd76fe0b1), subtype 0, changed to false
Config Unknown, Key PLAYER_48 (0xd9b46883), subtype 0, changed to false
Config Unknown, Key PLAYER_15 (0xda72e07b), subtype 0, changed to false
Config Unknown, Key PLAYER_11 (0xdd1f2462), subtype 0, changed to false
Config Unknown, Key PLAYER_39 (0xe1f2ced2), subtype 0, changed to false
Config Unknown, Key PLAYER_60 (0xe5598233), subtype 0, changed to false
Config Unknown, Key PLAYER_35 (0xe84482f9), subtype 0, changed to false
Config Unknown, Key PLAYER_31 (0xef2946e0), subtype 0, changed to false
Config Unknown, Key PLAYER_25 (0xf15fb3b8), subtype 0, changed to false
Config Unknown, Key PLAYER_21 (0xf63277a1), subtype 0, changed to false
Config Unknown, Key PLAYER_29 (0xf8e9ff93), subtype 0, changed to false
Config Unknown, Key PLAYER_7 (0xfb3b0e6b), subtype 0, changed to false
Config Unknown, Key PLAYER_3 (0xfc56ca72), subtype 0, changed to false
Config CONFIGURATION_PLAYER, Key READY_STATUS (0xa4bd04b1), subtype 0, changed to false
Config CONFIGURATION_PLAYER, Key READY_STATUS (0xa4bd04b1), subtype 1, changed to false
Config CONFIGURATION_PLAYER, Key READY_STATUS (0xa4bd04b1), subtype 2, changed to false
Config CONFIGURATION_PLAYER, Key READY_STATUS (0xa4bd04b1), subtype 3, changed to false
Config CONFIGURATION_PLAYER, Key READY_STATUS (0xa4bd04b1), subtype 4, changed to false
Config CONFIGURATION_PLAYER, Key NETWORK_NAME (0x8e72249a), subtype 1, changed to ZYL@76561199003168956
Config CONFIGURATION_PLAYER, Key NICK_NAME (0xdab96bfd), subtype 1, changed to ZYL
Config CONFIGURATION_PLAYER, Key CIVILIZATION_LEVEL_TYPE_NAME (0xca55abbe), subtype 1, changed to CIVILIZATION_LEVEL_FULL_CIV
Config CONFIGURATION_PLAYER, Key MOD_READY_STATUS (0xfc7b1f66), subtype 4, changed to false
Config CONFIGURATION_PLAYER, Key NETWORK_NAME (0x8e72249a), subtype 4, changed to skyverse@76561198178704646
Config CONFIGURATION_PLAYER, Key NICK_NAME (0xdab96bfd), subtype 4, changed to skyverse
Config CONFIGURATION_PLAYER, Key CIVILIZATION_LEVEL_TYPE_NAME (0xca55abbe), subtype 4, changed to CIVILIZATION_LEVEL_FULL_CIV
Config CONFIGURATION_PLAYER, Key MOD_READY_STATUS (0xfc7b1f66), subtype 2, changed to false
Config CONFIGURATION_PLAYER, Key NETWORK_NAME (0x8e72249a), subtype 2, changed to 骆驼来了，你马没了@76561199021996474
Config CONFIGURATION_PLAYER, Key NICK_NAME (0xdab96bfd), subtype 2, changed to 骆驼来了，你马没了
Config CONFIGURATION_PLAYER, Key CIVILIZATION_LEVEL_TYPE_NAME (0xca55abbe), subtype 2, changed to CIVILIZATION_LEVEL_FULL_CIV
Config CONFIGURATION_PLAYER, Key READY_STATUS (0xa4bd04b1), subtype 1, changed to true
Config CONFIGURATION_PLAYER, Key MOD_READY_STATUS (0xfc7b1f66), subtype 3, changed to false
Config CONFIGURATION_PLAYER, Key NETWORK_NAME (0x8e72249a), subtype 3, changed to longyizhu@76561198931045205
Config CONFIGURATION_PLAYER, Key NICK_NAME (0xdab96bfd), subtype 3, changed to longyizhu
Config CONFIGURATION_PLAYER, Key CIVILIZATION_LEVEL_TYPE_NAME (0xca55abbe), subtype 3, changed to CIVILIZATION_LEVEL_FULL_CIV
Config CONFIGURATION_PLAYER, Key MOD_READY_STATUS (0xfc7b1f66), subtype 0, changed to false
Config CONFIGURATION_PLAYER, Key NETWORK_NAME (0x8e72249a), subtype 0, changed to 咕咕二世@76561198162178797
Config CONFIGURATION_PLAYER, Key NICK_NAME (0xdab96bfd), subtype 0, changed to 咕咕二世
Config CONFIGURATION_PLAYER, Key CIVILIZATION_LEVEL_TYPE_NAME (0xca55abbe), subtype 0, changed to CIVILIZATION_LEVEL_FULL_CIV
Config CONFIGURATION_UNKNOWN, Key PLAYER_33 (0x012727cc), subtype 0, changed to false
Config CONFIGURATION_UNKNOWN, Key PLAYER_37 (0x064ae3d5), subtype 0, changed to false
Config CONFIGURATION_UNKNOWN, Key PLAYER_62 (0x0b57e31f), subtype 0, changed to false
Config CONFIGURATION_UNKNOWN, Key PLAYER_1 (0x1258ab5e), subtype 0, changed to false
Config CONFIGURATION_UNKNOWN, Key PLAYER_5 (0x15356f47), subtype 0, changed to false
Config CONFIGURATION_UNKNOWN, Key PLAYER_23 (0x183c168d), subtype 0, changed to false
Config CONFIGURATION_UNKNOWN, Key PLAYER_9 (0x1c83236c), subtype 0, changed to false
Config CONFIGURATION_UNKNOWN, Key PLAYER_27 (0x1f51d294), subtype 0, changed to false
Config CONFIGURATION_UNKNOWN, Key PLAYER_52 (0x207ab0dc), subtype 0, changed to false
Config CONFIGURATION_UNKNOWN, Key PLAYER_56 (0x271774c5), subtype 0, changed to false
Config CONFIGURATION_UNKNOWN, Key PLAYER_13 (0x3311454e), subtype 0, changed to false
Config CONFIGURATION_UNKNOWN, Key PLAYER_17 (0x347c8157), subtype 0, changed to false
Config CONFIGURATION_UNKNOWN, Key PLAYER_42 (0x3961819d), subtype 0, changed to false
Config CONFIGURATION_UNKNOWN, Key PLAYER_46 (0x3e0c4584), subtype 0, changed to false
Config CONFIGURATION_UNKNOWN, Key PLAYER_16 (0x437bb1c1), subtype 0, changed to false
Config CONFIGURATION_UNKNOWN, Key PLAYER_12 (0x441675d8), subtype 0, changed to false
Config CONFIGURATION_UNKNOWN, Key PLAYER_47 (0x490b7512), subtype 0, changed to false
Config CONFIGURATION_UNKNOWN, Key PLAYER_43 (0x4e66b10b), subtype 0, changed to false
Config CONFIGURATION_UNKNOWN, Key PLAYER_57 (0x50104453), subtype 0, changed to false
Config CONFIGURATION_UNKNOWN, Key PLAYER_53 (0x577d804a), subtype 0, changed to false
Config CONFIGURATION_UNKNOWN, Key PLAYER_4 (0x62325fd1), subtype 0, changed to false
Config CONFIGURATION_UNKNOWN, Key PLAYER_0 (0x655f9bc8), subtype 0, changed to false
Config CONFIGURATION_UNKNOWN, Key PLAYER_26 (0x6856e202), subtype 0, changed to false
Config CONFIGURATION_UNKNOWN, Key PLAYER_8 (0x6b8413fa), subtype 0, changed to false
Config CONFIGURATION_UNKNOWN, Key PLAYER_22 (0x6f3b261b), subtype 0, changed to false
Config CONFIGURATION_UNKNOWN, Key PLAYER_36 (0x714dd343), subtype 0, changed to false
Config CONFIGURATION_UNKNOWN, Key PLAYER_32 (0x7620175a), subtype 0, changed to false
Config CONFIGURATION_UNKNOWN, Key PLAYER_63 (0x7c50d389), subtype 0, changed to false
Config CONFIGURATION_UNKNOWN, Key MAP_ROOT (0x7dd11279), subtype 0, changed to false
Config CONFIGURATION_UNKNOWN, Key PLAYER_20 (0x81354737), subtype 0, changed to false
Config CONFIGURATION_UNKNOWN, Key PLAYER_24 (0x8658832e), subtype 0, changed to false
Config CONFIGURATION_UNKNOWN, Key GAME_ROOT (0x871d5b63), subtype 0, changed to false
Config CONFIGURATION_UNKNOWN, Key PLAYER_2 (0x8b51fae4), subtype 0, changed to false
Config CONFIGURATION_UNKNOWN, Key PLAYER_6 (0x8c3c3efd), subtype 0, changed to false
Config CONFIGURATION_UNKNOWN, Key PLAYER_28 (0x8feecf05), subtype 0, changed to false
Config CONFIGURATION_UNKNOWN, Key PLAYER_61 (0x925eb2a5), subtype 0, changed to false
Config CONFIGURATION_UNKNOWN, Key PLAYER_38 (0x96f5fe44), subtype 0, changed to false
Config CONFIGURATION_UNKNOWN, Key PLAYER_30 (0x982e7676), subtype 0, changed to false
Config CONFIGURATION_UNKNOWN, Key PLAYER_34 (0x9f43b26f), subtype 0, changed to false
Config CONFIGURATION_UNKNOWN, Key PLAYER_41 (0xa068d027), subtype 0, changed to false
Config CONFIGURATION_UNKNOWN, Key PLAYER_18 (0xa4c39cc6), subtype 0, changed to false
Config CONFIGURATION_UNKNOWN, Key PLAYER_45 (0xa705143e), subtype 0, changed to false
Config CONFIGURATION_UNKNOWN, Key PLAYER_10 (0xaa1814f4), subtype 0, changed to false
Config CONFIGURATION_UNKNOWN, Key PLAYER_14 (0xad75d0ed), subtype 0, changed to false
Config CONFIGURATION_UNKNOWN, Key PLAYER_49 (0xaeb35815), subtype 0, changed to false
Config CONFIGURATION_UNKNOWN, Key PLAYER_59 (0xb7a86954), subtype 0, changed to false
Config CONFIGURATION_UNKNOWN, Key PLAYER_51 (0xb973e166), subtype 0, changed to false
Config CONFIGURATION_UNKNOWN, Key PLAYER_55 (0xbe1e257f), subtype 0, changed to false
Config CONFIGURATION_UNKNOWN, Key PLAYER_58 (0xc0af59c2), subtype 0, changed to false
Config CONFIGURATION_UNKNOWN, Key PLAYER_54 (0xc91915e9), subtype 0, changed to false
Config CONFIGURATION_UNKNOWN, Key PLAYER_50 (0xce74d1f0), subtype 0, changed to false
Config CONFIGURATION_UNKNOWN, Key PLAYER_44 (0xd00224a8), subtype 0, changed to false
Config CONFIGURATION_UNKNOWN, Key CONFIGURATION_TYPE (0xd08444c1), subtype 0, changed to false
Config Unknown, Key PLAYER_19 (0xd3c4ac50), subtype 0, changed to false
Config Unknown, Key PLAYER_40 (0xd76fe0b1), subtype 0, changed to false
Config Unknown, Key PLAYER_48 (0xd9b46883), subtype 0, changed to false
Config Unknown, Key PLAYER_15 (0xda72e07b), subtype 0, changed to false
Config Unknown, Key PLAYER_11 (0xdd1f2462), subtype 0, changed to false
Config Unknown, Key PLAYER_39 (0xe1f2ced2), subtype 0, changed to false
Config Unknown, Key PLAYER_60 (0xe5598233), subtype 0, changed to false
Config Unknown, Key PLAYER_35 (0xe84482f9), subtype 0, changed to false
Config Unknown, Key PLAYER_31 (0xef2946e0), subtype 0, changed to false
Config Unknown, Key PLAYER_25 (0xf15fb3b8), subtype 0, changed to false
Config Unknown, Key PLAYER_21 (0xf63277a1), subtype 0, changed to false
Config Unknown, Key PLAYER_29 (0xf8e9ff93), subtype 0, changed to false
Config Unknown, Key PLAYER_7 (0xfb3b0e6b), subtype 0, changed to false
Config Unknown, Key PLAYER_3 (0xfc56ca72), subtype 0, changed to false
Config CONFIGURATION_UNKNOWN, Key PLAYER_33 (0x012727cc), subtype 0, changed to false
Config CONFIGURATION_UNKNOWN, Key PLAYER_37 (0x064ae3d5), subtype 0, changed to false
Config CONFIGURATION_UNKNOWN, Key PLAYER_62 (0x0b57e31f), subtype 0, changed to false
Config CONFIGURATION_UNKNOWN, Key PLAYER_1 (0x1258ab5e), subtype 0, changed to false
Config CONFIGURATION_UNKNOWN, Key PLAYER_5 (0x15356f47), subtype 0, changed to false
Config CONFIGURATION_UNKNOWN, Key PLAYER_23 (0x183c168d), subtype 0, changed to false
Config CONFIGURATION_UNKNOWN, Key PLAYER_9 (0x1c83236c), subtype 0, changed to false
Config CONFIGURATION_UNKNOWN, Key PLAYER_27 (0x1f51d294), subtype 0, changed to false
Config CONFIGURATION_UNKNOWN, Key PLAYER_52 (0x207ab0dc), subtype 0, changed to false
Config CONFIGURATION_UNKNOWN, Key PLAYER_56 (0x271774c5), subtype 0, changed to false
Config CONFIGURATION_UNKNOWN, Key PLAYER_13 (0x3311454e), subtype 0, changed to false
Config CONFIGURATION_UNKNOWN, Key PLAYER_17 (0x347c8157), subtype 0, changed to false
Config CONFIGURATION_UNKNOWN, Key PLAYER_42 (0x3961819d), subtype 0, changed to false
Config CONFIGURATION_UNKNOWN, Key PLAYER_46 (0x3e0c4584), subtype 0, changed to false
Config CONFIGURATION_UNKNOWN, Key PLAYER_16 (0x437bb1c1), subtype 0, changed to false
Config CONFIGURATION_UNKNOWN, Key PLAYER_12 (0x441675d8), subtype 0, changed to false
Config CONFIGURATION_UNKNOWN, Key PLAYER_47 (0x490b7512), subtype 0, changed to false
Config CONFIGURATION_UNKNOWN, Key PLAYER_43 (0x4e66b10b), subtype 0, changed to false
Config CONFIGURATION_UNKNOWN, Key PLAYER_57 (0x50104453), subtype 0, changed to false
Config CONFIGURATION_UNKNOWN, Key PLAYER_53 (0x577d804a), subtype 0, changed to false
Config CONFIGURATION_UNKNOWN, Key PLAYER_4 (0x62325fd1), subtype 0, changed to false
Config CONFIGURATION_UNKNOWN, Key PLAYER_0 (0x655f9bc8), subtype 0, changed to false
Config CONFIGURATION_UNKNOWN, Key PLAYER_26 (0x6856e202), subtype 0, changed to false
Config CONFIGURATION_UNKNOWN, Key PLAYER_8 (0x6b8413fa), subtype 0, changed to false
Config CONFIGURATION_UNKNOWN, Key PLAYER_22 (0x6f3b261b), subtype 0, changed to false
Config CONFIGURATION_UNKNOWN, Key PLAYER_36 (0x714dd343), subtype 0, changed to false
Config CONFIGURATION_UNKNOWN, Key PLAYER_32 (0x7620175a), subtype 0, changed to false
Config CONFIGURATION_UNKNOWN, Key PLAYER_63 (0x7c50d389), subtype 0, changed to false
Config CONFIGURATION_UNKNOWN, Key MAP_ROOT (0x7dd11279), subtype 0, changed to false
Config CONFIGURATION_UNKNOWN, Key PLAYER_20 (0x81354737), subtype 0, changed to false
Config CONFIGURATION_UNKNOWN, Key PLAYER_24 (0x8658832e), subtype 0, changed to false
Config CONFIGURATION_UNKNOWN, Key GAME_ROOT (0x871d5b63), subtype 0, changed to false
Config CONFIGURATION_UNKNOWN, Key PLAYER_2 (0x8b51fae4), subtype 0, changed to false
Config CONFIGURATION_UNKNOWN, Key PLAYER_6 (0x8c3c3efd), subtype 0, changed to false
Config CONFIGURATION_UNKNOWN, Key PLAYER_28 (0x8feecf05), subtype 0, changed to false
Config CONFIGURATION_UNKNOWN, Key PLAYER_61 (0x925eb2a5), subtype 0, changed to false
Config CONFIGURATION_UNKNOWN, Key PLAYER_38 (0x96f5fe44), subtype 0, changed to false
Config CONFIGURATION_UNKNOWN, Key PLAYER_30 (0x982e7676), subtype 0, changed to false
Config CONFIGURATION_UNKNOWN, Key PLAYER_34 (0x9f43b26f), subtype 0, changed to false
Config CONFIGURATION_UNKNOWN, Key PLAYER_41 (0xa068d027), subtype 0, changed to false
Config CONFIGURATION_UNKNOWN, Key PLAYER_18 (0xa4c39cc6), subtype 0, changed to false
Config CONFIGURATION_UNKNOWN, Key PLAYER_45 (0xa705143e), subtype 0, changed to false
Config CONFIGURATION_UNKNOWN, Key PLAYER_10 (0xaa1814f4), subtype 0, changed to false
Config CONFIGURATION_UNKNOWN, Key PLAYER_14 (0xad75d0ed), subtype 0, changed to false
Config CONFIGURATION_UNKNOWN, Key PLAYER_49 (0xaeb35815), subtype 0, changed to false
Config CONFIGURATION_UNKNOWN, Key PLAYER_59 (0xb7a86954), subtype 0, changed to false
Config CONFIGURATION_UNKNOWN, Key PLAYER_51 (0xb973e166), subtype 0, changed to false
Config CONFIGURATION_UNKNOWN, Key PLAYER_55 (0xbe1e257f), subtype 0, changed to false
Config CONFIGURATION_UNKNOWN, Key PLAYER_58 (0xc0af59c2), subtype 0, changed to false
Config CONFIGURATION_UNKNOWN, Key PLAYER_54 (0xc91915e9), subtype 0, changed to false
Config CONFIGURATION_UNKNOWN, Key PLAYER_50 (0xce74d1f0), subtype 0, changed to false
Config CONFIGURATION_UNKNOWN, Key PLAYER_44 (0xd00224a8), subtype 0, changed to false
Config CONFIGURATION_UNKNOWN, Key CONFIGURATION_TYPE (0xd08444c1), subtype 0, changed to false
Config Unknown, Key PLAYER_19 (0xd3c4ac50), subtype 0, changed to false
Config Unknown, Key PLAYER_40 (0xd76fe0b1), subtype 0, changed to false
Config Unknown, Key PLAYER_48 (0xd9b46883), subtype 0, changed to false
Config Unknown, Key PLAYER_15 (0xda72e07b), subtype 0, changed to false
Config Unknown, Key PLAYER_11 (0xdd1f2462), subtype 0, changed to false
Config Unknown, Key PLAYER_39 (0xe1f2ced2), subtype 0, changed to false
Config Unknown, Key PLAYER_60 (0xe5598233), subtype 0, changed to false
Config Unknown, Key PLAYER_35 (0xe84482f9), subtype 0, changed to false
Config Unknown, Key PLAYER_31 (0xef2946e0), subtype 0, changed to false
Config Unknown, Key PLAYER_25 (0xf15fb3b8), subtype 0, changed to false
Config Unknown, Key PLAYER_21 (0xf63277a1), subtype 0, changed to false
Config Unknown, Key PLAYER_29 (0xf8e9ff93), subtype 0, changed to false
Config Unknown, Key PLAYER_7 (0xfb3b0e6b), subtype 0, changed to false
Config Unknown, Key PLAYER_3 (0xfc56ca72), subtype 0, changed to false
Config CONFIGURATION_PLAYER, Key BTS_LocalPlayerRunningRotues (0xf17b5a0b), subtype 1, changed to T11:D1:1T9:S12:OriginCityIDD6:327684S12:TraderUnitIDD7:1572869S14:TurnsRemainingD2:10S15:TradePathLengthD1:7S16:OriginCityPlayerD1:1S17:DestinationCityIDD5:65536S21:DestinationCityPlayerD1:1S22:OriginalTurnsRemainingD2:28S8:CacheKeyS16:1_327684_1_65536D1:2T9:S12:OriginCityIDD6:393221S12:TraderUnitIDD7:1703950S14:TurnsRemainingD1:8S15:TradePathLengthD1:6S16:OriginCityPlayerD1:1S17:DestinationCityIDD5:65536S21:DestinationCityPlayerD1:1S22:OriginalTurnsRemainingD2:24S8:CacheKeyS16:1_393221_1_65536D1:3T9:S12:OriginCityIDD6:196610S12:TraderUnitIDD6:851976S14:TurnsRemainingD1:4S15:TradePathLengthD1:8S16:OriginCityPlayerD1:1S17:DestinationCityIDD5:65536S21:DestinationCityPlayerD1:1S22:OriginalTurnsRemainingD2:16S8:CacheKeyS16:1_196610_1_65536D1:4T9:S12:OriginCityIDD6:524295S12:TraderUnitIDD7:2555917S14:TurnsRemainingD2:11S15:TradePathLengthD2:10S16:OriginCityPlayerD1:1S17:DestinationCityIDD5:65536S21:DestinationCityPlayerD1:1S22:OriginalTurnsRemainingD2:20S8:CacheKeyS16:1_524295_1_65536D1:5T9:S12:OriginCityIDD6:458758S12:TraderUnitIDD7:2490385S14:TurnsRemainingD2:13S15:TradePathLengthD2:11S16:OriginCityPlayerD1:1S17:DestinationCityIDD5:65536S21:DestinationCityPlayerD1:1S22:OriginalTurnsRemainingD2:22S8:CacheKeyS16:1_458758_1_65536D1:6T9:S12:OriginCityIDD6:327684S12:TraderUnitIDD7:2752528S14:TurnsRemainingD1:9S15:TradePathLengthD1:8S16:OriginCityPlayerD1:1S17:DestinationCityIDD6:131073S21:DestinationCityPlayerD1:2S22:OriginalTurnsRemainingD2:16S8:CacheKeyS17:1_327684_2_131073D1:7T9:S12:OriginCityIDD6:458758S12:TraderUnitIDD7:3080213S14:TurnsRemainingD2:27S15:TradePathLengthD2:16S16:OriginCityPlayerD1:1S17:DestinationCityIDD6:131073S21:DestinationCityPlayerD1:2S22:OriginalTurnsRemainingD2:32S8:CacheKeyS17:1_458758_2_131073D1:8T9:S12:OriginCityIDD6:262147S12:TraderUnitIDD6:589830S14:TurnsRemainingD2:43S15:TradePathLengthD2:23S16:OriginCityPlayerD1:1S17:DestinationCityIDD6:131073S21:DestinationCityPlayerD1:2S22:OriginalTurnsRemainingD2:46S8:CacheKeyS17:1_262147_2_131073D1:9T9:S12:OriginCityIDD6:393221S12:TraderUnitIDD7:3866650S14:TurnsRemainingD2:23S15:TradePathLengthD2:12S16:OriginCityPlayerD1:1S17:DestinationCityIDD6:131073S21:DestinationCityPlayerD1:2S22:OriginalTurnsRemainingD2:24S8:CacheKeyS17:1_393221_2_131073D2:10T9:S12:OriginCityIDD6:327684S12:TraderUnitIDD7:4063261S14:TurnsRemainingD2:37S15:TradePathLengthD2:19S16:OriginCityPlayerD1:1S17:DestinationCityIDD5:65536S21:DestinationCityPlayerD1:3S22:OriginalTurnsRemainingD2:38S8:CacheKeyS16:1_327684_3_65536D2:11T9:S12:OriginCityIDD6:131073S12:TraderUnitIDD7:3997724S14:TurnsRemainingD2:37S15:TradePathLengthD2:19S16:OriginCityPlayerD1:1S17:DestinationCityIDD6:131073S21:DestinationCityPlayerD1:2S22:OriginalTurnsRemainingD2:38S8:CacheKeyS17:1_131073_2_131073
Config CONFIGURATION_PLAYER, Key BTS_LocalPlayerRunningRotues (0xf17b5a0b), subtype 1, changed to T11:D1:1T9:S12:OriginCityIDD6:327684S12:TraderUnitIDD7:1572869S14:TurnsRemainingD2:10S15:TradePathLengthD1:7S16:OriginCityPlayerD1:1S17:DestinationCityIDD5:65536S21:DestinationCityPlayerD1:1S22:OriginalTurnsRemainingD2:28S8:CacheKeyS16:1_327684_1_65536D1:2T9:S12:OriginCityIDD6:393221S12:TraderUnitIDD7:1703950S14:TurnsRemainingD1:8S15:TradePathLengthD1:6S16:OriginCityPlayerD1:1S17:DestinationCityIDD5:65536S21:DestinationCityPlayerD1:1S22:OriginalTurnsRemainingD2:24S8:CacheKeyS16:1_393221_1_65536D1:3T9:S12:OriginCityIDD6:196610S12:TraderUnitIDD6:851976S14:TurnsRemainingD1:4S15:TradePathLengthD1:8S16:OriginCityPlayerD1:1S17:DestinationCityIDD5:65536S21:DestinationCityPlayerD1:1S22:OriginalTurnsRemainingD2:16S8:CacheKeyS16:1_196610_1_65536D1:4T9:S12:OriginCityIDD6:524295S12:TraderUnitIDD7:2555917S14:TurnsRemainingD2:11S15:TradePathLengthD2:10S16:OriginCityPlayerD1:1S17:DestinationCityIDD5:65536S21:DestinationCityPlayerD1:1S22:OriginalTurnsRemainingD2:20S8:CacheKeyS16:1_524295_1_65536D1:5T9:S12:OriginCityIDD6:458758S12:TraderUnitIDD7:2490385S14:TurnsRemainingD2:13S15:TradePathLengthD2:11S16:OriginCityPlayerD1:1S17:DestinationCityIDD5:65536S21:DestinationCityPlayerD1:1S22:OriginalTurnsRemainingD2:22S8:CacheKeyS16:1_458758_1_65536D1:6T9:S12:OriginCityIDD6:327684S12:TraderUnitIDD7:2752528S14:TurnsRemainingD1:9S15:TradePathLengthD1:8S16:OriginCityPlayerD1:1S17:DestinationCityIDD6:131073S21:DestinationCityPlayerD1:2S22:OriginalTurnsRemainingD2:16S8:CacheKeyS17:1_327684_2_131073D1:7T9:S12:OriginCityIDD6:458758S12:TraderUnitIDD7:3080213S14:TurnsRemainingD2:27S15:TradePathLengthD2:16S16:OriginCityPlayerD1:1S17:DestinationCityIDD6:131073S21:DestinationCityPlayerD1:2S22:OriginalTurnsRemainingD2:32S8:CacheKeyS17:1_458758_2_131073D1:8T9:S12:OriginCityIDD6:262147S12:TraderUnitIDD6:589830S14:TurnsRemainingD2:43S15:TradePathLengthD2:23S16:OriginCityPlayerD1:1S17:DestinationCityIDD6:131073S21:DestinationCityPlayerD1:2S22:OriginalTurnsRemainingD2:46S8:CacheKeyS17:1_262147_2_131073D1:9T9:S12:OriginCityIDD6:393221S12:TraderUnitIDD7:3866650S14:TurnsRemainingD2:23S15:TradePathLengthD2:12S16:OriginCityPlayerD1:1S17:DestinationCityIDD6:131073S21:DestinationCityPlayerD1:2S22:OriginalTurnsRemainingD2:24S8:CacheKeyS17:1_393221_2_131073D2:10T9:S12:OriginCityIDD6:327684S12:TraderUnitIDD7:4063261S14:TurnsRemainingD2:37S15:TradePathLengthD2:19S16:OriginCityPlayerD1:1S17:DestinationCityIDD5:65536S21:DestinationCityPlayerD1:3S22:OriginalTurnsRemainingD2:38S8:CacheKeyS16:1_327684_3_65536D2:11T9:S12:OriginCityIDD6:131073S12:TraderUnitIDD7:3997724S14:TurnsRemainingD2:37S15:TradePathLengthD2:19S16:OriginCityPlayerD1:1S17:DestinationCityIDD6:131073S21:DestinationCityPlayerD1:2S22:OriginalTurnsRemainingD2:38S8:CacheKeyS17:1_131073_2_131073
Config CONFIGURATION_PLAYER, Key BTS_LocalPlayerRunningRotues (0xf17b5a0b), subtype 1, changed to T11:D1:1T9:S12:OriginCityIDD6:327684S12:TraderUnitIDD7:1572869S14:TurnsRemainingD2:10S15:TradePathLengthD1:7S16:OriginCityPlayerD1:1S17:DestinationCityIDD5:65536S21:DestinationCityPlayerD1:1S22:OriginalTurnsRemainingD2:28S8:CacheKeyS16:1_327684_1_65536D1:2T9:S12:OriginCityIDD6:393221S12:TraderUnitIDD7:1703950S14:TurnsRemainingD1:8S15:TradePathLengthD1:6S16:OriginCityPlayerD1:1S17:DestinationCityIDD5:65536S21:DestinationCityPlayerD1:1S22:OriginalTurnsRemainingD2:24S8:CacheKeyS16:1_393221_1_65536D1:3T9:S12:OriginCityIDD6:196610S12:TraderUnitIDD6:851976S14:TurnsRemainingD1:4S15:TradePathLengthD1:8S16:OriginCityPlayerD1:1S17:DestinationCityIDD5:65536S21:DestinationCityPlayerD1:1S22:OriginalTurnsRemainingD2:16S8:CacheKeyS16:1_196610_1_65536D1:4T9:S12:OriginCityIDD6:524295S12:TraderUnitIDD7:2555917S14:TurnsRemainingD2:11S15:TradePathLengthD2:10S16:OriginCityPlayerD1:1S17:DestinationCityIDD5:65536S21:DestinationCityPlayerD1:1S22:OriginalTurnsRemainingD2:20S8:CacheKeyS16:1_524295_1_65536D1:5T9:S12:OriginCityIDD6:458758S12:TraderUnitIDD7:2490385S14:TurnsRemainingD2:13S15:TradePathLengthD2:11S16:OriginCityPlayerD1:1S17:DestinationCityIDD5:65536S21:DestinationCityPlayerD1:1S22:OriginalTurnsRemainingD2:22S8:CacheKeyS16:1_458758_1_65536D1:6T9:S12:OriginCityIDD6:327684S12:TraderUnitIDD7:2752528S14:TurnsRemainingD1:9S15:TradePathLengthD1:8S16:OriginCityPlayerD1:1S17:DestinationCityIDD6:131073S21:DestinationCityPlayerD1:2S22:OriginalTurnsRemainingD2:16S8:CacheKeyS17:1_327684_2_131073D1:7T9:S12:OriginCityIDD6:458758S12:TraderUnitIDD7:3080213S14:TurnsRemainingD2:27S15:TradePathLengthD2:16S16:OriginCityPlayerD1:1S17:DestinationCityIDD6:131073S21:DestinationCityPlayerD1:2S22:OriginalTurnsRemainingD2:32S8:CacheKeyS17:1_458758_2_131073D1:8T9:S12:OriginCityIDD6:262147S12:TraderUnitIDD6:589830S14:TurnsRemainingD2:43S15:TradePathLengthD2:23S16:OriginCityPlayerD1:1S17:DestinationCityIDD6:131073S21:DestinationCityPlayerD1:2S22:OriginalTurnsRemainingD2:46S8:CacheKeyS17:1_262147_2_131073D1:9T9:S12:OriginCityIDD6:393221S12:TraderUnitIDD7:3866650S14:TurnsRemainingD2:23S15:TradePathLengthD2:12S16:OriginCityPlayerD1:1S17:DestinationCityIDD6:131073S21:DestinationCityPlayerD1:2S22:OriginalTurnsRemainingD2:24S8:CacheKeyS17:1_393221_2_131073D2:10T9:S12:OriginCityIDD6:327684S12:TraderUnitIDD7:4063261S14:TurnsRemainingD2:37S15:TradePathLengthD2:19S16:OriginCityPlayerD1:1S17:DestinationCityIDD5:65536S21:DestinationCityPlayerD1:3S22:OriginalTurnsRemainingD2:38S8:CacheKeyS16:1_327684_3_65536D2:11T9:S12:OriginCityIDD6:131073S12:TraderUnitIDD7:3997724S14:TurnsRemainingD2:37S15:TradePathLengthD2:19S16:OriginCityPlayerD1:1S17:DestinationCityIDD6:131073S21:DestinationCityPlayerD1:2S22:OriginalTurnsRemainingD2:38S8:CacheKeyS17:1_131073_2_131073
Config CONFIGURATION_PLAYER, Key MOD_READY_STATUS (0xfc7b1f66), subtype 5, changed to false
Config CONFIGURATION_PLAYER, Key NETWORK_NAME (0x8e72249a), subtype 5, changed to skyverse@76561198178704646
Config CONFIGURATION_PLAYER, Key NICK_NAME (0xdab96bfd), subtype 5, changed to skyverse
Config CONFIGURATION_PLAYER, Key WANTS_PAUSE (0x7ab021cb), subtype 1, changed to true
Sent GameConfigurationRebuilt
Sent GameConfigurationRebuilt
Sent GameConfigurationRebuilt
Config CONFIGURATION_UNKNOWN, Key PLAYER_33 (0x012727cc), subtype 0, changed to false
Config CONFIGURATION_UNKNOWN, Key PLAYER_37 (0x064ae3d5), subtype 0, changed to false
Config CONFIGURATION_UNKNOWN, Key PLAYER_62 (0x0b57e31f), subtype 0, changed to false
Config CONFIGURATION_UNKNOWN, Key PLAYER_1 (0x1258ab5e), subtype 0, changed to false
Config CONFIGURATION_UNKNOWN, Key PLAYER_5 (0x15356f47), subtype 0, changed to false
Config CONFIGURATION_UNKNOWN, Key PLAYER_23 (0x183c168d), subtype 0, changed to false
Config CONFIGURATION_UNKNOWN, Key PLAYER_9 (0x1c83236c), subtype 0, changed to false
Config CONFIGURATION_UNKNOWN, Key PLAYER_27 (0x1f51d294), subtype 0, changed to false
Config CONFIGURATION_UNKNOWN, Key PLAYER_52 (0x207ab0dc), subtype 0, changed to false
Config CONFIGURATION_UNKNOWN, Key PLAYER_56 (0x271774c5), subtype 0, changed to false
Config CONFIGURATION_UNKNOWN, Key PLAYER_13 (0x3311454e), subtype 0, changed to false
Config CONFIGURATION_UNKNOWN, Key PLAYER_17 (0x347c8157), subtype 0, changed to false
Config CONFIGURATION_UNKNOWN, Key PLAYER_42 (0x3961819d), subtype 0, changed to false
Config CONFIGURATION_UNKNOWN, Key PLAYER_46 (0x3e0c4584), subtype 0, changed to false
Config CONFIGURATION_UNKNOWN, Key PLAYER_16 (0x437bb1c1), subtype 0, changed to false
Config CONFIGURATION_UNKNOWN, Key PLAYER_12 (0x441675d8), subtype 0, changed to false
Config CONFIGURATION_UNKNOWN, Key PLAYER_47 (0x490b7512), subtype 0, changed to false
Config CONFIGURATION_UNKNOWN, Key PLAYER_43 (0x4e66b10b), subtype 0, changed to false
Config CONFIGURATION_UNKNOWN, Key PLAYER_57 (0x50104453), subtype 0, changed to false
Config CONFIGURATION_UNKNOWN, Key PLAYER_53 (0x577d804a), subtype 0, changed to false
Config CONFIGURATION_UNKNOWN, Key PLAYER_4 (0x62325fd1), subtype 0, changed to false
Config CONFIGURATION_UNKNOWN, Key PLAYER_0 (0x655f9bc8), subtype 0, changed to false
Config CONFIGURATION_UNKNOWN, Key PLAYER_26 (0x6856e202), subtype 0, changed to false
Config CONFIGURATION_UNKNOWN, Key PLAYER_8 (0x6b8413fa), subtype 0, changed to false
Config CONFIGURATION_UNKNOWN, Key PLAYER_22 (0x6f3b261b), subtype 0, changed to false
Config CONFIGURATION_UNKNOWN, Key PLAYER_36 (0x714dd343), subtype 0, changed to false
Config CONFIGURATION_UNKNOWN, Key PLAYER_32 (0x7620175a), subtype 0, changed to false
Config CONFIGURATION_UNKNOWN, Key PLAYER_63 (0x7c50d389), subtype 0, changed to false
Config CONFIGURATION_UNKNOWN, Key MAP_ROOT (0x7dd11279), subtype 0, changed to false
Config CONFIGURATION_UNKNOWN, Key PLAYER_20 (0x81354737), subtype 0, changed to false
Config CONFIGURATION_UNKNOWN, Key PLAYER_24 (0x8658832e), subtype 0, changed to false
Config CONFIGURATION_UNKNOWN, Key GAME_ROOT (0x871d5b63), subtype 0, changed to false
Config CONFIGURATION_UNKNOWN, Key PLAYER_2 (0x8b51fae4), subtype 0, changed to false
Config CONFIGURATION_UNKNOWN, Key PLAYER_6 (0x8c3c3efd), subtype 0, changed to false
Config CONFIGURATION_UNKNOWN, Key PLAYER_28 (0x8feecf05), subtype 0, changed to false
Config CONFIGURATION_UNKNOWN, Key PLAYER_61 (0x925eb2a5), subtype 0, changed to false
Config CONFIGURATION_UNKNOWN, Key PLAYER_38 (0x96f5fe44), subtype 0, changed to false
Config CONFIGURATION_UNKNOWN, Key PLAYER_30 (0x982e7676), subtype 0, changed to false
Config CONFIGURATION_UNKNOWN, Key PLAYER_34 (0x9f43b26f), subtype 0, changed to false
Config CONFIGURATION_UNKNOWN, Key PLAYER_41 (0xa068d027), subtype 0, changed to false
Config CONFIGURATION_UNKNOWN, Key PLAYER_18 (0xa4c39cc6), subtype 0, changed to false
Config CONFIGURATION_UNKNOWN, Key PLAYER_45 (0xa705143e), subtype 0, changed to false
Config CONFIGURATION_UNKNOWN, Key PLAYER_10 (0xaa1814f4), subtype 0, changed to false
Config CONFIGURATION_UNKNOWN, Key PLAYER_14 (0xad75d0ed), subtype 0, changed to false
Config CONFIGURATION_UNKNOWN, Key PLAYER_49 (0xaeb35815), subtype 0, changed to false
Config CONFIGURATION_UNKNOWN, Key PLAYER_59 (0xb7a86954), subtype 0, changed to false
Config CONFIGURATION_UNKNOWN, Key PLAYER_51 (0xb973e166), subtype 0, changed to false
Config CONFIGURATION_UNKNOWN, Key PLAYER_55 (0xbe1e257f), subtype 0, changed to false
Config CONFIGURATION_UNKNOWN, Key PLAYER_58 (0xc0af59c2), subtype 0, changed to false
Config CONFIGURATION_UNKNOWN, Key PLAYER_54 (0xc91915e9), subtype 0, changed to false
Config CONFIGURATION_UNKNOWN, Key PLAYER_50 (0xce74d1f0), subtype 0, changed to false
Config CONFIGURATION_UNKNOWN, Key PLAYER_44 (0xd00224a8), subtype 0, changed to false
Config CONFIGURATION_UNKNOWN, Key CONFIGURATION_TYPE (0xd08444c1), subtype 0, changed to false
Config Unknown, Key PLAYER_19 (0xd3c4ac50), subtype 0, changed to false
Config Unknown, Key PLAYER_40 (0xd76fe0b1), subtype 0, changed to false
Config Unknown, Key PLAYER_48 (0xd9b46883), subtype 0, changed to false
Config Unknown, Key PLAYER_15 (0xda72e07b), subtype 0, changed to false
Config Unknown, Key PLAYER_11 (0xdd1f2462), subtype 0, changed to false
Config Unknown, Key PLAYER_39 (0xe1f2ced2), subtype 0, changed to false
Config Unknown, Key PLAYER_60 (0xe5598233), subtype 0, changed to false
Config Unknown, Key PLAYER_35 (0xe84482f9), subtype 0, changed to false
Config Unknown, Key PLAYER_31 (0xef2946e0), subtype 0, changed to false
Config Unknown, Key PLAYER_25 (0xf15fb3b8), subtype 0, changed to false
Config Unknown, Key PLAYER_21 (0xf63277a1), subtype 0, changed to false
Config Unknown, Key PLAYER_29 (0xf8e9ff93), subtype 0, changed to false
Config Unknown, Key PLAYER_7 (0xfb3b0e6b), subtype 0, changed to false
Config Unknown, Key PLAYER_3 (0xfc56ca72), subtype 0, changed to false
Config CONFIGURATION_PLAYER, Key READY_STATUS (0xa4bd04b1), subtype 0, changed to false
Config CONFIGURATION_PLAYER, Key READY_STATUS (0xa4bd04b1), subtype 1, changed to false
Config CONFIGURATION_PLAYER, Key READY_STATUS (0xa4bd04b1), subtype 2, changed to false
Config CONFIGURATION_PLAYER, Key READY_STATUS (0xa4bd04b1), subtype 3, changed to false
Config CONFIGURATION_PLAYER, Key READY_STATUS (0xa4bd04b1), subtype 4, changed to false
Config CONFIGURATION_PLAYER, Key NETWORK_NAME (0x8e72249a), subtype 1, changed to ZYL@76561199003168956
Config CONFIGURATION_PLAYER, Key NICK_NAME (0xdab96bfd), subtype 1, changed to ZYL
Config CONFIGURATION_PLAYER, Key CIVILIZATION_LEVEL_TYPE_NAME (0xca55abbe), subtype 1, changed to CIVILIZATION_LEVEL_FULL_CIV
Config CONFIGURATION_PLAYER, Key MOD_READY_STATUS (0xfc7b1f66), subtype 3, changed to false
Config CONFIGURATION_PLAYER, Key NETWORK_NAME (0x8e72249a), subtype 3, changed to longyizhu@76561198931045205
Config CONFIGURATION_PLAYER, Key NICK_NAME (0xdab96bfd), subtype 3, changed to longyizhu
Config CONFIGURATION_PLAYER, Key CIVILIZATION_LEVEL_TYPE_NAME (0xca55abbe), subtype 3, changed to CIVILIZATION_LEVEL_FULL_CIV
Config CONFIGURATION_PLAYER, Key MOD_READY_STATUS (0xfc7b1f66), subtype 4, changed to false
Config CONFIGURATION_PLAYER, Key NETWORK_NAME (0x8e72249a), subtype 4, changed to skyverse@76561198178704646
Config CONFIGURATION_PLAYER, Key NICK_NAME (0xdab96bfd), subtype 4, changed to skyverse
Config CONFIGURATION_PLAYER, Key CIVILIZATION_LEVEL_TYPE_NAME (0xca55abbe), subtype 4, changed to CIVILIZATION_LEVEL_FULL_CIV
Config CONFIGURATION_PLAYER, Key MOD_READY_STATUS (0xfc7b1f66), subtype 0, changed to false
Config CONFIGURATION_PLAYER, Key NETWORK_NAME (0x8e72249a), subtype 0, changed to 咕咕二世@76561198162178797
Config CONFIGURATION_PLAYER, Key NICK_NAME (0xdab96bfd), subtype 0, changed to 咕咕二世
Config CONFIGURATION_PLAYER, Key CIVILIZATION_LEVEL_TYPE_NAME (0xca55abbe), subtype 0, changed to CIVILIZATION_LEVEL_FULL_CIV
Config CONFIGURATION_PLAYER, Key MOD_READY_STATUS (0xfc7b1f66), subtype 2, changed to false
Config CONFIGURATION_PLAYER, Key NETWORK_NAME (0x8e72249a), subtype 2, changed to 骆驼来了，你马没了@76561199021996474
Config CONFIGURATION_PLAYER, Key NICK_NAME (0xdab96bfd), subtype 2, changed to 骆驼来了，你马没了
Config CONFIGURATION_PLAYER, Key READY_STATUS (0xa4bd04b1), subtype 1, changed to true
Config CONFIGURATION_PLAYER, Key READY_STATUS (0xa4bd04b1), subtype 1, changed to false
Config CONFIGURATION_PLAYER, Key SLOT_STATUS (0xce42b995), subtype 4, changed to 1
Config CONFIGURATION_PLAYER, Key CIVILIZATION_LEVEL_TYPE_NAME (0xca55abbe), subtype 2, changed to CIVILIZATION_LEVEL_FULL_CIV
Config CONFIGURATION_PLAYER, Key MOD_READY_STATUS (0xfc7b1f66), subtype 4, changed to false
Config CONFIGURATION_PLAYER, Key NETWORK_NAME (0x8e72249a), subtype 4, changed to skyverse@76561198178704646
Config CONFIGURATION_PLAYER, Key NICK_NAME (0xdab96bfd), subtype 4, changed to skyverse
Config CONFIGURATION_PLAYER, Key NETWORK_NAME (0x8e72249a), subtype 4, changed to skyverse@76561198178704646
Config CONFIGURATION_PLAYER, Key NICK_NAME (0xdab96bfd), subtype 4, changed to skyverse
Config CONFIGURATION_PLAYER, Key NETWORK_NAME (0x8e72249a), subtype 4, changed to skyverse@76561198178704646
Config CONFIGURATION_PLAYER, Key NICK_NAME (0xdab96bfd), subtype 4, changed to skyverse
Config CONFIGURATION_PLAYER, Key NETWORK_NAME (0x8e72249a), subtype 4, changed to skyverse@76561198178704646
Config CONFIGURATION_PLAYER, Key NICK_NAME (0xdab96bfd), subtype 4, changed to skyverse
Sent GameConfigurationRebuilt
Config CONFIGURATION_UNKNOWN, Key PLAYER_33 (0x012727cc), subtype 0, changed to false
Config CONFIGURATION_UNKNOWN, Key PLAYER_37 (0x064ae3d5), subtype 0, changed to false
Config CONFIGURATION_UNKNOWN, Key PLAYER_62 (0x0b57e31f), subtype 0, changed to false
Config CONFIGURATION_UNKNOWN, Key PLAYER_1 (0x1258ab5e), subtype 0, changed to false
Config CONFIGURATION_UNKNOWN, Key PLAYER_5 (0x15356f47), subtype 0, changed to false
Config CONFIGURATION_UNKNOWN, Key PLAYER_23 (0x183c168d), subtype 0, changed to false
Config CONFIGURATION_UNKNOWN, Key PLAYER_9 (0x1c83236c), subtype 0, changed to false
Config CONFIGURATION_UNKNOWN, Key PLAYER_27 (0x1f51d294), subtype 0, changed to false
Config CONFIGURATION_UNKNOWN, Key PLAYER_52 (0x207ab0dc), subtype 0, changed to false
Config CONFIGURATION_UNKNOWN, Key PLAYER_56 (0x271774c5), subtype 0, changed to false
Config CONFIGURATION_UNKNOWN, Key PLAYER_13 (0x3311454e), subtype 0, changed to false
Config CONFIGURATION_UNKNOWN, Key PLAYER_17 (0x347c8157), subtype 0, changed to false
Config CONFIGURATION_UNKNOWN, Key PLAYER_42 (0x3961819d), subtype 0, changed to false
Config CONFIGURATION_UNKNOWN, Key PLAYER_46 (0x3e0c4584), subtype 0, changed to false
Config CONFIGURATION_UNKNOWN, Key PLAYER_16 (0x437bb1c1), subtype 0, changed to false
Config CONFIGURATION_UNKNOWN, Key PLAYER_12 (0x441675d8), subtype 0, changed to false
Config CONFIGURATION_UNKNOWN, Key PLAYER_47 (0x490b7512), subtype 0, changed to false
Config CONFIGURATION_UNKNOWN, Key PLAYER_43 (0x4e66b10b), subtype 0, changed to false
Config CONFIGURATION_UNKNOWN, Key PLAYER_57 (0x50104453), subtype 0, changed to false
Config CONFIGURATION_UNKNOWN, Key PLAYER_53 (0x577d804a), subtype 0, changed to false
Config CONFIGURATION_UNKNOWN, Key PLAYER_4 (0x62325fd1), subtype 0, changed to false
Config CONFIGURATION_UNKNOWN, Key PLAYER_0 (0x655f9bc8), subtype 0, changed to false
Config CONFIGURATION_UNKNOWN, Key PLAYER_26 (0x6856e202), subtype 0, changed to false
Config CONFIGURATION_UNKNOWN, Key PLAYER_8 (0x6b8413fa), subtype 0, changed to false
Config CONFIGURATION_UNKNOWN, Key PLAYER_22 (0x6f3b261b), subtype 0, changed to false
Config CONFIGURATION_UNKNOWN, Key PLAYER_36 (0x714dd343), subtype 0, changed to false
Config CONFIGURATION_UNKNOWN, Key PLAYER_32 (0x7620175a), subtype 0, changed to false
Config CONFIGURATION_UNKNOWN, Key PLAYER_63 (0x7c50d389), subtype 0, changed to false
Config CONFIGURATION_UNKNOWN, Key MAP_ROOT (0x7dd11279), subtype 0, changed to false
Config CONFIGURATION_UNKNOWN, Key PLAYER_20 (0x81354737), subtype 0, changed to false
Config CONFIGURATION_UNKNOWN, Key PLAYER_24 (0x8658832e), subtype 0, changed to false
Config CONFIGURATION_UNKNOWN, Key GAME_ROOT (0x871d5b63), subtype 0, changed to false
Config CONFIGURATION_UNKNOWN, Key PLAYER_2 (0x8b51fae4), subtype 0, changed to false
Config CONFIGURATION_UNKNOWN, Key PLAYER_6 (0x8c3c3efd), subtype 0, changed to false
Config CONFIGURATION_UNKNOWN, Key PLAYER_28 (0x8feecf05), subtype 0, changed to false
Config CONFIGURATION_UNKNOWN, Key PLAYER_61 (0x925eb2a5), subtype 0, changed to false
Config CONFIGURATION_UNKNOWN, Key PLAYER_38 (0x96f5fe44), subtype 0, changed to false
Config CONFIGURATION_UNKNOWN, Key PLAYER_30 (0x982e7676), subtype 0, changed to false
Config CONFIGURATION_UNKNOWN, Key PLAYER_34 (0x9f43b26f), subtype 0, changed to false
Config CONFIGURATION_UNKNOWN, Key PLAYER_41 (0xa068d027), subtype 0, changed to false
Config CONFIGURATION_UNKNOWN, Key PLAYER_18 (0xa4c39cc6), subtype 0, changed to false
Config CONFIGURATION_UNKNOWN, Key PLAYER_45 (0xa705143e), subtype 0, changed to false
Config CONFIGURATION_UNKNOWN, Key PLAYER_10 (0xaa1814f4), subtype 0, changed to false
Config CONFIGURATION_UNKNOWN, Key PLAYER_14 (0xad75d0ed), subtype 0, changed to false
Config CONFIGURATION_UNKNOWN, Key PLAYER_49 (0xaeb35815), subtype 0, changed to false
Config CONFIGURATION_UNKNOWN, Key PLAYER_59 (0xb7a86954), subtype 0, changed to false
Config CONFIGURATION_UNKNOWN, Key PLAYER_51 (0xb973e166), subtype 0, changed to false
Config CONFIGURATION_UNKNOWN, Key PLAYER_55 (0xbe1e257f), subtype 0, changed to false
Config CONFIGURATION_UNKNOWN, Key PLAYER_58 (0xc0af59c2), subtype 0, changed to false
Config CONFIGURATION_UNKNOWN, Key PLAYER_54 (0xc91915e9), subtype 0, changed to false
Config CONFIGURATION_UNKNOWN, Key PLAYER_50 (0xce74d1f0), subtype 0, changed to false
Config CONFIGURATION_UNKNOWN, Key PLAYER_44 (0xd00224a8), subtype 0, changed to false
Config CONFIGURATION_UNKNOWN, Key CONFIGURATION_TYPE (0xd08444c1), subtype 0, changed to false
Config Unknown, Key PLAYER_19 (0xd3c4ac50), subtype 0, changed to false
Config Unknown, Key PLAYER_40 (0xd76fe0b1), subtype 0, changed to false
Config Unknown, Key PLAYER_48 (0xd9b46883), subtype 0, changed to false
Config Unknown, Key PLAYER_15 (0xda72e07b), subtype 0, changed to false
Config Unknown, Key PLAYER_11 (0xdd1f2462), subtype 0, changed to false
Config Unknown, Key PLAYER_39 (0xe1f2ced2), subtype 0, changed to false
Config Unknown, Key PLAYER_60 (0xe5598233), subtype 0, changed to false
Config Unknown, Key PLAYER_35 (0xe84482f9), subtype 0, changed to false
Config Unknown, Key PLAYER_31 (0xef2946e0), subtype 0, changed to false
Config Unknown, Key PLAYER_25 (0xf15fb3b8), subtype 0, changed to false
Config Unknown, Key PLAYER_21 (0xf63277a1), subtype 0, changed to false
Config Unknown, Key PLAYER_29 (0xf8e9ff93), subtype 0, changed to false
Config Unknown, Key PLAYER_7 (0xfb3b0e6b), subtype 0, changed to false
Config Unknown, Key PLAYER_3 (0xfc56ca72), subtype 0, changed to false
Config CONFIGURATION_PLAYER, Key READY_STATUS (0xa4bd04b1), subtype 0, changed to false
Config CONFIGURATION_PLAYER, Key READY_STATUS (0xa4bd04b1), subtype 1, changed to false
Config CONFIGURATION_PLAYER, Key READY_STATUS (0xa4bd04b1), subtype 2, changed to false
Config CONFIGURATION_PLAYER, Key READY_STATUS (0xa4bd04b1), subtype 3, changed to false
Config CONFIGURATION_PLAYER, Key READY_STATUS (0xa4bd04b1), subtype 4, changed to false
Config CONFIGURATION_PLAYER, Key NETWORK_NAME (0x8e72249a), subtype 1, changed to ZYL@76561199003168956
Config CONFIGURATION_PLAYER, Key NICK_NAME (0xdab96bfd), subtype 1, changed to ZYL
Config CONFIGURATION_PLAYER, Key CIVILIZATION_LEVEL_TYPE_NAME (0xca55abbe), subtype 1, changed to CIVILIZATION_LEVEL_FULL_CIV
Config CONFIGURATION_PLAYER, Key MOD_READY_STATUS (0xfc7b1f66), subtype 4, changed to false
Config CONFIGURATION_PLAYER, Key NETWORK_NAME (0x8e72249a), subtype 4, changed to skyverse@76561198178704646
Config CONFIGURATION_PLAYER, Key NICK_NAME (0xdab96bfd), subtype 4, changed to skyverse
Config CONFIGURATION_PLAYER, Key CIVILIZATION_LEVEL_TYPE_NAME (0xca55abbe), subtype 4, changed to CIVILIZATION_LEVEL_FULL_CIV
Config CONFIGURATION_PLAYER, Key MOD_READY_STATUS (0xfc7b1f66), subtype 0, changed to false
Config CONFIGURATION_PLAYER, Key NETWORK_NAME (0x8e72249a), subtype 0, changed to 咕咕二世@76561198162178797
Config CONFIGURATION_PLAYER, Key NICK_NAME (0xdab96bfd), subtype 0, changed to 咕咕二世
Config CONFIGURATION_PLAYER, Key CIVILIZATION_LEVEL_TYPE_NAME (0xca55abbe), subtype 0, changed to CIVILIZATION_LEVEL_FULL_CIV
Config CONFIGURATION_PLAYER, Key MOD_READY_STATUS (0xfc7b1f66), subtype 3, changed to false
Config CONFIGURATION_PLAYER, Key NETWORK_NAME (0x8e72249a), subtype 3, changed to longyizhu@76561198931045205
Config CONFIGURATION_PLAYER, Key NICK_NAME (0xdab96bfd), subtype 3, changed to longyizhu
Config CONFIGURATION_PLAYER, Key CIVILIZATION_LEVEL_TYPE_NAME (0xca55abbe), subtype 3, changed to CIVILIZATION_LEVEL_FULL_CIV
Config CONFIGURATION_PLAYER, Key MOD_READY_STATUS (0xfc7b1f66), subtype 2, changed to false
Config CONFIGURATION_PLAYER, Key NETWORK_NAME (0x8e72249a), subtype 2, changed to 骆驼来了，你马没了@76561199021996474
Config CONFIGURATION_PLAYER, Key NICK_NAME (0xdab96bfd), subtype 2, changed to 骆驼来了，你马没了
Config CONFIGURATION_PLAYER, Key SLOT_STATUS (0xce42b995), subtype 4, changed to 1
Config CONFIGURATION_PLAYER, Key CIVILIZATION_LEVEL_TYPE_NAME (0xca55abbe), subtype 2, changed to CIVILIZATION_LEVEL_FULL_CIV
Config CONFIGURATION_PLAYER, Key MOD_READY_STATUS (0xfc7b1f66), subtype 4, changed to false
Config CONFIGURATION_PLAYER, Key NETWORK_NAME (0x8e72249a), subtype 4, changed to skyverse@76561198178704646
Config CONFIGURATION_PLAYER, Key NICK_NAME (0xdab96bfd), subtype 4, changed to skyverse
Config CONFIGURATION_PLAYER, Key READY_STATUS (0xa4bd04b1), subtype 4, changed to false
Config CONFIGURATION_PLAYER, Key NETWORK_NAME (0x8e72249a), subtype 4, changed to skyverse@76561198178704646
Config CONFIGURATION_PLAYER, Key NICK_NAME (0xdab96bfd), subtype 4, changed to skyverse
Config CONFIGURATION_PLAYER, Key SLOT_STATUS (0xce42b995), subtype 2, changed to 1
Config CONFIGURATION_PLAYER, Key NETWORK_NAME (0x8e72249a), subtype 4, changed to skyverse@76561198178704646
Config CONFIGURATION_PLAYER, Key NICK_NAME (0xdab96bfd), subtype 4, changed to skyverse
Config CONFIGURATION_PLAYER, Key SLOT_STATUS (0xce42b995), subtype 4, changed to 3
Config CONFIGURATION_PLAYER, Key CIVILIZATION_LEVEL_TYPE_NAME (0xca55abbe), subtype 4, changed to CIVILIZATION_LEVEL_FULL_CIV
Config CONFIGURATION_PLAYER, Key MOD_READY_STATUS (0xfc7b1f66), subtype 2, changed to false
Config CONFIGURATION_PLAYER, Key NETWORK_NAME (0x8e72249a), subtype 2, changed to 骆驼来了，你马没了@76561199021996474
Config CONFIGURATION_PLAYER, Key NICK_NAME (0xdab96bfd), subtype 2, changed to 骆驼来了，你马没了
Config CONFIGURATION_PLAYER, Key READY_STATUS (0xa4bd04b1), subtype 2, changed to false
Config CONFIGURATION_PLAYER, Key SLOT_STATUS (0xce42b995), subtype 4, changed to 1
Config CONFIGURATION_PLAYER, Key SLOT_STATUS (0xce42b995), subtype 2, changed to 3
Config CONFIGURATION_PLAYER, Key CIVILIZATION_LEVEL_TYPE_NAME (0xca55abbe), subtype 2, changed to CIVILIZATION_LEVEL_FULL_CIV
Config CONFIGURATION_PLAYER, Key SLOT_STATUS (0xce42b995), subtype 2, changed to 1
Sent GameConfigurationRebuilt
Config CONFIGURATION_UNKNOWN, Key PLAYER_33 (0x012727cc), subtype 0, changed to false
Config CONFIGURATION_UNKNOWN, Key PLAYER_37 (0x064ae3d5), subtype 0, changed to false
Config CONFIGURATION_UNKNOWN, Key PLAYER_62 (0x0b57e31f), subtype 0, changed to false
Config CONFIGURATION_UNKNOWN, Key PLAYER_1 (0x1258ab5e), subtype 0, changed to false
Config CONFIGURATION_UNKNOWN, Key PLAYER_5 (0x15356f47), subtype 0, changed to false
Config CONFIGURATION_UNKNOWN, Key PLAYER_23 (0x183c168d), subtype 0, changed to false
Config CONFIGURATION_UNKNOWN, Key PLAYER_9 (0x1c83236c), subtype 0, changed to false
Config CONFIGURATION_UNKNOWN, Key PLAYER_27 (0x1f51d294), subtype 0, changed to false
Config CONFIGURATION_UNKNOWN, Key PLAYER_52 (0x207ab0dc), subtype 0, changed to false
Config CONFIGURATION_UNKNOWN, Key PLAYER_56 (0x271774c5), subtype 0, changed to false
Config CONFIGURATION_UNKNOWN, Key PLAYER_13 (0x3311454e), subtype 0, changed to false
Config CONFIGURATION_UNKNOWN, Key PLAYER_17 (0x347c8157), subtype 0, changed to false
Config CONFIGURATION_UNKNOWN, Key PLAYER_42 (0x3961819d), subtype 0, changed to false
Config CONFIGURATION_UNKNOWN, Key PLAYER_46 (0x3e0c4584), subtype 0, changed to false
Config CONFIGURATION_UNKNOWN, Key PLAYER_16 (0x437bb1c1), subtype 0, changed to false
Config CONFIGURATION_UNKNOWN, Key PLAYER_12 (0x441675d8), subtype 0, changed to false
Config CONFIGURATION_UNKNOWN, Key PLAYER_47 (0x490b7512), subtype 0, changed to false
Config CONFIGURATION_UNKNOWN, Key PLAYER_43 (0x4e66b10b), subtype 0, changed to false
Config CONFIGURATION_UNKNOWN, Key PLAYER_57 (0x50104453), subtype 0, changed to false
Config CONFIGURATION_UNKNOWN, Key PLAYER_53 (0x577d804a), subtype 0, changed to false
Config CONFIGURATION_UNKNOWN, Key PLAYER_4 (0x62325fd1), subtype 0, changed to false
Config CONFIGURATION_UNKNOWN, Key PLAYER_0 (0x655f9bc8), subtype 0, changed to false
Config CONFIGURATION_UNKNOWN, Key PLAYER_26 (0x6856e202), subtype 0, changed to false
Config CONFIGURATION_UNKNOWN, Key PLAYER_8 (0x6b8413fa), subtype 0, changed to false
Config CONFIGURATION_UNKNOWN, Key PLAYER_22 (0x6f3b261b), subtype 0, changed to false
Config CONFIGURATION_UNKNOWN, Key PLAYER_36 (0x714dd343), subtype 0, changed to false
Config CONFIGURATION_UNKNOWN, Key PLAYER_32 (0x7620175a), subtype 0, changed to false
Config CONFIGURATION_UNKNOWN, Key PLAYER_63 (0x7c50d389), subtype 0, changed to false
Config CONFIGURATION_UNKNOWN, Key MAP_ROOT (0x7dd11279), subtype 0, changed to false
Config CONFIGURATION_UNKNOWN, Key PLAYER_20 (0x81354737), subtype 0, changed to false
Config CONFIGURATION_UNKNOWN, Key PLAYER_24 (0x8658832e), subtype 0, changed to false
Config CONFIGURATION_UNKNOWN, Key GAME_ROOT (0x871d5b63), subtype 0, changed to false
Config CONFIGURATION_UNKNOWN, Key PLAYER_2 (0x8b51fae4), subtype 0, changed to false
Config CONFIGURATION_UNKNOWN, Key PLAYER_6 (0x8c3c3efd), subtype 0, changed to false
Config CONFIGURATION_UNKNOWN, Key PLAYER_28 (0x8feecf05), subtype 0, changed to false
Config CONFIGURATION_UNKNOWN, Key PLAYER_61 (0x925eb2a5), subtype 0, changed to false
Config CONFIGURATION_UNKNOWN, Key PLAYER_38 (0x96f5fe44), subtype 0, changed to false
Config CONFIGURATION_UNKNOWN, Key PLAYER_30 (0x982e7676), subtype 0, changed to false
Config CONFIGURATION_UNKNOWN, Key PLAYER_34 (0x9f43b26f), subtype 0, changed to false
Config CONFIGURATION_UNKNOWN, Key PLAYER_41 (0xa068d027), subtype 0, changed to false
Config CONFIGURATION_UNKNOWN, Key PLAYER_18 (0xa4c39cc6), subtype 0, changed to false
Config CONFIGURATION_UNKNOWN, Key PLAYER_45 (0xa705143e), subtype 0, changed to false
Config CONFIGURATION_UNKNOWN, Key PLAYER_10 (0xaa1814f4), subtype 0, changed to false
Config CONFIGURATION_UNKNOWN, Key PLAYER_14 (0xad75d0ed), subtype 0, changed to false
Config CONFIGURATION_UNKNOWN, Key PLAYER_49 (0xaeb35815), subtype 0, changed to false
Config CONFIGURATION_UNKNOWN, Key PLAYER_59 (0xb7a86954), subtype 0, changed to false
Config CONFIGURATION_UNKNOWN, Key PLAYER_51 (0xb973e166), subtype 0, changed to false
Config CONFIGURATION_UNKNOWN, Key PLAYER_55 (0xbe1e257f), subtype 0, changed to false
Config CONFIGURATION_UNKNOWN, Key PLAYER_58 (0xc0af59c2), subtype 0, changed to false
Config CONFIGURATION_UNKNOWN, Key PLAYER_54 (0xc91915e9), subtype 0, changed to false
Config CONFIGURATION_UNKNOWN, Key PLAYER_50 (0xce74d1f0), subtype 0, changed to false
Config CONFIGURATION_UNKNOWN, Key PLAYER_44 (0xd00224a8), subtype 0, changed to false
Config CONFIGURATION_UNKNOWN, Key CONFIGURATION_TYPE (0xd08444c1), subtype 0, changed to false
Config Unknown, Key PLAYER_19 (0xd3c4ac50), subtype 0, changed to false
Config Unknown, Key PLAYER_40 (0xd76fe0b1), subtype 0, changed to false
Config Unknown, Key PLAYER_48 (0xd9b46883), subtype 0, changed to false
Config Unknown, Key PLAYER_15 (0xda72e07b), subtype 0, changed to false
Config Unknown, Key PLAYER_11 (0xdd1f2462), subtype 0, changed to false
Config Unknown, Key PLAYER_39 (0xe1f2ced2), subtype 0, changed to false
Config Unknown, Key PLAYER_60 (0xe5598233), subtype 0, changed to false
Config Unknown, Key PLAYER_35 (0xe84482f9), subtype 0, changed to false
Config Unknown, Key PLAYER_31 (0xef2946e0), subtype 0, changed to false
Config Unknown, Key PLAYER_25 (0xf15fb3b8), subtype 0, changed to false
Config Unknown, Key PLAYER_21 (0xf63277a1), subtype 0, changed to false
Config Unknown, Key PLAYER_29 (0xf8e9ff93), subtype 0, changed to false
Config Unknown, Key PLAYER_7 (0xfb3b0e6b), subtype 0, changed to false
Config Unknown, Key PLAYER_3 (0xfc56ca72), subtype 0, changed to false
Config CONFIGURATION_PLAYER, Key READY_STATUS (0xa4bd04b1), subtype 0, changed to false
Config CONFIGURATION_PLAYER, Key READY_STATUS (0xa4bd04b1), subtype 1, changed to false
Config CONFIGURATION_PLAYER, Key READY_STATUS (0xa4bd04b1), subtype 2, changed to false
Config CONFIGURATION_PLAYER, Key READY_STATUS (0xa4bd04b1), subtype 3, changed to false
Config CONFIGURATION_PLAYER, Key READY_STATUS (0xa4bd04b1), subtype 4, changed to false
Config CONFIGURATION_PLAYER, Key NETWORK_NAME (0x8e72249a), subtype 1, changed to ZYL@76561199003168956
Config CONFIGURATION_PLAYER, Key NICK_NAME (0xdab96bfd), subtype 1, changed to ZYL
Config CONFIGURATION_PLAYER, Key CIVILIZATION_LEVEL_TYPE_NAME (0xca55abbe), subtype 1, changed to CIVILIZATION_LEVEL_FULL_CIV
Config CONFIGURATION_PLAYER, Key MOD_READY_STATUS (0xfc7b1f66), subtype 2, changed to false
Config CONFIGURATION_PLAYER, Key NETWORK_NAME (0x8e72249a), subtype 2, changed to 骆驼来了，你马没了@76561199021996474
Config CONFIGURATION_PLAYER, Key NICK_NAME (0xdab96bfd), subtype 2, changed to 骆驼来了，你马没了
Config CONFIGURATION_PLAYER, Key CIVILIZATION_LEVEL_TYPE_NAME (0xca55abbe), subtype 2, changed to CIVILIZATION_LEVEL_FULL_CIV
Config CONFIGURATION_PLAYER, Key MOD_READY_STATUS (0xfc7b1f66), subtype 4, changed to false
Config CONFIGURATION_PLAYER, Key NETWORK_NAME (0x8e72249a), subtype 4, changed to skyverse@76561198178704646
Config CONFIGURATION_PLAYER, Key NICK_NAME (0xdab96bfd), subtype 4, changed to skyverse
Config CONFIGURATION_PLAYER, Key SLOT_STATUS (0xce42b995), subtype 4, changed to 1
Config CONFIGURATION_PLAYER, Key NETWORK_NAME (0x8e72249a), subtype 4, changed to skyverse@76561198178704646
Config CONFIGURATION_PLAYER, Key NICK_NAME (0xdab96bfd), subtype 4, changed to skyverse
Config CONFIGURATION_PLAYER, Key SLOT_STATUS (0xce42b995), subtype 2, changed to 1
Config CONFIGURATION_PLAYER, Key SLOT_STATUS (0xce42b995), subtype 4, changed to 3
Config CONFIGURATION_PLAYER, Key CIVILIZATION_LEVEL_TYPE_NAME (0xca55abbe), subtype 4, changed to CIVILIZATION_LEVEL_FULL_CIV
Config CONFIGURATION_PLAYER, Key MOD_READY_STATUS (0xfc7b1f66), subtype 2, changed to false
Config CONFIGURATION_PLAYER, Key NETWORK_NAME (0x8e72249a), subtype 2, changed to 骆驼来了，你马没了@76561199021996474
Config CONFIGURATION_PLAYER, Key NICK_NAME (0xdab96bfd), subtype 2, changed to 骆驼来了，你马没了
Config CONFIGURATION_PLAYER, Key MOD_READY_STATUS (0xfc7b1f66), subtype 3, changed to false
Config CONFIGURATION_PLAYER, Key NETWORK_NAME (0x8e72249a), subtype 3, changed to longyizhu@76561198931045205
Config CONFIGURATION_PLAYER, Key NICK_NAME (0xdab96bfd), subtype 3, changed to longyizhu
Config CONFIGURATION_PLAYER, Key SLOT_STATUS (0xce42b995), subtype 2, changed to 3
Config CONFIGURATION_PLAYER, Key CIVILIZATION_LEVEL_TYPE_NAME (0xca55abbe), subtype 2, changed to CIVILIZATION_LEVEL_FULL_CIV
Config CONFIGURATION_PLAYER, Key CIVILIZATION_LEVEL_TYPE_NAME (0xca55abbe), subtype 3, changed to CIVILIZATION_LEVEL_FULL_CIV
Config CONFIGURATION_PLAYER, Key MOD_READY_STATUS (0xfc7b1f66), subtype 0, changed to false
Config CONFIGURATION_PLAYER, Key NETWORK_NAME (0x8e72249a), subtype 0, changed to 咕咕二世@76561198162178797
Config CONFIGURATION_PLAYER, Key NICK_NAME (0xdab96bfd), subtype 0, changed to 咕咕二世
Config CONFIGURATION_PLAYER, Key CIVILIZATION_LEVEL_TYPE_NAME (0xca55abbe), subtype 0, changed to CIVILIZATION_LEVEL_FULL_CIV
Config CONFIGURATION_PLAYER, Key READY_STATUS (0xa4bd04b1), subtype 1, changed to true
Config CONFIGURATION_UNKNOWN, Key PLAYER_33 (0x012727cc), subtype 0, changed to false
Config CONFIGURATION_UNKNOWN, Key PLAYER_37 (0x064ae3d5), subtype 0, changed to false
Config CONFIGURATION_UNKNOWN, Key PLAYER_62 (0x0b57e31f), subtype 0, changed to false
Config CONFIGURATION_UNKNOWN, Key PLAYER_1 (0x1258ab5e), subtype 0, changed to false
Config CONFIGURATION_UNKNOWN, Key PLAYER_5 (0x15356f47), subtype 0, changed to false
Config CONFIGURATION_UNKNOWN, Key PLAYER_23 (0x183c168d), subtype 0, changed to false
Config CONFIGURATION_UNKNOWN, Key PLAYER_9 (0x1c83236c), subtype 0, changed to false
Config CONFIGURATION_UNKNOWN, Key PLAYER_27 (0x1f51d294), subtype 0, changed to false
Config CONFIGURATION_UNKNOWN, Key PLAYER_52 (0x207ab0dc), subtype 0, changed to false
Config CONFIGURATION_UNKNOWN, Key PLAYER_56 (0x271774c5), subtype 0, changed to false
Config CONFIGURATION_UNKNOWN, Key PLAYER_13 (0x3311454e), subtype 0, changed to false
Config CONFIGURATION_UNKNOWN, Key PLAYER_17 (0x347c8157), subtype 0, changed to false
Config CONFIGURATION_UNKNOWN, Key PLAYER_42 (0x3961819d), subtype 0, changed to false
Config CONFIGURATION_UNKNOWN, Key PLAYER_46 (0x3e0c4584), subtype 0, changed to false
Config CONFIGURATION_UNKNOWN, Key PLAYER_16 (0x437bb1c1), subtype 0, changed to false
Config CONFIGURATION_UNKNOWN, Key PLAYER_12 (0x441675d8), subtype 0, changed to false
Config CONFIGURATION_UNKNOWN, Key PLAYER_47 (0x490b7512), subtype 0, changed to false
Config CONFIGURATION_UNKNOWN, Key PLAYER_43 (0x4e66b10b), subtype 0, changed to false
Config CONFIGURATION_UNKNOWN, Key PLAYER_57 (0x50104453), subtype 0, changed to false
Config CONFIGURATION_UNKNOWN, Key PLAYER_53 (0x577d804a), subtype 0, changed to false
Config CONFIGURATION_UNKNOWN, Key PLAYER_4 (0x62325fd1), subtype 0, changed to false
Config CONFIGURATION_UNKNOWN, Key PLAYER_0 (0x655f9bc8), subtype 0, changed to false
Config CONFIGURATION_UNKNOWN, Key PLAYER_26 (0x6856e202), subtype 0, changed to false
Config CONFIGURATION_UNKNOWN, Key PLAYER_8 (0x6b8413fa), subtype 0, changed to false
Config CONFIGURATION_UNKNOWN, Key PLAYER_22 (0x6f3b261b), subtype 0, changed to false
Config CONFIGURATION_UNKNOWN, Key PLAYER_36 (0x714dd343), subtype 0, changed to false
Config CONFIGURATION_UNKNOWN, Key PLAYER_32 (0x7620175a), subtype 0, changed to false
Config CONFIGURATION_UNKNOWN, Key PLAYER_63 (0x7c50d389), subtype 0, changed to false
Config CONFIGURATION_UNKNOWN, Key MAP_ROOT (0x7dd11279), subtype 0, changed to false
Config CONFIGURATION_UNKNOWN, Key PLAYER_20 (0x81354737), subtype 0, changed to false
Config CONFIGURATION_UNKNOWN, Key PLAYER_24 (0x8658832e), subtype 0, changed to false
Config CONFIGURATION_UNKNOWN, Key GAME_ROOT (0x871d5b63), subtype 0, changed to false
Config CONFIGURATION_UNKNOWN, Key PLAYER_2 (0x8b51fae4), subtype 0, changed to false
Config CONFIGURATION_UNKNOWN, Key PLAYER_6 (0x8c3c3efd), subtype 0, changed to false
Config CONFIGURATION_UNKNOWN, Key PLAYER_28 (0x8feecf05), subtype 0, changed to false
Config CONFIGURATION_UNKNOWN, Key PLAYER_61 (0x925eb2a5), subtype 0, changed to false
Config CONFIGURATION_UNKNOWN, Key PLAYER_38 (0x96f5fe44), subtype 0, changed to false
Config CONFIGURATION_UNKNOWN, Key PLAYER_30 (0x982e7676), subtype 0, changed to false
Config CONFIGURATION_UNKNOWN, Key PLAYER_34 (0x9f43b26f), subtype 0, changed to false
Config CONFIGURATION_UNKNOWN, Key PLAYER_41 (0xa068d027), subtype 0, changed to false
Config CONFIGURATION_UNKNOWN, Key PLAYER_18 (0xa4c39cc6), subtype 0, changed to false
Config CONFIGURATION_UNKNOWN, Key PLAYER_45 (0xa705143e), subtype 0, changed to false
Config CONFIGURATION_UNKNOWN, Key PLAYER_10 (0xaa1814f4), subtype 0, changed to false
Config CONFIGURATION_UNKNOWN, Key PLAYER_14 (0xad75d0ed), subtype 0, changed to false
Config CONFIGURATION_UNKNOWN, Key PLAYER_49 (0xaeb35815), subtype 0, changed to false
Config CONFIGURATION_UNKNOWN, Key PLAYER_59 (0xb7a86954), subtype 0, changed to false
Config CONFIGURATION_UNKNOWN, Key PLAYER_51 (0xb973e166), subtype 0, changed to false
Config CONFIGURATION_UNKNOWN, Key PLAYER_55 (0xbe1e257f), subtype 0, changed to false
Config CONFIGURATION_UNKNOWN, Key PLAYER_58 (0xc0af59c2), subtype 0, changed to false
Config CONFIGURATION_UNKNOWN, Key PLAYER_54 (0xc91915e9), subtype 0, changed to false
Config CONFIGURATION_UNKNOWN, Key PLAYER_50 (0xce74d1f0), subtype 0, changed to false
Config CONFIGURATION_UNKNOWN, Key PLAYER_44 (0xd00224a8), subtype 0, changed to false
Config CONFIGURATION_UNKNOWN, Key CONFIGURATION_TYPE (0xd08444c1), subtype 0, changed to false
Config Unknown, Key PLAYER_19 (0xd3c4ac50), subtype 0, changed to false
Config Unknown, Key PLAYER_40 (0xd76fe0b1), subtype 0, changed to false
Config Unknown, Key PLAYER_48 (0xd9b46883), subtype 0, changed to false
Config Unknown, Key PLAYER_15 (0xda72e07b), subtype 0, changed to false
Config Unknown, Key PLAYER_11 (0xdd1f2462), subtype 0, changed to false
Config Unknown, Key PLAYER_39 (0xe1f2ced2), subtype 0, changed to false
Config Unknown, Key PLAYER_60 (0xe5598233), subtype 0, changed to false
Config Unknown, Key PLAYER_35 (0xe84482f9), subtype 0, changed to false
Config Unknown, Key PLAYER_31 (0xef2946e0), subtype 0, changed to false
Config Unknown, Key PLAYER_25 (0xf15fb3b8), subtype 0, changed to false
Config Unknown, Key PLAYER_21 (0xf63277a1), subtype 0, changed to false
Config Unknown, Key PLAYER_29 (0xf8e9ff93), subtype 0, changed to false
Config Unknown, Key PLAYER_7 (0xfb3b0e6b), subtype 0, changed to false
Config Unknown, Key PLAYER_3 (0xfc56ca72), subtype 0, changed to false
Config CONFIGURATION_UNKNOWN, Key PLAYER_33 (0x012727cc), subtype 0, changed to false
Config CONFIGURATION_UNKNOWN, Key PLAYER_37 (0x064ae3d5), subtype 0, changed to false
Config CONFIGURATION_UNKNOWN, Key PLAYER_62 (0x0b57e31f), subtype 0, changed to false
Config CONFIGURATION_UNKNOWN, Key PLAYER_1 (0x1258ab5e), subtype 0, changed to false
Config CONFIGURATION_UNKNOWN, Key PLAYER_5 (0x15356f47), subtype 0, changed to false
Config CONFIGURATION_UNKNOWN, Key PLAYER_23 (0x183c168d), subtype 0, changed to false
Config CONFIGURATION_UNKNOWN, Key PLAYER_9 (0x1c83236c), subtype 0, changed to false
Config CONFIGURATION_UNKNOWN, Key PLAYER_27 (0x1f51d294), subtype 0, changed to false
Config CONFIGURATION_UNKNOWN, Key PLAYER_52 (0x207ab0dc), subtype 0, changed to false
Config CONFIGURATION_UNKNOWN, Key PLAYER_56 (0x271774c5), subtype 0, changed to false
Config CONFIGURATION_UNKNOWN, Key PLAYER_13 (0x3311454e), subtype 0, changed to false
Config CONFIGURATION_UNKNOWN, Key PLAYER_17 (0x347c8157), subtype 0, changed to false
Config CONFIGURATION_UNKNOWN, Key PLAYER_42 (0x3961819d), subtype 0, changed to false
Config CONFIGURATION_UNKNOWN, Key PLAYER_46 (0x3e0c4584), subtype 0, changed to false
Config CONFIGURATION_UNKNOWN, Key PLAYER_16 (0x437bb1c1), subtype 0, changed to false
Config CONFIGURATION_UNKNOWN, Key PLAYER_12 (0x441675d8), subtype 0, changed to false
Config CONFIGURATION_UNKNOWN, Key PLAYER_47 (0x490b7512), subtype 0, changed to false
Config CONFIGURATION_UNKNOWN, Key PLAYER_43 (0x4e66b10b), subtype 0, changed to false
Config CONFIGURATION_UNKNOWN, Key PLAYER_57 (0x50104453), subtype 0, changed to false
Config CONFIGURATION_UNKNOWN, Key PLAYER_53 (0x577d804a), subtype 0, changed to false
Config CONFIGURATION_UNKNOWN, Key PLAYER_4 (0x62325fd1), subtype 0, changed to false
Config CONFIGURATION_UNKNOWN, Key PLAYER_0 (0x655f9bc8), subtype 0, changed to false
Config CONFIGURATION_UNKNOWN, Key PLAYER_26 (0x6856e202), subtype 0, changed to false
Config CONFIGURATION_UNKNOWN, Key PLAYER_8 (0x6b8413fa), subtype 0, changed to false
Config CONFIGURATION_UNKNOWN, Key PLAYER_22 (0x6f3b261b), subtype 0, changed to false
Config CONFIGURATION_UNKNOWN, Key PLAYER_36 (0x714dd343), subtype 0, changed to false
Config CONFIGURATION_UNKNOWN, Key PLAYER_32 (0x7620175a), subtype 0, changed to false
Config CONFIGURATION_UNKNOWN, Key PLAYER_63 (0x7c50d389), subtype 0, changed to false
Config CONFIGURATION_UNKNOWN, Key MAP_ROOT (0x7dd11279), subtype 0, changed to false
Config CONFIGURATION_UNKNOWN, Key PLAYER_20 (0x81354737), subtype 0, changed to false
Config CONFIGURATION_UNKNOWN, Key PLAYER_24 (0x8658832e), subtype 0, changed to false
Config CONFIGURATION_UNKNOWN, Key GAME_ROOT (0x871d5b63), subtype 0, changed to false
Config CONFIGURATION_UNKNOWN, Key PLAYER_2 (0x8b51fae4), subtype 0, changed to false
Config CONFIGURATION_UNKNOWN, Key PLAYER_6 (0x8c3c3efd), subtype 0, changed to false
Config CONFIGURATION_UNKNOWN, Key PLAYER_28 (0x8feecf05), subtype 0, changed to false
Config CONFIGURATION_UNKNOWN, Key PLAYER_61 (0x925eb2a5), subtype 0, changed to false
Config CONFIGURATION_UNKNOWN, Key PLAYER_38 (0x96f5fe44), subtype 0, changed to false
Config CONFIGURATION_UNKNOWN, Key PLAYER_30 (0x982e7676), subtype 0, changed to false
Config CONFIGURATION_UNKNOWN, Key PLAYER_34 (0x9f43b26f), subtype 0, changed to false
Config CONFIGURATION_UNKNOWN, Key PLAYER_41 (0xa068d027), subtype 0, changed to false
Config CONFIGURATION_UNKNOWN, Key PLAYER_18 (0xa4c39cc6), subtype 0, changed to false
Config CONFIGURATION_UNKNOWN, Key PLAYER_45 (0xa705143e), subtype 0, changed to false
Config CONFIGURATION_UNKNOWN, Key PLAYER_10 (0xaa1814f4), subtype 0, changed to false
Config CONFIGURATION_UNKNOWN, Key PLAYER_14 (0xad75d0ed), subtype 0, changed to false
Config CONFIGURATION_UNKNOWN, Key PLAYER_49 (0xaeb35815), subtype 0, changed to false
Config CONFIGURATION_UNKNOWN, Key PLAYER_59 (0xb7a86954), subtype 0, changed to false
Config CONFIGURATION_UNKNOWN, Key PLAYER_51 (0xb973e166), subtype 0, changed to false
Config CONFIGURATION_UNKNOWN, Key PLAYER_55 (0xbe1e257f), subtype 0, changed to false
Config CONFIGURATION_UNKNOWN, Key PLAYER_58 (0xc0af59c2), subtype 0, changed to false
Config CONFIGURATION_UNKNOWN, Key PLAYER_54 (0xc91915e9), subtype 0, changed to false
Config CONFIGURATION_UNKNOWN, Key PLAYER_50 (0xce74d1f0), subtype 0, changed to false
Config CONFIGURATION_UNKNOWN, Key PLAYER_44 (0xd00224a8), subtype 0, changed to false
Config CONFIGURATION_UNKNOWN, Key CONFIGURATION_TYPE (0xd08444c1), subtype 0, changed to false
Config Unknown, Key PLAYER_19 (0xd3c4ac50), subtype 0, changed to false
Config Unknown, Key PLAYER_40 (0xd76fe0b1), subtype 0, changed to false
Config Unknown, Key PLAYER_48 (0xd9b46883), subtype 0, changed to false
Config Unknown, Key PLAYER_15 (0xda72e07b), subtype 0, changed to false
Config Unknown, Key PLAYER_11 (0xdd1f2462), subtype 0, changed to false
Config Unknown, Key PLAYER_39 (0xe1f2ced2), subtype 0, changed to false
Config Unknown, Key PLAYER_60 (0xe5598233), subtype 0, changed to false
Config Unknown, Key PLAYER_35 (0xe84482f9), subtype 0, changed to false
Config Unknown, Key PLAYER_31 (0xef2946e0), subtype 0, changed to false
Config Unknown, Key PLAYER_25 (0xf15fb3b8), subtype 0, changed to false
Config Unknown, Key PLAYER_21 (0xf63277a1), subtype 0, changed to false
Config Unknown, Key PLAYER_29 (0xf8e9ff93), subtype 0, changed to false
Config Unknown, Key PLAYER_7 (0xfb3b0e6b), subtype 0, changed to false
Config Unknown, Key PLAYER_3 (0xfc56ca72), subtype 0, changed to false
Config CONFIGURATION_PLAYER, Key BTS_LocalPlayerRunningRotues (0xf17b5a0b), subtype 1, changed to T11:D1:1T9:S12:OriginCityIDD6:327684S12:TraderUnitIDD7:1572869S14:TurnsRemainingD2:10S15:TradePathLengthD1:7S16:OriginCityPlayerD1:1S17:DestinationCityIDD5:65536S21:DestinationCityPlayerD1:1S22:OriginalTurnsRemainingD2:28S8:CacheKeyS16:1_327684_1_65536D1:2T9:S12:OriginCityIDD6:393221S12:TraderUnitIDD7:1703950S14:TurnsRemainingD1:8S15:TradePathLengthD1:6S16:OriginCityPlayerD1:1S17:DestinationCityIDD5:65536S21:DestinationCityPlayerD1:1S22:OriginalTurnsRemainingD2:24S8:CacheKeyS16:1_393221_1_65536D1:3T9:S12:OriginCityIDD6:196610S12:TraderUnitIDD6:851976S14:TurnsRemainingD1:4S15:TradePathLengthD1:8S16:OriginCityPlayerD1:1S17:DestinationCityIDD5:65536S21:DestinationCityPlayerD1:1S22:OriginalTurnsRemainingD2:16S8:CacheKeyS16:1_196610_1_65536D1:4T9:S12:OriginCityIDD6:524295S12:TraderUnitIDD7:2555917S14:TurnsRemainingD2:11S15:TradePathLengthD2:10S16:OriginCityPlayerD1:1S17:DestinationCityIDD5:65536S21:DestinationCityPlayerD1:1S22:OriginalTurnsRemainingD2:20S8:CacheKeyS16:1_524295_1_65536D1:5T9:S12:OriginCityIDD6:458758S12:TraderUnitIDD7:2490385S14:TurnsRemainingD2:13S15:TradePathLengthD2:11S16:OriginCityPlayerD1:1S17:DestinationCityIDD5:65536S21:DestinationCityPlayerD1:1S22:OriginalTurnsRemainingD2:22S8:CacheKeyS16:1_458758_1_65536D1:6T9:S12:OriginCityIDD6:327684S12:TraderUnitIDD7:2752528S14:TurnsRemainingD1:9S15:TradePathLengthD1:8S16:OriginCityPlayerD1:1S17:DestinationCityIDD6:131073S21:DestinationCityPlayerD1:2S22:OriginalTurnsRemainingD2:16S8:CacheKeyS17:1_327684_2_131073D1:7T9:S12:OriginCityIDD6:458758S12:TraderUnitIDD7:3080213S14:TurnsRemainingD2:27S15:TradePathLengthD2:16S16:OriginCityPlayerD1:1S17:DestinationCityIDD6:131073S21:DestinationCityPlayerD1:2S22:OriginalTurnsRemainingD2:32S8:CacheKeyS17:1_458758_2_131073D1:8T9:S12:OriginCityIDD6:262147S12:TraderUnitIDD6:589830S14:TurnsRemainingD2:43S15:TradePathLengthD2:23S16:OriginCityPlayerD1:1S17:DestinationCityIDD6:131073S21:DestinationCityPlayerD1:2S22:OriginalTurnsRemainingD2:46S8:CacheKeyS17:1_262147_2_131073D1:9T9:S12:OriginCityIDD6:393221S12:TraderUnitIDD7:3866650S14:TurnsRemainingD2:23S15:TradePathLengthD2:12S16:OriginCityPlayerD1:1S17:DestinationCityIDD6:131073S21:DestinationCityPlayerD1:2S22:OriginalTurnsRemainingD2:24S8:CacheKeyS17:1_393221_2_131073D2:10T9:S12:OriginCityIDD6:327684S12:TraderUnitIDD7:4063261S14:TurnsRemainingD2:37S15:TradePathLengthD2:19S16:OriginCityPlayerD1:1S17:DestinationCityIDD5:65536S21:DestinationCityPlayerD1:3S22:OriginalTurnsRemainingD2:38S8:CacheKeyS16:1_327684_3_65536D2:11T9:S12:OriginCityIDD6:131073S12:TraderUnitIDD7:3997724S14:TurnsRemainingD2:37S15:TradePathLengthD2:19S16:OriginCityPlayerD1:1S17:DestinationCityIDD6:131073S21:DestinationCityPlayerD1:2S22:OriginalTurnsRemainingD2:38S8:CacheKeyS17:1_131073_2_131073
Sent GameConfigurationRebuilt
Sent GameConfigurationRebuilt
Sent GameConfigurationRebuilt
Config CONFIGURATION_GAME, Key Unknown (0x941dd5d0), subtype 0, changed to true
Config CONFIGURATION_GAME, Key RULESET (0x34a1e258), subtype 0, removed
Config CONFIGURATION_MAP, Key MAP_SCRIPT (0x63d8875a), subtype 0, changed to Pangaea.lua
Config CONFIGURATION_MAP, Key MAP_NAME (0x35069524), subtype 0, changed to {"LOC_MAP_PANGAEA":[{"locale":"en_US","text":"Pangaea"},{"locale":"fr_FR","text":"Pangée"},{"locale":"de_DE","text":"Pangäa"},{"locale":"it_IT","text":"Pangea"},{"locale":"es_ES","text":"Pangea"},{"locale":"ja_JP","text":"パンゲア"},{"locale":"ru_RU","text":"Пангея"},{"locale":"pl_PL","text":"Pangea"},{"locale":"ko_KR","text":"판게아"},{"locale":"zh_Hant_HK","text":"盤古大陸"},{"locale":"zh_Hans_CN","text":"盘古大陆"},{"locale":"pt_BR","text":"Pangeia"}]}
Config CONFIGURATION_MAP, Key MAP_DOMAIN (0xd8f01e6b), subtype 0, changed to StandardMaps
Config CONFIGURATION_MAP, Key MAP_SIZE (0x9ce5cf48), subtype 0, changed to -1837222328
Config CONFIGURATION_MAP, Key MAP_MAX_MAJOR_PLAYERS (0x2fda36b3), subtype 0, changed to 0x00000018
Config CONFIGURATION_MAP, Key MAP_MAX_MINOR_PLAYERS (0x8c84e73d), subtype 0, changed to 0x00000000
Config CONFIGURATION_MAP, Key MAP_MAX_MINOR_PLAYERS (0x990f33cf), subtype 0, changed to 0x0000000e
Config CONFIGURATION_MAP, Key resources (0x10991451), subtype 0, changed to 2
Config CONFIGURATION_MAP, Key BBSStratRes (0xb019c448), subtype 0, changed to 0
Config CONFIGURATION_MAP, Key BBSNatural (0x454f9061), subtype 0, changed to 1
Config CONFIGURATION_MAP, Key world_age (0x2193fea0), subtype 0, changed to 2
Config CONFIGURATION_MAP, Key BBSRidge (0xf4acd466), subtype 0, changed to 0
Config CONFIGURATION_MAP, Key BBMMaxFloodplainsSize (0x53f18580), subtype 0, changed to 8
Config CONFIGURATION_MAP, Key BBMBreakClumps (0x2dc11de3), subtype 0, changed to true
Config CONFIGURATION_MAP, Key BBMBreakDesert (0xbafeb66f), subtype 0, changed to false
Config CONFIGURATION_MAP, Key BBMLuxExp1 (0x5de97cf3), subtype 0, changed to false
Config CONFIGURATION_MAP, Key BBMMinAttempts (0x7a925ca5), subtype 0, changed to 5
Config CONFIGURATION_MAP, Key BBMMinDistance (0xd9c72140), subtype 0, changed to 0
Config CONFIGURATION_MAP, Key start (0x6086aa70), subtype 0, changed to 1
Config CONFIGURATION_MAP, Key temperature (0x41b1d593), subtype 0, changed to 2
Config CONFIGURATION_MAP, Key rainfall (0x8a846684), subtype 0, changed to 2
Config CONFIGURATION_MAP, Key sea_level (0xc4027ce3), subtype 0, changed to 2
Config CONFIGURATION_MAP, Key MapName (0xa260062c), subtype 0, changed to Pangaea
Config CONFIGURATION_MAP, Key BBM_Team_Spawn (0x2cd6cc7d), subtype 0, changed to 0
Config CONFIGURATION_MAP, Key BBMExtraHills (0x205752cc), subtype 0, changed to false
Config CONFIGURATION_MAP, Key BBMWraparound (0x590e27a0), subtype 0, changed to 0
Config CONFIGURATION_PLAYER, Key LEADER_NAME (0xf043351a), subtype 0, changed to null
Config CONFIGURATION_PLAYER, Key LEADER_TYPE_NAME (0xe8cd5e5f), subtype 0, changed to null
Config CONFIGURATION_PLAYER, Key LEADER_RANDOM_POOL_ID (0x402bf356), subtype 0, changed to 0
Config CONFIGURATION_PLAYER, Key LEADER_DOMAIN (0x4fe363bb), subtype 0, changed to Players:Expansion2_Players
Config CONFIGURATION_PLAYER, Key LEADER_VALUES (0xd2ed3156), subtype 0, changed to Players:*::RANDOM,Players:*::RANDOM_POOL1,Players:*::RANDOM_POOL2,Players:Expansion2_Players::LEADER_ELEANOR_FRANCE,Players:Expansion2_Players::LEADER_ELEANOR_ENGLAND,Players:Expansion2_Players::LEADER_AMANITORE,Players:Expansion2_Players::LEADER_AMBIORIX,Players:Expansion2_Players::LEADER_BASIL,Players:Expansion2_Players::LEADER_HOJO,Players:Expansion2_Players::LEADER_HOJO_INLAND,Players:Expansion2_Players::LEADER_PETER_GREAT,Players:Expansion2_Players::LEADER_PERICLES,Players:Expansion2_Players::LEADER_GENGHIS_KHAN,Players:Expansion2_Players::LEADER_TOKUGAWA,Players:Expansion2_Players::LEADER_THEODORA,Players:Expansion2_Players::LEADER_DIDO,Players:Expansion2_Players::LEADER_JAYAVARMAN,Players:Expansion2_Players::LEADER_NZINGA_MBANDE,Players:Expansion2_Players::LEADER_PHILIP_II,Players:Expansion2_Players::LEADER_PHILIP_II_INLAND,Players:Expansion2_Players::LEADER_BARBAROSSA,Players:Expansion2_Players::LEADER_GANDHI,Players:Expansion2_Players::LEADER_GORGO,Players:Expansion2_Players::LEADER_HARDRADA,Players:Expansion2_Players::LEADER_HARALD_ALT,Players:Expansion2_Players::LEADER_HAMMURABI,Players:Expansion2_Players::LEADER_KUBLAI_KHAN_MONGOLIA,Players:Expansion2_Players::LEADER_KUBLAI_KHAN_CHINA,Players:Expansion2_Players::LEADER_GILGAMESH,Players:Expansion2_Players::LEADER_CYRUS,Players:Expansion2_Players::LEADER_CATHERINE_DE_MEDICI,Players:Expansion2_Players::LEADER_CATHERINE_DE_MEDICI_ALT,Players:Expansion2_Players::LEADER_KRISTINA,Players:Expansion2_Players::LEADER_CLEOPATRA,Players:Expansion2_Players::LEADER_CLEOPATRA_ALT,Players:Expansion2_Players::LEADER_KUPE,Players:Expansion2_Players::LEADER_RAMSES,Players:Expansion2_Players::LEADER_LAUTARO,Players:Expansion2_Players::LEADER_LADY_SIX_SKY,Players:Expansion2_Players::LEADER_LUDWIG,Players:Expansion2_Players::LEADER_ROBERT_THE_BRUCE,Players:Expansion2_Players::LEADER_MANSA_MUSA,Players:Expansion2_Players::LEADER_MONTEZUMA,Players:Expansion2_Players::LEADER_MENELIK,Players:Expansion2_Players::LEADER_MVEMBA,Players:Expansion2_Players::LEADER_NADER_SHAH,Players:Expansion2_Players::LEADER_PACHACUTI,Players:Expansion2_Players::LEADER_POUNDMAKER,Players:Expansion2_Players::LEADER_PEDRO,Players:Expansion2_Players::LEADER_SHAKA,Players:Expansion2_Players::LEADER_QIN_ALT,Players:Expansion2_Players::LEADER_QIN,Players:Expansion2_Players::LEADER_JOAO_III,Players:Expansion2_Players::LEADER_SALADIN_ALT,Players:Expansion2_Players::LEADER_SALADIN,Players:Expansion2_Players::LEADER_SEONDEOK,Players:Expansion2_Players::LEADER_SEJONG,Players:Expansion2_Players::LEADER_SUNDIATA_KEITA,Players:Expansion2_Players::LEADER_SULEIMAN_ALT,Players:Expansion2_Players::LEADER_SULEIMAN,Players:Expansion2_Players::LEADER_TAMAR,Players:Expansion2_Players::LEADER_T_ROOSEVELT,Players:Expansion2_Players::LEADER_GITARJA,Players:Expansion2_Players::LEADER_TRAJAN,Players:Expansion2_Players::LEADER_TOMYRIS,Players:Expansion2_Players::LEADER_LAURIER,Players:Expansion2_Players::LEADER_WILHELMINA,Players:Expansion2_Players::LEADER_WILHELMINA_INLAND,Players:Expansion2_Players::LEADER_VICTORIA,Players:Expansion2_Players::LEADER_VICTORIA_ALT,Players:Expansion2_Players::LEADER_WU_ZETIAN,Players:Expansion2_Players::LEADER_SIMON_BOLIVAR,Players:Expansion2_Players::LEADER_MATTHIAS_CORVINUS,Players:Expansion2_Players::LEADER_JADWIGA,Players:Expansion2_Players::LEADER_ABRAHAM_LINCOLN,Players:Expansion2_Players::LEADER_ALEXANDER,Players:Expansion2_Players::LEADER_ELIZABETH,Players:Expansion2_Players::LEADER_YONGLE,Players:Expansion2_Players::LEADER_JOHN_CURTIN,Players:Expansion2_Players::LEADER_CHANDRAGUPTA,Players:Expansion2_Players::LEADER_LADY_TRIEU
Config CONFIGURATION_PLAYER, Key LEADER_VALUE_DOMAIN (0xcdbd103d), subtype 0, changed to Players:*
Config CONFIGURATION_PLAYER, Key IS_LOCKED (0xce1b9dc2), subtype 0, changed to 0
Config CONFIGURATION_PLAYER, Key LEADER_NAME (0xf043351a), subtype 1, changed to null
Config CONFIGURATION_PLAYER, Key LEADER_TYPE_NAME (0xe8cd5e5f), subtype 1, changed to null
Config CONFIGURATION_PLAYER, Key LEADER_RANDOM_POOL_ID (0x402bf356), subtype 1, changed to 0
Config CONFIGURATION_PLAYER, Key LEADER_DOMAIN (0x4fe363bb), subtype 1, changed to Players:Expansion2_Players
Config CONFIGURATION_PLAYER, Key LEADER_VALUES (0xd2ed3156), subtype 1, changed to Players:*::RANDOM,Players:*::RANDOM_POOL1,Players:*::RANDOM_POOL2,Players:Expansion2_Players::LEADER_ELEANOR_FRANCE,Players:Expansion2_Players::LEADER_ELEANOR_ENGLAND,Players:Expansion2_Players::LEADER_AMANITORE,Players:Expansion2_Players::LEADER_AMBIORIX,Players:Expansion2_Players::LEADER_BASIL,Players:Expansion2_Players::LEADER_HOJO,Players:Expansion2_Players::LEADER_HOJO_INLAND,Players:Expansion2_Players::LEADER_PETER_GREAT,Players:Expansion2_Players::LEADER_PERICLES,Players:Expansion2_Players::LEADER_GENGHIS_KHAN,Players:Expansion2_Players::LEADER_TOKUGAWA,Players:Expansion2_Players::LEADER_THEODORA,Players:Expansion2_Players::LEADER_DIDO,Players:Expansion2_Players::LEADER_JAYAVARMAN,Players:Expansion2_Players::LEADER_NZINGA_MBANDE,Players:Expansion2_Players::LEADER_PHILIP_II,Players:Expansion2_Players::LEADER_PHILIP_II_INLAND,Players:Expansion2_Players::LEADER_BARBAROSSA,Players:Expansion2_Players::LEADER_GANDHI,Players:Expansion2_Players::LEADER_GORGO,Players:Expansion2_Players::LEADER_HARDRADA,Players:Expansion2_Players::LEADER_HARALD_ALT,Players:Expansion2_Players::LEADER_HAMMURABI,Players:Expansion2_Players::LEADER_KUBLAI_KHAN_MONGOLIA,Players:Expansion2_Players::LEADER_KUBLAI_KHAN_CHINA,Players:Expansion2_Players::LEADER_GILGAMESH,Players:Expansion2_Players::LEADER_CYRUS,Players:Expansion2_Players::LEADER_CATHERINE_DE_MEDICI,Players:Expansion2_Players::LEADER_CATHERINE_DE_MEDICI_ALT,Players:Expansion2_Players::LEADER_KRISTINA,Players:Expansion2_Players::LEADER_CLEOPATRA,Players:Expansion2_Players::LEADER_CLEOPATRA_ALT,Players:Expansion2_Players::LEADER_KUPE,Players:Expansion2_Players::LEADER_RAMSES,Players:Expansion2_Players::LEADER_LAUTARO,Players:Expansion2_Players::LEADER_LADY_SIX_SKY,Players:Expansion2_Players::LEADER_LUDWIG,Players:Expansion2_Players::LEADER_ROBERT_THE_BRUCE,Players:Expansion2_Players::LEADER_MANSA_MUSA,Players:Expansion2_Players::LEADER_MONTEZUMA,Players:Expansion2_Players::LEADER_MENELIK,Players:Expansion2_Players::LEADER_MVEMBA,Players:Expansion2_Players::LEADER_NADER_SHAH,Players:Expansion2_Players::LEADER_PACHACUTI,Players:Expansion2_Players::LEADER_POUNDMAKER,Players:Expansion2_Players::LEADER_PEDRO,Players:Expansion2_Players::LEADER_SHAKA,Players:Expansion2_Players::LEADER_QIN_ALT,Players:Expansion2_Players::LEADER_QIN,Players:Expansion2_Players::LEADER_JOAO_III,Players:Expansion2_Players::LEADER_SALADIN_ALT,Players:Expansion2_Players::LEADER_SALADIN,Players:Expansion2_Players::LEADER_SEONDEOK,Players:Expansion2_Players::LEADER_SEJONG,Players:Expansion2_Players::LEADER_SUNDIATA_KEITA,Players:Expansion2_Players::LEADER_SULEIMAN_ALT,Players:Expansion2_Players::LEADER_SULEIMAN,Players:Expansion2_Players::LEADER_TAMAR,Players:Expansion2_Players::LEADER_T_ROOSEVELT,Players:Expansion2_Players::LEADER_GITARJA,Players:Expansion2_Players::LEADER_TRAJAN,Players:Expansion2_Players::LEADER_TOMYRIS,Players:Expansion2_Players::LEADER_LAURIER,Players:Expansion2_Players::LEADER_WILHELMINA,Players:Expansion2_Players::LEADER_WILHELMINA_INLAND,Players:Expansion2_Players::LEADER_VICTORIA,Players:Expansion2_Players::LEADER_VICTORIA_ALT,Players:Expansion2_Players::LEADER_WU_ZETIAN,Players:Expansion2_Players::LEADER_SIMON_BOLIVAR,Players:Expansion2_Players::LEADER_MATTHIAS_CORVINUS,Players:Expansion2_Players::LEADER_JADWIGA,Players:Expansion2_Players::LEADER_ABRAHAM_LINCOLN,Players:Expansion2_Players::LEADER_ALEXANDER,Players:Expansion2_Players::LEADER_ELIZABETH,Players:Expansion2_Players::LEADER_YONGLE,Players:Expansion2_Players::LEADER_JOHN_CURTIN,Players:Expansion2_Players::LEADER_CHANDRAGUPTA,Players:Expansion2_Players::LEADER_LADY_TRIEU
Config CONFIGURATION_PLAYER, Key LEADER_VALUE_DOMAIN (0xcdbd103d), subtype 1, changed to Players:*
Config CONFIGURATION_PLAYER, Key IS_LOCKED (0xce1b9dc2), subtype 1, changed to 0
Config CONFIGURATION_PLAYER, Key LEADER_NAME (0xf043351a), subtype 2, changed to null
Config CONFIGURATION_PLAYER, Key LEADER_TYPE_NAME (0xe8cd5e5f), subtype 2, changed to null
Config CONFIGURATION_PLAYER, Key LEADER_RANDOM_POOL_ID (0x402bf356), subtype 2, changed to 0
Config CONFIGURATION_PLAYER, Key LEADER_DOMAIN (0x4fe363bb), subtype 2, changed to Players:Expansion2_Players
Config CONFIGURATION_PLAYER, Key LEADER_VALUES (0xd2ed3156), subtype 2, changed to Players:*::RANDOM,Players:*::RANDOM_POOL1,Players:*::RANDOM_POOL2,Players:Expansion2_Players::LEADER_ELEANOR_FRANCE,Players:Expansion2_Players::LEADER_ELEANOR_ENGLAND,Players:Expansion2_Players::LEADER_AMANITORE,Players:Expansion2_Players::LEADER_AMBIORIX,Players:Expansion2_Players::LEADER_BASIL,Players:Expansion2_Players::LEADER_HOJO,Players:Expansion2_Players::LEADER_HOJO_INLAND,Players:Expansion2_Players::LEADER_PETER_GREAT,Players:Expansion2_Players::LEADER_PERICLES,Players:Expansion2_Players::LEADER_GENGHIS_KHAN,Players:Expansion2_Players::LEADER_TOKUGAWA,Players:Expansion2_Players::LEADER_THEODORA,Players:Expansion2_Players::LEADER_DIDO,Players:Expansion2_Players::LEADER_JAYAVARMAN,Players:Expansion2_Players::LEADER_NZINGA_MBANDE,Players:Expansion2_Players::LEADER_PHILIP_II,Players:Expansion2_Players::LEADER_PHILIP_II_INLAND,Players:Expansion2_Players::LEADER_BARBAROSSA,Players:Expansion2_Players::LEADER_GANDHI,Players:Expansion2_Players::LEADER_GORGO,Players:Expansion2_Players::LEADER_HARDRADA,Players:Expansion2_Players::LEADER_HARALD_ALT,Players:Expansion2_Players::LEADER_HAMMURABI,Players:Expansion2_Players::LEADER_KUBLAI_KHAN_MONGOLIA,Players:Expansion2_Players::LEADER_KUBLAI_KHAN_CHINA,Players:Expansion2_Players::LEADER_GILGAMESH,Players:Expansion2_Players::LEADER_CYRUS,Players:Expansion2_Players::LEADER_CATHERINE_DE_MEDICI,Players:Expansion2_Players::LEADER_CATHERINE_DE_MEDICI_ALT,Players:Expansion2_Players::LEADER_KRISTINA,Players:Expansion2_Players::LEADER_CLEOPATRA,Players:Expansion2_Players::LEADER_CLEOPATRA_ALT,Players:Expansion2_Players::LEADER_KUPE,Players:Expansion2_Players::LEADER_RAMSES,Players:Expansion2_Players::LEADER_LAUTARO,Players:Expansion2_Players::LEADER_LADY_SIX_SKY,Players:Expansion2_Players::LEADER_LUDWIG,Players:Expansion2_Players::LEADER_ROBERT_THE_BRUCE,Players:Expansion2_Players::LEADER_MANSA_MUSA,Players:Expansion2_Players::LEADER_MONTEZUMA,Players:Expansion2_Players::LEADER_MENELIK,Players:Expansion2_Players::LEADER_MVEMBA,Players:Expansion2_Players::LEADER_NADER_SHAH,Players:Expansion2_Players::LEADER_PACHACUTI,Players:Expansion2_Players::LEADER_POUNDMAKER,Players:Expansion2_Players::LEADER_PEDRO,Players:Expansion2_Players::LEADER_SHAKA,Players:Expansion2_Players::LEADER_QIN_ALT,Players:Expansion2_Players::LEADER_QIN,Players:Expansion2_Players::LEADER_JOAO_III,Players:Expansion2_Players::LEADER_SALADIN_ALT,Players:Expansion2_Players::LEADER_SALADIN,Players:Expansion2_Players::LEADER_SEONDEOK,Players:Expansion2_Players::LEADER_SEJONG,Players:Expansion2_Players::LEADER_SUNDIATA_KEITA,Players:Expansion2_Players::LEADER_SULEIMAN_ALT,Players:Expansion2_Players::LEADER_SULEIMAN,Players:Expansion2_Players::LEADER_TAMAR,Players:Expansion2_Players::LEADER_T_ROOSEVELT,Players:Expansion2_Players::LEADER_GITARJA,Players:Expansion2_Players::LEADER_TRAJAN,Players:Expansion2_Players::LEADER_TOMYRIS,Players:Expansion2_Players::LEADER_LAURIER,Players:Expansion2_Players::LEADER_WILHELMINA,Players:Expansion2_Players::LEADER_WILHELMINA_INLAND,Players:Expansion2_Players::LEADER_VICTORIA,Players:Expansion2_Players::LEADER_VICTORIA_ALT,Players:Expansion2_Players::LEADER_WU_ZETIAN,Players:Expansion2_Players::LEADER_SIMON_BOLIVAR,Players:Expansion2_Players::LEADER_MATTHIAS_CORVINUS,Players:Expansion2_Players::LEADER_JADWIGA,Players:Expansion2_Players::LEADER_ABRAHAM_LINCOLN,Players:Expansion2_Players::LEADER_ALEXANDER,Players:Expansion2_Players::LEADER_ELIZABETH,Players:Expansion2_Players::LEADER_YONGLE,Players:Expansion2_Players::LEADER_JOHN_CURTIN,Players:Expansion2_Players::LEADER_CHANDRAGUPTA,Players:Expansion2_Players::LEADER_LADY_TRIEU
Config CONFIGURATION_PLAYER, Key LEADER_VALUE_DOMAIN (0xcdbd103d), subtype 2, changed to Players:*
Config CONFIGURATION_PLAYER, Key IS_LOCKED (0xce1b9dc2), subtype 2, changed to 0
Config CONFIGURATION_PLAYER, Key LEADER_NAME (0xf043351a), subtype 3, changed to null
Config CONFIGURATION_PLAYER, Key LEADER_TYPE_NAME (0xe8cd5e5f), subtype 3, changed to null
Config CONFIGURATION_PLAYER, Key LEADER_RANDOM_POOL_ID (0x402bf356), subtype 3, changed to 0
Config CONFIGURATION_PLAYER, Key LEADER_DOMAIN (0x4fe363bb), subtype 3, changed to Players:Expansion2_Players
Config CONFIGURATION_PLAYER, Key LEADER_VALUES (0xd2ed3156), subtype 3, changed to Players:*::RANDOM,Players:*::RANDOM_POOL1,Players:*::RANDOM_POOL2,Players:Expansion2_Players::LEADER_ELEANOR_FRANCE,Players:Expansion2_Players::LEADER_ELEANOR_ENGLAND,Players:Expansion2_Players::LEADER_AMANITORE,Players:Expansion2_Players::LEADER_AMBIORIX,Players:Expansion2_Players::LEADER_BASIL,Players:Expansion2_Players::LEADER_HOJO,Players:Expansion2_Players::LEADER_HOJO_INLAND,Players:Expansion2_Players::LEADER_PETER_GREAT,Players:Expansion2_Players::LEADER_PERICLES,Players:Expansion2_Players::LEADER_GENGHIS_KHAN,Players:Expansion2_Players::LEADER_TOKUGAWA,Players:Expansion2_Players::LEADER_THEODORA,Players:Expansion2_Players::LEADER_DIDO,Players:Expansion2_Players::LEADER_JAYAVARMAN,Players:Expansion2_Players::LEADER_NZINGA_MBANDE,Players:Expansion2_Players::LEADER_PHILIP_II,Players:Expansion2_Players::LEADER_PHILIP_II_INLAND,Players:Expansion2_Players::LEADER_BARBAROSSA,Players:Expansion2_Players::LEADER_GANDHI,Players:Expansion2_Players::LEADER_GORGO,Players:Expansion2_Players::LEADER_HARDRADA,Players:Expansion2_Players::LEADER_HARALD_ALT,Players:Expansion2_Players::LEADER_HAMMURABI,Players:Expansion2_Players::LEADER_KUBLAI_KHAN_MONGOLIA,Players:Expansion2_Players::LEADER_KUBLAI_KHAN_CHINA,Players:Expansion2_Players::LEADER_GILGAMESH,Players:Expansion2_Players::LEADER_CYRUS,Players:Expansion2_Players::LEADER_CATHERINE_DE_MEDICI,Players:Expansion2_Players::LEADER_CATHERINE_DE_MEDICI_ALT,Players:Expansion2_Players::LEADER_KRISTINA,Players:Expansion2_Players::LEADER_CLEOPATRA,Players:Expansion2_Players::LEADER_CLEOPATRA_ALT,Players:Expansion2_Players::LEADER_KUPE,Players:Expansion2_Players::LEADER_RAMSES,Players:Expansion2_Players::LEADER_LAUTARO,Players:Expansion2_Players::LEADER_LADY_SIX_SKY,Players:Expansion2_Players::LEADER_LUDWIG,Players:Expansion2_Players::LEADER_ROBERT_THE_BRUCE,Players:Expansion2_Players::LEADER_MANSA_MUSA,Players:Expansion2_Players::LEADER_MONTEZUMA,Players:Expansion2_Players::LEADER_MENELIK,Players:Expansion2_Players::LEADER_MVEMBA,Players:Expansion2_Players::LEADER_NADER_SHAH,Players:Expansion2_Players::LEADER_PACHACUTI,Players:Expansion2_Players::LEADER_POUNDMAKER,Players:Expansion2_Players::LEADER_PEDRO,Players:Expansion2_Players::LEADER_SHAKA,Players:Expansion2_Players::LEADER_QIN_ALT,Players:Expansion2_Players::LEADER_QIN,Players:Expansion2_Players::LEADER_JOAO_III,Players:Expansion2_Players::LEADER_SALADIN_ALT,Players:Expansion2_Players::LEADER_SALADIN,Players:Expansion2_Players::LEADER_SEONDEOK,Players:Expansion2_Players::LEADER_SEJONG,Players:Expansion2_Players::LEADER_SUNDIATA_KEITA,Players:Expansion2_Players::LEADER_SULEIMAN_ALT,Players:Expansion2_Players::LEADER_SULEIMAN,Players:Expansion2_Players::LEADER_TAMAR,Players:Expansion2_Players::LEADER_T_ROOSEVELT,Players:Expansion2_Players::LEADER_GITARJA,Players:Expansion2_Players::LEADER_TRAJAN,Players:Expansion2_Players::LEADER_TOMYRIS,Players:Expansion2_Players::LEADER_LAURIER,Players:Expansion2_Players::LEADER_WILHELMINA,Players:Expansion2_Players::LEADER_WILHELMINA_INLAND,Players:Expansion2_Players::LEADER_VICTORIA,Players:Expansion2_Players::LEADER_VICTORIA_ALT,Players:Expansion2_Players::LEADER_WU_ZETIAN,Players:Expansion2_Players::LEADER_SIMON_BOLIVAR,Players:Expansion2_Players::LEADER_MATTHIAS_CORVINUS,Players:Expansion2_Players::LEADER_JADWIGA,Players:Expansion2_Players::LEADER_ABRAHAM_LINCOLN,Players:Expansion2_Players::LEADER_ALEXANDER,Players:Expansion2_Players::LEADER_ELIZABETH,Players:Expansion2_Players::LEADER_YONGLE,Players:Expansion2_Players::LEADER_JOHN_CURTIN,Players:Expansion2_Players::LEADER_CHANDRAGUPTA,Players:Expansion2_Players::LEADER_LADY_TRIEU
Config CONFIGURATION_PLAYER, Key LEADER_VALUE_DOMAIN (0xcdbd103d), subtype 3, changed to Players:*
Config CONFIGURATION_PLAYER, Key IS_LOCKED (0xce1b9dc2), subtype 3, changed to 0
Config CONFIGURATION_PLAYER, Key LEADER_NAME (0xf043351a), subtype 4, changed to null
Config CONFIGURATION_PLAYER, Key LEADER_TYPE_NAME (0xe8cd5e5f), subtype 4, changed to null
Config CONFIGURATION_PLAYER, Key LEADER_RANDOM_POOL_ID (0x402bf356), subtype 4, changed to 0
Config CONFIGURATION_PLAYER, Key LEADER_DOMAIN (0x4fe363bb), subtype 4, changed to Players:Expansion2_Players
Config CONFIGURATION_PLAYER, Key LEADER_VALUES (0xd2ed3156), subtype 4, changed to Players:*::RANDOM,Players:*::RANDOM_POOL1,Players:*::RANDOM_POOL2,Players:Expansion2_Players::LEADER_ELEANOR_FRANCE,Players:Expansion2_Players::LEADER_ELEANOR_ENGLAND,Players:Expansion2_Players::LEADER_AMANITORE,Players:Expansion2_Players::LEADER_AMBIORIX,Players:Expansion2_Players::LEADER_BASIL,Players:Expansion2_Players::LEADER_HOJO,Players:Expansion2_Players::LEADER_HOJO_INLAND,Players:Expansion2_Players::LEADER_PETER_GREAT,Players:Expansion2_Players::LEADER_PERICLES,Players:Expansion2_Players::LEADER_GENGHIS_KHAN,Players:Expansion2_Players::LEADER_TOKUGAWA,Players:Expansion2_Players::LEADER_THEODORA,Players:Expansion2_Players::LEADER_DIDO,Players:Expansion2_Players::LEADER_JAYAVARMAN,Players:Expansion2_Players::LEADER_NZINGA_MBANDE,Players:Expansion2_Players::LEADER_PHILIP_II,Players:Expansion2_Players::LEADER_PHILIP_II_INLAND,Players:Expansion2_Players::LEADER_BARBAROSSA,Players:Expansion2_Players::LEADER_GANDHI,Players:Expansion2_Players::LEADER_GORGO,Players:Expansion2_Players::LEADER_HARDRADA,Players:Expansion2_Players::LEADER_HARALD_ALT,Players:Expansion2_Players::LEADER_HAMMURABI,Players:Expansion2_Players::LEADER_KUBLAI_KHAN_MONGOLIA,Players:Expansion2_Players::LEADER_KUBLAI_KHAN_CHINA,Players:Expansion2_Players::LEADER_GILGAMESH,Players:Expansion2_Players::LEADER_CYRUS,Players:Expansion2_Players::LEADER_CATHERINE_DE_MEDICI,Players:Expansion2_Players::LEADER_CATHERINE_DE_MEDICI_ALT,Players:Expansion2_Players::LEADER_KRISTINA,Players:Expansion2_Players::LEADER_CLEOPATRA,Players:Expansion2_Players::LEADER_CLEOPATRA_ALT,Players:Expansion2_Players::LEADER_KUPE,Players:Expansion2_Players::LEADER_RAMSES,Players:Expansion2_Players::LEADER_LAUTARO,Players:Expansion2_Players::LEADER_LADY_SIX_SKY,Players:Expansion2_Players::LEADER_LUDWIG,Players:Expansion2_Players::LEADER_ROBERT_THE_BRUCE,Players:Expansion2_Players::LEADER_MANSA_MUSA,Players:Expansion2_Players::LEADER_MONTEZUMA,Players:Expansion2_Players::LEADER_MENELIK,Players:Expansion2_Players::LEADER_MVEMBA,Players:Expansion2_Players::LEADER_NADER_SHAH,Players:Expansion2_Players::LEADER_PACHACUTI,Players:Expansion2_Players::LEADER_POUNDMAKER,Players:Expansion2_Players::LEADER_PEDRO,Players:Expansion2_Players::LEADER_SHAKA,Players:Expansion2_Players::LEADER_QIN_ALT,Players:Expansion2_Players::LEADER_QIN,Players:Expansion2_Players::LEADER_JOAO_III,Players:Expansion2_Players::LEADER_SALADIN_ALT,Players:Expansion2_Players::LEADER_SALADIN,Players:Expansion2_Players::LEADER_SEONDEOK,Players:Expansion2_Players::LEADER_SEJONG,Players:Expansion2_Players::LEADER_SUNDIATA_KEITA,Players:Expansion2_Players::LEADER_SULEIMAN_ALT,Players:Expansion2_Players::LEADER_SULEIMAN,Players:Expansion2_Players::LEADER_TAMAR,Players:Expansion2_Players::LEADER_T_ROOSEVELT,Players:Expansion2_Players::LEADER_GITARJA,Players:Expansion2_Players::LEADER_TRAJAN,Players:Expansion2_Players::LEADER_TOMYRIS,Players:Expansion2_Players::LEADER_LAURIER,Players:Expansion2_Players::LEADER_WILHELMINA,Players:Expansion2_Players::LEADER_WILHELMINA_INLAND,Players:Expansion2_Players::LEADER_VICTORIA,Players:Expansion2_Players::LEADER_VICTORIA_ALT,Players:Expansion2_Players::LEADER_WU_ZETIAN,Players:Expansion2_Players::LEADER_SIMON_BOLIVAR,Players:Expansion2_Players::LEADER_MATTHIAS_CORVINUS,Players:Expansion2_Players::LEADER_JADWIGA,Players:Expansion2_Players::LEADER_ABRAHAM_LINCOLN,Players:Expansion2_Players::LEADER_ALEXANDER,Players:Expansion2_Players::LEADER_ELIZABETH,Players:Expansion2_Players::LEADER_YONGLE,Players:Expansion2_Players::LEADER_JOHN_CURTIN,Players:Expansion2_Players::LEADER_CHANDRAGUPTA,Players:Expansion2_Players::LEADER_LADY_TRIEU
Config CONFIGURATION_PLAYER, Key LEADER_VALUE_DOMAIN (0xcdbd103d), subtype 4, changed to Players:*
Config CONFIGURATION_PLAYER, Key IS_LOCKED (0xce1b9dc2), subtype 4, changed to 0
Config CONFIGURATION_PLAYER, Key LEADER_NAME (0xf043351a), subtype 5, changed to null
Config CONFIGURATION_PLAYER, Key LEADER_TYPE_NAME (0xe8cd5e5f), subtype 5, changed to null
Config CONFIGURATION_PLAYER, Key LEADER_RANDOM_POOL_ID (0x402bf356), subtype 5, changed to 0
Config CONFIGURATION_PLAYER, Key LEADER_DOMAIN (0x4fe363bb), subtype 5, changed to Players:Expansion2_Players
Config CONFIGURATION_PLAYER, Key LEADER_VALUES (0xd2ed3156), subtype 5, changed to Players:*::RANDOM,Players:*::RANDOM_POOL1,Players:*::RANDOM_POOL2,Players:Expansion2_Players::LEADER_ELEANOR_FRANCE,Players:Expansion2_Players::LEADER_ELEANOR_ENGLAND,Players:Expansion2_Players::LEADER_AMANITORE,Players:Expansion2_Players::LEADER_AMBIORIX,Players:Expansion2_Players::LEADER_BASIL,Players:Expansion2_Players::LEADER_HOJO,Players:Expansion2_Players::LEADER_HOJO_INLAND,Players:Expansion2_Players::LEADER_PETER_GREAT,Players:Expansion2_Players::LEADER_PERICLES,Players:Expansion2_Players::LEADER_GENGHIS_KHAN,Players:Expansion2_Players::LEADER_TOKUGAWA,Players:Expansion2_Players::LEADER_THEODORA,Players:Expansion2_Players::LEADER_DIDO,Players:Expansion2_Players::LEADER_JAYAVARMAN,Players:Expansion2_Players::LEADER_NZINGA_MBANDE,Players:Expansion2_Players::LEADER_PHILIP_II,Players:Expansion2_Players::LEADER_PHILIP_II_INLAND,Players:Expansion2_Players::LEADER_BARBAROSSA,Players:Expansion2_Players::LEADER_GANDHI,Players:Expansion2_Players::LEADER_GORGO,Players:Expansion2_Players::LEADER_HARDRADA,Players:Expansion2_Players::LEADER_HARALD_ALT,Players:Expansion2_Players::LEADER_HAMMURABI,Players:Expansion2_Players::LEADER_KUBLAI_KHAN_MONGOLIA,Players:Expansion2_Players::LEADER_KUBLAI_KHAN_CHINA,Players:Expansion2_Players::LEADER_GILGAMESH,Players:Expansion2_Players::LEADER_CYRUS,Players:Expansion2_Players::LEADER_CATHERINE_DE_MEDICI,Players:Expansion2_Players::LEADER_CATHERINE_DE_MEDICI_ALT,Players:Expansion2_Players::LEADER_KRISTINA,Players:Expansion2_Players::LEADER_CLEOPATRA,Players:Expansion2_Players::LEADER_CLEOPATRA_ALT,Players:Expansion2_Players::LEADER_KUPE,Players:Expansion2_Players::LEADER_RAMSES,Players:Expansion2_Players::LEADER_LAUTARO,Players:Expansion2_Players::LEADER_LADY_SIX_SKY,Players:Expansion2_Players::LEADER_LUDWIG,Players:Expansion2_Players::LEADER_ROBERT_THE_BRUCE,Players:Expansion2_Players::LEADER_MANSA_MUSA,Players:Expansion2_Players::LEADER_MONTEZUMA,Players:Expansion2_Players::LEADER_MENELIK,Players:Expansion2_Players::LEADER_MVEMBA,Players:Expansion2_Players::LEADER_NADER_SHAH,Players:Expansion2_Players::LEADER_PACHACUTI,Players:Expansion2_Players::LEADER_POUNDMAKER,Players:Expansion2_Players::LEADER_PEDRO,Players:Expansion2_Players::LEADER_SHAKA,Players:Expansion2_Players::LEADER_QIN_ALT,Players:Expansion2_Players::LEADER_QIN,Players:Expansion2_Players::LEADER_JOAO_III,Players:Expansion2_Players::LEADER_SALADIN_ALT,Players:Expansion2_Players::LEADER_SALADIN,Players:Expansion2_Players::LEADER_SEONDEOK,Players:Expansion2_Players::LEADER_SEJONG,Players:Expansion2_Players::LEADER_SUNDIATA_KEITA,Players:Expansion2_Players::LEADER_SULEIMAN_ALT,Players:Expansion2_Players::LEADER_SULEIMAN,Players:Expansion2_Players::LEADER_TAMAR,Players:Expansion2_Players::LEADER_T_ROOSEVELT,Players:Expansion2_Players::LEADER_GITARJA,Players:Expansion2_Players::LEADER_TRAJAN,Players:Expansion2_Players::LEADER_TOMYRIS,Players:Expansion2_Players::LEADER_LAURIER,Players:Expansion2_Players::LEADER_WILHELMINA,Players:Expansion2_Players::LEADER_WILHELMINA_INLAND,Players:Expansion2_Players::LEADER_VICTORIA,Players:Expansion2_Players::LEADER_VICTORIA_ALT,Players:Expansion2_Players::LEADER_WU_ZETIAN,Players:Expansion2_Players::LEADER_SIMON_BOLIVAR,Players:Expansion2_Players::LEADER_MATTHIAS_CORVINUS,Players:Expansion2_Players::LEADER_JADWIGA,Players:Expansion2_Players::LEADER_ABRAHAM_LINCOLN,Players:Expansion2_Players::LEADER_ALEXANDER,Players:Expansion2_Players::LEADER_ELIZABETH,Players:Expansion2_Players::LEADER_YONGLE,Players:Expansion2_Players::LEADER_JOHN_CURTIN,Players:Expansion2_Players::LEADER_CHANDRAGUPTA,Players:Expansion2_Players::LEADER_LADY_TRIEU
Config CONFIGURATION_PLAYER, Key LEADER_VALUE_DOMAIN (0xcdbd103d), subtype 5, changed to Players:*
Config CONFIGURATION_PLAYER, Key IS_LOCKED (0xce1b9dc2), subtype 5, changed to 0
Config CONFIGURATION_GAME, Key MPH_OFFICIAL_GAME (0x193f68f9), subtype 0, removed
Sent GameConfigurationRebuilt
Config CONFIGURATION_UNKNOWN, Key PLAYER_33 (0x012727cc), subtype 0, changed to false
Config CONFIGURATION_UNKNOWN, Key PLAYER_37 (0x064ae3d5), subtype 0, changed to false
Config CONFIGURATION_UNKNOWN, Key PLAYER_62 (0x0b57e31f), subtype 0, changed to false
Config CONFIGURATION_UNKNOWN, Key PLAYER_1 (0x1258ab5e), subtype 0, changed to false
Config CONFIGURATION_UNKNOWN, Key PLAYER_5 (0x15356f47), subtype 0, changed to false
Config CONFIGURATION_UNKNOWN, Key PLAYER_23 (0x183c168d), subtype 0, changed to false
Config CONFIGURATION_UNKNOWN, Key PLAYER_9 (0x1c83236c), subtype 0, changed to false
Config CONFIGURATION_UNKNOWN, Key PLAYER_27 (0x1f51d294), subtype 0, changed to false
Config CONFIGURATION_UNKNOWN, Key PLAYER_52 (0x207ab0dc), subtype 0, changed to false
Config CONFIGURATION_UNKNOWN, Key PLAYER_56 (0x271774c5), subtype 0, changed to false
Config CONFIGURATION_UNKNOWN, Key PLAYER_13 (0x3311454e), subtype 0, changed to false
Config CONFIGURATION_UNKNOWN, Key PLAYER_17 (0x347c8157), subtype 0, changed to false
Config CONFIGURATION_UNKNOWN, Key PLAYER_42 (0x3961819d), subtype 0, changed to false
Config CONFIGURATION_UNKNOWN, Key PLAYER_46 (0x3e0c4584), subtype 0, changed to false
Config CONFIGURATION_UNKNOWN, Key PLAYER_16 (0x437bb1c1), subtype 0, changed to false
Config CONFIGURATION_UNKNOWN, Key PLAYER_12 (0x441675d8), subtype 0, changed to false
Config CONFIGURATION_UNKNOWN, Key PLAYER_47 (0x490b7512), subtype 0, changed to false
Config CONFIGURATION_UNKNOWN, Key PLAYER_43 (0x4e66b10b), subtype 0, changed to false
Config CONFIGURATION_UNKNOWN, Key PLAYER_57 (0x50104453), subtype 0, changed to false
Config CONFIGURATION_UNKNOWN, Key PLAYER_53 (0x577d804a), subtype 0, changed to false
Config CONFIGURATION_UNKNOWN, Key PLAYER_4 (0x62325fd1), subtype 0, changed to false
Config CONFIGURATION_UNKNOWN, Key PLAYER_0 (0x655f9bc8), subtype 0, changed to false
Config CONFIGURATION_UNKNOWN, Key PLAYER_26 (0x6856e202), subtype 0, changed to false
Config CONFIGURATION_UNKNOWN, Key PLAYER_8 (0x6b8413fa), subtype 0, changed to false
Config CONFIGURATION_UNKNOWN, Key PLAYER_22 (0x6f3b261b), subtype 0, changed to false
Config CONFIGURATION_UNKNOWN, Key PLAYER_36 (0x714dd343), subtype 0, changed to false
Config CONFIGURATION_UNKNOWN, Key PLAYER_32 (0x7620175a), subtype 0, changed to false
Config CONFIGURATION_UNKNOWN, Key PLAYER_63 (0x7c50d389), subtype 0, changed to false
Config CONFIGURATION_UNKNOWN, Key MAP_ROOT (0x7dd11279), subtype 0, changed to false
Config CONFIGURATION_UNKNOWN, Key PLAYER_20 (0x81354737), subtype 0, changed to false
Config CONFIGURATION_UNKNOWN, Key PLAYER_24 (0x8658832e), subtype 0, changed to false
Config CONFIGURATION_UNKNOWN, Key GAME_ROOT (0x871d5b63), subtype 0, changed to false
Config CONFIGURATION_UNKNOWN, Key PLAYER_2 (0x8b51fae4), subtype 0, changed to false
Config CONFIGURATION_UNKNOWN, Key PLAYER_6 (0x8c3c3efd), subtype 0, changed to false
Config CONFIGURATION_UNKNOWN, Key PLAYER_28 (0x8feecf05), subtype 0, changed to false
Config CONFIGURATION_UNKNOWN, Key PLAYER_61 (0x925eb2a5), subtype 0, changed to false
Config CONFIGURATION_UNKNOWN, Key PLAYER_38 (0x96f5fe44), subtype 0, changed to false
Config CONFIGURATION_UNKNOWN, Key PLAYER_30 (0x982e7676), subtype 0, changed to false
Config CONFIGURATION_UNKNOWN, Key PLAYER_34 (0x9f43b26f), subtype 0, changed to false
Config CONFIGURATION_UNKNOWN, Key PLAYER_41 (0xa068d027), subtype 0, changed to false
Config CONFIGURATION_UNKNOWN, Key PLAYER_18 (0xa4c39cc6), subtype 0, changed to false
Config CONFIGURATION_UNKNOWN, Key PLAYER_45 (0xa705143e), subtype 0, changed to false
Config CONFIGURATION_UNKNOWN, Key PLAYER_10 (0xaa1814f4), subtype 0, changed to false
Config CONFIGURATION_UNKNOWN, Key PLAYER_14 (0xad75d0ed), subtype 0, changed to false
Config CONFIGURATION_UNKNOWN, Key PLAYER_49 (0xaeb35815), subtype 0, changed to false
Config CONFIGURATION_UNKNOWN, Key PLAYER_59 (0xb7a86954), subtype 0, changed to false
Config CONFIGURATION_UNKNOWN, Key PLAYER_51 (0xb973e166), subtype 0, changed to false
Config CONFIGURATION_UNKNOWN, Key PLAYER_55 (0xbe1e257f), subtype 0, changed to false
Config CONFIGURATION_UNKNOWN, Key PLAYER_58 (0xc0af59c2), subtype 0, changed to false
Config CONFIGURATION_UNKNOWN, Key PLAYER_54 (0xc91915e9), subtype 0, changed to false
Config CONFIGURATION_UNKNOWN, Key PLAYER_50 (0xce74d1f0), subtype 0, changed to false
Config CONFIGURATION_UNKNOWN, Key PLAYER_44 (0xd00224a8), subtype 0, changed to false
Config CONFIGURATION_UNKNOWN, Key CONFIGURATION_TYPE (0xd08444c1), subtype 0, changed to false
Config Unknown, Key PLAYER_19 (0xd3c4ac50), subtype 0, changed to false
Config Unknown, Key PLAYER_40 (0xd76fe0b1), subtype 0, changed to false
Config Unknown, Key PLAYER_48 (0xd9b46883), subtype 0, changed to false
Config Unknown, Key PLAYER_15 (0xda72e07b), subtype 0, changed to false
Config Unknown, Key PLAYER_11 (0xdd1f2462), subtype 0, changed to false
Config Unknown, Key PLAYER_39 (0xe1f2ced2), subtype 0, changed to false
Config Unknown, Key PLAYER_60 (0xe5598233), subtype 0, changed to false
Config Unknown, Key PLAYER_35 (0xe84482f9), subtype 0, changed to false
Config Unknown, Key PLAYER_31 (0xef2946e0), subtype 0, changed to false
Config Unknown, Key PLAYER_25 (0xf15fb3b8), subtype 0, changed to false
Config Unknown, Key PLAYER_21 (0xf63277a1), subtype 0, changed to false
Config Unknown, Key PLAYER_29 (0xf8e9ff93), subtype 0, changed to false
Config Unknown, Key PLAYER_7 (0xfb3b0e6b), subtype 0, changed to false
Config Unknown, Key PLAYER_3 (0xfc56ca72), subtype 0, changed to false
Config CONFIGURATION_PLAYER, Key READY_STATUS (0xa4bd04b1), subtype 0, changed to false
Config CONFIGURATION_PLAYER, Key READY_STATUS (0xa4bd04b1), subtype 1, changed to false
Config CONFIGURATION_PLAYER, Key READY_STATUS (0xa4bd04b1), subtype 2, changed to false
Config CONFIGURATION_PLAYER, Key READY_STATUS (0xa4bd04b1), subtype 3, changed to false
Config CONFIGURATION_PLAYER, Key READY_STATUS (0xa4bd04b1), subtype 4, changed to false
Config CONFIGURATION_PLAYER, Key NETWORK_NAME (0x8e72249a), subtype 1, changed to ZYL@76561199003168956
Config CONFIGURATION_PLAYER, Key NICK_NAME (0xdab96bfd), subtype 1, changed to ZYL
Config CONFIGURATION_PLAYER, Key CIVILIZATION_LEVEL_TYPE_NAME (0xca55abbe), subtype 1, changed to CIVILIZATION_LEVEL_FULL_CIV
Config CONFIGURATION_PLAYER, Key MOD_READY_STATUS (0xfc7b1f66), subtype 2, changed to false
Config CONFIGURATION_PLAYER, Key NETWORK_NAME (0x8e72249a), subtype 2, changed to 骆驼来了，你马没了@76561199021996474
Config CONFIGURATION_PLAYER, Key NICK_NAME (0xdab96bfd), subtype 2, changed to 骆驼来了，你马没了
Config CONFIGURATION_PLAYER, Key CIVILIZATION_LEVEL_TYPE_NAME (0xca55abbe), subtype 2, changed to CIVILIZATION_LEVEL_FULL_CIV
Config CONFIGURATION_PLAYER, Key MOD_READY_STATUS (0xfc7b1f66), subtype 0, changed to false
Config CONFIGURATION_PLAYER, Key NETWORK_NAME (0x8e72249a), subtype 0, changed to 咕咕二世@76561198162178797
Config CONFIGURATION_PLAYER, Key NICK_NAME (0xdab96bfd), subtype 0, changed to 咕咕二世
Config CONFIGURATION_PLAYER, Key CIVILIZATION_LEVEL_TYPE_NAME (0xca55abbe), subtype 0, changed to CIVILIZATION_LEVEL_FULL_CIV
Config CONFIGURATION_PLAYER, Key SLOT_STATUS (0xce42b995), subtype 4, changed to 1
Config CONFIGURATION_PLAYER, Key READY_STATUS (0xa4bd04b1), subtype 1, changed to true
Config CONFIGURATION_PLAYER, Key MOD_READY_STATUS (0xfc7b1f66), subtype 3, changed to false
Config CONFIGURATION_PLAYER, Key NETWORK_NAME (0x8e72249a), subtype 3, changed to longyizhu@76561198931045205
Config CONFIGURATION_PLAYER, Key NICK_NAME (0xdab96bfd), subtype 3, changed to longyizhu
Config CONFIGURATION_PLAYER, Key CIVILIZATION_LEVEL_TYPE_NAME (0xca55abbe), subtype 3, changed to CIVILIZATION_LEVEL_FULL_CIV
Config CONFIGURATION_UNKNOWN, Key PLAYER_33 (0x012727cc), subtype 0, changed to false
Config CONFIGURATION_UNKNOWN, Key PLAYER_37 (0x064ae3d5), subtype 0, changed to false
Config CONFIGURATION_UNKNOWN, Key PLAYER_62 (0x0b57e31f), subtype 0, changed to false
Config CONFIGURATION_UNKNOWN, Key PLAYER_1 (0x1258ab5e), subtype 0, changed to false
Config CONFIGURATION_UNKNOWN, Key PLAYER_5 (0x15356f47), subtype 0, changed to false
Config CONFIGURATION_UNKNOWN, Key PLAYER_23 (0x183c168d), subtype 0, changed to false
Config CONFIGURATION_UNKNOWN, Key PLAYER_9 (0x1c83236c), subtype 0, changed to false
Config CONFIGURATION_UNKNOWN, Key PLAYER_27 (0x1f51d294), subtype 0, changed to false
Config CONFIGURATION_UNKNOWN, Key PLAYER_52 (0x207ab0dc), subtype 0, changed to false
Config CONFIGURATION_UNKNOWN, Key PLAYER_56 (0x271774c5), subtype 0, changed to false
Config CONFIGURATION_UNKNOWN, Key PLAYER_13 (0x3311454e), subtype 0, changed to false
Config CONFIGURATION_UNKNOWN, Key PLAYER_17 (0x347c8157), subtype 0, changed to false
Config CONFIGURATION_UNKNOWN, Key PLAYER_42 (0x3961819d), subtype 0, changed to false
Config CONFIGURATION_UNKNOWN, Key PLAYER_46 (0x3e0c4584), subtype 0, changed to false
Config CONFIGURATION_UNKNOWN, Key PLAYER_16 (0x437bb1c1), subtype 0, changed to false
Config CONFIGURATION_UNKNOWN, Key PLAYER_12 (0x441675d8), subtype 0, changed to false
Config CONFIGURATION_UNKNOWN, Key PLAYER_47 (0x490b7512), subtype 0, changed to false
Config CONFIGURATION_UNKNOWN, Key PLAYER_43 (0x4e66b10b), subtype 0, changed to false
Config CONFIGURATION_UNKNOWN, Key PLAYER_57 (0x50104453), subtype 0, changed to false
Config CONFIGURATION_UNKNOWN, Key PLAYER_53 (0x577d804a), subtype 0, changed to false
Config CONFIGURATION_UNKNOWN, Key PLAYER_4 (0x62325fd1), subtype 0, changed to false
Config CONFIGURATION_UNKNOWN, Key PLAYER_0 (0x655f9bc8), subtype 0, changed to false
Config CONFIGURATION_UNKNOWN, Key PLAYER_26 (0x6856e202), subtype 0, changed to false
Config CONFIGURATION_UNKNOWN, Key PLAYER_8 (0x6b8413fa), subtype 0, changed to false
Config CONFIGURATION_UNKNOWN, Key PLAYER_22 (0x6f3b261b), subtype 0, changed to false
Config CONFIGURATION_UNKNOWN, Key PLAYER_36 (0x714dd343), subtype 0, changed to false
Config CONFIGURATION_UNKNOWN, Key PLAYER_32 (0x7620175a), subtype 0, changed to false
Config CONFIGURATION_UNKNOWN, Key PLAYER_63 (0x7c50d389), subtype 0, changed to false
Config CONFIGURATION_UNKNOWN, Key MAP_ROOT (0x7dd11279), subtype 0, changed to false
Config CONFIGURATION_UNKNOWN, Key PLAYER_20 (0x81354737), subtype 0, changed to false
Config CONFIGURATION_UNKNOWN, Key PLAYER_24 (0x8658832e), subtype 0, changed to false
Config CONFIGURATION_UNKNOWN, Key GAME_ROOT (0x871d5b63), subtype 0, changed to false
Config CONFIGURATION_UNKNOWN, Key PLAYER_2 (0x8b51fae4), subtype 0, changed to false
Config CONFIGURATION_UNKNOWN, Key PLAYER_6 (0x8c3c3efd), subtype 0, changed to false
Config CONFIGURATION_UNKNOWN, Key PLAYER_28 (0x8feecf05), subtype 0, changed to false
Config CONFIGURATION_UNKNOWN, Key PLAYER_61 (0x925eb2a5), subtype 0, changed to false
Config CONFIGURATION_UNKNOWN, Key PLAYER_38 (0x96f5fe44), subtype 0, changed to false
Config CONFIGURATION_UNKNOWN, Key PLAYER_30 (0x982e7676), subtype 0, changed to false
Config CONFIGURATION_UNKNOWN, Key PLAYER_34 (0x9f43b26f), subtype 0, changed to false
Config CONFIGURATION_UNKNOWN, Key PLAYER_41 (0xa068d027), subtype 0, changed to false
Config CONFIGURATION_UNKNOWN, Key PLAYER_18 (0xa4c39cc6), subtype 0, changed to false
Config CONFIGURATION_UNKNOWN, Key PLAYER_45 (0xa705143e), subtype 0, changed to false
Config CONFIGURATION_UNKNOWN, Key PLAYER_10 (0xaa1814f4), subtype 0, changed to false
Config CONFIGURATION_UNKNOWN, Key PLAYER_14 (0xad75d0ed), subtype 0, changed to false
Config CONFIGURATION_UNKNOWN, Key PLAYER_49 (0xaeb35815), subtype 0, changed to false
Config CONFIGURATION_UNKNOWN, Key PLAYER_59 (0xb7a86954), subtype 0, changed to false
Config CONFIGURATION_UNKNOWN, Key PLAYER_51 (0xb973e166), subtype 0, changed to false
Config CONFIGURATION_UNKNOWN, Key PLAYER_55 (0xbe1e257f), subtype 0, changed to false
Config CONFIGURATION_UNKNOWN, Key PLAYER_58 (0xc0af59c2), subtype 0, changed to false
Config CONFIGURATION_UNKNOWN, Key PLAYER_54 (0xc91915e9), subtype 0, changed to false
Config CONFIGURATION_UNKNOWN, Key PLAYER_50 (0xce74d1f0), subtype 0, changed to false
Config CONFIGURATION_UNKNOWN, Key PLAYER_44 (0xd00224a8), subtype 0, changed to false
Config CONFIGURATION_UNKNOWN, Key CONFIGURATION_TYPE (0xd08444c1), subtype 0, changed to false
Config Unknown, Key PLAYER_19 (0xd3c4ac50), subtype 0, changed to false
Config Unknown, Key PLAYER_40 (0xd76fe0b1), subtype 0, changed to false
Config Unknown, Key PLAYER_48 (0xd9b46883), subtype 0, changed to false
Config Unknown, Key PLAYER_15 (0xda72e07b), subtype 0, changed to false
Config Unknown, Key PLAYER_11 (0xdd1f2462), subtype 0, changed to false
Config Unknown, Key PLAYER_39 (0xe1f2ced2), subtype 0, changed to false
Config Unknown, Key PLAYER_60 (0xe5598233), subtype 0, changed to false
Config Unknown, Key PLAYER_35 (0xe84482f9), subtype 0, changed to false
Config Unknown, Key PLAYER_31 (0xef2946e0), subtype 0, changed to false
Config Unknown, Key PLAYER_25 (0xf15fb3b8), subtype 0, changed to false
Config Unknown, Key PLAYER_21 (0xf63277a1), subtype 0, changed to false
Config Unknown, Key PLAYER_29 (0xf8e9ff93), subtype 0, changed to false
Config Unknown, Key PLAYER_7 (0xfb3b0e6b), subtype 0, changed to false
Config Unknown, Key PLAYER_3 (0xfc56ca72), subtype 0, changed to false
Config CONFIGURATION_UNKNOWN, Key PLAYER_33 (0x012727cc), subtype 0, changed to false
Config CONFIGURATION_UNKNOWN, Key PLAYER_37 (0x064ae3d5), subtype 0, changed to false
Config CONFIGURATION_UNKNOWN, Key PLAYER_62 (0x0b57e31f), subtype 0, changed to false
Config CONFIGURATION_UNKNOWN, Key PLAYER_1 (0x1258ab5e), subtype 0, changed to false
Config CONFIGURATION_UNKNOWN, Key PLAYER_5 (0x15356f47), subtype 0, changed to false
Config CONFIGURATION_UNKNOWN, Key PLAYER_23 (0x183c168d), subtype 0, changed to false
Config CONFIGURATION_UNKNOWN, Key PLAYER_9 (0x1c83236c), subtype 0, changed to false
Config CONFIGURATION_UNKNOWN, Key PLAYER_27 (0x1f51d294), subtype 0, changed to false
Config CONFIGURATION_UNKNOWN, Key PLAYER_52 (0x207ab0dc), subtype 0, changed to false
Config CONFIGURATION_UNKNOWN, Key PLAYER_56 (0x271774c5), subtype 0, changed to false
Config CONFIGURATION_UNKNOWN, Key PLAYER_13 (0x3311454e), subtype 0, changed to false
Config CONFIGURATION_UNKNOWN, Key PLAYER_17 (0x347c8157), subtype 0, changed to false
Config CONFIGURATION_UNKNOWN, Key PLAYER_42 (0x3961819d), subtype 0, changed to false
Config CONFIGURATION_UNKNOWN, Key PLAYER_46 (0x3e0c4584), subtype 0, changed to false
Config CONFIGURATION_UNKNOWN, Key PLAYER_16 (0x437bb1c1), subtype 0, changed to false
Config CONFIGURATION_UNKNOWN, Key PLAYER_12 (0x441675d8), subtype 0, changed to false
Config CONFIGURATION_UNKNOWN, Key PLAYER_47 (0x490b7512), subtype 0, changed to false
Config CONFIGURATION_UNKNOWN, Key PLAYER_43 (0x4e66b10b), subtype 0, changed to false
Config CONFIGURATION_UNKNOWN, Key PLAYER_57 (0x50104453), subtype 0, changed to false
Config CONFIGURATION_UNKNOWN, Key PLAYER_53 (0x577d804a), subtype 0, changed to false
Config CONFIGURATION_UNKNOWN, Key PLAYER_4 (0x62325fd1), subtype 0, changed to false
Config CONFIGURATION_UNKNOWN, Key PLAYER_0 (0x655f9bc8), subtype 0, changed to false
Config CONFIGURATION_UNKNOWN, Key PLAYER_26 (0x6856e202), subtype 0, changed to false
Config CONFIGURATION_UNKNOWN, Key PLAYER_8 (0x6b8413fa), subtype 0, changed to false
Config CONFIGURATION_UNKNOWN, Key PLAYER_22 (0x6f3b261b), subtype 0, changed to false
Config CONFIGURATION_UNKNOWN, Key PLAYER_36 (0x714dd343), subtype 0, changed to false
Config CONFIGURATION_UNKNOWN, Key PLAYER_32 (0x7620175a), subtype 0, changed to false
Config CONFIGURATION_UNKNOWN, Key PLAYER_63 (0x7c50d389), subtype 0, changed to false
Config CONFIGURATION_UNKNOWN, Key MAP_ROOT (0x7dd11279), subtype 0, changed to false
Config CONFIGURATION_UNKNOWN, Key PLAYER_20 (0x81354737), subtype 0, changed to false
Config CONFIGURATION_UNKNOWN, Key PLAYER_24 (0x8658832e), subtype 0, changed to false
Config CONFIGURATION_UNKNOWN, Key GAME_ROOT (0x871d5b63), subtype 0, changed to false
Config CONFIGURATION_UNKNOWN, Key PLAYER_2 (0x8b51fae4), subtype 0, changed to false
Config CONFIGURATION_UNKNOWN, Key PLAYER_6 (0x8c3c3efd), subtype 0, changed to false
Config CONFIGURATION_UNKNOWN, Key PLAYER_28 (0x8feecf05), subtype 0, changed to false
Config CONFIGURATION_UNKNOWN, Key PLAYER_61 (0x925eb2a5), subtype 0, changed to false
Config CONFIGURATION_UNKNOWN, Key PLAYER_38 (0x96f5fe44), subtype 0, changed to false
Config CONFIGURATION_UNKNOWN, Key PLAYER_30 (0x982e7676), subtype 0, changed to false
Config CONFIGURATION_UNKNOWN, Key PLAYER_34 (0x9f43b26f), subtype 0, changed to false
Config CONFIGURATION_UNKNOWN, Key PLAYER_41 (0xa068d027), subtype 0, changed to false
Config CONFIGURATION_UNKNOWN, Key PLAYER_18 (0xa4c39cc6), subtype 0, changed to false
Config CONFIGURATION_UNKNOWN, Key PLAYER_45 (0xa705143e), subtype 0, changed to false
Config CONFIGURATION_UNKNOWN, Key PLAYER_10 (0xaa1814f4), subtype 0, changed to false
Config CONFIGURATION_UNKNOWN, Key PLAYER_14 (0xad75d0ed), subtype 0, changed to false
Config CONFIGURATION_UNKNOWN, Key PLAYER_49 (0xaeb35815), subtype 0, changed to false
Config CONFIGURATION_UNKNOWN, Key PLAYER_59 (0xb7a86954), subtype 0, changed to false
Config CONFIGURATION_UNKNOWN, Key PLAYER_51 (0xb973e166), subtype 0, changed to false
Config CONFIGURATION_UNKNOWN, Key PLAYER_55 (0xbe1e257f), subtype 0, changed to false
Config CONFIGURATION_UNKNOWN, Key PLAYER_58 (0xc0af59c2), subtype 0, changed to false
Config CONFIGURATION_UNKNOWN, Key PLAYER_54 (0xc91915e9), subtype 0, changed to false
Config CONFIGURATION_UNKNOWN, Key PLAYER_50 (0xce74d1f0), subtype 0, changed to false
Config CONFIGURATION_UNKNOWN, Key PLAYER_44 (0xd00224a8), subtype 0, changed to false
Config CONFIGURATION_UNKNOWN, Key CONFIGURATION_TYPE (0xd08444c1), subtype 0, changed to false
Config Unknown, Key PLAYER_19 (0xd3c4ac50), subtype 0, changed to false
Config Unknown, Key PLAYER_40 (0xd76fe0b1), subtype 0, changed to false
Config Unknown, Key PLAYER_48 (0xd9b46883), subtype 0, changed to false
Config Unknown, Key PLAYER_15 (0xda72e07b), subtype 0, changed to false
Config Unknown, Key PLAYER_11 (0xdd1f2462), subtype 0, changed to false
Config Unknown, Key PLAYER_39 (0xe1f2ced2), subtype 0, changed to false
Config Unknown, Key PLAYER_60 (0xe5598233), subtype 0, changed to false
Config Unknown, Key PLAYER_35 (0xe84482f9), subtype 0, changed to false
Config Unknown, Key PLAYER_31 (0xef2946e0), subtype 0, changed to false
Config Unknown, Key PLAYER_25 (0xf15fb3b8), subtype 0, changed to false
Config Unknown, Key PLAYER_21 (0xf63277a1), subtype 0, changed to false
Config Unknown, Key PLAYER_29 (0xf8e9ff93), subtype 0, changed to false
Config Unknown, Key PLAYER_7 (0xfb3b0e6b), subtype 0, changed to false
Config Unknown, Key PLAYER_3 (0xfc56ca72), subtype 0, changed to false
Config CONFIGURATION_PLAYER, Key BTS_LocalPlayerRunningRotues (0xf17b5a0b), subtype 1, changed to T12:D1:1T9:S12:OriginCityIDD6:327684S12:TraderUnitIDD7:1572869S14:TurnsRemainingD1:9S15:TradePathLengthD1:7S16:OriginCityPlayerD1:1S17:DestinationCityIDD5:65536S21:DestinationCityPlayerD1:1S22:OriginalTurnsRemainingD2:28S8:CacheKeyS16:1_327684_1_65536D1:2T9:S12:OriginCityIDD6:393221S12:TraderUnitIDD7:1703950S14:TurnsRemainingD1:7S15:TradePathLengthD1:6S16:OriginCityPlayerD1:1S17:DestinationCityIDD5:65536S21:DestinationCityPlayerD1:1S22:OriginalTurnsRemainingD2:24S8:CacheKeyS16:1_393221_1_65536D1:3T9:S12:OriginCityIDD6:196610S12:TraderUnitIDD6:851976S14:TurnsRemainingD1:3S15:TradePathLengthD1:8S16:OriginCityPlayerD1:1S17:DestinationCityIDD5:65536S21:DestinationCityPlayerD1:1S22:OriginalTurnsRemainingD2:16S8:CacheKeyS16:1_196610_1_65536D1:4T9:S12:OriginCityIDD6:524295S12:TraderUnitIDD7:2555917S14:TurnsRemainingD2:10S15:TradePathLengthD2:10S16:OriginCityPlayerD1:1S17:DestinationCityIDD5:65536S21:DestinationCityPlayerD1:1S22:OriginalTurnsRemainingD2:20S8:CacheKeyS16:1_524295_1_65536D1:5T9:S12:OriginCityIDD6:458758S12:TraderUnitIDD7:2490385S14:TurnsRemainingD2:12S15:TradePathLengthD2:11S16:OriginCityPlayerD1:1S17:DestinationCityIDD5:65536S21:DestinationCityPlayerD1:1S22:OriginalTurnsRemainingD2:22S8:CacheKeyS16:1_458758_1_65536D1:6T9:S12:OriginCityIDD6:327684S12:TraderUnitIDD7:2752528S14:TurnsRemainingD1:8S15:TradePathLengthD1:8S16:OriginCityPlayerD1:1S17:DestinationCityIDD6:131073S21:DestinationCityPlayerD1:2S22:OriginalTurnsRemainingD2:16S8:CacheKeyS17:1_327684_2_131073D1:7T9:S12:OriginCityIDD6:458758S12:TraderUnitIDD7:3080213S14:TurnsRemainingD2:26S15:TradePathLengthD2:16S16:OriginCityPlayerD1:1S17:DestinationCityIDD6:131073S21:DestinationCityPlayerD1:2S22:OriginalTurnsRemainingD2:32S8:CacheKeyS17:1_458758_2_131073D1:8T9:S12:OriginCityIDD6:262147S12:TraderUnitIDD6:589830S14:TurnsRemainingD2:42S15:TradePathLengthD2:23S16:OriginCityPlayerD1:1S17:DestinationCityIDD6:131073S21:DestinationCityPlayerD1:2S22:OriginalTurnsRemainingD2:46S8:CacheKeyS17:1_262147_2_131073D1:9T9:S12:OriginCityIDD6:393221S12:TraderUnitIDD7:3866650S14:TurnsRemainingD2:22S15:TradePathLengthD2:12S16:OriginCityPlayerD1:1S17:DestinationCityIDD6:131073S21:DestinationCityPlayerD1:2S22:OriginalTurnsRemainingD2:24S8:CacheKeyS17:1_393221_2_131073D2:10T9:S12:OriginCityIDD6:327684S12:TraderUnitIDD7:4063261S14:TurnsRemainingD2:36S15:TradePathLengthD2:19S16:OriginCityPlayerD1:1S17:DestinationCityIDD5:65536S21:DestinationCityPlayerD1:3S22:OriginalTurnsRemainingD2:38S8:CacheKeyS16:1_327684_3_65536D2:11T9:S12:OriginCityIDD6:131073S12:TraderUnitIDD7:3997724S14:TurnsRemainingD2:36S15:TradePathLengthD2:19S16:OriginCityPlayerD1:1S17:DestinationCityIDD6:131073S21:DestinationCityPlayerD1:2S22:OriginalTurnsRemainingD2:38S8:CacheKeyS17:1_131073_2_131073D2:12T9:S12:OriginCityIDD6:393221S12:TraderUnitIDD7:4128798S14:TurnsRemainingD2:58S15:TradePathLengthD2:29S16:OriginCityPlayerD1:1S17:DestinationCityIDD6:327684S21:DestinationCityPlayerD1:0S22:OriginalTurnsRemainingD2:58S8:CacheKeyS17:1_393221_0_327684
Sent GameConfigurationRebuilt
Sent GameConfigurationRebuilt
Sent GameConfigurationRebuilt
Config CONFIGURATION_UNKNOWN, Key PLAYER_33 (0x012727cc), subtype 0, changed to false
Config CONFIGURATION_UNKNOWN, Key PLAYER_37 (0x064ae3d5), subtype 0, changed to false
Config CONFIGURATION_UNKNOWN, Key PLAYER_62 (0x0b57e31f), subtype 0, changed to false
Config CONFIGURATION_UNKNOWN, Key PLAYER_1 (0x1258ab5e), subtype 0, changed to false
Config CONFIGURATION_UNKNOWN, Key PLAYER_5 (0x15356f47), subtype 0, changed to false
Config CONFIGURATION_UNKNOWN, Key PLAYER_23 (0x183c168d), subtype 0, changed to false
Config CONFIGURATION_UNKNOWN, Key PLAYER_9 (0x1c83236c), subtype 0, changed to false
Config CONFIGURATION_UNKNOWN, Key PLAYER_27 (0x1f51d294), subtype 0, changed to false
Config CONFIGURATION_UNKNOWN, Key PLAYER_52 (0x207ab0dc), subtype 0, changed to false
Config CONFIGURATION_UNKNOWN, Key PLAYER_56 (0x271774c5), subtype 0, changed to false
Config CONFIGURATION_UNKNOWN, Key PLAYER_13 (0x3311454e), subtype 0, changed to false
Config CONFIGURATION_UNKNOWN, Key PLAYER_17 (0x347c8157), subtype 0, changed to false
Config CONFIGURATION_UNKNOWN, Key PLAYER_42 (0x3961819d), subtype 0, changed to false
Config CONFIGURATION_UNKNOWN, Key PLAYER_46 (0x3e0c4584), subtype 0, changed to false
Config CONFIGURATION_UNKNOWN, Key PLAYER_16 (0x437bb1c1), subtype 0, changed to false
Config CONFIGURATION_UNKNOWN, Key PLAYER_12 (0x441675d8), subtype 0, changed to false
Config CONFIGURATION_UNKNOWN, Key PLAYER_47 (0x490b7512), subtype 0, changed to false
Config CONFIGURATION_UNKNOWN, Key PLAYER_43 (0x4e66b10b), subtype 0, changed to false
Config CONFIGURATION_UNKNOWN, Key PLAYER_57 (0x50104453), subtype 0, changed to false
Config CONFIGURATION_UNKNOWN, Key PLAYER_53 (0x577d804a), subtype 0, changed to false
Config CONFIGURATION_UNKNOWN, Key PLAYER_4 (0x62325fd1), subtype 0, changed to false
Config CONFIGURATION_UNKNOWN, Key PLAYER_0 (0x655f9bc8), subtype 0, changed to false
Config CONFIGURATION_UNKNOWN, Key PLAYER_26 (0x6856e202), subtype 0, changed to false
Config CONFIGURATION_UNKNOWN, Key PLAYER_8 (0x6b8413fa), subtype 0, changed to false
Config CONFIGURATION_UNKNOWN, Key PLAYER_22 (0x6f3b261b), subtype 0, changed to false
Config CONFIGURATION_UNKNOWN, Key PLAYER_36 (0x714dd343), subtype 0, changed to false
Config CONFIGURATION_UNKNOWN, Key PLAYER_32 (0x7620175a), subtype 0, changed to false
Config CONFIGURATION_UNKNOWN, Key PLAYER_63 (0x7c50d389), subtype 0, changed to false
Config CONFIGURATION_UNKNOWN, Key MAP_ROOT (0x7dd11279), subtype 0, changed to false
Config CONFIGURATION_UNKNOWN, Key PLAYER_20 (0x81354737), subtype 0, changed to false
Config CONFIGURATION_UNKNOWN, Key PLAYER_24 (0x8658832e), subtype 0, changed to false
Config CONFIGURATION_UNKNOWN, Key GAME_ROOT (0x871d5b63), subtype 0, changed to false
Config CONFIGURATION_UNKNOWN, Key PLAYER_2 (0x8b51fae4), subtype 0, changed to false
Config CONFIGURATION_UNKNOWN, Key PLAYER_6 (0x8c3c3efd), subtype 0, changed to false
Config CONFIGURATION_UNKNOWN, Key PLAYER_28 (0x8feecf05), subtype 0, changed to false
Config CONFIGURATION_UNKNOWN, Key PLAYER_61 (0x925eb2a5), subtype 0, changed to false
Config CONFIGURATION_UNKNOWN, Key PLAYER_38 (0x96f5fe44), subtype 0, changed to false
Config CONFIGURATION_UNKNOWN, Key PLAYER_30 (0x982e7676), subtype 0, changed to false
Config CONFIGURATION_UNKNOWN, Key PLAYER_34 (0x9f43b26f), subtype 0, changed to false
Config CONFIGURATION_UNKNOWN, Key PLAYER_41 (0xa068d027), subtype 0, changed to false
Config CONFIGURATION_UNKNOWN, Key PLAYER_18 (0xa4c39cc6), subtype 0, changed to false
Config CONFIGURATION_UNKNOWN, Key PLAYER_45 (0xa705143e), subtype 0, changed to false
Config CONFIGURATION_UNKNOWN, Key PLAYER_10 (0xaa1814f4), subtype 0, changed to false
Config CONFIGURATION_UNKNOWN, Key PLAYER_14 (0xad75d0ed), subtype 0, changed to false
Config CONFIGURATION_UNKNOWN, Key PLAYER_49 (0xaeb35815), subtype 0, changed to false
Config CONFIGURATION_UNKNOWN, Key PLAYER_59 (0xb7a86954), subtype 0, changed to false
Config CONFIGURATION_UNKNOWN, Key PLAYER_51 (0xb973e166), subtype 0, changed to false
Config CONFIGURATION_UNKNOWN, Key PLAYER_55 (0xbe1e257f), subtype 0, changed to false
Config CONFIGURATION_UNKNOWN, Key PLAYER_58 (0xc0af59c2), subtype 0, changed to false
Config CONFIGURATION_UNKNOWN, Key PLAYER_54 (0xc91915e9), subtype 0, changed to false
Config CONFIGURATION_UNKNOWN, Key PLAYER_50 (0xce74d1f0), subtype 0, changed to false
Config CONFIGURATION_UNKNOWN, Key PLAYER_44 (0xd00224a8), subtype 0, changed to false
Config CONFIGURATION_UNKNOWN, Key CONFIGURATION_TYPE (0xd08444c1), subtype 0, changed to false
Config Unknown, Key PLAYER_19 (0xd3c4ac50), subtype 0, changed to false
Config Unknown, Key PLAYER_40 (0xd76fe0b1), subtype 0, changed to false
Config Unknown, Key PLAYER_48 (0xd9b46883), subtype 0, changed to false
Config Unknown, Key PLAYER_15 (0xda72e07b), subtype 0, changed to false
Config Unknown, Key PLAYER_11 (0xdd1f2462), subtype 0, changed to false
Config Unknown, Key PLAYER_39 (0xe1f2ced2), subtype 0, changed to false
Config Unknown, Key PLAYER_60 (0xe5598233), subtype 0, changed to false
Config Unknown, Key PLAYER_35 (0xe84482f9), subtype 0, changed to false
Config Unknown, Key PLAYER_31 (0xef2946e0), subtype 0, changed to false
Config Unknown, Key PLAYER_25 (0xf15fb3b8), subtype 0, changed to false
Config Unknown, Key PLAYER_21 (0xf63277a1), subtype 0, changed to false
Config Unknown, Key PLAYER_29 (0xf8e9ff93), subtype 0, changed to false
Config Unknown, Key PLAYER_7 (0xfb3b0e6b), subtype 0, changed to false
Config Unknown, Key PLAYER_3 (0xfc56ca72), subtype 0, changed to false
Config CONFIGURATION_PLAYER, Key READY_STATUS (0xa4bd04b1), subtype 0, changed to false
Config CONFIGURATION_PLAYER, Key READY_STATUS (0xa4bd04b1), subtype 1, changed to false
Config CONFIGURATION_PLAYER, Key READY_STATUS (0xa4bd04b1), subtype 2, changed to false
Config CONFIGURATION_PLAYER, Key READY_STATUS (0xa4bd04b1), subtype 3, changed to false
Config CONFIGURATION_PLAYER, Key READY_STATUS (0xa4bd04b1), subtype 4, changed to false
Config CONFIGURATION_PLAYER, Key NETWORK_NAME (0x8e72249a), subtype 1, changed to ZYL@76561199003168956
Config CONFIGURATION_PLAYER, Key NICK_NAME (0xdab96bfd), subtype 1, changed to ZYL
Config CONFIGURATION_PLAYER, Key CIVILIZATION_LEVEL_TYPE_NAME (0xca55abbe), subtype 1, changed to CIVILIZATION_LEVEL_FULL_CIV
Config CONFIGURATION_PLAYER, Key SLOT_STATUS (0xce42b995), subtype 4, changed to 1
Config CONFIGURATION_PLAYER, Key MOD_READY_STATUS (0xfc7b1f66), subtype 3, changed to false
Config CONFIGURATION_PLAYER, Key NETWORK_NAME (0x8e72249a), subtype 3, changed to longyizhu@76561198931045205
Config CONFIGURATION_PLAYER, Key NICK_NAME (0xdab96bfd), subtype 3, changed to longyizhu
Config CONFIGURATION_PLAYER, Key CIVILIZATION_LEVEL_TYPE_NAME (0xca55abbe), subtype 3, changed to CIVILIZATION_LEVEL_FULL_CIV
Config CONFIGURATION_PLAYER, Key MOD_READY_STATUS (0xfc7b1f66), subtype 2, changed to false
Config CONFIGURATION_PLAYER, Key NETWORK_NAME (0x8e72249a), subtype 2, changed to 骆驼来了，你马没了@76561199021996474
Config CONFIGURATION_PLAYER, Key NICK_NAME (0xdab96bfd), subtype 2, changed to 骆驼来了，你马没了
Config CONFIGURATION_PLAYER, Key CIVILIZATION_LEVEL_TYPE_NAME (0xca55abbe), subtype 2, changed to CIVILIZATION_LEVEL_FULL_CIV
Config CONFIGURATION_PLAYER, Key MOD_READY_STATUS (0xfc7b1f66), subtype 0, changed to false
Config CONFIGURATION_PLAYER, Key NETWORK_NAME (0x8e72249a), subtype 0, changed to 咕咕二世@76561198162178797
Config CONFIGURATION_PLAYER, Key NICK_NAME (0xdab96bfd), subtype 0, changed to 咕咕二世
Config CONFIGURATION_PLAYER, Key CIVILIZATION_LEVEL_TYPE_NAME (0xca55abbe), subtype 0, changed to CIVILIZATION_LEVEL_FULL_CIV
Config CONFIGURATION_PLAYER, Key READY_STATUS (0xa4bd04b1), subtype 1, changed to true
Config CONFIGURATION_UNKNOWN, Key PLAYER_33 (0x012727cc), subtype 0, changed to false
Config CONFIGURATION_UNKNOWN, Key PLAYER_37 (0x064ae3d5), subtype 0, changed to false
Config CONFIGURATION_UNKNOWN, Key PLAYER_62 (0x0b57e31f), subtype 0, changed to false
Config CONFIGURATION_UNKNOWN, Key PLAYER_1 (0x1258ab5e), subtype 0, changed to false
Config CONFIGURATION_UNKNOWN, Key PLAYER_5 (0x15356f47), subtype 0, changed to false
Config CONFIGURATION_UNKNOWN, Key PLAYER_23 (0x183c168d), subtype 0, changed to false
Config CONFIGURATION_UNKNOWN, Key PLAYER_9 (0x1c83236c), subtype 0, changed to false
Config CONFIGURATION_UNKNOWN, Key PLAYER_27 (0x1f51d294), subtype 0, changed to false
Config CONFIGURATION_UNKNOWN, Key PLAYER_52 (0x207ab0dc), subtype 0, changed to false
Config CONFIGURATION_UNKNOWN, Key PLAYER_56 (0x271774c5), subtype 0, changed to false
Config CONFIGURATION_UNKNOWN, Key PLAYER_13 (0x3311454e), subtype 0, changed to false
Config CONFIGURATION_UNKNOWN, Key PLAYER_17 (0x347c8157), subtype 0, changed to false
Config CONFIGURATION_UNKNOWN, Key PLAYER_42 (0x3961819d), subtype 0, changed to false
Config CONFIGURATION_UNKNOWN, Key PLAYER_46 (0x3e0c4584), subtype 0, changed to false
Config CONFIGURATION_UNKNOWN, Key PLAYER_16 (0x437bb1c1), subtype 0, changed to false
Config CONFIGURATION_UNKNOWN, Key PLAYER_12 (0x441675d8), subtype 0, changed to false
Config CONFIGURATION_UNKNOWN, Key PLAYER_47 (0x490b7512), subtype 0, changed to false
Config CONFIGURATION_UNKNOWN, Key PLAYER_43 (0x4e66b10b), subtype 0, changed to false
Config CONFIGURATION_UNKNOWN, Key PLAYER_57 (0x50104453), subtype 0, changed to false
Config CONFIGURATION_UNKNOWN, Key PLAYER_53 (0x577d804a), subtype 0, changed to false
Config CONFIGURATION_UNKNOWN, Key PLAYER_4 (0x62325fd1), subtype 0, changed to false
Config CONFIGURATION_UNKNOWN, Key PLAYER_0 (0x655f9bc8), subtype 0, changed to false
Config CONFIGURATION_UNKNOWN, Key PLAYER_26 (0x6856e202), subtype 0, changed to false
Config CONFIGURATION_UNKNOWN, Key PLAYER_8 (0x6b8413fa), subtype 0, changed to false
Config CONFIGURATION_UNKNOWN, Key PLAYER_22 (0x6f3b261b), subtype 0, changed to false
Config CONFIGURATION_UNKNOWN, Key PLAYER_36 (0x714dd343), subtype 0, changed to false
Config CONFIGURATION_UNKNOWN, Key PLAYER_32 (0x7620175a), subtype 0, changed to false
Config CONFIGURATION_UNKNOWN, Key PLAYER_63 (0x7c50d389), subtype 0, changed to false
Config CONFIGURATION_UNKNOWN, Key MAP_ROOT (0x7dd11279), subtype 0, changed to false
Config CONFIGURATION_UNKNOWN, Key PLAYER_20 (0x81354737), subtype 0, changed to false
Config CONFIGURATION_UNKNOWN, Key PLAYER_24 (0x8658832e), subtype 0, changed to false
Config CONFIGURATION_UNKNOWN, Key GAME_ROOT (0x871d5b63), subtype 0, changed to false
Config CONFIGURATION_UNKNOWN, Key PLAYER_2 (0x8b51fae4), subtype 0, changed to false
Config CONFIGURATION_UNKNOWN, Key PLAYER_6 (0x8c3c3efd), subtype 0, changed to false
Config CONFIGURATION_UNKNOWN, Key PLAYER_28 (0x8feecf05), subtype 0, changed to false
Config CONFIGURATION_UNKNOWN, Key PLAYER_61 (0x925eb2a5), subtype 0, changed to false
Config CONFIGURATION_UNKNOWN, Key PLAYER_38 (0x96f5fe44), subtype 0, changed to false
Config CONFIGURATION_UNKNOWN, Key PLAYER_30 (0x982e7676), subtype 0, changed to false
Config CONFIGURATION_UNKNOWN, Key PLAYER_34 (0x9f43b26f), subtype 0, changed to false
Config CONFIGURATION_UNKNOWN, Key PLAYER_41 (0xa068d027), subtype 0, changed to false
Config CONFIGURATION_UNKNOWN, Key PLAYER_18 (0xa4c39cc6), subtype 0, changed to false
Config CONFIGURATION_UNKNOWN, Key PLAYER_45 (0xa705143e), subtype 0, changed to false
Config CONFIGURATION_UNKNOWN, Key PLAYER_10 (0xaa1814f4), subtype 0, changed to false
Config CONFIGURATION_UNKNOWN, Key PLAYER_14 (0xad75d0ed), subtype 0, changed to false
Config CONFIGURATION_UNKNOWN, Key PLAYER_49 (0xaeb35815), subtype 0, changed to false
Config CONFIGURATION_UNKNOWN, Key PLAYER_59 (0xb7a86954), subtype 0, changed to false
Config CONFIGURATION_UNKNOWN, Key PLAYER_51 (0xb973e166), subtype 0, changed to false
Config CONFIGURATION_UNKNOWN, Key PLAYER_55 (0xbe1e257f), subtype 0, changed to false
Config CONFIGURATION_UNKNOWN, Key PLAYER_58 (0xc0af59c2), subtype 0, changed to false
Config CONFIGURATION_UNKNOWN, Key PLAYER_54 (0xc91915e9), subtype 0, changed to false
Config CONFIGURATION_UNKNOWN, Key PLAYER_50 (0xce74d1f0), subtype 0, changed to false
Config CONFIGURATION_UNKNOWN, Key PLAYER_44 (0xd00224a8), subtype 0, changed to false
Config CONFIGURATION_UNKNOWN, Key CONFIGURATION_TYPE (0xd08444c1), subtype 0, changed to false
Config Unknown, Key PLAYER_19 (0xd3c4ac50), subtype 0, changed to false
Config Unknown, Key PLAYER_40 (0xd76fe0b1), subtype 0, changed to false
Config Unknown, Key PLAYER_48 (0xd9b46883), subtype 0, changed to false
Config Unknown, Key PLAYER_15 (0xda72e07b), subtype 0, changed to false
Config Unknown, Key PLAYER_11 (0xdd1f2462), subtype 0, changed to false
Config Unknown, Key PLAYER_39 (0xe1f2ced2), subtype 0, changed to false
Config Unknown, Key PLAYER_60 (0xe5598233), subtype 0, changed to false
Config Unknown, Key PLAYER_35 (0xe84482f9), subtype 0, changed to false
Config Unknown, Key PLAYER_31 (0xef2946e0), subtype 0, changed to false
Config Unknown, Key PLAYER_25 (0xf15fb3b8), subtype 0, changed to false
Config Unknown, Key PLAYER_21 (0xf63277a1), subtype 0, changed to false
Config Unknown, Key PLAYER_29 (0xf8e9ff93), subtype 0, changed to false
Config Unknown, Key PLAYER_7 (0xfb3b0e6b), subtype 0, changed to false
Config Unknown, Key PLAYER_3 (0xfc56ca72), subtype 0, changed to false
Config CONFIGURATION_UNKNOWN, Key PLAYER_33 (0x012727cc), subtype 0, changed to false
Config CONFIGURATION_UNKNOWN, Key PLAYER_37 (0x064ae3d5), subtype 0, changed to false
Config CONFIGURATION_UNKNOWN, Key PLAYER_62 (0x0b57e31f), subtype 0, changed to false
Config CONFIGURATION_UNKNOWN, Key PLAYER_1 (0x1258ab5e), subtype 0, changed to false
Config CONFIGURATION_UNKNOWN, Key PLAYER_5 (0x15356f47), subtype 0, changed to false
Config CONFIGURATION_UNKNOWN, Key PLAYER_23 (0x183c168d), subtype 0, changed to false
Config CONFIGURATION_UNKNOWN, Key PLAYER_9 (0x1c83236c), subtype 0, changed to false
Config CONFIGURATION_UNKNOWN, Key PLAYER_27 (0x1f51d294), subtype 0, changed to false
Config CONFIGURATION_UNKNOWN, Key PLAYER_52 (0x207ab0dc), subtype 0, changed to false
Config CONFIGURATION_UNKNOWN, Key PLAYER_56 (0x271774c5), subtype 0, changed to false
Config CONFIGURATION_UNKNOWN, Key PLAYER_13 (0x3311454e), subtype 0, changed to false
Config CONFIGURATION_UNKNOWN, Key PLAYER_17 (0x347c8157), subtype 0, changed to false
Config CONFIGURATION_UNKNOWN, Key PLAYER_42 (0x3961819d), subtype 0, changed to false
Config CONFIGURATION_UNKNOWN, Key PLAYER_46 (0x3e0c4584), subtype 0, changed to false
Config CONFIGURATION_UNKNOWN, Key PLAYER_16 (0x437bb1c1), subtype 0, changed to false
Config CONFIGURATION_UNKNOWN, Key PLAYER_12 (0x441675d8), subtype 0, changed to false
Config CONFIGURATION_UNKNOWN, Key PLAYER_47 (0x490b7512), subtype 0, changed to false
Config CONFIGURATION_UNKNOWN, Key PLAYER_43 (0x4e66b10b), subtype 0, changed to false
Config CONFIGURATION_UNKNOWN, Key PLAYER_57 (0x50104453), subtype 0, changed to false
Config CONFIGURATION_UNKNOWN, Key PLAYER_53 (0x577d804a), subtype 0, changed to false
Config CONFIGURATION_UNKNOWN, Key PLAYER_4 (0x62325fd1), subtype 0, changed to false
Config CONFIGURATION_UNKNOWN, Key PLAYER_0 (0x655f9bc8), subtype 0, changed to false
Config CONFIGURATION_UNKNOWN, Key PLAYER_26 (0x6856e202), subtype 0, changed to false
Config CONFIGURATION_UNKNOWN, Key PLAYER_8 (0x6b8413fa), subtype 0, changed to false
Config CONFIGURATION_UNKNOWN, Key PLAYER_22 (0x6f3b261b), subtype 0, changed to false
Config CONFIGURATION_UNKNOWN, Key PLAYER_36 (0x714dd343), subtype 0, changed to false
Config CONFIGURATION_UNKNOWN, Key PLAYER_32 (0x7620175a), subtype 0, changed to false
Config CONFIGURATION_UNKNOWN, Key PLAYER_63 (0x7c50d389), subtype 0, changed to false
Config CONFIGURATION_UNKNOWN, Key MAP_ROOT (0x7dd11279), subtype 0, changed to false
Config CONFIGURATION_UNKNOWN, Key PLAYER_20 (0x81354737), subtype 0, changed to false
Config CONFIGURATION_UNKNOWN, Key PLAYER_24 (0x8658832e), subtype 0, changed to false
Config CONFIGURATION_UNKNOWN, Key GAME_ROOT (0x871d5b63), subtype 0, changed to false
Config CONFIGURATION_UNKNOWN, Key PLAYER_2 (0x8b51fae4), subtype 0, changed to false
Config CONFIGURATION_UNKNOWN, Key PLAYER_6 (0x8c3c3efd), subtype 0, changed to false
Config CONFIGURATION_UNKNOWN, Key PLAYER_28 (0x8feecf05), subtype 0, changed to false
Config CONFIGURATION_UNKNOWN, Key PLAYER_61 (0x925eb2a5), subtype 0, changed to false
Config CONFIGURATION_UNKNOWN, Key PLAYER_38 (0x96f5fe44), subtype 0, changed to false
Config CONFIGURATION_UNKNOWN, Key PLAYER_30 (0x982e7676), subtype 0, changed to false
Config CONFIGURATION_UNKNOWN, Key PLAYER_34 (0x9f43b26f), subtype 0, changed to false
Config CONFIGURATION_UNKNOWN, Key PLAYER_41 (0xa068d027), subtype 0, changed to false
Config CONFIGURATION_UNKNOWN, Key PLAYER_18 (0xa4c39cc6), subtype 0, changed to false
Config CONFIGURATION_UNKNOWN, Key PLAYER_45 (0xa705143e), subtype 0, changed to false
Config CONFIGURATION_UNKNOWN, Key PLAYER_10 (0xaa1814f4), subtype 0, changed to false
Config CONFIGURATION_UNKNOWN, Key PLAYER_14 (0xad75d0ed), subtype 0, changed to false
Config CONFIGURATION_UNKNOWN, Key PLAYER_49 (0xaeb35815), subtype 0, changed to false
Config CONFIGURATION_UNKNOWN, Key PLAYER_59 (0xb7a86954), subtype 0, changed to false
Config CONFIGURATION_UNKNOWN, Key PLAYER_51 (0xb973e166), subtype 0, changed to false
Config CONFIGURATION_UNKNOWN, Key PLAYER_55 (0xbe1e257f), subtype 0, changed to false
Config CONFIGURATION_UNKNOWN, Key PLAYER_58 (0xc0af59c2), subtype 0, changed to false
Config CONFIGURATION_UNKNOWN, Key PLAYER_54 (0xc91915e9), subtype 0, changed to false
Config CONFIGURATION_UNKNOWN, Key PLAYER_50 (0xce74d1f0), subtype 0, changed to false
Config CONFIGURATION_UNKNOWN, Key PLAYER_44 (0xd00224a8), subtype 0, changed to false
Config CONFIGURATION_UNKNOWN, Key CONFIGURATION_TYPE (0xd08444c1), subtype 0, changed to false
Config Unknown, Key PLAYER_19 (0xd3c4ac50), subtype 0, changed to false
Config Unknown, Key PLAYER_40 (0xd76fe0b1), subtype 0, changed to false
Config Unknown, Key PLAYER_48 (0xd9b46883), subtype 0, changed to false
Config Unknown, Key PLAYER_15 (0xda72e07b), subtype 0, changed to false
Config Unknown, Key PLAYER_11 (0xdd1f2462), subtype 0, changed to false
Config Unknown, Key PLAYER_39 (0xe1f2ced2), subtype 0, changed to false
Config Unknown, Key PLAYER_60 (0xe5598233), subtype 0, changed to false
Config Unknown, Key PLAYER_35 (0xe84482f9), subtype 0, changed to false
Config Unknown, Key PLAYER_31 (0xef2946e0), subtype 0, changed to false
Config Unknown, Key PLAYER_25 (0xf15fb3b8), subtype 0, changed to false
Config Unknown, Key PLAYER_21 (0xf63277a1), subtype 0, changed to false
Config Unknown, Key PLAYER_29 (0xf8e9ff93), subtype 0, changed to false
Config Unknown, Key PLAYER_7 (0xfb3b0e6b), subtype 0, changed to false
Config Unknown, Key PLAYER_3 (0xfc56ca72), subtype 0, changed to false
Config CONFIGURATION_PLAYER, Key BTS_LocalPlayerRunningRotues (0xf17b5a0b), subtype 1, changed to T11:D1:1T9:S12:OriginCityIDD6:327684S12:TraderUnitIDD7:1572869S14:TurnsRemainingD2:10S15:TradePathLengthD1:7S16:OriginCityPlayerD1:1S17:DestinationCityIDD5:65536S21:DestinationCityPlayerD1:1S22:OriginalTurnsRemainingD2:28S8:CacheKeyS16:1_327684_1_65536D1:2T9:S12:OriginCityIDD6:393221S12:TraderUnitIDD7:1703950S14:TurnsRemainingD1:8S15:TradePathLengthD1:6S16:OriginCityPlayerD1:1S17:DestinationCityIDD5:65536S21:DestinationCityPlayerD1:1S22:OriginalTurnsRemainingD2:24S8:CacheKeyS16:1_393221_1_65536D1:3T9:S12:OriginCityIDD6:196610S12:TraderUnitIDD6:851976S14:TurnsRemainingD1:4S15:TradePathLengthD1:8S16:OriginCityPlayerD1:1S17:DestinationCityIDD5:65536S21:DestinationCityPlayerD1:1S22:OriginalTurnsRemainingD2:16S8:CacheKeyS16:1_196610_1_65536D1:4T9:S12:OriginCityIDD6:524295S12:TraderUnitIDD7:2555917S14:TurnsRemainingD2:11S15:TradePathLengthD2:10S16:OriginCityPlayerD1:1S17:DestinationCityIDD5:65536S21:DestinationCityPlayerD1:1S22:OriginalTurnsRemainingD2:20S8:CacheKeyS16:1_524295_1_65536D1:5T9:S12:OriginCityIDD6:458758S12:TraderUnitIDD7:2490385S14:TurnsRemainingD2:13S15:TradePathLengthD2:11S16:OriginCityPlayerD1:1S17:DestinationCityIDD5:65536S21:DestinationCityPlayerD1:1S22:OriginalTurnsRemainingD2:22S8:CacheKeyS16:1_458758_1_65536D1:6T9:S12:OriginCityIDD6:327684S12:TraderUnitIDD7:2752528S14:TurnsRemainingD1:9S15:TradePathLengthD1:8S16:OriginCityPlayerD1:1S17:DestinationCityIDD6:131073S21:DestinationCityPlayerD1:2S22:OriginalTurnsRemainingD2:16S8:CacheKeyS17:1_327684_2_131073D1:7T9:S12:OriginCityIDD6:458758S12:TraderUnitIDD7:3080213S14:TurnsRemainingD2:27S15:TradePathLengthD2:16S16:OriginCityPlayerD1:1S17:DestinationCityIDD6:131073S21:DestinationCityPlayerD1:2S22:OriginalTurnsRemainingD2:32S8:CacheKeyS17:1_458758_2_131073D1:8T9:S12:OriginCityIDD6:262147S12:TraderUnitIDD6:589830S14:TurnsRemainingD2:43S15:TradePathLengthD2:23S16:OriginCityPlayerD1:1S17:DestinationCityIDD6:131073S21:DestinationCityPlayerD1:2S22:OriginalTurnsRemainingD2:46S8:CacheKeyS17:1_262147_2_131073D1:9T9:S12:OriginCityIDD6:393221S12:TraderUnitIDD7:3866650S14:TurnsRemainingD2:23S15:TradePathLengthD2:12S16:OriginCityPlayerD1:1S17:DestinationCityIDD6:131073S21:DestinationCityPlayerD1:2S22:OriginalTurnsRemainingD2:24S8:CacheKeyS17:1_393221_2_131073D2:10T9:S12:OriginCityIDD6:327684S12:TraderUnitIDD7:4063261S14:TurnsRemainingD2:37S15:TradePathLengthD2:19S16:OriginCityPlayerD1:1S17:DestinationCityIDD5:65536S21:DestinationCityPlayerD1:3S22:OriginalTurnsRemainingD2:38S8:CacheKeyS16:1_327684_3_65536D2:11T9:S12:OriginCityIDD6:131073S12:TraderUnitIDD7:3997724S14:TurnsRemainingD2:37S15:TradePathLengthD2:19S16:OriginCityPlayerD1:1S17:DestinationCityIDD6:131073S21:DestinationCityPlayerD1:2S22:OriginalTurnsRemainingD2:38S8:CacheKeyS17:1_131073_2_131073
Config CONFIGURATION_PLAYER, Key BTS_LocalPlayerRunningRotues (0xf17b5a0b), subtype 1, changed to T11:D1:1T9:S12:OriginCityIDD6:327684S12:TraderUnitIDD7:1572869S14:TurnsRemainingD1:9S15:TradePathLengthD1:7S16:OriginCityPlayerD1:1S17:DestinationCityIDD5:65536S21:DestinationCityPlayerD1:1S22:OriginalTurnsRemainingD2:28S8:CacheKeyS16:1_327684_1_65536D1:2T9:S12:OriginCityIDD6:393221S12:TraderUnitIDD7:1703950S14:TurnsRemainingD1:7S15:TradePathLengthD1:6S16:OriginCityPlayerD1:1S17:DestinationCityIDD5:65536S21:DestinationCityPlayerD1:1S22:OriginalTurnsRemainingD2:24S8:CacheKeyS16:1_393221_1_65536D1:3T9:S12:OriginCityIDD6:196610S12:TraderUnitIDD6:851976S14:TurnsRemainingD1:3S15:TradePathLengthD1:8S16:OriginCityPlayerD1:1S17:DestinationCityIDD5:65536S21:DestinationCityPlayerD1:1S22:OriginalTurnsRemainingD2:16S8:CacheKeyS16:1_196610_1_65536D1:4T9:S12:OriginCityIDD6:524295S12:TraderUnitIDD7:2555917S14:TurnsRemainingD2:10S15:TradePathLengthD2:10S16:OriginCityPlayerD1:1S17:DestinationCityIDD5:65536S21:DestinationCityPlayerD1:1S22:OriginalTurnsRemainingD2:20S8:CacheKeyS16:1_524295_1_65536D1:5T9:S12:OriginCityIDD6:458758S12:TraderUnitIDD7:2490385S14:TurnsRemainingD2:12S15:TradePathLengthD2:11S16:OriginCityPlayerD1:1S17:DestinationCityIDD5:65536S21:DestinationCityPlayerD1:1S22:OriginalTurnsRemainingD2:22S8:CacheKeyS16:1_458758_1_65536D1:6T9:S12:OriginCityIDD6:327684S12:TraderUnitIDD7:2752528S14:TurnsRemainingD1:8S15:TradePathLengthD1:8S16:OriginCityPlayerD1:1S17:DestinationCityIDD6:131073S21:DestinationCityPlayerD1:2S22:OriginalTurnsRemainingD2:16S8:CacheKeyS17:1_327684_2_131073D1:7T9:S12:OriginCityIDD6:458758S12:TraderUnitIDD7:3080213S14:TurnsRemainingD2:26S15:TradePathLengthD2:16S16:OriginCityPlayerD1:1S17:DestinationCityIDD6:131073S21:DestinationCityPlayerD1:2S22:OriginalTurnsRemainingD2:32S8:CacheKeyS17:1_458758_2_131073D1:8T9:S12:OriginCityIDD6:262147S12:TraderUnitIDD6:589830S14:TurnsRemainingD2:42S15:TradePathLengthD2:23S16:OriginCityPlayerD1:1S17:DestinationCityIDD6:131073S21:DestinationCityPlayerD1:2S22:OriginalTurnsRemainingD2:46S8:CacheKeyS17:1_262147_2_131073D1:9T9:S12:OriginCityIDD6:393221S12:TraderUnitIDD7:3866650S14:TurnsRemainingD2:22S15:TradePathLengthD2:12S16:OriginCityPlayerD1:1S17:DestinationCityIDD6:131073S21:DestinationCityPlayerD1:2S22:OriginalTurnsRemainingD2:24S8:CacheKeyS17:1_393221_2_131073D2:10T9:S12:OriginCityIDD6:327684S12:TraderUnitIDD7:4063261S14:TurnsRemainingD2:36S15:TradePathLengthD2:19S16:OriginCityPlayerD1:1S17:DestinationCityIDD5:65536S21:DestinationCityPlayerD1:3S22:OriginalTurnsRemainingD2:38S8:CacheKeyS16:1_327684_3_65536D2:11T9:S12:OriginCityIDD6:131073S12:TraderUnitIDD7:3997724S14:TurnsRemainingD2:36S15:TradePathLengthD2:19S16:OriginCityPlayerD1:1S17:DestinationCityIDD6:131073S21:DestinationCityPlayerD1:2S22:OriginalTurnsRemainingD2:38S8:CacheKeyS17:1_131073_2_131073
Config CONFIGURATION_PLAYER, Key BTS_LocalPlayerRunningRotues (0xf17b5a0b), subtype 1, changed to T12:D1:1T9:S12:OriginCityIDD6:327684S12:TraderUnitIDD7:1572869S14:TurnsRemainingD1:9S15:TradePathLengthD1:7S16:OriginCityPlayerD1:1S17:DestinationCityIDD5:65536S21:DestinationCityPlayerD1:1S22:OriginalTurnsRemainingD2:28S8:CacheKeyS16:1_327684_1_65536D1:2T9:S12:OriginCityIDD6:393221S12:TraderUnitIDD7:1703950S14:TurnsRemainingD1:7S15:TradePathLengthD1:6S16:OriginCityPlayerD1:1S17:DestinationCityIDD5:65536S21:DestinationCityPlayerD1:1S22:OriginalTurnsRemainingD2:24S8:CacheKeyS16:1_393221_1_65536D1:3T9:S12:OriginCityIDD6:196610S12:TraderUnitIDD6:851976S14:TurnsRemainingD1:3S15:TradePathLengthD1:8S16:OriginCityPlayerD1:1S17:DestinationCityIDD5:65536S21:DestinationCityPlayerD1:1S22:OriginalTurnsRemainingD2:16S8:CacheKeyS16:1_196610_1_65536D1:4T9:S12:OriginCityIDD6:524295S12:TraderUnitIDD7:2555917S14:TurnsRemainingD2:10S15:TradePathLengthD2:10S16:OriginCityPlayerD1:1S17:DestinationCityIDD5:65536S21:DestinationCityPlayerD1:1S22:OriginalTurnsRemainingD2:20S8:CacheKeyS16:1_524295_1_65536D1:5T9:S12:OriginCityIDD6:458758S12:TraderUnitIDD7:2490385S14:TurnsRemainingD2:12S15:TradePathLengthD2:11S16:OriginCityPlayerD1:1S17:DestinationCityIDD5:65536S21:DestinationCityPlayerD1:1S22:OriginalTurnsRemainingD2:22S8:CacheKeyS16:1_458758_1_65536D1:6T9:S12:OriginCityIDD6:327684S12:TraderUnitIDD7:2752528S14:TurnsRemainingD1:8S15:TradePathLengthD1:8S16:OriginCityPlayerD1:1S17:DestinationCityIDD6:131073S21:DestinationCityPlayerD1:2S22:OriginalTurnsRemainingD2:16S8:CacheKeyS17:1_327684_2_131073D1:7T9:S12:OriginCityIDD6:458758S12:TraderUnitIDD7:3080213S14:TurnsRemainingD2:26S15:TradePathLengthD2:16S16:OriginCityPlayerD1:1S17:DestinationCityIDD6:131073S21:DestinationCityPlayerD1:2S22:OriginalTurnsRemainingD2:32S8:CacheKeyS17:1_458758_2_131073D1:8T9:S12:OriginCityIDD6:262147S12:TraderUnitIDD6:589830S14:TurnsRemainingD2:42S15:TradePathLengthD2:23S16:OriginCityPlayerD1:1S17:DestinationCityIDD6:131073S21:DestinationCityPlayerD1:2S22:OriginalTurnsRemainingD2:46S8:CacheKeyS17:1_262147_2_131073D1:9T9:S12:OriginCityIDD6:393221S12:TraderUnitIDD7:3866650S14:TurnsRemainingD2:22S15:TradePathLengthD2:12S16:OriginCityPlayerD1:1S17:DestinationCityIDD6:131073S21:DestinationCityPlayerD1:2S22:OriginalTurnsRemainingD2:24S8:CacheKeyS17:1_393221_2_131073D2:10T9:S12:OriginCityIDD6:327684S12:TraderUnitIDD7:4063261S14:TurnsRemainingD2:36S15:TradePathLengthD2:19S16:OriginCityPlayerD1:1S17:DestinationCityIDD5:65536S21:DestinationCityPlayerD1:3S22:OriginalTurnsRemainingD2:38S8:CacheKeyS16:1_327684_3_65536D2:11T9:S12:OriginCityIDD6:131073S12:TraderUnitIDD7:3997724S14:TurnsRemainingD2:36S15:TradePathLengthD2:19S16:OriginCityPlayerD1:1S17:DestinationCityIDD6:131073S21:DestinationCityPlayerD1:2S22:OriginalTurnsRemainingD2:38S8:CacheKeyS17:1_131073_2_131073D2:12T9:S12:OriginCityIDD6:393221S12:TraderUnitIDD7:4128798S14:TurnsRemainingD2:58S15:TradePathLengthD2:29S16:OriginCityPlayerD1:1S17:DestinationCityIDD6:327684S21:DestinationCityPlayerD1:0S22:OriginalTurnsRemainingD2:58S8:CacheKeyS17:1_393221_0_327684
Config CONFIGURATION_PLAYER, Key BTS_LocalPlayerRunningRotues (0xf17b5a0b), subtype 1, changed to T12:D1:1T9:S12:OriginCityIDD6:327684S12:TraderUnitIDD7:1572869S14:TurnsRemainingD1:8S15:TradePathLengthD1:7S16:OriginCityPlayerD1:1S17:DestinationCityIDD5:65536S21:DestinationCityPlayerD1:1S22:OriginalTurnsRemainingD2:28S8:CacheKeyS16:1_327684_1_65536D1:2T9:S12:OriginCityIDD6:393221S12:TraderUnitIDD7:1703950S14:TurnsRemainingD1:6S15:TradePathLengthD1:6S16:OriginCityPlayerD1:1S17:DestinationCityIDD5:65536S21:DestinationCityPlayerD1:1S22:OriginalTurnsRemainingD2:24S8:CacheKeyS16:1_393221_1_65536D1:3T9:S12:OriginCityIDD6:196610S12:TraderUnitIDD6:851976S14:TurnsRemainingD1:2S15:TradePathLengthD1:8S16:OriginCityPlayerD1:1S17:DestinationCityIDD5:65536S21:DestinationCityPlayerD1:1S22:OriginalTurnsRemainingD2:16S8:CacheKeyS16:1_196610_1_65536D1:4T9:S12:OriginCityIDD6:524295S12:TraderUnitIDD7:2555917S14:TurnsRemainingD1:9S15:TradePathLengthD2:10S16:OriginCityPlayerD1:1S17:DestinationCityIDD5:65536S21:DestinationCityPlayerD1:1S22:OriginalTurnsRemainingD2:20S8:CacheKeyS16:1_524295_1_65536D1:5T9:S12:OriginCityIDD6:458758S12:TraderUnitIDD7:2490385S14:TurnsRemainingD2:11S15:TradePathLengthD2:11S16:OriginCityPlayerD1:1S17:DestinationCityIDD5:65536S21:DestinationCityPlayerD1:1S22:OriginalTurnsRemainingD2:22S8:CacheKeyS16:1_458758_1_65536D1:6T9:S12:OriginCityIDD6:327684S12:TraderUnitIDD7:2752528S14:TurnsRemainingD1:7S15:TradePathLengthD1:8S16:OriginCityPlayerD1:1S17:DestinationCityIDD6:131073S21:DestinationCityPlayerD1:2S22:OriginalTurnsRemainingD2:16S8:CacheKeyS17:1_327684_2_131073D1:7T9:S12:OriginCityIDD6:458758S12:TraderUnitIDD7:3080213S14:TurnsRemainingD2:25S15:TradePathLengthD2:16S16:OriginCityPlayerD1:1S17:DestinationCityIDD6:131073S21:DestinationCityPlayerD1:2S22:OriginalTurnsRemainingD2:32S8:CacheKeyS17:1_458758_2_131073D1:8T9:S12:OriginCityIDD6:262147S12:TraderUnitIDD6:589830S14:TurnsRemainingD2:41S15:TradePathLengthD2:23S16:OriginCityPlayerD1:1S17:DestinationCityIDD6:131073S21:DestinationCityPlayerD1:2S22:OriginalTurnsRemainingD2:46S8:CacheKeyS17:1_262147_2_131073D1:9T9:S12:OriginCityIDD6:393221S12:TraderUnitIDD7:3866650S14:TurnsRemainingD2:21S15:TradePathLengthD2:12S16:OriginCityPlayerD1:1S17:DestinationCityIDD6:131073S21:DestinationCityPlayerD1:2S22:OriginalTurnsRemainingD2:24S8:CacheKeyS17:1_393221_2_131073D2:10T9:S12:OriginCityIDD6:327684S12:TraderUnitIDD7:4063261S14:TurnsRemainingD2:35S15:TradePathLengthD2:19S16:OriginCityPlayerD1:1S17:DestinationCityIDD5:65536S21:DestinationCityPlayerD1:3S22:OriginalTurnsRemainingD2:38S8:CacheKeyS16:1_327684_3_65536D2:11T9:S12:OriginCityIDD6:131073S12:TraderUnitIDD7:3997724S14:TurnsRemainingD2:35S15:TradePathLengthD2:19S16:OriginCityPlayerD1:1S17:DestinationCityIDD6:131073S21:DestinationCityPlayerD1:2S22:OriginalTurnsRemainingD2:38S8:CacheKeyS17:1_131073_2_131073D2:12T9:S12:OriginCityIDD6:393221S12:TraderUnitIDD7:4128798S14:TurnsRemainingD2:57S15:TradePathLengthD2:29S16:OriginCityPlayerD1:1S17:DestinationCityIDD6:327684S21:DestinationCityPlayerD1:0S22:OriginalTurnsRemainingD2:58S8:CacheKeyS17:1_393221_0_327684
Config CONFIGURATION_PLAYER, Key MOD_READY_STATUS (0xfc7b1f66), subtype 4, changed to false
Config CONFIGURATION_PLAYER, Key NETWORK_NAME (0x8e72249a), subtype 4, changed to longyizhu@76561198931045205
Config CONFIGURATION_PLAYER, Key NICK_NAME (0xdab96bfd), subtype 4, changed to longyizhu
Config CONFIGURATION_PLAYER, Key WANTS_PAUSE (0x7ab021cb), subtype 1, changed to true
Config CONFIGURATION_PLAYER, Key NETWORK_NAME (0x8e72249a), subtype 4, changed to longyizhu@76561198931045205
Config CONFIGURATION_PLAYER, Key NICK_NAME (0xdab96bfd), subtype 4, changed to longyizhu
Config CONFIGURATION_PLAYER, Key NETWORK_NAME (0x8e72249a), subtype 4, changed to longyizhu@76561198931045205
Config CONFIGURATION_PLAYER, Key NICK_NAME (0xdab96bfd), subtype 4, changed to longyizhu
