Game Turn, Mode, Player, Unit, Operation
Unit operation handler f4921fdc, is disabled
Unit operation handler a92585ad, is disabled
Unit operation handler 6e290af6, is disabled
Unit operation handler 8c676517, is disabled
039, Adding, 4, UNIT_VAMPIRE (196608), UNITOPERATION_SKIP_TURN (36)
039, Adding, 4, UNIT_BUILDER (2555924), UNITOPERATION_MOVE_TO (19)
039, Adding, 4, UNIT_BUILDER (2555924), UNITOPERATION_BUILD_IMPROVEMENT (2)
039, Adding, 0, UNIT_EGYPTIAN_CHARIOT_ARCHER (917512), UNITOPERATION_FORTIFY (12)
039, Adding, 0, UNIT_EGYPTIAN_CHARIOT_ARCHER (1572871), UNITOPERATION_MOVE_TO (19)
039, Adding, 0, UNIT_EGYPTIAN_CHARIOT_ARCHER (1572871), UNITOPERATION_FORTIFY (12)
039, Adding, 4, UNIT_BUILDER (2359301), UNITOPERATION_MOVE_TO (19)
039, Adding, 4, UNIT_BUILDER (2359301), UNITOPERATION_BUILD_IMPROVEMENT (2)
039, Adding, 0, UNIT_SETTLER (1376261), UNITOPERATION_FOUND_CITY (14)
039, Adding, 0, UNIT_BUILDER (1769486), UNITOPERATION_MOVE_TO (19)
039, Adding, 0, UNIT_BUILDER (1769486), UNITOPERATION_BUILD_IMPROVEMENT (2)
039, Adding, 0, UNIT_BUILDER (1769486), UNITOPERATION_MOVE_TO (19)
039, Adding, 4, UNIT_SETTLER (2490378), UNITOPERATION_MOVE_TO (19)
039, Adding, 4, UNIT_SETTLER (2490378), UNITOPERATION_FOUND_CITY (14)
039, Adding, 4, UNIT_SETTLER (2621461), UNITOPERATION_FOUND_CITY (14)
039, Adding, 4, UNIT_BUILDER (2883606), UNITOPERATION_MOVE_TO (19)
039, Adding, 4, UNIT_BUILDER (2883606), UNITOPERATION_BUILD_IMPROVEMENT (2)
039, Adding, 4, UNIT_BUILDER (2752520), UNITOPERATION_REMOVE_FEATURE (28)
039, Adding, 4, UNIT_BUILDER (2818059), UNITOPERATION_MOVE_TO (19)
039, Adding, 4, UNIT_BUILDER (2818059), UNITOPERATION_BUILD_IMPROVEMENT (2)
039, Adding, 4, UNIT_SCOUT (393220), UNITOPERATION_MOVE_TO (19)
039, Adding, 4, UNIT_SETTLER (2686990), UNITOPERATION_MOVE_TO (19)
039, Adding, 4, UNIT_BUILDER (2424834), UNITOPERATION_REMOVE_FEATURE (28)
039, Adding, 4, UNIT_WARRIOR (131073), UNITOPERATION_MOVE_TO (19)
039, Adding, 4, UNIT_WARRIOR (131073), UNITOPERATION_MOVE_TO (19)
040, Adding, 5, UNIT_TRADER (1245184), UNITOPERATION_MAKE_TRADE_ROUTE (18)
040, Can't Start, 5, UNIT_TRADER (1245184), UNITOPERATION_MAKE_TRADE_ROUTE (18)
040, Adding, 5, UNIT_MACEDONIAN_HETAIROI (2293786), UNITOPERATION_MOVE_TO (19)
040, Can't Start, 5, UNIT_MACEDONIAN_HETAIROI (2293786), UNITOPERATION_MOVE_TO (19)
040, Adding, 5, UNIT_SCOUT (262147), UNITOPERATION_SWAP_UNITS (49)
040, Can't Start, 5, UNIT_SCOUT (262147), UNITOPERATION_SWAP_UNITS (49)
040, Adding, 5, UNIT_SCOUT (262147), UNITOPERATION_MOVE_TO (19)
040, Adding, 5, UNIT_ARCHER (1376272), UNITOPERATION_SWAP_UNITS (49)
040, Can't Start, 5, UNIT_ARCHER (1376272), UNITOPERATION_SWAP_UNITS (49)
040, Adding, 5, UNIT_ARCHER (1376272), UNITOPERATION_MOVE_TO (19)
040, Adding, 5, UNIT_SKIRMISHER (3407892), UNITOPERATION_MOVE_TO (19)
040, Adding, 5, UNIT_MACEDONIAN_HETAIROI (3014660), UNITOPERATION_MOVE_TO (19)
040, Adding, 5, UNIT_MACEDONIAN_HYPASPIST (2883589), UNITOPERATION_MOVE_TO (19)
040, Adding, 5, UNIT_VAMPIRE (655367), UNITOPERATION_MOVE_TO (19)
040, Adding, 5, UNIT_MACEDONIAN_HETAIROI (2031624), UNITOPERATION_MOVE_TO (19)
040, Adding, 5, UNIT_MACEDONIAN_HYPASPIST (2949130), UNITOPERATION_MOVE_TO (19)
040, Adding, 5, UNIT_MACEDONIAN_HETAIROI (2097163), UNITOPERATION_MOVE_TO (19)
040, Adding, 5, UNIT_MACEDONIAN_HETAIROI (2555916), UNITOPERATION_MOVE_TO (19)
040, Adding, 5, UNIT_MACEDONIAN_HYPASPIST (2490383), UNITOPERATION_MOVE_TO (19)
040, Adding, 5, UNIT_MACEDONIAN_HETAIROI (1769493), UNITOPERATION_MOVE_TO (19)
040, Adding, 5, UNIT_MACEDONIAN_HETAIROI (1900567), UNITOPERATION_MOVE_TO (19)
040, Adding, 5, UNIT_MACEDONIAN_HETAIROI (1966104), UNITOPERATION_MOVE_TO (19)
040, Adding, 5, UNIT_MACEDONIAN_HETAIROI (2228249), UNITOPERATION_MOVE_TO (19)
040, Adding, 5, UNIT_MACEDONIAN_HYPASPIST (2687003), UNITOPERATION_MOVE_TO (19)
040, Adding, 5, UNIT_CROSSBOWMAN (3342365), UNITOPERATION_MOVE_TO (19)
040, Adding, 5, UNIT_MISSIONARY (2621441), UNITOPERATION_MOVE_TO (19)
040, Adding, 5, UNIT_MISSIONARY (3276806), UNITOPERATION_MOVE_TO (19)
040, Adding, 5, UNIT_MISSIONARY (2359305), UNITOPERATION_MOVE_TO (19)
040, Adding, 5, UNIT_MISSIONARY (2424850), UNITOPERATION_MOVE_TO (19)
040, Adding, 5, UNIT_MISSIONARY (3080222), UNITOPERATION_MOVE_TO (19)
040, Adding, 5, UNIT_BUILDER (1835030), UNITOPERATION_MOVE_TO (19)
040, Adding, 5, UNIT_BUILDER (1835030), UNITOPERATION_MOVE_TO (19)
040, Adding, 5, UNIT_BUILDER (2752540), UNITOPERATION_MOVE_TO (19)
040, Adding, 5, UNIT_SKIRMISHER (3211278), UNITOPERATION_MOVE_TO (19)
040, Adding, 5, UNIT_SKIRMISHER (3145759), UNITOPERATION_MOVE_TO (19)
040, Adding, 5, UNIT_SKIRMISHER (3211278), UNITOPERATION_SKIP_TURN (36)
040, Adding, 5, UNIT_SKIRMISHER (3145759), UNITOPERATION_SKIP_TURN (36)
040, Adding, 5, UNIT_BUILDER (3473440), UNITOPERATION_SKIP_TURN (36)
040, Can't Start, 5, UNIT_TRADER (1245184), UNITOPERATION_MAKE_TRADE_ROUTE (18)
040, Adding, 6, UNIT_SETTLER (4522000), UNITOPERATION_MOVE_TO (19)
040, Adding, 6, UNIT_SWORDSMAN (4128779), UNITOPERATION_MOVE_TO (19)
040, Adding, 6, UNIT_WARRIOR (1835030), UNITOPERATION_MOVE_TO (19)
040, Adding, 6, UNIT_SCOUT (262147), UNITOPERATION_SWAP_UNITS (49)
040, Can't Start, 6, UNIT_SCOUT (262147), UNITOPERATION_SWAP_UNITS (49)
040, Adding, 6, UNIT_SCOUT (262147), UNITOPERATION_MOVE_TO (19)
040, Adding, 6, UNIT_BUILDER (3670036), UNITOPERATION_SWAP_UNITS (49)
040, Can't Start, 6, UNIT_BUILDER (3670036), UNITOPERATION_SWAP_UNITS (49)
040, Adding, 6, UNIT_BUILDER (3670036), UNITOPERATION_MOVE_TO (19)
040, Adding, 6, UNIT_BUILDER (3670036), UNITOPERATION_BUILD_IMPROVEMENT (2)
040, Adding, 6, UNIT_BUILDER (3276835), UNITOPERATION_SWAP_UNITS (49)
040, Can't Start, 6, UNIT_BUILDER (3276835), UNITOPERATION_SWAP_UNITS (49)
040, Adding, 6, UNIT_BUILDER (3276835), UNITOPERATION_MOVE_TO (19)
040, Adding, 6, UNIT_BUILDER (3276835), UNITOPERATION_REMOVE_FEATURE (28)
040, Adding, 6, UNIT_BUILDER (3604518), UNITOPERATION_BUILD_IMPROVEMENT (2)
040, Adding, 6, UNIT_BUILDER (4259874), UNITOPERATION_SWAP_UNITS (49)
040, Can't Start, 6, UNIT_BUILDER (4259874), UNITOPERATION_SWAP_UNITS (49)
040, Adding, 6, UNIT_BUILDER (4259874), UNITOPERATION_MOVE_TO (19)
040, Adding, 6, UNIT_SKIRMISHER (4063245), UNITOPERATION_MOVE_TO (19)
040, Adding, 6, UNIT_SWORDSMAN (3932201), UNITOPERATION_FORTIFY (12)
040, Can't Start, 6, UNIT_SWORDSMAN (3932201), UNITOPERATION_FORTIFY (12)
040, Adding, 6, UNIT_SWORDSMAN (4456450), UNITOPERATION_MOVE_TO (19)
040, Adding, 6, UNIT_SWORDSMAN (2818054), UNITOPERATION_MOVE_TO (19)
040, Can't Start, 6, UNIT_SWORDSMAN (2818054), UNITOPERATION_MOVE_TO (19)
040, Adding, 6, UNIT_SWORDSMAN (2686985), UNITOPERATION_MOVE_TO (19)
040, Can't Start, 6, UNIT_SWORDSMAN (2686985), UNITOPERATION_MOVE_TO (19)
040, Adding, 6, UNIT_SWORDSMAN (4587534), UNITOPERATION_MOVE_TO (19)
040, Adding, 6, UNIT_CATAPULT (2621457), UNITOPERATION_MOVE_TO (19)
040, Adding, 6, UNIT_SWORDSMAN (4718610), UNITOPERATION_MOVE_TO (19)
040, Adding, 6, UNIT_CROSSBOWMAN (4784149), UNITOPERATION_MOVE_TO (19)
040, Adding, 6, UNIT_HEAVY_CHARIOT (2359322), UNITOPERATION_MOVE_TO (19)
040, Adding, 6, UNIT_CATAPULT (2490396), UNITOPERATION_MOVE_TO (19)
040, Adding, 6, UNIT_SWORDSMAN (2752542), UNITOPERATION_MOVE_TO (19)
040, Adding, 6, UNIT_SWORDSMAN (3145761), UNITOPERATION_MOVE_TO (19)
040, Adding, 6, UNIT_SWORDSMAN (3866664), UNITOPERATION_MOVE_TO (19)
040, Adding, 6, UNIT_MISSIONARY (3735557), UNITOPERATION_MOVE_TO (19)
040, Adding, 6, UNIT_MISSIONARY (3735557), UNITOPERATION_REMOVE_HERESY (29)
040, Can't Start, 6, UNIT_MISSIONARY (3735557), UNITOPERATION_REMOVE_HERESY (29)
040, Adding, 6, UNIT_MISSIONARY (2031623), UNITOPERATION_MOVE_TO (19)
040, Adding, 6, UNIT_TAOIST (786440), UNITOPERATION_MOVE_TO (19)
040, Adding, 6, UNIT_MISSIONARY (1900556), UNITOPERATION_MOVE_TO (19)
040, Adding, 6, UNIT_MISSIONARY (2162711), UNITOPERATION_MOVE_TO (19)
040, Adding, 6, UNIT_MISSIONARY (2293785), UNITOPERATION_MOVE_TO (19)
040, Adding, 6, UNIT_MISSIONARY (2424859), UNITOPERATION_MOVE_TO (19)
040, Adding, 6, UNIT_MISSIONARY (2424859), UNITOPERATION_SPREAD_RELIGION (38)
040, Adding, 6, UNIT_MISSIONARY (2555933), UNITOPERATION_MOVE_TO (19)
040, Adding, 6, UNIT_MISSIONARY (2883615), UNITOPERATION_MOVE_TO (19)
040, Adding, 6, UNIT_MISSIONARY (3342372), UNITOPERATION_MOVE_TO (19)
040, Adding, 6, UNIT_SKIRMISHER (3473440), UNITOPERATION_MOVE_TO (19)
040, Adding, 6, UNIT_SKIRMISHER (3473440), UNITOPERATION_MOVE_TO (19)
040, Adding, 6, UNIT_SKIRMISHER (3997738), UNITOPERATION_MOVE_TO (19)
040, Adding, 6, UNIT_SKIRMISHER (4194308), UNITOPERATION_MOVE_TO (19)
040, Adding, 6, UNIT_SKIRMISHER (4390927), UNITOPERATION_MOVE_TO (19)
040, Adding, 6, UNIT_SKIRMISHER (3407909), UNITOPERATION_MOVE_TO (19)
040, Adding, 6, UNIT_SKIRMISHER (3801127), UNITOPERATION_MOVE_TO (19)
040, Adding, 6, UNIT_SKIRMISHER (4194308), UNITOPERATION_SKIP_TURN (36)
040, Adding, 6, UNIT_SKIRMISHER (4390927), UNITOPERATION_SKIP_TURN (36)
040, Adding, 6, UNIT_SKIRMISHER (3407909), UNITOPERATION_SKIP_TURN (36)
040, Adding, 6, UNIT_SKIRMISHER (3801127), UNITOPERATION_SKIP_TURN (36)
040, Can't Start, 6, UNIT_MISSIONARY (3735557), UNITOPERATION_REMOVE_HERESY (29)
040, Adding, 7, UNIT_SWORDSMAN (3342355), UNITOPERATION_MOVE_TO (19)
040, Adding, 7, UNIT_SETTLER (4128794), UNITOPERATION_MOVE_TO (19)
040, Adding, 7, UNIT_WARRIOR (1835031), UNITOPERATION_MOVE_TO (19)
040, Can't Start, 7, UNIT_WARRIOR (1835031), UNITOPERATION_MOVE_TO (19)
040, Adding, 7, UNIT_SKIRMISHER (3407907), UNITOPERATION_MOVE_TO (19)
040, Can't Start, 7, UNIT_SKIRMISHER (3407907), UNITOPERATION_MOVE_TO (19)
040, Adding, 7, UNIT_SWORDSMAN (3801104), UNITOPERATION_MOVE_TO (19)
040, Can't Start, 7, UNIT_SWORDSMAN (3801104), UNITOPERATION_MOVE_TO (19)
040, Adding, 7, UNIT_WARRIOR (1900568), UNITOPERATION_MOVE_TO (19)
040, Adding, 7, UNIT_SWORDSMAN (4063235), UNITOPERATION_MOVE_TO (19)
040, Adding, 7, UNIT_CATAPULT (4456488), UNITOPERATION_MOVE_TO (19)
040, Adding, 7, UNIT_SWORDSMAN (3473444), UNITOPERATION_MOVE_TO (19)
040, Adding, 7, UNIT_SKIRMISHER (3670036), UNITOPERATION_MOVE_TO (19)
040, Adding, 7, UNIT_SWORDSMAN (2490398), UNITOPERATION_MOVE_TO (19)
040, Adding, 7, UNIT_SWORDSMAN (3211279), UNITOPERATION_MOVE_TO (19)
040, Adding, 7, UNIT_SKIRMISHER (3932181), UNITOPERATION_MOVE_TO (19)
040, Adding, 7, UNIT_SWORDSMAN (3080201), UNITOPERATION_MOVE_TO (19)
040, Adding, 7, UNIT_WARRIOR (131073), UNITOPERATION_SWAP_UNITS (49)
040, Can't Start, 7, UNIT_WARRIOR (131073), UNITOPERATION_SWAP_UNITS (49)
040, Adding, 7, UNIT_WARRIOR (131073), UNITOPERATION_MOVE_TO (19)
040, Adding, 7, UNIT_SCOUT (589826), UNITOPERATION_SWAP_UNITS (49)
040, Can't Start, 7, UNIT_SCOUT (589826), UNITOPERATION_SWAP_UNITS (49)
040, Adding, 7, UNIT_SCOUT (589826), UNITOPERATION_MOVE_TO (19)
040, Adding, 7, UNIT_SCOUT (393220), UNITOPERATION_SWAP_UNITS (49)
040, Can't Start, 7, UNIT_SCOUT (393220), UNITOPERATION_SWAP_UNITS (49)
040, Adding, 7, UNIT_SCOUT (393220), UNITOPERATION_MOVE_TO (19)
040, Adding, 7, UNIT_WARRIOR (1376261), UNITOPERATION_SWAP_UNITS (49)
040, Can't Start, 7, UNIT_WARRIOR (1376261), UNITOPERATION_SWAP_UNITS (49)
040, Adding, 7, UNIT_WARRIOR (1376261), UNITOPERATION_MOVE_TO (19)
040, Adding, 7, UNIT_WARRIOR (655367), UNITOPERATION_SWAP_UNITS (49)
040, Can't Start, 7, UNIT_WARRIOR (655367), UNITOPERATION_SWAP_UNITS (49)
040, Adding, 7, UNIT_WARRIOR (655367), UNITOPERATION_MOVE_TO (19)
040, Adding, 7, UNIT_WARRIOR (1048588), UNITOPERATION_SWAP_UNITS (49)
040, Can't Start, 7, UNIT_WARRIOR (1048588), UNITOPERATION_SWAP_UNITS (49)
040, Adding, 7, UNIT_WARRIOR (1048588), UNITOPERATION_MOVE_TO (19)
040, Adding, 7, UNIT_BUILDER (4390920), UNITOPERATION_SWAP_UNITS (49)
040, Can't Start, 7, UNIT_BUILDER (4390920), UNITOPERATION_SWAP_UNITS (49)
040, Adding, 7, UNIT_BUILDER (4390920), UNITOPERATION_MOVE_TO (19)
040, Adding, 7, UNIT_BUILDER (4194342), UNITOPERATION_SWAP_UNITS (49)
040, Can't Start, 7, UNIT_BUILDER (4194342), UNITOPERATION_SWAP_UNITS (49)
040, Adding, 7, UNIT_BUILDER (4194342), UNITOPERATION_MOVE_TO (19)
040, Adding, 7, UNIT_BUILDER (4194342), UNITOPERATION_BUILD_IMPROVEMENT (2)
040, Adding, 7, UNIT_BUILDER (2293788), UNITOPERATION_SWAP_UNITS (49)
040, Can't Start, 7, UNIT_BUILDER (2293788), UNITOPERATION_SWAP_UNITS (49)
040, Adding, 7, UNIT_BUILDER (2293788), UNITOPERATION_MOVE_TO (19)
040, Adding, 7, UNIT_BUILDER (2293788), UNITOPERATION_BUILD_IMPROVEMENT (2)
040, Adding, 7, UNIT_BUILDER (4325403), UNITOPERATION_SWAP_UNITS (49)
040, Can't Start, 7, UNIT_BUILDER (4325403), UNITOPERATION_SWAP_UNITS (49)
040, Adding, 7, UNIT_BUILDER (4325403), UNITOPERATION_MOVE_TO (19)
040, Adding, 7, UNIT_BUILDER (4325403), UNITOPERATION_REMOVE_FEATURE (28)
040, Adding, 7, UNIT_BUILDER (4325403), UNITOPERATION_BUILD_IMPROVEMENT (2)
040, Can't Start, 7, UNIT_BUILDER (4325403), UNITOPERATION_BUILD_IMPROVEMENT (2)
040, Adding, 7, UNIT_SWORDSMAN (4259879), UNITOPERATION_FORTIFY (12)
040, Adding, 7, UNIT_WARRIOR (1769494), UNITOPERATION_MOVE_TO (19)
040, Adding, 7, UNIT_SKIRMISHER (3866661), UNITOPERATION_MOVE_TO (19)
040, Adding, 7, UNIT_SKIRMISHER (3866661), UNITOPERATION_MOVE_TO (19)
040, Adding, 7, UNIT_TAOIST (851968), UNITOPERATION_MOVE_TO (19)
040, Adding, 7, UNIT_SKIRMISHER (3735570), UNITOPERATION_MOVE_TO (19)
040, Adding, 7, UNIT_SKIRMISHER (3538973), UNITOPERATION_MOVE_TO (19)
040, Adding, 7, UNIT_SKIRMISHER (3735570), UNITOPERATION_SKIP_TURN (36)
040, Adding, 7, UNIT_SKIRMISHER (3538973), UNITOPERATION_SKIP_TURN (36)
040, Can't Start, 7, UNIT_BUILDER (4325403), UNITOPERATION_BUILD_IMPROVEMENT (2)
040, Adding, 8, UNIT_TRADER (1048588), UNITOPERATION_MAKE_TRADE_ROUTE (18)
040, Can't Start, 8, UNIT_TRADER (1048588), UNITOPERATION_MAKE_TRADE_ROUTE (18)
040, Adding, 8, UNIT_SETTLER (4194340), UNITOPERATION_MOVE_TO (19)
040, Can't Start, 8, UNIT_SETTLER (4194340), UNITOPERATION_MOVE_TO (19)
040, Adding, 8, UNIT_HORSEMAN (2752528), UNITOPERATION_MOVE_TO (19)
040, Can't Start, 8, UNIT_HORSEMAN (2752528), UNITOPERATION_MOVE_TO (19)
040, Adding, 8, UNIT_CATAPULT (3342336), UNITOPERATION_MOVE_TO (19)
040, Can't Start, 8, UNIT_CATAPULT (3342336), UNITOPERATION_MOVE_TO (19)
040, Adding, 8, UNIT_SETTLER (4194340), UNITOPERATION_FOUND_CITY (14)
040, Adding, 8, UNIT_SCOUT (458757), UNITOPERATION_SWAP_UNITS (49)
040, Can't Start, 8, UNIT_SCOUT (458757), UNITOPERATION_SWAP_UNITS (49)
040, Adding, 8, UNIT_SCOUT (458757), UNITOPERATION_MOVE_TO (19)
040, Adding, 8, UNIT_SCOUT (589831), UNITOPERATION_SWAP_UNITS (49)
040, Can't Start, 8, UNIT_SCOUT (589831), UNITOPERATION_SWAP_UNITS (49)
040, Adding, 8, UNIT_SCOUT (589831), UNITOPERATION_MOVE_TO (19)
040, Adding, 8, UNIT_SCOUT (720904), UNITOPERATION_SWAP_UNITS (49)
040, Can't Start, 8, UNIT_SCOUT (720904), UNITOPERATION_SWAP_UNITS (49)
040, Adding, 8, UNIT_SCOUT (720904), UNITOPERATION_MOVE_TO (19)
040, Adding, 8, UNIT_HORSEMAN (2424853), UNITOPERATION_MOVE_TO (19)
040, Adding, 8, UNIT_ARCHER (1966102), UNITOPERATION_SWAP_UNITS (49)
040, Can't Start, 8, UNIT_ARCHER (1966102), UNITOPERATION_SWAP_UNITS (49)
040, Adding, 8, UNIT_ARCHER (1966102), UNITOPERATION_MOVE_TO (19)
040, Adding, 8, UNIT_SWORDSMAN (3014688), UNITOPERATION_SWAP_UNITS (49)
040, Can't Start, 8, UNIT_SWORDSMAN (3014688), UNITOPERATION_SWAP_UNITS (49)
040, Adding, 8, UNIT_SWORDSMAN (3014688), UNITOPERATION_MOVE_TO (19)
040, Adding, 8, UNIT_ARCHER (1966102), UNITOPERATION_RANGE_ATTACK (26)
040, Adding, 8, UNIT_ARCHER (1966102), UNITOPERATION_MOVE_TO (19)
040, Adding, 8, UNIT_SWORDSMAN (3014688), UNITOPERATION_MOVE_TO (19)
040, Adding, 8, UNIT_SWORDSMAN (3145762), UNITOPERATION_MOVE_TO (19)
040, Adding, 8, UNIT_CATAPULT (3276804), UNITOPERATION_MOVE_TO (19)
040, Adding, 8, UNIT_SWORDSMAN (3080225), UNITOPERATION_MOVE_TO (19)
040, Adding, 8, UNIT_SWORDSMAN (3932199), UNITOPERATION_MOVE_TO (19)
040, Adding, 8, UNIT_SWORDSMAN (4915249), UNITOPERATION_MOVE_TO (19)
040, Adding, 8, UNIT_VIETNAMESE_VOI_CHIEN (5439490), UNITOPERATION_MOVE_TO (19)
040, Adding, 8, UNIT_HORSEMAN (2228250), UNITOPERATION_MOVE_TO (19)
040, Adding, 8, UNIT_HORSEMAN (3604499), UNITOPERATION_MOVE_TO (19)
040, Adding, 8, UNIT_SWORDSMAN (4653103), UNITOPERATION_MOVE_TO (19)
040, Adding, 8, UNIT_WARRIOR (1376271), UNITOPERATION_SWAP_UNITS (49)
040, Can't Start, 8, UNIT_WARRIOR (1376271), UNITOPERATION_SWAP_UNITS (49)
040, Adding, 8, UNIT_WARRIOR (1376271), UNITOPERATION_MOVE_TO (19)
040, Adding, 8, UNIT_BUILDER (4718593), UNITOPERATION_SWAP_UNITS (49)
040, Can't Start, 8, UNIT_BUILDER (4718593), UNITOPERATION_SWAP_UNITS (49)
040, Adding, 8, UNIT_BUILDER (4718593), UNITOPERATION_MOVE_TO (19)
040, Adding, 8, UNIT_BUILDER (4718593), UNITOPERATION_BUILD_IMPROVEMENT (2)
040, Adding, 8, UNIT_BUILDER (5636139), UNITOPERATION_SWAP_UNITS (49)
040, Can't Start, 8, UNIT_BUILDER (5636139), UNITOPERATION_SWAP_UNITS (49)
040, Adding, 8, UNIT_BUILDER (5636139), UNITOPERATION_MOVE_TO (19)
040, Adding, 8, UNIT_BUILDER (5636139), UNITOPERATION_BUILD_IMPROVEMENT (2)
040, Adding, 8, UNIT_HORSEMAN (3997710), UNITOPERATION_MOVE_TO (19)
040, Adding, 8, UNIT_VIETNAMESE_VOI_CHIEN (5111825), UNITOPERATION_MOVE_TO (19)
040, Adding, 8, UNIT_VIETNAMESE_VOI_CHIEN (5373972), UNITOPERATION_MOVE_TO (19)
040, Adding, 8, UNIT_VIETNAMESE_VOI_CHIEN (5046300), UNITOPERATION_MOVE_TO (19)
040, Adding, 8, UNIT_SWORDSMAN (3801117), UNITOPERATION_MOVE_TO (19)
040, Adding, 8, UNIT_VIETNAMESE_VOI_CHIEN (5308458), UNITOPERATION_MOVE_TO (19)
040, Adding, 8, UNIT_VIETNAMESE_VOI_CHIEN (5570604), UNITOPERATION_MOVE_TO (19)
040, Adding, 8, UNIT_HORSEMAN (4587566), UNITOPERATION_MOVE_TO (19)
040, Adding, 8, UNIT_SWORDSMAN (4980786), UNITOPERATION_MOVE_TO (19)
040, Adding, 8, UNIT_MISSIONARY (2555910), UNITOPERATION_SPREAD_RELIGION (38)
040, Adding, 8, UNIT_MISSIONARY (5177355), UNITOPERATION_MOVE_TO (19)
040, Adding, 8, UNIT_MISSIONARY (3866637), UNITOPERATION_MOVE_TO (19)
040, Adding, 8, UNIT_MISSIONARY (3866637), UNITOPERATION_SPREAD_RELIGION (38)
040, Can't Start, 8, UNIT_MISSIONARY (3866637), UNITOPERATION_SPREAD_RELIGION (38)
040, Adding, 8, UNIT_MISSIONARY (2621458), UNITOPERATION_MOVE_TO (19)
040, Adding, 8, UNIT_MISSIONARY (4259864), UNITOPERATION_MOVE_TO (19)
040, Adding, 8, UNIT_MISSIONARY (4849689), UNITOPERATION_MOVE_TO (19)
040, Adding, 8, UNIT_MISSIONARY (2883614), UNITOPERATION_MOVE_TO (19)
040, Adding, 8, UNIT_MISSIONARY (2949151), UNITOPERATION_MOVE_TO (19)
040, Adding, 8, UNIT_MISSIONARY (2949151), UNITOPERATION_SPREAD_RELIGION (38)
040, Adding, 8, UNIT_MISSIONARY (3407907), UNITOPERATION_MOVE_TO (19)
040, Adding, 8, UNIT_MISSIONARY (3670053), UNITOPERATION_MOVE_TO (19)
040, Adding, 8, UNIT_MISSIONARY (4063272), UNITOPERATION_MOVE_TO (19)
040, Adding, 8, UNIT_MISSIONARY (4784176), UNITOPERATION_MOVE_TO (19)
040, Adding, 8, UNIT_SKIRMISHER (4522029), UNITOPERATION_MOVE_TO (19)
040, Adding, 8, UNIT_SKIRMISHER (4522029), UNITOPERATION_MOVE_TO (19)
040, Adding, 8, UNIT_SKIRMISHER (4522029), UNITOPERATION_MOVE_TO (19)
040, Adding, 8, UNIT_SKIRMISHER (4128809), UNITOPERATION_MOVE_TO (19)
040, Adding, 8, UNIT_SKIRMISHER (4128809), UNITOPERATION_MOVE_TO (19)
040, Adding, 8, UNIT_SKIRMISHER (5242890), UNITOPERATION_MOVE_TO (19)
040, Adding, 8, UNIT_SKIRMISHER (5505075), UNITOPERATION_MOVE_TO (19)
040, Adding, 8, UNIT_SKIRMISHER (5242890), UNITOPERATION_SKIP_TURN (36)
040, Adding, 8, UNIT_SKIRMISHER (5505075), UNITOPERATION_SKIP_TURN (36)
040, Can't Start, 8, UNIT_TRADER (1048588), UNITOPERATION_MAKE_TRADE_ROUTE (18)
040, Can't Start, 8, UNIT_MISSIONARY (3866637), UNITOPERATION_SPREAD_RELIGION (38)
040, Adding, 9, UNIT_ROMAN_LEGION (3145740), UNITOPERATION_SWAP_UNITS (49)
040, Can't Start, 9, UNIT_ROMAN_LEGION (3145740), UNITOPERATION_SWAP_UNITS (49)
040, Adding, 9, UNIT_ROMAN_LEGION (3145740), UNITOPERATION_MOVE_TO (19)
040, Adding, 9, UNIT_CROSSBOWMAN (6815774), UNITOPERATION_SWAP_UNITS (49)
040, Can't Start, 9, UNIT_CROSSBOWMAN (6815774), UNITOPERATION_SWAP_UNITS (49)
040, Adding, 9, UNIT_CROSSBOWMAN (6815774), UNITOPERATION_MOVE_TO (19)
040, Adding, 9, UNIT_CROSSBOWMAN (4653096), UNITOPERATION_RANGE_ATTACK (26)
040, Adding, 9, UNIT_CROSSBOWMAN (6160431), UNITOPERATION_RANGE_ATTACK (26)
040, Adding, 9, UNIT_CROSSBOWMAN (4653096), UNITOPERATION_MOVE_TO (19)
040, Adding, 9, UNIT_CROSSBOWMAN (6160431), UNITOPERATION_MOVE_TO (19)
040, Adding, 9, UNIT_SETTLER (3997697), UNITOPERATION_MOVE_TO (19)
040, Adding, 9, UNIT_CROSSBOWMAN (5242890), UNITOPERATION_MOVE_TO (19)
040, Adding, 9, UNIT_MAN_AT_ARMS (6291505), UNITOPERATION_SWAP_UNITS (49)
040, Can't Start, 9, UNIT_MAN_AT_ARMS (6291505), UNITOPERATION_SWAP_UNITS (49)
040, Adding, 9, UNIT_MAN_AT_ARMS (6291505), UNITOPERATION_MOVE_TO (19)
040, Adding, 9, UNIT_CATAPULT (3014684), UNITOPERATION_RANGE_ATTACK (26)
040, Adding, 9, UNIT_CROSSBOWMAN (4587520), UNITOPERATION_RANGE_ATTACK (26)
040, Adding, 9, UNIT_CATAPULT (3014684), UNITOPERATION_MOVE_TO (19)
040, Adding, 9, UNIT_CROSSBOWMAN (4587520), UNITOPERATION_MOVE_TO (19)
040, Adding, 9, UNIT_ROMAN_LEGION (3932175), UNITOPERATION_MOVE_TO (19)
040, Can't Start, 9, UNIT_ROMAN_LEGION (3932175), UNITOPERATION_MOVE_TO (19)
040, Adding, 9, UNIT_CROSSBOWMAN (6094894), UNITOPERATION_MOVE_TO (19)
040, Adding, 9, UNIT_ROMAN_LEGION (3735569), UNITOPERATION_SWAP_UNITS (49)
040, Can't Start, 9, UNIT_ROMAN_LEGION (3735569), UNITOPERATION_SWAP_UNITS (49)
040, Adding, 9, UNIT_ROMAN_LEGION (3735569), UNITOPERATION_MOVE_TO (19)
040, Adding, 9, UNIT_ARCHER (2752546), UNITOPERATION_SWAP_UNITS (49)
040, Can't Start, 9, UNIT_ARCHER (2752546), UNITOPERATION_SWAP_UNITS (49)
040, Adding, 9, UNIT_ARCHER (2752546), UNITOPERATION_MOVE_TO (19)
040, Adding, 9, UNIT_BUILDER (3538971), UNITOPERATION_SWAP_UNITS (49)
040, Can't Start, 9, UNIT_BUILDER (3538971), UNITOPERATION_SWAP_UNITS (49)
040, Adding, 9, UNIT_BUILDER (3538971), UNITOPERATION_MOVE_TO (19)
040, Adding, 9, UNIT_BUILDER (3604500), UNITOPERATION_SWAP_UNITS (49)
040, Can't Start, 9, UNIT_BUILDER (3604500), UNITOPERATION_SWAP_UNITS (49)
040, Adding, 9, UNIT_BUILDER (3604500), UNITOPERATION_MOVE_TO (19)
040, Adding, 9, UNIT_BUILDER (3604500), UNITOPERATION_BUILD_IMPROVEMENT (2)
040, Adding, 9, UNIT_GREAT_SCIENTIST (6684711), UNITOPERATION_SWAP_UNITS (49)
040, Can't Start, 9, UNIT_GREAT_SCIENTIST (6684711), UNITOPERATION_SWAP_UNITS (49)
040, Adding, 9, UNIT_GREAT_SCIENTIST (6684711), UNITOPERATION_MOVE_TO (19)
040, Adding, 9, UNIT_CATAPULT (4194323), UNITOPERATION_SWAP_UNITS (49)
040, Can't Start, 9, UNIT_CATAPULT (4194323), UNITOPERATION_SWAP_UNITS (49)
040, Adding, 9, UNIT_CATAPULT (4194323), UNITOPERATION_MOVE_TO (19)
040, Adding, 9, UNIT_SKIRMISHER (5636103), UNITOPERATION_SWAP_UNITS (49)
040, Can't Start, 9, UNIT_SKIRMISHER (5636103), UNITOPERATION_SWAP_UNITS (49)
040, Adding, 9, UNIT_SKIRMISHER (5636103), UNITOPERATION_MOVE_TO (19)
040, Adding, 9, UNIT_HORSEMAN (4325385), UNITOPERATION_MOVE_TO (19)
040, Adding, 9, UNIT_CROSSBOWMAN (5701661), UNITOPERATION_MOVE_TO (19)
040, Adding, 9, UNIT_CROSSBOWMAN (4980767), UNITOPERATION_MOVE_TO (19)
040, Adding, 9, UNIT_HORSEMAN (2818083), UNITOPERATION_MOVE_TO (19)
040, Adding, 9, UNIT_MAN_AT_ARMS (6357042), UNITOPERATION_MOVE_TO (19)
040, Adding, 9, UNIT_MAN_AT_ARMS (6422579), UNITOPERATION_MOVE_TO (19)
040, Adding, 9, UNIT_MAN_AT_ARMS (6488116), UNITOPERATION_MOVE_TO (19)
040, Adding, 9, UNIT_MAN_AT_ARMS (6553653), UNITOPERATION_MOVE_TO (19)
040, Adding, 9, UNIT_MAN_AT_ARMS (6619190), UNITOPERATION_MOVE_TO (19)
040, Adding, 9, UNIT_CROSSBOWMAN (4521995), UNITOPERATION_MOVE_TO (19)
040, Adding, 9, UNIT_CATAPULT (4849697), UNITOPERATION_MOVE_TO (19)
040, Adding, 9, UNIT_CROSSBOWMAN (6750246), UNITOPERATION_MOVE_TO (19)
040, Adding, 9, UNIT_CROSSBOWMAN (4718633), UNITOPERATION_MOVE_TO (19)
040, Adding, 9, UNIT_CROSSBOWMAN (5308459), UNITOPERATION_MOVE_TO (19)
040, Adding, 9, UNIT_MISSIONARY (4915232), UNITOPERATION_MOVE_TO (19)
040, Adding, 9, UNIT_MISSIONARY (4390915), UNITOPERATION_MOVE_TO (19)
040, Adding, 9, UNIT_MISSIONARY (5570574), UNITOPERATION_MOVE_TO (19)
040, Adding, 9, UNIT_MISSIONARY (5177365), UNITOPERATION_MOVE_TO (19)
040, Adding, 9, UNIT_MISSIONARY (5439513), UNITOPERATION_MOVE_TO (19)
040, Adding, 9, UNIT_MISSIONARY (5832748), UNITOPERATION_MOVE_TO (19)
040, Adding, 9, UNIT_MISSIONARY (6225968), UNITOPERATION_MOVE_TO (19)
040, Adding, 9, UNIT_BUILDER (5767191), UNITOPERATION_MOVE_TO (19)
040, Adding, 9, UNIT_BUILDER (5767191), UNITOPERATION_MOVE_TO (19)
040, Adding, 9, UNIT_BUILDER (5767191), UNITOPERATION_MOVE_TO (19)
040, Adding, 9, UNIT_SKIRMISHER (5046276), UNITOPERATION_MOVE_TO (19)
040, Adding, 9, UNIT_SKIRMISHER (5046276), UNITOPERATION_MOVE_TO (19)
040, Adding, 9, UNIT_SKIRMISHER (5111830), UNITOPERATION_MOVE_TO (19)
040, Adding, 9, UNIT_SKIRMISHER (5111830), UNITOPERATION_SKIP_TURN (36)
040, Adding, 9, UNIT_BUILDER (5963821), UNITOPERATION_SKIP_TURN (36)
040, Adding, 10, UNIT_WARRIOR (458756), UNITOPERATION_SWAP_UNITS (49)
040, Can't Start, 10, UNIT_WARRIOR (458756), UNITOPERATION_SWAP_UNITS (49)
040, Adding, 10, UNIT_WARRIOR (458756), UNITOPERATION_MOVE_TO (19)
040, Adding, 10, UNIT_SWORDSMAN (786433), UNITOPERATION_MOVE_TO (19)
040, Adding, 10, UNIT_SWORDSMAN (851971), UNITOPERATION_MOVE_TO (19)
040, Adding, 10, UNIT_SWORDSMAN (720902), UNITOPERATION_MOVE_TO (19)
040, Adding, 12, UNIT_SWORDSMAN (458752), UNITOPERATION_MOVE_TO (19)
040, Adding, 12, UNIT_SWORDSMAN (655361), UNITOPERATION_MOVE_TO (19)
040, Adding, 12, UNIT_CROSSBOWMAN (720898), UNITOPERATION_MOVE_TO (19)
040, Adding, 12, UNIT_CROSSBOWMAN (786435), UNITOPERATION_MOVE_TO (19)
040, Adding, 12, UNIT_SWORDSMAN (589829), UNITOPERATION_MOVE_TO (19)
040, Adding, 12, UNIT_BUILDER (524292), UNITOPERATION_SKIP_TURN (36)
040, Adding, 13, UNIT_SWORDSMAN (655361), UNITOPERATION_MOVE_TO (19)
040, Adding, 13, UNIT_CATAPULT (720898), UNITOPERATION_MOVE_TO (19)
040, Adding, 13, UNIT_HEAVY_CHARIOT (524292), UNITOPERATION_MOVE_TO (19)
040, Adding, 13, UNIT_SWORDSMAN (589829), UNITOPERATION_MOVE_TO (19)
040, Adding, 13, UNIT_BUILDER (786432), UNITOPERATION_SKIP_TURN (36)
040, Adding, 14, UNIT_CATAPULT (458755), UNITOPERATION_MOVE_TO (19)
040, Adding, 14, UNIT_CATAPULT (524292), UNITOPERATION_MOVE_TO (19)
040, Adding, 14, UNIT_SWORDSMAN (589829), UNITOPERATION_MOVE_TO (19)
040, Adding, 14, UNIT_BUILDER (393216), UNITOPERATION_SKIP_TURN (36)
040, Adding, 15, UNIT_SWORDSMAN (983041), UNITOPERATION_MOVE_TO (19)
040, Adding, 15, UNIT_HORSEMAN (720902), UNITOPERATION_MOVE_TO (19)
040, Adding, 15, UNIT_SWORDSMAN (786439), UNITOPERATION_MOVE_TO (19)
040, Adding, 15, UNIT_SWORDSMAN (851976), UNITOPERATION_MOVE_TO (19)
040, Adding, 15, UNIT_SWORDSMAN (1048585), UNITOPERATION_MOVE_TO (19)
040, Adding, 15, UNIT_SWORDSMAN (1114122), UNITOPERATION_MOVE_TO (19)
040, Adding, 15, UNIT_BUILDER (917507), UNITOPERATION_SKIP_TURN (36)
040, Adding, 16, UNIT_CROSSBOWMAN (1245192), UNITOPERATION_SWAP_UNITS (49)
040, Adding, 16, UNIT_CATAPULT (720903), UNITOPERATION_SWAP_UNITS (49)
040, Can't Start, 16, UNIT_CATAPULT (720903), UNITOPERATION_SWAP_UNITS (49)
040, Adding, 16, UNIT_CATAPULT (720903), UNITOPERATION_MOVE_TO (19)
040, Adding, 16, UNIT_SWORDSMAN (983045), UNITOPERATION_SWAP_UNITS (49)
040, Can't Start, 16, UNIT_SWORDSMAN (983045), UNITOPERATION_SWAP_UNITS (49)
040, Adding, 16, UNIT_SWORDSMAN (983045), UNITOPERATION_MOVE_TO (19)
040, Adding, 16, UNIT_SWORDSMAN (917514), UNITOPERATION_MOVE_TO (19)
040, Adding, 16, UNIT_SWORDSMAN (851977), UNITOPERATION_MOVE_TO (19)
040, Adding, 17, UNIT_WARRIOR (196610), UNITOPERATION_SWAP_UNITS (49)
040, Can't Start, 17, UNIT_WARRIOR (196610), UNITOPERATION_SWAP_UNITS (49)
040, Adding, 17, UNIT_WARRIOR (196610), UNITOPERATION_MOVE_TO (19)
040, Adding, 17, UNIT_WARRIOR (458756), UNITOPERATION_SWAP_UNITS (49)
040, Can't Start, 17, UNIT_WARRIOR (458756), UNITOPERATION_SWAP_UNITS (49)
040, Adding, 17, UNIT_WARRIOR (458756), UNITOPERATION_MOVE_TO (19)
040, Adding, 17, UNIT_BUILDER (720902), UNITOPERATION_HARVEST_RESOURCE (16)
040, Can't Start, 17, UNIT_BUILDER (720902), UNITOPERATION_HARVEST_RESOURCE (16)
040, Adding, 17, UNIT_BUILDER (720902), UNITOPERATION_BUILD_IMPROVEMENT (2)
040, Can't Start, 17, UNIT_BUILDER (720902), UNITOPERATION_BUILD_IMPROVEMENT (2)
040, Adding, 17, UNIT_SWORDSMAN (851971), UNITOPERATION_MOVE_TO (19)
040, Adding, 17, UNIT_SWORDSMAN (786439), UNITOPERATION_MOVE_TO (19)
040, Adding, 17, UNIT_SWORDSMAN (917512), UNITOPERATION_MOVE_TO (19)
040, Adding, 20, UNIT_ARCHER (655366), UNITOPERATION_SWAP_UNITS (49)
040, Can't Start, 20, UNIT_ARCHER (655366), UNITOPERATION_SWAP_UNITS (49)
040, Adding, 20, UNIT_ARCHER (655366), UNITOPERATION_MOVE_TO (19)
040, Adding, 20, UNIT_SWORDSMAN (720896), UNITOPERATION_MOVE_TO (19)
040, Adding, 20, UNIT_HEAVY_CHARIOT (458756), UNITOPERATION_MOVE_TO (19)
040, Adding, 20, UNIT_SWORDSMAN (786439), UNITOPERATION_MOVE_TO (19)
040, Adding, 21, UNIT_WARRIOR (327683), UNITOPERATION_SWAP_UNITS (49)
040, Can't Start, 21, UNIT_WARRIOR (327683), UNITOPERATION_SWAP_UNITS (49)
040, Adding, 21, UNIT_WARRIOR (327683), UNITOPERATION_MOVE_TO (19)
040, Adding, 21, UNIT_WARRIOR (393220), UNITOPERATION_SWAP_UNITS (49)
040, Can't Start, 21, UNIT_WARRIOR (393220), UNITOPERATION_SWAP_UNITS (49)
040, Adding, 21, UNIT_WARRIOR (393220), UNITOPERATION_MOVE_TO (19)
040, Adding, 21, UNIT_BUILDER (655366), UNITOPERATION_SWAP_UNITS (49)
040, Can't Start, 21, UNIT_BUILDER (655366), UNITOPERATION_SWAP_UNITS (49)
040, Adding, 21, UNIT_BUILDER (655366), UNITOPERATION_MOVE_TO (19)
040, Adding, 21, UNIT_BUILDER (655366), UNITOPERATION_BUILD_IMPROVEMENT (2)
040, Adding, 21, UNIT_HEAVY_CHARIOT (524288), UNITOPERATION_MOVE_TO (19)
040, Adding, 21, UNIT_CATAPULT (720903), UNITOPERATION_MOVE_TO (19)
040, Adding, 21, UNIT_SWORDSMAN (786440), UNITOPERATION_MOVE_TO (19)
040, Adding, 3, UNIT_BUILDER (1572878), UNITOPERATION_BUILD_IMPROVEMENT (2)
040, Adding, 1, UNIT_BUILDER (1114119), UNITOPERATION_BUILD_IMPROVEMENT (2)
040, Adding, 1, UNIT_BUILDER (1114119), UNITOPERATION_MOVE_TO (19)
040, Adding, 0, UNIT_TRADER (1703939), UNITOPERATION_MAKE_TRADE_ROUTE (18)
040, Adding, 2, UNIT_BUILDER (1310724), UNITOPERATION_BUILD_IMPROVEMENT (2)
040, Adding, 1, UNIT_BUILDER (1310730), UNITOPERATION_REMOVE_FEATURE (28)
040, Adding, 2, UNIT_BUILDER (1376265), UNITOPERATION_MOVE_TO (19)
040, Adding, 2, UNIT_BUILDER (1376265), UNITOPERATION_BUILD_IMPROVEMENT (2)
040, Adding, 2, UNIT_BUILDER (1245191), UNITOPERATION_BUILD_IMPROVEMENT (2)
040, Adding, 2, UNIT_BUILDER (1441800), UNITOPERATION_MOVE_TO (19)
040, Adding, 3, UNIT_BUILDER (1638409), UNITOPERATION_MOVE_TO (19)
040, Adding, 3, UNIT_BUILDER (1638409), UNITOPERATION_BUILD_IMPROVEMENT (2)
040, Adding, 2, UNIT_BUILDER (1441800), UNITOPERATION_BUILD_IMPROVEMENT (2)
040, Adding, 0, UNIT_BUILDER (1638413), UNITOPERATION_BUILD_IMPROVEMENT (2)
040, Adding, 3, UNIT_BUILDER (1507341), UNITOPERATION_MOVE_TO (19)
040, Adding, 0, UNIT_BUILDER (1638413), UNITOPERATION_MOVE_TO (19)
040, Adding, 3, UNIT_BUILDER (1507341), UNITOPERATION_BUILD_IMPROVEMENT (2)
040, Adding, 2, UNIT_INDIAN_VARU (1507331), UNITOPERATION_MOVE_TO (19)
040, Adding, 4, UNIT_VAMPIRE (196608), UNITOPERATION_MOVE_TO (19)
040, Adding, 1, UNIT_BUILDER (1769487), UNITOPERATION_MOVE_TO (19)
040, Adding, 1, UNIT_BUILDER (1769487), UNITOPERATION_SKIP_TURN (36)
040, Adding, 4, UNIT_SETTLER (2686990), UNITOPERATION_MOVE_TO (19)
040, Adding, 1, UNIT_BUILDER (1376267), UNITOPERATION_MOVE_TO (19)
040, Adding, 0, UNIT_ARCHER (720896), UNITOPERATION_FORTIFY (12)
040, Adding, 1, UNIT_BUILDER (1376267), UNITOPERATION_BUILD_IMPROVEMENT (2)
040, Adding, 0, UNIT_VAMPIRE (262146), UNITOPERATION_BUILD_ROUTE (3)
040, Adding, 4, UNIT_SETTLER (2686990), UNITOPERATION_FOUND_CITY (14)
040, Adding, 1, UNIT_BUILDER (1900561), UNITOPERATION_MOVE_TO (19)
040, Adding, 4, UNIT_BUILDER (3014675), UNITOPERATION_MOVE_TO (19)
040, Adding, 4, UNIT_BUILDER (3014675), UNITOPERATION_BUILD_IMPROVEMENT (2)
040, Adding, 0, UNIT_BUILDER (1769486), UNITOPERATION_BUILD_IMPROVEMENT (2)
040, Adding, 1, UNIT_BUILDER (1900561), UNITOPERATION_REMOVE_FEATURE (28)
040, Adding, 0, UNIT_BUILDER (1769486), UNITOPERATION_MOVE_TO (19)
040, Adding, 4, UNIT_BUILDER (2162703), UNITOPERATION_MOVE_TO (19)
040, Adding, 4, UNIT_BUILDER (2162703), UNITOPERATION_HARVEST_RESOURCE (16)
040, Adding, 1, UNIT_BUILDER (1835024), UNITOPERATION_MOVE_TO (19)
040, Adding, 4, UNIT_BUILDER (2818059), UNITOPERATION_MOVE_TO (19)
040, Adding, 4, UNIT_BUILDER (2818059), UNITOPERATION_BUILD_IMPROVEMENT (2)
040, Adding, 1, UNIT_SETTLER (1245193), UNITOPERATION_FOUND_CITY (14)
040, Adding, 1, UNIT_TRADER (1703950), UNITOPERATION_TELEPORT_TO_CITY (51)
040, Adding, 4, UNIT_BUILDER (2752520), UNITOPERATION_MOVE_TO (19)
040, Adding, 4, UNIT_BUILDER (2752520), UNITOPERATION_BUILD_IMPROVEMENT (2)
040, Adding, 0, UNIT_BUILDER (1507340), UNITOPERATION_MOVE_TO (19)
040, Adding, 4, UNIT_NUBIAN_PITATI (1703953), UNITOPERATION_MOVE_TO (19)
040, Adding, 4, UNIT_NUBIAN_PITATI (1703953), UNITOPERATION_FORTIFY (12)
040, Adding, 2, UNIT_SETTLER (1572874), UNITOPERATION_MOVE_TO (19)
040, Adding, 1, UNIT_BUILDER (1638413), UNITOPERATION_MOVE_TO (19)
040, Adding, 4, UNIT_NUBIAN_PITATI (1310726), UNITOPERATION_MOVE_TO (19)
040, Adding, 1, UNIT_BUILDER (1638413), UNITOPERATION_BUILD_IMPROVEMENT (2)
040, Adding, 4, UNIT_NUBIAN_PITATI (983047), UNITOPERATION_MOVE_TO (19)
040, Adding, 1, UNIT_BUILDER (1835024), UNITOPERATION_REMOVE_FEATURE (28)
040, Adding, 1, UNIT_BUILDER (1507340), UNITOPERATION_MOVE_TO (19)
040, Adding, 1, UNIT_BUILDER (1507340), UNITOPERATION_REMOVE_FEATURE (28)
040, Adding, 4, UNIT_NUBIAN_PITATI (1769490), UNITOPERATION_MOVE_TO (19)
040, Adding, 4, UNIT_NUBIAN_PITATI (1572876), UNITOPERATION_FORTIFY (12)
040, Adding, 4, UNIT_VAMPIRE (196608), UNITOPERATION_MOVE_TO (19)
040, Adding, 1, UNIT_BUILDER (1966098), UNITOPERATION_MOVE_TO (19)
040, Adding, 4, UNIT_VAMPIRE (196608), UNITOPERATION_SKIP_TURN (36)
040, Adding, 4, UNIT_SCOUT (393220), UNITOPERATION_MOVE_TO (19)
040, Adding, 4, UNIT_SCOUT (393220), UNITOPERATION_SKIP_TURN (36)
040, Adding, 4, UNIT_SETTLER (2949141), UNITOPERATION_MOVE_TO (19)
040, Adding, 4, UNIT_BUILDER (2424834), UNITOPERATION_MOVE_TO (19)
040, Adding, 4, UNIT_BUILDER (2555924), UNITOPERATION_MOVE_TO (19)
040, Adding, 1, UNIT_BUILDER (1769487), UNITOPERATION_MOVE_TO (19)
040, Adding, 1, UNIT_BUILDER (1310730), UNITOPERATION_MOVE_TO (19)
040, Adding, 1, UNIT_BUILDER (1310730), UNITOPERATION_MOVE_TO (19)
040, Adding, 1, UNIT_BUILDER (1769487), UNITOPERATION_MOVE_TO (19)
040, Adding, 1, UNIT_WARRIOR (131073), UNITOPERATION_MOVE_TO (19)
040, Adding, 4, UNIT_BUILDER (2555924), UNITOPERATION_REMOVE_FEATURE (28)
040, Adding, 4, UNIT_BUILDER (2883606), UNITOPERATION_MOVE_TO (19)
040, Adding, 4, UNIT_BUILDER (2883606), UNITOPERATION_BUILD_IMPROVEMENT (2)
040, Adding, 4, UNIT_WARRIOR (131073), UNITOPERATION_MOVE_TO (19)
040, Adding, 4, UNIT_WARRIOR (131073), UNITOPERATION_MOVE_TO (19)
041, Adding, 5, UNIT_TRADER (1245184), UNITOPERATION_MAKE_TRADE_ROUTE (18)
041, Can't Start, 5, UNIT_TRADER (1245184), UNITOPERATION_MAKE_TRADE_ROUTE (18)
041, Adding, 5, UNIT_MACEDONIAN_HETAIROI (2293786), UNITOPERATION_MOVE_TO (19)
041, Can't Start, 5, UNIT_MACEDONIAN_HETAIROI (2293786), UNITOPERATION_MOVE_TO (19)
041, Adding, 5, UNIT_SCOUT (262147), UNITOPERATION_SWAP_UNITS (49)
041, Can't Start, 5, UNIT_SCOUT (262147), UNITOPERATION_SWAP_UNITS (49)
041, Adding, 5, UNIT_SCOUT (262147), UNITOPERATION_MOVE_TO (19)
041, Adding, 5, UNIT_SKIRMISHER (3407892), UNITOPERATION_MOVE_TO (19)
041, Adding, 5, UNIT_CROSSBOWMAN (3604482), UNITOPERATION_MOVE_TO (19)
041, Adding, 5, UNIT_MACEDONIAN_HETAIROI (3014660), UNITOPERATION_MOVE_TO (19)
041, Can't Start, 5, UNIT_MACEDONIAN_HETAIROI (3014660), UNITOPERATION_MOVE_TO (19)
041, Adding, 5, UNIT_MACEDONIAN_HYPASPIST (2883589), UNITOPERATION_MOVE_TO (19)
041, Adding, 5, UNIT_VAMPIRE (655367), UNITOPERATION_MOVE_TO (19)
041, Adding, 5, UNIT_MACEDONIAN_HETAIROI (2031624), UNITOPERATION_MOVE_TO (19)
041, Adding, 5, UNIT_MACEDONIAN_HYPASPIST (2949130), UNITOPERATION_MOVE_TO (19)
041, Adding, 5, UNIT_MACEDONIAN_HETAIROI (2097163), UNITOPERATION_MOVE_TO (19)
041, Adding, 5, UNIT_MACEDONIAN_HETAIROI (2555916), UNITOPERATION_MOVE_TO (19)
041, Adding, 5, UNIT_MACEDONIAN_HYPASPIST (2490383), UNITOPERATION_MOVE_TO (19)
041, Adding, 5, UNIT_MACEDONIAN_HETAIROI (1769493), UNITOPERATION_MOVE_TO (19)
041, Adding, 5, UNIT_MACEDONIAN_HETAIROI (1900567), UNITOPERATION_MOVE_TO (19)
041, Adding, 5, UNIT_MACEDONIAN_HETAIROI (1966104), UNITOPERATION_MOVE_TO (19)
041, Adding, 5, UNIT_MACEDONIAN_HETAIROI (2228249), UNITOPERATION_MOVE_TO (19)
041, Adding, 5, UNIT_MACEDONIAN_HYPASPIST (2687003), UNITOPERATION_MOVE_TO (19)
041, Adding, 5, UNIT_CROSSBOWMAN (3342365), UNITOPERATION_MOVE_TO (19)
041, Adding, 5, UNIT_CROSSBOWMAN (3735585), UNITOPERATION_MOVE_TO (19)
041, Adding, 5, UNIT_MISSIONARY (2621441), UNITOPERATION_MOVE_TO (19)
041, Adding, 5, UNIT_MISSIONARY (3276806), UNITOPERATION_MOVE_TO (19)
041, Adding, 5, UNIT_MISSIONARY (2359305), UNITOPERATION_MOVE_TO (19)
041, Adding, 5, UNIT_MISSIONARY (2424850), UNITOPERATION_MOVE_TO (19)
041, Adding, 5, UNIT_MISSIONARY (3670035), UNITOPERATION_MOVE_TO (19)
041, Adding, 5, UNIT_MISSIONARY (3670035), UNITOPERATION_REMOVE_HERESY (29)
041, Can't Start, 5, UNIT_MISSIONARY (3670035), UNITOPERATION_REMOVE_HERESY (29)
041, Adding, 5, UNIT_MISSIONARY (3080222), UNITOPERATION_MOVE_TO (19)
041, Adding, 5, UNIT_BUILDER (1835030), UNITOPERATION_MOVE_TO (19)
041, Adding, 5, UNIT_BUILDER (1835030), UNITOPERATION_MOVE_TO (19)
041, Adding, 5, UNIT_BUILDER (1835030), UNITOPERATION_MOVE_TO (19)
041, Adding, 5, UNIT_BUILDER (1835030), UNITOPERATION_MOVE_TO (19)
041, Adding, 5, UNIT_BUILDER (1835030), UNITOPERATION_MOVE_TO (19)
041, Adding, 5, UNIT_BUILDER (2752540), UNITOPERATION_MOVE_TO (19)
041, Adding, 5, UNIT_SKIRMISHER (3211278), UNITOPERATION_MOVE_TO (19)
041, Adding, 5, UNIT_SKIRMISHER (3145759), UNITOPERATION_MOVE_TO (19)
041, Adding, 5, UNIT_SKIRMISHER (3211278), UNITOPERATION_SKIP_TURN (36)
041, Adding, 5, UNIT_BUILDER (2752540), UNITOPERATION_SKIP_TURN (36)
041, Adding, 5, UNIT_SKIRMISHER (3145759), UNITOPERATION_SKIP_TURN (36)
041, Adding, 5, UNIT_BUILDER (3473440), UNITOPERATION_SKIP_TURN (36)
041, Can't Start, 5, UNIT_TRADER (1245184), UNITOPERATION_MAKE_TRADE_ROUTE (18)
041, Can't Start, 5, UNIT_MISSIONARY (3670035), UNITOPERATION_REMOVE_HERESY (29)
041, Adding, 6, UNIT_SETTLER (4522000), UNITOPERATION_MOVE_TO (19)
041, Adding, 6, UNIT_SWORDSMAN (4128779), UNITOPERATION_MOVE_TO (19)
041, Adding, 6, UNIT_WARRIOR (1835030), UNITOPERATION_MOVE_TO (19)
041, Adding, 6, UNIT_SCOUT (262147), UNITOPERATION_SWAP_UNITS (49)
041, Can't Start, 6, UNIT_SCOUT (262147), UNITOPERATION_SWAP_UNITS (49)
041, Adding, 6, UNIT_SCOUT (262147), UNITOPERATION_MOVE_TO (19)
041, Adding, 6, UNIT_APOSTLE (4849683), UNITOPERATION_LAUNCH_INQUISITION (17)
041, Adding, 6, UNIT_BUILDER (4980737), UNITOPERATION_SWAP_UNITS (49)
041, Can't Start, 6, UNIT_BUILDER (4980737), UNITOPERATION_SWAP_UNITS (49)
041, Adding, 6, UNIT_BUILDER (4980737), UNITOPERATION_MOVE_TO (19)
041, Adding, 6, UNIT_BUILDER (4980737), UNITOPERATION_REPAIR (31)
041, Adding, 6, UNIT_BUILDER (3604518), UNITOPERATION_SWAP_UNITS (49)
041, Can't Start, 6, UNIT_BUILDER (3604518), UNITOPERATION_SWAP_UNITS (49)
041, Adding, 6, UNIT_BUILDER (3604518), UNITOPERATION_MOVE_TO (19)
041, Adding, 6, UNIT_BUILDER (3604518), UNITOPERATION_BUILD_IMPROVEMENT (2)
041, Adding, 6, UNIT_BUILDER (3276835), UNITOPERATION_SWAP_UNITS (49)
041, Can't Start, 6, UNIT_BUILDER (3276835), UNITOPERATION_SWAP_UNITS (49)
041, Adding, 6, UNIT_BUILDER (3276835), UNITOPERATION_MOVE_TO (19)
041, Adding, 6, UNIT_BUILDER (4259874), UNITOPERATION_SWAP_UNITS (49)
041, Can't Start, 6, UNIT_BUILDER (4259874), UNITOPERATION_SWAP_UNITS (49)
041, Adding, 6, UNIT_BUILDER (4259874), UNITOPERATION_MOVE_TO (19)
041, Adding, 6, UNIT_SKIRMISHER (3407909), UNITOPERATION_SWAP_UNITS (49)
041, Can't Start, 6, UNIT_SKIRMISHER (3407909), UNITOPERATION_SWAP_UNITS (49)
041, Adding, 6, UNIT_SKIRMISHER (3407909), UNITOPERATION_MOVE_TO (19)
041, Adding, 6, UNIT_SKIRMISHER (3407909), UNITOPERATION_RANGE_ATTACK (26)
041, Adding, 6, UNIT_SKIRMISHER (3407909), UNITOPERATION_MOVE_TO (19)
041, Adding, 6, UNIT_SWORDSMAN (3932201), UNITOPERATION_FORTIFY (12)
041, Can't Start, 6, UNIT_SWORDSMAN (3932201), UNITOPERATION_FORTIFY (12)
041, Adding, 6, UNIT_SWORDSMAN (4456450), UNITOPERATION_MOVE_TO (19)
041, Adding, 6, UNIT_SWORDSMAN (2818054), UNITOPERATION_MOVE_TO (19)
041, Can't Start, 6, UNIT_SWORDSMAN (2818054), UNITOPERATION_MOVE_TO (19)
041, Adding, 6, UNIT_SWORDSMAN (2686985), UNITOPERATION_MOVE_TO (19)
041, Can't Start, 6, UNIT_SWORDSMAN (2686985), UNITOPERATION_MOVE_TO (19)
041, Adding, 6, UNIT_SWORDSMAN (4587534), UNITOPERATION_MOVE_TO (19)
041, Adding, 6, UNIT_CATAPULT (2621457), UNITOPERATION_MOVE_TO (19)
041, Adding, 6, UNIT_SWORDSMAN (4718610), UNITOPERATION_MOVE_TO (19)
041, Adding, 6, UNIT_CROSSBOWMAN (4915220), UNITOPERATION_MOVE_TO (19)
041, Can't Start, 6, UNIT_CROSSBOWMAN (4915220), UNITOPERATION_MOVE_TO (19)
041, Adding, 6, UNIT_CROSSBOWMAN (4784149), UNITOPERATION_MOVE_TO (19)
041, Adding, 6, UNIT_HEAVY_CHARIOT (2359322), UNITOPERATION_MOVE_TO (19)
041, Adding, 6, UNIT_CATAPULT (2490396), UNITOPERATION_MOVE_TO (19)
041, Adding, 6, UNIT_SWORDSMAN (2752542), UNITOPERATION_MOVE_TO (19)
041, Adding, 6, UNIT_SWORDSMAN (3145761), UNITOPERATION_MOVE_TO (19)
041, Adding, 6, UNIT_SWORDSMAN (3866664), UNITOPERATION_MOVE_TO (19)
041, Adding, 6, UNIT_MISSIONARY (3735557), UNITOPERATION_MOVE_TO (19)
041, Adding, 6, UNIT_MISSIONARY (2031623), UNITOPERATION_MOVE_TO (19)
041, Adding, 6, UNIT_TAOIST (786440), UNITOPERATION_MOVE_TO (19)
041, Adding, 6, UNIT_MISSIONARY (1900556), UNITOPERATION_MOVE_TO (19)
041, Adding, 6, UNIT_MISSIONARY (2162711), UNITOPERATION_MOVE_TO (19)
041, Adding, 6, UNIT_APOSTLE (4653080), UNITOPERATION_EVANGELIZE_BELIEF (10)
041, Adding, 6, UNIT_MISSIONARY (2293785), UNITOPERATION_MOVE_TO (19)
041, Adding, 6, UNIT_MISSIONARY (2424859), UNITOPERATION_MOVE_TO (19)
041, Adding, 6, UNIT_MISSIONARY (2555933), UNITOPERATION_MOVE_TO (19)
041, Adding, 6, UNIT_MISSIONARY (2883615), UNITOPERATION_MOVE_TO (19)
041, Adding, 6, UNIT_MISSIONARY (3342372), UNITOPERATION_MOVE_TO (19)
041, Adding, 6, UNIT_SKIRMISHER (3473440), UNITOPERATION_MOVE_TO (19)
041, Adding, 6, UNIT_SKIRMISHER (3473440), UNITOPERATION_MOVE_TO (19)
041, Adding, 6, UNIT_SKIRMISHER (3473440), UNITOPERATION_MOVE_TO (19)
041, Adding, 6, UNIT_SKIRMISHER (3473440), UNITOPERATION_MOVE_TO (19)
041, Adding, 6, UNIT_SKIRMISHER (3473440), UNITOPERATION_MOVE_TO (19)
041, Adding, 6, UNIT_SKIRMISHER (4194308), UNITOPERATION_MOVE_TO (19)
041, Adding, 6, UNIT_SKIRMISHER (4063245), UNITOPERATION_MOVE_TO (19)
041, Adding, 6, UNIT_SKIRMISHER (4390927), UNITOPERATION_MOVE_TO (19)
041, Adding, 6, UNIT_SKIRMISHER (3801127), UNITOPERATION_MOVE_TO (19)
041, Adding, 6, UNIT_SKIRMISHER (3997738), UNITOPERATION_MOVE_TO (19)
041, Adding, 6, UNIT_SKIRMISHER (4194308), UNITOPERATION_SKIP_TURN (36)
041, Adding, 6, UNIT_SKIRMISHER (4063245), UNITOPERATION_SKIP_TURN (36)
041, Adding, 6, UNIT_SKIRMISHER (4390927), UNITOPERATION_SKIP_TURN (36)
041, Adding, 6, UNIT_SKIRMISHER (3801127), UNITOPERATION_SKIP_TURN (36)
041, Adding, 6, UNIT_SKIRMISHER (3997738), UNITOPERATION_SKIP_TURN (36)
041, Adding, 7, UNIT_SWORDSMAN (3342355), UNITOPERATION_MOVE_TO (19)
041, Can't Start, 7, UNIT_SWORDSMAN (3342355), UNITOPERATION_MOVE_TO (19)
041, Adding, 7, UNIT_SETTLER (4128794), UNITOPERATION_MOVE_TO (19)
041, Adding, 7, UNIT_SWORDSMAN (3801104), UNITOPERATION_MOVE_TO (19)
041, Adding, 7, UNIT_WARRIOR (1835031), UNITOPERATION_MOVE_TO (19)
041, Adding, 7, UNIT_SWORDSMAN (4063235), UNITOPERATION_MOVE_TO (19)
041, Adding, 7, UNIT_SKIRMISHER (3407907), UNITOPERATION_MOVE_TO (19)
041, Adding, 7, UNIT_WARRIOR (1900568), UNITOPERATION_MOVE_TO (19)
041, Adding, 7, UNIT_CATAPULT (4456488), UNITOPERATION_MOVE_TO (19)
041, Adding, 7, UNIT_SKIRMISHER (3670036), UNITOPERATION_MOVE_TO (19)
041, Adding, 7, UNIT_SKIRMISHER (3932181), UNITOPERATION_MOVE_TO (19)
041, Adding, 7, UNIT_SWORDSMAN (2490398), UNITOPERATION_MOVE_TO (19)
041, Adding, 7, UNIT_SWORDSMAN (3473444), UNITOPERATION_MOVE_TO (19)
041, Adding, 7, UNIT_SWORDSMAN (3080201), UNITOPERATION_MOVE_TO (19)
041, Adding, 7, UNIT_SWORDSMAN (3211279), UNITOPERATION_MOVE_TO (19)
041, Adding, 7, UNIT_WARRIOR (131073), UNITOPERATION_SWAP_UNITS (49)
041, Can't Start, 7, UNIT_WARRIOR (131073), UNITOPERATION_SWAP_UNITS (49)
041, Adding, 7, UNIT_WARRIOR (131073), UNITOPERATION_MOVE_TO (19)
041, Adding, 7, UNIT_SCOUT (589826), UNITOPERATION_SWAP_UNITS (49)
041, Can't Start, 7, UNIT_SCOUT (589826), UNITOPERATION_SWAP_UNITS (49)
041, Adding, 7, UNIT_SCOUT (589826), UNITOPERATION_MOVE_TO (19)
041, Adding, 7, UNIT_SCOUT (393220), UNITOPERATION_SWAP_UNITS (49)
041, Can't Start, 7, UNIT_SCOUT (393220), UNITOPERATION_SWAP_UNITS (49)
041, Adding, 7, UNIT_SCOUT (393220), UNITOPERATION_MOVE_TO (19)
041, Adding, 7, UNIT_WARRIOR (1376261), UNITOPERATION_SWAP_UNITS (49)
041, Can't Start, 7, UNIT_WARRIOR (1376261), UNITOPERATION_SWAP_UNITS (49)
041, Adding, 7, UNIT_WARRIOR (1376261), UNITOPERATION_MOVE_TO (19)
041, Adding, 7, UNIT_WARRIOR (655367), UNITOPERATION_SWAP_UNITS (49)
041, Can't Start, 7, UNIT_WARRIOR (655367), UNITOPERATION_SWAP_UNITS (49)
041, Adding, 7, UNIT_WARRIOR (655367), UNITOPERATION_MOVE_TO (19)
041, Adding, 7, UNIT_WARRIOR (1048588), UNITOPERATION_SWAP_UNITS (49)
041, Can't Start, 7, UNIT_WARRIOR (1048588), UNITOPERATION_SWAP_UNITS (49)
041, Adding, 7, UNIT_WARRIOR (1048588), UNITOPERATION_MOVE_TO (19)
041, Adding, 7, UNIT_WARRIOR (1769494), UNITOPERATION_SWAP_UNITS (49)
041, Can't Start, 7, UNIT_WARRIOR (1769494), UNITOPERATION_SWAP_UNITS (49)
041, Adding, 7, UNIT_WARRIOR (1769494), UNITOPERATION_MOVE_TO (19)
041, Adding, 7, UNIT_SWORDSMAN (3014666), UNITOPERATION_MOVE_TO (19)
041, Adding, 7, UNIT_SWORDSMAN (2555935), UNITOPERATION_MOVE_TO (19)
041, Adding, 7, UNIT_SWORDSMAN (2621472), UNITOPERATION_MOVE_TO (19)
041, Adding, 7, UNIT_WARRIOR (1966105), UNITOPERATION_MOVE_TO (19)
041, Adding, 7, UNIT_SWORDSMAN (2687009), UNITOPERATION_MOVE_TO (19)
041, Adding, 7, UNIT_SKIRMISHER (4587562), UNITOPERATION_MOVE_TO (19)
041, Adding, 7, UNIT_SKIRMISHER (4522025), UNITOPERATION_MOVE_TO (19)
041, Adding, 7, UNIT_BUILDER (4390920), UNITOPERATION_SWAP_UNITS (49)
041, Can't Start, 7, UNIT_BUILDER (4390920), UNITOPERATION_SWAP_UNITS (49)
041, Adding, 7, UNIT_BUILDER (4390920), UNITOPERATION_MOVE_TO (19)
041, Adding, 7, UNIT_BUILDER (4390920), UNITOPERATION_BUILD_IMPROVEMENT (2)
041, Adding, 7, UNIT_BUILDER (4194342), UNITOPERATION_SWAP_UNITS (49)
041, Can't Start, 7, UNIT_BUILDER (4194342), UNITOPERATION_SWAP_UNITS (49)
041, Adding, 7, UNIT_BUILDER (4194342), UNITOPERATION_MOVE_TO (19)
041, Adding, 7, UNIT_BUILDER (4194342), UNITOPERATION_BUILD_IMPROVEMENT (2)
041, Adding, 7, UNIT_BUILDER (2293788), UNITOPERATION_SWAP_UNITS (49)
041, Can't Start, 7, UNIT_BUILDER (2293788), UNITOPERATION_SWAP_UNITS (49)
041, Adding, 7, UNIT_BUILDER (2293788), UNITOPERATION_MOVE_TO (19)
041, Adding, 7, UNIT_BUILDER (2293788), UNITOPERATION_HARVEST_RESOURCE (16)
041, Adding, 7, UNIT_BUILDER (4718636), UNITOPERATION_SWAP_UNITS (49)
041, Can't Start, 7, UNIT_BUILDER (4718636), UNITOPERATION_SWAP_UNITS (49)
041, Adding, 7, UNIT_BUILDER (4718636), UNITOPERATION_MOVE_TO (19)
041, Adding, 7, UNIT_BUILDER (4325403), UNITOPERATION_BUILD_IMPROVEMENT (2)
041, Adding, 7, UNIT_SKIRMISHER (3735570), UNITOPERATION_MOVE_TO (19)
041, Adding, 7, UNIT_SKIRMISHER (3538973), UNITOPERATION_MOVE_TO (19)
041, Adding, 7, UNIT_SKIRMISHER (3866661), UNITOPERATION_MOVE_TO (19)
041, Adding, 7, UNIT_SWORDSMAN (4259879), UNITOPERATION_MOVE_TO (19)
041, Adding, 7, UNIT_SWORDSMAN (4653099), UNITOPERATION_MOVE_TO (19)
041, Adding, 7, UNIT_BUILDER (4784145), UNITOPERATION_MOVE_TO (19)
041, Adding, 7, UNIT_TAOIST (851968), UNITOPERATION_MOVE_TO (19)
041, Adding, 7, UNIT_BUILDER (4784145), UNITOPERATION_MOVE_TO (19)
041, Adding, 7, UNIT_TAOIST (851968), UNITOPERATION_MOVE_TO (19)
041, Adding, 7, UNIT_BUILDER (4784145), UNITOPERATION_MOVE_TO (19)
041, Adding, 8, UNIT_TRADER (1048588), UNITOPERATION_MAKE_TRADE_ROUTE (18)
041, Can't Start, 8, UNIT_TRADER (1048588), UNITOPERATION_MAKE_TRADE_ROUTE (18)
041, Adding, 8, UNIT_SCOUT (458757), UNITOPERATION_SWAP_UNITS (49)
041, Can't Start, 8, UNIT_SCOUT (458757), UNITOPERATION_SWAP_UNITS (49)
041, Adding, 8, UNIT_SCOUT (458757), UNITOPERATION_MOVE_TO (19)
041, Adding, 8, UNIT_SCOUT (589831), UNITOPERATION_SWAP_UNITS (49)
041, Can't Start, 8, UNIT_SCOUT (589831), UNITOPERATION_SWAP_UNITS (49)
041, Adding, 8, UNIT_SCOUT (589831), UNITOPERATION_MOVE_TO (19)
041, Adding, 8, UNIT_SCOUT (720904), UNITOPERATION_SWAP_UNITS (49)
041, Can't Start, 8, UNIT_SCOUT (720904), UNITOPERATION_SWAP_UNITS (49)
041, Adding, 8, UNIT_SCOUT (720904), UNITOPERATION_MOVE_TO (19)
041, Adding, 8, UNIT_SWORDSMAN (3801117), UNITOPERATION_SWAP_UNITS (49)
041, Can't Start, 8, UNIT_SWORDSMAN (3801117), UNITOPERATION_SWAP_UNITS (49)
041, Adding, 8, UNIT_SWORDSMAN (3801117), UNITOPERATION_MOVE_TO (19)
041, Adding, 8, UNIT_SWORDSMAN (3145762), UNITOPERATION_SWAP_UNITS (49)
041, Can't Start, 8, UNIT_SWORDSMAN (3145762), UNITOPERATION_SWAP_UNITS (49)
041, Adding, 8, UNIT_SWORDSMAN (3145762), UNITOPERATION_MOVE_TO (19)
041, Adding, 8, UNIT_ARCHER (1966102), UNITOPERATION_RANGE_ATTACK (26)
041, Adding, 8, UNIT_ARCHER (1966102), UNITOPERATION_MOVE_TO (19)
041, Adding, 8, UNIT_HORSEMAN (2424853), UNITOPERATION_MOVE_TO (19)
041, Adding, 8, UNIT_HORSEMAN (2424853), UNITOPERATION_MOVE_TO (19)
041, Adding, 8, UNIT_CATAPULT (3276804), UNITOPERATION_MOVE_TO (19)
041, Adding, 8, UNIT_SWORDSMAN (3080225), UNITOPERATION_MOVE_TO (19)
041, Adding, 8, UNIT_SWORDSMAN (3932199), UNITOPERATION_MOVE_TO (19)
041, Adding, 8, UNIT_SWORDSMAN (4915249), UNITOPERATION_MOVE_TO (19)
041, Adding, 8, UNIT_VIETNAMESE_VOI_CHIEN (5439490), UNITOPERATION_MOVE_TO (19)
041, Adding, 8, UNIT_HORSEMAN (2228250), UNITOPERATION_MOVE_TO (19)
041, Adding, 8, UNIT_HORSEMAN (3604499), UNITOPERATION_MOVE_TO (19)
041, Adding, 8, UNIT_SWORDSMAN (4653103), UNITOPERATION_MOVE_TO (19)
041, Adding, 8, UNIT_BUILDER (5636139), UNITOPERATION_SWAP_UNITS (49)
041, Can't Start, 8, UNIT_BUILDER (5636139), UNITOPERATION_SWAP_UNITS (49)
041, Adding, 8, UNIT_BUILDER (5636139), UNITOPERATION_MOVE_TO (19)
041, Adding, 8, UNIT_BUILDER (5963808), UNITOPERATION_SWAP_UNITS (49)
041, Can't Start, 8, UNIT_BUILDER (5963808), UNITOPERATION_SWAP_UNITS (49)
041, Adding, 8, UNIT_BUILDER (5963808), UNITOPERATION_MOVE_TO (19)
041, Adding, 8, UNIT_BUILDER (4718593), UNITOPERATION_SWAP_UNITS (49)
041, Can't Start, 8, UNIT_BUILDER (4718593), UNITOPERATION_SWAP_UNITS (49)
041, Adding, 8, UNIT_BUILDER (4718593), UNITOPERATION_MOVE_TO (19)
041, Adding, 8, UNIT_BUILDER (5898276), UNITOPERATION_SWAP_UNITS (49)
041, Can't Start, 8, UNIT_BUILDER (5898276), UNITOPERATION_SWAP_UNITS (49)
041, Adding, 8, UNIT_BUILDER (5898276), UNITOPERATION_MOVE_TO (19)
041, Adding, 8, UNIT_BUILDER (5898276), UNITOPERATION_BUILD_IMPROVEMENT (2)
041, Adding, 8, UNIT_SKIRMISHER (4522029), UNITOPERATION_SWAP_UNITS (49)
041, Can't Start, 8, UNIT_SKIRMISHER (4522029), UNITOPERATION_SWAP_UNITS (49)
041, Adding, 8, UNIT_SKIRMISHER (4522029), UNITOPERATION_MOVE_TO (19)
041, Adding, 8, UNIT_VIETNAMESE_VOI_CHIEN (5832707), UNITOPERATION_MOVE_TO (19)
041, Adding, 8, UNIT_HORSEMAN (3997710), UNITOPERATION_MOVE_TO (19)
041, Adding, 8, UNIT_HORSEMAN (2752528), UNITOPERATION_MOVE_TO (19)
041, Adding, 8, UNIT_VIETNAMESE_VOI_CHIEN (5111825), UNITOPERATION_MOVE_TO (19)
041, Adding, 8, UNIT_VIETNAMESE_VOI_CHIEN (5373972), UNITOPERATION_MOVE_TO (19)
041, Adding, 8, UNIT_VIETNAMESE_VOI_CHIEN (6029335), UNITOPERATION_MOVE_TO (19)
041, Adding, 8, UNIT_VIETNAMESE_VOI_CHIEN (5767195), UNITOPERATION_MOVE_TO (19)
041, Adding, 8, UNIT_VIETNAMESE_VOI_CHIEN (5046300), UNITOPERATION_MOVE_TO (19)
041, Adding, 8, UNIT_VIETNAMESE_VOI_CHIEN (5308458), UNITOPERATION_MOVE_TO (19)
041, Adding, 8, UNIT_VIETNAMESE_VOI_CHIEN (5570604), UNITOPERATION_MOVE_TO (19)
041, Adding, 8, UNIT_HORSEMAN (4587566), UNITOPERATION_MOVE_TO (19)
041, Adding, 8, UNIT_CATAPULT (3342336), UNITOPERATION_MOVE_TO (19)
041, Adding, 8, UNIT_MISSIONARY (2555910), UNITOPERATION_SPREAD_RELIGION (38)
041, Adding, 8, UNIT_MISSIONARY (5177355), UNITOPERATION_MOVE_TO (19)
041, Adding, 8, UNIT_MISSIONARY (3866637), UNITOPERATION_SPREAD_RELIGION (38)
041, Adding, 8, UNIT_MISSIONARY (2621458), UNITOPERATION_MOVE_TO (19)
041, Adding, 8, UNIT_MISSIONARY (4259864), UNITOPERATION_MOVE_TO (19)
041, Adding, 8, UNIT_MISSIONARY (4849689), UNITOPERATION_MOVE_TO (19)
041, Adding, 8, UNIT_MISSIONARY (2883614), UNITOPERATION_MOVE_TO (19)
041, Adding, 8, UNIT_MISSIONARY (2883614), UNITOPERATION_SPREAD_RELIGION (38)
041, Adding, 8, UNIT_MISSIONARY (2949151), UNITOPERATION_SPREAD_RELIGION (38)
041, Adding, 8, UNIT_MISSIONARY (3407907), UNITOPERATION_MOVE_TO (19)
041, Adding, 8, UNIT_MISSIONARY (3670053), UNITOPERATION_MOVE_TO (19)
041, Adding, 8, UNIT_MISSIONARY (5701670), UNITOPERATION_MOVE_TO (19)
041, Adding, 8, UNIT_MISSIONARY (4063272), UNITOPERATION_MOVE_TO (19)
041, Adding, 8, UNIT_MISSIONARY (4784176), UNITOPERATION_MOVE_TO (19)
041, Adding, 8, UNIT_SKIRMISHER (5505075), UNITOPERATION_MOVE_TO (19)
041, Adding, 8, UNIT_SKIRMISHER (5505075), UNITOPERATION_MOVE_TO (19)
041, Adding, 8, UNIT_SKIRMISHER (4128809), UNITOPERATION_MOVE_TO (19)
041, Adding, 8, UNIT_SKIRMISHER (4128809), UNITOPERATION_MOVE_TO (19)
041, Adding, 8, UNIT_SKIRMISHER (4128809), UNITOPERATION_MOVE_TO (19)
041, Adding, 8, UNIT_SKIRMISHER (5242890), UNITOPERATION_MOVE_TO (19)
041, Adding, 8, UNIT_SKIRMISHER (5242890), UNITOPERATION_SKIP_TURN (36)
041, Can't Start, 8, UNIT_TRADER (1048588), UNITOPERATION_MAKE_TRADE_ROUTE (18)
041, Adding, 9, UNIT_CROSSBOWMAN (6815774), UNITOPERATION_SWAP_UNITS (49)
041, Can't Start, 9, UNIT_CROSSBOWMAN (6815774), UNITOPERATION_SWAP_UNITS (49)
041, Adding, 9, UNIT_CROSSBOWMAN (6815774), UNITOPERATION_MOVE_TO (19)
041, Adding, 9, UNIT_CROSSBOWMAN (4653096), UNITOPERATION_RANGE_ATTACK (26)
041, Adding, 9, UNIT_CROSSBOWMAN (6160431), UNITOPERATION_RANGE_ATTACK (26)
041, Adding, 9, UNIT_CROSSBOWMAN (4653096), UNITOPERATION_MOVE_TO (19)
041, Adding, 9, UNIT_CROSSBOWMAN (6160431), UNITOPERATION_MOVE_TO (19)
041, Adding, 9, UNIT_SETTLER (3997697), UNITOPERATION_MOVE_TO (19)
041, Can't Start, 9, UNIT_SETTLER (3997697), UNITOPERATION_MOVE_TO (19)
041, Adding, 9, UNIT_CROSSBOWMAN (5242890), UNITOPERATION_MOVE_TO (19)
041, Adding, 9, UNIT_SETTLER (3997697), UNITOPERATION_FOUND_CITY (14)
041, Adding, 9, UNIT_ROMAN_LEGION (3932175), UNITOPERATION_SWAP_UNITS (49)
041, Can't Start, 9, UNIT_ROMAN_LEGION (3932175), UNITOPERATION_SWAP_UNITS (49)
041, Adding, 9, UNIT_ROMAN_LEGION (3932175), UNITOPERATION_MOVE_TO (19)
041, Adding, 9, UNIT_CATAPULT (3014684), UNITOPERATION_RANGE_ATTACK (26)
041, Adding, 9, UNIT_CATAPULT (3014684), UNITOPERATION_MOVE_TO (19)
041, Adding, 9, UNIT_MAN_AT_ARMS (6291505), UNITOPERATION_MOVE_TO (19)
041, Adding, 9, UNIT_CROSSBOWMAN (4587520), UNITOPERATION_MOVE_TO (19)
041, Adding, 9, UNIT_CROSSBOWMAN (6094894), UNITOPERATION_MOVE_TO (19)
041, Adding, 9, UNIT_ROMAN_LEGION (3735569), UNITOPERATION_SWAP_UNITS (49)
041, Can't Start, 9, UNIT_ROMAN_LEGION (3735569), UNITOPERATION_SWAP_UNITS (49)
041, Adding, 9, UNIT_ROMAN_LEGION (3735569), UNITOPERATION_MOVE_TO (19)
041, Adding, 9, UNIT_ARCHER (2752546), UNITOPERATION_SWAP_UNITS (49)
041, Can't Start, 9, UNIT_ARCHER (2752546), UNITOPERATION_SWAP_UNITS (49)
041, Adding, 9, UNIT_ARCHER (2752546), UNITOPERATION_MOVE_TO (19)
041, Adding, 9, UNIT_BUILDER (3604500), UNITOPERATION_SWAP_UNITS (49)
041, Can't Start, 9, UNIT_BUILDER (3604500), UNITOPERATION_SWAP_UNITS (49)
041, Adding, 9, UNIT_BUILDER (3604500), UNITOPERATION_MOVE_TO (19)
041, Adding, 9, UNIT_BUILDER (3604500), UNITOPERATION_BUILD_IMPROVEMENT (2)
041, Adding, 9, UNIT_BUILDER (6029325), UNITOPERATION_SWAP_UNITS (49)
041, Can't Start, 9, UNIT_BUILDER (6029325), UNITOPERATION_SWAP_UNITS (49)
041, Adding, 9, UNIT_BUILDER (6029325), UNITOPERATION_MOVE_TO (19)
041, Adding, 9, UNIT_CATAPULT (4194323), UNITOPERATION_SWAP_UNITS (49)
041, Can't Start, 9, UNIT_CATAPULT (4194323), UNITOPERATION_SWAP_UNITS (49)
041, Adding, 9, UNIT_CATAPULT (4194323), UNITOPERATION_MOVE_TO (19)
041, Adding, 9, UNIT_SKIRMISHER (5636103), UNITOPERATION_FORTIFY (12)
041, Adding, 9, UNIT_MAN_AT_ARMS (7143426), UNITOPERATION_MOVE_TO (19)
041, Adding, 9, UNIT_MAN_AT_ARMS (7077893), UNITOPERATION_MOVE_TO (19)
041, Adding, 9, UNIT_HORSEMAN (4325385), UNITOPERATION_MOVE_TO (19)
041, Adding, 9, UNIT_MAN_AT_ARMS (7012370), UNITOPERATION_MOVE_TO (19)
041, Adding, 9, UNIT_HORSEMAN (2818083), UNITOPERATION_MOVE_TO (19)
041, Adding, 9, UNIT_MAN_AT_ARMS (6357042), UNITOPERATION_MOVE_TO (19)
041, Adding, 9, UNIT_MAN_AT_ARMS (6422579), UNITOPERATION_MOVE_TO (19)
041, Adding, 9, UNIT_MAN_AT_ARMS (6488116), UNITOPERATION_MOVE_TO (19)
041, Adding, 9, UNIT_MAN_AT_ARMS (6553653), UNITOPERATION_MOVE_TO (19)
041, Can't Start, 9, UNIT_MAN_AT_ARMS (6553653), UNITOPERATION_MOVE_TO (19)
041, Adding, 9, UNIT_MAN_AT_ARMS (6619190), UNITOPERATION_MOVE_TO (19)
041, Adding, 9, UNIT_MAN_AT_ARMS (7209015), UNITOPERATION_MOVE_TO (19)
041, Adding, 9, UNIT_CROSSBOWMAN (4521995), UNITOPERATION_MOVE_TO (19)
041, Adding, 9, UNIT_CROSSBOWMAN (6946840), UNITOPERATION_MOVE_TO (19)
041, Adding, 9, UNIT_CROSSBOWMAN (5701661), UNITOPERATION_MOVE_TO (19)
041, Adding, 9, UNIT_CROSSBOWMAN (4980767), UNITOPERATION_MOVE_TO (19)
041, Adding, 9, UNIT_CATAPULT (4849697), UNITOPERATION_MOVE_TO (19)
041, Adding, 9, UNIT_CROSSBOWMAN (6750246), UNITOPERATION_MOVE_TO (19)
041, Adding, 9, UNIT_CROSSBOWMAN (4718633), UNITOPERATION_MOVE_TO (19)
041, Adding, 9, UNIT_CROSSBOWMAN (5308459), UNITOPERATION_MOVE_TO (19)
041, Adding, 9, UNIT_MISSIONARY (4390915), UNITOPERATION_MOVE_TO (19)
041, Adding, 9, UNIT_MISSIONARY (5570574), UNITOPERATION_MOVE_TO (19)
041, Adding, 9, UNIT_MISSIONARY (5177365), UNITOPERATION_MOVE_TO (19)
041, Adding, 9, UNIT_MISSIONARY (5439513), UNITOPERATION_MOVE_TO (19)
041, Adding, 9, UNIT_MISSIONARY (6881306), UNITOPERATION_MOVE_TO (19)
041, Adding, 9, UNIT_MISSIONARY (4915232), UNITOPERATION_MOVE_TO (19)
041, Adding, 9, UNIT_MISSIONARY (5832748), UNITOPERATION_MOVE_TO (19)
041, Adding, 9, UNIT_MISSIONARY (6225968), UNITOPERATION_MOVE_TO (19)
041, Adding, 9, UNIT_BUILDER (5767191), UNITOPERATION_MOVE_TO (19)
041, Adding, 9, UNIT_BUILDER (5767191), UNITOPERATION_MOVE_TO (19)
041, Adding, 9, UNIT_SKIRMISHER (5046276), UNITOPERATION_MOVE_TO (19)
041, Adding, 9, UNIT_BUILDER (5767191), UNITOPERATION_MOVE_TO (19)
041, Adding, 9, UNIT_SKIRMISHER (5046276), UNITOPERATION_MOVE_TO (19)
041, Adding, 9, UNIT_SKIRMISHER (5111830), UNITOPERATION_MOVE_TO (19)
041, Adding, 9, UNIT_SKIRMISHER (5111830), UNITOPERATION_SKIP_TURN (36)
041, Adding, 9, UNIT_BUILDER (3538971), UNITOPERATION_SKIP_TURN (36)
041, Adding, 9, UNIT_BUILDER (5963821), UNITOPERATION_SKIP_TURN (36)
041, Adding, 10, UNIT_WARRIOR (458756), UNITOPERATION_SWAP_UNITS (49)
041, Can't Start, 10, UNIT_WARRIOR (458756), UNITOPERATION_SWAP_UNITS (49)
041, Adding, 10, UNIT_WARRIOR (458756), UNITOPERATION_MOVE_TO (19)
041, Adding, 10, UNIT_CROSSBOWMAN (983040), UNITOPERATION_MOVE_TO (19)
041, Adding, 10, UNIT_SWORDSMAN (786433), UNITOPERATION_MOVE_TO (19)
041, Adding, 10, UNIT_SWORDSMAN (917506), UNITOPERATION_MOVE_TO (19)
041, Adding, 10, UNIT_SWORDSMAN (851971), UNITOPERATION_MOVE_TO (19)
041, Adding, 10, UNIT_SWORDSMAN (720902), UNITOPERATION_MOVE_TO (19)
041, Adding, 12, UNIT_SWORDSMAN (458752), UNITOPERATION_MOVE_TO (19)
041, Adding, 12, UNIT_SWORDSMAN (655361), UNITOPERATION_MOVE_TO (19)
041, Adding, 12, UNIT_CROSSBOWMAN (720898), UNITOPERATION_MOVE_TO (19)
041, Adding, 12, UNIT_CROSSBOWMAN (786435), UNITOPERATION_MOVE_TO (19)
041, Adding, 12, UNIT_SWORDSMAN (589829), UNITOPERATION_MOVE_TO (19)
041, Adding, 12, UNIT_BUILDER (524292), UNITOPERATION_SKIP_TURN (36)
041, Adding, 13, UNIT_SWORDSMAN (655361), UNITOPERATION_MOVE_TO (19)
041, Adding, 13, UNIT_CATAPULT (720898), UNITOPERATION_MOVE_TO (19)
041, Adding, 13, UNIT_HEAVY_CHARIOT (524292), UNITOPERATION_MOVE_TO (19)
041, Adding, 13, UNIT_SWORDSMAN (589829), UNITOPERATION_MOVE_TO (19)
041, Adding, 13, UNIT_BUILDER (786432), UNITOPERATION_SKIP_TURN (36)
041, Adding, 14, UNIT_BUILDER (393216), UNITOPERATION_SWAP_UNITS (49)
041, Can't Start, 14, UNIT_BUILDER (393216), UNITOPERATION_SWAP_UNITS (49)
041, Adding, 14, UNIT_BUILDER (393216), UNITOPERATION_MOVE_TO (19)
041, Adding, 14, UNIT_BUILDER (393216), UNITOPERATION_REMOVE_FEATURE (28)
041, Adding, 14, UNIT_SWORDSMAN (589829), UNITOPERATION_SWAP_UNITS (49)
041, Can't Start, 14, UNIT_SWORDSMAN (589829), UNITOPERATION_SWAP_UNITS (49)
041, Adding, 14, UNIT_SWORDSMAN (589829), UNITOPERATION_MOVE_TO (19)
041, Adding, 14, UNIT_CATAPULT (458755), UNITOPERATION_SWAP_UNITS (49)
041, Can't Start, 14, UNIT_CATAPULT (458755), UNITOPERATION_SWAP_UNITS (49)
041, Adding, 14, UNIT_CATAPULT (458755), UNITOPERATION_MOVE_TO (19)
041, Adding, 14, UNIT_SWORDSMAN (655362), UNITOPERATION_MOVE_TO (19)
041, Adding, 14, UNIT_CATAPULT (524292), UNITOPERATION_MOVE_TO (19)
041, Adding, 15, UNIT_SWORDSMAN (983041), UNITOPERATION_MOVE_TO (19)
041, Adding, 15, UNIT_HORSEMAN (720902), UNITOPERATION_MOVE_TO (19)
041, Adding, 15, UNIT_SWORDSMAN (786439), UNITOPERATION_MOVE_TO (19)
041, Adding, 15, UNIT_SWORDSMAN (851976), UNITOPERATION_MOVE_TO (19)
041, Adding, 15, UNIT_SWORDSMAN (1048585), UNITOPERATION_MOVE_TO (19)
041, Adding, 15, UNIT_SWORDSMAN (1114122), UNITOPERATION_MOVE_TO (19)
041, Adding, 15, UNIT_BUILDER (917507), UNITOPERATION_SKIP_TURN (36)
041, Adding, 16, UNIT_SWORDSMAN (851977), UNITOPERATION_SWAP_UNITS (49)
041, Can't Start, 16, UNIT_SWORDSMAN (851977), UNITOPERATION_SWAP_UNITS (49)
041, Adding, 16, UNIT_SWORDSMAN (851977), UNITOPERATION_MOVE_TO (19)
041, Adding, 16, UNIT_CATAPULT (720903), UNITOPERATION_SWAP_UNITS (49)
041, Can't Start, 16, UNIT_CATAPULT (720903), UNITOPERATION_SWAP_UNITS (49)
041, Adding, 16, UNIT_CATAPULT (720903), UNITOPERATION_MOVE_TO (19)
041, Adding, 16, UNIT_SWORDSMAN (917514), UNITOPERATION_SWAP_UNITS (49)
041, Can't Start, 16, UNIT_SWORDSMAN (917514), UNITOPERATION_SWAP_UNITS (49)
041, Adding, 16, UNIT_SWORDSMAN (917514), UNITOPERATION_MOVE_TO (19)
041, Adding, 16, UNIT_CROSSBOWMAN (1245192), UNITOPERATION_RANGE_ATTACK (26)
041, Adding, 16, UNIT_CROSSBOWMAN (1245192), UNITOPERATION_MOVE_TO (19)
041, Adding, 16, UNIT_SWORDSMAN (983045), UNITOPERATION_MOVE_TO (19)
041, Adding, 16, UNIT_SWORDSMAN (851977), UNITOPERATION_MOVE_TO (19)
041, Adding, 17, UNIT_WARRIOR (196610), UNITOPERATION_SWAP_UNITS (49)
041, Can't Start, 17, UNIT_WARRIOR (196610), UNITOPERATION_SWAP_UNITS (49)
041, Adding, 17, UNIT_WARRIOR (196610), UNITOPERATION_MOVE_TO (19)
041, Adding, 17, UNIT_WARRIOR (458756), UNITOPERATION_SWAP_UNITS (49)
041, Can't Start, 17, UNIT_WARRIOR (458756), UNITOPERATION_SWAP_UNITS (49)
041, Adding, 17, UNIT_WARRIOR (458756), UNITOPERATION_MOVE_TO (19)
041, Adding, 17, UNIT_BUILDER (720902), UNITOPERATION_HARVEST_RESOURCE (16)
041, Can't Start, 17, UNIT_BUILDER (720902), UNITOPERATION_HARVEST_RESOURCE (16)
041, Adding, 17, UNIT_BUILDER (720902), UNITOPERATION_BUILD_IMPROVEMENT (2)
041, Can't Start, 17, UNIT_BUILDER (720902), UNITOPERATION_BUILD_IMPROVEMENT (2)
041, Adding, 17, UNIT_SWORDSMAN (851971), UNITOPERATION_MOVE_TO (19)
041, Adding, 17, UNIT_SWORDSMAN (983045), UNITOPERATION_MOVE_TO (19)
041, Adding, 17, UNIT_SWORDSMAN (786439), UNITOPERATION_MOVE_TO (19)
041, Adding, 17, UNIT_SWORDSMAN (917512), UNITOPERATION_MOVE_TO (19)
041, Adding, 20, UNIT_ARCHER (655366), UNITOPERATION_SWAP_UNITS (49)
041, Can't Start, 20, UNIT_ARCHER (655366), UNITOPERATION_SWAP_UNITS (49)
041, Adding, 20, UNIT_ARCHER (655366), UNITOPERATION_MOVE_TO (19)
041, Adding, 20, UNIT_SWORDSMAN (720896), UNITOPERATION_MOVE_TO (19)
041, Adding, 20, UNIT_CROSSBOWMAN (851970), UNITOPERATION_MOVE_TO (19)
041, Adding, 20, UNIT_HEAVY_CHARIOT (458756), UNITOPERATION_MOVE_TO (19)
041, Adding, 20, UNIT_SWORDSMAN (786439), UNITOPERATION_MOVE_TO (19)
041, Adding, 21, UNIT_WARRIOR (327683), UNITOPERATION_SWAP_UNITS (49)
041, Can't Start, 21, UNIT_WARRIOR (327683), UNITOPERATION_SWAP_UNITS (49)
041, Adding, 21, UNIT_WARRIOR (327683), UNITOPERATION_MOVE_TO (19)
041, Adding, 21, UNIT_WARRIOR (393220), UNITOPERATION_SWAP_UNITS (49)
041, Can't Start, 21, UNIT_WARRIOR (393220), UNITOPERATION_SWAP_UNITS (49)
041, Adding, 21, UNIT_WARRIOR (393220), UNITOPERATION_MOVE_TO (19)
041, Adding, 21, UNIT_BUILDER (655366), UNITOPERATION_SWAP_UNITS (49)
041, Can't Start, 21, UNIT_BUILDER (655366), UNITOPERATION_SWAP_UNITS (49)
041, Adding, 21, UNIT_BUILDER (655366), UNITOPERATION_MOVE_TO (19)
041, Adding, 21, UNIT_HEAVY_CHARIOT (524288), UNITOPERATION_MOVE_TO (19)
041, Adding, 21, UNIT_CROSSBOWMAN (851970), UNITOPERATION_MOVE_TO (19)
041, Adding, 21, UNIT_CATAPULT (720903), UNITOPERATION_MOVE_TO (19)
041, Adding, 21, UNIT_SWORDSMAN (786440), UNITOPERATION_MOVE_TO (19)
041, Adding, 21, UNIT_SWORDSMAN (917513), UNITOPERATION_MOVE_TO (19)
041, Adding, 1, UNIT_WARRIOR (131073), UNITOPERATION_MOVE_TO (19)
041, Adding, 3, UNIT_BUILDER (1572878), UNITOPERATION_MOVE_TO (19)
041, Adding, 3, UNIT_BUILDER (1572878), UNITOPERATION_BUILD_IMPROVEMENT (2)
041, Adding, 3, UNIT_BUILDER (1507341), UNITOPERATION_MOVE_TO (19)
041, Adding, 3, UNIT_BUILDER (1507341), UNITOPERATION_BUILD_IMPROVEMENT (2)
041, Adding, 1, UNIT_BUILDER (1900561), UNITOPERATION_MOVE_TO (19)
041, Adding, 4, UNIT_NUBIAN_PITATI (1703953), UNITOPERATION_HEAL (13)
041, Adding, 1, UNIT_BUILDER (2031625), UNITOPERATION_MOVE_TO (19)
041, Adding, 1, UNIT_BUILDER (2031625), UNITOPERATION_BUILD_IMPROVEMENT (2)
041, Adding, 4, UNIT_SCOUT (393220), UNITOPERATION_FORTIFY (12)
041, Adding, 4, UNIT_BUILDER (3014675), UNITOPERATION_MOVE_TO (19)
041, Adding, 1, UNIT_BUILDER (1507340), UNITOPERATION_BUILD_IMPROVEMENT (2)
041, Adding, 1, UNIT_BUILDER (1835024), UNITOPERATION_BUILD_IMPROVEMENT (2)
041, Adding, 0, UNIT_EGYPTIAN_CHARIOT_ARCHER (1572871), UNITOPERATION_MOVE_TO (19)
041, Adding, 0, UNIT_VAMPIRE (262146), UNITOPERATION_MOVE_TO (19)
041, Adding, 1, UNIT_BUILDER (2031625), UNITOPERATION_MOVE_TO (19)
041, Adding, 0, UNIT_VAMPIRE (262146), UNITOPERATION_BUILD_ROUTE (3)
041, Adding, 1, UNIT_TRADER (1703950), UNITOPERATION_MAKE_TRADE_ROUTE (18)
041, Adding, 2, UNIT_BUILDER (1441800), UNITOPERATION_MOVE_TO (19)
041, Adding, 1, UNIT_BUILDER (1638413), UNITOPERATION_MOVE_TO (19)
041, Adding, 0, UNIT_BUILDER (1507340), UNITOPERATION_MOVE_TO (19)
041, Adding, 1, UNIT_BUILDER (1376267), UNITOPERATION_MOVE_TO (19)
041, Adding, 0, UNIT_BUILDER (1507340), UNITOPERATION_BUILD_IMPROVEMENT (2)
041, Adding, 2, UNIT_INDIAN_VARU (1507331), UNITOPERATION_MOVE_TO (19)
041, Adding, 1, UNIT_BUILDER (1900561), UNITOPERATION_REMOVE_FEATURE (28)
041, Adding, 2, UNIT_BUILDER (1310724), UNITOPERATION_MOVE_TO (19)
041, Adding, 2, UNIT_BUILDER (1310724), UNITOPERATION_BUILD_IMPROVEMENT (2)
041, Adding, 4, UNIT_SETTLER (2949141), UNITOPERATION_MOVE_TO (19)
041, Adding, 2, UNIT_BUILDER (1376265), UNITOPERATION_MOVE_TO (19)
041, Adding, 2, UNIT_BUILDER (1376265), UNITOPERATION_BUILD_IMPROVEMENT (2)
041, Adding, 0, UNIT_BUILDER (1769486), UNITOPERATION_MOVE_TO (19)
041, Adding, 0, UNIT_BUILDER (1769486), UNITOPERATION_BUILD_IMPROVEMENT (2)
041, Adding, 4, UNIT_BUILDER (2818059), UNITOPERATION_MOVE_TO (19)
041, Adding, 1, UNIT_BUILDER (1310730), UNITOPERATION_MOVE_TO (19)
041, Adding, 1, UNIT_BUILDER (1310730), UNITOPERATION_BUILD_IMPROVEMENT (2)
041, Adding, 4, UNIT_BUILDER (2818059), UNITOPERATION_BUILD_IMPROVEMENT (2)
041, Adding, 1, UNIT_BUILDER (1769487), UNITOPERATION_MOVE_TO (19)
041, Adding, 0, UNIT_BUILDER (1769486), UNITOPERATION_MOVE_TO (19)
041, Adding, 1, UNIT_BUILDER (1769487), UNITOPERATION_REMOVE_FEATURE (28)
041, Adding, 0, UNIT_BUILDER (1638413), UNITOPERATION_MOVE_TO (19)
041, Adding, 0, UNIT_BUILDER (1638413), UNITOPERATION_BUILD_IMPROVEMENT (2)
041, Adding, 4, UNIT_BUILDER (3014675), UNITOPERATION_MOVE_TO (19)
041, Adding, 1, UNIT_BUILDER (1114119), UNITOPERATION_MOVE_TO (19)
041, Adding, 0, UNIT_BUILDER (1638413), UNITOPERATION_MOVE_TO (19)
041, Adding, 3, UNIT_BUILDER (1638409), UNITOPERATION_MOVE_TO (19)
041, Adding, 4, UNIT_NUBIAN_PITATI (1310726), UNITOPERATION_MOVE_TO (19)
041, Adding, 1, UNIT_BUILDER (1114119), UNITOPERATION_REMOVE_FEATURE (28)
041, Adding, 4, UNIT_NUBIAN_PITATI (983047), UNITOPERATION_MOVE_TO (19)
041, Adding, 3, UNIT_SETTLER (1114119), UNITOPERATION_MOVE_TO (19)
041, Adding, 3, UNIT_SETTLER (1376267), UNITOPERATION_MOVE_TO (19)
041, Adding, 4, UNIT_NUBIAN_PITATI (1572876), UNITOPERATION_MOVE_TO (19)
041, Adding, 4, UNIT_VAMPIRE (196608), UNITOPERATION_MOVE_TO (19)
041, Adding, 3, UNIT_SETTLER (1703942), UNITOPERATION_MOVE_TO (19)
041, Adding, 4, UNIT_NUBIAN_PITATI (1769490), UNITOPERATION_MOVE_TO (19)
041, Adding, 4, UNIT_NUBIAN_PITATI (983047), UNITOPERATION_SKIP_TURN (36)
041, Adding, 4, UNIT_NUBIAN_PITATI (1310726), UNITOPERATION_SKIP_TURN (36)
041, Adding, 3, UNIT_SETTLER (1703942), UNITOPERATION_MOVE_TO (19)
041, Adding, 4, UNIT_BUILDER (2424834), UNITOPERATION_MOVE_TO (19)
041, Adding, 2, UNIT_WARRIOR (131073), UNITOPERATION_MOVE_TO (19)
041, Adding, 0, UNIT_EGYPTIAN_CHARIOT_ARCHER (1572871), UNITOPERATION_MOVE_TO (19)
041, Adding, 4, UNIT_BUILDER (2424834), UNITOPERATION_BUILD_IMPROVEMENT (2)
041, Adding, 4, UNIT_BUILDER (3080212), UNITOPERATION_MOVE_TO (19)
041, Adding, 4, UNIT_BUILDER (2883606), UNITOPERATION_MOVE_TO (19)
041, Adding, 4, UNIT_BUILDER (2883606), UNITOPERATION_MOVE_TO (19)
041, Adding, 4, UNIT_BUILDER (2752520), UNITOPERATION_MOVE_TO (19)
042, Adding, 5, UNIT_TRADER (1245184), UNITOPERATION_MAKE_TRADE_ROUTE (18)
042, Can't Start, 5, UNIT_TRADER (1245184), UNITOPERATION_MAKE_TRADE_ROUTE (18)
042, Adding, 5, UNIT_TRADER (3866658), UNITOPERATION_MAKE_TRADE_ROUTE (18)
042, Adding, 5, UNIT_MACEDONIAN_HETAIROI (1769493), UNITOPERATION_SWAP_UNITS (49)
042, Can't Start, 5, UNIT_MACEDONIAN_HETAIROI (1769493), UNITOPERATION_SWAP_UNITS (49)
042, Adding, 5, UNIT_MACEDONIAN_HETAIROI (1769493), UNITOPERATION_MOVE_TO (19)
042, Adding, 5, UNIT_MACEDONIAN_HETAIROI (2293786), UNITOPERATION_MOVE_TO (19)
042, Adding, 5, UNIT_SETTLER (3997731), UNITOPERATION_MOVE_TO (19)
042, Adding, 5, UNIT_MACEDONIAN_HETAIROI (2293786), UNITOPERATION_MOVE_TO (19)
042, Adding, 5, UNIT_SCOUT (262147), UNITOPERATION_SWAP_UNITS (49)
042, Can't Start, 5, UNIT_SCOUT (262147), UNITOPERATION_SWAP_UNITS (49)
042, Adding, 5, UNIT_SCOUT (262147), UNITOPERATION_MOVE_TO (19)
042, Adding, 5, UNIT_MACEDONIAN_HYPASPIST (2883589), UNITOPERATION_SWAP_UNITS (49)
042, Can't Start, 5, UNIT_MACEDONIAN_HYPASPIST (2883589), UNITOPERATION_SWAP_UNITS (49)
042, Adding, 5, UNIT_MACEDONIAN_HYPASPIST (2883589), UNITOPERATION_MOVE_TO (19)
042, Adding, 5, UNIT_MACEDONIAN_HYPASPIST (2490383), UNITOPERATION_SWAP_UNITS (49)
042, Can't Start, 5, UNIT_MACEDONIAN_HYPASPIST (2490383), UNITOPERATION_SWAP_UNITS (49)
042, Adding, 5, UNIT_MACEDONIAN_HYPASPIST (2490383), UNITOPERATION_MOVE_TO (19)
042, Adding, 5, UNIT_MACEDONIAN_HYPASPIST (2687003), UNITOPERATION_SWAP_UNITS (49)
042, Can't Start, 5, UNIT_MACEDONIAN_HYPASPIST (2687003), UNITOPERATION_SWAP_UNITS (49)
042, Adding, 5, UNIT_MACEDONIAN_HYPASPIST (2687003), UNITOPERATION_MOVE_TO (19)
042, Adding, 5, UNIT_GREAT_SCIENTIST (3932176), UNITOPERATION_MOVE_TO (19)
042, Adding, 5, UNIT_CROSSBOWMAN (3604482), UNITOPERATION_MOVE_TO (19)
042, Adding, 5, UNIT_MACEDONIAN_HETAIROI (3014660), UNITOPERATION_MOVE_TO (19)
042, Can't Start, 5, UNIT_MACEDONIAN_HETAIROI (3014660), UNITOPERATION_MOVE_TO (19)
042, Adding, 5, UNIT_VAMPIRE (655367), UNITOPERATION_MOVE_TO (19)
042, Adding, 5, UNIT_MACEDONIAN_HETAIROI (2031624), UNITOPERATION_MOVE_TO (19)
042, Adding, 5, UNIT_MACEDONIAN_HETAIROI (2097163), UNITOPERATION_MOVE_TO (19)
042, Adding, 5, UNIT_MACEDONIAN_HETAIROI (2555916), UNITOPERATION_MOVE_TO (19)
042, Adding, 5, UNIT_CROSSBOWMAN (3801101), UNITOPERATION_MOVE_TO (19)
042, Adding, 5, UNIT_MACEDONIAN_HETAIROI (1900567), UNITOPERATION_MOVE_TO (19)
042, Adding, 5, UNIT_MACEDONIAN_HETAIROI (1966104), UNITOPERATION_MOVE_TO (19)
042, Adding, 5, UNIT_MACEDONIAN_HETAIROI (2228249), UNITOPERATION_MOVE_TO (19)
042, Adding, 5, UNIT_CROSSBOWMAN (3342365), UNITOPERATION_MOVE_TO (19)
042, Adding, 5, UNIT_CROSSBOWMAN (3735585), UNITOPERATION_MOVE_TO (19)
042, Adding, 5, UNIT_CROSSBOWMAN (4063268), UNITOPERATION_MOVE_TO (19)
042, Adding, 5, UNIT_MISSIONARY (2621441), UNITOPERATION_MOVE_TO (19)
042, Adding, 5, UNIT_MISSIONARY (3276806), UNITOPERATION_MOVE_TO (19)
042, Adding, 5, UNIT_MISSIONARY (3276806), UNITOPERATION_REMOVE_HERESY (29)
042, Can't Start, 5, UNIT_MISSIONARY (3276806), UNITOPERATION_REMOVE_HERESY (29)
042, Adding, 5, UNIT_MISSIONARY (2359305), UNITOPERATION_MOVE_TO (19)
042, Adding, 5, UNIT_MISSIONARY (2424850), UNITOPERATION_MOVE_TO (19)
042, Adding, 5, UNIT_MISSIONARY (3670035), UNITOPERATION_MOVE_TO (19)
042, Adding, 5, UNIT_MISSIONARY (3080222), UNITOPERATION_MOVE_TO (19)
042, Adding, 5, UNIT_BUILDER (1835030), UNITOPERATION_MOVE_TO (19)
042, Adding, 5, UNIT_BUILDER (1835030), UNITOPERATION_MOVE_TO (19)
042, Adding, 5, UNIT_BUILDER (1835030), UNITOPERATION_MOVE_TO (19)
042, Adding, 5, UNIT_BUILDER (1835030), UNITOPERATION_MOVE_TO (19)
042, Adding, 5, UNIT_BUILDER (1835030), UNITOPERATION_MOVE_TO (19)
042, Adding, 5, UNIT_SKIRMISHER (3211278), UNITOPERATION_MOVE_TO (19)
042, Adding, 5, UNIT_SKIRMISHER (3407892), UNITOPERATION_MOVE_TO (19)
042, Adding, 5, UNIT_SKIRMISHER (3145759), UNITOPERATION_MOVE_TO (19)
042, Adding, 5, UNIT_SKIRMISHER (3211278), UNITOPERATION_SKIP_TURN (36)
042, Adding, 5, UNIT_SKIRMISHER (3407892), UNITOPERATION_SKIP_TURN (36)
042, Adding, 5, UNIT_BUILDER (2752540), UNITOPERATION_SKIP_TURN (36)
042, Adding, 5, UNIT_SKIRMISHER (3145759), UNITOPERATION_SKIP_TURN (36)
042, Adding, 5, UNIT_BUILDER (3473440), UNITOPERATION_SKIP_TURN (36)
042, Can't Start, 5, UNIT_TRADER (1245184), UNITOPERATION_MAKE_TRADE_ROUTE (18)
042, Can't Start, 5, UNIT_MISSIONARY (3276806), UNITOPERATION_REMOVE_HERESY (29)
042, Adding, 6, UNIT_SETTLER (4522000), UNITOPERATION_MOVE_TO (19)
042, Can't Start, 6, UNIT_SETTLER (4522000), UNITOPERATION_MOVE_TO (19)
042, Adding, 6, UNIT_SWORDSMAN (4128779), UNITOPERATION_MOVE_TO (19)
042, Adding, 6, UNIT_SETTLER (4522000), UNITOPERATION_FOUND_CITY (14)
042, Adding, 6, UNIT_SCOUT (262147), UNITOPERATION_SWAP_UNITS (49)
042, Can't Start, 6, UNIT_SCOUT (262147), UNITOPERATION_SWAP_UNITS (49)
042, Adding, 6, UNIT_SCOUT (262147), UNITOPERATION_MOVE_TO (19)
042, Adding, 6, UNIT_BUILDER (4980737), UNITOPERATION_SWAP_UNITS (49)
042, Can't Start, 6, UNIT_BUILDER (4980737), UNITOPERATION_SWAP_UNITS (49)
042, Adding, 6, UNIT_BUILDER (4980737), UNITOPERATION_MOVE_TO (19)
042, Adding, 6, UNIT_BUILDER (4980737), UNITOPERATION_REPAIR (31)
042, Adding, 6, UNIT_BUILDER (5242904), UNITOPERATION_SWAP_UNITS (49)
042, Can't Start, 6, UNIT_BUILDER (5242904), UNITOPERATION_SWAP_UNITS (49)
042, Adding, 6, UNIT_BUILDER (5242904), UNITOPERATION_MOVE_TO (19)
042, Adding, 6, UNIT_BUILDER (5242904), UNITOPERATION_BUILD_IMPROVEMENT (2)
042, Adding, 6, UNIT_BUILDER (5046272), UNITOPERATION_SWAP_UNITS (49)
042, Can't Start, 6, UNIT_BUILDER (5046272), UNITOPERATION_SWAP_UNITS (49)
042, Adding, 6, UNIT_BUILDER (5046272), UNITOPERATION_MOVE_TO (19)
042, Adding, 6, UNIT_BUILDER (5046272), UNITOPERATION_BUILD_IMPROVEMENT (2)
042, Adding, 6, UNIT_BUILDER (4259874), UNITOPERATION_SWAP_UNITS (49)
042, Can't Start, 6, UNIT_BUILDER (4259874), UNITOPERATION_SWAP_UNITS (49)
042, Adding, 6, UNIT_BUILDER (4259874), UNITOPERATION_MOVE_TO (19)
042, Adding, 6, UNIT_CATAPULT (2621457), UNITOPERATION_FORTIFY (12)
042, Adding, 6, UNIT_SWORDSMAN (2752542), UNITOPERATION_FORTIFY (12)
042, Adding, 6, UNIT_SWORDSMAN (3932201), UNITOPERATION_FORTIFY (12)
042, Can't Start, 6, UNIT_SWORDSMAN (3932201), UNITOPERATION_FORTIFY (12)
042, Adding, 6, UNIT_SWORDSMAN (4456450), UNITOPERATION_MOVE_TO (19)
042, Adding, 6, UNIT_SWORDSMAN (2818054), UNITOPERATION_MOVE_TO (19)
042, Can't Start, 6, UNIT_SWORDSMAN (2818054), UNITOPERATION_MOVE_TO (19)
042, Adding, 6, UNIT_SWORDSMAN (2686985), UNITOPERATION_MOVE_TO (19)
042, Can't Start, 6, UNIT_SWORDSMAN (2686985), UNITOPERATION_MOVE_TO (19)
042, Adding, 6, UNIT_SWORDSMAN (4587534), UNITOPERATION_MOVE_TO (19)
042, Adding, 6, UNIT_SWORDSMAN (4718610), UNITOPERATION_MOVE_TO (19)
042, Adding, 6, UNIT_CROSSBOWMAN (4915220), UNITOPERATION_MOVE_TO (19)
042, Can't Start, 6, UNIT_CROSSBOWMAN (4915220), UNITOPERATION_MOVE_TO (19)
042, Adding, 6, UNIT_CROSSBOWMAN (4784149), UNITOPERATION_MOVE_TO (19)
042, Adding, 6, UNIT_HEAVY_CHARIOT (2359322), UNITOPERATION_MOVE_TO (19)
042, Adding, 6, UNIT_CATAPULT (2490396), UNITOPERATION_MOVE_TO (19)
042, Adding, 6, UNIT_SWORDSMAN (3145761), UNITOPERATION_MOVE_TO (19)
042, Adding, 6, UNIT_CROSSBOWMAN (5177382), UNITOPERATION_MOVE_TO (19)
042, Adding, 6, UNIT_SWORDSMAN (3866664), UNITOPERATION_MOVE_TO (19)
042, Adding, 6, UNIT_MISSIONARY (2555933), UNITOPERATION_MOVE_TO (19)
042, Adding, 6, UNIT_MISSIONARY (2883615), UNITOPERATION_MOVE_TO (19)
042, Adding, 6, UNIT_MISSIONARY (3735557), UNITOPERATION_MOVE_TO (19)
042, Adding, 6, UNIT_MISSIONARY (2031623), UNITOPERATION_MOVE_TO (19)
042, Adding, 6, UNIT_TAOIST (786440), UNITOPERATION_MOVE_TO (19)
042, Adding, 6, UNIT_MISSIONARY (1900556), UNITOPERATION_MOVE_TO (19)
042, Adding, 6, UNIT_MISSIONARY (2162711), UNITOPERATION_MOVE_TO (19)
042, Adding, 6, UNIT_MISSIONARY (2293785), UNITOPERATION_MOVE_TO (19)
042, Adding, 6, UNIT_MISSIONARY (2424859), UNITOPERATION_MOVE_TO (19)
042, Adding, 6, UNIT_MISSIONARY (3342372), UNITOPERATION_MOVE_TO (19)
042, Adding, 6, UNIT_SKIRMISHER (3473440), UNITOPERATION_MOVE_TO (19)
042, Adding, 6, UNIT_SKIRMISHER (3473440), UNITOPERATION_MOVE_TO (19)
042, Adding, 6, UNIT_SKIRMISHER (3473440), UNITOPERATION_MOVE_TO (19)
042, Adding, 6, UNIT_SKIRMISHER (3473440), UNITOPERATION_MOVE_TO (19)
042, Adding, 6, UNIT_SKIRMISHER (3473440), UNITOPERATION_MOVE_TO (19)
042, Adding, 6, UNIT_SKIRMISHER (4063245), UNITOPERATION_MOVE_TO (19)
042, Adding, 6, UNIT_SKIRMISHER (4194308), UNITOPERATION_MOVE_TO (19)
042, Adding, 6, UNIT_SKIRMISHER (4390927), UNITOPERATION_MOVE_TO (19)
042, Adding, 6, UNIT_SKIRMISHER (3407909), UNITOPERATION_MOVE_TO (19)
042, Adding, 6, UNIT_SKIRMISHER (3801127), UNITOPERATION_MOVE_TO (19)
042, Adding, 6, UNIT_SKIRMISHER (3997738), UNITOPERATION_MOVE_TO (19)
042, Adding, 6, UNIT_SKIRMISHER (4194308), UNITOPERATION_SKIP_TURN (36)
042, Adding, 6, UNIT_SKIRMISHER (4390927), UNITOPERATION_SKIP_TURN (36)
042, Adding, 6, UNIT_BUILDER (3276835), UNITOPERATION_SKIP_TURN (36)
042, Adding, 6, UNIT_SKIRMISHER (3407909), UNITOPERATION_SKIP_TURN (36)
042, Adding, 6, UNIT_SKIRMISHER (3801127), UNITOPERATION_SKIP_TURN (36)
042, Adding, 6, UNIT_SKIRMISHER (3997738), UNITOPERATION_SKIP_TURN (36)
042, Adding, 7, UNIT_SWORDSMAN (3342355), UNITOPERATION_MOVE_TO (19)
042, Adding, 7, UNIT_SETTLER (4128794), UNITOPERATION_MOVE_TO (19)
042, Adding, 7, UNIT_SETTLER (4128794), UNITOPERATION_MOVE_TO (19)
042, Adding, 7, UNIT_SWORDSMAN (3801104), UNITOPERATION_MOVE_TO (19)
042, Adding, 7, UNIT_WARRIOR (1835031), UNITOPERATION_MOVE_TO (19)
042, Adding, 7, UNIT_SKIRMISHER (3407907), UNITOPERATION_MOVE_TO (19)
042, Adding, 7, UNIT_WARRIOR (1900568), UNITOPERATION_MOVE_TO (19)
042, Adding, 7, UNIT_SWORDSMAN (4063235), UNITOPERATION_MOVE_TO (19)
042, Adding, 7, UNIT_CATAPULT (4456488), UNITOPERATION_MOVE_TO (19)
042, Adding, 7, UNIT_SKIRMISHER (3670036), UNITOPERATION_MOVE_TO (19)
042, Adding, 7, UNIT_SKIRMISHER (3932181), UNITOPERATION_MOVE_TO (19)
042, Adding, 7, UNIT_SWORDSMAN (3473444), UNITOPERATION_MOVE_TO (19)
042, Adding, 7, UNIT_SWORDSMAN (2490398), UNITOPERATION_MOVE_TO (19)
042, Adding, 7, UNIT_SWORDSMAN (3080201), UNITOPERATION_MOVE_TO (19)
042, Adding, 7, UNIT_SWORDSMAN (3211279), UNITOPERATION_MOVE_TO (19)
042, Adding, 7, UNIT_SKIRMISHER (4849692), UNITOPERATION_MOVE_TO (19)
042, Adding, 7, UNIT_WARRIOR (131073), UNITOPERATION_SWAP_UNITS (49)
042, Can't Start, 7, UNIT_WARRIOR (131073), UNITOPERATION_SWAP_UNITS (49)
042, Adding, 7, UNIT_WARRIOR (131073), UNITOPERATION_MOVE_TO (19)
042, Adding, 7, UNIT_SCOUT (589826), UNITOPERATION_SWAP_UNITS (49)
042, Can't Start, 7, UNIT_SCOUT (589826), UNITOPERATION_SWAP_UNITS (49)
042, Adding, 7, UNIT_SCOUT (589826), UNITOPERATION_MOVE_TO (19)
042, Adding, 7, UNIT_SCOUT (393220), UNITOPERATION_SWAP_UNITS (49)
042, Can't Start, 7, UNIT_SCOUT (393220), UNITOPERATION_SWAP_UNITS (49)
042, Adding, 7, UNIT_SCOUT (393220), UNITOPERATION_MOVE_TO (19)
042, Adding, 7, UNIT_WARRIOR (655367), UNITOPERATION_SWAP_UNITS (49)
042, Can't Start, 7, UNIT_WARRIOR (655367), UNITOPERATION_SWAP_UNITS (49)
042, Adding, 7, UNIT_WARRIOR (655367), UNITOPERATION_MOVE_TO (19)
042, Adding, 7, UNIT_WARRIOR (1048588), UNITOPERATION_SWAP_UNITS (49)
042, Can't Start, 7, UNIT_WARRIOR (1048588), UNITOPERATION_SWAP_UNITS (49)
042, Adding, 7, UNIT_WARRIOR (1048588), UNITOPERATION_MOVE_TO (19)
042, Adding, 7, UNIT_SWORDSMAN (2621472), UNITOPERATION_MOVE_TO (19)
042, Adding, 7, UNIT_SWORDSMAN (3014666), UNITOPERATION_MOVE_TO (19)
042, Adding, 7, UNIT_SWORDSMAN (2555935), UNITOPERATION_MOVE_TO (19)
042, Adding, 7, UNIT_WARRIOR (1966105), UNITOPERATION_MOVE_TO (19)
042, Adding, 7, UNIT_SWORDSMAN (2687009), UNITOPERATION_MOVE_TO (19)
042, Adding, 7, UNIT_SKIRMISHER (4587562), UNITOPERATION_MOVE_TO (19)
042, Adding, 7, UNIT_SKIRMISHER (4522025), UNITOPERATION_MOVE_TO (19)
042, Adding, 7, UNIT_BUILDER (4325403), UNITOPERATION_SWAP_UNITS (49)
042, Can't Start, 7, UNIT_BUILDER (4325403), UNITOPERATION_SWAP_UNITS (49)
042, Adding, 7, UNIT_BUILDER (4325403), UNITOPERATION_MOVE_TO (19)
042, Adding, 7, UNIT_BUILDER (4784145), UNITOPERATION_SWAP_UNITS (49)
042, Can't Start, 7, UNIT_BUILDER (4784145), UNITOPERATION_SWAP_UNITS (49)
042, Adding, 7, UNIT_BUILDER (4784145), UNITOPERATION_MOVE_TO (19)
042, Adding, 7, UNIT_BUILDER (4718636), UNITOPERATION_SWAP_UNITS (49)
042, Can't Start, 7, UNIT_BUILDER (4718636), UNITOPERATION_SWAP_UNITS (49)
042, Adding, 7, UNIT_BUILDER (4718636), UNITOPERATION_MOVE_TO (19)
042, Adding, 7, UNIT_SWORDSMAN (4259879), UNITOPERATION_FORTIFY (12)
042, Adding, 7, UNIT_WARRIOR (1769494), UNITOPERATION_MOVE_TO (19)
042, Adding, 7, UNIT_SWORDSMAN (4653099), UNITOPERATION_MOVE_TO (19)
042, Adding, 7, UNIT_SKIRMISHER (3866661), UNITOPERATION_MOVE_TO (19)
042, Adding, 7, UNIT_SKIRMISHER (3866661), UNITOPERATION_MOVE_TO (19)
042, Adding, 7, UNIT_SKIRMISHER (3866661), UNITOPERATION_MOVE_TO (19)
042, Adding, 7, UNIT_SKIRMISHER (3866661), UNITOPERATION_MOVE_TO (19)
042, Adding, 7, UNIT_SKIRMISHER (3866661), UNITOPERATION_MOVE_TO (19)
042, Adding, 7, UNIT_TAOIST (851968), UNITOPERATION_MOVE_TO (19)
042, Adding, 7, UNIT_SKIRMISHER (3735570), UNITOPERATION_MOVE_TO (19)
042, Adding, 7, UNIT_SKIRMISHER (3538973), UNITOPERATION_MOVE_TO (19)
042, Adding, 7, UNIT_BUILDER (4390920), UNITOPERATION_SKIP_TURN (36)
042, Adding, 7, UNIT_SKIRMISHER (3735570), UNITOPERATION_SKIP_TURN (36)
042, Adding, 7, UNIT_SKIRMISHER (3538973), UNITOPERATION_SKIP_TURN (36)
042, Adding, 7, UNIT_BUILDER (4194342), UNITOPERATION_SKIP_TURN (36)
042, Adding, 8, UNIT_TRADER (1048588), UNITOPERATION_MAKE_TRADE_ROUTE (18)
042, Can't Start, 8, UNIT_TRADER (1048588), UNITOPERATION_MAKE_TRADE_ROUTE (18)
042, Adding, 8, UNIT_MAN_AT_ARMS (6422543), UNITOPERATION_MOVE_TO (19)
042, Can't Start, 8, UNIT_MAN_AT_ARMS (6422543), UNITOPERATION_MOVE_TO (19)
042, Adding, 8, UNIT_SCOUT (458757), UNITOPERATION_SWAP_UNITS (49)
042, Can't Start, 8, UNIT_SCOUT (458757), UNITOPERATION_SWAP_UNITS (49)
042, Adding, 8, UNIT_SCOUT (458757), UNITOPERATION_MOVE_TO (19)
042, Adding, 8, UNIT_SCOUT (589831), UNITOPERATION_SWAP_UNITS (49)
042, Can't Start, 8, UNIT_SCOUT (589831), UNITOPERATION_SWAP_UNITS (49)
042, Adding, 8, UNIT_SCOUT (589831), UNITOPERATION_MOVE_TO (19)
042, Adding, 8, UNIT_SWORDSMAN (3801117), UNITOPERATION_SWAP_UNITS (49)
042, Can't Start, 8, UNIT_SWORDSMAN (3801117), UNITOPERATION_SWAP_UNITS (49)
042, Adding, 8, UNIT_SWORDSMAN (3801117), UNITOPERATION_MOVE_TO (19)
042, Adding, 8, UNIT_SWORDSMAN (3145762), UNITOPERATION_SWAP_UNITS (49)
042, Can't Start, 8, UNIT_SWORDSMAN (3145762), UNITOPERATION_SWAP_UNITS (49)
042, Adding, 8, UNIT_SWORDSMAN (3145762), UNITOPERATION_MOVE_TO (19)
042, Adding, 8, UNIT_SWORDSMAN (3080225), UNITOPERATION_SWAP_UNITS (49)
042, Can't Start, 8, UNIT_SWORDSMAN (3080225), UNITOPERATION_SWAP_UNITS (49)
042, Adding, 8, UNIT_SWORDSMAN (3080225), UNITOPERATION_MOVE_TO (19)
042, Adding, 8, UNIT_HORSEMAN (3604499), UNITOPERATION_SWAP_UNITS (49)
042, Can't Start, 8, UNIT_HORSEMAN (3604499), UNITOPERATION_SWAP_UNITS (49)
042, Adding, 8, UNIT_VIETNAMESE_VOI_CHIEN (5439490), UNITOPERATION_SWAP_UNITS (49)
042, Can't Start, 8, UNIT_VIETNAMESE_VOI_CHIEN (5439490), UNITOPERATION_SWAP_UNITS (49)
042, Adding, 8, UNIT_VIETNAMESE_VOI_CHIEN (5439490), UNITOPERATION_MOVE_TO (19)
042, Adding, 8, UNIT_HORSEMAN (2228250), UNITOPERATION_SWAP_UNITS (49)
042, Can't Start, 8, UNIT_HORSEMAN (2228250), UNITOPERATION_SWAP_UNITS (49)
042, Adding, 8, UNIT_HORSEMAN (2228250), UNITOPERATION_MOVE_TO (19)
042, Adding, 8, UNIT_ARCHER (1966102), UNITOPERATION_MOVE_TO (19)
042, Adding, 8, UNIT_CATAPULT (3276804), UNITOPERATION_MOVE_TO (19)
042, Adding, 8, UNIT_SWORDSMAN (3932199), UNITOPERATION_MOVE_TO (19)
042, Adding, 8, UNIT_SWORDSMAN (4915249), UNITOPERATION_MOVE_TO (19)
042, Adding, 8, UNIT_SWORDSMAN (4653103), UNITOPERATION_MOVE_TO (19)
042, Adding, 8, UNIT_BUILDER (5636139), UNITOPERATION_SWAP_UNITS (49)
042, Can't Start, 8, UNIT_BUILDER (5636139), UNITOPERATION_SWAP_UNITS (49)
042, Adding, 8, UNIT_BUILDER (5636139), UNITOPERATION_MOVE_TO (19)
042, Adding, 8, UNIT_BUILDER (5636139), UNITOPERATION_REMOVE_FEATURE (28)
042, Adding, 8, UNIT_BUILDER (5636139), UNITOPERATION_BUILD_IMPROVEMENT (2)
042, Can't Start, 8, UNIT_BUILDER (5636139), UNITOPERATION_BUILD_IMPROVEMENT (2)
042, Adding, 8, UNIT_BUILDER (5963808), UNITOPERATION_SWAP_UNITS (49)
042, Can't Start, 8, UNIT_BUILDER (5963808), UNITOPERATION_SWAP_UNITS (49)
042, Adding, 8, UNIT_BUILDER (5963808), UNITOPERATION_MOVE_TO (19)
042, Adding, 8, UNIT_BUILDER (4718593), UNITOPERATION_SWAP_UNITS (49)
042, Can't Start, 8, UNIT_BUILDER (4718593), UNITOPERATION_SWAP_UNITS (49)
042, Adding, 8, UNIT_BUILDER (4718593), UNITOPERATION_MOVE_TO (19)
042, Adding, 8, UNIT_BUILDER (4718593), UNITOPERATION_BUILD_IMPROVEMENT (2)
042, Can't Start, 8, UNIT_BUILDER (4718593), UNITOPERATION_BUILD_IMPROVEMENT (2)
042, Adding, 8, UNIT_BUILDER (5898276), UNITOPERATION_SWAP_UNITS (49)
042, Can't Start, 8, UNIT_BUILDER (5898276), UNITOPERATION_SWAP_UNITS (49)
042, Adding, 8, UNIT_BUILDER (5898276), UNITOPERATION_MOVE_TO (19)
042, Adding, 8, UNIT_BUILDER (5898276), UNITOPERATION_BUILD_IMPROVEMENT (2)
042, Adding, 8, UNIT_VIETNAMESE_VOI_CHIEN (5832707), UNITOPERATION_MOVE_TO (19)
042, Adding, 8, UNIT_HORSEMAN (3997710), UNITOPERATION_MOVE_TO (19)
042, Adding, 8, UNIT_HORSEMAN (2752528), UNITOPERATION_MOVE_TO (19)
042, Adding, 8, UNIT_VIETNAMESE_VOI_CHIEN (5111825), UNITOPERATION_MOVE_TO (19)
042, Adding, 8, UNIT_VIETNAMESE_VOI_CHIEN (5767195), UNITOPERATION_MOVE_TO (19)
042, Adding, 8, UNIT_VIETNAMESE_VOI_CHIEN (5046300), UNITOPERATION_MOVE_TO (19)
042, Adding, 8, UNIT_VIETNAMESE_VOI_CHIEN (5570604), UNITOPERATION_MOVE_TO (19)
042, Adding, 8, UNIT_HORSEMAN (4587566), UNITOPERATION_MOVE_TO (19)
042, Adding, 8, UNIT_MAN_AT_ARMS (6291506), UNITOPERATION_MOVE_TO (19)
042, Adding, 8, UNIT_MAN_AT_ARMS (6160436), UNITOPERATION_MOVE_TO (19)
042, Can't Start, 8, UNIT_MAN_AT_ARMS (6160436), UNITOPERATION_MOVE_TO (19)
042, Adding, 8, UNIT_MAN_AT_ARMS (6225973), UNITOPERATION_MOVE_TO (19)
042, Adding, 8, UNIT_CATAPULT (3342336), UNITOPERATION_MOVE_TO (19)
042, Adding, 8, UNIT_VIETNAMESE_VOI_CHIEN (5373972), UNITOPERATION_MOVE_TO (19)
042, Adding, 8, UNIT_VIETNAMESE_VOI_CHIEN (6357013), UNITOPERATION_MOVE_TO (19)
042, Adding, 8, UNIT_VIETNAMESE_VOI_CHIEN (6029335), UNITOPERATION_MOVE_TO (19)
042, Adding, 8, UNIT_VIETNAMESE_VOI_CHIEN (5308458), UNITOPERATION_MOVE_TO (19)
042, Adding, 8, UNIT_MISSIONARY (2555910), UNITOPERATION_MOVE_TO (19)
042, Adding, 8, UNIT_MISSIONARY (3866637), UNITOPERATION_MOVE_TO (19)
042, Adding, 8, UNIT_MISSIONARY (2621458), UNITOPERATION_SPREAD_RELIGION (38)
042, Adding, 8, UNIT_MISSIONARY (4259864), UNITOPERATION_SPREAD_RELIGION (38)
042, Adding, 8, UNIT_MISSIONARY (2883614), UNITOPERATION_MOVE_TO (19)
042, Adding, 8, UNIT_MISSIONARY (2949151), UNITOPERATION_MOVE_TO (19)
042, Adding, 8, UNIT_MISSIONARY (2949151), UNITOPERATION_SPREAD_RELIGION (38)
042, Adding, 8, UNIT_MISSIONARY (3407907), UNITOPERATION_MOVE_TO (19)
042, Adding, 8, UNIT_MISSIONARY (3407907), UNITOPERATION_SPREAD_RELIGION (38)
042, Can't Start, 8, UNIT_MISSIONARY (3407907), UNITOPERATION_SPREAD_RELIGION (38)
042, Adding, 8, UNIT_MISSIONARY (3670053), UNITOPERATION_MOVE_TO (19)
042, Adding, 8, UNIT_MISSIONARY (4063272), UNITOPERATION_MOVE_TO (19)
042, Adding, 8, UNIT_MISSIONARY (4784176), UNITOPERATION_MOVE_TO (19)
042, Adding, 8, UNIT_SKIRMISHER (4522029), UNITOPERATION_MOVE_TO (19)
042, Adding, 8, UNIT_SKIRMISHER (4522029), UNITOPERATION_MOVE_TO (19)
042, Adding, 8, UNIT_SKIRMISHER (4128809), UNITOPERATION_MOVE_TO (19)
042, Adding, 8, UNIT_SKIRMISHER (4128809), UNITOPERATION_MOVE_TO (19)
042, Adding, 8, UNIT_SKIRMISHER (4128809), UNITOPERATION_MOVE_TO (19)
042, Adding, 8, UNIT_SKIRMISHER (4128809), UNITOPERATION_MOVE_TO (19)
042, Adding, 8, UNIT_SKIRMISHER (5242890), UNITOPERATION_MOVE_TO (19)
042, Adding, 8, UNIT_SKIRMISHER (5505075), UNITOPERATION_MOVE_TO (19)
042, Adding, 8, UNIT_MISSIONARY (6094857), UNITOPERATION_SKIP_TURN (36)
042, Adding, 8, UNIT_SKIRMISHER (5242890), UNITOPERATION_SKIP_TURN (36)
042, Adding, 8, UNIT_MISSIONARY (5177355), UNITOPERATION_SKIP_TURN (36)
042, Adding, 8, UNIT_MISSIONARY (4849689), UNITOPERATION_SKIP_TURN (36)
042, Adding, 8, UNIT_MISSIONARY (5701670), UNITOPERATION_SKIP_TURN (36)
042, Adding, 8, UNIT_SKIRMISHER (5505075), UNITOPERATION_SKIP_TURN (36)
042, Can't Start, 8, UNIT_BUILDER (4718593), UNITOPERATION_BUILD_IMPROVEMENT (2)
042, Can't Start, 8, UNIT_TRADER (1048588), UNITOPERATION_MAKE_TRADE_ROUTE (18)
042, Can't Start, 8, UNIT_BUILDER (5636139), UNITOPERATION_BUILD_IMPROVEMENT (2)
042, Adding, 9, UNIT_CROSSBOWMAN (4587520), UNITOPERATION_SWAP_UNITS (49)
042, Adding, 9, UNIT_ROMAN_LEGION (3932175), UNITOPERATION_MOVE_TO (19)
042, Adding, 9, UNIT_CROSSBOWMAN (6094894), UNITOPERATION_MOVE_TO (19)
042, Adding, 9, UNIT_CATAPULT (3014684), UNITOPERATION_MOVE_TO (19)
042, Adding, 9, UNIT_MAN_AT_ARMS (6291505), UNITOPERATION_MOVE_TO (19)
042, Adding, 9, UNIT_CATAPULT (4849697), UNITOPERATION_SWAP_UNITS (49)
042, Can't Start, 9, UNIT_CATAPULT (4849697), UNITOPERATION_SWAP_UNITS (49)
042, Adding, 9, UNIT_CATAPULT (4849697), UNITOPERATION_MOVE_TO (19)
042, Adding, 9, UNIT_ARCHER (2752546), UNITOPERATION_SWAP_UNITS (49)
042, Can't Start, 9, UNIT_ARCHER (2752546), UNITOPERATION_SWAP_UNITS (49)
042, Adding, 9, UNIT_ARCHER (2752546), UNITOPERATION_MOVE_TO (19)
042, Adding, 9, UNIT_BUILDER (3538971), UNITOPERATION_BUILD_IMPROVEMENT (2)
042, Adding, 9, UNIT_BUILDER (3604500), UNITOPERATION_SWAP_UNITS (49)
042, Can't Start, 9, UNIT_BUILDER (3604500), UNITOPERATION_SWAP_UNITS (49)
042, Adding, 9, UNIT_BUILDER (3604500), UNITOPERATION_MOVE_TO (19)
042, Adding, 9, UNIT_BUILDER (6029325), UNITOPERATION_SWAP_UNITS (49)
042, Can't Start, 9, UNIT_BUILDER (6029325), UNITOPERATION_SWAP_UNITS (49)
042, Adding, 9, UNIT_BUILDER (6029325), UNITOPERATION_MOVE_TO (19)
042, Adding, 9, UNIT_BUILDER (6029325), UNITOPERATION_BUILD_IMPROVEMENT (2)
042, Adding, 9, UNIT_SKIRMISHER (5046276), UNITOPERATION_MOVE_TO (19)
042, Adding, 9, UNIT_SKIRMISHER (5636103), UNITOPERATION_FORTIFY (12)
042, Can't Start, 9, UNIT_SKIRMISHER (5636103), UNITOPERATION_FORTIFY (12)
042, Adding, 9, UNIT_CROSSBOWMAN (4653096), UNITOPERATION_FORTIFY (12)
042, Adding, 9, UNIT_MAN_AT_ARMS (7143426), UNITOPERATION_MOVE_TO (19)
042, Adding, 9, UNIT_MAN_AT_ARMS (7077893), UNITOPERATION_MOVE_TO (19)
042, Adding, 9, UNIT_HORSEMAN (4325385), UNITOPERATION_MOVE_TO (19)
042, Adding, 9, UNIT_MAN_AT_ARMS (7405580), UNITOPERATION_MOVE_TO (19)
042, Adding, 9, UNIT_MAN_AT_ARMS (7012370), UNITOPERATION_MOVE_TO (19)
042, Adding, 9, UNIT_MAN_AT_ARMS (7340071), UNITOPERATION_MOVE_TO (19)
042, Adding, 9, UNIT_MAN_AT_ARMS (6357042), UNITOPERATION_MOVE_TO (19)
042, Adding, 9, UNIT_MAN_AT_ARMS (6422579), UNITOPERATION_MOVE_TO (19)
042, Adding, 9, UNIT_MAN_AT_ARMS (6488116), UNITOPERATION_MOVE_TO (19)
042, Adding, 9, UNIT_MAN_AT_ARMS (6553653), UNITOPERATION_MOVE_TO (19)
042, Can't Start, 9, UNIT_MAN_AT_ARMS (6553653), UNITOPERATION_MOVE_TO (19)
042, Adding, 9, UNIT_MAN_AT_ARMS (6619190), UNITOPERATION_MOVE_TO (19)
042, Adding, 9, UNIT_MAN_AT_ARMS (7209015), UNITOPERATION_MOVE_TO (19)
042, Adding, 9, UNIT_CROSSBOWMAN (5242890), UNITOPERATION_MOVE_TO (19)
042, Adding, 9, UNIT_CROSSBOWMAN (4521995), UNITOPERATION_MOVE_TO (19)
042, Adding, 9, UNIT_CROSSBOWMAN (6946840), UNITOPERATION_MOVE_TO (19)
042, Adding, 9, UNIT_CROSSBOWMAN (5701661), UNITOPERATION_MOVE_TO (19)
042, Adding, 9, UNIT_CROSSBOWMAN (6815774), UNITOPERATION_MOVE_TO (19)
042, Adding, 9, UNIT_CROSSBOWMAN (4980767), UNITOPERATION_MOVE_TO (19)
042, Adding, 9, UNIT_HORSEMAN (2818083), UNITOPERATION_MOVE_TO (19)
042, Adding, 9, UNIT_CROSSBOWMAN (6750246), UNITOPERATION_MOVE_TO (19)
042, Adding, 9, UNIT_CROSSBOWMAN (4718633), UNITOPERATION_MOVE_TO (19)
042, Adding, 9, UNIT_CROSSBOWMAN (5308459), UNITOPERATION_MOVE_TO (19)
042, Adding, 9, UNIT_MISSIONARY (4390915), UNITOPERATION_MOVE_TO (19)
042, Adding, 9, UNIT_MISSIONARY (5570574), UNITOPERATION_MOVE_TO (19)
042, Adding, 9, UNIT_MISSIONARY (5177365), UNITOPERATION_MOVE_TO (19)
042, Adding, 9, UNIT_MISSIONARY (5439513), UNITOPERATION_MOVE_TO (19)
042, Adding, 9, UNIT_MISSIONARY (5439513), UNITOPERATION_REMOVE_HERESY (29)
042, Can't Start, 9, UNIT_MISSIONARY (5439513), UNITOPERATION_REMOVE_HERESY (29)
042, Adding, 9, UNIT_MISSIONARY (6881306), UNITOPERATION_MOVE_TO (19)
042, Adding, 9, UNIT_MISSIONARY (6881306), UNITOPERATION_REMOVE_HERESY (29)
042, Can't Start, 9, UNIT_MISSIONARY (6881306), UNITOPERATION_REMOVE_HERESY (29)
042, Adding, 9, UNIT_MISSIONARY (4915232), UNITOPERATION_MOVE_TO (19)
042, Adding, 9, UNIT_MISSIONARY (7274538), UNITOPERATION_MOVE_TO (19)
042, Adding, 9, UNIT_MISSIONARY (5832748), UNITOPERATION_MOVE_TO (19)
042, Adding, 9, UNIT_MISSIONARY (6225968), UNITOPERATION_MOVE_TO (19)
042, Adding, 9, UNIT_MISSIONARY (6225968), UNITOPERATION_REMOVE_HERESY (29)
042, Can't Start, 9, UNIT_MISSIONARY (6225968), UNITOPERATION_REMOVE_HERESY (29)
042, Adding, 9, UNIT_BUILDER (5767191), UNITOPERATION_MOVE_TO (19)
042, Adding, 9, UNIT_BUILDER (5767191), UNITOPERATION_MOVE_TO (19)
042, Adding, 9, UNIT_BUILDER (5767191), UNITOPERATION_MOVE_TO (19)
042, Adding, 9, UNIT_BUILDER (5767191), UNITOPERATION_MOVE_TO (19)
042, Adding, 9, UNIT_BUILDER (5767191), UNITOPERATION_MOVE_TO (19)
042, Adding, 9, UNIT_BUILDER (5767191), UNITOPERATION_MOVE_TO (19)
042, Adding, 9, UNIT_SKIRMISHER (5111830), UNITOPERATION_MOVE_TO (19)
042, Adding, 9, UNIT_SKIRMISHER (5111830), UNITOPERATION_MOVE_TO (19)
042, Adding, 9, UNIT_SKIRMISHER (5111830), UNITOPERATION_SKIP_TURN (36)
042, Adding, 9, UNIT_BUILDER (5963821), UNITOPERATION_SKIP_TURN (36)
042, Can't Start, 9, UNIT_MISSIONARY (5439513), UNITOPERATION_REMOVE_HERESY (29)
042, Can't Start, 9, UNIT_MISSIONARY (6881306), UNITOPERATION_REMOVE_HERESY (29)
042, Can't Start, 9, UNIT_MISSIONARY (6225968), UNITOPERATION_REMOVE_HERESY (29)
042, Adding, 10, UNIT_WARRIOR (458756), UNITOPERATION_SWAP_UNITS (49)
042, Can't Start, 10, UNIT_WARRIOR (458756), UNITOPERATION_SWAP_UNITS (49)
042, Adding, 10, UNIT_WARRIOR (458756), UNITOPERATION_MOVE_TO (19)
042, Adding, 10, UNIT_BUILDER (1048583), UNITOPERATION_SWAP_UNITS (49)
042, Can't Start, 10, UNIT_BUILDER (1048583), UNITOPERATION_SWAP_UNITS (49)
042, Adding, 10, UNIT_BUILDER (1048583), UNITOPERATION_MOVE_TO (19)
042, Adding, 10, UNIT_CROSSBOWMAN (983040), UNITOPERATION_MOVE_TO (19)
042, Adding, 10, UNIT_SWORDSMAN (786433), UNITOPERATION_MOVE_TO (19)
042, Adding, 10, UNIT_SWORDSMAN (917506), UNITOPERATION_MOVE_TO (19)
042, Adding, 10, UNIT_SWORDSMAN (851971), UNITOPERATION_MOVE_TO (19)
042, Adding, 10, UNIT_SWORDSMAN (720902), UNITOPERATION_MOVE_TO (19)
042, Adding, 12, UNIT_SWORDSMAN (458752), UNITOPERATION_MOVE_TO (19)
042, Adding, 12, UNIT_SWORDSMAN (655361), UNITOPERATION_MOVE_TO (19)
042, Adding, 12, UNIT_CROSSBOWMAN (720898), UNITOPERATION_MOVE_TO (19)
042, Adding, 12, UNIT_CROSSBOWMAN (786435), UNITOPERATION_MOVE_TO (19)
042, Adding, 12, UNIT_SWORDSMAN (589829), UNITOPERATION_MOVE_TO (19)
042, Adding, 12, UNIT_BUILDER (524292), UNITOPERATION_SKIP_TURN (36)
042, Adding, 13, UNIT_SWORDSMAN (655361), UNITOPERATION_MOVE_TO (19)
042, Adding, 13, UNIT_CATAPULT (720898), UNITOPERATION_MOVE_TO (19)
042, Adding, 13, UNIT_HEAVY_CHARIOT (524292), UNITOPERATION_MOVE_TO (19)
042, Adding, 13, UNIT_SWORDSMAN (589829), UNITOPERATION_MOVE_TO (19)
042, Adding, 13, UNIT_BUILDER (786432), UNITOPERATION_SKIP_TURN (36)
042, Adding, 14, UNIT_CATAPULT (458755), UNITOPERATION_MOVE_TO (19)
042, Adding, 14, UNIT_SWORDSMAN (655362), UNITOPERATION_MOVE_TO (19)
042, Can't Start, 14, UNIT_SWORDSMAN (655362), UNITOPERATION_MOVE_TO (19)
042, Adding, 14, UNIT_CATAPULT (524292), UNITOPERATION_MOVE_TO (19)
042, Adding, 14, UNIT_SWORDSMAN (589829), UNITOPERATION_MOVE_TO (19)
042, Adding, 15, UNIT_SWORDSMAN (983041), UNITOPERATION_MOVE_TO (19)
042, Adding, 15, UNIT_HORSEMAN (720902), UNITOPERATION_MOVE_TO (19)
042, Adding, 15, UNIT_SWORDSMAN (786439), UNITOPERATION_MOVE_TO (19)
042, Adding, 15, UNIT_SWORDSMAN (851976), UNITOPERATION_MOVE_TO (19)
042, Adding, 15, UNIT_SWORDSMAN (1048585), UNITOPERATION_MOVE_TO (19)
042, Adding, 15, UNIT_SWORDSMAN (1114122), UNITOPERATION_MOVE_TO (19)
042, Adding, 15, UNIT_BUILDER (917507), UNITOPERATION_SKIP_TURN (36)
042, Adding, 16, UNIT_CATAPULT (720903), UNITOPERATION_SWAP_UNITS (49)
042, Adding, 16, UNIT_CROSSBOWMAN (1310725), UNITOPERATION_SWAP_UNITS (49)
042, Adding, 16, UNIT_SWORDSMAN (851977), UNITOPERATION_SWAP_UNITS (49)
042, Can't Start, 16, UNIT_SWORDSMAN (851977), UNITOPERATION_SWAP_UNITS (49)
042, Adding, 16, UNIT_SWORDSMAN (851977), UNITOPERATION_MOVE_TO (19)
042, Adding, 16, UNIT_SWORDSMAN (917514), UNITOPERATION_SWAP_UNITS (49)
042, Can't Start, 16, UNIT_SWORDSMAN (917514), UNITOPERATION_SWAP_UNITS (49)
042, Adding, 16, UNIT_SWORDSMAN (917514), UNITOPERATION_MOVE_TO (19)
042, Adding, 16, UNIT_CROSSBOWMAN (1310725), UNITOPERATION_RANGE_ATTACK (26)
042, Adding, 16, UNIT_CROSSBOWMAN (1310725), UNITOPERATION_MOVE_TO (19)
042, Adding, 16, UNIT_SWORDSMAN (917514), UNITOPERATION_MOVE_TO (19)
042, Adding, 16, UNIT_CROSSBOWMAN (1245192), UNITOPERATION_MOVE_TO (19)
042, Adding, 17, UNIT_WARRIOR (458756), UNITOPERATION_SWAP_UNITS (49)
042, Can't Start, 17, UNIT_WARRIOR (458756), UNITOPERATION_SWAP_UNITS (49)
042, Adding, 17, UNIT_WARRIOR (458756), UNITOPERATION_MOVE_TO (19)
042, Adding, 17, UNIT_BUILDER (720902), UNITOPERATION_HARVEST_RESOURCE (16)
042, Can't Start, 17, UNIT_BUILDER (720902), UNITOPERATION_HARVEST_RESOURCE (16)
042, Adding, 17, UNIT_BUILDER (720902), UNITOPERATION_BUILD_IMPROVEMENT (2)
042, Can't Start, 17, UNIT_BUILDER (720902), UNITOPERATION_BUILD_IMPROVEMENT (2)
042, Adding, 17, UNIT_SWORDSMAN (851971), UNITOPERATION_MOVE_TO (19)
042, Adding, 17, UNIT_SWORDSMAN (983045), UNITOPERATION_MOVE_TO (19)
042, Adding, 17, UNIT_SWORDSMAN (786439), UNITOPERATION_MOVE_TO (19)
042, Adding, 17, UNIT_SWORDSMAN (917512), UNITOPERATION_MOVE_TO (19)
042, Adding, 20, UNIT_BUILDER (917509), UNITOPERATION_SWAP_UNITS (49)
042, Can't Start, 20, UNIT_BUILDER (917509), UNITOPERATION_SWAP_UNITS (49)
042, Adding, 20, UNIT_BUILDER (917509), UNITOPERATION_MOVE_TO (19)
042, Adding, 20, UNIT_BUILDER (917509), UNITOPERATION_BUILD_IMPROVEMENT (2)
042, Adding, 20, UNIT_SWORDSMAN (720896), UNITOPERATION_MOVE_TO (19)
042, Adding, 20, UNIT_CROSSBOWMAN (851970), UNITOPERATION_MOVE_TO (19)
042, Adding, 20, UNIT_HEAVY_CHARIOT (458756), UNITOPERATION_MOVE_TO (19)
042, Adding, 20, UNIT_SWORDSMAN (786439), UNITOPERATION_MOVE_TO (19)
042, Adding, 21, UNIT_WARRIOR (393220), UNITOPERATION_SWAP_UNITS (49)
042, Can't Start, 21, UNIT_WARRIOR (393220), UNITOPERATION_SWAP_UNITS (49)
042, Adding, 21, UNIT_WARRIOR (393220), UNITOPERATION_MOVE_TO (19)
042, Adding, 21, UNIT_BUILDER (655366), UNITOPERATION_REMOVE_FEATURE (28)
042, Adding, 21, UNIT_HEAVY_CHARIOT (524288), UNITOPERATION_MOVE_TO (19)
042, Adding, 21, UNIT_CROSSBOWMAN (851970), UNITOPERATION_MOVE_TO (19)
042, Adding, 21, UNIT_CATAPULT (720903), UNITOPERATION_MOVE_TO (19)
042, Adding, 21, UNIT_SWORDSMAN (786440), UNITOPERATION_MOVE_TO (19)
042, Adding, 21, UNIT_SWORDSMAN (917513), UNITOPERATION_MOVE_TO (19)
042, Adding, 1, UNIT_BABYLONIAN_SABUM_KIBITTUM (196608), UNITOPERATION_MOVE_TO (19)
042, Adding, 3, UNIT_BUILDER (1572878), UNITOPERATION_MOVE_TO (19)
042, Adding, 2, UNIT_BUILDER (1310724), UNITOPERATION_MOVE_TO (19)
042, Adding, 3, UNIT_BUILDER (1572878), UNITOPERATION_BUILD_IMPROVEMENT (2)
042, Adding, 2, UNIT_BUILDER (1310724), UNITOPERATION_BUILD_IMPROVEMENT (2)
042, Adding, 0, UNIT_VAMPIRE (262146), UNITOPERATION_SWAP_UNITS (49)
042, Adding, 0, UNIT_VAMPIRE (262146), UNITOPERATION_BUILD_ROUTE (3)
042, Adding, 2, UNIT_INDIAN_VARU (1507331), UNITOPERATION_MOVE_TO (19)
042, Adding, 4, UNIT_NUBIAN_PITATI (1572876), UNITOPERATION_MOVE_TO (19)
042, Adding, 3, UNIT_BUILDER (1638409), UNITOPERATION_BUILD_IMPROVEMENT (2)
042, Adding, 2, UNIT_BUILDER (1376265), UNITOPERATION_MOVE_TO (19)
042, Adding, 4, UNIT_VAMPIRE (196608), UNITOPERATION_BUILD_ROUTE (3)
042, Adding, 2, UNIT_BUILDER (1376265), UNITOPERATION_BUILD_IMPROVEMENT (2)
042, Adding, 2, UNIT_WARRIOR (131073), UNITOPERATION_MOVE_TO (19)
042, Adding, 4, UNIT_NUBIAN_PITATI (983047), UNITOPERATION_FORTIFY (12)
042, Adding, 3, UNIT_SETTLER (1703942), UNITOPERATION_MOVE_TO (19)
042, Adding, 4, UNIT_BUILDER (2818059), UNITOPERATION_MOVE_TO (19)
042, Adding, 1, UNIT_BUILDER (1966098), UNITOPERATION_MOVE_TO (19)
042, Adding, 3, UNIT_SETTLER (1114119), UNITOPERATION_MOVE_TO (19)
042, Adding, 1, UNIT_BUILDER (2031625), UNITOPERATION_MOVE_TO (19)
042, Adding, 1, UNIT_BUILDER (1376267), UNITOPERATION_REMOVE_FEATURE (28)
042, Adding, 3, UNIT_SETTLER (1376267), UNITOPERATION_MOVE_TO (19)
042, Adding, 4, UNIT_BUILDER (2752520), UNITOPERATION_REMOVE_FEATURE (28)
042, Adding, 3, UNIT_SETTLER (1703942), UNITOPERATION_MOVE_TO (19)
042, Adding, 0, UNIT_BUILDER (1900545), UNITOPERATION_MOVE_TO (19)
042, Adding, 4, UNIT_BUILDER (3211266), UNITOPERATION_MOVE_TO (19)
042, Adding, 0, UNIT_BUILDER (1900545), UNITOPERATION_BUILD_IMPROVEMENT (2)
042, Adding, 4, UNIT_NUBIAN_PITATI (1310726), UNITOPERATION_SKIP_TURN (36)
042, Adding, 4, UNIT_NUBIAN_PITATI (1769490), UNITOPERATION_FORTIFY (12)
042, Adding, 1, UNIT_BUILDER (1638413), UNITOPERATION_MOVE_TO (19)
042, Adding, 1, UNIT_BUILDER (1638413), UNITOPERATION_BUILD_IMPROVEMENT (2)
042, Adding, 4, UNIT_NUBIAN_PITATI (1703953), UNITOPERATION_FORTIFY (12)
042, Adding, 0, UNIT_BUILDER (1638413), UNITOPERATION_MOVE_TO (19)
042, Adding, 1, UNIT_BUILDER (1900561), UNITOPERATION_BUILD_IMPROVEMENT (2)
042, Adding, 2, UNIT_BUILDER (1441800), UNITOPERATION_BUILD_IMPROVEMENT (2)
042, Adding, 1, UNIT_BUILDER (1900561), UNITOPERATION_MOVE_TO (19)
042, Adding, 0, UNIT_BUILDER (1638413), UNITOPERATION_BUILD_IMPROVEMENT (2)
042, Adding, 4, UNIT_BUILDER (3014675), UNITOPERATION_BUILD_IMPROVEMENT (2)
042, Adding, 0, UNIT_BUILDER (1638413), UNITOPERATION_MOVE_TO (19)
042, Adding, 0, UNIT_TRADER (1835013), UNITOPERATION_MAKE_TRADE_ROUTE (18)
042, Adding, 4, UNIT_BUILDER (3145731), UNITOPERATION_MOVE_TO (19)
042, Adding, 4, UNIT_BUILDER (3145731), UNITOPERATION_MOVE_TO (19)
042, Adding, 0, UNIT_EGYPTIAN_CHARIOT_ARCHER (1572871), UNITOPERATION_FORTIFY (12)
042, Adding, 1, UNIT_BUILDER (1835024), UNITOPERATION_MOVE_TO (19)
042, Adding, 1, UNIT_BUILDER (1835024), UNITOPERATION_MOVE_TO (19)
042, Adding, 0, UNIT_BUILDER (1507340), UNITOPERATION_MOVE_TO (19)
042, Adding, 1, UNIT_BUILDER (1507340), UNITOPERATION_MOVE_TO (19)
042, Adding, 1, UNIT_BUILDER (1769487), UNITOPERATION_BUILD_IMPROVEMENT (2)
042, Adding, 0, UNIT_BUILDER (1769486), UNITOPERATION_BUILD_IMPROVEMENT (2)
042, Adding, 1, UNIT_BUILDER (1310730), UNITOPERATION_MOVE_TO (19)
042, Adding, 1, UNIT_BUILDER (1114119), UNITOPERATION_MOVE_TO (19)
042, Adding, 1, UNIT_WARRIOR (131073), UNITOPERATION_MOVE_TO (19)
042, Adding, 4, UNIT_BUILDER (3080212), UNITOPERATION_MOVE_TO (19)
042, Adding, 4, UNIT_BUILDER (2883606), UNITOPERATION_MOVE_TO (19)
043, Adding, 5, UNIT_MACEDONIAN_HETAIROI (1769493), UNITOPERATION_SWAP_UNITS (49)
043, Can't Start, 5, UNIT_MACEDONIAN_HETAIROI (1769493), UNITOPERATION_SWAP_UNITS (49)
043, Adding, 5, UNIT_MACEDONIAN_HETAIROI (1769493), UNITOPERATION_MOVE_TO (19)
043, Adding, 5, UNIT_MACEDONIAN_HETAIROI (1769493), UNITOPERATION_MOVE_TO (19)
043, Adding, 5, UNIT_MACEDONIAN_HETAIROI (2293786), UNITOPERATION_MOVE_TO (19)
043, Adding, 5, UNIT_SETTLER (3997731), UNITOPERATION_MOVE_TO (19)
043, Adding, 5, UNIT_SCOUT (262147), UNITOPERATION_SWAP_UNITS (49)
043, Can't Start, 5, UNIT_SCOUT (262147), UNITOPERATION_SWAP_UNITS (49)
043, Adding, 5, UNIT_SCOUT (262147), UNITOPERATION_MOVE_TO (19)
043, Adding, 5, UNIT_MACEDONIAN_HYPASPIST (2687003), UNITOPERATION_SWAP_UNITS (49)
043, Can't Start, 5, UNIT_MACEDONIAN_HYPASPIST (2687003), UNITOPERATION_SWAP_UNITS (49)
043, Adding, 5, UNIT_MACEDONIAN_HYPASPIST (2687003), UNITOPERATION_MOVE_TO (19)
043, Adding, 5, UNIT_GREAT_SCIENTIST (3932176), UNITOPERATION_MOVE_TO (19)
043, Adding, 5, UNIT_CROSSBOWMAN (3604482), UNITOPERATION_MOVE_TO (19)
043, Adding, 5, UNIT_MACEDONIAN_HETAIROI (3014660), UNITOPERATION_MOVE_TO (19)
043, Adding, 5, UNIT_VAMPIRE (655367), UNITOPERATION_MOVE_TO (19)
043, Adding, 5, UNIT_MACEDONIAN_HETAIROI (2031624), UNITOPERATION_MOVE_TO (19)
043, Adding, 5, UNIT_MAN_AT_ARMS (4194314), UNITOPERATION_MOVE_TO (19)
043, Can't Start, 5, UNIT_MAN_AT_ARMS (4194314), UNITOPERATION_MOVE_TO (19)
043, Adding, 5, UNIT_MACEDONIAN_HETAIROI (2097163), UNITOPERATION_MOVE_TO (19)
043, Adding, 5, UNIT_MACEDONIAN_HETAIROI (2555916), UNITOPERATION_MOVE_TO (19)
043, Adding, 5, UNIT_CROSSBOWMAN (3801101), UNITOPERATION_MOVE_TO (19)
043, Adding, 5, UNIT_MACEDONIAN_HETAIROI (1900567), UNITOPERATION_MOVE_TO (19)
043, Adding, 5, UNIT_MACEDONIAN_HETAIROI (1966104), UNITOPERATION_MOVE_TO (19)
043, Adding, 5, UNIT_MACEDONIAN_HETAIROI (2228249), UNITOPERATION_MOVE_TO (19)
043, Adding, 5, UNIT_CROSSBOWMAN (3342365), UNITOPERATION_MOVE_TO (19)
043, Adding, 5, UNIT_MAN_AT_ARMS (4128805), UNITOPERATION_MOVE_TO (19)
043, Adding, 5, UNIT_CROSSBOWMAN (3735585), UNITOPERATION_MOVE_TO (19)
043, Adding, 5, UNIT_CROSSBOWMAN (4063268), UNITOPERATION_MOVE_TO (19)
043, Adding, 5, UNIT_MISSIONARY (2621441), UNITOPERATION_MOVE_TO (19)
043, Adding, 5, UNIT_MISSIONARY (2621441), UNITOPERATION_REMOVE_HERESY (29)
043, Can't Start, 5, UNIT_MISSIONARY (2621441), UNITOPERATION_REMOVE_HERESY (29)
043, Adding, 5, UNIT_MISSIONARY (3276806), UNITOPERATION_SPREAD_RELIGION (38)
043, Adding, 5, UNIT_MISSIONARY (2359305), UNITOPERATION_MOVE_TO (19)
043, Adding, 5, UNIT_MISSIONARY (2424850), UNITOPERATION_MOVE_TO (19)
043, Adding, 5, UNIT_MISSIONARY (3670035), UNITOPERATION_MOVE_TO (19)
043, Adding, 5, UNIT_MISSIONARY (3080222), UNITOPERATION_MOVE_TO (19)
043, Adding, 5, UNIT_BUILDER (1835030), UNITOPERATION_MOVE_TO (19)
043, Adding, 5, UNIT_BUILDER (1835030), UNITOPERATION_MOVE_TO (19)
043, Adding, 5, UNIT_BUILDER (1835030), UNITOPERATION_MOVE_TO (19)
043, Adding, 5, UNIT_BUILDER (1835030), UNITOPERATION_MOVE_TO (19)
043, Adding, 5, UNIT_BUILDER (1835030), UNITOPERATION_MOVE_TO (19)
043, Adding, 5, UNIT_SKIRMISHER (3145759), UNITOPERATION_MOVE_TO (19)
043, Adding, 5, UNIT_SKIRMISHER (3211278), UNITOPERATION_MOVE_TO (19)
043, Adding, 5, UNIT_SKIRMISHER (3407892), UNITOPERATION_MOVE_TO (19)
043, Adding, 5, UNIT_SKIRMISHER (3211278), UNITOPERATION_SKIP_TURN (36)
043, Adding, 5, UNIT_SKIRMISHER (3407892), UNITOPERATION_SKIP_TURN (36)
043, Adding, 5, UNIT_BUILDER (2752540), UNITOPERATION_SKIP_TURN (36)
043, Adding, 5, UNIT_BUILDER (3473440), UNITOPERATION_SKIP_TURN (36)
043, Can't Start, 5, UNIT_TRADER (1245184), UNITOPERATION_MAKE_TRADE_ROUTE (18)
043, Can't Start, 5, UNIT_MISSIONARY (2621441), UNITOPERATION_REMOVE_HERESY (29)
043, Adding, 6, UNIT_SCOUT (262147), UNITOPERATION_SWAP_UNITS (49)
043, Can't Start, 6, UNIT_SCOUT (262147), UNITOPERATION_SWAP_UNITS (49)
043, Adding, 6, UNIT_SCOUT (262147), UNITOPERATION_MOVE_TO (19)
043, Adding, 6, UNIT_BUILDER (4980737), UNITOPERATION_SWAP_UNITS (49)
043, Can't Start, 6, UNIT_BUILDER (4980737), UNITOPERATION_SWAP_UNITS (49)
043, Adding, 6, UNIT_BUILDER (4980737), UNITOPERATION_MOVE_TO (19)
043, Adding, 6, UNIT_BUILDER (5242904), UNITOPERATION_SWAP_UNITS (49)
043, Can't Start, 6, UNIT_BUILDER (5242904), UNITOPERATION_SWAP_UNITS (49)
043, Adding, 6, UNIT_BUILDER (5242904), UNITOPERATION_MOVE_TO (19)
043, Adding, 6, UNIT_BUILDER (5242904), UNITOPERATION_BUILD_IMPROVEMENT (2)
043, Adding, 6, UNIT_BUILDER (3276835), UNITOPERATION_SWAP_UNITS (49)
043, Can't Start, 6, UNIT_BUILDER (3276835), UNITOPERATION_SWAP_UNITS (49)
043, Adding, 6, UNIT_BUILDER (3276835), UNITOPERATION_MOVE_TO (19)
043, Adding, 6, UNIT_BUILDER (3276835), UNITOPERATION_BUILD_IMPROVEMENT (2)
043, Adding, 6, UNIT_BUILDER (5046272), UNITOPERATION_SWAP_UNITS (49)
043, Can't Start, 6, UNIT_BUILDER (5046272), UNITOPERATION_SWAP_UNITS (49)
043, Adding, 6, UNIT_BUILDER (5046272), UNITOPERATION_MOVE_TO (19)
043, Adding, 6, UNIT_BUILDER (5046272), UNITOPERATION_REMOVE_FEATURE (28)
043, Adding, 6, UNIT_BUILDER (5046272), UNITOPERATION_BUILD_IMPROVEMENT (2)
043, Can't Start, 6, UNIT_BUILDER (5046272), UNITOPERATION_BUILD_IMPROVEMENT (2)
043, Adding, 6, UNIT_BUILDER (4259874), UNITOPERATION_SWAP_UNITS (49)
043, Can't Start, 6, UNIT_BUILDER (4259874), UNITOPERATION_SWAP_UNITS (49)
043, Adding, 6, UNIT_BUILDER (4259874), UNITOPERATION_MOVE_TO (19)
043, Adding, 6, UNIT_BUILDER (4259874), UNITOPERATION_BUILD_IMPROVEMENT (2)
043, Adding, 6, UNIT_GREAT_MERCHANT (5439510), UNITOPERATION_SWAP_UNITS (49)
043, Can't Start, 6, UNIT_GREAT_MERCHANT (5439510), UNITOPERATION_SWAP_UNITS (49)
043, Adding, 6, UNIT_GREAT_MERCHANT (5439510), UNITOPERATION_MOVE_TO (19)
043, Adding, 6, UNIT_CATAPULT (2621457), UNITOPERATION_FORTIFY (12)
043, Can't Start, 6, UNIT_CATAPULT (2621457), UNITOPERATION_FORTIFY (12)
043, Adding, 6, UNIT_SWORDSMAN (2752542), UNITOPERATION_FORTIFY (12)
043, Can't Start, 6, UNIT_SWORDSMAN (2752542), UNITOPERATION_FORTIFY (12)
043, Adding, 6, UNIT_SWORDSMAN (5373996), UNITOPERATION_FORTIFY (12)
043, Adding, 6, UNIT_SWORDSMAN (4456450), UNITOPERATION_MOVE_TO (19)
043, Adding, 6, UNIT_SWORDSMAN (2818054), UNITOPERATION_MOVE_TO (19)
043, Can't Start, 6, UNIT_SWORDSMAN (2818054), UNITOPERATION_MOVE_TO (19)
043, Adding, 6, UNIT_SWORDSMAN (2686985), UNITOPERATION_MOVE_TO (19)
043, Can't Start, 6, UNIT_SWORDSMAN (2686985), UNITOPERATION_MOVE_TO (19)
043, Adding, 6, UNIT_SWORDSMAN (4128779), UNITOPERATION_MOVE_TO (19)
043, Adding, 6, UNIT_SWORDSMAN (4587534), UNITOPERATION_MOVE_TO (19)
043, Adding, 6, UNIT_CROSSBOWMAN (5505040), UNITOPERATION_MOVE_TO (19)
043, Adding, 6, UNIT_SWORDSMAN (4718610), UNITOPERATION_MOVE_TO (19)
043, Adding, 6, UNIT_CROSSBOWMAN (4915220), UNITOPERATION_MOVE_TO (19)
043, Adding, 6, UNIT_CROSSBOWMAN (4784149), UNITOPERATION_MOVE_TO (19)
043, Adding, 6, UNIT_HEAVY_CHARIOT (2359322), UNITOPERATION_MOVE_TO (19)
043, Adding, 6, UNIT_SWORDSMAN (3145761), UNITOPERATION_MOVE_TO (19)
043, Adding, 6, UNIT_CROSSBOWMAN (5177382), UNITOPERATION_MOVE_TO (19)
043, Adding, 6, UNIT_SWORDSMAN (3866664), UNITOPERATION_MOVE_TO (19)
043, Adding, 6, UNIT_SWORDSMAN (3932201), UNITOPERATION_MOVE_TO (19)
043, Adding, 6, UNIT_CATAPULT (2490396), UNITOPERATION_MOVE_TO (19)
043, Adding, 6, UNIT_MISSIONARY (3735557), UNITOPERATION_MOVE_TO (19)
043, Adding, 6, UNIT_MISSIONARY (2031623), UNITOPERATION_MOVE_TO (19)
043, Adding, 6, UNIT_MISSIONARY (2031623), UNITOPERATION_SPREAD_RELIGION (38)
043, Can't Start, 6, UNIT_MISSIONARY (2031623), UNITOPERATION_SPREAD_RELIGION (38)
043, Adding, 6, UNIT_TAOIST (786440), UNITOPERATION_MOVE_TO (19)
043, Adding, 6, UNIT_MISSIONARY (1900556), UNITOPERATION_MOVE_TO (19)
043, Adding, 6, UNIT_MISSIONARY (2162711), UNITOPERATION_MOVE_TO (19)
043, Adding, 6, UNIT_MISSIONARY (2293785), UNITOPERATION_MOVE_TO (19)
043, Adding, 6, UNIT_MISSIONARY (2424859), UNITOPERATION_MOVE_TO (19)
043, Adding, 6, UNIT_MISSIONARY (2555933), UNITOPERATION_MOVE_TO (19)
043, Adding, 6, UNIT_MISSIONARY (2883615), UNITOPERATION_MOVE_TO (19)
043, Adding, 6, UNIT_MISSIONARY (3342372), UNITOPERATION_MOVE_TO (19)
043, Adding, 6, UNIT_APOSTLE (5111851), UNITOPERATION_MOVE_TO (19)
043, Adding, 6, UNIT_SKIRMISHER (3473440), UNITOPERATION_MOVE_TO (19)
043, Adding, 6, UNIT_SKIRMISHER (3473440), UNITOPERATION_MOVE_TO (19)
043, Adding, 6, UNIT_SKIRMISHER (3473440), UNITOPERATION_MOVE_TO (19)
043, Adding, 6, UNIT_SKIRMISHER (3473440), UNITOPERATION_MOVE_TO (19)
043, Adding, 6, UNIT_SKIRMISHER (3473440), UNITOPERATION_MOVE_TO (19)
043, Adding, 6, UNIT_SKIRMISHER (3473440), UNITOPERATION_MOVE_TO (19)
043, Adding, 6, UNIT_SKIRMISHER (4063245), UNITOPERATION_MOVE_TO (19)
043, Adding, 6, UNIT_SKIRMISHER (4194308), UNITOPERATION_MOVE_TO (19)
043, Adding, 6, UNIT_SKIRMISHER (4390927), UNITOPERATION_MOVE_TO (19)
043, Adding, 6, UNIT_SKIRMISHER (3407909), UNITOPERATION_MOVE_TO (19)
043, Adding, 6, UNIT_SKIRMISHER (3801127), UNITOPERATION_MOVE_TO (19)
043, Adding, 6, UNIT_SKIRMISHER (3997738), UNITOPERATION_MOVE_TO (19)
043, Adding, 6, UNIT_SKIRMISHER (4194308), UNITOPERATION_SKIP_TURN (36)
043, Adding, 6, UNIT_SKIRMISHER (4390927), UNITOPERATION_SKIP_TURN (36)
043, Adding, 6, UNIT_SKIRMISHER (3407909), UNITOPERATION_SKIP_TURN (36)
043, Adding, 6, UNIT_SKIRMISHER (3801127), UNITOPERATION_SKIP_TURN (36)
043, Adding, 6, UNIT_SKIRMISHER (3997738), UNITOPERATION_SKIP_TURN (36)
043, Can't Start, 6, UNIT_BUILDER (5046272), UNITOPERATION_BUILD_IMPROVEMENT (2)
043, Can't Start, 6, UNIT_MISSIONARY (2031623), UNITOPERATION_SPREAD_RELIGION (38)
043, Adding, 7, UNIT_SETTLER (4128794), UNITOPERATION_MOVE_TO (19)
043, Adding, 7, UNIT_SWORDSMAN (3342355), UNITOPERATION_MOVE_TO (19)
043, Can't Start, 7, UNIT_SWORDSMAN (3342355), UNITOPERATION_MOVE_TO (19)
043, Adding, 7, UNIT_WARRIOR (1769494), UNITOPERATION_MOVE_TO (19)
043, Adding, 7, UNIT_SWORDSMAN (3801104), UNITOPERATION_MOVE_TO (19)
043, Adding, 7, UNIT_SKIRMISHER (3407907), UNITOPERATION_MOVE_TO (19)
043, Adding, 7, UNIT_WARRIOR (1835031), UNITOPERATION_MOVE_TO (19)
043, Adding, 7, UNIT_WARRIOR (1900568), UNITOPERATION_MOVE_TO (19)
043, Adding, 7, UNIT_CATAPULT (4456488), UNITOPERATION_MOVE_TO (19)
043, Adding, 7, UNIT_SWORDSMAN (4063235), UNITOPERATION_MOVE_TO (19)
043, Adding, 7, UNIT_SKIRMISHER (3670036), UNITOPERATION_MOVE_TO (19)
043, Adding, 7, UNIT_SKIRMISHER (3932181), UNITOPERATION_MOVE_TO (19)
043, Adding, 7, UNIT_SWORDSMAN (3473444), UNITOPERATION_MOVE_TO (19)
043, Adding, 7, UNIT_SWORDSMAN (2490398), UNITOPERATION_MOVE_TO (19)
043, Adding, 7, UNIT_SWORDSMAN (3211279), UNITOPERATION_MOVE_TO (19)
043, Adding, 7, UNIT_SWORDSMAN (3080201), UNITOPERATION_MOVE_TO (19)
043, Adding, 7, UNIT_SKIRMISHER (4849692), UNITOPERATION_MOVE_TO (19)
043, Adding, 7, UNIT_WARRIOR (1900568), UNITOPERATION_MOVE_TO (19)
043, Adding, 7, UNIT_CATAPULT (4456488), UNITOPERATION_MOVE_TO (19)
043, Adding, 7, UNIT_SKIRMISHER (3670036), UNITOPERATION_MOVE_TO (19)
043, Adding, 7, UNIT_SCOUT (589826), UNITOPERATION_SWAP_UNITS (49)
043, Can't Start, 7, UNIT_SCOUT (589826), UNITOPERATION_SWAP_UNITS (49)
043, Adding, 7, UNIT_SCOUT (589826), UNITOPERATION_MOVE_TO (19)
043, Adding, 7, UNIT_SCOUT (393220), UNITOPERATION_SWAP_UNITS (49)
043, Can't Start, 7, UNIT_SCOUT (393220), UNITOPERATION_SWAP_UNITS (49)
043, Adding, 7, UNIT_SCOUT (393220), UNITOPERATION_MOVE_TO (19)
043, Adding, 7, UNIT_WARRIOR (655367), UNITOPERATION_SWAP_UNITS (49)
043, Can't Start, 7, UNIT_WARRIOR (655367), UNITOPERATION_SWAP_UNITS (49)
043, Adding, 7, UNIT_WARRIOR (655367), UNITOPERATION_MOVE_TO (19)
043, Adding, 7, UNIT_WARRIOR (1048588), UNITOPERATION_SWAP_UNITS (49)
043, Can't Start, 7, UNIT_WARRIOR (1048588), UNITOPERATION_SWAP_UNITS (49)
043, Adding, 7, UNIT_WARRIOR (1048588), UNITOPERATION_MOVE_TO (19)
043, Adding, 7, UNIT_SWORDSMAN (4653099), UNITOPERATION_SWAP_UNITS (49)
043, Can't Start, 7, UNIT_SWORDSMAN (4653099), UNITOPERATION_SWAP_UNITS (49)
043, Adding, 7, UNIT_SWORDSMAN (4653099), UNITOPERATION_MOVE_TO (19)
043, Adding, 7, UNIT_SWORDSMAN (3014666), UNITOPERATION_MOVE_TO (19)
043, Adding, 7, UNIT_SWORDSMAN (2621472), UNITOPERATION_MOVE_TO (19)
043, Adding, 7, UNIT_SWORDSMAN (2555935), UNITOPERATION_MOVE_TO (19)
043, Adding, 7, UNIT_SWORDSMAN (2687009), UNITOPERATION_MOVE_TO (19)
043, Adding, 7, UNIT_WARRIOR (1966105), UNITOPERATION_MOVE_TO (19)
043, Adding, 7, UNIT_SKIRMISHER (4587562), UNITOPERATION_MOVE_TO (19)
043, Adding, 7, UNIT_SKIRMISHER (4522025), UNITOPERATION_MOVE_TO (19)
043, Adding, 7, UNIT_SKIRMISHER (3866661), UNITOPERATION_MOVE_TO (19)
043, Adding, 7, UNIT_BUILDER (4390920), UNITOPERATION_SWAP_UNITS (49)
043, Can't Start, 7, UNIT_BUILDER (4390920), UNITOPERATION_SWAP_UNITS (49)
043, Adding, 7, UNIT_BUILDER (4390920), UNITOPERATION_MOVE_TO (19)
043, Adding, 7, UNIT_BUILDER (4390920), UNITOPERATION_BUILD_IMPROVEMENT (2)
043, Adding, 7, UNIT_BUILDER (4194342), UNITOPERATION_SWAP_UNITS (49)
043, Can't Start, 7, UNIT_BUILDER (4194342), UNITOPERATION_SWAP_UNITS (49)
043, Adding, 7, UNIT_BUILDER (4194342), UNITOPERATION_MOVE_TO (19)
043, Adding, 7, UNIT_BUILDER (4194342), UNITOPERATION_BUILD_IMPROVEMENT (2)
043, Adding, 7, UNIT_BUILDER (4325403), UNITOPERATION_SWAP_UNITS (49)
043, Can't Start, 7, UNIT_BUILDER (4325403), UNITOPERATION_SWAP_UNITS (49)
043, Adding, 7, UNIT_BUILDER (4325403), UNITOPERATION_MOVE_TO (19)
043, Adding, 7, UNIT_BUILDER (4325403), UNITOPERATION_BUILD_IMPROVEMENT (2)
043, Adding, 7, UNIT_BUILDER (4980741), UNITOPERATION_SWAP_UNITS (49)
043, Can't Start, 7, UNIT_BUILDER (4980741), UNITOPERATION_SWAP_UNITS (49)
043, Adding, 7, UNIT_BUILDER (4980741), UNITOPERATION_MOVE_TO (19)
043, Adding, 7, UNIT_GREAT_WRITER (5046306), UNITOPERATION_SWAP_UNITS (49)
043, Can't Start, 7, UNIT_GREAT_WRITER (5046306), UNITOPERATION_SWAP_UNITS (49)
043, Adding, 7, UNIT_GREAT_WRITER (5046306), UNITOPERATION_MOVE_TO (19)
043, Adding, 7, UNIT_SKIRMISHER (3735570), UNITOPERATION_MOVE_TO (19)
043, Adding, 7, UNIT_SKIRMISHER (3735570), UNITOPERATION_MOVE_TO (19)
043, Adding, 7, UNIT_SKIRMISHER (3735570), UNITOPERATION_MOVE_TO (19)
043, Adding, 7, UNIT_SKIRMISHER (3735570), UNITOPERATION_MOVE_TO (19)
043, Adding, 7, UNIT_SKIRMISHER (3735570), UNITOPERATION_MOVE_TO (19)
043, Adding, 7, UNIT_SKIRMISHER (3735570), UNITOPERATION_MOVE_TO (19)
043, Adding, 7, UNIT_TAOIST (851968), UNITOPERATION_MOVE_TO (19)
043, Adding, 7, UNIT_BUILDER (4718636), UNITOPERATION_MOVE_TO (19)
043, Adding, 7, UNIT_TAOIST (851968), UNITOPERATION_MOVE_TO (19)
043, Adding, 7, UNIT_SKIRMISHER (3538973), UNITOPERATION_MOVE_TO (19)
043, Adding, 7, UNIT_BUILDER (4784145), UNITOPERATION_SKIP_TURN (36)
043, Adding, 7, UNIT_SKIRMISHER (3538973), UNITOPERATION_SKIP_TURN (36)
043, Can't Start, 7, UNIT_SWORDSMAN (3342355), UNITOPERATION_MOVE_TO (19)
043, Adding, 8, UNIT_TRADER (1048588), UNITOPERATION_MAKE_TRADE_ROUTE (18)
043, Can't Start, 8, UNIT_TRADER (1048588), UNITOPERATION_MAKE_TRADE_ROUTE (18)
043, Adding, 8, UNIT_MAN_AT_ARMS (6422543), UNITOPERATION_MOVE_TO (19)
043, Can't Start, 8, UNIT_MAN_AT_ARMS (6422543), UNITOPERATION_MOVE_TO (19)
043, Adding, 8, UNIT_SCOUT (458757), UNITOPERATION_SWAP_UNITS (49)
043, Can't Start, 8, UNIT_SCOUT (458757), UNITOPERATION_SWAP_UNITS (49)
043, Adding, 8, UNIT_SCOUT (458757), UNITOPERATION_MOVE_TO (19)
043, Adding, 8, UNIT_SWORDSMAN (3801117), UNITOPERATION_SWAP_UNITS (49)
043, Can't Start, 8, UNIT_SWORDSMAN (3801117), UNITOPERATION_SWAP_UNITS (49)
043, Adding, 8, UNIT_SWORDSMAN (3801117), UNITOPERATION_MOVE_TO (19)
043, Adding, 8, UNIT_SWORDSMAN (3080225), UNITOPERATION_SWAP_UNITS (49)
043, Can't Start, 8, UNIT_SWORDSMAN (3080225), UNITOPERATION_SWAP_UNITS (49)
043, Adding, 8, UNIT_SWORDSMAN (3080225), UNITOPERATION_MOVE_TO (19)
043, Adding, 8, UNIT_VIETNAMESE_VOI_CHIEN (5439490), UNITOPERATION_SWAP_UNITS (49)
043, Can't Start, 8, UNIT_VIETNAMESE_VOI_CHIEN (5439490), UNITOPERATION_SWAP_UNITS (49)
043, Adding, 8, UNIT_VIETNAMESE_VOI_CHIEN (5439490), UNITOPERATION_MOVE_TO (19)
043, Adding, 8, UNIT_HORSEMAN (3604499), UNITOPERATION_SWAP_UNITS (49)
043, Can't Start, 8, UNIT_HORSEMAN (3604499), UNITOPERATION_SWAP_UNITS (49)
043, Adding, 8, UNIT_HORSEMAN (3604499), UNITOPERATION_MOVE_TO (19)
043, Adding, 8, UNIT_HORSEMAN (2228250), UNITOPERATION_SWAP_UNITS (49)
043, Can't Start, 8, UNIT_HORSEMAN (2228250), UNITOPERATION_SWAP_UNITS (49)
043, Adding, 8, UNIT_HORSEMAN (2228250), UNITOPERATION_MOVE_TO (19)
043, Adding, 8, UNIT_ARCHER (1966102), UNITOPERATION_RANGE_ATTACK (26)
043, Adding, 8, UNIT_SWORDSMAN (3145762), UNITOPERATION_MOVE_TO (19)
043, Adding, 8, UNIT_ARCHER (1966102), UNITOPERATION_MOVE_TO (19)
043, Adding, 8, UNIT_SWORDSMAN (3080225), UNITOPERATION_MOVE_TO (19)
043, Adding, 8, UNIT_SWORDSMAN (3932199), UNITOPERATION_MOVE_TO (19)
043, Adding, 8, UNIT_SWORDSMAN (3932199), UNITOPERATION_MOVE_TO (19)
043, Adding, 8, UNIT_CATAPULT (3276804), UNITOPERATION_MOVE_TO (19)
043, Adding, 8, UNIT_SWORDSMAN (4915249), UNITOPERATION_MOVE_TO (19)
043, Adding, 8, UNIT_SWORDSMAN (4653103), UNITOPERATION_MOVE_TO (19)
043, Adding, 8, UNIT_BUILDER (5963808), UNITOPERATION_SWAP_UNITS (49)
043, Can't Start, 8, UNIT_BUILDER (5963808), UNITOPERATION_SWAP_UNITS (49)
043, Adding, 8, UNIT_BUILDER (5963808), UNITOPERATION_MOVE_TO (19)
043, Adding, 8, UNIT_BUILDER (5963808), UNITOPERATION_BUILD_IMPROVEMENT (2)
043, Adding, 8, UNIT_BUILDER (5898276), UNITOPERATION_SWAP_UNITS (49)
043, Can't Start, 8, UNIT_BUILDER (5898276), UNITOPERATION_SWAP_UNITS (49)
043, Adding, 8, UNIT_BUILDER (5898276), UNITOPERATION_MOVE_TO (19)
043, Adding, 8, UNIT_BUILDER (5898276), UNITOPERATION_REMOVE_FEATURE (28)
043, Adding, 8, UNIT_BUILDER (4718593), UNITOPERATION_BUILD_IMPROVEMENT (2)
043, Adding, 8, UNIT_BUILDER (6619144), UNITOPERATION_SWAP_UNITS (49)
043, Can't Start, 8, UNIT_BUILDER (6619144), UNITOPERATION_SWAP_UNITS (49)
043, Adding, 8, UNIT_BUILDER (6619144), UNITOPERATION_MOVE_TO (19)
043, Adding, 8, UNIT_VIETNAMESE_VOI_CHIEN (5832707), UNITOPERATION_MOVE_TO (19)
043, Adding, 8, UNIT_HORSEMAN (3997710), UNITOPERATION_MOVE_TO (19)
043, Adding, 8, UNIT_HORSEMAN (2752528), UNITOPERATION_MOVE_TO (19)
043, Adding, 8, UNIT_VIETNAMESE_VOI_CHIEN (5111825), UNITOPERATION_MOVE_TO (19)
043, Adding, 8, UNIT_VIETNAMESE_VOI_CHIEN (5373972), UNITOPERATION_MOVE_TO (19)
043, Adding, 8, UNIT_VIETNAMESE_VOI_CHIEN (5767195), UNITOPERATION_MOVE_TO (19)
043, Adding, 8, UNIT_VIETNAMESE_VOI_CHIEN (5046300), UNITOPERATION_MOVE_TO (19)
043, Adding, 8, UNIT_VIETNAMESE_VOI_CHIEN (5570604), UNITOPERATION_MOVE_TO (19)
043, Adding, 8, UNIT_HORSEMAN (4587566), UNITOPERATION_MOVE_TO (19)
043, Adding, 8, UNIT_MAN_AT_ARMS (6291506), UNITOPERATION_MOVE_TO (19)
043, Adding, 8, UNIT_MAN_AT_ARMS (6160436), UNITOPERATION_MOVE_TO (19)
043, Can't Start, 8, UNIT_MAN_AT_ARMS (6160436), UNITOPERATION_MOVE_TO (19)
043, Adding, 8, UNIT_MAN_AT_ARMS (6225973), UNITOPERATION_MOVE_TO (19)
043, Adding, 8, UNIT_CATAPULT (3342336), UNITOPERATION_MOVE_TO (19)
043, Adding, 8, UNIT_VIETNAMESE_VOI_CHIEN (6357013), UNITOPERATION_MOVE_TO (19)
043, Adding, 8, UNIT_VIETNAMESE_VOI_CHIEN (6029335), UNITOPERATION_MOVE_TO (19)
043, Adding, 8, UNIT_VIETNAMESE_VOI_CHIEN (5308458), UNITOPERATION_MOVE_TO (19)
043, Adding, 8, UNIT_MISSIONARY (2555910), UNITOPERATION_SPREAD_RELIGION (38)
043, Adding, 8, UNIT_MISSIONARY (3866637), UNITOPERATION_MOVE_TO (19)
043, Adding, 8, UNIT_MISSIONARY (2621458), UNITOPERATION_SPREAD_RELIGION (38)
043, Adding, 8, UNIT_MISSIONARY (4259864), UNITOPERATION_SPREAD_RELIGION (38)
043, Adding, 8, UNIT_MISSIONARY (2883614), UNITOPERATION_MOVE_TO (19)
043, Adding, 8, UNIT_MISSIONARY (2949151), UNITOPERATION_MOVE_TO (19)
043, Adding, 8, UNIT_MISSIONARY (2949151), UNITOPERATION_SPREAD_RELIGION (38)
043, Adding, 8, UNIT_MISSIONARY (3407907), UNITOPERATION_MOVE_TO (19)
043, Adding, 8, UNIT_MISSIONARY (3407907), UNITOPERATION_SPREAD_RELIGION (38)
043, Can't Start, 8, UNIT_MISSIONARY (3407907), UNITOPERATION_SPREAD_RELIGION (38)
043, Adding, 8, UNIT_MISSIONARY (3670053), UNITOPERATION_MOVE_TO (19)
043, Adding, 8, UNIT_MISSIONARY (4063272), UNITOPERATION_MOVE_TO (19)
043, Adding, 8, UNIT_MISSIONARY (4784176), UNITOPERATION_MOVE_TO (19)
043, Adding, 8, UNIT_SKIRMISHER (4522029), UNITOPERATION_MOVE_TO (19)
043, Adding, 8, UNIT_SKIRMISHER (4522029), UNITOPERATION_MOVE_TO (19)
043, Adding, 8, UNIT_SKIRMISHER (4128809), UNITOPERATION_MOVE_TO (19)
043, Adding, 8, UNIT_SKIRMISHER (4522029), UNITOPERATION_MOVE_TO (19)
043, Adding, 8, UNIT_SKIRMISHER (4128809), UNITOPERATION_MOVE_TO (19)
043, Adding, 8, UNIT_SKIRMISHER (5505075), UNITOPERATION_MOVE_TO (19)
043, Adding, 8, UNIT_SKIRMISHER (4128809), UNITOPERATION_MOVE_TO (19)
043, Adding, 8, UNIT_BUILDER (5636139), UNITOPERATION_MOVE_TO (19)
043, Adding, 8, UNIT_SKIRMISHER (4128809), UNITOPERATION_MOVE_TO (19)
043, Adding, 8, UNIT_SKIRMISHER (5242890), UNITOPERATION_MOVE_TO (19)
043, Adding, 8, UNIT_SKIRMISHER (6553655), UNITOPERATION_MOVE_TO (19)
043, Adding, 8, UNIT_MISSIONARY (6094857), UNITOPERATION_SKIP_TURN (36)
043, Adding, 8, UNIT_SKIRMISHER (5242890), UNITOPERATION_SKIP_TURN (36)
043, Adding, 8, UNIT_MISSIONARY (5177355), UNITOPERATION_SKIP_TURN (36)
043, Adding, 8, UNIT_MISSIONARY (4849689), UNITOPERATION_SKIP_TURN (36)
043, Adding, 8, UNIT_MISSIONARY (5701670), UNITOPERATION_SKIP_TURN (36)
043, Adding, 8, UNIT_MISSIONARY (6488118), UNITOPERATION_SKIP_TURN (36)
043, Adding, 8, UNIT_SKIRMISHER (6553655), UNITOPERATION_SKIP_TURN (36)
043, Can't Start, 8, UNIT_TRADER (1048588), UNITOPERATION_MAKE_TRADE_ROUTE (18)
043, Adding, 9, UNIT_CROSSBOWMAN (5242890), UNITOPERATION_MOVE_TO (19)
043, Adding, 9, UNIT_CATAPULT (4849697), UNITOPERATION_SWAP_UNITS (49)
043, Can't Start, 9, UNIT_CATAPULT (4849697), UNITOPERATION_SWAP_UNITS (49)
043, Adding, 9, UNIT_CATAPULT (4849697), UNITOPERATION_MOVE_TO (19)
043, Adding, 9, UNIT_BUILDER (3538971), UNITOPERATION_SWAP_UNITS (49)
043, Can't Start, 9, UNIT_BUILDER (3538971), UNITOPERATION_SWAP_UNITS (49)
043, Adding, 9, UNIT_BUILDER (3538971), UNITOPERATION_MOVE_TO (19)
043, Adding, 9, UNIT_BUILDER (6029325), UNITOPERATION_SWAP_UNITS (49)
043, Can't Start, 9, UNIT_BUILDER (6029325), UNITOPERATION_SWAP_UNITS (49)
043, Adding, 9, UNIT_BUILDER (6029325), UNITOPERATION_MOVE_TO (19)
043, Adding, 9, UNIT_BUILDER (6029325), UNITOPERATION_REMOVE_FEATURE (28)
043, Adding, 9, UNIT_BUILDER (6029325), UNITOPERATION_BUILD_IMPROVEMENT (2)
043, Can't Start, 9, UNIT_BUILDER (6029325), UNITOPERATION_BUILD_IMPROVEMENT (2)
043, Adding, 9, UNIT_BUILDER (5963821), UNITOPERATION_SWAP_UNITS (49)
043, Can't Start, 9, UNIT_BUILDER (5963821), UNITOPERATION_SWAP_UNITS (49)
043, Adding, 9, UNIT_BUILDER (5963821), UNITOPERATION_MOVE_TO (19)
043, Adding, 9, UNIT_BUILDER (5963821), UNITOPERATION_BUILD_IMPROVEMENT (2)
043, Adding, 9, UNIT_BUILDER (3604500), UNITOPERATION_SWAP_UNITS (49)
043, Can't Start, 9, UNIT_BUILDER (3604500), UNITOPERATION_SWAP_UNITS (49)
043, Adding, 9, UNIT_BUILDER (3604500), UNITOPERATION_MOVE_TO (19)
043, Adding, 9, UNIT_BUILDER (5767191), UNITOPERATION_SWAP_UNITS (49)
043, Can't Start, 9, UNIT_BUILDER (5767191), UNITOPERATION_SWAP_UNITS (49)
043, Adding, 9, UNIT_BUILDER (5767191), UNITOPERATION_MOVE_TO (19)
043, Adding, 9, UNIT_GREAT_SCIENTIST (7667731), UNITOPERATION_SWAP_UNITS (49)
043, Can't Start, 9, UNIT_GREAT_SCIENTIST (7667731), UNITOPERATION_SWAP_UNITS (49)
043, Adding, 9, UNIT_GREAT_SCIENTIST (7667731), UNITOPERATION_MOVE_TO (19)
043, Adding, 9, UNIT_SKIRMISHER (5046276), UNITOPERATION_MOVE_TO (19)
043, Adding, 9, UNIT_SKIRMISHER (5636103), UNITOPERATION_FORTIFY (12)
043, Can't Start, 9, UNIT_SKIRMISHER (5636103), UNITOPERATION_FORTIFY (12)
043, Adding, 9, UNIT_CROSSBOWMAN (4653096), UNITOPERATION_FORTIFY (12)
043, Can't Start, 9, UNIT_CROSSBOWMAN (4653096), UNITOPERATION_FORTIFY (12)
043, Adding, 9, UNIT_MAN_AT_ARMS (6291505), UNITOPERATION_FORTIFY (12)
043, Adding, 9, UNIT_MAN_AT_ARMS (7471105), UNITOPERATION_MOVE_TO (19)
043, Adding, 9, UNIT_MAN_AT_ARMS (7143426), UNITOPERATION_MOVE_TO (19)
043, Adding, 9, UNIT_MAN_AT_ARMS (7077893), UNITOPERATION_MOVE_TO (19)
043, Adding, 9, UNIT_MAN_AT_ARMS (7405580), UNITOPERATION_MOVE_TO (19)
043, Adding, 9, UNIT_MAN_AT_ARMS (7733265), UNITOPERATION_MOVE_TO (19)
043, Adding, 9, UNIT_MAN_AT_ARMS (7012370), UNITOPERATION_MOVE_TO (19)
043, Adding, 9, UNIT_MAN_AT_ARMS (7340071), UNITOPERATION_MOVE_TO (19)
043, Adding, 9, UNIT_MAN_AT_ARMS (6357042), UNITOPERATION_MOVE_TO (19)
043, Adding, 9, UNIT_MAN_AT_ARMS (6422579), UNITOPERATION_MOVE_TO (19)
043, Adding, 9, UNIT_MAN_AT_ARMS (6488116), UNITOPERATION_MOVE_TO (19)
043, Adding, 9, UNIT_MAN_AT_ARMS (6553653), UNITOPERATION_MOVE_TO (19)
043, Can't Start, 9, UNIT_MAN_AT_ARMS (6553653), UNITOPERATION_MOVE_TO (19)
043, Adding, 9, UNIT_MAN_AT_ARMS (6619190), UNITOPERATION_MOVE_TO (19)
043, Adding, 9, UNIT_MAN_AT_ARMS (7209015), UNITOPERATION_MOVE_TO (19)
043, Adding, 9, UNIT_CROSSBOWMAN (4587520), UNITOPERATION_MOVE_TO (19)
043, Adding, 9, UNIT_HORSEMAN (4325385), UNITOPERATION_MOVE_TO (19)
043, Adding, 9, UNIT_CROSSBOWMAN (4521995), UNITOPERATION_MOVE_TO (19)
043, Adding, 9, UNIT_CROSSBOWMAN (6946840), UNITOPERATION_MOVE_TO (19)
043, Adding, 9, UNIT_CROSSBOWMAN (5701661), UNITOPERATION_MOVE_TO (19)
043, Adding, 9, UNIT_CROSSBOWMAN (6815774), UNITOPERATION_MOVE_TO (19)
043, Adding, 9, UNIT_CROSSBOWMAN (4980767), UNITOPERATION_MOVE_TO (19)
043, Adding, 9, UNIT_HORSEMAN (2818083), UNITOPERATION_MOVE_TO (19)
043, Adding, 9, UNIT_MAN_AT_ARMS (7602212), UNITOPERATION_MOVE_TO (19)
043, Adding, 9, UNIT_TREBUCHET (7536677), UNITOPERATION_MOVE_TO (19)
043, Adding, 9, UNIT_CROSSBOWMAN (6750246), UNITOPERATION_MOVE_TO (19)
043, Adding, 9, UNIT_CROSSBOWMAN (4718633), UNITOPERATION_MOVE_TO (19)
043, Adding, 9, UNIT_CROSSBOWMAN (5308459), UNITOPERATION_MOVE_TO (19)
043, Adding, 9, UNIT_CROSSBOWMAN (6094894), UNITOPERATION_MOVE_TO (19)
043, Adding, 9, UNIT_CROSSBOWMAN (6160431), UNITOPERATION_MOVE_TO (19)
043, Adding, 9, UNIT_MISSIONARY (4390915), UNITOPERATION_MOVE_TO (19)
043, Adding, 9, UNIT_MISSIONARY (5570574), UNITOPERATION_MOVE_TO (19)
043, Adding, 9, UNIT_MISSIONARY (5177365), UNITOPERATION_MOVE_TO (19)
043, Adding, 9, UNIT_MISSIONARY (5439513), UNITOPERATION_SPREAD_RELIGION (38)
043, Adding, 9, UNIT_MISSIONARY (6881306), UNITOPERATION_SPREAD_RELIGION (38)
043, Adding, 9, UNIT_MISSIONARY (4915232), UNITOPERATION_MOVE_TO (19)
043, Adding, 9, UNIT_MISSIONARY (4915232), UNITOPERATION_REMOVE_HERESY (29)
043, Can't Start, 9, UNIT_MISSIONARY (4915232), UNITOPERATION_REMOVE_HERESY (29)
043, Adding, 9, UNIT_MISSIONARY (7274538), UNITOPERATION_MOVE_TO (19)
043, Adding, 9, UNIT_MISSIONARY (5832748), UNITOPERATION_MOVE_TO (19)
043, Adding, 9, UNIT_MISSIONARY (6225968), UNITOPERATION_MOVE_TO (19)
043, Adding, 9, UNIT_MISSIONARY (6225968), UNITOPERATION_REMOVE_HERESY (29)
043, Can't Start, 9, UNIT_MISSIONARY (6225968), UNITOPERATION_REMOVE_HERESY (29)
043, Adding, 9, UNIT_SKIRMISHER (5111830), UNITOPERATION_MOVE_TO (19)
043, Adding, 9, UNIT_SKIRMISHER (5111830), UNITOPERATION_MOVE_TO (19)
043, Adding, 9, UNIT_SKIRMISHER (5111830), UNITOPERATION_MOVE_TO (19)
043, Adding, 9, UNIT_SKIRMISHER (5111830), UNITOPERATION_MOVE_TO (19)
043, Adding, 9, UNIT_SKIRMISHER (5111830), UNITOPERATION_MOVE_TO (19)
043, Adding, 9, UNIT_SKIRMISHER (5111830), UNITOPERATION_MOVE_TO (19)
043, Adding, 9, UNIT_SKIRMISHER (5111830), UNITOPERATION_MOVE_TO (19)
043, Adding, 9, UNIT_SKIRMISHER (5111830), UNITOPERATION_MOVE_TO (19)
043, Adding, 9, UNIT_SKIRMISHER (5111830), UNITOPERATION_MOVE_TO (19)
043, Can't Start, 9, UNIT_BUILDER (6029325), UNITOPERATION_BUILD_IMPROVEMENT (2)
043, Can't Start, 9, UNIT_MISSIONARY (4915232), UNITOPERATION_REMOVE_HERESY (29)
043, Adding, 10, UNIT_BUILDER (1048583), UNITOPERATION_BUILD_IMPROVEMENT (2)
043, Adding, 10, UNIT_CROSSBOWMAN (983040), UNITOPERATION_MOVE_TO (19)
043, Adding, 10, UNIT_SWORDSMAN (786433), UNITOPERATION_MOVE_TO (19)
043, Adding, 10, UNIT_SWORDSMAN (917506), UNITOPERATION_MOVE_TO (19)
043, Adding, 10, UNIT_SWORDSMAN (851971), UNITOPERATION_MOVE_TO (19)
043, Adding, 10, UNIT_SWORDSMAN (720902), UNITOPERATION_MOVE_TO (19)
043, Adding, 12, UNIT_SWORDSMAN (458752), UNITOPERATION_MOVE_TO (19)
043, Adding, 12, UNIT_SWORDSMAN (655361), UNITOPERATION_MOVE_TO (19)
043, Adding, 12, UNIT_CROSSBOWMAN (720898), UNITOPERATION_MOVE_TO (19)
043, Adding, 12, UNIT_CROSSBOWMAN (786435), UNITOPERATION_MOVE_TO (19)
043, Adding, 12, UNIT_SWORDSMAN (589829), UNITOPERATION_MOVE_TO (19)
043, Adding, 12, UNIT_BUILDER (524292), UNITOPERATION_SKIP_TURN (36)
043, Adding, 13, UNIT_SWORDSMAN (655361), UNITOPERATION_MOVE_TO (19)
043, Adding, 13, UNIT_CATAPULT (720898), UNITOPERATION_MOVE_TO (19)
043, Adding, 13, UNIT_HEAVY_CHARIOT (524292), UNITOPERATION_MOVE_TO (19)
043, Adding, 13, UNIT_SWORDSMAN (589829), UNITOPERATION_MOVE_TO (19)
043, Adding, 13, UNIT_BUILDER (786432), UNITOPERATION_SKIP_TURN (36)
043, Adding, 14, UNIT_CATAPULT (524292), UNITOPERATION_SWAP_UNITS (49)
043, Can't Start, 14, UNIT_CATAPULT (524292), UNITOPERATION_SWAP_UNITS (49)
043, Adding, 14, UNIT_CATAPULT (524292), UNITOPERATION_MOVE_TO (19)
043, Adding, 14, UNIT_CATAPULT (458755), UNITOPERATION_RANGE_ATTACK (26)
043, Adding, 14, UNIT_CATAPULT (458755), UNITOPERATION_MOVE_TO (19)
043, Adding, 14, UNIT_SWORDSMAN (655362), UNITOPERATION_MOVE_TO (19)
043, Can't Start, 14, UNIT_SWORDSMAN (655362), UNITOPERATION_MOVE_TO (19)
043, Adding, 14, UNIT_SWORDSMAN (589829), UNITOPERATION_MOVE_TO (19)
043, Adding, 15, UNIT_SWORDSMAN (983041), UNITOPERATION_MOVE_TO (19)
043, Adding, 15, UNIT_HORSEMAN (720902), UNITOPERATION_MOVE_TO (19)
043, Adding, 15, UNIT_SWORDSMAN (786439), UNITOPERATION_MOVE_TO (19)
043, Adding, 15, UNIT_SWORDSMAN (851976), UNITOPERATION_MOVE_TO (19)
043, Adding, 15, UNIT_SWORDSMAN (1048585), UNITOPERATION_MOVE_TO (19)
043, Adding, 15, UNIT_SWORDSMAN (1114122), UNITOPERATION_MOVE_TO (19)
043, Adding, 15, UNIT_BUILDER (917507), UNITOPERATION_SKIP_TURN (36)
043, Adding, 16, UNIT_CROSSBOWMAN (1310725), UNITOPERATION_MOVE_TO (19)
043, Adding, 16, UNIT_CROSSBOWMAN (1245192), UNITOPERATION_SWAP_UNITS (49)
043, Can't Start, 16, UNIT_CROSSBOWMAN (1245192), UNITOPERATION_SWAP_UNITS (49)
043, Adding, 16, UNIT_CROSSBOWMAN (1245192), UNITOPERATION_MOVE_TO (19)
043, Adding, 16, UNIT_CROSSBOWMAN (1310725), UNITOPERATION_RANGE_ATTACK (26)
043, Adding, 16, UNIT_CROSSBOWMAN (1245192), UNITOPERATION_RANGE_ATTACK (26)
043, Adding, 16, UNIT_CROSSBOWMAN (1310725), UNITOPERATION_MOVE_TO (19)
043, Adding, 16, UNIT_SWORDSMAN (917514), UNITOPERATION_MOVE_TO (19)
043, Adding, 16, UNIT_SWORDSMAN (851977), UNITOPERATION_MOVE_TO (19)
043, Adding, 16, UNIT_CROSSBOWMAN (1245192), UNITOPERATION_MOVE_TO (19)
043, Adding, 17, UNIT_WARRIOR (458756), UNITOPERATION_SWAP_UNITS (49)
043, Can't Start, 17, UNIT_WARRIOR (458756), UNITOPERATION_SWAP_UNITS (49)
043, Adding, 17, UNIT_WARRIOR (458756), UNITOPERATION_MOVE_TO (19)
043, Adding, 17, UNIT_BUILDER (720902), UNITOPERATION_BUILD_IMPROVEMENT (2)
043, Adding, 17, UNIT_SWORDSMAN (1048577), UNITOPERATION_MOVE_TO (19)
043, Adding, 17, UNIT_SWORDSMAN (851971), UNITOPERATION_MOVE_TO (19)
043, Adding, 17, UNIT_SWORDSMAN (983045), UNITOPERATION_MOVE_TO (19)
043, Adding, 17, UNIT_SWORDSMAN (786439), UNITOPERATION_MOVE_TO (19)
043, Adding, 17, UNIT_SWORDSMAN (917512), UNITOPERATION_MOVE_TO (19)
043, Adding, 20, UNIT_BUILDER (917509), UNITOPERATION_SWAP_UNITS (49)
043, Can't Start, 20, UNIT_BUILDER (917509), UNITOPERATION_SWAP_UNITS (49)
043, Adding, 20, UNIT_BUILDER (917509), UNITOPERATION_MOVE_TO (19)
043, Adding, 20, UNIT_SWORDSMAN (720896), UNITOPERATION_MOVE_TO (19)
043, Adding, 20, UNIT_CROSSBOWMAN (983041), UNITOPERATION_MOVE_TO (19)
043, Adding, 20, UNIT_CROSSBOWMAN (851970), UNITOPERATION_MOVE_TO (19)
043, Adding, 20, UNIT_HEAVY_CHARIOT (458756), UNITOPERATION_MOVE_TO (19)
043, Adding, 20, UNIT_SWORDSMAN (786439), UNITOPERATION_MOVE_TO (19)
043, Adding, 21, UNIT_TRADER (1048577), UNITOPERATION_MAKE_TRADE_ROUTE (18)
043, Adding, 21, UNIT_WARRIOR (393220), UNITOPERATION_SWAP_UNITS (49)
043, Can't Start, 21, UNIT_WARRIOR (393220), UNITOPERATION_SWAP_UNITS (49)
043, Adding, 21, UNIT_WARRIOR (393220), UNITOPERATION_MOVE_TO (19)
043, Adding, 21, UNIT_HEAVY_CHARIOT (524288), UNITOPERATION_MOVE_TO (19)
043, Adding, 21, UNIT_CROSSBOWMAN (851970), UNITOPERATION_MOVE_TO (19)
043, Adding, 21, UNIT_SWORDSMAN (983045), UNITOPERATION_MOVE_TO (19)
043, Adding, 21, UNIT_CATAPULT (720903), UNITOPERATION_MOVE_TO (19)
043, Adding, 21, UNIT_SWORDSMAN (786440), UNITOPERATION_MOVE_TO (19)
043, Adding, 21, UNIT_SWORDSMAN (917513), UNITOPERATION_MOVE_TO (19)
043, Adding, 1, UNIT_BABYLONIAN_SABUM_KIBITTUM (196608), UNITOPERATION_MOVE_TO (19)
043, Adding, 3, UNIT_SETTLER (1114119), UNITOPERATION_FOUND_CITY (14)
043, Adding, 1, UNIT_WARRIOR (131073), UNITOPERATION_MOVE_TO (19)
043, Adding, 0, UNIT_KNIGHT (1966095), UNITOPERATION_MOVE_TO (19)
043, Adding, 1, UNIT_BUILDER (1638413), UNITOPERATION_BUILD_IMPROVEMENT (2)
043, Adding, 3, UNIT_SETTLER (1376267), UNITOPERATION_MOVE_TO (19)
043, Adding, 1, UNIT_SETTLER (2097171), UNITOPERATION_MOVE_TO (19)
043, Adding, 3, UNIT_BUILDER (1769485), UNITOPERATION_MOVE_TO (19)
043, Adding, 3, UNIT_BUILDER (1769485), UNITOPERATION_BUILD_IMPROVEMENT (2)
043, Adding, 2, UNIT_WARRIOR (131073), UNITOPERATION_MOVE_TO (19)
043, Adding, 1, UNIT_BUILDER (1966098), UNITOPERATION_BUILD_IMPROVEMENT (2)
043, Adding, 4, UNIT_BUILDER (3080212), UNITOPERATION_REMOVE_FEATURE (28)
043, Adding, 3, UNIT_BUILDER (1638409), UNITOPERATION_MOVE_TO (19)
043, Adding, 1, UNIT_BUILDER (2031625), UNITOPERATION_BUILD_IMPROVEMENT (2)
043, Adding, 2, UNIT_BUILDER (1441800), UNITOPERATION_MOVE_TO (19)
043, Adding, 3, UNIT_BUILDER (1638409), UNITOPERATION_REMOVE_FEATURE (28)
043, Adding, 2, UNIT_BUILDER (1441800), UNITOPERATION_BUILD_IMPROVEMENT (2)
043, Adding, 1, UNIT_BUILDER (1376267), UNITOPERATION_MOVE_TO (19)
043, Adding, 1, UNIT_BUILDER (1376267), UNITOPERATION_BUILD_IMPROVEMENT (2)
043, Adding, 0, UNIT_BUILDER (1638413), UNITOPERATION_MOVE_TO (19)
043, Adding, 4, UNIT_BUILDER (2818059), UNITOPERATION_HARVEST_RESOURCE (16)
043, Adding, 0, UNIT_BUILDER (1638413), UNITOPERATION_BUILD_IMPROVEMENT (2)
043, Adding, 0, UNIT_BUILDER (1638413), UNITOPERATION_MOVE_TO (19)
043, Adding, 2, UNIT_INDIAN_VARU (1507331), UNITOPERATION_MOVE_TO (19)
043, Adding, 1, UNIT_BUILDER (1507340), UNITOPERATION_REMOVE_FEATURE (28)
043, Adding, 1, UNIT_BUILDER (1835024), UNITOPERATION_MOVE_TO (19)
043, Adding, 1, UNIT_BUILDER (1310730), UNITOPERATION_MOVE_TO (19)
043, Adding, 2, UNIT_KNIGHT (1638407), UNITOPERATION_MOVE_TO (19)
043, Adding, 2, UNIT_BUILDER (1310724), UNITOPERATION_MOVE_TO (19)
043, Adding, 0, UNIT_BUILDER (1769486), UNITOPERATION_MOVE_TO (19)
043, Adding, 4, UNIT_BUILDER (2883606), UNITOPERATION_REMOVE_FEATURE (28)
043, Adding, 2, UNIT_BUILDER (1376265), UNITOPERATION_MOVE_TO (19)
043, Adding, 0, UNIT_BUILDER (1769486), UNITOPERATION_MOVE_TO (19)
043, Adding, 3, UNIT_BUILDER (1835023), UNITOPERATION_MOVE_TO (19)
043, Adding, 3, UNIT_BUILDER (1835023), UNITOPERATION_BUILD_IMPROVEMENT (2)
043, Adding, 2, UNIT_SETTLER (1572874), UNITOPERATION_FOUND_CITY (14)
043, Adding, 0, UNIT_BUILDER (1900545), UNITOPERATION_MOVE_TO (19)
043, Adding, 1, UNIT_BUILDER (1114119), UNITOPERATION_BUILD_IMPROVEMENT (2)
043, Adding, 1, UNIT_BUILDER (1114119), UNITOPERATION_MOVE_TO (19)
043, Adding, 0, UNIT_BUILDER (1507340), UNITOPERATION_MOVE_TO (19)
043, Adding, 0, UNIT_BUILDER (1507340), UNITOPERATION_BUILD_IMPROVEMENT (2)
043, Adding, 0, UNIT_VAMPIRE (262146), UNITOPERATION_MOVE_TO (19)
043, Adding, 0, UNIT_VAMPIRE (262146), UNITOPERATION_BUILD_ROUTE (3)
043, Adding, 1, UNIT_BUILDER (1310730), UNITOPERATION_BUILD_IMPROVEMENT (2)
043, Adding, 1, UNIT_BUILDER (1769487), UNITOPERATION_MOVE_TO (19)
043, Adding, 1, UNIT_BUILDER (1769487), UNITOPERATION_MOVE_TO (19)
043, Adding, 0, UNIT_EGYPTIAN_CHARIOT_ARCHER (917512), UNITOPERATION_MOVE_TO (19)
043, Adding, 1, UNIT_BUILDER (1900561), UNITOPERATION_MOVE_TO (19)
043, Adding, 1, UNIT_BUILDER (1966098), UNITOPERATION_MOVE_TO (19)
043, Adding, 0, UNIT_BUILDER (1638413), UNITOPERATION_MOVE_TO (19)
043, Adding, 4, UNIT_VAMPIRE (196608), UNITOPERATION_MOVE_TO (19)
043, Adding, 4, UNIT_BUILDER (3211266), UNITOPERATION_MOVE_TO (19)
043, Adding, 4, UNIT_BUILDER (2752520), UNITOPERATION_MOVE_TO (19)
043, Adding, 4, UNIT_BUILDER (2752520), UNITOPERATION_BUILD_IMPROVEMENT (2)
043, Adding, 4, UNIT_BUILDER (3014675), UNITOPERATION_MOVE_TO (19)
043, Adding, 4, UNIT_BUILDER (3014675), UNITOPERATION_REMOVE_FEATURE (28)
043, Adding, 4, UNIT_GREAT_GENERAL (3276801), UNITOPERATION_TELEPORT_TO_CITY (51)
043, Adding, 4, UNIT_BUILDER (3145731), UNITOPERATION_BUILD_IMPROVEMENT (2)
044, Adding, 5, UNIT_MACEDONIAN_HETAIROI (1769493), UNITOPERATION_SWAP_UNITS (49)
044, Can't Start, 5, UNIT_MACEDONIAN_HETAIROI (1769493), UNITOPERATION_SWAP_UNITS (49)
044, Adding, 5, UNIT_MACEDONIAN_HETAIROI (1769493), UNITOPERATION_MOVE_TO (19)
044, Adding, 5, UNIT_MACEDONIAN_HETAIROI (1769493), UNITOPERATION_MOVE_TO (19)
044, Adding, 5, UNIT_MACEDONIAN_HETAIROI (2293786), UNITOPERATION_MOVE_TO (19)
044, Can't Start, 5, UNIT_MACEDONIAN_HETAIROI (2293786), UNITOPERATION_MOVE_TO (19)
044, Adding, 5, UNIT_SETTLER (3997731), UNITOPERATION_MOVE_TO (19)
044, Adding, 5, UNIT_SCOUT (262147), UNITOPERATION_SWAP_UNITS (49)
044, Can't Start, 5, UNIT_SCOUT (262147), UNITOPERATION_SWAP_UNITS (49)
044, Adding, 5, UNIT_SCOUT (262147), UNITOPERATION_MOVE_TO (19)
044, Adding, 5, UNIT_MACEDONIAN_HETAIROI (3014660), UNITOPERATION_SWAP_UNITS (49)
044, Can't Start, 5, UNIT_MACEDONIAN_HETAIROI (3014660), UNITOPERATION_SWAP_UNITS (49)
044, Adding, 5, UNIT_MACEDONIAN_HETAIROI (3014660), UNITOPERATION_MOVE_TO (19)
044, Adding, 5, UNIT_MACEDONIAN_HETAIROI (2031624), UNITOPERATION_SWAP_UNITS (49)
044, Can't Start, 5, UNIT_MACEDONIAN_HETAIROI (2031624), UNITOPERATION_SWAP_UNITS (49)
044, Adding, 5, UNIT_MACEDONIAN_HETAIROI (2031624), UNITOPERATION_MOVE_TO (19)
044, Adding, 5, UNIT_MACEDONIAN_HETAIROI (2097163), UNITOPERATION_SWAP_UNITS (49)
044, Can't Start, 5, UNIT_MACEDONIAN_HETAIROI (2097163), UNITOPERATION_SWAP_UNITS (49)
044, Adding, 5, UNIT_MACEDONIAN_HETAIROI (2097163), UNITOPERATION_MOVE_TO (19)
044, Adding, 5, UNIT_MACEDONIAN_HETAIROI (2555916), UNITOPERATION_SWAP_UNITS (49)
044, Can't Start, 5, UNIT_MACEDONIAN_HETAIROI (2555916), UNITOPERATION_SWAP_UNITS (49)
044, Adding, 5, UNIT_MACEDONIAN_HETAIROI (2555916), UNITOPERATION_MOVE_TO (19)
044, Adding, 5, UNIT_MACEDONIAN_HETAIROI (1900567), UNITOPERATION_SWAP_UNITS (49)
044, Can't Start, 5, UNIT_MACEDONIAN_HETAIROI (1900567), UNITOPERATION_SWAP_UNITS (49)
044, Adding, 5, UNIT_MACEDONIAN_HETAIROI (1900567), UNITOPERATION_MOVE_TO (19)
044, Adding, 5, UNIT_MACEDONIAN_HETAIROI (1966104), UNITOPERATION_SWAP_UNITS (49)
044, Can't Start, 5, UNIT_MACEDONIAN_HETAIROI (1966104), UNITOPERATION_SWAP_UNITS (49)
044, Adding, 5, UNIT_MACEDONIAN_HETAIROI (1966104), UNITOPERATION_MOVE_TO (19)
044, Adding, 5, UNIT_MACEDONIAN_HETAIROI (2228249), UNITOPERATION_SWAP_UNITS (49)
044, Can't Start, 5, UNIT_MACEDONIAN_HETAIROI (2228249), UNITOPERATION_SWAP_UNITS (49)
044, Adding, 5, UNIT_MACEDONIAN_HETAIROI (2228249), UNITOPERATION_MOVE_TO (19)
044, Adding, 5, UNIT_MACEDONIAN_HYPASPIST (2687003), UNITOPERATION_SWAP_UNITS (49)
044, Can't Start, 5, UNIT_MACEDONIAN_HYPASPIST (2687003), UNITOPERATION_SWAP_UNITS (49)
044, Adding, 5, UNIT_MACEDONIAN_HYPASPIST (2687003), UNITOPERATION_MOVE_TO (19)
044, Adding, 5, UNIT_GREAT_SCIENTIST (3932176), UNITOPERATION_MOVE_TO (19)
044, Can't Start, 5, UNIT_GREAT_SCIENTIST (3932176), UNITOPERATION_MOVE_TO (19)
044, Adding, 5, UNIT_CROSSBOWMAN (3604482), UNITOPERATION_MOVE_TO (19)
044, Adding, 5, UNIT_MAN_AT_ARMS (4521989), UNITOPERATION_MOVE_TO (19)
044, Adding, 5, UNIT_VAMPIRE (655367), UNITOPERATION_MOVE_TO (19)
044, Adding, 5, UNIT_MAN_AT_ARMS (4194314), UNITOPERATION_MOVE_TO (19)
044, Adding, 5, UNIT_CROSSBOWMAN (3801101), UNITOPERATION_MOVE_TO (19)
044, Adding, 5, UNIT_SKIRMISHER (3211278), UNITOPERATION_MOVE_TO (19)
044, Adding, 5, UNIT_MAN_AT_ARMS (4456463), UNITOPERATION_MOVE_TO (19)
044, Adding, 5, UNIT_SKIRMISHER (3407892), UNITOPERATION_MOVE_TO (19)
044, Adding, 5, UNIT_CROSSBOWMAN (3342365), UNITOPERATION_MOVE_TO (19)
044, Adding, 5, UNIT_SKIRMISHER (3145759), UNITOPERATION_MOVE_TO (19)
044, Adding, 5, UNIT_CROSSBOWMAN (3735585), UNITOPERATION_MOVE_TO (19)
044, Adding, 5, UNIT_CROSSBOWMAN (4063268), UNITOPERATION_MOVE_TO (19)
044, Adding, 5, UNIT_MAN_AT_ARMS (4128805), UNITOPERATION_MOVE_TO (19)
044, Adding, 5, UNIT_MAN_AT_ARMS (4325415), UNITOPERATION_MOVE_TO (19)
044, Adding, 5, UNIT_MAN_AT_ARMS (4390952), UNITOPERATION_MOVE_TO (19)
044, Adding, 5, UNIT_MISSIONARY (2621441), UNITOPERATION_SPREAD_RELIGION (38)
044, Adding, 5, UNIT_MISSIONARY (3276806), UNITOPERATION_SPREAD_RELIGION (38)
044, Adding, 5, UNIT_MISSIONARY (2359305), UNITOPERATION_MOVE_TO (19)
044, Adding, 5, UNIT_MISSIONARY (2424850), UNITOPERATION_MOVE_TO (19)
044, Adding, 5, UNIT_MISSIONARY (3670035), UNITOPERATION_MOVE_TO (19)
044, Adding, 5, UNIT_MISSIONARY (3080222), UNITOPERATION_MOVE_TO (19)
044, Adding, 5, UNIT_MISSIONARY (4259878), UNITOPERATION_MOVE_TO (19)
044, Adding, 5, UNIT_MISSIONARY (4259878), UNITOPERATION_REMOVE_HERESY (29)
044, Can't Start, 5, UNIT_MISSIONARY (4259878), UNITOPERATION_REMOVE_HERESY (29)
044, Adding, 5, UNIT_BUILDER (1835030), UNITOPERATION_MOVE_TO (19)
044, Adding, 5, UNIT_BUILDER (1835030), UNITOPERATION_MOVE_TO (19)
044, Adding, 5, UNIT_BUILDER (1835030), UNITOPERATION_MOVE_TO (19)
044, Adding, 5, UNIT_BUILDER (1835030), UNITOPERATION_MOVE_TO (19)
044, Adding, 5, UNIT_BUILDER (3473440), UNITOPERATION_MOVE_TO (19)
044, Adding, 5, UNIT_BUILDER (2752540), UNITOPERATION_MOVE_TO (19)
044, Adding, 5, UNIT_BUILDER (2752540), UNITOPERATION_MOVE_TO (19)
044, Can't Start, 5, UNIT_MISSIONARY (4259878), UNITOPERATION_REMOVE_HERESY (29)
044, Adding, 6, UNIT_SWORDSMAN (4128779), UNITOPERATION_MOVE_TO (19)
044, Adding, 6, UNIT_SCOUT (262147), UNITOPERATION_SWAP_UNITS (49)
044, Can't Start, 6, UNIT_SCOUT (262147), UNITOPERATION_SWAP_UNITS (49)
044, Adding, 6, UNIT_SCOUT (262147), UNITOPERATION_MOVE_TO (19)
044, Adding, 6, UNIT_BUILDER (4980737), UNITOPERATION_BUILD_IMPROVEMENT (2)
044, Adding, 6, UNIT_BUILDER (5242904), UNITOPERATION_SWAP_UNITS (49)
044, Can't Start, 6, UNIT_BUILDER (5242904), UNITOPERATION_SWAP_UNITS (49)
044, Adding, 6, UNIT_BUILDER (5242904), UNITOPERATION_MOVE_TO (19)
044, Adding, 6, UNIT_BUILDER (5242904), UNITOPERATION_BUILD_IMPROVEMENT (2)
044, Adding, 6, UNIT_BUILDER (4259874), UNITOPERATION_SWAP_UNITS (49)
044, Can't Start, 6, UNIT_BUILDER (4259874), UNITOPERATION_SWAP_UNITS (49)
044, Adding, 6, UNIT_BUILDER (4259874), UNITOPERATION_MOVE_TO (19)
044, Adding, 6, UNIT_BUILDER (5046272), UNITOPERATION_BUILD_IMPROVEMENT (2)
044, Adding, 6, UNIT_SKIRMISHER (3801127), UNITOPERATION_MOVE_TO (19)
044, Adding, 6, UNIT_SKIRMISHER (4194308), UNITOPERATION_MOVE_TO (19)
044, Adding, 6, UNIT_CATAPULT (2621457), UNITOPERATION_FORTIFY (12)
044, Can't Start, 6, UNIT_CATAPULT (2621457), UNITOPERATION_FORTIFY (12)
044, Adding, 6, UNIT_SWORDSMAN (2752542), UNITOPERATION_FORTIFY (12)
044, Can't Start, 6, UNIT_SWORDSMAN (2752542), UNITOPERATION_FORTIFY (12)
044, Adding, 6, UNIT_SWORDSMAN (4456450), UNITOPERATION_MOVE_TO (19)
044, Adding, 6, UNIT_SWORDSMAN (2818054), UNITOPERATION_MOVE_TO (19)
044, Can't Start, 6, UNIT_SWORDSMAN (2818054), UNITOPERATION_MOVE_TO (19)
044, Adding, 6, UNIT_SWORDSMAN (2686985), UNITOPERATION_MOVE_TO (19)
044, Can't Start, 6, UNIT_SWORDSMAN (2686985), UNITOPERATION_MOVE_TO (19)
044, Adding, 6, UNIT_SWORDSMAN (4587534), UNITOPERATION_MOVE_TO (19)
044, Adding, 6, UNIT_CROSSBOWMAN (5505040), UNITOPERATION_MOVE_TO (19)
044, Adding, 6, UNIT_SWORDSMAN (4718610), UNITOPERATION_MOVE_TO (19)
044, Adding, 6, UNIT_CROSSBOWMAN (4915220), UNITOPERATION_MOVE_TO (19)
044, Adding, 6, UNIT_CROSSBOWMAN (4784149), UNITOPERATION_MOVE_TO (19)
044, Adding, 6, UNIT_HEAVY_CHARIOT (2359322), UNITOPERATION_MOVE_TO (19)
044, Adding, 6, UNIT_SWORDSMAN (3145761), UNITOPERATION_MOVE_TO (19)
044, Adding, 6, UNIT_CROSSBOWMAN (5177382), UNITOPERATION_MOVE_TO (19)
044, Adding, 6, UNIT_SWORDSMAN (3866664), UNITOPERATION_MOVE_TO (19)
044, Adding, 6, UNIT_SWORDSMAN (3932201), UNITOPERATION_MOVE_TO (19)
044, Adding, 6, UNIT_SWORDSMAN (5373996), UNITOPERATION_MOVE_TO (19)
044, Adding, 6, UNIT_CROSSBOWMAN (5636142), UNITOPERATION_MOVE_TO (19)
044, Adding, 6, UNIT_CATAPULT (2490396), UNITOPERATION_MOVE_TO (19)
044, Adding, 6, UNIT_MISSIONARY (3735557), UNITOPERATION_MOVE_TO (19)
044, Adding, 6, UNIT_MISSIONARY (2031623), UNITOPERATION_MOVE_TO (19)
044, Adding, 6, UNIT_TAOIST (786440), UNITOPERATION_SPREAD_RELIGION (38)
044, Can't Start, 6, UNIT_TAOIST (786440), UNITOPERATION_SPREAD_RELIGION (38)
044, Adding, 6, UNIT_MISSIONARY (1900556), UNITOPERATION_MOVE_TO (19)
044, Adding, 6, UNIT_MISSIONARY (1900556), UNITOPERATION_SPREAD_RELIGION (38)
044, Adding, 6, UNIT_APOSTLE (5308435), UNITOPERATION_MOVE_TO (19)
044, Adding, 6, UNIT_MISSIONARY (2162711), UNITOPERATION_MOVE_TO (19)
044, Adding, 6, UNIT_MISSIONARY (2293785), UNITOPERATION_MOVE_TO (19)
044, Adding, 6, UNIT_MISSIONARY (2424859), UNITOPERATION_MOVE_TO (19)
044, Adding, 6, UNIT_MISSIONARY (2555933), UNITOPERATION_MOVE_TO (19)
044, Adding, 6, UNIT_MISSIONARY (2883615), UNITOPERATION_MOVE_TO (19)
044, Adding, 6, UNIT_MISSIONARY (3342372), UNITOPERATION_MOVE_TO (19)
044, Adding, 6, UNIT_APOSTLE (5111851), UNITOPERATION_MOVE_TO (19)
044, Adding, 6, UNIT_SKIRMISHER (3473440), UNITOPERATION_MOVE_TO (19)
044, Adding, 6, UNIT_SKIRMISHER (3473440), UNITOPERATION_MOVE_TO (19)
044, Adding, 6, UNIT_SKIRMISHER (3473440), UNITOPERATION_MOVE_TO (19)
044, Adding, 6, UNIT_SKIRMISHER (3473440), UNITOPERATION_MOVE_TO (19)
044, Adding, 6, UNIT_SKIRMISHER (3473440), UNITOPERATION_MOVE_TO (19)
044, Adding, 6, UNIT_SKIRMISHER (4390927), UNITOPERATION_MOVE_TO (19)
044, Adding, 6, UNIT_SKIRMISHER (3997738), UNITOPERATION_MOVE_TO (19)
044, Adding, 6, UNIT_SKIRMISHER (4063245), UNITOPERATION_MOVE_TO (19)
044, Adding, 6, UNIT_SKIRMISHER (3407909), UNITOPERATION_MOVE_TO (19)
044, Adding, 6, UNIT_SKIRMISHER (3407909), UNITOPERATION_SKIP_TURN (36)
044, Adding, 7, UNIT_SETTLER (4128794), UNITOPERATION_MOVE_TO (19)
044, Can't Start, 7, UNIT_SETTLER (4128794), UNITOPERATION_MOVE_TO (19)
044, Adding, 7, UNIT_SWORDSMAN (3342355), UNITOPERATION_MOVE_TO (19)
044, Can't Start, 7, UNIT_SWORDSMAN (3342355), UNITOPERATION_MOVE_TO (19)
044, Adding, 7, UNIT_WARRIOR (1769494), UNITOPERATION_MOVE_TO (19)
044, Adding, 7, UNIT_SETTLER (4128794), UNITOPERATION_FOUND_CITY (14)
044, Adding, 7, UNIT_SWORDSMAN (3801104), UNITOPERATION_MOVE_TO (19)
044, Adding, 7, UNIT_SKIRMISHER (3407907), UNITOPERATION_MOVE_TO (19)
044, Adding, 7, UNIT_SWORDSMAN (3801104), UNITOPERATION_MOVE_TO (19)
044, Adding, 7, UNIT_SKIRMISHER (3407907), UNITOPERATION_MOVE_TO (19)
044, Adding, 7, UNIT_SKIRMISHER (3407907), UNITOPERATION_MOVE_TO (19)
044, Adding, 7, UNIT_SWORDSMAN (3801104), UNITOPERATION_MOVE_TO (19)
044, Adding, 7, UNIT_WARRIOR (1835031), UNITOPERATION_MOVE_TO (19)
044, Adding, 7, UNIT_WARRIOR (1900568), UNITOPERATION_MOVE_TO (19)
044, Adding, 7, UNIT_CATAPULT (4456488), UNITOPERATION_MOVE_TO (19)
044, Adding, 7, UNIT_SKIRMISHER (3670036), UNITOPERATION_MOVE_TO (19)
044, Adding, 7, UNIT_SKIRMISHER (3932181), UNITOPERATION_MOVE_TO (19)
044, Adding, 7, UNIT_SWORDSMAN (3473444), UNITOPERATION_MOVE_TO (19)
044, Adding, 7, UNIT_SWORDSMAN (2490398), UNITOPERATION_MOVE_TO (19)
044, Adding, 7, UNIT_SWORDSMAN (3211279), UNITOPERATION_MOVE_TO (19)
044, Adding, 7, UNIT_SWORDSMAN (3080201), UNITOPERATION_MOVE_TO (19)
044, Adding, 7, UNIT_SKIRMISHER (4849692), UNITOPERATION_MOVE_TO (19)
044, Adding, 7, UNIT_SCOUT (589826), UNITOPERATION_SWAP_UNITS (49)
044, Can't Start, 7, UNIT_SCOUT (589826), UNITOPERATION_SWAP_UNITS (49)
044, Adding, 7, UNIT_SCOUT (589826), UNITOPERATION_MOVE_TO (19)
044, Adding, 7, UNIT_SCOUT (393220), UNITOPERATION_SWAP_UNITS (49)
044, Can't Start, 7, UNIT_SCOUT (393220), UNITOPERATION_SWAP_UNITS (49)
044, Adding, 7, UNIT_SCOUT (393220), UNITOPERATION_MOVE_TO (19)
044, Adding, 7, UNIT_WARRIOR (655367), UNITOPERATION_SWAP_UNITS (49)
044, Adding, 7, UNIT_WARRIOR (655367), UNITOPERATION_MOVE_TO (19)
044, Can't Start, 7, UNIT_WARRIOR (655367), UNITOPERATION_MOVE_TO (19)
044, Adding, 7, UNIT_WARRIOR (1048588), UNITOPERATION_SWAP_UNITS (49)
044, Can't Start, 7, UNIT_WARRIOR (1048588), UNITOPERATION_SWAP_UNITS (49)
044, Adding, 7, UNIT_WARRIOR (1048588), UNITOPERATION_MOVE_TO (19)
044, Adding, 7, UNIT_SWORDSMAN (2555935), UNITOPERATION_MOVE_TO (19)
044, Adding, 7, UNIT_SWORDSMAN (2621472), UNITOPERATION_MOVE_TO (19)
044, Adding, 7, UNIT_SWORDSMAN (3014666), UNITOPERATION_SWAP_UNITS (49)
044, Can't Start, 7, UNIT_SWORDSMAN (3014666), UNITOPERATION_SWAP_UNITS (49)
044, Adding, 7, UNIT_SWORDSMAN (3014666), UNITOPERATION_MOVE_TO (19)
044, Adding, 7, UNIT_SWORDSMAN (2687009), UNITOPERATION_MOVE_TO (19)
044, Adding, 7, UNIT_WARRIOR (1966105), UNITOPERATION_MOVE_TO (19)
044, Adding, 7, UNIT_SKIRMISHER (4587562), UNITOPERATION_MOVE_TO (19)
044, Adding, 7, UNIT_SKIRMISHER (4522025), UNITOPERATION_MOVE_TO (19)
044, Adding, 7, UNIT_SKIRMISHER (3866661), UNITOPERATION_MOVE_TO (19)
044, Adding, 7, UNIT_BUILDER (4390920), UNITOPERATION_SWAP_UNITS (49)
044, Can't Start, 7, UNIT_BUILDER (4390920), UNITOPERATION_SWAP_UNITS (49)
044, Adding, 7, UNIT_BUILDER (4390920), UNITOPERATION_MOVE_TO (19)
044, Adding, 7, UNIT_BUILDER (4390920), UNITOPERATION_BUILD_IMPROVEMENT (2)
044, Adding, 7, UNIT_BUILDER (4718636), UNITOPERATION_SWAP_UNITS (49)
044, Can't Start, 7, UNIT_BUILDER (4718636), UNITOPERATION_SWAP_UNITS (49)
044, Adding, 7, UNIT_BUILDER (4718636), UNITOPERATION_MOVE_TO (19)
044, Adding, 7, UNIT_GREAT_WRITER (5373990), UNITOPERATION_SWAP_UNITS (49)
044, Can't Start, 7, UNIT_GREAT_WRITER (5373990), UNITOPERATION_SWAP_UNITS (49)
044, Adding, 7, UNIT_GREAT_WRITER (5373990), UNITOPERATION_MOVE_TO (19)
044, Adding, 7, UNIT_BUILDER (4980741), UNITOPERATION_SWAP_UNITS (49)
044, Can't Start, 7, UNIT_BUILDER (4980741), UNITOPERATION_SWAP_UNITS (49)
044, Adding, 7, UNIT_BUILDER (4980741), UNITOPERATION_MOVE_TO (19)
044, Adding, 7, UNIT_BUILDER (4980741), UNITOPERATION_REMOVE_FEATURE (28)
044, Adding, 7, UNIT_BUILDER (4980741), UNITOPERATION_BUILD_IMPROVEMENT (2)
044, Can't Start, 7, UNIT_BUILDER (4980741), UNITOPERATION_BUILD_IMPROVEMENT (2)
044, Adding, 7, UNIT_GREAT_WRITER (5046306), UNITOPERATION_SWAP_UNITS (49)
044, Can't Start, 7, UNIT_GREAT_WRITER (5046306), UNITOPERATION_SWAP_UNITS (49)
044, Adding, 7, UNIT_GREAT_WRITER (5046306), UNITOPERATION_MOVE_TO (19)
044, Adding, 7, UNIT_MAN_AT_ARMS (5111821), UNITOPERATION_FORTIFY (12)
044, Adding, 7, UNIT_MAN_AT_ARMS (5242925), UNITOPERATION_FORTIFY (12)
044, Can't Start, 7, UNIT_MAN_AT_ARMS (5242925), UNITOPERATION_FORTIFY (12)
044, Adding, 7, UNIT_MAN_AT_ARMS (5177350), UNITOPERATION_MOVE_TO (19)
044, Adding, 7, UNIT_CROSSBOWMAN (5308455), UNITOPERATION_MOVE_TO (19)
044, Adding, 7, UNIT_SKIRMISHER (3735570), UNITOPERATION_MOVE_TO (19)
044, Adding, 7, UNIT_SKIRMISHER (3735570), UNITOPERATION_MOVE_TO (19)
044, Adding, 7, UNIT_SKIRMISHER (3735570), UNITOPERATION_MOVE_TO (19)
044, Adding, 7, UNIT_SKIRMISHER (3735570), UNITOPERATION_MOVE_TO (19)
044, Adding, 7, UNIT_SKIRMISHER (3735570), UNITOPERATION_MOVE_TO (19)
044, Adding, 7, UNIT_SKIRMISHER (3735570), UNITOPERATION_MOVE_TO (19)
044, Adding, 7, UNIT_TAOIST (851968), UNITOPERATION_MOVE_TO (19)
044, Adding, 7, UNIT_TAOIST (851968), UNITOPERATION_MOVE_TO (19)
044, Adding, 7, UNIT_TAOIST (851968), UNITOPERATION_MOVE_TO (19)
044, Adding, 7, UNIT_SKIRMISHER (3538973), UNITOPERATION_MOVE_TO (19)
044, Adding, 7, UNIT_BUILDER (4784145), UNITOPERATION_SKIP_TURN (36)
044, Adding, 7, UNIT_SKIRMISHER (3538973), UNITOPERATION_SKIP_TURN (36)
044, Can't Start, 7, UNIT_BUILDER (4980741), UNITOPERATION_BUILD_IMPROVEMENT (2)
044, Can't Start, 7, UNIT_WARRIOR (655367), UNITOPERATION_MOVE_TO (19)
044, Adding, 8, UNIT_TRADER (1048588), UNITOPERATION_MAKE_TRADE_ROUTE (18)
044, Can't Start, 8, UNIT_TRADER (1048588), UNITOPERATION_MAKE_TRADE_ROUTE (18)
044, Adding, 8, UNIT_MAN_AT_ARMS (6422543), UNITOPERATION_MOVE_TO (19)
044, Adding, 8, UNIT_SETTLER (6815780), UNITOPERATION_SWAP_UNITS (49)
044, Can't Start, 8, UNIT_SETTLER (6815780), UNITOPERATION_SWAP_UNITS (49)
044, Adding, 8, UNIT_SETTLER (6815780), UNITOPERATION_MOVE_TO (19)
044, Adding, 8, UNIT_SETTLER (6815780), UNITOPERATION_MOVE_TO (19)
044, Adding, 8, UNIT_MAN_AT_ARMS (6422543), UNITOPERATION_SWAP_UNITS (49)
044, Can't Start, 8, UNIT_MAN_AT_ARMS (6422543), UNITOPERATION_SWAP_UNITS (49)
044, Adding, 8, UNIT_MAN_AT_ARMS (6422543), UNITOPERATION_MOVE_TO (19)
044, Adding, 8, UNIT_SWORDSMAN (3801117), UNITOPERATION_SWAP_UNITS (49)
044, Can't Start, 8, UNIT_SWORDSMAN (3801117), UNITOPERATION_SWAP_UNITS (49)
044, Adding, 8, UNIT_SWORDSMAN (3801117), UNITOPERATION_MOVE_TO (19)
044, Adding, 8, UNIT_SWORDSMAN (3932199), UNITOPERATION_SWAP_UNITS (49)
044, Can't Start, 8, UNIT_SWORDSMAN (3932199), UNITOPERATION_SWAP_UNITS (49)
044, Adding, 8, UNIT_SWORDSMAN (3932199), UNITOPERATION_MOVE_TO (19)
044, Adding, 8, UNIT_VIETNAMESE_VOI_CHIEN (5439490), UNITOPERATION_SWAP_UNITS (49)
044, Can't Start, 8, UNIT_VIETNAMESE_VOI_CHIEN (5439490), UNITOPERATION_SWAP_UNITS (49)
044, Adding, 8, UNIT_VIETNAMESE_VOI_CHIEN (5439490), UNITOPERATION_MOVE_TO (19)
044, Adding, 8, UNIT_SWORDSMAN (4915249), UNITOPERATION_SWAP_UNITS (49)
044, Can't Start, 8, UNIT_SWORDSMAN (4915249), UNITOPERATION_SWAP_UNITS (49)
044, Adding, 8, UNIT_SWORDSMAN (4915249), UNITOPERATION_MOVE_TO (19)
044, Adding, 8, UNIT_HORSEMAN (2228250), UNITOPERATION_MOVE_TO (19)
044, Adding, 8, UNIT_SWORDSMAN (3145762), UNITOPERATION_MOVE_TO (19)
044, Adding, 8, UNIT_SWORDSMAN (3932199), UNITOPERATION_MOVE_TO (19)
044, Adding, 8, UNIT_ARCHER (1966102), UNITOPERATION_MOVE_TO (19)
044, Adding, 8, UNIT_HORSEMAN (3604499), UNITOPERATION_MOVE_TO (19)
044, Adding, 8, UNIT_CATAPULT (3276804), UNITOPERATION_MOVE_TO (19)
044, Adding, 8, UNIT_SWORDSMAN (4653103), UNITOPERATION_MOVE_TO (19)
044, Adding, 8, UNIT_BUILDER (6619144), UNITOPERATION_BUILD_IMPROVEMENT (2)
044, Adding, 8, UNIT_BUILDER (5963808), UNITOPERATION_SWAP_UNITS (49)
044, Can't Start, 8, UNIT_BUILDER (5963808), UNITOPERATION_SWAP_UNITS (49)
044, Adding, 8, UNIT_BUILDER (5963808), UNITOPERATION_MOVE_TO (19)
044, Adding, 8, UNIT_BUILDER (5963808), UNITOPERATION_REMOVE_IMPROVEMENT (30)
044, Adding, 8, UNIT_BUILDER (5963808), UNITOPERATION_BUILD_IMPROVEMENT (2)
044, Can't Start, 8, UNIT_BUILDER (5963808), UNITOPERATION_BUILD_IMPROVEMENT (2)
044, Adding, 8, UNIT_BUILDER (4718593), UNITOPERATION_SWAP_UNITS (49)
044, Can't Start, 8, UNIT_BUILDER (4718593), UNITOPERATION_SWAP_UNITS (49)
044, Adding, 8, UNIT_BUILDER (4718593), UNITOPERATION_MOVE_TO (19)
044, Adding, 8, UNIT_BUILDER (4718593), UNITOPERATION_BUILD_IMPROVEMENT (2)
044, Adding, 8, UNIT_VIETNAMESE_VOI_CHIEN (5832707), UNITOPERATION_MOVE_TO (19)
044, Adding, 8, UNIT_HORSEMAN (3997710), UNITOPERATION_MOVE_TO (19)
044, Can't Start, 8, UNIT_HORSEMAN (3997710), UNITOPERATION_MOVE_TO (19)
044, Adding, 8, UNIT_HORSEMAN (2752528), UNITOPERATION_MOVE_TO (19)
044, Adding, 8, UNIT_VIETNAMESE_VOI_CHIEN (5111825), UNITOPERATION_MOVE_TO (19)
044, Adding, 8, UNIT_VIETNAMESE_VOI_CHIEN (5373972), UNITOPERATION_MOVE_TO (19)
044, Adding, 8, UNIT_VIETNAMESE_VOI_CHIEN (5767195), UNITOPERATION_MOVE_TO (19)
044, Adding, 8, UNIT_VIETNAMESE_VOI_CHIEN (5046300), UNITOPERATION_MOVE_TO (19)
044, Adding, 8, UNIT_VIETNAMESE_VOI_CHIEN (5570604), UNITOPERATION_MOVE_TO (19)
044, Adding, 8, UNIT_HORSEMAN (4587566), UNITOPERATION_MOVE_TO (19)
044, Adding, 8, UNIT_MAN_AT_ARMS (6291506), UNITOPERATION_MOVE_TO (19)
044, Adding, 8, UNIT_MAN_AT_ARMS (6160436), UNITOPERATION_MOVE_TO (19)
044, Can't Start, 8, UNIT_MAN_AT_ARMS (6160436), UNITOPERATION_MOVE_TO (19)
044, Adding, 8, UNIT_MAN_AT_ARMS (6225973), UNITOPERATION_MOVE_TO (19)
044, Adding, 8, UNIT_CATAPULT (3342336), UNITOPERATION_MOVE_TO (19)
044, Adding, 8, UNIT_VIETNAMESE_VOI_CHIEN (6946823), UNITOPERATION_MOVE_TO (19)
044, Adding, 8, UNIT_VIETNAMESE_VOI_CHIEN (6357013), UNITOPERATION_MOVE_TO (19)
044, Adding, 8, UNIT_VIETNAMESE_VOI_CHIEN (6029335), UNITOPERATION_MOVE_TO (19)
044, Adding, 8, UNIT_VIETNAMESE_VOI_CHIEN (6881313), UNITOPERATION_MOVE_TO (19)
044, Adding, 8, UNIT_VIETNAMESE_VOI_CHIEN (5308458), UNITOPERATION_MOVE_TO (19)
044, Adding, 8, UNIT_MISSIONARY (2555910), UNITOPERATION_MOVE_TO (19)
044, Adding, 8, UNIT_MISSIONARY (4259864), UNITOPERATION_MOVE_TO (19)
044, Adding, 8, UNIT_MISSIONARY (2883614), UNITOPERATION_MOVE_TO (19)
044, Adding, 8, UNIT_MISSIONARY (3407907), UNITOPERATION_MOVE_TO (19)
044, Adding, 8, UNIT_MISSIONARY (3670053), UNITOPERATION_MOVE_TO (19)
044, Adding, 8, UNIT_MISSIONARY (6488118), UNITOPERATION_MOVE_TO (19)
044, Adding, 8, UNIT_MISSIONARY (6488118), UNITOPERATION_REMOVE_HERESY (29)
044, Can't Start, 8, UNIT_MISSIONARY (6488118), UNITOPERATION_REMOVE_HERESY (29)
044, Adding, 8, UNIT_SKIRMISHER (4522029), UNITOPERATION_MOVE_TO (19)
044, Adding, 8, UNIT_SKIRMISHER (4522029), UNITOPERATION_MOVE_TO (19)
044, Adding, 8, UNIT_SKIRMISHER (4128809), UNITOPERATION_MOVE_TO (19)
044, Adding, 8, UNIT_SKIRMISHER (5505075), UNITOPERATION_MOVE_TO (19)
044, Adding, 8, UNIT_MISSIONARY (3866637), UNITOPERATION_MOVE_TO (19)
044, Adding, 8, UNIT_SKIRMISHER (4128809), UNITOPERATION_MOVE_TO (19)
044, Adding, 8, UNIT_SKIRMISHER (5505075), UNITOPERATION_MOVE_TO (19)
044, Adding, 8, UNIT_MISSIONARY (3866637), UNITOPERATION_MOVE_TO (19)
044, Adding, 8, UNIT_MISSIONARY (2949151), UNITOPERATION_MOVE_TO (19)
044, Adding, 8, UNIT_MISSIONARY (2949151), UNITOPERATION_MOVE_TO (19)
044, Adding, 8, UNIT_SKIRMISHER (5242890), UNITOPERATION_MOVE_TO (19)
044, Adding, 8, UNIT_SKIRMISHER (6553655), UNITOPERATION_MOVE_TO (19)
044, Adding, 8, UNIT_SKIRMISHER (6750265), UNITOPERATION_MOVE_TO (19)
044, Adding, 8, UNIT_MISSIONARY (6094857), UNITOPERATION_SKIP_TURN (36)
044, Adding, 8, UNIT_SKIRMISHER (5242890), UNITOPERATION_SKIP_TURN (36)
044, Adding, 8, UNIT_MISSIONARY (5177355), UNITOPERATION_SKIP_TURN (36)
044, Adding, 8, UNIT_MISSIONARY (2621458), UNITOPERATION_SKIP_TURN (36)
044, Adding, 8, UNIT_MISSIONARY (4849689), UNITOPERATION_SKIP_TURN (36)
044, Adding, 8, UNIT_MISSIONARY (5701670), UNITOPERATION_SKIP_TURN (36)
044, Adding, 8, UNIT_MISSIONARY (4063272), UNITOPERATION_SKIP_TURN (36)
044, Adding, 8, UNIT_BUILDER (5636139), UNITOPERATION_SKIP_TURN (36)
044, Adding, 8, UNIT_MISSIONARY (4784176), UNITOPERATION_SKIP_TURN (36)
044, Adding, 8, UNIT_SKIRMISHER (6553655), UNITOPERATION_SKIP_TURN (36)
044, Adding, 8, UNIT_MISSIONARY (6684728), UNITOPERATION_SKIP_TURN (36)
044, Adding, 8, UNIT_SKIRMISHER (6750265), UNITOPERATION_SKIP_TURN (36)
044, Can't Start, 8, UNIT_TRADER (1048588), UNITOPERATION_MAKE_TRADE_ROUTE (18)
044, Can't Start, 8, UNIT_BUILDER (5963808), UNITOPERATION_BUILD_IMPROVEMENT (2)
044, Can't Start, 8, UNIT_MISSIONARY (6488118), UNITOPERATION_REMOVE_HERESY (29)
044, Adding, 9, UNIT_CROSSBOWMAN (5242890), UNITOPERATION_MOVE_TO (19)
044, Adding, 9, UNIT_MAN_AT_ARMS (7471105), UNITOPERATION_MOVE_TO (19)
044, Adding, 9, UNIT_SETTLER (8060962), UNITOPERATION_MOVE_TO (19)
044, Adding, 9, UNIT_HORSEMAN (2818083), UNITOPERATION_SWAP_UNITS (49)
044, Can't Start, 9, UNIT_HORSEMAN (2818083), UNITOPERATION_SWAP_UNITS (49)
044, Adding, 9, UNIT_HORSEMAN (2818083), UNITOPERATION_MOVE_TO (19)
044, Adding, 9, UNIT_BUILDER (3538971), UNITOPERATION_SWAP_UNITS (49)
044, Can't Start, 9, UNIT_BUILDER (3538971), UNITOPERATION_SWAP_UNITS (49)
044, Adding, 9, UNIT_BUILDER (3538971), UNITOPERATION_MOVE_TO (19)
044, Adding, 9, UNIT_BUILDER (3538971), UNITOPERATION_BUILD_IMPROVEMENT (2)
044, Adding, 9, UNIT_BUILDER (6029325), UNITOPERATION_BUILD_IMPROVEMENT (2)
044, Adding, 9, UNIT_BUILDER (3604500), UNITOPERATION_SWAP_UNITS (49)
044, Can't Start, 9, UNIT_BUILDER (3604500), UNITOPERATION_SWAP_UNITS (49)
044, Adding, 9, UNIT_BUILDER (3604500), UNITOPERATION_MOVE_TO (19)
044, Adding, 9, UNIT_BUILDER (3604500), UNITOPERATION_BUILD_IMPROVEMENT (2)
044, Adding, 9, UNIT_TREBUCHET (7536677), UNITOPERATION_RANGE_ATTACK (26)
044, Adding, 9, UNIT_TREBUCHET (7536677), UNITOPERATION_MOVE_TO (19)
044, Adding, 9, UNIT_CROSSBOWMAN (6815774), UNITOPERATION_SWAP_UNITS (49)
044, Can't Start, 9, UNIT_CROSSBOWMAN (6815774), UNITOPERATION_SWAP_UNITS (49)
044, Adding, 9, UNIT_CROSSBOWMAN (6815774), UNITOPERATION_MOVE_TO (19)
044, Adding, 9, UNIT_TREBUCHET (7995449), UNITOPERATION_SWAP_UNITS (49)
044, Adding, 9, UNIT_TREBUCHET (7995449), UNITOPERATION_MOVE_TO (19)
044, Adding, 9, UNIT_MAN_AT_ARMS (7340071), UNITOPERATION_MOVE_TO (19)
044, Adding, 9, UNIT_SKIRMISHER (5636103), UNITOPERATION_FORTIFY (12)
044, Can't Start, 9, UNIT_SKIRMISHER (5636103), UNITOPERATION_FORTIFY (12)
044, Adding, 9, UNIT_MAN_AT_ARMS (7143426), UNITOPERATION_MOVE_TO (19)
044, Adding, 9, UNIT_MAN_AT_ARMS (7077893), UNITOPERATION_MOVE_TO (19)
044, Adding, 9, UNIT_MAN_AT_ARMS (7405580), UNITOPERATION_MOVE_TO (19)
044, Adding, 9, UNIT_MAN_AT_ARMS (7733265), UNITOPERATION_MOVE_TO (19)
044, Adding, 9, UNIT_MAN_AT_ARMS (7012370), UNITOPERATION_MOVE_TO (19)
044, Adding, 9, UNIT_MAN_AT_ARMS (8126492), UNITOPERATION_MOVE_TO (19)
044, Adding, 9, UNIT_MAN_AT_ARMS (6357042), UNITOPERATION_MOVE_TO (19)
044, Adding, 9, UNIT_MAN_AT_ARMS (6422579), UNITOPERATION_MOVE_TO (19)
044, Adding, 9, UNIT_MAN_AT_ARMS (6488116), UNITOPERATION_MOVE_TO (19)
044, Adding, 9, UNIT_MAN_AT_ARMS (6553653), UNITOPERATION_MOVE_TO (19)
044, Adding, 9, UNIT_MAN_AT_ARMS (7209015), UNITOPERATION_MOVE_TO (19)
044, Adding, 9, UNIT_CROSSBOWMAN (4587520), UNITOPERATION_MOVE_TO (19)
044, Adding, 9, UNIT_CROSSBOWMAN (7864328), UNITOPERATION_MOVE_TO (19)
044, Adding, 9, UNIT_CROSSBOWMAN (4521995), UNITOPERATION_MOVE_TO (19)
044, Adding, 9, UNIT_CROSSBOWMAN (6946840), UNITOPERATION_MOVE_TO (19)
044, Adding, 9, UNIT_CROSSBOWMAN (5701661), UNITOPERATION_MOVE_TO (19)
044, Adding, 9, UNIT_CROSSBOWMAN (4980767), UNITOPERATION_MOVE_TO (19)
044, Adding, 9, UNIT_MAN_AT_ARMS (7602212), UNITOPERATION_MOVE_TO (19)
044, Adding, 9, UNIT_CROSSBOWMAN (6750246), UNITOPERATION_MOVE_TO (19)
044, Adding, 9, UNIT_CROSSBOWMAN (4653096), UNITOPERATION_MOVE_TO (19)
044, Adding, 9, UNIT_CROSSBOWMAN (4718633), UNITOPERATION_MOVE_TO (19)
044, Adding, 9, UNIT_CROSSBOWMAN (5308459), UNITOPERATION_MOVE_TO (19)
044, Adding, 9, UNIT_CROSSBOWMAN (6094894), UNITOPERATION_MOVE_TO (19)
044, Adding, 9, UNIT_CROSSBOWMAN (6160431), UNITOPERATION_MOVE_TO (19)
044, Adding, 9, UNIT_MAN_AT_ARMS (6291505), UNITOPERATION_MOVE_TO (19)
044, Adding, 9, UNIT_MAN_AT_ARMS (6619190), UNITOPERATION_MOVE_TO (19)
044, Adding, 9, UNIT_MAN_AT_ARMS (7929912), UNITOPERATION_MOVE_TO (19)
044, Adding, 9, UNIT_MISSIONARY (4390915), UNITOPERATION_MOVE_TO (19)
044, Adding, 9, UNIT_MISSIONARY (5570574), UNITOPERATION_MOVE_TO (19)
044, Adding, 9, UNIT_MISSIONARY (7798800), UNITOPERATION_MOVE_TO (19)
044, Adding, 9, UNIT_MISSIONARY (5177365), UNITOPERATION_MOVE_TO (19)
044, Adding, 9, UNIT_MISSIONARY (5439513), UNITOPERATION_MOVE_TO (19)
044, Adding, 9, UNIT_MISSIONARY (6881306), UNITOPERATION_MOVE_TO (19)
044, Adding, 9, UNIT_MISSIONARY (4915232), UNITOPERATION_MOVE_TO (19)
044, Adding, 9, UNIT_MISSIONARY (7274538), UNITOPERATION_MOVE_TO (19)
044, Adding, 9, UNIT_MISSIONARY (5832748), UNITOPERATION_MOVE_TO (19)
044, Adding, 9, UNIT_MISSIONARY (6225968), UNITOPERATION_SPREAD_RELIGION (38)
044, Adding, 9, UNIT_BUILDER (5767191), UNITOPERATION_MOVE_TO (19)
044, Adding, 9, UNIT_BUILDER (5767191), UNITOPERATION_MOVE_TO (19)
044, Adding, 9, UNIT_SKIRMISHER (5046276), UNITOPERATION_MOVE_TO (19)
044, Adding, 9, UNIT_BUILDER (5767191), UNITOPERATION_MOVE_TO (19)
044, Adding, 9, UNIT_SKIRMISHER (5046276), UNITOPERATION_MOVE_TO (19)
044, Adding, 9, UNIT_SKIRMISHER (5046276), UNITOPERATION_MOVE_TO (19)
044, Adding, 9, UNIT_SKIRMISHER (5046276), UNITOPERATION_MOVE_TO (19)
044, Adding, 9, UNIT_SKIRMISHER (5046276), UNITOPERATION_MOVE_TO (19)
044, Adding, 9, UNIT_SKIRMISHER (5046276), UNITOPERATION_MOVE_TO (19)
044, Adding, 9, UNIT_SKIRMISHER (5046276), UNITOPERATION_MOVE_TO (19)
044, Adding, 9, UNIT_SKIRMISHER (5111830), UNITOPERATION_MOVE_TO (19)
044, Adding, 9, UNIT_SKIRMISHER (5111830), UNITOPERATION_SKIP_TURN (36)
044, Adding, 9, UNIT_BUILDER (5963821), UNITOPERATION_SKIP_TURN (36)
044, Adding, 10, UNIT_CROSSBOWMAN (983040), UNITOPERATION_MOVE_TO (19)
044, Adding, 10, UNIT_SWORDSMAN (786433), UNITOPERATION_MOVE_TO (19)
044, Adding, 10, UNIT_SWORDSMAN (917506), UNITOPERATION_MOVE_TO (19)
044, Adding, 10, UNIT_SWORDSMAN (851971), UNITOPERATION_MOVE_TO (19)
044, Adding, 10, UNIT_SWORDSMAN (720902), UNITOPERATION_MOVE_TO (19)
044, Adding, 10, UNIT_SWORDSMAN (1114120), UNITOPERATION_MOVE_TO (19)
044, Adding, 10, UNIT_BUILDER (1048583), UNITOPERATION_SKIP_TURN (36)
044, Adding, 12, UNIT_CROSSBOWMAN (720898), UNITOPERATION_MOVE_TO (19)
044, Adding, 12, UNIT_SWORDSMAN (458752), UNITOPERATION_MOVE_TO (19)
044, Adding, 12, UNIT_SWORDSMAN (655361), UNITOPERATION_MOVE_TO (19)
044, Adding, 12, UNIT_CROSSBOWMAN (786435), UNITOPERATION_MOVE_TO (19)
044, Adding, 12, UNIT_SWORDSMAN (589829), UNITOPERATION_MOVE_TO (19)
044, Adding, 12, UNIT_BUILDER (524292), UNITOPERATION_SKIP_TURN (36)
044, Adding, 13, UNIT_SWORDSMAN (655361), UNITOPERATION_MOVE_TO (19)
044, Adding, 13, UNIT_CATAPULT (720898), UNITOPERATION_MOVE_TO (19)
044, Adding, 13, UNIT_HEAVY_CHARIOT (524292), UNITOPERATION_MOVE_TO (19)
044, Adding, 13, UNIT_SWORDSMAN (589829), UNITOPERATION_MOVE_TO (19)
044, Adding, 13, UNIT_BUILDER (786432), UNITOPERATION_SKIP_TURN (36)
044, Adding, 14, UNIT_CATAPULT (524292), UNITOPERATION_SWAP_UNITS (49)
044, Can't Start, 14, UNIT_CATAPULT (524292), UNITOPERATION_SWAP_UNITS (49)
044, Adding, 14, UNIT_SWORDSMAN (589829), UNITOPERATION_SWAP_UNITS (49)
044, Can't Start, 14, UNIT_SWORDSMAN (589829), UNITOPERATION_SWAP_UNITS (49)
044, Adding, 14, UNIT_CATAPULT (458755), UNITOPERATION_MOVE_TO (19)
044, Adding, 14, UNIT_SWORDSMAN (655362), UNITOPERATION_MOVE_TO (19)
044, Adding, 14, UNIT_BUILDER (720896), UNITOPERATION_SWAP_UNITS (49)
044, Can't Start, 14, UNIT_BUILDER (720896), UNITOPERATION_SWAP_UNITS (49)
044, Adding, 14, UNIT_BUILDER (720896), UNITOPERATION_MOVE_TO (19)
044, Adding, 14, UNIT_BUILDER (720896), UNITOPERATION_BUILD_IMPROVEMENT (2)
044, Adding, 15, UNIT_SWORDSMAN (983041), UNITOPERATION_MOVE_TO (19)
044, Adding, 15, UNIT_HORSEMAN (720902), UNITOPERATION_MOVE_TO (19)
044, Adding, 15, UNIT_SWORDSMAN (786439), UNITOPERATION_MOVE_TO (19)
044, Adding, 15, UNIT_SWORDSMAN (851976), UNITOPERATION_MOVE_TO (19)
044, Adding, 15, UNIT_SWORDSMAN (1048585), UNITOPERATION_MOVE_TO (19)
044, Adding, 15, UNIT_SWORDSMAN (1114122), UNITOPERATION_MOVE_TO (19)
044, Adding, 15, UNIT_BUILDER (917507), UNITOPERATION_SKIP_TURN (36)
044, Adding, 16, UNIT_CROSSBOWMAN (1310725), UNITOPERATION_RANGE_ATTACK (26)
044, Adding, 16, UNIT_CROSSBOWMAN (1245192), UNITOPERATION_RANGE_ATTACK (26)
044, Can't Start, 16, UNIT_CROSSBOWMAN (1245192), UNITOPERATION_RANGE_ATTACK (26)
044, Adding, 16, UNIT_CROSSBOWMAN (1310725), UNITOPERATION_MOVE_TO (19)
044, Adding, 16, UNIT_CROSSBOWMAN (1245192), UNITOPERATION_MOVE_TO (19)
044, Adding, 17, UNIT_WARRIOR (458756), UNITOPERATION_SWAP_UNITS (49)
044, Can't Start, 17, UNIT_WARRIOR (458756), UNITOPERATION_SWAP_UNITS (49)
044, Adding, 17, UNIT_WARRIOR (458756), UNITOPERATION_MOVE_TO (19)
044, Adding, 17, UNIT_SWORDSMAN (1048577), UNITOPERATION_MOVE_TO (19)
044, Adding, 17, UNIT_SWORDSMAN (851971), UNITOPERATION_MOVE_TO (19)
044, Adding, 17, UNIT_SWORDSMAN (983045), UNITOPERATION_MOVE_TO (19)
044, Adding, 17, UNIT_SWORDSMAN (786439), UNITOPERATION_MOVE_TO (19)
044, Adding, 17, UNIT_SWORDSMAN (917512), UNITOPERATION_MOVE_TO (19)
044, Adding, 17, UNIT_BUILDER (720902), UNITOPERATION_SKIP_TURN (36)
044, Adding, 20, UNIT_BUILDER (917509), UNITOPERATION_SWAP_UNITS (49)
044, Can't Start, 20, UNIT_BUILDER (917509), UNITOPERATION_SWAP_UNITS (49)
044, Adding, 20, UNIT_BUILDER (917509), UNITOPERATION_MOVE_TO (19)
044, Adding, 20, UNIT_SWORDSMAN (720896), UNITOPERATION_MOVE_TO (19)
044, Adding, 20, UNIT_CROSSBOWMAN (983041), UNITOPERATION_MOVE_TO (19)
044, Adding, 20, UNIT_CROSSBOWMAN (851970), UNITOPERATION_MOVE_TO (19)
044, Adding, 20, UNIT_HEAVY_CHARIOT (458756), UNITOPERATION_MOVE_TO (19)
044, Adding, 20, UNIT_SWORDSMAN (786439), UNITOPERATION_MOVE_TO (19)
044, Adding, 21, UNIT_HEAVY_CHARIOT (524288), UNITOPERATION_MOVE_TO (19)
044, Adding, 21, UNIT_CROSSBOWMAN (851970), UNITOPERATION_MOVE_TO (19)
044, Adding, 21, UNIT_SWORDSMAN (983045), UNITOPERATION_MOVE_TO (19)
044, Adding, 21, UNIT_CROSSBOWMAN (1114118), UNITOPERATION_MOVE_TO (19)
044, Adding, 21, UNIT_CATAPULT (720903), UNITOPERATION_MOVE_TO (19)
044, Adding, 21, UNIT_SWORDSMAN (786440), UNITOPERATION_MOVE_TO (19)
044, Adding, 21, UNIT_SWORDSMAN (917513), UNITOPERATION_MOVE_TO (19)
044, Adding, 3, UNIT_TRADER (1966096), UNITOPERATION_MAKE_TRADE_ROUTE (18)
044, Adding, 1, UNIT_BABYLONIAN_SABUM_KIBITTUM (196608), UNITOPERATION_FORTIFY (12)
044, Adding, 0, UNIT_EGYPTIAN_CHARIOT_ARCHER (917512), UNITOPERATION_MOVE_TO (19)
044, Adding, 3, UNIT_SETTLER (1376267), UNITOPERATION_FOUND_CITY (14)
044, Adding, 1, UNIT_BABYLONIAN_SABUM_KIBITTUM (196608), UNITOPERATION_MOVE_TO (19)
044, Adding, 0, UNIT_EGYPTIAN_CHARIOT_ARCHER (917512), UNITOPERATION_RANGE_ATTACK (26)
044, Adding, 4, UNIT_CROSSBOWMAN (3473421), UNITOPERATION_RANGE_ATTACK (26)
044, Adding, 1, UNIT_BABYLONIAN_SABUM_KIBITTUM (262146), UNITOPERATION_MOVE_TO (19)
044, Adding, 4, UNIT_CROSSBOWMAN (3407886), UNITOPERATION_RANGE_ATTACK (26)
044, Adding, 1, UNIT_BABYLONIAN_SABUM_KIBITTUM (262146), UNITOPERATION_HEAL (13)
044, Adding, 1, UNIT_WARRIOR (131073), UNITOPERATION_MOVE_TO (19)
044, Adding, 3, UNIT_SETTLER (1900558), UNITOPERATION_MOVE_TO (19)
044, Adding, 1, UNIT_WARRIOR (131073), UNITOPERATION_MOVE_TO (19)
044, Adding, 3, UNIT_SETTLER (1703942), UNITOPERATION_MOVE_TO (19)
044, Adding, 3, UNIT_BUILDER (1835023), UNITOPERATION_MOVE_TO (19)
044, Adding, 2, UNIT_BUILDER (1703947), UNITOPERATION_MOVE_TO (19)
044, Adding, 3, UNIT_BUILDER (1769485), UNITOPERATION_MOVE_TO (19)
044, Adding, 2, UNIT_BUILDER (1703947), UNITOPERATION_BUILD_IMPROVEMENT (2)
044, Adding, 3, UNIT_BUILDER (1769485), UNITOPERATION_BUILD_IMPROVEMENT (2)
044, Adding, 1, UNIT_BUILDER (2031625), UNITOPERATION_MOVE_TO (19)
044, Adding, 1, UNIT_BUILDER (1376267), UNITOPERATION_MOVE_TO (19)
044, Adding, 1, UNIT_BUILDER (1376267), UNITOPERATION_MOVE_TO (19)
044, Adding, 1, UNIT_BUILDER (1638413), UNITOPERATION_SKIP_TURN (36)
044, Adding, 2, UNIT_INDIAN_VARU (1507331), UNITOPERATION_MOVE_TO (19)
044, Adding, 4, UNIT_CROSSBOWMAN (3604485), UNITOPERATION_RANGE_ATTACK (26)
044, Adding, 2, UNIT_KNIGHT (1638407), UNITOPERATION_MOVE_TO (19)
044, Adding, 1, UNIT_SETTLER (2097171), UNITOPERATION_MOVE_TO (19)
044, Adding, 4, UNIT_CROSSBOWMAN (3538954), UNITOPERATION_RANGE_ATTACK (26)
044, Adding, 1, UNIT_SETTLER (2097171), UNITOPERATION_MOVE_TO (19)
044, Adding, 4, UNIT_SCOUT (393220), UNITOPERATION_FORTIFY (12)
044, Adding, 4, UNIT_VAMPIRE (196608), UNITOPERATION_BUILD_ROUTE (3)
044, Adding, 1, UNIT_BUILDER (1966098), UNITOPERATION_MOVE_TO (19)
044, Adding, 1, UNIT_BUILDER (1900561), UNITOPERATION_REMOVE_FEATURE (28)
044, Adding, 4, UNIT_BUILDER (3145731), UNITOPERATION_MOVE_TO (19)
044, Adding, 2, UNIT_BUILDER (1441800), UNITOPERATION_MOVE_TO (19)
044, Adding, 2, UNIT_TRADER (1769484), UNITOPERATION_MAKE_TRADE_ROUTE (18)
044, Adding, 2, UNIT_BUILDER (1376265), UNITOPERATION_BUILD_IMPROVEMENT (2)
044, Adding, 4, UNIT_BUILDER (3080212), UNITOPERATION_HARVEST_RESOURCE (16)
044, Adding, 2, UNIT_BUILDER (1310724), UNITOPERATION_BUILD_IMPROVEMENT (2)
044, Adding, 1, UNIT_BUILDER (1769487), UNITOPERATION_REMOVE_FEATURE (28)
044, Adding, 1, UNIT_BUILDER (1835024), UNITOPERATION_REMOVE_FEATURE (28)
044, Adding, 4, UNIT_BUILDER (2752520), UNITOPERATION_MOVE_TO (19)
044, Adding, 4, UNIT_BUILDER (2752520), UNITOPERATION_BUILD_IMPROVEMENT (2)
044, Adding, 4, UNIT_BUILDER (3670034), UNITOPERATION_MOVE_TO (19)
044, Adding, 1, UNIT_BUILDER (1376267), UNITOPERATION_MOVE_TO (19)
044, Adding, 4, UNIT_BUILDER (3735567), UNITOPERATION_MOVE_TO (19)
044, Adding, 4, UNIT_BUILDER (3735567), UNITOPERATION_BUILD_IMPROVEMENT (2)
044, Adding, 0, UNIT_BUILDER (1507340), UNITOPERATION_MOVE_TO (19)
044, Adding, 0, UNIT_BUILDER (1507340), UNITOPERATION_MOVE_TO (19)
044, Adding, 0, UNIT_EGYPTIAN_CHARIOT_ARCHER (1048586), UNITOPERATION_MOVE_TO (19)
044, Adding, 0, UNIT_BUILDER (1507340), UNITOPERATION_MOVE_TO (19)
044, Adding, 0, UNIT_BUILDER (1507340), UNITOPERATION_BUILD_IMPROVEMENT (2)
044, Adding, 0, UNIT_BUILDER (1638413), UNITOPERATION_MOVE_TO (19)
044, Adding, 0, UNIT_BUILDER (1638413), UNITOPERATION_BUILD_IMPROVEMENT (2)
044, Adding, 0, UNIT_BUILDER (1638413), UNITOPERATION_MOVE_TO (19)
044, Adding, 0, UNIT_BUILDER (1769486), UNITOPERATION_BUILD_IMPROVEMENT (2)
044, Adding, 1, UNIT_BUILDER (1114119), UNITOPERATION_MOVE_TO (19)
044, Adding, 0, UNIT_VAMPIRE (262146), UNITOPERATION_MOVE_TO (19)
044, Adding, 0, UNIT_EGYPTIAN_CHARIOT_ARCHER (1048586), UNITOPERATION_FORTIFY (12)
044, Adding, 0, UNIT_GREAT_GENERAL (1114123), UNITOPERATION_SKIP_TURN (36)
044, Adding, 0, UNIT_KNIGHT (1966095), UNITOPERATION_MOVE_TO (19)
044, Adding, 0, UNIT_KNIGHT (1966095), UNITOPERATION_MOVE_TO (19)
044, Adding, 0, UNIT_EGYPTIAN_CHARIOT_ARCHER (1572871), UNITOPERATION_MOVE_TO (19)
044, Adding, 0, UNIT_KNIGHT (1966095), UNITOPERATION_FORTIFY (12)
044, Adding, 0, UNIT_BUILDER (2031632), UNITOPERATION_MOVE_TO (19)
044, Adding, 4, UNIT_GREAT_GENERAL (3276801), UNITOPERATION_SKIP_TURN (36)
044, Adding, 0, UNIT_BUILDER (2031632), UNITOPERATION_BUILD_IMPROVEMENT (2)
044, Adding, 4, UNIT_BUILDER (3014675), UNITOPERATION_HARVEST_RESOURCE (16)
044, Adding, 0, UNIT_BUILDER (1900545), UNITOPERATION_BUILD_IMPROVEMENT (2)
044, Adding, 4, UNIT_BUILDER (2883606), UNITOPERATION_MOVE_TO (19)
044, Adding, 4, UNIT_BUILDER (2883606), UNITOPERATION_BUILD_IMPROVEMENT (2)
044, Adding, 4, UNIT_SETTLER (2949141), UNITOPERATION_FOUND_CITY (14)
044, Adding, 4, UNIT_BUILDER (3866631), UNITOPERATION_MOVE_TO (19)
044, Adding, 4, UNIT_BUILDER (3866631), UNITOPERATION_BUILD_IMPROVEMENT (2)
044, Adding, 4, UNIT_BUILDER (2818059), UNITOPERATION_BUILD_IMPROVEMENT (2)
044, Adding, 4, UNIT_BUILDER (3211266), UNITOPERATION_REMOVE_FEATURE (28)
045, Adding, 5, UNIT_MAN_AT_ARMS (4587561), UNITOPERATION_MOVE_TO (19)
045, Adding, 5, UNIT_SETTLER (3997731), UNITOPERATION_MOVE_TO (19)
045, Adding, 5, UNIT_MAN_AT_ARMS (4587561), UNITOPERATION_MOVE_TO (19)
045, Adding, 5, UNIT_SCOUT (262147), UNITOPERATION_SWAP_UNITS (49)
045, Can't Start, 5, UNIT_SCOUT (262147), UNITOPERATION_SWAP_UNITS (49)
045, Adding, 5, UNIT_SCOUT (262147), UNITOPERATION_MOVE_TO (19)
045, Adding, 5, UNIT_MACEDONIAN_HETAIROI (3014660), UNITOPERATION_SWAP_UNITS (49)
045, Can't Start, 5, UNIT_MACEDONIAN_HETAIROI (3014660), UNITOPERATION_SWAP_UNITS (49)
045, Adding, 5, UNIT_MACEDONIAN_HETAIROI (3014660), UNITOPERATION_MOVE_TO (19)
045, Adding, 5, UNIT_MACEDONIAN_HETAIROI (2031624), UNITOPERATION_SWAP_UNITS (49)
045, Can't Start, 5, UNIT_MACEDONIAN_HETAIROI (2031624), UNITOPERATION_SWAP_UNITS (49)
045, Adding, 5, UNIT_MACEDONIAN_HETAIROI (2031624), UNITOPERATION_MOVE_TO (19)
045, Adding, 5, UNIT_MACEDONIAN_HETAIROI (2555916), UNITOPERATION_SWAP_UNITS (49)
045, Can't Start, 5, UNIT_MACEDONIAN_HETAIROI (2555916), UNITOPERATION_SWAP_UNITS (49)
045, Adding, 5, UNIT_MACEDONIAN_HETAIROI (2555916), UNITOPERATION_MOVE_TO (19)
045, Adding, 5, UNIT_MACEDONIAN_HETAIROI (1769493), UNITOPERATION_SWAP_UNITS (49)
045, Can't Start, 5, UNIT_MACEDONIAN_HETAIROI (1769493), UNITOPERATION_SWAP_UNITS (49)
045, Adding, 5, UNIT_MACEDONIAN_HETAIROI (1769493), UNITOPERATION_MOVE_TO (19)
045, Adding, 5, UNIT_MACEDONIAN_HETAIROI (1900567), UNITOPERATION_SWAP_UNITS (49)
045, Adding, 5, UNIT_MACEDONIAN_HETAIROI (1900567), UNITOPERATION_MOVE_TO (19)
045, Can't Start, 5, UNIT_MACEDONIAN_HETAIROI (1900567), UNITOPERATION_MOVE_TO (19)
045, Adding, 5, UNIT_MACEDONIAN_HETAIROI (1966104), UNITOPERATION_SWAP_UNITS (49)
045, Can't Start, 5, UNIT_MACEDONIAN_HETAIROI (1966104), UNITOPERATION_SWAP_UNITS (49)
045, Adding, 5, UNIT_MACEDONIAN_HETAIROI (1966104), UNITOPERATION_MOVE_TO (19)
045, Adding, 5, UNIT_MACEDONIAN_HETAIROI (2228249), UNITOPERATION_SWAP_UNITS (49)
045, Can't Start, 5, UNIT_MACEDONIAN_HETAIROI (2228249), UNITOPERATION_SWAP_UNITS (49)
045, Adding, 5, UNIT_MACEDONIAN_HETAIROI (2228249), UNITOPERATION_MOVE_TO (19)
045, Adding, 5, UNIT_MACEDONIAN_HETAIROI (2293786), UNITOPERATION_SWAP_UNITS (49)
045, Can't Start, 5, UNIT_MACEDONIAN_HETAIROI (2293786), UNITOPERATION_SWAP_UNITS (49)
045, Adding, 5, UNIT_MACEDONIAN_HETAIROI (2293786), UNITOPERATION_MOVE_TO (19)
045, Adding, 5, UNIT_GREAT_SCIENTIST (3932176), UNITOPERATION_MOVE_TO (19)
045, Can't Start, 5, UNIT_GREAT_SCIENTIST (3932176), UNITOPERATION_MOVE_TO (19)
045, Adding, 5, UNIT_SKIRMISHER (3145759), UNITOPERATION_MOVE_TO (19)
045, Adding, 5, UNIT_MAN_AT_ARMS (4521989), UNITOPERATION_MOVE_TO (19)
045, Adding, 5, UNIT_VAMPIRE (655367), UNITOPERATION_MOVE_TO (19)
045, Adding, 5, UNIT_MAN_AT_ARMS (4194314), UNITOPERATION_MOVE_TO (19)
045, Can't Start, 5, UNIT_MAN_AT_ARMS (4194314), UNITOPERATION_MOVE_TO (19)
045, Adding, 5, UNIT_MACEDONIAN_HETAIROI (2097163), UNITOPERATION_MOVE_TO (19)
045, Adding, 5, UNIT_MAN_AT_ARMS (4456463), UNITOPERATION_MOVE_TO (19)
045, Adding, 5, UNIT_MAN_AT_ARMS (4128805), UNITOPERATION_MOVE_TO (19)
045, Adding, 5, UNIT_MAN_AT_ARMS (4325415), UNITOPERATION_MOVE_TO (19)
045, Adding, 5, UNIT_MAN_AT_ARMS (4390952), UNITOPERATION_MOVE_TO (19)
045, Adding, 5, UNIT_CROSSBOWMAN (3604482), UNITOPERATION_MOVE_TO (19)
045, Adding, 5, UNIT_CROSSBOWMAN (3801101), UNITOPERATION_MOVE_TO (19)
045, Adding, 5, UNIT_CROSSBOWMAN (3342365), UNITOPERATION_MOVE_TO (19)
045, Adding, 5, UNIT_CROSSBOWMAN (3735585), UNITOPERATION_MOVE_TO (19)
045, Adding, 5, UNIT_CROSSBOWMAN (4063268), UNITOPERATION_MOVE_TO (19)
045, Adding, 5, UNIT_MISSIONARY (3276806), UNITOPERATION_MOVE_TO (19)
045, Adding, 5, UNIT_MISSIONARY (3080222), UNITOPERATION_MOVE_TO (19)
045, Adding, 5, UNIT_MISSIONARY (2621441), UNITOPERATION_MOVE_TO (19)
045, Adding, 5, UNIT_MISSIONARY (2359305), UNITOPERATION_MOVE_TO (19)
045, Adding, 5, UNIT_MISSIONARY (2359305), UNITOPERATION_REMOVE_HERESY (29)
045, Can't Start, 5, UNIT_MISSIONARY (2359305), UNITOPERATION_REMOVE_HERESY (29)
045, Adding, 5, UNIT_MISSIONARY (2424850), UNITOPERATION_MOVE_TO (19)
045, Adding, 5, UNIT_MISSIONARY (3670035), UNITOPERATION_MOVE_TO (19)
045, Adding, 5, UNIT_MISSIONARY (4259878), UNITOPERATION_SPREAD_RELIGION (38)
045, Adding, 5, UNIT_BUILDER (1835030), UNITOPERATION_MOVE_TO (19)
045, Adding, 5, UNIT_BUILDER (1835030), UNITOPERATION_MOVE_TO (19)
045, Adding, 5, UNIT_BUILDER (1835030), UNITOPERATION_MOVE_TO (19)
045, Adding, 5, UNIT_BUILDER (1835030), UNITOPERATION_MOVE_TO (19)
045, Adding, 5, UNIT_BUILDER (1835030), UNITOPERATION_MOVE_TO (19)
045, Adding, 5, UNIT_BUILDER (1835030), UNITOPERATION_MOVE_TO (19)
045, Adding, 5, UNIT_BUILDER (1835030), UNITOPERATION_MOVE_TO (19)
045, Adding, 5, UNIT_BUILDER (3473440), UNITOPERATION_MOVE_TO (19)
045, Adding, 5, UNIT_SKIRMISHER (3407892), UNITOPERATION_MOVE_TO (19)
045, Adding, 5, UNIT_SKIRMISHER (3211278), UNITOPERATION_MOVE_TO (19)
045, Adding, 5, UNIT_BUILDER (2752540), UNITOPERATION_SKIP_TURN (36)
045, Can't Start, 5, UNIT_MISSIONARY (2359305), UNITOPERATION_REMOVE_HERESY (29)
045, Can't Start, 5, UNIT_MACEDONIAN_HETAIROI (1900567), UNITOPERATION_MOVE_TO (19)
045, Adding, 6, UNIT_SWORDSMAN (4128779), UNITOPERATION_MOVE_TO (19)
045, Adding, 6, UNIT_SCOUT (262147), UNITOPERATION_SWAP_UNITS (49)
045, Can't Start, 6, UNIT_SCOUT (262147), UNITOPERATION_SWAP_UNITS (49)
045, Adding, 6, UNIT_SCOUT (262147), UNITOPERATION_MOVE_TO (19)
045, Adding, 6, UNIT_GREAT_MERCHANT (5963823), UNITOPERATION_SWAP_UNITS (49)
045, Can't Start, 6, UNIT_GREAT_MERCHANT (5963823), UNITOPERATION_SWAP_UNITS (49)
045, Adding, 6, UNIT_GREAT_MERCHANT (5963823), UNITOPERATION_MOVE_TO (19)
045, Adding, 6, UNIT_BUILDER (4980737), UNITOPERATION_SWAP_UNITS (49)
045, Can't Start, 6, UNIT_BUILDER (4980737), UNITOPERATION_SWAP_UNITS (49)
045, Adding, 6, UNIT_BUILDER (4980737), UNITOPERATION_MOVE_TO (19)
045, Adding, 6, UNIT_BUILDER (4980737), UNITOPERATION_REPAIR (31)
045, Adding, 6, UNIT_BUILDER (4259874), UNITOPERATION_SWAP_UNITS (49)
045, Can't Start, 6, UNIT_BUILDER (4259874), UNITOPERATION_SWAP_UNITS (49)
045, Adding, 6, UNIT_BUILDER (4259874), UNITOPERATION_MOVE_TO (19)
045, Adding, 6, UNIT_BUILDER (5767192), UNITOPERATION_SWAP_UNITS (49)
045, Can't Start, 6, UNIT_BUILDER (5767192), UNITOPERATION_SWAP_UNITS (49)
045, Adding, 6, UNIT_BUILDER (5767192), UNITOPERATION_MOVE_TO (19)
045, Adding, 6, UNIT_BUILDER (5767192), UNITOPERATION_REMOVE_FEATURE (28)
045, Adding, 6, UNIT_BUILDER (5767192), UNITOPERATION_BUILD_IMPROVEMENT (2)
045, Can't Start, 6, UNIT_BUILDER (5767192), UNITOPERATION_BUILD_IMPROVEMENT (2)
045, Adding, 6, UNIT_SKIRMISHER (3473440), UNITOPERATION_MOVE_TO (19)
045, Adding, 6, UNIT_SKIRMISHER (3801127), UNITOPERATION_MOVE_TO (19)
045, Adding, 6, UNIT_SKIRMISHER (4194308), UNITOPERATION_MOVE_TO (19)
045, Adding, 6, UNIT_CATAPULT (2621457), UNITOPERATION_FORTIFY (12)
045, Can't Start, 6, UNIT_CATAPULT (2621457), UNITOPERATION_FORTIFY (12)
045, Adding, 6, UNIT_SWORDSMAN (2752542), UNITOPERATION_FORTIFY (12)
045, Can't Start, 6, UNIT_SWORDSMAN (2752542), UNITOPERATION_FORTIFY (12)
045, Adding, 6, UNIT_CROSSBOWMAN (5832704), UNITOPERATION_MOVE_TO (19)
045, Adding, 6, UNIT_SWORDSMAN (4456450), UNITOPERATION_MOVE_TO (19)
045, Adding, 6, UNIT_SWORDSMAN (2818054), UNITOPERATION_MOVE_TO (19)
045, Can't Start, 6, UNIT_SWORDSMAN (2818054), UNITOPERATION_MOVE_TO (19)
045, Adding, 6, UNIT_SWORDSMAN (2686985), UNITOPERATION_MOVE_TO (19)
045, Can't Start, 6, UNIT_SWORDSMAN (2686985), UNITOPERATION_MOVE_TO (19)
045, Adding, 6, UNIT_SWORDSMAN (4587534), UNITOPERATION_MOVE_TO (19)
045, Adding, 6, UNIT_CROSSBOWMAN (5505040), UNITOPERATION_MOVE_TO (19)
045, Adding, 6, UNIT_SWORDSMAN (4718610), UNITOPERATION_MOVE_TO (19)
045, Adding, 6, UNIT_CROSSBOWMAN (4915220), UNITOPERATION_MOVE_TO (19)
045, Adding, 6, UNIT_CROSSBOWMAN (4784149), UNITOPERATION_MOVE_TO (19)
045, Adding, 6, UNIT_HEAVY_CHARIOT (2359322), UNITOPERATION_MOVE_TO (19)
045, Adding, 6, UNIT_SWORDSMAN (3145761), UNITOPERATION_MOVE_TO (19)
045, Adding, 6, UNIT_CROSSBOWMAN (5177382), UNITOPERATION_MOVE_TO (19)
045, Adding, 6, UNIT_SWORDSMAN (3866664), UNITOPERATION_MOVE_TO (19)
045, Adding, 6, UNIT_SWORDSMAN (3932201), UNITOPERATION_MOVE_TO (19)
045, Adding, 6, UNIT_SWORDSMAN (5373996), UNITOPERATION_MOVE_TO (19)
045, Can't Start, 6, UNIT_SWORDSMAN (5373996), UNITOPERATION_MOVE_TO (19)
045, Adding, 6, UNIT_CROSSBOWMAN (5636142), UNITOPERATION_MOVE_TO (19)
045, Adding, 6, UNIT_CATAPULT (2490396), UNITOPERATION_MOVE_TO (19)
045, Adding, 6, UNIT_MISSIONARY (3735557), UNITOPERATION_SPREAD_RELIGION (38)
045, Adding, 6, UNIT_MISSIONARY (2031623), UNITOPERATION_MOVE_TO (19)
045, Adding, 6, UNIT_MISSIONARY (2031623), UNITOPERATION_SPREAD_RELIGION (38)
045, Adding, 6, UNIT_TAOIST (786440), UNITOPERATION_SPREAD_RELIGION (38)
045, Can't Start, 6, UNIT_TAOIST (786440), UNITOPERATION_SPREAD_RELIGION (38)
045, Adding, 6, UNIT_MISSIONARY (1900556), UNITOPERATION_SPREAD_RELIGION (38)
045, Adding, 6, UNIT_APOSTLE (5308435), UNITOPERATION_MOVE_TO (19)
045, Adding, 6, UNIT_MISSIONARY (2162711), UNITOPERATION_MOVE_TO (19)
045, Adding, 6, UNIT_MISSIONARY (2293785), UNITOPERATION_MOVE_TO (19)
045, Adding, 6, UNIT_MISSIONARY (2424859), UNITOPERATION_MOVE_TO (19)
045, Adding, 6, UNIT_MISSIONARY (2555933), UNITOPERATION_MOVE_TO (19)
045, Adding, 6, UNIT_MISSIONARY (2555933), UNITOPERATION_SPREAD_RELIGION (38)
045, Can't Start, 6, UNIT_MISSIONARY (2555933), UNITOPERATION_SPREAD_RELIGION (38)
045, Adding, 6, UNIT_MISSIONARY (2883615), UNITOPERATION_MOVE_TO (19)
045, Adding, 6, UNIT_MISSIONARY (3342372), UNITOPERATION_MOVE_TO (19)
045, Adding, 6, UNIT_MISSIONARY (3342372), UNITOPERATION_REMOVE_HERESY (29)
045, Can't Start, 6, UNIT_MISSIONARY (3342372), UNITOPERATION_REMOVE_HERESY (29)
045, Adding, 6, UNIT_APOSTLE (5111851), UNITOPERATION_MOVE_TO (19)
045, Adding, 6, UNIT_APOSTLE (5570605), UNITOPERATION_MOVE_TO (19)
045, Adding, 6, UNIT_SKIRMISHER (3407909), UNITOPERATION_MOVE_TO (19)
045, Adding, 6, UNIT_SKIRMISHER (3407909), UNITOPERATION_MOVE_TO (19)
045, Adding, 6, UNIT_SKIRMISHER (3407909), UNITOPERATION_MOVE_TO (19)
045, Adding, 6, UNIT_SKIRMISHER (3407909), UNITOPERATION_MOVE_TO (19)
045, Adding, 6, UNIT_SKIRMISHER (3407909), UNITOPERATION_MOVE_TO (19)
045, Adding, 6, UNIT_SKIRMISHER (3407909), UNITOPERATION_MOVE_TO (19)
045, Adding, 6, UNIT_SKIRMISHER (3407909), UNITOPERATION_MOVE_TO (19)
045, Adding, 6, UNIT_SKIRMISHER (4390927), UNITOPERATION_MOVE_TO (19)
045, Adding, 6, UNIT_SKIRMISHER (3997738), UNITOPERATION_MOVE_TO (19)
045, Adding, 6, UNIT_SKIRMISHER (4063245), UNITOPERATION_MOVE_TO (19)
045, Can't Start, 6, UNIT_BUILDER (5767192), UNITOPERATION_BUILD_IMPROVEMENT (2)
045, Can't Start, 6, UNIT_MISSIONARY (2555933), UNITOPERATION_SPREAD_RELIGION (38)
045, Can't Start, 6, UNIT_MISSIONARY (3342372), UNITOPERATION_REMOVE_HERESY (29)
045, Adding, 7, UNIT_SKIRMISHER (3407907), UNITOPERATION_SWAP_UNITS (49)
045, Can't Start, 7, UNIT_SKIRMISHER (3407907), UNITOPERATION_SWAP_UNITS (49)
045, Adding, 7, UNIT_SKIRMISHER (3407907), UNITOPERATION_MOVE_TO (19)
045, Adding, 7, UNIT_SKIRMISHER (3670036), UNITOPERATION_SWAP_UNITS (49)
045, Can't Start, 7, UNIT_SKIRMISHER (3670036), UNITOPERATION_SWAP_UNITS (49)
045, Adding, 7, UNIT_SKIRMISHER (3670036), UNITOPERATION_MOVE_TO (19)
045, Adding, 7, UNIT_SKIRMISHER (3407907), UNITOPERATION_RANGE_ATTACK (26)
045, Adding, 7, UNIT_SKIRMISHER (3407907), UNITOPERATION_MOVE_TO (19)
045, Adding, 7, UNIT_SWORDSMAN (3801104), UNITOPERATION_MOVE_TO (19)
045, Adding, 7, UNIT_WARRIOR (1835031), UNITOPERATION_MOVE_TO (19)
045, Adding, 7, UNIT_SWORDSMAN (3801104), UNITOPERATION_MOVE_TO (19)
045, Adding, 7, UNIT_WARRIOR (1835031), UNITOPERATION_MOVE_TO (19)
045, Adding, 7, UNIT_WARRIOR (1835031), UNITOPERATION_MOVE_TO (19)
045, Adding, 7, UNIT_WARRIOR (1900568), UNITOPERATION_MOVE_TO (19)
045, Adding, 7, UNIT_CATAPULT (4456488), UNITOPERATION_MOVE_TO (19)
045, Adding, 7, UNIT_SWORDSMAN (3473444), UNITOPERATION_MOVE_TO (19)
045, Adding, 7, UNIT_SKIRMISHER (3932181), UNITOPERATION_MOVE_TO (19)
045, Adding, 7, UNIT_SWORDSMAN (2490398), UNITOPERATION_MOVE_TO (19)
045, Adding, 7, UNIT_SWORDSMAN (3211279), UNITOPERATION_MOVE_TO (19)
045, Adding, 7, UNIT_SWORDSMAN (3080201), UNITOPERATION_MOVE_TO (19)
045, Adding, 7, UNIT_SKIRMISHER (4849692), UNITOPERATION_MOVE_TO (19)
045, Adding, 7, UNIT_WARRIOR (1835031), UNITOPERATION_MOVE_TO (19)
045, Adding, 7, UNIT_WARRIOR (1835031), UNITOPERATION_MOVE_TO (19)
045, Adding, 7, UNIT_SKIRMISHER (3932181), UNITOPERATION_MOVE_TO (19)
045, Adding, 7, UNIT_SWORDSMAN (2490398), UNITOPERATION_MOVE_TO (19)
045, Adding, 7, UNIT_SCOUT (589826), UNITOPERATION_SWAP_UNITS (49)
045, Can't Start, 7, UNIT_SCOUT (589826), UNITOPERATION_SWAP_UNITS (49)
045, Adding, 7, UNIT_SCOUT (589826), UNITOPERATION_MOVE_TO (19)
045, Adding, 7, UNIT_SCOUT (393220), UNITOPERATION_SWAP_UNITS (49)
045, Can't Start, 7, UNIT_SCOUT (393220), UNITOPERATION_SWAP_UNITS (49)
045, Adding, 7, UNIT_SCOUT (393220), UNITOPERATION_MOVE_TO (19)
045, Adding, 7, UNIT_WARRIOR (1048588), UNITOPERATION_SWAP_UNITS (49)
045, Can't Start, 7, UNIT_WARRIOR (1048588), UNITOPERATION_SWAP_UNITS (49)
045, Adding, 7, UNIT_WARRIOR (1048588), UNITOPERATION_MOVE_TO (19)
045, Adding, 7, UNIT_WARRIOR (1769494), UNITOPERATION_SWAP_UNITS (49)
045, Can't Start, 7, UNIT_WARRIOR (1769494), UNITOPERATION_SWAP_UNITS (49)
045, Adding, 7, UNIT_WARRIOR (1769494), UNITOPERATION_MOVE_TO (19)
045, Adding, 7, UNIT_SWORDSMAN (2555935), UNITOPERATION_MOVE_TO (19)
045, Adding, 7, UNIT_SWORDSMAN (2687009), UNITOPERATION_SWAP_UNITS (49)
045, Can't Start, 7, UNIT_SWORDSMAN (2687009), UNITOPERATION_SWAP_UNITS (49)
045, Adding, 7, UNIT_SWORDSMAN (2687009), UNITOPERATION_MOVE_TO (19)
045, Adding, 7, UNIT_SWORDSMAN (3014666), UNITOPERATION_MOVE_TO (19)
045, Adding, 7, UNIT_SWORDSMAN (2621472), UNITOPERATION_SWAP_UNITS (49)
045, Can't Start, 7, UNIT_SWORDSMAN (2621472), UNITOPERATION_SWAP_UNITS (49)
045, Adding, 7, UNIT_SWORDSMAN (2621472), UNITOPERATION_MOVE_TO (19)
045, Adding, 7, UNIT_WARRIOR (1966105), UNITOPERATION_MOVE_TO (19)
045, Adding, 7, UNIT_SKIRMISHER (4587562), UNITOPERATION_MOVE_TO (19)
045, Adding, 7, UNIT_SKIRMISHER (4522025), UNITOPERATION_MOVE_TO (19)
045, Adding, 7, UNIT_SKIRMISHER (3866661), UNITOPERATION_MOVE_TO (19)
045, Adding, 7, UNIT_BUILDER (4784145), UNITOPERATION_SWAP_UNITS (49)
045, Can't Start, 7, UNIT_BUILDER (4784145), UNITOPERATION_SWAP_UNITS (49)
045, Adding, 7, UNIT_BUILDER (4784145), UNITOPERATION_MOVE_TO (19)
045, Adding, 7, UNIT_BUILDER (4784145), UNITOPERATION_BUILD_IMPROVEMENT (2)
045, Adding, 7, UNIT_BUILDER (4980741), UNITOPERATION_SWAP_UNITS (49)
045, Can't Start, 7, UNIT_BUILDER (4980741), UNITOPERATION_SWAP_UNITS (49)
045, Adding, 7, UNIT_BUILDER (4980741), UNITOPERATION_MOVE_TO (19)
045, Adding, 7, UNIT_GREAT_WRITER (5373990), UNITOPERATION_SWAP_UNITS (49)
045, Can't Start, 7, UNIT_GREAT_WRITER (5373990), UNITOPERATION_SWAP_UNITS (49)
045, Adding, 7, UNIT_GREAT_WRITER (5373990), UNITOPERATION_MOVE_TO (19)
045, Adding, 7, UNIT_GREAT_WRITER (5046306), UNITOPERATION_SWAP_UNITS (49)
045, Can't Start, 7, UNIT_GREAT_WRITER (5046306), UNITOPERATION_SWAP_UNITS (49)
045, Adding, 7, UNIT_GREAT_WRITER (5046306), UNITOPERATION_MOVE_TO (19)
045, Adding, 7, UNIT_BUILDER (4718636), UNITOPERATION_SWAP_UNITS (49)
045, Can't Start, 7, UNIT_BUILDER (4718636), UNITOPERATION_SWAP_UNITS (49)
045, Adding, 7, UNIT_BUILDER (4718636), UNITOPERATION_MOVE_TO (19)
045, Adding, 7, UNIT_MAN_AT_ARMS (5111821), UNITOPERATION_FORTIFY (12)
045, Adding, 7, UNIT_MAN_AT_ARMS (5242925), UNITOPERATION_FORTIFY (12)
045, Can't Start, 7, UNIT_MAN_AT_ARMS (5242925), UNITOPERATION_FORTIFY (12)
045, Adding, 7, UNIT_MAN_AT_ARMS (5177350), UNITOPERATION_MOVE_TO (19)
045, Adding, 7, UNIT_MAN_AT_ARMS (5505038), UNITOPERATION_MOVE_TO (19)
045, Adding, 7, UNIT_MAN_AT_ARMS (5439515), UNITOPERATION_MOVE_TO (19)
045, Adding, 7, UNIT_CROSSBOWMAN (5308455), UNITOPERATION_MOVE_TO (19)
045, Adding, 7, UNIT_SKIRMISHER (3735570), UNITOPERATION_MOVE_TO (19)
045, Adding, 7, UNIT_SKIRMISHER (3735570), UNITOPERATION_MOVE_TO (19)
045, Adding, 7, UNIT_SKIRMISHER (3735570), UNITOPERATION_MOVE_TO (19)
045, Adding, 7, UNIT_SKIRMISHER (3735570), UNITOPERATION_MOVE_TO (19)
045, Adding, 7, UNIT_SKIRMISHER (3538973), UNITOPERATION_MOVE_TO (19)
045, Adding, 7, UNIT_SKIRMISHER (3538973), UNITOPERATION_MOVE_TO (19)
045, Adding, 7, UNIT_SKIRMISHER (3538973), UNITOPERATION_MOVE_TO (19)
045, Adding, 7, UNIT_TAOIST (851968), UNITOPERATION_MOVE_TO (19)
045, Adding, 8, UNIT_TRADER (1048588), UNITOPERATION_MAKE_TRADE_ROUTE (18)
045, Can't Start, 8, UNIT_TRADER (1048588), UNITOPERATION_MAKE_TRADE_ROUTE (18)
045, Adding, 8, UNIT_MAN_AT_ARMS (6422543), UNITOPERATION_MOVE_TO (19)
045, Adding, 8, UNIT_SETTLER (6815780), UNITOPERATION_MOVE_TO (19)
045, Can't Start, 8, UNIT_SETTLER (6815780), UNITOPERATION_MOVE_TO (19)
045, Adding, 8, UNIT_SWORDSMAN (3801117), UNITOPERATION_SWAP_UNITS (49)
045, Can't Start, 8, UNIT_SWORDSMAN (3801117), UNITOPERATION_SWAP_UNITS (49)
045, Adding, 8, UNIT_SWORDSMAN (3801117), UNITOPERATION_MOVE_TO (19)
045, Adding, 8, UNIT_HORSEMAN (3604499), UNITOPERATION_MOVE_TO (19)
045, Adding, 8, UNIT_SWORDSMAN (4915249), UNITOPERATION_SWAP_UNITS (49)
045, Can't Start, 8, UNIT_SWORDSMAN (4915249), UNITOPERATION_SWAP_UNITS (49)
045, Adding, 8, UNIT_SWORDSMAN (4915249), UNITOPERATION_MOVE_TO (19)
045, Adding, 8, UNIT_VIETNAMESE_VOI_CHIEN (5439490), UNITOPERATION_SWAP_UNITS (49)
045, Can't Start, 8, UNIT_VIETNAMESE_VOI_CHIEN (5439490), UNITOPERATION_SWAP_UNITS (49)
045, Adding, 8, UNIT_VIETNAMESE_VOI_CHIEN (5439490), UNITOPERATION_MOVE_TO (19)
045, Adding, 8, UNIT_VIETNAMESE_VOI_CHIEN (5439490), UNITOPERATION_RANGE_ATTACK (26)
045, Adding, 8, UNIT_VIETNAMESE_VOI_CHIEN (5439490), UNITOPERATION_MOVE_TO (19)
045, Adding, 8, UNIT_HORSEMAN (2228250), UNITOPERATION_MOVE_TO (19)
045, Adding, 8, UNIT_SWORDSMAN (3932199), UNITOPERATION_MOVE_TO (19)
045, Adding, 8, UNIT_ARCHER (1966102), UNITOPERATION_MOVE_TO (19)
045, Adding, 8, UNIT_SWORDSMAN (3932199), UNITOPERATION_MOVE_TO (19)
045, Adding, 8, UNIT_ARCHER (1966102), UNITOPERATION_MOVE_TO (19)
045, Adding, 8, UNIT_SWORDSMAN (3932199), UNITOPERATION_SWAP_UNITS (49)
045, Can't Start, 8, UNIT_SWORDSMAN (3932199), UNITOPERATION_SWAP_UNITS (49)
045, Adding, 8, UNIT_SWORDSMAN (3932199), UNITOPERATION_MOVE_TO (19)
045, Adding, 8, UNIT_CATAPULT (3276804), UNITOPERATION_SWAP_UNITS (49)
045, Can't Start, 8, UNIT_CATAPULT (3276804), UNITOPERATION_SWAP_UNITS (49)
045, Adding, 8, UNIT_CATAPULT (3276804), UNITOPERATION_MOVE_TO (19)
045, Adding, 8, UNIT_SWORDSMAN (4653103), UNITOPERATION_MOVE_TO (19)
045, Adding, 8, UNIT_HORSEMAN (4587566), UNITOPERATION_MOVE_TO (19)
045, Adding, 8, UNIT_VIETNAMESE_VOI_CHIEN (5832707), UNITOPERATION_MOVE_TO (19)
045, Adding, 8, UNIT_HORSEMAN (3997710), UNITOPERATION_MOVE_TO (19)
045, Can't Start, 8, UNIT_HORSEMAN (3997710), UNITOPERATION_MOVE_TO (19)
045, Adding, 8, UNIT_HORSEMAN (2752528), UNITOPERATION_MOVE_TO (19)
045, Adding, 8, UNIT_VIETNAMESE_VOI_CHIEN (5111825), UNITOPERATION_MOVE_TO (19)
045, Adding, 8, UNIT_VIETNAMESE_VOI_CHIEN (5373972), UNITOPERATION_MOVE_TO (19)
045, Adding, 8, UNIT_VIETNAMESE_VOI_CHIEN (5767195), UNITOPERATION_MOVE_TO (19)
045, Adding, 8, UNIT_VIETNAMESE_VOI_CHIEN (5046300), UNITOPERATION_MOVE_TO (19)
045, Adding, 8, UNIT_VIETNAMESE_VOI_CHIEN (5570604), UNITOPERATION_MOVE_TO (19)
045, Adding, 8, UNIT_MAN_AT_ARMS (6291506), UNITOPERATION_MOVE_TO (19)
045, Adding, 8, UNIT_MAN_AT_ARMS (6160436), UNITOPERATION_MOVE_TO (19)
045, Can't Start, 8, UNIT_MAN_AT_ARMS (6160436), UNITOPERATION_MOVE_TO (19)
045, Adding, 8, UNIT_MAN_AT_ARMS (6225973), UNITOPERATION_MOVE_TO (19)
045, Adding, 8, UNIT_VIETNAMESE_VOI_CHIEN (7208961), UNITOPERATION_MOVE_TO (19)
045, Adding, 8, UNIT_VIETNAMESE_VOI_CHIEN (7143429), UNITOPERATION_MOVE_TO (19)
045, Adding, 8, UNIT_VIETNAMESE_VOI_CHIEN (6946823), UNITOPERATION_MOVE_TO (19)
045, Adding, 8, UNIT_VIETNAMESE_VOI_CHIEN (6357013), UNITOPERATION_MOVE_TO (19)
045, Adding, 8, UNIT_VIETNAMESE_VOI_CHIEN (6029335), UNITOPERATION_MOVE_TO (19)
045, Adding, 8, UNIT_VIETNAMESE_VOI_CHIEN (6881313), UNITOPERATION_MOVE_TO (19)
045, Adding, 8, UNIT_VIETNAMESE_VOI_CHIEN (7077922), UNITOPERATION_MOVE_TO (19)
045, Adding, 8, UNIT_VIETNAMESE_VOI_CHIEN (5308458), UNITOPERATION_MOVE_TO (19)
045, Adding, 8, UNIT_MISSIONARY (2555910), UNITOPERATION_MOVE_TO (19)
045, Adding, 8, UNIT_MISSIONARY (2555910), UNITOPERATION_SPREAD_RELIGION (38)
045, Adding, 8, UNIT_MISSIONARY (5177355), UNITOPERATION_MOVE_TO (19)
045, Adding, 8, UNIT_MISSIONARY (3866637), UNITOPERATION_MOVE_TO (19)
045, Adding, 8, UNIT_MISSIONARY (2621458), UNITOPERATION_MOVE_TO (19)
045, Adding, 8, UNIT_MISSIONARY (4259864), UNITOPERATION_MOVE_TO (19)
045, Adding, 8, UNIT_MISSIONARY (4849689), UNITOPERATION_MOVE_TO (19)
045, Adding, 8, UNIT_MISSIONARY (2883614), UNITOPERATION_SPREAD_RELIGION (38)
045, Adding, 8, UNIT_MISSIONARY (2949151), UNITOPERATION_MOVE_TO (19)
045, Adding, 8, UNIT_MISSIONARY (3407907), UNITOPERATION_SPREAD_RELIGION (38)
045, Adding, 8, UNIT_MISSIONARY (3670053), UNITOPERATION_MOVE_TO (19)
045, Adding, 8, UNIT_MISSIONARY (4063272), UNITOPERATION_MOVE_TO (19)
045, Adding, 8, UNIT_MISSIONARY (4784176), UNITOPERATION_MOVE_TO (19)
045, Adding, 8, UNIT_MISSIONARY (6488118), UNITOPERATION_SPREAD_RELIGION (38)
045, Adding, 8, UNIT_SKIRMISHER (4522029), UNITOPERATION_MOVE_TO (19)
045, Adding, 8, UNIT_SKIRMISHER (5505075), UNITOPERATION_MOVE_TO (19)
045, Adding, 8, UNIT_SKIRMISHER (4128809), UNITOPERATION_MOVE_TO (19)
045, Adding, 8, UNIT_SKIRMISHER (5505075), UNITOPERATION_MOVE_TO (19)
045, Adding, 8, UNIT_SKIRMISHER (4128809), UNITOPERATION_MOVE_TO (19)
045, Adding, 8, UNIT_SKIRMISHER (4128809), UNITOPERATION_MOVE_TO (19)
045, Adding, 8, UNIT_SKIRMISHER (5505075), UNITOPERATION_MOVE_TO (19)
045, Adding, 8, UNIT_BUILDER (5636139), UNITOPERATION_MOVE_TO (19)
045, Adding, 8, UNIT_SKIRMISHER (5242890), UNITOPERATION_MOVE_TO (19)
045, Adding, 8, UNIT_SKIRMISHER (6553655), UNITOPERATION_MOVE_TO (19)
045, Adding, 8, UNIT_SKIRMISHER (6750265), UNITOPERATION_MOVE_TO (19)
045, Adding, 8, UNIT_SKIRMISHER (7012410), UNITOPERATION_MOVE_TO (19)
045, Adding, 8, UNIT_BUILDER (6619144), UNITOPERATION_SKIP_TURN (36)
045, Adding, 8, UNIT_MISSIONARY (6094857), UNITOPERATION_SKIP_TURN (36)
045, Adding, 8, UNIT_SKIRMISHER (5242890), UNITOPERATION_SKIP_TURN (36)
045, Adding, 8, UNIT_BUILDER (5963808), UNITOPERATION_SKIP_TURN (36)
045, Adding, 8, UNIT_MISSIONARY (5701670), UNITOPERATION_SKIP_TURN (36)
045, Adding, 8, UNIT_SKIRMISHER (6553655), UNITOPERATION_SKIP_TURN (36)
045, Adding, 8, UNIT_MISSIONARY (6684728), UNITOPERATION_SKIP_TURN (36)
045, Adding, 8, UNIT_SKIRMISHER (6750265), UNITOPERATION_SKIP_TURN (36)
045, Adding, 8, UNIT_SKIRMISHER (7012410), UNITOPERATION_SKIP_TURN (36)
045, Can't Start, 8, UNIT_TRADER (1048588), UNITOPERATION_MAKE_TRADE_ROUTE (18)
045, Can't Start, 8, UNIT_SETTLER (6815780), UNITOPERATION_MOVE_TO (19)
045, Adding, 9, UNIT_CROSSBOWMAN (5242890), UNITOPERATION_MOVE_TO (19)
045, Can't Start, 9, UNIT_CROSSBOWMAN (5242890), UNITOPERATION_MOVE_TO (19)
045, Adding, 9, UNIT_MAN_AT_ARMS (7471105), UNITOPERATION_MOVE_TO (19)
045, Can't Start, 9, UNIT_MAN_AT_ARMS (7471105), UNITOPERATION_MOVE_TO (19)
045, Adding, 9, UNIT_SETTLER (8060962), UNITOPERATION_MOVE_TO (19)
045, Adding, 9, UNIT_CROSSBOWMAN (5242890), UNITOPERATION_MOVE_TO (19)
045, Adding, 9, UNIT_MAN_AT_ARMS (7471105), UNITOPERATION_MOVE_TO (19)
045, Adding, 9, UNIT_BUILDER (3538971), UNITOPERATION_SWAP_UNITS (49)
045, Can't Start, 9, UNIT_BUILDER (3538971), UNITOPERATION_SWAP_UNITS (49)
045, Adding, 9, UNIT_BUILDER (3538971), UNITOPERATION_MOVE_TO (19)
045, Adding, 9, UNIT_BUILDER (3538971), UNITOPERATION_REMOVE_FEATURE (28)
045, Adding, 9, UNIT_TREBUCHET (7995449), UNITOPERATION_SWAP_UNITS (49)
045, Can't Start, 9, UNIT_TREBUCHET (7995449), UNITOPERATION_SWAP_UNITS (49)
045, Adding, 9, UNIT_TREBUCHET (7995449), UNITOPERATION_MOVE_TO (19)
045, Adding, 9, UNIT_TREBUCHET (7536677), UNITOPERATION_RANGE_ATTACK (26)
045, Adding, 9, UNIT_TREBUCHET (7536677), UNITOPERATION_MOVE_TO (19)
045, Adding, 9, UNIT_MAN_AT_ARMS (7340071), UNITOPERATION_MOVE_TO (19)
045, Adding, 9, UNIT_SKIRMISHER (5636103), UNITOPERATION_FORTIFY (12)
045, Can't Start, 9, UNIT_SKIRMISHER (5636103), UNITOPERATION_FORTIFY (12)
045, Adding, 9, UNIT_MAN_AT_ARMS (6291505), UNITOPERATION_FORTIFY (12)
045, Adding, 9, UNIT_MAN_AT_ARMS (7143426), UNITOPERATION_MOVE_TO (19)
045, Adding, 9, UNIT_MAN_AT_ARMS (7077893), UNITOPERATION_MOVE_TO (19)
045, Adding, 9, UNIT_MAN_AT_ARMS (7405580), UNITOPERATION_MOVE_TO (19)
045, Adding, 9, UNIT_COURSER (8257551), UNITOPERATION_MOVE_TO (19)
045, Adding, 9, UNIT_MAN_AT_ARMS (7733265), UNITOPERATION_MOVE_TO (19)
045, Adding, 9, UNIT_MAN_AT_ARMS (7012370), UNITOPERATION_MOVE_TO (19)
045, Adding, 9, UNIT_MAN_AT_ARMS (8126492), UNITOPERATION_MOVE_TO (19)
045, Adding, 9, UNIT_MAN_AT_ARMS (6357042), UNITOPERATION_MOVE_TO (19)
045, Adding, 9, UNIT_MAN_AT_ARMS (6422579), UNITOPERATION_MOVE_TO (19)
045, Adding, 9, UNIT_MAN_AT_ARMS (6488116), UNITOPERATION_MOVE_TO (19)
045, Adding, 9, UNIT_MAN_AT_ARMS (6553653), UNITOPERATION_MOVE_TO (19)
045, Adding, 9, UNIT_MAN_AT_ARMS (7209015), UNITOPERATION_MOVE_TO (19)
045, Adding, 9, UNIT_CROSSBOWMAN (4587520), UNITOPERATION_MOVE_TO (19)
045, Adding, 9, UNIT_CROSSBOWMAN (7864328), UNITOPERATION_MOVE_TO (19)
045, Adding, 9, UNIT_CROSSBOWMAN (4521995), UNITOPERATION_MOVE_TO (19)
045, Adding, 9, UNIT_CROSSBOWMAN (6946840), UNITOPERATION_MOVE_TO (19)
045, Adding, 9, UNIT_CROSSBOWMAN (5701661), UNITOPERATION_MOVE_TO (19)
045, Adding, 9, UNIT_CROSSBOWMAN (4980767), UNITOPERATION_MOVE_TO (19)
045, Adding, 9, UNIT_MAN_AT_ARMS (8388641), UNITOPERATION_MOVE_TO (19)
045, Adding, 9, UNIT_MAN_AT_ARMS (7602212), UNITOPERATION_MOVE_TO (19)
045, Adding, 9, UNIT_CROSSBOWMAN (6750246), UNITOPERATION_MOVE_TO (19)
045, Adding, 9, UNIT_CROSSBOWMAN (4653096), UNITOPERATION_MOVE_TO (19)
045, Adding, 9, UNIT_CROSSBOWMAN (4718633), UNITOPERATION_MOVE_TO (19)
045, Adding, 9, UNIT_CROSSBOWMAN (5308459), UNITOPERATION_MOVE_TO (19)
045, Adding, 9, UNIT_CROSSBOWMAN (6094894), UNITOPERATION_MOVE_TO (19)
045, Adding, 9, UNIT_CROSSBOWMAN (6160431), UNITOPERATION_MOVE_TO (19)
045, Adding, 9, UNIT_MAN_AT_ARMS (6619190), UNITOPERATION_MOVE_TO (19)
045, Adding, 9, UNIT_MAN_AT_ARMS (7929912), UNITOPERATION_MOVE_TO (19)
045, Adding, 9, UNIT_TREBUCHET (8323130), UNITOPERATION_MOVE_TO (19)
045, Adding, 9, UNIT_MISSIONARY (4390915), UNITOPERATION_MOVE_TO (19)
045, Adding, 9, UNIT_MISSIONARY (5570574), UNITOPERATION_MOVE_TO (19)
045, Adding, 9, UNIT_MISSIONARY (7798800), UNITOPERATION_MOVE_TO (19)
045, Adding, 9, UNIT_MISSIONARY (8192019), UNITOPERATION_MOVE_TO (19)
045, Adding, 9, UNIT_MISSIONARY (5177365), UNITOPERATION_MOVE_TO (19)
045, Adding, 9, UNIT_MISSIONARY (5439513), UNITOPERATION_MOVE_TO (19)
045, Adding, 9, UNIT_MISSIONARY (5439513), UNITOPERATION_REMOVE_HERESY (29)
045, Can't Start, 9, UNIT_MISSIONARY (5439513), UNITOPERATION_REMOVE_HERESY (29)
045, Adding, 9, UNIT_MISSIONARY (6881306), UNITOPERATION_MOVE_TO (19)
045, Adding, 9, UNIT_MISSIONARY (6881306), UNITOPERATION_REMOVE_HERESY (29)
045, Can't Start, 9, UNIT_MISSIONARY (6881306), UNITOPERATION_REMOVE_HERESY (29)
045, Adding, 9, UNIT_MISSIONARY (4915232), UNITOPERATION_MOVE_TO (19)
045, Adding, 9, UNIT_MISSIONARY (7274538), UNITOPERATION_SPREAD_RELIGION (38)
045, Adding, 9, UNIT_MISSIONARY (5832748), UNITOPERATION_MOVE_TO (19)
045, Adding, 9, UNIT_MISSIONARY (6225968), UNITOPERATION_MOVE_TO (19)
045, Adding, 9, UNIT_BUILDER (5767191), UNITOPERATION_MOVE_TO (19)
045, Adding, 9, UNIT_BUILDER (5767191), UNITOPERATION_MOVE_TO (19)
045, Adding, 9, UNIT_SKIRMISHER (5046276), UNITOPERATION_MOVE_TO (19)
045, Adding, 9, UNIT_BUILDER (5767191), UNITOPERATION_MOVE_TO (19)
045, Adding, 9, UNIT_SKIRMISHER (5046276), UNITOPERATION_MOVE_TO (19)
045, Adding, 9, UNIT_SKIRMISHER (5046276), UNITOPERATION_MOVE_TO (19)
045, Adding, 9, UNIT_BUILDER (5767191), UNITOPERATION_MOVE_TO (19)
045, Adding, 9, UNIT_SKIRMISHER (5046276), UNITOPERATION_MOVE_TO (19)
045, Adding, 9, UNIT_SKIRMISHER (5111830), UNITOPERATION_MOVE_TO (19)
045, Adding, 9, UNIT_SKIRMISHER (5111830), UNITOPERATION_SKIP_TURN (36)
045, Adding, 9, UNIT_BUILDER (5963821), UNITOPERATION_SKIP_TURN (36)
045, Can't Start, 9, UNIT_MISSIONARY (5439513), UNITOPERATION_REMOVE_HERESY (29)
045, Adding, 10, UNIT_CROSSBOWMAN (983040), UNITOPERATION_MOVE_TO (19)
045, Adding, 10, UNIT_SWORDSMAN (786433), UNITOPERATION_MOVE_TO (19)
045, Adding, 10, UNIT_SWORDSMAN (917506), UNITOPERATION_MOVE_TO (19)
045, Adding, 10, UNIT_SWORDSMAN (851971), UNITOPERATION_MOVE_TO (19)
045, Adding, 10, UNIT_SWORDSMAN (720902), UNITOPERATION_MOVE_TO (19)
045, Adding, 10, UNIT_SWORDSMAN (1114120), UNITOPERATION_MOVE_TO (19)
045, Adding, 10, UNIT_BUILDER (1048583), UNITOPERATION_SKIP_TURN (36)
045, Adding, 12, UNIT_CROSSBOWMAN (720898), UNITOPERATION_FORTIFY (12)
045, Adding, 12, UNIT_SWORDSMAN (458752), UNITOPERATION_MOVE_TO (19)
045, Adding, 12, UNIT_SWORDSMAN (655361), UNITOPERATION_MOVE_TO (19)
045, Adding, 12, UNIT_CROSSBOWMAN (786435), UNITOPERATION_MOVE_TO (19)
045, Adding, 12, UNIT_SWORDSMAN (589829), UNITOPERATION_MOVE_TO (19)
045, Adding, 12, UNIT_BUILDER (524292), UNITOPERATION_SKIP_TURN (36)
045, Adding, 13, UNIT_SWORDSMAN (655361), UNITOPERATION_MOVE_TO (19)
045, Adding, 13, UNIT_CATAPULT (720898), UNITOPERATION_MOVE_TO (19)
045, Adding, 13, UNIT_HEAVY_CHARIOT (524292), UNITOPERATION_MOVE_TO (19)
045, Adding, 13, UNIT_SWORDSMAN (589829), UNITOPERATION_MOVE_TO (19)
045, Adding, 13, UNIT_BUILDER (786432), UNITOPERATION_SKIP_TURN (36)
045, Adding, 14, UNIT_CATAPULT (458755), UNITOPERATION_SWAP_UNITS (49)
045, Adding, 14, UNIT_SWORDSMAN (589829), UNITOPERATION_SWAP_UNITS (49)
045, Can't Start, 14, UNIT_SWORDSMAN (589829), UNITOPERATION_SWAP_UNITS (49)
045, Adding, 14, UNIT_SWORDSMAN (589829), UNITOPERATION_MOVE_TO (19)
045, Adding, 14, UNIT_CATAPULT (524292), UNITOPERATION_SWAP_UNITS (49)
045, Can't Start, 14, UNIT_CATAPULT (524292), UNITOPERATION_SWAP_UNITS (49)
045, Adding, 14, UNIT_CATAPULT (524292), UNITOPERATION_MOVE_TO (19)
045, Adding, 14, UNIT_SWORDSMAN (655362), UNITOPERATION_SWAP_UNITS (49)
045, Can't Start, 14, UNIT_SWORDSMAN (655362), UNITOPERATION_SWAP_UNITS (49)
045, Adding, 14, UNIT_SWORDSMAN (655362), UNITOPERATION_MOVE_TO (19)
045, Adding, 14, UNIT_SWORDSMAN (589829), UNITOPERATION_MOVE_TO (19)
045, Adding, 14, UNIT_BUILDER (720896), UNITOPERATION_MOVE_TO (19)
045, Adding, 15, UNIT_SWORDSMAN (983041), UNITOPERATION_MOVE_TO (19)
045, Adding, 15, UNIT_HORSEMAN (720902), UNITOPERATION_MOVE_TO (19)
045, Adding, 15, UNIT_SWORDSMAN (786439), UNITOPERATION_MOVE_TO (19)
045, Adding, 15, UNIT_SWORDSMAN (851976), UNITOPERATION_MOVE_TO (19)
045, Adding, 15, UNIT_SWORDSMAN (1048585), UNITOPERATION_MOVE_TO (19)
045, Adding, 15, UNIT_SWORDSMAN (1114122), UNITOPERATION_MOVE_TO (19)
045, Adding, 15, UNIT_BUILDER (917507), UNITOPERATION_SKIP_TURN (36)
045, Adding, 16, UNIT_CROSSBOWMAN (1310725), UNITOPERATION_RANGE_ATTACK (26)
045, Can't Start, 16, UNIT_CROSSBOWMAN (1310725), UNITOPERATION_RANGE_ATTACK (26)
045, Adding, 16, UNIT_CROSSBOWMAN (1310725), UNITOPERATION_MOVE_TO (19)
045, Adding, 16, UNIT_CROSSBOWMAN (1376266), UNITOPERATION_MOVE_TO (19)
045, Adding, 16, UNIT_BUILDER (1179649), UNITOPERATION_SKIP_TURN (36)
045, Adding, 17, UNIT_BUILDER (720902), UNITOPERATION_SWAP_UNITS (49)
045, Can't Start, 17, UNIT_BUILDER (720902), UNITOPERATION_SWAP_UNITS (49)
045, Adding, 17, UNIT_BUILDER (720902), UNITOPERATION_MOVE_TO (19)
045, Adding, 17, UNIT_SWORDSMAN (1048577), UNITOPERATION_MOVE_TO (19)
045, Adding, 17, UNIT_SWORDSMAN (851971), UNITOPERATION_MOVE_TO (19)
045, Adding, 17, UNIT_SWORDSMAN (983045), UNITOPERATION_MOVE_TO (19)
045, Adding, 17, UNIT_SWORDSMAN (786439), UNITOPERATION_MOVE_TO (19)
045, Adding, 17, UNIT_SWORDSMAN (917512), UNITOPERATION_MOVE_TO (19)
045, Adding, 20, UNIT_BUILDER (917509), UNITOPERATION_BUILD_IMPROVEMENT (2)
045, Adding, 20, UNIT_SWORDSMAN (720896), UNITOPERATION_MOVE_TO (19)
045, Adding, 20, UNIT_CROSSBOWMAN (983041), UNITOPERATION_MOVE_TO (19)
045, Adding, 20, UNIT_CROSSBOWMAN (851970), UNITOPERATION_MOVE_TO (19)
045, Adding, 20, UNIT_HEAVY_CHARIOT (458756), UNITOPERATION_MOVE_TO (19)
045, Adding, 20, UNIT_SWORDSMAN (786439), UNITOPERATION_MOVE_TO (19)
045, Adding, 20, UNIT_BUILDER (917509), UNITOPERATION_SKIP_TURN (36)
045, Adding, 21, UNIT_HEAVY_CHARIOT (524288), UNITOPERATION_MOVE_TO (19)
045, Adding, 21, UNIT_CROSSBOWMAN (851970), UNITOPERATION_MOVE_TO (19)
045, Adding, 21, UNIT_SWORDSMAN (1179651), UNITOPERATION_MOVE_TO (19)
045, Adding, 21, UNIT_SWORDSMAN (983045), UNITOPERATION_MOVE_TO (19)
045, Adding, 21, UNIT_CROSSBOWMAN (1114118), UNITOPERATION_MOVE_TO (19)
045, Adding, 21, UNIT_CATAPULT (720903), UNITOPERATION_MOVE_TO (19)
045, Adding, 21, UNIT_SWORDSMAN (786440), UNITOPERATION_MOVE_TO (19)
045, Adding, 21, UNIT_SWORDSMAN (917513), UNITOPERATION_MOVE_TO (19)
045, Adding, 1, UNIT_BUILDER (1376267), UNITOPERATION_MOVE_TO (19)
045, Adding, 1, UNIT_BUILDER (1376267), UNITOPERATION_BUILD_IMPROVEMENT (2)
045, Adding, 1, UNIT_BUILDER (1638413), UNITOPERATION_MOVE_TO (19)
045, Adding, 2, UNIT_INDIAN_VARU (1507331), UNITOPERATION_MOVE_TO (19)
045, Adding, 1, UNIT_BUILDER (1638413), UNITOPERATION_MOVE_TO (19)
045, Adding, 2, UNIT_BUILDER (1703947), UNITOPERATION_MOVE_TO (19)
045, Adding, 4, UNIT_SCOUT (393220), UNITOPERATION_MOVE_TO (19)
045, Adding, 2, UNIT_BUILDER (1703947), UNITOPERATION_BUILD_IMPROVEMENT (2)
045, Adding, 1, UNIT_SETTLER (2162700), UNITOPERATION_MOVE_TO (19)
045, Adding, 3, UNIT_BUILDER (2097159), UNITOPERATION_MOVE_TO (19)
045, Adding, 1, UNIT_SETTLER (2097171), UNITOPERATION_MOVE_TO (19)
045, Adding, 3, UNIT_BUILDER (2097159), UNITOPERATION_BUILD_IMPROVEMENT (2)
045, Adding, 1, UNIT_SETTLER (2097171), UNITOPERATION_MOVE_TO (19)
045, Adding, 4, UNIT_CROSSBOWMAN (3604485), UNITOPERATION_MOVE_TO (19)
045, Adding, 2, UNIT_KNIGHT (1638407), UNITOPERATION_MOVE_TO (19)
045, Adding, 4, UNIT_CROSSBOWMAN (3604485), UNITOPERATION_MOVE_TO (19)
045, Adding, 4, UNIT_GREAT_GENERAL (3276801), UNITOPERATION_MOVE_TO (19)
045, Adding, 2, UNIT_BUILDER (1835018), UNITOPERATION_MOVE_TO (19)
045, Adding, 1, UNIT_TRADER (851976), UNITOPERATION_MAKE_TRADE_ROUTE (18)
045, Adding, 2, UNIT_BUILDER (1835018), UNITOPERATION_BUILD_IMPROVEMENT (2)
045, Adding, 3, UNIT_BUILDER (2031625), UNITOPERATION_MOVE_TO (19)
045, Adding, 4, UNIT_CROSSBOWMAN (3801100), UNITOPERATION_MOVE_TO (19)
045, Adding, 3, UNIT_BUILDER (1769485), UNITOPERATION_MOVE_TO (19)
045, Adding, 4, UNIT_CROSSBOWMAN (3604485), UNITOPERATION_RANGE_ATTACK (26)
045, Adding, 4, UNIT_CROSSBOWMAN (3801100), UNITOPERATION_RANGE_ATTACK (26)
045, Adding, 3, UNIT_BUILDER (1769485), UNITOPERATION_HARVEST_RESOURCE (16)
045, Adding, 4, UNIT_CROSSBOWMAN (3538954), UNITOPERATION_MOVE_TO (19)
045, Adding, 1, UNIT_BUILDER (1900561), UNITOPERATION_BUILD_IMPROVEMENT (2)
045, Adding, 4, UNIT_CROSSBOWMAN (3538954), UNITOPERATION_RANGE_ATTACK (26)
045, Adding, 0, UNIT_SETTLER (2097166), UNITOPERATION_MOVE_TO (19)
045, Adding, 1, UNIT_BUILDER (1966098), UNITOPERATION_REMOVE_FEATURE (28)
045, Adding, 4, UNIT_GREAT_GENERAL (1638416), UNITOPERATION_MOVE_TO (19)
045, Adding, 1, UNIT_SETTLER (2228234), UNITOPERATION_MOVE_TO (19)
045, Adding, 2, UNIT_BUILDER (1441800), UNITOPERATION_BUILD_IMPROVEMENT (2)
045, Adding, 4, UNIT_GREAT_GENERAL (1638416), UNITOPERATION_SKIP_TURN (36)
045, Adding, 3, UNIT_BUILDER (1835023), UNITOPERATION_BUILD_IMPROVEMENT (2)
045, Adding, 4, UNIT_CROSSBOWMAN (3473421), UNITOPERATION_MOVE_TO (19)
045, Adding, 1, UNIT_BUILDER (2031625), UNITOPERATION_MOVE_TO (19)
045, Adding, 3, UNIT_SETTLER (1703942), UNITOPERATION_FOUND_CITY (14)
045, Adding, 4, UNIT_CROSSBOWMAN (3473421), UNITOPERATION_MOVE_TO (19)
045, Adding, 4, UNIT_CROSSBOWMAN (3407886), UNITOPERATION_MOVE_TO (19)
045, Adding, 1, UNIT_BUILDER (1769487), UNITOPERATION_BUILD_IMPROVEMENT (2)
045, Adding, 4, UNIT_GREAT_GENERAL (3276801), UNITOPERATION_MOVE_TO (19)
045, Adding, 4, UNIT_GREAT_GENERAL (3276801), UNITOPERATION_SKIP_TURN (36)
045, Adding, 4, UNIT_SCOUT (393220), UNITOPERATION_MOVE_TO (19)
045, Adding, 4, UNIT_BUILDER (3014675), UNITOPERATION_BUILD_IMPROVEMENT (2)
045, Adding, 0, UNIT_BUILDER (1900545), UNITOPERATION_BUILD_IMPROVEMENT (2)
045, Adding, 1, UNIT_BUILDER (1114119), UNITOPERATION_BUILD_IMPROVEMENT (2)
045, Adding, 0, UNIT_BUILDER (1900545), UNITOPERATION_MOVE_TO (19)
045, Adding, 0, UNIT_BUILDER (1638413), UNITOPERATION_MOVE_TO (19)
045, Adding, 4, UNIT_BUILDER (3866631), UNITOPERATION_MOVE_TO (19)
045, Adding, 4, UNIT_BUILDER (3866631), UNITOPERATION_BUILD_IMPROVEMENT (2)
045, Adding, 1, UNIT_BUILDER (1835024), UNITOPERATION_MOVE_TO (19)
045, Adding, 0, UNIT_EGYPTIAN_CHARIOT_ARCHER (917512), UNITOPERATION_RANGE_ATTACK (26)
045, Adding, 1, UNIT_BABYLONIAN_SABUM_KIBITTUM (196608), UNITOPERATION_MOVE_TO (19)
045, Adding, 1, UNIT_BABYLONIAN_SABUM_KIBITTUM (196608), UNITOPERATION_MOVE_TO (19)
045, Adding, 1, UNIT_SCOUT (458756), UNITOPERATION_MOVE_TO (19)
045, Adding, 0, UNIT_SETTLER (2097166), UNITOPERATION_MOVE_TO (19)
045, Adding, 4, UNIT_TRADER (3997713), UNITOPERATION_MAKE_TRADE_ROUTE (18)
045, Adding, 4, UNIT_TRADER (917513), UNITOPERATION_MAKE_TRADE_ROUTE (18)
045, Adding, 4, UNIT_TRADER (3932181), UNITOPERATION_MAKE_TRADE_ROUTE (18)
045, Adding, 0, UNIT_GREAT_MERCHANT (2162705), UNITOPERATION_MOVE_TO (19)
045, Adding, 3, UNIT_GREAT_MERCHANT (2162699), UNITOPERATION_MOVE_TO (19)
045, Adding, 0, UNIT_BUILDER (1507340), UNITOPERATION_MOVE_TO (19)
045, Adding, 0, UNIT_BUILDER (1507340), UNITOPERATION_BUILD_IMPROVEMENT (2)
045, Adding, 4, UNIT_BUILDER (3145731), UNITOPERATION_REMOVE_FEATURE (28)
045, Adding, 0, UNIT_BUILDER (1900545), UNITOPERATION_MOVE_TO (19)
045, Adding, 4, UNIT_BUILDER (2883606), UNITOPERATION_MOVE_TO (19)
045, Adding, 0, UNIT_EGYPTIAN_CHARIOT_ARCHER (1572871), UNITOPERATION_FORTIFY (12)
045, Adding, 0, UNIT_VAMPIRE (262146), UNITOPERATION_FORTIFY (12)
045, Adding, 0, UNIT_VAMPIRE (262146), UNITOPERATION_MOVE_TO (19)
045, Adding, 4, UNIT_BUILDER (3211266), UNITOPERATION_MOVE_TO (19)
045, Adding, 4, UNIT_BUILDER (3080212), UNITOPERATION_MOVE_TO (19)
045, Adding, 0, UNIT_BUILDER (2031632), UNITOPERATION_MOVE_TO (19)
045, Adding, 0, UNIT_BUILDER (2031632), UNITOPERATION_BUILD_IMPROVEMENT (2)
045, Adding, 4, UNIT_BUILDER (3670034), UNITOPERATION_BUILD_IMPROVEMENT (2)
045, Adding, 4, UNIT_BUILDER (3735567), UNITOPERATION_MOVE_TO (19)
046, Adding, 5, UNIT_MAN_AT_ARMS (4587561), UNITOPERATION_MOVE_TO (19)
046, Adding, 5, UNIT_CROSSBOWMAN (3342365), UNITOPERATION_MOVE_TO (19)
046, Adding, 5, UNIT_SETTLER (3997731), UNITOPERATION_MOVE_TO (19)
046, Adding, 5, UNIT_SCOUT (262147), UNITOPERATION_SWAP_UNITS (49)
046, Can't Start, 5, UNIT_SCOUT (262147), UNITOPERATION_SWAP_UNITS (49)
046, Adding, 5, UNIT_SCOUT (262147), UNITOPERATION_MOVE_TO (19)
046, Adding, 5, UNIT_MACEDONIAN_HETAIROI (3014660), UNITOPERATION_SWAP_UNITS (49)
046, Can't Start, 5, UNIT_MACEDONIAN_HETAIROI (3014660), UNITOPERATION_SWAP_UNITS (49)
046, Adding, 5, UNIT_MACEDONIAN_HETAIROI (3014660), UNITOPERATION_MOVE_TO (19)
046, Adding, 5, UNIT_MACEDONIAN_HETAIROI (2097163), UNITOPERATION_SWAP_UNITS (49)
046, Can't Start, 5, UNIT_MACEDONIAN_HETAIROI (2097163), UNITOPERATION_SWAP_UNITS (49)
046, Adding, 5, UNIT_MACEDONIAN_HETAIROI (2097163), UNITOPERATION_MOVE_TO (19)
046, Adding, 5, UNIT_MACEDONIAN_HETAIROI (2555916), UNITOPERATION_SWAP_UNITS (49)
046, Can't Start, 5, UNIT_MACEDONIAN_HETAIROI (2555916), UNITOPERATION_SWAP_UNITS (49)
046, Adding, 5, UNIT_MACEDONIAN_HETAIROI (2555916), UNITOPERATION_MOVE_TO (19)
046, Adding, 5, UNIT_MACEDONIAN_HETAIROI (2228249), UNITOPERATION_SWAP_UNITS (49)
046, Can't Start, 5, UNIT_MACEDONIAN_HETAIROI (2228249), UNITOPERATION_SWAP_UNITS (49)
046, Adding, 5, UNIT_MACEDONIAN_HETAIROI (2228249), UNITOPERATION_MOVE_TO (19)
046, Adding, 5, UNIT_GREAT_SCIENTIST (3932176), UNITOPERATION_MOVE_TO (19)
046, Can't Start, 5, UNIT_GREAT_SCIENTIST (3932176), UNITOPERATION_MOVE_TO (19)
046, Adding, 5, UNIT_CROSSBOWMAN (4849685), UNITOPERATION_SWAP_UNITS (49)
046, Can't Start, 5, UNIT_CROSSBOWMAN (4849685), UNITOPERATION_SWAP_UNITS (49)
046, Adding, 5, UNIT_CROSSBOWMAN (4849685), UNITOPERATION_MOVE_TO (19)
046, Adding, 5, UNIT_SKIRMISHER (3145759), UNITOPERATION_MOVE_TO (19)
046, Adding, 5, UNIT_MACEDONIAN_HETAIROI (2293786), UNITOPERATION_MOVE_TO (19)
046, Adding, 5, UNIT_CROSSBOWMAN (3604482), UNITOPERATION_MOVE_TO (19)
046, Adding, 5, UNIT_MAN_AT_ARMS (4521989), UNITOPERATION_MOVE_TO (19)
046, Adding, 5, UNIT_VAMPIRE (655367), UNITOPERATION_MOVE_TO (19)
046, Adding, 5, UNIT_MACEDONIAN_HETAIROI (2031624), UNITOPERATION_MOVE_TO (19)
046, Adding, 5, UNIT_MAN_AT_ARMS (4194314), UNITOPERATION_MOVE_TO (19)
046, Adding, 5, UNIT_MAN_AT_ARMS (4456463), UNITOPERATION_MOVE_TO (19)
046, Adding, 5, UNIT_MACEDONIAN_HETAIROI (1900567), UNITOPERATION_MOVE_TO (19)
046, Adding, 5, UNIT_MACEDONIAN_HETAIROI (1966104), UNITOPERATION_MOVE_TO (19)
046, Adding, 5, UNIT_KNIGHT (4784155), UNITOPERATION_MOVE_TO (19)
046, Can't Start, 5, UNIT_KNIGHT (4784155), UNITOPERATION_MOVE_TO (19)
046, Adding, 5, UNIT_MAN_AT_ARMS (4128805), UNITOPERATION_MOVE_TO (19)
046, Adding, 5, UNIT_MAN_AT_ARMS (4325415), UNITOPERATION_MOVE_TO (19)
046, Adding, 5, UNIT_MAN_AT_ARMS (4390952), UNITOPERATION_MOVE_TO (19)
046, Adding, 5, UNIT_MAN_AT_ARMS (4718635), UNITOPERATION_MOVE_TO (19)
046, Adding, 5, UNIT_CROSSBOWMAN (3801101), UNITOPERATION_MOVE_TO (19)
046, Adding, 5, UNIT_CROSSBOWMAN (3735585), UNITOPERATION_MOVE_TO (19)
046, Adding, 5, UNIT_CROSSBOWMAN (4063268), UNITOPERATION_MOVE_TO (19)
046, Adding, 5, UNIT_MISSIONARY (2621441), UNITOPERATION_MOVE_TO (19)
046, Adding, 5, UNIT_MISSIONARY (3276806), UNITOPERATION_MOVE_TO (19)
046, Adding, 5, UNIT_MISSIONARY (2359305), UNITOPERATION_MOVE_TO (19)
046, Adding, 5, UNIT_MISSIONARY (2424850), UNITOPERATION_MOVE_TO (19)
046, Adding, 5, UNIT_MISSIONARY (3670035), UNITOPERATION_MOVE_TO (19)
046, Adding, 5, UNIT_MISSIONARY (3080222), UNITOPERATION_MOVE_TO (19)
046, Adding, 5, UNIT_MISSIONARY (4259878), UNITOPERATION_MOVE_TO (19)
046, Adding, 5, UNIT_MISSIONARY (4653098), UNITOPERATION_MOVE_TO (19)
046, Adding, 5, UNIT_BUILDER (1835030), UNITOPERATION_MOVE_TO (19)
046, Adding, 5, UNIT_BUILDER (1835030), UNITOPERATION_MOVE_TO (19)
046, Adding, 5, UNIT_BUILDER (1835030), UNITOPERATION_MOVE_TO (19)
046, Adding, 5, UNIT_BUILDER (1835030), UNITOPERATION_MOVE_TO (19)
046, Adding, 5, UNIT_BUILDER (1835030), UNITOPERATION_MOVE_TO (19)
046, Adding, 5, UNIT_BUILDER (1835030), UNITOPERATION_MOVE_TO (19)
046, Adding, 5, UNIT_BUILDER (1835030), UNITOPERATION_MOVE_TO (19)
046, Adding, 5, UNIT_SKIRMISHER (3211278), UNITOPERATION_MOVE_TO (19)
046, Adding, 5, UNIT_SKIRMISHER (3407892), UNITOPERATION_MOVE_TO (19)
046, Adding, 5, UNIT_SKIRMISHER (3407892), UNITOPERATION_SKIP_TURN (36)
046, Adding, 5, UNIT_BUILDER (2752540), UNITOPERATION_SKIP_TURN (36)
046, Adding, 5, UNIT_BUILDER (3473440), UNITOPERATION_SKIP_TURN (36)
046, Adding, 6, UNIT_TRADER (917514), UNITOPERATION_MAKE_TRADE_ROUTE (18)
046, Adding, 6, UNIT_SWORDSMAN (4128779), UNITOPERATION_MOVE_TO (19)
046, Adding, 6, UNIT_SETTLER (6029360), UNITOPERATION_MOVE_TO (19)
046, Adding, 6, UNIT_SWORDSMAN (4128779), UNITOPERATION_MOVE_TO (19)
046, Adding, 6, UNIT_SCOUT (262147), UNITOPERATION_SWAP_UNITS (49)
046, Can't Start, 6, UNIT_SCOUT (262147), UNITOPERATION_SWAP_UNITS (49)
046, Adding, 6, UNIT_SCOUT (262147), UNITOPERATION_MOVE_TO (19)
046, Adding, 6, UNIT_GREAT_MERCHANT (5963823), UNITOPERATION_SWAP_UNITS (49)
046, Can't Start, 6, UNIT_GREAT_MERCHANT (5963823), UNITOPERATION_SWAP_UNITS (49)
046, Adding, 6, UNIT_GREAT_MERCHANT (5963823), UNITOPERATION_MOVE_TO (19)
046, Adding, 6, UNIT_BUILDER (5767192), UNITOPERATION_SWAP_UNITS (49)
046, Can't Start, 6, UNIT_BUILDER (5767192), UNITOPERATION_SWAP_UNITS (49)
046, Adding, 6, UNIT_BUILDER (5767192), UNITOPERATION_MOVE_TO (19)
046, Adding, 6, UNIT_BUILDER (4980737), UNITOPERATION_SWAP_UNITS (49)
046, Can't Start, 6, UNIT_BUILDER (4980737), UNITOPERATION_SWAP_UNITS (49)
046, Adding, 6, UNIT_BUILDER (4980737), UNITOPERATION_MOVE_TO (19)
046, Adding, 6, UNIT_BUILDER (4980737), UNITOPERATION_BUILD_IMPROVEMENT (2)
046, Adding, 6, UNIT_BUILDER (4259874), UNITOPERATION_SWAP_UNITS (49)
046, Can't Start, 6, UNIT_BUILDER (4259874), UNITOPERATION_SWAP_UNITS (49)
046, Adding, 6, UNIT_BUILDER (4259874), UNITOPERATION_MOVE_TO (19)
046, Adding, 6, UNIT_BUILDER (6094897), UNITOPERATION_SWAP_UNITS (49)
046, Can't Start, 6, UNIT_BUILDER (6094897), UNITOPERATION_SWAP_UNITS (49)
046, Adding, 6, UNIT_BUILDER (6094897), UNITOPERATION_MOVE_TO (19)
046, Adding, 6, UNIT_SKIRMISHER (3473440), UNITOPERATION_MOVE_TO (19)
046, Adding, 6, UNIT_SKIRMISHER (4063245), UNITOPERATION_SWAP_UNITS (49)
046, Can't Start, 6, UNIT_SKIRMISHER (4063245), UNITOPERATION_SWAP_UNITS (49)
046, Adding, 6, UNIT_SKIRMISHER (4063245), UNITOPERATION_MOVE_TO (19)
046, Adding, 6, UNIT_CATAPULT (2621457), UNITOPERATION_FORTIFY (12)
046, Can't Start, 6, UNIT_CATAPULT (2621457), UNITOPERATION_FORTIFY (12)
046, Adding, 6, UNIT_SWORDSMAN (2752542), UNITOPERATION_FORTIFY (12)
046, Can't Start, 6, UNIT_SWORDSMAN (2752542), UNITOPERATION_FORTIFY (12)
046, Adding, 6, UNIT_CROSSBOWMAN (5832704), UNITOPERATION_MOVE_TO (19)
046, Adding, 6, UNIT_SWORDSMAN (4456450), UNITOPERATION_MOVE_TO (19)
046, Adding, 6, UNIT_SWORDSMAN (2818054), UNITOPERATION_MOVE_TO (19)
046, Can't Start, 6, UNIT_SWORDSMAN (2818054), UNITOPERATION_MOVE_TO (19)
046, Adding, 6, UNIT_SWORDSMAN (2686985), UNITOPERATION_MOVE_TO (19)
046, Can't Start, 6, UNIT_SWORDSMAN (2686985), UNITOPERATION_MOVE_TO (19)
046, Adding, 6, UNIT_SWORDSMAN (4587534), UNITOPERATION_MOVE_TO (19)
046, Adding, 6, UNIT_CROSSBOWMAN (5505040), UNITOPERATION_MOVE_TO (19)
046, Adding, 6, UNIT_SWORDSMAN (4718610), UNITOPERATION_MOVE_TO (19)
046, Can't Start, 6, UNIT_SWORDSMAN (4718610), UNITOPERATION_MOVE_TO (19)
046, Adding, 6, UNIT_CROSSBOWMAN (4915220), UNITOPERATION_MOVE_TO (19)
046, Adding, 6, UNIT_CROSSBOWMAN (4784149), UNITOPERATION_MOVE_TO (19)
046, Adding, 6, UNIT_HEAVY_CHARIOT (2359322), UNITOPERATION_MOVE_TO (19)
046, Adding, 6, UNIT_SWORDSMAN (3145761), UNITOPERATION_MOVE_TO (19)
046, Adding, 6, UNIT_CROSSBOWMAN (5177382), UNITOPERATION_MOVE_TO (19)
046, Adding, 6, UNIT_SWORDSMAN (3866664), UNITOPERATION_MOVE_TO (19)
046, Adding, 6, UNIT_SWORDSMAN (3932201), UNITOPERATION_MOVE_TO (19)
046, Adding, 6, UNIT_SWORDSMAN (5373996), UNITOPERATION_MOVE_TO (19)
046, Can't Start, 6, UNIT_SWORDSMAN (5373996), UNITOPERATION_MOVE_TO (19)
046, Adding, 6, UNIT_CROSSBOWMAN (5636142), UNITOPERATION_MOVE_TO (19)
046, Adding, 6, UNIT_CATAPULT (2490396), UNITOPERATION_MOVE_TO (19)
046, Adding, 6, UNIT_APOSTLE (5308435), UNITOPERATION_SWAP_UNITS (49)
046, Can't Start, 6, UNIT_APOSTLE (5308435), UNITOPERATION_SWAP_UNITS (49)
046, Adding, 6, UNIT_APOSTLE (5308435), UNITOPERATION_MOVE_TO (19)
046, Adding, 6, UNIT_APOSTLE (5111851), UNITOPERATION_MOVE_TO (19)
046, Adding, 6, UNIT_APOSTLE (5111851), UNITOPERATION_MOVE_TO (19)
046, Can't Start, 6, UNIT_APOSTLE (5111851), UNITOPERATION_MOVE_TO (19)
046, Adding, 6, UNIT_APOSTLE (5570605), UNITOPERATION_MOVE_TO (19)
046, Adding, 6, UNIT_MISSIONARY (3735557), UNITOPERATION_SPREAD_RELIGION (38)
046, Adding, 6, UNIT_MISSIONARY (2031623), UNITOPERATION_SPREAD_RELIGION (38)
046, Adding, 6, UNIT_TAOIST (786440), UNITOPERATION_MOVE_TO (19)
046, Adding, 6, UNIT_MISSIONARY (1900556), UNITOPERATION_SPREAD_RELIGION (38)
046, Adding, 6, UNIT_APOSTLE (5308435), UNITOPERATION_MOVE_TO (19)
046, Adding, 6, UNIT_MISSIONARY (2162711), UNITOPERATION_MOVE_TO (19)
046, Adding, 6, UNIT_MISSIONARY (2293785), UNITOPERATION_MOVE_TO (19)
046, Adding, 6, UNIT_MISSIONARY (2424859), UNITOPERATION_MOVE_TO (19)
046, Adding, 6, UNIT_MISSIONARY (2555933), UNITOPERATION_MOVE_TO (19)
046, Adding, 6, UNIT_MISSIONARY (2883615), UNITOPERATION_MOVE_TO (19)
046, Adding, 6, UNIT_MISSIONARY (2883615), UNITOPERATION_SPREAD_RELIGION (38)
046, Adding, 6, UNIT_APOSTLE (5701667), UNITOPERATION_MOVE_TO (19)
046, Adding, 6, UNIT_MISSIONARY (3342372), UNITOPERATION_SPREAD_RELIGION (38)
046, Adding, 6, UNIT_SKIRMISHER (3407909), UNITOPERATION_MOVE_TO (19)
046, Adding, 6, UNIT_SKIRMISHER (3407909), UNITOPERATION_MOVE_TO (19)
046, Adding, 6, UNIT_SKIRMISHER (3407909), UNITOPERATION_MOVE_TO (19)
046, Adding, 6, UNIT_SKIRMISHER (3407909), UNITOPERATION_MOVE_TO (19)
046, Adding, 6, UNIT_SKIRMISHER (3407909), UNITOPERATION_MOVE_TO (19)
046, Adding, 6, UNIT_SKIRMISHER (3407909), UNITOPERATION_MOVE_TO (19)
046, Adding, 6, UNIT_SKIRMISHER (3407909), UNITOPERATION_MOVE_TO (19)
046, Adding, 6, UNIT_SKIRMISHER (4194308), UNITOPERATION_MOVE_TO (19)
046, Adding, 6, UNIT_SKIRMISHER (4390927), UNITOPERATION_MOVE_TO (19)
046, Adding, 6, UNIT_SKIRMISHER (3801127), UNITOPERATION_MOVE_TO (19)
046, Adding, 6, UNIT_SKIRMISHER (3997738), UNITOPERATION_MOVE_TO (19)
046, Adding, 6, UNIT_SKIRMISHER (4194308), UNITOPERATION_SKIP_TURN (36)
046, Adding, 6, UNIT_SKIRMISHER (4390927), UNITOPERATION_SKIP_TURN (36)
046, Adding, 6, UNIT_SKIRMISHER (3801127), UNITOPERATION_SKIP_TURN (36)
046, Adding, 6, UNIT_SKIRMISHER (3997738), UNITOPERATION_SKIP_TURN (36)
046, Adding, 6, UNIT_BUILDER (6160434), UNITOPERATION_SKIP_TURN (36)
046, Can't Start, 6, UNIT_APOSTLE (5111851), UNITOPERATION_MOVE_TO (19)
046, Adding, 7, UNIT_MAN_AT_ARMS (5636122), UNITOPERATION_MOVE_TO (19)
046, Can't Start, 7, UNIT_MAN_AT_ARMS (5636122), UNITOPERATION_MOVE_TO (19)
046, Adding, 7, UNIT_SKIRMISHER (3407907), UNITOPERATION_SWAP_UNITS (49)
046, Can't Start, 7, UNIT_SKIRMISHER (3407907), UNITOPERATION_SWAP_UNITS (49)
046, Adding, 7, UNIT_SKIRMISHER (3670036), UNITOPERATION_SWAP_UNITS (49)
046, Can't Start, 7, UNIT_SKIRMISHER (3670036), UNITOPERATION_SWAP_UNITS (49)
046, Adding, 7, UNIT_SKIRMISHER (3670036), UNITOPERATION_MOVE_TO (19)
046, Adding, 7, UNIT_SWORDSMAN (3801104), UNITOPERATION_SWAP_UNITS (49)
046, Can't Start, 7, UNIT_SWORDSMAN (3801104), UNITOPERATION_SWAP_UNITS (49)
046, Adding, 7, UNIT_SWORDSMAN (3801104), UNITOPERATION_MOVE_TO (19)
046, Adding, 7, UNIT_SKIRMISHER (3932181), UNITOPERATION_MOVE_TO (19)
046, Adding, 7, UNIT_SKIRMISHER (3932181), UNITOPERATION_MOVE_TO (19)
046, Adding, 7, UNIT_CATAPULT (4456488), UNITOPERATION_SWAP_UNITS (49)
046, Can't Start, 7, UNIT_CATAPULT (4456488), UNITOPERATION_SWAP_UNITS (49)
046, Adding, 7, UNIT_CATAPULT (4456488), UNITOPERATION_MOVE_TO (19)
046, Adding, 7, UNIT_WARRIOR (1900568), UNITOPERATION_MOVE_TO (19)
046, Adding, 7, UNIT_SKIRMISHER (3932181), UNITOPERATION_MOVE_TO (19)
046, Adding, 7, UNIT_SWORDSMAN (3473444), UNITOPERATION_MOVE_TO (19)
046, Adding, 7, UNIT_WARRIOR (1835031), UNITOPERATION_MOVE_TO (19)
046, Adding, 7, UNIT_SWORDSMAN (2490398), UNITOPERATION_MOVE_TO (19)
046, Adding, 7, UNIT_SWORDSMAN (3211279), UNITOPERATION_MOVE_TO (19)
046, Adding, 7, UNIT_SWORDSMAN (3080201), UNITOPERATION_MOVE_TO (19)
046, Adding, 7, UNIT_SKIRMISHER (4849692), UNITOPERATION_MOVE_TO (19)
046, Adding, 7, UNIT_SCOUT (589826), UNITOPERATION_SWAP_UNITS (49)
046, Can't Start, 7, UNIT_SCOUT (589826), UNITOPERATION_SWAP_UNITS (49)
046, Adding, 7, UNIT_SCOUT (589826), UNITOPERATION_MOVE_TO (19)
046, Adding, 7, UNIT_SCOUT (393220), UNITOPERATION_SWAP_UNITS (49)
046, Can't Start, 7, UNIT_SCOUT (393220), UNITOPERATION_SWAP_UNITS (49)
046, Adding, 7, UNIT_SCOUT (393220), UNITOPERATION_MOVE_TO (19)
046, Adding, 7, UNIT_WARRIOR (1048588), UNITOPERATION_SWAP_UNITS (49)
046, Can't Start, 7, UNIT_WARRIOR (1048588), UNITOPERATION_SWAP_UNITS (49)
046, Adding, 7, UNIT_WARRIOR (1048588), UNITOPERATION_MOVE_TO (19)
046, Adding, 7, UNIT_SWORDSMAN (2555935), UNITOPERATION_MOVE_TO (19)
046, Adding, 7, UNIT_SWORDSMAN (2621472), UNITOPERATION_MOVE_TO (19)
046, Adding, 7, UNIT_SWORDSMAN (2687009), UNITOPERATION_MOVE_TO (19)
046, Adding, 7, UNIT_SWORDSMAN (3014666), UNITOPERATION_MOVE_TO (19)
046, Adding, 7, UNIT_SKIRMISHER (4587562), UNITOPERATION_MOVE_TO (19)
046, Adding, 7, UNIT_SKIRMISHER (4522025), UNITOPERATION_MOVE_TO (19)
046, Adding, 7, UNIT_WARRIOR (1966105), UNITOPERATION_MOVE_TO (19)
046, Adding, 7, UNIT_SKIRMISHER (3866661), UNITOPERATION_MOVE_TO (19)
046, Adding, 7, UNIT_BUILDER (4784145), UNITOPERATION_SWAP_UNITS (49)
046, Can't Start, 7, UNIT_BUILDER (4784145), UNITOPERATION_SWAP_UNITS (49)
046, Adding, 7, UNIT_BUILDER (4784145), UNITOPERATION_MOVE_TO (19)
046, Adding, 7, UNIT_BUILDER (4784145), UNITOPERATION_BUILD_IMPROVEMENT (2)
046, Adding, 7, UNIT_BUILDER (4718636), UNITOPERATION_SWAP_UNITS (49)
046, Can't Start, 7, UNIT_BUILDER (4718636), UNITOPERATION_SWAP_UNITS (49)
046, Adding, 7, UNIT_BUILDER (4718636), UNITOPERATION_MOVE_TO (19)
046, Adding, 7, UNIT_GREAT_WRITER (5373990), UNITOPERATION_SWAP_UNITS (49)
046, Can't Start, 7, UNIT_GREAT_WRITER (5373990), UNITOPERATION_SWAP_UNITS (49)
046, Adding, 7, UNIT_GREAT_WRITER (5373990), UNITOPERATION_MOVE_TO (19)
046, Adding, 7, UNIT_GREAT_WRITER (5046306), UNITOPERATION_SWAP_UNITS (49)
046, Can't Start, 7, UNIT_GREAT_WRITER (5046306), UNITOPERATION_SWAP_UNITS (49)
046, Adding, 7, UNIT_GREAT_WRITER (5046306), UNITOPERATION_MOVE_TO (19)
046, Adding, 7, UNIT_MAN_AT_ARMS (5111821), UNITOPERATION_FORTIFY (12)
046, Can't Start, 7, UNIT_MAN_AT_ARMS (5111821), UNITOPERATION_FORTIFY (12)
046, Adding, 7, UNIT_MAN_AT_ARMS (5242925), UNITOPERATION_FORTIFY (12)
046, Can't Start, 7, UNIT_MAN_AT_ARMS (5242925), UNITOPERATION_FORTIFY (12)
046, Adding, 7, UNIT_MAN_AT_ARMS (5177350), UNITOPERATION_MOVE_TO (19)
046, Adding, 7, UNIT_MAN_AT_ARMS (5505038), UNITOPERATION_MOVE_TO (19)
046, Adding, 7, UNIT_MAN_AT_ARMS (5701651), UNITOPERATION_MOVE_TO (19)
046, Adding, 7, UNIT_MAN_AT_ARMS (5439515), UNITOPERATION_MOVE_TO (19)
046, Adding, 7, UNIT_CROSSBOWMAN (5308455), UNITOPERATION_MOVE_TO (19)
046, Adding, 7, UNIT_MAN_AT_ARMS (5570603), UNITOPERATION_MOVE_TO (19)
046, Can't Start, 7, UNIT_MAN_AT_ARMS (5570603), UNITOPERATION_MOVE_TO (19)
046, Adding, 7, UNIT_SKIRMISHER (3735570), UNITOPERATION_MOVE_TO (19)
046, Adding, 7, UNIT_SKIRMISHER (3735570), UNITOPERATION_MOVE_TO (19)
046, Adding, 7, UNIT_SKIRMISHER (3735570), UNITOPERATION_MOVE_TO (19)
046, Adding, 7, UNIT_SKIRMISHER (3735570), UNITOPERATION_MOVE_TO (19)
046, Adding, 7, UNIT_SKIRMISHER (3538973), UNITOPERATION_MOVE_TO (19)
046, Adding, 7, UNIT_SKIRMISHER (3538973), UNITOPERATION_MOVE_TO (19)
046, Adding, 7, UNIT_TAOIST (851968), UNITOPERATION_MOVE_TO (19)
046, Adding, 7, UNIT_TAOIST (851968), UNITOPERATION_SKIP_TURN (36)
046, Adding, 7, UNIT_BUILDER (4980741), UNITOPERATION_SKIP_TURN (36)
046, Adding, 8, UNIT_TRADER (1048588), UNITOPERATION_MAKE_TRADE_ROUTE (18)
046, Can't Start, 8, UNIT_TRADER (1048588), UNITOPERATION_MAKE_TRADE_ROUTE (18)
046, Adding, 8, UNIT_MAN_AT_ARMS (6422543), UNITOPERATION_MOVE_TO (19)
046, Can't Start, 8, UNIT_MAN_AT_ARMS (6422543), UNITOPERATION_MOVE_TO (19)
046, Adding, 8, UNIT_SETTLER (6815780), UNITOPERATION_MOVE_TO (19)
046, Can't Start, 8, UNIT_SETTLER (6815780), UNITOPERATION_MOVE_TO (19)
046, Adding, 8, UNIT_MAN_AT_ARMS (6422543), UNITOPERATION_MOVE_TO (19)
046, Adding, 8, UNIT_SETTLER (6815780), UNITOPERATION_MOVE_TO (19)
046, Adding, 8, UNIT_SWORDSMAN (4915249), UNITOPERATION_SWAP_UNITS (49)
046, Adding, 8, UNIT_VIETNAMESE_VOI_CHIEN (5439490), UNITOPERATION_SWAP_UNITS (49)
046, Adding, 8, UNIT_HORSEMAN (2228250), UNITOPERATION_MOVE_TO (19)
046, Adding, 8, UNIT_HORSEMAN (3604499), UNITOPERATION_MOVE_TO (19)
046, Adding, 8, UNIT_CATAPULT (3276804), UNITOPERATION_SWAP_UNITS (49)
046, Can't Start, 8, UNIT_CATAPULT (3276804), UNITOPERATION_SWAP_UNITS (49)
046, Adding, 8, UNIT_CATAPULT (3276804), UNITOPERATION_MOVE_TO (19)
046, Adding, 8, UNIT_SWORDSMAN (3932199), UNITOPERATION_MOVE_TO (19)
046, Adding, 8, UNIT_HORSEMAN (2228250), UNITOPERATION_MOVE_TO (19)
046, Adding, 8, UNIT_HORSEMAN (3604499), UNITOPERATION_MOVE_TO (19)
046, Adding, 8, UNIT_SWORDSMAN (4653103), UNITOPERATION_MOVE_TO (19)
046, Adding, 8, UNIT_HORSEMAN (4587566), UNITOPERATION_MOVE_TO (19)
046, Adding, 8, UNIT_SKIRMISHER (6750265), UNITOPERATION_MOVE_TO (19)
046, Adding, 8, UNIT_BUILDER (5963808), UNITOPERATION_SWAP_UNITS (49)
046, Can't Start, 8, UNIT_BUILDER (5963808), UNITOPERATION_SWAP_UNITS (49)
046, Adding, 8, UNIT_BUILDER (5963808), UNITOPERATION_MOVE_TO (19)
046, Adding, 8, UNIT_BUILDER (5963808), UNITOPERATION_BUILD_IMPROVEMENT (2)
046, Adding, 8, UNIT_SKIRMISHER (4128809), UNITOPERATION_MOVE_TO (19)
046, Adding, 8, UNIT_SKIRMISHER (4522029), UNITOPERATION_SWAP_UNITS (49)
046, Can't Start, 8, UNIT_SKIRMISHER (4522029), UNITOPERATION_SWAP_UNITS (49)
046, Adding, 8, UNIT_SKIRMISHER (4522029), UNITOPERATION_MOVE_TO (19)
046, Adding, 8, UNIT_SKIRMISHER (4522029), UNITOPERATION_RANGE_ATTACK (26)
046, Adding, 8, UNIT_SKIRMISHER (4522029), UNITOPERATION_MOVE_TO (19)
046, Adding, 8, UNIT_VIETNAMESE_VOI_CHIEN (7208961), UNITOPERATION_MOVE_TO (19)
046, Adding, 8, UNIT_VIETNAMESE_VOI_CHIEN (5832707), UNITOPERATION_MOVE_TO (19)
046, Adding, 8, UNIT_HORSEMAN (3997710), UNITOPERATION_MOVE_TO (19)
046, Can't Start, 8, UNIT_HORSEMAN (3997710), UNITOPERATION_MOVE_TO (19)
046, Adding, 8, UNIT_HORSEMAN (2752528), UNITOPERATION_MOVE_TO (19)
046, Adding, 8, UNIT_VIETNAMESE_VOI_CHIEN (5111825), UNITOPERATION_MOVE_TO (19)
046, Adding, 8, UNIT_VIETNAMESE_VOI_CHIEN (5373972), UNITOPERATION_MOVE_TO (19)
046, Adding, 8, UNIT_VIETNAMESE_VOI_CHIEN (5767195), UNITOPERATION_MOVE_TO (19)
046, Adding, 8, UNIT_VIETNAMESE_VOI_CHIEN (5046300), UNITOPERATION_MOVE_TO (19)
046, Adding, 8, UNIT_VIETNAMESE_VOI_CHIEN (5570604), UNITOPERATION_MOVE_TO (19)
046, Adding, 8, UNIT_MAN_AT_ARMS (6291506), UNITOPERATION_MOVE_TO (19)
046, Adding, 8, UNIT_MAN_AT_ARMS (6160436), UNITOPERATION_MOVE_TO (19)
046, Can't Start, 8, UNIT_MAN_AT_ARMS (6160436), UNITOPERATION_MOVE_TO (19)
046, Adding, 8, UNIT_MAN_AT_ARMS (6225973), UNITOPERATION_MOVE_TO (19)
046, Adding, 8, UNIT_VIETNAMESE_VOI_CHIEN (7143429), UNITOPERATION_MOVE_TO (19)
046, Adding, 8, UNIT_VIETNAMESE_VOI_CHIEN (7405574), UNITOPERATION_MOVE_TO (19)
046, Adding, 8, UNIT_VIETNAMESE_VOI_CHIEN (6946823), UNITOPERATION_MOVE_TO (19)
046, Adding, 8, UNIT_VIETNAMESE_VOI_CHIEN (6357013), UNITOPERATION_MOVE_TO (19)
046, Adding, 8, UNIT_VIETNAMESE_VOI_CHIEN (7340054), UNITOPERATION_MOVE_TO (19)
046, Adding, 8, UNIT_VIETNAMESE_VOI_CHIEN (6029335), UNITOPERATION_MOVE_TO (19)
046, Adding, 8, UNIT_VIETNAMESE_VOI_CHIEN (6881313), UNITOPERATION_MOVE_TO (19)
046, Adding, 8, UNIT_VIETNAMESE_VOI_CHIEN (7077922), UNITOPERATION_MOVE_TO (19)
046, Adding, 8, UNIT_VIETNAMESE_VOI_CHIEN (5308458), UNITOPERATION_MOVE_TO (19)
046, Adding, 8, UNIT_TREBUCHET (7274555), UNITOPERATION_MOVE_TO (19)
046, Adding, 8, UNIT_MISSIONARY (5177355), UNITOPERATION_MOVE_TO (19)
046, Adding, 8, UNIT_MISSIONARY (3866637), UNITOPERATION_MOVE_TO (19)
046, Adding, 8, UNIT_MISSIONARY (2621458), UNITOPERATION_MOVE_TO (19)
046, Adding, 8, UNIT_MISSIONARY (2621458), UNITOPERATION_SPREAD_RELIGION (38)
046, Adding, 8, UNIT_MISSIONARY (4259864), UNITOPERATION_MOVE_TO (19)
046, Adding, 8, UNIT_MISSIONARY (4849689), UNITOPERATION_MOVE_TO (19)
046, Adding, 8, UNIT_MISSIONARY (2883614), UNITOPERATION_SPREAD_RELIGION (38)
046, Adding, 8, UNIT_MISSIONARY (2949151), UNITOPERATION_MOVE_TO (19)
046, Adding, 8, UNIT_MISSIONARY (2949151), UNITOPERATION_SPREAD_RELIGION (38)
046, Can't Start, 8, UNIT_MISSIONARY (2949151), UNITOPERATION_SPREAD_RELIGION (38)
046, Adding, 8, UNIT_MISSIONARY (3407907), UNITOPERATION_SPREAD_RELIGION (38)
046, Adding, 8, UNIT_MISSIONARY (3670053), UNITOPERATION_MOVE_TO (19)
046, Adding, 8, UNIT_MISSIONARY (5701670), UNITOPERATION_MOVE_TO (19)
046, Adding, 8, UNIT_MISSIONARY (4063272), UNITOPERATION_MOVE_TO (19)
046, Adding, 8, UNIT_MISSIONARY (4784176), UNITOPERATION_MOVE_TO (19)
046, Adding, 8, UNIT_MISSIONARY (6488118), UNITOPERATION_SPREAD_RELIGION (38)
046, Adding, 8, UNIT_SKIRMISHER (5505075), UNITOPERATION_MOVE_TO (19)
046, Adding, 8, UNIT_SKIRMISHER (5505075), UNITOPERATION_MOVE_TO (19)
046, Adding, 8, UNIT_BUILDER (5636139), UNITOPERATION_MOVE_TO (19)
046, Adding, 8, UNIT_SKIRMISHER (5505075), UNITOPERATION_MOVE_TO (19)
046, Adding, 8, UNIT_BUILDER (5636139), UNITOPERATION_MOVE_TO (19)
046, Adding, 8, UNIT_SKIRMISHER (5505075), UNITOPERATION_MOVE_TO (19)
046, Adding, 8, UNIT_SKIRMISHER (5242890), UNITOPERATION_MOVE_TO (19)
046, Adding, 8, UNIT_SKIRMISHER (6553655), UNITOPERATION_MOVE_TO (19)
046, Adding, 8, UNIT_SKIRMISHER (7012410), UNITOPERATION_MOVE_TO (19)
046, Adding, 8, UNIT_BUILDER (6619144), UNITOPERATION_SKIP_TURN (36)
046, Adding, 8, UNIT_MISSIONARY (6094857), UNITOPERATION_SKIP_TURN (36)
046, Adding, 8, UNIT_SKIRMISHER (5242890), UNITOPERATION_SKIP_TURN (36)
046, Adding, 8, UNIT_SKIRMISHER (6553655), UNITOPERATION_SKIP_TURN (36)
046, Adding, 8, UNIT_MISSIONARY (6684728), UNITOPERATION_SKIP_TURN (36)
046, Adding, 8, UNIT_SKIRMISHER (7012410), UNITOPERATION_SKIP_TURN (36)
046, Can't Start, 8, UNIT_TRADER (1048588), UNITOPERATION_MAKE_TRADE_ROUTE (18)
046, Adding, 9, UNIT_CROSSBOWMAN (4587520), UNITOPERATION_MOVE_TO (19)
046, Adding, 9, UNIT_CROSSBOWMAN (4587520), UNITOPERATION_MOVE_TO (19)
046, Adding, 9, UNIT_MAN_AT_ARMS (7929912), UNITOPERATION_MOVE_TO (19)
046, Adding, 9, UNIT_CROSSBOWMAN (5242890), UNITOPERATION_MOVE_TO (19)
046, Adding, 9, UNIT_MAN_AT_ARMS (7471105), UNITOPERATION_MOVE_TO (19)
046, Adding, 9, UNIT_SETTLER (8060962), UNITOPERATION_MOVE_TO (19)
046, Adding, 9, UNIT_CROSSBOWMAN (4653096), UNITOPERATION_SWAP_UNITS (49)
046, Adding, 9, UNIT_MAN_AT_ARMS (7143426), UNITOPERATION_MOVE_TO (19)
046, Adding, 9, UNIT_BUILDER (5963821), UNITOPERATION_SWAP_UNITS (49)
046, Can't Start, 9, UNIT_BUILDER (5963821), UNITOPERATION_SWAP_UNITS (49)
046, Adding, 9, UNIT_BUILDER (5963821), UNITOPERATION_MOVE_TO (19)
046, Adding, 9, UNIT_TREBUCHET (7536677), UNITOPERATION_RANGE_ATTACK (26)
046, Adding, 9, UNIT_TREBUCHET (7536677), UNITOPERATION_MOVE_TO (19)
046, Adding, 9, UNIT_CROSSBOWMAN (6094894), UNITOPERATION_SWAP_UNITS (49)
046, Can't Start, 9, UNIT_CROSSBOWMAN (6094894), UNITOPERATION_SWAP_UNITS (49)
046, Adding, 9, UNIT_CROSSBOWMAN (6094894), UNITOPERATION_MOVE_TO (19)
046, Adding, 9, UNIT_SKIRMISHER (5636103), UNITOPERATION_FORTIFY (12)
046, Can't Start, 9, UNIT_SKIRMISHER (5636103), UNITOPERATION_FORTIFY (12)
046, Adding, 9, UNIT_MAN_AT_ARMS (7405580), UNITOPERATION_MOVE_TO (19)
046, Adding, 9, UNIT_COURSER (8257551), UNITOPERATION_MOVE_TO (19)
046, Adding, 9, UNIT_MAN_AT_ARMS (7733265), UNITOPERATION_MOVE_TO (19)
046, Adding, 9, UNIT_MAN_AT_ARMS (7012370), UNITOPERATION_MOVE_TO (19)
046, Adding, 9, UNIT_MAN_AT_ARMS (8126492), UNITOPERATION_MOVE_TO (19)
046, Adding, 9, UNIT_COURSER (8454174), UNITOPERATION_MOVE_TO (19)
046, Adding, 9, UNIT_MAN_AT_ARMS (8388641), UNITOPERATION_MOVE_TO (19)
046, Adding, 9, UNIT_MAN_AT_ARMS (7602212), UNITOPERATION_MOVE_TO (19)
046, Adding, 9, UNIT_MAN_AT_ARMS (6357042), UNITOPERATION_MOVE_TO (19)
046, Adding, 9, UNIT_MAN_AT_ARMS (6422579), UNITOPERATION_MOVE_TO (19)
046, Adding, 9, UNIT_MAN_AT_ARMS (6488116), UNITOPERATION_MOVE_TO (19)
046, Adding, 9, UNIT_MAN_AT_ARMS (6553653), UNITOPERATION_MOVE_TO (19)
046, Can't Start, 9, UNIT_MAN_AT_ARMS (6553653), UNITOPERATION_MOVE_TO (19)
046, Adding, 9, UNIT_MAN_AT_ARMS (7209015), UNITOPERATION_MOVE_TO (19)
046, Adding, 9, UNIT_MAN_AT_ARMS (7077893), UNITOPERATION_MOVE_TO (19)
046, Adding, 9, UNIT_CROSSBOWMAN (7864328), UNITOPERATION_MOVE_TO (19)
046, Adding, 9, UNIT_CROSSBOWMAN (4521995), UNITOPERATION_MOVE_TO (19)
046, Adding, 9, UNIT_CROSSBOWMAN (6946840), UNITOPERATION_MOVE_TO (19)
046, Adding, 9, UNIT_CROSSBOWMAN (5701661), UNITOPERATION_MOVE_TO (19)
046, Adding, 9, UNIT_CROSSBOWMAN (4980767), UNITOPERATION_MOVE_TO (19)
046, Adding, 9, UNIT_CROSSBOWMAN (6750246), UNITOPERATION_MOVE_TO (19)
046, Adding, 9, UNIT_CROSSBOWMAN (4718633), UNITOPERATION_MOVE_TO (19)
046, Adding, 9, UNIT_CROSSBOWMAN (5308459), UNITOPERATION_MOVE_TO (19)
046, Adding, 9, UNIT_CROSSBOWMAN (6160431), UNITOPERATION_MOVE_TO (19)
046, Adding, 9, UNIT_MAN_AT_ARMS (6291505), UNITOPERATION_MOVE_TO (19)
046, Adding, 9, UNIT_MAN_AT_ARMS (6619190), UNITOPERATION_MOVE_TO (19)
046, Adding, 9, UNIT_TREBUCHET (8323130), UNITOPERATION_MOVE_TO (19)
046, Adding, 9, UNIT_MISSIONARY (4390915), UNITOPERATION_MOVE_TO (19)
046, Adding, 9, UNIT_MISSIONARY (5570574), UNITOPERATION_MOVE_TO (19)
046, Adding, 9, UNIT_MISSIONARY (7798800), UNITOPERATION_MOVE_TO (19)
046, Adding, 9, UNIT_MISSIONARY (8192019), UNITOPERATION_MOVE_TO (19)
046, Adding, 9, UNIT_MISSIONARY (5177365), UNITOPERATION_MOVE_TO (19)
046, Adding, 9, UNIT_MISSIONARY (5439513), UNITOPERATION_MOVE_TO (19)
046, Adding, 9, UNIT_MISSIONARY (6881306), UNITOPERATION_MOVE_TO (19)
046, Adding, 9, UNIT_MISSIONARY (4915232), UNITOPERATION_MOVE_TO (19)
046, Adding, 9, UNIT_MISSIONARY (7274538), UNITOPERATION_MOVE_TO (19)
046, Adding, 9, UNIT_MISSIONARY (5832748), UNITOPERATION_MOVE_TO (19)
046, Adding, 9, UNIT_MISSIONARY (6225968), UNITOPERATION_MOVE_TO (19)
046, Adding, 9, UNIT_SKIRMISHER (5111830), UNITOPERATION_MOVE_TO (19)
046, Adding, 9, UNIT_BUILDER (5767191), UNITOPERATION_MOVE_TO (19)
046, Adding, 9, UNIT_BUILDER (5767191), UNITOPERATION_MOVE_TO (19)
046, Adding, 9, UNIT_SKIRMISHER (5046276), UNITOPERATION_MOVE_TO (19)
046, Adding, 9, UNIT_BUILDER (5767191), UNITOPERATION_MOVE_TO (19)
046, Adding, 9, UNIT_SKIRMISHER (5046276), UNITOPERATION_MOVE_TO (19)
046, Adding, 9, UNIT_BUILDER (5767191), UNITOPERATION_MOVE_TO (19)
046, Adding, 10, UNIT_CROSSBOWMAN (983040), UNITOPERATION_MOVE_TO (19)
046, Adding, 10, UNIT_SWORDSMAN (786433), UNITOPERATION_MOVE_TO (19)
046, Adding, 10, UNIT_SWORDSMAN (917506), UNITOPERATION_MOVE_TO (19)
046, Adding, 10, UNIT_SWORDSMAN (851971), UNITOPERATION_MOVE_TO (19)
046, Adding, 10, UNIT_SWORDSMAN (720902), UNITOPERATION_MOVE_TO (19)
046, Adding, 10, UNIT_SWORDSMAN (1114120), UNITOPERATION_MOVE_TO (19)
046, Adding, 10, UNIT_BUILDER (1048583), UNITOPERATION_SKIP_TURN (36)
046, Adding, 12, UNIT_CROSSBOWMAN (720898), UNITOPERATION_FORTIFY (12)
046, Can't Start, 12, UNIT_CROSSBOWMAN (720898), UNITOPERATION_FORTIFY (12)
046, Adding, 12, UNIT_SWORDSMAN (458752), UNITOPERATION_MOVE_TO (19)
046, Adding, 12, UNIT_SWORDSMAN (655361), UNITOPERATION_MOVE_TO (19)
046, Adding, 12, UNIT_CROSSBOWMAN (786435), UNITOPERATION_MOVE_TO (19)
046, Adding, 12, UNIT_SWORDSMAN (589829), UNITOPERATION_MOVE_TO (19)
046, Adding, 12, UNIT_BUILDER (524292), UNITOPERATION_SKIP_TURN (36)
046, Adding, 13, UNIT_TRADER (458755), UNITOPERATION_MAKE_TRADE_ROUTE (18)
046, Adding, 13, UNIT_SWORDSMAN (655361), UNITOPERATION_MOVE_TO (19)
046, Adding, 13, UNIT_CATAPULT (720898), UNITOPERATION_MOVE_TO (19)
046, Adding, 13, UNIT_HEAVY_CHARIOT (524292), UNITOPERATION_MOVE_TO (19)
046, Adding, 13, UNIT_SWORDSMAN (589829), UNITOPERATION_MOVE_TO (19)
046, Adding, 13, UNIT_BUILDER (786432), UNITOPERATION_SKIP_TURN (36)
046, Adding, 14, UNIT_SWORDSMAN (655362), UNITOPERATION_SWAP_UNITS (49)
046, Can't Start, 14, UNIT_SWORDSMAN (655362), UNITOPERATION_SWAP_UNITS (49)
046, Adding, 14, UNIT_SWORDSMAN (655362), UNITOPERATION_MOVE_TO (19)
046, Adding, 14, UNIT_CATAPULT (458755), UNITOPERATION_RANGE_ATTACK (26)
046, Adding, 14, UNIT_CATAPULT (458755), UNITOPERATION_MOVE_TO (19)
046, Adding, 14, UNIT_SWORDSMAN (655362), UNITOPERATION_MOVE_TO (19)
046, Adding, 14, UNIT_BUILDER (720896), UNITOPERATION_MOVE_TO (19)
046, Adding, 15, UNIT_SWORDSMAN (983041), UNITOPERATION_MOVE_TO (19)
046, Adding, 15, UNIT_HORSEMAN (1179652), UNITOPERATION_MOVE_TO (19)
046, Adding, 15, UNIT_HORSEMAN (720902), UNITOPERATION_MOVE_TO (19)
046, Adding, 15, UNIT_SWORDSMAN (786439), UNITOPERATION_MOVE_TO (19)
046, Adding, 15, UNIT_SWORDSMAN (851976), UNITOPERATION_MOVE_TO (19)
046, Adding, 15, UNIT_SWORDSMAN (1048585), UNITOPERATION_MOVE_TO (19)
046, Adding, 15, UNIT_SWORDSMAN (1114122), UNITOPERATION_MOVE_TO (19)
046, Adding, 15, UNIT_BUILDER (917507), UNITOPERATION_SKIP_TURN (36)
046, Adding, 16, UNIT_CROSSBOWMAN (1310725), UNITOPERATION_RANGE_ATTACK (26)
046, Adding, 16, UNIT_CROSSBOWMAN (1376266), UNITOPERATION_RANGE_ATTACK (26)
046, Adding, 16, UNIT_CROSSBOWMAN (1310725), UNITOPERATION_MOVE_TO (19)
046, Adding, 16, UNIT_CROSSBOWMAN (1376266), UNITOPERATION_MOVE_TO (19)
046, Adding, 16, UNIT_BUILDER (1179649), UNITOPERATION_SKIP_TURN (36)
046, Adding, 17, UNIT_BUILDER (720902), UNITOPERATION_BUILD_IMPROVEMENT (2)
046, Adding, 17, UNIT_SWORDSMAN (1048577), UNITOPERATION_MOVE_TO (19)
046, Adding, 17, UNIT_SWORDSMAN (1114114), UNITOPERATION_MOVE_TO (19)
046, Adding, 17, UNIT_SWORDSMAN (851971), UNITOPERATION_MOVE_TO (19)
046, Adding, 17, UNIT_CROSSBOWMAN (1179652), UNITOPERATION_MOVE_TO (19)
046, Adding, 17, UNIT_SWORDSMAN (983045), UNITOPERATION_MOVE_TO (19)
046, Adding, 17, UNIT_SWORDSMAN (786439), UNITOPERATION_MOVE_TO (19)
046, Adding, 17, UNIT_SWORDSMAN (917512), UNITOPERATION_MOVE_TO (19)
046, Adding, 20, UNIT_SWORDSMAN (720896), UNITOPERATION_MOVE_TO (19)
046, Adding, 20, UNIT_CROSSBOWMAN (983041), UNITOPERATION_MOVE_TO (19)
046, Adding, 20, UNIT_CROSSBOWMAN (851970), UNITOPERATION_MOVE_TO (19)
046, Adding, 20, UNIT_HEAVY_CHARIOT (458756), UNITOPERATION_MOVE_TO (19)
046, Adding, 20, UNIT_CROSSBOWMAN (1048582), UNITOPERATION_MOVE_TO (19)
046, Adding, 20, UNIT_SWORDSMAN (786439), UNITOPERATION_MOVE_TO (19)
046, Adding, 20, UNIT_BUILDER (917509), UNITOPERATION_SKIP_TURN (36)
046, Adding, 21, UNIT_BUILDER (1245188), UNITOPERATION_SWAP_UNITS (49)
046, Can't Start, 21, UNIT_BUILDER (1245188), UNITOPERATION_SWAP_UNITS (49)
046, Adding, 21, UNIT_BUILDER (1245188), UNITOPERATION_MOVE_TO (19)
046, Adding, 21, UNIT_BUILDER (1245188), UNITOPERATION_BUILD_IMPROVEMENT (2)
046, Adding, 21, UNIT_HEAVY_CHARIOT (524288), UNITOPERATION_MOVE_TO (19)
046, Adding, 21, UNIT_CROSSBOWMAN (851970), UNITOPERATION_MOVE_TO (19)
046, Adding, 21, UNIT_SWORDSMAN (1179651), UNITOPERATION_MOVE_TO (19)
046, Adding, 21, UNIT_SWORDSMAN (983045), UNITOPERATION_MOVE_TO (19)
046, Adding, 21, UNIT_CROSSBOWMAN (1114118), UNITOPERATION_MOVE_TO (19)
046, Adding, 21, UNIT_CATAPULT (720903), UNITOPERATION_MOVE_TO (19)
046, Adding, 21, UNIT_SWORDSMAN (786440), UNITOPERATION_MOVE_TO (19)
046, Adding, 21, UNIT_SWORDSMAN (917513), UNITOPERATION_MOVE_TO (19)
046, Adding, 3, UNIT_TRADER (720900), UNITOPERATION_MAKE_TRADE_ROUTE (18)
046, Adding, 0, UNIT_KNIGHT (2293777), UNITOPERATION_MOVE_TO (19)
046, Adding, 1, UNIT_BUILDER (2293780), UNITOPERATION_MOVE_TO (19)
046, Adding, 3, UNIT_SETTLER (1900558), UNITOPERATION_FOUND_CITY (14)
046, Adding, 1, UNIT_BUILDER (2293780), UNITOPERATION_REMOVE_FEATURE (28)
046, Adding, 3, UNIT_BUILDER (1835023), UNITOPERATION_MOVE_TO (19)
046, Adding, 2, UNIT_INDIAN_VARU (1507331), UNITOPERATION_MOVE_TO (19)
046, Adding, 3, UNIT_BUILDER (1835023), UNITOPERATION_BUILD_IMPROVEMENT (2)
046, Adding, 2, UNIT_KNIGHT (1638407), UNITOPERATION_MOVE_TO (19)
046, Adding, 3, UNIT_BUILDER (2097159), UNITOPERATION_MOVE_TO (19)
046, Adding, 3, UNIT_BUILDER (2097159), UNITOPERATION_BUILD_IMPROVEMENT (2)
046, Adding, 2, UNIT_BUILDER (1703947), UNITOPERATION_MOVE_TO (19)
046, Adding, 3, UNIT_BUILDER (1769485), UNITOPERATION_MOVE_TO (19)
046, Adding, 2, UNIT_BUILDER (1703947), UNITOPERATION_BUILD_IMPROVEMENT (2)
046, Adding, 3, UNIT_BUILDER (1769485), UNITOPERATION_MOVE_TO (19)
046, Adding, 2, UNIT_BUILDER (1441800), UNITOPERATION_MOVE_TO (19)
046, Adding, 2, UNIT_BUILDER (1441800), UNITOPERATION_BUILD_IMPROVEMENT (2)
046, Adding, 4, UNIT_CROSSBOWMAN (3538954), UNITOPERATION_MOVE_TO (19)
046, Adding, 4, UNIT_VAMPIRE (196608), UNITOPERATION_FORTIFY (12)
046, Adding, 2, UNIT_TRADER (1966084), UNITOPERATION_MAKE_TRADE_ROUTE (18)
046, Adding, 4, UNIT_CROSSBOWMAN (3473421), UNITOPERATION_MOVE_TO (19)
046, Adding, 4, UNIT_CROSSBOWMAN (3473421), UNITOPERATION_RANGE_ATTACK (26)
046, Adding, 2, UNIT_BUILDER (1835018), UNITOPERATION_MOVE_TO (19)
046, Adding, 2, UNIT_BUILDER (1835018), UNITOPERATION_BUILD_IMPROVEMENT (2)
046, Adding, 1, UNIT_BUILDER (2359311), UNITOPERATION_MOVE_TO (19)
046, Adding, 1, UNIT_BUILDER (2359311), UNITOPERATION_SKIP_TURN (36)
046, Adding, 4, UNIT_VAMPIRE (196608), UNITOPERATION_BUILD_ROUTE (3)
046, Adding, 0, UNIT_EGYPTIAN_CHARIOT_ARCHER (917512), UNITOPERATION_MOVE_TO (19)
046, Adding, 2, UNIT_BUILDER (1900553), UNITOPERATION_MOVE_TO (19)
046, Adding, 2, UNIT_BUILDER (1900553), UNITOPERATION_BUILD_IMPROVEMENT (2)
046, Adding, 0, UNIT_EGYPTIAN_CHARIOT_ARCHER (917512), UNITOPERATION_MOVE_TO (19)
046, Adding, 4, UNIT_CROSSBOWMAN (3604485), UNITOPERATION_MOVE_TO (19)
046, Adding, 1, UNIT_BUILDER (1835024), UNITOPERATION_HARVEST_RESOURCE (16)
046, Adding, 4, UNIT_CROSSBOWMAN (3604485), UNITOPERATION_MOVE_TO (19)
046, Adding, 0, UNIT_GREAT_GENERAL (2359308), UNITOPERATION_MOVE_TO (19)
046, Adding, 1, UNIT_SETTLER (2228234), UNITOPERATION_MOVE_TO (19)
046, Adding, 4, UNIT_CROSSBOWMAN (3604485), UNITOPERATION_RANGE_ATTACK (26)
046, Adding, 1, UNIT_SETTLER (2228234), UNITOPERATION_MOVE_TO (19)
046, Adding, 3, UNIT_BUILDER (2031625), UNITOPERATION_MOVE_TO (19)
046, Adding, 3, UNIT_BUILDER (2031625), UNITOPERATION_BUILD_IMPROVEMENT (2)
046, Adding, 1, UNIT_BUILDER (2031625), UNITOPERATION_REMOVE_FEATURE (28)
046, Adding, 1, UNIT_BUILDER (1638413), UNITOPERATION_BUILD_IMPROVEMENT (2)
046, Adding, 4, UNIT_CROSSBOWMAN (3801100), UNITOPERATION_MOVE_TO (19)
046, Adding, 4, UNIT_CROSSBOWMAN (3407886), UNITOPERATION_MOVE_TO (19)
046, Adding, 4, UNIT_CROSSBOWMAN (3407886), UNITOPERATION_MOVE_TO (19)
046, Adding, 0, UNIT_BUILDER (1900545), UNITOPERATION_MOVE_TO (19)
046, Adding, 4, UNIT_GREAT_GENERAL (3276801), UNITOPERATION_MOVE_TO (19)
046, Adding, 4, UNIT_GREAT_GENERAL (3276801), UNITOPERATION_SKIP_TURN (36)
046, Adding, 0, UNIT_BUILDER (1900545), UNITOPERATION_BUILD_IMPROVEMENT (2)
046, Adding, 4, UNIT_SCOUT (393220), UNITOPERATION_MOVE_TO (19)
046, Adding, 4, UNIT_SCOUT (393220), UNITOPERATION_HEAL (13)
046, Adding, 1, UNIT_SETTLER (2162700), UNITOPERATION_MOVE_TO (19)
046, Adding, 1, UNIT_SETTLER (2097171), UNITOPERATION_MOVE_TO (19)
046, Adding, 1, UNIT_SETTLER (2097171), UNITOPERATION_MOVE_TO (19)
046, Adding, 1, UNIT_SETTLER (2228234), UNITOPERATION_MOVE_TO (19)
046, Adding, 4, UNIT_CROSSBOWMAN (3538954), UNITOPERATION_MOVE_TO (19)
046, Adding, 4, UNIT_BUILDER (2883606), UNITOPERATION_MOVE_TO (19)
046, Adding, 4, UNIT_BUILDER (2883606), UNITOPERATION_BUILD_IMPROVEMENT (2)
046, Adding, 1, UNIT_BUILDER (1900561), UNITOPERATION_MOVE_TO (19)
046, Adding, 1, UNIT_BUILDER (1900561), UNITOPERATION_BUILD_IMPROVEMENT (2)
046, Adding, 1, UNIT_BUILDER (1966098), UNITOPERATION_BUILD_IMPROVEMENT (2)
046, Adding, 1, UNIT_BUILDER (2424843), UNITOPERATION_MOVE_TO (19)
046, Adding, 1, UNIT_BUILDER (2424843), UNITOPERATION_SKIP_TURN (36)
046, Adding, 3, UNIT_BUILDER (2228230), UNITOPERATION_MOVE_TO (19)
046, Adding, 1, UNIT_WARRIOR (131073), UNITOPERATION_MOVE_TO (19)
046, Adding, 1, UNIT_BABYLONIAN_SABUM_KIBITTUM (196608), UNITOPERATION_MOVE_TO (19)
046, Adding, 1, UNIT_BABYLONIAN_SABUM_KIBITTUM (196608), UNITOPERATION_MOVE_TO (19)
046, Adding, 1, UNIT_BABYLONIAN_SABUM_KIBITTUM (196608), UNITOPERATION_MOVE_TO (19)
046, Adding, 1, UNIT_BABYLONIAN_SABUM_KIBITTUM (262146), UNITOPERATION_MOVE_TO (19)
046, Adding, 1, UNIT_BABYLONIAN_SABUM_KIBITTUM (262146), UNITOPERATION_MOVE_TO (19)
046, Adding, 1, UNIT_BABYLONIAN_SABUM_KIBITTUM (262146), UNITOPERATION_MOVE_TO (19)
046, Adding, 4, UNIT_BUILDER (3080212), UNITOPERATION_HARVEST_RESOURCE (16)
046, Adding, 4, UNIT_BUILDER (3211266), UNITOPERATION_MOVE_TO (19)
046, Adding, 4, UNIT_BUILDER (3211266), UNITOPERATION_BUILD_IMPROVEMENT (2)
046, Adding, 1, UNIT_SCOUT (458756), UNITOPERATION_MOVE_TO (19)
046, Adding, 1, UNIT_SCOUT (458756), UNITOPERATION_MOVE_TO (19)
046, Adding, 1, UNIT_SCOUT (458756), UNITOPERATION_MOVE_TO (19)
046, Adding, 4, UNIT_BUILDER (3145731), UNITOPERATION_BUILD_IMPROVEMENT (2)
046, Adding, 4, UNIT_BUILDER (3670034), UNITOPERATION_MOVE_TO (19)
046, Adding, 4, UNIT_BUILDER (3670034), UNITOPERATION_BUILD_IMPROVEMENT (2)
046, Adding, 1, UNIT_BUILDER (2293780), UNITOPERATION_MOVE_TO (19)
046, Adding, 4, UNIT_BUILDER (3735567), UNITOPERATION_MOVE_TO (19)
046, Adding, 4, UNIT_BUILDER (3735567), UNITOPERATION_BUILD_IMPROVEMENT (2)
046, Adding, 4, UNIT_BUILDER (3866631), UNITOPERATION_MOVE_TO (19)
046, Adding, 0, UNIT_BUILDER (2031632), UNITOPERATION_MOVE_TO (19)
046, Adding, 0, UNIT_BUILDER (2031632), UNITOPERATION_BUILD_IMPROVEMENT (2)
046, Adding, 0, UNIT_VAMPIRE (262146), UNITOPERATION_BUILD_ROUTE (3)
046, Adding, 1, UNIT_BUILDER (2359311), UNITOPERATION_MOVE_TO (19)
046, Adding, 0, UNIT_TRADER (2228242), UNITOPERATION_MAKE_TRADE_ROUTE (18)
046, Adding, 0, UNIT_BUILDER (2424851), UNITOPERATION_MOVE_TO (19)
046, Adding, 0, UNIT_BUILDER (1638413), UNITOPERATION_BUILD_IMPROVEMENT (2)
047, Adding, 5, UNIT_MAN_AT_ARMS (4587561), UNITOPERATION_MOVE_TO (19)
047, Adding, 5, UNIT_CROSSBOWMAN (3342365), UNITOPERATION_MOVE_TO (19)
047, Adding, 5, UNIT_SETTLER (3997731), UNITOPERATION_MOVE_TO (19)
047, Adding, 5, UNIT_SCOUT (262147), UNITOPERATION_SWAP_UNITS (49)
047, Can't Start, 5, UNIT_SCOUT (262147), UNITOPERATION_SWAP_UNITS (49)
047, Adding, 5, UNIT_SCOUT (262147), UNITOPERATION_MOVE_TO (19)
047, Adding, 5, UNIT_MACEDONIAN_HETAIROI (3014660), UNITOPERATION_SWAP_UNITS (49)
047, Can't Start, 5, UNIT_MACEDONIAN_HETAIROI (3014660), UNITOPERATION_SWAP_UNITS (49)
047, Adding, 5, UNIT_MACEDONIAN_HETAIROI (3014660), UNITOPERATION_MOVE_TO (19)
047, Adding, 5, UNIT_MACEDONIAN_HETAIROI (2031624), UNITOPERATION_SWAP_UNITS (49)
047, Can't Start, 5, UNIT_MACEDONIAN_HETAIROI (2031624), UNITOPERATION_SWAP_UNITS (49)
047, Adding, 5, UNIT_MACEDONIAN_HETAIROI (2031624), UNITOPERATION_MOVE_TO (19)
047, Adding, 5, UNIT_MACEDONIAN_HETAIROI (2555916), UNITOPERATION_SWAP_UNITS (49)
047, Can't Start, 5, UNIT_MACEDONIAN_HETAIROI (2555916), UNITOPERATION_SWAP_UNITS (49)
047, Adding, 5, UNIT_MACEDONIAN_HETAIROI (2555916), UNITOPERATION_MOVE_TO (19)
047, Adding, 5, UNIT_MACEDONIAN_HETAIROI (1900567), UNITOPERATION_SWAP_UNITS (49)
047, Can't Start, 5, UNIT_MACEDONIAN_HETAIROI (1900567), UNITOPERATION_SWAP_UNITS (49)
047, Adding, 5, UNIT_MACEDONIAN_HETAIROI (1900567), UNITOPERATION_MOVE_TO (19)
047, Adding, 5, UNIT_MACEDONIAN_HETAIROI (1966104), UNITOPERATION_SWAP_UNITS (49)
047, Can't Start, 5, UNIT_MACEDONIAN_HETAIROI (1966104), UNITOPERATION_SWAP_UNITS (49)
047, Adding, 5, UNIT_MACEDONIAN_HETAIROI (1966104), UNITOPERATION_MOVE_TO (19)
047, Adding, 5, UNIT_MACEDONIAN_HETAIROI (2228249), UNITOPERATION_SWAP_UNITS (49)
047, Can't Start, 5, UNIT_MACEDONIAN_HETAIROI (2228249), UNITOPERATION_SWAP_UNITS (49)
047, Adding, 5, UNIT_MACEDONIAN_HETAIROI (2228249), UNITOPERATION_MOVE_TO (19)
047, Adding, 5, UNIT_GREAT_SCIENTIST (3932176), UNITOPERATION_MOVE_TO (19)
047, Can't Start, 5, UNIT_GREAT_SCIENTIST (3932176), UNITOPERATION_MOVE_TO (19)
047, Adding, 5, UNIT_GREAT_ENGINEER (4980781), UNITOPERATION_MOVE_TO (19)
047, Adding, 5, UNIT_MAN_AT_ARMS (4521989), UNITOPERATION_MOVE_TO (19)
047, Adding, 5, UNIT_VAMPIRE (655367), UNITOPERATION_MOVE_TO (19)
047, Adding, 5, UNIT_MAN_AT_ARMS (4194314), UNITOPERATION_MOVE_TO (19)
047, Adding, 5, UNIT_MACEDONIAN_HETAIROI (2097163), UNITOPERATION_MOVE_TO (19)
047, Adding, 5, UNIT_MAN_AT_ARMS (4456463), UNITOPERATION_MOVE_TO (19)
047, Adding, 5, UNIT_KNIGHT (4784155), UNITOPERATION_MOVE_TO (19)
047, Can't Start, 5, UNIT_KNIGHT (4784155), UNITOPERATION_MOVE_TO (19)
047, Adding, 5, UNIT_MAN_AT_ARMS (4128805), UNITOPERATION_MOVE_TO (19)
047, Adding, 5, UNIT_MAN_AT_ARMS (4325415), UNITOPERATION_MOVE_TO (19)
047, Adding, 5, UNIT_MAN_AT_ARMS (4390952), UNITOPERATION_MOVE_TO (19)
047, Adding, 5, UNIT_MAN_AT_ARMS (4718635), UNITOPERATION_MOVE_TO (19)
047, Adding, 5, UNIT_KNIGHT (5046318), UNITOPERATION_MOVE_TO (19)
047, Adding, 5, UNIT_CROSSBOWMAN (3604482), UNITOPERATION_MOVE_TO (19)
047, Adding, 5, UNIT_CROSSBOWMAN (3801101), UNITOPERATION_MOVE_TO (19)
047, Adding, 5, UNIT_CROSSBOWMAN (4849685), UNITOPERATION_MOVE_TO (19)
047, Adding, 5, UNIT_MACEDONIAN_HETAIROI (2293786), UNITOPERATION_MOVE_TO (19)
047, Adding, 5, UNIT_CROSSBOWMAN (3735585), UNITOPERATION_MOVE_TO (19)
047, Adding, 5, UNIT_CROSSBOWMAN (4063268), UNITOPERATION_MOVE_TO (19)
047, Adding, 5, UNIT_CROSSBOWMAN (5111855), UNITOPERATION_MOVE_TO (19)
047, Adding, 5, UNIT_MISSIONARY (2621441), UNITOPERATION_MOVE_TO (19)
047, Adding, 5, UNIT_MISSIONARY (3276806), UNITOPERATION_MOVE_TO (19)
047, Adding, 5, UNIT_MISSIONARY (2359305), UNITOPERATION_MOVE_TO (19)
047, Adding, 5, UNIT_MISSIONARY (2424850), UNITOPERATION_MOVE_TO (19)
047, Adding, 5, UNIT_MISSIONARY (3670035), UNITOPERATION_MOVE_TO (19)
047, Adding, 5, UNIT_MISSIONARY (3080222), UNITOPERATION_MOVE_TO (19)
047, Adding, 5, UNIT_MISSIONARY (4259878), UNITOPERATION_MOVE_TO (19)
047, Adding, 5, UNIT_MISSIONARY (4653098), UNITOPERATION_MOVE_TO (19)
047, Adding, 5, UNIT_BUILDER (1835030), UNITOPERATION_MOVE_TO (19)
047, Adding, 5, UNIT_BUILDER (1835030), UNITOPERATION_MOVE_TO (19)
047, Adding, 5, UNIT_BUILDER (1835030), UNITOPERATION_MOVE_TO (19)
047, Adding, 5, UNIT_BUILDER (1835030), UNITOPERATION_MOVE_TO (19)
047, Adding, 5, UNIT_BUILDER (1835030), UNITOPERATION_MOVE_TO (19)
047, Adding, 5, UNIT_BUILDER (1835030), UNITOPERATION_MOVE_TO (19)
047, Adding, 5, UNIT_BUILDER (1835030), UNITOPERATION_MOVE_TO (19)
047, Adding, 5, UNIT_SKIRMISHER (3211278), UNITOPERATION_MOVE_TO (19)
047, Adding, 5, UNIT_SKIRMISHER (3407892), UNITOPERATION_MOVE_TO (19)
047, Adding, 5, UNIT_SKIRMISHER (3145759), UNITOPERATION_MOVE_TO (19)
047, Adding, 5, UNIT_SKIRMISHER (3211278), UNITOPERATION_SKIP_TURN (36)
047, Adding, 5, UNIT_SKIRMISHER (3407892), UNITOPERATION_SKIP_TURN (36)
047, Adding, 5, UNIT_BUILDER (2752540), UNITOPERATION_SKIP_TURN (36)
047, Adding, 5, UNIT_SKIRMISHER (3145759), UNITOPERATION_SKIP_TURN (36)
047, Adding, 5, UNIT_BUILDER (3473440), UNITOPERATION_SKIP_TURN (36)
047, Adding, 5, UNIT_BUILDER (4915244), UNITOPERATION_SKIP_TURN (36)
047, Adding, 6, UNIT_SWORDSMAN (4128779), UNITOPERATION_MOVE_TO (19)
047, Adding, 6, UNIT_SETTLER (6029360), UNITOPERATION_MOVE_TO (19)
047, Adding, 6, UNIT_SCOUT (262147), UNITOPERATION_SWAP_UNITS (49)
047, Can't Start, 6, UNIT_SCOUT (262147), UNITOPERATION_SWAP_UNITS (49)
047, Adding, 6, UNIT_SCOUT (262147), UNITOPERATION_MOVE_TO (19)
047, Adding, 6, UNIT_BUILDER (5767192), UNITOPERATION_SWAP_UNITS (49)
047, Can't Start, 6, UNIT_BUILDER (5767192), UNITOPERATION_SWAP_UNITS (49)
047, Adding, 6, UNIT_BUILDER (5767192), UNITOPERATION_MOVE_TO (19)
047, Adding, 6, UNIT_BUILDER (4980737), UNITOPERATION_SWAP_UNITS (49)
047, Can't Start, 6, UNIT_BUILDER (4980737), UNITOPERATION_SWAP_UNITS (49)
047, Adding, 6, UNIT_BUILDER (4980737), UNITOPERATION_MOVE_TO (19)
047, Adding, 6, UNIT_BUILDER (4980737), UNITOPERATION_HARVEST_RESOURCE (16)
047, Adding, 6, UNIT_BUILDER (6160434), UNITOPERATION_SWAP_UNITS (49)
047, Can't Start, 6, UNIT_BUILDER (6160434), UNITOPERATION_SWAP_UNITS (49)
047, Adding, 6, UNIT_BUILDER (6160434), UNITOPERATION_MOVE_TO (19)
047, Adding, 6, UNIT_BUILDER (6160434), UNITOPERATION_REMOVE_FEATURE (28)
047, Adding, 6, UNIT_BUILDER (6160434), UNITOPERATION_BUILD_IMPROVEMENT (2)
047, Can't Start, 6, UNIT_BUILDER (6160434), UNITOPERATION_BUILD_IMPROVEMENT (2)
047, Adding, 6, UNIT_BUILDER (6094897), UNITOPERATION_SWAP_UNITS (49)
047, Can't Start, 6, UNIT_BUILDER (6094897), UNITOPERATION_SWAP_UNITS (49)
047, Adding, 6, UNIT_BUILDER (6094897), UNITOPERATION_MOVE_TO (19)
047, Adding, 6, UNIT_BUILDER (6094897), UNITOPERATION_BUILD_IMPROVEMENT (2)
047, Adding, 6, UNIT_CATAPULT (2621457), UNITOPERATION_FORTIFY (12)
047, Can't Start, 6, UNIT_CATAPULT (2621457), UNITOPERATION_FORTIFY (12)
047, Adding, 6, UNIT_SWORDSMAN (2752542), UNITOPERATION_FORTIFY (12)
047, Can't Start, 6, UNIT_SWORDSMAN (2752542), UNITOPERATION_FORTIFY (12)
047, Adding, 6, UNIT_CROSSBOWMAN (5832704), UNITOPERATION_MOVE_TO (19)
047, Adding, 6, UNIT_SWORDSMAN (4456450), UNITOPERATION_MOVE_TO (19)
047, Adding, 6, UNIT_SWORDSMAN (2818054), UNITOPERATION_MOVE_TO (19)
047, Can't Start, 6, UNIT_SWORDSMAN (2818054), UNITOPERATION_MOVE_TO (19)
047, Adding, 6, UNIT_SWORDSMAN (2686985), UNITOPERATION_MOVE_TO (19)
047, Can't Start, 6, UNIT_SWORDSMAN (2686985), UNITOPERATION_MOVE_TO (19)
047, Adding, 6, UNIT_SWORDSMAN (4587534), UNITOPERATION_MOVE_TO (19)
047, Adding, 6, UNIT_CROSSBOWMAN (5505040), UNITOPERATION_MOVE_TO (19)
047, Adding, 6, UNIT_SWORDSMAN (4718610), UNITOPERATION_MOVE_TO (19)
047, Can't Start, 6, UNIT_SWORDSMAN (4718610), UNITOPERATION_MOVE_TO (19)
047, Adding, 6, UNIT_CROSSBOWMAN (4915220), UNITOPERATION_MOVE_TO (19)
047, Adding, 6, UNIT_CROSSBOWMAN (4784149), UNITOPERATION_MOVE_TO (19)
047, Adding, 6, UNIT_SWORDSMAN (3145761), UNITOPERATION_MOVE_TO (19)
047, Adding, 6, UNIT_CROSSBOWMAN (5177382), UNITOPERATION_MOVE_TO (19)
047, Adding, 6, UNIT_SWORDSMAN (3866664), UNITOPERATION_MOVE_TO (19)
047, Adding, 6, UNIT_SWORDSMAN (3932201), UNITOPERATION_MOVE_TO (19)
047, Adding, 6, UNIT_SWORDSMAN (5373996), UNITOPERATION_MOVE_TO (19)
047, Can't Start, 6, UNIT_SWORDSMAN (5373996), UNITOPERATION_MOVE_TO (19)
047, Adding, 6, UNIT_CROSSBOWMAN (5636142), UNITOPERATION_MOVE_TO (19)
047, Adding, 6, UNIT_CROSSBOWMAN (6291503), UNITOPERATION_MOVE_TO (19)
047, Adding, 6, UNIT_HEAVY_CHARIOT (2359322), UNITOPERATION_MOVE_TO (19)
047, Adding, 6, UNIT_CATAPULT (2490396), UNITOPERATION_MOVE_TO (19)
047, Adding, 6, UNIT_APOSTLE (5308435), UNITOPERATION_SWAP_UNITS (49)
047, Can't Start, 6, UNIT_APOSTLE (5308435), UNITOPERATION_SWAP_UNITS (49)
047, Adding, 6, UNIT_APOSTLE (5308435), UNITOPERATION_MOVE_TO (19)
047, Adding, 6, UNIT_APOSTLE (5308435), UNITOPERATION_MOVE_TO (19)
047, Adding, 6, UNIT_APOSTLE (5111851), UNITOPERATION_SWAP_UNITS (49)
047, Can't Start, 6, UNIT_APOSTLE (5111851), UNITOPERATION_SWAP_UNITS (49)
047, Adding, 6, UNIT_APOSTLE (5111851), UNITOPERATION_MOVE_TO (19)
047, Adding, 6, UNIT_APOSTLE (5570605), UNITOPERATION_SWAP_UNITS (49)
047, Can't Start, 6, UNIT_APOSTLE (5570605), UNITOPERATION_SWAP_UNITS (49)
047, Adding, 6, UNIT_APOSTLE (5570605), UNITOPERATION_MOVE_TO (19)
047, Adding, 6, UNIT_APOSTLE (5898262), UNITOPERATION_SWAP_UNITS (49)
047, Can't Start, 6, UNIT_APOSTLE (5898262), UNITOPERATION_SWAP_UNITS (49)
047, Adding, 6, UNIT_APOSTLE (5898262), UNITOPERATION_MOVE_TO (19)
047, Adding, 6, UNIT_APOSTLE (5570605), UNITOPERATION_MOVE_TO (19)
047, Adding, 6, UNIT_APOSTLE (5701667), UNITOPERATION_MOVE_TO (19)
047, Adding, 6, UNIT_MISSIONARY (3735557), UNITOPERATION_MOVE_TO (19)
047, Adding, 6, UNIT_TAOIST (786440), UNITOPERATION_MOVE_TO (19)
047, Adding, 6, UNIT_APOSTLE (5308435), UNITOPERATION_MOVE_TO (19)
047, Adding, 6, UNIT_APOSTLE (5898262), UNITOPERATION_MOVE_TO (19)
047, Adding, 6, UNIT_MISSIONARY (2162711), UNITOPERATION_MOVE_TO (19)
047, Adding, 6, UNIT_MISSIONARY (2293785), UNITOPERATION_MOVE_TO (19)
047, Adding, 6, UNIT_MISSIONARY (2424859), UNITOPERATION_MOVE_TO (19)
047, Adding, 6, UNIT_MISSIONARY (2555933), UNITOPERATION_SPREAD_RELIGION (38)
047, Adding, 6, UNIT_MISSIONARY (2883615), UNITOPERATION_SPREAD_RELIGION (38)
047, Adding, 6, UNIT_MISSIONARY (3342372), UNITOPERATION_MOVE_TO (19)
047, Adding, 6, UNIT_APOSTLE (5111851), UNITOPERATION_MOVE_TO (19)
047, Adding, 6, UNIT_APOSTLE (5570605), UNITOPERATION_MOVE_TO (19)
047, Adding, 6, UNIT_SKIRMISHER (3473440), UNITOPERATION_MOVE_TO (19)
047, Adding, 6, UNIT_SKIRMISHER (3473440), UNITOPERATION_MOVE_TO (19)
047, Adding, 6, UNIT_SKIRMISHER (3473440), UNITOPERATION_MOVE_TO (19)
047, Adding, 6, UNIT_SKIRMISHER (3473440), UNITOPERATION_MOVE_TO (19)
047, Adding, 6, UNIT_SKIRMISHER (3473440), UNITOPERATION_MOVE_TO (19)
047, Adding, 6, UNIT_SKIRMISHER (3407909), UNITOPERATION_MOVE_TO (19)
047, Adding, 6, UNIT_SKIRMISHER (3473440), UNITOPERATION_MOVE_TO (19)
047, Adding, 6, UNIT_SKIRMISHER (4194308), UNITOPERATION_MOVE_TO (19)
047, Adding, 6, UNIT_SKIRMISHER (4063245), UNITOPERATION_MOVE_TO (19)
047, Adding, 6, UNIT_SKIRMISHER (4390927), UNITOPERATION_MOVE_TO (19)
047, Adding, 6, UNIT_SKIRMISHER (3801127), UNITOPERATION_MOVE_TO (19)
047, Adding, 6, UNIT_SKIRMISHER (3997738), UNITOPERATION_MOVE_TO (19)
047, Adding, 6, UNIT_SKIRMISHER (4194308), UNITOPERATION_SKIP_TURN (36)
047, Adding, 6, UNIT_SKIRMISHER (4063245), UNITOPERATION_SKIP_TURN (36)
047, Adding, 6, UNIT_SKIRMISHER (4390927), UNITOPERATION_SKIP_TURN (36)
047, Adding, 6, UNIT_BUILDER (4259874), UNITOPERATION_SKIP_TURN (36)
047, Adding, 6, UNIT_SKIRMISHER (3801127), UNITOPERATION_SKIP_TURN (36)
047, Adding, 6, UNIT_SKIRMISHER (3997738), UNITOPERATION_SKIP_TURN (36)
047, Can't Start, 6, UNIT_BUILDER (6160434), UNITOPERATION_BUILD_IMPROVEMENT (2)
047, Adding, 7, UNIT_MAN_AT_ARMS (5636122), UNITOPERATION_SWAP_UNITS (49)
047, Can't Start, 7, UNIT_MAN_AT_ARMS (5636122), UNITOPERATION_SWAP_UNITS (49)
047, Adding, 7, UNIT_MAN_AT_ARMS (5636122), UNITOPERATION_MOVE_TO (19)
047, Adding, 7, UNIT_MAN_AT_ARMS (5636122), UNITOPERATION_MOVE_TO (19)
047, Adding, 7, UNIT_SETTLER (5832726), UNITOPERATION_SWAP_UNITS (49)
047, Can't Start, 7, UNIT_SETTLER (5832726), UNITOPERATION_SWAP_UNITS (49)
047, Adding, 7, UNIT_SETTLER (5832726), UNITOPERATION_MOVE_TO (19)
047, Adding, 7, UNIT_MAN_AT_ARMS (5636122), UNITOPERATION_MOVE_TO (19)
047, Adding, 7, UNIT_SWORDSMAN (3801104), UNITOPERATION_SWAP_UNITS (49)
047, Can't Start, 7, UNIT_SWORDSMAN (3801104), UNITOPERATION_SWAP_UNITS (49)
047, Adding, 7, UNIT_SWORDSMAN (3801104), UNITOPERATION_MOVE_TO (19)
047, Adding, 7, UNIT_SKIRMISHER (3407907), UNITOPERATION_SWAP_UNITS (49)
047, Can't Start, 7, UNIT_SKIRMISHER (3407907), UNITOPERATION_SWAP_UNITS (49)
047, Adding, 7, UNIT_SKIRMISHER (3670036), UNITOPERATION_SWAP_UNITS (49)
047, Can't Start, 7, UNIT_SKIRMISHER (3670036), UNITOPERATION_SWAP_UNITS (49)
047, Adding, 7, UNIT_SKIRMISHER (3670036), UNITOPERATION_MOVE_TO (19)
047, Adding, 7, UNIT_SKIRMISHER (3670036), UNITOPERATION_RANGE_ATTACK (26)
047, Adding, 7, UNIT_SKIRMISHER (3670036), UNITOPERATION_MOVE_TO (19)
047, Adding, 7, UNIT_WARRIOR (1900568), UNITOPERATION_MOVE_TO (19)
047, Adding, 7, UNIT_WARRIOR (1900568), UNITOPERATION_MOVE_TO (19)
047, Adding, 7, UNIT_CATAPULT (4456488), UNITOPERATION_SWAP_UNITS (49)
047, Can't Start, 7, UNIT_CATAPULT (4456488), UNITOPERATION_SWAP_UNITS (49)
047, Adding, 7, UNIT_CATAPULT (4456488), UNITOPERATION_MOVE_TO (19)
047, Adding, 7, UNIT_WARRIOR (1835031), UNITOPERATION_MOVE_TO (19)
047, Adding, 7, UNIT_SKIRMISHER (3932181), UNITOPERATION_MOVE_TO (19)
047, Adding, 7, UNIT_SWORDSMAN (3473444), UNITOPERATION_MOVE_TO (19)
047, Adding, 7, UNIT_SWORDSMAN (3080201), UNITOPERATION_MOVE_TO (19)
047, Adding, 7, UNIT_SWORDSMAN (2490398), UNITOPERATION_MOVE_TO (19)
047, Adding, 7, UNIT_SWORDSMAN (3211279), UNITOPERATION_MOVE_TO (19)
047, Adding, 7, UNIT_SKIRMISHER (4849692), UNITOPERATION_MOVE_TO (19)
047, Adding, 7, UNIT_SCOUT (589826), UNITOPERATION_SWAP_UNITS (49)
047, Can't Start, 7, UNIT_SCOUT (589826), UNITOPERATION_SWAP_UNITS (49)
047, Adding, 7, UNIT_SCOUT (589826), UNITOPERATION_MOVE_TO (19)
047, Adding, 7, UNIT_SCOUT (393220), UNITOPERATION_SWAP_UNITS (49)
047, Can't Start, 7, UNIT_SCOUT (393220), UNITOPERATION_SWAP_UNITS (49)
047, Adding, 7, UNIT_SCOUT (393220), UNITOPERATION_MOVE_TO (19)
047, Adding, 7, UNIT_WARRIOR (1048588), UNITOPERATION_SWAP_UNITS (49)
047, Can't Start, 7, UNIT_WARRIOR (1048588), UNITOPERATION_SWAP_UNITS (49)
047, Adding, 7, UNIT_WARRIOR (1048588), UNITOPERATION_MOVE_TO (19)
047, Adding, 7, UNIT_SWORDSMAN (2621472), UNITOPERATION_MOVE_TO (19)
047, Adding, 7, UNIT_BUILDER (4980741), UNITOPERATION_SWAP_UNITS (49)
047, Can't Start, 7, UNIT_BUILDER (4980741), UNITOPERATION_SWAP_UNITS (49)
047, Adding, 7, UNIT_BUILDER (4980741), UNITOPERATION_MOVE_TO (19)
047, Adding, 7, UNIT_BUILDER (4784145), UNITOPERATION_SWAP_UNITS (49)
047, Can't Start, 7, UNIT_BUILDER (4784145), UNITOPERATION_SWAP_UNITS (49)
047, Adding, 7, UNIT_BUILDER (4784145), UNITOPERATION_MOVE_TO (19)
047, Adding, 7, UNIT_BUILDER (4784145), UNITOPERATION_BUILD_IMPROVEMENT (2)
047, Adding, 7, UNIT_BUILDER (5898248), UNITOPERATION_SWAP_UNITS (49)
047, Can't Start, 7, UNIT_BUILDER (5898248), UNITOPERATION_SWAP_UNITS (49)
047, Adding, 7, UNIT_BUILDER (5898248), UNITOPERATION_MOVE_TO (19)
047, Adding, 7, UNIT_BUILDER (4718636), UNITOPERATION_SWAP_UNITS (49)
047, Can't Start, 7, UNIT_BUILDER (4718636), UNITOPERATION_SWAP_UNITS (49)
047, Adding, 7, UNIT_BUILDER (4718636), UNITOPERATION_MOVE_TO (19)
047, Adding, 7, UNIT_GREAT_ARTIST (5963779), UNITOPERATION_SWAP_UNITS (49)
047, Can't Start, 7, UNIT_GREAT_ARTIST (5963779), UNITOPERATION_SWAP_UNITS (49)
047, Adding, 7, UNIT_GREAT_ARTIST (5963779), UNITOPERATION_MOVE_TO (19)
047, Adding, 7, UNIT_GREAT_WRITER (5046306), UNITOPERATION_MOVE_TO (19)
047, Adding, 7, UNIT_GREAT_WRITER (5373990), UNITOPERATION_MOVE_TO (19)
047, Adding, 7, UNIT_SKIRMISHER (3735570), UNITOPERATION_MOVE_TO (19)
047, Adding, 7, UNIT_SKIRMISHER (3538973), UNITOPERATION_MOVE_TO (19)
047, Adding, 7, UNIT_SKIRMISHER (4522025), UNITOPERATION_SWAP_UNITS (49)
047, Can't Start, 7, UNIT_SKIRMISHER (4522025), UNITOPERATION_SWAP_UNITS (49)
047, Adding, 7, UNIT_SKIRMISHER (4522025), UNITOPERATION_MOVE_TO (19)
047, Adding, 7, UNIT_MAN_AT_ARMS (5111821), UNITOPERATION_FORTIFY (12)
047, Can't Start, 7, UNIT_MAN_AT_ARMS (5111821), UNITOPERATION_FORTIFY (12)
047, Adding, 7, UNIT_SWORDSMAN (2555935), UNITOPERATION_SWAP_UNITS (49)
047, Can't Start, 7, UNIT_SWORDSMAN (2555935), UNITOPERATION_SWAP_UNITS (49)
047, Adding, 7, UNIT_SWORDSMAN (2555935), UNITOPERATION_MOVE_TO (19)
047, Adding, 7, UNIT_MAN_AT_ARMS (5177350), UNITOPERATION_MOVE_TO (19)
047, Adding, 7, UNIT_MAN_AT_ARMS (5767175), UNITOPERATION_MOVE_TO (19)
047, Adding, 7, UNIT_MAN_AT_ARMS (5505038), UNITOPERATION_MOVE_TO (19)
047, Adding, 7, UNIT_MAN_AT_ARMS (5701651), UNITOPERATION_MOVE_TO (19)
047, Adding, 7, UNIT_MAN_AT_ARMS (5439515), UNITOPERATION_MOVE_TO (19)
047, Adding, 7, UNIT_CROSSBOWMAN (5308455), UNITOPERATION_MOVE_TO (19)
047, Adding, 7, UNIT_MAN_AT_ARMS (5570603), UNITOPERATION_MOVE_TO (19)
047, Can't Start, 7, UNIT_MAN_AT_ARMS (5570603), UNITOPERATION_MOVE_TO (19)
047, Adding, 7, UNIT_MAN_AT_ARMS (5242925), UNITOPERATION_MOVE_TO (19)
047, Adding, 7, UNIT_WARRIOR (1966105), UNITOPERATION_MOVE_TO (19)
047, Adding, 7, UNIT_SKIRMISHER (4587562), UNITOPERATION_MOVE_TO (19)
047, Adding, 7, UNIT_SKIRMISHER (3866661), UNITOPERATION_MOVE_TO (19)
047, Adding, 7, UNIT_SKIRMISHER (3866661), UNITOPERATION_MOVE_TO (19)
047, Adding, 7, UNIT_SKIRMISHER (3866661), UNITOPERATION_MOVE_TO (19)
047, Adding, 7, UNIT_TAOIST (851968), UNITOPERATION_MOVE_TO (19)
047, Adding, 7, UNIT_SKIRMISHER (3866661), UNITOPERATION_MOVE_TO (19)
047, Adding, 7, UNIT_TAOIST (851968), UNITOPERATION_MOVE_TO (19)
047, Adding, 8, UNIT_TRADER (1048588), UNITOPERATION_MAKE_TRADE_ROUTE (18)
047, Can't Start, 8, UNIT_TRADER (1048588), UNITOPERATION_MAKE_TRADE_ROUTE (18)
047, Adding, 8, UNIT_MAN_AT_ARMS (6422543), UNITOPERATION_MOVE_TO (19)
047, Adding, 8, UNIT_SETTLER (6815780), UNITOPERATION_MOVE_TO (19)
047, Adding, 8, UNIT_VIETNAMESE_VOI_CHIEN (5439490), UNITOPERATION_RANGE_ATTACK (26)
047, Adding, 8, UNIT_SWORDSMAN (4915249), UNITOPERATION_MOVE_TO (19)
047, Adding, 8, UNIT_VIETNAMESE_VOI_CHIEN (5439490), UNITOPERATION_MOVE_TO (19)
047, Adding, 8, UNIT_HORSEMAN (3604499), UNITOPERATION_MOVE_TO (19)
047, Adding, 8, UNIT_HORSEMAN (4587566), UNITOPERATION_MOVE_TO (19)
047, Adding, 8, UNIT_HORSEMAN (4587566), UNITOPERATION_MOVE_TO (19)
047, Adding, 8, UNIT_CATAPULT (3276804), UNITOPERATION_RANGE_ATTACK (26)
047, Adding, 8, UNIT_SWORDSMAN (3932199), UNITOPERATION_MOVE_TO (19)
047, Adding, 8, UNIT_CATAPULT (3276804), UNITOPERATION_MOVE_TO (19)
047, Adding, 8, UNIT_HORSEMAN (4587566), UNITOPERATION_MOVE_TO (19)
047, Adding, 8, UNIT_SWORDSMAN (4653103), UNITOPERATION_MOVE_TO (19)
047, Adding, 8, UNIT_SKIRMISHER (6750265), UNITOPERATION_MOVE_TO (19)
047, Adding, 8, UNIT_BUILDER (5963808), UNITOPERATION_SWAP_UNITS (49)
047, Can't Start, 8, UNIT_BUILDER (5963808), UNITOPERATION_SWAP_UNITS (49)
047, Adding, 8, UNIT_BUILDER (5963808), UNITOPERATION_MOVE_TO (19)
047, Adding, 8, UNIT_BUILDER (5963808), UNITOPERATION_REMOVE_FEATURE (28)
047, Adding, 8, UNIT_BUILDER (6619144), UNITOPERATION_SWAP_UNITS (49)
047, Can't Start, 8, UNIT_BUILDER (6619144), UNITOPERATION_SWAP_UNITS (49)
047, Adding, 8, UNIT_BUILDER (6619144), UNITOPERATION_MOVE_TO (19)
047, Adding, 8, UNIT_BUILDER (5636139), UNITOPERATION_SWAP_UNITS (49)
047, Can't Start, 8, UNIT_BUILDER (5636139), UNITOPERATION_SWAP_UNITS (49)
047, Adding, 8, UNIT_BUILDER (5636139), UNITOPERATION_MOVE_TO (19)
047, Adding, 8, UNIT_SKIRMISHER (4128809), UNITOPERATION_MOVE_TO (19)
047, Adding, 8, UNIT_SKIRMISHER (4522029), UNITOPERATION_SWAP_UNITS (49)
047, Can't Start, 8, UNIT_SKIRMISHER (4522029), UNITOPERATION_SWAP_UNITS (49)
047, Adding, 8, UNIT_SKIRMISHER (4522029), UNITOPERATION_MOVE_TO (19)
047, Adding, 8, UNIT_VIETNAMESE_VOI_CHIEN (7208961), UNITOPERATION_MOVE_TO (19)
047, Adding, 8, UNIT_VIETNAMESE_VOI_CHIEN (5832707), UNITOPERATION_MOVE_TO (19)
047, Adding, 8, UNIT_VIETNAMESE_VOI_CHIEN (7143429), UNITOPERATION_MOVE_TO (19)
047, Adding, 8, UNIT_HORSEMAN (3997710), UNITOPERATION_MOVE_TO (19)
047, Can't Start, 8, UNIT_HORSEMAN (3997710), UNITOPERATION_MOVE_TO (19)
047, Adding, 8, UNIT_HORSEMAN (2752528), UNITOPERATION_MOVE_TO (19)
047, Adding, 8, UNIT_VIETNAMESE_VOI_CHIEN (5111825), UNITOPERATION_MOVE_TO (19)
047, Adding, 8, UNIT_VIETNAMESE_VOI_CHIEN (5767195), UNITOPERATION_MOVE_TO (19)
047, Adding, 8, UNIT_VIETNAMESE_VOI_CHIEN (5046300), UNITOPERATION_MOVE_TO (19)
047, Adding, 8, UNIT_VIETNAMESE_VOI_CHIEN (5570604), UNITOPERATION_MOVE_TO (19)
047, Adding, 8, UNIT_MAN_AT_ARMS (6291506), UNITOPERATION_MOVE_TO (19)
047, Adding, 8, UNIT_MAN_AT_ARMS (6160436), UNITOPERATION_MOVE_TO (19)
047, Can't Start, 8, UNIT_MAN_AT_ARMS (6160436), UNITOPERATION_MOVE_TO (19)
047, Adding, 8, UNIT_MAN_AT_ARMS (6225973), UNITOPERATION_MOVE_TO (19)
047, Adding, 8, UNIT_MAN_AT_ARMS (7536700), UNITOPERATION_MOVE_TO (19)
047, Adding, 8, UNIT_VIETNAMESE_VOI_CHIEN (7405574), UNITOPERATION_MOVE_TO (19)
047, Adding, 8, UNIT_VIETNAMESE_VOI_CHIEN (6946823), UNITOPERATION_MOVE_TO (19)
047, Adding, 8, UNIT_VIETNAMESE_VOI_CHIEN (5373972), UNITOPERATION_MOVE_TO (19)
047, Adding, 8, UNIT_VIETNAMESE_VOI_CHIEN (6357013), UNITOPERATION_MOVE_TO (19)
047, Adding, 8, UNIT_VIETNAMESE_VOI_CHIEN (7340054), UNITOPERATION_MOVE_TO (19)
047, Adding, 8, UNIT_VIETNAMESE_VOI_CHIEN (6029335), UNITOPERATION_MOVE_TO (19)
047, Adding, 8, UNIT_VIETNAMESE_VOI_CHIEN (7667738), UNITOPERATION_MOVE_TO (19)
047, Adding, 8, UNIT_VIETNAMESE_VOI_CHIEN (7602205), UNITOPERATION_MOVE_TO (19)
047, Adding, 8, UNIT_VIETNAMESE_VOI_CHIEN (6881313), UNITOPERATION_MOVE_TO (19)
047, Adding, 8, UNIT_VIETNAMESE_VOI_CHIEN (7077922), UNITOPERATION_MOVE_TO (19)
047, Adding, 8, UNIT_VIETNAMESE_VOI_CHIEN (5308458), UNITOPERATION_MOVE_TO (19)
047, Adding, 8, UNIT_TREBUCHET (7274555), UNITOPERATION_MOVE_TO (19)
047, Adding, 8, UNIT_MISSIONARY (7471104), UNITOPERATION_MOVE_TO (19)
047, Adding, 8, UNIT_MISSIONARY (6094857), UNITOPERATION_MOVE_TO (19)
047, Adding, 8, UNIT_MISSIONARY (5177355), UNITOPERATION_MOVE_TO (19)
047, Adding, 8, UNIT_MISSIONARY (3866637), UNITOPERATION_MOVE_TO (19)
047, Adding, 8, UNIT_MISSIONARY (2621458), UNITOPERATION_SPREAD_RELIGION (38)
047, Adding, 8, UNIT_MISSIONARY (4259864), UNITOPERATION_MOVE_TO (19)
047, Adding, 8, UNIT_MISSIONARY (4849689), UNITOPERATION_MOVE_TO (19)
047, Adding, 8, UNIT_MISSIONARY (2883614), UNITOPERATION_SPREAD_RELIGION (38)
047, Adding, 8, UNIT_MISSIONARY (2949151), UNITOPERATION_MOVE_TO (19)
047, Adding, 8, UNIT_MISSIONARY (2949151), UNITOPERATION_SPREAD_RELIGION (38)
047, Adding, 8, UNIT_MISSIONARY (3407907), UNITOPERATION_SPREAD_RELIGION (38)
047, Adding, 8, UNIT_MISSIONARY (3670053), UNITOPERATION_MOVE_TO (19)
047, Adding, 8, UNIT_MISSIONARY (3670053), UNITOPERATION_SPREAD_RELIGION (38)
047, Can't Start, 8, UNIT_MISSIONARY (3670053), UNITOPERATION_SPREAD_RELIGION (38)
047, Adding, 8, UNIT_MISSIONARY (5701670), UNITOPERATION_MOVE_TO (19)
047, Adding, 8, UNIT_MISSIONARY (4063272), UNITOPERATION_MOVE_TO (19)
047, Adding, 8, UNIT_MISSIONARY (4784176), UNITOPERATION_MOVE_TO (19)
047, Adding, 8, UNIT_MISSIONARY (6488118), UNITOPERATION_MOVE_TO (19)
047, Adding, 8, UNIT_MISSIONARY (6684728), UNITOPERATION_MOVE_TO (19)
047, Adding, 8, UNIT_SKIRMISHER (6553655), UNITOPERATION_MOVE_TO (19)
047, Adding, 8, UNIT_SKIRMISHER (5505075), UNITOPERATION_MOVE_TO (19)
047, Adding, 8, UNIT_SKIRMISHER (5505075), UNITOPERATION_MOVE_TO (19)
047, Adding, 8, UNIT_SKIRMISHER (5505075), UNITOPERATION_MOVE_TO (19)
047, Adding, 8, UNIT_SKIRMISHER (5505075), UNITOPERATION_MOVE_TO (19)
047, Adding, 8, UNIT_SKIRMISHER (5505075), UNITOPERATION_MOVE_TO (19)
047, Adding, 8, UNIT_SKIRMISHER (5505075), UNITOPERATION_MOVE_TO (19)
047, Adding, 8, UNIT_SKIRMISHER (5242890), UNITOPERATION_MOVE_TO (19)
047, Adding, 8, UNIT_SKIRMISHER (7012410), UNITOPERATION_MOVE_TO (19)
047, Adding, 8, UNIT_SKIRMISHER (5242890), UNITOPERATION_MOVE_TO (19)
047, Adding, 8, UNIT_SKIRMISHER (5242890), UNITOPERATION_SKIP_TURN (36)
047, Adding, 8, UNIT_SKIRMISHER (7012410), UNITOPERATION_SKIP_TURN (36)
047, Can't Start, 8, UNIT_TRADER (1048588), UNITOPERATION_MAKE_TRADE_ROUTE (18)
047, Adding, 9, UNIT_CROSSBOWMAN (4587520), UNITOPERATION_SWAP_UNITS (49)
047, Adding, 9, UNIT_MAN_AT_ARMS (7929912), UNITOPERATION_SWAP_UNITS (49)
047, Can't Start, 9, UNIT_MAN_AT_ARMS (7929912), UNITOPERATION_SWAP_UNITS (49)
047, Adding, 9, UNIT_MAN_AT_ARMS (7929912), UNITOPERATION_MOVE_TO (19)
047, Adding, 9, UNIT_MAN_AT_ARMS (8126492), UNITOPERATION_SWAP_UNITS (49)
047, Can't Start, 9, UNIT_MAN_AT_ARMS (8126492), UNITOPERATION_SWAP_UNITS (49)
047, Adding, 9, UNIT_MAN_AT_ARMS (7012370), UNITOPERATION_MOVE_TO (19)
047, Adding, 9, UNIT_MAN_AT_ARMS (7471105), UNITOPERATION_SWAP_UNITS (49)
047, Can't Start, 9, UNIT_MAN_AT_ARMS (7471105), UNITOPERATION_SWAP_UNITS (49)
047, Adding, 9, UNIT_MAN_AT_ARMS (7471105), UNITOPERATION_MOVE_TO (19)
047, Adding, 9, UNIT_CROSSBOWMAN (5242890), UNITOPERATION_SWAP_UNITS (49)
047, Can't Start, 9, UNIT_CROSSBOWMAN (5242890), UNITOPERATION_SWAP_UNITS (49)
047, Adding, 9, UNIT_CROSSBOWMAN (5242890), UNITOPERATION_MOVE_TO (19)
047, Adding, 9, UNIT_CROSSBOWMAN (6160431), UNITOPERATION_MOVE_TO (19)
047, Adding, 9, UNIT_SETTLER (8060962), UNITOPERATION_MOVE_TO (19)
047, Adding, 9, UNIT_CROSSBOWMAN (4653096), UNITOPERATION_MOVE_TO (19)
047, Adding, 9, UNIT_MAN_AT_ARMS (7143426), UNITOPERATION_MOVE_TO (19)
047, Adding, 9, UNIT_CROSSBOWMAN (4980767), UNITOPERATION_SWAP_UNITS (49)
047, Can't Start, 9, UNIT_CROSSBOWMAN (4980767), UNITOPERATION_SWAP_UNITS (49)
047, Adding, 9, UNIT_CROSSBOWMAN (4980767), UNITOPERATION_MOVE_TO (19)
047, Adding, 9, UNIT_TREBUCHET (7536677), UNITOPERATION_RANGE_ATTACK (26)
047, Adding, 9, UNIT_TREBUCHET (7536677), UNITOPERATION_MOVE_TO (19)
047, Adding, 9, UNIT_SKIRMISHER (5636103), UNITOPERATION_SWAP_UNITS (49)
047, Can't Start, 9, UNIT_SKIRMISHER (5636103), UNITOPERATION_SWAP_UNITS (49)
047, Adding, 9, UNIT_SKIRMISHER (5636103), UNITOPERATION_MOVE_TO (19)
047, Adding, 9, UNIT_CROSSBOWMAN (6094894), UNITOPERATION_SWAP_UNITS (49)
047, Can't Start, 9, UNIT_CROSSBOWMAN (6094894), UNITOPERATION_SWAP_UNITS (49)
047, Adding, 9, UNIT_CROSSBOWMAN (6094894), UNITOPERATION_MOVE_TO (19)
047, Adding, 9, UNIT_MAN_AT_ARMS (7405580), UNITOPERATION_MOVE_TO (19)
047, Adding, 9, UNIT_COURSER (8257551), UNITOPERATION_MOVE_TO (19)
047, Adding, 9, UNIT_MAN_AT_ARMS (7733265), UNITOPERATION_MOVE_TO (19)
047, Adding, 9, UNIT_COURSER (8454174), UNITOPERATION_MOVE_TO (19)
047, Adding, 9, UNIT_MAN_AT_ARMS (8388641), UNITOPERATION_MOVE_TO (19)
047, Adding, 9, UNIT_MAN_AT_ARMS (7602212), UNITOPERATION_MOVE_TO (19)
047, Adding, 9, UNIT_MAN_AT_ARMS (6291505), UNITOPERATION_MOVE_TO (19)
047, Adding, 9, UNIT_MAN_AT_ARMS (6357042), UNITOPERATION_MOVE_TO (19)
047, Adding, 9, UNIT_MAN_AT_ARMS (6422579), UNITOPERATION_MOVE_TO (19)
047, Adding, 9, UNIT_MAN_AT_ARMS (6488116), UNITOPERATION_MOVE_TO (19)
047, Adding, 9, UNIT_MAN_AT_ARMS (6553653), UNITOPERATION_MOVE_TO (19)
047, Can't Start, 9, UNIT_MAN_AT_ARMS (6553653), UNITOPERATION_MOVE_TO (19)
047, Adding, 9, UNIT_MAN_AT_ARMS (7209015), UNITOPERATION_MOVE_TO (19)
047, Adding, 9, UNIT_MAN_AT_ARMS (7077893), UNITOPERATION_MOVE_TO (19)
047, Adding, 9, UNIT_CROSSBOWMAN (7864328), UNITOPERATION_MOVE_TO (19)
047, Adding, 9, UNIT_CROSSBOWMAN (4521995), UNITOPERATION_MOVE_TO (19)
047, Adding, 9, UNIT_CROSSBOWMAN (6946840), UNITOPERATION_MOVE_TO (19)
047, Adding, 9, UNIT_CROSSBOWMAN (5701661), UNITOPERATION_MOVE_TO (19)
047, Adding, 9, UNIT_CROSSBOWMAN (6750246), UNITOPERATION_MOVE_TO (19)
047, Adding, 9, UNIT_CROSSBOWMAN (4718633), UNITOPERATION_MOVE_TO (19)
047, Adding, 9, UNIT_CROSSBOWMAN (5308459), UNITOPERATION_MOVE_TO (19)
047, Adding, 9, UNIT_MAN_AT_ARMS (6619190), UNITOPERATION_MOVE_TO (19)
047, Adding, 9, UNIT_TREBUCHET (8323130), UNITOPERATION_MOVE_TO (19)
047, Adding, 9, UNIT_MISSIONARY (4390915), UNITOPERATION_MOVE_TO (19)
047, Adding, 9, UNIT_MISSIONARY (5570574), UNITOPERATION_MOVE_TO (19)
047, Adding, 9, UNIT_MISSIONARY (7798800), UNITOPERATION_MOVE_TO (19)
047, Adding, 9, UNIT_MISSIONARY (8192019), UNITOPERATION_MOVE_TO (19)
047, Adding, 9, UNIT_MISSIONARY (5177365), UNITOPERATION_MOVE_TO (19)
047, Adding, 9, UNIT_MISSIONARY (5439513), UNITOPERATION_MOVE_TO (19)
047, Adding, 9, UNIT_MISSIONARY (6881306), UNITOPERATION_MOVE_TO (19)
047, Adding, 9, UNIT_MISSIONARY (4915232), UNITOPERATION_MOVE_TO (19)
047, Adding, 9, UNIT_MISSIONARY (7274538), UNITOPERATION_MOVE_TO (19)
047, Adding, 9, UNIT_MISSIONARY (5832748), UNITOPERATION_MOVE_TO (19)
047, Adding, 9, UNIT_MISSIONARY (6225968), UNITOPERATION_MOVE_TO (19)
047, Adding, 9, UNIT_MISSIONARY (8519737), UNITOPERATION_MOVE_TO (19)
047, Adding, 9, UNIT_SKIRMISHER (5111830), UNITOPERATION_MOVE_TO (19)
047, Adding, 9, UNIT_BUILDER (5767191), UNITOPERATION_MOVE_TO (19)
047, Adding, 9, UNIT_BUILDER (5767191), UNITOPERATION_MOVE_TO (19)
047, Adding, 9, UNIT_BUILDER (5767191), UNITOPERATION_MOVE_TO (19)
047, Adding, 9, UNIT_SKIRMISHER (5046276), UNITOPERATION_MOVE_TO (19)
047, Adding, 9, UNIT_BUILDER (5767191), UNITOPERATION_MOVE_TO (19)
047, Adding, 9, UNIT_MILITARY_ENGINEER (8585255), UNITOPERATION_SKIP_TURN (36)
047, Adding, 9, UNIT_BUILDER (5963821), UNITOPERATION_SKIP_TURN (36)
047, Adding, 10, UNIT_CROSSBOWMAN (983040), UNITOPERATION_MOVE_TO (19)
047, Adding, 10, UNIT_SWORDSMAN (786433), UNITOPERATION_MOVE_TO (19)
047, Adding, 10, UNIT_SWORDSMAN (917506), UNITOPERATION_MOVE_TO (19)
047, Adding, 10, UNIT_SWORDSMAN (851971), UNITOPERATION_MOVE_TO (19)
047, Adding, 10, UNIT_SWORDSMAN (720902), UNITOPERATION_MOVE_TO (19)
047, Adding, 10, UNIT_SWORDSMAN (1114120), UNITOPERATION_MOVE_TO (19)
047, Adding, 10, UNIT_BUILDER (1048583), UNITOPERATION_SKIP_TURN (36)
047, Adding, 12, UNIT_CROSSBOWMAN (720898), UNITOPERATION_FORTIFY (12)
047, Can't Start, 12, UNIT_CROSSBOWMAN (720898), UNITOPERATION_FORTIFY (12)
047, Adding, 12, UNIT_SWORDSMAN (458752), UNITOPERATION_MOVE_TO (19)
047, Adding, 12, UNIT_SWORDSMAN (655361), UNITOPERATION_MOVE_TO (19)
047, Adding, 12, UNIT_CROSSBOWMAN (786435), UNITOPERATION_MOVE_TO (19)
047, Adding, 12, UNIT_SWORDSMAN (589829), UNITOPERATION_MOVE_TO (19)
047, Adding, 12, UNIT_BUILDER (524292), UNITOPERATION_SKIP_TURN (36)
047, Adding, 13, UNIT_SWORDSMAN (655361), UNITOPERATION_MOVE_TO (19)
047, Adding, 13, UNIT_CATAPULT (720898), UNITOPERATION_MOVE_TO (19)
047, Adding, 13, UNIT_HEAVY_CHARIOT (524292), UNITOPERATION_MOVE_TO (19)
047, Adding, 13, UNIT_SWORDSMAN (589829), UNITOPERATION_MOVE_TO (19)
047, Adding, 13, UNIT_BUILDER (786432), UNITOPERATION_SKIP_TURN (36)
047, Adding, 14, UNIT_CATAPULT (458755), UNITOPERATION_RANGE_ATTACK (26)
047, Adding, 14, UNIT_CATAPULT (458755), UNITOPERATION_MOVE_TO (19)
047, Adding, 14, UNIT_SWORDSMAN (655362), UNITOPERATION_MOVE_TO (19)
047, Adding, 14, UNIT_BUILDER (720896), UNITOPERATION_REMOVE_FEATURE (28)
047, Can't Start, 14, UNIT_BUILDER (720896), UNITOPERATION_REMOVE_FEATURE (28)
047, Adding, 15, UNIT_SWORDSMAN (983041), UNITOPERATION_MOVE_TO (19)
047, Adding, 15, UNIT_HORSEMAN (1179652), UNITOPERATION_MOVE_TO (19)
047, Adding, 15, UNIT_HORSEMAN (720902), UNITOPERATION_MOVE_TO (19)
047, Adding, 15, UNIT_SWORDSMAN (786439), UNITOPERATION_MOVE_TO (19)
047, Adding, 15, UNIT_SWORDSMAN (851976), UNITOPERATION_MOVE_TO (19)
047, Adding, 15, UNIT_SWORDSMAN (1048585), UNITOPERATION_MOVE_TO (19)
047, Adding, 15, UNIT_SWORDSMAN (1114122), UNITOPERATION_MOVE_TO (19)
047, Adding, 15, UNIT_BUILDER (917507), UNITOPERATION_SKIP_TURN (36)
047, Adding, 16, UNIT_CROSSBOWMAN (1310725), UNITOPERATION_RANGE_ATTACK (26)
047, Adding, 16, UNIT_CROSSBOWMAN (1310725), UNITOPERATION_MOVE_TO (19)
047, Adding, 16, UNIT_BUILDER (1179649), UNITOPERATION_SKIP_TURN (36)
047, Adding, 17, UNIT_BUILDER (720902), UNITOPERATION_SWAP_UNITS (49)
047, Can't Start, 17, UNIT_BUILDER (720902), UNITOPERATION_SWAP_UNITS (49)
047, Adding, 17, UNIT_BUILDER (720902), UNITOPERATION_MOVE_TO (19)
047, Adding, 17, UNIT_SWORDSMAN (1048577), UNITOPERATION_MOVE_TO (19)
047, Adding, 17, UNIT_SWORDSMAN (1114114), UNITOPERATION_MOVE_TO (19)
047, Adding, 17, UNIT_SWORDSMAN (851971), UNITOPERATION_MOVE_TO (19)
047, Adding, 17, UNIT_CROSSBOWMAN (1179652), UNITOPERATION_MOVE_TO (19)
047, Adding, 17, UNIT_SWORDSMAN (983045), UNITOPERATION_MOVE_TO (19)
047, Adding, 17, UNIT_SWORDSMAN (786439), UNITOPERATION_MOVE_TO (19)
047, Adding, 17, UNIT_SWORDSMAN (917512), UNITOPERATION_MOVE_TO (19)
047, Adding, 20, UNIT_SWORDSMAN (720896), UNITOPERATION_MOVE_TO (19)
047, Adding, 20, UNIT_CROSSBOWMAN (983041), UNITOPERATION_MOVE_TO (19)
047, Adding, 20, UNIT_CROSSBOWMAN (851970), UNITOPERATION_MOVE_TO (19)
047, Adding, 20, UNIT_HEAVY_CHARIOT (458756), UNITOPERATION_MOVE_TO (19)
047, Adding, 20, UNIT_CROSSBOWMAN (1048582), UNITOPERATION_MOVE_TO (19)
047, Adding, 20, UNIT_SWORDSMAN (786439), UNITOPERATION_MOVE_TO (19)
047, Adding, 20, UNIT_BUILDER (917509), UNITOPERATION_SKIP_TURN (36)
047, Adding, 21, UNIT_BUILDER (1245188), UNITOPERATION_SWAP_UNITS (49)
047, Can't Start, 21, UNIT_BUILDER (1245188), UNITOPERATION_SWAP_UNITS (49)
047, Adding, 21, UNIT_BUILDER (1245188), UNITOPERATION_MOVE_TO (19)
047, Adding, 21, UNIT_HEAVY_CHARIOT (524288), UNITOPERATION_MOVE_TO (19)
047, Adding, 21, UNIT_CROSSBOWMAN (851970), UNITOPERATION_MOVE_TO (19)
047, Adding, 21, UNIT_SWORDSMAN (1179651), UNITOPERATION_MOVE_TO (19)
047, Adding, 21, UNIT_SWORDSMAN (983045), UNITOPERATION_MOVE_TO (19)
047, Adding, 21, UNIT_CROSSBOWMAN (1114118), UNITOPERATION_MOVE_TO (19)
047, Adding, 21, UNIT_CATAPULT (720903), UNITOPERATION_MOVE_TO (19)
047, Adding, 21, UNIT_SWORDSMAN (786440), UNITOPERATION_MOVE_TO (19)
047, Adding, 21, UNIT_SWORDSMAN (917513), UNITOPERATION_MOVE_TO (19)
047, Adding, 3, UNIT_BUILDER (2031625), UNITOPERATION_MOVE_TO (19)
047, Adding, 1, UNIT_BABYLONIAN_SABUM_KIBITTUM (196608), UNITOPERATION_MOVE_TO (19)
047, Adding, 1, UNIT_BABYLONIAN_SABUM_KIBITTUM (196608), UNITOPERATION_FORTIFY (12)
047, Adding, 2, UNIT_BUILDER (1835018), UNITOPERATION_MOVE_TO (19)
047, Adding, 2, UNIT_BUILDER (1835018), UNITOPERATION_BUILD_IMPROVEMENT (2)
047, Adding, 1, UNIT_WARRIOR (131073), UNITOPERATION_MOVE_TO (19)
047, Adding, 0, UNIT_EGYPTIAN_CHARIOT_ARCHER (1572871), UNITOPERATION_RANGE_ATTACK (26)
047, Adding, 3, UNIT_BUILDER (2097159), UNITOPERATION_MOVE_TO (19)
047, Adding, 3, UNIT_BUILDER (2097159), UNITOPERATION_BUILD_IMPROVEMENT (2)
047, Adding, 1, UNIT_BABYLONIAN_SABUM_KIBITTUM (262146), UNITOPERATION_MOVE_TO (19)
047, Adding, 1, UNIT_BABYLONIAN_SABUM_KIBITTUM (262146), UNITOPERATION_MOVE_TO (19)
047, Adding, 2, UNIT_KNIGHT (1638407), UNITOPERATION_MOVE_TO (19)
047, Adding, 1, UNIT_BABYLONIAN_SABUM_KIBITTUM (262146), UNITOPERATION_MOVE_TO (19)
047, Adding, 3, UNIT_BUILDER (1835023), UNITOPERATION_MOVE_TO (19)
047, Adding, 2, UNIT_INDIAN_VARU (1507331), UNITOPERATION_MOVE_TO (19)
047, Adding, 1, UNIT_BABYLONIAN_SABUM_KIBITTUM (262146), UNITOPERATION_MOVE_TO (19)
047, Adding, 3, UNIT_BUILDER (1835023), UNITOPERATION_BUILD_IMPROVEMENT (2)
047, Adding, 1, UNIT_BABYLONIAN_SABUM_KIBITTUM (262146), UNITOPERATION_MOVE_TO (19)
047, Adding, 0, UNIT_EGYPTIAN_CHARIOT_ARCHER (917512), UNITOPERATION_MOVE_TO (19)
047, Adding, 2, UNIT_BUILDER (2031617), UNITOPERATION_MOVE_TO (19)
047, Adding, 2, UNIT_BUILDER (2031617), UNITOPERATION_BUILD_IMPROVEMENT (2)
047, Adding, 0, UNIT_EGYPTIAN_CHARIOT_ARCHER (917512), UNITOPERATION_RANGE_ATTACK (26)
047, Adding, 1, UNIT_SETTLER (2097171), UNITOPERATION_MOVE_TO (19)
047, Adding, 1, UNIT_SETTLER (2097171), UNITOPERATION_FOUND_CITY (14)
047, Adding, 2, UNIT_MISSIONARY (2097165), UNITOPERATION_MOVE_TO (19)
047, Adding, 1, UNIT_TRADER (2490385), UNITOPERATION_TELEPORT_TO_CITY (51)
047, Adding, 1, UNIT_SETTLER (2228234), UNITOPERATION_MOVE_TO (19)
047, Adding, 2, UNIT_MISSIONARY (2097165), UNITOPERATION_MOVE_TO (19)
047, Adding, 0, UNIT_VAMPIRE (262146), UNITOPERATION_MOVE_TO (19)
047, Adding, 1, UNIT_SETTLER (2228234), UNITOPERATION_FOUND_CITY (14)
047, Adding, 4, UNIT_CROSSBOWMAN (3538954), UNITOPERATION_MOVE_TO (19)
047, Adding, 0, UNIT_VAMPIRE (262146), UNITOPERATION_MOVE_TO (19)
047, Adding, 1, UNIT_SETTLER (2162700), UNITOPERATION_FOUND_CITY (14)
047, Adding, 2, UNIT_BUILDER (1900553), UNITOPERATION_MOVE_TO (19)
047, Adding, 2, UNIT_BUILDER (1900553), UNITOPERATION_BUILD_IMPROVEMENT (2)
047, Adding, 4, UNIT_CROSSBOWMAN (3538954), UNITOPERATION_RANGE_ATTACK (26)
047, Adding, 4, UNIT_VAMPIRE (196608), UNITOPERATION_MOVE_TO (19)
047, Adding, 1, UNIT_BUILDER (1966098), UNITOPERATION_MOVE_TO (19)
047, Adding, 4, UNIT_CROSSBOWMAN (3473421), UNITOPERATION_SWAP_UNITS (49)
047, Adding, 1, UNIT_BUILDER (1966098), UNITOPERATION_MOVE_TO (19)
047, Adding, 4, UNIT_CROSSBOWMAN (3473421), UNITOPERATION_RANGE_ATTACK (26)
047, Adding, 1, UNIT_BUILDER (2424843), UNITOPERATION_REMOVE_FEATURE (28)
047, Adding, 1, UNIT_BUILDER (2031625), UNITOPERATION_BUILD_IMPROVEMENT (2)
047, Adding, 4, UNIT_CROSSBOWMAN (3407886), UNITOPERATION_RANGE_ATTACK (26)
047, Adding, 4, UNIT_CROSSBOWMAN (3801100), UNITOPERATION_RANGE_ATTACK (26)
047, Adding, 0, UNIT_KNIGHT (2293777), UNITOPERATION_MOVE_TO (19)
047, Adding, 0, UNIT_CROSSBOWMAN (2490381), UNITOPERATION_MOVE_TO (19)
047, Adding, 4, UNIT_CROSSBOWMAN (3604485), UNITOPERATION_RANGE_ATTACK (26)
047, Adding, 1, UNIT_BUILDER (2293780), UNITOPERATION_MOVE_TO (19)
047, Adding, 3, UNIT_BUILDER (2228230), UNITOPERATION_MOVE_TO (19)
047, Adding, 3, UNIT_BUILDER (2228230), UNITOPERATION_BUILD_IMPROVEMENT (2)
047, Adding, 0, UNIT_KNIGHT (2293777), UNITOPERATION_FORTIFY (12)
047, Adding, 4, UNIT_GREAT_GENERAL (3276801), UNITOPERATION_SLEEP (37)
047, Adding, 0, UNIT_BUILDER (1900545), UNITOPERATION_MOVE_TO (19)
047, Adding, 4, UNIT_BUILDER (3080212), UNITOPERATION_REMOVE_FEATURE (28)
047, Adding, 1, UNIT_BUILDER (1835024), UNITOPERATION_REMOVE_FEATURE (28)
047, Adding, 1, UNIT_BUILDER (2359311), UNITOPERATION_BUILD_IMPROVEMENT (2)
047, Adding, 0, UNIT_BUILDER (2424851), UNITOPERATION_MOVE_TO (19)
047, Adding, 1, UNIT_BUILDER (2359311), UNITOPERATION_MOVE_TO (19)
047, Adding, 3, UNIT_BUILDER (1769485), UNITOPERATION_BUILD_IMPROVEMENT (2)
047, Adding, 4, UNIT_SPY (4063254), UNITOPERATION_SPY_TRAVEL_NEW_CITY (48)
047, Adding, 3, UNIT_BUILDER (2097159), UNITOPERATION_MOVE_TO (19)
047, Adding, 0, UNIT_BUILDER (2031632), UNITOPERATION_MOVE_TO (19)
047, Adding, 0, UNIT_BUILDER (2031632), UNITOPERATION_BUILD_IMPROVEMENT (2)
047, Adding, 0, UNIT_GREAT_GENERAL (2359308), UNITOPERATION_SKIP_TURN (36)
047, Adding, 4, UNIT_BUILDER (3211266), UNITOPERATION_MOVE_TO (19)
047, Adding, 4, UNIT_BUILDER (3211266), UNITOPERATION_BUILD_IMPROVEMENT (2)
047, Adding, 4, UNIT_BUILDER (3145731), UNITOPERATION_MOVE_TO (19)
047, Adding, 4, UNIT_BUILDER (3670034), UNITOPERATION_MOVE_TO (19)
047, Adding, 2, UNIT_KNIGHT (1638407), UNITOPERATION_MOVE_TO (19)
047, Adding, 2, UNIT_KNIGHT (1638407), UNITOPERATION_MOVE_TO (19)
047, Adding, 4, UNIT_BUILDER (3866631), UNITOPERATION_BUILD_IMPROVEMENT (2)
047, Adding, 4, UNIT_BUILDER (3735567), UNITOPERATION_MOVE_TO (19)
047, Adding, 1, UNIT_BUILDER (2031625), UNITOPERATION_MOVE_TO (19)
047, Adding, 1, UNIT_BUILDER (1966098), UNITOPERATION_MOVE_TO (19)
048, Adding, 5, UNIT_CROSSBOWMAN (5111855), UNITOPERATION_MOVE_TO (19)
048, Adding, 5, UNIT_CROSSBOWMAN (5111855), UNITOPERATION_RANGE_ATTACK (26)
048, Adding, 5, UNIT_CROSSBOWMAN (5111855), UNITOPERATION_MOVE_TO (19)
048, Adding, 5, UNIT_CROSSBOWMAN (3604482), UNITOPERATION_MOVE_TO (19)
048, Adding, 5, UNIT_MAN_AT_ARMS (4128805), UNITOPERATION_MOVE_TO (19)
048, Adding, 5, UNIT_MAN_AT_ARMS (4194314), UNITOPERATION_MOVE_TO (19)
048, Adding, 5, UNIT_KNIGHT (4784155), UNITOPERATION_MOVE_TO (19)
048, Adding, 5, UNIT_MAN_AT_ARMS (4587561), UNITOPERATION_MOVE_TO (19)
048, Can't Start, 5, UNIT_MAN_AT_ARMS (4587561), UNITOPERATION_MOVE_TO (19)
048, Adding, 5, UNIT_CROSSBOWMAN (3342365), UNITOPERATION_MOVE_TO (19)
048, Adding, 5, UNIT_SETTLER (3997731), UNITOPERATION_MOVE_TO (19)
048, Adding, 5, UNIT_SCOUT (262147), UNITOPERATION_SWAP_UNITS (49)
048, Can't Start, 5, UNIT_SCOUT (262147), UNITOPERATION_SWAP_UNITS (49)
048, Adding, 5, UNIT_SCOUT (262147), UNITOPERATION_MOVE_TO (19)
048, Adding, 5, UNIT_MACEDONIAN_HETAIROI (3014660), UNITOPERATION_SWAP_UNITS (49)
048, Can't Start, 5, UNIT_MACEDONIAN_HETAIROI (3014660), UNITOPERATION_SWAP_UNITS (49)
048, Adding, 5, UNIT_MACEDONIAN_HETAIROI (3014660), UNITOPERATION_MOVE_TO (19)
048, Adding, 5, UNIT_MACEDONIAN_HETAIROI (2031624), UNITOPERATION_SWAP_UNITS (49)
048, Can't Start, 5, UNIT_MACEDONIAN_HETAIROI (2031624), UNITOPERATION_SWAP_UNITS (49)
048, Adding, 5, UNIT_MACEDONIAN_HETAIROI (2031624), UNITOPERATION_MOVE_TO (19)
048, Adding, 5, UNIT_MACEDONIAN_HETAIROI (2097163), UNITOPERATION_SWAP_UNITS (49)
048, Can't Start, 5, UNIT_MACEDONIAN_HETAIROI (2097163), UNITOPERATION_SWAP_UNITS (49)
048, Adding, 5, UNIT_MACEDONIAN_HETAIROI (2097163), UNITOPERATION_MOVE_TO (19)
048, Adding, 5, UNIT_MACEDONIAN_HETAIROI (2555916), UNITOPERATION_SWAP_UNITS (49)
048, Can't Start, 5, UNIT_MACEDONIAN_HETAIROI (2555916), UNITOPERATION_SWAP_UNITS (49)
048, Adding, 5, UNIT_MACEDONIAN_HETAIROI (2555916), UNITOPERATION_MOVE_TO (19)
048, Adding, 5, UNIT_MACEDONIAN_HETAIROI (1900567), UNITOPERATION_SWAP_UNITS (49)
048, Can't Start, 5, UNIT_MACEDONIAN_HETAIROI (1900567), UNITOPERATION_SWAP_UNITS (49)
048, Adding, 5, UNIT_MACEDONIAN_HETAIROI (1900567), UNITOPERATION_MOVE_TO (19)
048, Adding, 5, UNIT_GREAT_ENGINEER (4980781), UNITOPERATION_SWAP_UNITS (49)
048, Can't Start, 5, UNIT_GREAT_ENGINEER (4980781), UNITOPERATION_SWAP_UNITS (49)
048, Adding, 5, UNIT_GREAT_ENGINEER (4980781), UNITOPERATION_MOVE_TO (19)
048, Adding, 5, UNIT_GREAT_SCIENTIST (3932176), UNITOPERATION_MOVE_TO (19)
048, Can't Start, 5, UNIT_GREAT_SCIENTIST (3932176), UNITOPERATION_MOVE_TO (19)
048, Adding, 5, UNIT_MAN_AT_ARMS (4521989), UNITOPERATION_MOVE_TO (19)
048, Adding, 5, UNIT_VAMPIRE (655367), UNITOPERATION_MOVE_TO (19)
048, Adding, 5, UNIT_CROSSBOWMAN (3801101), UNITOPERATION_MOVE_TO (19)
048, Adding, 5, UNIT_SKIRMISHER (3211278), UNITOPERATION_MOVE_TO (19)
048, Adding, 5, UNIT_MAN_AT_ARMS (4456463), UNITOPERATION_MOVE_TO (19)
048, Adding, 5, UNIT_SKIRMISHER (3407892), UNITOPERATION_MOVE_TO (19)
048, Adding, 5, UNIT_CROSSBOWMAN (4849685), UNITOPERATION_MOVE_TO (19)
048, Adding, 5, UNIT_MACEDONIAN_HETAIROI (1966104), UNITOPERATION_MOVE_TO (19)
048, Adding, 5, UNIT_MACEDONIAN_HETAIROI (2228249), UNITOPERATION_MOVE_TO (19)
048, Adding, 5, UNIT_SKIRMISHER (3145759), UNITOPERATION_MOVE_TO (19)
048, Adding, 5, UNIT_CROSSBOWMAN (3735585), UNITOPERATION_MOVE_TO (19)
048, Adding, 5, UNIT_CROSSBOWMAN (4063268), UNITOPERATION_MOVE_TO (19)
048, Adding, 5, UNIT_MAN_AT_ARMS (4325415), UNITOPERATION_MOVE_TO (19)
048, Adding, 5, UNIT_MAN_AT_ARMS (4390952), UNITOPERATION_MOVE_TO (19)
048, Adding, 5, UNIT_MAN_AT_ARMS (4718635), UNITOPERATION_MOVE_TO (19)
048, Adding, 5, UNIT_KNIGHT (5046318), UNITOPERATION_MOVE_TO (19)
048, Adding, 5, UNIT_MISSIONARY (2621441), UNITOPERATION_MOVE_TO (19)
048, Adding, 5, UNIT_MISSIONARY (3276806), UNITOPERATION_MOVE_TO (19)
048, Adding, 5, UNIT_MISSIONARY (2359305), UNITOPERATION_MOVE_TO (19)
048, Adding, 5, UNIT_MISSIONARY (2359305), UNITOPERATION_REMOVE_HERESY (29)
048, Can't Start, 5, UNIT_MISSIONARY (2359305), UNITOPERATION_REMOVE_HERESY (29)
048, Adding, 5, UNIT_MISSIONARY (2424850), UNITOPERATION_MOVE_TO (19)
048, Adding, 5, UNIT_MISSIONARY (3670035), UNITOPERATION_MOVE_TO (19)
048, Adding, 5, UNIT_MISSIONARY (3080222), UNITOPERATION_MOVE_TO (19)
048, Adding, 5, UNIT_MISSIONARY (4259878), UNITOPERATION_MOVE_TO (19)
048, Adding, 5, UNIT_MISSIONARY (4653098), UNITOPERATION_MOVE_TO (19)
048, Adding, 5, UNIT_MISSIONARY (4653098), UNITOPERATION_REMOVE_HERESY (29)
048, Can't Start, 5, UNIT_MISSIONARY (4653098), UNITOPERATION_REMOVE_HERESY (29)
048, Adding, 5, UNIT_MISSIONARY (5177392), UNITOPERATION_MOVE_TO (19)
048, Adding, 5, UNIT_BUILDER (1835030), UNITOPERATION_MOVE_TO (19)
048, Adding, 5, UNIT_BUILDER (1835030), UNITOPERATION_MOVE_TO (19)
048, Adding, 5, UNIT_BUILDER (1835030), UNITOPERATION_MOVE_TO (19)
048, Adding, 5, UNIT_BUILDER (1835030), UNITOPERATION_MOVE_TO (19)
048, Adding, 5, UNIT_BUILDER (1835030), UNITOPERATION_MOVE_TO (19)
048, Adding, 5, UNIT_BUILDER (1835030), UNITOPERATION_MOVE_TO (19)
048, Adding, 5, UNIT_BUILDER (2752540), UNITOPERATION_SKIP_TURN (36)
048, Adding, 5, UNIT_BUILDER (3473440), UNITOPERATION_SKIP_TURN (36)
048, Adding, 5, UNIT_BUILDER (4915244), UNITOPERATION_SKIP_TURN (36)
048, Can't Start, 5, UNIT_MISSIONARY (2359305), UNITOPERATION_REMOVE_HERESY (29)
048, Adding, 6, UNIT_SWORDSMAN (4128779), UNITOPERATION_MOVE_TO (19)
048, Adding, 6, UNIT_SETTLER (6029360), UNITOPERATION_MOVE_TO (19)
048, Adding, 6, UNIT_SCOUT (262147), UNITOPERATION_SWAP_UNITS (49)
048, Can't Start, 6, UNIT_SCOUT (262147), UNITOPERATION_SWAP_UNITS (49)
048, Adding, 6, UNIT_SCOUT (262147), UNITOPERATION_MOVE_TO (19)
048, Adding, 6, UNIT_BUILDER (5767192), UNITOPERATION_BUILD_IMPROVEMENT (2)
048, Adding, 6, UNIT_BUILDER (6160434), UNITOPERATION_SWAP_UNITS (49)
048, Can't Start, 6, UNIT_BUILDER (6160434), UNITOPERATION_SWAP_UNITS (49)
048, Adding, 6, UNIT_BUILDER (6160434), UNITOPERATION_MOVE_TO (19)
048, Adding, 6, UNIT_BUILDER (4259874), UNITOPERATION_SWAP_UNITS (49)
048, Can't Start, 6, UNIT_BUILDER (4259874), UNITOPERATION_SWAP_UNITS (49)
048, Adding, 6, UNIT_BUILDER (4259874), UNITOPERATION_MOVE_TO (19)
048, Adding, 6, UNIT_BUILDER (4259874), UNITOPERATION_BUILD_IMPROVEMENT (2)
048, Adding, 6, UNIT_BUILDER (6094897), UNITOPERATION_SWAP_UNITS (49)
048, Can't Start, 6, UNIT_BUILDER (6094897), UNITOPERATION_SWAP_UNITS (49)
048, Adding, 6, UNIT_BUILDER (6094897), UNITOPERATION_MOVE_TO (19)
048, Adding, 6, UNIT_BUILDER (5767192), UNITOPERATION_SWAP_UNITS (49)
048, Can't Start, 6, UNIT_BUILDER (5767192), UNITOPERATION_SWAP_UNITS (49)
048, Adding, 6, UNIT_BUILDER (5767192), UNITOPERATION_MOVE_TO (19)
048, Adding, 6, UNIT_SKIRMISHER (3407909), UNITOPERATION_MOVE_TO (19)
048, Adding, 6, UNIT_CATAPULT (2621457), UNITOPERATION_FORTIFY (12)
048, Can't Start, 6, UNIT_CATAPULT (2621457), UNITOPERATION_FORTIFY (12)
048, Adding, 6, UNIT_CROSSBOWMAN (5832704), UNITOPERATION_MOVE_TO (19)
048, Adding, 6, UNIT_CROSSBOWMAN (6422529), UNITOPERATION_MOVE_TO (19)
048, Adding, 6, UNIT_SWORDSMAN (4456450), UNITOPERATION_MOVE_TO (19)
048, Adding, 6, UNIT_SWORDSMAN (2818054), UNITOPERATION_MOVE_TO (19)
048, Can't Start, 6, UNIT_SWORDSMAN (2818054), UNITOPERATION_MOVE_TO (19)
048, Adding, 6, UNIT_CROSSBOWMAN (6488071), UNITOPERATION_MOVE_TO (19)
048, Adding, 6, UNIT_SWORDSMAN (2686985), UNITOPERATION_MOVE_TO (19)
048, Can't Start, 6, UNIT_SWORDSMAN (2686985), UNITOPERATION_MOVE_TO (19)
048, Adding, 6, UNIT_SWORDSMAN (4587534), UNITOPERATION_MOVE_TO (19)
048, Adding, 6, UNIT_CROSSBOWMAN (5505040), UNITOPERATION_MOVE_TO (19)
048, Adding, 6, UNIT_SWORDSMAN (4718610), UNITOPERATION_MOVE_TO (19)
048, Can't Start, 6, UNIT_SWORDSMAN (4718610), UNITOPERATION_MOVE_TO (19)
048, Adding, 6, UNIT_CROSSBOWMAN (4915220), UNITOPERATION_MOVE_TO (19)
048, Adding, 6, UNIT_CROSSBOWMAN (4784149), UNITOPERATION_MOVE_TO (19)
048, Adding, 6, UNIT_SWORDSMAN (2752542), UNITOPERATION_MOVE_TO (19)
048, Adding, 6, UNIT_SWORDSMAN (3145761), UNITOPERATION_MOVE_TO (19)
048, Adding, 6, UNIT_CROSSBOWMAN (5177382), UNITOPERATION_MOVE_TO (19)
048, Adding, 6, UNIT_SWORDSMAN (3866664), UNITOPERATION_MOVE_TO (19)
048, Adding, 6, UNIT_SWORDSMAN (3932201), UNITOPERATION_MOVE_TO (19)
048, Adding, 6, UNIT_SWORDSMAN (5373996), UNITOPERATION_MOVE_TO (19)
048, Can't Start, 6, UNIT_SWORDSMAN (5373996), UNITOPERATION_MOVE_TO (19)
048, Adding, 6, UNIT_CROSSBOWMAN (5636142), UNITOPERATION_MOVE_TO (19)
048, Adding, 6, UNIT_CROSSBOWMAN (6291503), UNITOPERATION_MOVE_TO (19)
048, Adding, 6, UNIT_HEAVY_CHARIOT (2359322), UNITOPERATION_MOVE_TO (19)
048, Adding, 6, UNIT_CATAPULT (2490396), UNITOPERATION_MOVE_TO (19)
048, Adding, 6, UNIT_APOSTLE (6225971), UNITOPERATION_SWAP_UNITS (49)
048, Can't Start, 6, UNIT_APOSTLE (6225971), UNITOPERATION_SWAP_UNITS (49)
048, Adding, 6, UNIT_APOSTLE (6225971), UNITOPERATION_MOVE_TO (19)
048, Adding, 6, UNIT_APOSTLE (5570605), UNITOPERATION_SWAP_UNITS (49)
048, Can't Start, 6, UNIT_APOSTLE (5570605), UNITOPERATION_SWAP_UNITS (49)
048, Adding, 6, UNIT_APOSTLE (5570605), UNITOPERATION_MOVE_TO (19)
048, Adding, 6, UNIT_APOSTLE (5111851), UNITOPERATION_SWAP_UNITS (49)
048, Can't Start, 6, UNIT_APOSTLE (5111851), UNITOPERATION_SWAP_UNITS (49)
048, Adding, 6, UNIT_APOSTLE (5111851), UNITOPERATION_MOVE_TO (19)
048, Adding, 6, UNIT_APOSTLE (5898262), UNITOPERATION_MOVE_TO (19)
048, Adding, 6, UNIT_APOSTLE (6225971), UNITOPERATION_MOVE_TO (19)
048, Adding, 6, UNIT_APOSTLE (5570605), UNITOPERATION_MOVE_TO (19)
048, Adding, 6, UNIT_APOSTLE (5308435), UNITOPERATION_MOVE_TO (19)
048, Adding, 6, UNIT_APOSTLE (5701667), UNITOPERATION_MOVE_TO (19)
048, Adding, 6, UNIT_APOSTLE (5308435), UNITOPERATION_MOVE_TO (19)
048, Can't Start, 6, UNIT_APOSTLE (5308435), UNITOPERATION_MOVE_TO (19)
048, Adding, 6, UNIT_APOSTLE (5701667), UNITOPERATION_MOVE_TO (19)
048, Can't Start, 6, UNIT_APOSTLE (5701667), UNITOPERATION_MOVE_TO (19)
048, Adding, 6, UNIT_APOSTLE (5308435), UNITOPERATION_MOVE_TO (19)
048, Can't Start, 6, UNIT_APOSTLE (5308435), UNITOPERATION_MOVE_TO (19)
048, Adding, 6, UNIT_APOSTLE (5701667), UNITOPERATION_MOVE_TO (19)
048, Can't Start, 6, UNIT_APOSTLE (5701667), UNITOPERATION_MOVE_TO (19)
048, Adding, 6, UNIT_MISSIONARY (3735557), UNITOPERATION_MOVE_TO (19)
048, Adding, 6, UNIT_TAOIST (786440), UNITOPERATION_MOVE_TO (19)
048, Adding, 6, UNIT_APOSTLE (5898262), UNITOPERATION_MOVE_TO (19)
048, Adding, 6, UNIT_MISSIONARY (2162711), UNITOPERATION_MOVE_TO (19)
048, Adding, 6, UNIT_MISSIONARY (2293785), UNITOPERATION_MOVE_TO (19)
048, Adding, 6, UNIT_MISSIONARY (2424859), UNITOPERATION_MOVE_TO (19)
048, Adding, 6, UNIT_MISSIONARY (2555933), UNITOPERATION_SPREAD_RELIGION (38)
048, Adding, 6, UNIT_MISSIONARY (2883615), UNITOPERATION_SPREAD_RELIGION (38)
048, Adding, 6, UNIT_MISSIONARY (3342372), UNITOPERATION_MOVE_TO (19)
048, Adding, 6, UNIT_APOSTLE (5111851), UNITOPERATION_MOVE_TO (19)
048, Adding, 6, UNIT_APOSTLE (5570605), UNITOPERATION_MOVE_TO (19)
048, Adding, 6, UNIT_APOSTLE (6225971), UNITOPERATION_MOVE_TO (19)
048, Adding, 6, UNIT_SKIRMISHER (3473440), UNITOPERATION_MOVE_TO (19)
048, Adding, 6, UNIT_SKIRMISHER (3473440), UNITOPERATION_MOVE_TO (19)
048, Adding, 6, UNIT_SKIRMISHER (3473440), UNITOPERATION_MOVE_TO (19)
048, Adding, 6, UNIT_SKIRMISHER (3473440), UNITOPERATION_MOVE_TO (19)
048, Adding, 6, UNIT_SKIRMISHER (3473440), UNITOPERATION_MOVE_TO (19)
048, Adding, 6, UNIT_SKIRMISHER (3473440), UNITOPERATION_MOVE_TO (19)
048, Adding, 6, UNIT_SKIRMISHER (4194308), UNITOPERATION_MOVE_TO (19)
048, Adding, 6, UNIT_SKIRMISHER (4063245), UNITOPERATION_MOVE_TO (19)
048, Adding, 6, UNIT_SKIRMISHER (4390927), UNITOPERATION_MOVE_TO (19)
048, Adding, 6, UNIT_SKIRMISHER (3801127), UNITOPERATION_MOVE_TO (19)
048, Adding, 6, UNIT_SKIRMISHER (3997738), UNITOPERATION_MOVE_TO (19)
048, Adding, 6, UNIT_SKIRMISHER (4194308), UNITOPERATION_SKIP_TURN (36)
048, Adding, 6, UNIT_SKIRMISHER (4063245), UNITOPERATION_SKIP_TURN (36)
048, Adding, 6, UNIT_SKIRMISHER (4390927), UNITOPERATION_SKIP_TURN (36)
048, Adding, 6, UNIT_SKIRMISHER (3801127), UNITOPERATION_SKIP_TURN (36)
048, Adding, 6, UNIT_SKIRMISHER (3997738), UNITOPERATION_SKIP_TURN (36)
048, Can't Start, 6, UNIT_APOSTLE (5308435), UNITOPERATION_MOVE_TO (19)
048, Can't Start, 6, UNIT_APOSTLE (5701667), UNITOPERATION_MOVE_TO (19)
048, Adding, 7, UNIT_MAN_AT_ARMS (5636122), UNITOPERATION_SWAP_UNITS (49)
048, Can't Start, 7, UNIT_MAN_AT_ARMS (5636122), UNITOPERATION_SWAP_UNITS (49)
048, Adding, 7, UNIT_MAN_AT_ARMS (5636122), UNITOPERATION_MOVE_TO (19)
048, Adding, 7, UNIT_MAN_AT_ARMS (5636122), UNITOPERATION_MOVE_TO (19)
048, Adding, 7, UNIT_SETTLER (5832726), UNITOPERATION_MOVE_TO (19)
048, Adding, 7, UNIT_SETTLER (5832726), UNITOPERATION_MOVE_TO (19)
048, Adding, 7, UNIT_CATAPULT (4456488), UNITOPERATION_RANGE_ATTACK (26)
048, Adding, 7, UNIT_CATAPULT (4456488), UNITOPERATION_MOVE_TO (19)
048, Adding, 7, UNIT_SKIRMISHER (3670036), UNITOPERATION_MOVE_TO (19)
048, Can't Start, 7, UNIT_SKIRMISHER (3670036), UNITOPERATION_MOVE_TO (19)
048, Adding, 7, UNIT_SKIRMISHER (3670036), UNITOPERATION_PILLAGE (23)
048, Adding, 7, UNIT_SKIRMISHER (3407907), UNITOPERATION_MOVE_TO (19)
048, Adding, 7, UNIT_SWORDSMAN (3801104), UNITOPERATION_MOVE_TO (19)
048, Adding, 7, UNIT_WARRIOR (1835031), UNITOPERATION_MOVE_TO (19)
048, Adding, 7, UNIT_WARRIOR (1900568), UNITOPERATION_MOVE_TO (19)
048, Adding, 7, UNIT_SKIRMISHER (3932181), UNITOPERATION_MOVE_TO (19)
048, Adding, 7, UNIT_SWORDSMAN (3080201), UNITOPERATION_MOVE_TO (19)
048, Adding, 7, UNIT_SWORDSMAN (3473444), UNITOPERATION_MOVE_TO (19)
048, Adding, 7, UNIT_SWORDSMAN (2490398), UNITOPERATION_MOVE_TO (19)
048, Adding, 7, UNIT_SWORDSMAN (3211279), UNITOPERATION_MOVE_TO (19)
048, Adding, 7, UNIT_SKIRMISHER (4849692), UNITOPERATION_MOVE_TO (19)
048, Adding, 7, UNIT_SCOUT (589826), UNITOPERATION_SWAP_UNITS (49)
048, Can't Start, 7, UNIT_SCOUT (589826), UNITOPERATION_SWAP_UNITS (49)
048, Adding, 7, UNIT_SCOUT (589826), UNITOPERATION_MOVE_TO (19)
048, Adding, 7, UNIT_SCOUT (393220), UNITOPERATION_SWAP_UNITS (49)
048, Can't Start, 7, UNIT_SCOUT (393220), UNITOPERATION_SWAP_UNITS (49)
048, Adding, 7, UNIT_SCOUT (393220), UNITOPERATION_MOVE_TO (19)
048, Adding, 7, UNIT_SWORDSMAN (3014666), UNITOPERATION_SWAP_UNITS (49)
048, Can't Start, 7, UNIT_SWORDSMAN (3014666), UNITOPERATION_SWAP_UNITS (49)
048, Adding, 7, UNIT_SWORDSMAN (3014666), UNITOPERATION_MOVE_TO (19)
048, Adding, 7, UNIT_WARRIOR (1048588), UNITOPERATION_SWAP_UNITS (49)
048, Can't Start, 7, UNIT_WARRIOR (1048588), UNITOPERATION_SWAP_UNITS (49)
048, Adding, 7, UNIT_WARRIOR (1048588), UNITOPERATION_MOVE_TO (19)
048, Adding, 7, UNIT_WARRIOR (1966105), UNITOPERATION_SWAP_UNITS (49)
048, Can't Start, 7, UNIT_WARRIOR (1966105), UNITOPERATION_SWAP_UNITS (49)
048, Adding, 7, UNIT_WARRIOR (1966105), UNITOPERATION_MOVE_TO (19)
048, Adding, 7, UNIT_SWORDSMAN (2555935), UNITOPERATION_SWAP_UNITS (49)
048, Can't Start, 7, UNIT_SWORDSMAN (2555935), UNITOPERATION_SWAP_UNITS (49)
048, Adding, 7, UNIT_SWORDSMAN (2555935), UNITOPERATION_MOVE_TO (19)
048, Adding, 7, UNIT_SWORDSMAN (2621472), UNITOPERATION_SWAP_UNITS (49)
048, Can't Start, 7, UNIT_SWORDSMAN (2621472), UNITOPERATION_SWAP_UNITS (49)
048, Adding, 7, UNIT_SWORDSMAN (2621472), UNITOPERATION_MOVE_TO (19)
048, Adding, 7, UNIT_SWORDSMAN (2687009), UNITOPERATION_SWAP_UNITS (49)
048, Can't Start, 7, UNIT_SWORDSMAN (2687009), UNITOPERATION_SWAP_UNITS (49)
048, Adding, 7, UNIT_SWORDSMAN (2687009), UNITOPERATION_MOVE_TO (19)
048, Adding, 7, UNIT_MAN_AT_ARMS (5701651), UNITOPERATION_MOVE_TO (19)
048, Adding, 7, UNIT_MAN_AT_ARMS (5439515), UNITOPERATION_MOVE_TO (19)
048, Adding, 7, UNIT_SKIRMISHER (3866661), UNITOPERATION_MOVE_TO (19)
048, Adding, 7, UNIT_MAN_AT_ARMS (5505038), UNITOPERATION_MOVE_TO (19)
048, Adding, 7, UNIT_CROSSBOWMAN (5308455), UNITOPERATION_MOVE_TO (19)
048, Adding, 7, UNIT_MAN_AT_ARMS (5767175), UNITOPERATION_MOVE_TO (19)
048, Adding, 7, UNIT_BUILDER (4718636), UNITOPERATION_SWAP_UNITS (49)
048, Can't Start, 7, UNIT_BUILDER (4718636), UNITOPERATION_SWAP_UNITS (49)
048, Adding, 7, UNIT_BUILDER (4718636), UNITOPERATION_MOVE_TO (19)
048, Adding, 7, UNIT_BUILDER (4980741), UNITOPERATION_SWAP_UNITS (49)
048, Can't Start, 7, UNIT_BUILDER (4980741), UNITOPERATION_SWAP_UNITS (49)
048, Adding, 7, UNIT_BUILDER (4980741), UNITOPERATION_MOVE_TO (19)
048, Adding, 7, UNIT_BUILDER (4980741), UNITOPERATION_BUILD_IMPROVEMENT (2)
048, Adding, 7, UNIT_BUILDER (5898248), UNITOPERATION_SWAP_UNITS (49)
048, Can't Start, 7, UNIT_BUILDER (5898248), UNITOPERATION_SWAP_UNITS (49)
048, Adding, 7, UNIT_BUILDER (5898248), UNITOPERATION_MOVE_TO (19)
048, Adding, 7, UNIT_GREAT_WRITER (5373990), UNITOPERATION_SWAP_UNITS (49)
048, Can't Start, 7, UNIT_GREAT_WRITER (5373990), UNITOPERATION_SWAP_UNITS (49)
048, Adding, 7, UNIT_GREAT_WRITER (5373990), UNITOPERATION_MOVE_TO (19)
048, Adding, 7, UNIT_GREAT_WRITER (5046306), UNITOPERATION_SWAP_UNITS (49)
048, Can't Start, 7, UNIT_GREAT_WRITER (5046306), UNITOPERATION_SWAP_UNITS (49)
048, Adding, 7, UNIT_GREAT_WRITER (5046306), UNITOPERATION_MOVE_TO (19)
048, Adding, 7, UNIT_GREAT_ARTIST (5963779), UNITOPERATION_SWAP_UNITS (49)
048, Can't Start, 7, UNIT_GREAT_ARTIST (5963779), UNITOPERATION_SWAP_UNITS (49)
048, Adding, 7, UNIT_GREAT_ARTIST (5963779), UNITOPERATION_MOVE_TO (19)
048, Adding, 7, UNIT_SKIRMISHER (3538973), UNITOPERATION_MOVE_TO (19)
048, Adding, 7, UNIT_MAN_AT_ARMS (5111821), UNITOPERATION_FORTIFY (12)
048, Can't Start, 7, UNIT_MAN_AT_ARMS (5111821), UNITOPERATION_FORTIFY (12)
048, Adding, 7, UNIT_SKIRMISHER (4587562), UNITOPERATION_MOVE_TO (19)
048, Adding, 7, UNIT_SKIRMISHER (4587562), UNITOPERATION_PILLAGE (23)
048, Can't Start, 7, UNIT_SKIRMISHER (4587562), UNITOPERATION_PILLAGE (23)
048, Adding, 7, UNIT_SKIRMISHER (4587562), UNITOPERATION_SKIP_TURN (36)
048, Adding, 7, UNIT_SKIRMISHER (4522025), UNITOPERATION_MOVE_TO (19)
048, Adding, 7, UNIT_SKIRMISHER (4522025), UNITOPERATION_PILLAGE (23)
048, Can't Start, 7, UNIT_SKIRMISHER (4522025), UNITOPERATION_PILLAGE (23)
048, Adding, 7, UNIT_SKIRMISHER (4522025), UNITOPERATION_SKIP_TURN (36)
048, Adding, 7, UNIT_MAN_AT_ARMS (5570603), UNITOPERATION_MOVE_TO (19)
048, Can't Start, 7, UNIT_MAN_AT_ARMS (5570603), UNITOPERATION_MOVE_TO (19)
048, Adding, 7, UNIT_MAN_AT_ARMS (5242925), UNITOPERATION_MOVE_TO (19)
048, Adding, 7, UNIT_MAN_AT_ARMS (5177350), UNITOPERATION_MOVE_TO (19)
048, Adding, 7, UNIT_SKIRMISHER (3735570), UNITOPERATION_MOVE_TO (19)
048, Adding, 7, UNIT_SKIRMISHER (3735570), UNITOPERATION_MOVE_TO (19)
048, Adding, 7, UNIT_SKIRMISHER (3735570), UNITOPERATION_MOVE_TO (19)
048, Adding, 7, UNIT_SKIRMISHER (3735570), UNITOPERATION_MOVE_TO (19)
048, Adding, 7, UNIT_SKIRMISHER (3735570), UNITOPERATION_MOVE_TO (19)
048, Adding, 7, UNIT_SKIRMISHER (3735570), UNITOPERATION_MOVE_TO (19)
048, Adding, 7, UNIT_TAOIST (851968), UNITOPERATION_MOVE_TO (19)
048, Adding, 7, UNIT_TAOIST (851968), UNITOPERATION_SKIP_TURN (36)
048, Adding, 8, UNIT_TRADER (1048588), UNITOPERATION_MAKE_TRADE_ROUTE (18)
048, Can't Start, 8, UNIT_TRADER (1048588), UNITOPERATION_MAKE_TRADE_ROUTE (18)
048, Adding, 8, UNIT_MAN_AT_ARMS (6422543), UNITOPERATION_MOVE_TO (19)
048, Adding, 8, UNIT_SETTLER (6815780), UNITOPERATION_MOVE_TO (19)
048, Can't Start, 8, UNIT_SETTLER (6815780), UNITOPERATION_MOVE_TO (19)
048, Adding, 8, UNIT_HORSEMAN (3604499), UNITOPERATION_SWAP_UNITS (49)
048, Adding, 8, UNIT_HORSEMAN (4587566), UNITOPERATION_SWAP_UNITS (49)
048, Can't Start, 8, UNIT_HORSEMAN (4587566), UNITOPERATION_SWAP_UNITS (49)
048, Adding, 8, UNIT_VIETNAMESE_VOI_CHIEN (5439490), UNITOPERATION_RANGE_ATTACK (26)
048, Adding, 8, UNIT_VIETNAMESE_VOI_CHIEN (5439490), UNITOPERATION_MOVE_TO (19)
048, Adding, 8, UNIT_SWORDSMAN (4915249), UNITOPERATION_MOVE_TO (19)
048, Adding, 8, UNIT_HORSEMAN (3604499), UNITOPERATION_MOVE_TO (19)
048, Adding, 8, UNIT_HORSEMAN (4587566), UNITOPERATION_MOVE_TO (19)
048, Adding, 8, UNIT_SKIRMISHER (6750265), UNITOPERATION_MOVE_TO (19)
048, Adding, 8, UNIT_SWORDSMAN (4653103), UNITOPERATION_MOVE_TO (19)
048, Adding, 8, UNIT_SKIRMISHER (6750265), UNITOPERATION_MOVE_TO (19)
048, Adding, 8, UNIT_BUILDER (5636139), UNITOPERATION_SWAP_UNITS (49)
048, Can't Start, 8, UNIT_BUILDER (5636139), UNITOPERATION_SWAP_UNITS (49)
048, Adding, 8, UNIT_BUILDER (5636139), UNITOPERATION_MOVE_TO (19)
048, Adding, 8, UNIT_BUILDER (5636139), UNITOPERATION_BUILD_IMPROVEMENT (2)
048, Adding, 8, UNIT_SKIRMISHER (4522029), UNITOPERATION_MOVE_TO (19)
048, Adding, 8, UNIT_SKIRMISHER (4522029), UNITOPERATION_PILLAGE (23)
048, Can't Start, 8, UNIT_SKIRMISHER (4522029), UNITOPERATION_PILLAGE (23)
048, Adding, 8, UNIT_SKIRMISHER (4522029), UNITOPERATION_SKIP_TURN (36)
048, Adding, 8, UNIT_VIETNAMESE_VOI_CHIEN (7208961), UNITOPERATION_MOVE_TO (19)
048, Adding, 8, UNIT_VIETNAMESE_VOI_CHIEN (5832707), UNITOPERATION_MOVE_TO (19)
048, Adding, 8, UNIT_VIETNAMESE_VOI_CHIEN (7143429), UNITOPERATION_MOVE_TO (19)
048, Adding, 8, UNIT_HORSEMAN (3997710), UNITOPERATION_MOVE_TO (19)
048, Can't Start, 8, UNIT_HORSEMAN (3997710), UNITOPERATION_MOVE_TO (19)
048, Adding, 8, UNIT_HORSEMAN (2752528), UNITOPERATION_MOVE_TO (19)
048, Adding, 8, UNIT_VIETNAMESE_VOI_CHIEN (5111825), UNITOPERATION_MOVE_TO (19)
048, Adding, 8, UNIT_VIETNAMESE_VOI_CHIEN (5767195), UNITOPERATION_MOVE_TO (19)
048, Adding, 8, UNIT_VIETNAMESE_VOI_CHIEN (5046300), UNITOPERATION_MOVE_TO (19)
048, Adding, 8, UNIT_VIETNAMESE_VOI_CHIEN (5570604), UNITOPERATION_MOVE_TO (19)
048, Adding, 8, UNIT_MAN_AT_ARMS (6291506), UNITOPERATION_MOVE_TO (19)
048, Adding, 8, UNIT_MAN_AT_ARMS (6160436), UNITOPERATION_MOVE_TO (19)
048, Can't Start, 8, UNIT_MAN_AT_ARMS (6160436), UNITOPERATION_MOVE_TO (19)
048, Adding, 8, UNIT_MAN_AT_ARMS (6225973), UNITOPERATION_MOVE_TO (19)
048, Adding, 8, UNIT_MAN_AT_ARMS (7536700), UNITOPERATION_MOVE_TO (19)
048, Adding, 8, UNIT_VIETNAMESE_VOI_CHIEN (7864324), UNITOPERATION_MOVE_TO (19)
048, Adding, 8, UNIT_VIETNAMESE_VOI_CHIEN (7405574), UNITOPERATION_MOVE_TO (19)
048, Adding, 8, UNIT_VIETNAMESE_VOI_CHIEN (6946823), UNITOPERATION_MOVE_TO (19)
048, Adding, 8, UNIT_VIETNAMESE_VOI_CHIEN (5373972), UNITOPERATION_MOVE_TO (19)
048, Adding, 8, UNIT_VIETNAMESE_VOI_CHIEN (6357013), UNITOPERATION_MOVE_TO (19)
048, Adding, 8, UNIT_VIETNAMESE_VOI_CHIEN (7340054), UNITOPERATION_MOVE_TO (19)
048, Adding, 8, UNIT_VIETNAMESE_VOI_CHIEN (6029335), UNITOPERATION_MOVE_TO (19)
048, Adding, 8, UNIT_VIETNAMESE_VOI_CHIEN (7667738), UNITOPERATION_MOVE_TO (19)
048, Adding, 8, UNIT_VIETNAMESE_VOI_CHIEN (7602205), UNITOPERATION_MOVE_TO (19)
048, Adding, 8, UNIT_VIETNAMESE_VOI_CHIEN (7798816), UNITOPERATION_MOVE_TO (19)
048, Adding, 8, UNIT_VIETNAMESE_VOI_CHIEN (6881313), UNITOPERATION_MOVE_TO (19)
048, Adding, 8, UNIT_VIETNAMESE_VOI_CHIEN (7077922), UNITOPERATION_MOVE_TO (19)
048, Adding, 8, UNIT_VIETNAMESE_VOI_CHIEN (5308458), UNITOPERATION_MOVE_TO (19)
048, Adding, 8, UNIT_TREBUCHET (7274555), UNITOPERATION_MOVE_TO (19)
048, Adding, 8, UNIT_MISSIONARY (7471104), UNITOPERATION_MOVE_TO (19)
048, Adding, 8, UNIT_MISSIONARY (6094857), UNITOPERATION_MOVE_TO (19)
048, Adding, 8, UNIT_MISSIONARY (5177355), UNITOPERATION_MOVE_TO (19)
048, Adding, 8, UNIT_MISSIONARY (3866637), UNITOPERATION_SPREAD_RELIGION (38)
048, Adding, 8, UNIT_MISSIONARY (2621458), UNITOPERATION_SPREAD_RELIGION (38)
048, Adding, 8, UNIT_MISSIONARY (4259864), UNITOPERATION_MOVE_TO (19)
048, Adding, 8, UNIT_MISSIONARY (4849689), UNITOPERATION_MOVE_TO (19)
048, Adding, 8, UNIT_MISSIONARY (2883614), UNITOPERATION_SPREAD_RELIGION (38)
048, Adding, 8, UNIT_MISSIONARY (2949151), UNITOPERATION_SPREAD_RELIGION (38)
048, Adding, 8, UNIT_MISSIONARY (3407907), UNITOPERATION_SPREAD_RELIGION (38)
048, Adding, 8, UNIT_MISSIONARY (3670053), UNITOPERATION_MOVE_TO (19)
048, Adding, 8, UNIT_MISSIONARY (5701670), UNITOPERATION_MOVE_TO (19)
048, Adding, 8, UNIT_MISSIONARY (4063272), UNITOPERATION_MOVE_TO (19)
048, Adding, 8, UNIT_MISSIONARY (4784176), UNITOPERATION_MOVE_TO (19)
048, Adding, 8, UNIT_MISSIONARY (6488118), UNITOPERATION_MOVE_TO (19)
048, Adding, 8, UNIT_MISSIONARY (6684728), UNITOPERATION_MOVE_TO (19)
048, Adding, 8, UNIT_MISSIONARY (7733309), UNITOPERATION_MOVE_TO (19)
048, Adding, 8, UNIT_SKIRMISHER (6553655), UNITOPERATION_MOVE_TO (19)
048, Adding, 8, UNIT_SKIRMISHER (5505075), UNITOPERATION_MOVE_TO (19)
048, Adding, 8, UNIT_SKIRMISHER (5505075), UNITOPERATION_MOVE_TO (19)
048, Adding, 8, UNIT_SKIRMISHER (5505075), UNITOPERATION_MOVE_TO (19)
048, Adding, 8, UNIT_SKIRMISHER (5505075), UNITOPERATION_MOVE_TO (19)
048, Adding, 8, UNIT_SKIRMISHER (5242890), UNITOPERATION_MOVE_TO (19)
048, Adding, 8, UNIT_SKIRMISHER (4128809), UNITOPERATION_MOVE_TO (19)
048, Adding, 8, UNIT_SKIRMISHER (7012410), UNITOPERATION_MOVE_TO (19)
048, Adding, 8, UNIT_BUILDER (6619144), UNITOPERATION_SKIP_TURN (36)
048, Adding, 8, UNIT_SKIRMISHER (5242890), UNITOPERATION_SKIP_TURN (36)
048, Adding, 8, UNIT_SKIRMISHER (4128809), UNITOPERATION_SKIP_TURN (36)
048, Adding, 8, UNIT_SKIRMISHER (7012410), UNITOPERATION_SKIP_TURN (36)
048, Can't Start, 8, UNIT_TRADER (1048588), UNITOPERATION_MAKE_TRADE_ROUTE (18)
048, Can't Start, 8, UNIT_SETTLER (6815780), UNITOPERATION_MOVE_TO (19)
048, Adding, 9, UNIT_KNIGHT (8781880), UNITOPERATION_FORTIFY (12)
048, Adding, 9, UNIT_CROSSBOWMAN (4587520), UNITOPERATION_SWAP_UNITS (49)
048, Can't Start, 9, UNIT_CROSSBOWMAN (4587520), UNITOPERATION_SWAP_UNITS (49)
048, Adding, 9, UNIT_CROSSBOWMAN (4587520), UNITOPERATION_MOVE_TO (19)
048, Adding, 9, UNIT_MAN_AT_ARMS (8126492), UNITOPERATION_SWAP_UNITS (49)
048, Can't Start, 9, UNIT_MAN_AT_ARMS (8126492), UNITOPERATION_SWAP_UNITS (49)
048, Adding, 9, UNIT_MAN_AT_ARMS (8126492), UNITOPERATION_MOVE_TO (19)
048, Adding, 9, UNIT_CROSSBOWMAN (4587520), UNITOPERATION_RANGE_ATTACK (26)
048, Adding, 9, UNIT_CROSSBOWMAN (4587520), UNITOPERATION_MOVE_TO (19)
048, Adding, 9, UNIT_MAN_AT_ARMS (7012370), UNITOPERATION_MOVE_TO (19)
048, Adding, 9, UNIT_CROSSBOWMAN (5242890), UNITOPERATION_SWAP_UNITS (49)
048, Can't Start, 9, UNIT_CROSSBOWMAN (5242890), UNITOPERATION_SWAP_UNITS (49)
048, Adding, 9, UNIT_CROSSBOWMAN (5242890), UNITOPERATION_MOVE_TO (19)
048, Adding, 9, UNIT_CROSSBOWMAN (6160431), UNITOPERATION_SWAP_UNITS (49)
048, Can't Start, 9, UNIT_CROSSBOWMAN (6160431), UNITOPERATION_SWAP_UNITS (49)
048, Adding, 9, UNIT_SETTLER (8060962), UNITOPERATION_MOVE_TO (19)
048, Adding, 9, UNIT_MAN_AT_ARMS (7077893), UNITOPERATION_SWAP_UNITS (49)
048, Can't Start, 9, UNIT_MAN_AT_ARMS (7077893), UNITOPERATION_SWAP_UNITS (49)
048, Adding, 9, UNIT_MAN_AT_ARMS (7077893), UNITOPERATION_MOVE_TO (19)
048, Adding, 9, UNIT_MAN_AT_ARMS (7733265), UNITOPERATION_SWAP_UNITS (49)
048, Can't Start, 9, UNIT_MAN_AT_ARMS (7733265), UNITOPERATION_SWAP_UNITS (49)
048, Adding, 9, UNIT_MAN_AT_ARMS (7733265), UNITOPERATION_MOVE_TO (19)
048, Adding, 9, UNIT_MAN_AT_ARMS (7602212), UNITOPERATION_SWAP_UNITS (49)
048, Can't Start, 9, UNIT_MAN_AT_ARMS (7602212), UNITOPERATION_SWAP_UNITS (49)
048, Adding, 9, UNIT_MAN_AT_ARMS (7602212), UNITOPERATION_MOVE_TO (19)
048, Adding, 9, UNIT_MAN_AT_ARMS (6291505), UNITOPERATION_SWAP_UNITS (49)
048, Can't Start, 9, UNIT_MAN_AT_ARMS (6291505), UNITOPERATION_SWAP_UNITS (49)
048, Adding, 9, UNIT_MAN_AT_ARMS (6291505), UNITOPERATION_MOVE_TO (19)
048, Adding, 9, UNIT_MAN_AT_ARMS (6357042), UNITOPERATION_SWAP_UNITS (49)
048, Can't Start, 9, UNIT_MAN_AT_ARMS (6357042), UNITOPERATION_SWAP_UNITS (49)
048, Adding, 9, UNIT_MAN_AT_ARMS (6357042), UNITOPERATION_MOVE_TO (19)
048, Adding, 9, UNIT_MAN_AT_ARMS (6422579), UNITOPERATION_SWAP_UNITS (49)
048, Adding, 9, UNIT_MAN_AT_ARMS (6422579), UNITOPERATION_MOVE_TO (19)
048, Can't Start, 9, UNIT_MAN_AT_ARMS (6422579), UNITOPERATION_MOVE_TO (19)
048, Adding, 9, UNIT_MAN_AT_ARMS (6488116), UNITOPERATION_SWAP_UNITS (49)
048, Can't Start, 9, UNIT_MAN_AT_ARMS (6488116), UNITOPERATION_SWAP_UNITS (49)
048, Adding, 9, UNIT_MAN_AT_ARMS (6488116), UNITOPERATION_MOVE_TO (19)
048, Adding, 9, UNIT_MAN_AT_ARMS (6553653), UNITOPERATION_SWAP_UNITS (49)
048, Can't Start, 9, UNIT_MAN_AT_ARMS (6553653), UNITOPERATION_SWAP_UNITS (49)
048, Adding, 9, UNIT_MAN_AT_ARMS (6553653), UNITOPERATION_MOVE_TO (19)
048, Adding, 9, UNIT_MAN_AT_ARMS (6619190), UNITOPERATION_SWAP_UNITS (49)
048, Can't Start, 9, UNIT_MAN_AT_ARMS (6619190), UNITOPERATION_SWAP_UNITS (49)
048, Adding, 9, UNIT_MAN_AT_ARMS (6619190), UNITOPERATION_MOVE_TO (19)
048, Adding, 9, UNIT_MAN_AT_ARMS (7209015), UNITOPERATION_SWAP_UNITS (49)
048, Can't Start, 9, UNIT_MAN_AT_ARMS (7209015), UNITOPERATION_SWAP_UNITS (49)
048, Adding, 9, UNIT_MAN_AT_ARMS (7209015), UNITOPERATION_MOVE_TO (19)
048, Adding, 9, UNIT_BUILDER (5963821), UNITOPERATION_SWAP_UNITS (49)
048, Can't Start, 9, UNIT_BUILDER (5963821), UNITOPERATION_SWAP_UNITS (49)
048, Adding, 9, UNIT_BUILDER (5963821), UNITOPERATION_MOVE_TO (19)
048, Adding, 9, UNIT_BUILDER (5963821), UNITOPERATION_BUILD_IMPROVEMENT (2)
048, Adding, 9, UNIT_MILITARY_ENGINEER (8585255), UNITOPERATION_SWAP_UNITS (49)
048, Can't Start, 9, UNIT_MILITARY_ENGINEER (8585255), UNITOPERATION_SWAP_UNITS (49)
048, Adding, 9, UNIT_MILITARY_ENGINEER (8585255), UNITOPERATION_MOVE_TO (19)
048, Adding, 9, UNIT_CROSSBOWMAN (4980767), UNITOPERATION_SWAP_UNITS (49)
048, Can't Start, 9, UNIT_CROSSBOWMAN (4980767), UNITOPERATION_SWAP_UNITS (49)
048, Adding, 9, UNIT_CROSSBOWMAN (4980767), UNITOPERATION_MOVE_TO (19)
048, Adding, 9, UNIT_CROSSBOWMAN (4980767), UNITOPERATION_RANGE_ATTACK (26)
048, Adding, 9, UNIT_CROSSBOWMAN (4980767), UNITOPERATION_MOVE_TO (19)
048, Adding, 9, UNIT_CROSSBOWMAN (6094894), UNITOPERATION_SWAP_UNITS (49)
048, Can't Start, 9, UNIT_CROSSBOWMAN (6094894), UNITOPERATION_SWAP_UNITS (49)
048, Adding, 9, UNIT_CROSSBOWMAN (6094894), UNITOPERATION_MOVE_TO (19)
048, Adding, 9, UNIT_SKIRMISHER (5636103), UNITOPERATION_SWAP_UNITS (49)
048, Can't Start, 9, UNIT_SKIRMISHER (5636103), UNITOPERATION_SWAP_UNITS (49)
048, Adding, 9, UNIT_SKIRMISHER (5636103), UNITOPERATION_MOVE_TO (19)
048, Adding, 9, UNIT_SKIRMISHER (5636103), UNITOPERATION_RANGE_ATTACK (26)
048, Adding, 9, UNIT_SKIRMISHER (5636103), UNITOPERATION_MOVE_TO (19)
048, Adding, 9, UNIT_COURSER (8257551), UNITOPERATION_MOVE_TO (19)
048, Adding, 9, UNIT_KNIGHT (8716315), UNITOPERATION_MOVE_TO (19)
048, Adding, 9, UNIT_COURSER (8454174), UNITOPERATION_MOVE_TO (19)
048, Adding, 9, UNIT_TREBUCHET (8323130), UNITOPERATION_MOVE_TO (19)
048, Adding, 9, UNIT_CROSSBOWMAN (7864328), UNITOPERATION_MOVE_TO (19)
048, Adding, 9, UNIT_CROSSBOWMAN (4521995), UNITOPERATION_MOVE_TO (19)
048, Adding, 9, UNIT_CROSSBOWMAN (6946840), UNITOPERATION_MOVE_TO (19)
048, Adding, 9, UNIT_CROSSBOWMAN (5701661), UNITOPERATION_MOVE_TO (19)
048, Adding, 9, UNIT_CROSSBOWMAN (6750246), UNITOPERATION_MOVE_TO (19)
048, Adding, 9, UNIT_CROSSBOWMAN (4653096), UNITOPERATION_MOVE_TO (19)
048, Adding, 9, UNIT_CROSSBOWMAN (4718633), UNITOPERATION_MOVE_TO (19)
048, Adding, 9, UNIT_CROSSBOWMAN (5308459), UNITOPERATION_MOVE_TO (19)
048, Adding, 9, UNIT_MISSIONARY (4390915), UNITOPERATION_MOVE_TO (19)
048, Adding, 9, UNIT_MISSIONARY (5570574), UNITOPERATION_MOVE_TO (19)
048, Adding, 9, UNIT_MISSIONARY (7798800), UNITOPERATION_MOVE_TO (19)
048, Adding, 9, UNIT_MISSIONARY (8192019), UNITOPERATION_MOVE_TO (19)
048, Adding, 9, UNIT_MISSIONARY (5177365), UNITOPERATION_MOVE_TO (19)
048, Adding, 9, UNIT_MISSIONARY (5439513), UNITOPERATION_MOVE_TO (19)
048, Adding, 9, UNIT_MISSIONARY (6881306), UNITOPERATION_MOVE_TO (19)
048, Adding, 9, UNIT_MISSIONARY (4915232), UNITOPERATION_MOVE_TO (19)
048, Adding, 9, UNIT_MISSIONARY (8650787), UNITOPERATION_MOVE_TO (19)
048, Adding, 9, UNIT_MISSIONARY (7274538), UNITOPERATION_MOVE_TO (19)
048, Adding, 9, UNIT_MISSIONARY (5832748), UNITOPERATION_MOVE_TO (19)
048, Adding, 9, UNIT_MISSIONARY (6225968), UNITOPERATION_MOVE_TO (19)
048, Adding, 9, UNIT_MISSIONARY (8519737), UNITOPERATION_MOVE_TO (19)
048, Adding, 9, UNIT_SKIRMISHER (5111830), UNITOPERATION_MOVE_TO (19)
048, Adding, 9, UNIT_BUILDER (5767191), UNITOPERATION_MOVE_TO (19)
048, Adding, 9, UNIT_BUILDER (5767191), UNITOPERATION_MOVE_TO (19)
048, Adding, 9, UNIT_BUILDER (5767191), UNITOPERATION_MOVE_TO (19)
048, Adding, 9, UNIT_BUILDER (5767191), UNITOPERATION_MOVE_TO (19)
048, Adding, 9, UNIT_SKIRMISHER (5046276), UNITOPERATION_MOVE_TO (19)
048, Adding, 9, UNIT_SKIRMISHER (5046276), UNITOPERATION_SKIP_TURN (36)
048, Can't Start, 9, UNIT_MAN_AT_ARMS (6422579), UNITOPERATION_MOVE_TO (19)
048, Adding, 10, UNIT_CROSSBOWMAN (983040), UNITOPERATION_MOVE_TO (19)
048, Adding, 10, UNIT_SWORDSMAN (786433), UNITOPERATION_MOVE_TO (19)
048, Adding, 10, UNIT_SWORDSMAN (917506), UNITOPERATION_MOVE_TO (19)
048, Adding, 10, UNIT_SWORDSMAN (851971), UNITOPERATION_MOVE_TO (19)
048, Adding, 10, UNIT_SWORDSMAN (720902), UNITOPERATION_MOVE_TO (19)
048, Adding, 10, UNIT_SWORDSMAN (1114120), UNITOPERATION_MOVE_TO (19)
048, Adding, 10, UNIT_BUILDER (1048583), UNITOPERATION_SKIP_TURN (36)
048, Adding, 12, UNIT_CROSSBOWMAN (720898), UNITOPERATION_FORTIFY (12)
048, Can't Start, 12, UNIT_CROSSBOWMAN (720898), UNITOPERATION_FORTIFY (12)
048, Adding, 12, UNIT_SWORDSMAN (458752), UNITOPERATION_MOVE_TO (19)
048, Adding, 12, UNIT_SWORDSMAN (655361), UNITOPERATION_MOVE_TO (19)
048, Adding, 12, UNIT_CROSSBOWMAN (786435), UNITOPERATION_MOVE_TO (19)
048, Adding, 12, UNIT_SWORDSMAN (589829), UNITOPERATION_MOVE_TO (19)
048, Adding, 12, UNIT_BUILDER (524292), UNITOPERATION_SKIP_TURN (36)
048, Adding, 13, UNIT_SWORDSMAN (655361), UNITOPERATION_MOVE_TO (19)
048, Adding, 13, UNIT_CATAPULT (720898), UNITOPERATION_MOVE_TO (19)
048, Adding, 13, UNIT_HEAVY_CHARIOT (524292), UNITOPERATION_MOVE_TO (19)
048, Adding, 13, UNIT_SWORDSMAN (589829), UNITOPERATION_MOVE_TO (19)
048, Adding, 13, UNIT_BUILDER (786432), UNITOPERATION_SKIP_TURN (36)
048, Adding, 14, UNIT_CATAPULT (458755), UNITOPERATION_RANGE_ATTACK (26)
048, Adding, 14, UNIT_CATAPULT (458755), UNITOPERATION_MOVE_TO (19)
048, Adding, 14, UNIT_BUILDER (720896), UNITOPERATION_SKIP_TURN (36)
048, Adding, 15, UNIT_SWORDSMAN (983041), UNITOPERATION_MOVE_TO (19)
048, Adding, 15, UNIT_HORSEMAN (1179652), UNITOPERATION_MOVE_TO (19)
048, Adding, 15, UNIT_HORSEMAN (720902), UNITOPERATION_MOVE_TO (19)
048, Adding, 15, UNIT_SWORDSMAN (786439), UNITOPERATION_MOVE_TO (19)
048, Adding, 15, UNIT_SWORDSMAN (851976), UNITOPERATION_MOVE_TO (19)
048, Adding, 15, UNIT_SWORDSMAN (1048585), UNITOPERATION_MOVE_TO (19)
048, Adding, 15, UNIT_SWORDSMAN (1114122), UNITOPERATION_MOVE_TO (19)
048, Adding, 15, UNIT_BUILDER (917507), UNITOPERATION_SKIP_TURN (36)
048, Adding, 16, UNIT_CROSSBOWMAN (1310725), UNITOPERATION_RANGE_ATTACK (26)
048, Adding, 16, UNIT_CROSSBOWMAN (1310725), UNITOPERATION_MOVE_TO (19)
048, Adding, 16, UNIT_BUILDER (1179649), UNITOPERATION_SKIP_TURN (36)
048, Adding, 17, UNIT_BUILDER (720902), UNITOPERATION_SWAP_UNITS (49)
048, Can't Start, 17, UNIT_BUILDER (720902), UNITOPERATION_SWAP_UNITS (49)
048, Adding, 17, UNIT_BUILDER (720902), UNITOPERATION_MOVE_TO (19)
048, Adding, 17, UNIT_SWORDSMAN (1048577), UNITOPERATION_MOVE_TO (19)
048, Adding, 17, UNIT_SWORDSMAN (1114114), UNITOPERATION_MOVE_TO (19)
048, Adding, 17, UNIT_SWORDSMAN (851971), UNITOPERATION_MOVE_TO (19)
048, Adding, 17, UNIT_CROSSBOWMAN (1179652), UNITOPERATION_MOVE_TO (19)
048, Adding, 17, UNIT_SWORDSMAN (983045), UNITOPERATION_MOVE_TO (19)
048, Adding, 17, UNIT_SWORDSMAN (786439), UNITOPERATION_MOVE_TO (19)
048, Adding, 17, UNIT_SWORDSMAN (917512), UNITOPERATION_MOVE_TO (19)
048, Adding, 20, UNIT_TRADER (393219), UNITOPERATION_MAKE_TRADE_ROUTE (18)
048, Adding, 20, UNIT_SWORDSMAN (720896), UNITOPERATION_MOVE_TO (19)
048, Adding, 20, UNIT_CROSSBOWMAN (983041), UNITOPERATION_MOVE_TO (19)
048, Adding, 20, UNIT_CROSSBOWMAN (851970), UNITOPERATION_MOVE_TO (19)
048, Adding, 20, UNIT_HEAVY_CHARIOT (458756), UNITOPERATION_MOVE_TO (19)
048, Adding, 20, UNIT_CROSSBOWMAN (1048582), UNITOPERATION_MOVE_TO (19)
048, Adding, 20, UNIT_SWORDSMAN (786439), UNITOPERATION_MOVE_TO (19)
048, Adding, 20, UNIT_BUILDER (917509), UNITOPERATION_SKIP_TURN (36)
048, Adding, 21, UNIT_HEAVY_CHARIOT (524288), UNITOPERATION_SWAP_UNITS (49)
048, Can't Start, 21, UNIT_HEAVY_CHARIOT (524288), UNITOPERATION_SWAP_UNITS (49)
048, Adding, 21, UNIT_HEAVY_CHARIOT (524288), UNITOPERATION_MOVE_TO (19)
048, Adding, 21, UNIT_BUILDER (1245188), UNITOPERATION_SWAP_UNITS (49)
048, Can't Start, 21, UNIT_BUILDER (1245188), UNITOPERATION_SWAP_UNITS (49)
048, Adding, 21, UNIT_BUILDER (1245188), UNITOPERATION_MOVE_TO (19)
048, Adding, 21, UNIT_CROSSBOWMAN (851970), UNITOPERATION_MOVE_TO (19)
048, Adding, 21, UNIT_SWORDSMAN (1179651), UNITOPERATION_MOVE_TO (19)
048, Adding, 21, UNIT_SWORDSMAN (983045), UNITOPERATION_MOVE_TO (19)
048, Adding, 21, UNIT_CROSSBOWMAN (1114118), UNITOPERATION_MOVE_TO (19)
048, Adding, 21, UNIT_CATAPULT (720903), UNITOPERATION_MOVE_TO (19)
048, Adding, 21, UNIT_SWORDSMAN (786440), UNITOPERATION_MOVE_TO (19)
048, Adding, 21, UNIT_SWORDSMAN (917513), UNITOPERATION_MOVE_TO (19)
048, Adding, 3, UNIT_BUILDER (2359307), UNITOPERATION_MOVE_TO (19)
048, Adding, 3, UNIT_BUILDER (2031625), UNITOPERATION_BUILD_IMPROVEMENT (2)
048, Adding, 3, UNIT_BUILDER (2097159), UNITOPERATION_MOVE_TO (19)
048, Adding, 3, UNIT_BUILDER (2097159), UNITOPERATION_BUILD_IMPROVEMENT (2)
048, Adding, 3, UNIT_BUILDER (2555923), UNITOPERATION_MOVE_TO (19)
048, Adding, 4, UNIT_CROSSBOWMAN (3604485), UNITOPERATION_MOVE_TO (19)
048, Adding, 3, UNIT_BUILDER (1769485), UNITOPERATION_MOVE_TO (19)
048, Adding, 1, UNIT_BUILDER (1966098), UNITOPERATION_MOVE_TO (19)
048, Adding, 1, UNIT_BUILDER (1966098), UNITOPERATION_REMOVE_FEATURE (28)
048, Adding, 3, UNIT_BUILDER (2228230), UNITOPERATION_MOVE_TO (19)
048, Adding, 3, UNIT_BUILDER (2293774), UNITOPERATION_MOVE_TO (19)
048, Adding, 3, UNIT_BUILDER (2424849), UNITOPERATION_MOVE_TO (19)
048, Adding, 3, UNIT_BUILDER (2424849), UNITOPERATION_BUILD_IMPROVEMENT (2)
048, Adding, 3, UNIT_BUILDER (2490386), UNITOPERATION_MOVE_TO (19)
048, Adding, 2, UNIT_KNIGHT (1638407), UNITOPERATION_MOVE_TO (19)
048, Adding, 3, UNIT_BUILDER (2490386), UNITOPERATION_BUILD_IMPROVEMENT (2)
048, Adding, 2, UNIT_INDIAN_VARU (1507331), UNITOPERATION_MOVE_TO (19)
048, Adding, 0, UNIT_VAMPIRE (262146), UNITOPERATION_MOVE_TO (19)
048, Adding, 3, UNIT_BUILDER (1835023), UNITOPERATION_MOVE_TO (19)
048, Adding, 2, UNIT_INDIAN_VARU (1507331), UNITOPERATION_MOVE_TO (19)
048, Adding, 0, UNIT_VAMPIRE (262146), UNITOPERATION_PILLAGE (23)
048, Adding, 3, UNIT_BUILDER (1835023), UNITOPERATION_HARVEST_RESOURCE (16)
048, Adding, 2, UNIT_BUILDER (2031617), UNITOPERATION_MOVE_TO (19)
048, Adding, 0, UNIT_KNIGHT (1966095), UNITOPERATION_MOVE_TO (19)
048, Adding, 2, UNIT_KNIGHT (2228232), UNITOPERATION_MOVE_TO (19)
048, Adding, 0, UNIT_CROSSBOWMAN (2490381), UNITOPERATION_MOVE_TO (19)
048, Adding, 0, UNIT_EGYPTIAN_CHARIOT_ARCHER (917512), UNITOPERATION_MOVE_TO (19)
048, Adding, 2, UNIT_BUILDER (2162699), UNITOPERATION_MOVE_TO (19)
048, Adding, 1, UNIT_TRADER (2555917), UNITOPERATION_MAKE_TRADE_ROUTE (18)
048, Adding, 0, UNIT_GREAT_GENERAL (2359308), UNITOPERATION_MOVE_TO (19)
048, Adding, 2, UNIT_BUILDER (1900553), UNITOPERATION_MOVE_TO (19)
048, Adding, 2, UNIT_BUILDER (1835018), UNITOPERATION_MOVE_TO (19)
048, Adding, 4, UNIT_CROSSBOWMAN (3473421), UNITOPERATION_RANGE_ATTACK (26)
048, Adding, 0, UNIT_KNIGHT (2293777), UNITOPERATION_MOVE_TO (19)
048, Adding, 1, UNIT_BUILDER (2359311), UNITOPERATION_MOVE_TO (19)
048, Adding, 1, UNIT_BUILDER (2359311), UNITOPERATION_BUILD_IMPROVEMENT (2)
048, Adding, 4, UNIT_VAMPIRE (196608), UNITOPERATION_BUILD_ROUTE (3)
048, Adding, 1, UNIT_BUILDER (2359311), UNITOPERATION_MOVE_TO (19)
048, Adding, 1, UNIT_TAOIST (2686992), UNITOPERATION_MOVE_TO (19)
048, Adding, 4, UNIT_CROSSBOWMAN (3538954), UNITOPERATION_MOVE_TO (19)
048, Adding, 2, UNIT_SCOUT (196608), UNITOPERATION_MOVE_TO (19)
048, Adding, 1, UNIT_ARCHER (2621459), UNITOPERATION_MOVE_TO (19)
048, Adding, 2, UNIT_MISSIONARY (2097165), UNITOPERATION_SPREAD_RELIGION (38)
048, Adding, 1, UNIT_BUILDER (2293780), UNITOPERATION_REMOVE_FEATURE (28)
048, Adding, 0, UNIT_GREAT_GENERAL (2359308), UNITOPERATION_MOVE_TO (19)
048, Adding, 0, UNIT_GREAT_GENERAL (2359308), UNITOPERATION_MOVE_TO (19)
048, Adding, 1, UNIT_BUILDER (2293780), UNITOPERATION_MOVE_TO (19)
048, Adding, 0, UNIT_EGYPTIAN_CHARIOT_ARCHER (1572871), UNITOPERATION_MOVE_TO (19)
048, Adding, 1, UNIT_TRADER (2490385), UNITOPERATION_MAKE_TRADE_ROUTE (18)
048, Adding, 1, UNIT_BUILDER (2424843), UNITOPERATION_MOVE_TO (19)
048, Adding, 1, UNIT_WARRIOR (131073), UNITOPERATION_MOVE_TO (19)
048, Adding, 1, UNIT_SCOUT (458756), UNITOPERATION_MOVE_TO (19)
048, Adding, 0, UNIT_EGYPTIAN_CHARIOT_ARCHER (917512), UNITOPERATION_RANGE_ATTACK (26)
048, Adding, 1, UNIT_SCOUT (458756), UNITOPERATION_MOVE_TO (19)
048, Adding, 4, UNIT_GREAT_GENERAL (3276801), UNITOPERATION_MOVE_TO (19)
048, Adding, 0, UNIT_VAMPIRE (262146), UNITOPERATION_FORTIFY (12)
048, Adding, 0, UNIT_BUILDER (2031632), UNITOPERATION_MOVE_TO (19)
048, Adding, 0, UNIT_BUILDER (2031632), UNITOPERATION_BUILD_IMPROVEMENT (2)
048, Adding, 1, UNIT_BUILDER (2031625), UNITOPERATION_MOVE_TO (19)
048, Adding, 0, UNIT_BUILDER (1900545), UNITOPERATION_BUILD_IMPROVEMENT (2)
048, Adding, 0, UNIT_BUILDER (2424851), UNITOPERATION_MOVE_TO (19)
048, Adding, 4, UNIT_BUILDER (3145731), UNITOPERATION_MOVE_TO (19)
048, Adding, 4, UNIT_VAMPIRE (4128790), UNITOPERATION_SKIP_TURN (36)
048, Adding, 1, UNIT_BUILDER (2031625), UNITOPERATION_MOVE_TO (19)
048, Adding, 1, UNIT_BUILDER (1966098), UNITOPERATION_MOVE_TO (19)
048, Adding, 1, UNIT_BUILDER (1966098), UNITOPERATION_MOVE_TO (19)
048, Adding, 4, UNIT_CROSSBOWMAN (3801100), UNITOPERATION_MOVE_TO (19)
048, Adding, 4, UNIT_CROSSBOWMAN (3801100), UNITOPERATION_RANGE_ATTACK (26)
048, Adding, 4, UNIT_CROSSBOWMAN (3407886), UNITOPERATION_MOVE_TO (19)
048, Adding, 4, UNIT_GREAT_GENERAL (3276801), UNITOPERATION_SKIP_TURN (36)
048, Adding, 4, UNIT_BUILDER (3080212), UNITOPERATION_MOVE_TO (19)
048, Adding, 4, UNIT_BUILDER (3080212), UNITOPERATION_BUILD_IMPROVEMENT (2)
048, Adding, 4, UNIT_BUILDER (3211266), UNITOPERATION_MOVE_TO (19)
048, Adding, 4, UNIT_BUILDER (3211266), UNITOPERATION_BUILD_IMPROVEMENT (2)
048, Adding, 4, UNIT_BUILDER (3670034), UNITOPERATION_REMOVE_FEATURE (28)
048, Adding, 4, UNIT_BUILDER (3735567), UNITOPERATION_REMOVE_FEATURE (28)
048, Adding, 4, UNIT_BUILDER (3866631), UNITOPERATION_MOVE_TO (19)
048, Adding, 4, UNIT_BUILDER (3866631), UNITOPERATION_BUILD_IMPROVEMENT (2)
049, Adding, 5, UNIT_MAN_AT_ARMS (4587561), UNITOPERATION_SWAP_UNITS (49)
049, Can't Start, 5, UNIT_MAN_AT_ARMS (4587561), UNITOPERATION_SWAP_UNITS (49)
049, Adding, 5, UNIT_MAN_AT_ARMS (4587561), UNITOPERATION_MOVE_TO (19)
049, Adding, 5, UNIT_CROSSBOWMAN (3342365), UNITOPERATION_SWAP_UNITS (49)
049, Can't Start, 5, UNIT_CROSSBOWMAN (3342365), UNITOPERATION_SWAP_UNITS (49)
049, Adding, 5, UNIT_CROSSBOWMAN (3342365), UNITOPERATION_MOVE_TO (19)
049, Adding, 5, UNIT_CROSSBOWMAN (3604482), UNITOPERATION_SWAP_UNITS (49)
049, Can't Start, 5, UNIT_CROSSBOWMAN (3604482), UNITOPERATION_SWAP_UNITS (49)
049, Adding, 5, UNIT_CROSSBOWMAN (3604482), UNITOPERATION_MOVE_TO (19)
049, Adding, 5, UNIT_CROSSBOWMAN (5111855), UNITOPERATION_RANGE_ATTACK (26)
049, Adding, 5, UNIT_CROSSBOWMAN (3342365), UNITOPERATION_RANGE_ATTACK (26)
049, Adding, 5, UNIT_CROSSBOWMAN (5111855), UNITOPERATION_MOVE_TO (19)
049, Adding, 5, UNIT_MAN_AT_ARMS (4587561), UNITOPERATION_MOVE_TO (19)
049, Adding, 5, UNIT_CROSSBOWMAN (3342365), UNITOPERATION_MOVE_TO (19)
049, Adding, 5, UNIT_MAN_AT_ARMS (4128805), UNITOPERATION_MOVE_TO (19)
049, Adding, 5, UNIT_KNIGHT (4784155), UNITOPERATION_MOVE_TO (19)
049, Adding, 5, UNIT_MAN_AT_ARMS (4194314), UNITOPERATION_MOVE_TO (19)
049, Adding, 5, UNIT_CROSSBOWMAN (3801101), UNITOPERATION_MOVE_TO (19)
049, Adding, 5, UNIT_MAN_AT_ARMS (4325415), UNITOPERATION_MOVE_TO (19)
049, Adding, 5, UNIT_SETTLER (3997731), UNITOPERATION_MOVE_TO (19)
049, Adding, 5, UNIT_SCOUT (262147), UNITOPERATION_SWAP_UNITS (49)
049, Can't Start, 5, UNIT_SCOUT (262147), UNITOPERATION_SWAP_UNITS (49)
049, Adding, 5, UNIT_SCOUT (262147), UNITOPERATION_MOVE_TO (19)
049, Adding, 5, UNIT_MAN_AT_ARMS (4521989), UNITOPERATION_SWAP_UNITS (49)
049, Can't Start, 5, UNIT_MAN_AT_ARMS (4521989), UNITOPERATION_SWAP_UNITS (49)
049, Adding, 5, UNIT_MAN_AT_ARMS (4521989), UNITOPERATION_MOVE_TO (19)
049, Adding, 5, UNIT_MAN_AT_ARMS (4456463), UNITOPERATION_SWAP_UNITS (49)
049, Can't Start, 5, UNIT_MAN_AT_ARMS (4456463), UNITOPERATION_SWAP_UNITS (49)
049, Adding, 5, UNIT_MAN_AT_ARMS (4456463), UNITOPERATION_MOVE_TO (19)
049, Adding, 5, UNIT_MACEDONIAN_HETAIROI (1900567), UNITOPERATION_SWAP_UNITS (49)
049, Can't Start, 5, UNIT_MACEDONIAN_HETAIROI (1900567), UNITOPERATION_SWAP_UNITS (49)
049, Adding, 5, UNIT_MACEDONIAN_HETAIROI (1900567), UNITOPERATION_MOVE_TO (19)
049, Adding, 5, UNIT_MACEDONIAN_HETAIROI (1966104), UNITOPERATION_SWAP_UNITS (49)
049, Can't Start, 5, UNIT_MACEDONIAN_HETAIROI (1966104), UNITOPERATION_SWAP_UNITS (49)
049, Adding, 5, UNIT_MACEDONIAN_HETAIROI (1966104), UNITOPERATION_MOVE_TO (19)
049, Adding, 5, UNIT_MACEDONIAN_HETAIROI (2228249), UNITOPERATION_SWAP_UNITS (49)
049, Can't Start, 5, UNIT_MACEDONIAN_HETAIROI (2228249), UNITOPERATION_SWAP_UNITS (49)
049, Adding, 5, UNIT_MACEDONIAN_HETAIROI (2228249), UNITOPERATION_MOVE_TO (19)
049, Adding, 5, UNIT_MAN_AT_ARMS (4390952), UNITOPERATION_SWAP_UNITS (49)
049, Adding, 5, UNIT_MAN_AT_ARMS (4390952), UNITOPERATION_MOVE_TO (19)
049, Can't Start, 5, UNIT_MAN_AT_ARMS (4390952), UNITOPERATION_MOVE_TO (19)
049, Adding, 5, UNIT_MAN_AT_ARMS (4718635), UNITOPERATION_SWAP_UNITS (49)
049, Adding, 5, UNIT_MAN_AT_ARMS (4718635), UNITOPERATION_MOVE_TO (19)
049, Can't Start, 5, UNIT_MAN_AT_ARMS (4718635), UNITOPERATION_MOVE_TO (19)
049, Adding, 5, UNIT_MACEDONIAN_HETAIROI (3014660), UNITOPERATION_SWAP_UNITS (49)
049, Can't Start, 5, UNIT_MACEDONIAN_HETAIROI (3014660), UNITOPERATION_SWAP_UNITS (49)
049, Adding, 5, UNIT_MACEDONIAN_HETAIROI (3014660), UNITOPERATION_MOVE_TO (19)
049, Adding, 5, UNIT_MACEDONIAN_HETAIROI (2031624), UNITOPERATION_SWAP_UNITS (49)
049, Adding, 5, UNIT_MACEDONIAN_HETAIROI (2031624), UNITOPERATION_MOVE_TO (19)
049, Can't Start, 5, UNIT_MACEDONIAN_HETAIROI (2031624), UNITOPERATION_MOVE_TO (19)
049, Adding, 5, UNIT_GREAT_SCIENTIST (3932176), UNITOPERATION_MOVE_TO (19)
049, Can't Start, 5, UNIT_GREAT_SCIENTIST (3932176), UNITOPERATION_MOVE_TO (19)
049, Adding, 5, UNIT_GREAT_ENGINEER (4980781), UNITOPERATION_MOVE_TO (19)
049, Adding, 5, UNIT_SKIRMISHER (3211278), UNITOPERATION_SWAP_UNITS (49)
049, Can't Start, 5, UNIT_SKIRMISHER (3211278), UNITOPERATION_SWAP_UNITS (49)
049, Adding, 5, UNIT_SKIRMISHER (3211278), UNITOPERATION_MOVE_TO (19)
049, Adding, 5, UNIT_VAMPIRE (655367), UNITOPERATION_MOVE_TO (19)
049, Adding, 5, UNIT_MACEDONIAN_HETAIROI (2097163), UNITOPERATION_MOVE_TO (19)
049, Adding, 5, UNIT_MACEDONIAN_HETAIROI (2555916), UNITOPERATION_MOVE_TO (19)
049, Adding, 5, UNIT_VAMPIRE (5242906), UNITOPERATION_MOVE_TO (19)
049, Adding, 5, UNIT_KNIGHT (5046318), UNITOPERATION_MOVE_TO (19)
049, Adding, 5, UNIT_KNIGHT (5308465), UNITOPERATION_MOVE_TO (19)
049, Adding, 5, UNIT_CROSSBOWMAN (4849685), UNITOPERATION_MOVE_TO (19)
049, Adding, 5, UNIT_CROSSBOWMAN (3735585), UNITOPERATION_MOVE_TO (19)
049, Adding, 5, UNIT_CROSSBOWMAN (4063268), UNITOPERATION_MOVE_TO (19)
049, Adding, 5, UNIT_MISSIONARY (2359305), UNITOPERATION_MOVE_TO (19)
049, Adding, 5, UNIT_MISSIONARY (4653098), UNITOPERATION_MOVE_TO (19)
049, Adding, 5, UNIT_MISSIONARY (2621441), UNITOPERATION_MOVE_TO (19)
049, Adding, 5, UNIT_MISSIONARY (3276806), UNITOPERATION_MOVE_TO (19)
049, Adding, 5, UNIT_MISSIONARY (2424850), UNITOPERATION_MOVE_TO (19)
049, Adding, 5, UNIT_MISSIONARY (3670035), UNITOPERATION_MOVE_TO (19)
049, Adding, 5, UNIT_MISSIONARY (3080222), UNITOPERATION_MOVE_TO (19)
049, Adding, 5, UNIT_MISSIONARY (4259878), UNITOPERATION_MOVE_TO (19)
049, Adding, 5, UNIT_MISSIONARY (5177392), UNITOPERATION_MOVE_TO (19)
049, Adding, 5, UNIT_BUILDER (1835030), UNITOPERATION_MOVE_TO (19)
049, Adding, 5, UNIT_BUILDER (1835030), UNITOPERATION_MOVE_TO (19)
049, Adding, 5, UNIT_BUILDER (1835030), UNITOPERATION_MOVE_TO (19)
049, Adding, 5, UNIT_BUILDER (1835030), UNITOPERATION_MOVE_TO (19)
049, Adding, 5, UNIT_BUILDER (1835030), UNITOPERATION_MOVE_TO (19)
049, Adding, 5, UNIT_SKIRMISHER (3407892), UNITOPERATION_MOVE_TO (19)
049, Adding, 5, UNIT_SKIRMISHER (3145759), UNITOPERATION_MOVE_TO (19)
049, Adding, 5, UNIT_SKIRMISHER (3407892), UNITOPERATION_SKIP_TURN (36)
049, Adding, 5, UNIT_BUILDER (2752540), UNITOPERATION_SKIP_TURN (36)
049, Adding, 5, UNIT_SKIRMISHER (3145759), UNITOPERATION_SKIP_TURN (36)
049, Adding, 5, UNIT_BUILDER (3473440), UNITOPERATION_SKIP_TURN (36)
049, Adding, 5, UNIT_BUILDER (4915244), UNITOPERATION_SKIP_TURN (36)
049, Can't Start, 5, UNIT_MACEDONIAN_HETAIROI (2031624), UNITOPERATION_MOVE_TO (19)
049, Can't Start, 5, UNIT_MAN_AT_ARMS (4390952), UNITOPERATION_MOVE_TO (19)
049, Adding, 6, UNIT_SWORDSMAN (4128779), UNITOPERATION_MOVE_TO (19)
049, Can't Start, 6, UNIT_SWORDSMAN (4128779), UNITOPERATION_MOVE_TO (19)
049, Adding, 6, UNIT_SETTLER (6029360), UNITOPERATION_MOVE_TO (19)
049, Adding, 6, UNIT_SCOUT (262147), UNITOPERATION_SWAP_UNITS (49)
049, Can't Start, 6, UNIT_SCOUT (262147), UNITOPERATION_SWAP_UNITS (49)
049, Adding, 6, UNIT_SCOUT (262147), UNITOPERATION_MOVE_TO (19)
049, Adding, 6, UNIT_BUILDER (6160434), UNITOPERATION_SWAP_UNITS (49)
049, Can't Start, 6, UNIT_BUILDER (6160434), UNITOPERATION_SWAP_UNITS (49)
049, Adding, 6, UNIT_BUILDER (6160434), UNITOPERATION_MOVE_TO (19)
049, Adding, 6, UNIT_BUILDER (4259874), UNITOPERATION_SWAP_UNITS (49)
049, Can't Start, 6, UNIT_BUILDER (4259874), UNITOPERATION_SWAP_UNITS (49)
049, Adding, 6, UNIT_BUILDER (4259874), UNITOPERATION_MOVE_TO (19)
049, Adding, 6, UNIT_BUILDER (4259874), UNITOPERATION_REMOVE_FEATURE (28)
049, Adding, 6, UNIT_BUILDER (5767192), UNITOPERATION_SWAP_UNITS (49)
049, Can't Start, 6, UNIT_BUILDER (5767192), UNITOPERATION_SWAP_UNITS (49)
049, Adding, 6, UNIT_BUILDER (5767192), UNITOPERATION_MOVE_TO (19)
049, Adding, 6, UNIT_BUILDER (5767192), UNITOPERATION_BUILD_IMPROVEMENT (2)
049, Adding, 6, UNIT_CROSSBOWMAN (5832704), UNITOPERATION_MOVE_TO (19)
049, Adding, 6, UNIT_CROSSBOWMAN (6422529), UNITOPERATION_MOVE_TO (19)
049, Adding, 6, UNIT_SWORDSMAN (4456450), UNITOPERATION_MOVE_TO (19)
049, Adding, 6, UNIT_SKIRMISHER (4194308), UNITOPERATION_MOVE_TO (19)
049, Adding, 6, UNIT_SWORDSMAN (2818054), UNITOPERATION_MOVE_TO (19)
049, Adding, 6, UNIT_CROSSBOWMAN (6488071), UNITOPERATION_MOVE_TO (19)
049, Adding, 6, UNIT_SWORDSMAN (2686985), UNITOPERATION_MOVE_TO (19)
049, Adding, 6, UNIT_SKIRMISHER (4063245), UNITOPERATION_MOVE_TO (19)
049, Adding, 6, UNIT_SWORDSMAN (4587534), UNITOPERATION_MOVE_TO (19)
049, Adding, 6, UNIT_SKIRMISHER (4390927), UNITOPERATION_MOVE_TO (19)
049, Adding, 6, UNIT_CROSSBOWMAN (5505040), UNITOPERATION_MOVE_TO (19)
049, Adding, 6, UNIT_CATAPULT (2621457), UNITOPERATION_MOVE_TO (19)
049, Adding, 6, UNIT_SWORDSMAN (4718610), UNITOPERATION_MOVE_TO (19)
049, Adding, 6, UNIT_CROSSBOWMAN (4915220), UNITOPERATION_MOVE_TO (19)
049, Adding, 6, UNIT_CROSSBOWMAN (4784149), UNITOPERATION_MOVE_TO (19)
049, Adding, 6, UNIT_HEAVY_CHARIOT (2359322), UNITOPERATION_MOVE_TO (19)
049, Adding, 6, UNIT_CATAPULT (2490396), UNITOPERATION_MOVE_TO (19)
049, Adding, 6, UNIT_SWORDSMAN (2752542), UNITOPERATION_MOVE_TO (19)
049, Adding, 6, UNIT_SKIRMISHER (3473440), UNITOPERATION_MOVE_TO (19)
049, Adding, 6, UNIT_SWORDSMAN (3145761), UNITOPERATION_MOVE_TO (19)
049, Adding, 6, UNIT_SKIRMISHER (3407909), UNITOPERATION_MOVE_TO (19)
049, Adding, 6, UNIT_CROSSBOWMAN (5177382), UNITOPERATION_MOVE_TO (19)
049, Adding, 6, UNIT_SKIRMISHER (3801127), UNITOPERATION_MOVE_TO (19)
049, Adding, 6, UNIT_SWORDSMAN (3866664), UNITOPERATION_MOVE_TO (19)
049, Adding, 6, UNIT_SWORDSMAN (3932201), UNITOPERATION_MOVE_TO (19)
049, Adding, 6, UNIT_SKIRMISHER (3997738), UNITOPERATION_MOVE_TO (19)
049, Adding, 6, UNIT_SWORDSMAN (5373996), UNITOPERATION_MOVE_TO (19)
049, Adding, 6, UNIT_CROSSBOWMAN (5636142), UNITOPERATION_MOVE_TO (19)
049, Adding, 6, UNIT_CROSSBOWMAN (6291503), UNITOPERATION_MOVE_TO (19)
049, Adding, 6, UNIT_APOSTLE (5308435), UNITOPERATION_SWAP_UNITS (49)
049, Can't Start, 6, UNIT_APOSTLE (5308435), UNITOPERATION_SWAP_UNITS (49)
049, Adding, 6, UNIT_APOSTLE (5308435), UNITOPERATION_MOVE_TO (19)
049, Adding, 6, UNIT_APOSTLE (5308435), UNITOPERATION_MOVE_TO (19)
049, Adding, 6, UNIT_APOSTLE (5701667), UNITOPERATION_SWAP_UNITS (49)
049, Can't Start, 6, UNIT_APOSTLE (5701667), UNITOPERATION_SWAP_UNITS (49)
049, Adding, 6, UNIT_APOSTLE (5701667), UNITOPERATION_MOVE_TO (19)
049, Adding, 6, UNIT_APOSTLE (5898262), UNITOPERATION_MOVE_TO (19)
049, Adding, 6, UNIT_APOSTLE (6357004), UNITOPERATION_MOVE_TO (19)
049, Adding, 6, UNIT_APOSTLE (5111851), UNITOPERATION_MOVE_TO (19)
049, Adding, 6, UNIT_APOSTLE (5570605), UNITOPERATION_MOVE_TO (19)
049, Adding, 6, UNIT_APOSTLE (6225971), UNITOPERATION_MOVE_TO (19)
049, Adding, 6, UNIT_APOSTLE (6357004), UNITOPERATION_MOVE_TO (19)
049, Can't Start, 6, UNIT_APOSTLE (6357004), UNITOPERATION_MOVE_TO (19)
049, Adding, 6, UNIT_APOSTLE (5111851), UNITOPERATION_MOVE_TO (19)
049, Can't Start, 6, UNIT_APOSTLE (5111851), UNITOPERATION_MOVE_TO (19)
049, Adding, 6, UNIT_APOSTLE (5570605), UNITOPERATION_MOVE_TO (19)
049, Can't Start, 6, UNIT_APOSTLE (5570605), UNITOPERATION_MOVE_TO (19)
049, Adding, 6, UNIT_APOSTLE (6225971), UNITOPERATION_MOVE_TO (19)
049, Can't Start, 6, UNIT_APOSTLE (6225971), UNITOPERATION_MOVE_TO (19)
049, Adding, 6, UNIT_APOSTLE (6357004), UNITOPERATION_MOVE_TO (19)
049, Can't Start, 6, UNIT_APOSTLE (6357004), UNITOPERATION_MOVE_TO (19)
049, Adding, 6, UNIT_APOSTLE (5111851), UNITOPERATION_MOVE_TO (19)
049, Can't Start, 6, UNIT_APOSTLE (5111851), UNITOPERATION_MOVE_TO (19)
049, Adding, 6, UNIT_APOSTLE (5570605), UNITOPERATION_MOVE_TO (19)
049, Can't Start, 6, UNIT_APOSTLE (5570605), UNITOPERATION_MOVE_TO (19)
049, Adding, 6, UNIT_APOSTLE (6225971), UNITOPERATION_MOVE_TO (19)
049, Can't Start, 6, UNIT_APOSTLE (6225971), UNITOPERATION_MOVE_TO (19)
049, Adding, 6, UNIT_MISSIONARY (3735557), UNITOPERATION_MOVE_TO (19)
049, Adding, 6, UNIT_TAOIST (786440), UNITOPERATION_MOVE_TO (19)
049, Adding, 6, UNIT_APOSTLE (5308435), UNITOPERATION_MOVE_TO (19)
049, Adding, 6, UNIT_APOSTLE (5898262), UNITOPERATION_MOVE_TO (19)
049, Adding, 6, UNIT_MISSIONARY (2162711), UNITOPERATION_MOVE_TO (19)
049, Adding, 6, UNIT_MISSIONARY (2293785), UNITOPERATION_MOVE_TO (19)
049, Adding, 6, UNIT_MISSIONARY (2424859), UNITOPERATION_MOVE_TO (19)
049, Adding, 6, UNIT_MISSIONARY (2555933), UNITOPERATION_SPREAD_RELIGION (38)
049, Adding, 6, UNIT_MISSIONARY (2883615), UNITOPERATION_SPREAD_RELIGION (38)
049, Adding, 6, UNIT_APOSTLE (5701667), UNITOPERATION_MOVE_TO (19)
049, Adding, 6, UNIT_MISSIONARY (3342372), UNITOPERATION_MOVE_TO (19)
049, Adding, 6, UNIT_TAOIST (6684726), UNITOPERATION_MOVE_TO (19)
049, Adding, 6, UNIT_BUILDER (6094897), UNITOPERATION_MOVE_TO (19)
049, Adding, 6, UNIT_BUILDER (6094897), UNITOPERATION_MOVE_TO (19)
049, Adding, 6, UNIT_BUILDER (6094897), UNITOPERATION_MOVE_TO (19)
049, Adding, 6, UNIT_BUILDER (6094897), UNITOPERATION_MOVE_TO (19)
049, Adding, 6, UNIT_BUILDER (6094897), UNITOPERATION_MOVE_TO (19)
049, Adding, 6, UNIT_BUILDER (6553652), UNITOPERATION_SKIP_TURN (36)
049, Can't Start, 6, UNIT_APOSTLE (6357004), UNITOPERATION_MOVE_TO (19)
049, Can't Start, 6, UNIT_APOSTLE (5111851), UNITOPERATION_MOVE_TO (19)
049, Can't Start, 6, UNIT_APOSTLE (5570605), UNITOPERATION_MOVE_TO (19)
049, Can't Start, 6, UNIT_APOSTLE (6225971), UNITOPERATION_MOVE_TO (19)
049, Adding, 7, UNIT_MAN_AT_ARMS (5636122), UNITOPERATION_MOVE_TO (19)
049, Adding, 7, UNIT_SETTLER (5832726), UNITOPERATION_MOVE_TO (19)
049, Adding, 7, UNIT_SPY (6160430), UNITOPERATION_SPY_TRAVEL_NEW_CITY (48)
049, Adding, 7, UNIT_CATAPULT (4456488), UNITOPERATION_RANGE_ATTACK (26)
049, Adding, 7, UNIT_CATAPULT (4456488), UNITOPERATION_MOVE_TO (19)
049, Adding, 7, UNIT_SWORDSMAN (3801104), UNITOPERATION_MOVE_TO (19)
049, Adding, 7, UNIT_SKIRMISHER (3670036), UNITOPERATION_MOVE_TO (19)
049, Adding, 7, UNIT_SKIRMISHER (3407907), UNITOPERATION_MOVE_TO (19)
049, Adding, 7, UNIT_SKIRMISHER (3932181), UNITOPERATION_MOVE_TO (19)
049, Adding, 7, UNIT_WARRIOR (1835031), UNITOPERATION_MOVE_TO (19)
049, Adding, 7, UNIT_WARRIOR (1900568), UNITOPERATION_MOVE_TO (19)
049, Adding, 7, UNIT_SKIRMISHER (4849692), UNITOPERATION_MOVE_TO (19)
049, Adding, 7, UNIT_SWORDSMAN (3473444), UNITOPERATION_MOVE_TO (19)
049, Adding, 7, UNIT_SWORDSMAN (3211279), UNITOPERATION_MOVE_TO (19)
049, Adding, 7, UNIT_SWORDSMAN (3080201), UNITOPERATION_MOVE_TO (19)
049, Adding, 7, UNIT_SWORDSMAN (2490398), UNITOPERATION_MOVE_TO (19)
049, Adding, 7, UNIT_SCOUT (589826), UNITOPERATION_SWAP_UNITS (49)
049, Can't Start, 7, UNIT_SCOUT (589826), UNITOPERATION_SWAP_UNITS (49)
049, Adding, 7, UNIT_SCOUT (589826), UNITOPERATION_MOVE_TO (19)
049, Adding, 7, UNIT_SCOUT (393220), UNITOPERATION_SWAP_UNITS (49)
049, Can't Start, 7, UNIT_SCOUT (393220), UNITOPERATION_SWAP_UNITS (49)
049, Adding, 7, UNIT_SCOUT (393220), UNITOPERATION_MOVE_TO (19)
049, Adding, 7, UNIT_SWORDSMAN (3014666), UNITOPERATION_SWAP_UNITS (49)
049, Can't Start, 7, UNIT_SWORDSMAN (3014666), UNITOPERATION_SWAP_UNITS (49)
049, Adding, 7, UNIT_SWORDSMAN (3014666), UNITOPERATION_MOVE_TO (19)
049, Adding, 7, UNIT_WARRIOR (1048588), UNITOPERATION_SWAP_UNITS (49)
049, Can't Start, 7, UNIT_WARRIOR (1048588), UNITOPERATION_SWAP_UNITS (49)
049, Adding, 7, UNIT_WARRIOR (1048588), UNITOPERATION_MOVE_TO (19)
049, Adding, 7, UNIT_WARRIOR (1966105), UNITOPERATION_SWAP_UNITS (49)
049, Can't Start, 7, UNIT_WARRIOR (1966105), UNITOPERATION_SWAP_UNITS (49)
049, Adding, 7, UNIT_WARRIOR (1966105), UNITOPERATION_MOVE_TO (19)
049, Adding, 7, UNIT_SWORDSMAN (2555935), UNITOPERATION_SWAP_UNITS (49)
049, Can't Start, 7, UNIT_SWORDSMAN (2555935), UNITOPERATION_SWAP_UNITS (49)
049, Adding, 7, UNIT_SWORDSMAN (2555935), UNITOPERATION_MOVE_TO (19)
049, Adding, 7, UNIT_SWORDSMAN (2621472), UNITOPERATION_SWAP_UNITS (49)
049, Can't Start, 7, UNIT_SWORDSMAN (2621472), UNITOPERATION_SWAP_UNITS (49)
049, Adding, 7, UNIT_SWORDSMAN (2621472), UNITOPERATION_MOVE_TO (19)
049, Adding, 7, UNIT_SWORDSMAN (2687009), UNITOPERATION_SWAP_UNITS (49)
049, Can't Start, 7, UNIT_SWORDSMAN (2687009), UNITOPERATION_SWAP_UNITS (49)
049, Adding, 7, UNIT_SWORDSMAN (2687009), UNITOPERATION_MOVE_TO (19)
049, Adding, 7, UNIT_MAN_AT_ARMS (5701651), UNITOPERATION_MOVE_TO (19)
049, Can't Start, 7, UNIT_MAN_AT_ARMS (5701651), UNITOPERATION_MOVE_TO (19)
049, Adding, 7, UNIT_MAN_AT_ARMS (5439515), UNITOPERATION_MOVE_TO (19)
049, Can't Start, 7, UNIT_MAN_AT_ARMS (5439515), UNITOPERATION_MOVE_TO (19)
049, Adding, 7, UNIT_SKIRMISHER (3866661), UNITOPERATION_MOVE_TO (19)
049, Adding, 7, UNIT_MAN_AT_ARMS (5505038), UNITOPERATION_MOVE_TO (19)
049, Adding, 7, UNIT_CROSSBOWMAN (5308455), UNITOPERATION_MOVE_TO (19)
049, Adding, 7, UNIT_MAN_AT_ARMS (5767175), UNITOPERATION_MOVE_TO (19)
049, Adding, 7, UNIT_BUILDER (4718636), UNITOPERATION_SWAP_UNITS (49)
049, Can't Start, 7, UNIT_BUILDER (4718636), UNITOPERATION_SWAP_UNITS (49)
049, Adding, 7, UNIT_BUILDER (4718636), UNITOPERATION_MOVE_TO (19)
049, Adding, 7, UNIT_BUILDER (5898248), UNITOPERATION_SWAP_UNITS (49)
049, Can't Start, 7, UNIT_BUILDER (5898248), UNITOPERATION_SWAP_UNITS (49)
049, Adding, 7, UNIT_BUILDER (5898248), UNITOPERATION_MOVE_TO (19)
049, Adding, 7, UNIT_BUILDER (5898248), UNITOPERATION_BUILD_IMPROVEMENT (2)
049, Adding, 7, UNIT_BUILDER (4980741), UNITOPERATION_SWAP_UNITS (49)
049, Can't Start, 7, UNIT_BUILDER (4980741), UNITOPERATION_SWAP_UNITS (49)
049, Adding, 7, UNIT_BUILDER (4980741), UNITOPERATION_MOVE_TO (19)
049, Adding, 7, UNIT_BUILDER (6094849), UNITOPERATION_SWAP_UNITS (49)
049, Can't Start, 7, UNIT_BUILDER (6094849), UNITOPERATION_SWAP_UNITS (49)
049, Adding, 7, UNIT_BUILDER (6094849), UNITOPERATION_MOVE_TO (19)
049, Adding, 7, UNIT_GREAT_ARTIST (5963779), UNITOPERATION_MOVE_TO (19)
049, Adding, 7, UNIT_GREAT_WRITER (5046306), UNITOPERATION_MOVE_TO (19)
049, Adding, 7, UNIT_GREAT_WRITER (5373990), UNITOPERATION_MOVE_TO (19)
049, Adding, 7, UNIT_MAN_AT_ARMS (5111821), UNITOPERATION_FORTIFY (12)
049, Can't Start, 7, UNIT_MAN_AT_ARMS (5111821), UNITOPERATION_FORTIFY (12)
049, Adding, 7, UNIT_SKIRMISHER (4522025), UNITOPERATION_MOVE_TO (19)
049, Adding, 7, UNIT_SKIRMISHER (4522025), UNITOPERATION_PILLAGE (23)
049, Can't Start, 7, UNIT_SKIRMISHER (4522025), UNITOPERATION_PILLAGE (23)
049, Adding, 7, UNIT_SKIRMISHER (4522025), UNITOPERATION_SKIP_TURN (36)
049, Adding, 7, UNIT_MAN_AT_ARMS (5177350), UNITOPERATION_MOVE_TO (19)
049, Adding, 7, UNIT_MAN_AT_ARMS (5570603), UNITOPERATION_MOVE_TO (19)
049, Can't Start, 7, UNIT_MAN_AT_ARMS (5570603), UNITOPERATION_MOVE_TO (19)
049, Adding, 7, UNIT_MAN_AT_ARMS (5242925), UNITOPERATION_MOVE_TO (19)
049, Adding, 7, UNIT_TAOIST (851968), UNITOPERATION_MOVE_TO (19)
049, Adding, 7, UNIT_SKIRMISHER (4587562), UNITOPERATION_MOVE_TO (19)
049, Adding, 7, UNIT_SKIRMISHER (3735570), UNITOPERATION_MOVE_TO (19)
049, Adding, 7, UNIT_SKIRMISHER (3735570), UNITOPERATION_MOVE_TO (19)
049, Adding, 7, UNIT_SKIRMISHER (3735570), UNITOPERATION_MOVE_TO (19)
049, Adding, 7, UNIT_SKIRMISHER (3538973), UNITOPERATION_MOVE_TO (19)
049, Adding, 7, UNIT_SKIRMISHER (6029329), UNITOPERATION_MOVE_TO (19)
049, Adding, 7, UNIT_SKIRMISHER (6029329), UNITOPERATION_SKIP_TURN (36)
049, Adding, 8, UNIT_TRADER (1048588), UNITOPERATION_MAKE_TRADE_ROUTE (18)
049, Can't Start, 8, UNIT_TRADER (1048588), UNITOPERATION_MAKE_TRADE_ROUTE (18)
049, Adding, 8, UNIT_MAN_AT_ARMS (6422543), UNITOPERATION_MOVE_TO (19)
049, Can't Start, 8, UNIT_MAN_AT_ARMS (6422543), UNITOPERATION_MOVE_TO (19)
049, Adding, 8, UNIT_SETTLER (6815780), UNITOPERATION_MOVE_TO (19)
049, Can't Start, 8, UNIT_SETTLER (6815780), UNITOPERATION_MOVE_TO (19)
049, Adding, 8, UNIT_VIETNAMESE_VOI_CHIEN (5373972), UNITOPERATION_MOVE_TO (19)
049, Adding, 8, UNIT_SETTLER (6815780), UNITOPERATION_FOUND_CITY (14)
049, Adding, 8, UNIT_SWORDSMAN (3932199), UNITOPERATION_SWAP_UNITS (49)
049, Adding, 8, UNIT_HORSEMAN (4587566), UNITOPERATION_SWAP_UNITS (49)
049, Can't Start, 8, UNIT_HORSEMAN (4587566), UNITOPERATION_SWAP_UNITS (49)
049, Adding, 8, UNIT_VIETNAMESE_VOI_CHIEN (5439490), UNITOPERATION_RANGE_ATTACK (26)
049, Adding, 8, UNIT_VIETNAMESE_VOI_CHIEN (5439490), UNITOPERATION_MOVE_TO (19)
049, Adding, 8, UNIT_SWORDSMAN (3932199), UNITOPERATION_MOVE_TO (19)
049, Adding, 8, UNIT_SWORDSMAN (4915249), UNITOPERATION_MOVE_TO (19)
049, Adding, 8, UNIT_HORSEMAN (4587566), UNITOPERATION_MOVE_TO (19)
049, Adding, 8, UNIT_SWORDSMAN (4653103), UNITOPERATION_MOVE_TO (19)
049, Adding, 8, UNIT_SWORDSMAN (4653103), UNITOPERATION_SWAP_UNITS (49)
049, Can't Start, 8, UNIT_SWORDSMAN (4653103), UNITOPERATION_SWAP_UNITS (49)
049, Adding, 8, UNIT_HORSEMAN (3604499), UNITOPERATION_MOVE_TO (19)
049, Can't Start, 8, UNIT_HORSEMAN (3604499), UNITOPERATION_MOVE_TO (19)
049, Adding, 8, UNIT_SKIRMISHER (6750265), UNITOPERATION_MOVE_TO (19)
049, Adding, 8, UNIT_MILITARY_ENGINEER (8126482), UNITOPERATION_SWAP_UNITS (49)
049, Can't Start, 8, UNIT_MILITARY_ENGINEER (8126482), UNITOPERATION_SWAP_UNITS (49)
049, Adding, 8, UNIT_MILITARY_ENGINEER (8126482), UNITOPERATION_MOVE_TO (19)
049, Adding, 8, UNIT_BUILDER (6619144), UNITOPERATION_SWAP_UNITS (49)
049, Can't Start, 8, UNIT_BUILDER (6619144), UNITOPERATION_SWAP_UNITS (49)
049, Adding, 8, UNIT_BUILDER (6619144), UNITOPERATION_MOVE_TO (19)
049, Adding, 8, UNIT_BUILDER (6619144), UNITOPERATION_BUILD_IMPROVEMENT (2)
049, Adding, 8, UNIT_MILITARY_ENGINEER (7995435), UNITOPERATION_SWAP_UNITS (49)
049, Can't Start, 8, UNIT_MILITARY_ENGINEER (7995435), UNITOPERATION_SWAP_UNITS (49)
049, Adding, 8, UNIT_MILITARY_ENGINEER (7995435), UNITOPERATION_MOVE_TO (19)
049, Adding, 8, UNIT_SKIRMISHER (6553655), UNITOPERATION_MOVE_TO (19)
049, Adding, 8, UNIT_SKIRMISHER (5505075), UNITOPERATION_MOVE_TO (19)
049, Adding, 8, UNIT_SKIRMISHER (4522029), UNITOPERATION_PILLAGE (23)
049, Adding, 8, UNIT_SKIRMISHER (4522029), UNITOPERATION_SKIP_TURN (36)
049, Adding, 8, UNIT_VIETNAMESE_VOI_CHIEN (7208961), UNITOPERATION_MOVE_TO (19)
049, Adding, 8, UNIT_VIETNAMESE_VOI_CHIEN (5832707), UNITOPERATION_MOVE_TO (19)
049, Adding, 8, UNIT_VIETNAMESE_VOI_CHIEN (7864324), UNITOPERATION_MOVE_TO (19)
049, Adding, 8, UNIT_VIETNAMESE_VOI_CHIEN (7143429), UNITOPERATION_MOVE_TO (19)
049, Adding, 8, UNIT_HORSEMAN (3997710), UNITOPERATION_MOVE_TO (19)
049, Can't Start, 8, UNIT_HORSEMAN (3997710), UNITOPERATION_MOVE_TO (19)
049, Adding, 8, UNIT_HORSEMAN (2752528), UNITOPERATION_MOVE_TO (19)
049, Adding, 8, UNIT_VIETNAMESE_VOI_CHIEN (5111825), UNITOPERATION_MOVE_TO (19)
049, Adding, 8, UNIT_VIETNAMESE_VOI_CHIEN (5767195), UNITOPERATION_MOVE_TO (19)
049, Adding, 8, UNIT_VIETNAMESE_VOI_CHIEN (5046300), UNITOPERATION_MOVE_TO (19)
049, Adding, 8, UNIT_VIETNAMESE_VOI_CHIEN (5570604), UNITOPERATION_MOVE_TO (19)
049, Adding, 8, UNIT_MAN_AT_ARMS (6291506), UNITOPERATION_MOVE_TO (19)
049, Adding, 8, UNIT_MAN_AT_ARMS (6160436), UNITOPERATION_MOVE_TO (19)
049, Can't Start, 8, UNIT_MAN_AT_ARMS (6160436), UNITOPERATION_MOVE_TO (19)
049, Adding, 8, UNIT_MAN_AT_ARMS (6225973), UNITOPERATION_MOVE_TO (19)
049, Adding, 8, UNIT_MAN_AT_ARMS (7536700), UNITOPERATION_MOVE_TO (19)
049, Adding, 8, UNIT_KNIGHT (8257600), UNITOPERATION_MOVE_TO (19)
049, Adding, 8, UNIT_VIETNAMESE_VOI_CHIEN (7405574), UNITOPERATION_MOVE_TO (19)
049, Adding, 8, UNIT_VIETNAMESE_VOI_CHIEN (6946823), UNITOPERATION_MOVE_TO (19)
049, Adding, 8, UNIT_VIETNAMESE_VOI_CHIEN (6357013), UNITOPERATION_MOVE_TO (19)
049, Adding, 8, UNIT_VIETNAMESE_VOI_CHIEN (7340054), UNITOPERATION_MOVE_TO (19)
049, Adding, 8, UNIT_VIETNAMESE_VOI_CHIEN (6029335), UNITOPERATION_MOVE_TO (19)
049, Adding, 8, UNIT_VIETNAMESE_VOI_CHIEN (7667738), UNITOPERATION_MOVE_TO (19)
049, Adding, 8, UNIT_VIETNAMESE_VOI_CHIEN (7602205), UNITOPERATION_MOVE_TO (19)
049, Adding, 8, UNIT_VIETNAMESE_VOI_CHIEN (8060959), UNITOPERATION_MOVE_TO (19)
049, Adding, 8, UNIT_VIETNAMESE_VOI_CHIEN (7798816), UNITOPERATION_MOVE_TO (19)
049, Adding, 8, UNIT_VIETNAMESE_VOI_CHIEN (6881313), UNITOPERATION_MOVE_TO (19)
049, Adding, 8, UNIT_VIETNAMESE_VOI_CHIEN (7077922), UNITOPERATION_MOVE_TO (19)
049, Adding, 8, UNIT_VIETNAMESE_VOI_CHIEN (5308458), UNITOPERATION_MOVE_TO (19)
049, Adding, 8, UNIT_TREBUCHET (7274555), UNITOPERATION_MOVE_TO (19)
049, Adding, 8, UNIT_VIETNAMESE_VOI_CHIEN (8192063), UNITOPERATION_MOVE_TO (19)
049, Adding, 8, UNIT_MISSIONARY (7471104), UNITOPERATION_MOVE_TO (19)
049, Adding, 8, UNIT_MISSIONARY (6094857), UNITOPERATION_MOVE_TO (19)
049, Adding, 8, UNIT_MISSIONARY (5177355), UNITOPERATION_MOVE_TO (19)
049, Adding, 8, UNIT_MISSIONARY (3866637), UNITOPERATION_MOVE_TO (19)
049, Adding, 8, UNIT_MISSIONARY (4259864), UNITOPERATION_MOVE_TO (19)
049, Adding, 8, UNIT_MISSIONARY (4849689), UNITOPERATION_MOVE_TO (19)
049, Adding, 8, UNIT_MISSIONARY (2883614), UNITOPERATION_MOVE_TO (19)
049, Adding, 8, UNIT_MISSIONARY (3407907), UNITOPERATION_MOVE_TO (19)
049, Adding, 8, UNIT_MISSIONARY (3670053), UNITOPERATION_MOVE_TO (19)
049, Adding, 8, UNIT_MISSIONARY (5701670), UNITOPERATION_MOVE_TO (19)
049, Adding, 8, UNIT_MISSIONARY (4063272), UNITOPERATION_MOVE_TO (19)
049, Adding, 8, UNIT_MISSIONARY (4784176), UNITOPERATION_MOVE_TO (19)
049, Adding, 8, UNIT_MISSIONARY (6488118), UNITOPERATION_MOVE_TO (19)
049, Adding, 8, UNIT_MISSIONARY (6684728), UNITOPERATION_MOVE_TO (19)
049, Adding, 8, UNIT_MISSIONARY (7733309), UNITOPERATION_MOVE_TO (19)
049, Adding, 8, UNIT_MISSIONARY (7929918), UNITOPERATION_MOVE_TO (19)
049, Adding, 8, UNIT_SKIRMISHER (7012410), UNITOPERATION_MOVE_TO (19)
049, Adding, 8, UNIT_SKIRMISHER (5242890), UNITOPERATION_MOVE_TO (19)
049, Adding, 8, UNIT_SKIRMISHER (4128809), UNITOPERATION_MOVE_TO (19)
049, Adding, 8, UNIT_SKIRMISHER (4128809), UNITOPERATION_MOVE_TO (19)
049, Adding, 8, UNIT_SKIRMISHER (4128809), UNITOPERATION_MOVE_TO (19)
049, Can't Start, 8, UNIT_TRADER (1048588), UNITOPERATION_MAKE_TRADE_ROUTE (18)
049, Adding, 9, UNIT_CROSSBOWMAN (4587520), UNITOPERATION_SWAP_UNITS (49)
049, Adding, 9, UNIT_MAN_AT_ARMS (8126492), UNITOPERATION_SWAP_UNITS (49)
049, Can't Start, 9, UNIT_MAN_AT_ARMS (8126492), UNITOPERATION_SWAP_UNITS (49)
049, Adding, 9, UNIT_MAN_AT_ARMS (8126492), UNITOPERATION_MOVE_TO (19)
049, Adding, 9, UNIT_KNIGHT (8781880), UNITOPERATION_SWAP_UNITS (49)
049, Can't Start, 9, UNIT_KNIGHT (8781880), UNITOPERATION_SWAP_UNITS (49)
049, Adding, 9, UNIT_KNIGHT (8781880), UNITOPERATION_MOVE_TO (19)
049, Adding, 9, UNIT_MAN_AT_ARMS (8126492), UNITOPERATION_MOVE_TO (19)
049, Adding, 9, UNIT_MAN_AT_ARMS (7012370), UNITOPERATION_MOVE_TO (19)
049, Can't Start, 9, UNIT_MAN_AT_ARMS (7012370), UNITOPERATION_MOVE_TO (19)
049, Adding, 9, UNIT_CROSSBOWMAN (6160431), UNITOPERATION_SWAP_UNITS (49)
049, Can't Start, 9, UNIT_CROSSBOWMAN (6160431), UNITOPERATION_SWAP_UNITS (49)
049, Adding, 9, UNIT_CROSSBOWMAN (6160431), UNITOPERATION_MOVE_TO (19)
049, Adding, 9, UNIT_CROSSBOWMAN (5242890), UNITOPERATION_RANGE_ATTACK (26)
049, Adding, 9, UNIT_CROSSBOWMAN (5242890), UNITOPERATION_MOVE_TO (19)
049, Adding, 9, UNIT_SETTLER (8060962), UNITOPERATION_MOVE_TO (19)
049, Adding, 9, UNIT_KNIGHT (9109537), UNITOPERATION_MOVE_TO (19)
049, Adding, 9, UNIT_BUILDER (5963821), UNITOPERATION_SWAP_UNITS (49)
049, Can't Start, 9, UNIT_BUILDER (5963821), UNITOPERATION_SWAP_UNITS (49)
049, Adding, 9, UNIT_BUILDER (5963821), UNITOPERATION_MOVE_TO (19)
049, Adding, 9, UNIT_BUILDER (5963821), UNITOPERATION_BUILD_IMPROVEMENT (2)
049, Adding, 9, UNIT_BUILDER (5767191), UNITOPERATION_SWAP_UNITS (49)
049, Can't Start, 9, UNIT_BUILDER (5767191), UNITOPERATION_SWAP_UNITS (49)
049, Adding, 9, UNIT_BUILDER (5767191), UNITOPERATION_MOVE_TO (19)
049, Adding, 9, UNIT_MILITARY_ENGINEER (8585255), UNITOPERATION_SWAP_UNITS (49)
049, Can't Start, 9, UNIT_MILITARY_ENGINEER (8585255), UNITOPERATION_SWAP_UNITS (49)
049, Adding, 9, UNIT_MILITARY_ENGINEER (8585255), UNITOPERATION_MOVE_TO (19)
049, Adding, 9, UNIT_MILITARY_ENGINEER (8585255), UNITOPERATION_REMOVE_IMPROVEMENT (30)
049, Adding, 9, UNIT_MILITARY_ENGINEER (8585255), UNITOPERATION_BUILD_IMPROVEMENT (2)
049, Can't Start, 9, UNIT_MILITARY_ENGINEER (8585255), UNITOPERATION_BUILD_IMPROVEMENT (2)
049, Adding, 9, UNIT_SKIRMISHER (5636103), UNITOPERATION_MOVE_TO (19)
049, Adding, 9, UNIT_MUSKETMAN (8847397), UNITOPERATION_MOVE_TO (19)
049, Adding, 9, UNIT_CROSSBOWMAN (6094894), UNITOPERATION_MOVE_TO (19)
049, Adding, 9, UNIT_CROSSBOWMAN (6750246), UNITOPERATION_FORTIFY (12)
049, Adding, 9, UNIT_CROSSBOWMAN (7864328), UNITOPERATION_MOVE_TO (19)
049, Adding, 9, UNIT_MUSKETMAN (9043977), UNITOPERATION_MOVE_TO (19)
049, Adding, 9, UNIT_MUSKETMAN (8978445), UNITOPERATION_MOVE_TO (19)
049, Adding, 9, UNIT_COURSER (8257551), UNITOPERATION_MOVE_TO (19)
049, Adding, 9, UNIT_MUSKETMAN (8912916), UNITOPERATION_MOVE_TO (19)
049, Can't Start, 9, UNIT_MUSKETMAN (8912916), UNITOPERATION_MOVE_TO (19)
049, Adding, 9, UNIT_CROSSBOWMAN (6946840), UNITOPERATION_MOVE_TO (19)
049, Adding, 9, UNIT_KNIGHT (8716315), UNITOPERATION_MOVE_TO (19)
049, Adding, 9, UNIT_COURSER (8454174), UNITOPERATION_MOVE_TO (19)
049, Adding, 9, UNIT_MAN_AT_ARMS (7602212), UNITOPERATION_MOVE_TO (19)
049, Adding, 9, UNIT_MAN_AT_ARMS (6357042), UNITOPERATION_MOVE_TO (19)
049, Adding, 9, UNIT_MAN_AT_ARMS (7209015), UNITOPERATION_MOVE_TO (19)
049, Adding, 9, UNIT_TREBUCHET (8323130), UNITOPERATION_MOVE_TO (19)
049, Adding, 9, UNIT_MAN_AT_ARMS (7077893), UNITOPERATION_MOVE_TO (19)
049, Adding, 9, UNIT_CROSSBOWMAN (4521995), UNITOPERATION_MOVE_TO (19)
049, Adding, 9, UNIT_CROSSBOWMAN (5701661), UNITOPERATION_MOVE_TO (19)
049, Adding, 9, UNIT_CROSSBOWMAN (4653096), UNITOPERATION_MOVE_TO (19)
049, Adding, 9, UNIT_CROSSBOWMAN (4718633), UNITOPERATION_MOVE_TO (19)
049, Adding, 9, UNIT_CROSSBOWMAN (5308459), UNITOPERATION_MOVE_TO (19)
049, Adding, 9, UNIT_MAN_AT_ARMS (6291505), UNITOPERATION_MOVE_TO (19)
049, Adding, 9, UNIT_MAN_AT_ARMS (6422579), UNITOPERATION_MOVE_TO (19)
049, Adding, 9, UNIT_MAN_AT_ARMS (6488116), UNITOPERATION_MOVE_TO (19)
049, Adding, 9, UNIT_MAN_AT_ARMS (6553653), UNITOPERATION_MOVE_TO (19)
049, Adding, 9, UNIT_MAN_AT_ARMS (6619190), UNITOPERATION_MOVE_TO (19)
049, Adding, 9, UNIT_MISSIONARY (4390915), UNITOPERATION_MOVE_TO (19)
049, Adding, 9, UNIT_MISSIONARY (5570574), UNITOPERATION_MOVE_TO (19)
049, Adding, 9, UNIT_MISSIONARY (7798800), UNITOPERATION_MOVE_TO (19)
049, Adding, 9, UNIT_MISSIONARY (8192019), UNITOPERATION_MOVE_TO (19)
049, Adding, 9, UNIT_MISSIONARY (5177365), UNITOPERATION_MOVE_TO (19)
049, Adding, 9, UNIT_MISSIONARY (5439513), UNITOPERATION_MOVE_TO (19)
049, Adding, 9, UNIT_MISSIONARY (6881306), UNITOPERATION_MOVE_TO (19)
049, Adding, 9, UNIT_MISSIONARY (4915232), UNITOPERATION_MOVE_TO (19)
049, Adding, 9, UNIT_MISSIONARY (8650787), UNITOPERATION_MOVE_TO (19)
049, Adding, 9, UNIT_MISSIONARY (7274538), UNITOPERATION_MOVE_TO (19)
049, Adding, 9, UNIT_MISSIONARY (5832748), UNITOPERATION_MOVE_TO (19)
049, Adding, 9, UNIT_MISSIONARY (6225968), UNITOPERATION_MOVE_TO (19)
049, Adding, 9, UNIT_MISSIONARY (8519737), UNITOPERATION_MOVE_TO (19)
049, Adding, 9, UNIT_SKIRMISHER (5111830), UNITOPERATION_MOVE_TO (19)
049, Adding, 9, UNIT_SKIRMISHER (5046276), UNITOPERATION_MOVE_TO (19)
049, Adding, 9, UNIT_SKIRMISHER (5046276), UNITOPERATION_MOVE_TO (19)
049, Adding, 9, UNIT_SKIRMISHER (5046276), UNITOPERATION_MOVE_TO (19)
049, Adding, 9, UNIT_SKIRMISHER (5046276), UNITOPERATION_MOVE_TO (19)
049, Can't Start, 9, UNIT_MILITARY_ENGINEER (8585255), UNITOPERATION_BUILD_IMPROVEMENT (2)
049, Adding, 10, UNIT_CROSSBOWMAN (983040), UNITOPERATION_MOVE_TO (19)
049, Adding, 10, UNIT_SWORDSMAN (786433), UNITOPERATION_MOVE_TO (19)
049, Adding, 10, UNIT_SWORDSMAN (917506), UNITOPERATION_MOVE_TO (19)
049, Adding, 10, UNIT_SWORDSMAN (851971), UNITOPERATION_MOVE_TO (19)
049, Adding, 10, UNIT_CROSSBOWMAN (1179652), UNITOPERATION_MOVE_TO (19)
049, Adding, 10, UNIT_SWORDSMAN (720902), UNITOPERATION_MOVE_TO (19)
049, Adding, 10, UNIT_SWORDSMAN (1114120), UNITOPERATION_MOVE_TO (19)
049, Adding, 10, UNIT_BUILDER (1048583), UNITOPERATION_SKIP_TURN (36)
049, Adding, 12, UNIT_BUILDER (524292), UNITOPERATION_SWAP_UNITS (49)
049, Can't Start, 12, UNIT_BUILDER (524292), UNITOPERATION_SWAP_UNITS (49)
049, Adding, 12, UNIT_BUILDER (524292), UNITOPERATION_MOVE_TO (19)
049, Adding, 12, UNIT_CROSSBOWMAN (720898), UNITOPERATION_RANGE_ATTACK (26)
049, Adding, 12, UNIT_SWORDSMAN (458752), UNITOPERATION_MOVE_TO (19)
049, Adding, 12, UNIT_CROSSBOWMAN (720898), UNITOPERATION_MOVE_TO (19)
049, Adding, 12, UNIT_SWORDSMAN (589829), UNITOPERATION_MOVE_TO (19)
049, Adding, 12, UNIT_SWORDSMAN (655361), UNITOPERATION_MOVE_TO (19)
049, Adding, 12, UNIT_CROSSBOWMAN (786435), UNITOPERATION_MOVE_TO (19)
049, Adding, 13, UNIT_SWORDSMAN (655361), UNITOPERATION_MOVE_TO (19)
049, Adding, 13, UNIT_CATAPULT (720898), UNITOPERATION_MOVE_TO (19)
049, Adding, 13, UNIT_HEAVY_CHARIOT (524292), UNITOPERATION_MOVE_TO (19)
049, Adding, 13, UNIT_SWORDSMAN (589829), UNITOPERATION_MOVE_TO (19)
049, Adding, 13, UNIT_BUILDER (786432), UNITOPERATION_SKIP_TURN (36)
049, Adding, 14, UNIT_CATAPULT (458755), UNITOPERATION_RANGE_ATTACK (26)
049, Adding, 14, UNIT_CATAPULT (458755), UNITOPERATION_MOVE_TO (19)
049, Adding, 14, UNIT_BUILDER (720896), UNITOPERATION_REMOVE_FEATURE (28)
049, Can't Start, 14, UNIT_BUILDER (720896), UNITOPERATION_REMOVE_FEATURE (28)
049, Adding, 15, UNIT_SWORDSMAN (983041), UNITOPERATION_MOVE_TO (19)
049, Adding, 15, UNIT_HORSEMAN (1179652), UNITOPERATION_MOVE_TO (19)
049, Adding, 15, UNIT_HORSEMAN (720902), UNITOPERATION_MOVE_TO (19)
049, Adding, 15, UNIT_SWORDSMAN (786439), UNITOPERATION_MOVE_TO (19)
049, Adding, 15, UNIT_SWORDSMAN (851976), UNITOPERATION_MOVE_TO (19)
049, Adding, 15, UNIT_SWORDSMAN (1048585), UNITOPERATION_MOVE_TO (19)
049, Adding, 15, UNIT_SWORDSMAN (1114122), UNITOPERATION_MOVE_TO (19)
049, Adding, 15, UNIT_BUILDER (917507), UNITOPERATION_SKIP_TURN (36)
049, Adding, 16, UNIT_CROSSBOWMAN (1310725), UNITOPERATION_RANGE_ATTACK (26)
049, Adding, 16, UNIT_CROSSBOWMAN (1310725), UNITOPERATION_MOVE_TO (19)
049, Adding, 16, UNIT_BUILDER (1179649), UNITOPERATION_SKIP_TURN (36)
049, Adding, 17, UNIT_BUILDER (720902), UNITOPERATION_BUILD_IMPROVEMENT (2)
049, Adding, 17, UNIT_SWORDSMAN (1114114), UNITOPERATION_MOVE_TO (19)
049, Adding, 17, UNIT_SWORDSMAN (917512), UNITOPERATION_MOVE_TO (19)
049, Adding, 17, UNIT_SWORDSMAN (983045), UNITOPERATION_SWAP_UNITS (49)
049, Can't Start, 17, UNIT_SWORDSMAN (983045), UNITOPERATION_SWAP_UNITS (49)
049, Adding, 17, UNIT_SWORDSMAN (983045), UNITOPERATION_MOVE_TO (19)
049, Adding, 17, UNIT_CROSSBOWMAN (1179652), UNITOPERATION_SWAP_UNITS (49)
049, Can't Start, 17, UNIT_CROSSBOWMAN (1179652), UNITOPERATION_SWAP_UNITS (49)
049, Adding, 17, UNIT_CROSSBOWMAN (1179652), UNITOPERATION_MOVE_TO (19)
049, Adding, 17, UNIT_SWORDSMAN (1048577), UNITOPERATION_MOVE_TO (19)
049, Adding, 17, UNIT_SWORDSMAN (851971), UNITOPERATION_MOVE_TO (19)
049, Adding, 17, UNIT_SWORDSMAN (786439), UNITOPERATION_MOVE_TO (19)
049, Adding, 20, UNIT_SWORDSMAN (720896), UNITOPERATION_MOVE_TO (19)
049, Adding, 20, UNIT_CROSSBOWMAN (983041), UNITOPERATION_MOVE_TO (19)
049, Adding, 20, UNIT_CROSSBOWMAN (851970), UNITOPERATION_MOVE_TO (19)
049, Adding, 20, UNIT_HEAVY_CHARIOT (458756), UNITOPERATION_MOVE_TO (19)
049, Adding, 20, UNIT_CROSSBOWMAN (1048582), UNITOPERATION_MOVE_TO (19)
049, Adding, 20, UNIT_SWORDSMAN (786439), UNITOPERATION_MOVE_TO (19)
049, Adding, 20, UNIT_BUILDER (917509), UNITOPERATION_SKIP_TURN (36)
049, Adding, 21, UNIT_HEAVY_CHARIOT (524288), UNITOPERATION_SWAP_UNITS (49)
049, Can't Start, 21, UNIT_HEAVY_CHARIOT (524288), UNITOPERATION_SWAP_UNITS (49)
049, Adding, 21, UNIT_HEAVY_CHARIOT (524288), UNITOPERATION_MOVE_TO (19)
049, Adding, 21, UNIT_BUILDER (1245188), UNITOPERATION_REMOVE_FEATURE (28)
049, Adding, 21, UNIT_BUILDER (1245188), UNITOPERATION_BUILD_IMPROVEMENT (2)
049, Can't Start, 21, UNIT_BUILDER (1245188), UNITOPERATION_BUILD_IMPROVEMENT (2)
049, Adding, 21, UNIT_CROSSBOWMAN (851970), UNITOPERATION_MOVE_TO (19)
049, Adding, 21, UNIT_SWORDSMAN (1179651), UNITOPERATION_MOVE_TO (19)
049, Adding, 21, UNIT_SWORDSMAN (983045), UNITOPERATION_MOVE_TO (19)
049, Adding, 21, UNIT_CROSSBOWMAN (1114118), UNITOPERATION_MOVE_TO (19)
049, Adding, 21, UNIT_CATAPULT (720903), UNITOPERATION_MOVE_TO (19)
049, Adding, 21, UNIT_SWORDSMAN (786440), UNITOPERATION_MOVE_TO (19)
049, Adding, 21, UNIT_SWORDSMAN (917513), UNITOPERATION_MOVE_TO (19)
049, Adding, 21, UNIT_CROSSBOWMAN (1310730), UNITOPERATION_MOVE_TO (19)
049, Can't Start, 21, UNIT_BUILDER (1245188), UNITOPERATION_BUILD_IMPROVEMENT (2)
049, Adding, 1, UNIT_WARRIOR (131073), UNITOPERATION_MOVE_TO (19)
049, Adding, 1, UNIT_BUILDER (2424843), UNITOPERATION_BUILD_IMPROVEMENT (2)
049, Adding, 3, UNIT_BUILDER (2359307), UNITOPERATION_MOVE_TO (19)
049, Adding, 3, UNIT_BUILDER (2359307), UNITOPERATION_BUILD_IMPROVEMENT (2)
049, Adding, 0, UNIT_EGYPTIAN_CHARIOT_ARCHER (917512), UNITOPERATION_MOVE_TO (19)
049, Adding, 3, UNIT_BUILDER (2490386), UNITOPERATION_MOVE_TO (19)
049, Adding, 3, UNIT_BUILDER (2490386), UNITOPERATION_BUILD_IMPROVEMENT (2)
049, Adding, 0, UNIT_CROSSBOWMAN (2490381), UNITOPERATION_RANGE_ATTACK (26)
049, Adding, 3, UNIT_BUILDER (2424849), UNITOPERATION_MOVE_TO (19)
049, Adding, 3, UNIT_BUILDER (2097159), UNITOPERATION_MOVE_TO (19)
049, Adding, 3, UNIT_BUILDER (2097159), UNITOPERATION_BUILD_IMPROVEMENT (2)
049, Adding, 3, UNIT_BUILDER (2228230), UNITOPERATION_MOVE_TO (19)
049, Adding, 0, UNIT_GREAT_GENERAL (2359308), UNITOPERATION_MOVE_TO (19)
049, Adding, 3, UNIT_BUILDER (2228230), UNITOPERATION_BUILD_IMPROVEMENT (2)
049, Adding, 3, UNIT_BUILDER (2293774), UNITOPERATION_MOVE_TO (19)
049, Adding, 0, UNIT_VAMPIRE (262146), UNITOPERATION_SWAP_UNITS (49)
049, Adding, 4, UNIT_CROSSBOWMAN (3407886), UNITOPERATION_MOVE_TO (19)
049, Adding, 3, UNIT_BUILDER (1769485), UNITOPERATION_MOVE_TO (19)
049, Adding, 3, UNIT_BUILDER (1769485), UNITOPERATION_BUILD_IMPROVEMENT (2)
049, Adding, 1, UNIT_BUILDER (1966098), UNITOPERATION_MOVE_TO (19)
049, Adding, 0, UNIT_KNIGHT (1966095), UNITOPERATION_MOVE_TO (19)
049, Adding, 3, UNIT_TRADER (458755), UNITOPERATION_MAKE_TRADE_ROUTE (18)
049, Adding, 1, UNIT_BUILDER (1966098), UNITOPERATION_REMOVE_FEATURE (28)
049, Adding, 0, UNIT_KNIGHT (1966095), UNITOPERATION_PILLAGE (23)
049, Adding, 3, UNIT_BUILDER (2031625), UNITOPERATION_MOVE_TO (19)
049, Adding, 2, UNIT_SCOUT (196608), UNITOPERATION_MOVE_TO (19)
049, Adding, 3, UNIT_BUILDER (2555923), UNITOPERATION_BUILD_IMPROVEMENT (2)
049, Adding, 4, UNIT_CROSSBOWMAN (3604485), UNITOPERATION_MOVE_TO (19)
049, Adding, 2, UNIT_KNIGHT (1638407), UNITOPERATION_MOVE_TO (19)
049, Adding, 4, UNIT_CROSSBOWMAN (3604485), UNITOPERATION_RANGE_ATTACK (26)
049, Adding, 0, UNIT_VAMPIRE (262146), UNITOPERATION_MOVE_TO (19)
049, Adding, 0, UNIT_VAMPIRE (262146), UNITOPERATION_MOVE_TO (19)
049, Adding, 2, UNIT_INDIAN_VARU (1507331), UNITOPERATION_MOVE_TO (19)
049, Adding, 4, UNIT_CROSSBOWMAN (3801100), UNITOPERATION_RANGE_ATTACK (26)
049, Adding, 3, UNIT_BUILDER (1835023), UNITOPERATION_MOVE_TO (19)
049, Adding, 4, UNIT_GREAT_GENERAL (3276801), UNITOPERATION_MOVE_TO (19)
049, Adding, 3, UNIT_BUILDER (1835023), UNITOPERATION_BUILD_IMPROVEMENT (2)
049, Adding, 4, UNIT_GREAT_GENERAL (3276801), UNITOPERATION_SKIP_TURN (36)
049, Adding, 2, UNIT_KNIGHT (2228232), UNITOPERATION_MOVE_TO (19)
049, Adding, 4, UNIT_CROSSBOWMAN (3538954), UNITOPERATION_MOVE_TO (19)
049, Adding, 4, UNIT_CROSSBOWMAN (3538954), UNITOPERATION_SKIP_TURN (36)
049, Adding, 2, UNIT_MISSIONARY (2097165), UNITOPERATION_MOVE_TO (19)
049, Adding, 2, UNIT_MISSIONARY (2293774), UNITOPERATION_MOVE_TO (19)
049, Adding, 2, UNIT_BUILDER (2162699), UNITOPERATION_BUILD_IMPROVEMENT (2)
049, Adding, 4, UNIT_VAMPIRE (196608), UNITOPERATION_MOVE_TO (19)
049, Adding, 4, UNIT_VAMPIRE (196608), UNITOPERATION_BUILD_ROUTE (3)
049, Adding, 4, UNIT_CROSSBOWMAN (3473421), UNITOPERATION_MOVE_TO (19)
049, Adding, 4, UNIT_CROSSBOWMAN (3473421), UNITOPERATION_MOVE_TO (19)
049, Adding, 1, UNIT_BUILDER (2031625), UNITOPERATION_REMOVE_FEATURE (28)
049, Adding, 1, UNIT_BUILDER (2031625), UNITOPERATION_MOVE_TO (19)
049, Adding, 1, UNIT_BUILDER (2359311), UNITOPERATION_MOVE_TO (19)
049, Adding, 1, UNIT_BUILDER (2359311), UNITOPERATION_MOVE_TO (19)
049, Adding, 0, UNIT_VAMPIRE (262146), UNITOPERATION_MOVE_TO (19)
049, Adding, 1, UNIT_BUILDER (2293780), UNITOPERATION_MOVE_TO (19)
049, Adding, 0, UNIT_VAMPIRE (262146), UNITOPERATION_MOVE_TO (19)
049, Adding, 1, UNIT_BUILDER (2293780), UNITOPERATION_BUILD_IMPROVEMENT (2)
049, Adding, 0, UNIT_VAMPIRE (262146), UNITOPERATION_MOVE_TO (19)
049, Adding, 0, UNIT_VAMPIRE (262146), UNITOPERATION_FORTIFY (12)
049, Adding, 4, UNIT_TRADER (4194324), UNITOPERATION_MAKE_TRADE_ROUTE (18)
049, Adding, 2, UNIT_BUILDER (1900553), UNITOPERATION_BUILD_IMPROVEMENT (2)
049, Adding, 2, UNIT_BUILDER (1835018), UNITOPERATION_MOVE_TO (19)
049, Adding, 2, UNIT_BUILDER (2031617), UNITOPERATION_BUILD_IMPROVEMENT (2)
049, Adding, 0, UNIT_CROSSBOWMAN (2555904), UNITOPERATION_RANGE_ATTACK (26)
049, Adding, 0, UNIT_GREAT_GENERAL (2359308), UNITOPERATION_MOVE_TO (19)
049, Adding, 0, UNIT_KNIGHT (2293777), UNITOPERATION_MOVE_TO (19)
049, Adding, 1, UNIT_BABYLONIAN_SABUM_KIBITTUM (262146), UNITOPERATION_MOVE_TO (19)
049, Adding, 4, UNIT_BUILDER (3211266), UNITOPERATION_MOVE_TO (19)
049, Adding, 1, UNIT_BABYLONIAN_SABUM_KIBITTUM (262146), UNITOPERATION_MOVE_TO (19)
049, Adding, 0, UNIT_GREAT_GENERAL (2359308), UNITOPERATION_MOVE_TO (19)
049, Adding, 1, UNIT_BABYLONIAN_SABUM_KIBITTUM (196608), UNITOPERATION_MOVE_TO (19)
049, Adding, 1, UNIT_BABYLONIAN_SABUM_KIBITTUM (196608), UNITOPERATION_MOVE_TO (19)
049, Adding, 0, UNIT_EGYPTIAN_CHARIOT_ARCHER (1572871), UNITOPERATION_MOVE_TO (19)
049, Adding, 0, UNIT_SETTLER (2097166), UNITOPERATION_MOVE_TO (19)
049, Adding, 0, UNIT_SETTLER (2097166), UNITOPERATION_FOUND_CITY (14)
049, Adding, 0, UNIT_BUILDER (2686996), UNITOPERATION_MOVE_TO (19)
049, Adding, 0, UNIT_BUILDER (2686996), UNITOPERATION_BUILD_IMPROVEMENT (2)
049, Adding, 4, UNIT_BUILDER (3735567), UNITOPERATION_BUILD_IMPROVEMENT (2)
049, Adding, 4, UNIT_BUILDER (3145731), UNITOPERATION_REMOVE_FEATURE (28)
049, Adding, 4, UNIT_VAMPIRE (4128790), UNITOPERATION_SKIP_TURN (36)
049, Adding, 4, UNIT_BUILDER (3670034), UNITOPERATION_BUILD_IMPROVEMENT (2)
049, Adding, 4, UNIT_BUILDER (3866631), UNITOPERATION_MOVE_TO (19)
049, Adding, 4, UNIT_BUILDER (3866631), UNITOPERATION_REMOVE_FEATURE (28)
049, Adding, 0, UNIT_BUILDER (1900545), UNITOPERATION_MOVE_TO (19)
049, Adding, 0, UNIT_BUILDER (2424851), UNITOPERATION_MOVE_TO (19)
049, Adding, 0, UNIT_BUILDER (2424851), UNITOPERATION_BUILD_IMPROVEMENT (2)
049, Adding, 0, UNIT_BUILDER (2424851), UNITOPERATION_MOVE_TO (19)
049, Adding, 0, UNIT_GREAT_GENERAL (1310729), UNITOPERATION_MOVE_TO (19)
049, Adding, 0, UNIT_BUILDER (2031632), UNITOPERATION_MOVE_TO (19)
050, Adding, 5, UNIT_CROSSBOWMAN (3604482), UNITOPERATION_SWAP_UNITS (49)
050, Can't Start, 5, UNIT_CROSSBOWMAN (3604482), UNITOPERATION_SWAP_UNITS (49)
050, Adding, 5, UNIT_CROSSBOWMAN (3604482), UNITOPERATION_MOVE_TO (19)
050, Adding, 5, UNIT_KNIGHT (4784155), UNITOPERATION_SWAP_UNITS (49)
050, Can't Start, 5, UNIT_KNIGHT (4784155), UNITOPERATION_SWAP_UNITS (49)
050, Adding, 5, UNIT_KNIGHT (4784155), UNITOPERATION_MOVE_TO (19)
050, Adding, 5, UNIT_CROSSBOWMAN (5111855), UNITOPERATION_RANGE_ATTACK (26)
050, Adding, 5, UNIT_CROSSBOWMAN (3604482), UNITOPERATION_RANGE_ATTACK (26)
050, Adding, 5, UNIT_CROSSBOWMAN (5111855), UNITOPERATION_MOVE_TO (19)
050, Adding, 5, UNIT_CROSSBOWMAN (3604482), UNITOPERATION_MOVE_TO (19)
050, Adding, 5, UNIT_MAN_AT_ARMS (4128805), UNITOPERATION_MOVE_TO (19)
050, Adding, 5, UNIT_MAN_AT_ARMS (4194314), UNITOPERATION_MOVE_TO (19)
050, Adding, 5, UNIT_MACEDONIAN_HETAIROI (2555916), UNITOPERATION_MOVE_TO (19)
050, Adding, 5, UNIT_CROSSBOWMAN (3801101), UNITOPERATION_MOVE_TO (19)
050, Adding, 5, UNIT_MAN_AT_ARMS (4325415), UNITOPERATION_MOVE_TO (19)
050, Adding, 5, UNIT_SETTLER (3997731), UNITOPERATION_MOVE_TO (19)
050, Adding, 5, UNIT_SCOUT (262147), UNITOPERATION_SWAP_UNITS (49)
050, Can't Start, 5, UNIT_SCOUT (262147), UNITOPERATION_SWAP_UNITS (49)
050, Adding, 5, UNIT_SCOUT (262147), UNITOPERATION_MOVE_TO (19)
050, Adding, 5, UNIT_MAN_AT_ARMS (4521989), UNITOPERATION_SWAP_UNITS (49)
050, Can't Start, 5, UNIT_MAN_AT_ARMS (4521989), UNITOPERATION_SWAP_UNITS (49)
050, Adding, 5, UNIT_MAN_AT_ARMS (4521989), UNITOPERATION_MOVE_TO (19)
050, Adding, 5, UNIT_MACEDONIAN_HETAIROI (2097163), UNITOPERATION_SWAP_UNITS (49)
050, Can't Start, 5, UNIT_MACEDONIAN_HETAIROI (2097163), UNITOPERATION_SWAP_UNITS (49)
050, Adding, 5, UNIT_MACEDONIAN_HETAIROI (2097163), UNITOPERATION_MOVE_TO (19)
050, Adding, 5, UNIT_MACEDONIAN_HETAIROI (1900567), UNITOPERATION_SWAP_UNITS (49)
050, Can't Start, 5, UNIT_MACEDONIAN_HETAIROI (1900567), UNITOPERATION_SWAP_UNITS (49)
050, Adding, 5, UNIT_MACEDONIAN_HETAIROI (1900567), UNITOPERATION_MOVE_TO (19)
050, Adding, 5, UNIT_MACEDONIAN_HETAIROI (2228249), UNITOPERATION_SWAP_UNITS (49)
050, Can't Start, 5, UNIT_MACEDONIAN_HETAIROI (2228249), UNITOPERATION_SWAP_UNITS (49)
050, Adding, 5, UNIT_MACEDONIAN_HETAIROI (2228249), UNITOPERATION_MOVE_TO (19)
050, Adding, 5, UNIT_MAN_AT_ARMS (4718635), UNITOPERATION_SWAP_UNITS (49)
050, Adding, 5, UNIT_MAN_AT_ARMS (4718635), UNITOPERATION_MOVE_TO (19)
050, Can't Start, 5, UNIT_MAN_AT_ARMS (4718635), UNITOPERATION_MOVE_TO (19)
050, Adding, 5, UNIT_GREAT_ENGINEER (4980781), UNITOPERATION_SWAP_UNITS (49)
050, Can't Start, 5, UNIT_GREAT_ENGINEER (4980781), UNITOPERATION_SWAP_UNITS (49)
050, Adding, 5, UNIT_GREAT_ENGINEER (4980781), UNITOPERATION_MOVE_TO (19)
050, Adding, 5, UNIT_GREAT_SCIENTIST (3932176), UNITOPERATION_MOVE_TO (19)
050, Can't Start, 5, UNIT_GREAT_SCIENTIST (3932176), UNITOPERATION_MOVE_TO (19)
050, Adding, 5, UNIT_SKIRMISHER (3211278), UNITOPERATION_SWAP_UNITS (49)
050, Can't Start, 5, UNIT_SKIRMISHER (3211278), UNITOPERATION_SWAP_UNITS (49)
050, Adding, 5, UNIT_SKIRMISHER (3211278), UNITOPERATION_MOVE_TO (19)
050, Adding, 5, UNIT_SKIRMISHER (3211278), UNITOPERATION_RANGE_ATTACK (26)
050, Adding, 5, UNIT_SKIRMISHER (3211278), UNITOPERATION_MOVE_TO (19)
050, Adding, 5, UNIT_VAMPIRE (655367), UNITOPERATION_MOVE_TO (19)
050, Adding, 5, UNIT_MACEDONIAN_HETAIROI (2031624), UNITOPERATION_MOVE_TO (19)
050, Adding, 5, UNIT_CROSSBOWMAN (4849685), UNITOPERATION_MOVE_TO (19)
050, Adding, 5, UNIT_MACEDONIAN_HETAIROI (1966104), UNITOPERATION_MOVE_TO (19)
050, Adding, 5, UNIT_VAMPIRE (5242906), UNITOPERATION_MOVE_TO (19)
050, Adding, 5, UNIT_MAN_AT_ARMS (4390952), UNITOPERATION_MOVE_TO (19)
050, Adding, 5, UNIT_KNIGHT (5046318), UNITOPERATION_MOVE_TO (19)
050, Adding, 5, UNIT_KNIGHT (5308465), UNITOPERATION_MOVE_TO (19)
050, Adding, 5, UNIT_CROSSBOWMAN (3735585), UNITOPERATION_MOVE_TO (19)
050, Adding, 5, UNIT_CROSSBOWMAN (4063268), UNITOPERATION_MOVE_TO (19)
050, Adding, 5, UNIT_MISSIONARY (4259878), UNITOPERATION_MOVE_TO (19)
050, Adding, 5, UNIT_MISSIONARY (4653098), UNITOPERATION_MOVE_TO (19)
050, Adding, 5, UNIT_MISSIONARY (2621441), UNITOPERATION_MOVE_TO (19)
050, Adding, 5, UNIT_MISSIONARY (3276806), UNITOPERATION_MOVE_TO (19)
050, Adding, 5, UNIT_MISSIONARY (2359305), UNITOPERATION_MOVE_TO (19)
050, Adding, 5, UNIT_MISSIONARY (2359305), UNITOPERATION_REMOVE_HERESY (29)
050, Can't Start, 5, UNIT_MISSIONARY (2359305), UNITOPERATION_REMOVE_HERESY (29)
050, Adding, 5, UNIT_MISSIONARY (2424850), UNITOPERATION_MOVE_TO (19)
050, Adding, 5, UNIT_MISSIONARY (3670035), UNITOPERATION_MOVE_TO (19)
050, Adding, 5, UNIT_MISSIONARY (3080222), UNITOPERATION_MOVE_TO (19)
050, Adding, 5, UNIT_MISSIONARY (5177392), UNITOPERATION_MOVE_TO (19)
050, Adding, 5, UNIT_MISSIONARY (5374002), UNITOPERATION_MOVE_TO (19)
050, Adding, 5, UNIT_BUILDER (1835030), UNITOPERATION_MOVE_TO (19)
050, Adding, 5, UNIT_BUILDER (1835030), UNITOPERATION_MOVE_TO (19)
050, Adding, 5, UNIT_BUILDER (1835030), UNITOPERATION_MOVE_TO (19)
050, Adding, 5, UNIT_BUILDER (1835030), UNITOPERATION_MOVE_TO (19)
050, Adding, 5, UNIT_BUILDER (1835030), UNITOPERATION_MOVE_TO (19)
050, Adding, 5, UNIT_SKIRMISHER (3407892), UNITOPERATION_MOVE_TO (19)
050, Adding, 5, UNIT_SKIRMISHER (3145759), UNITOPERATION_MOVE_TO (19)
050, Adding, 5, UNIT_SKIRMISHER (3407892), UNITOPERATION_SKIP_TURN (36)
050, Adding, 5, UNIT_BUILDER (2752540), UNITOPERATION_SKIP_TURN (36)
050, Adding, 5, UNIT_SKIRMISHER (3145759), UNITOPERATION_SKIP_TURN (36)
050, Adding, 5, UNIT_BUILDER (3473440), UNITOPERATION_SKIP_TURN (36)
050, Adding, 5, UNIT_BUILDER (4915244), UNITOPERATION_SKIP_TURN (36)
050, Can't Start, 5, UNIT_MISSIONARY (2359305), UNITOPERATION_REMOVE_HERESY (29)
050, Can't Start, 5, UNIT_MAN_AT_ARMS (4718635), UNITOPERATION_MOVE_TO (19)
050, Adding, 6, UNIT_CATAPULT (2490396), UNITOPERATION_MOVE_TO (19)
050, Adding, 6, UNIT_CROSSBOWMAN (5636142), UNITOPERATION_MOVE_TO (19)
050, Adding, 6, UNIT_SETTLER (6029360), UNITOPERATION_MOVE_TO (19)
050, Adding, 6, UNIT_BUILDER (6094897), UNITOPERATION_SWAP_UNITS (49)
050, Can't Start, 6, UNIT_BUILDER (6094897), UNITOPERATION_SWAP_UNITS (49)
050, Adding, 6, UNIT_BUILDER (6094897), UNITOPERATION_MOVE_TO (19)
050, Adding, 6, UNIT_BUILDER (6094897), UNITOPERATION_BUILD_IMPROVEMENT (2)
050, Adding, 6, UNIT_BUILDER (6815778), UNITOPERATION_SWAP_UNITS (49)
050, Can't Start, 6, UNIT_BUILDER (6815778), UNITOPERATION_SWAP_UNITS (49)
050, Adding, 6, UNIT_BUILDER (6815778), UNITOPERATION_MOVE_TO (19)
050, Adding, 6, UNIT_BUILDER (6553652), UNITOPERATION_SWAP_UNITS (49)
050, Can't Start, 6, UNIT_BUILDER (6553652), UNITOPERATION_SWAP_UNITS (49)
050, Adding, 6, UNIT_BUILDER (6553652), UNITOPERATION_MOVE_TO (19)
050, Adding, 6, UNIT_BUILDER (6553652), UNITOPERATION_BUILD_IMPROVEMENT (2)
050, Adding, 6, UNIT_BUILDER (6160434), UNITOPERATION_SWAP_UNITS (49)
050, Can't Start, 6, UNIT_BUILDER (6160434), UNITOPERATION_SWAP_UNITS (49)
050, Adding, 6, UNIT_BUILDER (6160434), UNITOPERATION_MOVE_TO (19)
050, Adding, 6, UNIT_CROSSBOWMAN (5832704), UNITOPERATION_MOVE_TO (19)
050, Adding, 6, UNIT_CROSSBOWMAN (6422529), UNITOPERATION_MOVE_TO (19)
050, Adding, 6, UNIT_SWORDSMAN (4456450), UNITOPERATION_MOVE_TO (19)
050, Adding, 6, UNIT_SWORDSMAN (2818054), UNITOPERATION_MOVE_TO (19)
050, Adding, 6, UNIT_CROSSBOWMAN (6488071), UNITOPERATION_MOVE_TO (19)
050, Adding, 6, UNIT_SWORDSMAN (2686985), UNITOPERATION_MOVE_TO (19)
050, Adding, 6, UNIT_SWORDSMAN (4128779), UNITOPERATION_MOVE_TO (19)
050, Adding, 6, UNIT_SWORDSMAN (4587534), UNITOPERATION_MOVE_TO (19)
050, Adding, 6, UNIT_CROSSBOWMAN (5505040), UNITOPERATION_MOVE_TO (19)
050, Adding, 6, UNIT_SWORDSMAN (4718610), UNITOPERATION_MOVE_TO (19)
050, Adding, 6, UNIT_CROSSBOWMAN (4915220), UNITOPERATION_MOVE_TO (19)
050, Adding, 6, UNIT_CROSSBOWMAN (4784149), UNITOPERATION_MOVE_TO (19)
050, Adding, 6, UNIT_SWORDSMAN (2752542), UNITOPERATION_MOVE_TO (19)
050, Adding, 6, UNIT_SWORDSMAN (3145761), UNITOPERATION_MOVE_TO (19)
050, Adding, 6, UNIT_CROSSBOWMAN (5177382), UNITOPERATION_MOVE_TO (19)
050, Adding, 6, UNIT_SWORDSMAN (3866664), UNITOPERATION_MOVE_TO (19)
050, Adding, 6, UNIT_SWORDSMAN (3932201), UNITOPERATION_MOVE_TO (19)
050, Adding, 6, UNIT_SWORDSMAN (5373996), UNITOPERATION_MOVE_TO (19)
050, Adding, 6, UNIT_CROSSBOWMAN (6291503), UNITOPERATION_MOVE_TO (19)
050, Adding, 6, UNIT_CATAPULT (2621457), UNITOPERATION_MOVE_TO (19)
050, Adding, 6, UNIT_CROSSBOWMAN (6881304), UNITOPERATION_MOVE_TO (19)
050, Adding, 6, UNIT_HEAVY_CHARIOT (2359322), UNITOPERATION_MOVE_TO (19)
050, Adding, 6, UNIT_APOSTLE (5701667), UNITOPERATION_SWAP_UNITS (49)
050, Can't Start, 6, UNIT_APOSTLE (5701667), UNITOPERATION_SWAP_UNITS (49)
050, Adding, 6, UNIT_APOSTLE (5701667), UNITOPERATION_MOVE_TO (19)
050, Adding, 6, UNIT_APOSTLE (5308435), UNITOPERATION_SWAP_UNITS (49)
050, Can't Start, 6, UNIT_APOSTLE (5308435), UNITOPERATION_SWAP_UNITS (49)
050, Adding, 6, UNIT_APOSTLE (5308435), UNITOPERATION_MOVE_TO (19)
050, Adding, 6, UNIT_APOSTLE (6357004), UNITOPERATION_SWAP_UNITS (49)
050, Can't Start, 6, UNIT_APOSTLE (6357004), UNITOPERATION_SWAP_UNITS (49)
050, Adding, 6, UNIT_APOSTLE (6357004), UNITOPERATION_MOVE_TO (19)
050, Adding, 6, UNIT_APOSTLE (6619189), UNITOPERATION_SWAP_UNITS (49)
050, Can't Start, 6, UNIT_APOSTLE (6619189), UNITOPERATION_SWAP_UNITS (49)
050, Adding, 6, UNIT_APOSTLE (6619189), UNITOPERATION_MOVE_TO (19)
050, Adding, 6, UNIT_APOSTLE (6225971), UNITOPERATION_SWAP_UNITS (49)
050, Can't Start, 6, UNIT_APOSTLE (6225971), UNITOPERATION_SWAP_UNITS (49)
050, Adding, 6, UNIT_APOSTLE (6225971), UNITOPERATION_MOVE_TO (19)
050, Adding, 6, UNIT_APOSTLE (5570605), UNITOPERATION_SWAP_UNITS (49)
050, Can't Start, 6, UNIT_APOSTLE (5570605), UNITOPERATION_SWAP_UNITS (49)
050, Adding, 6, UNIT_APOSTLE (5570605), UNITOPERATION_MOVE_TO (19)
050, Adding, 6, UNIT_APOSTLE (6357004), UNITOPERATION_MOVE_TO (19)
050, Adding, 6, UNIT_APOSTLE (6619189), UNITOPERATION_MOVE_TO (19)
050, Adding, 6, UNIT_APOSTLE (5111851), UNITOPERATION_SWAP_UNITS (49)
050, Can't Start, 6, UNIT_APOSTLE (5111851), UNITOPERATION_SWAP_UNITS (49)
050, Adding, 6, UNIT_APOSTLE (5111851), UNITOPERATION_MOVE_TO (19)
050, Adding, 6, UNIT_APOSTLE (5898262), UNITOPERATION_MOVE_TO (19)
050, Adding, 6, UNIT_APOSTLE (5111851), UNITOPERATION_MOVE_TO (19)
050, Adding, 6, UNIT_MISSIONARY (3735557), UNITOPERATION_MOVE_TO (19)
050, Adding, 6, UNIT_TAOIST (786440), UNITOPERATION_MOVE_TO (19)
050, Adding, 6, UNIT_APOSTLE (6357004), UNITOPERATION_MOVE_TO (19)
050, Adding, 6, UNIT_APOSTLE (5308435), UNITOPERATION_MOVE_TO (19)
050, Adding, 6, UNIT_MISSIONARY (2162711), UNITOPERATION_MOVE_TO (19)
050, Adding, 6, UNIT_MISSIONARY (2293785), UNITOPERATION_MOVE_TO (19)
050, Adding, 6, UNIT_MISSIONARY (2424859), UNITOPERATION_MOVE_TO (19)
050, Adding, 6, UNIT_MISSIONARY (2555933), UNITOPERATION_SPREAD_RELIGION (38)
050, Adding, 6, UNIT_MISSIONARY (2883615), UNITOPERATION_SPREAD_RELIGION (38)
050, Adding, 6, UNIT_APOSTLE (5701667), UNITOPERATION_MOVE_TO (19)
050, Adding, 6, UNIT_MISSIONARY (3342372), UNITOPERATION_SPREAD_RELIGION (38)
050, Adding, 6, UNIT_APOSTLE (5570605), UNITOPERATION_MOVE_TO (19)
050, Adding, 6, UNIT_APOSTLE (6225971), UNITOPERATION_MOVE_TO (19)
050, Adding, 6, UNIT_APOSTLE (6619189), UNITOPERATION_MOVE_TO (19)
050, Adding, 6, UNIT_TAOIST (6684726), UNITOPERATION_MOVE_TO (19)
050, Adding, 6, UNIT_SKIRMISHER (3473440), UNITOPERATION_MOVE_TO (19)
050, Adding, 6, UNIT_SKIRMISHER (3473440), UNITOPERATION_MOVE_TO (19)
050, Adding, 6, UNIT_SKIRMISHER (3473440), UNITOPERATION_MOVE_TO (19)
050, Adding, 6, UNIT_SKIRMISHER (3473440), UNITOPERATION_MOVE_TO (19)
050, Adding, 6, UNIT_SKIRMISHER (3473440), UNITOPERATION_MOVE_TO (19)
050, Adding, 6, UNIT_SKIRMISHER (4194308), UNITOPERATION_MOVE_TO (19)
050, Adding, 6, UNIT_SKIRMISHER (4063245), UNITOPERATION_MOVE_TO (19)
050, Adding, 6, UNIT_SKIRMISHER (4390927), UNITOPERATION_MOVE_TO (19)
050, Adding, 6, UNIT_SKIRMISHER (3407909), UNITOPERATION_MOVE_TO (19)
050, Adding, 6, UNIT_SKIRMISHER (3801127), UNITOPERATION_MOVE_TO (19)
050, Adding, 6, UNIT_SKIRMISHER (3997738), UNITOPERATION_MOVE_TO (19)
050, Adding, 6, UNIT_SKIRMISHER (4194308), UNITOPERATION_SKIP_TURN (36)
050, Adding, 6, UNIT_SKIRMISHER (4063245), UNITOPERATION_SKIP_TURN (36)
050, Adding, 6, UNIT_SKIRMISHER (4390927), UNITOPERATION_SKIP_TURN (36)
050, Adding, 6, UNIT_SKIRMISHER (3407909), UNITOPERATION_SKIP_TURN (36)
050, Adding, 6, UNIT_SKIRMISHER (3801127), UNITOPERATION_SKIP_TURN (36)
050, Adding, 6, UNIT_SKIRMISHER (3997738), UNITOPERATION_SKIP_TURN (36)
050, Adding, 7, UNIT_MAN_AT_ARMS (5636122), UNITOPERATION_MOVE_TO (19)
050, Adding, 7, UNIT_SETTLER (5832726), UNITOPERATION_MOVE_TO (19)
050, Adding, 7, UNIT_SKIRMISHER (3932181), UNITOPERATION_SWAP_UNITS (49)
050, Can't Start, 7, UNIT_SKIRMISHER (3932181), UNITOPERATION_SWAP_UNITS (49)
050, Adding, 7, UNIT_SKIRMISHER (3932181), UNITOPERATION_MOVE_TO (19)
050, Adding, 7, UNIT_CATAPULT (4456488), UNITOPERATION_RANGE_ATTACK (26)
050, Adding, 7, UNIT_SKIRMISHER (3932181), UNITOPERATION_RANGE_ATTACK (26)
050, Adding, 7, UNIT_CATAPULT (4456488), UNITOPERATION_MOVE_TO (19)
050, Adding, 7, UNIT_SKIRMISHER (3932181), UNITOPERATION_MOVE_TO (19)
050, Adding, 7, UNIT_SKIRMISHER (4849692), UNITOPERATION_MOVE_TO (19)
050, Adding, 7, UNIT_SKIRMISHER (3670036), UNITOPERATION_MOVE_TO (19)
050, Adding, 7, UNIT_SKIRMISHER (4849692), UNITOPERATION_MOVE_TO (19)
050, Adding, 7, UNIT_SWORDSMAN (3801104), UNITOPERATION_MOVE_TO (19)
050, Adding, 7, UNIT_WARRIOR (1835031), UNITOPERATION_MOVE_TO (19)
050, Adding, 7, UNIT_WARRIOR (1900568), UNITOPERATION_MOVE_TO (19)
050, Adding, 7, UNIT_SWORDSMAN (3473444), UNITOPERATION_MOVE_TO (19)
050, Adding, 7, UNIT_SKIRMISHER (3407907), UNITOPERATION_MOVE_TO (19)
050, Adding, 7, UNIT_SWORDSMAN (2490398), UNITOPERATION_MOVE_TO (19)
050, Adding, 7, UNIT_SWORDSMAN (3211279), UNITOPERATION_MOVE_TO (19)
050, Adding, 7, UNIT_SWORDSMAN (3080201), UNITOPERATION_MOVE_TO (19)
050, Adding, 7, UNIT_SCOUT (589826), UNITOPERATION_SWAP_UNITS (49)
050, Can't Start, 7, UNIT_SCOUT (589826), UNITOPERATION_SWAP_UNITS (49)
050, Adding, 7, UNIT_SCOUT (589826), UNITOPERATION_MOVE_TO (19)
050, Adding, 7, UNIT_SCOUT (393220), UNITOPERATION_SWAP_UNITS (49)
050, Can't Start, 7, UNIT_SCOUT (393220), UNITOPERATION_SWAP_UNITS (49)
050, Adding, 7, UNIT_SCOUT (393220), UNITOPERATION_MOVE_TO (19)
050, Adding, 7, UNIT_SWORDSMAN (3014666), UNITOPERATION_SWAP_UNITS (49)
050, Can't Start, 7, UNIT_SWORDSMAN (3014666), UNITOPERATION_SWAP_UNITS (49)
050, Adding, 7, UNIT_SWORDSMAN (3014666), UNITOPERATION_MOVE_TO (19)
050, Adding, 7, UNIT_WARRIOR (1048588), UNITOPERATION_SWAP_UNITS (49)
050, Can't Start, 7, UNIT_WARRIOR (1048588), UNITOPERATION_SWAP_UNITS (49)
050, Adding, 7, UNIT_WARRIOR (1048588), UNITOPERATION_MOVE_TO (19)
050, Adding, 7, UNIT_WARRIOR (1966105), UNITOPERATION_SWAP_UNITS (49)
050, Can't Start, 7, UNIT_WARRIOR (1966105), UNITOPERATION_SWAP_UNITS (49)
050, Adding, 7, UNIT_WARRIOR (1966105), UNITOPERATION_MOVE_TO (19)
050, Adding, 7, UNIT_SWORDSMAN (2555935), UNITOPERATION_SWAP_UNITS (49)
050, Can't Start, 7, UNIT_SWORDSMAN (2555935), UNITOPERATION_SWAP_UNITS (49)
050, Adding, 7, UNIT_SWORDSMAN (2555935), UNITOPERATION_MOVE_TO (19)
050, Adding, 7, UNIT_SWORDSMAN (2621472), UNITOPERATION_SWAP_UNITS (49)
050, Can't Start, 7, UNIT_SWORDSMAN (2621472), UNITOPERATION_SWAP_UNITS (49)
050, Adding, 7, UNIT_SWORDSMAN (2621472), UNITOPERATION_MOVE_TO (19)
050, Adding, 7, UNIT_SWORDSMAN (2687009), UNITOPERATION_SWAP_UNITS (49)
050, Can't Start, 7, UNIT_SWORDSMAN (2687009), UNITOPERATION_SWAP_UNITS (49)
050, Adding, 7, UNIT_SWORDSMAN (2687009), UNITOPERATION_MOVE_TO (19)
050, Adding, 7, UNIT_MAN_AT_ARMS (5701651), UNITOPERATION_MOVE_TO (19)
050, Can't Start, 7, UNIT_MAN_AT_ARMS (5701651), UNITOPERATION_MOVE_TO (19)
050, Adding, 7, UNIT_MAN_AT_ARMS (5439515), UNITOPERATION_MOVE_TO (19)
050, Can't Start, 7, UNIT_MAN_AT_ARMS (5439515), UNITOPERATION_MOVE_TO (19)
050, Adding, 7, UNIT_SKIRMISHER (3866661), UNITOPERATION_MOVE_TO (19)
050, Can't Start, 7, UNIT_SKIRMISHER (3866661), UNITOPERATION_MOVE_TO (19)
050, Adding, 7, UNIT_MAN_AT_ARMS (5505038), UNITOPERATION_MOVE_TO (19)
050, Adding, 7, UNIT_CROSSBOWMAN (5308455), UNITOPERATION_MOVE_TO (19)
050, Adding, 7, UNIT_MAN_AT_ARMS (5767175), UNITOPERATION_MOVE_TO (19)
050, Adding, 7, UNIT_TREBUCHET (6225966), UNITOPERATION_MOVE_TO (19)
050, Adding, 7, UNIT_BUILDER (4718636), UNITOPERATION_SWAP_UNITS (49)
050, Can't Start, 7, UNIT_BUILDER (4718636), UNITOPERATION_SWAP_UNITS (49)
050, Adding, 7, UNIT_BUILDER (4718636), UNITOPERATION_MOVE_TO (19)
050, Adding, 7, UNIT_BUILDER (4980741), UNITOPERATION_SWAP_UNITS (49)
050, Can't Start, 7, UNIT_BUILDER (4980741), UNITOPERATION_SWAP_UNITS (49)
050, Adding, 7, UNIT_BUILDER (4980741), UNITOPERATION_MOVE_TO (19)
050, Adding, 7, UNIT_BUILDER (6094849), UNITOPERATION_SWAP_UNITS (49)
050, Can't Start, 7, UNIT_BUILDER (6094849), UNITOPERATION_SWAP_UNITS (49)
050, Adding, 7, UNIT_BUILDER (6094849), UNITOPERATION_MOVE_TO (19)
050, Adding, 7, UNIT_BUILDER (6094849), UNITOPERATION_BUILD_IMPROVEMENT (2)
050, Adding, 7, UNIT_BUILDER (5898248), UNITOPERATION_SWAP_UNITS (49)
050, Can't Start, 7, UNIT_BUILDER (5898248), UNITOPERATION_SWAP_UNITS (49)
050, Adding, 7, UNIT_BUILDER (5898248), UNITOPERATION_MOVE_TO (19)
050, Adding, 7, UNIT_BUILDER (5898248), UNITOPERATION_BUILD_IMPROVEMENT (2)
050, Adding, 7, UNIT_BUILDER (6291503), UNITOPERATION_SWAP_UNITS (49)
050, Can't Start, 7, UNIT_BUILDER (6291503), UNITOPERATION_SWAP_UNITS (49)
050, Adding, 7, UNIT_BUILDER (6291503), UNITOPERATION_MOVE_TO (19)
050, Adding, 7, UNIT_GREAT_WRITER (5373990), UNITOPERATION_SWAP_UNITS (49)
050, Can't Start, 7, UNIT_GREAT_WRITER (5373990), UNITOPERATION_SWAP_UNITS (49)
050, Adding, 7, UNIT_GREAT_WRITER (5373990), UNITOPERATION_MOVE_TO (19)
050, Adding, 7, UNIT_GREAT_WRITER (5046306), UNITOPERATION_SWAP_UNITS (49)
050, Can't Start, 7, UNIT_GREAT_WRITER (5046306), UNITOPERATION_SWAP_UNITS (49)
050, Adding, 7, UNIT_GREAT_WRITER (5046306), UNITOPERATION_MOVE_TO (19)
050, Adding, 7, UNIT_GREAT_WRITER (6357040), UNITOPERATION_SWAP_UNITS (49)
050, Can't Start, 7, UNIT_GREAT_WRITER (6357040), UNITOPERATION_SWAP_UNITS (49)
050, Adding, 7, UNIT_GREAT_WRITER (6357040), UNITOPERATION_MOVE_TO (19)
050, Adding, 7, UNIT_SKIRMISHER (4522025), UNITOPERATION_PILLAGE (23)
050, Adding, 7, UNIT_SKIRMISHER (4522025), UNITOPERATION_SKIP_TURN (36)
050, Adding, 7, UNIT_MAN_AT_ARMS (5111821), UNITOPERATION_MOVE_TO (19)
050, Adding, 7, UNIT_MAN_AT_ARMS (5570603), UNITOPERATION_MOVE_TO (19)
050, Can't Start, 7, UNIT_MAN_AT_ARMS (5570603), UNITOPERATION_MOVE_TO (19)
050, Adding, 7, UNIT_MAN_AT_ARMS (5242925), UNITOPERATION_MOVE_TO (19)
050, Adding, 7, UNIT_MAN_AT_ARMS (5177350), UNITOPERATION_MOVE_TO (19)
050, Adding, 7, UNIT_SKIRMISHER (4587562), UNITOPERATION_MOVE_TO (19)
050, Adding, 7, UNIT_SKIRMISHER (3735570), UNITOPERATION_MOVE_TO (19)
050, Adding, 7, UNIT_SKIRMISHER (3735570), UNITOPERATION_MOVE_TO (19)
050, Adding, 7, UNIT_SKIRMISHER (3735570), UNITOPERATION_MOVE_TO (19)
050, Adding, 7, UNIT_SKIRMISHER (3538973), UNITOPERATION_MOVE_TO (19)
050, Adding, 7, UNIT_TAOIST (851968), UNITOPERATION_MOVE_TO (19)
050, Adding, 7, UNIT_SKIRMISHER (6029329), UNITOPERATION_MOVE_TO (19)
050, Adding, 7, UNIT_TAOIST (851968), UNITOPERATION_SKIP_TURN (36)
050, Adding, 7, UNIT_SKIRMISHER (6029329), UNITOPERATION_SKIP_TURN (36)
050, Adding, 8, UNIT_TRADER (1048588), UNITOPERATION_MAKE_TRADE_ROUTE (18)
050, Can't Start, 8, UNIT_TRADER (1048588), UNITOPERATION_MAKE_TRADE_ROUTE (18)
050, Adding, 8, UNIT_SWORDSMAN (3932199), UNITOPERATION_SWAP_UNITS (49)
050, Adding, 8, UNIT_HORSEMAN (4587566), UNITOPERATION_SWAP_UNITS (49)
050, Can't Start, 8, UNIT_HORSEMAN (4587566), UNITOPERATION_SWAP_UNITS (49)
050, Adding, 8, UNIT_HORSEMAN (4587566), UNITOPERATION_MOVE_TO (19)
050, Adding, 8, UNIT_VIETNAMESE_VOI_CHIEN (5439490), UNITOPERATION_RANGE_ATTACK (26)
050, Adding, 8, UNIT_VIETNAMESE_VOI_CHIEN (5439490), UNITOPERATION_MOVE_TO (19)
050, Adding, 8, UNIT_SWORDSMAN (3932199), UNITOPERATION_MOVE_TO (19)
050, Adding, 8, UNIT_SWORDSMAN (4915249), UNITOPERATION_MOVE_TO (19)
050, Adding, 8, UNIT_SWORDSMAN (4653103), UNITOPERATION_MOVE_TO (19)
050, Adding, 8, UNIT_MAN_AT_ARMS (7536700), UNITOPERATION_SWAP_UNITS (49)
050, Can't Start, 8, UNIT_MAN_AT_ARMS (7536700), UNITOPERATION_SWAP_UNITS (49)
050, Adding, 8, UNIT_MAN_AT_ARMS (7536700), UNITOPERATION_MOVE_TO (19)
050, Adding, 8, UNIT_MILITARY_ENGINEER (8388644), UNITOPERATION_SWAP_UNITS (49)
050, Can't Start, 8, UNIT_MILITARY_ENGINEER (8388644), UNITOPERATION_SWAP_UNITS (49)
050, Adding, 8, UNIT_MILITARY_ENGINEER (8388644), UNITOPERATION_MOVE_TO (19)
050, Adding, 8, UNIT_MILITARY_ENGINEER (8126482), UNITOPERATION_SWAP_UNITS (49)
050, Can't Start, 8, UNIT_MILITARY_ENGINEER (8126482), UNITOPERATION_SWAP_UNITS (49)
050, Adding, 8, UNIT_MILITARY_ENGINEER (8126482), UNITOPERATION_MOVE_TO (19)
050, Adding, 8, UNIT_MILITARY_ENGINEER (7995435), UNITOPERATION_SWAP_UNITS (49)
050, Can't Start, 8, UNIT_MILITARY_ENGINEER (7995435), UNITOPERATION_SWAP_UNITS (49)
050, Adding, 8, UNIT_MILITARY_ENGINEER (7995435), UNITOPERATION_MOVE_TO (19)
050, Adding, 8, UNIT_MILITARY_ENGINEER (7995435), UNITOPERATION_BUILD_IMPROVEMENT (2)
050, Adding, 8, UNIT_BUILDER (6619144), UNITOPERATION_SWAP_UNITS (49)
050, Can't Start, 8, UNIT_BUILDER (6619144), UNITOPERATION_SWAP_UNITS (49)
050, Adding, 8, UNIT_BUILDER (6619144), UNITOPERATION_MOVE_TO (19)
050, Adding, 8, UNIT_SKIRMISHER (6553655), UNITOPERATION_MOVE_TO (19)
050, Adding, 8, UNIT_SKIRMISHER (5505075), UNITOPERATION_MOVE_TO (19)
050, Adding, 8, UNIT_VIETNAMESE_VOI_CHIEN (7602205), UNITOPERATION_FORTIFY (12)
050, Adding, 8, UNIT_SKIRMISHER (4522029), UNITOPERATION_SWAP_UNITS (49)
050, Can't Start, 8, UNIT_SKIRMISHER (4522029), UNITOPERATION_SWAP_UNITS (49)
050, Adding, 8, UNIT_SKIRMISHER (4522029), UNITOPERATION_MOVE_TO (19)
050, Adding, 8, UNIT_VIETNAMESE_VOI_CHIEN (7208961), UNITOPERATION_MOVE_TO (19)
050, Adding, 8, UNIT_VIETNAMESE_VOI_CHIEN (5832707), UNITOPERATION_MOVE_TO (19)
050, Adding, 8, UNIT_VIETNAMESE_VOI_CHIEN (7864324), UNITOPERATION_MOVE_TO (19)
050, Adding, 8, UNIT_VIETNAMESE_VOI_CHIEN (7143429), UNITOPERATION_MOVE_TO (19)
050, Adding, 8, UNIT_VIETNAMESE_VOI_CHIEN (7405574), UNITOPERATION_MOVE_TO (19)
050, Adding, 8, UNIT_HORSEMAN (3997710), UNITOPERATION_MOVE_TO (19)
050, Can't Start, 8, UNIT_HORSEMAN (3997710), UNITOPERATION_MOVE_TO (19)
050, Adding, 8, UNIT_HORSEMAN (2752528), UNITOPERATION_MOVE_TO (19)
050, Adding, 8, UNIT_VIETNAMESE_VOI_CHIEN (5111825), UNITOPERATION_MOVE_TO (19)
050, Adding, 8, UNIT_KNIGHT (8454163), UNITOPERATION_MOVE_TO (19)
050, Adding, 8, UNIT_VIETNAMESE_VOI_CHIEN (5767195), UNITOPERATION_MOVE_TO (19)
050, Adding, 8, UNIT_VIETNAMESE_VOI_CHIEN (5046300), UNITOPERATION_MOVE_TO (19)
050, Adding, 8, UNIT_KNIGHT (8257600), UNITOPERATION_MOVE_TO (19)
050, Adding, 8, UNIT_VIETNAMESE_VOI_CHIEN (6946823), UNITOPERATION_MOVE_TO (19)
050, Adding, 8, UNIT_VIETNAMESE_VOI_CHIEN (5373972), UNITOPERATION_MOVE_TO (19)
050, Adding, 8, UNIT_VIETNAMESE_VOI_CHIEN (6357013), UNITOPERATION_MOVE_TO (19)
050, Adding, 8, UNIT_VIETNAMESE_VOI_CHIEN (7340054), UNITOPERATION_MOVE_TO (19)
050, Adding, 8, UNIT_VIETNAMESE_VOI_CHIEN (6029335), UNITOPERATION_MOVE_TO (19)
050, Adding, 8, UNIT_VIETNAMESE_VOI_CHIEN (7667738), UNITOPERATION_MOVE_TO (19)
050, Adding, 8, UNIT_VIETNAMESE_VOI_CHIEN (8060959), UNITOPERATION_MOVE_TO (19)
050, Adding, 8, UNIT_VIETNAMESE_VOI_CHIEN (7798816), UNITOPERATION_MOVE_TO (19)
050, Adding, 8, UNIT_VIETNAMESE_VOI_CHIEN (6881313), UNITOPERATION_MOVE_TO (19)
050, Adding, 8, UNIT_VIETNAMESE_VOI_CHIEN (7077922), UNITOPERATION_MOVE_TO (19)
050, Adding, 8, UNIT_VIETNAMESE_VOI_CHIEN (5308458), UNITOPERATION_MOVE_TO (19)
050, Adding, 8, UNIT_VIETNAMESE_VOI_CHIEN (5570604), UNITOPERATION_MOVE_TO (19)
050, Adding, 8, UNIT_TREBUCHET (7274555), UNITOPERATION_MOVE_TO (19)
050, Adding, 8, UNIT_VIETNAMESE_VOI_CHIEN (8192063), UNITOPERATION_MOVE_TO (19)
050, Adding, 8, UNIT_MISSIONARY (7471104), UNITOPERATION_MOVE_TO (19)
050, Adding, 8, UNIT_MISSIONARY (6094857), UNITOPERATION_MOVE_TO (19)
050, Adding, 8, UNIT_MISSIONARY (5177355), UNITOPERATION_MOVE_TO (19)
050, Adding, 8, UNIT_MISSIONARY (3866637), UNITOPERATION_MOVE_TO (19)
050, Adding, 8, UNIT_MISSIONARY (3866637), UNITOPERATION_SPREAD_RELIGION (38)
050, Adding, 8, UNIT_MISSIONARY (4259864), UNITOPERATION_MOVE_TO (19)
050, Adding, 8, UNIT_MISSIONARY (4849689), UNITOPERATION_MOVE_TO (19)
050, Adding, 8, UNIT_MISSIONARY (2883614), UNITOPERATION_MOVE_TO (19)
050, Adding, 8, UNIT_MISSIONARY (3407907), UNITOPERATION_MOVE_TO (19)
050, Adding, 8, UNIT_MISSIONARY (3407907), UNITOPERATION_SPREAD_RELIGION (38)
050, Adding, 8, UNIT_MISSIONARY (3670053), UNITOPERATION_MOVE_TO (19)
050, Adding, 8, UNIT_MISSIONARY (5701670), UNITOPERATION_MOVE_TO (19)
050, Adding, 8, UNIT_MISSIONARY (4063272), UNITOPERATION_MOVE_TO (19)
050, Adding, 8, UNIT_MISSIONARY (4784176), UNITOPERATION_MOVE_TO (19)
050, Adding, 8, UNIT_MISSIONARY (4784176), UNITOPERATION_SPREAD_RELIGION (38)
050, Can't Start, 8, UNIT_MISSIONARY (4784176), UNITOPERATION_SPREAD_RELIGION (38)
050, Adding, 8, UNIT_MISSIONARY (6488118), UNITOPERATION_MOVE_TO (19)
050, Adding, 8, UNIT_MISSIONARY (6684728), UNITOPERATION_MOVE_TO (19)
050, Adding, 8, UNIT_MISSIONARY (7733309), UNITOPERATION_MOVE_TO (19)
050, Adding, 8, UNIT_MISSIONARY (7929918), UNITOPERATION_MOVE_TO (19)
050, Adding, 8, UNIT_MISSIONARY (8323137), UNITOPERATION_MOVE_TO (19)
050, Adding, 8, UNIT_SKIRMISHER (7012410), UNITOPERATION_MOVE_TO (19)
050, Adding, 8, UNIT_SKIRMISHER (5242890), UNITOPERATION_MOVE_TO (19)
050, Adding, 8, UNIT_SKIRMISHER (4128809), UNITOPERATION_MOVE_TO (19)
050, Adding, 8, UNIT_SKIRMISHER (4128809), UNITOPERATION_MOVE_TO (19)
050, Adding, 8, UNIT_SKIRMISHER (4128809), UNITOPERATION_MOVE_TO (19)
050, Adding, 8, UNIT_SKIRMISHER (6750265), UNITOPERATION_MOVE_TO (19)
050, Adding, 8, UNIT_SKIRMISHER (6750265), UNITOPERATION_SKIP_TURN (36)
050, Can't Start, 8, UNIT_TRADER (1048588), UNITOPERATION_MAKE_TRADE_ROUTE (18)
050, Adding, 9, UNIT_MAN_AT_ARMS (8126492), UNITOPERATION_SWAP_UNITS (49)
050, Can't Start, 9, UNIT_MAN_AT_ARMS (8126492), UNITOPERATION_SWAP_UNITS (49)
050, Adding, 9, UNIT_MAN_AT_ARMS (8126492), UNITOPERATION_MOVE_TO (19)
050, Adding, 9, UNIT_KNIGHT (8781880), UNITOPERATION_SWAP_UNITS (49)
050, Can't Start, 9, UNIT_KNIGHT (8781880), UNITOPERATION_SWAP_UNITS (49)
050, Adding, 9, UNIT_KNIGHT (8781880), UNITOPERATION_MOVE_TO (19)
050, Adding, 9, UNIT_CROSSBOWMAN (4587520), UNITOPERATION_MOVE_TO (19)
050, Adding, 9, UNIT_MAN_AT_ARMS (7012370), UNITOPERATION_MOVE_TO (19)
050, Can't Start, 9, UNIT_MAN_AT_ARMS (7012370), UNITOPERATION_MOVE_TO (19)
050, Adding, 9, UNIT_CROSSBOWMAN (5242890), UNITOPERATION_MOVE_TO (19)
050, Adding, 9, UNIT_CROSSBOWMAN (6160431), UNITOPERATION_SWAP_UNITS (49)
050, Can't Start, 9, UNIT_CROSSBOWMAN (6160431), UNITOPERATION_SWAP_UNITS (49)
050, Adding, 9, UNIT_CROSSBOWMAN (6160431), UNITOPERATION_MOVE_TO (19)
050, Adding, 9, UNIT_KNIGHT (9109537), UNITOPERATION_SWAP_UNITS (49)
050, Can't Start, 9, UNIT_KNIGHT (9109537), UNITOPERATION_SWAP_UNITS (49)
050, Adding, 9, UNIT_KNIGHT (9109537), UNITOPERATION_MOVE_TO (19)
050, Adding, 9, UNIT_SETTLER (8060962), UNITOPERATION_MOVE_TO (19)
050, Adding, 9, UNIT_SETTLER (8060962), UNITOPERATION_FOUND_CITY (14)
050, Adding, 9, UNIT_BUILDER (5767191), UNITOPERATION_SWAP_UNITS (49)
050, Can't Start, 9, UNIT_BUILDER (5767191), UNITOPERATION_SWAP_UNITS (49)
050, Adding, 9, UNIT_BUILDER (5767191), UNITOPERATION_MOVE_TO (19)
050, Adding, 9, UNIT_MILITARY_ENGINEER (8585255), UNITOPERATION_BUILD_IMPROVEMENT (2)
050, Adding, 9, UNIT_CROSSBOWMAN (6750246), UNITOPERATION_FORTIFY (12)
050, Can't Start, 9, UNIT_CROSSBOWMAN (6750246), UNITOPERATION_FORTIFY (12)
050, Adding, 9, UNIT_MUSKETMAN (9043977), UNITOPERATION_MOVE_TO (19)
050, Adding, 9, UNIT_MUSKETMAN (9240588), UNITOPERATION_MOVE_TO (19)
050, Adding, 9, UNIT_MUSKETMAN (8978445), UNITOPERATION_MOVE_TO (19)
050, Adding, 9, UNIT_COURSER (8257551), UNITOPERATION_MOVE_TO (19)
050, Adding, 9, UNIT_MUSKETMAN (8912916), UNITOPERATION_MOVE_TO (19)
050, Can't Start, 9, UNIT_MUSKETMAN (8912916), UNITOPERATION_MOVE_TO (19)
050, Adding, 9, UNIT_KNIGHT (8716315), UNITOPERATION_MOVE_TO (19)
050, Adding, 9, UNIT_COURSER (8454174), UNITOPERATION_MOVE_TO (19)
050, Adding, 9, UNIT_MAN_AT_ARMS (7602212), UNITOPERATION_MOVE_TO (19)
050, Adding, 9, UNIT_MUSKETMAN (8847397), UNITOPERATION_MOVE_TO (19)
050, Adding, 9, UNIT_MUSKETMAN (9371693), UNITOPERATION_MOVE_TO (19)
050, Adding, 9, UNIT_KNIGHT (9306158), UNITOPERATION_MOVE_TO (19)
050, Adding, 9, UNIT_MAN_AT_ARMS (6291505), UNITOPERATION_MOVE_TO (19)
050, Adding, 9, UNIT_MAN_AT_ARMS (6357042), UNITOPERATION_MOVE_TO (19)
050, Adding, 9, UNIT_MAN_AT_ARMS (6422579), UNITOPERATION_MOVE_TO (19)
050, Adding, 9, UNIT_MAN_AT_ARMS (7209015), UNITOPERATION_MOVE_TO (19)
050, Adding, 9, UNIT_MAN_AT_ARMS (7077893), UNITOPERATION_MOVE_TO (19)
050, Adding, 9, UNIT_CROSSBOWMAN (7864328), UNITOPERATION_MOVE_TO (19)
050, Adding, 9, UNIT_CROSSBOWMAN (4521995), UNITOPERATION_MOVE_TO (19)
050, Adding, 9, UNIT_CROSSBOWMAN (6946840), UNITOPERATION_MOVE_TO (19)
050, Adding, 9, UNIT_CROSSBOWMAN (5701661), UNITOPERATION_MOVE_TO (19)
050, Adding, 9, UNIT_CROSSBOWMAN (4653096), UNITOPERATION_MOVE_TO (19)
050, Adding, 9, UNIT_CROSSBOWMAN (4718633), UNITOPERATION_MOVE_TO (19)
050, Adding, 9, UNIT_CROSSBOWMAN (5308459), UNITOPERATION_MOVE_TO (19)
050, Adding, 9, UNIT_MAN_AT_ARMS (6488116), UNITOPERATION_MOVE_TO (19)
050, Adding, 9, UNIT_MAN_AT_ARMS (6553653), UNITOPERATION_MOVE_TO (19)
050, Adding, 9, UNIT_MAN_AT_ARMS (6619190), UNITOPERATION_MOVE_TO (19)
050, Adding, 9, UNIT_TREBUCHET (8323130), UNITOPERATION_MOVE_TO (19)
050, Adding, 9, UNIT_MISSIONARY (4390915), UNITOPERATION_MOVE_TO (19)
050, Adding, 9, UNIT_MISSIONARY (5570574), UNITOPERATION_MOVE_TO (19)
050, Adding, 9, UNIT_MISSIONARY (7798800), UNITOPERATION_MOVE_TO (19)
050, Adding, 9, UNIT_MISSIONARY (8192019), UNITOPERATION_MOVE_TO (19)
050, Adding, 9, UNIT_MISSIONARY (5177365), UNITOPERATION_MOVE_TO (19)
050, Adding, 9, UNIT_MISSIONARY (5439513), UNITOPERATION_MOVE_TO (19)
050, Adding, 9, UNIT_MISSIONARY (6881306), UNITOPERATION_MOVE_TO (19)
050, Adding, 9, UNIT_MISSIONARY (9175071), UNITOPERATION_MOVE_TO (19)
050, Adding, 9, UNIT_MISSIONARY (4915232), UNITOPERATION_MOVE_TO (19)
050, Adding, 9, UNIT_MISSIONARY (8650787), UNITOPERATION_MOVE_TO (19)
050, Adding, 9, UNIT_MISSIONARY (7274538), UNITOPERATION_MOVE_TO (19)
050, Adding, 9, UNIT_MISSIONARY (5832748), UNITOPERATION_MOVE_TO (19)
050, Adding, 9, UNIT_MISSIONARY (6225968), UNITOPERATION_MOVE_TO (19)
050, Adding, 9, UNIT_MISSIONARY (8519737), UNITOPERATION_MOVE_TO (19)
050, Adding, 9, UNIT_SKIRMISHER (5046276), UNITOPERATION_MOVE_TO (19)
050, Adding, 9, UNIT_SKIRMISHER (5046276), UNITOPERATION_MOVE_TO (19)
050, Adding, 9, UNIT_SKIRMISHER (5046276), UNITOPERATION_MOVE_TO (19)
050, Adding, 9, UNIT_SKIRMISHER (5111830), UNITOPERATION_MOVE_TO (19)
050, Adding, 9, UNIT_SKIRMISHER (5111830), UNITOPERATION_SKIP_TURN (36)
050, Can't Start, 9, UNIT_MUSKETMAN (8912916), UNITOPERATION_MOVE_TO (19)
050, Adding, 10, UNIT_CROSSBOWMAN (983040), UNITOPERATION_MOVE_TO (19)
050, Adding, 10, UNIT_SWORDSMAN (786433), UNITOPERATION_MOVE_TO (19)
050, Adding, 10, UNIT_SWORDSMAN (917506), UNITOPERATION_MOVE_TO (19)
050, Adding, 10, UNIT_SWORDSMAN (851971), UNITOPERATION_MOVE_TO (19)
050, Adding, 10, UNIT_CROSSBOWMAN (1179652), UNITOPERATION_MOVE_TO (19)
050, Adding, 10, UNIT_SWORDSMAN (720902), UNITOPERATION_MOVE_TO (19)
050, Adding, 10, UNIT_SWORDSMAN (1114120), UNITOPERATION_MOVE_TO (19)
050, Adding, 10, UNIT_BUILDER (1048583), UNITOPERATION_SKIP_TURN (36)
050, Adding, 12, UNIT_BUILDER (524292), UNITOPERATION_BUILD_IMPROVEMENT (2)
050, Adding, 12, UNIT_CROSSBOWMAN (720898), UNITOPERATION_SWAP_UNITS (49)
050, Adding, 12, UNIT_CROSSBOWMAN (720898), UNITOPERATION_RANGE_ATTACK (26)
050, Adding, 12, UNIT_CROSSBOWMAN (720898), UNITOPERATION_MOVE_TO (19)
050, Adding, 12, UNIT_SWORDSMAN (458752), UNITOPERATION_FORTIFY (12)
050, Adding, 12, UNIT_SWORDSMAN (589829), UNITOPERATION_MOVE_TO (19)
050, Adding, 12, UNIT_SWORDSMAN (655361), UNITOPERATION_MOVE_TO (19)
050, Adding, 12, UNIT_CROSSBOWMAN (786435), UNITOPERATION_MOVE_TO (19)
050, Adding, 13, UNIT_SWORDSMAN (655361), UNITOPERATION_MOVE_TO (19)
050, Adding, 13, UNIT_CATAPULT (720898), UNITOPERATION_MOVE_TO (19)
050, Adding, 13, UNIT_HEAVY_CHARIOT (524292), UNITOPERATION_MOVE_TO (19)
050, Adding, 13, UNIT_SWORDSMAN (589829), UNITOPERATION_MOVE_TO (19)
050, Adding, 13, UNIT_BUILDER (786432), UNITOPERATION_SKIP_TURN (36)
050, Adding, 14, UNIT_CATAPULT (458755), UNITOPERATION_RANGE_ATTACK (26)
050, Adding, 14, UNIT_CATAPULT (458755), UNITOPERATION_MOVE_TO (19)
050, Adding, 14, UNIT_BUILDER (720896), UNITOPERATION_REMOVE_FEATURE (28)
050, Can't Start, 14, UNIT_BUILDER (720896), UNITOPERATION_REMOVE_FEATURE (28)
050, Adding, 15, UNIT_SWORDSMAN (983041), UNITOPERATION_MOVE_TO (19)
050, Adding, 15, UNIT_HORSEMAN (1179652), UNITOPERATION_MOVE_TO (19)
050, Adding, 15, UNIT_HORSEMAN (720902), UNITOPERATION_MOVE_TO (19)
050, Adding, 15, UNIT_SWORDSMAN (786439), UNITOPERATION_MOVE_TO (19)
050, Adding, 15, UNIT_SWORDSMAN (851976), UNITOPERATION_MOVE_TO (19)
050, Adding, 15, UNIT_SWORDSMAN (1048585), UNITOPERATION_MOVE_TO (19)
050, Adding, 15, UNIT_SWORDSMAN (1114122), UNITOPERATION_MOVE_TO (19)
050, Adding, 15, UNIT_BUILDER (917507), UNITOPERATION_SKIP_TURN (36)
050, Adding, 17, UNIT_CROSSBOWMAN (1179652), UNITOPERATION_SWAP_UNITS (49)
050, Can't Start, 17, UNIT_CROSSBOWMAN (1179652), UNITOPERATION_SWAP_UNITS (49)
050, Adding, 17, UNIT_CROSSBOWMAN (1179652), UNITOPERATION_MOVE_TO (19)
050, Adding, 17, UNIT_CROSSBOWMAN (1179652), UNITOPERATION_RANGE_ATTACK (26)
050, Adding, 17, UNIT_SWORDSMAN (983045), UNITOPERATION_MOVE_TO (19)
050, Adding, 17, UNIT_SWORDSMAN (1114114), UNITOPERATION_MOVE_TO (19)
050, Adding, 17, UNIT_CROSSBOWMAN (1179652), UNITOPERATION_MOVE_TO (19)
050, Adding, 17, UNIT_SWORDSMAN (1048577), UNITOPERATION_SWAP_UNITS (49)
050, Can't Start, 17, UNIT_SWORDSMAN (1048577), UNITOPERATION_SWAP_UNITS (49)
050, Adding, 17, UNIT_SWORDSMAN (1048577), UNITOPERATION_MOVE_TO (19)
050, Adding, 17, UNIT_SWORDSMAN (851971), UNITOPERATION_MOVE_TO (19)
050, Adding, 17, UNIT_SWORDSMAN (786439), UNITOPERATION_MOVE_TO (19)
050, Adding, 20, UNIT_SWORDSMAN (720896), UNITOPERATION_MOVE_TO (19)
050, Adding, 20, UNIT_CROSSBOWMAN (983041), UNITOPERATION_MOVE_TO (19)
050, Adding, 20, UNIT_CROSSBOWMAN (851970), UNITOPERATION_MOVE_TO (19)
050, Adding, 20, UNIT_HEAVY_CHARIOT (458756), UNITOPERATION_MOVE_TO (19)
050, Adding, 20, UNIT_CROSSBOWMAN (1048582), UNITOPERATION_MOVE_TO (19)
050, Adding, 20, UNIT_SWORDSMAN (786439), UNITOPERATION_MOVE_TO (19)
050, Adding, 20, UNIT_BUILDER (917509), UNITOPERATION_SKIP_TURN (36)
050, Adding, 21, UNIT_HEAVY_CHARIOT (524288), UNITOPERATION_SWAP_UNITS (49)
050, Can't Start, 21, UNIT_HEAVY_CHARIOT (524288), UNITOPERATION_SWAP_UNITS (49)
050, Adding, 21, UNIT_HEAVY_CHARIOT (524288), UNITOPERATION_MOVE_TO (19)
050, Adding, 21, UNIT_BUILDER (1245188), UNITOPERATION_BUILD_IMPROVEMENT (2)
050, Adding, 21, UNIT_CROSSBOWMAN (851970), UNITOPERATION_MOVE_TO (19)
050, Adding, 21, UNIT_SWORDSMAN (1179651), UNITOPERATION_MOVE_TO (19)
050, Adding, 21, UNIT_SWORDSMAN (983045), UNITOPERATION_MOVE_TO (19)
050, Adding, 21, UNIT_CROSSBOWMAN (1114118), UNITOPERATION_MOVE_TO (19)
050, Adding, 21, UNIT_CATAPULT (720903), UNITOPERATION_MOVE_TO (19)
050, Adding, 21, UNIT_SWORDSMAN (786440), UNITOPERATION_MOVE_TO (19)
050, Adding, 21, UNIT_SWORDSMAN (917513), UNITOPERATION_MOVE_TO (19)
050, Adding, 21, UNIT_CROSSBOWMAN (1310730), UNITOPERATION_MOVE_TO (19)
050, Adding, 0, UNIT_KNIGHT (2293777), UNITOPERATION_MOVE_TO (19)
050, Adding, 1, UNIT_TRADER (2752528), UNITOPERATION_MAKE_TRADE_ROUTE (18)
050, Adding, 1, UNIT_ARCHER (2621459), UNITOPERATION_FORTIFY (12)
050, Adding, 4, UNIT_BUILDER (3145731), UNITOPERATION_MOVE_TO (19)
050, Adding, 4, UNIT_VAMPIRE (4128790), UNITOPERATION_MOVE_TO (19)
050, Adding, 1, UNIT_BUILDER (2359311), UNITOPERATION_MOVE_TO (19)
050, Adding, 1, UNIT_BUILDER (2359311), UNITOPERATION_BUILD_IMPROVEMENT (2)
050, Adding, 2, UNIT_KNIGHT (2424848), UNITOPERATION_MOVE_TO (19)
050, Adding, 4, UNIT_VAMPIRE (4128790), UNITOPERATION_BUILD_IMPROVEMENT (2)
050, Adding, 1, UNIT_BUILDER (2359311), UNITOPERATION_MOVE_TO (19)
050, Adding, 2, UNIT_KNIGHT (2359311), UNITOPERATION_MOVE_TO (19)
050, Adding, 1, UNIT_TAOIST (2818066), UNITOPERATION_MOVE_TO (19)
050, Adding, 3, UNIT_BUILDER (2359307), UNITOPERATION_MOVE_TO (19)
050, Adding, 1, UNIT_BUILDER (2883596), UNITOPERATION_MOVE_TO (19)
050, Adding, 1, UNIT_BUILDER (2883596), UNITOPERATION_MOVE_TO (19)
050, Adding, 2, UNIT_SCOUT (196608), UNITOPERATION_MOVE_TO (19)
050, Adding, 1, UNIT_BUILDER (2031625), UNITOPERATION_MOVE_TO (19)
050, Adding, 4, UNIT_TRADER (4390923), UNITOPERATION_MAKE_TRADE_ROUTE (18)
050, Adding, 1, UNIT_BUILDER (2424843), UNITOPERATION_MOVE_TO (19)
050, Adding, 1, UNIT_BUILDER (2424843), UNITOPERATION_BUILD_IMPROVEMENT (2)
050, Adding, 2, UNIT_KNIGHT (1638407), UNITOPERATION_MOVE_TO (19)
050, Adding, 2, UNIT_INDIAN_VARU (1507331), UNITOPERATION_MOVE_TO (19)
050, Adding, 2, UNIT_KNIGHT (2228232), UNITOPERATION_MOVE_TO (19)
050, Adding, 2, UNIT_BUILDER (2031617), UNITOPERATION_MOVE_TO (19)
050, Adding, 2, UNIT_KNIGHT (2490385), UNITOPERATION_MOVE_TO (19)
050, Adding, 2, UNIT_BUILDER (1835018), UNITOPERATION_BUILD_IMPROVEMENT (2)
050, Adding, 3, UNIT_BUILDER (2490386), UNITOPERATION_MOVE_TO (19)
050, Adding, 3, UNIT_TRADER (2686991), UNITOPERATION_TELEPORT_TO_CITY (51)
050, Adding, 1, UNIT_BUILDER (2424843), UNITOPERATION_MOVE_TO (19)
050, Adding, 3, UNIT_BUILDER (2228230), UNITOPERATION_MOVE_TO (19)
050, Adding, 3, UNIT_BUILDER (2228230), UNITOPERATION_BUILD_IMPROVEMENT (2)
050, Adding, 2, UNIT_BUILDER (2162699), UNITOPERATION_MOVE_TO (19)
050, Adding, 3, UNIT_APOSTLE (2621460), UNITOPERATION_EVANGELIZE_BELIEF (10)
050, Adding, 4, UNIT_HEAVY_CHARIOT (4456456), UNITOPERATION_MOVE_TO (19)
050, Adding, 0, UNIT_SIEGE_TOWER (2752526), UNITOPERATION_MOVE_TO (19)
050, Adding, 4, UNIT_BUILDER (3211266), UNITOPERATION_MOVE_TO (19)
050, Adding, 4, UNIT_BUILDER (3211266), UNITOPERATION_BUILD_IMPROVEMENT (2)
050, Adding, 2, UNIT_BUILDER (1900553), UNITOPERATION_MOVE_TO (19)
050, Adding, 0, UNIT_CROSSBOWMAN (2490381), UNITOPERATION_FORTIFY (12)
050, Adding, 1, UNIT_BUILDER (2293780), UNITOPERATION_MOVE_TO (19)
050, Adding, 0, UNIT_VAMPIRE (262146), UNITOPERATION_MOVE_TO (19)
050, Adding, 1, UNIT_WARRIOR (131073), UNITOPERATION_MOVE_TO (19)
050, Adding, 0, UNIT_KNIGHT (2293777), UNITOPERATION_PILLAGE (23)
050, Adding, 1, UNIT_BABYLONIAN_SABUM_KIBITTUM (196608), UNITOPERATION_MOVE_TO (19)
050, Adding, 1, UNIT_BABYLONIAN_SABUM_KIBITTUM (196608), UNITOPERATION_MOVE_TO (19)
050, Adding, 0, UNIT_KNIGHT (1966095), UNITOPERATION_MOVE_TO (19)
050, Adding, 0, UNIT_CROSSBOWMAN (2555904), UNITOPERATION_MOVE_TO (19)
050, Adding, 0, UNIT_CROSSBOWMAN (2555904), UNITOPERATION_MOVE_TO (19)
050, Adding, 3, UNIT_BUILDER (2359307), UNITOPERATION_MOVE_TO (19)
050, Adding, 0, UNIT_CROSSBOWMAN (2555904), UNITOPERATION_MOVE_TO (19)
050, Adding, 2, UNIT_MISSIONARY (2293774), UNITOPERATION_MOVE_TO (19)
050, Adding, 0, UNIT_CROSSBOWMAN (2555904), UNITOPERATION_MOVE_TO (19)
050, Adding, 3, UNIT_BUILDER (2293774), UNITOPERATION_MOVE_TO (19)
050, Adding, 2, UNIT_MISSIONARY (2097165), UNITOPERATION_MOVE_TO (19)
050, Adding, 3, UNIT_BUILDER (2293774), UNITOPERATION_BUILD_IMPROVEMENT (2)
050, Adding, 2, UNIT_MISSIONARY (2097165), UNITOPERATION_SPREAD_RELIGION (38)
050, Adding, 3, UNIT_BUILDER (2555923), UNITOPERATION_MOVE_TO (19)
050, Adding, 3, UNIT_BUILDER (2097159), UNITOPERATION_MOVE_TO (19)
050, Adding, 0, UNIT_BUILDER (2686996), UNITOPERATION_MOVE_TO (19)
050, Adding, 4, UNIT_VAMPIRE (196608), UNITOPERATION_MOVE_TO (19)
050, Adding, 3, UNIT_BUILDER (1769485), UNITOPERATION_MOVE_TO (19)
050, Adding, 4, UNIT_VAMPIRE (196608), UNITOPERATION_BUILD_IMPROVEMENT (2)
050, Adding, 0, UNIT_CROSSBOWMAN (2621450), UNITOPERATION_MOVE_TO (19)
050, Adding, 0, UNIT_CROSSBOWMAN (2621450), UNITOPERATION_MOVE_TO (19)
050, Adding, 3, UNIT_BUILDER (2031625), UNITOPERATION_MOVE_TO (19)
050, Adding, 1, UNIT_BABYLONIAN_SABUM_KIBITTUM (262146), UNITOPERATION_MOVE_TO (19)
050, Adding, 0, UNIT_KNIGHT (2293777), UNITOPERATION_MOVE_TO (19)
050, Adding, 0, UNIT_GREAT_GENERAL (2359308), UNITOPERATION_SKIP_TURN (36)
050, Adding, 4, UNIT_CROSSBOWMAN (3473421), UNITOPERATION_MOVE_TO (19)
050, Adding, 4, UNIT_CROSSBOWMAN (3473421), UNITOPERATION_MOVE_TO (19)
050, Adding, 4, UNIT_CROSSBOWMAN (3801100), UNITOPERATION_RANGE_ATTACK (26)
050, Adding, 4, UNIT_CROSSBOWMAN (3604485), UNITOPERATION_RANGE_ATTACK (26)
050, Adding, 4, UNIT_CROSSBOWMAN (3407886), UNITOPERATION_MOVE_TO (19)
050, Adding, 3, UNIT_BUILDER (2424849), UNITOPERATION_BUILD_IMPROVEMENT (2)
050, Adding, 4, UNIT_CROSSBOWMAN (3407886), UNITOPERATION_MOVE_TO (19)
050, Adding, 4, UNIT_CROSSBOWMAN (3407886), UNITOPERATION_RANGE_ATTACK (26)
050, Adding, 4, UNIT_CROSSBOWMAN (3538954), UNITOPERATION_MOVE_TO (19)
050, Adding, 4, UNIT_CROSSBOWMAN (3473421), UNITOPERATION_MOVE_TO (19)
050, Adding, 4, UNIT_CROSSBOWMAN (3538954), UNITOPERATION_SKIP_TURN (36)
050, Adding, 4, UNIT_GREAT_GENERAL (3276801), UNITOPERATION_SKIP_TURN (36)
050, Adding, 0, UNIT_BUILDER (2031632), UNITOPERATION_BUILD_IMPROVEMENT (2)
050, Adding, 4, UNIT_BUILDER (3670034), UNITOPERATION_MOVE_TO (19)
050, Adding, 0, UNIT_BUILDER (1900545), UNITOPERATION_BUILD_IMPROVEMENT (2)
050, Adding, 4, UNIT_TRADER (4259859), UNITOPERATION_TELEPORT_TO_CITY (51)
050, Adding, 4, UNIT_BUILDER (3735567), UNITOPERATION_MOVE_TO (19)
050, Adding, 4, UNIT_BUILDER (3735567), UNITOPERATION_BUILD_IMPROVEMENT (2)
050, Adding, 4, UNIT_SPY (4325383), UNITOPERATION_SPY_LISTENING_POST (43)
051, Adding, 5, UNIT_KNIGHT (5832756), UNITOPERATION_FORTIFY (12)
051, Adding, 5, UNIT_MAN_AT_ARMS (4128805), UNITOPERATION_SWAP_UNITS (49)
051, Can't Start, 5, UNIT_MAN_AT_ARMS (4128805), UNITOPERATION_SWAP_UNITS (49)
051, Adding, 5, UNIT_MAN_AT_ARMS (4128805), UNITOPERATION_MOVE_TO (19)
051, Adding, 5, UNIT_CROSSBOWMAN (5111855), UNITOPERATION_SWAP_UNITS (49)
051, Can't Start, 5, UNIT_CROSSBOWMAN (5111855), UNITOPERATION_SWAP_UNITS (49)
051, Adding, 5, UNIT_CROSSBOWMAN (5111855), UNITOPERATION_MOVE_TO (19)
051, Adding, 5, UNIT_CROSSBOWMAN (3604482), UNITOPERATION_SWAP_UNITS (49)
051, Can't Start, 5, UNIT_CROSSBOWMAN (3604482), UNITOPERATION_SWAP_UNITS (49)
051, Adding, 5, UNIT_CROSSBOWMAN (3604482), UNITOPERATION_MOVE_TO (19)
051, Adding, 5, UNIT_KNIGHT (4784155), UNITOPERATION_SWAP_UNITS (49)
051, Can't Start, 5, UNIT_KNIGHT (4784155), UNITOPERATION_SWAP_UNITS (49)
051, Adding, 5, UNIT_KNIGHT (4784155), UNITOPERATION_MOVE_TO (19)
051, Adding, 5, UNIT_CROSSBOWMAN (5111855), UNITOPERATION_RANGE_ATTACK (26)
051, Adding, 5, UNIT_CROSSBOWMAN (5111855), UNITOPERATION_MOVE_TO (19)
051, Adding, 5, UNIT_KNIGHT (4784155), UNITOPERATION_MOVE_TO (19)
051, Adding, 5, UNIT_MAN_AT_ARMS (4194314), UNITOPERATION_MOVE_TO (19)
051, Adding, 5, UNIT_MACEDONIAN_HETAIROI (2555916), UNITOPERATION_MOVE_TO (19)
051, Adding, 5, UNIT_CROSSBOWMAN (3801101), UNITOPERATION_MOVE_TO (19)
051, Adding, 5, UNIT_MAN_AT_ARMS (4325415), UNITOPERATION_MOVE_TO (19)
051, Adding, 5, UNIT_SETTLER (3997731), UNITOPERATION_MOVE_TO (19)
051, Adding, 5, UNIT_SCOUT (262147), UNITOPERATION_SWAP_UNITS (49)
051, Can't Start, 5, UNIT_SCOUT (262147), UNITOPERATION_SWAP_UNITS (49)
051, Adding, 5, UNIT_SCOUT (262147), UNITOPERATION_MOVE_TO (19)
051, Adding, 5, UNIT_MACEDONIAN_HETAIROI (2031624), UNITOPERATION_SWAP_UNITS (49)
051, Can't Start, 5, UNIT_MACEDONIAN_HETAIROI (2031624), UNITOPERATION_SWAP_UNITS (49)
051, Adding, 5, UNIT_MACEDONIAN_HETAIROI (2031624), UNITOPERATION_MOVE_TO (19)
051, Adding, 5, UNIT_MACEDONIAN_HETAIROI (2097163), UNITOPERATION_SWAP_UNITS (49)
051, Can't Start, 5, UNIT_MACEDONIAN_HETAIROI (2097163), UNITOPERATION_SWAP_UNITS (49)
051, Adding, 5, UNIT_MACEDONIAN_HETAIROI (2097163), UNITOPERATION_MOVE_TO (19)
051, Adding, 5, UNIT_MACEDONIAN_HETAIROI (1900567), UNITOPERATION_SWAP_UNITS (49)
051, Can't Start, 5, UNIT_MACEDONIAN_HETAIROI (1900567), UNITOPERATION_SWAP_UNITS (49)
051, Adding, 5, UNIT_MACEDONIAN_HETAIROI (1900567), UNITOPERATION_MOVE_TO (19)
051, Adding, 5, UNIT_MACEDONIAN_HETAIROI (1966104), UNITOPERATION_SWAP_UNITS (49)
051, Can't Start, 5, UNIT_MACEDONIAN_HETAIROI (1966104), UNITOPERATION_SWAP_UNITS (49)
051, Adding, 5, UNIT_MACEDONIAN_HETAIROI (1966104), UNITOPERATION_MOVE_TO (19)
051, Adding, 5, UNIT_MACEDONIAN_HETAIROI (2228249), UNITOPERATION_SWAP_UNITS (49)
051, Can't Start, 5, UNIT_MACEDONIAN_HETAIROI (2228249), UNITOPERATION_SWAP_UNITS (49)
051, Adding, 5, UNIT_MACEDONIAN_HETAIROI (2228249), UNITOPERATION_MOVE_TO (19)
051, Adding, 5, UNIT_MAN_AT_ARMS (4390952), UNITOPERATION_SWAP_UNITS (49)
051, Can't Start, 5, UNIT_MAN_AT_ARMS (4390952), UNITOPERATION_SWAP_UNITS (49)
051, Adding, 5, UNIT_MAN_AT_ARMS (4390952), UNITOPERATION_MOVE_TO (19)
051, Adding, 5, UNIT_GREAT_SCIENTIST (3932176), UNITOPERATION_MOVE_TO (19)
051, Can't Start, 5, UNIT_GREAT_SCIENTIST (3932176), UNITOPERATION_MOVE_TO (19)
051, Adding, 5, UNIT_GREAT_ENGINEER (4980781), UNITOPERATION_MOVE_TO (19)
051, Adding, 5, UNIT_SKIRMISHER (3211278), UNITOPERATION_SWAP_UNITS (49)
051, Can't Start, 5, UNIT_SKIRMISHER (3211278), UNITOPERATION_SWAP_UNITS (49)
051, Adding, 5, UNIT_SKIRMISHER (3211278), UNITOPERATION_MOVE_TO (19)
051, Adding, 5, UNIT_SKIRMISHER (3407892), UNITOPERATION_SWAP_UNITS (49)
051, Can't Start, 5, UNIT_SKIRMISHER (3407892), UNITOPERATION_SWAP_UNITS (49)
051, Adding, 5, UNIT_SKIRMISHER (3407892), UNITOPERATION_MOVE_TO (19)
051, Adding, 5, UNIT_SKIRMISHER (3211278), UNITOPERATION_RANGE_ATTACK (26)
051, Adding, 5, UNIT_SKIRMISHER (3211278), UNITOPERATION_MOVE_TO (19)
051, Adding, 5, UNIT_MUSKETMAN (5701636), UNITOPERATION_MOVE_TO (19)
051, Adding, 5, UNIT_VAMPIRE (655367), UNITOPERATION_MOVE_TO (19)
051, Adding, 5, UNIT_MUSKETMAN (5636105), UNITOPERATION_MOVE_TO (19)
051, Adding, 5, UNIT_MUSKETMAN (5570575), UNITOPERATION_MOVE_TO (19)
051, Adding, 5, UNIT_CROSSBOWMAN (4849685), UNITOPERATION_MOVE_TO (19)
051, Adding, 5, UNIT_VAMPIRE (5242906), UNITOPERATION_MOVE_TO (19)
051, Adding, 5, UNIT_MUSKETMAN (5505053), UNITOPERATION_MOVE_TO (19)
051, Adding, 5, UNIT_KNIGHT (5439529), UNITOPERATION_MOVE_TO (19)
051, Adding, 5, UNIT_KNIGHT (5046318), UNITOPERATION_MOVE_TO (19)
051, Adding, 5, UNIT_KNIGHT (5308465), UNITOPERATION_MOVE_TO (19)
051, Adding, 5, UNIT_COURSER (5767219), UNITOPERATION_MOVE_TO (19)
051, Adding, 5, UNIT_MAN_AT_ARMS (4521989), UNITOPERATION_MOVE_TO (19)
051, Adding, 5, UNIT_CROSSBOWMAN (3735585), UNITOPERATION_MOVE_TO (19)
051, Adding, 5, UNIT_CROSSBOWMAN (4063268), UNITOPERATION_MOVE_TO (19)
051, Adding, 5, UNIT_MAN_AT_ARMS (4718635), UNITOPERATION_MOVE_TO (19)
051, Adding, 5, UNIT_MISSIONARY (3670035), UNITOPERATION_MOVE_TO (19)
051, Adding, 5, UNIT_MISSIONARY (2621441), UNITOPERATION_MOVE_TO (19)
051, Adding, 5, UNIT_MISSIONARY (3276806), UNITOPERATION_MOVE_TO (19)
051, Adding, 5, UNIT_MISSIONARY (2424850), UNITOPERATION_MOVE_TO (19)
051, Adding, 5, UNIT_MISSIONARY (3080222), UNITOPERATION_MOVE_TO (19)
051, Adding, 5, UNIT_MISSIONARY (4259878), UNITOPERATION_MOVE_TO (19)
051, Adding, 5, UNIT_MISSIONARY (4653098), UNITOPERATION_MOVE_TO (19)
051, Adding, 5, UNIT_MISSIONARY (5177392), UNITOPERATION_MOVE_TO (19)
051, Adding, 5, UNIT_MISSIONARY (5374002), UNITOPERATION_MOVE_TO (19)
051, Adding, 5, UNIT_BUILDER (1835030), UNITOPERATION_MOVE_TO (19)
051, Adding, 5, UNIT_BUILDER (1835030), UNITOPERATION_MOVE_TO (19)
051, Adding, 5, UNIT_BUILDER (1835030), UNITOPERATION_MOVE_TO (19)
051, Adding, 5, UNIT_SKIRMISHER (3145759), UNITOPERATION_MOVE_TO (19)
051, Adding, 5, UNIT_BUILDER (2752540), UNITOPERATION_SKIP_TURN (36)
051, Adding, 5, UNIT_SKIRMISHER (3145759), UNITOPERATION_SKIP_TURN (36)
051, Adding, 5, UNIT_BUILDER (3473440), UNITOPERATION_SKIP_TURN (36)
051, Adding, 5, UNIT_BUILDER (4915244), UNITOPERATION_SKIP_TURN (36)
051, Adding, 6, UNIT_CATAPULT (2490396), UNITOPERATION_MOVE_TO (19)
051, Can't Start, 6, UNIT_CATAPULT (2490396), UNITOPERATION_MOVE_TO (19)
051, Adding, 6, UNIT_CROSSBOWMAN (5636142), UNITOPERATION_MOVE_TO (19)
051, Adding, 6, UNIT_SETTLER (6029360), UNITOPERATION_MOVE_TO (19)
051, Adding, 6, UNIT_BUILDER (6094897), UNITOPERATION_SWAP_UNITS (49)
051, Can't Start, 6, UNIT_BUILDER (6094897), UNITOPERATION_SWAP_UNITS (49)
051, Adding, 6, UNIT_BUILDER (6094897), UNITOPERATION_MOVE_TO (19)
051, Adding, 6, UNIT_BUILDER (6094897), UNITOPERATION_BUILD_IMPROVEMENT (2)
051, Adding, 6, UNIT_BUILDER (6553652), UNITOPERATION_SWAP_UNITS (49)
051, Can't Start, 6, UNIT_BUILDER (6553652), UNITOPERATION_SWAP_UNITS (49)
051, Adding, 6, UNIT_BUILDER (6553652), UNITOPERATION_MOVE_TO (19)
051, Adding, 6, UNIT_BUILDER (6553652), UNITOPERATION_REMOVE_IMPROVEMENT (30)
051, Adding, 6, UNIT_BUILDER (6553652), UNITOPERATION_SWAP_UNITS (49)
051, Can't Start, 6, UNIT_BUILDER (6553652), UNITOPERATION_SWAP_UNITS (49)
051, Adding, 6, UNIT_BUILDER (6553652), UNITOPERATION_MOVE_TO (19)
051, Adding, 6, UNIT_BUILDER (6815778), UNITOPERATION_SWAP_UNITS (49)
051, Can't Start, 6, UNIT_BUILDER (6815778), UNITOPERATION_SWAP_UNITS (49)
051, Adding, 6, UNIT_BUILDER (6815778), UNITOPERATION_MOVE_TO (19)
051, Adding, 6, UNIT_BUILDER (6815778), UNITOPERATION_BUILD_IMPROVEMENT (2)
051, Adding, 6, UNIT_GREAT_WRITER (7274556), UNITOPERATION_SWAP_UNITS (49)
051, Can't Start, 6, UNIT_GREAT_WRITER (7274556), UNITOPERATION_SWAP_UNITS (49)
051, Adding, 6, UNIT_GREAT_WRITER (7274556), UNITOPERATION_MOVE_TO (19)
051, Adding, 6, UNIT_CROSSBOWMAN (5832704), UNITOPERATION_MOVE_TO (19)
051, Adding, 6, UNIT_CROSSBOWMAN (6422529), UNITOPERATION_MOVE_TO (19)
051, Adding, 6, UNIT_SWORDSMAN (4456450), UNITOPERATION_MOVE_TO (19)
051, Adding, 6, UNIT_SWORDSMAN (2818054), UNITOPERATION_MOVE_TO (19)
051, Can't Start, 6, UNIT_SWORDSMAN (2818054), UNITOPERATION_MOVE_TO (19)
051, Adding, 6, UNIT_CROSSBOWMAN (6488071), UNITOPERATION_MOVE_TO (19)
051, Adding, 6, UNIT_SWORDSMAN (2686985), UNITOPERATION_MOVE_TO (19)
051, Can't Start, 6, UNIT_SWORDSMAN (2686985), UNITOPERATION_MOVE_TO (19)
051, Adding, 6, UNIT_SWORDSMAN (4128779), UNITOPERATION_MOVE_TO (19)
051, Adding, 6, UNIT_SWORDSMAN (4587534), UNITOPERATION_MOVE_TO (19)
051, Adding, 6, UNIT_CROSSBOWMAN (5505040), UNITOPERATION_MOVE_TO (19)
051, Adding, 6, UNIT_SWORDSMAN (4718610), UNITOPERATION_MOVE_TO (19)
051, Adding, 6, UNIT_CROSSBOWMAN (4915220), UNITOPERATION_MOVE_TO (19)
051, Adding, 6, UNIT_CROSSBOWMAN (4784149), UNITOPERATION_MOVE_TO (19)
051, Adding, 6, UNIT_CROSSBOWMAN (6881304), UNITOPERATION_MOVE_TO (19)
051, Adding, 6, UNIT_SWORDSMAN (2752542), UNITOPERATION_MOVE_TO (19)
051, Adding, 6, UNIT_SWORDSMAN (3145761), UNITOPERATION_MOVE_TO (19)
051, Adding, 6, UNIT_CROSSBOWMAN (5177382), UNITOPERATION_MOVE_TO (19)
051, Adding, 6, UNIT_SWORDSMAN (3866664), UNITOPERATION_MOVE_TO (19)
051, Adding, 6, UNIT_SWORDSMAN (3932201), UNITOPERATION_MOVE_TO (19)
051, Adding, 6, UNIT_SWORDSMAN (5373996), UNITOPERATION_MOVE_TO (19)
051, Adding, 6, UNIT_CROSSBOWMAN (6291503), UNITOPERATION_MOVE_TO (19)
051, Adding, 6, UNIT_CATAPULT (2621457), UNITOPERATION_MOVE_TO (19)
051, Adding, 6, UNIT_HEAVY_CHARIOT (2359322), UNITOPERATION_MOVE_TO (19)
051, Adding, 6, UNIT_CROSSBOWMAN (7143482), UNITOPERATION_MOVE_TO (19)
051, Adding, 6, UNIT_APOSTLE (5308435), UNITOPERATION_SWAP_UNITS (49)
051, Can't Start, 6, UNIT_APOSTLE (5308435), UNITOPERATION_SWAP_UNITS (49)
051, Adding, 6, UNIT_APOSTLE (5308435), UNITOPERATION_MOVE_TO (19)
051, Adding, 6, UNIT_APOSTLE (6225971), UNITOPERATION_SWAP_UNITS (49)
051, Can't Start, 6, UNIT_APOSTLE (6225971), UNITOPERATION_SWAP_UNITS (49)
051, Adding, 6, UNIT_APOSTLE (6225971), UNITOPERATION_MOVE_TO (19)
051, Adding, 6, UNIT_APOSTLE (5701667), UNITOPERATION_MOVE_TO (19)
051, Adding, 6, UNIT_APOSTLE (5111851), UNITOPERATION_SWAP_UNITS (49)
051, Can't Start, 6, UNIT_APOSTLE (5111851), UNITOPERATION_SWAP_UNITS (49)
051, Adding, 6, UNIT_APOSTLE (5111851), UNITOPERATION_MOVE_TO (19)
051, Adding, 6, UNIT_APOSTLE (6357004), UNITOPERATION_SWAP_UNITS (49)
051, Can't Start, 6, UNIT_APOSTLE (6357004), UNITOPERATION_SWAP_UNITS (49)
051, Adding, 6, UNIT_APOSTLE (6357004), UNITOPERATION_MOVE_TO (19)
051, Adding, 6, UNIT_APOSTLE (6619189), UNITOPERATION_SWAP_UNITS (49)
051, Can't Start, 6, UNIT_APOSTLE (6619189), UNITOPERATION_SWAP_UNITS (49)
051, Adding, 6, UNIT_APOSTLE (6619189), UNITOPERATION_MOVE_TO (19)
051, Adding, 6, UNIT_APOSTLE (5570605), UNITOPERATION_SWAP_UNITS (49)
051, Can't Start, 6, UNIT_APOSTLE (5570605), UNITOPERATION_SWAP_UNITS (49)
051, Adding, 6, UNIT_APOSTLE (5570605), UNITOPERATION_MOVE_TO (19)
051, Adding, 6, UNIT_APOSTLE (6619189), UNITOPERATION_MOVE_TO (19)
051, Adding, 6, UNIT_APOSTLE (6619189), UNITOPERATION_MOVE_TO (19)
051, Adding, 6, UNIT_APOSTLE (6750263), UNITOPERATION_MOVE_TO (19)
051, Adding, 6, UNIT_APOSTLE (5570605), UNITOPERATION_MOVE_TO (19)
051, Adding, 6, UNIT_APOSTLE (6619189), UNITOPERATION_MOVE_TO (19)
051, Adding, 6, UNIT_APOSTLE (6750263), UNITOPERATION_MOVE_TO (19)
051, Can't Start, 6, UNIT_APOSTLE (6750263), UNITOPERATION_MOVE_TO (19)
051, Adding, 6, UNIT_APOSTLE (6750263), UNITOPERATION_MOVE_TO (19)
051, Can't Start, 6, UNIT_APOSTLE (6750263), UNITOPERATION_MOVE_TO (19)
051, Adding, 6, UNIT_APOSTLE (6750263), UNITOPERATION_MOVE_TO (19)
051, Can't Start, 6, UNIT_APOSTLE (6750263), UNITOPERATION_MOVE_TO (19)
051, Adding, 6, UNIT_TAOIST (7077891), UNITOPERATION_MOVE_TO (19)
051, Adding, 6, UNIT_MISSIONARY (3735557), UNITOPERATION_MOVE_TO (19)
051, Adding, 6, UNIT_TAOIST (786440), UNITOPERATION_MOVE_TO (19)
051, Adding, 6, UNIT_TAOIST (786440), UNITOPERATION_MOVE_TO (19)
051, Can't Start, 6, UNIT_TAOIST (786440), UNITOPERATION_MOVE_TO (19)
051, Adding, 6, UNIT_APOSTLE (6357004), UNITOPERATION_MOVE_TO (19)
051, Adding, 6, UNIT_APOSTLE (5308435), UNITOPERATION_MOVE_TO (19)
051, Adding, 6, UNIT_APOSTLE (5898262), UNITOPERATION_MOVE_TO (19)
051, Adding, 6, UNIT_MISSIONARY (2162711), UNITOPERATION_MOVE_TO (19)
051, Adding, 6, UNIT_MISSIONARY (2293785), UNITOPERATION_MOVE_TO (19)
051, Adding, 6, UNIT_MISSIONARY (2424859), UNITOPERATION_MOVE_TO (19)
051, Adding, 6, UNIT_MISSIONARY (2555933), UNITOPERATION_SPREAD_RELIGION (38)
051, Adding, 6, UNIT_MISSIONARY (2883615), UNITOPERATION_SPREAD_RELIGION (38)
051, Adding, 6, UNIT_APOSTLE (5701667), UNITOPERATION_MOVE_TO (19)
051, Adding, 6, UNIT_MISSIONARY (3342372), UNITOPERATION_MOVE_TO (19)
051, Adding, 6, UNIT_APOSTLE (5111851), UNITOPERATION_MOVE_TO (19)
051, Adding, 6, UNIT_APOSTLE (6225971), UNITOPERATION_MOVE_TO (19)
051, Adding, 6, UNIT_TAOIST (6684726), UNITOPERATION_MOVE_TO (19)
051, Adding, 6, UNIT_TAOIST (6684726), UNITOPERATION_MOVE_TO (19)
051, Can't Start, 6, UNIT_TAOIST (6684726), UNITOPERATION_MOVE_TO (19)
051, Adding, 6, UNIT_SKIRMISHER (3473440), UNITOPERATION_MOVE_TO (19)
051, Adding, 6, UNIT_SKIRMISHER (3473440), UNITOPERATION_MOVE_TO (19)
051, Adding, 6, UNIT_SKIRMISHER (4390927), UNITOPERATION_MOVE_TO (19)
051, Adding, 6, UNIT_SKIRMISHER (4194308), UNITOPERATION_MOVE_TO (19)
051, Adding, 6, UNIT_SKIRMISHER (4063245), UNITOPERATION_MOVE_TO (19)
051, Adding, 6, UNIT_SKIRMISHER (3407909), UNITOPERATION_MOVE_TO (19)
051, Adding, 6, UNIT_SKIRMISHER (3801127), UNITOPERATION_MOVE_TO (19)
051, Adding, 6, UNIT_SKIRMISHER (3997738), UNITOPERATION_MOVE_TO (19)
051, Adding, 6, UNIT_SKIRMISHER (7012409), UNITOPERATION_MOVE_TO (19)
051, Adding, 6, UNIT_SKIRMISHER (4194308), UNITOPERATION_SKIP_TURN (36)
051, Adding, 6, UNIT_SKIRMISHER (4063245), UNITOPERATION_SKIP_TURN (36)
051, Adding, 6, UNIT_SKIRMISHER (3407909), UNITOPERATION_SKIP_TURN (36)
051, Adding, 6, UNIT_SKIRMISHER (3801127), UNITOPERATION_SKIP_TURN (36)
051, Adding, 6, UNIT_SKIRMISHER (3997738), UNITOPERATION_SKIP_TURN (36)
051, Adding, 6, UNIT_BUILDER (6160434), UNITOPERATION_SKIP_TURN (36)
051, Adding, 6, UNIT_SKIRMISHER (7012409), UNITOPERATION_SKIP_TURN (36)
051, Can't Start, 6, UNIT_TAOIST (786440), UNITOPERATION_MOVE_TO (19)
051, Can't Start, 6, UNIT_TAOIST (6684726), UNITOPERATION_MOVE_TO (19)
051, Can't Start, 6, UNIT_APOSTLE (6750263), UNITOPERATION_MOVE_TO (19)
051, Adding, 7, UNIT_MAN_AT_ARMS (5636122), UNITOPERATION_MOVE_TO (19)
051, Adding, 7, UNIT_SETTLER (5832726), UNITOPERATION_MOVE_TO (19)
051, Can't Start, 7, UNIT_SETTLER (5832726), UNITOPERATION_MOVE_TO (19)
051, Adding, 7, UNIT_SETTLER (5832726), UNITOPERATION_FOUND_CITY (14)
051, Adding, 7, UNIT_SPY (6422559), UNITOPERATION_SPY_GAIN_SOURCES (41)
051, Adding, 7, UNIT_SCOUT (589826), UNITOPERATION_SWAP_UNITS (49)
051, Can't Start, 7, UNIT_SCOUT (589826), UNITOPERATION_SWAP_UNITS (49)
051, Adding, 7, UNIT_SCOUT (589826), UNITOPERATION_MOVE_TO (19)
051, Adding, 7, UNIT_SCOUT (393220), UNITOPERATION_SWAP_UNITS (49)
051, Can't Start, 7, UNIT_SCOUT (393220), UNITOPERATION_SWAP_UNITS (49)
051, Adding, 7, UNIT_SCOUT (393220), UNITOPERATION_MOVE_TO (19)
051, Adding, 7, UNIT_SWORDSMAN (3014666), UNITOPERATION_SWAP_UNITS (49)
051, Can't Start, 7, UNIT_SWORDSMAN (3014666), UNITOPERATION_SWAP_UNITS (49)
051, Adding, 7, UNIT_SWORDSMAN (3014666), UNITOPERATION_MOVE_TO (19)
051, Adding, 7, UNIT_WARRIOR (1048588), UNITOPERATION_SWAP_UNITS (49)
051, Can't Start, 7, UNIT_WARRIOR (1048588), UNITOPERATION_SWAP_UNITS (49)
051, Adding, 7, UNIT_WARRIOR (1048588), UNITOPERATION_MOVE_TO (19)
051, Adding, 7, UNIT_WARRIOR (1966105), UNITOPERATION_SWAP_UNITS (49)
051, Can't Start, 7, UNIT_WARRIOR (1966105), UNITOPERATION_SWAP_UNITS (49)
051, Adding, 7, UNIT_WARRIOR (1966105), UNITOPERATION_MOVE_TO (19)
051, Adding, 7, UNIT_SWORDSMAN (2621472), UNITOPERATION_SWAP_UNITS (49)
051, Can't Start, 7, UNIT_SWORDSMAN (2621472), UNITOPERATION_SWAP_UNITS (49)
051, Adding, 7, UNIT_SWORDSMAN (2621472), UNITOPERATION_MOVE_TO (19)
051, Adding, 7, UNIT_SWORDSMAN (2687009), UNITOPERATION_SWAP_UNITS (49)
051, Can't Start, 7, UNIT_SWORDSMAN (2687009), UNITOPERATION_SWAP_UNITS (49)
051, Adding, 7, UNIT_SWORDSMAN (2687009), UNITOPERATION_MOVE_TO (19)
051, Adding, 7, UNIT_MAN_AT_ARMS (5701651), UNITOPERATION_MOVE_TO (19)
051, Adding, 7, UNIT_MAN_AT_ARMS (5505038), UNITOPERATION_MOVE_TO (19)
051, Adding, 7, UNIT_MAN_AT_ARMS (5439515), UNITOPERATION_MOVE_TO (19)
051, Adding, 7, UNIT_SKIRMISHER (3866661), UNITOPERATION_MOVE_TO (19)
051, Adding, 7, UNIT_MAN_AT_ARMS (5767175), UNITOPERATION_MOVE_TO (19)
051, Adding, 7, UNIT_CROSSBOWMAN (5308455), UNITOPERATION_MOVE_TO (19)
051, Adding, 7, UNIT_TREBUCHET (6225966), UNITOPERATION_MOVE_TO (19)
051, Adding, 7, UNIT_BUILDER (4718636), UNITOPERATION_SWAP_UNITS (49)
051, Can't Start, 7, UNIT_BUILDER (4718636), UNITOPERATION_SWAP_UNITS (49)
051, Adding, 7, UNIT_BUILDER (4718636), UNITOPERATION_MOVE_TO (19)
051, Adding, 7, UNIT_BUILDER (4718636), UNITOPERATION_BUILD_IMPROVEMENT (2)
051, Adding, 7, UNIT_BUILDER (4980741), UNITOPERATION_SWAP_UNITS (49)
051, Can't Start, 7, UNIT_BUILDER (4980741), UNITOPERATION_SWAP_UNITS (49)
051, Adding, 7, UNIT_BUILDER (4980741), UNITOPERATION_MOVE_TO (19)
051, Adding, 7, UNIT_BUILDER (4980741), UNITOPERATION_REMOVE_FEATURE (28)
051, Adding, 7, UNIT_BUILDER (6094849), UNITOPERATION_SWAP_UNITS (49)
051, Can't Start, 7, UNIT_BUILDER (6094849), UNITOPERATION_SWAP_UNITS (49)
051, Adding, 7, UNIT_BUILDER (6094849), UNITOPERATION_MOVE_TO (19)
051, Adding, 7, UNIT_BUILDER (6094849), UNITOPERATION_BUILD_IMPROVEMENT (2)
051, Adding, 7, UNIT_BUILDER (6291503), UNITOPERATION_SWAP_UNITS (49)
051, Can't Start, 7, UNIT_BUILDER (6291503), UNITOPERATION_SWAP_UNITS (49)
051, Adding, 7, UNIT_BUILDER (6291503), UNITOPERATION_MOVE_TO (19)
051, Adding, 7, UNIT_BUILDER (6488113), UNITOPERATION_SWAP_UNITS (49)
051, Can't Start, 7, UNIT_BUILDER (6488113), UNITOPERATION_SWAP_UNITS (49)
051, Adding, 7, UNIT_BUILDER (6488113), UNITOPERATION_MOVE_TO (19)
051, Adding, 7, UNIT_BUILDER (5898248), UNITOPERATION_SWAP_UNITS (49)
051, Can't Start, 7, UNIT_BUILDER (5898248), UNITOPERATION_SWAP_UNITS (49)
051, Adding, 7, UNIT_BUILDER (5898248), UNITOPERATION_MOVE_TO (19)
051, Adding, 7, UNIT_GREAT_WRITER (5046306), UNITOPERATION_SWAP_UNITS (49)
051, Can't Start, 7, UNIT_GREAT_WRITER (5046306), UNITOPERATION_SWAP_UNITS (49)
051, Adding, 7, UNIT_GREAT_WRITER (5046306), UNITOPERATION_MOVE_TO (19)
051, Adding, 7, UNIT_BUILDER (6553650), UNITOPERATION_SWAP_UNITS (49)
051, Can't Start, 7, UNIT_BUILDER (6553650), UNITOPERATION_SWAP_UNITS (49)
051, Adding, 7, UNIT_BUILDER (6553650), UNITOPERATION_MOVE_TO (19)
051, Adding, 7, UNIT_GREAT_ARTIST (5963779), UNITOPERATION_SWAP_UNITS (49)
051, Can't Start, 7, UNIT_GREAT_ARTIST (5963779), UNITOPERATION_SWAP_UNITS (49)
051, Adding, 7, UNIT_GREAT_ARTIST (5963779), UNITOPERATION_MOVE_TO (19)
051, Adding, 7, UNIT_GREAT_WRITER (6357040), UNITOPERATION_MOVE_TO (19)
051, Adding, 7, UNIT_SKIRMISHER (4522025), UNITOPERATION_MOVE_TO (19)
051, Adding, 7, UNIT_SKIRMISHER (4522025), UNITOPERATION_PILLAGE (23)
051, Can't Start, 7, UNIT_SKIRMISHER (4522025), UNITOPERATION_PILLAGE (23)
051, Adding, 7, UNIT_SKIRMISHER (4522025), UNITOPERATION_SKIP_TURN (36)
051, Adding, 7, UNIT_WARRIOR (1900568), UNITOPERATION_SWAP_UNITS (49)
051, Can't Start, 7, UNIT_WARRIOR (1900568), UNITOPERATION_SWAP_UNITS (49)
051, Adding, 7, UNIT_WARRIOR (1900568), UNITOPERATION_MOVE_TO (19)
051, Adding, 7, UNIT_MAN_AT_ARMS (5177350), UNITOPERATION_MOVE_TO (19)
051, Adding, 7, UNIT_MAN_AT_ARMS (5111821), UNITOPERATION_MOVE_TO (19)
051, Adding, 7, UNIT_MAN_AT_ARMS (5570603), UNITOPERATION_MOVE_TO (19)
051, Can't Start, 7, UNIT_MAN_AT_ARMS (5570603), UNITOPERATION_MOVE_TO (19)
051, Adding, 7, UNIT_MAN_AT_ARMS (5242925), UNITOPERATION_MOVE_TO (19)
051, Adding, 7, UNIT_SWORDSMAN (3080201), UNITOPERATION_MOVE_TO (19)
051, Adding, 7, UNIT_SWORDSMAN (3211279), UNITOPERATION_MOVE_TO (19)
051, Adding, 7, UNIT_SWORDSMAN (3801104), UNITOPERATION_MOVE_TO (19)
051, Adding, 7, UNIT_WARRIOR (1835031), UNITOPERATION_MOVE_TO (19)
051, Adding, 7, UNIT_SWORDSMAN (2490398), UNITOPERATION_MOVE_TO (19)
051, Adding, 7, UNIT_SWORDSMAN (3473444), UNITOPERATION_MOVE_TO (19)
051, Adding, 7, UNIT_CATAPULT (4456488), UNITOPERATION_MOVE_TO (19)
051, Adding, 7, UNIT_SKIRMISHER (3735570), UNITOPERATION_MOVE_TO (19)
051, Adding, 7, UNIT_SKIRMISHER (3735570), UNITOPERATION_MOVE_TO (19)
051, Adding, 7, UNIT_SKIRMISHER (3538973), UNITOPERATION_MOVE_TO (19)
051, Adding, 7, UNIT_TAOIST (851968), UNITOPERATION_MOVE_TO (19)
051, Adding, 7, UNIT_SKIRMISHER (6029329), UNITOPERATION_MOVE_TO (19)
051, Adding, 7, UNIT_SKIRMISHER (3670036), UNITOPERATION_MOVE_TO (19)
051, Adding, 7, UNIT_SKIRMISHER (3932181), UNITOPERATION_MOVE_TO (19)
051, Adding, 7, UNIT_SKIRMISHER (4849692), UNITOPERATION_MOVE_TO (19)
051, Adding, 7, UNIT_SKIRMISHER (3407907), UNITOPERATION_MOVE_TO (19)
051, Adding, 7, UNIT_SKIRMISHER (4587562), UNITOPERATION_MOVE_TO (19)
051, Adding, 7, UNIT_TAOIST (851968), UNITOPERATION_SKIP_TURN (36)
051, Adding, 7, UNIT_SKIRMISHER (6029329), UNITOPERATION_SKIP_TURN (36)
051, Adding, 7, UNIT_SKIRMISHER (3670036), UNITOPERATION_SKIP_TURN (36)
051, Adding, 7, UNIT_SKIRMISHER (3932181), UNITOPERATION_SKIP_TURN (36)
051, Adding, 7, UNIT_SKIRMISHER (4849692), UNITOPERATION_SKIP_TURN (36)
051, Adding, 7, UNIT_SKIRMISHER (3407907), UNITOPERATION_SKIP_TURN (36)
051, Adding, 7, UNIT_SKIRMISHER (4587562), UNITOPERATION_SKIP_TURN (36)
051, Adding, 8, UNIT_TRADER (1048588), UNITOPERATION_MAKE_TRADE_ROUTE (18)
051, Can't Start, 8, UNIT_TRADER (1048588), UNITOPERATION_MAKE_TRADE_ROUTE (18)
051, Adding, 8, UNIT_MUSKETMAN (8978505), UNITOPERATION_MOVE_TO (19)
051, Adding, 8, UNIT_APOSTLE (8585283), UNITOPERATION_LAUNCH_INQUISITION (17)
051, Adding, 8, UNIT_SWORDSMAN (4653103), UNITOPERATION_SWAP_UNITS (49)
051, Can't Start, 8, UNIT_SWORDSMAN (4653103), UNITOPERATION_SWAP_UNITS (49)
051, Adding, 8, UNIT_SWORDSMAN (4653103), UNITOPERATION_MOVE_TO (19)
051, Adding, 8, UNIT_MAN_AT_ARMS (7536700), UNITOPERATION_SWAP_UNITS (49)
051, Can't Start, 8, UNIT_MAN_AT_ARMS (7536700), UNITOPERATION_SWAP_UNITS (49)
051, Adding, 8, UNIT_MAN_AT_ARMS (7536700), UNITOPERATION_MOVE_TO (19)
051, Adding, 8, UNIT_MILITARY_ENGINEER (8388644), UNITOPERATION_SWAP_UNITS (49)
051, Can't Start, 8, UNIT_MILITARY_ENGINEER (8388644), UNITOPERATION_SWAP_UNITS (49)
051, Adding, 8, UNIT_MILITARY_ENGINEER (8388644), UNITOPERATION_MOVE_TO (19)
051, Adding, 8, UNIT_MILITARY_ENGINEER (8388644), UNITOPERATION_REMOVE_FEATURE (28)
051, Adding, 8, UNIT_MILITARY_ENGINEER (8388644), UNITOPERATION_BUILD_IMPROVEMENT (2)
051, Can't Start, 8, UNIT_MILITARY_ENGINEER (8388644), UNITOPERATION_BUILD_IMPROVEMENT (2)
051, Adding, 8, UNIT_BUILDER (9044021), UNITOPERATION_SWAP_UNITS (49)
051, Can't Start, 8, UNIT_BUILDER (9044021), UNITOPERATION_SWAP_UNITS (49)
051, Adding, 8, UNIT_BUILDER (9044021), UNITOPERATION_MOVE_TO (19)
051, Adding, 8, UNIT_MILITARY_ENGINEER (8126482), UNITOPERATION_SWAP_UNITS (49)
051, Can't Start, 8, UNIT_MILITARY_ENGINEER (8126482), UNITOPERATION_SWAP_UNITS (49)
051, Adding, 8, UNIT_MILITARY_ENGINEER (8126482), UNITOPERATION_MOVE_TO (19)
051, Adding, 8, UNIT_MILITARY_ENGINEER (7995435), UNITOPERATION_SWAP_UNITS (49)
051, Can't Start, 8, UNIT_MILITARY_ENGINEER (7995435), UNITOPERATION_SWAP_UNITS (49)
051, Adding, 8, UNIT_MILITARY_ENGINEER (7995435), UNITOPERATION_MOVE_TO (19)
051, Adding, 8, UNIT_BUILDER (6619144), UNITOPERATION_SWAP_UNITS (49)
051, Can't Start, 8, UNIT_BUILDER (6619144), UNITOPERATION_SWAP_UNITS (49)
051, Adding, 8, UNIT_BUILDER (6619144), UNITOPERATION_MOVE_TO (19)
051, Adding, 8, UNIT_BUILDER (8716357), UNITOPERATION_SWAP_UNITS (49)
051, Can't Start, 8, UNIT_BUILDER (8716357), UNITOPERATION_SWAP_UNITS (49)
051, Adding, 8, UNIT_BUILDER (8716357), UNITOPERATION_MOVE_TO (19)
051, Adding, 8, UNIT_VIETNAMESE_VOI_CHIEN (7602205), UNITOPERATION_FORTIFY (12)
051, Can't Start, 8, UNIT_VIETNAMESE_VOI_CHIEN (7602205), UNITOPERATION_FORTIFY (12)
051, Adding, 8, UNIT_MUSKETMAN (8847431), UNITOPERATION_FORTIFY (12)
051, Adding, 8, UNIT_SKIRMISHER (4522029), UNITOPERATION_MOVE_TO (19)
051, Adding, 8, UNIT_SKIRMISHER (4522029), UNITOPERATION_PILLAGE (23)
051, Can't Start, 8, UNIT_SKIRMISHER (4522029), UNITOPERATION_PILLAGE (23)
051, Adding, 8, UNIT_SKIRMISHER (4522029), UNITOPERATION_SKIP_TURN (36)
051, Adding, 8, UNIT_VIETNAMESE_VOI_CHIEN (7208961), UNITOPERATION_MOVE_TO (19)
051, Adding, 8, UNIT_VIETNAMESE_VOI_CHIEN (7864324), UNITOPERATION_MOVE_TO (19)
051, Adding, 8, UNIT_VIETNAMESE_VOI_CHIEN (7405574), UNITOPERATION_MOVE_TO (19)
051, Adding, 8, UNIT_HORSEMAN (3997710), UNITOPERATION_MOVE_TO (19)
051, Can't Start, 8, UNIT_HORSEMAN (3997710), UNITOPERATION_MOVE_TO (19)
051, Adding, 8, UNIT_HORSEMAN (2752528), UNITOPERATION_MOVE_TO (19)
051, Adding, 8, UNIT_VIETNAMESE_VOI_CHIEN (5111825), UNITOPERATION_MOVE_TO (19)
051, Adding, 8, UNIT_KNIGHT (8454163), UNITOPERATION_MOVE_TO (19)
051, Adding, 8, UNIT_VIETNAMESE_VOI_CHIEN (5767195), UNITOPERATION_MOVE_TO (19)
051, Adding, 8, UNIT_VIETNAMESE_VOI_CHIEN (5046300), UNITOPERATION_MOVE_TO (19)
051, Adding, 8, UNIT_KNIGHT (8257600), UNITOPERATION_MOVE_TO (19)
051, Adding, 8, UNIT_MUSKETMAN (8781894), UNITOPERATION_MOVE_TO (19)
051, Adding, 8, UNIT_MUSKETMAN (8912968), UNITOPERATION_MOVE_TO (19)
051, Adding, 8, UNIT_VIETNAMESE_VOI_CHIEN (5832707), UNITOPERATION_MOVE_TO (19)
051, Adding, 8, UNIT_VIETNAMESE_VOI_CHIEN (7143429), UNITOPERATION_MOVE_TO (19)
051, Adding, 8, UNIT_VIETNAMESE_VOI_CHIEN (6946823), UNITOPERATION_MOVE_TO (19)
051, Adding, 8, UNIT_VIETNAMESE_VOI_CHIEN (5373972), UNITOPERATION_MOVE_TO (19)
051, Adding, 8, UNIT_VIETNAMESE_VOI_CHIEN (6357013), UNITOPERATION_MOVE_TO (19)
051, Adding, 8, UNIT_VIETNAMESE_VOI_CHIEN (7340054), UNITOPERATION_MOVE_TO (19)
051, Adding, 8, UNIT_VIETNAMESE_VOI_CHIEN (6029335), UNITOPERATION_MOVE_TO (19)
051, Adding, 8, UNIT_VIETNAMESE_VOI_CHIEN (7667738), UNITOPERATION_MOVE_TO (19)
051, Adding, 8, UNIT_VIETNAMESE_VOI_CHIEN (8060959), UNITOPERATION_MOVE_TO (19)
051, Adding, 8, UNIT_VIETNAMESE_VOI_CHIEN (7798816), UNITOPERATION_MOVE_TO (19)
051, Adding, 8, UNIT_VIETNAMESE_VOI_CHIEN (6881313), UNITOPERATION_MOVE_TO (19)
051, Adding, 8, UNIT_VIETNAMESE_VOI_CHIEN (7077922), UNITOPERATION_MOVE_TO (19)
051, Adding, 8, UNIT_VIETNAMESE_VOI_CHIEN (5308458), UNITOPERATION_MOVE_TO (19)
051, Adding, 8, UNIT_VIETNAMESE_VOI_CHIEN (5570604), UNITOPERATION_MOVE_TO (19)
051, Adding, 8, UNIT_HORSEMAN (4587566), UNITOPERATION_MOVE_TO (19)
051, Adding, 8, UNIT_TREBUCHET (7274555), UNITOPERATION_MOVE_TO (19)
051, Adding, 8, UNIT_VIETNAMESE_VOI_CHIEN (8192063), UNITOPERATION_MOVE_TO (19)
051, Adding, 8, UNIT_MISSIONARY (7471104), UNITOPERATION_MOVE_TO (19)
051, Adding, 8, UNIT_MISSIONARY (6094857), UNITOPERATION_MOVE_TO (19)
051, Adding, 8, UNIT_MISSIONARY (5177355), UNITOPERATION_MOVE_TO (19)
051, Adding, 8, UNIT_MISSIONARY (3866637), UNITOPERATION_SPREAD_RELIGION (38)
051, Adding, 8, UNIT_MISSIONARY (4259864), UNITOPERATION_MOVE_TO (19)
051, Adding, 8, UNIT_MISSIONARY (4849689), UNITOPERATION_MOVE_TO (19)
051, Adding, 8, UNIT_MISSIONARY (2883614), UNITOPERATION_SPREAD_RELIGION (38)
051, Adding, 8, UNIT_MISSIONARY (3407907), UNITOPERATION_SPREAD_RELIGION (38)
051, Adding, 8, UNIT_MISSIONARY (3670053), UNITOPERATION_MOVE_TO (19)
051, Adding, 8, UNIT_MISSIONARY (5701670), UNITOPERATION_MOVE_TO (19)
051, Adding, 8, UNIT_MISSIONARY (4063272), UNITOPERATION_MOVE_TO (19)
051, Adding, 8, UNIT_MISSIONARY (4063272), UNITOPERATION_SPREAD_RELIGION (38)
051, Can't Start, 8, UNIT_MISSIONARY (4063272), UNITOPERATION_SPREAD_RELIGION (38)
051, Adding, 8, UNIT_MISSIONARY (4784176), UNITOPERATION_MOVE_TO (19)
051, Adding, 8, UNIT_MISSIONARY (4784176), UNITOPERATION_SPREAD_RELIGION (38)
051, Can't Start, 8, UNIT_MISSIONARY (4784176), UNITOPERATION_SPREAD_RELIGION (38)
051, Adding, 8, UNIT_MISSIONARY (6488118), UNITOPERATION_MOVE_TO (19)
051, Adding, 8, UNIT_MISSIONARY (6684728), UNITOPERATION_MOVE_TO (19)
051, Adding, 8, UNIT_MISSIONARY (7733309), UNITOPERATION_MOVE_TO (19)
051, Adding, 8, UNIT_MISSIONARY (7929918), UNITOPERATION_MOVE_TO (19)
051, Adding, 8, UNIT_MISSIONARY (8323137), UNITOPERATION_MOVE_TO (19)
051, Adding, 8, UNIT_MISSIONARY (8519746), UNITOPERATION_MOVE_TO (19)
051, Adding, 8, UNIT_SKIRMISHER (5505075), UNITOPERATION_MOVE_TO (19)
051, Adding, 8, UNIT_SKIRMISHER (5505075), UNITOPERATION_MOVE_TO (19)
051, Adding, 8, UNIT_SKIRMISHER (5505075), UNITOPERATION_MOVE_TO (19)
051, Adding, 8, UNIT_SKIRMISHER (5242890), UNITOPERATION_MOVE_TO (19)
051, Adding, 8, UNIT_SKIRMISHER (4128809), UNITOPERATION_MOVE_TO (19)
051, Adding, 8, UNIT_SKIRMISHER (6553655), UNITOPERATION_MOVE_TO (19)
051, Adding, 8, UNIT_SKIRMISHER (6750265), UNITOPERATION_MOVE_TO (19)
051, Adding, 8, UNIT_SKIRMISHER (7012410), UNITOPERATION_MOVE_TO (19)
051, Adding, 8, UNIT_SKIRMISHER (5242890), UNITOPERATION_SKIP_TURN (36)
051, Adding, 8, UNIT_SKIRMISHER (4128809), UNITOPERATION_SKIP_TURN (36)
051, Adding, 8, UNIT_SKIRMISHER (6553655), UNITOPERATION_SKIP_TURN (36)
051, Adding, 8, UNIT_SKIRMISHER (6750265), UNITOPERATION_SKIP_TURN (36)
051, Adding, 8, UNIT_SKIRMISHER (7012410), UNITOPERATION_SKIP_TURN (36)
051, Can't Start, 8, UNIT_TRADER (1048588), UNITOPERATION_MAKE_TRADE_ROUTE (18)
051, Can't Start, 8, UNIT_MILITARY_ENGINEER (8388644), UNITOPERATION_BUILD_IMPROVEMENT (2)
051, Can't Start, 8, UNIT_MISSIONARY (4063272), UNITOPERATION_SPREAD_RELIGION (38)
051, Adding, 9, UNIT_CROSSBOWMAN (4587520), UNITOPERATION_SWAP_UNITS (49)
051, Adding, 9, UNIT_KNIGHT (8781880), UNITOPERATION_SWAP_UNITS (49)
051, Can't Start, 9, UNIT_KNIGHT (8781880), UNITOPERATION_SWAP_UNITS (49)
051, Adding, 9, UNIT_KNIGHT (8781880), UNITOPERATION_MOVE_TO (19)
051, Adding, 9, UNIT_MUSKETMAN (9633826), UNITOPERATION_SWAP_UNITS (49)
051, Can't Start, 9, UNIT_MUSKETMAN (9633826), UNITOPERATION_SWAP_UNITS (49)
051, Adding, 9, UNIT_MUSKETMAN (9633826), UNITOPERATION_MOVE_TO (19)
051, Adding, 9, UNIT_CROSSBOWMAN (5242890), UNITOPERATION_MOVE_TO (19)
051, Adding, 9, UNIT_KNIGHT (9109537), UNITOPERATION_SWAP_UNITS (49)
051, Can't Start, 9, UNIT_KNIGHT (9109537), UNITOPERATION_SWAP_UNITS (49)
051, Adding, 9, UNIT_KNIGHT (9109537), UNITOPERATION_MOVE_TO (19)
051, Adding, 9, UNIT_CROSSBOWMAN (5242890), UNITOPERATION_SWAP_UNITS (49)
051, Can't Start, 9, UNIT_CROSSBOWMAN (5242890), UNITOPERATION_SWAP_UNITS (49)
051, Adding, 9, UNIT_CROSSBOWMAN (5242890), UNITOPERATION_MOVE_TO (19)
051, Adding, 9, UNIT_KNIGHT (9109537), UNITOPERATION_MOVE_TO (19)
051, Adding, 9, UNIT_CROSSBOWMAN (6160431), UNITOPERATION_MOVE_TO (19)
051, Adding, 9, UNIT_BUILDER (5767191), UNITOPERATION_SWAP_UNITS (49)
051, Can't Start, 9, UNIT_BUILDER (5767191), UNITOPERATION_SWAP_UNITS (49)
051, Adding, 9, UNIT_BUILDER (5767191), UNITOPERATION_MOVE_TO (19)
051, Adding, 9, UNIT_MILITARY_ENGINEER (8585255), UNITOPERATION_SWAP_UNITS (49)
051, Can't Start, 9, UNIT_MILITARY_ENGINEER (8585255), UNITOPERATION_SWAP_UNITS (49)
051, Adding, 9, UNIT_MILITARY_ENGINEER (8585255), UNITOPERATION_MOVE_TO (19)
051, Adding, 9, UNIT_GREAT_GENERAL (9568258), UNITOPERATION_MOVE_TO (19)
051, Adding, 9, UNIT_CROSSBOWMAN (6750246), UNITOPERATION_FORTIFY (12)
051, Can't Start, 9, UNIT_CROSSBOWMAN (6750246), UNITOPERATION_FORTIFY (12)
051, Adding, 9, UNIT_MUSKETMAN (8847397), UNITOPERATION_MOVE_TO (19)
051, Adding, 9, UNIT_MUSKETMAN (9043977), UNITOPERATION_MOVE_TO (19)
051, Adding, 9, UNIT_MUSKETMAN (9240588), UNITOPERATION_MOVE_TO (19)
051, Adding, 9, UNIT_MUSKETMAN (8978445), UNITOPERATION_MOVE_TO (19)
051, Adding, 9, UNIT_COURSER (8257551), UNITOPERATION_MOVE_TO (19)
051, Adding, 9, UNIT_MUSKETMAN (8912916), UNITOPERATION_MOVE_TO (19)
051, Can't Start, 9, UNIT_MUSKETMAN (8912916), UNITOPERATION_MOVE_TO (19)
051, Adding, 9, UNIT_KNIGHT (8716315), UNITOPERATION_MOVE_TO (19)
051, Adding, 9, UNIT_COURSER (8454174), UNITOPERATION_MOVE_TO (19)
051, Adding, 9, UNIT_MAN_AT_ARMS (7602212), UNITOPERATION_MOVE_TO (19)
051, Adding, 9, UNIT_MUSKETMAN (9371693), UNITOPERATION_MOVE_TO (19)
051, Adding, 9, UNIT_KNIGHT (9306158), UNITOPERATION_MOVE_TO (19)
051, Can't Start, 9, UNIT_KNIGHT (9306158), UNITOPERATION_MOVE_TO (19)
051, Adding, 9, UNIT_MAN_AT_ARMS (6291505), UNITOPERATION_MOVE_TO (19)
051, Adding, 9, UNIT_MAN_AT_ARMS (6422579), UNITOPERATION_MOVE_TO (19)
051, Adding, 9, UNIT_MAN_AT_ARMS (7209015), UNITOPERATION_MOVE_TO (19)
051, Adding, 9, UNIT_MAN_AT_ARMS (7077893), UNITOPERATION_MOVE_TO (19)
051, Adding, 9, UNIT_CROSSBOWMAN (7864328), UNITOPERATION_MOVE_TO (19)
051, Adding, 9, UNIT_CROSSBOWMAN (4521995), UNITOPERATION_MOVE_TO (19)
051, Adding, 9, UNIT_CROSSBOWMAN (6946840), UNITOPERATION_MOVE_TO (19)
051, Adding, 9, UNIT_CROSSBOWMAN (5701661), UNITOPERATION_MOVE_TO (19)
051, Adding, 9, UNIT_CROSSBOWMAN (4653096), UNITOPERATION_MOVE_TO (19)
051, Adding, 9, UNIT_CROSSBOWMAN (4718633), UNITOPERATION_MOVE_TO (19)
051, Adding, 9, UNIT_CROSSBOWMAN (5308459), UNITOPERATION_MOVE_TO (19)
051, Adding, 9, UNIT_MAN_AT_ARMS (6357042), UNITOPERATION_MOVE_TO (19)
051, Adding, 9, UNIT_MAN_AT_ARMS (6488116), UNITOPERATION_MOVE_TO (19)
051, Adding, 9, UNIT_MAN_AT_ARMS (6553653), UNITOPERATION_MOVE_TO (19)
051, Adding, 9, UNIT_MAN_AT_ARMS (6619190), UNITOPERATION_MOVE_TO (19)
051, Adding, 9, UNIT_TREBUCHET (8323130), UNITOPERATION_MOVE_TO (19)
051, Adding, 9, UNIT_MISSIONARY (4390915), UNITOPERATION_MOVE_TO (19)
051, Adding, 9, UNIT_MISSIONARY (9502727), UNITOPERATION_MOVE_TO (19)
051, Adding, 9, UNIT_MISSIONARY (5570574), UNITOPERATION_MOVE_TO (19)
051, Adding, 9, UNIT_MISSIONARY (7798800), UNITOPERATION_MOVE_TO (19)
051, Adding, 9, UNIT_MISSIONARY (8192019), UNITOPERATION_MOVE_TO (19)
051, Adding, 9, UNIT_MISSIONARY (5177365), UNITOPERATION_MOVE_TO (19)
051, Adding, 9, UNIT_MISSIONARY (5439513), UNITOPERATION_MOVE_TO (19)
051, Adding, 9, UNIT_MISSIONARY (6881306), UNITOPERATION_MOVE_TO (19)
051, Adding, 9, UNIT_MISSIONARY (9175071), UNITOPERATION_MOVE_TO (19)
051, Adding, 9, UNIT_MISSIONARY (4915232), UNITOPERATION_MOVE_TO (19)
051, Adding, 9, UNIT_MISSIONARY (8650787), UNITOPERATION_MOVE_TO (19)
051, Adding, 9, UNIT_MISSIONARY (7274538), UNITOPERATION_MOVE_TO (19)
051, Adding, 9, UNIT_MISSIONARY (5832748), UNITOPERATION_MOVE_TO (19)
051, Adding, 9, UNIT_MISSIONARY (6225968), UNITOPERATION_MOVE_TO (19)
051, Adding, 9, UNIT_MISSIONARY (8519737), UNITOPERATION_MOVE_TO (19)
051, Adding, 9, UNIT_SKIRMISHER (5046276), UNITOPERATION_MOVE_TO (19)
051, Adding, 9, UNIT_SKIRMISHER (5046276), UNITOPERATION_MOVE_TO (19)
051, Adding, 9, UNIT_SKIRMISHER (5046276), UNITOPERATION_MOVE_TO (19)
051, Adding, 9, UNIT_SKIRMISHER (5046276), UNITOPERATION_MOVE_TO (19)
051, Adding, 9, UNIT_SKIRMISHER (5111830), UNITOPERATION_MOVE_TO (19)
051, Adding, 9, UNIT_SKIRMISHER (5111830), UNITOPERATION_SKIP_TURN (36)
051, Adding, 10, UNIT_CROSSBOWMAN (983040), UNITOPERATION_MOVE_TO (19)
051, Adding, 10, UNIT_SWORDSMAN (786433), UNITOPERATION_MOVE_TO (19)
051, Adding, 10, UNIT_SWORDSMAN (917506), UNITOPERATION_MOVE_TO (19)
051, Adding, 10, UNIT_SWORDSMAN (851971), UNITOPERATION_MOVE_TO (19)
051, Adding, 10, UNIT_CROSSBOWMAN (1179652), UNITOPERATION_MOVE_TO (19)
051, Adding, 10, UNIT_SWORDSMAN (720902), UNITOPERATION_MOVE_TO (19)
051, Adding, 10, UNIT_SWORDSMAN (1114120), UNITOPERATION_MOVE_TO (19)
051, Adding, 10, UNIT_BUILDER (1048583), UNITOPERATION_SKIP_TURN (36)
051, Adding, 12, UNIT_CROSSBOWMAN (720898), UNITOPERATION_SWAP_UNITS (49)
051, Adding, 12, UNIT_CROSSBOWMAN (720898), UNITOPERATION_RANGE_ATTACK (26)
051, Adding, 12, UNIT_CROSSBOWMAN (720898), UNITOPERATION_MOVE_TO (19)
051, Adding, 12, UNIT_SWORDSMAN (458752), UNITOPERATION_MOVE_TO (19)
051, Adding, 12, UNIT_SWORDSMAN (655361), UNITOPERATION_MOVE_TO (19)
051, Adding, 12, UNIT_CROSSBOWMAN (786435), UNITOPERATION_MOVE_TO (19)
051, Adding, 13, UNIT_SWORDSMAN (655361), UNITOPERATION_MOVE_TO (19)
051, Adding, 13, UNIT_CATAPULT (720898), UNITOPERATION_MOVE_TO (19)
051, Adding, 13, UNIT_HEAVY_CHARIOT (524292), UNITOPERATION_MOVE_TO (19)
051, Adding, 13, UNIT_SWORDSMAN (589829), UNITOPERATION_MOVE_TO (19)
051, Adding, 13, UNIT_BUILDER (786432), UNITOPERATION_SKIP_TURN (36)
051, Adding, 14, UNIT_CATAPULT (458755), UNITOPERATION_RANGE_ATTACK (26)
051, Adding, 14, UNIT_CATAPULT (458755), UNITOPERATION_MOVE_TO (19)
051, Adding, 14, UNIT_BUILDER (720896), UNITOPERATION_SWAP_UNITS (49)
051, Can't Start, 14, UNIT_BUILDER (720896), UNITOPERATION_SWAP_UNITS (49)
051, Adding, 14, UNIT_BUILDER (720896), UNITOPERATION_MOVE_TO (19)
051, Adding, 14, UNIT_BUILDER (720896), UNITOPERATION_REMOVE_FEATURE (28)
051, Can't Start, 14, UNIT_BUILDER (720896), UNITOPERATION_REMOVE_FEATURE (28)
051, Adding, 14, UNIT_BUILDER (720896), UNITOPERATION_SWAP_UNITS (49)
051, Can't Start, 14, UNIT_BUILDER (720896), UNITOPERATION_SWAP_UNITS (49)
051, Adding, 14, UNIT_BUILDER (720896), UNITOPERATION_MOVE_TO (19)
051, Adding, 15, UNIT_SWORDSMAN (983041), UNITOPERATION_MOVE_TO (19)
051, Adding, 15, UNIT_HORSEMAN (1179652), UNITOPERATION_MOVE_TO (19)
051, Adding, 15, UNIT_HORSEMAN (720902), UNITOPERATION_MOVE_TO (19)
051, Adding, 15, UNIT_SWORDSMAN (786439), UNITOPERATION_MOVE_TO (19)
051, Adding, 15, UNIT_SWORDSMAN (851976), UNITOPERATION_MOVE_TO (19)
051, Adding, 15, UNIT_SWORDSMAN (1048585), UNITOPERATION_MOVE_TO (19)
051, Adding, 15, UNIT_SWORDSMAN (1114122), UNITOPERATION_MOVE_TO (19)
051, Adding, 15, UNIT_BUILDER (917507), UNITOPERATION_SKIP_TURN (36)
051, Adding, 17, UNIT_SWORDSMAN (1048577), UNITOPERATION_SWAP_UNITS (49)
051, Can't Start, 17, UNIT_SWORDSMAN (1048577), UNITOPERATION_SWAP_UNITS (49)
051, Adding, 17, UNIT_SWORDSMAN (1048577), UNITOPERATION_MOVE_TO (19)
051, Adding, 17, UNIT_SWORDSMAN (1114114), UNITOPERATION_SWAP_UNITS (49)
051, Can't Start, 17, UNIT_SWORDSMAN (1114114), UNITOPERATION_SWAP_UNITS (49)
051, Adding, 17, UNIT_SWORDSMAN (1114114), UNITOPERATION_MOVE_TO (19)
051, Adding, 17, UNIT_SWORDSMAN (983045), UNITOPERATION_SWAP_UNITS (49)
051, Can't Start, 17, UNIT_SWORDSMAN (983045), UNITOPERATION_SWAP_UNITS (49)
051, Adding, 17, UNIT_SWORDSMAN (983045), UNITOPERATION_MOVE_TO (19)
051, Adding, 17, UNIT_SWORDSMAN (786439), UNITOPERATION_SWAP_UNITS (49)
051, Can't Start, 17, UNIT_SWORDSMAN (786439), UNITOPERATION_SWAP_UNITS (49)
051, Adding, 17, UNIT_SWORDSMAN (786439), UNITOPERATION_MOVE_TO (19)
051, Adding, 17, UNIT_CROSSBOWMAN (1179652), UNITOPERATION_RANGE_ATTACK (26)
051, Adding, 17, UNIT_CROSSBOWMAN (1179652), UNITOPERATION_MOVE_TO (19)
051, Adding, 20, UNIT_SWORDSMAN (720896), UNITOPERATION_MOVE_TO (19)
051, Adding, 20, UNIT_CROSSBOWMAN (983041), UNITOPERATION_MOVE_TO (19)
051, Adding, 20, UNIT_CROSSBOWMAN (851970), UNITOPERATION_MOVE_TO (19)
051, Adding, 20, UNIT_HEAVY_CHARIOT (458756), UNITOPERATION_MOVE_TO (19)
051, Adding, 20, UNIT_CROSSBOWMAN (1048582), UNITOPERATION_MOVE_TO (19)
051, Adding, 20, UNIT_SWORDSMAN (786439), UNITOPERATION_MOVE_TO (19)
051, Adding, 20, UNIT_BUILDER (917509), UNITOPERATION_SKIP_TURN (36)
051, Adding, 21, UNIT_CROSSBOWMAN (851970), UNITOPERATION_MOVE_TO (19)
051, Adding, 21, UNIT_SWORDSMAN (1179651), UNITOPERATION_MOVE_TO (19)
051, Adding, 21, UNIT_SWORDSMAN (983045), UNITOPERATION_MOVE_TO (19)
051, Adding, 21, UNIT_CROSSBOWMAN (1114118), UNITOPERATION_MOVE_TO (19)
051, Adding, 21, UNIT_SWORDSMAN (786440), UNITOPERATION_MOVE_TO (19)
051, Adding, 21, UNIT_SWORDSMAN (917513), UNITOPERATION_MOVE_TO (19)
051, Adding, 21, UNIT_CROSSBOWMAN (1310730), UNITOPERATION_MOVE_TO (19)
051, Adding, 3, UNIT_BUILDER (2359307), UNITOPERATION_MOVE_TO (19)
051, Adding, 3, UNIT_BUILDER (2359307), UNITOPERATION_BUILD_IMPROVEMENT (2)
051, Adding, 0, UNIT_CROSSBOWMAN (2555904), UNITOPERATION_RANGE_ATTACK (26)
051, Adding, 0, UNIT_KNIGHT (2293777), UNITOPERATION_MOVE_TO (19)
051, Adding, 3, UNIT_BUILDER (2293774), UNITOPERATION_MOVE_TO (19)
051, Adding, 3, UNIT_BUILDER (2228230), UNITOPERATION_MOVE_TO (19)
051, Adding, 3, UNIT_BUILDER (2228230), UNITOPERATION_BUILD_IMPROVEMENT (2)
051, Adding, 0, UNIT_VAMPIRE (262146), UNITOPERATION_MOVE_TO (19)
051, Adding, 2, UNIT_KNIGHT (1638407), UNITOPERATION_MOVE_TO (19)
051, Adding, 3, UNIT_BUILDER (2490386), UNITOPERATION_MOVE_TO (19)
051, Adding, 0, UNIT_CROSSBOWMAN (2490381), UNITOPERATION_RANGE_ATTACK (26)
051, Adding, 2, UNIT_INDIAN_VARU (1507331), UNITOPERATION_MOVE_TO (19)
051, Adding, 3, UNIT_TRADER (2686991), UNITOPERATION_MAKE_TRADE_ROUTE (18)
051, Adding, 0, UNIT_CROSSBOWMAN (2621450), UNITOPERATION_RANGE_ATTACK (26)
051, Adding, 2, UNIT_KNIGHT (2228232), UNITOPERATION_MOVE_TO (19)
051, Adding, 3, UNIT_BUILDER (2424849), UNITOPERATION_MOVE_TO (19)
051, Adding, 3, UNIT_BUILDER (2031625), UNITOPERATION_BUILD_IMPROVEMENT (2)
051, Adding, 2, UNIT_MISSIONARY (2097165), UNITOPERATION_MOVE_TO (19)
051, Adding, 0, UNIT_KNIGHT (1966095), UNITOPERATION_FORTIFY (12)
051, Adding, 4, UNIT_CROSSBOWMAN (3538954), UNITOPERATION_MOVE_TO (19)
051, Adding, 2, UNIT_BUILDER (2031617), UNITOPERATION_BUILD_IMPROVEMENT (2)
051, Adding, 0, UNIT_CROSSBOWMAN (2883605), UNITOPERATION_FORTIFY (12)
051, Adding, 0, UNIT_BUILDER (2686996), UNITOPERATION_MOVE_TO (19)
051, Adding, 2, UNIT_KNIGHT (2424848), UNITOPERATION_MOVE_TO (19)
051, Adding, 4, UNIT_CROSSBOWMAN (3604485), UNITOPERATION_RANGE_ATTACK (26)
051, Adding, 1, UNIT_BUILDER (2949130), UNITOPERATION_MOVE_TO (19)
051, Adding, 2, UNIT_KNIGHT (2359311), UNITOPERATION_MOVE_TO (19)
051, Adding, 1, UNIT_BUILDER (2031625), UNITOPERATION_REMOVE_FEATURE (28)
051, Adding, 2, UNIT_BUILDER (1900553), UNITOPERATION_BUILD_IMPROVEMENT (2)
051, Adding, 2, UNIT_MISSIONARY (2293774), UNITOPERATION_MOVE_TO (19)
051, Adding, 2, UNIT_MISSIONARY (2293774), UNITOPERATION_SPREAD_RELIGION (38)
051, Adding, 1, UNIT_BUILDER (2949130), UNITOPERATION_MOVE_TO (19)
051, Adding, 4, UNIT_CROSSBOWMAN (3473421), UNITOPERATION_MOVE_TO (19)
051, Adding, 1, UNIT_BUILDER (2359311), UNITOPERATION_MOVE_TO (19)
051, Adding, 1, UNIT_BUILDER (2359311), UNITOPERATION_MOVE_TO (19)
051, Adding, 4, UNIT_CROSSBOWMAN (3473421), UNITOPERATION_RANGE_ATTACK (26)
051, Adding, 2, UNIT_BUILDER (1835018), UNITOPERATION_MOVE_TO (19)
051, Adding, 1, UNIT_BUILDER (2293780), UNITOPERATION_BUILD_IMPROVEMENT (2)
051, Adding, 4, UNIT_BUILDER (3211266), UNITOPERATION_MOVE_TO (19)
051, Adding, 1, UNIT_TAOIST (2818066), UNITOPERATION_MOVE_TO (19)
051, Adding, 2, UNIT_KNIGHT (2490385), UNITOPERATION_MOVE_TO (19)
051, Adding, 1, UNIT_BUILDER (2424843), UNITOPERATION_MOVE_TO (19)
051, Adding, 1, UNIT_BUILDER (2424843), UNITOPERATION_REMOVE_FEATURE (28)
051, Adding, 2, UNIT_SCOUT (196608), UNITOPERATION_MOVE_TO (19)
051, Adding, 1, UNIT_BUILDER (3014663), UNITOPERATION_MOVE_TO (19)
051, Adding, 4, UNIT_SCOUT (393220), UNITOPERATION_MOVE_TO (19)
051, Adding, 1, UNIT_WARRIOR (131073), UNITOPERATION_FORTIFY (12)
051, Adding, 4, UNIT_SCOUT (393220), UNITOPERATION_FORTIFY (12)
051, Adding, 1, UNIT_SCOUT (458756), UNITOPERATION_FORTIFY (12)
051, Adding, 4, UNIT_HEAVY_CHARIOT (4456456), UNITOPERATION_MOVE_TO (19)
051, Adding, 4, UNIT_HEAVY_CHARIOT (4456456), UNITOPERATION_MOVE_TO (19)
051, Adding, 3, UNIT_BUILDER (2555923), UNITOPERATION_BUILD_IMPROVEMENT (2)
051, Adding, 3, UNIT_BUILDER (2097159), UNITOPERATION_MOVE_TO (19)
051, Adding, 3, UNIT_BUILDER (2097159), UNITOPERATION_BUILD_IMPROVEMENT (2)
051, Adding, 3, UNIT_APOSTLE (2752533), UNITOPERATION_EVANGELIZE_BELIEF (10)
051, Adding, 0, UNIT_KNIGHT (2949136), UNITOPERATION_MOVE_TO (19)
051, Adding, 1, UNIT_BUILDER (2883596), UNITOPERATION_MOVE_TO (19)
051, Adding, 3, UNIT_BUILDER (1769485), UNITOPERATION_MOVE_TO (19)
051, Adding, 1, UNIT_BUILDER (2883596), UNITOPERATION_BUILD_IMPROVEMENT (2)
051, Adding, 3, UNIT_BUILDER (1769485), UNITOPERATION_BUILD_IMPROVEMENT (2)
051, Adding, 1, UNIT_BUILDER (2883596), UNITOPERATION_MOVE_TO (19)
051, Adding, 0, UNIT_SIEGE_TOWER (2752526), UNITOPERATION_MOVE_TO (19)
051, Adding, 4, UNIT_TRADER (4259859), UNITOPERATION_MAKE_TRADE_ROUTE (18)
051, Adding, 1, UNIT_BUILDER (2883596), UNITOPERATION_MOVE_TO (19)
051, Adding, 0, UNIT_GREAT_GENERAL (2359308), UNITOPERATION_MOVE_TO (19)
051, Adding, 0, UNIT_TRADER (2818055), UNITOPERATION_MAKE_TRADE_ROUTE (18)
051, Adding, 4, UNIT_BUILDER (3735567), UNITOPERATION_MOVE_TO (19)
051, Adding, 0, UNIT_BUILDER (2424851), UNITOPERATION_MOVE_TO (19)
051, Adding, 4, UNIT_CROSSBOWMAN (4521990), UNITOPERATION_MOVE_TO (19)
051, Adding, 1, UNIT_BABYLONIAN_SABUM_KIBITTUM (196608), UNITOPERATION_MOVE_TO (19)
051, Adding, 1, UNIT_BABYLONIAN_SABUM_KIBITTUM (196608), UNITOPERATION_MOVE_TO (19)
051, Adding, 4, UNIT_CROSSBOWMAN (4521990), UNITOPERATION_SKIP_TURN (36)
051, Adding, 4, UNIT_VAMPIRE (4128790), UNITOPERATION_MOVE_TO (19)
051, Adding, 4, UNIT_VAMPIRE (4128790), UNITOPERATION_SKIP_TURN (36)
051, Adding, 4, UNIT_VAMPIRE (196608), UNITOPERATION_MOVE_TO (19)
051, Adding, 4, UNIT_VAMPIRE (196608), UNITOPERATION_SKIP_TURN (36)
051, Adding, 4, UNIT_VAMPIRE (196608), UNITOPERATION_BUILD_ROUTE (3)
051, Adding, 4, UNIT_CROSSBOWMAN (3407886), UNITOPERATION_MOVE_TO (19)
051, Adding, 4, UNIT_CROSSBOWMAN (3407886), UNITOPERATION_ALERT (54)
051, Adding, 4, UNIT_GREAT_GENERAL (3276801), UNITOPERATION_SKIP_TURN (36)
051, Adding, 4, UNIT_CROSSBOWMAN (3538954), UNITOPERATION_SKIP_TURN (36)
051, Adding, 4, UNIT_BUILDER (3145731), UNITOPERATION_HARVEST_RESOURCE (16)
052, Adding, 5, UNIT_CROSSBOWMAN (3604482), UNITOPERATION_MOVE_TO (19)
052, Adding, 5, UNIT_CROSSBOWMAN (3604482), UNITOPERATION_SWAP_UNITS (49)
052, Adding, 5, UNIT_KNIGHT (5832756), UNITOPERATION_SWAP_UNITS (49)
052, Can't Start, 5, UNIT_KNIGHT (5832756), UNITOPERATION_SWAP_UNITS (49)
052, Adding, 5, UNIT_KNIGHT (5832756), UNITOPERATION_MOVE_TO (19)
052, Adding, 5, UNIT_MACEDONIAN_HETAIROI (2555916), UNITOPERATION_SWAP_UNITS (49)
052, Can't Start, 5, UNIT_MACEDONIAN_HETAIROI (2555916), UNITOPERATION_SWAP_UNITS (49)
052, Adding, 5, UNIT_MACEDONIAN_HETAIROI (2555916), UNITOPERATION_MOVE_TO (19)
052, Adding, 5, UNIT_MAN_AT_ARMS (4128805), UNITOPERATION_MOVE_TO (19)
052, Adding, 5, UNIT_MAN_AT_ARMS (4194314), UNITOPERATION_MOVE_TO (19)
052, Adding, 5, UNIT_KNIGHT (5046318), UNITOPERATION_MOVE_TO (19)
052, Adding, 5, UNIT_MUSKETMAN (5570575), UNITOPERATION_MOVE_TO (19)
052, Adding, 5, UNIT_MUSKETMAN (5505053), UNITOPERATION_MOVE_TO (19)
052, Adding, 5, UNIT_MAN_AT_ARMS (4325415), UNITOPERATION_MOVE_TO (19)
052, Can't Start, 5, UNIT_MAN_AT_ARMS (4325415), UNITOPERATION_MOVE_TO (19)
052, Adding, 5, UNIT_CROSSBOWMAN (3801101), UNITOPERATION_MOVE_TO (19)
052, Can't Start, 5, UNIT_CROSSBOWMAN (3801101), UNITOPERATION_MOVE_TO (19)
052, Adding, 5, UNIT_SETTLER (3997731), UNITOPERATION_MOVE_TO (19)
052, Adding, 5, UNIT_MAN_AT_ARMS (4325415), UNITOPERATION_MOVE_TO (19)
052, Adding, 5, UNIT_CROSSBOWMAN (3801101), UNITOPERATION_MOVE_TO (19)
052, Adding, 5, UNIT_SCOUT (262147), UNITOPERATION_SWAP_UNITS (49)
052, Can't Start, 5, UNIT_SCOUT (262147), UNITOPERATION_SWAP_UNITS (49)
052, Adding, 5, UNIT_SCOUT (262147), UNITOPERATION_MOVE_TO (19)
052, Adding, 5, UNIT_MACEDONIAN_HETAIROI (2097163), UNITOPERATION_SWAP_UNITS (49)
052, Can't Start, 5, UNIT_MACEDONIAN_HETAIROI (2097163), UNITOPERATION_SWAP_UNITS (49)
052, Adding, 5, UNIT_MACEDONIAN_HETAIROI (2097163), UNITOPERATION_MOVE_TO (19)
052, Adding, 5, UNIT_MACEDONIAN_HETAIROI (1900567), UNITOPERATION_SWAP_UNITS (49)
052, Can't Start, 5, UNIT_MACEDONIAN_HETAIROI (1900567), UNITOPERATION_SWAP_UNITS (49)
052, Adding, 5, UNIT_MACEDONIAN_HETAIROI (1900567), UNITOPERATION_MOVE_TO (19)
052, Adding, 5, UNIT_MACEDONIAN_HETAIROI (1966104), UNITOPERATION_SWAP_UNITS (49)
052, Can't Start, 5, UNIT_MACEDONIAN_HETAIROI (1966104), UNITOPERATION_SWAP_UNITS (49)
052, Adding, 5, UNIT_MACEDONIAN_HETAIROI (1966104), UNITOPERATION_MOVE_TO (19)
052, Adding, 5, UNIT_MACEDONIAN_HETAIROI (2228249), UNITOPERATION_SWAP_UNITS (49)
052, Can't Start, 5, UNIT_MACEDONIAN_HETAIROI (2228249), UNITOPERATION_SWAP_UNITS (49)
052, Adding, 5, UNIT_MACEDONIAN_HETAIROI (2228249), UNITOPERATION_MOVE_TO (19)
052, Adding, 5, UNIT_MAN_AT_ARMS (4390952), UNITOPERATION_SWAP_UNITS (49)
052, Can't Start, 5, UNIT_MAN_AT_ARMS (4390952), UNITOPERATION_SWAP_UNITS (49)
052, Adding, 5, UNIT_MAN_AT_ARMS (4390952), UNITOPERATION_MOVE_TO (19)
052, Adding, 5, UNIT_MAN_AT_ARMS (4718635), UNITOPERATION_SWAP_UNITS (49)
052, Can't Start, 5, UNIT_MAN_AT_ARMS (4718635), UNITOPERATION_SWAP_UNITS (49)
052, Adding, 5, UNIT_MAN_AT_ARMS (4718635), UNITOPERATION_MOVE_TO (19)
052, Adding, 5, UNIT_MILITARY_ENGINEER (5963823), UNITOPERATION_SWAP_UNITS (49)
052, Can't Start, 5, UNIT_MILITARY_ENGINEER (5963823), UNITOPERATION_SWAP_UNITS (49)
052, Adding, 5, UNIT_MILITARY_ENGINEER (5963823), UNITOPERATION_MOVE_TO (19)
052, Adding, 5, UNIT_GREAT_ENGINEER (4980781), UNITOPERATION_SWAP_UNITS (49)
052, Can't Start, 5, UNIT_GREAT_ENGINEER (4980781), UNITOPERATION_SWAP_UNITS (49)
052, Adding, 5, UNIT_GREAT_ENGINEER (4980781), UNITOPERATION_MOVE_TO (19)
052, Adding, 5, UNIT_GREAT_SCIENTIST (3932176), UNITOPERATION_MOVE_TO (19)
052, Can't Start, 5, UNIT_GREAT_SCIENTIST (3932176), UNITOPERATION_MOVE_TO (19)
052, Adding, 5, UNIT_MUSKETMAN (5701636), UNITOPERATION_MOVE_TO (19)
052, Adding, 5, UNIT_VAMPIRE (655367), UNITOPERATION_MOVE_TO (19)
052, Adding, 5, UNIT_MUSKETMAN (5636105), UNITOPERATION_MOVE_TO (19)
052, Adding, 5, UNIT_CROSSBOWMAN (4849685), UNITOPERATION_MOVE_TO (19)
052, Adding, 5, UNIT_VAMPIRE (5242906), UNITOPERATION_MOVE_TO (19)
052, Adding, 5, UNIT_KNIGHT (5439529), UNITOPERATION_MOVE_TO (19)
052, Adding, 5, UNIT_KNIGHT (5308465), UNITOPERATION_MOVE_TO (19)
052, Adding, 5, UNIT_COURSER (5767219), UNITOPERATION_MOVE_TO (19)
052, Adding, 5, UNIT_CROSSBOWMAN (3735585), UNITOPERATION_MOVE_TO (19)
052, Adding, 5, UNIT_CROSSBOWMAN (4063268), UNITOPERATION_MOVE_TO (19)
052, Adding, 5, UNIT_MISSIONARY (2621441), UNITOPERATION_MOVE_TO (19)
052, Adding, 5, UNIT_MISSIONARY (3276806), UNITOPERATION_MOVE_TO (19)
052, Adding, 5, UNIT_MISSIONARY (2424850), UNITOPERATION_MOVE_TO (19)
052, Adding, 5, UNIT_MISSIONARY (3670035), UNITOPERATION_MOVE_TO (19)
052, Adding, 5, UNIT_MISSIONARY (3080222), UNITOPERATION_MOVE_TO (19)
052, Adding, 5, UNIT_MISSIONARY (4259878), UNITOPERATION_MOVE_TO (19)
052, Adding, 5, UNIT_MISSIONARY (4653098), UNITOPERATION_MOVE_TO (19)
052, Adding, 5, UNIT_MISSIONARY (5177392), UNITOPERATION_MOVE_TO (19)
052, Adding, 5, UNIT_MISSIONARY (5374002), UNITOPERATION_MOVE_TO (19)
052, Adding, 5, UNIT_MISSIONARY (5898293), UNITOPERATION_MOVE_TO (19)
052, Adding, 5, UNIT_BUILDER (1835030), UNITOPERATION_MOVE_TO (19)
052, Adding, 5, UNIT_BUILDER (1835030), UNITOPERATION_MOVE_TO (19)
052, Adding, 5, UNIT_BUILDER (1835030), UNITOPERATION_MOVE_TO (19)
052, Adding, 5, UNIT_BUILDER (1835030), UNITOPERATION_MOVE_TO (19)
052, Adding, 5, UNIT_SKIRMISHER (3211278), UNITOPERATION_MOVE_TO (19)
052, Adding, 5, UNIT_SKIRMISHER (3407892), UNITOPERATION_MOVE_TO (19)
052, Adding, 5, UNIT_SKIRMISHER (3145759), UNITOPERATION_MOVE_TO (19)
052, Adding, 5, UNIT_SKIRMISHER (3211278), UNITOPERATION_SKIP_TURN (36)
052, Adding, 5, UNIT_SKIRMISHER (3407892), UNITOPERATION_SKIP_TURN (36)
052, Adding, 5, UNIT_BUILDER (2752540), UNITOPERATION_SKIP_TURN (36)
052, Adding, 5, UNIT_SKIRMISHER (3145759), UNITOPERATION_SKIP_TURN (36)
052, Adding, 5, UNIT_BUILDER (3473440), UNITOPERATION_SKIP_TURN (36)
052, Adding, 5, UNIT_BUILDER (4915244), UNITOPERATION_SKIP_TURN (36)
052, Adding, 6, UNIT_CATAPULT (2490396), UNITOPERATION_MOVE_TO (19)
052, Can't Start, 6, UNIT_CATAPULT (2490396), UNITOPERATION_MOVE_TO (19)
052, Adding, 6, UNIT_CROSSBOWMAN (5636142), UNITOPERATION_MOVE_TO (19)
052, Can't Start, 6, UNIT_CROSSBOWMAN (5636142), UNITOPERATION_MOVE_TO (19)
052, Adding, 6, UNIT_SETTLER (6029360), UNITOPERATION_MOVE_TO (19)
052, Adding, 6, UNIT_BUILDER (6160434), UNITOPERATION_SWAP_UNITS (49)
052, Can't Start, 6, UNIT_BUILDER (6160434), UNITOPERATION_SWAP_UNITS (49)
052, Adding, 6, UNIT_BUILDER (6160434), UNITOPERATION_MOVE_TO (19)
052, Adding, 6, UNIT_BUILDER (6815778), UNITOPERATION_SWAP_UNITS (49)
052, Can't Start, 6, UNIT_BUILDER (6815778), UNITOPERATION_SWAP_UNITS (49)
052, Adding, 6, UNIT_BUILDER (6815778), UNITOPERATION_MOVE_TO (19)
052, Adding, 6, UNIT_BUILDER (6815778), UNITOPERATION_REMOVE_FEATURE (28)
052, Adding, 6, UNIT_BUILDER (6815778), UNITOPERATION_BUILD_IMPROVEMENT (2)
052, Can't Start, 6, UNIT_BUILDER (6815778), UNITOPERATION_BUILD_IMPROVEMENT (2)
052, Adding, 6, UNIT_BUILDER (6553652), UNITOPERATION_SWAP_UNITS (49)
052, Can't Start, 6, UNIT_BUILDER (6553652), UNITOPERATION_SWAP_UNITS (49)
052, Adding, 6, UNIT_BUILDER (6553652), UNITOPERATION_MOVE_TO (19)
052, Adding, 6, UNIT_GREAT_WRITER (7274556), UNITOPERATION_SWAP_UNITS (49)
052, Can't Start, 6, UNIT_GREAT_WRITER (7274556), UNITOPERATION_SWAP_UNITS (49)
052, Adding, 6, UNIT_GREAT_WRITER (7274556), UNITOPERATION_MOVE_TO (19)
052, Adding, 6, UNIT_BUILDER (7340081), UNITOPERATION_SWAP_UNITS (49)
052, Can't Start, 6, UNIT_BUILDER (7340081), UNITOPERATION_SWAP_UNITS (49)
052, Adding, 6, UNIT_BUILDER (7340081), UNITOPERATION_MOVE_TO (19)
052, Adding, 6, UNIT_CROSSBOWMAN (5832704), UNITOPERATION_MOVE_TO (19)
052, Can't Start, 6, UNIT_CROSSBOWMAN (5832704), UNITOPERATION_MOVE_TO (19)
052, Adding, 6, UNIT_CROSSBOWMAN (6422529), UNITOPERATION_MOVE_TO (19)
052, Adding, 6, UNIT_SWORDSMAN (4456450), UNITOPERATION_MOVE_TO (19)
052, Adding, 6, UNIT_SWORDSMAN (2818054), UNITOPERATION_MOVE_TO (19)
052, Can't Start, 6, UNIT_SWORDSMAN (2818054), UNITOPERATION_MOVE_TO (19)
052, Adding, 6, UNIT_CROSSBOWMAN (6488071), UNITOPERATION_MOVE_TO (19)
052, Adding, 6, UNIT_SWORDSMAN (2686985), UNITOPERATION_MOVE_TO (19)
052, Can't Start, 6, UNIT_SWORDSMAN (2686985), UNITOPERATION_MOVE_TO (19)
052, Adding, 6, UNIT_SWORDSMAN (4128779), UNITOPERATION_MOVE_TO (19)
052, Adding, 6, UNIT_SWORDSMAN (4587534), UNITOPERATION_MOVE_TO (19)
052, Adding, 6, UNIT_CROSSBOWMAN (5505040), UNITOPERATION_MOVE_TO (19)
052, Adding, 6, UNIT_SWORDSMAN (4718610), UNITOPERATION_MOVE_TO (19)
052, Adding, 6, UNIT_CROSSBOWMAN (4915220), UNITOPERATION_MOVE_TO (19)
052, Adding, 6, UNIT_CROSSBOWMAN (4784149), UNITOPERATION_MOVE_TO (19)
052, Can't Start, 6, UNIT_CROSSBOWMAN (4784149), UNITOPERATION_MOVE_TO (19)
052, Adding, 6, UNIT_CROSSBOWMAN (6881304), UNITOPERATION_MOVE_TO (19)
052, Adding, 6, UNIT_SWORDSMAN (2752542), UNITOPERATION_MOVE_TO (19)
052, Adding, 6, UNIT_SWORDSMAN (3145761), UNITOPERATION_MOVE_TO (19)
052, Adding, 6, UNIT_CROSSBOWMAN (5177382), UNITOPERATION_MOVE_TO (19)
052, Can't Start, 6, UNIT_CROSSBOWMAN (5177382), UNITOPERATION_MOVE_TO (19)
052, Adding, 6, UNIT_SWORDSMAN (3866664), UNITOPERATION_MOVE_TO (19)
052, Adding, 6, UNIT_SWORDSMAN (3932201), UNITOPERATION_MOVE_TO (19)
052, Adding, 6, UNIT_SWORDSMAN (5373996), UNITOPERATION_MOVE_TO (19)
052, Adding, 6, UNIT_CROSSBOWMAN (6291503), UNITOPERATION_MOVE_TO (19)
052, Adding, 6, UNIT_CATAPULT (2621457), UNITOPERATION_MOVE_TO (19)
052, Adding, 6, UNIT_HEAVY_CHARIOT (2359322), UNITOPERATION_MOVE_TO (19)
052, Adding, 6, UNIT_CROSSBOWMAN (7143482), UNITOPERATION_MOVE_TO (19)
052, Adding, 6, UNIT_APOSTLE (6225971), UNITOPERATION_SWAP_UNITS (49)
052, Can't Start, 6, UNIT_APOSTLE (6225971), UNITOPERATION_SWAP_UNITS (49)
052, Adding, 6, UNIT_APOSTLE (6225971), UNITOPERATION_MOVE_TO (19)
052, Adding, 6, UNIT_APOSTLE (5308435), UNITOPERATION_MOVE_TO (19)
052, Adding, 6, UNIT_APOSTLE (5701667), UNITOPERATION_SWAP_UNITS (49)
052, Can't Start, 6, UNIT_APOSTLE (5701667), UNITOPERATION_SWAP_UNITS (49)
052, Adding, 6, UNIT_APOSTLE (5701667), UNITOPERATION_MOVE_TO (19)
052, Adding, 6, UNIT_APOSTLE (5111851), UNITOPERATION_SWAP_UNITS (49)
052, Can't Start, 6, UNIT_APOSTLE (5111851), UNITOPERATION_SWAP_UNITS (49)
052, Adding, 6, UNIT_APOSTLE (5111851), UNITOPERATION_MOVE_TO (19)
052, Adding, 6, UNIT_APOSTLE (6357004), UNITOPERATION_MOVE_TO (19)
052, Adding, 6, UNIT_APOSTLE (5898262), UNITOPERATION_MOVE_TO (19)
052, Adding, 6, UNIT_APOSTLE (5701667), UNITOPERATION_MOVE_TO (19)
052, Adding, 6, UNIT_APOSTLE (5111851), UNITOPERATION_MOVE_TO (19)
052, Adding, 6, UNIT_APOSTLE (5570605), UNITOPERATION_MOVE_TO (19)
052, Adding, 6, UNIT_APOSTLE (6357004), UNITOPERATION_MOVE_TO (19)
052, Can't Start, 6, UNIT_APOSTLE (6357004), UNITOPERATION_MOVE_TO (19)
052, Adding, 6, UNIT_APOSTLE (5111851), UNITOPERATION_MOVE_TO (19)
052, Adding, 6, UNIT_APOSTLE (5570605), UNITOPERATION_MOVE_TO (19)
052, Can't Start, 6, UNIT_APOSTLE (5570605), UNITOPERATION_MOVE_TO (19)
052, Adding, 6, UNIT_APOSTLE (6619189), UNITOPERATION_MOVE_TO (19)
052, Adding, 6, UNIT_APOSTLE (6750263), UNITOPERATION_MOVE_TO (19)
052, Adding, 6, UNIT_APOSTLE (6946872), UNITOPERATION_MOVE_TO (19)
052, Adding, 6, UNIT_APOSTLE (6357004), UNITOPERATION_MOVE_TO (19)
052, Can't Start, 6, UNIT_APOSTLE (6357004), UNITOPERATION_MOVE_TO (19)
052, Adding, 6, UNIT_APOSTLE (5570605), UNITOPERATION_MOVE_TO (19)
052, Can't Start, 6, UNIT_APOSTLE (5570605), UNITOPERATION_MOVE_TO (19)
052, Adding, 6, UNIT_APOSTLE (6619189), UNITOPERATION_MOVE_TO (19)
052, Can't Start, 6, UNIT_APOSTLE (6619189), UNITOPERATION_MOVE_TO (19)
052, Adding, 6, UNIT_APOSTLE (6750263), UNITOPERATION_MOVE_TO (19)
052, Can't Start, 6, UNIT_APOSTLE (6750263), UNITOPERATION_MOVE_TO (19)
052, Adding, 6, UNIT_APOSTLE (6946872), UNITOPERATION_MOVE_TO (19)
052, Adding, 6, UNIT_TAOIST (7077891), UNITOPERATION_MOVE_TO (19)
052, Adding, 6, UNIT_MISSIONARY (3735557), UNITOPERATION_MOVE_TO (19)
052, Adding, 6, UNIT_TAOIST (786440), UNITOPERATION_SPREAD_RELIGION (38)
052, Can't Start, 6, UNIT_TAOIST (786440), UNITOPERATION_SPREAD_RELIGION (38)
052, Adding, 6, UNIT_APOSTLE (5308435), UNITOPERATION_MOVE_TO (19)
052, Adding, 6, UNIT_MISSIONARY (2162711), UNITOPERATION_MOVE_TO (19)
052, Adding, 6, UNIT_MISSIONARY (2162711), UNITOPERATION_SPREAD_RELIGION (38)
052, Can't Start, 6, UNIT_MISSIONARY (2162711), UNITOPERATION_SPREAD_RELIGION (38)
052, Adding, 6, UNIT_MISSIONARY (2293785), UNITOPERATION_MOVE_TO (19)
052, Adding, 6, UNIT_MISSIONARY (2424859), UNITOPERATION_MOVE_TO (19)
052, Adding, 6, UNIT_MISSIONARY (2555933), UNITOPERATION_SPREAD_RELIGION (38)
052, Adding, 6, UNIT_MISSIONARY (3342372), UNITOPERATION_MOVE_TO (19)
052, Adding, 6, UNIT_APOSTLE (6225971), UNITOPERATION_MOVE_TO (19)
052, Adding, 6, UNIT_TAOIST (6684726), UNITOPERATION_MOVE_TO (19)
052, Adding, 6, UNIT_SKIRMISHER (3473440), UNITOPERATION_MOVE_TO (19)
052, Adding, 6, UNIT_SKIRMISHER (3473440), UNITOPERATION_MOVE_TO (19)
052, Adding, 6, UNIT_SKIRMISHER (3473440), UNITOPERATION_MOVE_TO (19)
052, Adding, 6, UNIT_SKIRMISHER (4390927), UNITOPERATION_MOVE_TO (19)
052, Adding, 6, UNIT_SKIRMISHER (3997738), UNITOPERATION_MOVE_TO (19)
052, Adding, 6, UNIT_SKIRMISHER (4194308), UNITOPERATION_MOVE_TO (19)
052, Adding, 6, UNIT_SKIRMISHER (4063245), UNITOPERATION_MOVE_TO (19)
052, Adding, 6, UNIT_SKIRMISHER (3407909), UNITOPERATION_MOVE_TO (19)
052, Adding, 6, UNIT_SKIRMISHER (3801127), UNITOPERATION_MOVE_TO (19)
052, Adding, 6, UNIT_SKIRMISHER (7012409), UNITOPERATION_MOVE_TO (19)
052, Adding, 6, UNIT_SKIRMISHER (4194308), UNITOPERATION_SKIP_TURN (36)
052, Adding, 6, UNIT_SKIRMISHER (4063245), UNITOPERATION_SKIP_TURN (36)
052, Adding, 6, UNIT_SKIRMISHER (3407909), UNITOPERATION_SKIP_TURN (36)
052, Adding, 6, UNIT_SKIRMISHER (3801127), UNITOPERATION_SKIP_TURN (36)
052, Adding, 6, UNIT_SKIRMISHER (7012409), UNITOPERATION_SKIP_TURN (36)
052, Can't Start, 6, UNIT_APOSTLE (6357004), UNITOPERATION_MOVE_TO (19)
052, Can't Start, 6, UNIT_MISSIONARY (2162711), UNITOPERATION_SPREAD_RELIGION (38)
052, Can't Start, 6, UNIT_BUILDER (6815778), UNITOPERATION_BUILD_IMPROVEMENT (2)
052, Can't Start, 6, UNIT_APOSTLE (5570605), UNITOPERATION_MOVE_TO (19)
052, Can't Start, 6, UNIT_APOSTLE (6619189), UNITOPERATION_MOVE_TO (19)
052, Can't Start, 6, UNIT_APOSTLE (6750263), UNITOPERATION_MOVE_TO (19)
052, Adding, 7, UNIT_SCOUT (589826), UNITOPERATION_SWAP_UNITS (49)
052, Can't Start, 7, UNIT_SCOUT (589826), UNITOPERATION_SWAP_UNITS (49)
052, Adding, 7, UNIT_SCOUT (589826), UNITOPERATION_MOVE_TO (19)
052, Adding, 7, UNIT_SCOUT (393220), UNITOPERATION_SWAP_UNITS (49)
052, Can't Start, 7, UNIT_SCOUT (393220), UNITOPERATION_SWAP_UNITS (49)
052, Adding, 7, UNIT_SCOUT (393220), UNITOPERATION_MOVE_TO (19)
052, Adding, 7, UNIT_SWORDSMAN (3080201), UNITOPERATION_SWAP_UNITS (49)
052, Can't Start, 7, UNIT_SWORDSMAN (3080201), UNITOPERATION_SWAP_UNITS (49)
052, Adding, 7, UNIT_SWORDSMAN (3080201), UNITOPERATION_MOVE_TO (19)
052, Adding, 7, UNIT_SWORDSMAN (3014666), UNITOPERATION_SWAP_UNITS (49)
052, Can't Start, 7, UNIT_SWORDSMAN (3014666), UNITOPERATION_SWAP_UNITS (49)
052, Adding, 7, UNIT_SWORDSMAN (3014666), UNITOPERATION_MOVE_TO (19)
052, Adding, 7, UNIT_WARRIOR (1048588), UNITOPERATION_SWAP_UNITS (49)
052, Can't Start, 7, UNIT_WARRIOR (1048588), UNITOPERATION_SWAP_UNITS (49)
052, Adding, 7, UNIT_WARRIOR (1048588), UNITOPERATION_MOVE_TO (19)
052, Adding, 7, UNIT_SWORDSMAN (3211279), UNITOPERATION_SWAP_UNITS (49)
052, Can't Start, 7, UNIT_SWORDSMAN (3211279), UNITOPERATION_SWAP_UNITS (49)
052, Adding, 7, UNIT_SWORDSMAN (3211279), UNITOPERATION_MOVE_TO (19)
052, Adding, 7, UNIT_SWORDSMAN (3801104), UNITOPERATION_SWAP_UNITS (49)
052, Can't Start, 7, UNIT_SWORDSMAN (3801104), UNITOPERATION_SWAP_UNITS (49)
052, Adding, 7, UNIT_SWORDSMAN (3801104), UNITOPERATION_MOVE_TO (19)
052, Adding, 7, UNIT_WARRIOR (1835031), UNITOPERATION_SWAP_UNITS (49)
052, Can't Start, 7, UNIT_WARRIOR (1835031), UNITOPERATION_SWAP_UNITS (49)
052, Adding, 7, UNIT_WARRIOR (1835031), UNITOPERATION_MOVE_TO (19)
052, Adding, 7, UNIT_WARRIOR (1900568), UNITOPERATION_SWAP_UNITS (49)
052, Can't Start, 7, UNIT_WARRIOR (1900568), UNITOPERATION_SWAP_UNITS (49)
052, Adding, 7, UNIT_WARRIOR (1900568), UNITOPERATION_MOVE_TO (19)
052, Adding, 7, UNIT_SWORDSMAN (2490398), UNITOPERATION_SWAP_UNITS (49)
052, Can't Start, 7, UNIT_SWORDSMAN (2490398), UNITOPERATION_SWAP_UNITS (49)
052, Adding, 7, UNIT_SWORDSMAN (2490398), UNITOPERATION_MOVE_TO (19)
052, Adding, 7, UNIT_SWORDSMAN (2621472), UNITOPERATION_SWAP_UNITS (49)
052, Can't Start, 7, UNIT_SWORDSMAN (2621472), UNITOPERATION_SWAP_UNITS (49)
052, Adding, 7, UNIT_SWORDSMAN (2621472), UNITOPERATION_MOVE_TO (19)
052, Adding, 7, UNIT_SWORDSMAN (2687009), UNITOPERATION_SWAP_UNITS (49)
052, Can't Start, 7, UNIT_SWORDSMAN (2687009), UNITOPERATION_SWAP_UNITS (49)
052, Adding, 7, UNIT_SWORDSMAN (2687009), UNITOPERATION_MOVE_TO (19)
052, Adding, 7, UNIT_SWORDSMAN (3473444), UNITOPERATION_SWAP_UNITS (49)
052, Can't Start, 7, UNIT_SWORDSMAN (3473444), UNITOPERATION_SWAP_UNITS (49)
052, Adding, 7, UNIT_SWORDSMAN (3473444), UNITOPERATION_MOVE_TO (19)
052, Adding, 7, UNIT_CATAPULT (4456488), UNITOPERATION_SWAP_UNITS (49)
052, Can't Start, 7, UNIT_CATAPULT (4456488), UNITOPERATION_SWAP_UNITS (49)
052, Adding, 7, UNIT_CATAPULT (4456488), UNITOPERATION_MOVE_TO (19)
052, Adding, 7, UNIT_MAN_AT_ARMS (5701651), UNITOPERATION_MOVE_TO (19)
052, Adding, 7, UNIT_MAN_AT_ARMS (5505038), UNITOPERATION_MOVE_TO (19)
052, Adding, 7, UNIT_SKIRMISHER (3866661), UNITOPERATION_MOVE_TO (19)
052, Adding, 7, UNIT_MAN_AT_ARMS (5439515), UNITOPERATION_MOVE_TO (19)
052, Adding, 7, UNIT_MAN_AT_ARMS (5767175), UNITOPERATION_MOVE_TO (19)
052, Adding, 7, UNIT_TREBUCHET (6225966), UNITOPERATION_MOVE_TO (19)
052, Adding, 7, UNIT_CROSSBOWMAN (5308455), UNITOPERATION_MOVE_TO (19)
052, Adding, 7, UNIT_BUILDER (4718636), UNITOPERATION_SWAP_UNITS (49)
052, Can't Start, 7, UNIT_BUILDER (4718636), UNITOPERATION_SWAP_UNITS (49)
052, Adding, 7, UNIT_BUILDER (4718636), UNITOPERATION_MOVE_TO (19)
052, Adding, 7, UNIT_BUILDER (4718636), UNITOPERATION_HARVEST_RESOURCE (16)
052, Adding, 7, UNIT_BUILDER (4718636), UNITOPERATION_BUILD_IMPROVEMENT (2)
052, Can't Start, 7, UNIT_BUILDER (4718636), UNITOPERATION_BUILD_IMPROVEMENT (2)
052, Adding, 7, UNIT_BUILDER (6094849), UNITOPERATION_SWAP_UNITS (49)
052, Can't Start, 7, UNIT_BUILDER (6094849), UNITOPERATION_SWAP_UNITS (49)
052, Adding, 7, UNIT_BUILDER (6094849), UNITOPERATION_MOVE_TO (19)
052, Adding, 7, UNIT_BUILDER (6291503), UNITOPERATION_SWAP_UNITS (49)
052, Can't Start, 7, UNIT_BUILDER (6291503), UNITOPERATION_SWAP_UNITS (49)
052, Adding, 7, UNIT_BUILDER (6291503), UNITOPERATION_MOVE_TO (19)
052, Adding, 7, UNIT_BUILDER (6291503), UNITOPERATION_BUILD_IMPROVEMENT (2)
052, Adding, 7, UNIT_BUILDER (5898248), UNITOPERATION_SWAP_UNITS (49)
052, Can't Start, 7, UNIT_BUILDER (5898248), UNITOPERATION_SWAP_UNITS (49)
052, Adding, 7, UNIT_BUILDER (5898248), UNITOPERATION_MOVE_TO (19)
052, Adding, 7, UNIT_GREAT_WRITER (6357040), UNITOPERATION_SWAP_UNITS (49)
052, Can't Start, 7, UNIT_GREAT_WRITER (6357040), UNITOPERATION_SWAP_UNITS (49)
052, Adding, 7, UNIT_GREAT_WRITER (6357040), UNITOPERATION_MOVE_TO (19)
052, Adding, 7, UNIT_GREAT_WRITER (5046306), UNITOPERATION_SWAP_UNITS (49)
052, Can't Start, 7, UNIT_GREAT_WRITER (5046306), UNITOPERATION_SWAP_UNITS (49)
052, Adding, 7, UNIT_GREAT_WRITER (5046306), UNITOPERATION_MOVE_TO (19)
052, Adding, 7, UNIT_SKIRMISHER (4522025), UNITOPERATION_MOVE_TO (19)
052, Adding, 7, UNIT_MAN_AT_ARMS (5177350), UNITOPERATION_MOVE_TO (19)
052, Adding, 7, UNIT_MAN_AT_ARMS (5111821), UNITOPERATION_MOVE_TO (19)
052, Adding, 7, UNIT_MAN_AT_ARMS (5636122), UNITOPERATION_MOVE_TO (19)
052, Adding, 7, UNIT_KNIGHT (6684710), UNITOPERATION_MOVE_TO (19)
052, Adding, 7, UNIT_MAN_AT_ARMS (5570603), UNITOPERATION_MOVE_TO (19)
052, Can't Start, 7, UNIT_MAN_AT_ARMS (5570603), UNITOPERATION_MOVE_TO (19)
052, Adding, 7, UNIT_MAN_AT_ARMS (5242925), UNITOPERATION_MOVE_TO (19)
052, Adding, 7, UNIT_TAOIST (851968), UNITOPERATION_MOVE_TO (19)
052, Adding, 7, UNIT_SKIRMISHER (3735570), UNITOPERATION_MOVE_TO (19)
052, Adding, 7, UNIT_SKIRMISHER (3735570), UNITOPERATION_MOVE_TO (19)
052, Adding, 7, UNIT_SKIRMISHER (3735570), UNITOPERATION_MOVE_TO (19)
052, Adding, 7, UNIT_SKIRMISHER (3538973), UNITOPERATION_MOVE_TO (19)
052, Adding, 7, UNIT_SKIRMISHER (3538973), UNITOPERATION_MOVE_TO (19)
052, Adding, 7, UNIT_BUILDER (6619187), UNITOPERATION_MOVE_TO (19)
052, Adding, 7, UNIT_SKIRMISHER (6029329), UNITOPERATION_MOVE_TO (19)
052, Adding, 7, UNIT_SKIRMISHER (3670036), UNITOPERATION_MOVE_TO (19)
052, Adding, 7, UNIT_SKIRMISHER (3932181), UNITOPERATION_MOVE_TO (19)
052, Adding, 7, UNIT_SKIRMISHER (4849692), UNITOPERATION_MOVE_TO (19)
052, Adding, 7, UNIT_SKIRMISHER (3407907), UNITOPERATION_MOVE_TO (19)
052, Adding, 7, UNIT_SKIRMISHER (4587562), UNITOPERATION_MOVE_TO (19)
052, Adding, 7, UNIT_SKIRMISHER (6029329), UNITOPERATION_SKIP_TURN (36)
052, Adding, 7, UNIT_SKIRMISHER (3670036), UNITOPERATION_SKIP_TURN (36)
052, Adding, 7, UNIT_SKIRMISHER (3932181), UNITOPERATION_SKIP_TURN (36)
052, Adding, 7, UNIT_SKIRMISHER (4849692), UNITOPERATION_SKIP_TURN (36)
052, Adding, 7, UNIT_SKIRMISHER (3407907), UNITOPERATION_SKIP_TURN (36)
052, Adding, 7, UNIT_SKIRMISHER (4587562), UNITOPERATION_SKIP_TURN (36)
052, Adding, 7, UNIT_BUILDER (6488113), UNITOPERATION_SKIP_TURN (36)
052, Adding, 7, UNIT_BUILDER (6553650), UNITOPERATION_SKIP_TURN (36)
052, Can't Start, 7, UNIT_BUILDER (4718636), UNITOPERATION_BUILD_IMPROVEMENT (2)
052, Adding, 8, UNIT_TRADER (1048588), UNITOPERATION_MAKE_TRADE_ROUTE (18)
052, Can't Start, 8, UNIT_TRADER (1048588), UNITOPERATION_MAKE_TRADE_ROUTE (18)
052, Adding, 8, UNIT_MUSKETMAN (8978505), UNITOPERATION_MOVE_TO (19)
052, Can't Start, 8, UNIT_MUSKETMAN (8978505), UNITOPERATION_MOVE_TO (19)
052, Adding, 8, UNIT_SWORDSMAN (4653103), UNITOPERATION_SWAP_UNITS (49)
052, Can't Start, 8, UNIT_SWORDSMAN (4653103), UNITOPERATION_SWAP_UNITS (49)
052, Adding, 8, UNIT_SWORDSMAN (4653103), UNITOPERATION_MOVE_TO (19)
052, Adding, 8, UNIT_BUILDER (9044021), UNITOPERATION_SWAP_UNITS (49)
052, Can't Start, 8, UNIT_BUILDER (9044021), UNITOPERATION_SWAP_UNITS (49)
052, Adding, 8, UNIT_BUILDER (9044021), UNITOPERATION_MOVE_TO (19)
052, Adding, 8, UNIT_BUILDER (9044021), UNITOPERATION_REMOVE_FEATURE (28)
052, Adding, 8, UNIT_BUILDER (9044021), UNITOPERATION_BUILD_IMPROVEMENT (2)
052, Can't Start, 8, UNIT_BUILDER (9044021), UNITOPERATION_BUILD_IMPROVEMENT (2)
052, Adding, 8, UNIT_MILITARY_ENGINEER (8126482), UNITOPERATION_BUILD_IMPROVEMENT (2)
052, Adding, 8, UNIT_MILITARY_ENGINEER (7995435), UNITOPERATION_SWAP_UNITS (49)
052, Can't Start, 8, UNIT_MILITARY_ENGINEER (7995435), UNITOPERATION_SWAP_UNITS (49)
052, Adding, 8, UNIT_MILITARY_ENGINEER (7995435), UNITOPERATION_MOVE_TO (19)
052, Adding, 8, UNIT_MILITARY_ENGINEER (7995435), UNITOPERATION_REMOVE_FEATURE (28)
052, Adding, 8, UNIT_MILITARY_ENGINEER (7995435), UNITOPERATION_BUILD_IMPROVEMENT (2)
052, Can't Start, 8, UNIT_MILITARY_ENGINEER (7995435), UNITOPERATION_BUILD_IMPROVEMENT (2)
052, Adding, 8, UNIT_BUILDER (6619144), UNITOPERATION_SWAP_UNITS (49)
052, Can't Start, 8, UNIT_BUILDER (6619144), UNITOPERATION_SWAP_UNITS (49)
052, Adding, 8, UNIT_BUILDER (6619144), UNITOPERATION_MOVE_TO (19)
052, Adding, 8, UNIT_BUILDER (6619144), UNITOPERATION_BUILD_IMPROVEMENT (2)
052, Adding, 8, UNIT_BUILDER (8716357), UNITOPERATION_SWAP_UNITS (49)
052, Can't Start, 8, UNIT_BUILDER (8716357), UNITOPERATION_SWAP_UNITS (49)
052, Adding, 8, UNIT_BUILDER (8716357), UNITOPERATION_MOVE_TO (19)
052, Adding, 8, UNIT_MILITARY_ENGINEER (9240643), UNITOPERATION_SWAP_UNITS (49)
052, Can't Start, 8, UNIT_MILITARY_ENGINEER (9240643), UNITOPERATION_SWAP_UNITS (49)
052, Adding, 8, UNIT_MILITARY_ENGINEER (9240643), UNITOPERATION_MOVE_TO (19)
052, Adding, 8, UNIT_SKIRMISHER (4128809), UNITOPERATION_MOVE_TO (19)
052, Adding, 8, UNIT_VIETNAMESE_VOI_CHIEN (7602205), UNITOPERATION_FORTIFY (12)
052, Can't Start, 8, UNIT_VIETNAMESE_VOI_CHIEN (7602205), UNITOPERATION_FORTIFY (12)
052, Adding, 8, UNIT_MUSKETMAN (8847431), UNITOPERATION_FORTIFY (12)
052, Can't Start, 8, UNIT_MUSKETMAN (8847431), UNITOPERATION_FORTIFY (12)
052, Adding, 8, UNIT_SKIRMISHER (4522029), UNITOPERATION_PILLAGE (23)
052, Adding, 8, UNIT_SKIRMISHER (4522029), UNITOPERATION_SKIP_TURN (36)
052, Adding, 8, UNIT_SKIRMISHER (5242890), UNITOPERATION_SWAP_UNITS (49)
052, Can't Start, 8, UNIT_SKIRMISHER (5242890), UNITOPERATION_SWAP_UNITS (49)
052, Adding, 8, UNIT_SKIRMISHER (5242890), UNITOPERATION_MOVE_TO (19)
052, Adding, 8, UNIT_VIETNAMESE_VOI_CHIEN (7208961), UNITOPERATION_MOVE_TO (19)
052, Adding, 8, UNIT_VIETNAMESE_VOI_CHIEN (5439490), UNITOPERATION_MOVE_TO (19)
052, Adding, 8, UNIT_VIETNAMESE_VOI_CHIEN (5832707), UNITOPERATION_MOVE_TO (19)
052, Adding, 8, UNIT_VIETNAMESE_VOI_CHIEN (7864324), UNITOPERATION_MOVE_TO (19)
052, Adding, 8, UNIT_VIETNAMESE_VOI_CHIEN (7405574), UNITOPERATION_MOVE_TO (19)
052, Adding, 8, UNIT_HORSEMAN (3997710), UNITOPERATION_MOVE_TO (19)
052, Adding, 8, UNIT_HORSEMAN (2752528), UNITOPERATION_MOVE_TO (19)
052, Adding, 8, UNIT_KNIGHT (8454163), UNITOPERATION_MOVE_TO (19)
052, Adding, 8, UNIT_VIETNAMESE_VOI_CHIEN (5767195), UNITOPERATION_MOVE_TO (19)
052, Adding, 8, UNIT_HORSEMAN (4587566), UNITOPERATION_MOVE_TO (19)
052, Adding, 8, UNIT_MUSKETMAN (9306161), UNITOPERATION_MOVE_TO (19)
052, Adding, 8, UNIT_KNIGHT (8257600), UNITOPERATION_MOVE_TO (19)
052, Adding, 8, UNIT_MUSKETMAN (8781894), UNITOPERATION_MOVE_TO (19)
052, Adding, 8, UNIT_MUSKETMAN (8912968), UNITOPERATION_MOVE_TO (19)
052, Adding, 8, UNIT_VIETNAMESE_VOI_CHIEN (7143429), UNITOPERATION_MOVE_TO (19)
052, Adding, 8, UNIT_VIETNAMESE_VOI_CHIEN (6946823), UNITOPERATION_MOVE_TO (19)
052, Adding, 8, UNIT_VIETNAMESE_VOI_CHIEN (5111825), UNITOPERATION_MOVE_TO (19)
052, Adding, 8, UNIT_VIETNAMESE_VOI_CHIEN (5373972), UNITOPERATION_MOVE_TO (19)
052, Adding, 8, UNIT_VIETNAMESE_VOI_CHIEN (6357013), UNITOPERATION_MOVE_TO (19)
052, Adding, 8, UNIT_VIETNAMESE_VOI_CHIEN (7340054), UNITOPERATION_MOVE_TO (19)
052, Adding, 8, UNIT_VIETNAMESE_VOI_CHIEN (6029335), UNITOPERATION_MOVE_TO (19)
052, Adding, 8, UNIT_VIETNAMESE_VOI_CHIEN (7667738), UNITOPERATION_MOVE_TO (19)
052, Adding, 8, UNIT_VIETNAMESE_VOI_CHIEN (5046300), UNITOPERATION_MOVE_TO (19)
052, Adding, 8, UNIT_VIETNAMESE_VOI_CHIEN (8060959), UNITOPERATION_MOVE_TO (19)
052, Adding, 8, UNIT_VIETNAMESE_VOI_CHIEN (7798816), UNITOPERATION_MOVE_TO (19)
052, Adding, 8, UNIT_VIETNAMESE_VOI_CHIEN (6881313), UNITOPERATION_MOVE_TO (19)
052, Adding, 8, UNIT_VIETNAMESE_VOI_CHIEN (7077922), UNITOPERATION_MOVE_TO (19)
052, Adding, 8, UNIT_VIETNAMESE_VOI_CHIEN (5308458), UNITOPERATION_MOVE_TO (19)
052, Adding, 8, UNIT_VIETNAMESE_VOI_CHIEN (5570604), UNITOPERATION_MOVE_TO (19)
052, Adding, 8, UNIT_TREBUCHET (7274555), UNITOPERATION_MOVE_TO (19)
052, Adding, 8, UNIT_VIETNAMESE_VOI_CHIEN (8192063), UNITOPERATION_MOVE_TO (19)
052, Adding, 8, UNIT_APOSTLE (8650820), UNITOPERATION_SWAP_UNITS (49)
052, Can't Start, 8, UNIT_APOSTLE (8650820), UNITOPERATION_SWAP_UNITS (49)
052, Adding, 8, UNIT_APOSTLE (8650820), UNITOPERATION_MOVE_TO (19)
052, Adding, 8, UNIT_APOSTLE (8650820), UNITOPERATION_MOVE_TO (19)
052, Adding, 8, UNIT_MISSIONARY (7471104), UNITOPERATION_MOVE_TO (19)
052, Adding, 8, UNIT_MISSIONARY (6094857), UNITOPERATION_MOVE_TO (19)
052, Adding, 8, UNIT_MISSIONARY (5177355), UNITOPERATION_MOVE_TO (19)
052, Adding, 8, UNIT_MISSIONARY (3866637), UNITOPERATION_MOVE_TO (19)
052, Adding, 8, UNIT_MISSIONARY (4259864), UNITOPERATION_MOVE_TO (19)
052, Adding, 8, UNIT_MISSIONARY (4849689), UNITOPERATION_MOVE_TO (19)
052, Adding, 8, UNIT_MISSIONARY (3670053), UNITOPERATION_MOVE_TO (19)
052, Adding, 8, UNIT_MISSIONARY (5701670), UNITOPERATION_MOVE_TO (19)
052, Adding, 8, UNIT_MISSIONARY (4063272), UNITOPERATION_MOVE_TO (19)
052, Adding, 8, UNIT_MISSIONARY (4784176), UNITOPERATION_MOVE_TO (19)
052, Adding, 8, UNIT_MISSIONARY (6488118), UNITOPERATION_MOVE_TO (19)
052, Adding, 8, UNIT_MISSIONARY (6684728), UNITOPERATION_MOVE_TO (19)
052, Adding, 8, UNIT_MISSIONARY (7733309), UNITOPERATION_MOVE_TO (19)
052, Adding, 8, UNIT_MISSIONARY (7929918), UNITOPERATION_MOVE_TO (19)
052, Adding, 8, UNIT_MISSIONARY (8323137), UNITOPERATION_MOVE_TO (19)
052, Adding, 8, UNIT_MISSIONARY (8519746), UNITOPERATION_MOVE_TO (19)
052, Adding, 8, UNIT_APOSTLE (8650820), UNITOPERATION_MOVE_TO (19)
052, Adding, 8, UNIT_SKIRMISHER (5505075), UNITOPERATION_MOVE_TO (19)
052, Adding, 8, UNIT_SKIRMISHER (5505075), UNITOPERATION_MOVE_TO (19)
052, Adding, 8, UNIT_SKIRMISHER (5505075), UNITOPERATION_MOVE_TO (19)
052, Adding, 8, UNIT_SKIRMISHER (5505075), UNITOPERATION_MOVE_TO (19)
052, Adding, 8, UNIT_SKIRMISHER (5505075), UNITOPERATION_MOVE_TO (19)
052, Adding, 8, UNIT_SKIRMISHER (5505075), UNITOPERATION_MOVE_TO (19)
052, Adding, 8, UNIT_SKIRMISHER (6553655), UNITOPERATION_MOVE_TO (19)
052, Adding, 8, UNIT_SKIRMISHER (6750265), UNITOPERATION_MOVE_TO (19)
052, Adding, 8, UNIT_SKIRMISHER (7012410), UNITOPERATION_MOVE_TO (19)
052, Adding, 8, UNIT_MILITARY_ENGINEER (8126482), UNITOPERATION_SKIP_TURN (36)
052, Adding, 8, UNIT_MILITARY_ENGINEER (8388644), UNITOPERATION_SKIP_TURN (36)
052, Adding, 8, UNIT_SKIRMISHER (6553655), UNITOPERATION_SKIP_TURN (36)
052, Adding, 8, UNIT_SKIRMISHER (6750265), UNITOPERATION_SKIP_TURN (36)
052, Adding, 8, UNIT_SKIRMISHER (7012410), UNITOPERATION_SKIP_TURN (36)
052, Can't Start, 8, UNIT_TRADER (1048588), UNITOPERATION_MAKE_TRADE_ROUTE (18)
052, Can't Start, 8, UNIT_MILITARY_ENGINEER (7995435), UNITOPERATION_BUILD_IMPROVEMENT (2)
052, Can't Start, 8, UNIT_BUILDER (9044021), UNITOPERATION_BUILD_IMPROVEMENT (2)
052, Adding, 9, UNIT_KNIGHT (8781880), UNITOPERATION_SWAP_UNITS (49)
052, Can't Start, 9, UNIT_KNIGHT (8781880), UNITOPERATION_SWAP_UNITS (49)
052, Adding, 9, UNIT_KNIGHT (8781880), UNITOPERATION_MOVE_TO (19)
052, Adding, 9, UNIT_CROSSBOWMAN (4587520), UNITOPERATION_MOVE_TO (19)
052, Adding, 9, UNIT_MUSKETMAN (9633826), UNITOPERATION_MOVE_TO (19)
052, Adding, 9, UNIT_MUSKETMAN (8847397), UNITOPERATION_SWAP_UNITS (49)
052, Can't Start, 9, UNIT_MUSKETMAN (8847397), UNITOPERATION_SWAP_UNITS (49)
052, Adding, 9, UNIT_MUSKETMAN (8847397), UNITOPERATION_MOVE_TO (19)
052, Adding, 9, UNIT_MUSKETMAN (8847397), UNITOPERATION_MOVE_TO (19)
052, Adding, 9, UNIT_CROSSBOWMAN (5242890), UNITOPERATION_MOVE_TO (19)
052, Adding, 9, UNIT_CROSSBOWMAN (6160431), UNITOPERATION_MOVE_TO (19)
052, Can't Start, 9, UNIT_CROSSBOWMAN (6160431), UNITOPERATION_MOVE_TO (19)
052, Adding, 9, UNIT_MAN_AT_ARMS (7602212), UNITOPERATION_MOVE_TO (19)
052, Adding, 9, UNIT_MUSKETMAN (9699356), UNITOPERATION_MOVE_TO (19)
052, Adding, 9, UNIT_MAN_AT_ARMS (7077893), UNITOPERATION_SWAP_UNITS (49)
052, Can't Start, 9, UNIT_MAN_AT_ARMS (7077893), UNITOPERATION_SWAP_UNITS (49)
052, Adding, 9, UNIT_MAN_AT_ARMS (7077893), UNITOPERATION_MOVE_TO (19)
052, Adding, 9, UNIT_MAN_AT_ARMS (6357042), UNITOPERATION_SWAP_UNITS (49)
052, Adding, 9, UNIT_MAN_AT_ARMS (6357042), UNITOPERATION_MOVE_TO (19)
052, Can't Start, 9, UNIT_MAN_AT_ARMS (6357042), UNITOPERATION_MOVE_TO (19)
052, Adding, 9, UNIT_MAN_AT_ARMS (6422579), UNITOPERATION_SWAP_UNITS (49)
052, Can't Start, 9, UNIT_MAN_AT_ARMS (6422579), UNITOPERATION_SWAP_UNITS (49)
052, Adding, 9, UNIT_MAN_AT_ARMS (6422579), UNITOPERATION_MOVE_TO (19)
052, Adding, 9, UNIT_MAN_AT_ARMS (6488116), UNITOPERATION_SWAP_UNITS (49)
052, Adding, 9, UNIT_MAN_AT_ARMS (6488116), UNITOPERATION_MOVE_TO (19)
052, Can't Start, 9, UNIT_MAN_AT_ARMS (6488116), UNITOPERATION_MOVE_TO (19)
052, Adding, 9, UNIT_MAN_AT_ARMS (6553653), UNITOPERATION_SWAP_UNITS (49)
052, Can't Start, 9, UNIT_MAN_AT_ARMS (6553653), UNITOPERATION_SWAP_UNITS (49)
052, Adding, 9, UNIT_MAN_AT_ARMS (6553653), UNITOPERATION_MOVE_TO (19)
052, Adding, 9, UNIT_MAN_AT_ARMS (6619190), UNITOPERATION_SWAP_UNITS (49)
052, Can't Start, 9, UNIT_MAN_AT_ARMS (6619190), UNITOPERATION_SWAP_UNITS (49)
052, Adding, 9, UNIT_MAN_AT_ARMS (6619190), UNITOPERATION_MOVE_TO (19)
052, Adding, 9, UNIT_MAN_AT_ARMS (7209015), UNITOPERATION_SWAP_UNITS (49)
052, Adding, 9, UNIT_MAN_AT_ARMS (7209015), UNITOPERATION_MOVE_TO (19)
052, Can't Start, 9, UNIT_MAN_AT_ARMS (7209015), UNITOPERATION_MOVE_TO (19)
052, Adding, 9, UNIT_BUILDER (5767191), UNITOPERATION_SWAP_UNITS (49)
052, Can't Start, 9, UNIT_BUILDER (5767191), UNITOPERATION_SWAP_UNITS (49)
052, Adding, 9, UNIT_BUILDER (5767191), UNITOPERATION_MOVE_TO (19)
052, Adding, 9, UNIT_MILITARY_ENGINEER (8585255), UNITOPERATION_SWAP_UNITS (49)
052, Can't Start, 9, UNIT_MILITARY_ENGINEER (8585255), UNITOPERATION_SWAP_UNITS (49)
052, Adding, 9, UNIT_MILITARY_ENGINEER (8585255), UNITOPERATION_MOVE_TO (19)
052, Adding, 9, UNIT_BUILDER (9764897), UNITOPERATION_SWAP_UNITS (49)
052, Can't Start, 9, UNIT_BUILDER (9764897), UNITOPERATION_SWAP_UNITS (49)
052, Adding, 9, UNIT_BUILDER (9764897), UNITOPERATION_MOVE_TO (19)
052, Adding, 9, UNIT_BUILDER (9764897), UNITOPERATION_REMOVE_IMPROVEMENT (30)
052, Adding, 9, UNIT_BUILDER (9764897), UNITOPERATION_BUILD_IMPROVEMENT (2)
052, Can't Start, 9, UNIT_BUILDER (9764897), UNITOPERATION_BUILD_IMPROVEMENT (2)
052, Adding, 9, UNIT_BUILDER (9437201), UNITOPERATION_SWAP_UNITS (49)
052, Can't Start, 9, UNIT_BUILDER (9437201), UNITOPERATION_SWAP_UNITS (49)
052, Adding, 9, UNIT_BUILDER (9437201), UNITOPERATION_MOVE_TO (19)
052, Adding, 9, UNIT_GREAT_GENERAL (9568258), UNITOPERATION_MOVE_TO (19)
052, Adding, 9, UNIT_MUSKETMAN (9043977), UNITOPERATION_MOVE_TO (19)
052, Adding, 9, UNIT_MUSKETMAN (9240588), UNITOPERATION_MOVE_TO (19)
052, Adding, 9, UNIT_MUSKETMAN (8978445), UNITOPERATION_MOVE_TO (19)
052, Adding, 9, UNIT_COURSER (8257551), UNITOPERATION_MOVE_TO (19)
052, Adding, 9, UNIT_KNIGHT (9830418), UNITOPERATION_MOVE_TO (19)
052, Adding, 9, UNIT_MUSKETMAN (8912916), UNITOPERATION_MOVE_TO (19)
052, Can't Start, 9, UNIT_MUSKETMAN (8912916), UNITOPERATION_MOVE_TO (19)
052, Adding, 9, UNIT_KNIGHT (8716315), UNITOPERATION_MOVE_TO (19)
052, Adding, 9, UNIT_COURSER (8454174), UNITOPERATION_MOVE_TO (19)
052, Adding, 9, UNIT_MUSKETMAN (9371693), UNITOPERATION_MOVE_TO (19)
052, Adding, 9, UNIT_KNIGHT (9306158), UNITOPERATION_MOVE_TO (19)
052, Adding, 9, UNIT_CROSSBOWMAN (7864328), UNITOPERATION_MOVE_TO (19)
052, Adding, 9, UNIT_CROSSBOWMAN (4521995), UNITOPERATION_MOVE_TO (19)
052, Adding, 9, UNIT_CROSSBOWMAN (6946840), UNITOPERATION_MOVE_TO (19)
052, Adding, 9, UNIT_CROSSBOWMAN (5701661), UNITOPERATION_MOVE_TO (19)
052, Adding, 9, UNIT_CROSSBOWMAN (6750246), UNITOPERATION_MOVE_TO (19)
052, Adding, 9, UNIT_CROSSBOWMAN (4653096), UNITOPERATION_MOVE_TO (19)
052, Adding, 9, UNIT_CROSSBOWMAN (4718633), UNITOPERATION_MOVE_TO (19)
052, Adding, 9, UNIT_CROSSBOWMAN (5308459), UNITOPERATION_MOVE_TO (19)
052, Adding, 9, UNIT_TREBUCHET (8323130), UNITOPERATION_MOVE_TO (19)
052, Adding, 9, UNIT_MISSIONARY (4390915), UNITOPERATION_MOVE_TO (19)
052, Adding, 9, UNIT_MISSIONARY (9502727), UNITOPERATION_MOVE_TO (19)
052, Adding, 9, UNIT_MISSIONARY (5570574), UNITOPERATION_MOVE_TO (19)
052, Adding, 9, UNIT_MISSIONARY (7798800), UNITOPERATION_MOVE_TO (19)
052, Adding, 9, UNIT_MISSIONARY (8192019), UNITOPERATION_MOVE_TO (19)
052, Adding, 9, UNIT_MISSIONARY (5177365), UNITOPERATION_MOVE_TO (19)
052, Adding, 9, UNIT_MISSIONARY (5439513), UNITOPERATION_MOVE_TO (19)
052, Adding, 9, UNIT_MISSIONARY (6881306), UNITOPERATION_MOVE_TO (19)
052, Adding, 9, UNIT_MISSIONARY (9175071), UNITOPERATION_MOVE_TO (19)
052, Adding, 9, UNIT_MISSIONARY (4915232), UNITOPERATION_MOVE_TO (19)
052, Adding, 9, UNIT_MISSIONARY (8650787), UNITOPERATION_MOVE_TO (19)
052, Adding, 9, UNIT_MISSIONARY (7274538), UNITOPERATION_MOVE_TO (19)
052, Adding, 9, UNIT_MISSIONARY (5832748), UNITOPERATION_MOVE_TO (19)
052, Adding, 9, UNIT_MISSIONARY (6225968), UNITOPERATION_MOVE_TO (19)
052, Adding, 9, UNIT_MISSIONARY (8519737), UNITOPERATION_MOVE_TO (19)
052, Adding, 9, UNIT_SKIRMISHER (5046276), UNITOPERATION_MOVE_TO (19)
052, Adding, 9, UNIT_SKIRMISHER (5046276), UNITOPERATION_MOVE_TO (19)
052, Adding, 9, UNIT_SKIRMISHER (5046276), UNITOPERATION_MOVE_TO (19)
052, Adding, 9, UNIT_SKIRMISHER (5046276), UNITOPERATION_MOVE_TO (19)
052, Adding, 9, UNIT_SKIRMISHER (5046276), UNITOPERATION_MOVE_TO (19)
052, Adding, 9, UNIT_SKIRMISHER (5046276), UNITOPERATION_MOVE_TO (19)
052, Adding, 9, UNIT_SKIRMISHER (5111830), UNITOPERATION_MOVE_TO (19)
052, Adding, 9, UNIT_SKIRMISHER (5111830), UNITOPERATION_SKIP_TURN (36)
052, Can't Start, 9, UNIT_BUILDER (9764897), UNITOPERATION_BUILD_IMPROVEMENT (2)
052, Can't Start, 9, UNIT_MAN_AT_ARMS (6488116), UNITOPERATION_MOVE_TO (19)
052, Can't Start, 9, UNIT_MAN_AT_ARMS (7209015), UNITOPERATION_MOVE_TO (19)
052, Adding, 10, UNIT_BUILDER (1048583), UNITOPERATION_SWAP_UNITS (49)
052, Can't Start, 10, UNIT_BUILDER (1048583), UNITOPERATION_SWAP_UNITS (49)
052, Adding, 10, UNIT_BUILDER (1048583), UNITOPERATION_MOVE_TO (19)
052, Adding, 10, UNIT_BUILDER (1048583), UNITOPERATION_BUILD_IMPROVEMENT (2)
052, Adding, 10, UNIT_CROSSBOWMAN (983040), UNITOPERATION_MOVE_TO (19)
052, Adding, 10, UNIT_SWORDSMAN (786433), UNITOPERATION_MOVE_TO (19)
052, Adding, 10, UNIT_SWORDSMAN (917506), UNITOPERATION_MOVE_TO (19)
052, Adding, 10, UNIT_SWORDSMAN (851971), UNITOPERATION_MOVE_TO (19)
052, Adding, 10, UNIT_CROSSBOWMAN (1179652), UNITOPERATION_MOVE_TO (19)
052, Adding, 10, UNIT_SWORDSMAN (720902), UNITOPERATION_MOVE_TO (19)
052, Adding, 10, UNIT_SWORDSMAN (1114120), UNITOPERATION_MOVE_TO (19)
052, Adding, 12, UNIT_CROSSBOWMAN (720898), UNITOPERATION_RANGE_ATTACK (26)
052, Adding, 12, UNIT_CROSSBOWMAN (720898), UNITOPERATION_MOVE_TO (19)
052, Adding, 12, UNIT_SWORDSMAN (458752), UNITOPERATION_MOVE_TO (19)
052, Adding, 12, UNIT_SWORDSMAN (655361), UNITOPERATION_MOVE_TO (19)
052, Adding, 12, UNIT_CROSSBOWMAN (786435), UNITOPERATION_MOVE_TO (19)
052, Adding, 13, UNIT_SWORDSMAN (655361), UNITOPERATION_MOVE_TO (19)
052, Adding, 13, UNIT_CATAPULT (720898), UNITOPERATION_MOVE_TO (19)
052, Adding, 13, UNIT_HEAVY_CHARIOT (524292), UNITOPERATION_MOVE_TO (19)
052, Adding, 13, UNIT_SWORDSMAN (589829), UNITOPERATION_MOVE_TO (19)
052, Adding, 13, UNIT_BUILDER (786432), UNITOPERATION_SKIP_TURN (36)
052, Adding, 14, UNIT_CROSSBOWMAN (786434), UNITOPERATION_RANGE_ATTACK (26)
052, Can't Start, 14, UNIT_CROSSBOWMAN (786434), UNITOPERATION_RANGE_ATTACK (26)
052, Adding, 14, UNIT_CROSSBOWMAN (786434), UNITOPERATION_MOVE_TO (19)
052, Adding, 14, UNIT_CATAPULT (458755), UNITOPERATION_MOVE_TO (19)
052, Adding, 14, UNIT_BUILDER (720896), UNITOPERATION_REMOVE_FEATURE (28)
052, Can't Start, 14, UNIT_BUILDER (720896), UNITOPERATION_REMOVE_FEATURE (28)
052, Adding, 15, UNIT_SWORDSMAN (983041), UNITOPERATION_MOVE_TO (19)
052, Adding, 15, UNIT_HORSEMAN (1179652), UNITOPERATION_MOVE_TO (19)
052, Adding, 15, UNIT_HORSEMAN (720902), UNITOPERATION_MOVE_TO (19)
052, Adding, 15, UNIT_SWORDSMAN (786439), UNITOPERATION_MOVE_TO (19)
052, Adding, 15, UNIT_SWORDSMAN (851976), UNITOPERATION_MOVE_TO (19)
052, Adding, 15, UNIT_SWORDSMAN (1048585), UNITOPERATION_MOVE_TO (19)
052, Adding, 15, UNIT_SWORDSMAN (1114122), UNITOPERATION_MOVE_TO (19)
052, Adding, 15, UNIT_BUILDER (917507), UNITOPERATION_SKIP_TURN (36)
052, Adding, 17, UNIT_SWORDSMAN (1048577), UNITOPERATION_SWAP_UNITS (49)
052, Can't Start, 17, UNIT_SWORDSMAN (1048577), UNITOPERATION_SWAP_UNITS (49)
052, Adding, 17, UNIT_SWORDSMAN (1048577), UNITOPERATION_MOVE_TO (19)
052, Adding, 17, UNIT_SWORDSMAN (1114114), UNITOPERATION_SWAP_UNITS (49)
052, Can't Start, 17, UNIT_SWORDSMAN (1114114), UNITOPERATION_SWAP_UNITS (49)
052, Adding, 17, UNIT_SWORDSMAN (1114114), UNITOPERATION_MOVE_TO (19)
052, Adding, 17, UNIT_SWORDSMAN (786439), UNITOPERATION_SWAP_UNITS (49)
052, Can't Start, 17, UNIT_SWORDSMAN (786439), UNITOPERATION_SWAP_UNITS (49)
052, Adding, 17, UNIT_SWORDSMAN (786439), UNITOPERATION_MOVE_TO (19)
052, Adding, 17, UNIT_CROSSBOWMAN (1179652), UNITOPERATION_SWAP_UNITS (49)
052, Can't Start, 17, UNIT_CROSSBOWMAN (1179652), UNITOPERATION_SWAP_UNITS (49)
052, Adding, 17, UNIT_CROSSBOWMAN (1179652), UNITOPERATION_MOVE_TO (19)
052, Adding, 17, UNIT_MAN_AT_ARMS (1310728), UNITOPERATION_MOVE_TO (19)
052, Adding, 20, UNIT_SWORDSMAN (720896), UNITOPERATION_MOVE_TO (19)
052, Adding, 20, UNIT_CROSSBOWMAN (983041), UNITOPERATION_MOVE_TO (19)
052, Adding, 20, UNIT_CROSSBOWMAN (851970), UNITOPERATION_MOVE_TO (19)
052, Adding, 20, UNIT_HEAVY_CHARIOT (458756), UNITOPERATION_MOVE_TO (19)
052, Adding, 20, UNIT_CROSSBOWMAN (1048582), UNITOPERATION_MOVE_TO (19)
052, Adding, 20, UNIT_SWORDSMAN (786439), UNITOPERATION_MOVE_TO (19)
052, Adding, 20, UNIT_BUILDER (917509), UNITOPERATION_SKIP_TURN (36)
052, Adding, 21, UNIT_CROSSBOWMAN (851970), UNITOPERATION_MOVE_TO (19)
052, Adding, 21, UNIT_SWORDSMAN (1179651), UNITOPERATION_MOVE_TO (19)
052, Adding, 21, UNIT_KNIGHT (1376260), UNITOPERATION_MOVE_TO (19)
052, Adding, 21, UNIT_SWORDSMAN (983045), UNITOPERATION_MOVE_TO (19)
052, Adding, 21, UNIT_CROSSBOWMAN (1114118), UNITOPERATION_MOVE_TO (19)
052, Adding, 21, UNIT_SWORDSMAN (786440), UNITOPERATION_MOVE_TO (19)
052, Adding, 21, UNIT_SWORDSMAN (917513), UNITOPERATION_MOVE_TO (19)
052, Adding, 21, UNIT_CROSSBOWMAN (1310730), UNITOPERATION_MOVE_TO (19)
052, Adding, 21, UNIT_TREBUCHET (1441803), UNITOPERATION_MOVE_TO (19)
052, Adding, 3, UNIT_TRADER (2818068), UNITOPERATION_MAKE_TRADE_ROUTE (18)
052, Adding, 4, UNIT_VAMPIRE (4128790), UNITOPERATION_MOVE_TO (19)
052, Adding, 3, UNIT_TRADER (2883606), UNITOPERATION_MAKE_TRADE_ROUTE (18)
052, Adding, 4, UNIT_VAMPIRE (4128790), UNITOPERATION_BUILD_ROUTE (3)
052, Adding, 1, UNIT_BUILDER (2293780), UNITOPERATION_MOVE_TO (19)
052, Adding, 3, UNIT_BUILDER (2424849), UNITOPERATION_MOVE_TO (19)
052, Adding, 4, UNIT_BUILDER (3211266), UNITOPERATION_MOVE_TO (19)
052, Adding, 1, UNIT_TRADER (3080213), UNITOPERATION_MAKE_TRADE_ROUTE (18)
052, Adding, 1, UNIT_BUILDER (2424843), UNITOPERATION_BUILD_IMPROVEMENT (2)
052, Adding, 4, UNIT_BUILDER (3211266), UNITOPERATION_MOVE_TO (19)
052, Adding, 0, UNIT_KNIGHT (1966095), UNITOPERATION_MOVE_TO (19)
052, Adding, 3, UNIT_BUILDER (2424849), UNITOPERATION_MOVE_TO (19)
052, Adding, 4, UNIT_CROSSBOWMAN (4653064), UNITOPERATION_MOVE_TO (19)
052, Adding, 0, UNIT_CROSSBOWMAN (2621450), UNITOPERATION_MOVE_TO (19)
052, Adding, 4, UNIT_CROSSBOWMAN (4653064), UNITOPERATION_SKIP_TURN (36)
052, Adding, 1, UNIT_BUILDER (2883596), UNITOPERATION_MOVE_TO (19)
052, Adding, 1, UNIT_BUILDER (2883596), UNITOPERATION_BUILD_IMPROVEMENT (2)
052, Adding, 0, UNIT_CROSSBOWMAN (2555904), UNITOPERATION_RANGE_ATTACK (26)
052, Adding, 1, UNIT_BUILDER (3014663), UNITOPERATION_MOVE_TO (19)
052, Adding, 0, UNIT_VAMPIRE (262146), UNITOPERATION_MOVE_TO (19)
052, Adding, 2, UNIT_SCOUT (196608), UNITOPERATION_MOVE_TO (19)
052, Adding, 3, UNIT_BUILDER (2031625), UNITOPERATION_BUILD_IMPROVEMENT (2)
052, Adding, 3, UNIT_BUILDER (2359307), UNITOPERATION_MOVE_TO (19)
052, Adding, 3, UNIT_BUILDER (2359307), UNITOPERATION_BUILD_IMPROVEMENT (2)
052, Adding, 0, UNIT_KNIGHT (2293777), UNITOPERATION_MOVE_TO (19)
052, Adding, 3, UNIT_BUILDER (2228230), UNITOPERATION_BUILD_IMPROVEMENT (2)
052, Adding, 2, UNIT_KNIGHT (1638407), UNITOPERATION_MOVE_TO (19)
052, Adding, 3, UNIT_BUILDER (2490386), UNITOPERATION_BUILD_IMPROVEMENT (2)
052, Adding, 4, UNIT_VAMPIRE (196608), UNITOPERATION_MOVE_TO (19)
052, Adding, 0, UNIT_GREAT_GENERAL (2359308), UNITOPERATION_MOVE_TO (19)
052, Adding, 2, UNIT_INDIAN_VARU (1507331), UNITOPERATION_MOVE_TO (19)
052, Adding, 2, UNIT_INDIAN_VARU (1507331), UNITOPERATION_MOVE_TO (19)
052, Adding, 4, UNIT_KNIGHT (4587543), UNITOPERATION_MOVE_TO (19)
052, Adding, 2, UNIT_INDIAN_VARU (1507331), UNITOPERATION_MOVE_TO (19)
052, Adding, 2, UNIT_INDIAN_VARU (1507331), UNITOPERATION_MOVE_TO (19)
052, Adding, 0, UNIT_KNIGHT (2949136), UNITOPERATION_MOVE_TO (19)
052, Adding, 1, UNIT_GREAT_ENGINEER (3211266), UNITOPERATION_MOVE_TO (19)
052, Adding, 0, UNIT_BUILDER (2686996), UNITOPERATION_BUILD_IMPROVEMENT (2)
052, Adding, 2, UNIT_KNIGHT (2228232), UNITOPERATION_MOVE_TO (19)
052, Adding, 2, UNIT_KNIGHT (2228232), UNITOPERATION_MOVE_TO (19)
052, Adding, 3, UNIT_BUILDER (2293774), UNITOPERATION_MOVE_TO (19)
052, Adding, 0, UNIT_SIEGE_TOWER (2752526), UNITOPERATION_MOVE_TO (19)
052, Adding, 2, UNIT_KNIGHT (2424848), UNITOPERATION_MOVE_TO (19)
052, Adding, 2, UNIT_KNIGHT (2555922), UNITOPERATION_MOVE_TO (19)
052, Adding, 0, UNIT_SIEGE_TOWER (2752526), UNITOPERATION_MOVE_TO (19)
052, Adding, 3, UNIT_BUILDER (2555923), UNITOPERATION_MOVE_TO (19)
052, Adding, 2, UNIT_BUILDER (2031617), UNITOPERATION_MOVE_TO (19)
052, Adding, 2, UNIT_KNIGHT (2359311), UNITOPERATION_MOVE_TO (19)
052, Adding, 1, UNIT_BUILDER (3014663), UNITOPERATION_BUILD_IMPROVEMENT (2)
052, Adding, 4, UNIT_CROSSBOWMAN (3604485), UNITOPERATION_RANGE_ATTACK (26)
052, Adding, 2, UNIT_KNIGHT (2490385), UNITOPERATION_MOVE_TO (19)
052, Adding, 4, UNIT_CROSSBOWMAN (3801100), UNITOPERATION_RANGE_ATTACK (26)
052, Adding, 2, UNIT_KNIGHT (2686996), UNITOPERATION_MOVE_TO (19)
052, Adding, 4, UNIT_CROSSBOWMAN (3473421), UNITOPERATION_RANGE_ATTACK (26)
052, Adding, 4, UNIT_CROSSBOWMAN (3538954), UNITOPERATION_RANGE_ATTACK (26)
052, Adding, 2, UNIT_KNIGHT (2621459), UNITOPERATION_MOVE_TO (19)
052, Adding, 4, UNIT_CROSSBOWMAN (3407886), UNITOPERATION_RANGE_ATTACK (26)
052, Adding, 2, UNIT_KNIGHT (2752533), UNITOPERATION_MOVE_TO (19)
052, Adding, 4, UNIT_SCOUT (393220), UNITOPERATION_MOVE_TO (19)
052, Adding, 4, UNIT_SCOUT (393220), UNITOPERATION_SKIP_TURN (36)
052, Adding, 2, UNIT_BUILDER (1900553), UNITOPERATION_MOVE_TO (19)
052, Adding, 2, UNIT_BUILDER (1900553), UNITOPERATION_BUILD_IMPROVEMENT (2)
052, Adding, 0, UNIT_GREAT_GENERAL (2359308), UNITOPERATION_SKIP_TURN (36)
052, Adding, 0, UNIT_GREAT_GENERAL (1310729), UNITOPERATION_SKIP_TURN (36)
052, Adding, 2, UNIT_MISSIONARY (2293774), UNITOPERATION_MOVE_TO (19)
052, Adding, 0, UNIT_CROSSBOWMAN (2621450), UNITOPERATION_RANGE_ATTACK (26)
052, Adding, 2, UNIT_BUILDER (2162699), UNITOPERATION_BUILD_IMPROVEMENT (2)
052, Adding, 0, UNIT_BUILDER (2424851), UNITOPERATION_BUILD_IMPROVEMENT (2)
052, Adding, 0, UNIT_BUILDER (2424851), UNITOPERATION_MOVE_TO (19)
052, Adding, 2, UNIT_BUILDER (1835018), UNITOPERATION_BUILD_IMPROVEMENT (2)
052, Adding, 1, UNIT_BUILDER (2359311), UNITOPERATION_BUILD_IMPROVEMENT (2)
052, Adding, 1, UNIT_BUILDER (2359311), UNITOPERATION_MOVE_TO (19)
052, Adding, 4, UNIT_BUILDER (3670034), UNITOPERATION_REMOVE_FEATURE (28)
052, Adding, 4, UNIT_BUILDER (4718595), UNITOPERATION_MOVE_TO (19)
052, Adding, 4, UNIT_BUILDER (4718595), UNITOPERATION_BUILD_IMPROVEMENT (2)
052, Adding, 1, UNIT_BUILDER (2949130), UNITOPERATION_BUILD_IMPROVEMENT (2)
052, Adding, 1, UNIT_BUILDER (2949130), UNITOPERATION_MOVE_TO (19)
052, Adding, 1, UNIT_BUILDER (2424843), UNITOPERATION_MOVE_TO (19)
052, Adding, 1, UNIT_BUILDER (3014663), UNITOPERATION_MOVE_TO (19)
052, Adding, 4, UNIT_CROSSBOWMAN (4521990), UNITOPERATION_MOVE_TO (19)
052, Adding, 1, UNIT_BABYLONIAN_SABUM_KIBITTUM (196608), UNITOPERATION_MOVE_TO (19)
052, Adding, 4, UNIT_CROSSBOWMAN (4521990), UNITOPERATION_SKIP_TURN (36)
052, Adding, 4, UNIT_GREAT_GENERAL (3276801), UNITOPERATION_SKIP_TURN (36)
052, Adding, 4, UNIT_BUILDER (3735567), UNITOPERATION_HARVEST_RESOURCE (16)
053, Adding, 5, UNIT_MAN_AT_ARMS (4194314), UNITOPERATION_SWAP_UNITS (49)
053, Can't Start, 5, UNIT_MAN_AT_ARMS (4194314), UNITOPERATION_SWAP_UNITS (49)
053, Adding, 5, UNIT_MAN_AT_ARMS (4194314), UNITOPERATION_MOVE_TO (19)
053, Adding, 5, UNIT_KNIGHT (5832756), UNITOPERATION_SWAP_UNITS (49)
053, Can't Start, 5, UNIT_KNIGHT (5832756), UNITOPERATION_SWAP_UNITS (49)
053, Adding, 5, UNIT_KNIGHT (5832756), UNITOPERATION_MOVE_TO (19)
053, Adding, 5, UNIT_KNIGHT (5046318), UNITOPERATION_SWAP_UNITS (49)
053, Can't Start, 5, UNIT_KNIGHT (5046318), UNITOPERATION_SWAP_UNITS (49)
053, Adding, 5, UNIT_KNIGHT (5046318), UNITOPERATION_MOVE_TO (19)
053, Adding, 5, UNIT_CROSSBOWMAN (3604482), UNITOPERATION_RANGE_ATTACK (26)
053, Adding, 5, UNIT_CROSSBOWMAN (3604482), UNITOPERATION_MOVE_TO (19)
053, Adding, 5, UNIT_MAN_AT_ARMS (4128805), UNITOPERATION_MOVE_TO (19)
053, Adding, 5, UNIT_KNIGHT (5832756), UNITOPERATION_MOVE_TO (19)
053, Adding, 5, UNIT_MUSKETMAN (5570575), UNITOPERATION_MOVE_TO (19)
053, Adding, 5, UNIT_MUSKETMAN (5505053), UNITOPERATION_MOVE_TO (19)
053, Adding, 5, UNIT_SKIRMISHER (3211278), UNITOPERATION_MOVE_TO (19)
053, Adding, 5, UNIT_VAMPIRE (5242906), UNITOPERATION_MOVE_TO (19)
053, Adding, 5, UNIT_SETTLER (3997731), UNITOPERATION_MOVE_TO (19)
053, Adding, 5, UNIT_MAN_AT_ARMS (4325415), UNITOPERATION_MOVE_TO (19)
053, Adding, 5, UNIT_CROSSBOWMAN (3801101), UNITOPERATION_MOVE_TO (19)
053, Adding, 5, UNIT_SCOUT (262147), UNITOPERATION_SWAP_UNITS (49)
053, Can't Start, 5, UNIT_SCOUT (262147), UNITOPERATION_SWAP_UNITS (49)
053, Adding, 5, UNIT_SCOUT (262147), UNITOPERATION_MOVE_TO (19)
053, Adding, 5, UNIT_MACEDONIAN_HETAIROI (1966104), UNITOPERATION_SWAP_UNITS (49)
053, Can't Start, 5, UNIT_MACEDONIAN_HETAIROI (1966104), UNITOPERATION_SWAP_UNITS (49)
053, Adding, 5, UNIT_MACEDONIAN_HETAIROI (1966104), UNITOPERATION_MOVE_TO (19)
053, Adding, 5, UNIT_MILITARY_ENGINEER (5963823), UNITOPERATION_SWAP_UNITS (49)
053, Can't Start, 5, UNIT_MILITARY_ENGINEER (5963823), UNITOPERATION_SWAP_UNITS (49)
053, Adding, 5, UNIT_MILITARY_ENGINEER (5963823), UNITOPERATION_MOVE_TO (19)
053, Adding, 5, UNIT_GREAT_ENGINEER (4980781), UNITOPERATION_SWAP_UNITS (49)
053, Can't Start, 5, UNIT_GREAT_ENGINEER (4980781), UNITOPERATION_SWAP_UNITS (49)
053, Adding, 5, UNIT_GREAT_ENGINEER (4980781), UNITOPERATION_MOVE_TO (19)
053, Adding, 5, UNIT_GREAT_SCIENTIST (3932176), UNITOPERATION_MOVE_TO (19)
053, Adding, 5, UNIT_MACEDONIAN_HETAIROI (2097163), UNITOPERATION_SWAP_UNITS (49)
053, Can't Start, 5, UNIT_MACEDONIAN_HETAIROI (2097163), UNITOPERATION_SWAP_UNITS (49)
053, Adding, 5, UNIT_MACEDONIAN_HETAIROI (2097163), UNITOPERATION_MOVE_TO (19)
053, Adding, 5, UNIT_SKIRMISHER (3145759), UNITOPERATION_MOVE_TO (19)
053, Adding, 5, UNIT_MUSKETMAN (5701636), UNITOPERATION_MOVE_TO (19)
053, Adding, 5, UNIT_VAMPIRE (655367), UNITOPERATION_MOVE_TO (19)
053, Adding, 5, UNIT_MUSKETMAN (6225928), UNITOPERATION_MOVE_TO (19)
053, Adding, 5, UNIT_MUSKETMAN (5636105), UNITOPERATION_MOVE_TO (19)
053, Adding, 5, UNIT_KNIGHT (6160396), UNITOPERATION_MOVE_TO (19)
053, Adding, 5, UNIT_CROSSBOWMAN (4849685), UNITOPERATION_MOVE_TO (19)
053, Adding, 5, UNIT_KNIGHT (6029339), UNITOPERATION_MOVE_TO (19)
053, Adding, 5, UNIT_CROSSBOWMAN (3735585), UNITOPERATION_MOVE_TO (19)
053, Adding, 5, UNIT_CROSSBOWMAN (4063268), UNITOPERATION_MOVE_TO (19)
053, Adding, 5, UNIT_MAN_AT_ARMS (4390952), UNITOPERATION_MOVE_TO (19)
053, Adding, 5, UNIT_KNIGHT (5439529), UNITOPERATION_MOVE_TO (19)
053, Adding, 5, UNIT_MAN_AT_ARMS (4718635), UNITOPERATION_MOVE_TO (19)
053, Adding, 5, UNIT_KNIGHT (5308465), UNITOPERATION_MOVE_TO (19)
053, Adding, 5, UNIT_COURSER (5767219), UNITOPERATION_MOVE_TO (19)
053, Adding, 5, UNIT_MUSKETMAN (6094902), UNITOPERATION_MOVE_TO (19)
053, Adding, 5, UNIT_MACEDONIAN_HETAIROI (1900567), UNITOPERATION_MOVE_TO (19)
053, Adding, 5, UNIT_MACEDONIAN_HETAIROI (2228249), UNITOPERATION_MOVE_TO (19)
053, Adding, 5, UNIT_MISSIONARY (3670035), UNITOPERATION_MOVE_TO (19)
053, Adding, 5, UNIT_MISSIONARY (4653098), UNITOPERATION_MOVE_TO (19)
053, Adding, 5, UNIT_MISSIONARY (5374002), UNITOPERATION_MOVE_TO (19)
053, Adding, 5, UNIT_MISSIONARY (2621441), UNITOPERATION_MOVE_TO (19)
053, Adding, 5, UNIT_MISSIONARY (3276806), UNITOPERATION_MOVE_TO (19)
053, Adding, 5, UNIT_MISSIONARY (2424850), UNITOPERATION_MOVE_TO (19)
053, Adding, 5, UNIT_MISSIONARY (3080222), UNITOPERATION_MOVE_TO (19)
053, Adding, 5, UNIT_MISSIONARY (4259878), UNITOPERATION_MOVE_TO (19)
053, Adding, 5, UNIT_MISSIONARY (5177392), UNITOPERATION_MOVE_TO (19)
053, Adding, 5, UNIT_MISSIONARY (5898293), UNITOPERATION_MOVE_TO (19)
053, Adding, 5, UNIT_BUILDER (1835030), UNITOPERATION_MOVE_TO (19)
053, Adding, 5, UNIT_BUILDER (1835030), UNITOPERATION_MOVE_TO (19)
053, Adding, 5, UNIT_BUILDER (1835030), UNITOPERATION_MOVE_TO (19)
053, Adding, 5, UNIT_BUILDER (1835030), UNITOPERATION_MOVE_TO (19)
053, Adding, 5, UNIT_BUILDER (3473440), UNITOPERATION_MOVE_TO (19)
053, Adding, 5, UNIT_BUILDER (2752540), UNITOPERATION_MOVE_TO (19)
053, Adding, 5, UNIT_SKIRMISHER (3407892), UNITOPERATION_MOVE_TO (19)
053, Adding, 5, UNIT_SKIRMISHER (3407892), UNITOPERATION_SKIP_TURN (36)
053, Adding, 5, UNIT_BUILDER (4915244), UNITOPERATION_SKIP_TURN (36)
053, Adding, 6, UNIT_SPY (7471133), UNITOPERATION_SPY_TRAVEL_NEW_CITY (48)
053, Adding, 6, UNIT_CATAPULT (2490396), UNITOPERATION_MOVE_TO (19)
053, Can't Start, 6, UNIT_CATAPULT (2490396), UNITOPERATION_MOVE_TO (19)
053, Adding, 6, UNIT_CROSSBOWMAN (5636142), UNITOPERATION_MOVE_TO (19)
053, Can't Start, 6, UNIT_CROSSBOWMAN (5636142), UNITOPERATION_MOVE_TO (19)
053, Adding, 6, UNIT_SETTLER (6029360), UNITOPERATION_MOVE_TO (19)
053, Adding, 6, UNIT_BUILDER (6160434), UNITOPERATION_HARVEST_RESOURCE (16)
053, Adding, 6, UNIT_BUILDER (6160434), UNITOPERATION_BUILD_IMPROVEMENT (2)
053, Can't Start, 6, UNIT_BUILDER (6160434), UNITOPERATION_BUILD_IMPROVEMENT (2)
053, Adding, 6, UNIT_BUILDER (6815778), UNITOPERATION_SWAP_UNITS (49)
053, Can't Start, 6, UNIT_BUILDER (6815778), UNITOPERATION_SWAP_UNITS (49)
053, Adding, 6, UNIT_BUILDER (6815778), UNITOPERATION_MOVE_TO (19)
053, Adding, 6, UNIT_BUILDER (6815778), UNITOPERATION_REMOVE_IMPROVEMENT (30)
053, Adding, 6, UNIT_BUILDER (6815778), UNITOPERATION_BUILD_IMPROVEMENT (2)
053, Can't Start, 6, UNIT_BUILDER (6815778), UNITOPERATION_BUILD_IMPROVEMENT (2)
053, Adding, 6, UNIT_BUILDER (6553652), UNITOPERATION_SWAP_UNITS (49)
053, Can't Start, 6, UNIT_BUILDER (6553652), UNITOPERATION_SWAP_UNITS (49)
053, Adding, 6, UNIT_BUILDER (6553652), UNITOPERATION_MOVE_TO (19)
053, Adding, 6, UNIT_BUILDER (6553652), UNITOPERATION_BUILD_IMPROVEMENT (2)
053, Adding, 6, UNIT_BUILDER (7602238), UNITOPERATION_SWAP_UNITS (49)
053, Can't Start, 6, UNIT_BUILDER (7602238), UNITOPERATION_SWAP_UNITS (49)
053, Adding, 6, UNIT_BUILDER (7602238), UNITOPERATION_MOVE_TO (19)
053, Adding, 6, UNIT_BUILDER (7536701), UNITOPERATION_SWAP_UNITS (49)
053, Can't Start, 6, UNIT_BUILDER (7536701), UNITOPERATION_SWAP_UNITS (49)
053, Adding, 6, UNIT_BUILDER (7536701), UNITOPERATION_MOVE_TO (19)
053, Adding, 6, UNIT_BUILDER (7536701), UNITOPERATION_BUILD_IMPROVEMENT (2)
053, Adding, 6, UNIT_BUILDER (7340081), UNITOPERATION_SWAP_UNITS (49)
053, Can't Start, 6, UNIT_BUILDER (7340081), UNITOPERATION_SWAP_UNITS (49)
053, Adding, 6, UNIT_BUILDER (7340081), UNITOPERATION_MOVE_TO (19)
053, Adding, 6, UNIT_BUILDER (7340081), UNITOPERATION_BUILD_IMPROVEMENT (2)
053, Adding, 6, UNIT_SKIRMISHER (4390927), UNITOPERATION_MOVE_TO (19)
053, Adding, 6, UNIT_CROSSBOWMAN (5832704), UNITOPERATION_MOVE_TO (19)
053, Can't Start, 6, UNIT_CROSSBOWMAN (5832704), UNITOPERATION_MOVE_TO (19)
053, Adding, 6, UNIT_CROSSBOWMAN (6422529), UNITOPERATION_MOVE_TO (19)
053, Adding, 6, UNIT_SWORDSMAN (4456450), UNITOPERATION_MOVE_TO (19)
053, Adding, 6, UNIT_SWORDSMAN (2818054), UNITOPERATION_MOVE_TO (19)
053, Can't Start, 6, UNIT_SWORDSMAN (2818054), UNITOPERATION_MOVE_TO (19)
053, Adding, 6, UNIT_CROSSBOWMAN (6488071), UNITOPERATION_MOVE_TO (19)
053, Adding, 6, UNIT_SWORDSMAN (2686985), UNITOPERATION_MOVE_TO (19)
053, Can't Start, 6, UNIT_SWORDSMAN (2686985), UNITOPERATION_MOVE_TO (19)
053, Adding, 6, UNIT_SWORDSMAN (4128779), UNITOPERATION_MOVE_TO (19)
053, Adding, 6, UNIT_SWORDSMAN (4587534), UNITOPERATION_MOVE_TO (19)
053, Can't Start, 6, UNIT_SWORDSMAN (4587534), UNITOPERATION_MOVE_TO (19)
053, Adding, 6, UNIT_CROSSBOWMAN (5505040), UNITOPERATION_MOVE_TO (19)
053, Adding, 6, UNIT_SWORDSMAN (4718610), UNITOPERATION_MOVE_TO (19)
053, Adding, 6, UNIT_CROSSBOWMAN (4915220), UNITOPERATION_MOVE_TO (19)
053, Adding, 6, UNIT_CROSSBOWMAN (4784149), UNITOPERATION_MOVE_TO (19)
053, Can't Start, 6, UNIT_CROSSBOWMAN (4784149), UNITOPERATION_MOVE_TO (19)
053, Adding, 6, UNIT_CROSSBOWMAN (6881304), UNITOPERATION_MOVE_TO (19)
053, Adding, 6, UNIT_SWORDSMAN (2752542), UNITOPERATION_MOVE_TO (19)
053, Adding, 6, UNIT_SWORDSMAN (3145761), UNITOPERATION_MOVE_TO (19)
053, Adding, 6, UNIT_CROSSBOWMAN (5177382), UNITOPERATION_MOVE_TO (19)
053, Can't Start, 6, UNIT_CROSSBOWMAN (5177382), UNITOPERATION_MOVE_TO (19)
053, Adding, 6, UNIT_SWORDSMAN (3866664), UNITOPERATION_MOVE_TO (19)
053, Adding, 6, UNIT_SWORDSMAN (3932201), UNITOPERATION_MOVE_TO (19)
053, Adding, 6, UNIT_SWORDSMAN (5373996), UNITOPERATION_MOVE_TO (19)
053, Adding, 6, UNIT_CROSSBOWMAN (6291503), UNITOPERATION_MOVE_TO (19)
053, Adding, 6, UNIT_CATAPULT (2621457), UNITOPERATION_MOVE_TO (19)
053, Adding, 6, UNIT_HEAVY_CHARIOT (2359322), UNITOPERATION_MOVE_TO (19)
053, Adding, 6, UNIT_CROSSBOWMAN (7143482), UNITOPERATION_MOVE_TO (19)
053, Adding, 6, UNIT_APOSTLE (5308435), UNITOPERATION_MOVE_TO (19)
053, Adding, 6, UNIT_APOSTLE (5308435), UNITOPERATION_MOVE_TO (19)
053, Can't Start, 6, UNIT_APOSTLE (5308435), UNITOPERATION_MOVE_TO (19)
053, Adding, 6, UNIT_APOSTLE (5898262), UNITOPERATION_MOVE_TO (19)
053, Adding, 6, UNIT_APOSTLE (5701667), UNITOPERATION_MOVE_TO (19)
053, Adding, 6, UNIT_APOSTLE (5111851), UNITOPERATION_MOVE_TO (19)
053, Adding, 6, UNIT_APOSTLE (6225971), UNITOPERATION_MOVE_TO (19)
053, Adding, 6, UNIT_APOSTLE (6619189), UNITOPERATION_MOVE_TO (19)
053, Adding, 6, UNIT_APOSTLE (6357004), UNITOPERATION_MOVE_TO (19)
053, Adding, 6, UNIT_TAOIST (7077891), UNITOPERATION_MOVE_TO (19)
053, Adding, 6, UNIT_MISSIONARY (3735557), UNITOPERATION_MOVE_TO (19)
053, Adding, 6, UNIT_MISSIONARY (3735557), UNITOPERATION_SPREAD_RELIGION (38)
053, Adding, 6, UNIT_TAOIST (786440), UNITOPERATION_MOVE_TO (19)
053, Adding, 6, UNIT_MISSIONARY (2162711), UNITOPERATION_SPREAD_RELIGION (38)
053, Adding, 6, UNIT_MISSIONARY (2293785), UNITOPERATION_MOVE_TO (19)
053, Adding, 6, UNIT_MISSIONARY (2293785), UNITOPERATION_SPREAD_RELIGION (38)
053, Can't Start, 6, UNIT_MISSIONARY (2293785), UNITOPERATION_SPREAD_RELIGION (38)
053, Adding, 6, UNIT_MISSIONARY (2424859), UNITOPERATION_MOVE_TO (19)
053, Adding, 6, UNIT_MISSIONARY (3342372), UNITOPERATION_SPREAD_RELIGION (38)
053, Adding, 6, UNIT_APOSTLE (5570605), UNITOPERATION_MOVE_TO (19)
053, Adding, 6, UNIT_TAOIST (6684726), UNITOPERATION_MOVE_TO (19)
053, Adding, 6, UNIT_APOSTLE (6750263), UNITOPERATION_MOVE_TO (19)
053, Adding, 6, UNIT_APOSTLE (6946872), UNITOPERATION_MOVE_TO (19)
053, Adding, 6, UNIT_APOSTLE (7209019), UNITOPERATION_MOVE_TO (19)
053, Adding, 6, UNIT_SKIRMISHER (3473440), UNITOPERATION_MOVE_TO (19)
053, Adding, 6, UNIT_SKIRMISHER (3473440), UNITOPERATION_MOVE_TO (19)
053, Adding, 6, UNIT_SKIRMISHER (3473440), UNITOPERATION_MOVE_TO (19)
053, Adding, 6, UNIT_SKIRMISHER (3801127), UNITOPERATION_MOVE_TO (19)
053, Adding, 6, UNIT_SKIRMISHER (3801127), UNITOPERATION_MOVE_TO (19)
053, Adding, 6, UNIT_SKIRMISHER (3997738), UNITOPERATION_MOVE_TO (19)
053, Adding, 6, UNIT_SKIRMISHER (4194308), UNITOPERATION_MOVE_TO (19)
053, Adding, 6, UNIT_SKIRMISHER (4063245), UNITOPERATION_MOVE_TO (19)
053, Adding, 6, UNIT_SKIRMISHER (3407909), UNITOPERATION_MOVE_TO (19)
053, Adding, 6, UNIT_SKIRMISHER (7012409), UNITOPERATION_MOVE_TO (19)
053, Adding, 6, UNIT_SKIRMISHER (4194308), UNITOPERATION_SKIP_TURN (36)
053, Adding, 6, UNIT_SKIRMISHER (4063245), UNITOPERATION_SKIP_TURN (36)
053, Adding, 6, UNIT_SKIRMISHER (3407909), UNITOPERATION_SKIP_TURN (36)
053, Adding, 6, UNIT_SKIRMISHER (7012409), UNITOPERATION_SKIP_TURN (36)
053, Can't Start, 6, UNIT_APOSTLE (5308435), UNITOPERATION_MOVE_TO (19)
053, Can't Start, 6, UNIT_BUILDER (6815778), UNITOPERATION_BUILD_IMPROVEMENT (2)
053, Can't Start, 6, UNIT_BUILDER (6160434), UNITOPERATION_BUILD_IMPROVEMENT (2)
053, Adding, 7, UNIT_KNIGHT (6815769), UNITOPERATION_MOVE_TO (19)
053, Can't Start, 7, UNIT_KNIGHT (6815769), UNITOPERATION_MOVE_TO (19)
053, Adding, 7, UNIT_SCOUT (589826), UNITOPERATION_SWAP_UNITS (49)
053, Can't Start, 7, UNIT_SCOUT (589826), UNITOPERATION_SWAP_UNITS (49)
053, Adding, 7, UNIT_SCOUT (589826), UNITOPERATION_MOVE_TO (19)
053, Adding, 7, UNIT_SCOUT (393220), UNITOPERATION_SWAP_UNITS (49)
053, Can't Start, 7, UNIT_SCOUT (393220), UNITOPERATION_SWAP_UNITS (49)
053, Adding, 7, UNIT_SCOUT (393220), UNITOPERATION_MOVE_TO (19)
053, Adding, 7, UNIT_SWORDSMAN (3080201), UNITOPERATION_SWAP_UNITS (49)
053, Can't Start, 7, UNIT_SWORDSMAN (3080201), UNITOPERATION_SWAP_UNITS (49)
053, Adding, 7, UNIT_SWORDSMAN (3080201), UNITOPERATION_MOVE_TO (19)
053, Adding, 7, UNIT_SWORDSMAN (3014666), UNITOPERATION_SWAP_UNITS (49)
053, Can't Start, 7, UNIT_SWORDSMAN (3014666), UNITOPERATION_SWAP_UNITS (49)
053, Adding, 7, UNIT_SWORDSMAN (3014666), UNITOPERATION_MOVE_TO (19)
053, Adding, 7, UNIT_WARRIOR (1048588), UNITOPERATION_SWAP_UNITS (49)
053, Can't Start, 7, UNIT_WARRIOR (1048588), UNITOPERATION_SWAP_UNITS (49)
053, Adding, 7, UNIT_WARRIOR (1048588), UNITOPERATION_MOVE_TO (19)
053, Adding, 7, UNIT_SWORDSMAN (3211279), UNITOPERATION_SWAP_UNITS (49)
053, Can't Start, 7, UNIT_SWORDSMAN (3211279), UNITOPERATION_SWAP_UNITS (49)
053, Adding, 7, UNIT_SWORDSMAN (3211279), UNITOPERATION_MOVE_TO (19)
053, Adding, 7, UNIT_SWORDSMAN (3801104), UNITOPERATION_SWAP_UNITS (49)
053, Can't Start, 7, UNIT_SWORDSMAN (3801104), UNITOPERATION_SWAP_UNITS (49)
053, Adding, 7, UNIT_SWORDSMAN (3801104), UNITOPERATION_MOVE_TO (19)
053, Adding, 7, UNIT_WARRIOR (1835031), UNITOPERATION_SWAP_UNITS (49)
053, Can't Start, 7, UNIT_WARRIOR (1835031), UNITOPERATION_SWAP_UNITS (49)
053, Adding, 7, UNIT_WARRIOR (1835031), UNITOPERATION_MOVE_TO (19)
053, Adding, 7, UNIT_WARRIOR (1900568), UNITOPERATION_SWAP_UNITS (49)
053, Can't Start, 7, UNIT_WARRIOR (1900568), UNITOPERATION_SWAP_UNITS (49)
053, Adding, 7, UNIT_WARRIOR (1900568), UNITOPERATION_MOVE_TO (19)
053, Adding, 7, UNIT_SWORDSMAN (2490398), UNITOPERATION_SWAP_UNITS (49)
053, Can't Start, 7, UNIT_SWORDSMAN (2490398), UNITOPERATION_SWAP_UNITS (49)
053, Adding, 7, UNIT_SWORDSMAN (2490398), UNITOPERATION_MOVE_TO (19)
053, Adding, 7, UNIT_SWORDSMAN (2621472), UNITOPERATION_SWAP_UNITS (49)
053, Can't Start, 7, UNIT_SWORDSMAN (2621472), UNITOPERATION_SWAP_UNITS (49)
053, Adding, 7, UNIT_SWORDSMAN (2621472), UNITOPERATION_MOVE_TO (19)
053, Adding, 7, UNIT_SWORDSMAN (2687009), UNITOPERATION_SWAP_UNITS (49)
053, Can't Start, 7, UNIT_SWORDSMAN (2687009), UNITOPERATION_SWAP_UNITS (49)
053, Adding, 7, UNIT_SWORDSMAN (2687009), UNITOPERATION_MOVE_TO (19)
053, Adding, 7, UNIT_SWORDSMAN (3473444), UNITOPERATION_SWAP_UNITS (49)
053, Can't Start, 7, UNIT_SWORDSMAN (3473444), UNITOPERATION_SWAP_UNITS (49)
053, Adding, 7, UNIT_SWORDSMAN (3473444), UNITOPERATION_MOVE_TO (19)
053, Adding, 7, UNIT_CATAPULT (4456488), UNITOPERATION_SWAP_UNITS (49)
053, Can't Start, 7, UNIT_CATAPULT (4456488), UNITOPERATION_SWAP_UNITS (49)
053, Adding, 7, UNIT_CATAPULT (4456488), UNITOPERATION_MOVE_TO (19)
053, Adding, 7, UNIT_MAN_AT_ARMS (5701651), UNITOPERATION_MOVE_TO (19)
053, Adding, 7, UNIT_SKIRMISHER (3866661), UNITOPERATION_MOVE_TO (19)
053, Adding, 7, UNIT_MAN_AT_ARMS (5505038), UNITOPERATION_MOVE_TO (19)
053, Adding, 7, UNIT_MAN_AT_ARMS (5439515), UNITOPERATION_MOVE_TO (19)
053, Adding, 7, UNIT_MAN_AT_ARMS (5767175), UNITOPERATION_MOVE_TO (19)
053, Adding, 7, UNIT_CROSSBOWMAN (5308455), UNITOPERATION_MOVE_TO (19)
053, Adding, 7, UNIT_TREBUCHET (6225966), UNITOPERATION_MOVE_TO (19)
053, Adding, 7, UNIT_MAN_AT_ARMS (5505038), UNITOPERATION_MOVE_TO (19)
053, Adding, 7, UNIT_BUILDER (6553650), UNITOPERATION_SWAP_UNITS (49)
053, Can't Start, 7, UNIT_BUILDER (6553650), UNITOPERATION_SWAP_UNITS (49)
053, Adding, 7, UNIT_BUILDER (6553650), UNITOPERATION_MOVE_TO (19)
053, Adding, 7, UNIT_BUILDER (6553650), UNITOPERATION_BUILD_IMPROVEMENT (2)
053, Adding, 7, UNIT_BUILDER (4718636), UNITOPERATION_BUILD_IMPROVEMENT (2)
053, Adding, 7, UNIT_BUILDER (5898248), UNITOPERATION_SWAP_UNITS (49)
053, Can't Start, 7, UNIT_BUILDER (5898248), UNITOPERATION_SWAP_UNITS (49)
053, Adding, 7, UNIT_BUILDER (5898248), UNITOPERATION_MOVE_TO (19)
053, Adding, 7, UNIT_BUILDER (5898248), UNITOPERATION_BUILD_IMPROVEMENT (2)
053, Adding, 7, UNIT_GREAT_WRITER (5046306), UNITOPERATION_MOVE_TO (19)
053, Adding, 7, UNIT_GREAT_WRITER (6357040), UNITOPERATION_MOVE_TO (19)
053, Adding, 7, UNIT_SKIRMISHER (4522025), UNITOPERATION_MOVE_TO (19)
053, Adding, 7, UNIT_KNIGHT (6684710), UNITOPERATION_MOVE_TO (19)
053, Adding, 7, UNIT_MAN_AT_ARMS (5242925), UNITOPERATION_MOVE_TO (19)
053, Can't Start, 7, UNIT_MAN_AT_ARMS (5242925), UNITOPERATION_MOVE_TO (19)
053, Adding, 7, UNIT_SKIRMISHER (3735570), UNITOPERATION_MOVE_TO (19)
053, Adding, 7, UNIT_SKIRMISHER (3735570), UNITOPERATION_MOVE_TO (19)
053, Adding, 7, UNIT_SKIRMISHER (3735570), UNITOPERATION_MOVE_TO (19)
053, Adding, 7, UNIT_SKIRMISHER (3538973), UNITOPERATION_MOVE_TO (19)
053, Adding, 7, UNIT_SKIRMISHER (3538973), UNITOPERATION_MOVE_TO (19)
053, Adding, 7, UNIT_SKIRMISHER (3538973), UNITOPERATION_MOVE_TO (19)
053, Adding, 7, UNIT_TAOIST (851968), UNITOPERATION_MOVE_TO (19)
053, Adding, 7, UNIT_SKIRMISHER (6029329), UNITOPERATION_MOVE_TO (19)
053, Adding, 7, UNIT_SKIRMISHER (3670036), UNITOPERATION_MOVE_TO (19)
053, Adding, 7, UNIT_SKIRMISHER (3932181), UNITOPERATION_MOVE_TO (19)
053, Adding, 7, UNIT_SKIRMISHER (4849692), UNITOPERATION_MOVE_TO (19)
053, Adding, 7, UNIT_SKIRMISHER (3407907), UNITOPERATION_MOVE_TO (19)
053, Adding, 7, UNIT_SKIRMISHER (4587562), UNITOPERATION_MOVE_TO (19)
053, Adding, 7, UNIT_BUILDER (6094849), UNITOPERATION_SKIP_TURN (36)
053, Adding, 7, UNIT_SKIRMISHER (6029329), UNITOPERATION_SKIP_TURN (36)
053, Adding, 7, UNIT_SKIRMISHER (3670036), UNITOPERATION_SKIP_TURN (36)
053, Adding, 7, UNIT_SKIRMISHER (3932181), UNITOPERATION_SKIP_TURN (36)
053, Adding, 7, UNIT_SKIRMISHER (4849692), UNITOPERATION_SKIP_TURN (36)
053, Adding, 7, UNIT_SKIRMISHER (3407907), UNITOPERATION_SKIP_TURN (36)
053, Adding, 7, UNIT_SKIRMISHER (4587562), UNITOPERATION_SKIP_TURN (36)
053, Adding, 7, UNIT_BUILDER (6291503), UNITOPERATION_SKIP_TURN (36)
053, Adding, 7, UNIT_BUILDER (6488113), UNITOPERATION_SKIP_TURN (36)
053, Adding, 7, UNIT_BUILDER (6619187), UNITOPERATION_SKIP_TURN (36)
053, Adding, 8, UNIT_TRADER (1048588), UNITOPERATION_MAKE_TRADE_ROUTE (18)
053, Can't Start, 8, UNIT_TRADER (1048588), UNITOPERATION_MAKE_TRADE_ROUTE (18)
053, Adding, 8, UNIT_MUSKETMAN (8978505), UNITOPERATION_MOVE_TO (19)
053, Adding, 8, UNIT_SETTLER (9699343), UNITOPERATION_MOVE_TO (19)
053, Adding, 8, UNIT_MUSKETMAN (8978505), UNITOPERATION_MOVE_TO (19)
053, Adding, 8, UNIT_SWORDSMAN (4653103), UNITOPERATION_SWAP_UNITS (49)
053, Can't Start, 8, UNIT_SWORDSMAN (4653103), UNITOPERATION_SWAP_UNITS (49)
053, Adding, 8, UNIT_SWORDSMAN (4653103), UNITOPERATION_MOVE_TO (19)
053, Adding, 8, UNIT_TREBUCHET (7274555), UNITOPERATION_SWAP_UNITS (49)
053, Can't Start, 8, UNIT_TREBUCHET (7274555), UNITOPERATION_SWAP_UNITS (49)
053, Adding, 8, UNIT_TREBUCHET (7274555), UNITOPERATION_MOVE_TO (19)
053, Adding, 8, UNIT_BUILDER (9044021), UNITOPERATION_SWAP_UNITS (49)
053, Can't Start, 8, UNIT_BUILDER (9044021), UNITOPERATION_SWAP_UNITS (49)
053, Adding, 8, UNIT_BUILDER (9044021), UNITOPERATION_MOVE_TO (19)
053, Adding, 8, UNIT_BUILDER (9044021), UNITOPERATION_BUILD_IMPROVEMENT (2)
053, Adding, 8, UNIT_BUILDER (9568264), UNITOPERATION_SWAP_UNITS (49)
053, Can't Start, 8, UNIT_BUILDER (9568264), UNITOPERATION_SWAP_UNITS (49)
053, Adding, 8, UNIT_BUILDER (9568264), UNITOPERATION_MOVE_TO (19)
053, Adding, 8, UNIT_BUILDER (8716357), UNITOPERATION_SWAP_UNITS (49)
053, Can't Start, 8, UNIT_BUILDER (8716357), UNITOPERATION_SWAP_UNITS (49)
053, Adding, 8, UNIT_BUILDER (8716357), UNITOPERATION_MOVE_TO (19)
053, Adding, 8, UNIT_MILITARY_ENGINEER (9240643), UNITOPERATION_SWAP_UNITS (49)
053, Can't Start, 8, UNIT_MILITARY_ENGINEER (9240643), UNITOPERATION_SWAP_UNITS (49)
053, Adding, 8, UNIT_MILITARY_ENGINEER (9240643), UNITOPERATION_MOVE_TO (19)
053, Adding, 8, UNIT_SKIRMISHER (5242890), UNITOPERATION_MOVE_TO (19)
053, Adding, 8, UNIT_SKIRMISHER (4128809), UNITOPERATION_MOVE_TO (19)
053, Adding, 8, UNIT_MUSKETMAN (9175090), UNITOPERATION_FORTIFY (12)
053, Adding, 8, UNIT_MUSKETMAN (9109556), UNITOPERATION_FORTIFY (12)
053, Adding, 8, UNIT_MUSKETMAN (8847431), UNITOPERATION_FORTIFY (12)
053, Can't Start, 8, UNIT_MUSKETMAN (8847431), UNITOPERATION_FORTIFY (12)
053, Adding, 8, UNIT_SKIRMISHER (4522029), UNITOPERATION_RANGE_ATTACK (26)
053, Adding, 8, UNIT_SKIRMISHER (4522029), UNITOPERATION_MOVE_TO (19)
053, Adding, 8, UNIT_VIETNAMESE_VOI_CHIEN (7208961), UNITOPERATION_MOVE_TO (19)
053, Adding, 8, UNIT_VIETNAMESE_VOI_CHIEN (5439490), UNITOPERATION_MOVE_TO (19)
053, Adding, 8, UNIT_VIETNAMESE_VOI_CHIEN (7864324), UNITOPERATION_MOVE_TO (19)
053, Adding, 8, UNIT_VIETNAMESE_VOI_CHIEN (7405574), UNITOPERATION_MOVE_TO (19)
053, Adding, 8, UNIT_HORSEMAN (3997710), UNITOPERATION_MOVE_TO (19)
053, Adding, 8, UNIT_HORSEMAN (2752528), UNITOPERATION_MOVE_TO (19)
053, Adding, 8, UNIT_KNIGHT (8454163), UNITOPERATION_MOVE_TO (19)
053, Adding, 8, UNIT_VIETNAMESE_VOI_CHIEN (5767195), UNITOPERATION_MOVE_TO (19)
053, Adding, 8, UNIT_MUSKETMAN (9633822), UNITOPERATION_MOVE_TO (19)
053, Adding, 8, UNIT_MUSKETMAN (9437219), UNITOPERATION_MOVE_TO (19)
053, Adding, 8, UNIT_HORSEMAN (4587566), UNITOPERATION_MOVE_TO (19)
053, Adding, 8, UNIT_MUSKETMAN (9306161), UNITOPERATION_MOVE_TO (19)
053, Adding, 8, UNIT_KNIGHT (8257600), UNITOPERATION_MOVE_TO (19)
053, Adding, 8, UNIT_MUSKETMAN (8781894), UNITOPERATION_MOVE_TO (19)
053, Can't Start, 8, UNIT_MUSKETMAN (8781894), UNITOPERATION_MOVE_TO (19)
053, Adding, 8, UNIT_MUSKETMAN (8912968), UNITOPERATION_MOVE_TO (19)
053, Adding, 8, UNIT_VIETNAMESE_VOI_CHIEN (5832707), UNITOPERATION_MOVE_TO (19)
053, Adding, 8, UNIT_VIETNAMESE_VOI_CHIEN (7143429), UNITOPERATION_MOVE_TO (19)
053, Adding, 8, UNIT_VIETNAMESE_VOI_CHIEN (6946823), UNITOPERATION_MOVE_TO (19)
053, Adding, 8, UNIT_VIETNAMESE_VOI_CHIEN (5111825), UNITOPERATION_MOVE_TO (19)
053, Adding, 8, UNIT_VIETNAMESE_VOI_CHIEN (5373972), UNITOPERATION_MOVE_TO (19)
053, Adding, 8, UNIT_VIETNAMESE_VOI_CHIEN (6357013), UNITOPERATION_MOVE_TO (19)
053, Adding, 8, UNIT_VIETNAMESE_VOI_CHIEN (7340054), UNITOPERATION_MOVE_TO (19)
053, Adding, 8, UNIT_VIETNAMESE_VOI_CHIEN (6029335), UNITOPERATION_MOVE_TO (19)
053, Adding, 8, UNIT_VIETNAMESE_VOI_CHIEN (7667738), UNITOPERATION_MOVE_TO (19)
053, Adding, 8, UNIT_VIETNAMESE_VOI_CHIEN (5046300), UNITOPERATION_MOVE_TO (19)
053, Adding, 8, UNIT_VIETNAMESE_VOI_CHIEN (7602205), UNITOPERATION_MOVE_TO (19)
053, Adding, 8, UNIT_VIETNAMESE_VOI_CHIEN (8060959), UNITOPERATION_MOVE_TO (19)
053, Adding, 8, UNIT_VIETNAMESE_VOI_CHIEN (7798816), UNITOPERATION_MOVE_TO (19)
053, Adding, 8, UNIT_VIETNAMESE_VOI_CHIEN (6881313), UNITOPERATION_MOVE_TO (19)
053, Adding, 8, UNIT_VIETNAMESE_VOI_CHIEN (7077922), UNITOPERATION_MOVE_TO (19)
053, Adding, 8, UNIT_VIETNAMESE_VOI_CHIEN (5308458), UNITOPERATION_MOVE_TO (19)
053, Adding, 8, UNIT_VIETNAMESE_VOI_CHIEN (5570604), UNITOPERATION_MOVE_TO (19)
053, Adding, 8, UNIT_VIETNAMESE_VOI_CHIEN (8192063), UNITOPERATION_MOVE_TO (19)
053, Adding, 8, UNIT_APOSTLE (8650820), UNITOPERATION_SWAP_UNITS (49)
053, Can't Start, 8, UNIT_APOSTLE (8650820), UNITOPERATION_SWAP_UNITS (49)
053, Adding, 8, UNIT_APOSTLE (8650820), UNITOPERATION_MOVE_TO (19)
053, Adding, 8, UNIT_MISSIONARY (7471104), UNITOPERATION_MOVE_TO (19)
053, Adding, 8, UNIT_MISSIONARY (6094857), UNITOPERATION_MOVE_TO (19)
053, Adding, 8, UNIT_MISSIONARY (5177355), UNITOPERATION_MOVE_TO (19)
053, Adding, 8, UNIT_MISSIONARY (3866637), UNITOPERATION_MOVE_TO (19)
053, Adding, 8, UNIT_MISSIONARY (4259864), UNITOPERATION_MOVE_TO (19)
053, Adding, 8, UNIT_MISSIONARY (4849689), UNITOPERATION_MOVE_TO (19)
053, Adding, 8, UNIT_MISSIONARY (3670053), UNITOPERATION_MOVE_TO (19)
053, Adding, 8, UNIT_MISSIONARY (5701670), UNITOPERATION_MOVE_TO (19)
053, Adding, 8, UNIT_MISSIONARY (4063272), UNITOPERATION_MOVE_TO (19)
053, Adding, 8, UNIT_MISSIONARY (4784176), UNITOPERATION_MOVE_TO (19)
053, Adding, 8, UNIT_MISSIONARY (6488118), UNITOPERATION_MOVE_TO (19)
053, Adding, 8, UNIT_MISSIONARY (6684728), UNITOPERATION_MOVE_TO (19)
053, Adding, 8, UNIT_MISSIONARY (7733309), UNITOPERATION_MOVE_TO (19)
053, Adding, 8, UNIT_MISSIONARY (7929918), UNITOPERATION_MOVE_TO (19)
053, Adding, 8, UNIT_MISSIONARY (8323137), UNITOPERATION_MOVE_TO (19)
053, Adding, 8, UNIT_MISSIONARY (8519746), UNITOPERATION_MOVE_TO (19)
053, Adding, 8, UNIT_APOSTLE (8650820), UNITOPERATION_MOVE_TO (19)
053, Adding, 8, UNIT_SKIRMISHER (5505075), UNITOPERATION_MOVE_TO (19)
053, Adding, 8, UNIT_SKIRMISHER (5505075), UNITOPERATION_MOVE_TO (19)
053, Adding, 8, UNIT_SKIRMISHER (5505075), UNITOPERATION_MOVE_TO (19)
053, Adding, 8, UNIT_SKIRMISHER (5505075), UNITOPERATION_MOVE_TO (19)
053, Adding, 8, UNIT_SKIRMISHER (5505075), UNITOPERATION_MOVE_TO (19)
053, Adding, 8, UNIT_SKIRMISHER (5505075), UNITOPERATION_MOVE_TO (19)
053, Adding, 8, UNIT_MILITARY_ENGINEER (8126482), UNITOPERATION_MOVE_TO (19)
053, Adding, 8, UNIT_SKIRMISHER (6553655), UNITOPERATION_MOVE_TO (19)
053, Adding, 8, UNIT_SKIRMISHER (6750265), UNITOPERATION_MOVE_TO (19)
053, Adding, 8, UNIT_SKIRMISHER (7012410), UNITOPERATION_MOVE_TO (19)
053, Adding, 8, UNIT_MILITARY_ENGINEER (8388644), UNITOPERATION_SKIP_TURN (36)
053, Adding, 8, UNIT_MILITARY_ENGINEER (7995435), UNITOPERATION_SKIP_TURN (36)
053, Adding, 8, UNIT_SKIRMISHER (6553655), UNITOPERATION_SKIP_TURN (36)
053, Adding, 8, UNIT_SKIRMISHER (6750265), UNITOPERATION_SKIP_TURN (36)
053, Adding, 8, UNIT_SKIRMISHER (7012410), UNITOPERATION_SKIP_TURN (36)
053, Adding, 8, UNIT_BUILDER (9502780), UNITOPERATION_SKIP_TURN (36)
053, Can't Start, 8, UNIT_TRADER (1048588), UNITOPERATION_MAKE_TRADE_ROUTE (18)
053, Adding, 9, UNIT_CROSSBOWMAN (4587520), UNITOPERATION_SWAP_UNITS (49)
053, Adding, 9, UNIT_MUSKETMAN (9633826), UNITOPERATION_SWAP_UNITS (49)
053, Can't Start, 9, UNIT_MUSKETMAN (9633826), UNITOPERATION_SWAP_UNITS (49)
053, Adding, 9, UNIT_MUSKETMAN (9633826), UNITOPERATION_MOVE_TO (19)
053, Adding, 9, UNIT_KNIGHT (8781880), UNITOPERATION_SWAP_UNITS (49)
053, Can't Start, 9, UNIT_KNIGHT (8781880), UNITOPERATION_SWAP_UNITS (49)
053, Adding, 9, UNIT_KNIGHT (8781880), UNITOPERATION_MOVE_TO (19)
053, Adding, 9, UNIT_CROSSBOWMAN (5242890), UNITOPERATION_SWAP_UNITS (49)
053, Can't Start, 9, UNIT_CROSSBOWMAN (5242890), UNITOPERATION_SWAP_UNITS (49)
053, Adding, 9, UNIT_MUSKETMAN (9371693), UNITOPERATION_SWAP_UNITS (49)
053, Can't Start, 9, UNIT_MUSKETMAN (9371693), UNITOPERATION_SWAP_UNITS (49)
053, Adding, 9, UNIT_MUSKETMAN (9371693), UNITOPERATION_MOVE_TO (19)
053, Adding, 9, UNIT_MUSKETMAN (9371693), UNITOPERATION_MOVE_TO (19)
053, Adding, 9, UNIT_CROSSBOWMAN (5242890), UNITOPERATION_MOVE_TO (19)
053, Can't Start, 9, UNIT_CROSSBOWMAN (5242890), UNITOPERATION_MOVE_TO (19)
053, Adding, 9, UNIT_CROSSBOWMAN (6160431), UNITOPERATION_MOVE_TO (19)
053, Can't Start, 9, UNIT_CROSSBOWMAN (6160431), UNITOPERATION_MOVE_TO (19)
053, Adding, 9, UNIT_MUSKETMAN (9699356), UNITOPERATION_MOVE_TO (19)
053, Adding, 9, UNIT_BUILDER (5767191), UNITOPERATION_SWAP_UNITS (49)
053, Can't Start, 9, UNIT_BUILDER (5767191), UNITOPERATION_SWAP_UNITS (49)
053, Adding, 9, UNIT_BUILDER (5767191), UNITOPERATION_MOVE_TO (19)
053, Adding, 9, UNIT_BUILDER (5767191), UNITOPERATION_BUILD_IMPROVEMENT (2)
053, Adding, 9, UNIT_BUILDER (10158117), UNITOPERATION_SWAP_UNITS (49)
053, Can't Start, 9, UNIT_BUILDER (10158117), UNITOPERATION_SWAP_UNITS (49)
053, Adding, 9, UNIT_BUILDER (10158117), UNITOPERATION_MOVE_TO (19)
053, Adding, 9, UNIT_BUILDER (10158117), UNITOPERATION_REPAIR (31)
053, Adding, 9, UNIT_BUILDER (9764897), UNITOPERATION_MOVE_TO (19)
053, Adding, 9, UNIT_MILITARY_ENGINEER (8585255), UNITOPERATION_MOVE_TO (19)
053, Adding, 9, UNIT_GREAT_SCIENTIST (10092593), UNITOPERATION_SWAP_UNITS (49)
053, Can't Start, 9, UNIT_GREAT_SCIENTIST (10092593), UNITOPERATION_SWAP_UNITS (49)
053, Adding, 9, UNIT_GREAT_SCIENTIST (10092593), UNITOPERATION_MOVE_TO (19)
053, Adding, 9, UNIT_GREAT_GENERAL (9568258), UNITOPERATION_MOVE_TO (19)
053, Can't Start, 9, UNIT_GREAT_GENERAL (9568258), UNITOPERATION_MOVE_TO (19)
053, Adding, 9, UNIT_MAN_AT_ARMS (7077893), UNITOPERATION_SWAP_UNITS (49)
053, Can't Start, 9, UNIT_MAN_AT_ARMS (7077893), UNITOPERATION_SWAP_UNITS (49)
053, Adding, 9, UNIT_MAN_AT_ARMS (7077893), UNITOPERATION_MOVE_TO (19)
053, Adding, 9, UNIT_COURSER (8257551), UNITOPERATION_MOVE_TO (19)
053, Adding, 9, UNIT_CROSSBOWMAN (7864328), UNITOPERATION_MOVE_TO (19)
053, Adding, 9, UNIT_MUSKETMAN (9043977), UNITOPERATION_MOVE_TO (19)
053, Adding, 9, UNIT_MUSKETMAN (9240588), UNITOPERATION_MOVE_TO (19)
053, Adding, 9, UNIT_MUSKETMAN (8978445), UNITOPERATION_MOVE_TO (19)
053, Adding, 9, UNIT_KNIGHT (9830418), UNITOPERATION_MOVE_TO (19)
053, Adding, 9, UNIT_MUSKETMAN (8912916), UNITOPERATION_MOVE_TO (19)
053, Can't Start, 9, UNIT_MUSKETMAN (8912916), UNITOPERATION_MOVE_TO (19)
053, Adding, 9, UNIT_CROSSBOWMAN (6946840), UNITOPERATION_MOVE_TO (19)
053, Adding, 9, UNIT_KNIGHT (8716315), UNITOPERATION_MOVE_TO (19)
053, Adding, 9, UNIT_COURSER (8454174), UNITOPERATION_MOVE_TO (19)
053, Adding, 9, UNIT_KNIGHT (9306158), UNITOPERATION_MOVE_TO (19)
053, Adding, 9, UNIT_MAN_AT_ARMS (6422579), UNITOPERATION_MOVE_TO (19)
053, Adding, 9, UNIT_MAN_AT_ARMS (7209015), UNITOPERATION_MOVE_TO (19)
053, Adding, 9, UNIT_TREBUCHET (8323130), UNITOPERATION_MOVE_TO (19)
053, Adding, 9, UNIT_MUSKETMAN (10027068), UNITOPERATION_MOVE_TO (19)
053, Adding, 9, UNIT_CROSSBOWMAN (4521995), UNITOPERATION_MOVE_TO (19)
053, Adding, 9, UNIT_CROSSBOWMAN (5701661), UNITOPERATION_MOVE_TO (19)
053, Adding, 9, UNIT_CROSSBOWMAN (6750246), UNITOPERATION_MOVE_TO (19)
053, Adding, 9, UNIT_CROSSBOWMAN (4653096), UNITOPERATION_MOVE_TO (19)
053, Adding, 9, UNIT_CROSSBOWMAN (4718633), UNITOPERATION_MOVE_TO (19)
053, Adding, 9, UNIT_CROSSBOWMAN (5308459), UNITOPERATION_MOVE_TO (19)
053, Adding, 9, UNIT_MAN_AT_ARMS (6357042), UNITOPERATION_MOVE_TO (19)
053, Adding, 9, UNIT_MAN_AT_ARMS (6488116), UNITOPERATION_MOVE_TO (19)
053, Adding, 9, UNIT_MAN_AT_ARMS (6553653), UNITOPERATION_MOVE_TO (19)
053, Adding, 9, UNIT_MAN_AT_ARMS (6619190), UNITOPERATION_MOVE_TO (19)
053, Adding, 9, UNIT_APOSTLE (9961531), UNITOPERATION_MOVE_TO (19)
053, Adding, 9, UNIT_MISSIONARY (4390915), UNITOPERATION_MOVE_TO (19)
053, Adding, 9, UNIT_MISSIONARY (9502727), UNITOPERATION_MOVE_TO (19)
053, Adding, 9, UNIT_MISSIONARY (5570574), UNITOPERATION_MOVE_TO (19)
053, Adding, 9, UNIT_MISSIONARY (7798800), UNITOPERATION_MOVE_TO (19)
053, Adding, 9, UNIT_MISSIONARY (8192019), UNITOPERATION_MOVE_TO (19)
053, Adding, 9, UNIT_MISSIONARY (5177365), UNITOPERATION_MOVE_TO (19)
053, Adding, 9, UNIT_MISSIONARY (5177365), UNITOPERATION_SPREAD_RELIGION (38)
053, Adding, 9, UNIT_MISSIONARY (5439513), UNITOPERATION_MOVE_TO (19)
053, Adding, 9, UNIT_MISSIONARY (6881306), UNITOPERATION_MOVE_TO (19)
053, Adding, 9, UNIT_MISSIONARY (9175071), UNITOPERATION_MOVE_TO (19)
053, Adding, 9, UNIT_MISSIONARY (4915232), UNITOPERATION_MOVE_TO (19)
053, Adding, 9, UNIT_MISSIONARY (8650787), UNITOPERATION_MOVE_TO (19)
053, Adding, 9, UNIT_MISSIONARY (7274538), UNITOPERATION_MOVE_TO (19)
053, Adding, 9, UNIT_MISSIONARY (5832748), UNITOPERATION_MOVE_TO (19)
053, Adding, 9, UNIT_MISSIONARY (6225968), UNITOPERATION_MOVE_TO (19)
053, Adding, 9, UNIT_MISSIONARY (8519737), UNITOPERATION_MOVE_TO (19)
053, Adding, 9, UNIT_BUILDER (9895937), UNITOPERATION_MOVE_TO (19)
053, Adding, 9, UNIT_SKIRMISHER (5046276), UNITOPERATION_MOVE_TO (19)
053, Adding, 9, UNIT_SKIRMISHER (5046276), UNITOPERATION_MOVE_TO (19)
053, Adding, 9, UNIT_SKIRMISHER (5046276), UNITOPERATION_MOVE_TO (19)
053, Adding, 9, UNIT_SKIRMISHER (5046276), UNITOPERATION_MOVE_TO (19)
053, Adding, 9, UNIT_SKIRMISHER (5046276), UNITOPERATION_MOVE_TO (19)
053, Adding, 9, UNIT_SKIRMISHER (5111830), UNITOPERATION_MOVE_TO (19)
053, Adding, 9, UNIT_BUILDER (9437201), UNITOPERATION_SKIP_TURN (36)
053, Adding, 9, UNIT_SKIRMISHER (5111830), UNITOPERATION_SKIP_TURN (36)
053, Adding, 9, UNIT_BUILDER (10223677), UNITOPERATION_SKIP_TURN (36)
053, Adding, 10, UNIT_BUILDER (1048583), UNITOPERATION_SWAP_UNITS (49)
053, Can't Start, 10, UNIT_BUILDER (1048583), UNITOPERATION_SWAP_UNITS (49)
053, Adding, 10, UNIT_BUILDER (1048583), UNITOPERATION_MOVE_TO (19)
053, Adding, 10, UNIT_CROSSBOWMAN (983040), UNITOPERATION_MOVE_TO (19)
053, Adding, 10, UNIT_SWORDSMAN (786433), UNITOPERATION_MOVE_TO (19)
053, Adding, 10, UNIT_SWORDSMAN (917506), UNITOPERATION_MOVE_TO (19)
053, Adding, 10, UNIT_SWORDSMAN (851971), UNITOPERATION_MOVE_TO (19)
053, Adding, 10, UNIT_CROSSBOWMAN (1179652), UNITOPERATION_MOVE_TO (19)
053, Adding, 10, UNIT_SWORDSMAN (720902), UNITOPERATION_MOVE_TO (19)
053, Adding, 10, UNIT_SWORDSMAN (1114120), UNITOPERATION_MOVE_TO (19)
053, Adding, 12, UNIT_SWORDSMAN (458752), UNITOPERATION_MOVE_TO (19)
053, Adding, 12, UNIT_SWORDSMAN (655361), UNITOPERATION_MOVE_TO (19)
053, Adding, 12, UNIT_CROSSBOWMAN (786435), UNITOPERATION_MOVE_TO (19)
053, Adding, 13, UNIT_SWORDSMAN (655361), UNITOPERATION_MOVE_TO (19)
053, Adding, 13, UNIT_CATAPULT (720898), UNITOPERATION_MOVE_TO (19)
053, Adding, 13, UNIT_HEAVY_CHARIOT (524292), UNITOPERATION_MOVE_TO (19)
053, Adding, 13, UNIT_SWORDSMAN (589829), UNITOPERATION_MOVE_TO (19)
053, Adding, 13, UNIT_CROSSBOWMAN (851974), UNITOPERATION_MOVE_TO (19)
053, Adding, 13, UNIT_BUILDER (786432), UNITOPERATION_SKIP_TURN (36)
053, Adding, 14, UNIT_BUILDER (720896), UNITOPERATION_REMOVE_FEATURE (28)
053, Can't Start, 14, UNIT_BUILDER (720896), UNITOPERATION_REMOVE_FEATURE (28)
053, Adding, 14, UNIT_CATAPULT (458755), UNITOPERATION_RANGE_ATTACK (26)
053, Adding, 14, UNIT_CROSSBOWMAN (786434), UNITOPERATION_RANGE_ATTACK (26)
053, Adding, 14, UNIT_CATAPULT (458755), UNITOPERATION_MOVE_TO (19)
053, Adding, 14, UNIT_CROSSBOWMAN (786434), UNITOPERATION_MOVE_TO (19)
053, Adding, 15, UNIT_SWORDSMAN (983041), UNITOPERATION_MOVE_TO (19)
053, Adding, 15, UNIT_HORSEMAN (1179652), UNITOPERATION_MOVE_TO (19)
053, Adding, 15, UNIT_HORSEMAN (720902), UNITOPERATION_MOVE_TO (19)
053, Adding, 15, UNIT_SWORDSMAN (786439), UNITOPERATION_MOVE_TO (19)
053, Adding, 15, UNIT_SWORDSMAN (851976), UNITOPERATION_MOVE_TO (19)
053, Adding, 15, UNIT_SWORDSMAN (1048585), UNITOPERATION_MOVE_TO (19)
053, Adding, 15, UNIT_SWORDSMAN (1114122), UNITOPERATION_MOVE_TO (19)
053, Adding, 15, UNIT_BUILDER (917507), UNITOPERATION_SKIP_TURN (36)
053, Adding, 17, UNIT_SWORDSMAN (1048577), UNITOPERATION_SWAP_UNITS (49)
053, Can't Start, 17, UNIT_SWORDSMAN (1048577), UNITOPERATION_SWAP_UNITS (49)
053, Adding, 17, UNIT_SWORDSMAN (1048577), UNITOPERATION_MOVE_TO (19)
053, Adding, 17, UNIT_CROSSBOWMAN (1179652), UNITOPERATION_MOVE_TO (19)
053, Adding, 17, UNIT_MAN_AT_ARMS (1376259), UNITOPERATION_MOVE_TO (19)
053, Adding, 17, UNIT_MAN_AT_ARMS (1310728), UNITOPERATION_MOVE_TO (19)
053, Adding, 20, UNIT_SWORDSMAN (720896), UNITOPERATION_MOVE_TO (19)
053, Adding, 20, UNIT_CROSSBOWMAN (983041), UNITOPERATION_MOVE_TO (19)
053, Adding, 20, UNIT_CROSSBOWMAN (851970), UNITOPERATION_MOVE_TO (19)
053, Adding, 20, UNIT_HEAVY_CHARIOT (458756), UNITOPERATION_MOVE_TO (19)
053, Adding, 20, UNIT_CROSSBOWMAN (1048582), UNITOPERATION_MOVE_TO (19)
053, Adding, 20, UNIT_SWORDSMAN (786439), UNITOPERATION_MOVE_TO (19)
053, Adding, 20, UNIT_CROSSBOWMAN (1114120), UNITOPERATION_MOVE_TO (19)
053, Adding, 20, UNIT_BUILDER (917509), UNITOPERATION_SKIP_TURN (36)
053, Adding, 21, UNIT_SWORDSMAN (786440), UNITOPERATION_SWAP_UNITS (49)
053, Can't Start, 21, UNIT_SWORDSMAN (786440), UNITOPERATION_SWAP_UNITS (49)
053, Adding, 21, UNIT_SWORDSMAN (786440), UNITOPERATION_MOVE_TO (19)
053, Adding, 21, UNIT_SWORDSMAN (917513), UNITOPERATION_SWAP_UNITS (49)
053, Can't Start, 21, UNIT_SWORDSMAN (917513), UNITOPERATION_SWAP_UNITS (49)
053, Adding, 21, UNIT_SWORDSMAN (917513), UNITOPERATION_MOVE_TO (19)
053, Adding, 21, UNIT_CROSSBOWMAN (851970), UNITOPERATION_MOVE_TO (19)
053, Adding, 21, UNIT_KNIGHT (1376260), UNITOPERATION_MOVE_TO (19)
053, Adding, 21, UNIT_CROSSBOWMAN (1114118), UNITOPERATION_MOVE_TO (19)
053, Adding, 21, UNIT_CROSSBOWMAN (1310730), UNITOPERATION_MOVE_TO (19)
053, Adding, 21, UNIT_TREBUCHET (1441803), UNITOPERATION_MOVE_TO (19)
053, Adding, 2, UNIT_SCOUT (196608), UNITOPERATION_MOVE_TO (19)
053, Adding, 3, UNIT_BUILDER (2228230), UNITOPERATION_MOVE_TO (19)
053, Adding, 3, UNIT_BUILDER (2228230), UNITOPERATION_BUILD_IMPROVEMENT (2)
053, Adding, 0, UNIT_GREAT_GENERAL (2359308), UNITOPERATION_MOVE_TO (19)
053, Adding, 3, UNIT_BUILDER (2490386), UNITOPERATION_MOVE_TO (19)
053, Adding, 2, UNIT_KNIGHT (1638407), UNITOPERATION_MOVE_TO (19)
053, Adding, 1, UNIT_BABYLONIAN_SABUM_KIBITTUM (196608), UNITOPERATION_MOVE_TO (19)
053, Adding, 3, UNIT_APOSTLE (2949141), UNITOPERATION_LAUNCH_INQUISITION (17)
053, Adding, 1, UNIT_BABYLONIAN_SABUM_KIBITTUM (196608), UNITOPERATION_MOVE_TO (19)
053, Adding, 1, UNIT_BABYLONIAN_SABUM_KIBITTUM (196608), UNITOPERATION_MOVE_TO (19)
053, Adding, 3, UNIT_TRADER (1310730), UNITOPERATION_MAKE_TRADE_ROUTE (18)
053, Adding, 2, UNIT_INDIAN_VARU (1507331), UNITOPERATION_MOVE_TO (19)
053, Adding, 4, UNIT_KNIGHT (4587543), UNITOPERATION_MOVE_TO (19)
053, Adding, 4, UNIT_SCOUT (393220), UNITOPERATION_MOVE_TO (19)
053, Adding, 3, UNIT_BUILDER (2293774), UNITOPERATION_BUILD_IMPROVEMENT (2)
053, Adding, 2, UNIT_KNIGHT (2228232), UNITOPERATION_MOVE_TO (19)
053, Adding, 3, UNIT_BUILDER (2031625), UNITOPERATION_MOVE_TO (19)
053, Adding, 0, UNIT_SIEGE_TOWER (2752526), UNITOPERATION_MOVE_TO (19)
053, Adding, 2, UNIT_KNIGHT (2424848), UNITOPERATION_MOVE_TO (19)
053, Adding, 2, UNIT_KNIGHT (2555922), UNITOPERATION_MOVE_TO (19)
053, Adding, 3, UNIT_BUILDER (2359307), UNITOPERATION_MOVE_TO (19)
053, Adding, 3, UNIT_BUILDER (2359307), UNITOPERATION_BUILD_IMPROVEMENT (2)
053, Adding, 2, UNIT_KNIGHT (2359311), UNITOPERATION_MOVE_TO (19)
053, Adding, 1, UNIT_BUILDER (3407896), UNITOPERATION_MOVE_TO (19)
053, Adding, 1, UNIT_BUILDER (3407896), UNITOPERATION_BUILD_IMPROVEMENT (2)
053, Adding, 2, UNIT_KNIGHT (2818070), UNITOPERATION_MOVE_TO (19)
053, Adding, 0, UNIT_KNIGHT (3014669), UNITOPERATION_MOVE_TO (19)
053, Adding, 1, UNIT_BUILDER (3407896), UNITOPERATION_MOVE_TO (19)
053, Adding, 2, UNIT_KNIGHT (2490385), UNITOPERATION_MOVE_TO (19)
053, Adding, 2, UNIT_KNIGHT (2686996), UNITOPERATION_MOVE_TO (19)
053, Adding, 2, UNIT_KNIGHT (2621459), UNITOPERATION_MOVE_TO (19)
053, Adding, 4, UNIT_CROSSBOWMAN (4653064), UNITOPERATION_MOVE_TO (19)
053, Adding, 2, UNIT_KNIGHT (2883594), UNITOPERATION_MOVE_TO (19)
053, Adding, 1, UNIT_BUILDER (3014663), UNITOPERATION_MOVE_TO (19)
053, Adding, 1, UNIT_BUILDER (3014663), UNITOPERATION_REMOVE_FEATURE (28)
053, Adding, 4, UNIT_VAMPIRE (4128790), UNITOPERATION_MOVE_TO (19)
053, Adding, 1, UNIT_BUILDER (2424843), UNITOPERATION_MOVE_TO (19)
053, Adding, 4, UNIT_CROSSBOWMAN (4653064), UNITOPERATION_RANGE_ATTACK (26)
053, Adding, 1, UNIT_BUILDER (2424843), UNITOPERATION_BUILD_IMPROVEMENT (2)
053, Adding, 4, UNIT_VAMPIRE (4128790), UNITOPERATION_MOVE_TO (19)
053, Adding, 4, UNIT_BUILDER (3211266), UNITOPERATION_MOVE_TO (19)
053, Adding, 4, UNIT_BUILDER (3211266), UNITOPERATION_REPAIR (31)
053, Adding, 1, UNIT_BUILDER (3145737), UNITOPERATION_MOVE_TO (19)
053, Adding, 1, UNIT_BUILDER (3145737), UNITOPERATION_BUILD_IMPROVEMENT (2)
053, Adding, 1, UNIT_BUILDER (3145737), UNITOPERATION_MOVE_TO (19)
053, Adding, 2, UNIT_BUILDER (2162699), UNITOPERATION_MOVE_TO (19)
053, Adding, 1, UNIT_BUILDER (2293780), UNITOPERATION_MOVE_TO (19)
053, Adding, 2, UNIT_KNIGHT (2752533), UNITOPERATION_MOVE_TO (19)
053, Adding, 1, UNIT_BUILDER (2293780), UNITOPERATION_BUILD_IMPROVEMENT (2)
053, Adding, 2, UNIT_MISSIONARY (2097165), UNITOPERATION_SPREAD_RELIGION (38)
053, Adding, 4, UNIT_SPY (4784146), UNITOPERATION_SPY_TRAVEL_NEW_CITY (48)
053, Adding, 2, UNIT_BUILDER (2031617), UNITOPERATION_BUILD_IMPROVEMENT (2)
053, Adding, 2, UNIT_MISSIONARY (2293774), UNITOPERATION_SPREAD_RELIGION (38)
053, Adding, 1, UNIT_BUILDER (3342359), UNITOPERATION_MOVE_TO (19)
053, Adding, 1, UNIT_BUILDER (3342359), UNITOPERATION_MOVE_TO (19)
053, Adding, 1, UNIT_GREAT_ENGINEER (3211266), UNITOPERATION_MOVE_TO (19)
053, Adding, 1, UNIT_BUILDER (2359311), UNITOPERATION_MOVE_TO (19)
053, Adding, 1, UNIT_BUILDER (2359311), UNITOPERATION_BUILD_IMPROVEMENT (2)
053, Adding, 4, UNIT_VAMPIRE (196608), UNITOPERATION_PILLAGE (23)
053, Adding, 4, UNIT_VAMPIRE (196608), UNITOPERATION_PILLAGE (23)
053, Adding, 0, UNIT_BUILDER (2424851), UNITOPERATION_MOVE_TO (19)
053, Adding, 0, UNIT_BUILDER (2424851), UNITOPERATION_BUILD_IMPROVEMENT (2)
053, Adding, 1, UNIT_BUILDER (3276822), UNITOPERATION_MOVE_TO (19)
053, Adding, 1, UNIT_BUILDER (3276822), UNITOPERATION_MOVE_TO (19)
053, Adding, 4, UNIT_CROSSBOWMAN (3604485), UNITOPERATION_RANGE_ATTACK (26)
053, Adding, 4, UNIT_CROSSBOWMAN (3801100), UNITOPERATION_RANGE_ATTACK (26)
053, Adding, 3, UNIT_BUILDER (2424849), UNITOPERATION_MOVE_TO (19)
053, Adding, 4, UNIT_CROSSBOWMAN (3473421), UNITOPERATION_RANGE_ATTACK (26)
053, Adding, 4, UNIT_CROSSBOWMAN (3407886), UNITOPERATION_FORTIFY (12)
053, Adding, 1, UNIT_BUILDER (2883596), UNITOPERATION_MOVE_TO (19)
053, Adding, 1, UNIT_BUILDER (3276822), UNITOPERATION_MOVE_TO (19)
053, Adding, 4, UNIT_SETTLER (4849679), UNITOPERATION_MOVE_TO (19)
053, Adding, 1, UNIT_BUILDER (3014663), UNITOPERATION_MOVE_TO (19)
053, Adding, 4, UNIT_BUILDER (4718595), UNITOPERATION_MOVE_TO (19)
053, Adding, 4, UNIT_CROSSBOWMAN (4521990), UNITOPERATION_MOVE_TO (19)
053, Adding, 4, UNIT_CROSSBOWMAN (4521990), UNITOPERATION_SKIP_TURN (36)
053, Adding, 0, UNIT_VAMPIRE (262146), UNITOPERATION_MOVE_TO (19)
053, Adding, 0, UNIT_KNIGHT (2293777), UNITOPERATION_MOVE_TO (19)
053, Adding, 1, UNIT_BUILDER (2949130), UNITOPERATION_MOVE_TO (19)
053, Adding, 0, UNIT_VAMPIRE (262146), UNITOPERATION_MOVE_TO (19)
053, Adding, 3, UNIT_BUILDER (2031625), UNITOPERATION_MOVE_TO (19)
053, Adding, 1, UNIT_GREAT_ENGINEER (3211266), UNITOPERATION_MOVE_TO (19)
053, Adding, 1, UNIT_GREAT_ENGINEER (3211266), UNITOPERATION_MOVE_TO (19)
053, Adding, 1, UNIT_GREAT_ENGINEER (3211266), UNITOPERATION_MOVE_TO (19)
053, Adding, 3, UNIT_BUILDER (2293774), UNITOPERATION_MOVE_TO (19)
053, Adding, 0, UNIT_CROSSBOWMAN (2621450), UNITOPERATION_RANGE_ATTACK (26)
053, Adding, 0, UNIT_KNIGHT (2949136), UNITOPERATION_MOVE_TO (19)
053, Adding, 0, UNIT_KNIGHT (1966095), UNITOPERATION_MOVE_TO (19)
053, Adding, 0, UNIT_BUILDER (2686996), UNITOPERATION_MOVE_TO (19)
053, Adding, 0, UNIT_BUILDER (2686996), UNITOPERATION_MOVE_TO (19)
053, Adding, 4, UNIT_VAMPIRE (196608), UNITOPERATION_MOVE_TO (19)
053, Adding, 1, UNIT_WARRIOR (131073), UNITOPERATION_MOVE_TO (19)
053, Adding, 4, UNIT_GREAT_GENERAL (3276801), UNITOPERATION_SKIP_TURN (36)
053, Adding, 1, UNIT_WARRIOR (131073), UNITOPERATION_MOVE_TO (19)
053, Adding, 1, UNIT_BUILDER (3145737), UNITOPERATION_MOVE_TO (19)
053, Adding, 1, UNIT_BUILDER (3145737), UNITOPERATION_MOVE_TO (19)
053, Adding, 0, UNIT_GREAT_GENERAL (2359308), UNITOPERATION_MOVE_TO (19)
053, Adding, 0, UNIT_GREAT_GENERAL (1310729), UNITOPERATION_SKIP_TURN (36)
053, Adding, 0, UNIT_GREAT_GENERAL (1114123), UNITOPERATION_SKIP_TURN (36)
053, Adding, 1, UNIT_GREAT_SCIENTIST (3473426), UNITOPERATION_MOVE_TO (19)
053, Adding, 1, UNIT_BUILDER (3407896), UNITOPERATION_MOVE_TO (19)
054, Adding, 5, UNIT_PIKE_AND_SHOT (6422565), UNITOPERATION_FORTIFY (12)
054, Adding, 5, UNIT_CROSSBOWMAN (3604482), UNITOPERATION_SWAP_UNITS (49)
054, Can't Start, 5, UNIT_CROSSBOWMAN (3604482), UNITOPERATION_SWAP_UNITS (49)
054, Adding, 5, UNIT_CROSSBOWMAN (3604482), UNITOPERATION_MOVE_TO (19)
054, Adding, 5, UNIT_KNIGHT (5046318), UNITOPERATION_SWAP_UNITS (49)
054, Can't Start, 5, UNIT_KNIGHT (5046318), UNITOPERATION_SWAP_UNITS (49)
054, Adding, 5, UNIT_KNIGHT (5046318), UNITOPERATION_MOVE_TO (19)
054, Adding, 5, UNIT_SKIRMISHER (3211278), UNITOPERATION_SWAP_UNITS (49)
054, Can't Start, 5, UNIT_SKIRMISHER (3211278), UNITOPERATION_SWAP_UNITS (49)
054, Adding, 5, UNIT_SKIRMISHER (3211278), UNITOPERATION_MOVE_TO (19)
054, Adding, 5, UNIT_CROSSBOWMAN (3604482), UNITOPERATION_RANGE_ATTACK (26)
054, Adding, 5, UNIT_MACEDONIAN_HETAIROI (2097163), UNITOPERATION_MOVE_TO (19)
054, Adding, 5, UNIT_MAN_AT_ARMS (4194314), UNITOPERATION_MOVE_TO (19)
054, Adding, 5, UNIT_CROSSBOWMAN (3604482), UNITOPERATION_MOVE_TO (19)
054, Adding, 5, UNIT_KNIGHT (5046318), UNITOPERATION_MOVE_TO (19)
054, Adding, 5, UNIT_VAMPIRE (5242906), UNITOPERATION_MOVE_TO (19)
054, Adding, 5, UNIT_MUSKETMAN (5570575), UNITOPERATION_MOVE_TO (19)
054, Adding, 5, UNIT_MUSKETMAN (5505053), UNITOPERATION_MOVE_TO (19)
054, Adding, 5, UNIT_SETTLER (3997731), UNITOPERATION_MOVE_TO (19)
054, Adding, 5, UNIT_MAN_AT_ARMS (4325415), UNITOPERATION_MOVE_TO (19)
054, Adding, 5, UNIT_CROSSBOWMAN (3801101), UNITOPERATION_MOVE_TO (19)
054, Adding, 5, UNIT_SCOUT (262147), UNITOPERATION_SWAP_UNITS (49)
054, Can't Start, 5, UNIT_SCOUT (262147), UNITOPERATION_SWAP_UNITS (49)
054, Adding, 5, UNIT_SCOUT (262147), UNITOPERATION_MOVE_TO (19)
054, Adding, 5, UNIT_MACEDONIAN_HETAIROI (1966104), UNITOPERATION_SWAP_UNITS (49)
054, Can't Start, 5, UNIT_MACEDONIAN_HETAIROI (1966104), UNITOPERATION_SWAP_UNITS (49)
054, Adding, 5, UNIT_MACEDONIAN_HETAIROI (1966104), UNITOPERATION_MOVE_TO (19)
054, Adding, 5, UNIT_MACEDONIAN_HETAIROI (2228249), UNITOPERATION_SWAP_UNITS (49)
054, Can't Start, 5, UNIT_MACEDONIAN_HETAIROI (2228249), UNITOPERATION_SWAP_UNITS (49)
054, Adding, 5, UNIT_MACEDONIAN_HETAIROI (2228249), UNITOPERATION_MOVE_TO (19)
054, Adding, 5, UNIT_MAN_AT_ARMS (4390952), UNITOPERATION_SWAP_UNITS (49)
054, Can't Start, 5, UNIT_MAN_AT_ARMS (4390952), UNITOPERATION_SWAP_UNITS (49)
054, Adding, 5, UNIT_MAN_AT_ARMS (4390952), UNITOPERATION_MOVE_TO (19)
054, Adding, 5, UNIT_MAN_AT_ARMS (4718635), UNITOPERATION_SWAP_UNITS (49)
054, Can't Start, 5, UNIT_MAN_AT_ARMS (4718635), UNITOPERATION_SWAP_UNITS (49)
054, Adding, 5, UNIT_MAN_AT_ARMS (4718635), UNITOPERATION_MOVE_TO (19)
054, Adding, 5, UNIT_MILITARY_ENGINEER (5963823), UNITOPERATION_SWAP_UNITS (49)
054, Can't Start, 5, UNIT_MILITARY_ENGINEER (5963823), UNITOPERATION_SWAP_UNITS (49)
054, Adding, 5, UNIT_MILITARY_ENGINEER (5963823), UNITOPERATION_MOVE_TO (19)
054, Adding, 5, UNIT_GREAT_SCIENTIST (6357044), UNITOPERATION_SWAP_UNITS (49)
054, Can't Start, 5, UNIT_GREAT_SCIENTIST (6357044), UNITOPERATION_SWAP_UNITS (49)
054, Adding, 5, UNIT_GREAT_SCIENTIST (6357044), UNITOPERATION_MOVE_TO (19)
054, Adding, 5, UNIT_GREAT_ENGINEER (4980781), UNITOPERATION_SWAP_UNITS (49)
054, Can't Start, 5, UNIT_GREAT_ENGINEER (4980781), UNITOPERATION_SWAP_UNITS (49)
054, Adding, 5, UNIT_GREAT_ENGINEER (4980781), UNITOPERATION_MOVE_TO (19)
054, Adding, 5, UNIT_GREAT_SCIENTIST (3932176), UNITOPERATION_MOVE_TO (19)
054, Adding, 5, UNIT_SKIRMISHER (3145759), UNITOPERATION_MOVE_TO (19)
054, Adding, 5, UNIT_MUSKETMAN (5701636), UNITOPERATION_MOVE_TO (19)
054, Adding, 5, UNIT_VAMPIRE (655367), UNITOPERATION_MOVE_TO (19)
054, Adding, 5, UNIT_MUSKETMAN (6225928), UNITOPERATION_MOVE_TO (19)
054, Adding, 5, UNIT_MUSKETMAN (5636105), UNITOPERATION_MOVE_TO (19)
054, Adding, 5, UNIT_KNIGHT (6160396), UNITOPERATION_MOVE_TO (19)
054, Adding, 5, UNIT_KNIGHT (6029339), UNITOPERATION_MOVE_TO (19)
054, Adding, 5, UNIT_CROSSBOWMAN (4063268), UNITOPERATION_MOVE_TO (19)
054, Adding, 5, UNIT_KNIGHT (5439529), UNITOPERATION_MOVE_TO (19)
054, Adding, 5, UNIT_KNIGHT (5308465), UNITOPERATION_MOVE_TO (19)
054, Adding, 5, UNIT_COURSER (5767219), UNITOPERATION_MOVE_TO (19)
054, Adding, 5, UNIT_MUSKETMAN (6094902), UNITOPERATION_MOVE_TO (19)
054, Adding, 5, UNIT_CROSSBOWMAN (4849685), UNITOPERATION_MOVE_TO (19)
054, Adding, 5, UNIT_CROSSBOWMAN (3735585), UNITOPERATION_MOVE_TO (19)
054, Adding, 5, UNIT_MISSIONARY (4259878), UNITOPERATION_MOVE_TO (19)
054, Adding, 5, UNIT_MISSIONARY (2621441), UNITOPERATION_MOVE_TO (19)
054, Adding, 5, UNIT_MISSIONARY (6291461), UNITOPERATION_MOVE_TO (19)
054, Adding, 5, UNIT_MISSIONARY (3276806), UNITOPERATION_MOVE_TO (19)
054, Adding, 5, UNIT_MISSIONARY (2424850), UNITOPERATION_MOVE_TO (19)
054, Adding, 5, UNIT_MISSIONARY (3670035), UNITOPERATION_MOVE_TO (19)
054, Adding, 5, UNIT_MISSIONARY (3080222), UNITOPERATION_MOVE_TO (19)
054, Adding, 5, UNIT_MISSIONARY (4653098), UNITOPERATION_MOVE_TO (19)
054, Adding, 5, UNIT_MISSIONARY (5177392), UNITOPERATION_MOVE_TO (19)
054, Adding, 5, UNIT_MISSIONARY (5374002), UNITOPERATION_MOVE_TO (19)
054, Adding, 5, UNIT_MISSIONARY (5898293), UNITOPERATION_MOVE_TO (19)
054, Adding, 5, UNIT_BUILDER (1835030), UNITOPERATION_MOVE_TO (19)
054, Adding, 5, UNIT_BUILDER (1835030), UNITOPERATION_MOVE_TO (19)
054, Adding, 5, UNIT_BUILDER (1835030), UNITOPERATION_MOVE_TO (19)
054, Adding, 5, UNIT_BUILDER (3473440), UNITOPERATION_MOVE_TO (19)
054, Adding, 5, UNIT_BUILDER (3473440), UNITOPERATION_MOVE_TO (19)
054, Adding, 5, UNIT_BUILDER (2752540), UNITOPERATION_MOVE_TO (19)
054, Adding, 5, UNIT_SKIRMISHER (3407892), UNITOPERATION_MOVE_TO (19)
054, Adding, 5, UNIT_SKIRMISHER (3407892), UNITOPERATION_SKIP_TURN (36)
054, Adding, 5, UNIT_BUILDER (4915244), UNITOPERATION_SKIP_TURN (36)
054, Adding, 6, UNIT_CATAPULT (2490396), UNITOPERATION_MOVE_TO (19)
054, Can't Start, 6, UNIT_CATAPULT (2490396), UNITOPERATION_MOVE_TO (19)
054, Adding, 6, UNIT_CROSSBOWMAN (5636142), UNITOPERATION_MOVE_TO (19)
054, Can't Start, 6, UNIT_CROSSBOWMAN (5636142), UNITOPERATION_MOVE_TO (19)
054, Adding, 6, UNIT_SETTLER (6029360), UNITOPERATION_MOVE_TO (19)
054, Adding, 6, UNIT_BUILDER (7340081), UNITOPERATION_SWAP_UNITS (49)
054, Can't Start, 6, UNIT_BUILDER (7340081), UNITOPERATION_SWAP_UNITS (49)
054, Adding, 6, UNIT_BUILDER (7340081), UNITOPERATION_MOVE_TO (19)
054, Adding, 6, UNIT_BUILDER (7340081), UNITOPERATION_BUILD_IMPROVEMENT (2)
054, Adding, 6, UNIT_BUILDER (6160434), UNITOPERATION_BUILD_IMPROVEMENT (2)
054, Adding, 6, UNIT_BUILDER (6815778), UNITOPERATION_SWAP_UNITS (49)
054, Can't Start, 6, UNIT_BUILDER (6815778), UNITOPERATION_SWAP_UNITS (49)
054, Adding, 6, UNIT_BUILDER (6815778), UNITOPERATION_MOVE_TO (19)
054, Adding, 6, UNIT_BUILDER (6815778), UNITOPERATION_BUILD_IMPROVEMENT (2)
054, Adding, 6, UNIT_BUILDER (6553652), UNITOPERATION_SWAP_UNITS (49)
054, Can't Start, 6, UNIT_BUILDER (6553652), UNITOPERATION_SWAP_UNITS (49)
054, Adding, 6, UNIT_BUILDER (6553652), UNITOPERATION_MOVE_TO (19)
054, Adding, 6, UNIT_BUILDER (6553652), UNITOPERATION_REMOVE_FEATURE (28)
054, Adding, 6, UNIT_BUILDER (7536701), UNITOPERATION_SWAP_UNITS (49)
054, Can't Start, 6, UNIT_BUILDER (7536701), UNITOPERATION_SWAP_UNITS (49)
054, Adding, 6, UNIT_BUILDER (7536701), UNITOPERATION_MOVE_TO (19)
054, Adding, 6, UNIT_BUILDER (7536701), UNITOPERATION_REPAIR (31)
054, Adding, 6, UNIT_BUILDER (7733308), UNITOPERATION_SWAP_UNITS (49)
054, Can't Start, 6, UNIT_BUILDER (7733308), UNITOPERATION_SWAP_UNITS (49)
054, Adding, 6, UNIT_BUILDER (7733308), UNITOPERATION_MOVE_TO (19)
054, Adding, 6, UNIT_GREAT_WRITER (7864384), UNITOPERATION_SWAP_UNITS (49)
054, Can't Start, 6, UNIT_GREAT_WRITER (7864384), UNITOPERATION_SWAP_UNITS (49)
054, Adding, 6, UNIT_GREAT_WRITER (7864384), UNITOPERATION_MOVE_TO (19)
054, Adding, 6, UNIT_SKIRMISHER (3801127), UNITOPERATION_MOVE_TO (19)
054, Adding, 6, UNIT_SKIRMISHER (4390927), UNITOPERATION_MOVE_TO (19)
054, Adding, 6, UNIT_CROSSBOWMAN (5832704), UNITOPERATION_MOVE_TO (19)
054, Can't Start, 6, UNIT_CROSSBOWMAN (5832704), UNITOPERATION_MOVE_TO (19)
054, Adding, 6, UNIT_CROSSBOWMAN (6422529), UNITOPERATION_MOVE_TO (19)
054, Adding, 6, UNIT_SWORDSMAN (4456450), UNITOPERATION_MOVE_TO (19)
054, Adding, 6, UNIT_SWORDSMAN (2818054), UNITOPERATION_MOVE_TO (19)
054, Can't Start, 6, UNIT_SWORDSMAN (2818054), UNITOPERATION_MOVE_TO (19)
054, Adding, 6, UNIT_CROSSBOWMAN (6488071), UNITOPERATION_MOVE_TO (19)
054, Adding, 6, UNIT_SWORDSMAN (2686985), UNITOPERATION_MOVE_TO (19)
054, Can't Start, 6, UNIT_SWORDSMAN (2686985), UNITOPERATION_MOVE_TO (19)
054, Adding, 6, UNIT_SWORDSMAN (4128779), UNITOPERATION_MOVE_TO (19)
054, Adding, 6, UNIT_SWORDSMAN (4587534), UNITOPERATION_MOVE_TO (19)
054, Can't Start, 6, UNIT_SWORDSMAN (4587534), UNITOPERATION_MOVE_TO (19)
054, Adding, 6, UNIT_CROSSBOWMAN (5505040), UNITOPERATION_MOVE_TO (19)
054, Adding, 6, UNIT_SWORDSMAN (4718610), UNITOPERATION_MOVE_TO (19)
054, Adding, 6, UNIT_CROSSBOWMAN (4915220), UNITOPERATION_MOVE_TO (19)
054, Adding, 6, UNIT_CROSSBOWMAN (4784149), UNITOPERATION_MOVE_TO (19)
054, Can't Start, 6, UNIT_CROSSBOWMAN (4784149), UNITOPERATION_MOVE_TO (19)
054, Adding, 6, UNIT_CROSSBOWMAN (6881304), UNITOPERATION_MOVE_TO (19)
054, Adding, 6, UNIT_SWORDSMAN (2752542), UNITOPERATION_MOVE_TO (19)
054, Adding, 6, UNIT_SWORDSMAN (3145761), UNITOPERATION_MOVE_TO (19)
054, Adding, 6, UNIT_CROSSBOWMAN (5177382), UNITOPERATION_MOVE_TO (19)
054, Can't Start, 6, UNIT_CROSSBOWMAN (5177382), UNITOPERATION_MOVE_TO (19)
054, Adding, 6, UNIT_SWORDSMAN (3866664), UNITOPERATION_MOVE_TO (19)
054, Adding, 6, UNIT_SWORDSMAN (3932201), UNITOPERATION_MOVE_TO (19)
054, Adding, 6, UNIT_SWORDSMAN (5373996), UNITOPERATION_MOVE_TO (19)
054, Adding, 6, UNIT_CROSSBOWMAN (6291503), UNITOPERATION_MOVE_TO (19)
054, Adding, 6, UNIT_CATAPULT (2621457), UNITOPERATION_MOVE_TO (19)
054, Adding, 6, UNIT_HEAVY_CHARIOT (2359322), UNITOPERATION_MOVE_TO (19)
054, Adding, 6, UNIT_CROSSBOWMAN (7143482), UNITOPERATION_MOVE_TO (19)
054, Adding, 6, UNIT_APOSTLE (6619189), UNITOPERATION_SWAP_UNITS (49)
054, Can't Start, 6, UNIT_APOSTLE (6619189), UNITOPERATION_SWAP_UNITS (49)
054, Adding, 6, UNIT_APOSTLE (6619189), UNITOPERATION_MOVE_TO (19)
054, Adding, 6, UNIT_APOSTLE (5701667), UNITOPERATION_SWAP_UNITS (49)
054, Can't Start, 6, UNIT_APOSTLE (5701667), UNITOPERATION_SWAP_UNITS (49)
054, Adding, 6, UNIT_APOSTLE (5701667), UNITOPERATION_MOVE_TO (19)
054, Adding, 6, UNIT_APOSTLE (5308435), UNITOPERATION_SWAP_UNITS (49)
054, Can't Start, 6, UNIT_APOSTLE (5308435), UNITOPERATION_SWAP_UNITS (49)
054, Adding, 6, UNIT_APOSTLE (5308435), UNITOPERATION_MOVE_TO (19)
054, Adding, 6, UNIT_APOSTLE (5308435), UNITOPERATION_MOVE_TO (19)
054, Adding, 6, UNIT_APOSTLE (5898262), UNITOPERATION_MOVE_TO (19)
054, Adding, 6, UNIT_APOSTLE (5111851), UNITOPERATION_MOVE_TO (19)
054, Adding, 6, UNIT_APOSTLE (6225971), UNITOPERATION_MOVE_TO (19)
054, Adding, 6, UNIT_APOSTLE (6946872), UNITOPERATION_MOVE_TO (19)
054, Adding, 6, UNIT_APOSTLE (7209019), UNITOPERATION_MOVE_TO (19)
054, Adding, 6, UNIT_TAOIST (7077891), UNITOPERATION_MOVE_TO (19)
054, Adding, 6, UNIT_MISSIONARY (3735557), UNITOPERATION_MOVE_TO (19)
054, Adding, 6, UNIT_MISSIONARY (3735557), UNITOPERATION_SPREAD_RELIGION (38)
054, Adding, 6, UNIT_TAOIST (786440), UNITOPERATION_MOVE_TO (19)
054, Adding, 6, UNIT_APOSTLE (6357004), UNITOPERATION_MOVE_TO (19)
054, Adding, 6, UNIT_APOSTLE (5308435), UNITOPERATION_MOVE_TO (19)
054, Adding, 6, UNIT_APOSTLE (5308435), UNITOPERATION_SPREAD_RELIGION (38)
054, Can't Start, 6, UNIT_APOSTLE (5308435), UNITOPERATION_SPREAD_RELIGION (38)
054, Adding, 6, UNIT_MISSIONARY (2162711), UNITOPERATION_MOVE_TO (19)
054, Adding, 6, UNIT_MISSIONARY (2162711), UNITOPERATION_SPREAD_RELIGION (38)
054, Adding, 6, UNIT_MISSIONARY (2293785), UNITOPERATION_MOVE_TO (19)
054, Adding, 6, UNIT_MISSIONARY (2293785), UNITOPERATION_SPREAD_RELIGION (38)
054, Can't Start, 6, UNIT_MISSIONARY (2293785), UNITOPERATION_SPREAD_RELIGION (38)
054, Adding, 6, UNIT_MISSIONARY (2424859), UNITOPERATION_MOVE_TO (19)
054, Adding, 6, UNIT_APOSTLE (7405599), UNITOPERATION_MOVE_TO (19)
054, Adding, 6, UNIT_APOSTLE (5701667), UNITOPERATION_MOVE_TO (19)
054, Adding, 6, UNIT_MISSIONARY (3342372), UNITOPERATION_MOVE_TO (19)
054, Adding, 6, UNIT_MISSIONARY (3342372), UNITOPERATION_SPREAD_RELIGION (38)
054, Adding, 6, UNIT_APOSTLE (5570605), UNITOPERATION_MOVE_TO (19)
054, Adding, 6, UNIT_APOSTLE (6619189), UNITOPERATION_MOVE_TO (19)
054, Adding, 6, UNIT_APOSTLE (6619189), UNITOPERATION_SPREAD_RELIGION (38)
054, Can't Start, 6, UNIT_APOSTLE (6619189), UNITOPERATION_SPREAD_RELIGION (38)
054, Adding, 6, UNIT_TAOIST (6684726), UNITOPERATION_MOVE_TO (19)
054, Adding, 6, UNIT_APOSTLE (6750263), UNITOPERATION_MOVE_TO (19)
054, Adding, 6, UNIT_SKIRMISHER (3473440), UNITOPERATION_MOVE_TO (19)
054, Adding, 6, UNIT_SKIRMISHER (3407909), UNITOPERATION_MOVE_TO (19)
054, Adding, 6, UNIT_SKIRMISHER (3407909), UNITOPERATION_MOVE_TO (19)
054, Adding, 6, UNIT_SKIRMISHER (3407909), UNITOPERATION_MOVE_TO (19)
054, Adding, 6, UNIT_SKIRMISHER (4194308), UNITOPERATION_MOVE_TO (19)
054, Adding, 6, UNIT_SKIRMISHER (4063245), UNITOPERATION_MOVE_TO (19)
054, Adding, 6, UNIT_SKIRMISHER (3997738), UNITOPERATION_MOVE_TO (19)
054, Adding, 6, UNIT_SKIRMISHER (7012409), UNITOPERATION_MOVE_TO (19)
054, Adding, 6, UNIT_SKIRMISHER (4194308), UNITOPERATION_SKIP_TURN (36)
054, Adding, 6, UNIT_SKIRMISHER (4063245), UNITOPERATION_SKIP_TURN (36)
054, Adding, 6, UNIT_SKIRMISHER (3997738), UNITOPERATION_SKIP_TURN (36)
054, Adding, 6, UNIT_SKIRMISHER (7012409), UNITOPERATION_SKIP_TURN (36)
054, Adding, 6, UNIT_BUILDER (7602238), UNITOPERATION_SKIP_TURN (36)
054, Can't Start, 6, UNIT_APOSTLE (5308435), UNITOPERATION_SPREAD_RELIGION (38)
054, Can't Start, 6, UNIT_MISSIONARY (2293785), UNITOPERATION_SPREAD_RELIGION (38)
054, Can't Start, 6, UNIT_APOSTLE (6619189), UNITOPERATION_SPREAD_RELIGION (38)
054, Adding, 7, UNIT_TRADER (2097163), UNITOPERATION_MAKE_TRADE_ROUTE (18)
054, Adding, 7, UNIT_KNIGHT (6815769), UNITOPERATION_MOVE_TO (19)
054, Can't Start, 7, UNIT_KNIGHT (6815769), UNITOPERATION_MOVE_TO (19)
054, Adding, 7, UNIT_SCOUT (589826), UNITOPERATION_SWAP_UNITS (49)
054, Can't Start, 7, UNIT_SCOUT (589826), UNITOPERATION_SWAP_UNITS (49)
054, Adding, 7, UNIT_SCOUT (589826), UNITOPERATION_MOVE_TO (19)
054, Adding, 7, UNIT_SCOUT (393220), UNITOPERATION_SWAP_UNITS (49)
054, Can't Start, 7, UNIT_SCOUT (393220), UNITOPERATION_SWAP_UNITS (49)
054, Adding, 7, UNIT_SCOUT (393220), UNITOPERATION_MOVE_TO (19)
054, Adding, 7, UNIT_SWORDSMAN (3014666), UNITOPERATION_SWAP_UNITS (49)
054, Can't Start, 7, UNIT_SWORDSMAN (3014666), UNITOPERATION_SWAP_UNITS (49)
054, Adding, 7, UNIT_SWORDSMAN (3014666), UNITOPERATION_MOVE_TO (19)
054, Adding, 7, UNIT_WARRIOR (1048588), UNITOPERATION_SWAP_UNITS (49)
054, Can't Start, 7, UNIT_WARRIOR (1048588), UNITOPERATION_SWAP_UNITS (49)
054, Adding, 7, UNIT_WARRIOR (1048588), UNITOPERATION_MOVE_TO (19)
054, Adding, 7, UNIT_SWORDSMAN (3211279), UNITOPERATION_SWAP_UNITS (49)
054, Can't Start, 7, UNIT_SWORDSMAN (3211279), UNITOPERATION_SWAP_UNITS (49)
054, Adding, 7, UNIT_SWORDSMAN (3211279), UNITOPERATION_MOVE_TO (19)
054, Adding, 7, UNIT_SWORDSMAN (3801104), UNITOPERATION_SWAP_UNITS (49)
054, Can't Start, 7, UNIT_SWORDSMAN (3801104), UNITOPERATION_SWAP_UNITS (49)
054, Adding, 7, UNIT_SWORDSMAN (3801104), UNITOPERATION_MOVE_TO (19)
054, Adding, 7, UNIT_WARRIOR (1835031), UNITOPERATION_SWAP_UNITS (49)
054, Can't Start, 7, UNIT_WARRIOR (1835031), UNITOPERATION_SWAP_UNITS (49)
054, Adding, 7, UNIT_WARRIOR (1835031), UNITOPERATION_MOVE_TO (19)
054, Adding, 7, UNIT_WARRIOR (1900568), UNITOPERATION_SWAP_UNITS (49)
054, Can't Start, 7, UNIT_WARRIOR (1900568), UNITOPERATION_SWAP_UNITS (49)
054, Adding, 7, UNIT_WARRIOR (1900568), UNITOPERATION_MOVE_TO (19)
054, Adding, 7, UNIT_SWORDSMAN (2490398), UNITOPERATION_SWAP_UNITS (49)
054, Can't Start, 7, UNIT_SWORDSMAN (2490398), UNITOPERATION_SWAP_UNITS (49)
054, Adding, 7, UNIT_SWORDSMAN (2490398), UNITOPERATION_MOVE_TO (19)
054, Adding, 7, UNIT_SWORDSMAN (2621472), UNITOPERATION_SWAP_UNITS (49)
054, Can't Start, 7, UNIT_SWORDSMAN (2621472), UNITOPERATION_SWAP_UNITS (49)
054, Adding, 7, UNIT_SWORDSMAN (2621472), UNITOPERATION_MOVE_TO (19)
054, Adding, 7, UNIT_SWORDSMAN (2687009), UNITOPERATION_SWAP_UNITS (49)
054, Can't Start, 7, UNIT_SWORDSMAN (2687009), UNITOPERATION_SWAP_UNITS (49)
054, Adding, 7, UNIT_SWORDSMAN (2687009), UNITOPERATION_MOVE_TO (19)
054, Adding, 7, UNIT_SWORDSMAN (3473444), UNITOPERATION_SWAP_UNITS (49)
054, Can't Start, 7, UNIT_SWORDSMAN (3473444), UNITOPERATION_SWAP_UNITS (49)
054, Adding, 7, UNIT_SWORDSMAN (3473444), UNITOPERATION_MOVE_TO (19)
054, Adding, 7, UNIT_CATAPULT (4456488), UNITOPERATION_SWAP_UNITS (49)
054, Can't Start, 7, UNIT_CATAPULT (4456488), UNITOPERATION_SWAP_UNITS (49)
054, Adding, 7, UNIT_CATAPULT (4456488), UNITOPERATION_MOVE_TO (19)
054, Adding, 7, UNIT_SKIRMISHER (3866661), UNITOPERATION_MOVE_TO (19)
054, Adding, 7, UNIT_MAN_AT_ARMS (5701651), UNITOPERATION_MOVE_TO (19)
054, Adding, 7, UNIT_MAN_AT_ARMS (5505038), UNITOPERATION_MOVE_TO (19)
054, Adding, 7, UNIT_MAN_AT_ARMS (5439515), UNITOPERATION_MOVE_TO (19)
054, Adding, 7, UNIT_MAN_AT_ARMS (5767175), UNITOPERATION_MOVE_TO (19)
054, Adding, 7, UNIT_CROSSBOWMAN (5308455), UNITOPERATION_MOVE_TO (19)
054, Adding, 7, UNIT_TREBUCHET (6225966), UNITOPERATION_MOVE_TO (19)
054, Adding, 7, UNIT_GREAT_SCIENTIST (7274539), UNITOPERATION_SWAP_UNITS (49)
054, Can't Start, 7, UNIT_GREAT_SCIENTIST (7274539), UNITOPERATION_SWAP_UNITS (49)
054, Adding, 7, UNIT_GREAT_SCIENTIST (7274539), UNITOPERATION_MOVE_TO (19)
054, Adding, 7, UNIT_BUILDER (6553650), UNITOPERATION_SWAP_UNITS (49)
054, Can't Start, 7, UNIT_BUILDER (6553650), UNITOPERATION_SWAP_UNITS (49)
054, Adding, 7, UNIT_BUILDER (6553650), UNITOPERATION_MOVE_TO (19)
054, Adding, 7, UNIT_BUILDER (6553650), UNITOPERATION_HARVEST_RESOURCE (16)
054, Adding, 7, UNIT_BUILDER (6553650), UNITOPERATION_BUILD_IMPROVEMENT (2)
054, Can't Start, 7, UNIT_BUILDER (6553650), UNITOPERATION_BUILD_IMPROVEMENT (2)
054, Adding, 7, UNIT_BUILDER (6488113), UNITOPERATION_SWAP_UNITS (49)
054, Can't Start, 7, UNIT_BUILDER (6488113), UNITOPERATION_SWAP_UNITS (49)
054, Adding, 7, UNIT_BUILDER (6488113), UNITOPERATION_MOVE_TO (19)
054, Adding, 7, UNIT_BUILDER (6291503), UNITOPERATION_SWAP_UNITS (49)
054, Can't Start, 7, UNIT_BUILDER (6291503), UNITOPERATION_SWAP_UNITS (49)
054, Adding, 7, UNIT_BUILDER (6291503), UNITOPERATION_MOVE_TO (19)
054, Adding, 7, UNIT_GREAT_WRITER (6357040), UNITOPERATION_SWAP_UNITS (49)
054, Can't Start, 7, UNIT_GREAT_WRITER (6357040), UNITOPERATION_SWAP_UNITS (49)
054, Adding, 7, UNIT_GREAT_WRITER (6357040), UNITOPERATION_MOVE_TO (19)
054, Adding, 7, UNIT_GREAT_WRITER (5046306), UNITOPERATION_SWAP_UNITS (49)
054, Can't Start, 7, UNIT_GREAT_WRITER (5046306), UNITOPERATION_SWAP_UNITS (49)
054, Adding, 7, UNIT_GREAT_WRITER (5046306), UNITOPERATION_MOVE_TO (19)
054, Adding, 7, UNIT_BUILDER (6619187), UNITOPERATION_SWAP_UNITS (49)
054, Can't Start, 7, UNIT_BUILDER (6619187), UNITOPERATION_SWAP_UNITS (49)
054, Adding, 7, UNIT_BUILDER (6619187), UNITOPERATION_MOVE_TO (19)
054, Adding, 7, UNIT_GREAT_WRITER (7209004), UNITOPERATION_SWAP_UNITS (49)
054, Can't Start, 7, UNIT_GREAT_WRITER (7209004), UNITOPERATION_SWAP_UNITS (49)
054, Adding, 7, UNIT_GREAT_WRITER (7209004), UNITOPERATION_MOVE_TO (19)
054, Adding, 7, UNIT_SKIRMISHER (4522025), UNITOPERATION_MOVE_TO (19)
054, Adding, 7, UNIT_KNIGHT (6684710), UNITOPERATION_MOVE_TO (19)
054, Adding, 7, UNIT_MAN_AT_ARMS (5242925), UNITOPERATION_MOVE_TO (19)
054, Adding, 7, UNIT_MUSKETMAN (6946868), UNITOPERATION_MOVE_TO (19)
054, Adding, 7, UNIT_MUSKETMAN (7012405), UNITOPERATION_MOVE_TO (19)
054, Adding, 7, UNIT_MUSKETMAN (7077942), UNITOPERATION_MOVE_TO (19)
054, Adding, 7, UNIT_MUSKETMAN (7143479), UNITOPERATION_MOVE_TO (19)
054, Adding, 7, UNIT_MUSKETMAN (6881285), UNITOPERATION_MOVE_TO (19)
054, Adding, 7, UNIT_SKIRMISHER (3735570), UNITOPERATION_MOVE_TO (19)
054, Adding, 7, UNIT_SKIRMISHER (3538973), UNITOPERATION_MOVE_TO (19)
054, Adding, 7, UNIT_SKIRMISHER (3538973), UNITOPERATION_MOVE_TO (19)
054, Adding, 7, UNIT_TAOIST (851968), UNITOPERATION_MOVE_TO (19)
054, Adding, 7, UNIT_SKIRMISHER (6029329), UNITOPERATION_MOVE_TO (19)
054, Adding, 7, UNIT_SKIRMISHER (3670036), UNITOPERATION_MOVE_TO (19)
054, Adding, 7, UNIT_SKIRMISHER (3932181), UNITOPERATION_MOVE_TO (19)
054, Adding, 7, UNIT_SKIRMISHER (4849692), UNITOPERATION_MOVE_TO (19)
054, Adding, 7, UNIT_SKIRMISHER (3407907), UNITOPERATION_MOVE_TO (19)
054, Adding, 7, UNIT_SKIRMISHER (4587562), UNITOPERATION_MOVE_TO (19)
054, Adding, 7, UNIT_TAOIST (851968), UNITOPERATION_SKIP_TURN (36)
054, Adding, 7, UNIT_BUILDER (6094849), UNITOPERATION_SKIP_TURN (36)
054, Adding, 7, UNIT_SKIRMISHER (6029329), UNITOPERATION_SKIP_TURN (36)
054, Adding, 7, UNIT_SKIRMISHER (3670036), UNITOPERATION_SKIP_TURN (36)
054, Adding, 7, UNIT_SKIRMISHER (3932181), UNITOPERATION_SKIP_TURN (36)
054, Adding, 7, UNIT_SKIRMISHER (4849692), UNITOPERATION_SKIP_TURN (36)
054, Adding, 7, UNIT_SKIRMISHER (3407907), UNITOPERATION_SKIP_TURN (36)
054, Adding, 7, UNIT_SKIRMISHER (4587562), UNITOPERATION_SKIP_TURN (36)
054, Can't Start, 7, UNIT_BUILDER (6553650), UNITOPERATION_BUILD_IMPROVEMENT (2)
054, Adding, 8, UNIT_TRADER (1048588), UNITOPERATION_MAKE_TRADE_ROUTE (18)
054, Can't Start, 8, UNIT_TRADER (1048588), UNITOPERATION_MAKE_TRADE_ROUTE (18)
054, Adding, 8, UNIT_MUSKETMAN (8978505), UNITOPERATION_MOVE_TO (19)
054, Adding, 8, UNIT_SETTLER (9699343), UNITOPERATION_MOVE_TO (19)
054, Adding, 8, UNIT_HORSEMAN (4587566), UNITOPERATION_SWAP_UNITS (49)
054, Can't Start, 8, UNIT_HORSEMAN (4587566), UNITOPERATION_SWAP_UNITS (49)
054, Adding, 8, UNIT_HORSEMAN (4587566), UNITOPERATION_MOVE_TO (19)
054, Adding, 8, UNIT_TREBUCHET (7274555), UNITOPERATION_SWAP_UNITS (49)
054, Can't Start, 8, UNIT_TREBUCHET (7274555), UNITOPERATION_SWAP_UNITS (49)
054, Adding, 8, UNIT_TREBUCHET (7274555), UNITOPERATION_MOVE_TO (19)
054, Adding, 8, UNIT_BUILDER (9568264), UNITOPERATION_SWAP_UNITS (49)
054, Can't Start, 8, UNIT_BUILDER (9568264), UNITOPERATION_SWAP_UNITS (49)
054, Adding, 8, UNIT_BUILDER (9568264), UNITOPERATION_MOVE_TO (19)
054, Adding, 8, UNIT_BUILDER (9044021), UNITOPERATION_SWAP_UNITS (49)
054, Can't Start, 8, UNIT_BUILDER (9044021), UNITOPERATION_SWAP_UNITS (49)
054, Adding, 8, UNIT_BUILDER (9044021), UNITOPERATION_MOVE_TO (19)
054, Adding, 8, UNIT_BUILDER (9044021), UNITOPERATION_BUILD_IMPROVEMENT (2)
054, Adding, 8, UNIT_BUILDER (8716357), UNITOPERATION_SWAP_UNITS (49)
054, Can't Start, 8, UNIT_BUILDER (8716357), UNITOPERATION_SWAP_UNITS (49)
054, Adding, 8, UNIT_BUILDER (8716357), UNITOPERATION_MOVE_TO (19)
054, Adding, 8, UNIT_BUILDER (8716357), UNITOPERATION_REMOVE_IMPROVEMENT (30)
054, Adding, 8, UNIT_BUILDER (8716357), UNITOPERATION_BUILD_IMPROVEMENT (2)
054, Can't Start, 8, UNIT_BUILDER (8716357), UNITOPERATION_BUILD_IMPROVEMENT (2)
054, Adding, 8, UNIT_BUILDER (9502780), UNITOPERATION_SWAP_UNITS (49)
054, Can't Start, 8, UNIT_BUILDER (9502780), UNITOPERATION_SWAP_UNITS (49)
054, Adding, 8, UNIT_BUILDER (9502780), UNITOPERATION_MOVE_TO (19)
054, Adding, 8, UNIT_MILITARY_ENGINEER (9240643), UNITOPERATION_SWAP_UNITS (49)
054, Can't Start, 8, UNIT_MILITARY_ENGINEER (9240643), UNITOPERATION_SWAP_UNITS (49)
054, Adding, 8, UNIT_MILITARY_ENGINEER (9240643), UNITOPERATION_MOVE_TO (19)
054, Adding, 8, UNIT_MILITARY_ENGINEER (9240643), UNITOPERATION_BUILD_IMPROVEMENT (2)
054, Adding, 8, UNIT_MUSKETMAN (9109556), UNITOPERATION_FORTIFY (12)
054, Can't Start, 8, UNIT_MUSKETMAN (9109556), UNITOPERATION_FORTIFY (12)
054, Adding, 8, UNIT_VIETNAMESE_VOI_CHIEN (7208961), UNITOPERATION_MOVE_TO (19)
054, Adding, 8, UNIT_VIETNAMESE_VOI_CHIEN (5439490), UNITOPERATION_MOVE_TO (19)
054, Adding, 8, UNIT_VIETNAMESE_VOI_CHIEN (7405574), UNITOPERATION_MOVE_TO (19)
054, Adding, 8, UNIT_KNIGHT (8454163), UNITOPERATION_MOVE_TO (19)
054, Adding, 8, UNIT_VIETNAMESE_VOI_CHIEN (5767195), UNITOPERATION_MOVE_TO (19)
054, Adding, 8, UNIT_MUSKETMAN (9633822), UNITOPERATION_MOVE_TO (19)
054, Adding, 8, UNIT_MUSKETMAN (9437219), UNITOPERATION_MOVE_TO (19)
054, Adding, 8, UNIT_MUSKETMAN (9895981), UNITOPERATION_MOVE_TO (19)
054, Adding, 8, UNIT_MUSKETMAN (9306161), UNITOPERATION_MOVE_TO (19)
054, Adding, 8, UNIT_MUSKETMAN (9175090), UNITOPERATION_MOVE_TO (19)
054, Adding, 8, UNIT_KNIGHT (8257600), UNITOPERATION_MOVE_TO (19)
054, Adding, 8, UNIT_MUSKETMAN (8781894), UNITOPERATION_MOVE_TO (19)
054, Can't Start, 8, UNIT_MUSKETMAN (8781894), UNITOPERATION_MOVE_TO (19)
054, Adding, 8, UNIT_MUSKETMAN (8847431), UNITOPERATION_MOVE_TO (19)
054, Adding, 8, UNIT_MUSKETMAN (8912968), UNITOPERATION_MOVE_TO (19)
054, Adding, 8, UNIT_MUSKETMAN (10027084), UNITOPERATION_MOVE_TO (19)
054, Adding, 8, UNIT_VIETNAMESE_VOI_CHIEN (5832707), UNITOPERATION_MOVE_TO (19)
054, Adding, 8, UNIT_VIETNAMESE_VOI_CHIEN (7864324), UNITOPERATION_MOVE_TO (19)
054, Adding, 8, UNIT_VIETNAMESE_VOI_CHIEN (7143429), UNITOPERATION_MOVE_TO (19)
054, Adding, 8, UNIT_VIETNAMESE_VOI_CHIEN (6946823), UNITOPERATION_MOVE_TO (19)
054, Adding, 8, UNIT_VIETNAMESE_VOI_CHIEN (5111825), UNITOPERATION_MOVE_TO (19)
054, Adding, 8, UNIT_VIETNAMESE_VOI_CHIEN (5373972), UNITOPERATION_MOVE_TO (19)
054, Adding, 8, UNIT_VIETNAMESE_VOI_CHIEN (6357013), UNITOPERATION_MOVE_TO (19)
054, Adding, 8, UNIT_VIETNAMESE_VOI_CHIEN (7340054), UNITOPERATION_MOVE_TO (19)
054, Adding, 8, UNIT_VIETNAMESE_VOI_CHIEN (6029335), UNITOPERATION_MOVE_TO (19)
054, Adding, 8, UNIT_VIETNAMESE_VOI_CHIEN (7667738), UNITOPERATION_MOVE_TO (19)
054, Adding, 8, UNIT_VIETNAMESE_VOI_CHIEN (5046300), UNITOPERATION_MOVE_TO (19)
054, Adding, 8, UNIT_VIETNAMESE_VOI_CHIEN (7602205), UNITOPERATION_MOVE_TO (19)
054, Adding, 8, UNIT_VIETNAMESE_VOI_CHIEN (8060959), UNITOPERATION_MOVE_TO (19)
054, Adding, 8, UNIT_VIETNAMESE_VOI_CHIEN (7798816), UNITOPERATION_MOVE_TO (19)
054, Adding, 8, UNIT_VIETNAMESE_VOI_CHIEN (6881313), UNITOPERATION_MOVE_TO (19)
054, Adding, 8, UNIT_VIETNAMESE_VOI_CHIEN (7077922), UNITOPERATION_MOVE_TO (19)
054, Adding, 8, UNIT_VIETNAMESE_VOI_CHIEN (5308458), UNITOPERATION_MOVE_TO (19)
054, Adding, 8, UNIT_VIETNAMESE_VOI_CHIEN (5570604), UNITOPERATION_MOVE_TO (19)
054, Adding, 8, UNIT_VIETNAMESE_VOI_CHIEN (8192063), UNITOPERATION_MOVE_TO (19)
054, Adding, 8, UNIT_VIETNAMESE_VOI_CHIEN (10092621), UNITOPERATION_MOVE_TO (19)
054, Adding, 8, UNIT_APOSTLE (9371687), UNITOPERATION_SWAP_UNITS (49)
054, Can't Start, 8, UNIT_APOSTLE (9371687), UNITOPERATION_SWAP_UNITS (49)
054, Adding, 8, UNIT_APOSTLE (9371687), UNITOPERATION_MOVE_TO (19)
054, Adding, 8, UNIT_APOSTLE (8650820), UNITOPERATION_MOVE_TO (19)
054, Adding, 8, UNIT_MISSIONARY (7471104), UNITOPERATION_MOVE_TO (19)
054, Adding, 8, UNIT_MISSIONARY (6094857), UNITOPERATION_MOVE_TO (19)
054, Adding, 8, UNIT_MISSIONARY (5177355), UNITOPERATION_MOVE_TO (19)
054, Adding, 8, UNIT_MISSIONARY (3866637), UNITOPERATION_MOVE_TO (19)
054, Adding, 8, UNIT_MISSIONARY (4259864), UNITOPERATION_MOVE_TO (19)
054, Adding, 8, UNIT_MISSIONARY (4849689), UNITOPERATION_MOVE_TO (19)
054, Adding, 8, UNIT_MISSIONARY (3670053), UNITOPERATION_MOVE_TO (19)
054, Adding, 8, UNIT_MISSIONARY (5701670), UNITOPERATION_MOVE_TO (19)
054, Adding, 8, UNIT_APOSTLE (9371687), UNITOPERATION_MOVE_TO (19)
054, Adding, 8, UNIT_MISSIONARY (4063272), UNITOPERATION_MOVE_TO (19)
054, Adding, 8, UNIT_MISSIONARY (4784176), UNITOPERATION_MOVE_TO (19)
054, Adding, 8, UNIT_MISSIONARY (6488118), UNITOPERATION_MOVE_TO (19)
054, Adding, 8, UNIT_MISSIONARY (6684728), UNITOPERATION_MOVE_TO (19)
054, Adding, 8, UNIT_MISSIONARY (7733309), UNITOPERATION_MOVE_TO (19)
054, Adding, 8, UNIT_MISSIONARY (7929918), UNITOPERATION_MOVE_TO (19)
054, Adding, 8, UNIT_MISSIONARY (8323137), UNITOPERATION_MOVE_TO (19)
054, Adding, 8, UNIT_MISSIONARY (8519746), UNITOPERATION_MOVE_TO (19)
054, Adding, 8, UNIT_MISSIONARY (8519746), UNITOPERATION_REMOVE_HERESY (29)
054, Can't Start, 8, UNIT_MISSIONARY (8519746), UNITOPERATION_REMOVE_HERESY (29)
054, Adding, 8, UNIT_APOSTLE (8650820), UNITOPERATION_MOVE_TO (19)
054, Adding, 8, UNIT_SKIRMISHER (5505075), UNITOPERATION_MOVE_TO (19)
054, Adding, 8, UNIT_SKIRMISHER (4128809), UNITOPERATION_MOVE_TO (19)
054, Adding, 8, UNIT_SKIRMISHER (4128809), UNITOPERATION_MOVE_TO (19)
054, Adding, 8, UNIT_SKIRMISHER (6553655), UNITOPERATION_MOVE_TO (19)
054, Adding, 8, UNIT_SKIRMISHER (6750265), UNITOPERATION_MOVE_TO (19)
054, Adding, 8, UNIT_SKIRMISHER (7012410), UNITOPERATION_MOVE_TO (19)
054, Adding, 8, UNIT_BUILDER (9961482), UNITOPERATION_SKIP_TURN (36)
054, Adding, 8, UNIT_MILITARY_ENGINEER (8126482), UNITOPERATION_SKIP_TURN (36)
054, Adding, 8, UNIT_MILITARY_ENGINEER (8388644), UNITOPERATION_SKIP_TURN (36)
054, Adding, 8, UNIT_MILITARY_ENGINEER (7995435), UNITOPERATION_SKIP_TURN (36)
054, Adding, 8, UNIT_SKIRMISHER (6553655), UNITOPERATION_SKIP_TURN (36)
054, Adding, 8, UNIT_SKIRMISHER (6750265), UNITOPERATION_SKIP_TURN (36)
054, Adding, 8, UNIT_SKIRMISHER (7012410), UNITOPERATION_SKIP_TURN (36)
054, Can't Start, 8, UNIT_TRADER (1048588), UNITOPERATION_MAKE_TRADE_ROUTE (18)
054, Can't Start, 8, UNIT_MISSIONARY (8519746), UNITOPERATION_REMOVE_HERESY (29)
054, Can't Start, 8, UNIT_BUILDER (8716357), UNITOPERATION_BUILD_IMPROVEMENT (2)
054, Adding, 9, UNIT_CROSSBOWMAN (5242890), UNITOPERATION_SWAP_UNITS (49)
054, Adding, 9, UNIT_CROSSBOWMAN (6160431), UNITOPERATION_MOVE_TO (19)
054, Can't Start, 9, UNIT_CROSSBOWMAN (6160431), UNITOPERATION_MOVE_TO (19)
054, Adding, 9, UNIT_MUSKETMAN (10354751), UNITOPERATION_MOVE_TO (19)
054, Can't Start, 9, UNIT_MUSKETMAN (10354751), UNITOPERATION_MOVE_TO (19)
054, Adding, 9, UNIT_MUSKETMAN (9699356), UNITOPERATION_SWAP_UNITS (49)
054, Can't Start, 9, UNIT_MUSKETMAN (9699356), UNITOPERATION_SWAP_UNITS (49)
054, Adding, 9, UNIT_MUSKETMAN (9699356), UNITOPERATION_MOVE_TO (19)
054, Adding, 9, UNIT_SETTLER (10420280), UNITOPERATION_MOVE_TO (19)
054, Can't Start, 9, UNIT_SETTLER (10420280), UNITOPERATION_MOVE_TO (19)
054, Adding, 9, UNIT_BUILDER (9437201), UNITOPERATION_SWAP_UNITS (49)
054, Can't Start, 9, UNIT_BUILDER (9437201), UNITOPERATION_SWAP_UNITS (49)
054, Adding, 9, UNIT_BUILDER (9437201), UNITOPERATION_MOVE_TO (19)
054, Adding, 9, UNIT_BUILDER (9437201), UNITOPERATION_BUILD_IMPROVEMENT (2)
054, Adding, 9, UNIT_BUILDER (10223677), UNITOPERATION_SWAP_UNITS (49)
054, Can't Start, 9, UNIT_BUILDER (10223677), UNITOPERATION_SWAP_UNITS (49)
054, Adding, 9, UNIT_BUILDER (10223677), UNITOPERATION_MOVE_TO (19)
054, Adding, 9, UNIT_BUILDER (10223677), UNITOPERATION_BUILD_IMPROVEMENT (2)
054, Adding, 9, UNIT_BUILDER (10158117), UNITOPERATION_SWAP_UNITS (49)
054, Can't Start, 9, UNIT_BUILDER (10158117), UNITOPERATION_SWAP_UNITS (49)
054, Adding, 9, UNIT_BUILDER (10158117), UNITOPERATION_MOVE_TO (19)
054, Adding, 9, UNIT_BUILDER (10158117), UNITOPERATION_BUILD_IMPROVEMENT (2)
054, Adding, 9, UNIT_GREAT_GENERAL (9568258), UNITOPERATION_MOVE_TO (19)
054, Can't Start, 9, UNIT_GREAT_GENERAL (9568258), UNITOPERATION_MOVE_TO (19)
054, Adding, 9, UNIT_COURSER (8257551), UNITOPERATION_MOVE_TO (19)
054, Adding, 9, UNIT_CROSSBOWMAN (4587520), UNITOPERATION_FORTIFY (12)
054, Adding, 9, UNIT_COURSER (8454174), UNITOPERATION_MOVE_TO (19)
054, Adding, 9, UNIT_MUSKETMAN (9043977), UNITOPERATION_MOVE_TO (19)
054, Adding, 9, UNIT_MUSKETMAN (9240588), UNITOPERATION_MOVE_TO (19)
054, Adding, 9, UNIT_MUSKETMAN (8978445), UNITOPERATION_MOVE_TO (19)
054, Adding, 9, UNIT_KNIGHT (9830418), UNITOPERATION_MOVE_TO (19)
054, Adding, 9, UNIT_MUSKETMAN (8912916), UNITOPERATION_MOVE_TO (19)
054, Can't Start, 9, UNIT_MUSKETMAN (8912916), UNITOPERATION_MOVE_TO (19)
054, Adding, 9, UNIT_KNIGHT (8716315), UNITOPERATION_MOVE_TO (19)
054, Adding, 9, UNIT_KNIGHT (9306158), UNITOPERATION_MOVE_TO (19)
054, Adding, 9, UNIT_MAN_AT_ARMS (6357042), UNITOPERATION_MOVE_TO (19)
054, Adding, 9, UNIT_MAN_AT_ARMS (6422579), UNITOPERATION_MOVE_TO (19)
054, Adding, 9, UNIT_MAN_AT_ARMS (6488116), UNITOPERATION_MOVE_TO (19)
054, Adding, 9, UNIT_MAN_AT_ARMS (7209015), UNITOPERATION_MOVE_TO (19)
054, Adding, 9, UNIT_MUSKETMAN (10027068), UNITOPERATION_MOVE_TO (19)
054, Adding, 9, UNIT_CROSSBOWMAN (7864328), UNITOPERATION_MOVE_TO (19)
054, Adding, 9, UNIT_CROSSBOWMAN (4521995), UNITOPERATION_MOVE_TO (19)
054, Adding, 9, UNIT_CROSSBOWMAN (6946840), UNITOPERATION_MOVE_TO (19)
054, Adding, 9, UNIT_CROSSBOWMAN (5701661), UNITOPERATION_MOVE_TO (19)
054, Adding, 9, UNIT_MUSKETMAN (9633826), UNITOPERATION_MOVE_TO (19)
054, Adding, 9, UNIT_CROSSBOWMAN (6750246), UNITOPERATION_MOVE_TO (19)
054, Adding, 9, UNIT_CROSSBOWMAN (4653096), UNITOPERATION_MOVE_TO (19)
054, Adding, 9, UNIT_CROSSBOWMAN (4718633), UNITOPERATION_MOVE_TO (19)
054, Adding, 9, UNIT_CROSSBOWMAN (5308459), UNITOPERATION_MOVE_TO (19)
054, Adding, 9, UNIT_MAN_AT_ARMS (6553653), UNITOPERATION_MOVE_TO (19)
054, Adding, 9, UNIT_MAN_AT_ARMS (6619190), UNITOPERATION_MOVE_TO (19)
054, Adding, 9, UNIT_TREBUCHET (8323130), UNITOPERATION_MOVE_TO (19)
054, Adding, 9, UNIT_BUILDER (9895937), UNITOPERATION_MOVE_TO (19)
054, Adding, 9, UNIT_MISSIONARY (4390915), UNITOPERATION_MOVE_TO (19)
054, Adding, 9, UNIT_MISSIONARY (9502727), UNITOPERATION_MOVE_TO (19)
054, Adding, 9, UNIT_MISSIONARY (5570574), UNITOPERATION_MOVE_TO (19)
054, Adding, 9, UNIT_MISSIONARY (7798800), UNITOPERATION_MOVE_TO (19)
054, Adding, 9, UNIT_MISSIONARY (8192019), UNITOPERATION_MOVE_TO (19)
054, Adding, 9, UNIT_MISSIONARY (5177365), UNITOPERATION_MOVE_TO (19)
054, Adding, 9, UNIT_MISSIONARY (5439513), UNITOPERATION_MOVE_TO (19)
054, Adding, 9, UNIT_MISSIONARY (6881306), UNITOPERATION_MOVE_TO (19)
054, Adding, 9, UNIT_MISSIONARY (9175071), UNITOPERATION_MOVE_TO (19)
054, Adding, 9, UNIT_MISSIONARY (4915232), UNITOPERATION_MOVE_TO (19)
054, Adding, 9, UNIT_MISSIONARY (8650787), UNITOPERATION_MOVE_TO (19)
054, Adding, 9, UNIT_MISSIONARY (7274538), UNITOPERATION_MOVE_TO (19)
054, Adding, 9, UNIT_MISSIONARY (5832748), UNITOPERATION_MOVE_TO (19)
054, Adding, 9, UNIT_MISSIONARY (5832748), UNITOPERATION_SPREAD_RELIGION (38)
054, Adding, 9, UNIT_MISSIONARY (6225968), UNITOPERATION_MOVE_TO (19)
054, Adding, 9, UNIT_MISSIONARY (8519737), UNITOPERATION_MOVE_TO (19)
054, Adding, 9, UNIT_SKIRMISHER (5046276), UNITOPERATION_MOVE_TO (19)
054, Adding, 9, UNIT_SKIRMISHER (5046276), UNITOPERATION_MOVE_TO (19)
054, Adding, 9, UNIT_SKIRMISHER (5046276), UNITOPERATION_MOVE_TO (19)
054, Adding, 9, UNIT_SKIRMISHER (5111830), UNITOPERATION_MOVE_TO (19)
054, Adding, 9, UNIT_SKIRMISHER (5111830), UNITOPERATION_SKIP_TURN (36)
054, Adding, 9, UNIT_BUILDER (9764897), UNITOPERATION_SKIP_TURN (36)
054, Adding, 9, UNIT_MILITARY_ENGINEER (8585255), UNITOPERATION_SKIP_TURN (36)
054, Can't Start, 9, UNIT_MUSKETMAN (10354751), UNITOPERATION_MOVE_TO (19)
054, Adding, 10, UNIT_BUILDER (1048583), UNITOPERATION_SWAP_UNITS (49)
054, Can't Start, 10, UNIT_BUILDER (1048583), UNITOPERATION_SWAP_UNITS (49)
054, Adding, 10, UNIT_BUILDER (1048583), UNITOPERATION_MOVE_TO (19)
054, Adding, 10, UNIT_BUILDER (1048583), UNITOPERATION_REMOVE_IMPROVEMENT (30)
054, Adding, 10, UNIT_BUILDER (1048583), UNITOPERATION_BUILD_IMPROVEMENT (2)
054, Can't Start, 10, UNIT_BUILDER (1048583), UNITOPERATION_BUILD_IMPROVEMENT (2)
054, Adding, 10, UNIT_CROSSBOWMAN (983040), UNITOPERATION_MOVE_TO (19)
054, Adding, 10, UNIT_SWORDSMAN (786433), UNITOPERATION_MOVE_TO (19)
054, Adding, 10, UNIT_SWORDSMAN (917506), UNITOPERATION_MOVE_TO (19)
054, Adding, 10, UNIT_SWORDSMAN (851971), UNITOPERATION_MOVE_TO (19)
054, Adding, 10, UNIT_CROSSBOWMAN (1179652), UNITOPERATION_MOVE_TO (19)
054, Adding, 10, UNIT_SWORDSMAN (720902), UNITOPERATION_MOVE_TO (19)
054, Adding, 10, UNIT_SWORDSMAN (1114120), UNITOPERATION_MOVE_TO (19)
054, Can't Start, 10, UNIT_BUILDER (1048583), UNITOPERATION_BUILD_IMPROVEMENT (2)
054, Adding, 12, UNIT_BUILDER (917504), UNITOPERATION_SWAP_UNITS (49)
054, Can't Start, 12, UNIT_BUILDER (917504), UNITOPERATION_SWAP_UNITS (49)
054, Adding, 12, UNIT_BUILDER (917504), UNITOPERATION_MOVE_TO (19)
054, Adding, 12, UNIT_CROSSBOWMAN (720898), UNITOPERATION_MOVE_TO (19)
054, Adding, 12, UNIT_SWORDSMAN (655361), UNITOPERATION_MOVE_TO (19)
054, Adding, 12, UNIT_CROSSBOWMAN (786435), UNITOPERATION_MOVE_TO (19)
054, Adding, 13, UNIT_SWORDSMAN (655361), UNITOPERATION_MOVE_TO (19)
054, Adding, 13, UNIT_CATAPULT (720898), UNITOPERATION_MOVE_TO (19)
054, Adding, 13, UNIT_HEAVY_CHARIOT (524292), UNITOPERATION_MOVE_TO (19)
054, Adding, 13, UNIT_SWORDSMAN (589829), UNITOPERATION_MOVE_TO (19)
054, Adding, 13, UNIT_CROSSBOWMAN (851974), UNITOPERATION_MOVE_TO (19)
054, Adding, 13, UNIT_BUILDER (786432), UNITOPERATION_SKIP_TURN (36)
054, Adding, 14, UNIT_BUILDER (720896), UNITOPERATION_REMOVE_FEATURE (28)
054, Can't Start, 14, UNIT_BUILDER (720896), UNITOPERATION_REMOVE_FEATURE (28)
054, Adding, 14, UNIT_CROSSBOWMAN (786434), UNITOPERATION_MOVE_TO (19)
054, Adding, 15, UNIT_SWORDSMAN (983041), UNITOPERATION_MOVE_TO (19)
054, Adding, 15, UNIT_HORSEMAN (1179652), UNITOPERATION_MOVE_TO (19)
054, Adding, 15, UNIT_HORSEMAN (720902), UNITOPERATION_MOVE_TO (19)
054, Adding, 15, UNIT_SWORDSMAN (786439), UNITOPERATION_MOVE_TO (19)
054, Adding, 15, UNIT_SWORDSMAN (851976), UNITOPERATION_MOVE_TO (19)
054, Adding, 15, UNIT_SWORDSMAN (1048585), UNITOPERATION_MOVE_TO (19)
054, Adding, 15, UNIT_SWORDSMAN (1114122), UNITOPERATION_MOVE_TO (19)
054, Adding, 15, UNIT_BUILDER (917507), UNITOPERATION_SKIP_TURN (36)
054, Adding, 17, UNIT_SWORDSMAN (1048577), UNITOPERATION_SWAP_UNITS (49)
054, Can't Start, 17, UNIT_SWORDSMAN (1048577), UNITOPERATION_SWAP_UNITS (49)
054, Adding, 17, UNIT_SWORDSMAN (1048577), UNITOPERATION_MOVE_TO (19)
054, Adding, 17, UNIT_BUILDER (1572871), UNITOPERATION_SWAP_UNITS (49)
054, Can't Start, 17, UNIT_BUILDER (1572871), UNITOPERATION_SWAP_UNITS (49)
054, Adding, 17, UNIT_BUILDER (1572871), UNITOPERATION_MOVE_TO (19)
054, Adding, 17, UNIT_BUILDER (1572871), UNITOPERATION_BUILD_IMPROVEMENT (2)
054, Adding, 17, UNIT_CROSSBOWMAN (1179652), UNITOPERATION_SWAP_UNITS (49)
054, Can't Start, 17, UNIT_CROSSBOWMAN (1179652), UNITOPERATION_SWAP_UNITS (49)
054, Adding, 17, UNIT_CROSSBOWMAN (1179652), UNITOPERATION_MOVE_TO (19)
054, Adding, 17, UNIT_MAN_AT_ARMS (1507328), UNITOPERATION_SWAP_UNITS (49)
054, Adding, 17, UNIT_MAN_AT_ARMS (1507328), UNITOPERATION_MOVE_TO (19)
054, Adding, 17, UNIT_CROSSBOWMAN (1179652), UNITOPERATION_RANGE_ATTACK (26)
054, Can't Start, 17, UNIT_CROSSBOWMAN (1179652), UNITOPERATION_RANGE_ATTACK (26)
054, Adding, 17, UNIT_CROSSBOWMAN (1179652), UNITOPERATION_MOVE_TO (19)
054, Can't Start, 17, UNIT_CROSSBOWMAN (1179652), UNITOPERATION_MOVE_TO (19)
054, Adding, 17, UNIT_MAN_AT_ARMS (1441797), UNITOPERATION_FORTIFY (12)
054, Adding, 17, UNIT_MAN_AT_ARMS (1376259), UNITOPERATION_MOVE_TO (19)
054, Adding, 17, UNIT_MAN_AT_ARMS (1310728), UNITOPERATION_MOVE_TO (19)
054, Can't Start, 17, UNIT_CROSSBOWMAN (1179652), UNITOPERATION_MOVE_TO (19)
054, Adding, 20, UNIT_SWORDSMAN (720896), UNITOPERATION_MOVE_TO (19)
054, Adding, 20, UNIT_CROSSBOWMAN (983041), UNITOPERATION_MOVE_TO (19)
054, Adding, 20, UNIT_CROSSBOWMAN (851970), UNITOPERATION_MOVE_TO (19)
054, Adding, 20, UNIT_HEAVY_CHARIOT (458756), UNITOPERATION_MOVE_TO (19)
054, Adding, 20, UNIT_CROSSBOWMAN (1048582), UNITOPERATION_MOVE_TO (19)
054, Adding, 20, UNIT_SWORDSMAN (786439), UNITOPERATION_MOVE_TO (19)
054, Adding, 20, UNIT_CROSSBOWMAN (1114120), UNITOPERATION_MOVE_TO (19)
054, Adding, 20, UNIT_BUILDER (917509), UNITOPERATION_SKIP_TURN (36)
054, Adding, 21, UNIT_SWORDSMAN (786440), UNITOPERATION_SWAP_UNITS (49)
054, Can't Start, 21, UNIT_SWORDSMAN (786440), UNITOPERATION_SWAP_UNITS (49)
054, Adding, 21, UNIT_SWORDSMAN (786440), UNITOPERATION_MOVE_TO (19)
054, Adding, 21, UNIT_SWORDSMAN (917513), UNITOPERATION_SWAP_UNITS (49)
054, Can't Start, 21, UNIT_SWORDSMAN (917513), UNITOPERATION_SWAP_UNITS (49)
054, Adding, 21, UNIT_SWORDSMAN (917513), UNITOPERATION_MOVE_TO (19)
054, Adding, 21, UNIT_MAN_AT_ARMS (1572864), UNITOPERATION_MOVE_TO (19)
054, Adding, 21, UNIT_CROSSBOWMAN (851970), UNITOPERATION_MOVE_TO (19)
054, Adding, 21, UNIT_KNIGHT (1376260), UNITOPERATION_MOVE_TO (19)
054, Adding, 21, UNIT_CROSSBOWMAN (1114118), UNITOPERATION_MOVE_TO (19)
054, Adding, 21, UNIT_MAN_AT_ARMS (1507335), UNITOPERATION_MOVE_TO (19)
054, Adding, 21, UNIT_CROSSBOWMAN (1310730), UNITOPERATION_MOVE_TO (19)
054, Adding, 21, UNIT_TREBUCHET (1441803), UNITOPERATION_MOVE_TO (19)
054, Adding, 1, UNIT_BABYLONIAN_SABUM_KIBITTUM (196608), UNITOPERATION_HEAL (13)
054, Adding, 4, UNIT_VAMPIRE (4128790), UNITOPERATION_MOVE_TO (19)
054, Adding, 2, UNIT_KNIGHT (1638407), UNITOPERATION_MOVE_TO (19)
054, Adding, 4, UNIT_VAMPIRE (4128790), UNITOPERATION_MOVE_TO (19)
054, Adding, 4, UNIT_VAMPIRE (4128790), UNITOPERATION_MOVE_TO (19)
054, Adding, 1, UNIT_BUILDER (2949130), UNITOPERATION_BUILD_IMPROVEMENT (2)
054, Adding, 1, UNIT_BUILDER (2949130), UNITOPERATION_MOVE_TO (19)
054, Adding, 2, UNIT_INDIAN_VARU (1507331), UNITOPERATION_MOVE_TO (19)
054, Adding, 1, UNIT_GREAT_ENGINEER (3211266), UNITOPERATION_MOVE_TO (19)
054, Adding, 0, UNIT_KNIGHT (2293777), UNITOPERATION_MOVE_TO (19)
054, Adding, 3, UNIT_BUILDER (2031625), UNITOPERATION_MOVE_TO (19)
054, Adding, 3, UNIT_BUILDER (2031625), UNITOPERATION_BUILD_IMPROVEMENT (2)
054, Adding, 2, UNIT_SCOUT (196608), UNITOPERATION_MOVE_TO (19)
054, Adding, 2, UNIT_KNIGHT (2228232), UNITOPERATION_MOVE_TO (19)
054, Adding, 1, UNIT_BUILDER (2883596), UNITOPERATION_REMOVE_FEATURE (28)
054, Adding, 0, UNIT_VAMPIRE (262146), UNITOPERATION_MOVE_TO (19)
054, Adding, 3, UNIT_BUILDER (2359307), UNITOPERATION_MOVE_TO (19)
054, Adding, 1, UNIT_BUILDER (3276822), UNITOPERATION_MOVE_TO (19)
054, Adding, 3, UNIT_BUILDER (2424849), UNITOPERATION_REPAIR (31)
054, Adding, 1, UNIT_BUILDER (3538964), UNITOPERATION_MOVE_TO (19)
054, Adding, 1, UNIT_BUILDER (3538964), UNITOPERATION_MOVE_TO (19)
054, Adding, 0, UNIT_SIEGE_TOWER (2752526), UNITOPERATION_MOVE_TO (19)
054, Adding, 2, UNIT_KNIGHT (2424848), UNITOPERATION_MOVE_TO (19)
054, Adding, 2, UNIT_KNIGHT (2424848), UNITOPERATION_MOVE_TO (19)
054, Adding, 1, UNIT_BUILDER (3604495), UNITOPERATION_MOVE_TO (19)
054, Adding, 1, UNIT_BUILDER (3604495), UNITOPERATION_BUILD_IMPROVEMENT (2)
054, Adding, 1, UNIT_BUILDER (3604495), UNITOPERATION_MOVE_TO (19)
054, Adding, 2, UNIT_KNIGHT (2359311), UNITOPERATION_MOVE_TO (19)
054, Adding, 0, UNIT_KNIGHT (2949136), UNITOPERATION_MOVE_TO (19)
054, Adding, 2, UNIT_KNIGHT (2555922), UNITOPERATION_MOVE_TO (19)
054, Adding, 2, UNIT_KNIGHT (2555922), UNITOPERATION_MOVE_TO (19)
054, Adding, 0, UNIT_KNIGHT (1966095), UNITOPERATION_MOVE_TO (19)
054, Adding, 2, UNIT_KNIGHT (2818070), UNITOPERATION_MOVE_TO (19)
054, Adding, 0, UNIT_KNIGHT (3014669), UNITOPERATION_MOVE_TO (19)
054, Adding, 2, UNIT_KNIGHT (2490385), UNITOPERATION_MOVE_TO (19)
054, Adding, 2, UNIT_KNIGHT (2686996), UNITOPERATION_MOVE_TO (19)
054, Adding, 1, UNIT_TRADER (589830), UNITOPERATION_MAKE_TRADE_ROUTE (18)
054, Adding, 0, UNIT_KNIGHT (3014669), UNITOPERATION_MOVE_TO (19)
054, Adding, 2, UNIT_KNIGHT (3014679), UNITOPERATION_MOVE_TO (19)
054, Adding, 2, UNIT_KNIGHT (2621459), UNITOPERATION_MOVE_TO (19)
054, Adding, 1, UNIT_BUILDER (3145737), UNITOPERATION_MOVE_TO (19)
054, Adding, 2, UNIT_KNIGHT (2883594), UNITOPERATION_MOVE_TO (19)
054, Adding, 2, UNIT_BUILDER (2031617), UNITOPERATION_MOVE_TO (19)
054, Adding, 2, UNIT_BUILDER (2031617), UNITOPERATION_BUILD_IMPROVEMENT (2)
054, Adding, 2, UNIT_KNIGHT (2752533), UNITOPERATION_MOVE_TO (19)
054, Adding, 3, UNIT_BUILDER (2490386), UNITOPERATION_MOVE_TO (19)
054, Adding, 2, UNIT_TRADER (2949129), UNITOPERATION_MAKE_TRADE_ROUTE (18)
054, Adding, 3, UNIT_BUILDER (2228230), UNITOPERATION_MOVE_TO (19)
054, Adding, 2, UNIT_BUILDER (2162699), UNITOPERATION_BUILD_IMPROVEMENT (2)
054, Adding, 2, UNIT_KNIGHT (3080216), UNITOPERATION_MOVE_TO (19)
054, Adding, 4, UNIT_CROSSBOWMAN (4521990), UNITOPERATION_MOVE_TO (19)
054, Adding, 0, UNIT_TRADER (3080200), UNITOPERATION_MAKE_TRADE_ROUTE (18)
054, Adding, 4, UNIT_CROSSBOWMAN (5046290), UNITOPERATION_MOVE_TO (19)
054, Adding, 4, UNIT_CROSSBOWMAN (4653064), UNITOPERATION_MOVE_TO (19)
054, Adding, 1, UNIT_BUILDER (3342359), UNITOPERATION_MOVE_TO (19)
054, Adding, 2, UNIT_MISSIONARY (2293774), UNITOPERATION_MOVE_TO (19)
054, Adding, 4, UNIT_BUILDER (4915224), UNITOPERATION_MOVE_TO (19)
054, Adding, 4, UNIT_BUILDER (3211266), UNITOPERATION_MOVE_TO (19)
054, Adding, 1, UNIT_BUILDER (3014663), UNITOPERATION_MOVE_TO (19)
054, Adding, 1, UNIT_BUILDER (3407896), UNITOPERATION_BUILD_IMPROVEMENT (2)
054, Adding, 0, UNIT_GREAT_GENERAL (2359308), UNITOPERATION_MOVE_TO (19)
054, Adding, 0, UNIT_GREAT_GENERAL (2359308), UNITOPERATION_MOVE_TO (19)
054, Adding, 3, UNIT_WARRIOR (131073), UNITOPERATION_MOVE_TO (19)
054, Adding, 3, UNIT_SCOUT (196608), UNITOPERATION_SKIP_TURN (36)
054, Adding, 3, UNIT_SCOUT (393218), UNITOPERATION_SKIP_TURN (36)
054, Adding, 3, UNIT_SCOUT (589829), UNITOPERATION_SKIP_TURN (36)
054, Adding, 3, UNIT_BUILDER (2228230), UNITOPERATION_SKIP_TURN (36)
054, Adding, 3, UNIT_BUILDER (2031625), UNITOPERATION_SKIP_TURN (36)
054, Adding, 3, UNIT_BUILDER (2359307), UNITOPERATION_SKIP_TURN (36)
054, Adding, 3, UNIT_BUILDER (2293774), UNITOPERATION_SKIP_TURN (36)
054, Adding, 3, UNIT_BUILDER (2424849), UNITOPERATION_SKIP_TURN (36)
054, Adding, 3, UNIT_BUILDER (2490386), UNITOPERATION_SKIP_TURN (36)
054, Adding, 3, UNIT_BUILDER (2555923), UNITOPERATION_SKIP_TURN (36)
Unit operation handler f4921fdc, is disabled
Unit operation handler a92585ad, is disabled
Unit operation handler 6e290af6, is disabled
Unit operation handler 8c676517, is disabled
054, Adding, 0, UNIT_GREAT_GENERAL (1310729), UNITOPERATION_MOVE_TO (19)
054, Adding, 0, UNIT_GREAT_GENERAL (1114123), UNITOPERATION_MOVE_TO (19)
054, Adding, 0, UNIT_GREAT_GENERAL (2359308), UNITOPERATION_MOVE_TO (19)
054, Adding, 0, UNIT_KNIGHT (3014669), UNITOPERATION_MOVE_TO (19)
054, Adding, 0, UNIT_KNIGHT (2293777), UNITOPERATION_FORTIFY (12)
054, Adding, 0, UNIT_CROSSBOWMAN (2883605), UNITOPERATION_FORTIFY (12)
054, Can't Start, 0, UNIT_CROSSBOWMAN (2883605), UNITOPERATION_FORTIFY (12)
054, Adding, 0, UNIT_CROSSBOWMAN (2621450), UNITOPERATION_MOVE_TO (19)
054, Adding, 0, UNIT_KNIGHT (2949136), UNITOPERATION_MOVE_TO (19)
054, Adding, 0, UNIT_SIEGE_TOWER (2752526), UNITOPERATION_MOVE_TO (19)
054, Adding, 0, UNIT_BUILDER (2424851), UNITOPERATION_MOVE_TO (19)
054, Adding, 0, UNIT_BUILDER (2424851), UNITOPERATION_MOVE_TO (19)
054, Adding, 0, UNIT_BUILDER (2424851), UNITOPERATION_MOVE_TO (19)
054, Adding, 0, UNIT_SCOUT (524294), UNITOPERATION_MOVE_TO (19)
054, Adding, 0, UNIT_SCOUT (524294), UNITOPERATION_SKIP_TURN (36)
054, Adding, 0, UNIT_BUILDER (2686996), UNITOPERATION_SKIP_TURN (36)
054, Can't Start, 0, UNIT_KNIGHT (2293777), UNITOPERATION_FORTIFY (12)
054, Adding, 3, UNIT_BUILDER (2555923), UNITOPERATION_HARVEST_RESOURCE (16)
054, Can't Start, 3, UNIT_BUILDER (2555923), UNITOPERATION_HARVEST_RESOURCE (16)
054, Adding, 3, UNIT_BUILDER (2359307), UNITOPERATION_SKIP_TURN (36)
Unit operation handler f4921fdc, is disabled
Unit operation handler a92585ad, is disabled
Unit operation handler 6e290af6, is disabled
Unit operation handler 8c676517, is disabled
054, Adding, 3, UNIT_BUILDER (2555923), UNITOPERATION_HARVEST_RESOURCE (16)
054, Adding, 3, UNIT_BUILDER (2359307), UNITOPERATION_MOVE_TO (19)
054, Adding, 4, UNIT_CROSSBOWMAN (3801100), UNITOPERATION_RANGE_ATTACK (26)
054, Adding, 0, UNIT_GREAT_GENERAL (1114123), UNITOPERATION_MOVE_TO (19)
054, Adding, 4, UNIT_CROSSBOWMAN (3604485), UNITOPERATION_RANGE_ATTACK (26)
054, Adding, 3, UNIT_BUILDER (2293774), UNITOPERATION_MOVE_TO (19)
054, Adding, 4, UNIT_CROSSBOWMAN (3473421), UNITOPERATION_RANGE_ATTACK (26)
054, Adding, 0, UNIT_GREAT_GENERAL (2359308), UNITOPERATION_MOVE_TO (19)
054, Adding, 4, UNIT_KNIGHT (4587543), UNITOPERATION_MOVE_TO (19)
054, Adding, 4, UNIT_KNIGHT (4587543), UNITOPERATION_MOVE_TO (19)
054, Adding, 0, UNIT_GREAT_GENERAL (2359308), UNITOPERATION_MOVE_TO (19)
054, Adding, 0, UNIT_KNIGHT (3014669), UNITOPERATION_MOVE_TO (19)
054, Adding, 0, UNIT_KNIGHT (2949136), UNITOPERATION_MOVE_TO (19)
054, Adding, 0, UNIT_BUILDER (2686996), UNITOPERATION_MOVE_TO (19)
054, Adding, 0, UNIT_BUILDER (2686996), UNITOPERATION_BUILD_IMPROVEMENT (2)
054, Adding, 0, UNIT_BUILDER (2424851), UNITOPERATION_MOVE_TO (19)
054, Adding, 0, UNIT_BUILDER (2424851), UNITOPERATION_BUILD_IMPROVEMENT (2)
054, Adding, 4, UNIT_GREAT_ENGINEER (4980761), UNITOPERATION_TELEPORT_TO_CITY (51)
054, Adding, 4, UNIT_VAMPIRE (196608), UNITOPERATION_BUILD_ROUTE (3)
054, Adding, 4, UNIT_SCOUT (393220), UNITOPERATION_MOVE_TO (19)
054, Adding, 4, UNIT_GREAT_GENERAL (3276801), UNITOPERATION_SKIP_TURN (36)
054, Adding, 4, UNIT_GREAT_GENERAL (3276801), UNITOPERATION_MOVE_TO (19)
054, Adding, 4, UNIT_CROSSBOWMAN (5046290), UNITOPERATION_SKIP_TURN (36)
054, Adding, 4, UNIT_CROSSBOWMAN (4521990), UNITOPERATION_SKIP_TURN (36)
054, Adding, 4, UNIT_BUILDER (4718595), UNITOPERATION_REMOVE_FEATURE (28)
054, Adding, 4, UNIT_BUILDER (5111818), UNITOPERATION_MOVE_TO (19)
055, Adding, 5, UNIT_SKIRMISHER (3211278), UNITOPERATION_MOVE_TO (19)
055, Adding, 5, UNIT_PIKE_AND_SHOT (6422565), UNITOPERATION_FORTIFY (12)
055, Can't Start, 5, UNIT_PIKE_AND_SHOT (6422565), UNITOPERATION_FORTIFY (12)
055, Adding, 5, UNIT_KNIGHT (6160396), UNITOPERATION_SWAP_UNITS (49)
055, Can't Start, 5, UNIT_KNIGHT (6160396), UNITOPERATION_SWAP_UNITS (49)
055, Adding, 5, UNIT_KNIGHT (6160396), UNITOPERATION_MOVE_TO (19)
055, Adding, 5, UNIT_SKIRMISHER (3407892), UNITOPERATION_SWAP_UNITS (49)
055, Can't Start, 5, UNIT_SKIRMISHER (3407892), UNITOPERATION_SWAP_UNITS (49)
055, Adding, 5, UNIT_SKIRMISHER (3407892), UNITOPERATION_MOVE_TO (19)
055, Adding, 5, UNIT_MACEDONIAN_HETAIROI (2097163), UNITOPERATION_MOVE_TO (19)
055, Adding, 5, UNIT_MUSKETMAN (5570575), UNITOPERATION_MOVE_TO (19)
055, Adding, 5, UNIT_VAMPIRE (5242906), UNITOPERATION_MOVE_TO (19)
055, Adding, 5, UNIT_MUSKETMAN (5505053), UNITOPERATION_MOVE_TO (19)
055, Adding, 5, UNIT_PIKE_AND_SHOT (6750231), UNITOPERATION_MOVE_TO (19)
055, Adding, 5, UNIT_MAN_AT_ARMS (4325415), UNITOPERATION_MOVE_TO (19)
055, Adding, 5, UNIT_CROSSBOWMAN (3801101), UNITOPERATION_MOVE_TO (19)
055, Adding, 5, UNIT_SETTLER (3997731), UNITOPERATION_MOVE_TO (19)
055, Adding, 5, UNIT_SCOUT (262147), UNITOPERATION_SWAP_UNITS (49)
055, Can't Start, 5, UNIT_SCOUT (262147), UNITOPERATION_SWAP_UNITS (49)
055, Adding, 5, UNIT_SCOUT (262147), UNITOPERATION_MOVE_TO (19)
055, Adding, 5, UNIT_MACEDONIAN_HETAIROI (1966104), UNITOPERATION_SWAP_UNITS (49)
055, Can't Start, 5, UNIT_MACEDONIAN_HETAIROI (1966104), UNITOPERATION_SWAP_UNITS (49)
055, Adding, 5, UNIT_MACEDONIAN_HETAIROI (1966104), UNITOPERATION_MOVE_TO (19)
055, Adding, 5, UNIT_MILITARY_ENGINEER (5963823), UNITOPERATION_SWAP_UNITS (49)
055, Can't Start, 5, UNIT_MILITARY_ENGINEER (5963823), UNITOPERATION_SWAP_UNITS (49)
055, Adding, 5, UNIT_MILITARY_ENGINEER (5963823), UNITOPERATION_MOVE_TO (19)
055, Adding, 5, UNIT_GREAT_ENGINEER (4980781), UNITOPERATION_SWAP_UNITS (49)
055, Can't Start, 5, UNIT_GREAT_ENGINEER (4980781), UNITOPERATION_SWAP_UNITS (49)
055, Adding, 5, UNIT_GREAT_ENGINEER (4980781), UNITOPERATION_MOVE_TO (19)
055, Adding, 5, UNIT_GREAT_SCIENTIST (3932176), UNITOPERATION_MOVE_TO (19)
055, Can't Start, 5, UNIT_GREAT_SCIENTIST (3932176), UNITOPERATION_MOVE_TO (19)
055, Adding, 5, UNIT_MUSKETMAN (5701636), UNITOPERATION_MOVE_TO (19)
055, Adding, 5, UNIT_VAMPIRE (655367), UNITOPERATION_MOVE_TO (19)
055, Can't Start, 5, UNIT_VAMPIRE (655367), UNITOPERATION_MOVE_TO (19)
055, Adding, 5, UNIT_MUSKETMAN (6225928), UNITOPERATION_MOVE_TO (19)
055, Adding, 5, UNIT_MUSKETMAN (5636105), UNITOPERATION_MOVE_TO (19)
055, Adding, 5, UNIT_KNIGHT (6029339), UNITOPERATION_MOVE_TO (19)
055, Adding, 5, UNIT_CROSSBOWMAN (4063268), UNITOPERATION_MOVE_TO (19)
055, Adding, 5, UNIT_KNIGHT (5439529), UNITOPERATION_MOVE_TO (19)
055, Adding, 5, UNIT_PIKE_AND_SHOT (6684718), UNITOPERATION_MOVE_TO (19)
055, Adding, 5, UNIT_KNIGHT (5308465), UNITOPERATION_MOVE_TO (19)
055, Adding, 5, UNIT_COURSER (5767219), UNITOPERATION_MOVE_TO (19)
055, Adding, 5, UNIT_KNIGHT (6619188), UNITOPERATION_MOVE_TO (19)
055, Adding, 5, UNIT_MUSKETMAN (6094902), UNITOPERATION_MOVE_TO (19)
055, Adding, 5, UNIT_KNIGHT (6488119), UNITOPERATION_MOVE_TO (19)
055, Adding, 5, UNIT_CROSSBOWMAN (4849685), UNITOPERATION_MOVE_TO (19)
055, Adding, 5, UNIT_CROSSBOWMAN (3735585), UNITOPERATION_MOVE_TO (19)
055, Adding, 5, UNIT_MAN_AT_ARMS (4718635), UNITOPERATION_MOVE_TO (19)
055, Adding, 5, UNIT_MISSIONARY (5177392), UNITOPERATION_MOVE_TO (19)
055, Adding, 5, UNIT_MISSIONARY (2621441), UNITOPERATION_MOVE_TO (19)
055, Adding, 5, UNIT_MISSIONARY (6291461), UNITOPERATION_MOVE_TO (19)
055, Adding, 5, UNIT_MISSIONARY (3276806), UNITOPERATION_MOVE_TO (19)
055, Adding, 5, UNIT_MISSIONARY (2424850), UNITOPERATION_MOVE_TO (19)
055, Adding, 5, UNIT_MISSIONARY (3670035), UNITOPERATION_MOVE_TO (19)
055, Adding, 5, UNIT_MISSIONARY (3080222), UNITOPERATION_MOVE_TO (19)
055, Adding, 5, UNIT_MISSIONARY (4259878), UNITOPERATION_MOVE_TO (19)
055, Adding, 5, UNIT_MISSIONARY (4653098), UNITOPERATION_MOVE_TO (19)
055, Adding, 5, UNIT_MISSIONARY (5374002), UNITOPERATION_MOVE_TO (19)
055, Adding, 5, UNIT_MISSIONARY (5898293), UNITOPERATION_MOVE_TO (19)
055, Adding, 5, UNIT_BUILDER (1835030), UNITOPERATION_MOVE_TO (19)
055, Adding, 5, UNIT_BUILDER (1835030), UNITOPERATION_MOVE_TO (19)
055, Adding, 5, UNIT_BUILDER (3473440), UNITOPERATION_MOVE_TO (19)
055, Adding, 5, UNIT_SKIRMISHER (3145759), UNITOPERATION_MOVE_TO (19)
055, Adding, 5, UNIT_SKIRMISHER (6553656), UNITOPERATION_MOVE_TO (19)
055, Adding, 5, UNIT_BUILDER (2752540), UNITOPERATION_SKIP_TURN (36)
055, Adding, 5, UNIT_SKIRMISHER (3145759), UNITOPERATION_SKIP_TURN (36)
055, Adding, 5, UNIT_BUILDER (4915244), UNITOPERATION_SKIP_TURN (36)
055, Adding, 5, UNIT_SKIRMISHER (6553656), UNITOPERATION_SKIP_TURN (36)
055, Adding, 6, UNIT_SPY (7929908), UNITOPERATION_SPY_GAIN_SOURCES (41)
055, Adding, 6, UNIT_CATAPULT (2490396), UNITOPERATION_MOVE_TO (19)
055, Can't Start, 6, UNIT_CATAPULT (2490396), UNITOPERATION_MOVE_TO (19)
055, Adding, 6, UNIT_CROSSBOWMAN (5636142), UNITOPERATION_MOVE_TO (19)
055, Can't Start, 6, UNIT_CROSSBOWMAN (5636142), UNITOPERATION_MOVE_TO (19)
055, Adding, 6, UNIT_SETTLER (6029360), UNITOPERATION_MOVE_TO (19)
055, Adding, 6, UNIT_BUILDER (7340081), UNITOPERATION_SWAP_UNITS (49)
055, Can't Start, 6, UNIT_BUILDER (7340081), UNITOPERATION_SWAP_UNITS (49)
055, Adding, 6, UNIT_BUILDER (7340081), UNITOPERATION_MOVE_TO (19)
055, Adding, 6, UNIT_BUILDER (7340081), UNITOPERATION_BUILD_IMPROVEMENT (2)
055, Adding, 6, UNIT_BUILDER (7602238), UNITOPERATION_SWAP_UNITS (49)
055, Can't Start, 6, UNIT_BUILDER (7602238), UNITOPERATION_SWAP_UNITS (49)
055, Adding, 6, UNIT_BUILDER (7602238), UNITOPERATION_MOVE_TO (19)
055, Adding, 6, UNIT_BUILDER (7536701), UNITOPERATION_SWAP_UNITS (49)
055, Can't Start, 6, UNIT_BUILDER (7536701), UNITOPERATION_SWAP_UNITS (49)
055, Adding, 6, UNIT_BUILDER (7536701), UNITOPERATION_MOVE_TO (19)
055, Adding, 6, UNIT_BUILDER (7733308), UNITOPERATION_SWAP_UNITS (49)
055, Can't Start, 6, UNIT_BUILDER (7733308), UNITOPERATION_SWAP_UNITS (49)
055, Adding, 6, UNIT_BUILDER (7733308), UNITOPERATION_MOVE_TO (19)
055, Adding, 6, UNIT_BUILDER (7733308), UNITOPERATION_REMOVE_FEATURE (28)
055, Adding, 6, UNIT_BUILDER (7733308), UNITOPERATION_BUILD_IMPROVEMENT (2)
055, Can't Start, 6, UNIT_BUILDER (7733308), UNITOPERATION_BUILD_IMPROVEMENT (2)
055, Adding, 6, UNIT_GREAT_WRITER (7864384), UNITOPERATION_MOVE_TO (19)
055, Can't Start, 6, UNIT_GREAT_WRITER (7864384), UNITOPERATION_MOVE_TO (19)
055, Adding, 6, UNIT_SKIRMISHER (4390927), UNITOPERATION_MOVE_TO (19)
055, Adding, 6, UNIT_CROSSBOWMAN (5832704), UNITOPERATION_MOVE_TO (19)
055, Can't Start, 6, UNIT_CROSSBOWMAN (5832704), UNITOPERATION_MOVE_TO (19)
055, Adding, 6, UNIT_CROSSBOWMAN (6422529), UNITOPERATION_MOVE_TO (19)
055, Adding, 6, UNIT_SWORDSMAN (4456450), UNITOPERATION_MOVE_TO (19)
055, Adding, 6, UNIT_SWORDSMAN (2818054), UNITOPERATION_MOVE_TO (19)
055, Can't Start, 6, UNIT_SWORDSMAN (2818054), UNITOPERATION_MOVE_TO (19)
055, Adding, 6, UNIT_CROSSBOWMAN (6488071), UNITOPERATION_MOVE_TO (19)
055, Adding, 6, UNIT_SWORDSMAN (2686985), UNITOPERATION_MOVE_TO (19)
055, Can't Start, 6, UNIT_SWORDSMAN (2686985), UNITOPERATION_MOVE_TO (19)
055, Adding, 6, UNIT_SWORDSMAN (4128779), UNITOPERATION_MOVE_TO (19)
055, Adding, 6, UNIT_SWORDSMAN (4587534), UNITOPERATION_MOVE_TO (19)
055, Can't Start, 6, UNIT_SWORDSMAN (4587534), UNITOPERATION_MOVE_TO (19)
055, Adding, 6, UNIT_CROSSBOWMAN (5505040), UNITOPERATION_MOVE_TO (19)
055, Adding, 6, UNIT_SWORDSMAN (4718610), UNITOPERATION_MOVE_TO (19)
055, Adding, 6, UNIT_CROSSBOWMAN (4915220), UNITOPERATION_MOVE_TO (19)
055, Adding, 6, UNIT_CROSSBOWMAN (4784149), UNITOPERATION_MOVE_TO (19)
055, Can't Start, 6, UNIT_CROSSBOWMAN (4784149), UNITOPERATION_MOVE_TO (19)
055, Adding, 6, UNIT_CROSSBOWMAN (6881304), UNITOPERATION_MOVE_TO (19)
055, Adding, 6, UNIT_SWORDSMAN (2752542), UNITOPERATION_MOVE_TO (19)
055, Adding, 6, UNIT_SWORDSMAN (3145761), UNITOPERATION_MOVE_TO (19)
055, Adding, 6, UNIT_CROSSBOWMAN (5177382), UNITOPERATION_MOVE_TO (19)
055, Can't Start, 6, UNIT_CROSSBOWMAN (5177382), UNITOPERATION_MOVE_TO (19)
055, Adding, 6, UNIT_SWORDSMAN (3866664), UNITOPERATION_MOVE_TO (19)
055, Adding, 6, UNIT_SWORDSMAN (3932201), UNITOPERATION_MOVE_TO (19)
055, Adding, 6, UNIT_SWORDSMAN (5373996), UNITOPERATION_MOVE_TO (19)
055, Adding, 6, UNIT_CROSSBOWMAN (6291503), UNITOPERATION_MOVE_TO (19)
055, Adding, 6, UNIT_CATAPULT (2621457), UNITOPERATION_MOVE_TO (19)
055, Adding, 6, UNIT_HEAVY_CHARIOT (2359322), UNITOPERATION_MOVE_TO (19)
055, Adding, 6, UNIT_CROSSBOWMAN (7143482), UNITOPERATION_MOVE_TO (19)
055, Adding, 6, UNIT_APOSTLE (5701667), UNITOPERATION_SWAP_UNITS (49)
055, Can't Start, 6, UNIT_APOSTLE (5701667), UNITOPERATION_SWAP_UNITS (49)
055, Adding, 6, UNIT_APOSTLE (5701667), UNITOPERATION_MOVE_TO (19)
055, Adding, 6, UNIT_APOSTLE (6619189), UNITOPERATION_MOVE_TO (19)
055, Adding, 6, UNIT_APOSTLE (5308435), UNITOPERATION_MOVE_TO (19)
055, Adding, 6, UNIT_APOSTLE (5308435), UNITOPERATION_MOVE_TO (19)
055, Can't Start, 6, UNIT_APOSTLE (5308435), UNITOPERATION_MOVE_TO (19)
055, Adding, 6, UNIT_APOSTLE (5308435), UNITOPERATION_MOVE_TO (19)
055, Can't Start, 6, UNIT_APOSTLE (5308435), UNITOPERATION_MOVE_TO (19)
055, Adding, 6, UNIT_APOSTLE (5308435), UNITOPERATION_MOVE_TO (19)
055, Can't Start, 6, UNIT_APOSTLE (5308435), UNITOPERATION_MOVE_TO (19)
055, Adding, 6, UNIT_APOSTLE (7405599), UNITOPERATION_MOVE_TO (19)
055, Adding, 6, UNIT_APOSTLE (5570605), UNITOPERATION_MOVE_TO (19)
055, Adding, 6, UNIT_APOSTLE (6750263), UNITOPERATION_MOVE_TO (19)
055, Adding, 6, UNIT_APOSTLE (6357004), UNITOPERATION_MOVE_TO (19)
055, Adding, 6, UNIT_APOSTLE (5308435), UNITOPERATION_MOVE_TO (19)
055, Can't Start, 6, UNIT_APOSTLE (5308435), UNITOPERATION_MOVE_TO (19)
055, Adding, 6, UNIT_APOSTLE (5111851), UNITOPERATION_MOVE_TO (19)
055, Adding, 6, UNIT_APOSTLE (5570605), UNITOPERATION_MOVE_TO (19)
055, Can't Start, 6, UNIT_APOSTLE (5570605), UNITOPERATION_MOVE_TO (19)
055, Adding, 6, UNIT_APOSTLE (6750263), UNITOPERATION_MOVE_TO (19)
055, Adding, 6, UNIT_APOSTLE (7667775), UNITOPERATION_MOVE_TO (19)
055, Adding, 6, UNIT_APOSTLE (7209019), UNITOPERATION_MOVE_TO (19)
055, Adding, 6, UNIT_TAOIST (7077891), UNITOPERATION_MOVE_TO (19)
055, Adding, 6, UNIT_TAOIST (7077891), UNITOPERATION_MOVE_TO (19)
055, Can't Start, 6, UNIT_TAOIST (7077891), UNITOPERATION_MOVE_TO (19)
055, Adding, 6, UNIT_MISSIONARY (3735557), UNITOPERATION_MOVE_TO (19)
055, Adding, 6, UNIT_TAOIST (786440), UNITOPERATION_MOVE_TO (19)
055, Adding, 6, UNIT_APOSTLE (5898262), UNITOPERATION_MOVE_TO (19)
055, Adding, 6, UNIT_MISSIONARY (2162711), UNITOPERATION_MOVE_TO (19)
055, Adding, 6, UNIT_MISSIONARY (2293785), UNITOPERATION_MOVE_TO (19)
055, Adding, 6, UNIT_MISSIONARY (2424859), UNITOPERATION_SPREAD_RELIGION (38)
055, Adding, 6, UNIT_APOSTLE (5701667), UNITOPERATION_MOVE_TO (19)
055, Adding, 6, UNIT_MISSIONARY (3342372), UNITOPERATION_MOVE_TO (19)
055, Adding, 6, UNIT_MISSIONARY (3342372), UNITOPERATION_SPREAD_RELIGION (38)
055, Adding, 6, UNIT_APOSTLE (6225971), UNITOPERATION_MOVE_TO (19)
055, Adding, 6, UNIT_APOSTLE (6619189), UNITOPERATION_MOVE_TO (19)
055, Adding, 6, UNIT_APOSTLE (6619189), UNITOPERATION_SPREAD_RELIGION (38)
055, Can't Start, 6, UNIT_APOSTLE (6619189), UNITOPERATION_SPREAD_RELIGION (38)
055, Adding, 6, UNIT_TAOIST (6684726), UNITOPERATION_MOVE_TO (19)
055, Adding, 6, UNIT_APOSTLE (6946872), UNITOPERATION_MOVE_TO (19)
055, Adding, 6, UNIT_SKIRMISHER (3473440), UNITOPERATION_MOVE_TO (19)
055, Adding, 6, UNIT_SKIRMISHER (3407909), UNITOPERATION_MOVE_TO (19)
055, Adding, 6, UNIT_SKIRMISHER (3407909), UNITOPERATION_MOVE_TO (19)
055, Adding, 6, UNIT_SKIRMISHER (3801127), UNITOPERATION_MOVE_TO (19)
055, Adding, 6, UNIT_SKIRMISHER (4194308), UNITOPERATION_MOVE_TO (19)
055, Adding, 6, UNIT_SKIRMISHER (4063245), UNITOPERATION_MOVE_TO (19)
055, Adding, 6, UNIT_SKIRMISHER (3801127), UNITOPERATION_MOVE_TO (19)
055, Adding, 6, UNIT_SKIRMISHER (3997738), UNITOPERATION_MOVE_TO (19)
055, Adding, 6, UNIT_SKIRMISHER (7012409), UNITOPERATION_MOVE_TO (19)
055, Adding, 6, UNIT_SKIRMISHER (4194308), UNITOPERATION_SKIP_TURN (36)
055, Adding, 6, UNIT_SKIRMISHER (4063245), UNITOPERATION_SKIP_TURN (36)
055, Adding, 6, UNIT_SKIRMISHER (3801127), UNITOPERATION_SKIP_TURN (36)
055, Adding, 6, UNIT_SKIRMISHER (3997738), UNITOPERATION_SKIP_TURN (36)
055, Adding, 6, UNIT_SKIRMISHER (7012409), UNITOPERATION_SKIP_TURN (36)
055, Can't Start, 6, UNIT_TAOIST (7077891), UNITOPERATION_MOVE_TO (19)
055, Can't Start, 6, UNIT_APOSTLE (5308435), UNITOPERATION_MOVE_TO (19)
055, Can't Start, 6, UNIT_APOSTLE (5570605), UNITOPERATION_MOVE_TO (19)
055, Can't Start, 6, UNIT_APOSTLE (6619189), UNITOPERATION_SPREAD_RELIGION (38)
055, Can't Start, 6, UNIT_BUILDER (7733308), UNITOPERATION_BUILD_IMPROVEMENT (2)
055, Adding, 7, UNIT_SPY (6422559), UNITOPERATION_SPY_NEUTRALIZE_GOVERNOR (59)
055, Adding, 7, UNIT_KNIGHT (6815769), UNITOPERATION_MOVE_TO (19)
055, Can't Start, 7, UNIT_KNIGHT (6815769), UNITOPERATION_MOVE_TO (19)
055, Adding, 7, UNIT_SCOUT (589826), UNITOPERATION_SWAP_UNITS (49)
055, Can't Start, 7, UNIT_SCOUT (589826), UNITOPERATION_SWAP_UNITS (49)
055, Adding, 7, UNIT_SCOUT (589826), UNITOPERATION_MOVE_TO (19)
055, Adding, 7, UNIT_SCOUT (393220), UNITOPERATION_SWAP_UNITS (49)
055, Can't Start, 7, UNIT_SCOUT (393220), UNITOPERATION_SWAP_UNITS (49)
055, Adding, 7, UNIT_SCOUT (393220), UNITOPERATION_MOVE_TO (19)
055, Adding, 7, UNIT_SWORDSMAN (3014666), UNITOPERATION_SWAP_UNITS (49)
055, Can't Start, 7, UNIT_SWORDSMAN (3014666), UNITOPERATION_SWAP_UNITS (49)
055, Adding, 7, UNIT_SWORDSMAN (3014666), UNITOPERATION_MOVE_TO (19)
055, Adding, 7, UNIT_WARRIOR (1048588), UNITOPERATION_SWAP_UNITS (49)
055, Can't Start, 7, UNIT_WARRIOR (1048588), UNITOPERATION_SWAP_UNITS (49)
055, Adding, 7, UNIT_WARRIOR (1048588), UNITOPERATION_MOVE_TO (19)
055, Adding, 7, UNIT_SWORDSMAN (3211279), UNITOPERATION_SWAP_UNITS (49)
055, Can't Start, 7, UNIT_SWORDSMAN (3211279), UNITOPERATION_SWAP_UNITS (49)
055, Adding, 7, UNIT_SWORDSMAN (3211279), UNITOPERATION_MOVE_TO (19)
055, Adding, 7, UNIT_SWORDSMAN (3801104), UNITOPERATION_SWAP_UNITS (49)
055, Can't Start, 7, UNIT_SWORDSMAN (3801104), UNITOPERATION_SWAP_UNITS (49)
055, Adding, 7, UNIT_SWORDSMAN (3801104), UNITOPERATION_MOVE_TO (19)
055, Adding, 7, UNIT_WARRIOR (1835031), UNITOPERATION_SWAP_UNITS (49)
055, Can't Start, 7, UNIT_WARRIOR (1835031), UNITOPERATION_SWAP_UNITS (49)
055, Adding, 7, UNIT_WARRIOR (1835031), UNITOPERATION_MOVE_TO (19)
055, Adding, 7, UNIT_SWORDSMAN (2621472), UNITOPERATION_SWAP_UNITS (49)
055, Can't Start, 7, UNIT_SWORDSMAN (2621472), UNITOPERATION_SWAP_UNITS (49)
055, Adding, 7, UNIT_SWORDSMAN (2621472), UNITOPERATION_MOVE_TO (19)
055, Adding, 7, UNIT_SWORDSMAN (2687009), UNITOPERATION_SWAP_UNITS (49)
055, Adding, 7, UNIT_SWORDSMAN (2687009), UNITOPERATION_MOVE_TO (19)
055, Can't Start, 7, UNIT_SWORDSMAN (2687009), UNITOPERATION_MOVE_TO (19)
055, Adding, 7, UNIT_SWORDSMAN (3473444), UNITOPERATION_SWAP_UNITS (49)
055, Can't Start, 7, UNIT_SWORDSMAN (3473444), UNITOPERATION_SWAP_UNITS (49)
055, Adding, 7, UNIT_SWORDSMAN (3473444), UNITOPERATION_MOVE_TO (19)
055, Adding, 7, UNIT_CATAPULT (4456488), UNITOPERATION_SWAP_UNITS (49)
055, Can't Start, 7, UNIT_CATAPULT (4456488), UNITOPERATION_SWAP_UNITS (49)
055, Adding, 7, UNIT_CATAPULT (4456488), UNITOPERATION_MOVE_TO (19)
055, Adding, 7, UNIT_MAN_AT_ARMS (5242925), UNITOPERATION_SWAP_UNITS (49)
055, Adding, 7, UNIT_MAN_AT_ARMS (5242925), UNITOPERATION_MOVE_TO (19)
055, Can't Start, 7, UNIT_MAN_AT_ARMS (5242925), UNITOPERATION_MOVE_TO (19)
055, Adding, 7, UNIT_SKIRMISHER (3866661), UNITOPERATION_SWAP_UNITS (49)
055, Can't Start, 7, UNIT_SKIRMISHER (3866661), UNITOPERATION_SWAP_UNITS (49)
055, Adding, 7, UNIT_SKIRMISHER (3866661), UNITOPERATION_MOVE_TO (19)
055, Adding, 7, UNIT_MAN_AT_ARMS (5701651), UNITOPERATION_MOVE_TO (19)
055, Adding, 7, UNIT_MAN_AT_ARMS (5505038), UNITOPERATION_MOVE_TO (19)
055, Adding, 7, UNIT_MAN_AT_ARMS (5439515), UNITOPERATION_MOVE_TO (19)
055, Adding, 7, UNIT_MAN_AT_ARMS (5767175), UNITOPERATION_MOVE_TO (19)
055, Adding, 7, UNIT_CROSSBOWMAN (5308455), UNITOPERATION_MOVE_TO (19)
055, Adding, 7, UNIT_TREBUCHET (6225966), UNITOPERATION_MOVE_TO (19)
055, Adding, 7, UNIT_SWORDSMAN (2490398), UNITOPERATION_SWAP_UNITS (49)
055, Adding, 7, UNIT_SWORDSMAN (2490398), UNITOPERATION_MOVE_TO (19)
055, Can't Start, 7, UNIT_SWORDSMAN (2490398), UNITOPERATION_MOVE_TO (19)
055, Adding, 7, UNIT_GREAT_SCIENTIST (7274539), UNITOPERATION_SWAP_UNITS (49)
055, Can't Start, 7, UNIT_GREAT_SCIENTIST (7274539), UNITOPERATION_SWAP_UNITS (49)
055, Adding, 7, UNIT_GREAT_SCIENTIST (7274539), UNITOPERATION_MOVE_TO (19)
055, Adding, 7, UNIT_BUILDER (6553650), UNITOPERATION_BUILD_IMPROVEMENT (2)
055, Adding, 7, UNIT_BUILDER (6094849), UNITOPERATION_SWAP_UNITS (49)
055, Can't Start, 7, UNIT_BUILDER (6094849), UNITOPERATION_SWAP_UNITS (49)
055, Adding, 7, UNIT_BUILDER (6094849), UNITOPERATION_MOVE_TO (19)
055, Adding, 7, UNIT_BUILDER (6094849), UNITOPERATION_BUILD_IMPROVEMENT (2)
055, Adding, 7, UNIT_GREAT_WRITER (7209004), UNITOPERATION_SWAP_UNITS (49)
055, Can't Start, 7, UNIT_GREAT_WRITER (7209004), UNITOPERATION_SWAP_UNITS (49)
055, Adding, 7, UNIT_GREAT_WRITER (7209004), UNITOPERATION_MOVE_TO (19)
055, Adding, 7, UNIT_BUILDER (6291503), UNITOPERATION_SWAP_UNITS (49)
055, Can't Start, 7, UNIT_BUILDER (6291503), UNITOPERATION_SWAP_UNITS (49)
055, Adding, 7, UNIT_BUILDER (6291503), UNITOPERATION_MOVE_TO (19)
055, Adding, 7, UNIT_BUILDER (6291503), UNITOPERATION_BUILD_IMPROVEMENT (2)
055, Adding, 7, UNIT_BUILDER (6619187), UNITOPERATION_SWAP_UNITS (49)
055, Can't Start, 7, UNIT_BUILDER (6619187), UNITOPERATION_SWAP_UNITS (49)
055, Adding, 7, UNIT_BUILDER (6619187), UNITOPERATION_MOVE_TO (19)
055, Adding, 7, UNIT_BUILDER (6619187), UNITOPERATION_REMOVE_FEATURE (28)
055, Adding, 7, UNIT_GREAT_WRITER (6357040), UNITOPERATION_MOVE_TO (19)
055, Adding, 7, UNIT_SKIRMISHER (4522025), UNITOPERATION_MOVE_TO (19)
055, Adding, 7, UNIT_MUSKETMAN (6881285), UNITOPERATION_MOVE_TO (19)
055, Adding, 7, UNIT_MUSKETMAN (7405592), UNITOPERATION_MOVE_TO (19)
055, Adding, 7, UNIT_MUSKETMAN (7340058), UNITOPERATION_MOVE_TO (19)
055, Adding, 7, UNIT_KNIGHT (6684710), UNITOPERATION_MOVE_TO (19)
055, Adding, 7, UNIT_MUSKETMAN (6946868), UNITOPERATION_MOVE_TO (19)
055, Adding, 7, UNIT_MUSKETMAN (7012405), UNITOPERATION_MOVE_TO (19)
055, Adding, 7, UNIT_MUSKETMAN (7077942), UNITOPERATION_MOVE_TO (19)
055, Adding, 7, UNIT_MUSKETMAN (7143479), UNITOPERATION_MOVE_TO (19)
055, Adding, 7, UNIT_SKIRMISHER (3735570), UNITOPERATION_MOVE_TO (19)
055, Adding, 7, UNIT_SKIRMISHER (3735570), UNITOPERATION_MOVE_TO (19)
055, Adding, 7, UNIT_TAOIST (851968), UNITOPERATION_MOVE_TO (19)
055, Adding, 7, UNIT_SKIRMISHER (6029329), UNITOPERATION_MOVE_TO (19)
055, Adding, 7, UNIT_SKIRMISHER (3670036), UNITOPERATION_MOVE_TO (19)
055, Adding, 7, UNIT_SKIRMISHER (3932181), UNITOPERATION_MOVE_TO (19)
055, Adding, 7, UNIT_SKIRMISHER (4849692), UNITOPERATION_MOVE_TO (19)
055, Adding, 7, UNIT_SKIRMISHER (3538973), UNITOPERATION_MOVE_TO (19)
055, Adding, 7, UNIT_SKIRMISHER (3407907), UNITOPERATION_MOVE_TO (19)
055, Adding, 7, UNIT_SKIRMISHER (4587562), UNITOPERATION_MOVE_TO (19)
055, Adding, 7, UNIT_TAOIST (851968), UNITOPERATION_SKIP_TURN (36)
055, Adding, 7, UNIT_SKIRMISHER (6029329), UNITOPERATION_SKIP_TURN (36)
055, Adding, 7, UNIT_SKIRMISHER (3670036), UNITOPERATION_SKIP_TURN (36)
055, Adding, 7, UNIT_SKIRMISHER (3932181), UNITOPERATION_SKIP_TURN (36)
055, Adding, 7, UNIT_SKIRMISHER (4849692), UNITOPERATION_SKIP_TURN (36)
055, Adding, 7, UNIT_SKIRMISHER (3538973), UNITOPERATION_SKIP_TURN (36)
055, Adding, 7, UNIT_SKIRMISHER (3407907), UNITOPERATION_SKIP_TURN (36)
055, Adding, 7, UNIT_SKIRMISHER (4587562), UNITOPERATION_SKIP_TURN (36)
055, Adding, 7, UNIT_BUILDER (6488113), UNITOPERATION_SKIP_TURN (36)
055, Can't Start, 7, UNIT_SWORDSMAN (2490398), UNITOPERATION_MOVE_TO (19)
055, Can't Start, 7, UNIT_MAN_AT_ARMS (5242925), UNITOPERATION_MOVE_TO (19)
055, Adding, 8, UNIT_TRADER (1048588), UNITOPERATION_MAKE_TRADE_ROUTE (18)
055, Can't Start, 8, UNIT_TRADER (1048588), UNITOPERATION_MAKE_TRADE_ROUTE (18)
055, Adding, 8, UNIT_MUSKETMAN (8978505), UNITOPERATION_MOVE_TO (19)
055, Adding, 8, UNIT_SETTLER (9699343), UNITOPERATION_MOVE_TO (19)
055, Adding, 8, UNIT_BUILDER (9568264), UNITOPERATION_SWAP_UNITS (49)
055, Can't Start, 8, UNIT_BUILDER (9568264), UNITOPERATION_SWAP_UNITS (49)
055, Adding, 8, UNIT_BUILDER (9568264), UNITOPERATION_MOVE_TO (19)
055, Adding, 8, UNIT_BUILDER (9961482), UNITOPERATION_SWAP_UNITS (49)
055, Can't Start, 8, UNIT_BUILDER (9961482), UNITOPERATION_SWAP_UNITS (49)
055, Adding, 8, UNIT_BUILDER (9961482), UNITOPERATION_MOVE_TO (19)
055, Adding, 8, UNIT_BUILDER (9502780), UNITOPERATION_SWAP_UNITS (49)
055, Can't Start, 8, UNIT_BUILDER (9502780), UNITOPERATION_SWAP_UNITS (49)
055, Adding, 8, UNIT_BUILDER (9502780), UNITOPERATION_MOVE_TO (19)
055, Adding, 8, UNIT_BUILDER (8716357), UNITOPERATION_SWAP_UNITS (49)
055, Can't Start, 8, UNIT_BUILDER (8716357), UNITOPERATION_SWAP_UNITS (49)
055, Adding, 8, UNIT_BUILDER (8716357), UNITOPERATION_MOVE_TO (19)
055, Adding, 8, UNIT_BUILDER (8716357), UNITOPERATION_BUILD_IMPROVEMENT (2)
055, Adding, 8, UNIT_GALLEY (10420306), UNITOPERATION_MOVE_TO (19)
055, Adding, 8, UNIT_GALLEY (10420306), UNITOPERATION_SWAP_UNITS (49)
055, Can't Start, 8, UNIT_GALLEY (10420306), UNITOPERATION_SWAP_UNITS (49)
055, Adding, 8, UNIT_GALLEY (10420306), UNITOPERATION_MOVE_TO (19)
055, Adding, 8, UNIT_VIETNAMESE_VOI_CHIEN (7208961), UNITOPERATION_MOVE_TO (19)
055, Adding, 8, UNIT_VIETNAMESE_VOI_CHIEN (5439490), UNITOPERATION_MOVE_TO (19)
055, Adding, 8, UNIT_VIETNAMESE_VOI_CHIEN (5832707), UNITOPERATION_MOVE_TO (19)
055, Adding, 8, UNIT_VIETNAMESE_VOI_CHIEN (7864324), UNITOPERATION_MOVE_TO (19)
055, Adding, 8, UNIT_VIETNAMESE_VOI_CHIEN (7405574), UNITOPERATION_MOVE_TO (19)
055, Adding, 8, UNIT_KNIGHT (8454163), UNITOPERATION_MOVE_TO (19)
055, Adding, 8, UNIT_VIETNAMESE_VOI_CHIEN (5767195), UNITOPERATION_MOVE_TO (19)
055, Adding, 8, UNIT_MUSKETMAN (9633822), UNITOPERATION_MOVE_TO (19)
055, Adding, 8, UNIT_MUSKETMAN (9437219), UNITOPERATION_MOVE_TO (19)
055, Adding, 8, UNIT_MUSKETMAN (9895981), UNITOPERATION_MOVE_TO (19)
055, Adding, 8, UNIT_MUSKETMAN (9306161), UNITOPERATION_MOVE_TO (19)
055, Adding, 8, UNIT_MUSKETMAN (9175090), UNITOPERATION_MOVE_TO (19)
055, Adding, 8, UNIT_MUSKETMAN (9109556), UNITOPERATION_MOVE_TO (19)
055, Adding, 8, UNIT_KNIGHT (8257600), UNITOPERATION_MOVE_TO (19)
055, Adding, 8, UNIT_MUSKETMAN (8781894), UNITOPERATION_MOVE_TO (19)
055, Can't Start, 8, UNIT_MUSKETMAN (8781894), UNITOPERATION_MOVE_TO (19)
055, Adding, 8, UNIT_MUSKETMAN (8847431), UNITOPERATION_MOVE_TO (19)
055, Adding, 8, UNIT_MUSKETMAN (8912968), UNITOPERATION_MOVE_TO (19)
055, Adding, 8, UNIT_MUSKETMAN (10027084), UNITOPERATION_MOVE_TO (19)
055, Adding, 8, UNIT_MUSKETMAN (10223695), UNITOPERATION_MOVE_TO (19)
055, Adding, 8, UNIT_COURSER (10289232), UNITOPERATION_MOVE_TO (19)
055, Adding, 8, UNIT_COURSER (10354769), UNITOPERATION_MOVE_TO (19)
055, Adding, 8, UNIT_VIETNAMESE_VOI_CHIEN (7143429), UNITOPERATION_MOVE_TO (19)
055, Adding, 8, UNIT_VIETNAMESE_VOI_CHIEN (6946823), UNITOPERATION_MOVE_TO (19)
055, Adding, 8, UNIT_VIETNAMESE_VOI_CHIEN (5111825), UNITOPERATION_MOVE_TO (19)
055, Adding, 8, UNIT_VIETNAMESE_VOI_CHIEN (5373972), UNITOPERATION_MOVE_TO (19)
055, Adding, 8, UNIT_VIETNAMESE_VOI_CHIEN (6357013), UNITOPERATION_MOVE_TO (19)
055, Adding, 8, UNIT_VIETNAMESE_VOI_CHIEN (7340054), UNITOPERATION_MOVE_TO (19)
055, Adding, 8, UNIT_VIETNAMESE_VOI_CHIEN (6029335), UNITOPERATION_MOVE_TO (19)
055, Adding, 8, UNIT_VIETNAMESE_VOI_CHIEN (7667738), UNITOPERATION_MOVE_TO (19)
055, Adding, 8, UNIT_VIETNAMESE_VOI_CHIEN (5046300), UNITOPERATION_MOVE_TO (19)
055, Adding, 8, UNIT_VIETNAMESE_VOI_CHIEN (7602205), UNITOPERATION_MOVE_TO (19)
055, Adding, 8, UNIT_VIETNAMESE_VOI_CHIEN (8060959), UNITOPERATION_MOVE_TO (19)
055, Adding, 8, UNIT_VIETNAMESE_VOI_CHIEN (7798816), UNITOPERATION_MOVE_TO (19)
055, Adding, 8, UNIT_VIETNAMESE_VOI_CHIEN (6881313), UNITOPERATION_MOVE_TO (19)
055, Adding, 8, UNIT_VIETNAMESE_VOI_CHIEN (7077922), UNITOPERATION_MOVE_TO (19)
055, Adding, 8, UNIT_VIETNAMESE_VOI_CHIEN (5308458), UNITOPERATION_MOVE_TO (19)
055, Adding, 8, UNIT_VIETNAMESE_VOI_CHIEN (5570604), UNITOPERATION_MOVE_TO (19)
055, Adding, 8, UNIT_VIETNAMESE_VOI_CHIEN (8192063), UNITOPERATION_MOVE_TO (19)
055, Adding, 8, UNIT_VIETNAMESE_VOI_CHIEN (10485835), UNITOPERATION_MOVE_TO (19)
055, Adding, 8, UNIT_VIETNAMESE_VOI_CHIEN (10092621), UNITOPERATION_MOVE_TO (19)
055, Adding, 8, UNIT_APOSTLE (9371687), UNITOPERATION_SWAP_UNITS (49)
055, Can't Start, 8, UNIT_APOSTLE (9371687), UNITOPERATION_SWAP_UNITS (49)
055, Adding, 8, UNIT_APOSTLE (9371687), UNITOPERATION_MOVE_TO (19)
055, Adding, 8, UNIT_APOSTLE (8650820), UNITOPERATION_SWAP_UNITS (49)
055, Can't Start, 8, UNIT_APOSTLE (8650820), UNITOPERATION_SWAP_UNITS (49)
055, Adding, 8, UNIT_APOSTLE (8650820), UNITOPERATION_MOVE_TO (19)
055, Adding, 8, UNIT_APOSTLE (8650820), UNITOPERATION_MOVE_TO (19)
055, Adding, 8, UNIT_APOSTLE (9764938), UNITOPERATION_MOVE_TO (19)
055, Adding, 8, UNIT_APOSTLE (9764938), UNITOPERATION_MOVE_TO (19)
055, Can't Start, 8, UNIT_APOSTLE (9764938), UNITOPERATION_MOVE_TO (19)
055, Adding, 8, UNIT_MISSIONARY (7471104), UNITOPERATION_MOVE_TO (19)
055, Adding, 8, UNIT_MISSIONARY (6094857), UNITOPERATION_MOVE_TO (19)
055, Adding, 8, UNIT_MISSIONARY (5177355), UNITOPERATION_MOVE_TO (19)
055, Adding, 8, UNIT_MISSIONARY (3866637), UNITOPERATION_MOVE_TO (19)
055, Adding, 8, UNIT_MISSIONARY (4259864), UNITOPERATION_MOVE_TO (19)
055, Adding, 8, UNIT_MISSIONARY (4849689), UNITOPERATION_MOVE_TO (19)
055, Adding, 8, UNIT_MISSIONARY (3670053), UNITOPERATION_MOVE_TO (19)
055, Adding, 8, UNIT_MISSIONARY (5701670), UNITOPERATION_MOVE_TO (19)
055, Adding, 8, UNIT_APOSTLE (9371687), UNITOPERATION_MOVE_TO (19)
055, Adding, 8, UNIT_APOSTLE (9371687), UNITOPERATION_REMOVE_HERESY (29)
055, Can't Start, 8, UNIT_APOSTLE (9371687), UNITOPERATION_REMOVE_HERESY (29)
055, Adding, 8, UNIT_MISSIONARY (4063272), UNITOPERATION_MOVE_TO (19)
055, Adding, 8, UNIT_MISSIONARY (4784176), UNITOPERATION_MOVE_TO (19)
055, Adding, 8, UNIT_MISSIONARY (6488118), UNITOPERATION_MOVE_TO (19)
055, Adding, 8, UNIT_MISSIONARY (6684728), UNITOPERATION_MOVE_TO (19)
055, Adding, 8, UNIT_MISSIONARY (7733309), UNITOPERATION_MOVE_TO (19)
055, Adding, 8, UNIT_MISSIONARY (7929918), UNITOPERATION_MOVE_TO (19)
055, Adding, 8, UNIT_MISSIONARY (8323137), UNITOPERATION_MOVE_TO (19)
055, Adding, 8, UNIT_MISSIONARY (8519746), UNITOPERATION_SPREAD_RELIGION (38)
055, Adding, 8, UNIT_APOSTLE (8650820), UNITOPERATION_MOVE_TO (19)
055, Adding, 8, UNIT_SKIRMISHER (5505075), UNITOPERATION_MOVE_TO (19)
055, Adding, 8, UNIT_SKIRMISHER (4128809), UNITOPERATION_MOVE_TO (19)
055, Adding, 8, UNIT_SKIRMISHER (6553655), UNITOPERATION_MOVE_TO (19)
055, Adding, 8, UNIT_SKIRMISHER (6750265), UNITOPERATION_MOVE_TO (19)
055, Adding, 8, UNIT_SKIRMISHER (7012410), UNITOPERATION_MOVE_TO (19)
055, Adding, 8, UNIT_MILITARY_ENGINEER (8126482), UNITOPERATION_SKIP_TURN (36)
055, Adding, 8, UNIT_MILITARY_ENGINEER (8388644), UNITOPERATION_SKIP_TURN (36)
055, Adding, 8, UNIT_MILITARY_ENGINEER (7995435), UNITOPERATION_SKIP_TURN (36)
055, Adding, 8, UNIT_SKIRMISHER (6553655), UNITOPERATION_SKIP_TURN (36)
055, Adding, 8, UNIT_SKIRMISHER (6750265), UNITOPERATION_SKIP_TURN (36)
055, Adding, 8, UNIT_SKIRMISHER (7012410), UNITOPERATION_SKIP_TURN (36)
055, Adding, 8, UNIT_MILITARY_ENGINEER (9240643), UNITOPERATION_SKIP_TURN (36)
055, Can't Start, 8, UNIT_TRADER (1048588), UNITOPERATION_MAKE_TRADE_ROUTE (18)
055, Can't Start, 8, UNIT_APOSTLE (9371687), UNITOPERATION_REMOVE_HERESY (29)
055, Can't Start, 8, UNIT_APOSTLE (9764938), UNITOPERATION_MOVE_TO (19)
055, Adding, 9, UNIT_CROSSBOWMAN (6160431), UNITOPERATION_SWAP_UNITS (49)
055, Can't Start, 9, UNIT_CROSSBOWMAN (6160431), UNITOPERATION_SWAP_UNITS (49)
055, Adding, 9, UNIT_CROSSBOWMAN (6160431), UNITOPERATION_MOVE_TO (19)
055, Adding, 9, UNIT_COURSER (8454174), UNITOPERATION_SWAP_UNITS (49)
055, Can't Start, 9, UNIT_COURSER (8454174), UNITOPERATION_SWAP_UNITS (49)
055, Adding, 9, UNIT_COURSER (8454174), UNITOPERATION_MOVE_TO (19)
055, Adding, 9, UNIT_CROSSBOWMAN (4587520), UNITOPERATION_SWAP_UNITS (49)
055, Can't Start, 9, UNIT_CROSSBOWMAN (4587520), UNITOPERATION_SWAP_UNITS (49)
055, Adding, 9, UNIT_CROSSBOWMAN (4587520), UNITOPERATION_MOVE_TO (19)
055, Adding, 9, UNIT_CROSSBOWMAN (4587520), UNITOPERATION_RANGE_ATTACK (26)
055, Adding, 9, UNIT_COURSER (8454174), UNITOPERATION_MOVE_TO (19)
055, Adding, 9, UNIT_CROSSBOWMAN (4587520), UNITOPERATION_MOVE_TO (19)
055, Adding, 9, UNIT_CROSSBOWMAN (5242890), UNITOPERATION_MOVE_TO (19)
055, Adding, 9, UNIT_MUSKETMAN (10354751), UNITOPERATION_MOVE_TO (19)
055, Adding, 9, UNIT_MUSKETMAN (9633826), UNITOPERATION_MOVE_TO (19)
055, Adding, 9, UNIT_SETTLER (10420280), UNITOPERATION_SWAP_UNITS (49)
055, Can't Start, 9, UNIT_SETTLER (10420280), UNITOPERATION_SWAP_UNITS (49)
055, Adding, 9, UNIT_SETTLER (10420280), UNITOPERATION_MOVE_TO (19)
055, Adding, 9, UNIT_SETTLER (10420280), UNITOPERATION_MOVE_TO (19)
055, Adding, 9, UNIT_MUSKETMAN (9633826), UNITOPERATION_SWAP_UNITS (49)
055, Can't Start, 9, UNIT_MUSKETMAN (9633826), UNITOPERATION_SWAP_UNITS (49)
055, Adding, 9, UNIT_MUSKETMAN (9633826), UNITOPERATION_MOVE_TO (19)
055, Adding, 9, UNIT_MUSKETMAN (9633826), UNITOPERATION_MOVE_TO (19)
055, Adding, 9, UNIT_BUILDER (5767191), UNITOPERATION_SWAP_UNITS (49)
055, Can't Start, 9, UNIT_BUILDER (5767191), UNITOPERATION_SWAP_UNITS (49)
055, Adding, 9, UNIT_BUILDER (5767191), UNITOPERATION_MOVE_TO (19)
055, Adding, 9, UNIT_BUILDER (5767191), UNITOPERATION_BUILD_IMPROVEMENT (2)
055, Adding, 9, UNIT_GREAT_GENERAL (9568258), UNITOPERATION_MOVE_TO (19)
055, Adding, 9, UNIT_COURSER (8257551), UNITOPERATION_FORTIFY (12)
055, Adding, 9, UNIT_MUSKETMAN (9043977), UNITOPERATION_MOVE_TO (19)
055, Adding, 9, UNIT_MUSKETMAN (9240588), UNITOPERATION_MOVE_TO (19)
055, Adding, 9, UNIT_MUSKETMAN (8978445), UNITOPERATION_MOVE_TO (19)
055, Adding, 9, UNIT_KNIGHT (9830418), UNITOPERATION_MOVE_TO (19)
055, Can't Start, 9, UNIT_KNIGHT (9830418), UNITOPERATION_MOVE_TO (19)
055, Adding, 9, UNIT_MUSKETMAN (8912916), UNITOPERATION_MOVE_TO (19)
055, Can't Start, 9, UNIT_MUSKETMAN (8912916), UNITOPERATION_MOVE_TO (19)
055, Adding, 9, UNIT_KNIGHT (8716315), UNITOPERATION_MOVE_TO (19)
055, Adding, 9, UNIT_MUSKETMAN (10551341), UNITOPERATION_MOVE_TO (19)
055, Adding, 9, UNIT_KNIGHT (9306158), UNITOPERATION_MOVE_TO (19)
055, Adding, 9, UNIT_MAN_AT_ARMS (6422579), UNITOPERATION_MOVE_TO (19)
055, Adding, 9, UNIT_MAN_AT_ARMS (6488116), UNITOPERATION_MOVE_TO (19)
055, Adding, 9, UNIT_MAN_AT_ARMS (7209015), UNITOPERATION_MOVE_TO (19)
055, Adding, 9, UNIT_MUSKETMAN (10027068), UNITOPERATION_MOVE_TO (19)
055, Can't Start, 9, UNIT_MUSKETMAN (10027068), UNITOPERATION_MOVE_TO (19)
055, Adding, 9, UNIT_CROSSBOWMAN (7864328), UNITOPERATION_MOVE_TO (19)
055, Adding, 9, UNIT_CROSSBOWMAN (4521995), UNITOPERATION_MOVE_TO (19)
055, Adding, 9, UNIT_CROSSBOWMAN (6946840), UNITOPERATION_MOVE_TO (19)
055, Adding, 9, UNIT_CROSSBOWMAN (5701661), UNITOPERATION_MOVE_TO (19)
055, Adding, 9, UNIT_CROSSBOWMAN (6750246), UNITOPERATION_MOVE_TO (19)
055, Adding, 9, UNIT_CROSSBOWMAN (4653096), UNITOPERATION_MOVE_TO (19)
055, Adding, 9, UNIT_CROSSBOWMAN (4718633), UNITOPERATION_MOVE_TO (19)
055, Adding, 9, UNIT_CROSSBOWMAN (5308459), UNITOPERATION_MOVE_TO (19)
055, Adding, 9, UNIT_MAN_AT_ARMS (6553653), UNITOPERATION_MOVE_TO (19)
055, Adding, 9, UNIT_MAN_AT_ARMS (6619190), UNITOPERATION_MOVE_TO (19)
055, Adding, 9, UNIT_TREBUCHET (8323130), UNITOPERATION_MOVE_TO (19)
055, Adding, 9, UNIT_MISSIONARY (4390915), UNITOPERATION_MOVE_TO (19)
055, Adding, 9, UNIT_MISSIONARY (9502727), UNITOPERATION_MOVE_TO (19)
055, Adding, 9, UNIT_MISSIONARY (5570574), UNITOPERATION_SPREAD_RELIGION (38)
055, Adding, 9, UNIT_MISSIONARY (7798800), UNITOPERATION_MOVE_TO (19)
055, Adding, 9, UNIT_MISSIONARY (8192019), UNITOPERATION_MOVE_TO (19)
055, Adding, 9, UNIT_MISSIONARY (5177365), UNITOPERATION_MOVE_TO (19)
055, Adding, 9, UNIT_MISSIONARY (5439513), UNITOPERATION_MOVE_TO (19)
055, Adding, 9, UNIT_MISSIONARY (6881306), UNITOPERATION_MOVE_TO (19)
055, Adding, 9, UNIT_MISSIONARY (9175071), UNITOPERATION_MOVE_TO (19)
055, Adding, 9, UNIT_MISSIONARY (4915232), UNITOPERATION_MOVE_TO (19)
055, Adding, 9, UNIT_MISSIONARY (8650787), UNITOPERATION_MOVE_TO (19)
055, Adding, 9, UNIT_MISSIONARY (7274538), UNITOPERATION_MOVE_TO (19)
055, Adding, 9, UNIT_MISSIONARY (5832748), UNITOPERATION_MOVE_TO (19)
055, Adding, 9, UNIT_MISSIONARY (6225968), UNITOPERATION_MOVE_TO (19)
055, Adding, 9, UNIT_MISSIONARY (8519737), UNITOPERATION_MOVE_TO (19)
055, Adding, 9, UNIT_APOSTLE (9961531), UNITOPERATION_MOVE_TO (19)
055, Adding, 9, UNIT_APOSTLE (10289214), UNITOPERATION_EVANGELIZE_BELIEF (10)
055, Adding, 9, UNIT_SKIRMISHER (5046276), UNITOPERATION_MOVE_TO (19)
055, Adding, 9, UNIT_SKIRMISHER (5046276), UNITOPERATION_MOVE_TO (19)
055, Adding, 9, UNIT_SKIRMISHER (5111830), UNITOPERATION_MOVE_TO (19)
055, Adding, 9, UNIT_BUILDER (9895937), UNITOPERATION_SKIP_TURN (36)
055, Adding, 9, UNIT_BUILDER (9437201), UNITOPERATION_SKIP_TURN (36)
055, Adding, 9, UNIT_SKIRMISHER (5111830), UNITOPERATION_SKIP_TURN (36)
055, Adding, 9, UNIT_BUILDER (9764897), UNITOPERATION_SKIP_TURN (36)
055, Adding, 9, UNIT_BUILDER (10158117), UNITOPERATION_SKIP_TURN (36)
055, Adding, 9, UNIT_BUILDER (10223677), UNITOPERATION_SKIP_TURN (36)
055, Can't Start, 9, UNIT_MUSKETMAN (10027068), UNITOPERATION_MOVE_TO (19)
055, Adding, 10, UNIT_BUILDER (1048583), UNITOPERATION_BUILD_IMPROVEMENT (2)
055, Adding, 10, UNIT_CROSSBOWMAN (983040), UNITOPERATION_MOVE_TO (19)
055, Adding, 10, UNIT_SWORDSMAN (786433), UNITOPERATION_MOVE_TO (19)
055, Adding, 10, UNIT_SWORDSMAN (917506), UNITOPERATION_MOVE_TO (19)
055, Adding, 10, UNIT_SWORDSMAN (851971), UNITOPERATION_MOVE_TO (19)
055, Adding, 10, UNIT_CROSSBOWMAN (1179652), UNITOPERATION_MOVE_TO (19)
055, Adding, 10, UNIT_SWORDSMAN (720902), UNITOPERATION_MOVE_TO (19)
055, Adding, 10, UNIT_SWORDSMAN (1114120), UNITOPERATION_MOVE_TO (19)
055, Adding, 12, UNIT_BUILDER (917504), UNITOPERATION_SWAP_UNITS (49)
055, Can't Start, 12, UNIT_BUILDER (917504), UNITOPERATION_SWAP_UNITS (49)
055, Adding, 12, UNIT_BUILDER (917504), UNITOPERATION_MOVE_TO (19)
055, Adding, 12, UNIT_CROSSBOWMAN (720898), UNITOPERATION_MOVE_TO (19)
055, Adding, 12, UNIT_SWORDSMAN (655361), UNITOPERATION_MOVE_TO (19)
055, Adding, 12, UNIT_CROSSBOWMAN (786435), UNITOPERATION_MOVE_TO (19)
055, Adding, 13, UNIT_SWORDSMAN (655361), UNITOPERATION_MOVE_TO (19)
055, Adding, 13, UNIT_CATAPULT (720898), UNITOPERATION_MOVE_TO (19)
055, Adding, 13, UNIT_HEAVY_CHARIOT (524292), UNITOPERATION_MOVE_TO (19)
055, Adding, 13, UNIT_SWORDSMAN (589829), UNITOPERATION_MOVE_TO (19)
055, Adding, 13, UNIT_CROSSBOWMAN (851974), UNITOPERATION_MOVE_TO (19)
055, Adding, 13, UNIT_BUILDER (786432), UNITOPERATION_SKIP_TURN (36)
055, Adding, 14, UNIT_CROSSBOWMAN (786434), UNITOPERATION_MOVE_TO (19)
055, Adding, 14, UNIT_CATAPULT (458755), UNITOPERATION_RANGE_ATTACK (26)
055, Adding, 14, UNIT_CROSSBOWMAN (786434), UNITOPERATION_RANGE_ATTACK (26)
055, Adding, 14, UNIT_CATAPULT (458755), UNITOPERATION_MOVE_TO (19)
055, Adding, 14, UNIT_CROSSBOWMAN (786434), UNITOPERATION_MOVE_TO (19)
055, Adding, 14, UNIT_BUILDER (720896), UNITOPERATION_SKIP_TURN (36)
055, Adding, 15, UNIT_SWORDSMAN (983041), UNITOPERATION_MOVE_TO (19)
055, Adding, 15, UNIT_HORSEMAN (1179652), UNITOPERATION_MOVE_TO (19)
055, Adding, 15, UNIT_HORSEMAN (720902), UNITOPERATION_MOVE_TO (19)
055, Adding, 15, UNIT_SWORDSMAN (786439), UNITOPERATION_MOVE_TO (19)
055, Adding, 15, UNIT_SWORDSMAN (851976), UNITOPERATION_MOVE_TO (19)
055, Adding, 15, UNIT_SWORDSMAN (1048585), UNITOPERATION_MOVE_TO (19)
055, Adding, 15, UNIT_SWORDSMAN (1114122), UNITOPERATION_MOVE_TO (19)
055, Adding, 15, UNIT_BUILDER (917507), UNITOPERATION_SKIP_TURN (36)
055, Adding, 17, UNIT_SWORDSMAN (1048577), UNITOPERATION_SWAP_UNITS (49)
055, Can't Start, 17, UNIT_SWORDSMAN (1048577), UNITOPERATION_SWAP_UNITS (49)
055, Adding, 17, UNIT_SWORDSMAN (1048577), UNITOPERATION_MOVE_TO (19)
055, Adding, 17, UNIT_BUILDER (1572871), UNITOPERATION_SWAP_UNITS (49)
055, Can't Start, 17, UNIT_BUILDER (1572871), UNITOPERATION_SWAP_UNITS (49)
055, Adding, 17, UNIT_BUILDER (1572871), UNITOPERATION_MOVE_TO (19)
055, Adding, 17, UNIT_BUILDER (1572871), UNITOPERATION_BUILD_IMPROVEMENT (2)
055, Adding, 17, UNIT_MAN_AT_ARMS (1441797), UNITOPERATION_FORTIFY (12)
055, Can't Start, 17, UNIT_MAN_AT_ARMS (1441797), UNITOPERATION_FORTIFY (12)
055, Adding, 17, UNIT_MAN_AT_ARMS (1376259), UNITOPERATION_MOVE_TO (19)
055, Adding, 17, UNIT_MAN_AT_ARMS (1507328), UNITOPERATION_MOVE_TO (19)
055, Adding, 17, UNIT_CROSSBOWMAN (1179652), UNITOPERATION_MOVE_TO (19)
055, Adding, 17, UNIT_MAN_AT_ARMS (1310728), UNITOPERATION_MOVE_TO (19)
055, Adding, 20, UNIT_SWORDSMAN (720896), UNITOPERATION_MOVE_TO (19)
055, Adding, 20, UNIT_CROSSBOWMAN (983041), UNITOPERATION_MOVE_TO (19)
055, Adding, 20, UNIT_CROSSBOWMAN (851970), UNITOPERATION_MOVE_TO (19)
055, Adding, 20, UNIT_HEAVY_CHARIOT (458756), UNITOPERATION_MOVE_TO (19)
055, Adding, 20, UNIT_CROSSBOWMAN (1048582), UNITOPERATION_MOVE_TO (19)
055, Adding, 20, UNIT_SWORDSMAN (786439), UNITOPERATION_MOVE_TO (19)
055, Adding, 20, UNIT_CROSSBOWMAN (1114120), UNITOPERATION_MOVE_TO (19)
055, Adding, 20, UNIT_BUILDER (917509), UNITOPERATION_SKIP_TURN (36)
055, Adding, 21, UNIT_SWORDSMAN (786440), UNITOPERATION_SWAP_UNITS (49)
055, Can't Start, 21, UNIT_SWORDSMAN (786440), UNITOPERATION_SWAP_UNITS (49)
055, Adding, 21, UNIT_SWORDSMAN (786440), UNITOPERATION_MOVE_TO (19)
055, Adding, 21, UNIT_BUILDER (1638405), UNITOPERATION_SWAP_UNITS (49)
055, Can't Start, 21, UNIT_BUILDER (1638405), UNITOPERATION_SWAP_UNITS (49)
055, Adding, 21, UNIT_BUILDER (1638405), UNITOPERATION_MOVE_TO (19)
055, Adding, 21, UNIT_BUILDER (1638405), UNITOPERATION_BUILD_IMPROVEMENT (2)
055, Adding, 21, UNIT_MAN_AT_ARMS (1572864), UNITOPERATION_MOVE_TO (19)
055, Adding, 21, UNIT_CROSSBOWMAN (851970), UNITOPERATION_MOVE_TO (19)
055, Adding, 21, UNIT_KNIGHT (1376260), UNITOPERATION_MOVE_TO (19)
055, Adding, 21, UNIT_CROSSBOWMAN (1114118), UNITOPERATION_MOVE_TO (19)
055, Adding, 21, UNIT_MAN_AT_ARMS (1507335), UNITOPERATION_MOVE_TO (19)
055, Adding, 21, UNIT_CROSSBOWMAN (1310730), UNITOPERATION_MOVE_TO (19)
055, Adding, 21, UNIT_TREBUCHET (1441803), UNITOPERATION_MOVE_TO (19)
055, Adding, 1, UNIT_BABYLONIAN_SABUM_KIBITTUM (196608), UNITOPERATION_MOVE_TO (19)
055, Adding, 3, UNIT_BUILDER (2359307), UNITOPERATION_MOVE_TO (19)
055, Adding, 3, UNIT_BUILDER (2359307), UNITOPERATION_BUILD_IMPROVEMENT (2)
055, Adding, 0, UNIT_CROSSBOWMAN (2621450), UNITOPERATION_RANGE_ATTACK (26)
055, Adding, 3, UNIT_BUILDER (2424849), UNITOPERATION_MOVE_TO (19)
055, Adding, 0, UNIT_VAMPIRE (262146), UNITOPERATION_MOVE_TO (19)
055, Adding, 3, UNIT_BUILDER (2490386), UNITOPERATION_MOVE_TO (19)
055, Adding, 2, UNIT_INDIAN_VARU (1507331), UNITOPERATION_MOVE_TO (19)
055, Adding, 3, UNIT_BUILDER (2490386), UNITOPERATION_BUILD_IMPROVEMENT (2)
055, Adding, 3, UNIT_BUILDER (2228230), UNITOPERATION_MOVE_TO (19)
055, Adding, 3, UNIT_BUILDER (2228230), UNITOPERATION_BUILD_IMPROVEMENT (2)
055, Adding, 3, UNIT_BUILDER (2555923), UNITOPERATION_MOVE_TO (19)
055, Adding, 0, UNIT_KNIGHT (1966095), UNITOPERATION_MOVE_TO (19)
055, Adding, 2, UNIT_KNIGHT (2228232), UNITOPERATION_MOVE_TO (19)
055, Adding, 0, UNIT_VAMPIRE (262146), UNITOPERATION_MOVE_TO (19)
055, Adding, 0, UNIT_KNIGHT (2949136), UNITOPERATION_MOVE_TO (19)
055, Adding, 1, UNIT_BUILDER (3276822), UNITOPERATION_MOVE_TO (19)
055, Adding, 4, UNIT_CROSSBOWMAN (3473421), UNITOPERATION_MOVE_TO (19)
055, Adding, 2, UNIT_SCOUT (262146), UNITOPERATION_MOVE_TO (19)
055, Adding, 0, UNIT_KNIGHT (2949136), UNITOPERATION_MOVE_TO (19)
055, Can't Start, 0, UNIT_KNIGHT (2949136), UNITOPERATION_MOVE_TO (19)
055, Adding, 1, UNIT_BUILDER (3276822), UNITOPERATION_HARVEST_RESOURCE (16)
055, Adding, 4, UNIT_CROSSBOWMAN (3473421), UNITOPERATION_RANGE_ATTACK (26)
055, Adding, 3, UNIT_TRADER (1441804), UNITOPERATION_MAKE_TRADE_ROUTE (18)
055, Adding, 4, UNIT_CROSSBOWMAN (3407886), UNITOPERATION_MOVE_TO (19)
055, Adding, 1, UNIT_BUILDER (2883596), UNITOPERATION_BUILD_IMPROVEMENT (2)
055, Adding, 2, UNIT_INDIAN_VARU (1507331), UNITOPERATION_MOVE_TO (19)
055, Adding, 3, UNIT_BUILDER (2031625), UNITOPERATION_MOVE_TO (19)
055, Adding, 3, UNIT_BUILDER (2031625), UNITOPERATION_BUILD_IMPROVEMENT (2)
055, Adding, 3, UNIT_BUILDER (2031625), UNITOPERATION_MOVE_TO (19)
055, Adding, 4, UNIT_CROSSBOWMAN (3801100), UNITOPERATION_RANGE_ATTACK (26)
055, Adding, 4, UNIT_CROSSBOWMAN (3407886), UNITOPERATION_RANGE_ATTACK (26)
055, Adding, 4, UNIT_KNIGHT (4587543), UNITOPERATION_MOVE_TO (19)
055, Adding, 0, UNIT_KNIGHT (2293777), UNITOPERATION_MOVE_TO (19)
055, Adding, 4, UNIT_KNIGHT (4587543), UNITOPERATION_SKIP_TURN (36)
055, Adding, 3, UNIT_BUILDER (2293774), UNITOPERATION_BUILD_IMPROVEMENT (2)
055, Adding, 0, UNIT_GREAT_GENERAL (1114123), UNITOPERATION_MOVE_TO (19)
055, Adding, 2, UNIT_SCOUT (196608), UNITOPERATION_MOVE_TO (19)
055, Adding, 2, UNIT_KNIGHT (2424848), UNITOPERATION_MOVE_TO (19)
055, Adding, 0, UNIT_GREAT_GENERAL (1114123), UNITOPERATION_MOVE_TO (19)
055, Adding, 2, UNIT_KNIGHT (2555922), UNITOPERATION_MOVE_TO (19)
055, Adding, 1, UNIT_BUILDER (3014663), UNITOPERATION_MOVE_TO (19)
055, Adding, 2, UNIT_KNIGHT (2359311), UNITOPERATION_MOVE_TO (19)
055, Adding, 1, UNIT_BUILDER (3145737), UNITOPERATION_REMOVE_FEATURE (28)
055, Adding, 2, UNIT_KNIGHT (2818070), UNITOPERATION_MOVE_TO (19)
055, Adding, 2, UNIT_KNIGHT (2490385), UNITOPERATION_MOVE_TO (19)
055, Adding, 1, UNIT_BUILDER (3014663), UNITOPERATION_REMOVE_FEATURE (28)
055, Adding, 4, UNIT_CROSSBOWMAN (3604485), UNITOPERATION_MOVE_TO (19)
055, Adding, 2, UNIT_KNIGHT (3014679), UNITOPERATION_MOVE_TO (19)
055, Adding, 1, UNIT_BUILDER (3014663), UNITOPERATION_MOVE_TO (19)
055, Adding, 4, UNIT_GREAT_GENERAL (3276801), UNITOPERATION_MOVE_TO (19)
055, Adding, 2, UNIT_KNIGHT (2686996), UNITOPERATION_MOVE_TO (19)
055, Adding, 1, UNIT_BUILDER (3145737), UNITOPERATION_MOVE_TO (19)
055, Adding, 1, UNIT_BUILDER (3145737), UNITOPERATION_MOVE_TO (19)
055, Adding, 4, UNIT_GREAT_GENERAL (3276801), UNITOPERATION_SKIP_TURN (36)
055, Adding, 2, UNIT_KNIGHT (2621459), UNITOPERATION_MOVE_TO (19)
055, Adding, 2, UNIT_KNIGHT (2883594), UNITOPERATION_MOVE_TO (19)
055, Adding, 1, UNIT_BUILDER (3670027), UNITOPERATION_MOVE_TO (19)
055, Adding, 2, UNIT_KNIGHT (2752533), UNITOPERATION_MOVE_TO (19)
055, Adding, 1, UNIT_BUILDER (3670027), UNITOPERATION_MOVE_TO (19)
055, Adding, 4, UNIT_VAMPIRE (196608), UNITOPERATION_MOVE_TO (19)
055, Adding, 4, UNIT_VAMPIRE (196608), UNITOPERATION_BUILD_ROUTE (3)
055, Adding, 1, UNIT_BUILDER (3407896), UNITOPERATION_MOVE_TO (19)
055, Adding, 2, UNIT_KNIGHT (3080216), UNITOPERATION_MOVE_TO (19)
055, Adding, 2, UNIT_SCOUT (589830), UNITOPERATION_MOVE_TO (19)
055, Adding, 1, UNIT_BUILDER (3735570), UNITOPERATION_MOVE_TO (19)
055, Adding, 4, UNIT_VAMPIRE (4128790), UNITOPERATION_MOVE_TO (19)
055, Adding, 4, UNIT_VAMPIRE (4128790), UNITOPERATION_MOVE_TO (19)
055, Adding, 1, UNIT_BUILDER (3735570), UNITOPERATION_REMOVE_FEATURE (28)
055, Adding, 4, UNIT_BUILDER (4915224), UNITOPERATION_MOVE_TO (19)
055, Adding, 4, UNIT_BUILDER (4915224), UNITOPERATION_REPAIR (31)
055, Adding, 1, UNIT_GREAT_ENGINEER (3211266), UNITOPERATION_MOVE_TO (19)
055, Adding, 1, UNIT_GREAT_ENGINEER (3211266), UNITOPERATION_TELEPORT_TO_CITY (51)
055, Adding, 4, UNIT_GREAT_ENGINEER (4980761), UNITOPERATION_MOVE_TO (19)
055, Adding, 1, UNIT_BUILDER (3538964), UNITOPERATION_MOVE_TO (19)
055, Adding, 0, UNIT_SIEGE_TOWER (2752526), UNITOPERATION_MOVE_TO (19)
055, Adding, 1, UNIT_BUILDER (3604495), UNITOPERATION_MOVE_TO (19)
055, Adding, 0, UNIT_KNIGHT (3014669), UNITOPERATION_FORTIFY (12)
055, Adding, 0, UNIT_BUILDER (2686996), UNITOPERATION_MOVE_TO (19)
055, Adding, 1, UNIT_BUILDER (3342359), UNITOPERATION_REMOVE_FEATURE (28)
055, Adding, 0, UNIT_BUILDER (2686996), UNITOPERATION_SKIP_TURN (36)
055, Adding, 1, UNIT_BUILDER (3801113), UNITOPERATION_MOVE_TO (19)
055, Adding, 1, UNIT_BUILDER (3801113), UNITOPERATION_MOVE_TO (19)
055, Adding, 1, UNIT_BUILDER (2949130), UNITOPERATION_MOVE_TO (19)
055, Adding, 1, UNIT_BUILDER (2949130), UNITOPERATION_MOVE_TO (19)
055, Adding, 0, UNIT_BUILDER (2424851), UNITOPERATION_MOVE_TO (19)
055, Adding, 0, UNIT_BUILDER (2424851), UNITOPERATION_BUILD_IMPROVEMENT (2)
055, Adding, 1, UNIT_BUILDER (2949130), UNITOPERATION_BUILD_IMPROVEMENT (2)
055, Adding, 1, UNIT_WARRIOR (131073), UNITOPERATION_MOVE_TO (19)
055, Adding, 1, UNIT_WARRIOR (131073), UNITOPERATION_SKIP_TURN (36)
055, Adding, 3, UNIT_SCOUT (196608), UNITOPERATION_MOVE_TO (19)
055, Adding, 4, UNIT_CROSSBOWMAN (4653064), UNITOPERATION_MOVE_TO (19)
055, Adding, 4, UNIT_BUILDER (3211266), UNITOPERATION_MOVE_TO (19)
055, Adding, 2, UNIT_BUILDER (2162699), UNITOPERATION_MOVE_TO (19)
055, Adding, 4, UNIT_BUILDER (5242907), UNITOPERATION_MOVE_TO (19)
055, Adding, 4, UNIT_BUILDER (5242907), UNITOPERATION_REMOVE_FEATURE (28)
055, Adding, 4, UNIT_BUILDER (5177370), UNITOPERATION_MOVE_TO (19)
055, Adding, 4, UNIT_SCOUT (393220), UNITOPERATION_MOVE_TO (19)
055, Adding, 4, UNIT_SCOUT (393220), UNITOPERATION_FORTIFY (12)
055, Adding, 4, UNIT_VAMPIRE (4128790), UNITOPERATION_MOVE_TO (19)
055, Adding, 4, UNIT_CROSSBOWMAN (5046290), UNITOPERATION_MOVE_TO (19)
055, Adding, 4, UNIT_CROSSBOWMAN (4521990), UNITOPERATION_MOVE_TO (19)
055, Adding, 4, UNIT_CROSSBOWMAN (4521990), UNITOPERATION_SKIP_TURN (36)
055, Adding, 4, UNIT_CROSSBOWMAN (5046290), UNITOPERATION_SKIP_TURN (36)
055, Adding, 4, UNIT_BUILDER (4718595), UNITOPERATION_BUILD_IMPROVEMENT (2)
055, Adding, 4, UNIT_BUILDER (5111818), UNITOPERATION_BUILD_IMPROVEMENT (2)
055, Adding, 2, UNIT_MISSIONARY (2293774), UNITOPERATION_SPREAD_RELIGION (38)
056, Adding, 5, UNIT_MAN_AT_ARMS (4325415), UNITOPERATION_MOVE_TO (19)
056, Adding, 5, UNIT_CROSSBOWMAN (3801101), UNITOPERATION_MOVE_TO (19)
056, Adding, 5, UNIT_SETTLER (3997731), UNITOPERATION_MOVE_TO (19)
056, Adding, 5, UNIT_SCOUT (262147), UNITOPERATION_SWAP_UNITS (49)
056, Can't Start, 5, UNIT_SCOUT (262147), UNITOPERATION_SWAP_UNITS (49)
056, Adding, 5, UNIT_SCOUT (262147), UNITOPERATION_MOVE_TO (19)
056, Adding, 5, UNIT_MACEDONIAN_HETAIROI (2097163), UNITOPERATION_SWAP_UNITS (49)
056, Can't Start, 5, UNIT_MACEDONIAN_HETAIROI (2097163), UNITOPERATION_SWAP_UNITS (49)
056, Adding, 5, UNIT_MACEDONIAN_HETAIROI (2097163), UNITOPERATION_MOVE_TO (19)
056, Adding, 5, UNIT_MILITARY_ENGINEER (5963823), UNITOPERATION_SWAP_UNITS (49)
056, Can't Start, 5, UNIT_MILITARY_ENGINEER (5963823), UNITOPERATION_SWAP_UNITS (49)
056, Adding, 5, UNIT_MILITARY_ENGINEER (5963823), UNITOPERATION_MOVE_TO (19)
056, Adding, 5, UNIT_MILITARY_ENGINEER (5963823), UNITOPERATION_REMOVE_FEATURE (28)
056, Adding, 5, UNIT_MILITARY_ENGINEER (5963823), UNITOPERATION_BUILD_IMPROVEMENT (2)
056, Can't Start, 5, UNIT_MILITARY_ENGINEER (5963823), UNITOPERATION_BUILD_IMPROVEMENT (2)
056, Adding, 5, UNIT_GREAT_SCIENTIST (3932176), UNITOPERATION_MOVE_TO (19)
056, Can't Start, 5, UNIT_GREAT_SCIENTIST (3932176), UNITOPERATION_MOVE_TO (19)
056, Adding, 5, UNIT_GREAT_ENGINEER (4980781), UNITOPERATION_MOVE_TO (19)
056, Adding, 5, UNIT_KNIGHT (5439529), UNITOPERATION_SWAP_UNITS (49)
056, Can't Start, 5, UNIT_KNIGHT (5439529), UNITOPERATION_SWAP_UNITS (49)
056, Adding, 5, UNIT_KNIGHT (5439529), UNITOPERATION_MOVE_TO (19)
056, Adding, 5, UNIT_VAMPIRE (5242906), UNITOPERATION_MOVE_TO (19)
056, Adding, 5, UNIT_SKIRMISHER (3211278), UNITOPERATION_SWAP_UNITS (49)
056, Can't Start, 5, UNIT_SKIRMISHER (3211278), UNITOPERATION_SWAP_UNITS (49)
056, Adding, 5, UNIT_MUSKETMAN (6881282), UNITOPERATION_MOVE_TO (19)
056, Can't Start, 5, UNIT_MUSKETMAN (6881282), UNITOPERATION_MOVE_TO (19)
056, Adding, 5, UNIT_MUSKETMAN (5701636), UNITOPERATION_MOVE_TO (19)
056, Adding, 5, UNIT_VAMPIRE (655367), UNITOPERATION_MOVE_TO (19)
056, Can't Start, 5, UNIT_VAMPIRE (655367), UNITOPERATION_MOVE_TO (19)
056, Adding, 5, UNIT_MUSKETMAN (6225928), UNITOPERATION_MOVE_TO (19)
056, Adding, 5, UNIT_MUSKETMAN (5636105), UNITOPERATION_MOVE_TO (19)
056, Adding, 5, UNIT_KNIGHT (6160396), UNITOPERATION_MOVE_TO (19)
056, Adding, 5, UNIT_MUSKETMAN (5570575), UNITOPERATION_MOVE_TO (19)
056, Adding, 5, UNIT_PIKE_AND_SHOT (6750231), UNITOPERATION_MOVE_TO (19)
056, Adding, 5, UNIT_KNIGHT (6029339), UNITOPERATION_MOVE_TO (19)
056, Adding, 5, UNIT_MUSKETMAN (5505053), UNITOPERATION_MOVE_TO (19)
056, Adding, 5, UNIT_PIKE_AND_SHOT (6684718), UNITOPERATION_MOVE_TO (19)
056, Adding, 5, UNIT_KNIGHT (6619188), UNITOPERATION_MOVE_TO (19)
056, Adding, 5, UNIT_MUSKETMAN (6094902), UNITOPERATION_MOVE_TO (19)
056, Adding, 5, UNIT_KNIGHT (6488119), UNITOPERATION_MOVE_TO (19)
056, Adding, 5, UNIT_CROSSBOWMAN (4849685), UNITOPERATION_MOVE_TO (19)
056, Adding, 5, UNIT_CROSSBOWMAN (3735585), UNITOPERATION_MOVE_TO (19)
056, Adding, 5, UNIT_CROSSBOWMAN (4063268), UNITOPERATION_MOVE_TO (19)
056, Adding, 5, UNIT_KNIGHT (5308465), UNITOPERATION_MOVE_TO (19)
056, Adding, 5, UNIT_COURSER (5767219), UNITOPERATION_MOVE_TO (19)
056, Adding, 5, UNIT_KNIGHT (6946873), UNITOPERATION_MOVE_TO (19)
056, Adding, 5, UNIT_MISSIONARY (2621441), UNITOPERATION_MOVE_TO (19)
056, Adding, 5, UNIT_MISSIONARY (6291461), UNITOPERATION_MOVE_TO (19)
056, Adding, 5, UNIT_MISSIONARY (3276806), UNITOPERATION_MOVE_TO (19)
056, Adding, 5, UNIT_MISSIONARY (6815754), UNITOPERATION_MOVE_TO (19)
056, Adding, 5, UNIT_MISSIONARY (2424850), UNITOPERATION_MOVE_TO (19)
056, Adding, 5, UNIT_MISSIONARY (3670035), UNITOPERATION_MOVE_TO (19)
056, Adding, 5, UNIT_MISSIONARY (3080222), UNITOPERATION_MOVE_TO (19)
056, Adding, 5, UNIT_MISSIONARY (4259878), UNITOPERATION_MOVE_TO (19)
056, Adding, 5, UNIT_MISSIONARY (4653098), UNITOPERATION_MOVE_TO (19)
056, Adding, 5, UNIT_MISSIONARY (5177392), UNITOPERATION_MOVE_TO (19)
056, Adding, 5, UNIT_MISSIONARY (5374002), UNITOPERATION_MOVE_TO (19)
056, Adding, 5, UNIT_MISSIONARY (5898293), UNITOPERATION_MOVE_TO (19)
056, Adding, 5, UNIT_BUILDER (1835030), UNITOPERATION_MOVE_TO (19)
056, Adding, 5, UNIT_BUILDER (1835030), UNITOPERATION_MOVE_TO (19)
056, Adding, 5, UNIT_SKIRMISHER (3407892), UNITOPERATION_MOVE_TO (19)
056, Adding, 5, UNIT_SKIRMISHER (3145759), UNITOPERATION_MOVE_TO (19)
056, Adding, 5, UNIT_SKIRMISHER (6553656), UNITOPERATION_MOVE_TO (19)
056, Adding, 5, UNIT_SKIRMISHER (3407892), UNITOPERATION_SKIP_TURN (36)
056, Adding, 5, UNIT_BUILDER (2752540), UNITOPERATION_SKIP_TURN (36)
056, Adding, 5, UNIT_SKIRMISHER (3145759), UNITOPERATION_SKIP_TURN (36)
056, Adding, 5, UNIT_BUILDER (3473440), UNITOPERATION_SKIP_TURN (36)
056, Adding, 5, UNIT_BUILDER (4915244), UNITOPERATION_SKIP_TURN (36)
056, Adding, 5, UNIT_SKIRMISHER (6553656), UNITOPERATION_SKIP_TURN (36)
056, Can't Start, 5, UNIT_MILITARY_ENGINEER (5963823), UNITOPERATION_BUILD_IMPROVEMENT (2)
056, Adding, 6, UNIT_CATAPULT (2490396), UNITOPERATION_MOVE_TO (19)
056, Adding, 6, UNIT_SETTLER (6029360), UNITOPERATION_SWAP_UNITS (49)
056, Can't Start, 6, UNIT_SETTLER (6029360), UNITOPERATION_SWAP_UNITS (49)
056, Adding, 6, UNIT_SETTLER (6029360), UNITOPERATION_MOVE_TO (19)
056, Adding, 6, UNIT_SETTLER (6029360), UNITOPERATION_MOVE_TO (19)
056, Adding, 6, UNIT_CROSSBOWMAN (5636142), UNITOPERATION_MOVE_TO (19)
056, Can't Start, 6, UNIT_CROSSBOWMAN (5636142), UNITOPERATION_MOVE_TO (19)
056, Adding, 6, UNIT_SWORDSMAN (4718610), UNITOPERATION_SWAP_UNITS (49)
056, Can't Start, 6, UNIT_SWORDSMAN (4718610), UNITOPERATION_SWAP_UNITS (49)
056, Adding, 6, UNIT_SWORDSMAN (4718610), UNITOPERATION_MOVE_TO (19)
056, Adding, 6, UNIT_SWORDSMAN (3145761), UNITOPERATION_SWAP_UNITS (49)
056, Can't Start, 6, UNIT_SWORDSMAN (3145761), UNITOPERATION_SWAP_UNITS (49)
056, Adding, 6, UNIT_SWORDSMAN (3145761), UNITOPERATION_MOVE_TO (19)
056, Adding, 6, UNIT_SWORDSMAN (5373996), UNITOPERATION_SWAP_UNITS (49)
056, Can't Start, 6, UNIT_SWORDSMAN (5373996), UNITOPERATION_SWAP_UNITS (49)
056, Adding, 6, UNIT_SWORDSMAN (5373996), UNITOPERATION_MOVE_TO (19)
056, Adding, 6, UNIT_BUILDER (7602238), UNITOPERATION_SWAP_UNITS (49)
056, Can't Start, 6, UNIT_BUILDER (7602238), UNITOPERATION_SWAP_UNITS (49)
056, Adding, 6, UNIT_BUILDER (7602238), UNITOPERATION_MOVE_TO (19)
056, Adding, 6, UNIT_BUILDER (7536701), UNITOPERATION_SWAP_UNITS (49)
056, Can't Start, 6, UNIT_BUILDER (7536701), UNITOPERATION_SWAP_UNITS (49)
056, Adding, 6, UNIT_BUILDER (7536701), UNITOPERATION_MOVE_TO (19)
056, Adding, 6, UNIT_BUILDER (7733308), UNITOPERATION_SWAP_UNITS (49)
056, Can't Start, 6, UNIT_BUILDER (7733308), UNITOPERATION_SWAP_UNITS (49)
056, Adding, 6, UNIT_BUILDER (7733308), UNITOPERATION_MOVE_TO (19)
056, Adding, 6, UNIT_GREAT_WRITER (7864384), UNITOPERATION_SWAP_UNITS (49)
056, Can't Start, 6, UNIT_GREAT_WRITER (7864384), UNITOPERATION_SWAP_UNITS (49)
056, Adding, 6, UNIT_GREAT_WRITER (7864384), UNITOPERATION_MOVE_TO (19)
056, Adding, 6, UNIT_SKIRMISHER (4063245), UNITOPERATION_SWAP_UNITS (49)
056, Can't Start, 6, UNIT_SKIRMISHER (4063245), UNITOPERATION_SWAP_UNITS (49)
056, Adding, 6, UNIT_SKIRMISHER (4063245), UNITOPERATION_MOVE_TO (19)
056, Adding, 6, UNIT_CROSSBOWMAN (5832704), UNITOPERATION_MOVE_TO (19)
056, Can't Start, 6, UNIT_CROSSBOWMAN (5832704), UNITOPERATION_MOVE_TO (19)
056, Adding, 6, UNIT_CROSSBOWMAN (6422529), UNITOPERATION_MOVE_TO (19)
056, Adding, 6, UNIT_CROSSBOWMAN (6488071), UNITOPERATION_MOVE_TO (19)
056, Adding, 6, UNIT_CROSSBOWMAN (5505040), UNITOPERATION_MOVE_TO (19)
056, Adding, 6, UNIT_CROSSBOWMAN (4915220), UNITOPERATION_MOVE_TO (19)
056, Adding, 6, UNIT_CROSSBOWMAN (4784149), UNITOPERATION_MOVE_TO (19)
056, Can't Start, 6, UNIT_CROSSBOWMAN (4784149), UNITOPERATION_MOVE_TO (19)
056, Adding, 6, UNIT_CROSSBOWMAN (6881304), UNITOPERATION_MOVE_TO (19)
056, Adding, 6, UNIT_CROSSBOWMAN (5177382), UNITOPERATION_MOVE_TO (19)
056, Can't Start, 6, UNIT_CROSSBOWMAN (5177382), UNITOPERATION_MOVE_TO (19)
056, Adding, 6, UNIT_CROSSBOWMAN (6291503), UNITOPERATION_MOVE_TO (19)
056, Adding, 6, UNIT_CATAPULT (2621457), UNITOPERATION_MOVE_TO (19)
056, Adding, 6, UNIT_HEAVY_CHARIOT (2359322), UNITOPERATION_MOVE_TO (19)
056, Adding, 6, UNIT_CROSSBOWMAN (8060977), UNITOPERATION_MOVE_TO (19)
056, Adding, 6, UNIT_CROSSBOWMAN (7143482), UNITOPERATION_MOVE_TO (19)
056, Adding, 6, UNIT_APOSTLE (5701667), UNITOPERATION_MOVE_TO (19)
056, Adding, 6, UNIT_APOSTLE (5308435), UNITOPERATION_SWAP_UNITS (49)
056, Can't Start, 6, UNIT_APOSTLE (5308435), UNITOPERATION_SWAP_UNITS (49)
056, Adding, 6, UNIT_APOSTLE (5308435), UNITOPERATION_MOVE_TO (19)
056, Adding, 6, UNIT_APOSTLE (6619189), UNITOPERATION_SWAP_UNITS (49)
056, Can't Start, 6, UNIT_APOSTLE (6619189), UNITOPERATION_SWAP_UNITS (49)
056, Adding, 6, UNIT_APOSTLE (5898262), UNITOPERATION_SWAP_UNITS (49)
056, Can't Start, 6, UNIT_APOSTLE (5898262), UNITOPERATION_SWAP_UNITS (49)
056, Adding, 6, UNIT_APOSTLE (5898262), UNITOPERATION_MOVE_TO (19)
056, Adding, 6, UNIT_APOSTLE (6225971), UNITOPERATION_MOVE_TO (19)
056, Adding, 6, UNIT_APOSTLE (5111851), UNITOPERATION_MOVE_TO (19)
056, Adding, 6, UNIT_APOSTLE (7209019), UNITOPERATION_MOVE_TO (19)
056, Adding, 6, UNIT_TAOIST (7077891), UNITOPERATION_SPREAD_RELIGION (38)
056, Can't Start, 6, UNIT_TAOIST (7077891), UNITOPERATION_SPREAD_RELIGION (38)
056, Adding, 6, UNIT_MISSIONARY (3735557), UNITOPERATION_MOVE_TO (19)
056, Adding, 6, UNIT_MISSIONARY (3735557), UNITOPERATION_SPREAD_RELIGION (38)
056, Can't Start, 6, UNIT_MISSIONARY (3735557), UNITOPERATION_SPREAD_RELIGION (38)
056, Adding, 6, UNIT_TAOIST (786440), UNITOPERATION_MOVE_TO (19)
056, Adding, 6, UNIT_APOSTLE (6357004), UNITOPERATION_MOVE_TO (19)
056, Adding, 6, UNIT_APOSTLE (5308435), UNITOPERATION_MOVE_TO (19)
056, Adding, 6, UNIT_APOSTLE (5898262), UNITOPERATION_MOVE_TO (19)
056, Adding, 6, UNIT_MISSIONARY (2162711), UNITOPERATION_MOVE_TO (19)
056, Adding, 6, UNIT_MISSIONARY (2162711), UNITOPERATION_SPREAD_RELIGION (38)
056, Adding, 6, UNIT_MISSIONARY (2293785), UNITOPERATION_SPREAD_RELIGION (38)
056, Adding, 6, UNIT_MISSIONARY (2424859), UNITOPERATION_SPREAD_RELIGION (38)
056, Adding, 6, UNIT_APOSTLE (7798813), UNITOPERATION_MOVE_TO (19)
056, Adding, 6, UNIT_APOSTLE (7405599), UNITOPERATION_MOVE_TO (19)
056, Adding, 6, UNIT_APOSTLE (5701667), UNITOPERATION_MOVE_TO (19)
056, Adding, 6, UNIT_MISSIONARY (3342372), UNITOPERATION_MOVE_TO (19)
056, Adding, 6, UNIT_MISSIONARY (3342372), UNITOPERATION_SPREAD_RELIGION (38)
056, Adding, 6, UNIT_APOSTLE (5570605), UNITOPERATION_MOVE_TO (19)
056, Adding, 6, UNIT_APOSTLE (5570605), UNITOPERATION_SPREAD_RELIGION (38)
056, Adding, 6, UNIT_APOSTLE (6619189), UNITOPERATION_MOVE_TO (19)
056, Adding, 6, UNIT_APOSTLE (6619189), UNITOPERATION_SPREAD_RELIGION (38)
056, Can't Start, 6, UNIT_APOSTLE (6619189), UNITOPERATION_SPREAD_RELIGION (38)
056, Adding, 6, UNIT_TAOIST (6684726), UNITOPERATION_MOVE_TO (19)
056, Adding, 6, UNIT_APOSTLE (6750263), UNITOPERATION_MOVE_TO (19)
056, Adding, 6, UNIT_APOSTLE (6946872), UNITOPERATION_MOVE_TO (19)
056, Adding, 6, UNIT_APOSTLE (6946872), UNITOPERATION_SPREAD_RELIGION (38)
056, Adding, 6, UNIT_APOSTLE (7667775), UNITOPERATION_MOVE_TO (19)
056, Adding, 6, UNIT_SKIRMISHER (3473440), UNITOPERATION_MOVE_TO (19)
056, Adding, 6, UNIT_SKIRMISHER (3473440), UNITOPERATION_MOVE_TO (19)
056, Adding, 6, UNIT_SKIRMISHER (3407909), UNITOPERATION_MOVE_TO (19)
056, Adding, 6, UNIT_SKIRMISHER (3997738), UNITOPERATION_MOVE_TO (19)
056, Adding, 6, UNIT_SKIRMISHER (4194308), UNITOPERATION_MOVE_TO (19)
056, Adding, 6, UNIT_SKIRMISHER (3801127), UNITOPERATION_MOVE_TO (19)
056, Adding, 6, UNIT_SKIRMISHER (7012409), UNITOPERATION_MOVE_TO (19)
056, Adding, 6, UNIT_SKIRMISHER (4194308), UNITOPERATION_SKIP_TURN (36)
056, Adding, 6, UNIT_SKIRMISHER (3801127), UNITOPERATION_SKIP_TURN (36)
056, Adding, 6, UNIT_SKIRMISHER (7012409), UNITOPERATION_SKIP_TURN (36)
056, Can't Start, 6, UNIT_MISSIONARY (3735557), UNITOPERATION_SPREAD_RELIGION (38)
056, Can't Start, 6, UNIT_APOSTLE (6619189), UNITOPERATION_SPREAD_RELIGION (38)
056, Adding, 7, UNIT_SPY (7536690), UNITOPERATION_SPY_TRAVEL_NEW_CITY (48)
056, Adding, 7, UNIT_KNIGHT (6815769), UNITOPERATION_MOVE_TO (19)
056, Adding, 7, UNIT_SETTLER (7602219), UNITOPERATION_SWAP_UNITS (49)
056, Can't Start, 7, UNIT_SETTLER (7602219), UNITOPERATION_SWAP_UNITS (49)
056, Adding, 7, UNIT_SETTLER (7602219), UNITOPERATION_MOVE_TO (19)
056, Adding, 7, UNIT_SETTLER (7602219), UNITOPERATION_MOVE_TO (19)
056, Adding, 7, UNIT_MUSKETMAN (7405592), UNITOPERATION_MOVE_TO (19)
056, Adding, 7, UNIT_SCOUT (393220), UNITOPERATION_SWAP_UNITS (49)
056, Can't Start, 7, UNIT_SCOUT (393220), UNITOPERATION_SWAP_UNITS (49)
056, Adding, 7, UNIT_SCOUT (393220), UNITOPERATION_MOVE_TO (19)
056, Adding, 7, UNIT_SWORDSMAN (3014666), UNITOPERATION_SWAP_UNITS (49)
056, Can't Start, 7, UNIT_SWORDSMAN (3014666), UNITOPERATION_SWAP_UNITS (49)
056, Adding, 7, UNIT_SWORDSMAN (3014666), UNITOPERATION_MOVE_TO (19)
056, Adding, 7, UNIT_WARRIOR (1048588), UNITOPERATION_SWAP_UNITS (49)
056, Can't Start, 7, UNIT_WARRIOR (1048588), UNITOPERATION_SWAP_UNITS (49)
056, Adding, 7, UNIT_WARRIOR (1048588), UNITOPERATION_MOVE_TO (19)
056, Adding, 7, UNIT_SWORDSMAN (3211279), UNITOPERATION_SWAP_UNITS (49)
056, Can't Start, 7, UNIT_SWORDSMAN (3211279), UNITOPERATION_SWAP_UNITS (49)
056, Adding, 7, UNIT_SWORDSMAN (3211279), UNITOPERATION_MOVE_TO (19)
056, Adding, 7, UNIT_SWORDSMAN (2621472), UNITOPERATION_SWAP_UNITS (49)
056, Can't Start, 7, UNIT_SWORDSMAN (2621472), UNITOPERATION_SWAP_UNITS (49)
056, Adding, 7, UNIT_SWORDSMAN (2621472), UNITOPERATION_MOVE_TO (19)
056, Adding, 7, UNIT_SWORDSMAN (2687009), UNITOPERATION_SWAP_UNITS (49)
056, Can't Start, 7, UNIT_SWORDSMAN (2687009), UNITOPERATION_SWAP_UNITS (49)
056, Adding, 7, UNIT_SWORDSMAN (2687009), UNITOPERATION_MOVE_TO (19)
056, Adding, 7, UNIT_SWORDSMAN (3473444), UNITOPERATION_SWAP_UNITS (49)
056, Can't Start, 7, UNIT_SWORDSMAN (3473444), UNITOPERATION_SWAP_UNITS (49)
056, Adding, 7, UNIT_SWORDSMAN (3473444), UNITOPERATION_MOVE_TO (19)
056, Adding, 7, UNIT_CATAPULT (4456488), UNITOPERATION_SWAP_UNITS (49)
056, Can't Start, 7, UNIT_CATAPULT (4456488), UNITOPERATION_SWAP_UNITS (49)
056, Adding, 7, UNIT_CATAPULT (4456488), UNITOPERATION_MOVE_TO (19)
056, Adding, 7, UNIT_SKIRMISHER (3866661), UNITOPERATION_SWAP_UNITS (49)
056, Can't Start, 7, UNIT_SKIRMISHER (3866661), UNITOPERATION_SWAP_UNITS (49)
056, Adding, 7, UNIT_SKIRMISHER (3866661), UNITOPERATION_MOVE_TO (19)
056, Adding, 7, UNIT_MAN_AT_ARMS (5701651), UNITOPERATION_SWAP_UNITS (49)
056, Can't Start, 7, UNIT_MAN_AT_ARMS (5701651), UNITOPERATION_SWAP_UNITS (49)
056, Adding, 7, UNIT_MAN_AT_ARMS (5701651), UNITOPERATION_MOVE_TO (19)
056, Adding, 7, UNIT_SKIRMISHER (3866661), UNITOPERATION_RANGE_ATTACK (26)
056, Adding, 7, UNIT_SKIRMISHER (3866661), UNITOPERATION_MOVE_TO (19)
056, Adding, 7, UNIT_MAN_AT_ARMS (5439515), UNITOPERATION_MOVE_TO (19)
056, Adding, 7, UNIT_MAN_AT_ARMS (5505038), UNITOPERATION_MOVE_TO (19)
056, Adding, 7, UNIT_CROSSBOWMAN (5308455), UNITOPERATION_MOVE_TO (19)
056, Adding, 7, UNIT_MAN_AT_ARMS (5767175), UNITOPERATION_MOVE_TO (19)
056, Adding, 7, UNIT_TREBUCHET (6225966), UNITOPERATION_MOVE_TO (19)
056, Adding, 7, UNIT_MAN_AT_ARMS (5439515), UNITOPERATION_MOVE_TO (19)
056, Adding, 7, UNIT_CROSSBOWMAN (5308455), UNITOPERATION_MOVE_TO (19)
056, Adding, 7, UNIT_BUILDER (6291503), UNITOPERATION_SWAP_UNITS (49)
056, Can't Start, 7, UNIT_BUILDER (6291503), UNITOPERATION_SWAP_UNITS (49)
056, Adding, 7, UNIT_BUILDER (6291503), UNITOPERATION_MOVE_TO (19)
056, Adding, 7, UNIT_BUILDER (6291503), UNITOPERATION_HARVEST_RESOURCE (16)
056, Adding, 7, UNIT_BUILDER (6488113), UNITOPERATION_SWAP_UNITS (49)
056, Can't Start, 7, UNIT_BUILDER (6488113), UNITOPERATION_SWAP_UNITS (49)
056, Adding, 7, UNIT_BUILDER (6488113), UNITOPERATION_MOVE_TO (19)
056, Adding, 7, UNIT_BUILDER (6488113), UNITOPERATION_REMOVE_FEATURE (28)
056, Adding, 7, UNIT_BUILDER (6488113), UNITOPERATION_BUILD_IMPROVEMENT (2)
056, Can't Start, 7, UNIT_BUILDER (6488113), UNITOPERATION_BUILD_IMPROVEMENT (2)
056, Adding, 7, UNIT_BUILDER (6619187), UNITOPERATION_SWAP_UNITS (49)
056, Can't Start, 7, UNIT_BUILDER (6619187), UNITOPERATION_SWAP_UNITS (49)
056, Adding, 7, UNIT_BUILDER (6619187), UNITOPERATION_MOVE_TO (19)
056, Adding, 7, UNIT_GREAT_WRITER (6357040), UNITOPERATION_SWAP_UNITS (49)
056, Can't Start, 7, UNIT_GREAT_WRITER (6357040), UNITOPERATION_SWAP_UNITS (49)
056, Adding, 7, UNIT_GREAT_WRITER (6357040), UNITOPERATION_MOVE_TO (19)
056, Adding, 7, UNIT_GREAT_WRITER (7209004), UNITOPERATION_SWAP_UNITS (49)
056, Can't Start, 7, UNIT_GREAT_WRITER (7209004), UNITOPERATION_SWAP_UNITS (49)
056, Adding, 7, UNIT_GREAT_WRITER (7209004), UNITOPERATION_MOVE_TO (19)
056, Adding, 7, UNIT_SKIRMISHER (4522025), UNITOPERATION_MOVE_TO (19)
056, Adding, 7, UNIT_MUSKETMAN (7340058), UNITOPERATION_MOVE_TO (19)
056, Adding, 7, UNIT_KNIGHT (6684710), UNITOPERATION_MOVE_TO (19)
056, Adding, 7, UNIT_MAN_AT_ARMS (5242925), UNITOPERATION_MOVE_TO (19)
056, Adding, 7, UNIT_MUSKETMAN (7012405), UNITOPERATION_MOVE_TO (19)
056, Adding, 7, UNIT_MUSKETMAN (7077942), UNITOPERATION_MOVE_TO (19)
056, Adding, 7, UNIT_MUSKETMAN (7143479), UNITOPERATION_MOVE_TO (19)
056, Adding, 7, UNIT_MUSKETMAN (6946868), UNITOPERATION_MOVE_TO (19)
056, Can't Start, 7, UNIT_MUSKETMAN (6946868), UNITOPERATION_MOVE_TO (19)
056, Adding, 7, UNIT_SKIRMISHER (3735570), UNITOPERATION_MOVE_TO (19)
056, Adding, 7, UNIT_SKIRMISHER (3735570), UNITOPERATION_MOVE_TO (19)
056, Adding, 7, UNIT_SKIRMISHER (3735570), UNITOPERATION_MOVE_TO (19)
056, Adding, 7, UNIT_TAOIST (851968), UNITOPERATION_MOVE_TO (19)
056, Adding, 7, UNIT_TAOIST (7471113), UNITOPERATION_MOVE_TO (19)
056, Adding, 7, UNIT_SKIRMISHER (6029329), UNITOPERATION_MOVE_TO (19)
056, Adding, 7, UNIT_SKIRMISHER (3670036), UNITOPERATION_MOVE_TO (19)
056, Adding, 7, UNIT_SKIRMISHER (3932181), UNITOPERATION_MOVE_TO (19)
056, Adding, 7, UNIT_SKIRMISHER (4849692), UNITOPERATION_MOVE_TO (19)
056, Adding, 7, UNIT_SKIRMISHER (3538973), UNITOPERATION_MOVE_TO (19)
056, Adding, 7, UNIT_SKIRMISHER (3407907), UNITOPERATION_MOVE_TO (19)
056, Adding, 7, UNIT_SKIRMISHER (4587562), UNITOPERATION_MOVE_TO (19)
056, Adding, 7, UNIT_TAOIST (7471113), UNITOPERATION_SKIP_TURN (36)
056, Adding, 7, UNIT_SKIRMISHER (6029329), UNITOPERATION_SKIP_TURN (36)
056, Adding, 7, UNIT_SKIRMISHER (3670036), UNITOPERATION_SKIP_TURN (36)
056, Adding, 7, UNIT_SKIRMISHER (3932181), UNITOPERATION_SKIP_TURN (36)
056, Adding, 7, UNIT_SKIRMISHER (4849692), UNITOPERATION_SKIP_TURN (36)
056, Adding, 7, UNIT_SKIRMISHER (3538973), UNITOPERATION_SKIP_TURN (36)
056, Adding, 7, UNIT_SKIRMISHER (3407907), UNITOPERATION_SKIP_TURN (36)
056, Adding, 7, UNIT_SKIRMISHER (4587562), UNITOPERATION_SKIP_TURN (36)
056, Can't Start, 7, UNIT_BUILDER (6488113), UNITOPERATION_BUILD_IMPROVEMENT (2)
056, Adding, 8, UNIT_TRADER (1048588), UNITOPERATION_MAKE_TRADE_ROUTE (18)
056, Can't Start, 8, UNIT_TRADER (1048588), UNITOPERATION_MAKE_TRADE_ROUTE (18)
056, Adding, 8, UNIT_MUSKETMAN (8978505), UNITOPERATION_MOVE_TO (19)
056, Adding, 8, UNIT_SETTLER (9699343), UNITOPERATION_MOVE_TO (19)
056, Adding, 8, UNIT_BUILDER (9568264), UNITOPERATION_SWAP_UNITS (49)
056, Can't Start, 8, UNIT_BUILDER (9568264), UNITOPERATION_SWAP_UNITS (49)
056, Adding, 8, UNIT_BUILDER (9568264), UNITOPERATION_MOVE_TO (19)
056, Adding, 8, UNIT_BUILDER (9961482), UNITOPERATION_SWAP_UNITS (49)
056, Can't Start, 8, UNIT_BUILDER (9961482), UNITOPERATION_SWAP_UNITS (49)
056, Adding, 8, UNIT_BUILDER (9961482), UNITOPERATION_MOVE_TO (19)
056, Adding, 8, UNIT_BUILDER (9961482), UNITOPERATION_BUILD_IMPROVEMENT (2)
056, Adding, 8, UNIT_BUILDER (9502780), UNITOPERATION_SWAP_UNITS (49)
056, Can't Start, 8, UNIT_BUILDER (9502780), UNITOPERATION_SWAP_UNITS (49)
056, Adding, 8, UNIT_BUILDER (9502780), UNITOPERATION_MOVE_TO (19)
056, Adding, 8, UNIT_BUILDER (9502780), UNITOPERATION_BUILD_IMPROVEMENT (2)
056, Adding, 8, UNIT_BUILDER (8716357), UNITOPERATION_SWAP_UNITS (49)
056, Can't Start, 8, UNIT_BUILDER (8716357), UNITOPERATION_SWAP_UNITS (49)
056, Adding, 8, UNIT_BUILDER (8716357), UNITOPERATION_MOVE_TO (19)
056, Adding, 8, UNIT_BUILDER (10813499), UNITOPERATION_SWAP_UNITS (49)
056, Can't Start, 8, UNIT_BUILDER (10813499), UNITOPERATION_SWAP_UNITS (49)
056, Adding, 8, UNIT_BUILDER (10813499), UNITOPERATION_MOVE_TO (19)
056, Adding, 8, UNIT_BUILDER (10879022), UNITOPERATION_SWAP_UNITS (49)
056, Can't Start, 8, UNIT_BUILDER (10879022), UNITOPERATION_SWAP_UNITS (49)
056, Adding, 8, UNIT_BUILDER (10879022), UNITOPERATION_MOVE_TO (19)
056, Adding, 8, UNIT_BUILDER (10879022), UNITOPERATION_REPAIR (31)
056, Adding, 8, UNIT_SKIRMISHER (5505075), UNITOPERATION_MOVE_TO (19)
056, Adding, 8, UNIT_VIETNAMESE_VOI_CHIEN (7208961), UNITOPERATION_MOVE_TO (19)
056, Adding, 8, UNIT_VIETNAMESE_VOI_CHIEN (5439490), UNITOPERATION_MOVE_TO (19)
056, Adding, 8, UNIT_MUSKETMAN (10944526), UNITOPERATION_MOVE_TO (19)
056, Adding, 8, UNIT_COURSER (10682384), UNITOPERATION_MOVE_TO (19)
056, Adding, 8, UNIT_KNIGHT (8454163), UNITOPERATION_MOVE_TO (19)
056, Adding, 8, UNIT_MUSKETMAN (9633822), UNITOPERATION_MOVE_TO (19)
056, Adding, 8, UNIT_MUSKETMAN (9437219), UNITOPERATION_MOVE_TO (19)
056, Can't Start, 8, UNIT_MUSKETMAN (9437219), UNITOPERATION_MOVE_TO (19)
056, Adding, 8, UNIT_MUSKETMAN (9895981), UNITOPERATION_MOVE_TO (19)
056, Adding, 8, UNIT_BOMBARD (10616879), UNITOPERATION_MOVE_TO (19)
056, Adding, 8, UNIT_MUSKETMAN (9306161), UNITOPERATION_MOVE_TO (19)
056, Adding, 8, UNIT_MUSKETMAN (9175090), UNITOPERATION_MOVE_TO (19)
056, Adding, 8, UNIT_MUSKETMAN (9109556), UNITOPERATION_MOVE_TO (19)
056, Adding, 8, UNIT_KNIGHT (8257600), UNITOPERATION_MOVE_TO (19)
056, Adding, 8, UNIT_MUSKETMAN (8781894), UNITOPERATION_MOVE_TO (19)
056, Can't Start, 8, UNIT_MUSKETMAN (8781894), UNITOPERATION_MOVE_TO (19)
056, Adding, 8, UNIT_MUSKETMAN (8847431), UNITOPERATION_MOVE_TO (19)
056, Adding, 8, UNIT_MUSKETMAN (8912968), UNITOPERATION_MOVE_TO (19)
056, Adding, 8, UNIT_MUSKETMAN (10027084), UNITOPERATION_MOVE_TO (19)
056, Can't Start, 8, UNIT_MUSKETMAN (10027084), UNITOPERATION_MOVE_TO (19)
056, Adding, 8, UNIT_MUSKETMAN (10223695), UNITOPERATION_MOVE_TO (19)
056, Adding, 8, UNIT_COURSER (10289232), UNITOPERATION_MOVE_TO (19)
056, Adding, 8, UNIT_COURSER (10354769), UNITOPERATION_MOVE_TO (19)
056, Adding, 8, UNIT_PIKE_AND_SHOT (10747986), UNITOPERATION_MOVE_TO (19)
056, Adding, 8, UNIT_VIETNAMESE_VOI_CHIEN (5832707), UNITOPERATION_MOVE_TO (19)
056, Adding, 8, UNIT_VIETNAMESE_VOI_CHIEN (7864324), UNITOPERATION_MOVE_TO (19)
056, Adding, 8, UNIT_VIETNAMESE_VOI_CHIEN (7143429), UNITOPERATION_MOVE_TO (19)
056, Adding, 8, UNIT_VIETNAMESE_VOI_CHIEN (7405574), UNITOPERATION_MOVE_TO (19)
056, Adding, 8, UNIT_VIETNAMESE_VOI_CHIEN (6946823), UNITOPERATION_MOVE_TO (19)
056, Adding, 8, UNIT_VIETNAMESE_VOI_CHIEN (5111825), UNITOPERATION_MOVE_TO (19)
056, Adding, 8, UNIT_VIETNAMESE_VOI_CHIEN (5373972), UNITOPERATION_MOVE_TO (19)
056, Adding, 8, UNIT_VIETNAMESE_VOI_CHIEN (6357013), UNITOPERATION_MOVE_TO (19)
056, Adding, 8, UNIT_VIETNAMESE_VOI_CHIEN (7340054), UNITOPERATION_MOVE_TO (19)
056, Adding, 8, UNIT_VIETNAMESE_VOI_CHIEN (6029335), UNITOPERATION_MOVE_TO (19)
056, Adding, 8, UNIT_VIETNAMESE_VOI_CHIEN (7667738), UNITOPERATION_MOVE_TO (19)
056, Adding, 8, UNIT_VIETNAMESE_VOI_CHIEN (5767195), UNITOPERATION_MOVE_TO (19)
056, Adding, 8, UNIT_VIETNAMESE_VOI_CHIEN (5046300), UNITOPERATION_MOVE_TO (19)
056, Adding, 8, UNIT_VIETNAMESE_VOI_CHIEN (7602205), UNITOPERATION_MOVE_TO (19)
056, Adding, 8, UNIT_VIETNAMESE_VOI_CHIEN (8060959), UNITOPERATION_MOVE_TO (19)
056, Adding, 8, UNIT_VIETNAMESE_VOI_CHIEN (7798816), UNITOPERATION_MOVE_TO (19)
056, Adding, 8, UNIT_VIETNAMESE_VOI_CHIEN (6881313), UNITOPERATION_MOVE_TO (19)
056, Adding, 8, UNIT_VIETNAMESE_VOI_CHIEN (7077922), UNITOPERATION_MOVE_TO (19)
056, Adding, 8, UNIT_VIETNAMESE_VOI_CHIEN (5308458), UNITOPERATION_MOVE_TO (19)
056, Adding, 8, UNIT_VIETNAMESE_VOI_CHIEN (5570604), UNITOPERATION_MOVE_TO (19)
056, Adding, 8, UNIT_VIETNAMESE_VOI_CHIEN (8192063), UNITOPERATION_MOVE_TO (19)
056, Adding, 8, UNIT_VIETNAMESE_VOI_CHIEN (10485835), UNITOPERATION_MOVE_TO (19)
056, Adding, 8, UNIT_VIETNAMESE_VOI_CHIEN (10092621), UNITOPERATION_MOVE_TO (19)
056, Adding, 8, UNIT_APOSTLE (10158158), UNITOPERATION_SWAP_UNITS (49)
056, Can't Start, 8, UNIT_APOSTLE (10158158), UNITOPERATION_SWAP_UNITS (49)
056, Adding, 8, UNIT_APOSTLE (10158158), UNITOPERATION_MOVE_TO (19)
056, Adding, 8, UNIT_APOSTLE (10158158), UNITOPERATION_MOVE_TO (19)
056, Adding, 8, UNIT_APOSTLE (8650820), UNITOPERATION_SWAP_UNITS (49)
056, Can't Start, 8, UNIT_APOSTLE (8650820), UNITOPERATION_SWAP_UNITS (49)
056, Adding, 8, UNIT_APOSTLE (8650820), UNITOPERATION_MOVE_TO (19)
056, Adding, 8, UNIT_APOSTLE (8650820), UNITOPERATION_MOVE_TO (19)
056, Adding, 8, UNIT_APOSTLE (9371687), UNITOPERATION_SWAP_UNITS (49)
056, Can't Start, 8, UNIT_APOSTLE (9371687), UNITOPERATION_SWAP_UNITS (49)
056, Adding, 8, UNIT_APOSTLE (9371687), UNITOPERATION_MOVE_TO (19)
056, Adding, 8, UNIT_APOSTLE (9371687), UNITOPERATION_MOVE_TO (19)
056, Adding, 8, UNIT_MISSIONARY (7471104), UNITOPERATION_MOVE_TO (19)
056, Adding, 8, UNIT_MISSIONARY (6094857), UNITOPERATION_MOVE_TO (19)
056, Adding, 8, UNIT_MISSIONARY (5177355), UNITOPERATION_MOVE_TO (19)
056, Adding, 8, UNIT_MISSIONARY (3866637), UNITOPERATION_MOVE_TO (19)
056, Adding, 8, UNIT_MISSIONARY (4259864), UNITOPERATION_MOVE_TO (19)
056, Adding, 8, UNIT_MISSIONARY (4849689), UNITOPERATION_MOVE_TO (19)
056, Adding, 8, UNIT_MISSIONARY (3670053), UNITOPERATION_MOVE_TO (19)
056, Adding, 8, UNIT_MISSIONARY (5701670), UNITOPERATION_MOVE_TO (19)
056, Adding, 8, UNIT_APOSTLE (9371687), UNITOPERATION_MOVE_TO (19)
056, Adding, 8, UNIT_MISSIONARY (4063272), UNITOPERATION_MOVE_TO (19)
056, Adding, 8, UNIT_MISSIONARY (4784176), UNITOPERATION_MOVE_TO (19)
056, Adding, 8, UNIT_MISSIONARY (6488118), UNITOPERATION_MOVE_TO (19)
056, Adding, 8, UNIT_MISSIONARY (6684728), UNITOPERATION_MOVE_TO (19)
056, Adding, 8, UNIT_MISSIONARY (7733309), UNITOPERATION_MOVE_TO (19)
056, Adding, 8, UNIT_MISSIONARY (7929918), UNITOPERATION_MOVE_TO (19)
056, Adding, 8, UNIT_MISSIONARY (8323137), UNITOPERATION_MOVE_TO (19)
056, Adding, 8, UNIT_MISSIONARY (8519746), UNITOPERATION_MOVE_TO (19)
056, Adding, 8, UNIT_APOSTLE (8650820), UNITOPERATION_MOVE_TO (19)
056, Adding, 8, UNIT_APOSTLE (9764938), UNITOPERATION_EVANGELIZE_BELIEF (10)
056, Adding, 8, UNIT_APOSTLE (10158158), UNITOPERATION_MOVE_TO (19)
056, Adding, 8, UNIT_SKIRMISHER (4128809), UNITOPERATION_MOVE_TO (19)
056, Adding, 8, UNIT_SKIRMISHER (4128809), UNITOPERATION_MOVE_TO (19)
056, Adding, 8, UNIT_SKIRMISHER (4128809), UNITOPERATION_MOVE_TO (19)
056, Adding, 8, UNIT_SKIRMISHER (4128809), UNITOPERATION_MOVE_TO (19)
056, Adding, 8, UNIT_SKIRMISHER (6553655), UNITOPERATION_MOVE_TO (19)
056, Adding, 8, UNIT_SKIRMISHER (6750265), UNITOPERATION_MOVE_TO (19)
056, Adding, 8, UNIT_SKIRMISHER (7012410), UNITOPERATION_MOVE_TO (19)
056, Adding, 8, UNIT_MILITARY_ENGINEER (8126482), UNITOPERATION_SKIP_TURN (36)
056, Adding, 8, UNIT_MILITARY_ENGINEER (8388644), UNITOPERATION_SKIP_TURN (36)
056, Adding, 8, UNIT_MILITARY_ENGINEER (7995435), UNITOPERATION_SKIP_TURN (36)
056, Adding, 8, UNIT_SKIRMISHER (6553655), UNITOPERATION_SKIP_TURN (36)
056, Adding, 8, UNIT_SKIRMISHER (6750265), UNITOPERATION_SKIP_TURN (36)
056, Adding, 8, UNIT_SKIRMISHER (7012410), UNITOPERATION_SKIP_TURN (36)
056, Adding, 8, UNIT_MILITARY_ENGINEER (9240643), UNITOPERATION_SKIP_TURN (36)
056, Can't Start, 8, UNIT_TRADER (1048588), UNITOPERATION_MAKE_TRADE_ROUTE (18)
056, Can't Start, 8, UNIT_MUSKETMAN (8781894), UNITOPERATION_MOVE_TO (19)
056, Adding, 9, UNIT_CROSSBOWMAN (5242890), UNITOPERATION_SWAP_UNITS (49)
056, Adding, 9, UNIT_MUSKETMAN (10354751), UNITOPERATION_SWAP_UNITS (49)
056, Can't Start, 9, UNIT_MUSKETMAN (10354751), UNITOPERATION_SWAP_UNITS (49)
056, Adding, 9, UNIT_MUSKETMAN (10354751), UNITOPERATION_MOVE_TO (19)
056, Adding, 9, UNIT_KNIGHT (8716315), UNITOPERATION_SWAP_UNITS (49)
056, Can't Start, 9, UNIT_KNIGHT (8716315), UNITOPERATION_SWAP_UNITS (49)
056, Adding, 9, UNIT_KNIGHT (8716315), UNITOPERATION_MOVE_TO (19)
056, Adding, 9, UNIT_KNIGHT (8716315), UNITOPERATION_MOVE_TO (19)
056, Adding, 9, UNIT_MUSKETMAN (8978445), UNITOPERATION_MOVE_TO (19)
056, Adding, 9, UNIT_SETTLER (10420280), UNITOPERATION_MOVE_TO (19)
056, Adding, 9, UNIT_MUSKETMAN (9633826), UNITOPERATION_MOVE_TO (19)
056, Can't Start, 9, UNIT_MUSKETMAN (9633826), UNITOPERATION_MOVE_TO (19)
056, Adding, 9, UNIT_APOSTLE (10485809), UNITOPERATION_LAUNCH_INQUISITION (17)
056, Adding, 9, UNIT_BUILDER (5767191), UNITOPERATION_SWAP_UNITS (49)
056, Can't Start, 9, UNIT_BUILDER (5767191), UNITOPERATION_SWAP_UNITS (49)
056, Adding, 9, UNIT_BUILDER (5767191), UNITOPERATION_MOVE_TO (19)
056, Adding, 9, UNIT_BUILDER (5767191), UNITOPERATION_REMOVE_FEATURE (28)
056, Adding, 9, UNIT_BUILDER (10223677), UNITOPERATION_SWAP_UNITS (49)
056, Can't Start, 9, UNIT_BUILDER (10223677), UNITOPERATION_SWAP_UNITS (49)
056, Adding, 9, UNIT_BUILDER (10223677), UNITOPERATION_MOVE_TO (19)
056, Adding, 9, UNIT_BUILDER (10223677), UNITOPERATION_BUILD_IMPROVEMENT (2)
056, Can't Start, 9, UNIT_BUILDER (10223677), UNITOPERATION_BUILD_IMPROVEMENT (2)
056, Adding, 9, UNIT_BUILDER (10158117), UNITOPERATION_SWAP_UNITS (49)
056, Can't Start, 9, UNIT_BUILDER (10158117), UNITOPERATION_SWAP_UNITS (49)
056, Adding, 9, UNIT_BUILDER (10158117), UNITOPERATION_MOVE_TO (19)
056, Adding, 9, UNIT_BUILDER (10158117), UNITOPERATION_REMOVE_FEATURE (28)
056, Adding, 9, UNIT_BUILDER (10158117), UNITOPERATION_BUILD_IMPROVEMENT (2)
056, Can't Start, 9, UNIT_BUILDER (10158117), UNITOPERATION_BUILD_IMPROVEMENT (2)
056, Adding, 9, UNIT_GREAT_GENERAL (9568258), UNITOPERATION_MOVE_TO (19)
056, Can't Start, 9, UNIT_GREAT_GENERAL (9568258), UNITOPERATION_MOVE_TO (19)
056, Adding, 9, UNIT_MUSKETMAN (10682373), UNITOPERATION_MOVE_TO (19)
056, Adding, 9, UNIT_CROSSBOWMAN (7864328), UNITOPERATION_MOVE_TO (19)
056, Adding, 9, UNIT_MUSKETMAN (9043977), UNITOPERATION_MOVE_TO (19)
056, Adding, 9, UNIT_MUSKETMAN (9240588), UNITOPERATION_MOVE_TO (19)
056, Adding, 9, UNIT_COURSER (8257551), UNITOPERATION_MOVE_TO (19)
056, Adding, 9, UNIT_KNIGHT (9830418), UNITOPERATION_MOVE_TO (19)
056, Can't Start, 9, UNIT_KNIGHT (9830418), UNITOPERATION_MOVE_TO (19)
056, Adding, 9, UNIT_MUSKETMAN (8912916), UNITOPERATION_MOVE_TO (19)
056, Can't Start, 9, UNIT_MUSKETMAN (8912916), UNITOPERATION_MOVE_TO (19)
056, Adding, 9, UNIT_MUSKETMAN (10551341), UNITOPERATION_MOVE_TO (19)
056, Adding, 9, UNIT_KNIGHT (9306158), UNITOPERATION_MOVE_TO (19)
056, Adding, 9, UNIT_MAN_AT_ARMS (6488116), UNITOPERATION_MOVE_TO (19)
056, Adding, 9, UNIT_MAN_AT_ARMS (6553653), UNITOPERATION_MOVE_TO (19)
056, Adding, 9, UNIT_MAN_AT_ARMS (6619190), UNITOPERATION_MOVE_TO (19)
056, Adding, 9, UNIT_MAN_AT_ARMS (7209015), UNITOPERATION_MOVE_TO (19)
056, Adding, 9, UNIT_TREBUCHET (8323130), UNITOPERATION_MOVE_TO (19)
056, Adding, 9, UNIT_MUSKETMAN (10027068), UNITOPERATION_MOVE_TO (19)
056, Can't Start, 9, UNIT_MUSKETMAN (10027068), UNITOPERATION_MOVE_TO (19)
056, Adding, 9, UNIT_CROSSBOWMAN (4521995), UNITOPERATION_MOVE_TO (19)
056, Adding, 9, UNIT_CROSSBOWMAN (6946840), UNITOPERATION_MOVE_TO (19)
056, Adding, 9, UNIT_CROSSBOWMAN (5701661), UNITOPERATION_MOVE_TO (19)
056, Adding, 9, UNIT_CROSSBOWMAN (6750246), UNITOPERATION_MOVE_TO (19)
056, Adding, 9, UNIT_CROSSBOWMAN (4653096), UNITOPERATION_MOVE_TO (19)
056, Adding, 9, UNIT_CROSSBOWMAN (4718633), UNITOPERATION_MOVE_TO (19)
056, Adding, 9, UNIT_CROSSBOWMAN (5308459), UNITOPERATION_MOVE_TO (19)
056, Adding, 9, UNIT_BUILDER (9895937), UNITOPERATION_MOVE_TO (19)
056, Adding, 9, UNIT_MISSIONARY (4390915), UNITOPERATION_MOVE_TO (19)
056, Adding, 9, UNIT_MISSIONARY (4390915), UNITOPERATION_SPREAD_RELIGION (38)
056, Adding, 9, UNIT_MISSIONARY (9502727), UNITOPERATION_MOVE_TO (19)
056, Adding, 9, UNIT_MISSIONARY (5570574), UNITOPERATION_MOVE_TO (19)
056, Adding, 9, UNIT_MISSIONARY (7798800), UNITOPERATION_MOVE_TO (19)
056, Adding, 9, UNIT_MISSIONARY (8192019), UNITOPERATION_MOVE_TO (19)
056, Adding, 9, UNIT_MISSIONARY (5177365), UNITOPERATION_SPREAD_RELIGION (38)
056, Adding, 9, UNIT_MISSIONARY (5439513), UNITOPERATION_MOVE_TO (19)
056, Adding, 9, UNIT_MISSIONARY (6881306), UNITOPERATION_MOVE_TO (19)
056, Adding, 9, UNIT_MISSIONARY (9175071), UNITOPERATION_MOVE_TO (19)
056, Adding, 9, UNIT_MISSIONARY (4915232), UNITOPERATION_MOVE_TO (19)
056, Adding, 9, UNIT_MISSIONARY (8650787), UNITOPERATION_MOVE_TO (19)
056, Adding, 9, UNIT_MISSIONARY (7274538), UNITOPERATION_MOVE_TO (19)
056, Adding, 9, UNIT_MISSIONARY (5832748), UNITOPERATION_MOVE_TO (19)
056, Adding, 9, UNIT_MISSIONARY (6225968), UNITOPERATION_MOVE_TO (19)
056, Adding, 9, UNIT_MISSIONARY (6225968), UNITOPERATION_SPREAD_RELIGION (38)
056, Can't Start, 9, UNIT_MISSIONARY (6225968), UNITOPERATION_SPREAD_RELIGION (38)
056, Adding, 9, UNIT_MISSIONARY (8519737), UNITOPERATION_MOVE_TO (19)
056, Adding, 9, UNIT_APOSTLE (9961531), UNITOPERATION_MOVE_TO (19)
056, Adding, 9, UNIT_SKIRMISHER (5046276), UNITOPERATION_MOVE_TO (19)
056, Adding, 9, UNIT_SKIRMISHER (5046276), UNITOPERATION_MOVE_TO (19)
056, Adding, 9, UNIT_SKIRMISHER (5046276), UNITOPERATION_MOVE_TO (19)
056, Adding, 9, UNIT_SKIRMISHER (5046276), UNITOPERATION_MOVE_TO (19)
056, Adding, 9, UNIT_SKIRMISHER (5111830), UNITOPERATION_MOVE_TO (19)
056, Adding, 9, UNIT_BUILDER (9437201), UNITOPERATION_SKIP_TURN (36)
056, Adding, 9, UNIT_SKIRMISHER (5111830), UNITOPERATION_SKIP_TURN (36)
056, Adding, 9, UNIT_BUILDER (9764897), UNITOPERATION_SKIP_TURN (36)
056, Adding, 9, UNIT_MILITARY_ENGINEER (8585255), UNITOPERATION_SKIP_TURN (36)
056, Can't Start, 9, UNIT_KNIGHT (9830418), UNITOPERATION_MOVE_TO (19)
056, Can't Start, 9, UNIT_MUSKETMAN (9633826), UNITOPERATION_MOVE_TO (19)
056, Can't Start, 9, UNIT_BUILDER (10158117), UNITOPERATION_BUILD_IMPROVEMENT (2)
056, Can't Start, 9, UNIT_BUILDER (10223677), UNITOPERATION_BUILD_IMPROVEMENT (2)
056, Adding, 10, UNIT_CROSSBOWMAN (983040), UNITOPERATION_MOVE_TO (19)
056, Adding, 10, UNIT_SWORDSMAN (786433), UNITOPERATION_MOVE_TO (19)
056, Adding, 10, UNIT_SWORDSMAN (917506), UNITOPERATION_MOVE_TO (19)
056, Adding, 10, UNIT_SWORDSMAN (851971), UNITOPERATION_MOVE_TO (19)
056, Adding, 10, UNIT_CROSSBOWMAN (1179652), UNITOPERATION_MOVE_TO (19)
056, Adding, 10, UNIT_SWORDSMAN (720902), UNITOPERATION_MOVE_TO (19)
056, Adding, 10, UNIT_CROSSBOWMAN (1245191), UNITOPERATION_MOVE_TO (19)
056, Adding, 10, UNIT_SWORDSMAN (1114120), UNITOPERATION_MOVE_TO (19)
056, Adding, 12, UNIT_BUILDER (917504), UNITOPERATION_BUILD_IMPROVEMENT (2)
056, Adding, 12, UNIT_SWORDSMAN (655361), UNITOPERATION_MOVE_TO (19)
056, Adding, 12, UNIT_CROSSBOWMAN (720898), UNITOPERATION_MOVE_TO (19)
056, Adding, 12, UNIT_CROSSBOWMAN (786435), UNITOPERATION_MOVE_TO (19)
056, Adding, 12, UNIT_BUILDER (917504), UNITOPERATION_SKIP_TURN (36)
056, Adding, 13, UNIT_SWORDSMAN (655361), UNITOPERATION_MOVE_TO (19)
056, Adding, 13, UNIT_CATAPULT (720898), UNITOPERATION_MOVE_TO (19)
056, Adding, 13, UNIT_HEAVY_CHARIOT (524292), UNITOPERATION_MOVE_TO (19)
056, Adding, 13, UNIT_SWORDSMAN (589829), UNITOPERATION_MOVE_TO (19)
056, Adding, 13, UNIT_CROSSBOWMAN (851974), UNITOPERATION_MOVE_TO (19)
056, Adding, 13, UNIT_BUILDER (786432), UNITOPERATION_SKIP_TURN (36)
056, Adding, 14, UNIT_CATAPULT (458755), UNITOPERATION_RANGE_ATTACK (26)
056, Adding, 14, UNIT_CROSSBOWMAN (786434), UNITOPERATION_RANGE_ATTACK (26)
056, Can't Start, 14, UNIT_CROSSBOWMAN (786434), UNITOPERATION_RANGE_ATTACK (26)
056, Adding, 14, UNIT_CROSSBOWMAN (786434), UNITOPERATION_MOVE_TO (19)
056, Adding, 14, UNIT_CATAPULT (458755), UNITOPERATION_MOVE_TO (19)
056, Adding, 14, UNIT_CROSSBOWMAN (851973), UNITOPERATION_MOVE_TO (19)
056, Adding, 14, UNIT_BUILDER (720896), UNITOPERATION_SKIP_TURN (36)
056, Adding, 15, UNIT_SWORDSMAN (983041), UNITOPERATION_MOVE_TO (19)
056, Adding, 15, UNIT_HORSEMAN (1179652), UNITOPERATION_MOVE_TO (19)
056, Adding, 15, UNIT_HORSEMAN (720902), UNITOPERATION_MOVE_TO (19)
056, Adding, 15, UNIT_SWORDSMAN (786439), UNITOPERATION_MOVE_TO (19)
056, Adding, 15, UNIT_SWORDSMAN (851976), UNITOPERATION_MOVE_TO (19)
056, Adding, 15, UNIT_SWORDSMAN (1048585), UNITOPERATION_MOVE_TO (19)
056, Adding, 15, UNIT_SWORDSMAN (1114122), UNITOPERATION_MOVE_TO (19)
056, Adding, 15, UNIT_BUILDER (917507), UNITOPERATION_SKIP_TURN (36)
056, Adding, 17, UNIT_SWORDSMAN (1048577), UNITOPERATION_SWAP_UNITS (49)
056, Can't Start, 17, UNIT_SWORDSMAN (1048577), UNITOPERATION_SWAP_UNITS (49)
056, Adding, 17, UNIT_SWORDSMAN (1048577), UNITOPERATION_MOVE_TO (19)
056, Adding, 17, UNIT_MAN_AT_ARMS (1376259), UNITOPERATION_FORTIFY (12)
056, Adding, 17, UNIT_MAN_AT_ARMS (1507328), UNITOPERATION_MOVE_TO (19)
056, Adding, 17, UNIT_CROSSBOWMAN (1179652), UNITOPERATION_MOVE_TO (19)
056, Adding, 17, UNIT_MAN_AT_ARMS (1441797), UNITOPERATION_MOVE_TO (19)
056, Adding, 17, UNIT_MAN_AT_ARMS (1310728), UNITOPERATION_MOVE_TO (19)
056, Adding, 17, UNIT_SKIRMISHER (1703945), UNITOPERATION_MOVE_TO (19)
056, Adding, 17, UNIT_BUILDER (1572871), UNITOPERATION_SKIP_TURN (36)
056, Adding, 20, UNIT_SWORDSMAN (720896), UNITOPERATION_MOVE_TO (19)
056, Adding, 20, UNIT_CROSSBOWMAN (983041), UNITOPERATION_MOVE_TO (19)
056, Adding, 20, UNIT_CROSSBOWMAN (851970), UNITOPERATION_MOVE_TO (19)
056, Adding, 20, UNIT_HEAVY_CHARIOT (458756), UNITOPERATION_MOVE_TO (19)
056, Adding, 20, UNIT_CROSSBOWMAN (1048582), UNITOPERATION_MOVE_TO (19)
056, Adding, 20, UNIT_SWORDSMAN (786439), UNITOPERATION_MOVE_TO (19)
056, Adding, 20, UNIT_CROSSBOWMAN (1114120), UNITOPERATION_MOVE_TO (19)
056, Adding, 20, UNIT_BUILDER (917509), UNITOPERATION_SKIP_TURN (36)
056, Adding, 21, UNIT_SWORDSMAN (786440), UNITOPERATION_SWAP_UNITS (49)
056, Can't Start, 21, UNIT_SWORDSMAN (786440), UNITOPERATION_SWAP_UNITS (49)
056, Adding, 21, UNIT_SWORDSMAN (786440), UNITOPERATION_MOVE_TO (19)
056, Adding, 21, UNIT_MAN_AT_ARMS (1572864), UNITOPERATION_MOVE_TO (19)
056, Adding, 21, UNIT_CROSSBOWMAN (851970), UNITOPERATION_MOVE_TO (19)
056, Adding, 21, UNIT_MAN_AT_ARMS (1703939), UNITOPERATION_MOVE_TO (19)
056, Adding, 21, UNIT_KNIGHT (1376260), UNITOPERATION_MOVE_TO (19)
056, Adding, 21, UNIT_CROSSBOWMAN (1114118), UNITOPERATION_MOVE_TO (19)
056, Adding, 21, UNIT_MAN_AT_ARMS (1507335), UNITOPERATION_MOVE_TO (19)
056, Adding, 21, UNIT_CROSSBOWMAN (1310730), UNITOPERATION_MOVE_TO (19)
056, Adding, 21, UNIT_TREBUCHET (1441803), UNITOPERATION_MOVE_TO (19)
056, Adding, 21, UNIT_BUILDER (1638405), UNITOPERATION_SKIP_TURN (36)
056, Adding, 1, UNIT_BABYLONIAN_SABUM_KIBITTUM (196608), UNITOPERATION_MOVE_TO (19)
056, Adding, 3, UNIT_SCOUT (196608), UNITOPERATION_MOVE_TO (19)
056, Adding, 1, UNIT_WARRIOR (131073), UNITOPERATION_FORTIFY (12)
056, Adding, 3, UNIT_WARRIOR (131073), UNITOPERATION_MOVE_TO (19)
056, Adding, 3, UNIT_SCOUT (393218), UNITOPERATION_MOVE_TO (19)
056, Adding, 3, UNIT_SCOUT (589829), UNITOPERATION_MOVE_TO (19)
056, Adding, 0, UNIT_CROSSBOWMAN (2621450), UNITOPERATION_MOVE_TO (19)
056, Adding, 1, UNIT_TRADER (3866650), UNITOPERATION_MAKE_TRADE_ROUTE (18)
056, Adding, 3, UNIT_BUILDER (2359307), UNITOPERATION_MOVE_TO (19)
056, Adding, 3, UNIT_BUILDER (2490386), UNITOPERATION_MOVE_TO (19)
056, Adding, 3, UNIT_BUILDER (2490386), UNITOPERATION_BUILD_IMPROVEMENT (2)
056, Adding, 0, UNIT_KNIGHT (2293777), UNITOPERATION_MOVE_TO (19)
056, Adding, 1, UNIT_BUILDER (2949130), UNITOPERATION_MOVE_TO (19)
056, Adding, 4, UNIT_CROSSBOWMAN (4653064), UNITOPERATION_MOVE_TO (19)
056, Adding, 3, UNIT_TRADER (3080198), UNITOPERATION_TELEPORT_TO_CITY (51)
056, Adding, 0, UNIT_VAMPIRE (262146), UNITOPERATION_MOVE_TO (19)
056, Adding, 4, UNIT_BUILDER (4915224), UNITOPERATION_MOVE_TO (19)
056, Adding, 3, UNIT_BUILDER (2555923), UNITOPERATION_HARVEST_RESOURCE (16)
056, Adding, 4, UNIT_TRADER (5308444), UNITOPERATION_MAKE_TRADE_ROUTE (18)
056, Adding, 0, UNIT_KNIGHT (2949136), UNITOPERATION_MOVE_TO (19)
056, Adding, 0, UNIT_VAMPIRE (262146), UNITOPERATION_FORTIFY (12)
056, Adding, 0, UNIT_KNIGHT (3014669), UNITOPERATION_MOVE_TO (19)
056, Adding, 0, UNIT_KNIGHT (3014669), UNITOPERATION_FORTIFY (12)
056, Adding, 1, UNIT_BUILDER (3735570), UNITOPERATION_MOVE_TO (19)
056, Adding, 1, UNIT_BUILDER (2883596), UNITOPERATION_MOVE_TO (19)
056, Adding, 1, UNIT_BUILDER (3276822), UNITOPERATION_MOVE_TO (19)
056, Adding, 1, UNIT_BUILDER (3276822), UNITOPERATION_BUILD_IMPROVEMENT (2)
056, Adding, 1, UNIT_TRADER (4063261), UNITOPERATION_MAKE_TRADE_ROUTE (18)
056, Adding, 1, UNIT_BUILDER (3014663), UNITOPERATION_MOVE_TO (19)
056, Adding, 0, UNIT_SIEGE_TOWER (2752526), UNITOPERATION_MOVE_TO (19)
056, Adding, 1, UNIT_BUILDER (3014663), UNITOPERATION_BUILD_IMPROVEMENT (2)
056, Adding, 1, UNIT_BUILDER (3145737), UNITOPERATION_MOVE_TO (19)
056, Adding, 3, UNIT_BUILDER (2293774), UNITOPERATION_MOVE_TO (19)
056, Adding, 1, UNIT_BUILDER (3145737), UNITOPERATION_REMOVE_FEATURE (28)
056, Adding, 3, UNIT_BUILDER (2424849), UNITOPERATION_MOVE_TO (19)
056, Adding, 3, UNIT_BUILDER (2424849), UNITOPERATION_BUILD_IMPROVEMENT (2)
056, Adding, 0, UNIT_KNIGHT (1966095), UNITOPERATION_MOVE_TO (19)
056, Adding, 0, UNIT_KNIGHT (1966095), UNITOPERATION_FORTIFY (12)
056, Adding, 3, UNIT_BUILDER (2490386), UNITOPERATION_MOVE_TO (19)
056, Adding, 3, UNIT_BUILDER (2555923), UNITOPERATION_MOVE_TO (19)
056, Adding, 0, UNIT_TRADER (3145728), UNITOPERATION_MAKE_TRADE_ROUTE (18)
056, Adding, 1, UNIT_GREAT_ENGINEER (3211266), UNITOPERATION_MOVE_TO (19)
056, Adding, 1, UNIT_GREAT_ENGINEER (3211266), UNITOPERATION_SLEEP (37)
056, Adding, 1, UNIT_BUILDER (3538964), UNITOPERATION_REMOVE_FEATURE (28)
056, Adding, 0, UNIT_TRADER (1703939), UNITOPERATION_MAKE_TRADE_ROUTE (18)
056, Adding, 1, UNIT_BUILDER (3932187), UNITOPERATION_MOVE_TO (19)
056, Adding, 4, UNIT_BUILDER (4915224), UNITOPERATION_BUILD_IMPROVEMENT (2)
056, Adding, 1, UNIT_BUILDER (3604495), UNITOPERATION_BUILD_IMPROVEMENT (2)
056, Adding, 1, UNIT_BUILDER (3342359), UNITOPERATION_BUILD_IMPROVEMENT (2)
056, Adding, 1, UNIT_BUILDER (3342359), UNITOPERATION_MOVE_TO (19)
056, Adding, 0, UNIT_BUILDER (2686996), UNITOPERATION_SKIP_TURN (36)
056, Adding, 4, UNIT_BUILDER (3211266), UNITOPERATION_REMOVE_FEATURE (28)
056, Adding, 0, UNIT_SCOUT (524294), UNITOPERATION_MOVE_TO (19)
056, Adding, 4, UNIT_BUILDER (5177370), UNITOPERATION_HARVEST_RESOURCE (16)
056, Adding, 3, UNIT_BUILDER (2031625), UNITOPERATION_MOVE_TO (19)
056, Adding, 4, UNIT_CROSSBOWMAN (5046290), UNITOPERATION_MOVE_TO (19)
056, Adding, 4, UNIT_CROSSBOWMAN (4521990), UNITOPERATION_MOVE_TO (19)
056, Adding, 4, UNIT_SETTLER (4849679), UNITOPERATION_MOVE_TO (19)
056, Adding, 4, UNIT_SETTLER (4849679), UNITOPERATION_FOUND_CITY (14)
056, Adding, 1, UNIT_TRADER (3997724), UNITOPERATION_MAKE_TRADE_ROUTE (18)
056, Adding, 0, UNIT_BUILDER (3211265), UNITOPERATION_MOVE_TO (19)
056, Adding, 0, UNIT_BUILDER (3211265), UNITOPERATION_MOVE_TO (19)
056, Adding, 4, UNIT_VAMPIRE (4128790), UNITOPERATION_FORTIFY (12)
056, Adding, 3, UNIT_BUILDER (2490386), UNITOPERATION_MOVE_TO (19)
056, Adding, 3, UNIT_BUILDER (2490386), UNITOPERATION_MOVE_TO (19)
056, Adding, 4, UNIT_CROSSBOWMAN (3604485), UNITOPERATION_MOVE_TO (19)
056, Adding, 2, UNIT_SCOUT (196608), UNITOPERATION_MOVE_TO (19)
056, Adding, 4, UNIT_CROSSBOWMAN (3604485), UNITOPERATION_RANGE_ATTACK (26)
056, Adding, 2, UNIT_INDIAN_VARU (1507331), UNITOPERATION_MOVE_TO (19)
056, Adding, 2, UNIT_KNIGHT (2228232), UNITOPERATION_MOVE_TO (19)
056, Adding, 4, UNIT_CROSSBOWMAN (3473421), UNITOPERATION_MOVE_TO (19)
056, Adding, 2, UNIT_SCOUT (262146), UNITOPERATION_MOVE_TO (19)
056, Adding, 4, UNIT_CROSSBOWMAN (3407886), UNITOPERATION_MOVE_TO (19)
056, Adding, 2, UNIT_KNIGHT (2424848), UNITOPERATION_MOVE_TO (19)
056, Adding, 2, UNIT_KNIGHT (2555922), UNITOPERATION_MOVE_TO (19)
056, Adding, 2, UNIT_KNIGHT (2359311), UNITOPERATION_MOVE_TO (19)
056, Adding, 4, UNIT_KNIGHT (4587543), UNITOPERATION_FORTIFY (12)
056, Adding, 2, UNIT_KNIGHT (2818070), UNITOPERATION_MOVE_TO (19)
056, Adding, 4, UNIT_CROSSBOWMAN (3407886), UNITOPERATION_RANGE_ATTACK (26)
056, Adding, 2, UNIT_KNIGHT (2490385), UNITOPERATION_MOVE_TO (19)
056, Adding, 4, UNIT_CROSSBOWMAN (3801100), UNITOPERATION_MOVE_TO (19)
056, Adding, 2, UNIT_KNIGHT (2490385), UNITOPERATION_MOVE_TO (19)
056, Adding, 2, UNIT_KNIGHT (3014679), UNITOPERATION_MOVE_TO (19)
056, Adding, 2, UNIT_KNIGHT (2621459), UNITOPERATION_MOVE_TO (19)
056, Adding, 2, UNIT_KNIGHT (2621459), UNITOPERATION_SKIP_TURN (36)
056, Adding, 2, UNIT_KNIGHT (2883594), UNITOPERATION_MOVE_TO (19)
056, Adding, 4, UNIT_BUILDER (5439518), UNITOPERATION_MOVE_TO (19)
056, Adding, 2, UNIT_KNIGHT (2883594), UNITOPERATION_SKIP_TURN (36)
056, Adding, 4, UNIT_BUILDER (5439518), UNITOPERATION_REMOVE_FEATURE (28)
056, Adding, 2, UNIT_KNIGHT (2686996), UNITOPERATION_MOVE_TO (19)
056, Adding, 2, UNIT_KNIGHT (2752533), UNITOPERATION_MOVE_TO (19)
056, Adding, 2, UNIT_KNIGHT (3080216), UNITOPERATION_MOVE_TO (19)
056, Adding, 2, UNIT_SCOUT (589830), UNITOPERATION_MOVE_TO (19)
056, Adding, 1, UNIT_BUILDER (2949130), UNITOPERATION_BUILD_IMPROVEMENT (2)
056, Adding, 2, UNIT_MISSIONARY (2293774), UNITOPERATION_SPREAD_RELIGION (38)
056, Adding, 4, UNIT_GREAT_GENERAL (5505055), UNITOPERATION_TELEPORT_TO_CITY (51)
056, Adding, 0, UNIT_BUILDER (2424851), UNITOPERATION_MOVE_TO (19)
056, Adding, 0, UNIT_GREAT_GENERAL (1114123), UNITOPERATION_SKIP_TURN (36)
056, Adding, 1, UNIT_BUILDER (3735570), UNITOPERATION_MOVE_TO (19)
056, Adding, 1, UNIT_BUILDER (3407896), UNITOPERATION_MOVE_TO (19)
056, Adding, 1, UNIT_BUILDER (3407896), UNITOPERATION_BUILD_IMPROVEMENT (2)
056, Adding, 1, UNIT_BUILDER (3407896), UNITOPERATION_MOVE_TO (19)
056, Adding, 1, UNIT_BUILDER (3014663), UNITOPERATION_MOVE_TO (19)
056, Adding, 1, UNIT_BUILDER (3670027), UNITOPERATION_BUILD_IMPROVEMENT (2)
056, Adding, 4, UNIT_VAMPIRE (196608), UNITOPERATION_MOVE_TO (19)
056, Adding, 4, UNIT_VAMPIRE (196608), UNITOPERATION_PILLAGE (23)
056, Adding, 1, UNIT_BUILDER (3670027), UNITOPERATION_MOVE_TO (19)
056, Adding, 4, UNIT_VAMPIRE (196608), UNITOPERATION_SKIP_TURN (36)
056, Adding, 4, UNIT_SCOUT (393220), UNITOPERATION_FORTIFY (12)
056, Adding, 4, UNIT_SPY (5373981), UNITOPERATION_SPY_LISTENING_POST (43)
056, Adding, 4, UNIT_GREAT_GENERAL (3276801), UNITOPERATION_SKIP_TURN (36)
056, Adding, 4, UNIT_BUILDER (5242907), UNITOPERATION_BUILD_IMPROVEMENT (2)
056, Adding, 4, UNIT_BUILDER (4718595), UNITOPERATION_MOVE_TO (19)
056, Adding, 4, UNIT_BUILDER (4718595), UNITOPERATION_REMOVE_FEATURE (28)
056, Adding, 4, UNIT_BUILDER (5111818), UNITOPERATION_MOVE_TO (19)
056, Adding, 4, UNIT_BUILDER (5111818), UNITOPERATION_MOVE_TO (19)
056, Adding, 4, UNIT_BUILDER (5111818), UNITOPERATION_SKIP_TURN (36)
057, Adding, 5, UNIT_TRADER (1245184), UNITOPERATION_MAKE_TRADE_ROUTE (18)
057, Adding, 5, UNIT_MAN_AT_ARMS (4325415), UNITOPERATION_MOVE_TO (19)
057, Adding, 5, UNIT_CROSSBOWMAN (3801101), UNITOPERATION_MOVE_TO (19)
057, Adding, 5, UNIT_SETTLER (3997731), UNITOPERATION_MOVE_TO (19)
057, Adding, 5, UNIT_SCOUT (262147), UNITOPERATION_SWAP_UNITS (49)
057, Can't Start, 5, UNIT_SCOUT (262147), UNITOPERATION_SWAP_UNITS (49)
057, Adding, 5, UNIT_SCOUT (262147), UNITOPERATION_MOVE_TO (19)
057, Adding, 5, UNIT_MACEDONIAN_HETAIROI (2097163), UNITOPERATION_SWAP_UNITS (49)
057, Can't Start, 5, UNIT_MACEDONIAN_HETAIROI (2097163), UNITOPERATION_SWAP_UNITS (49)
057, Adding, 5, UNIT_MACEDONIAN_HETAIROI (2097163), UNITOPERATION_MOVE_TO (19)
057, Adding, 5, UNIT_MILITARY_ENGINEER (5963823), UNITOPERATION_SWAP_UNITS (49)
057, Can't Start, 5, UNIT_MILITARY_ENGINEER (5963823), UNITOPERATION_SWAP_UNITS (49)
057, Adding, 5, UNIT_MILITARY_ENGINEER (5963823), UNITOPERATION_MOVE_TO (19)
057, Adding, 5, UNIT_GREAT_SCIENTIST (3932176), UNITOPERATION_MOVE_TO (19)
057, Adding, 5, UNIT_SKIRMISHER (3407892), UNITOPERATION_SWAP_UNITS (49)
057, Can't Start, 5, UNIT_SKIRMISHER (3407892), UNITOPERATION_SWAP_UNITS (49)
057, Adding, 5, UNIT_SKIRMISHER (3407892), UNITOPERATION_MOVE_TO (19)
057, Adding, 5, UNIT_KNIGHT (5439529), UNITOPERATION_SWAP_UNITS (49)
057, Can't Start, 5, UNIT_KNIGHT (5439529), UNITOPERATION_SWAP_UNITS (49)
057, Adding, 5, UNIT_KNIGHT (5439529), UNITOPERATION_MOVE_TO (19)
057, Adding, 5, UNIT_KNIGHT (7012392), UNITOPERATION_SWAP_UNITS (49)
057, Can't Start, 5, UNIT_KNIGHT (7012392), UNITOPERATION_SWAP_UNITS (49)
057, Adding, 5, UNIT_KNIGHT (7012392), UNITOPERATION_MOVE_TO (19)
057, Adding, 5, UNIT_SKIRMISHER (3407892), UNITOPERATION_RANGE_ATTACK (26)
057, Adding, 5, UNIT_SKIRMISHER (3407892), UNITOPERATION_MOVE_TO (19)
057, Adding, 5, UNIT_KNIGHT (5439529), UNITOPERATION_MOVE_TO (19)
057, Adding, 5, UNIT_KNIGHT (6160396), UNITOPERATION_SWAP_UNITS (49)
057, Can't Start, 5, UNIT_KNIGHT (6160396), UNITOPERATION_SWAP_UNITS (49)
057, Adding, 5, UNIT_KNIGHT (6160396), UNITOPERATION_MOVE_TO (19)
057, Adding, 5, UNIT_SKIRMISHER (3211278), UNITOPERATION_SWAP_UNITS (49)
057, Can't Start, 5, UNIT_SKIRMISHER (3211278), UNITOPERATION_SWAP_UNITS (49)
057, Adding, 5, UNIT_SKIRMISHER (3211278), UNITOPERATION_MOVE_TO (19)
057, Adding, 5, UNIT_VAMPIRE (5242906), UNITOPERATION_FORTIFY (12)
057, Adding, 5, UNIT_MUSKETMAN (6881282), UNITOPERATION_MOVE_TO (19)
057, Can't Start, 5, UNIT_MUSKETMAN (6881282), UNITOPERATION_MOVE_TO (19)
057, Adding, 5, UNIT_MUSKETMAN (5701636), UNITOPERATION_MOVE_TO (19)
057, Adding, 5, UNIT_VAMPIRE (655367), UNITOPERATION_MOVE_TO (19)
057, Can't Start, 5, UNIT_VAMPIRE (655367), UNITOPERATION_MOVE_TO (19)
057, Adding, 5, UNIT_MUSKETMAN (6225928), UNITOPERATION_MOVE_TO (19)
057, Adding, 5, UNIT_MUSKETMAN (5636105), UNITOPERATION_MOVE_TO (19)
057, Adding, 5, UNIT_MUSKETMAN (5570575), UNITOPERATION_MOVE_TO (19)
057, Adding, 5, UNIT_PIKE_AND_SHOT (6750231), UNITOPERATION_MOVE_TO (19)
057, Adding, 5, UNIT_KNIGHT (6029339), UNITOPERATION_MOVE_TO (19)
057, Adding, 5, UNIT_MUSKETMAN (5505053), UNITOPERATION_MOVE_TO (19)
057, Adding, 5, UNIT_MUSKETMAN (7077925), UNITOPERATION_MOVE_TO (19)
057, Adding, 5, UNIT_PIKE_AND_SHOT (6684718), UNITOPERATION_MOVE_TO (19)
057, Adding, 5, UNIT_KNIGHT (6619188), UNITOPERATION_MOVE_TO (19)
057, Adding, 5, UNIT_MUSKETMAN (6094902), UNITOPERATION_MOVE_TO (19)
057, Adding, 5, UNIT_KNIGHT (6488119), UNITOPERATION_MOVE_TO (19)
057, Adding, 5, UNIT_CROSSBOWMAN (4849685), UNITOPERATION_MOVE_TO (19)
057, Adding, 5, UNIT_CROSSBOWMAN (3735585), UNITOPERATION_MOVE_TO (19)
057, Adding, 5, UNIT_CROSSBOWMAN (4063268), UNITOPERATION_MOVE_TO (19)
057, Adding, 5, UNIT_KNIGHT (5308465), UNITOPERATION_MOVE_TO (19)
057, Adding, 5, UNIT_COURSER (5767219), UNITOPERATION_MOVE_TO (19)
057, Adding, 5, UNIT_KNIGHT (6946873), UNITOPERATION_MOVE_TO (19)
057, Adding, 5, UNIT_MISSIONARY (2621441), UNITOPERATION_MOVE_TO (19)
057, Adding, 5, UNIT_MISSIONARY (6291461), UNITOPERATION_MOVE_TO (19)
057, Adding, 5, UNIT_MISSIONARY (3276806), UNITOPERATION_MOVE_TO (19)
057, Adding, 5, UNIT_MISSIONARY (6815754), UNITOPERATION_MOVE_TO (19)
057, Adding, 5, UNIT_MISSIONARY (2424850), UNITOPERATION_MOVE_TO (19)
057, Adding, 5, UNIT_MISSIONARY (3670035), UNITOPERATION_MOVE_TO (19)
057, Adding, 5, UNIT_MISSIONARY (3080222), UNITOPERATION_MOVE_TO (19)
057, Adding, 5, UNIT_MISSIONARY (4259878), UNITOPERATION_MOVE_TO (19)
057, Adding, 5, UNIT_MISSIONARY (4653098), UNITOPERATION_MOVE_TO (19)
057, Adding, 5, UNIT_MISSIONARY (5177392), UNITOPERATION_MOVE_TO (19)
057, Adding, 5, UNIT_MISSIONARY (5374002), UNITOPERATION_MOVE_TO (19)
057, Adding, 5, UNIT_MISSIONARY (5898293), UNITOPERATION_MOVE_TO (19)
057, Adding, 5, UNIT_BUILDER (1835030), UNITOPERATION_MOVE_TO (19)
057, Adding, 5, UNIT_BUILDER (1835030), UNITOPERATION_MOVE_TO (19)
057, Adding, 5, UNIT_BUILDER (1835030), UNITOPERATION_MOVE_TO (19)
057, Adding, 5, UNIT_SKIRMISHER (3145759), UNITOPERATION_MOVE_TO (19)
057, Adding, 5, UNIT_SKIRMISHER (6553656), UNITOPERATION_MOVE_TO (19)
057, Adding, 5, UNIT_BUILDER (2752540), UNITOPERATION_SKIP_TURN (36)
057, Adding, 5, UNIT_BUILDER (3473440), UNITOPERATION_SKIP_TURN (36)
057, Adding, 5, UNIT_BUILDER (4915244), UNITOPERATION_SKIP_TURN (36)
057, Adding, 5, UNIT_SKIRMISHER (6553656), UNITOPERATION_SKIP_TURN (36)
057, Adding, 6, UNIT_CROSSBOWMAN (5636142), UNITOPERATION_MOVE_TO (19)
057, Can't Start, 6, UNIT_CROSSBOWMAN (5636142), UNITOPERATION_MOVE_TO (19)
057, Adding, 6, UNIT_SETTLER (6029360), UNITOPERATION_MOVE_TO (19)
057, Adding, 6, UNIT_CATAPULT (2490396), UNITOPERATION_MOVE_TO (19)
057, Can't Start, 6, UNIT_CATAPULT (2490396), UNITOPERATION_MOVE_TO (19)
057, Adding, 6, UNIT_SWORDSMAN (5373996), UNITOPERATION_SWAP_UNITS (49)
057, Can't Start, 6, UNIT_SWORDSMAN (5373996), UNITOPERATION_SWAP_UNITS (49)
057, Adding, 6, UNIT_SWORDSMAN (5373996), UNITOPERATION_MOVE_TO (19)
057, Adding, 6, UNIT_BUILDER (7602238), UNITOPERATION_BUILD_IMPROVEMENT (2)
057, Adding, 6, UNIT_BUILDER (7536701), UNITOPERATION_SWAP_UNITS (49)
057, Can't Start, 6, UNIT_BUILDER (7536701), UNITOPERATION_SWAP_UNITS (49)
057, Adding, 6, UNIT_BUILDER (7536701), UNITOPERATION_MOVE_TO (19)
057, Adding, 6, UNIT_BUILDER (7536701), UNITOPERATION_BUILD_IMPROVEMENT (2)
057, Adding, 6, UNIT_BUILDER (7733308), UNITOPERATION_SWAP_UNITS (49)
057, Can't Start, 6, UNIT_BUILDER (7733308), UNITOPERATION_SWAP_UNITS (49)
057, Adding, 6, UNIT_BUILDER (7733308), UNITOPERATION_MOVE_TO (19)
057, Adding, 6, UNIT_BUILDER (7733308), UNITOPERATION_BUILD_IMPROVEMENT (2)
057, Adding, 6, UNIT_BUILDER (8126498), UNITOPERATION_SWAP_UNITS (49)
057, Can't Start, 6, UNIT_BUILDER (8126498), UNITOPERATION_SWAP_UNITS (49)
057, Adding, 6, UNIT_BUILDER (8126498), UNITOPERATION_MOVE_TO (19)
057, Adding, 6, UNIT_BUILDER (8126498), UNITOPERATION_BUILD_IMPROVEMENT (2)
057, Adding, 6, UNIT_BUILDER (7602238), UNITOPERATION_SWAP_UNITS (49)
057, Can't Start, 6, UNIT_BUILDER (7602238), UNITOPERATION_SWAP_UNITS (49)
057, Adding, 6, UNIT_BUILDER (7602238), UNITOPERATION_MOVE_TO (19)
057, Adding, 6, UNIT_GREAT_WRITER (7864384), UNITOPERATION_SWAP_UNITS (49)
057, Can't Start, 6, UNIT_GREAT_WRITER (7864384), UNITOPERATION_SWAP_UNITS (49)
057, Adding, 6, UNIT_GREAT_WRITER (7864384), UNITOPERATION_MOVE_TO (19)
057, Adding, 6, UNIT_CROSSBOWMAN (5832704), UNITOPERATION_MOVE_TO (19)
057, Can't Start, 6, UNIT_CROSSBOWMAN (5832704), UNITOPERATION_MOVE_TO (19)
057, Adding, 6, UNIT_CROSSBOWMAN (6422529), UNITOPERATION_MOVE_TO (19)
057, Adding, 6, UNIT_CROSSBOWMAN (5505040), UNITOPERATION_MOVE_TO (19)
057, Adding, 6, UNIT_CROSSBOWMAN (4915220), UNITOPERATION_MOVE_TO (19)
057, Can't Start, 6, UNIT_CROSSBOWMAN (4915220), UNITOPERATION_MOVE_TO (19)
057, Adding, 6, UNIT_CROSSBOWMAN (6881304), UNITOPERATION_MOVE_TO (19)
057, Adding, 6, UNIT_CROSSBOWMAN (5177382), UNITOPERATION_MOVE_TO (19)
057, Can't Start, 6, UNIT_CROSSBOWMAN (5177382), UNITOPERATION_MOVE_TO (19)
057, Adding, 6, UNIT_CROSSBOWMAN (6291503), UNITOPERATION_MOVE_TO (19)
057, Adding, 6, UNIT_CROSSBOWMAN (8060977), UNITOPERATION_MOVE_TO (19)
057, Adding, 6, UNIT_MAN_AT_ARMS (8257602), UNITOPERATION_MOVE_TO (19)
057, Adding, 6, UNIT_MAN_AT_ARMS (8323139), UNITOPERATION_MOVE_TO (19)
057, Adding, 6, UNIT_MAN_AT_ARMS (8454213), UNITOPERATION_MOVE_TO (19)
057, Adding, 6, UNIT_MAN_AT_ARMS (8585287), UNITOPERATION_MOVE_TO (19)
057, Adding, 6, UNIT_MAN_AT_ARMS (8650824), UNITOPERATION_MOVE_TO (19)
057, Adding, 6, UNIT_MAN_AT_ARMS (8716361), UNITOPERATION_MOVE_TO (19)
057, Adding, 6, UNIT_CATAPULT (2621457), UNITOPERATION_MOVE_TO (19)
057, Adding, 6, UNIT_HEAVY_CHARIOT (2359322), UNITOPERATION_MOVE_TO (19)
057, Adding, 6, UNIT_CROSSBOWMAN (7143482), UNITOPERATION_MOVE_TO (19)
057, Adding, 6, UNIT_APOSTLE (5701667), UNITOPERATION_MOVE_TO (19)
057, Adding, 6, UNIT_APOSTLE (5898262), UNITOPERATION_SWAP_UNITS (49)
057, Can't Start, 6, UNIT_APOSTLE (5898262), UNITOPERATION_SWAP_UNITS (49)
057, Adding, 6, UNIT_APOSTLE (5898262), UNITOPERATION_MOVE_TO (19)
057, Adding, 6, UNIT_APOSTLE (5898262), UNITOPERATION_MOVE_TO (19)
057, Adding, 6, UNIT_APOSTLE (6619189), UNITOPERATION_SWAP_UNITS (49)
057, Can't Start, 6, UNIT_APOSTLE (6619189), UNITOPERATION_SWAP_UNITS (49)
057, Adding, 6, UNIT_APOSTLE (6619189), UNITOPERATION_MOVE_TO (19)
057, Adding, 6, UNIT_APOSTLE (5111851), UNITOPERATION_MOVE_TO (19)
057, Adding, 6, UNIT_APOSTLE (5308435), UNITOPERATION_MOVE_TO (19)
057, Adding, 6, UNIT_APOSTLE (5308435), UNITOPERATION_MOVE_TO (19)
057, Can't Start, 6, UNIT_APOSTLE (5308435), UNITOPERATION_MOVE_TO (19)
057, Adding, 6, UNIT_APOSTLE (5308435), UNITOPERATION_MOVE_TO (19)
057, Can't Start, 6, UNIT_APOSTLE (5308435), UNITOPERATION_MOVE_TO (19)
057, Adding, 6, UNIT_APOSTLE (6357004), UNITOPERATION_MOVE_TO (19)
057, Adding, 6, UNIT_APOSTLE (6357004), UNITOPERATION_MOVE_TO (19)
057, Can't Start, 6, UNIT_APOSTLE (6357004), UNITOPERATION_MOVE_TO (19)
057, Adding, 6, UNIT_APOSTLE (5308435), UNITOPERATION_MOVE_TO (19)
057, Can't Start, 6, UNIT_APOSTLE (5308435), UNITOPERATION_MOVE_TO (19)
057, Adding, 6, UNIT_APOSTLE (5570605), UNITOPERATION_MOVE_TO (19)
057, Adding, 6, UNIT_APOSTLE (5308435), UNITOPERATION_MOVE_TO (19)
057, Can't Start, 6, UNIT_APOSTLE (5308435), UNITOPERATION_MOVE_TO (19)
057, Adding, 6, UNIT_APOSTLE (5308435), UNITOPERATION_MOVE_TO (19)
057, Can't Start, 6, UNIT_APOSTLE (5308435), UNITOPERATION_MOVE_TO (19)
057, Adding, 6, UNIT_APOSTLE (6750263), UNITOPERATION_MOVE_TO (19)
057, Adding, 6, UNIT_APOSTLE (6357004), UNITOPERATION_MOVE_TO (19)
057, Can't Start, 6, UNIT_APOSTLE (6357004), UNITOPERATION_MOVE_TO (19)
057, Adding, 6, UNIT_APOSTLE (7209019), UNITOPERATION_MOVE_TO (19)
057, Adding, 6, UNIT_TAOIST (7077891), UNITOPERATION_MOVE_TO (19)
057, Adding, 6, UNIT_MISSIONARY (3735557), UNITOPERATION_SPREAD_RELIGION (38)
057, Adding, 6, UNIT_TAOIST (786440), UNITOPERATION_MOVE_TO (19)
057, Adding, 6, UNIT_TAOIST (786440), UNITOPERATION_MOVE_TO (19)
057, Can't Start, 6, UNIT_TAOIST (786440), UNITOPERATION_MOVE_TO (19)
057, Adding, 6, UNIT_APOSTLE (5898262), UNITOPERATION_MOVE_TO (19)
057, Adding, 6, UNIT_MISSIONARY (2162711), UNITOPERATION_MOVE_TO (19)
057, Adding, 6, UNIT_MISSIONARY (2293785), UNITOPERATION_MOVE_TO (19)
057, Adding, 6, UNIT_MISSIONARY (2424859), UNITOPERATION_MOVE_TO (19)
057, Adding, 6, UNIT_APOSTLE (7798813), UNITOPERATION_MOVE_TO (19)
057, Adding, 6, UNIT_APOSTLE (7405599), UNITOPERATION_MOVE_TO (19)
057, Adding, 6, UNIT_APOSTLE (5701667), UNITOPERATION_MOVE_TO (19)
057, Adding, 6, UNIT_APOSTLE (5111851), UNITOPERATION_MOVE_TO (19)
057, Adding, 6, UNIT_APOSTLE (7995442), UNITOPERATION_MOVE_TO (19)
057, Adding, 6, UNIT_APOSTLE (6225971), UNITOPERATION_MOVE_TO (19)
057, Adding, 6, UNIT_APOSTLE (6619189), UNITOPERATION_MOVE_TO (19)
057, Adding, 6, UNIT_TAOIST (6684726), UNITOPERATION_MOVE_TO (19)
057, Adding, 6, UNIT_APOSTLE (6946872), UNITOPERATION_MOVE_TO (19)
057, Adding, 6, UNIT_APOSTLE (7667775), UNITOPERATION_MOVE_TO (19)
057, Adding, 6, UNIT_SKIRMISHER (3473440), UNITOPERATION_MOVE_TO (19)
057, Adding, 6, UNIT_SKIRMISHER (3473440), UNITOPERATION_MOVE_TO (19)
057, Adding, 6, UNIT_SKIRMISHER (3407909), UNITOPERATION_MOVE_TO (19)
057, Adding, 6, UNIT_SKIRMISHER (3407909), UNITOPERATION_MOVE_TO (19)
057, Adding, 6, UNIT_SKIRMISHER (3997738), UNITOPERATION_MOVE_TO (19)
057, Adding, 6, UNIT_SKIRMISHER (4063245), UNITOPERATION_MOVE_TO (19)
057, Adding, 6, UNIT_SKIRMISHER (4063245), UNITOPERATION_SKIP_TURN (36)
057, Can't Start, 6, UNIT_TAOIST (786440), UNITOPERATION_MOVE_TO (19)
057, Can't Start, 6, UNIT_APOSTLE (6357004), UNITOPERATION_MOVE_TO (19)
057, Can't Start, 6, UNIT_APOSTLE (5308435), UNITOPERATION_MOVE_TO (19)
057, Can't Start, 6, UNIT_CATAPULT (2490396), UNITOPERATION_MOVE_TO (19)
057, Adding, 7, UNIT_MUSKETMAN (7405592), UNITOPERATION_MOVE_TO (19)
057, Can't Start, 7, UNIT_MUSKETMAN (7405592), UNITOPERATION_MOVE_TO (19)
057, Adding, 7, UNIT_KNIGHT (6815769), UNITOPERATION_MOVE_TO (19)
057, Adding, 7, UNIT_SETTLER (7602219), UNITOPERATION_MOVE_TO (19)
057, Adding, 7, UNIT_SWORDSMAN (3014666), UNITOPERATION_SWAP_UNITS (49)
057, Adding, 7, UNIT_SWORDSMAN (3014666), UNITOPERATION_MOVE_TO (19)
057, Can't Start, 7, UNIT_SWORDSMAN (3014666), UNITOPERATION_MOVE_TO (19)
057, Adding, 7, UNIT_WARRIOR (1048588), UNITOPERATION_SWAP_UNITS (49)
057, Can't Start, 7, UNIT_WARRIOR (1048588), UNITOPERATION_SWAP_UNITS (49)
057, Adding, 7, UNIT_WARRIOR (1048588), UNITOPERATION_MOVE_TO (19)
057, Adding, 7, UNIT_SWORDSMAN (3211279), UNITOPERATION_SWAP_UNITS (49)
057, Can't Start, 7, UNIT_SWORDSMAN (3211279), UNITOPERATION_SWAP_UNITS (49)
057, Adding, 7, UNIT_SWORDSMAN (3211279), UNITOPERATION_MOVE_TO (19)
057, Adding, 7, UNIT_SWORDSMAN (2621472), UNITOPERATION_SWAP_UNITS (49)
057, Can't Start, 7, UNIT_SWORDSMAN (2621472), UNITOPERATION_SWAP_UNITS (49)
057, Adding, 7, UNIT_SWORDSMAN (2621472), UNITOPERATION_MOVE_TO (19)
057, Adding, 7, UNIT_SWORDSMAN (2687009), UNITOPERATION_SWAP_UNITS (49)
057, Can't Start, 7, UNIT_SWORDSMAN (2687009), UNITOPERATION_SWAP_UNITS (49)
057, Adding, 7, UNIT_SWORDSMAN (2687009), UNITOPERATION_MOVE_TO (19)
057, Adding, 7, UNIT_SWORDSMAN (3473444), UNITOPERATION_SWAP_UNITS (49)
057, Can't Start, 7, UNIT_SWORDSMAN (3473444), UNITOPERATION_SWAP_UNITS (49)
057, Adding, 7, UNIT_SWORDSMAN (3473444), UNITOPERATION_MOVE_TO (19)
057, Adding, 7, UNIT_MAN_AT_ARMS (5242925), UNITOPERATION_SWAP_UNITS (49)
057, Can't Start, 7, UNIT_MAN_AT_ARMS (5242925), UNITOPERATION_SWAP_UNITS (49)
057, Adding, 7, UNIT_MAN_AT_ARMS (5242925), UNITOPERATION_MOVE_TO (19)
057, Adding, 7, UNIT_MAN_AT_ARMS (5701651), UNITOPERATION_SWAP_UNITS (49)
057, Can't Start, 7, UNIT_MAN_AT_ARMS (5701651), UNITOPERATION_SWAP_UNITS (49)
057, Adding, 7, UNIT_MAN_AT_ARMS (5701651), UNITOPERATION_MOVE_TO (19)
057, Adding, 7, UNIT_SKIRMISHER (3866661), UNITOPERATION_SWAP_UNITS (49)
057, Can't Start, 7, UNIT_SKIRMISHER (3866661), UNITOPERATION_SWAP_UNITS (49)
057, Adding, 7, UNIT_SKIRMISHER (4522025), UNITOPERATION_SWAP_UNITS (49)
057, Can't Start, 7, UNIT_SKIRMISHER (4522025), UNITOPERATION_SWAP_UNITS (49)
057, Adding, 7, UNIT_MAN_AT_ARMS (5701651), UNITOPERATION_MOVE_TO (19)
057, Adding, 7, UNIT_MAN_AT_ARMS (5505038), UNITOPERATION_MOVE_TO (19)
057, Adding, 7, UNIT_MAN_AT_ARMS (5439515), UNITOPERATION_MOVE_TO (19)
057, Adding, 7, UNIT_CROSSBOWMAN (5308455), UNITOPERATION_MOVE_TO (19)
057, Adding, 7, UNIT_MAN_AT_ARMS (5767175), UNITOPERATION_MOVE_TO (19)
057, Adding, 7, UNIT_TREBUCHET (6225966), UNITOPERATION_MOVE_TO (19)
057, Adding, 7, UNIT_BUILDER (6488113), UNITOPERATION_SWAP_UNITS (49)
057, Can't Start, 7, UNIT_BUILDER (6488113), UNITOPERATION_SWAP_UNITS (49)
057, Adding, 7, UNIT_BUILDER (6488113), UNITOPERATION_MOVE_TO (19)
057, Adding, 7, UNIT_BUILDER (6619187), UNITOPERATION_SWAP_UNITS (49)
057, Can't Start, 7, UNIT_BUILDER (6619187), UNITOPERATION_SWAP_UNITS (49)
057, Adding, 7, UNIT_BUILDER (6619187), UNITOPERATION_MOVE_TO (19)
057, Adding, 7, UNIT_GREAT_WRITER (6357040), UNITOPERATION_MOVE_TO (19)
057, Adding, 7, UNIT_MUSKETMAN (6881285), UNITOPERATION_MOVE_TO (19)
057, Adding, 7, UNIT_MUSKETMAN (7798806), UNITOPERATION_MOVE_TO (19)
057, Adding, 7, UNIT_MUSKETMAN (7340058), UNITOPERATION_MOVE_TO (19)
057, Adding, 7, UNIT_MUSKETMAN (7667746), UNITOPERATION_MOVE_TO (19)
057, Adding, 7, UNIT_KNIGHT (6684710), UNITOPERATION_MOVE_TO (19)
057, Adding, 7, UNIT_MUSKETMAN (7077942), UNITOPERATION_MOVE_TO (19)
057, Can't Start, 7, UNIT_MUSKETMAN (7077942), UNITOPERATION_MOVE_TO (19)
057, Adding, 7, UNIT_MUSKETMAN (7143479), UNITOPERATION_MOVE_TO (19)
057, Adding, 7, UNIT_SKIRMISHER (3735570), UNITOPERATION_MOVE_TO (19)
057, Adding, 7, UNIT_SKIRMISHER (3735570), UNITOPERATION_MOVE_TO (19)
057, Adding, 7, UNIT_SKIRMISHER (3735570), UNITOPERATION_MOVE_TO (19)
057, Adding, 7, UNIT_SKIRMISHER (3735570), UNITOPERATION_MOVE_TO (19)
057, Adding, 7, UNIT_TAOIST (851968), UNITOPERATION_MOVE_TO (19)
057, Adding, 7, UNIT_SKIRMISHER (7733249), UNITOPERATION_MOVE_TO (19)
057, Adding, 7, UNIT_TAOIST (7471113), UNITOPERATION_MOVE_TO (19)
057, Adding, 7, UNIT_SKIRMISHER (6029329), UNITOPERATION_MOVE_TO (19)
057, Adding, 7, UNIT_SKIRMISHER (3670036), UNITOPERATION_MOVE_TO (19)
057, Adding, 7, UNIT_SKIRMISHER (3932181), UNITOPERATION_MOVE_TO (19)
057, Adding, 7, UNIT_SKIRMISHER (4849692), UNITOPERATION_MOVE_TO (19)
057, Adding, 7, UNIT_SKIRMISHER (3538973), UNITOPERATION_MOVE_TO (19)
057, Adding, 7, UNIT_SKIRMISHER (3407907), UNITOPERATION_MOVE_TO (19)
057, Adding, 7, UNIT_SKIRMISHER (4587562), UNITOPERATION_MOVE_TO (19)
057, Adding, 7, UNIT_TAOIST (8060978), UNITOPERATION_MOVE_TO (19)
057, Adding, 7, UNIT_SKIRMISHER (7733249), UNITOPERATION_SKIP_TURN (36)
057, Adding, 7, UNIT_TAOIST (7471113), UNITOPERATION_SKIP_TURN (36)
057, Adding, 7, UNIT_SKIRMISHER (6029329), UNITOPERATION_SKIP_TURN (36)
057, Adding, 7, UNIT_SKIRMISHER (3670036), UNITOPERATION_SKIP_TURN (36)
057, Adding, 7, UNIT_SKIRMISHER (3932181), UNITOPERATION_SKIP_TURN (36)
057, Adding, 7, UNIT_SKIRMISHER (4849692), UNITOPERATION_SKIP_TURN (36)
057, Adding, 7, UNIT_SKIRMISHER (3538973), UNITOPERATION_SKIP_TURN (36)
057, Adding, 7, UNIT_SKIRMISHER (3407907), UNITOPERATION_SKIP_TURN (36)
057, Adding, 7, UNIT_SKIRMISHER (4587562), UNITOPERATION_SKIP_TURN (36)
057, Adding, 7, UNIT_TAOIST (8060978), UNITOPERATION_SKIP_TURN (36)
057, Can't Start, 7, UNIT_SWORDSMAN (3014666), UNITOPERATION_MOVE_TO (19)
057, Adding, 8, UNIT_TRADER (1048588), UNITOPERATION_MAKE_TRADE_ROUTE (18)
057, Can't Start, 8, UNIT_TRADER (1048588), UNITOPERATION_MAKE_TRADE_ROUTE (18)
057, Adding, 8, UNIT_MUSKETMAN (8978505), UNITOPERATION_MOVE_TO (19)
057, Adding, 8, UNIT_SETTLER (9699343), UNITOPERATION_MOVE_TO (19)
057, Adding, 8, UNIT_BUILDER (9568264), UNITOPERATION_SWAP_UNITS (49)
057, Can't Start, 8, UNIT_BUILDER (9568264), UNITOPERATION_SWAP_UNITS (49)
057, Adding, 8, UNIT_BUILDER (9568264), UNITOPERATION_MOVE_TO (19)
057, Adding, 8, UNIT_BUILDER (9568264), UNITOPERATION_REPAIR (31)
057, Adding, 8, UNIT_BUILDER (9961482), UNITOPERATION_SWAP_UNITS (49)
057, Can't Start, 8, UNIT_BUILDER (9961482), UNITOPERATION_SWAP_UNITS (49)
057, Adding, 8, UNIT_BUILDER (9961482), UNITOPERATION_MOVE_TO (19)
057, Adding, 8, UNIT_BUILDER (9961482), UNITOPERATION_BUILD_IMPROVEMENT (2)
057, Adding, 8, UNIT_BUILDER (9502780), UNITOPERATION_SWAP_UNITS (49)
057, Can't Start, 8, UNIT_BUILDER (9502780), UNITOPERATION_SWAP_UNITS (49)
057, Adding, 8, UNIT_BUILDER (9502780), UNITOPERATION_MOVE_TO (19)
057, Adding, 8, UNIT_BUILDER (9502780), UNITOPERATION_BUILD_IMPROVEMENT (2)
057, Adding, 8, UNIT_BUILDER (10813499), UNITOPERATION_SWAP_UNITS (49)
057, Can't Start, 8, UNIT_BUILDER (10813499), UNITOPERATION_SWAP_UNITS (49)
057, Adding, 8, UNIT_BUILDER (10813499), UNITOPERATION_MOVE_TO (19)
057, Adding, 8, UNIT_BUILDER (10813499), UNITOPERATION_BUILD_IMPROVEMENT (2)
057, Adding, 8, UNIT_BUILDER (10879022), UNITOPERATION_SWAP_UNITS (49)
057, Can't Start, 8, UNIT_BUILDER (10879022), UNITOPERATION_SWAP_UNITS (49)
057, Adding, 8, UNIT_BUILDER (10879022), UNITOPERATION_MOVE_TO (19)
057, Adding, 8, UNIT_BUILDER (10879022), UNITOPERATION_REPAIR (31)
057, Adding, 8, UNIT_BUILDER (11206741), UNITOPERATION_SWAP_UNITS (49)
057, Can't Start, 8, UNIT_BUILDER (11206741), UNITOPERATION_SWAP_UNITS (49)
057, Adding, 8, UNIT_BUILDER (11206741), UNITOPERATION_MOVE_TO (19)
057, Adding, 8, UNIT_GREAT_GENERAL (11075668), UNITOPERATION_MOVE_TO (19)
057, Adding, 8, UNIT_SKIRMISHER (5505075), UNITOPERATION_MOVE_TO (19)
057, Adding, 8, UNIT_MUSKETMAN (10944526), UNITOPERATION_MOVE_TO (19)
057, Adding, 8, UNIT_COURSER (10682384), UNITOPERATION_MOVE_TO (19)
057, Adding, 8, UNIT_KNIGHT (8454163), UNITOPERATION_MOVE_TO (19)
057, Adding, 8, UNIT_MUSKETMAN (9633822), UNITOPERATION_MOVE_TO (19)
057, Adding, 8, UNIT_MUSKETMAN (9437219), UNITOPERATION_MOVE_TO (19)
057, Can't Start, 8, UNIT_MUSKETMAN (9437219), UNITOPERATION_MOVE_TO (19)
057, Adding, 8, UNIT_MUSKETMAN (9895981), UNITOPERATION_MOVE_TO (19)
057, Adding, 8, UNIT_BOMBARD (10616879), UNITOPERATION_MOVE_TO (19)
057, Adding, 8, UNIT_MUSKETMAN (9306161), UNITOPERATION_MOVE_TO (19)
057, Can't Start, 8, UNIT_MUSKETMAN (9306161), UNITOPERATION_MOVE_TO (19)
057, Adding, 8, UNIT_MUSKETMAN (9175090), UNITOPERATION_MOVE_TO (19)
057, Adding, 8, UNIT_MUSKETMAN (9109556), UNITOPERATION_MOVE_TO (19)
057, Adding, 8, UNIT_KNIGHT (8257600), UNITOPERATION_MOVE_TO (19)
057, Adding, 8, UNIT_MUSKETMAN (8781894), UNITOPERATION_MOVE_TO (19)
057, Can't Start, 8, UNIT_MUSKETMAN (8781894), UNITOPERATION_MOVE_TO (19)
057, Adding, 8, UNIT_MUSKETMAN (8847431), UNITOPERATION_MOVE_TO (19)
057, Adding, 8, UNIT_MUSKETMAN (8912968), UNITOPERATION_MOVE_TO (19)
057, Adding, 8, UNIT_MUSKETMAN (11141194), UNITOPERATION_MOVE_TO (19)
057, Adding, 8, UNIT_MUSKETMAN (10027084), UNITOPERATION_MOVE_TO (19)
057, Can't Start, 8, UNIT_MUSKETMAN (10027084), UNITOPERATION_MOVE_TO (19)
057, Adding, 8, UNIT_MUSKETMAN (10223695), UNITOPERATION_MOVE_TO (19)
057, Adding, 8, UNIT_COURSER (10289232), UNITOPERATION_MOVE_TO (19)
057, Adding, 8, UNIT_COURSER (10354769), UNITOPERATION_MOVE_TO (19)
057, Adding, 8, UNIT_PIKE_AND_SHOT (10747986), UNITOPERATION_MOVE_TO (19)
057, Adding, 8, UNIT_MUSKETMAN (11272278), UNITOPERATION_MOVE_TO (19)
057, Adding, 8, UNIT_VIETNAMESE_VOI_CHIEN (7208961), UNITOPERATION_MOVE_TO (19)
057, Adding, 8, UNIT_VIETNAMESE_VOI_CHIEN (5439490), UNITOPERATION_MOVE_TO (19)
057, Adding, 8, UNIT_VIETNAMESE_VOI_CHIEN (5832707), UNITOPERATION_MOVE_TO (19)
057, Adding, 8, UNIT_VIETNAMESE_VOI_CHIEN (7864324), UNITOPERATION_MOVE_TO (19)
057, Adding, 8, UNIT_VIETNAMESE_VOI_CHIEN (7143429), UNITOPERATION_MOVE_TO (19)
057, Adding, 8, UNIT_VIETNAMESE_VOI_CHIEN (7405574), UNITOPERATION_MOVE_TO (19)
057, Adding, 8, UNIT_VIETNAMESE_VOI_CHIEN (6946823), UNITOPERATION_MOVE_TO (19)
057, Adding, 8, UNIT_VIETNAMESE_VOI_CHIEN (5111825), UNITOPERATION_MOVE_TO (19)
057, Adding, 8, UNIT_VIETNAMESE_VOI_CHIEN (5373972), UNITOPERATION_MOVE_TO (19)
057, Adding, 8, UNIT_VIETNAMESE_VOI_CHIEN (6357013), UNITOPERATION_MOVE_TO (19)
057, Adding, 8, UNIT_VIETNAMESE_VOI_CHIEN (7340054), UNITOPERATION_MOVE_TO (19)
057, Adding, 8, UNIT_VIETNAMESE_VOI_CHIEN (6029335), UNITOPERATION_MOVE_TO (19)
057, Adding, 8, UNIT_VIETNAMESE_VOI_CHIEN (7667738), UNITOPERATION_MOVE_TO (19)
057, Adding, 8, UNIT_VIETNAMESE_VOI_CHIEN (5767195), UNITOPERATION_MOVE_TO (19)
057, Adding, 8, UNIT_VIETNAMESE_VOI_CHIEN (5046300), UNITOPERATION_MOVE_TO (19)
057, Adding, 8, UNIT_VIETNAMESE_VOI_CHIEN (7602205), UNITOPERATION_MOVE_TO (19)
057, Adding, 8, UNIT_VIETNAMESE_VOI_CHIEN (8060959), UNITOPERATION_MOVE_TO (19)
057, Adding, 8, UNIT_VIETNAMESE_VOI_CHIEN (7798816), UNITOPERATION_MOVE_TO (19)
057, Adding, 8, UNIT_VIETNAMESE_VOI_CHIEN (6881313), UNITOPERATION_MOVE_TO (19)
057, Adding, 8, UNIT_VIETNAMESE_VOI_CHIEN (7077922), UNITOPERATION_MOVE_TO (19)
057, Adding, 8, UNIT_VIETNAMESE_VOI_CHIEN (5308458), UNITOPERATION_MOVE_TO (19)
057, Adding, 8, UNIT_VIETNAMESE_VOI_CHIEN (5570604), UNITOPERATION_MOVE_TO (19)
057, Adding, 8, UNIT_VIETNAMESE_VOI_CHIEN (8192063), UNITOPERATION_MOVE_TO (19)
057, Adding, 8, UNIT_VIETNAMESE_VOI_CHIEN (10485835), UNITOPERATION_MOVE_TO (19)
057, Adding, 8, UNIT_VIETNAMESE_VOI_CHIEN (10092621), UNITOPERATION_MOVE_TO (19)
057, Adding, 8, UNIT_APOSTLE (10158158), UNITOPERATION_SWAP_UNITS (49)
057, Can't Start, 8, UNIT_APOSTLE (10158158), UNITOPERATION_SWAP_UNITS (49)
057, Adding, 8, UNIT_APOSTLE (10158158), UNITOPERATION_MOVE_TO (19)
057, Adding, 8, UNIT_APOSTLE (10158158), UNITOPERATION_MOVE_TO (19)
057, Adding, 8, UNIT_APOSTLE (10551349), UNITOPERATION_MOVE_TO (19)
057, Adding, 8, UNIT_APOSTLE (9371687), UNITOPERATION_MOVE_TO (19)
057, Adding, 8, UNIT_APOSTLE (10551349), UNITOPERATION_MOVE_TO (19)
057, Can't Start, 8, UNIT_APOSTLE (10551349), UNITOPERATION_MOVE_TO (19)
057, Adding, 8, UNIT_APOSTLE (8650820), UNITOPERATION_MOVE_TO (19)
057, Adding, 8, UNIT_APOSTLE (8650820), UNITOPERATION_MOVE_TO (19)
057, Can't Start, 8, UNIT_APOSTLE (8650820), UNITOPERATION_MOVE_TO (19)
057, Adding, 8, UNIT_APOSTLE (9371687), UNITOPERATION_MOVE_TO (19)
057, Can't Start, 8, UNIT_APOSTLE (9371687), UNITOPERATION_MOVE_TO (19)
057, Adding, 8, UNIT_APOSTLE (9371687), UNITOPERATION_MOVE_TO (19)
057, Can't Start, 8, UNIT_APOSTLE (9371687), UNITOPERATION_MOVE_TO (19)
057, Adding, 8, UNIT_APOSTLE (9371687), UNITOPERATION_MOVE_TO (19)
057, Can't Start, 8, UNIT_APOSTLE (9371687), UNITOPERATION_MOVE_TO (19)
057, Adding, 8, UNIT_MISSIONARY (7471104), UNITOPERATION_MOVE_TO (19)
057, Adding, 8, UNIT_MISSIONARY (6094857), UNITOPERATION_MOVE_TO (19)
057, Adding, 8, UNIT_MISSIONARY (5177355), UNITOPERATION_MOVE_TO (19)
057, Adding, 8, UNIT_MISSIONARY (3866637), UNITOPERATION_MOVE_TO (19)
057, Adding, 8, UNIT_MISSIONARY (4259864), UNITOPERATION_MOVE_TO (19)
057, Adding, 8, UNIT_MISSIONARY (4849689), UNITOPERATION_MOVE_TO (19)
057, Adding, 8, UNIT_MISSIONARY (3670053), UNITOPERATION_MOVE_TO (19)
057, Adding, 8, UNIT_MISSIONARY (5701670), UNITOPERATION_MOVE_TO (19)
057, Adding, 8, UNIT_MISSIONARY (4063272), UNITOPERATION_MOVE_TO (19)
057, Adding, 8, UNIT_MISSIONARY (4784176), UNITOPERATION_MOVE_TO (19)
057, Adding, 8, UNIT_MISSIONARY (6488118), UNITOPERATION_MOVE_TO (19)
057, Adding, 8, UNIT_MISSIONARY (6684728), UNITOPERATION_MOVE_TO (19)
057, Adding, 8, UNIT_MISSIONARY (7733309), UNITOPERATION_MOVE_TO (19)
057, Adding, 8, UNIT_MISSIONARY (7929918), UNITOPERATION_MOVE_TO (19)
057, Adding, 8, UNIT_MISSIONARY (8323137), UNITOPERATION_MOVE_TO (19)
057, Adding, 8, UNIT_MISSIONARY (8519746), UNITOPERATION_MOVE_TO (19)
057, Adding, 8, UNIT_APOSTLE (10158158), UNITOPERATION_MOVE_TO (19)
057, Adding, 8, UNIT_SKIRMISHER (4128809), UNITOPERATION_MOVE_TO (19)
057, Adding, 8, UNIT_SKIRMISHER (4128809), UNITOPERATION_MOVE_TO (19)
057, Adding, 8, UNIT_SKIRMISHER (4128809), UNITOPERATION_MOVE_TO (19)
057, Adding, 8, UNIT_SKIRMISHER (4128809), UNITOPERATION_MOVE_TO (19)
057, Adding, 8, UNIT_SKIRMISHER (4128809), UNITOPERATION_MOVE_TO (19)
057, Adding, 8, UNIT_SKIRMISHER (6553655), UNITOPERATION_MOVE_TO (19)
057, Adding, 8, UNIT_SKIRMISHER (6750265), UNITOPERATION_MOVE_TO (19)
057, Adding, 8, UNIT_SKIRMISHER (7012410), UNITOPERATION_MOVE_TO (19)
057, Adding, 8, UNIT_MILITARY_ENGINEER (8126482), UNITOPERATION_SKIP_TURN (36)
057, Adding, 8, UNIT_MILITARY_ENGINEER (8388644), UNITOPERATION_SKIP_TURN (36)
057, Adding, 8, UNIT_MILITARY_ENGINEER (7995435), UNITOPERATION_SKIP_TURN (36)
057, Adding, 8, UNIT_SKIRMISHER (6553655), UNITOPERATION_SKIP_TURN (36)
057, Adding, 8, UNIT_SKIRMISHER (6750265), UNITOPERATION_SKIP_TURN (36)
057, Adding, 8, UNIT_SKIRMISHER (7012410), UNITOPERATION_SKIP_TURN (36)
057, Adding, 8, UNIT_MILITARY_ENGINEER (9240643), UNITOPERATION_SKIP_TURN (36)
057, Adding, 8, UNIT_BUILDER (8716357), UNITOPERATION_SKIP_TURN (36)
057, Can't Start, 8, UNIT_TRADER (1048588), UNITOPERATION_MAKE_TRADE_ROUTE (18)
057, Can't Start, 8, UNIT_APOSTLE (9371687), UNITOPERATION_MOVE_TO (19)
057, Can't Start, 8, UNIT_APOSTLE (10551349), UNITOPERATION_MOVE_TO (19)
057, Can't Start, 8, UNIT_APOSTLE (8650820), UNITOPERATION_MOVE_TO (19)
057, Can't Start, 8, UNIT_MUSKETMAN (10027084), UNITOPERATION_MOVE_TO (19)
057, Adding, 9, UNIT_COURSER (8257551), UNITOPERATION_FORTIFY (12)
057, Adding, 9, UNIT_MUSKETMAN (9043977), UNITOPERATION_SWAP_UNITS (49)
057, Can't Start, 9, UNIT_MUSKETMAN (9043977), UNITOPERATION_SWAP_UNITS (49)
057, Adding, 9, UNIT_MUSKETMAN (9043977), UNITOPERATION_MOVE_TO (19)
057, Adding, 9, UNIT_MUSKETMAN (10354751), UNITOPERATION_SWAP_UNITS (49)
057, Can't Start, 9, UNIT_MUSKETMAN (10354751), UNITOPERATION_SWAP_UNITS (49)
057, Adding, 9, UNIT_MUSKETMAN (10354751), UNITOPERATION_MOVE_TO (19)
057, Adding, 9, UNIT_CROSSBOWMAN (5242890), UNITOPERATION_RANGE_ATTACK (26)
057, Adding, 9, UNIT_CROSSBOWMAN (5242890), UNITOPERATION_MOVE_TO (19)
057, Adding, 9, UNIT_MUSKETMAN (9043977), UNITOPERATION_MOVE_TO (19)
057, Adding, 9, UNIT_MUSKETMAN (10354751), UNITOPERATION_MOVE_TO (19)
057, Adding, 9, UNIT_MUSKETMAN (8978445), UNITOPERATION_MOVE_TO (19)
057, Adding, 9, UNIT_SETTLER (10420280), UNITOPERATION_MOVE_TO (19)
057, Can't Start, 9, UNIT_SETTLER (10420280), UNITOPERATION_MOVE_TO (19)
057, Adding, 9, UNIT_MUSKETMAN (9633826), UNITOPERATION_MOVE_TO (19)
057, Can't Start, 9, UNIT_MUSKETMAN (9633826), UNITOPERATION_MOVE_TO (19)
057, Adding, 9, UNIT_SETTLER (10420280), UNITOPERATION_MOVE_TO (19)
057, Adding, 9, UNIT_MUSKETMAN (9633826), UNITOPERATION_MOVE_TO (19)
057, Adding, 9, UNIT_BUILDER (9895937), UNITOPERATION_SWAP_UNITS (49)
057, Can't Start, 9, UNIT_BUILDER (9895937), UNITOPERATION_SWAP_UNITS (49)
057, Adding, 9, UNIT_BUILDER (9895937), UNITOPERATION_MOVE_TO (19)
057, Adding, 9, UNIT_BUILDER (9895937), UNITOPERATION_HARVEST_RESOURCE (16)
057, Adding, 9, UNIT_BUILDER (9895937), UNITOPERATION_BUILD_IMPROVEMENT (2)
057, Can't Start, 9, UNIT_BUILDER (9895937), UNITOPERATION_BUILD_IMPROVEMENT (2)
057, Adding, 9, UNIT_BUILDER (10223677), UNITOPERATION_BUILD_IMPROVEMENT (2)
057, Adding, 9, UNIT_BUILDER (10158117), UNITOPERATION_BUILD_IMPROVEMENT (2)
057, Adding, 9, UNIT_GREAT_GENERAL (9568258), UNITOPERATION_MOVE_TO (19)
057, Can't Start, 9, UNIT_GREAT_GENERAL (9568258), UNITOPERATION_MOVE_TO (19)
057, Adding, 9, UNIT_MUSKETMAN (10682373), UNITOPERATION_MOVE_TO (19)
057, Adding, 9, UNIT_CROSSBOWMAN (7864328), UNITOPERATION_MOVE_TO (19)
057, Adding, 9, UNIT_MUSKETMAN (9240588), UNITOPERATION_MOVE_TO (19)
057, Adding, 9, UNIT_KNIGHT (9830418), UNITOPERATION_MOVE_TO (19)
057, Can't Start, 9, UNIT_KNIGHT (9830418), UNITOPERATION_MOVE_TO (19)
057, Adding, 9, UNIT_MUSKETMAN (8912916), UNITOPERATION_MOVE_TO (19)
057, Can't Start, 9, UNIT_MUSKETMAN (8912916), UNITOPERATION_MOVE_TO (19)
057, Adding, 9, UNIT_CROSSBOWMAN (6946840), UNITOPERATION_MOVE_TO (19)
057, Adding, 9, UNIT_CROSSBOWMAN (5701661), UNITOPERATION_MOVE_TO (19)
057, Adding, 9, UNIT_MUSKETMAN (10551341), UNITOPERATION_MOVE_TO (19)
057, Adding, 9, UNIT_KNIGHT (9306158), UNITOPERATION_MOVE_TO (19)
057, Adding, 9, UNIT_MUSKETMAN (10813490), UNITOPERATION_MOVE_TO (19)
057, Adding, 9, UNIT_MAN_AT_ARMS (6488116), UNITOPERATION_MOVE_TO (19)
057, Adding, 9, UNIT_MAN_AT_ARMS (6553653), UNITOPERATION_MOVE_TO (19)
057, Adding, 9, UNIT_MAN_AT_ARMS (6619190), UNITOPERATION_MOVE_TO (19)
057, Adding, 9, UNIT_MAN_AT_ARMS (7209015), UNITOPERATION_MOVE_TO (19)
057, Adding, 9, UNIT_TREBUCHET (8323130), UNITOPERATION_MOVE_TO (19)
057, Adding, 9, UNIT_MUSKETMAN (10027068), UNITOPERATION_MOVE_TO (19)
057, Can't Start, 9, UNIT_MUSKETMAN (10027068), UNITOPERATION_MOVE_TO (19)
057, Adding, 9, UNIT_CROSSBOWMAN (4521995), UNITOPERATION_MOVE_TO (19)
057, Adding, 9, UNIT_CROSSBOWMAN (6750246), UNITOPERATION_MOVE_TO (19)
057, Adding, 9, UNIT_CROSSBOWMAN (4653096), UNITOPERATION_MOVE_TO (19)
057, Adding, 9, UNIT_CROSSBOWMAN (4718633), UNITOPERATION_MOVE_TO (19)
057, Adding, 9, UNIT_CROSSBOWMAN (5308459), UNITOPERATION_MOVE_TO (19)
057, Adding, 9, UNIT_MISSIONARY (4390915), UNITOPERATION_SPREAD_RELIGION (38)
057, Adding, 9, UNIT_MISSIONARY (9502727), UNITOPERATION_MOVE_TO (19)
057, Adding, 9, UNIT_MISSIONARY (5570574), UNITOPERATION_MOVE_TO (19)
057, Adding, 9, UNIT_MISSIONARY (7798800), UNITOPERATION_MOVE_TO (19)
057, Adding, 9, UNIT_MISSIONARY (8192019), UNITOPERATION_MOVE_TO (19)
057, Adding, 9, UNIT_MISSIONARY (5177365), UNITOPERATION_SPREAD_RELIGION (38)
057, Adding, 9, UNIT_MISSIONARY (5439513), UNITOPERATION_MOVE_TO (19)
057, Adding, 9, UNIT_MISSIONARY (6881306), UNITOPERATION_MOVE_TO (19)
057, Adding, 9, UNIT_APOSTLE (10616860), UNITOPERATION_EVANGELIZE_BELIEF (10)
057, Adding, 9, UNIT_MISSIONARY (9175071), UNITOPERATION_MOVE_TO (19)
057, Adding, 9, UNIT_MISSIONARY (4915232), UNITOPERATION_MOVE_TO (19)
057, Adding, 9, UNIT_MISSIONARY (8650787), UNITOPERATION_MOVE_TO (19)
057, Adding, 9, UNIT_MISSIONARY (7274538), UNITOPERATION_MOVE_TO (19)
057, Adding, 9, UNIT_MISSIONARY (5832748), UNITOPERATION_MOVE_TO (19)
057, Adding, 9, UNIT_MISSIONARY (6225968), UNITOPERATION_MOVE_TO (19)
057, Adding, 9, UNIT_MISSIONARY (6225968), UNITOPERATION_SPREAD_RELIGION (38)
057, Adding, 9, UNIT_MISSIONARY (8519737), UNITOPERATION_MOVE_TO (19)
057, Adding, 9, UNIT_APOSTLE (9961531), UNITOPERATION_EVANGELIZE_BELIEF (10)
057, Can't Start, 9, UNIT_APOSTLE (9961531), UNITOPERATION_EVANGELIZE_BELIEF (10)
057, Adding, 9, UNIT_SKIRMISHER (5046276), UNITOPERATION_MOVE_TO (19)
057, Adding, 9, UNIT_SKIRMISHER (5046276), UNITOPERATION_MOVE_TO (19)
057, Adding, 9, UNIT_SKIRMISHER (5046276), UNITOPERATION_MOVE_TO (19)
057, Adding, 9, UNIT_SKIRMISHER (5046276), UNITOPERATION_MOVE_TO (19)
057, Adding, 9, UNIT_SKIRMISHER (5046276), UNITOPERATION_MOVE_TO (19)
057, Adding, 9, UNIT_SKIRMISHER (5111830), UNITOPERATION_MOVE_TO (19)
057, Adding, 9, UNIT_BUILDER (9437201), UNITOPERATION_SKIP_TURN (36)
057, Adding, 9, UNIT_SKIRMISHER (5111830), UNITOPERATION_SKIP_TURN (36)
057, Adding, 9, UNIT_BUILDER (9764897), UNITOPERATION_SKIP_TURN (36)
057, Adding, 9, UNIT_MILITARY_ENGINEER (8585255), UNITOPERATION_SKIP_TURN (36)
057, Can't Start, 9, UNIT_BUILDER (9895937), UNITOPERATION_BUILD_IMPROVEMENT (2)
057, Adding, 10, UNIT_CROSSBOWMAN (983040), UNITOPERATION_MOVE_TO (19)
057, Adding, 10, UNIT_SWORDSMAN (786433), UNITOPERATION_MOVE_TO (19)
057, Adding, 10, UNIT_SWORDSMAN (917506), UNITOPERATION_MOVE_TO (19)
057, Adding, 10, UNIT_SWORDSMAN (851971), UNITOPERATION_MOVE_TO (19)
057, Adding, 10, UNIT_CROSSBOWMAN (1179652), UNITOPERATION_MOVE_TO (19)
057, Adding, 10, UNIT_SWORDSMAN (720902), UNITOPERATION_MOVE_TO (19)
057, Adding, 10, UNIT_CROSSBOWMAN (1245191), UNITOPERATION_MOVE_TO (19)
057, Adding, 10, UNIT_SWORDSMAN (1114120), UNITOPERATION_MOVE_TO (19)
057, Adding, 12, UNIT_SWORDSMAN (655361), UNITOPERATION_MOVE_TO (19)
057, Adding, 12, UNIT_CROSSBOWMAN (720898), UNITOPERATION_MOVE_TO (19)
057, Adding, 12, UNIT_CROSSBOWMAN (786435), UNITOPERATION_MOVE_TO (19)
057, Adding, 12, UNIT_CROSSBOWMAN (983044), UNITOPERATION_MOVE_TO (19)
057, Adding, 12, UNIT_BUILDER (917504), UNITOPERATION_SKIP_TURN (36)
057, Adding, 13, UNIT_BUILDER (786432), UNITOPERATION_REPAIR (31)
057, Adding, 13, UNIT_SWORDSMAN (655361), UNITOPERATION_MOVE_TO (19)
057, Adding, 13, UNIT_CATAPULT (720898), UNITOPERATION_MOVE_TO (19)
057, Adding, 13, UNIT_HEAVY_CHARIOT (524292), UNITOPERATION_MOVE_TO (19)
057, Adding, 13, UNIT_SWORDSMAN (589829), UNITOPERATION_MOVE_TO (19)
057, Adding, 13, UNIT_CROSSBOWMAN (851974), UNITOPERATION_MOVE_TO (19)
057, Adding, 14, UNIT_CROSSBOWMAN (786434), UNITOPERATION_RANGE_ATTACK (26)
057, Adding, 14, UNIT_CROSSBOWMAN (851973), UNITOPERATION_RANGE_ATTACK (26)
057, Adding, 14, UNIT_CROSSBOWMAN (786434), UNITOPERATION_MOVE_TO (19)
057, Adding, 14, UNIT_CROSSBOWMAN (851973), UNITOPERATION_MOVE_TO (19)
057, Adding, 14, UNIT_BUILDER (720896), UNITOPERATION_SKIP_TURN (36)
057, Adding, 15, UNIT_SWORDSMAN (983041), UNITOPERATION_MOVE_TO (19)
057, Adding, 15, UNIT_HORSEMAN (1179652), UNITOPERATION_MOVE_TO (19)
057, Adding, 15, UNIT_HORSEMAN (720902), UNITOPERATION_MOVE_TO (19)
057, Adding, 15, UNIT_SWORDSMAN (786439), UNITOPERATION_MOVE_TO (19)
057, Adding, 15, UNIT_SWORDSMAN (851976), UNITOPERATION_MOVE_TO (19)
057, Adding, 15, UNIT_SWORDSMAN (1048585), UNITOPERATION_MOVE_TO (19)
057, Adding, 15, UNIT_SWORDSMAN (1114122), UNITOPERATION_MOVE_TO (19)
057, Adding, 15, UNIT_BUILDER (917507), UNITOPERATION_SKIP_TURN (36)
057, Adding, 17, UNIT_MAN_AT_ARMS (1376259), UNITOPERATION_FORTIFY (12)
057, Can't Start, 17, UNIT_MAN_AT_ARMS (1376259), UNITOPERATION_FORTIFY (12)
057, Adding, 17, UNIT_MAN_AT_ARMS (1507328), UNITOPERATION_MOVE_TO (19)
057, Adding, 17, UNIT_CROSSBOWMAN (1179652), UNITOPERATION_MOVE_TO (19)
057, Adding, 17, UNIT_MAN_AT_ARMS (1441797), UNITOPERATION_MOVE_TO (19)
057, Adding, 17, UNIT_MAN_AT_ARMS (1310728), UNITOPERATION_MOVE_TO (19)
057, Adding, 17, UNIT_SKIRMISHER (1703945), UNITOPERATION_MOVE_TO (19)
057, Adding, 17, UNIT_BUILDER (1572871), UNITOPERATION_SKIP_TURN (36)
057, Adding, 20, UNIT_SWORDSMAN (720896), UNITOPERATION_MOVE_TO (19)
057, Adding, 20, UNIT_CROSSBOWMAN (983041), UNITOPERATION_MOVE_TO (19)
057, Adding, 20, UNIT_CROSSBOWMAN (851970), UNITOPERATION_MOVE_TO (19)
057, Adding, 20, UNIT_HEAVY_CHARIOT (458756), UNITOPERATION_MOVE_TO (19)
057, Adding, 20, UNIT_CROSSBOWMAN (1048582), UNITOPERATION_MOVE_TO (19)
057, Adding, 20, UNIT_SWORDSMAN (786439), UNITOPERATION_MOVE_TO (19)
057, Adding, 20, UNIT_CROSSBOWMAN (1114120), UNITOPERATION_MOVE_TO (19)
057, Adding, 20, UNIT_CROSSBOWMAN (1179657), UNITOPERATION_MOVE_TO (19)
057, Adding, 20, UNIT_BUILDER (917509), UNITOPERATION_SKIP_TURN (36)
057, Adding, 21, UNIT_MAN_AT_ARMS (1572864), UNITOPERATION_MOVE_TO (19)
057, Adding, 21, UNIT_CROSSBOWMAN (851970), UNITOPERATION_MOVE_TO (19)
057, Adding, 21, UNIT_MAN_AT_ARMS (1703939), UNITOPERATION_MOVE_TO (19)
057, Adding, 21, UNIT_KNIGHT (1376260), UNITOPERATION_MOVE_TO (19)
057, Adding, 21, UNIT_CROSSBOWMAN (1114118), UNITOPERATION_MOVE_TO (19)
057, Adding, 21, UNIT_MAN_AT_ARMS (1507335), UNITOPERATION_MOVE_TO (19)
057, Adding, 21, UNIT_CROSSBOWMAN (1310730), UNITOPERATION_MOVE_TO (19)
057, Adding, 21, UNIT_TREBUCHET (1441803), UNITOPERATION_MOVE_TO (19)
057, Adding, 21, UNIT_BUILDER (1638405), UNITOPERATION_SKIP_TURN (36)
057, Adding, 3, UNIT_WARRIOR (131073), UNITOPERATION_MOVE_TO (19)
057, Adding, 3, UNIT_WARRIOR (131073), UNITOPERATION_AUTOMATE_EXPLORE (1)
057, Adding, 1, UNIT_BABYLONIAN_SABUM_KIBITTUM (196608), UNITOPERATION_MOVE_TO (19)
057, Adding, 3, UNIT_SCOUT (393218), UNITOPERATION_MOVE_TO (19)
057, Adding, 3, UNIT_SCOUT (589829), UNITOPERATION_MOVE_TO (19)
057, Adding, 3, UNIT_SCOUT (589829), UNITOPERATION_SKIP_TURN (36)
057, Adding, 2, UNIT_KNIGHT (2424848), UNITOPERATION_MOVE_TO (19)
057, Adding, 1, UNIT_BUILDER (2949130), UNITOPERATION_MOVE_TO (19)
057, Adding, 1, UNIT_BUILDER (2949130), UNITOPERATION_BUILD_IMPROVEMENT (2)
057, Adding, 2, UNIT_KNIGHT (2555922), UNITOPERATION_MOVE_TO (19)
057, Adding, 1, UNIT_BUILDER (3932187), UNITOPERATION_BUILD_IMPROVEMENT (2)
057, Adding, 3, UNIT_BUILDER (2359307), UNITOPERATION_MOVE_TO (19)
057, Adding, 2, UNIT_KNIGHT (2359311), UNITOPERATION_MOVE_TO (19)
057, Adding, 2, UNIT_KNIGHT (2359311), UNITOPERATION_MOVE_TO (19)
057, Adding, 0, UNIT_VAMPIRE (262146), UNITOPERATION_FORTIFY (12)
057, Adding, 3, UNIT_BUILDER (2490386), UNITOPERATION_MOVE_TO (19)
057, Adding, 1, UNIT_BUILDER (3932187), UNITOPERATION_MOVE_TO (19)
057, Adding, 2, UNIT_KNIGHT (2490385), UNITOPERATION_MOVE_TO (19)
057, Adding, 0, UNIT_CROSSBOWMAN (2621450), UNITOPERATION_MOVE_TO (19)
057, Adding, 1, UNIT_BUILDER (3538964), UNITOPERATION_BUILD_IMPROVEMENT (2)
057, Adding, 4, UNIT_VAMPIRE (4128790), UNITOPERATION_MOVE_TO (19)
057, Adding, 4, UNIT_VAMPIRE (4128790), UNITOPERATION_SKIP_TURN (36)
057, Adding, 3, UNIT_BUILDER (2424849), UNITOPERATION_MOVE_TO (19)
057, Adding, 2, UNIT_KNIGHT (2818070), UNITOPERATION_MOVE_TO (19)
057, Adding, 1, UNIT_BUILDER (3801113), UNITOPERATION_REMOVE_FEATURE (28)
057, Adding, 0, UNIT_KNIGHT (2293777), UNITOPERATION_FORTIFY (12)
057, Adding, 2, UNIT_KNIGHT (2621459), UNITOPERATION_MOVE_TO (19)
057, Adding, 3, UNIT_BUILDER (2293774), UNITOPERATION_MOVE_TO (19)
057, Adding, 1, UNIT_BUILDER (3735570), UNITOPERATION_MOVE_TO (19)
057, Adding, 2, UNIT_KNIGHT (2621459), UNITOPERATION_MOVE_TO (19)
057, Adding, 4, UNIT_KNIGHT (4587543), UNITOPERATION_MOVE_TO (19)
057, Adding, 2, UNIT_KNIGHT (2883594), UNITOPERATION_MOVE_TO (19)
057, Adding, 1, UNIT_BUILDER (2883596), UNITOPERATION_REMOVE_FEATURE (28)
057, Adding, 2, UNIT_KNIGHT (2883594), UNITOPERATION_SKIP_TURN (36)
057, Adding, 0, UNIT_KNIGHT (1966095), UNITOPERATION_FORTIFY (12)
057, Adding, 3, UNIT_BUILDER (2031625), UNITOPERATION_MOVE_TO (19)
057, Adding, 2, UNIT_KNIGHT (3014679), UNITOPERATION_MOVE_TO (19)
057, Adding, 0, UNIT_CROSSBOWMAN (2883605), UNITOPERATION_MOVE_TO (19)
057, Adding, 2, UNIT_KNIGHT (3014679), UNITOPERATION_SKIP_TURN (36)
057, Adding, 2, UNIT_KNIGHT (2686996), UNITOPERATION_MOVE_TO (19)
057, Adding, 2, UNIT_KNIGHT (2686996), UNITOPERATION_SKIP_TURN (36)
057, Adding, 2, UNIT_KNIGHT (2752533), UNITOPERATION_MOVE_TO (19)
057, Adding, 2, UNIT_KNIGHT (3080216), UNITOPERATION_MOVE_TO (19)
057, Adding, 4, UNIT_CROSSBOWMAN (3473421), UNITOPERATION_MOVE_TO (19)
057, Adding, 4, UNIT_CROSSBOWMAN (3604485), UNITOPERATION_MOVE_TO (19)
057, Adding, 4, UNIT_CROSSBOWMAN (3604485), UNITOPERATION_MOVE_TO (19)
057, Adding, 1, UNIT_TRADER (4128798), UNITOPERATION_TELEPORT_TO_CITY (51)
057, Adding, 1, UNIT_BUILDER (3276822), UNITOPERATION_MOVE_TO (19)
057, Adding, 1, UNIT_BUILDER (3014663), UNITOPERATION_MOVE_TO (19)
057, Adding, 1, UNIT_BUILDER (3014663), UNITOPERATION_BUILD_IMPROVEMENT (2)
057, Adding, 4, UNIT_CROSSBOWMAN (3407886), UNITOPERATION_RANGE_ATTACK (26)
057, Adding, 4, UNIT_CROSSBOWMAN (3801100), UNITOPERATION_FORTIFY (12)
057, Adding, 1, UNIT_BUILDER (3145737), UNITOPERATION_BUILD_IMPROVEMENT (2)
057, Adding, 1, UNIT_BUILDER (3145737), UNITOPERATION_MOVE_TO (19)
057, Adding, 4, UNIT_VAMPIRE (196608), UNITOPERATION_PILLAGE (23)
057, Adding, 4, UNIT_VAMPIRE (196608), UNITOPERATION_MOVE_TO (19)
057, Adding, 4, UNIT_VAMPIRE (196608), UNITOPERATION_PILLAGE (23)
057, Adding, 4, UNIT_VAMPIRE (196608), UNITOPERATION_FORTIFY (12)
057, Adding, 4, UNIT_BUILDER (4915224), UNITOPERATION_MOVE_TO (19)
057, Adding, 4, UNIT_BUILDER (4915224), UNITOPERATION_REMOVE_FEATURE (28)
057, Adding, 2, UNIT_KNIGHT (2228232), UNITOPERATION_MOVE_TO (19)
057, Adding, 1, UNIT_BUILDER (3342359), UNITOPERATION_MOVE_TO (19)
057, Adding, 4, UNIT_GREAT_GENERAL (3276801), UNITOPERATION_MOVE_TO (19)
057, Adding, 1, UNIT_BUILDER (3342359), UNITOPERATION_BUILD_IMPROVEMENT (2)
057, Adding, 3, UNIT_TRADER (3080198), UNITOPERATION_TELEPORT_TO_CITY (51)
057, Adding, 2, UNIT_SCOUT (589830), UNITOPERATION_MOVE_TO (19)
057, Adding, 4, UNIT_CROSSBOWMAN (3604485), UNITOPERATION_SKIP_TURN (36)
057, Adding, 4, UNIT_CROSSBOWMAN (5046290), UNITOPERATION_MOVE_TO (19)
057, Adding, 1, UNIT_BUILDER (3604495), UNITOPERATION_MOVE_TO (19)
057, Adding, 1, UNIT_BUILDER (3604495), UNITOPERATION_HARVEST_RESOURCE (16)
057, Adding, 1, UNIT_BUILDER (3604495), UNITOPERATION_MOVE_TO (19)
057, Adding, 0, UNIT_BUILDER (2686996), UNITOPERATION_BUILD_IMPROVEMENT (2)
057, Adding, 4, UNIT_CROSSBOWMAN (4521990), UNITOPERATION_MOVE_TO (19)
057, Adding, 0, UNIT_CROSSBOWMAN (2883605), UNITOPERATION_MOVE_TO (19)
057, Adding, 2, UNIT_TRADER (524293), UNITOPERATION_MAKE_TRADE_ROUTE (18)
057, Adding, 2, UNIT_BUILDER (2162699), UNITOPERATION_BUILD_IMPROVEMENT (2)
057, Adding, 4, UNIT_CROSSBOWMAN (4653064), UNITOPERATION_MOVE_TO (19)
057, Adding, 4, UNIT_CROSSBOWMAN (4653064), UNITOPERATION_MOVE_TO (19)
057, Adding, 2, UNIT_SCOUT (196608), UNITOPERATION_MOVE_TO (19)
057, Adding, 3, UNIT_BUILDER (2555923), UNITOPERATION_REPAIR (31)
057, Adding, 4, UNIT_BUILDER (5177370), UNITOPERATION_REMOVE_FEATURE (28)
057, Adding, 4, UNIT_KNIGHT (4587543), UNITOPERATION_FORTIFY (12)
057, Adding, 0, UNIT_CROSSBOWMAN (2621450), UNITOPERATION_FORTIFY (12)
057, Adding, 4, UNIT_BUILDER (5242907), UNITOPERATION_MOVE_TO (19)
057, Adding, 4, UNIT_BUILDER (5242907), UNITOPERATION_BUILD_IMPROVEMENT (2)
057, Adding, 0, UNIT_GREAT_GENERAL (1310729), UNITOPERATION_SKIP_TURN (36)
057, Adding, 0, UNIT_GREAT_GENERAL (1114123), UNITOPERATION_SKIP_TURN (36)
057, Adding, 4, UNIT_GREAT_GENERAL (5505055), UNITOPERATION_MOVE_TO (19)
057, Adding, 0, UNIT_KNIGHT (3014669), UNITOPERATION_FORTIFY (12)
057, Adding, 4, UNIT_BUILDER (4718595), UNITOPERATION_BUILD_IMPROVEMENT (2)
057, Adding, 0, UNIT_BUILDER (2424851), UNITOPERATION_BUILD_IMPROVEMENT (2)
057, Adding, 2, UNIT_INDIAN_VARU (1507331), UNITOPERATION_MOVE_TO (19)
057, Adding, 4, UNIT_BUILDER (5111818), UNITOPERATION_MOVE_TO (19)
057, Adding, 2, UNIT_MISSIONARY (2293774), UNITOPERATION_SPREAD_RELIGION (38)
057, Adding, 2, UNIT_SCOUT (262146), UNITOPERATION_MOVE_TO (19)
057, Adding, 0, UNIT_SCOUT (524294), UNITOPERATION_FORTIFY (12)
057, Adding, 1, UNIT_BUILDER (3670027), UNITOPERATION_MOVE_TO (19)
057, Adding, 1, UNIT_BUILDER (3407896), UNITOPERATION_MOVE_TO (19)
057, Adding, 1, UNIT_BUILDER (3407896), UNITOPERATION_BUILD_IMPROVEMENT (2)
057, Adding, 1, UNIT_BUILDER (3407896), UNITOPERATION_MOVE_TO (19)
058, Adding, 5, UNIT_MAN_AT_ARMS (4325415), UNITOPERATION_MOVE_TO (19)
058, Adding, 5, UNIT_CROSSBOWMAN (3801101), UNITOPERATION_MOVE_TO (19)
058, Adding, 5, UNIT_SETTLER (3997731), UNITOPERATION_MOVE_TO (19)
058, Adding, 5, UNIT_SCOUT (262147), UNITOPERATION_SWAP_UNITS (49)
058, Can't Start, 5, UNIT_SCOUT (262147), UNITOPERATION_SWAP_UNITS (49)
058, Adding, 5, UNIT_SCOUT (262147), UNITOPERATION_MOVE_TO (19)
058, Adding, 5, UNIT_MACEDONIAN_HETAIROI (2097163), UNITOPERATION_SWAP_UNITS (49)
058, Can't Start, 5, UNIT_MACEDONIAN_HETAIROI (2097163), UNITOPERATION_SWAP_UNITS (49)
058, Adding, 5, UNIT_MACEDONIAN_HETAIROI (2097163), UNITOPERATION_MOVE_TO (19)
058, Adding, 5, UNIT_GREAT_SCIENTIST (3932176), UNITOPERATION_MOVE_TO (19)
058, Can't Start, 5, UNIT_GREAT_SCIENTIST (3932176), UNITOPERATION_MOVE_TO (19)
058, Adding, 5, UNIT_GREAT_ENGINEER (7208984), UNITOPERATION_MOVE_TO (19)
058, Adding, 5, UNIT_KNIGHT (7012392), UNITOPERATION_SWAP_UNITS (49)
058, Can't Start, 5, UNIT_KNIGHT (7012392), UNITOPERATION_SWAP_UNITS (49)
058, Adding, 5, UNIT_KNIGHT (7012392), UNITOPERATION_MOVE_TO (19)
058, Adding, 5, UNIT_KNIGHT (6160396), UNITOPERATION_SWAP_UNITS (49)
058, Can't Start, 5, UNIT_KNIGHT (6160396), UNITOPERATION_SWAP_UNITS (49)
058, Adding, 5, UNIT_KNIGHT (6160396), UNITOPERATION_MOVE_TO (19)
058, Adding, 5, UNIT_SKIRMISHER (3407892), UNITOPERATION_RANGE_ATTACK (26)
058, Adding, 5, UNIT_SKIRMISHER (3407892), UNITOPERATION_MOVE_TO (19)
058, Adding, 5, UNIT_KNIGHT (5439529), UNITOPERATION_MOVE_TO (19)
058, Adding, 5, UNIT_SKIRMISHER (3211278), UNITOPERATION_SWAP_UNITS (49)
058, Can't Start, 5, UNIT_SKIRMISHER (3211278), UNITOPERATION_SWAP_UNITS (49)
058, Adding, 5, UNIT_SKIRMISHER (3211278), UNITOPERATION_MOVE_TO (19)
058, Adding, 5, UNIT_VAMPIRE (5242906), UNITOPERATION_FORTIFY (12)
058, Can't Start, 5, UNIT_VAMPIRE (5242906), UNITOPERATION_FORTIFY (12)
058, Adding, 5, UNIT_MUSKETMAN (6881282), UNITOPERATION_MOVE_TO (19)
058, Adding, 5, UNIT_MUSKETMAN (5701636), UNITOPERATION_MOVE_TO (19)
058, Adding, 5, UNIT_VAMPIRE (655367), UNITOPERATION_MOVE_TO (19)
058, Can't Start, 5, UNIT_VAMPIRE (655367), UNITOPERATION_MOVE_TO (19)
058, Adding, 5, UNIT_MUSKETMAN (6225928), UNITOPERATION_MOVE_TO (19)
058, Adding, 5, UNIT_MUSKETMAN (5636105), UNITOPERATION_MOVE_TO (19)
058, Adding, 5, UNIT_MUSKETMAN (5570575), UNITOPERATION_MOVE_TO (19)
058, Adding, 5, UNIT_PIKE_AND_SHOT (6750231), UNITOPERATION_MOVE_TO (19)
058, Adding, 5, UNIT_MUSKETMAN (7274521), UNITOPERATION_MOVE_TO (19)
058, Adding, 5, UNIT_KNIGHT (6029339), UNITOPERATION_MOVE_TO (19)
058, Adding, 5, UNIT_MUSKETMAN (5505053), UNITOPERATION_MOVE_TO (19)
058, Adding, 5, UNIT_MUSKETMAN (7077925), UNITOPERATION_MOVE_TO (19)
058, Adding, 5, UNIT_PIKE_AND_SHOT (6684718), UNITOPERATION_MOVE_TO (19)
058, Adding, 5, UNIT_MUSKETMAN (6094902), UNITOPERATION_MOVE_TO (19)
058, Adding, 5, UNIT_KNIGHT (6488119), UNITOPERATION_MOVE_TO (19)
058, Adding, 5, UNIT_CROSSBOWMAN (4849685), UNITOPERATION_MOVE_TO (19)
058, Adding, 5, UNIT_CROSSBOWMAN (3735585), UNITOPERATION_MOVE_TO (19)
058, Adding, 5, UNIT_CROSSBOWMAN (4063268), UNITOPERATION_MOVE_TO (19)
058, Adding, 5, UNIT_KNIGHT (5308465), UNITOPERATION_MOVE_TO (19)
058, Adding, 5, UNIT_COURSER (5767219), UNITOPERATION_MOVE_TO (19)
058, Adding, 5, UNIT_KNIGHT (6619188), UNITOPERATION_MOVE_TO (19)
058, Adding, 5, UNIT_KNIGHT (6946873), UNITOPERATION_MOVE_TO (19)
058, Adding, 5, UNIT_MISSIONARY (5898293), UNITOPERATION_MOVE_TO (19)
058, Adding, 5, UNIT_MISSIONARY (2621441), UNITOPERATION_MOVE_TO (19)
058, Adding, 5, UNIT_MISSIONARY (6291461), UNITOPERATION_MOVE_TO (19)
058, Adding, 5, UNIT_MISSIONARY (3276806), UNITOPERATION_MOVE_TO (19)
058, Adding, 5, UNIT_MISSIONARY (6815754), UNITOPERATION_MOVE_TO (19)
058, Adding, 5, UNIT_MISSIONARY (2424850), UNITOPERATION_MOVE_TO (19)
058, Adding, 5, UNIT_MISSIONARY (3670035), UNITOPERATION_MOVE_TO (19)
058, Adding, 5, UNIT_MISSIONARY (3080222), UNITOPERATION_MOVE_TO (19)
058, Adding, 5, UNIT_MISSIONARY (4259878), UNITOPERATION_MOVE_TO (19)
058, Adding, 5, UNIT_MISSIONARY (4653098), UNITOPERATION_MOVE_TO (19)
058, Adding, 5, UNIT_MISSIONARY (7143467), UNITOPERATION_MOVE_TO (19)
058, Adding, 5, UNIT_MISSIONARY (5177392), UNITOPERATION_MOVE_TO (19)
058, Adding, 5, UNIT_MISSIONARY (5374002), UNITOPERATION_MOVE_TO (19)
058, Adding, 5, UNIT_BUILDER (1835030), UNITOPERATION_MOVE_TO (19)
058, Adding, 5, UNIT_BUILDER (1835030), UNITOPERATION_MOVE_TO (19)
058, Adding, 5, UNIT_BUILDER (1835030), UNITOPERATION_MOVE_TO (19)
058, Adding, 5, UNIT_BUILDER (1835030), UNITOPERATION_MOVE_TO (19)
058, Adding, 5, UNIT_SKIRMISHER (3145759), UNITOPERATION_MOVE_TO (19)
058, Adding, 5, UNIT_SKIRMISHER (6553656), UNITOPERATION_MOVE_TO (19)
058, Adding, 5, UNIT_BUILDER (2752540), UNITOPERATION_SKIP_TURN (36)
058, Adding, 5, UNIT_BUILDER (3473440), UNITOPERATION_SKIP_TURN (36)
058, Adding, 5, UNIT_BUILDER (4915244), UNITOPERATION_SKIP_TURN (36)
058, Adding, 5, UNIT_MILITARY_ENGINEER (5963823), UNITOPERATION_SKIP_TURN (36)
058, Adding, 5, UNIT_SKIRMISHER (6553656), UNITOPERATION_SKIP_TURN (36)
058, Adding, 6, UNIT_CROSSBOWMAN (4784149), UNITOPERATION_MOVE_TO (19)
058, Adding, 6, UNIT_SETTLER (6029360), UNITOPERATION_MOVE_TO (19)
058, Can't Start, 6, UNIT_SETTLER (6029360), UNITOPERATION_MOVE_TO (19)
058, Adding, 6, UNIT_CATAPULT (2490396), UNITOPERATION_MOVE_TO (19)
058, Can't Start, 6, UNIT_CATAPULT (2490396), UNITOPERATION_MOVE_TO (19)
058, Adding, 6, UNIT_SETTLER (6029360), UNITOPERATION_MOVE_TO (19)
058, Adding, 6, UNIT_CATAPULT (2490396), UNITOPERATION_MOVE_TO (19)
058, Adding, 6, UNIT_CROSSBOWMAN (4784149), UNITOPERATION_MOVE_TO (19)
058, Adding, 6, UNIT_BUILDER (9175079), UNITOPERATION_SWAP_UNITS (49)
058, Can't Start, 6, UNIT_BUILDER (9175079), UNITOPERATION_SWAP_UNITS (49)
058, Adding, 6, UNIT_BUILDER (9175079), UNITOPERATION_MOVE_TO (19)
058, Adding, 6, UNIT_BUILDER (7733308), UNITOPERATION_SWAP_UNITS (49)
058, Can't Start, 6, UNIT_BUILDER (7733308), UNITOPERATION_SWAP_UNITS (49)
058, Adding, 6, UNIT_BUILDER (7733308), UNITOPERATION_MOVE_TO (19)
058, Adding, 6, UNIT_BUILDER (7733308), UNITOPERATION_BUILD_IMPROVEMENT (2)
058, Adding, 6, UNIT_BUILDER (7536701), UNITOPERATION_SWAP_UNITS (49)
058, Can't Start, 6, UNIT_BUILDER (7536701), UNITOPERATION_SWAP_UNITS (49)
058, Adding, 6, UNIT_BUILDER (7536701), UNITOPERATION_MOVE_TO (19)
058, Adding, 6, UNIT_BUILDER (7536701), UNITOPERATION_BUILD_IMPROVEMENT (2)
058, Adding, 6, UNIT_BUILDER (8126498), UNITOPERATION_SWAP_UNITS (49)
058, Can't Start, 6, UNIT_BUILDER (8126498), UNITOPERATION_SWAP_UNITS (49)
058, Adding, 6, UNIT_BUILDER (8126498), UNITOPERATION_MOVE_TO (19)
058, Adding, 6, UNIT_BUILDER (8126498), UNITOPERATION_BUILD_IMPROVEMENT (2)
058, Adding, 6, UNIT_BUILDER (7602238), UNITOPERATION_SWAP_UNITS (49)
058, Can't Start, 6, UNIT_BUILDER (7602238), UNITOPERATION_SWAP_UNITS (49)
058, Adding, 6, UNIT_BUILDER (7602238), UNITOPERATION_MOVE_TO (19)
058, Adding, 6, UNIT_BUILDER (9044025), UNITOPERATION_SWAP_UNITS (49)
058, Can't Start, 6, UNIT_BUILDER (9044025), UNITOPERATION_SWAP_UNITS (49)
058, Adding, 6, UNIT_BUILDER (9044025), UNITOPERATION_MOVE_TO (19)
058, Adding, 6, UNIT_BUILDER (9044025), UNITOPERATION_BUILD_IMPROVEMENT (2)
058, Adding, 6, UNIT_BUILDER (9109550), UNITOPERATION_SWAP_UNITS (49)
058, Can't Start, 6, UNIT_BUILDER (9109550), UNITOPERATION_SWAP_UNITS (49)
058, Adding, 6, UNIT_BUILDER (9109550), UNITOPERATION_MOVE_TO (19)
058, Adding, 6, UNIT_SKIRMISHER (4063245), UNITOPERATION_MOVE_TO (19)
058, Adding, 6, UNIT_CROSSBOWMAN (5832704), UNITOPERATION_MOVE_TO (19)
058, Can't Start, 6, UNIT_CROSSBOWMAN (5832704), UNITOPERATION_MOVE_TO (19)
058, Adding, 6, UNIT_CROSSBOWMAN (6422529), UNITOPERATION_MOVE_TO (19)
058, Adding, 6, UNIT_CROSSBOWMAN (6488071), UNITOPERATION_MOVE_TO (19)
058, Adding, 6, UNIT_CROSSBOWMAN (5505040), UNITOPERATION_MOVE_TO (19)
058, Adding, 6, UNIT_CROSSBOWMAN (6881304), UNITOPERATION_MOVE_TO (19)
058, Adding, 6, UNIT_HEAVY_CHARIOT (2359322), UNITOPERATION_MOVE_TO (19)
058, Adding, 6, UNIT_CROSSBOWMAN (5177382), UNITOPERATION_MOVE_TO (19)
058, Can't Start, 6, UNIT_CROSSBOWMAN (5177382), UNITOPERATION_MOVE_TO (19)
058, Adding, 6, UNIT_CROSSBOWMAN (6291503), UNITOPERATION_MOVE_TO (19)
058, Adding, 6, UNIT_CROSSBOWMAN (8060977), UNITOPERATION_MOVE_TO (19)
058, Adding, 6, UNIT_CROSSBOWMAN (7143482), UNITOPERATION_MOVE_TO (19)
058, Adding, 6, UNIT_MAN_AT_ARMS (8257602), UNITOPERATION_MOVE_TO (19)
058, Adding, 6, UNIT_MAN_AT_ARMS (8323139), UNITOPERATION_MOVE_TO (19)
058, Adding, 6, UNIT_MAN_AT_ARMS (8388676), UNITOPERATION_MOVE_TO (19)
058, Can't Start, 6, UNIT_MAN_AT_ARMS (8388676), UNITOPERATION_MOVE_TO (19)
058, Adding, 6, UNIT_MAN_AT_ARMS (8454213), UNITOPERATION_MOVE_TO (19)
058, Adding, 6, UNIT_MAN_AT_ARMS (8519750), UNITOPERATION_MOVE_TO (19)
058, Adding, 6, UNIT_MAN_AT_ARMS (8585287), UNITOPERATION_MOVE_TO (19)
058, Adding, 6, UNIT_MAN_AT_ARMS (8650824), UNITOPERATION_MOVE_TO (19)
058, Adding, 6, UNIT_MAN_AT_ARMS (8716361), UNITOPERATION_MOVE_TO (19)
058, Adding, 6, UNIT_APOSTLE (5701667), UNITOPERATION_SWAP_UNITS (49)
058, Can't Start, 6, UNIT_APOSTLE (5701667), UNITOPERATION_SWAP_UNITS (49)
058, Adding, 6, UNIT_APOSTLE (5701667), UNITOPERATION_MOVE_TO (19)
058, Adding, 6, UNIT_APOSTLE (5701667), UNITOPERATION_MOVE_TO (19)
058, Adding, 6, UNIT_APOSTLE (5308435), UNITOPERATION_SWAP_UNITS (49)
058, Can't Start, 6, UNIT_APOSTLE (5308435), UNITOPERATION_SWAP_UNITS (49)
058, Adding, 6, UNIT_APOSTLE (5308435), UNITOPERATION_MOVE_TO (19)
058, Adding, 6, UNIT_APOSTLE (6619189), UNITOPERATION_SWAP_UNITS (49)
058, Can't Start, 6, UNIT_APOSTLE (6619189), UNITOPERATION_SWAP_UNITS (49)
058, Adding, 6, UNIT_APOSTLE (6619189), UNITOPERATION_MOVE_TO (19)
058, Adding, 6, UNIT_APOSTLE (6619189), UNITOPERATION_MOVE_TO (19)
058, Adding, 6, UNIT_APOSTLE (7798813), UNITOPERATION_SWAP_UNITS (49)
058, Can't Start, 6, UNIT_APOSTLE (7798813), UNITOPERATION_SWAP_UNITS (49)
058, Adding, 6, UNIT_APOSTLE (7798813), UNITOPERATION_MOVE_TO (19)
058, Adding, 6, UNIT_APOSTLE (7209019), UNITOPERATION_SWAP_UNITS (49)
058, Can't Start, 6, UNIT_APOSTLE (7209019), UNITOPERATION_SWAP_UNITS (49)
058, Adding, 6, UNIT_APOSTLE (7209019), UNITOPERATION_MOVE_TO (19)
058, Adding, 6, UNIT_APOSTLE (6357004), UNITOPERATION_SWAP_UNITS (49)
058, Can't Start, 6, UNIT_APOSTLE (6357004), UNITOPERATION_SWAP_UNITS (49)
058, Adding, 6, UNIT_APOSTLE (6357004), UNITOPERATION_MOVE_TO (19)
058, Adding, 6, UNIT_APOSTLE (7209019), UNITOPERATION_MOVE_TO (19)
058, Adding, 6, UNIT_APOSTLE (6357004), UNITOPERATION_MOVE_TO (19)
058, Adding, 6, UNIT_APOSTLE (5898262), UNITOPERATION_MOVE_TO (19)
058, Adding, 6, UNIT_APOSTLE (5898262), UNITOPERATION_MOVE_TO (19)
058, Can't Start, 6, UNIT_APOSTLE (5898262), UNITOPERATION_MOVE_TO (19)
058, Adding, 6, UNIT_APOSTLE (5898262), UNITOPERATION_MOVE_TO (19)
058, Can't Start, 6, UNIT_APOSTLE (5898262), UNITOPERATION_MOVE_TO (19)
058, Adding, 6, UNIT_APOSTLE (5898262), UNITOPERATION_MOVE_TO (19)
058, Can't Start, 6, UNIT_APOSTLE (5898262), UNITOPERATION_MOVE_TO (19)
058, Adding, 6, UNIT_APOSTLE (7405599), UNITOPERATION_MOVE_TO (19)
058, Adding, 6, UNIT_APOSTLE (6946872), UNITOPERATION_MOVE_TO (19)
058, Adding, 6, UNIT_APOSTLE (6946872), UNITOPERATION_MOVE_TO (19)
058, Can't Start, 6, UNIT_APOSTLE (6946872), UNITOPERATION_MOVE_TO (19)
058, Adding, 6, UNIT_APOSTLE (5898262), UNITOPERATION_MOVE_TO (19)
058, Can't Start, 6, UNIT_APOSTLE (5898262), UNITOPERATION_MOVE_TO (19)
058, Adding, 6, UNIT_APOSTLE (7405599), UNITOPERATION_MOVE_TO (19)
058, Can't Start, 6, UNIT_APOSTLE (7405599), UNITOPERATION_MOVE_TO (19)
058, Adding, 6, UNIT_APOSTLE (6225971), UNITOPERATION_MOVE_TO (19)
058, Adding, 6, UNIT_APOSTLE (6946872), UNITOPERATION_MOVE_TO (19)
058, Can't Start, 6, UNIT_APOSTLE (6946872), UNITOPERATION_MOVE_TO (19)
058, Adding, 6, UNIT_APOSTLE (7405599), UNITOPERATION_MOVE_TO (19)
058, Can't Start, 6, UNIT_APOSTLE (7405599), UNITOPERATION_MOVE_TO (19)
058, Adding, 6, UNIT_APOSTLE (6225971), UNITOPERATION_MOVE_TO (19)
058, Can't Start, 6, UNIT_APOSTLE (6225971), UNITOPERATION_MOVE_TO (19)
058, Adding, 6, UNIT_APOSTLE (6946872), UNITOPERATION_MOVE_TO (19)
058, Can't Start, 6, UNIT_APOSTLE (6946872), UNITOPERATION_MOVE_TO (19)
058, Adding, 6, UNIT_APOSTLE (5111851), UNITOPERATION_MOVE_TO (19)
058, Adding, 6, UNIT_APOSTLE (5570605), UNITOPERATION_MOVE_TO (19)
058, Adding, 6, UNIT_APOSTLE (7995442), UNITOPERATION_MOVE_TO (19)
058, Adding, 6, UNIT_APOSTLE (5111851), UNITOPERATION_MOVE_TO (19)
058, Can't Start, 6, UNIT_APOSTLE (5111851), UNITOPERATION_MOVE_TO (19)
058, Adding, 6, UNIT_APOSTLE (5570605), UNITOPERATION_MOVE_TO (19)
058, Can't Start, 6, UNIT_APOSTLE (5570605), UNITOPERATION_MOVE_TO (19)
058, Adding, 6, UNIT_APOSTLE (7995442), UNITOPERATION_MOVE_TO (19)
058, Can't Start, 6, UNIT_APOSTLE (7995442), UNITOPERATION_MOVE_TO (19)
058, Adding, 6, UNIT_APOSTLE (5111851), UNITOPERATION_MOVE_TO (19)
058, Can't Start, 6, UNIT_APOSTLE (5111851), UNITOPERATION_MOVE_TO (19)
058, Adding, 6, UNIT_TAOIST (7077891), UNITOPERATION_MOVE_TO (19)
058, Adding, 6, UNIT_MISSIONARY (3735557), UNITOPERATION_MOVE_TO (19)
058, Adding, 6, UNIT_TAOIST (786440), UNITOPERATION_MOVE_TO (19)
058, Adding, 6, UNIT_APOSTLE (6357004), UNITOPERATION_MOVE_TO (19)
058, Adding, 6, UNIT_APOSTLE (5308435), UNITOPERATION_MOVE_TO (19)
058, Adding, 6, UNIT_MISSIONARY (2162711), UNITOPERATION_MOVE_TO (19)
058, Adding, 6, UNIT_MISSIONARY (2293785), UNITOPERATION_MOVE_TO (19)
058, Adding, 6, UNIT_MISSIONARY (2293785), UNITOPERATION_SPREAD_RELIGION (38)
058, Can't Start, 6, UNIT_MISSIONARY (2293785), UNITOPERATION_SPREAD_RELIGION (38)
058, Adding, 6, UNIT_MISSIONARY (2424859), UNITOPERATION_MOVE_TO (19)
058, Adding, 6, UNIT_APOSTLE (7798813), UNITOPERATION_MOVE_TO (19)
058, Adding, 6, UNIT_APOSTLE (5701667), UNITOPERATION_MOVE_TO (19)
058, Adding, 6, UNIT_APOSTLE (6619189), UNITOPERATION_MOVE_TO (19)
058, Adding, 6, UNIT_TAOIST (6684726), UNITOPERATION_MOVE_TO (19)
058, Adding, 6, UNIT_APOSTLE (6750263), UNITOPERATION_MOVE_TO (19)
058, Adding, 6, UNIT_APOSTLE (7209019), UNITOPERATION_MOVE_TO (19)
058, Adding, 6, UNIT_APOSTLE (7667775), UNITOPERATION_MOVE_TO (19)
058, Adding, 6, UNIT_APOSTLE (8192065), UNITOPERATION_MOVE_TO (19)
058, Adding, 6, UNIT_SKIRMISHER (3473440), UNITOPERATION_MOVE_TO (19)
058, Adding, 6, UNIT_SKIRMISHER (3473440), UNITOPERATION_MOVE_TO (19)
058, Adding, 6, UNIT_SKIRMISHER (3407909), UNITOPERATION_MOVE_TO (19)
058, Adding, 6, UNIT_SKIRMISHER (3997738), UNITOPERATION_MOVE_TO (19)
058, Adding, 6, UNIT_SKIRMISHER (3997738), UNITOPERATION_MOVE_TO (19)
058, Adding, 6, UNIT_SKIRMISHER (4194308), UNITOPERATION_MOVE_TO (19)
058, Adding, 6, UNIT_SKIRMISHER (4390927), UNITOPERATION_MOVE_TO (19)
058, Adding, 6, UNIT_SKIRMISHER (4194308), UNITOPERATION_SKIP_TURN (36)
058, Adding, 6, UNIT_SKIRMISHER (4390927), UNITOPERATION_SKIP_TURN (36)
058, Can't Start, 6, UNIT_APOSTLE (5898262), UNITOPERATION_MOVE_TO (19)
058, Can't Start, 6, UNIT_MISSIONARY (2293785), UNITOPERATION_SPREAD_RELIGION (38)
058, Can't Start, 6, UNIT_APOSTLE (7405599), UNITOPERATION_MOVE_TO (19)
058, Can't Start, 6, UNIT_APOSTLE (5111851), UNITOPERATION_MOVE_TO (19)
058, Can't Start, 6, UNIT_APOSTLE (5570605), UNITOPERATION_MOVE_TO (19)
058, Can't Start, 6, UNIT_APOSTLE (7995442), UNITOPERATION_MOVE_TO (19)
058, Can't Start, 6, UNIT_APOSTLE (6225971), UNITOPERATION_MOVE_TO (19)
058, Can't Start, 6, UNIT_APOSTLE (6946872), UNITOPERATION_MOVE_TO (19)
058, Adding, 7, UNIT_SPY (8257590), UNITOPERATION_SPY_GAIN_SOURCES (41)
058, Adding, 7, UNIT_MUSKETMAN (7929864), UNITOPERATION_MOVE_TO (19)
058, Adding, 7, UNIT_KNIGHT (6815769), UNITOPERATION_MOVE_TO (19)
058, Adding, 7, UNIT_SETTLER (7602219), UNITOPERATION_MOVE_TO (19)
058, Adding, 7, UNIT_WARRIOR (1048588), UNITOPERATION_SWAP_UNITS (49)
058, Can't Start, 7, UNIT_WARRIOR (1048588), UNITOPERATION_SWAP_UNITS (49)
058, Adding, 7, UNIT_WARRIOR (1048588), UNITOPERATION_MOVE_TO (19)
058, Adding, 7, UNIT_SWORDSMAN (2621472), UNITOPERATION_SWAP_UNITS (49)
058, Can't Start, 7, UNIT_SWORDSMAN (2621472), UNITOPERATION_SWAP_UNITS (49)
058, Adding, 7, UNIT_SWORDSMAN (2621472), UNITOPERATION_MOVE_TO (19)
058, Adding, 7, UNIT_SWORDSMAN (2687009), UNITOPERATION_SWAP_UNITS (49)
058, Can't Start, 7, UNIT_SWORDSMAN (2687009), UNITOPERATION_SWAP_UNITS (49)
058, Adding, 7, UNIT_SWORDSMAN (2687009), UNITOPERATION_MOVE_TO (19)
058, Adding, 7, UNIT_SWORDSMAN (3473444), UNITOPERATION_SWAP_UNITS (49)
058, Can't Start, 7, UNIT_SWORDSMAN (3473444), UNITOPERATION_SWAP_UNITS (49)
058, Adding, 7, UNIT_SWORDSMAN (3473444), UNITOPERATION_MOVE_TO (19)
058, Adding, 7, UNIT_MAN_AT_ARMS (5701651), UNITOPERATION_MOVE_TO (19)
058, Adding, 7, UNIT_SKIRMISHER (4522025), UNITOPERATION_MOVE_TO (19)
058, Adding, 7, UNIT_SKIRMISHER (4522025), UNITOPERATION_MOVE_TO (19)
058, Adding, 7, UNIT_MAN_AT_ARMS (5439515), UNITOPERATION_MOVE_TO (19)
058, Adding, 7, UNIT_CROSSBOWMAN (5308455), UNITOPERATION_MOVE_TO (19)
058, Adding, 7, UNIT_MAN_AT_ARMS (5767175), UNITOPERATION_MOVE_TO (19)
058, Adding, 7, UNIT_TREBUCHET (6225966), UNITOPERATION_MOVE_TO (19)
058, Adding, 7, UNIT_MAN_AT_ARMS (5505038), UNITOPERATION_MOVE_TO (19)
058, Adding, 7, UNIT_BUILDER (6488113), UNITOPERATION_SWAP_UNITS (49)
058, Can't Start, 7, UNIT_BUILDER (6488113), UNITOPERATION_SWAP_UNITS (49)
058, Adding, 7, UNIT_BUILDER (6488113), UNITOPERATION_MOVE_TO (19)
058, Adding, 7, UNIT_BUILDER (6619187), UNITOPERATION_SWAP_UNITS (49)
058, Can't Start, 7, UNIT_BUILDER (6619187), UNITOPERATION_SWAP_UNITS (49)
058, Adding, 7, UNIT_BUILDER (6619187), UNITOPERATION_MOVE_TO (19)
058, Adding, 7, UNIT_BUILDER (6619187), UNITOPERATION_HARVEST_RESOURCE (16)
058, Adding, 7, UNIT_BUILDER (6619187), UNITOPERATION_BUILD_IMPROVEMENT (2)
058, Can't Start, 7, UNIT_BUILDER (6619187), UNITOPERATION_BUILD_IMPROVEMENT (2)
058, Adding, 7, UNIT_BUILDER (8323112), UNITOPERATION_SWAP_UNITS (49)
058, Can't Start, 7, UNIT_BUILDER (8323112), UNITOPERATION_SWAP_UNITS (49)
058, Adding, 7, UNIT_BUILDER (8323112), UNITOPERATION_MOVE_TO (19)
058, Adding, 7, UNIT_BUILDER (8323112), UNITOPERATION_REMOVE_FEATURE (28)
058, Adding, 7, UNIT_BUILDER (8323112), UNITOPERATION_BUILD_IMPROVEMENT (2)
058, Can't Start, 7, UNIT_BUILDER (8323112), UNITOPERATION_BUILD_IMPROVEMENT (2)
058, Adding, 7, UNIT_MUSKETMAN (6881285), UNITOPERATION_MOVE_TO (19)
058, Adding, 7, UNIT_MUSKETMAN (7864333), UNITOPERATION_MOVE_TO (19)
058, Adding, 7, UNIT_MUSKETMAN (7340058), UNITOPERATION_MOVE_TO (19)
058, Adding, 7, UNIT_KNIGHT (6684710), UNITOPERATION_MOVE_TO (19)
058, Adding, 7, UNIT_MAN_AT_ARMS (5242925), UNITOPERATION_MOVE_TO (19)
058, Adding, 7, UNIT_BOMBARD (8126511), UNITOPERATION_MOVE_TO (19)
058, Adding, 7, UNIT_MUSKETMAN (7012405), UNITOPERATION_MOVE_TO (19)
058, Adding, 7, UNIT_MUSKETMAN (7143479), UNITOPERATION_MOVE_TO (19)
058, Adding, 7, UNIT_SKIRMISHER (3735570), UNITOPERATION_MOVE_TO (19)
058, Adding, 7, UNIT_SKIRMISHER (3735570), UNITOPERATION_MOVE_TO (19)
058, Adding, 7, UNIT_SKIRMISHER (3735570), UNITOPERATION_MOVE_TO (19)
058, Adding, 7, UNIT_TAOIST (851968), UNITOPERATION_MOVE_TO (19)
058, Adding, 7, UNIT_TAOIST (851968), UNITOPERATION_MOVE_TO (19)
058, Adding, 7, UNIT_SKIRMISHER (7733249), UNITOPERATION_MOVE_TO (19)
058, Adding, 7, UNIT_TAOIST (7471113), UNITOPERATION_MOVE_TO (19)
058, Adding, 7, UNIT_SKIRMISHER (6029329), UNITOPERATION_MOVE_TO (19)
058, Adding, 7, UNIT_SKIRMISHER (3670036), UNITOPERATION_MOVE_TO (19)
058, Adding, 7, UNIT_SKIRMISHER (3932181), UNITOPERATION_MOVE_TO (19)
058, Adding, 7, UNIT_SKIRMISHER (4849692), UNITOPERATION_MOVE_TO (19)
058, Adding, 7, UNIT_SKIRMISHER (3538973), UNITOPERATION_MOVE_TO (19)
058, Adding, 7, UNIT_SKIRMISHER (8192030), UNITOPERATION_MOVE_TO (19)
058, Adding, 7, UNIT_SKIRMISHER (3407907), UNITOPERATION_MOVE_TO (19)
058, Adding, 7, UNIT_SKIRMISHER (4587562), UNITOPERATION_MOVE_TO (19)
058, Adding, 7, UNIT_TAOIST (8060978), UNITOPERATION_MOVE_TO (19)
058, Adding, 7, UNIT_SKIRMISHER (7733249), UNITOPERATION_SKIP_TURN (36)
058, Adding, 7, UNIT_TAOIST (7471113), UNITOPERATION_SKIP_TURN (36)
058, Adding, 7, UNIT_SKIRMISHER (6029329), UNITOPERATION_SKIP_TURN (36)
058, Adding, 7, UNIT_SKIRMISHER (3670036), UNITOPERATION_SKIP_TURN (36)
058, Adding, 7, UNIT_SKIRMISHER (3932181), UNITOPERATION_SKIP_TURN (36)
058, Adding, 7, UNIT_SKIRMISHER (4849692), UNITOPERATION_SKIP_TURN (36)
058, Adding, 7, UNIT_SKIRMISHER (3538973), UNITOPERATION_SKIP_TURN (36)
058, Adding, 7, UNIT_SKIRMISHER (8192030), UNITOPERATION_SKIP_TURN (36)
058, Adding, 7, UNIT_SKIRMISHER (3407907), UNITOPERATION_SKIP_TURN (36)
058, Adding, 7, UNIT_SKIRMISHER (4587562), UNITOPERATION_SKIP_TURN (36)
058, Adding, 7, UNIT_TAOIST (8060978), UNITOPERATION_SKIP_TURN (36)
058, Can't Start, 7, UNIT_BUILDER (8323112), UNITOPERATION_BUILD_IMPROVEMENT (2)
058, Can't Start, 7, UNIT_BUILDER (6619187), UNITOPERATION_BUILD_IMPROVEMENT (2)
058, Adding, 8, UNIT_TRADER (1048588), UNITOPERATION_MAKE_TRADE_ROUTE (18)
058, Can't Start, 8, UNIT_TRADER (1048588), UNITOPERATION_MAKE_TRADE_ROUTE (18)
058, Adding, 8, UNIT_MUSKETMAN (8978505), UNITOPERATION_MOVE_TO (19)
058, Adding, 8, UNIT_SETTLER (9699343), UNITOPERATION_MOVE_TO (19)
058, Adding, 8, UNIT_SPY (11403352), UNITOPERATION_SPY_TRAVEL_NEW_CITY (48)
058, Adding, 8, UNIT_MILITARY_ENGINEER (9240643), UNITOPERATION_SWAP_UNITS (49)
058, Can't Start, 8, UNIT_MILITARY_ENGINEER (9240643), UNITOPERATION_SWAP_UNITS (49)
058, Adding, 8, UNIT_MILITARY_ENGINEER (9240643), UNITOPERATION_MOVE_TO (19)
058, Adding, 8, UNIT_MILITARY_ENGINEER (9240643), UNITOPERATION_REMOVE_FEATURE (28)
058, Adding, 8, UNIT_MILITARY_ENGINEER (9240643), UNITOPERATION_BUILD_IMPROVEMENT (2)
058, Can't Start, 8, UNIT_MILITARY_ENGINEER (9240643), UNITOPERATION_BUILD_IMPROVEMENT (2)
058, Adding, 8, UNIT_MILITARY_ENGINEER (7995435), UNITOPERATION_SWAP_UNITS (49)
058, Can't Start, 8, UNIT_MILITARY_ENGINEER (7995435), UNITOPERATION_SWAP_UNITS (49)
058, Adding, 8, UNIT_MILITARY_ENGINEER (7995435), UNITOPERATION_MOVE_TO (19)
058, Adding, 8, UNIT_MILITARY_ENGINEER (7995435), UNITOPERATION_REMOVE_FEATURE (28)
058, Adding, 8, UNIT_BUILDER (8716357), UNITOPERATION_SWAP_UNITS (49)
058, Can't Start, 8, UNIT_BUILDER (8716357), UNITOPERATION_SWAP_UNITS (49)
058, Adding, 8, UNIT_BUILDER (8716357), UNITOPERATION_MOVE_TO (19)
058, Adding, 8, UNIT_BUILDER (8716357), UNITOPERATION_REMOVE_FEATURE (28)
058, Adding, 8, UNIT_BUILDER (10813499), UNITOPERATION_SWAP_UNITS (49)
058, Can't Start, 8, UNIT_BUILDER (10813499), UNITOPERATION_SWAP_UNITS (49)
058, Adding, 8, UNIT_BUILDER (10813499), UNITOPERATION_MOVE_TO (19)
058, Adding, 8, UNIT_BUILDER (10813499), UNITOPERATION_REMOVE_FEATURE (28)
058, Adding, 8, UNIT_BUILDER (10813499), UNITOPERATION_BUILD_IMPROVEMENT (2)
058, Can't Start, 8, UNIT_BUILDER (10813499), UNITOPERATION_BUILD_IMPROVEMENT (2)
058, Adding, 8, UNIT_BUILDER (10879022), UNITOPERATION_SWAP_UNITS (49)
058, Can't Start, 8, UNIT_BUILDER (10879022), UNITOPERATION_SWAP_UNITS (49)
058, Adding, 8, UNIT_BUILDER (10879022), UNITOPERATION_MOVE_TO (19)
058, Adding, 8, UNIT_BUILDER (10879022), UNITOPERATION_BUILD_IMPROVEMENT (2)
058, Adding, 8, UNIT_BUILDER (9961482), UNITOPERATION_SWAP_UNITS (49)
058, Can't Start, 8, UNIT_BUILDER (9961482), UNITOPERATION_SWAP_UNITS (49)
058, Adding, 8, UNIT_BUILDER (9961482), UNITOPERATION_MOVE_TO (19)
058, Adding, 8, UNIT_BUILDER (9961482), UNITOPERATION_BUILD_IMPROVEMENT (2)
058, Adding, 8, UNIT_BUILDER (9568264), UNITOPERATION_SWAP_UNITS (49)
058, Can't Start, 8, UNIT_BUILDER (9568264), UNITOPERATION_SWAP_UNITS (49)
058, Adding, 8, UNIT_BUILDER (9568264), UNITOPERATION_MOVE_TO (19)
058, Adding, 8, UNIT_BUILDER (9568264), UNITOPERATION_BUILD_IMPROVEMENT (2)
058, Adding, 8, UNIT_GREAT_GENERAL (11075668), UNITOPERATION_MOVE_TO (19)
058, Can't Start, 8, UNIT_GREAT_GENERAL (11075668), UNITOPERATION_MOVE_TO (19)
058, Adding, 8, UNIT_SKIRMISHER (5505075), UNITOPERATION_MOVE_TO (19)
058, Adding, 8, UNIT_SKIRMISHER (4128809), UNITOPERATION_MOVE_TO (19)
058, Adding, 8, UNIT_MUSKETMAN (10944526), UNITOPERATION_MOVE_TO (19)
058, Adding, 8, UNIT_COURSER (10682384), UNITOPERATION_MOVE_TO (19)
058, Adding, 8, UNIT_KNIGHT (8454163), UNITOPERATION_MOVE_TO (19)
058, Adding, 8, UNIT_MUSKETMAN (9633822), UNITOPERATION_MOVE_TO (19)
058, Adding, 8, UNIT_MUSKETMAN (9437219), UNITOPERATION_MOVE_TO (19)
058, Can't Start, 8, UNIT_MUSKETMAN (9437219), UNITOPERATION_MOVE_TO (19)
058, Adding, 8, UNIT_MUSKETMAN (9895981), UNITOPERATION_MOVE_TO (19)
058, Adding, 8, UNIT_MUSKETMAN (9306161), UNITOPERATION_MOVE_TO (19)
058, Can't Start, 8, UNIT_MUSKETMAN (9306161), UNITOPERATION_MOVE_TO (19)
058, Adding, 8, UNIT_MUSKETMAN (9175090), UNITOPERATION_MOVE_TO (19)
058, Adding, 8, UNIT_MUSKETMAN (9109556), UNITOPERATION_MOVE_TO (19)
058, Adding, 8, UNIT_KNIGHT (8257600), UNITOPERATION_MOVE_TO (19)
058, Adding, 8, UNIT_MUSKETMAN (8781894), UNITOPERATION_MOVE_TO (19)
058, Can't Start, 8, UNIT_MUSKETMAN (8781894), UNITOPERATION_MOVE_TO (19)
058, Adding, 8, UNIT_MUSKETMAN (8847431), UNITOPERATION_MOVE_TO (19)
058, Adding, 8, UNIT_MUSKETMAN (8912968), UNITOPERATION_MOVE_TO (19)
058, Adding, 8, UNIT_MUSKETMAN (11141194), UNITOPERATION_MOVE_TO (19)
058, Adding, 8, UNIT_MUSKETMAN (10027084), UNITOPERATION_MOVE_TO (19)
058, Can't Start, 8, UNIT_MUSKETMAN (10027084), UNITOPERATION_MOVE_TO (19)
058, Adding, 8, UNIT_MUSKETMAN (10223695), UNITOPERATION_MOVE_TO (19)
058, Adding, 8, UNIT_PIKE_AND_SHOT (10747986), UNITOPERATION_MOVE_TO (19)
058, Adding, 8, UNIT_MUSKETMAN (11272278), UNITOPERATION_MOVE_TO (19)
058, Can't Start, 8, UNIT_MUSKETMAN (11272278), UNITOPERATION_MOVE_TO (19)
058, Adding, 8, UNIT_MUSKETMAN (11468889), UNITOPERATION_MOVE_TO (19)
058, Adding, 8, UNIT_MUSKETMAN (11534426), UNITOPERATION_MOVE_TO (19)
058, Adding, 8, UNIT_MUSKETMAN (11599963), UNITOPERATION_MOVE_TO (19)
058, Adding, 8, UNIT_VIETNAMESE_VOI_CHIEN (7208961), UNITOPERATION_MOVE_TO (19)
058, Adding, 8, UNIT_VIETNAMESE_VOI_CHIEN (5439490), UNITOPERATION_MOVE_TO (19)
058, Adding, 8, UNIT_VIETNAMESE_VOI_CHIEN (5832707), UNITOPERATION_MOVE_TO (19)
058, Adding, 8, UNIT_VIETNAMESE_VOI_CHIEN (7864324), UNITOPERATION_MOVE_TO (19)
058, Adding, 8, UNIT_VIETNAMESE_VOI_CHIEN (7143429), UNITOPERATION_MOVE_TO (19)
058, Adding, 8, UNIT_VIETNAMESE_VOI_CHIEN (7405574), UNITOPERATION_MOVE_TO (19)
058, Adding, 8, UNIT_VIETNAMESE_VOI_CHIEN (6946823), UNITOPERATION_MOVE_TO (19)
058, Adding, 8, UNIT_VIETNAMESE_VOI_CHIEN (5111825), UNITOPERATION_MOVE_TO (19)
058, Adding, 8, UNIT_VIETNAMESE_VOI_CHIEN (5373972), UNITOPERATION_MOVE_TO (19)
058, Adding, 8, UNIT_VIETNAMESE_VOI_CHIEN (6357013), UNITOPERATION_MOVE_TO (19)
058, Adding, 8, UNIT_VIETNAMESE_VOI_CHIEN (7340054), UNITOPERATION_MOVE_TO (19)
058, Adding, 8, UNIT_VIETNAMESE_VOI_CHIEN (6029335), UNITOPERATION_MOVE_TO (19)
058, Adding, 8, UNIT_VIETNAMESE_VOI_CHIEN (7667738), UNITOPERATION_MOVE_TO (19)
058, Adding, 8, UNIT_VIETNAMESE_VOI_CHIEN (5767195), UNITOPERATION_MOVE_TO (19)
058, Adding, 8, UNIT_VIETNAMESE_VOI_CHIEN (5046300), UNITOPERATION_MOVE_TO (19)
058, Adding, 8, UNIT_VIETNAMESE_VOI_CHIEN (7602205), UNITOPERATION_MOVE_TO (19)
058, Adding, 8, UNIT_VIETNAMESE_VOI_CHIEN (8060959), UNITOPERATION_MOVE_TO (19)
058, Adding, 8, UNIT_VIETNAMESE_VOI_CHIEN (7798816), UNITOPERATION_MOVE_TO (19)
058, Adding, 8, UNIT_VIETNAMESE_VOI_CHIEN (6881313), UNITOPERATION_MOVE_TO (19)
058, Adding, 8, UNIT_VIETNAMESE_VOI_CHIEN (7077922), UNITOPERATION_MOVE_TO (19)
058, Adding, 8, UNIT_VIETNAMESE_VOI_CHIEN (5308458), UNITOPERATION_MOVE_TO (19)
058, Adding, 8, UNIT_VIETNAMESE_VOI_CHIEN (5570604), UNITOPERATION_MOVE_TO (19)
058, Adding, 8, UNIT_BOMBARD (10616879), UNITOPERATION_MOVE_TO (19)
058, Adding, 8, UNIT_VIETNAMESE_VOI_CHIEN (8192063), UNITOPERATION_MOVE_TO (19)
058, Adding, 8, UNIT_VIETNAMESE_VOI_CHIEN (10485835), UNITOPERATION_MOVE_TO (19)
058, Adding, 8, UNIT_VIETNAMESE_VOI_CHIEN (10092621), UNITOPERATION_MOVE_TO (19)
058, Adding, 8, UNIT_COURSER (10289232), UNITOPERATION_MOVE_TO (19)
058, Adding, 8, UNIT_COURSER (10354769), UNITOPERATION_MOVE_TO (19)
058, Adding, 8, UNIT_APOSTLE (10158158), UNITOPERATION_MOVE_TO (19)
058, Adding, 8, UNIT_APOSTLE (11010131), UNITOPERATION_MOVE_TO (19)
058, Adding, 8, UNIT_APOSTLE (9371687), UNITOPERATION_MOVE_TO (19)
058, Adding, 8, UNIT_APOSTLE (10551349), UNITOPERATION_MOVE_TO (19)
058, Adding, 8, UNIT_APOSTLE (11010131), UNITOPERATION_MOVE_TO (19)
058, Can't Start, 8, UNIT_APOSTLE (11010131), UNITOPERATION_MOVE_TO (19)
058, Adding, 8, UNIT_APOSTLE (10551349), UNITOPERATION_MOVE_TO (19)
058, Can't Start, 8, UNIT_APOSTLE (10551349), UNITOPERATION_MOVE_TO (19)
058, Adding, 8, UNIT_APOSTLE (8650820), UNITOPERATION_MOVE_TO (19)
058, Adding, 8, UNIT_APOSTLE (10551349), UNITOPERATION_MOVE_TO (19)
058, Can't Start, 8, UNIT_APOSTLE (10551349), UNITOPERATION_MOVE_TO (19)
058, Adding, 8, UNIT_APOSTLE (8650820), UNITOPERATION_MOVE_TO (19)
058, Can't Start, 8, UNIT_APOSTLE (8650820), UNITOPERATION_MOVE_TO (19)
058, Adding, 8, UNIT_APOSTLE (8650820), UNITOPERATION_MOVE_TO (19)
058, Can't Start, 8, UNIT_APOSTLE (8650820), UNITOPERATION_MOVE_TO (19)
058, Adding, 8, UNIT_APOSTLE (8650820), UNITOPERATION_MOVE_TO (19)
058, Can't Start, 8, UNIT_APOSTLE (8650820), UNITOPERATION_MOVE_TO (19)
058, Adding, 8, UNIT_MISSIONARY (7471104), UNITOPERATION_MOVE_TO (19)
058, Adding, 8, UNIT_MISSIONARY (6094857), UNITOPERATION_MOVE_TO (19)
058, Adding, 8, UNIT_MISSIONARY (5177355), UNITOPERATION_MOVE_TO (19)
058, Adding, 8, UNIT_MISSIONARY (3866637), UNITOPERATION_MOVE_TO (19)
058, Adding, 8, UNIT_MISSIONARY (4259864), UNITOPERATION_MOVE_TO (19)
058, Adding, 8, UNIT_MISSIONARY (4849689), UNITOPERATION_MOVE_TO (19)
058, Adding, 8, UNIT_MISSIONARY (4849689), UNITOPERATION_SPREAD_RELIGION (38)
058, Adding, 8, UNIT_MISSIONARY (3670053), UNITOPERATION_SPREAD_RELIGION (38)
058, Adding, 8, UNIT_MISSIONARY (5701670), UNITOPERATION_SPREAD_RELIGION (38)
058, Adding, 8, UNIT_MISSIONARY (4063272), UNITOPERATION_MOVE_TO (19)
058, Adding, 8, UNIT_MISSIONARY (4784176), UNITOPERATION_MOVE_TO (19)
058, Adding, 8, UNIT_MISSIONARY (4784176), UNITOPERATION_SPREAD_RELIGION (38)
058, Can't Start, 8, UNIT_MISSIONARY (4784176), UNITOPERATION_SPREAD_RELIGION (38)
058, Adding, 8, UNIT_MISSIONARY (6488118), UNITOPERATION_MOVE_TO (19)
058, Adding, 8, UNIT_MISSIONARY (6684728), UNITOPERATION_MOVE_TO (19)
058, Adding, 8, UNIT_MISSIONARY (7733309), UNITOPERATION_MOVE_TO (19)
058, Adding, 8, UNIT_MISSIONARY (7929918), UNITOPERATION_MOVE_TO (19)
058, Adding, 8, UNIT_MISSIONARY (8323137), UNITOPERATION_MOVE_TO (19)
058, Adding, 8, UNIT_MISSIONARY (8519746), UNITOPERATION_MOVE_TO (19)
058, Adding, 8, UNIT_APOSTLE (10158158), UNITOPERATION_MOVE_TO (19)
058, Adding, 8, UNIT_BUILDER (9502780), UNITOPERATION_MOVE_TO (19)
058, Adding, 8, UNIT_BUILDER (9502780), UNITOPERATION_MOVE_TO (19)
058, Adding, 8, UNIT_BUILDER (9502780), UNITOPERATION_MOVE_TO (19)
058, Adding, 8, UNIT_MILITARY_ENGINEER (8126482), UNITOPERATION_MOVE_TO (19)
058, Adding, 8, UNIT_MILITARY_ENGINEER (8126482), UNITOPERATION_MOVE_TO (19)
058, Adding, 8, UNIT_SKIRMISHER (6553655), UNITOPERATION_MOVE_TO (19)
058, Adding, 8, UNIT_SKIRMISHER (6750265), UNITOPERATION_MOVE_TO (19)
058, Adding, 8, UNIT_SKIRMISHER (7012410), UNITOPERATION_MOVE_TO (19)
058, Adding, 8, UNIT_MILITARY_ENGINEER (8388644), UNITOPERATION_SKIP_TURN (36)
058, Adding, 8, UNIT_SKIRMISHER (6553655), UNITOPERATION_SKIP_TURN (36)
058, Adding, 8, UNIT_SKIRMISHER (6750265), UNITOPERATION_SKIP_TURN (36)
058, Adding, 8, UNIT_SKIRMISHER (7012410), UNITOPERATION_SKIP_TURN (36)
058, Adding, 8, UNIT_BUILDER (11206741), UNITOPERATION_SKIP_TURN (36)
058, Can't Start, 8, UNIT_TRADER (1048588), UNITOPERATION_MAKE_TRADE_ROUTE (18)
058, Can't Start, 8, UNIT_APOSTLE (10551349), UNITOPERATION_MOVE_TO (19)
058, Can't Start, 8, UNIT_BUILDER (10813499), UNITOPERATION_BUILD_IMPROVEMENT (2)
058, Can't Start, 8, UNIT_MILITARY_ENGINEER (9240643), UNITOPERATION_BUILD_IMPROVEMENT (2)
058, Can't Start, 8, UNIT_APOSTLE (8650820), UNITOPERATION_MOVE_TO (19)
058, Can't Start, 8, UNIT_APOSTLE (11010131), UNITOPERATION_MOVE_TO (19)
058, Adding, 9, UNIT_CROSSBOWMAN (7864328), UNITOPERATION_SWAP_UNITS (49)
058, Can't Start, 9, UNIT_CROSSBOWMAN (7864328), UNITOPERATION_SWAP_UNITS (49)
058, Adding, 9, UNIT_CROSSBOWMAN (7864328), UNITOPERATION_MOVE_TO (19)
058, Adding, 9, UNIT_MUSKETMAN (8978445), UNITOPERATION_SWAP_UNITS (49)
058, Can't Start, 9, UNIT_MUSKETMAN (8978445), UNITOPERATION_SWAP_UNITS (49)
058, Adding, 9, UNIT_MUSKETMAN (9043977), UNITOPERATION_SWAP_UNITS (49)
058, Can't Start, 9, UNIT_MUSKETMAN (9043977), UNITOPERATION_SWAP_UNITS (49)
058, Adding, 9, UNIT_MUSKETMAN (9043977), UNITOPERATION_MOVE_TO (19)
058, Adding, 9, UNIT_COURSER (8257551), UNITOPERATION_SWAP_UNITS (49)
058, Can't Start, 9, UNIT_COURSER (8257551), UNITOPERATION_SWAP_UNITS (49)
058, Adding, 9, UNIT_COURSER (8257551), UNITOPERATION_MOVE_TO (19)
058, Adding, 9, UNIT_CROSSBOWMAN (7864328), UNITOPERATION_RANGE_ATTACK (26)
058, Adding, 9, UNIT_CROSSBOWMAN (7864328), UNITOPERATION_MOVE_TO (19)
058, Adding, 9, UNIT_MUSKETMAN (8978445), UNITOPERATION_MOVE_TO (19)
058, Adding, 9, UNIT_CROSSBOWMAN (5242890), UNITOPERATION_MOVE_TO (19)
058, Adding, 9, UNIT_SETTLER (10420280), UNITOPERATION_MOVE_TO (19)
058, Adding, 9, UNIT_MUSKETMAN (9633826), UNITOPERATION_MOVE_TO (19)
058, Adding, 9, UNIT_BUILDER (9895937), UNITOPERATION_BUILD_IMPROVEMENT (2)
058, Adding, 9, UNIT_BUILDER (9764897), UNITOPERATION_MOVE_TO (19)
058, Adding, 9, UNIT_GREAT_GENERAL (9568258), UNITOPERATION_MOVE_TO (19)
058, Can't Start, 9, UNIT_GREAT_GENERAL (9568258), UNITOPERATION_MOVE_TO (19)
058, Adding, 9, UNIT_MUSKETMAN (10682373), UNITOPERATION_MOVE_TO (19)
058, Adding, 9, UNIT_MUSKETMAN (9240588), UNITOPERATION_MOVE_TO (19)
058, Adding, 9, UNIT_KNIGHT (9830418), UNITOPERATION_MOVE_TO (19)
058, Can't Start, 9, UNIT_KNIGHT (9830418), UNITOPERATION_MOVE_TO (19)
058, Adding, 9, UNIT_MUSKETMAN (8912916), UNITOPERATION_MOVE_TO (19)
058, Can't Start, 9, UNIT_MUSKETMAN (8912916), UNITOPERATION_MOVE_TO (19)
058, Adding, 9, UNIT_CROSSBOWMAN (6946840), UNITOPERATION_MOVE_TO (19)
058, Adding, 9, UNIT_CROSSBOWMAN (5701661), UNITOPERATION_MOVE_TO (19)
058, Adding, 9, UNIT_CROSSBOWMAN (6750246), UNITOPERATION_MOVE_TO (19)
058, Adding, 9, UNIT_CROSSBOWMAN (4718633), UNITOPERATION_MOVE_TO (19)
058, Adding, 9, UNIT_CROSSBOWMAN (5308459), UNITOPERATION_MOVE_TO (19)
058, Adding, 9, UNIT_MUSKETMAN (10551341), UNITOPERATION_MOVE_TO (19)
058, Adding, 9, UNIT_KNIGHT (9306158), UNITOPERATION_MOVE_TO (19)
058, Adding, 9, UNIT_MUSKETMAN (10813490), UNITOPERATION_MOVE_TO (19)
058, Adding, 9, UNIT_MAN_AT_ARMS (6488116), UNITOPERATION_MOVE_TO (19)
058, Adding, 9, UNIT_MAN_AT_ARMS (6553653), UNITOPERATION_MOVE_TO (19)
058, Adding, 9, UNIT_MAN_AT_ARMS (6619190), UNITOPERATION_MOVE_TO (19)
058, Adding, 9, UNIT_MAN_AT_ARMS (7209015), UNITOPERATION_MOVE_TO (19)
058, Adding, 9, UNIT_MUSKETMAN (10027068), UNITOPERATION_MOVE_TO (19)
058, Can't Start, 9, UNIT_MUSKETMAN (10027068), UNITOPERATION_MOVE_TO (19)
058, Adding, 9, UNIT_CROSSBOWMAN (4521995), UNITOPERATION_MOVE_TO (19)
058, Adding, 9, UNIT_CROSSBOWMAN (4653096), UNITOPERATION_MOVE_TO (19)
058, Adding, 9, UNIT_BUILDER (9437201), UNITOPERATION_MOVE_TO (19)
058, Adding, 9, UNIT_MISSIONARY (4390915), UNITOPERATION_MOVE_TO (19)
058, Adding, 9, UNIT_MISSIONARY (9502727), UNITOPERATION_MOVE_TO (19)
058, Adding, 9, UNIT_MISSIONARY (5570574), UNITOPERATION_SPREAD_RELIGION (38)
058, Adding, 9, UNIT_MISSIONARY (7798800), UNITOPERATION_MOVE_TO (19)
058, Adding, 9, UNIT_MISSIONARY (8192019), UNITOPERATION_MOVE_TO (19)
058, Adding, 9, UNIT_MISSIONARY (5177365), UNITOPERATION_MOVE_TO (19)
058, Adding, 9, UNIT_MISSIONARY (5439513), UNITOPERATION_MOVE_TO (19)
058, Adding, 9, UNIT_MISSIONARY (6881306), UNITOPERATION_MOVE_TO (19)
058, Adding, 9, UNIT_MISSIONARY (9175071), UNITOPERATION_MOVE_TO (19)
058, Adding, 9, UNIT_MISSIONARY (4915232), UNITOPERATION_MOVE_TO (19)
058, Adding, 9, UNIT_MISSIONARY (8650787), UNITOPERATION_MOVE_TO (19)
058, Adding, 9, UNIT_MISSIONARY (7274538), UNITOPERATION_MOVE_TO (19)
058, Adding, 9, UNIT_MISSIONARY (5832748), UNITOPERATION_SPREAD_RELIGION (38)
058, Adding, 9, UNIT_MISSIONARY (6225968), UNITOPERATION_MOVE_TO (19)
058, Adding, 9, UNIT_MISSIONARY (8519737), UNITOPERATION_MOVE_TO (19)
058, Adding, 9, UNIT_APOSTLE (9961531), UNITOPERATION_MOVE_TO (19)
058, Adding, 9, UNIT_APOSTLE (10747966), UNITOPERATION_MOVE_TO (19)
058, Adding, 9, UNIT_SKIRMISHER (5046276), UNITOPERATION_MOVE_TO (19)
058, Adding, 9, UNIT_SKIRMISHER (5046276), UNITOPERATION_MOVE_TO (19)
058, Adding, 9, UNIT_SKIRMISHER (5046276), UNITOPERATION_MOVE_TO (19)
058, Adding, 9, UNIT_SKIRMISHER (5046276), UNITOPERATION_MOVE_TO (19)
058, Adding, 9, UNIT_SKIRMISHER (5111830), UNITOPERATION_MOVE_TO (19)
058, Adding, 9, UNIT_SKIRMISHER (5111830), UNITOPERATION_SKIP_TURN (36)
058, Adding, 9, UNIT_MILITARY_ENGINEER (8585255), UNITOPERATION_SKIP_TURN (36)
058, Adding, 9, UNIT_BUILDER (10944561), UNITOPERATION_SKIP_TURN (36)
058, Adding, 9, UNIT_BUILDER (10223677), UNITOPERATION_SKIP_TURN (36)
058, Adding, 10, UNIT_BUILDER (1310729), UNITOPERATION_SWAP_UNITS (49)
058, Can't Start, 10, UNIT_BUILDER (1310729), UNITOPERATION_SWAP_UNITS (49)
058, Adding, 10, UNIT_BUILDER (1310729), UNITOPERATION_MOVE_TO (19)
058, Adding, 10, UNIT_CROSSBOWMAN (983040), UNITOPERATION_SWAP_UNITS (49)
058, Can't Start, 10, UNIT_CROSSBOWMAN (983040), UNITOPERATION_SWAP_UNITS (49)
058, Adding, 10, UNIT_CROSSBOWMAN (983040), UNITOPERATION_MOVE_TO (19)
058, Adding, 10, UNIT_CROSSBOWMAN (1245191), UNITOPERATION_SWAP_UNITS (49)
058, Can't Start, 10, UNIT_CROSSBOWMAN (1245191), UNITOPERATION_SWAP_UNITS (49)
058, Adding, 10, UNIT_CROSSBOWMAN (1245191), UNITOPERATION_MOVE_TO (19)
058, Adding, 10, UNIT_SWORDSMAN (1114120), UNITOPERATION_MOVE_TO (19)
058, Adding, 10, UNIT_SWORDSMAN (786433), UNITOPERATION_MOVE_TO (19)
058, Adding, 10, UNIT_SWORDSMAN (917506), UNITOPERATION_MOVE_TO (19)
058, Adding, 10, UNIT_SWORDSMAN (851971), UNITOPERATION_MOVE_TO (19)
058, Adding, 10, UNIT_CROSSBOWMAN (1179652), UNITOPERATION_MOVE_TO (19)
058, Adding, 10, UNIT_SWORDSMAN (720902), UNITOPERATION_MOVE_TO (19)
058, Adding, 12, UNIT_SWORDSMAN (655361), UNITOPERATION_SWAP_UNITS (49)
058, Can't Start, 12, UNIT_SWORDSMAN (655361), UNITOPERATION_SWAP_UNITS (49)
058, Adding, 12, UNIT_SWORDSMAN (655361), UNITOPERATION_MOVE_TO (19)
058, Adding, 12, UNIT_CROSSBOWMAN (720898), UNITOPERATION_MOVE_TO (19)
058, Adding, 12, UNIT_CROSSBOWMAN (786435), UNITOPERATION_MOVE_TO (19)
058, Adding, 12, UNIT_CROSSBOWMAN (983044), UNITOPERATION_MOVE_TO (19)
058, Adding, 12, UNIT_BUILDER (917504), UNITOPERATION_SKIP_TURN (36)
058, Adding, 13, UNIT_SWORDSMAN (655361), UNITOPERATION_MOVE_TO (19)
058, Adding, 13, UNIT_CATAPULT (720898), UNITOPERATION_MOVE_TO (19)
058, Adding, 13, UNIT_HEAVY_CHARIOT (524292), UNITOPERATION_MOVE_TO (19)
058, Adding, 13, UNIT_SWORDSMAN (589829), UNITOPERATION_MOVE_TO (19)
058, Adding, 13, UNIT_CROSSBOWMAN (851974), UNITOPERATION_MOVE_TO (19)
058, Adding, 13, UNIT_BUILDER (786432), UNITOPERATION_SKIP_TURN (36)
058, Adding, 14, UNIT_CROSSBOWMAN (786434), UNITOPERATION_RANGE_ATTACK (26)
058, Adding, 14, UNIT_CROSSBOWMAN (851973), UNITOPERATION_RANGE_ATTACK (26)
058, Adding, 14, UNIT_CROSSBOWMAN (786434), UNITOPERATION_MOVE_TO (19)
058, Adding, 14, UNIT_CROSSBOWMAN (851973), UNITOPERATION_MOVE_TO (19)
058, Adding, 14, UNIT_BUILDER (720896), UNITOPERATION_SKIP_TURN (36)
058, Adding, 15, UNIT_SWORDSMAN (983041), UNITOPERATION_MOVE_TO (19)
058, Adding, 15, UNIT_HORSEMAN (1179652), UNITOPERATION_MOVE_TO (19)
058, Adding, 15, UNIT_HORSEMAN (720902), UNITOPERATION_MOVE_TO (19)
058, Adding, 15, UNIT_SWORDSMAN (786439), UNITOPERATION_MOVE_TO (19)
058, Adding, 15, UNIT_SWORDSMAN (851976), UNITOPERATION_MOVE_TO (19)
058, Adding, 15, UNIT_SWORDSMAN (1048585), UNITOPERATION_MOVE_TO (19)
058, Adding, 15, UNIT_SWORDSMAN (1114122), UNITOPERATION_MOVE_TO (19)
058, Adding, 15, UNIT_BUILDER (917507), UNITOPERATION_SKIP_TURN (36)
058, Adding, 17, UNIT_MAN_AT_ARMS (1769474), UNITOPERATION_FORTIFY (12)
058, Adding, 17, UNIT_MAN_AT_ARMS (1376259), UNITOPERATION_FORTIFY (12)
058, Can't Start, 17, UNIT_MAN_AT_ARMS (1376259), UNITOPERATION_FORTIFY (12)
058, Adding, 17, UNIT_MAN_AT_ARMS (1507328), UNITOPERATION_MOVE_TO (19)
058, Adding, 17, UNIT_SKIRMISHER (1835009), UNITOPERATION_MOVE_TO (19)
058, Adding, 17, UNIT_CROSSBOWMAN (1179652), UNITOPERATION_MOVE_TO (19)
058, Adding, 17, UNIT_MAN_AT_ARMS (1441797), UNITOPERATION_MOVE_TO (19)
058, Adding, 17, UNIT_MAN_AT_ARMS (1310728), UNITOPERATION_MOVE_TO (19)
058, Adding, 17, UNIT_SKIRMISHER (1703945), UNITOPERATION_MOVE_TO (19)
058, Adding, 17, UNIT_BUILDER (1572871), UNITOPERATION_SKIP_TURN (36)
058, Adding, 20, UNIT_SWORDSMAN (720896), UNITOPERATION_MOVE_TO (19)
058, Adding, 20, UNIT_CROSSBOWMAN (983041), UNITOPERATION_MOVE_TO (19)
058, Adding, 20, UNIT_CROSSBOWMAN (851970), UNITOPERATION_MOVE_TO (19)
058, Adding, 20, UNIT_HEAVY_CHARIOT (458756), UNITOPERATION_MOVE_TO (19)
058, Adding, 20, UNIT_CROSSBOWMAN (1048582), UNITOPERATION_MOVE_TO (19)
058, Adding, 20, UNIT_SWORDSMAN (786439), UNITOPERATION_MOVE_TO (19)
058, Adding, 20, UNIT_CROSSBOWMAN (1114120), UNITOPERATION_MOVE_TO (19)
058, Adding, 20, UNIT_CROSSBOWMAN (1179657), UNITOPERATION_MOVE_TO (19)
058, Adding, 20, UNIT_BUILDER (917509), UNITOPERATION_SKIP_TURN (36)
058, Adding, 21, UNIT_MAN_AT_ARMS (1572864), UNITOPERATION_MOVE_TO (19)
058, Adding, 21, UNIT_CROSSBOWMAN (851970), UNITOPERATION_MOVE_TO (19)
058, Adding, 21, UNIT_MAN_AT_ARMS (1703939), UNITOPERATION_MOVE_TO (19)
058, Adding, 21, UNIT_KNIGHT (1376260), UNITOPERATION_MOVE_TO (19)
058, Adding, 21, UNIT_CROSSBOWMAN (1114118), UNITOPERATION_MOVE_TO (19)
058, Adding, 21, UNIT_MAN_AT_ARMS (1507335), UNITOPERATION_MOVE_TO (19)
058, Adding, 21, UNIT_MAN_AT_ARMS (1769481), UNITOPERATION_MOVE_TO (19)
058, Adding, 21, UNIT_CROSSBOWMAN (1310730), UNITOPERATION_MOVE_TO (19)
058, Adding, 21, UNIT_TREBUCHET (1441803), UNITOPERATION_MOVE_TO (19)
058, Adding, 21, UNIT_BUILDER (1638405), UNITOPERATION_SKIP_TURN (36)
058, Adding, 1, UNIT_BABYLONIAN_SABUM_KIBITTUM (196608), UNITOPERATION_HEAL (13)
058, Adding, 3, UNIT_SCOUT (196608), UNITOPERATION_MOVE_TO (19)
058, Adding, 3, UNIT_SCOUT (393218), UNITOPERATION_AUTOMATE_EXPLORE (1)
058, Adding, 3, UNIT_SCOUT (589829), UNITOPERATION_MOVE_TO (19)
058, Adding, 3, UNIT_BUILDER (2359307), UNITOPERATION_REPAIR (31)
058, Adding, 0, UNIT_VAMPIRE (262146), UNITOPERATION_MOVE_TO (19)
058, Adding, 3, UNIT_BUILDER (2555923), UNITOPERATION_MOVE_TO (19)
058, Adding, 3, UNIT_BUILDER (2555923), UNITOPERATION_REPAIR (31)
058, Adding, 3, UNIT_BUILDER (2031625), UNITOPERATION_MOVE_TO (19)
058, Adding, 3, UNIT_BUILDER (2031625), UNITOPERATION_BUILD_IMPROVEMENT (2)
058, Adding, 0, UNIT_CROSSBOWMAN (2621450), UNITOPERATION_RANGE_ATTACK (26)
058, Adding, 3, UNIT_BUILDER (2293774), UNITOPERATION_HARVEST_RESOURCE (16)
058, Adding, 0, UNIT_KNIGHT (2293777), UNITOPERATION_MOVE_TO (19)
058, Adding, 3, UNIT_BUILDER (2424849), UNITOPERATION_MOVE_TO (19)
058, Adding, 0, UNIT_KNIGHT (3014669), UNITOPERATION_MOVE_TO (19)
058, Adding, 4, UNIT_VAMPIRE (4128790), UNITOPERATION_MOVE_TO (19)
058, Adding, 3, UNIT_TRADER (3080198), UNITOPERATION_MAKE_TRADE_ROUTE (18)
058, Adding, 0, UNIT_GREAT_GENERAL (1114123), UNITOPERATION_MOVE_TO (19)
058, Adding, 0, UNIT_GREAT_GENERAL (1114123), UNITOPERATION_MOVE_TO (19)
058, Adding, 1, UNIT_BUILDER (3276822), UNITOPERATION_MOVE_TO (19)
058, Adding, 4, UNIT_CROSSBOWMAN (4653064), UNITOPERATION_RANGE_ATTACK (26)
058, Adding, 1, UNIT_BUILDER (3276822), UNITOPERATION_BUILD_IMPROVEMENT (2)
058, Adding, 2, UNIT_SCOUT (196608), UNITOPERATION_MOVE_TO (19)
058, Adding, 1, UNIT_BUILDER (2883596), UNITOPERATION_BUILD_IMPROVEMENT (2)
058, Adding, 4, UNIT_CROSSBOWMAN (3801100), UNITOPERATION_RANGE_ATTACK (26)
058, Adding, 4, UNIT_CROSSBOWMAN (3407886), UNITOPERATION_RANGE_ATTACK (26)
058, Adding, 2, UNIT_KNIGHT (2424848), UNITOPERATION_MOVE_TO (19)
058, Adding, 1, UNIT_BUILDER (3735570), UNITOPERATION_REMOVE_FEATURE (28)
058, Adding, 1, UNIT_BUILDER (3801113), UNITOPERATION_BUILD_IMPROVEMENT (2)
058, Adding, 4, UNIT_CROSSBOWMAN (3604485), UNITOPERATION_MOVE_TO (19)
058, Adding, 1, UNIT_BUILDER (3801113), UNITOPERATION_MOVE_TO (19)
058, Adding, 4, UNIT_CROSSBOWMAN (3473421), UNITOPERATION_RANGE_ATTACK (26)
058, Adding, 1, UNIT_TRADER (4128798), UNITOPERATION_MAKE_TRADE_ROUTE (18)
058, Adding, 0, UNIT_KNIGHT (2949136), UNITOPERATION_FORTIFY (12)
058, Adding, 2, UNIT_KNIGHT (2228232), UNITOPERATION_MOVE_TO (19)
058, Adding, 0, UNIT_SIEGE_TOWER (2752526), UNITOPERATION_SKIP_TURN (36)
058, Adding, 4, UNIT_VAMPIRE (196608), UNITOPERATION_MOVE_TO (19)
058, Adding, 4, UNIT_VAMPIRE (196608), UNITOPERATION_PILLAGE (23)
058, Adding, 1, UNIT_BUILDER (3538964), UNITOPERATION_MOVE_TO (19)
058, Adding, 0, UNIT_VAMPIRE (262146), UNITOPERATION_BUILD_ROUTE (3)
058, Adding, 4, UNIT_VAMPIRE (196608), UNITOPERATION_SKIP_TURN (36)
058, Adding, 2, UNIT_INDIAN_VARU (1507331), UNITOPERATION_MOVE_TO (19)
058, Adding, 1, UNIT_BUILDER (3604495), UNITOPERATION_MOVE_TO (19)
058, Adding, 1, UNIT_BUILDER (3604495), UNITOPERATION_MOVE_TO (19)
058, Adding, 0, UNIT_BUILDER (3211265), UNITOPERATION_BUILD_IMPROVEMENT (2)
058, Adding, 2, UNIT_KNIGHT (2359311), UNITOPERATION_MOVE_TO (19)
058, Adding, 2, UNIT_KNIGHT (2490385), UNITOPERATION_MOVE_TO (19)
058, Adding, 4, UNIT_BUILDER (4915224), UNITOPERATION_MOVE_TO (19)
058, Adding, 2, UNIT_KNIGHT (2490385), UNITOPERATION_SKIP_TURN (36)
058, Adding, 2, UNIT_KNIGHT (2555922), UNITOPERATION_MOVE_TO (19)
058, Adding, 4, UNIT_BUILDER (5570585), UNITOPERATION_MOVE_TO (19)
058, Adding, 2, UNIT_KNIGHT (2818070), UNITOPERATION_MOVE_TO (19)
058, Adding, 2, UNIT_KNIGHT (2621459), UNITOPERATION_MOVE_TO (19)
058, Adding, 4, UNIT_BUILDER (5570585), UNITOPERATION_REMOVE_FEATURE (28)
058, Adding, 2, UNIT_KNIGHT (2883594), UNITOPERATION_MOVE_TO (19)
058, Adding, 2, UNIT_KNIGHT (3014679), UNITOPERATION_MOVE_TO (19)
058, Adding, 2, UNIT_KNIGHT (2686996), UNITOPERATION_MOVE_TO (19)
058, Adding, 2, UNIT_KNIGHT (2686996), UNITOPERATION_SKIP_TURN (36)
058, Adding, 2, UNIT_KNIGHT (2752533), UNITOPERATION_MOVE_TO (19)
058, Adding, 2, UNIT_KNIGHT (2752533), UNITOPERATION_SKIP_TURN (36)
058, Adding, 2, UNIT_KNIGHT (3080216), UNITOPERATION_MOVE_TO (19)
058, Adding, 2, UNIT_SCOUT (589830), UNITOPERATION_MOVE_TO (19)
058, Adding, 2, UNIT_SCOUT (262146), UNITOPERATION_MOVE_TO (19)
058, Adding, 4, UNIT_BUILDER (4718595), UNITOPERATION_MOVE_TO (19)
058, Adding, 4, UNIT_BUILDER (4718595), UNITOPERATION_BUILD_IMPROVEMENT (2)
058, Adding, 1, UNIT_SPY (4194314), UNITOPERATION_SPY_TRAVEL_NEW_CITY (48)
058, Adding, 4, UNIT_GREAT_GENERAL (3276801), UNITOPERATION_SKIP_TURN (36)
058, Adding, 4, UNIT_GREAT_GENERAL (5505055), UNITOPERATION_SKIP_TURN (36)
058, Adding, 3, UNIT_BUILDER (2424849), UNITOPERATION_MOVE_TO (19)
058, Adding, 4, UNIT_BUILDER (5177370), UNITOPERATION_BUILD_IMPROVEMENT (2)
058, Adding, 1, UNIT_BUILDER (3670027), UNITOPERATION_HARVEST_RESOURCE (16)
058, Adding, 1, UNIT_BUILDER (4259871), UNITOPERATION_MOVE_TO (19)
058, Adding, 4, UNIT_BUILDER (5111818), UNITOPERATION_REMOVE_FEATURE (28)
058, Adding, 1, UNIT_BUILDER (4259871), UNITOPERATION_BUILD_IMPROVEMENT (2)
058, Adding, 1, UNIT_BUILDER (4325408), UNITOPERATION_MOVE_TO (19)
058, Adding, 1, UNIT_BUILDER (3145737), UNITOPERATION_MOVE_TO (19)
058, Adding, 1, UNIT_BUILDER (3145737), UNITOPERATION_BUILD_IMPROVEMENT (2)
058, Adding, 1, UNIT_BUILDER (3014663), UNITOPERATION_MOVE_TO (19)
058, Adding, 0, UNIT_BUILDER (2686996), UNITOPERATION_MOVE_TO (19)
058, Adding, 1, UNIT_BUILDER (3014663), UNITOPERATION_MOVE_TO (19)
058, Adding, 1, UNIT_BUILDER (3342359), UNITOPERATION_MOVE_TO (19)
058, Adding, 1, UNIT_BUILDER (3342359), UNITOPERATION_BUILD_IMPROVEMENT (2)
058, Adding, 1, UNIT_BUILDER (3538964), UNITOPERATION_MOVE_TO (19)
058, Adding, 1, UNIT_BUILDER (3932187), UNITOPERATION_MOVE_TO (19)
058, Adding, 1, UNIT_BUILDER (3932187), UNITOPERATION_BUILD_IMPROVEMENT (2)
Unit operation handler f4921fdc, is disabled
Unit operation handler a92585ad, is disabled
Unit operation handler 6e290af6, is disabled
Unit operation handler 8c676517, is disabled
058, Adding, 1, UNIT_BUILDER (3932187), UNITOPERATION_BUILD_IMPROVEMENT (2)
Unit operation handler f4921fdc, is disabled
Unit operation handler a92585ad, is disabled
Unit operation handler 6e290af6, is disabled
Unit operation handler 8c676517, is disabled
058, Adding, 1, UNIT_BUILDER (3407896), UNITOPERATION_MOVE_TO (19)
058, Adding, 1, UNIT_BUILDER (3407896), UNITOPERATION_REMOVE_FEATURE (28)
058, Adding, 1, UNIT_BUILDER (3932187), UNITOPERATION_REMOVE_FEATURE (28)
Unit operation handler f4921fdc, is disabled
Unit operation handler a92585ad, is disabled
Unit operation handler 6e290af6, is disabled
Unit operation handler 8c676517, is disabled
Unit operation handler f4921fdc, is disabled
Unit operation handler a92585ad, is disabled
Unit operation handler 6e290af6, is disabled
Unit operation handler 8c676517, is disabled
Unit operation handler f4921fdc, is disabled
Unit operation handler a92585ad, is disabled
Unit operation handler 6e290af6, is disabled
Unit operation handler 8c676517, is disabled
058, Adding, 1, UNIT_BUILDER (3407896), UNITOPERATION_MOVE_TO (19)
058, Adding, 1, UNIT_BUILDER (3407896), UNITOPERATION_REMOVE_FEATURE (28)
058, Adding, 1, UNIT_BUILDER (3932187), UNITOPERATION_REMOVE_FEATURE (28)
Unit operation handler f4921fdc, is disabled
Unit operation handler a92585ad, is disabled
Unit operation handler 6e290af6, is disabled
Unit operation handler 8c676517, is disabled
058, Adding, 4, UNIT_CROSSBOWMAN (3604485), UNITOPERATION_SWAP_UNITS (49)
058, Can't Start, 4, UNIT_CROSSBOWMAN (3604485), UNITOPERATION_SWAP_UNITS (49)
058, Adding, 4, UNIT_CROSSBOWMAN (3604485), UNITOPERATION_MOVE_TO (19)
058, Adding, 4, UNIT_CROSSBOWMAN (4653064), UNITOPERATION_SWAP_UNITS (49)
058, Can't Start, 4, UNIT_CROSSBOWMAN (4653064), UNITOPERATION_SWAP_UNITS (49)
058, Adding, 4, UNIT_CROSSBOWMAN (4653064), UNITOPERATION_MOVE_TO (19)
058, Adding, 4, UNIT_KNIGHT (4587543), UNITOPERATION_SWAP_UNITS (49)
058, Can't Start, 4, UNIT_KNIGHT (4587543), UNITOPERATION_SWAP_UNITS (49)
058, Adding, 4, UNIT_KNIGHT (4587543), UNITOPERATION_MOVE_TO (19)
058, Adding, 4, UNIT_CROSSBOWMAN (3473421), UNITOPERATION_SWAP_UNITS (49)
058, Can't Start, 4, UNIT_CROSSBOWMAN (3473421), UNITOPERATION_SWAP_UNITS (49)
058, Adding, 4, UNIT_CROSSBOWMAN (3473421), UNITOPERATION_MOVE_TO (19)
058, Adding, 4, UNIT_CROSSBOWMAN (3473421), UNITOPERATION_RANGE_ATTACK (26)
058, Adding, 4, UNIT_CROSSBOWMAN (3473421), UNITOPERATION_MOVE_TO (19)
058, Adding, 4, UNIT_GREAT_GENERAL (5505055), UNITOPERATION_MOVE_TO (19)
058, Adding, 4, UNIT_GREAT_GENERAL (3276801), UNITOPERATION_MOVE_TO (19)
058, Adding, 4, UNIT_SPY (4325383), UNITOPERATION_SPY_TRAVEL_NEW_CITY (48)
058, Adding, 4, UNIT_SCOUT (393220), UNITOPERATION_SWAP_UNITS (49)
058, Can't Start, 4, UNIT_SCOUT (393220), UNITOPERATION_SWAP_UNITS (49)
058, Adding, 4, UNIT_SCOUT (393220), UNITOPERATION_MOVE_TO (19)
058, Adding, 4, UNIT_GREAT_GENERAL (1638416), UNITOPERATION_MOVE_TO (19)
058, Adding, 4, UNIT_BUILDER (4718595), UNITOPERATION_SWAP_UNITS (49)
058, Can't Start, 4, UNIT_BUILDER (4718595), UNITOPERATION_SWAP_UNITS (49)
058, Adding, 4, UNIT_BUILDER (4718595), UNITOPERATION_MOVE_TO (19)
058, Adding, 4, UNIT_CROSSBOWMAN (3801100), UNITOPERATION_FORTIFY (12)
058, Can't Start, 4, UNIT_CROSSBOWMAN (3801100), UNITOPERATION_FORTIFY (12)
058, Adding, 4, UNIT_VAMPIRE (196608), UNITOPERATION_MOVE_TO (19)
058, Adding, 4, UNIT_CROSSBOWMAN (3407886), UNITOPERATION_FORTIFY (12)
058, Adding, 4, UNIT_VAMPIRE (4128790), UNITOPERATION_MOVE_TO (19)
058, Adding, 4, UNIT_BUILDER (5111818), UNITOPERATION_MOVE_TO (19)
058, Adding, 4, UNIT_BUILDER (4915224), UNITOPERATION_MOVE_TO (19)
058, Adding, 4, UNIT_BUILDER (4915224), UNITOPERATION_MOVE_TO (19)
058, Adding, 4, UNIT_BUILDER (5570585), UNITOPERATION_SKIP_TURN (36)
058, Adding, 4, UNIT_BUILDER (5177370), UNITOPERATION_SKIP_TURN (36)
058, Adding, 5, UNIT_MAN_AT_ARMS (4325415), UNITOPERATION_MOVE_TO (19)
058, Adding, 5, UNIT_CROSSBOWMAN (3801101), UNITOPERATION_MOVE_TO (19)
058, Adding, 5, UNIT_SETTLER (3997731), UNITOPERATION_MOVE_TO (19)
058, Adding, 5, UNIT_SCOUT (262147), UNITOPERATION_SWAP_UNITS (49)
058, Can't Start, 5, UNIT_SCOUT (262147), UNITOPERATION_SWAP_UNITS (49)
058, Adding, 5, UNIT_SCOUT (262147), UNITOPERATION_MOVE_TO (19)
058, Adding, 5, UNIT_MACEDONIAN_HETAIROI (2097163), UNITOPERATION_SWAP_UNITS (49)
058, Can't Start, 5, UNIT_MACEDONIAN_HETAIROI (2097163), UNITOPERATION_SWAP_UNITS (49)
058, Adding, 5, UNIT_MACEDONIAN_HETAIROI (2097163), UNITOPERATION_MOVE_TO (19)
058, Adding, 5, UNIT_GREAT_SCIENTIST (3932176), UNITOPERATION_MOVE_TO (19)
058, Can't Start, 5, UNIT_GREAT_SCIENTIST (3932176), UNITOPERATION_MOVE_TO (19)
058, Adding, 5, UNIT_GREAT_ENGINEER (7208984), UNITOPERATION_MOVE_TO (19)
058, Adding, 5, UNIT_KNIGHT (7012392), UNITOPERATION_SWAP_UNITS (49)
058, Can't Start, 5, UNIT_KNIGHT (7012392), UNITOPERATION_SWAP_UNITS (49)
058, Adding, 5, UNIT_KNIGHT (7012392), UNITOPERATION_MOVE_TO (19)
058, Adding, 5, UNIT_KNIGHT (6160396), UNITOPERATION_SWAP_UNITS (49)
058, Can't Start, 5, UNIT_KNIGHT (6160396), UNITOPERATION_SWAP_UNITS (49)
058, Adding, 5, UNIT_KNIGHT (6160396), UNITOPERATION_MOVE_TO (19)
058, Adding, 5, UNIT_SKIRMISHER (3407892), UNITOPERATION_RANGE_ATTACK (26)
058, Adding, 5, UNIT_SKIRMISHER (3407892), UNITOPERATION_MOVE_TO (19)
058, Adding, 5, UNIT_KNIGHT (5439529), UNITOPERATION_MOVE_TO (19)
058, Adding, 5, UNIT_SKIRMISHER (3211278), UNITOPERATION_SWAP_UNITS (49)
058, Can't Start, 5, UNIT_SKIRMISHER (3211278), UNITOPERATION_SWAP_UNITS (49)
058, Adding, 5, UNIT_SKIRMISHER (3211278), UNITOPERATION_MOVE_TO (19)
058, Adding, 5, UNIT_VAMPIRE (5242906), UNITOPERATION_FORTIFY (12)
058, Can't Start, 5, UNIT_VAMPIRE (5242906), UNITOPERATION_FORTIFY (12)
058, Adding, 5, UNIT_MUSKETMAN (6881282), UNITOPERATION_MOVE_TO (19)
058, Adding, 5, UNIT_MUSKETMAN (5701636), UNITOPERATION_MOVE_TO (19)
058, Adding, 5, UNIT_VAMPIRE (655367), UNITOPERATION_MOVE_TO (19)
058, Can't Start, 5, UNIT_VAMPIRE (655367), UNITOPERATION_MOVE_TO (19)
058, Adding, 5, UNIT_MUSKETMAN (6225928), UNITOPERATION_MOVE_TO (19)
058, Adding, 5, UNIT_MUSKETMAN (5636105), UNITOPERATION_MOVE_TO (19)
058, Adding, 5, UNIT_MUSKETMAN (5570575), UNITOPERATION_MOVE_TO (19)
058, Adding, 5, UNIT_PIKE_AND_SHOT (6750231), UNITOPERATION_MOVE_TO (19)
058, Adding, 5, UNIT_MUSKETMAN (7274521), UNITOPERATION_MOVE_TO (19)
058, Adding, 5, UNIT_KNIGHT (6029339), UNITOPERATION_MOVE_TO (19)
058, Adding, 5, UNIT_MUSKETMAN (5505053), UNITOPERATION_MOVE_TO (19)
058, Adding, 5, UNIT_MUSKETMAN (7077925), UNITOPERATION_MOVE_TO (19)
058, Adding, 5, UNIT_PIKE_AND_SHOT (6684718), UNITOPERATION_MOVE_TO (19)
058, Adding, 5, UNIT_MUSKETMAN (6094902), UNITOPERATION_MOVE_TO (19)
058, Adding, 5, UNIT_KNIGHT (6488119), UNITOPERATION_MOVE_TO (19)
058, Adding, 5, UNIT_CROSSBOWMAN (4849685), UNITOPERATION_MOVE_TO (19)
058, Adding, 5, UNIT_CROSSBOWMAN (3735585), UNITOPERATION_MOVE_TO (19)
058, Adding, 5, UNIT_CROSSBOWMAN (4063268), UNITOPERATION_MOVE_TO (19)
058, Adding, 5, UNIT_KNIGHT (5308465), UNITOPERATION_MOVE_TO (19)
058, Adding, 5, UNIT_COURSER (5767219), UNITOPERATION_MOVE_TO (19)
058, Adding, 5, UNIT_KNIGHT (6619188), UNITOPERATION_MOVE_TO (19)
058, Adding, 5, UNIT_KNIGHT (6946873), UNITOPERATION_MOVE_TO (19)
058, Adding, 5, UNIT_MISSIONARY (5898293), UNITOPERATION_MOVE_TO (19)
058, Adding, 5, UNIT_MISSIONARY (2621441), UNITOPERATION_MOVE_TO (19)
058, Adding, 5, UNIT_MISSIONARY (6291461), UNITOPERATION_MOVE_TO (19)
058, Adding, 5, UNIT_MISSIONARY (3276806), UNITOPERATION_MOVE_TO (19)
058, Adding, 5, UNIT_MISSIONARY (6815754), UNITOPERATION_MOVE_TO (19)
058, Adding, 5, UNIT_MISSIONARY (2424850), UNITOPERATION_MOVE_TO (19)
058, Adding, 5, UNIT_MISSIONARY (3670035), UNITOPERATION_MOVE_TO (19)
058, Adding, 5, UNIT_MISSIONARY (3080222), UNITOPERATION_MOVE_TO (19)
058, Adding, 5, UNIT_MISSIONARY (4259878), UNITOPERATION_MOVE_TO (19)
058, Adding, 5, UNIT_MISSIONARY (4653098), UNITOPERATION_MOVE_TO (19)
058, Adding, 5, UNIT_MISSIONARY (7143467), UNITOPERATION_MOVE_TO (19)
058, Adding, 5, UNIT_MISSIONARY (5177392), UNITOPERATION_MOVE_TO (19)
058, Adding, 5, UNIT_MISSIONARY (5374002), UNITOPERATION_MOVE_TO (19)
058, Adding, 5, UNIT_BUILDER (1835030), UNITOPERATION_MOVE_TO (19)
058, Adding, 5, UNIT_BUILDER (1835030), UNITOPERATION_MOVE_TO (19)
058, Adding, 5, UNIT_BUILDER (1835030), UNITOPERATION_MOVE_TO (19)
058, Adding, 5, UNIT_BUILDER (1835030), UNITOPERATION_MOVE_TO (19)
058, Adding, 5, UNIT_SKIRMISHER (3145759), UNITOPERATION_MOVE_TO (19)
058, Adding, 5, UNIT_SKIRMISHER (6553656), UNITOPERATION_MOVE_TO (19)
058, Adding, 5, UNIT_BUILDER (2752540), UNITOPERATION_SKIP_TURN (36)
058, Adding, 5, UNIT_BUILDER (3473440), UNITOPERATION_SKIP_TURN (36)
058, Adding, 5, UNIT_BUILDER (4915244), UNITOPERATION_SKIP_TURN (36)
058, Adding, 5, UNIT_MILITARY_ENGINEER (5963823), UNITOPERATION_SKIP_TURN (36)
058, Adding, 5, UNIT_SKIRMISHER (6553656), UNITOPERATION_SKIP_TURN (36)
058, Adding, 6, UNIT_CROSSBOWMAN (4784149), UNITOPERATION_MOVE_TO (19)
058, Adding, 6, UNIT_SETTLER (6029360), UNITOPERATION_MOVE_TO (19)
058, Can't Start, 6, UNIT_SETTLER (6029360), UNITOPERATION_MOVE_TO (19)
058, Adding, 6, UNIT_CATAPULT (2490396), UNITOPERATION_MOVE_TO (19)
058, Can't Start, 6, UNIT_CATAPULT (2490396), UNITOPERATION_MOVE_TO (19)
058, Adding, 6, UNIT_SETTLER (6029360), UNITOPERATION_MOVE_TO (19)
058, Adding, 6, UNIT_CATAPULT (2490396), UNITOPERATION_MOVE_TO (19)
058, Adding, 6, UNIT_CROSSBOWMAN (4784149), UNITOPERATION_MOVE_TO (19)
058, Adding, 6, UNIT_BUILDER (9175079), UNITOPERATION_SWAP_UNITS (49)
058, Can't Start, 6, UNIT_BUILDER (9175079), UNITOPERATION_SWAP_UNITS (49)
058, Adding, 6, UNIT_BUILDER (9175079), UNITOPERATION_MOVE_TO (19)
058, Adding, 6, UNIT_BUILDER (7733308), UNITOPERATION_SWAP_UNITS (49)
058, Can't Start, 6, UNIT_BUILDER (7733308), UNITOPERATION_SWAP_UNITS (49)
058, Adding, 6, UNIT_BUILDER (7733308), UNITOPERATION_MOVE_TO (19)
058, Adding, 6, UNIT_BUILDER (7733308), UNITOPERATION_BUILD_IMPROVEMENT (2)
058, Adding, 6, UNIT_BUILDER (7536701), UNITOPERATION_SWAP_UNITS (49)
058, Can't Start, 6, UNIT_BUILDER (7536701), UNITOPERATION_SWAP_UNITS (49)
058, Adding, 6, UNIT_BUILDER (7536701), UNITOPERATION_MOVE_TO (19)
058, Adding, 6, UNIT_BUILDER (7536701), UNITOPERATION_BUILD_IMPROVEMENT (2)
058, Adding, 6, UNIT_BUILDER (8126498), UNITOPERATION_SWAP_UNITS (49)
058, Can't Start, 6, UNIT_BUILDER (8126498), UNITOPERATION_SWAP_UNITS (49)
058, Adding, 6, UNIT_BUILDER (8126498), UNITOPERATION_MOVE_TO (19)
058, Adding, 6, UNIT_BUILDER (8126498), UNITOPERATION_BUILD_IMPROVEMENT (2)
058, Adding, 6, UNIT_BUILDER (7602238), UNITOPERATION_SWAP_UNITS (49)
058, Can't Start, 6, UNIT_BUILDER (7602238), UNITOPERATION_SWAP_UNITS (49)
058, Adding, 6, UNIT_BUILDER (7602238), UNITOPERATION_MOVE_TO (19)
058, Adding, 6, UNIT_BUILDER (9044025), UNITOPERATION_SWAP_UNITS (49)
058, Can't Start, 6, UNIT_BUILDER (9044025), UNITOPERATION_SWAP_UNITS (49)
058, Adding, 6, UNIT_BUILDER (9044025), UNITOPERATION_MOVE_TO (19)
058, Adding, 6, UNIT_BUILDER (9044025), UNITOPERATION_BUILD_IMPROVEMENT (2)
058, Adding, 6, UNIT_BUILDER (9109550), UNITOPERATION_SWAP_UNITS (49)
058, Can't Start, 6, UNIT_BUILDER (9109550), UNITOPERATION_SWAP_UNITS (49)
058, Adding, 6, UNIT_BUILDER (9109550), UNITOPERATION_MOVE_TO (19)
058, Adding, 6, UNIT_SKIRMISHER (4063245), UNITOPERATION_MOVE_TO (19)
058, Adding, 6, UNIT_CROSSBOWMAN (5832704), UNITOPERATION_MOVE_TO (19)
058, Can't Start, 6, UNIT_CROSSBOWMAN (5832704), UNITOPERATION_MOVE_TO (19)
058, Adding, 6, UNIT_CROSSBOWMAN (6422529), UNITOPERATION_MOVE_TO (19)
058, Adding, 6, UNIT_CROSSBOWMAN (6488071), UNITOPERATION_MOVE_TO (19)
058, Adding, 6, UNIT_CROSSBOWMAN (5505040), UNITOPERATION_MOVE_TO (19)
058, Adding, 6, UNIT_CROSSBOWMAN (6881304), UNITOPERATION_MOVE_TO (19)
058, Adding, 6, UNIT_HEAVY_CHARIOT (2359322), UNITOPERATION_MOVE_TO (19)
058, Adding, 6, UNIT_CROSSBOWMAN (5177382), UNITOPERATION_MOVE_TO (19)
058, Can't Start, 6, UNIT_CROSSBOWMAN (5177382), UNITOPERATION_MOVE_TO (19)
058, Adding, 6, UNIT_CROSSBOWMAN (6291503), UNITOPERATION_MOVE_TO (19)
058, Adding, 6, UNIT_CROSSBOWMAN (8060977), UNITOPERATION_MOVE_TO (19)
058, Adding, 6, UNIT_CROSSBOWMAN (7143482), UNITOPERATION_MOVE_TO (19)
058, Adding, 6, UNIT_MAN_AT_ARMS (8257602), UNITOPERATION_MOVE_TO (19)
058, Adding, 6, UNIT_MAN_AT_ARMS (8323139), UNITOPERATION_MOVE_TO (19)
058, Adding, 6, UNIT_MAN_AT_ARMS (8388676), UNITOPERATION_MOVE_TO (19)
058, Can't Start, 6, UNIT_MAN_AT_ARMS (8388676), UNITOPERATION_MOVE_TO (19)
058, Adding, 6, UNIT_MAN_AT_ARMS (8454213), UNITOPERATION_MOVE_TO (19)
058, Adding, 6, UNIT_MAN_AT_ARMS (8519750), UNITOPERATION_MOVE_TO (19)
058, Adding, 6, UNIT_MAN_AT_ARMS (8585287), UNITOPERATION_MOVE_TO (19)
058, Adding, 6, UNIT_MAN_AT_ARMS (8650824), UNITOPERATION_MOVE_TO (19)
058, Adding, 6, UNIT_MAN_AT_ARMS (8716361), UNITOPERATION_MOVE_TO (19)
058, Adding, 6, UNIT_APOSTLE (5701667), UNITOPERATION_SWAP_UNITS (49)
058, Can't Start, 6, UNIT_APOSTLE (5701667), UNITOPERATION_SWAP_UNITS (49)
058, Adding, 6, UNIT_APOSTLE (5701667), UNITOPERATION_MOVE_TO (19)
058, Adding, 6, UNIT_APOSTLE (5701667), UNITOPERATION_MOVE_TO (19)
058, Adding, 6, UNIT_APOSTLE (5308435), UNITOPERATION_SWAP_UNITS (49)
058, Can't Start, 6, UNIT_APOSTLE (5308435), UNITOPERATION_SWAP_UNITS (49)
058, Adding, 6, UNIT_APOSTLE (5308435), UNITOPERATION_MOVE_TO (19)
058, Adding, 6, UNIT_APOSTLE (6619189), UNITOPERATION_SWAP_UNITS (49)
058, Can't Start, 6, UNIT_APOSTLE (6619189), UNITOPERATION_SWAP_UNITS (49)
058, Adding, 6, UNIT_APOSTLE (6619189), UNITOPERATION_MOVE_TO (19)
058, Adding, 6, UNIT_APOSTLE (6619189), UNITOPERATION_MOVE_TO (19)
058, Adding, 6, UNIT_APOSTLE (7798813), UNITOPERATION_SWAP_UNITS (49)
058, Can't Start, 6, UNIT_APOSTLE (7798813), UNITOPERATION_SWAP_UNITS (49)
058, Adding, 6, UNIT_APOSTLE (7798813), UNITOPERATION_MOVE_TO (19)
058, Adding, 6, UNIT_APOSTLE (7209019), UNITOPERATION_SWAP_UNITS (49)
058, Can't Start, 6, UNIT_APOSTLE (7209019), UNITOPERATION_SWAP_UNITS (49)
058, Adding, 6, UNIT_APOSTLE (7209019), UNITOPERATION_MOVE_TO (19)
058, Adding, 6, UNIT_APOSTLE (6357004), UNITOPERATION_SWAP_UNITS (49)
058, Can't Start, 6, UNIT_APOSTLE (6357004), UNITOPERATION_SWAP_UNITS (49)
058, Adding, 6, UNIT_APOSTLE (6357004), UNITOPERATION_MOVE_TO (19)
058, Adding, 6, UNIT_APOSTLE (7209019), UNITOPERATION_MOVE_TO (19)
058, Adding, 6, UNIT_APOSTLE (6357004), UNITOPERATION_MOVE_TO (19)
058, Adding, 6, UNIT_APOSTLE (5898262), UNITOPERATION_MOVE_TO (19)
058, Adding, 6, UNIT_APOSTLE (5898262), UNITOPERATION_MOVE_TO (19)
058, Can't Start, 6, UNIT_APOSTLE (5898262), UNITOPERATION_MOVE_TO (19)
058, Adding, 6, UNIT_APOSTLE (5898262), UNITOPERATION_MOVE_TO (19)
058, Can't Start, 6, UNIT_APOSTLE (5898262), UNITOPERATION_MOVE_TO (19)
058, Adding, 6, UNIT_APOSTLE (5898262), UNITOPERATION_MOVE_TO (19)
058, Can't Start, 6, UNIT_APOSTLE (5898262), UNITOPERATION_MOVE_TO (19)
058, Adding, 6, UNIT_APOSTLE (7405599), UNITOPERATION_MOVE_TO (19)
058, Adding, 6, UNIT_APOSTLE (6946872), UNITOPERATION_MOVE_TO (19)
058, Adding, 6, UNIT_APOSTLE (6946872), UNITOPERATION_MOVE_TO (19)
058, Can't Start, 6, UNIT_APOSTLE (6946872), UNITOPERATION_MOVE_TO (19)
058, Adding, 6, UNIT_APOSTLE (5898262), UNITOPERATION_MOVE_TO (19)
058, Can't Start, 6, UNIT_APOSTLE (5898262), UNITOPERATION_MOVE_TO (19)
058, Adding, 6, UNIT_APOSTLE (7405599), UNITOPERATION_MOVE_TO (19)
058, Can't Start, 6, UNIT_APOSTLE (7405599), UNITOPERATION_MOVE_TO (19)
058, Adding, 6, UNIT_APOSTLE (6225971), UNITOPERATION_MOVE_TO (19)
058, Adding, 6, UNIT_APOSTLE (6946872), UNITOPERATION_MOVE_TO (19)
058, Can't Start, 6, UNIT_APOSTLE (6946872), UNITOPERATION_MOVE_TO (19)
058, Adding, 6, UNIT_APOSTLE (7405599), UNITOPERATION_MOVE_TO (19)
058, Can't Start, 6, UNIT_APOSTLE (7405599), UNITOPERATION_MOVE_TO (19)
058, Adding, 6, UNIT_APOSTLE (6225971), UNITOPERATION_MOVE_TO (19)
058, Can't Start, 6, UNIT_APOSTLE (6225971), UNITOPERATION_MOVE_TO (19)
058, Adding, 6, UNIT_APOSTLE (6946872), UNITOPERATION_MOVE_TO (19)
058, Can't Start, 6, UNIT_APOSTLE (6946872), UNITOPERATION_MOVE_TO (19)
058, Adding, 6, UNIT_APOSTLE (5111851), UNITOPERATION_MOVE_TO (19)
058, Adding, 6, UNIT_APOSTLE (5570605), UNITOPERATION_MOVE_TO (19)
058, Adding, 6, UNIT_APOSTLE (7995442), UNITOPERATION_MOVE_TO (19)
058, Adding, 6, UNIT_APOSTLE (5111851), UNITOPERATION_MOVE_TO (19)
058, Can't Start, 6, UNIT_APOSTLE (5111851), UNITOPERATION_MOVE_TO (19)
058, Adding, 6, UNIT_APOSTLE (5570605), UNITOPERATION_MOVE_TO (19)
058, Can't Start, 6, UNIT_APOSTLE (5570605), UNITOPERATION_MOVE_TO (19)
058, Adding, 6, UNIT_APOSTLE (7995442), UNITOPERATION_MOVE_TO (19)
058, Can't Start, 6, UNIT_APOSTLE (7995442), UNITOPERATION_MOVE_TO (19)
058, Adding, 6, UNIT_APOSTLE (5111851), UNITOPERATION_MOVE_TO (19)
058, Can't Start, 6, UNIT_APOSTLE (5111851), UNITOPERATION_MOVE_TO (19)
058, Adding, 6, UNIT_TAOIST (7077891), UNITOPERATION_MOVE_TO (19)
058, Adding, 6, UNIT_MISSIONARY (3735557), UNITOPERATION_MOVE_TO (19)
058, Adding, 6, UNIT_TAOIST (786440), UNITOPERATION_MOVE_TO (19)
058, Adding, 6, UNIT_APOSTLE (6357004), UNITOPERATION_MOVE_TO (19)
058, Adding, 6, UNIT_APOSTLE (5308435), UNITOPERATION_MOVE_TO (19)
058, Adding, 6, UNIT_MISSIONARY (2162711), UNITOPERATION_MOVE_TO (19)
058, Adding, 6, UNIT_MISSIONARY (2293785), UNITOPERATION_MOVE_TO (19)
058, Adding, 6, UNIT_MISSIONARY (2293785), UNITOPERATION_SPREAD_RELIGION (38)
058, Can't Start, 6, UNIT_MISSIONARY (2293785), UNITOPERATION_SPREAD_RELIGION (38)
058, Adding, 6, UNIT_MISSIONARY (2424859), UNITOPERATION_MOVE_TO (19)
058, Adding, 6, UNIT_APOSTLE (7798813), UNITOPERATION_MOVE_TO (19)
058, Adding, 6, UNIT_APOSTLE (5701667), UNITOPERATION_MOVE_TO (19)
058, Adding, 6, UNIT_APOSTLE (6619189), UNITOPERATION_MOVE_TO (19)
058, Adding, 6, UNIT_TAOIST (6684726), UNITOPERATION_MOVE_TO (19)
058, Adding, 6, UNIT_APOSTLE (6750263), UNITOPERATION_MOVE_TO (19)
058, Adding, 6, UNIT_APOSTLE (7209019), UNITOPERATION_MOVE_TO (19)
058, Adding, 6, UNIT_APOSTLE (7667775), UNITOPERATION_MOVE_TO (19)
058, Adding, 6, UNIT_APOSTLE (8192065), UNITOPERATION_MOVE_TO (19)
058, Adding, 6, UNIT_SKIRMISHER (3473440), UNITOPERATION_MOVE_TO (19)
058, Adding, 6, UNIT_SKIRMISHER (3473440), UNITOPERATION_MOVE_TO (19)
058, Adding, 6, UNIT_SKIRMISHER (3407909), UNITOPERATION_MOVE_TO (19)
058, Adding, 6, UNIT_SKIRMISHER (3997738), UNITOPERATION_MOVE_TO (19)
058, Adding, 6, UNIT_SKIRMISHER (3997738), UNITOPERATION_MOVE_TO (19)
058, Adding, 6, UNIT_SKIRMISHER (4194308), UNITOPERATION_MOVE_TO (19)
058, Adding, 6, UNIT_SKIRMISHER (4390927), UNITOPERATION_MOVE_TO (19)
058, Adding, 6, UNIT_SKIRMISHER (4194308), UNITOPERATION_SKIP_TURN (36)
058, Adding, 6, UNIT_SKIRMISHER (4390927), UNITOPERATION_SKIP_TURN (36)
058, Can't Start, 6, UNIT_APOSTLE (5898262), UNITOPERATION_MOVE_TO (19)
058, Can't Start, 6, UNIT_MISSIONARY (2293785), UNITOPERATION_SPREAD_RELIGION (38)
058, Can't Start, 6, UNIT_APOSTLE (7405599), UNITOPERATION_MOVE_TO (19)
058, Can't Start, 6, UNIT_APOSTLE (5111851), UNITOPERATION_MOVE_TO (19)
058, Can't Start, 6, UNIT_APOSTLE (5570605), UNITOPERATION_MOVE_TO (19)
058, Can't Start, 6, UNIT_APOSTLE (7995442), UNITOPERATION_MOVE_TO (19)
058, Can't Start, 6, UNIT_APOSTLE (6225971), UNITOPERATION_MOVE_TO (19)
058, Can't Start, 6, UNIT_APOSTLE (6946872), UNITOPERATION_MOVE_TO (19)
058, Adding, 7, UNIT_SPY (8257590), UNITOPERATION_SPY_GAIN_SOURCES (41)
058, Adding, 7, UNIT_MUSKETMAN (7929864), UNITOPERATION_MOVE_TO (19)
058, Adding, 7, UNIT_KNIGHT (6815769), UNITOPERATION_MOVE_TO (19)
058, Adding, 7, UNIT_SETTLER (7602219), UNITOPERATION_MOVE_TO (19)
058, Adding, 7, UNIT_WARRIOR (1048588), UNITOPERATION_SWAP_UNITS (49)
058, Can't Start, 7, UNIT_WARRIOR (1048588), UNITOPERATION_SWAP_UNITS (49)
058, Adding, 7, UNIT_WARRIOR (1048588), UNITOPERATION_MOVE_TO (19)
058, Adding, 7, UNIT_SWORDSMAN (2621472), UNITOPERATION_SWAP_UNITS (49)
058, Can't Start, 7, UNIT_SWORDSMAN (2621472), UNITOPERATION_SWAP_UNITS (49)
058, Adding, 7, UNIT_SWORDSMAN (2621472), UNITOPERATION_MOVE_TO (19)
058, Adding, 7, UNIT_SWORDSMAN (2687009), UNITOPERATION_SWAP_UNITS (49)
058, Can't Start, 7, UNIT_SWORDSMAN (2687009), UNITOPERATION_SWAP_UNITS (49)
058, Adding, 7, UNIT_SWORDSMAN (2687009), UNITOPERATION_MOVE_TO (19)
058, Adding, 7, UNIT_SWORDSMAN (3473444), UNITOPERATION_SWAP_UNITS (49)
058, Can't Start, 7, UNIT_SWORDSMAN (3473444), UNITOPERATION_SWAP_UNITS (49)
058, Adding, 7, UNIT_SWORDSMAN (3473444), UNITOPERATION_MOVE_TO (19)
058, Adding, 7, UNIT_SKIRMISHER (4522025), UNITOPERATION_MOVE_TO (19)
058, Adding, 7, UNIT_SKIRMISHER (4522025), UNITOPERATION_MOVE_TO (19)
058, Adding, 7, UNIT_MAN_AT_ARMS (5701651), UNITOPERATION_MOVE_TO (19)
058, Adding, 7, UNIT_MAN_AT_ARMS (5439515), UNITOPERATION_MOVE_TO (19)
058, Adding, 7, UNIT_CROSSBOWMAN (5308455), UNITOPERATION_MOVE_TO (19)
058, Adding, 7, UNIT_MAN_AT_ARMS (5767175), UNITOPERATION_MOVE_TO (19)
058, Adding, 7, UNIT_TREBUCHET (6225966), UNITOPERATION_MOVE_TO (19)
058, Adding, 7, UNIT_MAN_AT_ARMS (5505038), UNITOPERATION_MOVE_TO (19)
058, Adding, 7, UNIT_BUILDER (6488113), UNITOPERATION_SWAP_UNITS (49)
058, Can't Start, 7, UNIT_BUILDER (6488113), UNITOPERATION_SWAP_UNITS (49)
058, Adding, 7, UNIT_BUILDER (6488113), UNITOPERATION_MOVE_TO (19)
058, Adding, 7, UNIT_BUILDER (6619187), UNITOPERATION_SWAP_UNITS (49)
058, Can't Start, 7, UNIT_BUILDER (6619187), UNITOPERATION_SWAP_UNITS (49)
058, Adding, 7, UNIT_BUILDER (6619187), UNITOPERATION_MOVE_TO (19)
058, Adding, 7, UNIT_BUILDER (6619187), UNITOPERATION_HARVEST_RESOURCE (16)
058, Adding, 7, UNIT_BUILDER (6619187), UNITOPERATION_BUILD_IMPROVEMENT (2)
058, Can't Start, 7, UNIT_BUILDER (6619187), UNITOPERATION_BUILD_IMPROVEMENT (2)
058, Adding, 7, UNIT_BUILDER (8323112), UNITOPERATION_SWAP_UNITS (49)
058, Can't Start, 7, UNIT_BUILDER (8323112), UNITOPERATION_SWAP_UNITS (49)
058, Adding, 7, UNIT_BUILDER (8323112), UNITOPERATION_MOVE_TO (19)
058, Adding, 7, UNIT_BUILDER (8323112), UNITOPERATION_REMOVE_FEATURE (28)
058, Adding, 7, UNIT_BUILDER (8323112), UNITOPERATION_BUILD_IMPROVEMENT (2)
058, Can't Start, 7, UNIT_BUILDER (8323112), UNITOPERATION_BUILD_IMPROVEMENT (2)
058, Adding, 7, UNIT_MUSKETMAN (6881285), UNITOPERATION_MOVE_TO (19)
058, Adding, 7, UNIT_MUSKETMAN (7864333), UNITOPERATION_MOVE_TO (19)
058, Adding, 7, UNIT_MUSKETMAN (7340058), UNITOPERATION_MOVE_TO (19)
058, Adding, 7, UNIT_KNIGHT (6684710), UNITOPERATION_MOVE_TO (19)
058, Adding, 7, UNIT_MAN_AT_ARMS (5242925), UNITOPERATION_MOVE_TO (19)
058, Adding, 7, UNIT_BOMBARD (8126511), UNITOPERATION_MOVE_TO (19)
058, Adding, 7, UNIT_MUSKETMAN (7012405), UNITOPERATION_MOVE_TO (19)
058, Adding, 7, UNIT_MUSKETMAN (7143479), UNITOPERATION_MOVE_TO (19)
058, Adding, 7, UNIT_SKIRMISHER (3735570), UNITOPERATION_MOVE_TO (19)
058, Adding, 7, UNIT_SKIRMISHER (3735570), UNITOPERATION_MOVE_TO (19)
058, Adding, 7, UNIT_SKIRMISHER (3735570), UNITOPERATION_MOVE_TO (19)
058, Adding, 7, UNIT_TAOIST (851968), UNITOPERATION_MOVE_TO (19)
058, Adding, 7, UNIT_TAOIST (851968), UNITOPERATION_MOVE_TO (19)
058, Adding, 7, UNIT_SKIRMISHER (7733249), UNITOPERATION_MOVE_TO (19)
058, Adding, 7, UNIT_TAOIST (7471113), UNITOPERATION_MOVE_TO (19)
058, Adding, 7, UNIT_SKIRMISHER (6029329), UNITOPERATION_MOVE_TO (19)
058, Adding, 7, UNIT_SKIRMISHER (3670036), UNITOPERATION_MOVE_TO (19)
058, Adding, 7, UNIT_SKIRMISHER (3932181), UNITOPERATION_MOVE_TO (19)
058, Adding, 7, UNIT_SKIRMISHER (4849692), UNITOPERATION_MOVE_TO (19)
058, Adding, 7, UNIT_SKIRMISHER (3538973), UNITOPERATION_MOVE_TO (19)
058, Adding, 7, UNIT_SKIRMISHER (8192030), UNITOPERATION_MOVE_TO (19)
058, Adding, 7, UNIT_SKIRMISHER (3407907), UNITOPERATION_MOVE_TO (19)
058, Adding, 7, UNIT_SKIRMISHER (4587562), UNITOPERATION_MOVE_TO (19)
058, Adding, 7, UNIT_TAOIST (8060978), UNITOPERATION_MOVE_TO (19)
058, Adding, 7, UNIT_SKIRMISHER (7733249), UNITOPERATION_SKIP_TURN (36)
058, Adding, 7, UNIT_TAOIST (7471113), UNITOPERATION_SKIP_TURN (36)
058, Adding, 7, UNIT_SKIRMISHER (6029329), UNITOPERATION_SKIP_TURN (36)
058, Adding, 7, UNIT_SKIRMISHER (3670036), UNITOPERATION_SKIP_TURN (36)
058, Adding, 7, UNIT_SKIRMISHER (3932181), UNITOPERATION_SKIP_TURN (36)
058, Adding, 7, UNIT_SKIRMISHER (4849692), UNITOPERATION_SKIP_TURN (36)
058, Adding, 7, UNIT_SKIRMISHER (3538973), UNITOPERATION_SKIP_TURN (36)
058, Adding, 7, UNIT_SKIRMISHER (8192030), UNITOPERATION_SKIP_TURN (36)
058, Adding, 7, UNIT_SKIRMISHER (3407907), UNITOPERATION_SKIP_TURN (36)
058, Adding, 7, UNIT_SKIRMISHER (4587562), UNITOPERATION_SKIP_TURN (36)
058, Adding, 7, UNIT_TAOIST (8060978), UNITOPERATION_SKIP_TURN (36)
058, Can't Start, 7, UNIT_BUILDER (8323112), UNITOPERATION_BUILD_IMPROVEMENT (2)
058, Can't Start, 7, UNIT_BUILDER (6619187), UNITOPERATION_BUILD_IMPROVEMENT (2)
058, Adding, 8, UNIT_TRADER (1048588), UNITOPERATION_MAKE_TRADE_ROUTE (18)
058, Can't Start, 8, UNIT_TRADER (1048588), UNITOPERATION_MAKE_TRADE_ROUTE (18)
058, Adding, 8, UNIT_MUSKETMAN (8978505), UNITOPERATION_MOVE_TO (19)
058, Adding, 8, UNIT_SETTLER (9699343), UNITOPERATION_MOVE_TO (19)
058, Adding, 8, UNIT_SPY (11403352), UNITOPERATION_SPY_TRAVEL_NEW_CITY (48)
058, Adding, 8, UNIT_MILITARY_ENGINEER (9240643), UNITOPERATION_SWAP_UNITS (49)
058, Can't Start, 8, UNIT_MILITARY_ENGINEER (9240643), UNITOPERATION_SWAP_UNITS (49)
058, Adding, 8, UNIT_MILITARY_ENGINEER (9240643), UNITOPERATION_MOVE_TO (19)
058, Adding, 8, UNIT_MILITARY_ENGINEER (9240643), UNITOPERATION_REMOVE_FEATURE (28)
058, Adding, 8, UNIT_MILITARY_ENGINEER (9240643), UNITOPERATION_BUILD_IMPROVEMENT (2)
058, Can't Start, 8, UNIT_MILITARY_ENGINEER (9240643), UNITOPERATION_BUILD_IMPROVEMENT (2)
058, Adding, 8, UNIT_MILITARY_ENGINEER (7995435), UNITOPERATION_SWAP_UNITS (49)
058, Can't Start, 8, UNIT_MILITARY_ENGINEER (7995435), UNITOPERATION_SWAP_UNITS (49)
058, Adding, 8, UNIT_MILITARY_ENGINEER (7995435), UNITOPERATION_MOVE_TO (19)
058, Adding, 8, UNIT_MILITARY_ENGINEER (7995435), UNITOPERATION_REMOVE_FEATURE (28)
058, Adding, 8, UNIT_BUILDER (8716357), UNITOPERATION_SWAP_UNITS (49)
058, Can't Start, 8, UNIT_BUILDER (8716357), UNITOPERATION_SWAP_UNITS (49)
058, Adding, 8, UNIT_BUILDER (8716357), UNITOPERATION_MOVE_TO (19)
058, Adding, 8, UNIT_BUILDER (8716357), UNITOPERATION_REMOVE_FEATURE (28)
058, Adding, 8, UNIT_BUILDER (10813499), UNITOPERATION_SWAP_UNITS (49)
058, Can't Start, 8, UNIT_BUILDER (10813499), UNITOPERATION_SWAP_UNITS (49)
058, Adding, 8, UNIT_BUILDER (10813499), UNITOPERATION_MOVE_TO (19)
058, Adding, 8, UNIT_BUILDER (10813499), UNITOPERATION_REMOVE_FEATURE (28)
058, Adding, 8, UNIT_BUILDER (10813499), UNITOPERATION_BUILD_IMPROVEMENT (2)
058, Can't Start, 8, UNIT_BUILDER (10813499), UNITOPERATION_BUILD_IMPROVEMENT (2)
058, Adding, 8, UNIT_BUILDER (10879022), UNITOPERATION_SWAP_UNITS (49)
058, Can't Start, 8, UNIT_BUILDER (10879022), UNITOPERATION_SWAP_UNITS (49)
058, Adding, 8, UNIT_BUILDER (10879022), UNITOPERATION_MOVE_TO (19)
058, Adding, 8, UNIT_BUILDER (10879022), UNITOPERATION_BUILD_IMPROVEMENT (2)
058, Adding, 8, UNIT_BUILDER (9961482), UNITOPERATION_SWAP_UNITS (49)
058, Can't Start, 8, UNIT_BUILDER (9961482), UNITOPERATION_SWAP_UNITS (49)
058, Adding, 8, UNIT_BUILDER (9961482), UNITOPERATION_MOVE_TO (19)
058, Adding, 8, UNIT_BUILDER (9961482), UNITOPERATION_BUILD_IMPROVEMENT (2)
058, Adding, 8, UNIT_BUILDER (9568264), UNITOPERATION_SWAP_UNITS (49)
058, Can't Start, 8, UNIT_BUILDER (9568264), UNITOPERATION_SWAP_UNITS (49)
058, Adding, 8, UNIT_BUILDER (9568264), UNITOPERATION_MOVE_TO (19)
058, Adding, 8, UNIT_BUILDER (9568264), UNITOPERATION_BUILD_IMPROVEMENT (2)
058, Adding, 8, UNIT_GREAT_GENERAL (11075668), UNITOPERATION_MOVE_TO (19)
058, Can't Start, 8, UNIT_GREAT_GENERAL (11075668), UNITOPERATION_MOVE_TO (19)
058, Adding, 8, UNIT_SKIRMISHER (5505075), UNITOPERATION_MOVE_TO (19)
058, Adding, 8, UNIT_SKIRMISHER (4128809), UNITOPERATION_MOVE_TO (19)
058, Adding, 8, UNIT_MUSKETMAN (10944526), UNITOPERATION_MOVE_TO (19)
058, Adding, 8, UNIT_COURSER (10682384), UNITOPERATION_MOVE_TO (19)
058, Adding, 8, UNIT_KNIGHT (8454163), UNITOPERATION_MOVE_TO (19)
058, Adding, 8, UNIT_MUSKETMAN (9633822), UNITOPERATION_MOVE_TO (19)
058, Adding, 8, UNIT_MUSKETMAN (9437219), UNITOPERATION_MOVE_TO (19)
058, Can't Start, 8, UNIT_MUSKETMAN (9437219), UNITOPERATION_MOVE_TO (19)
058, Adding, 8, UNIT_MUSKETMAN (9895981), UNITOPERATION_MOVE_TO (19)
058, Adding, 8, UNIT_MUSKETMAN (9306161), UNITOPERATION_MOVE_TO (19)
058, Can't Start, 8, UNIT_MUSKETMAN (9306161), UNITOPERATION_MOVE_TO (19)
058, Adding, 8, UNIT_MUSKETMAN (9175090), UNITOPERATION_MOVE_TO (19)
058, Adding, 8, UNIT_MUSKETMAN (9109556), UNITOPERATION_MOVE_TO (19)
058, Adding, 8, UNIT_KNIGHT (8257600), UNITOPERATION_MOVE_TO (19)
058, Adding, 8, UNIT_MUSKETMAN (8781894), UNITOPERATION_MOVE_TO (19)
058, Can't Start, 8, UNIT_MUSKETMAN (8781894), UNITOPERATION_MOVE_TO (19)
058, Adding, 8, UNIT_MUSKETMAN (8847431), UNITOPERATION_MOVE_TO (19)
058, Adding, 8, UNIT_MUSKETMAN (8912968), UNITOPERATION_MOVE_TO (19)
058, Adding, 8, UNIT_MUSKETMAN (11141194), UNITOPERATION_MOVE_TO (19)
058, Adding, 8, UNIT_MUSKETMAN (10027084), UNITOPERATION_MOVE_TO (19)
058, Can't Start, 8, UNIT_MUSKETMAN (10027084), UNITOPERATION_MOVE_TO (19)
058, Adding, 8, UNIT_MUSKETMAN (10223695), UNITOPERATION_MOVE_TO (19)
058, Adding, 8, UNIT_PIKE_AND_SHOT (10747986), UNITOPERATION_MOVE_TO (19)
058, Adding, 8, UNIT_MUSKETMAN (11272278), UNITOPERATION_MOVE_TO (19)
058, Can't Start, 8, UNIT_MUSKETMAN (11272278), UNITOPERATION_MOVE_TO (19)
058, Adding, 8, UNIT_MUSKETMAN (11468889), UNITOPERATION_MOVE_TO (19)
058, Adding, 8, UNIT_MUSKETMAN (11534426), UNITOPERATION_MOVE_TO (19)
058, Adding, 8, UNIT_MUSKETMAN (11599963), UNITOPERATION_MOVE_TO (19)
058, Adding, 8, UNIT_VIETNAMESE_VOI_CHIEN (7208961), UNITOPERATION_MOVE_TO (19)
058, Adding, 8, UNIT_VIETNAMESE_VOI_CHIEN (5439490), UNITOPERATION_MOVE_TO (19)
058, Adding, 8, UNIT_VIETNAMESE_VOI_CHIEN (5832707), UNITOPERATION_MOVE_TO (19)
058, Adding, 8, UNIT_VIETNAMESE_VOI_CHIEN (7864324), UNITOPERATION_MOVE_TO (19)
058, Adding, 8, UNIT_VIETNAMESE_VOI_CHIEN (7143429), UNITOPERATION_MOVE_TO (19)
058, Adding, 8, UNIT_VIETNAMESE_VOI_CHIEN (7405574), UNITOPERATION_MOVE_TO (19)
058, Adding, 8, UNIT_VIETNAMESE_VOI_CHIEN (6946823), UNITOPERATION_MOVE_TO (19)
058, Adding, 8, UNIT_VIETNAMESE_VOI_CHIEN (5111825), UNITOPERATION_MOVE_TO (19)
058, Adding, 8, UNIT_VIETNAMESE_VOI_CHIEN (5373972), UNITOPERATION_MOVE_TO (19)
058, Adding, 8, UNIT_VIETNAMESE_VOI_CHIEN (6357013), UNITOPERATION_MOVE_TO (19)
058, Adding, 8, UNIT_VIETNAMESE_VOI_CHIEN (7340054), UNITOPERATION_MOVE_TO (19)
058, Adding, 8, UNIT_VIETNAMESE_VOI_CHIEN (6029335), UNITOPERATION_MOVE_TO (19)
058, Adding, 8, UNIT_VIETNAMESE_VOI_CHIEN (7667738), UNITOPERATION_MOVE_TO (19)
058, Adding, 8, UNIT_VIETNAMESE_VOI_CHIEN (5767195), UNITOPERATION_MOVE_TO (19)
058, Adding, 8, UNIT_VIETNAMESE_VOI_CHIEN (5046300), UNITOPERATION_MOVE_TO (19)
058, Adding, 8, UNIT_VIETNAMESE_VOI_CHIEN (7602205), UNITOPERATION_MOVE_TO (19)
058, Adding, 8, UNIT_VIETNAMESE_VOI_CHIEN (8060959), UNITOPERATION_MOVE_TO (19)
058, Adding, 8, UNIT_VIETNAMESE_VOI_CHIEN (7798816), UNITOPERATION_MOVE_TO (19)
058, Adding, 8, UNIT_VIETNAMESE_VOI_CHIEN (6881313), UNITOPERATION_MOVE_TO (19)
058, Adding, 8, UNIT_VIETNAMESE_VOI_CHIEN (7077922), UNITOPERATION_MOVE_TO (19)
058, Adding, 8, UNIT_VIETNAMESE_VOI_CHIEN (5308458), UNITOPERATION_MOVE_TO (19)
058, Adding, 8, UNIT_VIETNAMESE_VOI_CHIEN (5570604), UNITOPERATION_MOVE_TO (19)
058, Adding, 8, UNIT_BOMBARD (10616879), UNITOPERATION_MOVE_TO (19)
058, Adding, 8, UNIT_VIETNAMESE_VOI_CHIEN (8192063), UNITOPERATION_MOVE_TO (19)
058, Adding, 8, UNIT_VIETNAMESE_VOI_CHIEN (10485835), UNITOPERATION_MOVE_TO (19)
058, Adding, 8, UNIT_VIETNAMESE_VOI_CHIEN (10092621), UNITOPERATION_MOVE_TO (19)
058, Adding, 8, UNIT_COURSER (10289232), UNITOPERATION_MOVE_TO (19)
058, Adding, 8, UNIT_COURSER (10354769), UNITOPERATION_MOVE_TO (19)
058, Adding, 8, UNIT_APOSTLE (10158158), UNITOPERATION_MOVE_TO (19)
058, Adding, 8, UNIT_APOSTLE (11010131), UNITOPERATION_MOVE_TO (19)
058, Adding, 8, UNIT_APOSTLE (9371687), UNITOPERATION_MOVE_TO (19)
058, Adding, 8, UNIT_APOSTLE (10551349), UNITOPERATION_MOVE_TO (19)
058, Adding, 8, UNIT_APOSTLE (11010131), UNITOPERATION_MOVE_TO (19)
058, Can't Start, 8, UNIT_APOSTLE (11010131), UNITOPERATION_MOVE_TO (19)
058, Adding, 8, UNIT_APOSTLE (10551349), UNITOPERATION_MOVE_TO (19)
058, Can't Start, 8, UNIT_APOSTLE (10551349), UNITOPERATION_MOVE_TO (19)
058, Adding, 8, UNIT_APOSTLE (8650820), UNITOPERATION_MOVE_TO (19)
058, Adding, 8, UNIT_APOSTLE (10551349), UNITOPERATION_MOVE_TO (19)
058, Can't Start, 8, UNIT_APOSTLE (10551349), UNITOPERATION_MOVE_TO (19)
058, Adding, 8, UNIT_APOSTLE (8650820), UNITOPERATION_MOVE_TO (19)
058, Can't Start, 8, UNIT_APOSTLE (8650820), UNITOPERATION_MOVE_TO (19)
058, Adding, 8, UNIT_APOSTLE (8650820), UNITOPERATION_MOVE_TO (19)
058, Can't Start, 8, UNIT_APOSTLE (8650820), UNITOPERATION_MOVE_TO (19)
058, Adding, 8, UNIT_APOSTLE (8650820), UNITOPERATION_MOVE_TO (19)
058, Can't Start, 8, UNIT_APOSTLE (8650820), UNITOPERATION_MOVE_TO (19)
058, Adding, 8, UNIT_MISSIONARY (7471104), UNITOPERATION_MOVE_TO (19)
058, Adding, 8, UNIT_MISSIONARY (6094857), UNITOPERATION_MOVE_TO (19)
058, Adding, 8, UNIT_MISSIONARY (5177355), UNITOPERATION_MOVE_TO (19)
058, Adding, 8, UNIT_MISSIONARY (3866637), UNITOPERATION_MOVE_TO (19)
058, Adding, 8, UNIT_MISSIONARY (4259864), UNITOPERATION_MOVE_TO (19)
058, Adding, 8, UNIT_MISSIONARY (4849689), UNITOPERATION_MOVE_TO (19)
058, Adding, 8, UNIT_MISSIONARY (4849689), UNITOPERATION_SPREAD_RELIGION (38)
058, Adding, 8, UNIT_MISSIONARY (3670053), UNITOPERATION_SPREAD_RELIGION (38)
058, Adding, 8, UNIT_MISSIONARY (5701670), UNITOPERATION_SPREAD_RELIGION (38)
058, Adding, 8, UNIT_MISSIONARY (4063272), UNITOPERATION_MOVE_TO (19)
058, Adding, 8, UNIT_MISSIONARY (4784176), UNITOPERATION_MOVE_TO (19)
058, Adding, 8, UNIT_MISSIONARY (4784176), UNITOPERATION_SPREAD_RELIGION (38)
058, Can't Start, 8, UNIT_MISSIONARY (4784176), UNITOPERATION_SPREAD_RELIGION (38)
058, Adding, 8, UNIT_MISSIONARY (6488118), UNITOPERATION_MOVE_TO (19)
058, Adding, 8, UNIT_MISSIONARY (6684728), UNITOPERATION_MOVE_TO (19)
058, Adding, 8, UNIT_MISSIONARY (7733309), UNITOPERATION_MOVE_TO (19)
058, Adding, 8, UNIT_MISSIONARY (7929918), UNITOPERATION_MOVE_TO (19)
058, Adding, 8, UNIT_MISSIONARY (8323137), UNITOPERATION_MOVE_TO (19)
058, Adding, 8, UNIT_MISSIONARY (8519746), UNITOPERATION_MOVE_TO (19)
058, Adding, 8, UNIT_APOSTLE (10158158), UNITOPERATION_MOVE_TO (19)
058, Adding, 8, UNIT_BUILDER (9502780), UNITOPERATION_MOVE_TO (19)
058, Adding, 8, UNIT_BUILDER (9502780), UNITOPERATION_MOVE_TO (19)
058, Adding, 8, UNIT_BUILDER (9502780), UNITOPERATION_MOVE_TO (19)
058, Adding, 8, UNIT_MILITARY_ENGINEER (8126482), UNITOPERATION_MOVE_TO (19)
058, Adding, 8, UNIT_MILITARY_ENGINEER (8126482), UNITOPERATION_MOVE_TO (19)
058, Adding, 8, UNIT_SKIRMISHER (6553655), UNITOPERATION_MOVE_TO (19)
058, Adding, 8, UNIT_SKIRMISHER (6750265), UNITOPERATION_MOVE_TO (19)
058, Adding, 8, UNIT_SKIRMISHER (7012410), UNITOPERATION_MOVE_TO (19)
058, Adding, 8, UNIT_MILITARY_ENGINEER (8388644), UNITOPERATION_SKIP_TURN (36)
058, Adding, 8, UNIT_SKIRMISHER (6553655), UNITOPERATION_SKIP_TURN (36)
058, Adding, 8, UNIT_SKIRMISHER (6750265), UNITOPERATION_SKIP_TURN (36)
058, Adding, 8, UNIT_SKIRMISHER (7012410), UNITOPERATION_SKIP_TURN (36)
058, Adding, 8, UNIT_BUILDER (11206741), UNITOPERATION_SKIP_TURN (36)
058, Can't Start, 8, UNIT_TRADER (1048588), UNITOPERATION_MAKE_TRADE_ROUTE (18)
058, Can't Start, 8, UNIT_APOSTLE (10551349), UNITOPERATION_MOVE_TO (19)
058, Can't Start, 8, UNIT_BUILDER (10813499), UNITOPERATION_BUILD_IMPROVEMENT (2)
058, Can't Start, 8, UNIT_MILITARY_ENGINEER (9240643), UNITOPERATION_BUILD_IMPROVEMENT (2)
058, Can't Start, 8, UNIT_APOSTLE (8650820), UNITOPERATION_MOVE_TO (19)
058, Can't Start, 8, UNIT_APOSTLE (11010131), UNITOPERATION_MOVE_TO (19)
058, Adding, 9, UNIT_MUSKETMAN (9043977), UNITOPERATION_SWAP_UNITS (49)
058, Can't Start, 9, UNIT_MUSKETMAN (9043977), UNITOPERATION_SWAP_UNITS (49)
058, Adding, 9, UNIT_MUSKETMAN (9043977), UNITOPERATION_MOVE_TO (19)
058, Adding, 9, UNIT_CROSSBOWMAN (7864328), UNITOPERATION_SWAP_UNITS (49)
058, Can't Start, 9, UNIT_CROSSBOWMAN (7864328), UNITOPERATION_SWAP_UNITS (49)
058, Adding, 9, UNIT_CROSSBOWMAN (7864328), UNITOPERATION_MOVE_TO (19)
058, Adding, 9, UNIT_MUSKETMAN (8978445), UNITOPERATION_SWAP_UNITS (49)
058, Can't Start, 9, UNIT_MUSKETMAN (8978445), UNITOPERATION_SWAP_UNITS (49)
058, Adding, 9, UNIT_COURSER (8257551), UNITOPERATION_SWAP_UNITS (49)
058, Can't Start, 9, UNIT_COURSER (8257551), UNITOPERATION_SWAP_UNITS (49)
058, Adding, 9, UNIT_COURSER (8257551), UNITOPERATION_MOVE_TO (19)
058, Adding, 9, UNIT_CROSSBOWMAN (7864328), UNITOPERATION_RANGE_ATTACK (26)
058, Adding, 9, UNIT_CROSSBOWMAN (7864328), UNITOPERATION_MOVE_TO (19)
058, Adding, 9, UNIT_MUSKETMAN (8978445), UNITOPERATION_MOVE_TO (19)
058, Adding, 9, UNIT_COURSER (8257551), UNITOPERATION_MOVE_TO (19)
058, Adding, 9, UNIT_CROSSBOWMAN (5242890), UNITOPERATION_MOVE_TO (19)
058, Adding, 9, UNIT_SETTLER (10420280), UNITOPERATION_MOVE_TO (19)
058, Adding, 9, UNIT_MUSKETMAN (9633826), UNITOPERATION_MOVE_TO (19)
058, Adding, 9, UNIT_BUILDER (9895937), UNITOPERATION_BUILD_IMPROVEMENT (2)
058, Adding, 9, UNIT_BUILDER (9764897), UNITOPERATION_REMOVE_FEATURE (28)
058, Can't Start, 9, UNIT_BUILDER (9764897), UNITOPERATION_REMOVE_FEATURE (28)
058, Adding, 9, UNIT_MILITARY_ENGINEER (8585255), UNITOPERATION_SWAP_UNITS (49)
058, Can't Start, 9, UNIT_MILITARY_ENGINEER (8585255), UNITOPERATION_SWAP_UNITS (49)
058, Adding, 9, UNIT_MILITARY_ENGINEER (8585255), UNITOPERATION_MOVE_TO (19)
058, Adding, 9, UNIT_GREAT_GENERAL (9568258), UNITOPERATION_MOVE_TO (19)
058, Can't Start, 9, UNIT_GREAT_GENERAL (9568258), UNITOPERATION_MOVE_TO (19)
058, Adding, 9, UNIT_MUSKETMAN (10682373), UNITOPERATION_MOVE_TO (19)
058, Adding, 9, UNIT_MUSKETMAN (9240588), UNITOPERATION_MOVE_TO (19)
058, Adding, 9, UNIT_KNIGHT (9830418), UNITOPERATION_MOVE_TO (19)
058, Can't Start, 9, UNIT_KNIGHT (9830418), UNITOPERATION_MOVE_TO (19)
058, Adding, 9, UNIT_MUSKETMAN (8912916), UNITOPERATION_MOVE_TO (19)
058, Can't Start, 9, UNIT_MUSKETMAN (8912916), UNITOPERATION_MOVE_TO (19)
058, Adding, 9, UNIT_CROSSBOWMAN (6946840), UNITOPERATION_MOVE_TO (19)
058, Adding, 9, UNIT_CROSSBOWMAN (5701661), UNITOPERATION_MOVE_TO (19)
058, Adding, 9, UNIT_CROSSBOWMAN (6750246), UNITOPERATION_MOVE_TO (19)
058, Adding, 9, UNIT_CROSSBOWMAN (4718633), UNITOPERATION_MOVE_TO (19)
058, Adding, 9, UNIT_CROSSBOWMAN (5308459), UNITOPERATION_MOVE_TO (19)
058, Adding, 9, UNIT_MUSKETMAN (10551341), UNITOPERATION_MOVE_TO (19)
058, Adding, 9, UNIT_KNIGHT (9306158), UNITOPERATION_MOVE_TO (19)
058, Adding, 9, UNIT_MUSKETMAN (10813490), UNITOPERATION_MOVE_TO (19)
058, Adding, 9, UNIT_MAN_AT_ARMS (6488116), UNITOPERATION_MOVE_TO (19)
058, Adding, 9, UNIT_MAN_AT_ARMS (6553653), UNITOPERATION_MOVE_TO (19)
058, Adding, 9, UNIT_MAN_AT_ARMS (6619190), UNITOPERATION_MOVE_TO (19)
058, Adding, 9, UNIT_MAN_AT_ARMS (7209015), UNITOPERATION_MOVE_TO (19)
058, Adding, 9, UNIT_MUSKETMAN (10027068), UNITOPERATION_MOVE_TO (19)
058, Can't Start, 9, UNIT_MUSKETMAN (10027068), UNITOPERATION_MOVE_TO (19)
058, Adding, 9, UNIT_CROSSBOWMAN (4521995), UNITOPERATION_MOVE_TO (19)
058, Adding, 9, UNIT_CROSSBOWMAN (4653096), UNITOPERATION_MOVE_TO (19)
058, Adding, 9, UNIT_BUILDER (9437201), UNITOPERATION_MOVE_TO (19)
058, Adding, 9, UNIT_MISSIONARY (4390915), UNITOPERATION_MOVE_TO (19)
058, Adding, 9, UNIT_MISSIONARY (9502727), UNITOPERATION_MOVE_TO (19)
058, Adding, 9, UNIT_MISSIONARY (5570574), UNITOPERATION_SPREAD_RELIGION (38)
058, Adding, 9, UNIT_MISSIONARY (7798800), UNITOPERATION_MOVE_TO (19)
058, Adding, 9, UNIT_MISSIONARY (8192019), UNITOPERATION_MOVE_TO (19)
058, Adding, 9, UNIT_MISSIONARY (5177365), UNITOPERATION_MOVE_TO (19)
058, Adding, 9, UNIT_MISSIONARY (5439513), UNITOPERATION_MOVE_TO (19)
058, Adding, 9, UNIT_MISSIONARY (6881306), UNITOPERATION_MOVE_TO (19)
058, Adding, 9, UNIT_MISSIONARY (9175071), UNITOPERATION_MOVE_TO (19)
058, Adding, 9, UNIT_MISSIONARY (4915232), UNITOPERATION_MOVE_TO (19)
058, Adding, 9, UNIT_MISSIONARY (8650787), UNITOPERATION_MOVE_TO (19)
058, Adding, 9, UNIT_MISSIONARY (7274538), UNITOPERATION_MOVE_TO (19)
058, Adding, 9, UNIT_MISSIONARY (5832748), UNITOPERATION_SPREAD_RELIGION (38)
058, Adding, 9, UNIT_MISSIONARY (6225968), UNITOPERATION_MOVE_TO (19)
058, Adding, 9, UNIT_MISSIONARY (8519737), UNITOPERATION_MOVE_TO (19)
058, Adding, 9, UNIT_APOSTLE (9961531), UNITOPERATION_MOVE_TO (19)
058, Adding, 9, UNIT_APOSTLE (10747966), UNITOPERATION_MOVE_TO (19)
058, Adding, 9, UNIT_SKIRMISHER (5046276), UNITOPERATION_MOVE_TO (19)
058, Adding, 9, UNIT_SKIRMISHER (5046276), UNITOPERATION_MOVE_TO (19)
058, Adding, 9, UNIT_SKIRMISHER (5046276), UNITOPERATION_MOVE_TO (19)
058, Adding, 9, UNIT_SKIRMISHER (5046276), UNITOPERATION_MOVE_TO (19)
058, Adding, 9, UNIT_SKIRMISHER (5111830), UNITOPERATION_MOVE_TO (19)
058, Adding, 9, UNIT_SKIRMISHER (5111830), UNITOPERATION_SKIP_TURN (36)
058, Adding, 9, UNIT_BUILDER (10944561), UNITOPERATION_SKIP_TURN (36)
058, Adding, 9, UNIT_BUILDER (10223677), UNITOPERATION_SKIP_TURN (36)
058, Can't Start, 9, UNIT_MUSKETMAN (10027068), UNITOPERATION_MOVE_TO (19)
058, Adding, 10, UNIT_BUILDER (1310729), UNITOPERATION_SWAP_UNITS (49)
058, Can't Start, 10, UNIT_BUILDER (1310729), UNITOPERATION_SWAP_UNITS (49)
058, Adding, 10, UNIT_BUILDER (1310729), UNITOPERATION_MOVE_TO (19)
058, Adding, 10, UNIT_CROSSBOWMAN (983040), UNITOPERATION_SWAP_UNITS (49)
058, Can't Start, 10, UNIT_CROSSBOWMAN (983040), UNITOPERATION_SWAP_UNITS (49)
058, Adding, 10, UNIT_CROSSBOWMAN (983040), UNITOPERATION_MOVE_TO (19)
058, Adding, 10, UNIT_CROSSBOWMAN (1245191), UNITOPERATION_SWAP_UNITS (49)
058, Can't Start, 10, UNIT_CROSSBOWMAN (1245191), UNITOPERATION_SWAP_UNITS (49)
058, Adding, 10, UNIT_CROSSBOWMAN (1245191), UNITOPERATION_MOVE_TO (19)
058, Adding, 10, UNIT_SWORDSMAN (1114120), UNITOPERATION_MOVE_TO (19)
058, Adding, 10, UNIT_SWORDSMAN (786433), UNITOPERATION_MOVE_TO (19)
058, Adding, 10, UNIT_SWORDSMAN (917506), UNITOPERATION_MOVE_TO (19)
058, Adding, 10, UNIT_SWORDSMAN (851971), UNITOPERATION_MOVE_TO (19)
058, Adding, 10, UNIT_CROSSBOWMAN (1179652), UNITOPERATION_MOVE_TO (19)
058, Adding, 10, UNIT_SWORDSMAN (720902), UNITOPERATION_MOVE_TO (19)
058, Adding, 12, UNIT_SWORDSMAN (655361), UNITOPERATION_SWAP_UNITS (49)
058, Can't Start, 12, UNIT_SWORDSMAN (655361), UNITOPERATION_SWAP_UNITS (49)
058, Adding, 12, UNIT_SWORDSMAN (655361), UNITOPERATION_MOVE_TO (19)
058, Adding, 12, UNIT_CROSSBOWMAN (720898), UNITOPERATION_MOVE_TO (19)
058, Adding, 12, UNIT_CROSSBOWMAN (786435), UNITOPERATION_MOVE_TO (19)
058, Adding, 12, UNIT_CROSSBOWMAN (983044), UNITOPERATION_MOVE_TO (19)
058, Adding, 12, UNIT_BUILDER (917504), UNITOPERATION_SKIP_TURN (36)
058, Adding, 13, UNIT_SWORDSMAN (655361), UNITOPERATION_MOVE_TO (19)
058, Adding, 13, UNIT_CATAPULT (720898), UNITOPERATION_MOVE_TO (19)
058, Adding, 13, UNIT_HEAVY_CHARIOT (524292), UNITOPERATION_MOVE_TO (19)
058, Adding, 13, UNIT_SWORDSMAN (589829), UNITOPERATION_MOVE_TO (19)
058, Adding, 13, UNIT_CROSSBOWMAN (851974), UNITOPERATION_MOVE_TO (19)
058, Adding, 13, UNIT_BUILDER (786432), UNITOPERATION_SKIP_TURN (36)
058, Adding, 14, UNIT_BUILDER (720896), UNITOPERATION_SKIP_TURN (36)
058, Adding, 15, UNIT_SWORDSMAN (983041), UNITOPERATION_MOVE_TO (19)
058, Adding, 15, UNIT_HORSEMAN (1179652), UNITOPERATION_MOVE_TO (19)
058, Adding, 15, UNIT_HORSEMAN (720902), UNITOPERATION_MOVE_TO (19)
058, Adding, 15, UNIT_SWORDSMAN (786439), UNITOPERATION_MOVE_TO (19)
058, Adding, 15, UNIT_SWORDSMAN (851976), UNITOPERATION_MOVE_TO (19)
058, Adding, 15, UNIT_SWORDSMAN (1048585), UNITOPERATION_MOVE_TO (19)
058, Adding, 15, UNIT_SWORDSMAN (1114122), UNITOPERATION_MOVE_TO (19)
058, Adding, 15, UNIT_BUILDER (917507), UNITOPERATION_SKIP_TURN (36)
058, Adding, 17, UNIT_MAN_AT_ARMS (1769474), UNITOPERATION_FORTIFY (12)
058, Adding, 17, UNIT_MAN_AT_ARMS (1376259), UNITOPERATION_FORTIFY (12)
058, Can't Start, 17, UNIT_MAN_AT_ARMS (1376259), UNITOPERATION_FORTIFY (12)
058, Adding, 17, UNIT_MAN_AT_ARMS (1507328), UNITOPERATION_MOVE_TO (19)
058, Adding, 17, UNIT_SKIRMISHER (1835009), UNITOPERATION_MOVE_TO (19)
058, Adding, 17, UNIT_CROSSBOWMAN (1179652), UNITOPERATION_MOVE_TO (19)
058, Adding, 17, UNIT_MAN_AT_ARMS (1441797), UNITOPERATION_MOVE_TO (19)
058, Adding, 17, UNIT_MAN_AT_ARMS (1310728), UNITOPERATION_MOVE_TO (19)
058, Adding, 17, UNIT_SKIRMISHER (1703945), UNITOPERATION_MOVE_TO (19)
058, Adding, 17, UNIT_BUILDER (1572871), UNITOPERATION_SKIP_TURN (36)
058, Adding, 20, UNIT_SWORDSMAN (720896), UNITOPERATION_MOVE_TO (19)
058, Adding, 20, UNIT_CROSSBOWMAN (983041), UNITOPERATION_MOVE_TO (19)
058, Adding, 20, UNIT_CROSSBOWMAN (851970), UNITOPERATION_MOVE_TO (19)
058, Adding, 20, UNIT_HEAVY_CHARIOT (458756), UNITOPERATION_MOVE_TO (19)
058, Adding, 20, UNIT_CROSSBOWMAN (1048582), UNITOPERATION_MOVE_TO (19)
058, Adding, 20, UNIT_SWORDSMAN (786439), UNITOPERATION_MOVE_TO (19)
058, Adding, 20, UNIT_CROSSBOWMAN (1114120), UNITOPERATION_MOVE_TO (19)
058, Adding, 20, UNIT_CROSSBOWMAN (1179657), UNITOPERATION_MOVE_TO (19)
058, Adding, 20, UNIT_BUILDER (917509), UNITOPERATION_SKIP_TURN (36)
058, Adding, 21, UNIT_MAN_AT_ARMS (1572864), UNITOPERATION_MOVE_TO (19)
058, Adding, 21, UNIT_CROSSBOWMAN (851970), UNITOPERATION_MOVE_TO (19)
058, Adding, 21, UNIT_MAN_AT_ARMS (1703939), UNITOPERATION_MOVE_TO (19)
058, Adding, 21, UNIT_KNIGHT (1376260), UNITOPERATION_MOVE_TO (19)
058, Adding, 21, UNIT_CROSSBOWMAN (1114118), UNITOPERATION_MOVE_TO (19)
058, Adding, 21, UNIT_MAN_AT_ARMS (1507335), UNITOPERATION_MOVE_TO (19)
058, Adding, 21, UNIT_MAN_AT_ARMS (1769481), UNITOPERATION_MOVE_TO (19)
058, Adding, 21, UNIT_CROSSBOWMAN (1310730), UNITOPERATION_MOVE_TO (19)
058, Adding, 21, UNIT_TREBUCHET (1441803), UNITOPERATION_MOVE_TO (19)
058, Adding, 21, UNIT_BUILDER (1638405), UNITOPERATION_SKIP_TURN (36)
058, Adding, 1, UNIT_BABYLONIAN_SABUM_KIBITTUM (196608), UNITOPERATION_HEAL (13)
058, Adding, 3, UNIT_SCOUT (393218), UNITOPERATION_AUTOMATE_EXPLORE (1)
058, Adding, 3, UNIT_WARRIOR (131073), UNITOPERATION_AUTOMATE_EXPLORE (1)
058, Adding, 3, UNIT_SCOUT (589829), UNITOPERATION_MOVE_TO (19)
058, Adding, 1, UNIT_BUILDER (3276822), UNITOPERATION_MOVE_TO (19)
058, Adding, 3, UNIT_SCOUT (196608), UNITOPERATION_MOVE_TO (19)
058, Adding, 1, UNIT_BUILDER (3276822), UNITOPERATION_BUILD_IMPROVEMENT (2)
058, Adding, 3, UNIT_SCOUT (196608), UNITOPERATION_MOVE_TO (19)
058, Adding, 2, UNIT_KNIGHT (2228232), UNITOPERATION_MOVE_TO (19)
058, Adding, 1, UNIT_BUILDER (4259871), UNITOPERATION_MOVE_TO (19)
058, Adding, 2, UNIT_INDIAN_VARU (1507331), UNITOPERATION_MOVE_TO (19)
058, Adding, 3, UNIT_TRADER (3080198), UNITOPERATION_MAKE_TRADE_ROUTE (18)
058, Adding, 1, UNIT_BUILDER (4259871), UNITOPERATION_BUILD_IMPROVEMENT (2)
058, Adding, 2, UNIT_KNIGHT (2424848), UNITOPERATION_MOVE_TO (19)
058, Adding, 3, UNIT_BUILDER (2359307), UNITOPERATION_REPAIR (31)
058, Adding, 2, UNIT_KNIGHT (2359311), UNITOPERATION_MOVE_TO (19)
058, Adding, 0, UNIT_CROSSBOWMAN (2621450), UNITOPERATION_RANGE_ATTACK (26)
058, Adding, 2, UNIT_KNIGHT (2555922), UNITOPERATION_MOVE_TO (19)
058, Adding, 2, UNIT_KNIGHT (2490385), UNITOPERATION_MOVE_TO (19)
058, Adding, 0, UNIT_KNIGHT (2293777), UNITOPERATION_MOVE_TO (19)
058, Adding, 2, UNIT_KNIGHT (2490385), UNITOPERATION_SKIP_TURN (36)
058, Adding, 3, UNIT_BUILDER (2555923), UNITOPERATION_MOVE_TO (19)
058, Adding, 2, UNIT_KNIGHT (2818070), UNITOPERATION_MOVE_TO (19)
058, Adding, 3, UNIT_BUILDER (2555923), UNITOPERATION_REPAIR (31)
058, Adding, 2, UNIT_KNIGHT (2621459), UNITOPERATION_MOVE_TO (19)
058, Adding, 0, UNIT_VAMPIRE (262146), UNITOPERATION_MOVE_TO (19)
058, Adding, 2, UNIT_KNIGHT (2883594), UNITOPERATION_MOVE_TO (19)
058, Adding, 3, UNIT_BUILDER (2031625), UNITOPERATION_MOVE_TO (19)
058, Adding, 0, UNIT_KNIGHT (3014669), UNITOPERATION_MOVE_TO (19)
058, Adding, 3, UNIT_BUILDER (2031625), UNITOPERATION_BUILD_IMPROVEMENT (2)
058, Adding, 2, UNIT_KNIGHT (3014679), UNITOPERATION_MOVE_TO (19)
058, Adding, 3, UNIT_BUILDER (2293774), UNITOPERATION_HARVEST_RESOURCE (16)
058, Adding, 2, UNIT_KNIGHT (2686996), UNITOPERATION_MOVE_TO (19)
058, Adding, 2, UNIT_KNIGHT (2686996), UNITOPERATION_SKIP_TURN (36)
058, Adding, 0, UNIT_GREAT_GENERAL (1114123), UNITOPERATION_MOVE_TO (19)
058, Adding, 2, UNIT_KNIGHT (2752533), UNITOPERATION_MOVE_TO (19)
058, Adding, 2, UNIT_KNIGHT (2752533), UNITOPERATION_SKIP_TURN (36)
058, Adding, 2, UNIT_KNIGHT (3080216), UNITOPERATION_MOVE_TO (19)
058, Adding, 3, UNIT_BUILDER (2424849), UNITOPERATION_MOVE_TO (19)
058, Adding, 2, UNIT_SCOUT (589830), UNITOPERATION_MOVE_TO (19)
058, Adding, 0, UNIT_GREAT_GENERAL (1114123), UNITOPERATION_SKIP_TURN (36)
058, Adding, 0, UNIT_SIEGE_TOWER (2752526), UNITOPERATION_MOVE_TO (19)
058, Adding, 0, UNIT_VAMPIRE (262146), UNITOPERATION_FORTIFY (12)
058, Adding, 0, UNIT_SIEGE_TOWER (2752526), UNITOPERATION_SKIP_TURN (36)
058, Adding, 1, UNIT_BUILDER (3670027), UNITOPERATION_HARVEST_RESOURCE (16)
058, Adding, 0, UNIT_BUILDER (2686996), UNITOPERATION_MOVE_TO (19)
058, Adding, 1, UNIT_BUILDER (3407896), UNITOPERATION_MOVE_TO (19)
058, Adding, 1, UNIT_BUILDER (3407896), UNITOPERATION_REMOVE_FEATURE (28)
058, Adding, 0, UNIT_BUILDER (3211265), UNITOPERATION_BUILD_IMPROVEMENT (2)
058, Adding, 1, UNIT_BUILDER (3145737), UNITOPERATION_MOVE_TO (19)
058, Adding, 2, UNIT_SCOUT (196608), UNITOPERATION_MOVE_TO (19)
058, Adding, 1, UNIT_BUILDER (3145737), UNITOPERATION_BUILD_IMPROVEMENT (2)
058, Adding, 1, UNIT_BUILDER (3014663), UNITOPERATION_MOVE_TO (19)
058, Adding, 2, UNIT_SCOUT (262146), UNITOPERATION_MOVE_TO (19)
058, Adding, 1, UNIT_BUILDER (3014663), UNITOPERATION_MOVE_TO (19)
058, Adding, 1, UNIT_BUILDER (2883596), UNITOPERATION_BUILD_IMPROVEMENT (2)
058, Adding, 1, UNIT_BUILDER (3735570), UNITOPERATION_REMOVE_FEATURE (28)
058, Adding, 1, UNIT_BUILDER (3538964), UNITOPERATION_MOVE_TO (19)
058, Adding, 1, UNIT_BUILDER (3801113), UNITOPERATION_MOVE_TO (19)
058, Adding, 1, UNIT_BUILDER (3801113), UNITOPERATION_BUILD_IMPROVEMENT (2)
058, Adding, 1, UNIT_BUILDER (3538964), UNITOPERATION_MOVE_TO (19)
058, Adding, 1, UNIT_SPY (4194314), UNITOPERATION_SPY_TRAVEL_NEW_CITY (48)
058, Adding, 1, UNIT_TRADER (4128798), UNITOPERATION_MAKE_TRADE_ROUTE (18)
058, Adding, 1, UNIT_BUILDER (3932187), UNITOPERATION_MOVE_TO (19)
058, Adding, 1, UNIT_BUILDER (3932187), UNITOPERATION_REMOVE_FEATURE (28)
058, Adding, 1, UNIT_BUILDER (4325408), UNITOPERATION_MOVE_TO (19)
058, Adding, 1, UNIT_BUILDER (3604495), UNITOPERATION_MOVE_TO (19)
058, Adding, 1, UNIT_BUILDER (3342359), UNITOPERATION_MOVE_TO (19)
058, Adding, 1, UNIT_BUILDER (3342359), UNITOPERATION_MOVE_TO (19)
059, Adding, 4, UNIT_SCOUT (393220), UNITOPERATION_FORTIFY (12)
059, Adding, 4, UNIT_CROSSBOWMAN (5636126), UNITOPERATION_SWAP_UNITS (49)
059, Can't Start, 4, UNIT_CROSSBOWMAN (5636126), UNITOPERATION_SWAP_UNITS (49)
059, Adding, 4, UNIT_CROSSBOWMAN (5636126), UNITOPERATION_MOVE_TO (19)
059, Adding, 4, UNIT_CROSSBOWMAN (5701659), UNITOPERATION_RANGE_ATTACK (26)
059, Can't Start, 4, UNIT_CROSSBOWMAN (5701659), UNITOPERATION_RANGE_ATTACK (26)
059, Adding, 4, UNIT_CROSSBOWMAN (3604485), UNITOPERATION_RANGE_ATTACK (26)
059, Adding, 4, UNIT_CROSSBOWMAN (5636126), UNITOPERATION_RANGE_ATTACK (26)
059, Can't Start, 4, UNIT_CROSSBOWMAN (5636126), UNITOPERATION_RANGE_ATTACK (26)
059, Adding, 4, UNIT_CROSSBOWMAN (5701659), UNITOPERATION_MOVE_TO (19)
059, Adding, 4, UNIT_CROSSBOWMAN (3604485), UNITOPERATION_MOVE_TO (19)
059, Adding, 4, UNIT_CROSSBOWMAN (5636126), UNITOPERATION_MOVE_TO (19)
059, Adding, 4, UNIT_CROSSBOWMAN (4653064), UNITOPERATION_MOVE_TO (19)
059, Adding, 4, UNIT_CROSSBOWMAN (4653064), UNITOPERATION_FORTIFY (12)
059, Can't Start, 4, UNIT_CROSSBOWMAN (4653064), UNITOPERATION_FORTIFY (12)
059, Adding, 4, UNIT_GREAT_GENERAL (5505055), UNITOPERATION_FORTIFY (12)
059, Can't Start, 4, UNIT_GREAT_GENERAL (5505055), UNITOPERATION_FORTIFY (12)
059, Adding, 4, UNIT_VAMPIRE (4128790), UNITOPERATION_SWAP_UNITS (49)
059, Can't Start, 4, UNIT_VAMPIRE (4128790), UNITOPERATION_SWAP_UNITS (49)
059, Adding, 4, UNIT_VAMPIRE (4128790), UNITOPERATION_MOVE_TO (19)
059, Adding, 4, UNIT_CROSSBOWMAN (3473421), UNITOPERATION_RANGE_ATTACK (26)
059, Adding, 4, UNIT_CROSSBOWMAN (3473421), UNITOPERATION_MOVE_TO (19)
059, Adding, 4, UNIT_GREAT_GENERAL (3276801), UNITOPERATION_MOVE_TO (19)
059, Adding, 4, UNIT_CROSSBOWMAN (3801100), UNITOPERATION_MOVE_TO (19)
059, Adding, 4, UNIT_VAMPIRE (196608), UNITOPERATION_MOVE_TO (19)
059, Adding, 4, UNIT_CROSSBOWMAN (3407886), UNITOPERATION_MOVE_TO (19)
059, Adding, 4, UNIT_GREAT_GENERAL (1638416), UNITOPERATION_MOVE_TO (19)
059, Adding, 4, UNIT_BUILDER (4718595), UNITOPERATION_SWAP_UNITS (49)
059, Can't Start, 4, UNIT_BUILDER (4718595), UNITOPERATION_SWAP_UNITS (49)
059, Adding, 4, UNIT_BUILDER (4718595), UNITOPERATION_MOVE_TO (19)
059, Adding, 4, UNIT_BUILDER (4718595), UNITOPERATION_REMOVE_FEATURE (28)
059, Adding, 4, UNIT_BUILDER (5111818), UNITOPERATION_MOVE_TO (19)
059, Adding, 4, UNIT_BUILDER (4915224), UNITOPERATION_MOVE_TO (19)
059, Adding, 4, UNIT_BUILDER (4915224), UNITOPERATION_MOVE_TO (19)
059, Adding, 4, UNIT_BUILDER (5570585), UNITOPERATION_SKIP_TURN (36)
059, Adding, 4, UNIT_BUILDER (5177370), UNITOPERATION_SKIP_TURN (36)
059, Adding, 5, UNIT_SETTLER (3997731), UNITOPERATION_MOVE_TO (19)
059, Adding, 5, UNIT_MAN_AT_ARMS (4325415), UNITOPERATION_MOVE_TO (19)
059, Adding, 5, UNIT_CROSSBOWMAN (3801101), UNITOPERATION_MOVE_TO (19)
059, Adding, 5, UNIT_SCOUT (262147), UNITOPERATION_SWAP_UNITS (49)
059, Can't Start, 5, UNIT_SCOUT (262147), UNITOPERATION_SWAP_UNITS (49)
059, Adding, 5, UNIT_SCOUT (262147), UNITOPERATION_MOVE_TO (19)
059, Adding, 5, UNIT_MUSKETMAN (6225928), UNITOPERATION_SWAP_UNITS (49)
059, Can't Start, 5, UNIT_MUSKETMAN (6225928), UNITOPERATION_SWAP_UNITS (49)
059, Adding, 5, UNIT_MUSKETMAN (6225928), UNITOPERATION_MOVE_TO (19)
059, Adding, 5, UNIT_MACEDONIAN_HETAIROI (2097163), UNITOPERATION_SWAP_UNITS (49)
059, Can't Start, 5, UNIT_MACEDONIAN_HETAIROI (2097163), UNITOPERATION_SWAP_UNITS (49)
059, Adding, 5, UNIT_MACEDONIAN_HETAIROI (2097163), UNITOPERATION_MOVE_TO (19)
059, Adding, 5, UNIT_MUSKETMAN (5570575), UNITOPERATION_SWAP_UNITS (49)
059, Can't Start, 5, UNIT_MUSKETMAN (5570575), UNITOPERATION_SWAP_UNITS (49)
059, Adding, 5, UNIT_MUSKETMAN (5570575), UNITOPERATION_MOVE_TO (19)
059, Adding, 5, UNIT_MUSKETMAN (7274521), UNITOPERATION_SWAP_UNITS (49)
059, Can't Start, 5, UNIT_MUSKETMAN (7274521), UNITOPERATION_SWAP_UNITS (49)
059, Adding, 5, UNIT_MUSKETMAN (7274521), UNITOPERATION_MOVE_TO (19)
059, Adding, 5, UNIT_MUSKETMAN (5505053), UNITOPERATION_SWAP_UNITS (49)
059, Adding, 5, UNIT_MUSKETMAN (5505053), UNITOPERATION_MOVE_TO (19)
059, Can't Start, 5, UNIT_MUSKETMAN (5505053), UNITOPERATION_MOVE_TO (19)
059, Adding, 5, UNIT_MUSKETMAN (7077925), UNITOPERATION_SWAP_UNITS (49)
059, Can't Start, 5, UNIT_MUSKETMAN (7077925), UNITOPERATION_SWAP_UNITS (49)
059, Adding, 5, UNIT_MUSKETMAN (7077925), UNITOPERATION_MOVE_TO (19)
059, Adding, 5, UNIT_COURSER (5767219), UNITOPERATION_SWAP_UNITS (49)
059, Can't Start, 5, UNIT_COURSER (5767219), UNITOPERATION_SWAP_UNITS (49)
059, Adding, 5, UNIT_COURSER (5767219), UNITOPERATION_MOVE_TO (19)
059, Adding, 5, UNIT_MUSKETMAN (6094902), UNITOPERATION_SWAP_UNITS (49)
059, Adding, 5, UNIT_MUSKETMAN (6094902), UNITOPERATION_MOVE_TO (19)
059, Can't Start, 5, UNIT_MUSKETMAN (6094902), UNITOPERATION_MOVE_TO (19)
059, Adding, 5, UNIT_GREAT_SCIENTIST (3932176), UNITOPERATION_MOVE_TO (19)
059, Adding, 5, UNIT_KNIGHT (6160396), UNITOPERATION_MOVE_TO (19)
059, Adding, 5, UNIT_KNIGHT (7012392), UNITOPERATION_SWAP_UNITS (49)
059, Can't Start, 5, UNIT_KNIGHT (7012392), UNITOPERATION_SWAP_UNITS (49)
059, Adding, 5, UNIT_KNIGHT (7012392), UNITOPERATION_MOVE_TO (19)
059, Adding, 5, UNIT_KNIGHT (7012392), UNITOPERATION_MOVE_TO (19)
059, Adding, 5, UNIT_VAMPIRE (5242906), UNITOPERATION_FORTIFY (12)
059, Adding, 5, UNIT_VAMPIRE (655367), UNITOPERATION_MOVE_TO (19)
059, Can't Start, 5, UNIT_VAMPIRE (655367), UNITOPERATION_MOVE_TO (19)
059, Adding, 5, UNIT_PIKE_AND_SHOT (6750231), UNITOPERATION_MOVE_TO (19)
059, Adding, 5, UNIT_KNIGHT (6029339), UNITOPERATION_MOVE_TO (19)
059, Adding, 5, UNIT_PIKE_AND_SHOT (6684718), UNITOPERATION_MOVE_TO (19)
059, Adding, 5, UNIT_KNIGHT (6488119), UNITOPERATION_MOVE_TO (19)
059, Adding, 5, UNIT_CROSSBOWMAN (4849685), UNITOPERATION_MOVE_TO (19)
059, Adding, 5, UNIT_CROSSBOWMAN (3735585), UNITOPERATION_MOVE_TO (19)
059, Adding, 5, UNIT_CROSSBOWMAN (4063268), UNITOPERATION_MOVE_TO (19)
059, Adding, 5, UNIT_KNIGHT (5308465), UNITOPERATION_MOVE_TO (19)
059, Adding, 5, UNIT_KNIGHT (6619188), UNITOPERATION_MOVE_TO (19)
059, Adding, 5, UNIT_KNIGHT (6946873), UNITOPERATION_MOVE_TO (19)
059, Adding, 5, UNIT_MISSIONARY (5898293), UNITOPERATION_MOVE_TO (19)
059, Adding, 5, UNIT_MISSIONARY (2621441), UNITOPERATION_MOVE_TO (19)
059, Adding, 5, UNIT_MISSIONARY (6291461), UNITOPERATION_MOVE_TO (19)
059, Adding, 5, UNIT_MISSIONARY (3276806), UNITOPERATION_MOVE_TO (19)
059, Adding, 5, UNIT_MISSIONARY (6815754), UNITOPERATION_MOVE_TO (19)
059, Adding, 5, UNIT_MISSIONARY (2424850), UNITOPERATION_MOVE_TO (19)
059, Adding, 5, UNIT_MISSIONARY (3670035), UNITOPERATION_MOVE_TO (19)
059, Adding, 5, UNIT_MISSIONARY (3080222), UNITOPERATION_MOVE_TO (19)
059, Adding, 5, UNIT_MISSIONARY (4259878), UNITOPERATION_MOVE_TO (19)
059, Adding, 5, UNIT_MISSIONARY (4653098), UNITOPERATION_MOVE_TO (19)
059, Adding, 5, UNIT_MISSIONARY (7143467), UNITOPERATION_MOVE_TO (19)
059, Adding, 5, UNIT_MISSIONARY (5177392), UNITOPERATION_MOVE_TO (19)
059, Adding, 5, UNIT_MISSIONARY (5374002), UNITOPERATION_MOVE_TO (19)
059, Adding, 5, UNIT_MISSIONARY (7340090), UNITOPERATION_MOVE_TO (19)
059, Adding, 5, UNIT_BUILDER (1835030), UNITOPERATION_MOVE_TO (19)
059, Adding, 5, UNIT_BUILDER (1835030), UNITOPERATION_MOVE_TO (19)
059, Adding, 5, UNIT_SKIRMISHER (3145759), UNITOPERATION_MOVE_TO (19)
059, Adding, 5, UNIT_SKIRMISHER (3145759), UNITOPERATION_MOVE_TO (19)
059, Adding, 5, UNIT_SKIRMISHER (6553656), UNITOPERATION_MOVE_TO (19)
059, Adding, 5, UNIT_BUILDER (2752540), UNITOPERATION_SKIP_TURN (36)
059, Adding, 5, UNIT_BUILDER (3473440), UNITOPERATION_SKIP_TURN (36)
059, Adding, 5, UNIT_BUILDER (4915244), UNITOPERATION_SKIP_TURN (36)
059, Adding, 5, UNIT_MILITARY_ENGINEER (5963823), UNITOPERATION_SKIP_TURN (36)
059, Adding, 5, UNIT_SKIRMISHER (6553656), UNITOPERATION_SKIP_TURN (36)
059, Can't Start, 5, UNIT_MUSKETMAN (6094902), UNITOPERATION_MOVE_TO (19)
059, Adding, 6, UNIT_SPY (7929908), UNITOPERATION_SPY_NEUTRALIZE_GOVERNOR (59)
059, Adding, 6, UNIT_SETTLER (6029360), UNITOPERATION_MOVE_TO (19)
059, Adding, 6, UNIT_CROSSBOWMAN (4784149), UNITOPERATION_MOVE_TO (19)
059, Adding, 6, UNIT_HEAVY_CHARIOT (2359322), UNITOPERATION_SWAP_UNITS (49)
059, Can't Start, 6, UNIT_HEAVY_CHARIOT (2359322), UNITOPERATION_SWAP_UNITS (49)
059, Adding, 6, UNIT_HEAVY_CHARIOT (2359322), UNITOPERATION_MOVE_TO (19)
059, Adding, 6, UNIT_BUILDER (9175079), UNITOPERATION_BUILD_IMPROVEMENT (2)
059, Adding, 6, UNIT_BUILDER (7602238), UNITOPERATION_SWAP_UNITS (49)
059, Can't Start, 6, UNIT_BUILDER (7602238), UNITOPERATION_SWAP_UNITS (49)
059, Adding, 6, UNIT_BUILDER (7602238), UNITOPERATION_MOVE_TO (19)
059, Adding, 6, UNIT_BUILDER (7602238), UNITOPERATION_HARVEST_RESOURCE (16)
059, Adding, 6, UNIT_BUILDER (7602238), UNITOPERATION_BUILD_IMPROVEMENT (2)
059, Can't Start, 6, UNIT_BUILDER (7602238), UNITOPERATION_BUILD_IMPROVEMENT (2)
059, Adding, 6, UNIT_BUILDER (8126498), UNITOPERATION_SWAP_UNITS (49)
059, Can't Start, 6, UNIT_BUILDER (8126498), UNITOPERATION_SWAP_UNITS (49)
059, Adding, 6, UNIT_BUILDER (8126498), UNITOPERATION_MOVE_TO (19)
059, Adding, 6, UNIT_BUILDER (8126498), UNITOPERATION_REMOVE_FEATURE (28)
059, Adding, 6, UNIT_BUILDER (9109550), UNITOPERATION_SWAP_UNITS (49)
059, Can't Start, 6, UNIT_BUILDER (9109550), UNITOPERATION_SWAP_UNITS (49)
059, Adding, 6, UNIT_BUILDER (9109550), UNITOPERATION_MOVE_TO (19)
059, Adding, 6, UNIT_BUILDER (9109550), UNITOPERATION_BUILD_IMPROVEMENT (2)
059, Adding, 6, UNIT_BUILDER (9044025), UNITOPERATION_SWAP_UNITS (49)
059, Can't Start, 6, UNIT_BUILDER (9044025), UNITOPERATION_SWAP_UNITS (49)
059, Adding, 6, UNIT_BUILDER (9044025), UNITOPERATION_MOVE_TO (19)
059, Adding, 6, UNIT_BUILDER (9044025), UNITOPERATION_REMOVE_FEATURE (28)
059, Adding, 6, UNIT_SKIRMISHER (3407909), UNITOPERATION_MOVE_TO (19)
059, Adding, 6, UNIT_CROSSBOWMAN (6422529), UNITOPERATION_MOVE_TO (19)
059, Adding, 6, UNIT_CROSSBOWMAN (6488071), UNITOPERATION_MOVE_TO (19)
059, Adding, 6, UNIT_CROSSBOWMAN (5505040), UNITOPERATION_MOVE_TO (19)
059, Can't Start, 6, UNIT_CROSSBOWMAN (5505040), UNITOPERATION_MOVE_TO (19)
059, Adding, 6, UNIT_MAN_AT_ARMS (9371678), UNITOPERATION_MOVE_TO (19)
059, Adding, 6, UNIT_TREBUCHET (9306145), UNITOPERATION_MOVE_TO (19)
059, Adding, 6, UNIT_CROSSBOWMAN (5177382), UNITOPERATION_MOVE_TO (19)
059, Can't Start, 6, UNIT_CROSSBOWMAN (5177382), UNITOPERATION_MOVE_TO (19)
059, Adding, 6, UNIT_CROSSBOWMAN (6291503), UNITOPERATION_MOVE_TO (19)
059, Adding, 6, UNIT_CROSSBOWMAN (8060977), UNITOPERATION_MOVE_TO (19)
059, Can't Start, 6, UNIT_CROSSBOWMAN (8060977), UNITOPERATION_MOVE_TO (19)
059, Adding, 6, UNIT_CROSSBOWMAN (7143482), UNITOPERATION_MOVE_TO (19)
059, Adding, 6, UNIT_MAN_AT_ARMS (8257602), UNITOPERATION_MOVE_TO (19)
059, Adding, 6, UNIT_MAN_AT_ARMS (8323139), UNITOPERATION_MOVE_TO (19)
059, Adding, 6, UNIT_MAN_AT_ARMS (8388676), UNITOPERATION_MOVE_TO (19)
059, Can't Start, 6, UNIT_MAN_AT_ARMS (8388676), UNITOPERATION_MOVE_TO (19)
059, Adding, 6, UNIT_MAN_AT_ARMS (8454213), UNITOPERATION_MOVE_TO (19)
059, Adding, 6, UNIT_MAN_AT_ARMS (8519750), UNITOPERATION_MOVE_TO (19)
059, Adding, 6, UNIT_MAN_AT_ARMS (8585287), UNITOPERATION_MOVE_TO (19)
059, Adding, 6, UNIT_MAN_AT_ARMS (8650824), UNITOPERATION_MOVE_TO (19)
059, Adding, 6, UNIT_MAN_AT_ARMS (8716361), UNITOPERATION_MOVE_TO (19)
059, Adding, 6, UNIT_APOSTLE (5898262), UNITOPERATION_SWAP_UNITS (49)
059, Can't Start, 6, UNIT_APOSTLE (5898262), UNITOPERATION_SWAP_UNITS (49)
059, Adding, 6, UNIT_APOSTLE (5898262), UNITOPERATION_MOVE_TO (19)
059, Adding, 6, UNIT_APOSTLE (5701667), UNITOPERATION_SWAP_UNITS (49)
059, Can't Start, 6, UNIT_APOSTLE (5701667), UNITOPERATION_SWAP_UNITS (49)
059, Adding, 6, UNIT_APOSTLE (5701667), UNITOPERATION_MOVE_TO (19)
059, Adding, 6, UNIT_APOSTLE (6619189), UNITOPERATION_SWAP_UNITS (49)
059, Can't Start, 6, UNIT_APOSTLE (6619189), UNITOPERATION_SWAP_UNITS (49)
059, Adding, 6, UNIT_APOSTLE (6619189), UNITOPERATION_MOVE_TO (19)
059, Adding, 6, UNIT_APOSTLE (6946872), UNITOPERATION_SWAP_UNITS (49)
059, Can't Start, 6, UNIT_APOSTLE (6946872), UNITOPERATION_SWAP_UNITS (49)
059, Adding, 6, UNIT_APOSTLE (6946872), UNITOPERATION_MOVE_TO (19)
059, Adding, 6, UNIT_APOSTLE (6619189), UNITOPERATION_MOVE_TO (19)
059, Adding, 6, UNIT_APOSTLE (6946872), UNITOPERATION_MOVE_TO (19)
059, Adding, 6, UNIT_APOSTLE (7798813), UNITOPERATION_SWAP_UNITS (49)
059, Adding, 6, UNIT_APOSTLE (7798813), UNITOPERATION_MOVE_TO (19)
059, Adding, 6, UNIT_APOSTLE (5308435), UNITOPERATION_SWAP_UNITS (49)
059, Can't Start, 6, UNIT_APOSTLE (5308435), UNITOPERATION_SWAP_UNITS (49)
059, Adding, 6, UNIT_APOSTLE (5308435), UNITOPERATION_MOVE_TO (19)
059, Adding, 6, UNIT_APOSTLE (6225971), UNITOPERATION_SWAP_UNITS (49)
059, Can't Start, 6, UNIT_APOSTLE (6225971), UNITOPERATION_SWAP_UNITS (49)
059, Adding, 6, UNIT_APOSTLE (6225971), UNITOPERATION_MOVE_TO (19)
059, Adding, 6, UNIT_APOSTLE (7405599), UNITOPERATION_SWAP_UNITS (49)
059, Can't Start, 6, UNIT_APOSTLE (7405599), UNITOPERATION_SWAP_UNITS (49)
059, Adding, 6, UNIT_APOSTLE (7405599), UNITOPERATION_MOVE_TO (19)
059, Adding, 6, UNIT_APOSTLE (5570605), UNITOPERATION_SWAP_UNITS (49)
059, Can't Start, 6, UNIT_APOSTLE (5570605), UNITOPERATION_SWAP_UNITS (49)
059, Adding, 6, UNIT_APOSTLE (5570605), UNITOPERATION_MOVE_TO (19)
059, Adding, 6, UNIT_APOSTLE (7209019), UNITOPERATION_SWAP_UNITS (49)
059, Can't Start, 6, UNIT_APOSTLE (7209019), UNITOPERATION_SWAP_UNITS (49)
059, Adding, 6, UNIT_APOSTLE (7209019), UNITOPERATION_MOVE_TO (19)
059, Adding, 6, UNIT_APOSTLE (5111851), UNITOPERATION_SWAP_UNITS (49)
059, Can't Start, 6, UNIT_APOSTLE (5111851), UNITOPERATION_SWAP_UNITS (49)
059, Adding, 6, UNIT_APOSTLE (5111851), UNITOPERATION_MOVE_TO (19)
059, Adding, 6, UNIT_APOSTLE (5570605), UNITOPERATION_MOVE_TO (19)
059, Adding, 6, UNIT_APOSTLE (7209019), UNITOPERATION_MOVE_TO (19)
059, Adding, 6, UNIT_APOSTLE (7667775), UNITOPERATION_MOVE_TO (19)
059, Adding, 6, UNIT_APOSTLE (6750263), UNITOPERATION_MOVE_TO (19)
059, Adding, 6, UNIT_APOSTLE (7667775), UNITOPERATION_MOVE_TO (19)
059, Can't Start, 6, UNIT_APOSTLE (7667775), UNITOPERATION_MOVE_TO (19)
059, Adding, 6, UNIT_APOSTLE (6750263), UNITOPERATION_MOVE_TO (19)
059, Can't Start, 6, UNIT_APOSTLE (6750263), UNITOPERATION_MOVE_TO (19)
059, Adding, 6, UNIT_APOSTLE (7667775), UNITOPERATION_MOVE_TO (19)
059, Can't Start, 6, UNIT_APOSTLE (7667775), UNITOPERATION_MOVE_TO (19)
059, Adding, 6, UNIT_APOSTLE (7667775), UNITOPERATION_MOVE_TO (19)
059, Can't Start, 6, UNIT_APOSTLE (7667775), UNITOPERATION_MOVE_TO (19)
059, Adding, 6, UNIT_APOSTLE (6357004), UNITOPERATION_MOVE_TO (19)
059, Adding, 6, UNIT_APOSTLE (8781865), UNITOPERATION_MOVE_TO (19)
059, Adding, 6, UNIT_APOSTLE (7995442), UNITOPERATION_MOVE_TO (19)
059, Adding, 6, UNIT_APOSTLE (6750263), UNITOPERATION_MOVE_TO (19)
059, Adding, 6, UNIT_APOSTLE (6357004), UNITOPERATION_MOVE_TO (19)
059, Can't Start, 6, UNIT_APOSTLE (6357004), UNITOPERATION_MOVE_TO (19)
059, Adding, 6, UNIT_APOSTLE (8781865), UNITOPERATION_MOVE_TO (19)
059, Can't Start, 6, UNIT_APOSTLE (8781865), UNITOPERATION_MOVE_TO (19)
059, Adding, 6, UNIT_APOSTLE (7995442), UNITOPERATION_MOVE_TO (19)
059, Can't Start, 6, UNIT_APOSTLE (7995442), UNITOPERATION_MOVE_TO (19)
059, Adding, 6, UNIT_TAOIST (7077891), UNITOPERATION_MOVE_TO (19)
059, Adding, 6, UNIT_MISSIONARY (3735557), UNITOPERATION_MOVE_TO (19)
059, Adding, 6, UNIT_TAOIST (786440), UNITOPERATION_MOVE_TO (19)
059, Adding, 6, UNIT_APOSTLE (5308435), UNITOPERATION_MOVE_TO (19)
059, Adding, 6, UNIT_APOSTLE (5898262), UNITOPERATION_MOVE_TO (19)
059, Adding, 6, UNIT_MISSIONARY (2162711), UNITOPERATION_MOVE_TO (19)
059, Adding, 6, UNIT_MISSIONARY (2293785), UNITOPERATION_MOVE_TO (19)
059, Adding, 6, UNIT_MISSIONARY (2424859), UNITOPERATION_MOVE_TO (19)
059, Adding, 6, UNIT_APOSTLE (7798813), UNITOPERATION_MOVE_TO (19)
059, Adding, 6, UNIT_APOSTLE (7405599), UNITOPERATION_MOVE_TO (19)
059, Adding, 6, UNIT_APOSTLE (5701667), UNITOPERATION_MOVE_TO (19)
059, Adding, 6, UNIT_APOSTLE (5111851), UNITOPERATION_MOVE_TO (19)
059, Adding, 6, UNIT_APOSTLE (5570605), UNITOPERATION_MOVE_TO (19)
059, Adding, 6, UNIT_APOSTLE (6225971), UNITOPERATION_MOVE_TO (19)
059, Adding, 6, UNIT_APOSTLE (6619189), UNITOPERATION_MOVE_TO (19)
059, Adding, 6, UNIT_TAOIST (6684726), UNITOPERATION_MOVE_TO (19)
059, Adding, 6, UNIT_APOSTLE (6946872), UNITOPERATION_MOVE_TO (19)
059, Adding, 6, UNIT_APOSTLE (7209019), UNITOPERATION_MOVE_TO (19)
059, Adding, 6, UNIT_APOSTLE (8192065), UNITOPERATION_MOVE_TO (19)
059, Adding, 6, UNIT_SKIRMISHER (3473440), UNITOPERATION_MOVE_TO (19)
059, Adding, 6, UNIT_SKIRMISHER (3473440), UNITOPERATION_MOVE_TO (19)
059, Adding, 6, UNIT_SKIRMISHER (3997738), UNITOPERATION_MOVE_TO (19)
059, Adding, 6, UNIT_SKIRMISHER (3997738), UNITOPERATION_MOVE_TO (19)
059, Adding, 6, UNIT_SKIRMISHER (4194308), UNITOPERATION_MOVE_TO (19)
059, Adding, 6, UNIT_SKIRMISHER (4390927), UNITOPERATION_MOVE_TO (19)
059, Adding, 6, UNIT_SKIRMISHER (4194308), UNITOPERATION_SKIP_TURN (36)
059, Adding, 6, UNIT_SKIRMISHER (4390927), UNITOPERATION_SKIP_TURN (36)
059, Adding, 6, UNIT_BUILDER (9437248), UNITOPERATION_SKIP_TURN (36)
059, Can't Start, 6, UNIT_APOSTLE (6357004), UNITOPERATION_MOVE_TO (19)
059, Can't Start, 6, UNIT_APOSTLE (8781865), UNITOPERATION_MOVE_TO (19)
059, Can't Start, 6, UNIT_APOSTLE (7995442), UNITOPERATION_MOVE_TO (19)
059, Can't Start, 6, UNIT_BUILDER (7602238), UNITOPERATION_BUILD_IMPROVEMENT (2)
059, Can't Start, 6, UNIT_APOSTLE (7667775), UNITOPERATION_MOVE_TO (19)
059, Adding, 7, UNIT_MUSKETMAN (7929864), UNITOPERATION_MOVE_TO (19)
059, Can't Start, 7, UNIT_MUSKETMAN (7929864), UNITOPERATION_MOVE_TO (19)
059, Adding, 7, UNIT_KNIGHT (6815769), UNITOPERATION_MOVE_TO (19)
059, Adding, 7, UNIT_SETTLER (7602219), UNITOPERATION_MOVE_TO (19)
059, Adding, 7, UNIT_MAN_AT_ARMS (5701651), UNITOPERATION_MOVE_TO (19)
059, Adding, 7, UNIT_MAN_AT_ARMS (5439515), UNITOPERATION_MOVE_TO (19)
059, Adding, 7, UNIT_SKIRMISHER (4522025), UNITOPERATION_MOVE_TO (19)
059, Adding, 7, UNIT_MAN_AT_ARMS (5439515), UNITOPERATION_MOVE_TO (19)
059, Adding, 7, UNIT_SKIRMISHER (4522025), UNITOPERATION_MOVE_TO (19)
059, Adding, 7, UNIT_SKIRMISHER (4522025), UNITOPERATION_SWAP_UNITS (49)
059, Can't Start, 7, UNIT_SKIRMISHER (4522025), UNITOPERATION_SWAP_UNITS (49)
059, Adding, 7, UNIT_SKIRMISHER (4522025), UNITOPERATION_MOVE_TO (19)
059, Adding, 7, UNIT_CROSSBOWMAN (5308455), UNITOPERATION_MOVE_TO (19)
059, Adding, 7, UNIT_MAN_AT_ARMS (5767175), UNITOPERATION_MOVE_TO (19)
059, Adding, 7, UNIT_TREBUCHET (6225966), UNITOPERATION_MOVE_TO (19)
059, Adding, 7, UNIT_MAN_AT_ARMS (5505038), UNITOPERATION_MOVE_TO (19)
059, Adding, 7, UNIT_SKIRMISHER (3670036), UNITOPERATION_MOVE_TO (19)
059, Adding, 7, UNIT_BUILDER (6488113), UNITOPERATION_SWAP_UNITS (49)
059, Can't Start, 7, UNIT_BUILDER (6488113), UNITOPERATION_SWAP_UNITS (49)
059, Adding, 7, UNIT_BUILDER (6488113), UNITOPERATION_MOVE_TO (19)
059, Adding, 7, UNIT_BUILDER (6488113), UNITOPERATION_BUILD_IMPROVEMENT (2)
059, Adding, 7, UNIT_GREAT_WRITER (8519717), UNITOPERATION_SWAP_UNITS (49)
059, Can't Start, 7, UNIT_GREAT_WRITER (8519717), UNITOPERATION_SWAP_UNITS (49)
059, Adding, 7, UNIT_GREAT_WRITER (8519717), UNITOPERATION_MOVE_TO (19)
059, Adding, 7, UNIT_BUILDER (6619187), UNITOPERATION_BUILD_IMPROVEMENT (2)
059, Adding, 7, UNIT_BUILDER (8323112), UNITOPERATION_BUILD_IMPROVEMENT (2)
059, Adding, 7, UNIT_GREAT_WRITER (7209004), UNITOPERATION_SWAP_UNITS (49)
059, Can't Start, 7, UNIT_GREAT_WRITER (7209004), UNITOPERATION_SWAP_UNITS (49)
059, Adding, 7, UNIT_GREAT_WRITER (7209004), UNITOPERATION_MOVE_TO (19)
059, Adding, 7, UNIT_GREAT_WRITER (6357040), UNITOPERATION_SWAP_UNITS (49)
059, Can't Start, 7, UNIT_GREAT_WRITER (6357040), UNITOPERATION_SWAP_UNITS (49)
059, Adding, 7, UNIT_GREAT_WRITER (6357040), UNITOPERATION_MOVE_TO (19)
059, Adding, 7, UNIT_SWORDSMAN (2621472), UNITOPERATION_FORTIFY (12)
059, Adding, 7, UNIT_MUSKETMAN (6881285), UNITOPERATION_MOVE_TO (19)
059, Adding, 7, UNIT_MUSKETMAN (7864333), UNITOPERATION_MOVE_TO (19)
059, Adding, 7, UNIT_MUSKETMAN (8454168), UNITOPERATION_MOVE_TO (19)
059, Adding, 7, UNIT_MUSKETMAN (7340058), UNITOPERATION_MOVE_TO (19)
059, Adding, 7, UNIT_MUSKETMAN (7667746), UNITOPERATION_MOVE_TO (19)
059, Adding, 7, UNIT_SWORDSMAN (3473444), UNITOPERATION_MOVE_TO (19)
059, Can't Start, 7, UNIT_SWORDSMAN (3473444), UNITOPERATION_MOVE_TO (19)
059, Adding, 7, UNIT_KNIGHT (6684710), UNITOPERATION_MOVE_TO (19)
059, Adding, 7, UNIT_MAN_AT_ARMS (5242925), UNITOPERATION_MOVE_TO (19)
059, Adding, 7, UNIT_BOMBARD (8126511), UNITOPERATION_MOVE_TO (19)
059, Adding, 7, UNIT_MUSKETMAN (7012405), UNITOPERATION_MOVE_TO (19)
059, Adding, 7, UNIT_MUSKETMAN (7143479), UNITOPERATION_MOVE_TO (19)
059, Adding, 7, UNIT_SKIRMISHER (3735570), UNITOPERATION_MOVE_TO (19)
059, Adding, 7, UNIT_SKIRMISHER (3735570), UNITOPERATION_MOVE_TO (19)
059, Adding, 7, UNIT_TAOIST (7471113), UNITOPERATION_MOVE_TO (19)
059, Adding, 7, UNIT_TAOIST (851968), UNITOPERATION_MOVE_TO (19)
059, Adding, 7, UNIT_TAOIST (851968), UNITOPERATION_MOVE_TO (19)
059, Adding, 7, UNIT_SKIRMISHER (7733249), UNITOPERATION_MOVE_TO (19)
059, Adding, 7, UNIT_SKIRMISHER (6029329), UNITOPERATION_MOVE_TO (19)
059, Adding, 7, UNIT_SKIRMISHER (3538973), UNITOPERATION_MOVE_TO (19)
059, Adding, 7, UNIT_SKIRMISHER (8192030), UNITOPERATION_MOVE_TO (19)
059, Adding, 7, UNIT_SKIRMISHER (3407907), UNITOPERATION_MOVE_TO (19)
059, Adding, 7, UNIT_SKIRMISHER (4587562), UNITOPERATION_MOVE_TO (19)
059, Adding, 7, UNIT_TAOIST (8060978), UNITOPERATION_MOVE_TO (19)
059, Adding, 7, UNIT_SKIRMISHER (7733249), UNITOPERATION_SKIP_TURN (36)
059, Adding, 7, UNIT_SKIRMISHER (6029329), UNITOPERATION_SKIP_TURN (36)
059, Adding, 7, UNIT_SKIRMISHER (3538973), UNITOPERATION_SKIP_TURN (36)
059, Adding, 7, UNIT_SKIRMISHER (8192030), UNITOPERATION_SKIP_TURN (36)
059, Adding, 7, UNIT_SKIRMISHER (3407907), UNITOPERATION_SKIP_TURN (36)
059, Adding, 7, UNIT_SKIRMISHER (4587562), UNITOPERATION_SKIP_TURN (36)
059, Adding, 7, UNIT_TAOIST (8060978), UNITOPERATION_SKIP_TURN (36)
059, Adding, 8, UNIT_TRADER (1048588), UNITOPERATION_MAKE_TRADE_ROUTE (18)
059, Can't Start, 8, UNIT_TRADER (1048588), UNITOPERATION_MAKE_TRADE_ROUTE (18)
059, Adding, 8, UNIT_TRADER (11731037), UNITOPERATION_MAKE_TRADE_ROUTE (18)
059, Adding, 8, UNIT_MUSKETMAN (8978505), UNITOPERATION_MOVE_TO (19)
059, Adding, 8, UNIT_SETTLER (9699343), UNITOPERATION_MOVE_TO (19)
059, Adding, 8, UNIT_BUILDER (9568264), UNITOPERATION_SWAP_UNITS (49)
059, Can't Start, 8, UNIT_BUILDER (9568264), UNITOPERATION_SWAP_UNITS (49)
059, Adding, 8, UNIT_BUILDER (9568264), UNITOPERATION_MOVE_TO (19)
059, Adding, 8, UNIT_BUILDER (11796568), UNITOPERATION_SWAP_UNITS (49)
059, Can't Start, 8, UNIT_BUILDER (11796568), UNITOPERATION_SWAP_UNITS (49)
059, Adding, 8, UNIT_BUILDER (11796568), UNITOPERATION_MOVE_TO (19)
059, Adding, 8, UNIT_BUILDER (11206741), UNITOPERATION_SWAP_UNITS (49)
059, Can't Start, 8, UNIT_BUILDER (11206741), UNITOPERATION_SWAP_UNITS (49)
059, Adding, 8, UNIT_BUILDER (11206741), UNITOPERATION_MOVE_TO (19)
059, Adding, 8, UNIT_BUILDER (11206741), UNITOPERATION_BUILD_IMPROVEMENT (2)
059, Adding, 8, UNIT_BUILDER (10879022), UNITOPERATION_SWAP_UNITS (49)
059, Can't Start, 8, UNIT_BUILDER (10879022), UNITOPERATION_SWAP_UNITS (49)
059, Adding, 8, UNIT_BUILDER (10879022), UNITOPERATION_MOVE_TO (19)
059, Adding, 8, UNIT_BUILDER (10813499), UNITOPERATION_BUILD_IMPROVEMENT (2)
059, Adding, 8, UNIT_BUILDER (9502780), UNITOPERATION_SWAP_UNITS (49)
059, Can't Start, 8, UNIT_BUILDER (9502780), UNITOPERATION_SWAP_UNITS (49)
059, Adding, 8, UNIT_BUILDER (9502780), UNITOPERATION_MOVE_TO (19)
059, Adding, 8, UNIT_GREAT_GENERAL (11075668), UNITOPERATION_MOVE_TO (19)
059, Can't Start, 8, UNIT_GREAT_GENERAL (11075668), UNITOPERATION_MOVE_TO (19)
059, Adding, 8, UNIT_SKIRMISHER (4128809), UNITOPERATION_MOVE_TO (19)
059, Adding, 8, UNIT_MUSKETMAN (10944526), UNITOPERATION_MOVE_TO (19)
059, Adding, 8, UNIT_COURSER (10682384), UNITOPERATION_MOVE_TO (19)
059, Adding, 8, UNIT_KNIGHT (8454163), UNITOPERATION_MOVE_TO (19)
059, Adding, 8, UNIT_MUSKETMAN (9633822), UNITOPERATION_MOVE_TO (19)
059, Adding, 8, UNIT_MUSKETMAN (9437219), UNITOPERATION_MOVE_TO (19)
059, Can't Start, 8, UNIT_MUSKETMAN (9437219), UNITOPERATION_MOVE_TO (19)
059, Adding, 8, UNIT_MUSKETMAN (9895981), UNITOPERATION_MOVE_TO (19)
059, Adding, 8, UNIT_MUSKETMAN (9306161), UNITOPERATION_MOVE_TO (19)
059, Can't Start, 8, UNIT_MUSKETMAN (9306161), UNITOPERATION_MOVE_TO (19)
059, Adding, 8, UNIT_MUSKETMAN (9175090), UNITOPERATION_MOVE_TO (19)
059, Adding, 8, UNIT_MUSKETMAN (9109556), UNITOPERATION_MOVE_TO (19)
059, Adding, 8, UNIT_KNIGHT (8257600), UNITOPERATION_MOVE_TO (19)
059, Adding, 8, UNIT_MUSKETMAN (8781894), UNITOPERATION_MOVE_TO (19)
059, Can't Start, 8, UNIT_MUSKETMAN (8781894), UNITOPERATION_MOVE_TO (19)
059, Adding, 8, UNIT_MUSKETMAN (8847431), UNITOPERATION_MOVE_TO (19)
059, Adding, 8, UNIT_MUSKETMAN (8912968), UNITOPERATION_MOVE_TO (19)
059, Adding, 8, UNIT_MUSKETMAN (11141194), UNITOPERATION_MOVE_TO (19)
059, Adding, 8, UNIT_MUSKETMAN (10027084), UNITOPERATION_MOVE_TO (19)
059, Can't Start, 8, UNIT_MUSKETMAN (10027084), UNITOPERATION_MOVE_TO (19)
059, Adding, 8, UNIT_MUSKETMAN (10223695), UNITOPERATION_MOVE_TO (19)
059, Adding, 8, UNIT_PIKE_AND_SHOT (10747986), UNITOPERATION_MOVE_TO (19)
059, Adding, 8, UNIT_MUSKETMAN (11272278), UNITOPERATION_MOVE_TO (19)
059, Can't Start, 8, UNIT_MUSKETMAN (11272278), UNITOPERATION_MOVE_TO (19)
059, Adding, 8, UNIT_MUSKETMAN (11468889), UNITOPERATION_MOVE_TO (19)
059, Adding, 8, UNIT_MUSKETMAN (11534426), UNITOPERATION_MOVE_TO (19)
059, Adding, 8, UNIT_MUSKETMAN (11599963), UNITOPERATION_MOVE_TO (19)
059, Adding, 8, UNIT_VIETNAMESE_VOI_CHIEN (7208961), UNITOPERATION_MOVE_TO (19)
059, Adding, 8, UNIT_VIETNAMESE_VOI_CHIEN (5439490), UNITOPERATION_MOVE_TO (19)
059, Adding, 8, UNIT_VIETNAMESE_VOI_CHIEN (5832707), UNITOPERATION_MOVE_TO (19)
059, Adding, 8, UNIT_VIETNAMESE_VOI_CHIEN (7864324), UNITOPERATION_MOVE_TO (19)
059, Adding, 8, UNIT_VIETNAMESE_VOI_CHIEN (7143429), UNITOPERATION_MOVE_TO (19)
059, Adding, 8, UNIT_VIETNAMESE_VOI_CHIEN (7405574), UNITOPERATION_MOVE_TO (19)
059, Adding, 8, UNIT_VIETNAMESE_VOI_CHIEN (6946823), UNITOPERATION_MOVE_TO (19)
059, Adding, 8, UNIT_VIETNAMESE_VOI_CHIEN (5111825), UNITOPERATION_MOVE_TO (19)
059, Adding, 8, UNIT_VIETNAMESE_VOI_CHIEN (5373972), UNITOPERATION_MOVE_TO (19)
059, Adding, 8, UNIT_VIETNAMESE_VOI_CHIEN (6357013), UNITOPERATION_MOVE_TO (19)
059, Adding, 8, UNIT_VIETNAMESE_VOI_CHIEN (7340054), UNITOPERATION_MOVE_TO (19)
059, Adding, 8, UNIT_VIETNAMESE_VOI_CHIEN (6029335), UNITOPERATION_MOVE_TO (19)
059, Adding, 8, UNIT_VIETNAMESE_VOI_CHIEN (7667738), UNITOPERATION_MOVE_TO (19)
059, Adding, 8, UNIT_VIETNAMESE_VOI_CHIEN (5767195), UNITOPERATION_MOVE_TO (19)
059, Adding, 8, UNIT_VIETNAMESE_VOI_CHIEN (5046300), UNITOPERATION_MOVE_TO (19)
059, Adding, 8, UNIT_VIETNAMESE_VOI_CHIEN (7602205), UNITOPERATION_MOVE_TO (19)
059, Adding, 8, UNIT_VIETNAMESE_VOI_CHIEN (8060959), UNITOPERATION_MOVE_TO (19)
059, Adding, 8, UNIT_VIETNAMESE_VOI_CHIEN (7798816), UNITOPERATION_MOVE_TO (19)
059, Adding, 8, UNIT_VIETNAMESE_VOI_CHIEN (6881313), UNITOPERATION_MOVE_TO (19)
059, Adding, 8, UNIT_VIETNAMESE_VOI_CHIEN (7077922), UNITOPERATION_MOVE_TO (19)
059, Adding, 8, UNIT_VIETNAMESE_VOI_CHIEN (5308458), UNITOPERATION_MOVE_TO (19)
059, Adding, 8, UNIT_VIETNAMESE_VOI_CHIEN (5570604), UNITOPERATION_MOVE_TO (19)
059, Adding, 8, UNIT_BOMBARD (10616879), UNITOPERATION_MOVE_TO (19)
059, Adding, 8, UNIT_VIETNAMESE_VOI_CHIEN (8192063), UNITOPERATION_MOVE_TO (19)
059, Adding, 8, UNIT_VIETNAMESE_VOI_CHIEN (10485835), UNITOPERATION_MOVE_TO (19)
059, Adding, 8, UNIT_VIETNAMESE_VOI_CHIEN (10092621), UNITOPERATION_MOVE_TO (19)
059, Adding, 8, UNIT_COURSER (10289232), UNITOPERATION_MOVE_TO (19)
059, Adding, 8, UNIT_COURSER (10354769), UNITOPERATION_MOVE_TO (19)
059, Adding, 8, UNIT_APOSTLE (10158158), UNITOPERATION_SWAP_UNITS (49)
059, Can't Start, 8, UNIT_APOSTLE (10158158), UNITOPERATION_SWAP_UNITS (49)
059, Adding, 8, UNIT_APOSTLE (10158158), UNITOPERATION_MOVE_TO (19)
059, Adding, 8, UNIT_APOSTLE (10158158), UNITOPERATION_MOVE_TO (19)
059, Adding, 8, UNIT_APOSTLE (11337815), UNITOPERATION_MOVE_TO (19)
059, Adding, 8, UNIT_APOSTLE (11010131), UNITOPERATION_MOVE_TO (19)
059, Adding, 8, UNIT_APOSTLE (11337815), UNITOPERATION_MOVE_TO (19)
059, Can't Start, 8, UNIT_APOSTLE (11337815), UNITOPERATION_MOVE_TO (19)
059, Adding, 8, UNIT_APOSTLE (11337815), UNITOPERATION_MOVE_TO (19)
059, Can't Start, 8, UNIT_APOSTLE (11337815), UNITOPERATION_MOVE_TO (19)
059, Adding, 8, UNIT_MISSIONARY (7471104), UNITOPERATION_MOVE_TO (19)
059, Adding, 8, UNIT_MISSIONARY (7471104), UNITOPERATION_REMOVE_HERESY (29)
059, Can't Start, 8, UNIT_MISSIONARY (7471104), UNITOPERATION_REMOVE_HERESY (29)
059, Adding, 8, UNIT_MISSIONARY (6094857), UNITOPERATION_MOVE_TO (19)
059, Adding, 8, UNIT_MISSIONARY (5177355), UNITOPERATION_MOVE_TO (19)
059, Adding, 8, UNIT_MISSIONARY (3866637), UNITOPERATION_MOVE_TO (19)
059, Adding, 8, UNIT_MISSIONARY (4259864), UNITOPERATION_MOVE_TO (19)
059, Adding, 8, UNIT_MISSIONARY (4849689), UNITOPERATION_SPREAD_RELIGION (38)
059, Adding, 8, UNIT_MISSIONARY (3670053), UNITOPERATION_SPREAD_RELIGION (38)
059, Adding, 8, UNIT_MISSIONARY (5701670), UNITOPERATION_SPREAD_RELIGION (38)
059, Adding, 8, UNIT_APOSTLE (9371687), UNITOPERATION_MOVE_TO (19)
059, Adding, 8, UNIT_MISSIONARY (4063272), UNITOPERATION_SPREAD_RELIGION (38)
059, Adding, 8, UNIT_MISSIONARY (4784176), UNITOPERATION_MOVE_TO (19)
059, Adding, 8, UNIT_APOSTLE (10551349), UNITOPERATION_EVANGELIZE_BELIEF (10)
059, Adding, 8, UNIT_MISSIONARY (6488118), UNITOPERATION_MOVE_TO (19)
059, Adding, 8, UNIT_MISSIONARY (6488118), UNITOPERATION_REMOVE_HERESY (29)
059, Can't Start, 8, UNIT_MISSIONARY (6488118), UNITOPERATION_REMOVE_HERESY (29)
059, Adding, 8, UNIT_MISSIONARY (6684728), UNITOPERATION_MOVE_TO (19)
059, Adding, 8, UNIT_MISSIONARY (7733309), UNITOPERATION_MOVE_TO (19)
059, Adding, 8, UNIT_MISSIONARY (7929918), UNITOPERATION_MOVE_TO (19)
059, Adding, 8, UNIT_MISSIONARY (8323137), UNITOPERATION_MOVE_TO (19)
059, Adding, 8, UNIT_MISSIONARY (8519746), UNITOPERATION_MOVE_TO (19)
059, Adding, 8, UNIT_APOSTLE (8650820), UNITOPERATION_EVANGELIZE_BELIEF (10)
059, Can't Start, 8, UNIT_APOSTLE (8650820), UNITOPERATION_EVANGELIZE_BELIEF (10)
059, Adding, 8, UNIT_APOSTLE (10158158), UNITOPERATION_MOVE_TO (19)
059, Adding, 8, UNIT_SKIRMISHER (5505075), UNITOPERATION_MOVE_TO (19)
059, Adding, 8, UNIT_SKIRMISHER (5505075), UNITOPERATION_MOVE_TO (19)
059, Adding, 8, UNIT_SKIRMISHER (6750265), UNITOPERATION_MOVE_TO (19)
059, Adding, 8, UNIT_MILITARY_ENGINEER (8126482), UNITOPERATION_MOVE_TO (19)
059, Adding, 8, UNIT_MILITARY_ENGINEER (8126482), UNITOPERATION_MOVE_TO (19)
059, Adding, 8, UNIT_SKIRMISHER (6553655), UNITOPERATION_MOVE_TO (19)
059, Adding, 8, UNIT_SKIRMISHER (7012410), UNITOPERATION_MOVE_TO (19)
059, Adding, 8, UNIT_MILITARY_ENGINEER (8388644), UNITOPERATION_SKIP_TURN (36)
059, Adding, 8, UNIT_SKIRMISHER (6553655), UNITOPERATION_SKIP_TURN (36)
059, Adding, 8, UNIT_SKIRMISHER (7012410), UNITOPERATION_SKIP_TURN (36)
059, Adding, 8, UNIT_MILITARY_ENGINEER (9240643), UNITOPERATION_SKIP_TURN (36)
059, Can't Start, 8, UNIT_MISSIONARY (7471104), UNITOPERATION_REMOVE_HERESY (29)
059, Can't Start, 8, UNIT_TRADER (1048588), UNITOPERATION_MAKE_TRADE_ROUTE (18)
059, Can't Start, 8, UNIT_APOSTLE (11337815), UNITOPERATION_MOVE_TO (19)
059, Adding, 9, UNIT_CROSSBOWMAN (5242890), UNITOPERATION_MOVE_TO (19)
059, Adding, 9, UNIT_CROSSBOWMAN (5242890), UNITOPERATION_SWAP_UNITS (49)
059, Can't Start, 9, UNIT_CROSSBOWMAN (5242890), UNITOPERATION_SWAP_UNITS (49)
059, Adding, 9, UNIT_CROSSBOWMAN (5242890), UNITOPERATION_MOVE_TO (19)
059, Adding, 9, UNIT_MUSKETMAN (8978445), UNITOPERATION_SWAP_UNITS (49)
059, Can't Start, 9, UNIT_MUSKETMAN (8978445), UNITOPERATION_SWAP_UNITS (49)
059, Adding, 9, UNIT_CROSSBOWMAN (6946840), UNITOPERATION_SWAP_UNITS (49)
059, Can't Start, 9, UNIT_CROSSBOWMAN (6946840), UNITOPERATION_SWAP_UNITS (49)
059, Adding, 9, UNIT_CROSSBOWMAN (6946840), UNITOPERATION_MOVE_TO (19)
059, Adding, 9, UNIT_MUSKETMAN (9043977), UNITOPERATION_MOVE_TO (19)
059, Adding, 9, UNIT_COURSER (8257551), UNITOPERATION_MOVE_TO (19)
059, Adding, 9, UNIT_MUSKETMAN (8978445), UNITOPERATION_MOVE_TO (19)
059, Adding, 9, UNIT_SETTLER (10420280), UNITOPERATION_MOVE_TO (19)
059, Adding, 9, UNIT_MUSKETMAN (9633826), UNITOPERATION_MOVE_TO (19)
059, Adding, 9, UNIT_BOMBARD (11075612), UNITOPERATION_MOVE_TO (19)
059, Adding, 9, UNIT_MUSKETMAN (10551341), UNITOPERATION_SWAP_UNITS (49)
059, Can't Start, 9, UNIT_MUSKETMAN (10551341), UNITOPERATION_SWAP_UNITS (49)
059, Adding, 9, UNIT_MUSKETMAN (10551341), UNITOPERATION_MOVE_TO (19)
059, Adding, 9, UNIT_MAN_AT_ARMS (6553653), UNITOPERATION_SWAP_UNITS (49)
059, Can't Start, 9, UNIT_MAN_AT_ARMS (6553653), UNITOPERATION_SWAP_UNITS (49)
059, Adding, 9, UNIT_MAN_AT_ARMS (6553653), UNITOPERATION_MOVE_TO (19)
059, Adding, 9, UNIT_MAN_AT_ARMS (6619190), UNITOPERATION_SWAP_UNITS (49)
059, Can't Start, 9, UNIT_MAN_AT_ARMS (6619190), UNITOPERATION_SWAP_UNITS (49)
059, Adding, 9, UNIT_MAN_AT_ARMS (6619190), UNITOPERATION_MOVE_TO (19)
059, Adding, 9, UNIT_MAN_AT_ARMS (7209015), UNITOPERATION_SWAP_UNITS (49)
059, Can't Start, 9, UNIT_MAN_AT_ARMS (7209015), UNITOPERATION_SWAP_UNITS (49)
059, Adding, 9, UNIT_MAN_AT_ARMS (7209015), UNITOPERATION_MOVE_TO (19)
059, Adding, 9, UNIT_BUILDER (10223677), UNITOPERATION_SWAP_UNITS (49)
059, Can't Start, 9, UNIT_BUILDER (10223677), UNITOPERATION_SWAP_UNITS (49)
059, Adding, 9, UNIT_BUILDER (10223677), UNITOPERATION_MOVE_TO (19)
059, Adding, 9, UNIT_BUILDER (9437201), UNITOPERATION_REMOVE_FEATURE (28)
059, Can't Start, 9, UNIT_BUILDER (9437201), UNITOPERATION_REMOVE_FEATURE (28)
059, Adding, 9, UNIT_BUILDER (9895937), UNITOPERATION_SWAP_UNITS (49)
059, Can't Start, 9, UNIT_BUILDER (9895937), UNITOPERATION_SWAP_UNITS (49)
059, Adding, 9, UNIT_BUILDER (9895937), UNITOPERATION_MOVE_TO (19)
059, Adding, 9, UNIT_BUILDER (9764897), UNITOPERATION_SWAP_UNITS (49)
059, Can't Start, 9, UNIT_BUILDER (9764897), UNITOPERATION_SWAP_UNITS (49)
059, Adding, 9, UNIT_BUILDER (9764897), UNITOPERATION_MOVE_TO (19)
059, Adding, 9, UNIT_BUILDER (9764897), UNITOPERATION_BUILD_IMPROVEMENT (2)
059, Adding, 9, UNIT_BUILDER (10944561), UNITOPERATION_SWAP_UNITS (49)
059, Can't Start, 9, UNIT_BUILDER (10944561), UNITOPERATION_SWAP_UNITS (49)
059, Adding, 9, UNIT_BUILDER (10944561), UNITOPERATION_MOVE_TO (19)
059, Adding, 9, UNIT_MILITARY_ENGINEER (8585255), UNITOPERATION_SWAP_UNITS (49)
059, Can't Start, 9, UNIT_MILITARY_ENGINEER (8585255), UNITOPERATION_SWAP_UNITS (49)
059, Adding, 9, UNIT_MILITARY_ENGINEER (8585255), UNITOPERATION_MOVE_TO (19)
059, Adding, 9, UNIT_GREAT_GENERAL (9568258), UNITOPERATION_MOVE_TO (19)
059, Adding, 9, UNIT_KNIGHT (9830418), UNITOPERATION_MOVE_TO (19)
059, Can't Start, 9, UNIT_KNIGHT (9830418), UNITOPERATION_MOVE_TO (19)
059, Adding, 9, UNIT_CROSSBOWMAN (5701661), UNITOPERATION_MOVE_TO (19)
059, Adding, 9, UNIT_CROSSBOWMAN (6750246), UNITOPERATION_MOVE_TO (19)
059, Adding, 9, UNIT_CROSSBOWMAN (4718633), UNITOPERATION_MOVE_TO (19)
059, Adding, 9, UNIT_CROSSBOWMAN (5308459), UNITOPERATION_MOVE_TO (19)
059, Adding, 9, UNIT_KNIGHT (9306158), UNITOPERATION_MOVE_TO (19)
059, Adding, 9, UNIT_CROSSBOWMAN (4521995), UNITOPERATION_MOVE_TO (19)
059, Adding, 9, UNIT_CROSSBOWMAN (4653096), UNITOPERATION_MOVE_TO (19)
059, Adding, 9, UNIT_MISSIONARY (4390915), UNITOPERATION_MOVE_TO (19)
059, Adding, 9, UNIT_MISSIONARY (9502727), UNITOPERATION_MOVE_TO (19)
059, Adding, 9, UNIT_MISSIONARY (5570574), UNITOPERATION_MOVE_TO (19)
059, Adding, 9, UNIT_MISSIONARY (7798800), UNITOPERATION_MOVE_TO (19)
059, Adding, 9, UNIT_MISSIONARY (8192019), UNITOPERATION_MOVE_TO (19)
059, Adding, 9, UNIT_MISSIONARY (5177365), UNITOPERATION_MOVE_TO (19)
059, Adding, 9, UNIT_MISSIONARY (5439513), UNITOPERATION_MOVE_TO (19)
059, Adding, 9, UNIT_MISSIONARY (6881306), UNITOPERATION_MOVE_TO (19)
059, Adding, 9, UNIT_MISSIONARY (9175071), UNITOPERATION_MOVE_TO (19)
059, Adding, 9, UNIT_MISSIONARY (9175071), UNITOPERATION_REMOVE_HERESY (29)
059, Can't Start, 9, UNIT_MISSIONARY (9175071), UNITOPERATION_REMOVE_HERESY (29)
059, Adding, 9, UNIT_MISSIONARY (4915232), UNITOPERATION_MOVE_TO (19)
059, Adding, 9, UNIT_MISSIONARY (8650787), UNITOPERATION_MOVE_TO (19)
059, Adding, 9, UNIT_MISSIONARY (7274538), UNITOPERATION_MOVE_TO (19)
059, Adding, 9, UNIT_MISSIONARY (5832748), UNITOPERATION_MOVE_TO (19)
059, Adding, 9, UNIT_MISSIONARY (6225968), UNITOPERATION_MOVE_TO (19)
059, Adding, 9, UNIT_MISSIONARY (6225968), UNITOPERATION_SPREAD_RELIGION (38)
059, Can't Start, 9, UNIT_MISSIONARY (6225968), UNITOPERATION_SPREAD_RELIGION (38)
059, Adding, 9, UNIT_APOSTLE (10879027), UNITOPERATION_MOVE_TO (19)
059, Adding, 9, UNIT_MISSIONARY (8519737), UNITOPERATION_MOVE_TO (19)
059, Adding, 9, UNIT_APOSTLE (9961531), UNITOPERATION_MOVE_TO (19)
059, Adding, 9, UNIT_APOSTLE (10747966), UNITOPERATION_MOVE_TO (19)
059, Adding, 9, UNIT_SKIRMISHER (5046276), UNITOPERATION_MOVE_TO (19)
059, Adding, 9, UNIT_SKIRMISHER (5111830), UNITOPERATION_MOVE_TO (19)
059, Adding, 9, UNIT_SKIRMISHER (5046276), UNITOPERATION_MOVE_TO (19)
059, Adding, 9, UNIT_SKIRMISHER (5046276), UNITOPERATION_MOVE_TO (19)
059, Can't Start, 9, UNIT_MISSIONARY (9175071), UNITOPERATION_REMOVE_HERESY (29)
059, Can't Start, 9, UNIT_MISSIONARY (6225968), UNITOPERATION_SPREAD_RELIGION (38)
059, Adding, 10, UNIT_BUILDER (1310729), UNITOPERATION_SWAP_UNITS (49)
059, Can't Start, 10, UNIT_BUILDER (1310729), UNITOPERATION_SWAP_UNITS (49)
059, Adding, 10, UNIT_BUILDER (1310729), UNITOPERATION_MOVE_TO (19)
059, Adding, 10, UNIT_CROSSBOWMAN (983040), UNITOPERATION_SWAP_UNITS (49)
059, Can't Start, 10, UNIT_CROSSBOWMAN (983040), UNITOPERATION_SWAP_UNITS (49)
059, Adding, 10, UNIT_CROSSBOWMAN (983040), UNITOPERATION_MOVE_TO (19)
059, Adding, 10, UNIT_CROSSBOWMAN (1376266), UNITOPERATION_SWAP_UNITS (49)
059, Can't Start, 10, UNIT_CROSSBOWMAN (1376266), UNITOPERATION_SWAP_UNITS (49)
059, Adding, 10, UNIT_CROSSBOWMAN (1179652), UNITOPERATION_SWAP_UNITS (49)
059, Can't Start, 10, UNIT_CROSSBOWMAN (1179652), UNITOPERATION_SWAP_UNITS (49)
059, Adding, 10, UNIT_CROSSBOWMAN (1179652), UNITOPERATION_MOVE_TO (19)
059, Adding, 10, UNIT_CROSSBOWMAN (1245191), UNITOPERATION_SWAP_UNITS (49)
059, Can't Start, 10, UNIT_CROSSBOWMAN (1245191), UNITOPERATION_SWAP_UNITS (49)
059, Adding, 10, UNIT_CROSSBOWMAN (983040), UNITOPERATION_RANGE_ATTACK (26)
059, Adding, 10, UNIT_CROSSBOWMAN (983040), UNITOPERATION_MOVE_TO (19)
059, Adding, 10, UNIT_SWORDSMAN (1114120), UNITOPERATION_FORTIFY (12)
059, Adding, 10, UNIT_SWORDSMAN (786433), UNITOPERATION_MOVE_TO (19)
059, Adding, 10, UNIT_SWORDSMAN (917506), UNITOPERATION_MOVE_TO (19)
059, Adding, 10, UNIT_SWORDSMAN (851971), UNITOPERATION_MOVE_TO (19)
059, Adding, 10, UNIT_SWORDSMAN (720902), UNITOPERATION_MOVE_TO (19)
059, Adding, 12, UNIT_SWORDSMAN (655361), UNITOPERATION_SWAP_UNITS (49)
059, Can't Start, 12, UNIT_SWORDSMAN (655361), UNITOPERATION_SWAP_UNITS (49)
059, Adding, 12, UNIT_SWORDSMAN (655361), UNITOPERATION_MOVE_TO (19)
059, Adding, 12, UNIT_BUILDER (917504), UNITOPERATION_SWAP_UNITS (49)
059, Can't Start, 12, UNIT_BUILDER (917504), UNITOPERATION_SWAP_UNITS (49)
059, Adding, 12, UNIT_BUILDER (917504), UNITOPERATION_MOVE_TO (19)
059, Adding, 12, UNIT_BUILDER (917504), UNITOPERATION_HARVEST_RESOURCE (16)
059, Adding, 12, UNIT_BUILDER (917504), UNITOPERATION_BUILD_IMPROVEMENT (2)
059, Can't Start, 12, UNIT_BUILDER (917504), UNITOPERATION_BUILD_IMPROVEMENT (2)
059, Adding, 12, UNIT_CROSSBOWMAN (720898), UNITOPERATION_MOVE_TO (19)
059, Adding, 12, UNIT_CROSSBOWMAN (786435), UNITOPERATION_MOVE_TO (19)
059, Adding, 12, UNIT_CROSSBOWMAN (983044), UNITOPERATION_MOVE_TO (19)
059, Can't Start, 12, UNIT_BUILDER (917504), UNITOPERATION_BUILD_IMPROVEMENT (2)
059, Adding, 13, UNIT_CATAPULT (720898), UNITOPERATION_SWAP_UNITS (49)
059, Can't Start, 13, UNIT_CATAPULT (720898), UNITOPERATION_SWAP_UNITS (49)
059, Adding, 13, UNIT_CATAPULT (720898), UNITOPERATION_MOVE_TO (19)
059, Adding, 13, UNIT_SWORDSMAN (655361), UNITOPERATION_MOVE_TO (19)
059, Adding, 13, UNIT_HEAVY_CHARIOT (524292), UNITOPERATION_MOVE_TO (19)
059, Adding, 13, UNIT_SWORDSMAN (589829), UNITOPERATION_MOVE_TO (19)
059, Adding, 13, UNIT_CROSSBOWMAN (851974), UNITOPERATION_MOVE_TO (19)
059, Adding, 13, UNIT_BUILDER (786432), UNITOPERATION_SKIP_TURN (36)
059, Adding, 14, UNIT_CROSSBOWMAN (917509), UNITOPERATION_RANGE_ATTACK (26)
059, Adding, 14, UNIT_CROSSBOWMAN (917509), UNITOPERATION_MOVE_TO (19)
059, Adding, 14, UNIT_BUILDER (720896), UNITOPERATION_SKIP_TURN (36)
059, Adding, 15, UNIT_SWORDSMAN (983041), UNITOPERATION_MOVE_TO (19)
059, Adding, 15, UNIT_HORSEMAN (1179652), UNITOPERATION_MOVE_TO (19)
059, Adding, 15, UNIT_HORSEMAN (720902), UNITOPERATION_MOVE_TO (19)
059, Adding, 15, UNIT_SWORDSMAN (786439), UNITOPERATION_MOVE_TO (19)
059, Adding, 15, UNIT_SWORDSMAN (851976), UNITOPERATION_MOVE_TO (19)
059, Adding, 15, UNIT_SWORDSMAN (1048585), UNITOPERATION_MOVE_TO (19)
059, Adding, 15, UNIT_SWORDSMAN (1114122), UNITOPERATION_MOVE_TO (19)
059, Adding, 15, UNIT_BUILDER (917507), UNITOPERATION_SKIP_TURN (36)
059, Adding, 17, UNIT_MAN_AT_ARMS (1376259), UNITOPERATION_SWAP_UNITS (49)
059, Can't Start, 17, UNIT_MAN_AT_ARMS (1376259), UNITOPERATION_SWAP_UNITS (49)
059, Adding, 17, UNIT_MAN_AT_ARMS (1376259), UNITOPERATION_MOVE_TO (19)
059, Adding, 17, UNIT_MAN_AT_ARMS (1441797), UNITOPERATION_SWAP_UNITS (49)
059, Can't Start, 17, UNIT_MAN_AT_ARMS (1441797), UNITOPERATION_SWAP_UNITS (49)
059, Adding, 17, UNIT_MAN_AT_ARMS (1441797), UNITOPERATION_MOVE_TO (19)
059, Adding, 17, UNIT_MAN_AT_ARMS (1310728), UNITOPERATION_SWAP_UNITS (49)
059, Can't Start, 17, UNIT_MAN_AT_ARMS (1310728), UNITOPERATION_SWAP_UNITS (49)
059, Adding, 17, UNIT_MAN_AT_ARMS (1310728), UNITOPERATION_MOVE_TO (19)
059, Adding, 17, UNIT_SKIRMISHER (1835009), UNITOPERATION_MOVE_TO (19)
059, Adding, 17, UNIT_CROSSBOWMAN (1179652), UNITOPERATION_MOVE_TO (19)
059, Adding, 17, UNIT_SKIRMISHER (1703945), UNITOPERATION_MOVE_TO (19)
059, Adding, 17, UNIT_BUILDER (1572871), UNITOPERATION_SKIP_TURN (36)
059, Adding, 20, UNIT_BUILDER (917509), UNITOPERATION_SWAP_UNITS (49)
059, Can't Start, 20, UNIT_BUILDER (917509), UNITOPERATION_SWAP_UNITS (49)
059, Adding, 20, UNIT_BUILDER (917509), UNITOPERATION_MOVE_TO (19)
059, Adding, 20, UNIT_SWORDSMAN (720896), UNITOPERATION_MOVE_TO (19)
059, Adding, 20, UNIT_CROSSBOWMAN (983041), UNITOPERATION_MOVE_TO (19)
059, Adding, 20, UNIT_CROSSBOWMAN (851970), UNITOPERATION_MOVE_TO (19)
059, Adding, 20, UNIT_HEAVY_CHARIOT (458756), UNITOPERATION_MOVE_TO (19)
059, Adding, 20, UNIT_CROSSBOWMAN (1048582), UNITOPERATION_MOVE_TO (19)
059, Adding, 20, UNIT_SWORDSMAN (786439), UNITOPERATION_MOVE_TO (19)
059, Adding, 20, UNIT_CROSSBOWMAN (1114120), UNITOPERATION_MOVE_TO (19)
059, Adding, 20, UNIT_CROSSBOWMAN (1179657), UNITOPERATION_MOVE_TO (19)
059, Adding, 21, UNIT_TRADER (1048577), UNITOPERATION_MAKE_TRADE_ROUTE (18)
059, Adding, 21, UNIT_MAN_AT_ARMS (1703939), UNITOPERATION_SWAP_UNITS (49)
059, Can't Start, 21, UNIT_MAN_AT_ARMS (1703939), UNITOPERATION_SWAP_UNITS (49)
059, Adding, 21, UNIT_MAN_AT_ARMS (1703939), UNITOPERATION_MOVE_TO (19)
059, Adding, 21, UNIT_CROSSBOWMAN (851970), UNITOPERATION_MOVE_TO (19)
059, Adding, 21, UNIT_KNIGHT (1376260), UNITOPERATION_MOVE_TO (19)
059, Adding, 21, UNIT_CROSSBOWMAN (1114118), UNITOPERATION_MOVE_TO (19)
059, Adding, 21, UNIT_CROSSBOWMAN (1310730), UNITOPERATION_MOVE_TO (19)
059, Adding, 21, UNIT_TREBUCHET (1441803), UNITOPERATION_MOVE_TO (19)
059, Adding, 21, UNIT_BUILDER (1638405), UNITOPERATION_SKIP_TURN (36)
059, Adding, 2, UNIT_KNIGHT (2228232), UNITOPERATION_FORTIFY (12)
059, Adding, 2, UNIT_KNIGHT (2424848), UNITOPERATION_MOVE_TO (19)
059, Adding, 2, UNIT_KNIGHT (2883594), UNITOPERATION_MOVE_TO (19)
059, Adding, 2, UNIT_KNIGHT (2359311), UNITOPERATION_MOVE_TO (19)
059, Adding, 2, UNIT_KNIGHT (2490385), UNITOPERATION_MOVE_TO (19)
059, Adding, 2, UNIT_KNIGHT (2555922), UNITOPERATION_MOVE_TO (19)
059, Adding, 2, UNIT_KNIGHT (2621459), UNITOPERATION_MOVE_TO (19)
059, Adding, 2, UNIT_KNIGHT (2686996), UNITOPERATION_MOVE_TO (19)
059, Adding, 2, UNIT_KNIGHT (2752533), UNITOPERATION_MOVE_TO (19)
059, Adding, 2, UNIT_KNIGHT (2818070), UNITOPERATION_MOVE_TO (19)
059, Adding, 2, UNIT_KNIGHT (3014679), UNITOPERATION_MOVE_TO (19)
059, Adding, 2, UNIT_KNIGHT (3080216), UNITOPERATION_MOVE_TO (19)
059, Adding, 2, UNIT_SCOUT (196608), UNITOPERATION_SKIP_TURN (36)
059, Adding, 2, UNIT_SCOUT (262146), UNITOPERATION_SKIP_TURN (36)
059, Adding, 2, UNIT_SCOUT (589830), UNITOPERATION_SKIP_TURN (36)
059, Can't Start, 2, UNIT_KNIGHT (2228232), UNITOPERATION_FORTIFY (12)
