Game Turn, Player, KnowledgeType, Location, Other
1, 4, START LOG, , YIELD_FOOD 0.00 +/- 0.00,YIELD_PRODUCTION 0.00 +/- 0.00,YIELD_GOLD 0.00 +/- 0.00,YIELD_SCIENCE 0.00 +/- 0.00,YIELD_CULTURE 0.00 +/- 0.00,YIELD_FAITH 0.00 +/- 0.00,
1, 4, TRADE, TO -1, VAL 0.00
1, 4, ARMY,, 
1, 4, ARMY,, 
1, 4, ARMY,, 
1, 4, ARMY,, 
1, 4, ARMY,, UNIT_SETTLER 1 0,UNIT_AZTEC_EAGLE_WARRIOR 1 0,
1, 4, ARMY,, UNIT_SETTLER 1 0,UNIT_WARRIOR 1 0,
1, 4, ARMY,, UNIT_SETTLER 1 0,UNIT_WARRIOR 1 0,
1, 4, ARMY,, UNIT_SETTLER 1 0,UNIT_WARRIOR 1 0,
1, 4, ARMY,, 
1, 4, ARMY,, 
1, 4, ARMY,, 
1, 4, ARMY,, 
1, 4, ARMY,, 
1, 4, ARMY,, 
1, 4, ARMY,, 
1, 4, ARMY,, 
1, 4, ARMY,, 
1, 4, ARMY,, 
1, 4, ARMY,, 
1, 4, ARMY,, 
1, 5, START LOG, , YIELD_FOOD 0.00 +/- 0.00,YIELD_PRODUCTION 0.00 +/- 0.00,YIELD_GOLD 0.00 +/- 0.00,YIELD_SCIENCE 0.00 +/- 0.00,YIELD_CULTURE 0.00 +/- 0.00,YIELD_FAITH 0.00 +/- 0.00,
1, 5, TRADE, TO -1, VAL 0.00
1, 5, CITY, 49:61, 0, 1, 100, 0.00, 1, 1, 3, 29, 0, Is original capital, Is capital
1, 5, ARMY,, 
1, 5, ARMY,, 
1, 5, ARMY,, 
1, 5, ARMY,, 
1, 5, ARMY,, UNIT_SETTLER 1 0,UNIT_SCOUT 1 0,UNIT_AZTEC_EAGLE_WARRIOR 1 0,
1, 5, ARMY,, UNIT_SETTLER 1 0,UNIT_WARRIOR 1 0,
1, 5, ARMY,, UNIT_SETTLER 1 0,UNIT_WARRIOR 1 0,
1, 5, ARMY,, UNIT_SETTLER 1 0,UNIT_WARRIOR 1 0,
1, 5, ARMY,, 
1, 5, ARMY,, 
1, 5, ARMY,, 
1, 5, ARMY,, 
1, 5, ARMY,, 
1, 5, ARMY,, 
1, 5, ARMY,, 
1, 5, ARMY,, 
1, 5, ARMY,, 
1, 5, ARMY,, 
1, 5, ARMY,, 
1, 5, ARMY,, 
1, 6, START LOG, , YIELD_FOOD 0.00 +/- 0.00,YIELD_PRODUCTION 0.00 +/- 0.00,YIELD_GOLD 0.00 +/- 0.00,YIELD_SCIENCE 0.00 +/- 0.00,YIELD_CULTURE 0.00 +/- 0.00,YIELD_FAITH 0.00 +/- 0.00,
1, 6, TRADE, TO -1, VAL 0.00
1, 6, CITY, 61:44, 0, 1, 100, 0.00, 1, 1, 8, 27, 0, Is original capital, Is capital
1, 6, CITY, 49:61, 0, 1, 100, 0.00, 1, 1, 3, 29, 0, Is original capital, Is capital
1, 6, ARMY,, 
1, 6, ARMY,, 
1, 6, ARMY,, 
1, 6, ARMY,, 
1, 6, ARMY,, UNIT_SETTLER 1 0,UNIT_SCOUT 1 0,UNIT_AZTEC_EAGLE_WARRIOR 1 0,
1, 6, ARMY,, UNIT_SETTLER 1 0,UNIT_WARRIOR 1 0,UNIT_CREE_OKIHTCITAW 1 0,
1, 6, ARMY,, UNIT_SETTLER 1 0,UNIT_WARRIOR 1 0,
1, 6, ARMY,, UNIT_SETTLER 1 0,UNIT_WARRIOR 1 0,
1, 6, ARMY,, 
1, 6, ARMY,, 
1, 6, ARMY,, 
1, 6, ARMY,, 
1, 6, ARMY,, 
1, 6, ARMY,, 
1, 6, ARMY,, 
1, 6, ARMY,, 
1, 6, ARMY,, 
1, 6, ARMY,, 
1, 6, ARMY,, 
1, 6, ARMY,, 
1, 7, START LOG, , YIELD_FOOD 0.00 +/- 0.00,YIELD_PRODUCTION 0.00 +/- 0.00,YIELD_GOLD 0.00 +/- 0.00,YIELD_SCIENCE 0.00 +/- 0.00,YIELD_CULTURE 0.00 +/- 0.00,YIELD_FAITH 0.00 +/- 0.00,
1, 7, TRADE, TO -1, VAL 0.00
1, 7, CITY, 64:33, 0, 1, 100, 0.00, 1, 1, 3, 34, 0, Is original capital, Is capital
1, 7, CITY, 61:44, 0, 1, 100, 0.00, 1, 1, 8, 27, 0, Is original capital, Is capital
1, 7, CITY, 49:61, 0, 1, 100, 0.00, 1, 1, 3, 29, 0, Is original capital, Is capital
1, 7, ARMY,, 
1, 7, ARMY,, 
1, 7, ARMY,, 
1, 7, ARMY,, 
1, 7, ARMY,, UNIT_SETTLER 1 0,UNIT_SCOUT 1 0,UNIT_AZTEC_EAGLE_WARRIOR 1 0,
1, 7, ARMY,, UNIT_SETTLER 1 0,UNIT_WARRIOR 1 0,UNIT_CREE_OKIHTCITAW 1 0,
1, 7, ARMY,, UNIT_SETTLER 1 0,UNIT_SCOUT 1 0,UNIT_WARRIOR 1 0,
1, 7, ARMY,, UNIT_SETTLER 1 0,UNIT_WARRIOR 1 0,
1, 7, ARMY,, 
1, 7, ARMY,, 
1, 7, ARMY,, 
1, 7, ARMY,, 
1, 7, ARMY,, 
1, 7, ARMY,, 
1, 7, ARMY,, 
1, 7, ARMY,, 
1, 7, ARMY,, 
1, 7, ARMY,, 
1, 7, ARMY,, 
1, 7, ARMY,, 
1, 8, START LOG, , YIELD_FOOD 0.00 +/- 0.00,YIELD_PRODUCTION 0.00 +/- 0.00,YIELD_GOLD 0.00 +/- 0.00,YIELD_SCIENCE 0.00 +/- 0.00,YIELD_CULTURE 0.00 +/- 0.00,YIELD_FAITH 0.00 +/- 0.00,
1, 8, TRADE, TO -1, VAL 0.00
1, 8, ARMY,, 
1, 8, ARMY,, 
1, 8, ARMY,, 
1, 8, ARMY,, 
1, 8, ARMY,, 
1, 8, ARMY,, 
1, 8, ARMY,, 
1, 8, ARMY,, 
1, 8, ARMY,, UNIT_SETTLER 1 0,UNIT_WARRIOR 2 0,
1, 8, ARMY,, 
1, 8, ARMY,, 
1, 8, ARMY,, 
1, 8, ARMY,, 
1, 8, ARMY,, 
1, 8, ARMY,, 
1, 8, ARMY,, 
1, 8, ARMY,, 
1, 8, ARMY,, 
1, 8, ARMY,, 
1, 8, ARMY,, 
1, 9, START LOG, , YIELD_FOOD 0.00 +/- 0.00,YIELD_PRODUCTION 0.00 +/- 0.00,YIELD_GOLD 0.00 +/- 0.00,YIELD_SCIENCE 0.00 +/- 0.00,YIELD_CULTURE 0.00 +/- 0.00,YIELD_FAITH 0.00 +/- 0.00,
1, 9, TRADE, TO -1, VAL 0.00
1, 9, ARMY,, 
1, 9, ARMY,, 
1, 9, ARMY,, 
1, 9, ARMY,, 
1, 9, ARMY,, 
1, 9, ARMY,, 
1, 9, ARMY,, 
1, 9, ARMY,, 
1, 9, ARMY,, 
1, 9, ARMY,, UNIT_SETTLER 1 0,UNIT_WARRIOR 2 0,
1, 9, ARMY,, 
1, 9, ARMY,, 
1, 9, ARMY,, 
1, 9, ARMY,, 
1, 9, ARMY,, 
1, 9, ARMY,, 
1, 9, ARMY,, 
1, 9, ARMY,, 
1, 9, ARMY,, 
1, 9, ARMY,, 
1, 10, START LOG, , YIELD_FOOD 0.00 +/- 0.00,YIELD_PRODUCTION 0.00 +/- 0.00,YIELD_GOLD 0.00 +/- 0.00,YIELD_SCIENCE 0.00 +/- 0.00,YIELD_CULTURE 0.00 +/- 0.00,YIELD_FAITH 0.00 +/- 0.00,
1, 10, TRADE, TO -1, VAL 0.00
1, 10, ARMY,, 
1, 10, ARMY,, 
1, 10, ARMY,, 
1, 10, ARMY,, 
1, 10, ARMY,, 
1, 10, ARMY,, 
1, 10, ARMY,, 
1, 10, ARMY,, 
1, 10, ARMY,, 
1, 10, ARMY,, 
1, 10, ARMY,, UNIT_SETTLER 1 0,UNIT_WARRIOR 2 0,
1, 10, ARMY,, 
1, 10, ARMY,, 
1, 10, ARMY,, 
1, 10, ARMY,, 
1, 10, ARMY,, 
1, 10, ARMY,, 
1, 10, ARMY,, 
1, 10, ARMY,, 
1, 10, ARMY,, 
1, 11, START LOG, , YIELD_FOOD 0.00 +/- 0.00,YIELD_PRODUCTION 0.00 +/- 0.00,YIELD_GOLD 0.00 +/- 0.00,YIELD_SCIENCE 0.00 +/- 0.00,YIELD_CULTURE 0.00 +/- 0.00,YIELD_FAITH 0.00 +/- 0.00,
1, 11, TRADE, TO -1, VAL 0.00
1, 11, ARMY,, 
1, 11, ARMY,, 
1, 11, ARMY,, 
1, 11, ARMY,, 
1, 11, ARMY,, 
1, 11, ARMY,, 
1, 11, ARMY,, 
1, 11, ARMY,, 
1, 11, ARMY,, 
1, 11, ARMY,, 
1, 11, ARMY,, 
1, 11, ARMY,, UNIT_SETTLER 1 0,UNIT_WARRIOR 2 0,
1, 11, ARMY,, 
1, 11, ARMY,, 
1, 11, ARMY,, 
1, 11, ARMY,, 
1, 11, ARMY,, 
1, 11, ARMY,, 
1, 11, ARMY,, 
1, 11, ARMY,, 
1, 12, START LOG, , YIELD_FOOD 0.00 +/- 0.00,YIELD_PRODUCTION 0.00 +/- 0.00,YIELD_GOLD 0.00 +/- 0.00,YIELD_SCIENCE 0.00 +/- 0.00,YIELD_CULTURE 0.00 +/- 0.00,YIELD_FAITH 0.00 +/- 0.00,
1, 12, TRADE, TO -1, VAL 0.00
1, 12, ARMY,, 
1, 12, ARMY,, 
1, 12, ARMY,, 
1, 12, ARMY,, 
1, 12, ARMY,, 
1, 12, ARMY,, 
1, 12, ARMY,, 
1, 12, ARMY,, 
1, 12, ARMY,, 
1, 12, ARMY,, 
1, 12, ARMY,, 
1, 12, ARMY,, 
1, 12, ARMY,, UNIT_SETTLER 1 0,UNIT_WARRIOR 2 0,
1, 12, ARMY,, 
1, 12, ARMY,, 
1, 12, ARMY,, 
1, 12, ARMY,, 
1, 12, ARMY,, 
1, 12, ARMY,, 
1, 12, ARMY,, 
1, 13, START LOG, , YIELD_FOOD 0.00 +/- 0.00,YIELD_PRODUCTION 0.00 +/- 0.00,YIELD_GOLD 0.00 +/- 0.00,YIELD_SCIENCE 0.00 +/- 0.00,YIELD_CULTURE 0.00 +/- 0.00,YIELD_FAITH 0.00 +/- 0.00,
1, 13, TRADE, TO -1, VAL 0.00
1, 13, ARMY,, 
1, 13, ARMY,, 
1, 13, ARMY,, 
1, 13, ARMY,, 
1, 13, ARMY,, 
1, 13, ARMY,, 
1, 13, ARMY,, 
1, 13, ARMY,, 
1, 13, ARMY,, 
1, 13, ARMY,, 
1, 13, ARMY,, 
1, 13, ARMY,, 
1, 13, ARMY,, 
1, 13, ARMY,, UNIT_SETTLER 1 0,UNIT_WARRIOR 2 0,
1, 13, ARMY,, 
1, 13, ARMY,, 
1, 13, ARMY,, 
1, 13, ARMY,, 
1, 13, ARMY,, 
1, 13, ARMY,, 
1, 14, START LOG, , YIELD_FOOD 0.00 +/- 0.00,YIELD_PRODUCTION 0.00 +/- 0.00,YIELD_GOLD 0.00 +/- 0.00,YIELD_SCIENCE 0.00 +/- 0.00,YIELD_CULTURE 0.00 +/- 0.00,YIELD_FAITH 0.00 +/- 0.00,
1, 14, TRADE, TO -1, VAL 0.00
1, 14, ARMY,, 
1, 14, ARMY,, 
1, 14, ARMY,, 
1, 14, ARMY,, 
1, 14, ARMY,, 
1, 14, ARMY,, 
1, 14, ARMY,, 
1, 14, ARMY,, 
1, 14, ARMY,, 
1, 14, ARMY,, 
1, 14, ARMY,, 
1, 14, ARMY,, 
1, 14, ARMY,, 
1, 14, ARMY,, 
1, 14, ARMY,, UNIT_SETTLER 1 0,UNIT_WARRIOR 2 0,
1, 14, ARMY,, 
1, 14, ARMY,, 
1, 14, ARMY,, 
1, 14, ARMY,, 
1, 14, ARMY,, 
1, 15, START LOG, , YIELD_FOOD 0.00 +/- 0.00,YIELD_PRODUCTION 0.00 +/- 0.00,YIELD_GOLD 0.00 +/- 0.00,YIELD_SCIENCE 0.00 +/- 0.00,YIELD_CULTURE 0.00 +/- 0.00,YIELD_FAITH 0.00 +/- 0.00,
1, 15, TRADE, TO -1, VAL 0.00
1, 15, ARMY,, 
1, 15, ARMY,, 
1, 15, ARMY,, 
1, 15, ARMY,, 
1, 15, ARMY,, 
1, 15, ARMY,, 
1, 15, ARMY,, 
1, 15, ARMY,, 
1, 15, ARMY,, 
1, 15, ARMY,, 
1, 15, ARMY,, 
1, 15, ARMY,, 
1, 15, ARMY,, 
1, 15, ARMY,, 
1, 15, ARMY,, 
1, 15, ARMY,, UNIT_SETTLER 1 0,UNIT_WARRIOR 2 0,
1, 15, ARMY,, 
1, 15, ARMY,, 
1, 15, ARMY,, 
1, 15, ARMY,, 
1, 16, START LOG, , YIELD_FOOD 0.00 +/- 0.00,YIELD_PRODUCTION 0.00 +/- 0.00,YIELD_GOLD 0.00 +/- 0.00,YIELD_SCIENCE 0.00 +/- 0.00,YIELD_CULTURE 0.00 +/- 0.00,YIELD_FAITH 0.00 +/- 0.00,
1, 16, TRADE, TO -1, VAL 0.00
1, 16, ARMY,, 
1, 16, ARMY,, 
1, 16, ARMY,, 
1, 16, ARMY,, 
1, 16, ARMY,, 
1, 16, ARMY,, 
1, 16, ARMY,, 
1, 16, ARMY,, 
1, 16, ARMY,, 
1, 16, ARMY,, 
1, 16, ARMY,, 
1, 16, ARMY,, 
1, 16, ARMY,, 
1, 16, ARMY,, 
1, 16, ARMY,, 
1, 16, ARMY,, 
1, 16, ARMY,, UNIT_SETTLER 1 0,UNIT_WARRIOR 2 0,
1, 16, ARMY,, 
1, 16, ARMY,, 
1, 16, ARMY,, 
1, 17, START LOG, , YIELD_FOOD 0.00 +/- 0.00,YIELD_PRODUCTION 0.00 +/- 0.00,YIELD_GOLD 0.00 +/- 0.00,YIELD_SCIENCE 0.00 +/- 0.00,YIELD_CULTURE 0.00 +/- 0.00,YIELD_FAITH 0.00 +/- 0.00,
1, 17, TRADE, TO -1, VAL 0.00
1, 17, ARMY,, 
1, 17, ARMY,, 
1, 17, ARMY,, 
1, 17, ARMY,, 
1, 17, ARMY,, 
1, 17, ARMY,, 
1, 17, ARMY,, 
1, 17, ARMY,, 
1, 17, ARMY,, 
1, 17, ARMY,, 
1, 17, ARMY,, 
1, 17, ARMY,, 
1, 17, ARMY,, 
1, 17, ARMY,, 
1, 17, ARMY,, 
1, 17, ARMY,, 
1, 17, ARMY,, 
1, 17, ARMY,, UNIT_SETTLER 1 0,UNIT_WARRIOR 2 0,
1, 17, ARMY,, 
1, 17, ARMY,, 
1, 62, START LOG, , YIELD_FOOD 0.00 +/- 0.00,YIELD_PRODUCTION 0.00 +/- 0.00,YIELD_GOLD 0.00 +/- 0.00,YIELD_SCIENCE 0.00 +/- 0.00,YIELD_CULTURE 0.00 +/- 0.00,YIELD_FAITH 0.00 +/- 0.00,
1, 62, TRADE, TO -1, VAL 0.00
1, 62, ARMY,, 
1, 62, ARMY,, 
1, 62, ARMY,, 
1, 62, ARMY,, 
1, 62, ARMY,, 
1, 62, ARMY,, 
1, 62, ARMY,, 
1, 62, ARMY,, 
1, 62, ARMY,, 
1, 62, ARMY,, 
1, 62, ARMY,, 
1, 62, ARMY,, 
1, 62, ARMY,, 
1, 62, ARMY,, 
1, 62, ARMY,, 
1, 62, ARMY,, 
1, 62, ARMY,, 
1, 62, ARMY,, 
1, 62, ARMY,, 
1, 62, ARMY,, 
1, 63, START LOG, , YIELD_FOOD 0.00 +/- 0.00,YIELD_PRODUCTION 0.00 +/- 0.00,YIELD_GOLD 0.00 +/- 0.00,YIELD_SCIENCE 0.00 +/- 0.00,YIELD_CULTURE 0.00 +/- 0.00,YIELD_FAITH 0.00 +/- 0.00,
1, 63, TRADE, TO -1, VAL 0.00
1, 63, ARMY,, 
1, 63, ARMY,, 
1, 63, ARMY,, 
1, 63, ARMY,, 
1, 63, ARMY,, 
1, 63, ARMY,, 
1, 63, ARMY,, 
1, 63, ARMY,, 
1, 63, ARMY,, 
1, 63, ARMY,, 
1, 63, ARMY,, 
1, 63, ARMY,, 
1, 63, ARMY,, 
1, 63, ARMY,, 
1, 63, ARMY,, 
1, 63, ARMY,, 
1, 63, ARMY,, 
1, 63, ARMY,, 
1, 63, ARMY,, 
1, 63, ARMY,, 
1, 0, START LOG, , YIELD_FOOD 0.00 +/- 0.00,YIELD_PRODUCTION 0.00 +/- 0.00,YIELD_GOLD 0.00 +/- 0.00,YIELD_SCIENCE 0.00 +/- 0.00,YIELD_CULTURE 0.00 +/- 0.00,YIELD_FAITH 0.00 +/- 0.00,
1, 0, TRADE, TO -1, VAL 0.00
1, 0, ARMY,, UNIT_SETTLER 1 0,UNIT_WARRIOR 1 0,
1, 0, ARMY,, UNIT_SETTLER 1 0,UNIT_WARRIOR 1 0,
1, 0, ARMY,, UNIT_SETTLER 1 0,UNIT_WARRIOR 1 0,
1, 0, ARMY,, UNIT_SETTLER 1 0,UNIT_WARRIOR 1 0,
1, 0, ARMY,, 
1, 0, ARMY,, 
1, 0, ARMY,, 
1, 0, ARMY,, 
1, 0, ARMY,, 
1, 0, ARMY,, 
1, 0, ARMY,, 
1, 0, ARMY,, 
1, 0, ARMY,, 
1, 0, ARMY,, 
1, 0, ARMY,, 
1, 0, ARMY,, 
1, 0, ARMY,, 
1, 0, ARMY,, 
1, 0, ARMY,, 
1, 0, ARMY,, 
1, 1, START LOG, , YIELD_FOOD 0.00 +/- 0.00,YIELD_PRODUCTION 0.00 +/- 0.00,YIELD_GOLD 0.00 +/- 0.00,YIELD_SCIENCE 0.00 +/- 0.00,YIELD_CULTURE 0.00 +/- 0.00,YIELD_FAITH 0.00 +/- 0.00,
1, 1, TRADE, TO -1, VAL 0.00
1, 1, ARMY,, UNIT_SETTLER 1 0,UNIT_WARRIOR 1 0,
1, 1, ARMY,, UNIT_SETTLER 1 0,UNIT_WARRIOR 1 0,
1, 1, ARMY,, UNIT_SETTLER 1 0,UNIT_WARRIOR 1 0,
1, 1, ARMY,, UNIT_SETTLER 1 0,UNIT_WARRIOR 1 0,
1, 1, ARMY,, 
1, 1, ARMY,, 
1, 1, ARMY,, 
1, 1, ARMY,, 
1, 1, ARMY,, 
1, 1, ARMY,, 
1, 1, ARMY,, 
1, 1, ARMY,, 
1, 1, ARMY,, 
1, 1, ARMY,, 
1, 1, ARMY,, 
1, 1, ARMY,, 
1, 1, ARMY,, 
1, 1, ARMY,, 
1, 1, ARMY,, 
1, 1, ARMY,, 
1, 2, START LOG, , YIELD_FOOD 0.00 +/- 0.00,YIELD_PRODUCTION 0.00 +/- 0.00,YIELD_GOLD 0.00 +/- 0.00,YIELD_SCIENCE 0.00 +/- 0.00,YIELD_CULTURE 0.00 +/- 0.00,YIELD_FAITH 0.00 +/- 0.00,
1, 2, TRADE, TO -1, VAL 0.00
1, 2, ARMY,, UNIT_SETTLER 1 0,UNIT_WARRIOR 1 0,
1, 2, ARMY,, UNIT_SETTLER 1 0,UNIT_WARRIOR 1 0,
1, 2, ARMY,, UNIT_SETTLER 1 0,UNIT_WARRIOR 1 0,
1, 2, ARMY,, UNIT_SETTLER 1 0,UNIT_WARRIOR 1 0,
1, 2, ARMY,, 
1, 2, ARMY,, 
1, 2, ARMY,, 
1, 2, ARMY,, 
1, 2, ARMY,, 
1, 2, ARMY,, 
1, 2, ARMY,, 
1, 2, ARMY,, 
1, 2, ARMY,, 
1, 2, ARMY,, 
1, 2, ARMY,, 
1, 2, ARMY,, 
1, 2, ARMY,, 
1, 2, ARMY,, 
1, 2, ARMY,, 
1, 2, ARMY,, 
1, 3, START LOG, , YIELD_FOOD 0.00 +/- 0.00,YIELD_PRODUCTION 0.00 +/- 0.00,YIELD_GOLD 0.00 +/- 0.00,YIELD_SCIENCE 0.00 +/- 0.00,YIELD_CULTURE 0.00 +/- 0.00,YIELD_FAITH 0.00 +/- 0.00,
1, 3, TRADE, TO -1, VAL 0.00
1, 3, ARMY,, UNIT_SETTLER 1 0,UNIT_WARRIOR 1 0,
1, 3, ARMY,, UNIT_SETTLER 1 0,UNIT_WARRIOR 1 0,
1, 3, ARMY,, UNIT_SETTLER 1 0,UNIT_WARRIOR 1 0,
1, 3, ARMY,, UNIT_SETTLER 1 0,UNIT_WARRIOR 1 0,
1, 3, ARMY,, 
1, 3, ARMY,, 
1, 3, ARMY,, 
1, 3, ARMY,, 
1, 3, ARMY,, 
1, 3, ARMY,, 
1, 3, ARMY,, 
1, 3, ARMY,, 
1, 3, ARMY,, 
1, 3, ARMY,, 
1, 3, ARMY,, 
1, 3, ARMY,, 
1, 3, ARMY,, 
1, 3, ARMY,, 
1, 3, ARMY,, 
1, 3, ARMY,, 
2, 4, START LOG, , YIELD_FOOD 0.00 +/- 0.00,YIELD_PRODUCTION 0.00 +/- 0.00,YIELD_GOLD 0.00 +/- 0.00,YIELD_SCIENCE 0.00 +/- 0.00,YIELD_CULTURE 0.00 +/- 0.00,YIELD_FAITH 0.00 +/- 0.00,
2, 4, TRADE, TO -1, VAL 0.00
2, 4, CITY, 49:61, 0, 1, 100, 20.00, 1, 1, 3, 29, 0, Is original capital, Is capital
2, 4, CITY, 50:15, 0, 1, 100, 0.00, 1, 1, 3, 28, 0, Is original capital, Is capital
2, 4, CITY, 64:33, 0, 1, 100, 0.00, 1, 1, 3, 34, 0, Is original capital, Is capital
2, 4, CITY, 61:44, 0, 1, 100, 0.00, 1, 1, 8, 27, 0, Is original capital, Is capital
2, 4, ARMY,, 
2, 4, ARMY,, 
2, 4, ARMY,, 
2, 4, ARMY,, 
2, 4, ARMY,, UNIT_SETTLER 2 1,UNIT_SCOUT 1 0,UNIT_AZTEC_EAGLE_WARRIOR 1 0,
2, 4, ARMY,, UNIT_SETTLER 2 1,UNIT_WARRIOR 1 0,UNIT_CREE_OKIHTCITAW 1 0,
2, 4, ARMY,, UNIT_SETTLER 2 1,UNIT_SCOUT 1 0,UNIT_WARRIOR 1 0,
2, 4, ARMY,, UNIT_SETTLER 2 1,UNIT_SCOUT 1 0,UNIT_WARRIOR 1 0,
2, 4, ARMY,, 
2, 4, ARMY,, 
2, 4, ARMY,, 
2, 4, ARMY,, 
2, 4, ARMY,, 
2, 4, ARMY,, 
2, 4, ARMY,, 
2, 4, ARMY,, 
2, 4, ARMY,, 
2, 4, ARMY,, 
2, 4, ARMY,, 
2, 4, ARMY,, 
2, 5, START LOG, , YIELD_FOOD 5.00 +/- 0.00,YIELD_PRODUCTION 12.00 +/- 1.41,YIELD_GOLD 8.00 +/- 0.00,YIELD_SCIENCE 2.00 +/- 0.00,YIELD_CULTURE 1.00 +/- 0.00,YIELD_FAITH 0.00 +/- 0.00,
2, 5, TRADE, TO -1, VAL 0.00
2, 5, CITY, 49:61, 0, 1, 100, 20.00, 1, 1, 3, 29, 0, Is original capital, Is capital
2, 5, CITY, 61:44, 0, 1, 100, 20.00, 1, 1, 8, 27, 0, Is original capital, Is capital
2, 5, CITY, 50:15, 0, 1, 100, 0.00, 1, 1, 3, 28, 0, Is original capital, Is capital
2, 5, CITY, 64:33, 0, 1, 100, 0.00, 1, 1, 3, 34, 0, Is original capital, Is capital
2, 5, ARMY,, 
2, 5, ARMY,, 
2, 5, ARMY,, 
2, 5, ARMY,, 
2, 5, ARMY,, UNIT_SETTLER 1 0,UNIT_SCOUT 1 0,UNIT_AZTEC_EAGLE_WARRIOR 1 0,
2, 5, ARMY,, UNIT_SETTLER 2 1,UNIT_WARRIOR 1 0,UNIT_CREE_OKIHTCITAW 1 0,
2, 5, ARMY,, UNIT_SETTLER 2 1,UNIT_SCOUT 1 0,UNIT_WARRIOR 1 0,
2, 5, ARMY,, UNIT_SETTLER 2 1,UNIT_SCOUT 1 0,UNIT_WARRIOR 1 0,
2, 5, ARMY,, 
2, 5, ARMY,, 
2, 5, ARMY,, 
2, 5, ARMY,, 
2, 5, ARMY,, 
2, 5, ARMY,, 
2, 5, ARMY,, 
2, 5, ARMY,, 
2, 5, ARMY,, 
2, 5, ARMY,, 
2, 5, ARMY,, 
2, 5, ARMY,, 
2, 6, START LOG, , YIELD_FOOD 4.99 +/- 0.00,YIELD_PRODUCTION 12.33 +/- 1.15,YIELD_GOLD 8.66 +/- 1.15,YIELD_SCIENCE 1.99 +/- 0.00,YIELD_CULTURE 1.00 +/- 0.00,YIELD_FAITH 1.00 +/- 1.73,
2, 6, TRADE, TO -1, VAL 0.00
2, 6, CITY, 61:44, 0, 1, 100, 20.00, 1, 1, 3, 27, 0, Is original capital, Is capital
2, 6, CITY, 49:61, 0, 1, 100, 20.00, 1, 1, 3, 29, 0, Is original capital, Is capital
2, 6, CITY, 64:33, 0, 1, 100, 20.00, 1, 1, 3, 34, 0, Is original capital, Is capital
2, 6, CITY, 50:15, 0, 1, 100, 0.00, 1, 1, 3, 28, 0, Is original capital, Is capital
2, 6, ARMY,, 
2, 6, ARMY,, 
2, 6, ARMY,, 
2, 6, ARMY,, 
2, 6, ARMY,, UNIT_SETTLER 1 0,UNIT_SCOUT 1 0,UNIT_AZTEC_EAGLE_WARRIOR 1 0,
2, 6, ARMY,, UNIT_SETTLER 1 0,UNIT_BUILDER 1 0,UNIT_WARRIOR 1 0,UNIT_CREE_OKIHTCITAW 1 0,
2, 6, ARMY,, UNIT_SETTLER 2 1,UNIT_SCOUT 1 0,UNIT_WARRIOR 1 0,
2, 6, ARMY,, UNIT_SETTLER 2 1,UNIT_SCOUT 1 0,UNIT_WARRIOR 1 0,
2, 6, ARMY,, 
2, 6, ARMY,, 
2, 6, ARMY,, 
2, 6, ARMY,, 
2, 6, ARMY,, 
2, 6, ARMY,, 
2, 6, ARMY,, 
2, 6, ARMY,, 
2, 6, ARMY,, 
2, 6, ARMY,, 
2, 6, ARMY,, 
2, 6, ARMY,, 
2, 7, START LOG, , YIELD_FOOD 5.00 +/- 0.00,YIELD_PRODUCTION 12.00 +/- 1.15,YIELD_GOLD 8.50 +/- 1.00,YIELD_SCIENCE 2.25 +/- 0.49,YIELD_CULTURE 1.00 +/- 0.00,YIELD_FAITH 0.75 +/- 1.50,
2, 7, TRADE, TO -1, VAL 0.00
2, 7, CITY, 64:33, 0, 1, 100, 20.00, 1, 1, 3, 34, 0, Is original capital, Is capital
2, 7, CITY, 61:44, 0, 1, 100, 20.00, 1, 1, 3, 27, 0, Is original capital, Is capital
2, 7, CITY, 49:61, 0, 1, 100, 20.00, 1, 1, 3, 29, 0, Is original capital, Is capital
2, 7, CITY, 50:15, 0, 1, 100, 20.00, 1, 1, 3, 28, 0, Is original capital, Is capital
2, 7, ARMY,, 
2, 7, ARMY,, 
2, 7, ARMY,, 
2, 7, ARMY,, 
2, 7, ARMY,, UNIT_SETTLER 1 0,UNIT_SCOUT 1 0,UNIT_AZTEC_EAGLE_WARRIOR 1 0,
2, 7, ARMY,, UNIT_SETTLER 1 0,UNIT_BUILDER 1 0,UNIT_WARRIOR 1 0,UNIT_CREE_OKIHTCITAW 1 0,
2, 7, ARMY,, UNIT_SETTLER 1 0,UNIT_SCOUT 1 0,UNIT_WARRIOR 1 0,
2, 7, ARMY,, UNIT_SETTLER 2 1,UNIT_SCOUT 1 0,UNIT_WARRIOR 1 0,
2, 7, ARMY,, 
2, 7, ARMY,, 
2, 7, ARMY,, 
2, 7, ARMY,, 
2, 7, ARMY,, 
2, 7, ARMY,, 
2, 7, ARMY,, 
2, 7, ARMY,, 
2, 7, ARMY,, 
2, 7, ARMY,, 
2, 7, ARMY,, 
2, 7, ARMY,, 
2, 8, START LOG, , YIELD_FOOD 0.00 +/- 0.00,YIELD_PRODUCTION 0.00 +/- 0.00,YIELD_GOLD 0.00 +/- 0.00,YIELD_SCIENCE 0.00 +/- 0.00,YIELD_CULTURE 0.00 +/- 0.00,YIELD_FAITH 0.00 +/- 0.00,
2, 8, TRADE, TO -1, VAL 0.00
2, 8, CITY, 55:35, 0, 1, 100, 40.00, 1, 1, 8, 15, 0, Is original capital, Is capital
2, 8, ARMY,, 
2, 8, ARMY,, 
2, 8, ARMY,, 
2, 8, ARMY,, 
2, 8, ARMY,, 
2, 8, ARMY,, 
2, 8, ARMY,, 
2, 8, ARMY,, 
2, 8, ARMY,, UNIT_SETTLER 1 1,UNIT_WARRIOR 2 0,
2, 8, ARMY,, 
2, 8, ARMY,, 
2, 8, ARMY,, 
2, 8, ARMY,, 
2, 8, ARMY,, 
2, 8, ARMY,, 
2, 8, ARMY,, 
2, 8, ARMY,, 
2, 8, ARMY,, 
2, 8, ARMY,, 
2, 8, ARMY,, 
2, 9, START LOG, , YIELD_FOOD 0.00 +/- 0.00,YIELD_PRODUCTION 0.00 +/- 0.00,YIELD_GOLD 0.00 +/- 0.00,YIELD_SCIENCE 0.00 +/- 0.00,YIELD_CULTURE 0.00 +/- 0.00,YIELD_FAITH 0.00 +/- 0.00,
2, 9, TRADE, TO -1, VAL 0.00
2, 9, CITY, 64:1, 0, 1, 100, 40.00, 1, 1, 13, 17, 0, Is original capital, Is capital
2, 9, ARMY,, 
2, 9, ARMY,, 
2, 9, ARMY,, 
2, 9, ARMY,, 
2, 9, ARMY,, 
2, 9, ARMY,, 
2, 9, ARMY,, 
2, 9, ARMY,, 
2, 9, ARMY,, 
2, 9, ARMY,, UNIT_SETTLER 1 1,UNIT_WARRIOR 2 0,
2, 9, ARMY,, 
2, 9, ARMY,, 
2, 9, ARMY,, 
2, 9, ARMY,, 
2, 9, ARMY,, 
2, 9, ARMY,, 
2, 9, ARMY,, 
2, 9, ARMY,, 
2, 9, ARMY,, 
2, 9, ARMY,, 
2, 10, START LOG, , YIELD_FOOD 0.00 +/- 0.00,YIELD_PRODUCTION 0.00 +/- 0.00,YIELD_GOLD 0.00 +/- 0.00,YIELD_SCIENCE 0.00 +/- 0.00,YIELD_CULTURE 0.00 +/- 0.00,YIELD_FAITH 0.00 +/- 0.00,
2, 10, TRADE, TO -1, VAL 0.00
2, 10, CITY, 58:65, 0, 1, 100, 40.00, 1, 1, 8, 17, 0, Is original capital, Is capital
2, 10, ARMY,, 
2, 10, ARMY,, 
2, 10, ARMY,, 
2, 10, ARMY,, 
2, 10, ARMY,, 
2, 10, ARMY,, 
2, 10, ARMY,, 
2, 10, ARMY,, 
2, 10, ARMY,, 
2, 10, ARMY,, 
2, 10, ARMY,, UNIT_SETTLER 1 1,UNIT_WARRIOR 2 0,
2, 10, ARMY,, 
2, 10, ARMY,, 
2, 10, ARMY,, 
2, 10, ARMY,, 
2, 10, ARMY,, 
2, 10, ARMY,, 
2, 10, ARMY,, 
2, 10, ARMY,, 
2, 10, ARMY,, 
2, 11, START LOG, , YIELD_FOOD 0.00 +/- 0.00,YIELD_PRODUCTION 0.00 +/- 0.00,YIELD_GOLD 0.00 +/- 0.00,YIELD_SCIENCE 0.00 +/- 0.00,YIELD_CULTURE 0.00 +/- 0.00,YIELD_FAITH 0.00 +/- 0.00,
2, 11, TRADE, TO -1, VAL 0.00
2, 11, CITY, 70:13, 0, 1, 100, 40.00, 1, 1, 8, 16, 0, Is original capital, Is capital
2, 11, ARMY,, 
2, 11, ARMY,, 
2, 11, ARMY,, 
2, 11, ARMY,, 
2, 11, ARMY,, 
2, 11, ARMY,, 
2, 11, ARMY,, 
2, 11, ARMY,, 
2, 11, ARMY,, 
2, 11, ARMY,, 
2, 11, ARMY,, 
2, 11, ARMY,, UNIT_SETTLER 1 1,UNIT_WARRIOR 2 0,
2, 11, ARMY,, 
2, 11, ARMY,, 
2, 11, ARMY,, 
2, 11, ARMY,, 
2, 11, ARMY,, 
2, 11, ARMY,, 
2, 11, ARMY,, 
2, 11, ARMY,, 
2, 12, START LOG, , YIELD_FOOD 0.00 +/- 0.00,YIELD_PRODUCTION 0.00 +/- 0.00,YIELD_GOLD 0.00 +/- 0.00,YIELD_SCIENCE 0.00 +/- 0.00,YIELD_CULTURE 0.00 +/- 0.00,YIELD_FAITH 0.00 +/- 0.00,
2, 12, TRADE, TO -1, VAL 0.00
2, 12, CITY, 25:23, 0, 1, 100, 40.00, 1, 1, 8, 16, 0, Is original capital, Is capital
2, 12, ARMY,, 
2, 12, ARMY,, 
2, 12, ARMY,, 
2, 12, ARMY,, 
2, 12, ARMY,, 
2, 12, ARMY,, 
2, 12, ARMY,, 
2, 12, ARMY,, 
2, 12, ARMY,, 
2, 12, ARMY,, 
2, 12, ARMY,, 
2, 12, ARMY,, 
2, 12, ARMY,, UNIT_SETTLER 1 1,UNIT_WARRIOR 2 0,
2, 12, ARMY,, 
2, 12, ARMY,, 
2, 12, ARMY,, 
2, 12, ARMY,, 
2, 12, ARMY,, 
2, 12, ARMY,, 
2, 12, ARMY,, 
2, 13, START LOG, , YIELD_FOOD 0.00 +/- 0.00,YIELD_PRODUCTION 0.00 +/- 0.00,YIELD_GOLD 0.00 +/- 0.00,YIELD_SCIENCE 0.00 +/- 0.00,YIELD_CULTURE 0.00 +/- 0.00,YIELD_FAITH 0.00 +/- 0.00,
2, 13, TRADE, TO -1, VAL 0.00
2, 13, CITY, 41:49, 0, 1, 100, 40.00, 1, 1, 8, 15, 0, Is original capital, Is capital
2, 13, ARMY,, 
2, 13, ARMY,, 
2, 13, ARMY,, 
2, 13, ARMY,, 
2, 13, ARMY,, 
2, 13, ARMY,, 
2, 13, ARMY,, 
2, 13, ARMY,, 
2, 13, ARMY,, 
2, 13, ARMY,, 
2, 13, ARMY,, 
2, 13, ARMY,, 
2, 13, ARMY,, 
2, 13, ARMY,, UNIT_SETTLER 1 1,UNIT_WARRIOR 2 0,
2, 13, ARMY,, 
2, 13, ARMY,, 
2, 13, ARMY,, 
2, 13, ARMY,, 
2, 13, ARMY,, 
2, 13, ARMY,, 
2, 14, START LOG, , YIELD_FOOD 0.00 +/- 0.00,YIELD_PRODUCTION 0.00 +/- 0.00,YIELD_GOLD 0.00 +/- 0.00,YIELD_SCIENCE 0.00 +/- 0.00,YIELD_CULTURE 0.00 +/- 0.00,YIELD_FAITH 0.00 +/- 0.00,
2, 14, TRADE, TO -1, VAL 0.00
2, 14, CITY, 54:27, 0, 1, 100, 40.00, 1, 1, 8, 15, 0, Is original capital, Is capital
2, 14, ARMY,, 
2, 14, ARMY,, 
2, 14, ARMY,, 
2, 14, ARMY,, 
2, 14, ARMY,, 
2, 14, ARMY,, 
2, 14, ARMY,, 
2, 14, ARMY,, 
2, 14, ARMY,, 
2, 14, ARMY,, 
2, 14, ARMY,, 
2, 14, ARMY,, 
2, 14, ARMY,, 
2, 14, ARMY,, 
2, 14, ARMY,, UNIT_SETTLER 1 1,UNIT_WARRIOR 2 0,
2, 14, ARMY,, 
2, 14, ARMY,, 
2, 14, ARMY,, 
2, 14, ARMY,, 
2, 14, ARMY,, 
2, 15, START LOG, , YIELD_FOOD 0.00 +/- 0.00,YIELD_PRODUCTION 0.00 +/- 0.00,YIELD_GOLD 0.00 +/- 0.00,YIELD_SCIENCE 0.00 +/- 0.00,YIELD_CULTURE 0.00 +/- 0.00,YIELD_FAITH 0.00 +/- 0.00,
2, 15, TRADE, TO -1, VAL 0.00
2, 15, CITY, 45:34, 0, 1, 100, 40.00, 1, 1, 8, 15, 0, Is original capital, Is capital
2, 15, ARMY,, 
2, 15, ARMY,, 
2, 15, ARMY,, 
2, 15, ARMY,, 
2, 15, ARMY,, 
2, 15, ARMY,, 
2, 15, ARMY,, 
2, 15, ARMY,, 
2, 15, ARMY,, 
2, 15, ARMY,, 
2, 15, ARMY,, 
2, 15, ARMY,, 
2, 15, ARMY,, 
2, 15, ARMY,, 
2, 15, ARMY,, 
2, 15, ARMY,, UNIT_SETTLER 1 1,UNIT_WARRIOR 2 0,
2, 15, ARMY,, 
2, 15, ARMY,, 
2, 15, ARMY,, 
2, 15, ARMY,, 
2, 16, START LOG, , YIELD_FOOD 0.00 +/- 0.00,YIELD_PRODUCTION 0.00 +/- 0.00,YIELD_GOLD 0.00 +/- 0.00,YIELD_SCIENCE 0.00 +/- 0.00,YIELD_CULTURE 0.00 +/- 0.00,YIELD_FAITH 0.00 +/- 0.00,
2, 16, TRADE, TO -1, VAL 0.00
2, 16, CITY, 14:16, 0, 1, 100, 40.00, 1, 1, 8, 16, 0, Is original capital, Is capital
2, 16, ARMY,, 
2, 16, ARMY,, 
2, 16, ARMY,, 
2, 16, ARMY,, 
2, 16, ARMY,, 
2, 16, ARMY,, 
2, 16, ARMY,, 
2, 16, ARMY,, 
2, 16, ARMY,, 
2, 16, ARMY,, 
2, 16, ARMY,, 
2, 16, ARMY,, 
2, 16, ARMY,, 
2, 16, ARMY,, 
2, 16, ARMY,, 
2, 16, ARMY,, 
2, 16, ARMY,, UNIT_SETTLER 1 1,UNIT_WARRIOR 2 0,
2, 16, ARMY,, 
2, 16, ARMY,, 
2, 16, ARMY,, 
2, 17, START LOG, , YIELD_FOOD 0.00 +/- 0.00,YIELD_PRODUCTION 0.00 +/- 0.00,YIELD_GOLD 0.00 +/- 0.00,YIELD_SCIENCE 0.00 +/- 0.00,YIELD_CULTURE 0.00 +/- 0.00,YIELD_FAITH 0.00 +/- 0.00,
2, 17, TRADE, TO -1, VAL 0.00
2, 17, CITY, 10:59, 0, 1, 100, 40.00, 1, 1, 8, 15, 0, Is original capital, Is capital
2, 17, ARMY,, 
2, 17, ARMY,, 
2, 17, ARMY,, 
2, 17, ARMY,, 
2, 17, ARMY,, 
2, 17, ARMY,, 
2, 17, ARMY,, 
2, 17, ARMY,, 
2, 17, ARMY,, 
2, 17, ARMY,, 
2, 17, ARMY,, 
2, 17, ARMY,, 
2, 17, ARMY,, 
2, 17, ARMY,, 
2, 17, ARMY,, 
2, 17, ARMY,, 
2, 17, ARMY,, 
2, 17, ARMY,, UNIT_SETTLER 1 1,UNIT_WARRIOR 2 0,
2, 17, ARMY,, 
2, 17, ARMY,, 
2, 62, START LOG, , YIELD_FOOD 0.00 +/- 0.00,YIELD_PRODUCTION 0.00 +/- 0.00,YIELD_GOLD 0.00 +/- 0.00,YIELD_SCIENCE 0.00 +/- 0.00,YIELD_CULTURE 0.00 +/- 0.00,YIELD_FAITH 0.00 +/- 0.00,
2, 62, TRADE, TO -1, VAL 0.00
2, 62, ARMY,, 
2, 62, ARMY,, 
2, 62, ARMY,, 
2, 62, ARMY,, 
2, 62, ARMY,, 
2, 62, ARMY,, 
2, 62, ARMY,, 
2, 62, ARMY,, 
2, 62, ARMY,, 
2, 62, ARMY,, 
2, 62, ARMY,, 
2, 62, ARMY,, 
2, 62, ARMY,, 
2, 62, ARMY,, 
2, 62, ARMY,, 
2, 62, ARMY,, 
2, 62, ARMY,, 
2, 62, ARMY,, 
2, 62, ARMY,, 
2, 62, ARMY,, 
2, 63, START LOG, , YIELD_FOOD 0.00 +/- 0.00,YIELD_PRODUCTION 0.00 +/- 0.00,YIELD_GOLD 0.00 +/- 0.00,YIELD_SCIENCE 0.00 +/- 0.00,YIELD_CULTURE 0.00 +/- 0.00,YIELD_FAITH 0.00 +/- 0.00,
2, 63, TRADE, TO -1, VAL 0.00
2, 63, ARMY,, 
2, 63, ARMY,, 
2, 63, ARMY,, 
2, 63, ARMY,, 
2, 63, ARMY,, 
2, 63, ARMY,, 
2, 63, ARMY,, 
2, 63, ARMY,, 
2, 63, ARMY,, 
2, 63, ARMY,, 
2, 63, ARMY,, 
2, 63, ARMY,, 
2, 63, ARMY,, 
2, 63, ARMY,, 
2, 63, ARMY,, 
2, 63, ARMY,, 
2, 63, ARMY,, 
2, 63, ARMY,, 
2, 63, ARMY,, 
2, 63, ARMY,, 
2, 0, START LOG, , YIELD_FOOD 6.25 +/- 0.95,YIELD_PRODUCTION 4.75 +/- 1.25,YIELD_GOLD 5.00 +/- 0.00,YIELD_SCIENCE 2.00 +/- 0.00,YIELD_CULTURE 1.75 +/- 0.49,YIELD_FAITH 0.00 +/- 0.00,
2, 0, TRADE, TO -1, VAL 0.00
2, 0, CITY, 33:13, 0, 1, 100, 0.00, 1, 1, 3, 20, 0, Is original capital, Is capital
2, 0, CITY, 11:25, 0, 1, 100, 0.00, 1, 1, 3, 19, 0, Is original capital, Is capital
2, 0, CITY, 10:41, 0, 1, 100, 0.00, 1, 1, 3, 20, 0, Is original capital, Is capital
2, 0, CITY, 31:62, 0, 1, 100, 20.00, 1, 1, 3, 20, 0, Is original capital, Is capital
2, 0, ARMY,, UNIT_SETTLER 1 1,UNIT_WARRIOR 1 0,
2, 0, ARMY,, UNIT_SETTLER 1 1,UNIT_WARRIOR 1 0,
2, 0, ARMY,, UNIT_SETTLER 1 1,UNIT_WARRIOR 1 0,
2, 0, ARMY,, UNIT_SETTLER 1 1,UNIT_WARRIOR 1 0,
2, 0, ARMY,, 
2, 0, ARMY,, 
2, 0, ARMY,, 
2, 0, ARMY,, 
2, 0, ARMY,, 
2, 0, ARMY,, 
2, 0, ARMY,, 
2, 0, ARMY,, 
2, 0, ARMY,, 
2, 0, ARMY,, 
2, 0, ARMY,, 
2, 0, ARMY,, 
2, 0, ARMY,, 
2, 0, ARMY,, 
2, 0, ARMY,, 
2, 0, ARMY,, 
2, 1, START LOG, , YIELD_FOOD 6.25 +/- 0.95,YIELD_PRODUCTION 4.75 +/- 1.25,YIELD_GOLD 5.00 +/- 0.00,YIELD_SCIENCE 2.00 +/- 0.00,YIELD_CULTURE 1.75 +/- 0.49,YIELD_FAITH 0.00 +/- 0.00,
2, 1, TRADE, TO -1, VAL 0.00
2, 1, CITY, 33:13, 0, 1, 100, 0.00, 1, 1, 3, 20, 0, Is original capital, Is capital
2, 1, CITY, 11:25, 0, 1, 100, 0.00, 1, 1, 3, 19, 0, Is original capital, Is capital
2, 1, CITY, 10:41, 0, 1, 100, 20.00, 1, 1, 3, 20, 0, Is original capital, Is capital
2, 1, CITY, 31:62, 0, 1, 100, 20.00, 1, 1, 3, 20, 0, Is original capital, Is capital
2, 1, ARMY,, UNIT_SETTLER 1 1,UNIT_WARRIOR 1 0,
2, 1, ARMY,, UNIT_SETTLER 1 1,UNIT_WARRIOR 1 0,
2, 1, ARMY,, UNIT_SETTLER 1 1,UNIT_WARRIOR 1 0,
2, 1, ARMY,, UNIT_SETTLER 1 1,UNIT_WARRIOR 1 0,
2, 1, ARMY,, 
2, 1, ARMY,, 
2, 1, ARMY,, 
2, 1, ARMY,, 
2, 1, ARMY,, 
2, 1, ARMY,, 
2, 1, ARMY,, 
2, 1, ARMY,, 
2, 1, ARMY,, 
2, 1, ARMY,, 
2, 1, ARMY,, 
2, 1, ARMY,, 
2, 1, ARMY,, 
2, 1, ARMY,, 
2, 1, ARMY,, 
2, 1, ARMY,, 
2, 2, START LOG, , YIELD_FOOD 6.25 +/- 0.95,YIELD_PRODUCTION 4.75 +/- 1.25,YIELD_GOLD 5.00 +/- 0.00,YIELD_SCIENCE 2.00 +/- 0.00,YIELD_CULTURE 1.75 +/- 0.49,YIELD_FAITH 0.00 +/- 0.00,
2, 2, TRADE, TO -1, VAL 0.00
2, 2, CITY, 33:13, 0, 1, 100, 0.00, 1, 1, 3, 20, 0, Is original capital, Is capital
2, 2, CITY, 11:25, 0, 1, 100, 20.00, 1, 1, 3, 19, 0, Is original capital, Is capital
2, 2, CITY, 10:41, 0, 1, 100, 20.00, 1, 1, 3, 20, 0, Is original capital, Is capital
2, 2, CITY, 31:62, 0, 1, 100, 20.00, 1, 1, 3, 20, 0, Is original capital, Is capital
2, 2, ARMY,, UNIT_SETTLER 1 1,UNIT_WARRIOR 1 0,
2, 2, ARMY,, UNIT_SETTLER 1 1,UNIT_WARRIOR 1 0,
2, 2, ARMY,, UNIT_SETTLER 1 1,UNIT_WARRIOR 1 0,
2, 2, ARMY,, UNIT_SETTLER 1 1,UNIT_WARRIOR 1 0,
2, 2, ARMY,, 
2, 2, ARMY,, 
2, 2, ARMY,, 
2, 2, ARMY,, 
2, 2, ARMY,, 
2, 2, ARMY,, 
2, 2, ARMY,, 
2, 2, ARMY,, 
2, 2, ARMY,, 
2, 2, ARMY,, 
2, 2, ARMY,, 
2, 2, ARMY,, 
2, 2, ARMY,, 
2, 2, ARMY,, 
2, 2, ARMY,, 
2, 2, ARMY,, 
2, 3, START LOG, , YIELD_FOOD 6.25 +/- 0.95,YIELD_PRODUCTION 4.75 +/- 1.25,YIELD_GOLD 5.00 +/- 0.00,YIELD_SCIENCE 2.00 +/- 0.00,YIELD_CULTURE 1.75 +/- 0.49,YIELD_FAITH 0.00 +/- 0.00,
2, 3, TRADE, TO -1, VAL 0.00
2, 3, CITY, 33:13, 0, 1, 100, 20.00, 1, 1, 3, 20, 0, Is original capital, Is capital
2, 3, CITY, 11:25, 0, 1, 100, 20.00, 1, 1, 3, 19, 0, Is original capital, Is capital
2, 3, CITY, 10:41, 0, 1, 100, 20.00, 1, 1, 3, 20, 0, Is original capital, Is capital
2, 3, CITY, 31:62, 0, 1, 100, 20.00, 1, 1, 3, 20, 0, Is original capital, Is capital
2, 3, ARMY,, UNIT_SETTLER 1 1,UNIT_WARRIOR 1 0,
2, 3, ARMY,, UNIT_SETTLER 1 1,UNIT_WARRIOR 1 0,
2, 3, ARMY,, UNIT_SETTLER 1 1,UNIT_WARRIOR 1 0,
2, 3, ARMY,, UNIT_SETTLER 1 1,UNIT_WARRIOR 1 0,
2, 3, ARMY,, 
2, 3, ARMY,, 
2, 3, ARMY,, 
2, 3, ARMY,, 
2, 3, ARMY,, 
2, 3, ARMY,, 
2, 3, ARMY,, 
2, 3, ARMY,, 
2, 3, ARMY,, 
2, 3, ARMY,, 
2, 3, ARMY,, 
2, 3, ARMY,, 
2, 3, ARMY,, 
2, 3, ARMY,, 
2, 3, ARMY,, 
2, 3, ARMY,, 
3, 4, START LOG, , YIELD_FOOD 5.00 +/- 0.00,YIELD_PRODUCTION 12.00 +/- 1.15,YIELD_GOLD 8.50 +/- 1.00,YIELD_SCIENCE 2.25 +/- 0.49,YIELD_CULTURE 1.00 +/- 0.00,YIELD_FAITH 0.75 +/- 1.50,
3, 4, TRADE, TO -1, VAL 0.00
3, 4, CITY, 49:61, 0, 1, 100, 20.00, 1, 1, 3, 29, 0, Is original capital, Is capital
3, 4, CITY, 50:15, 0, 1, 100, 20.00, 1, 1, 3, 28, 0, Is original capital, Is capital
3, 4, CITY, 64:33, 0, 1, 100, 20.00, 1, 1, 3, 34, 0, Is original capital, Is capital
3, 4, CITY, 61:44, 0, 1, 100, 20.00, 1, 1, 3, 27, 0, Is original capital, Is capital
3, 4, ARMY,, 
3, 4, ARMY,, 
3, 4, ARMY,, 
3, 4, ARMY,, 
3, 4, ARMY,, UNIT_SETTLER 2 2,UNIT_SCOUT 1 0,UNIT_AZTEC_EAGLE_WARRIOR 1 0,
3, 4, ARMY,, UNIT_SETTLER 2 2,UNIT_BUILDER 1 0,UNIT_WARRIOR 1 0,UNIT_CREE_OKIHTCITAW 1 0,
3, 4, ARMY,, UNIT_SETTLER 2 2,UNIT_SCOUT 1 0,UNIT_WARRIOR 1 0,
3, 4, ARMY,, UNIT_SETTLER 2 2,UNIT_SCOUT 1 0,UNIT_WARRIOR 1 0,
3, 4, ARMY,, 
3, 4, ARMY,, 
3, 4, ARMY,, 
3, 4, ARMY,, 
3, 4, ARMY,, 
3, 4, ARMY,, 
3, 4, ARMY,, 
3, 4, ARMY,, 
3, 4, ARMY,, 
3, 4, ARMY,, 
3, 4, ARMY,, 
3, 4, ARMY,, 
3, 5, START LOG, , YIELD_FOOD 5.00 +/- 0.00,YIELD_PRODUCTION 12.00 +/- 1.15,YIELD_GOLD 8.50 +/- 1.00,YIELD_SCIENCE 2.25 +/- 0.49,YIELD_CULTURE 1.00 +/- 0.00,YIELD_FAITH 0.75 +/- 1.50,
3, 5, TRADE, TO -1, VAL 0.00
3, 5, CITY, 49:61, 0, 1, 100, 20.00, 1, 1, 3, 29, 0, Is original capital, Is capital
3, 5, CITY, 61:44, 0, 1, 100, 20.00, 1, 1, 3, 27, 0, Is original capital, Is capital
3, 5, CITY, 50:15, 0, 1, 100, 20.00, 1, 1, 3, 28, 0, Is original capital, Is capital
3, 5, CITY, 64:33, 0, 1, 100, 20.00, 1, 1, 3, 34, 0, Is original capital, Is capital
3, 5, ARMY,, 
3, 5, ARMY,, 
3, 5, ARMY,, 
3, 5, ARMY,, 
3, 5, ARMY,, UNIT_SETTLER 1 0,UNIT_SCOUT 1 0,UNIT_AZTEC_EAGLE_WARRIOR 1 0,
3, 5, ARMY,, UNIT_SETTLER 2 2,UNIT_BUILDER 1 0,UNIT_WARRIOR 1 0,UNIT_CREE_OKIHTCITAW 1 0,
3, 5, ARMY,, UNIT_SETTLER 2 2,UNIT_SCOUT 1 0,UNIT_WARRIOR 1 0,
3, 5, ARMY,, UNIT_SETTLER 2 2,UNIT_SCOUT 1 0,UNIT_WARRIOR 1 0,
3, 5, ARMY,, 
3, 5, ARMY,, 
3, 5, ARMY,, 
3, 5, ARMY,, 
3, 5, ARMY,, 
3, 5, ARMY,, 
3, 5, ARMY,, 
3, 5, ARMY,, 
3, 5, ARMY,, 
3, 5, ARMY,, 
3, 5, ARMY,, 
3, 5, ARMY,, 
3, 6, START LOG, , YIELD_FOOD 5.00 +/- 0.00,YIELD_PRODUCTION 12.00 +/- 1.15,YIELD_GOLD 8.50 +/- 1.00,YIELD_SCIENCE 2.25 +/- 0.49,YIELD_CULTURE 1.00 +/- 0.00,YIELD_FAITH 0.75 +/- 1.50,
3, 6, TRADE, TO -1, VAL 0.00
3, 6, CITY, 61:44, 0, 1, 100, 20.00, 1, 1, 13, 27, 0, Is original capital, Is capital
3, 6, CITY, 49:61, 0, 1, 100, 20.00, 1, 1, 3, 29, 0, Is original capital, Is capital
3, 6, CITY, 64:33, 0, 1, 100, 20.00, 1, 1, 3, 34, 0, Is original capital, Is capital
3, 6, CITY, 50:15, 0, 1, 100, 20.00, 1, 1, 3, 28, 0, Is original capital, Is capital
3, 6, ARMY,, 
3, 6, ARMY,, 
3, 6, ARMY,, 
3, 6, ARMY,, 
3, 6, ARMY,, UNIT_SETTLER 1 0,UNIT_SCOUT 1 0,UNIT_AZTEC_EAGLE_WARRIOR 1 0,
3, 6, ARMY,, UNIT_SETTLER 1 0,UNIT_BUILDER 1 0,UNIT_WARRIOR 1 0,UNIT_CREE_OKIHTCITAW 1 0,UNIT_VAMPIRE 1 0,
3, 6, ARMY,, UNIT_SETTLER 2 2,UNIT_SCOUT 1 0,UNIT_WARRIOR 1 0,
3, 6, ARMY,, UNIT_SETTLER 2 2,UNIT_SCOUT 1 0,UNIT_WARRIOR 1 0,
3, 6, ARMY,, 
3, 6, ARMY,, 
3, 6, ARMY,, 
3, 6, ARMY,, 
3, 6, ARMY,, 
3, 6, ARMY,, 
3, 6, ARMY,, 
3, 6, ARMY,, 
3, 6, ARMY,, 
3, 6, ARMY,, 
3, 6, ARMY,, 
3, 6, ARMY,, 
3, 7, START LOG, , YIELD_FOOD 5.00 +/- 0.00,YIELD_PRODUCTION 12.00 +/- 1.15,YIELD_GOLD 8.50 +/- 1.00,YIELD_SCIENCE 2.25 +/- 0.49,YIELD_CULTURE 1.00 +/- 0.00,YIELD_FAITH 0.75 +/- 1.50,
3, 7, TRADE, TO -1, VAL 0.00
3, 7, CITY, 64:33, 0, 1, 100, 20.00, 1, 1, 3, 34, 0, Is original capital, Is capital
3, 7, CITY, 61:44, 0, 1, 100, 20.00, 1, 1, 13, 27, 0, Is original capital, Is capital
3, 7, CITY, 49:61, 0, 1, 100, 20.00, 1, 1, 3, 29, 0, Is original capital, Is capital
3, 7, CITY, 50:15, 0, 1, 100, 20.00, 1, 1, 3, 28, 0, Is original capital, Is capital
3, 7, ARMY,, 
3, 7, ARMY,, 
3, 7, ARMY,, 
3, 7, ARMY,, 
3, 7, ARMY,, UNIT_SETTLER 1 0,UNIT_SCOUT 1 0,UNIT_AZTEC_EAGLE_WARRIOR 1 0,
3, 7, ARMY,, UNIT_SETTLER 1 0,UNIT_BUILDER 1 0,UNIT_WARRIOR 1 0,UNIT_CREE_OKIHTCITAW 1 0,UNIT_VAMPIRE 1 0,
3, 7, ARMY,, UNIT_SETTLER 1 0,UNIT_SCOUT 1 0,UNIT_WARRIOR 1 0,
3, 7, ARMY,, UNIT_SETTLER 2 2,UNIT_SCOUT 1 0,UNIT_WARRIOR 1 0,
3, 7, ARMY,, 
3, 7, ARMY,, 
3, 7, ARMY,, 
3, 7, ARMY,, 
3, 7, ARMY,, 
3, 7, ARMY,, 
3, 7, ARMY,, 
3, 7, ARMY,, 
3, 7, ARMY,, 
3, 7, ARMY,, 
3, 7, ARMY,, 
3, 7, ARMY,, 
3, 8, START LOG, , YIELD_FOOD 0.00 +/- 0.00,YIELD_PRODUCTION 0.00 +/- 0.00,YIELD_GOLD 0.00 +/- 0.00,YIELD_SCIENCE 0.00 +/- 0.00,YIELD_CULTURE 0.00 +/- 0.00,YIELD_FAITH 0.00 +/- 0.00,
3, 8, TRADE, TO -1, VAL 0.00
3, 8, CITY, 55:35, 0, 1, 100, 40.00, 1, 1, 8, 15, 0, Is original capital, Is capital
3, 8, ARMY,, 
3, 8, ARMY,, 
3, 8, ARMY,, 
3, 8, ARMY,, 
3, 8, ARMY,, 
3, 8, ARMY,, 
3, 8, ARMY,, 
3, 8, ARMY,, 
3, 8, ARMY,, UNIT_SETTLER 1 2,UNIT_WARRIOR 2 0,
3, 8, ARMY,, 
3, 8, ARMY,, 
3, 8, ARMY,, 
3, 8, ARMY,, 
3, 8, ARMY,, 
3, 8, ARMY,, 
3, 8, ARMY,, 
3, 8, ARMY,, 
3, 8, ARMY,, 
3, 8, ARMY,, 
3, 8, ARMY,, 
3, 9, START LOG, , YIELD_FOOD 0.00 +/- 0.00,YIELD_PRODUCTION 0.00 +/- 0.00,YIELD_GOLD 0.00 +/- 0.00,YIELD_SCIENCE 0.00 +/- 0.00,YIELD_CULTURE 0.00 +/- 0.00,YIELD_FAITH 0.00 +/- 0.00,
3, 9, TRADE, TO -1, VAL 0.00
3, 9, CITY, 64:1, 0, 1, 100, 40.00, 1, 1, 8, 17, 0, Is original capital, Is capital
3, 9, ARMY,, 
3, 9, ARMY,, 
3, 9, ARMY,, 
3, 9, ARMY,, 
3, 9, ARMY,, 
3, 9, ARMY,, 
3, 9, ARMY,, 
3, 9, ARMY,, 
3, 9, ARMY,, 
3, 9, ARMY,, UNIT_SETTLER 1 2,UNIT_WARRIOR 2 0,
3, 9, ARMY,, 
3, 9, ARMY,, 
3, 9, ARMY,, 
3, 9, ARMY,, 
3, 9, ARMY,, 
3, 9, ARMY,, 
3, 9, ARMY,, 
3, 9, ARMY,, 
3, 9, ARMY,, 
3, 9, ARMY,, 
3, 10, START LOG, , YIELD_FOOD 0.00 +/- 0.00,YIELD_PRODUCTION 0.00 +/- 0.00,YIELD_GOLD 0.00 +/- 0.00,YIELD_SCIENCE 0.00 +/- 0.00,YIELD_CULTURE 0.00 +/- 0.00,YIELD_FAITH 0.00 +/- 0.00,
3, 10, TRADE, TO -1, VAL 0.00
3, 10, CITY, 58:65, 0, 2, 100, 40.00, 1, 1, 8, 22, 0, Is original capital, Is capital
3, 10, ARMY,, 
3, 10, ARMY,, 
3, 10, ARMY,, 
3, 10, ARMY,, 
3, 10, ARMY,, 
3, 10, ARMY,, 
3, 10, ARMY,, 
3, 10, ARMY,, 
3, 10, ARMY,, 
3, 10, ARMY,, 
3, 10, ARMY,, UNIT_SETTLER 1 2,UNIT_WARRIOR 2 0,
3, 10, ARMY,, 
3, 10, ARMY,, 
3, 10, ARMY,, 
3, 10, ARMY,, 
3, 10, ARMY,, 
3, 10, ARMY,, 
3, 10, ARMY,, 
3, 10, ARMY,, 
3, 10, ARMY,, 
3, 11, START LOG, , YIELD_FOOD 0.00 +/- 0.00,YIELD_PRODUCTION 0.00 +/- 0.00,YIELD_GOLD 0.00 +/- 0.00,YIELD_SCIENCE 0.00 +/- 0.00,YIELD_CULTURE 0.00 +/- 0.00,YIELD_FAITH 0.00 +/- 0.00,
3, 11, TRADE, TO -1, VAL 0.00
3, 11, CITY, 70:13, 0, 1, 100, 40.00, 1, 1, 13, 16, 0, Is original capital, Is capital
3, 11, ARMY,, 
3, 11, ARMY,, 
3, 11, ARMY,, 
3, 11, ARMY,, 
3, 11, ARMY,, 
3, 11, ARMY,, 
3, 11, ARMY,, 
3, 11, ARMY,, 
3, 11, ARMY,, 
3, 11, ARMY,, 
3, 11, ARMY,, 
3, 11, ARMY,, UNIT_SETTLER 1 2,UNIT_WARRIOR 2 0,
3, 11, ARMY,, 
3, 11, ARMY,, 
3, 11, ARMY,, 
3, 11, ARMY,, 
3, 11, ARMY,, 
3, 11, ARMY,, 
3, 11, ARMY,, 
3, 11, ARMY,, 
3, 12, START LOG, , YIELD_FOOD 0.00 +/- 0.00,YIELD_PRODUCTION 0.00 +/- 0.00,YIELD_GOLD 0.00 +/- 0.00,YIELD_SCIENCE 0.00 +/- 0.00,YIELD_CULTURE 0.00 +/- 0.00,YIELD_FAITH 0.00 +/- 0.00,
3, 12, TRADE, TO -1, VAL 0.00
3, 12, CITY, 25:23, 0, 1, 100, 40.00, 1, 1, 13, 16, 0, Is original capital, Is capital
3, 12, ARMY,, 
3, 12, ARMY,, 
3, 12, ARMY,, 
3, 12, ARMY,, 
3, 12, ARMY,, 
3, 12, ARMY,, 
3, 12, ARMY,, 
3, 12, ARMY,, 
3, 12, ARMY,, 
3, 12, ARMY,, 
3, 12, ARMY,, 
3, 12, ARMY,, 
3, 12, ARMY,, UNIT_SETTLER 1 2,UNIT_WARRIOR 2 0,
3, 12, ARMY,, 
3, 12, ARMY,, 
3, 12, ARMY,, 
3, 12, ARMY,, 
3, 12, ARMY,, 
3, 12, ARMY,, 
3, 12, ARMY,, 
3, 13, START LOG, , YIELD_FOOD 0.00 +/- 0.00,YIELD_PRODUCTION 0.00 +/- 0.00,YIELD_GOLD 0.00 +/- 0.00,YIELD_SCIENCE 0.00 +/- 0.00,YIELD_CULTURE 0.00 +/- 0.00,YIELD_FAITH 0.00 +/- 0.00,
3, 13, TRADE, TO -1, VAL 0.00
3, 13, CITY, 41:49, 0, 1, 100, 40.00, 1, 1, 13, 15, 0, Is original capital, Is capital
3, 13, ARMY,, 
3, 13, ARMY,, 
3, 13, ARMY,, 
3, 13, ARMY,, 
3, 13, ARMY,, 
3, 13, ARMY,, 
3, 13, ARMY,, 
3, 13, ARMY,, 
3, 13, ARMY,, 
3, 13, ARMY,, 
3, 13, ARMY,, 
3, 13, ARMY,, 
3, 13, ARMY,, 
3, 13, ARMY,, UNIT_SETTLER 1 2,UNIT_WARRIOR 2 0,
3, 13, ARMY,, 
3, 13, ARMY,, 
3, 13, ARMY,, 
3, 13, ARMY,, 
3, 13, ARMY,, 
3, 13, ARMY,, 
3, 14, START LOG, , YIELD_FOOD 0.00 +/- 0.00,YIELD_PRODUCTION 0.00 +/- 0.00,YIELD_GOLD 0.00 +/- 0.00,YIELD_SCIENCE 0.00 +/- 0.00,YIELD_CULTURE 0.00 +/- 0.00,YIELD_FAITH 0.00 +/- 0.00,
3, 14, TRADE, TO -1, VAL 0.00
3, 14, CITY, 54:27, 0, 1, 100, 40.00, 1, 1, 8, 15, 0, Is original capital, Is capital
3, 14, ARMY,, 
3, 14, ARMY,, 
3, 14, ARMY,, 
3, 14, ARMY,, 
3, 14, ARMY,, 
3, 14, ARMY,, 
3, 14, ARMY,, 
3, 14, ARMY,, 
3, 14, ARMY,, 
3, 14, ARMY,, 
3, 14, ARMY,, 
3, 14, ARMY,, 
3, 14, ARMY,, 
3, 14, ARMY,, 
3, 14, ARMY,, UNIT_SETTLER 1 2,UNIT_WARRIOR 2 0,
3, 14, ARMY,, 
3, 14, ARMY,, 
3, 14, ARMY,, 
3, 14, ARMY,, 
3, 14, ARMY,, 
3, 15, START LOG, , YIELD_FOOD 0.00 +/- 0.00,YIELD_PRODUCTION 0.00 +/- 0.00,YIELD_GOLD 0.00 +/- 0.00,YIELD_SCIENCE 0.00 +/- 0.00,YIELD_CULTURE 0.00 +/- 0.00,YIELD_FAITH 0.00 +/- 0.00,
3, 15, TRADE, TO -1, VAL 0.00
3, 15, CITY, 45:34, 0, 1, 100, 40.00, 1, 1, 8, 15, 0, Is original capital, Is capital
3, 15, ARMY,, 
3, 15, ARMY,, 
3, 15, ARMY,, 
3, 15, ARMY,, 
3, 15, ARMY,, 
3, 15, ARMY,, 
3, 15, ARMY,, 
3, 15, ARMY,, 
3, 15, ARMY,, 
3, 15, ARMY,, 
3, 15, ARMY,, 
3, 15, ARMY,, 
3, 15, ARMY,, 
3, 15, ARMY,, 
3, 15, ARMY,, 
3, 15, ARMY,, UNIT_SETTLER 1 2,UNIT_WARRIOR 2 0,
3, 15, ARMY,, 
3, 15, ARMY,, 
3, 15, ARMY,, 
3, 15, ARMY,, 
3, 16, START LOG, , YIELD_FOOD 0.00 +/- 0.00,YIELD_PRODUCTION 0.00 +/- 0.00,YIELD_GOLD 0.00 +/- 0.00,YIELD_SCIENCE 0.00 +/- 0.00,YIELD_CULTURE 0.00 +/- 0.00,YIELD_FAITH 0.00 +/- 0.00,
3, 16, TRADE, TO -1, VAL 0.00
3, 16, CITY, 14:16, 0, 1, 100, 40.00, 1, 1, 13, 16, 0, Is original capital, Is capital
3, 16, ARMY,, 
3, 16, ARMY,, 
3, 16, ARMY,, 
3, 16, ARMY,, 
3, 16, ARMY,, 
3, 16, ARMY,, 
3, 16, ARMY,, 
3, 16, ARMY,, 
3, 16, ARMY,, 
3, 16, ARMY,, 
3, 16, ARMY,, 
3, 16, ARMY,, 
3, 16, ARMY,, 
3, 16, ARMY,, 
3, 16, ARMY,, 
3, 16, ARMY,, 
3, 16, ARMY,, UNIT_SETTLER 1 2,UNIT_WARRIOR 2 0,
3, 16, ARMY,, 
3, 16, ARMY,, 
3, 16, ARMY,, 
3, 17, START LOG, , YIELD_FOOD 0.00 +/- 0.00,YIELD_PRODUCTION 0.00 +/- 0.00,YIELD_GOLD 0.00 +/- 0.00,YIELD_SCIENCE 0.00 +/- 0.00,YIELD_CULTURE 0.00 +/- 0.00,YIELD_FAITH 0.00 +/- 0.00,
3, 17, TRADE, TO -1, VAL 0.00
3, 17, CITY, 10:59, 0, 1, 100, 40.00, 1, 1, 8, 15, 0, Is original capital, Is capital
3, 17, ARMY,, 
3, 17, ARMY,, 
3, 17, ARMY,, 
3, 17, ARMY,, 
3, 17, ARMY,, 
3, 17, ARMY,, 
3, 17, ARMY,, 
3, 17, ARMY,, 
3, 17, ARMY,, 
3, 17, ARMY,, 
3, 17, ARMY,, 
3, 17, ARMY,, 
3, 17, ARMY,, 
3, 17, ARMY,, 
3, 17, ARMY,, 
3, 17, ARMY,, 
3, 17, ARMY,, 
3, 17, ARMY,, UNIT_SETTLER 1 2,UNIT_WARRIOR 2 0,
3, 17, ARMY,, 
3, 17, ARMY,, 
3, 62, START LOG, , YIELD_FOOD 0.00 +/- 0.00,YIELD_PRODUCTION 0.00 +/- 0.00,YIELD_GOLD 0.00 +/- 0.00,YIELD_SCIENCE 0.00 +/- 0.00,YIELD_CULTURE 0.00 +/- 0.00,YIELD_FAITH 0.00 +/- 0.00,
3, 62, TRADE, TO -1, VAL 0.00
3, 62, ARMY,, 
3, 62, ARMY,, 
3, 62, ARMY,, 
3, 62, ARMY,, 
3, 62, ARMY,, 
3, 62, ARMY,, 
3, 62, ARMY,, 
3, 62, ARMY,, 
3, 62, ARMY,, 
3, 62, ARMY,, 
3, 62, ARMY,, 
3, 62, ARMY,, 
3, 62, ARMY,, 
3, 62, ARMY,, 
3, 62, ARMY,, 
3, 62, ARMY,, 
3, 62, ARMY,, 
3, 62, ARMY,, 
3, 62, ARMY,, 
3, 62, ARMY,, 
3, 63, START LOG, , YIELD_FOOD 0.00 +/- 0.00,YIELD_PRODUCTION 0.00 +/- 0.00,YIELD_GOLD 0.00 +/- 0.00,YIELD_SCIENCE 0.00 +/- 0.00,YIELD_CULTURE 0.00 +/- 0.00,YIELD_FAITH 0.00 +/- 0.00,
3, 63, TRADE, TO -1, VAL 0.00
3, 63, ARMY,, 
3, 63, ARMY,, 
3, 63, ARMY,, 
3, 63, ARMY,, 
3, 63, ARMY,, 
3, 63, ARMY,, 
3, 63, ARMY,, 
3, 63, ARMY,, 
3, 63, ARMY,, 
3, 63, ARMY,, 
3, 63, ARMY,, 
3, 63, ARMY,, 
3, 63, ARMY,, 
3, 63, ARMY,, 
3, 63, ARMY,, 
3, 63, ARMY,, 
3, 63, ARMY,, 
3, 63, ARMY,, 
3, 63, ARMY,, 
3, 63, ARMY,, 
3, 0, START LOG, , YIELD_FOOD 6.25 +/- 0.95,YIELD_PRODUCTION 4.75 +/- 1.25,YIELD_GOLD 5.00 +/- 0.00,YIELD_SCIENCE 2.00 +/- 0.00,YIELD_CULTURE 1.75 +/- 0.49,YIELD_FAITH 0.00 +/- 0.00,
3, 0, TRADE, TO -1, VAL 0.00
3, 0, CITY, 33:13, 0, 1, 100, 20.00, 1, 1, 3, 20, 0, Is original capital, Is capital
3, 0, CITY, 11:25, 0, 1, 100, 20.00, 1, 1, 3, 19, 0, Is original capital, Is capital
3, 0, CITY, 10:41, 0, 1, 100, 20.00, 1, 1, 3, 20, 0, Is original capital, Is capital
3, 0, CITY, 31:62, 0, 2, 100, 20.00, 1, 1, 3, 25, 0, Is original capital, Is capital
3, 0, ARMY,, UNIT_SETTLER 1 2,UNIT_WARRIOR 1 0,
3, 0, ARMY,, UNIT_SETTLER 1 2,UNIT_WARRIOR 1 0,
3, 0, ARMY,, UNIT_SETTLER 1 2,UNIT_WARRIOR 1 0,
3, 0, ARMY,, UNIT_SETTLER 1 2,UNIT_WARRIOR 1 0,
3, 0, ARMY,, 
3, 0, ARMY,, 
3, 0, ARMY,, 
3, 0, ARMY,, 
3, 0, ARMY,, 
3, 0, ARMY,, 
3, 0, ARMY,, 
3, 0, ARMY,, 
3, 0, ARMY,, 
3, 0, ARMY,, 
3, 0, ARMY,, 
3, 0, ARMY,, 
3, 0, ARMY,, 
3, 0, ARMY,, 
3, 0, ARMY,, 
3, 0, ARMY,, 
3, 1, START LOG, , YIELD_FOOD 6.25 +/- 0.95,YIELD_PRODUCTION 4.75 +/- 1.25,YIELD_GOLD 5.00 +/- 0.00,YIELD_SCIENCE 2.00 +/- 0.00,YIELD_CULTURE 1.75 +/- 0.49,YIELD_FAITH 0.00 +/- 0.00,
3, 1, TRADE, TO -1, VAL 0.00
3, 1, CITY, 33:13, 0, 1, 100, 20.00, 1, 1, 3, 20, 0, Is original capital, Is capital
3, 1, CITY, 11:25, 0, 1, 100, 20.00, 1, 1, 3, 19, 0, Is original capital, Is capital
3, 1, CITY, 10:41, 0, 2, 100, 20.00, 1, 1, 3, 25, 0, Is original capital, Is capital
3, 1, CITY, 31:62, 0, 2, 100, 20.00, 1, 1, 3, 25, 0, Is original capital, Is capital
3, 1, ARMY,, UNIT_SETTLER 1 2,UNIT_WARRIOR 1 0,
3, 1, ARMY,, UNIT_SETTLER 1 2,UNIT_WARRIOR 1 0,
3, 1, ARMY,, UNIT_SETTLER 1 2,UNIT_WARRIOR 1 0,
3, 1, ARMY,, UNIT_SETTLER 1 2,UNIT_WARRIOR 1 0,
3, 1, ARMY,, 
3, 1, ARMY,, 
3, 1, ARMY,, 
3, 1, ARMY,, 
3, 1, ARMY,, 
3, 1, ARMY,, 
3, 1, ARMY,, 
3, 1, ARMY,, 
3, 1, ARMY,, 
3, 1, ARMY,, 
3, 1, ARMY,, 
3, 1, ARMY,, 
3, 1, ARMY,, 
3, 1, ARMY,, 
3, 1, ARMY,, 
3, 1, ARMY,, 
3, 2, START LOG, , YIELD_FOOD 6.25 +/- 0.95,YIELD_PRODUCTION 4.75 +/- 1.25,YIELD_GOLD 5.00 +/- 0.00,YIELD_SCIENCE 2.00 +/- 0.00,YIELD_CULTURE 1.75 +/- 0.49,YIELD_FAITH 0.00 +/- 0.00,
3, 2, TRADE, TO -1, VAL 0.00
3, 2, CITY, 33:13, 0, 1, 100, 20.00, 1, 1, 3, 20, 0, Is original capital, Is capital
3, 2, CITY, 11:25, 0, 2, 100, 20.00, 1, 1, 3, 25, 0, Is original capital, Is capital
3, 2, CITY, 10:41, 0, 2, 100, 20.00, 1, 1, 3, 25, 0, Is original capital, Is capital
3, 2, CITY, 31:62, 0, 2, 100, 20.00, 1, 1, 3, 25, 0, Is original capital, Is capital
3, 2, ARMY,, UNIT_SETTLER 1 2,UNIT_WARRIOR 1 0,
3, 2, ARMY,, UNIT_SETTLER 1 2,UNIT_WARRIOR 1 0,
3, 2, ARMY,, UNIT_SETTLER 1 2,UNIT_WARRIOR 1 0,
3, 2, ARMY,, UNIT_SETTLER 1 2,UNIT_WARRIOR 1 0,
3, 2, ARMY,, 
3, 2, ARMY,, 
3, 2, ARMY,, 
3, 2, ARMY,, 
3, 2, ARMY,, 
3, 2, ARMY,, 
3, 2, ARMY,, 
3, 2, ARMY,, 
3, 2, ARMY,, 
3, 2, ARMY,, 
3, 2, ARMY,, 
3, 2, ARMY,, 
3, 2, ARMY,, 
3, 2, ARMY,, 
3, 2, ARMY,, 
3, 2, ARMY,, 
3, 3, START LOG, , YIELD_FOOD 6.25 +/- 0.95,YIELD_PRODUCTION 4.75 +/- 1.25,YIELD_GOLD 5.00 +/- 0.00,YIELD_SCIENCE 2.00 +/- 0.00,YIELD_CULTURE 1.75 +/- 0.49,YIELD_FAITH 0.00 +/- 0.00,
3, 3, TRADE, TO -1, VAL 0.00
3, 3, CITY, 33:13, 0, 1, 100, 20.00, 1, 1, 3, 20, 0, Is original capital, Is capital
3, 3, CITY, 11:25, 0, 2, 100, 20.00, 1, 1, 3, 25, 0, Is original capital, Is capital
3, 3, CITY, 10:41, 0, 2, 100, 20.00, 1, 1, 3, 25, 0, Is original capital, Is capital
3, 3, CITY, 31:62, 0, 2, 100, 20.00, 1, 1, 3, 25, 0, Is original capital, Is capital
3, 3, ARMY,, UNIT_SETTLER 1 2,UNIT_WARRIOR 1 0,
3, 3, ARMY,, UNIT_SETTLER 1 2,UNIT_WARRIOR 1 0,
3, 3, ARMY,, UNIT_SETTLER 1 2,UNIT_WARRIOR 1 0,
3, 3, ARMY,, UNIT_SETTLER 1 2,UNIT_WARRIOR 1 0,
3, 3, ARMY,, 
3, 3, ARMY,, 
3, 3, ARMY,, 
3, 3, ARMY,, 
3, 3, ARMY,, 
3, 3, ARMY,, 
3, 3, ARMY,, 
3, 3, ARMY,, 
3, 3, ARMY,, 
3, 3, ARMY,, 
3, 3, ARMY,, 
3, 3, ARMY,, 
3, 3, ARMY,, 
3, 3, ARMY,, 
3, 3, ARMY,, 
3, 3, ARMY,, 
3, 2, START LOG, , YIELD_FOOD 7.75 +/- 2.21,YIELD_PRODUCTION 6.50 +/- 1.29,YIELD_GOLD 5.00 +/- 0.00,YIELD_SCIENCE 2.75 +/- 0.49,YIELD_CULTURE 1.75 +/- 0.49,YIELD_FAITH 0.00 +/- 0.00,
3, 2, TRADE, TO -1, VAL 0.00
3, 2, CITY, 33:13, 0, 1, 100, 20.00, 1, 1, 13, 20, 0, Is original capital, Is capital
3, 2, CITY, 11:25, 0, 2, 100, 20.00, 1, 1, 3, 25, 0, Is original capital, Is capital
3, 2, CITY, 10:41, 0, 2, 100, 20.00, 1, 1, 3, 25, 0, Is original capital, Is capital
3, 2, CITY, 31:62, 0, 2, 100, 20.00, 1, 1, 3, 25, 0, Is original capital, Is capital
3, 2, ARMY,, UNIT_SETTLER 1 3,UNIT_WARRIOR 1 0,
3, 2, ARMY,, UNIT_SETTLER 1 3,UNIT_WARRIOR 1 0,
3, 2, ARMY,, UNIT_SETTLER 1 3,UNIT_WARRIOR 1 0,
3, 2, ARMY,, UNIT_SETTLER 1 3,UNIT_WARRIOR 1 0,UNIT_VAMPIRE 1 0,
3, 2, ARMY,, 
3, 2, ARMY,, 
3, 2, ARMY,, 
3, 2, ARMY,, 
3, 2, ARMY,, 
3, 2, ARMY,, 
3, 2, ARMY,, 
3, 2, ARMY,, 
3, 2, ARMY,, 
3, 2, ARMY,, 
3, 2, ARMY,, 
3, 2, ARMY,, 
3, 2, ARMY,, 
3, 2, ARMY,, 
3, 2, ARMY,, 
3, 2, ARMY,, 
3, 3, START LOG, , YIELD_FOOD 7.75 +/- 2.21,YIELD_PRODUCTION 6.50 +/- 1.29,YIELD_GOLD 5.00 +/- 0.00,YIELD_SCIENCE 2.75 +/- 0.49,YIELD_CULTURE 1.75 +/- 0.49,YIELD_FAITH 0.00 +/- 0.00,
3, 3, TRADE, TO -1, VAL 0.00
3, 3, CITY, 33:13, 0, 1, 100, 20.00, 1, 1, 3, 20, 0, Is original capital, Is capital
3, 3, CITY, 11:25, 0, 2, 100, 20.00, 1, 1, 3, 25, 0, Is original capital, Is capital
3, 3, CITY, 10:41, 0, 2, 100, 20.00, 1, 1, 3, 26, 0, Is original capital, Is capital
3, 3, CITY, 31:62, 0, 2, 100, 20.00, 1, 1, 3, 25, 0, Is original capital, Is capital
3, 3, ARMY,, UNIT_SETTLER 1 3,UNIT_WARRIOR 1 0,
3, 3, ARMY,, UNIT_SETTLER 1 3,UNIT_WARRIOR 1 0,
3, 3, ARMY,, UNIT_SETTLER 1 3,UNIT_WARRIOR 1 0,
3, 3, ARMY,, UNIT_SETTLER 1 3,UNIT_WARRIOR 1 0,UNIT_VAMPIRE 1 0,
3, 3, ARMY,, 
3, 3, ARMY,, 
3, 3, ARMY,, 
3, 3, ARMY,, 
3, 3, ARMY,, 
3, 3, ARMY,, 
3, 3, ARMY,, 
3, 3, ARMY,, 
3, 3, ARMY,, 
3, 3, ARMY,, 
3, 3, ARMY,, 
3, 3, ARMY,, 
3, 3, ARMY,, 
3, 3, ARMY,, 
3, 3, ARMY,, 
3, 3, ARMY,, 
4, 4, START LOG, , YIELD_FOOD 5.00 +/- 0.00,YIELD_PRODUCTION 12.00 +/- 1.15,YIELD_GOLD 8.50 +/- 1.00,YIELD_SCIENCE 2.25 +/- 0.49,YIELD_CULTURE 1.00 +/- 0.00,YIELD_FAITH 0.75 +/- 1.50,
4, 4, TRADE, TO -1, VAL 0.00
4, 4, CITY, 49:61, 0, 2, 100, 20.00, 1, 1, 3, 35, 0, Is original capital, Is capital
4, 4, CITY, 50:15, 0, 1, 100, 20.00, 1, 1, 3, 28, 0, Is original capital, Is capital
4, 4, CITY, 64:33, 0, 1, 100, 20.00, 1, 1, 3, 34, 0, Is original capital, Is capital
4, 4, CITY, 61:44, 0, 1, 100, 20.00, 1, 1, 13, 27, 0, Is original capital, Is capital
4, 4, ARMY,, 
4, 4, ARMY,, 
4, 4, ARMY,, 
4, 4, ARMY,, 
4, 4, ARMY,, UNIT_SETTLER 2 3,UNIT_BUILDER 1 0,UNIT_SCOUT 1 0,UNIT_AZTEC_EAGLE_WARRIOR 1 0,
4, 4, ARMY,, UNIT_SETTLER 2 3,UNIT_BUILDER 1 0,UNIT_WARRIOR 1 0,UNIT_CREE_OKIHTCITAW 1 0,UNIT_VAMPIRE 1 0,
4, 4, ARMY,, UNIT_SETTLER 2 3,UNIT_SCOUT 1 0,UNIT_WARRIOR 1 0,
4, 4, ARMY,, UNIT_SETTLER 2 3,UNIT_SCOUT 1 0,UNIT_WARRIOR 1 0,
4, 4, ARMY,, 
4, 4, ARMY,, 
4, 4, ARMY,, 
4, 4, ARMY,, 
4, 4, ARMY,, 
4, 4, ARMY,, 
4, 4, ARMY,, 
4, 4, ARMY,, 
4, 4, ARMY,, 
4, 4, ARMY,, 
4, 4, ARMY,, 
4, 4, ARMY,, 
4, 5, START LOG, , YIELD_FOOD 5.00 +/- 0.00,YIELD_PRODUCTION 12.00 +/- 1.15,YIELD_GOLD 8.50 +/- 1.00,YIELD_SCIENCE 2.25 +/- 0.49,YIELD_CULTURE 1.00 +/- 0.00,YIELD_FAITH 0.75 +/- 1.50,
4, 5, TRADE, TO -1, VAL 0.00
4, 5, CITY, 49:61, 0, 2, 100, 20.00, 1, 1, 3, 35, 0, Is original capital, Is capital
4, 5, CITY, 61:44, 0, 2, 100, 20.00, 1, 1, 13, 32, 0, Is original capital, Is capital
4, 5, CITY, 50:15, 0, 1, 100, 20.00, 1, 1, 3, 28, 0, Is original capital, Is capital
4, 5, CITY, 64:33, 0, 1, 100, 20.00, 1, 1, 3, 34, 0, Is original capital, Is capital
4, 5, ARMY,, 
4, 5, ARMY,, 
4, 5, ARMY,, 
4, 5, ARMY,, 
4, 5, ARMY,, UNIT_SETTLER 1 0,UNIT_BUILDER 1 0,UNIT_SCOUT 1 0,UNIT_AZTEC_EAGLE_WARRIOR 1 0,
4, 5, ARMY,, UNIT_SETTLER 2 3,UNIT_BUILDER 1 0,UNIT_WARRIOR 1 0,UNIT_CREE_OKIHTCITAW 1 0,UNIT_VAMPIRE 1 0,
4, 5, ARMY,, UNIT_SETTLER 2 3,UNIT_SCOUT 1 0,UNIT_WARRIOR 1 0,
4, 5, ARMY,, UNIT_SETTLER 2 3,UNIT_SCOUT 1 0,UNIT_WARRIOR 1 0,
4, 5, ARMY,, 
4, 5, ARMY,, 
4, 5, ARMY,, 
4, 5, ARMY,, 
4, 5, ARMY,, 
4, 5, ARMY,, 
4, 5, ARMY,, 
4, 5, ARMY,, 
4, 5, ARMY,, 
4, 5, ARMY,, 
4, 5, ARMY,, 
4, 5, ARMY,, 
4, 6, START LOG, , YIELD_FOOD 5.00 +/- 0.00,YIELD_PRODUCTION 12.00 +/- 1.15,YIELD_GOLD 8.50 +/- 1.00,YIELD_SCIENCE 2.25 +/- 0.49,YIELD_CULTURE 1.00 +/- 0.00,YIELD_FAITH 0.75 +/- 1.50,
4, 6, TRADE, TO -1, VAL 0.00
4, 6, CITY, 61:44, 0, 2, 100, 20.00, 1, 1, 3, 32, 0, Is original capital, Is capital
4, 6, CITY, 49:61, 0, 2, 100, 20.00, 1, 1, 3, 35, 0, Is original capital, Is capital
4, 6, CITY, 64:33, 0, 2, 100, 20.00, 1, 1, 3, 37, 0, Is original capital, Is capital
4, 6, CITY, 50:15, 0, 1, 100, 20.00, 1, 1, 3, 28, 0, Is original capital, Is capital
4, 6, ARMY,, 
4, 6, ARMY,, 
4, 6, ARMY,, 
4, 6, ARMY,, 
4, 6, ARMY,, UNIT_SETTLER 1 0,UNIT_BUILDER 1 0,UNIT_SCOUT 1 0,UNIT_AZTEC_EAGLE_WARRIOR 1 0,
4, 6, ARMY,, UNIT_SETTLER 1 0,UNIT_BUILDER 1 0,UNIT_WARRIOR 1 0,UNIT_CREE_OKIHTCITAW 1 0,UNIT_VAMPIRE 1 0,
4, 6, ARMY,, UNIT_SETTLER 2 3,UNIT_BUILDER 1 0,UNIT_SCOUT 1 0,UNIT_WARRIOR 1 0,
4, 6, ARMY,, UNIT_SETTLER 2 3,UNIT_SCOUT 1 0,UNIT_WARRIOR 1 0,
4, 6, ARMY,, 
4, 6, ARMY,, 
4, 6, ARMY,, 
4, 6, ARMY,, 
4, 6, ARMY,, 
4, 6, ARMY,, 
4, 6, ARMY,, 
4, 6, ARMY,, 
4, 6, ARMY,, 
4, 6, ARMY,, 
4, 6, ARMY,, 
4, 6, ARMY,, 
4, 7, START LOG, , YIELD_FOOD 5.00 +/- 0.00,YIELD_PRODUCTION 12.00 +/- 1.15,YIELD_GOLD 8.50 +/- 1.00,YIELD_SCIENCE 2.25 +/- 0.49,YIELD_CULTURE 1.00 +/- 0.00,YIELD_FAITH 0.75 +/- 1.50,
4, 7, TRADE, TO -1, VAL 0.00
4, 7, CITY, 64:33, 0, 2, 100, 20.00, 1, 1, 3, 38, 0, Is original capital, Is capital
4, 7, CITY, 61:44, 0, 2, 100, 20.00, 1, 1, 3, 32, 0, Is original capital, Is capital
4, 7, CITY, 49:61, 0, 2, 100, 20.00, 1, 1, 3, 35, 0, Is original capital, Is capital
4, 7, CITY, 50:15, 0, 2, 100, 20.00, 1, 1, 3, 34, 0, Is original capital, Is capital
4, 7, ARMY,, 
4, 7, ARMY,, 
4, 7, ARMY,, 
4, 7, ARMY,, 
4, 7, ARMY,, UNIT_SETTLER 1 0,UNIT_BUILDER 1 0,UNIT_SCOUT 1 0,UNIT_AZTEC_EAGLE_WARRIOR 1 0,
4, 7, ARMY,, UNIT_SETTLER 1 0,UNIT_BUILDER 1 0,UNIT_WARRIOR 1 0,UNIT_CREE_OKIHTCITAW 1 0,UNIT_VAMPIRE 1 0,
4, 7, ARMY,, UNIT_SETTLER 1 0,UNIT_BUILDER 1 0,UNIT_SCOUT 1 0,UNIT_WARRIOR 1 0,
4, 7, ARMY,, UNIT_SETTLER 2 3,UNIT_SCOUT 1 0,UNIT_WARRIOR 1 0,
4, 7, ARMY,, 
4, 7, ARMY,, 
4, 7, ARMY,, 
4, 7, ARMY,, 
4, 7, ARMY,, 
4, 7, ARMY,, 
4, 7, ARMY,, 
4, 7, ARMY,, 
4, 7, ARMY,, 
4, 7, ARMY,, 
4, 7, ARMY,, 
4, 7, ARMY,, 
4, 8, START LOG, , YIELD_FOOD 0.00 +/- 0.00,YIELD_PRODUCTION 0.00 +/- 0.00,YIELD_GOLD 0.00 +/- 0.00,YIELD_SCIENCE 0.00 +/- 0.00,YIELD_CULTURE 0.00 +/- 0.00,YIELD_FAITH 0.00 +/- 0.00,
4, 8, TRADE, TO -1, VAL 0.00
4, 8, CITY, 55:35, 0, 1, 100, 40.00, 1, 1, 8, 15, 0, Is original capital, Is capital
4, 8, ARMY,, 
4, 8, ARMY,, 
4, 8, ARMY,, 
4, 8, ARMY,, 
4, 8, ARMY,, 
4, 8, ARMY,, 
4, 8, ARMY,, 
4, 8, ARMY,, 
4, 8, ARMY,, UNIT_SETTLER 1 3,UNIT_WARRIOR 2 0,
4, 8, ARMY,, 
4, 8, ARMY,, 
4, 8, ARMY,, 
4, 8, ARMY,, 
4, 8, ARMY,, 
4, 8, ARMY,, 
4, 8, ARMY,, 
4, 8, ARMY,, 
4, 8, ARMY,, 
4, 8, ARMY,, 
4, 8, ARMY,, 
4, 9, START LOG, , YIELD_FOOD 0.00 +/- 0.00,YIELD_PRODUCTION 0.00 +/- 0.00,YIELD_GOLD 0.00 +/- 0.00,YIELD_SCIENCE 0.00 +/- 0.00,YIELD_CULTURE 0.00 +/- 0.00,YIELD_FAITH 0.00 +/- 0.00,
4, 9, TRADE, TO -1, VAL 0.00
4, 9, CITY, 64:1, 0, 2, 100, 40.00, 1, 1, 13, 22, 0, Is original capital, Is capital
4, 9, ARMY,, 
4, 9, ARMY,, 
4, 9, ARMY,, 
4, 9, ARMY,, 
4, 9, ARMY,, 
4, 9, ARMY,, 
4, 9, ARMY,, 
4, 9, ARMY,, 
4, 9, ARMY,, 
4, 9, ARMY,, UNIT_SETTLER 1 3,UNIT_WARRIOR 2 0,
4, 9, ARMY,, 
4, 9, ARMY,, 
4, 9, ARMY,, 
4, 9, ARMY,, 
4, 9, ARMY,, 
4, 9, ARMY,, 
4, 9, ARMY,, 
4, 9, ARMY,, 
4, 9, ARMY,, 
4, 9, ARMY,, 
4, 10, START LOG, , YIELD_FOOD 0.00 +/- 0.00,YIELD_PRODUCTION 0.00 +/- 0.00,YIELD_GOLD 0.00 +/- 0.00,YIELD_SCIENCE 0.00 +/- 0.00,YIELD_CULTURE 0.00 +/- 0.00,YIELD_FAITH 0.00 +/- 0.00,
4, 10, TRADE, TO -1, VAL 0.00
4, 10, CITY, 58:65, 0, 2, 100, 40.00, 1, 1, 8, 22, 0, Is original capital, Is capital
4, 10, ARMY,, 
4, 10, ARMY,, 
4, 10, ARMY,, 
4, 10, ARMY,, 
4, 10, ARMY,, 
4, 10, ARMY,, 
4, 10, ARMY,, 
4, 10, ARMY,, 
4, 10, ARMY,, 
4, 10, ARMY,, 
4, 10, ARMY,, UNIT_SETTLER 1 3,UNIT_WARRIOR 2 0,
4, 10, ARMY,, 
4, 10, ARMY,, 
4, 10, ARMY,, 
4, 10, ARMY,, 
4, 10, ARMY,, 
4, 10, ARMY,, 
4, 10, ARMY,, 
4, 10, ARMY,, 
4, 10, ARMY,, 
4, 11, START LOG, , YIELD_FOOD 0.00 +/- 0.00,YIELD_PRODUCTION 0.00 +/- 0.00,YIELD_GOLD 0.00 +/- 0.00,YIELD_SCIENCE 0.00 +/- 0.00,YIELD_CULTURE 0.00 +/- 0.00,YIELD_FAITH 0.00 +/- 0.00,
4, 11, TRADE, TO -1, VAL 0.00
4, 11, CITY, 70:13, 0, 1, 100, 40.00, 1, 1, 13, 16, 0, Is original capital, Is capital
4, 11, ARMY,, 
4, 11, ARMY,, 
4, 11, ARMY,, 
4, 11, ARMY,, 
4, 11, ARMY,, 
4, 11, ARMY,, 
4, 11, ARMY,, 
4, 11, ARMY,, 
4, 11, ARMY,, 
4, 11, ARMY,, 
4, 11, ARMY,, 
4, 11, ARMY,, UNIT_SETTLER 1 3,UNIT_WARRIOR 2 0,
4, 11, ARMY,, 
4, 11, ARMY,, 
4, 11, ARMY,, 
4, 11, ARMY,, 
4, 11, ARMY,, 
4, 11, ARMY,, 
4, 11, ARMY,, 
4, 11, ARMY,, 
4, 12, START LOG, , YIELD_FOOD 0.00 +/- 0.00,YIELD_PRODUCTION 0.00 +/- 0.00,YIELD_GOLD 0.00 +/- 0.00,YIELD_SCIENCE 0.00 +/- 0.00,YIELD_CULTURE 0.00 +/- 0.00,YIELD_FAITH 0.00 +/- 0.00,
4, 12, TRADE, TO -1, VAL 0.00
4, 12, CITY, 25:23, 0, 2, 100, 40.00, 1, 1, 8, 20, 0, Is original capital, Is capital
4, 12, ARMY,, 
4, 12, ARMY,, 
4, 12, ARMY,, 
4, 12, ARMY,, 
4, 12, ARMY,, 
4, 12, ARMY,, 
4, 12, ARMY,, 
4, 12, ARMY,, 
4, 12, ARMY,, 
4, 12, ARMY,, 
4, 12, ARMY,, 
4, 12, ARMY,, 
4, 12, ARMY,, UNIT_SETTLER 1 3,UNIT_WARRIOR 2 0,
4, 12, ARMY,, 
4, 12, ARMY,, 
4, 12, ARMY,, 
4, 12, ARMY,, 
4, 12, ARMY,, 
4, 12, ARMY,, 
4, 12, ARMY,, 
4, 13, START LOG, , YIELD_FOOD 0.00 +/- 0.00,YIELD_PRODUCTION 0.00 +/- 0.00,YIELD_GOLD 0.00 +/- 0.00,YIELD_SCIENCE 0.00 +/- 0.00,YIELD_CULTURE 0.00 +/- 0.00,YIELD_FAITH 0.00 +/- 0.00,
4, 13, TRADE, TO -1, VAL 0.00
4, 13, CITY, 41:49, 0, 1, 100, 40.00, 1, 1, 8, 15, 0, Is original capital, Is capital
4, 13, ARMY,, 
4, 13, ARMY,, 
4, 13, ARMY,, 
4, 13, ARMY,, 
4, 13, ARMY,, 
4, 13, ARMY,, 
4, 13, ARMY,, 
4, 13, ARMY,, 
4, 13, ARMY,, 
4, 13, ARMY,, 
4, 13, ARMY,, 
4, 13, ARMY,, 
4, 13, ARMY,, 
4, 13, ARMY,, UNIT_SETTLER 1 3,UNIT_WARRIOR 2 0,
4, 13, ARMY,, 
4, 13, ARMY,, 
4, 13, ARMY,, 
4, 13, ARMY,, 
4, 13, ARMY,, 
4, 13, ARMY,, 
4, 14, START LOG, , YIELD_FOOD 0.00 +/- 0.00,YIELD_PRODUCTION 0.00 +/- 0.00,YIELD_GOLD 0.00 +/- 0.00,YIELD_SCIENCE 0.00 +/- 0.00,YIELD_CULTURE 0.00 +/- 0.00,YIELD_FAITH 0.00 +/- 0.00,
4, 14, TRADE, TO -1, VAL 0.00
4, 14, CITY, 54:27, 0, 2, 100, 40.00, 1, 1, 8, 20, 0, Is original capital, Is capital
4, 14, ARMY,, 
4, 14, ARMY,, 
4, 14, ARMY,, 
4, 14, ARMY,, 
4, 14, ARMY,, 
4, 14, ARMY,, 
4, 14, ARMY,, 
4, 14, ARMY,, 
4, 14, ARMY,, 
4, 14, ARMY,, 
4, 14, ARMY,, 
4, 14, ARMY,, 
4, 14, ARMY,, 
4, 14, ARMY,, 
4, 14, ARMY,, UNIT_SETTLER 1 3,UNIT_WARRIOR 2 0,
4, 14, ARMY,, 
4, 14, ARMY,, 
4, 14, ARMY,, 
4, 14, ARMY,, 
4, 14, ARMY,, 
4, 15, START LOG, , YIELD_FOOD 0.00 +/- 0.00,YIELD_PRODUCTION 0.00 +/- 0.00,YIELD_GOLD 0.00 +/- 0.00,YIELD_SCIENCE 0.00 +/- 0.00,YIELD_CULTURE 0.00 +/- 0.00,YIELD_FAITH 0.00 +/- 0.00,
4, 15, TRADE, TO -1, VAL 0.00
4, 15, CITY, 45:34, 0, 2, 100, 40.00, 1, 1, 8, 20, 0, Is original capital, Is capital
4, 15, ARMY,, 
4, 15, ARMY,, 
4, 15, ARMY,, 
4, 15, ARMY,, 
4, 15, ARMY,, 
4, 15, ARMY,, 
4, 15, ARMY,, 
4, 15, ARMY,, 
4, 15, ARMY,, 
4, 15, ARMY,, 
4, 15, ARMY,, 
4, 15, ARMY,, 
4, 15, ARMY,, 
4, 15, ARMY,, 
4, 15, ARMY,, 
4, 15, ARMY,, UNIT_SETTLER 1 3,UNIT_WARRIOR 2 0,
4, 15, ARMY,, 
4, 15, ARMY,, 
4, 15, ARMY,, 
4, 15, ARMY,, 
4, 16, START LOG, , YIELD_FOOD 0.00 +/- 0.00,YIELD_PRODUCTION 0.00 +/- 0.00,YIELD_GOLD 0.00 +/- 0.00,YIELD_SCIENCE 0.00 +/- 0.00,YIELD_CULTURE 0.00 +/- 0.00,YIELD_FAITH 0.00 +/- 0.00,
4, 16, TRADE, TO -1, VAL 0.00
4, 16, CITY, 14:16, 0, 2, 100, 40.00, 1, 1, 13, 20, 0, Is original capital, Is capital
4, 16, ARMY,, 
4, 16, ARMY,, 
4, 16, ARMY,, 
4, 16, ARMY,, 
4, 16, ARMY,, 
4, 16, ARMY,, 
4, 16, ARMY,, 
4, 16, ARMY,, 
4, 16, ARMY,, 
4, 16, ARMY,, 
4, 16, ARMY,, 
4, 16, ARMY,, 
4, 16, ARMY,, 
4, 16, ARMY,, 
4, 16, ARMY,, 
4, 16, ARMY,, 
4, 16, ARMY,, UNIT_SETTLER 1 3,UNIT_WARRIOR 2 0,
4, 16, ARMY,, 
4, 16, ARMY,, 
4, 16, ARMY,, 
4, 17, START LOG, , YIELD_FOOD 0.00 +/- 0.00,YIELD_PRODUCTION 0.00 +/- 0.00,YIELD_GOLD 0.00 +/- 0.00,YIELD_SCIENCE 0.00 +/- 0.00,YIELD_CULTURE 0.00 +/- 0.00,YIELD_FAITH 0.00 +/- 0.00,
4, 17, TRADE, TO -1, VAL 0.00
4, 17, CITY, 10:59, 0, 1, 100, 40.00, 1, 1, 8, 15, 0, Is original capital, Is capital
4, 17, ARMY,, 
4, 17, ARMY,, 
4, 17, ARMY,, 
4, 17, ARMY,, 
4, 17, ARMY,, 
4, 17, ARMY,, 
4, 17, ARMY,, 
4, 17, ARMY,, 
4, 17, ARMY,, 
4, 17, ARMY,, 
4, 17, ARMY,, 
4, 17, ARMY,, 
4, 17, ARMY,, 
4, 17, ARMY,, 
4, 17, ARMY,, 
4, 17, ARMY,, 
4, 17, ARMY,, 
4, 17, ARMY,, UNIT_SETTLER 1 3,UNIT_WARRIOR 2 0,
4, 17, ARMY,, 
4, 17, ARMY,, 
4, 62, START LOG, , YIELD_FOOD 0.00 +/- 0.00,YIELD_PRODUCTION 0.00 +/- 0.00,YIELD_GOLD 0.00 +/- 0.00,YIELD_SCIENCE 0.00 +/- 0.00,YIELD_CULTURE 0.00 +/- 0.00,YIELD_FAITH 0.00 +/- 0.00,
4, 62, TRADE, TO -1, VAL 0.00
4, 62, ARMY,, 
4, 62, ARMY,, 
4, 62, ARMY,, 
4, 62, ARMY,, 
4, 62, ARMY,, 
4, 62, ARMY,, 
4, 62, ARMY,, 
4, 62, ARMY,, 
4, 62, ARMY,, 
4, 62, ARMY,, 
4, 62, ARMY,, 
4, 62, ARMY,, 
4, 62, ARMY,, 
4, 62, ARMY,, 
4, 62, ARMY,, 
4, 62, ARMY,, 
4, 62, ARMY,, 
4, 62, ARMY,, 
4, 62, ARMY,, 
4, 62, ARMY,, 
4, 63, START LOG, , YIELD_FOOD 0.00 +/- 0.00,YIELD_PRODUCTION 0.00 +/- 0.00,YIELD_GOLD 0.00 +/- 0.00,YIELD_SCIENCE 0.00 +/- 0.00,YIELD_CULTURE 0.00 +/- 0.00,YIELD_FAITH 0.00 +/- 0.00,
4, 63, TRADE, TO -1, VAL 0.00
4, 63, ARMY,, 
4, 63, ARMY,, 
4, 63, ARMY,, 
4, 63, ARMY,, 
4, 63, ARMY,, 
4, 63, ARMY,, 
4, 63, ARMY,, 
4, 63, ARMY,, 
4, 63, ARMY,, 
4, 63, ARMY,, 
4, 63, ARMY,, 
4, 63, ARMY,, 
4, 63, ARMY,, 
4, 63, ARMY,, 
4, 63, ARMY,, 
4, 63, ARMY,, 
4, 63, ARMY,, 
4, 63, ARMY,, 
4, 63, ARMY,, 
4, 63, ARMY,, 
4, 0, START LOG, , YIELD_FOOD 6.50 +/- 1.00,YIELD_PRODUCTION 5.50 +/- 2.08,YIELD_GOLD 5.00 +/- 0.00,YIELD_SCIENCE 2.25 +/- 0.49,YIELD_CULTURE 1.75 +/- 0.49,YIELD_FAITH 0.00 +/- 0.00,
4, 0, TRADE, TO -1, VAL 0.00
4, 0, CITY, 33:13, 0, 1, 100, 20.00, 1, 1, 3, 20, 0, Is original capital, Is capital
4, 0, CITY, 11:25, 0, 2, 100, 20.00, 1, 1, 3, 25, 0, Is original capital, Is capital
4, 0, CITY, 10:41, 0, 2, 100, 20.00, 1, 1, 3, 26, 0, Is original capital, Is capital
4, 0, CITY, 31:62, 0, 2, 100, 20.00, 1, 1, 3, 25, 0, Is original capital, Is capital
4, 0, ARMY,, UNIT_SETTLER 1 3,UNIT_SCOUT 1 0,UNIT_WARRIOR 1 0,
4, 0, ARMY,, UNIT_SETTLER 1 3,UNIT_WARRIOR 1 0,
4, 0, ARMY,, UNIT_SETTLER 1 3,UNIT_WARRIOR 1 0,
4, 0, ARMY,, UNIT_SETTLER 1 3,UNIT_WARRIOR 1 0,UNIT_VAMPIRE 1 0,
4, 0, ARMY,, 
4, 0, ARMY,, 
4, 0, ARMY,, 
4, 0, ARMY,, 
4, 0, ARMY,, 
4, 0, ARMY,, 
4, 0, ARMY,, 
4, 0, ARMY,, 
4, 0, ARMY,, 
4, 0, ARMY,, 
4, 0, ARMY,, 
4, 0, ARMY,, 
4, 0, ARMY,, 
4, 0, ARMY,, 
4, 0, ARMY,, 
4, 0, ARMY,, 
4, 1, START LOG, , YIELD_FOOD 7.00 +/- 1.63,YIELD_PRODUCTION 6.00 +/- 2.16,YIELD_GOLD 5.00 +/- 0.00,YIELD_SCIENCE 2.50 +/- 0.57,YIELD_CULTURE 1.75 +/- 0.49,YIELD_FAITH 0.00 +/- 0.00,
4, 1, TRADE, TO -1, VAL 0.00
4, 1, CITY, 33:13, 0, 1, 100, 20.00, 1, 1, 3, 20, 0, Is original capital, Is capital
4, 1, CITY, 11:25, 0, 2, 100, 20.00, 1, 1, 3, 25, 0, Is original capital, Is capital
4, 1, CITY, 10:41, 0, 2, 100, 28.00, 1, 1, 10, 26, 0, Is original capital, Is capital
4, 1, CITY, 31:62, 0, 2, 100, 20.00, 1, 1, 3, 25, 0, Is original capital, Is capital
4, 1, ARMY,, UNIT_SETTLER 1 3,UNIT_SCOUT 1 0,UNIT_WARRIOR 1 0,
4, 1, ARMY,, UNIT_SETTLER 1 3,UNIT_WARRIOR 1 0,UNIT_BABYLONIAN_SABUM_KIBITTUM 1 0,
4, 1, ARMY,, UNIT_SETTLER 1 3,UNIT_WARRIOR 1 0,
4, 1, ARMY,, UNIT_SETTLER 1 3,UNIT_WARRIOR 1 0,UNIT_VAMPIRE 1 0,
4, 1, ARMY,, 
4, 1, ARMY,, 
4, 1, ARMY,, 
4, 1, ARMY,, 
4, 1, ARMY,, 
4, 1, ARMY,, 
4, 1, ARMY,, 
4, 1, ARMY,, 
4, 1, ARMY,, 
4, 1, ARMY,, 
4, 1, ARMY,, 
4, 1, ARMY,, 
4, 1, ARMY,, 
4, 1, ARMY,, 
4, 1, ARMY,, 
4, 1, ARMY,, 
4, 2, START LOG, , YIELD_FOOD 7.75 +/- 2.21,YIELD_PRODUCTION 6.50 +/- 1.29,YIELD_GOLD 5.00 +/- 0.00,YIELD_SCIENCE 2.75 +/- 0.49,YIELD_CULTURE 1.75 +/- 0.49,YIELD_FAITH 0.00 +/- 0.00,
4, 2, TRADE, TO -1, VAL 0.00
4, 2, CITY, 33:13, 0, 1, 100, 20.00, 1, 1, 3, 20, 0, Is original capital, Is capital
4, 2, CITY, 11:25, 0, 2, 100, 20.00, 1, 1, 3, 25, 0, Is original capital, Is capital
4, 2, CITY, 10:41, 0, 2, 100, 28.00, 1, 1, 10, 26, 0, Is original capital, Is capital
4, 2, CITY, 31:62, 0, 2, 100, 20.00, 1, 1, 3, 25, 0, Is original capital, Is capital
4, 2, ARMY,, UNIT_SETTLER 1 4,UNIT_SCOUT 1 0,UNIT_WARRIOR 1 0,
4, 2, ARMY,, UNIT_SETTLER 1 4,UNIT_WARRIOR 1 0,UNIT_BABYLONIAN_SABUM_KIBITTUM 1 0,
4, 2, ARMY,, UNIT_SETTLER 1 4,UNIT_WARRIOR 1 0,
4, 2, ARMY,, UNIT_SETTLER 1 4,UNIT_WARRIOR 1 0,UNIT_VAMPIRE 1 0,
4, 2, ARMY,, 
4, 2, ARMY,, 
4, 2, ARMY,, 
4, 2, ARMY,, 
4, 2, ARMY,, 
4, 2, ARMY,, 
4, 2, ARMY,, 
4, 2, ARMY,, 
4, 2, ARMY,, 
4, 2, ARMY,, 
4, 2, ARMY,, 
4, 2, ARMY,, 
4, 2, ARMY,, 
4, 2, ARMY,, 
4, 2, ARMY,, 
4, 2, ARMY,, 
4, 3, START LOG, , YIELD_FOOD 7.50 +/- 2.08,YIELD_PRODUCTION 6.75 +/- 1.50,YIELD_GOLD 5.00 +/- 0.00,YIELD_SCIENCE 3.00 +/- 0.81,YIELD_CULTURE 1.75 +/- 0.49,YIELD_FAITH 0.00 +/- 0.00,
4, 3, TRADE, TO -1, VAL 0.00
4, 3, CITY, 33:13, 0, 2, 100, 28.00, 1, 1, 3, 26, 0, Is original capital, Is capital
4, 3, CITY, 11:25, 0, 2, 100, 20.00, 1, 1, 3, 25, 0, Is original capital, Is capital
4, 3, CITY, 10:41, 0, 2, 100, 28.00, 1, 1, 10, 26, 0, Is original capital, Is capital
4, 3, CITY, 31:62, 0, 2, 100, 20.00, 1, 1, 3, 25, 0, Is original capital, Is capital
4, 3, ARMY,, UNIT_SETTLER 1 4,UNIT_SCOUT 1 0,UNIT_WARRIOR 1 0,
4, 3, ARMY,, UNIT_SETTLER 1 4,UNIT_WARRIOR 1 0,UNIT_BABYLONIAN_SABUM_KIBITTUM 1 0,
4, 3, ARMY,, UNIT_SETTLER 1 4,UNIT_WARRIOR 1 0,
4, 3, ARMY,, UNIT_SETTLER 1 4,UNIT_SCOUT 1 0,UNIT_WARRIOR 1 0,UNIT_VAMPIRE 1 0,
4, 3, ARMY,, 
4, 3, ARMY,, 
4, 3, ARMY,, 
4, 3, ARMY,, 
4, 3, ARMY,, 
4, 3, ARMY,, 
4, 3, ARMY,, 
4, 3, ARMY,, 
4, 3, ARMY,, 
4, 3, ARMY,, 
4, 3, ARMY,, 
4, 3, ARMY,, 
4, 3, ARMY,, 
4, 3, ARMY,, 
4, 3, ARMY,, 
4, 3, ARMY,, 
5, 4, START LOG, , YIELD_FOOD 5.75 +/- 1.50,YIELD_PRODUCTION 12.50 +/- 1.91,YIELD_GOLD 8.50 +/- 1.00,YIELD_SCIENCE 2.50 +/- 0.57,YIELD_CULTURE 1.00 +/- 0.00,YIELD_FAITH 0.75 +/- 1.50,
5, 4, TRADE, TO -1, VAL 0.00
5, 4, CITY, 49:61, 0, 2, 100, 20.00, 1, 1, 3, 35, 0, Is original capital, Is capital
5, 4, CITY, 50:15, 0, 2, 100, 20.00, 1, 1, 3, 34, 0, Is original capital, Is capital
5, 4, CITY, 64:33, 0, 2, 100, 20.00, 1, 1, 3, 38, 0, Is original capital, Is capital
5, 4, CITY, 61:44, 0, 2, 100, 20.00, 1, 1, 3, 32, 0, Is original capital, Is capital
5, 4, ARMY,, 
5, 4, ARMY,, 
5, 4, ARMY,, 
5, 4, ARMY,, 
5, 4, ARMY,, UNIT_SETTLER 2 4,UNIT_BUILDER 1 0,UNIT_SCOUT 1 0,UNIT_AZTEC_EAGLE_WARRIOR 1 0,
5, 4, ARMY,, UNIT_SETTLER 2 4,UNIT_BUILDER 1 0,UNIT_WARRIOR 1 0,UNIT_CREE_OKIHTCITAW 1 0,UNIT_VAMPIRE 1 0,
5, 4, ARMY,, UNIT_SETTLER 2 4,UNIT_BUILDER 1 0,UNIT_SCOUT 1 0,UNIT_WARRIOR 1 0,
5, 4, ARMY,, UNIT_SETTLER 2 4,UNIT_SCOUT 1 0,UNIT_WARRIOR 1 0,
5, 4, ARMY,, 
5, 4, ARMY,, 
5, 4, ARMY,, 
5, 4, ARMY,, 
5, 4, ARMY,, 
5, 4, ARMY,, 
5, 4, ARMY,, 
5, 4, ARMY,, 
5, 4, ARMY,, 
5, 4, ARMY,, 
5, 4, ARMY,, 
5, 4, ARMY,, 
5, 5, START LOG, , YIELD_FOOD 6.75 +/- 2.06,YIELD_PRODUCTION 12.50 +/- 1.91,YIELD_GOLD 8.50 +/- 1.00,YIELD_SCIENCE 2.75 +/- 0.49,YIELD_CULTURE 1.00 +/- 0.00,YIELD_FAITH 0.75 +/- 1.50,
5, 5, TRADE, TO -1, VAL 0.00
5, 5, CITY, 49:61, 0, 2, 100, 20.00, 1, 1, 3, 35, 0, Is original capital, Is capital
5, 5, CITY, 61:44, 0, 2, 100, 28.00, 1, 1, 3, 37, 0, Is original capital, Is capital
5, 5, CITY, 50:15, 0, 2, 100, 20.00, 1, 1, 3, 34, 0, Is original capital, Is capital
5, 5, CITY, 64:33, 0, 2, 100, 20.00, 1, 1, 3, 38, 0, Is original capital, Is capital
5, 5, CITY, 46:63, 0, 1, 100, 0.00, 1, 1, 0, 12, 0, Not original capital, Not capital
5, 5, ARMY,, 
5, 5, ARMY,, 
5, 5, ARMY,, 
5, 5, ARMY,, 
5, 5, ARMY,, UNIT_SETTLER 2 1,UNIT_BUILDER 1 0,UNIT_SCOUT 2 0,UNIT_AZTEC_EAGLE_WARRIOR 1 0,
5, 5, ARMY,, UNIT_SETTLER 2 4,UNIT_BUILDER 2 0,UNIT_WARRIOR 1 0,UNIT_CREE_OKIHTCITAW 1 0,UNIT_VAMPIRE 1 0,
5, 5, ARMY,, UNIT_SETTLER 2 4,UNIT_BUILDER 1 0,UNIT_SCOUT 1 0,UNIT_WARRIOR 1 0,
5, 5, ARMY,, UNIT_SETTLER 2 4,UNIT_SCOUT 1 0,UNIT_WARRIOR 1 0,
5, 5, ARMY,, 
5, 5, ARMY,, 
5, 5, ARMY,, 
5, 5, ARMY,, 
5, 5, ARMY,, 
5, 5, ARMY,, 
5, 5, ARMY,, 
5, 5, ARMY,, 
5, 5, ARMY,, 
5, 5, ARMY,, 
5, 5, ARMY,, 
5, 5, ARMY,, 
5, 6, START LOG, , YIELD_FOOD 7.25 +/- 1.71,YIELD_PRODUCTION 12.50 +/- 1.91,YIELD_GOLD 8.50 +/- 1.00,YIELD_SCIENCE 3.00 +/- 0.00,YIELD_CULTURE 1.00 +/- 0.00,YIELD_FAITH 0.75 +/- 1.50,
5, 6, TRADE, TO -1, VAL 0.00
5, 6, CITY, 61:44, 0, 2, 100, 28.00, 1, 1, 3, 37, 0, Is original capital, Is capital
5, 6, CITY, 49:61, 0, 2, 100, 20.00, 1, 1, 3, 35, 0, Is original capital, Is capital
5, 6, CITY, 64:33, 0, 2, 100, 20.00, 1, 1, 3, 44, 0, Is original capital, Is capital
5, 6, CITY, 50:15, 0, 2, 100, 20.00, 1, 1, 3, 34, 0, Is original capital, Is capital
5, 6, CITY, 55:35, 0, 1, 100, 40.00, 1, 1, 8, 15, 0, Is original capital, Is capital
5, 6, CITY, 60:48, 0, 1, 100, 0.00, 1, 1, 5, 12, 0, Not original capital, Not capital
5, 6, CITY, 46:63, 0, 1, 100, 0.00, 1, 1, 0, 12, 0, Not original capital, Not capital
5, 6, ARMY,, 
5, 6, ARMY,, 
5, 6, ARMY,, 
5, 6, ARMY,, 
5, 6, ARMY,, UNIT_SETTLER 2 1,UNIT_BUILDER 1 0,UNIT_SCOUT 2 0,UNIT_AZTEC_EAGLE_WARRIOR 1 0,
5, 6, ARMY,, UNIT_SETTLER 2 1,UNIT_BUILDER 2 0,UNIT_WARRIOR 1 0,UNIT_CREE_OKIHTCITAW 2 0,UNIT_VAMPIRE 1 0,
5, 6, ARMY,, UNIT_SETTLER 2 4,UNIT_BUILDER 1 0,UNIT_SCOUT 2 0,UNIT_WARRIOR 1 0,
5, 6, ARMY,, UNIT_SETTLER 2 4,UNIT_SCOUT 1 0,UNIT_WARRIOR 1 0,
5, 6, ARMY,, 
5, 6, ARMY,, 
5, 6, ARMY,, 
5, 6, ARMY,, 
5, 6, ARMY,, 
5, 6, ARMY,, 
5, 6, ARMY,, 
5, 6, ARMY,, 
5, 6, ARMY,, 
5, 6, ARMY,, 
5, 6, ARMY,, 
5, 6, ARMY,, 
5, 7, START LOG, , YIELD_FOOD 8.00 +/- 0.81,YIELD_PRODUCTION 13.00 +/- 1.63,YIELD_GOLD 8.50 +/- 1.00,YIELD_SCIENCE 3.50 +/- 1.00,YIELD_CULTURE 1.00 +/- 0.00,YIELD_FAITH 0.75 +/- 1.50,
5, 7, TRADE, TO -1, VAL 0.00
5, 7, CITY, 64:33, 0, 2, 100, 20.00, 1, 1, 13, 44, 0, Is original capital, Is capital
5, 7, CITY, 61:44, 0, 2, 100, 28.00, 1, 1, 3, 37, 0, Is original capital, Is capital
5, 7, CITY, 49:61, 0, 2, 100, 20.00, 1, 1, 3, 35, 0, Is original capital, Is capital
5, 7, CITY, 50:15, 0, 2, 100, 20.00, 1, 1, 3, 34, 0, Is original capital, Is capital
5, 7, CITY, 55:35, 0, 1, 100, 40.00, 1, 1, 8, 15, 0, Is original capital, Is capital
5, 7, CITY, 60:48, 0, 1, 100, 0.00, 1, 1, 5, 12, 0, Not original capital, Not capital
5, 7, CITY, 46:63, 0, 1, 100, 0.00, 1, 1, 0, 12, 0, Not original capital, Not capital
5, 7, ARMY,, 
5, 7, ARMY,, 
5, 7, ARMY,, 
5, 7, ARMY,, 
5, 7, ARMY,, UNIT_SETTLER 2 1,UNIT_BUILDER 1 0,UNIT_SCOUT 2 0,UNIT_AZTEC_EAGLE_WARRIOR 1 0,
5, 7, ARMY,, UNIT_SETTLER 2 1,UNIT_BUILDER 2 0,UNIT_WARRIOR 1 0,UNIT_CREE_OKIHTCITAW 2 0,UNIT_VAMPIRE 1 0,
5, 7, ARMY,, UNIT_SETTLER 1 0,UNIT_BUILDER 1 0,UNIT_SCOUT 2 0,UNIT_WARRIOR 2 0,
5, 7, ARMY,, UNIT_SETTLER 2 4,UNIT_BUILDER 1 0,UNIT_SCOUT 1 0,UNIT_WARRIOR 1 0,
5, 7, ARMY,, 
5, 7, ARMY,, 
5, 7, ARMY,, 
5, 7, ARMY,, 
5, 7, ARMY,, 
5, 7, ARMY,, 
5, 7, ARMY,, 
5, 7, ARMY,, 
5, 7, ARMY,, 
5, 7, ARMY,, 
5, 7, ARMY,, 
5, 7, ARMY,, 
5, 8, START LOG, , YIELD_FOOD 0.00 +/- 0.00,YIELD_PRODUCTION 0.00 +/- 0.00,YIELD_GOLD 0.00 +/- 0.00,YIELD_SCIENCE 0.00 +/- 0.00,YIELD_CULTURE 0.00 +/- 0.00,YIELD_FAITH 0.00 +/- 0.00,
5, 8, TRADE, TO -1, VAL 2.25
5, 8, CITY, 55:35, 0, 2, 100, 40.00, 1, 1, 8, 18, 0, Is original capital, Is capital
5, 8, ARMY,, 
5, 8, ARMY,, 
5, 8, ARMY,, 
5, 8, ARMY,, 
5, 8, ARMY,, 
5, 8, ARMY,, 
5, 8, ARMY,, 
5, 8, ARMY,, 
5, 8, ARMY,, UNIT_SETTLER 1 4,UNIT_BUILDER 1 0,UNIT_WARRIOR 2 0,
5, 8, ARMY,, 
5, 8, ARMY,, 
5, 8, ARMY,, 
5, 8, ARMY,, 
5, 8, ARMY,, 
5, 8, ARMY,, 
5, 8, ARMY,, 
5, 8, ARMY,, 
5, 8, ARMY,, 
5, 8, ARMY,, 
5, 8, ARMY,, 
5, 9, START LOG, , YIELD_FOOD 0.00 +/- 0.00,YIELD_PRODUCTION 0.00 +/- 0.00,YIELD_GOLD 0.00 +/- 0.00,YIELD_SCIENCE 0.00 +/- 0.00,YIELD_CULTURE 0.00 +/- 0.00,YIELD_FAITH 0.00 +/- 0.00,
5, 9, TRADE, TO -1, VAL 0.00
5, 9, CITY, 64:1, 0, 2, 100, 40.00, 1, 1, 8, 22, 0, Is original capital, Is capital
5, 9, ARMY,, 
5, 9, ARMY,, 
5, 9, ARMY,, 
5, 9, ARMY,, 
5, 9, ARMY,, 
5, 9, ARMY,, 
5, 9, ARMY,, 
5, 9, ARMY,, 
5, 9, ARMY,, 
5, 9, ARMY,, UNIT_SETTLER 1 4,UNIT_WARRIOR 2 0,
5, 9, ARMY,, 
5, 9, ARMY,, 
5, 9, ARMY,, 
5, 9, ARMY,, 
5, 9, ARMY,, 
5, 9, ARMY,, 
5, 9, ARMY,, 
5, 9, ARMY,, 
5, 9, ARMY,, 
5, 9, ARMY,, 
5, 10, START LOG, , YIELD_FOOD 0.00 +/- 0.00,YIELD_PRODUCTION 0.00 +/- 0.00,YIELD_GOLD 0.00 +/- 0.00,YIELD_SCIENCE 0.00 +/- 0.00,YIELD_CULTURE 0.00 +/- 0.00,YIELD_FAITH 0.00 +/- 0.00,
5, 10, TRADE, TO -1, VAL 0.00
5, 10, CITY, 58:65, 0, 2, 100, 40.00, 1, 1, 8, 22, 0, Is original capital, Is capital
5, 10, ARMY,, 
5, 10, ARMY,, 
5, 10, ARMY,, 
5, 10, ARMY,, 
5, 10, ARMY,, 
5, 10, ARMY,, 
5, 10, ARMY,, 
5, 10, ARMY,, 
5, 10, ARMY,, 
5, 10, ARMY,, 
5, 10, ARMY,, UNIT_SETTLER 1 4,UNIT_WARRIOR 2 0,
5, 10, ARMY,, 
5, 10, ARMY,, 
5, 10, ARMY,, 
5, 10, ARMY,, 
5, 10, ARMY,, 
5, 10, ARMY,, 
5, 10, ARMY,, 
5, 10, ARMY,, 
5, 10, ARMY,, 
5, 11, START LOG, , YIELD_FOOD 0.00 +/- 0.00,YIELD_PRODUCTION 0.00 +/- 0.00,YIELD_GOLD 0.00 +/- 0.00,YIELD_SCIENCE 0.00 +/- 0.00,YIELD_CULTURE 0.00 +/- 0.00,YIELD_FAITH 0.00 +/- 0.00,
5, 11, TRADE, TO -1, VAL 0.00
5, 11, CITY, 70:13, 0, 2, 100, 40.00, 1, 1, 8, 20, 0, Is original capital, Is capital
5, 11, ARMY,, 
5, 11, ARMY,, 
5, 11, ARMY,, 
5, 11, ARMY,, 
5, 11, ARMY,, 
5, 11, ARMY,, 
5, 11, ARMY,, 
5, 11, ARMY,, 
5, 11, ARMY,, 
5, 11, ARMY,, 
5, 11, ARMY,, 
5, 11, ARMY,, UNIT_SETTLER 1 4,UNIT_BUILDER 1 0,UNIT_WARRIOR 2 0,
5, 11, ARMY,, 
5, 11, ARMY,, 
5, 11, ARMY,, 
5, 11, ARMY,, 
5, 11, ARMY,, 
5, 11, ARMY,, 
5, 11, ARMY,, 
5, 11, ARMY,, 
5, 12, START LOG, , YIELD_FOOD 0.00 +/- 0.00,YIELD_PRODUCTION 0.00 +/- 0.00,YIELD_GOLD 0.00 +/- 0.00,YIELD_SCIENCE 0.00 +/- 0.00,YIELD_CULTURE 0.00 +/- 0.00,YIELD_FAITH 0.00 +/- 0.00,
5, 12, TRADE, TO -1, VAL 0.00
5, 12, CITY, 25:23, 0, 2, 100, 40.00, 1, 1, 8, 20, 0, Is original capital, Is capital
5, 12, ARMY,, 
5, 12, ARMY,, 
5, 12, ARMY,, 
5, 12, ARMY,, 
5, 12, ARMY,, 
5, 12, ARMY,, 
5, 12, ARMY,, 
5, 12, ARMY,, 
5, 12, ARMY,, 
5, 12, ARMY,, 
5, 12, ARMY,, 
5, 12, ARMY,, 
5, 12, ARMY,, UNIT_SETTLER 1 4,UNIT_WARRIOR 2 0,
5, 12, ARMY,, 
5, 12, ARMY,, 
5, 12, ARMY,, 
5, 12, ARMY,, 
5, 12, ARMY,, 
5, 12, ARMY,, 
5, 12, ARMY,, 
5, 13, START LOG, , YIELD_FOOD 0.00 +/- 0.00,YIELD_PRODUCTION 0.00 +/- 0.00,YIELD_GOLD 0.00 +/- 0.00,YIELD_SCIENCE 0.00 +/- 0.00,YIELD_CULTURE 0.00 +/- 0.00,YIELD_FAITH 0.00 +/- 0.00,
5, 13, TRADE, TO -1, VAL 0.00
5, 13, CITY, 41:49, 0, 2, 100, 40.00, 1, 1, 8, 19, 0, Is original capital, Is capital
5, 13, ARMY,, 
5, 13, ARMY,, 
5, 13, ARMY,, 
5, 13, ARMY,, 
5, 13, ARMY,, 
5, 13, ARMY,, 
5, 13, ARMY,, 
5, 13, ARMY,, 
5, 13, ARMY,, 
5, 13, ARMY,, 
5, 13, ARMY,, 
5, 13, ARMY,, 
5, 13, ARMY,, 
5, 13, ARMY,, UNIT_SETTLER 1 4,UNIT_BUILDER 1 0,UNIT_WARRIOR 2 0,
5, 13, ARMY,, 
5, 13, ARMY,, 
5, 13, ARMY,, 
5, 13, ARMY,, 
5, 13, ARMY,, 
5, 13, ARMY,, 
5, 14, START LOG, , YIELD_FOOD 0.00 +/- 0.00,YIELD_PRODUCTION 0.00 +/- 0.00,YIELD_GOLD 0.00 +/- 0.00,YIELD_SCIENCE 0.00 +/- 0.00,YIELD_CULTURE 0.00 +/- 0.00,YIELD_FAITH 0.00 +/- 0.00,
5, 14, TRADE, TO -1, VAL 0.00
5, 14, CITY, 54:27, 0, 2, 100, 40.00, 1, 1, 13, 20, 0, Is original capital, Is capital
5, 14, ARMY,, 
5, 14, ARMY,, 
5, 14, ARMY,, 
5, 14, ARMY,, 
5, 14, ARMY,, 
5, 14, ARMY,, 
5, 14, ARMY,, 
5, 14, ARMY,, 
5, 14, ARMY,, 
5, 14, ARMY,, 
5, 14, ARMY,, 
5, 14, ARMY,, 
5, 14, ARMY,, 
5, 14, ARMY,, 
5, 14, ARMY,, UNIT_SETTLER 1 4,UNIT_WARRIOR 2 0,
5, 14, ARMY,, 
5, 14, ARMY,, 
5, 14, ARMY,, 
5, 14, ARMY,, 
5, 14, ARMY,, 
5, 15, START LOG, , YIELD_FOOD 0.00 +/- 0.00,YIELD_PRODUCTION 0.00 +/- 0.00,YIELD_GOLD 0.00 +/- 0.00,YIELD_SCIENCE 0.00 +/- 0.00,YIELD_CULTURE 0.00 +/- 0.00,YIELD_FAITH 0.00 +/- 0.00,
5, 15, TRADE, TO -1, VAL 0.00
5, 15, CITY, 45:34, 0, 2, 100, 40.00, 1, 1, 13, 20, 0, Is original capital, Is capital
5, 15, ARMY,, 
5, 15, ARMY,, 
5, 15, ARMY,, 
5, 15, ARMY,, 
5, 15, ARMY,, 
5, 15, ARMY,, 
5, 15, ARMY,, 
5, 15, ARMY,, 
5, 15, ARMY,, 
5, 15, ARMY,, 
5, 15, ARMY,, 
5, 15, ARMY,, 
5, 15, ARMY,, 
5, 15, ARMY,, 
5, 15, ARMY,, 
5, 15, ARMY,, UNIT_SETTLER 1 4,UNIT_WARRIOR 2 0,
5, 15, ARMY,, 
5, 15, ARMY,, 
5, 15, ARMY,, 
5, 15, ARMY,, 
5, 16, START LOG, , YIELD_FOOD 0.00 +/- 0.00,YIELD_PRODUCTION 0.00 +/- 0.00,YIELD_GOLD 0.00 +/- 0.00,YIELD_SCIENCE 0.00 +/- 0.00,YIELD_CULTURE 0.00 +/- 0.00,YIELD_FAITH 0.00 +/- 0.00,
5, 16, TRADE, TO -1, VAL 0.00
5, 16, CITY, 14:16, 0, 2, 100, 40.00, 1, 1, 8, 20, 0, Is original capital, Is capital
5, 16, ARMY,, 
5, 16, ARMY,, 
5, 16, ARMY,, 
5, 16, ARMY,, 
5, 16, ARMY,, 
5, 16, ARMY,, 
5, 16, ARMY,, 
5, 16, ARMY,, 
5, 16, ARMY,, 
5, 16, ARMY,, 
5, 16, ARMY,, 
5, 16, ARMY,, 
5, 16, ARMY,, 
5, 16, ARMY,, 
5, 16, ARMY,, 
5, 16, ARMY,, 
5, 16, ARMY,, UNIT_SETTLER 1 4,UNIT_BUILDER 1 0,UNIT_WARRIOR 2 0,
5, 16, ARMY,, 
5, 16, ARMY,, 
5, 16, ARMY,, 
5, 17, START LOG, , YIELD_FOOD 0.00 +/- 0.00,YIELD_PRODUCTION 0.00 +/- 0.00,YIELD_GOLD 0.00 +/- 0.00,YIELD_SCIENCE 0.00 +/- 0.00,YIELD_CULTURE 0.00 +/- 0.00,YIELD_FAITH 0.00 +/- 0.00,
5, 17, TRADE, TO -1, VAL 0.00
5, 17, CITY, 10:59, 0, 2, 100, 40.00, 1, 1, 8, 19, 0, Is original capital, Is capital
5, 17, ARMY,, 
5, 17, ARMY,, 
5, 17, ARMY,, 
5, 17, ARMY,, 
5, 17, ARMY,, 
5, 17, ARMY,, 
5, 17, ARMY,, 
5, 17, ARMY,, 
5, 17, ARMY,, 
5, 17, ARMY,, 
5, 17, ARMY,, 
5, 17, ARMY,, 
5, 17, ARMY,, 
5, 17, ARMY,, 
5, 17, ARMY,, 
5, 17, ARMY,, 
5, 17, ARMY,, 
5, 17, ARMY,, UNIT_SETTLER 1 4,UNIT_BUILDER 1 0,UNIT_WARRIOR 2 0,
5, 17, ARMY,, 
5, 17, ARMY,, 
5, 62, START LOG, , YIELD_FOOD 0.00 +/- 0.00,YIELD_PRODUCTION 0.00 +/- 0.00,YIELD_GOLD 0.00 +/- 0.00,YIELD_SCIENCE 0.00 +/- 0.00,YIELD_CULTURE 0.00 +/- 0.00,YIELD_FAITH 0.00 +/- 0.00,
5, 62, TRADE, TO -1, VAL 0.00
5, 62, ARMY,, 
5, 62, ARMY,, 
5, 62, ARMY,, 
5, 62, ARMY,, 
5, 62, ARMY,, 
5, 62, ARMY,, 
5, 62, ARMY,, 
5, 62, ARMY,, 
5, 62, ARMY,, 
5, 62, ARMY,, 
5, 62, ARMY,, 
5, 62, ARMY,, 
5, 62, ARMY,, 
5, 62, ARMY,, 
5, 62, ARMY,, 
5, 62, ARMY,, 
5, 62, ARMY,, 
5, 62, ARMY,, 
5, 62, ARMY,, 
5, 62, ARMY,, 
5, 63, START LOG, , YIELD_FOOD 0.00 +/- 0.00,YIELD_PRODUCTION 0.00 +/- 0.00,YIELD_GOLD 0.00 +/- 0.00,YIELD_SCIENCE 0.00 +/- 0.00,YIELD_CULTURE 0.00 +/- 0.00,YIELD_FAITH 0.00 +/- 0.00,
5, 63, TRADE, TO -1, VAL 0.00
5, 63, ARMY,, 
5, 63, ARMY,, 
5, 63, ARMY,, 
5, 63, ARMY,, 
5, 63, ARMY,, 
5, 63, ARMY,, 
5, 63, ARMY,, 
5, 63, ARMY,, 
5, 63, ARMY,, 
5, 63, ARMY,, 
5, 63, ARMY,, 
5, 63, ARMY,, 
5, 63, ARMY,, 
5, 63, ARMY,, 
5, 63, ARMY,, 
5, 63, ARMY,, 
5, 63, ARMY,, 
5, 63, ARMY,, 
5, 63, ARMY,, 
5, 63, ARMY,, 
5, 0, START LOG, , YIELD_FOOD 7.50 +/- 2.08,YIELD_PRODUCTION 6.75 +/- 1.50,YIELD_GOLD 5.00 +/- 0.00,YIELD_SCIENCE 3.00 +/- 0.81,YIELD_CULTURE 1.75 +/- 0.49,YIELD_FAITH 0.00 +/- 0.00,
5, 0, TRADE, TO -1, VAL 0.00
5, 0, CITY, 33:13, 0, 2, 100, 28.00, 1, 1, 3, 26, 0, Is original capital, Is capital
5, 0, CITY, 11:25, 0, 2, 100, 20.00, 1, 1, 3, 25, 0, Is original capital, Is capital
5, 0, CITY, 10:41, 0, 2, 100, 28.00, 1, 1, 3, 26, 0, Is original capital, Is capital
5, 0, CITY, 31:62, 0, 2, 100, 20.00, 1, 1, 3, 25, 0, Is original capital, Is capital
5, 0, ARMY,, UNIT_SETTLER 1 4,UNIT_SCOUT 1 0,UNIT_WARRIOR 1 0,
5, 0, ARMY,, UNIT_SETTLER 1 4,UNIT_WARRIOR 1 0,UNIT_BABYLONIAN_SABUM_KIBITTUM 1 0,
5, 0, ARMY,, UNIT_SETTLER 1 4,UNIT_WARRIOR 1 0,
5, 0, ARMY,, UNIT_SETTLER 1 4,UNIT_SCOUT 1 0,UNIT_WARRIOR 1 0,UNIT_VAMPIRE 1 0,
5, 0, ARMY,, 
5, 0, ARMY,, 
5, 0, ARMY,, 
5, 0, ARMY,, 
5, 0, ARMY,, 
5, 0, ARMY,, 
5, 0, ARMY,, 
5, 0, ARMY,, 
5, 0, ARMY,, 
5, 0, ARMY,, 
5, 0, ARMY,, 
5, 0, ARMY,, 
5, 0, ARMY,, 
5, 0, ARMY,, 
5, 0, ARMY,, 
5, 0, ARMY,, 
5, 1, START LOG, , YIELD_FOOD 7.50 +/- 2.08,YIELD_PRODUCTION 6.75 +/- 1.50,YIELD_GOLD 5.00 +/- 0.00,YIELD_SCIENCE 3.00 +/- 0.81,YIELD_CULTURE 1.75 +/- 0.49,YIELD_FAITH 0.00 +/- 0.00,
5, 1, TRADE, TO -1, VAL 0.00
5, 1, CITY, 33:13, 0, 2, 100, 28.00, 1, 1, 3, 26, 0, Is original capital, Is capital
5, 1, CITY, 11:25, 0, 2, 100, 20.00, 1, 1, 3, 25, 0, Is original capital, Is capital
5, 1, CITY, 10:41, 0, 2, 100, 28.00, 1, 1, 3, 26, 0, Is original capital, Is capital
5, 1, CITY, 31:62, 0, 2, 100, 20.00, 1, 1, 3, 25, 0, Is original capital, Is capital
5, 1, ARMY,, UNIT_SETTLER 1 4,UNIT_SCOUT 1 0,UNIT_WARRIOR 1 0,
5, 1, ARMY,, UNIT_SETTLER 1 4,UNIT_WARRIOR 1 0,UNIT_BABYLONIAN_SABUM_KIBITTUM 1 0,
5, 1, ARMY,, UNIT_SETTLER 1 4,UNIT_WARRIOR 1 0,
5, 1, ARMY,, UNIT_SETTLER 1 4,UNIT_SCOUT 1 0,UNIT_WARRIOR 1 0,UNIT_VAMPIRE 1 0,
5, 1, ARMY,, 
5, 1, ARMY,, 
5, 1, ARMY,, 
5, 1, ARMY,, 
5, 1, ARMY,, 
5, 1, ARMY,, 
5, 1, ARMY,, 
5, 1, ARMY,, 
5, 1, ARMY,, 
5, 1, ARMY,, 
5, 1, ARMY,, 
5, 1, ARMY,, 
5, 1, ARMY,, 
5, 1, ARMY,, 
5, 1, ARMY,, 
5, 1, ARMY,, 
5, 2, START LOG, , YIELD_FOOD 7.50 +/- 2.08,YIELD_PRODUCTION 6.75 +/- 1.50,YIELD_GOLD 5.00 +/- 0.00,YIELD_SCIENCE 3.00 +/- 0.81,YIELD_CULTURE 1.75 +/- 0.49,YIELD_FAITH 0.00 +/- 0.00,
5, 2, TRADE, TO -1, VAL 0.00
5, 2, CITY, 33:13, 0, 2, 100, 28.00, 1, 1, 3, 26, 0, Is original capital, Is capital
5, 2, CITY, 11:25, 0, 3, 100, 20.00, 1, 1, 3, 30, 0, Is original capital, Is capital
5, 2, CITY, 10:41, 0, 2, 100, 28.00, 1, 1, 3, 26, 0, Is original capital, Is capital
5, 2, CITY, 31:62, 0, 2, 100, 20.00, 1, 1, 3, 25, 0, Is original capital, Is capital
5, 2, ARMY,, UNIT_SETTLER 1 5,UNIT_SCOUT 1 0,UNIT_WARRIOR 1 0,
5, 2, ARMY,, UNIT_SETTLER 1 5,UNIT_WARRIOR 1 0,UNIT_BABYLONIAN_SABUM_KIBITTUM 1 0,
5, 2, ARMY,, UNIT_SETTLER 1 5,UNIT_SCOUT 1 0,UNIT_WARRIOR 1 0,
5, 2, ARMY,, UNIT_SETTLER 1 5,UNIT_SCOUT 1 0,UNIT_WARRIOR 1 0,UNIT_VAMPIRE 1 0,
5, 2, ARMY,, 
5, 2, ARMY,, 
5, 2, ARMY,, 
5, 2, ARMY,, 
5, 2, ARMY,, 
5, 2, ARMY,, 
5, 2, ARMY,, 
5, 2, ARMY,, 
5, 2, ARMY,, 
5, 2, ARMY,, 
5, 2, ARMY,, 
5, 2, ARMY,, 
5, 2, ARMY,, 
5, 2, ARMY,, 
5, 2, ARMY,, 
5, 2, ARMY,, 
5, 3, START LOG, , YIELD_FOOD 8.00 +/- 1.41,YIELD_PRODUCTION 7.50 +/- 1.73,YIELD_GOLD 5.00 +/- 0.00,YIELD_SCIENCE 3.25 +/- 0.49,YIELD_CULTURE 1.75 +/- 0.49,YIELD_FAITH 0.00 +/- 0.00,
5, 3, TRADE, TO -1, VAL 0.00
5, 3, CITY, 33:13, 0, 2, 100, 28.00, 1, 1, 3, 26, 0, Is original capital, Is capital
5, 3, CITY, 11:25, 0, 3, 100, 20.00, 1, 1, 3, 30, 0, Is original capital, Is capital
5, 3, CITY, 10:41, 0, 2, 100, 28.00, 1, 1, 3, 26, 0, Is original capital, Is capital
5, 3, CITY, 31:62, 0, 2, 100, 20.00, 1, 1, 3, 25, 0, Is original capital, Is capital
5, 3, ARMY,, UNIT_SETTLER 1 5,UNIT_SCOUT 1 0,UNIT_WARRIOR 1 0,
5, 3, ARMY,, UNIT_SETTLER 1 5,UNIT_WARRIOR 1 0,UNIT_BABYLONIAN_SABUM_KIBITTUM 1 0,
5, 3, ARMY,, UNIT_SETTLER 1 5,UNIT_SCOUT 1 0,UNIT_WARRIOR 1 0,
5, 3, ARMY,, UNIT_SETTLER 1 5,UNIT_SCOUT 1 0,UNIT_WARRIOR 1 0,UNIT_VAMPIRE 1 0,
5, 3, ARMY,, 
5, 3, ARMY,, 
5, 3, ARMY,, 
5, 3, ARMY,, 
5, 3, ARMY,, 
5, 3, ARMY,, 
5, 3, ARMY,, 
5, 3, ARMY,, 
5, 3, ARMY,, 
5, 3, ARMY,, 
5, 3, ARMY,, 
5, 3, ARMY,, 
5, 3, ARMY,, 
5, 3, ARMY,, 
5, 3, ARMY,, 
5, 3, ARMY,, 
5, 2, START LOG, , YIELD_FOOD 8.50 +/- 3.11,YIELD_PRODUCTION 8.25 +/- 1.25,YIELD_GOLD 5.00 +/- 0.00,YIELD_SCIENCE 3.25 +/- 0.49,YIELD_CULTURE 1.75 +/- 0.49,YIELD_FAITH 0.00 +/- 0.00,
5, 2, TRADE, TO -1, VAL 0.00
5, 2, CITY, 33:13, 0, 2, 100, 28.00, 1, 1, 3, 26, 0, Is original capital, Is capital
5, 2, CITY, 11:25, 0, 3, 100, 20.00, 1, 1, 3, 30, 0, Is original capital, Is capital
5, 2, CITY, 10:41, 0, 2, 100, 28.00, 1, 1, 3, 27, 1, Is original capital, Is capital
5, 2, CITY, 31:62, 0, 2, 100, 20.00, 1, 1, 3, 25, 0, Is original capital, Is capital
5, 2, ARMY,, UNIT_SETTLER 1 6,UNIT_SCOUT 1 0,UNIT_WARRIOR 1 0,UNIT_VAMPIRE 1 0,
5, 2, ARMY,, UNIT_SETTLER 1 6,UNIT_BUILDER 1 0,UNIT_WARRIOR 1 0,UNIT_BABYLONIAN_SABUM_KIBITTUM 1 0,
5, 2, ARMY,, UNIT_SETTLER 1 6,UNIT_SCOUT 1 0,UNIT_WARRIOR 1 0,
5, 2, ARMY,, UNIT_SETTLER 1 6,UNIT_SCOUT 1 0,UNIT_WARRIOR 1 0,UNIT_VAMPIRE 1 0,
5, 2, ARMY,, 
5, 2, ARMY,, 
5, 2, ARMY,, 
5, 2, ARMY,, 
5, 2, ARMY,, 
5, 2, ARMY,, 
5, 2, ARMY,, 
5, 2, ARMY,, 
5, 2, ARMY,, 
5, 2, ARMY,, 
5, 2, ARMY,, 
5, 2, ARMY,, 
5, 2, ARMY,, 
5, 2, ARMY,, 
5, 2, ARMY,, 
5, 2, ARMY,, 
6, 4, START LOG, , YIELD_FOOD 7.59 +/- 1.13,YIELD_PRODUCTION 11.39 +/- 3.84,YIELD_GOLD 6.79 +/- 3.89,YIELD_SCIENCE 2.79 +/- 1.79,YIELD_CULTURE 0.80 +/- 0.43,YIELD_FAITH 0.80 +/- 1.30,
6, 4, TRADE, TO -1, VAL 0.00
6, 4, CITY, 49:61, 0, 2, 100, 20.00, 1, 1, 3, 35, 0, Is original capital, Is capital
6, 4, CITY, 50:15, 0, 2, 100, 20.00, 1, 1, 3, 34, 0, Is original capital, Is capital
6, 4, CITY, 64:33, 0, 2, 100, 20.00, 1, 1, 13, 44, 0, Is original capital, Is capital
6, 4, CITY, 61:44, 0, 2, 100, 28.00, 1, 1, 3, 37, 0, Is original capital, Is capital
6, 4, CITY, 46:63, 0, 1, 100, 20.00, 1, 1, 0, 12, 0, Not original capital, Not capital
6, 4, CITY, 55:35, 0, 2, 100, 40.00, 1, 1, 8, 18, 0, Is original capital, Is capital
6, 4, CITY, 60:48, 0, 1, 100, 0.00, 1, 1, 5, 12, 0, Not original capital, Not capital
6, 4, ARMY,, 
6, 4, ARMY,, 
6, 4, ARMY,, 
6, 4, ARMY,, 
6, 4, ARMY,, UNIT_SETTLER 3 5,UNIT_BUILDER 2 0,UNIT_SCOUT 2 0,UNIT_AZTEC_EAGLE_WARRIOR 1 0,
6, 4, ARMY,, UNIT_SETTLER 3 5,UNIT_BUILDER 2 0,UNIT_WARRIOR 1 0,UNIT_CREE_OKIHTCITAW 2 0,UNIT_VAMPIRE 1 0,
6, 4, ARMY,, UNIT_SETTLER 2 5,UNIT_BUILDER 1 0,UNIT_SCOUT 2 0,UNIT_WARRIOR 2 0,
6, 4, ARMY,, UNIT_SETTLER 2 5,UNIT_BUILDER 1 0,UNIT_SCOUT 1 0,UNIT_WARRIOR 1 0,
6, 4, ARMY,, UNIT_WARRIOR 2 0,
6, 4, ARMY,, 
6, 4, ARMY,, 
6, 4, ARMY,, 
6, 4, ARMY,, 
6, 4, ARMY,, 
6, 4, ARMY,, 
6, 4, ARMY,, 
6, 4, ARMY,, 
6, 4, ARMY,, 
6, 4, ARMY,, 
6, 4, ARMY,, 
6, 5, START LOG, , YIELD_FOOD 6.71 +/- 1.38,YIELD_PRODUCTION 9.84 +/- 5.27,YIELD_GOLD 5.99 +/- 4.50,YIELD_SCIENCE 2.27 +/- 1.79,YIELD_CULTURE 0.70 +/- 0.47,YIELD_FAITH 0.57 +/- 1.13,
6, 5, TRADE, TO -1, VAL 0.00
6, 5, CITY, 49:61, 0, 2, 100, 20.00, 1, 1, 3, 35, 0, Is original capital, Is capital
6, 5, CITY, 61:44, 0, 2, 100, 29.00, 1, 1, 3, 39, 0, Is original capital, Is capital
6, 5, CITY, 50:15, 0, 2, 100, 20.00, 1, 1, 3, 34, 0, Is original capital, Is capital
6, 5, CITY, 64:33, 0, 2, 100, 20.00, 1, 1, 13, 44, 0, Is original capital, Is capital
6, 5, CITY, 46:63, 0, 1, 100, 20.00, 1, 1, 0, 12, 0, Not original capital, Not capital
6, 5, CITY, 55:35, 0, 2, 100, 40.00, 1, 1, 8, 18, 0, Is original capital, Is capital
6, 5, CITY, 60:48, 0, 1, 100, 20.00, 1, 1, 5, 12, 0, Not original capital, Not capital
6, 5, ARMY,, 
6, 5, ARMY,, 
6, 5, ARMY,, 
6, 5, ARMY,, 
6, 5, ARMY,, UNIT_SETTLER 2 2,UNIT_BUILDER 2 0,UNIT_SCOUT 2 0,UNIT_AZTEC_EAGLE_WARRIOR 1 0,
6, 5, ARMY,, UNIT_SETTLER 3 5,UNIT_BUILDER 2 0,UNIT_WARRIOR 1 0,UNIT_CREE_OKIHTCITAW 2 0,UNIT_VAMPIRE 1 0,
6, 5, ARMY,, UNIT_SETTLER 2 5,UNIT_BUILDER 1 0,UNIT_SCOUT 2 0,UNIT_WARRIOR 2 0,
6, 5, ARMY,, UNIT_SETTLER 2 5,UNIT_BUILDER 1 0,UNIT_SCOUT 1 0,UNIT_WARRIOR 1 0,
6, 5, ARMY,, UNIT_WARRIOR 2 0,
6, 5, ARMY,, 
6, 5, ARMY,, 
6, 5, ARMY,, 
6, 5, ARMY,, 
6, 5, ARMY,, 
6, 5, ARMY,, 
6, 5, ARMY,, 
6, 5, ARMY,, 
6, 5, ARMY,, 
6, 5, ARMY,, 
6, 5, ARMY,, 
6, 6, START LOG, , YIELD_FOOD 6.57 +/- 1.27,YIELD_PRODUCTION 10.41 +/- 5.85,YIELD_GOLD 6.42 +/- 5.06,YIELD_SCIENCE 2.27 +/- 1.79,YIELD_CULTURE 0.70 +/- 0.47,YIELD_FAITH 0.57 +/- 1.13,
6, 6, TRADE, TO -1, VAL 0.00
6, 6, CITY, 61:44, 0, 2, 100, 29.00, 1, 1, 3, 39, 0, Is original capital, Is capital
6, 6, CITY, 49:61, 0, 2, 100, 20.00, 1, 1, 3, 35, 0, Is original capital, Is capital
6, 6, CITY, 64:33, 0, 2, 100, 20.00, 1, 1, 13, 44, 0, Is original capital, Is capital
6, 6, CITY, 50:15, 0, 2, 100, 20.00, 1, 1, 3, 34, 0, Is original capital, Is capital
6, 6, CITY, 55:35, 0, 2, 100, 40.00, 1, 1, 8, 18, 0, Is original capital, Is capital
6, 6, CITY, 60:48, 0, 1, 100, 20.00, 1, 1, 5, 12, 0, Not original capital, Not capital
6, 6, CITY, 46:63, 0, 1, 100, 20.00, 1, 1, 0, 12, 0, Not original capital, Not capital
6, 6, ARMY,, 
6, 6, ARMY,, 
6, 6, ARMY,, 
6, 6, ARMY,, 
6, 6, ARMY,, UNIT_SETTLER 2 2,UNIT_BUILDER 2 0,UNIT_SCOUT 2 0,UNIT_AZTEC_EAGLE_WARRIOR 1 0,
6, 6, ARMY,, UNIT_SETTLER 2 2,UNIT_BUILDER 2 0,UNIT_WARRIOR 1 0,UNIT_CREE_OKIHTCITAW 2 0,UNIT_VAMPIRE 1 0,
6, 6, ARMY,, UNIT_SETTLER 2 5,UNIT_BUILDER 1 0,UNIT_SCOUT 2 0,UNIT_WARRIOR 2 0,
6, 6, ARMY,, UNIT_SETTLER 2 5,UNIT_BUILDER 1 0,UNIT_SCOUT 1 0,UNIT_WARRIOR 1 0,
6, 6, ARMY,, 
6, 6, ARMY,, 
6, 6, ARMY,, 
6, 6, ARMY,, 
6, 6, ARMY,, 
6, 6, ARMY,, 
6, 6, ARMY,, 
6, 6, ARMY,, 
6, 6, ARMY,, 
6, 6, ARMY,, 
6, 6, ARMY,, 
6, 6, ARMY,, 
6, 7, START LOG, , YIELD_FOOD 6.57 +/- 1.27,YIELD_PRODUCTION 10.41 +/- 5.85,YIELD_GOLD 6.42 +/- 5.06,YIELD_SCIENCE 2.27 +/- 1.79,YIELD_CULTURE 0.70 +/- 0.47,YIELD_FAITH 0.57 +/- 1.13,
6, 7, TRADE, TO -1, VAL 0.00
6, 7, CITY, 64:33, 0, 2, 100, 20.00, 1, 1, 3, 44, 0, Is original capital, Is capital
6, 7, CITY, 61:44, 0, 2, 100, 29.00, 1, 1, 3, 39, 0, Is original capital, Is capital
6, 7, CITY, 49:61, 0, 2, 100, 20.00, 1, 1, 3, 35, 0, Is original capital, Is capital
6, 7, CITY, 50:15, 0, 2, 100, 20.00, 1, 1, 3, 34, 0, Is original capital, Is capital
6, 7, CITY, 55:35, 0, 2, 100, 40.00, 1, 1, 8, 18, 0, Is original capital, Is capital
6, 7, CITY, 60:48, 0, 1, 100, 20.00, 1, 1, 5, 12, 0, Not original capital, Not capital
6, 7, CITY, 46:63, 0, 1, 100, 20.00, 1, 1, 0, 12, 0, Not original capital, Not capital
6, 7, CITY, 54:27, 0, 2, 100, 40.00, 1, 1, 8, 20, 0, Is original capital, Is capital
6, 7, ARMY,, 
6, 7, ARMY,, 
6, 7, ARMY,, 
6, 7, ARMY,, 
6, 7, ARMY,, UNIT_SETTLER 2 2,UNIT_BUILDER 2 0,UNIT_SCOUT 2 0,UNIT_AZTEC_EAGLE_WARRIOR 1 0,
6, 7, ARMY,, UNIT_SETTLER 2 2,UNIT_BUILDER 2 0,UNIT_WARRIOR 1 0,UNIT_CREE_OKIHTCITAW 2 0,UNIT_VAMPIRE 1 0,
6, 7, ARMY,, UNIT_SETTLER 1 0,UNIT_BUILDER 1 1,UNIT_SCOUT 2 0,UNIT_WARRIOR 2 0,
6, 7, ARMY,, UNIT_SETTLER 2 5,UNIT_BUILDER 1 0,UNIT_SCOUT 1 0,UNIT_WARRIOR 1 0,
6, 7, ARMY,, 
6, 7, ARMY,, 
6, 7, ARMY,, 
6, 7, ARMY,, 
6, 7, ARMY,, 
6, 7, ARMY,, 
6, 7, ARMY,, 
6, 7, ARMY,, 
6, 7, ARMY,, 
6, 7, ARMY,, 
6, 7, ARMY,, 
6, 7, ARMY,, 
6, 8, START LOG, , YIELD_FOOD 0.00 +/- 0.00,YIELD_PRODUCTION 0.00 +/- 0.00,YIELD_GOLD 0.00 +/- 0.00,YIELD_SCIENCE 0.00 +/- 0.00,YIELD_CULTURE 0.00 +/- 0.00,YIELD_FAITH 0.00 +/- 0.00,
6, 8, TRADE, TO -1, VAL 2.25
6, 8, CITY, 55:35, 0, 2, 100, 40.00, 1, 1, 8, 18, 0, Is original capital, Is capital
6, 8, ARMY,, 
6, 8, ARMY,, 
6, 8, ARMY,, 
6, 8, ARMY,, 
6, 8, ARMY,, 
6, 8, ARMY,, UNIT_BUILDER 1 1,
6, 8, ARMY,, 
6, 8, ARMY,, 
6, 8, ARMY,, UNIT_SETTLER 1 5,UNIT_BUILDER 1 0,UNIT_WARRIOR 2 0,
6, 8, ARMY,, 
6, 8, ARMY,, 
6, 8, ARMY,, 
6, 8, ARMY,, 
6, 8, ARMY,, 
6, 8, ARMY,, 
6, 8, ARMY,, 
6, 8, ARMY,, 
6, 8, ARMY,, 
6, 8, ARMY,, 
6, 8, ARMY,, 
6, 9, START LOG, , YIELD_FOOD 0.00 +/- 0.00,YIELD_PRODUCTION 0.00 +/- 0.00,YIELD_GOLD 0.00 +/- 0.00,YIELD_SCIENCE 0.00 +/- 0.00,YIELD_CULTURE 0.00 +/- 0.00,YIELD_FAITH 0.00 +/- 0.00,
6, 9, TRADE, TO -1, VAL 0.00
6, 9, CITY, 64:1, 0, 2, 100, 40.00, 1, 1, 8, 22, 0, Is original capital, Is capital
6, 9, ARMY,, 
6, 9, ARMY,, 
6, 9, ARMY,, 
6, 9, ARMY,, 
6, 9, ARMY,, 
6, 9, ARMY,, 
6, 9, ARMY,, 
6, 9, ARMY,, 
6, 9, ARMY,, 
6, 9, ARMY,, UNIT_SETTLER 1 5,UNIT_WARRIOR 2 0,
6, 9, ARMY,, 
6, 9, ARMY,, 
6, 9, ARMY,, 
6, 9, ARMY,, 
6, 9, ARMY,, 
6, 9, ARMY,, 
6, 9, ARMY,, 
6, 9, ARMY,, 
6, 9, ARMY,, 
6, 9, ARMY,, 
6, 10, START LOG, , YIELD_FOOD 0.00 +/- 0.00,YIELD_PRODUCTION 0.00 +/- 0.00,YIELD_GOLD 0.00 +/- 0.00,YIELD_SCIENCE 0.00 +/- 0.00,YIELD_CULTURE 0.00 +/- 0.00,YIELD_FAITH 0.00 +/- 0.00,
6, 10, TRADE, TO -1, VAL 0.00
6, 10, CITY, 58:65, 0, 3, 100, 40.00, 1, 1, 8, 25, 0, Is original capital, Is capital
6, 10, ARMY,, 
6, 10, ARMY,, 
6, 10, ARMY,, 
6, 10, ARMY,, 
6, 10, ARMY,, 
6, 10, ARMY,, 
6, 10, ARMY,, 
6, 10, ARMY,, 
6, 10, ARMY,, 
6, 10, ARMY,, 
6, 10, ARMY,, UNIT_SETTLER 1 5,UNIT_BUILDER 1 0,UNIT_WARRIOR 2 0,
6, 10, ARMY,, 
6, 10, ARMY,, 
6, 10, ARMY,, 
6, 10, ARMY,, 
6, 10, ARMY,, 
6, 10, ARMY,, 
6, 10, ARMY,, 
6, 10, ARMY,, 
6, 10, ARMY,, 
6, 11, START LOG, , YIELD_FOOD 0.00 +/- 0.00,YIELD_PRODUCTION 0.00 +/- 0.00,YIELD_GOLD 0.00 +/- 0.00,YIELD_SCIENCE 0.00 +/- 0.00,YIELD_CULTURE 0.00 +/- 0.00,YIELD_FAITH 0.00 +/- 0.00,
6, 11, TRADE, TO -1, VAL 0.00
6, 11, CITY, 70:13, 0, 2, 100, 40.00, 1, 1, 13, 20, 0, Is original capital, Is capital
6, 11, ARMY,, 
6, 11, ARMY,, 
6, 11, ARMY,, 
6, 11, ARMY,, 
6, 11, ARMY,, 
6, 11, ARMY,, 
6, 11, ARMY,, 
6, 11, ARMY,, 
6, 11, ARMY,, 
6, 11, ARMY,, 
6, 11, ARMY,, 
6, 11, ARMY,, UNIT_SETTLER 1 5,UNIT_BUILDER 1 0,UNIT_WARRIOR 2 0,
6, 11, ARMY,, 
6, 11, ARMY,, 
6, 11, ARMY,, 
6, 11, ARMY,, 
6, 11, ARMY,, 
6, 11, ARMY,, 
6, 11, ARMY,, 
6, 11, ARMY,, 
6, 12, START LOG, , YIELD_FOOD 0.00 +/- 0.00,YIELD_PRODUCTION 0.00 +/- 0.00,YIELD_GOLD 0.00 +/- 0.00,YIELD_SCIENCE 0.00 +/- 0.00,YIELD_CULTURE 0.00 +/- 0.00,YIELD_FAITH 0.00 +/- 0.00,
6, 12, TRADE, TO -1, VAL 0.00
6, 12, CITY, 25:23, 0, 2, 100, 40.00, 1, 1, 8, 20, 0, Is original capital, Is capital
6, 12, ARMY,, 
6, 12, ARMY,, 
6, 12, ARMY,, 
6, 12, ARMY,, 
6, 12, ARMY,, 
6, 12, ARMY,, 
6, 12, ARMY,, 
6, 12, ARMY,, 
6, 12, ARMY,, 
6, 12, ARMY,, 
6, 12, ARMY,, 
6, 12, ARMY,, 
6, 12, ARMY,, UNIT_SETTLER 1 5,UNIT_BUILDER 1 0,UNIT_WARRIOR 2 0,
6, 12, ARMY,, 
6, 12, ARMY,, 
6, 12, ARMY,, 
6, 12, ARMY,, 
6, 12, ARMY,, 
6, 12, ARMY,, 
6, 12, ARMY,, 
6, 13, START LOG, , YIELD_FOOD 0.00 +/- 0.00,YIELD_PRODUCTION 0.00 +/- 0.00,YIELD_GOLD 0.00 +/- 0.00,YIELD_SCIENCE 0.00 +/- 0.00,YIELD_CULTURE 0.00 +/- 0.00,YIELD_FAITH 0.00 +/- 0.00,
6, 13, TRADE, TO -1, VAL 0.00
6, 13, CITY, 41:49, 0, 2, 100, 40.00, 1, 1, 13, 19, 0, Is original capital, Is capital
6, 13, ARMY,, 
6, 13, ARMY,, 
6, 13, ARMY,, 
6, 13, ARMY,, 
6, 13, ARMY,, 
6, 13, ARMY,, 
6, 13, ARMY,, 
6, 13, ARMY,, 
6, 13, ARMY,, 
6, 13, ARMY,, 
6, 13, ARMY,, 
6, 13, ARMY,, 
6, 13, ARMY,, 
6, 13, ARMY,, UNIT_SETTLER 1 5,UNIT_BUILDER 1 0,UNIT_WARRIOR 2 0,
6, 13, ARMY,, 
6, 13, ARMY,, 
6, 13, ARMY,, 
6, 13, ARMY,, 
6, 13, ARMY,, 
6, 13, ARMY,, 
6, 14, START LOG, , YIELD_FOOD 0.00 +/- 0.00,YIELD_PRODUCTION 0.00 +/- 0.00,YIELD_GOLD 0.00 +/- 0.00,YIELD_SCIENCE 0.00 +/- 0.00,YIELD_CULTURE 0.00 +/- 0.00,YIELD_FAITH 0.00 +/- 0.00,
6, 14, TRADE, TO -1, VAL 1.80
6, 14, CITY, 54:27, 0, 2, 100, 40.00, 1, 1, 8, 20, 0, Is original capital, Is capital
6, 14, ARMY,, 
6, 14, ARMY,, 
6, 14, ARMY,, 
6, 14, ARMY,, 
6, 14, ARMY,, 
6, 14, ARMY,, 
6, 14, ARMY,, 
6, 14, ARMY,, 
6, 14, ARMY,, 
6, 14, ARMY,, 
6, 14, ARMY,, 
6, 14, ARMY,, 
6, 14, ARMY,, 
6, 14, ARMY,, 
6, 14, ARMY,, UNIT_SETTLER 1 5,UNIT_BUILDER 1 0,UNIT_WARRIOR 2 0,
6, 14, ARMY,, 
6, 14, ARMY,, 
6, 14, ARMY,, 
6, 14, ARMY,, 
6, 14, ARMY,, 
6, 15, START LOG, , YIELD_FOOD 0.00 +/- 0.00,YIELD_PRODUCTION 0.00 +/- 0.00,YIELD_GOLD 0.00 +/- 0.00,YIELD_SCIENCE 0.00 +/- 0.00,YIELD_CULTURE 0.00 +/- 0.00,YIELD_FAITH 0.00 +/- 0.00,
6, 15, TRADE, TO -1, VAL 0.00
6, 15, CITY, 45:34, 0, 3, 100, 40.00, 1, 1, 8, 23, 0, Is original capital, Is capital
6, 15, ARMY,, 
6, 15, ARMY,, 
6, 15, ARMY,, 
6, 15, ARMY,, 
6, 15, ARMY,, 
6, 15, ARMY,, 
6, 15, ARMY,, 
6, 15, ARMY,, 
6, 15, ARMY,, 
6, 15, ARMY,, 
6, 15, ARMY,, 
6, 15, ARMY,, 
6, 15, ARMY,, 
6, 15, ARMY,, 
6, 15, ARMY,, 
6, 15, ARMY,, UNIT_SETTLER 1 5,UNIT_BUILDER 1 0,UNIT_WARRIOR 2 0,
6, 15, ARMY,, 
6, 15, ARMY,, 
6, 15, ARMY,, 
6, 15, ARMY,, 
6, 16, START LOG, , YIELD_FOOD 0.00 +/- 0.00,YIELD_PRODUCTION 0.00 +/- 0.00,YIELD_GOLD 0.00 +/- 0.00,YIELD_SCIENCE 0.00 +/- 0.00,YIELD_CULTURE 0.00 +/- 0.00,YIELD_FAITH 0.00 +/- 0.00,
6, 16, TRADE, TO -1, VAL 0.00
6, 16, CITY, 14:16, 0, 2, 100, 40.00, 1, 1, 8, 20, 0, Is original capital, Is capital
6, 16, ARMY,, 
6, 16, ARMY,, 
6, 16, ARMY,, 
6, 16, ARMY,, 
6, 16, ARMY,, 
6, 16, ARMY,, 
6, 16, ARMY,, 
6, 16, ARMY,, 
6, 16, ARMY,, 
6, 16, ARMY,, 
6, 16, ARMY,, 
6, 16, ARMY,, 
6, 16, ARMY,, 
6, 16, ARMY,, 
6, 16, ARMY,, 
6, 16, ARMY,, 
6, 16, ARMY,, UNIT_SETTLER 1 5,UNIT_BUILDER 1 0,UNIT_WARRIOR 2 0,
6, 16, ARMY,, 
6, 16, ARMY,, 
6, 16, ARMY,, 
6, 17, START LOG, , YIELD_FOOD 0.00 +/- 0.00,YIELD_PRODUCTION 0.00 +/- 0.00,YIELD_GOLD 0.00 +/- 0.00,YIELD_SCIENCE 0.00 +/- 0.00,YIELD_CULTURE 0.00 +/- 0.00,YIELD_FAITH 0.00 +/- 0.00,
6, 17, TRADE, TO -1, VAL 0.00
6, 17, CITY, 10:59, 0, 2, 100, 40.00, 1, 1, 8, 19, 1, Is original capital, Is capital
6, 17, ARMY,, 
6, 17, ARMY,, 
6, 17, ARMY,, 
6, 17, ARMY,, 
6, 17, ARMY,, 
6, 17, ARMY,, 
6, 17, ARMY,, 
6, 17, ARMY,, 
6, 17, ARMY,, 
6, 17, ARMY,, 
6, 17, ARMY,, 
6, 17, ARMY,, 
6, 17, ARMY,, 
6, 17, ARMY,, 
6, 17, ARMY,, 
6, 17, ARMY,, 
6, 17, ARMY,, 
6, 17, ARMY,, UNIT_SETTLER 1 5,UNIT_BUILDER 1 0,UNIT_WARRIOR 2 0,
6, 17, ARMY,, 
6, 17, ARMY,, 
6, 62, START LOG, , YIELD_FOOD 0.00 +/- 0.00,YIELD_PRODUCTION 0.00 +/- 0.00,YIELD_GOLD 0.00 +/- 0.00,YIELD_SCIENCE 0.00 +/- 0.00,YIELD_CULTURE 0.00 +/- 0.00,YIELD_FAITH 0.00 +/- 0.00,
6, 62, TRADE, TO -1, VAL 0.00
6, 62, ARMY,, 
6, 62, ARMY,, 
6, 62, ARMY,, 
6, 62, ARMY,, 
6, 62, ARMY,, 
6, 62, ARMY,, 
6, 62, ARMY,, 
6, 62, ARMY,, 
6, 62, ARMY,, 
6, 62, ARMY,, 
6, 62, ARMY,, 
6, 62, ARMY,, 
6, 62, ARMY,, 
6, 62, ARMY,, 
6, 62, ARMY,, 
6, 62, ARMY,, 
6, 62, ARMY,, 
6, 62, ARMY,, 
6, 62, ARMY,, 
6, 62, ARMY,, 
6, 63, START LOG, , YIELD_FOOD 0.00 +/- 0.00,YIELD_PRODUCTION 0.00 +/- 0.00,YIELD_GOLD 0.00 +/- 0.00,YIELD_SCIENCE 0.00 +/- 0.00,YIELD_CULTURE 0.00 +/- 0.00,YIELD_FAITH 0.00 +/- 0.00,
6, 63, TRADE, TO -1, VAL 0.00
6, 63, ARMY,, 
6, 63, ARMY,, 
6, 63, ARMY,, 
6, 63, ARMY,, 
6, 63, ARMY,, 
6, 63, ARMY,, 
6, 63, ARMY,, 
6, 63, ARMY,, 
6, 63, ARMY,, 
6, 63, ARMY,, 
6, 63, ARMY,, 
6, 63, ARMY,, 
6, 63, ARMY,, 
6, 63, ARMY,, 
6, 63, ARMY,, 
6, 63, ARMY,, 
6, 63, ARMY,, 
6, 63, ARMY,, 
6, 63, ARMY,, 
6, 63, ARMY,, 
6, 0, START LOG, , YIELD_FOOD 7.75 +/- 1.71,YIELD_PRODUCTION 7.75 +/- 2.06,YIELD_GOLD 5.00 +/- 0.00,YIELD_SCIENCE 3.25 +/- 0.49,YIELD_CULTURE 1.75 +/- 0.49,YIELD_FAITH 0.00 +/- 0.00,
6, 0, TRADE, TO -1, VAL 0.00
6, 0, CITY, 33:13, 0, 2, 100, 28.00, 1, 1, 3, 26, 0, Is original capital, Is capital
6, 0, CITY, 11:25, 0, 3, 100, 20.00, 1, 1, 3, 30, 0, Is original capital, Is capital
6, 0, CITY, 10:41, 0, 2, 100, 28.00, 1, 1, 3, 27, 1, Is original capital, Is capital
6, 0, CITY, 31:62, 0, 2, 100, 28.00, 1, 1, 3, 25, 0, Is original capital, Is capital
6, 0, ARMY,, UNIT_SETTLER 1 5,UNIT_SCOUT 1 0,UNIT_WARRIOR 1 0,UNIT_VAMPIRE 1 0,
6, 0, ARMY,, UNIT_SETTLER 1 5,UNIT_BUILDER 1 0,UNIT_WARRIOR 1 0,UNIT_BABYLONIAN_SABUM_KIBITTUM 1 0,
6, 0, ARMY,, UNIT_SETTLER 1 5,UNIT_SCOUT 1 0,UNIT_WARRIOR 1 0,
6, 0, ARMY,, UNIT_SETTLER 1 5,UNIT_SCOUT 1 0,UNIT_WARRIOR 1 0,UNIT_VAMPIRE 1 0,
6, 0, ARMY,, 
6, 0, ARMY,, 
6, 0, ARMY,, 
6, 0, ARMY,, 
6, 0, ARMY,, 
6, 0, ARMY,, 
6, 0, ARMY,, 
6, 0, ARMY,, 
6, 0, ARMY,, 
6, 0, ARMY,, 
6, 0, ARMY,, 
6, 0, ARMY,, 
6, 0, ARMY,, 
6, 0, ARMY,, 
6, 0, ARMY,, 
6, 0, ARMY,, 
6, 1, START LOG, , YIELD_FOOD 7.75 +/- 1.71,YIELD_PRODUCTION 7.75 +/- 2.06,YIELD_GOLD 5.00 +/- 0.00,YIELD_SCIENCE 3.25 +/- 0.49,YIELD_CULTURE 1.75 +/- 0.49,YIELD_FAITH 0.00 +/- 0.00,
6, 1, TRADE, TO -1, VAL 0.00
6, 1, CITY, 33:13, 0, 2, 100, 28.00, 1, 1, 3, 26, 0, Is original capital, Is capital
6, 1, CITY, 11:25, 0, 3, 100, 20.00, 1, 1, 3, 30, 0, Is original capital, Is capital
6, 1, CITY, 10:41, 0, 3, 100, 28.00, 1, 1, 3, 32, 1, Is original capital, Is capital
6, 1, CITY, 31:62, 0, 2, 100, 28.00, 1, 1, 3, 25, 0, Is original capital, Is capital
6, 1, ARMY,, UNIT_SETTLER 1 5,UNIT_SCOUT 1 0,UNIT_WARRIOR 1 0,UNIT_VAMPIRE 1 0,
6, 1, ARMY,, UNIT_SETTLER 1 5,UNIT_BUILDER 1 0,UNIT_WARRIOR 1 0,UNIT_BABYLONIAN_SABUM_KIBITTUM 1 0,
6, 1, ARMY,, UNIT_SETTLER 1 5,UNIT_SCOUT 1 0,UNIT_WARRIOR 1 0,
6, 1, ARMY,, UNIT_SETTLER 1 5,UNIT_SCOUT 1 0,UNIT_WARRIOR 1 0,UNIT_VAMPIRE 1 0,
6, 1, ARMY,, 
6, 1, ARMY,, 
6, 1, ARMY,, 
6, 1, ARMY,, 
6, 1, ARMY,, 
6, 1, ARMY,, 
6, 1, ARMY,, 
6, 1, ARMY,, 
6, 1, ARMY,, 
6, 1, ARMY,, 
6, 1, ARMY,, 
6, 1, ARMY,, 
6, 1, ARMY,, 
6, 1, ARMY,, 
6, 1, ARMY,, 
6, 1, ARMY,, 
6, 2, START LOG, , YIELD_FOOD 8.75 +/- 3.09,YIELD_PRODUCTION 8.25 +/- 1.25,YIELD_GOLD 5.00 +/- 0.00,YIELD_SCIENCE 3.25 +/- 0.49,YIELD_CULTURE 1.75 +/- 0.49,YIELD_FAITH 0.00 +/- 0.00,
6, 2, TRADE, TO -1, VAL 0.00
6, 2, CITY, 33:13, 0, 2, 100, 28.00, 1, 1, 3, 26, 0, Is original capital, Is capital
6, 2, CITY, 11:25, 0, 3, 100, 20.00, 1, 1, 3, 30, 0, Is original capital, Is capital
6, 2, CITY, 10:41, 0, 3, 100, 28.00, 1, 1, 3, 32, 1, Is original capital, Is capital
6, 2, CITY, 31:62, 0, 2, 100, 28.00, 1, 1, 3, 25, 0, Is original capital, Is capital
6, 2, ARMY,, UNIT_SETTLER 1 7,UNIT_SCOUT 1 0,UNIT_WARRIOR 1 0,UNIT_VAMPIRE 1 0,
6, 2, ARMY,, UNIT_SETTLER 1 7,UNIT_BUILDER 1 0,UNIT_WARRIOR 1 0,UNIT_BABYLONIAN_SABUM_KIBITTUM 1 0,
6, 2, ARMY,, UNIT_SETTLER 1 7,UNIT_SCOUT 1 0,UNIT_WARRIOR 1 0,
6, 2, ARMY,, UNIT_SETTLER 1 7,UNIT_SCOUT 1 0,UNIT_WARRIOR 1 0,UNIT_VAMPIRE 1 0,
6, 2, ARMY,, 
6, 2, ARMY,, 
6, 2, ARMY,, 
6, 2, ARMY,, 
6, 2, ARMY,, 
6, 2, ARMY,, 
6, 2, ARMY,, 
6, 2, ARMY,, 
6, 2, ARMY,, 
6, 2, ARMY,, 
6, 2, ARMY,, 
6, 2, ARMY,, 
6, 2, ARMY,, 
6, 2, ARMY,, 
6, 2, ARMY,, 
6, 2, ARMY,, 
6, 3, START LOG, , YIELD_FOOD 8.50 +/- 3.11,YIELD_PRODUCTION 8.25 +/- 1.25,YIELD_GOLD 5.00 +/- 0.00,YIELD_SCIENCE 3.25 +/- 0.49,YIELD_CULTURE 1.75 +/- 0.49,YIELD_FAITH 0.00 +/- 0.00,
6, 3, TRADE, TO -1, VAL 0.00
6, 3, CITY, 33:13, 0, 2, 100, 28.00, 1, 1, 3, 26, 0, Is original capital, Is capital
6, 3, CITY, 11:25, 0, 3, 100, 20.00, 1, 1, 3, 30, 0, Is original capital, Is capital
6, 3, CITY, 10:41, 0, 3, 100, 28.00, 1, 1, 3, 32, 1, Is original capital, Is capital
6, 3, CITY, 31:62, 0, 2, 100, 28.00, 1, 1, 3, 25, 0, Is original capital, Is capital
6, 3, ARMY,, UNIT_SETTLER 1 6,UNIT_SCOUT 1 0,UNIT_WARRIOR 1 0,UNIT_VAMPIRE 1 0,
6, 3, ARMY,, UNIT_SETTLER 1 6,UNIT_BUILDER 1 0,UNIT_WARRIOR 1 0,UNIT_BABYLONIAN_SABUM_KIBITTUM 1 0,
6, 3, ARMY,, UNIT_SETTLER 1 6,UNIT_SCOUT 1 0,UNIT_WARRIOR 1 0,
6, 3, ARMY,, UNIT_SETTLER 1 6,UNIT_SCOUT 1 0,UNIT_WARRIOR 1 0,UNIT_VAMPIRE 1 0,
6, 3, ARMY,, 
6, 3, ARMY,, 
6, 3, ARMY,, 
6, 3, ARMY,, 
6, 3, ARMY,, 
6, 3, ARMY,, 
6, 3, ARMY,, 
6, 3, ARMY,, 
6, 3, ARMY,, 
6, 3, ARMY,, 
6, 3, ARMY,, 
6, 3, ARMY,, 
6, 3, ARMY,, 
6, 3, ARMY,, 
6, 3, ARMY,, 
6, 3, ARMY,, 
6, 0, START LOG, , YIELD_FOOD 9.00 +/- 2.82,YIELD_PRODUCTION 8.00 +/- 0.81,YIELD_GOLD 5.00 +/- 0.00,YIELD_SCIENCE 3.25 +/- 0.49,YIELD_CULTURE 1.75 +/- 0.49,YIELD_FAITH 0.00 +/- 0.00,
6, 0, TRADE, TO -1, VAL 0.00
6, 0, CITY, 33:13, 0, 2, 100, 28.00, 1, 1, 3, 28, 0, Is original capital, Is capital
6, 0, CITY, 11:25, 0, 3, 100, 20.00, 1, 1, 3, 32, 0, Is original capital, Is capital
6, 0, CITY, 10:41, 0, 3, 100, 28.00, 1, 1, 3, 31, 1, Is original capital, Is capital
6, 0, CITY, 31:62, 0, 2, 100, 28.00, 1, 1, 3, 27, 0, Is original capital, Is capital
6, 0, ARMY,, UNIT_SETTLER 1 6,UNIT_SCOUT 1 0,UNIT_WARRIOR 1 0,UNIT_VAMPIRE 1 0,
6, 0, ARMY,, UNIT_SETTLER 1 6,UNIT_BUILDER 1 0,UNIT_WARRIOR 1 0,UNIT_BABYLONIAN_SABUM_KIBITTUM 1 0,
6, 0, ARMY,, UNIT_SETTLER 1 6,UNIT_SCOUT 1 0,UNIT_WARRIOR 1 0,
6, 0, ARMY,, UNIT_SETTLER 1 6,UNIT_BUILDER 1 0,UNIT_SCOUT 1 0,UNIT_WARRIOR 1 0,UNIT_VAMPIRE 1 0,
6, 0, ARMY,, 
6, 0, ARMY,, 
6, 0, ARMY,, 
6, 0, ARMY,, 
6, 0, ARMY,, 
6, 0, ARMY,, 
6, 0, ARMY,, 
6, 0, ARMY,, 
6, 0, ARMY,, 
6, 0, ARMY,, 
6, 0, ARMY,, 
6, 0, ARMY,, 
6, 0, ARMY,, 
6, 0, ARMY,, 
6, 0, ARMY,, 
6, 0, ARMY,, 
7, 4, START LOG, , YIELD_FOOD 6.71 +/- 0.94,YIELD_PRODUCTION 10.55 +/- 5.65,YIELD_GOLD 6.42 +/- 5.06,YIELD_SCIENCE 2.41 +/- 1.80,YIELD_CULTURE 0.70 +/- 0.47,YIELD_FAITH 0.57 +/- 1.13,
7, 4, TRADE, TO -1, VAL 0.00
7, 4, CITY, 49:61, 0, 3, 100, 20.00, 1, 1, 3, 39, 0, Is original capital, Is capital
7, 4, CITY, 50:15, 0, 2, 100, 20.00, 1, 1, 3, 34, 0, Is original capital, Is capital
7, 4, CITY, 64:33, 0, 2, 100, 20.00, 1, 1, 3, 44, 0, Is original capital, Is capital
7, 4, CITY, 61:44, 0, 2, 100, 29.00, 1, 1, 3, 39, 0, Is original capital, Is capital
7, 4, CITY, 46:63, 0, 2, 100, 20.00, 1, 1, 0, 18, 0, Not original capital, Not capital
7, 4, CITY, 55:35, 0, 2, 100, 40.00, 1, 1, 8, 18, 0, Is original capital, Is capital
7, 4, CITY, 60:48, 0, 1, 100, 20.00, 1, 1, 5, 12, 0, Not original capital, Not capital
7, 4, CITY, 54:27, 0, 2, 100, 40.00, 1, 1, 8, 20, 0, Is original capital, Is capital
7, 4, ARMY,, 
7, 4, ARMY,, 
7, 4, ARMY,, 
7, 4, ARMY,, 
7, 4, ARMY,, UNIT_SETTLER 3 6,UNIT_BUILDER 2 0,UNIT_SCOUT 2 0,UNIT_AZTEC_EAGLE_WARRIOR 1 0,
7, 4, ARMY,, UNIT_SETTLER 3 6,UNIT_BUILDER 2 0,UNIT_WARRIOR 1 0,UNIT_CREE_OKIHTCITAW 2 0,UNIT_VAMPIRE 1 0,
7, 4, ARMY,, UNIT_SETTLER 2 6,UNIT_BUILDER 1 1,UNIT_SCOUT 2 0,UNIT_WARRIOR 2 0,
7, 4, ARMY,, UNIT_SETTLER 2 6,UNIT_BUILDER 1 0,UNIT_SCOUT 1 0,UNIT_WARRIOR 1 0,
7, 4, ARMY,, UNIT_WARRIOR 2 1,
7, 4, ARMY,, 
7, 4, ARMY,, 
7, 4, ARMY,, 
7, 4, ARMY,, 
7, 4, ARMY,, 
7, 4, ARMY,, UNIT_BUILDER 1 0,UNIT_WARRIOR 2 0,
7, 4, ARMY,, 
7, 4, ARMY,, 
7, 4, ARMY,, 
7, 4, ARMY,, 
7, 4, ARMY,, 
7, 5, START LOG, , YIELD_FOOD 6.71 +/- 0.94,YIELD_PRODUCTION 10.55 +/- 5.65,YIELD_GOLD 6.42 +/- 5.06,YIELD_SCIENCE 2.41 +/- 1.80,YIELD_CULTURE 0.99 +/- 0.99,YIELD_FAITH 0.57 +/- 1.13,
7, 5, TRADE, TO -1, VAL 0.00
7, 5, CITY, 49:61, 0, 3, 100, 20.00, 1, 1, 3, 39, 0, Is original capital, Is capital
7, 5, CITY, 61:44, 0, 3, 100, 29.00, 1, 1, 3, 45, 0, Is original capital, Is capital
7, 5, CITY, 50:15, 0, 2, 100, 20.00, 1, 1, 3, 34, 0, Is original capital, Is capital
7, 5, CITY, 64:33, 0, 2, 100, 20.00, 1, 1, 3, 44, 0, Is original capital, Is capital
7, 5, CITY, 46:63, 0, 2, 100, 20.00, 1, 1, 0, 18, 0, Not original capital, Not capital
7, 5, CITY, 55:35, 0, 2, 100, 40.00, 1, 1, 8, 18, 0, Is original capital, Is capital
7, 5, CITY, 60:48, 0, 2, 100, 20.00, 1, 1, 5, 18, 0, Not original capital, Not capital
7, 5, CITY, 54:27, 0, 2, 100, 40.00, 1, 1, 8, 20, 0, Is original capital, Is capital
7, 5, ARMY,, 
7, 5, ARMY,, 
7, 5, ARMY,, 
7, 5, ARMY,, 
7, 5, ARMY,, UNIT_SETTLER 2 3,UNIT_BUILDER 2 0,UNIT_SCOUT 2 0,UNIT_AZTEC_EAGLE_WARRIOR 1 0,
7, 5, ARMY,, UNIT_SETTLER 3 6,UNIT_BUILDER 2 0,UNIT_WARRIOR 1 0,UNIT_CREE_OKIHTCITAW 2 0,UNIT_VAMPIRE 1 0,
7, 5, ARMY,, UNIT_SETTLER 2 6,UNIT_BUILDER 1 1,UNIT_SCOUT 2 0,UNIT_WARRIOR 2 0,
7, 5, ARMY,, UNIT_SETTLER 2 6,UNIT_BUILDER 1 0,UNIT_SCOUT 1 0,UNIT_WARRIOR 1 0,
7, 5, ARMY,, UNIT_WARRIOR 2 1,
7, 5, ARMY,, 
7, 5, ARMY,, 
7, 5, ARMY,, 
7, 5, ARMY,, 
7, 5, ARMY,, 
7, 5, ARMY,, UNIT_BUILDER 1 0,UNIT_WARRIOR 2 0,
7, 5, ARMY,, 
7, 5, ARMY,, 
7, 5, ARMY,, 
7, 5, ARMY,, 
7, 5, ARMY,, 
7, 6, START LOG, , YIELD_FOOD 6.75 +/- 0.88,YIELD_PRODUCTION 9.63 +/- 5.88,YIELD_GOLD 6.25 +/- 4.71,YIELD_SCIENCE 2.50 +/- 1.69,YIELD_CULTURE 1.13 +/- 0.98,YIELD_FAITH 0.50 +/- 1.06,
7, 6, TRADE, TO -1, VAL 0.00
7, 6, CITY, 61:44, 0, 3, 100, 29.00, 1, 1, 13, 45, 0, Is original capital, Is capital
7, 6, CITY, 49:61, 0, 3, 100, 20.00, 1, 1, 3, 39, 0, Is original capital, Is capital
7, 6, CITY, 64:33, 0, 3, 100, 21.00, 1, 1, 3, 49, 0, Is original capital, Is capital
7, 6, CITY, 50:15, 0, 2, 100, 20.00, 1, 1, 3, 34, 0, Is original capital, Is capital
7, 6, CITY, 55:35, 0, 2, 100, 40.00, 1, 1, 8, 18, 0, Is original capital, Is capital
7, 6, CITY, 60:48, 0, 2, 100, 20.00, 1, 1, 0, 18, 0, Not original capital, Not capital
7, 6, CITY, 46:63, 0, 2, 100, 20.00, 1, 1, 0, 18, 0, Not original capital, Not capital
7, 6, CITY, 54:27, 0, 2, 100, 40.00, 1, 1, 8, 20, 0, Is original capital, Is capital
7, 6, ARMY,, 
7, 6, ARMY,, 
7, 6, ARMY,, 
7, 6, ARMY,, 
7, 6, ARMY,, UNIT_SETTLER 2 3,UNIT_BUILDER 2 0,UNIT_SCOUT 2 0,UNIT_AZTEC_EAGLE_WARRIOR 1 0,
7, 6, ARMY,, UNIT_SETTLER 2 3,UNIT_BUILDER 2 0,UNIT_WARRIOR 1 0,UNIT_CREE_OKIHTCITAW 2 0,UNIT_VAMPIRE 1 0,
7, 6, ARMY,, UNIT_SETTLER 2 6,UNIT_BUILDER 1 1,UNIT_SCOUT 2 0,UNIT_WARRIOR 2 0,
7, 6, ARMY,, UNIT_SETTLER 2 6,UNIT_BUILDER 1 0,UNIT_SCOUT 1 0,UNIT_WARRIOR 1 0,
7, 6, ARMY,, 
7, 6, ARMY,, 
7, 6, ARMY,, 
7, 6, ARMY,, 
7, 6, ARMY,, 
7, 6, ARMY,, 
7, 6, ARMY,, UNIT_BUILDER 1 0,UNIT_WARRIOR 2 0,
7, 6, ARMY,, 
7, 6, ARMY,, 
7, 6, ARMY,, 
7, 6, ARMY,, 
7, 6, ARMY,, 
7, 7, START LOG, , YIELD_FOOD 6.75 +/- 0.88,YIELD_PRODUCTION 9.63 +/- 5.88,YIELD_GOLD 6.25 +/- 4.71,YIELD_SCIENCE 2.50 +/- 1.69,YIELD_CULTURE 1.13 +/- 0.98,YIELD_FAITH 0.50 +/- 1.06,
7, 7, TRADE, TO -1, VAL 0.00
7, 7, CITY, 64:33, 0, 3, 100, 21.00, 1, 1, 3, 49, 0, Is original capital, Is capital
7, 7, CITY, 61:44, 0, 3, 100, 29.00, 1, 1, 13, 45, 0, Is original capital, Is capital
7, 7, CITY, 49:61, 0, 3, 100, 20.00, 1, 1, 3, 39, 0, Is original capital, Is capital
7, 7, CITY, 50:15, 0, 2, 100, 20.00, 1, 1, 3, 34, 0, Is original capital, Is capital
7, 7, CITY, 55:35, 0, 2, 100, 40.00, 1, 1, 8, 18, 0, Is original capital, Is capital
7, 7, CITY, 60:48, 0, 2, 100, 20.00, 1, 1, 0, 18, 0, Not original capital, Not capital
7, 7, CITY, 46:63, 0, 2, 100, 20.00, 1, 1, 0, 18, 0, Not original capital, Not capital
7, 7, CITY, 54:27, 0, 2, 100, 40.00, 1, 1, 8, 20, 0, Is original capital, Is capital
7, 7, ARMY,, 
7, 7, ARMY,, 
7, 7, ARMY,, 
7, 7, ARMY,, 
7, 7, ARMY,, UNIT_SETTLER 2 3,UNIT_BUILDER 2 0,UNIT_SCOUT 2 0,UNIT_AZTEC_EAGLE_WARRIOR 1 0,
7, 7, ARMY,, UNIT_SETTLER 2 3,UNIT_BUILDER 2 0,UNIT_WARRIOR 1 0,UNIT_CREE_OKIHTCITAW 2 0,UNIT_VAMPIRE 1 0,
7, 7, ARMY,, UNIT_SETTLER 1 0,UNIT_BUILDER 2 2,UNIT_SCOUT 2 0,UNIT_WARRIOR 2 0,
7, 7, ARMY,, UNIT_SETTLER 2 6,UNIT_BUILDER 2 0,UNIT_SCOUT 1 0,UNIT_WARRIOR 1 0,
7, 7, ARMY,, 
7, 7, ARMY,, 
7, 7, ARMY,, 
7, 7, ARMY,, 
7, 7, ARMY,, 
7, 7, ARMY,, 
7, 7, ARMY,, UNIT_BUILDER 1 0,UNIT_WARRIOR 2 0,
7, 7, ARMY,, 
7, 7, ARMY,, 
7, 7, ARMY,, 
7, 7, ARMY,, 
7, 7, ARMY,, 
7, 8, START LOG, , YIELD_FOOD 0.00 +/- 0.00,YIELD_PRODUCTION 0.00 +/- 0.00,YIELD_GOLD 0.00 +/- 0.00,YIELD_SCIENCE 0.00 +/- 0.00,YIELD_CULTURE 0.00 +/- 0.00,YIELD_FAITH 0.00 +/- 0.00,
7, 8, TRADE, TO -1, VAL 2.25
7, 8, CITY, 55:35, 0, 2, 100, 40.00, 1, 1, 8, 18, 0, Is original capital, Is capital
7, 8, ARMY,, 
7, 8, ARMY,, 
7, 8, ARMY,, 
7, 8, ARMY,, 
7, 8, ARMY,, 
7, 8, ARMY,, UNIT_BUILDER 1 2,
7, 8, ARMY,, 
7, 8, ARMY,, 
7, 8, ARMY,, UNIT_SETTLER 1 6,UNIT_BUILDER 1 0,UNIT_WARRIOR 2 0,
7, 8, ARMY,, 
7, 8, ARMY,, 
7, 8, ARMY,, 
7, 8, ARMY,, 
7, 8, ARMY,, 
7, 8, ARMY,, 
7, 8, ARMY,, 
7, 8, ARMY,, 
7, 8, ARMY,, 
7, 8, ARMY,, 
7, 8, ARMY,, 
7, 9, START LOG, , YIELD_FOOD 0.00 +/- 0.00,YIELD_PRODUCTION 0.00 +/- 0.00,YIELD_GOLD 0.00 +/- 0.00,YIELD_SCIENCE 0.00 +/- 0.00,YIELD_CULTURE 0.00 +/- 0.00,YIELD_FAITH 0.00 +/- 0.00,
7, 9, TRADE, TO -1, VAL 0.00
7, 9, CITY, 64:1, 0, 2, 100, 40.00, 1, 1, 13, 22, 0, Is original capital, Is capital
7, 9, ARMY,, 
7, 9, ARMY,, 
7, 9, ARMY,, 
7, 9, ARMY,, 
7, 9, ARMY,, 
7, 9, ARMY,, 
7, 9, ARMY,, 
7, 9, ARMY,, 
7, 9, ARMY,, 
7, 9, ARMY,, UNIT_SETTLER 1 6,UNIT_BUILDER 1 0,UNIT_WARRIOR 2 0,
7, 9, ARMY,, 
7, 9, ARMY,, 
7, 9, ARMY,, 
7, 9, ARMY,, 
7, 9, ARMY,, 
7, 9, ARMY,, 
7, 9, ARMY,, 
7, 9, ARMY,, 
7, 9, ARMY,, 
7, 9, ARMY,, 
7, 10, START LOG, , YIELD_FOOD 0.00 +/- 0.00,YIELD_PRODUCTION 0.00 +/- 0.00,YIELD_GOLD 0.00 +/- 0.00,YIELD_SCIENCE 0.00 +/- 0.00,YIELD_CULTURE 0.00 +/- 0.00,YIELD_FAITH 0.00 +/- 0.00,
7, 10, TRADE, TO -1, VAL 0.00
7, 10, CITY, 58:65, 0, 3, 100, 40.00, 1, 1, 8, 25, 0, Is original capital, Is capital
7, 10, ARMY,, 
7, 10, ARMY,, 
7, 10, ARMY,, 
7, 10, ARMY,, 
7, 10, ARMY,, 
7, 10, ARMY,, 
7, 10, ARMY,, 
7, 10, ARMY,, 
7, 10, ARMY,, 
7, 10, ARMY,, 
7, 10, ARMY,, UNIT_SETTLER 1 6,UNIT_BUILDER 1 0,UNIT_WARRIOR 2 0,
7, 10, ARMY,, 
7, 10, ARMY,, 
7, 10, ARMY,, 
7, 10, ARMY,, 
7, 10, ARMY,, 
7, 10, ARMY,, 
7, 10, ARMY,, 
7, 10, ARMY,, 
7, 10, ARMY,, 
7, 11, START LOG, , YIELD_FOOD 0.00 +/- 0.00,YIELD_PRODUCTION 0.00 +/- 0.00,YIELD_GOLD 0.00 +/- 0.00,YIELD_SCIENCE 0.00 +/- 0.00,YIELD_CULTURE 0.00 +/- 0.00,YIELD_FAITH 0.00 +/- 0.00,
7, 11, TRADE, TO -1, VAL 0.00
7, 11, CITY, 70:13, 0, 2, 100, 40.00, 1, 1, 8, 20, 0, Is original capital, Is capital
7, 11, ARMY,, 
7, 11, ARMY,, 
7, 11, ARMY,, 
7, 11, ARMY,, 
7, 11, ARMY,, 
7, 11, ARMY,, 
7, 11, ARMY,, 
7, 11, ARMY,, 
7, 11, ARMY,, 
7, 11, ARMY,, 
7, 11, ARMY,, 
7, 11, ARMY,, UNIT_SETTLER 1 6,UNIT_BUILDER 1 0,UNIT_WARRIOR 2 0,
7, 11, ARMY,, 
7, 11, ARMY,, 
7, 11, ARMY,, 
7, 11, ARMY,, 
7, 11, ARMY,, 
7, 11, ARMY,, 
7, 11, ARMY,, 
7, 11, ARMY,, 
7, 12, START LOG, , YIELD_FOOD 0.00 +/- 0.00,YIELD_PRODUCTION 0.00 +/- 0.00,YIELD_GOLD 0.00 +/- 0.00,YIELD_SCIENCE 0.00 +/- 0.00,YIELD_CULTURE 0.00 +/- 0.00,YIELD_FAITH 0.00 +/- 0.00,
7, 12, TRADE, TO -1, VAL 0.00
7, 12, CITY, 25:23, 0, 3, 100, 40.00, 1, 1, 13, 23, 0, Is original capital, Is capital
7, 12, ARMY,, 
7, 12, ARMY,, 
7, 12, ARMY,, 
7, 12, ARMY,, 
7, 12, ARMY,, 
7, 12, ARMY,, 
7, 12, ARMY,, 
7, 12, ARMY,, 
7, 12, ARMY,, 
7, 12, ARMY,, 
7, 12, ARMY,, 
7, 12, ARMY,, 
7, 12, ARMY,, UNIT_SETTLER 1 6,UNIT_BUILDER 1 0,UNIT_WARRIOR 2 0,
7, 12, ARMY,, 
7, 12, ARMY,, 
7, 12, ARMY,, 
7, 12, ARMY,, 
7, 12, ARMY,, 
7, 12, ARMY,, 
7, 12, ARMY,, 
7, 13, START LOG, , YIELD_FOOD 0.00 +/- 0.00,YIELD_PRODUCTION 0.00 +/- 0.00,YIELD_GOLD 0.00 +/- 0.00,YIELD_SCIENCE 0.00 +/- 0.00,YIELD_CULTURE 0.00 +/- 0.00,YIELD_FAITH 0.00 +/- 0.00,
7, 13, TRADE, TO -1, VAL 0.00
7, 13, CITY, 41:49, 0, 2, 100, 40.00, 1, 1, 8, 19, 0, Is original capital, Is capital
7, 13, ARMY,, 
7, 13, ARMY,, 
7, 13, ARMY,, 
7, 13, ARMY,, 
7, 13, ARMY,, 
7, 13, ARMY,, 
7, 13, ARMY,, 
7, 13, ARMY,, 
7, 13, ARMY,, 
7, 13, ARMY,, 
7, 13, ARMY,, 
7, 13, ARMY,, 
7, 13, ARMY,, 
7, 13, ARMY,, UNIT_SETTLER 1 6,UNIT_BUILDER 1 0,UNIT_WARRIOR 2 0,
7, 13, ARMY,, 
7, 13, ARMY,, 
7, 13, ARMY,, 
7, 13, ARMY,, 
7, 13, ARMY,, 
7, 13, ARMY,, 
7, 14, START LOG, , YIELD_FOOD 0.00 +/- 0.00,YIELD_PRODUCTION 0.00 +/- 0.00,YIELD_GOLD 0.00 +/- 0.00,YIELD_SCIENCE 0.00 +/- 0.00,YIELD_CULTURE 0.00 +/- 0.00,YIELD_FAITH 0.00 +/- 0.00,
7, 14, TRADE, TO -1, VAL 1.80
7, 14, CITY, 54:27, 0, 2, 100, 40.00, 1, 1, 8, 20, 0, Is original capital, Is capital
7, 14, ARMY,, 
7, 14, ARMY,, 
7, 14, ARMY,, 
7, 14, ARMY,, 
7, 14, ARMY,, 
7, 14, ARMY,, UNIT_BUILDER 1 0,
7, 14, ARMY,, UNIT_SCOUT 1 1,
7, 14, ARMY,, 
7, 14, ARMY,, 
7, 14, ARMY,, 
7, 14, ARMY,, 
7, 14, ARMY,, 
7, 14, ARMY,, 
7, 14, ARMY,, 
7, 14, ARMY,, UNIT_SETTLER 1 6,UNIT_BUILDER 1 0,UNIT_WARRIOR 2 0,
7, 14, ARMY,, 
7, 14, ARMY,, 
7, 14, ARMY,, 
7, 14, ARMY,, 
7, 14, ARMY,, 
7, 15, START LOG, , YIELD_FOOD 0.00 +/- 0.00,YIELD_PRODUCTION 0.00 +/- 0.00,YIELD_GOLD 0.00 +/- 0.00,YIELD_SCIENCE 0.00 +/- 0.00,YIELD_CULTURE 0.00 +/- 0.00,YIELD_FAITH 0.00 +/- 0.00,
7, 15, TRADE, TO -1, VAL 0.00
7, 15, CITY, 45:34, 0, 3, 100, 40.00, 1, 1, 8, 24, 1, Is original capital, Is capital
7, 15, ARMY,, 
7, 15, ARMY,, 
7, 15, ARMY,, 
7, 15, ARMY,, 
7, 15, ARMY,, 
7, 15, ARMY,, 
7, 15, ARMY,, 
7, 15, ARMY,, 
7, 15, ARMY,, 
7, 15, ARMY,, 
7, 15, ARMY,, 
7, 15, ARMY,, 
7, 15, ARMY,, 
7, 15, ARMY,, 
7, 15, ARMY,, 
7, 15, ARMY,, UNIT_SETTLER 1 6,UNIT_BUILDER 1 0,UNIT_WARRIOR 2 0,
7, 15, ARMY,, 
7, 15, ARMY,, 
7, 15, ARMY,, 
7, 15, ARMY,, 
7, 16, START LOG, , YIELD_FOOD 0.00 +/- 0.00,YIELD_PRODUCTION 0.00 +/- 0.00,YIELD_GOLD 0.00 +/- 0.00,YIELD_SCIENCE 0.00 +/- 0.00,YIELD_CULTURE 0.00 +/- 0.00,YIELD_FAITH 0.00 +/- 0.00,
7, 16, TRADE, TO -1, VAL 0.00
7, 16, CITY, 14:16, 0, 2, 100, 40.00, 1, 1, 8, 20, 0, Is original capital, Is capital
7, 16, ARMY,, 
7, 16, ARMY,, 
7, 16, ARMY,, 
7, 16, ARMY,, 
7, 16, ARMY,, 
7, 16, ARMY,, 
7, 16, ARMY,, 
7, 16, ARMY,, 
7, 16, ARMY,, 
7, 16, ARMY,, 
7, 16, ARMY,, 
7, 16, ARMY,, 
7, 16, ARMY,, 
7, 16, ARMY,, 
7, 16, ARMY,, 
7, 16, ARMY,, 
7, 16, ARMY,, UNIT_SETTLER 1 6,UNIT_BUILDER 1 0,UNIT_WARRIOR 2 0,
7, 16, ARMY,, 
7, 16, ARMY,, 
7, 16, ARMY,, 
7, 17, START LOG, , YIELD_FOOD 0.00 +/- 0.00,YIELD_PRODUCTION 0.00 +/- 0.00,YIELD_GOLD 0.00 +/- 0.00,YIELD_SCIENCE 0.00 +/- 0.00,YIELD_CULTURE 0.00 +/- 0.00,YIELD_FAITH 0.00 +/- 0.00,
7, 17, TRADE, TO -1, VAL 0.00
7, 17, CITY, 10:59, 0, 2, 100, 40.00, 1, 1, 13, 19, 2, Is original capital, Is capital
7, 17, ARMY,, 
7, 17, ARMY,, 
7, 17, ARMY,, 
7, 17, ARMY,, 
7, 17, ARMY,, 
7, 17, ARMY,, 
7, 17, ARMY,, 
7, 17, ARMY,, 
7, 17, ARMY,, 
7, 17, ARMY,, 
7, 17, ARMY,, 
7, 17, ARMY,, 
7, 17, ARMY,, 
7, 17, ARMY,, 
7, 17, ARMY,, 
7, 17, ARMY,, 
7, 17, ARMY,, 
7, 17, ARMY,, UNIT_SETTLER 1 6,UNIT_BUILDER 1 0,UNIT_WARRIOR 2 0,
7, 17, ARMY,, 
7, 17, ARMY,, 
7, 62, START LOG, , YIELD_FOOD 0.00 +/- 0.00,YIELD_PRODUCTION 0.00 +/- 0.00,YIELD_GOLD 0.00 +/- 0.00,YIELD_SCIENCE 0.00 +/- 0.00,YIELD_CULTURE 0.00 +/- 0.00,YIELD_FAITH 0.00 +/- 0.00,
7, 62, TRADE, TO -1, VAL 4.79
7, 62, ARMY,, 
7, 62, ARMY,, 
7, 62, ARMY,, 
7, 62, ARMY,, 
7, 62, ARMY,, 
7, 62, ARMY,, 
7, 62, ARMY,, 
7, 62, ARMY,, 
7, 62, ARMY,, 
7, 62, ARMY,, 
7, 62, ARMY,, 
7, 62, ARMY,, 
7, 62, ARMY,, 
7, 62, ARMY,, 
7, 62, ARMY,, 
7, 62, ARMY,, 
7, 62, ARMY,, 
7, 62, ARMY,, 
7, 62, ARMY,, 
7, 62, ARMY,, 
7, 63, START LOG, , YIELD_FOOD 0.00 +/- 0.00,YIELD_PRODUCTION 0.00 +/- 0.00,YIELD_GOLD 0.00 +/- 0.00,YIELD_SCIENCE 0.00 +/- 0.00,YIELD_CULTURE 0.00 +/- 0.00,YIELD_FAITH 0.00 +/- 0.00,
7, 63, TRADE, TO -1, VAL 0.00
7, 63, ARMY,, 
7, 63, ARMY,, 
7, 63, ARMY,, 
7, 63, ARMY,, 
7, 63, ARMY,, 
7, 63, ARMY,, 
7, 63, ARMY,, 
7, 63, ARMY,, 
7, 63, ARMY,, 
7, 63, ARMY,, 
7, 63, ARMY,, 
7, 63, ARMY,, 
7, 63, ARMY,, 
7, 63, ARMY,, 
7, 63, ARMY,, 
7, 63, ARMY,, 
7, 63, ARMY,, 
7, 63, ARMY,, 
7, 63, ARMY,, 
7, 63, ARMY,, 
7, 0, START LOG, , YIELD_FOOD 9.50 +/- 3.00,YIELD_PRODUCTION 8.50 +/- 1.29,YIELD_GOLD 5.75 +/- 0.49,YIELD_SCIENCE 3.25 +/- 0.49,YIELD_CULTURE 1.75 +/- 0.49,YIELD_FAITH 0.75 +/- 0.49,
7, 0, TRADE, TO -1, VAL 0.00
7, 0, CITY, 33:13, 0, 2, 100, 28.00, 1, 1, 3, 28, 0, Is original capital, Is capital
7, 0, CITY, 11:25, 0, 3, 100, 20.00, 1, 1, 3, 32, 0, Is original capital, Is capital
7, 0, CITY, 10:41, 0, 3, 100, 28.00, 1, 1, 3, 31, 1, Is original capital, Is capital
7, 0, CITY, 31:62, 0, 3, 100, 28.00, 1, 1, 3, 31, 0, Is original capital, Is capital
7, 0, ARMY,, UNIT_SETTLER 1 7,UNIT_SCOUT 1 0,UNIT_WARRIOR 1 0,UNIT_VAMPIRE 1 0,
7, 0, ARMY,, UNIT_SETTLER 1 7,UNIT_BUILDER 1 0,UNIT_WARRIOR 1 0,UNIT_BABYLONIAN_SABUM_KIBITTUM 1 0,
7, 0, ARMY,, UNIT_SETTLER 1 7,UNIT_SCOUT 1 0,UNIT_WARRIOR 1 0,
7, 0, ARMY,, UNIT_SETTLER 1 7,UNIT_BUILDER 1 0,UNIT_SCOUT 1 0,UNIT_WARRIOR 1 0,UNIT_VAMPIRE 1 0,
7, 0, ARMY,, 
7, 0, ARMY,, 
7, 0, ARMY,, 
7, 0, ARMY,, 
7, 0, ARMY,, 
7, 0, ARMY,, 
7, 0, ARMY,, 
7, 0, ARMY,, 
7, 0, ARMY,, 
7, 0, ARMY,, 
7, 0, ARMY,, 
7, 0, ARMY,, 
7, 0, ARMY,, 
7, 0, ARMY,, 
7, 0, ARMY,, 
7, 0, ARMY,, 
7, 1, START LOG, , YIELD_FOOD 9.75 +/- 3.20,YIELD_PRODUCTION 8.50 +/- 1.29,YIELD_GOLD 5.00 +/- 0.00,YIELD_SCIENCE 3.25 +/- 0.49,YIELD_CULTURE 1.75 +/- 0.49,YIELD_FAITH 0.00 +/- 0.00,
7, 1, TRADE, TO -1, VAL 0.00
7, 1, CITY, 33:13, 0, 2, 100, 28.00, 1, 1, 3, 28, 0, Is original capital, Is capital
7, 1, CITY, 11:25, 0, 3, 100, 20.00, 1, 1, 3, 32, 0, Is original capital, Is capital
7, 1, CITY, 10:41, 0, 3, 100, 28.00, 1, 1, 3, 32, 1, Is original capital, Is capital
7, 1, CITY, 31:62, 0, 3, 100, 28.00, 1, 1, 3, 31, 0, Is original capital, Is capital
7, 1, ARMY,, UNIT_SETTLER 1 6,UNIT_SCOUT 1 0,UNIT_WARRIOR 1 0,UNIT_VAMPIRE 1 0,
7, 1, ARMY,, UNIT_SETTLER 1 6,UNIT_BUILDER 1 0,UNIT_WARRIOR 1 0,UNIT_BABYLONIAN_SABUM_KIBITTUM 1 0,
7, 1, ARMY,, UNIT_SETTLER 1 6,UNIT_SCOUT 1 0,UNIT_WARRIOR 1 0,
7, 1, ARMY,, UNIT_SETTLER 1 6,UNIT_BUILDER 1 0,UNIT_SCOUT 1 0,UNIT_WARRIOR 1 0,UNIT_VAMPIRE 1 0,
7, 1, ARMY,, 
7, 1, ARMY,, 
7, 1, ARMY,, 
7, 1, ARMY,, 
7, 1, ARMY,, 
7, 1, ARMY,, 
7, 1, ARMY,, 
7, 1, ARMY,, 
7, 1, ARMY,, 
7, 1, ARMY,, 
7, 1, ARMY,, 
7, 1, ARMY,, 
7, 1, ARMY,, 
7, 1, ARMY,, 
7, 1, ARMY,, 
7, 1, ARMY,, 
7, 2, START LOG, , YIELD_FOOD 9.75 +/- 3.20,YIELD_PRODUCTION 8.50 +/- 1.29,YIELD_GOLD 5.00 +/- 0.00,YIELD_SCIENCE 3.25 +/- 0.49,YIELD_CULTURE 1.75 +/- 0.49,YIELD_FAITH 0.00 +/- 0.00,
7, 2, TRADE, TO -1, VAL 0.00
7, 2, CITY, 33:13, 0, 2, 100, 28.00, 1, 1, 3, 28, 0, Is original capital, Is capital
7, 2, CITY, 11:25, 0, 4, 100, 20.00, 1, 1, 3, 38, 0, Is original capital, Is capital
7, 2, CITY, 10:41, 0, 3, 100, 28.00, 1, 1, 3, 32, 1, Is original capital, Is capital
7, 2, CITY, 31:62, 0, 3, 100, 28.00, 1, 1, 3, 31, 0, Is original capital, Is capital
7, 2, ARMY,, UNIT_SETTLER 1 8,UNIT_SCOUT 1 0,UNIT_WARRIOR 1 0,UNIT_VAMPIRE 1 0,
7, 2, ARMY,, UNIT_SETTLER 1 8,UNIT_BUILDER 1 0,UNIT_WARRIOR 1 0,UNIT_BABYLONIAN_SABUM_KIBITTUM 1 0,
7, 2, ARMY,, UNIT_SETTLER 1 8,UNIT_SCOUT 2 0,UNIT_WARRIOR 1 0,
7, 2, ARMY,, UNIT_SETTLER 1 8,UNIT_BUILDER 1 0,UNIT_SCOUT 1 0,UNIT_WARRIOR 1 0,UNIT_VAMPIRE 1 0,
7, 2, ARMY,, 
7, 2, ARMY,, 
7, 2, ARMY,, 
7, 2, ARMY,, 
7, 2, ARMY,, 
7, 2, ARMY,, 
7, 2, ARMY,, 
7, 2, ARMY,, 
7, 2, ARMY,, 
7, 2, ARMY,, 
7, 2, ARMY,, 
7, 2, ARMY,, 
7, 2, ARMY,, 
7, 2, ARMY,, 
7, 2, ARMY,, 
7, 2, ARMY,, 
7, 3, START LOG, , YIELD_FOOD 9.75 +/- 3.20,YIELD_PRODUCTION 8.50 +/- 1.29,YIELD_GOLD 5.00 +/- 0.00,YIELD_SCIENCE 3.25 +/- 0.49,YIELD_CULTURE 1.75 +/- 0.49,YIELD_FAITH 0.00 +/- 0.00,
7, 3, TRADE, TO -1, VAL 0.00
7, 3, CITY, 33:13, 0, 2, 100, 28.00, 1, 1, 3, 28, 0, Is original capital, Is capital
7, 3, CITY, 11:25, 0, 4, 100, 20.00, 1, 1, 3, 38, 0, Is original capital, Is capital
7, 3, CITY, 10:41, 0, 3, 100, 28.00, 1, 1, 3, 32, 1, Is original capital, Is capital
7, 3, CITY, 31:62, 0, 3, 100, 28.00, 1, 1, 3, 31, 0, Is original capital, Is capital
7, 3, ARMY,, UNIT_SETTLER 1 7,UNIT_SCOUT 1 0,UNIT_WARRIOR 1 0,UNIT_VAMPIRE 1 0,
7, 3, ARMY,, UNIT_SETTLER 1 7,UNIT_BUILDER 1 0,UNIT_WARRIOR 1 0,UNIT_BABYLONIAN_SABUM_KIBITTUM 1 0,
7, 3, ARMY,, UNIT_SETTLER 1 7,UNIT_SCOUT 2 0,UNIT_WARRIOR 1 0,
7, 3, ARMY,, UNIT_SETTLER 1 7,UNIT_BUILDER 1 0,UNIT_SCOUT 1 0,UNIT_WARRIOR 1 0,UNIT_VAMPIRE 1 0,
7, 3, ARMY,, 
7, 3, ARMY,, 
7, 3, ARMY,, 
7, 3, ARMY,, 
7, 3, ARMY,, 
7, 3, ARMY,, 
7, 3, ARMY,, 
7, 3, ARMY,, 
7, 3, ARMY,, 
7, 3, ARMY,, 
7, 3, ARMY,, 
7, 3, ARMY,, 
7, 3, ARMY,, 
7, 3, ARMY,, 
7, 3, ARMY,, 
7, 3, ARMY,, 
7, 2, START LOG, , YIELD_FOOD 10.75 +/- 3.86,YIELD_PRODUCTION 9.00 +/- 0.81,YIELD_GOLD 6.00 +/- 0.81,YIELD_SCIENCE 3.50 +/- 0.57,YIELD_CULTURE 2.25 +/- 0.49,YIELD_FAITH 0.75 +/- 0.49,
7, 2, TRADE, TO -1, VAL 0.00
7, 2, CITY, 33:13, 0, 2, 100, 28.00, 1, 1, 3, 30, 1, Is original capital, Is capital
7, 2, CITY, 11:25, 0, 4, 100, 20.00, 1, 1, 3, 38, 0, Is original capital, Is capital
7, 2, CITY, 10:41, 0, 3, 100, 28.00, 1, 1, 3, 32, 1, Is original capital, Is capital
7, 2, CITY, 31:62, 0, 3, 100, 28.00, 1, 1, 3, 31, 0, Is original capital, Is capital
7, 2, ARMY,, UNIT_SETTLER 1 9,UNIT_SCOUT 1 0,UNIT_WARRIOR 1 0,UNIT_VAMPIRE 1 0,
7, 2, ARMY,, UNIT_SETTLER 1 9,UNIT_BUILDER 1 0,UNIT_WARRIOR 1 0,UNIT_BABYLONIAN_SABUM_KIBITTUM 1 0,
7, 2, ARMY,, UNIT_SETTLER 1 9,UNIT_SCOUT 2 0,UNIT_WARRIOR 1 0,
7, 2, ARMY,, UNIT_SETTLER 1 9,UNIT_BUILDER 1 0,UNIT_SCOUT 2 0,UNIT_WARRIOR 1 0,UNIT_VAMPIRE 1 0,
7, 2, ARMY,, 
7, 2, ARMY,, 
7, 2, ARMY,, 
7, 2, ARMY,, 
7, 2, ARMY,, 
7, 2, ARMY,, 
7, 2, ARMY,, 
7, 2, ARMY,, 
7, 2, ARMY,, 
7, 2, ARMY,, 
7, 2, ARMY,, 
7, 2, ARMY,, 
7, 2, ARMY,, 
7, 2, ARMY,, 
7, 2, ARMY,, 
7, 2, ARMY,, 
8, 4, START LOG, , YIELD_FOOD 7.50 +/- 1.77,YIELD_PRODUCTION 9.63 +/- 5.88,YIELD_GOLD 6.25 +/- 4.71,YIELD_SCIENCE 2.63 +/- 1.50,YIELD_CULTURE 1.25 +/- 1.03,YIELD_FAITH 0.75 +/- 1.38,
8, 4, TRADE, TO -1, VAL 0.00
8, 4, CITY, 49:61, 0, 3, 100, 20.00, 1, 1, 21, 41, 0, Is original capital, Is capital
8, 4, CITY, 50:15, 0, 2, 100, 20.00, 1, 1, 3, 34, 0, Is original capital, Is capital
8, 4, CITY, 64:33, 0, 3, 100, 21.00, 1, 1, 3, 49, 0, Is original capital, Is capital
8, 4, CITY, 61:44, 0, 3, 100, 29.00, 1, 1, 13, 45, 0, Is original capital, Is capital
8, 4, CITY, 46:63, 0, 2, 100, 20.00, 1, 1, 8, 19, 0, Not original capital, Not capital
8, 4, CITY, 55:35, 0, 2, 100, 40.00, 1, 1, 13, 18, 0, Is original capital, Is capital
8, 4, CITY, 60:48, 0, 2, 100, 20.00, 1, 1, 0, 18, 0, Not original capital, Not capital
8, 4, CITY, 54:27, 0, 2, 100, 40.00, 1, 1, 8, 20, 1, Is original capital, Is capital
8, 4, ARMY,, 
8, 4, ARMY,, 
8, 4, ARMY,, 
8, 4, ARMY,, 
8, 4, ARMY,, UNIT_SETTLER 3 7,UNIT_BUILDER 2 0,UNIT_SCOUT 2 0,UNIT_AZTEC_EAGLE_WARRIOR 2 0,
8, 4, ARMY,, UNIT_SETTLER 3 7,UNIT_BUILDER 2 0,UNIT_WARRIOR 1 0,UNIT_CREE_OKIHTCITAW 2 0,UNIT_VAMPIRE 1 0,
8, 4, ARMY,, UNIT_SETTLER 2 7,UNIT_BUILDER 2 2,UNIT_SCOUT 2 0,UNIT_WARRIOR 2 0,
8, 4, ARMY,, UNIT_SETTLER 2 7,UNIT_BUILDER 2 0,UNIT_SCOUT 1 0,UNIT_WARRIOR 1 0,
8, 4, ARMY,, UNIT_WARRIOR 2 2,
8, 4, ARMY,, 
8, 4, ARMY,, 
8, 4, ARMY,, 
8, 4, ARMY,, 
8, 4, ARMY,, 
8, 4, ARMY,, UNIT_BUILDER 1 0,UNIT_WARRIOR 2 0,
8, 4, ARMY,, 
8, 4, ARMY,, 
8, 4, ARMY,, 
8, 4, ARMY,, 
8, 4, ARMY,, 
8, 5, START LOG, , YIELD_FOOD 8.50 +/- 2.32,YIELD_PRODUCTION 10.00 +/- 6.07,YIELD_GOLD 6.25 +/- 4.71,YIELD_SCIENCE 2.75 +/- 1.28,YIELD_CULTURE 1.25 +/- 1.03,YIELD_FAITH 0.75 +/- 1.38,
8, 5, TRADE, TO -1, VAL 0.00
8, 5, CITY, 49:61, 0, 3, 100, 20.00, 1, 1, 11, 41, 0, Is original capital, Is capital
8, 5, CITY, 61:44, 0, 3, 100, 29.00, 1, 1, 13, 47, 0, Is original capital, Is capital
8, 5, CITY, 50:15, 0, 2, 100, 20.00, 1, 1, 3, 34, 0, Is original capital, Is capital
8, 5, CITY, 64:33, 0, 3, 100, 21.00, 1, 1, 3, 49, 0, Is original capital, Is capital
8, 5, CITY, 46:63, 0, 2, 100, 20.00, 1, 1, 8, 19, 0, Not original capital, Not capital
8, 5, CITY, 55:35, 0, 2, 100, 40.00, 1, 1, 13, 18, 0, Is original capital, Is capital
8, 5, CITY, 60:48, 0, 2, 100, 20.00, 1, 1, 0, 18, 0, Not original capital, Not capital
8, 5, CITY, 54:27, 0, 2, 100, 40.00, 1, 1, 8, 20, 1, Is original capital, Is capital
8, 5, ARMY,, 
8, 5, ARMY,, 
8, 5, ARMY,, 
8, 5, ARMY,, 
8, 5, ARMY,, UNIT_SETTLER 2 4,UNIT_BUILDER 3 0,UNIT_SCOUT 2 0,UNIT_AZTEC_EAGLE_WARRIOR 2 0,
8, 5, ARMY,, UNIT_SETTLER 3 7,UNIT_BUILDER 2 0,UNIT_WARRIOR 1 0,UNIT_CREE_OKIHTCITAW 2 0,UNIT_VAMPIRE 1 0,
8, 5, ARMY,, UNIT_SETTLER 2 7,UNIT_BUILDER 2 2,UNIT_SCOUT 2 0,UNIT_WARRIOR 2 0,
8, 5, ARMY,, UNIT_SETTLER 2 7,UNIT_BUILDER 2 0,UNIT_SCOUT 1 0,UNIT_WARRIOR 1 0,
8, 5, ARMY,, UNIT_WARRIOR 2 2,
8, 5, ARMY,, 
8, 5, ARMY,, 
8, 5, ARMY,, 
8, 5, ARMY,, 
8, 5, ARMY,, 
8, 5, ARMY,, UNIT_BUILDER 1 0,UNIT_WARRIOR 2 0,
8, 5, ARMY,, 
8, 5, ARMY,, 
8, 5, ARMY,, 
8, 5, ARMY,, 
8, 5, ARMY,, 
8, 6, START LOG, , YIELD_FOOD 8.88 +/- 2.29,YIELD_PRODUCTION 10.00 +/- 6.07,YIELD_GOLD 6.25 +/- 4.71,YIELD_SCIENCE 2.75 +/- 1.28,YIELD_CULTURE 1.50 +/- 1.19,YIELD_FAITH 0.75 +/- 1.38,
8, 6, TRADE, TO -1, VAL 0.00
8, 6, CITY, 61:44, 0, 3, 100, 29.00, 1, 1, 3, 47, 0, Is original capital, Is capital
8, 6, CITY, 49:61, 0, 3, 100, 20.00, 1, 1, 11, 41, 0, Is original capital, Is capital
8, 6, CITY, 64:33, 0, 3, 100, 21.00, 1, 1, 3, 53, 0, Is original capital, Is capital
8, 6, CITY, 50:15, 0, 2, 100, 20.00, 1, 1, 3, 34, 0, Is original capital, Is capital
8, 6, CITY, 55:35, 0, 2, 100, 40.00, 1, 1, 13, 18, 0, Is original capital, Is capital
8, 6, CITY, 60:48, 0, 2, 100, 20.00, 1, 1, 0, 18, 0, Not original capital, Not capital
8, 6, CITY, 46:63, 0, 2, 100, 20.00, 1, 1, 8, 19, 0, Not original capital, Not capital
8, 6, CITY, 54:27, 0, 2, 100, 40.00, 1, 1, 8, 20, 1, Is original capital, Is capital
8, 6, ARMY,, 
8, 6, ARMY,, 
8, 6, ARMY,, 
8, 6, ARMY,, 
8, 6, ARMY,, UNIT_SETTLER 2 4,UNIT_BUILDER 3 0,UNIT_SCOUT 2 0,UNIT_AZTEC_EAGLE_WARRIOR 2 0,
8, 6, ARMY,, UNIT_SETTLER 2 4,UNIT_BUILDER 2 0,UNIT_WARRIOR 1 0,UNIT_CREE_OKIHTCITAW 2 0,UNIT_VAMPIRE 1 0,
8, 6, ARMY,, UNIT_SETTLER 2 7,UNIT_BUILDER 3 2,UNIT_SCOUT 2 0,UNIT_WARRIOR 2 0,
8, 6, ARMY,, UNIT_SETTLER 2 7,UNIT_BUILDER 2 0,UNIT_SCOUT 1 0,UNIT_WARRIOR 1 0,
8, 6, ARMY,, 
8, 6, ARMY,, 
8, 6, ARMY,, 
8, 6, ARMY,, 
8, 6, ARMY,, 
8, 6, ARMY,, 
8, 6, ARMY,, UNIT_BUILDER 1 1,UNIT_WARRIOR 2 1,
8, 6, ARMY,, 
8, 6, ARMY,, 
8, 6, ARMY,, 
8, 6, ARMY,, 
8, 6, ARMY,, 
8, 7, START LOG, , YIELD_FOOD 8.88 +/- 2.29,YIELD_PRODUCTION 10.00 +/- 6.07,YIELD_GOLD 6.25 +/- 4.71,YIELD_SCIENCE 2.75 +/- 1.28,YIELD_CULTURE 1.50 +/- 1.19,YIELD_FAITH 0.75 +/- 1.38,
8, 7, TRADE, TO -1, VAL 0.00
8, 7, CITY, 64:33, 0, 3, 100, 21.00, 1, 1, 3, 58, 0, Is original capital, Is capital
8, 7, CITY, 61:44, 0, 3, 100, 29.00, 1, 1, 3, 47, 0, Is original capital, Is capital
8, 7, CITY, 49:61, 0, 3, 100, 20.00, 1, 1, 11, 41, 0, Is original capital, Is capital
8, 7, CITY, 50:15, 0, 3, 100, 20.00, 1, 1, 3, 44, 0, Is original capital, Is capital
8, 7, CITY, 55:35, 0, 2, 100, 40.00, 1, 1, 13, 18, 0, Is original capital, Is capital
8, 7, CITY, 60:48, 0, 2, 100, 20.00, 1, 1, 0, 18, 0, Not original capital, Not capital
8, 7, CITY, 46:63, 0, 2, 100, 20.00, 1, 1, 8, 19, 0, Not original capital, Not capital
8, 7, CITY, 54:27, 0, 2, 100, 40.00, 1, 1, 8, 20, 1, Is original capital, Is capital
8, 7, ARMY,, 
8, 7, ARMY,, 
8, 7, ARMY,, 
8, 7, ARMY,, 
8, 7, ARMY,, UNIT_SETTLER 2 4,UNIT_BUILDER 3 0,UNIT_SCOUT 2 0,UNIT_AZTEC_EAGLE_WARRIOR 2 0,
8, 7, ARMY,, UNIT_SETTLER 2 4,UNIT_BUILDER 2 0,UNIT_WARRIOR 1 0,UNIT_CREE_OKIHTCITAW 2 0,UNIT_VAMPIRE 1 0,
8, 7, ARMY,, UNIT_SETTLER 1 0,UNIT_BUILDER 3 3,UNIT_SCOUT 2 0,UNIT_WARRIOR 2 0,
8, 7, ARMY,, UNIT_SETTLER 2 7,UNIT_BUILDER 2 0,UNIT_SCOUT 1 0,UNIT_WARRIOR 1 0,
8, 7, ARMY,, UNIT_WARRIOR 1 0,
8, 7, ARMY,, 
8, 7, ARMY,, 
8, 7, ARMY,, 
8, 7, ARMY,, 
8, 7, ARMY,, 
8, 7, ARMY,, UNIT_BUILDER 1 1,UNIT_WARRIOR 2 1,
8, 7, ARMY,, 
8, 7, ARMY,, 
8, 7, ARMY,, 
8, 7, ARMY,, 
8, 7, ARMY,, 
8, 8, START LOG, , YIELD_FOOD 0.00 +/- 0.00,YIELD_PRODUCTION 0.00 +/- 0.00,YIELD_GOLD 0.00 +/- 0.00,YIELD_SCIENCE 0.00 +/- 0.00,YIELD_CULTURE 0.00 +/- 0.00,YIELD_FAITH 0.00 +/- 0.00,
8, 8, TRADE, TO -1, VAL 2.25
8, 8, CITY, 55:35, 0, 2, 100, 40.00, 1, 1, 13, 18, 0, Is original capital, Is capital
8, 8, ARMY,, 
8, 8, ARMY,, 
8, 8, ARMY,, 
8, 8, ARMY,, 
8, 8, ARMY,, 
8, 8, ARMY,, UNIT_BUILDER 1 3,
8, 8, ARMY,, 
8, 8, ARMY,, 
8, 8, ARMY,, UNIT_SETTLER 1 7,UNIT_BUILDER 1 0,UNIT_WARRIOR 2 0,
8, 8, ARMY,, 
8, 8, ARMY,, 
8, 8, ARMY,, 
8, 8, ARMY,, 
8, 8, ARMY,, 
8, 8, ARMY,, 
8, 8, ARMY,, 
8, 8, ARMY,, 
8, 8, ARMY,, 
8, 8, ARMY,, 
8, 8, ARMY,, 
8, 9, START LOG, , YIELD_FOOD 0.00 +/- 0.00,YIELD_PRODUCTION 0.00 +/- 0.00,YIELD_GOLD 0.00 +/- 0.00,YIELD_SCIENCE 0.00 +/- 0.00,YIELD_CULTURE 0.00 +/- 0.00,YIELD_FAITH 0.00 +/- 0.00,
8, 9, TRADE, TO -1, VAL 0.00
8, 9, CITY, 64:1, 0, 3, 100, 40.00, 1, 1, 8, 25, 0, Is original capital, Is capital
8, 9, ARMY,, 
8, 9, ARMY,, 
8, 9, ARMY,, 
8, 9, ARMY,, 
8, 9, ARMY,, 
8, 9, ARMY,, 
8, 9, ARMY,, 
8, 9, ARMY,, 
8, 9, ARMY,, 
8, 9, ARMY,, UNIT_SETTLER 1 7,UNIT_BUILDER 1 0,UNIT_WARRIOR 2 0,
8, 9, ARMY,, 
8, 9, ARMY,, 
8, 9, ARMY,, 
8, 9, ARMY,, 
8, 9, ARMY,, 
8, 9, ARMY,, 
8, 9, ARMY,, 
8, 9, ARMY,, 
8, 9, ARMY,, 
8, 9, ARMY,, 
8, 10, START LOG, , YIELD_FOOD 0.00 +/- 0.00,YIELD_PRODUCTION 0.00 +/- 0.00,YIELD_GOLD 0.00 +/- 0.00,YIELD_SCIENCE 0.00 +/- 0.00,YIELD_CULTURE 0.00 +/- 0.00,YIELD_FAITH 0.00 +/- 0.00,
8, 10, TRADE, TO -1, VAL 0.00
8, 10, CITY, 58:65, 0, 4, 100, 40.00, 1, 1, 8, 30, 0, Is original capital, Is capital
8, 10, ARMY,, 
8, 10, ARMY,, 
8, 10, ARMY,, 
8, 10, ARMY,, 
8, 10, ARMY,, 
8, 10, ARMY,, 
8, 10, ARMY,, 
8, 10, ARMY,, 
8, 10, ARMY,, 
8, 10, ARMY,, 
8, 10, ARMY,, UNIT_SETTLER 1 7,UNIT_BUILDER 1 0,UNIT_WARRIOR 2 0,
8, 10, ARMY,, 
8, 10, ARMY,, 
8, 10, ARMY,, 
8, 10, ARMY,, 
8, 10, ARMY,, 
8, 10, ARMY,, 
8, 10, ARMY,, 
8, 10, ARMY,, 
8, 10, ARMY,, 
8, 11, START LOG, , YIELD_FOOD 0.00 +/- 0.00,YIELD_PRODUCTION 0.00 +/- 0.00,YIELD_GOLD 0.00 +/- 0.00,YIELD_SCIENCE 0.00 +/- 0.00,YIELD_CULTURE 0.00 +/- 0.00,YIELD_FAITH 0.00 +/- 0.00,
8, 11, TRADE, TO -1, VAL 0.00
8, 11, CITY, 70:13, 0, 2, 100, 40.00, 1, 1, 8, 20, 0, Is original capital, Is capital
8, 11, ARMY,, 
8, 11, ARMY,, 
8, 11, ARMY,, 
8, 11, ARMY,, 
8, 11, ARMY,, 
8, 11, ARMY,, 
8, 11, ARMY,, 
8, 11, ARMY,, 
8, 11, ARMY,, 
8, 11, ARMY,, 
8, 11, ARMY,, 
8, 11, ARMY,, UNIT_SETTLER 1 7,UNIT_BUILDER 1 0,UNIT_WARRIOR 2 0,
8, 11, ARMY,, 
8, 11, ARMY,, 
8, 11, ARMY,, 
8, 11, ARMY,, 
8, 11, ARMY,, 
8, 11, ARMY,, 
8, 11, ARMY,, 
8, 11, ARMY,, 
8, 12, START LOG, , YIELD_FOOD 0.00 +/- 0.00,YIELD_PRODUCTION 0.00 +/- 0.00,YIELD_GOLD 0.00 +/- 0.00,YIELD_SCIENCE 0.00 +/- 0.00,YIELD_CULTURE 0.00 +/- 0.00,YIELD_FAITH 0.00 +/- 0.00,
8, 12, TRADE, TO -1, VAL 0.00
8, 12, CITY, 25:23, 0, 3, 100, 40.00, 1, 1, 8, 24, 1, Is original capital, Is capital
8, 12, ARMY,, 
8, 12, ARMY,, 
8, 12, ARMY,, 
8, 12, ARMY,, 
8, 12, ARMY,, 
8, 12, ARMY,, 
8, 12, ARMY,, 
8, 12, ARMY,, 
8, 12, ARMY,, 
8, 12, ARMY,, 
8, 12, ARMY,, 
8, 12, ARMY,, 
8, 12, ARMY,, UNIT_SETTLER 1 7,UNIT_BUILDER 1 0,UNIT_WARRIOR 2 0,
8, 12, ARMY,, 
8, 12, ARMY,, 
8, 12, ARMY,, 
8, 12, ARMY,, 
8, 12, ARMY,, 
8, 12, ARMY,, 
8, 12, ARMY,, 
8, 13, START LOG, , YIELD_FOOD 0.00 +/- 0.00,YIELD_PRODUCTION 0.00 +/- 0.00,YIELD_GOLD 0.00 +/- 0.00,YIELD_SCIENCE 0.00 +/- 0.00,YIELD_CULTURE 0.00 +/- 0.00,YIELD_FAITH 0.00 +/- 0.00,
8, 13, TRADE, TO -1, VAL 0.00
8, 13, CITY, 41:49, 0, 2, 100, 40.00, 1, 1, 8, 19, 0, Is original capital, Is capital
8, 13, ARMY,, 
8, 13, ARMY,, 
8, 13, ARMY,, 
8, 13, ARMY,, 
8, 13, ARMY,, 
8, 13, ARMY,, 
8, 13, ARMY,, 
8, 13, ARMY,, 
8, 13, ARMY,, 
8, 13, ARMY,, 
8, 13, ARMY,, 
8, 13, ARMY,, 
8, 13, ARMY,, 
8, 13, ARMY,, UNIT_SETTLER 1 7,UNIT_BUILDER 1 0,UNIT_WARRIOR 2 0,
8, 13, ARMY,, 
8, 13, ARMY,, 
8, 13, ARMY,, 
8, 13, ARMY,, 
8, 13, ARMY,, 
8, 13, ARMY,, 
8, 14, START LOG, , YIELD_FOOD 0.00 +/- 0.00,YIELD_PRODUCTION 0.00 +/- 0.00,YIELD_GOLD 0.00 +/- 0.00,YIELD_SCIENCE 0.00 +/- 0.00,YIELD_CULTURE 0.00 +/- 0.00,YIELD_FAITH 0.00 +/- 0.00,
8, 14, TRADE, TO -1, VAL 1.80
8, 14, CITY, 54:27, 0, 3, 100, 40.00, 1, 1, 8, 23, 1, Is original capital, Is capital
8, 14, ARMY,, 
8, 14, ARMY,, 
8, 14, ARMY,, 
8, 14, ARMY,, 
8, 14, ARMY,, 
8, 14, ARMY,, UNIT_BUILDER 1 1,
8, 14, ARMY,, UNIT_SCOUT 1 2,
8, 14, ARMY,, 
8, 14, ARMY,, 
8, 14, ARMY,, 
8, 14, ARMY,, 
8, 14, ARMY,, 
8, 14, ARMY,, 
8, 14, ARMY,, 
8, 14, ARMY,, UNIT_SETTLER 1 7,UNIT_BUILDER 1 0,UNIT_WARRIOR 2 0,
8, 14, ARMY,, 
8, 14, ARMY,, 
8, 14, ARMY,, 
8, 14, ARMY,, 
8, 14, ARMY,, 
8, 15, START LOG, , YIELD_FOOD 0.00 +/- 0.00,YIELD_PRODUCTION 0.00 +/- 0.00,YIELD_GOLD 0.00 +/- 0.00,YIELD_SCIENCE 0.00 +/- 0.00,YIELD_CULTURE 0.00 +/- 0.00,YIELD_FAITH 0.00 +/- 0.00,
8, 15, TRADE, TO -1, VAL 0.00
8, 15, CITY, 45:34, 0, 3, 100, 40.00, 1, 1, 8, 24, 1, Is original capital, Is capital
8, 15, ARMY,, 
8, 15, ARMY,, 
8, 15, ARMY,, 
8, 15, ARMY,, 
8, 15, ARMY,, 
8, 15, ARMY,, 
8, 15, ARMY,, 
8, 15, ARMY,, 
8, 15, ARMY,, 
8, 15, ARMY,, 
8, 15, ARMY,, 
8, 15, ARMY,, 
8, 15, ARMY,, 
8, 15, ARMY,, 
8, 15, ARMY,, 
8, 15, ARMY,, UNIT_SETTLER 1 7,UNIT_BUILDER 1 0,UNIT_WARRIOR 2 0,
8, 15, ARMY,, 
8, 15, ARMY,, 
8, 15, ARMY,, 
8, 15, ARMY,, 
8, 16, START LOG, , YIELD_FOOD 0.00 +/- 0.00,YIELD_PRODUCTION 0.00 +/- 0.00,YIELD_GOLD 0.00 +/- 0.00,YIELD_SCIENCE 0.00 +/- 0.00,YIELD_CULTURE 0.00 +/- 0.00,YIELD_FAITH 0.00 +/- 0.00,
8, 16, TRADE, TO -1, VAL 0.00
8, 16, CITY, 14:16, 0, 3, 100, 40.00, 1, 1, 13, 23, 0, Is original capital, Is capital
8, 16, ARMY,, 
8, 16, ARMY,, 
8, 16, ARMY,, 
8, 16, ARMY,, 
8, 16, ARMY,, 
8, 16, ARMY,, 
8, 16, ARMY,, 
8, 16, ARMY,, 
8, 16, ARMY,, 
8, 16, ARMY,, 
8, 16, ARMY,, 
8, 16, ARMY,, 
8, 16, ARMY,, 
8, 16, ARMY,, 
8, 16, ARMY,, 
8, 16, ARMY,, 
8, 16, ARMY,, UNIT_SETTLER 1 7,UNIT_BUILDER 1 0,UNIT_WARRIOR 2 0,
8, 16, ARMY,, 
8, 16, ARMY,, 
8, 16, ARMY,, 
8, 17, START LOG, , YIELD_FOOD 0.00 +/- 0.00,YIELD_PRODUCTION 0.00 +/- 0.00,YIELD_GOLD 0.00 +/- 0.00,YIELD_SCIENCE 0.00 +/- 0.00,YIELD_CULTURE 0.00 +/- 0.00,YIELD_FAITH 0.00 +/- 0.00,
8, 17, TRADE, TO -1, VAL 0.00
8, 17, CITY, 10:59, 0, 2, 100, 40.00, 1, 1, 8, 19, 2, Is original capital, Is capital
8, 17, ARMY,, 
8, 17, ARMY,, 
8, 17, ARMY,, 
8, 17, ARMY,, 
8, 17, ARMY,, 
8, 17, ARMY,, 
8, 17, ARMY,, 
8, 17, ARMY,, 
8, 17, ARMY,, 
8, 17, ARMY,, 
8, 17, ARMY,, 
8, 17, ARMY,, 
8, 17, ARMY,, 
8, 17, ARMY,, 
8, 17, ARMY,, 
8, 17, ARMY,, 
8, 17, ARMY,, 
8, 17, ARMY,, UNIT_SETTLER 1 7,UNIT_BUILDER 1 0,UNIT_WARRIOR 2 0,
8, 17, ARMY,, 
8, 17, ARMY,, 
8, 62, START LOG, , YIELD_FOOD 0.00 +/- 0.00,YIELD_PRODUCTION 0.00 +/- 0.00,YIELD_GOLD 0.00 +/- 0.00,YIELD_SCIENCE 0.00 +/- 0.00,YIELD_CULTURE 0.00 +/- 0.00,YIELD_FAITH 0.00 +/- 0.00,
8, 62, TRADE, TO -1, VAL 4.80
8, 62, ARMY,, 
8, 62, ARMY,, 
8, 62, ARMY,, 
8, 62, ARMY,, 
8, 62, ARMY,, 
8, 62, ARMY,, 
8, 62, ARMY,, 
8, 62, ARMY,, 
8, 62, ARMY,, 
8, 62, ARMY,, 
8, 62, ARMY,, 
8, 62, ARMY,, 
8, 62, ARMY,, 
8, 62, ARMY,, 
8, 62, ARMY,, 
8, 62, ARMY,, 
8, 62, ARMY,, 
8, 62, ARMY,, 
8, 62, ARMY,, 
8, 62, ARMY,, 
8, 63, START LOG, , YIELD_FOOD 0.00 +/- 0.00,YIELD_PRODUCTION 0.00 +/- 0.00,YIELD_GOLD 0.00 +/- 0.00,YIELD_SCIENCE 0.00 +/- 0.00,YIELD_CULTURE 0.00 +/- 0.00,YIELD_FAITH 0.00 +/- 0.00,
8, 63, TRADE, TO -1, VAL 0.00
8, 63, ARMY,, 
8, 63, ARMY,, 
8, 63, ARMY,, 
8, 63, ARMY,, 
8, 63, ARMY,, 
8, 63, ARMY,, 
8, 63, ARMY,, 
8, 63, ARMY,, 
8, 63, ARMY,, 
8, 63, ARMY,, 
8, 63, ARMY,, 
8, 63, ARMY,, 
8, 63, ARMY,, 
8, 63, ARMY,, 
8, 63, ARMY,, 
8, 63, ARMY,, 
8, 63, ARMY,, 
8, 63, ARMY,, 
8, 63, ARMY,, 
8, 63, ARMY,, 
8, 0, START LOG, , YIELD_FOOD 10.00 +/- 2.58,YIELD_PRODUCTION 8.75 +/- 1.25,YIELD_GOLD 6.00 +/- 0.81,YIELD_SCIENCE 3.25 +/- 0.49,YIELD_CULTURE 1.75 +/- 0.49,YIELD_FAITH 0.75 +/- 0.49,
8, 0, TRADE, TO -1, VAL 0.00
8, 0, CITY, 33:13, 0, 2, 100, 28.00, 1, 1, 3, 30, 1, Is original capital, Is capital
8, 0, CITY, 11:25, 0, 4, 100, 20.00, 1, 1, 3, 38, 0, Is original capital, Is capital
8, 0, CITY, 10:41, 0, 3, 100, 28.00, 1, 1, 3, 32, 1, Is original capital, Is capital
8, 0, CITY, 31:62, 0, 3, 100, 28.00, 1, 1, 3, 31, 0, Is original capital, Is capital
8, 0, ARMY,, UNIT_SETTLER 1 8,UNIT_SCOUT 1 0,UNIT_WARRIOR 1 0,UNIT_VAMPIRE 1 0,
8, 0, ARMY,, UNIT_SETTLER 1 8,UNIT_BUILDER 1 0,UNIT_WARRIOR 1 0,UNIT_BABYLONIAN_SABUM_KIBITTUM 1 0,
8, 0, ARMY,, UNIT_SETTLER 1 8,UNIT_SCOUT 2 0,UNIT_WARRIOR 1 0,
8, 0, ARMY,, UNIT_SETTLER 1 8,UNIT_BUILDER 1 0,UNIT_SCOUT 2 0,UNIT_WARRIOR 1 0,UNIT_VAMPIRE 1 0,
8, 0, ARMY,, 
8, 0, ARMY,, 
8, 0, ARMY,, 
8, 0, ARMY,, 
8, 0, ARMY,, 
8, 0, ARMY,, 
8, 0, ARMY,, 
8, 0, ARMY,, 
8, 0, ARMY,, 
8, 0, ARMY,, 
8, 0, ARMY,, 
8, 0, ARMY,, 
8, 0, ARMY,, 
8, 0, ARMY,, 
8, 0, ARMY,, 
8, 0, ARMY,, 
8, 1, START LOG, , YIELD_FOOD 10.00 +/- 2.58,YIELD_PRODUCTION 8.75 +/- 1.25,YIELD_GOLD 6.00 +/- 0.81,YIELD_SCIENCE 3.25 +/- 0.49,YIELD_CULTURE 2.00 +/- 0.00,YIELD_FAITH 0.75 +/- 0.49,
8, 1, TRADE, TO -1, VAL 0.00
8, 1, CITY, 33:13, 0, 2, 100, 28.00, 1, 1, 3, 30, 1, Is original capital, Is capital
8, 1, CITY, 11:25, 0, 4, 100, 20.00, 1, 1, 3, 38, 0, Is original capital, Is capital
8, 1, CITY, 10:41, 0, 3, 100, 28.00, 1, 1, 3, 32, 1, Is original capital, Is capital
8, 1, CITY, 31:62, 0, 3, 100, 28.00, 1, 1, 3, 31, 0, Is original capital, Is capital
8, 1, ARMY,, UNIT_SETTLER 1 7,UNIT_SCOUT 1 0,UNIT_WARRIOR 1 0,UNIT_VAMPIRE 1 0,
8, 1, ARMY,, UNIT_SETTLER 1 7,UNIT_BUILDER 1 0,UNIT_WARRIOR 1 0,UNIT_BABYLONIAN_SABUM_KIBITTUM 1 0,
8, 1, ARMY,, UNIT_SETTLER 1 7,UNIT_SCOUT 2 0,UNIT_WARRIOR 1 0,
8, 1, ARMY,, UNIT_SETTLER 1 7,UNIT_BUILDER 1 0,UNIT_SCOUT 2 0,UNIT_WARRIOR 1 0,UNIT_VAMPIRE 1 0,
8, 1, ARMY,, 
8, 1, ARMY,, 
8, 1, ARMY,, 
8, 1, ARMY,, 
8, 1, ARMY,, 
8, 1, ARMY,, 
8, 1, ARMY,, 
8, 1, ARMY,, 
8, 1, ARMY,, 
8, 1, ARMY,, 
8, 1, ARMY,, 
8, 1, ARMY,, 
8, 1, ARMY,, 
8, 1, ARMY,, 
8, 1, ARMY,, 
8, 1, ARMY,, 
8, 2, START LOG, , YIELD_FOOD 10.75 +/- 3.86,YIELD_PRODUCTION 9.00 +/- 0.81,YIELD_GOLD 6.50 +/- 1.29,YIELD_SCIENCE 3.50 +/- 0.57,YIELD_CULTURE 2.25 +/- 0.49,YIELD_FAITH 0.75 +/- 0.49,
8, 2, TRADE, TO -1, VAL 0.00
8, 2, CITY, 33:13, 0, 2, 100, 28.00, 1, 1, 3, 30, 1, Is original capital, Is capital
8, 2, CITY, 11:25, 0, 4, 100, 28.00, 1, 1, 3, 38, 0, Is original capital, Is capital
8, 2, CITY, 10:41, 0, 3, 100, 28.00, 1, 1, 3, 32, 1, Is original capital, Is capital
8, 2, CITY, 31:62, 0, 3, 100, 28.00, 1, 1, 3, 31, 0, Is original capital, Is capital
8, 2, ARMY,, UNIT_SETTLER 1 10,UNIT_SCOUT 1 0,UNIT_WARRIOR 1 0,UNIT_VAMPIRE 1 0,
8, 2, ARMY,, UNIT_SETTLER 1 10,UNIT_BUILDER 1 0,UNIT_WARRIOR 1 0,UNIT_BABYLONIAN_SABUM_KIBITTUM 1 0,
8, 2, ARMY,, UNIT_SETTLER 1 10,UNIT_SCOUT 2 0,UNIT_WARRIOR 1 0,
8, 2, ARMY,, UNIT_SETTLER 1 10,UNIT_BUILDER 1 0,UNIT_SCOUT 2 0,UNIT_WARRIOR 1 0,UNIT_VAMPIRE 1 0,
8, 2, ARMY,, 
8, 2, ARMY,, 
8, 2, ARMY,, 
8, 2, ARMY,, 
8, 2, ARMY,, 
8, 2, ARMY,, 
8, 2, ARMY,, 
8, 2, ARMY,, 
8, 2, ARMY,, 
8, 2, ARMY,, 
8, 2, ARMY,, 
8, 2, ARMY,, 
8, 2, ARMY,, 
8, 2, ARMY,, 
8, 2, ARMY,, 
8, 2, ARMY,, 
8, 3, START LOG, , YIELD_FOOD 10.75 +/- 3.86,YIELD_PRODUCTION 9.00 +/- 0.81,YIELD_GOLD 6.00 +/- 0.81,YIELD_SCIENCE 3.50 +/- 0.57,YIELD_CULTURE 2.25 +/- 0.49,YIELD_FAITH 0.75 +/- 0.49,
8, 3, TRADE, TO -1, VAL 0.00
8, 3, CITY, 33:13, 0, 2, 100, 28.00, 1, 1, 3, 30, 1, Is original capital, Is capital
8, 3, CITY, 11:25, 0, 4, 100, 28.00, 1, 1, 3, 38, 0, Is original capital, Is capital
8, 3, CITY, 10:41, 0, 3, 100, 28.00, 1, 1, 3, 32, 1, Is original capital, Is capital
8, 3, CITY, 31:62, 0, 3, 100, 28.00, 1, 1, 3, 31, 0, Is original capital, Is capital
8, 3, ARMY,, UNIT_SETTLER 1 8,UNIT_SCOUT 1 0,UNIT_WARRIOR 1 0,UNIT_VAMPIRE 1 0,
8, 3, ARMY,, UNIT_SETTLER 1 8,UNIT_BUILDER 1 0,UNIT_WARRIOR 1 0,UNIT_BABYLONIAN_SABUM_KIBITTUM 1 0,
8, 3, ARMY,, UNIT_SETTLER 1 8,UNIT_SCOUT 2 0,UNIT_WARRIOR 1 0,
8, 3, ARMY,, UNIT_SETTLER 2 8,UNIT_BUILDER 1 0,UNIT_SCOUT 2 0,UNIT_WARRIOR 1 0,UNIT_VAMPIRE 1 0,
8, 3, ARMY,, 
8, 3, ARMY,, 
8, 3, ARMY,, 
8, 3, ARMY,, 
8, 3, ARMY,, 
8, 3, ARMY,, 
8, 3, ARMY,, 
8, 3, ARMY,, 
8, 3, ARMY,, 
8, 3, ARMY,, 
8, 3, ARMY,, 
8, 3, ARMY,, 
8, 3, ARMY,, 
8, 3, ARMY,, 
8, 3, ARMY,, 
8, 3, ARMY,, 
9, 4, START LOG, , YIELD_FOOD 8.88 +/- 2.29,YIELD_PRODUCTION 10.38 +/- 6.23,YIELD_GOLD 6.25 +/- 4.71,YIELD_SCIENCE 2.75 +/- 1.28,YIELD_CULTURE 1.50 +/- 1.19,YIELD_FAITH 0.75 +/- 1.38,
9, 4, TRADE, TO -1, VAL 0.00
9, 4, CITY, 49:61, 0, 3, 100, 20.00, 1, 1, 11, 44, 0, Is original capital, Is capital
9, 4, CITY, 50:15, 0, 3, 100, 20.00, 1, 1, 3, 44, 0, Is original capital, Is capital
9, 4, CITY, 64:33, 0, 3, 100, 21.00, 1, 1, 3, 58, 0, Is original capital, Is capital
9, 4, CITY, 61:44, 0, 3, 100, 29.00, 1, 1, 3, 47, 0, Is original capital, Is capital
9, 4, CITY, 46:63, 0, 2, 100, 20.00, 1, 1, 8, 19, 0, Not original capital, Not capital
9, 4, CITY, 55:35, 0, 2, 100, 40.00, 1, 1, 8, 18, 0, Is original capital, Is capital
9, 4, CITY, 60:48, 0, 2, 100, 20.00, 1, 1, 0, 18, 0, Not original capital, Not capital
9, 4, CITY, 54:27, 0, 3, 100, 40.00, 1, 1, 13, 23, 1, Is original capital, Is capital
9, 4, ARMY,, 
9, 4, ARMY,, 
9, 4, ARMY,, 
9, 4, ARMY,, 
9, 4, ARMY,, UNIT_SETTLER 3 8,UNIT_BUILDER 3 0,UNIT_SCOUT 3 0,UNIT_AZTEC_EAGLE_WARRIOR 2 0,
9, 4, ARMY,, UNIT_SETTLER 3 8,UNIT_BUILDER 2 0,UNIT_WARRIOR 1 0,UNIT_CREE_OKIHTCITAW 2 0,UNIT_VAMPIRE 1 0,
9, 4, ARMY,, UNIT_SETTLER 2 8,UNIT_BUILDER 3 3,UNIT_SCOUT 2 0,UNIT_WARRIOR 2 0,
9, 4, ARMY,, UNIT_SETTLER 2 8,UNIT_BUILDER 2 0,UNIT_SCOUT 1 0,UNIT_WARRIOR 1 0,
9, 4, ARMY,, UNIT_WARRIOR 2 3,
9, 4, ARMY,, 
9, 4, ARMY,, 
9, 4, ARMY,, 
9, 4, ARMY,, 
9, 4, ARMY,, 
9, 4, ARMY,, UNIT_BUILDER 1 1,UNIT_WARRIOR 2 1,
9, 4, ARMY,, 
9, 4, ARMY,, 
9, 4, ARMY,, 
9, 4, ARMY,, 
9, 4, ARMY,, 
9, 5, START LOG, , YIELD_FOOD 9.00 +/- 2.45,YIELD_PRODUCTION 10.38 +/- 6.23,YIELD_GOLD 6.25 +/- 4.71,YIELD_SCIENCE 2.88 +/- 1.35,YIELD_CULTURE 1.50 +/- 1.19,YIELD_FAITH 0.75 +/- 1.38,
9, 5, TRADE, TO -1, VAL 0.00
9, 5, CITY, 49:61, 0, 3, 100, 20.00, 1, 1, 11, 44, 0, Is original capital, Is capital
9, 5, CITY, 61:44, 0, 3, 100, 29.00, 1, 1, 3, 47, 0, Is original capital, Is capital
9, 5, CITY, 50:15, 0, 3, 100, 20.00, 1, 1, 3, 44, 0, Is original capital, Is capital
9, 5, CITY, 64:33, 0, 3, 100, 21.00, 1, 1, 3, 58, 0, Is original capital, Is capital
9, 5, CITY, 46:63, 0, 2, 100, 20.00, 1, 1, 8, 19, 0, Not original capital, Not capital
9, 5, CITY, 55:35, 0, 2, 100, 40.00, 1, 1, 8, 18, 0, Is original capital, Is capital
9, 5, CITY, 60:48, 0, 3, 100, 17.00, 1, 1, 0, 21, 0, Not original capital, Not capital
9, 5, CITY, 54:27, 0, 3, 100, 40.00, 1, 1, 13, 23, 1, Is original capital, Is capital
9, 5, ARMY,, UNIT_SCOUT 1 0,
9, 5, ARMY,, 
9, 5, ARMY,, 
9, 5, ARMY,, 
9, 5, ARMY,, UNIT_SETTLER 2 5,UNIT_BUILDER 3 0,UNIT_SCOUT 3 0,UNIT_AZTEC_EAGLE_WARRIOR 2 0,
9, 5, ARMY,, UNIT_SETTLER 3 8,UNIT_BUILDER 2 0,UNIT_WARRIOR 1 0,UNIT_CREE_OKIHTCITAW 2 0,UNIT_VAMPIRE 1 0,
9, 5, ARMY,, UNIT_SETTLER 2 8,UNIT_BUILDER 3 3,UNIT_SCOUT 2 0,UNIT_WARRIOR 2 0,
9, 5, ARMY,, UNIT_SETTLER 2 8,UNIT_BUILDER 2 0,UNIT_SCOUT 1 0,UNIT_WARRIOR 1 0,
9, 5, ARMY,, UNIT_WARRIOR 2 3,
9, 5, ARMY,, 
9, 5, ARMY,, 
9, 5, ARMY,, 
9, 5, ARMY,, 
9, 5, ARMY,, 
9, 5, ARMY,, UNIT_BUILDER 1 1,UNIT_WARRIOR 2 1,
9, 5, ARMY,, 
9, 5, ARMY,, 
9, 5, ARMY,, 
9, 5, ARMY,, 
9, 5, ARMY,, 
9, 6, START LOG, , YIELD_FOOD 9.00 +/- 2.45,YIELD_PRODUCTION 10.38 +/- 6.23,YIELD_GOLD 6.50 +/- 5.15,YIELD_SCIENCE 2.88 +/- 1.35,YIELD_CULTURE 1.50 +/- 1.19,YIELD_FAITH 1.00 +/- 1.92,
9, 6, TRADE, TO -1, VAL 0.00
9, 6, CITY, 61:44, 0, 3, 100, 29.00, 1, 1, 3, 47, 0, Is original capital, Is capital
9, 6, CITY, 49:61, 0, 3, 100, 20.00, 1, 1, 11, 44, 0, Is original capital, Is capital
9, 6, CITY, 64:33, 0, 3, 100, 21.00, 1, 1, 3, 58, 0, Is original capital, Is capital
9, 6, CITY, 50:15, 0, 3, 100, 20.00, 1, 1, 3, 44, 0, Is original capital, Is capital
9, 6, CITY, 55:35, 0, 2, 100, 40.00, 1, 1, 8, 18, 0, Is original capital, Is capital
9, 6, CITY, 60:48, 0, 3, 100, 17.00, 1, 1, 0, 21, 0, Not original capital, Not capital
9, 6, CITY, 46:63, 0, 2, 100, 20.00, 1, 1, 8, 19, 0, Not original capital, Not capital
9, 6, CITY, 54:27, 0, 3, 100, 40.00, 1, 1, 13, 23, 1, Is original capital, Is capital
9, 6, ARMY,, UNIT_SCOUT 1 0,
9, 6, ARMY,, 
9, 6, ARMY,, 
9, 6, ARMY,, 
9, 6, ARMY,, UNIT_SETTLER 2 5,UNIT_BUILDER 3 0,UNIT_SCOUT 3 0,UNIT_AZTEC_EAGLE_WARRIOR 2 0,
9, 6, ARMY,, UNIT_SETTLER 2 5,UNIT_BUILDER 3 0,UNIT_WARRIOR 1 0,UNIT_CREE_OKIHTCITAW 2 0,UNIT_VAMPIRE 1 0,
9, 6, ARMY,, UNIT_SETTLER 2 8,UNIT_BUILDER 3 3,UNIT_SCOUT 2 0,UNIT_WARRIOR 2 0,
9, 6, ARMY,, UNIT_SETTLER 2 8,UNIT_BUILDER 2 0,UNIT_SCOUT 1 0,UNIT_WARRIOR 1 0,
9, 6, ARMY,, UNIT_WARRIOR 1 0,
9, 6, ARMY,, 
9, 6, ARMY,, 
9, 6, ARMY,, 
9, 6, ARMY,, 
9, 6, ARMY,, 
9, 6, ARMY,, UNIT_BUILDER 1 2,UNIT_WARRIOR 2 2,
9, 6, ARMY,, 
9, 6, ARMY,, 
9, 6, ARMY,, 
9, 6, ARMY,, 
9, 6, ARMY,, 
9, 7, START LOG, , YIELD_FOOD 9.38 +/- 2.32,YIELD_PRODUCTION 10.88 +/- 6.62,YIELD_GOLD 6.75 +/- 5.28,YIELD_SCIENCE 2.88 +/- 1.35,YIELD_CULTURE 1.50 +/- 1.19,YIELD_FAITH 1.75 +/- 3.49,
9, 7, TRADE, TO -1, VAL 0.00
9, 7, CITY, 64:33, 0, 3, 100, 21.00, 1, 1, 13, 58, 0, Is original capital, Is capital
9, 7, CITY, 61:44, 0, 3, 100, 29.00, 1, 1, 3, 47, 0, Is original capital, Is capital
9, 7, CITY, 49:61, 0, 3, 100, 20.00, 1, 1, 11, 44, 0, Is original capital, Is capital
9, 7, CITY, 50:15, 0, 3, 100, 21.00, 1, 1, 3, 46, 0, Is original capital, Is capital
9, 7, CITY, 55:35, 0, 2, 100, 40.00, 1, 1, 8, 18, 0, Is original capital, Is capital
9, 7, CITY, 60:48, 0, 3, 100, 17.00, 1, 1, 0, 21, 0, Not original capital, Not capital
9, 7, CITY, 46:63, 0, 2, 100, 20.00, 1, 1, 8, 19, 0, Not original capital, Not capital
9, 7, CITY, 54:27, 0, 3, 100, 40.00, 1, 1, 13, 23, 1, Is original capital, Is capital
9, 7, ARMY,, UNIT_SCOUT 1 0,
9, 7, ARMY,, 
9, 7, ARMY,, 
9, 7, ARMY,, 
9, 7, ARMY,, UNIT_SETTLER 2 5,UNIT_BUILDER 3 0,UNIT_SCOUT 3 0,UNIT_AZTEC_EAGLE_WARRIOR 2 0,
9, 7, ARMY,, UNIT_SETTLER 2 5,UNIT_BUILDER 3 0,UNIT_WARRIOR 1 0,UNIT_CREE_OKIHTCITAW 2 0,UNIT_VAMPIRE 1 0,
9, 7, ARMY,, UNIT_SETTLER 1 0,UNIT_BUILDER 3 4,UNIT_SCOUT 2 0,UNIT_WARRIOR 2 0,
9, 7, ARMY,, UNIT_SETTLER 2 8,UNIT_BUILDER 2 0,UNIT_SCOUT 1 0,UNIT_WARRIOR 1 0,
9, 7, ARMY,, UNIT_WARRIOR 1 0,
9, 7, ARMY,, 
9, 7, ARMY,, 
9, 7, ARMY,, 
9, 7, ARMY,, 
9, 7, ARMY,, 
9, 7, ARMY,, UNIT_BUILDER 1 2,UNIT_WARRIOR 2 2,
9, 7, ARMY,, 
9, 7, ARMY,, 
9, 7, ARMY,, 
9, 7, ARMY,, 
9, 7, ARMY,, 
9, 8, START LOG, , YIELD_FOOD 0.00 +/- 0.00,YIELD_PRODUCTION 0.00 +/- 0.00,YIELD_GOLD 0.00 +/- 0.00,YIELD_SCIENCE 0.00 +/- 0.00,YIELD_CULTURE 0.00 +/- 0.00,YIELD_FAITH 0.00 +/- 0.00,
9, 8, TRADE, TO -1, VAL 2.25
9, 8, CITY, 55:35, 0, 2, 100, 40.00, 1, 1, 8, 18, 0, Is original capital, Is capital
9, 8, ARMY,, 
9, 8, ARMY,, 
9, 8, ARMY,, 
9, 8, ARMY,, 
9, 8, ARMY,, 
9, 8, ARMY,, UNIT_BUILDER 1 4,
9, 8, ARMY,, UNIT_SETTLER 1 0,UNIT_WARRIOR 1 0,
9, 8, ARMY,, 
9, 8, ARMY,, UNIT_SETTLER 1 8,UNIT_BUILDER 1 0,UNIT_WARRIOR 2 0,
9, 8, ARMY,, 
9, 8, ARMY,, 
9, 8, ARMY,, 
9, 8, ARMY,, 
9, 8, ARMY,, 
9, 8, ARMY,, 
9, 8, ARMY,, 
9, 8, ARMY,, 
9, 8, ARMY,, 
9, 8, ARMY,, 
9, 8, ARMY,, 
9, 9, START LOG, , YIELD_FOOD 0.00 +/- 0.00,YIELD_PRODUCTION 0.00 +/- 0.00,YIELD_GOLD 0.00 +/- 0.00,YIELD_SCIENCE 0.00 +/- 0.00,YIELD_CULTURE 0.00 +/- 0.00,YIELD_FAITH 0.00 +/- 0.00,
9, 9, TRADE, TO -1, VAL 0.00
9, 9, CITY, 64:1, 0, 3, 100, 40.00, 1, 1, 13, 25, 0, Is original capital, Is capital
9, 9, ARMY,, 
9, 9, ARMY,, 
9, 9, ARMY,, 
9, 9, ARMY,, 
9, 9, ARMY,, 
9, 9, ARMY,, 
9, 9, ARMY,, 
9, 9, ARMY,, 
9, 9, ARMY,, 
9, 9, ARMY,, UNIT_SETTLER 1 8,UNIT_BUILDER 1 0,UNIT_WARRIOR 2 0,
9, 9, ARMY,, 
9, 9, ARMY,, 
9, 9, ARMY,, 
9, 9, ARMY,, 
9, 9, ARMY,, 
9, 9, ARMY,, 
9, 9, ARMY,, 
9, 9, ARMY,, 
9, 9, ARMY,, 
9, 9, ARMY,, 
9, 10, START LOG, , YIELD_FOOD 0.00 +/- 0.00,YIELD_PRODUCTION 0.00 +/- 0.00,YIELD_GOLD 0.00 +/- 0.00,YIELD_SCIENCE 0.00 +/- 0.00,YIELD_CULTURE 0.00 +/- 0.00,YIELD_FAITH 0.00 +/- 0.00,
9, 10, TRADE, TO -1, VAL 0.00
9, 10, CITY, 58:65, 0, 4, 100, 40.00, 1, 1, 8, 30, 0, Is original capital, Is capital
9, 10, ARMY,, 
9, 10, ARMY,, 
9, 10, ARMY,, 
9, 10, ARMY,, 
9, 10, ARMY,, 
9, 10, ARMY,, 
9, 10, ARMY,, 
9, 10, ARMY,, 
9, 10, ARMY,, 
9, 10, ARMY,, 
9, 10, ARMY,, UNIT_SETTLER 1 8,UNIT_BUILDER 1 0,UNIT_WARRIOR 2 0,
9, 10, ARMY,, 
9, 10, ARMY,, 
9, 10, ARMY,, 
9, 10, ARMY,, 
9, 10, ARMY,, 
9, 10, ARMY,, 
9, 10, ARMY,, 
9, 10, ARMY,, 
9, 10, ARMY,, 
9, 11, START LOG, , YIELD_FOOD 0.00 +/- 0.00,YIELD_PRODUCTION 0.00 +/- 0.00,YIELD_GOLD 0.00 +/- 0.00,YIELD_SCIENCE 0.00 +/- 0.00,YIELD_CULTURE 0.00 +/- 0.00,YIELD_FAITH 0.00 +/- 0.00,
9, 11, TRADE, TO -1, VAL 0.00
9, 11, CITY, 70:13, 0, 2, 100, 40.00, 1, 1, 8, 20, 0, Is original capital, Is capital
9, 11, ARMY,, 
9, 11, ARMY,, 
9, 11, ARMY,, 
9, 11, ARMY,, 
9, 11, ARMY,, 
9, 11, ARMY,, 
9, 11, ARMY,, 
9, 11, ARMY,, 
9, 11, ARMY,, 
9, 11, ARMY,, 
9, 11, ARMY,, 
9, 11, ARMY,, UNIT_SETTLER 1 8,UNIT_BUILDER 1 0,UNIT_WARRIOR 2 0,
9, 11, ARMY,, 
9, 11, ARMY,, 
9, 11, ARMY,, 
9, 11, ARMY,, 
9, 11, ARMY,, 
9, 11, ARMY,, 
9, 11, ARMY,, 
9, 11, ARMY,, 
9, 12, START LOG, , YIELD_FOOD 0.00 +/- 0.00,YIELD_PRODUCTION 0.00 +/- 0.00,YIELD_GOLD 0.00 +/- 0.00,YIELD_SCIENCE 0.00 +/- 0.00,YIELD_CULTURE 0.00 +/- 0.00,YIELD_FAITH 0.00 +/- 0.00,
9, 12, TRADE, TO -1, VAL 0.00
9, 12, CITY, 25:23, 0, 3, 100, 40.00, 1, 1, 8, 24, 1, Is original capital, Is capital
9, 12, ARMY,, 
9, 12, ARMY,, 
9, 12, ARMY,, 
9, 12, ARMY,, 
9, 12, ARMY,, 
9, 12, ARMY,, 
9, 12, ARMY,, 
9, 12, ARMY,, 
9, 12, ARMY,, 
9, 12, ARMY,, 
9, 12, ARMY,, 
9, 12, ARMY,, 
9, 12, ARMY,, UNIT_SETTLER 1 8,UNIT_BUILDER 1 0,UNIT_WARRIOR 2 0,
9, 12, ARMY,, 
9, 12, ARMY,, 
9, 12, ARMY,, 
9, 12, ARMY,, 
9, 12, ARMY,, 
9, 12, ARMY,, 
9, 12, ARMY,, 
9, 13, START LOG, , YIELD_FOOD 0.00 +/- 0.00,YIELD_PRODUCTION 0.00 +/- 0.00,YIELD_GOLD 0.00 +/- 0.00,YIELD_SCIENCE 0.00 +/- 0.00,YIELD_CULTURE 0.00 +/- 0.00,YIELD_FAITH 0.00 +/- 0.00,
9, 13, TRADE, TO -1, VAL 0.00
9, 13, CITY, 41:49, 0, 2, 100, 40.00, 1, 1, 8, 19, 0, Is original capital, Is capital
9, 13, ARMY,, 
9, 13, ARMY,, 
9, 13, ARMY,, 
9, 13, ARMY,, 
9, 13, ARMY,, 
9, 13, ARMY,, 
9, 13, ARMY,, 
9, 13, ARMY,, 
9, 13, ARMY,, 
9, 13, ARMY,, 
9, 13, ARMY,, 
9, 13, ARMY,, 
9, 13, ARMY,, 
9, 13, ARMY,, UNIT_SETTLER 1 8,UNIT_BUILDER 1 0,UNIT_WARRIOR 2 0,
9, 13, ARMY,, 
9, 13, ARMY,, 
9, 13, ARMY,, 
9, 13, ARMY,, 
9, 13, ARMY,, 
9, 13, ARMY,, 
9, 14, START LOG, , YIELD_FOOD 0.00 +/- 0.00,YIELD_PRODUCTION 0.00 +/- 0.00,YIELD_GOLD 0.00 +/- 0.00,YIELD_SCIENCE 0.00 +/- 0.00,YIELD_CULTURE 0.00 +/- 0.00,YIELD_FAITH 0.00 +/- 0.00,
9, 14, TRADE, TO -1, VAL 1.80
9, 14, CITY, 54:27, 0, 3, 100, 40.00, 1, 1, 13, 23, 1, Is original capital, Is capital
9, 14, ARMY,, 
9, 14, ARMY,, 
9, 14, ARMY,, 
9, 14, ARMY,, 
9, 14, ARMY,, 
9, 14, ARMY,, UNIT_BUILDER 1 2,
9, 14, ARMY,, UNIT_SCOUT 1 3,
9, 14, ARMY,, 
9, 14, ARMY,, 
9, 14, ARMY,, 
9, 14, ARMY,, 
9, 14, ARMY,, 
9, 14, ARMY,, 
9, 14, ARMY,, 
9, 14, ARMY,, UNIT_SETTLER 1 8,UNIT_BUILDER 1 0,UNIT_WARRIOR 2 0,
9, 14, ARMY,, 
9, 14, ARMY,, 
9, 14, ARMY,, 
9, 14, ARMY,, 
9, 14, ARMY,, 
9, 15, START LOG, , YIELD_FOOD 0.00 +/- 0.00,YIELD_PRODUCTION 0.00 +/- 0.00,YIELD_GOLD 0.00 +/- 0.00,YIELD_SCIENCE 0.00 +/- 0.00,YIELD_CULTURE 0.00 +/- 0.00,YIELD_FAITH 0.00 +/- 0.00,
9, 15, TRADE, TO -1, VAL 0.00
9, 15, CITY, 45:34, 0, 4, 100, 40.00, 1, 1, 8, 29, 1, Is original capital, Is capital
9, 15, ARMY,, 
9, 15, ARMY,, 
9, 15, ARMY,, 
9, 15, ARMY,, 
9, 15, ARMY,, 
9, 15, ARMY,, 
9, 15, ARMY,, 
9, 15, ARMY,, 
9, 15, ARMY,, 
9, 15, ARMY,, 
9, 15, ARMY,, 
9, 15, ARMY,, 
9, 15, ARMY,, 
9, 15, ARMY,, 
9, 15, ARMY,, 
9, 15, ARMY,, UNIT_SETTLER 1 8,UNIT_BUILDER 1 0,UNIT_WARRIOR 2 0,
9, 15, ARMY,, 
9, 15, ARMY,, 
9, 15, ARMY,, 
9, 15, ARMY,, 
9, 16, START LOG, , YIELD_FOOD 0.00 +/- 0.00,YIELD_PRODUCTION 0.00 +/- 0.00,YIELD_GOLD 0.00 +/- 0.00,YIELD_SCIENCE 0.00 +/- 0.00,YIELD_CULTURE 0.00 +/- 0.00,YIELD_FAITH 0.00 +/- 0.00,
9, 16, TRADE, TO -1, VAL 0.00
9, 16, CITY, 14:16, 0, 3, 100, 40.00, 1, 1, 8, 23, 0, Is original capital, Is capital
9, 16, ARMY,, 
9, 16, ARMY,, 
9, 16, ARMY,, 
9, 16, ARMY,, 
9, 16, ARMY,, 
9, 16, ARMY,, 
9, 16, ARMY,, 
9, 16, ARMY,, 
9, 16, ARMY,, 
9, 16, ARMY,, 
9, 16, ARMY,, 
9, 16, ARMY,, 
9, 16, ARMY,, 
9, 16, ARMY,, 
9, 16, ARMY,, 
9, 16, ARMY,, 
9, 16, ARMY,, UNIT_SETTLER 1 8,UNIT_BUILDER 1 0,UNIT_WARRIOR 2 0,
9, 16, ARMY,, 
9, 16, ARMY,, 
9, 16, ARMY,, 
9, 17, START LOG, , YIELD_FOOD 0.00 +/- 0.00,YIELD_PRODUCTION 0.00 +/- 0.00,YIELD_GOLD 0.00 +/- 0.00,YIELD_SCIENCE 0.00 +/- 0.00,YIELD_CULTURE 0.00 +/- 0.00,YIELD_FAITH 0.00 +/- 0.00,
9, 17, TRADE, TO -1, VAL 0.00
9, 17, CITY, 10:59, 0, 3, 100, 40.00, 1, 1, 8, 23, 2, Is original capital, Is capital
9, 17, ARMY,, 
9, 17, ARMY,, 
9, 17, ARMY,, 
9, 17, ARMY,, 
9, 17, ARMY,, 
9, 17, ARMY,, 
9, 17, ARMY,, 
9, 17, ARMY,, 
9, 17, ARMY,, 
9, 17, ARMY,, 
9, 17, ARMY,, 
9, 17, ARMY,, 
9, 17, ARMY,, 
9, 17, ARMY,, 
9, 17, ARMY,, 
9, 17, ARMY,, 
9, 17, ARMY,, 
9, 17, ARMY,, UNIT_SETTLER 1 8,UNIT_BUILDER 1 0,UNIT_WARRIOR 2 0,
9, 17, ARMY,, 
9, 17, ARMY,, 
9, 62, START LOG, , YIELD_FOOD 0.00 +/- 0.00,YIELD_PRODUCTION 0.00 +/- 0.00,YIELD_GOLD 0.00 +/- 0.00,YIELD_SCIENCE 0.00 +/- 0.00,YIELD_CULTURE 0.00 +/- 0.00,YIELD_FAITH 0.00 +/- 0.00,
9, 62, TRADE, TO -1, VAL 4.79
9, 62, ARMY,, 
9, 62, ARMY,, 
9, 62, ARMY,, 
9, 62, ARMY,, 
9, 62, ARMY,, 
9, 62, ARMY,, 
9, 62, ARMY,, 
9, 62, ARMY,, 
9, 62, ARMY,, 
9, 62, ARMY,, 
9, 62, ARMY,, 
9, 62, ARMY,, 
9, 62, ARMY,, 
9, 62, ARMY,, 
9, 62, ARMY,, 
9, 62, ARMY,, 
9, 62, ARMY,, 
9, 62, ARMY,, 
9, 62, ARMY,, 
9, 62, ARMY,, 
9, 63, START LOG, , YIELD_FOOD 0.00 +/- 0.00,YIELD_PRODUCTION 0.00 +/- 0.00,YIELD_GOLD 0.00 +/- 0.00,YIELD_SCIENCE 0.00 +/- 0.00,YIELD_CULTURE 0.00 +/- 0.00,YIELD_FAITH 0.00 +/- 0.00,
9, 63, TRADE, TO -1, VAL 0.00
9, 63, ARMY,, 
9, 63, ARMY,, 
9, 63, ARMY,, 
9, 63, ARMY,, 
9, 63, ARMY,, 
9, 63, ARMY,, 
9, 63, ARMY,, 
9, 63, ARMY,, 
9, 63, ARMY,, 
9, 63, ARMY,, 
9, 63, ARMY,, 
9, 63, ARMY,, 
9, 63, ARMY,, 
9, 63, ARMY,, 
9, 63, ARMY,, 
9, 63, ARMY,, 
9, 63, ARMY,, 
9, 63, ARMY,, 
9, 63, ARMY,, 
9, 63, ARMY,, 
9, 0, START LOG, , YIELD_FOOD 10.50 +/- 4.20,YIELD_PRODUCTION 9.25 +/- 0.95,YIELD_GOLD 6.50 +/- 1.29,YIELD_SCIENCE 3.50 +/- 0.57,YIELD_CULTURE 2.25 +/- 0.49,YIELD_FAITH 0.75 +/- 0.49,
9, 0, TRADE, TO -1, VAL 4.79
9, 0, CITY, 33:13, 0, 2, 100, 28.00, 1, 1, 3, 30, 1, Is original capital, Is capital
9, 0, CITY, 11:25, 0, 4, 100, 28.00, 1, 1, 3, 39, 0, Is original capital, Is capital
9, 0, CITY, 10:41, 0, 3, 100, 28.00, 1, 1, 3, 35, 1, Is original capital, Is capital
9, 0, CITY, 31:62, 0, 2, 100, 28.00, 1, 1, 3, 27, 0, Is original capital, Is capital
9, 0, ARMY,, UNIT_SETTLER 2 9,UNIT_BUILDER 1 0,UNIT_SCOUT 1 0,UNIT_WARRIOR 1 0,UNIT_VAMPIRE 1 0,
9, 0, ARMY,, UNIT_SETTLER 1 9,UNIT_BUILDER 2 0,UNIT_WARRIOR 1 0,UNIT_BABYLONIAN_SABUM_KIBITTUM 1 0,
9, 0, ARMY,, UNIT_SETTLER 1 9,UNIT_SCOUT 3 0,UNIT_WARRIOR 1 0,
9, 0, ARMY,, UNIT_SETTLER 2 9,UNIT_BUILDER 1 0,UNIT_SCOUT 2 0,UNIT_WARRIOR 1 0,UNIT_VAMPIRE 1 0,
9, 0, ARMY,, UNIT_SCOUT 1 0,
9, 0, ARMY,, 
9, 0, ARMY,, 
9, 0, ARMY,, 
9, 0, ARMY,, 
9, 0, ARMY,, 
9, 0, ARMY,, 
9, 0, ARMY,, 
9, 0, ARMY,, 
9, 0, ARMY,, 
9, 0, ARMY,, 
9, 0, ARMY,, 
9, 0, ARMY,, 
9, 0, ARMY,, 
9, 0, ARMY,, 
9, 0, ARMY,, 
9, 1, START LOG, , YIELD_FOOD 10.50 +/- 4.20,YIELD_PRODUCTION 9.25 +/- 0.95,YIELD_GOLD 6.50 +/- 1.29,YIELD_SCIENCE 3.50 +/- 0.57,YIELD_CULTURE 2.25 +/- 0.49,YIELD_FAITH 0.75 +/- 0.49,
9, 1, TRADE, TO -1, VAL 2.45
9, 1, CITY, 33:13, 0, 2, 100, 28.00, 1, 1, 3, 30, 1, Is original capital, Is capital
9, 1, CITY, 11:25, 0, 4, 100, 28.00, 1, 1, 3, 39, 0, Is original capital, Is capital
9, 1, CITY, 10:41, 0, 3, 100, 28.00, 1, 1, 3, 35, 1, Is original capital, Is capital
9, 1, CITY, 31:62, 0, 2, 100, 28.00, 1, 1, 3, 27, 0, Is original capital, Is capital
9, 1, ARMY,, UNIT_SETTLER 2 8,UNIT_BUILDER 1 0,UNIT_SCOUT 1 0,UNIT_WARRIOR 1 0,UNIT_VAMPIRE 1 0,
9, 1, ARMY,, UNIT_SETTLER 2 8,UNIT_BUILDER 2 0,UNIT_WARRIOR 1 0,UNIT_BABYLONIAN_SABUM_KIBITTUM 1 0,
9, 1, ARMY,, UNIT_SETTLER 1 8,UNIT_SCOUT 3 0,UNIT_WARRIOR 1 0,
9, 1, ARMY,, UNIT_SETTLER 2 8,UNIT_BUILDER 1 0,UNIT_SCOUT 2 0,UNIT_WARRIOR 1 0,UNIT_VAMPIRE 1 0,
9, 1, ARMY,, UNIT_SCOUT 1 0,
9, 1, ARMY,, 
9, 1, ARMY,, 
9, 1, ARMY,, 
9, 1, ARMY,, 
9, 1, ARMY,, 
9, 1, ARMY,, 
9, 1, ARMY,, 
9, 1, ARMY,, 
9, 1, ARMY,, 
9, 1, ARMY,, 
9, 1, ARMY,, 
9, 1, ARMY,, 
9, 1, ARMY,, 
9, 1, ARMY,, 
9, 1, ARMY,, 
9, 2, START LOG, , YIELD_FOOD 10.50 +/- 4.20,YIELD_PRODUCTION 9.25 +/- 0.95,YIELD_GOLD 6.50 +/- 1.29,YIELD_SCIENCE 3.50 +/- 0.57,YIELD_CULTURE 2.25 +/- 0.49,YIELD_FAITH 0.75 +/- 0.49,
9, 2, TRADE, TO -1, VAL 2.45
9, 2, CITY, 33:13, 0, 2, 100, 28.00, 1, 1, 3, 30, 1, Is original capital, Is capital
9, 2, CITY, 11:25, 0, 4, 100, 28.00, 1, 1, 3, 39, 0, Is original capital, Is capital
9, 2, CITY, 10:41, 0, 3, 100, 28.00, 1, 1, 3, 35, 1, Is original capital, Is capital
9, 2, CITY, 31:62, 0, 2, 100, 28.00, 1, 1, 3, 27, 0, Is original capital, Is capital
9, 2, ARMY,, UNIT_SETTLER 2 11,UNIT_BUILDER 1 0,UNIT_SCOUT 1 0,UNIT_WARRIOR 1 0,UNIT_VAMPIRE 1 0,
9, 2, ARMY,, UNIT_SETTLER 2 11,UNIT_BUILDER 2 0,UNIT_WARRIOR 1 0,UNIT_BABYLONIAN_SABUM_KIBITTUM 1 0,
9, 2, ARMY,, UNIT_SETTLER 1 11,UNIT_SCOUT 3 0,UNIT_WARRIOR 1 0,
9, 2, ARMY,, UNIT_SETTLER 2 11,UNIT_BUILDER 1 0,UNIT_SCOUT 2 0,UNIT_WARRIOR 1 0,UNIT_VAMPIRE 1 0,
9, 2, ARMY,, UNIT_SCOUT 1 0,
9, 2, ARMY,, 
9, 2, ARMY,, 
9, 2, ARMY,, 
9, 2, ARMY,, 
9, 2, ARMY,, 
9, 2, ARMY,, 
9, 2, ARMY,, 
9, 2, ARMY,, 
9, 2, ARMY,, 
9, 2, ARMY,, 
9, 2, ARMY,, 
9, 2, ARMY,, 
9, 2, ARMY,, 
9, 2, ARMY,, 
9, 2, ARMY,, 
9, 3, START LOG, , YIELD_FOOD 10.50 +/- 4.20,YIELD_PRODUCTION 9.25 +/- 0.95,YIELD_GOLD 6.50 +/- 1.29,YIELD_SCIENCE 3.50 +/- 0.57,YIELD_CULTURE 2.25 +/- 0.49,YIELD_FAITH 0.75 +/- 0.49,
9, 3, TRADE, TO -1, VAL 2.45
9, 3, CITY, 33:13, 0, 2, 100, 28.00, 1, 1, 3, 30, 1, Is original capital, Is capital
9, 3, CITY, 11:25, 0, 4, 100, 28.00, 1, 1, 3, 39, 0, Is original capital, Is capital
9, 3, CITY, 10:41, 0, 3, 100, 28.00, 1, 1, 3, 35, 1, Is original capital, Is capital
9, 3, CITY, 31:62, 0, 2, 100, 28.00, 1, 1, 3, 27, 0, Is original capital, Is capital
9, 3, ARMY,, UNIT_SETTLER 2 9,UNIT_BUILDER 1 0,UNIT_SCOUT 1 0,UNIT_WARRIOR 1 0,UNIT_VAMPIRE 1 0,
9, 3, ARMY,, UNIT_SETTLER 2 9,UNIT_BUILDER 2 0,UNIT_WARRIOR 1 0,UNIT_BABYLONIAN_SABUM_KIBITTUM 1 0,
9, 3, ARMY,, UNIT_SETTLER 1 9,UNIT_SCOUT 3 0,UNIT_WARRIOR 1 0,
9, 3, ARMY,, UNIT_SETTLER 2 9,UNIT_BUILDER 1 0,UNIT_SCOUT 2 0,UNIT_WARRIOR 1 0,UNIT_VAMPIRE 1 0,
9, 3, ARMY,, UNIT_SCOUT 1 0,
9, 3, ARMY,, 
9, 3, ARMY,, 
9, 3, ARMY,, 
9, 3, ARMY,, 
9, 3, ARMY,, 
9, 3, ARMY,, 
9, 3, ARMY,, 
9, 3, ARMY,, 
9, 3, ARMY,, 
9, 3, ARMY,, 
9, 3, ARMY,, 
9, 3, ARMY,, 
9, 3, ARMY,, 
9, 3, ARMY,, 
9, 3, ARMY,, 
9, 2, START LOG, , YIELD_FOOD 9.99 +/- 3.46,YIELD_PRODUCTION 8.39 +/- 2.07,YIELD_GOLD 6.20 +/- 1.09,YIELD_SCIENCE 3.39 +/- 0.54,YIELD_CULTURE 1.99 +/- 0.71,YIELD_FAITH 0.80 +/- 0.43,
9, 2, TRADE, TO -1, VAL 0.00
9, 2, CITY, 33:13, 0, 2, 100, 28.00, 1, 1, 3, 30, 1, Is original capital, Is capital
9, 2, CITY, 11:25, 0, 4, 100, 28.00, 1, 1, 3, 39, 0, Is original capital, Is capital
9, 2, CITY, 10:41, 0, 3, 100, 28.00, 1, 1, 3, 35, 1, Is original capital, Is capital
9, 2, CITY, 31:62, 0, 2, 100, 28.00, 1, 1, 3, 27, 0, Is original capital, Is capital
9, 2, CITY, 14:16, 0, 3, 100, 40.00, 1, 1, 8, 23, 0, Is original capital, Is capital
9, 2, ARMY,, UNIT_SETTLER 2 12,UNIT_BUILDER 2 0,UNIT_SCOUT 1 0,UNIT_WARRIOR 1 0,UNIT_VAMPIRE 1 0,
9, 2, ARMY,, UNIT_SETTLER 2 12,UNIT_BUILDER 2 0,UNIT_WARRIOR 1 0,UNIT_BABYLONIAN_SABUM_KIBITTUM 1 0,
9, 2, ARMY,, UNIT_SETTLER 1 12,UNIT_SCOUT 3 0,UNIT_WARRIOR 1 0,
9, 2, ARMY,, UNIT_SETTLER 2 12,UNIT_BUILDER 1 0,UNIT_SCOUT 2 0,UNIT_WARRIOR 1 0,UNIT_VAMPIRE 1 0,
9, 2, ARMY,, UNIT_BUILDER 1 0,UNIT_SCOUT 1 0,
9, 2, ARMY,, 
9, 2, ARMY,, 
9, 2, ARMY,, 
9, 2, ARMY,, 
9, 2, ARMY,, 
9, 2, ARMY,, 
9, 2, ARMY,, 
9, 2, ARMY,, 
9, 2, ARMY,, 
9, 2, ARMY,, 
9, 2, ARMY,, 
9, 2, ARMY,, 
9, 2, ARMY,, 
9, 2, ARMY,, 
9, 2, ARMY,, 
1, 5, START LOG, , YIELD_FOOD 0.00 +/- 0.00,YIELD_PRODUCTION 0.00 +/- 0.00,YIELD_GOLD 0.00 +/- 0.00,YIELD_SCIENCE 0.00 +/- 0.00,YIELD_CULTURE 0.00 +/- 0.00,YIELD_FAITH 0.00 +/- 0.00,
1, 5, TRADE, TO -1, VAL 0.00
1, 5, ARMY,, 
1, 5, ARMY,, 
1, 5, ARMY,, 
1, 5, ARMY,, 
1, 5, ARMY,, 
1, 5, ARMY,, UNIT_SETTLER 1 0,UNIT_WARRIOR 1 0,
1, 5, ARMY,, UNIT_SETTLER 1 0,UNIT_WARRIOR 1 0,
1, 5, ARMY,, UNIT_SETTLER 1 0,UNIT_WARRIOR 1 0,
1, 5, ARMY,, UNIT_SETTLER 1 0,UNIT_WARRIOR 1 0,
1, 5, ARMY,, UNIT_SETTLER 1 0,UNIT_WARRIOR 1 0,
1, 5, ARMY,, 
1, 5, ARMY,, 
1, 5, ARMY,, 
1, 5, ARMY,, 
1, 5, ARMY,, 
1, 5, ARMY,, 
1, 5, ARMY,, 
1, 5, ARMY,, 
1, 5, ARMY,, 
1, 5, ARMY,, 
1, 5, ARMY,, 
1, 5, ARMY,, 
1, 5, ARMY,, 
1, 5, ARMY,, 
1, 6, START LOG, , YIELD_FOOD 0.00 +/- 0.00,YIELD_PRODUCTION 0.00 +/- 0.00,YIELD_GOLD 0.00 +/- 0.00,YIELD_SCIENCE 0.00 +/- 0.00,YIELD_CULTURE 0.00 +/- 0.00,YIELD_FAITH 0.00 +/- 0.00,
1, 6, TRADE, TO -1, VAL 0.00
1, 6, CITY, 26:70, 0, 1, 100, 0.00, 1, 1, 3, 27, 0, Is original capital, Is capital
1, 6, ARMY,, 
1, 6, ARMY,, 
1, 6, ARMY,, 
1, 6, ARMY,, 
1, 6, ARMY,, 
1, 6, ARMY,, UNIT_SETTLER 1 0,UNIT_SCOUT 1 0,UNIT_WARRIOR 1 0,
1, 6, ARMY,, UNIT_SETTLER 1 0,UNIT_WARRIOR 1 0,
1, 6, ARMY,, UNIT_SETTLER 1 0,UNIT_WARRIOR 1 0,
1, 6, ARMY,, UNIT_SETTLER 1 0,UNIT_WARRIOR 1 0,
1, 6, ARMY,, UNIT_SETTLER 1 0,UNIT_WARRIOR 1 0,
1, 6, ARMY,, 
1, 6, ARMY,, 
1, 6, ARMY,, 
1, 6, ARMY,, 
1, 6, ARMY,, 
1, 6, ARMY,, 
1, 6, ARMY,, 
1, 6, ARMY,, 
1, 6, ARMY,, 
1, 6, ARMY,, 
1, 6, ARMY,, 
1, 6, ARMY,, 
1, 6, ARMY,, 
1, 6, ARMY,, 
1, 7, START LOG, , YIELD_FOOD 0.00 +/- 0.00,YIELD_PRODUCTION 0.00 +/- 0.00,YIELD_GOLD 0.00 +/- 0.00,YIELD_SCIENCE 0.00 +/- 0.00,YIELD_CULTURE 0.00 +/- 0.00,YIELD_FAITH 0.00 +/- 0.00,
1, 7, TRADE, TO -1, VAL 0.00
1, 7, CITY, 13:58, 0, 1, 100, 0.00, 1, 1, 3, 28, 0, Is original capital, Is capital
1, 7, CITY, 26:70, 0, 1, 100, 0.00, 1, 1, 3, 27, 0, Is original capital, Is capital
1, 7, ARMY,, 
1, 7, ARMY,, 
1, 7, ARMY,, 
1, 7, ARMY,, 
1, 7, ARMY,, 
1, 7, ARMY,, UNIT_SETTLER 1 0,UNIT_SCOUT 1 0,UNIT_WARRIOR 1 0,
1, 7, ARMY,, UNIT_SETTLER 1 0,UNIT_SCOUT 1 0,UNIT_WARRIOR 1 0,
1, 7, ARMY,, UNIT_SETTLER 1 0,UNIT_WARRIOR 1 0,
1, 7, ARMY,, UNIT_SETTLER 1 0,UNIT_WARRIOR 1 0,
1, 7, ARMY,, UNIT_SETTLER 1 0,UNIT_WARRIOR 1 0,
1, 7, ARMY,, 
1, 7, ARMY,, 
1, 7, ARMY,, 
1, 7, ARMY,, 
1, 7, ARMY,, 
1, 7, ARMY,, 
1, 7, ARMY,, 
1, 7, ARMY,, 
1, 7, ARMY,, 
1, 7, ARMY,, 
1, 7, ARMY,, 
1, 7, ARMY,, 
1, 7, ARMY,, 
1, 7, ARMY,, 
1, 8, START LOG, , YIELD_FOOD 0.00 +/- 0.00,YIELD_PRODUCTION 0.00 +/- 0.00,YIELD_GOLD 0.00 +/- 0.00,YIELD_SCIENCE 0.00 +/- 0.00,YIELD_CULTURE 0.00 +/- 0.00,YIELD_FAITH 0.00 +/- 0.00,
1, 8, TRADE, TO -1, VAL 0.00
1, 8, CITY, 11:43, 0, 1, 100, 0.00, 1, 1, 3, 28, 0, Is original capital, Is capital
1, 8, CITY, 13:58, 0, 1, 100, 0.00, 1, 1, 3, 28, 0, Is original capital, Is capital
1, 8, CITY, 26:70, 0, 1, 100, 0.00, 1, 1, 3, 27, 0, Is original capital, Is capital
1, 8, ARMY,, 
1, 8, ARMY,, 
1, 8, ARMY,, 
1, 8, ARMY,, 
1, 8, ARMY,, 
1, 8, ARMY,, UNIT_SETTLER 1 0,UNIT_SCOUT 1 0,UNIT_WARRIOR 1 0,
1, 8, ARMY,, UNIT_SETTLER 1 0,UNIT_SCOUT 1 0,UNIT_WARRIOR 1 0,
1, 8, ARMY,, UNIT_SETTLER 1 0,UNIT_SCOUT 1 0,UNIT_WARRIOR 1 0,
1, 8, ARMY,, UNIT_SETTLER 1 0,UNIT_WARRIOR 1 0,
1, 8, ARMY,, UNIT_SETTLER 1 0,UNIT_WARRIOR 1 0,
1, 8, ARMY,, 
1, 8, ARMY,, 
1, 8, ARMY,, 
1, 8, ARMY,, 
1, 8, ARMY,, 
1, 8, ARMY,, 
1, 8, ARMY,, 
1, 8, ARMY,, 
1, 8, ARMY,, 
1, 8, ARMY,, 
1, 8, ARMY,, 
1, 8, ARMY,, 
1, 8, ARMY,, 
1, 8, ARMY,, 
1, 9, START LOG, , YIELD_FOOD 0.00 +/- 0.00,YIELD_PRODUCTION 0.00 +/- 0.00,YIELD_GOLD 0.00 +/- 0.00,YIELD_SCIENCE 0.00 +/- 0.00,YIELD_CULTURE 0.00 +/- 0.00,YIELD_FAITH 0.00 +/- 0.00,
1, 9, TRADE, TO -1, VAL 0.00
1, 9, CITY, 23:15, 0, 1, 100, 0.00, 1, 1, 3, 34, 0, Is original capital, Is capital
1, 9, CITY, 11:43, 0, 1, 100, 0.00, 1, 1, 3, 28, 0, Is original capital, Is capital
1, 9, CITY, 13:58, 0, 1, 100, 0.00, 1, 1, 3, 28, 0, Is original capital, Is capital
1, 9, CITY, 26:70, 0, 1, 100, 0.00, 1, 1, 3, 27, 0, Is original capital, Is capital
1, 9, ARMY,, 
1, 9, ARMY,, 
1, 9, ARMY,, 
1, 9, ARMY,, 
1, 9, ARMY,, 
1, 9, ARMY,, UNIT_SETTLER 1 0,UNIT_SCOUT 1 0,UNIT_WARRIOR 1 0,
1, 9, ARMY,, UNIT_SETTLER 1 0,UNIT_SCOUT 1 0,UNIT_WARRIOR 1 0,
1, 9, ARMY,, UNIT_SETTLER 1 0,UNIT_SCOUT 1 0,UNIT_WARRIOR 1 0,
1, 9, ARMY,, UNIT_SETTLER 1 0,UNIT_SCOUT 1 0,UNIT_WARRIOR 1 0,
1, 9, ARMY,, UNIT_SETTLER 1 0,UNIT_WARRIOR 1 0,
1, 9, ARMY,, 
1, 9, ARMY,, 
1, 9, ARMY,, 
1, 9, ARMY,, 
1, 9, ARMY,, 
1, 9, ARMY,, 
1, 9, ARMY,, 
1, 9, ARMY,, 
1, 9, ARMY,, 
1, 9, ARMY,, 
1, 9, ARMY,, 
1, 9, ARMY,, 
1, 9, ARMY,, 
1, 9, ARMY,, 
1, 10, START LOG, , YIELD_FOOD 0.00 +/- 0.00,YIELD_PRODUCTION 0.00 +/- 0.00,YIELD_GOLD 0.00 +/- 0.00,YIELD_SCIENCE 0.00 +/- 0.00,YIELD_CULTURE 0.00 +/- 0.00,YIELD_FAITH 0.00 +/- 0.00,
1, 10, TRADE, TO -1, VAL 0.00
1, 10, ARMY,, 
1, 10, ARMY,, 
1, 10, ARMY,, 
1, 10, ARMY,, 
1, 10, ARMY,, 
1, 10, ARMY,, 
1, 10, ARMY,, 
1, 10, ARMY,, 
1, 10, ARMY,, 
1, 10, ARMY,, 
1, 10, ARMY,, UNIT_SETTLER 1 0,UNIT_WARRIOR 2 0,
1, 10, ARMY,, 
1, 10, ARMY,, 
1, 10, ARMY,, 
1, 10, ARMY,, 
1, 10, ARMY,, 
1, 10, ARMY,, 
1, 10, ARMY,, 
1, 10, ARMY,, 
1, 10, ARMY,, 
1, 10, ARMY,, 
1, 10, ARMY,, 
1, 10, ARMY,, 
1, 10, ARMY,, 
1, 11, START LOG, , YIELD_FOOD 0.00 +/- 0.00,YIELD_PRODUCTION 0.00 +/- 0.00,YIELD_GOLD 0.00 +/- 0.00,YIELD_SCIENCE 0.00 +/- 0.00,YIELD_CULTURE 0.00 +/- 0.00,YIELD_FAITH 0.00 +/- 0.00,
1, 11, TRADE, TO -1, VAL 0.00
1, 11, ARMY,, 
1, 11, ARMY,, 
1, 11, ARMY,, 
1, 11, ARMY,, 
1, 11, ARMY,, 
1, 11, ARMY,, 
1, 11, ARMY,, 
1, 11, ARMY,, 
1, 11, ARMY,, 
1, 11, ARMY,, 
1, 11, ARMY,, 
1, 11, ARMY,, UNIT_SETTLER 1 0,UNIT_WARRIOR 2 0,
1, 11, ARMY,, 
1, 11, ARMY,, 
1, 11, ARMY,, 
1, 11, ARMY,, 
1, 11, ARMY,, 
1, 11, ARMY,, 
1, 11, ARMY,, 
1, 11, ARMY,, 
1, 11, ARMY,, 
1, 11, ARMY,, 
1, 11, ARMY,, 
1, 11, ARMY,, 
1, 12, START LOG, , YIELD_FOOD 0.00 +/- 0.00,YIELD_PRODUCTION 0.00 +/- 0.00,YIELD_GOLD 0.00 +/- 0.00,YIELD_SCIENCE 0.00 +/- 0.00,YIELD_CULTURE 0.00 +/- 0.00,YIELD_FAITH 0.00 +/- 0.00,
1, 12, TRADE, TO -1, VAL 0.00
1, 12, ARMY,, 
1, 12, ARMY,, 
1, 12, ARMY,, 
1, 12, ARMY,, 
1, 12, ARMY,, 
1, 12, ARMY,, 
1, 12, ARMY,, 
1, 12, ARMY,, 
1, 12, ARMY,, 
1, 12, ARMY,, 
1, 12, ARMY,, 
1, 12, ARMY,, 
1, 12, ARMY,, UNIT_SETTLER 1 0,UNIT_WARRIOR 2 0,
1, 12, ARMY,, 
1, 12, ARMY,, 
1, 12, ARMY,, 
1, 12, ARMY,, 
1, 12, ARMY,, 
1, 12, ARMY,, 
1, 12, ARMY,, 
1, 12, ARMY,, 
1, 12, ARMY,, UNIT_SETTLER 1 0,UNIT_WARRIOR 2 0,
1, 12, ARMY,, 
1, 12, ARMY,, 
1, 13, START LOG, , YIELD_FOOD 0.00 +/- 0.00,YIELD_PRODUCTION 0.00 +/- 0.00,YIELD_GOLD 0.00 +/- 0.00,YIELD_SCIENCE 0.00 +/- 0.00,YIELD_CULTURE 0.00 +/- 0.00,YIELD_FAITH 0.00 +/- 0.00,
1, 13, TRADE, TO -1, VAL 0.00
1, 13, ARMY,, 
1, 13, ARMY,, 
1, 13, ARMY,, 
1, 13, ARMY,, 
1, 13, ARMY,, 
1, 13, ARMY,, 
1, 13, ARMY,, 
1, 13, ARMY,, 
1, 13, ARMY,, 
1, 13, ARMY,, 
1, 13, ARMY,, 
1, 13, ARMY,, 
1, 13, ARMY,, 
1, 13, ARMY,, UNIT_SETTLER 1 0,UNIT_WARRIOR 2 0,
1, 13, ARMY,, 
1, 13, ARMY,, 
1, 13, ARMY,, 
1, 13, ARMY,, 
1, 13, ARMY,, 
1, 13, ARMY,, 
1, 13, ARMY,, 
1, 13, ARMY,, 
1, 13, ARMY,, 
1, 13, ARMY,, 
1, 14, START LOG, , YIELD_FOOD 0.00 +/- 0.00,YIELD_PRODUCTION 0.00 +/- 0.00,YIELD_GOLD 0.00 +/- 0.00,YIELD_SCIENCE 0.00 +/- 0.00,YIELD_CULTURE 0.00 +/- 0.00,YIELD_FAITH 0.00 +/- 0.00,
1, 14, TRADE, TO -1, VAL 0.00
1, 14, ARMY,, 
1, 14, ARMY,, 
1, 14, ARMY,, 
1, 14, ARMY,, 
1, 14, ARMY,, 
1, 14, ARMY,, 
1, 14, ARMY,, 
1, 14, ARMY,, 
1, 14, ARMY,, 
1, 14, ARMY,, 
1, 14, ARMY,, 
1, 14, ARMY,, 
1, 14, ARMY,, 
1, 14, ARMY,, 
1, 14, ARMY,, UNIT_SETTLER 1 0,UNIT_WARRIOR 2 0,
1, 14, ARMY,, 
1, 14, ARMY,, 
1, 14, ARMY,, 
1, 14, ARMY,, 
1, 14, ARMY,, 
1, 14, ARMY,, 
1, 14, ARMY,, 
1, 14, ARMY,, 
1, 14, ARMY,, 
1, 15, START LOG, , YIELD_FOOD 0.00 +/- 0.00,YIELD_PRODUCTION 0.00 +/- 0.00,YIELD_GOLD 0.00 +/- 0.00,YIELD_SCIENCE 0.00 +/- 0.00,YIELD_CULTURE 0.00 +/- 0.00,YIELD_FAITH 0.00 +/- 0.00,
1, 15, TRADE, TO -1, VAL 0.00
1, 15, ARMY,, 
1, 15, ARMY,, 
1, 15, ARMY,, 
1, 15, ARMY,, 
1, 15, ARMY,, 
1, 15, ARMY,, 
1, 15, ARMY,, 
1, 15, ARMY,, 
1, 15, ARMY,, 
1, 15, ARMY,, 
1, 15, ARMY,, 
1, 15, ARMY,, 
1, 15, ARMY,, 
1, 15, ARMY,, 
1, 15, ARMY,, 
1, 15, ARMY,, UNIT_SETTLER 1 0,UNIT_WARRIOR 2 0,
1, 15, ARMY,, 
1, 15, ARMY,, 
1, 15, ARMY,, 
1, 15, ARMY,, 
1, 15, ARMY,, 
1, 15, ARMY,, 
1, 15, ARMY,, 
1, 15, ARMY,, 
1, 16, START LOG, , YIELD_FOOD 0.00 +/- 0.00,YIELD_PRODUCTION 0.00 +/- 0.00,YIELD_GOLD 0.00 +/- 0.00,YIELD_SCIENCE 0.00 +/- 0.00,YIELD_CULTURE 0.00 +/- 0.00,YIELD_FAITH 0.00 +/- 0.00,
1, 16, TRADE, TO -1, VAL 0.00
1, 16, ARMY,, 
1, 16, ARMY,, 
1, 16, ARMY,, 
1, 16, ARMY,, 
1, 16, ARMY,, 
1, 16, ARMY,, 
1, 16, ARMY,, 
1, 16, ARMY,, 
1, 16, ARMY,, 
1, 16, ARMY,, 
1, 16, ARMY,, 
1, 16, ARMY,, 
1, 16, ARMY,, 
1, 16, ARMY,, 
1, 16, ARMY,, 
1, 16, ARMY,, 
1, 16, ARMY,, UNIT_SETTLER 1 0,UNIT_WARRIOR 2 0,
1, 16, ARMY,, 
1, 16, ARMY,, 
1, 16, ARMY,, 
1, 16, ARMY,, 
1, 16, ARMY,, 
1, 16, ARMY,, 
1, 16, ARMY,, 
1, 17, START LOG, , YIELD_FOOD 0.00 +/- 0.00,YIELD_PRODUCTION 0.00 +/- 0.00,YIELD_GOLD 0.00 +/- 0.00,YIELD_SCIENCE 0.00 +/- 0.00,YIELD_CULTURE 0.00 +/- 0.00,YIELD_FAITH 0.00 +/- 0.00,
1, 17, TRADE, TO -1, VAL 0.00
1, 17, ARMY,, 
1, 17, ARMY,, 
1, 17, ARMY,, 
1, 17, ARMY,, 
1, 17, ARMY,, 
1, 17, ARMY,, 
1, 17, ARMY,, 
1, 17, ARMY,, 
1, 17, ARMY,, 
1, 17, ARMY,, 
1, 17, ARMY,, 
1, 17, ARMY,, 
1, 17, ARMY,, 
1, 17, ARMY,, 
1, 17, ARMY,, 
1, 17, ARMY,, 
1, 17, ARMY,, 
1, 17, ARMY,, UNIT_SETTLER 1 0,UNIT_WARRIOR 2 0,
1, 17, ARMY,, 
1, 17, ARMY,, 
1, 17, ARMY,, 
1, 17, ARMY,, 
1, 17, ARMY,, 
1, 17, ARMY,, 
1, 18, START LOG, , YIELD_FOOD 0.00 +/- 0.00,YIELD_PRODUCTION 0.00 +/- 0.00,YIELD_GOLD 0.00 +/- 0.00,YIELD_SCIENCE 0.00 +/- 0.00,YIELD_CULTURE 0.00 +/- 0.00,YIELD_FAITH 0.00 +/- 0.00,
1, 18, TRADE, TO -1, VAL 0.00
1, 18, ARMY,, 
1, 18, ARMY,, 
1, 18, ARMY,, 
1, 18, ARMY,, 
1, 18, ARMY,, 
1, 18, ARMY,, 
1, 18, ARMY,, 
1, 18, ARMY,, 
1, 18, ARMY,, 
1, 18, ARMY,, 
1, 18, ARMY,, 
1, 18, ARMY,, 
1, 18, ARMY,, 
1, 18, ARMY,, 
1, 18, ARMY,, 
1, 18, ARMY,, 
1, 18, ARMY,, 
1, 18, ARMY,, 
1, 18, ARMY,, UNIT_SETTLER 1 0,UNIT_WARRIOR 2 0,
1, 18, ARMY,, 
1, 18, ARMY,, 
1, 18, ARMY,, 
1, 18, ARMY,, 
1, 18, ARMY,, 
1, 19, START LOG, , YIELD_FOOD 0.00 +/- 0.00,YIELD_PRODUCTION 0.00 +/- 0.00,YIELD_GOLD 0.00 +/- 0.00,YIELD_SCIENCE 0.00 +/- 0.00,YIELD_CULTURE 0.00 +/- 0.00,YIELD_FAITH 0.00 +/- 0.00,
1, 19, TRADE, TO -1, VAL 0.00
1, 19, ARMY,, 
1, 19, ARMY,, 
1, 19, ARMY,, 
1, 19, ARMY,, 
1, 19, ARMY,, 
1, 19, ARMY,, 
1, 19, ARMY,, 
1, 19, ARMY,, 
1, 19, ARMY,, 
1, 19, ARMY,, 
1, 19, ARMY,, 
1, 19, ARMY,, 
1, 19, ARMY,, 
1, 19, ARMY,, 
1, 19, ARMY,, 
1, 19, ARMY,, 
1, 19, ARMY,, 
1, 19, ARMY,, 
1, 19, ARMY,, 
1, 19, ARMY,, UNIT_SETTLER 1 0,UNIT_WARRIOR 2 0,
1, 19, ARMY,, 
1, 19, ARMY,, 
1, 19, ARMY,, 
1, 19, ARMY,, 
1, 20, START LOG, , YIELD_FOOD 0.00 +/- 0.00,YIELD_PRODUCTION 0.00 +/- 0.00,YIELD_GOLD 0.00 +/- 0.00,YIELD_SCIENCE 0.00 +/- 0.00,YIELD_CULTURE 0.00 +/- 0.00,YIELD_FAITH 0.00 +/- 0.00,
1, 20, TRADE, TO -1, VAL 0.00
1, 20, ARMY,, 
1, 20, ARMY,, 
1, 20, ARMY,, 
1, 20, ARMY,, 
1, 20, ARMY,, 
1, 20, ARMY,, 
1, 20, ARMY,, 
1, 20, ARMY,, 
1, 20, ARMY,, 
1, 20, ARMY,, 
1, 20, ARMY,, 
1, 20, ARMY,, 
1, 20, ARMY,, 
1, 20, ARMY,, 
1, 20, ARMY,, 
1, 20, ARMY,, 
1, 20, ARMY,, 
1, 20, ARMY,, 
1, 20, ARMY,, 
1, 20, ARMY,, 
1, 20, ARMY,, UNIT_SETTLER 1 0,UNIT_WARRIOR 2 0,
1, 20, ARMY,, 
1, 20, ARMY,, 
1, 20, ARMY,, 
1, 21, START LOG, , YIELD_FOOD 0.00 +/- 0.00,YIELD_PRODUCTION 0.00 +/- 0.00,YIELD_GOLD 0.00 +/- 0.00,YIELD_SCIENCE 0.00 +/- 0.00,YIELD_CULTURE 0.00 +/- 0.00,YIELD_FAITH 0.00 +/- 0.00,
1, 21, TRADE, TO -1, VAL 0.00
1, 21, CITY, 66:72, 0, 1, 100, 0.00, 1, 1, 8, 16, 0, Is original capital, Is capital
1, 21, ARMY,, 
1, 21, ARMY,, 
1, 21, ARMY,, 
1, 21, ARMY,, 
1, 21, ARMY,, 
1, 21, ARMY,, 
1, 21, ARMY,, 
1, 21, ARMY,, 
1, 21, ARMY,, 
1, 21, ARMY,, 
1, 21, ARMY,, 
1, 21, ARMY,, 
1, 21, ARMY,, UNIT_WARRIOR 2 0,
1, 21, ARMY,, 
1, 21, ARMY,, 
1, 21, ARMY,, 
1, 21, ARMY,, 
1, 21, ARMY,, 
1, 21, ARMY,, 
1, 21, ARMY,, 
1, 21, ARMY,, 
1, 21, ARMY,, UNIT_SETTLER 1 0,UNIT_WARRIOR 2 0,
1, 21, ARMY,, 
1, 21, ARMY,, 
1, 62, START LOG, , YIELD_FOOD 0.00 +/- 0.00,YIELD_PRODUCTION 0.00 +/- 0.00,YIELD_GOLD 0.00 +/- 0.00,YIELD_SCIENCE 0.00 +/- 0.00,YIELD_CULTURE 0.00 +/- 0.00,YIELD_FAITH 0.00 +/- 0.00,
1, 62, TRADE, TO -1, VAL 0.00
1, 62, ARMY,, 
1, 62, ARMY,, 
1, 62, ARMY,, 
1, 62, ARMY,, 
1, 62, ARMY,, 
1, 62, ARMY,, 
1, 62, ARMY,, 
1, 62, ARMY,, 
1, 62, ARMY,, 
1, 62, ARMY,, 
1, 62, ARMY,, 
1, 62, ARMY,, 
1, 62, ARMY,, 
1, 62, ARMY,, 
1, 62, ARMY,, 
1, 62, ARMY,, 
1, 62, ARMY,, 
1, 62, ARMY,, 
1, 62, ARMY,, 
1, 62, ARMY,, 
1, 62, ARMY,, 
1, 62, ARMY,, 
1, 62, ARMY,, 
1, 62, ARMY,, 
1, 63, START LOG, , YIELD_FOOD 0.00 +/- 0.00,YIELD_PRODUCTION 0.00 +/- 0.00,YIELD_GOLD 0.00 +/- 0.00,YIELD_SCIENCE 0.00 +/- 0.00,YIELD_CULTURE 0.00 +/- 0.00,YIELD_FAITH 0.00 +/- 0.00,
1, 63, TRADE, TO -1, VAL 0.00
1, 63, ARMY,, 
1, 63, ARMY,, 
1, 63, ARMY,, 
1, 63, ARMY,, 
1, 63, ARMY,, 
1, 63, ARMY,, 
1, 63, ARMY,, 
1, 63, ARMY,, 
1, 63, ARMY,, 
1, 63, ARMY,, 
1, 63, ARMY,, 
1, 63, ARMY,, 
1, 63, ARMY,, 
1, 63, ARMY,, 
1, 63, ARMY,, 
1, 63, ARMY,, 
1, 63, ARMY,, 
1, 63, ARMY,, 
1, 63, ARMY,, 
1, 63, ARMY,, 
1, 63, ARMY,, 
1, 63, ARMY,, 
1, 63, ARMY,, 
1, 63, ARMY,, 
1, 0, START LOG, , YIELD_FOOD 0.00 +/- 0.00,YIELD_PRODUCTION 0.00 +/- 0.00,YIELD_GOLD 0.00 +/- 0.00,YIELD_SCIENCE 0.00 +/- 0.00,YIELD_CULTURE 0.00 +/- 0.00,YIELD_FAITH 0.00 +/- 0.00,
1, 0, TRADE, TO -1, VAL 0.00
1, 0, ARMY,, UNIT_SETTLER 1 0,UNIT_WARRIOR 1 0,
1, 0, ARMY,, UNIT_SETTLER 1 0,UNIT_WARRIOR 1 0,
1, 0, ARMY,, UNIT_SETTLER 1 0,UNIT_WARRIOR 1 0,
1, 0, ARMY,, UNIT_SETTLER 1 0,UNIT_WARRIOR 1 0,
1, 0, ARMY,, UNIT_SETTLER 1 0,UNIT_WARRIOR 1 0,
1, 0, ARMY,, 
1, 0, ARMY,, 
1, 0, ARMY,, 
1, 0, ARMY,, 
1, 0, ARMY,, 
1, 0, ARMY,, 
1, 0, ARMY,, 
1, 0, ARMY,, 
1, 0, ARMY,, 
1, 0, ARMY,, 
1, 0, ARMY,, 
1, 0, ARMY,, 
1, 0, ARMY,, 
1, 0, ARMY,, 
1, 0, ARMY,, 
1, 0, ARMY,, 
1, 0, ARMY,, 
1, 0, ARMY,, 
1, 0, ARMY,, 
1, 1, START LOG, , YIELD_FOOD 0.00 +/- 0.00,YIELD_PRODUCTION 0.00 +/- 0.00,YIELD_GOLD 0.00 +/- 0.00,YIELD_SCIENCE 0.00 +/- 0.00,YIELD_CULTURE 0.00 +/- 0.00,YIELD_FAITH 0.00 +/- 0.00,
1, 1, TRADE, TO -1, VAL 0.00
1, 1, ARMY,, UNIT_SETTLER 1 0,UNIT_WARRIOR 1 0,
1, 1, ARMY,, UNIT_SETTLER 1 0,UNIT_WARRIOR 1 0,
1, 1, ARMY,, UNIT_SETTLER 1 0,UNIT_WARRIOR 1 0,
1, 1, ARMY,, UNIT_SETTLER 1 0,UNIT_WARRIOR 1 0,
1, 1, ARMY,, UNIT_SETTLER 1 0,UNIT_WARRIOR 1 0,
1, 1, ARMY,, 
1, 1, ARMY,, 
1, 1, ARMY,, 
1, 1, ARMY,, 
1, 1, ARMY,, 
1, 1, ARMY,, 
1, 1, ARMY,, 
1, 1, ARMY,, 
1, 1, ARMY,, 
1, 1, ARMY,, 
1, 1, ARMY,, 
1, 1, ARMY,, 
1, 1, ARMY,, 
1, 1, ARMY,, 
1, 1, ARMY,, 
1, 1, ARMY,, 
1, 1, ARMY,, 
1, 1, ARMY,, 
1, 1, ARMY,, 
1, 2, START LOG, , YIELD_FOOD 0.00 +/- 0.00,YIELD_PRODUCTION 0.00 +/- 0.00,YIELD_GOLD 0.00 +/- 0.00,YIELD_SCIENCE 0.00 +/- 0.00,YIELD_CULTURE 0.00 +/- 0.00,YIELD_FAITH 0.00 +/- 0.00,
1, 2, TRADE, TO -1, VAL 0.00
1, 2, ARMY,, UNIT_SETTLER 1 0,UNIT_WARRIOR 1 0,
1, 2, ARMY,, UNIT_SETTLER 1 0,UNIT_WARRIOR 1 0,
1, 2, ARMY,, UNIT_SETTLER 1 0,UNIT_WARRIOR 1 0,
1, 2, ARMY,, UNIT_SETTLER 1 0,UNIT_WARRIOR 1 0,
1, 2, ARMY,, UNIT_SETTLER 1 0,UNIT_WARRIOR 1 0,
1, 2, ARMY,, 
1, 2, ARMY,, 
1, 2, ARMY,, 
1, 2, ARMY,, 
1, 2, ARMY,, 
1, 2, ARMY,, 
1, 2, ARMY,, 
1, 2, ARMY,, 
1, 2, ARMY,, 
1, 2, ARMY,, 
1, 2, ARMY,, 
1, 2, ARMY,, 
1, 2, ARMY,, 
1, 2, ARMY,, 
1, 2, ARMY,, 
1, 2, ARMY,, 
1, 2, ARMY,, 
1, 2, ARMY,, 
1, 2, ARMY,, 
1, 3, START LOG, , YIELD_FOOD 0.00 +/- 0.00,YIELD_PRODUCTION 0.00 +/- 0.00,YIELD_GOLD 0.00 +/- 0.00,YIELD_SCIENCE 0.00 +/- 0.00,YIELD_CULTURE 0.00 +/- 0.00,YIELD_FAITH 0.00 +/- 0.00,
1, 3, TRADE, TO -1, VAL 0.00
1, 3, ARMY,, UNIT_SETTLER 1 0,UNIT_WARRIOR 1 0,
1, 3, ARMY,, UNIT_SETTLER 1 0,UNIT_WARRIOR 1 0,
1, 3, ARMY,, UNIT_SETTLER 1 0,UNIT_WARRIOR 1 0,
1, 3, ARMY,, UNIT_SETTLER 1 0,UNIT_WARRIOR 1 0,
1, 3, ARMY,, UNIT_SETTLER 1 0,UNIT_WARRIOR 1 0,
1, 3, ARMY,, 
1, 3, ARMY,, 
1, 3, ARMY,, 
1, 3, ARMY,, 
1, 3, ARMY,, 
1, 3, ARMY,, 
1, 3, ARMY,, 
1, 3, ARMY,, 
1, 3, ARMY,, 
1, 3, ARMY,, 
1, 3, ARMY,, 
1, 3, ARMY,, 
1, 3, ARMY,, 
1, 3, ARMY,, 
1, 3, ARMY,, 
1, 3, ARMY,, 
1, 3, ARMY,, 
1, 3, ARMY,, 
1, 3, ARMY,, 
1, 4, START LOG, , YIELD_FOOD 0.00 +/- 0.00,YIELD_PRODUCTION 0.00 +/- 0.00,YIELD_GOLD 0.00 +/- 0.00,YIELD_SCIENCE 0.00 +/- 0.00,YIELD_CULTURE 0.00 +/- 0.00,YIELD_FAITH 0.00 +/- 0.00,
1, 4, TRADE, TO -1, VAL 0.00
1, 4, ARMY,, UNIT_SETTLER 1 0,UNIT_WARRIOR 1 0,
1, 4, ARMY,, UNIT_SETTLER 1 0,UNIT_WARRIOR 1 0,
1, 4, ARMY,, UNIT_SETTLER 1 0,UNIT_WARRIOR 1 0,
1, 4, ARMY,, UNIT_SETTLER 1 0,UNIT_WARRIOR 1 0,
1, 4, ARMY,, UNIT_SETTLER 1 0,UNIT_WARRIOR 1 0,
1, 4, ARMY,, 
1, 4, ARMY,, 
1, 4, ARMY,, 
1, 4, ARMY,, 
1, 4, ARMY,, 
1, 4, ARMY,, 
1, 4, ARMY,, 
1, 4, ARMY,, 
1, 4, ARMY,, 
1, 4, ARMY,, 
1, 4, ARMY,, 
1, 4, ARMY,, 
1, 4, ARMY,, 
1, 4, ARMY,, 
1, 4, ARMY,, 
1, 4, ARMY,, 
1, 4, ARMY,, 
1, 4, ARMY,, 
1, 4, ARMY,, 
1, 3, START LOG, , YIELD_FOOD 4.50 +/- 0.57,YIELD_PRODUCTION 6.00 +/- 0.81,YIELD_GOLD 5.25 +/- 0.49,YIELD_SCIENCE 2.50 +/- 0.57,YIELD_CULTURE 1.00 +/- 0.00,YIELD_FAITH 0.75 +/- 0.95,
1, 3, TRADE, TO -1, VAL 0.00
1, 3, CITY, 52:17, 0, 1, 100, 0.00, 1, 1, 3, 19, 0, Is original capital, Is capital
1, 3, CITY, 76:38, 0, 1, 100, 0.00, 1, 1, 3, 22, 0, Is original capital, Is capital
1, 3, CITY, 69:63, 0, 1, 100, 0.00, 1, 1, 3, 19, 0, Is original capital, Is capital
1, 3, CITY, 43:77, 0, 1, 100, 0.00, 1, 1, 3, 20, 0, Is original capital, Is capital
1, 3, CITY, 73:49, 0, 1, 100, 0.00, 1, 1, 3, 20, 0, Is original capital, Is capital
1, 3, ARMY,, UNIT_SETTLER 1 1,UNIT_WARRIOR 1 0,
1, 3, ARMY,, UNIT_SETTLER 1 1,UNIT_WARRIOR 1 0,
1, 3, ARMY,, UNIT_SETTLER 1 1,UNIT_WARRIOR 1 0,
1, 3, ARMY,, UNIT_SETTLER 1 1,UNIT_WARRIOR 1 0,
1, 3, ARMY,, UNIT_SETTLER 1 1,UNIT_WARRIOR 1 0,
1, 3, ARMY,, 
1, 3, ARMY,, 
1, 3, ARMY,, 
1, 3, ARMY,, 
1, 3, ARMY,, 
1, 3, ARMY,, 
1, 3, ARMY,, 
1, 3, ARMY,, 
1, 3, ARMY,, 
1, 3, ARMY,, 
1, 3, ARMY,, 
1, 3, ARMY,, 
1, 3, ARMY,, 
1, 3, ARMY,, 
1, 3, ARMY,, 
1, 3, ARMY,, 
1, 3, ARMY,, 
1, 3, ARMY,, 
1, 3, ARMY,, 
2, 5, START LOG, , YIELD_FOOD 0.00 +/- 0.00,YIELD_PRODUCTION 0.00 +/- 0.00,YIELD_GOLD 0.00 +/- 0.00,YIELD_SCIENCE 0.00 +/- 0.00,YIELD_CULTURE 0.00 +/- 0.00,YIELD_FAITH 0.00 +/- 0.00,
2, 5, TRADE, TO -1, VAL 0.00
2, 5, CITY, 26:70, 0, 1, 100, 20.00, 1, 1, 3, 27, 0, Is original capital, Is capital
2, 5, CITY, 38:8, 0, 1, 100, 0.00, 1, 1, 3, 30, 0, Is original capital, Is capital
2, 5, CITY, 23:15, 0, 1, 100, 0.00, 1, 1, 3, 34, 0, Is original capital, Is capital
2, 5, CITY, 11:43, 0, 1, 100, 0.00, 1, 1, 3, 28, 0, Is original capital, Is capital
2, 5, CITY, 13:58, 0, 1, 100, 0.00, 1, 1, 3, 28, 0, Is original capital, Is capital
2, 5, ARMY,, 
2, 5, ARMY,, 
2, 5, ARMY,, 
2, 5, ARMY,, 
2, 5, ARMY,, 
2, 5, ARMY,, UNIT_SETTLER 2 1,UNIT_SCOUT 1 0,UNIT_WARRIOR 1 0,
2, 5, ARMY,, UNIT_SETTLER 2 1,UNIT_SCOUT 1 0,UNIT_WARRIOR 1 0,
2, 5, ARMY,, UNIT_SETTLER 2 1,UNIT_SCOUT 1 0,UNIT_WARRIOR 1 0,
2, 5, ARMY,, UNIT_SETTLER 2 1,UNIT_SCOUT 1 0,UNIT_WARRIOR 1 0,
2, 5, ARMY,, UNIT_SETTLER 2 1,UNIT_SCOUT 1 0,UNIT_WARRIOR 1 0,
2, 5, ARMY,, 
2, 5, ARMY,, 
2, 5, ARMY,, 
2, 5, ARMY,, 
2, 5, ARMY,, 
2, 5, ARMY,, 
2, 5, ARMY,, 
2, 5, ARMY,, 
2, 5, ARMY,, 
2, 5, ARMY,, 
2, 5, ARMY,, 
2, 5, ARMY,, 
2, 5, ARMY,, 
2, 5, ARMY,, 
2, 6, START LOG, , YIELD_FOOD 5.50 +/- 0.71,YIELD_PRODUCTION 11.00 +/- 0.00,YIELD_GOLD 8.00 +/- 0.00,YIELD_SCIENCE 2.00 +/- 0.00,YIELD_CULTURE 1.00 +/- 0.00,YIELD_FAITH 0.00 +/- 0.00,
2, 6, TRADE, TO -1, VAL 0.00
2, 6, CITY, 26:70, 0, 1, 100, 20.00, 1, 1, 3, 27, 0, Is original capital, Is capital
2, 6, CITY, 13:58, 0, 1, 100, 20.00, 1, 1, 3, 28, 0, Is original capital, Is capital
2, 6, CITY, 38:8, 0, 1, 100, 0.00, 1, 1, 3, 30, 0, Is original capital, Is capital
2, 6, CITY, 23:15, 0, 1, 100, 0.00, 1, 1, 3, 34, 0, Is original capital, Is capital
2, 6, CITY, 11:43, 0, 1, 100, 0.00, 1, 1, 3, 28, 0, Is original capital, Is capital
2, 6, ARMY,, 
2, 6, ARMY,, 
2, 6, ARMY,, 
2, 6, ARMY,, 
2, 6, ARMY,, 
2, 6, ARMY,, UNIT_SETTLER 1 0,UNIT_SCOUT 1 0,UNIT_WARRIOR 1 0,
2, 6, ARMY,, UNIT_SETTLER 2 1,UNIT_SCOUT 1 0,UNIT_WARRIOR 1 0,
2, 6, ARMY,, UNIT_SETTLER 2 1,UNIT_SCOUT 1 0,UNIT_WARRIOR 1 0,
2, 6, ARMY,, UNIT_SETTLER 2 1,UNIT_SCOUT 1 0,UNIT_WARRIOR 1 0,
2, 6, ARMY,, UNIT_SETTLER 2 1,UNIT_SCOUT 1 0,UNIT_WARRIOR 1 0,
2, 6, ARMY,, 
2, 6, ARMY,, 
2, 6, ARMY,, 
2, 6, ARMY,, 
2, 6, ARMY,, 
2, 6, ARMY,, 
2, 6, ARMY,, 
2, 6, ARMY,, 
2, 6, ARMY,, 
2, 6, ARMY,, 
2, 6, ARMY,, 
2, 6, ARMY,, 
2, 6, ARMY,, 
2, 6, ARMY,, 
2, 7, START LOG, , YIELD_FOOD 5.66 +/- 0.57,YIELD_PRODUCTION 10.99 +/- 0.00,YIELD_GOLD 7.99 +/- 0.00,YIELD_SCIENCE 1.99 +/- 0.00,YIELD_CULTURE 1.00 +/- 0.00,YIELD_FAITH 0.00 +/- 0.00,
2, 7, TRADE, TO -1, VAL 0.00
2, 7, CITY, 13:58, 0, 1, 100, 20.00, 1, 1, 3, 28, 0, Is original capital, Is capital
2, 7, CITY, 26:70, 0, 1, 100, 20.00, 1, 1, 3, 27, 0, Is original capital, Is capital
2, 7, CITY, 11:43, 0, 1, 100, 20.00, 1, 1, 3, 28, 0, Is original capital, Is capital
2, 7, CITY, 38:8, 0, 1, 100, 0.00, 1, 1, 3, 30, 0, Is original capital, Is capital
2, 7, CITY, 23:15, 0, 1, 100, 0.00, 1, 1, 3, 34, 0, Is original capital, Is capital
2, 7, ARMY,, 
2, 7, ARMY,, 
2, 7, ARMY,, 
2, 7, ARMY,, 
2, 7, ARMY,, 
2, 7, ARMY,, UNIT_SETTLER 1 0,UNIT_SCOUT 1 0,UNIT_WARRIOR 1 0,
2, 7, ARMY,, UNIT_SETTLER 1 0,UNIT_SCOUT 1 0,UNIT_WARRIOR 1 0,
2, 7, ARMY,, UNIT_SETTLER 2 1,UNIT_SCOUT 1 0,UNIT_WARRIOR 1 0,
2, 7, ARMY,, UNIT_SETTLER 2 1,UNIT_SCOUT 1 0,UNIT_WARRIOR 1 0,
2, 7, ARMY,, UNIT_SETTLER 2 1,UNIT_SCOUT 1 0,UNIT_WARRIOR 1 0,
2, 7, ARMY,, 
2, 7, ARMY,, 
2, 7, ARMY,, 
2, 7, ARMY,, 
2, 7, ARMY,, 
2, 7, ARMY,, 
2, 7, ARMY,, 
2, 7, ARMY,, 
2, 7, ARMY,, 
2, 7, ARMY,, 
2, 7, ARMY,, 
2, 7, ARMY,, 
2, 7, ARMY,, 
2, 7, ARMY,, 
2, 8, START LOG, , YIELD_FOOD 5.00 +/- 1.41,YIELD_PRODUCTION 12.50 +/- 3.00,YIELD_GOLD 8.75 +/- 1.50,YIELD_SCIENCE 2.00 +/- 0.00,YIELD_CULTURE 1.00 +/- 0.00,YIELD_FAITH 0.00 +/- 0.00,
2, 8, TRADE, TO -1, VAL 0.00
2, 8, CITY, 11:43, 0, 1, 100, 20.00, 1, 1, 3, 28, 0, Is original capital, Is capital
2, 8, CITY, 13:58, 0, 1, 100, 20.00, 1, 1, 3, 28, 0, Is original capital, Is capital
2, 8, CITY, 26:70, 0, 1, 100, 20.00, 1, 1, 3, 27, 0, Is original capital, Is capital
2, 8, CITY, 23:15, 0, 1, 100, 20.00, 1, 1, 3, 34, 0, Is original capital, Is capital
2, 8, CITY, 38:8, 0, 1, 100, 0.00, 1, 1, 3, 30, 0, Is original capital, Is capital
2, 8, ARMY,, 
2, 8, ARMY,, 
2, 8, ARMY,, 
2, 8, ARMY,, 
2, 8, ARMY,, 
2, 8, ARMY,, UNIT_SETTLER 1 0,UNIT_SCOUT 1 0,UNIT_WARRIOR 1 0,
2, 8, ARMY,, UNIT_SETTLER 1 0,UNIT_SCOUT 1 0,UNIT_WARRIOR 1 0,
2, 8, ARMY,, UNIT_SETTLER 1 0,UNIT_SCOUT 1 0,UNIT_WARRIOR 1 0,
2, 8, ARMY,, UNIT_SETTLER 2 1,UNIT_SCOUT 1 0,UNIT_WARRIOR 1 0,
2, 8, ARMY,, UNIT_SETTLER 2 1,UNIT_SCOUT 1 0,UNIT_WARRIOR 1 0,
2, 8, ARMY,, 
2, 8, ARMY,, 
2, 8, ARMY,, 
2, 8, ARMY,, 
2, 8, ARMY,, 
2, 8, ARMY,, 
2, 8, ARMY,, 
2, 8, ARMY,, 
2, 8, ARMY,, 
2, 8, ARMY,, 
2, 8, ARMY,, 
2, 8, ARMY,, 
2, 8, ARMY,, 
2, 8, ARMY,, 
2, 9, START LOG, , YIELD_FOOD 4.79 +/- 1.30,YIELD_PRODUCTION 13.00 +/- 2.83,YIELD_GOLD 8.59 +/- 1.34,YIELD_SCIENCE 1.99 +/- 0.00,YIELD_CULTURE 1.00 +/- 0.00,YIELD_FAITH 0.00 +/- 0.00,
2, 9, TRADE, TO -1, VAL 0.00
2, 9, CITY, 23:15, 0, 1, 100, 20.00, 1, 1, 3, 34, 0, Is original capital, Is capital
2, 9, CITY, 11:43, 0, 1, 100, 20.00, 1, 1, 3, 28, 0, Is original capital, Is capital
2, 9, CITY, 13:58, 0, 1, 100, 20.00, 1, 1, 3, 28, 0, Is original capital, Is capital
2, 9, CITY, 26:70, 0, 1, 100, 20.00, 1, 1, 3, 27, 0, Is original capital, Is capital
2, 9, CITY, 38:8, 0, 1, 100, 20.00, 1, 1, 3, 30, 0, Is original capital, Is capital
2, 9, ARMY,, 
2, 9, ARMY,, 
2, 9, ARMY,, 
2, 9, ARMY,, 
2, 9, ARMY,, 
2, 9, ARMY,, UNIT_SETTLER 1 0,UNIT_SCOUT 1 0,UNIT_WARRIOR 1 0,
2, 9, ARMY,, UNIT_SETTLER 1 0,UNIT_SCOUT 1 0,UNIT_WARRIOR 1 0,
2, 9, ARMY,, UNIT_SETTLER 1 0,UNIT_SCOUT 1 0,UNIT_WARRIOR 1 0,
2, 9, ARMY,, UNIT_SETTLER 1 0,UNIT_SCOUT 1 0,UNIT_WARRIOR 1 0,
2, 9, ARMY,, UNIT_SETTLER 2 1,UNIT_SCOUT 1 0,UNIT_WARRIOR 1 0,
2, 9, ARMY,, 
2, 9, ARMY,, 
2, 9, ARMY,, 
2, 9, ARMY,, 
2, 9, ARMY,, 
2, 9, ARMY,, 
2, 9, ARMY,, 
2, 9, ARMY,, 
2, 9, ARMY,, 
2, 9, ARMY,, 
2, 9, ARMY,, 
2, 9, ARMY,, 
2, 9, ARMY,, 
2, 9, ARMY,, 
2, 10, START LOG, , YIELD_FOOD 0.00 +/- 0.00,YIELD_PRODUCTION 0.00 +/- 0.00,YIELD_GOLD 0.00 +/- 0.00,YIELD_SCIENCE 0.00 +/- 0.00,YIELD_CULTURE 0.00 +/- 0.00,YIELD_FAITH 0.00 +/- 0.00,
2, 10, TRADE, TO -1, VAL 0.00
2, 10, CITY, 70:15, 0, 1, 100, 40.00, 1, 1, 8, 15, 0, Is original capital, Is capital
2, 10, ARMY,, 
2, 10, ARMY,, 
2, 10, ARMY,, 
2, 10, ARMY,, 
2, 10, ARMY,, 
2, 10, ARMY,, 
2, 10, ARMY,, 
2, 10, ARMY,, 
2, 10, ARMY,, 
2, 10, ARMY,, 
2, 10, ARMY,, UNIT_SETTLER 1 1,UNIT_WARRIOR 2 0,
2, 10, ARMY,, 
2, 10, ARMY,, 
2, 10, ARMY,, 
2, 10, ARMY,, 
2, 10, ARMY,, 
2, 10, ARMY,, 
2, 10, ARMY,, 
2, 10, ARMY,, 
2, 10, ARMY,, 
2, 10, ARMY,, 
2, 10, ARMY,, 
2, 10, ARMY,, 
2, 10, ARMY,, 
2, 11, START LOG, , YIELD_FOOD 0.00 +/- 0.00,YIELD_PRODUCTION 0.00 +/- 0.00,YIELD_GOLD 0.00 +/- 0.00,YIELD_SCIENCE 0.00 +/- 0.00,YIELD_CULTURE 0.00 +/- 0.00,YIELD_FAITH 0.00 +/- 0.00,
2, 11, TRADE, TO -1, VAL 0.00
2, 11, CITY, 22:55, 0, 1, 100, 40.00, 1, 1, 8, 16, 0, Is original capital, Is capital
2, 11, ARMY,, 
2, 11, ARMY,, 
2, 11, ARMY,, 
2, 11, ARMY,, 
2, 11, ARMY,, 
2, 11, ARMY,, 
2, 11, ARMY,, 
2, 11, ARMY,, 
2, 11, ARMY,, 
2, 11, ARMY,, 
2, 11, ARMY,, 
2, 11, ARMY,, UNIT_SETTLER 1 1,UNIT_WARRIOR 2 0,
2, 11, ARMY,, 
2, 11, ARMY,, 
2, 11, ARMY,, 
2, 11, ARMY,, 
2, 11, ARMY,, 
2, 11, ARMY,, 
2, 11, ARMY,, 
2, 11, ARMY,, 
2, 11, ARMY,, 
2, 11, ARMY,, 
2, 11, ARMY,, 
2, 11, ARMY,, 
2, 12, START LOG, , YIELD_FOOD 0.00 +/- 0.00,YIELD_PRODUCTION 0.00 +/- 0.00,YIELD_GOLD 0.00 +/- 0.00,YIELD_SCIENCE 0.00 +/- 0.00,YIELD_CULTURE 0.00 +/- 0.00,YIELD_FAITH 0.00 +/- 0.00,
2, 12, TRADE, TO -1, VAL 0.00
2, 12, CITY, 66:72, 0, 1, 100, 40.00, 1, 1, 8, 16, 0, Is original capital, Is capital
2, 12, ARMY,, 
2, 12, ARMY,, 
2, 12, ARMY,, 
2, 12, ARMY,, 
2, 12, ARMY,, 
2, 12, ARMY,, 
2, 12, ARMY,, 
2, 12, ARMY,, 
2, 12, ARMY,, 
2, 12, ARMY,, 
2, 12, ARMY,, 
2, 12, ARMY,, 
2, 12, ARMY,, UNIT_SETTLER 1 1,UNIT_WARRIOR 2 0,
2, 12, ARMY,, 
2, 12, ARMY,, 
2, 12, ARMY,, 
2, 12, ARMY,, 
2, 12, ARMY,, 
2, 12, ARMY,, 
2, 12, ARMY,, 
2, 12, ARMY,, 
2, 12, ARMY,, UNIT_SETTLER 1 0,UNIT_WARRIOR 2 0,
2, 12, ARMY,, 
2, 12, ARMY,, 
2, 13, START LOG, , YIELD_FOOD 0.00 +/- 0.00,YIELD_PRODUCTION 0.00 +/- 0.00,YIELD_GOLD 0.00 +/- 0.00,YIELD_SCIENCE 0.00 +/- 0.00,YIELD_CULTURE 0.00 +/- 0.00,YIELD_FAITH 0.00 +/- 0.00,
2, 13, TRADE, TO -1, VAL 0.00
2, 13, CITY, 57:2, 0, 1, 100, 40.00, 1, 1, 8, 16, 0, Is original capital, Is capital
2, 13, ARMY,, 
2, 13, ARMY,, 
2, 13, ARMY,, 
2, 13, ARMY,, 
2, 13, ARMY,, 
2, 13, ARMY,, 
2, 13, ARMY,, 
2, 13, ARMY,, 
2, 13, ARMY,, 
2, 13, ARMY,, 
2, 13, ARMY,, 
2, 13, ARMY,, 
2, 13, ARMY,, 
2, 13, ARMY,, UNIT_SETTLER 1 1,UNIT_WARRIOR 2 0,
2, 13, ARMY,, 
2, 13, ARMY,, 
2, 13, ARMY,, 
2, 13, ARMY,, 
2, 13, ARMY,, 
2, 13, ARMY,, 
2, 13, ARMY,, 
2, 13, ARMY,, 
2, 13, ARMY,, 
2, 13, ARMY,, 
2, 14, START LOG, , YIELD_FOOD 0.00 +/- 0.00,YIELD_PRODUCTION 0.00 +/- 0.00,YIELD_GOLD 0.00 +/- 0.00,YIELD_SCIENCE 0.00 +/- 0.00,YIELD_CULTURE 0.00 +/- 0.00,YIELD_FAITH 0.00 +/- 0.00,
2, 14, TRADE, TO -1, VAL 0.00
2, 14, CITY, 2:26, 0, 1, 100, 40.00, 1, 1, 8, 15, 0, Is original capital, Is capital
2, 14, ARMY,, 
2, 14, ARMY,, 
2, 14, ARMY,, 
2, 14, ARMY,, 
2, 14, ARMY,, 
2, 14, ARMY,, 
2, 14, ARMY,, 
2, 14, ARMY,, 
2, 14, ARMY,, 
2, 14, ARMY,, 
2, 14, ARMY,, 
2, 14, ARMY,, 
2, 14, ARMY,, 
2, 14, ARMY,, 
2, 14, ARMY,, UNIT_SETTLER 1 1,UNIT_WARRIOR 2 0,
2, 14, ARMY,, 
2, 14, ARMY,, 
2, 14, ARMY,, 
2, 14, ARMY,, 
2, 14, ARMY,, 
2, 14, ARMY,, 
2, 14, ARMY,, 
2, 14, ARMY,, 
2, 14, ARMY,, 
2, 15, START LOG, , YIELD_FOOD 0.00 +/- 0.00,YIELD_PRODUCTION 0.00 +/- 0.00,YIELD_GOLD 0.00 +/- 0.00,YIELD_SCIENCE 0.00 +/- 0.00,YIELD_CULTURE 0.00 +/- 0.00,YIELD_FAITH 0.00 +/- 0.00,
2, 15, TRADE, TO -1, VAL 0.00
2, 15, CITY, 60:23, 0, 1, 100, 40.00, 1, 1, 8, 17, 0, Is original capital, Is capital
2, 15, ARMY,, 
2, 15, ARMY,, 
2, 15, ARMY,, 
2, 15, ARMY,, 
2, 15, ARMY,, 
2, 15, ARMY,, 
2, 15, ARMY,, 
2, 15, ARMY,, 
2, 15, ARMY,, 
2, 15, ARMY,, 
2, 15, ARMY,, 
2, 15, ARMY,, 
2, 15, ARMY,, 
2, 15, ARMY,, 
2, 15, ARMY,, 
2, 15, ARMY,, UNIT_SETTLER 1 1,UNIT_WARRIOR 2 0,
2, 15, ARMY,, 
2, 15, ARMY,, 
2, 15, ARMY,, 
2, 15, ARMY,, 
2, 15, ARMY,, 
2, 15, ARMY,, 
2, 15, ARMY,, 
2, 15, ARMY,, 
2, 16, START LOG, , YIELD_FOOD 0.00 +/- 0.00,YIELD_PRODUCTION 0.00 +/- 0.00,YIELD_GOLD 0.00 +/- 0.00,YIELD_SCIENCE 0.00 +/- 0.00,YIELD_CULTURE 0.00 +/- 0.00,YIELD_FAITH 0.00 +/- 0.00,
2, 16, TRADE, TO -1, VAL 0.00
2, 16, CITY, 8:23, 0, 1, 100, 40.00, 1, 1, 8, 16, 0, Is original capital, Is capital
2, 16, ARMY,, 
2, 16, ARMY,, 
2, 16, ARMY,, 
2, 16, ARMY,, 
2, 16, ARMY,, 
2, 16, ARMY,, 
2, 16, ARMY,, 
2, 16, ARMY,, 
2, 16, ARMY,, 
2, 16, ARMY,, 
2, 16, ARMY,, 
2, 16, ARMY,, 
2, 16, ARMY,, 
2, 16, ARMY,, 
2, 16, ARMY,, 
2, 16, ARMY,, 
2, 16, ARMY,, UNIT_SETTLER 1 1,UNIT_WARRIOR 2 0,
2, 16, ARMY,, 
2, 16, ARMY,, 
2, 16, ARMY,, 
2, 16, ARMY,, 
2, 16, ARMY,, 
2, 16, ARMY,, 
2, 16, ARMY,, 
2, 17, START LOG, , YIELD_FOOD 0.00 +/- 0.00,YIELD_PRODUCTION 0.00 +/- 0.00,YIELD_GOLD 0.00 +/- 0.00,YIELD_SCIENCE 0.00 +/- 0.00,YIELD_CULTURE 0.00 +/- 0.00,YIELD_FAITH 0.00 +/- 0.00,
2, 17, TRADE, TO -1, VAL 0.00
2, 17, CITY, 59:74, 0, 1, 100, 40.00, 1, 1, 8, 17, 0, Is original capital, Is capital
2, 17, ARMY,, 
2, 17, ARMY,, 
2, 17, ARMY,, 
2, 17, ARMY,, 
2, 17, ARMY,, 
2, 17, ARMY,, 
2, 17, ARMY,, 
2, 17, ARMY,, 
2, 17, ARMY,, 
2, 17, ARMY,, 
2, 17, ARMY,, 
2, 17, ARMY,, 
2, 17, ARMY,, 
2, 17, ARMY,, 
2, 17, ARMY,, 
2, 17, ARMY,, 
2, 17, ARMY,, 
2, 17, ARMY,, UNIT_SETTLER 1 1,UNIT_WARRIOR 2 0,
2, 17, ARMY,, 
2, 17, ARMY,, 
2, 17, ARMY,, 
2, 17, ARMY,, 
2, 17, ARMY,, 
2, 17, ARMY,, 
2, 18, START LOG, , YIELD_FOOD 0.00 +/- 0.00,YIELD_PRODUCTION 0.00 +/- 0.00,YIELD_GOLD 0.00 +/- 0.00,YIELD_SCIENCE 0.00 +/- 0.00,YIELD_CULTURE 0.00 +/- 0.00,YIELD_FAITH 0.00 +/- 0.00,
2, 18, TRADE, TO -1, VAL 0.00
2, 18, CITY, 35:74, 0, 1, 100, 40.00, 1, 1, 8, 16, 0, Is original capital, Is capital
2, 18, ARMY,, 
2, 18, ARMY,, 
2, 18, ARMY,, 
2, 18, ARMY,, 
2, 18, ARMY,, 
2, 18, ARMY,, 
2, 18, ARMY,, 
2, 18, ARMY,, 
2, 18, ARMY,, 
2, 18, ARMY,, 
2, 18, ARMY,, 
2, 18, ARMY,, 
2, 18, ARMY,, 
2, 18, ARMY,, 
2, 18, ARMY,, 
2, 18, ARMY,, 
2, 18, ARMY,, 
2, 18, ARMY,, 
2, 18, ARMY,, UNIT_SETTLER 1 1,UNIT_WARRIOR 2 0,
2, 18, ARMY,, 
2, 18, ARMY,, 
2, 18, ARMY,, 
2, 18, ARMY,, 
2, 18, ARMY,, 
2, 19, START LOG, , YIELD_FOOD 0.00 +/- 0.00,YIELD_PRODUCTION 0.00 +/- 0.00,YIELD_GOLD 0.00 +/- 0.00,YIELD_SCIENCE 0.00 +/- 0.00,YIELD_CULTURE 0.00 +/- 0.00,YIELD_FAITH 0.00 +/- 0.00,
2, 19, TRADE, TO -1, VAL 0.00
2, 19, CITY, 15:70, 0, 1, 100, 40.00, 1, 1, 8, 16, 0, Is original capital, Is capital
2, 19, ARMY,, 
2, 19, ARMY,, 
2, 19, ARMY,, 
2, 19, ARMY,, 
2, 19, ARMY,, 
2, 19, ARMY,, 
2, 19, ARMY,, 
2, 19, ARMY,, 
2, 19, ARMY,, 
2, 19, ARMY,, 
2, 19, ARMY,, 
2, 19, ARMY,, 
2, 19, ARMY,, 
2, 19, ARMY,, 
2, 19, ARMY,, 
2, 19, ARMY,, 
2, 19, ARMY,, 
2, 19, ARMY,, 
2, 19, ARMY,, 
2, 19, ARMY,, UNIT_SETTLER 1 1,UNIT_WARRIOR 2 0,
2, 19, ARMY,, 
2, 19, ARMY,, 
2, 19, ARMY,, 
2, 19, ARMY,, 
2, 20, START LOG, , YIELD_FOOD 0.00 +/- 0.00,YIELD_PRODUCTION 0.00 +/- 0.00,YIELD_GOLD 0.00 +/- 0.00,YIELD_SCIENCE 0.00 +/- 0.00,YIELD_CULTURE 0.00 +/- 0.00,YIELD_FAITH 0.00 +/- 0.00,
2, 20, TRADE, TO -1, VAL 0.00
2, 20, CITY, 68:27, 0, 1, 100, 40.00, 1, 1, 8, 16, 0, Is original capital, Is capital
2, 20, ARMY,, 
2, 20, ARMY,, 
2, 20, ARMY,, 
2, 20, ARMY,, 
2, 20, ARMY,, 
2, 20, ARMY,, 
2, 20, ARMY,, 
2, 20, ARMY,, 
2, 20, ARMY,, 
2, 20, ARMY,, 
2, 20, ARMY,, 
2, 20, ARMY,, 
2, 20, ARMY,, 
2, 20, ARMY,, 
2, 20, ARMY,, 
2, 20, ARMY,, 
2, 20, ARMY,, 
2, 20, ARMY,, 
2, 20, ARMY,, 
2, 20, ARMY,, 
2, 20, ARMY,, UNIT_SETTLER 1 1,UNIT_WARRIOR 2 0,
2, 20, ARMY,, 
2, 20, ARMY,, 
2, 20, ARMY,, 
2, 21, START LOG, , YIELD_FOOD 0.00 +/- 0.00,YIELD_PRODUCTION 0.00 +/- 0.00,YIELD_GOLD 0.00 +/- 0.00,YIELD_SCIENCE 0.00 +/- 0.00,YIELD_CULTURE 0.00 +/- 0.00,YIELD_FAITH 0.00 +/- 0.00,
2, 21, TRADE, TO -1, VAL 0.00
2, 21, CITY, 66:72, 0, 1, 100, 40.00, 1, 1, 8, 16, 0, Is original capital, Is capital
2, 21, ARMY,, 
2, 21, ARMY,, 
2, 21, ARMY,, 
2, 21, ARMY,, 
2, 21, ARMY,, 
2, 21, ARMY,, 
2, 21, ARMY,, 
2, 21, ARMY,, 
2, 21, ARMY,, 
2, 21, ARMY,, 
2, 21, ARMY,, 
2, 21, ARMY,, 
2, 21, ARMY,, UNIT_WARRIOR 2 1,
2, 21, ARMY,, 
2, 21, ARMY,, 
2, 21, ARMY,, 
2, 21, ARMY,, 
2, 21, ARMY,, 
2, 21, ARMY,, 
2, 21, ARMY,, 
2, 21, ARMY,, 
2, 21, ARMY,, UNIT_SETTLER 1 0,UNIT_WARRIOR 2 0,
2, 21, ARMY,, 
2, 21, ARMY,, 
2, 62, START LOG, , YIELD_FOOD 0.00 +/- 0.00,YIELD_PRODUCTION 0.00 +/- 0.00,YIELD_GOLD 0.00 +/- 0.00,YIELD_SCIENCE 0.00 +/- 0.00,YIELD_CULTURE 0.00 +/- 0.00,YIELD_FAITH 0.00 +/- 0.00,
2, 62, TRADE, TO -1, VAL 0.00
2, 62, ARMY,, 
2, 62, ARMY,, 
2, 62, ARMY,, 
2, 62, ARMY,, 
2, 62, ARMY,, 
2, 62, ARMY,, 
2, 62, ARMY,, 
2, 62, ARMY,, 
2, 62, ARMY,, 
2, 62, ARMY,, 
2, 62, ARMY,, 
2, 62, ARMY,, 
2, 62, ARMY,, 
2, 62, ARMY,, 
2, 62, ARMY,, 
2, 62, ARMY,, 
2, 62, ARMY,, 
2, 62, ARMY,, 
2, 62, ARMY,, 
2, 62, ARMY,, 
2, 62, ARMY,, 
2, 62, ARMY,, 
2, 62, ARMY,, 
2, 62, ARMY,, 
2, 63, START LOG, , YIELD_FOOD 0.00 +/- 0.00,YIELD_PRODUCTION 0.00 +/- 0.00,YIELD_GOLD 0.00 +/- 0.00,YIELD_SCIENCE 0.00 +/- 0.00,YIELD_CULTURE 0.00 +/- 0.00,YIELD_FAITH 0.00 +/- 0.00,
2, 63, TRADE, TO -1, VAL 0.00
2, 63, ARMY,, 
2, 63, ARMY,, 
2, 63, ARMY,, 
2, 63, ARMY,, 
2, 63, ARMY,, 
2, 63, ARMY,, 
2, 63, ARMY,, 
2, 63, ARMY,, 
2, 63, ARMY,, 
2, 63, ARMY,, 
2, 63, ARMY,, 
2, 63, ARMY,, 
2, 63, ARMY,, 
2, 63, ARMY,, 
2, 63, ARMY,, 
2, 63, ARMY,, 
2, 63, ARMY,, 
2, 63, ARMY,, 
2, 63, ARMY,, 
2, 63, ARMY,, 
2, 63, ARMY,, 
2, 63, ARMY,, 
2, 63, ARMY,, 
2, 63, ARMY,, 
2, 0, START LOG, , YIELD_FOOD 4.59 +/- 0.54,YIELD_PRODUCTION 6.00 +/- 0.70,YIELD_GOLD 5.20 +/- 0.44,YIELD_SCIENCE 2.39 +/- 0.53,YIELD_CULTURE 1.20 +/- 0.44,YIELD_FAITH 0.60 +/- 0.88,
2, 0, TRADE, TO -1, VAL 0.00
2, 0, CITY, 52:17, 0, 1, 100, 0.00, 1, 1, 3, 19, 0, Is original capital, Is capital
2, 0, CITY, 76:38, 0, 1, 100, 0.00, 1, 1, 3, 22, 0, Is original capital, Is capital
2, 0, CITY, 73:49, 0, 1, 100, 0.00, 1, 1, 3, 20, 0, Is original capital, Is capital
2, 0, CITY, 69:63, 0, 1, 100, 0.00, 1, 1, 3, 19, 0, Is original capital, Is capital
2, 0, CITY, 43:77, 0, 1, 100, 20.00, 1, 1, 3, 20, 0, Is original capital, Is capital
2, 0, ARMY,, UNIT_SETTLER 1 1,UNIT_WARRIOR 1 0,
2, 0, ARMY,, UNIT_SETTLER 1 1,UNIT_WARRIOR 1 0,
2, 0, ARMY,, UNIT_SETTLER 1 1,UNIT_WARRIOR 1 0,
2, 0, ARMY,, UNIT_SETTLER 1 1,UNIT_WARRIOR 1 0,
2, 0, ARMY,, UNIT_SETTLER 1 1,UNIT_WARRIOR 1 0,
2, 0, ARMY,, 
2, 0, ARMY,, 
2, 0, ARMY,, 
2, 0, ARMY,, 
2, 0, ARMY,, 
2, 0, ARMY,, 
2, 0, ARMY,, 
2, 0, ARMY,, 
2, 0, ARMY,, 
2, 0, ARMY,, 
2, 0, ARMY,, 
2, 0, ARMY,, 
2, 0, ARMY,, 
2, 0, ARMY,, 
2, 0, ARMY,, 
2, 0, ARMY,, 
2, 0, ARMY,, 
2, 0, ARMY,, 
2, 0, ARMY,, 
2, 1, START LOG, , YIELD_FOOD 4.59 +/- 0.54,YIELD_PRODUCTION 6.00 +/- 0.70,YIELD_GOLD 5.20 +/- 0.44,YIELD_SCIENCE 2.39 +/- 0.53,YIELD_CULTURE 1.20 +/- 0.44,YIELD_FAITH 0.60 +/- 0.88,
2, 1, TRADE, TO -1, VAL 0.00
2, 1, CITY, 52:17, 0, 1, 100, 0.00, 1, 1, 3, 19, 0, Is original capital, Is capital
2, 1, CITY, 76:38, 0, 1, 100, 0.00, 1, 1, 3, 22, 0, Is original capital, Is capital
2, 1, CITY, 73:49, 0, 1, 100, 20.00, 1, 1, 3, 20, 0, Is original capital, Is capital
2, 1, CITY, 69:63, 0, 1, 100, 0.00, 1, 1, 3, 19, 0, Is original capital, Is capital
2, 1, CITY, 43:77, 0, 1, 100, 20.00, 1, 1, 3, 20, 0, Is original capital, Is capital
2, 1, ARMY,, UNIT_SETTLER 1 1,UNIT_WARRIOR 1 0,
2, 1, ARMY,, UNIT_SETTLER 1 1,UNIT_WARRIOR 1 0,
2, 1, ARMY,, UNIT_SETTLER 1 1,UNIT_WARRIOR 1 0,
2, 1, ARMY,, UNIT_SETTLER 1 1,UNIT_WARRIOR 1 0,
2, 1, ARMY,, UNIT_SETTLER 1 1,UNIT_WARRIOR 1 0,
2, 1, ARMY,, 
2, 1, ARMY,, 
2, 1, ARMY,, 
2, 1, ARMY,, 
2, 1, ARMY,, 
2, 1, ARMY,, 
2, 1, ARMY,, 
2, 1, ARMY,, 
2, 1, ARMY,, 
2, 1, ARMY,, 
2, 1, ARMY,, 
2, 1, ARMY,, 
2, 1, ARMY,, 
2, 1, ARMY,, 
2, 1, ARMY,, 
2, 1, ARMY,, 
2, 1, ARMY,, 
2, 1, ARMY,, 
2, 1, ARMY,, 
2, 2, START LOG, , YIELD_FOOD 4.59 +/- 0.54,YIELD_PRODUCTION 6.00 +/- 0.70,YIELD_GOLD 5.20 +/- 0.44,YIELD_SCIENCE 2.39 +/- 0.53,YIELD_CULTURE 1.20 +/- 0.44,YIELD_FAITH 0.60 +/- 0.88,
2, 2, TRADE, TO -1, VAL 0.00
2, 2, CITY, 52:17, 0, 1, 100, 0.00, 1, 1, 3, 19, 0, Is original capital, Is capital
2, 2, CITY, 76:38, 0, 1, 100, 0.00, 1, 1, 3, 22, 0, Is original capital, Is capital
2, 2, CITY, 73:49, 0, 1, 100, 20.00, 1, 1, 3, 20, 0, Is original capital, Is capital
2, 2, CITY, 69:63, 0, 1, 100, 20.00, 1, 1, 3, 19, 0, Is original capital, Is capital
2, 2, CITY, 43:77, 0, 1, 100, 20.00, 1, 1, 3, 20, 0, Is original capital, Is capital
2, 2, ARMY,, UNIT_SETTLER 1 1,UNIT_WARRIOR 1 0,
2, 2, ARMY,, UNIT_SETTLER 1 1,UNIT_WARRIOR 1 0,
2, 2, ARMY,, UNIT_SETTLER 1 1,UNIT_WARRIOR 1 0,
2, 2, ARMY,, UNIT_SETTLER 1 1,UNIT_WARRIOR 1 0,
2, 2, ARMY,, UNIT_SETTLER 1 1,UNIT_WARRIOR 1 0,
2, 2, ARMY,, 
2, 2, ARMY,, 
2, 2, ARMY,, 
2, 2, ARMY,, 
2, 2, ARMY,, 
2, 2, ARMY,, 
2, 2, ARMY,, 
2, 2, ARMY,, 
2, 2, ARMY,, 
2, 2, ARMY,, 
2, 2, ARMY,, 
2, 2, ARMY,, 
2, 2, ARMY,, 
2, 2, ARMY,, 
2, 2, ARMY,, 
2, 2, ARMY,, 
2, 2, ARMY,, 
2, 2, ARMY,, 
2, 2, ARMY,, 
2, 3, START LOG, , YIELD_FOOD 4.39 +/- 0.53,YIELD_PRODUCTION 6.20 +/- 0.83,YIELD_GOLD 5.20 +/- 0.44,YIELD_SCIENCE 2.39 +/- 0.53,YIELD_CULTURE 1.20 +/- 0.44,YIELD_FAITH 0.60 +/- 0.88,
2, 3, TRADE, TO -1, VAL 0.00
2, 3, CITY, 52:17, 0, 1, 100, 0.00, 1, 1, 3, 19, 0, Is original capital, Is capital
2, 3, CITY, 76:38, 0, 1, 100, 20.00, 1, 1, 3, 22, 0, Is original capital, Is capital
2, 3, CITY, 69:63, 0, 1, 100, 20.00, 1, 1, 3, 19, 0, Is original capital, Is capital
2, 3, CITY, 43:77, 0, 1, 100, 20.00, 1, 1, 3, 20, 0, Is original capital, Is capital
2, 3, CITY, 73:49, 0, 1, 100, 20.00, 1, 1, 3, 20, 0, Is original capital, Is capital
2, 3, ARMY,, UNIT_SETTLER 1 2,UNIT_WARRIOR 1 0,
2, 3, ARMY,, UNIT_SETTLER 1 2,UNIT_WARRIOR 1 0,
2, 3, ARMY,, UNIT_SETTLER 1 2,UNIT_WARRIOR 1 0,
2, 3, ARMY,, UNIT_SETTLER 1 2,UNIT_WARRIOR 1 0,
2, 3, ARMY,, UNIT_SETTLER 1 2,UNIT_WARRIOR 1 0,
2, 3, ARMY,, 
2, 3, ARMY,, 
2, 3, ARMY,, 
2, 3, ARMY,, 
2, 3, ARMY,, 
2, 3, ARMY,, 
2, 3, ARMY,, 
2, 3, ARMY,, 
2, 3, ARMY,, 
2, 3, ARMY,, 
2, 3, ARMY,, 
2, 3, ARMY,, 
2, 3, ARMY,, 
2, 3, ARMY,, 
2, 3, ARMY,, 
2, 3, ARMY,, 
2, 3, ARMY,, 
2, 3, ARMY,, 
2, 3, ARMY,, 
2, 4, START LOG, , YIELD_FOOD 4.59 +/- 0.54,YIELD_PRODUCTION 6.00 +/- 0.70,YIELD_GOLD 5.20 +/- 0.44,YIELD_SCIENCE 2.39 +/- 0.53,YIELD_CULTURE 1.20 +/- 0.44,YIELD_FAITH 0.60 +/- 0.88,
2, 4, TRADE, TO -1, VAL 0.00
2, 4, CITY, 52:17, 0, 1, 100, 20.00, 1, 1, 3, 19, 0, Is original capital, Is capital
2, 4, CITY, 76:38, 0, 1, 100, 20.00, 1, 1, 3, 22, 0, Is original capital, Is capital
2, 4, CITY, 73:49, 0, 1, 100, 20.00, 1, 1, 3, 20, 0, Is original capital, Is capital
2, 4, CITY, 69:63, 0, 1, 100, 20.00, 1, 1, 3, 19, 0, Is original capital, Is capital
2, 4, CITY, 43:77, 0, 1, 100, 20.00, 1, 1, 3, 20, 0, Is original capital, Is capital
2, 4, ARMY,, UNIT_SETTLER 1 1,UNIT_WARRIOR 1 0,
2, 4, ARMY,, UNIT_SETTLER 1 1,UNIT_WARRIOR 1 0,
2, 4, ARMY,, UNIT_SETTLER 1 1,UNIT_WARRIOR 1 0,
2, 4, ARMY,, UNIT_SETTLER 1 1,UNIT_WARRIOR 1 0,
2, 4, ARMY,, UNIT_SETTLER 1 1,UNIT_WARRIOR 1 0,
2, 4, ARMY,, 
2, 4, ARMY,, 
2, 4, ARMY,, 
2, 4, ARMY,, 
2, 4, ARMY,, 
2, 4, ARMY,, 
2, 4, ARMY,, 
2, 4, ARMY,, 
2, 4, ARMY,, 
2, 4, ARMY,, 
2, 4, ARMY,, 
2, 4, ARMY,, 
2, 4, ARMY,, 
2, 4, ARMY,, 
2, 4, ARMY,, 
2, 4, ARMY,, 
2, 4, ARMY,, 
2, 4, ARMY,, 
2, 4, ARMY,, 
3, 5, START LOG, , YIELD_FOOD 4.79 +/- 1.30,YIELD_PRODUCTION 13.00 +/- 2.83,YIELD_GOLD 8.59 +/- 1.34,YIELD_SCIENCE 1.99 +/- 0.00,YIELD_CULTURE 1.00 +/- 0.00,YIELD_FAITH 0.00 +/- 0.00,
3, 5, TRADE, TO -1, VAL 0.00
3, 5, CITY, 26:70, 0, 1, 100, 20.00, 1, 1, 3, 27, 0, Is original capital, Is capital
3, 5, CITY, 38:8, 0, 1, 100, 20.00, 1, 1, 3, 30, 0, Is original capital, Is capital
3, 5, CITY, 23:15, 0, 1, 100, 20.00, 1, 1, 3, 34, 0, Is original capital, Is capital
3, 5, CITY, 11:43, 0, 1, 100, 20.00, 1, 1, 3, 28, 0, Is original capital, Is capital
3, 5, CITY, 13:58, 0, 1, 100, 20.00, 1, 1, 3, 28, 0, Is original capital, Is capital
3, 5, ARMY,, 
3, 5, ARMY,, 
3, 5, ARMY,, 
3, 5, ARMY,, 
3, 5, ARMY,, 
3, 5, ARMY,, UNIT_SETTLER 2 2,UNIT_SCOUT 1 0,UNIT_WARRIOR 1 0,
3, 5, ARMY,, UNIT_SETTLER 2 2,UNIT_SCOUT 1 0,UNIT_WARRIOR 1 0,
3, 5, ARMY,, UNIT_SETTLER 2 2,UNIT_SCOUT 1 0,UNIT_WARRIOR 1 0,
3, 5, ARMY,, UNIT_SETTLER 2 2,UNIT_SCOUT 1 0,UNIT_WARRIOR 1 0,
3, 5, ARMY,, UNIT_SETTLER 2 2,UNIT_SCOUT 1 0,UNIT_WARRIOR 1 0,
3, 5, ARMY,, 
3, 5, ARMY,, 
3, 5, ARMY,, 
3, 5, ARMY,, 
3, 5, ARMY,, 
3, 5, ARMY,, 
3, 5, ARMY,, 
3, 5, ARMY,, 
3, 5, ARMY,, 
3, 5, ARMY,, 
3, 5, ARMY,, 
3, 5, ARMY,, 
3, 5, ARMY,, 
3, 5, ARMY,, 
3, 6, START LOG, , YIELD_FOOD 4.79 +/- 1.30,YIELD_PRODUCTION 13.00 +/- 2.83,YIELD_GOLD 8.59 +/- 1.34,YIELD_SCIENCE 1.99 +/- 0.00,YIELD_CULTURE 1.00 +/- 0.00,YIELD_FAITH 0.00 +/- 0.00,
3, 6, TRADE, TO -1, VAL 0.00
3, 6, CITY, 26:70, 0, 1, 100, 20.00, 1, 1, 3, 27, 0, Is original capital, Is capital
3, 6, CITY, 13:58, 0, 2, 100, 20.00, 1, 1, 3, 36, 0, Is original capital, Is capital
3, 6, CITY, 38:8, 0, 1, 100, 20.00, 1, 1, 3, 30, 0, Is original capital, Is capital
3, 6, CITY, 23:15, 0, 1, 100, 20.00, 1, 1, 3, 34, 0, Is original capital, Is capital
3, 6, CITY, 11:43, 0, 1, 100, 20.00, 1, 1, 3, 28, 0, Is original capital, Is capital
3, 6, ARMY,, 
3, 6, ARMY,, 
3, 6, ARMY,, 
3, 6, ARMY,, 
3, 6, ARMY,, 
3, 6, ARMY,, UNIT_SETTLER 1 0,UNIT_SCOUT 1 0,UNIT_WARRIOR 1 0,
3, 6, ARMY,, UNIT_SETTLER 2 2,UNIT_SCOUT 1 0,UNIT_WARRIOR 1 0,
3, 6, ARMY,, UNIT_SETTLER 2 2,UNIT_SCOUT 1 0,UNIT_WARRIOR 1 0,
3, 6, ARMY,, UNIT_SETTLER 2 2,UNIT_SCOUT 1 0,UNIT_WARRIOR 1 0,
3, 6, ARMY,, UNIT_SETTLER 2 2,UNIT_SCOUT 1 0,UNIT_WARRIOR 1 0,
3, 6, ARMY,, 
3, 6, ARMY,, 
3, 6, ARMY,, 
3, 6, ARMY,, 
3, 6, ARMY,, 
3, 6, ARMY,, 
3, 6, ARMY,, 
3, 6, ARMY,, 
3, 6, ARMY,, 
3, 6, ARMY,, 
3, 6, ARMY,, 
3, 6, ARMY,, 
3, 6, ARMY,, 
3, 6, ARMY,, 
3, 7, START LOG, , YIELD_FOOD 4.79 +/- 1.30,YIELD_PRODUCTION 13.00 +/- 2.83,YIELD_GOLD 8.59 +/- 1.34,YIELD_SCIENCE 1.99 +/- 0.00,YIELD_CULTURE 1.00 +/- 0.00,YIELD_FAITH 0.00 +/- 0.00,
3, 7, TRADE, TO -1, VAL 0.00
3, 7, CITY, 13:58, 0, 2, 100, 20.00, 1, 1, 3, 36, 0, Is original capital, Is capital
3, 7, CITY, 26:70, 0, 1, 100, 20.00, 1, 1, 3, 27, 0, Is original capital, Is capital
3, 7, CITY, 11:43, 0, 2, 100, 20.00, 1, 1, 3, 36, 0, Is original capital, Is capital
3, 7, CITY, 38:8, 0, 1, 100, 20.00, 1, 1, 3, 30, 0, Is original capital, Is capital
3, 7, CITY, 23:15, 0, 1, 100, 20.00, 1, 1, 3, 34, 0, Is original capital, Is capital
3, 7, ARMY,, 
3, 7, ARMY,, 
3, 7, ARMY,, 
3, 7, ARMY,, 
3, 7, ARMY,, 
3, 7, ARMY,, UNIT_SETTLER 1 0,UNIT_SCOUT 1 0,UNIT_WARRIOR 1 0,
3, 7, ARMY,, UNIT_SETTLER 1 0,UNIT_SCOUT 1 0,UNIT_WARRIOR 1 0,
3, 7, ARMY,, UNIT_SETTLER 2 2,UNIT_SCOUT 1 0,UNIT_WARRIOR 1 0,
3, 7, ARMY,, UNIT_SETTLER 2 2,UNIT_SCOUT 1 0,UNIT_WARRIOR 1 0,
3, 7, ARMY,, UNIT_SETTLER 2 2,UNIT_SCOUT 1 0,UNIT_WARRIOR 1 0,
3, 7, ARMY,, 
3, 7, ARMY,, 
3, 7, ARMY,, 
3, 7, ARMY,, 
3, 7, ARMY,, 
3, 7, ARMY,, 
3, 7, ARMY,, 
3, 7, ARMY,, 
3, 7, ARMY,, 
3, 7, ARMY,, 
3, 7, ARMY,, 
3, 7, ARMY,, 
3, 7, ARMY,, 
3, 7, ARMY,, 
3, 8, START LOG, , YIELD_FOOD 4.79 +/- 1.30,YIELD_PRODUCTION 13.00 +/- 2.83,YIELD_GOLD 8.59 +/- 1.34,YIELD_SCIENCE 1.99 +/- 0.00,YIELD_CULTURE 1.00 +/- 0.00,YIELD_FAITH 0.00 +/- 0.00,
3, 8, TRADE, TO -1, VAL 0.00
3, 8, CITY, 11:43, 0, 2, 100, 20.00, 1, 1, 3, 36, 0, Is original capital, Is capital
3, 8, CITY, 13:58, 0, 2, 100, 20.00, 1, 1, 3, 36, 0, Is original capital, Is capital
3, 8, CITY, 26:70, 0, 1, 100, 20.00, 1, 1, 3, 27, 0, Is original capital, Is capital
3, 8, CITY, 23:15, 0, 1, 100, 20.00, 1, 1, 3, 34, 0, Is original capital, Is capital
3, 8, CITY, 38:8, 0, 1, 100, 20.00, 1, 1, 3, 30, 0, Is original capital, Is capital
3, 8, ARMY,, 
3, 8, ARMY,, 
3, 8, ARMY,, 
3, 8, ARMY,, 
3, 8, ARMY,, 
3, 8, ARMY,, UNIT_SETTLER 1 0,UNIT_SCOUT 1 0,UNIT_WARRIOR 1 0,
3, 8, ARMY,, UNIT_SETTLER 1 0,UNIT_SCOUT 1 0,UNIT_WARRIOR 1 0,
3, 8, ARMY,, UNIT_SETTLER 1 0,UNIT_SCOUT 1 0,UNIT_WARRIOR 1 0,
3, 8, ARMY,, UNIT_SETTLER 2 2,UNIT_SCOUT 1 0,UNIT_WARRIOR 1 0,
3, 8, ARMY,, UNIT_SETTLER 2 2,UNIT_SCOUT 1 0,UNIT_WARRIOR 1 0,
3, 8, ARMY,, 
3, 8, ARMY,, 
3, 8, ARMY,, 
3, 8, ARMY,, 
3, 8, ARMY,, 
3, 8, ARMY,, 
3, 8, ARMY,, 
3, 8, ARMY,, 
3, 8, ARMY,, 
3, 8, ARMY,, 
3, 8, ARMY,, 
3, 8, ARMY,, 
3, 8, ARMY,, 
3, 8, ARMY,, 
3, 9, START LOG, , YIELD_FOOD 4.79 +/- 1.30,YIELD_PRODUCTION 13.00 +/- 2.83,YIELD_GOLD 8.59 +/- 1.34,YIELD_SCIENCE 1.99 +/- 0.00,YIELD_CULTURE 1.00 +/- 0.00,YIELD_FAITH 0.00 +/- 0.00,
3, 9, TRADE, TO -1, VAL 0.00
3, 9, CITY, 23:15, 0, 1, 100, 20.00, 1, 1, 3, 34, 0, Is original capital, Is capital
3, 9, CITY, 11:43, 0, 2, 100, 20.00, 1, 1, 3, 36, 0, Is original capital, Is capital
3, 9, CITY, 13:58, 0, 2, 100, 20.00, 1, 1, 3, 36, 0, Is original capital, Is capital
3, 9, CITY, 26:70, 0, 1, 100, 20.00, 1, 1, 3, 27, 0, Is original capital, Is capital
3, 9, CITY, 38:8, 0, 1, 100, 20.00, 1, 1, 3, 30, 0, Is original capital, Is capital
3, 9, ARMY,, 
3, 9, ARMY,, 
3, 9, ARMY,, 
3, 9, ARMY,, 
3, 9, ARMY,, 
3, 9, ARMY,, UNIT_SETTLER 1 0,UNIT_SCOUT 1 0,UNIT_WARRIOR 1 0,
3, 9, ARMY,, UNIT_SETTLER 1 0,UNIT_SCOUT 1 0,UNIT_WARRIOR 1 0,
3, 9, ARMY,, UNIT_SETTLER 1 0,UNIT_SCOUT 1 0,UNIT_WARRIOR 1 0,
3, 9, ARMY,, UNIT_SETTLER 1 0,UNIT_BUILDER 1 0,UNIT_SCOUT 1 0,UNIT_WARRIOR 1 0,
3, 9, ARMY,, UNIT_SETTLER 2 2,UNIT_SCOUT 1 0,UNIT_WARRIOR 1 0,
3, 9, ARMY,, 
3, 9, ARMY,, 
3, 9, ARMY,, 
3, 9, ARMY,, 
3, 9, ARMY,, 
3, 9, ARMY,, 
3, 9, ARMY,, 
3, 9, ARMY,, 
3, 9, ARMY,, 
3, 9, ARMY,, 
3, 9, ARMY,, 
3, 9, ARMY,, 
3, 9, ARMY,, 
3, 9, ARMY,, 
3, 10, START LOG, , YIELD_FOOD 0.00 +/- 0.00,YIELD_PRODUCTION 0.00 +/- 0.00,YIELD_GOLD 0.00 +/- 0.00,YIELD_SCIENCE 0.00 +/- 0.00,YIELD_CULTURE 0.00 +/- 0.00,YIELD_FAITH 0.00 +/- 0.00,
3, 10, TRADE, TO -1, VAL 0.00
3, 10, CITY, 70:15, 0, 1, 100, 40.00, 1, 1, 13, 15, 0, Is original capital, Is capital
3, 10, ARMY,, 
3, 10, ARMY,, 
3, 10, ARMY,, 
3, 10, ARMY,, 
3, 10, ARMY,, 
3, 10, ARMY,, 
3, 10, ARMY,, 
3, 10, ARMY,, 
3, 10, ARMY,, 
3, 10, ARMY,, 
3, 10, ARMY,, UNIT_SETTLER 1 2,UNIT_WARRIOR 2 0,
3, 10, ARMY,, 
3, 10, ARMY,, 
3, 10, ARMY,, 
3, 10, ARMY,, 
3, 10, ARMY,, 
3, 10, ARMY,, 
3, 10, ARMY,, 
3, 10, ARMY,, 
3, 10, ARMY,, 
3, 10, ARMY,, 
3, 10, ARMY,, 
3, 10, ARMY,, 
3, 10, ARMY,, 
3, 11, START LOG, , YIELD_FOOD 0.00 +/- 0.00,YIELD_PRODUCTION 0.00 +/- 0.00,YIELD_GOLD 0.00 +/- 0.00,YIELD_SCIENCE 0.00 +/- 0.00,YIELD_CULTURE 0.00 +/- 0.00,YIELD_FAITH 0.00 +/- 0.00,
3, 11, TRADE, TO -1, VAL 0.00
3, 11, CITY, 22:55, 0, 1, 100, 40.00, 1, 1, 8, 16, 0, Is original capital, Is capital
3, 11, ARMY,, 
3, 11, ARMY,, 
3, 11, ARMY,, 
3, 11, ARMY,, 
3, 11, ARMY,, 
3, 11, ARMY,, 
3, 11, ARMY,, 
3, 11, ARMY,, 
3, 11, ARMY,, 
3, 11, ARMY,, 
3, 11, ARMY,, 
3, 11, ARMY,, UNIT_SETTLER 1 2,UNIT_WARRIOR 2 0,
3, 11, ARMY,, 
3, 11, ARMY,, 
3, 11, ARMY,, 
3, 11, ARMY,, 
3, 11, ARMY,, 
3, 11, ARMY,, 
3, 11, ARMY,, 
3, 11, ARMY,, 
3, 11, ARMY,, 
3, 11, ARMY,, 
3, 11, ARMY,, 
3, 11, ARMY,, 
3, 12, START LOG, , YIELD_FOOD 0.00 +/- 0.00,YIELD_PRODUCTION 0.00 +/- 0.00,YIELD_GOLD 0.00 +/- 0.00,YIELD_SCIENCE 0.00 +/- 0.00,YIELD_CULTURE 0.00 +/- 0.00,YIELD_FAITH 0.00 +/- 0.00,
3, 12, TRADE, TO -1, VAL 0.00
3, 12, CITY, 66:72, 0, 1, 100, 40.00, 1, 1, 8, 16, 0, Is original capital, Is capital
3, 12, ARMY,, 
3, 12, ARMY,, 
3, 12, ARMY,, 
3, 12, ARMY,, 
3, 12, ARMY,, 
3, 12, ARMY,, 
3, 12, ARMY,, 
3, 12, ARMY,, 
3, 12, ARMY,, 
3, 12, ARMY,, 
3, 12, ARMY,, 
3, 12, ARMY,, 
3, 12, ARMY,, UNIT_SETTLER 1 2,UNIT_WARRIOR 2 0,
3, 12, ARMY,, 
3, 12, ARMY,, 
3, 12, ARMY,, 
3, 12, ARMY,, 
3, 12, ARMY,, 
3, 12, ARMY,, 
3, 12, ARMY,, 
3, 12, ARMY,, 
3, 12, ARMY,, UNIT_SETTLER 1 1,UNIT_WARRIOR 2 0,
3, 12, ARMY,, 
3, 12, ARMY,, 
3, 13, START LOG, , YIELD_FOOD 0.00 +/- 0.00,YIELD_PRODUCTION 0.00 +/- 0.00,YIELD_GOLD 0.00 +/- 0.00,YIELD_SCIENCE 0.00 +/- 0.00,YIELD_CULTURE 0.00 +/- 0.00,YIELD_FAITH 0.00 +/- 0.00,
3, 13, TRADE, TO -1, VAL 0.00
3, 13, CITY, 57:2, 0, 1, 100, 40.00, 1, 1, 8, 16, 0, Is original capital, Is capital
3, 13, ARMY,, 
3, 13, ARMY,, 
3, 13, ARMY,, 
3, 13, ARMY,, 
3, 13, ARMY,, 
3, 13, ARMY,, 
3, 13, ARMY,, 
3, 13, ARMY,, 
3, 13, ARMY,, 
3, 13, ARMY,, 
3, 13, ARMY,, 
3, 13, ARMY,, 
3, 13, ARMY,, 
3, 13, ARMY,, UNIT_SETTLER 1 2,UNIT_WARRIOR 2 0,
3, 13, ARMY,, 
3, 13, ARMY,, 
3, 13, ARMY,, 
3, 13, ARMY,, 
3, 13, ARMY,, 
3, 13, ARMY,, 
3, 13, ARMY,, 
3, 13, ARMY,, 
3, 13, ARMY,, 
3, 13, ARMY,, 
3, 14, START LOG, , YIELD_FOOD 0.00 +/- 0.00,YIELD_PRODUCTION 0.00 +/- 0.00,YIELD_GOLD 0.00 +/- 0.00,YIELD_SCIENCE 0.00 +/- 0.00,YIELD_CULTURE 0.00 +/- 0.00,YIELD_FAITH 0.00 +/- 0.00,
3, 14, TRADE, TO -1, VAL 0.00
3, 14, CITY, 2:26, 0, 1, 100, 40.00, 1, 1, 13, 15, 0, Is original capital, Is capital
3, 14, ARMY,, 
3, 14, ARMY,, 
3, 14, ARMY,, 
3, 14, ARMY,, 
3, 14, ARMY,, 
3, 14, ARMY,, 
3, 14, ARMY,, 
3, 14, ARMY,, 
3, 14, ARMY,, 
3, 14, ARMY,, 
3, 14, ARMY,, 
3, 14, ARMY,, 
3, 14, ARMY,, 
3, 14, ARMY,, 
3, 14, ARMY,, UNIT_SETTLER 1 2,UNIT_WARRIOR 2 0,
3, 14, ARMY,, 
3, 14, ARMY,, 
3, 14, ARMY,, 
3, 14, ARMY,, 
3, 14, ARMY,, 
3, 14, ARMY,, 
3, 14, ARMY,, 
3, 14, ARMY,, 
3, 14, ARMY,, 
3, 15, START LOG, , YIELD_FOOD 0.00 +/- 0.00,YIELD_PRODUCTION 0.00 +/- 0.00,YIELD_GOLD 0.00 +/- 0.00,YIELD_SCIENCE 0.00 +/- 0.00,YIELD_CULTURE 0.00 +/- 0.00,YIELD_FAITH 0.00 +/- 0.00,
3, 15, TRADE, TO -1, VAL 0.00
3, 15, CITY, 60:23, 0, 1, 100, 40.00, 1, 1, 13, 17, 0, Is original capital, Is capital
3, 15, ARMY,, 
3, 15, ARMY,, 
3, 15, ARMY,, 
3, 15, ARMY,, 
3, 15, ARMY,, 
3, 15, ARMY,, 
3, 15, ARMY,, 
3, 15, ARMY,, 
3, 15, ARMY,, 
3, 15, ARMY,, 
3, 15, ARMY,, 
3, 15, ARMY,, 
3, 15, ARMY,, 
3, 15, ARMY,, 
3, 15, ARMY,, 
3, 15, ARMY,, UNIT_SETTLER 1 2,UNIT_WARRIOR 2 0,
3, 15, ARMY,, 
3, 15, ARMY,, 
3, 15, ARMY,, 
3, 15, ARMY,, 
3, 15, ARMY,, 
3, 15, ARMY,, 
3, 15, ARMY,, 
3, 15, ARMY,, 
3, 16, START LOG, , YIELD_FOOD 0.00 +/- 0.00,YIELD_PRODUCTION 0.00 +/- 0.00,YIELD_GOLD 0.00 +/- 0.00,YIELD_SCIENCE 0.00 +/- 0.00,YIELD_CULTURE 0.00 +/- 0.00,YIELD_FAITH 0.00 +/- 0.00,
3, 16, TRADE, TO -1, VAL 0.00
3, 16, CITY, 8:23, 0, 1, 100, 40.00, 1, 1, 8, 16, 0, Is original capital, Is capital
3, 16, ARMY,, 
3, 16, ARMY,, 
3, 16, ARMY,, 
3, 16, ARMY,, 
3, 16, ARMY,, 
3, 16, ARMY,, 
3, 16, ARMY,, 
3, 16, ARMY,, 
3, 16, ARMY,, 
3, 16, ARMY,, 
3, 16, ARMY,, 
3, 16, ARMY,, 
3, 16, ARMY,, 
3, 16, ARMY,, 
3, 16, ARMY,, 
3, 16, ARMY,, 
3, 16, ARMY,, UNIT_SETTLER 1 2,UNIT_WARRIOR 2 0,
3, 16, ARMY,, 
3, 16, ARMY,, 
3, 16, ARMY,, 
3, 16, ARMY,, 
3, 16, ARMY,, 
3, 16, ARMY,, 
3, 16, ARMY,, 
3, 17, START LOG, , YIELD_FOOD 0.00 +/- 0.00,YIELD_PRODUCTION 0.00 +/- 0.00,YIELD_GOLD 0.00 +/- 0.00,YIELD_SCIENCE 0.00 +/- 0.00,YIELD_CULTURE 0.00 +/- 0.00,YIELD_FAITH 0.00 +/- 0.00,
3, 17, TRADE, TO -1, VAL 0.00
3, 17, CITY, 59:74, 0, 1, 100, 40.00, 1, 1, 8, 17, 0, Is original capital, Is capital
3, 17, ARMY,, 
3, 17, ARMY,, 
3, 17, ARMY,, 
3, 17, ARMY,, 
3, 17, ARMY,, 
3, 17, ARMY,, 
3, 17, ARMY,, 
3, 17, ARMY,, 
3, 17, ARMY,, 
3, 17, ARMY,, 
3, 17, ARMY,, 
3, 17, ARMY,, 
3, 17, ARMY,, 
3, 17, ARMY,, 
3, 17, ARMY,, 
3, 17, ARMY,, 
3, 17, ARMY,, 
3, 17, ARMY,, UNIT_SETTLER 1 2,UNIT_WARRIOR 2 0,
3, 17, ARMY,, 
3, 17, ARMY,, 
3, 17, ARMY,, 
3, 17, ARMY,, 
3, 17, ARMY,, 
3, 17, ARMY,, 
3, 18, START LOG, , YIELD_FOOD 0.00 +/- 0.00,YIELD_PRODUCTION 0.00 +/- 0.00,YIELD_GOLD 0.00 +/- 0.00,YIELD_SCIENCE 0.00 +/- 0.00,YIELD_CULTURE 0.00 +/- 0.00,YIELD_FAITH 0.00 +/- 0.00,
3, 18, TRADE, TO -1, VAL 0.00
3, 18, CITY, 35:74, 0, 1, 100, 40.00, 1, 1, 8, 16, 0, Is original capital, Is capital
3, 18, ARMY,, 
3, 18, ARMY,, 
3, 18, ARMY,, 
3, 18, ARMY,, 
3, 18, ARMY,, 
3, 18, ARMY,, 
3, 18, ARMY,, 
3, 18, ARMY,, 
3, 18, ARMY,, 
3, 18, ARMY,, 
3, 18, ARMY,, 
3, 18, ARMY,, 
3, 18, ARMY,, 
3, 18, ARMY,, 
3, 18, ARMY,, 
3, 18, ARMY,, 
3, 18, ARMY,, 
3, 18, ARMY,, 
3, 18, ARMY,, UNIT_SETTLER 1 2,UNIT_WARRIOR 2 0,
3, 18, ARMY,, 
3, 18, ARMY,, 
3, 18, ARMY,, 
3, 18, ARMY,, 
3, 18, ARMY,, 
3, 19, START LOG, , YIELD_FOOD 0.00 +/- 0.00,YIELD_PRODUCTION 0.00 +/- 0.00,YIELD_GOLD 0.00 +/- 0.00,YIELD_SCIENCE 0.00 +/- 0.00,YIELD_CULTURE 0.00 +/- 0.00,YIELD_FAITH 0.00 +/- 0.00,
3, 19, TRADE, TO -1, VAL 0.00
3, 19, CITY, 15:70, 0, 1, 100, 40.00, 1, 1, 8, 16, 0, Is original capital, Is capital
3, 19, ARMY,, 
3, 19, ARMY,, 
3, 19, ARMY,, 
3, 19, ARMY,, 
3, 19, ARMY,, 
3, 19, ARMY,, 
3, 19, ARMY,, 
3, 19, ARMY,, 
3, 19, ARMY,, 
3, 19, ARMY,, 
3, 19, ARMY,, 
3, 19, ARMY,, 
3, 19, ARMY,, 
3, 19, ARMY,, 
3, 19, ARMY,, 
3, 19, ARMY,, 
3, 19, ARMY,, 
3, 19, ARMY,, 
3, 19, ARMY,, 
3, 19, ARMY,, UNIT_SETTLER 1 2,UNIT_WARRIOR 2 0,
3, 19, ARMY,, 
3, 19, ARMY,, 
3, 19, ARMY,, 
3, 19, ARMY,, 
3, 20, START LOG, , YIELD_FOOD 0.00 +/- 0.00,YIELD_PRODUCTION 0.00 +/- 0.00,YIELD_GOLD 0.00 +/- 0.00,YIELD_SCIENCE 0.00 +/- 0.00,YIELD_CULTURE 0.00 +/- 0.00,YIELD_FAITH 0.00 +/- 0.00,
3, 20, TRADE, TO -1, VAL 0.00
3, 20, CITY, 68:27, 0, 2, 100, 40.00, 1, 1, 8, 21, 0, Is original capital, Is capital
3, 20, ARMY,, 
3, 20, ARMY,, 
3, 20, ARMY,, 
3, 20, ARMY,, 
3, 20, ARMY,, 
3, 20, ARMY,, 
3, 20, ARMY,, 
3, 20, ARMY,, 
3, 20, ARMY,, 
3, 20, ARMY,, 
3, 20, ARMY,, 
3, 20, ARMY,, 
3, 20, ARMY,, 
3, 20, ARMY,, 
3, 20, ARMY,, 
3, 20, ARMY,, 
3, 20, ARMY,, 
3, 20, ARMY,, 
3, 20, ARMY,, 
3, 20, ARMY,, 
3, 20, ARMY,, UNIT_SETTLER 1 2,UNIT_WARRIOR 2 0,
3, 20, ARMY,, 
3, 20, ARMY,, 
3, 20, ARMY,, 
3, 21, START LOG, , YIELD_FOOD 0.00 +/- 0.00,YIELD_PRODUCTION 0.00 +/- 0.00,YIELD_GOLD 0.00 +/- 0.00,YIELD_SCIENCE 0.00 +/- 0.00,YIELD_CULTURE 0.00 +/- 0.00,YIELD_FAITH 0.00 +/- 0.00,
3, 21, TRADE, TO -1, VAL 0.00
3, 21, CITY, 66:72, 0, 1, 100, 40.00, 1, 1, 8, 16, 0, Is original capital, Is capital
3, 21, ARMY,, 
3, 21, ARMY,, 
3, 21, ARMY,, 
3, 21, ARMY,, 
3, 21, ARMY,, 
3, 21, ARMY,, 
3, 21, ARMY,, 
3, 21, ARMY,, 
3, 21, ARMY,, 
3, 21, ARMY,, 
3, 21, ARMY,, 
3, 21, ARMY,, 
3, 21, ARMY,, UNIT_WARRIOR 2 0,
3, 21, ARMY,, 
3, 21, ARMY,, 
3, 21, ARMY,, 
3, 21, ARMY,, 
3, 21, ARMY,, 
3, 21, ARMY,, 
3, 21, ARMY,, 
3, 21, ARMY,, 
3, 21, ARMY,, UNIT_SETTLER 1 0,UNIT_WARRIOR 2 0,
3, 21, ARMY,, 
3, 21, ARMY,, 
3, 62, START LOG, , YIELD_FOOD 0.00 +/- 0.00,YIELD_PRODUCTION 0.00 +/- 0.00,YIELD_GOLD 0.00 +/- 0.00,YIELD_SCIENCE 0.00 +/- 0.00,YIELD_CULTURE 0.00 +/- 0.00,YIELD_FAITH 0.00 +/- 0.00,
3, 62, TRADE, TO -1, VAL 0.00
3, 62, ARMY,, 
3, 62, ARMY,, 
3, 62, ARMY,, 
3, 62, ARMY,, 
3, 62, ARMY,, 
3, 62, ARMY,, 
3, 62, ARMY,, 
3, 62, ARMY,, 
3, 62, ARMY,, 
3, 62, ARMY,, 
3, 62, ARMY,, 
3, 62, ARMY,, 
3, 62, ARMY,, 
3, 62, ARMY,, 
3, 62, ARMY,, 
3, 62, ARMY,, 
3, 62, ARMY,, 
3, 62, ARMY,, 
3, 62, ARMY,, 
3, 62, ARMY,, 
3, 62, ARMY,, 
3, 62, ARMY,, 
3, 62, ARMY,, 
3, 62, ARMY,, 
3, 63, START LOG, , YIELD_FOOD 0.00 +/- 0.00,YIELD_PRODUCTION 0.00 +/- 0.00,YIELD_GOLD 0.00 +/- 0.00,YIELD_SCIENCE 0.00 +/- 0.00,YIELD_CULTURE 0.00 +/- 0.00,YIELD_FAITH 0.00 +/- 0.00,
3, 63, TRADE, TO -1, VAL 0.00
3, 63, ARMY,, 
3, 63, ARMY,, 
3, 63, ARMY,, 
3, 63, ARMY,, 
3, 63, ARMY,, 
3, 63, ARMY,, 
3, 63, ARMY,, 
3, 63, ARMY,, 
3, 63, ARMY,, 
3, 63, ARMY,, 
3, 63, ARMY,, 
3, 63, ARMY,, 
3, 63, ARMY,, 
3, 63, ARMY,, 
3, 63, ARMY,, 
3, 63, ARMY,, 
3, 63, ARMY,, 
3, 63, ARMY,, 
3, 63, ARMY,, 
3, 63, ARMY,, 
3, 63, ARMY,, 
3, 63, ARMY,, 
3, 63, ARMY,, 
3, 63, ARMY,, 
3, 0, START LOG, , YIELD_FOOD 4.59 +/- 0.54,YIELD_PRODUCTION 6.00 +/- 0.70,YIELD_GOLD 5.20 +/- 0.44,YIELD_SCIENCE 2.39 +/- 0.53,YIELD_CULTURE 1.20 +/- 0.44,YIELD_FAITH 0.60 +/- 0.88,
3, 0, TRADE, TO -1, VAL 0.00
3, 0, CITY, 52:17, 0, 1, 100, 20.00, 1, 1, 3, 19, 0, Is original capital, Is capital
3, 0, CITY, 76:38, 0, 1, 100, 20.00, 1, 1, 3, 22, 0, Is original capital, Is capital
3, 0, CITY, 73:49, 0, 1, 100, 20.00, 1, 1, 3, 20, 0, Is original capital, Is capital
3, 0, CITY, 69:63, 0, 1, 100, 20.00, 1, 1, 3, 19, 0, Is original capital, Is capital
3, 0, CITY, 43:77, 0, 1, 100, 20.00, 1, 1, 3, 20, 0, Is original capital, Is capital
3, 0, ARMY,, UNIT_SETTLER 1 2,UNIT_WARRIOR 1 0,
3, 0, ARMY,, UNIT_SETTLER 1 2,UNIT_WARRIOR 1 0,
3, 0, ARMY,, UNIT_SETTLER 1 2,UNIT_WARRIOR 1 0,
3, 0, ARMY,, UNIT_SETTLER 1 2,UNIT_WARRIOR 1 0,
3, 0, ARMY,, UNIT_SETTLER 1 2,UNIT_WARRIOR 1 0,UNIT_VAMPIRE 1 0,
3, 0, ARMY,, 
3, 0, ARMY,, 
3, 0, ARMY,, 
3, 0, ARMY,, 
3, 0, ARMY,, 
3, 0, ARMY,, 
3, 0, ARMY,, 
3, 0, ARMY,, 
3, 0, ARMY,, 
3, 0, ARMY,, 
3, 0, ARMY,, 
3, 0, ARMY,, 
3, 0, ARMY,, 
3, 0, ARMY,, 
3, 0, ARMY,, 
3, 0, ARMY,, 
3, 0, ARMY,, 
3, 0, ARMY,, 
3, 0, ARMY,, 
3, 1, START LOG, , YIELD_FOOD 4.59 +/- 0.54,YIELD_PRODUCTION 6.00 +/- 0.70,YIELD_GOLD 5.20 +/- 0.44,YIELD_SCIENCE 2.39 +/- 0.53,YIELD_CULTURE 1.20 +/- 0.44,YIELD_FAITH 0.60 +/- 0.88,
3, 1, TRADE, TO -1, VAL 0.00
3, 1, CITY, 52:17, 0, 1, 100, 20.00, 1, 1, 3, 19, 0, Is original capital, Is capital
3, 1, CITY, 76:38, 0, 1, 100, 20.00, 1, 1, 3, 22, 0, Is original capital, Is capital
3, 1, CITY, 73:49, 0, 1, 100, 20.00, 1, 1, 3, 20, 0, Is original capital, Is capital
3, 1, CITY, 69:63, 0, 1, 100, 20.00, 1, 1, 3, 19, 0, Is original capital, Is capital
3, 1, CITY, 43:77, 0, 1, 100, 20.00, 1, 1, 3, 20, 0, Is original capital, Is capital
3, 1, ARMY,, UNIT_SETTLER 1 2,UNIT_WARRIOR 1 0,
3, 1, ARMY,, UNIT_SETTLER 1 2,UNIT_WARRIOR 1 0,
3, 1, ARMY,, UNIT_SETTLER 1 2,UNIT_WARRIOR 1 0,
3, 1, ARMY,, UNIT_SETTLER 1 2,UNIT_WARRIOR 1 0,
3, 1, ARMY,, UNIT_SETTLER 1 2,UNIT_WARRIOR 1 0,UNIT_VAMPIRE 1 0,
3, 1, ARMY,, 
3, 1, ARMY,, 
3, 1, ARMY,, 
3, 1, ARMY,, 
3, 1, ARMY,, 
3, 1, ARMY,, 
3, 1, ARMY,, 
3, 1, ARMY,, 
3, 1, ARMY,, 
3, 1, ARMY,, 
3, 1, ARMY,, 
3, 1, ARMY,, 
3, 1, ARMY,, 
3, 1, ARMY,, 
3, 1, ARMY,, 
3, 1, ARMY,, 
3, 1, ARMY,, 
3, 1, ARMY,, 
3, 1, ARMY,, 
3, 2, START LOG, , YIELD_FOOD 4.59 +/- 0.54,YIELD_PRODUCTION 6.00 +/- 0.70,YIELD_GOLD 5.20 +/- 0.44,YIELD_SCIENCE 2.39 +/- 0.53,YIELD_CULTURE 1.20 +/- 0.44,YIELD_FAITH 0.60 +/- 0.88,
3, 2, TRADE, TO -1, VAL 0.00
3, 2, CITY, 52:17, 0, 1, 100, 20.00, 1, 1, 3, 19, 0, Is original capital, Is capital
3, 2, CITY, 76:38, 0, 1, 100, 20.00, 1, 1, 3, 22, 0, Is original capital, Is capital
3, 2, CITY, 73:49, 0, 1, 100, 20.00, 1, 1, 3, 20, 0, Is original capital, Is capital
3, 2, CITY, 69:63, 0, 1, 100, 20.00, 1, 1, 3, 19, 0, Is original capital, Is capital
3, 2, CITY, 43:77, 0, 1, 100, 20.00, 1, 1, 3, 20, 0, Is original capital, Is capital
3, 2, ARMY,, UNIT_SETTLER 1 2,UNIT_WARRIOR 1 0,
3, 2, ARMY,, UNIT_SETTLER 1 2,UNIT_WARRIOR 1 0,
3, 2, ARMY,, UNIT_SETTLER 1 2,UNIT_WARRIOR 1 0,
3, 2, ARMY,, UNIT_SETTLER 1 2,UNIT_WARRIOR 1 0,
3, 2, ARMY,, UNIT_SETTLER 1 2,UNIT_WARRIOR 1 0,UNIT_VAMPIRE 1 0,
3, 2, ARMY,, 
3, 2, ARMY,, 
3, 2, ARMY,, 
3, 2, ARMY,, 
3, 2, ARMY,, 
3, 2, ARMY,, 
3, 2, ARMY,, 
3, 2, ARMY,, 
3, 2, ARMY,, 
3, 2, ARMY,, 
3, 2, ARMY,, 
3, 2, ARMY,, 
3, 2, ARMY,, 
3, 2, ARMY,, 
3, 2, ARMY,, 
3, 2, ARMY,, 
3, 2, ARMY,, 
3, 2, ARMY,, 
3, 2, ARMY,, 
3, 3, START LOG, , YIELD_FOOD 4.59 +/- 0.54,YIELD_PRODUCTION 6.00 +/- 0.70,YIELD_GOLD 5.20 +/- 0.44,YIELD_SCIENCE 2.39 +/- 0.53,YIELD_CULTURE 1.20 +/- 0.44,YIELD_FAITH 0.60 +/- 0.88,
3, 3, TRADE, TO -1, VAL 0.00
3, 3, CITY, 52:17, 0, 1, 100, 20.00, 1, 1, 3, 19, 0, Is original capital, Is capital
3, 3, CITY, 76:38, 0, 1, 100, 20.00, 1, 1, 3, 22, 0, Is original capital, Is capital
3, 3, CITY, 69:63, 0, 1, 100, 20.00, 1, 1, 3, 19, 0, Is original capital, Is capital
3, 3, CITY, 43:77, 0, 1, 100, 20.00, 1, 1, 3, 20, 0, Is original capital, Is capital
3, 3, CITY, 73:49, 0, 1, 100, 20.00, 1, 1, 3, 20, 0, Is original capital, Is capital
3, 3, ARMY,, UNIT_SETTLER 1 3,UNIT_WARRIOR 1 0,
3, 3, ARMY,, UNIT_SETTLER 1 3,UNIT_WARRIOR 1 0,
3, 3, ARMY,, UNIT_SETTLER 1 3,UNIT_WARRIOR 1 0,
3, 3, ARMY,, UNIT_SETTLER 1 3,UNIT_WARRIOR 1 0,
3, 3, ARMY,, UNIT_SETTLER 1 3,UNIT_WARRIOR 1 0,UNIT_VAMPIRE 1 0,
3, 3, ARMY,, 
3, 3, ARMY,, 
3, 3, ARMY,, 
3, 3, ARMY,, 
3, 3, ARMY,, 
3, 3, ARMY,, 
3, 3, ARMY,, 
3, 3, ARMY,, 
3, 3, ARMY,, 
3, 3, ARMY,, 
3, 3, ARMY,, 
3, 3, ARMY,, 
3, 3, ARMY,, 
3, 3, ARMY,, 
3, 3, ARMY,, 
3, 3, ARMY,, 
3, 3, ARMY,, 
3, 3, ARMY,, 
3, 3, ARMY,, 
3, 4, START LOG, , YIELD_FOOD 4.59 +/- 0.54,YIELD_PRODUCTION 6.00 +/- 0.70,YIELD_GOLD 5.20 +/- 0.44,YIELD_SCIENCE 2.39 +/- 0.53,YIELD_CULTURE 1.20 +/- 0.44,YIELD_FAITH 0.60 +/- 0.88,
3, 4, TRADE, TO -1, VAL 0.00
3, 4, CITY, 52:17, 0, 1, 100, 28.00, 1, 1, 3, 19, 0, Is original capital, Is capital
3, 4, CITY, 76:38, 0, 1, 100, 20.00, 1, 1, 3, 22, 0, Is original capital, Is capital
3, 4, CITY, 73:49, 0, 1, 100, 20.00, 1, 1, 3, 20, 0, Is original capital, Is capital
3, 4, CITY, 69:63, 0, 1, 100, 20.00, 1, 1, 3, 19, 0, Is original capital, Is capital
3, 4, CITY, 43:77, 0, 1, 100, 20.00, 1, 1, 3, 20, 0, Is original capital, Is capital
3, 4, ARMY,, UNIT_SETTLER 1 2,UNIT_WARRIOR 1 0,
3, 4, ARMY,, UNIT_SETTLER 1 2,UNIT_WARRIOR 1 0,
3, 4, ARMY,, UNIT_SETTLER 1 2,UNIT_WARRIOR 1 0,
3, 4, ARMY,, UNIT_SETTLER 1 2,UNIT_WARRIOR 1 0,
3, 4, ARMY,, UNIT_SETTLER 1 2,UNIT_WARRIOR 1 0,UNIT_VAMPIRE 1 0,
3, 4, ARMY,, 
3, 4, ARMY,, 
3, 4, ARMY,, 
3, 4, ARMY,, 
3, 4, ARMY,, 
3, 4, ARMY,, 
3, 4, ARMY,, 
3, 4, ARMY,, 
3, 4, ARMY,, 
3, 4, ARMY,, 
3, 4, ARMY,, 
3, 4, ARMY,, 
3, 4, ARMY,, 
3, 4, ARMY,, 
3, 4, ARMY,, 
3, 4, ARMY,, 
3, 4, ARMY,, 
3, 4, ARMY,, 
3, 4, ARMY,, 
4, 5, START LOG, , YIELD_FOOD 4.79 +/- 1.30,YIELD_PRODUCTION 13.00 +/- 2.83,YIELD_GOLD 8.59 +/- 1.34,YIELD_SCIENCE 1.99 +/- 0.00,YIELD_CULTURE 1.00 +/- 0.00,YIELD_FAITH 0.00 +/- 0.00,
4, 5, TRADE, TO -1, VAL 0.00
4, 5, CITY, 26:70, 0, 2, 100, 20.00, 1, 1, 3, 35, 0, Is original capital, Is capital
4, 5, CITY, 38:8, 0, 1, 100, 20.00, 1, 1, 3, 30, 0, Is original capital, Is capital
4, 5, CITY, 23:15, 0, 1, 100, 20.00, 1, 1, 3, 34, 0, Is original capital, Is capital
4, 5, CITY, 11:43, 0, 2, 100, 20.00, 1, 1, 3, 36, 0, Is original capital, Is capital
4, 5, CITY, 13:58, 0, 2, 100, 20.00, 1, 1, 3, 36, 0, Is original capital, Is capital
4, 5, ARMY,, 
4, 5, ARMY,, 
4, 5, ARMY,, 
4, 5, ARMY,, 
4, 5, ARMY,, 
4, 5, ARMY,, UNIT_SETTLER 2 3,UNIT_SCOUT 1 0,UNIT_WARRIOR 1 0,
4, 5, ARMY,, UNIT_SETTLER 2 3,UNIT_SCOUT 1 0,UNIT_WARRIOR 1 0,
4, 5, ARMY,, UNIT_SETTLER 2 3,UNIT_SCOUT 1 0,UNIT_WARRIOR 1 0,
4, 5, ARMY,, UNIT_SETTLER 2 3,UNIT_BUILDER 1 0,UNIT_SCOUT 1 0,UNIT_WARRIOR 1 0,
4, 5, ARMY,, UNIT_SETTLER 2 3,UNIT_SCOUT 1 0,UNIT_WARRIOR 1 0,
4, 5, ARMY,, 
4, 5, ARMY,, 
4, 5, ARMY,, 
4, 5, ARMY,, 
4, 5, ARMY,, 
4, 5, ARMY,, 
4, 5, ARMY,, 
4, 5, ARMY,, 
4, 5, ARMY,, 
4, 5, ARMY,, 
4, 5, ARMY,, 
4, 5, ARMY,, 
4, 5, ARMY,, 
4, 5, ARMY,, 
4, 6, START LOG, , YIELD_FOOD 4.99 +/- 1.58,YIELD_PRODUCTION 14.20 +/- 3.03,YIELD_GOLD 8.59 +/- 1.34,YIELD_SCIENCE 2.19 +/- 0.44,YIELD_CULTURE 1.00 +/- 0.00,YIELD_FAITH 0.00 +/- 0.00,
4, 6, TRADE, TO -1, VAL 0.00
4, 6, CITY, 26:70, 0, 2, 100, 20.00, 1, 1, 3, 35, 0, Is original capital, Is capital
4, 6, CITY, 13:58, 0, 2, 100, 20.00, 1, 1, 3, 36, 0, Is original capital, Is capital
4, 6, CITY, 38:8, 0, 1, 100, 20.00, 1, 1, 3, 30, 0, Is original capital, Is capital
4, 6, CITY, 23:15, 0, 1, 100, 20.00, 1, 1, 3, 34, 0, Is original capital, Is capital
4, 6, CITY, 11:43, 0, 2, 100, 20.00, 1, 1, 3, 36, 0, Is original capital, Is capital
4, 6, ARMY,, 
4, 6, ARMY,, 
4, 6, ARMY,, 
4, 6, ARMY,, 
4, 6, ARMY,, 
4, 6, ARMY,, UNIT_SETTLER 1 0,UNIT_SCOUT 1 0,UNIT_WARRIOR 1 0,
4, 6, ARMY,, UNIT_SETTLER 2 3,UNIT_BUILDER 1 0,UNIT_SCOUT 1 0,UNIT_WARRIOR 1 0,
4, 6, ARMY,, UNIT_SETTLER 2 3,UNIT_SCOUT 1 0,UNIT_WARRIOR 1 0,
4, 6, ARMY,, UNIT_SETTLER 2 3,UNIT_BUILDER 1 0,UNIT_SCOUT 1 0,UNIT_WARRIOR 1 0,
4, 6, ARMY,, UNIT_SETTLER 2 3,UNIT_SCOUT 1 0,UNIT_WARRIOR 1 0,
4, 6, ARMY,, 
4, 6, ARMY,, 
4, 6, ARMY,, 
4, 6, ARMY,, 
4, 6, ARMY,, 
4, 6, ARMY,, 
4, 6, ARMY,, 
4, 6, ARMY,, 
4, 6, ARMY,, 
4, 6, ARMY,, 
4, 6, ARMY,, 
4, 6, ARMY,, 
4, 6, ARMY,, 
4, 6, ARMY,, 
4, 7, START LOG, , YIELD_FOOD 5.59 +/- 2.41,YIELD_PRODUCTION 15.00 +/- 2.45,YIELD_GOLD 8.59 +/- 1.34,YIELD_SCIENCE 2.39 +/- 0.53,YIELD_CULTURE 1.00 +/- 0.00,YIELD_FAITH 0.00 +/- 0.00,
4, 7, TRADE, TO -1, VAL 0.00
4, 7, CITY, 13:58, 0, 2, 100, 20.00, 1, 1, 3, 36, 0, Is original capital, Is capital
4, 7, CITY, 26:70, 0, 2, 100, 20.00, 1, 1, 3, 35, 0, Is original capital, Is capital
4, 7, CITY, 11:43, 0, 2, 100, 20.00, 1, 1, 3, 36, 0, Is original capital, Is capital
4, 7, CITY, 38:8, 0, 1, 100, 20.00, 1, 1, 3, 30, 0, Is original capital, Is capital
4, 7, CITY, 23:15, 0, 1, 100, 20.00, 1, 1, 3, 34, 0, Is original capital, Is capital
4, 7, ARMY,, 
4, 7, ARMY,, 
4, 7, ARMY,, 
4, 7, ARMY,, 
4, 7, ARMY,, 
4, 7, ARMY,, UNIT_SETTLER 1 0,UNIT_SCOUT 1 0,UNIT_WARRIOR 1 0,
4, 7, ARMY,, UNIT_SETTLER 1 0,UNIT_BUILDER 1 0,UNIT_SCOUT 1 0,UNIT_WARRIOR 1 0,
4, 7, ARMY,, UNIT_SETTLER 2 3,UNIT_BUILDER 1 0,UNIT_SCOUT 1 0,UNIT_WARRIOR 1 0,
4, 7, ARMY,, UNIT_SETTLER 2 3,UNIT_BUILDER 1 0,UNIT_SCOUT 1 0,UNIT_WARRIOR 1 0,
4, 7, ARMY,, UNIT_SETTLER 2 3,UNIT_SCOUT 1 0,UNIT_WARRIOR 1 0,
4, 7, ARMY,, 
4, 7, ARMY,, 
4, 7, ARMY,, 
4, 7, ARMY,, 
4, 7, ARMY,, 
4, 7, ARMY,, 
4, 7, ARMY,, 
4, 7, ARMY,, 
4, 7, ARMY,, 
4, 7, ARMY,, 
4, 7, ARMY,, 
4, 7, ARMY,, 
4, 7, ARMY,, 
4, 7, ARMY,, 
4, 8, START LOG, , YIELD_FOOD 5.59 +/- 2.41,YIELD_PRODUCTION 15.00 +/- 2.45,YIELD_GOLD 8.59 +/- 1.34,YIELD_SCIENCE 2.39 +/- 0.53,YIELD_CULTURE 1.00 +/- 0.00,YIELD_FAITH 0.00 +/- 0.00,
4, 8, TRADE, TO -1, VAL 0.00
4, 8, CITY, 11:43, 0, 2, 100, 20.00, 1, 1, 3, 36, 0, Is original capital, Is capital
4, 8, CITY, 13:58, 0, 2, 100, 20.00, 1, 1, 3, 36, 0, Is original capital, Is capital
4, 8, CITY, 26:70, 0, 2, 100, 20.00, 1, 1, 3, 35, 0, Is original capital, Is capital
4, 8, CITY, 23:15, 0, 1, 100, 20.00, 1, 1, 3, 34, 0, Is original capital, Is capital
4, 8, CITY, 38:8, 0, 1, 100, 20.00, 1, 1, 3, 30, 0, Is original capital, Is capital
4, 8, ARMY,, 
4, 8, ARMY,, 
4, 8, ARMY,, 
4, 8, ARMY,, 
4, 8, ARMY,, 
4, 8, ARMY,, UNIT_SETTLER 1 0,UNIT_SCOUT 1 0,UNIT_WARRIOR 1 0,
4, 8, ARMY,, UNIT_SETTLER 1 0,UNIT_BUILDER 1 0,UNIT_SCOUT 1 0,UNIT_WARRIOR 1 0,
4, 8, ARMY,, UNIT_SETTLER 1 0,UNIT_BUILDER 1 0,UNIT_SCOUT 1 0,UNIT_WARRIOR 1 0,
4, 8, ARMY,, UNIT_SETTLER 2 3,UNIT_BUILDER 2 0,UNIT_SCOUT 1 0,UNIT_WARRIOR 1 0,
4, 8, ARMY,, UNIT_SETTLER 2 3,UNIT_SCOUT 1 0,UNIT_WARRIOR 1 0,
4, 8, ARMY,, 
4, 8, ARMY,, 
4, 8, ARMY,, 
4, 8, ARMY,, 
4, 8, ARMY,, 
4, 8, ARMY,, 
4, 8, ARMY,, 
4, 8, ARMY,, 
4, 8, ARMY,, 
4, 8, ARMY,, 
4, 8, ARMY,, 
4, 8, ARMY,, 
4, 8, ARMY,, 
4, 8, ARMY,, 
4, 9, START LOG, , YIELD_FOOD 5.59 +/- 2.41,YIELD_PRODUCTION 15.00 +/- 2.45,YIELD_GOLD 8.59 +/- 1.34,YIELD_SCIENCE 2.39 +/- 0.53,YIELD_CULTURE 1.00 +/- 0.00,YIELD_FAITH 0.00 +/- 0.00,
4, 9, TRADE, TO -1, VAL 0.00
4, 9, CITY, 23:15, 0, 1, 100, 20.00, 1, 1, 3, 34, 0, Is original capital, Is capital
4, 9, CITY, 11:43, 0, 2, 100, 20.00, 1, 1, 3, 36, 0, Is original capital, Is capital
4, 9, CITY, 13:58, 0, 2, 100, 20.00, 1, 1, 3, 36, 0, Is original capital, Is capital
4, 9, CITY, 26:70, 0, 2, 100, 20.00, 1, 1, 3, 35, 0, Is original capital, Is capital
4, 9, CITY, 38:8, 0, 1, 100, 20.00, 1, 1, 3, 30, 0, Is original capital, Is capital
4, 9, ARMY,, 
4, 9, ARMY,, 
4, 9, ARMY,, 
4, 9, ARMY,, 
4, 9, ARMY,, 
4, 9, ARMY,, UNIT_SETTLER 1 0,UNIT_SCOUT 1 0,UNIT_WARRIOR 1 0,
4, 9, ARMY,, UNIT_SETTLER 1 0,UNIT_BUILDER 1 0,UNIT_SCOUT 1 0,UNIT_WARRIOR 1 0,
4, 9, ARMY,, UNIT_SETTLER 1 0,UNIT_BUILDER 1 0,UNIT_SCOUT 1 0,UNIT_WARRIOR 1 0,
4, 9, ARMY,, UNIT_SETTLER 1 0,UNIT_BUILDER 2 0,UNIT_SCOUT 1 0,UNIT_WARRIOR 1 0,
4, 9, ARMY,, UNIT_SETTLER 2 3,UNIT_BUILDER 1 0,UNIT_SCOUT 1 0,UNIT_WARRIOR 1 0,
4, 9, ARMY,, 
4, 9, ARMY,, 
4, 9, ARMY,, 
4, 9, ARMY,, 
4, 9, ARMY,, 
4, 9, ARMY,, 
4, 9, ARMY,, 
4, 9, ARMY,, 
4, 9, ARMY,, 
4, 9, ARMY,, 
4, 9, ARMY,, 
4, 9, ARMY,, 
4, 9, ARMY,, 
4, 9, ARMY,, 
4, 10, START LOG, , YIELD_FOOD 0.00 +/- 0.00,YIELD_PRODUCTION 0.00 +/- 0.00,YIELD_GOLD 0.00 +/- 0.00,YIELD_SCIENCE 0.00 +/- 0.00,YIELD_CULTURE 0.00 +/- 0.00,YIELD_FAITH 0.00 +/- 0.00,
4, 10, TRADE, TO -1, VAL 0.00
4, 10, CITY, 70:15, 0, 1, 100, 40.00, 1, 1, 8, 15, 0, Is original capital, Is capital
4, 10, ARMY,, 
4, 10, ARMY,, 
4, 10, ARMY,, 
4, 10, ARMY,, 
4, 10, ARMY,, 
4, 10, ARMY,, 
4, 10, ARMY,, 
4, 10, ARMY,, 
4, 10, ARMY,, 
4, 10, ARMY,, 
4, 10, ARMY,, UNIT_SETTLER 1 3,UNIT_WARRIOR 2 0,
4, 10, ARMY,, 
4, 10, ARMY,, 
4, 10, ARMY,, 
4, 10, ARMY,, 
4, 10, ARMY,, 
4, 10, ARMY,, 
4, 10, ARMY,, 
4, 10, ARMY,, 
4, 10, ARMY,, 
4, 10, ARMY,, 
4, 10, ARMY,, 
4, 10, ARMY,, 
4, 10, ARMY,, 
4, 11, START LOG, , YIELD_FOOD 0.00 +/- 0.00,YIELD_PRODUCTION 0.00 +/- 0.00,YIELD_GOLD 0.00 +/- 0.00,YIELD_SCIENCE 0.00 +/- 0.00,YIELD_CULTURE 0.00 +/- 0.00,YIELD_FAITH 0.00 +/- 0.00,
4, 11, TRADE, TO -1, VAL 0.00
4, 11, CITY, 22:55, 0, 2, 100, 40.00, 1, 1, 8, 19, 0, Is original capital, Is capital
4, 11, ARMY,, 
4, 11, ARMY,, 
4, 11, ARMY,, 
4, 11, ARMY,, 
4, 11, ARMY,, 
4, 11, ARMY,, 
4, 11, ARMY,, 
4, 11, ARMY,, 
4, 11, ARMY,, 
4, 11, ARMY,, 
4, 11, ARMY,, 
4, 11, ARMY,, UNIT_SETTLER 1 3,UNIT_WARRIOR 2 0,
4, 11, ARMY,, 
4, 11, ARMY,, 
4, 11, ARMY,, 
4, 11, ARMY,, 
4, 11, ARMY,, 
4, 11, ARMY,, 
4, 11, ARMY,, 
4, 11, ARMY,, 
4, 11, ARMY,, 
4, 11, ARMY,, 
4, 11, ARMY,, 
4, 11, ARMY,, 
4, 12, START LOG, , YIELD_FOOD 0.00 +/- 0.00,YIELD_PRODUCTION 0.00 +/- 0.00,YIELD_GOLD 0.00 +/- 0.00,YIELD_SCIENCE 0.00 +/- 0.00,YIELD_CULTURE 0.00 +/- 0.00,YIELD_FAITH 0.00 +/- 0.00,
4, 12, TRADE, TO -1, VAL 0.00
4, 12, CITY, 66:72, 0, 2, 100, 40.00, 1, 1, 8, 20, 0, Is original capital, Is capital
4, 12, ARMY,, 
4, 12, ARMY,, 
4, 12, ARMY,, 
4, 12, ARMY,, 
4, 12, ARMY,, 
4, 12, ARMY,, 
4, 12, ARMY,, 
4, 12, ARMY,, 
4, 12, ARMY,, 
4, 12, ARMY,, 
4, 12, ARMY,, 
4, 12, ARMY,, 
4, 12, ARMY,, UNIT_SETTLER 1 3,UNIT_WARRIOR 2 0,
4, 12, ARMY,, 
4, 12, ARMY,, 
4, 12, ARMY,, 
4, 12, ARMY,, 
4, 12, ARMY,, 
4, 12, ARMY,, 
4, 12, ARMY,, 
4, 12, ARMY,, 
4, 12, ARMY,, UNIT_SETTLER 1 2,UNIT_WARRIOR 2 0,
4, 12, ARMY,, 
4, 12, ARMY,, 
4, 13, START LOG, , YIELD_FOOD 0.00 +/- 0.00,YIELD_PRODUCTION 0.00 +/- 0.00,YIELD_GOLD 0.00 +/- 0.00,YIELD_SCIENCE 0.00 +/- 0.00,YIELD_CULTURE 0.00 +/- 0.00,YIELD_FAITH 0.00 +/- 0.00,
4, 13, TRADE, TO -1, VAL 0.00
4, 13, CITY, 57:2, 0, 2, 100, 40.00, 1, 1, 8, 20, 0, Is original capital, Is capital
4, 13, ARMY,, 
4, 13, ARMY,, 
4, 13, ARMY,, 
4, 13, ARMY,, 
4, 13, ARMY,, 
4, 13, ARMY,, 
4, 13, ARMY,, 
4, 13, ARMY,, 
4, 13, ARMY,, 
4, 13, ARMY,, 
4, 13, ARMY,, 
4, 13, ARMY,, 
4, 13, ARMY,, 
4, 13, ARMY,, UNIT_SETTLER 1 3,UNIT_WARRIOR 2 0,
4, 13, ARMY,, 
4, 13, ARMY,, 
4, 13, ARMY,, 
4, 13, ARMY,, 
4, 13, ARMY,, 
4, 13, ARMY,, 
4, 13, ARMY,, 
4, 13, ARMY,, 
4, 13, ARMY,, 
4, 13, ARMY,, 
4, 14, START LOG, , YIELD_FOOD 0.00 +/- 0.00,YIELD_PRODUCTION 0.00 +/- 0.00,YIELD_GOLD 0.00 +/- 0.00,YIELD_SCIENCE 0.00 +/- 0.00,YIELD_CULTURE 0.00 +/- 0.00,YIELD_FAITH 0.00 +/- 0.00,
4, 14, TRADE, TO -1, VAL 0.00
4, 14, CITY, 2:26, 0, 1, 100, 40.00, 1, 1, 8, 15, 0, Is original capital, Is capital
4, 14, ARMY,, 
4, 14, ARMY,, 
4, 14, ARMY,, 
4, 14, ARMY,, 
4, 14, ARMY,, 
4, 14, ARMY,, 
4, 14, ARMY,, 
4, 14, ARMY,, 
4, 14, ARMY,, 
4, 14, ARMY,, 
4, 14, ARMY,, 
4, 14, ARMY,, 
4, 14, ARMY,, 
4, 14, ARMY,, 
4, 14, ARMY,, UNIT_SETTLER 1 3,UNIT_WARRIOR 2 0,
4, 14, ARMY,, 
4, 14, ARMY,, 
4, 14, ARMY,, 
4, 14, ARMY,, 
4, 14, ARMY,, 
4, 14, ARMY,, 
4, 14, ARMY,, 
4, 14, ARMY,, 
4, 14, ARMY,, 
4, 15, START LOG, , YIELD_FOOD 0.00 +/- 0.00,YIELD_PRODUCTION 0.00 +/- 0.00,YIELD_GOLD 0.00 +/- 0.00,YIELD_SCIENCE 0.00 +/- 0.00,YIELD_CULTURE 0.00 +/- 0.00,YIELD_FAITH 0.00 +/- 0.00,
4, 15, TRADE, TO -1, VAL 0.00
4, 15, CITY, 60:23, 0, 2, 100, 40.00, 1, 1, 8, 21, 0, Is original capital, Is capital
4, 15, ARMY,, 
4, 15, ARMY,, 
4, 15, ARMY,, 
4, 15, ARMY,, 
4, 15, ARMY,, 
4, 15, ARMY,, 
4, 15, ARMY,, 
4, 15, ARMY,, 
4, 15, ARMY,, 
4, 15, ARMY,, 
4, 15, ARMY,, 
4, 15, ARMY,, 
4, 15, ARMY,, 
4, 15, ARMY,, 
4, 15, ARMY,, 
4, 15, ARMY,, UNIT_SETTLER 1 3,UNIT_WARRIOR 2 0,
4, 15, ARMY,, 
4, 15, ARMY,, 
4, 15, ARMY,, 
4, 15, ARMY,, 
4, 15, ARMY,, 
4, 15, ARMY,, 
4, 15, ARMY,, 
4, 15, ARMY,, 
4, 16, START LOG, , YIELD_FOOD 0.00 +/- 0.00,YIELD_PRODUCTION 0.00 +/- 0.00,YIELD_GOLD 0.00 +/- 0.00,YIELD_SCIENCE 0.00 +/- 0.00,YIELD_CULTURE 0.00 +/- 0.00,YIELD_FAITH 0.00 +/- 0.00,
4, 16, TRADE, TO -1, VAL 0.00
4, 16, CITY, 8:23, 0, 2, 100, 40.00, 1, 1, 8, 22, 0, Is original capital, Is capital
4, 16, ARMY,, 
4, 16, ARMY,, 
4, 16, ARMY,, 
4, 16, ARMY,, 
4, 16, ARMY,, 
4, 16, ARMY,, 
4, 16, ARMY,, 
4, 16, ARMY,, 
4, 16, ARMY,, 
4, 16, ARMY,, 
4, 16, ARMY,, 
4, 16, ARMY,, 
4, 16, ARMY,, 
4, 16, ARMY,, 
4, 16, ARMY,, 
4, 16, ARMY,, 
4, 16, ARMY,, UNIT_SETTLER 1 3,UNIT_WARRIOR 2 0,
4, 16, ARMY,, 
4, 16, ARMY,, 
4, 16, ARMY,, 
4, 16, ARMY,, 
4, 16, ARMY,, 
4, 16, ARMY,, 
4, 16, ARMY,, 
4, 17, START LOG, , YIELD_FOOD 0.00 +/- 0.00,YIELD_PRODUCTION 0.00 +/- 0.00,YIELD_GOLD 0.00 +/- 0.00,YIELD_SCIENCE 0.00 +/- 0.00,YIELD_CULTURE 0.00 +/- 0.00,YIELD_FAITH 0.00 +/- 0.00,
4, 17, TRADE, TO -1, VAL 0.00
4, 17, CITY, 59:74, 0, 1, 100, 40.00, 1, 1, 8, 17, 0, Is original capital, Is capital
4, 17, ARMY,, 
4, 17, ARMY,, 
4, 17, ARMY,, 
4, 17, ARMY,, 
4, 17, ARMY,, 
4, 17, ARMY,, 
4, 17, ARMY,, 
4, 17, ARMY,, 
4, 17, ARMY,, 
4, 17, ARMY,, 
4, 17, ARMY,, 
4, 17, ARMY,, 
4, 17, ARMY,, 
4, 17, ARMY,, 
4, 17, ARMY,, 
4, 17, ARMY,, 
4, 17, ARMY,, 
4, 17, ARMY,, UNIT_SETTLER 1 3,UNIT_WARRIOR 2 0,
4, 17, ARMY,, 
4, 17, ARMY,, 
4, 17, ARMY,, 
4, 17, ARMY,, 
4, 17, ARMY,, 
4, 17, ARMY,, 
4, 18, START LOG, , YIELD_FOOD 0.00 +/- 0.00,YIELD_PRODUCTION 0.00 +/- 0.00,YIELD_GOLD 0.00 +/- 0.00,YIELD_SCIENCE 0.00 +/- 0.00,YIELD_CULTURE 0.00 +/- 0.00,YIELD_FAITH 0.00 +/- 0.00,
4, 18, TRADE, TO -1, VAL 0.00
4, 18, CITY, 35:74, 0, 2, 100, 40.00, 1, 1, 8, 19, 0, Is original capital, Is capital
4, 18, ARMY,, 
4, 18, ARMY,, 
4, 18, ARMY,, 
4, 18, ARMY,, 
4, 18, ARMY,, 
4, 18, ARMY,, 
4, 18, ARMY,, 
4, 18, ARMY,, 
4, 18, ARMY,, 
4, 18, ARMY,, 
4, 18, ARMY,, 
4, 18, ARMY,, 
4, 18, ARMY,, 
4, 18, ARMY,, 
4, 18, ARMY,, 
4, 18, ARMY,, 
4, 18, ARMY,, 
4, 18, ARMY,, 
4, 18, ARMY,, UNIT_SETTLER 1 3,UNIT_WARRIOR 2 0,
4, 18, ARMY,, 
4, 18, ARMY,, 
4, 18, ARMY,, 
4, 18, ARMY,, 
4, 18, ARMY,, 
4, 19, START LOG, , YIELD_FOOD 0.00 +/- 0.00,YIELD_PRODUCTION 0.00 +/- 0.00,YIELD_GOLD 0.00 +/- 0.00,YIELD_SCIENCE 0.00 +/- 0.00,YIELD_CULTURE 0.00 +/- 0.00,YIELD_FAITH 0.00 +/- 0.00,
4, 19, TRADE, TO -1, VAL 0.00
4, 19, CITY, 15:70, 0, 1, 100, 40.00, 1, 1, 8, 16, 0, Is original capital, Is capital
4, 19, ARMY,, 
4, 19, ARMY,, 
4, 19, ARMY,, 
4, 19, ARMY,, 
4, 19, ARMY,, 
4, 19, ARMY,, 
4, 19, ARMY,, 
4, 19, ARMY,, 
4, 19, ARMY,, 
4, 19, ARMY,, 
4, 19, ARMY,, 
4, 19, ARMY,, 
4, 19, ARMY,, 
4, 19, ARMY,, 
4, 19, ARMY,, 
4, 19, ARMY,, 
4, 19, ARMY,, 
4, 19, ARMY,, 
4, 19, ARMY,, 
4, 19, ARMY,, UNIT_SETTLER 1 3,UNIT_WARRIOR 2 0,
4, 19, ARMY,, 
4, 19, ARMY,, 
4, 19, ARMY,, 
4, 19, ARMY,, 
4, 20, START LOG, , YIELD_FOOD 0.00 +/- 0.00,YIELD_PRODUCTION 0.00 +/- 0.00,YIELD_GOLD 0.00 +/- 0.00,YIELD_SCIENCE 0.00 +/- 0.00,YIELD_CULTURE 0.00 +/- 0.00,YIELD_FAITH 0.00 +/- 0.00,
4, 20, TRADE, TO -1, VAL 0.00
4, 20, CITY, 68:27, 0, 2, 100, 40.00, 1, 1, 8, 21, 0, Is original capital, Is capital
4, 20, ARMY,, 
4, 20, ARMY,, 
4, 20, ARMY,, 
4, 20, ARMY,, 
4, 20, ARMY,, 
4, 20, ARMY,, 
4, 20, ARMY,, 
4, 20, ARMY,, 
4, 20, ARMY,, 
4, 20, ARMY,, 
4, 20, ARMY,, 
4, 20, ARMY,, 
4, 20, ARMY,, 
4, 20, ARMY,, 
4, 20, ARMY,, 
4, 20, ARMY,, 
4, 20, ARMY,, 
4, 20, ARMY,, 
4, 20, ARMY,, 
4, 20, ARMY,, 
4, 20, ARMY,, UNIT_SETTLER 1 3,UNIT_WARRIOR 2 0,
4, 20, ARMY,, 
4, 20, ARMY,, 
4, 20, ARMY,, 
4, 21, START LOG, , YIELD_FOOD 0.00 +/- 0.00,YIELD_PRODUCTION 0.00 +/- 0.00,YIELD_GOLD 0.00 +/- 0.00,YIELD_SCIENCE 0.00 +/- 0.00,YIELD_CULTURE 0.00 +/- 0.00,YIELD_FAITH 0.00 +/- 0.00,
4, 21, TRADE, TO -1, VAL 0.00
4, 21, CITY, 66:72, 0, 2, 100, 40.00, 1, 1, 8, 20, 0, Is original capital, Is capital
4, 21, ARMY,, 
4, 21, ARMY,, 
4, 21, ARMY,, 
4, 21, ARMY,, 
4, 21, ARMY,, 
4, 21, ARMY,, 
4, 21, ARMY,, 
4, 21, ARMY,, 
4, 21, ARMY,, 
4, 21, ARMY,, 
4, 21, ARMY,, 
4, 21, ARMY,, 
4, 21, ARMY,, UNIT_WARRIOR 2 1,
4, 21, ARMY,, 
4, 21, ARMY,, 
4, 21, ARMY,, 
4, 21, ARMY,, 
4, 21, ARMY,, 
4, 21, ARMY,, 
4, 21, ARMY,, 
4, 21, ARMY,, 
4, 21, ARMY,, UNIT_SETTLER 1 0,UNIT_WARRIOR 2 0,
4, 21, ARMY,, 
4, 21, ARMY,, 
4, 62, START LOG, , YIELD_FOOD 0.00 +/- 0.00,YIELD_PRODUCTION 0.00 +/- 0.00,YIELD_GOLD 0.00 +/- 0.00,YIELD_SCIENCE 0.00 +/- 0.00,YIELD_CULTURE 0.00 +/- 0.00,YIELD_FAITH 0.00 +/- 0.00,
4, 62, TRADE, TO -1, VAL 0.00
4, 62, ARMY,, 
4, 62, ARMY,, 
4, 62, ARMY,, 
4, 62, ARMY,, 
4, 62, ARMY,, 
4, 62, ARMY,, 
4, 62, ARMY,, 
4, 62, ARMY,, 
4, 62, ARMY,, 
4, 62, ARMY,, 
4, 62, ARMY,, 
4, 62, ARMY,, 
4, 62, ARMY,, 
4, 62, ARMY,, 
4, 62, ARMY,, 
4, 62, ARMY,, 
4, 62, ARMY,, 
4, 62, ARMY,, 
4, 62, ARMY,, 
4, 62, ARMY,, 
4, 62, ARMY,, 
4, 62, ARMY,, 
4, 62, ARMY,, 
4, 62, ARMY,, 
4, 63, START LOG, , YIELD_FOOD 0.00 +/- 0.00,YIELD_PRODUCTION 0.00 +/- 0.00,YIELD_GOLD 0.00 +/- 0.00,YIELD_SCIENCE 0.00 +/- 0.00,YIELD_CULTURE 0.00 +/- 0.00,YIELD_FAITH 0.00 +/- 0.00,
4, 63, TRADE, TO -1, VAL 0.00
4, 63, ARMY,, 
4, 63, ARMY,, 
4, 63, ARMY,, 
4, 63, ARMY,, 
4, 63, ARMY,, 
4, 63, ARMY,, 
4, 63, ARMY,, 
4, 63, ARMY,, 
4, 63, ARMY,, 
4, 63, ARMY,, 
4, 63, ARMY,, 
4, 63, ARMY,, 
4, 63, ARMY,, 
4, 63, ARMY,, 
4, 63, ARMY,, 
4, 63, ARMY,, 
4, 63, ARMY,, 
4, 63, ARMY,, 
4, 63, ARMY,, 
4, 63, ARMY,, 
4, 63, ARMY,, 
4, 63, ARMY,, 
4, 63, ARMY,, 
4, 63, ARMY,, 
4, 0, START LOG, , YIELD_FOOD 4.59 +/- 0.54,YIELD_PRODUCTION 6.00 +/- 0.70,YIELD_GOLD 5.20 +/- 0.44,YIELD_SCIENCE 2.39 +/- 0.53,YIELD_CULTURE 1.20 +/- 0.44,YIELD_FAITH 0.60 +/- 0.88,
4, 0, TRADE, TO -1, VAL 0.00
4, 0, CITY, 52:17, 0, 1, 100, 28.00, 1, 1, 3, 19, 0, Is original capital, Is capital
4, 0, CITY, 76:38, 0, 1, 100, 20.00, 1, 1, 3, 22, 0, Is original capital, Is capital
4, 0, CITY, 73:49, 0, 1, 100, 20.00, 1, 1, 3, 20, 0, Is original capital, Is capital
4, 0, CITY, 69:63, 0, 1, 100, 20.00, 1, 1, 3, 19, 0, Is original capital, Is capital
4, 0, CITY, 43:77, 0, 2, 100, 28.00, 1, 1, 3, 26, 0, Is original capital, Is capital
4, 0, ARMY,, UNIT_SETTLER 1 3,UNIT_BUILDER 1 0,UNIT_SCOUT 1 0,UNIT_WARRIOR 1 0,UNIT_VAMPIRE 1 0,
4, 0, ARMY,, UNIT_SETTLER 1 3,UNIT_WARRIOR 1 0,
4, 0, ARMY,, UNIT_SETTLER 1 3,UNIT_WARRIOR 1 0,
4, 0, ARMY,, UNIT_SETTLER 1 3,UNIT_WARRIOR 1 0,
4, 0, ARMY,, UNIT_SETTLER 1 3,UNIT_WARRIOR 1 0,UNIT_VAMPIRE 1 0,
4, 0, ARMY,, 
4, 0, ARMY,, 
4, 0, ARMY,, 
4, 0, ARMY,, 
4, 0, ARMY,, 
4, 0, ARMY,, 
4, 0, ARMY,, 
4, 0, ARMY,, 
4, 0, ARMY,, 
4, 0, ARMY,, 
4, 0, ARMY,, 
4, 0, ARMY,, 
4, 0, ARMY,, 
4, 0, ARMY,, 
4, 0, ARMY,, 
4, 0, ARMY,, 
4, 0, ARMY,, 
4, 0, ARMY,, 
4, 0, ARMY,, 
4, 1, START LOG, , YIELD_FOOD 4.59 +/- 0.54,YIELD_PRODUCTION 6.00 +/- 0.70,YIELD_GOLD 5.20 +/- 0.44,YIELD_SCIENCE 2.39 +/- 0.53,YIELD_CULTURE 1.20 +/- 0.44,YIELD_FAITH 0.60 +/- 0.88,
4, 1, TRADE, TO -1, VAL 0.00
4, 1, CITY, 52:17, 0, 1, 100, 28.00, 1, 1, 3, 19, 0, Is original capital, Is capital
4, 1, CITY, 76:38, 0, 1, 100, 20.00, 1, 1, 3, 22, 0, Is original capital, Is capital
4, 1, CITY, 73:49, 0, 1, 100, 20.00, 1, 1, 10, 20, 0, Is original capital, Is capital
4, 1, CITY, 69:63, 0, 1, 100, 20.00, 1, 1, 3, 19, 0, Is original capital, Is capital
4, 1, CITY, 43:77, 0, 2, 100, 28.00, 1, 1, 3, 26, 0, Is original capital, Is capital
4, 1, ARMY,, UNIT_SETTLER 1 3,UNIT_BUILDER 1 0,UNIT_SCOUT 1 0,UNIT_WARRIOR 1 0,UNIT_VAMPIRE 1 0,
4, 1, ARMY,, UNIT_SETTLER 1 3,UNIT_WARRIOR 1 0,UNIT_BABYLONIAN_SABUM_KIBITTUM 1 0,
4, 1, ARMY,, UNIT_SETTLER 1 3,UNIT_WARRIOR 1 0,
4, 1, ARMY,, UNIT_SETTLER 1 3,UNIT_WARRIOR 1 0,
4, 1, ARMY,, UNIT_SETTLER 1 3,UNIT_WARRIOR 1 0,UNIT_VAMPIRE 1 0,
4, 1, ARMY,, 
4, 1, ARMY,, 
4, 1, ARMY,, 
4, 1, ARMY,, 
4, 1, ARMY,, 
4, 1, ARMY,, 
4, 1, ARMY,, 
4, 1, ARMY,, 
4, 1, ARMY,, 
4, 1, ARMY,, 
4, 1, ARMY,, 
4, 1, ARMY,, 
4, 1, ARMY,, 
4, 1, ARMY,, 
4, 1, ARMY,, 
4, 1, ARMY,, 
4, 1, ARMY,, 
4, 1, ARMY,, 
4, 1, ARMY,, 
4, 2, START LOG, , YIELD_FOOD 4.59 +/- 0.54,YIELD_PRODUCTION 6.00 +/- 0.70,YIELD_GOLD 5.20 +/- 0.44,YIELD_SCIENCE 2.39 +/- 0.53,YIELD_CULTURE 1.20 +/- 0.44,YIELD_FAITH 0.60 +/- 0.88,
4, 2, TRADE, TO -1, VAL 0.00
4, 2, CITY, 52:17, 0, 1, 100, 28.00, 1, 1, 3, 19, 0, Is original capital, Is capital
4, 2, CITY, 76:38, 0, 1, 100, 20.00, 1, 1, 3, 22, 0, Is original capital, Is capital
4, 2, CITY, 73:49, 0, 1, 100, 20.00, 1, 1, 10, 20, 0, Is original capital, Is capital
4, 2, CITY, 69:63, 0, 1, 100, 20.00, 1, 1, 3, 19, 0, Is original capital, Is capital
4, 2, CITY, 43:77, 0, 2, 100, 28.00, 1, 1, 3, 26, 0, Is original capital, Is capital
4, 2, ARMY,, UNIT_SETTLER 1 3,UNIT_BUILDER 1 0,UNIT_SCOUT 1 0,UNIT_WARRIOR 1 0,UNIT_VAMPIRE 1 0,
4, 2, ARMY,, UNIT_SETTLER 1 3,UNIT_WARRIOR 1 0,UNIT_BABYLONIAN_SABUM_KIBITTUM 1 0,
4, 2, ARMY,, UNIT_SETTLER 1 3,UNIT_SCOUT 1 0,UNIT_WARRIOR 1 0,
4, 2, ARMY,, UNIT_SETTLER 1 3,UNIT_WARRIOR 1 0,
4, 2, ARMY,, UNIT_SETTLER 1 3,UNIT_WARRIOR 1 0,UNIT_VAMPIRE 1 0,
4, 2, ARMY,, 
4, 2, ARMY,, 
4, 2, ARMY,, 
4, 2, ARMY,, 
4, 2, ARMY,, 
4, 2, ARMY,, 
4, 2, ARMY,, 
4, 2, ARMY,, 
4, 2, ARMY,, 
4, 2, ARMY,, 
4, 2, ARMY,, 
4, 2, ARMY,, 
4, 2, ARMY,, 
4, 2, ARMY,, 
4, 2, ARMY,, 
4, 2, ARMY,, 
4, 2, ARMY,, 
4, 2, ARMY,, 
4, 2, ARMY,, 
4, 3, START LOG, , YIELD_FOOD 4.59 +/- 0.54,YIELD_PRODUCTION 6.00 +/- 0.70,YIELD_GOLD 5.20 +/- 0.44,YIELD_SCIENCE 2.39 +/- 0.53,YIELD_CULTURE 1.20 +/- 0.44,YIELD_FAITH 0.60 +/- 0.88,
4, 3, TRADE, TO -1, VAL 0.00
4, 3, CITY, 52:17, 0, 1, 100, 28.00, 1, 1, 3, 19, 0, Is original capital, Is capital
4, 3, CITY, 76:38, 0, 2, 100, 20.00, 1, 1, 3, 26, 0, Is original capital, Is capital
4, 3, CITY, 69:63, 0, 1, 100, 20.00, 1, 1, 3, 19, 0, Is original capital, Is capital
4, 3, CITY, 43:77, 0, 2, 100, 28.00, 1, 1, 3, 26, 0, Is original capital, Is capital
4, 3, CITY, 73:49, 0, 1, 100, 20.00, 1, 1, 10, 20, 0, Is original capital, Is capital
4, 3, ARMY,, UNIT_SETTLER 1 4,UNIT_BUILDER 1 0,UNIT_SCOUT 1 0,UNIT_WARRIOR 1 0,UNIT_VAMPIRE 1 0,
4, 3, ARMY,, UNIT_SETTLER 1 4,UNIT_WARRIOR 1 0,UNIT_BABYLONIAN_SABUM_KIBITTUM 1 0,
4, 3, ARMY,, UNIT_SETTLER 1 4,UNIT_SCOUT 1 0,UNIT_WARRIOR 1 0,
4, 3, ARMY,, UNIT_SETTLER 1 4,UNIT_SCOUT 1 0,UNIT_WARRIOR 1 0,
4, 3, ARMY,, UNIT_SETTLER 1 4,UNIT_WARRIOR 1 0,UNIT_VAMPIRE 1 0,
4, 3, ARMY,, 
4, 3, ARMY,, 
4, 3, ARMY,, 
4, 3, ARMY,, 
4, 3, ARMY,, 
4, 3, ARMY,, 
4, 3, ARMY,, 
4, 3, ARMY,, 
4, 3, ARMY,, 
4, 3, ARMY,, 
4, 3, ARMY,, 
4, 3, ARMY,, 
4, 3, ARMY,, 
4, 3, ARMY,, 
4, 3, ARMY,, 
4, 3, ARMY,, 
4, 3, ARMY,, 
4, 3, ARMY,, 
4, 3, ARMY,, 
4, 4, START LOG, , YIELD_FOOD 4.59 +/- 0.54,YIELD_PRODUCTION 6.00 +/- 0.70,YIELD_GOLD 5.20 +/- 0.44,YIELD_SCIENCE 2.39 +/- 0.53,YIELD_CULTURE 1.20 +/- 0.44,YIELD_FAITH 0.60 +/- 0.88,
4, 4, TRADE, TO -1, VAL 0.00
4, 4, CITY, 52:17, 0, 2, 100, 28.00, 1, 1, 3, 25, 0, Is original capital, Is capital
4, 4, CITY, 76:38, 0, 2, 100, 20.00, 1, 1, 3, 26, 0, Is original capital, Is capital
4, 4, CITY, 73:49, 0, 1, 100, 20.00, 1, 1, 10, 20, 0, Is original capital, Is capital
4, 4, CITY, 69:63, 0, 1, 100, 20.00, 1, 1, 3, 19, 0, Is original capital, Is capital
4, 4, CITY, 43:77, 0, 2, 100, 28.00, 1, 1, 3, 26, 0, Is original capital, Is capital
4, 4, ARMY,, UNIT_SETTLER 1 3,UNIT_BUILDER 1 0,UNIT_SCOUT 1 0,UNIT_WARRIOR 1 0,UNIT_VAMPIRE 1 0,
4, 4, ARMY,, UNIT_SETTLER 1 3,UNIT_WARRIOR 1 0,UNIT_BABYLONIAN_SABUM_KIBITTUM 1 0,
4, 4, ARMY,, UNIT_SETTLER 1 3,UNIT_SCOUT 1 0,UNIT_WARRIOR 1 0,
4, 4, ARMY,, UNIT_SETTLER 1 3,UNIT_SCOUT 1 0,UNIT_WARRIOR 1 0,
4, 4, ARMY,, UNIT_SETTLER 1 3,UNIT_SCOUT 1 0,UNIT_WARRIOR 1 0,UNIT_VAMPIRE 1 0,
4, 4, ARMY,, 
4, 4, ARMY,, 
4, 4, ARMY,, 
4, 4, ARMY,, 
4, 4, ARMY,, 
4, 4, ARMY,, 
4, 4, ARMY,, 
4, 4, ARMY,, 
4, 4, ARMY,, 
4, 4, ARMY,, 
4, 4, ARMY,, 
4, 4, ARMY,, 
4, 4, ARMY,, 
4, 4, ARMY,, 
4, 4, ARMY,, 
4, 4, ARMY,, 
4, 4, ARMY,, 
4, 4, ARMY,, 
4, 4, ARMY,, 
4, 0, START LOG, , YIELD_FOOD 4.79 +/- 0.83,YIELD_PRODUCTION 6.59 +/- 1.51,YIELD_GOLD 5.40 +/- 0.54,YIELD_SCIENCE 2.59 +/- 0.89,YIELD_CULTURE 1.20 +/- 0.44,YIELD_FAITH 0.60 +/- 0.88,
4, 0, TRADE, TO -1, VAL 0.00
4, 0, CITY, 52:17, 0, 2, 100, 28.00, 1, 1, 3, 25, 0, Is original capital, Is capital
4, 0, CITY, 76:38, 0, 2, 100, 20.00, 1, 1, 3, 26, 0, Is original capital, Is capital
4, 0, CITY, 73:49, 0, 1, 100, 20.00, 1, 1, 3, 20, 0, Is original capital, Is capital
4, 0, CITY, 69:63, 0, 1, 100, 20.00, 1, 1, 3, 19, 0, Is original capital, Is capital
4, 0, CITY, 43:77, 0, 2, 100, 28.00, 1, 1, 3, 26, 0, Is original capital, Is capital
4, 0, ARMY,, UNIT_SETTLER 1 4,UNIT_BUILDER 1 0,UNIT_SCOUT 1 0,UNIT_WARRIOR 1 0,UNIT_VAMPIRE 1 0,
4, 0, ARMY,, UNIT_SETTLER 1 4,UNIT_WARRIOR 1 0,UNIT_BABYLONIAN_SABUM_KIBITTUM 1 0,
4, 0, ARMY,, UNIT_SETTLER 1 4,UNIT_SCOUT 1 0,UNIT_WARRIOR 1 0,
4, 0, ARMY,, UNIT_SETTLER 1 4,UNIT_SCOUT 1 0,UNIT_WARRIOR 1 0,
4, 0, ARMY,, UNIT_SETTLER 1 4,UNIT_SCOUT 1 0,UNIT_WARRIOR 1 0,UNIT_VAMPIRE 1 0,
4, 0, ARMY,, 
4, 0, ARMY,, 
4, 0, ARMY,, 
4, 0, ARMY,, 
4, 0, ARMY,, 
4, 0, ARMY,, 
4, 0, ARMY,, 
4, 0, ARMY,, 
4, 0, ARMY,, 
4, 0, ARMY,, 
4, 0, ARMY,, 
4, 0, ARMY,, 
4, 0, ARMY,, 
4, 0, ARMY,, 
4, 0, ARMY,, 
4, 0, ARMY,, 
4, 0, ARMY,, 
4, 0, ARMY,, 
4, 0, ARMY,, 
5, 5, START LOG, , YIELD_FOOD 5.79 +/- 2.38,YIELD_PRODUCTION 16.20 +/- 1.09,YIELD_GOLD 8.59 +/- 1.34,YIELD_SCIENCE 2.59 +/- 0.54,YIELD_CULTURE 1.00 +/- 0.00,YIELD_FAITH 0.00 +/- 0.00,
5, 5, TRADE, TO -1, VAL 0.00
5, 5, CITY, 26:70, 0, 2, 100, 20.00, 1, 1, 3, 35, 0, Is original capital, Is capital
5, 5, CITY, 38:8, 0, 1, 100, 20.00, 1, 1, 3, 30, 1, Is original capital, Is capital
5, 5, CITY, 23:15, 0, 1, 100, 20.00, 1, 1, 3, 34, 0, Is original capital, Is capital
5, 5, CITY, 11:43, 0, 2, 100, 20.00, 1, 1, 3, 36, 0, Is original capital, Is capital
5, 5, CITY, 13:58, 0, 2, 100, 20.00, 1, 1, 3, 36, 0, Is original capital, Is capital
5, 5, ARMY,, 
5, 5, ARMY,, 
5, 5, ARMY,, 
5, 5, ARMY,, 
5, 5, ARMY,, 
5, 5, ARMY,, UNIT_SETTLER 2 4,UNIT_BUILDER 1 0,UNIT_SCOUT 1 0,UNIT_WARRIOR 1 0,
5, 5, ARMY,, UNIT_SETTLER 2 4,UNIT_BUILDER 1 0,UNIT_SCOUT 1 0,UNIT_WARRIOR 1 0,
5, 5, ARMY,, UNIT_SETTLER 2 4,UNIT_BUILDER 1 0,UNIT_SCOUT 1 0,UNIT_WARRIOR 1 0,
5, 5, ARMY,, UNIT_SETTLER 2 4,UNIT_BUILDER 2 0,UNIT_SCOUT 1 0,UNIT_WARRIOR 1 0,
5, 5, ARMY,, UNIT_SETTLER 2 4,UNIT_BUILDER 2 0,UNIT_SCOUT 1 0,UNIT_WARRIOR 1 0,
5, 5, ARMY,, 
5, 5, ARMY,, 
5, 5, ARMY,, 
5, 5, ARMY,, 
5, 5, ARMY,, 
5, 5, ARMY,, 
5, 5, ARMY,, 
5, 5, ARMY,, 
5, 5, ARMY,, 
5, 5, ARMY,, 
5, 5, ARMY,, 
5, 5, ARMY,, 
5, 5, ARMY,, 
5, 5, ARMY,, 
5, 6, START LOG, , YIELD_FOOD 5.79 +/- 2.38,YIELD_PRODUCTION 16.20 +/- 1.09,YIELD_GOLD 8.59 +/- 1.34,YIELD_SCIENCE 2.59 +/- 0.54,YIELD_CULTURE 1.00 +/- 0.00,YIELD_FAITH 0.00 +/- 0.00,
5, 6, TRADE, TO -1, VAL 0.00
5, 6, CITY, 26:70, 0, 2, 100, 20.00, 1, 1, 3, 35, 0, Is original capital, Is capital
5, 6, CITY, 13:58, 0, 2, 100, 20.00, 1, 1, 3, 37, 0, Is original capital, Is capital
5, 6, CITY, 38:8, 0, 1, 100, 20.00, 1, 1, 3, 30, 1, Is original capital, Is capital
5, 6, CITY, 23:15, 0, 1, 100, 20.00, 1, 1, 3, 34, 0, Is original capital, Is capital
5, 6, CITY, 11:43, 0, 2, 100, 20.00, 1, 1, 3, 36, 0, Is original capital, Is capital
5, 6, ARMY,, 
5, 6, ARMY,, 
5, 6, ARMY,, 
5, 6, ARMY,, 
5, 6, ARMY,, 
5, 6, ARMY,, UNIT_SETTLER 1 0,UNIT_BUILDER 1 0,UNIT_SCOUT 1 0,UNIT_WARRIOR 1 0,
5, 6, ARMY,, UNIT_SETTLER 2 4,UNIT_BUILDER 1 0,UNIT_SCOUT 1 0,UNIT_WARRIOR 1 0,
5, 6, ARMY,, UNIT_SETTLER 2 4,UNIT_BUILDER 1 0,UNIT_SCOUT 1 0,UNIT_WARRIOR 1 0,
5, 6, ARMY,, UNIT_SETTLER 2 4,UNIT_BUILDER 2 0,UNIT_SCOUT 1 0,UNIT_WARRIOR 1 0,
5, 6, ARMY,, UNIT_SETTLER 2 4,UNIT_BUILDER 2 0,UNIT_SCOUT 1 0,UNIT_WARRIOR 1 0,
5, 6, ARMY,, 
5, 6, ARMY,, 
5, 6, ARMY,, 
5, 6, ARMY,, 
5, 6, ARMY,, 
5, 6, ARMY,, 
5, 6, ARMY,, 
5, 6, ARMY,, 
5, 6, ARMY,, 
5, 6, ARMY,, 
5, 6, ARMY,, 
5, 6, ARMY,, 
5, 6, ARMY,, 
5, 6, ARMY,, 
5, 7, START LOG, , YIELD_FOOD 5.79 +/- 2.38,YIELD_PRODUCTION 16.20 +/- 1.09,YIELD_GOLD 8.59 +/- 1.34,YIELD_SCIENCE 2.59 +/- 0.54,YIELD_CULTURE 1.00 +/- 0.00,YIELD_FAITH 0.00 +/- 0.00,
5, 7, TRADE, TO -1, VAL 0.00
5, 7, CITY, 13:58, 0, 2, 100, 20.00, 1, 1, 3, 37, 0, Is original capital, Is capital
5, 7, CITY, 26:70, 0, 2, 100, 20.00, 1, 1, 3, 35, 0, Is original capital, Is capital
5, 7, CITY, 11:43, 0, 2, 100, 20.00, 1, 1, 3, 38, 0, Is original capital, Is capital
5, 7, CITY, 38:8, 0, 1, 100, 20.00, 1, 1, 3, 30, 1, Is original capital, Is capital
5, 7, CITY, 23:15, 0, 1, 100, 20.00, 1, 1, 3, 34, 0, Is original capital, Is capital
5, 7, ARMY,, 
5, 7, ARMY,, 
5, 7, ARMY,, 
5, 7, ARMY,, 
5, 7, ARMY,, 
5, 7, ARMY,, UNIT_SETTLER 1 0,UNIT_BUILDER 1 0,UNIT_SCOUT 1 0,UNIT_WARRIOR 1 0,
5, 7, ARMY,, UNIT_SETTLER 1 0,UNIT_BUILDER 1 0,UNIT_SCOUT 1 0,UNIT_WARRIOR 1 0,
5, 7, ARMY,, UNIT_SETTLER 2 4,UNIT_BUILDER 1 0,UNIT_SCOUT 1 0,UNIT_WARRIOR 1 0,
5, 7, ARMY,, UNIT_SETTLER 2 4,UNIT_BUILDER 2 0,UNIT_SCOUT 1 0,UNIT_WARRIOR 1 0,
5, 7, ARMY,, UNIT_SETTLER 2 4,UNIT_BUILDER 2 0,UNIT_SCOUT 1 0,UNIT_WARRIOR 1 0,
5, 7, ARMY,, 
5, 7, ARMY,, 
5, 7, ARMY,, 
5, 7, ARMY,, 
5, 7, ARMY,, 
5, 7, ARMY,, 
5, 7, ARMY,, 
5, 7, ARMY,, 
5, 7, ARMY,, 
5, 7, ARMY,, 
5, 7, ARMY,, 
5, 7, ARMY,, 
5, 7, ARMY,, 
5, 7, ARMY,, 
5, 8, START LOG, , YIELD_FOOD 5.79 +/- 2.38,YIELD_PRODUCTION 16.20 +/- 1.09,YIELD_GOLD 8.59 +/- 1.34,YIELD_SCIENCE 2.59 +/- 0.54,YIELD_CULTURE 1.00 +/- 0.00,YIELD_FAITH 0.00 +/- 0.00,
5, 8, TRADE, TO -1, VAL 0.00
5, 8, CITY, 11:43, 0, 2, 100, 20.00, 1, 1, 3, 38, 0, Is original capital, Is capital
5, 8, CITY, 13:58, 0, 2, 100, 20.00, 1, 1, 3, 37, 0, Is original capital, Is capital
5, 8, CITY, 26:70, 0, 2, 100, 20.00, 1, 1, 3, 35, 0, Is original capital, Is capital
5, 8, CITY, 23:15, 0, 1, 100, 20.00, 1, 1, 3, 34, 0, Is original capital, Is capital
5, 8, CITY, 38:8, 0, 1, 100, 20.00, 1, 1, 3, 30, 1, Is original capital, Is capital
5, 8, ARMY,, 
5, 8, ARMY,, 
5, 8, ARMY,, 
5, 8, ARMY,, 
5, 8, ARMY,, 
5, 8, ARMY,, UNIT_SETTLER 1 0,UNIT_BUILDER 1 0,UNIT_SCOUT 1 0,UNIT_WARRIOR 1 0,
5, 8, ARMY,, UNIT_SETTLER 1 0,UNIT_BUILDER 1 0,UNIT_SCOUT 1 0,UNIT_WARRIOR 1 0,
5, 8, ARMY,, UNIT_SETTLER 1 0,UNIT_BUILDER 1 0,UNIT_SCOUT 2 0,UNIT_WARRIOR 1 0,
5, 8, ARMY,, UNIT_SETTLER 2 4,UNIT_BUILDER 2 0,UNIT_SCOUT 2 0,UNIT_WARRIOR 1 0,
5, 8, ARMY,, UNIT_SETTLER 2 4,UNIT_BUILDER 2 0,UNIT_SCOUT 1 0,UNIT_WARRIOR 1 0,
5, 8, ARMY,, 
5, 8, ARMY,, 
5, 8, ARMY,, 
5, 8, ARMY,, 
5, 8, ARMY,, 
5, 8, ARMY,, 
5, 8, ARMY,, 
5, 8, ARMY,, 
5, 8, ARMY,, 
5, 8, ARMY,, 
5, 8, ARMY,, 
5, 8, ARMY,, 
5, 8, ARMY,, 
5, 8, ARMY,, 
5, 9, START LOG, , YIELD_FOOD 5.79 +/- 2.38,YIELD_PRODUCTION 16.20 +/- 1.09,YIELD_GOLD 8.59 +/- 1.34,YIELD_SCIENCE 2.59 +/- 0.54,YIELD_CULTURE 1.00 +/- 0.00,YIELD_FAITH 0.00 +/- 0.00,
5, 9, TRADE, TO -1, VAL 2.25
5, 9, CITY, 23:15, 0, 1, 100, 20.00, 1, 1, 3, 34, 0, Is original capital, Is capital
5, 9, CITY, 11:43, 0, 2, 100, 20.00, 1, 1, 3, 38, 0, Is original capital, Is capital
5, 9, CITY, 13:58, 0, 2, 100, 20.00, 1, 1, 3, 37, 0, Is original capital, Is capital
5, 9, CITY, 26:70, 0, 2, 100, 20.00, 1, 1, 3, 35, 0, Is original capital, Is capital
5, 9, CITY, 38:8, 0, 2, 100, 20.00, 1, 1, 3, 36, 1, Is original capital, Is capital
5, 9, CITY, 21:18, 0, 1, 100, 0.00, 1, 1, 0, 14, 0, Not original capital, Not capital
5, 9, ARMY,, 
5, 9, ARMY,, 
5, 9, ARMY,, 
5, 9, ARMY,, 
5, 9, ARMY,, 
5, 9, ARMY,, UNIT_SETTLER 1 0,UNIT_BUILDER 1 0,UNIT_SCOUT 1 0,UNIT_WARRIOR 1 0,
5, 9, ARMY,, UNIT_SETTLER 1 0,UNIT_BUILDER 1 0,UNIT_SCOUT 1 0,UNIT_WARRIOR 1 0,
5, 9, ARMY,, UNIT_SETTLER 1 0,UNIT_BUILDER 1 0,UNIT_SCOUT 2 0,UNIT_WARRIOR 1 0,
5, 9, ARMY,, UNIT_SETTLER 2 1,UNIT_BUILDER 2 0,UNIT_SCOUT 3 0,UNIT_WARRIOR 1 0,
5, 9, ARMY,, UNIT_SETTLER 2 4,UNIT_BUILDER 2 0,UNIT_SCOUT 1 0,UNIT_WARRIOR 1 0,
5, 9, ARMY,, 
5, 9, ARMY,, 
5, 9, ARMY,, 
5, 9, ARMY,, 
5, 9, ARMY,, 
5, 9, ARMY,, 
5, 9, ARMY,, 
5, 9, ARMY,, 
5, 9, ARMY,, 
5, 9, ARMY,, 
5, 9, ARMY,, 
5, 9, ARMY,, 
5, 9, ARMY,, 
5, 9, ARMY,, 
5, 10, START LOG, , YIELD_FOOD 0.00 +/- 0.00,YIELD_PRODUCTION 0.00 +/- 0.00,YIELD_GOLD 0.00 +/- 0.00,YIELD_SCIENCE 0.00 +/- 0.00,YIELD_CULTURE 0.00 +/- 0.00,YIELD_FAITH 0.00 +/- 0.00,
5, 10, TRADE, TO -1, VAL 0.00
5, 10, CITY, 70:15, 0, 2, 100, 40.00, 1, 1, 8, 21, 0, Is original capital, Is capital
5, 10, ARMY,, 
5, 10, ARMY,, 
5, 10, ARMY,, 
5, 10, ARMY,, 
5, 10, ARMY,, 
5, 10, ARMY,, 
5, 10, ARMY,, 
5, 10, ARMY,, 
5, 10, ARMY,, 
5, 10, ARMY,, 
5, 10, ARMY,, UNIT_SETTLER 1 4,UNIT_BUILDER 1 0,UNIT_WARRIOR 2 0,
5, 10, ARMY,, 
5, 10, ARMY,, 
5, 10, ARMY,, 
5, 10, ARMY,, 
5, 10, ARMY,, 
5, 10, ARMY,, 
5, 10, ARMY,, 
5, 10, ARMY,, 
5, 10, ARMY,, 
5, 10, ARMY,, 
5, 10, ARMY,, 
5, 10, ARMY,, 
5, 10, ARMY,, 
5, 11, START LOG, , YIELD_FOOD 0.00 +/- 0.00,YIELD_PRODUCTION 0.00 +/- 0.00,YIELD_GOLD 0.00 +/- 0.00,YIELD_SCIENCE 0.00 +/- 0.00,YIELD_CULTURE 0.00 +/- 0.00,YIELD_FAITH 0.00 +/- 0.00,
5, 11, TRADE, TO -1, VAL 0.00
5, 11, CITY, 22:55, 0, 2, 100, 40.00, 1, 1, 8, 19, 0, Is original capital, Is capital
5, 11, ARMY,, 
5, 11, ARMY,, 
5, 11, ARMY,, 
5, 11, ARMY,, 
5, 11, ARMY,, 
5, 11, ARMY,, 
5, 11, ARMY,, 
5, 11, ARMY,, 
5, 11, ARMY,, 
5, 11, ARMY,, 
5, 11, ARMY,, 
5, 11, ARMY,, UNIT_SETTLER 1 4,UNIT_WARRIOR 2 0,
5, 11, ARMY,, 
5, 11, ARMY,, 
5, 11, ARMY,, 
5, 11, ARMY,, 
5, 11, ARMY,, 
5, 11, ARMY,, 
5, 11, ARMY,, 
5, 11, ARMY,, 
5, 11, ARMY,, 
5, 11, ARMY,, 
5, 11, ARMY,, 
5, 11, ARMY,, 
5, 12, START LOG, , YIELD_FOOD 0.00 +/- 0.00,YIELD_PRODUCTION 0.00 +/- 0.00,YIELD_GOLD 0.00 +/- 0.00,YIELD_SCIENCE 0.00 +/- 0.00,YIELD_CULTURE 0.00 +/- 0.00,YIELD_FAITH 0.00 +/- 0.00,
5, 12, TRADE, TO -1, VAL 1.50
5, 12, CITY, 66:72, 0, 2, 100, 40.00, 1, 1, 8, 20, 0, Is original capital, Is capital
5, 12, ARMY,, 
5, 12, ARMY,, 
5, 12, ARMY,, 
5, 12, ARMY,, 
5, 12, ARMY,, 
5, 12, ARMY,, 
5, 12, ARMY,, 
5, 12, ARMY,, 
5, 12, ARMY,, 
5, 12, ARMY,, 
5, 12, ARMY,, 
5, 12, ARMY,, 
5, 12, ARMY,, UNIT_SETTLER 1 4,UNIT_BUILDER 1 0,UNIT_WARRIOR 2 0,
5, 12, ARMY,, 
5, 12, ARMY,, 
5, 12, ARMY,, 
5, 12, ARMY,, 
5, 12, ARMY,, 
5, 12, ARMY,, 
5, 12, ARMY,, 
5, 12, ARMY,, 
5, 12, ARMY,, UNIT_SETTLER 1 3,UNIT_WARRIOR 2 0,
5, 12, ARMY,, 
5, 12, ARMY,, 
5, 13, START LOG, , YIELD_FOOD 0.00 +/- 0.00,YIELD_PRODUCTION 0.00 +/- 0.00,YIELD_GOLD 0.00 +/- 0.00,YIELD_SCIENCE 0.00 +/- 0.00,YIELD_CULTURE 0.00 +/- 0.00,YIELD_FAITH 0.00 +/- 0.00,
5, 13, TRADE, TO -1, VAL 0.00
5, 13, CITY, 57:2, 0, 2, 100, 40.00, 1, 1, 8, 20, 0, Is original capital, Is capital
5, 13, ARMY,, 
5, 13, ARMY,, 
5, 13, ARMY,, 
5, 13, ARMY,, 
5, 13, ARMY,, 
5, 13, ARMY,, 
5, 13, ARMY,, 
5, 13, ARMY,, 
5, 13, ARMY,, 
5, 13, ARMY,, 
5, 13, ARMY,, 
5, 13, ARMY,, 
5, 13, ARMY,, 
5, 13, ARMY,, UNIT_SETTLER 1 4,UNIT_WARRIOR 2 0,
5, 13, ARMY,, 
5, 13, ARMY,, 
5, 13, ARMY,, 
5, 13, ARMY,, 
5, 13, ARMY,, 
5, 13, ARMY,, 
5, 13, ARMY,, 
5, 13, ARMY,, 
5, 13, ARMY,, 
5, 13, ARMY,, 
5, 14, START LOG, , YIELD_FOOD 0.00 +/- 0.00,YIELD_PRODUCTION 0.00 +/- 0.00,YIELD_GOLD 0.00 +/- 0.00,YIELD_SCIENCE 0.00 +/- 0.00,YIELD_CULTURE 0.00 +/- 0.00,YIELD_FAITH 0.00 +/- 0.00,
5, 14, TRADE, TO -1, VAL 0.00
5, 14, CITY, 2:26, 0, 2, 100, 40.00, 1, 1, 13, 20, 0, Is original capital, Is capital
5, 14, ARMY,, 
5, 14, ARMY,, 
5, 14, ARMY,, 
5, 14, ARMY,, 
5, 14, ARMY,, 
5, 14, ARMY,, 
5, 14, ARMY,, 
5, 14, ARMY,, 
5, 14, ARMY,, 
5, 14, ARMY,, 
5, 14, ARMY,, 
5, 14, ARMY,, 
5, 14, ARMY,, 
5, 14, ARMY,, 
5, 14, ARMY,, UNIT_SETTLER 1 4,UNIT_BUILDER 1 0,UNIT_WARRIOR 2 0,
5, 14, ARMY,, 
5, 14, ARMY,, 
5, 14, ARMY,, 
5, 14, ARMY,, 
5, 14, ARMY,, 
5, 14, ARMY,, 
5, 14, ARMY,, 
5, 14, ARMY,, 
5, 14, ARMY,, 
5, 15, START LOG, , YIELD_FOOD 0.00 +/- 0.00,YIELD_PRODUCTION 0.00 +/- 0.00,YIELD_GOLD 0.00 +/- 0.00,YIELD_SCIENCE 0.00 +/- 0.00,YIELD_CULTURE 0.00 +/- 0.00,YIELD_FAITH 0.00 +/- 0.00,
5, 15, TRADE, TO -1, VAL 0.00
5, 15, CITY, 60:23, 0, 2, 100, 40.00, 1, 1, 8, 21, 0, Is original capital, Is capital
5, 15, ARMY,, 
5, 15, ARMY,, 
5, 15, ARMY,, 
5, 15, ARMY,, 
5, 15, ARMY,, 
5, 15, ARMY,, 
5, 15, ARMY,, 
5, 15, ARMY,, 
5, 15, ARMY,, 
5, 15, ARMY,, 
5, 15, ARMY,, 
5, 15, ARMY,, 
5, 15, ARMY,, 
5, 15, ARMY,, 
5, 15, ARMY,, 
5, 15, ARMY,, UNIT_SETTLER 1 4,UNIT_BUILDER 1 0,UNIT_WARRIOR 2 0,
5, 15, ARMY,, 
5, 15, ARMY,, 
5, 15, ARMY,, 
5, 15, ARMY,, 
5, 15, ARMY,, 
5, 15, ARMY,, 
5, 15, ARMY,, 
5, 15, ARMY,, 
5, 16, START LOG, , YIELD_FOOD 0.00 +/- 0.00,YIELD_PRODUCTION 0.00 +/- 0.00,YIELD_GOLD 0.00 +/- 0.00,YIELD_SCIENCE 0.00 +/- 0.00,YIELD_CULTURE 0.00 +/- 0.00,YIELD_FAITH 0.00 +/- 0.00,
5, 16, TRADE, TO -1, VAL 0.00
5, 16, CITY, 8:23, 0, 2, 100, 40.00, 1, 1, 13, 22, 0, Is original capital, Is capital
5, 16, ARMY,, 
5, 16, ARMY,, 
5, 16, ARMY,, 
5, 16, ARMY,, 
5, 16, ARMY,, 
5, 16, ARMY,, 
5, 16, ARMY,, 
5, 16, ARMY,, 
5, 16, ARMY,, 
5, 16, ARMY,, 
5, 16, ARMY,, 
5, 16, ARMY,, 
5, 16, ARMY,, 
5, 16, ARMY,, 
5, 16, ARMY,, 
5, 16, ARMY,, 
5, 16, ARMY,, UNIT_SETTLER 1 4,UNIT_WARRIOR 2 0,
5, 16, ARMY,, 
5, 16, ARMY,, 
5, 16, ARMY,, 
5, 16, ARMY,, 
5, 16, ARMY,, 
5, 16, ARMY,, 
5, 16, ARMY,, 
5, 17, START LOG, , YIELD_FOOD 0.00 +/- 0.00,YIELD_PRODUCTION 0.00 +/- 0.00,YIELD_GOLD 0.00 +/- 0.00,YIELD_SCIENCE 0.00 +/- 0.00,YIELD_CULTURE 0.00 +/- 0.00,YIELD_FAITH 0.00 +/- 0.00,
5, 17, TRADE, TO -1, VAL 0.00
5, 17, CITY, 59:74, 0, 2, 100, 40.00, 1, 1, 8, 21, 0, Is original capital, Is capital
5, 17, ARMY,, 
5, 17, ARMY,, 
5, 17, ARMY,, 
5, 17, ARMY,, 
5, 17, ARMY,, 
5, 17, ARMY,, 
5, 17, ARMY,, 
5, 17, ARMY,, 
5, 17, ARMY,, 
5, 17, ARMY,, 
5, 17, ARMY,, 
5, 17, ARMY,, 
5, 17, ARMY,, 
5, 17, ARMY,, 
5, 17, ARMY,, 
5, 17, ARMY,, 
5, 17, ARMY,, 
5, 17, ARMY,, UNIT_SETTLER 1 4,UNIT_BUILDER 1 0,UNIT_WARRIOR 2 0,
5, 17, ARMY,, 
5, 17, ARMY,, 
5, 17, ARMY,, 
5, 17, ARMY,, 
5, 17, ARMY,, 
5, 17, ARMY,, 
5, 18, START LOG, , YIELD_FOOD 0.00 +/- 0.00,YIELD_PRODUCTION 0.00 +/- 0.00,YIELD_GOLD 0.00 +/- 0.00,YIELD_SCIENCE 0.00 +/- 0.00,YIELD_CULTURE 0.00 +/- 0.00,YIELD_FAITH 0.00 +/- 0.00,
5, 18, TRADE, TO -1, VAL 0.00
5, 18, CITY, 35:74, 0, 2, 100, 40.00, 1, 1, 8, 19, 0, Is original capital, Is capital
5, 18, ARMY,, 
5, 18, ARMY,, 
5, 18, ARMY,, 
5, 18, ARMY,, 
5, 18, ARMY,, 
5, 18, ARMY,, 
5, 18, ARMY,, 
5, 18, ARMY,, 
5, 18, ARMY,, 
5, 18, ARMY,, 
5, 18, ARMY,, 
5, 18, ARMY,, 
5, 18, ARMY,, 
5, 18, ARMY,, 
5, 18, ARMY,, 
5, 18, ARMY,, 
5, 18, ARMY,, 
5, 18, ARMY,, 
5, 18, ARMY,, UNIT_SETTLER 1 4,UNIT_WARRIOR 2 0,
5, 18, ARMY,, 
5, 18, ARMY,, 
5, 18, ARMY,, 
5, 18, ARMY,, 
5, 18, ARMY,, 
5, 19, START LOG, , YIELD_FOOD 0.00 +/- 0.00,YIELD_PRODUCTION 0.00 +/- 0.00,YIELD_GOLD 0.00 +/- 0.00,YIELD_SCIENCE 0.00 +/- 0.00,YIELD_CULTURE 0.00 +/- 0.00,YIELD_FAITH 0.00 +/- 0.00,
5, 19, TRADE, TO -1, VAL 0.00
5, 19, CITY, 15:70, 0, 2, 100, 40.00, 1, 1, 8, 20, 0, Is original capital, Is capital
5, 19, ARMY,, 
5, 19, ARMY,, 
5, 19, ARMY,, 
5, 19, ARMY,, 
5, 19, ARMY,, 
5, 19, ARMY,, 
5, 19, ARMY,, 
5, 19, ARMY,, 
5, 19, ARMY,, 
5, 19, ARMY,, 
5, 19, ARMY,, 
5, 19, ARMY,, 
5, 19, ARMY,, 
5, 19, ARMY,, 
5, 19, ARMY,, 
5, 19, ARMY,, 
5, 19, ARMY,, 
5, 19, ARMY,, 
5, 19, ARMY,, 
5, 19, ARMY,, UNIT_SETTLER 1 4,UNIT_BUILDER 1 0,UNIT_WARRIOR 2 0,
5, 19, ARMY,, 
5, 19, ARMY,, 
5, 19, ARMY,, 
5, 19, ARMY,, 
5, 20, START LOG, , YIELD_FOOD 0.00 +/- 0.00,YIELD_PRODUCTION 0.00 +/- 0.00,YIELD_GOLD 0.00 +/- 0.00,YIELD_SCIENCE 0.00 +/- 0.00,YIELD_CULTURE 0.00 +/- 0.00,YIELD_FAITH 0.00 +/- 0.00,
5, 20, TRADE, TO -1, VAL 0.00
5, 20, CITY, 68:27, 0, 2, 100, 40.00, 1, 1, 8, 21, 0, Is original capital, Is capital
5, 20, ARMY,, 
5, 20, ARMY,, 
5, 20, ARMY,, 
5, 20, ARMY,, 
5, 20, ARMY,, 
5, 20, ARMY,, 
5, 20, ARMY,, 
5, 20, ARMY,, 
5, 20, ARMY,, 
5, 20, ARMY,, 
5, 20, ARMY,, 
5, 20, ARMY,, 
5, 20, ARMY,, 
5, 20, ARMY,, 
5, 20, ARMY,, 
5, 20, ARMY,, 
5, 20, ARMY,, 
5, 20, ARMY,, 
5, 20, ARMY,, 
5, 20, ARMY,, 
5, 20, ARMY,, UNIT_SETTLER 1 4,UNIT_BUILDER 1 0,UNIT_WARRIOR 2 0,
5, 20, ARMY,, 
5, 20, ARMY,, 
5, 20, ARMY,, 
5, 21, START LOG, , YIELD_FOOD 6.00 +/- 1.41,YIELD_PRODUCTION 3.00 +/- 0.00,YIELD_GOLD 5.00 +/- 0.00,YIELD_SCIENCE 2.50 +/- 0.71,YIELD_CULTURE 1.50 +/- 0.71,YIELD_FAITH 0.00 +/- 0.00,
5, 21, TRADE, TO -1, VAL 0.00
5, 21, CITY, 66:72, 0, 2, 100, 40.00, 1, 1, 13, 20, 0, Is original capital, Is capital
5, 21, CITY, 66:68, 0, 1, 100, 40.00, 1, 1, 8, 16, 0, Is original capital, Is capital
5, 21, ARMY,, 
5, 21, ARMY,, 
5, 21, ARMY,, 
5, 21, ARMY,, 
5, 21, ARMY,, 
5, 21, ARMY,, 
5, 21, ARMY,, 
5, 21, ARMY,, 
5, 21, ARMY,, 
5, 21, ARMY,, 
5, 21, ARMY,, 
5, 21, ARMY,, 
5, 21, ARMY,, UNIT_BUILDER 1 0,UNIT_WARRIOR 2 2,
5, 21, ARMY,, 
5, 21, ARMY,, 
5, 21, ARMY,, 
5, 21, ARMY,, 
5, 21, ARMY,, 
5, 21, ARMY,, 
5, 21, ARMY,, 
5, 21, ARMY,, 
5, 21, ARMY,, UNIT_SETTLER 1 1,UNIT_WARRIOR 2 0,
5, 21, ARMY,, 
5, 21, ARMY,, 
5, 62, START LOG, , YIELD_FOOD 0.00 +/- 0.00,YIELD_PRODUCTION 0.00 +/- 0.00,YIELD_GOLD 0.00 +/- 0.00,YIELD_SCIENCE 0.00 +/- 0.00,YIELD_CULTURE 0.00 +/- 0.00,YIELD_FAITH 0.00 +/- 0.00,
5, 62, TRADE, TO -1, VAL 0.00
5, 62, ARMY,, 
5, 62, ARMY,, 
5, 62, ARMY,, 
5, 62, ARMY,, 
5, 62, ARMY,, 
5, 62, ARMY,, 
5, 62, ARMY,, 
5, 62, ARMY,, 
5, 62, ARMY,, 
5, 62, ARMY,, 
5, 62, ARMY,, 
5, 62, ARMY,, 
5, 62, ARMY,, 
5, 62, ARMY,, 
5, 62, ARMY,, 
5, 62, ARMY,, 
5, 62, ARMY,, 
5, 62, ARMY,, 
5, 62, ARMY,, 
5, 62, ARMY,, 
5, 62, ARMY,, 
5, 62, ARMY,, 
5, 62, ARMY,, 
5, 62, ARMY,, 
5, 63, START LOG, , YIELD_FOOD 0.00 +/- 0.00,YIELD_PRODUCTION 0.00 +/- 0.00,YIELD_GOLD 0.00 +/- 0.00,YIELD_SCIENCE 0.00 +/- 0.00,YIELD_CULTURE 0.00 +/- 0.00,YIELD_FAITH 0.00 +/- 0.00,
5, 63, TRADE, TO -1, VAL 0.00
5, 63, ARMY,, 
5, 63, ARMY,, 
5, 63, ARMY,, 
5, 63, ARMY,, 
5, 63, ARMY,, 
5, 63, ARMY,, 
5, 63, ARMY,, 
5, 63, ARMY,, 
5, 63, ARMY,, 
5, 63, ARMY,, 
5, 63, ARMY,, 
5, 63, ARMY,, 
5, 63, ARMY,, 
5, 63, ARMY,, 
5, 63, ARMY,, 
5, 63, ARMY,, 
5, 63, ARMY,, 
5, 63, ARMY,, 
5, 63, ARMY,, 
5, 63, ARMY,, 
5, 63, ARMY,, 
5, 63, ARMY,, 
5, 63, ARMY,, 
5, 63, ARMY,, 
5, 0, START LOG, , YIELD_FOOD 5.59 +/- 1.67,YIELD_PRODUCTION 7.39 +/- 2.07,YIELD_GOLD 5.40 +/- 0.54,YIELD_SCIENCE 2.99 +/- 0.99,YIELD_CULTURE 1.20 +/- 0.44,YIELD_FAITH 0.60 +/- 0.88,
5, 0, TRADE, TO -1, VAL 0.00
5, 0, CITY, 52:17, 0, 2, 100, 28.00, 1, 1, 3, 25, 0, Is original capital, Is capital
5, 0, CITY, 76:38, 0, 2, 100, 20.00, 1, 1, 3, 26, 0, Is original capital, Is capital
5, 0, CITY, 73:49, 0, 1, 100, 20.00, 1, 1, 3, 20, 0, Is original capital, Is capital
5, 0, CITY, 69:63, 0, 1, 100, 20.00, 1, 1, 3, 19, 0, Is original capital, Is capital
5, 0, CITY, 43:77, 0, 2, 100, 28.00, 1, 1, 3, 26, 0, Is original capital, Is capital
5, 0, ARMY,, UNIT_SETTLER 1 5,UNIT_BUILDER 1 0,UNIT_SCOUT 1 0,UNIT_WARRIOR 1 0,UNIT_VAMPIRE 1 0,
5, 0, ARMY,, UNIT_SETTLER 1 5,UNIT_WARRIOR 1 0,UNIT_BABYLONIAN_SABUM_KIBITTUM 1 0,
5, 0, ARMY,, UNIT_SETTLER 1 5,UNIT_SCOUT 1 0,UNIT_WARRIOR 1 0,
5, 0, ARMY,, UNIT_SETTLER 1 5,UNIT_SCOUT 1 0,UNIT_WARRIOR 1 0,
5, 0, ARMY,, UNIT_SETTLER 1 5,UNIT_SCOUT 1 0,UNIT_WARRIOR 1 0,UNIT_VAMPIRE 1 0,
5, 0, ARMY,, 
5, 0, ARMY,, 
5, 0, ARMY,, 
5, 0, ARMY,, 
5, 0, ARMY,, 
5, 0, ARMY,, 
5, 0, ARMY,, 
5, 0, ARMY,, 
5, 0, ARMY,, 
5, 0, ARMY,, 
5, 0, ARMY,, 
5, 0, ARMY,, 
5, 0, ARMY,, 
5, 0, ARMY,, 
5, 0, ARMY,, 
5, 0, ARMY,, 
5, 0, ARMY,, 
5, 0, ARMY,, 
5, 0, ARMY,, 
5, 1, START LOG, , YIELD_FOOD 4.79 +/- 0.83,YIELD_PRODUCTION 6.59 +/- 1.51,YIELD_GOLD 5.40 +/- 0.54,YIELD_SCIENCE 2.59 +/- 0.89,YIELD_CULTURE 1.20 +/- 0.44,YIELD_FAITH 0.60 +/- 0.88,
5, 1, TRADE, TO -1, VAL 0.00
5, 1, CITY, 52:17, 0, 2, 100, 28.00, 1, 1, 3, 25, 0, Is original capital, Is capital
5, 1, CITY, 76:38, 0, 2, 100, 20.00, 1, 1, 3, 26, 0, Is original capital, Is capital
5, 1, CITY, 73:49, 0, 2, 100, 28.00, 1, 1, 3, 25, 0, Is original capital, Is capital
5, 1, CITY, 69:63, 0, 1, 100, 20.00, 1, 1, 3, 19, 0, Is original capital, Is capital
5, 1, CITY, 43:77, 0, 2, 100, 28.00, 1, 1, 3, 26, 0, Is original capital, Is capital
5, 1, ARMY,, UNIT_SETTLER 1 4,UNIT_BUILDER 1 0,UNIT_SCOUT 1 0,UNIT_WARRIOR 1 0,UNIT_VAMPIRE 1 0,
5, 1, ARMY,, UNIT_SETTLER 1 4,UNIT_WARRIOR 1 0,UNIT_BABYLONIAN_SABUM_KIBITTUM 1 0,
5, 1, ARMY,, UNIT_SETTLER 1 4,UNIT_SCOUT 1 0,UNIT_WARRIOR 1 0,
5, 1, ARMY,, UNIT_SETTLER 1 4,UNIT_SCOUT 1 0,UNIT_WARRIOR 1 0,
5, 1, ARMY,, UNIT_SETTLER 1 4,UNIT_SCOUT 1 0,UNIT_WARRIOR 1 0,UNIT_VAMPIRE 1 0,
5, 1, ARMY,, 
5, 1, ARMY,, 
5, 1, ARMY,, 
5, 1, ARMY,, 
5, 1, ARMY,, 
5, 1, ARMY,, 
5, 1, ARMY,, 
5, 1, ARMY,, 
5, 1, ARMY,, 
5, 1, ARMY,, 
5, 1, ARMY,, 
5, 1, ARMY,, 
5, 1, ARMY,, 
5, 1, ARMY,, 
5, 1, ARMY,, 
5, 1, ARMY,, 
5, 1, ARMY,, 
5, 1, ARMY,, 
5, 1, ARMY,, 
5, 2, START LOG, , YIELD_FOOD 4.79 +/- 0.83,YIELD_PRODUCTION 6.59 +/- 1.51,YIELD_GOLD 5.40 +/- 0.54,YIELD_SCIENCE 2.59 +/- 0.89,YIELD_CULTURE 1.20 +/- 0.44,YIELD_FAITH 0.60 +/- 0.88,
5, 2, TRADE, TO -1, VAL 0.00
5, 2, CITY, 52:17, 0, 2, 100, 28.00, 1, 1, 3, 25, 0, Is original capital, Is capital
5, 2, CITY, 76:38, 0, 2, 100, 20.00, 1, 1, 3, 26, 0, Is original capital, Is capital
5, 2, CITY, 73:49, 0, 2, 100, 28.00, 1, 1, 3, 25, 0, Is original capital, Is capital
5, 2, CITY, 69:63, 0, 2, 100, 20.00, 1, 1, 3, 25, 0, Is original capital, Is capital
5, 2, CITY, 43:77, 0, 2, 100, 28.00, 1, 1, 3, 26, 0, Is original capital, Is capital
5, 2, ARMY,, UNIT_SETTLER 1 4,UNIT_BUILDER 1 0,UNIT_SCOUT 1 0,UNIT_WARRIOR 1 0,UNIT_VAMPIRE 1 0,
5, 2, ARMY,, UNIT_SETTLER 1 4,UNIT_WARRIOR 1 0,UNIT_BABYLONIAN_SABUM_KIBITTUM 1 0,
5, 2, ARMY,, UNIT_SETTLER 1 4,UNIT_SCOUT 1 0,UNIT_WARRIOR 1 0,
5, 2, ARMY,, UNIT_SETTLER 1 4,UNIT_SCOUT 1 0,UNIT_WARRIOR 1 0,
5, 2, ARMY,, UNIT_SETTLER 1 4,UNIT_SCOUT 1 0,UNIT_WARRIOR 1 0,UNIT_VAMPIRE 1 0,
5, 2, ARMY,, 
5, 2, ARMY,, 
5, 2, ARMY,, 
5, 2, ARMY,, 
5, 2, ARMY,, 
5, 2, ARMY,, 
5, 2, ARMY,, 
5, 2, ARMY,, 
5, 2, ARMY,, 
5, 2, ARMY,, 
5, 2, ARMY,, 
5, 2, ARMY,, 
5, 2, ARMY,, 
5, 2, ARMY,, 
5, 2, ARMY,, 
5, 2, ARMY,, 
5, 2, ARMY,, 
5, 2, ARMY,, 
5, 2, ARMY,, 
5, 3, START LOG, , YIELD_FOOD 5.39 +/- 1.67,YIELD_PRODUCTION 6.59 +/- 1.51,YIELD_GOLD 5.40 +/- 0.54,YIELD_SCIENCE 2.79 +/- 1.09,YIELD_CULTURE 1.20 +/- 0.44,YIELD_FAITH 0.60 +/- 0.88,
5, 3, TRADE, TO -1, VAL 0.00
5, 3, CITY, 52:17, 0, 2, 100, 28.00, 1, 1, 3, 25, 0, Is original capital, Is capital
5, 3, CITY, 76:38, 0, 2, 100, 20.00, 1, 1, 3, 30, 0, Is original capital, Is capital
5, 3, CITY, 69:63, 0, 2, 100, 20.00, 1, 1, 3, 25, 0, Is original capital, Is capital
5, 3, CITY, 43:77, 0, 2, 100, 28.00, 1, 1, 3, 26, 0, Is original capital, Is capital
5, 3, CITY, 73:49, 0, 2, 100, 28.00, 1, 1, 3, 25, 0, Is original capital, Is capital
5, 3, ARMY,, UNIT_SETTLER 1 5,UNIT_BUILDER 1 0,UNIT_SCOUT 1 0,UNIT_WARRIOR 1 0,UNIT_VAMPIRE 1 0,
5, 3, ARMY,, UNIT_SETTLER 1 5,UNIT_WARRIOR 1 0,UNIT_BABYLONIAN_SABUM_KIBITTUM 1 0,
5, 3, ARMY,, UNIT_SETTLER 1 5,UNIT_SCOUT 1 0,UNIT_WARRIOR 1 0,
5, 3, ARMY,, UNIT_SETTLER 1 5,UNIT_SCOUT 1 0,UNIT_WARRIOR 1 0,
5, 3, ARMY,, UNIT_SETTLER 1 5,UNIT_SCOUT 1 0,UNIT_WARRIOR 1 0,UNIT_VAMPIRE 1 0,
5, 3, ARMY,, 
5, 3, ARMY,, 
5, 3, ARMY,, 
5, 3, ARMY,, 
5, 3, ARMY,, 
5, 3, ARMY,, 
5, 3, ARMY,, 
5, 3, ARMY,, 
5, 3, ARMY,, 
5, 3, ARMY,, 
5, 3, ARMY,, 
5, 3, ARMY,, 
5, 3, ARMY,, 
5, 3, ARMY,, 
5, 3, ARMY,, 
5, 3, ARMY,, 
5, 3, ARMY,, 
5, 3, ARMY,, 
5, 3, ARMY,, 
5, 4, START LOG, , YIELD_FOOD 5.79 +/- 1.78,YIELD_PRODUCTION 7.19 +/- 1.79,YIELD_GOLD 5.40 +/- 0.54,YIELD_SCIENCE 2.99 +/- 0.99,YIELD_CULTURE 1.20 +/- 0.44,YIELD_FAITH 0.60 +/- 0.88,
5, 4, TRADE, TO -1, VAL 0.00
5, 4, CITY, 52:17, 0, 2, 100, 28.00, 1, 1, 3, 25, 0, Is original capital, Is capital
5, 4, CITY, 76:38, 0, 2, 100, 20.00, 1, 1, 3, 30, 0, Is original capital, Is capital
5, 4, CITY, 73:49, 0, 2, 100, 28.00, 1, 1, 3, 25, 0, Is original capital, Is capital
5, 4, CITY, 69:63, 0, 2, 100, 20.00, 1, 1, 3, 25, 0, Is original capital, Is capital
5, 4, CITY, 43:77, 0, 2, 100, 28.00, 1, 1, 3, 26, 0, Is original capital, Is capital
5, 4, ARMY,, UNIT_SETTLER 1 4,UNIT_BUILDER 1 0,UNIT_SCOUT 1 0,UNIT_WARRIOR 1 0,UNIT_VAMPIRE 1 0,
5, 4, ARMY,, UNIT_SETTLER 1 4,UNIT_WARRIOR 1 0,UNIT_BABYLONIAN_SABUM_KIBITTUM 1 0,
5, 4, ARMY,, UNIT_SETTLER 1 4,UNIT_SCOUT 1 0,UNIT_WARRIOR 1 0,
5, 4, ARMY,, UNIT_SETTLER 1 4,UNIT_SCOUT 1 0,UNIT_WARRIOR 1 0,
5, 4, ARMY,, UNIT_SETTLER 1 4,UNIT_SCOUT 1 0,UNIT_WARRIOR 1 0,UNIT_VAMPIRE 1 0,
5, 4, ARMY,, 
5, 4, ARMY,, 
5, 4, ARMY,, 
5, 4, ARMY,, 
5, 4, ARMY,, 
5, 4, ARMY,, 
5, 4, ARMY,, 
5, 4, ARMY,, 
5, 4, ARMY,, 
5, 4, ARMY,, 
5, 4, ARMY,, 
5, 4, ARMY,, 
5, 4, ARMY,, 
5, 4, ARMY,, 
5, 4, ARMY,, 
5, 4, ARMY,, 
5, 4, ARMY,, 
5, 4, ARMY,, 
5, 4, ARMY,, 
5, 2, START LOG, , YIELD_FOOD 6.33 +/- 1.03,YIELD_PRODUCTION 7.33 +/- 2.73,YIELD_GOLD 5.33 +/- 0.50,YIELD_SCIENCE 3.16 +/- 0.75,YIELD_CULTURE 1.15 +/- 0.40,YIELD_FAITH 0.50 +/- 0.83,
5, 2, TRADE, TO -1, VAL 1.50
5, 2, CITY, 52:17, 0, 2, 100, 28.00, 1, 1, 3, 25, 0, Is original capital, Is capital
5, 2, CITY, 76:38, 0, 2, 100, 20.00, 1, 1, 3, 30, 0, Is original capital, Is capital
5, 2, CITY, 73:49, 0, 2, 100, 28.00, 1, 1, 3, 25, 0, Is original capital, Is capital
5, 2, CITY, 69:63, 0, 2, 100, 20.00, 1, 1, 3, 25, 0, Is original capital, Is capital
5, 2, CITY, 43:77, 0, 2, 100, 28.00, 1, 1, 3, 27, 1, Is original capital, Is capital
5, 2, CITY, 66:68, 0, 1, 100, 40.00, 1, 1, 8, 16, 0, Is original capital, Is capital
5, 2, ARMY,, UNIT_SETTLER 1 5,UNIT_BUILDER 1 0,UNIT_SCOUT 1 0,UNIT_WARRIOR 1 0,UNIT_VAMPIRE 1 0,
5, 2, ARMY,, UNIT_SETTLER 1 5,UNIT_WARRIOR 1 0,UNIT_BABYLONIAN_SABUM_KIBITTUM 1 0,
5, 2, ARMY,, UNIT_SETTLER 1 5,UNIT_SCOUT 1 0,UNIT_WARRIOR 1 0,
5, 2, ARMY,, UNIT_SETTLER 1 5,UNIT_SCOUT 1 0,UNIT_WARRIOR 1 0,
5, 2, ARMY,, UNIT_SETTLER 1 5,UNIT_BUILDER 1 0,UNIT_SCOUT 1 0,UNIT_WARRIOR 1 0,UNIT_VAMPIRE 1 0,
5, 2, ARMY,, 
5, 2, ARMY,, 
5, 2, ARMY,, 
5, 2, ARMY,, 
5, 2, ARMY,, 
5, 2, ARMY,, 
5, 2, ARMY,, 
5, 2, ARMY,, 
5, 2, ARMY,, 
5, 2, ARMY,, 
5, 2, ARMY,, 
5, 2, ARMY,, 
5, 2, ARMY,, 
5, 2, ARMY,, 
5, 2, ARMY,, 
5, 2, ARMY,, 
5, 2, ARMY,, 
5, 2, ARMY,, 
5, 2, ARMY,, 
6, 5, START LOG, , YIELD_FOOD 6.19 +/- 2.59,YIELD_PRODUCTION 15.80 +/- 1.09,YIELD_GOLD 8.59 +/- 1.34,YIELD_SCIENCE 2.59 +/- 0.54,YIELD_CULTURE 1.00 +/- 0.00,YIELD_FAITH 0.00 +/- 0.00,
6, 5, TRADE, TO -1, VAL 0.00
6, 5, CITY, 26:70, 0, 2, 100, 20.00, 1, 1, 3, 35, 0, Is original capital, Is capital
6, 5, CITY, 38:8, 0, 2, 100, 20.00, 1, 1, 3, 36, 1, Is original capital, Is capital
6, 5, CITY, 23:15, 0, 1, 100, 20.00, 1, 1, 3, 34, 0, Is original capital, Is capital
6, 5, CITY, 11:43, 0, 2, 100, 20.00, 1, 1, 3, 38, 0, Is original capital, Is capital
6, 5, CITY, 13:58, 0, 2, 100, 20.00, 1, 1, 3, 37, 0, Is original capital, Is capital
6, 5, CITY, 21:18, 0, 1, 100, 0.00, 1, 1, 0, 14, 0, Not original capital, Not capital
6, 5, ARMY,, 
6, 5, ARMY,, 
6, 5, ARMY,, 
6, 5, ARMY,, 
6, 5, ARMY,, 
6, 5, ARMY,, UNIT_SETTLER 2 5,UNIT_BUILDER 2 0,UNIT_SCOUT 1 0,UNIT_WARRIOR 1 0,
6, 5, ARMY,, UNIT_SETTLER 2 5,UNIT_BUILDER 1 0,UNIT_SCOUT 1 0,UNIT_WARRIOR 1 0,
6, 5, ARMY,, UNIT_SETTLER 2 5,UNIT_BUILDER 1 0,UNIT_SCOUT 2 0,UNIT_WARRIOR 1 0,
6, 5, ARMY,, UNIT_SETTLER 3 5,UNIT_BUILDER 2 0,UNIT_SCOUT 3 0,UNIT_WARRIOR 1 0,
6, 5, ARMY,, UNIT_SETTLER 2 5,UNIT_BUILDER 2 0,UNIT_SCOUT 1 0,UNIT_WARRIOR 1 0,
6, 5, ARMY,, 
6, 5, ARMY,, 
6, 5, ARMY,, 
6, 5, ARMY,, 
6, 5, ARMY,, 
6, 5, ARMY,, 
6, 5, ARMY,, 
6, 5, ARMY,, 
6, 5, ARMY,, 
6, 5, ARMY,, 
6, 5, ARMY,, 
6, 5, ARMY,, 
6, 5, ARMY,, 
6, 5, ARMY,, 
6, 6, START LOG, , YIELD_FOOD 6.19 +/- 2.59,YIELD_PRODUCTION 16.00 +/- 1.41,YIELD_GOLD 8.59 +/- 1.34,YIELD_SCIENCE 2.59 +/- 0.54,YIELD_CULTURE 1.00 +/- 0.00,YIELD_FAITH 0.00 +/- 0.00,
6, 6, TRADE, TO -1, VAL 0.00
6, 6, CITY, 26:70, 0, 2, 100, 20.00, 1, 1, 3, 35, 0, Is original capital, Is capital
6, 6, CITY, 13:58, 0, 2, 100, 21.00, 1, 1, 3, 39, 0, Is original capital, Is capital
6, 6, CITY, 38:8, 0, 2, 100, 20.00, 1, 1, 3, 36, 1, Is original capital, Is capital
6, 6, CITY, 23:15, 0, 1, 100, 20.00, 1, 1, 3, 34, 0, Is original capital, Is capital
6, 6, CITY, 11:43, 0, 2, 100, 20.00, 1, 1, 3, 38, 0, Is original capital, Is capital
6, 6, CITY, 21:18, 0, 1, 100, 0.00, 1, 1, 0, 14, 0, Not original capital, Not capital
6, 6, CITY, 22:55, 0, 2, 100, 40.00, 1, 1, 8, 19, 0, Is original capital, Is capital
6, 6, CITY, 23:72, 0, 1, 100, 0.00, 1, 1, 0, 13, 0, Not original capital, Not capital
6, 6, ARMY,, 
6, 6, ARMY,, 
6, 6, ARMY,, 
6, 6, ARMY,, 
6, 6, ARMY,, 
6, 6, ARMY,, UNIT_SETTLER 2 1,UNIT_BUILDER 2 0,UNIT_SCOUT 2 0,UNIT_WARRIOR 1 0,
6, 6, ARMY,, UNIT_SETTLER 2 5,UNIT_BUILDER 1 0,UNIT_SCOUT 1 0,UNIT_WARRIOR 1 0,
6, 6, ARMY,, UNIT_SETTLER 2 5,UNIT_BUILDER 1 0,UNIT_SCOUT 2 0,UNIT_WARRIOR 1 0,
6, 6, ARMY,, UNIT_SETTLER 3 5,UNIT_BUILDER 2 0,UNIT_SCOUT 3 0,UNIT_WARRIOR 1 0,
6, 6, ARMY,, UNIT_SETTLER 2 5,UNIT_BUILDER 2 0,UNIT_SCOUT 1 0,UNIT_WARRIOR 1 0,
6, 6, ARMY,, 
6, 6, ARMY,, 
6, 6, ARMY,, 
6, 6, ARMY,, 
6, 6, ARMY,, 
6, 6, ARMY,, 
6, 6, ARMY,, 
6, 6, ARMY,, 
6, 6, ARMY,, 
6, 6, ARMY,, 
6, 6, ARMY,, 
6, 6, ARMY,, 
6, 6, ARMY,, 
6, 6, ARMY,, 
6, 7, START LOG, , YIELD_FOOD 6.19 +/- 2.59,YIELD_PRODUCTION 16.00 +/- 1.41,YIELD_GOLD 8.99 +/- 1.41,YIELD_SCIENCE 2.59 +/- 0.54,YIELD_CULTURE 1.00 +/- 0.00,YIELD_FAITH 0.00 +/- 0.00,
6, 7, TRADE, TO -1, VAL 0.00
6, 7, CITY, 13:58, 0, 2, 100, 21.00, 1, 1, 3, 39, 0, Is original capital, Is capital
6, 7, CITY, 26:70, 0, 2, 100, 20.00, 1, 1, 3, 35, 0, Is original capital, Is capital
6, 7, CITY, 11:43, 0, 3, 100, 21.00, 1, 1, 3, 46, 0, Is original capital, Is capital
6, 7, CITY, 38:8, 0, 2, 100, 20.00, 1, 1, 3, 36, 1, Is original capital, Is capital
6, 7, CITY, 23:15, 0, 1, 100, 20.00, 1, 1, 3, 34, 0, Is original capital, Is capital
6, 7, CITY, 21:18, 0, 1, 100, 0.00, 1, 1, 0, 14, 0, Not original capital, Not capital
6, 7, CITY, 22:55, 0, 2, 100, 40.00, 1, 1, 8, 19, 0, Is original capital, Is capital
6, 7, CITY, 9:57, 0, 1, 100, 0.00, 1, 1, 0, 15, 0, Not original capital, Not capital
6, 7, CITY, 23:72, 0, 1, 100, 0.00, 1, 1, 0, 13, 0, Not original capital, Not capital
6, 7, ARMY,, 
6, 7, ARMY,, 
6, 7, ARMY,, 
6, 7, ARMY,, 
6, 7, ARMY,, 
6, 7, ARMY,, UNIT_SETTLER 2 1,UNIT_BUILDER 2 0,UNIT_SCOUT 2 0,UNIT_WARRIOR 1 0,
6, 7, ARMY,, UNIT_SETTLER 2 1,UNIT_BUILDER 1 0,UNIT_SCOUT 2 0,UNIT_WARRIOR 1 0,
6, 7, ARMY,, UNIT_SETTLER 2 5,UNIT_BUILDER 1 0,UNIT_SCOUT 2 0,UNIT_WARRIOR 1 0,
6, 7, ARMY,, UNIT_SETTLER 3 5,UNIT_BUILDER 2 0,UNIT_SCOUT 3 0,UNIT_WARRIOR 1 0,
6, 7, ARMY,, UNIT_SETTLER 2 5,UNIT_BUILDER 2 0,UNIT_SCOUT 1 0,UNIT_WARRIOR 1 0,
6, 7, ARMY,, 
6, 7, ARMY,, 
6, 7, ARMY,, 
6, 7, ARMY,, 
6, 7, ARMY,, 
6, 7, ARMY,, 
6, 7, ARMY,, 
6, 7, ARMY,, 
6, 7, ARMY,, 
6, 7, ARMY,, 
6, 7, ARMY,, 
6, 7, ARMY,, 
6, 7, ARMY,, 
6, 7, ARMY,, 
6, 8, START LOG, , YIELD_FOOD 5.82 +/- 2.48,YIELD_PRODUCTION 15.00 +/- 2.75,YIELD_GOLD 7.49 +/- 3.88,YIELD_SCIENCE 2.16 +/- 1.16,YIELD_CULTURE 0.82 +/- 0.39,YIELD_FAITH 0.00 +/- 0.00,
6, 8, TRADE, TO -1, VAL 0.00
6, 8, CITY, 11:43, 0, 3, 100, 21.00, 1, 1, 3, 46, 0, Is original capital, Is capital
6, 8, CITY, 13:58, 0, 2, 100, 21.00, 1, 1, 3, 39, 0, Is original capital, Is capital
6, 8, CITY, 26:70, 0, 2, 100, 20.00, 1, 1, 3, 35, 0, Is original capital, Is capital
6, 8, CITY, 23:15, 0, 1, 100, 29.00, 1, 1, 3, 41, 0, Is original capital, Is capital
6, 8, CITY, 38:8, 0, 2, 100, 20.00, 1, 1, 3, 36, 1, Is original capital, Is capital
6, 8, CITY, 21:18, 0, 1, 100, 20.00, 1, 1, 0, 14, 0, Not original capital, Not capital
6, 8, CITY, 22:55, 0, 2, 100, 40.00, 1, 1, 8, 19, 0, Is original capital, Is capital
6, 8, CITY, 9:57, 0, 1, 100, 0.00, 1, 1, 0, 15, 0, Not original capital, Not capital
6, 8, CITY, 23:72, 0, 1, 100, 0.00, 1, 1, 0, 13, 0, Not original capital, Not capital
6, 8, ARMY,, 
6, 8, ARMY,, 
6, 8, ARMY,, 
6, 8, ARMY,, 
6, 8, ARMY,, 
6, 8, ARMY,, UNIT_SETTLER 2 1,UNIT_BUILDER 2 0,UNIT_SCOUT 2 0,UNIT_WARRIOR 1 0,
6, 8, ARMY,, UNIT_SETTLER 2 1,UNIT_BUILDER 1 0,UNIT_SCOUT 2 0,UNIT_WARRIOR 1 0,
6, 8, ARMY,, UNIT_SETTLER 1 0,UNIT_BUILDER 1 0,UNIT_SCOUT 2 0,UNIT_WARRIOR 1 0,
6, 8, ARMY,, UNIT_SETTLER 3 5,UNIT_BUILDER 2 0,UNIT_SCOUT 3 0,UNIT_WARRIOR 1 0,
6, 8, ARMY,, UNIT_SETTLER 2 5,UNIT_BUILDER 2 0,UNIT_SCOUT 1 0,UNIT_WARRIOR 1 0,
6, 8, ARMY,, 
6, 8, ARMY,, 
6, 8, ARMY,, 
6, 8, ARMY,, 
6, 8, ARMY,, 
6, 8, ARMY,, 
6, 8, ARMY,, 
6, 8, ARMY,, 
6, 8, ARMY,, 
6, 8, ARMY,, 
6, 8, ARMY,, 
6, 8, ARMY,, 
6, 8, ARMY,, 
6, 8, ARMY,, 
6, 9, START LOG, , YIELD_FOOD 6.32 +/- 2.33,YIELD_PRODUCTION 15.33 +/- 2.87,YIELD_GOLD 7.49 +/- 3.88,YIELD_SCIENCE 2.33 +/- 1.20,YIELD_CULTURE 0.82 +/- 0.39,YIELD_FAITH 0.00 +/- 0.00,
6, 9, TRADE, TO -1, VAL 0.00
6, 9, CITY, 23:15, 0, 1, 100, 29.00, 1, 1, 3, 41, 0, Is original capital, Is capital
6, 9, CITY, 11:43, 0, 3, 100, 21.00, 1, 1, 3, 46, 0, Is original capital, Is capital
6, 9, CITY, 13:58, 0, 2, 100, 21.00, 1, 1, 3, 39, 0, Is original capital, Is capital
6, 9, CITY, 26:70, 0, 2, 100, 20.00, 1, 1, 3, 35, 0, Is original capital, Is capital
6, 9, CITY, 38:8, 0, 2, 100, 20.00, 1, 1, 3, 36, 1, Is original capital, Is capital
6, 9, CITY, 21:18, 0, 1, 100, 20.00, 1, 1, 0, 14, 0, Not original capital, Not capital
6, 9, CITY, 22:55, 0, 2, 100, 40.00, 1, 1, 8, 19, 0, Is original capital, Is capital
6, 9, CITY, 9:57, 0, 1, 100, 0.00, 1, 1, 0, 15, 0, Not original capital, Not capital
6, 9, CITY, 23:72, 0, 1, 100, 0.00, 1, 1, 0, 13, 0, Not original capital, Not capital
6, 9, ARMY,, 
6, 9, ARMY,, 
6, 9, ARMY,, 
6, 9, ARMY,, 
6, 9, ARMY,, 
6, 9, ARMY,, UNIT_SETTLER 2 1,UNIT_BUILDER 2 0,UNIT_SCOUT 2 0,UNIT_WARRIOR 1 0,
6, 9, ARMY,, UNIT_SETTLER 2 1,UNIT_BUILDER 1 0,UNIT_SCOUT 2 0,UNIT_WARRIOR 1 0,
6, 9, ARMY,, UNIT_SETTLER 1 0,UNIT_BUILDER 1 0,UNIT_SCOUT 2 0,UNIT_WARRIOR 1 0,
6, 9, ARMY,, UNIT_SETTLER 2 2,UNIT_BUILDER 2 0,UNIT_SCOUT 3 0,UNIT_WARRIOR 1 0,
6, 9, ARMY,, UNIT_SETTLER 2 5,UNIT_BUILDER 2 0,UNIT_SCOUT 2 0,UNIT_WARRIOR 1 0,
6, 9, ARMY,, 
6, 9, ARMY,, 
6, 9, ARMY,, 
6, 9, ARMY,, 
6, 9, ARMY,, 
6, 9, ARMY,, 
6, 9, ARMY,, 
6, 9, ARMY,, 
6, 9, ARMY,, 
6, 9, ARMY,, 
6, 9, ARMY,, 
6, 9, ARMY,, 
6, 9, ARMY,, 
6, 9, ARMY,, 
6, 10, START LOG, , YIELD_FOOD 0.00 +/- 0.00,YIELD_PRODUCTION 0.00 +/- 0.00,YIELD_GOLD 0.00 +/- 0.00,YIELD_SCIENCE 0.00 +/- 0.00,YIELD_CULTURE 0.00 +/- 0.00,YIELD_FAITH 0.00 +/- 0.00,
6, 10, TRADE, TO -1, VAL 0.00
6, 10, CITY, 70:15, 0, 2, 100, 40.00, 1, 1, 13, 21, 0, Is original capital, Is capital
6, 10, ARMY,, 
6, 10, ARMY,, 
6, 10, ARMY,, 
6, 10, ARMY,, 
6, 10, ARMY,, 
6, 10, ARMY,, 
6, 10, ARMY,, 
6, 10, ARMY,, 
6, 10, ARMY,, 
6, 10, ARMY,, 
6, 10, ARMY,, UNIT_SETTLER 1 5,UNIT_BUILDER 1 0,UNIT_WARRIOR 2 0,
6, 10, ARMY,, 
6, 10, ARMY,, 
6, 10, ARMY,, 
6, 10, ARMY,, 
6, 10, ARMY,, 
6, 10, ARMY,, 
6, 10, ARMY,, 
6, 10, ARMY,, 
6, 10, ARMY,, 
6, 10, ARMY,, 
6, 10, ARMY,, 
6, 10, ARMY,, 
6, 10, ARMY,, 
6, 11, START LOG, , YIELD_FOOD 0.00 +/- 0.00,YIELD_PRODUCTION 0.00 +/- 0.00,YIELD_GOLD 0.00 +/- 0.00,YIELD_SCIENCE 0.00 +/- 0.00,YIELD_CULTURE 0.00 +/- 0.00,YIELD_FAITH 0.00 +/- 0.00,
6, 11, TRADE, TO -1, VAL 2.25
6, 11, CITY, 22:55, 0, 2, 100, 40.00, 1, 1, 8, 19, 0, Is original capital, Is capital
6, 11, ARMY,, 
6, 11, ARMY,, 
6, 11, ARMY,, 
6, 11, ARMY,, 
6, 11, ARMY,, 
6, 11, ARMY,, 
6, 11, ARMY,, 
6, 11, ARMY,, 
6, 11, ARMY,, 
6, 11, ARMY,, 
6, 11, ARMY,, 
6, 11, ARMY,, UNIT_SETTLER 1 5,UNIT_BUILDER 1 0,UNIT_WARRIOR 2 0,
6, 11, ARMY,, 
6, 11, ARMY,, 
6, 11, ARMY,, 
6, 11, ARMY,, 
6, 11, ARMY,, 
6, 11, ARMY,, 
6, 11, ARMY,, 
6, 11, ARMY,, 
6, 11, ARMY,, 
6, 11, ARMY,, 
6, 11, ARMY,, 
6, 11, ARMY,, 
6, 12, START LOG, , YIELD_FOOD 0.00 +/- 0.00,YIELD_PRODUCTION 0.00 +/- 0.00,YIELD_GOLD 0.00 +/- 0.00,YIELD_SCIENCE 0.00 +/- 0.00,YIELD_CULTURE 0.00 +/- 0.00,YIELD_FAITH 0.00 +/- 0.00,
6, 12, TRADE, TO -1, VAL 1.50
6, 12, CITY, 66:72, 0, 2, 100, 40.00, 1, 1, 13, 20, 0, Is original capital, Is capital
6, 12, ARMY,, 
6, 12, ARMY,, 
6, 12, ARMY,, 
6, 12, ARMY,, 
6, 12, ARMY,, 
6, 12, ARMY,, 
6, 12, ARMY,, 
6, 12, ARMY,, 
6, 12, ARMY,, 
6, 12, ARMY,, 
6, 12, ARMY,, 
6, 12, ARMY,, 
6, 12, ARMY,, UNIT_SETTLER 1 5,UNIT_BUILDER 1 0,UNIT_WARRIOR 2 0,
6, 12, ARMY,, 
6, 12, ARMY,, 
6, 12, ARMY,, 
6, 12, ARMY,, 
6, 12, ARMY,, 
6, 12, ARMY,, 
6, 12, ARMY,, 
6, 12, ARMY,, 
6, 12, ARMY,, UNIT_SETTLER 1 4,UNIT_WARRIOR 2 0,
6, 12, ARMY,, 
6, 12, ARMY,, 
6, 13, START LOG, , YIELD_FOOD 0.00 +/- 0.00,YIELD_PRODUCTION 0.00 +/- 0.00,YIELD_GOLD 0.00 +/- 0.00,YIELD_SCIENCE 0.00 +/- 0.00,YIELD_CULTURE 0.00 +/- 0.00,YIELD_FAITH 0.00 +/- 0.00,
6, 13, TRADE, TO -1, VAL 0.00
6, 13, CITY, 57:2, 0, 2, 100, 40.00, 1, 1, 8, 20, 0, Is original capital, Is capital
6, 13, ARMY,, 
6, 13, ARMY,, 
6, 13, ARMY,, 
6, 13, ARMY,, 
6, 13, ARMY,, 
6, 13, ARMY,, 
6, 13, ARMY,, 
6, 13, ARMY,, 
6, 13, ARMY,, 
6, 13, ARMY,, 
6, 13, ARMY,, 
6, 13, ARMY,, 
6, 13, ARMY,, 
6, 13, ARMY,, UNIT_SETTLER 1 5,UNIT_BUILDER 1 0,UNIT_WARRIOR 2 0,
6, 13, ARMY,, 
6, 13, ARMY,, 
6, 13, ARMY,, 
6, 13, ARMY,, 
6, 13, ARMY,, 
6, 13, ARMY,, 
6, 13, ARMY,, 
6, 13, ARMY,, 
6, 13, ARMY,, 
6, 13, ARMY,, 
6, 14, START LOG, , YIELD_FOOD 0.00 +/- 0.00,YIELD_PRODUCTION 0.00 +/- 0.00,YIELD_GOLD 0.00 +/- 0.00,YIELD_SCIENCE 0.00 +/- 0.00,YIELD_CULTURE 0.00 +/- 0.00,YIELD_FAITH 0.00 +/- 0.00,
6, 14, TRADE, TO -1, VAL 0.00
6, 14, CITY, 2:26, 0, 2, 100, 40.00, 1, 1, 8, 20, 0, Is original capital, Is capital
6, 14, ARMY,, 
6, 14, ARMY,, 
6, 14, ARMY,, 
6, 14, ARMY,, 
6, 14, ARMY,, 
6, 14, ARMY,, 
6, 14, ARMY,, 
6, 14, ARMY,, 
6, 14, ARMY,, 
6, 14, ARMY,, 
6, 14, ARMY,, 
6, 14, ARMY,, 
6, 14, ARMY,, 
6, 14, ARMY,, 
6, 14, ARMY,, UNIT_SETTLER 1 5,UNIT_BUILDER 1 0,UNIT_WARRIOR 2 0,
6, 14, ARMY,, 
6, 14, ARMY,, 
6, 14, ARMY,, 
6, 14, ARMY,, 
6, 14, ARMY,, 
6, 14, ARMY,, 
6, 14, ARMY,, 
6, 14, ARMY,, 
6, 14, ARMY,, 
6, 15, START LOG, , YIELD_FOOD 0.00 +/- 0.00,YIELD_PRODUCTION 0.00 +/- 0.00,YIELD_GOLD 0.00 +/- 0.00,YIELD_SCIENCE 0.00 +/- 0.00,YIELD_CULTURE 0.00 +/- 0.00,YIELD_FAITH 0.00 +/- 0.00,
6, 15, TRADE, TO -1, VAL 0.00
6, 15, CITY, 60:23, 0, 2, 100, 40.00, 1, 1, 13, 21, 0, Is original capital, Is capital
6, 15, ARMY,, 
6, 15, ARMY,, 
6, 15, ARMY,, 
6, 15, ARMY,, 
6, 15, ARMY,, 
6, 15, ARMY,, 
6, 15, ARMY,, 
6, 15, ARMY,, 
6, 15, ARMY,, 
6, 15, ARMY,, 
6, 15, ARMY,, 
6, 15, ARMY,, 
6, 15, ARMY,, 
6, 15, ARMY,, 
6, 15, ARMY,, 
6, 15, ARMY,, UNIT_SETTLER 1 5,UNIT_BUILDER 1 0,UNIT_WARRIOR 2 0,
6, 15, ARMY,, 
6, 15, ARMY,, 
6, 15, ARMY,, 
6, 15, ARMY,, 
6, 15, ARMY,, 
6, 15, ARMY,, 
6, 15, ARMY,, 
6, 15, ARMY,, 
6, 16, START LOG, , YIELD_FOOD 0.00 +/- 0.00,YIELD_PRODUCTION 0.00 +/- 0.00,YIELD_GOLD 0.00 +/- 0.00,YIELD_SCIENCE 0.00 +/- 0.00,YIELD_CULTURE 0.00 +/- 0.00,YIELD_FAITH 0.00 +/- 0.00,
6, 16, TRADE, TO -1, VAL 0.00
6, 16, CITY, 8:23, 0, 2, 100, 40.00, 1, 1, 8, 22, 0, Is original capital, Is capital
6, 16, ARMY,, 
6, 16, ARMY,, 
6, 16, ARMY,, 
6, 16, ARMY,, 
6, 16, ARMY,, 
6, 16, ARMY,, 
6, 16, ARMY,, 
6, 16, ARMY,, 
6, 16, ARMY,, 
6, 16, ARMY,, 
6, 16, ARMY,, 
6, 16, ARMY,, 
6, 16, ARMY,, 
6, 16, ARMY,, 
6, 16, ARMY,, 
6, 16, ARMY,, 
6, 16, ARMY,, UNIT_SETTLER 1 5,UNIT_BUILDER 1 0,UNIT_WARRIOR 2 0,
6, 16, ARMY,, 
6, 16, ARMY,, 
6, 16, ARMY,, 
6, 16, ARMY,, 
6, 16, ARMY,, 
6, 16, ARMY,, 
6, 16, ARMY,, 
6, 17, START LOG, , YIELD_FOOD 0.00 +/- 0.00,YIELD_PRODUCTION 0.00 +/- 0.00,YIELD_GOLD 0.00 +/- 0.00,YIELD_SCIENCE 0.00 +/- 0.00,YIELD_CULTURE 0.00 +/- 0.00,YIELD_FAITH 0.00 +/- 0.00,
6, 17, TRADE, TO -1, VAL 0.00
6, 17, CITY, 59:74, 0, 2, 100, 40.00, 1, 1, 8, 21, 0, Is original capital, Is capital
6, 17, ARMY,, 
6, 17, ARMY,, 
6, 17, ARMY,, 
6, 17, ARMY,, 
6, 17, ARMY,, 
6, 17, ARMY,, 
6, 17, ARMY,, 
6, 17, ARMY,, 
6, 17, ARMY,, 
6, 17, ARMY,, 
6, 17, ARMY,, 
6, 17, ARMY,, 
6, 17, ARMY,, 
6, 17, ARMY,, 
6, 17, ARMY,, 
6, 17, ARMY,, 
6, 17, ARMY,, 
6, 17, ARMY,, UNIT_SETTLER 1 5,UNIT_BUILDER 1 0,UNIT_WARRIOR 2 0,
6, 17, ARMY,, 
6, 17, ARMY,, 
6, 17, ARMY,, 
6, 17, ARMY,, 
6, 17, ARMY,, 
6, 17, ARMY,, 
6, 18, START LOG, , YIELD_FOOD 0.00 +/- 0.00,YIELD_PRODUCTION 0.00 +/- 0.00,YIELD_GOLD 0.00 +/- 0.00,YIELD_SCIENCE 0.00 +/- 0.00,YIELD_CULTURE 0.00 +/- 0.00,YIELD_FAITH 0.00 +/- 0.00,
6, 18, TRADE, TO -1, VAL 0.00
6, 18, CITY, 35:74, 0, 2, 100, 40.00, 1, 1, 8, 19, 0, Is original capital, Is capital
6, 18, ARMY,, 
6, 18, ARMY,, 
6, 18, ARMY,, 
6, 18, ARMY,, 
6, 18, ARMY,, 
6, 18, ARMY,, 
6, 18, ARMY,, 
6, 18, ARMY,, 
6, 18, ARMY,, 
6, 18, ARMY,, 
6, 18, ARMY,, 
6, 18, ARMY,, 
6, 18, ARMY,, 
6, 18, ARMY,, 
6, 18, ARMY,, 
6, 18, ARMY,, 
6, 18, ARMY,, 
6, 18, ARMY,, 
6, 18, ARMY,, UNIT_SETTLER 1 5,UNIT_BUILDER 1 0,UNIT_WARRIOR 2 0,
6, 18, ARMY,, 
6, 18, ARMY,, 
6, 18, ARMY,, 
6, 18, ARMY,, 
6, 18, ARMY,, 
6, 19, START LOG, , YIELD_FOOD 0.00 +/- 0.00,YIELD_PRODUCTION 0.00 +/- 0.00,YIELD_GOLD 0.00 +/- 0.00,YIELD_SCIENCE 0.00 +/- 0.00,YIELD_CULTURE 0.00 +/- 0.00,YIELD_FAITH 0.00 +/- 0.00,
6, 19, TRADE, TO -1, VAL 0.00
6, 19, CITY, 15:70, 0, 2, 100, 40.00, 1, 1, 8, 20, 0, Is original capital, Is capital
6, 19, ARMY,, 
6, 19, ARMY,, 
6, 19, ARMY,, 
6, 19, ARMY,, 
6, 19, ARMY,, 
6, 19, ARMY,, 
6, 19, ARMY,, 
6, 19, ARMY,, 
6, 19, ARMY,, 
6, 19, ARMY,, 
6, 19, ARMY,, 
6, 19, ARMY,, 
6, 19, ARMY,, 
6, 19, ARMY,, 
6, 19, ARMY,, 
6, 19, ARMY,, 
6, 19, ARMY,, 
6, 19, ARMY,, 
6, 19, ARMY,, 
6, 19, ARMY,, UNIT_SETTLER 1 5,UNIT_BUILDER 1 0,UNIT_WARRIOR 2 0,
6, 19, ARMY,, 
6, 19, ARMY,, 
6, 19, ARMY,, 
6, 19, ARMY,, 
6, 20, START LOG, , YIELD_FOOD 0.00 +/- 0.00,YIELD_PRODUCTION 0.00 +/- 0.00,YIELD_GOLD 0.00 +/- 0.00,YIELD_SCIENCE 0.00 +/- 0.00,YIELD_CULTURE 0.00 +/- 0.00,YIELD_FAITH 0.00 +/- 0.00,
6, 20, TRADE, TO -1, VAL 0.00
6, 20, CITY, 68:27, 0, 3, 100, 40.00, 1, 1, 8, 23, 0, Is original capital, Is capital
6, 20, ARMY,, 
6, 20, ARMY,, 
6, 20, ARMY,, 
6, 20, ARMY,, 
6, 20, ARMY,, 
6, 20, ARMY,, 
6, 20, ARMY,, 
6, 20, ARMY,, 
6, 20, ARMY,, 
6, 20, ARMY,, 
6, 20, ARMY,, 
6, 20, ARMY,, 
6, 20, ARMY,, 
6, 20, ARMY,, 
6, 20, ARMY,, 
6, 20, ARMY,, 
6, 20, ARMY,, 
6, 20, ARMY,, 
6, 20, ARMY,, 
6, 20, ARMY,, 
6, 20, ARMY,, UNIT_SETTLER 1 5,UNIT_BUILDER 1 0,UNIT_WARRIOR 2 0,
6, 20, ARMY,, 
6, 20, ARMY,, 
6, 20, ARMY,, 
6, 21, START LOG, , YIELD_FOOD 6.00 +/- 1.41,YIELD_PRODUCTION 3.00 +/- 0.00,YIELD_GOLD 5.00 +/- 0.00,YIELD_SCIENCE 2.50 +/- 0.71,YIELD_CULTURE 1.50 +/- 0.71,YIELD_FAITH 0.00 +/- 0.00,
6, 21, TRADE, TO -1, VAL 0.00
6, 21, CITY, 66:72, 0, 2, 100, 40.00, 1, 1, 8, 20, 0, Is original capital, Is capital
6, 21, CITY, 66:68, 0, 1, 100, 22.50, 1, 1, 8, 16, 0, Is original capital, Is capital
6, 21, ARMY,, 
6, 21, ARMY,, 
6, 21, ARMY,, 
6, 21, ARMY,, 
6, 21, ARMY,, 
6, 21, ARMY,, 
6, 21, ARMY,, 
6, 21, ARMY,, 
6, 21, ARMY,, 
6, 21, ARMY,, 
6, 21, ARMY,, 
6, 21, ARMY,, 
6, 21, ARMY,, UNIT_BUILDER 1 0,UNIT_WARRIOR 2 3,
6, 21, ARMY,, 
6, 21, ARMY,, 
6, 21, ARMY,, 
6, 21, ARMY,, 
6, 21, ARMY,, 
6, 21, ARMY,, 
6, 21, ARMY,, 
6, 21, ARMY,, 
6, 21, ARMY,, UNIT_SETTLER 1 2,UNIT_WARRIOR 2 0,
6, 21, ARMY,, 
6, 21, ARMY,, 
6, 62, START LOG, , YIELD_FOOD 0.00 +/- 0.00,YIELD_PRODUCTION 0.00 +/- 0.00,YIELD_GOLD 0.00 +/- 0.00,YIELD_SCIENCE 0.00 +/- 0.00,YIELD_CULTURE 0.00 +/- 0.00,YIELD_FAITH 0.00 +/- 0.00,
6, 62, TRADE, TO -1, VAL 0.00
6, 62, ARMY,, 
6, 62, ARMY,, 
6, 62, ARMY,, 
6, 62, ARMY,, 
6, 62, ARMY,, 
6, 62, ARMY,, 
6, 62, ARMY,, 
6, 62, ARMY,, 
6, 62, ARMY,, 
6, 62, ARMY,, 
6, 62, ARMY,, 
6, 62, ARMY,, 
6, 62, ARMY,, 
6, 62, ARMY,, 
6, 62, ARMY,, 
6, 62, ARMY,, 
6, 62, ARMY,, 
6, 62, ARMY,, 
6, 62, ARMY,, 
6, 62, ARMY,, 
6, 62, ARMY,, 
6, 62, ARMY,, 
6, 62, ARMY,, 
6, 62, ARMY,, 
6, 63, START LOG, , YIELD_FOOD 0.00 +/- 0.00,YIELD_PRODUCTION 0.00 +/- 0.00,YIELD_GOLD 0.00 +/- 0.00,YIELD_SCIENCE 0.00 +/- 0.00,YIELD_CULTURE 0.00 +/- 0.00,YIELD_FAITH 0.00 +/- 0.00,
6, 63, TRADE, TO -1, VAL 0.00
6, 63, ARMY,, 
6, 63, ARMY,, 
6, 63, ARMY,, 
6, 63, ARMY,, 
6, 63, ARMY,, 
6, 63, ARMY,, 
6, 63, ARMY,, 
6, 63, ARMY,, 
6, 63, ARMY,, 
6, 63, ARMY,, 
6, 63, ARMY,, 
6, 63, ARMY,, 
6, 63, ARMY,, 
6, 63, ARMY,, 
6, 63, ARMY,, 
6, 63, ARMY,, 
6, 63, ARMY,, 
6, 63, ARMY,, 
6, 63, ARMY,, 
6, 63, ARMY,, 
6, 63, ARMY,, 
6, 63, ARMY,, 
6, 63, ARMY,, 
6, 63, ARMY,, 
6, 0, START LOG, , YIELD_FOOD 5.49 +/- 1.51,YIELD_PRODUCTION 6.66 +/- 2.58,YIELD_GOLD 5.33 +/- 0.50,YIELD_SCIENCE 2.82 +/- 0.97,YIELD_CULTURE 1.15 +/- 0.40,YIELD_FAITH 0.50 +/- 0.83,
6, 0, TRADE, TO -1, VAL 1.50
6, 0, CITY, 52:17, 0, 2, 100, 28.00, 1, 1, 3, 25, 0, Is original capital, Is capital
6, 0, CITY, 76:38, 0, 2, 100, 20.00, 1, 1, 3, 30, 0, Is original capital, Is capital
6, 0, CITY, 73:49, 0, 2, 100, 28.00, 1, 1, 3, 25, 0, Is original capital, Is capital
6, 0, CITY, 69:63, 0, 2, 100, 20.00, 1, 1, 3, 25, 0, Is original capital, Is capital
6, 0, CITY, 43:77, 0, 2, 100, 31.00, 1, 1, 3, 27, 1, Is original capital, Is capital
6, 0, CITY, 66:68, 0, 1, 100, 22.50, 1, 1, 8, 16, 0, Is original capital, Is capital
6, 0, ARMY,, UNIT_SETTLER 1 6,UNIT_BUILDER 1 0,UNIT_SCOUT 1 0,UNIT_WARRIOR 1 0,UNIT_VAMPIRE 1 0,
6, 0, ARMY,, UNIT_SETTLER 1 6,UNIT_WARRIOR 1 0,UNIT_BABYLONIAN_SABUM_KIBITTUM 1 0,
6, 0, ARMY,, UNIT_SETTLER 1 6,UNIT_SCOUT 1 0,UNIT_WARRIOR 1 0,
6, 0, ARMY,, UNIT_SETTLER 1 6,UNIT_SCOUT 1 0,UNIT_WARRIOR 1 0,
6, 0, ARMY,, UNIT_SETTLER 1 6,UNIT_BUILDER 1 0,UNIT_SCOUT 1 0,UNIT_WARRIOR 1 0,UNIT_VAMPIRE 1 0,
6, 0, ARMY,, 
6, 0, ARMY,, 
6, 0, ARMY,, 
6, 0, ARMY,, 
6, 0, ARMY,, 
6, 0, ARMY,, 
6, 0, ARMY,, 
6, 0, ARMY,, 
6, 0, ARMY,, 
6, 0, ARMY,, 
6, 0, ARMY,, 
6, 0, ARMY,, 
6, 0, ARMY,, 
6, 0, ARMY,, 
6, 0, ARMY,, 
6, 0, ARMY,, 
6, 0, ARMY,, 
6, 0, ARMY,, 
6, 0, ARMY,, 
6, 1, START LOG, , YIELD_FOOD 5.83 +/- 1.32,YIELD_PRODUCTION 7.00 +/- 2.75,YIELD_GOLD 5.33 +/- 0.50,YIELD_SCIENCE 2.99 +/- 0.89,YIELD_CULTURE 1.15 +/- 0.40,YIELD_FAITH 0.50 +/- 0.83,
6, 1, TRADE, TO -1, VAL 1.50
6, 1, CITY, 52:17, 0, 2, 100, 28.00, 1, 1, 3, 25, 0, Is original capital, Is capital
6, 1, CITY, 76:38, 0, 2, 100, 20.00, 1, 1, 3, 30, 0, Is original capital, Is capital
6, 1, CITY, 73:49, 0, 2, 100, 28.00, 1, 1, 10, 25, 0, Is original capital, Is capital
6, 1, CITY, 69:63, 0, 2, 100, 20.00, 1, 1, 3, 25, 0, Is original capital, Is capital
6, 1, CITY, 43:77, 0, 2, 100, 31.00, 1, 1, 3, 27, 1, Is original capital, Is capital
6, 1, CITY, 66:68, 0, 1, 100, 22.50, 1, 1, 8, 16, 0, Is original capital, Is capital
6, 1, ARMY,, UNIT_SETTLER 1 5,UNIT_BUILDER 1 0,UNIT_SCOUT 1 0,UNIT_WARRIOR 1 0,UNIT_VAMPIRE 1 0,
6, 1, ARMY,, UNIT_SETTLER 1 5,UNIT_WARRIOR 1 0,UNIT_BABYLONIAN_SABUM_KIBITTUM 2 0,
6, 1, ARMY,, UNIT_SETTLER 1 5,UNIT_SCOUT 1 0,UNIT_WARRIOR 1 0,
6, 1, ARMY,, UNIT_SETTLER 1 5,UNIT_SCOUT 1 0,UNIT_WARRIOR 1 0,
6, 1, ARMY,, UNIT_SETTLER 1 5,UNIT_BUILDER 1 0,UNIT_SCOUT 1 0,UNIT_WARRIOR 1 0,UNIT_VAMPIRE 1 0,
6, 1, ARMY,, 
6, 1, ARMY,, 
6, 1, ARMY,, 
6, 1, ARMY,, 
6, 1, ARMY,, 
6, 1, ARMY,, 
6, 1, ARMY,, 
6, 1, ARMY,, 
6, 1, ARMY,, 
6, 1, ARMY,, 
6, 1, ARMY,, 
6, 1, ARMY,, 
6, 1, ARMY,, 
6, 1, ARMY,, 
6, 1, ARMY,, 
6, 1, ARMY,, 
6, 1, ARMY,, 
6, 1, ARMY,, 
6, 1, ARMY,, 
6, 2, START LOG, , YIELD_FOOD 6.16 +/- 0.75,YIELD_PRODUCTION 7.82 +/- 2.64,YIELD_GOLD 5.83 +/- 1.60,YIELD_SCIENCE 3.16 +/- 0.75,YIELD_CULTURE 1.15 +/- 0.40,YIELD_FAITH 0.50 +/- 0.83,
6, 2, TRADE, TO -1, VAL 1.50
6, 2, CITY, 52:17, 0, 2, 100, 28.00, 1, 1, 3, 25, 0, Is original capital, Is capital
6, 2, CITY, 76:38, 0, 2, 100, 20.00, 1, 1, 3, 30, 0, Is original capital, Is capital
6, 2, CITY, 73:49, 0, 2, 100, 28.00, 1, 1, 10, 25, 0, Is original capital, Is capital
6, 2, CITY, 69:63, 0, 2, 100, 20.00, 1, 1, 3, 25, 0, Is original capital, Is capital
6, 2, CITY, 43:77, 0, 2, 100, 31.00, 1, 1, 3, 27, 1, Is original capital, Is capital
6, 2, CITY, 66:68, 0, 1, 100, 22.50, 1, 1, 8, 16, 0, Is original capital, Is capital
6, 2, ARMY,, UNIT_SETTLER 1 6,UNIT_BUILDER 1 0,UNIT_SCOUT 1 0,UNIT_WARRIOR 1 0,UNIT_VAMPIRE 1 0,
6, 2, ARMY,, UNIT_SETTLER 1 6,UNIT_WARRIOR 1 0,UNIT_BABYLONIAN_SABUM_KIBITTUM 2 0,
6, 2, ARMY,, UNIT_SETTLER 1 6,UNIT_SCOUT 2 0,UNIT_WARRIOR 1 0,
6, 2, ARMY,, UNIT_SETTLER 1 6,UNIT_SCOUT 1 0,UNIT_WARRIOR 1 0,
6, 2, ARMY,, UNIT_SETTLER 1 6,UNIT_BUILDER 1 0,UNIT_SCOUT 1 0,UNIT_WARRIOR 1 0,UNIT_VAMPIRE 1 0,
6, 2, ARMY,, 
6, 2, ARMY,, 
6, 2, ARMY,, 
6, 2, ARMY,, 
6, 2, ARMY,, 
6, 2, ARMY,, 
6, 2, ARMY,, 
6, 2, ARMY,, 
6, 2, ARMY,, 
6, 2, ARMY,, 
6, 2, ARMY,, 
6, 2, ARMY,, 
6, 2, ARMY,, 
6, 2, ARMY,, 
6, 2, ARMY,, 
6, 2, ARMY,, 
6, 2, ARMY,, 
6, 2, ARMY,, 
6, 2, ARMY,, 
6, 3, START LOG, , YIELD_FOOD 6.16 +/- 0.75,YIELD_PRODUCTION 7.66 +/- 2.50,YIELD_GOLD 5.83 +/- 1.60,YIELD_SCIENCE 3.16 +/- 0.75,YIELD_CULTURE 1.15 +/- 0.40,YIELD_FAITH 0.50 +/- 0.83,
6, 3, TRADE, TO -1, VAL 1.50
6, 3, CITY, 52:17, 0, 2, 100, 28.00, 1, 1, 3, 25, 0, Is original capital, Is capital
6, 3, CITY, 76:38, 0, 2, 100, 28.00, 1, 1, 3, 30, 0, Is original capital, Is capital
6, 3, CITY, 69:63, 0, 2, 100, 20.00, 1, 1, 3, 25, 0, Is original capital, Is capital
6, 3, CITY, 43:77, 0, 2, 100, 31.00, 1, 1, 3, 27, 1, Is original capital, Is capital
6, 3, CITY, 73:49, 0, 2, 100, 28.00, 1, 1, 10, 25, 0, Is original capital, Is capital
6, 3, CITY, 66:68, 0, 1, 100, 22.50, 1, 1, 8, 16, 0, Is original capital, Is capital
6, 3, ARMY,, UNIT_SETTLER 1 6,UNIT_BUILDER 1 0,UNIT_SCOUT 1 0,UNIT_WARRIOR 1 0,UNIT_VAMPIRE 1 0,
6, 3, ARMY,, UNIT_SETTLER 1 6,UNIT_WARRIOR 1 0,UNIT_BABYLONIAN_SABUM_KIBITTUM 2 0,
6, 3, ARMY,, UNIT_SETTLER 1 6,UNIT_SCOUT 2 0,UNIT_WARRIOR 1 0,
6, 3, ARMY,, UNIT_SETTLER 1 6,UNIT_SCOUT 1 0,UNIT_WARRIOR 1 0,
6, 3, ARMY,, UNIT_SETTLER 1 6,UNIT_BUILDER 1 0,UNIT_SCOUT 1 0,UNIT_WARRIOR 1 0,UNIT_VAMPIRE 1 0,
6, 3, ARMY,, 
6, 3, ARMY,, 
6, 3, ARMY,, 
6, 3, ARMY,, 
6, 3, ARMY,, 
6, 3, ARMY,, 
6, 3, ARMY,, 
6, 3, ARMY,, 
6, 3, ARMY,, 
6, 3, ARMY,, 
6, 3, ARMY,, 
6, 3, ARMY,, 
6, 3, ARMY,, 
6, 3, ARMY,, 
6, 3, ARMY,, 
6, 3, ARMY,, 
6, 3, ARMY,, 
6, 3, ARMY,, 
6, 3, ARMY,, 
6, 4, START LOG, , YIELD_FOOD 6.16 +/- 0.75,YIELD_PRODUCTION 7.66 +/- 2.50,YIELD_GOLD 5.83 +/- 1.60,YIELD_SCIENCE 3.16 +/- 0.75,YIELD_CULTURE 1.15 +/- 0.40,YIELD_FAITH 0.50 +/- 0.83,
6, 4, TRADE, TO -1, VAL 1.50
6, 4, CITY, 52:17, 0, 2, 100, 28.00, 1, 1, 3, 25, 0, Is original capital, Is capital
6, 4, CITY, 76:38, 0, 2, 100, 28.00, 1, 1, 3, 30, 0, Is original capital, Is capital
6, 4, CITY, 73:49, 0, 2, 100, 28.00, 1, 1, 10, 25, 0, Is original capital, Is capital
6, 4, CITY, 69:63, 0, 2, 100, 20.00, 1, 1, 3, 25, 0, Is original capital, Is capital
6, 4, CITY, 43:77, 0, 2, 100, 31.00, 1, 1, 3, 27, 1, Is original capital, Is capital
6, 4, CITY, 66:68, 0, 1, 100, 22.50, 1, 1, 8, 16, 0, Is original capital, Is capital
6, 4, ARMY,, UNIT_SETTLER 1 5,UNIT_BUILDER 1 0,UNIT_SCOUT 1 0,UNIT_WARRIOR 1 0,UNIT_VAMPIRE 1 0,
6, 4, ARMY,, UNIT_SETTLER 1 5,UNIT_WARRIOR 1 0,UNIT_BABYLONIAN_SABUM_KIBITTUM 2 0,
6, 4, ARMY,, UNIT_SETTLER 1 5,UNIT_SCOUT 2 0,UNIT_WARRIOR 1 0,
6, 4, ARMY,, UNIT_SETTLER 1 5,UNIT_SCOUT 1 0,UNIT_WARRIOR 1 0,
6, 4, ARMY,, UNIT_SETTLER 1 5,UNIT_BUILDER 1 0,UNIT_SCOUT 1 0,UNIT_WARRIOR 1 0,UNIT_VAMPIRE 1 0,
6, 4, ARMY,, 
6, 4, ARMY,, 
6, 4, ARMY,, 
6, 4, ARMY,, 
6, 4, ARMY,, 
6, 4, ARMY,, 
6, 4, ARMY,, 
6, 4, ARMY,, 
6, 4, ARMY,, 
6, 4, ARMY,, 
6, 4, ARMY,, 
6, 4, ARMY,, 
6, 4, ARMY,, 
6, 4, ARMY,, 
6, 4, ARMY,, 
6, 4, ARMY,, 
6, 4, ARMY,, 
6, 4, ARMY,, 
6, 4, ARMY,, 
6, 0, START LOG, , YIELD_FOOD 6.16 +/- 0.75,YIELD_PRODUCTION 7.82 +/- 2.64,YIELD_GOLD 5.83 +/- 1.60,YIELD_SCIENCE 3.16 +/- 0.75,YIELD_CULTURE 1.15 +/- 0.40,YIELD_FAITH 0.50 +/- 0.83,
6, 0, TRADE, TO -1, VAL 1.50
6, 0, CITY, 52:17, 0, 2, 100, 28.00, 1, 1, 3, 27, 1, Is original capital, Is capital
6, 0, CITY, 76:38, 0, 2, 100, 28.00, 1, 1, 3, 30, 0, Is original capital, Is capital
6, 0, CITY, 73:49, 0, 2, 100, 28.00, 1, 1, 3, 27, 0, Is original capital, Is capital
6, 0, CITY, 69:63, 0, 2, 100, 20.00, 1, 1, 3, 25, 0, Is original capital, Is capital
6, 0, CITY, 43:77, 0, 2, 100, 31.00, 1, 1, 3, 27, 1, Is original capital, Is capital
6, 0, CITY, 66:68, 0, 1, 100, 22.50, 1, 1, 8, 16, 0, Is original capital, Is capital
6, 0, ARMY,, UNIT_SETTLER 1 7,UNIT_BUILDER 1 0,UNIT_SCOUT 1 0,UNIT_WARRIOR 1 0,UNIT_VAMPIRE 1 0,
6, 0, ARMY,, UNIT_SETTLER 1 7,UNIT_WARRIOR 1 0,UNIT_BABYLONIAN_SABUM_KIBITTUM 2 0,
6, 0, ARMY,, UNIT_SETTLER 1 7,UNIT_SCOUT 2 0,UNIT_WARRIOR 1 0,
6, 0, ARMY,, UNIT_SETTLER 1 7,UNIT_SCOUT 1 0,UNIT_WARRIOR 1 0,
6, 0, ARMY,, UNIT_SETTLER 1 7,UNIT_BUILDER 1 0,UNIT_SCOUT 1 0,UNIT_WARRIOR 1 0,UNIT_VAMPIRE 1 0,
6, 0, ARMY,, 
6, 0, ARMY,, 
6, 0, ARMY,, 
6, 0, ARMY,, 
6, 0, ARMY,, 
6, 0, ARMY,, 
6, 0, ARMY,, 
6, 0, ARMY,, 
6, 0, ARMY,, 
6, 0, ARMY,, 
6, 0, ARMY,, 
6, 0, ARMY,, 
6, 0, ARMY,, 
6, 0, ARMY,, 
6, 0, ARMY,, 
6, 0, ARMY,, 
6, 0, ARMY,, 
6, 0, ARMY,, 
6, 0, ARMY,, 
7, 5, START LOG, , YIELD_FOOD 6.38 +/- 1.99,YIELD_PRODUCTION 12.50 +/- 5.88,YIELD_GOLD 6.38 +/- 4.03,YIELD_SCIENCE 2.13 +/- 1.35,YIELD_CULTURE 0.88 +/- 0.63,YIELD_FAITH 0.00 +/- 0.00,
7, 5, TRADE, TO -1, VAL 0.00
7, 5, CITY, 26:70, 0, 3, 100, 20.00, 1, 1, 3, 41, 0, Is original capital, Is capital
7, 5, CITY, 38:8, 0, 2, 100, 20.00, 1, 1, 3, 36, 1, Is original capital, Is capital
7, 5, CITY, 23:15, 0, 1, 100, 29.00, 1, 1, 3, 41, 0, Is original capital, Is capital
7, 5, CITY, 11:43, 0, 3, 100, 21.00, 1, 1, 3, 46, 0, Is original capital, Is capital
7, 5, CITY, 13:58, 0, 2, 100, 21.00, 1, 1, 3, 39, 0, Is original capital, Is capital
7, 5, CITY, 21:18, 0, 1, 100, 20.00, 1, 1, 0, 14, 0, Not original capital, Not capital
7, 5, CITY, 22:55, 0, 2, 100, 40.00, 1, 1, 8, 20, 0, Is original capital, Is capital
7, 5, CITY, 23:72, 0, 1, 100, 20.00, 1, 1, 0, 13, 0, Not original capital, Not capital
7, 5, CITY, 9:57, 0, 1, 100, 0.00, 1, 1, 0, 15, 0, Not original capital, Not capital
7, 5, ARMY,, 
7, 5, ARMY,, 
7, 5, ARMY,, 
7, 5, ARMY,, 
7, 5, ARMY,, 
7, 5, ARMY,, UNIT_SETTLER 3 6,UNIT_BUILDER 2 0,UNIT_SCOUT 2 0,UNIT_WARRIOR 1 0,
7, 5, ARMY,, UNIT_SETTLER 3 6,UNIT_BUILDER 1 0,UNIT_SCOUT 2 0,UNIT_WARRIOR 1 0,
7, 5, ARMY,, UNIT_SETTLER 2 6,UNIT_BUILDER 1 0,UNIT_SCOUT 2 0,UNIT_WARRIOR 1 0,
7, 5, ARMY,, UNIT_SETTLER 3 6,UNIT_BUILDER 2 0,UNIT_SCOUT 3 0,UNIT_WARRIOR 1 0,
7, 5, ARMY,, UNIT_SETTLER 2 6,UNIT_BUILDER 2 0,UNIT_SCOUT 2 0,UNIT_WARRIOR 1 0,
7, 5, ARMY,, 
7, 5, ARMY,, 
7, 5, ARMY,, 
7, 5, ARMY,, 
7, 5, ARMY,, 
7, 5, ARMY,, 
7, 5, ARMY,, 
7, 5, ARMY,, 
7, 5, ARMY,, 
7, 5, ARMY,, 
7, 5, ARMY,, 
7, 5, ARMY,, 
7, 5, ARMY,, 
7, 5, ARMY,, 
7, 6, START LOG, , YIELD_FOOD 6.10 +/- 2.02,YIELD_PRODUCTION 12.20 +/- 5.56,YIELD_GOLD 5.65 +/- 4.33,YIELD_SCIENCE 1.88 +/- 1.45,YIELD_CULTURE 0.99 +/- 0.99,YIELD_FAITH 0.11 +/- 0.31,
7, 6, TRADE, TO -1, VAL 0.00
7, 6, CITY, 26:70, 0, 3, 100, 20.00, 1, 1, 3, 41, 0, Is original capital, Is capital
7, 6, CITY, 13:58, 0, 3, 100, 21.00, 1, 1, 3, 48, 0, Is original capital, Is capital
7, 6, CITY, 38:8, 0, 2, 100, 20.00, 1, 1, 3, 36, 1, Is original capital, Is capital
7, 6, CITY, 23:15, 0, 1, 100, 29.00, 1, 1, 3, 41, 0, Is original capital, Is capital
7, 6, CITY, 11:43, 0, 3, 100, 21.00, 1, 1, 3, 46, 0, Is original capital, Is capital
7, 6, CITY, 21:18, 0, 1, 100, 20.00, 1, 1, 0, 14, 0, Not original capital, Not capital
7, 6, CITY, 22:55, 0, 2, 100, 40.00, 1, 1, 8, 20, 0, Is original capital, Is capital
7, 6, CITY, 23:72, 0, 1, 100, 20.00, 1, 1, 0, 13, 1, Not original capital, Not capital
7, 6, CITY, 9:57, 0, 1, 100, 20.00, 1, 1, 0, 15, 0, Not original capital, Not capital
7, 6, ARMY,, 
7, 6, ARMY,, 
7, 6, ARMY,, 
7, 6, ARMY,, 
7, 6, ARMY,, 
7, 6, ARMY,, UNIT_SETTLER 2 2,UNIT_BUILDER 2 0,UNIT_SCOUT 2 0,UNIT_WARRIOR 1 0,
7, 6, ARMY,, UNIT_SETTLER 3 6,UNIT_BUILDER 1 0,UNIT_SCOUT 3 0,UNIT_WARRIOR 1 0,
7, 6, ARMY,, UNIT_SETTLER 2 6,UNIT_BUILDER 1 0,UNIT_SCOUT 2 0,UNIT_WARRIOR 1 0,
7, 6, ARMY,, UNIT_SETTLER 3 6,UNIT_BUILDER 2 0,UNIT_SCOUT 3 0,UNIT_WARRIOR 1 0,
7, 6, ARMY,, UNIT_SETTLER 2 6,UNIT_BUILDER 2 0,UNIT_SCOUT 2 0,UNIT_WARRIOR 1 0,
7, 6, ARMY,, 
7, 6, ARMY,, UNIT_BUILDER 1 0,UNIT_WARRIOR 2 0,
7, 6, ARMY,, 
7, 6, ARMY,, 
7, 6, ARMY,, 
7, 6, ARMY,, 
7, 6, ARMY,, 
7, 6, ARMY,, 
7, 6, ARMY,, 
7, 6, ARMY,, 
7, 6, ARMY,, 
7, 6, ARMY,, 
7, 6, ARMY,, 
7, 6, ARMY,, 
7, 7, START LOG, , YIELD_FOOD 6.43 +/- 2.69,YIELD_PRODUCTION 12.54 +/- 5.83,YIELD_GOLD 5.65 +/- 4.33,YIELD_SCIENCE 1.88 +/- 1.45,YIELD_CULTURE 1.21 +/- 1.19,YIELD_FAITH 0.11 +/- 0.31,
7, 7, TRADE, TO -1, VAL 0.00
7, 7, CITY, 13:58, 0, 3, 100, 21.00, 1, 1, 3, 48, 0, Is original capital, Is capital
7, 7, CITY, 26:70, 0, 3, 100, 20.00, 1, 1, 3, 41, 0, Is original capital, Is capital
7, 7, CITY, 11:43, 0, 3, 100, 21.00, 1, 1, 3, 48, 0, Is original capital, Is capital
7, 7, CITY, 38:8, 0, 2, 100, 20.00, 1, 1, 3, 36, 1, Is original capital, Is capital
7, 7, CITY, 23:15, 0, 1, 100, 29.00, 1, 1, 3, 41, 0, Is original capital, Is capital
7, 7, CITY, 21:18, 0, 1, 100, 20.00, 1, 1, 0, 14, 0, Not original capital, Not capital
7, 7, CITY, 22:55, 0, 2, 100, 40.00, 1, 1, 8, 20, 0, Is original capital, Is capital
7, 7, CITY, 9:57, 0, 1, 100, 20.00, 1, 1, 0, 16, 1, Not original capital, Not capital
7, 7, CITY, 23:72, 0, 1, 100, 20.00, 1, 1, 0, 13, 1, Not original capital, Not capital
7, 7, ARMY,, 
7, 7, ARMY,, 
7, 7, ARMY,, 
7, 7, ARMY,, 
7, 7, ARMY,, 
7, 7, ARMY,, UNIT_SETTLER 2 2,UNIT_BUILDER 2 0,UNIT_SCOUT 2 0,UNIT_WARRIOR 1 0,
7, 7, ARMY,, UNIT_SETTLER 2 2,UNIT_BUILDER 1 1,UNIT_SCOUT 3 0,UNIT_WARRIOR 1 0,
7, 7, ARMY,, UNIT_SETTLER 2 6,UNIT_BUILDER 1 0,UNIT_SCOUT 2 0,UNIT_WARRIOR 1 0,
7, 7, ARMY,, UNIT_SETTLER 3 6,UNIT_BUILDER 2 0,UNIT_SCOUT 3 0,UNIT_WARRIOR 1 0,
7, 7, ARMY,, UNIT_SETTLER 2 6,UNIT_BUILDER 2 0,UNIT_SCOUT 2 0,UNIT_WARRIOR 1 0,
7, 7, ARMY,, 
7, 7, ARMY,, UNIT_BUILDER 1 0,UNIT_WARRIOR 2 0,
7, 7, ARMY,, 
7, 7, ARMY,, 
7, 7, ARMY,, 
7, 7, ARMY,, 
7, 7, ARMY,, 
7, 7, ARMY,, 
7, 7, ARMY,, 
7, 7, ARMY,, 
7, 7, ARMY,, 
7, 7, ARMY,, 
7, 7, ARMY,, 
7, 7, ARMY,, 
7, 8, START LOG, , YIELD_FOOD 6.43 +/- 2.69,YIELD_PRODUCTION 12.54 +/- 5.83,YIELD_GOLD 5.65 +/- 4.33,YIELD_SCIENCE 1.88 +/- 1.45,YIELD_CULTURE 1.43 +/- 1.32,YIELD_FAITH 0.66 +/- 1.65,
7, 8, TRADE, TO -1, VAL 0.00
7, 8, CITY, 11:43, 0, 3, 100, 21.00, 1, 1, 3, 48, 0, Is original capital, Is capital
7, 8, CITY, 13:58, 0, 3, 100, 21.00, 1, 1, 3, 48, 0, Is original capital, Is capital
7, 8, CITY, 26:70, 0, 3, 100, 20.00, 1, 1, 3, 41, 0, Is original capital, Is capital
7, 8, CITY, 23:15, 0, 1, 100, 29.00, 1, 1, 3, 42, 0, Is original capital, Is capital
7, 8, CITY, 38:8, 0, 2, 100, 20.00, 1, 1, 3, 36, 1, Is original capital, Is capital
7, 8, CITY, 21:18, 0, 1, 100, 20.00, 1, 1, 0, 15, 0, Not original capital, Not capital
7, 8, CITY, 22:55, 0, 2, 100, 40.00, 1, 1, 8, 20, 0, Is original capital, Is capital
7, 8, CITY, 9:57, 0, 1, 100, 20.00, 1, 1, 0, 16, 1, Not original capital, Not capital
7, 8, CITY, 23:72, 0, 1, 100, 20.00, 1, 1, 0, 13, 1, Not original capital, Not capital
7, 8, ARMY,, 
7, 8, ARMY,, 
7, 8, ARMY,, 
7, 8, ARMY,, 
7, 8, ARMY,, 
7, 8, ARMY,, UNIT_SETTLER 2 2,UNIT_BUILDER 2 0,UNIT_SCOUT 2 0,UNIT_WARRIOR 1 0,
7, 8, ARMY,, UNIT_SETTLER 2 2,UNIT_BUILDER 1 1,UNIT_SCOUT 3 0,UNIT_WARRIOR 1 0,
7, 8, ARMY,, UNIT_SETTLER 1 0,UNIT_BUILDER 1 0,UNIT_SCOUT 2 0,UNIT_WARRIOR 1 0,
7, 8, ARMY,, UNIT_SETTLER 3 6,UNIT_BUILDER 2 0,UNIT_SCOUT 3 0,UNIT_WARRIOR 1 0,
7, 8, ARMY,, UNIT_SETTLER 2 6,UNIT_BUILDER 2 0,UNIT_SCOUT 2 0,UNIT_WARRIOR 1 0,
7, 8, ARMY,, 
7, 8, ARMY,, UNIT_BUILDER 1 0,UNIT_WARRIOR 2 0,
7, 8, ARMY,, 
7, 8, ARMY,, 
7, 8, ARMY,, 
7, 8, ARMY,, 
7, 8, ARMY,, 
7, 8, ARMY,, 
7, 8, ARMY,, 
7, 8, ARMY,, 
7, 8, ARMY,, 
7, 8, ARMY,, 
7, 8, ARMY,, 
7, 8, ARMY,, 
7, 9, START LOG, , YIELD_FOOD 6.43 +/- 2.69,YIELD_PRODUCTION 12.54 +/- 5.83,YIELD_GOLD 5.65 +/- 4.33,YIELD_SCIENCE 1.88 +/- 1.45,YIELD_CULTURE 1.43 +/- 1.32,YIELD_FAITH 0.66 +/- 1.65,
7, 9, TRADE, TO -1, VAL 0.00
7, 9, CITY, 23:15, 0, 1, 100, 29.00, 1, 1, 3, 42, 0, Is original capital, Is capital
7, 9, CITY, 11:43, 0, 3, 100, 21.00, 1, 1, 3, 48, 0, Is original capital, Is capital
7, 9, CITY, 13:58, 0, 3, 100, 21.00, 1, 1, 3, 48, 0, Is original capital, Is capital
7, 9, CITY, 26:70, 0, 3, 100, 20.00, 1, 1, 3, 41, 0, Is original capital, Is capital
7, 9, CITY, 38:8, 0, 2, 100, 29.00, 1, 1, 3, 43, 1, Is original capital, Is capital
7, 9, CITY, 21:18, 0, 1, 100, 20.00, 1, 1, 0, 15, 0, Not original capital, Not capital
7, 9, CITY, 22:55, 0, 2, 100, 40.00, 1, 1, 8, 20, 0, Is original capital, Is capital
7, 9, CITY, 9:57, 0, 1, 100, 20.00, 1, 1, 0, 16, 1, Not original capital, Not capital
7, 9, CITY, 23:72, 0, 1, 100, 20.00, 1, 1, 0, 13, 1, Not original capital, Not capital
7, 9, ARMY,, 
7, 9, ARMY,, 
7, 9, ARMY,, 
7, 9, ARMY,, 
7, 9, ARMY,, 
7, 9, ARMY,, UNIT_SETTLER 2 2,UNIT_BUILDER 2 0,UNIT_SCOUT 2 0,UNIT_WARRIOR 1 0,
7, 9, ARMY,, UNIT_SETTLER 2 2,UNIT_BUILDER 1 1,UNIT_SCOUT 3 0,UNIT_WARRIOR 1 0,
7, 9, ARMY,, UNIT_SETTLER 1 0,UNIT_BUILDER 1 0,UNIT_SCOUT 2 0,UNIT_WARRIOR 1 0,
7, 9, ARMY,, UNIT_SETTLER 2 3,UNIT_BUILDER 2 0,UNIT_SCOUT 3 0,UNIT_WARRIOR 1 0,
7, 9, ARMY,, UNIT_SETTLER 2 6,UNIT_BUILDER 2 0,UNIT_SCOUT 2 0,UNIT_WARRIOR 1 0,
7, 9, ARMY,, 
7, 9, ARMY,, UNIT_BUILDER 1 0,UNIT_WARRIOR 2 0,
7, 9, ARMY,, 
7, 9, ARMY,, 
7, 9, ARMY,, 
7, 9, ARMY,, 
7, 9, ARMY,, 
7, 9, ARMY,, 
7, 9, ARMY,, 
7, 9, ARMY,, 
7, 9, ARMY,, 
7, 9, ARMY,, 
7, 9, ARMY,, 
7, 9, ARMY,, 
7, 10, START LOG, , YIELD_FOOD 0.00 +/- 0.00,YIELD_PRODUCTION 0.00 +/- 0.00,YIELD_GOLD 0.00 +/- 0.00,YIELD_SCIENCE 0.00 +/- 0.00,YIELD_CULTURE 0.00 +/- 0.00,YIELD_FAITH 0.00 +/- 0.00,
7, 10, TRADE, TO -1, VAL 0.00
7, 10, CITY, 70:15, 0, 2, 100, 40.00, 1, 1, 8, 21, 0, Is original capital, Is capital
7, 10, ARMY,, 
7, 10, ARMY,, 
7, 10, ARMY,, 
7, 10, ARMY,, 
7, 10, ARMY,, 
7, 10, ARMY,, 
7, 10, ARMY,, 
7, 10, ARMY,, 
7, 10, ARMY,, 
7, 10, ARMY,, 
7, 10, ARMY,, UNIT_SETTLER 1 6,UNIT_BUILDER 1 0,UNIT_WARRIOR 2 0,
7, 10, ARMY,, 
7, 10, ARMY,, 
7, 10, ARMY,, 
7, 10, ARMY,, 
7, 10, ARMY,, 
7, 10, ARMY,, 
7, 10, ARMY,, 
7, 10, ARMY,, 
7, 10, ARMY,, 
7, 10, ARMY,, 
7, 10, ARMY,, 
7, 10, ARMY,, 
7, 10, ARMY,, 
7, 11, START LOG, , YIELD_FOOD 0.00 +/- 0.00,YIELD_PRODUCTION 0.00 +/- 0.00,YIELD_GOLD 0.00 +/- 0.00,YIELD_SCIENCE 0.00 +/- 0.00,YIELD_CULTURE 0.00 +/- 0.00,YIELD_FAITH 0.00 +/- 0.00,
7, 11, TRADE, TO -1, VAL 2.25
7, 11, CITY, 22:55, 0, 3, 100, 40.00, 1, 1, 8, 22, 0, Is original capital, Is capital
7, 11, ARMY,, 
7, 11, ARMY,, 
7, 11, ARMY,, 
7, 11, ARMY,, 
7, 11, ARMY,, 
7, 11, ARMY,, UNIT_SCOUT 1 0,
7, 11, ARMY,, 
7, 11, ARMY,, 
7, 11, ARMY,, 
7, 11, ARMY,, 
7, 11, ARMY,, 
7, 11, ARMY,, UNIT_SETTLER 1 6,UNIT_BUILDER 1 0,UNIT_WARRIOR 2 0,
7, 11, ARMY,, 
7, 11, ARMY,, 
7, 11, ARMY,, 
7, 11, ARMY,, 
7, 11, ARMY,, 
7, 11, ARMY,, 
7, 11, ARMY,, 
7, 11, ARMY,, 
7, 11, ARMY,, 
7, 11, ARMY,, 
7, 11, ARMY,, 
7, 11, ARMY,, 
7, 12, START LOG, , YIELD_FOOD 0.00 +/- 0.00,YIELD_PRODUCTION 0.00 +/- 0.00,YIELD_GOLD 0.00 +/- 0.00,YIELD_SCIENCE 0.00 +/- 0.00,YIELD_CULTURE 0.00 +/- 0.00,YIELD_FAITH 0.00 +/- 0.00,
7, 12, TRADE, TO -1, VAL 1.50
7, 12, CITY, 66:72, 0, 2, 100, 40.00, 1, 1, 8, 20, 0, Is original capital, Is capital
7, 12, ARMY,, 
7, 12, ARMY,, 
7, 12, ARMY,, 
7, 12, ARMY,, 
7, 12, ARMY,, 
7, 12, ARMY,, 
7, 12, ARMY,, 
7, 12, ARMY,, 
7, 12, ARMY,, 
7, 12, ARMY,, 
7, 12, ARMY,, 
7, 12, ARMY,, 
7, 12, ARMY,, UNIT_SETTLER 1 6,UNIT_BUILDER 1 0,UNIT_WARRIOR 2 0,
7, 12, ARMY,, 
7, 12, ARMY,, 
7, 12, ARMY,, 
7, 12, ARMY,, 
7, 12, ARMY,, 
7, 12, ARMY,, 
7, 12, ARMY,, 
7, 12, ARMY,, 
7, 12, ARMY,, UNIT_SETTLER 1 5,UNIT_WARRIOR 2 0,
7, 12, ARMY,, 
7, 12, ARMY,, 
7, 13, START LOG, , YIELD_FOOD 0.00 +/- 0.00,YIELD_PRODUCTION 0.00 +/- 0.00,YIELD_GOLD 0.00 +/- 0.00,YIELD_SCIENCE 0.00 +/- 0.00,YIELD_CULTURE 0.00 +/- 0.00,YIELD_FAITH 0.00 +/- 0.00,
7, 13, TRADE, TO -1, VAL 0.00
7, 13, CITY, 57:2, 0, 2, 100, 40.00, 1, 1, 8, 20, 1, Is original capital, Is capital
7, 13, ARMY,, 
7, 13, ARMY,, 
7, 13, ARMY,, 
7, 13, ARMY,, 
7, 13, ARMY,, 
7, 13, ARMY,, 
7, 13, ARMY,, 
7, 13, ARMY,, 
7, 13, ARMY,, 
7, 13, ARMY,, 
7, 13, ARMY,, 
7, 13, ARMY,, 
7, 13, ARMY,, 
7, 13, ARMY,, UNIT_SETTLER 1 6,UNIT_BUILDER 1 0,UNIT_WARRIOR 2 0,
7, 13, ARMY,, 
7, 13, ARMY,, 
7, 13, ARMY,, 
7, 13, ARMY,, 
7, 13, ARMY,, 
7, 13, ARMY,, 
7, 13, ARMY,, 
7, 13, ARMY,, 
7, 13, ARMY,, 
7, 13, ARMY,, 
7, 14, START LOG, , YIELD_FOOD 0.00 +/- 0.00,YIELD_PRODUCTION 0.00 +/- 0.00,YIELD_GOLD 0.00 +/- 0.00,YIELD_SCIENCE 0.00 +/- 0.00,YIELD_CULTURE 0.00 +/- 0.00,YIELD_FAITH 0.00 +/- 0.00,
7, 14, TRADE, TO -1, VAL 0.00
7, 14, CITY, 2:26, 0, 2, 100, 40.00, 1, 1, 8, 20, 0, Is original capital, Is capital
7, 14, ARMY,, 
7, 14, ARMY,, 
7, 14, ARMY,, 
7, 14, ARMY,, 
7, 14, ARMY,, 
7, 14, ARMY,, 
7, 14, ARMY,, 
7, 14, ARMY,, 
7, 14, ARMY,, 
7, 14, ARMY,, 
7, 14, ARMY,, 
7, 14, ARMY,, 
7, 14, ARMY,, 
7, 14, ARMY,, 
7, 14, ARMY,, UNIT_SETTLER 1 6,UNIT_BUILDER 1 0,UNIT_WARRIOR 2 0,
7, 14, ARMY,, 
7, 14, ARMY,, 
7, 14, ARMY,, 
7, 14, ARMY,, 
7, 14, ARMY,, 
7, 14, ARMY,, 
7, 14, ARMY,, 
7, 14, ARMY,, 
7, 14, ARMY,, 
7, 15, START LOG, , YIELD_FOOD 0.00 +/- 0.00,YIELD_PRODUCTION 0.00 +/- 0.00,YIELD_GOLD 0.00 +/- 0.00,YIELD_SCIENCE 0.00 +/- 0.00,YIELD_CULTURE 0.00 +/- 0.00,YIELD_FAITH 0.00 +/- 0.00,
7, 15, TRADE, TO -1, VAL 0.00
7, 15, CITY, 60:23, 0, 2, 100, 40.00, 1, 1, 8, 21, 0, Is original capital, Is capital
7, 15, ARMY,, 
7, 15, ARMY,, 
7, 15, ARMY,, 
7, 15, ARMY,, 
7, 15, ARMY,, 
7, 15, ARMY,, 
7, 15, ARMY,, 
7, 15, ARMY,, 
7, 15, ARMY,, 
7, 15, ARMY,, 
7, 15, ARMY,, 
7, 15, ARMY,, 
7, 15, ARMY,, 
7, 15, ARMY,, 
7, 15, ARMY,, 
7, 15, ARMY,, UNIT_SETTLER 1 6,UNIT_BUILDER 1 0,UNIT_WARRIOR 2 0,
7, 15, ARMY,, 
7, 15, ARMY,, 
7, 15, ARMY,, 
7, 15, ARMY,, 
7, 15, ARMY,, 
7, 15, ARMY,, 
7, 15, ARMY,, 
7, 15, ARMY,, 
7, 16, START LOG, , YIELD_FOOD 0.00 +/- 0.00,YIELD_PRODUCTION 0.00 +/- 0.00,YIELD_GOLD 0.00 +/- 0.00,YIELD_SCIENCE 0.00 +/- 0.00,YIELD_CULTURE 0.00 +/- 0.00,YIELD_FAITH 0.00 +/- 0.00,
7, 16, TRADE, TO -1, VAL 0.00
7, 16, CITY, 8:23, 0, 2, 100, 40.00, 1, 1, 8, 22, 0, Is original capital, Is capital
7, 16, ARMY,, 
7, 16, ARMY,, 
7, 16, ARMY,, 
7, 16, ARMY,, 
7, 16, ARMY,, 
7, 16, ARMY,, 
7, 16, ARMY,, 
7, 16, ARMY,, 
7, 16, ARMY,, 
7, 16, ARMY,, 
7, 16, ARMY,, 
7, 16, ARMY,, 
7, 16, ARMY,, 
7, 16, ARMY,, 
7, 16, ARMY,, 
7, 16, ARMY,, 
7, 16, ARMY,, UNIT_SETTLER 1 6,UNIT_BUILDER 1 0,UNIT_WARRIOR 2 0,
7, 16, ARMY,, 
7, 16, ARMY,, 
7, 16, ARMY,, 
7, 16, ARMY,, 
7, 16, ARMY,, 
7, 16, ARMY,, 
7, 16, ARMY,, 
7, 17, START LOG, , YIELD_FOOD 0.00 +/- 0.00,YIELD_PRODUCTION 0.00 +/- 0.00,YIELD_GOLD 0.00 +/- 0.00,YIELD_SCIENCE 0.00 +/- 0.00,YIELD_CULTURE 0.00 +/- 0.00,YIELD_FAITH 0.00 +/- 0.00,
7, 17, TRADE, TO -1, VAL 0.00
7, 17, CITY, 59:74, 0, 2, 100, 40.00, 1, 1, 8, 21, 0, Is original capital, Is capital
7, 17, ARMY,, 
7, 17, ARMY,, 
7, 17, ARMY,, 
7, 17, ARMY,, 
7, 17, ARMY,, 
7, 17, ARMY,, 
7, 17, ARMY,, 
7, 17, ARMY,, 
7, 17, ARMY,, 
7, 17, ARMY,, 
7, 17, ARMY,, 
7, 17, ARMY,, 
7, 17, ARMY,, 
7, 17, ARMY,, 
7, 17, ARMY,, 
7, 17, ARMY,, 
7, 17, ARMY,, 
7, 17, ARMY,, UNIT_SETTLER 1 6,UNIT_BUILDER 1 0,UNIT_WARRIOR 2 0,
7, 17, ARMY,, 
7, 17, ARMY,, 
7, 17, ARMY,, 
7, 17, ARMY,, 
7, 17, ARMY,, 
7, 17, ARMY,, 
7, 18, START LOG, , YIELD_FOOD 0.00 +/- 0.00,YIELD_PRODUCTION 0.00 +/- 0.00,YIELD_GOLD 0.00 +/- 0.00,YIELD_SCIENCE 0.00 +/- 0.00,YIELD_CULTURE 0.00 +/- 0.00,YIELD_FAITH 0.00 +/- 0.00,
7, 18, TRADE, TO -1, VAL 0.00
7, 18, CITY, 35:74, 0, 2, 100, 40.00, 1, 1, 8, 19, 0, Is original capital, Is capital
7, 18, ARMY,, 
7, 18, ARMY,, 
7, 18, ARMY,, 
7, 18, ARMY,, 
7, 18, ARMY,, 
7, 18, ARMY,, 
7, 18, ARMY,, 
7, 18, ARMY,, 
7, 18, ARMY,, 
7, 18, ARMY,, 
7, 18, ARMY,, 
7, 18, ARMY,, 
7, 18, ARMY,, 
7, 18, ARMY,, 
7, 18, ARMY,, 
7, 18, ARMY,, 
7, 18, ARMY,, 
7, 18, ARMY,, 
7, 18, ARMY,, UNIT_SETTLER 1 6,UNIT_BUILDER 1 0,UNIT_WARRIOR 2 0,
7, 18, ARMY,, 
7, 18, ARMY,, 
7, 18, ARMY,, 
7, 18, ARMY,, 
7, 18, ARMY,, 
7, 19, START LOG, , YIELD_FOOD 0.00 +/- 0.00,YIELD_PRODUCTION 0.00 +/- 0.00,YIELD_GOLD 0.00 +/- 0.00,YIELD_SCIENCE 0.00 +/- 0.00,YIELD_CULTURE 0.00 +/- 0.00,YIELD_FAITH 0.00 +/- 0.00,
7, 19, TRADE, TO -1, VAL 0.00
7, 19, CITY, 15:70, 0, 2, 100, 40.00, 1, 1, 8, 20, 0, Is original capital, Is capital
7, 19, ARMY,, 
7, 19, ARMY,, 
7, 19, ARMY,, 
7, 19, ARMY,, 
7, 19, ARMY,, 
7, 19, ARMY,, 
7, 19, ARMY,, 
7, 19, ARMY,, 
7, 19, ARMY,, 
7, 19, ARMY,, 
7, 19, ARMY,, 
7, 19, ARMY,, 
7, 19, ARMY,, 
7, 19, ARMY,, 
7, 19, ARMY,, 
7, 19, ARMY,, 
7, 19, ARMY,, 
7, 19, ARMY,, 
7, 19, ARMY,, 
7, 19, ARMY,, UNIT_SETTLER 1 6,UNIT_BUILDER 1 0,UNIT_WARRIOR 2 0,
7, 19, ARMY,, 
7, 19, ARMY,, 
7, 19, ARMY,, 
7, 19, ARMY,, 
7, 20, START LOG, , YIELD_FOOD 0.00 +/- 0.00,YIELD_PRODUCTION 0.00 +/- 0.00,YIELD_GOLD 0.00 +/- 0.00,YIELD_SCIENCE 0.00 +/- 0.00,YIELD_CULTURE 0.00 +/- 0.00,YIELD_FAITH 0.00 +/- 0.00,
7, 20, TRADE, TO -1, VAL 0.00
7, 20, CITY, 68:27, 0, 3, 100, 40.00, 1, 1, 8, 23, 0, Is original capital, Is capital
7, 20, ARMY,, 
7, 20, ARMY,, 
7, 20, ARMY,, 
7, 20, ARMY,, 
7, 20, ARMY,, 
7, 20, ARMY,, 
7, 20, ARMY,, 
7, 20, ARMY,, 
7, 20, ARMY,, 
7, 20, ARMY,, 
7, 20, ARMY,, 
7, 20, ARMY,, 
7, 20, ARMY,, 
7, 20, ARMY,, 
7, 20, ARMY,, 
7, 20, ARMY,, 
7, 20, ARMY,, 
7, 20, ARMY,, 
7, 20, ARMY,, 
7, 20, ARMY,, 
7, 20, ARMY,, UNIT_SETTLER 1 6,UNIT_BUILDER 1 0,UNIT_WARRIOR 2 0,
7, 20, ARMY,, 
7, 20, ARMY,, 
7, 20, ARMY,, 
7, 21, START LOG, , YIELD_FOOD 6.00 +/- 1.41,YIELD_PRODUCTION 3.00 +/- 0.00,YIELD_GOLD 5.00 +/- 0.00,YIELD_SCIENCE 2.50 +/- 0.71,YIELD_CULTURE 1.50 +/- 0.71,YIELD_FAITH 0.00 +/- 0.00,
7, 21, TRADE, TO -1, VAL 1.80
7, 21, CITY, 66:72, 0, 2, 100, 40.00, 1, 1, 8, 20, 0, Is original capital, Is capital
7, 21, CITY, 66:68, 0, 2, 100, 35.08, 1, 1, 8, 20, 0, Is original capital, Is capital
7, 21, ARMY,, 
7, 21, ARMY,, 
7, 21, ARMY,, UNIT_SCOUT 1 0,
7, 21, ARMY,, 
7, 21, ARMY,, 
7, 21, ARMY,, 
7, 21, ARMY,, 
7, 21, ARMY,, 
7, 21, ARMY,, 
7, 21, ARMY,, 
7, 21, ARMY,, 
7, 21, ARMY,, 
7, 21, ARMY,, UNIT_BUILDER 1 0,UNIT_WARRIOR 2 1,
7, 21, ARMY,, 
7, 21, ARMY,, 
7, 21, ARMY,, 
7, 21, ARMY,, 
7, 21, ARMY,, 
7, 21, ARMY,, 
7, 21, ARMY,, 
7, 21, ARMY,, 
7, 21, ARMY,, UNIT_SETTLER 1 3,UNIT_WARRIOR 2 0,
7, 21, ARMY,, 
7, 21, ARMY,, 
7, 62, START LOG, , YIELD_FOOD 0.00 +/- 0.00,YIELD_PRODUCTION 0.00 +/- 0.00,YIELD_GOLD 0.00 +/- 0.00,YIELD_SCIENCE 0.00 +/- 0.00,YIELD_CULTURE 0.00 +/- 0.00,YIELD_FAITH 0.00 +/- 0.00,
7, 62, TRADE, TO -1, VAL 2.25
7, 62, ARMY,, 
7, 62, ARMY,, 
7, 62, ARMY,, 
7, 62, ARMY,, 
7, 62, ARMY,, 
7, 62, ARMY,, 
7, 62, ARMY,, 
7, 62, ARMY,, 
7, 62, ARMY,, 
7, 62, ARMY,, 
7, 62, ARMY,, 
7, 62, ARMY,, 
7, 62, ARMY,, 
7, 62, ARMY,, 
7, 62, ARMY,, 
7, 62, ARMY,, 
7, 62, ARMY,, 
7, 62, ARMY,, 
7, 62, ARMY,, 
7, 62, ARMY,, 
7, 62, ARMY,, 
7, 62, ARMY,, 
7, 62, ARMY,, 
7, 62, ARMY,, 
7, 63, START LOG, , YIELD_FOOD 0.00 +/- 0.00,YIELD_PRODUCTION 0.00 +/- 0.00,YIELD_GOLD 0.00 +/- 0.00,YIELD_SCIENCE 0.00 +/- 0.00,YIELD_CULTURE 0.00 +/- 0.00,YIELD_FAITH 0.00 +/- 0.00,
7, 63, TRADE, TO -1, VAL 0.00
7, 63, ARMY,, 
7, 63, ARMY,, 
7, 63, ARMY,, 
7, 63, ARMY,, 
7, 63, ARMY,, 
7, 63, ARMY,, 
7, 63, ARMY,, 
7, 63, ARMY,, 
7, 63, ARMY,, 
7, 63, ARMY,, 
7, 63, ARMY,, 
7, 63, ARMY,, 
7, 63, ARMY,, 
7, 63, ARMY,, 
7, 63, ARMY,, 
7, 63, ARMY,, 
7, 63, ARMY,, 
7, 63, ARMY,, 
7, 63, ARMY,, 
7, 63, ARMY,, 
7, 63, ARMY,, 
7, 63, ARMY,, 
7, 63, ARMY,, 
7, 63, ARMY,, 
7, 0, START LOG, , YIELD_FOOD 6.16 +/- 0.75,YIELD_PRODUCTION 7.82 +/- 2.64,YIELD_GOLD 6.33 +/- 1.50,YIELD_SCIENCE 3.16 +/- 0.75,YIELD_CULTURE 1.15 +/- 0.40,YIELD_FAITH 0.66 +/- 0.80,
7, 0, TRADE, TO -1, VAL 1.50
7, 0, CITY, 52:17, 0, 2, 100, 28.00, 1, 1, 3, 27, 1, Is original capital, Is capital
7, 0, CITY, 76:38, 0, 2, 100, 28.00, 1, 1, 3, 30, 0, Is original capital, Is capital
7, 0, CITY, 73:49, 0, 2, 100, 28.00, 1, 1, 3, 27, 0, Is original capital, Is capital
7, 0, CITY, 69:63, 0, 2, 100, 20.00, 1, 1, 3, 25, 0, Is original capital, Is capital
7, 0, CITY, 43:77, 0, 2, 100, 31.00, 1, 1, 3, 25, 1, Is original capital, Is capital
7, 0, CITY, 66:68, 0, 2, 100, 35.08, 1, 1, 8, 20, 0, Is original capital, Is capital
7, 0, ARMY,, UNIT_SETTLER 1 8,UNIT_BUILDER 1 0,UNIT_SCOUT 1 0,UNIT_WARRIOR 1 0,UNIT_VAMPIRE 1 0,
7, 0, ARMY,, UNIT_SETTLER 1 8,UNIT_WARRIOR 1 0,UNIT_BABYLONIAN_SABUM_KIBITTUM 2 0,
7, 0, ARMY,, UNIT_SETTLER 1 8,UNIT_SCOUT 2 0,UNIT_WARRIOR 1 0,
7, 0, ARMY,, UNIT_SETTLER 1 8,UNIT_SCOUT 1 0,UNIT_WARRIOR 1 0,
7, 0, ARMY,, UNIT_SETTLER 1 8,UNIT_BUILDER 1 0,UNIT_SCOUT 1 0,UNIT_WARRIOR 1 0,UNIT_VAMPIRE 1 0,
7, 0, ARMY,, 
7, 0, ARMY,, 
7, 0, ARMY,, 
7, 0, ARMY,, 
7, 0, ARMY,, 
7, 0, ARMY,, 
7, 0, ARMY,, 
7, 0, ARMY,, 
7, 0, ARMY,, 
7, 0, ARMY,, 
7, 0, ARMY,, 
7, 0, ARMY,, 
7, 0, ARMY,, 
7, 0, ARMY,, 
7, 0, ARMY,, 
7, 0, ARMY,, 
7, 0, ARMY,, 
7, 0, ARMY,, 
7, 0, ARMY,, 
7, 1, START LOG, , YIELD_FOOD 6.16 +/- 0.75,YIELD_PRODUCTION 7.82 +/- 2.64,YIELD_GOLD 5.83 +/- 1.60,YIELD_SCIENCE 3.16 +/- 0.75,YIELD_CULTURE 1.15 +/- 0.40,YIELD_FAITH 0.50 +/- 0.83,
7, 1, TRADE, TO -1, VAL 1.50
7, 1, CITY, 52:17, 0, 2, 100, 28.00, 1, 1, 3, 27, 1, Is original capital, Is capital
7, 1, CITY, 76:38, 0, 2, 100, 28.00, 1, 1, 3, 30, 0, Is original capital, Is capital
7, 1, CITY, 73:49, 0, 2, 100, 28.00, 1, 1, 3, 27, 0, Is original capital, Is capital
7, 1, CITY, 69:63, 0, 2, 100, 20.00, 1, 1, 3, 25, 0, Is original capital, Is capital
7, 1, CITY, 43:77, 0, 2, 100, 31.00, 1, 1, 3, 25, 1, Is original capital, Is capital
7, 1, CITY, 66:68, 0, 2, 100, 35.08, 1, 1, 8, 20, 0, Is original capital, Is capital
7, 1, ARMY,, UNIT_SETTLER 1 6,UNIT_BUILDER 1 0,UNIT_SCOUT 1 0,UNIT_WARRIOR 1 0,UNIT_VAMPIRE 1 0,
7, 1, ARMY,, UNIT_SETTLER 1 6,UNIT_WARRIOR 1 0,UNIT_BABYLONIAN_SABUM_KIBITTUM 2 0,
7, 1, ARMY,, UNIT_SETTLER 1 6,UNIT_SCOUT 2 0,UNIT_WARRIOR 1 0,
7, 1, ARMY,, UNIT_SETTLER 1 6,UNIT_SCOUT 1 0,UNIT_WARRIOR 1 0,
7, 1, ARMY,, UNIT_SETTLER 1 6,UNIT_BUILDER 1 0,UNIT_SCOUT 1 0,UNIT_WARRIOR 1 0,UNIT_VAMPIRE 1 0,
7, 1, ARMY,, 
7, 1, ARMY,, 
7, 1, ARMY,, 
7, 1, ARMY,, 
7, 1, ARMY,, 
7, 1, ARMY,, 
7, 1, ARMY,, 
7, 1, ARMY,, 
7, 1, ARMY,, 
7, 1, ARMY,, 
7, 1, ARMY,, 
7, 1, ARMY,, 
7, 1, ARMY,, 
7, 1, ARMY,, 
7, 1, ARMY,, 
7, 1, ARMY,, 
7, 1, ARMY,, 
7, 1, ARMY,, 
7, 1, ARMY,, 
7, 2, START LOG, , YIELD_FOOD 6.16 +/- 0.75,YIELD_PRODUCTION 7.82 +/- 2.64,YIELD_GOLD 5.83 +/- 1.60,YIELD_SCIENCE 3.16 +/- 0.75,YIELD_CULTURE 1.15 +/- 0.40,YIELD_FAITH 0.50 +/- 0.83,
7, 2, TRADE, TO -1, VAL 1.50
7, 2, CITY, 52:17, 0, 2, 100, 28.00, 1, 1, 3, 27, 1, Is original capital, Is capital
7, 2, CITY, 76:38, 0, 2, 100, 28.00, 1, 1, 3, 30, 0, Is original capital, Is capital
7, 2, CITY, 73:49, 0, 2, 100, 28.00, 1, 1, 3, 27, 0, Is original capital, Is capital
7, 2, CITY, 69:63, 0, 2, 100, 28.00, 1, 1, 3, 25, 0, Is original capital, Is capital
7, 2, CITY, 43:77, 0, 2, 100, 31.00, 1, 1, 3, 25, 1, Is original capital, Is capital
7, 2, CITY, 66:68, 0, 2, 100, 35.08, 1, 1, 8, 20, 0, Is original capital, Is capital
7, 2, ARMY,, UNIT_SETTLER 1 7,UNIT_BUILDER 1 0,UNIT_SCOUT 1 0,UNIT_WARRIOR 1 0,UNIT_VAMPIRE 1 0,
7, 2, ARMY,, UNIT_SETTLER 1 7,UNIT_WARRIOR 1 0,UNIT_BABYLONIAN_SABUM_KIBITTUM 2 0,
7, 2, ARMY,, UNIT_SETTLER 1 7,UNIT_SCOUT 2 0,UNIT_WARRIOR 1 0,
7, 2, ARMY,, UNIT_SETTLER 1 7,UNIT_SCOUT 1 0,UNIT_WARRIOR 1 0,
7, 2, ARMY,, UNIT_SETTLER 1 7,UNIT_BUILDER 1 0,UNIT_SCOUT 1 0,UNIT_WARRIOR 1 0,UNIT_VAMPIRE 1 0,
7, 2, ARMY,, 
7, 2, ARMY,, 
7, 2, ARMY,, 
7, 2, ARMY,, 
7, 2, ARMY,, 
7, 2, ARMY,, 
7, 2, ARMY,, 
7, 2, ARMY,, 
7, 2, ARMY,, 
7, 2, ARMY,, 
7, 2, ARMY,, 
7, 2, ARMY,, 
7, 2, ARMY,, 
7, 2, ARMY,, 
7, 2, ARMY,, 
7, 2, ARMY,, 
7, 2, ARMY,, 
7, 2, ARMY,, 
7, 2, ARMY,, 
7, 3, START LOG, , YIELD_FOOD 6.16 +/- 0.75,YIELD_PRODUCTION 7.82 +/- 2.64,YIELD_GOLD 5.83 +/- 1.60,YIELD_SCIENCE 3.16 +/- 0.75,YIELD_CULTURE 1.15 +/- 0.40,YIELD_FAITH 0.50 +/- 0.83,
7, 3, TRADE, TO -1, VAL 1.50
7, 3, CITY, 52:17, 0, 2, 100, 28.00, 1, 1, 3, 27, 1, Is original capital, Is capital
7, 3, CITY, 76:38, 0, 3, 100, 28.00, 1, 1, 3, 33, 0, Is original capital, Is capital
7, 3, CITY, 69:63, 0, 2, 100, 28.00, 1, 1, 3, 25, 0, Is original capital, Is capital
7, 3, CITY, 43:77, 0, 2, 100, 31.00, 1, 1, 3, 25, 1, Is original capital, Is capital
7, 3, CITY, 73:49, 0, 2, 100, 28.00, 1, 1, 3, 27, 0, Is original capital, Is capital
7, 3, CITY, 66:68, 0, 2, 100, 35.08, 1, 1, 8, 20, 0, Is original capital, Is capital
7, 3, ARMY,, UNIT_SETTLER 1 7,UNIT_BUILDER 1 0,UNIT_SCOUT 1 0,UNIT_WARRIOR 1 0,UNIT_VAMPIRE 1 0,
7, 3, ARMY,, UNIT_SETTLER 1 7,UNIT_WARRIOR 1 0,UNIT_BABYLONIAN_SABUM_KIBITTUM 2 0,
7, 3, ARMY,, UNIT_SETTLER 1 7,UNIT_SCOUT 2 0,UNIT_WARRIOR 1 0,
7, 3, ARMY,, UNIT_SETTLER 1 7,UNIT_SCOUT 1 0,UNIT_WARRIOR 1 0,
7, 3, ARMY,, UNIT_SETTLER 1 7,UNIT_BUILDER 1 0,UNIT_SCOUT 1 0,UNIT_WARRIOR 1 0,UNIT_VAMPIRE 1 0,
7, 3, ARMY,, 
7, 3, ARMY,, 
7, 3, ARMY,, 
7, 3, ARMY,, 
7, 3, ARMY,, 
7, 3, ARMY,, 
7, 3, ARMY,, 
7, 3, ARMY,, 
7, 3, ARMY,, 
7, 3, ARMY,, 
7, 3, ARMY,, 
7, 3, ARMY,, 
7, 3, ARMY,, 
7, 3, ARMY,, 
7, 3, ARMY,, 
7, 3, ARMY,, 
7, 3, ARMY,, 
7, 3, ARMY,, 
7, 3, ARMY,, 
7, 4, START LOG, , YIELD_FOOD 6.16 +/- 0.75,YIELD_PRODUCTION 7.82 +/- 2.64,YIELD_GOLD 5.83 +/- 1.60,YIELD_SCIENCE 3.16 +/- 0.75,YIELD_CULTURE 1.15 +/- 0.40,YIELD_FAITH 0.50 +/- 0.83,
7, 4, TRADE, TO -1, VAL 1.50
7, 4, CITY, 52:17, 0, 2, 100, 28.00, 1, 1, 3, 27, 1, Is original capital, Is capital
7, 4, CITY, 76:38, 0, 3, 100, 28.00, 1, 1, 3, 33, 0, Is original capital, Is capital
7, 4, CITY, 73:49, 0, 2, 100, 28.00, 1, 1, 3, 27, 0, Is original capital, Is capital
7, 4, CITY, 69:63, 0, 2, 100, 28.00, 1, 1, 3, 25, 0, Is original capital, Is capital
7, 4, CITY, 43:77, 0, 2, 100, 31.00, 1, 1, 3, 25, 1, Is original capital, Is capital
7, 4, CITY, 66:68, 0, 2, 100, 35.08, 1, 1, 8, 20, 0, Is original capital, Is capital
7, 4, ARMY,, UNIT_SETTLER 1 6,UNIT_BUILDER 1 0,UNIT_SCOUT 1 0,UNIT_WARRIOR 1 0,UNIT_VAMPIRE 1 0,
7, 4, ARMY,, UNIT_SETTLER 1 6,UNIT_WARRIOR 1 0,UNIT_BABYLONIAN_SABUM_KIBITTUM 2 0,
7, 4, ARMY,, UNIT_SETTLER 1 6,UNIT_SCOUT 2 0,UNIT_WARRIOR 1 0,
7, 4, ARMY,, UNIT_SETTLER 1 6,UNIT_SCOUT 1 0,UNIT_WARRIOR 1 0,
7, 4, ARMY,, UNIT_SETTLER 1 6,UNIT_BUILDER 1 0,UNIT_SCOUT 1 0,UNIT_WARRIOR 1 0,UNIT_VAMPIRE 1 0,
7, 4, ARMY,, 
7, 4, ARMY,, 
7, 4, ARMY,, 
7, 4, ARMY,, 
7, 4, ARMY,, 
7, 4, ARMY,, 
7, 4, ARMY,, 
7, 4, ARMY,, 
7, 4, ARMY,, 
7, 4, ARMY,, 
7, 4, ARMY,, 
7, 4, ARMY,, 
7, 4, ARMY,, 
7, 4, ARMY,, 
7, 4, ARMY,, 
7, 4, ARMY,, 
7, 4, ARMY,, 
7, 4, ARMY,, 
7, 4, ARMY,, 
7, 2, START LOG, , YIELD_FOOD 6.71 +/- 0.47,YIELD_PRODUCTION 6.99 +/- 2.58,YIELD_GOLD 5.98 +/- 1.52,YIELD_SCIENCE 3.27 +/- 0.48,YIELD_CULTURE 1.27 +/- 0.48,YIELD_FAITH 0.57 +/- 0.78,
7, 2, TRADE, TO -1, VAL 0.00
7, 2, CITY, 52:17, 0, 2, 100, 28.00, 1, 1, 3, 27, 1, Is original capital, Is capital
7, 2, CITY, 76:38, 0, 3, 100, 28.00, 1, 1, 3, 33, 0, Is original capital, Is capital
7, 2, CITY, 73:49, 0, 2, 100, 28.00, 1, 1, 3, 27, 0, Is original capital, Is capital
7, 2, CITY, 69:63, 0, 2, 100, 28.00, 1, 1, 3, 25, 0, Is original capital, Is capital
7, 2, CITY, 43:77, 0, 2, 100, 31.00, 1, 1, 3, 25, 1, Is original capital, Is capital
7, 2, CITY, 66:68, 0, 2, 100, 35.08, 1, 1, 8, 20, 0, Is original capital, Is capital
7, 2, CITY, 66:72, 0, 2, 100, 40.00, 1, 1, 8, 20, 0, Is original capital, Is capital
7, 2, ARMY,, UNIT_SETTLER 1 8,UNIT_BUILDER 1 0,UNIT_SCOUT 1 0,UNIT_WARRIOR 1 0,UNIT_VAMPIRE 1 0,
7, 2, ARMY,, UNIT_SETTLER 1 8,UNIT_WARRIOR 1 0,UNIT_BABYLONIAN_SABUM_KIBITTUM 2 0,
7, 2, ARMY,, UNIT_SETTLER 1 8,UNIT_SCOUT 2 0,UNIT_WARRIOR 1 0,
7, 2, ARMY,, UNIT_SETTLER 1 8,UNIT_SCOUT 1 0,UNIT_WARRIOR 1 0,
7, 2, ARMY,, UNIT_SETTLER 1 8,UNIT_BUILDER 1 0,UNIT_SCOUT 2 0,UNIT_WARRIOR 1 0,UNIT_VAMPIRE 1 0,
7, 2, ARMY,, 
7, 2, ARMY,, 
7, 2, ARMY,, 
7, 2, ARMY,, 
7, 2, ARMY,, 
7, 2, ARMY,, 
7, 2, ARMY,, 
7, 2, ARMY,, 
7, 2, ARMY,, 
7, 2, ARMY,, 
7, 2, ARMY,, 
7, 2, ARMY,, 
7, 2, ARMY,, 
7, 2, ARMY,, 
7, 2, ARMY,, 
7, 2, ARMY,, 
7, 2, ARMY,, 
7, 2, ARMY,, 
7, 2, ARMY,, 
7, 2, START LOG, , YIELD_FOOD 7.28 +/- 1.25,YIELD_PRODUCTION 6.85 +/- 2.40,YIELD_GOLD 5.98 +/- 1.52,YIELD_SCIENCE 3.27 +/- 0.48,YIELD_CULTURE 1.27 +/- 0.48,YIELD_FAITH 0.57 +/- 0.78,
7, 2, TRADE, TO -1, VAL 0.00
7, 2, CITY, 52:17, 0, 2, 100, 28.00, 1, 1, 3, 27, 1, Is original capital, Is capital
7, 2, CITY, 76:38, 0, 3, 100, 28.00, 1, 1, 3, 33, 0, Is original capital, Is capital
7, 2, CITY, 73:49, 0, 2, 100, 28.00, 1, 1, 3, 27, 0, Is original capital, Is capital
7, 2, CITY, 69:63, 0, 2, 100, 28.00, 1, 1, 3, 25, 0, Is original capital, Is capital
7, 2, CITY, 43:77, 0, 2, 100, 31.00, 1, 1, 3, 25, 1, Is original capital, Is capital
7, 2, CITY, 66:68, 0, 2, 100, 35.08, 1, 1, 8, 20, 0, Is original capital, Is capital
7, 2, CITY, 66:72, 0, 2, 100, 40.00, 1, 1, 8, 20, 0, Is original capital, Is capital
7, 2, ARMY,, UNIT_SETTLER 1 9,UNIT_BUILDER 1 0,UNIT_SCOUT 1 0,UNIT_WARRIOR 1 0,UNIT_VAMPIRE 1 0,
7, 2, ARMY,, UNIT_SETTLER 1 9,UNIT_WARRIOR 1 0,UNIT_BABYLONIAN_SABUM_KIBITTUM 2 0,
7, 2, ARMY,, UNIT_SETTLER 1 9,UNIT_SCOUT 2 0,UNIT_WARRIOR 1 0,
7, 2, ARMY,, UNIT_SETTLER 1 9,UNIT_SCOUT 1 0,UNIT_WARRIOR 1 0,
7, 2, ARMY,, UNIT_SETTLER 1 9,UNIT_BUILDER 1 0,UNIT_SCOUT 2 0,UNIT_WARRIOR 1 0,UNIT_VAMPIRE 1 0,
7, 2, ARMY,, 
7, 2, ARMY,, 
7, 2, ARMY,, 
7, 2, ARMY,, 
7, 2, ARMY,, 
7, 2, ARMY,, 
7, 2, ARMY,, 
7, 2, ARMY,, 
7, 2, ARMY,, 
7, 2, ARMY,, 
7, 2, ARMY,, 
7, 2, ARMY,, 
7, 2, ARMY,, 
7, 2, ARMY,, 
7, 2, ARMY,, 
7, 2, ARMY,, 
7, 2, ARMY,, 
7, 2, ARMY,, 
7, 2, ARMY,, 
8, 5, START LOG, , YIELD_FOOD 6.65 +/- 2.82,YIELD_PRODUCTION 13.09 +/- 6.31,YIELD_GOLD 5.65 +/- 4.33,YIELD_SCIENCE 1.88 +/- 1.45,YIELD_CULTURE 1.43 +/- 1.32,YIELD_FAITH 0.66 +/- 1.65,
8, 5, TRADE, TO -1, VAL 0.00
8, 5, CITY, 26:70, 0, 3, 100, 21.00, 1, 1, 3, 45, 0, Is original capital, Is capital
8, 5, CITY, 38:8, 0, 2, 100, 29.00, 1, 1, 3, 43, 1, Is original capital, Is capital
8, 5, CITY, 23:15, 0, 1, 100, 29.00, 1, 1, 3, 42, 0, Is original capital, Is capital
8, 5, CITY, 11:43, 0, 3, 100, 21.00, 1, 1, 3, 48, 0, Is original capital, Is capital
8, 5, CITY, 13:58, 0, 3, 100, 21.00, 1, 1, 3, 48, 0, Is original capital, Is capital
8, 5, CITY, 21:18, 0, 1, 100, 20.00, 1, 1, 0, 15, 0, Not original capital, Not capital
8, 5, CITY, 22:55, 0, 3, 100, 40.00, 1, 1, 8, 23, 0, Is original capital, Is capital
8, 5, CITY, 23:72, 0, 2, 100, 20.00, 1, 1, 0, 21, 1, Not original capital, Not capital
8, 5, CITY, 9:57, 0, 1, 100, 20.00, 1, 1, 0, 16, 1, Not original capital, Not capital
8, 5, CITY, 35:10, 0, 1, 100, 0.00, 1, 1, 0, 14, 0, Not original capital, Not capital
8, 5, ARMY,, 
8, 5, ARMY,, 
8, 5, ARMY,, 
8, 5, ARMY,, 
8, 5, ARMY,, 
8, 5, ARMY,, UNIT_SETTLER 3 7,UNIT_BUILDER 2 0,UNIT_SCOUT 2 0,UNIT_WARRIOR 1 0,
8, 5, ARMY,, UNIT_SETTLER 3 7,UNIT_BUILDER 1 1,UNIT_SCOUT 3 0,UNIT_WARRIOR 1 0,
8, 5, ARMY,, UNIT_SETTLER 2 7,UNIT_BUILDER 1 0,UNIT_SCOUT 2 0,UNIT_WARRIOR 1 0,
8, 5, ARMY,, UNIT_SETTLER 3 7,UNIT_BUILDER 2 0,UNIT_SCOUT 3 0,UNIT_WARRIOR 1 0,
8, 5, ARMY,, UNIT_SETTLER 3 7,UNIT_BUILDER 3 0,UNIT_SCOUT 3 0,UNIT_WARRIOR 1 0,
8, 5, ARMY,, 
8, 5, ARMY,, UNIT_BUILDER 1 0,UNIT_WARRIOR 2 0,
8, 5, ARMY,, 
8, 5, ARMY,, 
8, 5, ARMY,, 
8, 5, ARMY,, 
8, 5, ARMY,, 
8, 5, ARMY,, 
8, 5, ARMY,, 
8, 5, ARMY,, 
8, 5, ARMY,, 
8, 5, ARMY,, 
8, 5, ARMY,, 
8, 5, ARMY,, 
8, 6, START LOG, , YIELD_FOOD 6.76 +/- 2.86,YIELD_PRODUCTION 13.65 +/- 6.98,YIELD_GOLD 5.88 +/- 4.51,YIELD_SCIENCE 1.88 +/- 1.45,YIELD_CULTURE 1.43 +/- 1.32,YIELD_FAITH 0.77 +/- 1.64,
8, 6, TRADE, TO -1, VAL 0.00
8, 6, CITY, 26:70, 0, 3, 100, 21.00, 1, 1, 3, 45, 0, Is original capital, Is capital
8, 6, CITY, 13:58, 0, 3, 100, 21.00, 1, 1, 3, 49, 0, Is original capital, Is capital
8, 6, CITY, 38:8, 0, 2, 100, 29.00, 1, 1, 3, 43, 1, Is original capital, Is capital
8, 6, CITY, 23:15, 0, 1, 100, 29.00, 1, 1, 3, 42, 0, Is original capital, Is capital
8, 6, CITY, 11:43, 0, 3, 100, 21.00, 1, 1, 3, 48, 0, Is original capital, Is capital
8, 6, CITY, 21:18, 0, 1, 100, 20.00, 1, 1, 0, 15, 0, Not original capital, Not capital
8, 6, CITY, 22:55, 0, 3, 100, 40.00, 1, 1, 8, 23, 0, Is original capital, Is capital
8, 6, CITY, 23:72, 0, 2, 100, 20.00, 1, 1, 0, 21, 1, Not original capital, Not capital
8, 6, CITY, 9:57, 0, 1, 100, 20.00, 1, 1, 0, 16, 1, Not original capital, Not capital
8, 6, CITY, 35:10, 0, 1, 100, 0.00, 1, 1, 0, 14, 0, Not original capital, Not capital
8, 6, ARMY,, 
8, 6, ARMY,, 
8, 6, ARMY,, 
8, 6, ARMY,, 
8, 6, ARMY,, 
8, 6, ARMY,, UNIT_SETTLER 2 3,UNIT_BUILDER 2 0,UNIT_SCOUT 2 0,UNIT_WARRIOR 1 0,
8, 6, ARMY,, UNIT_SETTLER 3 7,UNIT_BUILDER 1 1,UNIT_SCOUT 4 0,UNIT_WARRIOR 1 0,
8, 6, ARMY,, UNIT_SETTLER 2 7,UNIT_BUILDER 1 0,UNIT_SCOUT 2 0,UNIT_WARRIOR 1 0,
8, 6, ARMY,, UNIT_SETTLER 3 7,UNIT_BUILDER 2 0,UNIT_SCOUT 3 0,UNIT_WARRIOR 1 0,
8, 6, ARMY,, UNIT_SETTLER 3 7,UNIT_BUILDER 3 0,UNIT_SCOUT 3 0,UNIT_WARRIOR 1 0,
8, 6, ARMY,, 
8, 6, ARMY,, UNIT_BUILDER 1 0,UNIT_WARRIOR 2 1,
8, 6, ARMY,, 
8, 6, ARMY,, 
8, 6, ARMY,, 
8, 6, ARMY,, 
8, 6, ARMY,, 
8, 6, ARMY,, 
8, 6, ARMY,, 
8, 6, ARMY,, 
8, 6, ARMY,, 
8, 6, ARMY,, 
8, 6, ARMY,, 
8, 6, ARMY,, 
8, 7, START LOG, , YIELD_FOOD 6.88 +/- 2.75,YIELD_PRODUCTION 13.65 +/- 6.98,YIELD_GOLD 5.98 +/- 4.64,YIELD_SCIENCE 1.99 +/- 1.31,YIELD_CULTURE 1.43 +/- 1.32,YIELD_FAITH 0.77 +/- 1.64,
8, 7, TRADE, TO -1, VAL 0.00
8, 7, CITY, 13:58, 0, 3, 100, 21.00, 1, 1, 3, 49, 0, Is original capital, Is capital
8, 7, CITY, 26:70, 0, 3, 100, 21.00, 1, 1, 3, 45, 0, Is original capital, Is capital
8, 7, CITY, 11:43, 0, 4, 100, 29.00, 1, 1, 3, 58, 0, Is original capital, Is capital
8, 7, CITY, 38:8, 0, 2, 100, 29.00, 1, 1, 3, 43, 1, Is original capital, Is capital
8, 7, CITY, 23:15, 0, 1, 100, 29.00, 1, 1, 3, 42, 0, Is original capital, Is capital
8, 7, CITY, 21:18, 0, 1, 100, 20.00, 1, 1, 0, 15, 0, Not original capital, Not capital
8, 7, CITY, 22:55, 0, 3, 100, 40.00, 1, 1, 8, 23, 0, Is original capital, Is capital
8, 7, CITY, 9:57, 0, 1, 100, 20.00, 1, 1, 10, 16, 1, Not original capital, Not capital
8, 7, CITY, 23:72, 0, 2, 100, 20.00, 1, 1, 0, 21, 1, Not original capital, Not capital
8, 7, CITY, 35:10, 0, 1, 100, 0.00, 1, 1, 0, 14, 0, Not original capital, Not capital
8, 7, ARMY,, 
8, 7, ARMY,, 
8, 7, ARMY,, 
8, 7, ARMY,, 
8, 7, ARMY,, 
8, 7, ARMY,, UNIT_SETTLER 2 3,UNIT_BUILDER 2 0,UNIT_SCOUT 2 0,UNIT_WARRIOR 1 0,
8, 7, ARMY,, UNIT_SETTLER 2 3,UNIT_BUILDER 1 2,UNIT_SCOUT 4 0,UNIT_WARRIOR 1 0,
8, 7, ARMY,, UNIT_SETTLER 2 7,UNIT_BUILDER 1 0,UNIT_SCOUT 2 0,UNIT_WARRIOR 1 0,
8, 7, ARMY,, UNIT_SETTLER 3 7,UNIT_BUILDER 2 0,UNIT_SCOUT 3 0,UNIT_WARRIOR 1 0,
8, 7, ARMY,, UNIT_SETTLER 3 7,UNIT_BUILDER 3 0,UNIT_SCOUT 3 0,UNIT_WARRIOR 1 0,
8, 7, ARMY,, 
8, 7, ARMY,, UNIT_BUILDER 1 0,UNIT_WARRIOR 2 1,
8, 7, ARMY,, 
8, 7, ARMY,, 
8, 7, ARMY,, 
8, 7, ARMY,, 
8, 7, ARMY,, 
8, 7, ARMY,, 
8, 7, ARMY,, 
8, 7, ARMY,, 
8, 7, ARMY,, 
8, 7, ARMY,, 
8, 7, ARMY,, 
8, 7, ARMY,, 
8, 8, START LOG, , YIELD_FOOD 6.88 +/- 2.75,YIELD_PRODUCTION 13.87 +/- 6.99,YIELD_GOLD 5.98 +/- 4.64,YIELD_SCIENCE 1.99 +/- 1.31,YIELD_CULTURE 1.43 +/- 1.32,YIELD_FAITH 0.77 +/- 1.64,
8, 8, TRADE, TO -1, VAL 0.00
8, 8, CITY, 11:43, 0, 4, 100, 29.00, 1, 1, 3, 58, 0, Is original capital, Is capital
8, 8, CITY, 13:58, 0, 3, 100, 21.00, 1, 1, 3, 49, 0, Is original capital, Is capital
8, 8, CITY, 26:70, 0, 3, 100, 21.00, 1, 1, 3, 45, 0, Is original capital, Is capital
8, 8, CITY, 23:15, 0, 2, 100, 29.00, 1, 1, 3, 51, 0, Is original capital, Is capital
8, 8, CITY, 38:8, 0, 2, 100, 29.00, 1, 1, 3, 43, 1, Is original capital, Is capital
8, 8, CITY, 21:18, 0, 1, 100, 20.00, 1, 1, 0, 15, 0, Not original capital, Not capital
8, 8, CITY, 22:55, 0, 3, 100, 40.00, 1, 1, 8, 23, 0, Is original capital, Is capital
8, 8, CITY, 9:57, 0, 1, 100, 20.00, 1, 1, 10, 16, 1, Not original capital, Not capital
8, 8, CITY, 23:72, 0, 2, 100, 20.00, 1, 1, 0, 21, 1, Not original capital, Not capital
8, 8, CITY, 35:10, 0, 1, 100, 0.00, 1, 1, 0, 14, 0, Not original capital, Not capital
8, 8, CITY, 10:39, 0, 1, 100, 0.00, 1, 1, 0, 12, 0, Not original capital, Not capital
8, 8, ARMY,, 
8, 8, ARMY,, 
8, 8, ARMY,, 
8, 8, ARMY,, 
8, 8, ARMY,, 
8, 8, ARMY,, UNIT_SETTLER 2 3,UNIT_BUILDER 2 0,UNIT_SCOUT 2 0,UNIT_WARRIOR 1 0,
8, 8, ARMY,, UNIT_SETTLER 2 3,UNIT_BUILDER 1 2,UNIT_SCOUT 4 0,UNIT_WARRIOR 1 0,
8, 8, ARMY,, UNIT_SETTLER 2 1,UNIT_BUILDER 1 0,UNIT_SCOUT 3 0,UNIT_WARRIOR 1 0,
8, 8, ARMY,, UNIT_SETTLER 3 7,UNIT_BUILDER 2 0,UNIT_SCOUT 3 0,UNIT_WARRIOR 1 0,
8, 8, ARMY,, UNIT_SETTLER 3 7,UNIT_BUILDER 3 0,UNIT_SCOUT 3 0,UNIT_WARRIOR 1 0,
8, 8, ARMY,, 
8, 8, ARMY,, UNIT_BUILDER 1 0,UNIT_WARRIOR 2 1,
8, 8, ARMY,, 
8, 8, ARMY,, 
8, 8, ARMY,, 
8, 8, ARMY,, 
8, 8, ARMY,, 
8, 8, ARMY,, 
8, 8, ARMY,, 
8, 8, ARMY,, 
8, 8, ARMY,, 
8, 8, ARMY,, 
8, 8, ARMY,, 
8, 8, ARMY,, 
8, 9, START LOG, , YIELD_FOOD 6.58 +/- 2.75,YIELD_PRODUCTION 13.48 +/- 6.70,YIELD_GOLD 5.39 +/- 4.76,YIELD_SCIENCE 1.78 +/- 1.39,YIELD_CULTURE 1.48 +/- 1.43,YIELD_FAITH 1.20 +/- 2.04,
8, 9, TRADE, TO -1, VAL 0.00
8, 9, CITY, 23:15, 0, 2, 100, 29.00, 1, 1, 3, 51, 0, Is original capital, Is capital
8, 9, CITY, 11:43, 0, 4, 100, 29.00, 1, 1, 3, 58, 0, Is original capital, Is capital
8, 9, CITY, 13:58, 0, 3, 100, 21.00, 1, 1, 3, 49, 0, Is original capital, Is capital
8, 9, CITY, 26:70, 0, 3, 100, 21.00, 1, 1, 3, 45, 0, Is original capital, Is capital
8, 9, CITY, 38:8, 0, 2, 100, 29.00, 1, 1, 3, 44, 1, Is original capital, Is capital
8, 9, CITY, 21:18, 0, 1, 100, 20.00, 1, 1, 0, 15, 0, Not original capital, Not capital
8, 9, CITY, 22:55, 0, 3, 100, 40.00, 1, 1, 8, 23, 0, Is original capital, Is capital
8, 9, CITY, 9:57, 0, 1, 100, 20.00, 1, 1, 10, 16, 1, Not original capital, Not capital
8, 9, CITY, 23:72, 0, 2, 100, 20.00, 1, 1, 0, 21, 1, Not original capital, Not capital
8, 9, CITY, 35:10, 0, 1, 100, 20.00, 1, 1, 0, 15, 0, Not original capital, Not capital
8, 9, CITY, 21:22, 0, 1, 100, 0.00, 1, 1, 0, 13, 0, Not original capital, Not capital
8, 9, CITY, 10:39, 0, 1, 100, 0.00, 1, 1, 0, 12, 0, Not original capital, Not capital
8, 9, ARMY,, 
8, 9, ARMY,, 
8, 9, ARMY,, 
8, 9, ARMY,, 
8, 9, ARMY,, 
8, 9, ARMY,, UNIT_SETTLER 2 3,UNIT_BUILDER 2 0,UNIT_SCOUT 2 0,UNIT_WARRIOR 1 0,
8, 9, ARMY,, UNIT_SETTLER 2 3,UNIT_BUILDER 1 2,UNIT_SCOUT 4 0,UNIT_WARRIOR 1 0,
8, 9, ARMY,, UNIT_SETTLER 2 1,UNIT_BUILDER 1 0,UNIT_SCOUT 3 0,UNIT_WARRIOR 1 0,
8, 9, ARMY,, UNIT_SETTLER 3 4,UNIT_BUILDER 3 0,UNIT_SCOUT 4 0,UNIT_WARRIOR 1 0,
8, 9, ARMY,, UNIT_SETTLER 3 7,UNIT_BUILDER 3 0,UNIT_SCOUT 3 0,UNIT_WARRIOR 1 0,
8, 9, ARMY,, 
8, 9, ARMY,, UNIT_BUILDER 1 0,UNIT_WARRIOR 2 1,
8, 9, ARMY,, 
8, 9, ARMY,, 
8, 9, ARMY,, 
8, 9, ARMY,, 
8, 9, ARMY,, 
8, 9, ARMY,, 
8, 9, ARMY,, 
8, 9, ARMY,, 
8, 9, ARMY,, 
8, 9, ARMY,, 
8, 9, ARMY,, 
8, 9, ARMY,, 
8, 10, START LOG, , YIELD_FOOD 0.00 +/- 0.00,YIELD_PRODUCTION 0.00 +/- 0.00,YIELD_GOLD 0.00 +/- 0.00,YIELD_SCIENCE 0.00 +/- 0.00,YIELD_CULTURE 0.00 +/- 0.00,YIELD_FAITH 0.00 +/- 0.00,
8, 10, TRADE, TO -1, VAL 0.00
8, 10, CITY, 70:15, 0, 2, 100, 40.00, 1, 1, 8, 21, 0, Is original capital, Is capital
8, 10, ARMY,, 
8, 10, ARMY,, 
8, 10, ARMY,, 
8, 10, ARMY,, 
8, 10, ARMY,, 
8, 10, ARMY,, 
8, 10, ARMY,, 
8, 10, ARMY,, 
8, 10, ARMY,, 
8, 10, ARMY,, 
8, 10, ARMY,, UNIT_SETTLER 1 7,UNIT_BUILDER 1 0,UNIT_WARRIOR 2 0,
8, 10, ARMY,, 
8, 10, ARMY,, 
8, 10, ARMY,, 
8, 10, ARMY,, 
8, 10, ARMY,, 
8, 10, ARMY,, 
8, 10, ARMY,, 
8, 10, ARMY,, 
8, 10, ARMY,, 
8, 10, ARMY,, 
8, 10, ARMY,, 
8, 10, ARMY,, 
8, 10, ARMY,, 
8, 11, START LOG, , YIELD_FOOD 0.00 +/- 0.00,YIELD_PRODUCTION 0.00 +/- 0.00,YIELD_GOLD 0.00 +/- 0.00,YIELD_SCIENCE 0.00 +/- 0.00,YIELD_CULTURE 0.00 +/- 0.00,YIELD_FAITH 0.00 +/- 0.00,
8, 11, TRADE, TO -1, VAL 2.50
8, 11, CITY, 22:55, 0, 3, 100, 40.00, 1, 1, 8, 23, 0, Is original capital, Is capital
8, 11, ARMY,, 
8, 11, ARMY,, 
8, 11, ARMY,, 
8, 11, ARMY,, 
8, 11, ARMY,, 
8, 11, ARMY,, UNIT_SCOUT 1 0,
8, 11, ARMY,, 
8, 11, ARMY,, 
8, 11, ARMY,, 
8, 11, ARMY,, 
8, 11, ARMY,, 
8, 11, ARMY,, UNIT_SETTLER 1 7,UNIT_BUILDER 1 0,UNIT_WARRIOR 2 0,
8, 11, ARMY,, 
8, 11, ARMY,, 
8, 11, ARMY,, 
8, 11, ARMY,, 
8, 11, ARMY,, 
8, 11, ARMY,, 
8, 11, ARMY,, 
8, 11, ARMY,, 
8, 11, ARMY,, 
8, 11, ARMY,, 
8, 11, ARMY,, 
8, 11, ARMY,, 
8, 12, START LOG, , YIELD_FOOD 0.00 +/- 0.00,YIELD_PRODUCTION 0.00 +/- 0.00,YIELD_GOLD 0.00 +/- 0.00,YIELD_SCIENCE 0.00 +/- 0.00,YIELD_CULTURE 0.00 +/- 0.00,YIELD_FAITH 0.00 +/- 0.00,
8, 12, TRADE, TO -1, VAL 1.80
8, 12, CITY, 66:72, 0, 3, 100, 40.00, 1, 1, 8, 23, 0, Is original capital, Is capital
8, 12, ARMY,, 
8, 12, ARMY,, 
8, 12, ARMY,, 
8, 12, ARMY,, 
8, 12, ARMY,, 
8, 12, ARMY,, 
8, 12, ARMY,, 
8, 12, ARMY,, 
8, 12, ARMY,, 
8, 12, ARMY,, 
8, 12, ARMY,, 
8, 12, ARMY,, 
8, 12, ARMY,, UNIT_SETTLER 1 7,UNIT_BUILDER 1 0,UNIT_WARRIOR 2 0,
8, 12, ARMY,, 
8, 12, ARMY,, 
8, 12, ARMY,, 
8, 12, ARMY,, 
8, 12, ARMY,, 
8, 12, ARMY,, 
8, 12, ARMY,, 
8, 12, ARMY,, 
8, 12, ARMY,, UNIT_SETTLER 1 6,UNIT_WARRIOR 2 1,
8, 12, ARMY,, 
8, 12, ARMY,, 
8, 13, START LOG, , YIELD_FOOD 0.00 +/- 0.00,YIELD_PRODUCTION 0.00 +/- 0.00,YIELD_GOLD 0.00 +/- 0.00,YIELD_SCIENCE 0.00 +/- 0.00,YIELD_CULTURE 0.00 +/- 0.00,YIELD_FAITH 0.00 +/- 0.00,
8, 13, TRADE, TO -1, VAL 0.00
8, 13, CITY, 57:2, 0, 3, 100, 40.00, 1, 1, 13, 24, 1, Is original capital, Is capital
8, 13, ARMY,, 
8, 13, ARMY,, 
8, 13, ARMY,, 
8, 13, ARMY,, 
8, 13, ARMY,, 
8, 13, ARMY,, 
8, 13, ARMY,, 
8, 13, ARMY,, 
8, 13, ARMY,, 
8, 13, ARMY,, 
8, 13, ARMY,, 
8, 13, ARMY,, 
8, 13, ARMY,, 
8, 13, ARMY,, UNIT_SETTLER 1 7,UNIT_BUILDER 1 0,UNIT_WARRIOR 2 0,
8, 13, ARMY,, 
8, 13, ARMY,, 
8, 13, ARMY,, 
8, 13, ARMY,, 
8, 13, ARMY,, 
8, 13, ARMY,, 
8, 13, ARMY,, 
8, 13, ARMY,, 
8, 13, ARMY,, 
8, 13, ARMY,, 
8, 14, START LOG, , YIELD_FOOD 0.00 +/- 0.00,YIELD_PRODUCTION 0.00 +/- 0.00,YIELD_GOLD 0.00 +/- 0.00,YIELD_SCIENCE 0.00 +/- 0.00,YIELD_CULTURE 0.00 +/- 0.00,YIELD_FAITH 0.00 +/- 0.00,
8, 14, TRADE, TO -1, VAL 0.00
8, 14, CITY, 2:26, 0, 2, 100, 40.00, 1, 1, 8, 20, 0, Is original capital, Is capital
8, 14, ARMY,, 
8, 14, ARMY,, 
8, 14, ARMY,, 
8, 14, ARMY,, 
8, 14, ARMY,, 
8, 14, ARMY,, 
8, 14, ARMY,, 
8, 14, ARMY,, 
8, 14, ARMY,, 
8, 14, ARMY,, 
8, 14, ARMY,, 
8, 14, ARMY,, 
8, 14, ARMY,, 
8, 14, ARMY,, 
8, 14, ARMY,, UNIT_SETTLER 1 7,UNIT_BUILDER 1 0,UNIT_WARRIOR 2 0,
8, 14, ARMY,, 
8, 14, ARMY,, 
8, 14, ARMY,, 
8, 14, ARMY,, 
8, 14, ARMY,, 
8, 14, ARMY,, 
8, 14, ARMY,, 
8, 14, ARMY,, 
8, 14, ARMY,, 
8, 15, START LOG, , YIELD_FOOD 0.00 +/- 0.00,YIELD_PRODUCTION 0.00 +/- 0.00,YIELD_GOLD 0.00 +/- 0.00,YIELD_SCIENCE 0.00 +/- 0.00,YIELD_CULTURE 0.00 +/- 0.00,YIELD_FAITH 0.00 +/- 0.00,
8, 15, TRADE, TO -1, VAL 0.00
8, 15, CITY, 60:23, 0, 2, 100, 40.00, 1, 1, 8, 21, 0, Is original capital, Is capital
8, 15, ARMY,, 
8, 15, ARMY,, 
8, 15, ARMY,, 
8, 15, ARMY,, 
8, 15, ARMY,, 
8, 15, ARMY,, 
8, 15, ARMY,, 
8, 15, ARMY,, 
8, 15, ARMY,, 
8, 15, ARMY,, 
8, 15, ARMY,, 
8, 15, ARMY,, 
8, 15, ARMY,, 
8, 15, ARMY,, 
8, 15, ARMY,, 
8, 15, ARMY,, UNIT_SETTLER 1 7,UNIT_BUILDER 1 0,UNIT_WARRIOR 2 0,
8, 15, ARMY,, 
8, 15, ARMY,, 
8, 15, ARMY,, 
8, 15, ARMY,, 
8, 15, ARMY,, 
8, 15, ARMY,, 
8, 15, ARMY,, 
8, 15, ARMY,, 
8, 16, START LOG, , YIELD_FOOD 0.00 +/- 0.00,YIELD_PRODUCTION 0.00 +/- 0.00,YIELD_GOLD 0.00 +/- 0.00,YIELD_SCIENCE 0.00 +/- 0.00,YIELD_CULTURE 0.00 +/- 0.00,YIELD_FAITH 0.00 +/- 0.00,
8, 16, TRADE, TO -1, VAL 0.00
8, 16, CITY, 8:23, 0, 3, 100, 40.00, 1, 1, 8, 25, 0, Is original capital, Is capital
8, 16, ARMY,, 
8, 16, ARMY,, 
8, 16, ARMY,, 
8, 16, ARMY,, 
8, 16, ARMY,, 
8, 16, ARMY,, 
8, 16, ARMY,, 
8, 16, ARMY,, 
8, 16, ARMY,, 
8, 16, ARMY,, 
8, 16, ARMY,, 
8, 16, ARMY,, 
8, 16, ARMY,, 
8, 16, ARMY,, 
8, 16, ARMY,, 
8, 16, ARMY,, 
8, 16, ARMY,, UNIT_SETTLER 1 7,UNIT_BUILDER 1 0,UNIT_WARRIOR 2 0,
8, 16, ARMY,, 
8, 16, ARMY,, 
8, 16, ARMY,, 
8, 16, ARMY,, 
8, 16, ARMY,, 
8, 16, ARMY,, 
8, 16, ARMY,, 
8, 17, START LOG, , YIELD_FOOD 0.00 +/- 0.00,YIELD_PRODUCTION 0.00 +/- 0.00,YIELD_GOLD 0.00 +/- 0.00,YIELD_SCIENCE 0.00 +/- 0.00,YIELD_CULTURE 0.00 +/- 0.00,YIELD_FAITH 0.00 +/- 0.00,
8, 17, TRADE, TO -1, VAL 0.00
8, 17, CITY, 59:74, 0, 2, 100, 40.00, 1, 1, 8, 21, 0, Is original capital, Is capital
8, 17, ARMY,, 
8, 17, ARMY,, 
8, 17, ARMY,, 
8, 17, ARMY,, 
8, 17, ARMY,, 
8, 17, ARMY,, 
8, 17, ARMY,, 
8, 17, ARMY,, 
8, 17, ARMY,, 
8, 17, ARMY,, 
8, 17, ARMY,, 
8, 17, ARMY,, 
8, 17, ARMY,, 
8, 17, ARMY,, 
8, 17, ARMY,, 
8, 17, ARMY,, 
8, 17, ARMY,, 
8, 17, ARMY,, UNIT_SETTLER 1 7,UNIT_BUILDER 1 0,UNIT_WARRIOR 2 0,
8, 17, ARMY,, 
8, 17, ARMY,, 
8, 17, ARMY,, 
8, 17, ARMY,, 
8, 17, ARMY,, 
8, 17, ARMY,, 
8, 18, START LOG, , YIELD_FOOD 0.00 +/- 0.00,YIELD_PRODUCTION 0.00 +/- 0.00,YIELD_GOLD 0.00 +/- 0.00,YIELD_SCIENCE 0.00 +/- 0.00,YIELD_CULTURE 0.00 +/- 0.00,YIELD_FAITH 0.00 +/- 0.00,
8, 18, TRADE, TO -1, VAL 0.00
8, 18, CITY, 35:74, 0, 3, 100, 40.00, 1, 1, 8, 22, 0, Is original capital, Is capital
8, 18, ARMY,, 
8, 18, ARMY,, 
8, 18, ARMY,, 
8, 18, ARMY,, 
8, 18, ARMY,, 
8, 18, ARMY,, 
8, 18, ARMY,, 
8, 18, ARMY,, 
8, 18, ARMY,, 
8, 18, ARMY,, 
8, 18, ARMY,, 
8, 18, ARMY,, 
8, 18, ARMY,, 
8, 18, ARMY,, 
8, 18, ARMY,, 
8, 18, ARMY,, 
8, 18, ARMY,, 
8, 18, ARMY,, 
8, 18, ARMY,, UNIT_SETTLER 1 7,UNIT_BUILDER 1 0,UNIT_WARRIOR 2 0,
8, 18, ARMY,, 
8, 18, ARMY,, 
8, 18, ARMY,, 
8, 18, ARMY,, 
8, 18, ARMY,, 
8, 19, START LOG, , YIELD_FOOD 0.00 +/- 0.00,YIELD_PRODUCTION 0.00 +/- 0.00,YIELD_GOLD 0.00 +/- 0.00,YIELD_SCIENCE 0.00 +/- 0.00,YIELD_CULTURE 0.00 +/- 0.00,YIELD_FAITH 0.00 +/- 0.00,
8, 19, TRADE, TO -1, VAL 0.00
8, 19, CITY, 15:70, 0, 2, 100, 40.00, 1, 1, 8, 20, 0, Is original capital, Is capital
8, 19, ARMY,, 
8, 19, ARMY,, 
8, 19, ARMY,, 
8, 19, ARMY,, 
8, 19, ARMY,, 
8, 19, ARMY,, 
8, 19, ARMY,, 
8, 19, ARMY,, 
8, 19, ARMY,, 
8, 19, ARMY,, 
8, 19, ARMY,, 
8, 19, ARMY,, 
8, 19, ARMY,, 
8, 19, ARMY,, 
8, 19, ARMY,, 
8, 19, ARMY,, 
8, 19, ARMY,, 
8, 19, ARMY,, 
8, 19, ARMY,, 
8, 19, ARMY,, UNIT_SETTLER 1 7,UNIT_BUILDER 1 0,UNIT_WARRIOR 2 0,
8, 19, ARMY,, 
8, 19, ARMY,, 
8, 19, ARMY,, 
8, 19, ARMY,, 
8, 20, START LOG, , YIELD_FOOD 0.00 +/- 0.00,YIELD_PRODUCTION 0.00 +/- 0.00,YIELD_GOLD 0.00 +/- 0.00,YIELD_SCIENCE 0.00 +/- 0.00,YIELD_CULTURE 0.00 +/- 0.00,YIELD_FAITH 0.00 +/- 0.00,
8, 20, TRADE, TO -1, VAL 0.00
8, 20, CITY, 68:27, 0, 3, 100, 40.00, 1, 1, 8, 23, 0, Is original capital, Is capital
8, 20, ARMY,, 
8, 20, ARMY,, 
8, 20, ARMY,, 
8, 20, ARMY,, 
8, 20, ARMY,, 
8, 20, ARMY,, 
8, 20, ARMY,, 
8, 20, ARMY,, 
8, 20, ARMY,, 
8, 20, ARMY,, 
8, 20, ARMY,, 
8, 20, ARMY,, 
8, 20, ARMY,, 
8, 20, ARMY,, 
8, 20, ARMY,, 
8, 20, ARMY,, 
8, 20, ARMY,, 
8, 20, ARMY,, 
8, 20, ARMY,, 
8, 20, ARMY,, 
8, 20, ARMY,, UNIT_SETTLER 1 7,UNIT_BUILDER 1 0,UNIT_WARRIOR 2 0,
8, 20, ARMY,, 
8, 20, ARMY,, 
8, 20, ARMY,, 
8, 21, START LOG, , YIELD_FOOD 7.00 +/- 0.00,YIELD_PRODUCTION 3.50 +/- 0.71,YIELD_GOLD 5.00 +/- 0.00,YIELD_SCIENCE 3.00 +/- 0.00,YIELD_CULTURE 1.50 +/- 0.71,YIELD_FAITH 0.00 +/- 0.00,
8, 21, TRADE, TO -1, VAL 1.80
8, 21, CITY, 66:72, 0, 3, 100, 40.00, 1, 1, 13, 23, 0, Is original capital, Is capital
8, 21, CITY, 66:68, 0, 2, 100, 35.08, 1, 1, 8, 20, 0, Is original capital, Is capital
8, 21, ARMY,, 
8, 21, ARMY,, 
8, 21, ARMY,, UNIT_SCOUT 1 0,
8, 21, ARMY,, 
8, 21, ARMY,, 
8, 21, ARMY,, 
8, 21, ARMY,, 
8, 21, ARMY,, 
8, 21, ARMY,, 
8, 21, ARMY,, 
8, 21, ARMY,, 
8, 21, ARMY,, 
8, 21, ARMY,, UNIT_BUILDER 1 1,UNIT_WARRIOR 2 1,
8, 21, ARMY,, 
8, 21, ARMY,, 
8, 21, ARMY,, 
8, 21, ARMY,, 
8, 21, ARMY,, 
8, 21, ARMY,, 
8, 21, ARMY,, 
8, 21, ARMY,, 
8, 21, ARMY,, UNIT_SETTLER 1 4,UNIT_BUILDER 1 0,UNIT_WARRIOR 2 0,
8, 21, ARMY,, 
8, 21, ARMY,, 
8, 62, START LOG, , YIELD_FOOD 0.00 +/- 0.00,YIELD_PRODUCTION 0.00 +/- 0.00,YIELD_GOLD 0.00 +/- 0.00,YIELD_SCIENCE 0.00 +/- 0.00,YIELD_CULTURE 0.00 +/- 0.00,YIELD_FAITH 0.00 +/- 0.00,
8, 62, TRADE, TO -1, VAL 2.25
8, 62, ARMY,, 
8, 62, ARMY,, 
8, 62, ARMY,, 
8, 62, ARMY,, 
8, 62, ARMY,, 
8, 62, ARMY,, 
8, 62, ARMY,, 
8, 62, ARMY,, 
8, 62, ARMY,, 
8, 62, ARMY,, 
8, 62, ARMY,, 
8, 62, ARMY,, 
8, 62, ARMY,, 
8, 62, ARMY,, 
8, 62, ARMY,, 
8, 62, ARMY,, 
8, 62, ARMY,, 
8, 62, ARMY,, 
8, 62, ARMY,, 
8, 62, ARMY,, 
8, 62, ARMY,, 
8, 62, ARMY,, 
8, 62, ARMY,, 
8, 62, ARMY,, 
8, 63, START LOG, , YIELD_FOOD 0.00 +/- 0.00,YIELD_PRODUCTION 0.00 +/- 0.00,YIELD_GOLD 0.00 +/- 0.00,YIELD_SCIENCE 0.00 +/- 0.00,YIELD_CULTURE 0.00 +/- 0.00,YIELD_FAITH 0.00 +/- 0.00,
8, 63, TRADE, TO -1, VAL 0.00
8, 63, ARMY,, 
8, 63, ARMY,, 
8, 63, ARMY,, 
8, 63, ARMY,, 
8, 63, ARMY,, 
8, 63, ARMY,, 
8, 63, ARMY,, 
8, 63, ARMY,, 
8, 63, ARMY,, 
8, 63, ARMY,, 
8, 63, ARMY,, 
8, 63, ARMY,, 
8, 63, ARMY,, 
8, 63, ARMY,, 
8, 63, ARMY,, 
8, 63, ARMY,, 
8, 63, ARMY,, 
8, 63, ARMY,, 
8, 63, ARMY,, 
8, 63, ARMY,, 
8, 63, ARMY,, 
8, 63, ARMY,, 
8, 63, ARMY,, 
8, 63, ARMY,, 
8, 0, START LOG, , YIELD_FOOD 6.71 +/- 0.47,YIELD_PRODUCTION 6.99 +/- 2.58,YIELD_GOLD 5.98 +/- 1.52,YIELD_SCIENCE 3.27 +/- 0.48,YIELD_CULTURE 1.27 +/- 0.48,YIELD_FAITH 0.57 +/- 0.78,
8, 0, TRADE, TO -1, VAL 0.00
8, 0, CITY, 52:17, 0, 2, 100, 28.00, 1, 1, 3, 27, 1, Is original capital, Is capital
8, 0, CITY, 76:38, 0, 3, 100, 28.00, 1, 1, 3, 33, 0, Is original capital, Is capital
8, 0, CITY, 73:49, 0, 2, 100, 28.00, 1, 1, 3, 27, 0, Is original capital, Is capital
8, 0, CITY, 69:63, 0, 2, 100, 28.00, 1, 1, 3, 24, 0, Is original capital, Is capital
8, 0, CITY, 43:77, 0, 2, 100, 31.00, 1, 1, 3, 26, 1, Is original capital, Is capital
8, 0, CITY, 66:68, 0, 2, 100, 35.08, 1, 1, 8, 20, 0, Is original capital, Is capital
8, 0, CITY, 66:72, 0, 3, 100, 40.00, 1, 1, 13, 23, 0, Is original capital, Is capital
8, 0, ARMY,, UNIT_SETTLER 2 9,UNIT_BUILDER 1 0,UNIT_SCOUT 1 0,UNIT_WARRIOR 1 0,UNIT_VAMPIRE 1 0,
8, 0, ARMY,, UNIT_SETTLER 1 9,UNIT_WARRIOR 1 0,UNIT_BABYLONIAN_SABUM_KIBITTUM 2 0,
8, 0, ARMY,, UNIT_SETTLER 1 9,UNIT_SCOUT 2 0,UNIT_WARRIOR 1 0,
8, 0, ARMY,, UNIT_SETTLER 1 9,UNIT_SCOUT 1 0,UNIT_WARRIOR 1 0,
8, 0, ARMY,, UNIT_SETTLER 1 9,UNIT_BUILDER 1 0,UNIT_SCOUT 2 0,UNIT_WARRIOR 1 0,UNIT_VAMPIRE 1 0,
8, 0, ARMY,, 
8, 0, ARMY,, 
8, 0, ARMY,, 
8, 0, ARMY,, 
8, 0, ARMY,, 
8, 0, ARMY,, 
8, 0, ARMY,, 
8, 0, ARMY,, 
8, 0, ARMY,, 
8, 0, ARMY,, 
8, 0, ARMY,, 
8, 0, ARMY,, 
8, 0, ARMY,, 
8, 0, ARMY,, 
8, 0, ARMY,, 
8, 0, ARMY,, 
8, 0, ARMY,, UNIT_BUILDER 1 0,
8, 0, ARMY,, 
8, 0, ARMY,, 
8, 1, START LOG, , YIELD_FOOD 6.71 +/- 0.47,YIELD_PRODUCTION 6.99 +/- 2.58,YIELD_GOLD 5.98 +/- 1.52,YIELD_SCIENCE 3.27 +/- 0.48,YIELD_CULTURE 1.27 +/- 0.48,YIELD_FAITH 0.57 +/- 0.78,
8, 1, TRADE, TO -1, VAL 0.00
8, 1, CITY, 52:17, 0, 2, 100, 28.00, 1, 1, 3, 27, 1, Is original capital, Is capital
8, 1, CITY, 76:38, 0, 3, 100, 28.00, 1, 1, 3, 33, 0, Is original capital, Is capital
8, 1, CITY, 73:49, 0, 2, 100, 28.00, 1, 1, 3, 27, 0, Is original capital, Is capital
8, 1, CITY, 69:63, 0, 2, 100, 28.00, 1, 1, 3, 24, 0, Is original capital, Is capital
8, 1, CITY, 43:77, 0, 2, 100, 31.00, 1, 1, 3, 26, 1, Is original capital, Is capital
8, 1, CITY, 66:68, 0, 2, 100, 35.08, 1, 1, 8, 20, 0, Is original capital, Is capital
8, 1, CITY, 66:72, 0, 3, 100, 40.00, 1, 1, 13, 23, 0, Is original capital, Is capital
8, 1, ARMY,, UNIT_SETTLER 2 7,UNIT_BUILDER 1 0,UNIT_SCOUT 1 0,UNIT_WARRIOR 1 0,UNIT_VAMPIRE 1 0,
8, 1, ARMY,, UNIT_SETTLER 1 7,UNIT_WARRIOR 1 0,UNIT_BABYLONIAN_SABUM_KIBITTUM 2 0,
8, 1, ARMY,, UNIT_SETTLER 1 7,UNIT_SCOUT 2 0,UNIT_WARRIOR 1 0,
8, 1, ARMY,, UNIT_SETTLER 1 7,UNIT_SCOUT 1 0,UNIT_WARRIOR 1 0,
8, 1, ARMY,, UNIT_SETTLER 1 7,UNIT_BUILDER 1 0,UNIT_SCOUT 2 0,UNIT_WARRIOR 1 0,UNIT_VAMPIRE 1 0,
8, 1, ARMY,, 
8, 1, ARMY,, 
8, 1, ARMY,, 
8, 1, ARMY,, 
8, 1, ARMY,, 
8, 1, ARMY,, 
8, 1, ARMY,, 
8, 1, ARMY,, 
8, 1, ARMY,, 
8, 1, ARMY,, 
8, 1, ARMY,, 
8, 1, ARMY,, 
8, 1, ARMY,, 
8, 1, ARMY,, 
8, 1, ARMY,, 
8, 1, ARMY,, 
8, 1, ARMY,, UNIT_BUILDER 1 0,
8, 1, ARMY,, 
8, 1, ARMY,, 
8, 2, START LOG, , YIELD_FOOD 7.28 +/- 1.25,YIELD_PRODUCTION 6.85 +/- 2.40,YIELD_GOLD 5.98 +/- 1.52,YIELD_SCIENCE 3.27 +/- 0.48,YIELD_CULTURE 1.27 +/- 0.48,YIELD_FAITH 0.57 +/- 0.78,
8, 2, TRADE, TO -1, VAL 0.00
8, 2, CITY, 52:17, 0, 2, 100, 28.00, 1, 1, 3, 27, 1, Is original capital, Is capital
8, 2, CITY, 76:38, 0, 3, 100, 28.00, 1, 1, 3, 33, 0, Is original capital, Is capital
8, 2, CITY, 73:49, 0, 2, 100, 28.00, 1, 1, 3, 27, 0, Is original capital, Is capital
8, 2, CITY, 69:63, 0, 2, 100, 28.00, 1, 1, 3, 24, 0, Is original capital, Is capital
8, 2, CITY, 43:77, 0, 2, 100, 31.00, 1, 1, 3, 26, 1, Is original capital, Is capital
8, 2, CITY, 66:68, 0, 2, 100, 35.08, 1, 1, 8, 20, 0, Is original capital, Is capital
8, 2, CITY, 66:72, 0, 3, 100, 40.00, 1, 1, 13, 23, 0, Is original capital, Is capital
8, 2, ARMY,, UNIT_SETTLER 2 10,UNIT_BUILDER 1 0,UNIT_SCOUT 1 0,UNIT_WARRIOR 1 0,UNIT_VAMPIRE 1 0,
8, 2, ARMY,, UNIT_SETTLER 1 10,UNIT_WARRIOR 1 0,UNIT_BABYLONIAN_SABUM_KIBITTUM 2 0,
8, 2, ARMY,, UNIT_SETTLER 1 10,UNIT_SCOUT 2 0,UNIT_WARRIOR 1 0,
8, 2, ARMY,, UNIT_SETTLER 1 10,UNIT_SCOUT 1 0,UNIT_WARRIOR 1 0,
8, 2, ARMY,, UNIT_SETTLER 1 10,UNIT_BUILDER 1 0,UNIT_SCOUT 2 0,UNIT_WARRIOR 1 0,UNIT_VAMPIRE 1 0,
8, 2, ARMY,, 
8, 2, ARMY,, 
8, 2, ARMY,, 
8, 2, ARMY,, 
8, 2, ARMY,, 
8, 2, ARMY,, 
8, 2, ARMY,, 
8, 2, ARMY,, 
8, 2, ARMY,, 
8, 2, ARMY,, 
8, 2, ARMY,, 
8, 2, ARMY,, 
8, 2, ARMY,, 
8, 2, ARMY,, 
8, 2, ARMY,, 
8, 2, ARMY,, 
8, 2, ARMY,, UNIT_BUILDER 1 0,
8, 2, ARMY,, 
8, 2, ARMY,, 
8, 3, START LOG, , YIELD_FOOD 7.14 +/- 1.34,YIELD_PRODUCTION 6.99 +/- 2.58,YIELD_GOLD 5.98 +/- 1.52,YIELD_SCIENCE 3.27 +/- 0.48,YIELD_CULTURE 1.27 +/- 0.48,YIELD_FAITH 0.57 +/- 0.78,
8, 3, TRADE, TO -1, VAL 0.00
8, 3, CITY, 52:17, 0, 2, 100, 28.00, 1, 1, 3, 27, 1, Is original capital, Is capital
8, 3, CITY, 76:38, 0, 3, 100, 28.00, 1, 1, 3, 33, 0, Is original capital, Is capital
8, 3, CITY, 69:63, 0, 2, 100, 28.00, 1, 1, 3, 24, 0, Is original capital, Is capital
8, 3, CITY, 43:77, 0, 2, 100, 31.00, 1, 1, 3, 26, 1, Is original capital, Is capital
8, 3, CITY, 73:49, 0, 2, 100, 28.00, 1, 1, 3, 27, 0, Is original capital, Is capital
8, 3, CITY, 66:68, 0, 2, 100, 35.08, 1, 1, 8, 20, 0, Is original capital, Is capital
8, 3, CITY, 66:72, 0, 3, 100, 40.00, 1, 1, 13, 23, 0, Is original capital, Is capital
8, 3, ARMY,, UNIT_SETTLER 2 8,UNIT_BUILDER 1 0,UNIT_SCOUT 1 0,UNIT_WARRIOR 1 0,UNIT_VAMPIRE 1 0,
8, 3, ARMY,, UNIT_SETTLER 1 8,UNIT_WARRIOR 1 0,UNIT_BABYLONIAN_SABUM_KIBITTUM 2 0,
8, 3, ARMY,, UNIT_SETTLER 1 8,UNIT_SCOUT 2 0,UNIT_WARRIOR 1 0,
8, 3, ARMY,, UNIT_SETTLER 1 8,UNIT_SCOUT 1 0,UNIT_WARRIOR 1 0,
8, 3, ARMY,, UNIT_SETTLER 1 8,UNIT_BUILDER 1 0,UNIT_SCOUT 2 0,UNIT_WARRIOR 1 0,UNIT_VAMPIRE 1 0,
8, 3, ARMY,, 
8, 3, ARMY,, 
8, 3, ARMY,, 
8, 3, ARMY,, 
8, 3, ARMY,, 
8, 3, ARMY,, 
8, 3, ARMY,, 
8, 3, ARMY,, 
8, 3, ARMY,, 
8, 3, ARMY,, 
8, 3, ARMY,, 
8, 3, ARMY,, 
8, 3, ARMY,, 
8, 3, ARMY,, 
8, 3, ARMY,, 
8, 3, ARMY,, 
8, 3, ARMY,, UNIT_BUILDER 1 0,
8, 3, ARMY,, 
8, 3, ARMY,, 
8, 4, START LOG, , YIELD_FOOD 7.14 +/- 1.34,YIELD_PRODUCTION 6.99 +/- 2.58,YIELD_GOLD 5.98 +/- 1.52,YIELD_SCIENCE 3.27 +/- 0.48,YIELD_CULTURE 1.27 +/- 0.48,YIELD_FAITH 0.57 +/- 0.78,
8, 4, TRADE, TO -1, VAL 0.00
8, 4, CITY, 52:17, 0, 2, 100, 28.00, 1, 1, 3, 27, 1, Is original capital, Is capital
8, 4, CITY, 76:38, 0, 3, 100, 28.00, 1, 1, 3, 33, 0, Is original capital, Is capital
8, 4, CITY, 73:49, 0, 2, 100, 28.00, 1, 1, 3, 27, 0, Is original capital, Is capital
8, 4, CITY, 69:63, 0, 2, 100, 28.00, 1, 1, 3, 24, 0, Is original capital, Is capital
8, 4, CITY, 43:77, 0, 2, 100, 31.00, 1, 1, 3, 26, 1, Is original capital, Is capital
8, 4, CITY, 66:68, 0, 2, 100, 35.08, 1, 1, 8, 20, 0, Is original capital, Is capital
8, 4, CITY, 66:72, 0, 3, 100, 40.00, 1, 1, 13, 23, 0, Is original capital, Is capital
8, 4, ARMY,, UNIT_SETTLER 2 7,UNIT_BUILDER 1 0,UNIT_SCOUT 1 0,UNIT_WARRIOR 1 0,UNIT_VAMPIRE 1 0,
8, 4, ARMY,, UNIT_SETTLER 1 7,UNIT_WARRIOR 1 0,UNIT_BABYLONIAN_SABUM_KIBITTUM 2 0,
8, 4, ARMY,, UNIT_SETTLER 1 7,UNIT_SCOUT 2 0,UNIT_WARRIOR 1 0,
8, 4, ARMY,, UNIT_SETTLER 1 7,UNIT_SCOUT 1 0,UNIT_WARRIOR 1 0,
8, 4, ARMY,, UNIT_SETTLER 2 7,UNIT_BUILDER 1 0,UNIT_SCOUT 2 0,UNIT_WARRIOR 1 0,UNIT_VAMPIRE 1 0,
8, 4, ARMY,, 
8, 4, ARMY,, 
8, 4, ARMY,, 
8, 4, ARMY,, 
8, 4, ARMY,, 
8, 4, ARMY,, 
8, 4, ARMY,, 
8, 4, ARMY,, 
8, 4, ARMY,, 
8, 4, ARMY,, 
8, 4, ARMY,, 
8, 4, ARMY,, 
8, 4, ARMY,, 
8, 4, ARMY,, 
8, 4, ARMY,, 
8, 4, ARMY,, 
8, 4, ARMY,, UNIT_BUILDER 1 0,
8, 4, ARMY,, 
8, 4, ARMY,, 
8, 3, START LOG, , YIELD_FOOD 7.13 +/- 1.77,YIELD_PRODUCTION 7.28 +/- 2.36,YIELD_GOLD 6.13 +/- 1.46,YIELD_SCIENCE 3.27 +/- 0.48,YIELD_CULTURE 1.27 +/- 0.48,YIELD_FAITH 0.57 +/- 0.78,
8, 3, TRADE, TO -1, VAL 0.00
8, 3, CITY, 52:17, 0, 2, 100, 28.00, 1, 1, 3, 26, 2, Is original capital, Is capital
8, 3, CITY, 76:38, 0, 3, 100, 28.00, 1, 1, 3, 34, 0, Is original capital, Is capital
8, 3, CITY, 69:63, 0, 2, 100, 28.00, 1, 1, 3, 24, 0, Is original capital, Is capital
8, 3, CITY, 43:77, 0, 2, 100, 31.00, 1, 1, 3, 28, 1, Is original capital, Is capital
8, 3, CITY, 73:49, 0, 2, 100, 28.00, 1, 1, 3, 27, 0, Is original capital, Is capital
8, 3, CITY, 66:68, 0, 2, 100, 35.08, 1, 1, 8, 20, 0, Is original capital, Is capital
8, 3, CITY, 66:72, 0, 3, 100, 40.00, 1, 1, 14, 23, 0, Is original capital, Is capital
8, 3, ARMY,, UNIT_SETTLER 2 9,UNIT_BUILDER 1 0,UNIT_SCOUT 1 0,UNIT_WARRIOR 1 0,UNIT_VAMPIRE 1 0,
8, 3, ARMY,, UNIT_SETTLER 1 9,UNIT_WARRIOR 1 0,UNIT_BABYLONIAN_SABUM_KIBITTUM 2 0,
8, 3, ARMY,, UNIT_SETTLER 1 9,UNIT_SCOUT 2 0,UNIT_WARRIOR 1 0,
8, 3, ARMY,, UNIT_SETTLER 1 9,UNIT_SCOUT 1 0,UNIT_WARRIOR 1 0,
8, 3, ARMY,, UNIT_SETTLER 2 9,UNIT_BUILDER 1 0,UNIT_SCOUT 2 0,UNIT_WARRIOR 1 0,UNIT_VAMPIRE 1 0,
8, 3, ARMY,, 
8, 3, ARMY,, 
8, 3, ARMY,, 
8, 3, ARMY,, 
8, 3, ARMY,, 
8, 3, ARMY,, 
8, 3, ARMY,, 
8, 3, ARMY,, UNIT_BUILDER 1 0,UNIT_WARRIOR 1 0,
8, 3, ARMY,, 
8, 3, ARMY,, 
8, 3, ARMY,, 
8, 3, ARMY,, 
8, 3, ARMY,, 
8, 3, ARMY,, 
8, 3, ARMY,, 
8, 3, ARMY,, 
8, 3, ARMY,, UNIT_BUILDER 1 1,UNIT_WARRIOR 1 0,
8, 3, ARMY,, 
8, 3, ARMY,, 
8, 2, START LOG, , YIELD_FOOD 7.13 +/- 1.77,YIELD_PRODUCTION 7.28 +/- 2.36,YIELD_GOLD 6.13 +/- 1.46,YIELD_SCIENCE 3.27 +/- 0.48,YIELD_CULTURE 1.27 +/- 0.48,YIELD_FAITH 0.57 +/- 0.78,
8, 2, TRADE, TO -1, VAL 0.00
8, 2, CITY, 52:17, 0, 2, 100, 28.00, 1, 1, 3, 26, 2, Is original capital, Is capital
8, 2, CITY, 76:38, 0, 3, 100, 28.00, 1, 1, 3, 34, 0, Is original capital, Is capital
8, 2, CITY, 73:49, 0, 2, 100, 28.00, 1, 1, 3, 27, 0, Is original capital, Is capital
8, 2, CITY, 69:63, 0, 2, 100, 28.00, 1, 1, 3, 24, 0, Is original capital, Is capital
8, 2, CITY, 43:77, 0, 2, 100, 31.00, 1, 1, 3, 28, 1, Is original capital, Is capital
8, 2, CITY, 66:68, 0, 2, 100, 35.08, 1, 1, 8, 20, 0, Is original capital, Is capital
8, 2, CITY, 66:72, 0, 3, 100, 40.00, 1, 1, 14, 23, 0, Is original capital, Is capital
8, 2, ARMY,, UNIT_SETTLER 2 11,UNIT_BUILDER 1 0,UNIT_SCOUT 1 0,UNIT_WARRIOR 1 0,UNIT_VAMPIRE 1 0,
8, 2, ARMY,, UNIT_SETTLER 1 11,UNIT_WARRIOR 1 0,UNIT_BABYLONIAN_SABUM_KIBITTUM 2 0,
8, 2, ARMY,, UNIT_SETTLER 1 11,UNIT_SCOUT 2 0,UNIT_WARRIOR 1 0,
8, 2, ARMY,, UNIT_SETTLER 1 11,UNIT_SCOUT 1 0,UNIT_WARRIOR 1 0,
8, 2, ARMY,, UNIT_SETTLER 2 11,UNIT_BUILDER 1 0,UNIT_SCOUT 2 0,UNIT_WARRIOR 1 0,UNIT_VAMPIRE 1 0,
8, 2, ARMY,, 
8, 2, ARMY,, 
8, 2, ARMY,, 
8, 2, ARMY,, 
8, 2, ARMY,, 
8, 2, ARMY,, 
8, 2, ARMY,, 
8, 2, ARMY,, UNIT_BUILDER 1 0,UNIT_WARRIOR 1 0,
8, 2, ARMY,, 
8, 2, ARMY,, 
8, 2, ARMY,, 
8, 2, ARMY,, 
8, 2, ARMY,, 
8, 2, ARMY,, 
8, 2, ARMY,, 
8, 2, ARMY,, 
8, 2, ARMY,, UNIT_BUILDER 1 1,UNIT_WARRIOR 1 0,
8, 2, ARMY,, 
8, 2, ARMY,, 
9, 5, START LOG, , YIELD_FOOD 7.18 +/- 3.11,YIELD_PRODUCTION 14.09 +/- 6.55,YIELD_GOLD 5.39 +/- 4.76,YIELD_SCIENCE 1.88 +/- 1.27,YIELD_CULTURE 1.68 +/- 1.48,YIELD_FAITH 1.20 +/- 2.04,
9, 5, TRADE, TO -1, VAL 0.00
9, 5, CITY, 26:70, 0, 3, 100, 21.00, 1, 1, 3, 46, 0, Is original capital, Is capital
9, 5, CITY, 38:8, 0, 2, 100, 29.00, 1, 1, 3, 44, 1, Is original capital, Is capital
9, 5, CITY, 23:15, 0, 2, 100, 29.00, 1, 1, 3, 51, 0, Is original capital, Is capital
9, 5, CITY, 11:43, 0, 4, 100, 29.00, 1, 1, 3, 58, 0, Is original capital, Is capital
9, 5, CITY, 13:58, 0, 3, 100, 21.00, 1, 1, 3, 49, 0, Is original capital, Is capital
9, 5, CITY, 21:18, 0, 1, 100, 20.00, 1, 1, 0, 15, 0, Not original capital, Not capital
9, 5, CITY, 22:55, 0, 3, 100, 40.00, 1, 1, 13, 23, 0, Is original capital, Is capital
9, 5, CITY, 23:72, 0, 2, 100, 20.00, 1, 1, 0, 21, 1, Not original capital, Not capital
9, 5, CITY, 9:57, 0, 1, 100, 20.00, 1, 1, 10, 16, 1, Not original capital, Not capital
9, 5, CITY, 35:10, 0, 1, 100, 20.00, 1, 1, 0, 15, 0, Not original capital, Not capital
9, 5, CITY, 21:22, 0, 1, 100, 0.00, 1, 1, 0, 13, 0, Not original capital, Not capital
9, 5, CITY, 10:39, 0, 1, 100, 0.00, 1, 1, 0, 12, 0, Not original capital, Not capital
9, 5, ARMY,, 
9, 5, ARMY,, 
9, 5, ARMY,, 
9, 5, ARMY,, 
9, 5, ARMY,, 
9, 5, ARMY,, UNIT_SETTLER 3 8,UNIT_BUILDER 2 0,UNIT_SCOUT 3 0,UNIT_WARRIOR 1 0,
9, 5, ARMY,, UNIT_SETTLER 3 8,UNIT_BUILDER 1 2,UNIT_SCOUT 4 0,UNIT_WARRIOR 1 0,
9, 5, ARMY,, UNIT_SETTLER 3 8,UNIT_BUILDER 1 0,UNIT_SCOUT 3 0,UNIT_WARRIOR 1 0,
9, 5, ARMY,, UNIT_SETTLER 4 8,UNIT_BUILDER 3 0,UNIT_SCOUT 4 0,UNIT_WARRIOR 1 0,
9, 5, ARMY,, UNIT_SETTLER 3 8,UNIT_BUILDER 3 0,UNIT_SCOUT 3 0,UNIT_WARRIOR 1 0,
9, 5, ARMY,, 
9, 5, ARMY,, UNIT_BUILDER 1 0,UNIT_WARRIOR 2 1,
9, 5, ARMY,, 
9, 5, ARMY,, 
9, 5, ARMY,, 
9, 5, ARMY,, 
9, 5, ARMY,, 
9, 5, ARMY,, 
9, 5, ARMY,, 
9, 5, ARMY,, 
9, 5, ARMY,, 
9, 5, ARMY,, 
9, 5, ARMY,, 
9, 5, ARMY,, 
9, 6, START LOG, , YIELD_FOOD 7.29 +/- 3.16,YIELD_PRODUCTION 14.09 +/- 6.55,YIELD_GOLD 5.39 +/- 4.76,YIELD_SCIENCE 1.88 +/- 1.27,YIELD_CULTURE 1.68 +/- 1.48,YIELD_FAITH 1.20 +/- 2.04,
9, 6, TRADE, TO -1, VAL 0.00
9, 6, CITY, 26:70, 0, 3, 100, 21.00, 1, 1, 13, 46, 0, Is original capital, Is capital
9, 6, CITY, 13:58, 0, 3, 100, 21.00, 1, 1, 3, 49, 0, Is original capital, Is capital
9, 6, CITY, 38:8, 0, 2, 100, 29.00, 1, 1, 3, 44, 1, Is original capital, Is capital
9, 6, CITY, 23:15, 0, 2, 100, 29.00, 1, 1, 3, 51, 0, Is original capital, Is capital
9, 6, CITY, 11:43, 0, 4, 100, 29.00, 1, 1, 3, 58, 0, Is original capital, Is capital
9, 6, CITY, 21:18, 0, 1, 100, 20.00, 1, 1, 0, 15, 0, Not original capital, Not capital
9, 6, CITY, 22:55, 0, 3, 100, 40.00, 1, 1, 13, 23, 0, Is original capital, Is capital
9, 6, CITY, 23:72, 0, 2, 100, 20.00, 1, 1, 0, 21, 1, Not original capital, Not capital
9, 6, CITY, 9:57, 0, 2, 100, 20.00, 1, 1, 10, 23, 1, Not original capital, Not capital
9, 6, CITY, 35:10, 0, 1, 100, 20.00, 1, 1, 0, 15, 0, Not original capital, Not capital
9, 6, CITY, 21:22, 0, 1, 100, 0.00, 1, 1, 0, 13, 0, Not original capital, Not capital
9, 6, CITY, 10:39, 0, 1, 100, 0.00, 1, 1, 0, 12, 0, Not original capital, Not capital
9, 6, ARMY,, 
9, 6, ARMY,, 
9, 6, ARMY,, 
9, 6, ARMY,, 
9, 6, ARMY,, 
9, 6, ARMY,, UNIT_SETTLER 2 4,UNIT_BUILDER 2 0,UNIT_SCOUT 3 0,UNIT_WARRIOR 1 0,UNIT_VAMPIRE 1 0,
9, 6, ARMY,, UNIT_SETTLER 3 8,UNIT_BUILDER 1 2,UNIT_SCOUT 4 0,UNIT_WARRIOR 1 0,
9, 6, ARMY,, UNIT_SETTLER 3 8,UNIT_BUILDER 1 0,UNIT_SCOUT 3 0,UNIT_WARRIOR 1 0,
9, 6, ARMY,, UNIT_SETTLER 4 8,UNIT_BUILDER 3 0,UNIT_SCOUT 4 0,UNIT_WARRIOR 1 0,
9, 6, ARMY,, UNIT_SETTLER 3 8,UNIT_BUILDER 3 0,UNIT_SCOUT 3 0,UNIT_WARRIOR 1 0,
9, 6, ARMY,, 
9, 6, ARMY,, UNIT_BUILDER 1 1,UNIT_WARRIOR 2 2,
9, 6, ARMY,, 
9, 6, ARMY,, 
9, 6, ARMY,, 
9, 6, ARMY,, 
9, 6, ARMY,, 
9, 6, ARMY,, 
9, 6, ARMY,, 
9, 6, ARMY,, 
9, 6, ARMY,, 
9, 6, ARMY,, 
9, 6, ARMY,, 
9, 6, ARMY,, 
9, 7, START LOG, , YIELD_FOOD 7.35 +/- 3.64,YIELD_PRODUCTION 13.80 +/- 7.18,YIELD_GOLD 4.90 +/- 4.80,YIELD_SCIENCE 1.89 +/- 1.37,YIELD_CULTURE 1.62 +/- 1.62,YIELD_FAITH 1.09 +/- 1.97,
9, 7, TRADE, TO -1, VAL 0.00
9, 7, CITY, 13:58, 0, 3, 100, 21.00, 1, 1, 3, 49, 0, Is original capital, Is capital
9, 7, CITY, 26:70, 0, 3, 100, 21.00, 1, 1, 13, 46, 0, Is original capital, Is capital
9, 7, CITY, 11:43, 0, 4, 100, 29.00, 1, 1, 3, 58, 0, Is original capital, Is capital
9, 7, CITY, 38:8, 0, 2, 100, 29.00, 1, 1, 3, 44, 1, Is original capital, Is capital
9, 7, CITY, 23:15, 0, 2, 100, 29.00, 1, 1, 3, 51, 0, Is original capital, Is capital
9, 7, CITY, 21:18, 0, 1, 100, 20.00, 1, 1, 0, 15, 0, Not original capital, Not capital
9, 7, CITY, 22:55, 0, 3, 100, 40.00, 1, 1, 13, 23, 0, Is original capital, Is capital
9, 7, CITY, 9:57, 0, 2, 100, 20.00, 1, 1, 0, 23, 1, Not original capital, Not capital
9, 7, CITY, 23:72, 0, 2, 100, 20.00, 1, 1, 0, 21, 1, Not original capital, Not capital
9, 7, CITY, 35:10, 0, 1, 100, 20.00, 1, 1, 0, 15, 0, Not original capital, Not capital
9, 7, CITY, 10:39, 0, 1, 100, 20.00, 1, 1, 0, 12, 0, Not original capital, Not capital
9, 7, CITY, 21:22, 0, 1, 100, 0.00, 1, 1, 0, 13, 0, Not original capital, Not capital
9, 7, ARMY,, 
9, 7, ARMY,, 
9, 7, ARMY,, 
9, 7, ARMY,, 
9, 7, ARMY,, 
9, 7, ARMY,, UNIT_SETTLER 2 4,UNIT_BUILDER 2 0,UNIT_SCOUT 3 0,UNIT_WARRIOR 1 0,UNIT_VAMPIRE 1 0,
9, 7, ARMY,, UNIT_SETTLER 2 4,UNIT_BUILDER 1 3,UNIT_SCOUT 4 0,UNIT_WARRIOR 1 0,
9, 7, ARMY,, UNIT_SETTLER 3 8,UNIT_BUILDER 1 0,UNIT_SCOUT 4 0,UNIT_WARRIOR 1 0,
9, 7, ARMY,, UNIT_SETTLER 4 8,UNIT_BUILDER 3 0,UNIT_SCOUT 4 0,UNIT_WARRIOR 1 0,
9, 7, ARMY,, UNIT_SETTLER 3 8,UNIT_BUILDER 3 0,UNIT_SCOUT 3 0,UNIT_WARRIOR 1 0,
9, 7, ARMY,, 
9, 7, ARMY,, UNIT_BUILDER 1 1,UNIT_WARRIOR 2 2,
9, 7, ARMY,, 
9, 7, ARMY,, 
9, 7, ARMY,, 
9, 7, ARMY,, 
9, 7, ARMY,, 
9, 7, ARMY,, 
9, 7, ARMY,, 
9, 7, ARMY,, 
9, 7, ARMY,, 
9, 7, ARMY,, 
9, 7, ARMY,, 
9, 7, ARMY,, 
9, 8, START LOG, , YIELD_FOOD 7.65 +/- 3.20,YIELD_PRODUCTION 13.48 +/- 7.54,YIELD_GOLD 4.48 +/- 4.79,YIELD_SCIENCE 1.83 +/- 1.45,YIELD_CULTURE 1.50 +/- 1.62,YIELD_FAITH 0.99 +/- 1.89,
9, 8, TRADE, TO -1, VAL 0.00
9, 8, CITY, 11:43, 0, 4, 100, 29.00, 1, 1, 3, 58, 0, Is original capital, Is capital
9, 8, CITY, 13:58, 0, 3, 100, 21.00, 1, 1, 3, 49, 0, Is original capital, Is capital
9, 8, CITY, 26:70, 0, 3, 100, 21.00, 1, 1, 13, 46, 0, Is original capital, Is capital
9, 8, CITY, 23:15, 0, 2, 100, 29.00, 1, 1, 3, 51, 0, Is original capital, Is capital
9, 8, CITY, 38:8, 0, 2, 100, 29.00, 1, 1, 3, 44, 1, Is original capital, Is capital
9, 8, CITY, 21:18, 0, 2, 100, 20.00, 1, 1, 0, 21, 0, Not original capital, Not capital
9, 8, CITY, 22:55, 0, 3, 100, 40.00, 1, 1, 13, 23, 0, Is original capital, Is capital
9, 8, CITY, 9:57, 0, 2, 100, 20.00, 1, 1, 0, 23, 1, Not original capital, Not capital
9, 8, CITY, 23:72, 0, 2, 100, 20.00, 1, 1, 0, 21, 1, Not original capital, Not capital
9, 8, CITY, 35:10, 0, 1, 100, 20.00, 1, 1, 0, 15, 0, Not original capital, Not capital
9, 8, CITY, 10:39, 0, 1, 100, 20.00, 1, 1, 0, 12, 0, Not original capital, Not capital
9, 8, CITY, 21:22, 0, 1, 100, 20.00, 1, 1, 0, 13, 0, Not original capital, Not capital
9, 8, ARMY,, 
9, 8, ARMY,, 
9, 8, ARMY,, 
9, 8, ARMY,, 
9, 8, ARMY,, 
9, 8, ARMY,, UNIT_SETTLER 2 4,UNIT_BUILDER 2 0,UNIT_SCOUT 3 0,UNIT_WARRIOR 1 0,UNIT_VAMPIRE 1 0,
9, 8, ARMY,, UNIT_SETTLER 2 4,UNIT_BUILDER 1 3,UNIT_SCOUT 4 0,UNIT_WARRIOR 1 0,
9, 8, ARMY,, UNIT_SETTLER 2 2,UNIT_BUILDER 1 0,UNIT_SCOUT 4 0,UNIT_WARRIOR 1 0,
9, 8, ARMY,, UNIT_SETTLER 4 8,UNIT_BUILDER 3 0,UNIT_SCOUT 4 0,UNIT_WARRIOR 1 0,
9, 8, ARMY,, UNIT_SETTLER 3 8,UNIT_BUILDER 3 0,UNIT_SCOUT 3 0,UNIT_WARRIOR 1 0,
9, 8, ARMY,, 
9, 8, ARMY,, UNIT_BUILDER 1 1,UNIT_WARRIOR 2 2,
9, 8, ARMY,, 
9, 8, ARMY,, 
9, 8, ARMY,, 
9, 8, ARMY,, 
9, 8, ARMY,, 
9, 8, ARMY,, 
9, 8, ARMY,, 
9, 8, ARMY,, 
9, 8, ARMY,, 
9, 8, ARMY,, 
9, 8, ARMY,, 
9, 8, ARMY,, 
9, 9, START LOG, , YIELD_FOOD 7.65 +/- 3.20,YIELD_PRODUCTION 13.65 +/- 7.54,YIELD_GOLD 4.48 +/- 4.79,YIELD_SCIENCE 1.83 +/- 1.45,YIELD_CULTURE 1.50 +/- 1.62,YIELD_FAITH 0.99 +/- 1.89,
9, 9, TRADE, TO -1, VAL 0.00
9, 9, CITY, 23:15, 0, 2, 100, 29.00, 1, 1, 3, 51, 0, Is original capital, Is capital
9, 9, CITY, 11:43, 0, 4, 100, 29.00, 1, 1, 3, 58, 0, Is original capital, Is capital
9, 9, CITY, 13:58, 0, 3, 100, 21.00, 1, 1, 3, 49, 0, Is original capital, Is capital
9, 9, CITY, 26:70, 0, 3, 100, 21.00, 1, 1, 13, 46, 0, Is original capital, Is capital
9, 9, CITY, 38:8, 0, 3, 100, 29.00, 1, 1, 3, 53, 1, Is original capital, Is capital
9, 9, CITY, 21:18, 0, 2, 100, 20.00, 1, 1, 0, 21, 0, Not original capital, Not capital
9, 9, CITY, 22:55, 0, 3, 100, 40.00, 1, 1, 13, 23, 0, Is original capital, Is capital
9, 9, CITY, 9:57, 0, 2, 100, 20.00, 1, 1, 0, 23, 1, Not original capital, Not capital
9, 9, CITY, 23:72, 0, 2, 100, 20.00, 1, 1, 0, 21, 1, Not original capital, Not capital
9, 9, CITY, 35:10, 0, 1, 100, 20.00, 1, 1, 0, 15, 0, Not original capital, Not capital
9, 9, CITY, 21:22, 0, 1, 100, 20.00, 1, 1, 0, 13, 0, Not original capital, Not capital
9, 9, CITY, 10:39, 0, 1, 100, 20.00, 1, 1, 0, 12, 0, Not original capital, Not capital
9, 9, ARMY,, 
9, 9, ARMY,, 
9, 9, ARMY,, 
9, 9, ARMY,, 
9, 9, ARMY,, 
9, 9, ARMY,, UNIT_SETTLER 2 4,UNIT_BUILDER 2 0,UNIT_SCOUT 3 0,UNIT_WARRIOR 1 0,UNIT_VAMPIRE 1 0,
9, 9, ARMY,, UNIT_SETTLER 2 4,UNIT_BUILDER 1 3,UNIT_SCOUT 4 0,UNIT_WARRIOR 1 0,
9, 9, ARMY,, UNIT_SETTLER 2 2,UNIT_BUILDER 1 0,UNIT_SCOUT 4 0,UNIT_WARRIOR 1 0,
9, 9, ARMY,, UNIT_SETTLER 3 5,UNIT_BUILDER 3 0,UNIT_SCOUT 4 0,UNIT_WARRIOR 1 0,
9, 9, ARMY,, UNIT_SETTLER 3 8,UNIT_BUILDER 3 0,UNIT_SCOUT 3 0,UNIT_WARRIOR 1 0,
9, 9, ARMY,, 
9, 9, ARMY,, UNIT_BUILDER 1 1,UNIT_WARRIOR 2 2,
9, 9, ARMY,, 
9, 9, ARMY,, 
9, 9, ARMY,, 
9, 9, ARMY,, 
9, 9, ARMY,, 
9, 9, ARMY,, 
9, 9, ARMY,, 
9, 9, ARMY,, 
9, 9, ARMY,, 
9, 9, ARMY,, 
9, 9, ARMY,, 
9, 9, ARMY,, 
9, 10, START LOG, , YIELD_FOOD 0.00 +/- 0.00,YIELD_PRODUCTION 0.00 +/- 0.00,YIELD_GOLD 0.00 +/- 0.00,YIELD_SCIENCE 0.00 +/- 0.00,YIELD_CULTURE 0.00 +/- 0.00,YIELD_FAITH 0.00 +/- 0.00,
9, 10, TRADE, TO -1, VAL 0.00
9, 10, CITY, 70:15, 0, 2, 100, 40.00, 1, 1, 8, 21, 0, Is original capital, Is capital
9, 10, ARMY,, 
9, 10, ARMY,, 
9, 10, ARMY,, 
9, 10, ARMY,, 
9, 10, ARMY,, 
9, 10, ARMY,, 
9, 10, ARMY,, 
9, 10, ARMY,, 
9, 10, ARMY,, 
9, 10, ARMY,, 
9, 10, ARMY,, UNIT_SETTLER 1 8,UNIT_BUILDER 1 0,UNIT_WARRIOR 2 0,
9, 10, ARMY,, 
9, 10, ARMY,, 
9, 10, ARMY,, 
9, 10, ARMY,, 
9, 10, ARMY,, 
9, 10, ARMY,, 
9, 10, ARMY,, 
9, 10, ARMY,, 
9, 10, ARMY,, 
9, 10, ARMY,, 
9, 10, ARMY,, 
9, 10, ARMY,, 
9, 10, ARMY,, 
9, 11, START LOG, , YIELD_FOOD 0.00 +/- 0.00,YIELD_PRODUCTION 0.00 +/- 0.00,YIELD_GOLD 0.00 +/- 0.00,YIELD_SCIENCE 0.00 +/- 0.00,YIELD_CULTURE 0.00 +/- 0.00,YIELD_FAITH 0.00 +/- 0.00,
9, 11, TRADE, TO -1, VAL 2.50
9, 11, CITY, 22:55, 0, 3, 100, 40.00, 1, 1, 13, 23, 0, Is original capital, Is capital
9, 11, ARMY,, 
9, 11, ARMY,, 
9, 11, ARMY,, 
9, 11, ARMY,, 
9, 11, ARMY,, 
9, 11, ARMY,, UNIT_SCOUT 1 1,
9, 11, ARMY,, 
9, 11, ARMY,, 
9, 11, ARMY,, 
9, 11, ARMY,, 
9, 11, ARMY,, 
9, 11, ARMY,, UNIT_SETTLER 1 8,UNIT_BUILDER 1 0,UNIT_WARRIOR 2 0,
9, 11, ARMY,, 
9, 11, ARMY,, 
9, 11, ARMY,, 
9, 11, ARMY,, 
9, 11, ARMY,, 
9, 11, ARMY,, 
9, 11, ARMY,, 
9, 11, ARMY,, 
9, 11, ARMY,, 
9, 11, ARMY,, 
9, 11, ARMY,, 
9, 11, ARMY,, 
9, 12, START LOG, , YIELD_FOOD 0.00 +/- 0.00,YIELD_PRODUCTION 0.00 +/- 0.00,YIELD_GOLD 0.00 +/- 0.00,YIELD_SCIENCE 0.00 +/- 0.00,YIELD_CULTURE 0.00 +/- 0.00,YIELD_FAITH 0.00 +/- 0.00,
9, 12, TRADE, TO -1, VAL 1.80
9, 12, CITY, 66:72, 0, 3, 100, 42.00, 1, 1, 14, 23, 0, Is original capital, Is capital
9, 12, ARMY,, 
9, 12, ARMY,, 
9, 12, ARMY,, UNIT_SCOUT 1 0,
9, 12, ARMY,, 
9, 12, ARMY,, 
9, 12, ARMY,, 
9, 12, ARMY,, 
9, 12, ARMY,, 
9, 12, ARMY,, 
9, 12, ARMY,, 
9, 12, ARMY,, 
9, 12, ARMY,, 
9, 12, ARMY,, UNIT_SETTLER 1 8,UNIT_BUILDER 1 0,UNIT_WARRIOR 2 0,
9, 12, ARMY,, 
9, 12, ARMY,, 
9, 12, ARMY,, 
9, 12, ARMY,, 
9, 12, ARMY,, 
9, 12, ARMY,, 
9, 12, ARMY,, 
9, 12, ARMY,, 
9, 12, ARMY,, UNIT_SETTLER 1 7,UNIT_WARRIOR 2 0,
9, 12, ARMY,, 
9, 12, ARMY,, 
9, 13, START LOG, , YIELD_FOOD 0.00 +/- 0.00,YIELD_PRODUCTION 0.00 +/- 0.00,YIELD_GOLD 0.00 +/- 0.00,YIELD_SCIENCE 0.00 +/- 0.00,YIELD_CULTURE 0.00 +/- 0.00,YIELD_FAITH 0.00 +/- 0.00,
9, 13, TRADE, TO -1, VAL 0.00
9, 13, CITY, 57:2, 0, 3, 100, 40.00, 1, 1, 8, 24, 1, Is original capital, Is capital
9, 13, ARMY,, 
9, 13, ARMY,, 
9, 13, ARMY,, 
9, 13, ARMY,, 
9, 13, ARMY,, 
9, 13, ARMY,, 
9, 13, ARMY,, 
9, 13, ARMY,, 
9, 13, ARMY,, 
9, 13, ARMY,, 
9, 13, ARMY,, 
9, 13, ARMY,, 
9, 13, ARMY,, 
9, 13, ARMY,, UNIT_SETTLER 1 8,UNIT_BUILDER 1 0,UNIT_WARRIOR 2 0,
9, 13, ARMY,, 
9, 13, ARMY,, 
9, 13, ARMY,, 
9, 13, ARMY,, 
9, 13, ARMY,, 
9, 13, ARMY,, 
9, 13, ARMY,, 
9, 13, ARMY,, 
9, 13, ARMY,, 
9, 13, ARMY,, 
9, 14, START LOG, , YIELD_FOOD 0.00 +/- 0.00,YIELD_PRODUCTION 0.00 +/- 0.00,YIELD_GOLD 0.00 +/- 0.00,YIELD_SCIENCE 0.00 +/- 0.00,YIELD_CULTURE 0.00 +/- 0.00,YIELD_FAITH 0.00 +/- 0.00,
9, 14, TRADE, TO -1, VAL 0.00
9, 14, CITY, 2:26, 0, 2, 100, 40.00, 1, 1, 8, 20, 0, Is original capital, Is capital
9, 14, ARMY,, 
9, 14, ARMY,, 
9, 14, ARMY,, 
9, 14, ARMY,, 
9, 14, ARMY,, 
9, 14, ARMY,, 
9, 14, ARMY,, 
9, 14, ARMY,, 
9, 14, ARMY,, 
9, 14, ARMY,, 
9, 14, ARMY,, 
9, 14, ARMY,, 
9, 14, ARMY,, 
9, 14, ARMY,, 
9, 14, ARMY,, UNIT_SETTLER 1 8,UNIT_BUILDER 1 0,UNIT_WARRIOR 2 0,
9, 14, ARMY,, 
9, 14, ARMY,, 
9, 14, ARMY,, 
9, 14, ARMY,, 
9, 14, ARMY,, 
9, 14, ARMY,, 
9, 14, ARMY,, 
9, 14, ARMY,, 
9, 14, ARMY,, 
9, 15, START LOG, , YIELD_FOOD 0.00 +/- 0.00,YIELD_PRODUCTION 0.00 +/- 0.00,YIELD_GOLD 0.00 +/- 0.00,YIELD_SCIENCE 0.00 +/- 0.00,YIELD_CULTURE 0.00 +/- 0.00,YIELD_FAITH 0.00 +/- 0.00,
9, 15, TRADE, TO -1, VAL 0.00
9, 15, CITY, 60:23, 0, 3, 100, 40.00, 1, 1, 8, 24, 0, Is original capital, Is capital
9, 15, ARMY,, 
9, 15, ARMY,, 
9, 15, ARMY,, 
9, 15, ARMY,, 
9, 15, ARMY,, 
9, 15, ARMY,, 
9, 15, ARMY,, 
9, 15, ARMY,, 
9, 15, ARMY,, 
9, 15, ARMY,, 
9, 15, ARMY,, 
9, 15, ARMY,, 
9, 15, ARMY,, 
9, 15, ARMY,, 
9, 15, ARMY,, 
9, 15, ARMY,, UNIT_SETTLER 1 8,UNIT_BUILDER 1 0,UNIT_WARRIOR 2 0,
9, 15, ARMY,, 
9, 15, ARMY,, 
9, 15, ARMY,, 
9, 15, ARMY,, 
9, 15, ARMY,, 
9, 15, ARMY,, 
9, 15, ARMY,, 
9, 15, ARMY,, 
9, 16, START LOG, , YIELD_FOOD 0.00 +/- 0.00,YIELD_PRODUCTION 0.00 +/- 0.00,YIELD_GOLD 0.00 +/- 0.00,YIELD_SCIENCE 0.00 +/- 0.00,YIELD_CULTURE 0.00 +/- 0.00,YIELD_FAITH 0.00 +/- 0.00,
9, 16, TRADE, TO -1, VAL 0.00
9, 16, CITY, 8:23, 0, 3, 100, 40.00, 1, 1, 8, 25, 0, Is original capital, Is capital
9, 16, ARMY,, 
9, 16, ARMY,, 
9, 16, ARMY,, 
9, 16, ARMY,, 
9, 16, ARMY,, 
9, 16, ARMY,, 
9, 16, ARMY,, 
9, 16, ARMY,, 
9, 16, ARMY,, 
9, 16, ARMY,, 
9, 16, ARMY,, 
9, 16, ARMY,, 
9, 16, ARMY,, 
9, 16, ARMY,, 
9, 16, ARMY,, 
9, 16, ARMY,, 
9, 16, ARMY,, UNIT_SETTLER 1 8,UNIT_BUILDER 1 0,UNIT_WARRIOR 2 0,
9, 16, ARMY,, 
9, 16, ARMY,, 
9, 16, ARMY,, 
9, 16, ARMY,, 
9, 16, ARMY,, 
9, 16, ARMY,, 
9, 16, ARMY,, 
9, 17, START LOG, , YIELD_FOOD 0.00 +/- 0.00,YIELD_PRODUCTION 0.00 +/- 0.00,YIELD_GOLD 0.00 +/- 0.00,YIELD_SCIENCE 0.00 +/- 0.00,YIELD_CULTURE 0.00 +/- 0.00,YIELD_FAITH 0.00 +/- 0.00,
9, 17, TRADE, TO -1, VAL 0.00
9, 17, CITY, 59:74, 0, 2, 100, 40.00, 1, 1, 8, 21, 0, Is original capital, Is capital
9, 17, ARMY,, 
9, 17, ARMY,, 
9, 17, ARMY,, 
9, 17, ARMY,, 
9, 17, ARMY,, 
9, 17, ARMY,, 
9, 17, ARMY,, 
9, 17, ARMY,, 
9, 17, ARMY,, 
9, 17, ARMY,, 
9, 17, ARMY,, 
9, 17, ARMY,, 
9, 17, ARMY,, 
9, 17, ARMY,, 
9, 17, ARMY,, 
9, 17, ARMY,, 
9, 17, ARMY,, 
9, 17, ARMY,, UNIT_SETTLER 1 8,UNIT_BUILDER 1 0,UNIT_WARRIOR 2 0,
9, 17, ARMY,, 
9, 17, ARMY,, 
9, 17, ARMY,, 
9, 17, ARMY,, 
9, 17, ARMY,, 
9, 17, ARMY,, 
9, 18, START LOG, , YIELD_FOOD 0.00 +/- 0.00,YIELD_PRODUCTION 0.00 +/- 0.00,YIELD_GOLD 0.00 +/- 0.00,YIELD_SCIENCE 0.00 +/- 0.00,YIELD_CULTURE 0.00 +/- 0.00,YIELD_FAITH 0.00 +/- 0.00,
9, 18, TRADE, TO -1, VAL 0.00
9, 18, CITY, 35:74, 0, 3, 100, 40.00, 1, 1, 8, 23, 1, Is original capital, Is capital
9, 18, ARMY,, UNIT_VAMPIRE 1 0,
9, 18, ARMY,, 
9, 18, ARMY,, 
9, 18, ARMY,, 
9, 18, ARMY,, 
9, 18, ARMY,, 
9, 18, ARMY,, 
9, 18, ARMY,, 
9, 18, ARMY,, 
9, 18, ARMY,, 
9, 18, ARMY,, 
9, 18, ARMY,, 
9, 18, ARMY,, 
9, 18, ARMY,, 
9, 18, ARMY,, 
9, 18, ARMY,, 
9, 18, ARMY,, 
9, 18, ARMY,, 
9, 18, ARMY,, UNIT_SETTLER 1 8,UNIT_BUILDER 1 0,UNIT_WARRIOR 2 0,
9, 18, ARMY,, 
9, 18, ARMY,, 
9, 18, ARMY,, 
9, 18, ARMY,, 
9, 18, ARMY,, 
9, 19, START LOG, , YIELD_FOOD 0.00 +/- 0.00,YIELD_PRODUCTION 0.00 +/- 0.00,YIELD_GOLD 0.00 +/- 0.00,YIELD_SCIENCE 0.00 +/- 0.00,YIELD_CULTURE 0.00 +/- 0.00,YIELD_FAITH 0.00 +/- 0.00,
9, 19, TRADE, TO -1, VAL 0.00
9, 19, CITY, 15:70, 0, 2, 100, 40.00, 1, 1, 8, 20, 0, Is original capital, Is capital
9, 19, ARMY,, 
9, 19, ARMY,, 
9, 19, ARMY,, 
9, 19, ARMY,, 
9, 19, ARMY,, 
9, 19, ARMY,, 
9, 19, ARMY,, 
9, 19, ARMY,, 
9, 19, ARMY,, 
9, 19, ARMY,, 
9, 19, ARMY,, 
9, 19, ARMY,, 
9, 19, ARMY,, 
9, 19, ARMY,, 
9, 19, ARMY,, 
9, 19, ARMY,, 
9, 19, ARMY,, 
9, 19, ARMY,, 
9, 19, ARMY,, 
9, 19, ARMY,, UNIT_SETTLER 1 8,UNIT_BUILDER 1 0,UNIT_WARRIOR 2 0,
9, 19, ARMY,, 
9, 19, ARMY,, 
9, 19, ARMY,, 
9, 19, ARMY,, 
9, 20, START LOG, , YIELD_FOOD 0.00 +/- 0.00,YIELD_PRODUCTION 0.00 +/- 0.00,YIELD_GOLD 0.00 +/- 0.00,YIELD_SCIENCE 0.00 +/- 0.00,YIELD_CULTURE 0.00 +/- 0.00,YIELD_FAITH 0.00 +/- 0.00,
9, 20, TRADE, TO -1, VAL 0.00
9, 20, CITY, 68:27, 0, 3, 100, 40.00, 1, 1, 8, 25, 1, Is original capital, Is capital
9, 20, ARMY,, 
9, 20, ARMY,, 
9, 20, ARMY,, 
9, 20, ARMY,, 
9, 20, ARMY,, 
9, 20, ARMY,, 
9, 20, ARMY,, 
9, 20, ARMY,, 
9, 20, ARMY,, 
9, 20, ARMY,, 
9, 20, ARMY,, 
9, 20, ARMY,, 
9, 20, ARMY,, 
9, 20, ARMY,, 
9, 20, ARMY,, 
9, 20, ARMY,, 
9, 20, ARMY,, 
9, 20, ARMY,, 
9, 20, ARMY,, 
9, 20, ARMY,, 
9, 20, ARMY,, UNIT_SETTLER 1 8,UNIT_BUILDER 1 0,UNIT_WARRIOR 2 0,
9, 20, ARMY,, 
9, 20, ARMY,, 
9, 20, ARMY,, 
9, 21, START LOG, , YIELD_FOOD 8.00 +/- 1.41,YIELD_PRODUCTION 4.00 +/- 0.00,YIELD_GOLD 5.00 +/- 0.00,YIELD_SCIENCE 3.00 +/- 0.00,YIELD_CULTURE 1.50 +/- 0.71,YIELD_FAITH 0.00 +/- 0.00,
9, 21, TRADE, TO -1, VAL 1.80
9, 21, CITY, 66:72, 0, 3, 100, 42.00, 1, 1, 9, 23, 0, Is original capital, Is capital
9, 21, CITY, 66:68, 0, 2, 100, 35.08, 1, 1, 8, 20, 0, Is original capital, Is capital
9, 21, ARMY,, 
9, 21, ARMY,, 
9, 21, ARMY,, UNIT_SCOUT 1 0,
9, 21, ARMY,, 
9, 21, ARMY,, 
9, 21, ARMY,, 
9, 21, ARMY,, 
9, 21, ARMY,, 
9, 21, ARMY,, 
9, 21, ARMY,, 
9, 21, ARMY,, 
9, 21, ARMY,, 
9, 21, ARMY,, UNIT_BUILDER 1 0,UNIT_WARRIOR 2 1,
9, 21, ARMY,, 
9, 21, ARMY,, 
9, 21, ARMY,, 
9, 21, ARMY,, 
9, 21, ARMY,, 
9, 21, ARMY,, 
9, 21, ARMY,, 
9, 21, ARMY,, 
9, 21, ARMY,, UNIT_SETTLER 1 5,UNIT_BUILDER 1 0,UNIT_WARRIOR 2 0,
9, 21, ARMY,, 
9, 21, ARMY,, 
9, 62, START LOG, , YIELD_FOOD 0.00 +/- 0.00,YIELD_PRODUCTION 0.00 +/- 0.00,YIELD_GOLD 0.00 +/- 0.00,YIELD_SCIENCE 0.00 +/- 0.00,YIELD_CULTURE 0.00 +/- 0.00,YIELD_FAITH 0.00 +/- 0.00,
9, 62, TRADE, TO -1, VAL 2.25
9, 62, ARMY,, 
9, 62, ARMY,, 
9, 62, ARMY,, 
9, 62, ARMY,, 
9, 62, ARMY,, 
9, 62, ARMY,, 
9, 62, ARMY,, 
9, 62, ARMY,, 
9, 62, ARMY,, 
9, 62, ARMY,, 
9, 62, ARMY,, 
9, 62, ARMY,, 
9, 62, ARMY,, 
9, 62, ARMY,, 
9, 62, ARMY,, 
9, 62, ARMY,, 
9, 62, ARMY,, 
9, 62, ARMY,, 
9, 62, ARMY,, 
9, 62, ARMY,, 
9, 62, ARMY,, 
9, 62, ARMY,, 
9, 62, ARMY,, 
9, 62, ARMY,, 
9, 63, START LOG, , YIELD_FOOD 0.00 +/- 0.00,YIELD_PRODUCTION 0.00 +/- 0.00,YIELD_GOLD 0.00 +/- 0.00,YIELD_SCIENCE 0.00 +/- 0.00,YIELD_CULTURE 0.00 +/- 0.00,YIELD_FAITH 0.00 +/- 0.00,
9, 63, TRADE, TO -1, VAL 0.00
9, 63, ARMY,, 
9, 63, ARMY,, 
9, 63, ARMY,, 
9, 63, ARMY,, 
9, 63, ARMY,, 
9, 63, ARMY,, 
9, 63, ARMY,, 
9, 63, ARMY,, 
9, 63, ARMY,, 
9, 63, ARMY,, 
9, 63, ARMY,, 
9, 63, ARMY,, 
9, 63, ARMY,, 
9, 63, ARMY,, 
9, 63, ARMY,, 
9, 63, ARMY,, 
9, 63, ARMY,, 
9, 63, ARMY,, 
9, 63, ARMY,, 
9, 63, ARMY,, 
9, 63, ARMY,, 
9, 63, ARMY,, 
9, 63, ARMY,, 
9, 63, ARMY,, 
9, 0, START LOG, , YIELD_FOOD 7.50 +/- 1.92,YIELD_PRODUCTION 6.75 +/- 2.66,YIELD_GOLD 6.00 +/- 1.41,YIELD_SCIENCE 3.38 +/- 0.51,YIELD_CULTURE 1.25 +/- 0.45,YIELD_FAITH 0.50 +/- 0.75,
9, 0, TRADE, TO -1, VAL 0.00
9, 0, CITY, 52:17, 0, 2, 100, 28.00, 1, 1, 3, 28, 2, Is original capital, Is capital
9, 0, CITY, 76:38, 0, 3, 100, 28.00, 1, 1, 3, 34, 0, Is original capital, Is capital
9, 0, CITY, 73:49, 0, 2, 100, 28.00, 1, 1, 3, 27, 0, Is original capital, Is capital
9, 0, CITY, 69:63, 0, 2, 100, 28.00, 1, 1, 3, 24, 0, Is original capital, Is capital
9, 0, CITY, 43:77, 0, 2, 100, 31.00, 1, 1, 3, 28, 1, Is original capital, Is capital
9, 0, CITY, 66:68, 0, 2, 100, 35.08, 1, 1, 8, 20, 0, Is original capital, Is capital
9, 0, CITY, 66:72, 0, 3, 100, 42.00, 1, 1, 9, 23, 0, Is original capital, Is capital
9, 0, CITY, 35:74, 0, 3, 100, 40.00, 1, 1, 8, 23, 1, Is original capital, Is capital
9, 0, ARMY,, UNIT_SETTLER 2 10,UNIT_BUILDER 1 0,UNIT_SCOUT 1 0,UNIT_WARRIOR 1 0,UNIT_VAMPIRE 1 0,
9, 0, ARMY,, UNIT_SETTLER 1 10,UNIT_WARRIOR 1 0,UNIT_BABYLONIAN_SABUM_KIBITTUM 2 0,
9, 0, ARMY,, UNIT_SETTLER 1 10,UNIT_SCOUT 2 0,UNIT_WARRIOR 1 0,
9, 0, ARMY,, UNIT_SETTLER 1 10,UNIT_SCOUT 1 0,UNIT_WARRIOR 1 0,
9, 0, ARMY,, UNIT_SETTLER 2 10,UNIT_BUILDER 1 0,UNIT_SCOUT 2 0,UNIT_WARRIOR 1 0,UNIT_VAMPIRE 1 0,
9, 0, ARMY,, 
9, 0, ARMY,, 
9, 0, ARMY,, 
9, 0, ARMY,, 
9, 0, ARMY,, 
9, 0, ARMY,, 
9, 0, ARMY,, 
9, 0, ARMY,, UNIT_BUILDER 1 0,UNIT_WARRIOR 1 0,
9, 0, ARMY,, 
9, 0, ARMY,, 
9, 0, ARMY,, 
9, 0, ARMY,, 
9, 0, ARMY,, 
9, 0, ARMY,, UNIT_WARRIOR 1 0,
9, 0, ARMY,, 
9, 0, ARMY,, 
9, 0, ARMY,, UNIT_BUILDER 1 1,UNIT_WARRIOR 1 1,
9, 0, ARMY,, 
9, 0, ARMY,, 
9, 1, START LOG, , YIELD_FOOD 7.50 +/- 1.92,YIELD_PRODUCTION 6.75 +/- 2.66,YIELD_GOLD 6.00 +/- 1.41,YIELD_SCIENCE 3.38 +/- 0.51,YIELD_CULTURE 1.25 +/- 0.45,YIELD_FAITH 0.50 +/- 0.75,
9, 1, TRADE, TO -1, VAL 0.00
9, 1, CITY, 52:17, 0, 2, 100, 28.00, 1, 1, 3, 28, 2, Is original capital, Is capital
9, 1, CITY, 76:38, 0, 3, 100, 28.00, 1, 1, 3, 34, 0, Is original capital, Is capital
9, 1, CITY, 73:49, 0, 2, 100, 28.00, 1, 1, 3, 27, 0, Is original capital, Is capital
9, 1, CITY, 69:63, 0, 2, 100, 28.00, 1, 1, 3, 24, 0, Is original capital, Is capital
9, 1, CITY, 43:77, 0, 2, 100, 31.00, 1, 1, 3, 28, 1, Is original capital, Is capital
9, 1, CITY, 66:68, 0, 2, 100, 35.08, 1, 1, 8, 20, 0, Is original capital, Is capital
9, 1, CITY, 66:72, 0, 3, 100, 42.00, 1, 1, 9, 23, 0, Is original capital, Is capital
9, 1, CITY, 35:74, 0, 3, 100, 40.00, 1, 1, 8, 23, 1, Is original capital, Is capital
9, 1, ARMY,, UNIT_SETTLER 2 8,UNIT_BUILDER 1 0,UNIT_SCOUT 1 0,UNIT_WARRIOR 1 0,UNIT_VAMPIRE 1 0,
9, 1, ARMY,, UNIT_SETTLER 1 8,UNIT_WARRIOR 1 0,UNIT_BABYLONIAN_SABUM_KIBITTUM 2 0,
9, 1, ARMY,, UNIT_SETTLER 1 8,UNIT_SCOUT 2 0,UNIT_WARRIOR 1 0,
9, 1, ARMY,, UNIT_SETTLER 1 8,UNIT_SCOUT 1 0,UNIT_WARRIOR 1 0,
9, 1, ARMY,, UNIT_SETTLER 2 8,UNIT_BUILDER 1 0,UNIT_SCOUT 2 0,UNIT_WARRIOR 1 0,UNIT_VAMPIRE 1 0,
9, 1, ARMY,, 
9, 1, ARMY,, 
9, 1, ARMY,, 
9, 1, ARMY,, 
9, 1, ARMY,, 
9, 1, ARMY,, 
9, 1, ARMY,, 
9, 1, ARMY,, UNIT_BUILDER 1 0,UNIT_WARRIOR 1 0,
9, 1, ARMY,, 
9, 1, ARMY,, 
9, 1, ARMY,, 
9, 1, ARMY,, 
9, 1, ARMY,, 
9, 1, ARMY,, UNIT_WARRIOR 1 0,
9, 1, ARMY,, 
9, 1, ARMY,, 
9, 1, ARMY,, UNIT_BUILDER 1 1,UNIT_WARRIOR 1 1,
9, 1, ARMY,, 
9, 1, ARMY,, 
9, 2, START LOG, , YIELD_FOOD 7.27 +/- 1.80,YIELD_PRODUCTION 7.28 +/- 2.29,YIELD_GOLD 5.98 +/- 1.52,YIELD_SCIENCE 3.41 +/- 0.52,YIELD_CULTURE 1.27 +/- 0.48,YIELD_FAITH 0.71 +/- 0.75,
9, 2, TRADE, TO -1, VAL 0.00
9, 2, CITY, 52:17, 0, 2, 100, 28.00, 1, 1, 3, 28, 2, Is original capital, Is capital
9, 2, CITY, 76:38, 0, 3, 100, 28.00, 1, 1, 3, 34, 0, Is original capital, Is capital
9, 2, CITY, 73:49, 0, 2, 100, 28.00, 1, 1, 3, 27, 0, Is original capital, Is capital
9, 2, CITY, 69:63, 0, 2, 100, 28.00, 1, 1, 3, 24, 0, Is original capital, Is capital
9, 2, CITY, 43:77, 0, 2, 100, 31.00, 1, 1, 3, 28, 1, Is original capital, Is capital
9, 2, CITY, 66:68, 0, 2, 100, 35.08, 1, 1, 8, 20, 0, Is original capital, Is capital
9, 2, CITY, 66:72, 0, 3, 100, 42.00, 1, 1, 9, 23, 0, Is original capital, Is capital
9, 2, CITY, 35:74, 0, 3, 100, 40.00, 1, 1, 8, 23, 1, Is original capital, Is capital
9, 2, ARMY,, UNIT_SETTLER 2 12,UNIT_BUILDER 1 0,UNIT_SCOUT 1 0,UNIT_WARRIOR 1 0,UNIT_VAMPIRE 1 0,
9, 2, ARMY,, UNIT_SETTLER 1 12,UNIT_WARRIOR 1 0,UNIT_BABYLONIAN_SABUM_KIBITTUM 2 0,
9, 2, ARMY,, UNIT_SETTLER 1 12,UNIT_SCOUT 2 0,UNIT_WARRIOR 1 0,
9, 2, ARMY,, UNIT_SETTLER 1 12,UNIT_SCOUT 1 0,UNIT_WARRIOR 1 0,
9, 2, ARMY,, UNIT_SETTLER 2 12,UNIT_BUILDER 1 0,UNIT_SCOUT 2 0,UNIT_WARRIOR 1 0,UNIT_VAMPIRE 1 0,
9, 2, ARMY,, 
9, 2, ARMY,, 
9, 2, ARMY,, 
9, 2, ARMY,, 
9, 2, ARMY,, 
9, 2, ARMY,, 
9, 2, ARMY,, 
9, 2, ARMY,, UNIT_BUILDER 1 0,UNIT_WARRIOR 1 0,
9, 2, ARMY,, 
9, 2, ARMY,, 
9, 2, ARMY,, 
9, 2, ARMY,, 
9, 2, ARMY,, 
9, 2, ARMY,, UNIT_WARRIOR 1 0,
9, 2, ARMY,, 
9, 2, ARMY,, 
9, 2, ARMY,, UNIT_BUILDER 1 2,UNIT_WARRIOR 1 1,
9, 2, ARMY,, 
9, 2, ARMY,, 
9, 3, START LOG, , YIELD_FOOD 7.27 +/- 1.80,YIELD_PRODUCTION 7.28 +/- 2.29,YIELD_GOLD 5.98 +/- 1.52,YIELD_SCIENCE 3.41 +/- 0.52,YIELD_CULTURE 1.27 +/- 0.48,YIELD_FAITH 0.71 +/- 0.75,
9, 3, TRADE, TO -1, VAL 0.00
9, 3, CITY, 52:17, 0, 2, 100, 28.00, 1, 1, 3, 28, 2, Is original capital, Is capital
9, 3, CITY, 76:38, 0, 3, 100, 28.00, 1, 1, 3, 34, 0, Is original capital, Is capital
9, 3, CITY, 69:63, 0, 2, 100, 28.00, 1, 1, 3, 24, 0, Is original capital, Is capital
9, 3, CITY, 43:77, 0, 2, 100, 31.00, 1, 1, 3, 28, 1, Is original capital, Is capital
9, 3, CITY, 73:49, 0, 2, 100, 28.00, 1, 1, 3, 27, 0, Is original capital, Is capital
9, 3, CITY, 66:68, 0, 2, 100, 35.08, 1, 1, 8, 20, 0, Is original capital, Is capital
9, 3, CITY, 66:72, 0, 3, 100, 42.00, 1, 1, 9, 23, 0, Is original capital, Is capital
9, 3, CITY, 35:74, 0, 3, 100, 40.00, 1, 1, 8, 23, 1, Is original capital, Is capital
9, 3, ARMY,, UNIT_SETTLER 2 10,UNIT_BUILDER 1 0,UNIT_SCOUT 1 0,UNIT_WARRIOR 1 0,UNIT_VAMPIRE 1 0,
9, 3, ARMY,, UNIT_SETTLER 1 10,UNIT_WARRIOR 1 0,UNIT_BABYLONIAN_SABUM_KIBITTUM 2 0,
9, 3, ARMY,, UNIT_SETTLER 1 10,UNIT_SCOUT 2 0,UNIT_WARRIOR 1 0,
9, 3, ARMY,, UNIT_SETTLER 1 10,UNIT_SCOUT 1 0,UNIT_WARRIOR 1 0,
9, 3, ARMY,, UNIT_SETTLER 2 10,UNIT_BUILDER 1 0,UNIT_SCOUT 2 0,UNIT_WARRIOR 1 0,UNIT_VAMPIRE 1 0,
9, 3, ARMY,, 
9, 3, ARMY,, 
9, 3, ARMY,, 
9, 3, ARMY,, 
9, 3, ARMY,, 
9, 3, ARMY,, 
9, 3, ARMY,, 
9, 3, ARMY,, UNIT_BUILDER 1 0,UNIT_WARRIOR 1 0,
9, 3, ARMY,, 
9, 3, ARMY,, 
9, 3, ARMY,, 
9, 3, ARMY,, 
9, 3, ARMY,, 
9, 3, ARMY,, UNIT_WARRIOR 1 0,
9, 3, ARMY,, 
9, 3, ARMY,, 
9, 3, ARMY,, UNIT_BUILDER 1 2,UNIT_WARRIOR 1 1,
9, 3, ARMY,, 
9, 3, ARMY,, 
9, 4, START LOG, , YIELD_FOOD 7.50 +/- 1.92,YIELD_PRODUCTION 6.75 +/- 2.66,YIELD_GOLD 6.00 +/- 1.41,YIELD_SCIENCE 3.38 +/- 0.51,YIELD_CULTURE 1.25 +/- 0.45,YIELD_FAITH 0.50 +/- 0.75,
9, 4, TRADE, TO -1, VAL 0.00
9, 4, CITY, 52:17, 0, 2, 100, 28.00, 1, 1, 3, 28, 2, Is original capital, Is capital
9, 4, CITY, 76:38, 0, 3, 100, 28.00, 1, 1, 3, 34, 0, Is original capital, Is capital
9, 4, CITY, 73:49, 0, 2, 100, 28.00, 1, 1, 3, 27, 0, Is original capital, Is capital
9, 4, CITY, 69:63, 0, 2, 100, 28.00, 1, 1, 3, 24, 0, Is original capital, Is capital
9, 4, CITY, 43:77, 0, 2, 100, 31.00, 1, 1, 3, 28, 1, Is original capital, Is capital
9, 4, CITY, 66:68, 0, 2, 100, 35.08, 1, 1, 8, 20, 0, Is original capital, Is capital
9, 4, CITY, 66:72, 0, 3, 100, 42.00, 1, 1, 9, 23, 0, Is original capital, Is capital
9, 4, CITY, 35:74, 0, 3, 100, 40.00, 1, 1, 8, 23, 1, Is original capital, Is capital
9, 4, ARMY,, UNIT_SETTLER 2 8,UNIT_BUILDER 1 0,UNIT_SCOUT 1 0,UNIT_WARRIOR 1 0,UNIT_VAMPIRE 1 0,
9, 4, ARMY,, UNIT_SETTLER 1 8,UNIT_WARRIOR 1 0,UNIT_BABYLONIAN_SABUM_KIBITTUM 2 0,
9, 4, ARMY,, UNIT_SETTLER 1 8,UNIT_SCOUT 2 0,UNIT_WARRIOR 1 0,
9, 4, ARMY,, UNIT_SETTLER 1 8,UNIT_SCOUT 1 0,UNIT_WARRIOR 1 0,
9, 4, ARMY,, UNIT_SETTLER 2 8,UNIT_BUILDER 1 0,UNIT_SCOUT 2 0,UNIT_WARRIOR 1 0,UNIT_VAMPIRE 1 0,
9, 4, ARMY,, 
9, 4, ARMY,, 
9, 4, ARMY,, 
9, 4, ARMY,, 
9, 4, ARMY,, 
9, 4, ARMY,, 
9, 4, ARMY,, 
9, 4, ARMY,, UNIT_BUILDER 1 0,UNIT_WARRIOR 1 0,
9, 4, ARMY,, 
9, 4, ARMY,, 
9, 4, ARMY,, 
9, 4, ARMY,, 
9, 4, ARMY,, 
9, 4, ARMY,, UNIT_WARRIOR 1 0,
9, 4, ARMY,, 
9, 4, ARMY,, 
9, 4, ARMY,, UNIT_BUILDER 1 1,UNIT_WARRIOR 1 1,
9, 4, ARMY,, 
9, 4, ARMY,, 
9, 2, START LOG, , YIELD_FOOD 7.63 +/- 1.92,YIELD_PRODUCTION 6.75 +/- 2.60,YIELD_GOLD 6.00 +/- 1.41,YIELD_SCIENCE 3.50 +/- 0.53,YIELD_CULTURE 1.25 +/- 0.45,YIELD_FAITH 0.75 +/- 0.70,
9, 2, TRADE, TO -1, VAL 0.00
9, 2, CITY, 52:17, 0, 2, 100, 28.00, 1, 1, 3, 28, 2, Is original capital, Is capital
9, 2, CITY, 76:38, 0, 3, 100, 28.00, 1, 1, 3, 34, 0, Is original capital, Is capital
9, 2, CITY, 73:49, 0, 2, 100, 28.00, 1, 1, 3, 27, 0, Is original capital, Is capital
9, 2, CITY, 69:63, 0, 2, 100, 28.00, 1, 1, 3, 26, 0, Is original capital, Is capital
9, 2, CITY, 43:77, 0, 2, 100, 31.00, 1, 1, 3, 28, 1, Is original capital, Is capital
9, 2, CITY, 66:68, 0, 2, 100, 35.08, 1, 1, 8, 20, 0, Is original capital, Is capital
9, 2, CITY, 66:72, 0, 3, 100, 42.00, 1, 1, 9, 23, 0, Is original capital, Is capital
9, 2, CITY, 35:74, 0, 3, 100, 40.00, 1, 1, 8, 23, 1, Is original capital, Is capital
9, 2, CITY, 60:23, 0, 3, 100, 40.00, 1, 1, 8, 24, 0, Is original capital, Is capital
9, 2, ARMY,, UNIT_SETTLER 2 13,UNIT_BUILDER 2 0,UNIT_SCOUT 1 0,UNIT_WARRIOR 1 0,UNIT_VAMPIRE 1 0,
9, 2, ARMY,, UNIT_SETTLER 1 13,UNIT_WARRIOR 1 0,UNIT_BABYLONIAN_SABUM_KIBITTUM 2 0,
9, 2, ARMY,, UNIT_SETTLER 1 13,UNIT_SCOUT 2 0,UNIT_WARRIOR 1 0,
9, 2, ARMY,, UNIT_SETTLER 1 13,UNIT_BUILDER 1 0,UNIT_SCOUT 1 0,UNIT_WARRIOR 1 0,
9, 2, ARMY,, UNIT_SETTLER 2 13,UNIT_BUILDER 1 0,UNIT_SCOUT 2 0,UNIT_WARRIOR 1 0,UNIT_VAMPIRE 1 0,
9, 2, ARMY,, 
9, 2, ARMY,, 
9, 2, ARMY,, 
9, 2, ARMY,, 
9, 2, ARMY,, 
9, 2, ARMY,, 
9, 2, ARMY,, 
9, 2, ARMY,, UNIT_BUILDER 1 0,UNIT_WARRIOR 1 0,
9, 2, ARMY,, 
9, 2, ARMY,, 
9, 2, ARMY,, UNIT_WARRIOR 1 0,
9, 2, ARMY,, 
9, 2, ARMY,, 
9, 2, ARMY,, UNIT_WARRIOR 1 0,
9, 2, ARMY,, 
9, 2, ARMY,, 
9, 2, ARMY,, UNIT_BUILDER 1 3,UNIT_WARRIOR 1 2,
9, 2, ARMY,, 
9, 2, ARMY,, 
9, 0, START LOG, , YIELD_FOOD 7.65 +/- 1.80,YIELD_PRODUCTION 6.54 +/- 2.50,YIELD_GOLD 6.10 +/- 1.35,YIELD_SCIENCE 3.43 +/- 0.50,YIELD_CULTURE 1.20 +/- 0.43,YIELD_FAITH 0.66 +/- 0.69,
9, 0, TRADE, TO -1, VAL 0.00
9, 0, CITY, 52:17, 0, 2, 100, 28.00, 1, 1, 3, 28, 2, Is original capital, Is capital
9, 0, CITY, 76:38, 0, 3, 100, 28.00, 1, 1, 3, 34, 0, Is original capital, Is capital
9, 0, CITY, 73:49, 0, 2, 100, 28.00, 1, 1, 3, 27, 0, Is original capital, Is capital
9, 0, CITY, 69:63, 0, 2, 100, 28.00, 1, 1, 3, 26, 0, Is original capital, Is capital
9, 0, CITY, 43:77, 0, 2, 100, 31.00, 1, 1, 3, 28, 1, Is original capital, Is capital
9, 0, CITY, 66:68, 0, 2, 100, 35.08, 1, 1, 8, 20, 0, Is original capital, Is capital
9, 0, CITY, 66:72, 0, 3, 100, 42.00, 1, 1, 9, 23, 0, Is original capital, Is capital
9, 0, CITY, 35:74, 0, 3, 100, 40.00, 1, 1, 8, 23, 1, Is original capital, Is capital
9, 0, CITY, 60:23, 0, 3, 100, 40.00, 1, 1, 8, 24, 0, Is original capital, Is capital
9, 0, ARMY,, UNIT_SETTLER 2 11,UNIT_BUILDER 2 0,UNIT_SCOUT 1 0,UNIT_WARRIOR 1 0,UNIT_VAMPIRE 1 0,
9, 0, ARMY,, UNIT_SETTLER 1 11,UNIT_WARRIOR 1 0,UNIT_BABYLONIAN_SABUM_KIBITTUM 2 0,
9, 0, ARMY,, UNIT_SETTLER 1 11,UNIT_SCOUT 2 0,UNIT_WARRIOR 1 0,
9, 0, ARMY,, UNIT_SETTLER 1 11,UNIT_BUILDER 1 0,UNIT_SCOUT 1 0,UNIT_WARRIOR 1 0,
9, 0, ARMY,, UNIT_SETTLER 2 11,UNIT_BUILDER 1 0,UNIT_SCOUT 2 0,UNIT_WARRIOR 1 0,UNIT_VAMPIRE 1 0,
9, 0, ARMY,, 
9, 0, ARMY,, 
9, 0, ARMY,, 
9, 0, ARMY,, 
9, 0, ARMY,, 
9, 0, ARMY,, 
9, 0, ARMY,, 
9, 0, ARMY,, UNIT_BUILDER 1 0,UNIT_WARRIOR 1 0,
9, 0, ARMY,, 
9, 0, ARMY,, 
9, 0, ARMY,, UNIT_WARRIOR 1 0,
9, 0, ARMY,, 
9, 0, ARMY,, 
9, 0, ARMY,, UNIT_WARRIOR 1 0,
9, 0, ARMY,, 
9, 0, ARMY,, 
9, 0, ARMY,, UNIT_BUILDER 1 2,UNIT_WARRIOR 1 2,
9, 0, ARMY,, 
9, 0, ARMY,, 
9, 3, START LOG, , YIELD_FOOD 7.65 +/- 1.80,YIELD_PRODUCTION 6.54 +/- 2.50,YIELD_GOLD 6.10 +/- 1.35,YIELD_SCIENCE 3.43 +/- 0.50,YIELD_CULTURE 1.20 +/- 0.43,YIELD_FAITH 0.66 +/- 0.69,
9, 3, TRADE, TO -1, VAL 0.00
9, 3, CITY, 52:17, 0, 2, 100, 28.00, 1, 1, 3, 28, 2, Is original capital, Is capital
9, 3, CITY, 76:38, 0, 3, 100, 28.00, 1, 1, 3, 34, 0, Is original capital, Is capital
9, 3, CITY, 69:63, 0, 2, 100, 28.00, 1, 1, 3, 26, 0, Is original capital, Is capital
9, 3, CITY, 43:77, 0, 2, 100, 31.00, 1, 1, 3, 28, 1, Is original capital, Is capital
9, 3, CITY, 73:49, 0, 2, 100, 28.00, 1, 1, 3, 27, 0, Is original capital, Is capital
9, 3, CITY, 66:68, 0, 2, 100, 35.08, 1, 1, 8, 20, 0, Is original capital, Is capital
9, 3, CITY, 66:72, 0, 3, 100, 42.00, 1, 1, 9, 23, 0, Is original capital, Is capital
9, 3, CITY, 35:74, 0, 3, 100, 40.00, 1, 1, 8, 23, 1, Is original capital, Is capital
9, 3, CITY, 60:23, 0, 3, 100, 40.00, 1, 1, 8, 24, 0, Is original capital, Is capital
9, 3, ARMY,, UNIT_SETTLER 2 11,UNIT_BUILDER 2 0,UNIT_SCOUT 1 0,UNIT_WARRIOR 1 0,UNIT_VAMPIRE 1 0,
9, 3, ARMY,, UNIT_SETTLER 1 11,UNIT_WARRIOR 1 0,UNIT_BABYLONIAN_SABUM_KIBITTUM 2 0,
9, 3, ARMY,, UNIT_SETTLER 1 11,UNIT_SCOUT 2 0,UNIT_WARRIOR 1 0,
9, 3, ARMY,, UNIT_SETTLER 1 11,UNIT_BUILDER 1 0,UNIT_SCOUT 1 0,UNIT_WARRIOR 1 0,
9, 3, ARMY,, UNIT_SETTLER 2 11,UNIT_BUILDER 1 0,UNIT_SCOUT 2 0,UNIT_WARRIOR 1 0,UNIT_VAMPIRE 1 0,
9, 3, ARMY,, 
9, 3, ARMY,, 
9, 3, ARMY,, 
9, 3, ARMY,, 
9, 3, ARMY,, 
9, 3, ARMY,, 
9, 3, ARMY,, 
9, 3, ARMY,, UNIT_BUILDER 1 0,UNIT_WARRIOR 1 0,
9, 3, ARMY,, 
9, 3, ARMY,, 
9, 3, ARMY,, UNIT_WARRIOR 1 0,
9, 3, ARMY,, 
9, 3, ARMY,, 
9, 3, ARMY,, UNIT_WARRIOR 1 0,
9, 3, ARMY,, 
9, 3, ARMY,, 
9, 3, ARMY,, UNIT_BUILDER 1 3,UNIT_WARRIOR 1 2,
9, 3, ARMY,, 
9, 3, ARMY,, 
10, 5, START LOG, , YIELD_FOOD 7.65 +/- 3.20,YIELD_PRODUCTION 13.73 +/- 7.65,YIELD_GOLD 4.48 +/- 4.79,YIELD_SCIENCE 1.83 +/- 1.45,YIELD_CULTURE 1.50 +/- 1.62,YIELD_FAITH 0.99 +/- 1.89,
10, 5, TRADE, TO -1, VAL 0.00
10, 5, CITY, 26:70, 0, 3, 100, 21.00, 1, 1, 13, 47, 0, Is original capital, Is capital
10, 5, CITY, 38:8, 0, 3, 100, 29.00, 1, 1, 3, 53, 1, Is original capital, Is capital
10, 5, CITY, 23:15, 0, 2, 100, 29.00, 1, 1, 3, 51, 0, Is original capital, Is capital
10, 5, CITY, 11:43, 0, 4, 100, 29.00, 1, 1, 3, 58, 0, Is original capital, Is capital
10, 5, CITY, 13:58, 0, 3, 100, 21.00, 1, 1, 3, 49, 0, Is original capital, Is capital
10, 5, CITY, 21:18, 0, 2, 100, 20.00, 1, 1, 0, 21, 0, Not original capital, Not capital
10, 5, CITY, 22:55, 0, 3, 100, 40.00, 1, 1, 8, 23, 0, Is original capital, Is capital
10, 5, CITY, 23:72, 0, 2, 100, 20.00, 1, 1, 0, 21, 1, Not original capital, Not capital
10, 5, CITY, 9:57, 0, 2, 100, 20.00, 1, 1, 0, 23, 1, Not original capital, Not capital
10, 5, CITY, 35:10, 0, 1, 100, 20.00, 1, 1, 0, 15, 0, Not original capital, Not capital
10, 5, CITY, 21:22, 0, 1, 100, 20.00, 1, 1, 0, 13, 0, Not original capital, Not capital
10, 5, CITY, 10:39, 0, 1, 100, 20.00, 1, 1, 0, 12, 0, Not original capital, Not capital
10, 5, ARMY,, 
10, 5, ARMY,, 
10, 5, ARMY,, 
10, 5, ARMY,, 
10, 5, ARMY,, 
10, 5, ARMY,, UNIT_SETTLER 3 9,UNIT_BUILDER 2 0,UNIT_SCOUT 3 0,UNIT_WARRIOR 1 0,UNIT_VAMPIRE 1 0,
10, 5, ARMY,, UNIT_SETTLER 3 9,UNIT_BUILDER 1 3,UNIT_SCOUT 4 0,UNIT_WARRIOR 1 0,
10, 5, ARMY,, UNIT_SETTLER 3 9,UNIT_BUILDER 1 0,UNIT_SCOUT 4 0,UNIT_WARRIOR 1 0,
10, 5, ARMY,, UNIT_SETTLER 4 9,UNIT_BUILDER 3 0,UNIT_SCOUT 4 0,UNIT_WARRIOR 1 0,
10, 5, ARMY,, UNIT_SETTLER 3 9,UNIT_BUILDER 3 1,UNIT_SCOUT 3 0,UNIT_WARRIOR 1 0,
10, 5, ARMY,, 
10, 5, ARMY,, UNIT_BUILDER 1 1,UNIT_WARRIOR 2 2,
10, 5, ARMY,, 
10, 5, ARMY,, 
10, 5, ARMY,, 
10, 5, ARMY,, 
10, 5, ARMY,, 
10, 5, ARMY,, 
10, 5, ARMY,, 
10, 5, ARMY,, 
10, 5, ARMY,, 
10, 5, ARMY,, 
10, 5, ARMY,, 
10, 5, ARMY,, 
10, 6, START LOG, , YIELD_FOOD 7.82 +/- 3.09,YIELD_PRODUCTION 13.98 +/- 7.57,YIELD_GOLD 4.48 +/- 4.79,YIELD_SCIENCE 1.91 +/- 1.43,YIELD_CULTURE 1.50 +/- 1.62,YIELD_FAITH 1.07 +/- 1.87,
10, 6, TRADE, TO -1, VAL 0.00
10, 6, CITY, 26:70, 0, 3, 100, 21.00, 1, 1, 3, 47, 0, Is original capital, Is capital
10, 6, CITY, 13:58, 0, 3, 100, 21.00, 1, 1, 13, 48, 0, Is original capital, Is capital
10, 6, CITY, 38:8, 0, 3, 100, 29.00, 1, 1, 3, 53, 1, Is original capital, Is capital
10, 6, CITY, 23:15, 0, 2, 100, 29.00, 1, 1, 3, 51, 0, Is original capital, Is capital
10, 6, CITY, 11:43, 0, 4, 100, 29.00, 1, 1, 3, 58, 0, Is original capital, Is capital
10, 6, CITY, 21:18, 0, 2, 100, 20.00, 1, 1, 0, 21, 0, Not original capital, Not capital
10, 6, CITY, 22:55, 0, 3, 100, 40.00, 1, 1, 8, 23, 0, Is original capital, Is capital
10, 6, CITY, 23:72, 0, 2, 100, 20.00, 1, 1, 0, 21, 1, Not original capital, Not capital
10, 6, CITY, 9:57, 0, 2, 100, 20.00, 1, 1, 0, 25, 1, Not original capital, Not capital
10, 6, CITY, 35:10, 0, 1, 100, 20.00, 1, 1, 0, 15, 0, Not original capital, Not capital
10, 6, CITY, 21:22, 0, 1, 100, 20.00, 1, 1, 0, 13, 0, Not original capital, Not capital
10, 6, CITY, 10:39, 0, 1, 100, 20.00, 1, 1, 0, 12, 0, Not original capital, Not capital
10, 6, ARMY,, 
10, 6, ARMY,, 
10, 6, ARMY,, 
10, 6, ARMY,, 
10, 6, ARMY,, 
10, 6, ARMY,, UNIT_SETTLER 2 5,UNIT_BUILDER 2 0,UNIT_SCOUT 3 0,UNIT_WARRIOR 1 0,UNIT_VAMPIRE 1 0,
10, 6, ARMY,, UNIT_SETTLER 3 9,UNIT_BUILDER 1 3,UNIT_SCOUT 4 0,UNIT_WARRIOR 2 0,
10, 6, ARMY,, UNIT_SETTLER 3 9,UNIT_BUILDER 1 0,UNIT_SCOUT 4 0,UNIT_WARRIOR 1 0,
10, 6, ARMY,, UNIT_SETTLER 4 9,UNIT_BUILDER 3 0,UNIT_SCOUT 4 0,UNIT_WARRIOR 1 0,
10, 6, ARMY,, UNIT_SETTLER 3 9,UNIT_BUILDER 3 1,UNIT_SCOUT 3 0,UNIT_WARRIOR 1 0,
10, 6, ARMY,, 
10, 6, ARMY,, UNIT_BUILDER 1 2,UNIT_WARRIOR 2 3,
10, 6, ARMY,, 
10, 6, ARMY,, 
10, 6, ARMY,, 
10, 6, ARMY,, 
10, 6, ARMY,, 
10, 6, ARMY,, 
10, 6, ARMY,, 
10, 6, ARMY,, 
10, 6, ARMY,, 
10, 6, ARMY,, 
10, 6, ARMY,, 
10, 6, ARMY,, 
10, 7, START LOG, , YIELD_FOOD 7.82 +/- 3.09,YIELD_PRODUCTION 13.98 +/- 7.57,YIELD_GOLD 4.48 +/- 4.79,YIELD_SCIENCE 1.91 +/- 1.43,YIELD_CULTURE 1.50 +/- 1.62,YIELD_FAITH 1.07 +/- 1.87,
10, 7, TRADE, TO -1, VAL 0.00
10, 7, CITY, 13:58, 0, 3, 100, 21.00, 1, 1, 13, 48, 0, Is original capital, Is capital
10, 7, CITY, 26:70, 0, 3, 100, 21.00, 1, 1, 3, 47, 0, Is original capital, Is capital
10, 7, CITY, 11:43, 0, 4, 100, 29.00, 1, 1, 13, 58, 0, Is original capital, Is capital
10, 7, CITY, 38:8, 0, 3, 100, 29.00, 1, 1, 3, 53, 1, Is original capital, Is capital
10, 7, CITY, 23:15, 0, 2, 100, 29.00, 1, 1, 3, 51, 0, Is original capital, Is capital
10, 7, CITY, 21:18, 0, 2, 100, 20.00, 1, 1, 0, 21, 0, Not original capital, Not capital
10, 7, CITY, 22:55, 0, 3, 100, 40.00, 1, 1, 8, 23, 0, Is original capital, Is capital
10, 7, CITY, 9:57, 0, 2, 100, 20.00, 1, 1, 0, 25, 1, Not original capital, Not capital
10, 7, CITY, 23:72, 0, 2, 100, 20.00, 1, 1, 0, 21, 1, Not original capital, Not capital
10, 7, CITY, 35:10, 0, 1, 100, 20.00, 1, 1, 0, 15, 0, Not original capital, Not capital
10, 7, CITY, 10:39, 0, 1, 100, 20.00, 1, 1, 0, 14, 0, Not original capital, Not capital
10, 7, CITY, 21:22, 0, 1, 100, 20.00, 1, 1, 0, 13, 0, Not original capital, Not capital
10, 7, ARMY,, 
10, 7, ARMY,, 
10, 7, ARMY,, 
10, 7, ARMY,, 
10, 7, ARMY,, 
10, 7, ARMY,, UNIT_SETTLER 2 5,UNIT_BUILDER 2 0,UNIT_SCOUT 3 0,UNIT_WARRIOR 1 0,UNIT_VAMPIRE 1 0,
10, 7, ARMY,, UNIT_SETTLER 2 5,UNIT_BUILDER 1 4,UNIT_SCOUT 4 0,UNIT_WARRIOR 2 0,
10, 7, ARMY,, UNIT_SETTLER 3 9,UNIT_BUILDER 1 0,UNIT_SCOUT 4 0,UNIT_WARRIOR 2 0,
10, 7, ARMY,, UNIT_SETTLER 4 9,UNIT_BUILDER 3 0,UNIT_SCOUT 4 0,UNIT_WARRIOR 1 0,
10, 7, ARMY,, UNIT_SETTLER 3 9,UNIT_BUILDER 3 1,UNIT_SCOUT 3 0,UNIT_WARRIOR 1 0,
10, 7, ARMY,, 
10, 7, ARMY,, UNIT_BUILDER 1 2,UNIT_WARRIOR 2 3,
10, 7, ARMY,, 
10, 7, ARMY,, 
10, 7, ARMY,, 
10, 7, ARMY,, 
10, 7, ARMY,, 
10, 7, ARMY,, 
10, 7, ARMY,, 
10, 7, ARMY,, 
10, 7, ARMY,, 
10, 7, ARMY,, 
10, 7, ARMY,, 
10, 7, ARMY,, 
10, 8, START LOG, , YIELD_FOOD 8.07 +/- 2.87,YIELD_PRODUCTION 14.15 +/- 7.52,YIELD_GOLD 4.48 +/- 4.79,YIELD_SCIENCE 1.99 +/- 1.34,YIELD_CULTURE 1.50 +/- 1.62,YIELD_FAITH 1.07 +/- 1.87,
10, 8, TRADE, TO -1, VAL 0.00
10, 8, CITY, 11:43, 0, 4, 100, 29.00, 1, 1, 3, 58, 0, Is original capital, Is capital
10, 8, CITY, 13:58, 0, 3, 100, 21.00, 1, 1, 13, 48, 0, Is original capital, Is capital
10, 8, CITY, 26:70, 0, 3, 100, 21.00, 1, 1, 3, 47, 0, Is original capital, Is capital
10, 8, CITY, 23:15, 0, 2, 100, 29.00, 1, 1, 3, 51, 0, Is original capital, Is capital
10, 8, CITY, 38:8, 0, 3, 100, 29.00, 1, 1, 3, 53, 1, Is original capital, Is capital
10, 8, CITY, 21:18, 0, 2, 100, 21.00, 1, 1, 0, 28, 0, Not original capital, Not capital
10, 8, CITY, 22:55, 0, 3, 100, 40.00, 1, 1, 8, 23, 0, Is original capital, Is capital
10, 8, CITY, 9:57, 0, 2, 100, 20.00, 1, 1, 0, 25, 1, Not original capital, Not capital
10, 8, CITY, 23:72, 0, 2, 100, 20.00, 1, 1, 0, 21, 1, Not original capital, Not capital
10, 8, CITY, 35:10, 0, 1, 100, 20.00, 1, 1, 0, 15, 0, Not original capital, Not capital
10, 8, CITY, 10:39, 0, 1, 100, 20.00, 1, 1, 0, 14, 0, Not original capital, Not capital
10, 8, CITY, 21:22, 0, 2, 100, 20.00, 1, 1, 0, 20, 0, Not original capital, Not capital
10, 8, ARMY,, 
10, 8, ARMY,, 
10, 8, ARMY,, 
10, 8, ARMY,, 
10, 8, ARMY,, 
10, 8, ARMY,, UNIT_SETTLER 2 5,UNIT_BUILDER 2 0,UNIT_SCOUT 3 0,UNIT_WARRIOR 1 0,UNIT_VAMPIRE 1 0,
10, 8, ARMY,, UNIT_SETTLER 2 5,UNIT_BUILDER 1 4,UNIT_SCOUT 4 0,UNIT_WARRIOR 2 0,
10, 8, ARMY,, UNIT_SETTLER 2 3,UNIT_BUILDER 1 0,UNIT_SCOUT 4 0,UNIT_WARRIOR 2 0,
10, 8, ARMY,, UNIT_SETTLER 4 9,UNIT_BUILDER 4 0,UNIT_SCOUT 4 0,UNIT_WARRIOR 1 0,
10, 8, ARMY,, UNIT_SETTLER 3 9,UNIT_BUILDER 3 1,UNIT_SCOUT 3 0,UNIT_WARRIOR 1 0,
10, 8, ARMY,, 
10, 8, ARMY,, UNIT_BUILDER 1 2,UNIT_WARRIOR 2 3,
10, 8, ARMY,, 
10, 8, ARMY,, 
10, 8, ARMY,, 
10, 8, ARMY,, 
10, 8, ARMY,, 
10, 8, ARMY,, 
10, 8, ARMY,, 
10, 8, ARMY,, 
10, 8, ARMY,, 
10, 8, ARMY,, 
10, 8, ARMY,, 
10, 8, ARMY,, 
10, 9, START LOG, , YIELD_FOOD 8.24 +/- 2.86,YIELD_PRODUCTION 14.56 +/- 7.88,YIELD_GOLD 4.65 +/- 4.96,YIELD_SCIENCE 1.99 +/- 1.34,YIELD_CULTURE 1.50 +/- 1.62,YIELD_FAITH 1.07 +/- 1.87,
10, 9, TRADE, TO -1, VAL 0.00
10, 9, CITY, 23:15, 0, 2, 100, 29.00, 1, 1, 3, 51, 0, Is original capital, Is capital
10, 9, CITY, 11:43, 0, 4, 100, 29.00, 1, 1, 3, 58, 0, Is original capital, Is capital
10, 9, CITY, 13:58, 0, 3, 100, 21.00, 1, 1, 13, 48, 0, Is original capital, Is capital
10, 9, CITY, 26:70, 0, 3, 100, 21.00, 1, 1, 3, 47, 0, Is original capital, Is capital
10, 9, CITY, 38:8, 0, 3, 100, 29.00, 1, 1, 13, 54, 1, Is original capital, Is capital
10, 9, CITY, 21:18, 0, 2, 100, 21.00, 1, 1, 0, 28, 0, Not original capital, Not capital
10, 9, CITY, 22:55, 0, 3, 100, 40.00, 1, 1, 8, 23, 0, Is original capital, Is capital
10, 9, CITY, 9:57, 0, 2, 100, 20.00, 1, 1, 0, 25, 1, Not original capital, Not capital
10, 9, CITY, 23:72, 0, 2, 100, 20.00, 1, 1, 0, 21, 1, Not original capital, Not capital
10, 9, CITY, 35:10, 0, 1, 100, 21.00, 1, 1, 0, 22, 0, Not original capital, Not capital
10, 9, CITY, 21:22, 0, 2, 100, 20.00, 1, 1, 0, 20, 0, Not original capital, Not capital
10, 9, CITY, 10:39, 0, 1, 100, 20.00, 1, 1, 0, 14, 0, Not original capital, Not capital
10, 9, ARMY,, 
10, 9, ARMY,, 
10, 9, ARMY,, 
10, 9, ARMY,, 
10, 9, ARMY,, 
10, 9, ARMY,, UNIT_SETTLER 2 5,UNIT_BUILDER 2 0,UNIT_SCOUT 3 0,UNIT_WARRIOR 1 0,UNIT_VAMPIRE 1 0,
10, 9, ARMY,, UNIT_SETTLER 2 5,UNIT_BUILDER 1 4,UNIT_SCOUT 4 0,UNIT_WARRIOR 2 0,
10, 9, ARMY,, UNIT_SETTLER 2 3,UNIT_BUILDER 1 0,UNIT_SCOUT 4 0,UNIT_WARRIOR 2 0,
10, 9, ARMY,, UNIT_SETTLER 3 6,UNIT_BUILDER 4 0,UNIT_SCOUT 4 0,UNIT_WARRIOR 1 0,
10, 9, ARMY,, UNIT_SETTLER 3 9,UNIT_BUILDER 3 1,UNIT_SCOUT 3 0,UNIT_WARRIOR 2 0,
10, 9, ARMY,, 
10, 9, ARMY,, UNIT_BUILDER 1 2,UNIT_WARRIOR 2 3,
10, 9, ARMY,, 
10, 9, ARMY,, 
10, 9, ARMY,, 
10, 9, ARMY,, 
10, 9, ARMY,, 
10, 9, ARMY,, 
10, 9, ARMY,, 
10, 9, ARMY,, 
10, 9, ARMY,, 
10, 9, ARMY,, 
10, 9, ARMY,, 
10, 9, ARMY,, 
10, 10, START LOG, , YIELD_FOOD 0.00 +/- 0.00,YIELD_PRODUCTION 0.00 +/- 0.00,YIELD_GOLD 0.00 +/- 0.00,YIELD_SCIENCE 0.00 +/- 0.00,YIELD_CULTURE 0.00 +/- 0.00,YIELD_FAITH 0.00 +/- 0.00,
10, 10, TRADE, TO -1, VAL 0.00
10, 10, CITY, 70:15, 0, 2, 100, 40.00, 1, 1, 8, 21, 0, Is original capital, Is capital
10, 10, ARMY,, 
10, 10, ARMY,, 
10, 10, ARMY,, 
10, 10, ARMY,, 
10, 10, ARMY,, 
10, 10, ARMY,, 
10, 10, ARMY,, 
10, 10, ARMY,, 
10, 10, ARMY,, 
10, 10, ARMY,, 
10, 10, ARMY,, UNIT_SETTLER 1 9,UNIT_BUILDER 1 0,UNIT_WARRIOR 2 0,
10, 10, ARMY,, 
10, 10, ARMY,, 
10, 10, ARMY,, 
10, 10, ARMY,, 
10, 10, ARMY,, 
10, 10, ARMY,, 
10, 10, ARMY,, 
10, 10, ARMY,, 
10, 10, ARMY,, 
10, 10, ARMY,, 
10, 10, ARMY,, 
10, 10, ARMY,, 
10, 10, ARMY,, 
10, 11, START LOG, , YIELD_FOOD 0.00 +/- 0.00,YIELD_PRODUCTION 0.00 +/- 0.00,YIELD_GOLD 0.00 +/- 0.00,YIELD_SCIENCE 0.00 +/- 0.00,YIELD_CULTURE 0.00 +/- 0.00,YIELD_FAITH 0.00 +/- 0.00,
10, 11, TRADE, TO -1, VAL 2.50
10, 11, CITY, 22:55, 0, 3, 100, 40.00, 1, 1, 8, 23, 0, Is original capital, Is capital
10, 11, ARMY,, 
10, 11, ARMY,, 
10, 11, ARMY,, 
10, 11, ARMY,, 
10, 11, ARMY,, 
10, 11, ARMY,, UNIT_SCOUT 1 2,
10, 11, ARMY,, 
10, 11, ARMY,, 
10, 11, ARMY,, 
10, 11, ARMY,, 
10, 11, ARMY,, 
10, 11, ARMY,, UNIT_SETTLER 1 9,UNIT_BUILDER 1 0,UNIT_WARRIOR 2 0,
10, 11, ARMY,, 
10, 11, ARMY,, 
10, 11, ARMY,, 
10, 11, ARMY,, 
10, 11, ARMY,, 
10, 11, ARMY,, 
10, 11, ARMY,, 
10, 11, ARMY,, 
10, 11, ARMY,, 
10, 11, ARMY,, 
10, 11, ARMY,, 
10, 11, ARMY,, 
10, 12, START LOG, , YIELD_FOOD 0.00 +/- 0.00,YIELD_PRODUCTION 0.00 +/- 0.00,YIELD_GOLD 0.00 +/- 0.00,YIELD_SCIENCE 0.00 +/- 0.00,YIELD_CULTURE 0.00 +/- 0.00,YIELD_FAITH 0.00 +/- 0.00,
10, 12, TRADE, TO -1, VAL 1.80
10, 12, CITY, 66:72, 0, 3, 100, 42.00, 1, 1, 9, 23, 0, Is original capital, Is capital
10, 12, ARMY,, 
10, 12, ARMY,, 
10, 12, ARMY,, UNIT_SCOUT 1 0,
10, 12, ARMY,, 
10, 12, ARMY,, 
10, 12, ARMY,, 
10, 12, ARMY,, 
10, 12, ARMY,, 
10, 12, ARMY,, 
10, 12, ARMY,, 
10, 12, ARMY,, 
10, 12, ARMY,, 
10, 12, ARMY,, UNIT_SETTLER 1 9,UNIT_BUILDER 1 0,UNIT_WARRIOR 2 0,
10, 12, ARMY,, 
10, 12, ARMY,, 
10, 12, ARMY,, 
10, 12, ARMY,, 
10, 12, ARMY,, 
10, 12, ARMY,, 
10, 12, ARMY,, 
10, 12, ARMY,, 
10, 12, ARMY,, UNIT_SETTLER 1 8,UNIT_WARRIOR 2 1,
10, 12, ARMY,, 
10, 12, ARMY,, 
10, 13, START LOG, , YIELD_FOOD 0.00 +/- 0.00,YIELD_PRODUCTION 0.00 +/- 0.00,YIELD_GOLD 0.00 +/- 0.00,YIELD_SCIENCE 0.00 +/- 0.00,YIELD_CULTURE 0.00 +/- 0.00,YIELD_FAITH 0.00 +/- 0.00,
10, 13, TRADE, TO -1, VAL 0.00
10, 13, CITY, 57:2, 0, 3, 100, 40.00, 1, 1, 8, 24, 1, Is original capital, Is capital
10, 13, ARMY,, 
10, 13, ARMY,, 
10, 13, ARMY,, 
10, 13, ARMY,, 
10, 13, ARMY,, 
10, 13, ARMY,, 
10, 13, ARMY,, 
10, 13, ARMY,, 
10, 13, ARMY,, 
10, 13, ARMY,, 
10, 13, ARMY,, 
10, 13, ARMY,, 
10, 13, ARMY,, 
10, 13, ARMY,, UNIT_SETTLER 1 9,UNIT_BUILDER 1 0,UNIT_WARRIOR 2 0,
10, 13, ARMY,, 
10, 13, ARMY,, 
10, 13, ARMY,, 
10, 13, ARMY,, 
10, 13, ARMY,, 
10, 13, ARMY,, 
10, 13, ARMY,, 
10, 13, ARMY,, 
10, 13, ARMY,, 
10, 13, ARMY,, 
10, 14, START LOG, , YIELD_FOOD 0.00 +/- 0.00,YIELD_PRODUCTION 0.00 +/- 0.00,YIELD_GOLD 0.00 +/- 0.00,YIELD_SCIENCE 0.00 +/- 0.00,YIELD_CULTURE 0.00 +/- 0.00,YIELD_FAITH 0.00 +/- 0.00,
10, 14, TRADE, TO -1, VAL 0.00
10, 14, CITY, 2:26, 0, 2, 100, 40.00, 1, 1, 8, 20, 0, Is original capital, Is capital
10, 14, ARMY,, 
10, 14, ARMY,, 
10, 14, ARMY,, 
10, 14, ARMY,, 
10, 14, ARMY,, 
10, 14, ARMY,, 
10, 14, ARMY,, 
10, 14, ARMY,, 
10, 14, ARMY,, 
10, 14, ARMY,, 
10, 14, ARMY,, 
10, 14, ARMY,, 
10, 14, ARMY,, 
10, 14, ARMY,, 
10, 14, ARMY,, UNIT_SETTLER 1 9,UNIT_BUILDER 1 0,UNIT_WARRIOR 2 0,
10, 14, ARMY,, 
10, 14, ARMY,, 
10, 14, ARMY,, 
10, 14, ARMY,, 
10, 14, ARMY,, 
10, 14, ARMY,, 
10, 14, ARMY,, 
10, 14, ARMY,, 
10, 14, ARMY,, 
10, 15, START LOG, , YIELD_FOOD 0.00 +/- 0.00,YIELD_PRODUCTION 0.00 +/- 0.00,YIELD_GOLD 0.00 +/- 0.00,YIELD_SCIENCE 0.00 +/- 0.00,YIELD_CULTURE 0.00 +/- 0.00,YIELD_FAITH 0.00 +/- 0.00,
10, 15, TRADE, TO -1, VAL 0.00
10, 15, CITY, 60:23, 0, 3, 100, 40.00, 1, 1, 8, 24, 0, Is original capital, Is capital
10, 15, ARMY,, 
10, 15, ARMY,, 
10, 15, ARMY,, 
10, 15, ARMY,, 
10, 15, ARMY,, UNIT_SCOUT 1 0,
10, 15, ARMY,, 
10, 15, ARMY,, 
10, 15, ARMY,, 
10, 15, ARMY,, 
10, 15, ARMY,, 
10, 15, ARMY,, 
10, 15, ARMY,, 
10, 15, ARMY,, 
10, 15, ARMY,, 
10, 15, ARMY,, 
10, 15, ARMY,, UNIT_SETTLER 1 9,UNIT_BUILDER 1 0,UNIT_WARRIOR 2 0,
10, 15, ARMY,, 
10, 15, ARMY,, 
10, 15, ARMY,, 
10, 15, ARMY,, 
10, 15, ARMY,, 
10, 15, ARMY,, 
10, 15, ARMY,, 
10, 15, ARMY,, 
10, 16, START LOG, , YIELD_FOOD 0.00 +/- 0.00,YIELD_PRODUCTION 0.00 +/- 0.00,YIELD_GOLD 0.00 +/- 0.00,YIELD_SCIENCE 0.00 +/- 0.00,YIELD_CULTURE 0.00 +/- 0.00,YIELD_FAITH 0.00 +/- 0.00,
10, 16, TRADE, TO -1, VAL 0.00
10, 16, CITY, 8:23, 0, 3, 100, 40.00, 1, 1, 8, 25, 0, Is original capital, Is capital
10, 16, ARMY,, 
10, 16, ARMY,, 
10, 16, ARMY,, 
10, 16, ARMY,, 
10, 16, ARMY,, 
10, 16, ARMY,, 
10, 16, ARMY,, 
10, 16, ARMY,, 
10, 16, ARMY,, 
10, 16, ARMY,, 
10, 16, ARMY,, 
10, 16, ARMY,, 
10, 16, ARMY,, 
10, 16, ARMY,, 
10, 16, ARMY,, 
10, 16, ARMY,, 
10, 16, ARMY,, UNIT_SETTLER 1 9,UNIT_BUILDER 1 0,UNIT_WARRIOR 2 0,
10, 16, ARMY,, 
10, 16, ARMY,, 
10, 16, ARMY,, 
10, 16, ARMY,, 
10, 16, ARMY,, 
10, 16, ARMY,, 
10, 16, ARMY,, 
10, 17, START LOG, , YIELD_FOOD 0.00 +/- 0.00,YIELD_PRODUCTION 0.00 +/- 0.00,YIELD_GOLD 0.00 +/- 0.00,YIELD_SCIENCE 0.00 +/- 0.00,YIELD_CULTURE 0.00 +/- 0.00,YIELD_FAITH 0.00 +/- 0.00,
10, 17, TRADE, TO -1, VAL 0.00
10, 17, CITY, 59:74, 0, 2, 100, 40.00, 1, 1, 8, 21, 0, Is original capital, Is capital
10, 17, ARMY,, 
10, 17, ARMY,, 
10, 17, ARMY,, 
10, 17, ARMY,, 
10, 17, ARMY,, 
10, 17, ARMY,, 
10, 17, ARMY,, 
10, 17, ARMY,, 
10, 17, ARMY,, 
10, 17, ARMY,, 
10, 17, ARMY,, 
10, 17, ARMY,, 
10, 17, ARMY,, 
10, 17, ARMY,, 
10, 17, ARMY,, 
10, 17, ARMY,, 
10, 17, ARMY,, 
10, 17, ARMY,, UNIT_SETTLER 1 9,UNIT_BUILDER 1 0,UNIT_WARRIOR 2 0,
10, 17, ARMY,, 
10, 17, ARMY,, 
10, 17, ARMY,, 
10, 17, ARMY,, 
10, 17, ARMY,, 
10, 17, ARMY,, 
10, 18, START LOG, , YIELD_FOOD 0.00 +/- 0.00,YIELD_PRODUCTION 0.00 +/- 0.00,YIELD_GOLD 0.00 +/- 0.00,YIELD_SCIENCE 0.00 +/- 0.00,YIELD_CULTURE 0.00 +/- 0.00,YIELD_FAITH 0.00 +/- 0.00,
10, 18, TRADE, TO -1, VAL 1.80
10, 18, CITY, 35:74, 0, 3, 100, 40.00, 1, 1, 8, 23, 1, Is original capital, Is capital
10, 18, ARMY,, UNIT_VAMPIRE 1 0,
10, 18, ARMY,, 
10, 18, ARMY,, 
10, 18, ARMY,, 
10, 18, ARMY,, 
10, 18, ARMY,, 
10, 18, ARMY,, 
10, 18, ARMY,, 
10, 18, ARMY,, 
10, 18, ARMY,, 
10, 18, ARMY,, 
10, 18, ARMY,, 
10, 18, ARMY,, 
10, 18, ARMY,, 
10, 18, ARMY,, 
10, 18, ARMY,, 
10, 18, ARMY,, 
10, 18, ARMY,, 
10, 18, ARMY,, UNIT_SETTLER 1 9,UNIT_BUILDER 1 1,UNIT_WARRIOR 2 0,
10, 18, ARMY,, 
10, 18, ARMY,, 
10, 18, ARMY,, 
10, 18, ARMY,, 
10, 18, ARMY,, 
10, 19, START LOG, , YIELD_FOOD 0.00 +/- 0.00,YIELD_PRODUCTION 0.00 +/- 0.00,YIELD_GOLD 0.00 +/- 0.00,YIELD_SCIENCE 0.00 +/- 0.00,YIELD_CULTURE 0.00 +/- 0.00,YIELD_FAITH 0.00 +/- 0.00,
10, 19, TRADE, TO -1, VAL 0.00
10, 19, CITY, 15:70, 0, 2, 100, 40.00, 1, 1, 8, 20, 0, Is original capital, Is capital
10, 19, ARMY,, 
10, 19, ARMY,, 
10, 19, ARMY,, 
10, 19, ARMY,, 
10, 19, ARMY,, 
10, 19, ARMY,, 
10, 19, ARMY,, 
10, 19, ARMY,, 
10, 19, ARMY,, 
10, 19, ARMY,, 
10, 19, ARMY,, 
10, 19, ARMY,, 
10, 19, ARMY,, 
10, 19, ARMY,, 
10, 19, ARMY,, 
10, 19, ARMY,, 
10, 19, ARMY,, 
10, 19, ARMY,, 
10, 19, ARMY,, 
10, 19, ARMY,, UNIT_SETTLER 1 9,UNIT_BUILDER 1 0,UNIT_WARRIOR 2 0,
10, 19, ARMY,, 
10, 19, ARMY,, 
10, 19, ARMY,, 
10, 19, ARMY,, 
10, 20, START LOG, , YIELD_FOOD 0.00 +/- 0.00,YIELD_PRODUCTION 0.00 +/- 0.00,YIELD_GOLD 0.00 +/- 0.00,YIELD_SCIENCE 0.00 +/- 0.00,YIELD_CULTURE 0.00 +/- 0.00,YIELD_FAITH 0.00 +/- 0.00,
10, 20, TRADE, TO -1, VAL 0.00
10, 20, CITY, 68:27, 0, 4, 100, 40.00, 1, 1, 13, 30, 1, Is original capital, Is capital
10, 20, ARMY,, 
10, 20, ARMY,, 
10, 20, ARMY,, 
10, 20, ARMY,, 
10, 20, ARMY,, 
10, 20, ARMY,, 
10, 20, ARMY,, 
10, 20, ARMY,, 
10, 20, ARMY,, 
10, 20, ARMY,, 
10, 20, ARMY,, 
10, 20, ARMY,, 
10, 20, ARMY,, 
10, 20, ARMY,, 
10, 20, ARMY,, 
10, 20, ARMY,, 
10, 20, ARMY,, 
10, 20, ARMY,, 
10, 20, ARMY,, 
10, 20, ARMY,, 
10, 20, ARMY,, UNIT_SETTLER 1 9,UNIT_BUILDER 1 0,UNIT_WARRIOR 2 0,
10, 20, ARMY,, 
10, 20, ARMY,, 
10, 20, ARMY,, 
10, 21, START LOG, , YIELD_FOOD 8.00 +/- 1.41,YIELD_PRODUCTION 4.00 +/- 0.00,YIELD_GOLD 5.00 +/- 0.00,YIELD_SCIENCE 3.00 +/- 0.00,YIELD_CULTURE 1.50 +/- 0.71,YIELD_FAITH 0.00 +/- 0.00,
10, 21, TRADE, TO -1, VAL 1.80
10, 21, CITY, 66:72, 0, 3, 100, 42.00, 1, 1, 14, 23, 0, Is original capital, Is capital
10, 21, CITY, 66:68, 0, 2, 100, 35.08, 1, 1, 8, 20, 0, Is original capital, Is capital
10, 21, ARMY,, 
10, 21, ARMY,, 
10, 21, ARMY,, UNIT_SCOUT 1 1,
10, 21, ARMY,, 
10, 21, ARMY,, 
10, 21, ARMY,, 
10, 21, ARMY,, 
10, 21, ARMY,, 
10, 21, ARMY,, 
10, 21, ARMY,, 
10, 21, ARMY,, 
10, 21, ARMY,, 
10, 21, ARMY,, UNIT_BUILDER 1 1,UNIT_WARRIOR 2 2,
10, 21, ARMY,, 
10, 21, ARMY,, 
10, 21, ARMY,, 
10, 21, ARMY,, 
10, 21, ARMY,, 
10, 21, ARMY,, 
10, 21, ARMY,, 
10, 21, ARMY,, 
10, 21, ARMY,, UNIT_SETTLER 1 6,UNIT_BUILDER 1 0,UNIT_WARRIOR 2 0,
10, 21, ARMY,, 
10, 21, ARMY,, 
10, 62, START LOG, , YIELD_FOOD 0.00 +/- 0.00,YIELD_PRODUCTION 0.00 +/- 0.00,YIELD_GOLD 0.00 +/- 0.00,YIELD_SCIENCE 0.00 +/- 0.00,YIELD_CULTURE 0.00 +/- 0.00,YIELD_FAITH 0.00 +/- 0.00,
10, 62, TRADE, TO -1, VAL 2.25
10, 62, ARMY,, 
10, 62, ARMY,, 
10, 62, ARMY,, 
10, 62, ARMY,, 
10, 62, ARMY,, 
10, 62, ARMY,, 
10, 62, ARMY,, 
10, 62, ARMY,, 
10, 62, ARMY,, 
10, 62, ARMY,, 
10, 62, ARMY,, 
10, 62, ARMY,, 
10, 62, ARMY,, 
10, 62, ARMY,, 
10, 62, ARMY,, 
10, 62, ARMY,, 
10, 62, ARMY,, 
10, 62, ARMY,, 
10, 62, ARMY,, 
10, 62, ARMY,, 
10, 62, ARMY,, 
10, 62, ARMY,, 
10, 62, ARMY,, 
10, 62, ARMY,, 
10, 63, START LOG, , YIELD_FOOD 0.00 +/- 0.00,YIELD_PRODUCTION 0.00 +/- 0.00,YIELD_GOLD 0.00 +/- 0.00,YIELD_SCIENCE 0.00 +/- 0.00,YIELD_CULTURE 0.00 +/- 0.00,YIELD_FAITH 0.00 +/- 0.00,
10, 63, TRADE, TO -1, VAL 0.00
10, 63, ARMY,, 
10, 63, ARMY,, 
10, 63, ARMY,, 
10, 63, ARMY,, 
10, 63, ARMY,, 
10, 63, ARMY,, 
10, 63, ARMY,, 
10, 63, ARMY,, 
10, 63, ARMY,, 
10, 63, ARMY,, 
10, 63, ARMY,, 
10, 63, ARMY,, 
10, 63, ARMY,, 
10, 63, ARMY,, 
10, 63, ARMY,, 
10, 63, ARMY,, 
10, 63, ARMY,, 
10, 63, ARMY,, 
10, 63, ARMY,, 
10, 63, ARMY,, 
10, 63, ARMY,, 
10, 63, ARMY,, 
10, 63, ARMY,, 
10, 63, ARMY,, 
10, 0, START LOG, , YIELD_FOOD 7.65 +/- 1.80,YIELD_PRODUCTION 6.54 +/- 2.50,YIELD_GOLD 6.21 +/- 1.29,YIELD_SCIENCE 3.43 +/- 0.50,YIELD_CULTURE 1.20 +/- 0.43,YIELD_FAITH 0.77 +/- 0.82,
10, 0, TRADE, TO -1, VAL 0.00
10, 0, CITY, 52:17, 0, 2, 100, 28.00, 1, 1, 3, 28, 2, Is original capital, Is capital
10, 0, CITY, 76:38, 0, 3, 100, 28.00, 1, 1, 3, 34, 0, Is original capital, Is capital
10, 0, CITY, 73:49, 0, 2, 100, 28.00, 1, 1, 3, 27, 0, Is original capital, Is capital
10, 0, CITY, 69:63, 0, 2, 100, 28.00, 1, 1, 3, 26, 0, Is original capital, Is capital
10, 0, CITY, 43:77, 0, 2, 100, 31.00, 1, 1, 3, 28, 1, Is original capital, Is capital
10, 0, CITY, 66:68, 0, 2, 100, 35.08, 1, 1, 8, 20, 0, Is original capital, Is capital
10, 0, CITY, 66:72, 0, 3, 100, 42.00, 1, 1, 14, 23, 0, Is original capital, Is capital
10, 0, CITY, 35:74, 0, 3, 100, 40.00, 1, 1, 8, 23, 1, Is original capital, Is capital
10, 0, CITY, 60:23, 0, 3, 100, 40.00, 1, 1, 8, 24, 0, Is original capital, Is capital
10, 0, ARMY,, UNIT_SETTLER 2 12,UNIT_BUILDER 2 0,UNIT_SCOUT 2 0,UNIT_WARRIOR 1 0,UNIT_VAMPIRE 1 0,
10, 0, ARMY,, UNIT_SETTLER 1 12,UNIT_WARRIOR 1 0,UNIT_BABYLONIAN_SABUM_KIBITTUM 2 0,
10, 0, ARMY,, UNIT_SETTLER 1 12,UNIT_SCOUT 2 0,UNIT_WARRIOR 1 0,
10, 0, ARMY,, UNIT_SETTLER 1 12,UNIT_BUILDER 1 0,UNIT_SCOUT 1 0,UNIT_WARRIOR 1 0,
10, 0, ARMY,, UNIT_SETTLER 2 12,UNIT_BUILDER 1 0,UNIT_SCOUT 2 0,UNIT_WARRIOR 1 0,UNIT_VAMPIRE 1 0,
10, 0, ARMY,, 
10, 0, ARMY,, 
10, 0, ARMY,, 
10, 0, ARMY,, 
10, 0, ARMY,, 
10, 0, ARMY,, 
10, 0, ARMY,, 
10, 0, ARMY,, UNIT_BUILDER 1 0,UNIT_WARRIOR 1 0,
10, 0, ARMY,, 
10, 0, ARMY,, 
10, 0, ARMY,, UNIT_WARRIOR 1 0,
10, 0, ARMY,, 
10, 0, ARMY,, 
10, 0, ARMY,, UNIT_WARRIOR 1 0,
10, 0, ARMY,, 
10, 0, ARMY,, 
10, 0, ARMY,, UNIT_BUILDER 1 3,UNIT_WARRIOR 2 3,
10, 0, ARMY,, 
10, 0, ARMY,, 
10, 1, START LOG, , YIELD_FOOD 7.65 +/- 1.80,YIELD_PRODUCTION 6.54 +/- 2.50,YIELD_GOLD 6.10 +/- 1.35,YIELD_SCIENCE 3.43 +/- 0.50,YIELD_CULTURE 1.20 +/- 0.43,YIELD_FAITH 0.66 +/- 0.69,
10, 1, TRADE, TO -1, VAL 0.00
10, 1, CITY, 52:17, 0, 2, 100, 28.00, 1, 1, 3, 28, 2, Is original capital, Is capital
10, 1, CITY, 76:38, 0, 3, 100, 28.00, 1, 1, 3, 34, 0, Is original capital, Is capital
10, 1, CITY, 73:49, 0, 2, 100, 28.00, 1, 1, 3, 27, 0, Is original capital, Is capital
10, 1, CITY, 69:63, 0, 2, 100, 28.00, 1, 1, 3, 26, 0, Is original capital, Is capital
10, 1, CITY, 43:77, 0, 2, 100, 31.00, 1, 1, 3, 28, 1, Is original capital, Is capital
10, 1, CITY, 66:68, 0, 2, 100, 35.08, 1, 1, 8, 20, 0, Is original capital, Is capital
10, 1, CITY, 66:72, 0, 3, 100, 42.00, 1, 1, 14, 23, 0, Is original capital, Is capital
10, 1, CITY, 35:74, 0, 3, 100, 40.00, 1, 1, 8, 23, 1, Is original capital, Is capital
10, 1, CITY, 60:23, 0, 3, 100, 40.00, 1, 1, 8, 24, 0, Is original capital, Is capital
10, 1, ARMY,, UNIT_SETTLER 2 9,UNIT_BUILDER 2 0,UNIT_SCOUT 2 0,UNIT_WARRIOR 1 0,UNIT_VAMPIRE 1 0,
10, 1, ARMY,, UNIT_SETTLER 1 9,UNIT_WARRIOR 1 0,UNIT_BABYLONIAN_SABUM_KIBITTUM 2 0,
10, 1, ARMY,, UNIT_SETTLER 1 9,UNIT_SCOUT 2 0,UNIT_WARRIOR 1 0,
10, 1, ARMY,, UNIT_SETTLER 1 9,UNIT_BUILDER 1 0,UNIT_SCOUT 1 0,UNIT_WARRIOR 1 0,
10, 1, ARMY,, UNIT_SETTLER 2 9,UNIT_BUILDER 1 0,UNIT_SCOUT 2 0,UNIT_WARRIOR 1 0,UNIT_VAMPIRE 1 0,
10, 1, ARMY,, 
10, 1, ARMY,, 
10, 1, ARMY,, 
10, 1, ARMY,, 
10, 1, ARMY,, 
10, 1, ARMY,, 
10, 1, ARMY,, 
10, 1, ARMY,, UNIT_BUILDER 1 0,UNIT_WARRIOR 1 0,
10, 1, ARMY,, 
10, 1, ARMY,, 
10, 1, ARMY,, UNIT_WARRIOR 1 0,
10, 1, ARMY,, 
10, 1, ARMY,, 
10, 1, ARMY,, UNIT_WARRIOR 1 0,
10, 1, ARMY,, 
10, 1, ARMY,, 
10, 1, ARMY,, UNIT_BUILDER 1 2,UNIT_WARRIOR 2 2,
10, 1, ARMY,, 
10, 1, ARMY,, 
10, 2, START LOG, , YIELD_FOOD 7.65 +/- 1.80,YIELD_PRODUCTION 6.54 +/- 2.50,YIELD_GOLD 6.21 +/- 1.29,YIELD_SCIENCE 3.43 +/- 0.50,YIELD_CULTURE 1.20 +/- 0.43,YIELD_FAITH 0.77 +/- 0.82,
10, 2, TRADE, TO -1, VAL 0.00
10, 2, CITY, 52:17, 0, 2, 100, 28.00, 1, 1, 3, 28, 2, Is original capital, Is capital
10, 2, CITY, 76:38, 0, 3, 100, 28.00, 1, 1, 3, 34, 0, Is original capital, Is capital
10, 2, CITY, 73:49, 0, 2, 100, 28.00, 1, 1, 3, 27, 0, Is original capital, Is capital
10, 2, CITY, 69:63, 0, 2, 100, 28.00, 1, 1, 3, 26, 0, Is original capital, Is capital
10, 2, CITY, 43:77, 0, 2, 100, 31.00, 1, 1, 3, 28, 1, Is original capital, Is capital
10, 2, CITY, 66:68, 0, 2, 100, 35.08, 1, 1, 8, 20, 0, Is original capital, Is capital
10, 2, CITY, 66:72, 0, 3, 100, 42.00, 1, 1, 14, 23, 0, Is original capital, Is capital
10, 2, CITY, 35:74, 0, 3, 100, 40.00, 1, 1, 8, 23, 1, Is original capital, Is capital
10, 2, CITY, 60:23, 0, 3, 100, 40.00, 1, 1, 8, 24, 0, Is original capital, Is capital
10, 2, ARMY,, UNIT_SETTLER 2 14,UNIT_BUILDER 2 0,UNIT_SCOUT 2 0,UNIT_WARRIOR 1 0,UNIT_VAMPIRE 1 0,
10, 2, ARMY,, UNIT_SETTLER 1 14,UNIT_WARRIOR 1 0,UNIT_BABYLONIAN_SABUM_KIBITTUM 2 0,
10, 2, ARMY,, UNIT_SETTLER 1 14,UNIT_SCOUT 2 0,UNIT_WARRIOR 1 0,
10, 2, ARMY,, UNIT_SETTLER 1 14,UNIT_BUILDER 1 0,UNIT_SCOUT 1 0,UNIT_WARRIOR 1 0,
10, 2, ARMY,, UNIT_SETTLER 2 14,UNIT_BUILDER 1 0,UNIT_SCOUT 2 0,UNIT_WARRIOR 1 0,UNIT_VAMPIRE 1 0,
10, 2, ARMY,, 
10, 2, ARMY,, 
10, 2, ARMY,, 
10, 2, ARMY,, 
10, 2, ARMY,, 
10, 2, ARMY,, 
10, 2, ARMY,, 
10, 2, ARMY,, UNIT_BUILDER 1 0,UNIT_WARRIOR 1 0,
10, 2, ARMY,, 
10, 2, ARMY,, 
10, 2, ARMY,, UNIT_WARRIOR 1 0,
10, 2, ARMY,, 
10, 2, ARMY,, 
10, 2, ARMY,, UNIT_WARRIOR 1 0,
10, 2, ARMY,, 
10, 2, ARMY,, 
10, 2, ARMY,, UNIT_BUILDER 1 4,UNIT_WARRIOR 2 3,
10, 2, ARMY,, 
10, 2, ARMY,, 
10, 3, START LOG, , YIELD_FOOD 7.65 +/- 1.80,YIELD_PRODUCTION 6.54 +/- 2.50,YIELD_GOLD 6.21 +/- 1.29,YIELD_SCIENCE 3.43 +/- 0.50,YIELD_CULTURE 1.20 +/- 0.43,YIELD_FAITH 0.77 +/- 0.82,
10, 3, TRADE, TO -1, VAL 0.00
10, 3, CITY, 52:17, 0, 2, 100, 28.00, 1, 1, 3, 28, 2, Is original capital, Is capital
10, 3, CITY, 76:38, 0, 3, 100, 28.00, 1, 1, 3, 34, 0, Is original capital, Is capital
10, 3, CITY, 69:63, 0, 2, 100, 28.00, 1, 1, 3, 26, 0, Is original capital, Is capital
10, 3, CITY, 43:77, 0, 2, 100, 31.00, 1, 1, 3, 28, 1, Is original capital, Is capital
10, 3, CITY, 73:49, 0, 2, 100, 28.00, 1, 1, 3, 27, 0, Is original capital, Is capital
10, 3, CITY, 66:68, 0, 2, 100, 35.08, 1, 1, 8, 20, 0, Is original capital, Is capital
10, 3, CITY, 66:72, 0, 3, 100, 42.00, 1, 1, 14, 23, 0, Is original capital, Is capital
10, 3, CITY, 35:74, 0, 3, 100, 40.00, 1, 1, 8, 23, 1, Is original capital, Is capital
10, 3, CITY, 60:23, 0, 3, 100, 40.00, 1, 1, 8, 24, 0, Is original capital, Is capital
10, 3, ARMY,, UNIT_SETTLER 2 12,UNIT_BUILDER 2 0,UNIT_SCOUT 2 0,UNIT_WARRIOR 1 0,UNIT_VAMPIRE 1 0,
10, 3, ARMY,, UNIT_SETTLER 1 12,UNIT_WARRIOR 1 0,UNIT_BABYLONIAN_SABUM_KIBITTUM 2 0,
10, 3, ARMY,, UNIT_SETTLER 1 12,UNIT_SCOUT 2 0,UNIT_WARRIOR 1 0,
10, 3, ARMY,, UNIT_SETTLER 1 12,UNIT_BUILDER 1 0,UNIT_SCOUT 1 0,UNIT_WARRIOR 1 0,
10, 3, ARMY,, UNIT_SETTLER 2 12,UNIT_BUILDER 1 0,UNIT_SCOUT 2 0,UNIT_WARRIOR 1 0,UNIT_VAMPIRE 1 0,
10, 3, ARMY,, 
10, 3, ARMY,, 
10, 3, ARMY,, 
10, 3, ARMY,, 
10, 3, ARMY,, 
10, 3, ARMY,, 
10, 3, ARMY,, 
10, 3, ARMY,, UNIT_BUILDER 1 0,UNIT_WARRIOR 1 0,
10, 3, ARMY,, 
10, 3, ARMY,, 
10, 3, ARMY,, UNIT_WARRIOR 1 0,
10, 3, ARMY,, 
10, 3, ARMY,, 
10, 3, ARMY,, UNIT_WARRIOR 1 0,
10, 3, ARMY,, 
10, 3, ARMY,, 
10, 3, ARMY,, UNIT_BUILDER 1 4,UNIT_WARRIOR 2 3,
10, 3, ARMY,, 
10, 3, ARMY,, 
10, 4, START LOG, , YIELD_FOOD 7.65 +/- 1.80,YIELD_PRODUCTION 6.54 +/- 2.50,YIELD_GOLD 6.10 +/- 1.35,YIELD_SCIENCE 3.43 +/- 0.50,YIELD_CULTURE 1.20 +/- 0.43,YIELD_FAITH 0.66 +/- 0.69,
10, 4, TRADE, TO -1, VAL 0.00
10, 4, CITY, 52:17, 0, 3, 100, 28.00, 1, 1, 3, 35, 2, Is original capital, Is capital
10, 4, CITY, 76:38, 0, 3, 100, 28.00, 1, 1, 3, 34, 0, Is original capital, Is capital
10, 4, CITY, 73:49, 0, 2, 100, 28.00, 1, 1, 3, 27, 0, Is original capital, Is capital
10, 4, CITY, 69:63, 0, 2, 100, 28.00, 1, 1, 3, 26, 0, Is original capital, Is capital
10, 4, CITY, 43:77, 0, 2, 100, 31.00, 1, 1, 3, 28, 1, Is original capital, Is capital
10, 4, CITY, 66:68, 0, 2, 100, 35.08, 1, 1, 8, 20, 0, Is original capital, Is capital
10, 4, CITY, 66:72, 0, 3, 100, 42.00, 1, 1, 14, 23, 0, Is original capital, Is capital
10, 4, CITY, 35:74, 0, 3, 100, 40.00, 1, 1, 8, 23, 1, Is original capital, Is capital
10, 4, CITY, 60:23, 0, 3, 100, 40.00, 1, 1, 8, 24, 0, Is original capital, Is capital
10, 4, ARMY,, UNIT_SETTLER 2 9,UNIT_BUILDER 2 0,UNIT_SCOUT 2 0,UNIT_WARRIOR 1 0,UNIT_VAMPIRE 1 0,
10, 4, ARMY,, UNIT_SETTLER 1 9,UNIT_WARRIOR 1 0,UNIT_BABYLONIAN_SABUM_KIBITTUM 2 0,
10, 4, ARMY,, UNIT_SETTLER 1 9,UNIT_SCOUT 2 0,UNIT_WARRIOR 1 0,
10, 4, ARMY,, UNIT_SETTLER 1 9,UNIT_BUILDER 1 0,UNIT_SCOUT 1 0,UNIT_WARRIOR 1 0,
10, 4, ARMY,, UNIT_SETTLER 2 9,UNIT_BUILDER 1 0,UNIT_SCOUT 2 0,UNIT_WARRIOR 1 0,UNIT_VAMPIRE 1 0,
10, 4, ARMY,, 
10, 4, ARMY,, 
10, 4, ARMY,, 
10, 4, ARMY,, 
10, 4, ARMY,, 
10, 4, ARMY,, 
10, 4, ARMY,, 
10, 4, ARMY,, UNIT_BUILDER 1 0,UNIT_WARRIOR 1 0,
10, 4, ARMY,, 
10, 4, ARMY,, 
10, 4, ARMY,, UNIT_WARRIOR 1 0,
10, 4, ARMY,, 
10, 4, ARMY,, 
10, 4, ARMY,, UNIT_WARRIOR 1 0,
10, 4, ARMY,, 
10, 4, ARMY,, 
10, 4, ARMY,, UNIT_BUILDER 1 2,UNIT_WARRIOR 2 2,
10, 4, ARMY,, 
10, 4, ARMY,, 
11, 5, START LOG, , YIELD_FOOD 8.32 +/- 2.89,YIELD_PRODUCTION 14.56 +/- 7.88,YIELD_GOLD 4.65 +/- 4.96,YIELD_SCIENCE 1.99 +/- 1.34,YIELD_CULTURE 1.50 +/- 1.62,YIELD_FAITH 1.07 +/- 1.87,
11, 5, TRADE, TO -1, VAL 0.00
11, 5, CITY, 26:70, 0, 3, 100, 29.00, 1, 1, 13, 48, 0, Is original capital, Is capital
11, 5, CITY, 38:8, 0, 3, 100, 29.00, 1, 1, 13, 54, 1, Is original capital, Is capital
11, 5, CITY, 23:15, 0, 2, 100, 29.00, 1, 1, 3, 51, 0, Is original capital, Is capital
11, 5, CITY, 11:43, 0, 4, 100, 29.00, 1, 1, 3, 58, 0, Is original capital, Is capital
11, 5, CITY, 13:58, 0, 3, 100, 21.00, 1, 1, 13, 48, 0, Is original capital, Is capital
11, 5, CITY, 21:18, 0, 2, 100, 21.00, 1, 1, 0, 28, 0, Not original capital, Not capital
11, 5, CITY, 22:55, 0, 3, 100, 40.00, 1, 1, 9, 23, 0, Is original capital, Is capital
11, 5, CITY, 23:72, 0, 3, 100, 20.00, 1, 1, 0, 25, 1, Not original capital, Not capital
11, 5, CITY, 9:57, 0, 2, 100, 20.00, 1, 1, 0, 25, 1, Not original capital, Not capital
11, 5, CITY, 35:10, 0, 1, 100, 21.00, 1, 1, 0, 22, 0, Not original capital, Not capital
11, 5, CITY, 21:22, 0, 2, 100, 20.00, 1, 1, 0, 20, 0, Not original capital, Not capital
11, 5, CITY, 10:39, 0, 1, 100, 20.00, 1, 1, 0, 14, 0, Not original capital, Not capital
11, 5, ARMY,, 
11, 5, ARMY,, 
11, 5, ARMY,, 
11, 5, ARMY,, 
11, 5, ARMY,, 
11, 5, ARMY,, UNIT_SETTLER 3 10,UNIT_BUILDER 2 0,UNIT_SCOUT 3 0,UNIT_WARRIOR 2 0,UNIT_VAMPIRE 1 0,
11, 5, ARMY,, UNIT_SETTLER 3 10,UNIT_BUILDER 1 4,UNIT_SCOUT 4 0,UNIT_WARRIOR 2 0,
11, 5, ARMY,, UNIT_SETTLER 3 10,UNIT_BUILDER 1 0,UNIT_SCOUT 4 0,UNIT_WARRIOR 2 0,
11, 5, ARMY,, UNIT_SETTLER 4 10,UNIT_BUILDER 4 0,UNIT_SCOUT 4 0,UNIT_WARRIOR 1 0,
11, 5, ARMY,, UNIT_SETTLER 3 10,UNIT_BUILDER 3 2,UNIT_SCOUT 3 0,UNIT_WARRIOR 3 0,
11, 5, ARMY,, 
11, 5, ARMY,, UNIT_BUILDER 1 2,UNIT_WARRIOR 2 3,
11, 5, ARMY,, 
11, 5, ARMY,, 
11, 5, ARMY,, 
11, 5, ARMY,, 
11, 5, ARMY,, 
11, 5, ARMY,, 
11, 5, ARMY,, 
11, 5, ARMY,, 
11, 5, ARMY,, 
11, 5, ARMY,, 
11, 5, ARMY,, 
11, 5, ARMY,, 
11, 6, START LOG, , YIELD_FOOD 8.32 +/- 2.89,YIELD_PRODUCTION 14.90 +/- 8.07,YIELD_GOLD 4.48 +/- 4.79,YIELD_SCIENCE 1.99 +/- 1.34,YIELD_CULTURE 1.50 +/- 1.62,YIELD_FAITH 0.99 +/- 1.89,
11, 6, TRADE, TO -1, VAL 0.00
11, 6, CITY, 26:70, 0, 3, 100, 29.00, 1, 1, 3, 48, 0, Is original capital, Is capital
11, 6, CITY, 13:58, 0, 3, 100, 21.00, 1, 1, 13, 49, 0, Is original capital, Is capital
11, 6, CITY, 38:8, 0, 3, 100, 29.00, 1, 1, 13, 54, 1, Is original capital, Is capital
11, 6, CITY, 23:15, 0, 2, 100, 29.00, 1, 1, 3, 51, 0, Is original capital, Is capital
11, 6, CITY, 11:43, 0, 4, 100, 29.00, 1, 1, 3, 58, 0, Is original capital, Is capital
11, 6, CITY, 21:18, 0, 2, 100, 21.00, 1, 1, 0, 28, 0, Not original capital, Not capital
11, 6, CITY, 22:55, 0, 3, 100, 40.00, 1, 1, 10, 24, 0, Is original capital, Is capital
11, 6, CITY, 23:72, 0, 3, 100, 20.00, 1, 1, 0, 25, 1, Not original capital, Not capital
11, 6, CITY, 9:57, 0, 2, 100, 21.00, 1, 1, 0, 27, 1, Not original capital, Not capital
11, 6, CITY, 35:10, 0, 1, 100, 21.00, 1, 1, 0, 22, 0, Not original capital, Not capital
11, 6, CITY, 21:22, 0, 2, 100, 20.00, 1, 1, 0, 20, 0, Not original capital, Not capital
11, 6, CITY, 10:39, 0, 1, 100, 20.00, 1, 1, 0, 14, 0, Not original capital, Not capital
11, 6, CITY, 15:70, 0, 2, 100, 40.00, 1, 1, 8, 20, 0, Is original capital, Is capital
11, 6, ARMY,, 
11, 6, ARMY,, 
11, 6, ARMY,, 
11, 6, ARMY,, 
11, 6, ARMY,, 
11, 6, ARMY,, UNIT_SETTLER 2 6,UNIT_BUILDER 2 0,UNIT_SCOUT 3 0,UNIT_WARRIOR 2 0,UNIT_VAMPIRE 1 0,
11, 6, ARMY,, UNIT_SETTLER 3 10,UNIT_BUILDER 2 4,UNIT_SCOUT 4 0,UNIT_WARRIOR 2 0,
11, 6, ARMY,, UNIT_SETTLER 3 10,UNIT_BUILDER 1 0,UNIT_SCOUT 4 0,UNIT_WARRIOR 2 0,
11, 6, ARMY,, UNIT_SETTLER 4 10,UNIT_BUILDER 4 0,UNIT_SCOUT 4 0,UNIT_WARRIOR 1 0,
11, 6, ARMY,, UNIT_SETTLER 3 10,UNIT_BUILDER 3 2,UNIT_SCOUT 3 0,UNIT_WARRIOR 3 0,
11, 6, ARMY,, 
11, 6, ARMY,, UNIT_BUILDER 1 3,UNIT_WARRIOR 2 4,
11, 6, ARMY,, 
11, 6, ARMY,, 
11, 6, ARMY,, 
11, 6, ARMY,, 
11, 6, ARMY,, 
11, 6, ARMY,, 
11, 6, ARMY,, 
11, 6, ARMY,, UNIT_BUILDER 1 0,
11, 6, ARMY,, 
11, 6, ARMY,, 
11, 6, ARMY,, 
11, 6, ARMY,, 
11, 7, START LOG, , YIELD_FOOD 8.32 +/- 2.89,YIELD_PRODUCTION 15.23 +/- 8.09,YIELD_GOLD 4.40 +/- 4.68,YIELD_SCIENCE 1.99 +/- 1.34,YIELD_CULTURE 1.50 +/- 1.62,YIELD_FAITH 0.91 +/- 1.92,
11, 7, TRADE, TO -1, VAL 0.00
11, 7, CITY, 13:58, 0, 3, 100, 21.00, 1, 1, 3, 49, 0, Is original capital, Is capital
11, 7, CITY, 26:70, 0, 3, 100, 29.00, 1, 1, 3, 48, 0, Is original capital, Is capital
11, 7, CITY, 11:43, 0, 5, 100, 26.00, 1, 1, 13, 61, 0, Is original capital, Is capital
11, 7, CITY, 38:8, 0, 3, 100, 29.00, 1, 1, 13, 54, 1, Is original capital, Is capital
11, 7, CITY, 23:15, 0, 2, 100, 29.00, 1, 1, 3, 51, 0, Is original capital, Is capital
11, 7, CITY, 21:18, 0, 2, 100, 21.00, 1, 1, 0, 28, 0, Not original capital, Not capital
11, 7, CITY, 22:55, 0, 3, 100, 40.00, 1, 1, 10, 24, 0, Is original capital, Is capital
11, 7, CITY, 9:57, 0, 2, 100, 21.00, 1, 1, 0, 27, 1, Not original capital, Not capital
11, 7, CITY, 23:72, 0, 3, 100, 20.00, 1, 1, 0, 25, 1, Not original capital, Not capital
11, 7, CITY, 35:10, 0, 1, 100, 21.00, 1, 1, 0, 22, 0, Not original capital, Not capital
11, 7, CITY, 10:39, 0, 2, 100, 20.00, 1, 1, 0, 20, 0, Not original capital, Not capital
11, 7, CITY, 21:22, 0, 2, 100, 20.00, 1, 1, 0, 20, 0, Not original capital, Not capital
11, 7, CITY, 15:70, 0, 2, 100, 40.00, 1, 1, 8, 20, 0, Is original capital, Is capital
11, 7, ARMY,, 
11, 7, ARMY,, 
11, 7, ARMY,, 
11, 7, ARMY,, 
11, 7, ARMY,, 
11, 7, ARMY,, UNIT_SETTLER 2 6,UNIT_BUILDER 2 0,UNIT_SCOUT 3 0,UNIT_WARRIOR 2 0,UNIT_VAMPIRE 1 0,
11, 7, ARMY,, UNIT_SETTLER 2 6,UNIT_BUILDER 2 5,UNIT_SCOUT 4 0,UNIT_WARRIOR 2 0,
11, 7, ARMY,, UNIT_SETTLER 3 10,UNIT_BUILDER 1 0,UNIT_SCOUT 4 0,UNIT_WARRIOR 3 0,
11, 7, ARMY,, UNIT_SETTLER 4 10,UNIT_BUILDER 4 0,UNIT_SCOUT 4 0,UNIT_WARRIOR 1 0,
11, 7, ARMY,, UNIT_SETTLER 3 10,UNIT_BUILDER 3 2,UNIT_SCOUT 3 0,UNIT_WARRIOR 3 0,
11, 7, ARMY,, 
11, 7, ARMY,, UNIT_BUILDER 1 3,UNIT_WARRIOR 2 4,
11, 7, ARMY,, 
11, 7, ARMY,, 
11, 7, ARMY,, 
11, 7, ARMY,, 
11, 7, ARMY,, 
11, 7, ARMY,, 
11, 7, ARMY,, 
11, 7, ARMY,, UNIT_BUILDER 1 0,
11, 7, ARMY,, 
11, 7, ARMY,, 
11, 7, ARMY,, 
11, 7, ARMY,, 
11, 8, START LOG, , YIELD_FOOD 8.49 +/- 2.87,YIELD_PRODUCTION 15.56 +/- 7.75,YIELD_GOLD 4.40 +/- 4.68,YIELD_SCIENCE 2.07 +/- 1.22,YIELD_CULTURE 1.66 +/- 1.55,YIELD_FAITH 1.32 +/- 2.22,
11, 8, TRADE, TO -1, VAL 0.00
11, 8, CITY, 11:43, 0, 5, 100, 26.00, 1, 1, 3, 61, 0, Is original capital, Is capital
11, 8, CITY, 13:58, 0, 3, 100, 21.00, 1, 1, 3, 49, 0, Is original capital, Is capital
11, 8, CITY, 26:70, 0, 3, 100, 29.00, 1, 1, 3, 48, 0, Is original capital, Is capital
11, 8, CITY, 23:15, 0, 2, 100, 29.00, 1, 1, 13, 51, 0, Is original capital, Is capital
11, 8, CITY, 38:8, 0, 3, 100, 29.00, 1, 1, 13, 54, 1, Is original capital, Is capital
11, 8, CITY, 21:18, 0, 2, 100, 21.00, 1, 1, 0, 32, 0, Not original capital, Not capital
11, 8, CITY, 22:55, 0, 3, 100, 40.00, 1, 1, 10, 24, 0, Is original capital, Is capital
11, 8, CITY, 9:57, 0, 2, 100, 21.00, 1, 1, 0, 27, 1, Not original capital, Not capital
11, 8, CITY, 23:72, 0, 3, 100, 20.00, 1, 1, 0, 25, 1, Not original capital, Not capital
11, 8, CITY, 35:10, 0, 1, 100, 21.00, 1, 1, 0, 22, 0, Not original capital, Not capital
11, 8, CITY, 10:39, 0, 3, 100, 20.00, 1, 1, 0, 24, 0, Not original capital, Not capital
11, 8, CITY, 21:22, 0, 2, 100, 20.00, 1, 1, 0, 20, 0, Not original capital, Not capital
11, 8, CITY, 15:70, 0, 2, 100, 40.00, 1, 1, 8, 20, 0, Is original capital, Is capital
11, 8, ARMY,, 
11, 8, ARMY,, 
11, 8, ARMY,, 
11, 8, ARMY,, 
11, 8, ARMY,, 
11, 8, ARMY,, UNIT_SETTLER 2 6,UNIT_BUILDER 2 0,UNIT_SCOUT 3 0,UNIT_WARRIOR 2 0,UNIT_VAMPIRE 1 0,
11, 8, ARMY,, UNIT_SETTLER 2 6,UNIT_BUILDER 2 5,UNIT_SCOUT 4 0,UNIT_WARRIOR 2 0,
11, 8, ARMY,, UNIT_SETTLER 2 4,UNIT_BUILDER 1 0,UNIT_SCOUT 4 0,UNIT_WARRIOR 3 0,
11, 8, ARMY,, UNIT_SETTLER 4 10,UNIT_BUILDER 4 0,UNIT_SCOUT 4 0,UNIT_WARRIOR 2 0,
11, 8, ARMY,, UNIT_SETTLER 3 10,UNIT_BUILDER 3 2,UNIT_SCOUT 3 0,UNIT_WARRIOR 3 0,
11, 8, ARMY,, 
11, 8, ARMY,, UNIT_BUILDER 1 3,UNIT_WARRIOR 2 4,
11, 8, ARMY,, 
11, 8, ARMY,, 
11, 8, ARMY,, 
11, 8, ARMY,, 
11, 8, ARMY,, 
11, 8, ARMY,, 
11, 8, ARMY,, 
11, 8, ARMY,, UNIT_BUILDER 1 0,
11, 8, ARMY,, 
11, 8, ARMY,, 
11, 8, ARMY,, 
11, 8, ARMY,, 
11, 9, START LOG, , YIELD_FOOD 8.49 +/- 2.87,YIELD_PRODUCTION 15.56 +/- 7.75,YIELD_GOLD 4.40 +/- 4.68,YIELD_SCIENCE 2.16 +/- 1.33,YIELD_CULTURE 1.82 +/- 1.46,YIELD_FAITH 1.74 +/- 2.41,
11, 9, TRADE, TO -1, VAL 0.00
11, 9, CITY, 23:15, 0, 2, 100, 29.00, 1, 1, 3, 51, 0, Is original capital, Is capital
11, 9, CITY, 11:43, 0, 5, 100, 26.00, 1, 1, 3, 61, 0, Is original capital, Is capital
11, 9, CITY, 13:58, 0, 3, 100, 21.00, 1, 1, 3, 49, 0, Is original capital, Is capital
11, 9, CITY, 26:70, 0, 3, 100, 29.00, 1, 1, 3, 48, 0, Is original capital, Is capital
11, 9, CITY, 38:8, 0, 3, 100, 29.00, 1, 1, 13, 54, 1, Is original capital, Is capital
11, 9, CITY, 21:18, 0, 2, 100, 21.00, 1, 1, 0, 32, 0, Not original capital, Not capital
11, 9, CITY, 22:55, 0, 3, 100, 40.00, 1, 1, 10, 24, 0, Is original capital, Is capital
11, 9, CITY, 9:57, 0, 2, 100, 21.00, 1, 1, 0, 27, 1, Not original capital, Not capital
11, 9, CITY, 23:72, 0, 3, 100, 20.00, 1, 1, 0, 25, 1, Not original capital, Not capital
11, 9, CITY, 35:10, 0, 2, 100, 21.00, 1, 1, 0, 30, 0, Not original capital, Not capital
11, 9, CITY, 21:22, 0, 2, 100, 20.00, 1, 1, 0, 20, 0, Not original capital, Not capital
11, 9, CITY, 10:39, 0, 3, 100, 20.00, 1, 1, 0, 24, 0, Not original capital, Not capital
11, 9, CITY, 15:70, 0, 2, 100, 40.00, 1, 1, 8, 20, 0, Is original capital, Is capital
11, 9, ARMY,, 
11, 9, ARMY,, 
11, 9, ARMY,, 
11, 9, ARMY,, 
11, 9, ARMY,, 
11, 9, ARMY,, UNIT_SETTLER 2 6,UNIT_BUILDER 2 0,UNIT_SCOUT 3 0,UNIT_WARRIOR 2 0,UNIT_VAMPIRE 1 0,
11, 9, ARMY,, UNIT_SETTLER 2 6,UNIT_BUILDER 2 5,UNIT_SCOUT 4 0,UNIT_WARRIOR 2 0,
11, 9, ARMY,, UNIT_SETTLER 2 4,UNIT_BUILDER 1 0,UNIT_SCOUT 4 0,UNIT_WARRIOR 3 0,
11, 9, ARMY,, UNIT_SETTLER 3 7,UNIT_BUILDER 4 0,UNIT_SCOUT 4 0,UNIT_WARRIOR 2 0,
11, 9, ARMY,, UNIT_SETTLER 3 10,UNIT_BUILDER 3 2,UNIT_SCOUT 3 0,UNIT_WARRIOR 4 0,
11, 9, ARMY,, 
11, 9, ARMY,, UNIT_BUILDER 1 3,UNIT_WARRIOR 2 4,
11, 9, ARMY,, 
11, 9, ARMY,, 
11, 9, ARMY,, 
11, 9, ARMY,, 
11, 9, ARMY,, 
11, 9, ARMY,, 
11, 9, ARMY,, 
11, 9, ARMY,, UNIT_BUILDER 1 0,
11, 9, ARMY,, 
11, 9, ARMY,, 
11, 9, ARMY,, 
11, 9, ARMY,, 
11, 10, START LOG, , YIELD_FOOD 0.00 +/- 0.00,YIELD_PRODUCTION 0.00 +/- 0.00,YIELD_GOLD 0.00 +/- 0.00,YIELD_SCIENCE 0.00 +/- 0.00,YIELD_CULTURE 0.00 +/- 0.00,YIELD_FAITH 0.00 +/- 0.00,
11, 10, TRADE, TO -1, VAL 0.00
11, 10, CITY, 70:15, 0, 3, 100, 41.00, 1, 1, 8, 26, 0, Is original capital, Is capital
11, 10, ARMY,, 
11, 10, ARMY,, 
11, 10, ARMY,, 
11, 10, ARMY,, 
11, 10, ARMY,, 
11, 10, ARMY,, 
11, 10, ARMY,, 
11, 10, ARMY,, 
11, 10, ARMY,, 
11, 10, ARMY,, 
11, 10, ARMY,, UNIT_SETTLER 1 10,UNIT_BUILDER 1 0,UNIT_WARRIOR 2 0,
11, 10, ARMY,, 
11, 10, ARMY,, 
11, 10, ARMY,, 
11, 10, ARMY,, 
11, 10, ARMY,, 
11, 10, ARMY,, 
11, 10, ARMY,, 
11, 10, ARMY,, 
11, 10, ARMY,, 
11, 10, ARMY,, 
11, 10, ARMY,, 
11, 10, ARMY,, 
11, 10, ARMY,, 
11, 11, START LOG, , YIELD_FOOD 0.00 +/- 0.00,YIELD_PRODUCTION 0.00 +/- 0.00,YIELD_GOLD 0.00 +/- 0.00,YIELD_SCIENCE 0.00 +/- 0.00,YIELD_CULTURE 0.00 +/- 0.00,YIELD_FAITH 0.00 +/- 0.00,
11, 11, TRADE, TO -1, VAL 2.50
11, 11, CITY, 22:55, 0, 4, 100, 44.00, 1, 1, 10, 29, 0, Is original capital, Is capital
11, 11, ARMY,, 
11, 11, ARMY,, 
11, 11, ARMY,, 
11, 11, ARMY,, 
11, 11, ARMY,, 
11, 11, ARMY,, UNIT_SCOUT 1 3,
11, 11, ARMY,, 
11, 11, ARMY,, 
11, 11, ARMY,, 
11, 11, ARMY,, 
11, 11, ARMY,, 
11, 11, ARMY,, UNIT_SETTLER 1 10,UNIT_BUILDER 1 0,UNIT_WARRIOR 2 0,
11, 11, ARMY,, 
11, 11, ARMY,, 
11, 11, ARMY,, 
11, 11, ARMY,, 
11, 11, ARMY,, 
11, 11, ARMY,, 
11, 11, ARMY,, 
11, 11, ARMY,, 
11, 11, ARMY,, 
11, 11, ARMY,, 
11, 11, ARMY,, 
11, 11, ARMY,, 
11, 12, START LOG, , YIELD_FOOD 0.00 +/- 0.00,YIELD_PRODUCTION 0.00 +/- 0.00,YIELD_GOLD 0.00 +/- 0.00,YIELD_SCIENCE 0.00 +/- 0.00,YIELD_CULTURE 0.00 +/- 0.00,YIELD_FAITH 0.00 +/- 0.00,
11, 12, TRADE, TO -1, VAL 1.80
11, 12, CITY, 66:72, 0, 3, 100, 42.00, 1, 1, 14, 23, 0, Is original capital, Is capital
11, 12, ARMY,, 
11, 12, ARMY,, 
11, 12, ARMY,, UNIT_SCOUT 1 0,
11, 12, ARMY,, 
11, 12, ARMY,, 
11, 12, ARMY,, 
11, 12, ARMY,, 
11, 12, ARMY,, 
11, 12, ARMY,, 
11, 12, ARMY,, 
11, 12, ARMY,, 
11, 12, ARMY,, 
11, 12, ARMY,, UNIT_SETTLER 1 10,UNIT_BUILDER 1 0,UNIT_WARRIOR 2 0,
11, 12, ARMY,, 
11, 12, ARMY,, 
11, 12, ARMY,, 
11, 12, ARMY,, 
11, 12, ARMY,, 
11, 12, ARMY,, 
11, 12, ARMY,, 
11, 12, ARMY,, 
11, 12, ARMY,, UNIT_SETTLER 1 9,UNIT_WARRIOR 2 0,
11, 12, ARMY,, 
11, 12, ARMY,, 
11, 13, START LOG, , YIELD_FOOD 0.00 +/- 0.00,YIELD_PRODUCTION 0.00 +/- 0.00,YIELD_GOLD 0.00 +/- 0.00,YIELD_SCIENCE 0.00 +/- 0.00,YIELD_CULTURE 0.00 +/- 0.00,YIELD_FAITH 0.00 +/- 0.00,
11, 13, TRADE, TO -1, VAL 0.00
11, 13, CITY, 57:2, 0, 3, 100, 40.00, 1, 1, 8, 24, 1, Is original capital, Is capital
11, 13, ARMY,, 
11, 13, ARMY,, 
11, 13, ARMY,, 
11, 13, ARMY,, 
11, 13, ARMY,, 
11, 13, ARMY,, 
11, 13, ARMY,, 
11, 13, ARMY,, 
11, 13, ARMY,, 
11, 13, ARMY,, 
11, 13, ARMY,, 
11, 13, ARMY,, 
11, 13, ARMY,, 
11, 13, ARMY,, UNIT_SETTLER 1 10,UNIT_BUILDER 1 0,UNIT_WARRIOR 2 0,
11, 13, ARMY,, 
11, 13, ARMY,, 
11, 13, ARMY,, 
11, 13, ARMY,, 
11, 13, ARMY,, 
11, 13, ARMY,, 
11, 13, ARMY,, 
11, 13, ARMY,, 
11, 13, ARMY,, 
11, 13, ARMY,, 
11, 14, START LOG, , YIELD_FOOD 0.00 +/- 0.00,YIELD_PRODUCTION 0.00 +/- 0.00,YIELD_GOLD 0.00 +/- 0.00,YIELD_SCIENCE 0.00 +/- 0.00,YIELD_CULTURE 0.00 +/- 0.00,YIELD_FAITH 0.00 +/- 0.00,
11, 14, TRADE, TO -1, VAL 0.00
11, 14, CITY, 2:26, 0, 3, 100, 40.00, 1, 1, 8, 24, 0, Is original capital, Is capital
11, 14, ARMY,, 
11, 14, ARMY,, 
11, 14, ARMY,, 
11, 14, ARMY,, 
11, 14, ARMY,, 
11, 14, ARMY,, 
11, 14, ARMY,, 
11, 14, ARMY,, 
11, 14, ARMY,, 
11, 14, ARMY,, 
11, 14, ARMY,, 
11, 14, ARMY,, 
11, 14, ARMY,, 
11, 14, ARMY,, 
11, 14, ARMY,, UNIT_SETTLER 1 10,UNIT_BUILDER 1 0,UNIT_WARRIOR 2 0,
11, 14, ARMY,, 
11, 14, ARMY,, 
11, 14, ARMY,, 
11, 14, ARMY,, 
11, 14, ARMY,, 
11, 14, ARMY,, 
11, 14, ARMY,, 
11, 14, ARMY,, 
11, 14, ARMY,, 
11, 15, START LOG, , YIELD_FOOD 0.00 +/- 0.00,YIELD_PRODUCTION 0.00 +/- 0.00,YIELD_GOLD 0.00 +/- 0.00,YIELD_SCIENCE 0.00 +/- 0.00,YIELD_CULTURE 0.00 +/- 0.00,YIELD_FAITH 0.00 +/- 0.00,
11, 15, TRADE, TO -1, VAL 2.25
11, 15, CITY, 60:23, 0, 3, 100, 40.00, 1, 1, 8, 24, 0, Is original capital, Is capital
11, 15, ARMY,, 
11, 15, ARMY,, 
11, 15, ARMY,, 
11, 15, ARMY,, 
11, 15, ARMY,, UNIT_SCOUT 1 1,
11, 15, ARMY,, 
11, 15, ARMY,, 
11, 15, ARMY,, 
11, 15, ARMY,, 
11, 15, ARMY,, 
11, 15, ARMY,, 
11, 15, ARMY,, 
11, 15, ARMY,, 
11, 15, ARMY,, 
11, 15, ARMY,, 
11, 15, ARMY,, UNIT_SETTLER 1 10,UNIT_BUILDER 1 0,UNIT_WARRIOR 2 0,
11, 15, ARMY,, 
11, 15, ARMY,, 
11, 15, ARMY,, 
11, 15, ARMY,, 
11, 15, ARMY,, 
11, 15, ARMY,, 
11, 15, ARMY,, 
11, 15, ARMY,, 
11, 16, START LOG, , YIELD_FOOD 0.00 +/- 0.00,YIELD_PRODUCTION 0.00 +/- 0.00,YIELD_GOLD 0.00 +/- 0.00,YIELD_SCIENCE 0.00 +/- 0.00,YIELD_CULTURE 0.00 +/- 0.00,YIELD_FAITH 0.00 +/- 0.00,
11, 16, TRADE, TO -1, VAL 0.00
11, 16, CITY, 8:23, 0, 3, 100, 40.00, 1, 1, 13, 26, 1, Is original capital, Is capital
11, 16, ARMY,, 
11, 16, ARMY,, 
11, 16, ARMY,, 
11, 16, ARMY,, 
11, 16, ARMY,, 
11, 16, ARMY,, 
11, 16, ARMY,, 
11, 16, ARMY,, 
11, 16, ARMY,, 
11, 16, ARMY,, 
11, 16, ARMY,, 
11, 16, ARMY,, 
11, 16, ARMY,, 
11, 16, ARMY,, 
11, 16, ARMY,, 
11, 16, ARMY,, 
11, 16, ARMY,, UNIT_SETTLER 1 10,UNIT_BUILDER 1 0,UNIT_WARRIOR 2 0,
11, 16, ARMY,, 
11, 16, ARMY,, 
11, 16, ARMY,, 
11, 16, ARMY,, 
11, 16, ARMY,, 
11, 16, ARMY,, 
11, 16, ARMY,, 
11, 17, START LOG, , YIELD_FOOD 0.00 +/- 0.00,YIELD_PRODUCTION 0.00 +/- 0.00,YIELD_GOLD 0.00 +/- 0.00,YIELD_SCIENCE 0.00 +/- 0.00,YIELD_CULTURE 0.00 +/- 0.00,YIELD_FAITH 0.00 +/- 0.00,
11, 17, TRADE, TO -1, VAL 0.00
11, 17, CITY, 59:74, 0, 3, 100, 40.00, 1, 1, 8, 24, 0, Is original capital, Is capital
11, 17, ARMY,, 
11, 17, ARMY,, 
11, 17, ARMY,, 
11, 17, ARMY,, 
11, 17, ARMY,, 
11, 17, ARMY,, 
11, 17, ARMY,, 
11, 17, ARMY,, 
11, 17, ARMY,, 
11, 17, ARMY,, 
11, 17, ARMY,, 
11, 17, ARMY,, 
11, 17, ARMY,, 
11, 17, ARMY,, 
11, 17, ARMY,, 
11, 17, ARMY,, 
11, 17, ARMY,, 
11, 17, ARMY,, UNIT_SETTLER 1 10,UNIT_BUILDER 1 0,UNIT_WARRIOR 2 0,
11, 17, ARMY,, 
11, 17, ARMY,, 
11, 17, ARMY,, 
11, 17, ARMY,, 
11, 17, ARMY,, 
11, 17, ARMY,, 
11, 18, START LOG, , YIELD_FOOD 0.00 +/- 0.00,YIELD_PRODUCTION 0.00 +/- 0.00,YIELD_GOLD 0.00 +/- 0.00,YIELD_SCIENCE 0.00 +/- 0.00,YIELD_CULTURE 0.00 +/- 0.00,YIELD_FAITH 0.00 +/- 0.00,
11, 18, TRADE, TO -1, VAL 2.45
11, 18, CITY, 35:74, 0, 3, 100, 40.00, 1, 1, 8, 23, 1, Is original capital, Is capital
11, 18, ARMY,, UNIT_VAMPIRE 1 0,
11, 18, ARMY,, 
11, 18, ARMY,, 
11, 18, ARMY,, 
11, 18, ARMY,, 
11, 18, ARMY,, 
11, 18, ARMY,, 
11, 18, ARMY,, 
11, 18, ARMY,, 
11, 18, ARMY,, 
11, 18, ARMY,, 
11, 18, ARMY,, 
11, 18, ARMY,, 
11, 18, ARMY,, 
11, 18, ARMY,, 
11, 18, ARMY,, 
11, 18, ARMY,, 
11, 18, ARMY,, 
11, 18, ARMY,, UNIT_SETTLER 1 10,UNIT_BUILDER 1 2,UNIT_WARRIOR 2 0,
11, 18, ARMY,, 
11, 18, ARMY,, 
11, 18, ARMY,, 
11, 18, ARMY,, 
11, 18, ARMY,, 
11, 19, START LOG, , YIELD_FOOD 0.00 +/- 0.00,YIELD_PRODUCTION 0.00 +/- 0.00,YIELD_GOLD 0.00 +/- 0.00,YIELD_SCIENCE 0.00 +/- 0.00,YIELD_CULTURE 0.00 +/- 0.00,YIELD_FAITH 0.00 +/- 0.00,
11, 19, TRADE, TO -1, VAL 2.50
11, 19, CITY, 15:70, 0, 3, 100, 40.00, 1, 1, 8, 23, 0, Is original capital, Is capital
11, 19, ARMY,, 
11, 19, ARMY,, 
11, 19, ARMY,, 
11, 19, ARMY,, 
11, 19, ARMY,, 
11, 19, ARMY,, UNIT_SCOUT 1 0,
11, 19, ARMY,, 
11, 19, ARMY,, 
11, 19, ARMY,, 
11, 19, ARMY,, 
11, 19, ARMY,, 
11, 19, ARMY,, 
11, 19, ARMY,, 
11, 19, ARMY,, 
11, 19, ARMY,, 
11, 19, ARMY,, 
11, 19, ARMY,, 
11, 19, ARMY,, 
11, 19, ARMY,, 
11, 19, ARMY,, UNIT_SETTLER 1 10,UNIT_BUILDER 1 0,UNIT_WARRIOR 2 0,
11, 19, ARMY,, 
11, 19, ARMY,, 
11, 19, ARMY,, 
11, 19, ARMY,, 
11, 20, START LOG, , YIELD_FOOD 0.00 +/- 0.00,YIELD_PRODUCTION 0.00 +/- 0.00,YIELD_GOLD 0.00 +/- 0.00,YIELD_SCIENCE 0.00 +/- 0.00,YIELD_CULTURE 0.00 +/- 0.00,YIELD_FAITH 0.00 +/- 0.00,
11, 20, TRADE, TO -1, VAL 0.00
11, 20, CITY, 68:27, 0, 4, 100, 40.00, 1, 1, 8, 30, 1, Is original capital, Is capital
11, 20, ARMY,, 
11, 20, ARMY,, 
11, 20, ARMY,, 
11, 20, ARMY,, 
11, 20, ARMY,, 
11, 20, ARMY,, 
11, 20, ARMY,, 
11, 20, ARMY,, 
11, 20, ARMY,, 
11, 20, ARMY,, 
11, 20, ARMY,, 
11, 20, ARMY,, 
11, 20, ARMY,, 
11, 20, ARMY,, 
11, 20, ARMY,, 
11, 20, ARMY,, 
11, 20, ARMY,, 
11, 20, ARMY,, 
11, 20, ARMY,, 
11, 20, ARMY,, 
11, 20, ARMY,, UNIT_SETTLER 1 10,UNIT_BUILDER 1 0,UNIT_WARRIOR 2 0,
11, 20, ARMY,, 
11, 20, ARMY,, 
11, 20, ARMY,, 
11, 21, START LOG, , YIELD_FOOD 8.00 +/- 1.41,YIELD_PRODUCTION 4.00 +/- 0.00,YIELD_GOLD 5.00 +/- 0.00,YIELD_SCIENCE 3.00 +/- 0.00,YIELD_CULTURE 1.50 +/- 0.71,YIELD_FAITH 0.00 +/- 0.00,
11, 21, TRADE, TO -1, VAL 1.80
11, 21, CITY, 66:72, 0, 3, 100, 42.00, 1, 1, 9, 23, 0, Is original capital, Is capital
11, 21, CITY, 66:68, 0, 3, 100, 40.00, 1, 1, 8, 23, 0, Is original capital, Is capital
11, 21, ARMY,, 
11, 21, ARMY,, 
11, 21, ARMY,, UNIT_SCOUT 1 0,
11, 21, ARMY,, 
11, 21, ARMY,, 
11, 21, ARMY,, 
11, 21, ARMY,, 
11, 21, ARMY,, 
11, 21, ARMY,, 
11, 21, ARMY,, 
11, 21, ARMY,, 
11, 21, ARMY,, 
11, 21, ARMY,, UNIT_BUILDER 1 2,UNIT_WARRIOR 2 0,
11, 21, ARMY,, 
11, 21, ARMY,, 
11, 21, ARMY,, 
11, 21, ARMY,, 
11, 21, ARMY,, 
11, 21, ARMY,, 
11, 21, ARMY,, 
11, 21, ARMY,, 
11, 21, ARMY,, UNIT_SETTLER 1 7,UNIT_BUILDER 1 0,UNIT_WARRIOR 2 0,
11, 21, ARMY,, 
11, 21, ARMY,, 
11, 62, START LOG, , YIELD_FOOD 0.00 +/- 0.00,YIELD_PRODUCTION 0.00 +/- 0.00,YIELD_GOLD 0.00 +/- 0.00,YIELD_SCIENCE 0.00 +/- 0.00,YIELD_CULTURE 0.00 +/- 0.00,YIELD_FAITH 0.00 +/- 0.00,
11, 62, TRADE, TO -1, VAL 2.25
11, 62, ARMY,, 
11, 62, ARMY,, 
11, 62, ARMY,, 
11, 62, ARMY,, 
11, 62, ARMY,, 
11, 62, ARMY,, 
11, 62, ARMY,, 
11, 62, ARMY,, 
11, 62, ARMY,, 
11, 62, ARMY,, 
11, 62, ARMY,, 
11, 62, ARMY,, 
11, 62, ARMY,, 
11, 62, ARMY,, 
11, 62, ARMY,, 
11, 62, ARMY,, 
11, 62, ARMY,, 
11, 62, ARMY,, 
11, 62, ARMY,, 
11, 62, ARMY,, 
11, 62, ARMY,, 
11, 62, ARMY,, 
11, 62, ARMY,, 
11, 62, ARMY,, 
11, 63, START LOG, , YIELD_FOOD 0.00 +/- 0.00,YIELD_PRODUCTION 0.00 +/- 0.00,YIELD_GOLD 0.00 +/- 0.00,YIELD_SCIENCE 0.00 +/- 0.00,YIELD_CULTURE 0.00 +/- 0.00,YIELD_FAITH 0.00 +/- 0.00,
11, 63, TRADE, TO -1, VAL 0.00
11, 63, ARMY,, 
11, 63, ARMY,, 
11, 63, ARMY,, 
11, 63, ARMY,, 
11, 63, ARMY,, 
11, 63, ARMY,, 
11, 63, ARMY,, 
11, 63, ARMY,, 
11, 63, ARMY,, 
11, 63, ARMY,, 
11, 63, ARMY,, 
11, 63, ARMY,, 
11, 63, ARMY,, 
11, 63, ARMY,, 
11, 63, ARMY,, 
11, 63, ARMY,, 
11, 63, ARMY,, 
11, 63, ARMY,, 
11, 63, ARMY,, 
11, 63, ARMY,, 
11, 63, ARMY,, 
11, 63, ARMY,, 
11, 63, ARMY,, 
11, 63, ARMY,, 
11, 0, START LOG, , YIELD_FOOD 7.34 +/- 1.74,YIELD_PRODUCTION 5.89 +/- 2.66,YIELD_GOLD 5.07 +/- 2.77,YIELD_SCIENCE 2.89 +/- 1.29,YIELD_CULTURE 0.99 +/- 0.63,YIELD_FAITH 0.63 +/- 0.80,
11, 0, TRADE, TO -1, VAL 2.25
11, 0, CITY, 52:17, 0, 3, 100, 28.00, 1, 1, 3, 35, 3, Is original capital, Is capital
11, 0, CITY, 76:38, 0, 3, 100, 28.00, 1, 1, 3, 35, 1, Is original capital, Is capital
11, 0, CITY, 73:49, 0, 3, 100, 28.00, 1, 1, 3, 31, 0, Is original capital, Is capital
11, 0, CITY, 69:63, 0, 2, 100, 28.00, 1, 1, 3, 26, 0, Is original capital, Is capital
11, 0, CITY, 43:77, 0, 3, 100, 31.00, 1, 1, 3, 34, 2, Is original capital, Is capital
11, 0, CITY, 66:68, 0, 3, 100, 40.00, 1, 1, 8, 23, 0, Is original capital, Is capital
11, 0, CITY, 66:72, 0, 3, 100, 42.00, 1, 1, 9, 23, 0, Is original capital, Is capital
11, 0, CITY, 35:74, 0, 3, 100, 40.00, 1, 1, 8, 23, 1, Is original capital, Is capital
11, 0, CITY, 60:23, 0, 3, 100, 40.00, 1, 1, 13, 24, 0, Is original capital, Is capital
11, 0, CITY, 50:13, 0, 1, 100, 0.00, 1, 1, 0, 9, 0, Not original capital, Not capital
11, 0, CITY, 43:73, 0, 1, 100, 23.00, 1, 1, 0, 10, 0, Not original capital, Not capital
11, 0, ARMY,, UNIT_SETTLER 2 13,UNIT_BUILDER 2 0,UNIT_SCOUT 2 0,UNIT_WARRIOR 1 0,UNIT_VAMPIRE 1 0,
11, 0, ARMY,, UNIT_SETTLER 1 13,UNIT_WARRIOR 1 0,UNIT_BABYLONIAN_SABUM_KIBITTUM 2 0,
11, 0, ARMY,, UNIT_SETTLER 1 13,UNIT_SCOUT 2 0,UNIT_WARRIOR 1 0,
11, 0, ARMY,, UNIT_SETTLER 1 13,UNIT_BUILDER 1 0,UNIT_SCOUT 1 0,UNIT_WARRIOR 1 0,
11, 0, ARMY,, UNIT_SETTLER 2 13,UNIT_BUILDER 1 0,UNIT_SCOUT 2 0,UNIT_WARRIOR 1 0,UNIT_VAMPIRE 1 0,
11, 0, ARMY,, 
11, 0, ARMY,, 
11, 0, ARMY,, 
11, 0, ARMY,, 
11, 0, ARMY,, 
11, 0, ARMY,, 
11, 0, ARMY,, 
11, 0, ARMY,, UNIT_BUILDER 1 1,UNIT_WARRIOR 1 1,
11, 0, ARMY,, 
11, 0, ARMY,, 
11, 0, ARMY,, UNIT_WARRIOR 1 1,
11, 0, ARMY,, 
11, 0, ARMY,, 
11, 0, ARMY,, UNIT_WARRIOR 1 0,
11, 0, ARMY,, 
11, 0, ARMY,, 
11, 0, ARMY,, UNIT_BUILDER 1 4,UNIT_WARRIOR 2 4,
11, 0, ARMY,, 
11, 0, ARMY,, 
11, 1, START LOG, , YIELD_FOOD 7.34 +/- 1.74,YIELD_PRODUCTION 5.89 +/- 2.66,YIELD_GOLD 5.07 +/- 2.77,YIELD_SCIENCE 2.89 +/- 1.29,YIELD_CULTURE 0.99 +/- 0.63,YIELD_FAITH 0.63 +/- 0.80,
11, 1, TRADE, TO -1, VAL 2.25
11, 1, CITY, 52:17, 0, 3, 100, 28.00, 1, 1, 3, 35, 3, Is original capital, Is capital
11, 1, CITY, 76:38, 0, 3, 100, 28.00, 1, 1, 3, 35, 1, Is original capital, Is capital
11, 1, CITY, 73:49, 0, 3, 100, 28.00, 1, 1, 3, 31, 0, Is original capital, Is capital
11, 1, CITY, 69:63, 0, 2, 100, 28.00, 1, 1, 3, 26, 0, Is original capital, Is capital
11, 1, CITY, 43:77, 0, 3, 100, 31.00, 1, 1, 3, 34, 2, Is original capital, Is capital
11, 1, CITY, 66:68, 0, 3, 100, 40.00, 1, 1, 8, 23, 0, Is original capital, Is capital
11, 1, CITY, 66:72, 0, 3, 100, 42.00, 1, 1, 9, 23, 0, Is original capital, Is capital
11, 1, CITY, 35:74, 0, 3, 100, 40.00, 1, 1, 8, 23, 1, Is original capital, Is capital
11, 1, CITY, 60:23, 0, 3, 100, 40.00, 1, 1, 13, 24, 0, Is original capital, Is capital
11, 1, CITY, 50:13, 0, 1, 100, 0.00, 1, 1, 0, 9, 0, Not original capital, Not capital
11, 1, CITY, 43:73, 0, 1, 100, 23.00, 1, 1, 0, 10, 0, Not original capital, Not capital
11, 1, ARMY,, UNIT_SETTLER 2 10,UNIT_BUILDER 2 0,UNIT_SCOUT 2 0,UNIT_WARRIOR 1 0,UNIT_VAMPIRE 1 0,
11, 1, ARMY,, UNIT_SETTLER 2 10,UNIT_WARRIOR 1 0,UNIT_BABYLONIAN_SABUM_KIBITTUM 2 0,
11, 1, ARMY,, UNIT_SETTLER 1 10,UNIT_SCOUT 2 0,UNIT_WARRIOR 1 0,
11, 1, ARMY,, UNIT_SETTLER 1 10,UNIT_BUILDER 1 0,UNIT_SCOUT 1 0,UNIT_WARRIOR 1 0,
11, 1, ARMY,, UNIT_SETTLER 2 10,UNIT_BUILDER 1 0,UNIT_SCOUT 2 0,UNIT_WARRIOR 1 0,UNIT_VAMPIRE 1 0,
11, 1, ARMY,, 
11, 1, ARMY,, 
11, 1, ARMY,, 
11, 1, ARMY,, 
11, 1, ARMY,, 
11, 1, ARMY,, 
11, 1, ARMY,, 
11, 1, ARMY,, UNIT_BUILDER 1 1,UNIT_WARRIOR 1 1,
11, 1, ARMY,, 
11, 1, ARMY,, 
11, 1, ARMY,, UNIT_WARRIOR 1 1,
11, 1, ARMY,, 
11, 1, ARMY,, 
11, 1, ARMY,, UNIT_WARRIOR 1 0,
11, 1, ARMY,, 
11, 1, ARMY,, 
11, 1, ARMY,, UNIT_BUILDER 1 3,UNIT_WARRIOR 2 3,
11, 1, ARMY,, 
11, 1, ARMY,, 
11, 2, START LOG, , YIELD_FOOD 7.65 +/- 1.80,YIELD_PRODUCTION 6.54 +/- 2.50,YIELD_GOLD 6.21 +/- 1.29,YIELD_SCIENCE 3.43 +/- 0.50,YIELD_CULTURE 1.20 +/- 0.43,YIELD_FAITH 0.77 +/- 0.82,
11, 2, TRADE, TO -1, VAL 2.25
11, 2, CITY, 52:17, 0, 3, 100, 28.00, 1, 1, 3, 35, 3, Is original capital, Is capital
11, 2, CITY, 76:38, 0, 3, 100, 28.00, 1, 1, 3, 35, 1, Is original capital, Is capital
11, 2, CITY, 73:49, 0, 3, 100, 28.00, 1, 1, 3, 31, 0, Is original capital, Is capital
11, 2, CITY, 69:63, 0, 2, 100, 28.00, 1, 1, 3, 27, 0, Is original capital, Is capital
11, 2, CITY, 43:77, 0, 3, 100, 31.00, 1, 1, 3, 34, 2, Is original capital, Is capital
11, 2, CITY, 66:68, 0, 3, 100, 40.00, 1, 1, 8, 23, 0, Is original capital, Is capital
11, 2, CITY, 66:72, 0, 3, 100, 42.00, 1, 1, 9, 23, 0, Is original capital, Is capital
11, 2, CITY, 35:74, 0, 3, 100, 40.00, 1, 1, 8, 23, 1, Is original capital, Is capital
11, 2, CITY, 60:23, 0, 3, 100, 40.00, 1, 1, 13, 24, 0, Is original capital, Is capital
11, 2, CITY, 50:13, 0, 1, 100, 0.00, 1, 1, 0, 9, 0, Not original capital, Not capital
11, 2, CITY, 43:73, 0, 1, 100, 23.00, 1, 1, 0, 10, 0, Not original capital, Not capital
11, 2, ARMY,, UNIT_SETTLER 2 15,UNIT_BUILDER 2 0,UNIT_SCOUT 2 0,UNIT_WARRIOR 1 0,UNIT_VAMPIRE 1 0,
11, 2, ARMY,, UNIT_SETTLER 2 15,UNIT_WARRIOR 1 0,UNIT_BABYLONIAN_SABUM_KIBITTUM 2 0,
11, 2, ARMY,, UNIT_SETTLER 2 15,UNIT_SCOUT 2 0,UNIT_WARRIOR 1 0,
11, 2, ARMY,, UNIT_SETTLER 1 15,UNIT_BUILDER 1 0,UNIT_SCOUT 1 0,UNIT_WARRIOR 1 0,
11, 2, ARMY,, UNIT_SETTLER 2 15,UNIT_BUILDER 1 0,UNIT_SCOUT 2 0,UNIT_WARRIOR 1 0,UNIT_VAMPIRE 1 0,
11, 2, ARMY,, 
11, 2, ARMY,, 
11, 2, ARMY,, 
11, 2, ARMY,, 
11, 2, ARMY,, 
11, 2, ARMY,, 
11, 2, ARMY,, 
11, 2, ARMY,, UNIT_BUILDER 1 1,UNIT_WARRIOR 1 1,
11, 2, ARMY,, 
11, 2, ARMY,, 
11, 2, ARMY,, UNIT_WARRIOR 1 1,
11, 2, ARMY,, 
11, 2, ARMY,, 
11, 2, ARMY,, UNIT_WARRIOR 1 0,
11, 2, ARMY,, 
11, 2, ARMY,, 
11, 2, ARMY,, UNIT_BUILDER 1 5,UNIT_WARRIOR 2 4,
11, 2, ARMY,, 
11, 2, ARMY,, 
11, 3, START LOG, , YIELD_FOOD 7.65 +/- 1.80,YIELD_PRODUCTION 6.54 +/- 2.50,YIELD_GOLD 6.21 +/- 1.29,YIELD_SCIENCE 3.43 +/- 0.50,YIELD_CULTURE 1.20 +/- 0.43,YIELD_FAITH 0.77 +/- 0.82,
11, 3, TRADE, TO -1, VAL 2.25
11, 3, CITY, 52:17, 0, 3, 100, 28.00, 1, 1, 3, 35, 3, Is original capital, Is capital
11, 3, CITY, 76:38, 0, 3, 100, 28.00, 1, 1, 3, 37, 1, Is original capital, Is capital
11, 3, CITY, 69:63, 0, 2, 100, 28.00, 1, 1, 3, 27, 0, Is original capital, Is capital
11, 3, CITY, 43:77, 0, 3, 100, 31.00, 1, 1, 3, 34, 2, Is original capital, Is capital
11, 3, CITY, 73:49, 0, 3, 100, 28.00, 1, 1, 3, 31, 0, Is original capital, Is capital
11, 3, CITY, 66:68, 0, 3, 100, 40.00, 1, 1, 8, 23, 0, Is original capital, Is capital
11, 3, CITY, 66:72, 0, 3, 100, 42.00, 1, 1, 9, 23, 0, Is original capital, Is capital
11, 3, CITY, 35:74, 0, 3, 100, 40.00, 1, 1, 8, 23, 1, Is original capital, Is capital
11, 3, CITY, 60:23, 0, 3, 100, 40.00, 1, 1, 13, 24, 0, Is original capital, Is capital
11, 3, CITY, 50:13, 0, 1, 100, 0.00, 1, 1, 0, 9, 0, Not original capital, Not capital
11, 3, CITY, 43:73, 0, 1, 100, 23.00, 1, 1, 0, 10, 0, Not original capital, Not capital
11, 3, ARMY,, UNIT_SETTLER 2 13,UNIT_BUILDER 2 0,UNIT_SCOUT 2 0,UNIT_WARRIOR 1 0,UNIT_VAMPIRE 1 0,
11, 3, ARMY,, UNIT_SETTLER 2 13,UNIT_WARRIOR 1 0,UNIT_BABYLONIAN_SABUM_KIBITTUM 2 0,
11, 3, ARMY,, UNIT_SETTLER 2 13,UNIT_SCOUT 2 0,UNIT_WARRIOR 1 0,
11, 3, ARMY,, UNIT_SETTLER 2 13,UNIT_BUILDER 1 0,UNIT_SCOUT 1 0,UNIT_WARRIOR 1 0,
11, 3, ARMY,, UNIT_SETTLER 2 13,UNIT_BUILDER 1 0,UNIT_SCOUT 2 0,UNIT_WARRIOR 1 0,UNIT_VAMPIRE 1 0,
11, 3, ARMY,, 
11, 3, ARMY,, 
11, 3, ARMY,, 
11, 3, ARMY,, 
11, 3, ARMY,, 
11, 3, ARMY,, 
11, 3, ARMY,, 
11, 3, ARMY,, UNIT_BUILDER 1 1,UNIT_WARRIOR 1 1,
11, 3, ARMY,, 
11, 3, ARMY,, 
11, 3, ARMY,, UNIT_WARRIOR 1 1,
11, 3, ARMY,, 
11, 3, ARMY,, 
11, 3, ARMY,, UNIT_WARRIOR 1 0,
11, 3, ARMY,, 
11, 3, ARMY,, 
11, 3, ARMY,, UNIT_BUILDER 1 5,UNIT_WARRIOR 2 4,
11, 3, ARMY,, 
11, 3, ARMY,, 
11, 4, START LOG, , YIELD_FOOD 7.52 +/- 1.91,YIELD_PRODUCTION 6.16 +/- 3.02,YIELD_GOLD 5.25 +/- 2.90,YIELD_SCIENCE 2.89 +/- 1.29,YIELD_CULTURE 0.99 +/- 0.63,YIELD_FAITH 0.63 +/- 0.80,
11, 4, TRADE, TO -1, VAL 2.25
11, 4, CITY, 52:17, 0, 3, 100, 28.00, 1, 1, 3, 35, 3, Is original capital, Is capital
11, 4, CITY, 76:38, 0, 3, 100, 28.00, 1, 1, 3, 37, 1, Is original capital, Is capital
11, 4, CITY, 73:49, 0, 3, 100, 28.00, 1, 1, 3, 31, 0, Is original capital, Is capital
11, 4, CITY, 69:63, 0, 2, 100, 28.00, 1, 1, 3, 27, 0, Is original capital, Is capital
11, 4, CITY, 43:77, 0, 3, 100, 31.00, 1, 1, 3, 34, 2, Is original capital, Is capital
11, 4, CITY, 66:68, 0, 3, 100, 40.00, 1, 1, 8, 23, 0, Is original capital, Is capital
11, 4, CITY, 66:72, 0, 3, 100, 42.00, 1, 1, 9, 23, 0, Is original capital, Is capital
11, 4, CITY, 35:74, 0, 3, 100, 40.00, 1, 1, 8, 23, 1, Is original capital, Is capital
11, 4, CITY, 60:23, 0, 3, 100, 40.00, 1, 1, 13, 24, 0, Is original capital, Is capital
11, 4, CITY, 50:13, 0, 1, 100, 20.00, 1, 1, 0, 9, 0, Not original capital, Not capital
11, 4, CITY, 43:73, 0, 1, 100, 23.00, 1, 1, 0, 10, 0, Not original capital, Not capital
11, 4, ARMY,, UNIT_SETTLER 2 10,UNIT_BUILDER 2 0,UNIT_SCOUT 2 0,UNIT_WARRIOR 1 0,UNIT_VAMPIRE 1 0,
11, 4, ARMY,, UNIT_SETTLER 2 10,UNIT_WARRIOR 1 0,UNIT_BABYLONIAN_SABUM_KIBITTUM 2 0,
11, 4, ARMY,, UNIT_SETTLER 2 10,UNIT_SCOUT 2 0,UNIT_WARRIOR 1 0,
11, 4, ARMY,, UNIT_SETTLER 2 10,UNIT_BUILDER 1 0,UNIT_SCOUT 1 0,UNIT_WARRIOR 1 0,
11, 4, ARMY,, UNIT_SETTLER 2 10,UNIT_BUILDER 1 0,UNIT_SCOUT 2 0,UNIT_WARRIOR 1 0,UNIT_VAMPIRE 1 0,
11, 4, ARMY,, 
11, 4, ARMY,, 
11, 4, ARMY,, 
11, 4, ARMY,, 
11, 4, ARMY,, 
11, 4, ARMY,, 
11, 4, ARMY,, 
11, 4, ARMY,, UNIT_BUILDER 1 1,UNIT_WARRIOR 1 1,
11, 4, ARMY,, 
11, 4, ARMY,, 
11, 4, ARMY,, UNIT_WARRIOR 1 1,
11, 4, ARMY,, 
11, 4, ARMY,, 
11, 4, ARMY,, UNIT_WARRIOR 1 0,
11, 4, ARMY,, 
11, 4, ARMY,, 
11, 4, ARMY,, UNIT_BUILDER 1 3,UNIT_WARRIOR 2 3,
11, 4, ARMY,, 
11, 4, ARMY,, 
11, 3, START LOG, , YIELD_FOOD 7.98 +/- 1.67,YIELD_PRODUCTION 7.07 +/- 3.86,YIELD_GOLD 5.35 +/- 3.20,YIELD_SCIENCE 2.89 +/- 1.29,YIELD_CULTURE 1.17 +/- 0.85,YIELD_FAITH 0.54 +/- 0.80,
11, 3, TRADE, TO -1, VAL 2.25
11, 3, CITY, 52:17, 0, 3, 100, 28.00, 1, 1, 3, 35, 3, Is original capital, Is capital
11, 3, CITY, 76:38, 0, 3, 100, 28.00, 1, 1, 3, 37, 1, Is original capital, Is capital
11, 3, CITY, 69:63, 0, 2, 100, 28.00, 1, 1, 3, 27, 0, Is original capital, Is capital
11, 3, CITY, 43:77, 0, 3, 100, 31.00, 1, 1, 3, 34, 2, Is original capital, Is capital
11, 3, CITY, 73:49, 0, 3, 100, 28.00, 1, 1, 3, 31, 0, Is original capital, Is capital
11, 3, CITY, 66:68, 0, 3, 100, 40.00, 1, 1, 8, 23, 0, Is original capital, Is capital
11, 3, CITY, 66:72, 0, 3, 100, 42.00, 1, 1, 9, 23, 0, Is original capital, Is capital
11, 3, CITY, 35:74, 0, 3, 100, 40.00, 1, 1, 8, 23, 1, Is original capital, Is capital
11, 3, CITY, 60:23, 0, 3, 100, 40.00, 1, 1, 13, 24, 0, Is original capital, Is capital
11, 3, CITY, 50:13, 0, 1, 100, 20.00, 1, 1, 0, 9, 0, Not original capital, Not capital
11, 3, CITY, 43:73, 0, 1, 100, 23.00, 1, 1, 0, 10, 0, Not original capital, Not capital
11, 3, ARMY,, UNIT_SETTLER 2 14,UNIT_BUILDER 2 0,UNIT_SCOUT 2 0,UNIT_WARRIOR 1 0,UNIT_VAMPIRE 1 0,
11, 3, ARMY,, UNIT_SETTLER 2 14,UNIT_WARRIOR 1 0,UNIT_BABYLONIAN_SABUM_KIBITTUM 2 0,
11, 3, ARMY,, UNIT_SETTLER 2 14,UNIT_SCOUT 2 0,UNIT_WARRIOR 1 0,
11, 3, ARMY,, UNIT_SETTLER 2 14,UNIT_BUILDER 1 0,UNIT_SCOUT 1 0,UNIT_WARRIOR 1 0,
11, 3, ARMY,, UNIT_SETTLER 2 14,UNIT_BUILDER 1 0,UNIT_SCOUT 3 0,UNIT_WARRIOR 1 0,UNIT_VAMPIRE 1 0,
11, 3, ARMY,, 
11, 3, ARMY,, 
11, 3, ARMY,, 
11, 3, ARMY,, 
11, 3, ARMY,, UNIT_SCOUT 1 0,
11, 3, ARMY,, 
11, 3, ARMY,, 
11, 3, ARMY,, UNIT_BUILDER 1 2,UNIT_WARRIOR 1 2,
11, 3, ARMY,, 
11, 3, ARMY,, 
11, 3, ARMY,, UNIT_WARRIOR 1 2,
11, 3, ARMY,, 
11, 3, ARMY,, 
11, 3, ARMY,, UNIT_WARRIOR 1 0,
11, 3, ARMY,, 
11, 3, ARMY,, 
11, 3, ARMY,, UNIT_BUILDER 1 6,UNIT_WARRIOR 2 5,
11, 3, ARMY,, 
11, 3, ARMY,, 
11, 1, START LOG, , YIELD_FOOD 8.23 +/- 1.81,YIELD_PRODUCTION 6.57 +/- 3.60,YIELD_GOLD 5.23 +/- 2.76,YIELD_SCIENCE 2.99 +/- 1.27,YIELD_CULTURE 1.15 +/- 0.82,YIELD_FAITH 0.49 +/- 0.78,
11, 1, TRADE, TO -1, VAL 0.00
11, 1, CITY, 52:17, 0, 3, 100, 28.00, 1, 1, 3, 35, 3, Is original capital, Is capital
11, 1, CITY, 76:38, 0, 3, 100, 28.00, 1, 1, 3, 37, 1, Is original capital, Is capital
11, 1, CITY, 73:49, 0, 3, 100, 28.00, 1, 1, 3, 31, 0, Is original capital, Is capital
11, 1, CITY, 69:63, 0, 2, 100, 28.00, 1, 1, 3, 27, 0, Is original capital, Is capital
11, 1, CITY, 43:77, 0, 3, 100, 31.00, 2, 2, 3, 35, 2, Is original capital, Is capital
11, 1, CITY, 66:68, 0, 3, 100, 40.00, 1, 1, 8, 23, 0, Is original capital, Is capital
11, 1, CITY, 66:72, 0, 3, 100, 42.00, 1, 1, 9, 23, 0, Is original capital, Is capital
11, 1, CITY, 35:74, 0, 3, 100, 40.00, 1, 1, 8, 23, 1, Is original capital, Is capital
11, 1, CITY, 60:23, 0, 3, 100, 40.00, 1, 1, 13, 24, 0, Is original capital, Is capital
11, 1, CITY, 50:13, 0, 1, 100, 20.00, 1, 1, 0, 9, 0, Not original capital, Not capital
11, 1, CITY, 43:73, 0, 1, 100, 23.00, 1, 1, 0, 10, 0, Not original capital, Not capital
11, 1, CITY, 59:74, 0, 3, 100, 40.00, 1, 1, 8, 24, 0, Is original capital, Is capital
11, 1, ARMY,, UNIT_SETTLER 2 11,UNIT_BUILDER 2 0,UNIT_SCOUT 2 0,UNIT_WARRIOR 1 0,UNIT_VAMPIRE 1 0,
11, 1, ARMY,, UNIT_SETTLER 2 11,UNIT_WARRIOR 1 0,UNIT_BABYLONIAN_SABUM_KIBITTUM 2 0,
11, 1, ARMY,, UNIT_SETTLER 2 11,UNIT_SCOUT 2 0,UNIT_WARRIOR 1 0,
11, 1, ARMY,, UNIT_SETTLER 2 11,UNIT_BUILDER 1 0,UNIT_SCOUT 1 0,UNIT_WARRIOR 1 0,
11, 1, ARMY,, UNIT_SETTLER 2 11,UNIT_BUILDER 1 0,UNIT_SCOUT 3 0,UNIT_WARRIOR 1 0,UNIT_VAMPIRE 1 0,
11, 1, ARMY,, 
11, 1, ARMY,, 
11, 1, ARMY,, 
11, 1, ARMY,, 
11, 1, ARMY,, UNIT_SCOUT 1 0,
11, 1, ARMY,, 
11, 1, ARMY,, 
11, 1, ARMY,, UNIT_BUILDER 1 2,UNIT_WARRIOR 2 2,
11, 1, ARMY,, 
11, 1, ARMY,, 
11, 1, ARMY,, UNIT_WARRIOR 1 2,
11, 1, ARMY,, 
11, 1, ARMY,, 
11, 1, ARMY,, UNIT_WARRIOR 1 0,
11, 1, ARMY,, 
11, 1, ARMY,, 
11, 1, ARMY,, UNIT_BUILDER 1 4,UNIT_WARRIOR 2 4,
11, 1, ARMY,, 
11, 1, ARMY,, 
11, 3, START LOG, , YIELD_FOOD 8.07 +/- 1.61,YIELD_PRODUCTION 6.82 +/- 3.78,YIELD_GOLD 5.40 +/- 3.05,YIELD_SCIENCE 2.99 +/- 1.27,YIELD_CULTURE 1.15 +/- 0.82,YIELD_FAITH 0.49 +/- 0.78,
11, 3, TRADE, TO -1, VAL 0.00
11, 3, CITY, 52:17, 0, 3, 100, 28.00, 1, 1, 3, 35, 3, Is original capital, Is capital
11, 3, CITY, 76:38, 0, 3, 100, 28.00, 1, 1, 3, 37, 1, Is original capital, Is capital
11, 3, CITY, 69:63, 0, 2, 100, 28.00, 1, 1, 3, 27, 0, Is original capital, Is capital
11, 3, CITY, 43:77, 0, 3, 100, 31.00, 2, 2, 3, 35, 2, Is original capital, Is capital
11, 3, CITY, 73:49, 0, 3, 100, 28.00, 1, 1, 3, 31, 0, Is original capital, Is capital
11, 3, CITY, 66:68, 0, 3, 100, 40.00, 1, 1, 8, 23, 0, Is original capital, Is capital
11, 3, CITY, 66:72, 0, 3, 100, 42.00, 1, 1, 9, 23, 0, Is original capital, Is capital
11, 3, CITY, 35:74, 0, 3, 100, 40.00, 1, 1, 8, 23, 1, Is original capital, Is capital
11, 3, CITY, 60:23, 0, 3, 100, 40.00, 1, 1, 13, 24, 0, Is original capital, Is capital
11, 3, CITY, 50:13, 0, 1, 100, 20.00, 1, 1, 0, 9, 0, Not original capital, Not capital
11, 3, CITY, 43:73, 0, 1, 100, 23.00, 1, 1, 0, 10, 0, Not original capital, Not capital
11, 3, CITY, 59:74, 0, 3, 100, 40.00, 1, 1, 8, 24, 0, Is original capital, Is capital
11, 3, ARMY,, UNIT_SETTLER 2 15,UNIT_BUILDER 2 0,UNIT_SCOUT 2 0,UNIT_WARRIOR 1 0,UNIT_VAMPIRE 1 0,
11, 3, ARMY,, UNIT_SETTLER 2 15,UNIT_WARRIOR 1 0,UNIT_BABYLONIAN_SABUM_KIBITTUM 2 0,
11, 3, ARMY,, UNIT_SETTLER 2 15,UNIT_SCOUT 2 0,UNIT_WARRIOR 1 0,
11, 3, ARMY,, UNIT_SETTLER 2 15,UNIT_BUILDER 1 0,UNIT_SCOUT 1 0,UNIT_WARRIOR 1 0,
11, 3, ARMY,, UNIT_SETTLER 2 15,UNIT_BUILDER 1 0,UNIT_SCOUT 3 0,UNIT_WARRIOR 1 0,UNIT_VAMPIRE 1 0,
11, 3, ARMY,, 
11, 3, ARMY,, 
11, 3, ARMY,, 
11, 3, ARMY,, 
11, 3, ARMY,, UNIT_SCOUT 1 0,
11, 3, ARMY,, 
11, 3, ARMY,, 
11, 3, ARMY,, UNIT_BUILDER 1 3,UNIT_WARRIOR 2 3,
11, 3, ARMY,, 
11, 3, ARMY,, 
11, 3, ARMY,, UNIT_WARRIOR 1 3,
11, 3, ARMY,, 
11, 3, ARMY,, 
11, 3, ARMY,, UNIT_WARRIOR 1 0,
11, 3, ARMY,, 
11, 3, ARMY,, 
11, 3, ARMY,, UNIT_BUILDER 1 7,UNIT_WARRIOR 2 6,
11, 3, ARMY,, 
11, 3, ARMY,, 
11, 2, START LOG, , YIELD_FOOD 8.23 +/- 1.81,YIELD_PRODUCTION 6.65 +/- 3.67,YIELD_GOLD 5.23 +/- 2.76,YIELD_SCIENCE 2.99 +/- 1.27,YIELD_CULTURE 1.15 +/- 0.82,YIELD_FAITH 0.49 +/- 0.78,
11, 2, TRADE, TO -1, VAL 0.00
11, 2, CITY, 52:17, 0, 3, 100, 28.00, 1, 1, 3, 35, 3, Is original capital, Is capital
11, 2, CITY, 76:38, 0, 3, 100, 28.00, 1, 1, 3, 37, 1, Is original capital, Is capital
11, 2, CITY, 73:49, 0, 3, 100, 28.00, 1, 1, 3, 31, 0, Is original capital, Is capital
11, 2, CITY, 69:63, 0, 2, 100, 28.00, 1, 1, 3, 27, 0, Is original capital, Is capital
11, 2, CITY, 43:77, 0, 3, 100, 31.00, 2, 2, 3, 35, 2, Is original capital, Is capital
11, 2, CITY, 66:68, 0, 3, 100, 40.00, 1, 1, 8, 23, 0, Is original capital, Is capital
11, 2, CITY, 66:72, 0, 3, 100, 42.00, 1, 1, 9, 23, 0, Is original capital, Is capital
11, 2, CITY, 35:74, 0, 3, 100, 40.00, 1, 1, 8, 23, 1, Is original capital, Is capital
11, 2, CITY, 60:23, 0, 3, 100, 40.00, 1, 1, 13, 24, 0, Is original capital, Is capital
11, 2, CITY, 50:13, 0, 1, 100, 20.00, 1, 1, 0, 9, 0, Not original capital, Not capital
11, 2, CITY, 43:73, 0, 1, 100, 23.00, 2, 2, 0, 10, 0, Not original capital, Not capital
11, 2, CITY, 59:74, 0, 3, 100, 40.00, 1, 1, 8, 24, 0, Is original capital, Is capital
11, 2, CITY, 38:8, 0, 3, 100, 29.00, 1, 1, 3, 54, 1, Is original capital, Is capital
11, 2, ARMY,, UNIT_SETTLER 2 16,UNIT_BUILDER 2 0,UNIT_SCOUT 2 0,UNIT_WARRIOR 1 0,UNIT_VAMPIRE 1 0,
11, 2, ARMY,, UNIT_SETTLER 2 16,UNIT_WARRIOR 1 0,UNIT_BABYLONIAN_SABUM_KIBITTUM 2 0,
11, 2, ARMY,, UNIT_SETTLER 2 16,UNIT_SCOUT 2 0,UNIT_WARRIOR 1 0,
11, 2, ARMY,, UNIT_SETTLER 2 16,UNIT_BUILDER 1 0,UNIT_SCOUT 1 0,UNIT_WARRIOR 1 0,
11, 2, ARMY,, UNIT_SETTLER 2 16,UNIT_BUILDER 1 0,UNIT_SCOUT 3 0,UNIT_WARRIOR 1 0,UNIT_VAMPIRE 1 0,
11, 2, ARMY,, 
11, 2, ARMY,, 
11, 2, ARMY,, 
11, 2, ARMY,, 
11, 2, ARMY,, UNIT_SCOUT 1 0,
11, 2, ARMY,, 
11, 2, ARMY,, 
11, 2, ARMY,, UNIT_BUILDER 1 2,UNIT_WARRIOR 2 2,
11, 2, ARMY,, 
11, 2, ARMY,, 
11, 2, ARMY,, UNIT_WARRIOR 1 2,
11, 2, ARMY,, 
11, 2, ARMY,, 
11, 2, ARMY,, UNIT_WARRIOR 1 0,
11, 2, ARMY,, 
11, 2, ARMY,, 
11, 2, ARMY,, UNIT_BUILDER 1 6,UNIT_WARRIOR 2 5,
11, 2, ARMY,, 
11, 2, ARMY,, 
