Game Turn, Player, Unit, From X, From Y, To X, To Y, Info, Checksum
001, LOC_CIVILIZATION_BABYLON_STK_NAME, UNIT_SETTLER (65536), 11, 41, -9999, -9999, 2320, ffffffff
001, LOC_CIVILIZATION_BABYLON_STK_NAME, UNIT_SETTLER (65536), 11, 41, -9999, -9999, 2321, ffffffff
001, LOC_CIVILIZATION_BABYLON_STK_NAME, UNIT_SETTLER (65536), 11, 41, -9999, -9999, 2304, ffffffff
001, LOC_CIVILIZATION_BABYLON_STK_NAME, UNIT_SETTLER (65536), 11, 41, -9999, -9999, 2320, ffffffff
001, LOC_CIVILIZATION_BABYLON_STK_NAME, UNIT_SETTLER (65536), 11, 41, -9999, -9999, 2321, ffffffff
001, LOC_CIVILIZATION_BABYLON_STK_NAME, UNIT_SETTLER (65536), 11, 41, -9999, -9999, 2304, ffffffff
001, LOC_CIVILIZATION_BABYLON_STK_NAME, UNIT_SETTLER (65536), 11, 41, -9999, -9999, 2320, ffffffff
001, LOC_CIVILIZATION_BABYLON_STK_NAME, UNIT_SETTLER (65536), 11, 41, -9999, -9999, 2321, ffffffff
001, LOC_CIVILIZATION_BABYLON_STK_NAME, UNIT_SETTLER (65536), 11, 41, -9999, -9999, 2304, ffffffff
001, LOC_CIVILIZATION_BABYLON_STK_NAME, UNIT_SETTLER (65536), 11, 41, -9999, -9999, 2320, ffffffff
001, LOC_CIVILIZATION_BABYLON_STK_NAME, UNIT_SETTLER (65536), 11, 41, -9999, -9999, 2321, ffffffff
001, LOC_CIVILIZATION_BABYLON_STK_NAME, UNIT_SETTLER (65536), 11, 41, -9999, -9999, 2304, ffffffff
001, LOC_CIVILIZATION_BABYLON_STK_NAME, UNIT_SETTLER (65536), 11, 41, -9999, -9999, 2320, ffffffff
001, LOC_CIVILIZATION_BABYLON_STK_NAME, UNIT_SETTLER (65536), 11, 41, -9999, -9999, 2321, ffffffff
001, LOC_CIVILIZATION_BABYLON_STK_NAME, UNIT_SETTLER (65536), 11, 41, -9999, -9999, 2304, ffffffff
001, LOC_CIVILIZATION_BABYLON_STK_NAME, UNIT_SETTLER (65536), 11, 41, -9999, -9999, 2320, ffffffff
001, LOC_CIVILIZATION_BABYLON_STK_NAME, UNIT_SETTLER (65536), 11, 41, -9999, -9999, 2321, ffffffff
001, LOC_CIVILIZATION_BABYLON_STK_NAME, UNIT_SETTLER (65536), 11, 41, -9999, -9999, 2304, ffffffff
001, LOC_CIVILIZATION_BABYLON_STK_NAME, UNIT_SETTLER (65536), 11, 41, -9999, -9999, 2320, ffffffff
001, LOC_CIVILIZATION_BABYLON_STK_NAME, UNIT_SETTLER (65536), 11, 41, -9999, -9999, 2321, ffffffff
001, LOC_CIVILIZATION_BABYLON_STK_NAME, UNIT_SETTLER (65536), 11, 41, -9999, -9999, 2304, ffffffff
001, LOC_CIVILIZATION_BABYLON_STK_NAME, UNIT_SETTLER (65536), 11, 41, -9999, -9999, 2320, ffffffff
001, LOC_CIVILIZATION_BABYLON_STK_NAME, UNIT_SETTLER (65536), 11, 41, -9999, -9999, 2321, ffffffff
001, LOC_CIVILIZATION_BABYLON_STK_NAME, UNIT_SETTLER (65536), 11, 41, -9999, -9999, 2304, ffffffff
001, LOC_CIVILIZATION_BABYLON_STK_NAME, UNIT_SETTLER (65536), 11, 41, -9999, -9999, 2320, ffffffff
001, LOC_CIVILIZATION_BABYLON_STK_NAME, UNIT_SETTLER (65536), 11, 41, -9999, -9999, 2321, ffffffff
001, LOC_CIVILIZATION_BABYLON_STK_NAME, UNIT_SETTLER (65536), 11, 41, -9999, -9999, 2304, ffffffff
001, LOC_CIVILIZATION_BABYLON_STK_NAME, UNIT_SETTLER (65536), 11, 41, -9999, -9999, 2320, ffffffff
001, LOC_CIVILIZATION_BABYLON_STK_NAME, UNIT_SETTLER (65536), 11, 41, -9999, -9999, 2321, ffffffff
001, LOC_CIVILIZATION_BABYLON_STK_NAME, UNIT_SETTLER (65536), 11, 41, -9999, -9999, 2304, ffffffff
001, LOC_CIVILIZATION_BABYLON_STK_NAME, UNIT_SETTLER (65536), 11, 41, -9999, -9999, 2320, ffffffff
001, LOC_CIVILIZATION_BABYLON_STK_NAME, UNIT_SETTLER (65536), 11, 41, -9999, -9999, 2321, ffffffff
001, LOC_CIVILIZATION_BABYLON_STK_NAME, UNIT_SETTLER (65536), 11, 41, -9999, -9999, 2304, ffffffff
001, LOC_CIVILIZATION_BABYLON_STK_NAME, UNIT_SETTLER (65536), 11, 41, -9999, -9999, 2320, ffffffff
001, LOC_CIVILIZATION_BABYLON_STK_NAME, UNIT_SETTLER (65536), 11, 41, -9999, -9999, 2321, ffffffff
001, LOC_CIVILIZATION_BABYLON_STK_NAME, UNIT_SETTLER (65536), 11, 41, -9999, -9999, 2304, ffffffff
001, LOC_CIVILIZATION_BABYLON_STK_NAME, UNIT_SETTLER (65536), 11, 41, -9999, -9999, 2320, ffffffff
001, LOC_CIVILIZATION_BABYLON_STK_NAME, UNIT_SETTLER (65536), 11, 41, -9999, -9999, 2321, ffffffff
001, LOC_CIVILIZATION_BABYLON_STK_NAME, UNIT_SETTLER (65536), 11, 41, -9999, -9999, 2304, ffffffff
001, LOC_CIVILIZATION_BABYLON_STK_NAME, UNIT_SETTLER (65536), 11, 41, -9999, -9999, 2320, ffffffff
001, LOC_CIVILIZATION_BABYLON_STK_NAME, UNIT_SETTLER (65536), 11, 41, -9999, -9999, 2321, ffffffff
001, LOC_CIVILIZATION_BABYLON_STK_NAME, UNIT_SETTLER (65536), 11, 41, -9999, -9999, 2304, ffffffff
001, LOC_CIVILIZATION_BABYLON_STK_NAME, UNIT_SETTLER (65536), 11, 41, -9999, -9999, 2320, ffffffff
001, LOC_CIVILIZATION_BABYLON_STK_NAME, UNIT_SETTLER (65536), 11, 41, -9999, -9999, 2321, ffffffff
001, LOC_CIVILIZATION_BABYLON_STK_NAME, UNIT_SETTLER (65536), 11, 41, -9999, -9999, 2304, ffffffff
001, LOC_CIVILIZATION_BABYLON_STK_NAME, UNIT_SETTLER (65536), 11, 41, -9999, -9999, 2320, ffffffff
001, LOC_CIVILIZATION_BABYLON_STK_NAME, UNIT_SETTLER (65536), 11, 41, -9999, -9999, 2321, ffffffff
001, LOC_CIVILIZATION_BABYLON_STK_NAME, UNIT_SETTLER (65536), 11, 41, -9999, -9999, 2304, ffffffff
001, LOC_CIVILIZATION_BABYLON_STK_NAME, UNIT_SETTLER (65536), 11, 41, -9999, -9999, 2320, ffffffff
001, LOC_CIVILIZATION_BABYLON_STK_NAME, UNIT_SETTLER (65536), 11, 41, -9999, -9999, 2321, ffffffff
001, LOC_CIVILIZATION_BABYLON_STK_NAME, UNIT_SETTLER (65536), 11, 41, -9999, -9999, 2304, ffffffff
001, LOC_CIVILIZATION_BABYLON_STK_NAME, UNIT_SETTLER (65536), 11, 41, -9999, -9999, 2320, ffffffff
001, LOC_CIVILIZATION_BABYLON_STK_NAME, UNIT_SETTLER (65536), 11, 41, -9999, -9999, 2321, ffffffff
001, LOC_CIVILIZATION_BABYLON_STK_NAME, UNIT_SETTLER (65536), 11, 41, -9999, -9999, 2304, ffffffff
001, LOC_CIVILIZATION_BABYLON_STK_NAME, UNIT_SETTLER (65536), 11, 41, -9999, -9999, 2320, ffffffff
001, LOC_CIVILIZATION_BABYLON_STK_NAME, UNIT_SETTLER (65536), 11, 41, -9999, -9999, 2321, ffffffff
001, LOC_CIVILIZATION_BABYLON_STK_NAME, UNIT_SETTLER (65536), 11, 41, -9999, -9999, 2304, ffffffff
001, LOC_CIVILIZATION_BABYLON_STK_NAME, UNIT_SETTLER (65536), 11, 41, -9999, -9999, 2320, ffffffff
001, LOC_CIVILIZATION_BABYLON_STK_NAME, UNIT_SETTLER (65536), 11, 41, -9999, -9999, 2321, ffffffff
001, LOC_CIVILIZATION_BABYLON_STK_NAME, UNIT_SETTLER (65536), 11, 41, -9999, -9999, 2304, ffffffff
001, LOC_CIVILIZATION_BABYLON_STK_NAME, UNIT_WARRIOR (131073), 10, 41, -9999, -9999, 2320, ffffffff
001, LOC_CIVILIZATION_BABYLON_STK_NAME, UNIT_WARRIOR (131073), 10, 41, -9999, -9999, 2321, ffffffff
001, LOC_CIVILIZATION_BABYLON_STK_NAME, UNIT_WARRIOR (131073), 10, 41, -9999, -9999, 2304, ffffffff
001, LOC_CIVILIZATION_BABYLON_STK_NAME, UNIT_WARRIOR (131073), 10, 41, -9999, -9999, 2370, ffffffff
001, LOC_CIVILIZATION_BABYLON_STK_NAME, UNIT_WARRIOR (131073), 10, 41, 10, 40, 16656, cb19c48a
001, LOC_CIVILIZATION_BABYLON_STK_NAME, UNIT_SETTLER (65536), 11, 41, -9999, -9999, 2320, ffffffff
001, LOC_CIVILIZATION_BABYLON_STK_NAME, UNIT_SETTLER (65536), 11, 41, -9999, -9999, 2321, ffffffff
001, LOC_CIVILIZATION_BABYLON_STK_NAME, UNIT_SETTLER (65536), 11, 41, -9999, -9999, 2304, ffffffff
001, LOC_CIVILIZATION_BABYLON_STK_NAME, UNIT_SETTLER (65536), 11, 41, -9999, -9999, 2320, ffffffff
001, LOC_CIVILIZATION_BABYLON_STK_NAME, UNIT_SETTLER (65536), 11, 41, -9999, -9999, 2321, ffffffff
001, LOC_CIVILIZATION_BABYLON_STK_NAME, UNIT_SETTLER (65536), 11, 41, -9999, -9999, 2304, ffffffff
001, LOC_CIVILIZATION_BABYLON_STK_NAME, UNIT_SETTLER (65536), 11, 41, 10, 41, 16640, b8f9704a
001, LOC_CIVILIZATION_BABYLON_STK_NAME, UNIT_SETTLER (65536), 10, 41, -9999, -9999, 2064, ffffffff
001, LOC_CIVILIZATION_BABYLON_STK_NAME, UNIT_SETTLER (65536), 10, 41, -9999, -9999, 2065, ffffffff
001, LOC_CIVILIZATION_BABYLON_STK_NAME, UNIT_SETTLER (65536), 10, 41, -9999, -9999, 2048, ffffffff
001, LOC_CIVILIZATION_BABYLON_STK_NAME, UNIT_SETTLER (65536), 10, 41, -9999, -9999, 2064, ffffffff
001, LOC_CIVILIZATION_BABYLON_STK_NAME, UNIT_SETTLER (65536), 10, 41, -9999, -9999, 2065, ffffffff
001, LOC_CIVILIZATION_BABYLON_STK_NAME, UNIT_SETTLER (65536), 10, 41, -9999, -9999, 2048, ffffffff
001, LOC_CIVILIZATION_BABYLON_STK_NAME, UNIT_WARRIOR (131073), 10, 40, 9, 39, 16400, addb40fd
002, LOC_CIVILIZATION_BABYLON_STK_NAME, UNIT_WARRIOR (131073), 10, 40, -9999, -9999, 2320, ffffffff
002, LOC_CIVILIZATION_BABYLON_STK_NAME, UNIT_WARRIOR (131073), 10, 40, -9999, -9999, 2321, ffffffff
002, LOC_CIVILIZATION_BABYLON_STK_NAME, UNIT_WARRIOR (131073), 10, 40, -9999, -9999, 2304, ffffffff
002, LOC_CIVILIZATION_BABYLON_STK_NAME, UNIT_WARRIOR (131073), 10, 40, -9999, -9999, 2320, ffffffff
002, LOC_CIVILIZATION_BABYLON_STK_NAME, UNIT_WARRIOR (131073), 10, 40, -9999, -9999, 2321, ffffffff
002, LOC_CIVILIZATION_BABYLON_STK_NAME, UNIT_WARRIOR (131073), 10, 40, -9999, -9999, 2304, ffffffff
002, LOC_CIVILIZATION_BABYLON_STK_NAME, UNIT_WARRIOR (131073), 10, 40, -9999, -9999, 2320, ffffffff
002, LOC_CIVILIZATION_BABYLON_STK_NAME, UNIT_WARRIOR (131073), 10, 40, -9999, -9999, 2321, ffffffff
002, LOC_CIVILIZATION_BABYLON_STK_NAME, UNIT_WARRIOR (131073), 10, 40, -9999, -9999, 2304, ffffffff
002, LOC_CIVILIZATION_BABYLON_STK_NAME, UNIT_WARRIOR (131073), 10, 40, -9999, -9999, 2370, ffffffff
002, LOC_CIVILIZATION_BABYLON_STK_NAME, UNIT_WARRIOR (131073), 10, 40, 9, 39, 16656, addb40fd
002, LOC_CIVILIZATION_BABYLON_STK_NAME, UNIT_WARRIOR (131073), 10, 40, -9999, -9999, 2320, ffffffff
002, LOC_CIVILIZATION_BABYLON_STK_NAME, UNIT_WARRIOR (131073), 10, 40, -9999, -9999, 2321, ffffffff
002, LOC_CIVILIZATION_BABYLON_STK_NAME, UNIT_WARRIOR (131073), 10, 40, -9999, -9999, 2304, ffffffff
002, LOC_CIVILIZATION_BABYLON_STK_NAME, UNIT_WARRIOR (131073), 10, 40, -9999, -9999, 2370, ffffffff
002, LOC_CIVILIZATION_BABYLON_STK_NAME, UNIT_WARRIOR (131073), 10, 40, -9999, -9999, 2370, ffffffff
002, LOC_CIVILIZATION_BABYLON_STK_NAME, UNIT_WARRIOR (131073), 9, 39, -9999, -9999, 2064, ffffffff
002, LOC_CIVILIZATION_BABYLON_STK_NAME, UNIT_WARRIOR (131073), 9, 39, -9999, -9999, 2065, ffffffff
002, LOC_CIVILIZATION_BABYLON_STK_NAME, UNIT_WARRIOR (131073), 9, 39, -9999, -9999, 2048, ffffffff
002, LOC_CIVILIZATION_BABYLON_STK_NAME, UNIT_WARRIOR (131073), 9, 39, -9999, -9999, 2114, ffffffff
002, LOC_CIVILIZATION_BABYLON_STK_NAME, UNIT_WARRIOR (131073), 9, 39, -9999, -9999, 2064, ffffffff
002, LOC_CIVILIZATION_BABYLON_STK_NAME, UNIT_WARRIOR (131073), 9, 39, -9999, -9999, 2065, ffffffff
002, LOC_CIVILIZATION_BABYLON_STK_NAME, UNIT_WARRIOR (131073), 9, 39, -9999, -9999, 2048, ffffffff
002, LOC_CIVILIZATION_BABYLON_STK_NAME, UNIT_WARRIOR (131073), 9, 39, -9999, -9999, 2114, ffffffff
002, LOC_CIVILIZATION_BABYLON_STK_NAME, UNIT_WARRIOR (131073), 9, 39, -9999, -9999, 2064, ffffffff
002, LOC_CIVILIZATION_BABYLON_STK_NAME, UNIT_WARRIOR (131073), 9, 39, -9999, -9999, 2065, ffffffff
002, LOC_CIVILIZATION_BABYLON_STK_NAME, UNIT_WARRIOR (131073), 9, 39, -9999, -9999, 2048, ffffffff
002, LOC_CIVILIZATION_BABYLON_STK_NAME, UNIT_WARRIOR (131073), 9, 39, -9999, -9999, 2114, ffffffff
002, LOC_CIVILIZATION_BABYLON_STK_NAME, UNIT_WARRIOR (131073), 9, 39, 10, 38, 4, 7d25279a
002, LOC_CIVILIZATION_BABYLON_STK_NAME, UNIT_WARRIOR (131073), 9, 39, 10, 38, 16400, 7d25279a
002, LOC_CIVILIZATION_BABYLON_STK_NAME, UNIT_WARRIOR (131073), 9, 39, 10, 38, 4, 7d25279a
002, LOC_CIVILIZATION_BABYLON_STK_NAME, UNIT_WARRIOR (131073), 10, 38, 11, 37, 16400, 360ebe07
002, LOC_CIVILIZATION_BABYLON_STK_NAME, UNIT_WARRIOR (131073), 10, 38, 11, 37, 16400, 360ebe07
002, LOC_CIVILIZATION_BABYLON_STK_NAME, UNIT_WARRIOR (131073), 10, 38, 10, 37, 16400, f01fcb9b
003, LOC_CIVILIZATION_BABYLON_STK_NAME, UNIT_WARRIOR (131073), 10, 38, -9999, -9999, 2370, ffffffff
003, LOC_CIVILIZATION_BABYLON_STK_NAME, UNIT_WARRIOR (131073), 10, 38, 10, 37, 16656, f01fcb9b
003, LOC_CIVILIZATION_BABYLON_STK_NAME, UNIT_WARRIOR (131073), 10, 38, -9999, -9999, 2320, ffffffff
003, LOC_CIVILIZATION_BABYLON_STK_NAME, UNIT_WARRIOR (131073), 10, 38, -9999, -9999, 2321, ffffffff
003, LOC_CIVILIZATION_BABYLON_STK_NAME, UNIT_WARRIOR (131073), 10, 38, -9999, -9999, 2304, ffffffff
003, LOC_CIVILIZATION_BABYLON_STK_NAME, UNIT_WARRIOR (131073), 10, 38, -9999, -9999, 2370, ffffffff
003, LOC_CIVILIZATION_BABYLON_STK_NAME, UNIT_WARRIOR (131073), 10, 37, -9999, -9999, 2114, ffffffff
003, LOC_CIVILIZATION_BABYLON_STK_NAME, UNIT_WARRIOR (131073), 10, 37, 9, 34, 0, c3be6a29
004, LOC_CIVILIZATION_BABYLON_STK_NAME, UNIT_WARRIOR (131073), 10, 37, -9999, -9999, 2320, ffffffff
004, LOC_CIVILIZATION_BABYLON_STK_NAME, UNIT_WARRIOR (131073), 10, 37, -9999, -9999, 2321, ffffffff
004, LOC_CIVILIZATION_BABYLON_STK_NAME, UNIT_WARRIOR (131073), 10, 37, -9999, -9999, 2304, ffffffff
004, LOC_CIVILIZATION_BABYLON_STK_NAME, UNIT_WARRIOR (131073), 10, 37, -9999, -9999, 2320, ffffffff
004, LOC_CIVILIZATION_BABYLON_STK_NAME, UNIT_WARRIOR (131073), 10, 37, -9999, -9999, 2321, ffffffff
004, LOC_CIVILIZATION_BABYLON_STK_NAME, UNIT_WARRIOR (131073), 10, 37, -9999, -9999, 2304, ffffffff
004, LOC_CIVILIZATION_BABYLON_STK_NAME, UNIT_WARRIOR (131073), 10, 37, -9999, -9999, 2320, ffffffff
004, LOC_CIVILIZATION_BABYLON_STK_NAME, UNIT_WARRIOR (131073), 10, 37, -9999, -9999, 2321, ffffffff
004, LOC_CIVILIZATION_BABYLON_STK_NAME, UNIT_WARRIOR (131073), 10, 37, -9999, -9999, 2304, ffffffff
004, LOC_CIVILIZATION_BABYLON_STK_NAME, UNIT_WARRIOR (131073), 10, 37, -9999, -9999, 2370, ffffffff
004, LOC_CIVILIZATION_BABYLON_STK_NAME, UNIT_WARRIOR (131073), 10, 37, -9999, -9999, 2320, ffffffff
004, LOC_CIVILIZATION_BABYLON_STK_NAME, UNIT_WARRIOR (131073), 10, 37, -9999, -9999, 2321, ffffffff
004, LOC_CIVILIZATION_BABYLON_STK_NAME, UNIT_WARRIOR (131073), 10, 37, -9999, -9999, 2304, ffffffff
004, LOC_CIVILIZATION_BABYLON_STK_NAME, UNIT_WARRIOR (131073), 10, 37, -9999, -9999, 2370, ffffffff
004, LOC_CIVILIZATION_BABYLON_STK_NAME, UNIT_WARRIOR (131073), 10, 37, -9999, -9999, 2370, ffffffff
004, LOC_CIVILIZATION_BABYLON_STK_NAME, UNIT_WARRIOR (131073), 10, 37, -9999, -9999, 2320, ffffffff
004, LOC_CIVILIZATION_BABYLON_STK_NAME, UNIT_WARRIOR (131073), 10, 37, -9999, -9999, 2321, ffffffff
004, LOC_CIVILIZATION_BABYLON_STK_NAME, UNIT_WARRIOR (131073), 10, 37, -9999, -9999, 2304, ffffffff
004, LOC_CIVILIZATION_BABYLON_STK_NAME, UNIT_WARRIOR (131073), 10, 37, -9999, -9999, 2370, ffffffff
004, LOC_CIVILIZATION_BABYLON_STK_NAME, UNIT_BABYLONIAN_SABUM_KIBITTUM (196608), 10, 41, -9999, -9999, 2320, ffffffff
004, LOC_CIVILIZATION_BABYLON_STK_NAME, UNIT_BABYLONIAN_SABUM_KIBITTUM (196608), 10, 41, -9999, -9999, 2321, ffffffff
004, LOC_CIVILIZATION_BABYLON_STK_NAME, UNIT_BABYLONIAN_SABUM_KIBITTUM (196608), 10, 41, -9999, -9999, 2304, ffffffff
004, LOC_CIVILIZATION_BABYLON_STK_NAME, UNIT_BABYLONIAN_SABUM_KIBITTUM (196608), 10, 41, -9999, -9999, 2370, ffffffff
004, LOC_CIVILIZATION_BABYLON_STK_NAME, UNIT_BABYLONIAN_SABUM_KIBITTUM (196608), 10, 41, 11, 41, 16656, ccef17b1
004, LOC_CIVILIZATION_BABYLON_STK_NAME, UNIT_BABYLONIAN_SABUM_KIBITTUM (196608), 11, 41, -9999, -9999, 2064, ffffffff
004, LOC_CIVILIZATION_BABYLON_STK_NAME, UNIT_BABYLONIAN_SABUM_KIBITTUM (196608), 11, 41, -9999, -9999, 2065, ffffffff
004, LOC_CIVILIZATION_BABYLON_STK_NAME, UNIT_BABYLONIAN_SABUM_KIBITTUM (196608), 11, 41, -9999, -9999, 2048, ffffffff
004, LOC_CIVILIZATION_BABYLON_STK_NAME, UNIT_BABYLONIAN_SABUM_KIBITTUM (196608), 11, 41, -9999, -9999, 2114, ffffffff
004, LOC_CIVILIZATION_BABYLON_STK_NAME, UNIT_BABYLONIAN_SABUM_KIBITTUM (196608), 11, 41, -9999, -9999, 2114, ffffffff
004, LOC_CIVILIZATION_BABYLON_STK_NAME, UNIT_BABYLONIAN_SABUM_KIBITTUM (196608), 11, 41, 12, 42, 4, f8020b63
004, LOC_CIVILIZATION_BABYLON_STK_NAME, UNIT_BABYLONIAN_SABUM_KIBITTUM (196608), 11, 41, 12, 42, 16400, f8020b63
004, LOC_CIVILIZATION_BABYLON_STK_NAME, UNIT_BABYLONIAN_SABUM_KIBITTUM (196608), 11, 41, 12, 42, 4, f8020b63
004, LOC_CIVILIZATION_BABYLON_STK_NAME, UNIT_BABYLONIAN_SABUM_KIBITTUM (196608), 12, 42, -9999, -9999, 2064, ffffffff
004, LOC_CIVILIZATION_BABYLON_STK_NAME, UNIT_BABYLONIAN_SABUM_KIBITTUM (196608), 12, 42, -9999, -9999, 2065, ffffffff
004, LOC_CIVILIZATION_BABYLON_STK_NAME, UNIT_BABYLONIAN_SABUM_KIBITTUM (196608), 12, 42, -9999, -9999, 2048, ffffffff
004, LOC_CIVILIZATION_BABYLON_STK_NAME, UNIT_BABYLONIAN_SABUM_KIBITTUM (196608), 12, 42, -9999, -9999, 2114, ffffffff
004, LOC_CIVILIZATION_BABYLON_STK_NAME, UNIT_BABYLONIAN_SABUM_KIBITTUM (196608), 12, 42, -9999, -9999, 2064, ffffffff
004, LOC_CIVILIZATION_BABYLON_STK_NAME, UNIT_BABYLONIAN_SABUM_KIBITTUM (196608), 12, 42, -9999, -9999, 2065, ffffffff
004, LOC_CIVILIZATION_BABYLON_STK_NAME, UNIT_BABYLONIAN_SABUM_KIBITTUM (196608), 12, 42, -9999, -9999, 2048, ffffffff
004, LOC_CIVILIZATION_BABYLON_STK_NAME, UNIT_BABYLONIAN_SABUM_KIBITTUM (196608), 12, 42, -9999, -9999, 2114, ffffffff
004, LOC_CIVILIZATION_BABYLON_STK_NAME, UNIT_BABYLONIAN_SABUM_KIBITTUM (196608), 12, 42, 12, 43, 4, 85a4b3bc
004, LOC_CIVILIZATION_BABYLON_STK_NAME, UNIT_BABYLONIAN_SABUM_KIBITTUM (196608), 12, 42, 12, 43, 16400, 85a4b3bc
004, LOC_CIVILIZATION_BABYLON_STK_NAME, UNIT_BABYLONIAN_SABUM_KIBITTUM (196608), 12, 42, 12, 43, 4, 85a4b3bc
004, LOC_CIVILIZATION_BABYLON_STK_NAME, UNIT_BABYLONIAN_SABUM_KIBITTUM (196608), 12, 43, 14, 44, 16400, efb79b9d
004, LOC_CIVILIZATION_BABYLON_STK_NAME, UNIT_WARRIOR (131073), 10, 37, -9999, -9999, 2320, ffffffff
004, LOC_CIVILIZATION_BABYLON_STK_NAME, UNIT_WARRIOR (131073), 10, 37, -9999, -9999, 2321, ffffffff
004, LOC_CIVILIZATION_BABYLON_STK_NAME, UNIT_WARRIOR (131073), 10, 37, -9999, -9999, 2304, ffffffff
004, LOC_CIVILIZATION_BABYLON_STK_NAME, UNIT_WARRIOR (131073), 10, 37, -9999, -9999, 2370, ffffffff
004, LOC_CIVILIZATION_BABYLON_STK_NAME, UNIT_WARRIOR (131073), 10, 37, 11, 37, 16656, 179898c6
004, LOC_CIVILIZATION_BABYLON_STK_NAME, UNIT_WARRIOR (131073), 11, 37, -9999, -9999, 2064, ffffffff
004, LOC_CIVILIZATION_BABYLON_STK_NAME, UNIT_WARRIOR (131073), 11, 37, -9999, -9999, 2065, ffffffff
004, LOC_CIVILIZATION_BABYLON_STK_NAME, UNIT_WARRIOR (131073), 11, 37, -9999, -9999, 2048, ffffffff
004, LOC_CIVILIZATION_BABYLON_STK_NAME, UNIT_WARRIOR (131073), 11, 37, -9999, -9999, 2114, ffffffff
004, LOC_CIVILIZATION_BABYLON_STK_NAME, UNIT_WARRIOR (131073), 11, 37, -9999, -9999, 2064, ffffffff
004, LOC_CIVILIZATION_BABYLON_STK_NAME, UNIT_WARRIOR (131073), 11, 37, -9999, -9999, 2065, ffffffff
004, LOC_CIVILIZATION_BABYLON_STK_NAME, UNIT_WARRIOR (131073), 11, 37, -9999, -9999, 2048, ffffffff
004, LOC_CIVILIZATION_BABYLON_STK_NAME, UNIT_WARRIOR (131073), 11, 37, -9999, -9999, 2114, ffffffff
004, LOC_CIVILIZATION_BABYLON_STK_NAME, UNIT_WARRIOR (131073), 11, 37, 12, 36, 4, 6ebd251f
004, LOC_CIVILIZATION_BABYLON_STK_NAME, UNIT_WARRIOR (131073), 11, 37, 12, 36, 16400, 6ebd251f
004, LOC_CIVILIZATION_BABYLON_STK_NAME, UNIT_WARRIOR (131073), 11, 37, 12, 36, 4, 6ebd251f
004, LOC_CIVILIZATION_BABYLON_STK_NAME, UNIT_WARRIOR (131073), 12, 36, 11, 34, 16400, d97c7ba3
005, LOC_CIVILIZATION_BABYLON_STK_NAME, UNIT_WARRIOR (131073), 12, 36, 11, 34, 16656, d97c7ba3
005, LOC_CIVILIZATION_BABYLON_STK_NAME, UNIT_WARRIOR (131073), 12, 36, -9999, -9999, 2320, ffffffff
005, LOC_CIVILIZATION_BABYLON_STK_NAME, UNIT_WARRIOR (131073), 12, 36, -9999, -9999, 2321, ffffffff
005, LOC_CIVILIZATION_BABYLON_STK_NAME, UNIT_WARRIOR (131073), 12, 36, -9999, -9999, 2304, ffffffff
005, LOC_CIVILIZATION_BABYLON_STK_NAME, UNIT_WARRIOR (131073), 12, 36, -9999, -9999, 2370, ffffffff
005, LOC_CIVILIZATION_BABYLON_STK_NAME, UNIT_WARRIOR (131073), 12, 36, -9999, -9999, 2370, ffffffff
005, LOC_CIVILIZATION_BABYLON_STK_NAME, UNIT_WARRIOR (131073), 11, 34, -9999, -9999, 2064, ffffffff
005, LOC_CIVILIZATION_BABYLON_STK_NAME, UNIT_WARRIOR (131073), 11, 34, -9999, -9999, 2065, ffffffff
005, LOC_CIVILIZATION_BABYLON_STK_NAME, UNIT_WARRIOR (131073), 11, 34, -9999, -9999, 2048, ffffffff
005, LOC_CIVILIZATION_BABYLON_STK_NAME, UNIT_WARRIOR (131073), 11, 34, -9999, -9999, 2064, ffffffff
005, LOC_CIVILIZATION_BABYLON_STK_NAME, UNIT_WARRIOR (131073), 11, 34, -9999, -9999, 2065, ffffffff
005, LOC_CIVILIZATION_BABYLON_STK_NAME, UNIT_WARRIOR (131073), 11, 34, -9999, -9999, 2048, ffffffff
005, LOC_CIVILIZATION_BABYLON_STK_NAME, UNIT_WARRIOR (131073), 11, 34, -9999, -9999, 2114, ffffffff
005, LOC_CIVILIZATION_BABYLON_STK_NAME, UNIT_WARRIOR (131073), 11, 34, 13, 33, 0,  ed941d6
005, LOC_CIVILIZATION_BABYLON_STK_NAME, UNIT_WARRIOR (131073), 11, 34, -9999, -9999, 2064, ffffffff
005, LOC_CIVILIZATION_BABYLON_STK_NAME, UNIT_WARRIOR (131073), 11, 34, -9999, -9999, 2065, ffffffff
005, LOC_CIVILIZATION_BABYLON_STK_NAME, UNIT_WARRIOR (131073), 11, 34, -9999, -9999, 2048, ffffffff
005, LOC_CIVILIZATION_BABYLON_STK_NAME, UNIT_BUILDER (262146), 10, 41, -9999, -9999, 2320, ffffffff
005, LOC_CIVILIZATION_BABYLON_STK_NAME, UNIT_BUILDER (262146), 10, 41, -9999, -9999, 2321, ffffffff
005, LOC_CIVILIZATION_BABYLON_STK_NAME, UNIT_BUILDER (262146), 10, 41, -9999, -9999, 2304, ffffffff
005, LOC_CIVILIZATION_BABYLON_STK_NAME, UNIT_BUILDER (262146), 10, 41, 9, 38, 16640, 9a754f3e
005, LOC_CIVILIZATION_BABYLON_STK_NAME, UNIT_BUILDER (262146), 10, 41, 9, 39, 16640, e5c6ffb4
005, LOC_CIVILIZATION_BABYLON_STK_NAME, UNIT_BUILDER (262146), 10, 41, 10, 40, 16640, cb19c48a
005, LOC_CIVILIZATION_BABYLON_STK_NAME, UNIT_BUILDER (262146), 10, 41, 10, 40, 16640, cb19c48a
005, LOC_CIVILIZATION_BABYLON_STK_NAME, UNIT_BUILDER (262146), 10, 41, 9, 39, 16640, e5c6ffb4
005, LOC_CIVILIZATION_BABYLON_STK_NAME, UNIT_BUILDER (262146), 10, 41, 9, 38, 16640, 9a754f3e
005, LOC_CIVILIZATION_BABYLON_STK_NAME, UNIT_BUILDER (262146), 10, 41, 9, 39, 16640, e5c6ffb4
005, LOC_CIVILIZATION_BABYLON_STK_NAME, UNIT_BUILDER (262146), 10, 41, 10, 40, 16640, cb19c48a
005, LOC_CIVILIZATION_BABYLON_STK_NAME, UNIT_BUILDER (262146), 10, 41, 9, 39, 16640, e5c6ffb4
005, LOC_CIVILIZATION_BABYLON_STK_NAME, UNIT_BUILDER (262146), 10, 41, 9, 38, 16640, 9a754f3e
005, LOC_CIVILIZATION_BABYLON_STK_NAME, UNIT_BUILDER (262146), 10, 41, 9, 39, 16640, e5c6ffb4
005, LOC_CIVILIZATION_BABYLON_STK_NAME, UNIT_BUILDER (262146), 10, 41, 10, 40, 16640, cb19c48a
005, LOC_CIVILIZATION_BABYLON_STK_NAME, UNIT_BUILDER (262146), 10, 41, 11, 42, 16640, 4a7b651f
005, LOC_CIVILIZATION_BABYLON_STK_NAME, UNIT_BUILDER (262146), 11, 42, -9999, -9999, 2064, ffffffff
005, LOC_CIVILIZATION_BABYLON_STK_NAME, UNIT_BUILDER (262146), 11, 42, -9999, -9999, 2065, ffffffff
005, LOC_CIVILIZATION_BABYLON_STK_NAME, UNIT_BUILDER (262146), 11, 42, -9999, -9999, 2048, ffffffff
005, LOC_CIVILIZATION_BABYLON_STK_NAME, UNIT_BUILDER (262146), 11, 42, -9999, -9999, 2064, ffffffff
005, LOC_CIVILIZATION_BABYLON_STK_NAME, UNIT_BUILDER (262146), 11, 42, -9999, -9999, 2065, ffffffff
005, LOC_CIVILIZATION_BABYLON_STK_NAME, UNIT_BUILDER (262146), 11, 42, -9999, -9999, 2048, ffffffff
005, LOC_CIVILIZATION_BABYLON_STK_NAME, UNIT_BABYLONIAN_SABUM_KIBITTUM (196608), 12, 43, 14, 44, 16656, efb79b9d
005, LOC_CIVILIZATION_BABYLON_STK_NAME, UNIT_BABYLONIAN_SABUM_KIBITTUM (196608), 12, 43, -9999, -9999, 2320, ffffffff
005, LOC_CIVILIZATION_BABYLON_STK_NAME, UNIT_BABYLONIAN_SABUM_KIBITTUM (196608), 12, 43, -9999, -9999, 2321, ffffffff
005, LOC_CIVILIZATION_BABYLON_STK_NAME, UNIT_BABYLONIAN_SABUM_KIBITTUM (196608), 12, 43, -9999, -9999, 2304, ffffffff
005, LOC_CIVILIZATION_BABYLON_STK_NAME, UNIT_BABYLONIAN_SABUM_KIBITTUM (196608), 12, 43, -9999, -9999, 2370, ffffffff
005, LOC_CIVILIZATION_BABYLON_STK_NAME, UNIT_BABYLONIAN_SABUM_KIBITTUM (196608), 12, 43, -9999, -9999, 2370, ffffffff
005, LOC_CIVILIZATION_BABYLON_STK_NAME, UNIT_BABYLONIAN_SABUM_KIBITTUM (196608), 12, 43, 13, 44, 16656, 4d10b2db
005, LOC_CIVILIZATION_BABYLON_STK_NAME, UNIT_BABYLONIAN_SABUM_KIBITTUM (196608), 13, 44, -9999, -9999, 2064, ffffffff
005, LOC_CIVILIZATION_BABYLON_STK_NAME, UNIT_BABYLONIAN_SABUM_KIBITTUM (196608), 13, 44, -9999, -9999, 2065, ffffffff
005, LOC_CIVILIZATION_BABYLON_STK_NAME, UNIT_BABYLONIAN_SABUM_KIBITTUM (196608), 13, 44, -9999, -9999, 2048, ffffffff
005, LOC_CIVILIZATION_BABYLON_STK_NAME, UNIT_BABYLONIAN_SABUM_KIBITTUM (196608), 13, 44, -9999, -9999, 2114, ffffffff
005, LOC_CIVILIZATION_BABYLON_STK_NAME, UNIT_BABYLONIAN_SABUM_KIBITTUM (196608), 13, 44, -9999, -9999, 2064, ffffffff
005, LOC_CIVILIZATION_BABYLON_STK_NAME, UNIT_BABYLONIAN_SABUM_KIBITTUM (196608), 13, 44, -9999, -9999, 2065, ffffffff
005, LOC_CIVILIZATION_BABYLON_STK_NAME, UNIT_BABYLONIAN_SABUM_KIBITTUM (196608), 13, 44, -9999, -9999, 2048, ffffffff
005, LOC_CIVILIZATION_BABYLON_STK_NAME, UNIT_BABYLONIAN_SABUM_KIBITTUM (196608), 13, 44, -9999, -9999, 2114, ffffffff
005, LOC_CIVILIZATION_BABYLON_STK_NAME, UNIT_BABYLONIAN_SABUM_KIBITTUM (196608), 13, 44, 14, 44, 4, 3462449a
005, LOC_CIVILIZATION_BABYLON_STK_NAME, UNIT_BABYLONIAN_SABUM_KIBITTUM (196608), 13, 44, 14, 44, 16400, 3462449a
005, LOC_CIVILIZATION_BABYLON_STK_NAME, UNIT_BABYLONIAN_SABUM_KIBITTUM (196608), 13, 44, 14, 44, 4, 3462449a
005, LOC_CIVILIZATION_BABYLON_STK_NAME, UNIT_BABYLONIAN_SABUM_KIBITTUM (196608), 14, 44, -9999, -9999, 2064, ffffffff
005, LOC_CIVILIZATION_BABYLON_STK_NAME, UNIT_BABYLONIAN_SABUM_KIBITTUM (196608), 14, 44, -9999, -9999, 2065, ffffffff
005, LOC_CIVILIZATION_BABYLON_STK_NAME, UNIT_BABYLONIAN_SABUM_KIBITTUM (196608), 14, 44, -9999, -9999, 2048, ffffffff
005, LOC_CIVILIZATION_BABYLON_STK_NAME, UNIT_BABYLONIAN_SABUM_KIBITTUM (196608), 14, 44, -9999, -9999, 2114, ffffffff
005, LOC_CIVILIZATION_BABYLON_STK_NAME, UNIT_BABYLONIAN_SABUM_KIBITTUM (196608), 14, 44, -9999, -9999, 2064, ffffffff
005, LOC_CIVILIZATION_BABYLON_STK_NAME, UNIT_BABYLONIAN_SABUM_KIBITTUM (196608), 14, 44, -9999, -9999, 2065, ffffffff
005, LOC_CIVILIZATION_BABYLON_STK_NAME, UNIT_BABYLONIAN_SABUM_KIBITTUM (196608), 14, 44, -9999, -9999, 2048, ffffffff
005, LOC_CIVILIZATION_BABYLON_STK_NAME, UNIT_BABYLONIAN_SABUM_KIBITTUM (196608), 14, 44, -9999, -9999, 2114, ffffffff
005, LOC_CIVILIZATION_BABYLON_STK_NAME, UNIT_BABYLONIAN_SABUM_KIBITTUM (196608), 14, 44, 14, 45, 4, ed8b38d1
005, LOC_CIVILIZATION_BABYLON_STK_NAME, UNIT_BABYLONIAN_SABUM_KIBITTUM (196608), 14, 44, 14, 45, 16400, ed8b38d1
005, LOC_CIVILIZATION_BABYLON_STK_NAME, UNIT_BABYLONIAN_SABUM_KIBITTUM (196608), 14, 44, 14, 45, 4, ed8b38d1
005, LOC_CIVILIZATION_BABYLON_STK_NAME, UNIT_BABYLONIAN_SABUM_KIBITTUM (196608), 14, 45, 16, 46, 16400, fdd5bc39
005, LOC_CIVILIZATION_BABYLON_STK_NAME, UNIT_BABYLONIAN_SABUM_KIBITTUM (196608), 14, 45, 16, 46, 16400, fdd5bc39
005, LOC_CIVILIZATION_BABYLON_STK_NAME, UNIT_BABYLONIAN_SABUM_KIBITTUM (196608), 14, 45, 13, 48, 16400, 79f8b05c
006, LOC_CIVILIZATION_BABYLON_STK_NAME, UNIT_WARRIOR (131073), 11, 34, -9999, -9999, 2320, ffffffff
006, LOC_CIVILIZATION_BABYLON_STK_NAME, UNIT_WARRIOR (131073), 11, 34, -9999, -9999, 2321, ffffffff
006, LOC_CIVILIZATION_BABYLON_STK_NAME, UNIT_WARRIOR (131073), 11, 34, -9999, -9999, 2304, ffffffff
006, LOC_CIVILIZATION_BABYLON_STK_NAME, UNIT_WARRIOR (131073), 11, 34, -9999, -9999, 2320, ffffffff
006, LOC_CIVILIZATION_BABYLON_STK_NAME, UNIT_WARRIOR (131073), 11, 34, -9999, -9999, 2321, ffffffff
006, LOC_CIVILIZATION_BABYLON_STK_NAME, UNIT_WARRIOR (131073), 11, 34, -9999, -9999, 2304, ffffffff
006, LOC_CIVILIZATION_BABYLON_STK_NAME, UNIT_WARRIOR (131073), 11, 34, -9999, -9999, 2320, ffffffff
006, LOC_CIVILIZATION_BABYLON_STK_NAME, UNIT_WARRIOR (131073), 11, 34, -9999, -9999, 2321, ffffffff
006, LOC_CIVILIZATION_BABYLON_STK_NAME, UNIT_WARRIOR (131073), 11, 34, -9999, -9999, 2304, ffffffff
006, LOC_CIVILIZATION_BABYLON_STK_NAME, UNIT_WARRIOR (131073), 11, 34, -9999, -9999, 2370, ffffffff
006, LOC_CIVILIZATION_BABYLON_STK_NAME, UNIT_WARRIOR (131073), 11, 34, -9999, -9999, 2320, ffffffff
006, LOC_CIVILIZATION_BABYLON_STK_NAME, UNIT_WARRIOR (131073), 11, 34, -9999, -9999, 2321, ffffffff
006, LOC_CIVILIZATION_BABYLON_STK_NAME, UNIT_WARRIOR (131073), 11, 34, -9999, -9999, 2304, ffffffff
006, LOC_CIVILIZATION_BABYLON_STK_NAME, UNIT_WARRIOR (131073), 11, 34, -9999, -9999, 2370, ffffffff
006, LOC_CIVILIZATION_BABYLON_STK_NAME, UNIT_WARRIOR (131073), 11, 34, -9999, -9999, 2370, ffffffff
006, LOC_CIVILIZATION_BABYLON_STK_NAME, UNIT_WARRIOR (131073), 11, 34, 11, 33, 16656, 7bf42b72
006, LOC_CIVILIZATION_BABYLON_STK_NAME, UNIT_WARRIOR (131073), 11, 33, -9999, -9999, 2064, ffffffff
006, LOC_CIVILIZATION_BABYLON_STK_NAME, UNIT_WARRIOR (131073), 11, 33, -9999, -9999, 2065, ffffffff
006, LOC_CIVILIZATION_BABYLON_STK_NAME, UNIT_WARRIOR (131073), 11, 33, -9999, -9999, 2048, ffffffff
006, LOC_CIVILIZATION_BABYLON_STK_NAME, UNIT_WARRIOR (131073), 11, 33, -9999, -9999, 2114, ffffffff
006, LOC_CIVILIZATION_BABYLON_STK_NAME, UNIT_WARRIOR (131073), 11, 33, -9999, -9999, 2064, ffffffff
006, LOC_CIVILIZATION_BABYLON_STK_NAME, UNIT_WARRIOR (131073), 11, 33, -9999, -9999, 2065, ffffffff
006, LOC_CIVILIZATION_BABYLON_STK_NAME, UNIT_WARRIOR (131073), 11, 33, -9999, -9999, 2048, ffffffff
006, LOC_CIVILIZATION_BABYLON_STK_NAME, UNIT_WARRIOR (131073), 11, 33, -9999, -9999, 2114, ffffffff
006, LOC_CIVILIZATION_BABYLON_STK_NAME, UNIT_WARRIOR (131073), 11, 33, 12, 33, 4, 5a1c71a8
006, LOC_CIVILIZATION_BABYLON_STK_NAME, UNIT_WARRIOR (131073), 11, 33, 12, 33, 16400, 5a1c71a8
006, LOC_CIVILIZATION_BABYLON_STK_NAME, UNIT_WARRIOR (131073), 11, 33, 12, 32, 4, 9140a20d
006, LOC_CIVILIZATION_BABYLON_STK_NAME, UNIT_WARRIOR (131073), 11, 33, 12, 32, 16400, 9140a20d
006, LOC_CIVILIZATION_BABYLON_STK_NAME, UNIT_WARRIOR (131073), 11, 33, 12, 32, 4, 9140a20d
006, LOC_CIVILIZATION_BABYLON_STK_NAME, UNIT_WARRIOR (131073), 12, 32, 13, 32, 16400, d926ab6b
006, LOC_CIVILIZATION_BABYLON_STK_NAME, UNIT_BUILDER (262146), 11, 42, -9999, -9999, 2320, ffffffff
006, LOC_CIVILIZATION_BABYLON_STK_NAME, UNIT_BUILDER (262146), 11, 42, -9999, -9999, 2321, ffffffff
006, LOC_CIVILIZATION_BABYLON_STK_NAME, UNIT_BUILDER (262146), 11, 42, -9999, -9999, 2304, ffffffff
006, LOC_CIVILIZATION_BABYLON_STK_NAME, UNIT_BABYLONIAN_SABUM_KIBITTUM (196608), 14, 45, 13, 48, 16656, 79f8b05c
006, LOC_CIVILIZATION_BABYLON_STK_NAME, UNIT_BABYLONIAN_SABUM_KIBITTUM (196608), 14, 45, -9999, -9999, 2320, ffffffff
006, LOC_CIVILIZATION_BABYLON_STK_NAME, UNIT_BABYLONIAN_SABUM_KIBITTUM (196608), 14, 45, -9999, -9999, 2321, ffffffff
006, LOC_CIVILIZATION_BABYLON_STK_NAME, UNIT_BABYLONIAN_SABUM_KIBITTUM (196608), 14, 45, -9999, -9999, 2304, ffffffff
006, LOC_CIVILIZATION_BABYLON_STK_NAME, UNIT_BABYLONIAN_SABUM_KIBITTUM (196608), 14, 45, -9999, -9999, 2370, ffffffff
006, LOC_CIVILIZATION_BABYLON_STK_NAME, UNIT_BABYLONIAN_SABUM_KIBITTUM (196608), 14, 45, 13, 47, 16656, 4c0a3b8b
006, LOC_CIVILIZATION_BABYLON_STK_NAME, UNIT_BABYLONIAN_SABUM_KIBITTUM (196608), 13, 47, -9999, -9999, 2064, ffffffff
006, LOC_CIVILIZATION_BABYLON_STK_NAME, UNIT_BABYLONIAN_SABUM_KIBITTUM (196608), 13, 47, -9999, -9999, 2065, ffffffff
006, LOC_CIVILIZATION_BABYLON_STK_NAME, UNIT_BABYLONIAN_SABUM_KIBITTUM (196608), 13, 47, -9999, -9999, 2048, ffffffff
006, LOC_CIVILIZATION_BABYLON_STK_NAME, UNIT_BABYLONIAN_SABUM_KIBITTUM (196608), 13, 47, -9999, -9999, 2064, ffffffff
006, LOC_CIVILIZATION_BABYLON_STK_NAME, UNIT_BABYLONIAN_SABUM_KIBITTUM (196608), 13, 47, -9999, -9999, 2065, ffffffff
006, LOC_CIVILIZATION_BABYLON_STK_NAME, UNIT_BABYLONIAN_SABUM_KIBITTUM (196608), 13, 47, -9999, -9999, 2048, ffffffff
006, LOC_CIVILIZATION_BABYLON_STK_NAME, UNIT_BABYLONIAN_SABUM_KIBITTUM (196608), 13, 47, -9999, -9999, 2114, ffffffff
006, LOC_CIVILIZATION_BABYLON_STK_NAME, UNIT_BABYLONIAN_SABUM_KIBITTUM (196608), 13, 47, -9999, -9999, 2064, ffffffff
006, LOC_CIVILIZATION_BABYLON_STK_NAME, UNIT_BABYLONIAN_SABUM_KIBITTUM (196608), 13, 47, -9999, -9999, 2065, ffffffff
006, LOC_CIVILIZATION_BABYLON_STK_NAME, UNIT_BABYLONIAN_SABUM_KIBITTUM (196608), 13, 47, -9999, -9999, 2048, ffffffff
006, LOC_CIVILIZATION_BABYLON_STK_NAME, UNIT_BABYLONIAN_SABUM_KIBITTUM (196608), 13, 47, -9999, -9999, 2114, ffffffff
006, LOC_CIVILIZATION_BABYLON_STK_NAME, UNIT_BABYLONIAN_SABUM_KIBITTUM (196608), 13, 47, 14, 48, 4, 6b5bd5b9
006, LOC_CIVILIZATION_BABYLON_STK_NAME, UNIT_BABYLONIAN_SABUM_KIBITTUM (196608), 13, 47, 14, 48, 16400, 6b5bd5b9
006, LOC_CIVILIZATION_BABYLON_STK_NAME, UNIT_BABYLONIAN_SABUM_KIBITTUM (196608), 13, 47, 12, 47, 4, dbfe628a
006, LOC_CIVILIZATION_BABYLON_STK_NAME, UNIT_BABYLONIAN_SABUM_KIBITTUM (196608), 13, 47, 12, 47, 16400, dbfe628a
006, LOC_CIVILIZATION_BABYLON_STK_NAME, UNIT_BABYLONIAN_SABUM_KIBITTUM (196608), 13, 47, 14, 48, 4, 6b5bd5b9
006, LOC_CIVILIZATION_BABYLON_STK_NAME, UNIT_BABYLONIAN_SABUM_KIBITTUM (196608), 13, 47, 14, 48, 16400, 6b5bd5b9
006, LOC_CIVILIZATION_BABYLON_STK_NAME, UNIT_BABYLONIAN_SABUM_KIBITTUM (196608), 13, 47, 14, 48, 4, 6b5bd5b9
006, LOC_CIVILIZATION_BABYLON_STK_NAME, UNIT_BABYLONIAN_SABUM_KIBITTUM (196608), 14, 48, 13, 48, 16400, 19cc3a5f
006, LOC_CIVILIZATION_BABYLON_STK_NAME, UNIT_BUILDER (262146), 11, 42, -9999, -9999, 2320, ffffffff
006, LOC_CIVILIZATION_BABYLON_STK_NAME, UNIT_BUILDER (262146), 11, 42, -9999, -9999, 2321, ffffffff
006, LOC_CIVILIZATION_BABYLON_STK_NAME, UNIT_BUILDER (262146), 11, 42, -9999, -9999, 2304, ffffffff
006, LOC_CIVILIZATION_BABYLON_STK_NAME, UNIT_BUILDER (262146), 11, 42, 9, 43, 16640, eaff5932
006, LOC_CIVILIZATION_BABYLON_STK_NAME, UNIT_BUILDER (262146), 11, 42, 10, 44, 16640, 7fbd90bb
006, LOC_CIVILIZATION_BABYLON_STK_NAME, UNIT_BUILDER (262146), 11, 42, 11, 44, 16640, e418dcd4
006, LOC_CIVILIZATION_BABYLON_STK_NAME, UNIT_BUILDER (262146), 11, 42, 10, 43, 16640, de1c8282
006, LOC_CIVILIZATION_BABYLON_STK_NAME, UNIT_BUILDER (262146), 10, 43, -9999, -9999, 2064, ffffffff
006, LOC_CIVILIZATION_BABYLON_STK_NAME, UNIT_BUILDER (262146), 10, 43, -9999, -9999, 2065, ffffffff
006, LOC_CIVILIZATION_BABYLON_STK_NAME, UNIT_BUILDER (262146), 10, 43, -9999, -9999, 2048, ffffffff
006, LOC_CIVILIZATION_BABYLON_STK_NAME, UNIT_BUILDER (262146), 10, 43, -9999, -9999, 2064, ffffffff
006, LOC_CIVILIZATION_BABYLON_STK_NAME, UNIT_BUILDER (262146), 10, 43, -9999, -9999, 2065, ffffffff
006, LOC_CIVILIZATION_BABYLON_STK_NAME, UNIT_BUILDER (262146), 10, 43, -9999, -9999, 2048, ffffffff
006, LOC_CIVILIZATION_BABYLON_STK_NAME, UNIT_BUILDER (262146), 10, 43, 9, 43, 4, f134d345
006, LOC_CIVILIZATION_BABYLON_STK_NAME, UNIT_BUILDER (262146), 10, 43, 9, 43, 16384, f134d345
006, LOC_CIVILIZATION_BABYLON_STK_NAME, UNIT_BUILDER (262146), 10, 43, 9, 43, 4, f134d345
006, LOC_CIVILIZATION_BABYLON_STK_NAME, UNIT_BUILDER (262146), 9, 43, -9999, -9999, 2064, ffffffff
006, LOC_CIVILIZATION_BABYLON_STK_NAME, UNIT_BUILDER (262146), 9, 43, -9999, -9999, 2065, ffffffff
006, LOC_CIVILIZATION_BABYLON_STK_NAME, UNIT_BUILDER (262146), 9, 43, -9999, -9999, 2048, ffffffff
006, LOC_CIVILIZATION_BABYLON_STK_NAME, UNIT_BUILDER (262146), 9, 43, -9999, -9999, 2064, ffffffff
006, LOC_CIVILIZATION_BABYLON_STK_NAME, UNIT_BUILDER (262146), 9, 43, -9999, -9999, 2065, ffffffff
006, LOC_CIVILIZATION_BABYLON_STK_NAME, UNIT_BUILDER (262146), 9, 43, -9999, -9999, 2048, ffffffff
006, LOC_CIVILIZATION_BABYLON_STK_NAME, UNIT_BUILDER (262146), 9, 43, 9, 44, 4, fe844c13
006, LOC_CIVILIZATION_BABYLON_STK_NAME, UNIT_BUILDER (262146), 9, 43, 9, 44, 16384, fe844c13
006, LOC_CIVILIZATION_BABYLON_STK_NAME, UNIT_BUILDER (262146), 9, 43, 9, 44, 4, fe844c13
006, LOC_CIVILIZATION_BABYLON_STK_NAME, UNIT_WARRIOR (131073), 12, 32, 13, 32, 16400, d926ab6b
007, LOC_CIVILIZATION_BABYLON_STK_NAME, UNIT_WARRIOR (131073), 12, 32, -9999, -9999, 2320, ffffffff
007, LOC_CIVILIZATION_BABYLON_STK_NAME, UNIT_WARRIOR (131073), 12, 32, -9999, -9999, 2321, ffffffff
007, LOC_CIVILIZATION_BABYLON_STK_NAME, UNIT_WARRIOR (131073), 12, 32, -9999, -9999, 2304, ffffffff
007, LOC_CIVILIZATION_BABYLON_STK_NAME, UNIT_WARRIOR (131073), 12, 32, -9999, -9999, 2320, ffffffff
007, LOC_CIVILIZATION_BABYLON_STK_NAME, UNIT_WARRIOR (131073), 12, 32, -9999, -9999, 2321, ffffffff
007, LOC_CIVILIZATION_BABYLON_STK_NAME, UNIT_WARRIOR (131073), 12, 32, -9999, -9999, 2304, ffffffff
007, LOC_CIVILIZATION_BABYLON_STK_NAME, UNIT_WARRIOR (131073), 12, 32, -9999, -9999, 2320, ffffffff
007, LOC_CIVILIZATION_BABYLON_STK_NAME, UNIT_WARRIOR (131073), 12, 32, -9999, -9999, 2321, ffffffff
007, LOC_CIVILIZATION_BABYLON_STK_NAME, UNIT_WARRIOR (131073), 12, 32, -9999, -9999, 2304, ffffffff
007, LOC_CIVILIZATION_BABYLON_STK_NAME, UNIT_WARRIOR (131073), 12, 32, -9999, -9999, 2370, ffffffff
007, LOC_CIVILIZATION_BABYLON_STK_NAME, UNIT_WARRIOR (131073), 12, 32, 13, 32, 16656, d926ab6b
007, LOC_CIVILIZATION_BABYLON_STK_NAME, UNIT_WARRIOR (131073), 12, 32, -9999, -9999, 2320, ffffffff
007, LOC_CIVILIZATION_BABYLON_STK_NAME, UNIT_WARRIOR (131073), 12, 32, -9999, -9999, 2321, ffffffff
007, LOC_CIVILIZATION_BABYLON_STK_NAME, UNIT_WARRIOR (131073), 12, 32, -9999, -9999, 2304, ffffffff
007, LOC_CIVILIZATION_BABYLON_STK_NAME, UNIT_WARRIOR (131073), 12, 32, -9999, -9999, 2370, ffffffff
007, LOC_CIVILIZATION_BABYLON_STK_NAME, UNIT_WARRIOR (131073), 12, 32, -9999, -9999, 2370, ffffffff
007, LOC_CIVILIZATION_BABYLON_STK_NAME, UNIT_WARRIOR (131073), 12, 32, 13, 32, 16656, d926ab6b
007, LOC_CIVILIZATION_BABYLON_STK_NAME, UNIT_WARRIOR (131073), 12, 32, -9999, -9999, 2320, ffffffff
007, LOC_CIVILIZATION_BABYLON_STK_NAME, UNIT_WARRIOR (131073), 12, 32, -9999, -9999, 2321, ffffffff
007, LOC_CIVILIZATION_BABYLON_STK_NAME, UNIT_WARRIOR (131073), 12, 32, -9999, -9999, 2304, ffffffff
007, LOC_CIVILIZATION_BABYLON_STK_NAME, UNIT_WARRIOR (131073), 12, 32, -9999, -9999, 2370, ffffffff
007, LOC_CIVILIZATION_BABYLON_STK_NAME, UNIT_WARRIOR (131073), 13, 32, 13, 31, 16400, 94b67976
007, LOC_CIVILIZATION_BABYLON_STK_NAME, UNIT_BUILDER (262146), 9, 43, 9, 44, 16640, fe844c13
007, LOC_CIVILIZATION_BABYLON_STK_NAME, UNIT_BUILDER (262146), 9, 43, -9999, -9999, 2320, ffffffff
007, LOC_CIVILIZATION_BABYLON_STK_NAME, UNIT_BUILDER (262146), 9, 43, -9999, -9999, 2321, ffffffff
007, LOC_CIVILIZATION_BABYLON_STK_NAME, UNIT_BUILDER (262146), 9, 43, -9999, -9999, 2304, ffffffff
007, LOC_CIVILIZATION_BABYLON_STK_NAME, UNIT_BUILDER (262146), 9, 44, -9999, -9999, 2064, ffffffff
007, LOC_CIVILIZATION_BABYLON_STK_NAME, UNIT_BUILDER (262146), 9, 44, -9999, -9999, 2065, ffffffff
007, LOC_CIVILIZATION_BABYLON_STK_NAME, UNIT_BUILDER (262146), 9, 44, -9999, -9999, 2048, ffffffff
007, LOC_CIVILIZATION_BABYLON_STK_NAME, UNIT_BABYLONIAN_SABUM_KIBITTUM (196608), 14, 48, -9999, -9999, 2370, ffffffff
007, LOC_CIVILIZATION_BABYLON_STK_NAME, UNIT_BABYLONIAN_SABUM_KIBITTUM (196608), 14, 48, 13, 48, 16656, 19cc3a5f
007, LOC_CIVILIZATION_BABYLON_STK_NAME, UNIT_BABYLONIAN_SABUM_KIBITTUM (196608), 14, 48, -9999, -9999, 2320, ffffffff
007, LOC_CIVILIZATION_BABYLON_STK_NAME, UNIT_BABYLONIAN_SABUM_KIBITTUM (196608), 14, 48, -9999, -9999, 2321, ffffffff
007, LOC_CIVILIZATION_BABYLON_STK_NAME, UNIT_BABYLONIAN_SABUM_KIBITTUM (196608), 14, 48, -9999, -9999, 2304, ffffffff
007, LOC_CIVILIZATION_BABYLON_STK_NAME, UNIT_BABYLONIAN_SABUM_KIBITTUM (196608), 14, 48, -9999, -9999, 2370, ffffffff
007, LOC_CIVILIZATION_BABYLON_STK_NAME, UNIT_BABYLONIAN_SABUM_KIBITTUM (196608), 13, 48, -9999, -9999, 2064, ffffffff
007, LOC_CIVILIZATION_BABYLON_STK_NAME, UNIT_BABYLONIAN_SABUM_KIBITTUM (196608), 13, 48, -9999, -9999, 2065, ffffffff
007, LOC_CIVILIZATION_BABYLON_STK_NAME, UNIT_BABYLONIAN_SABUM_KIBITTUM (196608), 13, 48, -9999, -9999, 2048, ffffffff
007, LOC_CIVILIZATION_BABYLON_STK_NAME, UNIT_BABYLONIAN_SABUM_KIBITTUM (196608), 13, 48, -9999, -9999, 2114, ffffffff
007, LOC_CIVILIZATION_BABYLON_STK_NAME, UNIT_BABYLONIAN_SABUM_KIBITTUM (196608), 13, 48, 12, 50, 0, 768456bf
007, LOC_CIVILIZATION_BABYLON_STK_NAME, UNIT_BABYLONIAN_SABUM_KIBITTUM (196608), 13, 48, -9999, -9999, 2064, ffffffff
007, LOC_CIVILIZATION_BABYLON_STK_NAME, UNIT_BABYLONIAN_SABUM_KIBITTUM (196608), 13, 48, -9999, -9999, 2065, ffffffff
007, LOC_CIVILIZATION_BABYLON_STK_NAME, UNIT_BABYLONIAN_SABUM_KIBITTUM (196608), 13, 48, -9999, -9999, 2048, ffffffff
007, LOC_CIVILIZATION_BABYLON_STK_NAME, UNIT_BABYLONIAN_SABUM_KIBITTUM (196608), 13, 48, -9999, -9999, 2064, ffffffff
007, LOC_CIVILIZATION_BABYLON_STK_NAME, UNIT_BABYLONIAN_SABUM_KIBITTUM (196608), 13, 48, -9999, -9999, 2065, ffffffff
007, LOC_CIVILIZATION_BABYLON_STK_NAME, UNIT_BABYLONIAN_SABUM_KIBITTUM (196608), 13, 48, -9999, -9999, 2048, ffffffff
007, LOC_CIVILIZATION_BABYLON_STK_NAME, UNIT_BABYLONIAN_SABUM_KIBITTUM (196608), 13, 48, -9999, -9999, 2114, ffffffff
007, LOC_CIVILIZATION_BABYLON_STK_NAME, UNIT_BABYLONIAN_SABUM_KIBITTUM (196608), 13, 48, 12, 50, 0, 768456bf
007, LOC_CIVILIZATION_BABYLON_STK_NAME, UNIT_BABYLONIAN_SABUM_KIBITTUM (196608), 13, 48, 12, 48, 4, e424dc5a
007, LOC_CIVILIZATION_BABYLON_STK_NAME, UNIT_BABYLONIAN_SABUM_KIBITTUM (196608), 13, 48, 12, 48, 16400, e424dc5a
007, LOC_CIVILIZATION_BABYLON_STK_NAME, UNIT_BABYLONIAN_SABUM_KIBITTUM (196608), 13, 48, 12, 48, 4, e424dc5a
007, LOC_CIVILIZATION_BABYLON_STK_NAME, UNIT_BABYLONIAN_SABUM_KIBITTUM (196608), 12, 48, 11, 49, 16400, 9d016183
007, LOC_CIVILIZATION_BABYLON_STK_NAME, UNIT_WARRIOR (131073), 13, 32, 13, 31, 16400, 94b67976
008, LOC_CIVILIZATION_BABYLON_STK_NAME, UNIT_BUILDER (262146), 9, 44, -9999, -9999, 2320, ffffffff
008, LOC_CIVILIZATION_BABYLON_STK_NAME, UNIT_BUILDER (262146), 9, 44, -9999, -9999, 2321, ffffffff
008, LOC_CIVILIZATION_BABYLON_STK_NAME, UNIT_BUILDER (262146), 9, 44, -9999, -9999, 2304, ffffffff
008, LOC_CIVILIZATION_BABYLON_STK_NAME, UNIT_BUILDER (262146), 9, 44, 8, 44, 16640, 7d6fda4a
008, LOC_CIVILIZATION_BABYLON_STK_NAME, UNIT_BUILDER (262146), 8, 44, -9999, -9999, 2064, ffffffff
008, LOC_CIVILIZATION_BABYLON_STK_NAME, UNIT_BUILDER (262146), 8, 44, -9999, -9999, 2065, ffffffff
008, LOC_CIVILIZATION_BABYLON_STK_NAME, UNIT_BUILDER (262146), 8, 44, -9999, -9999, 2048, ffffffff
008, LOC_CIVILIZATION_BABYLON_STK_NAME, UNIT_BUILDER (262146), 8, 44, -9999, -9999, 2064, ffffffff
008, LOC_CIVILIZATION_BABYLON_STK_NAME, UNIT_BUILDER (262146), 8, 44, -9999, -9999, 2065, ffffffff
008, LOC_CIVILIZATION_BABYLON_STK_NAME, UNIT_BUILDER (262146), 8, 44, -9999, -9999, 2048, ffffffff
008, LOC_CIVILIZATION_BABYLON_STK_NAME, UNIT_BUILDER (262146), 8, 44, 7, 43, 4,  1f69f3b
008, LOC_CIVILIZATION_BABYLON_STK_NAME, UNIT_BUILDER (262146), 8, 44, 7, 43, 16384,  1f69f3b
008, LOC_CIVILIZATION_BABYLON_STK_NAME, UNIT_BUILDER (262146), 8, 44, 7, 43, 4,  1f69f3b
008, LOC_CIVILIZATION_BABYLON_STK_NAME, UNIT_BUILDER (262146), 7, 43, 7, 41, 16384,  4af129c
008, LOC_CIVILIZATION_BABYLON_STK_NAME, UNIT_BABYLONIAN_SABUM_KIBITTUM (196608), 12, 48, 11, 49, 16656, 9d016183
008, LOC_CIVILIZATION_BABYLON_STK_NAME, UNIT_BABYLONIAN_SABUM_KIBITTUM (196608), 12, 48, -9999, -9999, 2320, ffffffff
008, LOC_CIVILIZATION_BABYLON_STK_NAME, UNIT_BABYLONIAN_SABUM_KIBITTUM (196608), 12, 48, -9999, -9999, 2321, ffffffff
008, LOC_CIVILIZATION_BABYLON_STK_NAME, UNIT_BABYLONIAN_SABUM_KIBITTUM (196608), 12, 48, -9999, -9999, 2304, ffffffff
008, LOC_CIVILIZATION_BABYLON_STK_NAME, UNIT_BABYLONIAN_SABUM_KIBITTUM (196608), 12, 48, -9999, -9999, 2370, ffffffff
008, LOC_CIVILIZATION_BABYLON_STK_NAME, UNIT_BABYLONIAN_SABUM_KIBITTUM (196608), 11, 49, -9999, -9999, 2064, ffffffff
008, LOC_CIVILIZATION_BABYLON_STK_NAME, UNIT_BABYLONIAN_SABUM_KIBITTUM (196608), 11, 49, -9999, -9999, 2065, ffffffff
008, LOC_CIVILIZATION_BABYLON_STK_NAME, UNIT_BABYLONIAN_SABUM_KIBITTUM (196608), 11, 49, -9999, -9999, 2048, ffffffff
008, LOC_CIVILIZATION_BABYLON_STK_NAME, UNIT_BABYLONIAN_SABUM_KIBITTUM (196608), 11, 49, -9999, -9999, 2114, ffffffff
008, LOC_CIVILIZATION_BABYLON_STK_NAME, UNIT_BABYLONIAN_SABUM_KIBITTUM (196608), 11, 49, -9999, -9999, 2064, ffffffff
008, LOC_CIVILIZATION_BABYLON_STK_NAME, UNIT_BABYLONIAN_SABUM_KIBITTUM (196608), 11, 49, -9999, -9999, 2065, ffffffff
008, LOC_CIVILIZATION_BABYLON_STK_NAME, UNIT_BABYLONIAN_SABUM_KIBITTUM (196608), 11, 49, -9999, -9999, 2048, ffffffff
008, LOC_CIVILIZATION_BABYLON_STK_NAME, UNIT_BABYLONIAN_SABUM_KIBITTUM (196608), 11, 49, -9999, -9999, 2114, ffffffff
008, LOC_CIVILIZATION_BABYLON_STK_NAME, UNIT_BABYLONIAN_SABUM_KIBITTUM (196608), 11, 49, 12, 50, 4, 959c13cc
008, LOC_CIVILIZATION_BABYLON_STK_NAME, UNIT_BABYLONIAN_SABUM_KIBITTUM (196608), 11, 49, 12, 50, 16400, 959c13cc
008, LOC_CIVILIZATION_BABYLON_STK_NAME, UNIT_BABYLONIAN_SABUM_KIBITTUM (196608), 11, 49, 12, 50, 4, 959c13cc
008, LOC_CIVILIZATION_BABYLON_STK_NAME, UNIT_BABYLONIAN_SABUM_KIBITTUM (196608), 12, 50, -9999, -9999, 2064, ffffffff
008, LOC_CIVILIZATION_BABYLON_STK_NAME, UNIT_BABYLONIAN_SABUM_KIBITTUM (196608), 12, 50, -9999, -9999, 2065, ffffffff
008, LOC_CIVILIZATION_BABYLON_STK_NAME, UNIT_BABYLONIAN_SABUM_KIBITTUM (196608), 12, 50, -9999, -9999, 2048, ffffffff
008, LOC_CIVILIZATION_BABYLON_STK_NAME, UNIT_BABYLONIAN_SABUM_KIBITTUM (196608), 12, 50, -9999, -9999, 2114, ffffffff
008, LOC_CIVILIZATION_BABYLON_STK_NAME, UNIT_BABYLONIAN_SABUM_KIBITTUM (196608), 12, 50, -9999, -9999, 2064, ffffffff
008, LOC_CIVILIZATION_BABYLON_STK_NAME, UNIT_BABYLONIAN_SABUM_KIBITTUM (196608), 12, 50, -9999, -9999, 2065, ffffffff
008, LOC_CIVILIZATION_BABYLON_STK_NAME, UNIT_BABYLONIAN_SABUM_KIBITTUM (196608), 12, 50, -9999, -9999, 2048, ffffffff
008, LOC_CIVILIZATION_BABYLON_STK_NAME, UNIT_BABYLONIAN_SABUM_KIBITTUM (196608), 12, 50, -9999, -9999, 2114, ffffffff
008, LOC_CIVILIZATION_BABYLON_STK_NAME, UNIT_BABYLONIAN_SABUM_KIBITTUM (196608), 12, 50, 12, 51, 4, e83aab13
008, LOC_CIVILIZATION_BABYLON_STK_NAME, UNIT_BABYLONIAN_SABUM_KIBITTUM (196608), 12, 50, 12, 51, 16400, e83aab13
008, LOC_CIVILIZATION_BABYLON_STK_NAME, UNIT_BABYLONIAN_SABUM_KIBITTUM (196608), 12, 50, 12, 51, 4, e83aab13
008, LOC_CIVILIZATION_BABYLON_STK_NAME, UNIT_WARRIOR (131073), 13, 32, 13, 31, 16656, 94b67976
008, LOC_CIVILIZATION_BABYLON_STK_NAME, UNIT_WARRIOR (131073), 13, 32, -9999, -9999, 2320, ffffffff
008, LOC_CIVILIZATION_BABYLON_STK_NAME, UNIT_WARRIOR (131073), 13, 32, -9999, -9999, 2321, ffffffff
008, LOC_CIVILIZATION_BABYLON_STK_NAME, UNIT_WARRIOR (131073), 13, 32, -9999, -9999, 2304, ffffffff
008, LOC_CIVILIZATION_BABYLON_STK_NAME, UNIT_WARRIOR (131073), 13, 32, -9999, -9999, 2370, ffffffff
008, LOC_CIVILIZATION_BABYLON_STK_NAME, UNIT_WARRIOR (131073), 13, 31, -9999, -9999, 2064, ffffffff
008, LOC_CIVILIZATION_BABYLON_STK_NAME, UNIT_WARRIOR (131073), 13, 31, -9999, -9999, 2065, ffffffff
008, LOC_CIVILIZATION_BABYLON_STK_NAME, UNIT_WARRIOR (131073), 13, 31, -9999, -9999, 2048, ffffffff
008, LOC_CIVILIZATION_BABYLON_STK_NAME, UNIT_WARRIOR (131073), 13, 31, -9999, -9999, 2114, ffffffff
008, LOC_CIVILIZATION_BABYLON_STK_NAME, UNIT_WARRIOR (131073), 13, 31, -9999, -9999, 2064, ffffffff
008, LOC_CIVILIZATION_BABYLON_STK_NAME, UNIT_WARRIOR (131073), 13, 31, -9999, -9999, 2065, ffffffff
008, LOC_CIVILIZATION_BABYLON_STK_NAME, UNIT_WARRIOR (131073), 13, 31, -9999, -9999, 2048, ffffffff
008, LOC_CIVILIZATION_BABYLON_STK_NAME, UNIT_WARRIOR (131073), 13, 31, -9999, -9999, 2064, ffffffff
008, LOC_CIVILIZATION_BABYLON_STK_NAME, UNIT_WARRIOR (131073), 13, 31, -9999, -9999, 2065, ffffffff
008, LOC_CIVILIZATION_BABYLON_STK_NAME, UNIT_WARRIOR (131073), 13, 31, -9999, -9999, 2048, ffffffff
008, LOC_CIVILIZATION_BABYLON_STK_NAME, UNIT_WARRIOR (131073), 13, 31, -9999, -9999, 2114, ffffffff
008, LOC_CIVILIZATION_BABYLON_STK_NAME, UNIT_WARRIOR (131073), 13, 31, 14, 31, 4, 42e754a9
008, LOC_CIVILIZATION_BABYLON_STK_NAME, UNIT_WARRIOR (131073), 13, 31, 14, 31, 16400, 42e754a9
008, LOC_CIVILIZATION_BABYLON_STK_NAME, UNIT_WARRIOR (131073), 13, 31, 14, 31, 4, 42e754a9
008, LOC_CIVILIZATION_BABYLON_STK_NAME, UNIT_WARRIOR (131073), 14, 31, 16, 32, 16400, 3466b98b
008, LOC_CIVILIZATION_BABYLON_STK_NAME, UNIT_BUILDER (327683), 10, 41, -9999, -9999, 2320, ffffffff
008, LOC_CIVILIZATION_BABYLON_STK_NAME, UNIT_BUILDER (327683), 10, 41, -9999, -9999, 2321, ffffffff
008, LOC_CIVILIZATION_BABYLON_STK_NAME, UNIT_BUILDER (327683), 10, 41, -9999, -9999, 2304, ffffffff
008, LOC_CIVILIZATION_BABYLON_STK_NAME, UNIT_BUILDER (327683), 10, 41, 9, 41, 16640, 8eca10cc
008, LOC_CIVILIZATION_BABYLON_STK_NAME, UNIT_BUILDER (262146), 7, 43, 7, 41, 16384,  4af129c
008, LOC_CIVILIZATION_BABYLON_STK_NAME, UNIT_BUILDER (262146), 7, 43, 6, 45, 16384, 40b81d94
008, LOC_CIVILIZATION_BABYLON_STK_NAME, UNIT_BUILDER (262146), 7, 43, 7, 46, 16384, 2cd04583
008, LOC_CIVILIZATION_BABYLON_STK_NAME, UNIT_BUILDER (262146), 7, 43, 7, 45, 16384, db1d51fb
008, LOC_CIVILIZATION_BABYLON_STK_NAME, UNIT_BUILDER (262146), 7, 43, 6, 45, 16384, 40b81d94
009, LOC_CIVILIZATION_BABYLON_STK_NAME, UNIT_BUILDER (327683), 9, 41, -9999, -9999, 2320, ffffffff
009, LOC_CIVILIZATION_BABYLON_STK_NAME, UNIT_BUILDER (327683), 9, 41, -9999, -9999, 2321, ffffffff
009, LOC_CIVILIZATION_BABYLON_STK_NAME, UNIT_BUILDER (327683), 9, 41, -9999, -9999, 2304, ffffffff
009, LOC_CIVILIZATION_BABYLON_STK_NAME, UNIT_SETTLER (393220), 10, 41, -9999, -9999, 2320, ffffffff
009, LOC_CIVILIZATION_BABYLON_STK_NAME, UNIT_SETTLER (393220), 10, 41, -9999, -9999, 2321, ffffffff
009, LOC_CIVILIZATION_BABYLON_STK_NAME, UNIT_SETTLER (393220), 10, 41, -9999, -9999, 2304, ffffffff
009, LOC_CIVILIZATION_BABYLON_STK_NAME, UNIT_BUILDER (262146), 7, 43, 6, 45, 16640, 40b81d94
009, LOC_CIVILIZATION_BABYLON_STK_NAME, UNIT_BUILDER (262146), 7, 43, -9999, -9999, 2320, ffffffff
009, LOC_CIVILIZATION_BABYLON_STK_NAME, UNIT_BUILDER (262146), 7, 43, -9999, -9999, 2321, ffffffff
009, LOC_CIVILIZATION_BABYLON_STK_NAME, UNIT_BUILDER (262146), 7, 43, -9999, -9999, 2304, ffffffff
009, LOC_CIVILIZATION_BABYLON_STK_NAME, UNIT_BUILDER (262146), 7, 43, 7, 44, 16640,  bd12912
009, LOC_CIVILIZATION_BABYLON_STK_NAME, UNIT_BUILDER (262146), 7, 44, -9999, -9999, 2064, ffffffff
009, LOC_CIVILIZATION_BABYLON_STK_NAME, UNIT_BUILDER (262146), 7, 44, -9999, -9999, 2065, ffffffff
009, LOC_CIVILIZATION_BABYLON_STK_NAME, UNIT_BUILDER (262146), 7, 44, -9999, -9999, 2048, ffffffff
009, LOC_CIVILIZATION_BABYLON_STK_NAME, UNIT_BUILDER (262146), 7, 44, -9999, -9999, 2064, ffffffff
009, LOC_CIVILIZATION_BABYLON_STK_NAME, UNIT_BUILDER (262146), 7, 44, -9999, -9999, 2065, ffffffff
009, LOC_CIVILIZATION_BABYLON_STK_NAME, UNIT_BUILDER (262146), 7, 44, -9999, -9999, 2048, ffffffff
009, LOC_CIVILIZATION_BABYLON_STK_NAME, UNIT_BUILDER (262146), 7, 44, 6, 45, 4, 43666cee
009, LOC_CIVILIZATION_BABYLON_STK_NAME, UNIT_BUILDER (262146), 7, 44, 6, 45, 16384, 43666cee
009, LOC_CIVILIZATION_BABYLON_STK_NAME, UNIT_BUILDER (262146), 7, 44, 6, 45, 4, 43666cee
009, LOC_CIVILIZATION_BABYLON_STK_NAME, UNIT_BUILDER (262146), 6, 45, 6, 47, 16384, 2bc9acdf
009, LOC_CIVILIZATION_BABYLON_STK_NAME, UNIT_BABYLONIAN_SABUM_KIBITTUM (196608), 12, 51, -9999, -9999, 2320, ffffffff
009, LOC_CIVILIZATION_BABYLON_STK_NAME, UNIT_BABYLONIAN_SABUM_KIBITTUM (196608), 12, 51, -9999, -9999, 2321, ffffffff
009, LOC_CIVILIZATION_BABYLON_STK_NAME, UNIT_BABYLONIAN_SABUM_KIBITTUM (196608), 12, 51, -9999, -9999, 2304, ffffffff
009, LOC_CIVILIZATION_BABYLON_STK_NAME, UNIT_BABYLONIAN_SABUM_KIBITTUM (196608), 12, 51, -9999, -9999, 2370, ffffffff
009, LOC_CIVILIZATION_BABYLON_STK_NAME, UNIT_BABYLONIAN_SABUM_KIBITTUM (196608), 12, 51, 13, 51, 16656, 3d8b9acc
009, LOC_CIVILIZATION_BABYLON_STK_NAME, UNIT_BABYLONIAN_SABUM_KIBITTUM (196608), 12, 51, 14, 50, 16656, a64b02d1
009, LOC_CIVILIZATION_BABYLON_STK_NAME, UNIT_BABYLONIAN_SABUM_KIBITTUM (196608), 12, 51, 15, 50, 16656, f57768c8
009, LOC_CIVILIZATION_BABYLON_STK_NAME, UNIT_BABYLONIAN_SABUM_KIBITTUM (196608), 15, 50, -9999, -9999, 2064, ffffffff
009, LOC_CIVILIZATION_BABYLON_STK_NAME, UNIT_BABYLONIAN_SABUM_KIBITTUM (196608), 15, 50, -9999, -9999, 2065, ffffffff
009, LOC_CIVILIZATION_BABYLON_STK_NAME, UNIT_BABYLONIAN_SABUM_KIBITTUM (196608), 15, 50, -9999, -9999, 2048, ffffffff
009, LOC_CIVILIZATION_BABYLON_STK_NAME, UNIT_BABYLONIAN_SABUM_KIBITTUM (196608), 15, 50, -9999, -9999, 2064, ffffffff
009, LOC_CIVILIZATION_BABYLON_STK_NAME, UNIT_BABYLONIAN_SABUM_KIBITTUM (196608), 15, 50, -9999, -9999, 2065, ffffffff
009, LOC_CIVILIZATION_BABYLON_STK_NAME, UNIT_BABYLONIAN_SABUM_KIBITTUM (196608), 15, 50, -9999, -9999, 2048, ffffffff
009, LOC_CIVILIZATION_BABYLON_STK_NAME, UNIT_BUILDER (327683), 9, 41, -9999, -9999, 2320, ffffffff
009, LOC_CIVILIZATION_BABYLON_STK_NAME, UNIT_BUILDER (327683), 9, 41, -9999, -9999, 2321, ffffffff
009, LOC_CIVILIZATION_BABYLON_STK_NAME, UNIT_BUILDER (327683), 9, 41, -9999, -9999, 2304, ffffffff
009, LOC_CIVILIZATION_BABYLON_STK_NAME, UNIT_BABYLONIAN_SABUM_KIBITTUM (196608), 15, 50, 15, 54, 16400, 61489f38
009, LOC_CIVILIZATION_BABYLON_STK_NAME, UNIT_WARRIOR (131073), 14, 31, 16, 32, 16656, 3466b98b
009, LOC_CIVILIZATION_BABYLON_STK_NAME, UNIT_WARRIOR (131073), 14, 31, -9999, -9999, 2320, ffffffff
009, LOC_CIVILIZATION_BABYLON_STK_NAME, UNIT_WARRIOR (131073), 14, 31, -9999, -9999, 2321, ffffffff
009, LOC_CIVILIZATION_BABYLON_STK_NAME, UNIT_WARRIOR (131073), 14, 31, -9999, -9999, 2304, ffffffff
009, LOC_CIVILIZATION_BABYLON_STK_NAME, UNIT_WARRIOR (131073), 14, 31, -9999, -9999, 2370, ffffffff
009, LOC_CIVILIZATION_BABYLON_STK_NAME, UNIT_WARRIOR (131073), 14, 31, 15, 32, 16656, 69d44ea1
009, LOC_CIVILIZATION_BABYLON_STK_NAME, UNIT_WARRIOR (131073), 15, 32, -9999, -9999, 2064, ffffffff
009, LOC_CIVILIZATION_BABYLON_STK_NAME, UNIT_WARRIOR (131073), 15, 32, -9999, -9999, 2065, ffffffff
009, LOC_CIVILIZATION_BABYLON_STK_NAME, UNIT_WARRIOR (131073), 15, 32, -9999, -9999, 2048, ffffffff
009, LOC_CIVILIZATION_BABYLON_STK_NAME, UNIT_WARRIOR (131073), 15, 32, -9999, -9999, 2114, ffffffff
009, LOC_CIVILIZATION_BABYLON_STK_NAME, UNIT_WARRIOR (131073), 15, 32, -9999, -9999, 2064, ffffffff
009, LOC_CIVILIZATION_BABYLON_STK_NAME, UNIT_WARRIOR (131073), 15, 32, -9999, -9999, 2065, ffffffff
009, LOC_CIVILIZATION_BABYLON_STK_NAME, UNIT_WARRIOR (131073), 15, 32, -9999, -9999, 2048, ffffffff
009, LOC_CIVILIZATION_BABYLON_STK_NAME, UNIT_WARRIOR (131073), 15, 32, -9999, -9999, 2114, ffffffff
009, LOC_CIVILIZATION_BABYLON_STK_NAME, UNIT_WARRIOR (131073), 15, 32, 16, 32, 4, 2c2d207f
009, LOC_CIVILIZATION_BABYLON_STK_NAME, UNIT_WARRIOR (131073), 15, 32, 16, 32, 16400, 2c2d207f
009, LOC_CIVILIZATION_BABYLON_STK_NAME, UNIT_WARRIOR (131073), 15, 32, 16, 32, 4, 2c2d207f
009, LOC_CIVILIZATION_BABYLON_STK_NAME, UNIT_WARRIOR (131073), 16, 32, 16, 34, 16400, b64c9304
009, LOC_CIVILIZATION_BABYLON_STK_NAME, UNIT_SETTLER (393220), 10, 41, -9999, -9999, 2320, ffffffff
009, LOC_CIVILIZATION_BABYLON_STK_NAME, UNIT_SETTLER (393220), 10, 41, -9999, -9999, 2321, ffffffff
009, LOC_CIVILIZATION_BABYLON_STK_NAME, UNIT_SETTLER (393220), 10, 41, -9999, -9999, 2304, ffffffff
009, LOC_CIVILIZATION_BABYLON_STK_NAME, UNIT_SETTLER (393220), 10, 41, 13, 36, 16640,  b5daf65
009, LOC_CIVILIZATION_BABYLON_STK_NAME, UNIT_SETTLER (393220), 11, 40, -9999, -9999, 2064, ffffffff
009, LOC_CIVILIZATION_BABYLON_STK_NAME, UNIT_SETTLER (393220), 11, 40, -9999, -9999, 2065, ffffffff
009, LOC_CIVILIZATION_BABYLON_STK_NAME, UNIT_SETTLER (393220), 11, 40, -9999, -9999, 2048, ffffffff
009, LOC_CIVILIZATION_BABYLON_STK_NAME, UNIT_SETTLER (393220), 11, 40, -9999, -9999, 2064, ffffffff
009, LOC_CIVILIZATION_BABYLON_STK_NAME, UNIT_SETTLER (393220), 11, 40, -9999, -9999, 2065, ffffffff
009, LOC_CIVILIZATION_BABYLON_STK_NAME, UNIT_SETTLER (393220), 11, 40, -9999, -9999, 2048, ffffffff
009, LOC_CIVILIZATION_BABYLON_STK_NAME, UNIT_BUILDER (327683), 9, 41, -9999, -9999, 2320, ffffffff
009, LOC_CIVILIZATION_BABYLON_STK_NAME, UNIT_BUILDER (327683), 9, 41, -9999, -9999, 2321, ffffffff
009, LOC_CIVILIZATION_BABYLON_STK_NAME, UNIT_BUILDER (327683), 9, 41, -9999, -9999, 2304, ffffffff
001, LOC_CIVILIZATION_BABYLON_STK_NAME, UNIT_SETTLER (65536), 75, 49, -9999, -9999, 2320, ffffffff
001, LOC_CIVILIZATION_BABYLON_STK_NAME, UNIT_SETTLER (65536), 75, 49, -9999, -9999, 2321, ffffffff
001, LOC_CIVILIZATION_BABYLON_STK_NAME, UNIT_SETTLER (65536), 75, 49, -9999, -9999, 2304, ffffffff
001, LOC_CIVILIZATION_BABYLON_STK_NAME, UNIT_SETTLER (65536), 75, 49, -9999, -9999, 2320, ffffffff
001, LOC_CIVILIZATION_BABYLON_STK_NAME, UNIT_SETTLER (65536), 75, 49, -9999, -9999, 2321, ffffffff
001, LOC_CIVILIZATION_BABYLON_STK_NAME, UNIT_SETTLER (65536), 75, 49, -9999, -9999, 2304, ffffffff
001, LOC_CIVILIZATION_BABYLON_STK_NAME, UNIT_SETTLER (65536), 75, 49, -9999, -9999, 2320, ffffffff
001, LOC_CIVILIZATION_BABYLON_STK_NAME, UNIT_SETTLER (65536), 75, 49, -9999, -9999, 2321, ffffffff
001, LOC_CIVILIZATION_BABYLON_STK_NAME, UNIT_SETTLER (65536), 75, 49, -9999, -9999, 2304, ffffffff
001, LOC_CIVILIZATION_BABYLON_STK_NAME, UNIT_SETTLER (65536), 75, 49, -9999, -9999, 2320, ffffffff
001, LOC_CIVILIZATION_BABYLON_STK_NAME, UNIT_SETTLER (65536), 75, 49, -9999, -9999, 2321, ffffffff
001, LOC_CIVILIZATION_BABYLON_STK_NAME, UNIT_SETTLER (65536), 75, 49, -9999, -9999, 2304, ffffffff
001, LOC_CIVILIZATION_BABYLON_STK_NAME, UNIT_SETTLER (65536), 75, 49, -9999, -9999, 2320, ffffffff
001, LOC_CIVILIZATION_BABYLON_STK_NAME, UNIT_SETTLER (65536), 75, 49, -9999, -9999, 2321, ffffffff
001, LOC_CIVILIZATION_BABYLON_STK_NAME, UNIT_SETTLER (65536), 75, 49, -9999, -9999, 2304, ffffffff
001, LOC_CIVILIZATION_BABYLON_STK_NAME, UNIT_SETTLER (65536), 75, 49, -9999, -9999, 2320, ffffffff
001, LOC_CIVILIZATION_BABYLON_STK_NAME, UNIT_SETTLER (65536), 75, 49, -9999, -9999, 2321, ffffffff
001, LOC_CIVILIZATION_BABYLON_STK_NAME, UNIT_SETTLER (65536), 75, 49, -9999, -9999, 2304, ffffffff
001, LOC_CIVILIZATION_BABYLON_STK_NAME, UNIT_SETTLER (65536), 75, 49, -9999, -9999, 2320, ffffffff
001, LOC_CIVILIZATION_BABYLON_STK_NAME, UNIT_SETTLER (65536), 75, 49, -9999, -9999, 2321, ffffffff
001, LOC_CIVILIZATION_BABYLON_STK_NAME, UNIT_SETTLER (65536), 75, 49, -9999, -9999, 2304, ffffffff
001, LOC_CIVILIZATION_BABYLON_STK_NAME, UNIT_SETTLER (65536), 75, 49, -9999, -9999, 2320, ffffffff
001, LOC_CIVILIZATION_BABYLON_STK_NAME, UNIT_SETTLER (65536), 75, 49, -9999, -9999, 2321, ffffffff
001, LOC_CIVILIZATION_BABYLON_STK_NAME, UNIT_SETTLER (65536), 75, 49, -9999, -9999, 2304, ffffffff
001, LOC_CIVILIZATION_BABYLON_STK_NAME, UNIT_SETTLER (65536), 75, 49, -9999, -9999, 2320, ffffffff
001, LOC_CIVILIZATION_BABYLON_STK_NAME, UNIT_SETTLER (65536), 75, 49, -9999, -9999, 2321, ffffffff
001, LOC_CIVILIZATION_BABYLON_STK_NAME, UNIT_SETTLER (65536), 75, 49, -9999, -9999, 2304, ffffffff
001, LOC_CIVILIZATION_BABYLON_STK_NAME, UNIT_SETTLER (65536), 75, 49, -9999, -9999, 2320, ffffffff
001, LOC_CIVILIZATION_BABYLON_STK_NAME, UNIT_SETTLER (65536), 75, 49, -9999, -9999, 2321, ffffffff
001, LOC_CIVILIZATION_BABYLON_STK_NAME, UNIT_SETTLER (65536), 75, 49, -9999, -9999, 2304, ffffffff
001, LOC_CIVILIZATION_BABYLON_STK_NAME, UNIT_SETTLER (65536), 75, 49, -9999, -9999, 2320, ffffffff
001, LOC_CIVILIZATION_BABYLON_STK_NAME, UNIT_SETTLER (65536), 75, 49, -9999, -9999, 2321, ffffffff
001, LOC_CIVILIZATION_BABYLON_STK_NAME, UNIT_SETTLER (65536), 75, 49, -9999, -9999, 2304, ffffffff
001, LOC_CIVILIZATION_BABYLON_STK_NAME, UNIT_SETTLER (65536), 75, 49, -9999, -9999, 2320, ffffffff
001, LOC_CIVILIZATION_BABYLON_STK_NAME, UNIT_SETTLER (65536), 75, 49, -9999, -9999, 2321, ffffffff
001, LOC_CIVILIZATION_BABYLON_STK_NAME, UNIT_SETTLER (65536), 75, 49, -9999, -9999, 2304, ffffffff
001, LOC_CIVILIZATION_BABYLON_STK_NAME, UNIT_SETTLER (65536), 75, 49, -9999, -9999, 2320, ffffffff
001, LOC_CIVILIZATION_BABYLON_STK_NAME, UNIT_SETTLER (65536), 75, 49, -9999, -9999, 2321, ffffffff
001, LOC_CIVILIZATION_BABYLON_STK_NAME, UNIT_SETTLER (65536), 75, 49, -9999, -9999, 2304, ffffffff
001, LOC_CIVILIZATION_BABYLON_STK_NAME, UNIT_SETTLER (65536), 75, 49, -9999, -9999, 2320, ffffffff
001, LOC_CIVILIZATION_BABYLON_STK_NAME, UNIT_SETTLER (65536), 75, 49, -9999, -9999, 2321, ffffffff
001, LOC_CIVILIZATION_BABYLON_STK_NAME, UNIT_SETTLER (65536), 75, 49, -9999, -9999, 2304, ffffffff
001, LOC_CIVILIZATION_BABYLON_STK_NAME, UNIT_SETTLER (65536), 75, 49, -9999, -9999, 2320, ffffffff
001, LOC_CIVILIZATION_BABYLON_STK_NAME, UNIT_SETTLER (65536), 75, 49, -9999, -9999, 2321, ffffffff
001, LOC_CIVILIZATION_BABYLON_STK_NAME, UNIT_SETTLER (65536), 75, 49, -9999, -9999, 2304, ffffffff
001, LOC_CIVILIZATION_BABYLON_STK_NAME, UNIT_SETTLER (65536), 75, 49, -9999, -9999, 2320, ffffffff
001, LOC_CIVILIZATION_BABYLON_STK_NAME, UNIT_SETTLER (65536), 75, 49, -9999, -9999, 2321, ffffffff
001, LOC_CIVILIZATION_BABYLON_STK_NAME, UNIT_SETTLER (65536), 75, 49, -9999, -9999, 2304, ffffffff
001, LOC_CIVILIZATION_BABYLON_STK_NAME, UNIT_SETTLER (65536), 75, 49, -9999, -9999, 2320, ffffffff
001, LOC_CIVILIZATION_BABYLON_STK_NAME, UNIT_SETTLER (65536), 75, 49, -9999, -9999, 2321, ffffffff
001, LOC_CIVILIZATION_BABYLON_STK_NAME, UNIT_SETTLER (65536), 75, 49, -9999, -9999, 2304, ffffffff
001, LOC_CIVILIZATION_BABYLON_STK_NAME, UNIT_WARRIOR (131073), 74, 49, -9999, -9999, 2320, ffffffff
001, LOC_CIVILIZATION_BABYLON_STK_NAME, UNIT_WARRIOR (131073), 74, 49, -9999, -9999, 2321, ffffffff
001, LOC_CIVILIZATION_BABYLON_STK_NAME, UNIT_WARRIOR (131073), 74, 49, -9999, -9999, 2304, ffffffff
001, LOC_CIVILIZATION_BABYLON_STK_NAME, UNIT_WARRIOR (131073), 74, 49, -9999, -9999, 2370, ffffffff
001, LOC_CIVILIZATION_BABYLON_STK_NAME, UNIT_WARRIOR (131073), 74, 49, 73, 49, 16656, 51dd92b3
001, LOC_CIVILIZATION_BABYLON_STK_NAME, UNIT_WARRIOR (131073), 73, 49, -9999, -9999, 2064, ffffffff
001, LOC_CIVILIZATION_BABYLON_STK_NAME, UNIT_WARRIOR (131073), 73, 49, -9999, -9999, 2065, ffffffff
001, LOC_CIVILIZATION_BABYLON_STK_NAME, UNIT_WARRIOR (131073), 73, 49, -9999, -9999, 2048, ffffffff
001, LOC_CIVILIZATION_BABYLON_STK_NAME, UNIT_WARRIOR (131073), 73, 49, -9999, -9999, 2114, ffffffff
001, LOC_CIVILIZATION_BABYLON_STK_NAME, UNIT_WARRIOR (131073), 73, 49, -9999, -9999, 2064, ffffffff
001, LOC_CIVILIZATION_BABYLON_STK_NAME, UNIT_WARRIOR (131073), 73, 49, -9999, -9999, 2065, ffffffff
001, LOC_CIVILIZATION_BABYLON_STK_NAME, UNIT_WARRIOR (131073), 73, 49, -9999, -9999, 2048, ffffffff
001, LOC_CIVILIZATION_BABYLON_STK_NAME, UNIT_WARRIOR (131073), 73, 49, -9999, -9999, 2114, ffffffff
001, LOC_CIVILIZATION_BABYLON_STK_NAME, UNIT_WARRIOR (131073), 73, 49, 72, 49, 4, 8fc23dc3
001, LOC_CIVILIZATION_BABYLON_STK_NAME, UNIT_WARRIOR (131073), 73, 49, 72, 49, 16400, 8fc23dc3
001, LOC_CIVILIZATION_BABYLON_STK_NAME, UNIT_WARRIOR (131073), 73, 49, -9999, -9999, 2064, ffffffff
001, LOC_CIVILIZATION_BABYLON_STK_NAME, UNIT_WARRIOR (131073), 73, 49, -9999, -9999, 2065, ffffffff
001, LOC_CIVILIZATION_BABYLON_STK_NAME, UNIT_WARRIOR (131073), 73, 49, -9999, -9999, 2048, ffffffff
001, LOC_CIVILIZATION_BABYLON_STK_NAME, UNIT_WARRIOR (131073), 73, 49, -9999, -9999, 2114, ffffffff
001, LOC_CIVILIZATION_BABYLON_STK_NAME, UNIT_WARRIOR (131073), 73, 49, 72, 49, 4, 8fc23dc3
001, LOC_CIVILIZATION_BABYLON_STK_NAME, UNIT_WARRIOR (131073), 73, 49, 72, 49, 16400, 8fc23dc3
001, LOC_CIVILIZATION_BABYLON_STK_NAME, UNIT_WARRIOR (131073), 73, 49, 72, 49, 4, 8fc23dc3
001, LOC_CIVILIZATION_BABYLON_STK_NAME, UNIT_SETTLER (65536), 75, 49, -9999, -9999, 2320, ffffffff
001, LOC_CIVILIZATION_BABYLON_STK_NAME, UNIT_SETTLER (65536), 75, 49, -9999, -9999, 2321, ffffffff
001, LOC_CIVILIZATION_BABYLON_STK_NAME, UNIT_SETTLER (65536), 75, 49, -9999, -9999, 2304, ffffffff
001, LOC_CIVILIZATION_BABYLON_STK_NAME, UNIT_SETTLER (65536), 75, 49, -9999, -9999, 2320, ffffffff
001, LOC_CIVILIZATION_BABYLON_STK_NAME, UNIT_SETTLER (65536), 75, 49, -9999, -9999, 2321, ffffffff
001, LOC_CIVILIZATION_BABYLON_STK_NAME, UNIT_SETTLER (65536), 75, 49, -9999, -9999, 2304, ffffffff
001, LOC_CIVILIZATION_BABYLON_STK_NAME, UNIT_SETTLER (65536), 75, 49, -9999, -9999, 2320, ffffffff
001, LOC_CIVILIZATION_BABYLON_STK_NAME, UNIT_SETTLER (65536), 75, 49, -9999, -9999, 2321, ffffffff
001, LOC_CIVILIZATION_BABYLON_STK_NAME, UNIT_SETTLER (65536), 75, 49, -9999, -9999, 2304, ffffffff
001, LOC_CIVILIZATION_BABYLON_STK_NAME, UNIT_SETTLER (65536), 75, 49, -9999, -9999, 2320, ffffffff
001, LOC_CIVILIZATION_BABYLON_STK_NAME, UNIT_SETTLER (65536), 75, 49, -9999, -9999, 2321, ffffffff
001, LOC_CIVILIZATION_BABYLON_STK_NAME, UNIT_SETTLER (65536), 75, 49, -9999, -9999, 2304, ffffffff
001, LOC_CIVILIZATION_BABYLON_STK_NAME, UNIT_SETTLER (65536), 75, 49, -9999, -9999, 2320, ffffffff
001, LOC_CIVILIZATION_BABYLON_STK_NAME, UNIT_SETTLER (65536), 75, 49, -9999, -9999, 2321, ffffffff
001, LOC_CIVILIZATION_BABYLON_STK_NAME, UNIT_SETTLER (65536), 75, 49, -9999, -9999, 2304, ffffffff
001, LOC_CIVILIZATION_BABYLON_STK_NAME, UNIT_SETTLER (65536), 75, 49, -9999, -9999, 2320, ffffffff
001, LOC_CIVILIZATION_BABYLON_STK_NAME, UNIT_SETTLER (65536), 75, 49, -9999, -9999, 2321, ffffffff
001, LOC_CIVILIZATION_BABYLON_STK_NAME, UNIT_SETTLER (65536), 75, 49, -9999, -9999, 2304, ffffffff
001, LOC_CIVILIZATION_BABYLON_STK_NAME, UNIT_SETTLER (65536), 75, 49, -9999, -9999, 2320, ffffffff
001, LOC_CIVILIZATION_BABYLON_STK_NAME, UNIT_SETTLER (65536), 75, 49, -9999, -9999, 2321, ffffffff
001, LOC_CIVILIZATION_BABYLON_STK_NAME, UNIT_SETTLER (65536), 75, 49, -9999, -9999, 2304, ffffffff
001, LOC_CIVILIZATION_BABYLON_STK_NAME, UNIT_SETTLER (65536), 75, 49, 73, 49, 16640, 53e28f54
001, LOC_CIVILIZATION_BABYLON_STK_NAME, UNIT_SETTLER (65536), 73, 49, -9999, -9999, 2064, ffffffff
001, LOC_CIVILIZATION_BABYLON_STK_NAME, UNIT_SETTLER (65536), 73, 49, -9999, -9999, 2065, ffffffff
001, LOC_CIVILIZATION_BABYLON_STK_NAME, UNIT_SETTLER (65536), 73, 49, -9999, -9999, 2048, ffffffff
001, LOC_CIVILIZATION_BABYLON_STK_NAME, UNIT_SETTLER (65536), 73, 49, -9999, -9999, 2064, ffffffff
001, LOC_CIVILIZATION_BABYLON_STK_NAME, UNIT_SETTLER (65536), 73, 49, -9999, -9999, 2065, ffffffff
001, LOC_CIVILIZATION_BABYLON_STK_NAME, UNIT_SETTLER (65536), 73, 49, -9999, -9999, 2048, ffffffff
001, LOC_CIVILIZATION_BABYLON_STK_NAME, UNIT_SETTLER (65536), 73, 49, -9999, -9999, 2064, ffffffff
001, LOC_CIVILIZATION_BABYLON_STK_NAME, UNIT_SETTLER (65536), 73, 49, -9999, -9999, 2065, ffffffff
001, LOC_CIVILIZATION_BABYLON_STK_NAME, UNIT_SETTLER (65536), 73, 49, -9999, -9999, 2048, ffffffff
001, LOC_CIVILIZATION_BABYLON_STK_NAME, UNIT_WARRIOR (131073), 72, 49, 72, 51, 16400, 1ab6c93b
002, LOC_CIVILIZATION_BABYLON_STK_NAME, UNIT_WARRIOR (131073), 72, 49, 72, 51, 16656, 1ab6c93b
002, LOC_CIVILIZATION_BABYLON_STK_NAME, UNIT_WARRIOR (131073), 72, 49, -9999, -9999, 2320, ffffffff
002, LOC_CIVILIZATION_BABYLON_STK_NAME, UNIT_WARRIOR (131073), 72, 49, -9999, -9999, 2321, ffffffff
002, LOC_CIVILIZATION_BABYLON_STK_NAME, UNIT_WARRIOR (131073), 72, 49, -9999, -9999, 2304, ffffffff
002, LOC_CIVILIZATION_BABYLON_STK_NAME, UNIT_WARRIOR (131073), 72, 49, -9999, -9999, 2370, ffffffff
002, LOC_CIVILIZATION_BABYLON_STK_NAME, UNIT_WARRIOR (131073), 72, 49, -9999, -9999, 2370, ffffffff
002, LOC_CIVILIZATION_BABYLON_STK_NAME, UNIT_WARRIOR (131073), 72, 49, 72, 50, 16656, b1ea2808
002, LOC_CIVILIZATION_BABYLON_STK_NAME, UNIT_WARRIOR (131073), 72, 50, -9999, -9999, 2064, ffffffff
002, LOC_CIVILIZATION_BABYLON_STK_NAME, UNIT_WARRIOR (131073), 72, 50, -9999, -9999, 2065, ffffffff
002, LOC_CIVILIZATION_BABYLON_STK_NAME, UNIT_WARRIOR (131073), 72, 50, -9999, -9999, 2048, ffffffff
002, LOC_CIVILIZATION_BABYLON_STK_NAME, UNIT_WARRIOR (131073), 72, 50, -9999, -9999, 2114, ffffffff
002, LOC_CIVILIZATION_BABYLON_STK_NAME, UNIT_WARRIOR (131073), 72, 50, -9999, -9999, 2064, ffffffff
002, LOC_CIVILIZATION_BABYLON_STK_NAME, UNIT_WARRIOR (131073), 72, 50, -9999, -9999, 2065, ffffffff
002, LOC_CIVILIZATION_BABYLON_STK_NAME, UNIT_WARRIOR (131073), 72, 50, -9999, -9999, 2048, ffffffff
002, LOC_CIVILIZATION_BABYLON_STK_NAME, UNIT_WARRIOR (131073), 72, 50, -9999, -9999, 2114, ffffffff
002, LOC_CIVILIZATION_BABYLON_STK_NAME, UNIT_WARRIOR (131073), 72, 50, 72, 51, 4, 519ba86e
002, LOC_CIVILIZATION_BABYLON_STK_NAME, UNIT_WARRIOR (131073), 72, 50, 72, 51, 16400, 519ba86e
002, LOC_CIVILIZATION_BABYLON_STK_NAME, UNIT_WARRIOR (131073), 72, 50, 72, 51, 4, 519ba86e
002, LOC_CIVILIZATION_BABYLON_STK_NAME, UNIT_WARRIOR (131073), 72, 51, 72, 52, 16400, 5585a997
002, LOC_CIVILIZATION_BABYLON_STK_NAME, UNIT_WARRIOR (131073), 72, 51, 72, 52, 16400, 5585a997
003, LOC_CIVILIZATION_BABYLON_STK_NAME, UNIT_WARRIOR (131073), 72, 51, 72, 52, 16656, 5585a997
003, LOC_CIVILIZATION_BABYLON_STK_NAME, UNIT_WARRIOR (131073), 72, 51, -9999, -9999, 2320, ffffffff
003, LOC_CIVILIZATION_BABYLON_STK_NAME, UNIT_WARRIOR (131073), 72, 51, -9999, -9999, 2321, ffffffff
003, LOC_CIVILIZATION_BABYLON_STK_NAME, UNIT_WARRIOR (131073), 72, 51, -9999, -9999, 2304, ffffffff
003, LOC_CIVILIZATION_BABYLON_STK_NAME, UNIT_WARRIOR (131073), 72, 51, -9999, -9999, 2370, ffffffff
003, LOC_CIVILIZATION_BABYLON_STK_NAME, UNIT_WARRIOR (131073), 72, 51, -9999, -9999, 2370, ffffffff
003, LOC_CIVILIZATION_BABYLON_STK_NAME, UNIT_WARRIOR (131073), 72, 52, -9999, -9999, 2064, ffffffff
003, LOC_CIVILIZATION_BABYLON_STK_NAME, UNIT_WARRIOR (131073), 72, 52, -9999, -9999, 2065, ffffffff
003, LOC_CIVILIZATION_BABYLON_STK_NAME, UNIT_WARRIOR (131073), 72, 52, -9999, -9999, 2048, ffffffff
003, LOC_CIVILIZATION_BABYLON_STK_NAME, UNIT_WARRIOR (131073), 72, 52, -9999, -9999, 2114, ffffffff
003, LOC_CIVILIZATION_BABYLON_STK_NAME, UNIT_WARRIOR (131073), 72, 52, -9999, -9999, 2064, ffffffff
003, LOC_CIVILIZATION_BABYLON_STK_NAME, UNIT_WARRIOR (131073), 72, 52, -9999, -9999, 2065, ffffffff
003, LOC_CIVILIZATION_BABYLON_STK_NAME, UNIT_WARRIOR (131073), 72, 52, -9999, -9999, 2048, ffffffff
003, LOC_CIVILIZATION_BABYLON_STK_NAME, UNIT_WARRIOR (131073), 72, 52, -9999, -9999, 2114, ffffffff
003, LOC_CIVILIZATION_BABYLON_STK_NAME, UNIT_WARRIOR (131073), 72, 52, 72, 53, 4, d198ecf5
003, LOC_CIVILIZATION_BABYLON_STK_NAME, UNIT_WARRIOR (131073), 72, 52, 72, 53, 16400, d198ecf5
003, LOC_CIVILIZATION_BABYLON_STK_NAME, UNIT_WARRIOR (131073), 72, 52, 72, 53, 4, d198ecf5
003, LOC_CIVILIZATION_BABYLON_STK_NAME, UNIT_WARRIOR (131073), 72, 53, 73, 53, 16400,  429dd2a
004, LOC_CIVILIZATION_BABYLON_STK_NAME, UNIT_BABYLONIAN_SABUM_KIBITTUM (196608), 73, 49, -9999, -9999, 2320, ffffffff
004, LOC_CIVILIZATION_BABYLON_STK_NAME, UNIT_BABYLONIAN_SABUM_KIBITTUM (196608), 73, 49, -9999, -9999, 2321, ffffffff
004, LOC_CIVILIZATION_BABYLON_STK_NAME, UNIT_BABYLONIAN_SABUM_KIBITTUM (196608), 73, 49, -9999, -9999, 2304, ffffffff
004, LOC_CIVILIZATION_BABYLON_STK_NAME, UNIT_BABYLONIAN_SABUM_KIBITTUM (196608), 73, 49, -9999, -9999, 2320, ffffffff
004, LOC_CIVILIZATION_BABYLON_STK_NAME, UNIT_BABYLONIAN_SABUM_KIBITTUM (196608), 73, 49, -9999, -9999, 2321, ffffffff
004, LOC_CIVILIZATION_BABYLON_STK_NAME, UNIT_BABYLONIAN_SABUM_KIBITTUM (196608), 73, 49, -9999, -9999, 2304, ffffffff
004, LOC_CIVILIZATION_BABYLON_STK_NAME, UNIT_BABYLONIAN_SABUM_KIBITTUM (196608), 73, 49, -9999, -9999, 2370, ffffffff
004, LOC_CIVILIZATION_BABYLON_STK_NAME, UNIT_BABYLONIAN_SABUM_KIBITTUM (196608), 73, 49, -9999, -9999, 2370, ffffffff
004, LOC_CIVILIZATION_BABYLON_STK_NAME, UNIT_BABYLONIAN_SABUM_KIBITTUM (196608), 73, 49, -9999, -9999, 2320, ffffffff
004, LOC_CIVILIZATION_BABYLON_STK_NAME, UNIT_BABYLONIAN_SABUM_KIBITTUM (196608), 73, 49, -9999, -9999, 2321, ffffffff
004, LOC_CIVILIZATION_BABYLON_STK_NAME, UNIT_BABYLONIAN_SABUM_KIBITTUM (196608), 73, 49, -9999, -9999, 2304, ffffffff
004, LOC_CIVILIZATION_BABYLON_STK_NAME, UNIT_BABYLONIAN_SABUM_KIBITTUM (196608), 73, 49, -9999, -9999, 2370, ffffffff
004, LOC_CIVILIZATION_BABYLON_STK_NAME, UNIT_WARRIOR (131073), 72, 53, 73, 53, 16656,  429dd2a
004, LOC_CIVILIZATION_BABYLON_STK_NAME, UNIT_WARRIOR (131073), 72, 53, -9999, -9999, 2320, ffffffff
004, LOC_CIVILIZATION_BABYLON_STK_NAME, UNIT_WARRIOR (131073), 72, 53, -9999, -9999, 2321, ffffffff
004, LOC_CIVILIZATION_BABYLON_STK_NAME, UNIT_WARRIOR (131073), 72, 53, -9999, -9999, 2304, ffffffff
004, LOC_CIVILIZATION_BABYLON_STK_NAME, UNIT_WARRIOR (131073), 72, 53, -9999, -9999, 2370, ffffffff
004, LOC_CIVILIZATION_BABYLON_STK_NAME, UNIT_WARRIOR (131073), 73, 53, -9999, -9999, 2114, ffffffff
004, LOC_CIVILIZATION_BABYLON_STK_NAME, UNIT_WARRIOR (131073), 73, 53, 75, 52, 0, c75846b3
004, LOC_CIVILIZATION_BABYLON_STK_NAME, UNIT_WARRIOR (131073), 73, 53, -9999, -9999, 2064, ffffffff
004, LOC_CIVILIZATION_BABYLON_STK_NAME, UNIT_WARRIOR (131073), 73, 53, -9999, -9999, 2065, ffffffff
004, LOC_CIVILIZATION_BABYLON_STK_NAME, UNIT_WARRIOR (131073), 73, 53, -9999, -9999, 2048, ffffffff
004, LOC_CIVILIZATION_BABYLON_STK_NAME, UNIT_BABYLONIAN_SABUM_KIBITTUM (196608), 73, 49, -9999, -9999, 2320, ffffffff
004, LOC_CIVILIZATION_BABYLON_STK_NAME, UNIT_BABYLONIAN_SABUM_KIBITTUM (196608), 73, 49, -9999, -9999, 2321, ffffffff
004, LOC_CIVILIZATION_BABYLON_STK_NAME, UNIT_BABYLONIAN_SABUM_KIBITTUM (196608), 73, 49, -9999, -9999, 2304, ffffffff
004, LOC_CIVILIZATION_BABYLON_STK_NAME, UNIT_BABYLONIAN_SABUM_KIBITTUM (196608), 73, 49, -9999, -9999, 2370, ffffffff
004, LOC_CIVILIZATION_BABYLON_STK_NAME, UNIT_BABYLONIAN_SABUM_KIBITTUM (196608), 73, 49, -9999, -9999, 2370, ffffffff
004, LOC_CIVILIZATION_BABYLON_STK_NAME, UNIT_BABYLONIAN_SABUM_KIBITTUM (196608), 73, 49, 76, 48, 16656, a03435fc
004, LOC_CIVILIZATION_BABYLON_STK_NAME, UNIT_BABYLONIAN_SABUM_KIBITTUM (196608), 73, 49, 75, 49, 16656, 15d0d940
004, LOC_CIVILIZATION_BABYLON_STK_NAME, UNIT_BABYLONIAN_SABUM_KIBITTUM (196608), 73, 49, 74, 49, 16656, cde73abe
004, LOC_CIVILIZATION_BABYLON_STK_NAME, UNIT_BABYLONIAN_SABUM_KIBITTUM (196608), 73, 49, 74, 48, 16656,  6bbe91b
004, LOC_CIVILIZATION_BABYLON_STK_NAME, UNIT_BABYLONIAN_SABUM_KIBITTUM (196608), 73, 49, 75, 48, 16656, fa12b27e
004, LOC_CIVILIZATION_BABYLON_STK_NAME, UNIT_BABYLONIAN_SABUM_KIBITTUM (196608), 73, 49, 74, 49, 16656, cde73abe
004, LOC_CIVILIZATION_BABYLON_STK_NAME, UNIT_BABYLONIAN_SABUM_KIBITTUM (196608), 73, 49, 75, 48, 16656, fa12b27e
004, LOC_CIVILIZATION_BABYLON_STK_NAME, UNIT_BABYLONIAN_SABUM_KIBITTUM (196608), 73, 49, 75, 49, 16656, 15d0d940
004, LOC_CIVILIZATION_BABYLON_STK_NAME, UNIT_BABYLONIAN_SABUM_KIBITTUM (196608), 73, 49, 76, 48, 16656, a03435fc
004, LOC_CIVILIZATION_BABYLON_STK_NAME, UNIT_BABYLONIAN_SABUM_KIBITTUM (196608), 73, 49, 75, 49, 16656, 15d0d940
004, LOC_CIVILIZATION_BABYLON_STK_NAME, UNIT_BABYLONIAN_SABUM_KIBITTUM (196608), 75, 49, -9999, -9999, 2064, ffffffff
004, LOC_CIVILIZATION_BABYLON_STK_NAME, UNIT_BABYLONIAN_SABUM_KIBITTUM (196608), 75, 49, -9999, -9999, 2065, ffffffff
004, LOC_CIVILIZATION_BABYLON_STK_NAME, UNIT_BABYLONIAN_SABUM_KIBITTUM (196608), 75, 49, -9999, -9999, 2048, ffffffff
004, LOC_CIVILIZATION_BABYLON_STK_NAME, UNIT_BABYLONIAN_SABUM_KIBITTUM (196608), 75, 49, -9999, -9999, 2064, ffffffff
004, LOC_CIVILIZATION_BABYLON_STK_NAME, UNIT_BABYLONIAN_SABUM_KIBITTUM (196608), 75, 49, -9999, -9999, 2065, ffffffff
004, LOC_CIVILIZATION_BABYLON_STK_NAME, UNIT_BABYLONIAN_SABUM_KIBITTUM (196608), 75, 49, -9999, -9999, 2048, ffffffff
004, LOC_CIVILIZATION_BABYLON_STK_NAME, UNIT_BABYLONIAN_SABUM_KIBITTUM (196608), 75, 49, -9999, -9999, 2114, ffffffff
004, LOC_CIVILIZATION_BABYLON_STK_NAME, UNIT_BABYLONIAN_SABUM_KIBITTUM (196608), 75, 49, -9999, -9999, 2064, ffffffff
004, LOC_CIVILIZATION_BABYLON_STK_NAME, UNIT_BABYLONIAN_SABUM_KIBITTUM (196608), 75, 49, -9999, -9999, 2065, ffffffff
004, LOC_CIVILIZATION_BABYLON_STK_NAME, UNIT_BABYLONIAN_SABUM_KIBITTUM (196608), 75, 49, -9999, -9999, 2048, ffffffff
004, LOC_CIVILIZATION_BABYLON_STK_NAME, UNIT_BABYLONIAN_SABUM_KIBITTUM (196608), 75, 49, -9999, -9999, 2114, ffffffff
004, LOC_CIVILIZATION_BABYLON_STK_NAME, UNIT_BABYLONIAN_SABUM_KIBITTUM (196608), 75, 49, 76, 48, 4, 6add2817
004, LOC_CIVILIZATION_BABYLON_STK_NAME, UNIT_BABYLONIAN_SABUM_KIBITTUM (196608), 75, 49, 76, 48, 16400, 6add2817
004, LOC_CIVILIZATION_BABYLON_STK_NAME, UNIT_BABYLONIAN_SABUM_KIBITTUM (196608), 75, 49, 76, 48, 4, 6add2817
004, LOC_CIVILIZATION_BABYLON_STK_NAME, UNIT_BABYLONIAN_SABUM_KIBITTUM (196608), 76, 48, 77, 46, 16400, fd3e0dda
004, LOC_CIVILIZATION_BABYLON_STK_NAME, UNIT_WARRIOR (131073), 73, 53, 73, 54, 16400, 3a01c8e1
005, LOC_CIVILIZATION_BABYLON_STK_NAME, UNIT_BABYLONIAN_SABUM_KIBITTUM (196608), 76, 48, 77, 46, 16656, fd3e0dda
005, LOC_CIVILIZATION_BABYLON_STK_NAME, UNIT_BABYLONIAN_SABUM_KIBITTUM (196608), 76, 48, -9999, -9999, 2320, ffffffff
005, LOC_CIVILIZATION_BABYLON_STK_NAME, UNIT_BABYLONIAN_SABUM_KIBITTUM (196608), 76, 48, -9999, -9999, 2321, ffffffff
005, LOC_CIVILIZATION_BABYLON_STK_NAME, UNIT_BABYLONIAN_SABUM_KIBITTUM (196608), 76, 48, -9999, -9999, 2304, ffffffff
005, LOC_CIVILIZATION_BABYLON_STK_NAME, UNIT_BABYLONIAN_SABUM_KIBITTUM (196608), 76, 48, -9999, -9999, 2370, ffffffff
005, LOC_CIVILIZATION_BABYLON_STK_NAME, UNIT_BABYLONIAN_SABUM_KIBITTUM (196608), 76, 48, -9999, -9999, 2370, ffffffff
005, LOC_CIVILIZATION_BABYLON_STK_NAME, UNIT_BABYLONIAN_SABUM_KIBITTUM (196608), 77, 46, -9999, -9999, 2064, ffffffff
005, LOC_CIVILIZATION_BABYLON_STK_NAME, UNIT_BABYLONIAN_SABUM_KIBITTUM (196608), 77, 46, -9999, -9999, 2065, ffffffff
005, LOC_CIVILIZATION_BABYLON_STK_NAME, UNIT_BABYLONIAN_SABUM_KIBITTUM (196608), 77, 46, -9999, -9999, 2048, ffffffff
005, LOC_CIVILIZATION_BABYLON_STK_NAME, UNIT_BABYLONIAN_SABUM_KIBITTUM (196608), 77, 46, -9999, -9999, 2064, ffffffff
005, LOC_CIVILIZATION_BABYLON_STK_NAME, UNIT_BABYLONIAN_SABUM_KIBITTUM (196608), 77, 46, -9999, -9999, 2065, ffffffff
005, LOC_CIVILIZATION_BABYLON_STK_NAME, UNIT_BABYLONIAN_SABUM_KIBITTUM (196608), 77, 46, -9999, -9999, 2048, ffffffff
005, LOC_CIVILIZATION_BABYLON_STK_NAME, UNIT_BABYLONIAN_SABUM_KIBITTUM (196608), 77, 46, -9999, -9999, 2114, ffffffff
005, LOC_CIVILIZATION_BABYLON_STK_NAME, UNIT_BABYLONIAN_SABUM_KIBITTUM (196608), 77, 46, -9999, -9999, 2064, ffffffff
005, LOC_CIVILIZATION_BABYLON_STK_NAME, UNIT_BABYLONIAN_SABUM_KIBITTUM (196608), 77, 46, -9999, -9999, 2065, ffffffff
005, LOC_CIVILIZATION_BABYLON_STK_NAME, UNIT_BABYLONIAN_SABUM_KIBITTUM (196608), 77, 46, -9999, -9999, 2048, ffffffff
005, LOC_CIVILIZATION_BABYLON_STK_NAME, UNIT_BABYLONIAN_SABUM_KIBITTUM (196608), 77, 46, -9999, -9999, 2114, ffffffff
005, LOC_CIVILIZATION_BABYLON_STK_NAME, UNIT_BABYLONIAN_SABUM_KIBITTUM (196608), 77, 46, 77, 45, 4, f10e688e
005, LOC_CIVILIZATION_BABYLON_STK_NAME, UNIT_BABYLONIAN_SABUM_KIBITTUM (196608), 77, 46, 77, 45, 16400, f10e688e
005, LOC_CIVILIZATION_BABYLON_STK_NAME, UNIT_BABYLONIAN_SABUM_KIBITTUM (196608), 77, 46, 77, 45, 4, f10e688e
005, LOC_CIVILIZATION_BABYLON_STK_NAME, UNIT_BABYLONIAN_SABUM_KIBITTUM (196608), 77, 45, 77, 43, 16400, 16f9bfd7
005, LOC_CIVILIZATION_BABYLON_STK_NAME, UNIT_WARRIOR (131073), 73, 53, 73, 54, 16656, 3a01c8e1
005, LOC_CIVILIZATION_BABYLON_STK_NAME, UNIT_WARRIOR (131073), 73, 53, -9999, -9999, 2320, ffffffff
005, LOC_CIVILIZATION_BABYLON_STK_NAME, UNIT_WARRIOR (131073), 73, 53, -9999, -9999, 2321, ffffffff
005, LOC_CIVILIZATION_BABYLON_STK_NAME, UNIT_WARRIOR (131073), 73, 53, -9999, -9999, 2304, ffffffff
005, LOC_CIVILIZATION_BABYLON_STK_NAME, UNIT_WARRIOR (131073), 73, 53, -9999, -9999, 2370, ffffffff
005, LOC_CIVILIZATION_BABYLON_STK_NAME, UNIT_WARRIOR (131073), 73, 54, 71, 55, 16400,  da54584
005, LOC_CIVILIZATION_BABYLON_STK_NAME, UNIT_BABYLONIAN_SABUM_KIBITTUM (196608), 77, 45, 77, 43, 16400, 16f9bfd7
005, LOC_CIVILIZATION_BABYLON_STK_NAME, UNIT_BABYLONIAN_SABUM_KIBITTUM (196608), 77, 45, 78, 45, 16400, 54ac3cae
005, LOC_CIVILIZATION_BABYLON_STK_NAME, UNIT_BABYLONIAN_SABUM_KIBITTUM (196608), 77, 45, 78, 45, 16400, 54ac3cae
005, LOC_CIVILIZATION_BABYLON_STK_NAME, UNIT_BABYLONIAN_SABUM_KIBITTUM (196608), 77, 45, 77, 43, 16400, 16f9bfd7
005, LOC_CIVILIZATION_BABYLON_STK_NAME, UNIT_BABYLONIAN_SABUM_KIBITTUM (196608), 77, 45, 77, 43, 16400, 16f9bfd7
005, LOC_CIVILIZATION_BABYLON_STK_NAME, UNIT_BABYLONIAN_SABUM_KIBITTUM (196608), 77, 45, 78, 45, 16400, 54ac3cae
006, LOC_CIVILIZATION_BABYLON_STK_NAME, UNIT_BABYLONIAN_SABUM_KIBITTUM (262146), 73, 49, -9999, -9999, 2320, ffffffff
006, LOC_CIVILIZATION_BABYLON_STK_NAME, UNIT_BABYLONIAN_SABUM_KIBITTUM (262146), 73, 49, -9999, -9999, 2321, ffffffff
006, LOC_CIVILIZATION_BABYLON_STK_NAME, UNIT_BABYLONIAN_SABUM_KIBITTUM (262146), 73, 49, -9999, -9999, 2304, ffffffff
006, LOC_CIVILIZATION_BABYLON_STK_NAME, UNIT_BABYLONIAN_SABUM_KIBITTUM (262146), 73, 49, -9999, -9999, 2320, ffffffff
006, LOC_CIVILIZATION_BABYLON_STK_NAME, UNIT_BABYLONIAN_SABUM_KIBITTUM (262146), 73, 49, -9999, -9999, 2321, ffffffff
006, LOC_CIVILIZATION_BABYLON_STK_NAME, UNIT_BABYLONIAN_SABUM_KIBITTUM (262146), 73, 49, -9999, -9999, 2304, ffffffff
006, LOC_CIVILIZATION_BABYLON_STK_NAME, UNIT_BABYLONIAN_SABUM_KIBITTUM (262146), 73, 49, -9999, -9999, 2370, ffffffff
006, LOC_CIVILIZATION_BABYLON_STK_NAME, UNIT_BABYLONIAN_SABUM_KIBITTUM (262146), 73, 49, -9999, -9999, 2370, ffffffff
006, LOC_CIVILIZATION_BABYLON_STK_NAME, UNIT_BABYLONIAN_SABUM_KIBITTUM (262146), 73, 49, -9999, -9999, 2320, ffffffff
006, LOC_CIVILIZATION_BABYLON_STK_NAME, UNIT_BABYLONIAN_SABUM_KIBITTUM (262146), 73, 49, -9999, -9999, 2321, ffffffff
006, LOC_CIVILIZATION_BABYLON_STK_NAME, UNIT_BABYLONIAN_SABUM_KIBITTUM (262146), 73, 49, -9999, -9999, 2304, ffffffff
006, LOC_CIVILIZATION_BABYLON_STK_NAME, UNIT_BABYLONIAN_SABUM_KIBITTUM (262146), 73, 49, -9999, -9999, 2370, ffffffff
006, LOC_CIVILIZATION_BABYLON_STK_NAME, UNIT_BABYLONIAN_SABUM_KIBITTUM (262146), 73, 49, 73, 48, 16656, 8834eef8
006, LOC_CIVILIZATION_BABYLON_STK_NAME, UNIT_BABYLONIAN_SABUM_KIBITTUM (262146), 73, 48, 71, 47, 16400, 4b5f704d
006, LOC_CIVILIZATION_BABYLON_STK_NAME, UNIT_BABYLONIAN_SABUM_KIBITTUM (196608), 77, 45, 77, 43, 16656, 16f9bfd7
006, LOC_CIVILIZATION_BABYLON_STK_NAME, UNIT_BABYLONIAN_SABUM_KIBITTUM (196608), 77, 45, -9999, -9999, 2320, ffffffff
006, LOC_CIVILIZATION_BABYLON_STK_NAME, UNIT_BABYLONIAN_SABUM_KIBITTUM (196608), 77, 45, -9999, -9999, 2321, ffffffff
006, LOC_CIVILIZATION_BABYLON_STK_NAME, UNIT_BABYLONIAN_SABUM_KIBITTUM (196608), 77, 45, -9999, -9999, 2304, ffffffff
006, LOC_CIVILIZATION_BABYLON_STK_NAME, UNIT_BABYLONIAN_SABUM_KIBITTUM (196608), 77, 45, -9999, -9999, 2370, ffffffff
006, LOC_CIVILIZATION_BABYLON_STK_NAME, UNIT_BABYLONIAN_SABUM_KIBITTUM (196608), 77, 45, 78, 45, 16656, 54ac3cae
006, LOC_CIVILIZATION_BABYLON_STK_NAME, UNIT_BABYLONIAN_SABUM_KIBITTUM (196608), 78, 45, -9999, -9999, 2064, ffffffff
006, LOC_CIVILIZATION_BABYLON_STK_NAME, UNIT_BABYLONIAN_SABUM_KIBITTUM (196608), 78, 45, -9999, -9999, 2065, ffffffff
006, LOC_CIVILIZATION_BABYLON_STK_NAME, UNIT_BABYLONIAN_SABUM_KIBITTUM (196608), 78, 45, -9999, -9999, 2048, ffffffff
006, LOC_CIVILIZATION_BABYLON_STK_NAME, UNIT_BABYLONIAN_SABUM_KIBITTUM (196608), 78, 45, -9999, -9999, 2114, ffffffff
006, LOC_CIVILIZATION_BABYLON_STK_NAME, UNIT_BABYLONIAN_SABUM_KIBITTUM (196608), 78, 45, -9999, -9999, 2064, ffffffff
006, LOC_CIVILIZATION_BABYLON_STK_NAME, UNIT_BABYLONIAN_SABUM_KIBITTUM (196608), 78, 45, -9999, -9999, 2065, ffffffff
006, LOC_CIVILIZATION_BABYLON_STK_NAME, UNIT_BABYLONIAN_SABUM_KIBITTUM (196608), 78, 45, -9999, -9999, 2048, ffffffff
006, LOC_CIVILIZATION_BABYLON_STK_NAME, UNIT_BABYLONIAN_SABUM_KIBITTUM (196608), 78, 45, -9999, -9999, 2114, ffffffff
006, LOC_CIVILIZATION_BABYLON_STK_NAME, UNIT_BABYLONIAN_SABUM_KIBITTUM (196608), 78, 45, 79, 45, 4, 8ab393de
006, LOC_CIVILIZATION_BABYLON_STK_NAME, UNIT_BABYLONIAN_SABUM_KIBITTUM (196608), 78, 45, 79, 45, 16400, 8ab393de
006, LOC_CIVILIZATION_BABYLON_STK_NAME, UNIT_BABYLONIAN_SABUM_KIBITTUM (196608), 78, 45, 79, 45, 4, 8ab393de
006, LOC_CIVILIZATION_BABYLON_STK_NAME, UNIT_BABYLONIAN_SABUM_KIBITTUM (196608), 79, 45, -9999, -9999, 2064, ffffffff
006, LOC_CIVILIZATION_BABYLON_STK_NAME, UNIT_BABYLONIAN_SABUM_KIBITTUM (196608), 79, 45, -9999, -9999, 2065, ffffffff
006, LOC_CIVILIZATION_BABYLON_STK_NAME, UNIT_BABYLONIAN_SABUM_KIBITTUM (196608), 79, 45, -9999, -9999, 2048, ffffffff
006, LOC_CIVILIZATION_BABYLON_STK_NAME, UNIT_BABYLONIAN_SABUM_KIBITTUM (196608), 79, 45, -9999, -9999, 2114, ffffffff
006, LOC_CIVILIZATION_BABYLON_STK_NAME, UNIT_BABYLONIAN_SABUM_KIBITTUM (196608), 79, 45, -9999, -9999, 2064, ffffffff
006, LOC_CIVILIZATION_BABYLON_STK_NAME, UNIT_BABYLONIAN_SABUM_KIBITTUM (196608), 79, 45, -9999, -9999, 2065, ffffffff
006, LOC_CIVILIZATION_BABYLON_STK_NAME, UNIT_BABYLONIAN_SABUM_KIBITTUM (196608), 79, 45, -9999, -9999, 2048, ffffffff
006, LOC_CIVILIZATION_BABYLON_STK_NAME, UNIT_BABYLONIAN_SABUM_KIBITTUM (196608), 79, 45, -9999, -9999, 2114, ffffffff
006, LOC_CIVILIZATION_BABYLON_STK_NAME, UNIT_BABYLONIAN_SABUM_KIBITTUM (196608), 79, 45, 80, 44, 4, 5cc80499
006, LOC_CIVILIZATION_BABYLON_STK_NAME, UNIT_BABYLONIAN_SABUM_KIBITTUM (196608), 79, 45, 80, 44, 16400, 5cc80499
006, LOC_CIVILIZATION_BABYLON_STK_NAME, UNIT_BABYLONIAN_SABUM_KIBITTUM (196608), 79, 45, 80, 44, 4, 5cc80499
006, LOC_CIVILIZATION_BABYLON_STK_NAME, UNIT_BABYLONIAN_SABUM_KIBITTUM (196608), 80, 44, 81, 46, 16400, 6e489db2
006, LOC_CIVILIZATION_BABYLON_STK_NAME, UNIT_BABYLONIAN_SABUM_KIBITTUM (262146), 73, 48, 71, 47, 16400, 4b5f704d
006, LOC_CIVILIZATION_BABYLON_STK_NAME, UNIT_WARRIOR (131073), 73, 54, 71, 55, 16656,  da54584
006, LOC_CIVILIZATION_BABYLON_STK_NAME, UNIT_WARRIOR (131073), 73, 54, -9999, -9999, 2320, ffffffff
006, LOC_CIVILIZATION_BABYLON_STK_NAME, UNIT_WARRIOR (131073), 73, 54, -9999, -9999, 2321, ffffffff
006, LOC_CIVILIZATION_BABYLON_STK_NAME, UNIT_WARRIOR (131073), 73, 54, -9999, -9999, 2304, ffffffff
006, LOC_CIVILIZATION_BABYLON_STK_NAME, UNIT_WARRIOR (131073), 73, 54, -9999, -9999, 2370, ffffffff
006, LOC_CIVILIZATION_BABYLON_STK_NAME, UNIT_WARRIOR (131073), 73, 54, 72, 54, 16656, dd869bbc
006, LOC_CIVILIZATION_BABYLON_STK_NAME, UNIT_WARRIOR (131073), 72, 54, -9999, -9999, 2064, ffffffff
006, LOC_CIVILIZATION_BABYLON_STK_NAME, UNIT_WARRIOR (131073), 72, 54, -9999, -9999, 2065, ffffffff
006, LOC_CIVILIZATION_BABYLON_STK_NAME, UNIT_WARRIOR (131073), 72, 54, -9999, -9999, 2048, ffffffff
006, LOC_CIVILIZATION_BABYLON_STK_NAME, UNIT_WARRIOR (131073), 72, 54, -9999, -9999, 2114, ffffffff
006, LOC_CIVILIZATION_BABYLON_STK_NAME, UNIT_WARRIOR (131073), 72, 54, -9999, -9999, 2064, ffffffff
006, LOC_CIVILIZATION_BABYLON_STK_NAME, UNIT_WARRIOR (131073), 72, 54, -9999, -9999, 2065, ffffffff
006, LOC_CIVILIZATION_BABYLON_STK_NAME, UNIT_WARRIOR (131073), 72, 54, -9999, -9999, 2048, ffffffff
006, LOC_CIVILIZATION_BABYLON_STK_NAME, UNIT_WARRIOR (131073), 72, 54, -9999, -9999, 2114, ffffffff
006, LOC_CIVILIZATION_BABYLON_STK_NAME, UNIT_WARRIOR (131073), 72, 54, 71, 55, 4, 77463dd0
006, LOC_CIVILIZATION_BABYLON_STK_NAME, UNIT_WARRIOR (131073), 72, 54, 71, 55, 16400, 77463dd0
006, LOC_CIVILIZATION_BABYLON_STK_NAME, UNIT_WARRIOR (131073), 72, 54, 71, 55, 4, 77463dd0
006, LOC_CIVILIZATION_BABYLON_STK_NAME, UNIT_WARRIOR (131073), 71, 55, 72, 57, 16400, a236cd44
006, LOC_CIVILIZATION_BABYLON_STK_NAME, UNIT_BABYLONIAN_SABUM_KIBITTUM (262146), 73, 48, 71, 47, 16400, 4b5f704d
007, LOC_CIVILIZATION_BABYLON_STK_NAME, UNIT_BABYLONIAN_SABUM_KIBITTUM (262146), 73, 48, 71, 47, 16656, 4b5f704d
007, LOC_CIVILIZATION_BABYLON_STK_NAME, UNIT_BABYLONIAN_SABUM_KIBITTUM (262146), 73, 48, -9999, -9999, 2320, ffffffff
007, LOC_CIVILIZATION_BABYLON_STK_NAME, UNIT_BABYLONIAN_SABUM_KIBITTUM (262146), 73, 48, -9999, -9999, 2321, ffffffff
007, LOC_CIVILIZATION_BABYLON_STK_NAME, UNIT_BABYLONIAN_SABUM_KIBITTUM (262146), 73, 48, -9999, -9999, 2304, ffffffff
007, LOC_CIVILIZATION_BABYLON_STK_NAME, UNIT_BABYLONIAN_SABUM_KIBITTUM (262146), 73, 48, -9999, -9999, 2370, ffffffff
007, LOC_CIVILIZATION_BABYLON_STK_NAME, UNIT_BABYLONIAN_SABUM_KIBITTUM (262146), 73, 48, -9999, -9999, 2370, ffffffff
007, LOC_CIVILIZATION_BABYLON_STK_NAME, UNIT_BABYLONIAN_SABUM_KIBITTUM (262146), 73, 48, 72, 47, 16656, af056f69
007, LOC_CIVILIZATION_BABYLON_STK_NAME, UNIT_BABYLONIAN_SABUM_KIBITTUM (262146), 72, 47, -9999, -9999, 2064, ffffffff
007, LOC_CIVILIZATION_BABYLON_STK_NAME, UNIT_BABYLONIAN_SABUM_KIBITTUM (262146), 72, 47, -9999, -9999, 2065, ffffffff
007, LOC_CIVILIZATION_BABYLON_STK_NAME, UNIT_BABYLONIAN_SABUM_KIBITTUM (262146), 72, 47, -9999, -9999, 2048, ffffffff
007, LOC_CIVILIZATION_BABYLON_STK_NAME, UNIT_BABYLONIAN_SABUM_KIBITTUM (262146), 72, 47, -9999, -9999, 2114, ffffffff
007, LOC_CIVILIZATION_BABYLON_STK_NAME, UNIT_BABYLONIAN_SABUM_KIBITTUM (262146), 72, 47, -9999, -9999, 2064, ffffffff
007, LOC_CIVILIZATION_BABYLON_STK_NAME, UNIT_BABYLONIAN_SABUM_KIBITTUM (262146), 72, 47, -9999, -9999, 2065, ffffffff
007, LOC_CIVILIZATION_BABYLON_STK_NAME, UNIT_BABYLONIAN_SABUM_KIBITTUM (262146), 72, 47, -9999, -9999, 2048, ffffffff
007, LOC_CIVILIZATION_BABYLON_STK_NAME, UNIT_BABYLONIAN_SABUM_KIBITTUM (262146), 72, 47, -9999, -9999, 2114, ffffffff
007, LOC_CIVILIZATION_BABYLON_STK_NAME, UNIT_BABYLONIAN_SABUM_KIBITTUM (262146), 72, 47, 71, 47, 4,  3c3143e
007, LOC_CIVILIZATION_BABYLON_STK_NAME, UNIT_BABYLONIAN_SABUM_KIBITTUM (262146), 72, 47, 71, 47, 16400,  3c3143e
007, LOC_CIVILIZATION_BABYLON_STK_NAME, UNIT_BABYLONIAN_SABUM_KIBITTUM (262146), 72, 47, 71, 47, 4,  3c3143e
007, LOC_CIVILIZATION_BABYLON_STK_NAME, UNIT_BABYLONIAN_SABUM_KIBITTUM (262146), 71, 47, -9999, -9999, 2064, ffffffff
007, LOC_CIVILIZATION_BABYLON_STK_NAME, UNIT_BABYLONIAN_SABUM_KIBITTUM (262146), 71, 47, -9999, -9999, 2065, ffffffff
007, LOC_CIVILIZATION_BABYLON_STK_NAME, UNIT_BABYLONIAN_SABUM_KIBITTUM (262146), 71, 47, -9999, -9999, 2048, ffffffff
007, LOC_CIVILIZATION_BABYLON_STK_NAME, UNIT_BABYLONIAN_SABUM_KIBITTUM (262146), 71, 47, -9999, -9999, 2114, ffffffff
007, LOC_CIVILIZATION_BABYLON_STK_NAME, UNIT_BABYLONIAN_SABUM_KIBITTUM (262146), 71, 47, -9999, -9999, 2064, ffffffff
007, LOC_CIVILIZATION_BABYLON_STK_NAME, UNIT_BABYLONIAN_SABUM_KIBITTUM (262146), 71, 47, -9999, -9999, 2065, ffffffff
007, LOC_CIVILIZATION_BABYLON_STK_NAME, UNIT_BABYLONIAN_SABUM_KIBITTUM (262146), 71, 47, -9999, -9999, 2048, ffffffff
007, LOC_CIVILIZATION_BABYLON_STK_NAME, UNIT_BABYLONIAN_SABUM_KIBITTUM (262146), 71, 47, -9999, -9999, 2114, ffffffff
007, LOC_CIVILIZATION_BABYLON_STK_NAME, UNIT_BABYLONIAN_SABUM_KIBITTUM (262146), 71, 47, 70, 47, 4, 970a04f6
007, LOC_CIVILIZATION_BABYLON_STK_NAME, UNIT_BABYLONIAN_SABUM_KIBITTUM (262146), 71, 47, 70, 47, 16400, 970a04f6
007, LOC_CIVILIZATION_BABYLON_STK_NAME, UNIT_BABYLONIAN_SABUM_KIBITTUM (262146), 71, 47, 70, 47, 4, 970a04f6
007, LOC_CIVILIZATION_BABYLON_STK_NAME, UNIT_BABYLONIAN_SABUM_KIBITTUM (262146), 70, 47, 69, 49, 16400, f6628b17
007, LOC_CIVILIZATION_BABYLON_STK_NAME, UNIT_BABYLONIAN_SABUM_KIBITTUM (196608), 80, 44, 81, 46, 16656, 6e489db2
007, LOC_CIVILIZATION_BABYLON_STK_NAME, UNIT_BABYLONIAN_SABUM_KIBITTUM (196608), 80, 44, -9999, -9999, 2320, ffffffff
007, LOC_CIVILIZATION_BABYLON_STK_NAME, UNIT_BABYLONIAN_SABUM_KIBITTUM (196608), 80, 44, -9999, -9999, 2321, ffffffff
007, LOC_CIVILIZATION_BABYLON_STK_NAME, UNIT_BABYLONIAN_SABUM_KIBITTUM (196608), 80, 44, -9999, -9999, 2304, ffffffff
007, LOC_CIVILIZATION_BABYLON_STK_NAME, UNIT_BABYLONIAN_SABUM_KIBITTUM (196608), 80, 44, -9999, -9999, 2370, ffffffff
007, LOC_CIVILIZATION_BABYLON_STK_NAME, UNIT_BABYLONIAN_SABUM_KIBITTUM (196608), 81, 46, -9999, -9999, 2064, ffffffff
007, LOC_CIVILIZATION_BABYLON_STK_NAME, UNIT_BABYLONIAN_SABUM_KIBITTUM (196608), 81, 46, -9999, -9999, 2065, ffffffff
007, LOC_CIVILIZATION_BABYLON_STK_NAME, UNIT_BABYLONIAN_SABUM_KIBITTUM (196608), 81, 46, -9999, -9999, 2048, ffffffff
007, LOC_CIVILIZATION_BABYLON_STK_NAME, UNIT_BABYLONIAN_SABUM_KIBITTUM (196608), 81, 46, -9999, -9999, 2114, ffffffff
007, LOC_CIVILIZATION_BABYLON_STK_NAME, UNIT_BABYLONIAN_SABUM_KIBITTUM (196608), 81, 46, -9999, -9999, 2064, ffffffff
007, LOC_CIVILIZATION_BABYLON_STK_NAME, UNIT_BABYLONIAN_SABUM_KIBITTUM (196608), 81, 46, -9999, -9999, 2065, ffffffff
007, LOC_CIVILIZATION_BABYLON_STK_NAME, UNIT_BABYLONIAN_SABUM_KIBITTUM (196608), 81, 46, -9999, -9999, 2048, ffffffff
007, LOC_CIVILIZATION_BABYLON_STK_NAME, UNIT_BABYLONIAN_SABUM_KIBITTUM (196608), 81, 46, -9999, -9999, 2064, ffffffff
007, LOC_CIVILIZATION_BABYLON_STK_NAME, UNIT_BABYLONIAN_SABUM_KIBITTUM (196608), 81, 46, -9999, -9999, 2065, ffffffff
007, LOC_CIVILIZATION_BABYLON_STK_NAME, UNIT_BABYLONIAN_SABUM_KIBITTUM (196608), 81, 46, -9999, -9999, 2048, ffffffff
007, LOC_CIVILIZATION_BABYLON_STK_NAME, UNIT_BABYLONIAN_SABUM_KIBITTUM (196608), 81, 46, -9999, -9999, 2114, ffffffff
007, LOC_CIVILIZATION_BABYLON_STK_NAME, UNIT_BABYLONIAN_SABUM_KIBITTUM (196608), 81, 46, 82, 46, 4, c8ced180
007, LOC_CIVILIZATION_BABYLON_STK_NAME, UNIT_BABYLONIAN_SABUM_KIBITTUM (196608), 81, 46, 82, 46, 16400, c8ced180
007, LOC_CIVILIZATION_BABYLON_STK_NAME, UNIT_BABYLONIAN_SABUM_KIBITTUM (196608), 81, 46, 82, 46, 4, c8ced180
007, LOC_CIVILIZATION_BABYLON_STK_NAME, UNIT_BABYLONIAN_SABUM_KIBITTUM (196608), 82, 46, 82, 48, 16400, b763f266
007, LOC_CIVILIZATION_BABYLON_STK_NAME, UNIT_WARRIOR (131073), 71, 55, 72, 57, 16656, a236cd44
007, LOC_CIVILIZATION_BABYLON_STK_NAME, UNIT_WARRIOR (131073), 71, 55, -9999, -9999, 2320, ffffffff
007, LOC_CIVILIZATION_BABYLON_STK_NAME, UNIT_WARRIOR (131073), 71, 55, -9999, -9999, 2321, ffffffff
007, LOC_CIVILIZATION_BABYLON_STK_NAME, UNIT_WARRIOR (131073), 71, 55, -9999, -9999, 2304, ffffffff
007, LOC_CIVILIZATION_BABYLON_STK_NAME, UNIT_WARRIOR (131073), 71, 55, -9999, -9999, 2370, ffffffff
007, LOC_CIVILIZATION_BABYLON_STK_NAME, UNIT_WARRIOR (131073), 71, 55, 72, 56, 16656, 1e48bcbe
007, LOC_CIVILIZATION_BABYLON_STK_NAME, UNIT_WARRIOR (131073), 72, 56, -9999, -9999, 2064, ffffffff
007, LOC_CIVILIZATION_BABYLON_STK_NAME, UNIT_WARRIOR (131073), 72, 56, -9999, -9999, 2065, ffffffff
007, LOC_CIVILIZATION_BABYLON_STK_NAME, UNIT_WARRIOR (131073), 72, 56, -9999, -9999, 2048, ffffffff
007, LOC_CIVILIZATION_BABYLON_STK_NAME, UNIT_WARRIOR (131073), 72, 56, -9999, -9999, 2114, ffffffff
007, LOC_CIVILIZATION_BABYLON_STK_NAME, UNIT_WARRIOR (131073), 72, 56, -9999, -9999, 2064, ffffffff
007, LOC_CIVILIZATION_BABYLON_STK_NAME, UNIT_WARRIOR (131073), 72, 56, -9999, -9999, 2065, ffffffff
007, LOC_CIVILIZATION_BABYLON_STK_NAME, UNIT_WARRIOR (131073), 72, 56, -9999, -9999, 2048, ffffffff
007, LOC_CIVILIZATION_BABYLON_STK_NAME, UNIT_WARRIOR (131073), 72, 56, -9999, -9999, 2114, ffffffff
007, LOC_CIVILIZATION_BABYLON_STK_NAME, UNIT_WARRIOR (131073), 72, 56, 72, 57, 4,  aef6382
007, LOC_CIVILIZATION_BABYLON_STK_NAME, UNIT_WARRIOR (131073), 72, 56, 72, 57, 16400,  aef6382
007, LOC_CIVILIZATION_BABYLON_STK_NAME, UNIT_WARRIOR (131073), 72, 56, 72, 57, 4,  aef6382
007, LOC_CIVILIZATION_BABYLON_STK_NAME, UNIT_WARRIOR (131073), 72, 57, 73, 58, 16400, 59ca20f3
007, LOC_CIVILIZATION_BABYLON_STK_NAME, UNIT_WARRIOR (131073), 72, 57, 73, 58, 16400, 59ca20f3
007, LOC_CIVILIZATION_BABYLON_STK_NAME, UNIT_BABYLONIAN_SABUM_KIBITTUM (262146), 70, 47, 69, 49, 16400, f6628b17
007, LOC_CIVILIZATION_BABYLON_STK_NAME, UNIT_BABYLONIAN_SABUM_KIBITTUM (196608), 82, 46, 82, 48, 16400, b763f266
007, LOC_CIVILIZATION_BABYLON_STK_NAME, UNIT_WARRIOR (131073), 72, 57, 73, 58, 16400, 59ca20f3
008, LOC_CIVILIZATION_BABYLON_STK_NAME, UNIT_BABYLONIAN_SABUM_KIBITTUM (262146), 70, 47, 69, 49, 16656, f6628b17
008, LOC_CIVILIZATION_BABYLON_STK_NAME, UNIT_BABYLONIAN_SABUM_KIBITTUM (262146), 70, 47, -9999, -9999, 2320, ffffffff
008, LOC_CIVILIZATION_BABYLON_STK_NAME, UNIT_BABYLONIAN_SABUM_KIBITTUM (262146), 70, 47, -9999, -9999, 2321, ffffffff
008, LOC_CIVILIZATION_BABYLON_STK_NAME, UNIT_BABYLONIAN_SABUM_KIBITTUM (262146), 70, 47, -9999, -9999, 2304, ffffffff
008, LOC_CIVILIZATION_BABYLON_STK_NAME, UNIT_BABYLONIAN_SABUM_KIBITTUM (262146), 70, 47, -9999, -9999, 2370, ffffffff
008, LOC_CIVILIZATION_BABYLON_STK_NAME, UNIT_BABYLONIAN_SABUM_KIBITTUM (262146), 70, 47, -9999, -9999, 2370, ffffffff
008, LOC_CIVILIZATION_BABYLON_STK_NAME, UNIT_BABYLONIAN_SABUM_KIBITTUM (262146), 70, 47, 70, 48, 16656, dd36d3dd
008, LOC_CIVILIZATION_BABYLON_STK_NAME, UNIT_BABYLONIAN_SABUM_KIBITTUM (262146), 70, 48, -9999, -9999, 2064, ffffffff
008, LOC_CIVILIZATION_BABYLON_STK_NAME, UNIT_BABYLONIAN_SABUM_KIBITTUM (262146), 70, 48, -9999, -9999, 2065, ffffffff
008, LOC_CIVILIZATION_BABYLON_STK_NAME, UNIT_BABYLONIAN_SABUM_KIBITTUM (262146), 70, 48, -9999, -9999, 2048, ffffffff
008, LOC_CIVILIZATION_BABYLON_STK_NAME, UNIT_BABYLONIAN_SABUM_KIBITTUM (262146), 70, 48, -9999, -9999, 2114, ffffffff
008, LOC_CIVILIZATION_BABYLON_STK_NAME, UNIT_BABYLONIAN_SABUM_KIBITTUM (262146), 70, 48, -9999, -9999, 2064, ffffffff
008, LOC_CIVILIZATION_BABYLON_STK_NAME, UNIT_BABYLONIAN_SABUM_KIBITTUM (262146), 70, 48, -9999, -9999, 2065, ffffffff
008, LOC_CIVILIZATION_BABYLON_STK_NAME, UNIT_BABYLONIAN_SABUM_KIBITTUM (262146), 70, 48, -9999, -9999, 2048, ffffffff
008, LOC_CIVILIZATION_BABYLON_STK_NAME, UNIT_BABYLONIAN_SABUM_KIBITTUM (262146), 70, 48, -9999, -9999, 2114, ffffffff
008, LOC_CIVILIZATION_BABYLON_STK_NAME, UNIT_BABYLONIAN_SABUM_KIBITTUM (262146), 70, 48, 69, 48, 4, 9ee3daa0
008, LOC_CIVILIZATION_BABYLON_STK_NAME, UNIT_BABYLONIAN_SABUM_KIBITTUM (262146), 70, 48, 69, 48, 16400, 9ee3daa0
008, LOC_CIVILIZATION_BABYLON_STK_NAME, UNIT_BABYLONIAN_SABUM_KIBITTUM (262146), 70, 48, 69, 49, 4, afe5ea40
008, LOC_CIVILIZATION_BABYLON_STK_NAME, UNIT_BABYLONIAN_SABUM_KIBITTUM (262146), 70, 48, 69, 49, 16400, afe5ea40
008, LOC_CIVILIZATION_BABYLON_STK_NAME, UNIT_BABYLONIAN_SABUM_KIBITTUM (262146), 70, 48, 69, 48, 4, 9ee3daa0
008, LOC_CIVILIZATION_BABYLON_STK_NAME, UNIT_BABYLONIAN_SABUM_KIBITTUM (262146), 70, 48, 69, 48, 16400, 9ee3daa0
008, LOC_CIVILIZATION_BABYLON_STK_NAME, UNIT_BABYLONIAN_SABUM_KIBITTUM (262146), 70, 48, 69, 48, 4, 9ee3daa0
008, LOC_CIVILIZATION_BABYLON_STK_NAME, UNIT_BABYLONIAN_SABUM_KIBITTUM (262146), 69, 48, -9999, -9999, 2064, ffffffff
008, LOC_CIVILIZATION_BABYLON_STK_NAME, UNIT_BABYLONIAN_SABUM_KIBITTUM (262146), 69, 48, -9999, -9999, 2065, ffffffff
008, LOC_CIVILIZATION_BABYLON_STK_NAME, UNIT_BABYLONIAN_SABUM_KIBITTUM (262146), 69, 48, -9999, -9999, 2048, ffffffff
008, LOC_CIVILIZATION_BABYLON_STK_NAME, UNIT_BABYLONIAN_SABUM_KIBITTUM (262146), 69, 48, -9999, -9999, 2114, ffffffff
008, LOC_CIVILIZATION_BABYLON_STK_NAME, UNIT_BABYLONIAN_SABUM_KIBITTUM (262146), 69, 48, -9999, -9999, 2064, ffffffff
008, LOC_CIVILIZATION_BABYLON_STK_NAME, UNIT_BABYLONIAN_SABUM_KIBITTUM (262146), 69, 48, -9999, -9999, 2065, ffffffff
008, LOC_CIVILIZATION_BABYLON_STK_NAME, UNIT_BABYLONIAN_SABUM_KIBITTUM (262146), 69, 48, -9999, -9999, 2048, ffffffff
008, LOC_CIVILIZATION_BABYLON_STK_NAME, UNIT_BABYLONIAN_SABUM_KIBITTUM (262146), 69, 48, -9999, -9999, 2114, ffffffff
008, LOC_CIVILIZATION_BABYLON_STK_NAME, UNIT_BABYLONIAN_SABUM_KIBITTUM (262146), 69, 48, 69, 49, 4, 470aa6eb
008, LOC_CIVILIZATION_BABYLON_STK_NAME, UNIT_BABYLONIAN_SABUM_KIBITTUM (262146), 69, 48, 69, 49, 16400, 470aa6eb
008, LOC_CIVILIZATION_BABYLON_STK_NAME, UNIT_BABYLONIAN_SABUM_KIBITTUM (262146), 69, 48, 69, 49, 4, 470aa6eb
008, LOC_CIVILIZATION_BABYLON_STK_NAME, UNIT_BABYLONIAN_SABUM_KIBITTUM (262146), 69, 49, -9999, -9999, 2114, ffffffff
008, LOC_CIVILIZATION_BABYLON_STK_NAME, UNIT_BABYLONIAN_SABUM_KIBITTUM (262146), 69, 49, 70, 51, 0,  ffd7670
008, LOC_CIVILIZATION_BABYLON_STK_NAME, UNIT_BABYLONIAN_SABUM_KIBITTUM (262146), 69, 49, -9999, -9999, 2064, ffffffff
008, LOC_CIVILIZATION_BABYLON_STK_NAME, UNIT_BABYLONIAN_SABUM_KIBITTUM (262146), 69, 49, -9999, -9999, 2065, ffffffff
008, LOC_CIVILIZATION_BABYLON_STK_NAME, UNIT_BABYLONIAN_SABUM_KIBITTUM (262146), 69, 49, -9999, -9999, 2048, ffffffff
008, LOC_CIVILIZATION_BABYLON_STK_NAME, UNIT_BABYLONIAN_SABUM_KIBITTUM (262146), 69, 49, 68, 50, 16400, 99112288
008, LOC_CIVILIZATION_BABYLON_STK_NAME, UNIT_BABYLONIAN_SABUM_KIBITTUM (196608), 82, 46, 82, 48, 16656, b763f266
008, LOC_CIVILIZATION_BABYLON_STK_NAME, UNIT_BABYLONIAN_SABUM_KIBITTUM (196608), 82, 46, -9999, -9999, 2320, ffffffff
008, LOC_CIVILIZATION_BABYLON_STK_NAME, UNIT_BABYLONIAN_SABUM_KIBITTUM (196608), 82, 46, -9999, -9999, 2321, ffffffff
008, LOC_CIVILIZATION_BABYLON_STK_NAME, UNIT_BABYLONIAN_SABUM_KIBITTUM (196608), 82, 46, -9999, -9999, 2304, ffffffff
008, LOC_CIVILIZATION_BABYLON_STK_NAME, UNIT_BABYLONIAN_SABUM_KIBITTUM (196608), 82, 46, -9999, -9999, 2370, ffffffff
008, LOC_CIVILIZATION_BABYLON_STK_NAME, UNIT_BABYLONIAN_SABUM_KIBITTUM (196608), 82, 46, 82, 47, 16656, 1127adcb
008, LOC_CIVILIZATION_BABYLON_STK_NAME, UNIT_BABYLONIAN_SABUM_KIBITTUM (196608), 82, 47, -9999, -9999, 2064, ffffffff
008, LOC_CIVILIZATION_BABYLON_STK_NAME, UNIT_BABYLONIAN_SABUM_KIBITTUM (196608), 82, 47, -9999, -9999, 2065, ffffffff
008, LOC_CIVILIZATION_BABYLON_STK_NAME, UNIT_BABYLONIAN_SABUM_KIBITTUM (196608), 82, 47, -9999, -9999, 2048, ffffffff
008, LOC_CIVILIZATION_BABYLON_STK_NAME, UNIT_BABYLONIAN_SABUM_KIBITTUM (196608), 82, 47, -9999, -9999, 2114, ffffffff
008, LOC_CIVILIZATION_BABYLON_STK_NAME, UNIT_BABYLONIAN_SABUM_KIBITTUM (196608), 82, 47, -9999, -9999, 2064, ffffffff
008, LOC_CIVILIZATION_BABYLON_STK_NAME, UNIT_BABYLONIAN_SABUM_KIBITTUM (196608), 82, 47, -9999, -9999, 2065, ffffffff
008, LOC_CIVILIZATION_BABYLON_STK_NAME, UNIT_BABYLONIAN_SABUM_KIBITTUM (196608), 82, 47, -9999, -9999, 2048, ffffffff
008, LOC_CIVILIZATION_BABYLON_STK_NAME, UNIT_BABYLONIAN_SABUM_KIBITTUM (196608), 82, 47, -9999, -9999, 2114, ffffffff
008, LOC_CIVILIZATION_BABYLON_STK_NAME, UNIT_BABYLONIAN_SABUM_KIBITTUM (196608), 82, 47, 82, 48, 4, fabc2cc4
008, LOC_CIVILIZATION_BABYLON_STK_NAME, UNIT_BABYLONIAN_SABUM_KIBITTUM (196608), 82, 47, 82, 48, 16400, fabc2cc4
008, LOC_CIVILIZATION_BABYLON_STK_NAME, UNIT_BABYLONIAN_SABUM_KIBITTUM (196608), 82, 47, 82, 48, 4, fabc2cc4
008, LOC_CIVILIZATION_BABYLON_STK_NAME, UNIT_BABYLONIAN_SABUM_KIBITTUM (196608), 82, 48, -9999, -9999, 2064, ffffffff
008, LOC_CIVILIZATION_BABYLON_STK_NAME, UNIT_BABYLONIAN_SABUM_KIBITTUM (196608), 82, 48, -9999, -9999, 2065, ffffffff
008, LOC_CIVILIZATION_BABYLON_STK_NAME, UNIT_BABYLONIAN_SABUM_KIBITTUM (196608), 82, 48, -9999, -9999, 2048, ffffffff
008, LOC_CIVILIZATION_BABYLON_STK_NAME, UNIT_BABYLONIAN_SABUM_KIBITTUM (196608), 82, 48, -9999, -9999, 2114, ffffffff
008, LOC_CIVILIZATION_BABYLON_STK_NAME, UNIT_BABYLONIAN_SABUM_KIBITTUM (196608), 82, 48, -9999, -9999, 2064, ffffffff
008, LOC_CIVILIZATION_BABYLON_STK_NAME, UNIT_BABYLONIAN_SABUM_KIBITTUM (196608), 82, 48, -9999, -9999, 2065, ffffffff
008, LOC_CIVILIZATION_BABYLON_STK_NAME, UNIT_BABYLONIAN_SABUM_KIBITTUM (196608), 82, 48, -9999, -9999, 2048, ffffffff
008, LOC_CIVILIZATION_BABYLON_STK_NAME, UNIT_BABYLONIAN_SABUM_KIBITTUM (196608), 82, 48, -9999, -9999, 2114, ffffffff
008, LOC_CIVILIZATION_BABYLON_STK_NAME, UNIT_BABYLONIAN_SABUM_KIBITTUM (196608), 82, 48, 81, 49, 4, 7235f61c
008, LOC_CIVILIZATION_BABYLON_STK_NAME, UNIT_BABYLONIAN_SABUM_KIBITTUM (196608), 82, 48, 81, 49, 16400, 7235f61c
008, LOC_CIVILIZATION_BABYLON_STK_NAME, UNIT_BABYLONIAN_SABUM_KIBITTUM (196608), 82, 48, 81, 49, 4, 7235f61c
008, LOC_CIVILIZATION_BABYLON_STK_NAME, UNIT_BABYLONIAN_SABUM_KIBITTUM (196608), 81, 49, 81, 52, 16400, 86c73323
008, LOC_CIVILIZATION_BABYLON_STK_NAME, UNIT_BABYLONIAN_SABUM_KIBITTUM (262146), 69, 49, 68, 50, 16400, 99112288
008, LOC_CIVILIZATION_BABYLON_STK_NAME, UNIT_BABYLONIAN_SABUM_KIBITTUM (196608), 81, 49, 81, 52, 16400, 86c73323
009, LOC_CIVILIZATION_BABYLON_STK_NAME, UNIT_WARRIOR (131073), 73, 58, -9999, -9999, 2320, ffffffff
009, LOC_CIVILIZATION_BABYLON_STK_NAME, UNIT_WARRIOR (131073), 73, 58, -9999, -9999, 2321, ffffffff
009, LOC_CIVILIZATION_BABYLON_STK_NAME, UNIT_WARRIOR (131073), 73, 58, -9999, -9999, 2304, ffffffff
009, LOC_CIVILIZATION_BABYLON_STK_NAME, UNIT_WARRIOR (131073), 73, 58, -9999, -9999, 2370, ffffffff
009, LOC_CIVILIZATION_BABYLON_STK_NAME, UNIT_WARRIOR (131073), 73, 58, -9999, -9999, 2370, ffffffff
009, LOC_CIVILIZATION_BABYLON_STK_NAME, UNIT_BABYLONIAN_SABUM_KIBITTUM (262146), 69, 49, 68, 50, 16656, 99112288
009, LOC_CIVILIZATION_BABYLON_STK_NAME, UNIT_BABYLONIAN_SABUM_KIBITTUM (262146), 69, 49, -9999, -9999, 2320, ffffffff
009, LOC_CIVILIZATION_BABYLON_STK_NAME, UNIT_BABYLONIAN_SABUM_KIBITTUM (262146), 69, 49, -9999, -9999, 2321, ffffffff
009, LOC_CIVILIZATION_BABYLON_STK_NAME, UNIT_BABYLONIAN_SABUM_KIBITTUM (262146), 69, 49, -9999, -9999, 2304, ffffffff
009, LOC_CIVILIZATION_BABYLON_STK_NAME, UNIT_BABYLONIAN_SABUM_KIBITTUM (262146), 69, 49, -9999, -9999, 2370, ffffffff
009, LOC_CIVILIZATION_BABYLON_STK_NAME, UNIT_BABYLONIAN_SABUM_KIBITTUM (262146), 69, 49, 69, 50, 16656, d885e504
009, LOC_CIVILIZATION_BABYLON_STK_NAME, UNIT_BABYLONIAN_SABUM_KIBITTUM (262146), 69, 50, -9999, -9999, 2064, ffffffff
009, LOC_CIVILIZATION_BABYLON_STK_NAME, UNIT_BABYLONIAN_SABUM_KIBITTUM (262146), 69, 50, -9999, -9999, 2065, ffffffff
009, LOC_CIVILIZATION_BABYLON_STK_NAME, UNIT_BABYLONIAN_SABUM_KIBITTUM (262146), 69, 50, -9999, -9999, 2048, ffffffff
009, LOC_CIVILIZATION_BABYLON_STK_NAME, UNIT_BABYLONIAN_SABUM_KIBITTUM (262146), 69, 50, -9999, -9999, 2114, ffffffff
009, LOC_CIVILIZATION_BABYLON_STK_NAME, UNIT_BABYLONIAN_SABUM_KIBITTUM (262146), 69, 50, -9999, -9999, 2064, ffffffff
009, LOC_CIVILIZATION_BABYLON_STK_NAME, UNIT_BABYLONIAN_SABUM_KIBITTUM (262146), 69, 50, -9999, -9999, 2065, ffffffff
009, LOC_CIVILIZATION_BABYLON_STK_NAME, UNIT_BABYLONIAN_SABUM_KIBITTUM (262146), 69, 50, -9999, -9999, 2048, ffffffff
009, LOC_CIVILIZATION_BABYLON_STK_NAME, UNIT_BABYLONIAN_SABUM_KIBITTUM (262146), 69, 50, -9999, -9999, 2114, ffffffff
009, LOC_CIVILIZATION_BABYLON_STK_NAME, UNIT_BABYLONIAN_SABUM_KIBITTUM (262146), 69, 50, -9999, -9999, 2064, ffffffff
009, LOC_CIVILIZATION_BABYLON_STK_NAME, UNIT_BABYLONIAN_SABUM_KIBITTUM (262146), 69, 50, -9999, -9999, 2065, ffffffff
009, LOC_CIVILIZATION_BABYLON_STK_NAME, UNIT_BABYLONIAN_SABUM_KIBITTUM (262146), 69, 50, -9999, -9999, 2048, ffffffff
009, LOC_CIVILIZATION_BABYLON_STK_NAME, UNIT_BABYLONIAN_SABUM_KIBITTUM (262146), 69, 50, -9999, -9999, 2114, ffffffff
009, LOC_CIVILIZATION_BABYLON_STK_NAME, UNIT_BABYLONIAN_SABUM_KIBITTUM (262146), 69, 50, 68, 51, 4, f45e65fc
009, LOC_CIVILIZATION_BABYLON_STK_NAME, UNIT_BABYLONIAN_SABUM_KIBITTUM (262146), 69, 50, 68, 51, 16400, f45e65fc
009, LOC_CIVILIZATION_BABYLON_STK_NAME, UNIT_BABYLONIAN_SABUM_KIBITTUM (262146), 69, 50, 68, 51, 4, f45e65fc
009, LOC_CIVILIZATION_BABYLON_STK_NAME, UNIT_BABYLONIAN_SABUM_KIBITTUM (262146), 68, 51, -9999, -9999, 2064, ffffffff
009, LOC_CIVILIZATION_BABYLON_STK_NAME, UNIT_BABYLONIAN_SABUM_KIBITTUM (262146), 68, 51, -9999, -9999, 2065, ffffffff
009, LOC_CIVILIZATION_BABYLON_STK_NAME, UNIT_BABYLONIAN_SABUM_KIBITTUM (262146), 68, 51, -9999, -9999, 2048, ffffffff
009, LOC_CIVILIZATION_BABYLON_STK_NAME, UNIT_BABYLONIAN_SABUM_KIBITTUM (262146), 68, 51, -9999, -9999, 2114, ffffffff
009, LOC_CIVILIZATION_BABYLON_STK_NAME, UNIT_BABYLONIAN_SABUM_KIBITTUM (262146), 68, 51, -9999, -9999, 2064, ffffffff
009, LOC_CIVILIZATION_BABYLON_STK_NAME, UNIT_BABYLONIAN_SABUM_KIBITTUM (262146), 68, 51, -9999, -9999, 2065, ffffffff
009, LOC_CIVILIZATION_BABYLON_STK_NAME, UNIT_BABYLONIAN_SABUM_KIBITTUM (262146), 68, 51, -9999, -9999, 2048, ffffffff
009, LOC_CIVILIZATION_BABYLON_STK_NAME, UNIT_BABYLONIAN_SABUM_KIBITTUM (262146), 68, 51, -9999, -9999, 2114, ffffffff
009, LOC_CIVILIZATION_BABYLON_STK_NAME, UNIT_BABYLONIAN_SABUM_KIBITTUM (262146), 68, 51, 68, 52, 4, 48fc0360
009, LOC_CIVILIZATION_BABYLON_STK_NAME, UNIT_BABYLONIAN_SABUM_KIBITTUM (262146), 68, 51, 68, 52, 16400, 48fc0360
009, LOC_CIVILIZATION_BABYLON_STK_NAME, UNIT_BABYLONIAN_SABUM_KIBITTUM (262146), 68, 51, 68, 52, 4, 48fc0360
009, LOC_CIVILIZATION_BABYLON_STK_NAME, UNIT_WARRIOR (131073), 73, 58, -9999, -9999, 2320, ffffffff
009, LOC_CIVILIZATION_BABYLON_STK_NAME, UNIT_WARRIOR (131073), 73, 58, -9999, -9999, 2321, ffffffff
009, LOC_CIVILIZATION_BABYLON_STK_NAME, UNIT_WARRIOR (131073), 73, 58, -9999, -9999, 2304, ffffffff
009, LOC_CIVILIZATION_BABYLON_STK_NAME, UNIT_WARRIOR (131073), 73, 58, -9999, -9999, 2370, ffffffff
009, LOC_CIVILIZATION_BABYLON_STK_NAME, UNIT_WARRIOR (131073), 73, 58, -9999, -9999, 2370, ffffffff
009, LOC_CIVILIZATION_BABYLON_STK_NAME, UNIT_BABYLONIAN_SABUM_KIBITTUM (196608), 81, 49, 81, 52, 16656, 86c73323
009, LOC_CIVILIZATION_BABYLON_STK_NAME, UNIT_BABYLONIAN_SABUM_KIBITTUM (196608), 81, 49, -9999, -9999, 2320, ffffffff
009, LOC_CIVILIZATION_BABYLON_STK_NAME, UNIT_BABYLONIAN_SABUM_KIBITTUM (196608), 81, 49, -9999, -9999, 2321, ffffffff
009, LOC_CIVILIZATION_BABYLON_STK_NAME, UNIT_BABYLONIAN_SABUM_KIBITTUM (196608), 81, 49, -9999, -9999, 2304, ffffffff
009, LOC_CIVILIZATION_BABYLON_STK_NAME, UNIT_BABYLONIAN_SABUM_KIBITTUM (196608), 81, 49, -9999, -9999, 2370, ffffffff
009, LOC_CIVILIZATION_BABYLON_STK_NAME, UNIT_BABYLONIAN_SABUM_KIBITTUM (196608), 81, 49, 81, 50, 16656, ff0f1a1d
009, LOC_CIVILIZATION_BABYLON_STK_NAME, UNIT_BABYLONIAN_SABUM_KIBITTUM (196608), 81, 50, -9999, -9999, 2064, ffffffff
009, LOC_CIVILIZATION_BABYLON_STK_NAME, UNIT_BABYLONIAN_SABUM_KIBITTUM (196608), 81, 50, -9999, -9999, 2065, ffffffff
009, LOC_CIVILIZATION_BABYLON_STK_NAME, UNIT_BABYLONIAN_SABUM_KIBITTUM (196608), 81, 50, -9999, -9999, 2048, ffffffff
009, LOC_CIVILIZATION_BABYLON_STK_NAME, UNIT_BABYLONIAN_SABUM_KIBITTUM (196608), 81, 50, -9999, -9999, 2114, ffffffff
009, LOC_CIVILIZATION_BABYLON_STK_NAME, UNIT_BABYLONIAN_SABUM_KIBITTUM (196608), 81, 50, -9999, -9999, 2064, ffffffff
009, LOC_CIVILIZATION_BABYLON_STK_NAME, UNIT_BABYLONIAN_SABUM_KIBITTUM (196608), 81, 50, -9999, -9999, 2065, ffffffff
009, LOC_CIVILIZATION_BABYLON_STK_NAME, UNIT_BABYLONIAN_SABUM_KIBITTUM (196608), 81, 50, -9999, -9999, 2048, ffffffff
009, LOC_CIVILIZATION_BABYLON_STK_NAME, UNIT_BABYLONIAN_SABUM_KIBITTUM (196608), 81, 50, -9999, -9999, 2114, ffffffff
009, LOC_CIVILIZATION_BABYLON_STK_NAME, UNIT_BABYLONIAN_SABUM_KIBITTUM (196608), 81, 50, 81, 51, 4, 1f7e9a7b
009, LOC_CIVILIZATION_BABYLON_STK_NAME, UNIT_BABYLONIAN_SABUM_KIBITTUM (196608), 81, 50, 81, 51, 16400, 1f7e9a7b
009, LOC_CIVILIZATION_BABYLON_STK_NAME, UNIT_BABYLONIAN_SABUM_KIBITTUM (196608), 81, 50, 81, 51, 4, 1f7e9a7b
009, LOC_CIVILIZATION_BABYLON_STK_NAME, UNIT_BABYLONIAN_SABUM_KIBITTUM (196608), 81, 51, -9999, -9999, 2064, ffffffff
009, LOC_CIVILIZATION_BABYLON_STK_NAME, UNIT_BABYLONIAN_SABUM_KIBITTUM (196608), 81, 51, -9999, -9999, 2065, ffffffff
009, LOC_CIVILIZATION_BABYLON_STK_NAME, UNIT_BABYLONIAN_SABUM_KIBITTUM (196608), 81, 51, -9999, -9999, 2048, ffffffff
009, LOC_CIVILIZATION_BABYLON_STK_NAME, UNIT_BABYLONIAN_SABUM_KIBITTUM (196608), 81, 51, -9999, -9999, 2114, ffffffff
009, LOC_CIVILIZATION_BABYLON_STK_NAME, UNIT_BABYLONIAN_SABUM_KIBITTUM (196608), 81, 51, -9999, -9999, 2064, ffffffff
009, LOC_CIVILIZATION_BABYLON_STK_NAME, UNIT_BABYLONIAN_SABUM_KIBITTUM (196608), 81, 51, -9999, -9999, 2065, ffffffff
009, LOC_CIVILIZATION_BABYLON_STK_NAME, UNIT_BABYLONIAN_SABUM_KIBITTUM (196608), 81, 51, -9999, -9999, 2048, ffffffff
009, LOC_CIVILIZATION_BABYLON_STK_NAME, UNIT_BABYLONIAN_SABUM_KIBITTUM (196608), 81, 51, -9999, -9999, 2114, ffffffff
009, LOC_CIVILIZATION_BABYLON_STK_NAME, UNIT_BABYLONIAN_SABUM_KIBITTUM (196608), 81, 51, 81, 52, 4, 1b609b82
009, LOC_CIVILIZATION_BABYLON_STK_NAME, UNIT_BABYLONIAN_SABUM_KIBITTUM (196608), 81, 51, 81, 52, 16400, 1b609b82
009, LOC_CIVILIZATION_BABYLON_STK_NAME, UNIT_BABYLONIAN_SABUM_KIBITTUM (196608), 81, 51, 81, 52, 4, 1b609b82
009, LOC_CIVILIZATION_BABYLON_STK_NAME, UNIT_BABYLONIAN_SABUM_KIBITTUM (196608), 81, 52, 81, 53, 16400, 9f7ddee0
009, LOC_CIVILIZATION_BABYLON_STK_NAME, UNIT_WARRIOR (131073), 73, 58, -9999, -9999, 2320, ffffffff
009, LOC_CIVILIZATION_BABYLON_STK_NAME, UNIT_WARRIOR (131073), 73, 58, -9999, -9999, 2321, ffffffff
009, LOC_CIVILIZATION_BABYLON_STK_NAME, UNIT_WARRIOR (131073), 73, 58, -9999, -9999, 2304, ffffffff
009, LOC_CIVILIZATION_BABYLON_STK_NAME, UNIT_WARRIOR (131073), 73, 58, -9999, -9999, 2370, ffffffff
009, LOC_CIVILIZATION_BABYLON_STK_NAME, UNIT_WARRIOR (131073), 73, 58, 73, 57, 16656, 4ccf66fb
009, LOC_CIVILIZATION_BABYLON_STK_NAME, UNIT_WARRIOR (131073), 73, 57, 74, 57, 16400, e96d32db
009, LOC_CIVILIZATION_BABYLON_STK_NAME, UNIT_BABYLONIAN_SABUM_KIBITTUM (196608), 81, 52, 81, 53, 16400, 9f7ddee0
010, LOC_CIVILIZATION_BABYLON_STK_NAME, UNIT_BABYLONIAN_SABUM_KIBITTUM (262146), 68, 52, -9999, -9999, 2320, ffffffff
010, LOC_CIVILIZATION_BABYLON_STK_NAME, UNIT_BABYLONIAN_SABUM_KIBITTUM (262146), 68, 52, -9999, -9999, 2321, ffffffff
010, LOC_CIVILIZATION_BABYLON_STK_NAME, UNIT_BABYLONIAN_SABUM_KIBITTUM (262146), 68, 52, -9999, -9999, 2304, ffffffff
010, LOC_CIVILIZATION_BABYLON_STK_NAME, UNIT_BABYLONIAN_SABUM_KIBITTUM (262146), 68, 52, -9999, -9999, 2370, ffffffff
010, LOC_CIVILIZATION_BABYLON_STK_NAME, UNIT_BABYLONIAN_SABUM_KIBITTUM (262146), 68, 52, -9999, -9999, 2370, ffffffff
010, LOC_CIVILIZATION_BABYLON_STK_NAME, UNIT_BABYLONIAN_SABUM_KIBITTUM (262146), 68, 52, 67, 54, 16656, fac3c162
010, LOC_CIVILIZATION_BABYLON_STK_NAME, UNIT_BABYLONIAN_SABUM_KIBITTUM (262146), 68, 52, 67, 53, 16656, c6244f1b
010, LOC_CIVILIZATION_BABYLON_STK_NAME, UNIT_BABYLONIAN_SABUM_KIBITTUM (262146), 67, 53, -9999, -9999, 2064, ffffffff
010, LOC_CIVILIZATION_BABYLON_STK_NAME, UNIT_BABYLONIAN_SABUM_KIBITTUM (262146), 67, 53, -9999, -9999, 2065, ffffffff
010, LOC_CIVILIZATION_BABYLON_STK_NAME, UNIT_BABYLONIAN_SABUM_KIBITTUM (262146), 67, 53, -9999, -9999, 2048, ffffffff
010, LOC_CIVILIZATION_BABYLON_STK_NAME, UNIT_BABYLONIAN_SABUM_KIBITTUM (262146), 67, 53, -9999, -9999, 2114, ffffffff
010, LOC_CIVILIZATION_BABYLON_STK_NAME, UNIT_BABYLONIAN_SABUM_KIBITTUM (262146), 67, 53, -9999, -9999, 2064, ffffffff
010, LOC_CIVILIZATION_BABYLON_STK_NAME, UNIT_BABYLONIAN_SABUM_KIBITTUM (262146), 67, 53, -9999, -9999, 2065, ffffffff
010, LOC_CIVILIZATION_BABYLON_STK_NAME, UNIT_BABYLONIAN_SABUM_KIBITTUM (262146), 67, 53, -9999, -9999, 2048, ffffffff
010, LOC_CIVILIZATION_BABYLON_STK_NAME, UNIT_BABYLONIAN_SABUM_KIBITTUM (262146), 67, 53, -9999, -9999, 2114, ffffffff
010, LOC_CIVILIZATION_BABYLON_STK_NAME, UNIT_BABYLONIAN_SABUM_KIBITTUM (262146), 67, 53, 67, 54, 4, c47c344d
010, LOC_CIVILIZATION_BABYLON_STK_NAME, UNIT_BABYLONIAN_SABUM_KIBITTUM (262146), 67, 53, 67, 54, 16400, c47c344d
010, LOC_CIVILIZATION_BABYLON_STK_NAME, UNIT_BABYLONIAN_SABUM_KIBITTUM (262146), 67, 53, 67, 54, 4, c47c344d
010, LOC_CIVILIZATION_BABYLON_STK_NAME, UNIT_BABYLONIAN_SABUM_KIBITTUM (262146), 67, 54, -9999, -9999, 2114, ffffffff
010, LOC_CIVILIZATION_BABYLON_STK_NAME, UNIT_BABYLONIAN_SABUM_KIBITTUM (262146), 67, 54, -9999, -9999, 2064, ffffffff
010, LOC_CIVILIZATION_BABYLON_STK_NAME, UNIT_BABYLONIAN_SABUM_KIBITTUM (262146), 67, 54, -9999, -9999, 2065, ffffffff
010, LOC_CIVILIZATION_BABYLON_STK_NAME, UNIT_BABYLONIAN_SABUM_KIBITTUM (262146), 67, 54, -9999, -9999, 2048, ffffffff
010, LOC_CIVILIZATION_BABYLON_STK_NAME, UNIT_BABYLONIAN_SABUM_KIBITTUM (262146), 67, 54, -9999, -9999, 2064, ffffffff
010, LOC_CIVILIZATION_BABYLON_STK_NAME, UNIT_BABYLONIAN_SABUM_KIBITTUM (262146), 67, 54, -9999, -9999, 2065, ffffffff
010, LOC_CIVILIZATION_BABYLON_STK_NAME, UNIT_BABYLONIAN_SABUM_KIBITTUM (262146), 67, 54, -9999, -9999, 2048, ffffffff
010, LOC_CIVILIZATION_BABYLON_STK_NAME, UNIT_BABYLONIAN_SABUM_KIBITTUM (262146), 67, 54, -9999, -9999, 2114, ffffffff
010, LOC_CIVILIZATION_BABYLON_STK_NAME, UNIT_BABYLONIAN_SABUM_KIBITTUM (262146), 67, 54, -9999, -9999, 2114, ffffffff
010, LOC_CIVILIZATION_BABYLON_STK_NAME, UNIT_BABYLONIAN_SABUM_KIBITTUM (262146), 67, 54, -9999, -9999, 2064, ffffffff
010, LOC_CIVILIZATION_BABYLON_STK_NAME, UNIT_BABYLONIAN_SABUM_KIBITTUM (262146), 67, 54, -9999, -9999, 2065, ffffffff
010, LOC_CIVILIZATION_BABYLON_STK_NAME, UNIT_BABYLONIAN_SABUM_KIBITTUM (262146), 67, 54, -9999, -9999, 2048, ffffffff
010, LOC_CIVILIZATION_BABYLON_STK_NAME, UNIT_BABYLONIAN_SABUM_KIBITTUM (262146), 67, 54, -9999, -9999, 2114, ffffffff
010, LOC_CIVILIZATION_BABYLON_STK_NAME, UNIT_BABYLONIAN_SABUM_KIBITTUM (262146), 67, 54, 67, 55, 4, 240db42b
010, LOC_CIVILIZATION_BABYLON_STK_NAME, UNIT_BABYLONIAN_SABUM_KIBITTUM (262146), 67, 54, 67, 55, 16400, 240db42b
010, LOC_CIVILIZATION_BABYLON_STK_NAME, UNIT_BABYLONIAN_SABUM_KIBITTUM (262146), 67, 54, 67, 55, 4, 240db42b
010, LOC_CIVILIZATION_BABYLON_STK_NAME, UNIT_WARRIOR (131073), 73, 57, 74, 57, 16656, e96d32db
010, LOC_CIVILIZATION_BABYLON_STK_NAME, UNIT_WARRIOR (131073), 73, 57, -9999, -9999, 2320, ffffffff
010, LOC_CIVILIZATION_BABYLON_STK_NAME, UNIT_WARRIOR (131073), 73, 57, -9999, -9999, 2321, ffffffff
010, LOC_CIVILIZATION_BABYLON_STK_NAME, UNIT_WARRIOR (131073), 73, 57, -9999, -9999, 2304, ffffffff
010, LOC_CIVILIZATION_BABYLON_STK_NAME, UNIT_WARRIOR (131073), 73, 57, -9999, -9999, 2370, ffffffff
010, LOC_CIVILIZATION_BABYLON_STK_NAME, UNIT_BABYLONIAN_SABUM_KIBITTUM (196608), 81, 52, 81, 53, 16656, 9f7ddee0
010, LOC_CIVILIZATION_BABYLON_STK_NAME, UNIT_BABYLONIAN_SABUM_KIBITTUM (196608), 81, 52, -9999, -9999, 2320, ffffffff
010, LOC_CIVILIZATION_BABYLON_STK_NAME, UNIT_BABYLONIAN_SABUM_KIBITTUM (196608), 81, 52, -9999, -9999, 2321, ffffffff
010, LOC_CIVILIZATION_BABYLON_STK_NAME, UNIT_BABYLONIAN_SABUM_KIBITTUM (196608), 81, 52, -9999, -9999, 2304, ffffffff
010, LOC_CIVILIZATION_BABYLON_STK_NAME, UNIT_BABYLONIAN_SABUM_KIBITTUM (196608), 81, 52, -9999, -9999, 2370, ffffffff
010, LOC_CIVILIZATION_BABYLON_STK_NAME, UNIT_BABYLONIAN_SABUM_KIBITTUM (196608), 81, 53, -9999, -9999, 2114, ffffffff
010, LOC_CIVILIZATION_BABYLON_STK_NAME, UNIT_BABYLONIAN_SABUM_KIBITTUM (196608), 81, 53, -9999, -9999, 2064, ffffffff
010, LOC_CIVILIZATION_BABYLON_STK_NAME, UNIT_BABYLONIAN_SABUM_KIBITTUM (196608), 81, 53, -9999, -9999, 2065, ffffffff
010, LOC_CIVILIZATION_BABYLON_STK_NAME, UNIT_BABYLONIAN_SABUM_KIBITTUM (196608), 81, 53, -9999, -9999, 2048, ffffffff
010, LOC_CIVILIZATION_BABYLON_STK_NAME, UNIT_BABYLONIAN_SABUM_KIBITTUM (196608), 81, 53, -9999, -9999, 2064, ffffffff
010, LOC_CIVILIZATION_BABYLON_STK_NAME, UNIT_BABYLONIAN_SABUM_KIBITTUM (196608), 81, 53, -9999, -9999, 2065, ffffffff
010, LOC_CIVILIZATION_BABYLON_STK_NAME, UNIT_BABYLONIAN_SABUM_KIBITTUM (196608), 81, 53, -9999, -9999, 2048, ffffffff
010, LOC_CIVILIZATION_BABYLON_STK_NAME, UNIT_BABYLONIAN_SABUM_KIBITTUM (196608), 81, 53, -9999, -9999, 2114, ffffffff
010, LOC_CIVILIZATION_BABYLON_STK_NAME, UNIT_BABYLONIAN_SABUM_KIBITTUM (196608), 81, 53, 81, 54, 4,   f29d0f
010, LOC_CIVILIZATION_BABYLON_STK_NAME, UNIT_BABYLONIAN_SABUM_KIBITTUM (196608), 81, 53, 81, 54, 16400,   f29d0f
010, LOC_CIVILIZATION_BABYLON_STK_NAME, UNIT_BABYLONIAN_SABUM_KIBITTUM (196608), 81, 53, 81, 54, 4,   f29d0f
010, LOC_CIVILIZATION_BABYLON_STK_NAME, UNIT_BABYLONIAN_SABUM_KIBITTUM (196608), 81, 54, -9999, -9999, 2064, ffffffff
010, LOC_CIVILIZATION_BABYLON_STK_NAME, UNIT_BABYLONIAN_SABUM_KIBITTUM (196608), 81, 54, -9999, -9999, 2065, ffffffff
010, LOC_CIVILIZATION_BABYLON_STK_NAME, UNIT_BABYLONIAN_SABUM_KIBITTUM (196608), 81, 54, -9999, -9999, 2048, ffffffff
010, LOC_CIVILIZATION_BABYLON_STK_NAME, UNIT_BABYLONIAN_SABUM_KIBITTUM (196608), 81, 54, -9999, -9999, 2114, ffffffff
010, LOC_CIVILIZATION_BABYLON_STK_NAME, UNIT_BABYLONIAN_SABUM_KIBITTUM (196608), 81, 54, -9999, -9999, 2064, ffffffff
010, LOC_CIVILIZATION_BABYLON_STK_NAME, UNIT_BABYLONIAN_SABUM_KIBITTUM (196608), 81, 54, -9999, -9999, 2065, ffffffff
010, LOC_CIVILIZATION_BABYLON_STK_NAME, UNIT_BABYLONIAN_SABUM_KIBITTUM (196608), 81, 54, -9999, -9999, 2048, ffffffff
010, LOC_CIVILIZATION_BABYLON_STK_NAME, UNIT_BABYLONIAN_SABUM_KIBITTUM (196608), 81, 54, -9999, -9999, 2114, ffffffff
010, LOC_CIVILIZATION_BABYLON_STK_NAME, UNIT_BABYLONIAN_SABUM_KIBITTUM (196608), 81, 54, 80, 55, 4, 2c291df7
010, LOC_CIVILIZATION_BABYLON_STK_NAME, UNIT_BABYLONIAN_SABUM_KIBITTUM (196608), 81, 54, 80, 55, 16400, 2c291df7
010, LOC_CIVILIZATION_BABYLON_STK_NAME, UNIT_BABYLONIAN_SABUM_KIBITTUM (196608), 81, 54, 80, 55, 4, 2c291df7
010, LOC_CIVILIZATION_BABYLON_STK_NAME, UNIT_BABYLONIAN_SABUM_KIBITTUM (196608), 80, 55, 79, 56, 16400, 5bfc0a4d
010, LOC_CIVILIZATION_BABYLON_STK_NAME, UNIT_BABYLONIAN_SABUM_KIBITTUM (196608), 80, 55, 79, 56, 16400, 5bfc0a4d
010, LOC_CIVILIZATION_BABYLON_STK_NAME, UNIT_WARRIOR (131073), 74, 57, 75, 56, 16400, fc2e4e0e
010, LOC_CIVILIZATION_BABYLON_STK_NAME, UNIT_WARRIOR (131073), 74, 57, 75, 57, 16400, 37729dab
010, LOC_CIVILIZATION_BABYLON_STK_NAME, UNIT_BABYLONIAN_SABUM_KIBITTUM (262146), 67, 55, 66, 56, 16400, 48377751
010, LOC_CIVILIZATION_BABYLON_STK_NAME, UNIT_BABYLONIAN_SABUM_KIBITTUM (262146), 67, 55, 69, 56, 16400,  b96258c
010, LOC_CIVILIZATION_BABYLON_STK_NAME, UNIT_BABYLONIAN_SABUM_KIBITTUM (262146), 67, 55, 68, 56, 16400, c6853ea6
010, LOC_CIVILIZATION_BABYLON_STK_NAME, UNIT_BABYLONIAN_SABUM_KIBITTUM (262146), 67, 55, 69, 56, 16400,  b96258c
010, LOC_CIVILIZATION_BABYLON_STK_NAME, UNIT_BABYLONIAN_SABUM_KIBITTUM (262146), 67, 55, 68, 56, 16400, c6853ea6
011, LOC_CIVILIZATION_BABYLON_STK_NAME, UNIT_SETTLER (327683), 73, 49, -9999, -9999, 2320, ffffffff
011, LOC_CIVILIZATION_BABYLON_STK_NAME, UNIT_SETTLER (327683), 73, 49, -9999, -9999, 2321, ffffffff
011, LOC_CIVILIZATION_BABYLON_STK_NAME, UNIT_SETTLER (327683), 73, 49, -9999, -9999, 2304, ffffffff
011, LOC_CIVILIZATION_BABYLON_STK_NAME, UNIT_SETTLER (327683), 73, 49, -9999, -9999, 2320, ffffffff
011, LOC_CIVILIZATION_BABYLON_STK_NAME, UNIT_SETTLER (327683), 73, 49, -9999, -9999, 2321, ffffffff
011, LOC_CIVILIZATION_BABYLON_STK_NAME, UNIT_SETTLER (327683), 73, 49, -9999, -9999, 2304, ffffffff
011, LOC_CIVILIZATION_BABYLON_STK_NAME, UNIT_SETTLER (327683), 73, 49, 76, 46, 16640, d8b16d68
011, LOC_CIVILIZATION_BABYLON_STK_NAME, UNIT_SETTLER (327683), 73, 49, 75, 47, 16640,  4756b82
011, LOC_CIVILIZATION_BABYLON_STK_NAME, UNIT_SETTLER (327683), 73, 49, 75, 48, 16640, fa12b27e
011, LOC_CIVILIZATION_BABYLON_STK_NAME, UNIT_SETTLER (327683), 73, 49, 74, 48, 16640,  6bbe91b
011, LOC_CIVILIZATION_BABYLON_STK_NAME, UNIT_SETTLER (327683), 73, 49, -9999, -9999, 2320, ffffffff
011, LOC_CIVILIZATION_BABYLON_STK_NAME, UNIT_SETTLER (327683), 73, 49, -9999, -9999, 2321, ffffffff
011, LOC_CIVILIZATION_BABYLON_STK_NAME, UNIT_SETTLER (327683), 73, 49, -9999, -9999, 2304, ffffffff
011, LOC_CIVILIZATION_BABYLON_STK_NAME, UNIT_SETTLER (327683), 73, 49, 74, 48, 16640,  6bbe91b
011, LOC_CIVILIZATION_BABYLON_STK_NAME, UNIT_BABYLONIAN_SABUM_KIBITTUM (196608), 80, 55, 79, 56, 16656, 5bfc0a4d
011, LOC_CIVILIZATION_BABYLON_STK_NAME, UNIT_BABYLONIAN_SABUM_KIBITTUM (196608), 80, 55, -9999, -9999, 2320, ffffffff
011, LOC_CIVILIZATION_BABYLON_STK_NAME, UNIT_BABYLONIAN_SABUM_KIBITTUM (196608), 80, 55, -9999, -9999, 2321, ffffffff
011, LOC_CIVILIZATION_BABYLON_STK_NAME, UNIT_BABYLONIAN_SABUM_KIBITTUM (196608), 80, 55, -9999, -9999, 2304, ffffffff
011, LOC_CIVILIZATION_BABYLON_STK_NAME, UNIT_BABYLONIAN_SABUM_KIBITTUM (196608), 80, 55, -9999, -9999, 2370, ffffffff
011, LOC_CIVILIZATION_BABYLON_STK_NAME, UNIT_BABYLONIAN_SABUM_KIBITTUM (196608), 80, 55, -9999, -9999, 2370, ffffffff
011, LOC_CIVILIZATION_BABYLON_STK_NAME, UNIT_BABYLONIAN_SABUM_KIBITTUM (196608), 80, 55, 80, 56, 16656, 7cd8f906
011, LOC_CIVILIZATION_BABYLON_STK_NAME, UNIT_BABYLONIAN_SABUM_KIBITTUM (196608), 80, 56, -9999, -9999, 2064, ffffffff
011, LOC_CIVILIZATION_BABYLON_STK_NAME, UNIT_BABYLONIAN_SABUM_KIBITTUM (196608), 80, 56, -9999, -9999, 2065, ffffffff
011, LOC_CIVILIZATION_BABYLON_STK_NAME, UNIT_BABYLONIAN_SABUM_KIBITTUM (196608), 80, 56, -9999, -9999, 2048, ffffffff
011, LOC_CIVILIZATION_BABYLON_STK_NAME, UNIT_BABYLONIAN_SABUM_KIBITTUM (196608), 80, 56, -9999, -9999, 2114, ffffffff
011, LOC_CIVILIZATION_BABYLON_STK_NAME, UNIT_BABYLONIAN_SABUM_KIBITTUM (196608), 80, 56, -9999, -9999, 2064, ffffffff
011, LOC_CIVILIZATION_BABYLON_STK_NAME, UNIT_BABYLONIAN_SABUM_KIBITTUM (196608), 80, 56, -9999, -9999, 2065, ffffffff
011, LOC_CIVILIZATION_BABYLON_STK_NAME, UNIT_BABYLONIAN_SABUM_KIBITTUM (196608), 80, 56, -9999, -9999, 2048, ffffffff
011, LOC_CIVILIZATION_BABYLON_STK_NAME, UNIT_BABYLONIAN_SABUM_KIBITTUM (196608), 80, 56, -9999, -9999, 2114, ffffffff
011, LOC_CIVILIZATION_BABYLON_STK_NAME, UNIT_BABYLONIAN_SABUM_KIBITTUM (196608), 80, 56, 79, 56, 4, 5edbc64e
011, LOC_CIVILIZATION_BABYLON_STK_NAME, UNIT_BABYLONIAN_SABUM_KIBITTUM (196608), 80, 56, 79, 56, 16400, 5edbc64e
011, LOC_CIVILIZATION_BABYLON_STK_NAME, UNIT_BABYLONIAN_SABUM_KIBITTUM (196608), 80, 56, 79, 56, 4, 5edbc64e
011, LOC_CIVILIZATION_BABYLON_STK_NAME, UNIT_BABYLONIAN_SABUM_KIBITTUM (196608), 79, 56, -9999, -9999, 2064, ffffffff
011, LOC_CIVILIZATION_BABYLON_STK_NAME, UNIT_BABYLONIAN_SABUM_KIBITTUM (196608), 79, 56, -9999, -9999, 2065, ffffffff
011, LOC_CIVILIZATION_BABYLON_STK_NAME, UNIT_BABYLONIAN_SABUM_KIBITTUM (196608), 79, 56, -9999, -9999, 2048, ffffffff
011, LOC_CIVILIZATION_BABYLON_STK_NAME, UNIT_BABYLONIAN_SABUM_KIBITTUM (196608), 79, 56, -9999, -9999, 2114, ffffffff
011, LOC_CIVILIZATION_BABYLON_STK_NAME, UNIT_BABYLONIAN_SABUM_KIBITTUM (196608), 79, 56, -9999, -9999, 2064, ffffffff
011, LOC_CIVILIZATION_BABYLON_STK_NAME, UNIT_BABYLONIAN_SABUM_KIBITTUM (196608), 79, 56, -9999, -9999, 2065, ffffffff
011, LOC_CIVILIZATION_BABYLON_STK_NAME, UNIT_BABYLONIAN_SABUM_KIBITTUM (196608), 79, 56, -9999, -9999, 2048, ffffffff
011, LOC_CIVILIZATION_BABYLON_STK_NAME, UNIT_BABYLONIAN_SABUM_KIBITTUM (196608), 79, 56, -9999, -9999, 2114, ffffffff
011, LOC_CIVILIZATION_BABYLON_STK_NAME, UNIT_BABYLONIAN_SABUM_KIBITTUM (196608), 79, 56, 78, 55, 4, 6b5d33cc
011, LOC_CIVILIZATION_BABYLON_STK_NAME, UNIT_BABYLONIAN_SABUM_KIBITTUM (196608), 79, 56, 78, 55, 16400, 6b5d33cc
011, LOC_CIVILIZATION_BABYLON_STK_NAME, UNIT_BABYLONIAN_SABUM_KIBITTUM (196608), 79, 56, 78, 55, 4, 6b5d33cc
011, LOC_CIVILIZATION_BABYLON_STK_NAME, UNIT_BABYLONIAN_SABUM_KIBITTUM (196608), 78, 55, 77, 55, 16400, daf64f85
011, LOC_CIVILIZATION_BABYLON_STK_NAME, UNIT_WARRIOR (131073), 74, 57, 75, 57, 16656, 37729dab
011, LOC_CIVILIZATION_BABYLON_STK_NAME, UNIT_WARRIOR (131073), 74, 57, -9999, -9999, 2320, ffffffff
011, LOC_CIVILIZATION_BABYLON_STK_NAME, UNIT_WARRIOR (131073), 74, 57, -9999, -9999, 2321, ffffffff
011, LOC_CIVILIZATION_BABYLON_STK_NAME, UNIT_WARRIOR (131073), 74, 57, -9999, -9999, 2304, ffffffff
011, LOC_CIVILIZATION_BABYLON_STK_NAME, UNIT_WARRIOR (131073), 74, 57, -9999, -9999, 2370, ffffffff
011, LOC_CIVILIZATION_BABYLON_STK_NAME, UNIT_BABYLONIAN_SABUM_KIBITTUM (262146), 67, 55, 68, 56, 16656, c6853ea6
011, LOC_CIVILIZATION_BABYLON_STK_NAME, UNIT_BABYLONIAN_SABUM_KIBITTUM (262146), 67, 55, -9999, -9999, 2320, ffffffff
011, LOC_CIVILIZATION_BABYLON_STK_NAME, UNIT_BABYLONIAN_SABUM_KIBITTUM (262146), 67, 55, -9999, -9999, 2321, ffffffff
011, LOC_CIVILIZATION_BABYLON_STK_NAME, UNIT_BABYLONIAN_SABUM_KIBITTUM (262146), 67, 55, -9999, -9999, 2304, ffffffff
011, LOC_CIVILIZATION_BABYLON_STK_NAME, UNIT_BABYLONIAN_SABUM_KIBITTUM (262146), 67, 55, -9999, -9999, 2370, ffffffff
011, LOC_CIVILIZATION_BABYLON_STK_NAME, UNIT_BABYLONIAN_SABUM_KIBITTUM (262146), 68, 56, -9999, -9999, 2064, ffffffff
011, LOC_CIVILIZATION_BABYLON_STK_NAME, UNIT_BABYLONIAN_SABUM_KIBITTUM (262146), 68, 56, -9999, -9999, 2065, ffffffff
011, LOC_CIVILIZATION_BABYLON_STK_NAME, UNIT_BABYLONIAN_SABUM_KIBITTUM (262146), 68, 56, -9999, -9999, 2048, ffffffff
011, LOC_CIVILIZATION_BABYLON_STK_NAME, UNIT_BABYLONIAN_SABUM_KIBITTUM (262146), 68, 56, -9999, -9999, 2114, ffffffff
011, LOC_CIVILIZATION_BABYLON_STK_NAME, UNIT_BABYLONIAN_SABUM_KIBITTUM (262146), 68, 56, -9999, -9999, 2064, ffffffff
011, LOC_CIVILIZATION_BABYLON_STK_NAME, UNIT_BABYLONIAN_SABUM_KIBITTUM (262146), 68, 56, -9999, -9999, 2065, ffffffff
011, LOC_CIVILIZATION_BABYLON_STK_NAME, UNIT_BABYLONIAN_SABUM_KIBITTUM (262146), 68, 56, -9999, -9999, 2048, ffffffff
011, LOC_CIVILIZATION_BABYLON_STK_NAME, UNIT_BABYLONIAN_SABUM_KIBITTUM (262146), 68, 56, -9999, -9999, 2114, ffffffff
011, LOC_CIVILIZATION_BABYLON_STK_NAME, UNIT_BABYLONIAN_SABUM_KIBITTUM (262146), 68, 56, 69, 56, 4, 10601a4e
011, LOC_CIVILIZATION_BABYLON_STK_NAME, UNIT_BABYLONIAN_SABUM_KIBITTUM (262146), 68, 56, 69, 56, 16400, 10601a4e
011, LOC_CIVILIZATION_BABYLON_STK_NAME, UNIT_BABYLONIAN_SABUM_KIBITTUM (262146), 68, 56, 69, 56, 4, 10601a4e
011, LOC_CIVILIZATION_BABYLON_STK_NAME, UNIT_BABYLONIAN_SABUM_KIBITTUM (262146), 69, 56, -9999, -9999, 2064, ffffffff
011, LOC_CIVILIZATION_BABYLON_STK_NAME, UNIT_BABYLONIAN_SABUM_KIBITTUM (262146), 69, 56, -9999, -9999, 2065, ffffffff
011, LOC_CIVILIZATION_BABYLON_STK_NAME, UNIT_BABYLONIAN_SABUM_KIBITTUM (262146), 69, 56, -9999, -9999, 2048, ffffffff
011, LOC_CIVILIZATION_BABYLON_STK_NAME, UNIT_BABYLONIAN_SABUM_KIBITTUM (262146), 69, 56, -9999, -9999, 2114, ffffffff
011, LOC_CIVILIZATION_BABYLON_STK_NAME, UNIT_BABYLONIAN_SABUM_KIBITTUM (262146), 69, 56, 65, 57, 0, d8707013
011, LOC_CIVILIZATION_BABYLON_STK_NAME, UNIT_BABYLONIAN_SABUM_KIBITTUM (262146), 69, 56, -9999, -9999, 2064, ffffffff
011, LOC_CIVILIZATION_BABYLON_STK_NAME, UNIT_BABYLONIAN_SABUM_KIBITTUM (262146), 69, 56, -9999, -9999, 2065, ffffffff
011, LOC_CIVILIZATION_BABYLON_STK_NAME, UNIT_BABYLONIAN_SABUM_KIBITTUM (262146), 69, 56, -9999, -9999, 2048, ffffffff
011, LOC_CIVILIZATION_BABYLON_STK_NAME, UNIT_BABYLONIAN_SABUM_KIBITTUM (262146), 69, 56, -9999, -9999, 2114, ffffffff
011, LOC_CIVILIZATION_BABYLON_STK_NAME, UNIT_BABYLONIAN_SABUM_KIBITTUM (262146), 69, 56, 65, 57, 0, d8707013
011, LOC_CIVILIZATION_BABYLON_STK_NAME, UNIT_BABYLONIAN_SABUM_KIBITTUM (262146), 69, 56, 68, 56, 4, 64767db5
011, LOC_CIVILIZATION_BABYLON_STK_NAME, UNIT_BABYLONIAN_SABUM_KIBITTUM (262146), 69, 56, 68, 56, 16400, 64767db5
011, LOC_CIVILIZATION_BABYLON_STK_NAME, UNIT_BABYLONIAN_SABUM_KIBITTUM (262146), 69, 56, 68, 56, 4, 64767db5
011, LOC_CIVILIZATION_BABYLON_STK_NAME, UNIT_BABYLONIAN_SABUM_KIBITTUM (262146), 68, 56, 66, 56, 16400, 6f84e16c
011, LOC_CIVILIZATION_BABYLON_STK_NAME, UNIT_BABYLONIAN_SABUM_KIBITTUM (262146), 68, 56, 66, 55, 16400, 9e8fbae1
011, LOC_CIVILIZATION_BABYLON_STK_NAME, UNIT_SETTLER (327683), 74, 48, 76, 46, 16384,  608100f
011, LOC_CIVILIZATION_BABYLON_STK_NAME, UNIT_SETTLER (327683), 74, 48, 75, 45, 16384, 6852a69f
011, LOC_CIVILIZATION_BABYLON_STK_NAME, UNIT_SETTLER (327683), 74, 48, 76, 46, 16384,  608100f
011, LOC_CIVILIZATION_BABYLON_STK_NAME, UNIT_SETTLER (327683), 74, 48, 75, 45, 16384, 6852a69f
011, LOC_CIVILIZATION_BABYLON_STK_NAME, UNIT_BABYLONIAN_SABUM_KIBITTUM (196608), 78, 55, 77, 55, 16400, daf64f85
011, LOC_CIVILIZATION_BABYLON_STK_NAME, UNIT_WARRIOR (131073), 75, 57, 76, 59, 16400, b8121bc1
011, LOC_CIVILIZATION_BABYLON_STK_NAME, UNIT_BABYLONIAN_SABUM_KIBITTUM (196608), 78, 55, 77, 55, 16400, daf64f85
