Game Turn, Player, Unit, From X, From Y, To X, To Y, Info, Checksum
001, LOC_CIVILIZATION_AZTEC_NAME, UNIT_SETTLER (65536), 49, 61, -9999, -9999, 2325, ffffffff
001, LOC_CIVILIZATION_AZTEC_NAME, UNIT_AZTEC_EAGLE_WARRIOR (131073), 48, 61, -9999, -9999, 2325, ffffffff
001, LOC_CIVILIZATION_AZTEC_NAME, UNIT_AZTEC_EAGLE_WARRIOR (131073), 48, 61, -9999, -9999, 2368, ffffffff
001, LOC_CIVILIZATION_AZTEC_NAME, UNIT_AZTEC_EAGLE_WARRIOR (131073), 48, 61, 48, 63, 320, e42f5300
001, LOC_CIVILIZATION_CREE_NAME, UNIT_WARRIOR (131073), 61, 45, -9999, -9999, 2325, ffffffff
001, LOC_CIVILIZATION_CREE_NAME, UNIT_SETTLER (65536), 62, 45, -9999, -9999, 2325, ffffffff
001, LOC_CIVILIZATION_CREE_NAME, UNIT_SETTLER (65536), 62, 45, 61, 44, 256, cee9681d
001, LOC_CIVILIZATION_CREE_NAME, UNIT_WARRIOR (131073), 61, 45, 49, 65, 256, 68ed3ec7
001, LOC_CIVILIZATION_MALI_NAME, UNIT_WARRIOR (131073), 65, 33, -9999, -9999, 2325, ffffffff
001, LOC_CIVILIZATION_MALI_NAME, UNIT_SETTLER (65536), 66, 33, -9999, -9999, 2325, ffffffff
001, LOC_CIVILIZATION_MALI_NAME, UNIT_SETTLER (65536), 66, 33, 64, 33, 256, 8093773b
001, LOC_CIVILIZATION_MALI_NAME, UNIT_WARRIOR (131073), 65, 33, 59, 46, 256, e49f2445
001, LOC_CIVILIZATION_MALI_NAME, UNIT_WARRIOR (131073), 65, 34, 49, 65, 0,  c5c908b
001, LOC_CIVILIZATION_MONGOLIA_NAME, UNIT_WARRIOR (131073), 49, 15, -9999, -9999, 2325, ffffffff
001, LOC_CIVILIZATION_MONGOLIA_NAME, UNIT_SETTLER (65536), 50, 15, -9999, -9999, 2325, ffffffff
001, LOC_CIVILIZATION_MONGOLIA_NAME, UNIT_WARRIOR (131073), 49, 15, 59, 46, 256, 2da3e4e4
001, LOC_CIVILIZATION_KABUL_NAME, UNIT_SETTLER (65536), 55, 35, -9999, -9999, 2325, ffffffff
001, LOC_CIVILIZATION_KABUL_NAME, UNIT_WARRIOR (131073), 55, 36, -9999, -9999, 2325, ffffffff
001, LOC_CIVILIZATION_KABUL_NAME, UNIT_WARRIOR (196610), 55, 34, -9999, -9999, 2325, ffffffff
001, LOC_CIVILIZATION_NAN_MADOL_NAME, UNIT_SETTLER (65536), 64, 1, -9999, -9999, 2325, ffffffff
001, LOC_CIVILIZATION_NAN_MADOL_NAME, UNIT_WARRIOR (131073), 64, 2, -9999, -9999, 2325, ffffffff
001, LOC_CIVILIZATION_NAN_MADOL_NAME, UNIT_WARRIOR (196610), 64, 1, -9999, -9999, 2325, ffffffff
001, LOC_CIVILIZATION_SAMARKAND_NAME, UNIT_SETTLER (65536), 58, 65, -9999, -9999, 2325, ffffffff
001, LOC_CIVILIZATION_SAMARKAND_NAME, UNIT_WARRIOR (131073), 57, 65, -9999, -9999, 2325, ffffffff
001, LOC_CIVILIZATION_SAMARKAND_NAME, UNIT_WARRIOR (196610), 58, 64, -9999, -9999, 2325, ffffffff
001, LOC_CIVILIZATION_GENEVA_NAME, UNIT_WARRIOR (131073), 70, 14, -9999, -9999, 2325, ffffffff
001, LOC_CIVILIZATION_GENEVA_NAME, UNIT_SETTLER (65536), 70, 13, -9999, -9999, 2325, ffffffff
001, LOC_CIVILIZATION_GENEVA_NAME, UNIT_WARRIOR (196610), 70, 12, -9999, -9999, 2325, ffffffff
001, LOC_CIVILIZATION_CAGUANA_NAME, UNIT_SETTLER (65536), 25, 23, -9999, -9999, 2325, ffffffff
001, LOC_CIVILIZATION_CAGUANA_NAME, UNIT_WARRIOR (131073), 24, 23, -9999, -9999, 2325, ffffffff
001, LOC_CIVILIZATION_CAGUANA_NAME, UNIT_WARRIOR (196610), 26, 24, -9999, -9999, 2325, ffffffff
001, LOC_CIVILIZATION_LAHORE_NAME, UNIT_SETTLER (65536), 41, 49, -9999, -9999, 2325, ffffffff
001, LOC_CIVILIZATION_LAHORE_NAME, UNIT_WARRIOR (131073), 40, 49, -9999, -9999, 2325, ffffffff
001, LOC_CIVILIZATION_LAHORE_NAME, UNIT_WARRIOR (196610), 41, 50, -9999, -9999, 2325, ffffffff
001, LOC_CIVILIZATION_CHINGUETTI_NAME, UNIT_SETTLER (65536), 54, 27, -9999, -9999, 2325, ffffffff
001, LOC_CIVILIZATION_CHINGUETTI_NAME, UNIT_WARRIOR (131073), 54, 28, -9999, -9999, 2325, ffffffff
001, LOC_CIVILIZATION_CHINGUETTI_NAME, UNIT_WARRIOR (196610), 54, 26, -9999, -9999, 2325, ffffffff
001, LOC_CIVILIZATION_HATTUSA_NAME, UNIT_WARRIOR (131073), 44, 34, -9999, -9999, 2325, ffffffff
001, LOC_CIVILIZATION_HATTUSA_NAME, UNIT_SETTLER (65536), 45, 34, -9999, -9999, 2325, ffffffff
001, LOC_CIVILIZATION_HATTUSA_NAME, UNIT_WARRIOR (196610), 44, 33, -9999, -9999, 2325, ffffffff
001, LOC_CIVILIZATION_BUENOS_AIRES_NAME, UNIT_SETTLER (65536), 14, 16, -9999, -9999, 2325, ffffffff
001, LOC_CIVILIZATION_BUENOS_AIRES_NAME, UNIT_WARRIOR (131073), 13, 16, -9999, -9999, 2325, ffffffff
001, LOC_CIVILIZATION_BUENOS_AIRES_NAME, UNIT_WARRIOR (196610), 13, 17, -9999, -9999, 2325, ffffffff
001, LOC_CIVILIZATION_MEXICO_CITY_NAME, UNIT_SETTLER (65536), 10, 59, -9999, -9999, 2325, ffffffff
001, LOC_CIVILIZATION_MEXICO_CITY_NAME, UNIT_WARRIOR (131073), 10, 58, -9999, -9999, 2325, ffffffff
001, LOC_CIVILIZATION_MEXICO_CITY_NAME, UNIT_WARRIOR (196610), 11, 58, -9999, -9999, 2325, ffffffff
001, LOC_CIVILIZATION_PERSIA_NAME, UNIT_WARRIOR (131073), 28, 62, -9999, -9999, 2325, ffffffff
001, LOC_CIVILIZATION_PERSIA_NAME, UNIT_SETTLER (65536), 29, 62, -9999, -9999, 2325, ffffffff
001, LOC_CIVILIZATION_BABYLON_STK_NAME, UNIT_WARRIOR (131073), 10, 41, -9999, -9999, 2325, ffffffff
001, LOC_CIVILIZATION_BABYLON_STK_NAME, UNIT_SETTLER (65536), 11, 41, -9999, -9999, 2325, ffffffff
001, LOC_CIVILIZATION_INDIA_NAME, UNIT_WARRIOR (131073), 10, 27, -9999, -9999, 2325, ffffffff
001, LOC_CIVILIZATION_INDIA_NAME, UNIT_SETTLER (65536), 11, 27, -9999, -9999, 2325, ffffffff
001, LOC_CIVILIZATION_NUBIA_NAME, UNIT_SETTLER (65536), 33, 12, -9999, -9999, 2325, ffffffff
001, LOC_CIVILIZATION_NUBIA_NAME, UNIT_WARRIOR (131073), 32, 12, -9999, -9999, 2325, ffffffff
001, LOC_CIVILIZATION_NUBIA_NAME, UNIT_WARRIOR (131073), 32, 12, 32, 13, 16656, d3b2b12c
001, LOC_CIVILIZATION_NUBIA_NAME, UNIT_WARRIOR (131073), 32, 13, 32, 14, 16400, 4c3df2c3
001, LOC_CIVILIZATION_INDIA_NAME, UNIT_SETTLER (65536), 11, 27, 11, 25, 16656, af13468c
001, LOC_CIVILIZATION_BABYLON_STK_NAME, UNIT_WARRIOR (131073), 10, 41, 10, 40, 16656, cb19c48a
001, LOC_CIVILIZATION_BABYLON_STK_NAME, UNIT_SETTLER (65536), 11, 41, 10, 41, 16656, b8f9704a
001, LOC_CIVILIZATION_NUBIA_NAME, UNIT_SETTLER (65536), 33, 12, 33, 13, 16656, a7a4d6d7
001, LOC_CIVILIZATION_PERSIA_NAME, UNIT_SETTLER (65536), 29, 62, 31, 62, 16656, 386b286d
001, LOC_CIVILIZATION_PERSIA_NAME, UNIT_WARRIOR (131073), 28, 62, 27, 61, 16656, 58e2eac2
001, LOC_CIVILIZATION_INDIA_NAME, UNIT_WARRIOR (131073), 10, 27, 9, 29, 16656, e88cfc8f
002, LOC_CIVILIZATION_AZTEC_NAME, UNIT_AZTEC_EAGLE_WARRIOR (131073), 48, 63, -9999, -9999, 2325, ffffffff
002, LOC_CIVILIZATION_AZTEC_NAME, UNIT_SCOUT (262147), 49, 61, -9999, -9999, 2325, ffffffff
002, LOC_CIVILIZATION_AZTEC_NAME, UNIT_SETTLER (196610), 49, 61, -9999, -9999, 2325, ffffffff
002, LOC_CIVILIZATION_AZTEC_NAME, UNIT_AZTEC_EAGLE_WARRIOR (131073), 48, 63, 49, 61, 256, ffffffff
002, LOC_CIVILIZATION_AZTEC_NAME, UNIT_SETTLER (196610), 49, 61, 48, 63, 256, 5c933465
002, LOC_CIVILIZATION_AZTEC_NAME, UNIT_AZTEC_EAGLE_WARRIOR (131073), 48, 63, 49, 61, 0, ffffffff
002, LOC_CIVILIZATION_AZTEC_NAME, UNIT_AZTEC_EAGLE_WARRIOR (131073), 48, 63, 49, 62, 36865, 453fc735
002, LOC_CIVILIZATION_AZTEC_NAME, UNIT_SCOUT (262147), 49, 61, 59, 46, 256, d0897e34
002, LOC_CIVILIZATION_CREE_NAME, UNIT_WARRIOR (131073), 60, 47, -9999, -9999, 2325, ffffffff
002, LOC_CIVILIZATION_CREE_NAME, UNIT_CREE_OKIHTCITAW (262147), 61, 44, -9999, -9999, 2325, ffffffff
002, LOC_CIVILIZATION_CREE_NAME, UNIT_SETTLER (196610), 61, 44, -9999, -9999, 2325, ffffffff
002, LOC_CIVILIZATION_CREE_NAME, UNIT_WARRIOR (131073), 60, 47, 61, 44, 256, ffffffff
002, LOC_CIVILIZATION_CREE_NAME, UNIT_SETTLER (196610), 61, 44, 60, 47, 256, 57bcf12e
002, LOC_CIVILIZATION_CREE_NAME, UNIT_WARRIOR (131073), 60, 47, 61, 45, 36865, 3f80db84
002, LOC_CIVILIZATION_CREE_NAME, UNIT_CREE_OKIHTCITAW (262147), 61, 44, 59, 46, 272, f81c256b
002, LOC_CIVILIZATION_CREE_NAME, UNIT_WARRIOR (131073), 60, 47, 61, 45, 36865, 3f80db84
002, LOC_CIVILIZATION_MALI_NAME, UNIT_WARRIOR (131073), 65, 35, -9999, -9999, 2325, ffffffff
002, LOC_CIVILIZATION_MALI_NAME, UNIT_SCOUT (262147), 64, 33, -9999, -9999, 2325, ffffffff
002, LOC_CIVILIZATION_MALI_NAME, UNIT_SETTLER (196610), 64, 33, -9999, -9999, 2325, ffffffff
002, LOC_CIVILIZATION_MALI_NAME, UNIT_SETTLER (196610), 64, 33, 64, 34, 276, eeaf0b98
002, LOC_CIVILIZATION_MALI_NAME, UNIT_WARRIOR (131073), 65, 35, 64, 33, 256, ffffffff
002, LOC_CIVILIZATION_MALI_NAME, UNIT_SETTLER (196610), 64, 33, 65, 35, 256, 335e514c
002, LOC_CIVILIZATION_MALI_NAME, UNIT_WARRIOR (131073), 65, 35, 64, 33, 0, ffffffff
002, LOC_CIVILIZATION_MALI_NAME, UNIT_WARRIOR (131073), 65, 35, 64, 34, 36865, cdb373fa
002, LOC_CIVILIZATION_MALI_NAME, UNIT_WARRIOR (131073), 65, 34, 64, 34, 36865, 7d3e3f3e
002, LOC_CIVILIZATION_MALI_NAME, UNIT_SCOUT (262147), 64, 33, 49, 65, 256, 2d064a19
002, LOC_CIVILIZATION_MALI_NAME, UNIT_WARRIOR (131073), 65, 34, 64, 34, 36865, 7d3e3f3e
002, LOC_CIVILIZATION_MONGOLIA_NAME, UNIT_WARRIOR (131073), 51, 16, -9999, -9999, 2325, ffffffff
002, LOC_CIVILIZATION_MONGOLIA_NAME, UNIT_SCOUT (262147), 50, 15, -9999, -9999, 2325, ffffffff
002, LOC_CIVILIZATION_MONGOLIA_NAME, UNIT_SETTLER (196610), 50, 15, -9999, -9999, 2325, ffffffff
002, LOC_CIVILIZATION_MONGOLIA_NAME, UNIT_SETTLER (196610), 50, 15, 51, 16, 276, 4ff35a76
002, LOC_CIVILIZATION_MONGOLIA_NAME, UNIT_SETTLER (196610), 50, 15, 60, 48, 276, 480f354b
002, LOC_CIVILIZATION_MONGOLIA_NAME, UNIT_WARRIOR (131073), 51, 16, 50, 15, 256, ffffffff
002, LOC_CIVILIZATION_MONGOLIA_NAME, UNIT_SETTLER (196610), 50, 15, 51, 16, 256, 4ff35a76
002, LOC_CIVILIZATION_MONGOLIA_NAME, UNIT_WARRIOR (131073), 51, 16, 50, 15, 0, ffffffff
002, LOC_CIVILIZATION_MONGOLIA_NAME, UNIT_WARRIOR (131073), 51, 16, 60, 48, 36865, ffffffff
002, LOC_CIVILIZATION_MONGOLIA_NAME, UNIT_WARRIOR (131073), 51, 16, 60, 48, 36865, ffffffff
002, LOC_CIVILIZATION_MONGOLIA_NAME, UNIT_SCOUT (262147), 50, 15, 49, 65, 256, d83993d4
002, LOC_CIVILIZATION_KABUL_NAME, UNIT_WARRIOR (196610), 55, 34, -9999, -9999, 2325, ffffffff
002, LOC_CIVILIZATION_KABUL_NAME, UNIT_WARRIOR (131073), 55, 36, -9999, -9999, 2325, ffffffff
002, LOC_CIVILIZATION_KABUL_NAME, UNIT_WARRIOR (131073), 55, 36, 56, 37, 256, 7b065ea1
002, LOC_CIVILIZATION_KABUL_NAME, UNIT_WARRIOR (196610), 55, 34, 55, 36, 256, 6653ee75
002, LOC_CIVILIZATION_NAN_MADOL_NAME, UNIT_WARRIOR (196610), 64, 1, -9999, -9999, 2325, ffffffff
002, LOC_CIVILIZATION_NAN_MADOL_NAME, UNIT_WARRIOR (131073), 64, 2, -9999, -9999, 2325, ffffffff
002, LOC_CIVILIZATION_NAN_MADOL_NAME, UNIT_WARRIOR (131073), 64, 2, 64, 3, 256, 9cf6aa6a
002, LOC_CIVILIZATION_NAN_MADOL_NAME, UNIT_WARRIOR (196610), 64, 1, 64, 2, 256, 7c872a0c
002, LOC_CIVILIZATION_SAMARKAND_NAME, UNIT_WARRIOR (131073), 57, 65, -9999, -9999, 2325, ffffffff
002, LOC_CIVILIZATION_SAMARKAND_NAME, UNIT_WARRIOR (196610), 58, 64, -9999, -9999, 2325, ffffffff
002, LOC_CIVILIZATION_SAMARKAND_NAME, UNIT_WARRIOR (131073), 57, 65, 57, 63, 256, eb466006
002, LOC_CIVILIZATION_SAMARKAND_NAME, UNIT_WARRIOR (196610), 58, 64, 57, 66, 256, a68c24c7
002, LOC_CIVILIZATION_GENEVA_NAME, UNIT_WARRIOR (196610), 70, 12, -9999, -9999, 2325, ffffffff
002, LOC_CIVILIZATION_GENEVA_NAME, UNIT_WARRIOR (131073), 70, 14, -9999, -9999, 2325, ffffffff
002, LOC_CIVILIZATION_GENEVA_NAME, UNIT_WARRIOR (131073), 70, 14, 70, 13, 256, e94dd24d
002, LOC_CIVILIZATION_GENEVA_NAME, UNIT_WARRIOR (196610), 70, 12, 69, 11, 256, 83ad5431
002, LOC_CIVILIZATION_CAGUANA_NAME, UNIT_WARRIOR (196610), 26, 24, -9999, -9999, 2325, ffffffff
002, LOC_CIVILIZATION_CAGUANA_NAME, UNIT_WARRIOR (131073), 24, 23, -9999, -9999, 2325, ffffffff
002, LOC_CIVILIZATION_CAGUANA_NAME, UNIT_WARRIOR (131073), 24, 23, 24, 24, 256, 4a287118
002, LOC_CIVILIZATION_CAGUANA_NAME, UNIT_WARRIOR (196610), 26, 24, 25, 23, 256, 5a451717
002, LOC_CIVILIZATION_LAHORE_NAME, UNIT_WARRIOR (196610), 41, 50, -9999, -9999, 2325, ffffffff
002, LOC_CIVILIZATION_LAHORE_NAME, UNIT_WARRIOR (131073), 40, 49, -9999, -9999, 2325, ffffffff
002, LOC_CIVILIZATION_LAHORE_NAME, UNIT_WARRIOR (131073), 40, 49, 41, 49, 256, 10190d80
002, LOC_CIVILIZATION_LAHORE_NAME, UNIT_WARRIOR (196610), 41, 50, 40, 51, 256,  2ea98b3
002, LOC_CIVILIZATION_CHINGUETTI_NAME, UNIT_WARRIOR (131073), 54, 28, -9999, -9999, 2325, ffffffff
002, LOC_CIVILIZATION_CHINGUETTI_NAME, UNIT_WARRIOR (196610), 54, 26, -9999, -9999, 2325, ffffffff
002, LOC_CIVILIZATION_CHINGUETTI_NAME, UNIT_WARRIOR (131073), 54, 28, 55, 26, 256, cd93a5b8
002, LOC_CIVILIZATION_CHINGUETTI_NAME, UNIT_WARRIOR (196610), 54, 26, 55, 28, 256, 96d77279
002, LOC_CIVILIZATION_HATTUSA_NAME, UNIT_WARRIOR (131073), 44, 34, -9999, -9999, 2325, ffffffff
002, LOC_CIVILIZATION_HATTUSA_NAME, UNIT_WARRIOR (196610), 44, 33, -9999, -9999, 2325, ffffffff
002, LOC_CIVILIZATION_HATTUSA_NAME, UNIT_WARRIOR (131073), 44, 34, 46, 34, 256, 5bc36787
002, LOC_CIVILIZATION_HATTUSA_NAME, UNIT_WARRIOR (196610), 44, 33, 44, 34, 256, 181bf6d7
002, LOC_CIVILIZATION_BUENOS_AIRES_NAME, UNIT_WARRIOR (196610), 13, 17, -9999, -9999, 2325, ffffffff
002, LOC_CIVILIZATION_BUENOS_AIRES_NAME, UNIT_WARRIOR (131073), 13, 16, -9999, -9999, 2325, ffffffff
002, LOC_CIVILIZATION_BUENOS_AIRES_NAME, UNIT_WARRIOR (131073), 13, 16, 14, 16, 256, 3429fab3
002, LOC_CIVILIZATION_BUENOS_AIRES_NAME, UNIT_WARRIOR (196610), 13, 17, 13, 16, 256, a3bdcc11
002, LOC_CIVILIZATION_MEXICO_CITY_NAME, UNIT_WARRIOR (131073), 10, 58, -9999, -9999, 2325, ffffffff
002, LOC_CIVILIZATION_MEXICO_CITY_NAME, UNIT_WARRIOR (196610), 11, 58, -9999, -9999, 2325, ffffffff
002, LOC_CIVILIZATION_MEXICO_CITY_NAME, UNIT_WARRIOR (131073), 10, 58, 10, 57, 256, 627c5426
002, LOC_CIVILIZATION_MEXICO_CITY_NAME, UNIT_WARRIOR (196610), 11, 58, 11, 56, 256, ce814c87
002, LOC_CIVILIZATION_PERSIA_NAME, UNIT_WARRIOR (131073), 27, 61, -9999, -9999, 2325, ffffffff
002, LOC_CIVILIZATION_BABYLON_STK_NAME, UNIT_WARRIOR (131073), 10, 40, -9999, -9999, 2325, ffffffff
002, LOC_CIVILIZATION_INDIA_NAME, UNIT_WARRIOR (131073), 9, 29, -9999, -9999, 2325, ffffffff
002, LOC_CIVILIZATION_NUBIA_NAME, UNIT_WARRIOR (131073), 32, 14, -9999, -9999, 2325, ffffffff
002, LOC_CIVILIZATION_PERSIA_NAME, UNIT_WARRIOR (131073), 27, 61, 26, 61, 16656, 22b28126
002, LOC_CIVILIZATION_NUBIA_NAME, UNIT_WARRIOR (131073), 32, 14, 32, 15, 16656, ac4c72a5
002, LOC_CIVILIZATION_PERSIA_NAME, UNIT_WARRIOR (131073), 26, 61, 25, 61, 16400, 1481e1a0
002, LOC_CIVILIZATION_BABYLON_STK_NAME, UNIT_WARRIOR (131073), 10, 40, 9, 39, 16656, addb40fd
002, LOC_CIVILIZATION_INDIA_NAME, UNIT_WARRIOR (131073), 9, 29, 11, 30, 16640, 603302de
002, LOC_CIVILIZATION_INDIA_NAME, UNIT_WARRIOR (131073), 10, 29, 11, 30, 16384, 6ebad353
002, LOC_CIVILIZATION_BABYLON_STK_NAME, UNIT_WARRIOR (131073), 9, 39, 10, 38, 16400, 7d25279a
002, LOC_CIVILIZATION_NUBIA_NAME, UNIT_WARRIOR (131073), 32, 15, 32, 16, 16400, 47d7f3aa
003, LOC_CIVILIZATION_AZTEC_NAME, UNIT_SCOUT (262147), 51, 60, -9999, -9999, 2325, ffffffff
003, LOC_CIVILIZATION_AZTEC_NAME, UNIT_AZTEC_EAGLE_WARRIOR (131073), 49, 62, -9999, -9999, 2325, ffffffff
003, LOC_CIVILIZATION_AZTEC_NAME, UNIT_AZTEC_EAGLE_WARRIOR (131073), 49, 62, -9999, -9999, 2325, ffffffff
003, LOC_CIVILIZATION_AZTEC_NAME, UNIT_AZTEC_EAGLE_WARRIOR (131073), 49, 62, 48, 61, 276, aea6e321
003, LOC_CIVILIZATION_AZTEC_NAME, UNIT_AZTEC_EAGLE_WARRIOR (131073), 49, 62, 46, 63, 276, 535536be
003, LOC_CIVILIZATION_AZTEC_NAME, UNIT_AZTEC_EAGLE_WARRIOR (131073), 49, 62, 48, 61, 37121, aea6e321
003, LOC_CIVILIZATION_AZTEC_NAME, UNIT_AZTEC_EAGLE_WARRIOR (131073), 48, 61, 46, 63, 36865,   eb3383
003, LOC_CIVILIZATION_AZTEC_NAME, UNIT_SCOUT (262147), 51, 60, 49, 19, 256, 4b007ee2
003, LOC_CIVILIZATION_AZTEC_NAME, UNIT_SCOUT (262147), 51, 58, 51, 57, 0, 75ddab5b
003, LOC_CIVILIZATION_AZTEC_NAME, UNIT_AZTEC_EAGLE_WARRIOR (131073), 49, 62, 46, 63, 36865, 535536be
003, LOC_CIVILIZATION_CREE_NAME, UNIT_WARRIOR (131073), 60, 47, -9999, -9999, 2325, ffffffff
003, LOC_CIVILIZATION_CREE_NAME, UNIT_WARRIOR (131073), 60, 47, -9999, -9999, 2325, ffffffff
003, LOC_CIVILIZATION_CREE_NAME, UNIT_BUILDER (327680), 61, 44, -9999, -9999, 2325, ffffffff
003, LOC_CIVILIZATION_CREE_NAME, UNIT_CREE_OKIHTCITAW (262147), 59, 46, -9999, -9999, 2325, ffffffff
003, LOC_CIVILIZATION_CREE_NAME, UNIT_WARRIOR (131073), 60, 47, 61, 44, 276, b72db8f1
003, LOC_CIVILIZATION_CREE_NAME, UNIT_WARRIOR (131073), 60, 47, 60, 48, 276, e4241e7d
003, LOC_CIVILIZATION_CREE_NAME, UNIT_WARRIOR (131073), 60, 47, 61, 45, 37121, 3f80db84
003, LOC_CIVILIZATION_CREE_NAME, UNIT_WARRIOR (131073), 61, 45, 60, 48, 36865, 40d81d94
003, LOC_CIVILIZATION_CREE_NAME, UNIT_BUILDER (327680), 61, 44, 61, 45, 260,  4573b00
003, LOC_CIVILIZATION_CREE_NAME, UNIT_WARRIOR (131073), 61, 45, 61, 44, 4, d610d9e4
003, LOC_CIVILIZATION_CREE_NAME, UNIT_BUILDER (327680), 61, 44, 61, 45, 260,  4573b00
003, LOC_CIVILIZATION_CREE_NAME, UNIT_WARRIOR (131073), 61, 45, 61, 44, 4, d610d9e4
003, LOC_CIVILIZATION_CREE_NAME, UNIT_BUILDER (327680), 61, 44, 61, 45, 4366,  4573b00
003, LOC_CIVILIZATION_CREE_NAME, UNIT_WARRIOR (131073), 61, 45, 61, 44, 4106, ffffffff
003, LOC_CIVILIZATION_MALI_NAME, UNIT_WARRIOR (131073), 65, 34, -9999, -9999, 2325, ffffffff
003, LOC_CIVILIZATION_MALI_NAME, UNIT_SCOUT (262147), 62, 33, -9999, -9999, 2325, ffffffff
003, LOC_CIVILIZATION_MALI_NAME, UNIT_WARRIOR (131073), 65, 34, -9999, -9999, 2325, ffffffff
003, LOC_CIVILIZATION_MALI_NAME, UNIT_WARRIOR (131073), 65, 34, 64, 34, 276, 7d3e3f3e
003, LOC_CIVILIZATION_MALI_NAME, UNIT_WARRIOR (131073), 65, 34, 60, 48, 276, a791fa3a
003, LOC_CIVILIZATION_MALI_NAME, UNIT_WARRIOR (131073), 65, 34, 64, 34, 37121, 7d3e3f3e
003, LOC_CIVILIZATION_MALI_NAME, UNIT_WARRIOR (131073), 64, 34, 60, 48, 36865, ffffffff
003, LOC_CIVILIZATION_MALI_NAME, UNIT_SCOUT (262147), 62, 33, 49, 19, 256, dd25c620
003, LOC_CIVILIZATION_MALI_NAME, UNIT_SCOUT (262147), 61, 32, 60, 32, 0, d8d6674c
003, LOC_CIVILIZATION_MONGOLIA_NAME, UNIT_WARRIOR (131073), 51, 16, -9999, -9999, 2325, ffffffff
003, LOC_CIVILIZATION_MONGOLIA_NAME, UNIT_WARRIOR (131073), 51, 16, -9999, -9999, 2325, ffffffff
003, LOC_CIVILIZATION_MONGOLIA_NAME, UNIT_SCOUT (262147), 51, 18, -9999, -9999, 2325, ffffffff
003, LOC_CIVILIZATION_MONGOLIA_NAME, UNIT_WARRIOR (131073), 51, 16, 60, 48, 276, 5ef0ac2f
003, LOC_CIVILIZATION_MONGOLIA_NAME, UNIT_WARRIOR (131073), 51, 16, 60, 48, 37121, ffffffff
003, LOC_CIVILIZATION_MONGOLIA_NAME, UNIT_WARRIOR (131073), 51, 16, 60, 48, 37121, ffffffff
003, LOC_CIVILIZATION_MONGOLIA_NAME, UNIT_SCOUT (262147), 51, 18, 49, 19, 256, 1fff7ab9
003, LOC_CIVILIZATION_MONGOLIA_NAME, UNIT_SCOUT (262147), 50, 19, 49, 65, 0, 6b994cc1
003, LOC_CIVILIZATION_MONGOLIA_NAME, UNIT_SCOUT (262147), 51, 20, 51, 21, 0,  eb4673a
003, LOC_CIVILIZATION_KABUL_NAME, UNIT_WARRIOR (131073), 56, 37, -9999, -9999, 2325, ffffffff
003, LOC_CIVILIZATION_KABUL_NAME, UNIT_WARRIOR (196610), 55, 36, -9999, -9999, 2325, ffffffff
003, LOC_CIVILIZATION_KABUL_NAME, UNIT_WARRIOR (131073), 56, 37, 55, 38, 256, a3dd5bc4
003, LOC_CIVILIZATION_KABUL_NAME, UNIT_WARRIOR (196610), 55, 36, 56, 37, 256, 7b065ea1
003, LOC_CIVILIZATION_NAN_MADOL_NAME, UNIT_WARRIOR (196610), 64, 2, -9999, -9999, 2325, ffffffff
003, LOC_CIVILIZATION_NAN_MADOL_NAME, UNIT_WARRIOR (131073), 64, 3, -9999, -9999, 2325, ffffffff
003, LOC_CIVILIZATION_NAN_MADOL_NAME, UNIT_WARRIOR (131073), 64, 3, 65, 4, 256, 5442ab0d
003, LOC_CIVILIZATION_NAN_MADOL_NAME, UNIT_WARRIOR (196610), 64, 2, 64, 1, 256, d13e0b61
003, LOC_CIVILIZATION_SAMARKAND_NAME, UNIT_WARRIOR (196610), 57, 66, -9999, -9999, 2325, ffffffff
003, LOC_CIVILIZATION_SAMARKAND_NAME, UNIT_WARRIOR (131073), 57, 63, -9999, -9999, 2325, ffffffff
003, LOC_CIVILIZATION_SAMARKAND_NAME, UNIT_WARRIOR (131073), 57, 63, 56, 64, 256, 7e4c1e6d
003, LOC_CIVILIZATION_SAMARKAND_NAME, UNIT_WARRIOR (196610), 57, 66, 57, 65, 256, 8b372ba5
003, LOC_CIVILIZATION_GENEVA_NAME, UNIT_WARRIOR (131073), 70, 13, -9999, -9999, 2325, ffffffff
003, LOC_CIVILIZATION_GENEVA_NAME, UNIT_WARRIOR (196610), 69, 11, -9999, -9999, 2325, ffffffff
003, LOC_CIVILIZATION_GENEVA_NAME, UNIT_WARRIOR (131073), 70, 13, 70, 14, 256, 44f4f320
003, LOC_CIVILIZATION_GENEVA_NAME, UNIT_WARRIOR (196610), 69, 11, 70, 13, 256, 7984dae5
003, LOC_CIVILIZATION_CAGUANA_NAME, UNIT_WARRIOR (131073), 24, 24, -9999, -9999, 2325, ffffffff
003, LOC_CIVILIZATION_CAGUANA_NAME, UNIT_WARRIOR (196610), 25, 23, -9999, -9999, 2325, ffffffff
003, LOC_CIVILIZATION_CAGUANA_NAME, UNIT_WARRIOR (131073), 24, 24, 22, 25, 256, 32f98443
003, LOC_CIVILIZATION_CAGUANA_NAME, UNIT_WARRIOR (196610), 25, 23, 26, 24, 256, b0b11100
003, LOC_CIVILIZATION_LAHORE_NAME, UNIT_WARRIOR (196610), 40, 51, -9999, -9999, 2325, ffffffff
003, LOC_CIVILIZATION_LAHORE_NAME, UNIT_WARRIOR (131073), 41, 49, -9999, -9999, 2325, ffffffff
003, LOC_CIVILIZATION_LAHORE_NAME, UNIT_WARRIOR (131073), 41, 49, 42, 48, 256, ed76bea3
003, LOC_CIVILIZATION_LAHORE_NAME, UNIT_WARRIOR (196610), 40, 51, 41, 52, 256, 72e2feb1
003, LOC_CIVILIZATION_CHINGUETTI_NAME, UNIT_WARRIOR (131073), 55, 26, -9999, -9999, 2325, ffffffff
003, LOC_CIVILIZATION_CHINGUETTI_NAME, UNIT_WARRIOR (196610), 55, 28, -9999, -9999, 2325, ffffffff
003, LOC_CIVILIZATION_CHINGUETTI_NAME, UNIT_WARRIOR (131073), 55, 26, 53, 26, 256,  4122861
003, LOC_CIVILIZATION_CHINGUETTI_NAME, UNIT_WARRIOR (196610), 55, 28, 55, 27, 256, f74f15ef
003, LOC_CIVILIZATION_HATTUSA_NAME, UNIT_WARRIOR (196610), 44, 34, -9999, -9999, 2325, ffffffff
003, LOC_CIVILIZATION_HATTUSA_NAME, UNIT_WARRIOR (131073), 46, 34, -9999, -9999, 2325, ffffffff
003, LOC_CIVILIZATION_HATTUSA_NAME, UNIT_WARRIOR (131073), 46, 34, 46, 33, 256, 5d8e184c
003, LOC_CIVILIZATION_HATTUSA_NAME, UNIT_WARRIOR (196610), 44, 34, 44, 33, 256, b5a2d7ba
003, LOC_CIVILIZATION_BUENOS_AIRES_NAME, UNIT_WARRIOR (131073), 14, 16, -9999, -9999, 2325, ffffffff
003, LOC_CIVILIZATION_BUENOS_AIRES_NAME, UNIT_WARRIOR (196610), 13, 16, -9999, -9999, 2325, ffffffff
003, LOC_CIVILIZATION_BUENOS_AIRES_NAME, UNIT_WARRIOR (131073), 14, 16, 15, 14, 256, a6b653d7
003, LOC_CIVILIZATION_BUENOS_AIRES_NAME, UNIT_WARRIOR (196610), 13, 16, 14, 16, 256, 3429fab3
003, LOC_CIVILIZATION_MEXICO_CITY_NAME, UNIT_WARRIOR (131073), 10, 57, -9999, -9999, 2325, ffffffff
003, LOC_CIVILIZATION_MEXICO_CITY_NAME, UNIT_WARRIOR (196610), 11, 56, -9999, -9999, 2325, ffffffff
003, LOC_CIVILIZATION_MEXICO_CITY_NAME, UNIT_WARRIOR (131073), 10, 57, 11, 58, 256,  36f75d5
003, LOC_CIVILIZATION_MEXICO_CITY_NAME, UNIT_WARRIOR (196610), 11, 56, 9, 55, 256, 2adb38b2
003, LOC_CIVILIZATION_PERSIA_NAME, UNIT_WARRIOR (131073), 25, 61, -9999, -9999, 2325, ffffffff
003, LOC_CIVILIZATION_BABYLON_STK_NAME, UNIT_WARRIOR (131073), 10, 38, -9999, -9999, 2325, ffffffff
003, LOC_CIVILIZATION_INDIA_NAME, UNIT_WARRIOR (131073), 11, 30, -9999, -9999, 2325, ffffffff
003, LOC_CIVILIZATION_NUBIA_NAME, UNIT_WARRIOR (131073), 32, 16, -9999, -9999, 2325, ffffffff
003, LOC_CIVILIZATION_NUBIA_NAME, UNIT_WARRIOR (131073), 32, 16, 32, 17, 16656, 41d12e91
003, LOC_CIVILIZATION_PERSIA_NAME, UNIT_WARRIOR (131073), 25, 61, 24, 61, 16656, ca9e4ed0
003, LOC_CIVILIZATION_PERSIA_NAME, UNIT_WARRIOR (131073), 24, 61, 23, 61, 16400, ab023b19
003, LOC_CIVILIZATION_BABYLON_STK_NAME, UNIT_WARRIOR (131073), 10, 38, 10, 37, 16656, f01fcb9b
003, LOC_CIVILIZATION_INDIA_NAME, UNIT_WARRIOR (131073), 11, 30, 10, 32, 16656, 4140c679
003, LOC_CIVILIZATION_NUBIA_NAME, UNIT_WARRIOR (131073), 32, 17, 33, 17, 16400, 94601f4e
003, LOC_CIVILIZATION_INDIA_NAME, UNIT_WARRIOR (131073), 10, 32, -9999, -9999, 2325, ffffffff
003, LOC_CIVILIZATION_NUBIA_NAME, UNIT_VAMPIRE (196608), 33, 13, 34, 12, 16656, fb6c33d0
003, LOC_CIVILIZATION_NUBIA_NAME, UNIT_VAMPIRE (196608), 34, 12, 33, 11, 16400, 63489a24
003, LOC_CIVILIZATION_NUBIA_NAME, UNIT_VAMPIRE (196608), 33, 11, -9999, -9999, 2325, ffffffff
003, LOC_CIVILIZATION_NUBIA_NAME, UNIT_WARRIOR (131073), 33, 17, -9999, -9999, 2325, ffffffff
004, LOC_CIVILIZATION_AZTEC_NAME, UNIT_AZTEC_EAGLE_WARRIOR (131073), 49, 62, -9999, -9999, 2325, ffffffff
004, LOC_CIVILIZATION_AZTEC_NAME, UNIT_AZTEC_EAGLE_WARRIOR (131073), 49, 62, -9999, -9999, 2325, ffffffff
004, LOC_CIVILIZATION_AZTEC_NAME, UNIT_BUILDER (327680), 49, 61, -9999, -9999, 2325, ffffffff
004, LOC_CIVILIZATION_AZTEC_NAME, UNIT_SCOUT (262147), 51, 57, -9999, -9999, 2325, ffffffff
004, LOC_CIVILIZATION_AZTEC_NAME, UNIT_AZTEC_EAGLE_WARRIOR (131073), 49, 62, 46, 63, 276, 535536be
004, LOC_CIVILIZATION_AZTEC_NAME, UNIT_AZTEC_EAGLE_WARRIOR (131073), 49, 62, 46, 63, 37121, 535536be
004, LOC_CIVILIZATION_AZTEC_NAME, UNIT_BUILDER (327680), 49, 61, 48, 61, 4362, 858bb0e2
004, LOC_CIVILIZATION_AZTEC_NAME, UNIT_SCOUT (262147), 51, 57, 49, 19, 256, ae885539
004, LOC_CIVILIZATION_AZTEC_NAME, UNIT_SCOUT (262147), 50, 55, 50, 54, 0, 45330038
004, LOC_CIVILIZATION_AZTEC_NAME, UNIT_AZTEC_EAGLE_WARRIOR (131073), 47, 63, 46, 63, 36865, 238270de
004, LOC_CIVILIZATION_CREE_NAME, UNIT_WARRIOR (131073), 61, 45, -9999, -9999, 2325, ffffffff
004, LOC_CIVILIZATION_CREE_NAME, UNIT_WARRIOR (131073), 61, 45, -9999, -9999, 2325, ffffffff
004, LOC_CIVILIZATION_CREE_NAME, UNIT_BUILDER (327680), 60, 45, -9999, -9999, 2325, ffffffff
004, LOC_CIVILIZATION_CREE_NAME, UNIT_VAMPIRE (393220), 61, 44, -9999, -9999, 2325, ffffffff
004, LOC_CIVILIZATION_CREE_NAME, UNIT_CREE_OKIHTCITAW (262147), 59, 46, -9999, -9999, 2325, ffffffff
004, LOC_CIVILIZATION_CREE_NAME, UNIT_WARRIOR (131073), 61, 45, 61, 44, 276, d610d9e4
004, LOC_CIVILIZATION_CREE_NAME, UNIT_WARRIOR (131073), 61, 45, 60, 48, 276, 40d81d94
004, LOC_CIVILIZATION_CREE_NAME, UNIT_VAMPIRE (393220), 61, 44, 60, 44, 37121,  3a1e83b
004, LOC_CIVILIZATION_CREE_NAME, UNIT_WARRIOR (131073), 61, 45, 61, 44, 37121, d610d9e4
004, LOC_CIVILIZATION_CREE_NAME, UNIT_WARRIOR (131073), 61, 44, 60, 48, 36865, 22910385
004, LOC_CIVILIZATION_CREE_NAME, UNIT_VAMPIRE (393220), 60, 44, 60, 48, 36865, c7e72108
004, LOC_CIVILIZATION_CREE_NAME, UNIT_BUILDER (327680), 60, 45, 49, 19, 256, e8e0bc0d
004, LOC_CIVILIZATION_CREE_NAME, UNIT_BUILDER (327680), 59, 43, 58, 40, 0, 8a4e3046
004, LOC_CIVILIZATION_CREE_NAME, UNIT_BUILDER (327680), 58, 41, 58, 40, 0, beff6f56
004, LOC_CIVILIZATION_CREE_NAME, UNIT_CREE_OKIHTCITAW (262147), 59, 46, 51, 52, 256, c88a83ca
004, LOC_CIVILIZATION_CREE_NAME, UNIT_CREE_OKIHTCITAW (262147), 58, 48, 57, 49, 0, ffffffff
004, LOC_CIVILIZATION_CREE_NAME, UNIT_CREE_OKIHTCITAW (262147), 58, 48, 51, 52, 0,  f46a92e
004, LOC_CIVILIZATION_CREE_NAME, UNIT_SETTLER (196610), 61, 45, 60, 48, 36865, 40d81d94
004, LOC_CIVILIZATION_MALI_NAME, UNIT_WARRIOR (131073), 64, 34, -9999, -9999, 2325, ffffffff
004, LOC_CIVILIZATION_MALI_NAME, UNIT_WARRIOR (131073), 64, 34, -9999, -9999, 2325, ffffffff
004, LOC_CIVILIZATION_MALI_NAME, UNIT_SCOUT (262147), 60, 32, -9999, -9999, 2325, ffffffff
004, LOC_CIVILIZATION_MALI_NAME, UNIT_BUILDER (327680), 64, 33, -9999, -9999, 2325, ffffffff
004, LOC_CIVILIZATION_MALI_NAME, UNIT_WARRIOR (131073), 64, 34, 60, 48, 276, 52d9a449
004, LOC_CIVILIZATION_MALI_NAME, UNIT_WARRIOR (131073), 64, 34, 60, 48, 37121, ffffffff
004, LOC_CIVILIZATION_MALI_NAME, UNIT_WARRIOR (131073), 64, 34, 60, 48, 37121, ffffffff
004, LOC_CIVILIZATION_MALI_NAME, UNIT_BUILDER (327680), 64, 33, 65, 34, 4362, 22050b06
004, LOC_CIVILIZATION_MALI_NAME, UNIT_SCOUT (262147), 60, 32, 49, 19, 256, 6d7ef594
004, LOC_CIVILIZATION_MALI_NAME, UNIT_SCOUT (262147), 58, 31, 58, 30, 0, e5c01a93
004, LOC_CIVILIZATION_MONGOLIA_NAME, UNIT_WARRIOR (131073), 51, 16, -9999, -9999, 2325, ffffffff
004, LOC_CIVILIZATION_MONGOLIA_NAME, UNIT_WARRIOR (131073), 51, 16, -9999, -9999, 2325, ffffffff
004, LOC_CIVILIZATION_MONGOLIA_NAME, UNIT_SCOUT (262147), 51, 21, -9999, -9999, 2325, ffffffff
004, LOC_CIVILIZATION_MONGOLIA_NAME, UNIT_WARRIOR (131073), 51, 16, 60, 48, 276, 38372792
004, LOC_CIVILIZATION_MONGOLIA_NAME, UNIT_WARRIOR (131073), 51, 16, 60, 48, 37121, ffffffff
004, LOC_CIVILIZATION_MONGOLIA_NAME, UNIT_WARRIOR (131073), 51, 16, 60, 48, 37121, ffffffff
004, LOC_CIVILIZATION_MONGOLIA_NAME, UNIT_SCOUT (262147), 51, 21, 49, 19, 256, 24424e57
004, LOC_CIVILIZATION_MONGOLIA_NAME, UNIT_SCOUT (262147), 51, 20, 50, 19, 0, 144784b9
004, LOC_CIVILIZATION_MONGOLIA_NAME, UNIT_SCOUT (262147), 50, 19, 49, 19, 0, 6d3572f8
004, LOC_CIVILIZATION_MONGOLIA_NAME, UNIT_SCOUT (262147), 50, 19, 57, 31, 0, a20f8546
004, LOC_CIVILIZATION_KABUL_NAME, UNIT_WARRIOR (196610), 56, 37, -9999, -9999, 2325, ffffffff
004, LOC_CIVILIZATION_KABUL_NAME, UNIT_WARRIOR (131073), 55, 38, -9999, -9999, 2325, ffffffff
004, LOC_CIVILIZATION_KABUL_NAME, UNIT_WARRIOR (131073), 55, 38, 55, 39, 256, a15e0c40
004, LOC_CIVILIZATION_KABUL_NAME, UNIT_WARRIOR (196610), 56, 37, 56, 36, 256, 8da42fd7
004, LOC_CIVILIZATION_NAN_MADOL_NAME, UNIT_WARRIOR (196610), 64, 1, -9999, -9999, 2325, ffffffff
004, LOC_CIVILIZATION_NAN_MADOL_NAME, UNIT_WARRIOR (131073), 65, 4, -9999, -9999, 2325, ffffffff
004, LOC_CIVILIZATION_NAN_MADOL_NAME, UNIT_WARRIOR (131073), 65, 4, 64, 5, 256, a4498994
004, LOC_CIVILIZATION_NAN_MADOL_NAME, UNIT_WARRIOR (196610), 64, 1, 64, 2, 256, 7c872a0c
004, LOC_CIVILIZATION_SAMARKAND_NAME, UNIT_WARRIOR (196610), 57, 65, -9999, -9999, 2325, ffffffff
004, LOC_CIVILIZATION_SAMARKAND_NAME, UNIT_WARRIOR (131073), 56, 64, -9999, -9999, 2325, ffffffff
004, LOC_CIVILIZATION_SAMARKAND_NAME, UNIT_WARRIOR (131073), 56, 64, 57, 62, 256, 1d72e575
004, LOC_CIVILIZATION_SAMARKAND_NAME, UNIT_WARRIOR (196610), 57, 65, 57, 66, 256, 268e0ac8
004, LOC_CIVILIZATION_GENEVA_NAME, UNIT_WARRIOR (131073), 70, 14, -9999, -9999, 2325, ffffffff
004, LOC_CIVILIZATION_GENEVA_NAME, UNIT_WARRIOR (196610), 70, 13, -9999, -9999, 2325, ffffffff
004, LOC_CIVILIZATION_GENEVA_NAME, UNIT_WARRIOR (131073), 70, 14, 70, 15, 256, a4857346
004, LOC_CIVILIZATION_GENEVA_NAME, UNIT_WARRIOR (196610), 70, 13, 72, 14, 256, 389b69ab
004, LOC_CIVILIZATION_CAGUANA_NAME, UNIT_WARRIOR (196610), 26, 24, -9999, -9999, 2325, ffffffff
004, LOC_CIVILIZATION_CAGUANA_NAME, UNIT_WARRIOR (131073), 22, 25, -9999, -9999, 2325, ffffffff
004, LOC_CIVILIZATION_CAGUANA_NAME, UNIT_WARRIOR (131073), 22, 25, 22, 26, 256, 6c36989c
004, LOC_CIVILIZATION_CAGUANA_NAME, UNIT_WARRIOR (196610), 26, 24, 25, 25, 256, 604f7667
004, LOC_CIVILIZATION_LAHORE_NAME, UNIT_WARRIOR (131073), 42, 48, -9999, -9999, 2325, ffffffff
004, LOC_CIVILIZATION_LAHORE_NAME, UNIT_WARRIOR (196610), 41, 52, -9999, -9999, 2325, ffffffff
004, LOC_CIVILIZATION_LAHORE_NAME, UNIT_WARRIOR (131073), 42, 48, 41, 47, 256, 9ad797a1
004, LOC_CIVILIZATION_LAHORE_NAME, UNIT_WARRIOR (196610), 41, 52, 41, 51, 256, 981a3fab
004, LOC_CIVILIZATION_CHINGUETTI_NAME, UNIT_WARRIOR (131073), 53, 26, -9999, -9999, 2325, ffffffff
004, LOC_CIVILIZATION_CHINGUETTI_NAME, UNIT_WARRIOR (196610), 55, 27, -9999, -9999, 2325, ffffffff
004, LOC_CIVILIZATION_CHINGUETTI_NAME, UNIT_WARRIOR (131073), 53, 26, 55, 26, 256, 42207e75
004, LOC_CIVILIZATION_CHINGUETTI_NAME, UNIT_WARRIOR (196610), 55, 27, 54, 27, 256, 74a483b6
004, LOC_CIVILIZATION_HATTUSA_NAME, UNIT_WARRIOR (131073), 46, 33, -9999, -9999, 2325, ffffffff
004, LOC_CIVILIZATION_HATTUSA_NAME, UNIT_WARRIOR (196610), 44, 33, -9999, -9999, 2325, ffffffff
004, LOC_CIVILIZATION_HATTUSA_NAME, UNIT_WARRIOR (131073), 46, 33, 47, 35, 256, eca5dce3
004, LOC_CIVILIZATION_HATTUSA_NAME, UNIT_WARRIOR (196610), 44, 33, 45, 34, 256, d4b1f649
004, LOC_CIVILIZATION_BUENOS_AIRES_NAME, UNIT_WARRIOR (131073), 15, 14, -9999, -9999, 2325, ffffffff
004, LOC_CIVILIZATION_BUENOS_AIRES_NAME, UNIT_WARRIOR (196610), 14, 16, -9999, -9999, 2325, ffffffff
004, LOC_CIVILIZATION_BUENOS_AIRES_NAME, UNIT_WARRIOR (131073), 15, 14, 16, 14, 256, 1a8c4d15
004, LOC_CIVILIZATION_BUENOS_AIRES_NAME, UNIT_WARRIOR (196610), 14, 16, 15, 16, 256, ea3655c3
004, LOC_CIVILIZATION_MEXICO_CITY_NAME, UNIT_WARRIOR (131073), 11, 58, -9999, -9999, 2325, ffffffff
004, LOC_CIVILIZATION_MEXICO_CITY_NAME, UNIT_WARRIOR (196610), 9, 55, -9999, -9999, 2325, ffffffff
004, LOC_CIVILIZATION_MEXICO_CITY_NAME, UNIT_WARRIOR (131073), 11, 58, 12, 58, 256, 9a3b486a
004, LOC_CIVILIZATION_MEXICO_CITY_NAME, UNIT_WARRIOR (196610), 9, 55, 10, 57, 256, 6e1d0eb5
004, LOC_CIVILIZATION_PERSIA_NAME, UNIT_WARRIOR (131073), 23, 61, -9999, -9999, 2325, ffffffff
004, LOC_CIVILIZATION_PERSIA_NAME, UNIT_SCOUT (196608), 31, 62, -9999, -9999, 2325, ffffffff
004, LOC_CIVILIZATION_BABYLON_STK_NAME, UNIT_WARRIOR (131073), 10, 37, -9999, -9999, 2325, ffffffff
004, LOC_CIVILIZATION_BABYLON_STK_NAME, UNIT_BABYLONIAN_SABUM_KIBITTUM (196608), 10, 41, -9999, -9999, 2325, ffffffff
004, LOC_CIVILIZATION_INDIA_NAME, UNIT_WARRIOR (131073), 10, 32, -9999, -9999, 2325, ffffffff
004, LOC_CIVILIZATION_NUBIA_NAME, UNIT_VAMPIRE (196608), 33, 11, -9999, -9999, 2325, ffffffff
004, LOC_CIVILIZATION_NUBIA_NAME, UNIT_WARRIOR (131073), 33, 17, -9999, -9999, 2325, ffffffff
004, LOC_CIVILIZATION_NUBIA_NAME, UNIT_SCOUT (262146), 33, 13, -9999, -9999, 2325, ffffffff
004, LOC_CIVILIZATION_PERSIA_NAME, UNIT_WARRIOR (131073), 23, 61, 23, 63, 16656, 535a8f8d
004, LOC_CIVILIZATION_INDIA_NAME, UNIT_WARRIOR (131073), 10, 32, 8, 32, 16656, 2fa19665
004, LOC_CIVILIZATION_PERSIA_NAME, UNIT_SCOUT (196608), 31, 62, 32, 62, 16656, 146478a9
004, LOC_CIVILIZATION_PERSIA_NAME, UNIT_SCOUT (196608), 32, 62, 33, 62, 16400, 708690c0
004, LOC_CIVILIZATION_NUBIA_NAME, UNIT_WARRIOR (131073), 33, 17, 34, 18, 16656, 24c70d66
004, LOC_CIVILIZATION_BABYLON_STK_NAME, UNIT_BABYLONIAN_SABUM_KIBITTUM (196608), 10, 41, 11, 41, 16656, ccef17b1
004, LOC_CIVILIZATION_PERSIA_NAME, UNIT_SCOUT (196608), 33, 62, 33, 63, 16400,  3662400
004, LOC_CIVILIZATION_BABYLON_STK_NAME, UNIT_BABYLONIAN_SABUM_KIBITTUM (196608), 11, 41, 12, 42, 16400, f8020b63
004, LOC_CIVILIZATION_BABYLON_STK_NAME, UNIT_BABYLONIAN_SABUM_KIBITTUM (196608), 12, 42, 12, 43, 16400, 85a4b3bc
004, LOC_CIVILIZATION_NUBIA_NAME, UNIT_SCOUT (262146), 33, 13, 32, 13, 16656, 7215e708
004, LOC_CIVILIZATION_NUBIA_NAME, UNIT_SCOUT (262146), 32, 13, 32, 14, 16400, 4c3df2c3
004, LOC_CIVILIZATION_NUBIA_NAME, UNIT_SCOUT (262146), 32, 14, 31, 14, 16400, 3bfde0d1
004, LOC_CIVILIZATION_BABYLON_STK_NAME, UNIT_WARRIOR (131073), 10, 37, 11, 37, 16656, 179898c6
004, LOC_CIVILIZATION_BABYLON_STK_NAME, UNIT_WARRIOR (131073), 11, 37, 12, 36, 16400, 6ebd251f
004, LOC_CIVILIZATION_NUBIA_NAME, UNIT_VAMPIRE (196608), 33, 11, 34, 10, 16656, 7b6f774b
004, LOC_CIVILIZATION_NUBIA_NAME, UNIT_VAMPIRE (196608), 34, 10, 35, 10, 16400, bc6be97a
005, LOC_CIVILIZATION_AZTEC_NAME, UNIT_AZTEC_EAGLE_WARRIOR (131073), 47, 63, -9999, -9999, 2325, ffffffff
005, LOC_CIVILIZATION_AZTEC_NAME, UNIT_AZTEC_EAGLE_WARRIOR (131073), 47, 63, -9999, -9999, 2325, ffffffff
005, LOC_CIVILIZATION_AZTEC_NAME, UNIT_SCOUT (262147), 50, 54, -9999, -9999, 2325, ffffffff
005, LOC_CIVILIZATION_AZTEC_NAME, UNIT_BUILDER (327680), 48, 61, -9999, -9999, 2325, ffffffff
005, LOC_CIVILIZATION_AZTEC_NAME, UNIT_AZTEC_EAGLE_WARRIOR (131073), 47, 63, 46, 63, 276, 238270de
005, LOC_CIVILIZATION_AZTEC_NAME, UNIT_AZTEC_EAGLE_WARRIOR (131073), 47, 63, 46, 63, 37121, 238270de
005, LOC_CIVILIZATION_AZTEC_NAME, UNIT_SCOUT (262147), 50, 54, 49, 19, 256, a94e71ad
005, LOC_CIVILIZATION_AZTEC_NAME, UNIT_SCOUT (262147), 50, 52, 49, 51, 0, ffffffff
005, LOC_CIVILIZATION_AZTEC_NAME, UNIT_SCOUT (262147), 50, 52, 49, 19, 0, e5c530fc
005, LOC_CIVILIZATION_CREE_NAME, UNIT_WARRIOR (131073), 61, 45, -9999, -9999, 2325, ffffffff
005, LOC_CIVILIZATION_CREE_NAME, UNIT_SETTLER (196610), 61, 46, -9999, -9999, 2325, ffffffff
005, LOC_CIVILIZATION_CREE_NAME, UNIT_BUILDER (327680), 58, 40, -9999, -9999, 2325, ffffffff
005, LOC_CIVILIZATION_CREE_NAME, UNIT_CREE_OKIHTCITAW (262147), 57, 48, -9999, -9999, 2325, ffffffff
005, LOC_CIVILIZATION_CREE_NAME, UNIT_VAMPIRE (393220), 59, 45, -9999, -9999, 2325, ffffffff
005, LOC_CIVILIZATION_CREE_NAME, UNIT_BUILDER (458757), 61, 44, -9999, -9999, 2325, ffffffff
005, LOC_CIVILIZATION_CREE_NAME, UNIT_SETTLER (196610), 61, 46, 60, 48, 276, d02418ac
005, LOC_CIVILIZATION_CREE_NAME, UNIT_SETTLER (196610), 61, 46, 60, 48, 37129, d02418ac
005, LOC_CIVILIZATION_CREE_NAME, UNIT_VAMPIRE (393220), 59, 45, 60, 48, 37121, a91942d6
005, LOC_CIVILIZATION_CREE_NAME, UNIT_WARRIOR (131073), 61, 45, 60, 48, 256, ffffffff
005, LOC_CIVILIZATION_CREE_NAME, UNIT_CREE_OKIHTCITAW (262147), 57, 48, 60, 48, 256, ffffffff
005, LOC_CIVILIZATION_CREE_NAME, UNIT_BUILDER (327680), 58, 40, 49, 19, 256, df74eceb
005, LOC_CIVILIZATION_CREE_NAME, UNIT_BUILDER (327680), 57, 40, 55, 36, 0, 9788101d
005, LOC_CIVILIZATION_CREE_NAME, UNIT_BUILDER (327680), 56, 39, 54, 37, 0, ffffffff
005, LOC_CIVILIZATION_CREE_NAME, UNIT_BUILDER (327680), 56, 39, 49, 19, 0, 243819d0
005, LOC_CIVILIZATION_CREE_NAME, UNIT_BUILDER (327680), 57, 37, 58, 36, 0, 773d4fcf
005, LOC_CIVILIZATION_CREE_NAME, UNIT_BUILDER (458757), 61, 44, 49, 65, 256, cc7aced1
005, LOC_CIVILIZATION_MALI_NAME, UNIT_WARRIOR (131073), 64, 34, -9999, -9999, 2325, ffffffff
005, LOC_CIVILIZATION_MALI_NAME, UNIT_WARRIOR (131073), 64, 34, -9999, -9999, 2325, ffffffff
005, LOC_CIVILIZATION_MALI_NAME, UNIT_BUILDER (327680), 65, 34, -9999, -9999, 2325, ffffffff
005, LOC_CIVILIZATION_MALI_NAME, UNIT_SCOUT (262147), 58, 30, -9999, -9999, 2325, ffffffff
005, LOC_CIVILIZATION_MALI_NAME, UNIT_SCOUT (393220), 64, 33, -9999, -9999, 2325, ffffffff
005, LOC_CIVILIZATION_MALI_NAME, UNIT_WARRIOR (131073), 64, 34, 58, 40, 276, af38b9ec
005, LOC_CIVILIZATION_MALI_NAME, UNIT_WARRIOR (131073), 64, 34, 58, 40, 37121, ef85132d
005, LOC_CIVILIZATION_MALI_NAME, UNIT_BUILDER (327680), 65, 34, 65, 33, 4362, 37004d0e
005, LOC_CIVILIZATION_MALI_NAME, UNIT_SCOUT (262147), 58, 30, 49, 19, 256, 32388bc0
005, LOC_CIVILIZATION_MALI_NAME, UNIT_SCOUT (262147), 59, 28, 58, 27, 0, 269cbf86
005, LOC_CIVILIZATION_MALI_NAME, UNIT_SCOUT (393220), 64, 33, 49, 65, 256, b064b05b
005, LOC_CIVILIZATION_MALI_NAME, UNIT_SCOUT (393220), 65, 35, 66, 36, 0, f059ea1f
005, LOC_CIVILIZATION_MALI_NAME, UNIT_WARRIOR (131073), 63, 32, 58, 40, 36865, d3872c58
005, LOC_CIVILIZATION_MONGOLIA_NAME, UNIT_WARRIOR (131073), 51, 16, -9999, -9999, 2325, ffffffff
005, LOC_CIVILIZATION_MONGOLIA_NAME, UNIT_WARRIOR (131073), 51, 16, -9999, -9999, 2325, ffffffff
005, LOC_CIVILIZATION_MONGOLIA_NAME, UNIT_BUILDER (327680), 50, 15, -9999, -9999, 2325, ffffffff
005, LOC_CIVILIZATION_MONGOLIA_NAME, UNIT_SCOUT (262147), 51, 20, -9999, -9999, 2325, ffffffff
005, LOC_CIVILIZATION_MONGOLIA_NAME, UNIT_WARRIOR (131073), 51, 16, 58, 29, 276, 60bfb8f5
005, LOC_CIVILIZATION_MONGOLIA_NAME, UNIT_WARRIOR (131073), 51, 16, 58, 29, 37121, ffffffff
005, LOC_CIVILIZATION_MONGOLIA_NAME, UNIT_WARRIOR (131073), 51, 16, 58, 29, 37121, ffffffff
005, LOC_CIVILIZATION_MONGOLIA_NAME, UNIT_BUILDER (327680), 50, 15, 51, 15, 4362, bd73ea38
005, LOC_CIVILIZATION_MONGOLIA_NAME, UNIT_SCOUT (262147), 51, 20, 49, 19, 256, 49a5dd3f
005, LOC_CIVILIZATION_MONGOLIA_NAME, UNIT_SCOUT (262147), 50, 19, 57, 31, 0, a20f8546
005, LOC_CIVILIZATION_MONGOLIA_NAME, UNIT_SCOUT (262147), 51, 20, 51, 21, 0,  eb4673a
005, LOC_CIVILIZATION_KABUL_NAME, UNIT_BUILDER (262144), 55, 35, -9999, -9999, 2325, ffffffff
005, LOC_CIVILIZATION_KABUL_NAME, UNIT_WARRIOR (131073), 55, 39, -9999, -9999, 2325, ffffffff
005, LOC_CIVILIZATION_KABUL_NAME, UNIT_WARRIOR (196610), 56, 36, -9999, -9999, 2325, ffffffff
005, LOC_CIVILIZATION_KABUL_NAME, UNIT_BUILDER (262144), 55, 35, 56, 35, 4362, 9e98a8bf
005, LOC_CIVILIZATION_KABUL_NAME, UNIT_WARRIOR (131073), 55, 39, 57, 38, 256, b45149a9
005, LOC_CIVILIZATION_KABUL_NAME, UNIT_WARRIOR (196610), 56, 36, 57, 37, 256, 61e01034
005, LOC_CIVILIZATION_NAN_MADOL_NAME, UNIT_WARRIOR (196610), 64, 2, -9999, -9999, 2325, ffffffff
005, LOC_CIVILIZATION_NAN_MADOL_NAME, UNIT_WARRIOR (131073), 64, 5, -9999, -9999, 2325, ffffffff
005, LOC_CIVILIZATION_NAN_MADOL_NAME, UNIT_WARRIOR (131073), 64, 5, 65, 4, 256,  2180c8b
005, LOC_CIVILIZATION_NAN_MADOL_NAME, UNIT_WARRIOR (196610), 64, 2, 64, 3, 256, 9cf6aa6a
005, LOC_CIVILIZATION_SAMARKAND_NAME, UNIT_WARRIOR (196610), 57, 66, -9999, -9999, 2325, ffffffff
005, LOC_CIVILIZATION_SAMARKAND_NAME, UNIT_WARRIOR (131073), 57, 62, -9999, -9999, 2325, ffffffff
005, LOC_CIVILIZATION_SAMARKAND_NAME, UNIT_WARRIOR (131073), 57, 62, 56, 61, 256, b8f7d07b
005, LOC_CIVILIZATION_SAMARKAND_NAME, UNIT_WARRIOR (196610), 57, 66, 57, 65, 256, 8b372ba5
005, LOC_CIVILIZATION_GENEVA_NAME, UNIT_WARRIOR (131073), 70, 15, -9999, -9999, 2325, ffffffff
005, LOC_CIVILIZATION_GENEVA_NAME, UNIT_WARRIOR (196610), 72, 14, -9999, -9999, 2325, ffffffff
005, LOC_CIVILIZATION_GENEVA_NAME, UNIT_BUILDER (262144), 70, 13, -9999, -9999, 2325, ffffffff
005, LOC_CIVILIZATION_GENEVA_NAME, UNIT_BUILDER (262144), 70, 13, 70, 12, 4362,  93c522b
005, LOC_CIVILIZATION_GENEVA_NAME, UNIT_WARRIOR (131073), 70, 15, 71, 15, 256, 71344299
005, LOC_CIVILIZATION_GENEVA_NAME, UNIT_WARRIOR (196610), 72, 14, 70, 13, 256, f16f2546
005, LOC_CIVILIZATION_CAGUANA_NAME, UNIT_WARRIOR (196610), 25, 25, -9999, -9999, 2325, ffffffff
005, LOC_CIVILIZATION_CAGUANA_NAME, UNIT_WARRIOR (131073), 22, 26, -9999, -9999, 2325, ffffffff
005, LOC_CIVILIZATION_CAGUANA_NAME, UNIT_WARRIOR (131073), 22, 26, 23, 25, 256, 7c430ea6
005, LOC_CIVILIZATION_CAGUANA_NAME, UNIT_WARRIOR (196610), 25, 25, 26, 24, 256, 2e323c8e
005, LOC_CIVILIZATION_LAHORE_NAME, UNIT_BUILDER (262144), 41, 49, -9999, -9999, 2325, ffffffff
005, LOC_CIVILIZATION_LAHORE_NAME, UNIT_WARRIOR (196610), 41, 51, -9999, -9999, 2325, ffffffff
005, LOC_CIVILIZATION_LAHORE_NAME, UNIT_WARRIOR (131073), 41, 47, -9999, -9999, 2325, ffffffff
005, LOC_CIVILIZATION_LAHORE_NAME, UNIT_BUILDER (262144), 41, 49, 41, 48, 4362, 63f9b940
005, LOC_CIVILIZATION_LAHORE_NAME, UNIT_WARRIOR (131073), 41, 47, 41, 49, 256, abe697f6
005, LOC_CIVILIZATION_LAHORE_NAME, UNIT_WARRIOR (196610), 41, 51, 40, 53, 256, 444e64a8
005, LOC_CIVILIZATION_CHINGUETTI_NAME, UNIT_WARRIOR (131073), 55, 26, -9999, -9999, 2325, ffffffff
005, LOC_CIVILIZATION_CHINGUETTI_NAME, UNIT_WARRIOR (196610), 54, 27, -9999, -9999, 2325, ffffffff
005, LOC_CIVILIZATION_CHINGUETTI_NAME, UNIT_WARRIOR (131073), 55, 26, 55, 28, 256, 2e6b151c
005, LOC_CIVILIZATION_CHINGUETTI_NAME, UNIT_WARRIOR (196610), 54, 27, 54, 28, 256, d11dd46b
005, LOC_CIVILIZATION_HATTUSA_NAME, UNIT_WARRIOR (131073), 47, 35, -9999, -9999, 2325, ffffffff
005, LOC_CIVILIZATION_HATTUSA_NAME, UNIT_WARRIOR (196610), 45, 34, -9999, -9999, 2325, ffffffff
005, LOC_CIVILIZATION_HATTUSA_NAME, UNIT_WARRIOR (131073), 47, 35, 47, 34, 256, b6173c58
005, LOC_CIVILIZATION_HATTUSA_NAME, UNIT_WARRIOR (196610), 45, 34, 43, 35, 256, 58b41c52
005, LOC_CIVILIZATION_BUENOS_AIRES_NAME, UNIT_WARRIOR (131073), 16, 14, -9999, -9999, 2325, ffffffff
005, LOC_CIVILIZATION_BUENOS_AIRES_NAME, UNIT_WARRIOR (196610), 15, 16, -9999, -9999, 2325, ffffffff
005, LOC_CIVILIZATION_BUENOS_AIRES_NAME, UNIT_BUILDER (262144), 14, 16, -9999, -9999, 2325, ffffffff
005, LOC_CIVILIZATION_BUENOS_AIRES_NAME, UNIT_BUILDER (262144), 14, 16, 14, 17, 4362, edc086f8
005, LOC_CIVILIZATION_BUENOS_AIRES_NAME, UNIT_WARRIOR (131073), 16, 14, 15, 14, 256, b76d295b
005, LOC_CIVILIZATION_BUENOS_AIRES_NAME, UNIT_WARRIOR (196610), 15, 16, 14, 15, 256, 6ca08276
005, LOC_CIVILIZATION_MEXICO_CITY_NAME, UNIT_WARRIOR (131073), 12, 58, -9999, -9999, 2325, ffffffff
005, LOC_CIVILIZATION_MEXICO_CITY_NAME, UNIT_WARRIOR (196610), 10, 57, -9999, -9999, 2325, ffffffff
005, LOC_CIVILIZATION_MEXICO_CITY_NAME, UNIT_BUILDER (262144), 10, 59, -9999, -9999, 2325, ffffffff
005, LOC_CIVILIZATION_MEXICO_CITY_NAME, UNIT_BUILDER (262144), 10, 59, 11, 59, 4362, fa05c4f2
005, LOC_CIVILIZATION_MEXICO_CITY_NAME, UNIT_WARRIOR (131073), 12, 58, 12, 56, 256, e1a19436
005, LOC_CIVILIZATION_MEXICO_CITY_NAME, UNIT_WARRIOR (196610), 10, 57, 9, 57, 256, c7de0006
005, LOC_CIVILIZATION_PERSIA_NAME, UNIT_SCOUT (196608), 33, 63, -9999, -9999, 2325, ffffffff
005, LOC_CIVILIZATION_PERSIA_NAME, UNIT_WARRIOR (131073), 23, 63, -9999, -9999, 2325, ffffffff
005, LOC_CIVILIZATION_BABYLON_STK_NAME, UNIT_WARRIOR (131073), 12, 36, -9999, -9999, 2325, ffffffff
005, LOC_CIVILIZATION_BABYLON_STK_NAME, UNIT_BABYLONIAN_SABUM_KIBITTUM (196608), 12, 43, -9999, -9999, 2325, ffffffff
005, LOC_CIVILIZATION_INDIA_NAME, UNIT_WARRIOR (131073), 8, 32, -9999, -9999, 2325, ffffffff
005, LOC_CIVILIZATION_INDIA_NAME, UNIT_SCOUT (196608), 11, 25, -9999, -9999, 2325, ffffffff
005, LOC_CIVILIZATION_NUBIA_NAME, UNIT_VAMPIRE (196608), 35, 10, -9999, -9999, 2325, ffffffff
005, LOC_CIVILIZATION_NUBIA_NAME, UNIT_WARRIOR (131073), 34, 18, -9999, -9999, 2325, ffffffff
005, LOC_CIVILIZATION_NUBIA_NAME, UNIT_SCOUT (262146), 31, 14, -9999, -9999, 2325, ffffffff
005, LOC_CIVILIZATION_PERSIA_NAME, UNIT_WARRIOR (131073), 23, 63, 24, 64, 16656, afcb457e
005, LOC_CIVILIZATION_PERSIA_NAME, UNIT_WARRIOR (131073), 24, 64, 25, 64, 16400, 93a5308f
005, LOC_CIVILIZATION_PERSIA_NAME, UNIT_SCOUT (196608), 33, 63, 34, 63, 16656, 94f212a2
005, LOC_CIVILIZATION_PERSIA_NAME, UNIT_SCOUT (196608), 34, 63, 35, 64, 16400, b09902c6
005, LOC_CIVILIZATION_PERSIA_NAME, UNIT_SCOUT (196608), 35, 64, 36, 64, 16400, aa470983
005, LOC_CIVILIZATION_BABYLON_STK_NAME, UNIT_WARRIOR (131073), 12, 36, 11, 34, 16656, d97c7ba3
005, LOC_CIVILIZATION_NUBIA_NAME, UNIT_SCOUT (262146), 31, 14, 30, 15, 16656, 9443db1d
005, LOC_CIVILIZATION_NUBIA_NAME, UNIT_SCOUT (262146), 30, 15, 29, 15, 16400, bb6b8ada
005, LOC_CIVILIZATION_INDIA_NAME, UNIT_WARRIOR (131073), 8, 32, 7, 32, 16656, c78420f4
005, LOC_CIVILIZATION_INDIA_NAME, UNIT_WARRIOR (131073), 7, 32, 5, 33, 16400, bedae561
005, LOC_CIVILIZATION_BABYLON_STK_NAME, UNIT_BUILDER (262146), 10, 41, 11, 42, 16656, 4a7b651f
005, LOC_CIVILIZATION_INDIA_NAME, UNIT_SCOUT (196608), 11, 25, 14, 24, 16656, 38d01b09
005, LOC_CIVILIZATION_BABYLON_STK_NAME, UNIT_BABYLONIAN_SABUM_KIBITTUM (196608), 12, 43, 13, 44, 16656, 4d10b2db
005, LOC_CIVILIZATION_BABYLON_STK_NAME, UNIT_BABYLONIAN_SABUM_KIBITTUM (196608), 13, 44, 14, 44, 16400, 3462449a
005, LOC_CIVILIZATION_PERSIA_NAME, UNIT_VAMPIRE (262146), 31, 62, 32, 61, 16656, 8fafb3df
005, LOC_CIVILIZATION_BABYLON_STK_NAME, UNIT_BABYLONIAN_SABUM_KIBITTUM (196608), 14, 44, 14, 45, 16400, ed8b38d1
005, LOC_CIVILIZATION_NUBIA_NAME, UNIT_WARRIOR (131073), 34, 18, 35, 18, 16656, d1f5f1d5
005, LOC_CIVILIZATION_NUBIA_NAME, UNIT_WARRIOR (131073), 35, 18, 36, 18, 16400, 638c9fa9
005, LOC_CIVILIZATION_INDIA_NAME, UNIT_SCOUT (196608), 14, 24, -9999, -9999, 2325, ffffffff
005, LOC_CIVILIZATION_INDIA_NAME, UNIT_WARRIOR (131073), 6, 33, -9999, -9999, 2325, ffffffff
005, LOC_CIVILIZATION_NUBIA_NAME, UNIT_SCOUT (262146), 29, 15, 28, 15, 16400, 657425aa
005, LOC_CIVILIZATION_NUBIA_NAME, UNIT_VAMPIRE (196608), 35, 10, 35, 9, 16656, 8243fcb1
005, LOC_CIVILIZATION_NUBIA_NAME, UNIT_VAMPIRE (196608), 35, 9, 35, 8, 16400, 62327cd7
006, LOC_CIVILIZATION_AZTEC_NAME, UNIT_AZTEC_EAGLE_WARRIOR (131073), 45, 63, -9999, -9999, 2325, ffffffff
006, LOC_CIVILIZATION_AZTEC_NAME, UNIT_SCOUT (262147), 51, 52, -9999, -9999, 2325, ffffffff
006, LOC_CIVILIZATION_AZTEC_NAME, UNIT_BUILDER (327680), 48, 61, -9999, -9999, 2325, ffffffff
006, LOC_CIVILIZATION_AZTEC_NAME, UNIT_BUILDER (524290), 49, 61, -9999, -9999, 2325, ffffffff
006, LOC_CIVILIZATION_AZTEC_NAME, UNIT_SETTLER (393220), 46, 63, -9999, -9999, 2325, ffffffff
006, LOC_CIVILIZATION_AZTEC_NAME, UNIT_SCOUT (458757), 46, 63, -9999, -9999, 2325, ffffffff
006, LOC_CIVILIZATION_AZTEC_NAME, UNIT_SETTLER (393220), 46, 63, 49, 61, 276, b4022a06
006, LOC_CIVILIZATION_AZTEC_NAME, UNIT_AZTEC_EAGLE_WARRIOR (131073), 45, 63, 46, 63, 256, ffffffff
006, LOC_CIVILIZATION_AZTEC_NAME, UNIT_SETTLER (393220), 46, 63, 45, 63, 256, 15b11058
006, LOC_CIVILIZATION_AZTEC_NAME, UNIT_AZTEC_EAGLE_WARRIOR (131073), 45, 63, 46, 63, 0, ffffffff
006, LOC_CIVILIZATION_AZTEC_NAME, UNIT_AZTEC_EAGLE_WARRIOR (131073), 45, 63, 49, 62, 36865, 5f24f0c9
006, LOC_CIVILIZATION_AZTEC_NAME, UNIT_AZTEC_EAGLE_WARRIOR (131073), 46, 64, 49, 62, 36865, 53fc2832
006, LOC_CIVILIZATION_AZTEC_NAME, UNIT_BUILDER (327680), 48, 61, 47, 63, 4362, 17d6323f
006, LOC_CIVILIZATION_AZTEC_NAME, UNIT_SCOUT (262147), 51, 52, 49, 19, 256, 5b7430c1
006, LOC_CIVILIZATION_AZTEC_NAME, UNIT_SCOUT (262147), 51, 51, 52, 49, 0, 4af414b3
006, LOC_CIVILIZATION_AZTEC_NAME, UNIT_BUILDER (524290), 49, 61, 45, 64, 256, f65064fe
006, LOC_CIVILIZATION_AZTEC_NAME, UNIT_SCOUT (458757), 46, 63, 45, 64, 256, 67996c1f
006, LOC_CIVILIZATION_AZTEC_NAME, UNIT_AZTEC_EAGLE_WARRIOR (131073), 46, 64, 49, 62, 36865, 2131a27a
006, LOC_CIVILIZATION_CREE_NAME, UNIT_WARRIOR (131073), 61, 45, -9999, -9999, 2325, ffffffff
006, LOC_CIVILIZATION_CREE_NAME, UNIT_CREE_OKIHTCITAW (262147), 57, 48, -9999, -9999, 2325, ffffffff
006, LOC_CIVILIZATION_CREE_NAME, UNIT_VAMPIRE (393220), 60, 47, -9999, -9999, 2325, ffffffff
006, LOC_CIVILIZATION_CREE_NAME, UNIT_BUILDER (327680), 58, 36, -9999, -9999, 2325, ffffffff
006, LOC_CIVILIZATION_CREE_NAME, UNIT_SETTLER (524294), 60, 48, -9999, -9999, 2325, ffffffff
006, LOC_CIVILIZATION_CREE_NAME, UNIT_BUILDER (458757), 60, 49, -9999, -9999, 2325, ffffffff
006, LOC_CIVILIZATION_CREE_NAME, UNIT_CREE_OKIHTCITAW (589831), 60, 48, -9999, -9999, 2325, ffffffff
006, LOC_CIVILIZATION_CREE_NAME, UNIT_SETTLER (524294), 60, 48, 61, 44, 276, e503d340
006, LOC_CIVILIZATION_CREE_NAME, UNIT_WARRIOR (131073), 61, 45, 60, 48, 256, ffffffff
006, LOC_CIVILIZATION_CREE_NAME, UNIT_SETTLER (524294), 60, 48, 61, 45, 256,  bb93f21
006, LOC_CIVILIZATION_CREE_NAME, UNIT_WARRIOR (131073), 61, 45, 61, 46, 256, 9bd878ef
006, LOC_CIVILIZATION_CREE_NAME, UNIT_SETTLER (524294), 61, 46, 61, 44, 36865, f7719430
006, LOC_CIVILIZATION_CREE_NAME, UNIT_VAMPIRE (393220), 60, 47, 61, 48, 256, 288e1ee3
006, LOC_CIVILIZATION_CREE_NAME, UNIT_BUILDER (327680), 58, 36, 49, 19, 256,  fda08d0
006, LOC_CIVILIZATION_CREE_NAME, UNIT_BUILDER (327680), 58, 34, 56, 32, 0, 4aeb3dd2
006, LOC_CIVILIZATION_CREE_NAME, UNIT_BUILDER (327680), 57, 33, 56, 32, 0, 42364629
006, LOC_CIVILIZATION_CREE_NAME, UNIT_BUILDER (327680), 56, 33, 57, 31, 0, ff2167ad
006, LOC_CIVILIZATION_CREE_NAME, UNIT_CREE_OKIHTCITAW (262147), 57, 48, 53, 48, 256, a394a338
006, LOC_CIVILIZATION_CREE_NAME, UNIT_CREE_OKIHTCITAW (262147), 55, 47, 54, 47, 0, 506535fa
006, LOC_CIVILIZATION_CREE_NAME, UNIT_SETTLER (524294), 61, 46, 61, 44, 36865, f7719430
006, LOC_CIVILIZATION_MALI_NAME, UNIT_WARRIOR (131073), 63, 32, -9999, -9999, 2325, ffffffff
006, LOC_CIVILIZATION_MALI_NAME, UNIT_WARRIOR (131073), 63, 32, -9999, -9999, 2325, ffffffff
006, LOC_CIVILIZATION_MALI_NAME, UNIT_BUILDER (327680), 65, 33, -9999, -9999, 2325, ffffffff
006, LOC_CIVILIZATION_MALI_NAME, UNIT_SCOUT (393220), 66, 36, -9999, -9999, 2325, ffffffff
006, LOC_CIVILIZATION_MALI_NAME, UNIT_WARRIOR (458757), 64, 33, -9999, -9999, 2325, ffffffff
006, LOC_CIVILIZATION_MALI_NAME, UNIT_SCOUT (262147), 58, 27, -9999, -9999, 2325, ffffffff
006, LOC_CIVILIZATION_MALI_NAME, UNIT_WARRIOR (131073), 63, 32, 58, 40, 276, 9ef748ab
006, LOC_CIVILIZATION_MALI_NAME, UNIT_WARRIOR (131073), 63, 32, 58, 40, 37121, 11abf10b
006, LOC_CIVILIZATION_MALI_NAME, UNIT_BUILDER (327680), 65, 33, 63, 33, 4362,  852c6ce
006, LOC_CIVILIZATION_MALI_NAME, UNIT_WARRIOR (458757), 64, 33, 63, 33, 256, 1d4bfa0a
006, LOC_CIVILIZATION_MALI_NAME, UNIT_SCOUT (262147), 58, 27, 49, 19, 256, b987de37
006, LOC_CIVILIZATION_MALI_NAME, UNIT_SCOUT (262147), 57, 26, 56, 25, 0, d52276fd
006, LOC_CIVILIZATION_MALI_NAME, UNIT_SCOUT (393220), 66, 36, 55, 41, 256, e532ceaf
006, LOC_CIVILIZATION_MALI_NAME, UNIT_SCOUT (393220), 66, 38, 66, 39, 0, 190fc31a
006, LOC_CIVILIZATION_MALI_NAME, UNIT_WARRIOR (131073), 61, 32, 58, 40, 36865, 7cbff05b
006, LOC_CIVILIZATION_MONGOLIA_NAME, UNIT_WARRIOR (131073), 51, 16, -9999, -9999, 2325, ffffffff
006, LOC_CIVILIZATION_MONGOLIA_NAME, UNIT_WARRIOR (131073), 51, 16, -9999, -9999, 2325, ffffffff
006, LOC_CIVILIZATION_MONGOLIA_NAME, UNIT_SCOUT (262147), 51, 21, -9999, -9999, 2325, ffffffff
006, LOC_CIVILIZATION_MONGOLIA_NAME, UNIT_BUILDER (327680), 51, 15, -9999, -9999, 2325, ffffffff
006, LOC_CIVILIZATION_MONGOLIA_NAME, UNIT_WARRIOR (131073), 51, 16, 58, 29, 276, 5edba513
006, LOC_CIVILIZATION_MONGOLIA_NAME, UNIT_WARRIOR (131073), 51, 16, 58, 29, 37121, ffffffff
006, LOC_CIVILIZATION_MONGOLIA_NAME, UNIT_WARRIOR (131073), 51, 16, 58, 29, 37121, ffffffff
006, LOC_CIVILIZATION_MONGOLIA_NAME, UNIT_BUILDER (327680), 51, 15, 50, 16, 4362,  82ebdb6
006, LOC_CIVILIZATION_MONGOLIA_NAME, UNIT_SCOUT (262147), 51, 21, 49, 19, 256, 24424e57
006, LOC_CIVILIZATION_MONGOLIA_NAME, UNIT_SCOUT (262147), 51, 20, 50, 19, 0, 144784b9
006, LOC_CIVILIZATION_MONGOLIA_NAME, UNIT_SCOUT (262147), 50, 19, 49, 19, 0, 6d3572f8
006, LOC_CIVILIZATION_MONGOLIA_NAME, UNIT_SCOUT (262147), 50, 19, 57, 31, 0, b75da4ce
006, LOC_CIVILIZATION_KABUL_NAME, UNIT_WARRIOR (196610), 57, 37, -9999, -9999, 2325, ffffffff
006, LOC_CIVILIZATION_KABUL_NAME, UNIT_WARRIOR (131073), 57, 38, -9999, -9999, 2325, ffffffff
006, LOC_CIVILIZATION_KABUL_NAME, UNIT_BUILDER (262144), 56, 35, -9999, -9999, 2325, ffffffff
006, LOC_CIVILIZATION_KABUL_NAME, UNIT_WARRIOR (131073), 57, 38, 57, 39, 256, 540b6941
006, LOC_CIVILIZATION_KABUL_NAME, UNIT_WARRIOR (196610), 57, 37, 55, 37, 256, 2976950e
006, LOC_CIVILIZATION_NAN_MADOL_NAME, UNIT_WARRIOR (131073), 65, 4, -9999, -9999, 2325, ffffffff
006, LOC_CIVILIZATION_NAN_MADOL_NAME, UNIT_WARRIOR (196610), 64, 3, -9999, -9999, 2325, ffffffff
006, LOC_CIVILIZATION_NAN_MADOL_NAME, UNIT_WARRIOR (131073), 65, 4, 65, 5, 256, 68e3890a
006, LOC_CIVILIZATION_NAN_MADOL_NAME, UNIT_WARRIOR (196610), 64, 3, 64, 1, 256, 8fe78d46
006, LOC_CIVILIZATION_SAMARKAND_NAME, UNIT_WARRIOR (131073), 56, 61, -9999, -9999, 2325, ffffffff
006, LOC_CIVILIZATION_SAMARKAND_NAME, UNIT_WARRIOR (196610), 57, 65, -9999, -9999, 2325, ffffffff
006, LOC_CIVILIZATION_SAMARKAND_NAME, UNIT_BUILDER (262144), 58, 65, -9999, -9999, 2325, ffffffff
006, LOC_CIVILIZATION_SAMARKAND_NAME, UNIT_BUILDER (262144), 58, 65, 59, 64, 4362, 3bd60350
006, LOC_CIVILIZATION_SAMARKAND_NAME, UNIT_WARRIOR (131073), 56, 61, 55, 63, 256, 4a4c894b
006, LOC_CIVILIZATION_SAMARKAND_NAME, UNIT_WARRIOR (196610), 57, 65, 56, 66, 256, b01384a9
006, LOC_CIVILIZATION_GENEVA_NAME, UNIT_WARRIOR (131073), 71, 15, -9999, -9999, 2325, ffffffff
006, LOC_CIVILIZATION_GENEVA_NAME, UNIT_WARRIOR (196610), 70, 13, -9999, -9999, 2325, ffffffff
006, LOC_CIVILIZATION_GENEVA_NAME, UNIT_BUILDER (262144), 70, 12, -9999, -9999, 2325, ffffffff
006, LOC_CIVILIZATION_GENEVA_NAME, UNIT_WARRIOR (131073), 71, 15, 71, 16, 256, 3b0895b2
006, LOC_CIVILIZATION_GENEVA_NAME, UNIT_WARRIOR (196610), 70, 13, 69, 11, 256, 47eb703a
006, LOC_CIVILIZATION_CAGUANA_NAME, UNIT_WARRIOR (196610), 26, 24, -9999, -9999, 2325, ffffffff
006, LOC_CIVILIZATION_CAGUANA_NAME, UNIT_WARRIOR (131073), 23, 25, -9999, -9999, 2325, ffffffff
006, LOC_CIVILIZATION_CAGUANA_NAME, UNIT_BUILDER (262144), 25, 23, -9999, -9999, 2325, ffffffff
006, LOC_CIVILIZATION_CAGUANA_NAME, UNIT_BUILDER (262144), 25, 23, 26, 24, 4362, b0b11100
006, LOC_CIVILIZATION_CAGUANA_NAME, UNIT_WARRIOR (131073), 23, 25, 22, 24, 256, 9bb51d51
006, LOC_CIVILIZATION_CAGUANA_NAME, UNIT_WARRIOR (196610), 26, 24, 25, 23, 256, 5a451717
006, LOC_CIVILIZATION_LAHORE_NAME, UNIT_BUILDER (262144), 41, 48, -9999, -9999, 2325, ffffffff
006, LOC_CIVILIZATION_LAHORE_NAME, UNIT_WARRIOR (196610), 40, 53, -9999, -9999, 2325, ffffffff
006, LOC_CIVILIZATION_LAHORE_NAME, UNIT_WARRIOR (131073), 41, 49, -9999, -9999, 2325, ffffffff
006, LOC_CIVILIZATION_LAHORE_NAME, UNIT_WARRIOR (131073), 41, 49, 41, 50, 256, 2e31184b
006, LOC_CIVILIZATION_LAHORE_NAME, UNIT_WARRIOR (196610), 40, 53, 41, 52, 256, 24b85937
006, LOC_CIVILIZATION_CHINGUETTI_NAME, UNIT_BUILDER (262144), 54, 27, -9999, -9999, 2325, ffffffff
006, LOC_CIVILIZATION_CHINGUETTI_NAME, UNIT_WARRIOR (196610), 54, 28, -9999, -9999, 2325, ffffffff
006, LOC_CIVILIZATION_CHINGUETTI_NAME, UNIT_WARRIOR (131073), 55, 28, -9999, -9999, 2325, ffffffff
006, LOC_CIVILIZATION_CHINGUETTI_NAME, UNIT_BUILDER (262144), 54, 27, 55, 27, 4362,   b2e44d
006, LOC_CIVILIZATION_CHINGUETTI_NAME, UNIT_WARRIOR (131073), 55, 28, 56, 26, 256, cb115d32
006, LOC_CIVILIZATION_CHINGUETTI_NAME, UNIT_WARRIOR (196610), 54, 28, 55, 27, 256, 2251ce86
006, LOC_CIVILIZATION_HATTUSA_NAME, UNIT_BUILDER (262144), 45, 34, -9999, -9999, 2325, ffffffff
006, LOC_CIVILIZATION_HATTUSA_NAME, UNIT_WARRIOR (131073), 47, 34, -9999, -9999, 2325, ffffffff
006, LOC_CIVILIZATION_HATTUSA_NAME, UNIT_WARRIOR (196610), 43, 35, -9999, -9999, 2325, ffffffff
006, LOC_CIVILIZATION_HATTUSA_NAME, UNIT_BUILDER (262144), 45, 34, 46, 34, 4362, c9afc50c
006, LOC_CIVILIZATION_HATTUSA_NAME, UNIT_WARRIOR (131073), 47, 34, 46, 34, 256, 63a60d87
006, LOC_CIVILIZATION_HATTUSA_NAME, UNIT_WARRIOR (196610), 43, 35, 42, 34, 256, 1d908fbc
006, LOC_CIVILIZATION_BUENOS_AIRES_NAME, UNIT_BUILDER (262144), 14, 17, -9999, -9999, 2325, ffffffff
006, LOC_CIVILIZATION_BUENOS_AIRES_NAME, UNIT_WARRIOR (131073), 15, 14, -9999, -9999, 2325, ffffffff
006, LOC_CIVILIZATION_BUENOS_AIRES_NAME, UNIT_WARRIOR (196610), 14, 15, -9999, -9999, 2325, ffffffff
006, LOC_CIVILIZATION_BUENOS_AIRES_NAME, UNIT_WARRIOR (131073), 15, 14, 14, 14, 256, 73bd6e0c
006, LOC_CIVILIZATION_BUENOS_AIRES_NAME, UNIT_WARRIOR (196610), 14, 15, 15, 16, 256, 276c5b5d
006, LOC_CIVILIZATION_MEXICO_CITY_NAME, UNIT_WARRIOR (196610), 9, 57, -9999, -9999, 2325, ffffffff
006, LOC_CIVILIZATION_MEXICO_CITY_NAME, UNIT_BUILDER (262144), 11, 59, -9999, -9999, 2325, ffffffff
006, LOC_CIVILIZATION_MEXICO_CITY_NAME, UNIT_WARRIOR (131073), 12, 56, -9999, -9999, 2325, ffffffff
006, LOC_CIVILIZATION_MEXICO_CITY_NAME, UNIT_BUILDER (262144), 11, 59, 10, 58, 4362,  502409f
006, LOC_CIVILIZATION_MEXICO_CITY_NAME, UNIT_WARRIOR (131073), 12, 56, 12, 58, 256, d7622689
006, LOC_CIVILIZATION_MEXICO_CITY_NAME, UNIT_WARRIOR (196610), 9, 57, 10, 59, 256, b9a3520d
006, LOC_CIVILIZATION_PERSIA_NAME, UNIT_SCOUT (196608), 36, 64, -9999, -9999, 2325, ffffffff
006, LOC_CIVILIZATION_PERSIA_NAME, UNIT_WARRIOR (131073), 25, 64, -9999, -9999, 2325, ffffffff
006, LOC_CIVILIZATION_PERSIA_NAME, UNIT_VAMPIRE (262146), 32, 61, -9999, -9999, 2325, ffffffff
006, LOC_CIVILIZATION_BABYLON_STK_NAME, UNIT_WARRIOR (131073), 11, 34, -9999, -9999, 2325, ffffffff
006, LOC_CIVILIZATION_BABYLON_STK_NAME, UNIT_BABYLONIAN_SABUM_KIBITTUM (196608), 14, 45, -9999, -9999, 2325, ffffffff
006, LOC_CIVILIZATION_BABYLON_STK_NAME, UNIT_BUILDER (262146), 11, 42, -9999, -9999, 2325, ffffffff
006, LOC_CIVILIZATION_INDIA_NAME, UNIT_SCOUT (196608), 14, 24, -9999, -9999, 2325, ffffffff
006, LOC_CIVILIZATION_INDIA_NAME, UNIT_WARRIOR (131073), 6, 33, -9999, -9999, 2325, ffffffff
006, LOC_CIVILIZATION_NUBIA_NAME, UNIT_VAMPIRE (196608), 35, 8, -9999, -9999, 2325, ffffffff
006, LOC_CIVILIZATION_NUBIA_NAME, UNIT_WARRIOR (131073), 36, 18, -9999, -9999, 2325, ffffffff
006, LOC_CIVILIZATION_NUBIA_NAME, UNIT_SCOUT (262146), 28, 15, -9999, -9999, 2325, ffffffff
006, LOC_CIVILIZATION_INDIA_NAME, UNIT_SCOUT (196608), 14, 24, 15, 26, 16656, 95a519cb
006, LOC_CIVILIZATION_PERSIA_NAME, UNIT_WARRIOR (131073), 25, 64, 26, 64, 16656, a5965009
006, LOC_CIVILIZATION_PERSIA_NAME, UNIT_WARRIOR (131073), 26, 64, 27, 64, 16400, 7b89ff79
006, LOC_CIVILIZATION_INDIA_NAME, UNIT_SCOUT (196608), 15, 26, 14, 27, 16400,  e082a71
006, LOC_CIVILIZATION_BABYLON_STK_NAME, UNIT_WARRIOR (131073), 11, 34, 11, 33, 16656, 7bf42b72
006, LOC_CIVILIZATION_PERSIA_NAME, UNIT_VAMPIRE (262146), 32, 61, 32, 60, 16656, dac96296
006, LOC_CIVILIZATION_NUBIA_NAME, UNIT_SCOUT (262146), 28, 15, 27, 15, 16656, d70d4bd6
006, LOC_CIVILIZATION_INDIA_NAME, UNIT_WARRIOR (131073), 6, 33, 5, 33, 16656, b739b25e
006, LOC_CIVILIZATION_BABYLON_STK_NAME, UNIT_WARRIOR (131073), 11, 33, 12, 32, 16400, 9140a20d
006, LOC_CIVILIZATION_NUBIA_NAME, UNIT_SCOUT (262146), 27, 15, 26, 15, 16400, 867073f1
006, LOC_CIVILIZATION_PERSIA_NAME, UNIT_VAMPIRE (262146), 32, 60, 31, 60, 16400, 9f3f1206
006, LOC_CIVILIZATION_INDIA_NAME, UNIT_WARRIOR (131073), 5, 33, 5, 34, 16400, 23186f1e
006, LOC_CIVILIZATION_PERSIA_NAME, UNIT_SCOUT (196608), 36, 64, 37, 64, 16656, fb3a31a4
006, LOC_CIVILIZATION_PERSIA_NAME, UNIT_SCOUT (196608), 37, 64, 37, 65, 16400, 88da8564
006, LOC_CIVILIZATION_PERSIA_NAME, UNIT_SCOUT (196608), 37, 65, 38, 66, 16400, 99dac168
006, LOC_CIVILIZATION_NUBIA_NAME, UNIT_SCOUT (262146), 26, 15, 25, 15, 16400, b0431377
006, LOC_CIVILIZATION_BABYLON_STK_NAME, UNIT_BABYLONIAN_SABUM_KIBITTUM (196608), 14, 45, 13, 47, 16656, 4c0a3b8b
006, LOC_CIVILIZATION_BABYLON_STK_NAME, UNIT_BABYLONIAN_SABUM_KIBITTUM (196608), 13, 47, 14, 48, 16400, 6b5bd5b9
006, LOC_CIVILIZATION_NUBIA_NAME, UNIT_WARRIOR (131073), 36, 18, 37, 18, 16656, 32f1a78e
006, LOC_CIVILIZATION_NUBIA_NAME, UNIT_WARRIOR (131073), 37, 18, 38, 18, 16400,  4c2c708
006, LOC_CIVILIZATION_NUBIA_NAME, UNIT_VAMPIRE (196608), 35, 8, 35, 7, 16656, 8a7fff43
006, LOC_CIVILIZATION_BABYLON_STK_NAME, UNIT_BUILDER (262146), 11, 42, 10, 43, 16656, de1c8282
006, LOC_CIVILIZATION_BABYLON_STK_NAME, UNIT_BUILDER (262146), 10, 43, 9, 43, 16400, f134d345
006, LOC_CIVILIZATION_BABYLON_STK_NAME, UNIT_BUILDER (262146), 9, 43, 9, 44, 16400, fe844c13
006, LOC_CIVILIZATION_NUBIA_NAME, UNIT_BUILDER (327683), 33, 13, 34, 12, 16656, fb6c33d0
006, LOC_CIVILIZATION_BABYLON_STK_NAME, UNIT_BUILDER (262146), 9, 43, 9, 44, 16400, fe844c13
006, LOC_CIVILIZATION_PERSIA_NAME, UNIT_SCOUT (196608), 38, 66, -9999, -9999, 2325, ffffffff
006, LOC_CIVILIZATION_PERSIA_NAME, UNIT_WARRIOR (131073), 27, 64, -9999, -9999, 2325, ffffffff
006, LOC_CIVILIZATION_PERSIA_NAME, UNIT_VAMPIRE (262146), 31, 60, -9999, -9999, 2325, ffffffff
007, LOC_CIVILIZATION_AZTEC_NAME, UNIT_BUILDER (327680), 47, 63, -9999, -9999, 2325, ffffffff
007, LOC_CIVILIZATION_AZTEC_NAME, UNIT_AZTEC_EAGLE_WARRIOR (131073), 46, 64, -9999, -9999, 2325, ffffffff
007, LOC_CIVILIZATION_AZTEC_NAME, UNIT_SCOUT (262147), 52, 49, -9999, -9999, 2325, ffffffff
007, LOC_CIVILIZATION_AZTEC_NAME, UNIT_AZTEC_EAGLE_WARRIOR (131073), 46, 64, -9999, -9999, 2325, ffffffff
007, LOC_CIVILIZATION_AZTEC_NAME, UNIT_BUILDER (524290), 45, 63, -9999, -9999, 2325, ffffffff
007, LOC_CIVILIZATION_AZTEC_NAME, UNIT_SCOUT (458757), 45, 64, -9999, -9999, 2325, ffffffff
007, LOC_CIVILIZATION_AZTEC_NAME, UNIT_AZTEC_EAGLE_WARRIOR (131073), 46, 64, 49, 61, 276, 2cd294bd
007, LOC_CIVILIZATION_AZTEC_NAME, UNIT_AZTEC_EAGLE_WARRIOR (131073), 46, 64, 49, 61, 37121, 5e1f1ef5
007, LOC_CIVILIZATION_AZTEC_NAME, UNIT_BUILDER (327680), 47, 63, 47, 62, 4362, ffffffff
007, LOC_CIVILIZATION_AZTEC_NAME, UNIT_BUILDER (524290), 45, 63, 50, 62, 4362, 856bd04a
007, LOC_CIVILIZATION_AZTEC_NAME, UNIT_SCOUT (262147), 52, 49, 49, 19, 256, 645b7f15
007, LOC_CIVILIZATION_AZTEC_NAME, UNIT_SCOUT (262147), 52, 47, 53, 46, 0,  7034e52
007, LOC_CIVILIZATION_AZTEC_NAME, UNIT_SCOUT (458757), 45, 64, 49, 65, 256, dedca010
007, LOC_CIVILIZATION_CREE_NAME, UNIT_SETTLER (524294), 61, 46, -9999, -9999, 2325, ffffffff
007, LOC_CIVILIZATION_CREE_NAME, UNIT_CREE_OKIHTCITAW (262147), 54, 47, -9999, -9999, 2325, ffffffff
007, LOC_CIVILIZATION_CREE_NAME, UNIT_VAMPIRE (393220), 61, 48, -9999, -9999, 2325, ffffffff
007, LOC_CIVILIZATION_CREE_NAME, UNIT_BUILDER (327680), 57, 32, -9999, -9999, 2325, ffffffff
007, LOC_CIVILIZATION_CREE_NAME, UNIT_SETTLER (524294), 61, 46, -9999, -9999, 2325, ffffffff
007, LOC_CIVILIZATION_CREE_NAME, UNIT_BUILDER (458757), 60, 49, -9999, -9999, 2325, ffffffff
007, LOC_CIVILIZATION_CREE_NAME, UNIT_CREE_OKIHTCITAW (589831), 60, 48, -9999, -9999, 2325, ffffffff
007, LOC_CIVILIZATION_CREE_NAME, UNIT_SETTLER (524294), 61, 46, 61, 44, 276, f7719430
007, LOC_CIVILIZATION_CREE_NAME, UNIT_SETTLER (524294), 61, 46, 61, 44, 37121, f7719430
007, LOC_CIVILIZATION_CREE_NAME, UNIT_CREE_OKIHTCITAW (262147), 54, 47, 53, 48, 272, 88e0bdfa
007, LOC_CIVILIZATION_CREE_NAME, UNIT_VAMPIRE (393220), 61, 48, 59, 48, 256, 827d7eb2
007, LOC_CIVILIZATION_CREE_NAME, UNIT_BUILDER (327680), 57, 32, 49, 19, 256, ba1488c8
007, LOC_CIVILIZATION_CREE_NAME, UNIT_BUILDER (327680), 55, 31, 53, 29, 0, ffffffff
007, LOC_CIVILIZATION_CREE_NAME, UNIT_BUILDER (327680), 55, 31, 49, 19, 0, 72d65e86
007, LOC_CIVILIZATION_CREE_NAME, UNIT_BUILDER (327680), 55, 29, 55, 28, 0, f3511416
007, LOC_CIVILIZATION_CREE_NAME, UNIT_BUILDER (458757), 60, 49, 67, 39, 256, 36854d6c
007, LOC_CIVILIZATION_CREE_NAME, UNIT_CREE_OKIHTCITAW (589831), 60, 48, 55, 41, 256, 76b133a2
007, LOC_CIVILIZATION_MALI_NAME, UNIT_WARRIOR (131073), 61, 32, -9999, -9999, 2325, ffffffff
007, LOC_CIVILIZATION_MALI_NAME, UNIT_WARRIOR (131073), 61, 32, -9999, -9999, 2325, ffffffff
007, LOC_CIVILIZATION_MALI_NAME, UNIT_SCOUT (262147), 56, 25, -9999, -9999, 2325, ffffffff
007, LOC_CIVILIZATION_MALI_NAME, UNIT_WARRIOR (458757), 63, 33, -9999, -9999, 2325, ffffffff
007, LOC_CIVILIZATION_MALI_NAME, UNIT_SCOUT (393220), 66, 39, -9999, -9999, 2325, ffffffff
007, LOC_CIVILIZATION_MALI_NAME, UNIT_WARRIOR (131073), 61, 32, 58, 40, 276, ba7187c3
007, LOC_CIVILIZATION_MALI_NAME, UNIT_WARRIOR (131073), 61, 32, 58, 40, 37121, 5542b12e
007, LOC_CIVILIZATION_MALI_NAME, UNIT_SCOUT (262147), 56, 25, 49, 19, 256, d87b2022
007, LOC_CIVILIZATION_MALI_NAME, UNIT_SCOUT (262147), 55, 23, 55, 22, 0, a825dffa
007, LOC_CIVILIZATION_MALI_NAME, UNIT_SCOUT (393220), 66, 39, 67, 39, 256, ccbef2c5
007, LOC_CIVILIZATION_MALI_NAME, UNIT_SCOUT (393220), 67, 39, 55, 41, 0,   a7935c
007, LOC_CIVILIZATION_MALI_NAME, UNIT_WARRIOR (131073), 59, 33, 58, 40, 36865, e2b6cacd
007, LOC_CIVILIZATION_MONGOLIA_NAME, UNIT_WARRIOR (131073), 51, 16, -9999, -9999, 2325, ffffffff
007, LOC_CIVILIZATION_MONGOLIA_NAME, UNIT_WARRIOR (131073), 51, 16, -9999, -9999, 2325, ffffffff
007, LOC_CIVILIZATION_MONGOLIA_NAME, UNIT_BUILDER (327680), 50, 16, -9999, -9999, 2325, ffffffff
007, LOC_CIVILIZATION_MONGOLIA_NAME, UNIT_SCOUT (262147), 51, 20, -9999, -9999, 2325, ffffffff
007, LOC_CIVILIZATION_MONGOLIA_NAME, UNIT_BUILDER (393220), 50, 15, -9999, -9999, 2325, ffffffff
007, LOC_CIVILIZATION_MONGOLIA_NAME, UNIT_WARRIOR (131073), 51, 16, 58, 29, 276, 27cfbe29
007, LOC_CIVILIZATION_MONGOLIA_NAME, UNIT_WARRIOR (131073), 51, 16, 58, 29, 37121, fa50be8c
007, LOC_CIVILIZATION_MONGOLIA_NAME, UNIT_BUILDER (393220), 50, 15, 52, 15, 4362, 45a0a5c8
007, LOC_CIVILIZATION_MONGOLIA_NAME, UNIT_BUILDER (327680), 50, 16, 51, 15, 4362, 30c84247
007, LOC_CIVILIZATION_MONGOLIA_NAME, UNIT_SCOUT (262147), 51, 20, 49, 19, 256, 49a5dd3f
007, LOC_CIVILIZATION_MONGOLIA_NAME, UNIT_SCOUT (262147), 50, 19, 57, 31, 0, a3e7c826
007, LOC_CIVILIZATION_MONGOLIA_NAME, UNIT_WARRIOR (131073), 51, 18, 58, 29, 36865, 52d58374
007, LOC_CIVILIZATION_KABUL_NAME, UNIT_BUILDER (262144), 56, 35, -9999, -9999, 2325, ffffffff
007, LOC_CIVILIZATION_KABUL_NAME, UNIT_WARRIOR (131073), 57, 39, -9999, -9999, 2325, ffffffff
007, LOC_CIVILIZATION_KABUL_NAME, UNIT_WARRIOR (196610), 55, 37, -9999, -9999, 2325, ffffffff
007, LOC_CIVILIZATION_KABUL_NAME, UNIT_WARRIOR (131073), 57, 39, 57, 38, 256, 864c8ba5
007, LOC_CIVILIZATION_KABUL_NAME, UNIT_WARRIOR (196610), 55, 37, 55, 35, 256, d6cb5373
007, LOC_CIVILIZATION_NAN_MADOL_NAME, UNIT_WARRIOR (196610), 64, 1, -9999, -9999, 2325, ffffffff
007, LOC_CIVILIZATION_NAN_MADOL_NAME, UNIT_BUILDER (262144), 64, 1, -9999, -9999, 2325, ffffffff
007, LOC_CIVILIZATION_NAN_MADOL_NAME, UNIT_WARRIOR (131073), 65, 5, -9999, -9999, 2325, ffffffff
007, LOC_CIVILIZATION_NAN_MADOL_NAME, UNIT_BUILDER (262144), 64, 1, 64, 2, 4362, 7c872a0c
007, LOC_CIVILIZATION_NAN_MADOL_NAME, UNIT_WARRIOR (131073), 65, 5, 64, 5, 256, bd52b8d5
007, LOC_CIVILIZATION_NAN_MADOL_NAME, UNIT_WARRIOR (196610), 64, 1, 64, 2, 256, 7c872a0c
007, LOC_CIVILIZATION_SAMARKAND_NAME, UNIT_WARRIOR (196610), 56, 66, -9999, -9999, 2325, ffffffff
007, LOC_CIVILIZATION_SAMARKAND_NAME, UNIT_BUILDER (262144), 59, 64, -9999, -9999, 2325, ffffffff
007, LOC_CIVILIZATION_SAMARKAND_NAME, UNIT_WARRIOR (131073), 55, 63, -9999, -9999, 2325, ffffffff
007, LOC_CIVILIZATION_SAMARKAND_NAME, UNIT_BUILDER (262144), 59, 64, 57, 65, 4362, 7b88ff42
007, LOC_CIVILIZATION_SAMARKAND_NAME, UNIT_WARRIOR (131073), 55, 63, 57, 63, 256,  274fb24
007, LOC_CIVILIZATION_SAMARKAND_NAME, UNIT_WARRIOR (196610), 56, 66, 54, 65, 256, b29ab88e
007, LOC_CIVILIZATION_GENEVA_NAME, UNIT_WARRIOR (196610), 69, 11, -9999, -9999, 2325, ffffffff
007, LOC_CIVILIZATION_GENEVA_NAME, UNIT_WARRIOR (131073), 71, 16, -9999, -9999, 2325, ffffffff
007, LOC_CIVILIZATION_GENEVA_NAME, UNIT_BUILDER (262144), 70, 12, -9999, -9999, 2325, ffffffff
007, LOC_CIVILIZATION_GENEVA_NAME, UNIT_WARRIOR (131073), 71, 16, 72, 16, 256, 2f728980
007, LOC_CIVILIZATION_GENEVA_NAME, UNIT_WARRIOR (196610), 69, 11, 69, 12, 256, c35c5da0
007, LOC_CIVILIZATION_CAGUANA_NAME, UNIT_BUILDER (262144), 26, 24, -9999, -9999, 2325, ffffffff
007, LOC_CIVILIZATION_CAGUANA_NAME, UNIT_WARRIOR (196610), 25, 23, -9999, -9999, 2325, ffffffff
007, LOC_CIVILIZATION_CAGUANA_NAME, UNIT_WARRIOR (131073), 22, 24, -9999, -9999, 2325, ffffffff
007, LOC_CIVILIZATION_CAGUANA_NAME, UNIT_BUILDER (262144), 26, 24, 26, 23, 4362, d4ca10f4
007, LOC_CIVILIZATION_CAGUANA_NAME, UNIT_WARRIOR (131073), 22, 24, 21, 23, 256, 473cbde0
007, LOC_CIVILIZATION_CAGUANA_NAME, UNIT_WARRIOR (196610), 25, 23, 24, 23, 256,  3c2a4a8
007, LOC_CIVILIZATION_LAHORE_NAME, UNIT_BUILDER (262144), 41, 48, -9999, -9999, 2325, ffffffff
007, LOC_CIVILIZATION_LAHORE_NAME, UNIT_WARRIOR (196610), 41, 52, -9999, -9999, 2325, ffffffff
007, LOC_CIVILIZATION_LAHORE_NAME, UNIT_WARRIOR (131073), 41, 50, -9999, -9999, 2325, ffffffff
007, LOC_CIVILIZATION_LAHORE_NAME, UNIT_WARRIOR (131073), 41, 50, 41, 51, 256, ce40982d
007, LOC_CIVILIZATION_LAHORE_NAME, UNIT_WARRIOR (196610), 41, 52, 40, 51, 256, 54b03f35
007, LOC_CIVILIZATION_CHINGUETTI_NAME, UNIT_WARRIOR (196610), 55, 27, -9999, -9999, 2325, ffffffff
007, LOC_CIVILIZATION_CHINGUETTI_NAME, UNIT_BUILDER (262144), 55, 27, -9999, -9999, 2325, ffffffff
007, LOC_CIVILIZATION_CHINGUETTI_NAME, UNIT_WARRIOR (131073), 56, 26, -9999, -9999, 2325, ffffffff
007, LOC_CIVILIZATION_CHINGUETTI_NAME, UNIT_BUILDER (262144), 55, 27, 54, 28, 4362, acd56832
007, LOC_CIVILIZATION_CHINGUETTI_NAME, UNIT_WARRIOR (131073), 56, 26, 56, 27, 256, 2056b093
007, LOC_CIVILIZATION_CHINGUETTI_NAME, UNIT_WARRIOR (196610), 55, 27, 54, 28, 256, acd56832
007, LOC_CIVILIZATION_HATTUSA_NAME, UNIT_WARRIOR (196610), 42, 34, -9999, -9999, 2325, ffffffff
007, LOC_CIVILIZATION_HATTUSA_NAME, UNIT_WARRIOR (131073), 46, 34, -9999, -9999, 2325, ffffffff
007, LOC_CIVILIZATION_HATTUSA_NAME, UNIT_BUILDER (262144), 46, 34, -9999, -9999, 2325, ffffffff
007, LOC_CIVILIZATION_HATTUSA_NAME, UNIT_BUILDER (262144), 46, 34, 44, 33, 4362, f6c68a90
007, LOC_CIVILIZATION_HATTUSA_NAME, UNIT_WARRIOR (131073), 46, 34, 46, 35, 256, 1046b947
007, LOC_CIVILIZATION_HATTUSA_NAME, UNIT_WARRIOR (196610), 42, 34, 42, 35, 256, 1b6e20ea
007, LOC_CIVILIZATION_BUENOS_AIRES_NAME, UNIT_WARRIOR (196610), 15, 16, -9999, -9999, 2325, ffffffff
007, LOC_CIVILIZATION_BUENOS_AIRES_NAME, UNIT_WARRIOR (131073), 14, 14, -9999, -9999, 2325, ffffffff
007, LOC_CIVILIZATION_BUENOS_AIRES_NAME, UNIT_BUILDER (262144), 14, 17, -9999, -9999, 2325, ffffffff
007, LOC_CIVILIZATION_BUENOS_AIRES_NAME, UNIT_WARRIOR (131073), 14, 14, 14, 13, 256, 4d957bc7
007, LOC_CIVILIZATION_BUENOS_AIRES_NAME, UNIT_WARRIOR (196610), 15, 16, 14, 16, 256, 9e203238
007, LOC_CIVILIZATION_MEXICO_CITY_NAME, UNIT_WARRIOR (196610), 10, 59, -9999, -9999, 2325, ffffffff
007, LOC_CIVILIZATION_MEXICO_CITY_NAME, UNIT_WARRIOR (131073), 12, 58, -9999, -9999, 2325, ffffffff
007, LOC_CIVILIZATION_MEXICO_CITY_NAME, UNIT_BUILDER (262144), 10, 58, -9999, -9999, 2325, ffffffff
007, LOC_CIVILIZATION_MEXICO_CITY_NAME, UNIT_WARRIOR (131073), 12, 58, 13, 56, 256, 7a04d859
007, LOC_CIVILIZATION_MEXICO_CITY_NAME, UNIT_WARRIOR (131073), 12, 57, 13, 56, 0, ada38285
007, LOC_CIVILIZATION_MEXICO_CITY_NAME, UNIT_WARRIOR (196610), 10, 59, 11, 59, 256, fa05c4f2
007, LOC_CIVILIZATION_PERSIA_NAME, UNIT_SCOUT (196608), 38, 66, -9999, -9999, 2325, ffffffff
007, LOC_CIVILIZATION_PERSIA_NAME, UNIT_WARRIOR (131073), 27, 64, -9999, -9999, 2325, ffffffff
007, LOC_CIVILIZATION_PERSIA_NAME, UNIT_VAMPIRE (262146), 31, 60, -9999, -9999, 2325, ffffffff
007, LOC_CIVILIZATION_BABYLON_STK_NAME, UNIT_WARRIOR (131073), 12, 32, -9999, -9999, 2325, ffffffff
007, LOC_CIVILIZATION_BABYLON_STK_NAME, UNIT_BABYLONIAN_SABUM_KIBITTUM (196608), 14, 48, -9999, -9999, 2325, ffffffff
007, LOC_CIVILIZATION_BABYLON_STK_NAME, UNIT_BUILDER (262146), 9, 43, -9999, -9999, 2325, ffffffff
007, LOC_CIVILIZATION_INDIA_NAME, UNIT_WARRIOR (131073), 5, 34, -9999, -9999, 2325, ffffffff
007, LOC_CIVILIZATION_INDIA_NAME, UNIT_SCOUT (196608), 14, 27, -9999, -9999, 2325, ffffffff
007, LOC_CIVILIZATION_INDIA_NAME, UNIT_SCOUT (262146), 11, 25, -9999, -9999, 2325, ffffffff
007, LOC_CIVILIZATION_NUBIA_NAME, UNIT_VAMPIRE (196608), 35, 7, -9999, -9999, 2325, ffffffff
007, LOC_CIVILIZATION_NUBIA_NAME, UNIT_WARRIOR (131073), 38, 18, -9999, -9999, 2325, ffffffff
007, LOC_CIVILIZATION_NUBIA_NAME, UNIT_SCOUT (262146), 25, 15, -9999, -9999, 2325, ffffffff
007, LOC_CIVILIZATION_NUBIA_NAME, UNIT_BUILDER (327683), 34, 12, -9999, -9999, 2325, ffffffff
007, LOC_CIVILIZATION_NUBIA_NAME, UNIT_SCOUT (262146), 25, 15, 25, 16, 16656, 50760cd7
007, LOC_CIVILIZATION_PERSIA_NAME, UNIT_WARRIOR (131073), 27, 64, 28, 64, 16656, c9f09105
007, LOC_CIVILIZATION_NUBIA_NAME, UNIT_SCOUT (262146), 25, 16, 24, 16, 16400, 518602d7
007, LOC_CIVILIZATION_PERSIA_NAME, UNIT_WARRIOR (131073), 28, 64, 28, 65, 16400, 9f7b7a19
007, LOC_CIVILIZATION_NUBIA_NAME, UNIT_SCOUT (262146), 24, 16, 23, 16, 16400, 301a771e
007, LOC_CIVILIZATION_BABYLON_STK_NAME, UNIT_WARRIOR (131073), 12, 32, 13, 32, 16656, d926ab6b
007, LOC_CIVILIZATION_PERSIA_NAME, UNIT_VAMPIRE (262146), 31, 60, 30, 59, 16656, e6d8cad7
007, LOC_CIVILIZATION_INDIA_NAME, UNIT_WARRIOR (131073), 5, 34, 5, 36, 16656,  38b22c4
007, LOC_CIVILIZATION_PERSIA_NAME, UNIT_VAMPIRE (262146), 30, 59, 31, 58, 16400, 16d3e84e
007, LOC_CIVILIZATION_BABYLON_STK_NAME, UNIT_BUILDER (262146), 9, 43, 9, 44, 16656, fe844c13
007, LOC_CIVILIZATION_PERSIA_NAME, UNIT_SCOUT (196608), 38, 66, 39, 66, 16656, 6ce83ddb
007, LOC_CIVILIZATION_PERSIA_NAME, UNIT_SCOUT (196608), 39, 66, 40, 66, 16400,  d744812
007, LOC_CIVILIZATION_PERSIA_NAME, UNIT_SCOUT (196608), 40, 66, 41, 66, 16400, 99bd58da
007, LOC_CIVILIZATION_INDIA_NAME, UNIT_SCOUT (262146), 11, 25, 10, 23, 16656, a4431d15
007, LOC_CIVILIZATION_BABYLON_STK_NAME, UNIT_BABYLONIAN_SABUM_KIBITTUM (196608), 14, 48, 13, 48, 16656, 19cc3a5f
007, LOC_CIVILIZATION_NUBIA_NAME, UNIT_VAMPIRE (196608), 35, 7, 35, 6, 16656, c6bb3029
007, LOC_CIVILIZATION_NUBIA_NAME, UNIT_SCOUT (393220), 33, 13, 35, 12, 16656, 9008c350
007, LOC_CIVILIZATION_NUBIA_NAME, UNIT_SCOUT (393220), 35, 12, 36, 12, 16400, 8e11c39d
007, LOC_CIVILIZATION_BABYLON_STK_NAME, UNIT_BABYLONIAN_SABUM_KIBITTUM (196608), 13, 48, 12, 48, 16400, e424dc5a
007, LOC_CIVILIZATION_NUBIA_NAME, UNIT_WARRIOR (131073), 38, 18, 39, 18, 16656, dadd6878
007, LOC_CIVILIZATION_NUBIA_NAME, UNIT_WARRIOR (131073), 39, 18, 39, 17, 16400, e4f57db3
007, LOC_CIVILIZATION_INDIA_NAME, UNIT_SCOUT (196608), 14, 27, 15, 27, 16656, 63057ccb
007, LOC_CIVILIZATION_INDIA_NAME, UNIT_SCOUT (196608), 15, 27, 17, 27, 16400, 2826faa3
007, LOC_CIVILIZATION_INDIA_NAME, UNIT_SCOUT (196608), 16, 27, 17, 27, 16400, 27aa6e51
007, LOC_CIVILIZATION_INDIA_NAME, UNIT_SCOUT (196608), 17, 26, -9999, -9999, 2325, ffffffff
007, LOC_CIVILIZATION_INDIA_NAME, UNIT_WARRIOR (131073), 5, 36, -9999, -9999, 2325, ffffffff
007, LOC_CIVILIZATION_INDIA_NAME, UNIT_SCOUT (262146), 10, 23, -9999, -9999, 2325, ffffffff
008, LOC_CIVILIZATION_AZTEC_NAME, UNIT_AZTEC_EAGLE_WARRIOR (131073), 47, 62, -9999, -9999, 2325, ffffffff
008, LOC_CIVILIZATION_AZTEC_NAME, UNIT_SCOUT (262147), 53, 46, -9999, -9999, 2325, ffffffff
008, LOC_CIVILIZATION_AZTEC_NAME, UNIT_BUILDER (524290), 50, 62, -9999, -9999, 2325, ffffffff
008, LOC_CIVILIZATION_AZTEC_NAME, UNIT_AZTEC_EAGLE_WARRIOR (131073), 47, 62, -9999, -9999, 2325, ffffffff
008, LOC_CIVILIZATION_AZTEC_NAME, UNIT_BUILDER (327680), 47, 63, -9999, -9999, 2325, ffffffff
008, LOC_CIVILIZATION_AZTEC_NAME, UNIT_SCOUT (458757), 47, 65, -9999, -9999, 2325, ffffffff
008, LOC_CIVILIZATION_AZTEC_NAME, UNIT_AZTEC_EAGLE_WARRIOR (589830), 49, 61, -9999, -9999, 2325, ffffffff
008, LOC_CIVILIZATION_AZTEC_NAME, UNIT_AZTEC_EAGLE_WARRIOR (131073), 47, 62, 49, 61, 276, ab870d62
008, LOC_CIVILIZATION_AZTEC_NAME, UNIT_AZTEC_EAGLE_WARRIOR (131073), 47, 62, 49, 62, 37121, 7fb560c5
008, LOC_CIVILIZATION_AZTEC_NAME, UNIT_BUILDER (327680), 47, 63, 47, 62, 4362, 2474a3e5
008, LOC_CIVILIZATION_AZTEC_NAME, UNIT_AZTEC_EAGLE_WARRIOR (589830), 49, 61, 48, 62, 256, b3515f5b
008, LOC_CIVILIZATION_AZTEC_NAME, UNIT_SCOUT (262147), 53, 46, 49, 19, 256, 686b6ae6
008, LOC_CIVILIZATION_AZTEC_NAME, UNIT_SCOUT (262147), 54, 46, 55, 45, 0, 32d1fe08
008, LOC_CIVILIZATION_AZTEC_NAME, UNIT_SCOUT (458757), 47, 65, 49, 65, 256, 2a2464fd
008, LOC_CIVILIZATION_AZTEC_NAME, UNIT_SCOUT (458757), 49, 65, -9999, -9999, 2112, ffffffff
008, LOC_CIVILIZATION_AZTEC_NAME, UNIT_SCOUT (458757), 49, 65, 49, 66, 64, 30df3992
008, LOC_CIVILIZATION_CREE_NAME, UNIT_CREE_OKIHTCITAW (262147), 52, 47, -9999, -9999, 2325, ffffffff
008, LOC_CIVILIZATION_CREE_NAME, UNIT_SETTLER (524294), 61, 44, -9999, -9999, 2325, ffffffff
008, LOC_CIVILIZATION_CREE_NAME, UNIT_BUILDER (327680), 55, 28, -9999, -9999, 2325, ffffffff
008, LOC_CIVILIZATION_CREE_NAME, UNIT_VAMPIRE (393220), 59, 48, -9999, -9999, 2325, ffffffff
008, LOC_CIVILIZATION_CREE_NAME, UNIT_BUILDER (458757), 62, 45, -9999, -9999, 2325, ffffffff
008, LOC_CIVILIZATION_CREE_NAME, UNIT_SETTLER (524294), 61, 44, -9999, -9999, 2325, ffffffff
008, LOC_CIVILIZATION_CREE_NAME, UNIT_CREE_OKIHTCITAW (589831), 59, 45, -9999, -9999, 2325, ffffffff
008, LOC_CIVILIZATION_CREE_NAME, UNIT_SETTLER (524294), 61, 44, 58, 40, 276, 96b6d7b3
008, LOC_CIVILIZATION_CREE_NAME, UNIT_SETTLER (524294), 61, 44, 58, 40, 37121, 96b6d7b3
008, LOC_CIVILIZATION_CREE_NAME, UNIT_BUILDER (458757), 62, 45, 60, 46, 4362,  db78e69
008, LOC_CIVILIZATION_CREE_NAME, UNIT_CREE_OKIHTCITAW (262147), 52, 47, 53, 48, 272, 3edf2db9
008, LOC_CIVILIZATION_CREE_NAME, UNIT_VAMPIRE (393220), 59, 48, 58, 48, 256, 72c621dd
008, LOC_CIVILIZATION_CREE_NAME, UNIT_BUILDER (327680), 55, 28, 49, 19, 256, b460e0fb
008, LOC_CIVILIZATION_CREE_NAME, UNIT_BUILDER (327680), 54, 26, 52, 25, 0, 42b3bf8b
008, LOC_CIVILIZATION_CREE_NAME, UNIT_CREE_OKIHTCITAW (589831), 59, 45, 55, 41, 256, c781d051
008, LOC_CIVILIZATION_CREE_NAME, UNIT_CREE_OKIHTCITAW (589831), 58, 44, 57, 43, 0, cb93ee5e
008, LOC_CIVILIZATION_MALI_NAME, UNIT_WARRIOR (131073), 59, 33, -9999, -9999, 2325, ffffffff
008, LOC_CIVILIZATION_MALI_NAME, UNIT_WARRIOR (131073), 59, 33, -9999, -9999, 2325, ffffffff
008, LOC_CIVILIZATION_MALI_NAME, UNIT_BUILDER (524288), 64, 33, -9999, -9999, 2325, ffffffff
008, LOC_CIVILIZATION_MALI_NAME, UNIT_SCOUT (262147), 55, 22, -9999, -9999, 2325, ffffffff
008, LOC_CIVILIZATION_MALI_NAME, UNIT_WARRIOR (458757), 63, 33, -9999, -9999, 2325, ffffffff
008, LOC_CIVILIZATION_MALI_NAME, UNIT_SCOUT (393220), 67, 41, -9999, -9999, 2325, ffffffff
008, LOC_CIVILIZATION_MALI_NAME, UNIT_BUILDER (589830), 64, 33, -9999, -9999, 2325, ffffffff
008, LOC_CIVILIZATION_MALI_NAME, UNIT_WARRIOR (131073), 59, 33, 58, 40, 276, 942dda40
008, LOC_CIVILIZATION_MALI_NAME, UNIT_WARRIOR (131073), 59, 33, 58, 40, 37121, 942dda40
008, LOC_CIVILIZATION_MALI_NAME, UNIT_BUILDER (589830), 64, 33, 65, 31, 4362, 7c08bccb
008, LOC_CIVILIZATION_MALI_NAME, UNIT_BUILDER (524288), 64, 33, 66, 32, 4362, 35750754
008, LOC_CIVILIZATION_MALI_NAME, UNIT_WARRIOR (458757), 63, 33, 65, 33, 256, 4ec9438b
008, LOC_CIVILIZATION_MALI_NAME, UNIT_SCOUT (262147), 55, 22, 49, 19, 256, 163192e6
008, LOC_CIVILIZATION_MALI_NAME, UNIT_SCOUT (262147), 55, 20, 54, 19, 0, 1f6f1d14
008, LOC_CIVILIZATION_MALI_NAME, UNIT_SCOUT (393220), 67, 41, 55, 41, 256, b671c9de
008, LOC_CIVILIZATION_MALI_NAME, UNIT_SCOUT (393220), 66, 41, 64, 41, 0, b7ce3faa
008, LOC_CIVILIZATION_MALI_NAME, UNIT_SCOUT (393220), 65, 41, 64, 41, 0, f40d1636
008, LOC_CIVILIZATION_MALI_NAME, UNIT_WARRIOR (131073), 58, 35, 58, 40, 36865, c9b98f07
008, LOC_CIVILIZATION_MONGOLIA_NAME, UNIT_BUILDER (327680), 51, 15, -9999, -9999, 2325, ffffffff
008, LOC_CIVILIZATION_MONGOLIA_NAME, UNIT_WARRIOR (131073), 51, 18, -9999, -9999, 2325, ffffffff
008, LOC_CIVILIZATION_MONGOLIA_NAME, UNIT_WARRIOR (131073), 51, 18, -9999, -9999, 2325, ffffffff
008, LOC_CIVILIZATION_MONGOLIA_NAME, UNIT_BUILDER (393220), 52, 15, -9999, -9999, 2325, ffffffff
008, LOC_CIVILIZATION_MONGOLIA_NAME, UNIT_SCOUT (262147), 51, 21, -9999, -9999, 2325, ffffffff
008, LOC_CIVILIZATION_MONGOLIA_NAME, UNIT_WARRIOR (131073), 51, 18, 58, 29, 276, a83762da
008, LOC_CIVILIZATION_MONGOLIA_NAME, UNIT_WARRIOR (131073), 51, 18, 58, 29, 37121, 4a9f3622
008, LOC_CIVILIZATION_MONGOLIA_NAME, UNIT_SCOUT (262147), 51, 21, 55, 18, 256, 73643eda
008, LOC_CIVILIZATION_MONGOLIA_NAME, UNIT_SCOUT (262147), 51, 19, 49, 19, 0,  6e44bf8
008, LOC_CIVILIZATION_MONGOLIA_NAME, UNIT_WARRIOR (131073), 52, 19, 58, 29, 36865, f88dac8c
008, LOC_CIVILIZATION_KABUL_NAME, UNIT_WARRIOR (131073), 57, 38, -9999, -9999, 2325, ffffffff
008, LOC_CIVILIZATION_KABUL_NAME, UNIT_BUILDER (262144), 56, 35, -9999, -9999, 2325, ffffffff
008, LOC_CIVILIZATION_KABUL_NAME, UNIT_WARRIOR (196610), 55, 35, -9999, -9999, 2325, ffffffff
008, LOC_CIVILIZATION_KABUL_NAME, UNIT_WARRIOR (131073), 57, 38, 57, 37, 256, 19c3c84a
008, LOC_CIVILIZATION_KABUL_NAME, UNIT_WARRIOR (196610), 55, 35, 55, 36, 256, 5abd8aab
008, LOC_CIVILIZATION_NAN_MADOL_NAME, UNIT_WARRIOR (196610), 64, 2, -9999, -9999, 2325, ffffffff
008, LOC_CIVILIZATION_NAN_MADOL_NAME, UNIT_BUILDER (262144), 64, 2, -9999, -9999, 2325, ffffffff
008, LOC_CIVILIZATION_NAN_MADOL_NAME, UNIT_WARRIOR (131073), 64, 5, -9999, -9999, 2325, ffffffff
008, LOC_CIVILIZATION_NAN_MADOL_NAME, UNIT_WARRIOR (131073), 64, 5, 64, 3, 256,  b1119e0
008, LOC_CIVILIZATION_NAN_MADOL_NAME, UNIT_WARRIOR (196610), 64, 2, 64, 1, 256, d13e0b61
008, LOC_CIVILIZATION_SAMARKAND_NAME, UNIT_BUILDER (262144), 57, 65, -9999, -9999, 2325, ffffffff
008, LOC_CIVILIZATION_SAMARKAND_NAME, UNIT_WARRIOR (131073), 57, 63, -9999, -9999, 2325, ffffffff
008, LOC_CIVILIZATION_SAMARKAND_NAME, UNIT_WARRIOR (196610), 54, 65, -9999, -9999, 2325, ffffffff
008, LOC_CIVILIZATION_SAMARKAND_NAME, UNIT_WARRIOR (131073), 57, 63, 57, 61, 256, e1a88f11
008, LOC_CIVILIZATION_SAMARKAND_NAME, UNIT_WARRIOR (196610), 54, 65, 53, 65, 256, afd67d7f
008, LOC_CIVILIZATION_GENEVA_NAME, UNIT_WARRIOR (196610), 69, 12, -9999, -9999, 2325, ffffffff
008, LOC_CIVILIZATION_GENEVA_NAME, UNIT_WARRIOR (131073), 72, 16, -9999, -9999, 2325, ffffffff
008, LOC_CIVILIZATION_GENEVA_NAME, UNIT_BUILDER (262144), 70, 12, -9999, -9999, 2325, ffffffff
008, LOC_CIVILIZATION_GENEVA_NAME, UNIT_WARRIOR (131073), 72, 16, 71, 15, 256, 5cb13b34
008, LOC_CIVILIZATION_GENEVA_NAME, UNIT_WARRIOR (196610), 69, 12, 69, 11, 256, 9118fbdf
008, LOC_CIVILIZATION_CAGUANA_NAME, UNIT_BUILDER (262144), 26, 23, -9999, -9999, 2325, ffffffff
008, LOC_CIVILIZATION_CAGUANA_NAME, UNIT_WARRIOR (131073), 21, 23, -9999, -9999, 2325, ffffffff
008, LOC_CIVILIZATION_CAGUANA_NAME, UNIT_WARRIOR (196610), 24, 23, -9999, -9999, 2325, ffffffff
008, LOC_CIVILIZATION_CAGUANA_NAME, UNIT_BUILDER (262144), 26, 23, 26, 24, 4362, 117cd65f
008, LOC_CIVILIZATION_CAGUANA_NAME, UNIT_WARRIOR (131073), 21, 23, 22, 25, 256, 8ba140cf
008, LOC_CIVILIZATION_CAGUANA_NAME, UNIT_WARRIOR (196610), 24, 23, 26, 24, 256, bb751ed4
008, LOC_CIVILIZATION_LAHORE_NAME, UNIT_WARRIOR (196610), 40, 51, -9999, -9999, 2325, ffffffff
008, LOC_CIVILIZATION_LAHORE_NAME, UNIT_WARRIOR (131073), 41, 51, -9999, -9999, 2325, ffffffff
008, LOC_CIVILIZATION_LAHORE_NAME, UNIT_BUILDER (262144), 41, 48, -9999, -9999, 2325, ffffffff
008, LOC_CIVILIZATION_LAHORE_NAME, UNIT_WARRIOR (131073), 41, 51, 41, 50, 256, 1c077ac9
008, LOC_CIVILIZATION_LAHORE_NAME, UNIT_WARRIOR (196610), 40, 51, 41, 51, 256, 6fe7ce09
008, LOC_CIVILIZATION_CHINGUETTI_NAME, UNIT_WARRIOR (196610), 54, 28, -9999, -9999, 2325, ffffffff
008, LOC_CIVILIZATION_CHINGUETTI_NAME, UNIT_BUILDER (262144), 54, 28, -9999, -9999, 2325, ffffffff
008, LOC_CIVILIZATION_CHINGUETTI_NAME, UNIT_WARRIOR (131073), 56, 27, -9999, -9999, 2325, ffffffff
008, LOC_CIVILIZATION_CHINGUETTI_NAME, UNIT_BUILDER (262144), 54, 28, 55, 26, 4362, cd93a5b8
008, LOC_CIVILIZATION_CHINGUETTI_NAME, UNIT_WARRIOR (131073), 56, 27, 54, 27, 256, dac06383
008, LOC_CIVILIZATION_CHINGUETTI_NAME, UNIT_WARRIOR (196610), 54, 28, 55, 27, 256, 2251ce86
008, LOC_CIVILIZATION_HATTUSA_NAME, UNIT_WARRIOR (196610), 42, 35, -9999, -9999, 2325, ffffffff
008, LOC_CIVILIZATION_HATTUSA_NAME, UNIT_WARRIOR (131073), 46, 35, -9999, -9999, 2325, ffffffff
008, LOC_CIVILIZATION_HATTUSA_NAME, UNIT_BUILDER (262144), 44, 33, -9999, -9999, 2325, ffffffff
008, LOC_CIVILIZATION_HATTUSA_NAME, UNIT_WARRIOR (131073), 46, 35, 47, 35, 256, c5f78898
008, LOC_CIVILIZATION_HATTUSA_NAME, UNIT_WARRIOR (196610), 42, 35, 44, 34, 256, 86bb4da7
008, LOC_CIVILIZATION_BUENOS_AIRES_NAME, UNIT_WARRIOR (131073), 14, 13, -9999, -9999, 2325, ffffffff
008, LOC_CIVILIZATION_BUENOS_AIRES_NAME, UNIT_WARRIOR (196610), 14, 16, -9999, -9999, 2325, ffffffff
008, LOC_CIVILIZATION_BUENOS_AIRES_NAME, UNIT_BUILDER (262144), 14, 17, -9999, -9999, 2325, ffffffff
008, LOC_CIVILIZATION_BUENOS_AIRES_NAME, UNIT_WARRIOR (131073), 14, 13, 15, 14, 256, 2c865a34
008, LOC_CIVILIZATION_BUENOS_AIRES_NAME, UNIT_WARRIOR (196610), 14, 16, 13, 17, 256, 634f811b
008, LOC_CIVILIZATION_MEXICO_CITY_NAME, UNIT_WARRIOR (196610), 11, 59, -9999, -9999, 2325, ffffffff
008, LOC_CIVILIZATION_MEXICO_CITY_NAME, UNIT_WARRIOR (131073), 13, 56, -9999, -9999, 2325, ffffffff
008, LOC_CIVILIZATION_MEXICO_CITY_NAME, UNIT_BUILDER (262144), 10, 58, -9999, -9999, 2325, ffffffff
008, LOC_CIVILIZATION_MEXICO_CITY_NAME, UNIT_WARRIOR (131073), 13, 56, 12, 57, 256,  bf2079a
008, LOC_CIVILIZATION_MEXICO_CITY_NAME, UNIT_WARRIOR (196610), 11, 59, 10, 58, 256,  502409f
008, LOC_CIVILIZATION_PERSIA_NAME, UNIT_VAMPIRE (262146), 31, 58, -9999, -9999, 2325, ffffffff
008, LOC_CIVILIZATION_PERSIA_NAME, UNIT_WARRIOR (131073), 28, 65, -9999, -9999, 2325, ffffffff
008, LOC_CIVILIZATION_PERSIA_NAME, UNIT_SCOUT (196608), 41, 66, -9999, -9999, 2325, ffffffff
008, LOC_CIVILIZATION_BABYLON_STK_NAME, UNIT_WARRIOR (131073), 13, 32, -9999, -9999, 2325, ffffffff
008, LOC_CIVILIZATION_BABYLON_STK_NAME, UNIT_BABYLONIAN_SABUM_KIBITTUM (196608), 12, 48, -9999, -9999, 2325, ffffffff
008, LOC_CIVILIZATION_BABYLON_STK_NAME, UNIT_BUILDER (262146), 9, 44, -9999, -9999, 2325, ffffffff
008, LOC_CIVILIZATION_INDIA_NAME, UNIT_SCOUT (262146), 10, 23, -9999, -9999, 2325, ffffffff
008, LOC_CIVILIZATION_INDIA_NAME, UNIT_WARRIOR (131073), 5, 36, -9999, -9999, 2325, ffffffff
008, LOC_CIVILIZATION_INDIA_NAME, UNIT_SCOUT (196608), 17, 26, -9999, -9999, 2325, ffffffff
008, LOC_CIVILIZATION_NUBIA_NAME, UNIT_VAMPIRE (196608), 35, 6, -9999, -9999, 2325, ffffffff
008, LOC_CIVILIZATION_NUBIA_NAME, UNIT_WARRIOR (131073), 39, 17, -9999, -9999, 2325, ffffffff
008, LOC_CIVILIZATION_NUBIA_NAME, UNIT_SCOUT (262146), 23, 16, -9999, -9999, 2325, ffffffff
008, LOC_CIVILIZATION_NUBIA_NAME, UNIT_SETTLER (458757), 33, 13, -9999, -9999, 2325, ffffffff
008, LOC_CIVILIZATION_NUBIA_NAME, UNIT_BUILDER (327683), 34, 12, -9999, -9999, 2325, ffffffff
008, LOC_CIVILIZATION_NUBIA_NAME, UNIT_SCOUT (393220), 36, 12, -9999, -9999, 2325, ffffffff
008, LOC_CIVILIZATION_PERSIA_NAME, UNIT_WARRIOR (131073), 28, 65, 29, 66, 16656, cc5e3968
008, LOC_CIVILIZATION_NUBIA_NAME, UNIT_VAMPIRE (196608), 35, 6, 34, 5, 16656, 959e7358
008, LOC_CIVILIZATION_INDIA_NAME, UNIT_WARRIOR (131073), 5, 36, 5, 38, 16656, 877db662
008, LOC_CIVILIZATION_NUBIA_NAME, UNIT_SETTLER (458757), 33, 13, 32, 14, 16656, 6a1a1545
008, LOC_CIVILIZATION_INDIA_NAME, UNIT_SCOUT (262146), 10, 23, 11, 21, 16640, d6e44e10
008, LOC_CIVILIZATION_INDIA_NAME, UNIT_SCOUT (262146), 11, 22, 11, 21, 16384, 5f359d3e
008, LOC_CIVILIZATION_PERSIA_NAME, UNIT_BUILDER (327683), 31, 62, 28, 61, 16640, 5f2991f9
008, LOC_CIVILIZATION_PERSIA_NAME, UNIT_BUILDER (327683), 30, 62, 28, 61, 16384, be6c9b3d
008, LOC_CIVILIZATION_BABYLON_STK_NAME, UNIT_BUILDER (262146), 9, 44, 8, 44, 16656, 7d6fda4a
008, LOC_CIVILIZATION_BABYLON_STK_NAME, UNIT_BUILDER (262146), 8, 44, 7, 43, 16400,  1f69f3b
008, LOC_CIVILIZATION_NUBIA_NAME, UNIT_BUILDER (327683), 34, 12, 32, 13, 16656, 46293077
008, LOC_CIVILIZATION_INDIA_NAME, UNIT_SCOUT (327683), 11, 25, 9, 27, 16640, 8e285707
008, LOC_CIVILIZATION_INDIA_NAME, UNIT_SCOUT (327683), 11, 26, 9, 27, 16384, 926c39f1
008, LOC_CIVILIZATION_BABYLON_STK_NAME, UNIT_BABYLONIAN_SABUM_KIBITTUM (196608), 12, 48, 11, 49, 16656, 9d016183
008, LOC_CIVILIZATION_INDIA_NAME, UNIT_SCOUT (196608), 17, 26, 17, 27, 16656, 1b55295a
008, LOC_CIVILIZATION_NUBIA_NAME, UNIT_SCOUT (393220), 36, 12, 37, 12, 16656, df6cfbba
008, LOC_CIVILIZATION_BABYLON_STK_NAME, UNIT_BABYLONIAN_SABUM_KIBITTUM (196608), 11, 49, 12, 50, 16400, 959c13cc
008, LOC_CIVILIZATION_NUBIA_NAME, UNIT_SCOUT (393220), 37, 12, 37, 11, 16400, 7ad5ac67
008, LOC_CIVILIZATION_PERSIA_NAME, UNIT_VAMPIRE (262146), 31, 58, 31, 56, 16656, 2abf6583
008, LOC_CIVILIZATION_BABYLON_STK_NAME, UNIT_BABYLONIAN_SABUM_KIBITTUM (196608), 12, 50, 12, 51, 16400, e83aab13
008, LOC_CIVILIZATION_NUBIA_NAME, UNIT_SCOUT (393220), 37, 11, 37, 10, 16400, fec8e905
008, LOC_CIVILIZATION_PERSIA_NAME, UNIT_SCOUT (196608), 41, 66, 42, 66, 16656, af8e385c
008, LOC_CIVILIZATION_PERSIA_NAME, UNIT_SCOUT (196608), 42, 66, 42, 65, 16400, 3bafe51c
008, LOC_CIVILIZATION_NUBIA_NAME, UNIT_WARRIOR (131073), 39, 17, 40, 17, 16656, 16f83cdc
008, LOC_CIVILIZATION_NUBIA_NAME, UNIT_WARRIOR (131073), 40, 17, 41, 17, 16400, 82312c14
008, LOC_CIVILIZATION_BABYLON_STK_NAME, UNIT_WARRIOR (131073), 13, 32, 13, 31, 16656, 94b67976
008, LOC_CIVILIZATION_PERSIA_NAME, UNIT_SCOUT (196608), 42, 65, 42, 64, 16400, dbde657a
008, LOC_CIVILIZATION_NUBIA_NAME, UNIT_SCOUT (262146), 23, 16, 22, 16, 16656, a4d367d6
008, LOC_CIVILIZATION_NUBIA_NAME, UNIT_SCOUT (262146), 22, 16, 21, 17, 16400, 59bcd4f5
008, LOC_CIVILIZATION_BABYLON_STK_NAME, UNIT_WARRIOR (131073), 13, 31, 14, 31, 16400, 42e754a9
008, LOC_CIVILIZATION_NUBIA_NAME, UNIT_SCOUT (262146), 21, 17, 22, 18, 16400, 5a093f17
008, LOC_CIVILIZATION_BABYLON_STK_NAME, UNIT_BUILDER (327683), 10, 41, 9, 41, 16656, 8eca10cc
009, LOC_CIVILIZATION_AZTEC_NAME, UNIT_AZTEC_EAGLE_WARRIOR (131073), 49, 62, -9999, -9999, 2325, ffffffff
009, LOC_CIVILIZATION_AZTEC_NAME, UNIT_BUILDER (327680), 47, 62, -9999, -9999, 2325, ffffffff
009, LOC_CIVILIZATION_AZTEC_NAME, UNIT_SCOUT (262147), 55, 45, -9999, -9999, 2325, ffffffff
009, LOC_CIVILIZATION_AZTEC_NAME, UNIT_AZTEC_EAGLE_WARRIOR (131073), 49, 62, -9999, -9999, 2325, ffffffff
009, LOC_CIVILIZATION_AZTEC_NAME, UNIT_SCOUT (458757), 49, 66, -9999, -9999, 2325, ffffffff
009, LOC_CIVILIZATION_AZTEC_NAME, UNIT_BUILDER (524290), 50, 62, -9999, -9999, 2325, ffffffff
009, LOC_CIVILIZATION_AZTEC_NAME, UNIT_AZTEC_EAGLE_WARRIOR (589830), 48, 62, -9999, -9999, 2325, ffffffff
009, LOC_CIVILIZATION_AZTEC_NAME, UNIT_BUILDER (655367), 49, 61, -9999, -9999, 2325, ffffffff
009, LOC_CIVILIZATION_AZTEC_NAME, UNIT_SCOUT (720904), 46, 63, -9999, -9999, 2325, ffffffff
009, LOC_CIVILIZATION_AZTEC_NAME, UNIT_AZTEC_EAGLE_WARRIOR (131073), 49, 62, 49, 61, 276, 620ce3bf
009, LOC_CIVILIZATION_AZTEC_NAME, UNIT_AZTEC_EAGLE_WARRIOR (131073), 49, 62, 50, 57, 276, a8893e91
009, LOC_CIVILIZATION_AZTEC_NAME, UNIT_AZTEC_EAGLE_WARRIOR (131073), 49, 62, 50, 57, 37121, a8893e91
009, LOC_CIVILIZATION_AZTEC_NAME, UNIT_BUILDER (327680), 47, 62, 47, 64, 4362, d0711bb0
009, LOC_CIVILIZATION_AZTEC_NAME, UNIT_BUILDER (655367), 49, 61, 49, 59, 4362, 8315797b
009, LOC_CIVILIZATION_AZTEC_NAME, UNIT_BUILDER (524290), 50, 62, 45, 63, 4362, 89dee16e
009, LOC_CIVILIZATION_AZTEC_NAME, UNIT_AZTEC_EAGLE_WARRIOR (589830), 48, 62, 48, 63, 256, 5bd2254f
009, LOC_CIVILIZATION_AZTEC_NAME, UNIT_SCOUT (262147), 55, 45, 55, 18, 256, 788b90c7
009, LOC_CIVILIZATION_AZTEC_NAME, UNIT_SCOUT (262147), 55, 43, 55, 42, 0, a86e61d3
009, LOC_CIVILIZATION_AZTEC_NAME, UNIT_SCOUT (458757), 49, 66, -9999, -9999, 2368, ffffffff
009, LOC_CIVILIZATION_AZTEC_NAME, UNIT_SCOUT (720904), 46, 63, -9999, -9999, 2368, ffffffff
009, LOC_CIVILIZATION_AZTEC_NAME, UNIT_SCOUT (458757), 49, 66, 50, 68, 320, a11aafb3
009, LOC_CIVILIZATION_AZTEC_NAME, UNIT_SCOUT (720904), 46, 63, 43, 63, 320, a84d6b2a
009, LOC_CIVILIZATION_AZTEC_NAME, UNIT_SCOUT (458757), 50, 68, -9999, -9999, 2112, ffffffff
009, LOC_CIVILIZATION_AZTEC_NAME, UNIT_SCOUT (458757), 50, 68, 49, 69, 64, 42185281
009, LOC_CIVILIZATION_CREE_NAME, UNIT_SETTLER (524294), 60, 42, -9999, -9999, 2325, ffffffff
009, LOC_CIVILIZATION_CREE_NAME, UNIT_BUILDER (327680), 52, 25, -9999, -9999, 2325, ffffffff
009, LOC_CIVILIZATION_CREE_NAME, UNIT_CREE_OKIHTCITAW (262147), 53, 48, -9999, -9999, 2325, ffffffff
009, LOC_CIVILIZATION_CREE_NAME, UNIT_VAMPIRE (393220), 58, 48, -9999, -9999, 2325, ffffffff
009, LOC_CIVILIZATION_CREE_NAME, UNIT_SETTLER (524294), 60, 42, -9999, -9999, 2325, ffffffff
009, LOC_CIVILIZATION_CREE_NAME, UNIT_CREE_OKIHTCITAW (589831), 57, 43, -9999, -9999, 2325, ffffffff
009, LOC_CIVILIZATION_CREE_NAME, UNIT_BUILDER (458757), 60, 46, -9999, -9999, 2325, ffffffff
009, LOC_CIVILIZATION_CREE_NAME, UNIT_SETTLER (524294), 60, 42, 58, 40, 276,  e8239be
009, LOC_CIVILIZATION_CREE_NAME, UNIT_SETTLER (524294), 60, 42, 58, 40, 37121,  e8239be
009, LOC_CIVILIZATION_CREE_NAME, UNIT_CREE_OKIHTCITAW (589831), 57, 43, 55, 41, 272, f12b7903
009, LOC_CIVILIZATION_CREE_NAME, UNIT_VAMPIRE (393220), 58, 48, 58, 49, 256,  126951d
009, LOC_CIVILIZATION_CREE_NAME, UNIT_BUILDER (327680), 52, 25, 55, 18, 256,  97a4ead
009, LOC_CIVILIZATION_CREE_NAME, UNIT_BUILDER (327680), 53, 23, 54, 21, 0, eae2d7a1
009, LOC_CIVILIZATION_CREE_NAME, UNIT_CREE_OKIHTCITAW (262147), 53, 48, 55, 41, 256, ffffffff
009, LOC_CIVILIZATION_MALI_NAME, UNIT_WARRIOR (131073), 58, 35, -9999, -9999, 2325, ffffffff
009, LOC_CIVILIZATION_MALI_NAME, UNIT_WARRIOR (131073), 58, 35, -9999, -9999, 2325, ffffffff
009, LOC_CIVILIZATION_MALI_NAME, UNIT_BUILDER (524288), 66, 32, -9999, -9999, 2325, ffffffff
009, LOC_CIVILIZATION_MALI_NAME, UNIT_SCOUT (393220), 64, 41, -9999, -9999, 2325, ffffffff
009, LOC_CIVILIZATION_MALI_NAME, UNIT_WARRIOR (458757), 65, 33, -9999, -9999, 2325, ffffffff
009, LOC_CIVILIZATION_MALI_NAME, UNIT_SCOUT (262147), 54, 19, -9999, -9999, 2325, ffffffff
009, LOC_CIVILIZATION_MALI_NAME, UNIT_BUILDER (589830), 65, 31, -9999, -9999, 2325, ffffffff
009, LOC_CIVILIZATION_MALI_NAME, UNIT_WARRIOR (131073), 58, 35, 58, 40, 276, c9b98f07
009, LOC_CIVILIZATION_MALI_NAME, UNIT_WARRIOR (131073), 58, 35, 58, 40, 37121, c9b98f07
009, LOC_CIVILIZATION_MALI_NAME, UNIT_WARRIOR (131073), 58, 36, 58, 40, 36865, b0fac747
009, LOC_CIVILIZATION_MALI_NAME, UNIT_WARRIOR (458757), 65, 33, 64, 33, 37121, d0871e53
009, LOC_CIVILIZATION_MALI_NAME, UNIT_SCOUT (262147), 54, 19, 55, 18, 256, ef643f8d
009, LOC_CIVILIZATION_MALI_NAME, UNIT_BUILDER (524288), 66, 32, 57, 31, 256, edf09938
009, LOC_CIVILIZATION_MALI_NAME, UNIT_SCOUT (393220), 64, 41, -9999, -9999, 2368, ffffffff
009, LOC_CIVILIZATION_MALI_NAME, UNIT_SCOUT (393220), 64, 41, 63, 40, 320, a32d51a1
009, LOC_CIVILIZATION_MALI_NAME, UNIT_SCOUT (393220), 63, 40, -9999, -9999, 2112, ffffffff
009, LOC_CIVILIZATION_MONGOLIA_NAME, UNIT_WARRIOR (131073), 52, 19, -9999, -9999, 2325, ffffffff
009, LOC_CIVILIZATION_MONGOLIA_NAME, UNIT_WARRIOR (131073), 52, 19, -9999, -9999, 2325, ffffffff
009, LOC_CIVILIZATION_MONGOLIA_NAME, UNIT_BUILDER (327680), 51, 15, -9999, -9999, 2325, ffffffff
009, LOC_CIVILIZATION_MONGOLIA_NAME, UNIT_BUILDER (393220), 52, 15, -9999, -9999, 2325, ffffffff
009, LOC_CIVILIZATION_MONGOLIA_NAME, UNIT_SCOUT (262147), 50, 19, -9999, -9999, 2325, ffffffff
009, LOC_CIVILIZATION_MONGOLIA_NAME, UNIT_WARRIOR (131073), 52, 19, 58, 29, 276, 6f380aca
009, LOC_CIVILIZATION_MONGOLIA_NAME, UNIT_WARRIOR (131073), 52, 19, 58, 29, 37121, f88dac8c
009, LOC_CIVILIZATION_MONGOLIA_NAME, UNIT_SCOUT (262147), 50, 19, 49, 19, 256, 6d3572f8
009, LOC_CIVILIZATION_MONGOLIA_NAME, UNIT_WARRIOR (131073), 54, 19, 58, 29, 36865, 11d993ed
009, LOC_CIVILIZATION_KABUL_NAME, UNIT_WARRIOR (196610), 55, 36, -9999, -9999, 2325, ffffffff
009, LOC_CIVILIZATION_KABUL_NAME, UNIT_BUILDER (262144), 56, 35, -9999, -9999, 2325, ffffffff
009, LOC_CIVILIZATION_KABUL_NAME, UNIT_WARRIOR (131073), 57, 37, -9999, -9999, 2325, ffffffff
009, LOC_CIVILIZATION_KABUL_NAME, UNIT_WARRIOR (131073), 57, 37, 58, 38, 256, 3af5eec4
009, LOC_CIVILIZATION_KABUL_NAME, UNIT_WARRIOR (196610), 55, 36, 56, 35, 256, a041cdfb
009, LOC_CIVILIZATION_NAN_MADOL_NAME, UNIT_WARRIOR (196610), 64, 1, -9999, -9999, 2325, ffffffff
009, LOC_CIVILIZATION_NAN_MADOL_NAME, UNIT_WARRIOR (131073), 64, 3, -9999, -9999, 2325, ffffffff
009, LOC_CIVILIZATION_NAN_MADOL_NAME, UNIT_BUILDER (262144), 64, 2, -9999, -9999, 2325, ffffffff
009, LOC_CIVILIZATION_NAN_MADOL_NAME, UNIT_WARRIOR (131073), 64, 3, 64, 4, 256, 98e8ab93
009, LOC_CIVILIZATION_NAN_MADOL_NAME, UNIT_WARRIOR (196610), 64, 1, 64, 2, 256, 7c872a0c
009, LOC_CIVILIZATION_SAMARKAND_NAME, UNIT_WARRIOR (131073), 57, 61, -9999, -9999, 2325, ffffffff
009, LOC_CIVILIZATION_SAMARKAND_NAME, UNIT_BUILDER (262144), 57, 65, -9999, -9999, 2325, ffffffff
009, LOC_CIVILIZATION_SAMARKAND_NAME, UNIT_WARRIOR (196610), 53, 65, -9999, -9999, 2325, ffffffff
009, LOC_CIVILIZATION_SAMARKAND_NAME, UNIT_WARRIOR (131073), 57, 61, 56, 62, 256, a30c1aff
009, LOC_CIVILIZATION_SAMARKAND_NAME, UNIT_WARRIOR (196610), 53, 65, 54, 66, 256, b578a7dc
009, LOC_CIVILIZATION_GENEVA_NAME, UNIT_WARRIOR (196610), 69, 11, -9999, -9999, 2325, ffffffff
009, LOC_CIVILIZATION_GENEVA_NAME, UNIT_WARRIOR (131073), 71, 15, -9999, -9999, 2325, ffffffff
009, LOC_CIVILIZATION_GENEVA_NAME, UNIT_BUILDER (262144), 70, 12, -9999, -9999, 2325, ffffffff
009, LOC_CIVILIZATION_GENEVA_NAME, UNIT_WARRIOR (131073), 71, 15, 71, 16, 256, 3b0895b2
009, LOC_CIVILIZATION_GENEVA_NAME, UNIT_WARRIOR (196610), 69, 11, 70, 11, 256, 50d66afb
009, LOC_CIVILIZATION_CAGUANA_NAME, UNIT_WARRIOR (196610), 26, 24, -9999, -9999, 2325, ffffffff
009, LOC_CIVILIZATION_CAGUANA_NAME, UNIT_BUILDER (262144), 26, 24, -9999, -9999, 2325, ffffffff
009, LOC_CIVILIZATION_CAGUANA_NAME, UNIT_WARRIOR (131073), 22, 25, -9999, -9999, 2325, ffffffff
009, LOC_CIVILIZATION_CAGUANA_NAME, UNIT_BUILDER (262144), 26, 24, 24, 23, 4362, 8bd40f82
009, LOC_CIVILIZATION_CAGUANA_NAME, UNIT_WARRIOR (131073), 22, 25, 21, 25, 256, 642dedd1
009, LOC_CIVILIZATION_CAGUANA_NAME, UNIT_WARRIOR (196610), 26, 24, 26, 23, 256, d4ca10f4
009, LOC_CIVILIZATION_LAHORE_NAME, UNIT_BUILDER (262144), 41, 48, -9999, -9999, 2325, ffffffff
009, LOC_CIVILIZATION_LAHORE_NAME, UNIT_WARRIOR (196610), 41, 51, -9999, -9999, 2325, ffffffff
009, LOC_CIVILIZATION_LAHORE_NAME, UNIT_WARRIOR (131073), 41, 50, -9999, -9999, 2325, ffffffff
009, LOC_CIVILIZATION_LAHORE_NAME, UNIT_WARRIOR (131073), 41, 50, 41, 52, 256, f89d429e
009, LOC_CIVILIZATION_LAHORE_NAME, UNIT_WARRIOR (196610), 41, 51, 40, 50, 256, 773d4ff7
009, LOC_CIVILIZATION_CHINGUETTI_NAME, UNIT_BUILDER (262144), 55, 26, -9999, -9999, 2325, ffffffff
009, LOC_CIVILIZATION_CHINGUETTI_NAME, UNIT_WARRIOR (131073), 54, 27, -9999, -9999, 2325, ffffffff
009, LOC_CIVILIZATION_CHINGUETTI_NAME, UNIT_WARRIOR (196610), 55, 27, -9999, -9999, 2325, ffffffff
009, LOC_CIVILIZATION_CHINGUETTI_NAME, UNIT_WARRIOR (131073), 54, 27, 55, 25, 256, 6e135b47
009, LOC_CIVILIZATION_CHINGUETTI_NAME, UNIT_WARRIOR (196610), 55, 27, 57, 26, 256,  d894693
009, LOC_CIVILIZATION_HATTUSA_NAME, UNIT_WARRIOR (131073), 47, 35, -9999, -9999, 2325, ffffffff
009, LOC_CIVILIZATION_HATTUSA_NAME, UNIT_WARRIOR (196610), 44, 34, -9999, -9999, 2325, ffffffff
009, LOC_CIVILIZATION_HATTUSA_NAME, UNIT_BUILDER (262144), 44, 33, -9999, -9999, 2325, ffffffff
009, LOC_CIVILIZATION_HATTUSA_NAME, UNIT_WARRIOR (131073), 47, 35, 48, 34, 256, 138c1fdf
009, LOC_CIVILIZATION_HATTUSA_NAME, UNIT_WARRIOR (196610), 44, 34, 44, 33, 256, b5a2d7ba
009, LOC_CIVILIZATION_BUENOS_AIRES_NAME, UNIT_BUILDER (262144), 14, 17, -9999, -9999, 2325, ffffffff
009, LOC_CIVILIZATION_BUENOS_AIRES_NAME, UNIT_WARRIOR (196610), 13, 17, -9999, -9999, 2325, ffffffff
009, LOC_CIVILIZATION_BUENOS_AIRES_NAME, UNIT_WARRIOR (131073), 15, 14, -9999, -9999, 2325, ffffffff
009, LOC_CIVILIZATION_BUENOS_AIRES_NAME, UNIT_WARRIOR (131073), 15, 14, 15, 12, 256, 4fdc7ac5
009, LOC_CIVILIZATION_BUENOS_AIRES_NAME, UNIT_WARRIOR (131073), 15, 13, 15, 12, 0, d9f29c5a
009, LOC_CIVILIZATION_BUENOS_AIRES_NAME, UNIT_WARRIOR (196610), 13, 17, 14, 17, 256, e66e1857
009, LOC_CIVILIZATION_MEXICO_CITY_NAME, UNIT_WARRIOR (196610), 10, 58, -9999, -9999, 2325, ffffffff
009, LOC_CIVILIZATION_MEXICO_CITY_NAME, UNIT_WARRIOR (131073), 12, 57, -9999, -9999, 2325, ffffffff
009, LOC_CIVILIZATION_MEXICO_CITY_NAME, UNIT_BUILDER (262144), 10, 58, -9999, -9999, 2325, ffffffff
009, LOC_CIVILIZATION_MEXICO_CITY_NAME, UNIT_WARRIOR (131073), 12, 57, 11, 56, 256, 7548fddf
009, LOC_CIVILIZATION_MEXICO_CITY_NAME, UNIT_WARRIOR (196610), 10, 58, 9, 57, 256, ecf353c5
009, LOC_CIVILIZATION_PERSIA_NAME, UNIT_SCOUT (196608), 42, 64, -9999, -9999, 2325, ffffffff
009, LOC_CIVILIZATION_PERSIA_NAME, UNIT_WARRIOR (131073), 29, 66, -9999, -9999, 2325, ffffffff
009, LOC_CIVILIZATION_PERSIA_NAME, UNIT_VAMPIRE (262146), 31, 56, -9999, -9999, 2325, ffffffff
009, LOC_CIVILIZATION_PERSIA_NAME, UNIT_SETTLER (393220), 31, 62, -9999, -9999, 2325, ffffffff
009, LOC_CIVILIZATION_PERSIA_NAME, UNIT_BUILDER (327683), 28, 61, -9999, -9999, 2325, ffffffff
009, LOC_CIVILIZATION_BABYLON_STK_NAME, UNIT_BABYLONIAN_SABUM_KIBITTUM (196608), 12, 51, -9999, -9999, 2325, ffffffff
009, LOC_CIVILIZATION_BABYLON_STK_NAME, UNIT_WARRIOR (131073), 14, 31, -9999, -9999, 2325, ffffffff
009, LOC_CIVILIZATION_BABYLON_STK_NAME, UNIT_BUILDER (262146), 7, 43, -9999, -9999, 2325, ffffffff
009, LOC_CIVILIZATION_BABYLON_STK_NAME, UNIT_BUILDER (327683), 9, 41, -9999, -9999, 2325, ffffffff
009, LOC_CIVILIZATION_BABYLON_STK_NAME, UNIT_SETTLER (393220), 10, 41, -9999, -9999, 2325, ffffffff
009, LOC_CIVILIZATION_INDIA_NAME, UNIT_SCOUT (196608), 17, 27, -9999, -9999, 2325, ffffffff
009, LOC_CIVILIZATION_INDIA_NAME, UNIT_WARRIOR (131073), 5, 38, -9999, -9999, 2325, ffffffff
009, LOC_CIVILIZATION_INDIA_NAME, UNIT_SCOUT (262146), 11, 21, -9999, -9999, 2325, ffffffff
009, LOC_CIVILIZATION_INDIA_NAME, UNIT_SCOUT (327683), 9, 27, -9999, -9999, 2325, ffffffff
009, LOC_CIVILIZATION_NUBIA_NAME, UNIT_VAMPIRE (196608), 34, 5, -9999, -9999, 2325, ffffffff
009, LOC_CIVILIZATION_NUBIA_NAME, UNIT_WARRIOR (131073), 41, 17, -9999, -9999, 2325, ffffffff
009, LOC_CIVILIZATION_NUBIA_NAME, UNIT_SCOUT (262146), 22, 18, -9999, -9999, 2325, ffffffff
009, LOC_CIVILIZATION_NUBIA_NAME, UNIT_SCOUT (393220), 37, 10, -9999, -9999, 2325, ffffffff
009, LOC_CIVILIZATION_NUBIA_NAME, UNIT_BUILDER (327683), 32, 13, -9999, -9999, 2325, ffffffff
009, LOC_CIVILIZATION_NUBIA_NAME, UNIT_SETTLER (458757), 32, 14, -9999, -9999, 2325, ffffffff
009, LOC_CIVILIZATION_PERSIA_NAME, UNIT_BUILDER (327683), 28, 61, 28, 60, 16656, b25663bd
009, LOC_CIVILIZATION_PERSIA_NAME, UNIT_BUILDER (327683), 28, 60, 28, 59, 16400, b6486244
009, LOC_CIVILIZATION_PERSIA_NAME, UNIT_BUILDER (327683), 28, 59, 29, 58, 16400, feff27b8
009, LOC_CIVILIZATION_INDIA_NAME, UNIT_WARRIOR (131073), 5, 38, 5, 40, 16656, e64a4558
009, LOC_CIVILIZATION_NUBIA_NAME, UNIT_SETTLER (458757), 32, 14, 31, 14, 16656, 3bfde0d1
009, LOC_CIVILIZATION_PERSIA_NAME, UNIT_VAMPIRE (262146), 31, 56, 31, 54, 16656, f0e0565c
009, LOC_CIVILIZATION_INDIA_NAME, UNIT_SCOUT (327683), 9, 27, 7, 27, 16640, 43cc011d
009, LOC_CIVILIZATION_INDIA_NAME, UNIT_SCOUT (327683), 9, 28, 7, 27, 16384, 13726182
009, LOC_CIVILIZATION_BABYLON_STK_NAME, UNIT_BUILDER (262146), 7, 43, 7, 44, 16656,  bd12912
009, LOC_CIVILIZATION_BABYLON_STK_NAME, UNIT_BUILDER (262146), 7, 44, 6, 45, 16400, 43666cee
009, LOC_CIVILIZATION_PERSIA_NAME, UNIT_SETTLER (393220), 31, 62, 27, 61, 16640, eebd5abf
009, LOC_CIVILIZATION_INDIA_NAME, UNIT_SCOUT (262146), 11, 21, 11, 19, 16656, 167d93a2
009, LOC_CIVILIZATION_INDIA_NAME, UNIT_SCOUT (262146), 11, 19, 12, 18, 16400, 358250da
009, LOC_CIVILIZATION_BABYLON_STK_NAME, UNIT_BABYLONIAN_SABUM_KIBITTUM (196608), 12, 51, 15, 50, 16656, f57768c8
009, LOC_CIVILIZATION_INDIA_NAME, UNIT_SCOUT (196608), 17, 27, 18, 29, 16656, bd404f7d
009, LOC_CIVILIZATION_INDIA_NAME, UNIT_SCOUT (196608), 18, 29, 19, 30, 16400, c4f51172
009, LOC_CIVILIZATION_NUBIA_NAME, UNIT_SETTLER (458757), 31, 14, 30, 15, 16400, 9443db1d
009, LOC_CIVILIZATION_INDIA_NAME, UNIT_SCOUT (196608), 18, 29, 19, 30, 16400, c4f51172
009, LOC_CIVILIZATION_PERSIA_NAME, UNIT_SCOUT (196608), 42, 64, 42, 63, 16656, 38b1eb2f
009, LOC_CIVILIZATION_NUBIA_NAME, UNIT_BUILDER (327683), 32, 13, 31, 13, 16656, 9644c1bc
009, LOC_CIVILIZATION_PERSIA_NAME, UNIT_SCOUT (196608), 42, 63, 44, 62, 16400, 294ab37c
009, LOC_CIVILIZATION_BABYLON_STK_NAME, UNIT_WARRIOR (131073), 14, 31, 15, 32, 16656, 69d44ea1
009, LOC_CIVILIZATION_NUBIA_NAME, UNIT_VAMPIRE (196608), 34, 5, 33, 5, 16656, 8880401d
009, LOC_CIVILIZATION_BABYLON_STK_NAME, UNIT_WARRIOR (131073), 15, 32, 16, 32, 16400, 2c2d207f
009, LOC_CIVILIZATION_NUBIA_NAME, UNIT_VAMPIRE (196608), 33, 5, 32, 5, 16400, 569fef6d
009, LOC_CIVILIZATION_NUBIA_NAME, UNIT_SCOUT (393220), 37, 10, 37, 9, 16656, 6147aaea
009, LOC_CIVILIZATION_NUBIA_NAME, UNIT_SCOUT (393220), 37, 9, 38, 8, 16400,  fb92d6f
009, LOC_CIVILIZATION_NUBIA_NAME, UNIT_SCOUT (393220), 38, 8, 39, 8, 16400, c8bdb35e
009, LOC_CIVILIZATION_PERSIA_NAME, UNIT_BUILDER (458757), 31, 62, 32, 62, 16656, 146478a9
009, LOC_CIVILIZATION_BABYLON_STK_NAME, UNIT_SETTLER (393220), 10, 41, 13, 36, 16640,  b5daf65
009, LOC_CIVILIZATION_PERSIA_NAME, UNIT_BUILDER (458757), 32, 62, 32, 61, 16400, 3ab8e2f0
009, LOC_CIVILIZATION_PERSIA_NAME, UNIT_BUILDER (458757), 32, 61, 33, 60, 16400, 16636208
009, LOC_CIVILIZATION_NUBIA_NAME, UNIT_WARRIOR (131073), 41, 17, 42, 18, 16656, 32963e3c
009, LOC_CIVILIZATION_NUBIA_NAME, UNIT_WARRIOR (131073), 42, 18, 42, 19, 16400, c05211b4
009, LOC_CIVILIZATION_PERSIA_NAME, UNIT_WARRIOR (131073), 29, 66, 30, 67, 16656, 5f13916a
009, LOC_CIVILIZATION_NUBIA_NAME, UNIT_SCOUT (262146), 22, 18, 21, 18, 16656, ed1ec4d9
009, LOC_CIVILIZATION_NUBIA_NAME, UNIT_SCOUT (262146), 21, 18, 20, 18, 16400, 33016ba9
009, LOC_CIVILIZATION_INDIA_NAME, UNIT_SCOUT (196608), 18, 29, -9999, -9999, 2325, ffffffff
009, LOC_CIVILIZATION_INDIA_NAME, UNIT_WARRIOR (131073), 5, 40, -9999, -9999, 2325, ffffffff
009, LOC_CIVILIZATION_INDIA_NAME, UNIT_SCOUT (262146), 12, 18, -9999, -9999, 2325, ffffffff
009, LOC_CIVILIZATION_INDIA_NAME, UNIT_SCOUT (327683), 7, 27, -9999, -9999, 2325, ffffffff
009, LOC_CIVILIZATION_INDIA_NAME, UNIT_SCOUT (196608), 18, 29, -9999, -9999, 2325, ffffffff
009, LOC_CIVILIZATION_INDIA_NAME, UNIT_SCOUT (262146), 12, 18, -9999, -9999, 2325, ffffffff
009, LOC_CIVILIZATION_INDIA_NAME, UNIT_WARRIOR (131073), 5, 40, -9999, -9999, 2325, ffffffff
009, LOC_CIVILIZATION_INDIA_NAME, UNIT_SCOUT (327683), 7, 27, -9999, -9999, 2325, ffffffff
009, LOC_CIVILIZATION_PERSIA_NAME, UNIT_WARRIOR (131073), 30, 67, -9999, -9999, 2325, ffffffff
009, LOC_CIVILIZATION_PERSIA_NAME, UNIT_SCOUT (196608), 44, 62, -9999, -9999, 2325, ffffffff
009, LOC_CIVILIZATION_PERSIA_NAME, UNIT_VAMPIRE (262146), 31, 54, -9999, -9999, 2325, ffffffff
009, LOC_CIVILIZATION_PERSIA_NAME, UNIT_SETTLER (393220), 29, 61, -9999, -9999, 2325, ffffffff
009, LOC_CIVILIZATION_PERSIA_NAME, UNIT_BUILDER (327683), 29, 58, -9999, -9999, 2325, ffffffff
009, LOC_CIVILIZATION_PERSIA_NAME, UNIT_BUILDER (458757), 33, 60, -9999, -9999, 2325, ffffffff
009, LOC_CIVILIZATION_NUBIA_NAME, UNIT_WARRIOR (131073), 42, 19, -9999, -9999, 2325, ffffffff
009, LOC_CIVILIZATION_NUBIA_NAME, UNIT_VAMPIRE (196608), 32, 5, -9999, -9999, 2325, ffffffff
009, LOC_CIVILIZATION_NUBIA_NAME, UNIT_SCOUT (262146), 20, 18, -9999, -9999, 2325, ffffffff
009, LOC_CIVILIZATION_NUBIA_NAME, UNIT_SCOUT (393220), 39, 8, -9999, -9999, 2325, ffffffff
009, LOC_CIVILIZATION_NUBIA_NAME, UNIT_SETTLER (458757), 30, 15, -9999, -9999, 2325, ffffffff
009, LOC_CIVILIZATION_NUBIA_NAME, UNIT_BUILDER (327683), 31, 13, -9999, -9999, 2325, ffffffff
001, LOC_CIVILIZATION_MACEDON_NAME, UNIT_WARRIOR (131073), 25, 70, -9999, -9999, 2325, ffffffff
001, LOC_CIVILIZATION_MACEDON_NAME, UNIT_SETTLER (65536), 26, 70, -9999, -9999, 2325, ffffffff
001, LOC_CIVILIZATION_MACEDON_NAME, UNIT_WARRIOR (131073), 25, 70, -9999, -9999, 2368, ffffffff
001, LOC_CIVILIZATION_MACEDON_NAME, UNIT_WARRIOR (131073), 25, 70, 24, 72, 320, 3562051a
001, LOC_CIVILIZATION_BRAZIL_NAME, UNIT_SETTLER (65536), 13, 58, -9999, -9999, 2325, ffffffff
001, LOC_CIVILIZATION_BRAZIL_NAME, UNIT_WARRIOR (131073), 12, 58, -9999, -9999, 2325, ffffffff
001, LOC_CIVILIZATION_BRAZIL_NAME, UNIT_WARRIOR (131073), 12, 58, -9999, -9999, 2368, ffffffff
001, LOC_CIVILIZATION_BRAZIL_NAME, UNIT_WARRIOR (131073), 12, 58, 11, 58, 320,  d2979ca
001, LOC_CIVILIZATION_GERMANY_NAME, UNIT_WARRIOR (131073), 11, 44, -9999, -9999, 2325, ffffffff
001, LOC_CIVILIZATION_GERMANY_NAME, UNIT_SETTLER (65536), 12, 44, -9999, -9999, 2325, ffffffff
001, LOC_CIVILIZATION_GERMANY_NAME, UNIT_SETTLER (65536), 12, 44, 11, 43, 256, d93b1d23
001, LOC_CIVILIZATION_GERMANY_NAME, UNIT_WARRIOR (131073), 11, 44, -9999, -9999, 2368, ffffffff
001, LOC_CIVILIZATION_GERMANY_NAME, UNIT_WARRIOR (131073), 11, 44, 10, 44, 320, 954315bc
001, LOC_CIVILIZATION_GERMANY_NAME, UNIT_WARRIOR (131073), 10, 44, -9999, -9999, 2112, ffffffff
001, LOC_CIVILIZATION_GERMANY_NAME, UNIT_WARRIOR (131073), 10, 44, 9, 44, 64, a370753a
001, LOC_CIVILIZATION_VIETNAM_NAME, UNIT_WARRIOR (131073), 24, 16, -9999, -9999, 2325, ffffffff
001, LOC_CIVILIZATION_VIETNAM_NAME, UNIT_SETTLER (65536), 25, 16, -9999, -9999, 2325, ffffffff
001, LOC_CIVILIZATION_VIETNAM_NAME, UNIT_SETTLER (65536), 25, 16, 23, 15, 256, c6fa442f
001, LOC_CIVILIZATION_VIETNAM_NAME, UNIT_WARRIOR (131073), 24, 16, -9999, -9999, 2368, ffffffff
001, LOC_CIVILIZATION_VIETNAM_NAME, UNIT_WARRIOR (131073), 24, 16, 22, 17, 320, cef81f77
001, LOC_CIVILIZATION_ROME_NAME, UNIT_SETTLER (65536), 38, 8, -9999, -9999, 2325, ffffffff
001, LOC_CIVILIZATION_ROME_NAME, UNIT_WARRIOR (131073), 37, 8, -9999, -9999, 2325, ffffffff
001, LOC_CIVILIZATION_ROME_NAME, UNIT_WARRIOR (131073), 37, 8, 21, 18, 256, 22a40d4b
001, LOC_CIVILIZATION_ROME_NAME, UNIT_WARRIOR (131073), 36, 9, 21, 18, 0, 20334399
001, LOC_CIVILIZATION_BABYLON_NAME, UNIT_SETTLER (65536), 70, 15, -9999, -9999, 2325, ffffffff
001, LOC_CIVILIZATION_BABYLON_NAME, UNIT_WARRIOR (131073), 69, 15, -9999, -9999, 2325, ffffffff
001, LOC_CIVILIZATION_BABYLON_NAME, UNIT_WARRIOR (196610), 70, 16, -9999, -9999, 2325, ffffffff
001, LOC_CIVILIZATION_JERUSALEM_NAME, UNIT_SETTLER (65536), 22, 55, -9999, -9999, 2325, ffffffff
001, LOC_CIVILIZATION_JERUSALEM_NAME, UNIT_WARRIOR (196610), 22, 56, -9999, -9999, 2325, ffffffff
001, LOC_CIVILIZATION_JERUSALEM_NAME, UNIT_WARRIOR (131073), 21, 55, -9999, -9999, 2325, ffffffff
001, LOC_CIVILIZATION_HATTUSA_NAME, UNIT_WARRIOR (131073), 65, 72, -9999, -9999, 2325, ffffffff
001, LOC_CIVILIZATION_HATTUSA_NAME, UNIT_WARRIOR (196610), 65, 73, -9999, -9999, 2325, ffffffff
001, LOC_CIVILIZATION_HATTUSA_NAME, UNIT_SETTLER (65536), 66, 72, -9999, -9999, 2325, ffffffff
001, LOC_CIVILIZATION_JOHANNESBURG_NAME, UNIT_WARRIOR (196610), 58, 2, -9999, -9999, 2325, ffffffff
001, LOC_CIVILIZATION_JOHANNESBURG_NAME, UNIT_WARRIOR (131073), 57, 3, -9999, -9999, 2325, ffffffff
001, LOC_CIVILIZATION_JOHANNESBURG_NAME, UNIT_SETTLER (65536), 57, 2, -9999, -9999, 2325, ffffffff
001, LOC_CIVILIZATION_LISBON_NAME, UNIT_SETTLER (65536), 2, 26, -9999, -9999, 2325, ffffffff
001, LOC_CIVILIZATION_LISBON_NAME, UNIT_WARRIOR (131073), 1, 27, -9999, -9999, 2325, ffffffff
001, LOC_CIVILIZATION_LISBON_NAME, UNIT_WARRIOR (196610), 2, 27, -9999, -9999, 2325, ffffffff
001, LOC_CIVILIZATION_VATICAN_CITY_NAME, UNIT_SETTLER (65536), 60, 23, -9999, -9999, 2325, ffffffff
001, LOC_CIVILIZATION_VATICAN_CITY_NAME, UNIT_WARRIOR (196610), 60, 24, -9999, -9999, 2325, ffffffff
001, LOC_CIVILIZATION_VATICAN_CITY_NAME, UNIT_WARRIOR (131073), 59, 23, -9999, -9999, 2325, ffffffff
001, LOC_CIVILIZATION_VILNIUS_NAME, UNIT_WARRIOR (131073), 8, 24, -9999, -9999, 2325, ffffffff
001, LOC_CIVILIZATION_VILNIUS_NAME, UNIT_WARRIOR (196610), 9, 24, -9999, -9999, 2325, ffffffff
001, LOC_CIVILIZATION_VILNIUS_NAME, UNIT_SETTLER (65536), 8, 23, -9999, -9999, 2325, ffffffff
001, LOC_CIVILIZATION_YEREVAN_NAME, UNIT_SETTLER (65536), 59, 74, -9999, -9999, 2325, ffffffff
001, LOC_CIVILIZATION_YEREVAN_NAME, UNIT_WARRIOR (131073), 58, 74, -9999, -9999, 2325, ffffffff
001, LOC_CIVILIZATION_YEREVAN_NAME, UNIT_WARRIOR (196610), 58, 75, -9999, -9999, 2325, ffffffff
001, LOC_CIVILIZATION_BUENOS_AIRES_NAME, UNIT_SETTLER (65536), 35, 74, -9999, -9999, 2325, ffffffff
001, LOC_CIVILIZATION_BUENOS_AIRES_NAME, UNIT_WARRIOR (131073), 34, 74, -9999, -9999, 2325, ffffffff
001, LOC_CIVILIZATION_BUENOS_AIRES_NAME, UNIT_WARRIOR (196610), 34, 75, -9999, -9999, 2325, ffffffff
001, LOC_CIVILIZATION_FEZ_NAME, UNIT_SETTLER (65536), 15, 70, -9999, -9999, 2325, ffffffff
001, LOC_CIVILIZATION_FEZ_NAME, UNIT_WARRIOR (131073), 14, 69, -9999, -9999, 2325, ffffffff
001, LOC_CIVILIZATION_FEZ_NAME, UNIT_WARRIOR (196610), 15, 69, -9999, -9999, 2325, ffffffff
001, LOC_CIVILIZATION_KUMASI_NAME, UNIT_SETTLER (65536), 68, 27, -9999, -9999, 2325, ffffffff
001, LOC_CIVILIZATION_KUMASI_NAME, UNIT_WARRIOR (131073), 67, 27, -9999, -9999, 2325, ffffffff
001, LOC_CIVILIZATION_KUMASI_NAME, UNIT_WARRIOR (196610), 68, 28, -9999, -9999, 2325, ffffffff
001, LOC_CIVILIZATION_PRESLAV_NAME, UNIT_SETTLER (65536), 65, 71, -9999, -9999, 2325, ffffffff
001, LOC_CIVILIZATION_PRESLAV_NAME, UNIT_WARRIOR (131073), 65, 71, -9999, -9999, 2325, ffffffff
001, LOC_CIVILIZATION_PRESLAV_NAME, UNIT_WARRIOR (196610), 66, 73, -9999, -9999, 2325, ffffffff
001, LOC_CIVILIZATION_PRESLAV_NAME, UNIT_SETTLER (65536), 65, 71, 66, 70, 256, b4f4eaed
001, LOC_CIVILIZATION_EGYPT_NAME, UNIT_WARRIOR (131073), 43, 78, -9999, -9999, 2325, ffffffff
001, LOC_CIVILIZATION_EGYPT_NAME, UNIT_SETTLER (65536), 44, 78, -9999, -9999, 2325, ffffffff
001, LOC_CIVILIZATION_BABYLON_STK_NAME, UNIT_SETTLER (65536), 75, 49, -9999, -9999, 2325, ffffffff
001, LOC_CIVILIZATION_BABYLON_STK_NAME, UNIT_WARRIOR (131073), 74, 49, -9999, -9999, 2325, ffffffff
001, LOC_CIVILIZATION_INDIA_NAME, UNIT_WARRIOR (131073), 68, 61, -9999, -9999, 2325, ffffffff
001, LOC_CIVILIZATION_INDIA_NAME, UNIT_SETTLER (65536), 69, 61, -9999, -9999, 2325, ffffffff
001, LOC_CIVILIZATION_MALI_NAME, UNIT_WARRIOR (131073), 74, 37, -9999, -9999, 2325, ffffffff
001, LOC_CIVILIZATION_MALI_NAME, UNIT_SETTLER (65536), 75, 37, -9999, -9999, 2325, ffffffff
001, LOC_CIVILIZATION_NUBIA_NAME, UNIT_WARRIOR (131073), 51, 17, -9999, -9999, 2325, ffffffff
001, LOC_CIVILIZATION_NUBIA_NAME, UNIT_SETTLER (65536), 52, 16, -9999, -9999, 2325, ffffffff
001, LOC_CIVILIZATION_INDIA_NAME, UNIT_WARRIOR (131073), 68, 61, 68, 62, 16656, 77e40d88
001, LOC_CIVILIZATION_BABYLON_STK_NAME, UNIT_WARRIOR (131073), 74, 49, 73, 49, 16656, 51dd92b3
001, LOC_CIVILIZATION_MALI_NAME, UNIT_SETTLER (65536), 75, 37, 76, 38, 16656, 91fc1ec4
001, LOC_CIVILIZATION_EGYPT_NAME, UNIT_SETTLER (65536), 44, 78, 43, 77, 16656,  9193529
001, LOC_CIVILIZATION_BABYLON_STK_NAME, UNIT_WARRIOR (131073), 73, 49, 72, 49, 16400, 8fc23dc3
001, LOC_CIVILIZATION_EGYPT_NAME, UNIT_WARRIOR (131073), 43, 78, 44, 80, 16656, 63dea5ac
001, LOC_CIVILIZATION_NUBIA_NAME, UNIT_SETTLER (65536), 52, 16, 52, 17, 16656, 665bd188
001, LOC_CIVILIZATION_MALI_NAME, UNIT_WARRIOR (131073), 74, 37, 73, 37, 16656, e734056b
001, LOC_CIVILIZATION_MALI_NAME, UNIT_WARRIOR (131073), 73, 37, 73, 36, 16400, 3edd7920
001, LOC_CIVILIZATION_NUBIA_NAME, UNIT_WARRIOR (131073), 51, 17, 52, 18, 16656, 6403aade
001, LOC_CIVILIZATION_NUBIA_NAME, UNIT_WARRIOR (131073), 52, 18, 51, 19, 16400, 13601b18
001, LOC_CIVILIZATION_INDIA_NAME, UNIT_SETTLER (65536), 69, 61, 69, 63, 16656, a2b26dc3
001, LOC_CIVILIZATION_BABYLON_STK_NAME, UNIT_SETTLER (65536), 75, 49, 73, 49, 16656, 53e28f54
001, LOC_CIVILIZATION_MALI_NAME, UNIT_WARRIOR (131073), 73, 36, -9999, -9999, 2325, ffffffff
002, LOC_CIVILIZATION_MACEDON_NAME, UNIT_WARRIOR (131073), 24, 72, -9999, -9999, 2325, ffffffff
002, LOC_CIVILIZATION_MACEDON_NAME, UNIT_SETTLER (196610), 26, 70, -9999, -9999, 2325, ffffffff
002, LOC_CIVILIZATION_MACEDON_NAME, UNIT_SCOUT (262147), 26, 70, -9999, -9999, 2325, ffffffff
002, LOC_CIVILIZATION_MACEDON_NAME, UNIT_WARRIOR (131073), 24, 72, 26, 70, 256, ffffffff
002, LOC_CIVILIZATION_MACEDON_NAME, UNIT_SETTLER (196610), 26, 70, 24, 72, 256, 6acc34cb
002, LOC_CIVILIZATION_MACEDON_NAME, UNIT_WARRIOR (131073), 24, 72, 25, 71, 36865, 79f35813
002, LOC_CIVILIZATION_MACEDON_NAME, UNIT_SCOUT (262147), 26, 70, 21, 18, 256, 366cb364
002, LOC_CIVILIZATION_MACEDON_NAME, UNIT_SCOUT (262147), 25, 68, 24, 68, 0, 184ed066
002, LOC_CIVILIZATION_MACEDON_NAME, UNIT_WARRIOR (131073), 24, 72, 25, 71, 36865, 79f35813
002, LOC_CIVILIZATION_BRAZIL_NAME, UNIT_WARRIOR (131073), 11, 58, -9999, -9999, 2325, ffffffff
002, LOC_CIVILIZATION_BRAZIL_NAME, UNIT_SETTLER (196610), 13, 58, -9999, -9999, 2325, ffffffff
002, LOC_CIVILIZATION_BRAZIL_NAME, UNIT_SCOUT (262147), 13, 58, -9999, -9999, 2325, ffffffff
002, LOC_CIVILIZATION_BRAZIL_NAME, UNIT_SETTLER (196610), 13, 58, 12, 58, 276, bf5017b6
002, LOC_CIVILIZATION_BRAZIL_NAME, UNIT_WARRIOR (131073), 11, 58, 13, 58, 256, ffffffff
002, LOC_CIVILIZATION_BRAZIL_NAME, UNIT_SETTLER (196610), 13, 58, 11, 58, 256, afe4b84f
002, LOC_CIVILIZATION_BRAZIL_NAME, UNIT_WARRIOR (131073), 11, 58, 13, 58, 0, ffffffff
002, LOC_CIVILIZATION_BRAZIL_NAME, UNIT_WARRIOR (131073), 11, 58, 12, 58, 36865, 9a3b486a
002, LOC_CIVILIZATION_BRAZIL_NAME, UNIT_WARRIOR (131073), 11, 58, 12, 58, 36865, 9a3b486a
002, LOC_CIVILIZATION_BRAZIL_NAME, UNIT_SCOUT (262147), 13, 58, 21, 18, 256, 3f436fc6
002, LOC_CIVILIZATION_BRAZIL_NAME, UNIT_WARRIOR (131073), 11, 58, 12, 58, 36865, 9a3b486a
002, LOC_CIVILIZATION_GERMANY_NAME, UNIT_SCOUT (262147), 11, 43, -9999, -9999, 2325, ffffffff
002, LOC_CIVILIZATION_GERMANY_NAME, UNIT_WARRIOR (131073), 9, 44, -9999, -9999, 2325, ffffffff
002, LOC_CIVILIZATION_GERMANY_NAME, UNIT_SETTLER (196610), 11, 43, -9999, -9999, 2325, ffffffff
002, LOC_CIVILIZATION_GERMANY_NAME, UNIT_WARRIOR (131073), 9, 44, 11, 43, 256, ffffffff
002, LOC_CIVILIZATION_GERMANY_NAME, UNIT_SETTLER (196610), 11, 43, 9, 44, 256, 1a8dfbcd
002, LOC_CIVILIZATION_GERMANY_NAME, UNIT_WARRIOR (131073), 9, 44, 12, 44, 36865, d2933466
002, LOC_CIVILIZATION_GERMANY_NAME, UNIT_SCOUT (262147), 11, 43, 21, 18, 256,  a592f41
002, LOC_CIVILIZATION_GERMANY_NAME, UNIT_SCOUT (262147), 10, 41, 10, 40, 0, cb19c48a
002, LOC_CIVILIZATION_GERMANY_NAME, UNIT_WARRIOR (131073), 9, 44, 12, 44, 36865, d2933466
002, LOC_CIVILIZATION_VIETNAM_NAME, UNIT_WARRIOR (131073), 22, 17, -9999, -9999, 2325, ffffffff
002, LOC_CIVILIZATION_VIETNAM_NAME, UNIT_SCOUT (262147), 23, 15, -9999, -9999, 2325, ffffffff
002, LOC_CIVILIZATION_VIETNAM_NAME, UNIT_SETTLER (196610), 23, 15, -9999, -9999, 2325, ffffffff
002, LOC_CIVILIZATION_VIETNAM_NAME, UNIT_WARRIOR (131073), 22, 17, 23, 15, 256, ffffffff
002, LOC_CIVILIZATION_VIETNAM_NAME, UNIT_SETTLER (196610), 23, 15, 22, 17, 256, 909dd21a
002, LOC_CIVILIZATION_VIETNAM_NAME, UNIT_WARRIOR (131073), 22, 17, 23, 15, 0, ffffffff
002, LOC_CIVILIZATION_VIETNAM_NAME, UNIT_WARRIOR (131073), 22, 17, 23, 16, 36865, c9de316c
002, LOC_CIVILIZATION_VIETNAM_NAME, UNIT_WARRIOR (131073), 22, 17, 23, 16, 36865, c9de316c
002, LOC_CIVILIZATION_VIETNAM_NAME, UNIT_SCOUT (262147), 23, 15, 21, 18, 256, 1b7a0c19
002, LOC_CIVILIZATION_VIETNAM_NAME, UNIT_SCOUT (262147), 23, 17, 11, 38, 0, 414b9a27
002, LOC_CIVILIZATION_VIETNAM_NAME, UNIT_WARRIOR (131073), 22, 17, 23, 16, 36865, c9de316c
002, LOC_CIVILIZATION_VIETNAM_NAME, UNIT_SCOUT (262147), 23, 17, 11, 38, 0, 414b9a27
002, LOC_CIVILIZATION_ROME_NAME, UNIT_SCOUT (262147), 38, 8, -9999, -9999, 2325, ffffffff
002, LOC_CIVILIZATION_ROME_NAME, UNIT_WARRIOR (131073), 36, 9, -9999, -9999, 2325, ffffffff
002, LOC_CIVILIZATION_ROME_NAME, UNIT_SETTLER (196610), 38, 8, -9999, -9999, 2325, ffffffff
002, LOC_CIVILIZATION_ROME_NAME, UNIT_WARRIOR (131073), 36, 9, 38, 8, 256, ffffffff
002, LOC_CIVILIZATION_ROME_NAME, UNIT_SETTLER (196610), 38, 8, 36, 9, 256, b811b5cd
002, LOC_CIVILIZATION_ROME_NAME, UNIT_WARRIOR (131073), 36, 9, 38, 8, 0, ffffffff
002, LOC_CIVILIZATION_ROME_NAME, UNIT_WARRIOR (131073), 36, 9, 37, 9, 36865, f2d69e4c
002, LOC_CIVILIZATION_ROME_NAME, UNIT_WARRIOR (131073), 36, 9, 37, 8, 36865, 398a4de9
002, LOC_CIVILIZATION_ROME_NAME, UNIT_SCOUT (262147), 38, 8, 21, 18, 256, cc84c4fb
002, LOC_CIVILIZATION_ROME_NAME, UNIT_SCOUT (262147), 36, 7, 35, 7, 0, 9030db35
002, LOC_CIVILIZATION_ROME_NAME, UNIT_WARRIOR (131073), 36, 9, 37, 8, 36865, 398a4de9
002, LOC_CIVILIZATION_BABYLON_NAME, UNIT_WARRIOR (131073), 69, 15, -9999, -9999, 2325, ffffffff
002, LOC_CIVILIZATION_BABYLON_NAME, UNIT_WARRIOR (196610), 70, 16, -9999, -9999, 2325, ffffffff
002, LOC_CIVILIZATION_BABYLON_NAME, UNIT_WARRIOR (131073), 69, 15, 69, 16, 256, d3245a44
002, LOC_CIVILIZATION_BABYLON_NAME, UNIT_WARRIOR (196610), 70, 16, 70, 15, 256, 70c44c99
002, LOC_CIVILIZATION_JERUSALEM_NAME, UNIT_WARRIOR (131073), 21, 55, -9999, -9999, 2325, ffffffff
002, LOC_CIVILIZATION_JERUSALEM_NAME, UNIT_WARRIOR (196610), 22, 56, -9999, -9999, 2325, ffffffff
002, LOC_CIVILIZATION_JERUSALEM_NAME, UNIT_WARRIOR (131073), 21, 55, 20, 56, 256, dba290c9
002, LOC_CIVILIZATION_JERUSALEM_NAME, UNIT_WARRIOR (196610), 22, 56, 22, 57, 256, 6191fae7
002, LOC_CIVILIZATION_HATTUSA_NAME, UNIT_WARRIOR (131073), 65, 72, -9999, -9999, 2325, ffffffff
002, LOC_CIVILIZATION_HATTUSA_NAME, UNIT_WARRIOR (196610), 65, 73, -9999, -9999, 2325, ffffffff
002, LOC_CIVILIZATION_HATTUSA_NAME, UNIT_WARRIOR (131073), 65, 72, 66, 71, 256, b7afbbe2
002, LOC_CIVILIZATION_HATTUSA_NAME, UNIT_WARRIOR (196610), 65, 73, 64, 73, 256, 990472cb
002, LOC_CIVILIZATION_JOHANNESBURG_NAME, UNIT_WARRIOR (131073), 57, 3, -9999, -9999, 2325, ffffffff
002, LOC_CIVILIZATION_JOHANNESBURG_NAME, UNIT_WARRIOR (196610), 58, 2, -9999, -9999, 2325, ffffffff
002, LOC_CIVILIZATION_JOHANNESBURG_NAME, UNIT_WARRIOR (131073), 57, 3, 58, 3, 256, ae4af965
002, LOC_CIVILIZATION_JOHANNESBURG_NAME, UNIT_WARRIOR (196610), 58, 2, 58, 4, 256, c2690730
002, LOC_CIVILIZATION_LISBON_NAME, UNIT_WARRIOR (131073), 1, 27, -9999, -9999, 2325, ffffffff
002, LOC_CIVILIZATION_LISBON_NAME, UNIT_WARRIOR (196610), 2, 27, -9999, -9999, 2325, ffffffff
002, LOC_CIVILIZATION_LISBON_NAME, UNIT_WARRIOR (131073), 1, 27, 2, 28, 256, bd6649f4
002, LOC_CIVILIZATION_LISBON_NAME, UNIT_WARRIOR (196610), 2, 27, 2, 26, 256, 798a0507
002, LOC_CIVILIZATION_VATICAN_CITY_NAME, UNIT_WARRIOR (131073), 59, 23, -9999, -9999, 2325, ffffffff
002, LOC_CIVILIZATION_VATICAN_CITY_NAME, UNIT_WARRIOR (196610), 60, 24, -9999, -9999, 2325, ffffffff
002, LOC_CIVILIZATION_VATICAN_CITY_NAME, UNIT_WARRIOR (131073), 59, 23, 61, 22, 256, ca0470f2
002, LOC_CIVILIZATION_VATICAN_CITY_NAME, UNIT_WARRIOR (196610), 60, 24, 60, 23, 256, 6e8a8bc7
002, LOC_CIVILIZATION_VILNIUS_NAME, UNIT_WARRIOR (131073), 8, 24, -9999, -9999, 2325, ffffffff
002, LOC_CIVILIZATION_VILNIUS_NAME, UNIT_WARRIOR (196610), 9, 24, -9999, -9999, 2325, ffffffff
002, LOC_CIVILIZATION_VILNIUS_NAME, UNIT_WARRIOR (131073), 8, 24, 8, 25, 256, 2a4ed8c6
002, LOC_CIVILIZATION_VILNIUS_NAME, UNIT_WARRIOR (196610), 9, 24, 10, 22, 256, ba22de85
002, LOC_CIVILIZATION_YEREVAN_NAME, UNIT_WARRIOR (196610), 58, 75, -9999, -9999, 2325, ffffffff
002, LOC_CIVILIZATION_YEREVAN_NAME, UNIT_WARRIOR (131073), 58, 74, -9999, -9999, 2325, ffffffff
002, LOC_CIVILIZATION_YEREVAN_NAME, UNIT_WARRIOR (131073), 58, 74, 57, 74, 256, 3b9cfe80
002, LOC_CIVILIZATION_YEREVAN_NAME, UNIT_WARRIOR (196610), 58, 75, 59, 75, 256, abfe1b19
002, LOC_CIVILIZATION_BUENOS_AIRES_NAME, UNIT_WARRIOR (131073), 34, 74, -9999, -9999, 2325, ffffffff
002, LOC_CIVILIZATION_BUENOS_AIRES_NAME, UNIT_WARRIOR (196610), 34, 75, -9999, -9999, 2325, ffffffff
002, LOC_CIVILIZATION_BUENOS_AIRES_NAME, UNIT_WARRIOR (131073), 34, 74, 33, 73, 256, 87fbd9c0
002, LOC_CIVILIZATION_BUENOS_AIRES_NAME, UNIT_WARRIOR (196610), 34, 75, 35, 75, 256, 910d4ef7
002, LOC_CIVILIZATION_FEZ_NAME, UNIT_WARRIOR (131073), 14, 69, -9999, -9999, 2325, ffffffff
002, LOC_CIVILIZATION_FEZ_NAME, UNIT_WARRIOR (196610), 15, 69, -9999, -9999, 2325, ffffffff
002, LOC_CIVILIZATION_FEZ_NAME, UNIT_WARRIOR (131073), 14, 69, 13, 67, 256, 839a12e6
002, LOC_CIVILIZATION_FEZ_NAME, UNIT_WARRIOR (196610), 15, 69, 16, 69, 256, 6c9e2174
002, LOC_CIVILIZATION_KUMASI_NAME, UNIT_WARRIOR (196610), 68, 28, -9999, -9999, 2325, ffffffff
002, LOC_CIVILIZATION_KUMASI_NAME, UNIT_WARRIOR (131073), 67, 27, -9999, -9999, 2325, ffffffff
002, LOC_CIVILIZATION_KUMASI_NAME, UNIT_WARRIOR (131073), 67, 27, 65, 27, 256, d29cb391
002, LOC_CIVILIZATION_KUMASI_NAME, UNIT_WARRIOR (196610), 68, 28, 69, 28, 256, 7db5bcc8
002, LOC_CIVILIZATION_PRESLAV_NAME, UNIT_SETTLER (65536), 66, 70, -9999, -9999, 2325, ffffffff
002, LOC_CIVILIZATION_PRESLAV_NAME, UNIT_WARRIOR (196610), 66, 73, -9999, -9999, 2325, ffffffff
002, LOC_CIVILIZATION_PRESLAV_NAME, UNIT_WARRIOR (131073), 65, 71, -9999, -9999, 2325, ffffffff
002, LOC_CIVILIZATION_PRESLAV_NAME, UNIT_SETTLER (65536), 66, 70, 65, 68, 256, 9521444c
002, LOC_CIVILIZATION_EGYPT_NAME, UNIT_WARRIOR (131073), 44, 80, -9999, -9999, 2325, ffffffff
002, LOC_CIVILIZATION_BABYLON_STK_NAME, UNIT_WARRIOR (131073), 72, 49, -9999, -9999, 2325, ffffffff
002, LOC_CIVILIZATION_INDIA_NAME, UNIT_WARRIOR (131073), 68, 62, -9999, -9999, 2325, ffffffff
002, LOC_CIVILIZATION_MALI_NAME, UNIT_WARRIOR (131073), 73, 36, -9999, -9999, 2325, ffffffff
002, LOC_CIVILIZATION_NUBIA_NAME, UNIT_WARRIOR (131073), 51, 19, -9999, -9999, 2325, ffffffff
002, LOC_CIVILIZATION_INDIA_NAME, UNIT_WARRIOR (131073), 68, 62, 66, 62, 16656, e299d5b0
002, LOC_CIVILIZATION_BABYLON_STK_NAME, UNIT_WARRIOR (131073), 72, 49, 72, 50, 16656, b1ea2808
002, LOC_CIVILIZATION_EGYPT_NAME, UNIT_WARRIOR (131073), 44, 80, 43, 82, 16656, 63f9f893
002, LOC_CIVILIZATION_NUBIA_NAME, UNIT_WARRIOR (131073), 51, 19, 51, 20, 16656, 8aa92258
002, LOC_CIVILIZATION_BABYLON_STK_NAME, UNIT_WARRIOR (131073), 72, 50, 72, 51, 16400, 519ba86e
002, LOC_CIVILIZATION_MALI_NAME, UNIT_WARRIOR (131073), 73, 36, 72, 35, 16656, f6697847
002, LOC_CIVILIZATION_NUBIA_NAME, UNIT_WARRIOR (131073), 51, 20, 50, 20, 16400,  942b401
002, LOC_CIVILIZATION_NUBIA_NAME, UNIT_VAMPIRE (196608), 52, 17, 52, 16, 16656, b41c336c
002, LOC_CIVILIZATION_NUBIA_NAME, UNIT_VAMPIRE (196608), 52, 16, 52, 15, 16400, 5f87b263
003, LOC_CIVILIZATION_MACEDON_NAME, UNIT_WARRIOR (131073), 24, 72, -9999, -9999, 2325, ffffffff
003, LOC_CIVILIZATION_MACEDON_NAME, UNIT_SCOUT (262147), 24, 68, -9999, -9999, 2325, ffffffff
003, LOC_CIVILIZATION_MACEDON_NAME, UNIT_WARRIOR (131073), 24, 72, -9999, -9999, 2325, ffffffff
003, LOC_CIVILIZATION_MACEDON_NAME, UNIT_WARRIOR (131073), 24, 72, 26, 70, 276, 4572eddc
003, LOC_CIVILIZATION_MACEDON_NAME, UNIT_WARRIOR (131073), 24, 72, 23, 72, 276, a2a52ad8
003, LOC_CIVILIZATION_MACEDON_NAME, UNIT_WARRIOR (131073), 24, 72, 26, 70, 37121, 4572eddc
003, LOC_CIVILIZATION_MACEDON_NAME, UNIT_WARRIOR (131073), 25, 71, 23, 72, 36865, d229964d
003, LOC_CIVILIZATION_MACEDON_NAME, UNIT_SCOUT (262147), 24, 68, 21, 18, 256, d33b5dd5
003, LOC_CIVILIZATION_MACEDON_NAME, UNIT_WARRIOR (131073), 25, 71, 23, 72, 36865, d229964d
003, LOC_CIVILIZATION_BRAZIL_NAME, UNIT_WARRIOR (131073), 11, 58, -9999, -9999, 2325, ffffffff
003, LOC_CIVILIZATION_BRAZIL_NAME, UNIT_WARRIOR (131073), 11, 58, -9999, -9999, 2325, ffffffff
003, LOC_CIVILIZATION_BRAZIL_NAME, UNIT_SCOUT (262147), 14, 58, -9999, -9999, 2325, ffffffff
003, LOC_CIVILIZATION_BRAZIL_NAME, UNIT_WARRIOR (131073), 11, 58, 12, 58, 276, 9a3b486a
003, LOC_CIVILIZATION_BRAZIL_NAME, UNIT_WARRIOR (131073), 11, 58, 9, 57, 276, cd78b926
003, LOC_CIVILIZATION_BRAZIL_NAME, UNIT_WARRIOR (131073), 11, 58, 12, 58, 37121, 9a3b486a
003, LOC_CIVILIZATION_BRAZIL_NAME, UNIT_SCOUT (262147), 14, 58, 21, 18, 256,  180a0ef
003, LOC_CIVILIZATION_GERMANY_NAME, UNIT_WARRIOR (131073), 9, 44, -9999, -9999, 2325, ffffffff
003, LOC_CIVILIZATION_GERMANY_NAME, UNIT_SCOUT (262147), 10, 40, -9999, -9999, 2325, ffffffff
003, LOC_CIVILIZATION_GERMANY_NAME, UNIT_WARRIOR (131073), 9, 44, -9999, -9999, 2325, ffffffff
003, LOC_CIVILIZATION_GERMANY_NAME, UNIT_WARRIOR (131073), 9, 44, 11, 43, 276, 33de31c5
003, LOC_CIVILIZATION_GERMANY_NAME, UNIT_WARRIOR (131073), 9, 44, 8, 44, 276, 7d6fda4a
003, LOC_CIVILIZATION_GERMANY_NAME, UNIT_WARRIOR (131073), 9, 44, 11, 43, 37121, 33de31c5
003, LOC_CIVILIZATION_GERMANY_NAME, UNIT_WARRIOR (131073), 10, 43, 8, 44, 36865, b76ddf57
003, LOC_CIVILIZATION_GERMANY_NAME, UNIT_SCOUT (262147), 10, 40, 21, 18, 256, 7300631c
003, LOC_CIVILIZATION_GERMANY_NAME, UNIT_SCOUT (262147), 10, 38, 10, 37, 0, f01fcb9b
003, LOC_CIVILIZATION_VIETNAM_NAME, UNIT_WARRIOR (131073), 22, 17, -9999, -9999, 2325, ffffffff
003, LOC_CIVILIZATION_VIETNAM_NAME, UNIT_WARRIOR (131073), 22, 17, -9999, -9999, 2325, ffffffff
003, LOC_CIVILIZATION_VIETNAM_NAME, UNIT_SCOUT (262147), 23, 17, -9999, -9999, 2325, ffffffff
003, LOC_CIVILIZATION_VIETNAM_NAME, UNIT_WARRIOR (131073), 22, 17, 23, 15, 276, 5ea27794
003, LOC_CIVILIZATION_VIETNAM_NAME, UNIT_WARRIOR (131073), 22, 17, 21, 18, 276, e1ab42c6
003, LOC_CIVILIZATION_VIETNAM_NAME, UNIT_WARRIOR (131073), 22, 17, 23, 15, 37121, 5ea27794
003, LOC_CIVILIZATION_VIETNAM_NAME, UNIT_SCOUT (262147), 23, 17, 21, 18, 256, 24d1138e
003, LOC_CIVILIZATION_VIETNAM_NAME, UNIT_SCOUT (262147), 22, 17, 21, 18, 0, e1ab42c6
003, LOC_CIVILIZATION_ROME_NAME, UNIT_WARRIOR (131073), 36, 9, -9999, -9999, 2325, ffffffff
003, LOC_CIVILIZATION_ROME_NAME, UNIT_WARRIOR (131073), 36, 9, -9999, -9999, 2325, ffffffff
003, LOC_CIVILIZATION_ROME_NAME, UNIT_SCOUT (262147), 35, 7, -9999, -9999, 2325, ffffffff
003, LOC_CIVILIZATION_ROME_NAME, UNIT_WARRIOR (131073), 36, 9, 38, 8, 276, c3a66a03
003, LOC_CIVILIZATION_ROME_NAME, UNIT_WARRIOR (131073), 36, 9, 35, 10, 276, 52c3170c
003, LOC_CIVILIZATION_ROME_NAME, UNIT_WARRIOR (131073), 36, 9, 38, 8, 37121, c3a66a03
003, LOC_CIVILIZATION_ROME_NAME, UNIT_WARRIOR (131073), 37, 8, 35, 10, 36865, 69386b1c
003, LOC_CIVILIZATION_ROME_NAME, UNIT_SCOUT (262147), 35, 7, 11, 38, 256, 6e3dcfe1
003, LOC_CIVILIZATION_ROME_NAME, UNIT_SCOUT (262147), 34, 6, 33, 7, 0, ee65b2d5
003, LOC_CIVILIZATION_ROME_NAME, UNIT_WARRIOR (131073), 37, 8, 35, 10, 36865, 69386b1c
003, LOC_CIVILIZATION_BABYLON_NAME, UNIT_WARRIOR (131073), 69, 16, -9999, -9999, 2325, ffffffff
003, LOC_CIVILIZATION_BABYLON_NAME, UNIT_WARRIOR (196610), 70, 15, -9999, -9999, 2325, ffffffff
003, LOC_CIVILIZATION_BABYLON_NAME, UNIT_WARRIOR (131073), 69, 16, 69, 15, 256, ecfee494
003, LOC_CIVILIZATION_BABYLON_NAME, UNIT_WARRIOR (196610), 70, 15, 71, 16, 256, 83b4f2d7
003, LOC_CIVILIZATION_JERUSALEM_NAME, UNIT_WARRIOR (131073), 20, 56, -9999, -9999, 2325, ffffffff
003, LOC_CIVILIZATION_JERUSALEM_NAME, UNIT_WARRIOR (196610), 22, 57, -9999, -9999, 2325, ffffffff
003, LOC_CIVILIZATION_JERUSALEM_NAME, UNIT_WARRIOR (131073), 20, 56, 21, 56, 256, 8e4be62a
003, LOC_CIVILIZATION_JERUSALEM_NAME, UNIT_WARRIOR (196610), 22, 57, 23, 58, 256, 32b4b996
003, LOC_CIVILIZATION_HATTUSA_NAME, UNIT_WARRIOR (131073), 66, 71, -9999, -9999, 2325, ffffffff
003, LOC_CIVILIZATION_HATTUSA_NAME, UNIT_WARRIOR (196610), 64, 73, -9999, -9999, 2325, ffffffff
003, LOC_CIVILIZATION_HATTUSA_NAME, UNIT_WARRIOR (131073), 66, 71, 65, 73, 256, 4bd5ea80
003, LOC_CIVILIZATION_HATTUSA_NAME, UNIT_WARRIOR (196610), 64, 73, 65, 72, 256, 264ec695
003, LOC_CIVILIZATION_JOHANNESBURG_NAME, UNIT_WARRIOR (196610), 58, 4, -9999, -9999, 2325, ffffffff
003, LOC_CIVILIZATION_JOHANNESBURG_NAME, UNIT_WARRIOR (131073), 58, 3, -9999, -9999, 2325, ffffffff
003, LOC_CIVILIZATION_JOHANNESBURG_NAME, UNIT_WARRIOR (131073), 58, 3, 59, 4, 256, 6d5066ad
003, LOC_CIVILIZATION_JOHANNESBURG_NAME, UNIT_WARRIOR (196610), 58, 4, 58, 3, 256, f3bec04c
003, LOC_CIVILIZATION_LISBON_NAME, UNIT_WARRIOR (131073), 2, 28, -9999, -9999, 2325, ffffffff
003, LOC_CIVILIZATION_LISBON_NAME, UNIT_WARRIOR (196610), 2, 26, -9999, -9999, 2325, ffffffff
003, LOC_CIVILIZATION_LISBON_NAME, UNIT_WARRIOR (131073), 2, 28, 1, 27, 256, 73184786
003, LOC_CIVILIZATION_LISBON_NAME, UNIT_WARRIOR (196610), 2, 26, 2, 27, 256, abcde7e3
003, LOC_CIVILIZATION_VATICAN_CITY_NAME, UNIT_WARRIOR (131073), 61, 22, -9999, -9999, 2325, ffffffff
003, LOC_CIVILIZATION_VATICAN_CITY_NAME, UNIT_WARRIOR (196610), 60, 23, -9999, -9999, 2325, ffffffff
003, LOC_CIVILIZATION_VATICAN_CITY_NAME, UNIT_WARRIOR (131073), 61, 22, 61, 23, 256, 841fc1b2
003, LOC_CIVILIZATION_VATICAN_CITY_NAME, UNIT_WARRIOR (196610), 60, 23, 60, 24, 256, 184425dd
003, LOC_CIVILIZATION_VILNIUS_NAME, UNIT_WARRIOR (131073), 8, 25, -9999, -9999, 2325, ffffffff
003, LOC_CIVILIZATION_VILNIUS_NAME, UNIT_WARRIOR (196610), 10, 22, -9999, -9999, 2325, ffffffff
003, LOC_CIVILIZATION_VILNIUS_NAME, UNIT_WARRIOR (131073), 8, 25, 7, 25, 256, ea75fb2b
003, LOC_CIVILIZATION_VILNIUS_NAME, UNIT_WARRIOR (196610), 10, 22, 9, 23, 256, e8645c2d
003, LOC_CIVILIZATION_YEREVAN_NAME, UNIT_WARRIOR (196610), 59, 75, -9999, -9999, 2325, ffffffff
003, LOC_CIVILIZATION_YEREVAN_NAME, UNIT_WARRIOR (131073), 57, 74, -9999, -9999, 2325, ffffffff
003, LOC_CIVILIZATION_YEREVAN_NAME, UNIT_WARRIOR (131073), 57, 74, 58, 72, 256, c239a3f7
003, LOC_CIVILIZATION_YEREVAN_NAME, UNIT_WARRIOR (196610), 59, 75, 58, 77, 256, 85ea07b7
003, LOC_CIVILIZATION_BUENOS_AIRES_NAME, UNIT_WARRIOR (131073), 33, 73, -9999, -9999, 2325, ffffffff
003, LOC_CIVILIZATION_BUENOS_AIRES_NAME, UNIT_WARRIOR (196610), 35, 75, -9999, -9999, 2325, ffffffff
003, LOC_CIVILIZATION_BUENOS_AIRES_NAME, UNIT_WARRIOR (131073), 33, 73, 33, 74, 256, 38f75743
003, LOC_CIVILIZATION_BUENOS_AIRES_NAME, UNIT_WARRIOR (196610), 35, 75, 34, 75, 256, e51b290c
003, LOC_CIVILIZATION_FEZ_NAME, UNIT_WARRIOR (131073), 13, 67, -9999, -9999, 2325, ffffffff
003, LOC_CIVILIZATION_FEZ_NAME, UNIT_WARRIOR (196610), 16, 69, -9999, -9999, 2325, ffffffff
003, LOC_CIVILIZATION_FEZ_NAME, UNIT_WARRIOR (131073), 13, 67, 12, 67, 256, 6d808900
003, LOC_CIVILIZATION_FEZ_NAME, UNIT_WARRIOR (196610), 16, 69, 15, 69, 256, c17f453a
003, LOC_CIVILIZATION_KUMASI_NAME, UNIT_WARRIOR (131073), 65, 27, -9999, -9999, 2325, ffffffff
003, LOC_CIVILIZATION_KUMASI_NAME, UNIT_WARRIOR (196610), 69, 28, -9999, -9999, 2325, ffffffff
003, LOC_CIVILIZATION_KUMASI_NAME, UNIT_WARRIOR (131073), 65, 27, 66, 28, 256,  fefd324
003, LOC_CIVILIZATION_KUMASI_NAME, UNIT_WARRIOR (196610), 69, 28, 68, 26, 256,  9b86f23
003, LOC_CIVILIZATION_PRESLAV_NAME, UNIT_SETTLER (65536), 65, 69, -9999, -9999, 2325, ffffffff
003, LOC_CIVILIZATION_PRESLAV_NAME, UNIT_WARRIOR (196610), 66, 73, -9999, -9999, 2325, ffffffff
003, LOC_CIVILIZATION_PRESLAV_NAME, UNIT_WARRIOR (131073), 65, 71, -9999, -9999, 2325, ffffffff
003, LOC_CIVILIZATION_PRESLAV_NAME, UNIT_SETTLER (65536), 65, 69, 66, 67, 256, 7c28a5ae
003, LOC_CIVILIZATION_EGYPT_NAME, UNIT_WARRIOR (131073), 43, 82, -9999, -9999, 2325, ffffffff
003, LOC_CIVILIZATION_BABYLON_STK_NAME, UNIT_WARRIOR (131073), 72, 51, -9999, -9999, 2325, ffffffff
003, LOC_CIVILIZATION_INDIA_NAME, UNIT_WARRIOR (131073), 66, 62, -9999, -9999, 2325, ffffffff
003, LOC_CIVILIZATION_MALI_NAME, UNIT_WARRIOR (131073), 72, 35, -9999, -9999, 2325, ffffffff
003, LOC_CIVILIZATION_NUBIA_NAME, UNIT_WARRIOR (131073), 50, 20, -9999, -9999, 2325, ffffffff
003, LOC_CIVILIZATION_NUBIA_NAME, UNIT_VAMPIRE (196608), 52, 15, -9999, -9999, 2325, ffffffff
003, LOC_CIVILIZATION_MALI_NAME, UNIT_WARRIOR (131073), 72, 35, 71, 33, 16656, 305b75d7
003, LOC_CIVILIZATION_NUBIA_NAME, UNIT_WARRIOR (131073), 50, 20, 49, 19, 16656, 2274e43f
003, LOC_CIVILIZATION_NUBIA_NAME, UNIT_WARRIOR (131073), 49, 19, 49, 18, 16400, b4dc0eb3
003, LOC_CIVILIZATION_BABYLON_STK_NAME, UNIT_WARRIOR (131073), 72, 51, 72, 52, 16656, 5585a997
003, LOC_CIVILIZATION_BABYLON_STK_NAME, UNIT_WARRIOR (131073), 72, 52, 72, 53, 16400, d198ecf5
003, LOC_CIVILIZATION_INDIA_NAME, UNIT_WARRIOR (131073), 66, 62, 65, 62, 16656, 31420ff3
003, LOC_CIVILIZATION_NUBIA_NAME, UNIT_VAMPIRE (196608), 52, 15, 53, 14, 16656, 952b6fc6
003, LOC_CIVILIZATION_INDIA_NAME, UNIT_WARRIOR (131073), 65, 62, 64, 63, 16400, 24017326
003, LOC_CIVILIZATION_EGYPT_NAME, UNIT_WARRIOR (131073), 43, 82, 41, 82, 16656, 6a1d4e07
003, LOC_CIVILIZATION_EGYPT_NAME, UNIT_VAMPIRE (262146), 43, 77, 42, 78, 16656, 55f53171
003, LOC_CIVILIZATION_EGYPT_NAME, UNIT_BUILDER (196608), 43, 77, 42, 77, 16656, 73495ecd
004, LOC_CIVILIZATION_MACEDON_NAME, UNIT_WARRIOR (131073), 25, 71, -9999, -9999, 2325, ffffffff
004, LOC_CIVILIZATION_MACEDON_NAME, UNIT_WARRIOR (131073), 25, 71, -9999, -9999, 2325, ffffffff
004, LOC_CIVILIZATION_MACEDON_NAME, UNIT_SCOUT (262147), 25, 66, -9999, -9999, 2325, ffffffff
004, LOC_CIVILIZATION_MACEDON_NAME, UNIT_WARRIOR (131073), 25, 71, 23, 72, 276, d229964d
004, LOC_CIVILIZATION_MACEDON_NAME, UNIT_WARRIOR (131073), 25, 71, 23, 72, 37121, d229964d
004, LOC_CIVILIZATION_MACEDON_NAME, UNIT_SCOUT (262147), 25, 66, 33, 8, 256, fe2f267a
004, LOC_CIVILIZATION_MACEDON_NAME, UNIT_SCOUT (262147), 26, 64, 26, 63, 0, 4d5740f3
004, LOC_CIVILIZATION_MACEDON_NAME, UNIT_WARRIOR (131073), 24, 72, 23, 72, 36865, a2a52ad8
004, LOC_CIVILIZATION_BRAZIL_NAME, UNIT_BUILDER (327680), 13, 58, -9999, -9999, 2325, ffffffff
004, LOC_CIVILIZATION_BRAZIL_NAME, UNIT_WARRIOR (131073), 12, 58, -9999, -9999, 2325, ffffffff
004, LOC_CIVILIZATION_BRAZIL_NAME, UNIT_SCOUT (262147), 15, 56, -9999, -9999, 2325, ffffffff
004, LOC_CIVILIZATION_BRAZIL_NAME, UNIT_WARRIOR (131073), 12, 58, -9999, -9999, 2325, ffffffff
004, LOC_CIVILIZATION_BRAZIL_NAME, UNIT_WARRIOR (131073), 12, 58, 9, 57, 276, a40e6be1
004, LOC_CIVILIZATION_BRAZIL_NAME, UNIT_WARRIOR (131073), 12, 58, 9, 57, 37121, a40e6be1
004, LOC_CIVILIZATION_BRAZIL_NAME, UNIT_WARRIOR (131073), 11, 57, 9, 57, 36865, e655eae5
004, LOC_CIVILIZATION_BRAZIL_NAME, UNIT_BUILDER (327680), 13, 58, 13, 59, 4362, b8a6c48d
004, LOC_CIVILIZATION_BRAZIL_NAME, UNIT_SCOUT (262147), 15, 56, 33, 8, 256, af45f851
004, LOC_CIVILIZATION_BRAZIL_NAME, UNIT_SCOUT (262147), 16, 54, 15, 53, 0, ce4f62ce
004, LOC_CIVILIZATION_BRAZIL_NAME, UNIT_WARRIOR (131073), 10, 57, 9, 57, 36865, c7de0006
004, LOC_CIVILIZATION_GERMANY_NAME, UNIT_WARRIOR (131073), 10, 43, -9999, -9999, 2325, ffffffff
004, LOC_CIVILIZATION_GERMANY_NAME, UNIT_WARRIOR (131073), 10, 43, -9999, -9999, 2325, ffffffff
004, LOC_CIVILIZATION_GERMANY_NAME, UNIT_BUILDER (327680), 11, 43, -9999, -9999, 2325, ffffffff
004, LOC_CIVILIZATION_GERMANY_NAME, UNIT_SCOUT (262147), 10, 37, -9999, -9999, 2325, ffffffff
004, LOC_CIVILIZATION_GERMANY_NAME, UNIT_SETTLER (196610), 10, 43, 11, 43, 276, b311d438
004, LOC_CIVILIZATION_GERMANY_NAME, UNIT_SETTLER (196610), 10, 43, 10, 39, 276, c8f4dca5
004, LOC_CIVILIZATION_GERMANY_NAME, UNIT_WARRIOR (131073), 10, 43, 12, 44, 37121, fd8d63e1
004, LOC_CIVILIZATION_GERMANY_NAME, UNIT_WARRIOR (131073), 12, 44, 10, 39, 36865, 5ac6e8f9
004, LOC_CIVILIZATION_GERMANY_NAME, UNIT_BUILDER (327680), 11, 43, 11, 42, 4362, c0f160f8
004, LOC_CIVILIZATION_GERMANY_NAME, UNIT_SCOUT (262147), 10, 37, 33, 8, 256, 3f8e7188
004, LOC_CIVILIZATION_GERMANY_NAME, UNIT_SCOUT (262147), 12, 36, 13, 36, 0, 26db2c79
004, LOC_CIVILIZATION_GERMANY_NAME, UNIT_WARRIOR (131073), 12, 44, 10, 39, 36865, 3fa1d3bf
004, LOC_CIVILIZATION_VIETNAM_NAME, UNIT_WARRIOR (131073), 23, 16, -9999, -9999, 2325, ffffffff
004, LOC_CIVILIZATION_VIETNAM_NAME, UNIT_WARRIOR (131073), 23, 16, -9999, -9999, 2325, ffffffff
004, LOC_CIVILIZATION_VIETNAM_NAME, UNIT_BUILDER (327680), 23, 15, -9999, -9999, 2325, ffffffff
004, LOC_CIVILIZATION_VIETNAM_NAME, UNIT_SCOUT (262147), 21, 18, -9999, -9999, 2325, ffffffff
004, LOC_CIVILIZATION_VIETNAM_NAME, UNIT_BUILDER (393220), 23, 15, -9999, -9999, 2325, ffffffff
004, LOC_CIVILIZATION_VIETNAM_NAME, UNIT_WARRIOR (131073), 23, 16, 21, 18, 276, 3dca22cf
004, LOC_CIVILIZATION_VIETNAM_NAME, UNIT_WARRIOR (131073), 23, 16, 22, 18, 37121, b106b4bc
004, LOC_CIVILIZATION_VIETNAM_NAME, UNIT_BUILDER (393220), 23, 15, 24, 16, 4362, 7c037b7a
004, LOC_CIVILIZATION_VIETNAM_NAME, UNIT_BUILDER (327680), 23, 15, 33, 8, 256, 5a9ecf29
004, LOC_CIVILIZATION_VIETNAM_NAME, UNIT_BUILDER (327680), 25, 15, 26, 15, 0, 2c79bb7a
004, LOC_CIVILIZATION_VIETNAM_NAME, UNIT_BUILDER (327680), 26, 15, 33, 8, 0, bac6fdcf
004, LOC_CIVILIZATION_VIETNAM_NAME, UNIT_SCOUT (262147), 21, 18, 11, 38, 256, 6ab97097
004, LOC_CIVILIZATION_VIETNAM_NAME, UNIT_SCOUT (262147), 21, 20, 21, 21, 0, b4f4fc09
004, LOC_CIVILIZATION_VIETNAM_NAME, UNIT_BUILDER (327680), 26, 15, 33, 8, 0, bac6fdcf
004, LOC_CIVILIZATION_ROME_NAME, UNIT_WARRIOR (131073), 37, 8, -9999, -9999, 2325, ffffffff
004, LOC_CIVILIZATION_ROME_NAME, UNIT_WARRIOR (131073), 37, 8, -9999, -9999, 2325, ffffffff
004, LOC_CIVILIZATION_ROME_NAME, UNIT_BUILDER (327680), 38, 8, -9999, -9999, 2325, ffffffff
004, LOC_CIVILIZATION_ROME_NAME, UNIT_SCOUT (262147), 33, 7, -9999, -9999, 2325, ffffffff
004, LOC_CIVILIZATION_ROME_NAME, UNIT_WARRIOR (131073), 37, 8, 35, 10, 276, 69386b1c
004, LOC_CIVILIZATION_ROME_NAME, UNIT_WARRIOR (131073), 37, 8, 35, 10, 37121, 69386b1c
004, LOC_CIVILIZATION_ROME_NAME, UNIT_WARRIOR (131073), 36, 9, 35, 10, 36865, de926cbb
004, LOC_CIVILIZATION_ROME_NAME, UNIT_BUILDER (327680), 38, 8, 38, 9, 4362, cf4b6065
004, LOC_CIVILIZATION_ROME_NAME, UNIT_SCOUT (262147), 33, 7, 33, 8, 256, a7d5e281
004, LOC_CIVILIZATION_ROME_NAME, UNIT_SCOUT (262147), 33, 8, 11, 38, 0, a3885943
004, LOC_CIVILIZATION_ROME_NAME, UNIT_WARRIOR (131073), 36, 9, 35, 10, 36865, de926cbb
004, LOC_CIVILIZATION_BABYLON_NAME, UNIT_WARRIOR (131073), 69, 15, -9999, -9999, 2325, ffffffff
004, LOC_CIVILIZATION_BABYLON_NAME, UNIT_WARRIOR (196610), 71, 16, -9999, -9999, 2325, ffffffff
004, LOC_CIVILIZATION_BABYLON_NAME, UNIT_WARRIOR (131073), 69, 15, 70, 14, 256, 64773e4c
004, LOC_CIVILIZATION_BABYLON_NAME, UNIT_WARRIOR (196610), 71, 16, 71, 14, 256, 8cbd5c36
004, LOC_CIVILIZATION_JERUSALEM_NAME, UNIT_WARRIOR (196610), 23, 58, -9999, -9999, 2325, ffffffff
004, LOC_CIVILIZATION_JERUSALEM_NAME, UNIT_WARRIOR (131073), 21, 56, -9999, -9999, 2325, ffffffff
004, LOC_CIVILIZATION_JERUSALEM_NAME, UNIT_WARRIOR (131073), 21, 56, 20, 55, 256,  b0b3304
004, LOC_CIVILIZATION_JERUSALEM_NAME, UNIT_WARRIOR (196610), 23, 58, 22, 56, 256, 6ded6cd6
004, LOC_CIVILIZATION_HATTUSA_NAME, UNIT_WARRIOR (196610), 65, 72, -9999, -9999, 2325, ffffffff
004, LOC_CIVILIZATION_HATTUSA_NAME, UNIT_WARRIOR (131073), 65, 73, -9999, -9999, 2325, ffffffff
004, LOC_CIVILIZATION_HATTUSA_NAME, UNIT_WARRIOR (131073), 65, 73, 65, 74, 256, d33a00fb
004, LOC_CIVILIZATION_HATTUSA_NAME, UNIT_WARRIOR (196610), 65, 72, 65, 73, 256, 4cb54314
004, LOC_CIVILIZATION_JOHANNESBURG_NAME, UNIT_WARRIOR (131073), 59, 4, -9999, -9999, 2325, ffffffff
004, LOC_CIVILIZATION_JOHANNESBURG_NAME, UNIT_WARRIOR (196610), 58, 3, -9999, -9999, 2325, ffffffff
004, LOC_CIVILIZATION_JOHANNESBURG_NAME, UNIT_WARRIOR (131073), 59, 4, 59, 3, 256, 87a8a7b7
004, LOC_CIVILIZATION_JOHANNESBURG_NAME, UNIT_WARRIOR (196610), 58, 3, 58, 2, 256, 77a3852e
004, LOC_CIVILIZATION_LISBON_NAME, UNIT_WARRIOR (131073), 1, 27, -9999, -9999, 2325, ffffffff
004, LOC_CIVILIZATION_LISBON_NAME, UNIT_WARRIOR (196610), 2, 27, -9999, -9999, 2325, ffffffff
004, LOC_CIVILIZATION_LISBON_NAME, UNIT_WARRIOR (131073), 1, 27, 2, 26, 256, 6b3faae9
004, LOC_CIVILIZATION_LISBON_NAME, UNIT_WARRIOR (196610), 2, 27, 4, 28, 256, 5e1f9523
004, LOC_CIVILIZATION_LISBON_NAME, UNIT_WARRIOR (196610), 3, 27, 4, 28, 0, d10088f8
004, LOC_CIVILIZATION_VATICAN_CITY_NAME, UNIT_WARRIOR (131073), 61, 23, -9999, -9999, 2325, ffffffff
004, LOC_CIVILIZATION_VATICAN_CITY_NAME, UNIT_WARRIOR (196610), 60, 24, -9999, -9999, 2325, ffffffff
004, LOC_CIVILIZATION_VATICAN_CITY_NAME, UNIT_WARRIOR (131073), 61, 23, 61, 25, 256, 2398c6e8
004, LOC_CIVILIZATION_VATICAN_CITY_NAME, UNIT_WARRIOR (196610), 60, 24, 61, 24, 256, 5376398c
004, LOC_CIVILIZATION_VILNIUS_NAME, UNIT_WARRIOR (196610), 9, 23, -9999, -9999, 2325, ffffffff
004, LOC_CIVILIZATION_VILNIUS_NAME, UNIT_WARRIOR (131073), 7, 25, -9999, -9999, 2325, ffffffff
004, LOC_CIVILIZATION_VILNIUS_NAME, UNIT_WARRIOR (131073), 7, 25, 9, 24, 256, 174dc8ff
004, LOC_CIVILIZATION_VILNIUS_NAME, UNIT_WARRIOR (196610), 9, 23, 8, 23, 256, 2f60c21c
004, LOC_CIVILIZATION_YEREVAN_NAME, UNIT_WARRIOR (131073), 58, 72, -9999, -9999, 2325, ffffffff
004, LOC_CIVILIZATION_YEREVAN_NAME, UNIT_WARRIOR (196610), 58, 77, -9999, -9999, 2325, ffffffff
004, LOC_CIVILIZATION_YEREVAN_NAME, UNIT_WARRIOR (131073), 58, 72, 57, 72, 256, 44623d09
004, LOC_CIVILIZATION_YEREVAN_NAME, UNIT_WARRIOR (196610), 58, 77, 59, 79, 256, b994fa0d
004, LOC_CIVILIZATION_BUENOS_AIRES_NAME, UNIT_WARRIOR (131073), 33, 74, -9999, -9999, 2325, ffffffff
004, LOC_CIVILIZATION_BUENOS_AIRES_NAME, UNIT_WARRIOR (196610), 34, 75, -9999, -9999, 2325, ffffffff
004, LOC_CIVILIZATION_BUENOS_AIRES_NAME, UNIT_WARRIOR (131073), 33, 74, 32, 74, 256, df70041e
004, LOC_CIVILIZATION_BUENOS_AIRES_NAME, UNIT_WARRIOR (196610), 34, 75, 33, 74, 256, 82008434
004, LOC_CIVILIZATION_FEZ_NAME, UNIT_WARRIOR (196610), 15, 69, -9999, -9999, 2325, ffffffff
004, LOC_CIVILIZATION_FEZ_NAME, UNIT_WARRIOR (131073), 12, 67, -9999, -9999, 2325, ffffffff
004, LOC_CIVILIZATION_FEZ_NAME, UNIT_WARRIOR (131073), 12, 67, 13, 67, 256, 1996eefb
004, LOC_CIVILIZATION_FEZ_NAME, UNIT_WARRIOR (196610), 15, 69, 16, 68, 256, a7c2f2d1
004, LOC_CIVILIZATION_KUMASI_NAME, UNIT_WARRIOR (131073), 66, 28, -9999, -9999, 2325, ffffffff
004, LOC_CIVILIZATION_KUMASI_NAME, UNIT_WARRIOR (196610), 68, 26, -9999, -9999, 2325, ffffffff
004, LOC_CIVILIZATION_KUMASI_NAME, UNIT_WARRIOR (131073), 66, 28, 64, 29, 256, eb0c9ae5
004, LOC_CIVILIZATION_KUMASI_NAME, UNIT_WARRIOR (196610), 68, 26, 68, 24, 256, a4a6d7ef
004, LOC_CIVILIZATION_PRESLAV_NAME, UNIT_SETTLER (65536), 66, 68, -9999, -9999, 2325, ffffffff
004, LOC_CIVILIZATION_PRESLAV_NAME, UNIT_WARRIOR (131073), 65, 71, -9999, -9999, 2325, ffffffff
004, LOC_CIVILIZATION_PRESLAV_NAME, UNIT_WARRIOR (196610), 66, 73, -9999, -9999, 2325, ffffffff
004, LOC_CIVILIZATION_EGYPT_NAME, UNIT_WARRIOR (131073), 41, 82, -9999, -9999, 2325, ffffffff
004, LOC_CIVILIZATION_EGYPT_NAME, UNIT_BUILDER (196608), 42, 77, -9999, -9999, 2325, ffffffff
004, LOC_CIVILIZATION_EGYPT_NAME, UNIT_VAMPIRE (262146), 42, 78, -9999, -9999, 2325, ffffffff
004, LOC_CIVILIZATION_EGYPT_NAME, UNIT_SCOUT (327683), 43, 77, -9999, -9999, 2325, ffffffff
004, LOC_CIVILIZATION_BABYLON_STK_NAME, UNIT_WARRIOR (131073), 72, 53, -9999, -9999, 2325, ffffffff
004, LOC_CIVILIZATION_BABYLON_STK_NAME, UNIT_BABYLONIAN_SABUM_KIBITTUM (196608), 73, 49, -9999, -9999, 2325, ffffffff
004, LOC_CIVILIZATION_INDIA_NAME, UNIT_WARRIOR (131073), 64, 63, -9999, -9999, 2325, ffffffff
004, LOC_CIVILIZATION_INDIA_NAME, UNIT_SCOUT (196608), 69, 63, -9999, -9999, 2325, ffffffff
004, LOC_CIVILIZATION_MALI_NAME, UNIT_WARRIOR (131073), 71, 33, -9999, -9999, 2325, ffffffff
004, LOC_CIVILIZATION_MALI_NAME, UNIT_SCOUT (196608), 76, 38, -9999, -9999, 2325, ffffffff
004, LOC_CIVILIZATION_NUBIA_NAME, UNIT_VAMPIRE (196608), 53, 14, -9999, -9999, 2325, ffffffff
004, LOC_CIVILIZATION_NUBIA_NAME, UNIT_WARRIOR (131073), 49, 18, -9999, -9999, 2325, ffffffff
004, LOC_CIVILIZATION_NUBIA_NAME, UNIT_SCOUT (262146), 52, 17, -9999, -9999, 2325, ffffffff
004, LOC_CIVILIZATION_INDIA_NAME, UNIT_SCOUT (196608), 69, 63, 68, 65, 16656, 5c069d57
004, LOC_CIVILIZATION_NUBIA_NAME, UNIT_WARRIOR (131073), 49, 18, 48, 17, 16656, e7f94dc2
004, LOC_CIVILIZATION_BABYLON_STK_NAME, UNIT_WARRIOR (131073), 72, 53, 73, 53, 16656,  429dd2a
004, LOC_CIVILIZATION_NUBIA_NAME, UNIT_SCOUT (262146), 52, 17, 52, 14, 16656, 3513ad42
004, LOC_CIVILIZATION_EGYPT_NAME, UNIT_SCOUT (327683), 43, 77, 43, 75, 16656, 6f741e48
004, LOC_CIVILIZATION_NUBIA_NAME, UNIT_VAMPIRE (196608), 53, 14, 53, 13, 16656, b2184b4c
004, LOC_CIVILIZATION_INDIA_NAME, UNIT_WARRIOR (131073), 64, 63, 63, 62, 16656, 408af45f
004, LOC_CIVILIZATION_MALI_NAME, UNIT_WARRIOR (131073), 71, 33, 72, 31, 16656, 13688bf2
004, LOC_CIVILIZATION_BABYLON_STK_NAME, UNIT_BABYLONIAN_SABUM_KIBITTUM (196608), 73, 49, 75, 49, 16656, 15d0d940
004, LOC_CIVILIZATION_BABYLON_STK_NAME, UNIT_BABYLONIAN_SABUM_KIBITTUM (196608), 75, 49, 76, 48, 16400, 6add2817
004, LOC_CIVILIZATION_EGYPT_NAME, UNIT_WARRIOR (131073), 41, 82, 40, 82, 16656, a4bf2feb
004, LOC_CIVILIZATION_MALI_NAME, UNIT_SCOUT (196608), 76, 38, 78, 38, 16656, 6e4a7b5f
004, LOC_CIVILIZATION_EGYPT_NAME, UNIT_WARRIOR (131073), 40, 82, 39, 82, 16400, c5235a22
004, LOC_CIVILIZATION_MALI_NAME, UNIT_SCOUT (196608), 78, 38, 79, 38, 16400,  380bad6
004, LOC_CIVILIZATION_EGYPT_NAME, UNIT_VAMPIRE (262146), 42, 78, 41, 76, 16656, 71be72c9
004, LOC_CIVILIZATION_EGYPT_NAME, UNIT_WARRIOR (131073), 39, 82, -9999, -9999, 2325, ffffffff
004, LOC_CIVILIZATION_EGYPT_NAME, UNIT_BUILDER (196608), 42, 77, -9999, -9999, 2325, ffffffff
004, LOC_CIVILIZATION_EGYPT_NAME, UNIT_VAMPIRE (262146), 41, 76, -9999, -9999, 2325, ffffffff
004, LOC_CIVILIZATION_EGYPT_NAME, UNIT_SCOUT (327683), 43, 75, -9999, -9999, 2325, ffffffff
005, LOC_CIVILIZATION_MACEDON_NAME, UNIT_WARRIOR (131073), 24, 72, -9999, -9999, 2325, ffffffff
005, LOC_CIVILIZATION_MACEDON_NAME, UNIT_WARRIOR (131073), 24, 72, -9999, -9999, 2325, ffffffff
005, LOC_CIVILIZATION_MACEDON_NAME, UNIT_SCOUT (262147), 26, 63, -9999, -9999, 2325, ffffffff
005, LOC_CIVILIZATION_MACEDON_NAME, UNIT_BUILDER (327680), 26, 70, -9999, -9999, 2325, ffffffff
005, LOC_CIVILIZATION_MACEDON_NAME, UNIT_WARRIOR (131073), 24, 72, 23, 72, 276, a2a52ad8
005, LOC_CIVILIZATION_MACEDON_NAME, UNIT_WARRIOR (131073), 24, 72, 23, 72, 37121, a2a52ad8
005, LOC_CIVILIZATION_MACEDON_NAME, UNIT_BUILDER (327680), 26, 70, 27, 70, 4362, fb8abbe2
005, LOC_CIVILIZATION_MACEDON_NAME, UNIT_SCOUT (262147), 26, 63, 11, 38, 256, 58d51824
005, LOC_CIVILIZATION_MACEDON_NAME, UNIT_SCOUT (262147), 26, 62, 25, 60, 0, ffffffff
005, LOC_CIVILIZATION_MACEDON_NAME, UNIT_SCOUT (262147), 26, 62, 11, 38, 0, 2e649f87
005, LOC_CIVILIZATION_MACEDON_NAME, UNIT_SCOUT (262147), 25, 61, 24, 61, 0, ca9e4ed0
005, LOC_CIVILIZATION_BRAZIL_NAME, UNIT_WARRIOR (131073), 10, 57, -9999, -9999, 2325, ffffffff
005, LOC_CIVILIZATION_BRAZIL_NAME, UNIT_WARRIOR (131073), 10, 57, -9999, -9999, 2325, ffffffff
005, LOC_CIVILIZATION_BRAZIL_NAME, UNIT_SCOUT (262147), 15, 53, -9999, -9999, 2325, ffffffff
005, LOC_CIVILIZATION_BRAZIL_NAME, UNIT_BUILDER (327680), 13, 59, -9999, -9999, 2325, ffffffff
005, LOC_CIVILIZATION_BRAZIL_NAME, UNIT_WARRIOR (131073), 10, 57, 9, 57, 276, c7de0006
005, LOC_CIVILIZATION_BRAZIL_NAME, UNIT_WARRIOR (131073), 10, 57, 9, 57, 37121, c7de0006
005, LOC_CIVILIZATION_BRAZIL_NAME, UNIT_BUILDER (327680), 13, 59, 12, 59, 4362, 6d17f552
005, LOC_CIVILIZATION_BRAZIL_NAME, UNIT_SCOUT (262147), 15, 53, 11, 38, 256, 7c67a1b7
005, LOC_CIVILIZATION_BRAZIL_NAME, UNIT_SCOUT (262147), 15, 52, 14, 50, 0, 75303c1b
005, LOC_CIVILIZATION_GERMANY_NAME, UNIT_WARRIOR (131073), 12, 44, -9999, -9999, 2325, ffffffff
005, LOC_CIVILIZATION_GERMANY_NAME, UNIT_WARRIOR (131073), 12, 44, -9999, -9999, 2325, ffffffff
005, LOC_CIVILIZATION_GERMANY_NAME, UNIT_BUILDER (327680), 11, 42, -9999, -9999, 2325, ffffffff
005, LOC_CIVILIZATION_GERMANY_NAME, UNIT_SCOUT (262147), 13, 36, -9999, -9999, 2325, ffffffff
005, LOC_CIVILIZATION_GERMANY_NAME, UNIT_WARRIOR (131073), 12, 44, 10, 39, 276, 5ac6e8f9
005, LOC_CIVILIZATION_GERMANY_NAME, UNIT_WARRIOR (131073), 12, 44, 10, 39, 37121, 3fa1d3bf
005, LOC_CIVILIZATION_GERMANY_NAME, UNIT_WARRIOR (131073), 11, 43, 10, 39, 36865, 219d7d5f
005, LOC_CIVILIZATION_GERMANY_NAME, UNIT_BUILDER (327680), 11, 42, 11, 44, 4362, e418dcd4
005, LOC_CIVILIZATION_GERMANY_NAME, UNIT_SCOUT (262147), 13, 36, 11, 38, 256, a7937852
005, LOC_CIVILIZATION_GERMANY_NAME, UNIT_SCOUT (262147), 12, 37, 11, 38, 0, 1fd50985
005, LOC_CIVILIZATION_VIETNAM_NAME, UNIT_WARRIOR (131073), 22, 18, -9999, -9999, 2325, ffffffff
005, LOC_CIVILIZATION_VIETNAM_NAME, UNIT_WARRIOR (131073), 22, 18, -9999, -9999, 2325, ffffffff
005, LOC_CIVILIZATION_VIETNAM_NAME, UNIT_BUILDER (327680), 26, 15, -9999, -9999, 2325, ffffffff
005, LOC_CIVILIZATION_VIETNAM_NAME, UNIT_SCOUT (262147), 21, 21, -9999, -9999, 2325, ffffffff
005, LOC_CIVILIZATION_VIETNAM_NAME, UNIT_SCOUT (458757), 23, 15, -9999, -9999, 2325, ffffffff
005, LOC_CIVILIZATION_VIETNAM_NAME, UNIT_BUILDER (393220), 24, 16, -9999, -9999, 2325, ffffffff
005, LOC_CIVILIZATION_VIETNAM_NAME, UNIT_WARRIOR (131073), 22, 18, 21, 18, 276, ed1ec4d9
005, LOC_CIVILIZATION_VIETNAM_NAME, UNIT_WARRIOR (131073), 22, 18, 21, 18, 37121, ed1ec4d9
005, LOC_CIVILIZATION_VIETNAM_NAME, UNIT_BUILDER (393220), 24, 16, 22, 17, 4362, cef81f77
005, LOC_CIVILIZATION_VIETNAM_NAME, UNIT_SCOUT (262147), 21, 21, 13, 48, 256, 89e1de4e
005, LOC_CIVILIZATION_VIETNAM_NAME, UNIT_SCOUT (262147), 20, 23, 20, 24, 0, 5751dbef
005, LOC_CIVILIZATION_VIETNAM_NAME, UNIT_SCOUT (458757), 23, 15, -9999, -9999, 2368, ffffffff
005, LOC_CIVILIZATION_VIETNAM_NAME, UNIT_SCOUT (458757), 23, 15, 22, 14, 320, 7812b8af
005, LOC_CIVILIZATION_ROME_NAME, UNIT_BUILDER (327680), 38, 9, -9999, -9999, 2325, ffffffff
005, LOC_CIVILIZATION_ROME_NAME, UNIT_WARRIOR (131073), 36, 9, -9999, -9999, 2325, ffffffff
005, LOC_CIVILIZATION_ROME_NAME, UNIT_WARRIOR (131073), 36, 9, -9999, -9999, 2325, ffffffff
005, LOC_CIVILIZATION_ROME_NAME, UNIT_SCOUT (262147), 32, 9, -9999, -9999, 2325, ffffffff
005, LOC_CIVILIZATION_ROME_NAME, UNIT_BUILDER (393220), 38, 8, -9999, -9999, 2325, ffffffff
005, LOC_CIVILIZATION_ROME_NAME, UNIT_WARRIOR (131073), 36, 9, 35, 10, 276, 52c3170c
005, LOC_CIVILIZATION_ROME_NAME, UNIT_WARRIOR (131073), 36, 9, 35, 10, 37121, 52c3170c
005, LOC_CIVILIZATION_ROME_NAME, UNIT_BUILDER (327680), 38, 9, 37, 10, 4362, d98306ad
005, LOC_CIVILIZATION_ROME_NAME, UNIT_SCOUT (262147), 32, 9, 21, 25, 256, 395f57d2
005, LOC_CIVILIZATION_ROME_NAME, UNIT_SCOUT (262147), 30, 9, 30, 10, 0, 3373bb0c
005, LOC_CIVILIZATION_ROME_NAME, UNIT_WARRIOR (131073), 35, 9, 35, 10, 36865, 2ffadddc
005, LOC_CIVILIZATION_BABYLON_NAME, UNIT_BUILDER (262144), 70, 15, -9999, -9999, 2325, ffffffff
005, LOC_CIVILIZATION_BABYLON_NAME, UNIT_WARRIOR (131073), 70, 14, -9999, -9999, 2325, ffffffff
005, LOC_CIVILIZATION_BABYLON_NAME, UNIT_WARRIOR (196610), 71, 14, -9999, -9999, 2325, ffffffff
005, LOC_CIVILIZATION_BABYLON_NAME, UNIT_BUILDER (262144), 70, 15, 71, 16, 4362, 83b4f2d7
005, LOC_CIVILIZATION_BABYLON_NAME, UNIT_WARRIOR (131073), 70, 14, 69, 15, 256, 2a0a74a5
005, LOC_CIVILIZATION_BABYLON_NAME, UNIT_WARRIOR (196610), 71, 14, 70, 15, 256, 1c391423
005, LOC_CIVILIZATION_JERUSALEM_NAME, UNIT_WARRIOR (131073), 20, 55, -9999, -9999, 2325, ffffffff
005, LOC_CIVILIZATION_JERUSALEM_NAME, UNIT_WARRIOR (196610), 22, 56, -9999, -9999, 2325, ffffffff
005, LOC_CIVILIZATION_JERUSALEM_NAME, UNIT_WARRIOR (131073), 20, 55, 19, 55, 256, 3eea41b7
005, LOC_CIVILIZATION_JERUSALEM_NAME, UNIT_WARRIOR (196610), 22, 56, 21, 58, 256, 1a836c1f
005, LOC_CIVILIZATION_HATTUSA_NAME, UNIT_WARRIOR (131073), 65, 74, -9999, -9999, 2325, ffffffff
005, LOC_CIVILIZATION_HATTUSA_NAME, UNIT_BUILDER (262144), 66, 72, -9999, -9999, 2325, ffffffff
005, LOC_CIVILIZATION_HATTUSA_NAME, UNIT_WARRIOR (196610), 65, 73, -9999, -9999, 2325, ffffffff
005, LOC_CIVILIZATION_HATTUSA_NAME, UNIT_WARRIOR (131073), 65, 74, 64, 73, 256, b2292108
005, LOC_CIVILIZATION_HATTUSA_NAME, UNIT_WARRIOR (196610), 65, 73, 66, 72, 256, 107da613
005, LOC_CIVILIZATION_JOHANNESBURG_NAME, UNIT_WARRIOR (131073), 59, 3, -9999, -9999, 2325, ffffffff
005, LOC_CIVILIZATION_JOHANNESBURG_NAME, UNIT_WARRIOR (196610), 58, 2, -9999, -9999, 2325, ffffffff
005, LOC_CIVILIZATION_JOHANNESBURG_NAME, UNIT_WARRIOR (131073), 59, 3, 57, 3, 256, 78039f7e
005, LOC_CIVILIZATION_JOHANNESBURG_NAME, UNIT_WARRIOR (196610), 58, 2, 58, 4, 256, c2690730
005, LOC_CIVILIZATION_LISBON_NAME, UNIT_BUILDER (262144), 2, 26, -9999, -9999, 2325, ffffffff
005, LOC_CIVILIZATION_LISBON_NAME, UNIT_WARRIOR (131073), 2, 26, -9999, -9999, 2325, ffffffff
005, LOC_CIVILIZATION_LISBON_NAME, UNIT_WARRIOR (196610), 4, 28, -9999, -9999, 2325, ffffffff
005, LOC_CIVILIZATION_LISBON_NAME, UNIT_BUILDER (262144), 2, 26, 1, 27, 4362, 2542e000
005, LOC_CIVILIZATION_LISBON_NAME, UNIT_WARRIOR (131073), 2, 26, 2, 27, 256, abcde7e3
005, LOC_CIVILIZATION_LISBON_NAME, UNIT_WARRIOR (196610), 4, 28, 2, 29, 256, e29371fb
005, LOC_CIVILIZATION_VATICAN_CITY_NAME, UNIT_WARRIOR (131073), 61, 25, -9999, -9999, 2325, ffffffff
005, LOC_CIVILIZATION_VATICAN_CITY_NAME, UNIT_WARRIOR (196610), 61, 24, -9999, -9999, 2325, ffffffff
005, LOC_CIVILIZATION_VATICAN_CITY_NAME, UNIT_BUILDER (262144), 60, 23, -9999, -9999, 2325, ffffffff
005, LOC_CIVILIZATION_VATICAN_CITY_NAME, UNIT_BUILDER (262144), 60, 23, 61, 24, 4362, d4ee2543
005, LOC_CIVILIZATION_VATICAN_CITY_NAME, UNIT_WARRIOR (131073), 61, 25, 63, 26, 256, ffc41abc
005, LOC_CIVILIZATION_VATICAN_CITY_NAME, UNIT_WARRIOR (196610), 61, 24, 60, 23, 256, d636eca2
005, LOC_CIVILIZATION_VILNIUS_NAME, UNIT_WARRIOR (196610), 8, 23, -9999, -9999, 2325, ffffffff
005, LOC_CIVILIZATION_VILNIUS_NAME, UNIT_WARRIOR (131073), 9, 24, -9999, -9999, 2325, ffffffff
005, LOC_CIVILIZATION_VILNIUS_NAME, UNIT_WARRIOR (131073), 9, 24, 10, 25, 256, 34f0303e
005, LOC_CIVILIZATION_VILNIUS_NAME, UNIT_WARRIOR (196610), 8, 23, 10, 22, 256, 4e5a768a
005, LOC_CIVILIZATION_YEREVAN_NAME, UNIT_WARRIOR (196610), 59, 79, -9999, -9999, 2325, ffffffff
005, LOC_CIVILIZATION_YEREVAN_NAME, UNIT_WARRIOR (131073), 57, 72, -9999, -9999, 2325, ffffffff
005, LOC_CIVILIZATION_YEREVAN_NAME, UNIT_BUILDER (262144), 59, 74, -9999, -9999, 2325, ffffffff
005, LOC_CIVILIZATION_YEREVAN_NAME, UNIT_BUILDER (262144), 59, 74, 60, 74, 4362, cbc09781
005, LOC_CIVILIZATION_YEREVAN_NAME, UNIT_WARRIOR (131073), 57, 72, 58, 70, 256, d4cc90b6
005, LOC_CIVILIZATION_YEREVAN_NAME, UNIT_WARRIOR (131073), 57, 71, 58, 70, 0, 65cae8bb
005, LOC_CIVILIZATION_YEREVAN_NAME, UNIT_WARRIOR (196610), 59, 79, 60, 78, 256, 2d2621d2
005, LOC_CIVILIZATION_BUENOS_AIRES_NAME, UNIT_WARRIOR (196610), 33, 74, -9999, -9999, 2325, ffffffff
005, LOC_CIVILIZATION_BUENOS_AIRES_NAME, UNIT_WARRIOR (131073), 32, 74, -9999, -9999, 2325, ffffffff
005, LOC_CIVILIZATION_BUENOS_AIRES_NAME, UNIT_WARRIOR (131073), 32, 74, 31, 74, 256, 3b2122aa
005, LOC_CIVILIZATION_BUENOS_AIRES_NAME, UNIT_WARRIOR (196610), 33, 74, 32, 74, 256, df70041e
005, LOC_CIVILIZATION_FEZ_NAME, UNIT_BUILDER (262144), 15, 70, -9999, -9999, 2325, ffffffff
005, LOC_CIVILIZATION_FEZ_NAME, UNIT_WARRIOR (131073), 13, 67, -9999, -9999, 2325, ffffffff
005, LOC_CIVILIZATION_FEZ_NAME, UNIT_WARRIOR (196610), 16, 68, -9999, -9999, 2325, ffffffff
005, LOC_CIVILIZATION_FEZ_NAME, UNIT_BUILDER (262144), 15, 70, 15, 69, 4362, e2285130
005, LOC_CIVILIZATION_FEZ_NAME, UNIT_WARRIOR (131073), 13, 67, 14, 66, 256, e4f95dd8
005, LOC_CIVILIZATION_FEZ_NAME, UNIT_WARRIOR (196610), 16, 68, 16, 66, 256, 869db401
005, LOC_CIVILIZATION_KUMASI_NAME, UNIT_WARRIOR (196610), 68, 24, -9999, -9999, 2325, ffffffff
005, LOC_CIVILIZATION_KUMASI_NAME, UNIT_WARRIOR (131073), 64, 29, -9999, -9999, 2325, ffffffff
005, LOC_CIVILIZATION_KUMASI_NAME, UNIT_BUILDER (262144), 68, 27, -9999, -9999, 2325, ffffffff
005, LOC_CIVILIZATION_KUMASI_NAME, UNIT_BUILDER (262144), 68, 27, 69, 27, 4362, 2ff11ab7
005, LOC_CIVILIZATION_KUMASI_NAME, UNIT_WARRIOR (131073), 64, 29, 65, 30, 256, 224eb52f
005, LOC_CIVILIZATION_KUMASI_NAME, UNIT_WARRIOR (196610), 68, 24, 68, 25, 256, 85bee8e1
005, LOC_CIVILIZATION_PRESLAV_NAME, UNIT_WARRIOR (131073), 65, 71, -9999, -9999, 2325, ffffffff
005, LOC_CIVILIZATION_PRESLAV_NAME, UNIT_WARRIOR (196610), 66, 73, -9999, -9999, 2325, ffffffff
005, LOC_CIVILIZATION_PRESLAV_NAME, UNIT_WARRIOR (131073), 65, 71, 64, 71, 256, 3d8d3e35
005, LOC_CIVILIZATION_PRESLAV_NAME, UNIT_WARRIOR (196610), 66, 73, 67, 72, 256, ce620963
005, LOC_CIVILIZATION_EGYPT_NAME, UNIT_WARRIOR (131073), 39, 82, -9999, -9999, 2325, ffffffff
005, LOC_CIVILIZATION_EGYPT_NAME, UNIT_VAMPIRE (262146), 41, 76, -9999, -9999, 2325, ffffffff
005, LOC_CIVILIZATION_EGYPT_NAME, UNIT_BUILDER (196608), 42, 77, -9999, -9999, 2325, ffffffff
005, LOC_CIVILIZATION_EGYPT_NAME, UNIT_SCOUT (327683), 43, 75, -9999, -9999, 2325, ffffffff
005, LOC_CIVILIZATION_BABYLON_STK_NAME, UNIT_WARRIOR (131073), 73, 53, -9999, -9999, 2325, ffffffff
005, LOC_CIVILIZATION_BABYLON_STK_NAME, UNIT_BABYLONIAN_SABUM_KIBITTUM (196608), 76, 48, -9999, -9999, 2325, ffffffff
005, LOC_CIVILIZATION_INDIA_NAME, UNIT_SCOUT (196608), 68, 65, -9999, -9999, 2325, ffffffff
005, LOC_CIVILIZATION_INDIA_NAME, UNIT_WARRIOR (131073), 63, 62, -9999, -9999, 2325, ffffffff
005, LOC_CIVILIZATION_MALI_NAME, UNIT_WARRIOR (131073), 72, 31, -9999, -9999, 2325, ffffffff
005, LOC_CIVILIZATION_MALI_NAME, UNIT_SCOUT (196608), 79, 38, -9999, -9999, 2325, ffffffff
005, LOC_CIVILIZATION_NUBIA_NAME, UNIT_VAMPIRE (196608), 53, 13, -9999, -9999, 2325, ffffffff
005, LOC_CIVILIZATION_NUBIA_NAME, UNIT_WARRIOR (131073), 48, 17, -9999, -9999, 2325, ffffffff
005, LOC_CIVILIZATION_NUBIA_NAME, UNIT_SCOUT (262146), 52, 14, -9999, -9999, 2325, ffffffff
005, LOC_CIVILIZATION_MALI_NAME, UNIT_WARRIOR (131073), 72, 31, 73, 30, 16656,  629e4f7
005, LOC_CIVILIZATION_NUBIA_NAME, UNIT_WARRIOR (131073), 48, 17, 47, 17, 16656, d1f35ae3
005, LOC_CIVILIZATION_INDIA_NAME, UNIT_SCOUT (196608), 68, 65, 68, 66, 16656, 888ef6c8
005, LOC_CIVILIZATION_MALI_NAME, UNIT_SCOUT (196608), 79, 38, 80, 39, 16656, ff6d55b5
005, LOC_CIVILIZATION_MALI_NAME, UNIT_SCOUT (196608), 80, 39, 81, 40, 16400, f966e952
005, LOC_CIVILIZATION_BABYLON_STK_NAME, UNIT_BABYLONIAN_SABUM_KIBITTUM (196608), 76, 48, 77, 46, 16656, fd3e0dda
005, LOC_CIVILIZATION_INDIA_NAME, UNIT_WARRIOR (131073), 63, 62, 62, 64, 16656, 6b6edc97
005, LOC_CIVILIZATION_BABYLON_STK_NAME, UNIT_BABYLONIAN_SABUM_KIBITTUM (196608), 77, 46, 77, 45, 16400, f10e688e
005, LOC_CIVILIZATION_NUBIA_NAME, UNIT_VAMPIRE (196608), 53, 13, 54, 12, 16656, dce6ccc9
005, LOC_CIVILIZATION_NUBIA_NAME, UNIT_VAMPIRE (196608), 54, 12, 53, 11, 16400, 44c2653d
005, LOC_CIVILIZATION_EGYPT_NAME, UNIT_SCOUT (327683), 43, 75, 43, 74, 16656, f4bcc96d
005, LOC_CIVILIZATION_BABYLON_STK_NAME, UNIT_WARRIOR (131073), 73, 53, 73, 54, 16656, 3a01c8e1
005, LOC_CIVILIZATION_EGYPT_NAME, UNIT_SCOUT (327683), 43, 74, 42, 73, 16400, a7998a1c
005, LOC_CIVILIZATION_INDIA_NAME, UNIT_SCOUT (196608), 68, 66, -9999, -9999, 2325, ffffffff
005, LOC_CIVILIZATION_INDIA_NAME, UNIT_WARRIOR (131073), 62, 64, -9999, -9999, 2325, ffffffff
005, LOC_CIVILIZATION_NUBIA_NAME, UNIT_WARRIOR (131073), 47, 17, 47, 18, 16400, 5f1d6f84
005, LOC_CIVILIZATION_NUBIA_NAME, UNIT_SCOUT (262146), 52, 14, 51, 14, 16656, 4a5f5700
005, LOC_CIVILIZATION_NUBIA_NAME, UNIT_SCOUT (262146), 51, 14, 50, 13, 16400, 9db61d89
005, LOC_CIVILIZATION_NUBIA_NAME, UNIT_SCOUT (262146), 50, 13, 49, 13, 16400, 80a82ecc
005, LOC_CIVILIZATION_NUBIA_NAME, UNIT_BUILDER (327683), 52, 17, 53, 18, 16656, 357e92f9
005, LOC_CIVILIZATION_EGYPT_NAME, UNIT_VAMPIRE (262146), 41, 76, 40, 78, 16656,  2c72369
005, LOC_CIVILIZATION_EGYPT_NAME, UNIT_WARRIOR (131073), 39, 82, 37, 81, 16656, 99591272
006, LOC_CIVILIZATION_MACEDON_NAME, UNIT_BUILDER (327680), 27, 70, -9999, -9999, 2325, ffffffff
006, LOC_CIVILIZATION_MACEDON_NAME, UNIT_WARRIOR (131073), 23, 72, -9999, -9999, 2325, ffffffff
006, LOC_CIVILIZATION_MACEDON_NAME, UNIT_WARRIOR (131073), 23, 72, -9999, -9999, 2325, ffffffff
006, LOC_CIVILIZATION_MACEDON_NAME, UNIT_SCOUT (262147), 24, 61, -9999, -9999, 2325, ffffffff
006, LOC_CIVILIZATION_MACEDON_NAME, UNIT_BUILDER (393220), 26, 70, -9999, -9999, 2325, ffffffff
006, LOC_CIVILIZATION_MACEDON_NAME, UNIT_BUILDER (393220), 26, 70, 26, 71, 4362, fc7c68d9
006, LOC_CIVILIZATION_MACEDON_NAME, UNIT_SCOUT (262147), 24, 61, 21, 25, 256, b4fffec5
006, LOC_CIVILIZATION_MACEDON_NAME, UNIT_SCOUT (262147), 23, 59, 23, 58, 0, b83ebc71
006, LOC_CIVILIZATION_BRAZIL_NAME, UNIT_WARRIOR (131073), 9, 57, -9999, -9999, 2325, ffffffff
006, LOC_CIVILIZATION_BRAZIL_NAME, UNIT_BUILDER (327680), 12, 59, -9999, -9999, 2325, ffffffff
006, LOC_CIVILIZATION_BRAZIL_NAME, UNIT_WARRIOR (131073), 9, 57, -9999, -9999, 2325, ffffffff
006, LOC_CIVILIZATION_BRAZIL_NAME, UNIT_SCOUT (262147), 14, 50, -9999, -9999, 2325, ffffffff
006, LOC_CIVILIZATION_BRAZIL_NAME, UNIT_SCOUT (262147), 14, 50, 21, 25, 256, 1860042d
006, LOC_CIVILIZATION_BRAZIL_NAME, UNIT_SCOUT (262147), 13, 48, 13, 47, 0, da0e6c8a
006, LOC_CIVILIZATION_BRAZIL_NAME, UNIT_BUILDER (327680), 12, 59, 9, 58, 256, 5a5a2755
006, LOC_CIVILIZATION_GERMANY_NAME, UNIT_WARRIOR (131073), 10, 43, -9999, -9999, 2325, ffffffff
006, LOC_CIVILIZATION_GERMANY_NAME, UNIT_WARRIOR (131073), 10, 43, -9999, -9999, 2325, ffffffff
006, LOC_CIVILIZATION_GERMANY_NAME, UNIT_BUILDER (327680), 11, 44, -9999, -9999, 2325, ffffffff
006, LOC_CIVILIZATION_GERMANY_NAME, UNIT_SCOUT (262147), 11, 38, -9999, -9999, 2325, ffffffff
006, LOC_CIVILIZATION_GERMANY_NAME, UNIT_SCOUT (393220), 11, 43, -9999, -9999, 2325, ffffffff
006, LOC_CIVILIZATION_GERMANY_NAME, UNIT_WARRIOR (131073), 10, 43, 10, 39, 276,  45edc3b
006, LOC_CIVILIZATION_GERMANY_NAME, UNIT_WARRIOR (131073), 10, 43, 10, 39, 37121,  45edc3b
006, LOC_CIVILIZATION_GERMANY_NAME, UNIT_SCOUT (262147), 11, 38, 21, 25, 256, 8e755a82
006, LOC_CIVILIZATION_GERMANY_NAME, UNIT_SCOUT (262147), 12, 36, 13, 36, 0, 26db2c79
006, LOC_CIVILIZATION_GERMANY_NAME, UNIT_BUILDER (327680), 11, 44, 21, 59, 256,  ef740df
006, LOC_CIVILIZATION_GERMANY_NAME, UNIT_BUILDER (327680), 12, 45, 14, 45, 0, 9d738480
006, LOC_CIVILIZATION_GERMANY_NAME, UNIT_BUILDER (327680), 13, 45, 14, 45, 0, e625a67e
006, LOC_CIVILIZATION_GERMANY_NAME, UNIT_SCOUT (393220), 11, 43, -9999, -9999, 2368, ffffffff
006, LOC_CIVILIZATION_GERMANY_NAME, UNIT_SCOUT (393220), 11, 43, 14, 43, 320,  33d622f
006, LOC_CIVILIZATION_GERMANY_NAME, UNIT_WARRIOR (131073), 10, 41, 10, 39, 36865, 5ef22dda
006, LOC_CIVILIZATION_VIETNAM_NAME, UNIT_BUILDER (327680), 26, 15, -9999, -9999, 2325, ffffffff
006, LOC_CIVILIZATION_VIETNAM_NAME, UNIT_SCOUT (262147), 20, 24, -9999, -9999, 2325, ffffffff
006, LOC_CIVILIZATION_VIETNAM_NAME, UNIT_WARRIOR (131073), 20, 18, -9999, -9999, 2325, ffffffff
006, LOC_CIVILIZATION_VIETNAM_NAME, UNIT_SCOUT (458757), 22, 14, -9999, -9999, 2325, ffffffff
006, LOC_CIVILIZATION_VIETNAM_NAME, UNIT_BUILDER (393220), 22, 17, -9999, -9999, 2325, ffffffff
006, LOC_CIVILIZATION_VIETNAM_NAME, UNIT_SETTLER (524294), 21, 18, -9999, -9999, 2325, ffffffff
006, LOC_CIVILIZATION_VIETNAM_NAME, UNIT_SCOUT (589831), 21, 18, -9999, -9999, 2325, ffffffff
006, LOC_CIVILIZATION_VIETNAM_NAME, UNIT_SETTLER (524294), 21, 18, 21, 22, 276, bda86db8
006, LOC_CIVILIZATION_VIETNAM_NAME, UNIT_WARRIOR (131073), 20, 18, 21, 18, 256, ffffffff
006, LOC_CIVILIZATION_VIETNAM_NAME, UNIT_SETTLER (524294), 21, 18, 20, 18, 256, 33016ba9
006, LOC_CIVILIZATION_VIETNAM_NAME, UNIT_WARRIOR (131073), 20, 18, 21, 18, 0, ffffffff
006, LOC_CIVILIZATION_VIETNAM_NAME, UNIT_WARRIOR (131073), 20, 18, 20, 19, 36865, 40e1df69
006, LOC_CIVILIZATION_VIETNAM_NAME, UNIT_WARRIOR (131073), 20, 19, 20, 18, 36865, 92a63d8d
006, LOC_CIVILIZATION_VIETNAM_NAME, UNIT_WARRIOR (131073), 20, 19, 21, 22, 36865, 56fe0e20
006, LOC_CIVILIZATION_VIETNAM_NAME, UNIT_BUILDER (393220), 22, 17, 20, 19, 4362, ffffffff
006, LOC_CIVILIZATION_VIETNAM_NAME, UNIT_BUILDER (327680), 26, 15, 22, 17, 4362, ffffffff
006, LOC_CIVILIZATION_VIETNAM_NAME, UNIT_SCOUT (262147), 20, 24, 21, 25, 256, 4a623d4d
006, LOC_CIVILIZATION_VIETNAM_NAME, UNIT_SCOUT (262147), 21, 25, 21, 59, 0, 6c74dd2d
006, LOC_CIVILIZATION_VIETNAM_NAME, UNIT_SCOUT (458757), 22, 14, -9999, -9999, 2368, ffffffff
006, LOC_CIVILIZATION_VIETNAM_NAME, UNIT_SCOUT (589831), 21, 18, -9999, -9999, 2368, ffffffff
006, LOC_CIVILIZATION_VIETNAM_NAME, UNIT_SCOUT (458757), 22, 14, 23, 12, 320, b84242a2
006, LOC_CIVILIZATION_VIETNAM_NAME, UNIT_SCOUT (589831), 21, 18, 19, 15, 320, 8dc7e4ca
006, LOC_CIVILIZATION_VIETNAM_NAME, UNIT_SCOUT (589831), 20, 17, 19, 15, 64, 79228383
006, LOC_CIVILIZATION_VIETNAM_NAME, UNIT_WARRIOR (131073), 20, 19, 21, 22, 36865, 56fe0e20
006, LOC_CIVILIZATION_ROME_NAME, UNIT_WARRIOR (131073), 35, 9, -9999, -9999, 2325, ffffffff
006, LOC_CIVILIZATION_ROME_NAME, UNIT_WARRIOR (131073), 35, 9, -9999, -9999, 2325, ffffffff
006, LOC_CIVILIZATION_ROME_NAME, UNIT_BUILDER (327680), 37, 10, -9999, -9999, 2325, ffffffff
006, LOC_CIVILIZATION_ROME_NAME, UNIT_SCOUT (262147), 30, 10, -9999, -9999, 2325, ffffffff
006, LOC_CIVILIZATION_ROME_NAME, UNIT_SCOUT (458757), 38, 8, -9999, -9999, 2325, ffffffff
006, LOC_CIVILIZATION_ROME_NAME, UNIT_BUILDER (393220), 38, 8, -9999, -9999, 2325, ffffffff
006, LOC_CIVILIZATION_ROME_NAME, UNIT_WARRIOR (131073), 35, 9, 35, 10, 276, 2ffadddc
006, LOC_CIVILIZATION_ROME_NAME, UNIT_WARRIOR (131073), 35, 9, 35, 10, 37121, 2ffadddc
006, LOC_CIVILIZATION_ROME_NAME, UNIT_SCOUT (262147), 30, 10, 21, 59, 256, fc8014be
006, LOC_CIVILIZATION_ROME_NAME, UNIT_SCOUT (262147), 30, 12, 30, 13, 0, 53017ff1
006, LOC_CIVILIZATION_ROME_NAME, UNIT_SCOUT (458757), 38, 8, -9999, -9999, 2368, ffffffff
006, LOC_CIVILIZATION_ROME_NAME, UNIT_SCOUT (458757), 38, 8, 38, 6, 320, 11a4164c
006, LOC_CIVILIZATION_ROME_NAME, UNIT_SCOUT (458757), 38, 6, -9999, -9999, 2112, ffffffff
006, LOC_CIVILIZATION_ROME_NAME, UNIT_SCOUT (458757), 38, 6, 38, 5, 64, 260a8d90
006, LOC_CIVILIZATION_BABYLON_NAME, UNIT_WARRIOR (196610), 70, 15, -9999, -9999, 2325, ffffffff
006, LOC_CIVILIZATION_BABYLON_NAME, UNIT_WARRIOR (131073), 69, 15, -9999, -9999, 2325, ffffffff
006, LOC_CIVILIZATION_BABYLON_NAME, UNIT_BUILDER (262144), 71, 16, -9999, -9999, 2325, ffffffff
006, LOC_CIVILIZATION_BABYLON_NAME, UNIT_BUILDER (262144), 71, 16, 71, 14, 4362, 8cbd5c36
006, LOC_CIVILIZATION_BABYLON_NAME, UNIT_WARRIOR (131073), 69, 15, 68, 15, 256, ed0eea94
006, LOC_CIVILIZATION_BABYLON_NAME, UNIT_WARRIOR (196610), 70, 15, 72, 16, 256, 7e021b79
006, LOC_CIVILIZATION_JERUSALEM_NAME, UNIT_WARRIOR (131073), 19, 55, -9999, -9999, 2325, ffffffff
006, LOC_CIVILIZATION_JERUSALEM_NAME, UNIT_WARRIOR (196610), 21, 58, -9999, -9999, 2325, ffffffff
006, LOC_CIVILIZATION_JERUSALEM_NAME, UNIT_BUILDER (262144), 22, 55, -9999, -9999, 2325, ffffffff
006, LOC_CIVILIZATION_JERUSALEM_NAME, UNIT_BUILDER (262144), 22, 55, 22, 54, 4362, 175f54fd
006, LOC_CIVILIZATION_JERUSALEM_NAME, UNIT_WARRIOR (131073), 19, 55, 21, 55, 256, a99b6abc
006, LOC_CIVILIZATION_JERUSALEM_NAME, UNIT_WARRIOR (196610), 21, 58, 19, 57, 256, f2a0bf0e
006, LOC_CIVILIZATION_HATTUSA_NAME, UNIT_WARRIOR (131073), 64, 73, -9999, -9999, 2325, ffffffff
006, LOC_CIVILIZATION_HATTUSA_NAME, UNIT_WARRIOR (196610), 66, 72, -9999, -9999, 2325, ffffffff
006, LOC_CIVILIZATION_HATTUSA_NAME, UNIT_BUILDER (262144), 66, 72, -9999, -9999, 2325, ffffffff
006, LOC_CIVILIZATION_HATTUSA_NAME, UNIT_BUILDER (262144), 66, 72, 65, 71, 4362, 640a8d8a
006, LOC_CIVILIZATION_HATTUSA_NAME, UNIT_WARRIOR (131073), 64, 73, 65, 74, 256, 6b86679e
006, LOC_CIVILIZATION_HATTUSA_NAME, UNIT_WARRIOR (196610), 66, 72, 66, 71, 256, ea858a69
006, LOC_CIVILIZATION_JOHANNESBURG_NAME, UNIT_BUILDER (262144), 57, 2, -9999, -9999, 2325, ffffffff
006, LOC_CIVILIZATION_JOHANNESBURG_NAME, UNIT_WARRIOR (196610), 58, 4, -9999, -9999, 2325, ffffffff
006, LOC_CIVILIZATION_JOHANNESBURG_NAME, UNIT_WARRIOR (131073), 57, 3, -9999, -9999, 2325, ffffffff
006, LOC_CIVILIZATION_JOHANNESBURG_NAME, UNIT_BUILDER (262144), 57, 2, 57, 3, 4362, 39decfc7
006, LOC_CIVILIZATION_JOHANNESBURG_NAME, UNIT_WARRIOR (131073), 57, 3, 57, 5, 256, c211170a
006, LOC_CIVILIZATION_JOHANNESBURG_NAME, UNIT_WARRIOR (196610), 58, 4, 58, 2, 256, 992dd0f1
006, LOC_CIVILIZATION_LISBON_NAME, UNIT_BUILDER (262144), 1, 27, -9999, -9999, 2325, ffffffff
006, LOC_CIVILIZATION_LISBON_NAME, UNIT_WARRIOR (131073), 2, 27, -9999, -9999, 2325, ffffffff
006, LOC_CIVILIZATION_LISBON_NAME, UNIT_WARRIOR (196610), 2, 29, -9999, -9999, 2325, ffffffff
006, LOC_CIVILIZATION_LISBON_NAME, UNIT_WARRIOR (131073), 2, 27, 1, 27, 256, 3c59d141
006, LOC_CIVILIZATION_LISBON_NAME, UNIT_WARRIOR (196610), 2, 29, 2, 28, 256, f989419c
006, LOC_CIVILIZATION_VATICAN_CITY_NAME, UNIT_WARRIOR (131073), 63, 26, -9999, -9999, 2325, ffffffff
006, LOC_CIVILIZATION_VATICAN_CITY_NAME, UNIT_WARRIOR (196610), 60, 23, -9999, -9999, 2325, ffffffff
006, LOC_CIVILIZATION_VATICAN_CITY_NAME, UNIT_BUILDER (262144), 61, 24, -9999, -9999, 2325, ffffffff
006, LOC_CIVILIZATION_VATICAN_CITY_NAME, UNIT_WARRIOR (131073), 63, 26, 64, 26, 256,  968d1aa
006, LOC_CIVILIZATION_VATICAN_CITY_NAME, UNIT_WARRIOR (196610), 60, 23, 59, 23, 256, e3d79e11
006, LOC_CIVILIZATION_VILNIUS_NAME, UNIT_WARRIOR (196610), 10, 22, -9999, -9999, 2325, ffffffff
006, LOC_CIVILIZATION_VILNIUS_NAME, UNIT_BUILDER (262144), 8, 23, -9999, -9999, 2325, ffffffff
006, LOC_CIVILIZATION_VILNIUS_NAME, UNIT_WARRIOR (131073), 10, 25, -9999, -9999, 2325, ffffffff
006, LOC_CIVILIZATION_VILNIUS_NAME, UNIT_BUILDER (262144), 8, 23, 9, 23, 4362, 5b76a5e7
006, LOC_CIVILIZATION_VILNIUS_NAME, UNIT_WARRIOR (131073), 10, 25, 11, 25, 256, 17d326ef
006, LOC_CIVILIZATION_VILNIUS_NAME, UNIT_WARRIOR (196610), 10, 22, 9, 22, 256, 23388f88
006, LOC_CIVILIZATION_YEREVAN_NAME, UNIT_BUILDER (262144), 60, 74, -9999, -9999, 2325, ffffffff
006, LOC_CIVILIZATION_YEREVAN_NAME, UNIT_WARRIOR (196610), 60, 78, -9999, -9999, 2325, ffffffff
006, LOC_CIVILIZATION_YEREVAN_NAME, UNIT_WARRIOR (131073), 58, 70, -9999, -9999, 2325, ffffffff
006, LOC_CIVILIZATION_YEREVAN_NAME, UNIT_BUILDER (262144), 60, 74, 59, 73, 4362, da46d48f
006, LOC_CIVILIZATION_YEREVAN_NAME, UNIT_WARRIOR (131073), 58, 70, 57, 72, 256, 31adf095
006, LOC_CIVILIZATION_YEREVAN_NAME, UNIT_WARRIOR (131073), 57, 71, 57, 72, 0, d14f8e28
006, LOC_CIVILIZATION_YEREVAN_NAME, UNIT_WARRIOR (196610), 60, 78, 58, 78, 256, c3b5d143
006, LOC_CIVILIZATION_BUENOS_AIRES_NAME, UNIT_WARRIOR (196610), 32, 74, -9999, -9999, 2325, ffffffff
006, LOC_CIVILIZATION_BUENOS_AIRES_NAME, UNIT_WARRIOR (131073), 31, 74, -9999, -9999, 2325, ffffffff
006, LOC_CIVILIZATION_BUENOS_AIRES_NAME, UNIT_BUILDER (262144), 35, 74, -9999, -9999, 2325, ffffffff
006, LOC_CIVILIZATION_BUENOS_AIRES_NAME, UNIT_BUILDER (262144), 35, 74, 35, 73, 4362, 7d62b9d8
006, LOC_CIVILIZATION_BUENOS_AIRES_NAME, UNIT_WARRIOR (131073), 31, 74, 32, 75, 256, af18b525
006, LOC_CIVILIZATION_BUENOS_AIRES_NAME, UNIT_WARRIOR (196610), 32, 74, 31, 73, 256, bdb55004
006, LOC_CIVILIZATION_FEZ_NAME, UNIT_BUILDER (262144), 15, 69, -9999, -9999, 2325, ffffffff
006, LOC_CIVILIZATION_FEZ_NAME, UNIT_WARRIOR (131073), 14, 66, -9999, -9999, 2325, ffffffff
006, LOC_CIVILIZATION_FEZ_NAME, UNIT_WARRIOR (196610), 16, 66, -9999, -9999, 2325, ffffffff
006, LOC_CIVILIZATION_FEZ_NAME, UNIT_WARRIOR (131073), 14, 66, 14, 65, 256, 69c3b1d9
006, LOC_CIVILIZATION_FEZ_NAME, UNIT_WARRIOR (196610), 16, 66, 15, 65, 256, 15af91eb
006, LOC_CIVILIZATION_KUMASI_NAME, UNIT_BUILDER (262144), 69, 27, -9999, -9999, 2325, ffffffff
006, LOC_CIVILIZATION_KUMASI_NAME, UNIT_WARRIOR (131073), 65, 30, -9999, -9999, 2325, ffffffff
006, LOC_CIVILIZATION_KUMASI_NAME, UNIT_WARRIOR (196610), 68, 25, -9999, -9999, 2325, ffffffff
006, LOC_CIVILIZATION_KUMASI_NAME, UNIT_WARRIOR (131073), 65, 30, 66, 28, 256, c876a228
006, LOC_CIVILIZATION_KUMASI_NAME, UNIT_WARRIOR (196610), 68, 25, 68, 24, 256, 57f90a05
006, LOC_CIVILIZATION_PRESLAV_NAME, UNIT_WARRIOR (131073), 64, 71, -9999, -9999, 2325, ffffffff
006, LOC_CIVILIZATION_PRESLAV_NAME, UNIT_WARRIOR (196610), 67, 72, -9999, -9999, 2325, ffffffff
006, LOC_CIVILIZATION_PRESLAV_NAME, UNIT_WARRIOR (131073), 64, 71, 65, 72, 256, b8cdeb1b
006, LOC_CIVILIZATION_PRESLAV_NAME, UNIT_WARRIOR (196610), 67, 72, 67, 73, 256, a4998ce2
006, LOC_CIVILIZATION_EGYPT_NAME, UNIT_WARRIOR (131073), 37, 81, -9999, -9999, 2325, ffffffff
006, LOC_CIVILIZATION_EGYPT_NAME, UNIT_VAMPIRE (262146), 40, 78, -9999, -9999, 2325, ffffffff
006, LOC_CIVILIZATION_EGYPT_NAME, UNIT_BUILDER (196608), 42, 77, -9999, -9999, 2325, ffffffff
006, LOC_CIVILIZATION_EGYPT_NAME, UNIT_SCOUT (327683), 42, 73, -9999, -9999, 2325, ffffffff
006, LOC_CIVILIZATION_BABYLON_STK_NAME, UNIT_BABYLONIAN_SABUM_KIBITTUM (196608), 77, 45, -9999, -9999, 2325, ffffffff
006, LOC_CIVILIZATION_BABYLON_STK_NAME, UNIT_WARRIOR (131073), 73, 54, -9999, -9999, 2325, ffffffff
006, LOC_CIVILIZATION_BABYLON_STK_NAME, UNIT_BABYLONIAN_SABUM_KIBITTUM (262146), 73, 49, -9999, -9999, 2325, ffffffff
006, LOC_CIVILIZATION_INDIA_NAME, UNIT_SCOUT (196608), 68, 66, -9999, -9999, 2325, ffffffff
006, LOC_CIVILIZATION_INDIA_NAME, UNIT_SCOUT (262146), 69, 63, -9999, -9999, 2325, ffffffff
006, LOC_CIVILIZATION_INDIA_NAME, UNIT_WARRIOR (131073), 62, 64, -9999, -9999, 2325, ffffffff
006, LOC_CIVILIZATION_MALI_NAME, UNIT_WARRIOR (131073), 73, 30, -9999, -9999, 2325, ffffffff
006, LOC_CIVILIZATION_MALI_NAME, UNIT_SCOUT (196608), 81, 40, -9999, -9999, 2325, ffffffff
006, LOC_CIVILIZATION_NUBIA_NAME, UNIT_VAMPIRE (196608), 53, 11, -9999, -9999, 2325, ffffffff
006, LOC_CIVILIZATION_NUBIA_NAME, UNIT_WARRIOR (131073), 47, 18, -9999, -9999, 2325, ffffffff
006, LOC_CIVILIZATION_NUBIA_NAME, UNIT_SCOUT (262146), 49, 13, -9999, -9999, 2325, ffffffff
006, LOC_CIVILIZATION_NUBIA_NAME, UNIT_BUILDER (327683), 53, 18, -9999, -9999, 2325, ffffffff
006, LOC_CIVILIZATION_NUBIA_NAME, UNIT_SCOUT (262146), 49, 13, 49, 12, 16656, 59415287
006, LOC_CIVILIZATION_BABYLON_STK_NAME, UNIT_BABYLONIAN_SABUM_KIBITTUM (262146), 73, 49, 73, 48, 16656, 8834eef8
006, LOC_CIVILIZATION_MALI_NAME, UNIT_WARRIOR (131073), 73, 30, 74, 30, 16656, 2901b530
006, LOC_CIVILIZATION_NUBIA_NAME, UNIT_SCOUT (262146), 49, 12, 48, 11, 16400, 91f553e0
006, LOC_CIVILIZATION_BABYLON_STK_NAME, UNIT_BABYLONIAN_SABUM_KIBITTUM (196608), 77, 45, 78, 45, 16656, 54ac3cae
006, LOC_CIVILIZATION_NUBIA_NAME, UNIT_SCOUT (262146), 48, 11, 47, 11, 16400, c39381c5
006, LOC_CIVILIZATION_INDIA_NAME, UNIT_SCOUT (262146), 69, 63, 71, 60, 16640, 26255ba0
006, LOC_CIVILIZATION_INDIA_NAME, UNIT_SCOUT (262146), 70, 62, 71, 60, 16384, 1ab2c6dc
006, LOC_CIVILIZATION_MALI_NAME, UNIT_SCOUT (196608), 81, 40, 81, 39, 16656, 5c6582d7
006, LOC_CIVILIZATION_BABYLON_STK_NAME, UNIT_BABYLONIAN_SABUM_KIBITTUM (196608), 78, 45, 79, 45, 16400, 8ab393de
006, LOC_CIVILIZATION_NUBIA_NAME, UNIT_WARRIOR (131073), 47, 18, 46, 18, 16656, b89a3cd9
006, LOC_CIVILIZATION_BABYLON_STK_NAME, UNIT_BABYLONIAN_SABUM_KIBITTUM (196608), 79, 45, 80, 44, 16400, 5cc80499
006, LOC_CIVILIZATION_NUBIA_NAME, UNIT_WARRIOR (131073), 46, 18, 45, 18, 16400, 8ea95c5f
006, LOC_CIVILIZATION_MALI_NAME, UNIT_SCOUT (196608), 81, 39, 82, 38, 16400, f55fe8a4
006, LOC_CIVILIZATION_EGYPT_NAME, UNIT_SCOUT (327683), 42, 73, 42, 71, 16656, a3695bc7
006, LOC_CIVILIZATION_NUBIA_NAME, UNIT_VAMPIRE (196608), 53, 11, 54, 10, 16656, 5ce58852
006, LOC_CIVILIZATION_INDIA_NAME, UNIT_WARRIOR (131073), 62, 64, 63, 66, 16656, cc161f69
006, LOC_CIVILIZATION_EGYPT_NAME, UNIT_SCOUT (327683), 42, 71, 42, 70, 16400, 5bdd21e1
006, LOC_CIVILIZATION_BABYLON_STK_NAME, UNIT_WARRIOR (131073), 73, 54, 72, 54, 16656, dd869bbc
006, LOC_CIVILIZATION_BABYLON_STK_NAME, UNIT_WARRIOR (131073), 72, 54, 71, 55, 16400, 77463dd0
006, LOC_CIVILIZATION_EGYPT_NAME, UNIT_VAMPIRE (262146), 40, 78, 39, 78, 16656, 5740c59f
006, LOC_CIVILIZATION_INDIA_NAME, UNIT_SCOUT (196608), 68, 66, 67, 66, 16656, a966ac12
006, LOC_CIVILIZATION_EGYPT_NAME, UNIT_VAMPIRE (262146), 39, 78, 38, 78, 16400, c389d557
006, LOC_CIVILIZATION_EGYPT_NAME, UNIT_WARRIOR (131073), 37, 81, 36, 81, 16656, 147fa471
006, LOC_CIVILIZATION_EGYPT_NAME, UNIT_WARRIOR (131073), 36, 81, 35, 81, 16400, a606ca0d
006, LOC_CIVILIZATION_EGYPT_NAME, UNIT_BUILDER (196608), 42, 77, 44, 76, 16656, 80155167
006, LOC_CIVILIZATION_EGYPT_NAME, UNIT_WARRIOR (131073), 35, 81, -9999, -9999, 2325, ffffffff
006, LOC_CIVILIZATION_EGYPT_NAME, UNIT_VAMPIRE (262146), 38, 78, -9999, -9999, 2325, ffffffff
006, LOC_CIVILIZATION_EGYPT_NAME, UNIT_BUILDER (196608), 44, 76, -9999, -9999, 2325, ffffffff
006, LOC_CIVILIZATION_EGYPT_NAME, UNIT_SCOUT (327683), 42, 70, -9999, -9999, 2325, ffffffff
007, LOC_CIVILIZATION_MACEDON_NAME, UNIT_SCOUT (262147), 23, 58, -9999, -9999, 2325, ffffffff
007, LOC_CIVILIZATION_MACEDON_NAME, UNIT_WARRIOR (131073), 22, 72, -9999, -9999, 2325, ffffffff
007, LOC_CIVILIZATION_MACEDON_NAME, UNIT_BUILDER (327680), 27, 70, -9999, -9999, 2325, ffffffff
007, LOC_CIVILIZATION_MACEDON_NAME, UNIT_SETTLER (458757), 23, 72, -9999, -9999, 2325, ffffffff
007, LOC_CIVILIZATION_MACEDON_NAME, UNIT_BUILDER (393220), 26, 71, -9999, -9999, 2325, ffffffff
007, LOC_CIVILIZATION_MACEDON_NAME, UNIT_SCOUT (524294), 23, 72, -9999, -9999, 2325, ffffffff
007, LOC_CIVILIZATION_MACEDON_NAME, UNIT_SETTLER (458757), 23, 72, 26, 70, 276, 23694192
007, LOC_CIVILIZATION_MACEDON_NAME, UNIT_WARRIOR (131073), 22, 72, 23, 72, 256, ffffffff
007, LOC_CIVILIZATION_MACEDON_NAME, UNIT_SETTLER (458757), 23, 72, 22, 72, 256, 366c3a10
007, LOC_CIVILIZATION_MACEDON_NAME, UNIT_WARRIOR (131073), 22, 72, 26, 70, 36865, 3d9ba20a
007, LOC_CIVILIZATION_MACEDON_NAME, UNIT_BUILDER (393220), 26, 71, 24, 72, 4362, 73d7058a
007, LOC_CIVILIZATION_MACEDON_NAME, UNIT_BUILDER (327680), 27, 70, 25, 71, 4362, 7cbc0eab
007, LOC_CIVILIZATION_MACEDON_NAME, UNIT_SCOUT (262147), 23, 58, 37, 4, 256, 7e028c40
007, LOC_CIVILIZATION_MACEDON_NAME, UNIT_SCOUT (262147), 22, 56, 21, 56, 0, 24422ea1
007, LOC_CIVILIZATION_MACEDON_NAME, UNIT_SCOUT (524294), 23, 72, 21, 70, 256, 837bc503
007, LOC_CIVILIZATION_MACEDON_NAME, UNIT_SCOUT (524294), 21, 71, -9999, -9999, 2112, ffffffff
007, LOC_CIVILIZATION_MACEDON_NAME, UNIT_SCOUT (524294), 21, 71, 20, 71, 64, a88e5bfc
007, LOC_CIVILIZATION_MACEDON_NAME, UNIT_WARRIOR (131073), 22, 72, 26, 70, 36865, 3d9ba20a
007, LOC_CIVILIZATION_BRAZIL_NAME, UNIT_WARRIOR (131073), 8, 57, -9999, -9999, 2325, ffffffff
007, LOC_CIVILIZATION_BRAZIL_NAME, UNIT_SCOUT (524290), 13, 58, -9999, -9999, 2325, ffffffff
007, LOC_CIVILIZATION_BRAZIL_NAME, UNIT_BUILDER (327680), 10, 57, -9999, -9999, 2325, ffffffff
007, LOC_CIVILIZATION_BRAZIL_NAME, UNIT_SETTLER (393220), 9, 57, -9999, -9999, 2325, ffffffff
007, LOC_CIVILIZATION_BRAZIL_NAME, UNIT_SCOUT (262147), 13, 47, -9999, -9999, 2325, ffffffff
007, LOC_CIVILIZATION_BRAZIL_NAME, UNIT_SCOUT (458757), 9, 57, -9999, -9999, 2325, ffffffff
007, LOC_CIVILIZATION_BRAZIL_NAME, UNIT_SETTLER (393220), 9, 57, 13, 58, 276, dd958bfe
007, LOC_CIVILIZATION_BRAZIL_NAME, UNIT_WARRIOR (131073), 8, 57, 9, 57, 256, ffffffff
007, LOC_CIVILIZATION_BRAZIL_NAME, UNIT_SETTLER (393220), 9, 57, 8, 57, 256, 19c1af76
007, LOC_CIVILIZATION_BRAZIL_NAME, UNIT_WARRIOR (131073), 8, 57, 9, 57, 0, ffffffff
007, LOC_CIVILIZATION_BRAZIL_NAME, UNIT_WARRIOR (131073), 8, 57, 12, 58, 36865, d0428cab
007, LOC_CIVILIZATION_BRAZIL_NAME, UNIT_WARRIOR (131073), 8, 58, 12, 58, 36865, ae13fe4a
007, LOC_CIVILIZATION_BRAZIL_NAME, UNIT_SCOUT (262147), 13, 47, 37, 4, 256, 8f3adcd1
007, LOC_CIVILIZATION_BRAZIL_NAME, UNIT_SCOUT (524290), 13, 58, 21, 59, 256, 1017bb07
007, LOC_CIVILIZATION_BRAZIL_NAME, UNIT_SCOUT (524290), 14, 60, 14, 61, 0, a49f281b
007, LOC_CIVILIZATION_BRAZIL_NAME, UNIT_SCOUT (458757), 9, 57, -9999, -9999, 2368, ffffffff
007, LOC_CIVILIZATION_BRAZIL_NAME, UNIT_SCOUT (458757), 9, 57, 8, 55, 320, 8ce38af4
007, LOC_CIVILIZATION_BRAZIL_NAME, UNIT_SCOUT (458757), 8, 55, -9999, -9999, 2112, ffffffff
007, LOC_CIVILIZATION_BRAZIL_NAME, UNIT_SCOUT (458757), 8, 55, 9, 54, 64,  20257d6
007, LOC_CIVILIZATION_BRAZIL_NAME, UNIT_WARRIOR (131073), 8, 58, 12, 58, 36865,   2bee7c
007, LOC_CIVILIZATION_GERMANY_NAME, UNIT_WARRIOR (131073), 10, 41, -9999, -9999, 2325, ffffffff
007, LOC_CIVILIZATION_GERMANY_NAME, UNIT_WARRIOR (131073), 10, 41, -9999, -9999, 2325, ffffffff
007, LOC_CIVILIZATION_GERMANY_NAME, UNIT_BUILDER (327680), 14, 45, -9999, -9999, 2325, ffffffff
007, LOC_CIVILIZATION_GERMANY_NAME, UNIT_SCOUT (262147), 13, 36, -9999, -9999, 2325, ffffffff
007, LOC_CIVILIZATION_GERMANY_NAME, UNIT_SCOUT (393220), 14, 43, -9999, -9999, 2325, ffffffff
007, LOC_CIVILIZATION_GERMANY_NAME, UNIT_WARRIOR (131073), 10, 41, 10, 39, 276, 5ef22dda
007, LOC_CIVILIZATION_GERMANY_NAME, UNIT_WARRIOR (131073), 10, 41, 10, 39, 37121, 5ef22dda
007, LOC_CIVILIZATION_GERMANY_NAME, UNIT_SCOUT (262147), 13, 36, 37, 4, 256, 6dbe6e8b
007, LOC_CIVILIZATION_GERMANY_NAME, UNIT_SCOUT (262147), 14, 34, 14, 34, 0, 99d611f0
007, LOC_CIVILIZATION_GERMANY_NAME, UNIT_SCOUT (262147), 14, 34, 37, 4, 0, 7c17146e
007, LOC_CIVILIZATION_GERMANY_NAME, UNIT_SCOUT (262147), 14, 34, 27, 11, 0, 5973c5fc
007, LOC_CIVILIZATION_GERMANY_NAME, UNIT_BUILDER (327680), 14, 45, 21, 59, 256, 915b6b26
007, LOC_CIVILIZATION_GERMANY_NAME, UNIT_BUILDER (327680), 16, 47, 17, 49, 0, dc3fe3e9
007, LOC_CIVILIZATION_GERMANY_NAME, UNIT_BUILDER (327680), 16, 48, 25, 64, 0, acb360c0
007, LOC_CIVILIZATION_GERMANY_NAME, UNIT_BUILDER (327680), 16, 48, 21, 70, 0, cd9ee20c
007, LOC_CIVILIZATION_GERMANY_NAME, UNIT_SCOUT (393220), 14, 43, -9999, -9999, 2368, ffffffff
007, LOC_CIVILIZATION_GERMANY_NAME, UNIT_SCOUT (393220), 14, 43, 15, 42, 320, 73659e30
007, LOC_CIVILIZATION_GERMANY_NAME, UNIT_SCOUT (393220), 15, 42, -9999, -9999, 2112, ffffffff
007, LOC_CIVILIZATION_GERMANY_NAME, UNIT_SCOUT (393220), 15, 42, 15, 40, 64, a8157f77
007, LOC_CIVILIZATION_GERMANY_NAME, UNIT_BUILDER (327680), 16, 48, 21, 70, 0, cd9ee20c
007, LOC_CIVILIZATION_GERMANY_NAME, UNIT_SCOUT (262147), 14, 34, 27, 11, 0, 5973c5fc
007, LOC_CIVILIZATION_VIETNAM_NAME, UNIT_SCOUT (262147), 22, 26, -9999, -9999, 2325, ffffffff
007, LOC_CIVILIZATION_VIETNAM_NAME, UNIT_WARRIOR (131073), 20, 19, -9999, -9999, 2325, ffffffff
007, LOC_CIVILIZATION_VIETNAM_NAME, UNIT_SCOUT (458757), 23, 12, -9999, -9999, 2325, ffffffff
007, LOC_CIVILIZATION_VIETNAM_NAME, UNIT_BUILDER (327680), 26, 15, -9999, -9999, 2325, ffffffff
007, LOC_CIVILIZATION_VIETNAM_NAME, UNIT_WARRIOR (131073), 20, 19, -9999, -9999, 2325, ffffffff
007, LOC_CIVILIZATION_VIETNAM_NAME, UNIT_BUILDER (393220), 22, 17, -9999, -9999, 2325, ffffffff
007, LOC_CIVILIZATION_VIETNAM_NAME, UNIT_SCOUT (589831), 19, 15, -9999, -9999, 2325, ffffffff
007, LOC_CIVILIZATION_VIETNAM_NAME, UNIT_WARRIOR (131073), 20, 19, 21, 22, 276, 56fe0e20
007, LOC_CIVILIZATION_VIETNAM_NAME, UNIT_WARRIOR (131073), 20, 19, 21, 22, 37121, 56fe0e20
007, LOC_CIVILIZATION_VIETNAM_NAME, UNIT_WARRIOR (131073), 21, 20, 21, 22, 36865, 14088e4c
007, LOC_CIVILIZATION_VIETNAM_NAME, UNIT_BUILDER (327680), 26, 15, 22, 17, 4362, ffffffff
007, LOC_CIVILIZATION_VIETNAM_NAME, UNIT_BUILDER (393220), 22, 17, 22, 18, 4362, 48bc90f9
007, LOC_CIVILIZATION_VIETNAM_NAME, UNIT_SCOUT (458757), 23, 12, 37, 4, 256, 23f68fa5
007, LOC_CIVILIZATION_VIETNAM_NAME, UNIT_SCOUT (262147), 22, 26, 21, 59, 256, cc3626fa
007, LOC_CIVILIZATION_VIETNAM_NAME, UNIT_SCOUT (262147), 22, 28, 21, 29, 0, 82cb5b82
007, LOC_CIVILIZATION_VIETNAM_NAME, UNIT_SCOUT (589831), 19, 15, -9999, -9999, 2368, ffffffff
007, LOC_CIVILIZATION_VIETNAM_NAME, UNIT_SCOUT (589831), 19, 15, 20, 13, 320, 7905debc
007, LOC_CIVILIZATION_VIETNAM_NAME, UNIT_SCOUT (589831), 20, 14, 20, 13, 64, 9f4ae1df
007, LOC_CIVILIZATION_VIETNAM_NAME, UNIT_SCOUT (589831), 20, 13, -9999, -9999, 2112, ffffffff
007, LOC_CIVILIZATION_VIETNAM_NAME, UNIT_SCOUT (589831), 20, 13, 20, 12, 64, 7f3b61b9
007, LOC_CIVILIZATION_ROME_NAME, UNIT_BUILDER (327680), 37, 10, -9999, -9999, 2325, ffffffff
007, LOC_CIVILIZATION_ROME_NAME, UNIT_WARRIOR (131073), 35, 10, -9999, -9999, 2325, ffffffff
007, LOC_CIVILIZATION_ROME_NAME, UNIT_WARRIOR (131073), 35, 10, -9999, -9999, 2325, ffffffff
007, LOC_CIVILIZATION_ROME_NAME, UNIT_SCOUT (262147), 30, 13, -9999, -9999, 2325, ffffffff
007, LOC_CIVILIZATION_ROME_NAME, UNIT_SCOUT (458757), 38, 5, -9999, -9999, 2325, ffffffff
007, LOC_CIVILIZATION_ROME_NAME, UNIT_BUILDER (393220), 38, 8, -9999, -9999, 2325, ffffffff
007, LOC_CIVILIZATION_ROME_NAME, UNIT_BUILDER (327680), 37, 10, 39, 10, 4362,  c20641f
007, LOC_CIVILIZATION_ROME_NAME, UNIT_BUILDER (393220), 38, 8, 35, 9, 4362, 7482db9d
007, LOC_CIVILIZATION_ROME_NAME, UNIT_SCOUT (458757), 38, 5, 37, 4, 256, 51f51862
007, LOC_CIVILIZATION_ROME_NAME, UNIT_SCOUT (262147), 30, 13, 27, 11, 256, 426440e5
007, LOC_CIVILIZATION_ROME_NAME, UNIT_SCOUT (262147), 29, 12, 27, 11, 0, 4e559f7c
007, LOC_CIVILIZATION_ROME_NAME, UNIT_SCOUT (458757), 37, 4, -9999, -9999, 2112, ffffffff
007, LOC_CIVILIZATION_ROME_NAME, UNIT_SCOUT (458757), 37, 4, 40, 3, 0, 401fefae
007, LOC_CIVILIZATION_ROME_NAME, UNIT_SCOUT (458757), 37, 4, 40, 3, 64, 401fefae
007, LOC_CIVILIZATION_BABYLON_NAME, UNIT_WARRIOR (196610), 72, 16, -9999, -9999, 2325, ffffffff
007, LOC_CIVILIZATION_BABYLON_NAME, UNIT_WARRIOR (131073), 68, 15, -9999, -9999, 2325, ffffffff
007, LOC_CIVILIZATION_BABYLON_NAME, UNIT_BUILDER (262144), 71, 14, -9999, -9999, 2325, ffffffff
007, LOC_CIVILIZATION_BABYLON_NAME, UNIT_BUILDER (262144), 71, 14, 71, 15, 4362, d09314bd
007, LOC_CIVILIZATION_BABYLON_NAME, UNIT_WARRIOR (131073), 68, 15, 69, 16, 256, 6b983d21
007, LOC_CIVILIZATION_BABYLON_NAME, UNIT_WARRIOR (196610), 72, 16, 72, 17, 256, bc4d4a73
007, LOC_CIVILIZATION_JERUSALEM_NAME, UNIT_WARRIOR (131073), 21, 55, -9999, -9999, 2325, ffffffff
007, LOC_CIVILIZATION_JERUSALEM_NAME, UNIT_BUILDER (262144), 22, 54, -9999, -9999, 2325, ffffffff
007, LOC_CIVILIZATION_JERUSALEM_NAME, UNIT_WARRIOR (196610), 19, 57, -9999, -9999, 2325, ffffffff
007, LOC_CIVILIZATION_JERUSALEM_NAME, UNIT_BUILDER (262144), 22, 54, 21, 55, 4362, 4b97b1fa
007, LOC_CIVILIZATION_JERUSALEM_NAME, UNIT_WARRIOR (131073), 21, 55, 22, 54, 256,  5eafb13
007, LOC_CIVILIZATION_JERUSALEM_NAME, UNIT_WARRIOR (196610), 19, 57, 20, 58, 256, 8be54e47
007, LOC_CIVILIZATION_HATTUSA_NAME, UNIT_BUILDER (262144), 65, 71, -9999, -9999, 2325, ffffffff
007, LOC_CIVILIZATION_HATTUSA_NAME, UNIT_WARRIOR (196610), 66, 71, -9999, -9999, 2325, ffffffff
007, LOC_CIVILIZATION_HATTUSA_NAME, UNIT_WARRIOR (131073), 65, 74, -9999, -9999, 2325, ffffffff
007, LOC_CIVILIZATION_HATTUSA_NAME, UNIT_WARRIOR (131073), 65, 74, 66, 74, 256, 769854db
007, LOC_CIVILIZATION_HATTUSA_NAME, UNIT_WARRIOR (196610), 66, 71, 65, 71, 256, e3929145
007, LOC_CIVILIZATION_JOHANNESBURG_NAME, UNIT_BUILDER (262144), 57, 3, -9999, -9999, 2325, ffffffff
007, LOC_CIVILIZATION_JOHANNESBURG_NAME, UNIT_WARRIOR (196610), 58, 2, -9999, -9999, 2325, ffffffff
007, LOC_CIVILIZATION_JOHANNESBURG_NAME, UNIT_WARRIOR (131073), 57, 5, -9999, -9999, 2325, ffffffff
007, LOC_CIVILIZATION_JOHANNESBURG_NAME, UNIT_BUILDER (262144), 57, 3, 58, 2, 4362, 65162ac0
007, LOC_CIVILIZATION_JOHANNESBURG_NAME, UNIT_WARRIOR (131073), 57, 5, 57, 6, 256, 2652c8b3
007, LOC_CIVILIZATION_JOHANNESBURG_NAME, UNIT_WARRIOR (196610), 58, 2, 57, 2, 256, e037b38c
007, LOC_CIVILIZATION_LISBON_NAME, UNIT_BUILDER (262144), 1, 27, -9999, -9999, 2325, ffffffff
007, LOC_CIVILIZATION_LISBON_NAME, UNIT_WARRIOR (131073), 1, 27, -9999, -9999, 2325, ffffffff
007, LOC_CIVILIZATION_LISBON_NAME, UNIT_WARRIOR (196610), 2, 28, -9999, -9999, 2325, ffffffff
007, LOC_CIVILIZATION_LISBON_NAME, UNIT_WARRIOR (131073), 1, 27, 1, 28, 256, 33e94e17
007, LOC_CIVILIZATION_LISBON_NAME, UNIT_WARRIOR (196610), 2, 28, 3, 28, 256, 2c387043
007, LOC_CIVILIZATION_VATICAN_CITY_NAME, UNIT_BUILDER (262144), 61, 24, -9999, -9999, 2325, ffffffff
007, LOC_CIVILIZATION_VATICAN_CITY_NAME, UNIT_WARRIOR (131073), 64, 26, -9999, -9999, 2325, ffffffff
007, LOC_CIVILIZATION_VATICAN_CITY_NAME, UNIT_WARRIOR (196610), 59, 23, -9999, -9999, 2325, ffffffff
007, LOC_CIVILIZATION_VATICAN_CITY_NAME, UNIT_WARRIOR (131073), 64, 26, 63, 27, 256, 841831f9
007, LOC_CIVILIZATION_VATICAN_CITY_NAME, UNIT_WARRIOR (196610), 59, 23, 58, 24, 256, 663aa049
007, LOC_CIVILIZATION_VILNIUS_NAME, UNIT_WARRIOR (196610), 9, 22, -9999, -9999, 2325, ffffffff
007, LOC_CIVILIZATION_VILNIUS_NAME, UNIT_BUILDER (262144), 9, 23, -9999, -9999, 2325, ffffffff
007, LOC_CIVILIZATION_VILNIUS_NAME, UNIT_WARRIOR (131073), 11, 25, -9999, -9999, 2325, ffffffff
007, LOC_CIVILIZATION_VILNIUS_NAME, UNIT_WARRIOR (131073), 11, 25, 10, 27, 256,  275b85c
007, LOC_CIVILIZATION_VILNIUS_NAME, UNIT_WARRIOR (196610), 9, 22, 10, 21, 256, 8a459c4e
007, LOC_CIVILIZATION_YEREVAN_NAME, UNIT_WARRIOR (196610), 58, 78, -9999, -9999, 2325, ffffffff
007, LOC_CIVILIZATION_YEREVAN_NAME, UNIT_BUILDER (262144), 59, 73, -9999, -9999, 2325, ffffffff
007, LOC_CIVILIZATION_YEREVAN_NAME, UNIT_WARRIOR (131073), 57, 72, -9999, -9999, 2325, ffffffff
007, LOC_CIVILIZATION_YEREVAN_NAME, UNIT_BUILDER (262144), 59, 73, 59, 75, 4362, f73eba00
007, LOC_CIVILIZATION_YEREVAN_NAME, UNIT_WARRIOR (131073), 57, 72, 57, 74, 256, 8364c3b8
007, LOC_CIVILIZATION_YEREVAN_NAME, UNIT_WARRIOR (196610), 58, 78, 58, 79, 256, 81b2add4
007, LOC_CIVILIZATION_BUENOS_AIRES_NAME, UNIT_WARRIOR (196610), 31, 73, -9999, -9999, 2325, ffffffff
007, LOC_CIVILIZATION_BUENOS_AIRES_NAME, UNIT_WARRIOR (131073), 32, 75, -9999, -9999, 2325, ffffffff
007, LOC_CIVILIZATION_BUENOS_AIRES_NAME, UNIT_BUILDER (262144), 35, 73, -9999, -9999, 2325, ffffffff
007, LOC_CIVILIZATION_BUENOS_AIRES_NAME, UNIT_BUILDER (262144), 35, 73, 34, 74, 4362, b3be53bd
007, LOC_CIVILIZATION_BUENOS_AIRES_NAME, UNIT_WARRIOR (131073), 32, 75, 34, 75, 256, f5862137
007, LOC_CIVILIZATION_BUENOS_AIRES_NAME, UNIT_WARRIOR (196610), 31, 73, 32, 74, 256, e4a9d84f
007, LOC_CIVILIZATION_FEZ_NAME, UNIT_WARRIOR (196610), 15, 65, -9999, -9999, 2325, ffffffff
007, LOC_CIVILIZATION_FEZ_NAME, UNIT_WARRIOR (131073), 14, 65, -9999, -9999, 2325, ffffffff
007, LOC_CIVILIZATION_FEZ_NAME, UNIT_BUILDER (262144), 15, 69, -9999, -9999, 2325, ffffffff
007, LOC_CIVILIZATION_FEZ_NAME, UNIT_WARRIOR (131073), 14, 65, 14, 66, 256, c47a90b4
007, LOC_CIVILIZATION_FEZ_NAME, UNIT_WARRIOR (196610), 15, 65, 16, 66, 256, 15f7d4c8
007, LOC_CIVILIZATION_KUMASI_NAME, UNIT_WARRIOR (196610), 68, 24, -9999, -9999, 2325, ffffffff
007, LOC_CIVILIZATION_KUMASI_NAME, UNIT_BUILDER (262144), 69, 27, -9999, -9999, 2325, ffffffff
007, LOC_CIVILIZATION_KUMASI_NAME, UNIT_WARRIOR (131073), 66, 28, -9999, -9999, 2325, ffffffff
007, LOC_CIVILIZATION_KUMASI_NAME, UNIT_WARRIOR (131073), 66, 28, 65, 27, 256, c191dd56
007, LOC_CIVILIZATION_KUMASI_NAME, UNIT_WARRIOR (196610), 68, 24, 67, 23, 256, b5718088
007, LOC_CIVILIZATION_PRESLAV_NAME, UNIT_WARRIOR (196610), 67, 73, -9999, -9999, 2325, ffffffff
007, LOC_CIVILIZATION_PRESLAV_NAME, UNIT_WARRIOR (131073), 65, 72, -9999, -9999, 2325, ffffffff
007, LOC_CIVILIZATION_PRESLAV_NAME, UNIT_WARRIOR (131073), 65, 72, 64, 73, 256, 801f438a
007, LOC_CIVILIZATION_PRESLAV_NAME, UNIT_WARRIOR (196610), 67, 73, 68, 73, 256, b747b4ba
007, LOC_CIVILIZATION_EGYPT_NAME, UNIT_BUILDER (196608), 44, 76, -9999, -9999, 2325, ffffffff
007, LOC_CIVILIZATION_EGYPT_NAME, UNIT_WARRIOR (131073), 35, 81, -9999, -9999, 2325, ffffffff
007, LOC_CIVILIZATION_EGYPT_NAME, UNIT_VAMPIRE (262146), 38, 78, -9999, -9999, 2325, ffffffff
007, LOC_CIVILIZATION_EGYPT_NAME, UNIT_SCOUT (327683), 42, 70, -9999, -9999, 2325, ffffffff
007, LOC_CIVILIZATION_BABYLON_STK_NAME, UNIT_WARRIOR (131073), 71, 55, -9999, -9999, 2325, ffffffff
007, LOC_CIVILIZATION_BABYLON_STK_NAME, UNIT_BABYLONIAN_SABUM_KIBITTUM (262146), 73, 48, -9999, -9999, 2325, ffffffff
007, LOC_CIVILIZATION_BABYLON_STK_NAME, UNIT_BABYLONIAN_SABUM_KIBITTUM (196608), 80, 44, -9999, -9999, 2325, ffffffff
007, LOC_CIVILIZATION_INDIA_NAME, UNIT_SCOUT (196608), 67, 66, -9999, -9999, 2325, ffffffff
007, LOC_CIVILIZATION_INDIA_NAME, UNIT_WARRIOR (131073), 63, 66, -9999, -9999, 2325, ffffffff
007, LOC_CIVILIZATION_INDIA_NAME, UNIT_SCOUT (262146), 71, 60, -9999, -9999, 2325, ffffffff
007, LOC_CIVILIZATION_MALI_NAME, UNIT_SCOUT (196608), 82, 38, -9999, -9999, 2325, ffffffff
007, LOC_CIVILIZATION_MALI_NAME, UNIT_WARRIOR (131073), 74, 30, -9999, -9999, 2325, ffffffff
007, LOC_CIVILIZATION_NUBIA_NAME, UNIT_WARRIOR (131073), 45, 18, -9999, -9999, 2325, ffffffff
007, LOC_CIVILIZATION_NUBIA_NAME, UNIT_VAMPIRE (196608), 54, 10, -9999, -9999, 2325, ffffffff
007, LOC_CIVILIZATION_NUBIA_NAME, UNIT_SCOUT (262146), 47, 11, -9999, -9999, 2325, ffffffff
007, LOC_CIVILIZATION_NUBIA_NAME, UNIT_BUILDER (327683), 53, 18, -9999, -9999, 2325, ffffffff
007, LOC_CIVILIZATION_BABYLON_STK_NAME, UNIT_BABYLONIAN_SABUM_KIBITTUM (262146), 73, 48, 72, 47, 16656, af056f69
007, LOC_CIVILIZATION_BABYLON_STK_NAME, UNIT_BABYLONIAN_SABUM_KIBITTUM (262146), 72, 47, 71, 47, 16400,  3c3143e
007, LOC_CIVILIZATION_BABYLON_STK_NAME, UNIT_BABYLONIAN_SABUM_KIBITTUM (262146), 71, 47, 70, 47, 16400, 970a04f6
007, LOC_CIVILIZATION_MALI_NAME, UNIT_WARRIOR (131073), 74, 30, 75, 30, 16656, f71e1a40
007, LOC_CIVILIZATION_BABYLON_STK_NAME, UNIT_BABYLONIAN_SABUM_KIBITTUM (196608), 80, 44, 81, 46, 16656, 6e489db2
007, LOC_CIVILIZATION_MALI_NAME, UNIT_SCOUT (196608), 82, 38, 83, 38, 16656, 325b7695
007, LOC_CIVILIZATION_BABYLON_STK_NAME, UNIT_BABYLONIAN_SABUM_KIBITTUM (196608), 81, 46, 82, 46, 16400, c8ced180
007, LOC_CIVILIZATION_MALI_NAME, UNIT_SCOUT (196608), 83, 38, 83, 37, 16400,  c73635e
007, LOC_CIVILIZATION_INDIA_NAME, UNIT_WARRIOR (131073), 63, 66, 63, 67, 16656, 25fbdcf5
007, LOC_CIVILIZATION_EGYPT_NAME, UNIT_SCOUT (327683), 42, 70, 41, 70, 16656, cc491743
007, LOC_CIVILIZATION_MALI_NAME, UNIT_SCOUT (196608), 83, 37, 83, 38, 16400, a1ca4233
007, LOC_CIVILIZATION_INDIA_NAME, UNIT_SCOUT (196608), 67, 66, 66, 69, 16640, ca1c5bed
007, LOC_CIVILIZATION_INDIA_NAME, UNIT_SCOUT (196608), 67, 68, 66, 69, 16384, b344030b
007, LOC_CIVILIZATION_BABYLON_STK_NAME, UNIT_WARRIOR (131073), 71, 55, 72, 56, 16656, 1e48bcbe
007, LOC_CIVILIZATION_BABYLON_STK_NAME, UNIT_WARRIOR (131073), 72, 56, 72, 57, 16400,  aef6382
007, LOC_CIVILIZATION_MALI_NAME, UNIT_WARRIOR (131073), 75, 30, 76, 30, 16400, 4567743c
007, LOC_CIVILIZATION_EGYPT_NAME, UNIT_SCOUT (327683), 41, 70, 40, 70, 16400, 1256b833
007, LOC_CIVILIZATION_NUBIA_NAME, UNIT_WARRIOR (131073), 45, 18, 44, 18, 16656, 50b6f32f
007, LOC_CIVILIZATION_NUBIA_NAME, UNIT_WARRIOR (131073), 44, 18, 43, 18, 16400, e2cf9d53
007, LOC_CIVILIZATION_EGYPT_NAME, UNIT_SCOUT (327683), 40, 70, 39, 69, 16400, f55ebf54
007, LOC_CIVILIZATION_NUBIA_NAME, UNIT_SCOUT (262146), 47, 11, 47, 12, 16656, d6ecf6b4
007, LOC_CIVILIZATION_INDIA_NAME, UNIT_SCOUT (262146), 71, 60, 72, 60, 16656, 662d2763
007, LOC_CIVILIZATION_NUBIA_NAME, UNIT_SCOUT (393220), 52, 17, 54, 18, 16656, 75523b60
007, LOC_CIVILIZATION_NUBIA_NAME, UNIT_SCOUT (393220), 54, 18, 54, 19, 16400, f189ddf7
007, LOC_CIVILIZATION_EGYPT_NAME, UNIT_VAMPIRE (262146), 38, 78, 37, 78, 16656, f5bab5d1
007, LOC_CIVILIZATION_NUBIA_NAME, UNIT_VAMPIRE (196608), 54, 10, 55, 10, 16656, 9be11663
007, LOC_CIVILIZATION_NUBIA_NAME, UNIT_VAMPIRE (196608), 55, 10, 56, 10, 16400, fa7d63aa
007, LOC_CIVILIZATION_EGYPT_NAME, UNIT_WARRIOR (131073), 35, 81, 34, 81, 16656, f77bf22a
007, LOC_CIVILIZATION_EGYPT_NAME, UNIT_WARRIOR (131073), 34, 81, 33, 81, 16400, c14892ac
007, LOC_CIVILIZATION_INDIA_NAME, UNIT_SCOUT (196608), 66, 69, -9999, -9999, 2325, ffffffff
007, LOC_CIVILIZATION_INDIA_NAME, UNIT_WARRIOR (131073), 63, 67, -9999, -9999, 2325, ffffffff
007, LOC_CIVILIZATION_INDIA_NAME, UNIT_SCOUT (262146), 72, 60, -9999, -9999, 2325, ffffffff
007, LOC_CIVILIZATION_INDIA_NAME, UNIT_SCOUT (196608), 66, 69, -9999, -9999, 2325, ffffffff
007, LOC_CIVILIZATION_INDIA_NAME, UNIT_WARRIOR (131073), 63, 67, -9999, -9999, 2325, ffffffff
007, LOC_CIVILIZATION_INDIA_NAME, UNIT_SCOUT (262146), 72, 60, -9999, -9999, 2325, ffffffff
007, LOC_CIVILIZATION_NUBIA_NAME, UNIT_BUILDER (327683), 53, 18, 52, 19, 16656, a1197564
008, LOC_CIVILIZATION_MACEDON_NAME, UNIT_WARRIOR (131073), 22, 72, -9999, -9999, 2325, ffffffff
008, LOC_CIVILIZATION_MACEDON_NAME, UNIT_BUILDER (327680), 25, 71, -9999, -9999, 2325, ffffffff
008, LOC_CIVILIZATION_MACEDON_NAME, UNIT_SCOUT (262147), 21, 56, -9999, -9999, 2325, ffffffff
008, LOC_CIVILIZATION_MACEDON_NAME, UNIT_WARRIOR (131073), 22, 72, -9999, -9999, 2325, ffffffff
008, LOC_CIVILIZATION_MACEDON_NAME, UNIT_SCOUT (524294), 20, 71, -9999, -9999, 2325, ffffffff
008, LOC_CIVILIZATION_MACEDON_NAME, UNIT_BUILDER (393220), 24, 72, -9999, -9999, 2325, ffffffff
008, LOC_CIVILIZATION_MACEDON_NAME, UNIT_WARRIOR (131073), 22, 72, 26, 70, 276, 3d9ba20a
008, LOC_CIVILIZATION_MACEDON_NAME, UNIT_WARRIOR (131073), 22, 72, 26, 70, 37121, 3d9ba20a
008, LOC_CIVILIZATION_MACEDON_NAME, UNIT_WARRIOR (131073), 23, 72, 26, 70, 36865,  b1fe1eb
008, LOC_CIVILIZATION_MACEDON_NAME, UNIT_BUILDER (393220), 24, 72, 23, 71, 4362, ffffffff
008, LOC_CIVILIZATION_MACEDON_NAME, UNIT_BUILDER (327680), 25, 71, 22, 71, 4362,  e010a61
008, LOC_CIVILIZATION_MACEDON_NAME, UNIT_SCOUT (262147), 21, 56, 27, 11, 256, 68008276
008, LOC_CIVILIZATION_MACEDON_NAME, UNIT_SCOUT (262147), 20, 54, 20, 53, 0, 60fcd8e4
008, LOC_CIVILIZATION_MACEDON_NAME, UNIT_SCOUT (524294), 20, 71, 21, 70, 256, 17c4efa2
008, LOC_CIVILIZATION_BRAZIL_NAME, UNIT_WARRIOR (131073), 8, 58, -9999, -9999, 2325, ffffffff
008, LOC_CIVILIZATION_BRAZIL_NAME, UNIT_SCOUT (524290), 14, 61, -9999, -9999, 2325, ffffffff
008, LOC_CIVILIZATION_BRAZIL_NAME, UNIT_SCOUT (589824), 9, 57, -9999, -9999, 2325, ffffffff
008, LOC_CIVILIZATION_BRAZIL_NAME, UNIT_WARRIOR (131073), 8, 58, -9999, -9999, 2325, ffffffff
008, LOC_CIVILIZATION_BRAZIL_NAME, UNIT_SCOUT (458757), 9, 54, -9999, -9999, 2325, ffffffff
008, LOC_CIVILIZATION_BRAZIL_NAME, UNIT_SCOUT (262147), 15, 45, -9999, -9999, 2325, ffffffff
008, LOC_CIVILIZATION_BRAZIL_NAME, UNIT_WARRIOR (131073), 8, 58, 13, 58, 276, 4cb33f2e
008, LOC_CIVILIZATION_BRAZIL_NAME, UNIT_WARRIOR (131073), 8, 58, 13, 58, 37121, 4cb33f2e
008, LOC_CIVILIZATION_BRAZIL_NAME, UNIT_WARRIOR (131073), 8, 57, 13, 58, 36865, 6068bfd6
008, LOC_CIVILIZATION_BRAZIL_NAME, UNIT_SCOUT (262147), 15, 45, 27, 11, 256, 9cb7de02
008, LOC_CIVILIZATION_BRAZIL_NAME, UNIT_SCOUT (262147), 16, 43, 17, 42, 0, aa929d85
008, LOC_CIVILIZATION_BRAZIL_NAME, UNIT_SCOUT (524290), 14, 61, 21, 59, 256, d7794880
008, LOC_CIVILIZATION_BRAZIL_NAME, UNIT_SCOUT (524290), 15, 61, 25, 64, 0, c6573741
008, LOC_CIVILIZATION_BRAZIL_NAME, UNIT_SCOUT (589824), 9, 57, -9999, -9999, 2368, ffffffff
008, LOC_CIVILIZATION_BRAZIL_NAME, UNIT_SCOUT (458757), 9, 54, -9999, -9999, 2368, ffffffff
008, LOC_CIVILIZATION_BRAZIL_NAME, UNIT_SCOUT (589824), 9, 57, 7, 55, 320, 286f11cf
008, LOC_CIVILIZATION_BRAZIL_NAME, UNIT_SCOUT (458757), 9, 54, 10, 52, 320, 8e8c37fe
008, LOC_CIVILIZATION_BRAZIL_NAME, UNIT_WARRIOR (131073), 8, 57, 13, 58, 36865, b4bde096
008, LOC_CIVILIZATION_BRAZIL_NAME, UNIT_SCOUT (524290), 15, 61, 25, 64, 0, c6573741
008, LOC_CIVILIZATION_GERMANY_NAME, UNIT_WARRIOR (131073), 11, 40, -9999, -9999, 2325, ffffffff
008, LOC_CIVILIZATION_GERMANY_NAME, UNIT_WARRIOR (131073), 11, 40, -9999, -9999, 2325, ffffffff
008, LOC_CIVILIZATION_GERMANY_NAME, UNIT_BUILDER (327680), 16, 48, -9999, -9999, 2325, ffffffff
008, LOC_CIVILIZATION_GERMANY_NAME, UNIT_SCOUT (262147), 14, 34, -9999, -9999, 2325, ffffffff
008, LOC_CIVILIZATION_GERMANY_NAME, UNIT_SCOUT (393220), 15, 40, -9999, -9999, 2325, ffffffff
008, LOC_CIVILIZATION_GERMANY_NAME, UNIT_WARRIOR (131073), 11, 40, 10, 39, 276, 9be8207b
008, LOC_CIVILIZATION_GERMANY_NAME, UNIT_WARRIOR (131073), 11, 40, 10, 39, 37121, 9be8207b
008, LOC_CIVILIZATION_GERMANY_NAME, UNIT_SCOUT (262147), 14, 34, 27, 11, 256, 3bb16925
008, LOC_CIVILIZATION_GERMANY_NAME, UNIT_SCOUT (262147), 14, 33, 15, 33, 0, e34d8679
008, LOC_CIVILIZATION_GERMANY_NAME, UNIT_BUILDER (327680), 16, 48, 21, 59, 256, 901831c8
008, LOC_CIVILIZATION_GERMANY_NAME, UNIT_BUILDER (327680), 16, 49, 16, 49, 0, 48ff70ce
008, LOC_CIVILIZATION_GERMANY_NAME, UNIT_BUILDER (327680), 16, 49, 21, 59, 0, 32c0269a
008, LOC_CIVILIZATION_GERMANY_NAME, UNIT_BUILDER (327680), 16, 49, 25, 64, 0, b083f1fc
008, LOC_CIVILIZATION_GERMANY_NAME, UNIT_SCOUT (393220), 15, 40, -9999, -9999, 2368, ffffffff
008, LOC_CIVILIZATION_GERMANY_NAME, UNIT_SCOUT (393220), 15, 40, 18, 40, 320, d5b32382
008, LOC_CIVILIZATION_GERMANY_NAME, UNIT_BUILDER (327680), 16, 49, 25, 64, 0, b083f1fc
008, LOC_CIVILIZATION_VIETNAM_NAME, UNIT_SCOUT (262147), 21, 29, -9999, -9999, 2325, ffffffff
008, LOC_CIVILIZATION_VIETNAM_NAME, UNIT_WARRIOR (131073), 21, 21, -9999, -9999, 2325, ffffffff
008, LOC_CIVILIZATION_VIETNAM_NAME, UNIT_BUILDER (327680), 26, 15, -9999, -9999, 2325, ffffffff
008, LOC_CIVILIZATION_VIETNAM_NAME, UNIT_SCOUT (458757), 24, 12, -9999, -9999, 2325, ffffffff
008, LOC_CIVILIZATION_VIETNAM_NAME, UNIT_WARRIOR (131073), 21, 21, -9999, -9999, 2325, ffffffff
008, LOC_CIVILIZATION_VIETNAM_NAME, UNIT_BUILDER (393220), 22, 18, -9999, -9999, 2325, ffffffff
008, LOC_CIVILIZATION_VIETNAM_NAME, UNIT_SCOUT (589831), 20, 12, -9999, -9999, 2325, ffffffff
008, LOC_CIVILIZATION_VIETNAM_NAME, UNIT_WARRIOR (131073), 21, 21, 21, 22, 276, 2b7bbfe6
008, LOC_CIVILIZATION_VIETNAM_NAME, UNIT_WARRIOR (131073), 21, 21, 21, 22, 37121, 2b7bbfe6
008, LOC_CIVILIZATION_VIETNAM_NAME, UNIT_BUILDER (327680), 26, 15, 20, 18, 4352, cac894a6
008, LOC_CIVILIZATION_VIETNAM_NAME, UNIT_BUILDER (393220), 22, 18, 20, 18, 4362, dfac5a89
008, LOC_CIVILIZATION_VIETNAM_NAME, UNIT_BUILDER (327680), 26, 15, 27, 11, 256, 9f2a7e41
008, LOC_CIVILIZATION_VIETNAM_NAME, UNIT_SCOUT (589831), 20, 12, 19, 13, 256, a7b98a44
008, LOC_CIVILIZATION_VIETNAM_NAME, UNIT_SCOUT (262147), 21, 29, 17, 33, 256, 23fbb1f3
008, LOC_CIVILIZATION_VIETNAM_NAME, UNIT_SCOUT (262147), 22, 30, 20, 31, 0, ee8c02c6
008, LOC_CIVILIZATION_VIETNAM_NAME, UNIT_SCOUT (262147), 21, 29, 17, 50, 0, 9952b1bc
008, LOC_CIVILIZATION_VIETNAM_NAME, UNIT_SCOUT (458757), 24, 12, -9999, -9999, 2368, ffffffff
008, LOC_CIVILIZATION_VIETNAM_NAME, UNIT_SCOUT (458757), 24, 12, 23, 10, 320, ce2955a7
008, LOC_CIVILIZATION_VIETNAM_NAME, UNIT_SCOUT (458757), 23, 10, -9999, -9999, 2112, ffffffff
008, LOC_CIVILIZATION_VIETNAM_NAME, UNIT_SCOUT (458757), 23, 10, 22, 9, 64, 3027ce5e
008, LOC_CIVILIZATION_VIETNAM_NAME, UNIT_BUILDER (327680), 27, 13, 27, 11, 0, 6f20c159
008, LOC_CIVILIZATION_ROME_NAME, UNIT_WARRIOR (131073), 34, 10, -9999, -9999, 2325, ffffffff
008, LOC_CIVILIZATION_ROME_NAME, UNIT_SCOUT (262147), 28, 11, -9999, -9999, 2325, ffffffff
008, LOC_CIVILIZATION_ROME_NAME, UNIT_BUILDER (327680), 39, 10, -9999, -9999, 2325, ffffffff
008, LOC_CIVILIZATION_ROME_NAME, UNIT_SETTLER (524294), 35, 10, -9999, -9999, 2325, ffffffff
008, LOC_CIVILIZATION_ROME_NAME, UNIT_SCOUT (458757), 38, 4, -9999, -9999, 2325, ffffffff
008, LOC_CIVILIZATION_ROME_NAME, UNIT_BUILDER (393220), 35, 9, -9999, -9999, 2325, ffffffff
008, LOC_CIVILIZATION_ROME_NAME, UNIT_SCOUT (589831), 35, 10, -9999, -9999, 2325, ffffffff
008, LOC_CIVILIZATION_ROME_NAME, UNIT_BUILDER (655368), 38, 8, -9999, -9999, 2325, ffffffff
008, LOC_CIVILIZATION_ROME_NAME, UNIT_SETTLER (524294), 35, 10, 31, 9, 276, 976eaf34
008, LOC_CIVILIZATION_ROME_NAME, UNIT_WARRIOR (131073), 34, 10, 35, 10, 256, ffffffff
008, LOC_CIVILIZATION_ROME_NAME, UNIT_SETTLER (524294), 35, 10, 34, 10, 256, c87d8e81
008, LOC_CIVILIZATION_ROME_NAME, UNIT_WARRIOR (131073), 34, 10, 35, 10, 0, ffffffff
008, LOC_CIVILIZATION_ROME_NAME, UNIT_WARRIOR (131073), 34, 10, 34, 11, 36865, bb9d3a41
008, LOC_CIVILIZATION_ROME_NAME, UNIT_WARRIOR (131073), 34, 11, 34, 10, 36865, 69dad8a5
008, LOC_CIVILIZATION_ROME_NAME, UNIT_WARRIOR (131073), 34, 11, 31, 9, 36865,  77d0a07
008, LOC_CIVILIZATION_ROME_NAME, UNIT_BUILDER (327680), 39, 10, 35, 11, 4352, f29a9d9c
008, LOC_CIVILIZATION_ROME_NAME, UNIT_BUILDER (327680), 39, 10, 35, 11, 4362, f29a9d9c
008, LOC_CIVILIZATION_ROME_NAME, UNIT_SCOUT (262147), 28, 11, 23, 9, 256, 4cfac5d3
008, LOC_CIVILIZATION_ROME_NAME, UNIT_SCOUT (458757), 38, 4, -9999, -9999, 2368, ffffffff
008, LOC_CIVILIZATION_ROME_NAME, UNIT_SCOUT (589831), 35, 10, -9999, -9999, 2368, ffffffff
008, LOC_CIVILIZATION_ROME_NAME, UNIT_SCOUT (458757), 38, 4, 39, 3, 320, 5b0c9c7d
008, LOC_CIVILIZATION_ROME_NAME, UNIT_SCOUT (589831), 35, 10, 34, 13, 320, 43eb42b4
008, LOC_CIVILIZATION_ROME_NAME, UNIT_SCOUT (458757), 39, 3, -9999, -9999, 2112, ffffffff
008, LOC_CIVILIZATION_ROME_NAME, UNIT_SCOUT (458757), 39, 3, 40, 3, 64, 2012ef9f
008, LOC_CIVILIZATION_ROME_NAME, UNIT_WARRIOR (131073), 34, 11, 31, 9, 36865,  77d0a07
008, LOC_CIVILIZATION_BABYLON_NAME, UNIT_WARRIOR (131073), 69, 16, -9999, -9999, 2325, ffffffff
008, LOC_CIVILIZATION_BABYLON_NAME, UNIT_WARRIOR (196610), 72, 17, -9999, -9999, 2325, ffffffff
008, LOC_CIVILIZATION_BABYLON_NAME, UNIT_BUILDER (262144), 71, 15, -9999, -9999, 2325, ffffffff
008, LOC_CIVILIZATION_BABYLON_NAME, UNIT_WARRIOR (131073), 69, 16, 69, 17, 256, d522877f
008, LOC_CIVILIZATION_BABYLON_NAME, UNIT_WARRIOR (196610), 72, 17, 72, 18, 256, 23c2099c
008, LOC_CIVILIZATION_JERUSALEM_NAME, UNIT_WARRIOR (131073), 22, 54, -9999, -9999, 2325, ffffffff
008, LOC_CIVILIZATION_JERUSALEM_NAME, UNIT_WARRIOR (196610), 20, 58, -9999, -9999, 2325, ffffffff
008, LOC_CIVILIZATION_JERUSALEM_NAME, UNIT_BUILDER (262144), 21, 55, -9999, -9999, 2325, ffffffff
008, LOC_CIVILIZATION_JERUSALEM_NAME, UNIT_WARRIOR (131073), 22, 54, 22, 55, 256, c518b619
008, LOC_CIVILIZATION_JERUSALEM_NAME, UNIT_WARRIOR (196610), 20, 58, 21, 57, 256, a5217d8b
008, LOC_CIVILIZATION_HATTUSA_NAME, UNIT_WARRIOR (196610), 65, 71, -9999, -9999, 2325, ffffffff
008, LOC_CIVILIZATION_HATTUSA_NAME, UNIT_WARRIOR (131073), 66, 74, -9999, -9999, 2325, ffffffff
008, LOC_CIVILIZATION_HATTUSA_NAME, UNIT_BUILDER (262144), 65, 71, -9999, -9999, 2325, ffffffff
008, LOC_CIVILIZATION_HATTUSA_NAME, UNIT_WARRIOR (131073), 66, 74, 67, 74, 256, a887fbab
008, LOC_CIVILIZATION_HATTUSA_NAME, UNIT_WARRIOR (196610), 65, 71, 66, 72, 256, 8efe8b9d
008, LOC_CIVILIZATION_JOHANNESBURG_NAME, UNIT_WARRIOR (196610), 57, 2, -9999, -9999, 2325, ffffffff
008, LOC_CIVILIZATION_JOHANNESBURG_NAME, UNIT_BUILDER (262144), 58, 2, -9999, -9999, 2325, ffffffff
008, LOC_CIVILIZATION_JOHANNESBURG_NAME, UNIT_WARRIOR (131073), 57, 6, -9999, -9999, 2325, ffffffff
008, LOC_CIVILIZATION_JOHANNESBURG_NAME, UNIT_WARRIOR (131073), 57, 6, 57, 7, 256, c62348d5
008, LOC_CIVILIZATION_JOHANNESBURG_NAME, UNIT_WARRIOR (196610), 57, 2, 58, 4, 256, d0dca8de
008, LOC_CIVILIZATION_LISBON_NAME, UNIT_WARRIOR (131073), 1, 28, -9999, -9999, 2325, ffffffff
008, LOC_CIVILIZATION_LISBON_NAME, UNIT_BUILDER (262144), 1, 27, -9999, -9999, 2325, ffffffff
008, LOC_CIVILIZATION_LISBON_NAME, UNIT_WARRIOR (196610), 3, 28, -9999, -9999, 2325, ffffffff
008, LOC_CIVILIZATION_LISBON_NAME, UNIT_WARRIOR (131073), 1, 28, 1, 27, 256, 61ade868
008, LOC_CIVILIZATION_LISBON_NAME, UNIT_WARRIOR (196610), 3, 28, 2, 29, 256, 9372c41d
008, LOC_CIVILIZATION_VATICAN_CITY_NAME, UNIT_WARRIOR (131073), 63, 27, -9999, -9999, 2325, ffffffff
008, LOC_CIVILIZATION_VATICAN_CITY_NAME, UNIT_WARRIOR (196610), 58, 24, -9999, -9999, 2325, ffffffff
008, LOC_CIVILIZATION_VATICAN_CITY_NAME, UNIT_BUILDER (262144), 61, 24, -9999, -9999, 2325, ffffffff
008, LOC_CIVILIZATION_VATICAN_CITY_NAME, UNIT_WARRIOR (131073), 63, 27, 64, 26, 256, 1073e0eb
008, LOC_CIVILIZATION_VATICAN_CITY_NAME, UNIT_WARRIOR (196610), 58, 24, 58, 23, 256, 8d8edd9c
008, LOC_CIVILIZATION_VILNIUS_NAME, UNIT_BUILDER (262144), 9, 23, -9999, -9999, 2325, ffffffff
008, LOC_CIVILIZATION_VILNIUS_NAME, UNIT_WARRIOR (131073), 10, 27, -9999, -9999, 2325, ffffffff
008, LOC_CIVILIZATION_VILNIUS_NAME, UNIT_WARRIOR (196610), 10, 21, -9999, -9999, 2325, ffffffff
008, LOC_CIVILIZATION_VILNIUS_NAME, UNIT_WARRIOR (131073), 10, 27, 10, 25, 256, 8c0a6d86
008, LOC_CIVILIZATION_VILNIUS_NAME, UNIT_WARRIOR (196610), 10, 21, 10, 20, 256, cb527aa3
008, LOC_CIVILIZATION_YEREVAN_NAME, UNIT_WARRIOR (196610), 58, 79, -9999, -9999, 2325, ffffffff
008, LOC_CIVILIZATION_YEREVAN_NAME, UNIT_WARRIOR (131073), 57, 74, -9999, -9999, 2325, ffffffff
008, LOC_CIVILIZATION_YEREVAN_NAME, UNIT_BUILDER (262144), 59, 75, -9999, -9999, 2325, ffffffff
008, LOC_CIVILIZATION_YEREVAN_NAME, UNIT_WARRIOR (131073), 57, 74, 57, 75, 256, e27582cb
008, LOC_CIVILIZATION_YEREVAN_NAME, UNIT_WARRIOR (196610), 58, 79, 59, 78, 256, 9f5f4fae
008, LOC_CIVILIZATION_BUENOS_AIRES_NAME, UNIT_WARRIOR (131073), 34, 75, -9999, -9999, 2325, ffffffff
008, LOC_CIVILIZATION_BUENOS_AIRES_NAME, UNIT_WARRIOR (196610), 32, 74, -9999, -9999, 2325, ffffffff
008, LOC_CIVILIZATION_BUENOS_AIRES_NAME, UNIT_BUILDER (262144), 34, 74, -9999, -9999, 2325, ffffffff
008, LOC_CIVILIZATION_BUENOS_AIRES_NAME, UNIT_WARRIOR (131073), 34, 75, 35, 75, 256, 910d4ef7
008, LOC_CIVILIZATION_BUENOS_AIRES_NAME, UNIT_WARRIOR (196610), 32, 74, 32, 72, 256, 6af3947f
008, LOC_CIVILIZATION_FEZ_NAME, UNIT_BUILDER (262144), 15, 69, -9999, -9999, 2325, ffffffff
008, LOC_CIVILIZATION_FEZ_NAME, UNIT_WARRIOR (196610), 16, 66, -9999, -9999, 2325, ffffffff
008, LOC_CIVILIZATION_FEZ_NAME, UNIT_WARRIOR (131073), 14, 66, -9999, -9999, 2325, ffffffff
008, LOC_CIVILIZATION_FEZ_NAME, UNIT_WARRIOR (131073), 14, 66, 12, 67, 256, c4f4ff15
008, LOC_CIVILIZATION_FEZ_NAME, UNIT_WARRIOR (196610), 16, 66, 17, 65, 256, 48066667
008, LOC_CIVILIZATION_KUMASI_NAME, UNIT_WARRIOR (196610), 67, 23, -9999, -9999, 2325, ffffffff
008, LOC_CIVILIZATION_KUMASI_NAME, UNIT_WARRIOR (131073), 65, 27, -9999, -9999, 2325, ffffffff
008, LOC_CIVILIZATION_KUMASI_NAME, UNIT_BUILDER (262144), 69, 27, -9999, -9999, 2325, ffffffff
008, LOC_CIVILIZATION_KUMASI_NAME, UNIT_BUILDER (262144), 69, 27, 67, 27, 4362, dda37b55
008, LOC_CIVILIZATION_KUMASI_NAME, UNIT_WARRIOR (131073), 65, 27, 66, 27, 256, 12eae39c
008, LOC_CIVILIZATION_KUMASI_NAME, UNIT_WARRIOR (196610), 67, 23, 68, 25, 256, a2842099
008, LOC_CIVILIZATION_PRESLAV_NAME, UNIT_WARRIOR (196610), 68, 73, -9999, -9999, 2325, ffffffff
008, LOC_CIVILIZATION_PRESLAV_NAME, UNIT_WARRIOR (131073), 64, 73, -9999, -9999, 2325, ffffffff
008, LOC_CIVILIZATION_PRESLAV_NAME, UNIT_BUILDER (262144), 66, 68, -9999, -9999, 2325, ffffffff
008, LOC_CIVILIZATION_PRESLAV_NAME, UNIT_BUILDER (262144), 66, 68, 65, 68, 4362, 4e2bb028
008, LOC_CIVILIZATION_PRESLAV_NAME, UNIT_WARRIOR (131073), 64, 73, 65, 73, 256, ed121530
008, LOC_CIVILIZATION_PRESLAV_NAME, UNIT_WARRIOR (196610), 68, 73, 67, 73, 256, 2055851a
008, LOC_CIVILIZATION_EGYPT_NAME, UNIT_WARRIOR (131073), 33, 81, -9999, -9999, 2325, ffffffff
008, LOC_CIVILIZATION_EGYPT_NAME, UNIT_VAMPIRE (262146), 37, 78, -9999, -9999, 2325, ffffffff
008, LOC_CIVILIZATION_EGYPT_NAME, UNIT_SETTLER (393220), 43, 77, -9999, -9999, 2325, ffffffff
008, LOC_CIVILIZATION_EGYPT_NAME, UNIT_BUILDER (196608), 44, 76, -9999, -9999, 2325, ffffffff
008, LOC_CIVILIZATION_EGYPT_NAME, UNIT_SCOUT (327683), 39, 69, -9999, -9999, 2325, ffffffff
008, LOC_CIVILIZATION_BABYLON_STK_NAME, UNIT_BABYLONIAN_SABUM_KIBITTUM (196608), 82, 46, -9999, -9999, 2325, ffffffff
008, LOC_CIVILIZATION_BABYLON_STK_NAME, UNIT_WARRIOR (131073), 72, 57, -9999, -9999, 2325, ffffffff
008, LOC_CIVILIZATION_BABYLON_STK_NAME, UNIT_BABYLONIAN_SABUM_KIBITTUM (262146), 70, 47, -9999, -9999, 2325, ffffffff
008, LOC_CIVILIZATION_INDIA_NAME, UNIT_WARRIOR (131073), 63, 67, -9999, -9999, 2325, ffffffff
008, LOC_CIVILIZATION_INDIA_NAME, UNIT_SCOUT (262146), 72, 60, -9999, -9999, 2325, ffffffff
008, LOC_CIVILIZATION_INDIA_NAME, UNIT_SCOUT (196608), 66, 69, -9999, -9999, 2325, ffffffff
008, LOC_CIVILIZATION_MALI_NAME, UNIT_WARRIOR (131073), 76, 30, -9999, -9999, 2325, ffffffff
008, LOC_CIVILIZATION_MALI_NAME, UNIT_SCOUT (196608), 83, 38, -9999, -9999, 2325, ffffffff
008, LOC_CIVILIZATION_NUBIA_NAME, UNIT_WARRIOR (131073), 43, 18, -9999, -9999, 2325, ffffffff
008, LOC_CIVILIZATION_NUBIA_NAME, UNIT_VAMPIRE (196608), 56, 10, -9999, -9999, 2325, ffffffff
008, LOC_CIVILIZATION_NUBIA_NAME, UNIT_SCOUT (262146), 47, 12, -9999, -9999, 2325, ffffffff
008, LOC_CIVILIZATION_NUBIA_NAME, UNIT_BUILDER (327683), 52, 19, -9999, -9999, 2325, ffffffff
008, LOC_CIVILIZATION_NUBIA_NAME, UNIT_SCOUT (393220), 54, 19, -9999, -9999, 2325, ffffffff
008, LOC_CIVILIZATION_NUBIA_NAME, UNIT_SETTLER (458757), 52, 17, -9999, -9999, 2325, ffffffff
008, LOC_CIVILIZATION_MALI_NAME, UNIT_WARRIOR (131073), 76, 30, 76, 29, 16656, 5e243e2b
008, LOC_CIVILIZATION_INDIA_NAME, UNIT_WARRIOR (131073), 63, 67, 63, 68, 16656, 21e5dd0c
008, LOC_CIVILIZATION_BABYLON_STK_NAME, UNIT_BABYLONIAN_SABUM_KIBITTUM (262146), 70, 47, 70, 48, 16656, dd36d3dd
008, LOC_CIVILIZATION_MALI_NAME, UNIT_SCOUT (196608), 83, 38, 83, 39, 16656, 41bbc255
008, LOC_CIVILIZATION_BABYLON_STK_NAME, UNIT_BABYLONIAN_SABUM_KIBITTUM (262146), 70, 48, 69, 48, 16400, 9ee3daa0
008, LOC_CIVILIZATION_INDIA_NAME, UNIT_SCOUT (196608), 66, 69, 65, 71, 16640, 5d20d9c1
008, LOC_CIVILIZATION_INDIA_NAME, UNIT_SCOUT (196608), 66, 70, 66, 71, 16400, 7406a7e7
008, LOC_CIVILIZATION_BABYLON_STK_NAME, UNIT_BABYLONIAN_SABUM_KIBITTUM (262146), 69, 48, 69, 49, 16400, 470aa6eb
008, LOC_CIVILIZATION_EGYPT_NAME, UNIT_SETTLER (393220), 43, 77, 43, 73, 16640, 58226c92
008, LOC_CIVILIZATION_INDIA_NAME, UNIT_SCOUT (262146), 72, 60, 72, 61, 16656, f512e490
008, LOC_CIVILIZATION_BABYLON_STK_NAME, UNIT_BABYLONIAN_SABUM_KIBITTUM (196608), 82, 46, 82, 47, 16656, 1127adcb
008, LOC_CIVILIZATION_BABYLON_STK_NAME, UNIT_BABYLONIAN_SABUM_KIBITTUM (196608), 82, 47, 82, 48, 16400, fabc2cc4
008, LOC_CIVILIZATION_BABYLON_STK_NAME, UNIT_BABYLONIAN_SABUM_KIBITTUM (196608), 82, 48, 81, 49, 16400, 7235f61c
008, LOC_CIVILIZATION_NUBIA_NAME, UNIT_SCOUT (393220), 54, 19, 55, 20, 16656, 393ddc90
008, LOC_CIVILIZATION_NUBIA_NAME, UNIT_SCOUT (393220), 55, 20, 55, 19, 16400, adb0e172
008, LOC_CIVILIZATION_NUBIA_NAME, UNIT_VAMPIRE (196608), 56, 10, 56, 11, 16656, 6942a059
008, LOC_CIVILIZATION_NUBIA_NAME, UNIT_VAMPIRE (196608), 56, 11, 57, 11, 16400, bcf39186
008, LOC_CIVILIZATION_MALI_NAME, UNIT_SCOUT (196608), 83, 39, -9999, -9999, 2325, ffffffff
008, LOC_CIVILIZATION_MALI_NAME, UNIT_WARRIOR (131073), 76, 29, -9999, -9999, 2325, ffffffff
008, LOC_CIVILIZATION_EGYPT_NAME, UNIT_SCOUT (327683), 39, 69, 37, 69, 16656, ac4c8555
008, LOC_CIVILIZATION_INDIA_NAME, UNIT_SCOUT (196608), 66, 71, -9999, -9999, 2325, ffffffff
008, LOC_CIVILIZATION_INDIA_NAME, UNIT_WARRIOR (131073), 63, 68, -9999, -9999, 2325, ffffffff
008, LOC_CIVILIZATION_INDIA_NAME, UNIT_SCOUT (262146), 72, 61, -9999, -9999, 2325, ffffffff
008, LOC_CIVILIZATION_EGYPT_NAME, UNIT_BUILDER (196608), 44, 76, 45, 75, 16656, 198082e8
008, LOC_CIVILIZATION_NUBIA_NAME, UNIT_SETTLER (458757), 52, 17, 52, 15, 16656, 4ccf7c9c
008, LOC_CIVILIZATION_NUBIA_NAME, UNIT_WARRIOR (131073), 43, 18, 42, 18, 16656, b3b2a574
008, LOC_CIVILIZATION_NUBIA_NAME, UNIT_WARRIOR (131073), 42, 18, 41, 18, 16400, 8581c5f2
008, LOC_CIVILIZATION_NUBIA_NAME, UNIT_SCOUT (262146), 47, 12, 47, 10, 16656, 2b729d13
008, LOC_CIVILIZATION_NUBIA_NAME, UNIT_SCOUT (262146), 47, 10, 46, 9, 16400, 539056d8
008, LOC_CIVILIZATION_EGYPT_NAME, UNIT_VAMPIRE (262146), 37, 78, 36, 77, 16656, ad31680f
008, LOC_CIVILIZATION_EGYPT_NAME, UNIT_WARRIOR (131073), 33, 81, 32, 81, 16656, 1f573ddc
008, LOC_CIVILIZATION_EGYPT_NAME, UNIT_WARRIOR (131073), 32, 81, 32, 80, 16400, 6cb7891c
008, LOC_CIVILIZATION_EGYPT_NAME, UNIT_BUILDER (196608), 44, 75, 45, 75, 16400, 64582bf6
008, LOC_CIVILIZATION_EGYPT_NAME, UNIT_SCOUT (327683), 38, 69, 37, 69, 16400, 7c899cd9
008, LOC_CIVILIZATION_BABYLON_STK_NAME, UNIT_WARRIOR (131073), 72, 57, 73, 58, 16656, 59ca20f3
009, LOC_CIVILIZATION_MACEDON_NAME, UNIT_WARRIOR (131073), 23, 71, -9999, -9999, 2325, ffffffff
009, LOC_CIVILIZATION_MACEDON_NAME, UNIT_SCOUT (589826), 23, 72, -9999, -9999, 2325, ffffffff
009, LOC_CIVILIZATION_MACEDON_NAME, UNIT_BUILDER (327680), 22, 71, -9999, -9999, 2325, ffffffff
009, LOC_CIVILIZATION_MACEDON_NAME, UNIT_SCOUT (262147), 20, 53, -9999, -9999, 2325, ffffffff
009, LOC_CIVILIZATION_MACEDON_NAME, UNIT_WARRIOR (131073), 23, 71, -9999, -9999, 2325, ffffffff
009, LOC_CIVILIZATION_MACEDON_NAME, UNIT_BUILDER (393220), 24, 72, -9999, -9999, 2325, ffffffff
009, LOC_CIVILIZATION_MACEDON_NAME, UNIT_SCOUT (524294), 21, 70, -9999, -9999, 2325, ffffffff
009, LOC_CIVILIZATION_MACEDON_NAME, UNIT_WARRIOR (131073), 23, 71, 26, 70, 276, 9a89e145
009, LOC_CIVILIZATION_MACEDON_NAME, UNIT_WARRIOR (131073), 23, 71, 25, 71, 37121, a608548a
009, LOC_CIVILIZATION_MACEDON_NAME, UNIT_BUILDER (327680), 22, 71, 23, 71, 4362, 34b4f3f1
009, LOC_CIVILIZATION_MACEDON_NAME, UNIT_BUILDER (393220), 24, 72, 22, 71, 4362, 2311671b
009, LOC_CIVILIZATION_MACEDON_NAME, UNIT_SCOUT (262147), 20, 53, 23, 9, 256, 54b076d0
009, LOC_CIVILIZATION_MACEDON_NAME, UNIT_SCOUT (262147), 20, 51, 20, 50, 0,   8e1c19
009, LOC_CIVILIZATION_MACEDON_NAME, UNIT_SCOUT (524294), 21, 70, 25, 64, 256, e2faff5c
009, LOC_CIVILIZATION_MACEDON_NAME, UNIT_SCOUT (589826), 23, 72, -9999, -9999, 2368, ffffffff
009, LOC_CIVILIZATION_MACEDON_NAME, UNIT_SCOUT (589826), 23, 72, 21, 74, 320, 8d4d05ed
009, LOC_CIVILIZATION_MACEDON_NAME, UNIT_SCOUT (589826), 21, 73, 21, 74, 64, 46396532
009, LOC_CIVILIZATION_BRAZIL_NAME, UNIT_WARRIOR (131073), 9, 57, -9999, -9999, 2325, ffffffff
009, LOC_CIVILIZATION_BRAZIL_NAME, UNIT_SCOUT (524290), 15, 61, -9999, -9999, 2325, ffffffff
009, LOC_CIVILIZATION_BRAZIL_NAME, UNIT_SCOUT (589824), 7, 55, -9999, -9999, 2325, ffffffff
009, LOC_CIVILIZATION_BRAZIL_NAME, UNIT_WARRIOR (131073), 9, 57, -9999, -9999, 2325, ffffffff
009, LOC_CIVILIZATION_BRAZIL_NAME, UNIT_SCOUT (262147), 17, 42, -9999, -9999, 2325, ffffffff
009, LOC_CIVILIZATION_BRAZIL_NAME, UNIT_SCOUT (458757), 10, 52, -9999, -9999, 2325, ffffffff
009, LOC_CIVILIZATION_BRAZIL_NAME, UNIT_WARRIOR (131073), 9, 57, 13, 58, 276, dd958bfe
009, LOC_CIVILIZATION_BRAZIL_NAME, UNIT_WARRIOR (131073), 9, 57, 13, 58, 37121, dd958bfe
009, LOC_CIVILIZATION_BRAZIL_NAME, UNIT_SCOUT (262147), 17, 42, 23, 9, 256, af905ba4
009, LOC_CIVILIZATION_BRAZIL_NAME, UNIT_SCOUT (524290), 15, 61, 21, 59, 256, b3fb4fd8
009, LOC_CIVILIZATION_BRAZIL_NAME, UNIT_SCOUT (589824), 7, 55, -9999, -9999, 2368, ffffffff
009, LOC_CIVILIZATION_BRAZIL_NAME, UNIT_SCOUT (458757), 10, 52, -9999, -9999, 2368, ffffffff
009, LOC_CIVILIZATION_BRAZIL_NAME, UNIT_SCOUT (589824), 7, 55, 6, 53, 320, 30fba028
009, LOC_CIVILIZATION_BRAZIL_NAME, UNIT_SCOUT (458757), 10, 52, 10, 50, 320, c5a2f9ac
009, LOC_CIVILIZATION_BRAZIL_NAME, UNIT_SCOUT (589824), 6, 53, -9999, -9999, 2112, ffffffff
009, LOC_CIVILIZATION_BRAZIL_NAME, UNIT_SCOUT (458757), 10, 50, -9999, -9999, 2112, ffffffff
009, LOC_CIVILIZATION_BRAZIL_NAME, UNIT_SCOUT (589824), 6, 53, 6, 52, 64, 4403f1c0
009, LOC_CIVILIZATION_BRAZIL_NAME, UNIT_SCOUT (458757), 10, 50, 9, 49, 64, c8795ba0
009, LOC_CIVILIZATION_GERMANY_NAME, UNIT_BUILDER (327680), 16, 49, -9999, -9999, 2325, ffffffff
009, LOC_CIVILIZATION_GERMANY_NAME, UNIT_WARRIOR (131073), 9, 39, -9999, -9999, 2325, ffffffff
009, LOC_CIVILIZATION_GERMANY_NAME, UNIT_SCOUT (262147), 15, 33, -9999, -9999, 2325, ffffffff
009, LOC_CIVILIZATION_GERMANY_NAME, UNIT_SCOUT (589826), 11, 43, -9999, -9999, 2325, ffffffff
009, LOC_CIVILIZATION_GERMANY_NAME, UNIT_SCOUT (393220), 18, 40, -9999, -9999, 2325, ffffffff
009, LOC_CIVILIZATION_GERMANY_NAME, UNIT_SETTLER (458757), 10, 39, -9999, -9999, 2325, ffffffff
009, LOC_CIVILIZATION_GERMANY_NAME, UNIT_SCOUT (524294), 10, 39, -9999, -9999, 2325, ffffffff
009, LOC_CIVILIZATION_GERMANY_NAME, UNIT_SETTLER (458757), 10, 39, 11, 43, 276, b179b443
009, LOC_CIVILIZATION_GERMANY_NAME, UNIT_WARRIOR (131073), 9, 39, 10, 39, 256, ffffffff
009, LOC_CIVILIZATION_GERMANY_NAME, UNIT_SETTLER (458757), 10, 39, 9, 39, 256, 2a435c32
009, LOC_CIVILIZATION_GERMANY_NAME, UNIT_WARRIOR (131073), 9, 39, 10, 39, 0, ffffffff
009, LOC_CIVILIZATION_GERMANY_NAME, UNIT_WARRIOR (131073), 9, 39, 12, 42, 36865, adda0bdf
009, LOC_CIVILIZATION_GERMANY_NAME, UNIT_WARRIOR (131073), 10, 40, 12, 42, 36865,  15bf4ce
009, LOC_CIVILIZATION_GERMANY_NAME, UNIT_BUILDER (327680), 16, 49, 10, 38, 4352, e61bfd6c
009, LOC_CIVILIZATION_GERMANY_NAME, UNIT_BUILDER (327680), 16, 49, 10, 38, 4362, e61bfd6c
009, LOC_CIVILIZATION_GERMANY_NAME, UNIT_BUILDER (327680), 16, 47, 15, 44, 4106, b11017eb
009, LOC_CIVILIZATION_GERMANY_NAME, UNIT_BUILDER (327680), 16, 46, 15, 44, 4106, 9ad31f48
009, LOC_CIVILIZATION_GERMANY_NAME, UNIT_SCOUT (262147), 15, 33, 23, 9, 256, a2e639a5
009, LOC_CIVILIZATION_GERMANY_NAME, UNIT_SCOUT (262147), 15, 32, 14, 31, 0, b030b61e
009, LOC_CIVILIZATION_GERMANY_NAME, UNIT_SCOUT (393220), 18, 40, 15, 37, 256, 3e8327f5
009, LOC_CIVILIZATION_GERMANY_NAME, UNIT_SCOUT (589826), 11, 43, 17, 50, 256, fd5823f2
009, LOC_CIVILIZATION_GERMANY_NAME, UNIT_SCOUT (524294), 10, 39, -9999, -9999, 2368, ffffffff
009, LOC_CIVILIZATION_GERMANY_NAME, UNIT_SCOUT (524294), 10, 39, 8, 38, 320, 4ee20a78
009, LOC_CIVILIZATION_GERMANY_NAME, UNIT_WARRIOR (131073), 10, 40, 12, 42, 36865,  15bf4ce
009, LOC_CIVILIZATION_VIETNAM_NAME, UNIT_WARRIOR (131073), 20, 22, -9999, -9999, 2325, ffffffff
009, LOC_CIVILIZATION_VIETNAM_NAME, UNIT_SETTLER (655362), 21, 22, -9999, -9999, 2325, ffffffff
009, LOC_CIVILIZATION_VIETNAM_NAME, UNIT_SCOUT (262147), 22, 30, -9999, -9999, 2325, ffffffff
009, LOC_CIVILIZATION_VIETNAM_NAME, UNIT_BUILDER (327680), 27, 13, -9999, -9999, 2325, ffffffff
009, LOC_CIVILIZATION_VIETNAM_NAME, UNIT_SCOUT (458757), 22, 9, -9999, -9999, 2325, ffffffff
009, LOC_CIVILIZATION_VIETNAM_NAME, UNIT_SCOUT (589831), 19, 13, -9999, -9999, 2325, ffffffff
009, LOC_CIVILIZATION_VIETNAM_NAME, UNIT_SCOUT (720904), 21, 22, -9999, -9999, 2325, ffffffff
009, LOC_CIVILIZATION_VIETNAM_NAME, UNIT_BUILDER (786441), 23, 15, -9999, -9999, 2325, ffffffff
009, LOC_CIVILIZATION_VIETNAM_NAME, UNIT_BUILDER (393220), 20, 18, -9999, -9999, 2325, ffffffff
009, LOC_CIVILIZATION_VIETNAM_NAME, UNIT_SETTLER (655362), 21, 22, 23, 15, 276, 653ee537
009, LOC_CIVILIZATION_VIETNAM_NAME, UNIT_WARRIOR (131073), 20, 22, 21, 22, 256, ffffffff
009, LOC_CIVILIZATION_VIETNAM_NAME, UNIT_SETTLER (655362), 21, 22, 20, 22, 256, ccfcecbb
009, LOC_CIVILIZATION_VIETNAM_NAME, UNIT_WARRIOR (131073), 20, 22, 21, 22, 0, ffffffff
009, LOC_CIVILIZATION_VIETNAM_NAME, UNIT_WARRIOR (131073), 20, 22, 23, 16, 36865, a0ca6bcd
009, LOC_CIVILIZATION_VIETNAM_NAME, UNIT_WARRIOR (131073), 20, 22, 23, 16, 36865, a0ca6bcd
009, LOC_CIVILIZATION_VIETNAM_NAME, UNIT_BUILDER (786441), 23, 15, 21, 15, 4362, e04e0161
009, LOC_CIVILIZATION_VIETNAM_NAME, UNIT_BUILDER (393220), 20, 18, 20, 19, 4362, 40e1df69
009, LOC_CIVILIZATION_VIETNAM_NAME, UNIT_BUILDER (327680), 27, 13, 21, 21, 4352, 8e5f97f4
009, LOC_CIVILIZATION_VIETNAM_NAME, UNIT_BUILDER (327680), 27, 13, 21, 21, 4362, 8e5f97f4
009, LOC_CIVILIZATION_VIETNAM_NAME, UNIT_BUILDER (327680), 27, 15, 26, 17, 4106, 88ee356c
009, LOC_CIVILIZATION_VIETNAM_NAME, UNIT_SCOUT (458757), 22, 9, 23, 9, 256, 3e221f7c
009, LOC_CIVILIZATION_VIETNAM_NAME, UNIT_SCOUT (458757), 23, 9, 27, 11, 0,  5d3cf71
009, LOC_CIVILIZATION_VIETNAM_NAME, UNIT_SCOUT (458757), 23, 9, 33, 13, 0, 93bb5a3d
009, LOC_CIVILIZATION_VIETNAM_NAME, UNIT_SCOUT (262147), 22, 30, 17, 33, 256, 6cf0e052
009, LOC_CIVILIZATION_VIETNAM_NAME, UNIT_SCOUT (262147), 21, 29, 15, 37, 0,  a391822
009, LOC_CIVILIZATION_VIETNAM_NAME, UNIT_SCOUT (262147), 21, 29, 17, 50, 0, a0753694
009, LOC_CIVILIZATION_VIETNAM_NAME, UNIT_SCOUT (262147), 22, 30, 23, 30, 0, 744c4cd3
009, LOC_CIVILIZATION_VIETNAM_NAME, UNIT_SCOUT (589831), 19, 13, -9999, -9999, 2368, ffffffff
009, LOC_CIVILIZATION_VIETNAM_NAME, UNIT_SCOUT (720904), 21, 22, -9999, -9999, 2368, ffffffff
009, LOC_CIVILIZATION_VIETNAM_NAME, UNIT_SCOUT (589831), 19, 13, 18, 12, 320,  cc1daf2
009, LOC_CIVILIZATION_VIETNAM_NAME, UNIT_SCOUT (720904), 21, 22, 19, 24, 320, 2f5a148b
009, LOC_CIVILIZATION_VIETNAM_NAME, UNIT_SCOUT (720904), 20, 23, 19, 24, 64,  6593cf9
009, LOC_CIVILIZATION_VIETNAM_NAME, UNIT_SCOUT (589831), 18, 12, -9999, -9999, 2112, ffffffff
009, LOC_CIVILIZATION_VIETNAM_NAME, UNIT_SCOUT (589831), 18, 12, 17, 13, 64, c0f7d2e5
009, LOC_CIVILIZATION_VIETNAM_NAME, UNIT_WARRIOR (131073), 20, 22, 23, 16, 36865, a0ca6bcd
009, LOC_CIVILIZATION_VIETNAM_NAME, UNIT_SCOUT (458757), 23, 9, 33, 13, 0, 8f8be05c
009, LOC_CIVILIZATION_ROME_NAME, UNIT_BUILDER (327680), 36, 10, -9999, -9999, 2325, ffffffff
009, LOC_CIVILIZATION_ROME_NAME, UNIT_WARRIOR (131073), 34, 11, -9999, -9999, 2325, ffffffff
009, LOC_CIVILIZATION_ROME_NAME, UNIT_SCOUT (262147), 27, 9, -9999, -9999, 2325, ffffffff
009, LOC_CIVILIZATION_ROME_NAME, UNIT_SCOUT (458757), 40, 3, -9999, -9999, 2325, ffffffff
009, LOC_CIVILIZATION_ROME_NAME, UNIT_BUILDER (393220), 35, 9, -9999, -9999, 2325, ffffffff
009, LOC_CIVILIZATION_ROME_NAME, UNIT_WARRIOR (131073), 34, 11, -9999, -9999, 2325, ffffffff
009, LOC_CIVILIZATION_ROME_NAME, UNIT_SCOUT (589831), 34, 13, -9999, -9999, 2325, ffffffff
009, LOC_CIVILIZATION_ROME_NAME, UNIT_BUILDER (655368), 38, 8, -9999, -9999, 2325, ffffffff
009, LOC_CIVILIZATION_ROME_NAME, UNIT_WARRIOR (131073), 34, 11, 31, 9, 276,  77d0a07
009, LOC_CIVILIZATION_ROME_NAME, UNIT_WARRIOR (131073), 34, 11, 31, 9, 37121,  77d0a07
009, LOC_CIVILIZATION_ROME_NAME, UNIT_WARRIOR (131073), 33, 11, 31, 9, 36865, b207da7a
009, LOC_CIVILIZATION_ROME_NAME, UNIT_BUILDER (327680), 36, 10, 35, 11, 4362, 525c6503
009, LOC_CIVILIZATION_ROME_NAME, UNIT_SCOUT (262147), 27, 9, 27, 11, 256, d7d0ee59
009, LOC_CIVILIZATION_ROME_NAME, UNIT_SCOUT (589831), 34, 13, 33, 13, 256, ac0a4878
009, LOC_CIVILIZATION_ROME_NAME, UNIT_SCOUT (262147), 27, 10, 17, 33, 0,  f16f641
009, LOC_CIVILIZATION_ROME_NAME, UNIT_SCOUT (458757), 40, 3, -9999, -9999, 2368, ffffffff
009, LOC_CIVILIZATION_ROME_NAME, UNIT_SCOUT (458757), 40, 3, 40, 6, 256, ff961971
009, LOC_CIVILIZATION_ROME_NAME, UNIT_SCOUT (458757), 40, 3, 40, 6, 320, ff961971
009, LOC_CIVILIZATION_ROME_NAME, UNIT_SCOUT (458757), 39, 3, 38, 4, 64, d5883ac9
009, LOC_CIVILIZATION_ROME_NAME, UNIT_WARRIOR (131073), 33, 11, 31, 9, 36865, b207da7a
009, LOC_CIVILIZATION_BABYLON_NAME, UNIT_BUILDER (262144), 71, 15, -9999, -9999, 2325, ffffffff
009, LOC_CIVILIZATION_BABYLON_NAME, UNIT_WARRIOR (131073), 69, 17, -9999, -9999, 2325, ffffffff
009, LOC_CIVILIZATION_BABYLON_NAME, UNIT_WARRIOR (196610), 72, 18, -9999, -9999, 2325, ffffffff
009, LOC_CIVILIZATION_BABYLON_NAME, UNIT_WARRIOR (131073), 69, 17, 70, 18, 256, c422c373
009, LOC_CIVILIZATION_BABYLON_NAME, UNIT_WARRIOR (196610), 72, 18, 71, 18, 256, d1cf48f3
009, LOC_CIVILIZATION_JERUSALEM_NAME, UNIT_WARRIOR (131073), 22, 55, -9999, -9999, 2325, ffffffff
009, LOC_CIVILIZATION_JERUSALEM_NAME, UNIT_WARRIOR (196610), 21, 57, -9999, -9999, 2325, ffffffff
009, LOC_CIVILIZATION_JERUSALEM_NAME, UNIT_BUILDER (262144), 21, 55, -9999, -9999, 2325, ffffffff
009, LOC_CIVILIZATION_JERUSALEM_NAME, UNIT_WARRIOR (131073), 22, 55, 21, 54, 256, f8fe2568
009, LOC_CIVILIZATION_JERUSALEM_NAME, UNIT_WARRIOR (196610), 21, 57, 19, 57, 256, d98deccd
009, LOC_CIVILIZATION_HATTUSA_NAME, UNIT_WARRIOR (131073), 67, 74, -9999, -9999, 2325, ffffffff
009, LOC_CIVILIZATION_HATTUSA_NAME, UNIT_BUILDER (262144), 65, 71, -9999, -9999, 2325, ffffffff
009, LOC_CIVILIZATION_HATTUSA_NAME, UNIT_WARRIOR (196610), 66, 72, -9999, -9999, 2325, ffffffff
009, LOC_CIVILIZATION_HATTUSA_NAME, UNIT_WARRIOR (131073), 67, 74, 65, 75, 256, c4a6513b
009, LOC_CIVILIZATION_HATTUSA_NAME, UNIT_WARRIOR (131073), 66, 75, 65, 75, 0, 38e51e32
009, LOC_CIVILIZATION_HATTUSA_NAME, UNIT_WARRIOR (196610), 66, 72, 66, 73, 256, d08feb19
009, LOC_CIVILIZATION_JOHANNESBURG_NAME, UNIT_BUILDER (262144), 58, 2, -9999, -9999, 2325, ffffffff
009, LOC_CIVILIZATION_JOHANNESBURG_NAME, UNIT_WARRIOR (196610), 58, 4, -9999, -9999, 2325, ffffffff
009, LOC_CIVILIZATION_JOHANNESBURG_NAME, UNIT_WARRIOR (131073), 57, 7, -9999, -9999, 2325, ffffffff
009, LOC_CIVILIZATION_JOHANNESBURG_NAME, UNIT_WARRIOR (131073), 57, 7, 59, 6, 256, ecb95699
009, LOC_CIVILIZATION_JOHANNESBURG_NAME, UNIT_WARRIOR (196610), 58, 4, 57, 5, 256, ab6824b2
009, LOC_CIVILIZATION_LISBON_NAME, UNIT_BUILDER (262144), 1, 27, -9999, -9999, 2325, ffffffff
009, LOC_CIVILIZATION_LISBON_NAME, UNIT_WARRIOR (131073), 1, 27, -9999, -9999, 2325, ffffffff
009, LOC_CIVILIZATION_LISBON_NAME, UNIT_WARRIOR (196610), 2, 29, -9999, -9999, 2325, ffffffff
009, LOC_CIVILIZATION_LISBON_NAME, UNIT_WARRIOR (131073), 1, 27, 1, 28, 256, 33e94e17
009, LOC_CIVILIZATION_LISBON_NAME, UNIT_WARRIOR (196610), 2, 29, 3, 28, 256, 35234102
009, LOC_CIVILIZATION_VATICAN_CITY_NAME, UNIT_BUILDER (262144), 61, 24, -9999, -9999, 2325, ffffffff
009, LOC_CIVILIZATION_VATICAN_CITY_NAME, UNIT_WARRIOR (131073), 64, 26, -9999, -9999, 2325, ffffffff
009, LOC_CIVILIZATION_VATICAN_CITY_NAME, UNIT_WARRIOR (196610), 58, 23, -9999, -9999, 2325, ffffffff
009, LOC_CIVILIZATION_VATICAN_CITY_NAME, UNIT_WARRIOR (131073), 64, 26, 63, 27, 256, 841831f9
009, LOC_CIVILIZATION_VATICAN_CITY_NAME, UNIT_WARRIOR (196610), 58, 23, 58, 22, 256, c14a12f6
009, LOC_CIVILIZATION_VILNIUS_NAME, UNIT_WARRIOR (196610), 10, 20, -9999, -9999, 2325, ffffffff
009, LOC_CIVILIZATION_VILNIUS_NAME, UNIT_BUILDER (262144), 9, 23, -9999, -9999, 2325, ffffffff
009, LOC_CIVILIZATION_VILNIUS_NAME, UNIT_WARRIOR (131073), 10, 25, -9999, -9999, 2325, ffffffff
009, LOC_CIVILIZATION_VILNIUS_NAME, UNIT_WARRIOR (131073), 10, 25, 10, 23, 256, 21979e22
009, LOC_CIVILIZATION_VILNIUS_NAME, UNIT_WARRIOR (196610), 10, 20, 10, 21, 256, 19159847
009, LOC_CIVILIZATION_YEREVAN_NAME, UNIT_WARRIOR (131073), 57, 75, -9999, -9999, 2325, ffffffff
009, LOC_CIVILIZATION_YEREVAN_NAME, UNIT_WARRIOR (196610), 59, 78, -9999, -9999, 2325, ffffffff
009, LOC_CIVILIZATION_YEREVAN_NAME, UNIT_BUILDER (262144), 59, 75, -9999, -9999, 2325, ffffffff
009, LOC_CIVILIZATION_YEREVAN_NAME, UNIT_WARRIOR (131073), 57, 75, 58, 74, 256, bebd67cc
009, LOC_CIVILIZATION_YEREVAN_NAME, UNIT_WARRIOR (196610), 59, 78, 58, 79, 256, 390ecab1
009, LOC_CIVILIZATION_BUENOS_AIRES_NAME, UNIT_WARRIOR (196610), 32, 72, -9999, -9999, 2325, ffffffff
009, LOC_CIVILIZATION_BUENOS_AIRES_NAME, UNIT_WARRIOR (131073), 35, 75, -9999, -9999, 2325, ffffffff
009, LOC_CIVILIZATION_BUENOS_AIRES_NAME, UNIT_BUILDER (262144), 34, 74, -9999, -9999, 2325, ffffffff
009, LOC_CIVILIZATION_BUENOS_AIRES_NAME, UNIT_BUILDER (262144), 34, 74, 35, 75, 4362, 5448404a
009, LOC_CIVILIZATION_BUENOS_AIRES_NAME, UNIT_WARRIOR (131073), 35, 75, 34, 77, 256, b50dc95b
009, LOC_CIVILIZATION_BUENOS_AIRES_NAME, UNIT_WARRIOR (196610), 32, 72, 33, 72, 256, d498a06c
009, LOC_CIVILIZATION_FEZ_NAME, UNIT_WARRIOR (131073), 12, 67, -9999, -9999, 2325, ffffffff
009, LOC_CIVILIZATION_FEZ_NAME, UNIT_BUILDER (262144), 15, 69, -9999, -9999, 2325, ffffffff
009, LOC_CIVILIZATION_FEZ_NAME, UNIT_WARRIOR (196610), 17, 65, -9999, -9999, 2325, ffffffff
009, LOC_CIVILIZATION_FEZ_NAME, UNIT_WARRIOR (131073), 12, 67, 12, 68, 256, c839dedd
009, LOC_CIVILIZATION_FEZ_NAME, UNIT_WARRIOR (196610), 17, 65, 18, 67, 256, 6c4d25df
009, LOC_CIVILIZATION_FEZ_NAME, UNIT_WARRIOR (196610), 18, 66, 18, 67, 0, 15d0dc91
009, LOC_CIVILIZATION_KUMASI_NAME, UNIT_WARRIOR (131073), 66, 27, -9999, -9999, 2325, ffffffff
009, LOC_CIVILIZATION_KUMASI_NAME, UNIT_WARRIOR (196610), 68, 25, -9999, -9999, 2325, ffffffff
009, LOC_CIVILIZATION_KUMASI_NAME, UNIT_BUILDER (262144), 67, 27, -9999, -9999, 2325, ffffffff
009, LOC_CIVILIZATION_KUMASI_NAME, UNIT_BUILDER (262144), 67, 27, 69, 27, 4362, 17f58169
009, LOC_CIVILIZATION_KUMASI_NAME, UNIT_WARRIOR (131073), 66, 27, 68, 27, 256, 3e29a37a
009, LOC_CIVILIZATION_KUMASI_NAME, UNIT_WARRIOR (196610), 68, 25, 68, 24, 256, 57f90a05
009, LOC_CIVILIZATION_PRESLAV_NAME, UNIT_BUILDER (262144), 65, 68, -9999, -9999, 2325, ffffffff
009, LOC_CIVILIZATION_PRESLAV_NAME, UNIT_WARRIOR (196610), 67, 73, -9999, -9999, 2325, ffffffff
009, LOC_CIVILIZATION_PRESLAV_NAME, UNIT_WARRIOR (131073), 65, 73, -9999, -9999, 2325, ffffffff
009, LOC_CIVILIZATION_PRESLAV_NAME, UNIT_WARRIOR (131073), 65, 73, 64, 73, 256, 990472cb
009, LOC_CIVILIZATION_PRESLAV_NAME, UNIT_WARRIOR (196610), 67, 73, 68, 73, 256, b747b4ba
009, LOC_CIVILIZATION_EGYPT_NAME, UNIT_VAMPIRE (262146), 36, 77, -9999, -9999, 2325, ffffffff
009, LOC_CIVILIZATION_EGYPT_NAME, UNIT_WARRIOR (131073), 32, 80, -9999, -9999, 2325, ffffffff
009, LOC_CIVILIZATION_EGYPT_NAME, UNIT_BUILDER (196608), 44, 75, -9999, -9999, 2325, ffffffff
009, LOC_CIVILIZATION_EGYPT_NAME, UNIT_SETTLER (393220), 43, 76, -9999, -9999, 2325, ffffffff
009, LOC_CIVILIZATION_EGYPT_NAME, UNIT_SCOUT (327683), 38, 69, -9999, -9999, 2325, ffffffff
009, LOC_CIVILIZATION_BABYLON_STK_NAME, UNIT_WARRIOR (131073), 73, 58, -9999, -9999, 2325, ffffffff
009, LOC_CIVILIZATION_BABYLON_STK_NAME, UNIT_BABYLONIAN_SABUM_KIBITTUM (262146), 69, 49, -9999, -9999, 2325, ffffffff
009, LOC_CIVILIZATION_BABYLON_STK_NAME, UNIT_BABYLONIAN_SABUM_KIBITTUM (196608), 81, 49, -9999, -9999, 2325, ffffffff
009, LOC_CIVILIZATION_INDIA_NAME, UNIT_SCOUT (262146), 72, 61, -9999, -9999, 2325, ffffffff
009, LOC_CIVILIZATION_INDIA_NAME, UNIT_WARRIOR (131073), 63, 68, -9999, -9999, 2325, ffffffff
009, LOC_CIVILIZATION_INDIA_NAME, UNIT_SCOUT (196608), 66, 71, -9999, -9999, 2325, ffffffff
009, LOC_CIVILIZATION_MALI_NAME, UNIT_WARRIOR (131073), 76, 29, -9999, -9999, 2325, ffffffff
009, LOC_CIVILIZATION_MALI_NAME, UNIT_SCOUT (196608), 83, 39, -9999, -9999, 2325, ffffffff
009, LOC_CIVILIZATION_NUBIA_NAME, UNIT_WARRIOR (131073), 41, 18, -9999, -9999, 2325, ffffffff
009, LOC_CIVILIZATION_NUBIA_NAME, UNIT_VAMPIRE (196608), 57, 11, -9999, -9999, 2325, ffffffff
009, LOC_CIVILIZATION_NUBIA_NAME, UNIT_SCOUT (262146), 46, 9, -9999, -9999, 2325, ffffffff
009, LOC_CIVILIZATION_NUBIA_NAME, UNIT_SETTLER (458757), 52, 15, -9999, -9999, 2325, ffffffff
009, LOC_CIVILIZATION_NUBIA_NAME, UNIT_SCOUT (393220), 55, 19, -9999, -9999, 2325, ffffffff
009, LOC_CIVILIZATION_NUBIA_NAME, UNIT_BUILDER (327683), 52, 19, -9999, -9999, 2325, ffffffff
009, LOC_CIVILIZATION_MALI_NAME, UNIT_WARRIOR (131073), 76, 29, 75, 27, 16656, 3e1dceaa
009, LOC_CIVILIZATION_INDIA_NAME, UNIT_SCOUT (262146), 72, 61, 74, 61, 16656, 790d9a50
009, LOC_CIVILIZATION_NUBIA_NAME, UNIT_SETTLER (458757), 52, 15, 51, 14, 16656, 3a08a219
009, LOC_CIVILIZATION_EGYPT_NAME, UNIT_WARRIOR (131073), 32, 80, 30, 80, 16656, 6b8b5820
009, LOC_CIVILIZATION_MALI_NAME, UNIT_BUILDER (262146), 76, 38, 75, 39, 16656, e69faf02
009, LOC_CIVILIZATION_INDIA_NAME, UNIT_SCOUT (196608), 66, 71, 67, 72, 16656, 50e124ed
009, LOC_CIVILIZATION_MALI_NAME, UNIT_BUILDER (262146), 75, 39, 76, 37, 16400, 212057a5
009, LOC_CIVILIZATION_BABYLON_STK_NAME, UNIT_BABYLONIAN_SABUM_KIBITTUM (262146), 69, 49, 69, 50, 16656, d885e504
009, LOC_CIVILIZATION_INDIA_NAME, UNIT_WARRIOR (131073), 63, 68, 62, 69, 16656, 695298f0
009, LOC_CIVILIZATION_BABYLON_STK_NAME, UNIT_BABYLONIAN_SABUM_KIBITTUM (262146), 69, 50, 68, 51, 16400, f45e65fc
009, LOC_CIVILIZATION_BABYLON_STK_NAME, UNIT_BABYLONIAN_SABUM_KIBITTUM (262146), 68, 51, 68, 52, 16400, 48fc0360
009, LOC_CIVILIZATION_EGYPT_NAME, UNIT_SCOUT (327683), 38, 69, 37, 69, 16656, 7c899cd9
009, LOC_CIVILIZATION_NUBIA_NAME, UNIT_BUILDER (327683), 52, 19, 52, 17, 16656,  a560e4e
009, LOC_CIVILIZATION_BABYLON_STK_NAME, UNIT_BABYLONIAN_SABUM_KIBITTUM (196608), 81, 49, 81, 50, 16656, ff0f1a1d
009, LOC_CIVILIZATION_BABYLON_STK_NAME, UNIT_BABYLONIAN_SABUM_KIBITTUM (196608), 81, 50, 81, 51, 16400, 1f7e9a7b
009, LOC_CIVILIZATION_BABYLON_STK_NAME, UNIT_BABYLONIAN_SABUM_KIBITTUM (196608), 81, 51, 81, 52, 16400, 1b609b82
009, LOC_CIVILIZATION_BABYLON_STK_NAME, UNIT_WARRIOR (131073), 73, 58, 73, 57, 16656, 4ccf66fb
009, LOC_CIVILIZATION_EGYPT_NAME, UNIT_SETTLER (393220), 43, 76, 43, 73, 16656, cf904152
009, LOC_CIVILIZATION_NUBIA_NAME, UNIT_SCOUT (393220), 55, 19, 56, 20, 16656, 58a1a959
009, LOC_CIVILIZATION_NUBIA_NAME, UNIT_SCOUT (393220), 56, 20, 56, 21, 16400, 84dffc6d
009, LOC_CIVILIZATION_NUBIA_NAME, UNIT_SCOUT (393220), 56, 21, 57, 21, 16400, 516ecdb2
009, LOC_CIVILIZATION_EGYPT_NAME, UNIT_VAMPIRE (262146), 36, 77, 35, 76, 16656, c1bba290
009, LOC_CIVILIZATION_NUBIA_NAME, UNIT_VAMPIRE (196608), 57, 11, 58, 11, 16656, 8ac0f100
009, LOC_CIVILIZATION_NUBIA_NAME, UNIT_SCOUT (262146), 46, 9, 46, 8, 16656,  b5db1db
009, LOC_CIVILIZATION_NUBIA_NAME, UNIT_SCOUT (262146), 46, 8, 45, 8, 16400, 9cc98779
009, LOC_CIVILIZATION_NUBIA_NAME, UNIT_SCOUT (262146), 45, 8, 44, 9, 16400, 898afbac
009, LOC_CIVILIZATION_NUBIA_NAME, UNIT_WARRIOR (131073), 41, 18, 40, 17, 16656, dd0a182c
009, LOC_CIVILIZATION_NUBIA_NAME, UNIT_WARRIOR (131073), 40, 17, 40, 16, 16400, 85c7ff2f
009, LOC_CIVILIZATION_EGYPT_NAME, UNIT_BUILDER (458757), 43, 77, 43, 78, 16656, 39772cfd
009, LOC_CIVILIZATION_EGYPT_NAME, UNIT_BUILDER (196608), 44, 75, 45, 75, 16656, 64582bf6
009, LOC_CIVILIZATION_INDIA_NAME, UNIT_SCOUT (262146), 74, 61, -9999, -9999, 2325, ffffffff
009, LOC_CIVILIZATION_INDIA_NAME, UNIT_WARRIOR (131073), 62, 69, -9999, -9999, 2325, ffffffff
009, LOC_CIVILIZATION_INDIA_NAME, UNIT_SCOUT (196608), 67, 72, -9999, -9999, 2325, ffffffff
009, LOC_CIVILIZATION_MALI_NAME, UNIT_SCOUT (196608), 83, 39, 82, 36, 16640, f860a24e
009, LOC_CIVILIZATION_MALI_NAME, UNIT_SCOUT (196608), 83, 38, 82, 36, 16384, 48d81dff
009, LOC_CIVILIZATION_EGYPT_NAME, UNIT_BUILDER (196608), 45, 75, -9999, -9999, 2325, ffffffff
009, LOC_CIVILIZATION_EGYPT_NAME, UNIT_VAMPIRE (262146), 35, 76, -9999, -9999, 2325, ffffffff
009, LOC_CIVILIZATION_EGYPT_NAME, UNIT_WARRIOR (131073), 30, 80, -9999, -9999, 2325, ffffffff
009, LOC_CIVILIZATION_EGYPT_NAME, UNIT_SCOUT (327683), 37, 69, -9999, -9999, 2325, ffffffff
009, LOC_CIVILIZATION_EGYPT_NAME, UNIT_SETTLER (393220), 44, 74, -9999, -9999, 2325, ffffffff
009, LOC_CIVILIZATION_EGYPT_NAME, UNIT_BUILDER (458757), 43, 78, -9999, -9999, 2325, ffffffff
009, LOC_CIVILIZATION_MALI_NAME, UNIT_SCOUT (196608), 82, 36, -9999, -9999, 2325, ffffffff
009, LOC_CIVILIZATION_MALI_NAME, UNIT_WARRIOR (131073), 75, 27, -9999, -9999, 2325, ffffffff
009, LOC_CIVILIZATION_MALI_NAME, UNIT_BUILDER (262146), 76, 37, -9999, -9999, 2325, ffffffff
010, LOC_CIVILIZATION_MACEDON_NAME, UNIT_WARRIOR (131073), 24, 71, -9999, -9999, 2325, ffffffff
010, LOC_CIVILIZATION_MACEDON_NAME, UNIT_SCOUT (589826), 21, 74, -9999, -9999, 2325, ffffffff
010, LOC_CIVILIZATION_MACEDON_NAME, UNIT_BUILDER (327680), 23, 71, -9999, -9999, 2325, ffffffff
010, LOC_CIVILIZATION_MACEDON_NAME, UNIT_SCOUT (262147), 20, 50, -9999, -9999, 2325, ffffffff
010, LOC_CIVILIZATION_MACEDON_NAME, UNIT_WARRIOR (131073), 24, 71, -9999, -9999, 2325, ffffffff
010, LOC_CIVILIZATION_MACEDON_NAME, UNIT_SCOUT (524294), 23, 69, -9999, -9999, 2325, ffffffff
010, LOC_CIVILIZATION_MACEDON_NAME, UNIT_VAMPIRE (655367), 26, 70, -9999, -9999, 2325, ffffffff
010, LOC_CIVILIZATION_MACEDON_NAME, UNIT_BUILDER (393220), 22, 71, -9999, -9999, 2325, ffffffff
010, LOC_CIVILIZATION_MACEDON_NAME, UNIT_WARRIOR (131073), 24, 71, 26, 70, 276, aa9dfd8c
010, LOC_CIVILIZATION_MACEDON_NAME, UNIT_WARRIOR (131073), 24, 71, 25, 71, 37121, c1e196f0
010, LOC_CIVILIZATION_MACEDON_NAME, UNIT_VAMPIRE (655367), 26, 70, 26, 71, 256, fc7c68d9
010, LOC_CIVILIZATION_MACEDON_NAME, UNIT_SCOUT (262147), 20, 50, 27, 11, 256, 96a5d02b
010, LOC_CIVILIZATION_MACEDON_NAME, UNIT_SCOUT (262147), 18, 49, 18, 48, 0, 9c7489cb
010, LOC_CIVILIZATION_MACEDON_NAME, UNIT_SCOUT (524294), 23, 69, 25, 64, 256, c0e39534
010, LOC_CIVILIZATION_MACEDON_NAME, UNIT_SCOUT (524294), 24, 67, 24, 67, 0, 90424355
010, LOC_CIVILIZATION_MACEDON_NAME, UNIT_SCOUT (524294), 24, 67, 25, 64, 0, 8ea478a2
010, LOC_CIVILIZATION_MACEDON_NAME, UNIT_SCOUT (589826), 21, 74, -9999, -9999, 2368, ffffffff
010, LOC_CIVILIZATION_MACEDON_NAME, UNIT_SCOUT (589826), 21, 74, 19, 73, 320, a6603c0f
010, LOC_CIVILIZATION_MACEDON_NAME, UNIT_SCOUT (589826), 20, 74, 19, 73, 64, 95532abd
010, LOC_CIVILIZATION_MACEDON_NAME, UNIT_SCOUT (589826), 19, 73, -9999, -9999, 2112, ffffffff
010, LOC_CIVILIZATION_MACEDON_NAME, UNIT_SCOUT (589826), 19, 73, 18, 73, 64, ef034159
010, LOC_CIVILIZATION_MACEDON_NAME, UNIT_SCOUT (524294), 24, 67, 25, 64, 0, 8ea478a2
010, LOC_CIVILIZATION_BRAZIL_NAME, UNIT_WARRIOR (131073), 11, 57, -9999, -9999, 2325, ffffffff
010, LOC_CIVILIZATION_BRAZIL_NAME, UNIT_SCOUT (589824), 6, 52, -9999, -9999, 2325, ffffffff
010, LOC_CIVILIZATION_BRAZIL_NAME, UNIT_SCOUT (524290), 16, 61, -9999, -9999, 2325, ffffffff
010, LOC_CIVILIZATION_BRAZIL_NAME, UNIT_WARRIOR (131073), 11, 57, -9999, -9999, 2325, ffffffff
010, LOC_CIVILIZATION_BRAZIL_NAME, UNIT_SCOUT (262147), 16, 39, -9999, -9999, 2325, ffffffff
010, LOC_CIVILIZATION_BRAZIL_NAME, UNIT_WARRIOR (655366), 13, 58, -9999, -9999, 2325, ffffffff
010, LOC_CIVILIZATION_BRAZIL_NAME, UNIT_SCOUT (458757), 9, 49, -9999, -9999, 2325, ffffffff
010, LOC_CIVILIZATION_BRAZIL_NAME, UNIT_WARRIOR (131073), 11, 57, 13, 58, 276, c80b631e
010, LOC_CIVILIZATION_BRAZIL_NAME, UNIT_WARRIOR (131073), 11, 57, 12, 57, 37121, 37826907
010, LOC_CIVILIZATION_BRAZIL_NAME, UNIT_SCOUT (262147), 16, 39, 27, 11, 256, acd49f98
010, LOC_CIVILIZATION_BRAZIL_NAME, UNIT_SCOUT (458757), 9, 49, 17, 50, 256, f0ed2f62
010, LOC_CIVILIZATION_BRAZIL_NAME, UNIT_SCOUT (458757), 10, 51, 11, 51, 0, de8fcc97
010, LOC_CIVILIZATION_BRAZIL_NAME, UNIT_SCOUT (589824), 6, 52, 7, 52, 256, 91b2c01f
010, LOC_CIVILIZATION_BRAZIL_NAME, UNIT_SCOUT (524290), 16, 61, 17, 59, 256, 7adc088e
010, LOC_CIVILIZATION_GERMANY_NAME, UNIT_WARRIOR (131073), 10, 40, -9999, -9999, 2325, ffffffff
010, LOC_CIVILIZATION_GERMANY_NAME, UNIT_SCOUT (589826), 14, 43, -9999, -9999, 2325, ffffffff
010, LOC_CIVILIZATION_GERMANY_NAME, UNIT_SCOUT (262147), 14, 31, -9999, -9999, 2325, ffffffff
010, LOC_CIVILIZATION_GERMANY_NAME, UNIT_SCOUT (393220), 16, 38, -9999, -9999, 2325, ffffffff
010, LOC_CIVILIZATION_GERMANY_NAME, UNIT_WARRIOR (131073), 10, 40, -9999, -9999, 2325, ffffffff
010, LOC_CIVILIZATION_GERMANY_NAME, UNIT_BUILDER (327680), 15, 44, -9999, -9999, 2325, ffffffff
010, LOC_CIVILIZATION_GERMANY_NAME, UNIT_WARRIOR (655367), 11, 43, -9999, -9999, 2325, ffffffff
010, LOC_CIVILIZATION_GERMANY_NAME, UNIT_SCOUT (524294), 8, 38, -9999, -9999, 2325, ffffffff
010, LOC_CIVILIZATION_GERMANY_NAME, UNIT_WARRIOR (131073), 10, 40, 11, 43, 276, 61adedcd
010, LOC_CIVILIZATION_GERMANY_NAME, UNIT_WARRIOR (131073), 10, 40, 12, 42, 37121,  15bf4ce
010, LOC_CIVILIZATION_GERMANY_NAME, UNIT_BUILDER (327680), 15, 44, 10, 38, 4362, b0965ba0
010, LOC_CIVILIZATION_GERMANY_NAME, UNIT_WARRIOR (655367), 11, 43, 10, 43, 256, c707b3c3
010, LOC_CIVILIZATION_GERMANY_NAME, UNIT_SCOUT (262147), 14, 31, 27, 11, 256, 77d28a18
010, LOC_CIVILIZATION_GERMANY_NAME, UNIT_SCOUT (262147), 15, 29, 16, 28, 0, 357daf17
010, LOC_CIVILIZATION_GERMANY_NAME, UNIT_SCOUT (589826), 14, 43, 19, 47, 256, 5b8d9c8e
010, LOC_CIVILIZATION_GERMANY_NAME, UNIT_SCOUT (589826), 15, 45, 16, 45, 0, 251d4dec
010, LOC_CIVILIZATION_GERMANY_NAME, UNIT_SCOUT (393220), 16, 38, -9999, -9999, 2368, ffffffff
010, LOC_CIVILIZATION_GERMANY_NAME, UNIT_SCOUT (524294), 8, 38, -9999, -9999, 2368, ffffffff
010, LOC_CIVILIZATION_GERMANY_NAME, UNIT_SCOUT (393220), 16, 38, 17, 36, 320, d8ebf0a2
010, LOC_CIVILIZATION_GERMANY_NAME, UNIT_SCOUT (524294), 8, 38, 6, 38, 320, f40eab1e
010, LOC_CIVILIZATION_GERMANY_NAME, UNIT_SCOUT (524294), 6, 38, -9999, -9999, 2112, ffffffff
010, LOC_CIVILIZATION_GERMANY_NAME, UNIT_SCOUT (524294), 6, 38, 5, 39, 64, 2e21c784
010, LOC_CIVILIZATION_GERMANY_NAME, UNIT_BUILDER (327680), 11, 43, 10, 38, 4106, 819a2d2a
010, LOC_CIVILIZATION_VIETNAM_NAME, UNIT_WARRIOR (131073), 20, 22, -9999, -9999, 2325, ffffffff
010, LOC_CIVILIZATION_VIETNAM_NAME, UNIT_WARRIOR (131073), 20, 22, -9999, -9999, 2325, ffffffff
010, LOC_CIVILIZATION_VIETNAM_NAME, UNIT_BUILDER (327680), 26, 17, -9999, -9999, 2325, ffffffff
010, LOC_CIVILIZATION_VIETNAM_NAME, UNIT_SCOUT (262147), 23, 30, -9999, -9999, 2325, ffffffff
010, LOC_CIVILIZATION_VIETNAM_NAME, UNIT_SCOUT (458757), 23, 9, -9999, -9999, 2325, ffffffff
010, LOC_CIVILIZATION_VIETNAM_NAME, UNIT_SCOUT (589831), 17, 13, -9999, -9999, 2325, ffffffff
010, LOC_CIVILIZATION_VIETNAM_NAME, UNIT_BUILDER (393220), 20, 19, -9999, -9999, 2325, ffffffff
010, LOC_CIVILIZATION_VIETNAM_NAME, UNIT_BUILDER (851974), 23, 15, -9999, -9999, 2325, ffffffff
010, LOC_CIVILIZATION_VIETNAM_NAME, UNIT_SCOUT (720904), 19, 24, -9999, -9999, 2325, ffffffff
010, LOC_CIVILIZATION_VIETNAM_NAME, UNIT_BUILDER (786441), 21, 15, -9999, -9999, 2325, ffffffff
010, LOC_CIVILIZATION_VIETNAM_NAME, UNIT_WARRIOR (131073), 20, 22, 23, 15, 276, 112882cc
010, LOC_CIVILIZATION_VIETNAM_NAME, UNIT_WARRIOR (131073), 20, 22, 23, 16, 37121, a0ca6bcd
010, LOC_CIVILIZATION_VIETNAM_NAME, UNIT_BUILDER (327680), 26, 17, 21, 21, 4362, 335c053f
010, LOC_CIVILIZATION_VIETNAM_NAME, UNIT_BUILDER (327680), 25, 18, 23, 20, 4106, bc64cdc3
010, LOC_CIVILIZATION_VIETNAM_NAME, UNIT_BUILDER (327680), 24, 19, 23, 20, 4106, d5916a94
010, LOC_CIVILIZATION_VIETNAM_NAME, UNIT_BUILDER (327680), 23, 19, 23, 20, 4106, d8c5769d
010, LOC_CIVILIZATION_VIETNAM_NAME, UNIT_BUILDER (851974), 23, 15, 20, 22, 4352, 425c0adf
010, LOC_CIVILIZATION_VIETNAM_NAME, UNIT_BUILDER (851974), 23, 15, 20, 22, 4362, 425c0adf
010, LOC_CIVILIZATION_VIETNAM_NAME, UNIT_SCOUT (458757), 23, 9, 27, 11, 256, 146e686e
010, LOC_CIVILIZATION_VIETNAM_NAME, UNIT_SCOUT (458757), 24, 8, 25, 8, 0, 480e7d83
010, LOC_CIVILIZATION_VIETNAM_NAME, UNIT_SCOUT (262147), 23, 30, 17, 33, 256,  600a402
010, LOC_CIVILIZATION_VIETNAM_NAME, UNIT_SCOUT (262147), 23, 31, 22, 32, 0, 59142ee0
010, LOC_CIVILIZATION_VIETNAM_NAME, UNIT_SCOUT (262147), 23, 32, 22, 32, 0, 7fef5688
010, LOC_CIVILIZATION_VIETNAM_NAME, UNIT_SCOUT (720904), 19, 24, 5, 40, 256, 975d1b51
010, LOC_CIVILIZATION_VIETNAM_NAME, UNIT_SCOUT (720904), 17, 23, 16, 23, 0, 159397f2
010, LOC_CIVILIZATION_VIETNAM_NAME, UNIT_SCOUT (589831), 17, 13, -9999, -9999, 2368, ffffffff
010, LOC_CIVILIZATION_VIETNAM_NAME, UNIT_SCOUT (589831), 17, 13, 16, 14, 320, 41ebfaad
010, LOC_CIVILIZATION_VIETNAM_NAME, UNIT_SCOUT (589831), 16, 14, -9999, -9999, 2112, ffffffff
010, LOC_CIVILIZATION_VIETNAM_NAME, UNIT_SCOUT (589831), 16, 14, 15, 15, 64, 7c31fafe
010, LOC_CIVILIZATION_VIETNAM_NAME, UNIT_BUILDER (851974), 22, 18, 20, 22, 4106,  2c862c6
010, LOC_CIVILIZATION_ROME_NAME, UNIT_WARRIOR (720896), 38, 8, -9999, -9999, 2325, ffffffff
010, LOC_CIVILIZATION_ROME_NAME, UNIT_WARRIOR (131073), 33, 11, -9999, -9999, 2325, ffffffff
010, LOC_CIVILIZATION_ROME_NAME, UNIT_SCOUT (262147), 28, 11, -9999, -9999, 2325, ffffffff
010, LOC_CIVILIZATION_ROME_NAME, UNIT_SCOUT (458757), 38, 4, -9999, -9999, 2325, ffffffff
010, LOC_CIVILIZATION_ROME_NAME, UNIT_WARRIOR (131073), 33, 11, -9999, -9999, 2325, ffffffff
010, LOC_CIVILIZATION_ROME_NAME, UNIT_SCOUT (589831), 33, 13, -9999, -9999, 2325, ffffffff
010, LOC_CIVILIZATION_ROME_NAME, UNIT_BUILDER (393220), 35, 9, -9999, -9999, 2325, ffffffff
010, LOC_CIVILIZATION_ROME_NAME, UNIT_BUILDER (655368), 38, 8, -9999, -9999, 2325, ffffffff
010, LOC_CIVILIZATION_ROME_NAME, UNIT_WARRIOR (131073), 33, 11, 31, 9, 276, 5ec6b242
010, LOC_CIVILIZATION_ROME_NAME, UNIT_WARRIOR (131073), 33, 11, 31, 9, 37121, b5f10941
010, LOC_CIVILIZATION_ROME_NAME, UNIT_BUILDER (393220), 35, 9, 36, 10, 4362, 253fd4c5
010, LOC_CIVILIZATION_ROME_NAME, UNIT_BUILDER (655368), 38, 8, 35, 9, 4362, 7482db9d
010, LOC_CIVILIZATION_ROME_NAME, UNIT_WARRIOR (720896), 38, 8, 36, 7, 256, 6d8456db
010, LOC_CIVILIZATION_ROME_NAME, UNIT_SCOUT (262147), 28, 11, 27, 11, 256, 28f0ccc4
010, LOC_CIVILIZATION_ROME_NAME, UNIT_SCOUT (589831), 33, 13, 19, 47, 256, c5360c76
010, LOC_CIVILIZATION_ROME_NAME, UNIT_SCOUT (589831), 33, 14, 17, 50, 0, a7ced3f7
010, LOC_CIVILIZATION_ROME_NAME, UNIT_SCOUT (589831), 33, 14, 17, 59, 0, e75643ae
010, LOC_CIVILIZATION_ROME_NAME, UNIT_SCOUT (589831), 33, 14, 21, 59, 0, 6a7d40e9
010, LOC_CIVILIZATION_ROME_NAME, UNIT_SCOUT (589831), 33, 14, 25, 64, 0, 6a56ee6b
010, LOC_CIVILIZATION_ROME_NAME, UNIT_SCOUT (458757), 38, 4, -9999, -9999, 2368, ffffffff
010, LOC_CIVILIZATION_ROME_NAME, UNIT_SCOUT (458757), 38, 4, 40, 5, 320, f7aa0842
010, LOC_CIVILIZATION_ROME_NAME, UNIT_SCOUT (458757), 39, 5, 40, 5, 64, a011ab04
010, LOC_CIVILIZATION_ROME_NAME, UNIT_SCOUT (589831), 33, 14, 25, 64, 0, 6a56ee6b
010, LOC_CIVILIZATION_BABYLON_NAME, UNIT_BUILDER (262144), 71, 15, -9999, -9999, 2325, ffffffff
010, LOC_CIVILIZATION_BABYLON_NAME, UNIT_WARRIOR (131073), 70, 18, -9999, -9999, 2325, ffffffff
010, LOC_CIVILIZATION_BABYLON_NAME, UNIT_WARRIOR (196610), 71, 18, -9999, -9999, 2325, ffffffff
010, LOC_CIVILIZATION_BABYLON_NAME, UNIT_WARRIOR (131073), 70, 18, 70, 19, 256, 36e6ecfb
010, LOC_CIVILIZATION_BABYLON_NAME, UNIT_WARRIOR (196610), 71, 18, 73, 18, 256, c0ea8fbb
010, LOC_CIVILIZATION_JERUSALEM_NAME, UNIT_WARRIOR (131073), 21, 54, -9999, -9999, 2325, ffffffff
010, LOC_CIVILIZATION_JERUSALEM_NAME, UNIT_WARRIOR (196610), 19, 57, -9999, -9999, 2325, ffffffff
010, LOC_CIVILIZATION_JERUSALEM_NAME, UNIT_BUILDER (262144), 21, 55, -9999, -9999, 2325, ffffffff
010, LOC_CIVILIZATION_JERUSALEM_NAME, UNIT_WARRIOR (131073), 21, 54, 20, 55, 256, 95881e8a
010, LOC_CIVILIZATION_JERUSALEM_NAME, UNIT_WARRIOR (196610), 19, 57, 20, 56, 256, c62def4c
010, LOC_CIVILIZATION_HATTUSA_NAME, UNIT_WARRIOR (131073), 65, 75, -9999, -9999, 2325, ffffffff
010, LOC_CIVILIZATION_HATTUSA_NAME, UNIT_BUILDER (262144), 65, 71, -9999, -9999, 2325, ffffffff
010, LOC_CIVILIZATION_HATTUSA_NAME, UNIT_WARRIOR (196610), 66, 73, -9999, -9999, 2325, ffffffff
010, LOC_CIVILIZATION_HATTUSA_NAME, UNIT_WARRIOR (131073), 65, 75, 64, 75, 256, e6fab142
010, LOC_CIVILIZATION_HATTUSA_NAME, UNIT_WARRIOR (196610), 66, 73, 66, 72, 256,  2c809fd
010, LOC_CIVILIZATION_JOHANNESBURG_NAME, UNIT_BUILDER (262144), 58, 2, -9999, -9999, 2325, ffffffff
010, LOC_CIVILIZATION_JOHANNESBURG_NAME, UNIT_WARRIOR (196610), 57, 5, -9999, -9999, 2325, ffffffff
010, LOC_CIVILIZATION_JOHANNESBURG_NAME, UNIT_WARRIOR (131073), 59, 6, -9999, -9999, 2325, ffffffff
010, LOC_CIVILIZATION_JOHANNESBURG_NAME, UNIT_WARRIOR (131073), 59, 6, 60, 6, 256, ef965d9f
010, LOC_CIVILIZATION_JOHANNESBURG_NAME, UNIT_WARRIOR (196610), 57, 5, 59, 6, 256, de8f341b
010, LOC_CIVILIZATION_LISBON_NAME, UNIT_BUILDER (262144), 1, 27, -9999, -9999, 2325, ffffffff
010, LOC_CIVILIZATION_LISBON_NAME, UNIT_WARRIOR (131073), 1, 28, -9999, -9999, 2325, ffffffff
010, LOC_CIVILIZATION_LISBON_NAME, UNIT_WARRIOR (196610), 3, 28, -9999, -9999, 2325, ffffffff
010, LOC_CIVILIZATION_LISBON_NAME, UNIT_WARRIOR (131073), 1, 28, 1, 27, 256, 61ade868
010, LOC_CIVILIZATION_LISBON_NAME, UNIT_WARRIOR (196610), 3, 28, 4, 28, 256, 9e411e3f
010, LOC_CIVILIZATION_VATICAN_CITY_NAME, UNIT_BUILDER (262144), 61, 24, -9999, -9999, 2325, ffffffff
010, LOC_CIVILIZATION_VATICAN_CITY_NAME, UNIT_WARRIOR (131073), 63, 27, -9999, -9999, 2325, ffffffff
010, LOC_CIVILIZATION_VATICAN_CITY_NAME, UNIT_WARRIOR (196610), 58, 22, -9999, -9999, 2325, ffffffff
010, LOC_CIVILIZATION_VATICAN_CITY_NAME, UNIT_WARRIOR (131073), 63, 27, 62, 26, 256, b6608eea
010, LOC_CIVILIZATION_VATICAN_CITY_NAME, UNIT_WARRIOR (196610), 58, 22, 58, 23, 256, 130df012
010, LOC_CIVILIZATION_VILNIUS_NAME, UNIT_WARRIOR (131073), 10, 23, -9999, -9999, 2325, ffffffff
010, LOC_CIVILIZATION_VILNIUS_NAME, UNIT_WARRIOR (196610), 10, 21, -9999, -9999, 2325, ffffffff
010, LOC_CIVILIZATION_VILNIUS_NAME, UNIT_BUILDER (262144), 9, 23, -9999, -9999, 2325, ffffffff
010, LOC_CIVILIZATION_VILNIUS_NAME, UNIT_BUILDER (262144), 9, 23, 7, 23, 4362, 807da804
010, LOC_CIVILIZATION_VILNIUS_NAME, UNIT_WARRIOR (131073), 10, 23, 8, 23, 256, 2cf69805
010, LOC_CIVILIZATION_VILNIUS_NAME, UNIT_WARRIOR (196610), 10, 21, 9, 23, 256, c0b662ae
010, LOC_CIVILIZATION_YEREVAN_NAME, UNIT_WARRIOR (196610), 58, 79, -9999, -9999, 2325, ffffffff
010, LOC_CIVILIZATION_YEREVAN_NAME, UNIT_WARRIOR (131073), 58, 74, -9999, -9999, 2325, ffffffff
010, LOC_CIVILIZATION_YEREVAN_NAME, UNIT_BUILDER (262144), 59, 75, -9999, -9999, 2325, ffffffff
010, LOC_CIVILIZATION_YEREVAN_NAME, UNIT_WARRIOR (131073), 58, 74, 57, 75, 256, f0c02d25
010, LOC_CIVILIZATION_YEREVAN_NAME, UNIT_WARRIOR (196610), 58, 79, 59, 78, 256, 9f5f4fae
010, LOC_CIVILIZATION_BUENOS_AIRES_NAME, UNIT_WARRIOR (196610), 33, 72, -9999, -9999, 2325, ffffffff
010, LOC_CIVILIZATION_BUENOS_AIRES_NAME, UNIT_WARRIOR (131073), 34, 77, -9999, -9999, 2325, ffffffff
010, LOC_CIVILIZATION_BUENOS_AIRES_NAME, UNIT_WARRIOR (131073), 34, 77, 35, 78, 256, 979a78c2
010, LOC_CIVILIZATION_BUENOS_AIRES_NAME, UNIT_WARRIOR (196610), 33, 72, 33, 73, 256, a77814ac
010, LOC_CIVILIZATION_FEZ_NAME, UNIT_BUILDER (262144), 15, 69, -9999, -9999, 2325, ffffffff
010, LOC_CIVILIZATION_FEZ_NAME, UNIT_WARRIOR (131073), 12, 68, -9999, -9999, 2325, ffffffff
010, LOC_CIVILIZATION_FEZ_NAME, UNIT_WARRIOR (196610), 18, 67, -9999, -9999, 2325, ffffffff
010, LOC_CIVILIZATION_FEZ_NAME, UNIT_WARRIOR (131073), 12, 68, 12, 69, 256, 4c249bbf
010, LOC_CIVILIZATION_FEZ_NAME, UNIT_WARRIOR (196610), 18, 67, 18, 68, 256, 11cedd68
010, LOC_CIVILIZATION_KUMASI_NAME, UNIT_WARRIOR (196610), 68, 24, -9999, -9999, 2325, ffffffff
010, LOC_CIVILIZATION_KUMASI_NAME, UNIT_WARRIOR (131073), 68, 27, -9999, -9999, 2325, ffffffff
010, LOC_CIVILIZATION_KUMASI_NAME, UNIT_BUILDER (262144), 69, 27, -9999, -9999, 2325, ffffffff
010, LOC_CIVILIZATION_KUMASI_NAME, UNIT_WARRIOR (131073), 68, 27, 67, 27, 256, e99e1330
010, LOC_CIVILIZATION_KUMASI_NAME, UNIT_WARRIOR (196610), 68, 24, 67, 25, 256, 8f7be1f8
010, LOC_CIVILIZATION_PRESLAV_NAME, UNIT_WARRIOR (196610), 68, 73, -9999, -9999, 2325, ffffffff
010, LOC_CIVILIZATION_PRESLAV_NAME, UNIT_WARRIOR (131073), 64, 73, -9999, -9999, 2325, ffffffff
010, LOC_CIVILIZATION_PRESLAV_NAME, UNIT_BUILDER (262144), 65, 68, -9999, -9999, 2325, ffffffff
010, LOC_CIVILIZATION_PRESLAV_NAME, UNIT_WARRIOR (131073), 64, 73, 64, 72, 256, eae4c60b
010, LOC_CIVILIZATION_PRESLAV_NAME, UNIT_WARRIOR (196610), 68, 73, 68, 72, 256, e1cc5fa6
010, LOC_CIVILIZATION_EGYPT_NAME, UNIT_WARRIOR (131073), 30, 80, -9999, -9999, 2325, ffffffff
010, LOC_CIVILIZATION_EGYPT_NAME, UNIT_VAMPIRE (262146), 35, 76, -9999, -9999, 2325, ffffffff
010, LOC_CIVILIZATION_EGYPT_NAME, UNIT_SCOUT (327683), 37, 69, -9999, -9999, 2325, ffffffff
010, LOC_CIVILIZATION_EGYPT_NAME, UNIT_BUILDER (196608), 45, 75, -9999, -9999, 2325, ffffffff
010, LOC_CIVILIZATION_EGYPT_NAME, UNIT_SETTLER (393220), 44, 74, -9999, -9999, 2325, ffffffff
010, LOC_CIVILIZATION_EGYPT_NAME, UNIT_BUILDER (458757), 43, 78, -9999, -9999, 2325, ffffffff
010, LOC_CIVILIZATION_EGYPT_NAME, UNIT_SCOUT (524294), 43, 77, -9999, -9999, 2325, ffffffff
010, LOC_CIVILIZATION_BABYLON_STK_NAME, UNIT_BABYLONIAN_SABUM_KIBITTUM (196608), 81, 52, -9999, -9999, 2325, ffffffff
010, LOC_CIVILIZATION_BABYLON_STK_NAME, UNIT_WARRIOR (131073), 73, 57, -9999, -9999, 2325, ffffffff
010, LOC_CIVILIZATION_BABYLON_STK_NAME, UNIT_BABYLONIAN_SABUM_KIBITTUM (262146), 68, 52, -9999, -9999, 2325, ffffffff
010, LOC_CIVILIZATION_INDIA_NAME, UNIT_SCOUT (262146), 74, 61, -9999, -9999, 2325, ffffffff
010, LOC_CIVILIZATION_INDIA_NAME, UNIT_SCOUT (196608), 67, 72, -9999, -9999, 2325, ffffffff
010, LOC_CIVILIZATION_INDIA_NAME, UNIT_WARRIOR (131073), 62, 69, -9999, -9999, 2325, ffffffff
010, LOC_CIVILIZATION_MALI_NAME, UNIT_WARRIOR (131073), 75, 27, -9999, -9999, 2325, ffffffff
010, LOC_CIVILIZATION_MALI_NAME, UNIT_SCOUT (196608), 82, 36, -9999, -9999, 2325, ffffffff
010, LOC_CIVILIZATION_MALI_NAME, UNIT_BUILDER (262146), 76, 37, -9999, -9999, 2325, ffffffff
010, LOC_CIVILIZATION_NUBIA_NAME, UNIT_WARRIOR (131073), 40, 16, -9999, -9999, 2325, ffffffff
010, LOC_CIVILIZATION_NUBIA_NAME, UNIT_VAMPIRE (196608), 58, 11, -9999, -9999, 2325, ffffffff
010, LOC_CIVILIZATION_NUBIA_NAME, UNIT_SCOUT (262146), 44, 9, -9999, -9999, 2325, ffffffff
010, LOC_CIVILIZATION_NUBIA_NAME, UNIT_SETTLER (458757), 51, 14, -9999, -9999, 2325, ffffffff
010, LOC_CIVILIZATION_NUBIA_NAME, UNIT_SCOUT (393220), 57, 21, -9999, -9999, 2325, ffffffff
010, LOC_CIVILIZATION_NUBIA_NAME, UNIT_BUILDER (327683), 52, 17, -9999, -9999, 2325, ffffffff
010, LOC_CIVILIZATION_INDIA_NAME, UNIT_WARRIOR (131073), 62, 69, 62, 70, 16656, 4e61bc7a
010, LOC_CIVILIZATION_BABYLON_STK_NAME, UNIT_BABYLONIAN_SABUM_KIBITTUM (262146), 68, 52, 67, 53, 16656, c6244f1b
010, LOC_CIVILIZATION_INDIA_NAME, UNIT_SCOUT (196608), 67, 72, 67, 73, 16656, a4998ce2
010, LOC_CIVILIZATION_EGYPT_NAME, UNIT_SCOUT (524294), 43, 77, 45, 72, 16656, a842aece
010, LOC_CIVILIZATION_BABYLON_STK_NAME, UNIT_BABYLONIAN_SABUM_KIBITTUM (262146), 67, 53, 67, 54, 16400, c47c344d
010, LOC_CIVILIZATION_INDIA_NAME, UNIT_SCOUT (262146), 74, 61, 75, 61, 16656, c88f1ab9
010, LOC_CIVILIZATION_NUBIA_NAME, UNIT_BUILDER (327683), 52, 17, 53, 16, 16656, 78b633f2
010, LOC_CIVILIZATION_EGYPT_NAME, UNIT_VAMPIRE (262146), 35, 76, 36, 78, 16656, 351a92da
010, LOC_CIVILIZATION_EGYPT_NAME, UNIT_VAMPIRE (262146), 35, 77, 36, 78, 16400, 25e316be
010, LOC_CIVILIZATION_MALI_NAME, UNIT_SCOUT (196608), 82, 36, 83, 34, 16656, 82b0c72d
010, LOC_CIVILIZATION_EGYPT_NAME, UNIT_WARRIOR (131073), 30, 80, 29, 79, 16656, 8910c12d
010, LOC_CIVILIZATION_MALI_NAME, UNIT_WARRIOR (131073), 75, 27, 73, 27, 16656, c2c1f635
010, LOC_CIVILIZATION_NUBIA_NAME, UNIT_VAMPIRE (196608), 58, 11, 59, 11, 16656, 54df5e70
010, LOC_CIVILIZATION_BABYLON_STK_NAME, UNIT_BABYLONIAN_SABUM_KIBITTUM (262146), 67, 54, 67, 55, 16400, 240db42b
010, LOC_CIVILIZATION_NUBIA_NAME, UNIT_VAMPIRE (196608), 59, 11, 60, 11, 16400, e6a6300c
010, LOC_CIVILIZATION_BABYLON_STK_NAME, UNIT_WARRIOR (131073), 73, 57, 74, 57, 16656, e96d32db
010, LOC_CIVILIZATION_EGYPT_NAME, UNIT_WARRIOR (131073), 29, 79, 28, 79, 16400, 9a5560c3
010, LOC_CIVILIZATION_BABYLON_STK_NAME, UNIT_BABYLONIAN_SABUM_KIBITTUM (196608), 81, 52, 81, 53, 16656, 9f7ddee0
010, LOC_CIVILIZATION_BABYLON_STK_NAME, UNIT_BABYLONIAN_SABUM_KIBITTUM (196608), 81, 53, 81, 54, 16400,   f29d0f
010, LOC_CIVILIZATION_BABYLON_STK_NAME, UNIT_BABYLONIAN_SABUM_KIBITTUM (196608), 81, 54, 80, 55, 16400, 2c291df7
010, LOC_CIVILIZATION_EGYPT_NAME, UNIT_SCOUT (327683), 37, 69, 36, 68, 16656, 37f1bec9
010, LOC_CIVILIZATION_NUBIA_NAME, UNIT_WARRIOR (131073), 40, 16, 39, 16, 16656, 45fcdcc2
010, LOC_CIVILIZATION_NUBIA_NAME, UNIT_WARRIOR (131073), 39, 16, 38, 15, 16400, 23b57c44
010, LOC_CIVILIZATION_EGYPT_NAME, UNIT_SCOUT (327683), 36, 68, 35, 68, 16400, c2a8bf31
010, LOC_CIVILIZATION_NUBIA_NAME, UNIT_SCOUT (262146), 44, 9, 43, 9, 16656, 22e8a491
010, LOC_CIVILIZATION_NUBIA_NAME, UNIT_SCOUT (262146), 43, 9, 43, 8, 16400, 74634f8d
010, LOC_CIVILIZATION_NUBIA_NAME, UNIT_SCOUT (262146), 43, 8, 42, 7, 16400, 5084cc87
010, LOC_CIVILIZATION_EGYPT_NAME, UNIT_SETTLER (393220), 44, 74, 43, 73, 16656, f6e4b23b
010, LOC_CIVILIZATION_NUBIA_NAME, UNIT_SETTLER (458757), 51, 14, 50, 13, 16656, 9db61d89
010, LOC_CIVILIZATION_NUBIA_NAME, UNIT_SCOUT (393220), 57, 21, 58, 21, 16656, 675dad34
010, LOC_CIVILIZATION_NUBIA_NAME, UNIT_SCOUT (393220), 58, 21, 59, 20, 16400, 721ed1e1
010, LOC_CIVILIZATION_NUBIA_NAME, UNIT_SCOUT (393220), 59, 20, 59, 19, 16400, cebcb77d
011, LOC_CIVILIZATION_MACEDON_NAME, UNIT_SCOUT (589826), 18, 73, -9999, -9999, 2325, ffffffff
011, LOC_CIVILIZATION_MACEDON_NAME, UNIT_WARRIOR (131073), 25, 71, -9999, -9999, 2325, ffffffff
011, LOC_CIVILIZATION_MACEDON_NAME, UNIT_SCOUT (262147), 18, 48, -9999, -9999, 2325, ffffffff
011, LOC_CIVILIZATION_MACEDON_NAME, UNIT_BUILDER (327680), 23, 71, -9999, -9999, 2325, ffffffff
011, LOC_CIVILIZATION_MACEDON_NAME, UNIT_WARRIOR (131073), 25, 71, -9999, -9999, 2325, ffffffff
011, LOC_CIVILIZATION_MACEDON_NAME, UNIT_BUILDER (393220), 22, 71, -9999, -9999, 2325, ffffffff
011, LOC_CIVILIZATION_MACEDON_NAME, UNIT_SCOUT (524294), 24, 67, -9999, -9999, 2325, ffffffff
011, LOC_CIVILIZATION_MACEDON_NAME, UNIT_VAMPIRE (655367), 26, 71, -9999, -9999, 2325, ffffffff
011, LOC_CIVILIZATION_MACEDON_NAME, UNIT_WARRIOR (720904), 26, 70, -9999, -9999, 2325, ffffffff
011, LOC_CIVILIZATION_MACEDON_NAME, UNIT_WARRIOR (131073), 25, 71, 26, 70, 276, 3c8e25d3
011, LOC_CIVILIZATION_MACEDON_NAME, UNIT_WARRIOR (131073), 25, 71, 26, 64, 276, d1fc62ae
011, LOC_CIVILIZATION_MACEDON_NAME, UNIT_WARRIOR (131073), 25, 71, 26, 64, 37121, d1fc62ae
011, LOC_CIVILIZATION_MACEDON_NAME, UNIT_VAMPIRE (655367), 26, 71, 27, 72, 256, d89bebd3
011, LOC_CIVILIZATION_MACEDON_NAME, UNIT_WARRIOR (720904), 26, 70, 27, 70, 256, fb8abbe2
011, LOC_CIVILIZATION_MACEDON_NAME, UNIT_SCOUT (262147), 18, 48, 15, 17, 256, fc8f8170
011, LOC_CIVILIZATION_MACEDON_NAME, UNIT_SCOUT (262147), 18, 47, 19, 45, 0, eb684c6e
011, LOC_CIVILIZATION_MACEDON_NAME, UNIT_SCOUT (262147), 19, 47, 19, 45, 0, d0e81577
011, LOC_CIVILIZATION_MACEDON_NAME, UNIT_SCOUT (524294), 24, 67, 21, 59, 256, 6d9cb93a
011, LOC_CIVILIZATION_MACEDON_NAME, UNIT_SCOUT (589826), 18, 73, -9999, -9999, 2368, ffffffff
011, LOC_CIVILIZATION_MACEDON_NAME, UNIT_SCOUT (589826), 18, 73, 17, 72, 320, 98c40a58
011, LOC_CIVILIZATION_MACEDON_NAME, UNIT_SCOUT (589826), 17, 72, -9999, -9999, 2112, ffffffff
011, LOC_CIVILIZATION_MACEDON_NAME, UNIT_SCOUT (589826), 17, 72, 16, 71, 64, 243ede9e
011, LOC_CIVILIZATION_BRAZIL_NAME, UNIT_SCOUT (524290), 17, 60, -9999, -9999, 2325, ffffffff
011, LOC_CIVILIZATION_BRAZIL_NAME, UNIT_WARRIOR (131073), 12, 57, -9999, -9999, 2325, ffffffff
011, LOC_CIVILIZATION_BRAZIL_NAME, UNIT_SCOUT (589824), 7, 52, -9999, -9999, 2325, ffffffff
011, LOC_CIVILIZATION_BRAZIL_NAME, UNIT_WARRIOR (131073), 12, 57, -9999, -9999, 2325, ffffffff
011, LOC_CIVILIZATION_BRAZIL_NAME, UNIT_SCOUT (262147), 16, 36, -9999, -9999, 2325, ffffffff
011, LOC_CIVILIZATION_BRAZIL_NAME, UNIT_SCOUT (458757), 11, 51, -9999, -9999, 2325, ffffffff
011, LOC_CIVILIZATION_BRAZIL_NAME, UNIT_WARRIOR (655366), 13, 58, -9999, -9999, 2325, ffffffff
011, LOC_CIVILIZATION_BRAZIL_NAME, UNIT_BUILDER (720903), 13, 58, -9999, -9999, 2325, ffffffff
011, LOC_CIVILIZATION_BRAZIL_NAME, UNIT_WARRIOR (131073), 12, 57, 13, 58, 276, e06b238e
011, LOC_CIVILIZATION_BRAZIL_NAME, UNIT_WARRIOR (131073), 12, 57, 15, 54, 276, a1448feb
011, LOC_CIVILIZATION_BRAZIL_NAME, UNIT_WARRIOR (131073), 12, 57, 15, 54, 37121, 71823445
011, LOC_CIVILIZATION_BRAZIL_NAME, UNIT_BUILDER (720903), 13, 58, 9, 58, 4352, 7d6903df
011, LOC_CIVILIZATION_BRAZIL_NAME, UNIT_BUILDER (720903), 13, 58, 9, 58, 4362, 7d6903df
011, LOC_CIVILIZATION_BRAZIL_NAME, UNIT_WARRIOR (655366), 13, 58, 14, 59, 256, df73775a
011, LOC_CIVILIZATION_BRAZIL_NAME, UNIT_SCOUT (262147), 16, 36, 15, 17, 256,  69bdd01
011, LOC_CIVILIZATION_BRAZIL_NAME, UNIT_SCOUT (589824), 7, 52, 5, 40, 256, 471d47d1
011, LOC_CIVILIZATION_BRAZIL_NAME, UNIT_SCOUT (589824), 6, 50, 6, 50, 0, 16a02b4e
011, LOC_CIVILIZATION_BRAZIL_NAME, UNIT_SCOUT (589824), 6, 50, 5, 40, 0, 45651bd3
011, LOC_CIVILIZATION_BRAZIL_NAME, UNIT_SCOUT (458757), 11, 51, 17, 50, 256, cb5a6a85
011, LOC_CIVILIZATION_BRAZIL_NAME, UNIT_SCOUT (458757), 13, 51, 14, 51, 0,  bb8fa4a
011, LOC_CIVILIZATION_BRAZIL_NAME, UNIT_SCOUT (524290), 17, 60, 17, 59, 256, df27af48
011, LOC_CIVILIZATION_BRAZIL_NAME, UNIT_SCOUT (524290), 17, 59, 21, 59, 0, c0c1b451
011, LOC_CIVILIZATION_BRAZIL_NAME, UNIT_SCOUT (589824), 6, 50, 5, 40, 0, 45651bd3
011, LOC_CIVILIZATION_GERMANY_NAME, UNIT_WARRIOR (131073), 11, 42, -9999, -9999, 2325, ffffffff
011, LOC_CIVILIZATION_GERMANY_NAME, UNIT_SCOUT (589826), 16, 45, -9999, -9999, 2325, ffffffff
011, LOC_CIVILIZATION_GERMANY_NAME, UNIT_SCOUT (262147), 16, 28, -9999, -9999, 2325, ffffffff
011, LOC_CIVILIZATION_GERMANY_NAME, UNIT_SCOUT (393220), 17, 36, -9999, -9999, 2325, ffffffff
011, LOC_CIVILIZATION_GERMANY_NAME, UNIT_BUILDER (327680), 10, 43, -9999, -9999, 2325, ffffffff
011, LOC_CIVILIZATION_GERMANY_NAME, UNIT_WARRIOR (131073), 11, 42, -9999, -9999, 2325, ffffffff
011, LOC_CIVILIZATION_GERMANY_NAME, UNIT_SCOUT (524294), 5, 39, -9999, -9999, 2325, ffffffff
011, LOC_CIVILIZATION_GERMANY_NAME, UNIT_WARRIOR (655367), 10, 43, -9999, -9999, 2325, ffffffff
011, LOC_CIVILIZATION_GERMANY_NAME, UNIT_WARRIOR (720904), 11, 43, -9999, -9999, 2325, ffffffff
011, LOC_CIVILIZATION_GERMANY_NAME, UNIT_WARRIOR (131073), 11, 42, 11, 43, 276, 12b6821c
011, LOC_CIVILIZATION_GERMANY_NAME, UNIT_WARRIOR (131073), 11, 42, 14, 50, 276, 97426dcd
011, LOC_CIVILIZATION_GERMANY_NAME, UNIT_WARRIOR (131073), 11, 42, 12, 42, 37121, d32f58a0
011, LOC_CIVILIZATION_GERMANY_NAME, UNIT_BUILDER (327680), 10, 43, 10, 38, 4362, 58d3693f
011, LOC_CIVILIZATION_GERMANY_NAME, UNIT_WARRIOR (655367), 10, 43, 12, 44, 256, fd8d63e1
011, LOC_CIVILIZATION_GERMANY_NAME, UNIT_WARRIOR (720904), 11, 43, 12, 45, 256, bd33561b
011, LOC_CIVILIZATION_GERMANY_NAME, UNIT_SCOUT (262147), 16, 28, 15, 17, 256, ea176890
011, LOC_CIVILIZATION_GERMANY_NAME, UNIT_SCOUT (262147), 16, 27, 16, 25, 0, 7450f29d
011, LOC_CIVILIZATION_GERMANY_NAME, UNIT_SCOUT (393220), 17, 36, 21, 32, 256, 6b308f53
011, LOC_CIVILIZATION_GERMANY_NAME, UNIT_SCOUT (393220), 19, 36, 19, 35, 0, 5a957811
011, LOC_CIVILIZATION_GERMANY_NAME, UNIT_SCOUT (524294), 5, 39, 5, 40, 256, d4d9ebfe
011, LOC_CIVILIZATION_GERMANY_NAME, UNIT_SCOUT (589826), 16, 45, 17, 50, 256, 1fa850bd
011, LOC_CIVILIZATION_GERMANY_NAME, UNIT_SCOUT (589826), 16, 47, 16, 48, 0, a01979e2
011, LOC_CIVILIZATION_GERMANY_NAME, UNIT_SCOUT (524294), 5, 40, -9999, -9999, 2112, ffffffff
011, LOC_CIVILIZATION_GERMANY_NAME, UNIT_SCOUT (524294), 5, 40, 5, 42, 64, 4636d99b
011, LOC_CIVILIZATION_VIETNAM_NAME, UNIT_WARRIOR (131073), 20, 21, -9999, -9999, 2325, ffffffff
011, LOC_CIVILIZATION_VIETNAM_NAME, UNIT_WARRIOR (131073), 20, 21, -9999, -9999, 2325, ffffffff
011, LOC_CIVILIZATION_VIETNAM_NAME, UNIT_BUILDER (327680), 23, 20, -9999, -9999, 2325, ffffffff
011, LOC_CIVILIZATION_VIETNAM_NAME, UNIT_SCOUT (262147), 22, 32, -9999, -9999, 2325, ffffffff
011, LOC_CIVILIZATION_VIETNAM_NAME, UNIT_SCOUT (458757), 25, 8, -9999, -9999, 2325, ffffffff
011, LOC_CIVILIZATION_VIETNAM_NAME, UNIT_SCOUT (589831), 15, 15, -9999, -9999, 2325, ffffffff
011, LOC_CIVILIZATION_VIETNAM_NAME, UNIT_BUILDER (393220), 20, 19, -9999, -9999, 2325, ffffffff
011, LOC_CIVILIZATION_VIETNAM_NAME, UNIT_SCOUT (720904), 16, 23, -9999, -9999, 2325, ffffffff
011, LOC_CIVILIZATION_VIETNAM_NAME, UNIT_BUILDER (851974), 22, 18, -9999, -9999, 2325, ffffffff
011, LOC_CIVILIZATION_VIETNAM_NAME, UNIT_WARRIOR (917514), 23, 15, -9999, -9999, 2325, ffffffff
011, LOC_CIVILIZATION_VIETNAM_NAME, UNIT_BUILDER (786441), 21, 15, -9999, -9999, 2325, ffffffff
011, LOC_CIVILIZATION_VIETNAM_NAME, UNIT_WARRIOR (131073), 20, 21, 23, 15, 276, 813974af
011, LOC_CIVILIZATION_VIETNAM_NAME, UNIT_WARRIOR (131073), 20, 21, 23, 16, 37121, 3034bd7f
011, LOC_CIVILIZATION_VIETNAM_NAME, UNIT_WARRIOR (131073), 21, 20, 23, 16, 36865, a90e99f7
011, LOC_CIVILIZATION_VIETNAM_NAME, UNIT_BUILDER (327680), 23, 20, 21, 21, 4362, dbb9fa27
011, LOC_CIVILIZATION_VIETNAM_NAME, UNIT_WARRIOR (917514), 23, 15, 23, 14, 256, 9cff0a3d
011, LOC_CIVILIZATION_VIETNAM_NAME, UNIT_SCOUT (589831), 15, 15, 15, 17, 256, 3bdf5099
011, LOC_CIVILIZATION_VIETNAM_NAME, UNIT_BUILDER (851974), 22, 18, 25, 20, 256, c4b51f4a
011, LOC_CIVILIZATION_VIETNAM_NAME, UNIT_BUILDER (851974), 23, 19, 24, 19, 0, 1ce05489
011, LOC_CIVILIZATION_VIETNAM_NAME, UNIT_BUILDER (851974), 24, 19, 25, 20, 0, 952c74f9
011, LOC_CIVILIZATION_VIETNAM_NAME, UNIT_BUILDER (851974), 24, 19, 17, 22, 0, a250365f
011, LOC_CIVILIZATION_VIETNAM_NAME, UNIT_SCOUT (720904), 16, 23, 17, 22, 256, aad923ac
011, LOC_CIVILIZATION_VIETNAM_NAME, UNIT_SCOUT (262147), 22, 32, 21, 32, 256, 49dc360e
011, LOC_CIVILIZATION_VIETNAM_NAME, UNIT_SCOUT (262147), 21, 32, 17, 33, 0, 1d13a712
011, LOC_CIVILIZATION_VIETNAM_NAME, UNIT_SCOUT (458757), 25, 8, -9999, -9999, 2368, ffffffff
011, LOC_CIVILIZATION_VIETNAM_NAME, UNIT_SCOUT (589831), 15, 16, -9999, -9999, 2112, ffffffff
011, LOC_CIVILIZATION_VIETNAM_NAME, UNIT_SCOUT (720904), 17, 22, -9999, -9999, 2112, ffffffff
011, LOC_CIVILIZATION_VIETNAM_NAME, UNIT_SCOUT (458757), 25, 8, 27, 7, 320, 55bf9d08
011, LOC_CIVILIZATION_VIETNAM_NAME, UNIT_SCOUT (458757), 26, 7, 27, 7, 64, d6ec1c6f
011, LOC_CIVILIZATION_VIETNAM_NAME, UNIT_SCOUT (589831), 15, 16, 14, 18, 64, 81e17a50
011, LOC_CIVILIZATION_VIETNAM_NAME, UNIT_SCOUT (720904), 17, 22, 17, 20, 64, 2ae59e21
011, LOC_CIVILIZATION_VIETNAM_NAME, UNIT_WARRIOR (131073), 21, 20, 23, 16, 36865, a90e99f7
011, LOC_CIVILIZATION_ROME_NAME, UNIT_WARRIOR (131073), 33, 10, -9999, -9999, 2325, ffffffff
011, LOC_CIVILIZATION_ROME_NAME, UNIT_WARRIOR (786434), 38, 8, -9999, -9999, 2325, ffffffff
011, LOC_CIVILIZATION_ROME_NAME, UNIT_WARRIOR (720896), 36, 7, -9999, -9999, 2325, ffffffff
011, LOC_CIVILIZATION_ROME_NAME, UNIT_SCOUT (262147), 27, 11, -9999, -9999, 2325, ffffffff
011, LOC_CIVILIZATION_ROME_NAME, UNIT_SCOUT (458757), 40, 5, -9999, -9999, 2325, ffffffff
011, LOC_CIVILIZATION_ROME_NAME, UNIT_WARRIOR (131073), 33, 10, -9999, -9999, 2325, ffffffff
011, LOC_CIVILIZATION_ROME_NAME, UNIT_BUILDER (393220), 36, 10, -9999, -9999, 2325, ffffffff
011, LOC_CIVILIZATION_ROME_NAME, UNIT_SCOUT (589831), 33, 14, -9999, -9999, 2325, ffffffff
011, LOC_CIVILIZATION_ROME_NAME, UNIT_WARRIOR (851977), 38, 8, -9999, -9999, 2325, ffffffff
011, LOC_CIVILIZATION_ROME_NAME, UNIT_BUILDER (655368), 35, 9, -9999, -9999, 2325, ffffffff
011, LOC_CIVILIZATION_ROME_NAME, UNIT_WARRIOR (131073), 33, 10, 31, 9, 276, 3aab7398
011, LOC_CIVILIZATION_ROME_NAME, UNIT_WARRIOR (131073), 33, 10, 31, 9, 37121, 3aab7398
011, LOC_CIVILIZATION_ROME_NAME, UNIT_WARRIOR (720896), 36, 7, 36, 8, 256, 6ba360f9
011, LOC_CIVILIZATION_ROME_NAME, UNIT_WARRIOR (786434), 38, 8, 36, 7, 256, 6d8456db
011, LOC_CIVILIZATION_ROME_NAME, UNIT_SCOUT (262147), 27, 11, 29, 6, 256, 1b639759
011, LOC_CIVILIZATION_ROME_NAME, UNIT_SCOUT (262147), 28, 10, 15, 17, 0, 27481d4b
011, LOC_CIVILIZATION_ROME_NAME, UNIT_SCOUT (589831), 33, 14, 17, 50, 256, 957a785f
011, LOC_CIVILIZATION_ROME_NAME, UNIT_SCOUT (589831), 32, 15, 32, 16, 0, 47d7f3aa
011, LOC_CIVILIZATION_ROME_NAME, UNIT_SCOUT (458757), 40, 5, -9999, -9999, 2368, ffffffff
011, LOC_CIVILIZATION_ROME_NAME, UNIT_WARRIOR (851977), 38, 8, -9999, -9999, 2368, ffffffff
011, LOC_CIVILIZATION_ROME_NAME, UNIT_WARRIOR (851977), 38, 8, 40, 7, 256, f34cf2d5
011, LOC_CIVILIZATION_ROME_NAME, UNIT_SCOUT (458757), 40, 5, 42, 5, 320, 3e005a17
011, LOC_CIVILIZATION_ROME_NAME, UNIT_WARRIOR (851977), 38, 8, 40, 7, 320, f34cf2d5
011, LOC_CIVILIZATION_ROME_NAME, UNIT_SCOUT (458757), 42, 5, -9999, -9999, 2112, ffffffff
011, LOC_CIVILIZATION_ROME_NAME, UNIT_WARRIOR (851977), 38, 7, -9999, -9999, 2112, ffffffff
011, LOC_CIVILIZATION_ROME_NAME, UNIT_SCOUT (458757), 42, 5, 43, 5, 64, dcf4743a
011, LOC_CIVILIZATION_ROME_NAME, UNIT_WARRIOR (851977), 38, 7, -9999, -9999, 2112, ffffffff
011, LOC_CIVILIZATION_BABYLON_NAME, UNIT_WARRIOR (196610), 73, 18, -9999, -9999, 2325, ffffffff
011, LOC_CIVILIZATION_BABYLON_NAME, UNIT_WARRIOR (131073), 70, 19, -9999, -9999, 2325, ffffffff
011, LOC_CIVILIZATION_BABYLON_NAME, UNIT_BUILDER (262144), 71, 15, -9999, -9999, 2325, ffffffff
011, LOC_CIVILIZATION_BABYLON_NAME, UNIT_WARRIOR (131073), 70, 19, 70, 18, 256, e4a10e1f
011, LOC_CIVILIZATION_BABYLON_NAME, UNIT_WARRIOR (196610), 73, 18, 72, 19, 256, 7b0fee9f
011, LOC_CIVILIZATION_JERUSALEM_NAME, UNIT_WARRIOR (196610), 20, 56, -9999, -9999, 2325, ffffffff
011, LOC_CIVILIZATION_JERUSALEM_NAME, UNIT_WARRIOR (131073), 20, 55, -9999, -9999, 2325, ffffffff
011, LOC_CIVILIZATION_JERUSALEM_NAME, UNIT_BUILDER (262144), 21, 55, -9999, -9999, 2325, ffffffff
011, LOC_CIVILIZATION_JERUSALEM_NAME, UNIT_BUILDER (262144), 21, 55, 21, 54, 4362, 8b65fcf0
011, LOC_CIVILIZATION_JERUSALEM_NAME, UNIT_WARRIOR (131073), 20, 55, 19, 53, 256, 14d8f47d
011, LOC_CIVILIZATION_JERUSALEM_NAME, UNIT_WARRIOR (196610), 20, 56, 22, 56, 256,  8bd75fc
011, LOC_CIVILIZATION_HATTUSA_NAME, UNIT_WARRIOR (131073), 64, 75, -9999, -9999, 2325, ffffffff
011, LOC_CIVILIZATION_HATTUSA_NAME, UNIT_BUILDER (262144), 65, 71, -9999, -9999, 2325, ffffffff
011, LOC_CIVILIZATION_HATTUSA_NAME, UNIT_WARRIOR (196610), 66, 72, -9999, -9999, 2325, ffffffff
011, LOC_CIVILIZATION_HATTUSA_NAME, UNIT_WARRIOR (131073), 64, 75, 65, 74, 256, 59b0051c
011, LOC_CIVILIZATION_HATTUSA_NAME, UNIT_WARRIOR (196610), 66, 72, 65, 73, 256, 5e00ecfa
011, LOC_CIVILIZATION_JOHANNESBURG_NAME, UNIT_BUILDER (262144), 58, 2, -9999, -9999, 2325, ffffffff
011, LOC_CIVILIZATION_JOHANNESBURG_NAME, UNIT_WARRIOR (131073), 60, 6, -9999, -9999, 2325, ffffffff
011, LOC_CIVILIZATION_JOHANNESBURG_NAME, UNIT_WARRIOR (196610), 59, 6, -9999, -9999, 2325, ffffffff
011, LOC_CIVILIZATION_JOHANNESBURG_NAME, UNIT_WARRIOR (131073), 60, 6, 58, 6, 256, 9573db1b
011, LOC_CIVILIZATION_JOHANNESBURG_NAME, UNIT_WARRIOR (196610), 59, 6, 60, 6, 256, ef965d9f
011, LOC_CIVILIZATION_LISBON_NAME, UNIT_BUILDER (262144), 1, 27, -9999, -9999, 2325, ffffffff
011, LOC_CIVILIZATION_LISBON_NAME, UNIT_WARRIOR (131073), 1, 27, -9999, -9999, 2325, ffffffff
011, LOC_CIVILIZATION_LISBON_NAME, UNIT_WARRIOR (196610), 4, 28, -9999, -9999, 2325, ffffffff
011, LOC_CIVILIZATION_LISBON_NAME, UNIT_WARRIOR (131073), 1, 27, 2, 28, 256, bd6649f4
011, LOC_CIVILIZATION_LISBON_NAME, UNIT_WARRIOR (196610), 4, 28, 3, 29, 256, c20ffc3a
011, LOC_CIVILIZATION_VATICAN_CITY_NAME, UNIT_WARRIOR (131073), 62, 26, -9999, -9999, 2325, ffffffff
011, LOC_CIVILIZATION_VATICAN_CITY_NAME, UNIT_WARRIOR (196610), 58, 23, -9999, -9999, 2325, ffffffff
011, LOC_CIVILIZATION_VATICAN_CITY_NAME, UNIT_BUILDER (262144), 61, 24, -9999, -9999, 2325, ffffffff
011, LOC_CIVILIZATION_VATICAN_CITY_NAME, UNIT_WARRIOR (131073), 62, 26, 61, 24, 256, a01dafd0
011, LOC_CIVILIZATION_VATICAN_CITY_NAME, UNIT_WARRIOR (196610), 58, 23, 60, 23, 256,  c1a39df
011, LOC_CIVILIZATION_VILNIUS_NAME, UNIT_WARRIOR (131073), 8, 23, -9999, -9999, 2325, ffffffff
011, LOC_CIVILIZATION_VILNIUS_NAME, UNIT_WARRIOR (196610), 9, 23, -9999, -9999, 2325, ffffffff
011, LOC_CIVILIZATION_VILNIUS_NAME, UNIT_BUILDER (262144), 7, 23, -9999, -9999, 2325, ffffffff
011, LOC_CIVILIZATION_VILNIUS_NAME, UNIT_BUILDER (262144), 7, 23, 8, 22, 4362,  4e3668a
011, LOC_CIVILIZATION_VILNIUS_NAME, UNIT_WARRIOR (131073), 8, 23, 8, 24, 256, 668a17ac
011, LOC_CIVILIZATION_VILNIUS_NAME, UNIT_WARRIOR (196610), 9, 23, 10, 21, 256, 935ead0f
011, LOC_CIVILIZATION_YEREVAN_NAME, UNIT_WARRIOR (196610), 59, 78, -9999, -9999, 2325, ffffffff
011, LOC_CIVILIZATION_YEREVAN_NAME, UNIT_BUILDER (262144), 59, 75, -9999, -9999, 2325, ffffffff
011, LOC_CIVILIZATION_YEREVAN_NAME, UNIT_WARRIOR (131073), 57, 75, -9999, -9999, 2325, ffffffff
011, LOC_CIVILIZATION_YEREVAN_NAME, UNIT_WARRIOR (131073), 57, 75, 58, 76, 256, 68e484d1
011, LOC_CIVILIZATION_YEREVAN_NAME, UNIT_WARRIOR (196610), 59, 78, 59, 79, 256, f5a4ca2f
011, LOC_CIVILIZATION_BUENOS_AIRES_NAME, UNIT_WARRIOR (196610), 33, 73, -9999, -9999, 2325, ffffffff
011, LOC_CIVILIZATION_BUENOS_AIRES_NAME, UNIT_WARRIOR (131073), 35, 78, -9999, -9999, 2325, ffffffff
011, LOC_CIVILIZATION_BUENOS_AIRES_NAME, UNIT_WARRIOR (131073), 35, 78, 34, 77, 256, 4e353e54
011, LOC_CIVILIZATION_BUENOS_AIRES_NAME, UNIT_WARRIOR (196610), 33, 73, 34, 72, 256, fbb0f1ab
011, LOC_CIVILIZATION_FEZ_NAME, UNIT_WARRIOR (131073), 12, 69, -9999, -9999, 2325, ffffffff
011, LOC_CIVILIZATION_FEZ_NAME, UNIT_BUILDER (262144), 15, 69, -9999, -9999, 2325, ffffffff
011, LOC_CIVILIZATION_FEZ_NAME, UNIT_WARRIOR (196610), 18, 68, -9999, -9999, 2325, ffffffff
011, LOC_CIVILIZATION_FEZ_NAME, UNIT_WARRIOR (131073), 12, 69, 12, 68, 256, 9e63795b
011, LOC_CIVILIZATION_FEZ_NAME, UNIT_WARRIOR (196610), 18, 68, 17, 67, 256, cd057cf4
011, LOC_CIVILIZATION_KUMASI_NAME, UNIT_WARRIOR (196610), 67, 25, -9999, -9999, 2325, ffffffff
011, LOC_CIVILIZATION_KUMASI_NAME, UNIT_WARRIOR (131073), 67, 27, -9999, -9999, 2325, ffffffff
011, LOC_CIVILIZATION_KUMASI_NAME, UNIT_BUILDER (262144), 69, 27, -9999, -9999, 2325, ffffffff
011, LOC_CIVILIZATION_KUMASI_NAME, UNIT_WARRIOR (131073), 67, 27, 66, 28, 256, 96714a3e
011, LOC_CIVILIZATION_KUMASI_NAME, UNIT_WARRIOR (196610), 67, 25, 68, 26, 256, 87e693b7
011, LOC_CIVILIZATION_PRESLAV_NAME, UNIT_WARRIOR (131073), 64, 72, -9999, -9999, 2325, ffffffff
011, LOC_CIVILIZATION_PRESLAV_NAME, UNIT_WARRIOR (196610), 68, 72, -9999, -9999, 2325, ffffffff
011, LOC_CIVILIZATION_PRESLAV_NAME, UNIT_BUILDER (262144), 65, 68, -9999, -9999, 2325, ffffffff
011, LOC_CIVILIZATION_PRESLAV_NAME, UNIT_WARRIOR (131073), 64, 72, 65, 72, 256, 3f55f7d4
011, LOC_CIVILIZATION_PRESLAV_NAME, UNIT_WARRIOR (196610), 68, 72, 67, 72, 256, f21267fe
011, LOC_CIVILIZATION_EGYPT_NAME, UNIT_WARRIOR (131073), 28, 79, -9999, -9999, 2325, ffffffff
011, LOC_CIVILIZATION_EGYPT_NAME, UNIT_VAMPIRE (262146), 35, 77, -9999, -9999, 2325, ffffffff
011, LOC_CIVILIZATION_EGYPT_NAME, UNIT_BUILDER (196608), 45, 75, -9999, -9999, 2325, ffffffff
011, LOC_CIVILIZATION_EGYPT_NAME, UNIT_SCOUT (327683), 35, 68, -9999, -9999, 2325, ffffffff
011, LOC_CIVILIZATION_EGYPT_NAME, UNIT_SCOUT (524294), 43, 75, -9999, -9999, 2325, ffffffff
011, LOC_CIVILIZATION_EGYPT_NAME, UNIT_BUILDER (458757), 43, 78, -9999, -9999, 2325, ffffffff
011, LOC_CIVILIZATION_BABYLON_STK_NAME, UNIT_BABYLONIAN_SABUM_KIBITTUM (196608), 80, 55, -9999, -9999, 2325, ffffffff
011, LOC_CIVILIZATION_BABYLON_STK_NAME, UNIT_WARRIOR (131073), 74, 57, -9999, -9999, 2325, ffffffff
011, LOC_CIVILIZATION_BABYLON_STK_NAME, UNIT_BABYLONIAN_SABUM_KIBITTUM (262146), 67, 55, -9999, -9999, 2325, ffffffff
011, LOC_CIVILIZATION_BABYLON_STK_NAME, UNIT_SETTLER (327683), 73, 49, -9999, -9999, 2325, ffffffff
011, LOC_CIVILIZATION_INDIA_NAME, UNIT_WARRIOR (131073), 62, 70, -9999, -9999, 2325, ffffffff
011, LOC_CIVILIZATION_INDIA_NAME, UNIT_SCOUT (196608), 67, 73, -9999, -9999, 2325, ffffffff
011, LOC_CIVILIZATION_INDIA_NAME, UNIT_SCOUT (262146), 75, 61, -9999, -9999, 2325, ffffffff
011, LOC_CIVILIZATION_INDIA_NAME, UNIT_SETTLER (327683), 69, 63, -9999, -9999, 2325, ffffffff
011, LOC_CIVILIZATION_MALI_NAME, UNIT_SCOUT (196608), 83, 34, -9999, -9999, 2325, ffffffff
011, LOC_CIVILIZATION_MALI_NAME, UNIT_WARRIOR (131073), 73, 27, -9999, -9999, 2325, ffffffff
011, LOC_CIVILIZATION_MALI_NAME, UNIT_BUILDER (262146), 76, 37, -9999, -9999, 2325, ffffffff
011, LOC_CIVILIZATION_MALI_NAME, UNIT_SETTLER (327683), 76, 38, -9999, -9999, 2325, ffffffff
011, LOC_CIVILIZATION_NUBIA_NAME, UNIT_VAMPIRE (196608), 60, 11, -9999, -9999, 2325, ffffffff
011, LOC_CIVILIZATION_NUBIA_NAME, UNIT_WARRIOR (131073), 38, 15, -9999, -9999, 2325, ffffffff
011, LOC_CIVILIZATION_NUBIA_NAME, UNIT_SCOUT (262146), 42, 7, -9999, -9999, 2325, ffffffff
011, LOC_CIVILIZATION_NUBIA_NAME, UNIT_SCOUT (393220), 59, 19, -9999, -9999, 2325, ffffffff
011, LOC_CIVILIZATION_NUBIA_NAME, UNIT_BUILDER (327683), 53, 16, -9999, -9999, 2325, ffffffff
011, LOC_CIVILIZATION_MALI_NAME, UNIT_WARRIOR (131073), 73, 27, 72, 27, 16656, 469ed7bb
011, LOC_CIVILIZATION_MALI_NAME, UNIT_WARRIOR (131073), 72, 27, 71, 27, 16400, 2702a272
011, LOC_CIVILIZATION_EGYPT_NAME, UNIT_SCOUT (327683), 35, 68, 34, 67, 16656, 8ed0b7ae
011, LOC_CIVILIZATION_EGYPT_NAME, UNIT_SCOUT (327683), 34, 67, 33, 67, 16400, f7a241ef
011, LOC_CIVILIZATION_EGYPT_NAME, UNIT_SCOUT (327683), 33, 67, 32, 67, 16400, 29bdee9f
011, LOC_CIVILIZATION_BABYLON_STK_NAME, UNIT_SETTLER (327683), 73, 49, 74, 48, 16656,  6bbe91b
011, LOC_CIVILIZATION_MALI_NAME, UNIT_SETTLER (327683), 76, 38, 78, 38, 16656, 6e4a7b5f
011, LOC_CIVILIZATION_BABYLON_STK_NAME, UNIT_BABYLONIAN_SABUM_KIBITTUM (196608), 80, 55, 80, 56, 16656, 7cd8f906
011, LOC_CIVILIZATION_BABYLON_STK_NAME, UNIT_BABYLONIAN_SABUM_KIBITTUM (196608), 80, 56, 79, 56, 16400, 5edbc64e
011, LOC_CIVILIZATION_EGYPT_NAME, UNIT_WARRIOR (131073), 28, 79, 28, 78, 16656, e9b5d403
011, LOC_CIVILIZATION_MALI_NAME, UNIT_BUILDER (262146), 76, 37, 75, 39, 16656, feac342c
011, LOC_CIVILIZATION_NUBIA_NAME, UNIT_WARRIOR (131073), 38, 15, 37, 15, 16656, d8dc125c
011, LOC_CIVILIZATION_NUBIA_NAME, UNIT_WARRIOR (131073), 37, 15, 37, 16, 16400, 38e90dfc
011, LOC_CIVILIZATION_BABYLON_STK_NAME, UNIT_BABYLONIAN_SABUM_KIBITTUM (196608), 79, 56, 78, 55, 16400, 6b5d33cc
011, LOC_CIVILIZATION_EGYPT_NAME, UNIT_WARRIOR (131073), 28, 78, 27, 78, 16400, fa6bec5b
011, LOC_CIVILIZATION_MALI_NAME, UNIT_SCOUT (196608), 83, 34, 82, 33, 16656, 3f24e4d2
011, LOC_CIVILIZATION_MALI_NAME, UNIT_SCOUT (196608), 82, 33, 81, 34, 16400, d8a07e52
011, LOC_CIVILIZATION_NUBIA_NAME, UNIT_SCOUT (262146), 42, 7, 41, 7, 16656, e12fb0ce
011, LOC_CIVILIZATION_BABYLON_STK_NAME, UNIT_BABYLONIAN_SABUM_KIBITTUM (262146), 67, 55, 68, 56, 16656, c6853ea6
011, LOC_CIVILIZATION_EGYPT_NAME, UNIT_SCOUT (524294), 43, 75, 45, 72, 16656, 64e13eb8
011, LOC_CIVILIZATION_BABYLON_STK_NAME, UNIT_BABYLONIAN_SABUM_KIBITTUM (262146), 68, 56, 69, 56, 16400, 10601a4e
011, LOC_CIVILIZATION_NUBIA_NAME, UNIT_SCOUT (262146), 41, 7, 42, 6, 16400, b649cb66
011, LOC_CIVILIZATION_BABYLON_STK_NAME, UNIT_BABYLONIAN_SABUM_KIBITTUM (262146), 69, 56, 68, 56, 16400, 64767db5
011, LOC_CIVILIZATION_MALI_NAME, UNIT_SCOUT (196608), 81, 34, -9999, -9999, 2325, ffffffff
011, LOC_CIVILIZATION_MALI_NAME, UNIT_WARRIOR (131073), 71, 27, -9999, -9999, 2325, ffffffff
011, LOC_CIVILIZATION_MALI_NAME, UNIT_SETTLER (327683), 78, 38, -9999, -9999, 2325, ffffffff
011, LOC_CIVILIZATION_MALI_NAME, UNIT_BUILDER (262146), 75, 39, -9999, -9999, 2325, ffffffff
011, LOC_CIVILIZATION_NUBIA_NAME, UNIT_SCOUT (524293), 50, 13, 51, 12, 16656,  9d1fa14
011, LOC_CIVILIZATION_NUBIA_NAME, UNIT_BUILDER (327683), 53, 16, 52, 15, 16656, e73bd506
011, LOC_CIVILIZATION_NUBIA_NAME, UNIT_SCOUT (393220), 59, 19, 59, 18, 16656, 4aa1f21f
011, LOC_CIVILIZATION_NUBIA_NAME, UNIT_SCOUT (393220), 59, 18, 58, 17, 16400, 1984b16e
011, LOC_CIVILIZATION_NUBIA_NAME, UNIT_SCOUT (393220), 58, 17, 58, 16, 16400, 4149566d
011, LOC_CIVILIZATION_NUBIA_NAME, UNIT_VAMPIRE (196608), 60, 11, 61, 11, 16656, b7db082b
011, LOC_CIVILIZATION_NUBIA_NAME, UNIT_VAMPIRE (196608), 61, 11, 62, 12, 16400, 9ced5815
011, LOC_CIVILIZATION_INDIA_NAME, UNIT_WARRIOR (131073), 62, 70, 61, 71, 16656, 209f3bff
011, LOC_CIVILIZATION_INDIA_NAME, UNIT_WARRIOR (131073), 61, 71, 60, 71, 16400, e79ba5ce
011, LOC_CIVILIZATION_INDIA_NAME, UNIT_SCOUT (196608), 67, 73, 67, 74, 16656, 3b16cf0d
011, LOC_CIVILIZATION_INDIA_NAME, UNIT_SCOUT (196608), 67, 74, 66, 75, 16400, 17cd4ff5
011, LOC_CIVILIZATION_INDIA_NAME, UNIT_SCOUT (196608), 66, 75, 65, 75, 16400, 38e51e32
011, LOC_CIVILIZATION_INDIA_NAME, UNIT_SETTLER (327683), 69, 63, 66, 62, 16640, 70c5509c
011, LOC_CIVILIZATION_INDIA_NAME, UNIT_SCOUT (262146), 75, 61, 76, 62, 16656, fc62066b
011, LOC_CIVILIZATION_INDIA_NAME, UNIT_SCOUT (262146), 76, 62, 75, 63, 16400, 8b01b7ad
011, LOC_CIVILIZATION_INDIA_NAME, UNIT_SCOUT (262146), 75, 63, 74, 63, 16400, c367becb
011, LOC_CIVILIZATION_BABYLON_STK_NAME, UNIT_WARRIOR (131073), 74, 57, 75, 57, 16656, 37729dab
011, LOC_CIVILIZATION_BABYLON_STK_NAME, UNIT_BABYLONIAN_SABUM_KIBITTUM (196608), 78, 55, -9999, -9999, 2325, ffffffff
011, LOC_CIVILIZATION_BABYLON_STK_NAME, UNIT_WARRIOR (131073), 75, 57, -9999, -9999, 2325, ffffffff
011, LOC_CIVILIZATION_BABYLON_STK_NAME, UNIT_SETTLER (327683), 74, 48, -9999, -9999, 2325, ffffffff
011, LOC_CIVILIZATION_BABYLON_STK_NAME, UNIT_BABYLONIAN_SABUM_KIBITTUM (262146), 68, 56, -9999, -9999, 2325, ffffffff
011, LOC_CIVILIZATION_MALI_NAME, UNIT_SCOUT (196608), 81, 34, -9999, -9999, 2325, ffffffff
011, LOC_CIVILIZATION_MALI_NAME, UNIT_WARRIOR (131073), 71, 27, -9999, -9999, 2325, ffffffff
011, LOC_CIVILIZATION_MALI_NAME, UNIT_SETTLER (327683), 78, 38, -9999, -9999, 2325, ffffffff
011, LOC_CIVILIZATION_MALI_NAME, UNIT_BUILDER (262146), 75, 39, -9999, -9999, 2325, ffffffff
011, LOC_CIVILIZATION_INDIA_NAME, UNIT_SCOUT (196608), 65, 75, -9999, -9999, 2325, ffffffff
011, LOC_CIVILIZATION_INDIA_NAME, UNIT_WARRIOR (131073), 60, 71, -9999, -9999, 2325, ffffffff
011, LOC_CIVILIZATION_INDIA_NAME, UNIT_SETTLER (327683), 68, 63, -9999, -9999, 2325, ffffffff
011, LOC_CIVILIZATION_INDIA_NAME, UNIT_SCOUT (262146), 74, 63, -9999, -9999, 2325, ffffffff
011, LOC_CIVILIZATION_EGYPT_NAME, UNIT_VAMPIRE (262146), 35, 77, 34, 76, 16656,  c9505e3
