Config CONFIGURATION_GAME, Key ENABLED_MODS (0x1b8cd1c8), subtype 0, changed
Sent GameConfigurationRebuilt
Sent GameConfigurationRebuilt
Config CONFIGURATION_GAME, Key ENABLED_MODS (0x1b8cd1c8), subtype 0, removed
Config CONFIGURATION_GAME, Key ENABLED_MODS (0x1b8cd1c8), subtype 0, changed
Sent GameConfigurationRebuilt
Sent GameConfigurationRebuilt
Config CONFIGURATION_GAME, Key Unknown (0x941dd5d0), subtype 0, changed to true
Config CONFIGURATION_GAME, Key RULESET (0x34a1e258), subtype 0, removed
Config CONFIGURATION_MAP, Key MAP_SCRIPT (0x63d8875a), subtype 0, changed to Pangaea.lua
Config CONFIGURATION_MAP, Key MAP_NAME (0x35069524), subtype 0, changed to {"LOC_MAP_PANGAEA":[{"locale":"en_US","text":"Pangaea"},{"locale":"fr_FR","text":"Pangée"},{"locale":"de_DE","text":"Pangäa"},{"locale":"it_IT","text":"Pangea"},{"locale":"es_ES","text":"Pangea"},{"locale":"ja_JP","text":"パンゲア"},{"locale":"ru_RU","text":"Пангея"},{"locale":"pl_PL","text":"Pangea"},{"locale":"ko_KR","text":"판게아"},{"locale":"zh_Hant_HK","text":"盤古大陸"},{"locale":"zh_Hans_CN","text":"盘古大陆"},{"locale":"pt_BR","text":"Pangeia"}]}
Config CONFIGURATION_MAP, Key MAP_DOMAIN (0xd8f01e6b), subtype 0, changed to StandardMaps
Config CONFIGURATION_MAP, Key MAP_SIZE (0x9ce5cf48), subtype 0, changed to -1837222328
Config CONFIGURATION_MAP, Key MAP_MAX_MAJOR_PLAYERS (0x2fda36b3), subtype 0, changed to 0x00000018
Config CONFIGURATION_MAP, Key MAP_MAX_MINOR_PLAYERS (0x8c84e73d), subtype 0, changed to 0x00000000
Config CONFIGURATION_MAP, Key MAP_MAX_MINOR_PLAYERS (0x990f33cf), subtype 0, changed to 0x0000000e
Config CONFIGURATION_MAP, Key resources (0x10991451), subtype 0, changed to 2
Config CONFIGURATION_MAP, Key BBSStratRes (0xb019c448), subtype 0, changed to 0
Config CONFIGURATION_MAP, Key BBSNatural (0x454f9061), subtype 0, changed to 1
Config CONFIGURATION_MAP, Key world_age (0x2193fea0), subtype 0, changed to 2
Config CONFIGURATION_MAP, Key BBSRidge (0xf4acd466), subtype 0, changed to 0
Config CONFIGURATION_MAP, Key BBMMaxFloodplainsSize (0x53f18580), subtype 0, changed to 8
Config CONFIGURATION_MAP, Key BBMBreakClumps (0x2dc11de3), subtype 0, changed to true
Config CONFIGURATION_MAP, Key BBMBreakDesert (0xbafeb66f), subtype 0, changed to false
Config CONFIGURATION_MAP, Key BBMLuxExp1 (0x5de97cf3), subtype 0, changed to false
Config CONFIGURATION_MAP, Key BBMMinAttempts (0x7a925ca5), subtype 0, changed to 5
Config CONFIGURATION_MAP, Key BBMMinDistance (0xd9c72140), subtype 0, changed to 0
Config CONFIGURATION_MAP, Key start (0x6086aa70), subtype 0, changed to 1
Config CONFIGURATION_MAP, Key temperature (0x41b1d593), subtype 0, changed to 2
Config CONFIGURATION_MAP, Key rainfall (0x8a846684), subtype 0, changed to 2
Config CONFIGURATION_MAP, Key sea_level (0xc4027ce3), subtype 0, changed to 2
Config CONFIGURATION_MAP, Key MapName (0xa260062c), subtype 0, changed to Pangaea
Config CONFIGURATION_MAP, Key BBM_Team_Spawn (0x2cd6cc7d), subtype 0, changed to 0
Config CONFIGURATION_MAP, Key BBMExtraHills (0x205752cc), subtype 0, changed to false
Config CONFIGURATION_MAP, Key BBMWraparound (0x590e27a0), subtype 0, changed to 0
Config CONFIGURATION_PLAYER, Key LEADER_NAME (0xf043351a), subtype 0, changed to null
Config CONFIGURATION_PLAYER, Key LEADER_TYPE_NAME (0xe8cd5e5f), subtype 0, changed to null
Config CONFIGURATION_PLAYER, Key LEADER_RANDOM_POOL_ID (0x402bf356), subtype 0, changed to 0
Config CONFIGURATION_PLAYER, Key LEADER_DOMAIN (0x4fe363bb), subtype 0, changed to Players:Expansion2_Players
Config CONFIGURATION_PLAYER, Key LEADER_VALUES (0xd2ed3156), subtype 0, changed to Players:*::RANDOM,Players:*::RANDOM_POOL1,Players:*::RANDOM_POOL2,Players:Expansion2_Players::LEADER_ELEANOR_FRANCE,Players:Expansion2_Players::LEADER_ELEANOR_ENGLAND,Players:Expansion2_Players::LEADER_AMANITORE,Players:Expansion2_Players::LEADER_AMBIORIX,Players:Expansion2_Players::LEADER_BASIL,Players:Expansion2_Players::LEADER_HOJO,Players:Expansion2_Players::LEADER_HOJO_INLAND,Players:Expansion2_Players::LEADER_PETER_GREAT,Players:Expansion2_Players::LEADER_PERICLES,Players:Expansion2_Players::LEADER_GENGHIS_KHAN,Players:Expansion2_Players::LEADER_TOKUGAWA,Players:Expansion2_Players::LEADER_THEODORA,Players:Expansion2_Players::LEADER_DIDO,Players:Expansion2_Players::LEADER_JAYAVARMAN,Players:Expansion2_Players::LEADER_NZINGA_MBANDE,Players:Expansion2_Players::LEADER_PHILIP_II,Players:Expansion2_Players::LEADER_PHILIP_II_INLAND,Players:Expansion2_Players::LEADER_BARBAROSSA,Players:Expansion2_Players::LEADER_GANDHI,Players:Expansion2_Players::LEADER_GORGO,Players:Expansion2_Players::LEADER_HARDRADA,Players:Expansion2_Players::LEADER_HARALD_ALT,Players:Expansion2_Players::LEADER_HAMMURABI,Players:Expansion2_Players::LEADER_KUBLAI_KHAN_MONGOLIA,Players:Expansion2_Players::LEADER_KUBLAI_KHAN_CHINA,Players:Expansion2_Players::LEADER_GILGAMESH,Players:Expansion2_Players::LEADER_CYRUS,Players:Expansion2_Players::LEADER_CATHERINE_DE_MEDICI,Players:Expansion2_Players::LEADER_CATHERINE_DE_MEDICI_ALT,Players:Expansion2_Players::LEADER_KRISTINA,Players:Expansion2_Players::LEADER_CLEOPATRA,Players:Expansion2_Players::LEADER_CLEOPATRA_ALT,Players:Expansion2_Players::LEADER_KUPE,Players:Expansion2_Players::LEADER_RAMSES,Players:Expansion2_Players::LEADER_LAUTARO,Players:Expansion2_Players::LEADER_LADY_SIX_SKY,Players:Expansion2_Players::LEADER_LUDWIG,Players:Expansion2_Players::LEADER_ROBERT_THE_BRUCE,Players:Expansion2_Players::LEADER_MANSA_MUSA,Players:Expansion2_Players::LEADER_MONTEZUMA,Players:Expansion2_Players::LEADER_MENELIK,Players:Expansion2_Players::LEADER_MVEMBA,Players:Expansion2_Players::LEADER_NADER_SHAH,Players:Expansion2_Players::LEADER_PACHACUTI,Players:Expansion2_Players::LEADER_POUNDMAKER,Players:Expansion2_Players::LEADER_PEDRO,Players:Expansion2_Players::LEADER_SHAKA,Players:Expansion2_Players::LEADER_QIN_ALT,Players:Expansion2_Players::LEADER_QIN,Players:Expansion2_Players::LEADER_JOAO_III,Players:Expansion2_Players::LEADER_SALADIN_ALT,Players:Expansion2_Players::LEADER_SALADIN,Players:Expansion2_Players::LEADER_SEONDEOK,Players:Expansion2_Players::LEADER_SEJONG,Players:Expansion2_Players::LEADER_SUNDIATA_KEITA,Players:Expansion2_Players::LEADER_SULEIMAN_ALT,Players:Expansion2_Players::LEADER_SULEIMAN,Players:Expansion2_Players::LEADER_TAMAR,Players:Expansion2_Players::LEADER_T_ROOSEVELT,Players:Expansion2_Players::LEADER_GITARJA,Players:Expansion2_Players::LEADER_TRAJAN,Players:Expansion2_Players::LEADER_TOMYRIS,Players:Expansion2_Players::LEADER_LAURIER,Players:Expansion2_Players::LEADER_WILHELMINA,Players:Expansion2_Players::LEADER_WILHELMINA_INLAND,Players:Expansion2_Players::LEADER_VICTORIA,Players:Expansion2_Players::LEADER_VICTORIA_ALT,Players:Expansion2_Players::LEADER_WU_ZETIAN,Players:Expansion2_Players::LEADER_SIMON_BOLIVAR,Players:Expansion2_Players::LEADER_MATTHIAS_CORVINUS,Players:Expansion2_Players::LEADER_JADWIGA,Players:Expansion2_Players::LEADER_ABRAHAM_LINCOLN,Players:Expansion2_Players::LEADER_ALEXANDER,Players:Expansion2_Players::LEADER_ELIZABETH,Players:Expansion2_Players::LEADER_YONGLE,Players:Expansion2_Players::LEADER_JOHN_CURTIN,Players:Expansion2_Players::LEADER_CHANDRAGUPTA,Players:Expansion2_Players::LEADER_LADY_TRIEU
Config CONFIGURATION_PLAYER, Key LEADER_VALUE_DOMAIN (0xcdbd103d), subtype 0, changed to Players:*
Config CONFIGURATION_PLAYER, Key IS_LOCKED (0xce1b9dc2), subtype 0, changed to 0
Config CONFIGURATION_PLAYER, Key LEADER_NAME (0xf043351a), subtype 1, changed to null
Config CONFIGURATION_PLAYER, Key LEADER_TYPE_NAME (0xe8cd5e5f), subtype 1, changed to null
Config CONFIGURATION_PLAYER, Key LEADER_RANDOM_POOL_ID (0x402bf356), subtype 1, changed to 0
Config CONFIGURATION_PLAYER, Key LEADER_DOMAIN (0x4fe363bb), subtype 1, changed to Players:Expansion2_Players
Config CONFIGURATION_PLAYER, Key LEADER_VALUES (0xd2ed3156), subtype 1, changed to Players:*::RANDOM,Players:*::RANDOM_POOL1,Players:*::RANDOM_POOL2,Players:Expansion2_Players::LEADER_ELEANOR_FRANCE,Players:Expansion2_Players::LEADER_ELEANOR_ENGLAND,Players:Expansion2_Players::LEADER_AMANITORE,Players:Expansion2_Players::LEADER_AMBIORIX,Players:Expansion2_Players::LEADER_BASIL,Players:Expansion2_Players::LEADER_HOJO,Players:Expansion2_Players::LEADER_HOJO_INLAND,Players:Expansion2_Players::LEADER_PETER_GREAT,Players:Expansion2_Players::LEADER_PERICLES,Players:Expansion2_Players::LEADER_GENGHIS_KHAN,Players:Expansion2_Players::LEADER_TOKUGAWA,Players:Expansion2_Players::LEADER_THEODORA,Players:Expansion2_Players::LEADER_DIDO,Players:Expansion2_Players::LEADER_JAYAVARMAN,Players:Expansion2_Players::LEADER_NZINGA_MBANDE,Players:Expansion2_Players::LEADER_PHILIP_II,Players:Expansion2_Players::LEADER_PHILIP_II_INLAND,Players:Expansion2_Players::LEADER_BARBAROSSA,Players:Expansion2_Players::LEADER_GANDHI,Players:Expansion2_Players::LEADER_GORGO,Players:Expansion2_Players::LEADER_HARDRADA,Players:Expansion2_Players::LEADER_HARALD_ALT,Players:Expansion2_Players::LEADER_HAMMURABI,Players:Expansion2_Players::LEADER_KUBLAI_KHAN_MONGOLIA,Players:Expansion2_Players::LEADER_KUBLAI_KHAN_CHINA,Players:Expansion2_Players::LEADER_GILGAMESH,Players:Expansion2_Players::LEADER_CYRUS,Players:Expansion2_Players::LEADER_CATHERINE_DE_MEDICI,Players:Expansion2_Players::LEADER_CATHERINE_DE_MEDICI_ALT,Players:Expansion2_Players::LEADER_KRISTINA,Players:Expansion2_Players::LEADER_CLEOPATRA,Players:Expansion2_Players::LEADER_CLEOPATRA_ALT,Players:Expansion2_Players::LEADER_KUPE,Players:Expansion2_Players::LEADER_RAMSES,Players:Expansion2_Players::LEADER_LAUTARO,Players:Expansion2_Players::LEADER_LADY_SIX_SKY,Players:Expansion2_Players::LEADER_LUDWIG,Players:Expansion2_Players::LEADER_ROBERT_THE_BRUCE,Players:Expansion2_Players::LEADER_MANSA_MUSA,Players:Expansion2_Players::LEADER_MONTEZUMA,Players:Expansion2_Players::LEADER_MENELIK,Players:Expansion2_Players::LEADER_MVEMBA,Players:Expansion2_Players::LEADER_NADER_SHAH,Players:Expansion2_Players::LEADER_PACHACUTI,Players:Expansion2_Players::LEADER_POUNDMAKER,Players:Expansion2_Players::LEADER_PEDRO,Players:Expansion2_Players::LEADER_SHAKA,Players:Expansion2_Players::LEADER_QIN_ALT,Players:Expansion2_Players::LEADER_QIN,Players:Expansion2_Players::LEADER_JOAO_III,Players:Expansion2_Players::LEADER_SALADIN_ALT,Players:Expansion2_Players::LEADER_SALADIN,Players:Expansion2_Players::LEADER_SEONDEOK,Players:Expansion2_Players::LEADER_SEJONG,Players:Expansion2_Players::LEADER_SUNDIATA_KEITA,Players:Expansion2_Players::LEADER_SULEIMAN_ALT,Players:Expansion2_Players::LEADER_SULEIMAN,Players:Expansion2_Players::LEADER_TAMAR,Players:Expansion2_Players::LEADER_T_ROOSEVELT,Players:Expansion2_Players::LEADER_GITARJA,Players:Expansion2_Players::LEADER_TRAJAN,Players:Expansion2_Players::LEADER_TOMYRIS,Players:Expansion2_Players::LEADER_LAURIER,Players:Expansion2_Players::LEADER_WILHELMINA,Players:Expansion2_Players::LEADER_WILHELMINA_INLAND,Players:Expansion2_Players::LEADER_VICTORIA,Players:Expansion2_Players::LEADER_VICTORIA_ALT,Players:Expansion2_Players::LEADER_WU_ZETIAN,Players:Expansion2_Players::LEADER_SIMON_BOLIVAR,Players:Expansion2_Players::LEADER_MATTHIAS_CORVINUS,Players:Expansion2_Players::LEADER_JADWIGA,Players:Expansion2_Players::LEADER_ABRAHAM_LINCOLN,Players:Expansion2_Players::LEADER_ALEXANDER,Players:Expansion2_Players::LEADER_ELIZABETH,Players:Expansion2_Players::LEADER_YONGLE,Players:Expansion2_Players::LEADER_JOHN_CURTIN,Players:Expansion2_Players::LEADER_CHANDRAGUPTA,Players:Expansion2_Players::LEADER_LADY_TRIEU
Config CONFIGURATION_PLAYER, Key LEADER_VALUE_DOMAIN (0xcdbd103d), subtype 1, changed to Players:*
Config CONFIGURATION_PLAYER, Key IS_LOCKED (0xce1b9dc2), subtype 1, changed to 0
Config CONFIGURATION_PLAYER, Key LEADER_NAME (0xf043351a), subtype 2, changed to null
Config CONFIGURATION_PLAYER, Key LEADER_TYPE_NAME (0xe8cd5e5f), subtype 2, changed to null
Config CONFIGURATION_PLAYER, Key LEADER_RANDOM_POOL_ID (0x402bf356), subtype 2, changed to 0
Config CONFIGURATION_PLAYER, Key LEADER_DOMAIN (0x4fe363bb), subtype 2, changed to Players:Expansion2_Players
Config CONFIGURATION_PLAYER, Key LEADER_VALUES (0xd2ed3156), subtype 2, changed to Players:*::RANDOM,Players:*::RANDOM_POOL1,Players:*::RANDOM_POOL2,Players:Expansion2_Players::LEADER_ELEANOR_FRANCE,Players:Expansion2_Players::LEADER_ELEANOR_ENGLAND,Players:Expansion2_Players::LEADER_AMANITORE,Players:Expansion2_Players::LEADER_AMBIORIX,Players:Expansion2_Players::LEADER_BASIL,Players:Expansion2_Players::LEADER_HOJO,Players:Expansion2_Players::LEADER_HOJO_INLAND,Players:Expansion2_Players::LEADER_PETER_GREAT,Players:Expansion2_Players::LEADER_PERICLES,Players:Expansion2_Players::LEADER_GENGHIS_KHAN,Players:Expansion2_Players::LEADER_TOKUGAWA,Players:Expansion2_Players::LEADER_THEODORA,Players:Expansion2_Players::LEADER_DIDO,Players:Expansion2_Players::LEADER_JAYAVARMAN,Players:Expansion2_Players::LEADER_NZINGA_MBANDE,Players:Expansion2_Players::LEADER_PHILIP_II,Players:Expansion2_Players::LEADER_PHILIP_II_INLAND,Players:Expansion2_Players::LEADER_BARBAROSSA,Players:Expansion2_Players::LEADER_GANDHI,Players:Expansion2_Players::LEADER_GORGO,Players:Expansion2_Players::LEADER_HARDRADA,Players:Expansion2_Players::LEADER_HARALD_ALT,Players:Expansion2_Players::LEADER_HAMMURABI,Players:Expansion2_Players::LEADER_KUBLAI_KHAN_MONGOLIA,Players:Expansion2_Players::LEADER_KUBLAI_KHAN_CHINA,Players:Expansion2_Players::LEADER_GILGAMESH,Players:Expansion2_Players::LEADER_CYRUS,Players:Expansion2_Players::LEADER_CATHERINE_DE_MEDICI,Players:Expansion2_Players::LEADER_CATHERINE_DE_MEDICI_ALT,Players:Expansion2_Players::LEADER_KRISTINA,Players:Expansion2_Players::LEADER_CLEOPATRA,Players:Expansion2_Players::LEADER_CLEOPATRA_ALT,Players:Expansion2_Players::LEADER_KUPE,Players:Expansion2_Players::LEADER_RAMSES,Players:Expansion2_Players::LEADER_LAUTARO,Players:Expansion2_Players::LEADER_LADY_SIX_SKY,Players:Expansion2_Players::LEADER_LUDWIG,Players:Expansion2_Players::LEADER_ROBERT_THE_BRUCE,Players:Expansion2_Players::LEADER_MANSA_MUSA,Players:Expansion2_Players::LEADER_MONTEZUMA,Players:Expansion2_Players::LEADER_MENELIK,Players:Expansion2_Players::LEADER_MVEMBA,Players:Expansion2_Players::LEADER_NADER_SHAH,Players:Expansion2_Players::LEADER_PACHACUTI,Players:Expansion2_Players::LEADER_POUNDMAKER,Players:Expansion2_Players::LEADER_PEDRO,Players:Expansion2_Players::LEADER_SHAKA,Players:Expansion2_Players::LEADER_QIN_ALT,Players:Expansion2_Players::LEADER_QIN,Players:Expansion2_Players::LEADER_JOAO_III,Players:Expansion2_Players::LEADER_SALADIN_ALT,Players:Expansion2_Players::LEADER_SALADIN,Players:Expansion2_Players::LEADER_SEONDEOK,Players:Expansion2_Players::LEADER_SEJONG,Players:Expansion2_Players::LEADER_SUNDIATA_KEITA,Players:Expansion2_Players::LEADER_SULEIMAN_ALT,Players:Expansion2_Players::LEADER_SULEIMAN,Players:Expansion2_Players::LEADER_TAMAR,Players:Expansion2_Players::LEADER_T_ROOSEVELT,Players:Expansion2_Players::LEADER_GITARJA,Players:Expansion2_Players::LEADER_TRAJAN,Players:Expansion2_Players::LEADER_TOMYRIS,Players:Expansion2_Players::LEADER_LAURIER,Players:Expansion2_Players::LEADER_WILHELMINA,Players:Expansion2_Players::LEADER_WILHELMINA_INLAND,Players:Expansion2_Players::LEADER_VICTORIA,Players:Expansion2_Players::LEADER_VICTORIA_ALT,Players:Expansion2_Players::LEADER_WU_ZETIAN,Players:Expansion2_Players::LEADER_SIMON_BOLIVAR,Players:Expansion2_Players::LEADER_MATTHIAS_CORVINUS,Players:Expansion2_Players::LEADER_JADWIGA,Players:Expansion2_Players::LEADER_ABRAHAM_LINCOLN,Players:Expansion2_Players::LEADER_ALEXANDER,Players:Expansion2_Players::LEADER_ELIZABETH,Players:Expansion2_Players::LEADER_YONGLE,Players:Expansion2_Players::LEADER_JOHN_CURTIN,Players:Expansion2_Players::LEADER_CHANDRAGUPTA,Players:Expansion2_Players::LEADER_LADY_TRIEU
Config CONFIGURATION_PLAYER, Key LEADER_VALUE_DOMAIN (0xcdbd103d), subtype 2, changed to Players:*
Config CONFIGURATION_PLAYER, Key IS_LOCKED (0xce1b9dc2), subtype 2, changed to 0
Config CONFIGURATION_PLAYER, Key LEADER_NAME (0xf043351a), subtype 3, changed to null
Config CONFIGURATION_PLAYER, Key LEADER_TYPE_NAME (0xe8cd5e5f), subtype 3, changed to null
Config CONFIGURATION_PLAYER, Key LEADER_RANDOM_POOL_ID (0x402bf356), subtype 3, changed to 0
Config CONFIGURATION_PLAYER, Key LEADER_DOMAIN (0x4fe363bb), subtype 3, changed to Players:Expansion2_Players
Config CONFIGURATION_PLAYER, Key LEADER_VALUES (0xd2ed3156), subtype 3, changed to Players:*::RANDOM,Players:*::RANDOM_POOL1,Players:*::RANDOM_POOL2,Players:Expansion2_Players::LEADER_ELEANOR_FRANCE,Players:Expansion2_Players::LEADER_ELEANOR_ENGLAND,Players:Expansion2_Players::LEADER_AMANITORE,Players:Expansion2_Players::LEADER_AMBIORIX,Players:Expansion2_Players::LEADER_BASIL,Players:Expansion2_Players::LEADER_HOJO,Players:Expansion2_Players::LEADER_HOJO_INLAND,Players:Expansion2_Players::LEADER_PETER_GREAT,Players:Expansion2_Players::LEADER_PERICLES,Players:Expansion2_Players::LEADER_GENGHIS_KHAN,Players:Expansion2_Players::LEADER_TOKUGAWA,Players:Expansion2_Players::LEADER_THEODORA,Players:Expansion2_Players::LEADER_DIDO,Players:Expansion2_Players::LEADER_JAYAVARMAN,Players:Expansion2_Players::LEADER_NZINGA_MBANDE,Players:Expansion2_Players::LEADER_PHILIP_II,Players:Expansion2_Players::LEADER_PHILIP_II_INLAND,Players:Expansion2_Players::LEADER_BARBAROSSA,Players:Expansion2_Players::LEADER_GANDHI,Players:Expansion2_Players::LEADER_GORGO,Players:Expansion2_Players::LEADER_HARDRADA,Players:Expansion2_Players::LEADER_HARALD_ALT,Players:Expansion2_Players::LEADER_HAMMURABI,Players:Expansion2_Players::LEADER_KUBLAI_KHAN_MONGOLIA,Players:Expansion2_Players::LEADER_KUBLAI_KHAN_CHINA,Players:Expansion2_Players::LEADER_GILGAMESH,Players:Expansion2_Players::LEADER_CYRUS,Players:Expansion2_Players::LEADER_CATHERINE_DE_MEDICI,Players:Expansion2_Players::LEADER_CATHERINE_DE_MEDICI_ALT,Players:Expansion2_Players::LEADER_KRISTINA,Players:Expansion2_Players::LEADER_CLEOPATRA,Players:Expansion2_Players::LEADER_CLEOPATRA_ALT,Players:Expansion2_Players::LEADER_KUPE,Players:Expansion2_Players::LEADER_RAMSES,Players:Expansion2_Players::LEADER_LAUTARO,Players:Expansion2_Players::LEADER_LADY_SIX_SKY,Players:Expansion2_Players::LEADER_LUDWIG,Players:Expansion2_Players::LEADER_ROBERT_THE_BRUCE,Players:Expansion2_Players::LEADER_MANSA_MUSA,Players:Expansion2_Players::LEADER_MONTEZUMA,Players:Expansion2_Players::LEADER_MENELIK,Players:Expansion2_Players::LEADER_MVEMBA,Players:Expansion2_Players::LEADER_NADER_SHAH,Players:Expansion2_Players::LEADER_PACHACUTI,Players:Expansion2_Players::LEADER_POUNDMAKER,Players:Expansion2_Players::LEADER_PEDRO,Players:Expansion2_Players::LEADER_SHAKA,Players:Expansion2_Players::LEADER_QIN_ALT,Players:Expansion2_Players::LEADER_QIN,Players:Expansion2_Players::LEADER_JOAO_III,Players:Expansion2_Players::LEADER_SALADIN_ALT,Players:Expansion2_Players::LEADER_SALADIN,Players:Expansion2_Players::LEADER_SEONDEOK,Players:Expansion2_Players::LEADER_SEJONG,Players:Expansion2_Players::LEADER_SUNDIATA_KEITA,Players:Expansion2_Players::LEADER_SULEIMAN_ALT,Players:Expansion2_Players::LEADER_SULEIMAN,Players:Expansion2_Players::LEADER_TAMAR,Players:Expansion2_Players::LEADER_T_ROOSEVELT,Players:Expansion2_Players::LEADER_GITARJA,Players:Expansion2_Players::LEADER_TRAJAN,Players:Expansion2_Players::LEADER_TOMYRIS,Players:Expansion2_Players::LEADER_LAURIER,Players:Expansion2_Players::LEADER_WILHELMINA,Players:Expansion2_Players::LEADER_WILHELMINA_INLAND,Players:Expansion2_Players::LEADER_VICTORIA,Players:Expansion2_Players::LEADER_VICTORIA_ALT,Players:Expansion2_Players::LEADER_WU_ZETIAN,Players:Expansion2_Players::LEADER_SIMON_BOLIVAR,Players:Expansion2_Players::LEADER_MATTHIAS_CORVINUS,Players:Expansion2_Players::LEADER_JADWIGA,Players:Expansion2_Players::LEADER_ABRAHAM_LINCOLN,Players:Expansion2_Players::LEADER_ALEXANDER,Players:Expansion2_Players::LEADER_ELIZABETH,Players:Expansion2_Players::LEADER_YONGLE,Players:Expansion2_Players::LEADER_JOHN_CURTIN,Players:Expansion2_Players::LEADER_CHANDRAGUPTA,Players:Expansion2_Players::LEADER_LADY_TRIEU
Config CONFIGURATION_PLAYER, Key LEADER_VALUE_DOMAIN (0xcdbd103d), subtype 3, changed to Players:*
Config CONFIGURATION_PLAYER, Key IS_LOCKED (0xce1b9dc2), subtype 3, changed to 0
Config CONFIGURATION_PLAYER, Key LEADER_NAME (0xf043351a), subtype 4, changed to null
Config CONFIGURATION_PLAYER, Key LEADER_TYPE_NAME (0xe8cd5e5f), subtype 4, changed to null
Config CONFIGURATION_PLAYER, Key LEADER_RANDOM_POOL_ID (0x402bf356), subtype 4, changed to 0
Config CONFIGURATION_PLAYER, Key LEADER_DOMAIN (0x4fe363bb), subtype 4, changed to Players:Expansion2_Players
Config CONFIGURATION_PLAYER, Key LEADER_VALUES (0xd2ed3156), subtype 4, changed to Players:*::RANDOM,Players:*::RANDOM_POOL1,Players:*::RANDOM_POOL2,Players:Expansion2_Players::LEADER_ELEANOR_FRANCE,Players:Expansion2_Players::LEADER_ELEANOR_ENGLAND,Players:Expansion2_Players::LEADER_AMANITORE,Players:Expansion2_Players::LEADER_AMBIORIX,Players:Expansion2_Players::LEADER_BASIL,Players:Expansion2_Players::LEADER_HOJO,Players:Expansion2_Players::LEADER_HOJO_INLAND,Players:Expansion2_Players::LEADER_PETER_GREAT,Players:Expansion2_Players::LEADER_PERICLES,Players:Expansion2_Players::LEADER_GENGHIS_KHAN,Players:Expansion2_Players::LEADER_TOKUGAWA,Players:Expansion2_Players::LEADER_THEODORA,Players:Expansion2_Players::LEADER_DIDO,Players:Expansion2_Players::LEADER_JAYAVARMAN,Players:Expansion2_Players::LEADER_NZINGA_MBANDE,Players:Expansion2_Players::LEADER_PHILIP_II,Players:Expansion2_Players::LEADER_PHILIP_II_INLAND,Players:Expansion2_Players::LEADER_BARBAROSSA,Players:Expansion2_Players::LEADER_GANDHI,Players:Expansion2_Players::LEADER_GORGO,Players:Expansion2_Players::LEADER_HARDRADA,Players:Expansion2_Players::LEADER_HARALD_ALT,Players:Expansion2_Players::LEADER_HAMMURABI,Players:Expansion2_Players::LEADER_KUBLAI_KHAN_MONGOLIA,Players:Expansion2_Players::LEADER_KUBLAI_KHAN_CHINA,Players:Expansion2_Players::LEADER_GILGAMESH,Players:Expansion2_Players::LEADER_CYRUS,Players:Expansion2_Players::LEADER_CATHERINE_DE_MEDICI,Players:Expansion2_Players::LEADER_CATHERINE_DE_MEDICI_ALT,Players:Expansion2_Players::LEADER_KRISTINA,Players:Expansion2_Players::LEADER_CLEOPATRA,Players:Expansion2_Players::LEADER_CLEOPATRA_ALT,Players:Expansion2_Players::LEADER_KUPE,Players:Expansion2_Players::LEADER_RAMSES,Players:Expansion2_Players::LEADER_LAUTARO,Players:Expansion2_Players::LEADER_LADY_SIX_SKY,Players:Expansion2_Players::LEADER_LUDWIG,Players:Expansion2_Players::LEADER_ROBERT_THE_BRUCE,Players:Expansion2_Players::LEADER_MANSA_MUSA,Players:Expansion2_Players::LEADER_MONTEZUMA,Players:Expansion2_Players::LEADER_MENELIK,Players:Expansion2_Players::LEADER_MVEMBA,Players:Expansion2_Players::LEADER_NADER_SHAH,Players:Expansion2_Players::LEADER_PACHACUTI,Players:Expansion2_Players::LEADER_POUNDMAKER,Players:Expansion2_Players::LEADER_PEDRO,Players:Expansion2_Players::LEADER_SHAKA,Players:Expansion2_Players::LEADER_QIN_ALT,Players:Expansion2_Players::LEADER_QIN,Players:Expansion2_Players::LEADER_JOAO_III,Players:Expansion2_Players::LEADER_SALADIN_ALT,Players:Expansion2_Players::LEADER_SALADIN,Players:Expansion2_Players::LEADER_SEONDEOK,Players:Expansion2_Players::LEADER_SEJONG,Players:Expansion2_Players::LEADER_SUNDIATA_KEITA,Players:Expansion2_Players::LEADER_SULEIMAN_ALT,Players:Expansion2_Players::LEADER_SULEIMAN,Players:Expansion2_Players::LEADER_TAMAR,Players:Expansion2_Players::LEADER_T_ROOSEVELT,Players:Expansion2_Players::LEADER_GITARJA,Players:Expansion2_Players::LEADER_TRAJAN,Players:Expansion2_Players::LEADER_TOMYRIS,Players:Expansion2_Players::LEADER_LAURIER,Players:Expansion2_Players::LEADER_WILHELMINA,Players:Expansion2_Players::LEADER_WILHELMINA_INLAND,Players:Expansion2_Players::LEADER_VICTORIA,Players:Expansion2_Players::LEADER_VICTORIA_ALT,Players:Expansion2_Players::LEADER_WU_ZETIAN,Players:Expansion2_Players::LEADER_SIMON_BOLIVAR,Players:Expansion2_Players::LEADER_MATTHIAS_CORVINUS,Players:Expansion2_Players::LEADER_JADWIGA,Players:Expansion2_Players::LEADER_ABRAHAM_LINCOLN,Players:Expansion2_Players::LEADER_ALEXANDER,Players:Expansion2_Players::LEADER_ELIZABETH,Players:Expansion2_Players::LEADER_YONGLE,Players:Expansion2_Players::LEADER_JOHN_CURTIN,Players:Expansion2_Players::LEADER_CHANDRAGUPTA,Players:Expansion2_Players::LEADER_LADY_TRIEU
Config CONFIGURATION_PLAYER, Key LEADER_VALUE_DOMAIN (0xcdbd103d), subtype 4, changed to Players:*
Config CONFIGURATION_PLAYER, Key IS_LOCKED (0xce1b9dc2), subtype 4, changed to 0
Config CONFIGURATION_PLAYER, Key LEADER_NAME (0xf043351a), subtype 5, changed to null
Config CONFIGURATION_PLAYER, Key LEADER_TYPE_NAME (0xe8cd5e5f), subtype 5, changed to null
Config CONFIGURATION_PLAYER, Key LEADER_RANDOM_POOL_ID (0x402bf356), subtype 5, changed to 0
Config CONFIGURATION_PLAYER, Key LEADER_DOMAIN (0x4fe363bb), subtype 5, changed to Players:Expansion2_Players
Config CONFIGURATION_PLAYER, Key LEADER_VALUES (0xd2ed3156), subtype 5, changed to Players:*::RANDOM,Players:*::RANDOM_POOL1,Players:*::RANDOM_POOL2,Players:Expansion2_Players::LEADER_ELEANOR_FRANCE,Players:Expansion2_Players::LEADER_ELEANOR_ENGLAND,Players:Expansion2_Players::LEADER_AMANITORE,Players:Expansion2_Players::LEADER_AMBIORIX,Players:Expansion2_Players::LEADER_BASIL,Players:Expansion2_Players::LEADER_HOJO,Players:Expansion2_Players::LEADER_HOJO_INLAND,Players:Expansion2_Players::LEADER_PETER_GREAT,Players:Expansion2_Players::LEADER_PERICLES,Players:Expansion2_Players::LEADER_GENGHIS_KHAN,Players:Expansion2_Players::LEADER_TOKUGAWA,Players:Expansion2_Players::LEADER_THEODORA,Players:Expansion2_Players::LEADER_DIDO,Players:Expansion2_Players::LEADER_JAYAVARMAN,Players:Expansion2_Players::LEADER_NZINGA_MBANDE,Players:Expansion2_Players::LEADER_PHILIP_II,Players:Expansion2_Players::LEADER_PHILIP_II_INLAND,Players:Expansion2_Players::LEADER_BARBAROSSA,Players:Expansion2_Players::LEADER_GANDHI,Players:Expansion2_Players::LEADER_GORGO,Players:Expansion2_Players::LEADER_HARDRADA,Players:Expansion2_Players::LEADER_HARALD_ALT,Players:Expansion2_Players::LEADER_HAMMURABI,Players:Expansion2_Players::LEADER_KUBLAI_KHAN_MONGOLIA,Players:Expansion2_Players::LEADER_KUBLAI_KHAN_CHINA,Players:Expansion2_Players::LEADER_GILGAMESH,Players:Expansion2_Players::LEADER_CYRUS,Players:Expansion2_Players::LEADER_CATHERINE_DE_MEDICI,Players:Expansion2_Players::LEADER_CATHERINE_DE_MEDICI_ALT,Players:Expansion2_Players::LEADER_KRISTINA,Players:Expansion2_Players::LEADER_CLEOPATRA,Players:Expansion2_Players::LEADER_CLEOPATRA_ALT,Players:Expansion2_Players::LEADER_KUPE,Players:Expansion2_Players::LEADER_RAMSES,Players:Expansion2_Players::LEADER_LAUTARO,Players:Expansion2_Players::LEADER_LADY_SIX_SKY,Players:Expansion2_Players::LEADER_LUDWIG,Players:Expansion2_Players::LEADER_ROBERT_THE_BRUCE,Players:Expansion2_Players::LEADER_MANSA_MUSA,Players:Expansion2_Players::LEADER_MONTEZUMA,Players:Expansion2_Players::LEADER_MENELIK,Players:Expansion2_Players::LEADER_MVEMBA,Players:Expansion2_Players::LEADER_NADER_SHAH,Players:Expansion2_Players::LEADER_PACHACUTI,Players:Expansion2_Players::LEADER_POUNDMAKER,Players:Expansion2_Players::LEADER_PEDRO,Players:Expansion2_Players::LEADER_SHAKA,Players:Expansion2_Players::LEADER_QIN_ALT,Players:Expansion2_Players::LEADER_QIN,Players:Expansion2_Players::LEADER_JOAO_III,Players:Expansion2_Players::LEADER_SALADIN_ALT,Players:Expansion2_Players::LEADER_SALADIN,Players:Expansion2_Players::LEADER_SEONDEOK,Players:Expansion2_Players::LEADER_SEJONG,Players:Expansion2_Players::LEADER_SUNDIATA_KEITA,Players:Expansion2_Players::LEADER_SULEIMAN_ALT,Players:Expansion2_Players::LEADER_SULEIMAN,Players:Expansion2_Players::LEADER_TAMAR,Players:Expansion2_Players::LEADER_T_ROOSEVELT,Players:Expansion2_Players::LEADER_GITARJA,Players:Expansion2_Players::LEADER_TRAJAN,Players:Expansion2_Players::LEADER_TOMYRIS,Players:Expansion2_Players::LEADER_LAURIER,Players:Expansion2_Players::LEADER_WILHELMINA,Players:Expansion2_Players::LEADER_WILHELMINA_INLAND,Players:Expansion2_Players::LEADER_VICTORIA,Players:Expansion2_Players::LEADER_VICTORIA_ALT,Players:Expansion2_Players::LEADER_WU_ZETIAN,Players:Expansion2_Players::LEADER_SIMON_BOLIVAR,Players:Expansion2_Players::LEADER_MATTHIAS_CORVINUS,Players:Expansion2_Players::LEADER_JADWIGA,Players:Expansion2_Players::LEADER_ABRAHAM_LINCOLN,Players:Expansion2_Players::LEADER_ALEXANDER,Players:Expansion2_Players::LEADER_ELIZABETH,Players:Expansion2_Players::LEADER_YONGLE,Players:Expansion2_Players::LEADER_JOHN_CURTIN,Players:Expansion2_Players::LEADER_CHANDRAGUPTA,Players:Expansion2_Players::LEADER_LADY_TRIEU
Config CONFIGURATION_PLAYER, Key LEADER_VALUE_DOMAIN (0xcdbd103d), subtype 5, changed to Players:*
Config CONFIGURATION_PLAYER, Key IS_LOCKED (0xce1b9dc2), subtype 5, changed to 0
Config CONFIGURATION_GAME, Key MPH_OFFICIAL_GAME (0x193f68f9), subtype 0, removed
Config CONFIGURATION_MAP, Key MAP_SCRIPT (0x63d8875a), subtype 0, changed to zyl_team_ring_mainland.lua
Config CONFIGURATION_MAP, Key MAP_NAME (0x35069524), subtype 0, changed to {"LOC_ZYLRM_RING_MAP_NAME":[{"locale":"en_US","text":"Team PVP Ring Mainland"},{"locale":"fr_FR","text":"组队PVP环形大陆"},{"locale":"de_DE","text":"组队PVP环形大陆"},{"locale":"it_IT","text":"组队PVP环形大陆"},{"locale":"es_ES","text":"组队PVP环形大陆"},{"locale":"ja_JP","text":"组队PVP环形大陆"},{"locale":"ru_RU","text":"组队PVP环形大陆"},{"locale":"pl_PL","text":"组队PVP环形大陆"},{"locale":"ko_KR","text":"组队PVP环形大陆"},{"locale":"zh_Hant_HK","text":"组队PVP环形大陆"},{"locale":"zh_Hans_CN","text":"组队PVP环形大陆"},{"locale":"pt_BR","text":"组队PVP环形大陆"}]}
Config CONFIGURATION_MAP, Key MAP_DOMAIN (0xd8f01e6b), subtype 0, changed to Maps:Expansion2Maps
Config CONFIGURATION_GAME, Key SpawnRecalculation (0x8bcd5d6c), subtype 0, removed
Config CONFIGURATION_GAME, Key AutoRemap (0xf7edc265), subtype 0, removed
Config CONFIGURATION_MAP, Key world_age (0x2193fea0), subtype 0, removed
Config CONFIGURATION_MAP, Key BBMWraparound (0x590e27a0), subtype 0, removed
Config CONFIGURATION_MAP, Key sea_level (0xc4027ce3), subtype 0, removed
Config CONFIGURATION_MAP, Key temperature (0x41b1d593), subtype 0, removed
Config CONFIGURATION_MAP, Key MapName (0xa260062c), subtype 0, removed
Config CONFIGURATION_MAP, Key rainfall (0x8a846684), subtype 0, removed
Config CONFIGURATION_GAME, Key BBStemp (0xa633007b), subtype 0, removed
Config CONFIGURATION_MAP, Key BBMExtraHills (0x205752cc), subtype 0, removed
Config CONFIGURATION_MAP, Key BBM_Team_Spawn (0x2cd6cc7d), subtype 0, removed
Config CONFIGURATION_MAP, Key RichNum (0xc26d6460), subtype 0, changed to 5
Config CONFIGURATION_MAP, Key RouteLevel (0x1be96ea6), subtype 0, changed to 1
Config CONFIGURATION_MAP, Key MapTrait (0xa84178fa), subtype 0, changed to false
Config CONFIGURATION_MAP, Key BBS_Team_Spawn (0xc9fff29f), subtype 0, changed to 1
Config CONFIGURATION_MAP, Key ZYL_RVC_CityStatePlacement (0x869f77df), subtype 0, changed to 1
Config CONFIGURATION_MAP, Key ZYLRM_PlayerDistance (0xdbf59458), subtype 0, changed to 1
Config CONFIGURATION_MAP, Key MAP_MAX_MAJOR_PLAYERS (0x2fda36b3), subtype 0, changed to 0x00000006
Config CONFIGURATION_MAP, Key MAP_MAX_MINOR_PLAYERS (0x990f33cf), subtype 0, changed to 0x0000000c
Config CONFIGURATION_MAP, Key world_age (0x2193fea0), subtype 0, changed to 2
Config CONFIGURATION_MAP, Key temperature (0x41b1d593), subtype 0, changed to 2
Config CONFIGURATION_MAP, Key rainfall (0x8a846684), subtype 0, changed to 2
Config CONFIGURATION_MAP, Key sea_level (0xc4027ce3), subtype 0, changed to 2
Config CONFIGURATION_MAP, Key MapName (0xa260062c), subtype 0, changed to ZYLRM_Team_Ring_Rich_Mainland
Config CONFIGURATION_MAP, Key MAP_SIZE (0x9ce5cf48), subtype 0, changed to -2055278946
Config CONFIGURATION_MAP, Key MAP_MAX_MAJOR_PLAYERS (0x2fda36b3), subtype 0, changed to 0x00000008
Config CONFIGURATION_MAP, Key MAP_MAX_MINOR_PLAYERS (0x990f33cf), subtype 0, changed to 0x00000010
Config CONFIGURATION_PLAYER, Key SLOT_STATUS (0xce42b995), subtype 6, changed to 1
Config CONFIGURATION_PLAYER, Key CIVILIZATION_LEVEL_TYPE_NAME (0xca55abbe), subtype 6, changed to CIVILIZATION_LEVEL_FULL_CIV
Config CONFIGURATION_PLAYER, Key CIVILIZATION_LEVEL_TYPE_ID (0x830ffc46), subtype 6, changed to 0x253718b0
Config CONFIGURATION_PLAYER, Key HOTSEAT_PASSWORD (0x6e7cd16c), subtype 6, changed to null
Config CONFIGURATION_PLAYER, Key TEAM (0x0d8ab454), subtype 6, changed to -1
Config CONFIGURATION_PLAYER, Key LEADER_TYPE_NAME (0xe8cd5e5f), subtype 6, changed to null
Config CONFIGURATION_PLAYER, Key LEADER_TYPE_ID (0xdfe4fcc7), subtype 6, changed to 0xffffffff
Config CONFIGURATION_PLAYER, Key LEADER_RANDOM_POOL_ID (0x402bf356), subtype 6, changed to 0x00000000
Config CONFIGURATION_PLAYER, Key HANDICAP_TYPE_ID (0xf85bf1dc), subtype 6, changed to 0xf54624af
Config CONFIGURATION_PLAYER, Key IS_ALIVE (0x62a7dfa6), subtype 6, changed to true
Config CONFIGURATION_PLAYER, Key SLOT_STATUS (0xce42b995), subtype 7, changed to 1
Config CONFIGURATION_PLAYER, Key CIVILIZATION_LEVEL_TYPE_NAME (0xca55abbe), subtype 7, changed to CIVILIZATION_LEVEL_FULL_CIV
Config CONFIGURATION_PLAYER, Key CIVILIZATION_LEVEL_TYPE_ID (0x830ffc46), subtype 7, changed to 0x253718b0
Config CONFIGURATION_PLAYER, Key HOTSEAT_PASSWORD (0x6e7cd16c), subtype 7, changed to null
Config CONFIGURATION_PLAYER, Key TEAM (0x0d8ab454), subtype 7, changed to -1
Config CONFIGURATION_PLAYER, Key LEADER_TYPE_NAME (0xe8cd5e5f), subtype 7, changed to null
Config CONFIGURATION_PLAYER, Key LEADER_TYPE_ID (0xdfe4fcc7), subtype 7, changed to 0xffffffff
Config CONFIGURATION_PLAYER, Key LEADER_RANDOM_POOL_ID (0x402bf356), subtype 7, changed to 0x00000000
Config CONFIGURATION_PLAYER, Key HANDICAP_TYPE_ID (0xf85bf1dc), subtype 7, changed to 0xf54624af
Config CONFIGURATION_PLAYER, Key IS_ALIVE (0x62a7dfa6), subtype 7, changed to true
Config CONFIGURATION_GAME, Key Unknown (0x24084b20), subtype 0, changed to -1
Config CONFIGURATION_GAME, Key ENABLED_MODS (0x1b8cd1c8), subtype 0, removed
Config CONFIGURATION_GAME, Key ENABLED_MODS (0x1b8cd1c8), subtype 0, changed
Config CONFIGURATION_PLAYER, Key MOD_READY_STATUS (0xfc7b1f66), subtype 0, changed to true
Config CONFIGURATION_PLAYER, Key WANTS_PAUSE (0x7ab021cb), subtype 0, changed to false
Config CONFIGURATION_PLAYER, Key NETWORK_NAME (0x8e72249a), subtype 0, changed to ZYL@76561199003168956
Config CONFIGURATION_PLAYER, Key NICK_NAME (0xdab96bfd), subtype 0, changed to ZYL
Config CONFIGURATION_PLAYER, Key SLOT_STATUS (0xce42b995), subtype 0, changed to 3
Config CONFIGURATION_PLAYER, Key CIVILIZATION_LEVEL_TYPE_NAME (0xca55abbe), subtype 0, changed to CIVILIZATION_LEVEL_FULL_CIV
Config CONFIGURATION_PLAYER, Key LEADER_NAME (0xf043351a), subtype 6, changed to null
Config CONFIGURATION_PLAYER, Key LEADER_TYPE_NAME (0xe8cd5e5f), subtype 6, changed to null
Config CONFIGURATION_PLAYER, Key LEADER_RANDOM_POOL_ID (0x402bf356), subtype 6, changed to 0
Config CONFIGURATION_PLAYER, Key LEADER_DOMAIN (0x4fe363bb), subtype 6, changed to Players:Expansion2_Players
Config CONFIGURATION_PLAYER, Key LEADER_VALUES (0xd2ed3156), subtype 6, changed to Players:*::RANDOM,Players:*::RANDOM_POOL1,Players:*::RANDOM_POOL2,Players:Expansion2_Players::LEADER_ELEANOR_FRANCE,Players:Expansion2_Players::LEADER_ELEANOR_ENGLAND,Players:Expansion2_Players::LEADER_AMANITORE,Players:Expansion2_Players::LEADER_AMBIORIX,Players:Expansion2_Players::LEADER_BASIL,Players:Expansion2_Players::LEADER_HOJO,Players:Expansion2_Players::LEADER_HOJO_INLAND,Players:Expansion2_Players::LEADER_PETER_GREAT,Players:Expansion2_Players::LEADER_PERICLES,Players:Expansion2_Players::LEADER_GENGHIS_KHAN,Players:Expansion2_Players::LEADER_TOKUGAWA,Players:Expansion2_Players::LEADER_THEODORA,Players:Expansion2_Players::LEADER_DIDO,Players:Expansion2_Players::LEADER_JAYAVARMAN,Players:Expansion2_Players::LEADER_NZINGA_MBANDE,Players:Expansion2_Players::LEADER_PHILIP_II,Players:Expansion2_Players::LEADER_PHILIP_II_INLAND,Players:Expansion2_Players::LEADER_BARBAROSSA,Players:Expansion2_Players::LEADER_GANDHI,Players:Expansion2_Players::LEADER_GORGO,Players:Expansion2_Players::LEADER_HARDRADA,Players:Expansion2_Players::LEADER_HARALD_ALT,Players:Expansion2_Players::LEADER_HAMMURABI,Players:Expansion2_Players::LEADER_KUBLAI_KHAN_MONGOLIA,Players:Expansion2_Players::LEADER_KUBLAI_KHAN_CHINA,Players:Expansion2_Players::LEADER_GILGAMESH,Players:Expansion2_Players::LEADER_CYRUS,Players:Expansion2_Players::LEADER_CATHERINE_DE_MEDICI,Players:Expansion2_Players::LEADER_CATHERINE_DE_MEDICI_ALT,Players:Expansion2_Players::LEADER_KRISTINA,Players:Expansion2_Players::LEADER_CLEOPATRA,Players:Expansion2_Players::LEADER_CLEOPATRA_ALT,Players:Expansion2_Players::LEADER_KUPE,Players:Expansion2_Players::LEADER_RAMSES,Players:Expansion2_Players::LEADER_LAUTARO,Players:Expansion2_Players::LEADER_LADY_SIX_SKY,Players:Expansion2_Players::LEADER_LUDWIG,Players:Expansion2_Players::LEADER_ROBERT_THE_BRUCE,Players:Expansion2_Players::LEADER_MANSA_MUSA,Players:Expansion2_Players::LEADER_MONTEZUMA,Players:Expansion2_Players::LEADER_MENELIK,Players:Expansion2_Players::LEADER_MVEMBA,Players:Expansion2_Players::LEADER_NADER_SHAH,Players:Expansion2_Players::LEADER_PACHACUTI,Players:Expansion2_Players::LEADER_POUNDMAKER,Players:Expansion2_Players::LEADER_PEDRO,Players:Expansion2_Players::LEADER_SHAKA,Players:Expansion2_Players::LEADER_QIN_ALT,Players:Expansion2_Players::LEADER_QIN,Players:Expansion2_Players::LEADER_JOAO_III,Players:Expansion2_Players::LEADER_SALADIN_ALT,Players:Expansion2_Players::LEADER_SALADIN,Players:Expansion2_Players::LEADER_SEONDEOK,Players:Expansion2_Players::LEADER_SEJONG,Players:Expansion2_Players::LEADER_SUNDIATA_KEITA,Players:Expansion2_Players::LEADER_SULEIMAN_ALT,Players:Expansion2_Players::LEADER_SULEIMAN,Players:Expansion2_Players::LEADER_TAMAR,Players:Expansion2_Players::LEADER_T_ROOSEVELT,Players:Expansion2_Players::LEADER_GITARJA,Players:Expansion2_Players::LEADER_TRAJAN,Players:Expansion2_Players::LEADER_TOMYRIS,Players:Expansion2_Players::LEADER_LAURIER,Players:Expansion2_Players::LEADER_WILHELMINA,Players:Expansion2_Players::LEADER_WILHELMINA_INLAND,Players:Expansion2_Players::LEADER_VICTORIA,Players:Expansion2_Players::LEADER_VICTORIA_ALT,Players:Expansion2_Players::LEADER_WU_ZETIAN,Players:Expansion2_Players::LEADER_SIMON_BOLIVAR,Players:Expansion2_Players::LEADER_MATTHIAS_CORVINUS,Players:Expansion2_Players::LEADER_JADWIGA,Players:Expansion2_Players::LEADER_ABRAHAM_LINCOLN,Players:Expansion2_Players::LEADER_ALEXANDER,Players:Expansion2_Players::LEADER_ELIZABETH,Players:Expansion2_Players::LEADER_YONGLE,Players:Expansion2_Players::LEADER_JOHN_CURTIN,Players:Expansion2_Players::LEADER_CHANDRAGUPTA,Players:Expansion2_Players::LEADER_LADY_TRIEU
Config CONFIGURATION_PLAYER, Key LEADER_VALUE_DOMAIN (0xcdbd103d), subtype 6, changed to Players:*
Config CONFIGURATION_PLAYER, Key IS_LOCKED (0xce1b9dc2), subtype 6, changed to 0
Config CONFIGURATION_PLAYER, Key LEADER_NAME (0xf043351a), subtype 7, changed to null
Config CONFIGURATION_PLAYER, Key LEADER_TYPE_NAME (0xe8cd5e5f), subtype 7, changed to null
Config CONFIGURATION_PLAYER, Key LEADER_RANDOM_POOL_ID (0x402bf356), subtype 7, changed to 0
Config CONFIGURATION_PLAYER, Key LEADER_DOMAIN (0x4fe363bb), subtype 7, changed to Players:Expansion2_Players
Config CONFIGURATION_PLAYER, Key LEADER_VALUES (0xd2ed3156), subtype 7, changed to Players:*::RANDOM,Players:*::RANDOM_POOL1,Players:*::RANDOM_POOL2,Players:Expansion2_Players::LEADER_ELEANOR_FRANCE,Players:Expansion2_Players::LEADER_ELEANOR_ENGLAND,Players:Expansion2_Players::LEADER_AMANITORE,Players:Expansion2_Players::LEADER_AMBIORIX,Players:Expansion2_Players::LEADER_BASIL,Players:Expansion2_Players::LEADER_HOJO,Players:Expansion2_Players::LEADER_HOJO_INLAND,Players:Expansion2_Players::LEADER_PETER_GREAT,Players:Expansion2_Players::LEADER_PERICLES,Players:Expansion2_Players::LEADER_GENGHIS_KHAN,Players:Expansion2_Players::LEADER_TOKUGAWA,Players:Expansion2_Players::LEADER_THEODORA,Players:Expansion2_Players::LEADER_DIDO,Players:Expansion2_Players::LEADER_JAYAVARMAN,Players:Expansion2_Players::LEADER_NZINGA_MBANDE,Players:Expansion2_Players::LEADER_PHILIP_II,Players:Expansion2_Players::LEADER_PHILIP_II_INLAND,Players:Expansion2_Players::LEADER_BARBAROSSA,Players:Expansion2_Players::LEADER_GANDHI,Players:Expansion2_Players::LEADER_GORGO,Players:Expansion2_Players::LEADER_HARDRADA,Players:Expansion2_Players::LEADER_HARALD_ALT,Players:Expansion2_Players::LEADER_HAMMURABI,Players:Expansion2_Players::LEADER_KUBLAI_KHAN_MONGOLIA,Players:Expansion2_Players::LEADER_KUBLAI_KHAN_CHINA,Players:Expansion2_Players::LEADER_GILGAMESH,Players:Expansion2_Players::LEADER_CYRUS,Players:Expansion2_Players::LEADER_CATHERINE_DE_MEDICI,Players:Expansion2_Players::LEADER_CATHERINE_DE_MEDICI_ALT,Players:Expansion2_Players::LEADER_KRISTINA,Players:Expansion2_Players::LEADER_CLEOPATRA,Players:Expansion2_Players::LEADER_CLEOPATRA_ALT,Players:Expansion2_Players::LEADER_KUPE,Players:Expansion2_Players::LEADER_RAMSES,Players:Expansion2_Players::LEADER_LAUTARO,Players:Expansion2_Players::LEADER_LADY_SIX_SKY,Players:Expansion2_Players::LEADER_LUDWIG,Players:Expansion2_Players::LEADER_ROBERT_THE_BRUCE,Players:Expansion2_Players::LEADER_MANSA_MUSA,Players:Expansion2_Players::LEADER_MONTEZUMA,Players:Expansion2_Players::LEADER_MENELIK,Players:Expansion2_Players::LEADER_MVEMBA,Players:Expansion2_Players::LEADER_NADER_SHAH,Players:Expansion2_Players::LEADER_PACHACUTI,Players:Expansion2_Players::LEADER_POUNDMAKER,Players:Expansion2_Players::LEADER_PEDRO,Players:Expansion2_Players::LEADER_SHAKA,Players:Expansion2_Players::LEADER_QIN_ALT,Players:Expansion2_Players::LEADER_QIN,Players:Expansion2_Players::LEADER_JOAO_III,Players:Expansion2_Players::LEADER_SALADIN_ALT,Players:Expansion2_Players::LEADER_SALADIN,Players:Expansion2_Players::LEADER_SEONDEOK,Players:Expansion2_Players::LEADER_SEJONG,Players:Expansion2_Players::LEADER_SUNDIATA_KEITA,Players:Expansion2_Players::LEADER_SULEIMAN_ALT,Players:Expansion2_Players::LEADER_SULEIMAN,Players:Expansion2_Players::LEADER_TAMAR,Players:Expansion2_Players::LEADER_T_ROOSEVELT,Players:Expansion2_Players::LEADER_GITARJA,Players:Expansion2_Players::LEADER_TRAJAN,Players:Expansion2_Players::LEADER_TOMYRIS,Players:Expansion2_Players::LEADER_LAURIER,Players:Expansion2_Players::LEADER_WILHELMINA,Players:Expansion2_Players::LEADER_WILHELMINA_INLAND,Players:Expansion2_Players::LEADER_VICTORIA,Players:Expansion2_Players::LEADER_VICTORIA_ALT,Players:Expansion2_Players::LEADER_WU_ZETIAN,Players:Expansion2_Players::LEADER_SIMON_BOLIVAR,Players:Expansion2_Players::LEADER_MATTHIAS_CORVINUS,Players:Expansion2_Players::LEADER_JADWIGA,Players:Expansion2_Players::LEADER_ABRAHAM_LINCOLN,Players:Expansion2_Players::LEADER_ALEXANDER,Players:Expansion2_Players::LEADER_ELIZABETH,Players:Expansion2_Players::LEADER_YONGLE,Players:Expansion2_Players::LEADER_JOHN_CURTIN,Players:Expansion2_Players::LEADER_CHANDRAGUPTA,Players:Expansion2_Players::LEADER_LADY_TRIEU
Config CONFIGURATION_PLAYER, Key LEADER_VALUE_DOMAIN (0xcdbd103d), subtype 7, changed to Players:*
Config CONFIGURATION_PLAYER, Key IS_LOCKED (0xce1b9dc2), subtype 7, changed to 0
Config CONFIGURATION_PLAYER, Key WANTS_PAUSE (0x7ab021cb), subtype 1, changed to false
Config CONFIGURATION_PLAYER, Key NETWORK_NAME (0x8e72249a), subtype 1, changed to skyverse@76561198178704646
Config CONFIGURATION_PLAYER, Key NICK_NAME (0xdab96bfd), subtype 1, changed to skyverse
Config CONFIGURATION_PLAYER, Key SLOT_STATUS (0xce42b995), subtype 1, changed to 3
Config CONFIGURATION_PLAYER, Key CIVILIZATION_LEVEL_TYPE_NAME (0xca55abbe), subtype 1, changed to CIVILIZATION_LEVEL_FULL_CIV
Config CONFIGURATION_PLAYER, Key WANTS_PAUSE (0x7ab021cb), subtype 2, changed to false
Config CONFIGURATION_PLAYER, Key NETWORK_NAME (0x8e72249a), subtype 2, changed to longyizhu@76561198931045205
Config CONFIGURATION_PLAYER, Key NICK_NAME (0xdab96bfd), subtype 2, changed to longyizhu
Config CONFIGURATION_PLAYER, Key WANTS_PAUSE (0x7ab021cb), subtype 3, changed to false
Config CONFIGURATION_PLAYER, Key NETWORK_NAME (0x8e72249a), subtype 3, changed to Jerry@76561199005446447
Config CONFIGURATION_PLAYER, Key NICK_NAME (0xdab96bfd), subtype 3, changed to Jerry
Config CONFIGURATION_PLAYER, Key SLOT_STATUS (0xce42b995), subtype 3, changed to 3
Config CONFIGURATION_PLAYER, Key CIVILIZATION_LEVEL_TYPE_NAME (0xca55abbe), subtype 3, changed to CIVILIZATION_LEVEL_FULL_CIV
Config CONFIGURATION_PLAYER, Key SLOT_STATUS (0xce42b995), subtype 2, changed to 3
Config CONFIGURATION_PLAYER, Key CIVILIZATION_LEVEL_TYPE_NAME (0xca55abbe), subtype 2, changed to CIVILIZATION_LEVEL_FULL_CIV
Config CONFIGURATION_PLAYER, Key NETWORK_NAME (0x8e72249a), subtype 4, changed to skyverse@76561198178704646
Config CONFIGURATION_PLAYER, Key NICK_NAME (0xdab96bfd), subtype 4, changed to skyverse
Config CONFIGURATION_PLAYER, Key NETWORK_NAME (0x8e72249a), subtype 1, changed to null
Config CONFIGURATION_PLAYER, Key NICK_NAME (0xdab96bfd), subtype 1, removed
Config CONFIGURATION_PLAYER, Key MOD_READY_STATUS (0xfc7b1f66), subtype 4, changed to true
Config CONFIGURATION_PLAYER, Key MOD_READY_STATUS (0xfc7b1f66), subtype 1, changed to false
Config CONFIGURATION_PLAYER, Key SLOT_STATUS (0xce42b995), subtype 4, changed to 3
Config CONFIGURATION_PLAYER, Key SLOT_STATUS (0xce42b995), subtype 1, changed to 1
Config CONFIGURATION_PLAYER, Key NETWORK_NAME (0x8e72249a), subtype 1, changed to longyizhu@76561198931045205
Config CONFIGURATION_PLAYER, Key NICK_NAME (0xdab96bfd), subtype 1, changed to longyizhu
Config CONFIGURATION_PLAYER, Key NETWORK_NAME (0x8e72249a), subtype 2, changed to null
Config CONFIGURATION_PLAYER, Key NICK_NAME (0xdab96bfd), subtype 2, removed
Config CONFIGURATION_PLAYER, Key MOD_READY_STATUS (0xfc7b1f66), subtype 1, changed to true
Config CONFIGURATION_PLAYER, Key MOD_READY_STATUS (0xfc7b1f66), subtype 2, changed to false
Config CONFIGURATION_PLAYER, Key SLOT_STATUS (0xce42b995), subtype 1, changed to 3
Config CONFIGURATION_PLAYER, Key SLOT_STATUS (0xce42b995), subtype 2, changed to 1
Config CONFIGURATION_PLAYER, Key NETWORK_NAME (0x8e72249a), subtype 2, changed to Jerry@76561199005446447
Config CONFIGURATION_PLAYER, Key NICK_NAME (0xdab96bfd), subtype 2, changed to Jerry
Config CONFIGURATION_PLAYER, Key NETWORK_NAME (0x8e72249a), subtype 3, changed to null
Config CONFIGURATION_PLAYER, Key NICK_NAME (0xdab96bfd), subtype 3, removed
Config CONFIGURATION_PLAYER, Key MOD_READY_STATUS (0xfc7b1f66), subtype 2, changed to true
Config CONFIGURATION_PLAYER, Key MOD_READY_STATUS (0xfc7b1f66), subtype 3, changed to false
Config CONFIGURATION_PLAYER, Key SLOT_STATUS (0xce42b995), subtype 2, changed to 3
Config CONFIGURATION_PLAYER, Key SLOT_STATUS (0xce42b995), subtype 3, changed to 1
Config CONFIGURATION_PLAYER, Key LEADER_NAME (0xf043351a), subtype 3, changed to null
Config CONFIGURATION_PLAYER, Key LEADER_TYPE_NAME (0xe8cd5e5f), subtype 3, changed to null
Config CONFIGURATION_PLAYER, Key LEADER_RANDOM_POOL_ID (0x402bf356), subtype 3, changed to 0x00000000
Config CONFIGURATION_PLAYER, Key LEADER_RANDOM_POOL_ID (0x402bf356), subtype 3, changed to 0
Config CONFIGURATION_PLAYER, Key LEADER_DOMAIN (0x4fe363bb), subtype 3, changed to Players:Expansion2_Players
Config CONFIGURATION_PLAYER, Key LEADER_VALUES (0xd2ed3156), subtype 3, changed to Players:*::RANDOM,Players:*::RANDOM_POOL1,Players:*::RANDOM_POOL2,Players:Expansion2_Players::LEADER_ELEANOR_FRANCE,Players:Expansion2_Players::LEADER_ELEANOR_ENGLAND,Players:Expansion2_Players::LEADER_AMANITORE,Players:Expansion2_Players::LEADER_AMBIORIX,Players:Expansion2_Players::LEADER_BASIL,Players:Expansion2_Players::LEADER_HOJO,Players:Expansion2_Players::LEADER_HOJO_INLAND,Players:Expansion2_Players::LEADER_PETER_GREAT,Players:Expansion2_Players::LEADER_PERICLES,Players:Expansion2_Players::LEADER_GENGHIS_KHAN,Players:Expansion2_Players::LEADER_TOKUGAWA,Players:Expansion2_Players::LEADER_THEODORA,Players:Expansion2_Players::LEADER_DIDO,Players:Expansion2_Players::LEADER_JAYAVARMAN,Players:Expansion2_Players::LEADER_NZINGA_MBANDE,Players:Expansion2_Players::LEADER_PHILIP_II,Players:Expansion2_Players::LEADER_PHILIP_II_INLAND,Players:Expansion2_Players::LEADER_BARBAROSSA,Players:Expansion2_Players::LEADER_GANDHI,Players:Expansion2_Players::LEADER_GORGO,Players:Expansion2_Players::LEADER_HARDRADA,Players:Expansion2_Players::LEADER_HARALD_ALT,Players:Expansion2_Players::LEADER_HAMMURABI,Players:Expansion2_Players::LEADER_KUBLAI_KHAN_MONGOLIA,Players:Expansion2_Players::LEADER_KUBLAI_KHAN_CHINA,Players:Expansion2_Players::LEADER_GILGAMESH,Players:Expansion2_Players::LEADER_CYRUS,Players:Expansion2_Players::LEADER_CATHERINE_DE_MEDICI,Players:Expansion2_Players::LEADER_CATHERINE_DE_MEDICI_ALT,Players:Expansion2_Players::LEADER_KRISTINA,Players:Expansion2_Players::LEADER_CLEOPATRA,Players:Expansion2_Players::LEADER_CLEOPATRA_ALT,Players:Expansion2_Players::LEADER_KUPE,Players:Expansion2_Players::LEADER_RAMSES,Players:Expansion2_Players::LEADER_LAUTARO,Players:Expansion2_Players::LEADER_LADY_SIX_SKY,Players:Expansion2_Players::LEADER_LUDWIG,Players:Expansion2_Players::LEADER_ROBERT_THE_BRUCE,Players:Expansion2_Players::LEADER_MANSA_MUSA,Players:Expansion2_Players::LEADER_MONTEZUMA,Players:Expansion2_Players::LEADER_MENELIK,Players:Expansion2_Players::LEADER_MVEMBA,Players:Expansion2_Players::LEADER_NADER_SHAH,Players:Expansion2_Players::LEADER_PACHACUTI,Players:Expansion2_Players::LEADER_POUNDMAKER,Players:Expansion2_Players::LEADER_PEDRO,Players:Expansion2_Players::LEADER_SHAKA,Players:Expansion2_Players::LEADER_QIN_ALT,Players:Expansion2_Players::LEADER_QIN,Players:Expansion2_Players::LEADER_JOAO_III,Players:Expansion2_Players::LEADER_SALADIN_ALT,Players:Expansion2_Players::LEADER_SALADIN,Players:Expansion2_Players::LEADER_SEONDEOK,Players:Expansion2_Players::LEADER_SEJONG,Players:Expansion2_Players::LEADER_SUNDIATA_KEITA,Players:Expansion2_Players::LEADER_SULEIMAN_ALT,Players:Expansion2_Players::LEADER_SULEIMAN,Players:Expansion2_Players::LEADER_TAMAR,Players:Expansion2_Players::LEADER_T_ROOSEVELT,Players:Expansion2_Players::LEADER_GITARJA,Players:Expansion2_Players::LEADER_TRAJAN,Players:Expansion2_Players::LEADER_TOMYRIS,Players:Expansion2_Players::LEADER_LAURIER,Players:Expansion2_Players::LEADER_WILHELMINA,Players:Expansion2_Players::LEADER_WILHELMINA_INLAND,Players:Expansion2_Players::LEADER_VICTORIA,Players:Expansion2_Players::LEADER_VICTORIA_ALT,Players:Expansion2_Players::LEADER_WU_ZETIAN,Players:Expansion2_Players::LEADER_SIMON_BOLIVAR,Players:Expansion2_Players::LEADER_MATTHIAS_CORVINUS,Players:Expansion2_Players::LEADER_JADWIGA,Players:Expansion2_Players::LEADER_ABRAHAM_LINCOLN,Players:Expansion2_Players::LEADER_ALEXANDER,Players:Expansion2_Players::LEADER_ELIZABETH,Players:Expansion2_Players::LEADER_YONGLE,Players:Expansion2_Players::LEADER_JOHN_CURTIN,Players:Expansion2_Players::LEADER_CHANDRAGUPTA,Players:Expansion2_Players::LEADER_LADY_TRIEU
Config CONFIGURATION_PLAYER, Key LEADER_VALUE_DOMAIN (0xcdbd103d), subtype 3, changed to Players:*
Config CONFIGURATION_PLAYER, Key NETWORK_NAME (0x8e72249a), subtype 3, changed to skyverse@76561198178704646
Config CONFIGURATION_PLAYER, Key NICK_NAME (0xdab96bfd), subtype 3, changed to skyverse
Config CONFIGURATION_PLAYER, Key NETWORK_NAME (0x8e72249a), subtype 4, changed to null
Config CONFIGURATION_PLAYER, Key NICK_NAME (0xdab96bfd), subtype 4, removed
Config CONFIGURATION_PLAYER, Key MOD_READY_STATUS (0xfc7b1f66), subtype 3, changed to true
Config CONFIGURATION_PLAYER, Key MOD_READY_STATUS (0xfc7b1f66), subtype 4, changed to false
Config CONFIGURATION_PLAYER, Key SLOT_STATUS (0xce42b995), subtype 3, changed to 3
Config CONFIGURATION_PLAYER, Key SLOT_STATUS (0xce42b995), subtype 4, changed to 1
Config CONFIGURATION_PLAYER, Key NETWORK_NAME (0x8e72249a), subtype 1, changed to ZYL@76561199003168956
Config CONFIGURATION_PLAYER, Key NICK_NAME (0xdab96bfd), subtype 1, changed to ZYL
Config CONFIGURATION_PLAYER, Key NETWORK_NAME (0x8e72249a), subtype 0, changed to longyizhu@76561198931045205
Config CONFIGURATION_PLAYER, Key NICK_NAME (0xdab96bfd), subtype 0, changed to longyizhu
Config CONFIGURATION_PLAYER, Key TEAM (0x0d8ab454), subtype 1, changed to 0
Config CONFIGURATION_PLAYER, Key LEADER_NAME (0xf043351a), subtype 1, changed to null
Config CONFIGURATION_PLAYER, Key LEADER_TYPE_NAME (0xe8cd5e5f), subtype 1, changed to null
Config CONFIGURATION_PLAYER, Key LEADER_RANDOM_POOL_ID (0x402bf356), subtype 1, changed to 0x00000000
Config CONFIGURATION_PLAYER, Key LEADER_RANDOM_POOL_ID (0x402bf356), subtype 1, changed to 0
Config CONFIGURATION_PLAYER, Key LEADER_DOMAIN (0x4fe363bb), subtype 1, changed to Players:Expansion2_Players
Config CONFIGURATION_PLAYER, Key LEADER_VALUES (0xd2ed3156), subtype 1, changed to Players:*::RANDOM,Players:*::RANDOM_POOL1,Players:*::RANDOM_POOL2,Players:Expansion2_Players::LEADER_ELEANOR_FRANCE,Players:Expansion2_Players::LEADER_ELEANOR_ENGLAND,Players:Expansion2_Players::LEADER_AMBIORIX,Players:Expansion2_Players::LEADER_BASIL,Players:Expansion2_Players::LEADER_HOJO,Players:Expansion2_Players::LEADER_HOJO_INLAND,Players:Expansion2_Players::LEADER_PETER_GREAT,Players:Expansion2_Players::LEADER_PERICLES,Players:Expansion2_Players::LEADER_GENGHIS_KHAN,Players:Expansion2_Players::LEADER_TOKUGAWA,Players:Expansion2_Players::LEADER_THEODORA,Players:Expansion2_Players::LEADER_DIDO,Players:Expansion2_Players::LEADER_JAYAVARMAN,Players:Expansion2_Players::LEADER_NZINGA_MBANDE,Players:Expansion2_Players::LEADER_PHILIP_II,Players:Expansion2_Players::LEADER_PHILIP_II_INLAND,Players:Expansion2_Players::LEADER_BARBAROSSA,Players:Expansion2_Players::LEADER_GANDHI,Players:Expansion2_Players::LEADER_GORGO,Players:Expansion2_Players::LEADER_HARDRADA,Players:Expansion2_Players::LEADER_HARALD_ALT,Players:Expansion2_Players::LEADER_HAMMURABI,Players:Expansion2_Players::LEADER_KUBLAI_KHAN_MONGOLIA,Players:Expansion2_Players::LEADER_KUBLAI_KHAN_CHINA,Players:Expansion2_Players::LEADER_GILGAMESH,Players:Expansion2_Players::LEADER_CYRUS,Players:Expansion2_Players::LEADER_CATHERINE_DE_MEDICI,Players:Expansion2_Players::LEADER_CATHERINE_DE_MEDICI_ALT,Players:Expansion2_Players::LEADER_KRISTINA,Players:Expansion2_Players::LEADER_CLEOPATRA,Players:Expansion2_Players::LEADER_CLEOPATRA_ALT,Players:Expansion2_Players::LEADER_KUPE,Players:Expansion2_Players::LEADER_RAMSES,Players:Expansion2_Players::LEADER_LAUTARO,Players:Expansion2_Players::LEADER_LADY_SIX_SKY,Players:Expansion2_Players::LEADER_LUDWIG,Players:Expansion2_Players::LEADER_ROBERT_THE_BRUCE,Players:Expansion2_Players::LEADER_MANSA_MUSA,Players:Expansion2_Players::LEADER_MONTEZUMA,Players:Expansion2_Players::LEADER_MENELIK,Players:Expansion2_Players::LEADER_MVEMBA,Players:Expansion2_Players::LEADER_NADER_SHAH,Players:Expansion2_Players::LEADER_PACHACUTI,Players:Expansion2_Players::LEADER_POUNDMAKER,Players:Expansion2_Players::LEADER_PEDRO,Players:Expansion2_Players::LEADER_SHAKA,Players:Expansion2_Players::LEADER_QIN_ALT,Players:Expansion2_Players::LEADER_QIN,Players:Expansion2_Players::LEADER_JOAO_III,Players:Expansion2_Players::LEADER_SALADIN_ALT,Players:Expansion2_Players::LEADER_SALADIN,Players:Expansion2_Players::LEADER_SEONDEOK,Players:Expansion2_Players::LEADER_SEJONG,Players:Expansion2_Players::LEADER_SUNDIATA_KEITA,Players:Expansion2_Players::LEADER_SULEIMAN_ALT,Players:Expansion2_Players::LEADER_SULEIMAN,Players:Expansion2_Players::LEADER_TAMAR,Players:Expansion2_Players::LEADER_T_ROOSEVELT,Players:Expansion2_Players::LEADER_GITARJA,Players:Expansion2_Players::LEADER_TRAJAN,Players:Expansion2_Players::LEADER_TOMYRIS,Players:Expansion2_Players::LEADER_LAURIER,Players:Expansion2_Players::LEADER_WILHELMINA,Players:Expansion2_Players::LEADER_WILHELMINA_INLAND,Players:Expansion2_Players::LEADER_VICTORIA,Players:Expansion2_Players::LEADER_VICTORIA_ALT,Players:Expansion2_Players::LEADER_WU_ZETIAN,Players:Expansion2_Players::LEADER_SIMON_BOLIVAR,Players:Expansion2_Players::LEADER_MATTHIAS_CORVINUS,Players:Expansion2_Players::LEADER_JADWIGA,Players:Expansion2_Players::LEADER_ABRAHAM_LINCOLN,Players:Expansion2_Players::LEADER_ALEXANDER,Players:Expansion2_Players::LEADER_ELIZABETH,Players:Expansion2_Players::LEADER_YONGLE,Players:Expansion2_Players::LEADER_JOHN_CURTIN,Players:Expansion2_Players::LEADER_CHANDRAGUPTA,Players:Expansion2_Players::LEADER_LADY_TRIEU
Config CONFIGURATION_PLAYER, Key LEADER_VALUE_DOMAIN (0xcdbd103d), subtype 1, changed to Players:*
Config CONFIGURATION_PLAYER, Key LEADER_NAME (0xf043351a), subtype 4, changed to null
Config CONFIGURATION_PLAYER, Key LEADER_TYPE_NAME (0xe8cd5e5f), subtype 4, changed to null
Config CONFIGURATION_PLAYER, Key LEADER_RANDOM_POOL_ID (0x402bf356), subtype 4, changed to 0x00000000
Config CONFIGURATION_PLAYER, Key LEADER_RANDOM_POOL_ID (0x402bf356), subtype 4, changed to 0
Config CONFIGURATION_PLAYER, Key LEADER_DOMAIN (0x4fe363bb), subtype 4, changed to Players:Expansion2_Players
Config CONFIGURATION_PLAYER, Key LEADER_VALUES (0xd2ed3156), subtype 4, changed to Players:*::RANDOM,Players:*::RANDOM_POOL1,Players:*::RANDOM_POOL2,Players:Expansion2_Players::LEADER_ELEANOR_FRANCE,Players:Expansion2_Players::LEADER_ELEANOR_ENGLAND,Players:Expansion2_Players::LEADER_AMBIORIX,Players:Expansion2_Players::LEADER_BASIL,Players:Expansion2_Players::LEADER_HOJO,Players:Expansion2_Players::LEADER_HOJO_INLAND,Players:Expansion2_Players::LEADER_PETER_GREAT,Players:Expansion2_Players::LEADER_PERICLES,Players:Expansion2_Players::LEADER_GENGHIS_KHAN,Players:Expansion2_Players::LEADER_TOKUGAWA,Players:Expansion2_Players::LEADER_THEODORA,Players:Expansion2_Players::LEADER_DIDO,Players:Expansion2_Players::LEADER_JAYAVARMAN,Players:Expansion2_Players::LEADER_NZINGA_MBANDE,Players:Expansion2_Players::LEADER_PHILIP_II,Players:Expansion2_Players::LEADER_PHILIP_II_INLAND,Players:Expansion2_Players::LEADER_BARBAROSSA,Players:Expansion2_Players::LEADER_GANDHI,Players:Expansion2_Players::LEADER_GORGO,Players:Expansion2_Players::LEADER_HARDRADA,Players:Expansion2_Players::LEADER_HARALD_ALT,Players:Expansion2_Players::LEADER_HAMMURABI,Players:Expansion2_Players::LEADER_KUBLAI_KHAN_MONGOLIA,Players:Expansion2_Players::LEADER_KUBLAI_KHAN_CHINA,Players:Expansion2_Players::LEADER_GILGAMESH,Players:Expansion2_Players::LEADER_CYRUS,Players:Expansion2_Players::LEADER_CATHERINE_DE_MEDICI,Players:Expansion2_Players::LEADER_CATHERINE_DE_MEDICI_ALT,Players:Expansion2_Players::LEADER_KRISTINA,Players:Expansion2_Players::LEADER_CLEOPATRA,Players:Expansion2_Players::LEADER_CLEOPATRA_ALT,Players:Expansion2_Players::LEADER_KUPE,Players:Expansion2_Players::LEADER_RAMSES,Players:Expansion2_Players::LEADER_LAUTARO,Players:Expansion2_Players::LEADER_LADY_SIX_SKY,Players:Expansion2_Players::LEADER_LUDWIG,Players:Expansion2_Players::LEADER_ROBERT_THE_BRUCE,Players:Expansion2_Players::LEADER_MANSA_MUSA,Players:Expansion2_Players::LEADER_MONTEZUMA,Players:Expansion2_Players::LEADER_MENELIK,Players:Expansion2_Players::LEADER_MVEMBA,Players:Expansion2_Players::LEADER_NADER_SHAH,Players:Expansion2_Players::LEADER_PACHACUTI,Players:Expansion2_Players::LEADER_POUNDMAKER,Players:Expansion2_Players::LEADER_PEDRO,Players:Expansion2_Players::LEADER_SHAKA,Players:Expansion2_Players::LEADER_QIN_ALT,Players:Expansion2_Players::LEADER_QIN,Players:Expansion2_Players::LEADER_JOAO_III,Players:Expansion2_Players::LEADER_SALADIN_ALT,Players:Expansion2_Players::LEADER_SALADIN,Players:Expansion2_Players::LEADER_SEONDEOK,Players:Expansion2_Players::LEADER_SEJONG,Players:Expansion2_Players::LEADER_SUNDIATA_KEITA,Players:Expansion2_Players::LEADER_SULEIMAN_ALT,Players:Expansion2_Players::LEADER_SULEIMAN,Players:Expansion2_Players::LEADER_TAMAR,Players:Expansion2_Players::LEADER_T_ROOSEVELT,Players:Expansion2_Players::LEADER_GITARJA,Players:Expansion2_Players::LEADER_TRAJAN,Players:Expansion2_Players::LEADER_TOMYRIS,Players:Expansion2_Players::LEADER_LAURIER,Players:Expansion2_Players::LEADER_WILHELMINA,Players:Expansion2_Players::LEADER_WILHELMINA_INLAND,Players:Expansion2_Players::LEADER_VICTORIA,Players:Expansion2_Players::LEADER_VICTORIA_ALT,Players:Expansion2_Players::LEADER_WU_ZETIAN,Players:Expansion2_Players::LEADER_SIMON_BOLIVAR,Players:Expansion2_Players::LEADER_MATTHIAS_CORVINUS,Players:Expansion2_Players::LEADER_JADWIGA,Players:Expansion2_Players::LEADER_ABRAHAM_LINCOLN,Players:Expansion2_Players::LEADER_ALEXANDER,Players:Expansion2_Players::LEADER_ELIZABETH,Players:Expansion2_Players::LEADER_YONGLE,Players:Expansion2_Players::LEADER_JOHN_CURTIN,Players:Expansion2_Players::LEADER_CHANDRAGUPTA,Players:Expansion2_Players::LEADER_LADY_TRIEU
Config CONFIGURATION_PLAYER, Key LEADER_VALUE_DOMAIN (0xcdbd103d), subtype 4, changed to Players:*
Config CONFIGURATION_PLAYER, Key LEADER_NAME (0xf043351a), subtype 5, changed to null
Config CONFIGURATION_PLAYER, Key LEADER_TYPE_NAME (0xe8cd5e5f), subtype 5, changed to null
Config CONFIGURATION_PLAYER, Key LEADER_RANDOM_POOL_ID (0x402bf356), subtype 5, changed to 0x00000000
Config CONFIGURATION_PLAYER, Key LEADER_RANDOM_POOL_ID (0x402bf356), subtype 5, changed to 0
Config CONFIGURATION_PLAYER, Key LEADER_DOMAIN (0x4fe363bb), subtype 5, changed to Players:Expansion2_Players
Config CONFIGURATION_PLAYER, Key LEADER_VALUES (0xd2ed3156), subtype 5, changed to Players:*::RANDOM,Players:*::RANDOM_POOL1,Players:*::RANDOM_POOL2,Players:Expansion2_Players::LEADER_ELEANOR_FRANCE,Players:Expansion2_Players::LEADER_ELEANOR_ENGLAND,Players:Expansion2_Players::LEADER_AMBIORIX,Players:Expansion2_Players::LEADER_BASIL,Players:Expansion2_Players::LEADER_HOJO,Players:Expansion2_Players::LEADER_HOJO_INLAND,Players:Expansion2_Players::LEADER_PETER_GREAT,Players:Expansion2_Players::LEADER_PERICLES,Players:Expansion2_Players::LEADER_GENGHIS_KHAN,Players:Expansion2_Players::LEADER_TOKUGAWA,Players:Expansion2_Players::LEADER_THEODORA,Players:Expansion2_Players::LEADER_DIDO,Players:Expansion2_Players::LEADER_JAYAVARMAN,Players:Expansion2_Players::LEADER_NZINGA_MBANDE,Players:Expansion2_Players::LEADER_PHILIP_II,Players:Expansion2_Players::LEADER_PHILIP_II_INLAND,Players:Expansion2_Players::LEADER_BARBAROSSA,Players:Expansion2_Players::LEADER_GANDHI,Players:Expansion2_Players::LEADER_GORGO,Players:Expansion2_Players::LEADER_HARDRADA,Players:Expansion2_Players::LEADER_HARALD_ALT,Players:Expansion2_Players::LEADER_HAMMURABI,Players:Expansion2_Players::LEADER_KUBLAI_KHAN_MONGOLIA,Players:Expansion2_Players::LEADER_KUBLAI_KHAN_CHINA,Players:Expansion2_Players::LEADER_GILGAMESH,Players:Expansion2_Players::LEADER_CYRUS,Players:Expansion2_Players::LEADER_CATHERINE_DE_MEDICI,Players:Expansion2_Players::LEADER_CATHERINE_DE_MEDICI_ALT,Players:Expansion2_Players::LEADER_KRISTINA,Players:Expansion2_Players::LEADER_CLEOPATRA,Players:Expansion2_Players::LEADER_CLEOPATRA_ALT,Players:Expansion2_Players::LEADER_KUPE,Players:Expansion2_Players::LEADER_RAMSES,Players:Expansion2_Players::LEADER_LAUTARO,Players:Expansion2_Players::LEADER_LADY_SIX_SKY,Players:Expansion2_Players::LEADER_LUDWIG,Players:Expansion2_Players::LEADER_ROBERT_THE_BRUCE,Players:Expansion2_Players::LEADER_MANSA_MUSA,Players:Expansion2_Players::LEADER_MONTEZUMA,Players:Expansion2_Players::LEADER_MENELIK,Players:Expansion2_Players::LEADER_MVEMBA,Players:Expansion2_Players::LEADER_NADER_SHAH,Players:Expansion2_Players::LEADER_PACHACUTI,Players:Expansion2_Players::LEADER_POUNDMAKER,Players:Expansion2_Players::LEADER_PEDRO,Players:Expansion2_Players::LEADER_SHAKA,Players:Expansion2_Players::LEADER_QIN_ALT,Players:Expansion2_Players::LEADER_QIN,Players:Expansion2_Players::LEADER_JOAO_III,Players:Expansion2_Players::LEADER_SALADIN_ALT,Players:Expansion2_Players::LEADER_SALADIN,Players:Expansion2_Players::LEADER_SEONDEOK,Players:Expansion2_Players::LEADER_SEJONG,Players:Expansion2_Players::LEADER_SUNDIATA_KEITA,Players:Expansion2_Players::LEADER_SULEIMAN_ALT,Players:Expansion2_Players::LEADER_SULEIMAN,Players:Expansion2_Players::LEADER_TAMAR,Players:Expansion2_Players::LEADER_T_ROOSEVELT,Players:Expansion2_Players::LEADER_GITARJA,Players:Expansion2_Players::LEADER_TRAJAN,Players:Expansion2_Players::LEADER_TOMYRIS,Players:Expansion2_Players::LEADER_LAURIER,Players:Expansion2_Players::LEADER_WILHELMINA,Players:Expansion2_Players::LEADER_WILHELMINA_INLAND,Players:Expansion2_Players::LEADER_VICTORIA,Players:Expansion2_Players::LEADER_VICTORIA_ALT,Players:Expansion2_Players::LEADER_WU_ZETIAN,Players:Expansion2_Players::LEADER_SIMON_BOLIVAR,Players:Expansion2_Players::LEADER_MATTHIAS_CORVINUS,Players:Expansion2_Players::LEADER_JADWIGA,Players:Expansion2_Players::LEADER_ABRAHAM_LINCOLN,Players:Expansion2_Players::LEADER_ALEXANDER,Players:Expansion2_Players::LEADER_ELIZABETH,Players:Expansion2_Players::LEADER_YONGLE,Players:Expansion2_Players::LEADER_JOHN_CURTIN,Players:Expansion2_Players::LEADER_CHANDRAGUPTA,Players:Expansion2_Players::LEADER_LADY_TRIEU
Config CONFIGURATION_PLAYER, Key LEADER_VALUE_DOMAIN (0xcdbd103d), subtype 5, changed to Players:*
Config CONFIGURATION_PLAYER, Key LEADER_NAME (0xf043351a), subtype 6, changed to null
Config CONFIGURATION_PLAYER, Key LEADER_TYPE_NAME (0xe8cd5e5f), subtype 6, changed to null
Config CONFIGURATION_PLAYER, Key LEADER_RANDOM_POOL_ID (0x402bf356), subtype 6, changed to 0x00000000
Config CONFIGURATION_PLAYER, Key LEADER_RANDOM_POOL_ID (0x402bf356), subtype 6, changed to 0
Config CONFIGURATION_PLAYER, Key LEADER_DOMAIN (0x4fe363bb), subtype 6, changed to Players:Expansion2_Players
Config CONFIGURATION_PLAYER, Key LEADER_VALUES (0xd2ed3156), subtype 6, changed to Players:*::RANDOM,Players:*::RANDOM_POOL1,Players:*::RANDOM_POOL2,Players:Expansion2_Players::LEADER_ELEANOR_FRANCE,Players:Expansion2_Players::LEADER_ELEANOR_ENGLAND,Players:Expansion2_Players::LEADER_AMBIORIX,Players:Expansion2_Players::LEADER_BASIL,Players:Expansion2_Players::LEADER_HOJO,Players:Expansion2_Players::LEADER_HOJO_INLAND,Players:Expansion2_Players::LEADER_PETER_GREAT,Players:Expansion2_Players::LEADER_PERICLES,Players:Expansion2_Players::LEADER_GENGHIS_KHAN,Players:Expansion2_Players::LEADER_TOKUGAWA,Players:Expansion2_Players::LEADER_THEODORA,Players:Expansion2_Players::LEADER_DIDO,Players:Expansion2_Players::LEADER_JAYAVARMAN,Players:Expansion2_Players::LEADER_NZINGA_MBANDE,Players:Expansion2_Players::LEADER_PHILIP_II,Players:Expansion2_Players::LEADER_PHILIP_II_INLAND,Players:Expansion2_Players::LEADER_BARBAROSSA,Players:Expansion2_Players::LEADER_GANDHI,Players:Expansion2_Players::LEADER_GORGO,Players:Expansion2_Players::LEADER_HARDRADA,Players:Expansion2_Players::LEADER_HARALD_ALT,Players:Expansion2_Players::LEADER_HAMMURABI,Players:Expansion2_Players::LEADER_KUBLAI_KHAN_MONGOLIA,Players:Expansion2_Players::LEADER_KUBLAI_KHAN_CHINA,Players:Expansion2_Players::LEADER_GILGAMESH,Players:Expansion2_Players::LEADER_CYRUS,Players:Expansion2_Players::LEADER_CATHERINE_DE_MEDICI,Players:Expansion2_Players::LEADER_CATHERINE_DE_MEDICI_ALT,Players:Expansion2_Players::LEADER_KRISTINA,Players:Expansion2_Players::LEADER_CLEOPATRA,Players:Expansion2_Players::LEADER_CLEOPATRA_ALT,Players:Expansion2_Players::LEADER_KUPE,Players:Expansion2_Players::LEADER_RAMSES,Players:Expansion2_Players::LEADER_LAUTARO,Players:Expansion2_Players::LEADER_LADY_SIX_SKY,Players:Expansion2_Players::LEADER_LUDWIG,Players:Expansion2_Players::LEADER_ROBERT_THE_BRUCE,Players:Expansion2_Players::LEADER_MANSA_MUSA,Players:Expansion2_Players::LEADER_MONTEZUMA,Players:Expansion2_Players::LEADER_MENELIK,Players:Expansion2_Players::LEADER_MVEMBA,Players:Expansion2_Players::LEADER_NADER_SHAH,Players:Expansion2_Players::LEADER_PACHACUTI,Players:Expansion2_Players::LEADER_POUNDMAKER,Players:Expansion2_Players::LEADER_PEDRO,Players:Expansion2_Players::LEADER_SHAKA,Players:Expansion2_Players::LEADER_QIN_ALT,Players:Expansion2_Players::LEADER_QIN,Players:Expansion2_Players::LEADER_JOAO_III,Players:Expansion2_Players::LEADER_SALADIN_ALT,Players:Expansion2_Players::LEADER_SALADIN,Players:Expansion2_Players::LEADER_SEONDEOK,Players:Expansion2_Players::LEADER_SEJONG,Players:Expansion2_Players::LEADER_SUNDIATA_KEITA,Players:Expansion2_Players::LEADER_SULEIMAN_ALT,Players:Expansion2_Players::LEADER_SULEIMAN,Players:Expansion2_Players::LEADER_TAMAR,Players:Expansion2_Players::LEADER_T_ROOSEVELT,Players:Expansion2_Players::LEADER_GITARJA,Players:Expansion2_Players::LEADER_TRAJAN,Players:Expansion2_Players::LEADER_TOMYRIS,Players:Expansion2_Players::LEADER_LAURIER,Players:Expansion2_Players::LEADER_WILHELMINA,Players:Expansion2_Players::LEADER_WILHELMINA_INLAND,Players:Expansion2_Players::LEADER_VICTORIA,Players:Expansion2_Players::LEADER_VICTORIA_ALT,Players:Expansion2_Players::LEADER_WU_ZETIAN,Players:Expansion2_Players::LEADER_SIMON_BOLIVAR,Players:Expansion2_Players::LEADER_MATTHIAS_CORVINUS,Players:Expansion2_Players::LEADER_JADWIGA,Players:Expansion2_Players::LEADER_ABRAHAM_LINCOLN,Players:Expansion2_Players::LEADER_ALEXANDER,Players:Expansion2_Players::LEADER_ELIZABETH,Players:Expansion2_Players::LEADER_YONGLE,Players:Expansion2_Players::LEADER_JOHN_CURTIN,Players:Expansion2_Players::LEADER_CHANDRAGUPTA,Players:Expansion2_Players::LEADER_LADY_TRIEU
Config CONFIGURATION_PLAYER, Key LEADER_VALUE_DOMAIN (0xcdbd103d), subtype 6, changed to Players:*
Config CONFIGURATION_PLAYER, Key LEADER_NAME (0xf043351a), subtype 7, changed to null
Config CONFIGURATION_PLAYER, Key LEADER_TYPE_NAME (0xe8cd5e5f), subtype 7, changed to null
Config CONFIGURATION_PLAYER, Key LEADER_RANDOM_POOL_ID (0x402bf356), subtype 7, changed to 0x00000000
Config CONFIGURATION_PLAYER, Key LEADER_RANDOM_POOL_ID (0x402bf356), subtype 7, changed to 0
Config CONFIGURATION_PLAYER, Key LEADER_DOMAIN (0x4fe363bb), subtype 7, changed to Players:Expansion2_Players
Config CONFIGURATION_PLAYER, Key LEADER_VALUES (0xd2ed3156), subtype 7, changed to Players:*::RANDOM,Players:*::RANDOM_POOL1,Players:*::RANDOM_POOL2,Players:Expansion2_Players::LEADER_ELEANOR_FRANCE,Players:Expansion2_Players::LEADER_ELEANOR_ENGLAND,Players:Expansion2_Players::LEADER_AMBIORIX,Players:Expansion2_Players::LEADER_BASIL,Players:Expansion2_Players::LEADER_HOJO,Players:Expansion2_Players::LEADER_HOJO_INLAND,Players:Expansion2_Players::LEADER_PETER_GREAT,Players:Expansion2_Players::LEADER_PERICLES,Players:Expansion2_Players::LEADER_GENGHIS_KHAN,Players:Expansion2_Players::LEADER_TOKUGAWA,Players:Expansion2_Players::LEADER_THEODORA,Players:Expansion2_Players::LEADER_DIDO,Players:Expansion2_Players::LEADER_JAYAVARMAN,Players:Expansion2_Players::LEADER_NZINGA_MBANDE,Players:Expansion2_Players::LEADER_PHILIP_II,Players:Expansion2_Players::LEADER_PHILIP_II_INLAND,Players:Expansion2_Players::LEADER_BARBAROSSA,Players:Expansion2_Players::LEADER_GANDHI,Players:Expansion2_Players::LEADER_GORGO,Players:Expansion2_Players::LEADER_HARDRADA,Players:Expansion2_Players::LEADER_HARALD_ALT,Players:Expansion2_Players::LEADER_HAMMURABI,Players:Expansion2_Players::LEADER_KUBLAI_KHAN_MONGOLIA,Players:Expansion2_Players::LEADER_KUBLAI_KHAN_CHINA,Players:Expansion2_Players::LEADER_GILGAMESH,Players:Expansion2_Players::LEADER_CYRUS,Players:Expansion2_Players::LEADER_CATHERINE_DE_MEDICI,Players:Expansion2_Players::LEADER_CATHERINE_DE_MEDICI_ALT,Players:Expansion2_Players::LEADER_KRISTINA,Players:Expansion2_Players::LEADER_CLEOPATRA,Players:Expansion2_Players::LEADER_CLEOPATRA_ALT,Players:Expansion2_Players::LEADER_KUPE,Players:Expansion2_Players::LEADER_RAMSES,Players:Expansion2_Players::LEADER_LAUTARO,Players:Expansion2_Players::LEADER_LADY_SIX_SKY,Players:Expansion2_Players::LEADER_LUDWIG,Players:Expansion2_Players::LEADER_ROBERT_THE_BRUCE,Players:Expansion2_Players::LEADER_MANSA_MUSA,Players:Expansion2_Players::LEADER_MONTEZUMA,Players:Expansion2_Players::LEADER_MENELIK,Players:Expansion2_Players::LEADER_MVEMBA,Players:Expansion2_Players::LEADER_NADER_SHAH,Players:Expansion2_Players::LEADER_PACHACUTI,Players:Expansion2_Players::LEADER_POUNDMAKER,Players:Expansion2_Players::LEADER_PEDRO,Players:Expansion2_Players::LEADER_SHAKA,Players:Expansion2_Players::LEADER_QIN_ALT,Players:Expansion2_Players::LEADER_QIN,Players:Expansion2_Players::LEADER_JOAO_III,Players:Expansion2_Players::LEADER_SALADIN_ALT,Players:Expansion2_Players::LEADER_SALADIN,Players:Expansion2_Players::LEADER_SEONDEOK,Players:Expansion2_Players::LEADER_SEJONG,Players:Expansion2_Players::LEADER_SUNDIATA_KEITA,Players:Expansion2_Players::LEADER_SULEIMAN_ALT,Players:Expansion2_Players::LEADER_SULEIMAN,Players:Expansion2_Players::LEADER_TAMAR,Players:Expansion2_Players::LEADER_T_ROOSEVELT,Players:Expansion2_Players::LEADER_GITARJA,Players:Expansion2_Players::LEADER_TRAJAN,Players:Expansion2_Players::LEADER_TOMYRIS,Players:Expansion2_Players::LEADER_LAURIER,Players:Expansion2_Players::LEADER_WILHELMINA,Players:Expansion2_Players::LEADER_WILHELMINA_INLAND,Players:Expansion2_Players::LEADER_VICTORIA,Players:Expansion2_Players::LEADER_VICTORIA_ALT,Players:Expansion2_Players::LEADER_WU_ZETIAN,Players:Expansion2_Players::LEADER_SIMON_BOLIVAR,Players:Expansion2_Players::LEADER_MATTHIAS_CORVINUS,Players:Expansion2_Players::LEADER_JADWIGA,Players:Expansion2_Players::LEADER_ABRAHAM_LINCOLN,Players:Expansion2_Players::LEADER_ALEXANDER,Players:Expansion2_Players::LEADER_ELIZABETH,Players:Expansion2_Players::LEADER_YONGLE,Players:Expansion2_Players::LEADER_JOHN_CURTIN,Players:Expansion2_Players::LEADER_CHANDRAGUPTA,Players:Expansion2_Players::LEADER_LADY_TRIEU
Config CONFIGURATION_PLAYER, Key LEADER_VALUE_DOMAIN (0xcdbd103d), subtype 7, changed to Players:*
Config CONFIGURATION_PLAYER, Key TEAM (0x0d8ab454), subtype 4, changed to 1
Config CONFIGURATION_PLAYER, Key TEAM (0x0d8ab454), subtype 5, changed to 1
Config CONFIGURATION_PLAYER, Key TEAM (0x0d8ab454), subtype 6, changed to 2
Config CONFIGURATION_PLAYER, Key TEAM (0x0d8ab454), subtype 6, changed to 1
Config CONFIGURATION_PLAYER, Key TEAM (0x0d8ab454), subtype 7, changed to 1
Config CONFIGURATION_PLAYER, Key PLAYER_COLOR_ALTERNATE (0xcfaf60ef), subtype 1, changed to 0
Config CONFIGURATION_PLAYER, Key LEADER_NAME (0xf043351a), subtype 1, changed to LOC_LEADER_HAMMURABI_NAME
Config CONFIGURATION_PLAYER, Key LEADER_TYPE_NAME (0xe8cd5e5f), subtype 1, changed to LEADER_HAMMURABI
Config CONFIGURATION_PLAYER, Key LEADER_TYPE_ID (0xdfe4fcc7), subtype 1, changed to 0x396c1aa5
Config CONFIGURATION_PLAYER, Key LEADER_RANDOM_POOL_ID (0x402bf356), subtype 1, removed
Config CONFIGURATION_PLAYER, Key LEADER_DOMAIN (0x4fe363bb), subtype 1, changed to Players:Expansion2_Players
Config CONFIGURATION_PLAYER, Key LEADER_VALUES (0xd2ed3156), subtype 1, changed to Players:*::RANDOM,Players:*::RANDOM_POOL1,Players:*::RANDOM_POOL2,Players:Expansion2_Players::LEADER_ELEANOR_FRANCE,Players:Expansion2_Players::LEADER_ELEANOR_ENGLAND,Players:Expansion2_Players::LEADER_AMBIORIX,Players:Expansion2_Players::LEADER_BASIL,Players:Expansion2_Players::LEADER_HOJO,Players:Expansion2_Players::LEADER_HOJO_INLAND,Players:Expansion2_Players::LEADER_PETER_GREAT,Players:Expansion2_Players::LEADER_PERICLES,Players:Expansion2_Players::LEADER_GENGHIS_KHAN,Players:Expansion2_Players::LEADER_TOKUGAWA,Players:Expansion2_Players::LEADER_THEODORA,Players:Expansion2_Players::LEADER_DIDO,Players:Expansion2_Players::LEADER_JAYAVARMAN,Players:Expansion2_Players::LEADER_NZINGA_MBANDE,Players:Expansion2_Players::LEADER_PHILIP_II,Players:Expansion2_Players::LEADER_PHILIP_II_INLAND,Players:Expansion2_Players::LEADER_BARBAROSSA,Players:Expansion2_Players::LEADER_GANDHI,Players:Expansion2_Players::LEADER_GORGO,Players:Expansion2_Players::LEADER_HARDRADA,Players:Expansion2_Players::LEADER_HARALD_ALT,Players:Expansion2_Players::LEADER_HAMMURABI,Players:Expansion2_Players::LEADER_KUBLAI_KHAN_MONGOLIA,Players:Expansion2_Players::LEADER_KUBLAI_KHAN_CHINA,Players:Expansion2_Players::LEADER_GILGAMESH,Players:Expansion2_Players::LEADER_CYRUS,Players:Expansion2_Players::LEADER_CATHERINE_DE_MEDICI,Players:Expansion2_Players::LEADER_CATHERINE_DE_MEDICI_ALT,Players:Expansion2_Players::LEADER_KRISTINA,Players:Expansion2_Players::LEADER_CLEOPATRA,Players:Expansion2_Players::LEADER_CLEOPATRA_ALT,Players:Expansion2_Players::LEADER_KUPE,Players:Expansion2_Players::LEADER_RAMSES,Players:Expansion2_Players::LEADER_LAUTARO,Players:Expansion2_Players::LEADER_LADY_SIX_SKY,Players:Expansion2_Players::LEADER_LUDWIG,Players:Expansion2_Players::LEADER_ROBERT_THE_BRUCE,Players:Expansion2_Players::LEADER_MANSA_MUSA,Players:Expansion2_Players::LEADER_MONTEZUMA,Players:Expansion2_Players::LEADER_MENELIK,Players:Expansion2_Players::LEADER_MVEMBA,Players:Expansion2_Players::LEADER_NADER_SHAH,Players:Expansion2_Players::LEADER_PACHACUTI,Players:Expansion2_Players::LEADER_POUNDMAKER,Players:Expansion2_Players::LEADER_PEDRO,Players:Expansion2_Players::LEADER_SHAKA,Players:Expansion2_Players::LEADER_QIN_ALT,Players:Expansion2_Players::LEADER_QIN,Players:Expansion2_Players::LEADER_JOAO_III,Players:Expansion2_Players::LEADER_SALADIN_ALT,Players:Expansion2_Players::LEADER_SALADIN,Players:Expansion2_Players::LEADER_SEONDEOK,Players:Expansion2_Players::LEADER_SEJONG,Players:Expansion2_Players::LEADER_SUNDIATA_KEITA,Players:Expansion2_Players::LEADER_SULEIMAN_ALT,Players:Expansion2_Players::LEADER_SULEIMAN,Players:Expansion2_Players::LEADER_TAMAR,Players:Expansion2_Players::LEADER_T_ROOSEVELT,Players:Expansion2_Players::LEADER_GITARJA,Players:Expansion2_Players::LEADER_TRAJAN,Players:Expansion2_Players::LEADER_TOMYRIS,Players:Expansion2_Players::LEADER_LAURIER,Players:Expansion2_Players::LEADER_WILHELMINA,Players:Expansion2_Players::LEADER_WILHELMINA_INLAND,Players:Expansion2_Players::LEADER_VICTORIA,Players:Expansion2_Players::LEADER_VICTORIA_ALT,Players:Expansion2_Players::LEADER_WU_ZETIAN,Players:Expansion2_Players::LEADER_SIMON_BOLIVAR,Players:Expansion2_Players::LEADER_MATTHIAS_CORVINUS,Players:Expansion2_Players::LEADER_JADWIGA,Players:Expansion2_Players::LEADER_ABRAHAM_LINCOLN,Players:Expansion2_Players::LEADER_ALEXANDER,Players:Expansion2_Players::LEADER_ELIZABETH,Players:Expansion2_Players::LEADER_YONGLE,Players:Expansion2_Players::LEADER_JOHN_CURTIN,Players:Expansion2_Players::LEADER_CHANDRAGUPTA,Players:Expansion2_Players::LEADER_LADY_TRIEU
Config CONFIGURATION_PLAYER, Key LEADER_VALUE_DOMAIN (0xcdbd103d), subtype 1, changed to Players:Expansion2_Players
Config CONFIGURATION_PLAYER, Key CIVILIZATION_TYPE_NAME (0x9d5e5c2f), subtype 1, changed to CIVILIZATION_BABYLON_STK
Config CONFIGURATION_PLAYER, Key CIVILIZATION_TYPE_ID (0xc7d7515b), subtype 1, changed to 1770109778
Config CONFIGURATION_PLAYER, Key LEADER_NAME (0xf043351a), subtype 4, changed to null
Config CONFIGURATION_PLAYER, Key LEADER_TYPE_NAME (0xe8cd5e5f), subtype 4, changed to null
Config CONFIGURATION_PLAYER, Key LEADER_RANDOM_POOL_ID (0x402bf356), subtype 4, changed to 0x00000000
Config CONFIGURATION_PLAYER, Key LEADER_RANDOM_POOL_ID (0x402bf356), subtype 4, changed to 0
Config CONFIGURATION_PLAYER, Key LEADER_DOMAIN (0x4fe363bb), subtype 4, changed to Players:Expansion2_Players
Config CONFIGURATION_PLAYER, Key LEADER_VALUES (0xd2ed3156), subtype 4, changed to Players:*::RANDOM,Players:*::RANDOM_POOL1,Players:*::RANDOM_POOL2,Players:Expansion2_Players::LEADER_ELEANOR_FRANCE,Players:Expansion2_Players::LEADER_ELEANOR_ENGLAND,Players:Expansion2_Players::LEADER_AMBIORIX,Players:Expansion2_Players::LEADER_BASIL,Players:Expansion2_Players::LEADER_HOJO,Players:Expansion2_Players::LEADER_HOJO_INLAND,Players:Expansion2_Players::LEADER_PETER_GREAT,Players:Expansion2_Players::LEADER_PERICLES,Players:Expansion2_Players::LEADER_GENGHIS_KHAN,Players:Expansion2_Players::LEADER_TOKUGAWA,Players:Expansion2_Players::LEADER_THEODORA,Players:Expansion2_Players::LEADER_DIDO,Players:Expansion2_Players::LEADER_JAYAVARMAN,Players:Expansion2_Players::LEADER_NZINGA_MBANDE,Players:Expansion2_Players::LEADER_PHILIP_II,Players:Expansion2_Players::LEADER_PHILIP_II_INLAND,Players:Expansion2_Players::LEADER_BARBAROSSA,Players:Expansion2_Players::LEADER_GANDHI,Players:Expansion2_Players::LEADER_GORGO,Players:Expansion2_Players::LEADER_HARDRADA,Players:Expansion2_Players::LEADER_HARALD_ALT,Players:Expansion2_Players::LEADER_KUBLAI_KHAN_MONGOLIA,Players:Expansion2_Players::LEADER_KUBLAI_KHAN_CHINA,Players:Expansion2_Players::LEADER_GILGAMESH,Players:Expansion2_Players::LEADER_CYRUS,Players:Expansion2_Players::LEADER_CATHERINE_DE_MEDICI,Players:Expansion2_Players::LEADER_CATHERINE_DE_MEDICI_ALT,Players:Expansion2_Players::LEADER_KRISTINA,Players:Expansion2_Players::LEADER_CLEOPATRA,Players:Expansion2_Players::LEADER_CLEOPATRA_ALT,Players:Expansion2_Players::LEADER_KUPE,Players:Expansion2_Players::LEADER_RAMSES,Players:Expansion2_Players::LEADER_LAUTARO,Players:Expansion2_Players::LEADER_LADY_SIX_SKY,Players:Expansion2_Players::LEADER_LUDWIG,Players:Expansion2_Players::LEADER_ROBERT_THE_BRUCE,Players:Expansion2_Players::LEADER_MANSA_MUSA,Players:Expansion2_Players::LEADER_MONTEZUMA,Players:Expansion2_Players::LEADER_MENELIK,Players:Expansion2_Players::LEADER_MVEMBA,Players:Expansion2_Players::LEADER_NADER_SHAH,Players:Expansion2_Players::LEADER_PACHACUTI,Players:Expansion2_Players::LEADER_POUNDMAKER,Players:Expansion2_Players::LEADER_PEDRO,Players:Expansion2_Players::LEADER_SHAKA,Players:Expansion2_Players::LEADER_QIN_ALT,Players:Expansion2_Players::LEADER_QIN,Players:Expansion2_Players::LEADER_JOAO_III,Players:Expansion2_Players::LEADER_SALADIN_ALT,Players:Expansion2_Players::LEADER_SALADIN,Players:Expansion2_Players::LEADER_SEONDEOK,Players:Expansion2_Players::LEADER_SEJONG,Players:Expansion2_Players::LEADER_SUNDIATA_KEITA,Players:Expansion2_Players::LEADER_SULEIMAN_ALT,Players:Expansion2_Players::LEADER_SULEIMAN,Players:Expansion2_Players::LEADER_TAMAR,Players:Expansion2_Players::LEADER_T_ROOSEVELT,Players:Expansion2_Players::LEADER_GITARJA,Players:Expansion2_Players::LEADER_TRAJAN,Players:Expansion2_Players::LEADER_TOMYRIS,Players:Expansion2_Players::LEADER_LAURIER,Players:Expansion2_Players::LEADER_WILHELMINA,Players:Expansion2_Players::LEADER_WILHELMINA_INLAND,Players:Expansion2_Players::LEADER_VICTORIA,Players:Expansion2_Players::LEADER_VICTORIA_ALT,Players:Expansion2_Players::LEADER_WU_ZETIAN,Players:Expansion2_Players::LEADER_SIMON_BOLIVAR,Players:Expansion2_Players::LEADER_MATTHIAS_CORVINUS,Players:Expansion2_Players::LEADER_JADWIGA,Players:Expansion2_Players::LEADER_ABRAHAM_LINCOLN,Players:Expansion2_Players::LEADER_ALEXANDER,Players:Expansion2_Players::LEADER_ELIZABETH,Players:Expansion2_Players::LEADER_YONGLE,Players:Expansion2_Players::LEADER_JOHN_CURTIN,Players:Expansion2_Players::LEADER_CHANDRAGUPTA,Players:Expansion2_Players::LEADER_LADY_TRIEU
Config CONFIGURATION_PLAYER, Key LEADER_VALUE_DOMAIN (0xcdbd103d), subtype 4, changed to Players:*
Config CONFIGURATION_PLAYER, Key LEADER_NAME (0xf043351a), subtype 5, changed to null
Config CONFIGURATION_PLAYER, Key LEADER_TYPE_NAME (0xe8cd5e5f), subtype 5, changed to null
Config CONFIGURATION_PLAYER, Key LEADER_RANDOM_POOL_ID (0x402bf356), subtype 5, changed to 0x00000000
Config CONFIGURATION_PLAYER, Key LEADER_RANDOM_POOL_ID (0x402bf356), subtype 5, changed to 0
Config CONFIGURATION_PLAYER, Key LEADER_DOMAIN (0x4fe363bb), subtype 5, changed to Players:Expansion2_Players
Config CONFIGURATION_PLAYER, Key LEADER_VALUES (0xd2ed3156), subtype 5, changed to Players:*::RANDOM,Players:*::RANDOM_POOL1,Players:*::RANDOM_POOL2,Players:Expansion2_Players::LEADER_ELEANOR_FRANCE,Players:Expansion2_Players::LEADER_ELEANOR_ENGLAND,Players:Expansion2_Players::LEADER_AMBIORIX,Players:Expansion2_Players::LEADER_BASIL,Players:Expansion2_Players::LEADER_HOJO,Players:Expansion2_Players::LEADER_HOJO_INLAND,Players:Expansion2_Players::LEADER_PETER_GREAT,Players:Expansion2_Players::LEADER_PERICLES,Players:Expansion2_Players::LEADER_GENGHIS_KHAN,Players:Expansion2_Players::LEADER_TOKUGAWA,Players:Expansion2_Players::LEADER_THEODORA,Players:Expansion2_Players::LEADER_DIDO,Players:Expansion2_Players::LEADER_JAYAVARMAN,Players:Expansion2_Players::LEADER_NZINGA_MBANDE,Players:Expansion2_Players::LEADER_PHILIP_II,Players:Expansion2_Players::LEADER_PHILIP_II_INLAND,Players:Expansion2_Players::LEADER_BARBAROSSA,Players:Expansion2_Players::LEADER_GANDHI,Players:Expansion2_Players::LEADER_GORGO,Players:Expansion2_Players::LEADER_HARDRADA,Players:Expansion2_Players::LEADER_HARALD_ALT,Players:Expansion2_Players::LEADER_KUBLAI_KHAN_MONGOLIA,Players:Expansion2_Players::LEADER_KUBLAI_KHAN_CHINA,Players:Expansion2_Players::LEADER_GILGAMESH,Players:Expansion2_Players::LEADER_CYRUS,Players:Expansion2_Players::LEADER_CATHERINE_DE_MEDICI,Players:Expansion2_Players::LEADER_CATHERINE_DE_MEDICI_ALT,Players:Expansion2_Players::LEADER_KRISTINA,Players:Expansion2_Players::LEADER_CLEOPATRA,Players:Expansion2_Players::LEADER_CLEOPATRA_ALT,Players:Expansion2_Players::LEADER_KUPE,Players:Expansion2_Players::LEADER_RAMSES,Players:Expansion2_Players::LEADER_LAUTARO,Players:Expansion2_Players::LEADER_LADY_SIX_SKY,Players:Expansion2_Players::LEADER_LUDWIG,Players:Expansion2_Players::LEADER_ROBERT_THE_BRUCE,Players:Expansion2_Players::LEADER_MANSA_MUSA,Players:Expansion2_Players::LEADER_MONTEZUMA,Players:Expansion2_Players::LEADER_MENELIK,Players:Expansion2_Players::LEADER_MVEMBA,Players:Expansion2_Players::LEADER_NADER_SHAH,Players:Expansion2_Players::LEADER_PACHACUTI,Players:Expansion2_Players::LEADER_POUNDMAKER,Players:Expansion2_Players::LEADER_PEDRO,Players:Expansion2_Players::LEADER_SHAKA,Players:Expansion2_Players::LEADER_QIN_ALT,Players:Expansion2_Players::LEADER_QIN,Players:Expansion2_Players::LEADER_JOAO_III,Players:Expansion2_Players::LEADER_SALADIN_ALT,Players:Expansion2_Players::LEADER_SALADIN,Players:Expansion2_Players::LEADER_SEONDEOK,Players:Expansion2_Players::LEADER_SEJONG,Players:Expansion2_Players::LEADER_SUNDIATA_KEITA,Players:Expansion2_Players::LEADER_SULEIMAN_ALT,Players:Expansion2_Players::LEADER_SULEIMAN,Players:Expansion2_Players::LEADER_TAMAR,Players:Expansion2_Players::LEADER_T_ROOSEVELT,Players:Expansion2_Players::LEADER_GITARJA,Players:Expansion2_Players::LEADER_TRAJAN,Players:Expansion2_Players::LEADER_TOMYRIS,Players:Expansion2_Players::LEADER_LAURIER,Players:Expansion2_Players::LEADER_WILHELMINA,Players:Expansion2_Players::LEADER_WILHELMINA_INLAND,Players:Expansion2_Players::LEADER_VICTORIA,Players:Expansion2_Players::LEADER_VICTORIA_ALT,Players:Expansion2_Players::LEADER_WU_ZETIAN,Players:Expansion2_Players::LEADER_SIMON_BOLIVAR,Players:Expansion2_Players::LEADER_MATTHIAS_CORVINUS,Players:Expansion2_Players::LEADER_JADWIGA,Players:Expansion2_Players::LEADER_ABRAHAM_LINCOLN,Players:Expansion2_Players::LEADER_ALEXANDER,Players:Expansion2_Players::LEADER_ELIZABETH,Players:Expansion2_Players::LEADER_YONGLE,Players:Expansion2_Players::LEADER_JOHN_CURTIN,Players:Expansion2_Players::LEADER_CHANDRAGUPTA,Players:Expansion2_Players::LEADER_LADY_TRIEU
Config CONFIGURATION_PLAYER, Key LEADER_VALUE_DOMAIN (0xcdbd103d), subtype 5, changed to Players:*
Config CONFIGURATION_PLAYER, Key LEADER_NAME (0xf043351a), subtype 6, changed to null
Config CONFIGURATION_PLAYER, Key LEADER_TYPE_NAME (0xe8cd5e5f), subtype 6, changed to null
Config CONFIGURATION_PLAYER, Key LEADER_RANDOM_POOL_ID (0x402bf356), subtype 6, changed to 0x00000000
Config CONFIGURATION_PLAYER, Key LEADER_RANDOM_POOL_ID (0x402bf356), subtype 6, changed to 0
Config CONFIGURATION_PLAYER, Key LEADER_DOMAIN (0x4fe363bb), subtype 6, changed to Players:Expansion2_Players
Config CONFIGURATION_PLAYER, Key LEADER_VALUES (0xd2ed3156), subtype 6, changed to Players:*::RANDOM,Players:*::RANDOM_POOL1,Players:*::RANDOM_POOL2,Players:Expansion2_Players::LEADER_ELEANOR_FRANCE,Players:Expansion2_Players::LEADER_ELEANOR_ENGLAND,Players:Expansion2_Players::LEADER_AMBIORIX,Players:Expansion2_Players::LEADER_BASIL,Players:Expansion2_Players::LEADER_HOJO,Players:Expansion2_Players::LEADER_HOJO_INLAND,Players:Expansion2_Players::LEADER_PETER_GREAT,Players:Expansion2_Players::LEADER_PERICLES,Players:Expansion2_Players::LEADER_GENGHIS_KHAN,Players:Expansion2_Players::LEADER_TOKUGAWA,Players:Expansion2_Players::LEADER_THEODORA,Players:Expansion2_Players::LEADER_DIDO,Players:Expansion2_Players::LEADER_JAYAVARMAN,Players:Expansion2_Players::LEADER_NZINGA_MBANDE,Players:Expansion2_Players::LEADER_PHILIP_II,Players:Expansion2_Players::LEADER_PHILIP_II_INLAND,Players:Expansion2_Players::LEADER_BARBAROSSA,Players:Expansion2_Players::LEADER_GANDHI,Players:Expansion2_Players::LEADER_GORGO,Players:Expansion2_Players::LEADER_HARDRADA,Players:Expansion2_Players::LEADER_HARALD_ALT,Players:Expansion2_Players::LEADER_KUBLAI_KHAN_MONGOLIA,Players:Expansion2_Players::LEADER_KUBLAI_KHAN_CHINA,Players:Expansion2_Players::LEADER_GILGAMESH,Players:Expansion2_Players::LEADER_CYRUS,Players:Expansion2_Players::LEADER_CATHERINE_DE_MEDICI,Players:Expansion2_Players::LEADER_CATHERINE_DE_MEDICI_ALT,Players:Expansion2_Players::LEADER_KRISTINA,Players:Expansion2_Players::LEADER_CLEOPATRA,Players:Expansion2_Players::LEADER_CLEOPATRA_ALT,Players:Expansion2_Players::LEADER_KUPE,Players:Expansion2_Players::LEADER_RAMSES,Players:Expansion2_Players::LEADER_LAUTARO,Players:Expansion2_Players::LEADER_LADY_SIX_SKY,Players:Expansion2_Players::LEADER_LUDWIG,Players:Expansion2_Players::LEADER_ROBERT_THE_BRUCE,Players:Expansion2_Players::LEADER_MANSA_MUSA,Players:Expansion2_Players::LEADER_MONTEZUMA,Players:Expansion2_Players::LEADER_MENELIK,Players:Expansion2_Players::LEADER_MVEMBA,Players:Expansion2_Players::LEADER_NADER_SHAH,Players:Expansion2_Players::LEADER_PACHACUTI,Players:Expansion2_Players::LEADER_POUNDMAKER,Players:Expansion2_Players::LEADER_PEDRO,Players:Expansion2_Players::LEADER_SHAKA,Players:Expansion2_Players::LEADER_QIN_ALT,Players:Expansion2_Players::LEADER_QIN,Players:Expansion2_Players::LEADER_JOAO_III,Players:Expansion2_Players::LEADER_SALADIN_ALT,Players:Expansion2_Players::LEADER_SALADIN,Players:Expansion2_Players::LEADER_SEONDEOK,Players:Expansion2_Players::LEADER_SEJONG,Players:Expansion2_Players::LEADER_SUNDIATA_KEITA,Players:Expansion2_Players::LEADER_SULEIMAN_ALT,Players:Expansion2_Players::LEADER_SULEIMAN,Players:Expansion2_Players::LEADER_TAMAR,Players:Expansion2_Players::LEADER_T_ROOSEVELT,Players:Expansion2_Players::LEADER_GITARJA,Players:Expansion2_Players::LEADER_TRAJAN,Players:Expansion2_Players::LEADER_TOMYRIS,Players:Expansion2_Players::LEADER_LAURIER,Players:Expansion2_Players::LEADER_WILHELMINA,Players:Expansion2_Players::LEADER_WILHELMINA_INLAND,Players:Expansion2_Players::LEADER_VICTORIA,Players:Expansion2_Players::LEADER_VICTORIA_ALT,Players:Expansion2_Players::LEADER_WU_ZETIAN,Players:Expansion2_Players::LEADER_SIMON_BOLIVAR,Players:Expansion2_Players::LEADER_MATTHIAS_CORVINUS,Players:Expansion2_Players::LEADER_JADWIGA,Players:Expansion2_Players::LEADER_ABRAHAM_LINCOLN,Players:Expansion2_Players::LEADER_ALEXANDER,Players:Expansion2_Players::LEADER_ELIZABETH,Players:Expansion2_Players::LEADER_YONGLE,Players:Expansion2_Players::LEADER_JOHN_CURTIN,Players:Expansion2_Players::LEADER_CHANDRAGUPTA,Players:Expansion2_Players::LEADER_LADY_TRIEU
Config CONFIGURATION_PLAYER, Key LEADER_VALUE_DOMAIN (0xcdbd103d), subtype 6, changed to Players:*
Config CONFIGURATION_PLAYER, Key LEADER_NAME (0xf043351a), subtype 7, changed to null
Config CONFIGURATION_PLAYER, Key LEADER_TYPE_NAME (0xe8cd5e5f), subtype 7, changed to null
Config CONFIGURATION_PLAYER, Key LEADER_RANDOM_POOL_ID (0x402bf356), subtype 7, changed to 0x00000000
Config CONFIGURATION_PLAYER, Key LEADER_RANDOM_POOL_ID (0x402bf356), subtype 7, changed to 0
Config CONFIGURATION_PLAYER, Key LEADER_DOMAIN (0x4fe363bb), subtype 7, changed to Players:Expansion2_Players
Config CONFIGURATION_PLAYER, Key LEADER_VALUES (0xd2ed3156), subtype 7, changed to Players:*::RANDOM,Players:*::RANDOM_POOL1,Players:*::RANDOM_POOL2,Players:Expansion2_Players::LEADER_ELEANOR_FRANCE,Players:Expansion2_Players::LEADER_ELEANOR_ENGLAND,Players:Expansion2_Players::LEADER_AMBIORIX,Players:Expansion2_Players::LEADER_BASIL,Players:Expansion2_Players::LEADER_HOJO,Players:Expansion2_Players::LEADER_HOJO_INLAND,Players:Expansion2_Players::LEADER_PETER_GREAT,Players:Expansion2_Players::LEADER_PERICLES,Players:Expansion2_Players::LEADER_GENGHIS_KHAN,Players:Expansion2_Players::LEADER_TOKUGAWA,Players:Expansion2_Players::LEADER_THEODORA,Players:Expansion2_Players::LEADER_DIDO,Players:Expansion2_Players::LEADER_JAYAVARMAN,Players:Expansion2_Players::LEADER_NZINGA_MBANDE,Players:Expansion2_Players::LEADER_PHILIP_II,Players:Expansion2_Players::LEADER_PHILIP_II_INLAND,Players:Expansion2_Players::LEADER_BARBAROSSA,Players:Expansion2_Players::LEADER_GANDHI,Players:Expansion2_Players::LEADER_GORGO,Players:Expansion2_Players::LEADER_HARDRADA,Players:Expansion2_Players::LEADER_HARALD_ALT,Players:Expansion2_Players::LEADER_KUBLAI_KHAN_MONGOLIA,Players:Expansion2_Players::LEADER_KUBLAI_KHAN_CHINA,Players:Expansion2_Players::LEADER_GILGAMESH,Players:Expansion2_Players::LEADER_CYRUS,Players:Expansion2_Players::LEADER_CATHERINE_DE_MEDICI,Players:Expansion2_Players::LEADER_CATHERINE_DE_MEDICI_ALT,Players:Expansion2_Players::LEADER_KRISTINA,Players:Expansion2_Players::LEADER_CLEOPATRA,Players:Expansion2_Players::LEADER_CLEOPATRA_ALT,Players:Expansion2_Players::LEADER_KUPE,Players:Expansion2_Players::LEADER_RAMSES,Players:Expansion2_Players::LEADER_LAUTARO,Players:Expansion2_Players::LEADER_LADY_SIX_SKY,Players:Expansion2_Players::LEADER_LUDWIG,Players:Expansion2_Players::LEADER_ROBERT_THE_BRUCE,Players:Expansion2_Players::LEADER_MANSA_MUSA,Players:Expansion2_Players::LEADER_MONTEZUMA,Players:Expansion2_Players::LEADER_MENELIK,Players:Expansion2_Players::LEADER_MVEMBA,Players:Expansion2_Players::LEADER_NADER_SHAH,Players:Expansion2_Players::LEADER_PACHACUTI,Players:Expansion2_Players::LEADER_POUNDMAKER,Players:Expansion2_Players::LEADER_PEDRO,Players:Expansion2_Players::LEADER_SHAKA,Players:Expansion2_Players::LEADER_QIN_ALT,Players:Expansion2_Players::LEADER_QIN,Players:Expansion2_Players::LEADER_JOAO_III,Players:Expansion2_Players::LEADER_SALADIN_ALT,Players:Expansion2_Players::LEADER_SALADIN,Players:Expansion2_Players::LEADER_SEONDEOK,Players:Expansion2_Players::LEADER_SEJONG,Players:Expansion2_Players::LEADER_SUNDIATA_KEITA,Players:Expansion2_Players::LEADER_SULEIMAN_ALT,Players:Expansion2_Players::LEADER_SULEIMAN,Players:Expansion2_Players::LEADER_TAMAR,Players:Expansion2_Players::LEADER_T_ROOSEVELT,Players:Expansion2_Players::LEADER_GITARJA,Players:Expansion2_Players::LEADER_TRAJAN,Players:Expansion2_Players::LEADER_TOMYRIS,Players:Expansion2_Players::LEADER_LAURIER,Players:Expansion2_Players::LEADER_WILHELMINA,Players:Expansion2_Players::LEADER_WILHELMINA_INLAND,Players:Expansion2_Players::LEADER_VICTORIA,Players:Expansion2_Players::LEADER_VICTORIA_ALT,Players:Expansion2_Players::LEADER_WU_ZETIAN,Players:Expansion2_Players::LEADER_SIMON_BOLIVAR,Players:Expansion2_Players::LEADER_MATTHIAS_CORVINUS,Players:Expansion2_Players::LEADER_JADWIGA,Players:Expansion2_Players::LEADER_ABRAHAM_LINCOLN,Players:Expansion2_Players::LEADER_ALEXANDER,Players:Expansion2_Players::LEADER_ELIZABETH,Players:Expansion2_Players::LEADER_YONGLE,Players:Expansion2_Players::LEADER_JOHN_CURTIN,Players:Expansion2_Players::LEADER_CHANDRAGUPTA,Players:Expansion2_Players::LEADER_LADY_TRIEU
Config CONFIGURATION_PLAYER, Key LEADER_VALUE_DOMAIN (0xcdbd103d), subtype 7, changed to Players:*
Config CONFIGURATION_PLAYER, Key HANDICAP_TYPE_ID (0xf85bf1dc), subtype 4, changed to -1874486710
Config CONFIGURATION_PLAYER, Key HANDICAP_TYPE_ID (0xf85bf1dc), subtype 5, changed to -1874486710
Config CONFIGURATION_PLAYER, Key HANDICAP_TYPE_ID (0xf85bf1dc), subtype 6, changed to -1874486710
Config CONFIGURATION_PLAYER, Key HANDICAP_TYPE_ID (0xf85bf1dc), subtype 7, changed to -1874486710
Config CONFIGURATION_PLAYER, Key READY_STATUS (0xa4bd04b1), subtype 1, changed to true
Config CONFIGURATION_PLAYER, Key LEADER_NAME (0xf043351a), subtype 1, changed to LOC_LEADER_HAMMURABI_NAME
Config CONFIGURATION_PLAYER, Key LEADER_TYPE_NAME (0xe8cd5e5f), subtype 1, changed to LEADER_HAMMURABI
Config CONFIGURATION_PLAYER, Key LEADER_DOMAIN (0x4fe363bb), subtype 1, changed to Players:Expansion2_Players
Config CONFIGURATION_PLAYER, Key LEADER_VALUES (0xd2ed3156), subtype 1, changed to Players:*::RANDOM,Players:*::RANDOM_POOL1,Players:*::RANDOM_POOL2,Players:Expansion2_Players::LEADER_ELEANOR_FRANCE,Players:Expansion2_Players::LEADER_ELEANOR_ENGLAND,Players:Expansion2_Players::LEADER_AMBIORIX,Players:Expansion2_Players::LEADER_BASIL,Players:Expansion2_Players::LEADER_HOJO,Players:Expansion2_Players::LEADER_HOJO_INLAND,Players:Expansion2_Players::LEADER_PETER_GREAT,Players:Expansion2_Players::LEADER_PERICLES,Players:Expansion2_Players::LEADER_GENGHIS_KHAN,Players:Expansion2_Players::LEADER_TOKUGAWA,Players:Expansion2_Players::LEADER_THEODORA,Players:Expansion2_Players::LEADER_DIDO,Players:Expansion2_Players::LEADER_NZINGA_MBANDE,Players:Expansion2_Players::LEADER_PHILIP_II,Players:Expansion2_Players::LEADER_PHILIP_II_INLAND,Players:Expansion2_Players::LEADER_BARBAROSSA,Players:Expansion2_Players::LEADER_GANDHI,Players:Expansion2_Players::LEADER_GORGO,Players:Expansion2_Players::LEADER_HARDRADA,Players:Expansion2_Players::LEADER_HARALD_ALT,Players:Expansion2_Players::LEADER_HAMMURABI,Players:Expansion2_Players::LEADER_KUBLAI_KHAN_MONGOLIA,Players:Expansion2_Players::LEADER_KUBLAI_KHAN_CHINA,Players:Expansion2_Players::LEADER_GILGAMESH,Players:Expansion2_Players::LEADER_CYRUS,Players:Expansion2_Players::LEADER_CATHERINE_DE_MEDICI,Players:Expansion2_Players::LEADER_CATHERINE_DE_MEDICI_ALT,Players:Expansion2_Players::LEADER_KRISTINA,Players:Expansion2_Players::LEADER_CLEOPATRA,Players:Expansion2_Players::LEADER_CLEOPATRA_ALT,Players:Expansion2_Players::LEADER_KUPE,Players:Expansion2_Players::LEADER_RAMSES,Players:Expansion2_Players::LEADER_LAUTARO,Players:Expansion2_Players::LEADER_LADY_SIX_SKY,Players:Expansion2_Players::LEADER_LUDWIG,Players:Expansion2_Players::LEADER_ROBERT_THE_BRUCE,Players:Expansion2_Players::LEADER_MANSA_MUSA,Players:Expansion2_Players::LEADER_MONTEZUMA,Players:Expansion2_Players::LEADER_MENELIK,Players:Expansion2_Players::LEADER_MVEMBA,Players:Expansion2_Players::LEADER_NADER_SHAH,Players:Expansion2_Players::LEADER_PACHACUTI,Players:Expansion2_Players::LEADER_POUNDMAKER,Players:Expansion2_Players::LEADER_PEDRO,Players:Expansion2_Players::LEADER_SHAKA,Players:Expansion2_Players::LEADER_QIN_ALT,Players:Expansion2_Players::LEADER_QIN,Players:Expansion2_Players::LEADER_JOAO_III,Players:Expansion2_Players::LEADER_SALADIN_ALT,Players:Expansion2_Players::LEADER_SALADIN,Players:Expansion2_Players::LEADER_SEONDEOK,Players:Expansion2_Players::LEADER_SEJONG,Players:Expansion2_Players::LEADER_SUNDIATA_KEITA,Players:Expansion2_Players::LEADER_SULEIMAN_ALT,Players:Expansion2_Players::LEADER_SULEIMAN,Players:Expansion2_Players::LEADER_TAMAR,Players:Expansion2_Players::LEADER_T_ROOSEVELT,Players:Expansion2_Players::LEADER_GITARJA,Players:Expansion2_Players::LEADER_TRAJAN,Players:Expansion2_Players::LEADER_TOMYRIS,Players:Expansion2_Players::LEADER_LAURIER,Players:Expansion2_Players::LEADER_WILHELMINA,Players:Expansion2_Players::LEADER_WILHELMINA_INLAND,Players:Expansion2_Players::LEADER_VICTORIA,Players:Expansion2_Players::LEADER_VICTORIA_ALT,Players:Expansion2_Players::LEADER_WU_ZETIAN,Players:Expansion2_Players::LEADER_SIMON_BOLIVAR,Players:Expansion2_Players::LEADER_MATTHIAS_CORVINUS,Players:Expansion2_Players::LEADER_JADWIGA,Players:Expansion2_Players::LEADER_ABRAHAM_LINCOLN,Players:Expansion2_Players::LEADER_ALEXANDER,Players:Expansion2_Players::LEADER_ELIZABETH,Players:Expansion2_Players::LEADER_YONGLE,Players:Expansion2_Players::LEADER_JOHN_CURTIN,Players:Expansion2_Players::LEADER_CHANDRAGUPTA,Players:Expansion2_Players::LEADER_LADY_TRIEU
Config CONFIGURATION_PLAYER, Key LEADER_VALUE_DOMAIN (0xcdbd103d), subtype 1, changed to Players:Expansion2_Players
Config CONFIGURATION_PLAYER, Key CIVILIZATION_TYPE_NAME (0x9d5e5c2f), subtype 1, changed to CIVILIZATION_BABYLON_STK
Config CONFIGURATION_PLAYER, Key LEADER_NAME (0xf043351a), subtype 4, changed to null
Config CONFIGURATION_PLAYER, Key LEADER_TYPE_NAME (0xe8cd5e5f), subtype 4, changed to null
Config CONFIGURATION_PLAYER, Key LEADER_RANDOM_POOL_ID (0x402bf356), subtype 4, changed to 0x00000000
Config CONFIGURATION_PLAYER, Key LEADER_RANDOM_POOL_ID (0x402bf356), subtype 4, changed to 0
Config CONFIGURATION_PLAYER, Key LEADER_DOMAIN (0x4fe363bb), subtype 4, changed to Players:Expansion2_Players
Config CONFIGURATION_PLAYER, Key LEADER_VALUES (0xd2ed3156), subtype 4, changed to Players:*::RANDOM,Players:*::RANDOM_POOL1,Players:*::RANDOM_POOL2,Players:Expansion2_Players::LEADER_ELEANOR_FRANCE,Players:Expansion2_Players::LEADER_ELEANOR_ENGLAND,Players:Expansion2_Players::LEADER_AMBIORIX,Players:Expansion2_Players::LEADER_BASIL,Players:Expansion2_Players::LEADER_HOJO,Players:Expansion2_Players::LEADER_HOJO_INLAND,Players:Expansion2_Players::LEADER_PETER_GREAT,Players:Expansion2_Players::LEADER_PERICLES,Players:Expansion2_Players::LEADER_GENGHIS_KHAN,Players:Expansion2_Players::LEADER_TOKUGAWA,Players:Expansion2_Players::LEADER_THEODORA,Players:Expansion2_Players::LEADER_DIDO,Players:Expansion2_Players::LEADER_NZINGA_MBANDE,Players:Expansion2_Players::LEADER_PHILIP_II,Players:Expansion2_Players::LEADER_PHILIP_II_INLAND,Players:Expansion2_Players::LEADER_BARBAROSSA,Players:Expansion2_Players::LEADER_GANDHI,Players:Expansion2_Players::LEADER_GORGO,Players:Expansion2_Players::LEADER_HARDRADA,Players:Expansion2_Players::LEADER_HARALD_ALT,Players:Expansion2_Players::LEADER_KUBLAI_KHAN_MONGOLIA,Players:Expansion2_Players::LEADER_KUBLAI_KHAN_CHINA,Players:Expansion2_Players::LEADER_GILGAMESH,Players:Expansion2_Players::LEADER_CYRUS,Players:Expansion2_Players::LEADER_CATHERINE_DE_MEDICI,Players:Expansion2_Players::LEADER_CATHERINE_DE_MEDICI_ALT,Players:Expansion2_Players::LEADER_KRISTINA,Players:Expansion2_Players::LEADER_CLEOPATRA,Players:Expansion2_Players::LEADER_CLEOPATRA_ALT,Players:Expansion2_Players::LEADER_KUPE,Players:Expansion2_Players::LEADER_RAMSES,Players:Expansion2_Players::LEADER_LAUTARO,Players:Expansion2_Players::LEADER_LADY_SIX_SKY,Players:Expansion2_Players::LEADER_LUDWIG,Players:Expansion2_Players::LEADER_ROBERT_THE_BRUCE,Players:Expansion2_Players::LEADER_MANSA_MUSA,Players:Expansion2_Players::LEADER_MONTEZUMA,Players:Expansion2_Players::LEADER_MENELIK,Players:Expansion2_Players::LEADER_MVEMBA,Players:Expansion2_Players::LEADER_NADER_SHAH,Players:Expansion2_Players::LEADER_PACHACUTI,Players:Expansion2_Players::LEADER_POUNDMAKER,Players:Expansion2_Players::LEADER_PEDRO,Players:Expansion2_Players::LEADER_SHAKA,Players:Expansion2_Players::LEADER_QIN_ALT,Players:Expansion2_Players::LEADER_QIN,Players:Expansion2_Players::LEADER_JOAO_III,Players:Expansion2_Players::LEADER_SALADIN_ALT,Players:Expansion2_Players::LEADER_SALADIN,Players:Expansion2_Players::LEADER_SEONDEOK,Players:Expansion2_Players::LEADER_SEJONG,Players:Expansion2_Players::LEADER_SUNDIATA_KEITA,Players:Expansion2_Players::LEADER_SULEIMAN_ALT,Players:Expansion2_Players::LEADER_SULEIMAN,Players:Expansion2_Players::LEADER_TAMAR,Players:Expansion2_Players::LEADER_T_ROOSEVELT,Players:Expansion2_Players::LEADER_GITARJA,Players:Expansion2_Players::LEADER_TRAJAN,Players:Expansion2_Players::LEADER_TOMYRIS,Players:Expansion2_Players::LEADER_LAURIER,Players:Expansion2_Players::LEADER_WILHELMINA,Players:Expansion2_Players::LEADER_WILHELMINA_INLAND,Players:Expansion2_Players::LEADER_VICTORIA,Players:Expansion2_Players::LEADER_VICTORIA_ALT,Players:Expansion2_Players::LEADER_WU_ZETIAN,Players:Expansion2_Players::LEADER_SIMON_BOLIVAR,Players:Expansion2_Players::LEADER_MATTHIAS_CORVINUS,Players:Expansion2_Players::LEADER_JADWIGA,Players:Expansion2_Players::LEADER_ABRAHAM_LINCOLN,Players:Expansion2_Players::LEADER_ALEXANDER,Players:Expansion2_Players::LEADER_ELIZABETH,Players:Expansion2_Players::LEADER_YONGLE,Players:Expansion2_Players::LEADER_JOHN_CURTIN,Players:Expansion2_Players::LEADER_CHANDRAGUPTA,Players:Expansion2_Players::LEADER_LADY_TRIEU
Config CONFIGURATION_PLAYER, Key LEADER_VALUE_DOMAIN (0xcdbd103d), subtype 4, changed to Players:*
Config CONFIGURATION_PLAYER, Key LEADER_NAME (0xf043351a), subtype 5, changed to null
Config CONFIGURATION_PLAYER, Key LEADER_TYPE_NAME (0xe8cd5e5f), subtype 5, changed to null
Config CONFIGURATION_PLAYER, Key LEADER_RANDOM_POOL_ID (0x402bf356), subtype 5, changed to 0x00000000
Config CONFIGURATION_PLAYER, Key LEADER_RANDOM_POOL_ID (0x402bf356), subtype 5, changed to 0
Config CONFIGURATION_PLAYER, Key LEADER_DOMAIN (0x4fe363bb), subtype 5, changed to Players:Expansion2_Players
Config CONFIGURATION_PLAYER, Key LEADER_VALUES (0xd2ed3156), subtype 5, changed to Players:*::RANDOM,Players:*::RANDOM_POOL1,Players:*::RANDOM_POOL2,Players:Expansion2_Players::LEADER_ELEANOR_FRANCE,Players:Expansion2_Players::LEADER_ELEANOR_ENGLAND,Players:Expansion2_Players::LEADER_AMBIORIX,Players:Expansion2_Players::LEADER_BASIL,Players:Expansion2_Players::LEADER_HOJO,Players:Expansion2_Players::LEADER_HOJO_INLAND,Players:Expansion2_Players::LEADER_PETER_GREAT,Players:Expansion2_Players::LEADER_PERICLES,Players:Expansion2_Players::LEADER_GENGHIS_KHAN,Players:Expansion2_Players::LEADER_TOKUGAWA,Players:Expansion2_Players::LEADER_THEODORA,Players:Expansion2_Players::LEADER_DIDO,Players:Expansion2_Players::LEADER_NZINGA_MBANDE,Players:Expansion2_Players::LEADER_PHILIP_II,Players:Expansion2_Players::LEADER_PHILIP_II_INLAND,Players:Expansion2_Players::LEADER_BARBAROSSA,Players:Expansion2_Players::LEADER_GANDHI,Players:Expansion2_Players::LEADER_GORGO,Players:Expansion2_Players::LEADER_HARDRADA,Players:Expansion2_Players::LEADER_HARALD_ALT,Players:Expansion2_Players::LEADER_KUBLAI_KHAN_MONGOLIA,Players:Expansion2_Players::LEADER_KUBLAI_KHAN_CHINA,Players:Expansion2_Players::LEADER_GILGAMESH,Players:Expansion2_Players::LEADER_CYRUS,Players:Expansion2_Players::LEADER_CATHERINE_DE_MEDICI,Players:Expansion2_Players::LEADER_CATHERINE_DE_MEDICI_ALT,Players:Expansion2_Players::LEADER_KRISTINA,Players:Expansion2_Players::LEADER_CLEOPATRA,Players:Expansion2_Players::LEADER_CLEOPATRA_ALT,Players:Expansion2_Players::LEADER_KUPE,Players:Expansion2_Players::LEADER_RAMSES,Players:Expansion2_Players::LEADER_LAUTARO,Players:Expansion2_Players::LEADER_LADY_SIX_SKY,Players:Expansion2_Players::LEADER_LUDWIG,Players:Expansion2_Players::LEADER_ROBERT_THE_BRUCE,Players:Expansion2_Players::LEADER_MANSA_MUSA,Players:Expansion2_Players::LEADER_MONTEZUMA,Players:Expansion2_Players::LEADER_MENELIK,Players:Expansion2_Players::LEADER_MVEMBA,Players:Expansion2_Players::LEADER_NADER_SHAH,Players:Expansion2_Players::LEADER_PACHACUTI,Players:Expansion2_Players::LEADER_POUNDMAKER,Players:Expansion2_Players::LEADER_PEDRO,Players:Expansion2_Players::LEADER_SHAKA,Players:Expansion2_Players::LEADER_QIN_ALT,Players:Expansion2_Players::LEADER_QIN,Players:Expansion2_Players::LEADER_JOAO_III,Players:Expansion2_Players::LEADER_SALADIN_ALT,Players:Expansion2_Players::LEADER_SALADIN,Players:Expansion2_Players::LEADER_SEONDEOK,Players:Expansion2_Players::LEADER_SEJONG,Players:Expansion2_Players::LEADER_SUNDIATA_KEITA,Players:Expansion2_Players::LEADER_SULEIMAN_ALT,Players:Expansion2_Players::LEADER_SULEIMAN,Players:Expansion2_Players::LEADER_TAMAR,Players:Expansion2_Players::LEADER_T_ROOSEVELT,Players:Expansion2_Players::LEADER_GITARJA,Players:Expansion2_Players::LEADER_TRAJAN,Players:Expansion2_Players::LEADER_TOMYRIS,Players:Expansion2_Players::LEADER_LAURIER,Players:Expansion2_Players::LEADER_WILHELMINA,Players:Expansion2_Players::LEADER_WILHELMINA_INLAND,Players:Expansion2_Players::LEADER_VICTORIA,Players:Expansion2_Players::LEADER_VICTORIA_ALT,Players:Expansion2_Players::LEADER_WU_ZETIAN,Players:Expansion2_Players::LEADER_SIMON_BOLIVAR,Players:Expansion2_Players::LEADER_MATTHIAS_CORVINUS,Players:Expansion2_Players::LEADER_JADWIGA,Players:Expansion2_Players::LEADER_ABRAHAM_LINCOLN,Players:Expansion2_Players::LEADER_ALEXANDER,Players:Expansion2_Players::LEADER_ELIZABETH,Players:Expansion2_Players::LEADER_YONGLE,Players:Expansion2_Players::LEADER_JOHN_CURTIN,Players:Expansion2_Players::LEADER_CHANDRAGUPTA,Players:Expansion2_Players::LEADER_LADY_TRIEU
Config CONFIGURATION_PLAYER, Key LEADER_VALUE_DOMAIN (0xcdbd103d), subtype 5, changed to Players:*
Config CONFIGURATION_PLAYER, Key LEADER_NAME (0xf043351a), subtype 6, changed to null
Config CONFIGURATION_PLAYER, Key LEADER_TYPE_NAME (0xe8cd5e5f), subtype 6, changed to null
Config CONFIGURATION_PLAYER, Key LEADER_RANDOM_POOL_ID (0x402bf356), subtype 6, changed to 0x00000000
Config CONFIGURATION_PLAYER, Key LEADER_RANDOM_POOL_ID (0x402bf356), subtype 6, changed to 0
Config CONFIGURATION_PLAYER, Key LEADER_DOMAIN (0x4fe363bb), subtype 6, changed to Players:Expansion2_Players
Config CONFIGURATION_PLAYER, Key LEADER_VALUES (0xd2ed3156), subtype 6, changed to Players:*::RANDOM,Players:*::RANDOM_POOL1,Players:*::RANDOM_POOL2,Players:Expansion2_Players::LEADER_ELEANOR_FRANCE,Players:Expansion2_Players::LEADER_ELEANOR_ENGLAND,Players:Expansion2_Players::LEADER_AMBIORIX,Players:Expansion2_Players::LEADER_BASIL,Players:Expansion2_Players::LEADER_HOJO,Players:Expansion2_Players::LEADER_HOJO_INLAND,Players:Expansion2_Players::LEADER_PETER_GREAT,Players:Expansion2_Players::LEADER_PERICLES,Players:Expansion2_Players::LEADER_GENGHIS_KHAN,Players:Expansion2_Players::LEADER_TOKUGAWA,Players:Expansion2_Players::LEADER_THEODORA,Players:Expansion2_Players::LEADER_DIDO,Players:Expansion2_Players::LEADER_NZINGA_MBANDE,Players:Expansion2_Players::LEADER_PHILIP_II,Players:Expansion2_Players::LEADER_PHILIP_II_INLAND,Players:Expansion2_Players::LEADER_BARBAROSSA,Players:Expansion2_Players::LEADER_GANDHI,Players:Expansion2_Players::LEADER_GORGO,Players:Expansion2_Players::LEADER_HARDRADA,Players:Expansion2_Players::LEADER_HARALD_ALT,Players:Expansion2_Players::LEADER_KUBLAI_KHAN_MONGOLIA,Players:Expansion2_Players::LEADER_KUBLAI_KHAN_CHINA,Players:Expansion2_Players::LEADER_GILGAMESH,Players:Expansion2_Players::LEADER_CYRUS,Players:Expansion2_Players::LEADER_CATHERINE_DE_MEDICI,Players:Expansion2_Players::LEADER_CATHERINE_DE_MEDICI_ALT,Players:Expansion2_Players::LEADER_KRISTINA,Players:Expansion2_Players::LEADER_CLEOPATRA,Players:Expansion2_Players::LEADER_CLEOPATRA_ALT,Players:Expansion2_Players::LEADER_KUPE,Players:Expansion2_Players::LEADER_RAMSES,Players:Expansion2_Players::LEADER_LAUTARO,Players:Expansion2_Players::LEADER_LADY_SIX_SKY,Players:Expansion2_Players::LEADER_LUDWIG,Players:Expansion2_Players::LEADER_ROBERT_THE_BRUCE,Players:Expansion2_Players::LEADER_MANSA_MUSA,Players:Expansion2_Players::LEADER_MONTEZUMA,Players:Expansion2_Players::LEADER_MENELIK,Players:Expansion2_Players::LEADER_MVEMBA,Players:Expansion2_Players::LEADER_NADER_SHAH,Players:Expansion2_Players::LEADER_PACHACUTI,Players:Expansion2_Players::LEADER_POUNDMAKER,Players:Expansion2_Players::LEADER_PEDRO,Players:Expansion2_Players::LEADER_SHAKA,Players:Expansion2_Players::LEADER_QIN_ALT,Players:Expansion2_Players::LEADER_QIN,Players:Expansion2_Players::LEADER_JOAO_III,Players:Expansion2_Players::LEADER_SALADIN_ALT,Players:Expansion2_Players::LEADER_SALADIN,Players:Expansion2_Players::LEADER_SEONDEOK,Players:Expansion2_Players::LEADER_SEJONG,Players:Expansion2_Players::LEADER_SUNDIATA_KEITA,Players:Expansion2_Players::LEADER_SULEIMAN_ALT,Players:Expansion2_Players::LEADER_SULEIMAN,Players:Expansion2_Players::LEADER_TAMAR,Players:Expansion2_Players::LEADER_T_ROOSEVELT,Players:Expansion2_Players::LEADER_GITARJA,Players:Expansion2_Players::LEADER_TRAJAN,Players:Expansion2_Players::LEADER_TOMYRIS,Players:Expansion2_Players::LEADER_LAURIER,Players:Expansion2_Players::LEADER_WILHELMINA,Players:Expansion2_Players::LEADER_WILHELMINA_INLAND,Players:Expansion2_Players::LEADER_VICTORIA,Players:Expansion2_Players::LEADER_VICTORIA_ALT,Players:Expansion2_Players::LEADER_WU_ZETIAN,Players:Expansion2_Players::LEADER_SIMON_BOLIVAR,Players:Expansion2_Players::LEADER_MATTHIAS_CORVINUS,Players:Expansion2_Players::LEADER_JADWIGA,Players:Expansion2_Players::LEADER_ABRAHAM_LINCOLN,Players:Expansion2_Players::LEADER_ALEXANDER,Players:Expansion2_Players::LEADER_ELIZABETH,Players:Expansion2_Players::LEADER_YONGLE,Players:Expansion2_Players::LEADER_JOHN_CURTIN,Players:Expansion2_Players::LEADER_CHANDRAGUPTA,Players:Expansion2_Players::LEADER_LADY_TRIEU
Config CONFIGURATION_PLAYER, Key LEADER_VALUE_DOMAIN (0xcdbd103d), subtype 6, changed to Players:*
Config CONFIGURATION_PLAYER, Key LEADER_NAME (0xf043351a), subtype 7, changed to null
Config CONFIGURATION_PLAYER, Key LEADER_TYPE_NAME (0xe8cd5e5f), subtype 7, changed to null
Config CONFIGURATION_PLAYER, Key LEADER_RANDOM_POOL_ID (0x402bf356), subtype 7, changed to 0x00000000
Config CONFIGURATION_PLAYER, Key LEADER_RANDOM_POOL_ID (0x402bf356), subtype 7, changed to 0
Config CONFIGURATION_PLAYER, Key LEADER_DOMAIN (0x4fe363bb), subtype 7, changed to Players:Expansion2_Players
Config CONFIGURATION_PLAYER, Key LEADER_VALUES (0xd2ed3156), subtype 7, changed to Players:*::RANDOM,Players:*::RANDOM_POOL1,Players:*::RANDOM_POOL2,Players:Expansion2_Players::LEADER_ELEANOR_FRANCE,Players:Expansion2_Players::LEADER_ELEANOR_ENGLAND,Players:Expansion2_Players::LEADER_AMBIORIX,Players:Expansion2_Players::LEADER_BASIL,Players:Expansion2_Players::LEADER_HOJO,Players:Expansion2_Players::LEADER_HOJO_INLAND,Players:Expansion2_Players::LEADER_PETER_GREAT,Players:Expansion2_Players::LEADER_PERICLES,Players:Expansion2_Players::LEADER_GENGHIS_KHAN,Players:Expansion2_Players::LEADER_TOKUGAWA,Players:Expansion2_Players::LEADER_THEODORA,Players:Expansion2_Players::LEADER_DIDO,Players:Expansion2_Players::LEADER_NZINGA_MBANDE,Players:Expansion2_Players::LEADER_PHILIP_II,Players:Expansion2_Players::LEADER_PHILIP_II_INLAND,Players:Expansion2_Players::LEADER_BARBAROSSA,Players:Expansion2_Players::LEADER_GANDHI,Players:Expansion2_Players::LEADER_GORGO,Players:Expansion2_Players::LEADER_HARDRADA,Players:Expansion2_Players::LEADER_HARALD_ALT,Players:Expansion2_Players::LEADER_KUBLAI_KHAN_MONGOLIA,Players:Expansion2_Players::LEADER_KUBLAI_KHAN_CHINA,Players:Expansion2_Players::LEADER_GILGAMESH,Players:Expansion2_Players::LEADER_CYRUS,Players:Expansion2_Players::LEADER_CATHERINE_DE_MEDICI,Players:Expansion2_Players::LEADER_CATHERINE_DE_MEDICI_ALT,Players:Expansion2_Players::LEADER_KRISTINA,Players:Expansion2_Players::LEADER_CLEOPATRA,Players:Expansion2_Players::LEADER_CLEOPATRA_ALT,Players:Expansion2_Players::LEADER_KUPE,Players:Expansion2_Players::LEADER_RAMSES,Players:Expansion2_Players::LEADER_LAUTARO,Players:Expansion2_Players::LEADER_LADY_SIX_SKY,Players:Expansion2_Players::LEADER_LUDWIG,Players:Expansion2_Players::LEADER_ROBERT_THE_BRUCE,Players:Expansion2_Players::LEADER_MANSA_MUSA,Players:Expansion2_Players::LEADER_MONTEZUMA,Players:Expansion2_Players::LEADER_MENELIK,Players:Expansion2_Players::LEADER_MVEMBA,Players:Expansion2_Players::LEADER_NADER_SHAH,Players:Expansion2_Players::LEADER_PACHACUTI,Players:Expansion2_Players::LEADER_POUNDMAKER,Players:Expansion2_Players::LEADER_PEDRO,Players:Expansion2_Players::LEADER_SHAKA,Players:Expansion2_Players::LEADER_QIN_ALT,Players:Expansion2_Players::LEADER_QIN,Players:Expansion2_Players::LEADER_JOAO_III,Players:Expansion2_Players::LEADER_SALADIN_ALT,Players:Expansion2_Players::LEADER_SALADIN,Players:Expansion2_Players::LEADER_SEONDEOK,Players:Expansion2_Players::LEADER_SEJONG,Players:Expansion2_Players::LEADER_SUNDIATA_KEITA,Players:Expansion2_Players::LEADER_SULEIMAN_ALT,Players:Expansion2_Players::LEADER_SULEIMAN,Players:Expansion2_Players::LEADER_TAMAR,Players:Expansion2_Players::LEADER_T_ROOSEVELT,Players:Expansion2_Players::LEADER_GITARJA,Players:Expansion2_Players::LEADER_TRAJAN,Players:Expansion2_Players::LEADER_TOMYRIS,Players:Expansion2_Players::LEADER_LAURIER,Players:Expansion2_Players::LEADER_WILHELMINA,Players:Expansion2_Players::LEADER_WILHELMINA_INLAND,Players:Expansion2_Players::LEADER_VICTORIA,Players:Expansion2_Players::LEADER_VICTORIA_ALT,Players:Expansion2_Players::LEADER_WU_ZETIAN,Players:Expansion2_Players::LEADER_SIMON_BOLIVAR,Players:Expansion2_Players::LEADER_MATTHIAS_CORVINUS,Players:Expansion2_Players::LEADER_JADWIGA,Players:Expansion2_Players::LEADER_ABRAHAM_LINCOLN,Players:Expansion2_Players::LEADER_ALEXANDER,Players:Expansion2_Players::LEADER_ELIZABETH,Players:Expansion2_Players::LEADER_YONGLE,Players:Expansion2_Players::LEADER_JOHN_CURTIN,Players:Expansion2_Players::LEADER_CHANDRAGUPTA,Players:Expansion2_Players::LEADER_LADY_TRIEU
Config CONFIGURATION_PLAYER, Key LEADER_VALUE_DOMAIN (0xcdbd103d), subtype 7, changed to Players:*
Config CONFIGURATION_PLAYER, Key READY_STATUS (0xa4bd04b1), subtype 1, changed to false
Config CONFIGURATION_PLAYER, Key READY_STATUS (0xa4bd04b1), subtype 1, changed to true
Pre-resolved Configuration
{"PLAYER_33":{"type":"dvt_TypedVariantMap","value":{"PLAYER_ID":{"type":"dvt_Int32","value":33},"MAP_PINS":{"type":"dvt_TypedVariantMap","value":{}},"SLOT_STATUS":{"type":"dvt_Int32","value":2},"CONFIGURATION_TYPE":{"type":"dvt_UInt32","value":1697843344}}},"PLAYER_37":{"type":"dvt_TypedVariantMap","value":{"PLAYER_ID":{"type":"dvt_Int32","value":37},"MAP_PINS":{"type":"dvt_TypedVariantMap","value":{}},"SLOT_STATUS":{"type":"dvt_Int32","value":2},"CONFIGURATION_TYPE":{"type":"dvt_UInt32","value":1697843344}}},"PLAYER_62":{"type":"dvt_TypedVariantMap","value":{"PLAYER_ID":{"type":"dvt_Int32","value":62},"MAP_PINS":{"type":"dvt_TypedVariantMap","value":{}},"SLOT_STATUS":{"type":"dvt_Int32","value":2},"CONFIGURATION_TYPE":{"type":"dvt_UInt32","value":1697843344}}},"PLAYER_1":{"type":"dvt_TypedVariantMap","value":{"TEAM":{"type":"dvt_Int32","value":0},"PLAYER_ID":{"type":"dvt_Int32","value":1},"LEADER_DOMAIN":{"type":"dvt_char8","value":"Players:Expansion2_Players"},"MAP_PINS":{"type":"dvt_TypedVariantMap","value":{}},"IS_ALIVE":{"type":"dvt_Bool","value":true},"HOTSEAT_PASSWORD":{"type":"dvt_char8","value":""},"WANTS_PAUSE":{"type":"dvt_Bool","value":false},"CIVILIZATION_LEVEL_TYPE_ID":{"type":"dvt_UInt32","value":624367792},"NETWORK_NAME":{"type":"dvt_char8","value":"ZYL@76561199003168956"},"CIVILIZATION_TYPE_NAME":{"type":"dvt_char8","value":"CIVILIZATION_BABYLON_STK"},"READY_STATUS":{"type":"dvt_Bool","value":true},"CIVILIZATION_TYPE_ID":{"type":"dvt_Int32","value":1770109778},"CIVILIZATION_LEVEL_TYPE_NAME":{"type":"dvt_char8","value":"CIVILIZATION_LEVEL_FULL_CIV"},"LEADER_VALUE_DOMAIN":{"type":"dvt_char8","value":"Players:Expansion2_Players"},"IS_LOCKED":{"type":"dvt_Int32","value":0},"SLOT_STATUS":{"type":"dvt_Int32","value":3},"PLAYER_COLOR_ALTERNATE":{"type":"dvt_Int32","value":0},"CONFIGURATION_TYPE":{"type":"dvt_UInt32","value":1697843344},"LEADER_VALUES":{"type":"dvt_char8","value":"Players:*::RANDOM,Players:*::RANDOM_POOL1,Players:*::RANDOM_POOL2,Players:Expansion2_Players::LEADER_ELEANOR_FRANCE,Players:Expansion2_Players::LEADER_ELEANOR_ENGLAND,Players:Expansion2_Players::LEADER_AMBIORIX,Players:Expansion2_Players::LEADER_BASIL,Players:Expansion2_Players::LEADER_HOJO,Players:Expansion2_Players::LEADER_HOJO_INLAND,Players:Expansion2_Players::LEADER_PETER_GREAT,Players:Expansion2_Players::LEADER_PERICLES,Players:Expansion2_Players::LEADER_GENGHIS_KHAN,Players:Expansion2_Players::LEADER_TOKUGAWA,Players:Expansion2_Players::LEADER_THEODORA,Players:Expansion2_Players::LEADER_DIDO,Players:Expansion2_Players::LEADER_NZINGA_MBANDE,Players:Expansion2_Players::LEADER_PHILIP_II,Players:Expansion2_Players::LEADER_PHILIP_II_INLAND,Players:Expansion2_Players::LEADER_BARBAROSSA,Players:Expansion2_Players::LEADER_GANDHI,Players:Expansion2_Players::LEADER_GORGO,Players:Expansion2_Players::LEADER_HARDRADA,Players:Expansion2_Players::LEADER_HARALD_ALT,Players:Expansion2_Players::LEADER_HAMMURABI,Players:Expansion2_Players::LEADER_KUBLAI_KHAN_MONGOLIA,Players:Expansion2_Players::LEADER_KUBLAI_KHAN_CHINA,Players:Expansion2_Players::LEADER_GILGAMESH,Players:Expansion2_Players::LEADER_CYRUS,Players:Expansion2_Players::LEADER_CATHERINE_DE_MEDICI,Players:Expansion2_Players::LEADER_CATHERINE_DE_MEDICI_ALT,Players:Expansion2_Players::LEADER_KRISTINA,Players:Expansion2_Players::LEADER_CLEOPATRA,Players:Expansion2_Players::LEADER_CLEOPATRA_ALT,Players:Expansion2_Players::LEADER_KUPE,Players:Expansion2_Players::LEADER_RAMSES,Players:Expansion2_Players::LEADER_LAUTARO,Players:Expansion2_Players::LEADER_LADY_SIX_SKY,Players:Expansion2_Players::LEADER_LUDWIG,Players:Expansion2_Players::LEADER_ROBERT_THE_BRUCE,Players:Expansion2_Players::LEADER_MANSA_MUSA,Players:Expansion2_Players::LEADER_MONTEZUMA,Players:Expansion2_Players::LEADER_MENELIK,Players:Expansion2_Players::LEADER_MVEMBA,Players:Expansion2_Players::LEADER_NADER_SHAH,Players:Expansion2_Players::LEADER_PACHACUTI,Players:Expansion2_Players::LEADER_POUNDMAKER,Players:Expansion2_Players::LEADER_PEDRO,Players:Expansion2_Players::LEADER_SHAKA,Players:Expansion2_Players::LEADER_QIN_ALT,Players:Expansion2_Players::LEADER_QIN,Players:Expansion2_Players::LEADER_JOAO_III,Players:Expansion2_Players::LEADER_SALADIN_ALT,Players:Expansion2_Players::LEADER_SALADIN,Players:Expansion2_Players::LEADER_SEONDEOK,Players:Expansion2_Players::LEADER_SEJONG,Players:Expansion2_Players::LEADER_SUNDIATA_KEITA,Players:Expansion2_Players::LEADER_SULEIMAN_ALT,Players:Expansion2_Players::LEADER_SULEIMAN,Players:Expansion2_Players::LEADER_TAMAR,Players:Expansion2_Players::LEADER_T_ROOSEVELT,Players:Expansion2_Players::LEADER_GITARJA,Players:Expansion2_Players::LEADER_TRAJAN,Players:Expansion2_Players::LEADER_TOMYRIS,Players:Expansion2_Players::LEADER_LAURIER,Players:Expansion2_Players::LEADER_WILHELMINA,Players:Expansion2_Players::LEADER_WILHELMINA_INLAND,Players:Expansion2_Players::LEADER_VICTORIA,Players:Expansion2_Players::LEADER_VICTORIA_ALT,Players:Expansion2_Players::LEADER_WU_ZETIAN,Players:Expansion2_Players::LEADER_SIMON_BOLIVAR,Players:Expansion2_Players::LEADER_MATTHIAS_CORVINUS,Players:Expansion2_Players::LEADER_JADWIGA,Players:Expansion2_Players::LEADER_ABRAHAM_LINCOLN,Players:Expansion2_Players::LEADER_ALEXANDER,Players:Expansion2_Players::LEADER_ELIZABETH,Players:Expansion2_Players::LEADER_YONGLE,Players:Expansion2_Players::LEADER_JOHN_CURTIN,Players:Expansion2_Players::LEADER_CHANDRAGUPTA,Players:Expansion2_Players::LEADER_LADY_TRIEU"},"NICK_NAME":{"type":"dvt_char8","value":"ZYL"},"LEADER_TYPE_ID":{"type":"dvt_UInt32","value":963386021},"LEADER_TYPE_NAME":{"type":"dvt_char8","value":"LEADER_HAMMURABI"},"LEADER_NAME":{"type":"dvt_char8","value":"LOC_LEADER_HAMMURABI_NAME"},"HANDICAP_TYPE_ID":{"type":"dvt_UInt32","value":4115014831},"MOD_READY_STATUS":{"type":"dvt_Bool","value":true}}},"PLAYER_5":{"type":"dvt_TypedVariantMap","value":{"TEAM":{"type":"dvt_Int32","value":1},"PLAYER_ID":{"type":"dvt_Int32","value":5},"LEADER_RANDOM_POOL_ID":{"type":"dvt_Int32","value":0},"LEADER_DOMAIN":{"type":"dvt_char8","value":"Players:Expansion2_Players"},"MAP_PINS":{"type":"dvt_TypedVariantMap","value":{}},"IS_ALIVE":{"type":"dvt_Bool","value":true},"HOTSEAT_PASSWORD":{"type":"dvt_char8","value":""},"CIVILIZATION_LEVEL_TYPE_ID":{"type":"dvt_UInt32","value":624367792},"READY_STATUS":{"type":"dvt_Bool","value":false},"CIVILIZATION_LEVEL_TYPE_NAME":{"type":"dvt_char8","value":"CIVILIZATION_LEVEL_FULL_CIV"},"LEADER_VALUE_DOMAIN":{"type":"dvt_char8","value":"Players:*"},"IS_LOCKED":{"type":"dvt_Int32","value":0},"SLOT_STATUS":{"type":"dvt_Int32","value":1},"CONFIGURATION_TYPE":{"type":"dvt_UInt32","value":1697843344},"LEADER_VALUES":{"type":"dvt_char8","value":"Players:*::RANDOM,Players:*::RANDOM_POOL1,Players:*::RANDOM_POOL2,Players:Expansion2_Players::LEADER_ELEANOR_FRANCE,Players:Expansion2_Players::LEADER_ELEANOR_ENGLAND,Players:Expansion2_Players::LEADER_AMBIORIX,Players:Expansion2_Players::LEADER_BASIL,Players:Expansion2_Players::LEADER_HOJO,Players:Expansion2_Players::LEADER_HOJO_INLAND,Players:Expansion2_Players::LEADER_PETER_GREAT,Players:Expansion2_Players::LEADER_PERICLES,Players:Expansion2_Players::LEADER_GENGHIS_KHAN,Players:Expansion2_Players::LEADER_TOKUGAWA,Players:Expansion2_Players::LEADER_THEODORA,Players:Expansion2_Players::LEADER_DIDO,Players:Expansion2_Players::LEADER_NZINGA_MBANDE,Players:Expansion2_Players::LEADER_PHILIP_II,Players:Expansion2_Players::LEADER_PHILIP_II_INLAND,Players:Expansion2_Players::LEADER_BARBAROSSA,Players:Expansion2_Players::LEADER_GANDHI,Players:Expansion2_Players::LEADER_GORGO,Players:Expansion2_Players::LEADER_HARDRADA,Players:Expansion2_Players::LEADER_HARALD_ALT,Players:Expansion2_Players::LEADER_KUBLAI_KHAN_MONGOLIA,Players:Expansion2_Players::LEADER_KUBLAI_KHAN_CHINA,Players:Expansion2_Players::LEADER_GILGAMESH,Players:Expansion2_Players::LEADER_CYRUS,Players:Expansion2_Players::LEADER_CATHERINE_DE_MEDICI,Players:Expansion2_Players::LEADER_CATHERINE_DE_MEDICI_ALT,Players:Expansion2_Players::LEADER_KRISTINA,Players:Expansion2_Players::LEADER_CLEOPATRA,Players:Expansion2_Players::LEADER_CLEOPATRA_ALT,Players:Expansion2_Players::LEADER_KUPE,Players:Expansion2_Players::LEADER_RAMSES,Players:Expansion2_Players::LEADER_LAUTARO,Players:Expansion2_Players::LEADER_LADY_SIX_SKY,Players:Expansion2_Players::LEADER_LUDWIG,Players:Expansion2_Players::LEADER_ROBERT_THE_BRUCE,Players:Expansion2_Players::LEADER_MANSA_MUSA,Players:Expansion2_Players::LEADER_MONTEZUMA,Players:Expansion2_Players::LEADER_MENELIK,Players:Expansion2_Players::LEADER_MVEMBA,Players:Expansion2_Players::LEADER_NADER_SHAH,Players:Expansion2_Players::LEADER_PACHACUTI,Players:Expansion2_Players::LEADER_POUNDMAKER,Players:Expansion2_Players::LEADER_PEDRO,Players:Expansion2_Players::LEADER_SHAKA,Players:Expansion2_Players::LEADER_QIN_ALT,Players:Expansion2_Players::LEADER_QIN,Players:Expansion2_Players::LEADER_JOAO_III,Players:Expansion2_Players::LEADER_SALADIN_ALT,Players:Expansion2_Players::LEADER_SALADIN,Players:Expansion2_Players::LEADER_SEONDEOK,Players:Expansion2_Players::LEADER_SEJONG,Players:Expansion2_Players::LEADER_SUNDIATA_KEITA,Players:Expansion2_Players::LEADER_SULEIMAN_ALT,Players:Expansion2_Players::LEADER_SULEIMAN,Players:Expansion2_Players::LEADER_TAMAR,Players:Expansion2_Players::LEADER_T_ROOSEVELT,Players:Expansion2_Players::LEADER_GITARJA,Players:Expansion2_Players::LEADER_TRAJAN,Players:Expansion2_Players::LEADER_TOMYRIS,Players:Expansion2_Players::LEADER_LAURIER,Players:Expansion2_Players::LEADER_WILHELMINA,Players:Expansion2_Players::LEADER_WILHELMINA_INLAND,Players:Expansion2_Players::LEADER_VICTORIA,Players:Expansion2_Players::LEADER_VICTORIA_ALT,Players:Expansion2_Players::LEADER_WU_ZETIAN,Players:Expansion2_Players::LEADER_SIMON_BOLIVAR,Players:Expansion2_Players::LEADER_MATTHIAS_CORVINUS,Players:Expansion2_Players::LEADER_JADWIGA,Players:Expansion2_Players::LEADER_ABRAHAM_LINCOLN,Players:Expansion2_Players::LEADER_ALEXANDER,Players:Expansion2_Players::LEADER_ELIZABETH,Players:Expansion2_Players::LEADER_YONGLE,Players:Expansion2_Players::LEADER_JOHN_CURTIN,Players:Expansion2_Players::LEADER_CHANDRAGUPTA,Players:Expansion2_Players::LEADER_LADY_TRIEU"},"LEADER_TYPE_ID":{"type":"dvt_UInt32","value":4294967295},"LEADER_TYPE_NAME":{"type":"dvt_char8","value":""},"LEADER_NAME":{"type":"dvt_char8","value":""},"HANDICAP_TYPE_ID":{"type":"dvt_Int32","value":-1874486710},"MOD_READY_STATUS":{"type":"dvt_Bool","value":false}}},"PLAYER_23":{"type":"dvt_TypedVariantMap","value":{"PLAYER_ID":{"type":"dvt_Int32","value":23},"MAP_PINS":{"type":"dvt_TypedVariantMap","value":{}},"SLOT_STATUS":{"type":"dvt_Int32","value":2},"CONFIGURATION_TYPE":{"type":"dvt_UInt32","value":1697843344}}},"PLAYER_9":{"type":"dvt_TypedVariantMap","value":{"PLAYER_ID":{"type":"dvt_Int32","value":9},"MAP_PINS":{"type":"dvt_TypedVariantMap","value":{}},"SLOT_STATUS":{"type":"dvt_Int32","value":2},"CONFIGURATION_TYPE":{"type":"dvt_UInt32","value":1697843344}}},"PLAYER_27":{"type":"dvt_TypedVariantMap","value":{"PLAYER_ID":{"type":"dvt_Int32","value":27},"MAP_PINS":{"type":"dvt_TypedVariantMap","value":{}},"SLOT_STATUS":{"type":"dvt_Int32","value":2},"CONFIGURATION_TYPE":{"type":"dvt_UInt32","value":1697843344}}},"PLAYER_52":{"type":"dvt_TypedVariantMap","value":{"PLAYER_ID":{"type":"dvt_Int32","value":52},"MAP_PINS":{"type":"dvt_TypedVariantMap","value":{}},"SLOT_STATUS":{"type":"dvt_Int32","value":2},"CONFIGURATION_TYPE":{"type":"dvt_UInt32","value":1697843344}}},"PLAYER_56":{"type":"dvt_TypedVariantMap","value":{"PLAYER_ID":{"type":"dvt_Int32","value":56},"MAP_PINS":{"type":"dvt_TypedVariantMap","value":{}},"SLOT_STATUS":{"type":"dvt_Int32","value":2},"CONFIGURATION_TYPE":{"type":"dvt_UInt32","value":1697843344}}},"PLAYER_13":{"type":"dvt_TypedVariantMap","value":{"PLAYER_ID":{"type":"dvt_Int32","value":13},"MAP_PINS":{"type":"dvt_TypedVariantMap","value":{}},"SLOT_STATUS":{"type":"dvt_Int32","value":2},"CONFIGURATION_TYPE":{"type":"dvt_UInt32","value":1697843344}}},"PLAYER_17":{"type":"dvt_TypedVariantMap","value":{"PLAYER_ID":{"type":"dvt_Int32","value":17},"MAP_PINS":{"type":"dvt_TypedVariantMap","value":{}},"SLOT_STATUS":{"type":"dvt_Int32","value":2},"CONFIGURATION_TYPE":{"type":"dvt_UInt32","value":1697843344}}},"PLAYER_42":{"type":"dvt_TypedVariantMap","value":{"PLAYER_ID":{"type":"dvt_Int32","value":42},"MAP_PINS":{"type":"dvt_TypedVariantMap","value":{}},"SLOT_STATUS":{"type":"dvt_Int32","value":2},"CONFIGURATION_TYPE":{"type":"dvt_UInt32","value":1697843344}}},"PLAYER_46":{"type":"dvt_TypedVariantMap","value":{"PLAYER_ID":{"type":"dvt_Int32","value":46},"MAP_PINS":{"type":"dvt_TypedVariantMap","value":{}},"SLOT_STATUS":{"type":"dvt_Int32","value":2},"CONFIGURATION_TYPE":{"type":"dvt_UInt32","value":1697843344}}},"PLAYER_16":{"type":"dvt_TypedVariantMap","value":{"PLAYER_ID":{"type":"dvt_Int32","value":16},"MAP_PINS":{"type":"dvt_TypedVariantMap","value":{}},"SLOT_STATUS":{"type":"dvt_Int32","value":2},"CONFIGURATION_TYPE":{"type":"dvt_UInt32","value":1697843344}}},"PLAYER_12":{"type":"dvt_TypedVariantMap","value":{"PLAYER_ID":{"type":"dvt_Int32","value":12},"MAP_PINS":{"type":"dvt_TypedVariantMap","value":{}},"SLOT_STATUS":{"type":"dvt_Int32","value":2},"CONFIGURATION_TYPE":{"type":"dvt_UInt32","value":1697843344}}},"PLAYER_47":{"type":"dvt_TypedVariantMap","value":{"PLAYER_ID":{"type":"dvt_Int32","value":47},"MAP_PINS":{"type":"dvt_TypedVariantMap","value":{}},"SLOT_STATUS":{"type":"dvt_Int32","value":2},"CONFIGURATION_TYPE":{"type":"dvt_UInt32","value":1697843344}}},"PLAYER_43":{"type":"dvt_TypedVariantMap","value":{"PLAYER_ID":{"type":"dvt_Int32","value":43},"MAP_PINS":{"type":"dvt_TypedVariantMap","value":{}},"SLOT_STATUS":{"type":"dvt_Int32","value":2},"CONFIGURATION_TYPE":{"type":"dvt_UInt32","value":1697843344}}},"PLAYER_57":{"type":"dvt_TypedVariantMap","value":{"PLAYER_ID":{"type":"dvt_Int32","value":57},"MAP_PINS":{"type":"dvt_TypedVariantMap","value":{}},"SLOT_STATUS":{"type":"dvt_Int32","value":2},"CONFIGURATION_TYPE":{"type":"dvt_UInt32","value":1697843344}}},"PLAYER_53":{"type":"dvt_TypedVariantMap","value":{"PLAYER_ID":{"type":"dvt_Int32","value":53},"MAP_PINS":{"type":"dvt_TypedVariantMap","value":{}},"SLOT_STATUS":{"type":"dvt_Int32","value":2},"CONFIGURATION_TYPE":{"type":"dvt_UInt32","value":1697843344}}},"PLAYER_4":{"type":"dvt_TypedVariantMap","value":{"TEAM":{"type":"dvt_Int32","value":1},"PLAYER_ID":{"type":"dvt_Int32","value":4},"LEADER_RANDOM_POOL_ID":{"type":"dvt_Int32","value":0},"LEADER_DOMAIN":{"type":"dvt_char8","value":"Players:Expansion2_Players"},"MAP_PINS":{"type":"dvt_TypedVariantMap","value":{}},"IS_ALIVE":{"type":"dvt_Bool","value":true},"HOTSEAT_PASSWORD":{"type":"dvt_char8","value":""},"CIVILIZATION_LEVEL_TYPE_ID":{"type":"dvt_UInt32","value":624367792},"NETWORK_NAME":{"type":"dvt_char8","value":""},"READY_STATUS":{"type":"dvt_Bool","value":false},"CIVILIZATION_LEVEL_TYPE_NAME":{"type":"dvt_char8","value":"CIVILIZATION_LEVEL_FULL_CIV"},"LEADER_VALUE_DOMAIN":{"type":"dvt_char8","value":"Players:*"},"IS_LOCKED":{"type":"dvt_Int32","value":0},"SLOT_STATUS":{"type":"dvt_Int32","value":1},"CONFIGURATION_TYPE":{"type":"dvt_UInt32","value":1697843344},"LEADER_VALUES":{"type":"dvt_char8","value":"Players:*::RANDOM,Players:*::RANDOM_POOL1,Players:*::RANDOM_POOL2,Players:Expansion2_Players::LEADER_ELEANOR_FRANCE,Players:Expansion2_Players::LEADER_ELEANOR_ENGLAND,Players:Expansion2_Players::LEADER_AMBIORIX,Players:Expansion2_Players::LEADER_BASIL,Players:Expansion2_Players::LEADER_HOJO,Players:Expansion2_Players::LEADER_HOJO_INLAND,Players:Expansion2_Players::LEADER_PETER_GREAT,Players:Expansion2_Players::LEADER_PERICLES,Players:Expansion2_Players::LEADER_GENGHIS_KHAN,Players:Expansion2_Players::LEADER_TOKUGAWA,Players:Expansion2_Players::LEADER_THEODORA,Players:Expansion2_Players::LEADER_DIDO,Players:Expansion2_Players::LEADER_NZINGA_MBANDE,Players:Expansion2_Players::LEADER_PHILIP_II,Players:Expansion2_Players::LEADER_PHILIP_II_INLAND,Players:Expansion2_Players::LEADER_BARBAROSSA,Players:Expansion2_Players::LEADER_GANDHI,Players:Expansion2_Players::LEADER_GORGO,Players:Expansion2_Players::LEADER_HARDRADA,Players:Expansion2_Players::LEADER_HARALD_ALT,Players:Expansion2_Players::LEADER_KUBLAI_KHAN_MONGOLIA,Players:Expansion2_Players::LEADER_KUBLAI_KHAN_CHINA,Players:Expansion2_Players::LEADER_GILGAMESH,Players:Expansion2_Players::LEADER_CYRUS,Players:Expansion2_Players::LEADER_CATHERINE_DE_MEDICI,Players:Expansion2_Players::LEADER_CATHERINE_DE_MEDICI_ALT,Players:Expansion2_Players::LEADER_KRISTINA,Players:Expansion2_Players::LEADER_CLEOPATRA,Players:Expansion2_Players::LEADER_CLEOPATRA_ALT,Players:Expansion2_Players::LEADER_KUPE,Players:Expansion2_Players::LEADER_RAMSES,Players:Expansion2_Players::LEADER_LAUTARO,Players:Expansion2_Players::LEADER_LADY_SIX_SKY,Players:Expansion2_Players::LEADER_LUDWIG,Players:Expansion2_Players::LEADER_ROBERT_THE_BRUCE,Players:Expansion2_Players::LEADER_MANSA_MUSA,Players:Expansion2_Players::LEADER_MONTEZUMA,Players:Expansion2_Players::LEADER_MENELIK,Players:Expansion2_Players::LEADER_MVEMBA,Players:Expansion2_Players::LEADER_NADER_SHAH,Players:Expansion2_Players::LEADER_PACHACUTI,Players:Expansion2_Players::LEADER_POUNDMAKER,Players:Expansion2_Players::LEADER_PEDRO,Players:Expansion2_Players::LEADER_SHAKA,Players:Expansion2_Players::LEADER_QIN_ALT,Players:Expansion2_Players::LEADER_QIN,Players:Expansion2_Players::LEADER_JOAO_III,Players:Expansion2_Players::LEADER_SALADIN_ALT,Players:Expansion2_Players::LEADER_SALADIN,Players:Expansion2_Players::LEADER_SEONDEOK,Players:Expansion2_Players::LEADER_SEJONG,Players:Expansion2_Players::LEADER_SUNDIATA_KEITA,Players:Expansion2_Players::LEADER_SULEIMAN_ALT,Players:Expansion2_Players::LEADER_SULEIMAN,Players:Expansion2_Players::LEADER_TAMAR,Players:Expansion2_Players::LEADER_T_ROOSEVELT,Players:Expansion2_Players::LEADER_GITARJA,Players:Expansion2_Players::LEADER_TRAJAN,Players:Expansion2_Players::LEADER_TOMYRIS,Players:Expansion2_Players::LEADER_LAURIER,Players:Expansion2_Players::LEADER_WILHELMINA,Players:Expansion2_Players::LEADER_WILHELMINA_INLAND,Players:Expansion2_Players::LEADER_VICTORIA,Players:Expansion2_Players::LEADER_VICTORIA_ALT,Players:Expansion2_Players::LEADER_WU_ZETIAN,Players:Expansion2_Players::LEADER_SIMON_BOLIVAR,Players:Expansion2_Players::LEADER_MATTHIAS_CORVINUS,Players:Expansion2_Players::LEADER_JADWIGA,Players:Expansion2_Players::LEADER_ABRAHAM_LINCOLN,Players:Expansion2_Players::LEADER_ALEXANDER,Players:Expansion2_Players::LEADER_ELIZABETH,Players:Expansion2_Players::LEADER_YONGLE,Players:Expansion2_Players::LEADER_JOHN_CURTIN,Players:Expansion2_Players::LEADER_CHANDRAGUPTA,Players:Expansion2_Players::LEADER_LADY_TRIEU"},"LEADER_TYPE_ID":{"type":"dvt_UInt32","value":4294967295},"LEADER_TYPE_NAME":{"type":"dvt_char8","value":""},"LEADER_NAME":{"type":"dvt_char8","value":""},"HANDICAP_TYPE_ID":{"type":"dvt_Int32","value":-1874486710},"MOD_READY_STATUS":{"type":"dvt_Bool","value":false}}},"PLAYER_0":{"type":"dvt_TypedVariantMap","value":{"TEAM":{"type":"dvt_Int32","value":0},"PLAYER_ID":{"type":"dvt_Int32","value":0},"LEADER_DOMAIN":{"type":"dvt_char8","value":"Players:Expansion2_Players"},"MAP_PINS":{"type":"dvt_TypedVariantMap","value":{}},"IS_ALIVE":{"type":"dvt_Bool","value":true},"HOTSEAT_PASSWORD":{"type":"dvt_char8","value":""},"WANTS_PAUSE":{"type":"dvt_Bool","value":false},"CIVILIZATION_LEVEL_TYPE_ID":{"type":"dvt_UInt32","value":624367792},"NETWORK_NAME":{"type":"dvt_char8","value":"longyizhu@76561198931045205"},"CIVILIZATION_TYPE_NAME":{"type":"dvt_char8","value":"CIVILIZATION_PERSIA"},"READY_STATUS":{"type":"dvt_Bool","value":true},"CIVILIZATION_TYPE_ID":{"type":"dvt_Int32","value":-1634075386},"CIVILIZATION_LEVEL_TYPE_NAME":{"type":"dvt_char8","value":"CIVILIZATION_LEVEL_FULL_CIV"},"LEADER_VALUE_DOMAIN":{"type":"dvt_char8","value":"Players:Expansion2_Players"},"IS_LOCKED":{"type":"dvt_Int32","value":0},"SLOT_STATUS":{"type":"dvt_Int32","value":3},"PLAYER_COLOR_ALTERNATE":{"type":"dvt_Int32","value":0},"CONFIGURATION_TYPE":{"type":"dvt_UInt32","value":1697843344},"LEADER_VALUES":{"type":"dvt_char8","value":"Players:*::RANDOM,Players:*::RANDOM_POOL1,Players:*::RANDOM_POOL2,Players:Expansion2_Players::LEADER_ELEANOR_FRANCE,Players:Expansion2_Players::LEADER_ELEANOR_ENGLAND,Players:Expansion2_Players::LEADER_AMBIORIX,Players:Expansion2_Players::LEADER_BASIL,Players:Expansion2_Players::LEADER_HOJO,Players:Expansion2_Players::LEADER_HOJO_INLAND,Players:Expansion2_Players::LEADER_PETER_GREAT,Players:Expansion2_Players::LEADER_PERICLES,Players:Expansion2_Players::LEADER_GENGHIS_KHAN,Players:Expansion2_Players::LEADER_TOKUGAWA,Players:Expansion2_Players::LEADER_THEODORA,Players:Expansion2_Players::LEADER_DIDO,Players:Expansion2_Players::LEADER_JAYAVARMAN,Players:Expansion2_Players::LEADER_NZINGA_MBANDE,Players:Expansion2_Players::LEADER_PHILIP_II,Players:Expansion2_Players::LEADER_PHILIP_II_INLAND,Players:Expansion2_Players::LEADER_BARBAROSSA,Players:Expansion2_Players::LEADER_GORGO,Players:Expansion2_Players::LEADER_HARDRADA,Players:Expansion2_Players::LEADER_HARALD_ALT,Players:Expansion2_Players::LEADER_KUBLAI_KHAN_MONGOLIA,Players:Expansion2_Players::LEADER_KUBLAI_KHAN_CHINA,Players:Expansion2_Players::LEADER_GILGAMESH,Players:Expansion2_Players::LEADER_CYRUS,Players:Expansion2_Players::LEADER_CATHERINE_DE_MEDICI,Players:Expansion2_Players::LEADER_CATHERINE_DE_MEDICI_ALT,Players:Expansion2_Players::LEADER_KRISTINA,Players:Expansion2_Players::LEADER_CLEOPATRA,Players:Expansion2_Players::LEADER_CLEOPATRA_ALT,Players:Expansion2_Players::LEADER_KUPE,Players:Expansion2_Players::LEADER_RAMSES,Players:Expansion2_Players::LEADER_LAUTARO,Players:Expansion2_Players::LEADER_LADY_SIX_SKY,Players:Expansion2_Players::LEADER_LUDWIG,Players:Expansion2_Players::LEADER_ROBERT_THE_BRUCE,Players:Expansion2_Players::LEADER_MANSA_MUSA,Players:Expansion2_Players::LEADER_MONTEZUMA,Players:Expansion2_Players::LEADER_MENELIK,Players:Expansion2_Players::LEADER_MVEMBA,Players:Expansion2_Players::LEADER_NADER_SHAH,Players:Expansion2_Players::LEADER_PACHACUTI,Players:Expansion2_Players::LEADER_POUNDMAKER,Players:Expansion2_Players::LEADER_PEDRO,Players:Expansion2_Players::LEADER_SHAKA,Players:Expansion2_Players::LEADER_QIN_ALT,Players:Expansion2_Players::LEADER_QIN,Players:Expansion2_Players::LEADER_JOAO_III,Players:Expansion2_Players::LEADER_SALADIN_ALT,Players:Expansion2_Players::LEADER_SALADIN,Players:Expansion2_Players::LEADER_SEONDEOK,Players:Expansion2_Players::LEADER_SEJONG,Players:Expansion2_Players::LEADER_SUNDIATA_KEITA,Players:Expansion2_Players::LEADER_SULEIMAN_ALT,Players:Expansion2_Players::LEADER_SULEIMAN,Players:Expansion2_Players::LEADER_TAMAR,Players:Expansion2_Players::LEADER_T_ROOSEVELT,Players:Expansion2_Players::LEADER_GITARJA,Players:Expansion2_Players::LEADER_TRAJAN,Players:Expansion2_Players::LEADER_TOMYRIS,Players:Expansion2_Players::LEADER_LAURIER,Players:Expansion2_Players::LEADER_WILHELMINA,Players:Expansion2_Players::LEADER_WILHELMINA_INLAND,Players:Expansion2_Players::LEADER_VICTORIA,Players:Expansion2_Players::LEADER_VICTORIA_ALT,Players:Expansion2_Players::LEADER_WU_ZETIAN,Players:Expansion2_Players::LEADER_SIMON_BOLIVAR,Players:Expansion2_Players::LEADER_MATTHIAS_CORVINUS,Players:Expansion2_Players::LEADER_JADWIGA,Players:Expansion2_Players::LEADER_ABRAHAM_LINCOLN,Players:Expansion2_Players::LEADER_ALEXANDER,Players:Expansion2_Players::LEADER_ELIZABETH,Players:Expansion2_Players::LEADER_YONGLE,Players:Expansion2_Players::LEADER_JOHN_CURTIN,Players:Expansion2_Players::LEADER_LADY_TRIEU"},"NICK_NAME":{"type":"dvt_char8","value":"longyizhu"},"LEADER_TYPE_ID":{"type":"dvt_UInt32","value":1064695772},"LEADER_TYPE_NAME":{"type":"dvt_char8","value":"LEADER_CYRUS"},"LEADER_NAME":{"type":"dvt_char8","value":"LOC_LEADER_CYRUS_NAME"},"HANDICAP_TYPE_ID":{"type":"dvt_UInt32","value":4115014831},"MOD_READY_STATUS":{"type":"dvt_Bool","value":true}}},"PLAYER_26":{"type":"dvt_TypedVariantMap","value":{"PLAYER_ID":{"type":"dvt_Int32","value":26},"MAP_PINS":{"type":"dvt_TypedVariantMap","value":{}},"SLOT_STATUS":{"type":"dvt_Int32","value":2},"CONFIGURATION_TYPE":{"type":"dvt_UInt32","value":1697843344}}},"PLAYER_8":{"type":"dvt_TypedVariantMap","value":{"PLAYER_ID":{"type":"dvt_Int32","value":8},"MAP_PINS":{"type":"dvt_TypedVariantMap","value":{}},"SLOT_STATUS":{"type":"dvt_Int32","value":2},"CONFIGURATION_TYPE":{"type":"dvt_UInt32","value":1697843344}}},"PLAYER_22":{"type":"dvt_TypedVariantMap","value":{"PLAYER_ID":{"type":"dvt_Int32","value":22},"MAP_PINS":{"type":"dvt_TypedVariantMap","value":{}},"SLOT_STATUS":{"type":"dvt_Int32","value":2},"CONFIGURATION_TYPE":{"type":"dvt_UInt32","value":1697843344}}},"PLAYER_36":{"type":"dvt_TypedVariantMap","value":{"PLAYER_ID":{"type":"dvt_Int32","value":36},"MAP_PINS":{"type":"dvt_TypedVariantMap","value":{}},"SLOT_STATUS":{"type":"dvt_Int32","value":2},"CONFIGURATION_TYPE":{"type":"dvt_UInt32","value":1697843344}}},"PLAYER_32":{"type":"dvt_TypedVariantMap","value":{"PLAYER_ID":{"type":"dvt_Int32","value":32},"MAP_PINS":{"type":"dvt_TypedVariantMap","value":{}},"SLOT_STATUS":{"type":"dvt_Int32","value":2},"CONFIGURATION_TYPE":{"type":"dvt_UInt32","value":1697843344}}},"PLAYER_63":{"type":"dvt_TypedVariantMap","value":{"PLAYER_ID":{"type":"dvt_Int32","value":63},"MAP_PINS":{"type":"dvt_TypedVariantMap","value":{}},"SLOT_STATUS":{"type":"dvt_Int32","value":2},"CONFIGURATION_TYPE":{"type":"dvt_UInt32","value":1697843344}}},"MAP_ROOT":{"type":"dvt_TypedVariantMap","value":{"resources":{"type":"dvt_Int32","value":2},"RouteLevel":{"type":"dvt_Int32","value":1},"world_age":{"type":"dvt_Int32","value":2},"BBMBreakClumps":{"type":"dvt_Bool","value":true},"MAP_MAX_MAJOR_PLAYERS":{"type":"dvt_UInt32","value":8},"MAP_NAME":{"type":"dvt_char8","value":"{\"LOC_ZYLRM_RING_MAP_NAME\":[{\"locale\":\"en_US\",\"text\":\"Team PVP Ring Mainland\"},{\"locale\":\"fr_FR\",\"text\":\"组队PVP环形大陆\"},{\"locale\":\"de_DE\",\"text\":\"组队PVP环形大陆\"},{\"locale\":\"it_IT\",\"text\":\"组队PVP环形大陆\"},{\"locale\":\"es_ES\",\"text\":\"组队PVP环形大陆\"},{\"locale\":\"ja_JP\",\"text\":\"组队PVP环形大陆\"},{\"locale\":\"ru_RU\",\"text\":\"组队PVP环形大陆\"},{\"locale\":\"pl_PL\",\"text\":\"组队PVP环形大陆\"},{\"locale\":\"ko_KR\",\"text\":\"组队PVP环形大陆\"},{\"locale\":\"zh_Hant_HK\",\"text\":\"组队PVP环形大陆\"},{\"locale\":\"zh_Hans_CN\",\"text\":\"组队PVP环形大陆\"},{\"locale\":\"pt_BR\",\"text\":\"组队PVP环形大陆\"}]}"},"MAP_MAX_MAJOR_PLAYERS":{"type":"dvt_UInt32","value":2},"temperature":{"type":"dvt_Int32","value":2},"BBSNatural":{"type":"dvt_Int32","value":1},"BBMMaxFloodplainsSize":{"type":"dvt_Int32","value":8},"BBMLuxExp1":{"type":"dvt_Bool","value":false},"start":{"type":"dvt_Int32","value":1},"IS_RANDOM_MAP_SCRIPT":{"type":"dvt_Bool","value":false},"MAP_SCRIPT":{"type":"dvt_char8","value":"zyl_team_ring_mainland.lua"},"BBMMinAttempts":{"type":"dvt_Int32","value":5},"ZYL_RVC_CityStatePlacement":{"type":"dvt_Int32","value":1},"rainfall":{"type":"dvt_Int32","value":2},"MAP_MAX_MINOR_PLAYERS":{"type":"dvt_UInt32","value":0},"IS_RANDOM_MAP_SIZE":{"type":"dvt_Bool","value":false},"RANDOM_SEED":{"type":"dvt_UInt32","value":910900531},"MAP_MAX_MINOR_PLAYERS":{"type":"dvt_UInt32","value":16},"MAP_SIZE":{"type":"dvt_Int32","value":-2055278946},"MapName":{"type":"dvt_char8","value":"ZYLRM_Team_Ring_Rich_Mainland"},"MapTrait":{"type":"dvt_Bool","value":false},"BBSStratRes":{"type":"dvt_Int32","value":0},"BBMBreakDesert":{"type":"dvt_Bool","value":false},"RichNum":{"type":"dvt_Int32","value":5},"sea_level":{"type":"dvt_Int32","value":2},"BBS_Team_Spawn":{"type":"dvt_Int32","value":1},"CONFIGURATION_TYPE":{"type":"dvt_UInt32","value":1975399942},"MAP_DOMAIN":{"type":"dvt_char8","value":"Maps:Expansion2Maps"},"BBMMinDistance":{"type":"dvt_Int32","value":0},"ZYLRM_PlayerDistance":{"type":"dvt_Int32","value":1},"BBSRidge":{"type":"dvt_Int32","value":0}}},"PLAYER_20":{"type":"dvt_TypedVariantMap","value":{"PLAYER_ID":{"type":"dvt_Int32","value":20},"MAP_PINS":{"type":"dvt_TypedVariantMap","value":{}},"SLOT_STATUS":{"type":"dvt_Int32","value":2},"CONFIGURATION_TYPE":{"type":"dvt_UInt32","value":1697843344}}},"PLAYER_24":{"type":"dvt_TypedVariantMap","value":{"PLAYER_ID":{"type":"dvt_Int32","value":24},"MAP_PINS":{"type":"dvt_TypedVariantMap","value":{}},"SLOT_STATUS":{"type":"dvt_Int32","value":2},"CONFIGURATION_TYPE":{"type":"dvt_UInt32","value":1697843344}}},"GAME_ROOT":{"type":"dvt_TypedVariantMap","value":{"NO_TRADING_GOLD":{"type":"dvt_Bool","value":false},"BAN_POOL_6_NAME":{"type":"dvt_char8","value":"InlandSea.lua"},"GAME_SYNC_RANDOM_SEED":{"type":"dvt_UInt32","value":910900530},"GAME_MODE":{"type":"dvt_UInt32","value":20463770},"EXCLUDE_NATURAL_WONDERS":{"type":"dvt_TypedVariantMap","value":{"1":{"type":"dvt_char8","value":"FEATURE_BARRINGER_CRATER"},"2":{"type":"dvt_char8","value":"FEATURE_BIOLUMINESCENT_BAY"},"3":{"type":"dvt_char8","value":"FEATURE_CERRO_DE_POTOSI"},"4":{"type":"dvt_char8","value":"FEATURE_DALLOL"},"5":{"type":"dvt_char8","value":"FEATURE_GRAND_MESA"},"6":{"type":"dvt_char8","value":"FEATURE_KRAKATOA"},"7":{"type":"dvt_char8","value":"FEATURE_LAKE_VICTORIA"},"8":{"type":"dvt_char8","value":"FEATURE_LENCOIS_MARANHENSES"},"9":{"type":"dvt_char8","value":"FEATURE_OUNIANGA"},"A":{"type":"dvt_char8","value":"FEATURE_MOSI_OA_TUNYA"},"B":{"type":"dvt_char8","value":"FEATURE_MOTLATSE_CANYON"},"C":{"type":"dvt_char8","value":"FEATURE_KAILASH"},"D":{"type":"dvt_char8","value":"FEATURE_NAMIB"},"E":{"type":"dvt_char8","value":"FEATURE_OLD_FAITHFUL"},"F":{"type":"dvt_char8","value":"FEATURE_SINAI"},"10":{"type":"dvt_char8","value":"FEATURE_SALAR_DE_UYUNI"},"11":{"type":"dvt_char8","value":"FEATURE_WULINGYUAN"},"12":{"type":"dvt_char8","value":"FEATURE_SRI_PADA"},"13":{"type":"dvt_char8","value":"FEATURE_GIBRALTAR"},"14":{"type":"dvt_char8","value":"FEATURE_VREDEFORT_DOME"},"15":{"type":"dvt_char8","value":"FEATURE_BERMUDA_TRIANGLE"}}},"DRAFT_MAP":{"type":"dvt_Bool","value":false},"VICTORY_TECHNOLOGY":{"type":"dvt_Bool","value":true},"NEW_HOTKEYS":{"type":"dvt_Bool","value":true},"GAMEMODE_ANONYMOUS":{"type":"dvt_Bool","value":false},"VICTORY_CONQUEST":{"type":"dvt_Bool","value":true},"SAVED_GAME":{"type":"dvt_Bool","value":false},"VICTORY_RELIGIOUS":{"type":"dvt_Bool","value":true},"18E5DCD9":{"type":"dvt_Bool","value":false},"DRAFT_TIMER":{"type":"dvt_Bool","value":true},"ENABLED_MODS":{"type":"dvt_TypedVariantVector","value":[{"type":"dvt_TypedVariantMap","value":{"MOD_ID":{"type":"dvt_char8","value":"02A8BDDE-67EA-4D38-9540-26E685E3156E"},"MOD_TITLE_KEY":{"type":"dvt_char8","value":"{\"LOC_AZTEC_MONTEZUMA_MOD_TITLE\":[]}"},"MOD_SUBSCRIPTION_ID":{"type":"dvt_char8","value":""},"MOD_VERSION":{"type":"dvt_char8","value":"1"}}},{"type":"dvt_TypedVariantMap","value":{"MOD_ID":{"type":"dvt_char8","value":"1B28771A-C749-434B-9053-D1380C553DE9"},"MOD_TITLE_KEY":{"type":"dvt_char8","value":"{\"LOC_EXPANSION1_MOD_TITLE\":[]}"},"MOD_SUBSCRIPTION_ID":{"type":"dvt_char8","value":""},"MOD_VERSION":{"type":"dvt_char8","value":"1"}}},{"type":"dvt_TypedVariantMap","value":{"MOD_ID":{"type":"dvt_char8","value":"1B394FE9-23DC-4868-8F0A-5220CB8FB427"},"MOD_TITLE_KEY":{"type":"dvt_char8","value":"{\"LOC_ETHIOPIA_MOD_TITLE\":[{\"locale\":\"de_DE\", \"text\":\"Äthiopien-Paket\"}, {\"locale\":\"en_US\", \"text\":\"Ethiopia Pack\"}, {\"locale\":\"es_ES\", \"text\":\"Pack de Etiopía\"}, {\"locale\":\"fr_FR\", \"text\":\"Pack Éthiopie\"}, {\"locale\":\"it_IT\", \"text\":\"Pacchetto Etiopia\"}, {\"locale\":\"ja_JP\", \"text\":\"エチオピアパック\"}, {\"locale\":\"ko_KR\", \"text\":\"에티오피아 팩\"}, {\"locale\":\"pl_PL\", \"text\":\"Pakiet Etiopii\"}, {\"locale\":\"pt_BR\", \"text\":\"Pacote Etiópia\"}, {\"locale\":\"ru_RU\", \"text\":\"Набор «Эфиопия»\"}, {\"locale\":\"zh_Hans_CN\", \"text\":\"埃塞俄比亚包\"}, {\"locale\":\"zh_Hant_HK\", \"text\":\"衣索比亞包\"}]}"},"MOD_SUBSCRIPTION_ID":{"type":"dvt_char8","value":""},"MOD_VERSION":{"type":"dvt_char8","value":"1"}}},{"type":"dvt_TypedVariantMap","value":{"MOD_ID":{"type":"dvt_char8","value":"1F367231-A040-4793-BDBB-088816853683"},"MOD_TITLE_KEY":{"type":"dvt_char8","value":"{\"LOC_INDONESIA_KHMER_MOD_TITLE\":[]}"},"MOD_SUBSCRIPTION_ID":{"type":"dvt_char8","value":""},"MOD_VERSION":{"type":"dvt_char8","value":"1"}}},{"type":"dvt_TypedVariantMap","value":{"MOD_ID":{"type":"dvt_char8","value":"249D9276-0832-48E4-B370-14531FA4E33C"},"MOD_TITLE_KEY":{"type":"dvt_char8","value":"{\"LOC_GREAT_BUILDERS_MOD_TITLE\":[]}"},"MOD_SUBSCRIPTION_ID":{"type":"dvt_char8","value":""},"MOD_VERSION":{"type":"dvt_char8","value":"1"}}},{"type":"dvt_TypedVariantMap","value":{"MOD_ID":{"type":"dvt_char8","value":"258EF3CA-890B-4863-8A52-982822EFF7BD"},"MOD_TITLE_KEY":{"type":"dvt_char8","value":"{\"LOC_RULERS_OF_ENGLAND_MOD_TITLE\":[]}"},"MOD_SUBSCRIPTION_ID":{"type":"dvt_char8","value":""},"MOD_VERSION":{"type":"dvt_char8","value":"1"}}},{"type":"dvt_TypedVariantMap","value":{"MOD_ID":{"type":"dvt_char8","value":"2c748261-f79c-4e12-a126-cd3c50c6915a"},"MOD_TITLE_KEY":{"type":"dvt_char8","value":"{\"Crank Up The Difficulty!\":[]}"},"MOD_SUBSCRIPTION_ID":{"type":"dvt_char8","value":"3109150636"},"MOD_VERSION":{"type":"dvt_char8","value":"1"}}},{"type":"dvt_TypedVariantMap","value":{"MOD_ID":{"type":"dvt_char8","value":"3809975F-263F-40A2-A747-8BFB171D821A"},"MOD_TITLE_KEY":{"type":"dvt_char8","value":"{\"LOC_POLAND_JADWIGA_MOD_TITLE\":[]}"},"MOD_SUBSCRIPTION_ID":{"type":"dvt_char8","value":""},"MOD_VERSION":{"type":"dvt_char8","value":"1"}}},{"type":"dvt_TypedVariantMap","value":{"MOD_ID":{"type":"dvt_char8","value":"4873eb62-8ccc-4574-b784-dda455e74e68"},"MOD_TITLE_KEY":{"type":"dvt_char8","value":"{\"LOC_EXPANSION2_MOD_TITLE\":[]}"},"MOD_SUBSCRIPTION_ID":{"type":"dvt_char8","value":""},"MOD_VERSION":{"type":"dvt_char8","value":"1"}}},{"type":"dvt_TypedVariantMap","value":{"MOD_ID":{"type":"dvt_char8","value":"4dd01931-9d44-4a8a-8e74-712cba0f0072"},"MOD_TITLE_KEY":{"type":"dvt_char8","value":"{\"LOC_ZYLPVPMOD_TITLE\":[{\"locale\":\"en_US\", \"text\":\"ZYLPVPMOD 2.0.3\"}, {\"locale\":\"zh_Hans_CN\", \"text\":\"ZYLPVPMOD 2.0.3\"}]}"},"MOD_SUBSCRIPTION_ID":{"type":"dvt_char8","value":"3792052697"},"MOD_VERSION":{"type":"dvt_char8","value":"1"}}},{"type":"dvt_TypedVariantMap","value":{"MOD_ID":{"type":"dvt_char8","value":"643EA320-8E1A-4CF1-A01C-00D88DDD131A"},"MOD_TITLE_KEY":{"type":"dvt_char8","value":"{\"LOC_NUBIA_MOD_TITLE\":[]}"},"MOD_SUBSCRIPTION_ID":{"type":"dvt_char8","value":""},"MOD_VERSION":{"type":"dvt_char8","value":"1"}}},{"type":"dvt_TypedVariantMap","value":{"MOD_ID":{"type":"dvt_char8","value":"6c067266-29a2-4c1f-8ee8-77fe7d631f11"},"MOD_TITLE_KEY":{"type":"dvt_char8","value":"{\"No More AI World Wonders\":[]}"},"MOD_SUBSCRIPTION_ID":{"type":"dvt_char8","value":"1964253020"},"MOD_VERSION":{"type":"dvt_char8","value":"1"}}},{"type":"dvt_TypedVariantMap","value":{"MOD_ID":{"type":"dvt_char8","value":"7A66DB58-B354-4061-8C80-95B638DD6F6C"},"MOD_TITLE_KEY":{"type":"dvt_char8","value":"{\"LOC_GREAT_NEGOTIATORS_MOD_TITLE\":[]}"},"MOD_SUBSCRIPTION_ID":{"type":"dvt_char8","value":""},"MOD_VERSION":{"type":"dvt_char8","value":"1"}}},{"type":"dvt_TypedVariantMap","value":{"MOD_ID":{"type":"dvt_char8","value":"7D27831B-BAA6-4A8B-A39C-94243BAD3F47"},"MOD_TITLE_KEY":{"type":"dvt_char8","value":"{\"LOC_RULERS_OF_CHINA_MOD_TITLE\":[]}"},"MOD_SUBSCRIPTION_ID":{"type":"dvt_char8","value":""},"MOD_VERSION":{"type":"dvt_char8","value":"1"}}},{"type":"dvt_TypedVariantMap","value":{"MOD_ID":{"type":"dvt_char8","value":"82AE6F24-930F-4640-833C-FCDFD4845757"},"MOD_TITLE_KEY":{"type":"dvt_char8","value":"{\"LOC_RULERS_OF_THE_SAHARA_MOD_TITLE\":[]}"},"MOD_SUBSCRIPTION_ID":{"type":"dvt_char8","value":""},"MOD_VERSION":{"type":"dvt_char8","value":"1"}}},{"type":"dvt_TypedVariantMap","value":{"MOD_ID":{"type":"dvt_char8","value":"8424840C-92EF-4426-A9B4-B4E0CB818049"},"MOD_TITLE_KEY":{"type":"dvt_char8","value":"{\"LOC_BABYLON_MOD_TITLE\":[{\"locale\":\"de_DE\", \"text\":\"Babylon-Paket\"}, {\"locale\":\"en_US\", \"text\":\"Babylon Pack\"}, {\"locale\":\"es_ES\", \"text\":\"Pack de Babilonia\"}, {\"locale\":\"fr_FR\", \"text\":\"Pack Babylone\"}, {\"locale\":\"it_IT\", \"text\":\"Pacchetto Babilonia\"}, {\"locale\":\"ja_JP\", \"text\":\"バビロンパック\"}, {\"locale\":\"ko_KR\", \"text\":\"바빌론 팩\"}, {\"locale\":\"pl_PL\", \"text\":\"Pakiet Babilonu\"}, {\"locale\":\"pt_BR\", \"text\":\"Pacote Babilônia\"}, {\"locale\":\"ru_RU\", \"text\":\"Набор «Вавилон»\"}, {\"locale\":\"zh_Hans_CN\", \"text\":\"巴比伦包\"}, {\"locale\":\"zh_Hant_HK\", \"text\":\"巴比倫包\"}]}"},"MOD_SUBSCRIPTION_ID":{"type":"dvt_char8","value":""},"MOD_VERSION":{"type":"dvt_char8","value":"1"}}},{"type":"dvt_TypedVariantMap","value":{"MOD_ID":{"type":"dvt_char8","value":"9DE86512-DE1A-400D-8C0A-AB46EBBF76B9"},"MOD_TITLE_KEY":{"type":"dvt_char8","value":"{\"LOC_GRANCOLOMBIA_MAYA_MOD_TITLE\":[{\"locale\":\"de_DE\", \"text\":\"Maya- und Großkolumbien-Paket\"}, {\"locale\":\"en_US\", \"text\":\"Maya and Gran Colombia Pack\"}, {\"locale\":\"es_ES\", \"text\":\"Pack de los mayas y la Gran Colombia\"}, {\"locale\":\"fr_FR\", \"text\":\"Pack Mayas et Grande Colombie\"}, {\"locale\":\"it_IT\", \"text\":\"Pacchetto Maya e Grande Colombia\"}, {\"locale\":\"ja_JP\", \"text\":\"マヤ＆大コロンビアパック\"}, {\"locale\":\"ko_KR\", \"text\":\"마야 및 그란 콜롬비아 팩\"}, {\"locale\":\"pl_PL\", \"text\":\"Pakiet Majów i Wielkiej Kolumbii\"}, {\"locale\":\"pt_BR\", \"text\":\"Pacote Maia e Grande Colômbia\"}, {\"locale\":\"ru_RU\", \"text\":\"Набор «Майя и Великая Колумбия»\"}, {\"locale\":\"zh_Hans_CN\", \"text\":\"玛雅和大哥伦比亚包\"}, {\"locale\":\"zh_Hant_HK\", \"text\":\"馬雅及大哥倫比亞包\"}]}"},"MOD_SUBSCRIPTION_ID":{"type":"dvt_char8","value":""},"MOD_VERSION":{"type":"dvt_char8","value":"1"}}},{"type":"dvt_TypedVariantMap","value":{"MOD_ID":{"type":"dvt_char8","value":"A1100FC4-70F2-4129-AC27-2A65A685ED08"},"MOD_TITLE_KEY":{"type":"dvt_char8","value":"{\"LOC_BYZANTIUM_GAUL_MOD_TITLE\":[{\"locale\":\"de_DE\", \"text\":\"Byzanz- und Gallien-Paket\"}, {\"locale\":\"en_US\", \"text\":\"Byzantium and Gaul Pack\"}, {\"locale\":\"es_ES\", \"text\":\"Pack de los bizantinos y galos\"}, {\"locale\":\"fr_FR\", \"text\":\"Pack Gaule et Byzance\"}, {\"locale\":\"it_IT\", \"text\":\"Pacchetto Bisanzio e Galli\"}, {\"locale\":\"ja_JP\", \"text\":\"ビザンティン＆ガリアパック\"}, {\"locale\":\"ko_KR\", \"text\":\"비잔티움 및 골 팩\"}, {\"locale\":\"pl_PL\", \"text\":\"Pakiet Bizancjum i Galów\"}, {\"locale\":\"pt_BR\", \"text\":\"Pacote Bizâncio e Gália\"}, {\"locale\":\"ru_RU\", \"text\":\"Набор «Византия и галлы»\"}, {\"locale\":\"zh_Hans_CN\", \"text\":\"拜占庭和高卢包\"}, {\"locale\":\"zh_Hant_HK\", \"text\":\"拜占庭及高盧包\"}]}"},"MOD_SUBSCRIPTION_ID":{"type":"dvt_char8","value":""},"MOD_VERSION":{"type":"dvt_char8","value":"1"}}},{"type":"dvt_TypedVariantMap","value":{"MOD_ID":{"type":"dvt_char8","value":"A3F42CD4-6C3E-4F5A-BC81-BE29E0C0B87C"},"MOD_TITLE_KEY":{"type":"dvt_char8","value":"{\"LOC_KUBLAIKHAN_VIETNAM_MOD_TITLE\":[{\"locale\":\"de_DE\", \"text\":\"Vietnam- und Kublai Khan-Paket\"}, {\"locale\":\"en_US\", \"text\":\"Vietnam and Kublai Khan Pack\"}, {\"locale\":\"es_ES\", \"text\":\"Pack de Vietnam y Kublai Kan\"}, {\"locale\":\"fr_FR\", \"text\":\"Pack Vietnam et Kubilai Khan\"}, {\"locale\":\"it_IT\", \"text\":\"Pacchetto Vietnam e Kublai Khan\"}, {\"locale\":\"ja_JP\", \"text\":\"ベトナム＆フビライ・ハンパック\"}, {\"locale\":\"ko_KR\", \"text\":\"베트남 및 쿠빌라이칸 팩\"}, {\"locale\":\"pl_PL\", \"text\":\"Pakiet Wietnamu i Kubilaj-chana\"}, {\"locale\":\"pt_BR\", \"text\":\"Pacote Vietnã e Kublai Khan\"}, {\"locale\":\"ru_RU\", \"text\":\"Набор «Вьетнам и Хубилай»\"}, {\"locale\":\"zh_Hans_CN\", \"text\":\"越南和忽必烈包\"}, {\"locale\":\"zh_Hant_HK\", \"text\":\"越南及忽必烈包\"}]}"},"MOD_SUBSCRIPTION_ID":{"type":"dvt_char8","value":""},"MOD_VERSION":{"type":"dvt_char8","value":"1"}}},{"type":"dvt_TypedVariantMap","value":{"MOD_ID":{"type":"dvt_char8","value":"CE5876CD-6900-46D1-9C9C-8DBA1F28872E"},"MOD_TITLE_KEY":{"type":"dvt_char8","value":"{\"LOC_CATHERINE_DE_MEDICI_MOD_TITLE\":[{\"locale\":\"de_DE\", \"text\":\"Katharina von Medici-Paket\"}, {\"locale\":\"en_US\", \"text\":\"Catherine de Medici Persona Pack\"}, {\"locale\":\"es_ES\", \"text\":\"Pack de personalidades de Catalina de Médici\"}, {\"locale\":\"fr_FR\", \"text\":\"Pack de personnalités Catherine de Médicis\"}, {\"locale\":\"it_IT\", \"text\":\"Pacchetto personaggio Caterina de' Medici\"}, {\"locale\":\"ja_JP\", \"text\":\"カトリーヌ・ド・メディシス パーソナリティ・パック\"}, {\"locale\":\"ko_KR\", \"text\":\"카트린 데메디치 페르소나 팩\"}, {\"locale\":\"pl_PL\", \"text\":\"Pakiet wariantów Katarzyny Medycejskiej\"}, {\"locale\":\"pt_BR\", \"text\":\"Pacote da Personalidade Catarina de Médici\"}, {\"locale\":\"ru_RU\", \"text\":\"Набор «Екатерина Медичи: личности»\"}, {\"locale\":\"zh_Hans_CN\", \"text\":\"凯瑟琳·德·美第奇领袖包\"}, {\"locale\":\"zh_Hant_HK\", \"text\":\"凱薩琳‧德‧麥地奇造型包\"}]}"},"MOD_SUBSCRIPTION_ID":{"type":"dvt_char8","value":""},"MOD_VERSION":{"type":"dvt_char8","value":"1"}}},{"type":"dvt_TypedVariantMap","value":{"MOD_ID":{"type":"dvt_char8","value":"E2749E9A-8056-45CD-901B-C368C8E83DEB"},"MOD_TITLE_KEY":{"type":"dvt_char8","value":"{\"LOC_MACEDONIA_PERSIA_MOD_TITLE\":[]}"},"MOD_SUBSCRIPTION_ID":{"type":"dvt_char8","value":""},"MOD_VERSION":{"type":"dvt_char8","value":"1"}}},{"type":"dvt_TypedVariantMap","value":{"MOD_ID":{"type":"dvt_char8","value":"E3F53C61-371C-440B-96CE-077D318B36C0"},"MOD_TITLE_KEY":{"type":"dvt_char8","value":"{\"LOC_AUSTRALIA_MOD_TITLE\":[]}"},"MOD_SUBSCRIPTION_ID":{"type":"dvt_char8","value":""},"MOD_VERSION":{"type":"dvt_char8","value":"1"}}},{"type":"dvt_TypedVariantMap","value":{"MOD_ID":{"type":"dvt_char8","value":"F48213B4-56F5-45DD-92F7-AC78E49BDA49"},"MOD_TITLE_KEY":{"type":"dvt_char8","value":"{\"LOC_GREAT_WARLORDS_MOD_TITLE\":[]}"},"MOD_SUBSCRIPTION_ID":{"type":"dvt_char8","value":""},"MOD_VERSION":{"type":"dvt_char8","value":"1"}}},{"type":"dvt_TypedVariantMap","value":{"MOD_ID":{"type":"dvt_char8","value":"FFDF4E79-DEE2-47BB-919B-F5739106627A"},"MOD_TITLE_KEY":{"type":"dvt_char8","value":"{\"LOC_PORTUGAL_MOD_TITLE\":[{\"locale\":\"de_DE\", \"text\":\"Portugal-Paket\"}, {\"locale\":\"en_US\", \"text\":\"Portugal Pack\"}, {\"locale\":\"es_ES\", \"text\":\"Pack de Portugal\"}, {\"locale\":\"fr_FR\", \"text\":\"Pack Portugal\"}, {\"locale\":\"it_IT\", \"text\":\"Pacchetto Portogallo\"}, {\"locale\":\"ja_JP\", \"text\":\"ポルトガルパック\"}, {\"locale\":\"ko_KR\", \"text\":\"포르투갈 팩\"}, {\"locale\":\"pl_PL\", \"text\":\"Pakiet Portugalii\"}, {\"locale\":\"pt_BR\", \"text\":\"Pacote Portugal\"}, {\"locale\":\"ru_RU\", \"text\":\"Набор «Португалия»\"}, {\"locale\":\"zh_Hans_CN\", \"text\":\"葡萄牙包\"}, {\"locale\":\"zh_Hant_HK\", \"text\":\"葡萄牙包\"}]}"},"MOD_SUBSCRIPTION_ID":{"type":"dvt_char8","value":""},"MOD_VERSION":{"type":"dvt_char8","value":"1"}}},{"type":"dvt_TypedVariantMap","value":{"MOD_ID":{"type":"dvt_char8","value":"f9102cb6-564f-4812-b31e-2a67830fe382"},"MOD_TITLE_KEY":{"type":"dvt_char8","value":"{\"Late Game AI\":[]}"},"MOD_SUBSCRIPTION_ID":{"type":"dvt_char8","value":"2939752243"},"MOD_VERSION":{"type":"dvt_char8","value":"1"}}}]},"GAMEMODE_SUDDEN_DEATH":{"type":"dvt_Bool","value":false},"NO_WAIT_PANTHEON":{"type":"dvt_Bool","value":true},"LGAI_BARB_COMBAT_BONUS":{"type":"dvt_Bool","value":true},"GAME_REALISM":{"type":"dvt_Int32","value":2},"CPL_FS":{"type":"dvt_Int32","value":2},"BAN_POOL_1_NAME":{"type":"dvt_char8","value":"Archipelago_XP2.lua"},"BAN_9":{"type":"dvt_char8","value":"LEADER_ELEANOR_FRANCE"},"ZYL_IDENTITY_DEAL":{"type":"dvt_char8","value":""},"NO_TRADING_LUXURIES":{"type":"dvt_Bool","value":false},"CPL_SMARTTIMER":{"type":"dvt_Int32","value":9},"24084B20":{"type":"dvt_Int32","value":-1},"CPL_NO_PM":{"type":"dvt_Bool","value":false},"GAME_TURN_LIMIT":{"type":"dvt_Int32","value":-554045265},"CPL_FREECITY_OPT":{"type":"dvt_Int32","value":0},"BAN_5":{"type":"dvt_char8","value":"LEADER_NONE"},"NO_TRADING_CAPTIVES":{"type":"dvt_Bool","value":false},"GAME_SPEED_NAME":{"type":"dvt_char8","value":"{\"LOC_GAMESPEED_ONLINE_NAME\":[{\"locale\":\"en_US\",\"text\":\"Online\"},{\"locale\":\"fr_FR\",\"text\":\"En ligne\"},{\"locale\":\"de_DE\",\"text\":\"Online\"},{\"locale\":\"it_IT\",\"text\":\"Online\"},{\"locale\":\"es_ES\",\"text\":\"En línea\"},{\"locale\":\"ja_JP\",\"text\":\"オンライン\"},{\"locale\":\"ru_RU\",\"text\":\"Сетевая\"},{\"locale\":\"pl_PL\",\"text\":\"Sieciowa\"},{\"locale\":\"ko_KR\",\"text\":\"온라인\"},{\"locale\":\"zh_Hant_HK\",\"text\":\"聯機\"},{\"locale\":\"zh_Hans_CN\",\"text\":\"联机\"},{\"locale\":\"pt_BR\",\"text\":\"Online\"}]}"},"BAN_1":{"type":"dvt_char8","value":"LEADER_NONE"},"ZYL_IDENTITY_SEPARATE_PLAYER_1":{"type":"dvt_Int32","value":0},"TURN_TIMER_TIME":{"type":"dvt_Int32","value":180},"RULESET":{"type":"dvt_char8","value":"RULESET_EXPANSION_2"},"VictoryScienceSetting":{"type":"dvt_Int32","value":0},"BAN_POOL_10_NAME":{"type":"dvt_char8","value":"Shuffle.lua"},"NO_TRADING_FAVOR":{"type":"dvt_Bool","value":false},"LGAI_FREE_UNITS":{"type":"dvt_Int32","value":0},"BAN_POOL_8_NAME":{"type":"dvt_char8","value":"Primordial.lua"},"NO_DUPLICATE_CIVILIZATIONS":{"type":"dvt_Bool","value":true},"ZYL_IDENTITY_REBEL_COUNT":{"type":"dvt_Int32","value":3},"CITY_STATE_COUNT":{"type":"dvt_Int32","value":10},"ALLIANCE_CULTURAL":{"type":"dvt_Bool","value":true},"GAME_NO_BARBARIANS":{"type":"dvt_Bool","value":true},"CPL_RESTRICTED_DRAFT":{"type":"dvt_Bool","value":false},"MPH_PRESET":{"type":"dvt_Int32","value":0},"ZYL_STARTING_BONUS_TYPE":{"type":"dvt_Int32","value":0},"GAME_ALLIES_SHARE_VISIBILITY":{"type":"dvt_Bool","value":true},"BAN_POOL_4_NAME":{"type":"dvt_char8","value":"Fractal.lua"},"NO_TEAMS":{"type":"dvt_Bool","value":false},"GAMEMODE_TREE_RANDOMIZER":{"type":"dvt_Bool","value":false},"GAME_START_ERA_NAME":{"type":"dvt_char8","value":"{\"LOC_ERA_ANCIENT_NAME\":[{\"locale\":\"en_US\",\"text\":\"Ancient Era\"},{\"locale\":\"fr_FR\",\"text\":\"Ère antique\",\"plurality\":\"1\",\"gender\":\"feminine:vowel\"},{\"locale\":\"de_DE\",\"text\":\"Antike|Antike|Antike|Antike|Antike\",\"plurality\":\"1\",\"gender\":\"feminine\"},{\"locale\":\"it_IT\",\"text\":\"Epoca antica\"},{\"locale\":\"es_ES\",\"text\":\"Antigüedad\",\"plurality\":\"1\",\"gender\":\"feminine\"},{\"locale\":\"ja_JP\",\"text\":\"太古\"},{\"locale\":\"ru_RU\",\"text\":\"Древний мир|Древнего мира|Древнему миру|Древний мир|Древним миром|Древнем мире\",\"plurality\":\"1\",\"gender\":\"feminine\"},{\"locale\":\"pl_PL\",\"text\":\"Starożytność|Starożytności|Starożytności|Starożytność|Starożytnością|Starożytności|starożytność|starożytności|starożytności|starożytność|starożytnością|starożytności\",\"plurality\":\"1\",\"gender\":\"feminine\"},{\"locale\":\"ko_KR\",\"text\":\"고대 시대\"},{\"locale\":\"zh_Hant_HK\",\"text\":\"遠古時代\"},{\"locale\":\"zh_Hans_CN\",\"text\":\"远古时代\"},{\"locale\":\"pt_BR\",\"text\":\"Era Antiga\",\"plurality\":\"1\",\"gender\":\"feminine\"}]}"},"TOOLS_COMMAND":{"type":"dvt_Bool","value":true},"BAN_POOL_3_NAME":{"type":"dvt_char8","value":"Continents_Islands.lua"},"ZYL_IDENTITY_MODE":{"type":"dvt_Bool","value":false},"LGAI_COMPATIBILITY":{"type":"dvt_Bool","value":false},"VICTORY_SCORE":{"type":"dvt_Bool","value":true},"BAN_8":{"type":"dvt_char8","value":"LEADER_ELEANOR_FRANCE"},"VictoryCulturalSetting":{"type":"dvt_Int32","value":2},"NO_LGAI_FREE_STRATEGICS":{"type":"dvt_Bool","value":true},"BAN_4":{"type":"dvt_char8","value":"LEADER_NONE"},"ALLIANCE_ECONOMIC":{"type":"dvt_Bool","value":true},"MOD_BBG_ID":{"type":"dvt_Bool","value":true},"CPL_CS":{"type":"dvt_Int32","value":1},"GAME_STATE":{"type":"dvt_UInt32","value":3476484846},"VictoryDiploSetting":{"type":"dvt_Int32","value":2},"BBGVictorySpeedSlider":{"type":"dvt_Int32","value":5},"BAN_POOL_15_NAME":{"type":"dvt_char8","value":"Highlands_XP2.lua"},"GAME_GUID_HI":{"type":"dvt_UInt64","value":5005706513126286763},"TRADITIONAL_DOMINATION_LEVEL":{"type":"dvt_Int32","value":100},"CPL_RULES":{"type":"dvt_Bool","value":false},"MOD_BSM_ID":{"type":"dvt_Bool","value":false},"GAMEMODE_DRAMATICAGES":{"type":"dvt_Bool","value":false},"BAN_POOL_12_NAME":{"type":"dvt_char8","value":"rich_highlands_xp2.lua"},"ZYL_DIPLOMACY_RIBBON_MODE":{"type":"dvt_Int32","value":1},"MOD_BBS_ID":{"type":"dvt_Bool","value":true},"TURN_PHASE_TYPE":{"type":"dvt_Int32","value":-1700022593},"SettlersConfig":{"type":"dvt_Int32","value":0},"NO_FRIENDSHIP":{"type":"dvt_Bool","value":false},"BAN_POOL_5_NAME":{"type":"dvt_char8","value":"Lakes.lua"},"GAME_PAUSED":{"type":"dvt_Bool","value":false},"SpawnRecalculation":{"type":"dvt_Bool","value":true},"SETTINGS_UI":{"type":"dvt_char8","value":"SETTINGS_UI_ENABLE_ALL"},"GAMEMODE_MONOPOLIES":{"type":"dvt_Bool","value":true},"941DD5D0":{"type":"dvt_Bool","value":true},"BAN_10":{"type":"dvt_char8","value":"LEADER_ELEANOR_FRANCE"},"BAN_POOL_2_NAME":{"type":"dvt_char8","value":"Continents.lua"},"DIPLOMATIC_DEAL":{"type":"dvt_Bool","value":false},"GAMEMODE_HEROES":{"type":"dvt_Bool","value":false},"DEBUG_BALANCING":{"type":"dvt_Bool","value":false},"ZYL_IDENTITY_LOYALIST_COUNT":{"type":"dvt_Int32","value":2},"ZYL_IDENTITY_SEPARATE_PLAYER_2":{"type":"dvt_Int32","value":0},"NO_DUPLICATE_LEADERS":{"type":"dvt_Bool","value":true},"VictoryDominationSetting":{"type":"dvt_Int32","value":3},"BAN_POOL_14_NAME":{"type":"dvt_char8","value":"Tilted_Axis.lua"},"CPL_NO_PINS":{"type":"dvt_Bool","value":false},"DRAFT_SLOT_ORDER":{"type":"dvt_Int32","value":0},"BAN_POOL_13_NAME":{"type":"dvt_char8","value":"Terra.lua"},"BAN_6":{"type":"dvt_char8","value":"LEADER_NONE"},"GAME_START_ERA":{"type":"dvt_Int32","value":-1851407529},"BAN_2":{"type":"dvt_char8","value":"LEADER_NONE"},"GAMEMODE_BARBARIAN_CLANS":{"type":"dvt_Bool","value":false},"ZYL_STARTING_BONUS_PLAYER":{"type":"dvt_Int32","value":0},"CPL_FREECITY_STRONGER":{"type":"dvt_Bool","value":false},"BAN_3":{"type":"dvt_char8","value":"LEADER_NONE"},"LGAI_ONLINE":{"type":"dvt_Bool","value":true},"NO_TRADING_AGREEMENTS":{"type":"dvt_Bool","value":false},"GAME_HANDICAP":{"type":"dvt_UInt32","value":4115014831},"CALENDAR_TYPE":{"type":"dvt_Int32","value":854230935},"BARBS_SETTING":{"type":"dvt_Int32","value":-1},"ALLIANCE_MILITARY":{"type":"dvt_Bool","value":true},"BAN_7":{"type":"dvt_char8","value":"LEADER_ELEANOR_FRANCE"},"BAN_POOL_7_NAME":{"type":"dvt_char8","value":"Pangaea.lua"},"GAMEMODE_TOWERDEFENSE":{"type":"dvt_Bool","value":false},"GAME_NAME":{"type":"dvt_char8","value":"ZYL的游戏"},"CONFIGURATION_TYPE":{"type":"dvt_UInt32","value":2138120804},"NO_TRADING_CITIES":{"type":"dvt_Bool","value":false},"ALLIANCE_RESEARCH":{"type":"dvt_Bool","value":true},"TURN_TIMER_TYPE":{"type":"dvt_Int32","value":-1525060181},"ZYL_IDENTITY_SPY_COUNT":{"type":"dvt_Int32","value":1},"NO_TRADING_STRATEGICS":{"type":"dvt_Bool","value":false},"ALLIANCE_RELIGIOUS":{"type":"dvt_Bool","value":true},"CPL_SUDDENDEATH":{"type":"dvt_Bool","value":false},"VictoryScoreSetting":{"type":"dvt_Int32","value":0},"BBCC_SETTING_YIELD":{"type":"dvt_Int32","value":2},"VICTORY_TRADITIONAL_DOMINATION":{"type":"dvt_Bool","value":false},"GAMEMODES_ENABLED_NAMES":{"type":"dvt_TypedVariantMap","value":{"1":{"type":"dvt_char8","value":"{\"LOC_GAMEMODE_MONOPOLIES_NAME\":[{\"locale\":\"en_US\",\"text\":\"Monopolies and Corporations Mode\"},{\"locale\":\"fr_FR\",\"text\":\"Mode Monopoles Et Corporations\"},{\"locale\":\"de_DE\",\"text\":\"Monopol- und Korporationen-Modus\"},{\"locale\":\"it_IT\",\"text\":\"Modalità Monopoli e corporazioni\"},{\"locale\":\"es_ES\",\"text\":\"Modo Monopolios y corporaciones\"},{\"locale\":\"ja_JP\",\"text\":\"「独占と大企業」モード\"},{\"locale\":\"ru_RU\",\"text\":\"Режим «Монополии и корпорации»\"},{\"locale\":\"pl_PL\",\"text\":\"Tryb korporacji i monopoli\"},{\"locale\":\"ko_KR\",\"text\":\"독점 및 기업 모드\"},{\"locale\":\"zh_Hant_HK\",\"text\":\"獨佔與企業模式\"},{\"locale\":\"zh_Hans_CN\",\"text\":\"垄断与公司模式\"},{\"locale\":\"pt_BR\",\"text\":\"Modo Monopólios e Corporações\"}]}"},"2":{"type":"dvt_char8","value":"{\"LOC_GAMEMODE_SECRETSOCIETIES_NAME\":[{\"locale\":\"en_US\",\"text\":\"Secret Societies Mode\"},{\"locale\":\"fr_FR\",\"text\":\"Mode Sociétés Secrètes\"},{\"locale\":\"de_DE\",\"text\":\"Geheimgesellschaften-Modus\"},{\"locale\":\"it_IT\",\"text\":\"Modalità Società segrete\"},{\"locale\":\"es_ES\",\"text\":\"Modo Sociedades secretas\"},{\"locale\":\"ja_JP\",\"text\":\"秘密結社モード\"},{\"locale\":\"ru_RU\",\"text\":\"Режим «Тайные общества»\"},{\"locale\":\"pl_PL\",\"text\":\"Tryb tajnych stowarzyszeń\"},{\"locale\":\"ko_KR\",\"text\":\"비밀 결사 모드\"},{\"locale\":\"zh_Hant_HK\",\"text\":\"祕密結社模式\"},{\"locale\":\"zh_Hans_CN\",\"text\":\"秘密结社模式\"},{\"locale\":\"pt_BR\",\"text\":\"Modo Sociedades Secretas\"}]}"}}},"GAMEMODE_APOCALYPSE":{"type":"dvt_Bool","value":false},"CPL_BAN_FORMAT":{"type":"dvt_Int32","value":0},"NO_LGAI_COMBAT_BONUS":{"type":"dvt_Bool","value":false},"CPL_SYNCTURN":{"type":"dvt_Bool","value":false},"VICTORY_DIPLOMATIC":{"type":"dvt_Bool","value":true},"VictoryReligiousSetting":{"type":"dvt_Int32","value":0},"RULESET_NAME":{"type":"dvt_char8","value":"{\"LOC_EXPANSION2_NAME\":[{\"locale\":\"en_US\",\"text\":\"Expansion: Gathering Storm\"},{\"locale\":\"fr_FR\",\"text\":\"Extension : Gathering Storm\"},{\"locale\":\"de_DE\",\"text\":\"Erweiterung: Gathering Storm\"},{\"locale\":\"it_IT\",\"text\":\"Espansione: Gathering Storm\"},{\"locale\":\"es_ES\",\"text\":\"Expansión: Gathering Storm\"},{\"locale\":\"ja_JP\",\"text\":\"拡張パック: 嵐の訪れ\"},{\"locale\":\"ru_RU\",\"text\":\"Дополнение: Gathering Storm\"},{\"locale\":\"pl_PL\",\"text\":\"Rozszerzenie: Gathering Storm\"},{\"locale\":\"ko_KR\",\"text\":\"확장팩: 몰려드는 폭풍\"},{\"locale\":\"zh_Hant_HK\",\"text\":\"資料片：風雲際會\"},{\"locale\":\"zh_Hans_CN\",\"text\":\"资料片：风云变幻\"},{\"locale\":\"pt_BR\",\"text\":\"Expansão: Gathering Storm\"}]}"},"TOOLS_15_TIME":{"type":"dvt_Bool","value":true},"GAME_GUID_LO":{"type":"dvt_UInt64","value":11617652173115588995},"GAMEMODE_SECRETSOCIETIES":{"type":"dvt_Bool","value":true},"VICTORY_CULTURE":{"type":"dvt_Bool","value":true},"GAME_NO_GOODY_HUTS":{"type":"dvt_Bool","value":false},"MOD_MPH_ID":{"type":"dvt_Bool","value":true},"LGAI_HTOURISM":{"type":"dvt_Bool","value":true},"NO_SURPRISE_WAR":{"type":"dvt_Bool","value":false},"BAN_POOL_9_NAME":{"type":"dvt_char8","value":"Seven_Seas.lua"},"VictoryConquestSetting":{"type":"dvt_Int32","value":0},"BBCC_SETTING":{"type":"dvt_Int32","value":0},"ZYL_ERA_LENGTH_OPTIMIZATION":{"type":"dvt_Bool","value":true},"AutoRemap":{"type":"dvt_Bool","value":false},"NO_TRADING_GREATWORKS":{"type":"dvt_Bool","value":false},"LGAI_RELIGION":{"type":"dvt_Bool","value":true},"BAN_POOL_11_NAME":{"type":"dvt_char8","value":"Small_Continents.lua"},"REQUIRED_MODS":{"type":"dvt_TypedVariantVector","value":[{"type":"dvt_TypedVariantMap","value":{"MOD_ID":{"type":"dvt_char8","value":"02A8BDDE-67EA-4D38-9540-26E685E3156E"},"MOD_TITLE_KEY":{"type":"dvt_char8","value":"{\"LOC_AZTEC_MONTEZUMA_MOD_TITLE\":[]}"},"MOD_SUBSCRIPTION_ID":{"type":"dvt_char8","value":""},"MOD_VERSION":{"type":"dvt_char8","value":"1"}}},{"type":"dvt_TypedVariantMap","value":{"MOD_ID":{"type":"dvt_char8","value":"1B28771A-C749-434B-9053-D1380C553DE9"},"MOD_TITLE_KEY":{"type":"dvt_char8","value":"{\"LOC_EXPANSION1_MOD_TITLE\":[]}"},"MOD_SUBSCRIPTION_ID":{"type":"dvt_char8","value":""},"MOD_VERSION":{"type":"dvt_char8","value":"1"}}},{"type":"dvt_TypedVariantMap","value":{"MOD_ID":{"type":"dvt_char8","value":"1B394FE9-23DC-4868-8F0A-5220CB8FB427"},"MOD_TITLE_KEY":{"type":"dvt_char8","value":"{\"LOC_ETHIOPIA_MOD_TITLE\":[{\"locale\":\"de_DE\", \"text\":\"Äthiopien-Paket\"}, {\"locale\":\"en_US\", \"text\":\"Ethiopia Pack\"}, {\"locale\":\"es_ES\", \"text\":\"Pack de Etiopía\"}, {\"locale\":\"fr_FR\", \"text\":\"Pack Éthiopie\"}, {\"locale\":\"it_IT\", \"text\":\"Pacchetto Etiopia\"}, {\"locale\":\"ja_JP\", \"text\":\"エチオピアパック\"}, {\"locale\":\"ko_KR\", \"text\":\"에티오피아 팩\"}, {\"locale\":\"pl_PL\", \"text\":\"Pakiet Etiopii\"}, {\"locale\":\"pt_BR\", \"text\":\"Pacote Etiópia\"}, {\"locale\":\"ru_RU\", \"text\":\"Набор «Эфиопия»\"}, {\"locale\":\"zh_Hans_CN\", \"text\":\"埃塞俄比亚包\"}, {\"locale\":\"zh_Hant_HK\", \"text\":\"衣索比亞包\"}]}"},"MOD_SUBSCRIPTION_ID":{"type":"dvt_char8","value":""},"MOD_VERSION":{"type":"dvt_char8","value":"1"}}},{"type":"dvt_TypedVariantMap","value":{"MOD_ID":{"type":"dvt_char8","value":"1F367231-A040-4793-BDBB-088816853683"},"MOD_TITLE_KEY":{"type":"dvt_char8","value":"{\"LOC_INDONESIA_KHMER_MOD_TITLE\":[]}"},"MOD_SUBSCRIPTION_ID":{"type":"dvt_char8","value":""},"MOD_VERSION":{"type":"dvt_char8","value":"1"}}},{"type":"dvt_TypedVariantMap","value":{"MOD_ID":{"type":"dvt_char8","value":"249D9276-0832-48E4-B370-14531FA4E33C"},"MOD_TITLE_KEY":{"type":"dvt_char8","value":"{\"LOC_GREAT_BUILDERS_MOD_TITLE\":[]}"},"MOD_SUBSCRIPTION_ID":{"type":"dvt_char8","value":""},"MOD_VERSION":{"type":"dvt_char8","value":"1"}}},{"type":"dvt_TypedVariantMap","value":{"MOD_ID":{"type":"dvt_char8","value":"258EF3CA-890B-4863-8A52-982822EFF7BD"},"MOD_TITLE_KEY":{"type":"dvt_char8","value":"{\"LOC_RULERS_OF_ENGLAND_MOD_TITLE\":[]}"},"MOD_SUBSCRIPTION_ID":{"type":"dvt_char8","value":""},"MOD_VERSION":{"type":"dvt_char8","value":"1"}}},{"type":"dvt_TypedVariantMap","value":{"MOD_ID":{"type":"dvt_char8","value":"2c748261-f79c-4e12-a126-cd3c50c6915a"},"MOD_TITLE_KEY":{"type":"dvt_char8","value":"{\"Crank Up The Difficulty!\":[]}"},"MOD_SUBSCRIPTION_ID":{"type":"dvt_char8","value":"3109150636"},"MOD_VERSION":{"type":"dvt_char8","value":"1"}}},{"type":"dvt_TypedVariantMap","value":{"MOD_ID":{"type":"dvt_char8","value":"3809975F-263F-40A2-A747-8BFB171D821A"},"MOD_TITLE_KEY":{"type":"dvt_char8","value":"{\"LOC_POLAND_JADWIGA_MOD_TITLE\":[]}"},"MOD_SUBSCRIPTION_ID":{"type":"dvt_char8","value":""},"MOD_VERSION":{"type":"dvt_char8","value":"1"}}},{"type":"dvt_TypedVariantMap","value":{"MOD_ID":{"type":"dvt_char8","value":"4873eb62-8ccc-4574-b784-dda455e74e68"},"MOD_TITLE_KEY":{"type":"dvt_char8","value":"{\"LOC_EXPANSION2_MOD_TITLE\":[]}"},"MOD_SUBSCRIPTION_ID":{"type":"dvt_char8","value":""},"MOD_VERSION":{"type":"dvt_char8","value":"1"}}},{"type":"dvt_TypedVariantMap","value":{"MOD_ID":{"type":"dvt_char8","value":"4dd01931-9d44-4a8a-8e74-712cba0f0072"},"MOD_TITLE_KEY":{"type":"dvt_char8","value":"{\"LOC_ZYLPVPMOD_TITLE\":[{\"locale\":\"en_US\", \"text\":\"ZYLPVPMOD 2.0.3\"}, {\"locale\":\"zh_Hans_CN\", \"text\":\"ZYLPVPMOD 2.0.3\"}]}"},"MOD_SUBSCRIPTION_ID":{"type":"dvt_char8","value":"3792052697"},"MOD_VERSION":{"type":"dvt_char8","value":"1"}}},{"type":"dvt_TypedVariantMap","value":{"MOD_ID":{"type":"dvt_char8","value":"643EA320-8E1A-4CF1-A01C-00D88DDD131A"},"MOD_TITLE_KEY":{"type":"dvt_char8","value":"{\"LOC_NUBIA_MOD_TITLE\":[]}"},"MOD_SUBSCRIPTION_ID":{"type":"dvt_char8","value":""},"MOD_VERSION":{"type":"dvt_char8","value":"1"}}},{"type":"dvt_TypedVariantMap","value":{"MOD_ID":{"type":"dvt_char8","value":"6c067266-29a2-4c1f-8ee8-77fe7d631f11"},"MOD_TITLE_KEY":{"type":"dvt_char8","value":"{\"No More AI World Wonders\":[]}"},"MOD_SUBSCRIPTION_ID":{"type":"dvt_char8","value":"1964253020"},"MOD_VERSION":{"type":"dvt_char8","value":"1"}}},{"type":"dvt_TypedVariantMap","value":{"MOD_ID":{"type":"dvt_char8","value":"7A66DB58-B354-4061-8C80-95B638DD6F6C"},"MOD_TITLE_KEY":{"type":"dvt_char8","value":"{\"LOC_GREAT_NEGOTIATORS_MOD_TITLE\":[]}"},"MOD_SUBSCRIPTION_ID":{"type":"dvt_char8","value":""},"MOD_VERSION":{"type":"dvt_char8","value":"1"}}},{"type":"dvt_TypedVariantMap","value":{"MOD_ID":{"type":"dvt_char8","value":"7D27831B-BAA6-4A8B-A39C-94243BAD3F47"},"MOD_TITLE_KEY":{"type":"dvt_char8","value":"{\"LOC_RULERS_OF_CHINA_MOD_TITLE\":[]}"},"MOD_SUBSCRIPTION_ID":{"type":"dvt_char8","value":""},"MOD_VERSION":{"type":"dvt_char8","value":"1"}}},{"type":"dvt_TypedVariantMap","value":{"MOD_ID":{"type":"dvt_char8","value":"82AE6F24-930F-4640-833C-FCDFD4845757"},"MOD_TITLE_KEY":{"type":"dvt_char8","value":"{\"LOC_RULERS_OF_THE_SAHARA_MOD_TITLE\":[]}"},"MOD_SUBSCRIPTION_ID":{"type":"dvt_char8","value":""},"MOD_VERSION":{"type":"dvt_char8","value":"1"}}},{"type":"dvt_TypedVariantMap","value":{"MOD_ID":{"type":"dvt_char8","value":"8424840C-92EF-4426-A9B4-B4E0CB818049"},"MOD_TITLE_KEY":{"type":"dvt_char8","value":"{\"LOC_BABYLON_MOD_TITLE\":[{\"locale\":\"de_DE\", \"text\":\"Babylon-Paket\"}, {\"locale\":\"en_US\", \"text\":\"Babylon Pack\"}, {\"locale\":\"es_ES\", \"text\":\"Pack de Babilonia\"}, {\"locale\":\"fr_FR\", \"text\":\"Pack Babylone\"}, {\"locale\":\"it_IT\", \"text\":\"Pacchetto Babilonia\"}, {\"locale\":\"ja_JP\", \"text\":\"バビロンパック\"}, {\"locale\":\"ko_KR\", \"text\":\"바빌론 팩\"}, {\"locale\":\"pl_PL\", \"text\":\"Pakiet Babilonu\"}, {\"locale\":\"pt_BR\", \"text\":\"Pacote Babilônia\"}, {\"locale\":\"ru_RU\", \"text\":\"Набор «Вавилон»\"}, {\"locale\":\"zh_Hans_CN\", \"text\":\"巴比伦包\"}, {\"locale\":\"zh_Hant_HK\", \"text\":\"巴比倫包\"}]}"},"MOD_SUBSCRIPTION_ID":{"type":"dvt_char8","value":""},"MOD_VERSION":{"type":"dvt_char8","value":"1"}}},{"type":"dvt_TypedVariantMap","value":{"MOD_ID":{"type":"dvt_char8","value":"9DE86512-DE1A-400D-8C0A-AB46EBBF76B9"},"MOD_TITLE_KEY":{"type":"dvt_char8","value":"{\"LOC_GRANCOLOMBIA_MAYA_MOD_TITLE\":[{\"locale\":\"de_DE\", \"text\":\"Maya- und Großkolumbien-Paket\"}, {\"locale\":\"en_US\", \"text\":\"Maya and Gran Colombia Pack\"}, {\"locale\":\"es_ES\", \"text\":\"Pack de los mayas y la Gran Colombia\"}, {\"locale\":\"fr_FR\", \"text\":\"Pack Mayas et Grande Colombie\"}, {\"locale\":\"it_IT\", \"text\":\"Pacchetto Maya e Grande Colombia\"}, {\"locale\":\"ja_JP\", \"text\":\"マヤ＆大コロンビアパック\"}, {\"locale\":\"ko_KR\", \"text\":\"마야 및 그란 콜롬비아 팩\"}, {\"locale\":\"pl_PL\", \"text\":\"Pakiet Majów i Wielkiej Kolumbii\"}, {\"locale\":\"pt_BR\", \"text\":\"Pacote Maia e Grande Colômbia\"}, {\"locale\":\"ru_RU\", \"text\":\"Набор «Майя и Великая Колумбия»\"}, {\"locale\":\"zh_Hans_CN\", \"text\":\"玛雅和大哥伦比亚包\"}, {\"locale\":\"zh_Hant_HK\", \"text\":\"馬雅及大哥倫比亞包\"}]}"},"MOD_SUBSCRIPTION_ID":{"type":"dvt_char8","value":""},"MOD_VERSION":{"type":"dvt_char8","value":"1"}}},{"type":"dvt_TypedVariantMap","value":{"MOD_ID":{"type":"dvt_char8","value":"A1100FC4-70F2-4129-AC27-2A65A685ED08"},"MOD_TITLE_KEY":{"type":"dvt_char8","value":"{\"LOC_BYZANTIUM_GAUL_MOD_TITLE\":[{\"locale\":\"de_DE\", \"text\":\"Byzanz- und Gallien-Paket\"}, {\"locale\":\"en_US\", \"text\":\"Byzantium and Gaul Pack\"}, {\"locale\":\"es_ES\", \"text\":\"Pack de los bizantinos y galos\"}, {\"locale\":\"fr_FR\", \"text\":\"Pack Gaule et Byzance\"}, {\"locale\":\"it_IT\", \"text\":\"Pacchetto Bisanzio e Galli\"}, {\"locale\":\"ja_JP\", \"text\":\"ビザンティン＆ガリアパック\"}, {\"locale\":\"ko_KR\", \"text\":\"비잔티움 및 골 팩\"}, {\"locale\":\"pl_PL\", \"text\":\"Pakiet Bizancjum i Galów\"}, {\"locale\":\"pt_BR\", \"text\":\"Pacote Bizâncio e Gália\"}, {\"locale\":\"ru_RU\", \"text\":\"Набор «Византия и галлы»\"}, {\"locale\":\"zh_Hans_CN\", \"text\":\"拜占庭和高卢包\"}, {\"locale\":\"zh_Hant_HK\", \"text\":\"拜占庭及高盧包\"}]}"},"MOD_SUBSCRIPTION_ID":{"type":"dvt_char8","value":""},"MOD_VERSION":{"type":"dvt_char8","value":"1"}}},{"type":"dvt_TypedVariantMap","value":{"MOD_ID":{"type":"dvt_char8","value":"A3F42CD4-6C3E-4F5A-BC81-BE29E0C0B87C"},"MOD_TITLE_KEY":{"type":"dvt_char8","value":"{\"LOC_KUBLAIKHAN_VIETNAM_MOD_TITLE\":[{\"locale\":\"de_DE\", \"text\":\"Vietnam- und Kublai Khan-Paket\"}, {\"locale\":\"en_US\", \"text\":\"Vietnam and Kublai Khan Pack\"}, {\"locale\":\"es_ES\", \"text\":\"Pack de Vietnam y Kublai Kan\"}, {\"locale\":\"fr_FR\", \"text\":\"Pack Vietnam et Kubilai Khan\"}, {\"locale\":\"it_IT\", \"text\":\"Pacchetto Vietnam e Kublai Khan\"}, {\"locale\":\"ja_JP\", \"text\":\"ベトナム＆フビライ・ハンパック\"}, {\"locale\":\"ko_KR\", \"text\":\"베트남 및 쿠빌라이칸 팩\"}, {\"locale\":\"pl_PL\", \"text\":\"Pakiet Wietnamu i Kubilaj-chana\"}, {\"locale\":\"pt_BR\", \"text\":\"Pacote Vietnã e Kublai Khan\"}, {\"locale\":\"ru_RU\", \"text\":\"Набор «Вьетнам и Хубилай»\"}, {\"locale\":\"zh_Hans_CN\", \"text\":\"越南和忽必烈包\"}, {\"locale\":\"zh_Hant_HK\", \"text\":\"越南及忽必烈包\"}]}"},"MOD_SUBSCRIPTION_ID":{"type":"dvt_char8","value":""},"MOD_VERSION":{"type":"dvt_char8","value":"1"}}},{"type":"dvt_TypedVariantMap","value":{"MOD_ID":{"type":"dvt_char8","value":"CE5876CD-6900-46D1-9C9C-8DBA1F28872E"},"MOD_TITLE_KEY":{"type":"dvt_char8","value":"{\"LOC_CATHERINE_DE_MEDICI_MOD_TITLE\":[{\"locale\":\"de_DE\", \"text\":\"Katharina von Medici-Paket\"}, {\"locale\":\"en_US\", \"text\":\"Catherine de Medici Persona Pack\"}, {\"locale\":\"es_ES\", \"text\":\"Pack de personalidades de Catalina de Médici\"}, {\"locale\":\"fr_FR\", \"text\":\"Pack de personnalités Catherine de Médicis\"}, {\"locale\":\"it_IT\", \"text\":\"Pacchetto personaggio Caterina de' Medici\"}, {\"locale\":\"ja_JP\", \"text\":\"カトリーヌ・ド・メディシス パーソナリティ・パック\"}, {\"locale\":\"ko_KR\", \"text\":\"카트린 데메디치 페르소나 팩\"}, {\"locale\":\"pl_PL\", \"text\":\"Pakiet wariantów Katarzyny Medycejskiej\"}, {\"locale\":\"pt_BR\", \"text\":\"Pacote da Personalidade Catarina de Médici\"}, {\"locale\":\"ru_RU\", \"text\":\"Набор «Екатерина Медичи: личности»\"}, {\"locale\":\"zh_Hans_CN\", \"text\":\"凯瑟琳·德·美第奇领袖包\"}, {\"locale\":\"zh_Hant_HK\", \"text\":\"凱薩琳‧德‧麥地奇造型包\"}]}"},"MOD_SUBSCRIPTION_ID":{"type":"dvt_char8","value":""},"MOD_VERSION":{"type":"dvt_char8","value":"1"}}},{"type":"dvt_TypedVariantMap","value":{"MOD_ID":{"type":"dvt_char8","value":"E2749E9A-8056-45CD-901B-C368C8E83DEB"},"MOD_TITLE_KEY":{"type":"dvt_char8","value":"{\"LOC_MACEDONIA_PERSIA_MOD_TITLE\":[]}"},"MOD_SUBSCRIPTION_ID":{"type":"dvt_char8","value":""},"MOD_VERSION":{"type":"dvt_char8","value":"1"}}},{"type":"dvt_TypedVariantMap","value":{"MOD_ID":{"type":"dvt_char8","value":"E3F53C61-371C-440B-96CE-077D318B36C0"},"MOD_TITLE_KEY":{"type":"dvt_char8","value":"{\"LOC_AUSTRALIA_MOD_TITLE\":[]}"},"MOD_SUBSCRIPTION_ID":{"type":"dvt_char8","value":""},"MOD_VERSION":{"type":"dvt_char8","value":"1"}}},{"type":"dvt_TypedVariantMap","value":{"MOD_ID":{"type":"dvt_char8","value":"F48213B4-56F5-45DD-92F7-AC78E49BDA49"},"MOD_TITLE_KEY":{"type":"dvt_char8","value":"{\"LOC_GREAT_WARLORDS_MOD_TITLE\":[]}"},"MOD_SUBSCRIPTION_ID":{"type":"dvt_char8","value":""},"MOD_VERSION":{"type":"dvt_char8","value":"1"}}},{"type":"dvt_TypedVariantMap","value":{"MOD_ID":{"type":"dvt_char8","value":"FFDF4E79-DEE2-47BB-919B-F5739106627A"},"MOD_TITLE_KEY":{"type":"dvt_char8","value":"{\"LOC_PORTUGAL_MOD_TITLE\":[{\"locale\":\"de_DE\", \"text\":\"Portugal-Paket\"}, {\"locale\":\"en_US\", \"text\":\"Portugal Pack\"}, {\"locale\":\"es_ES\", \"text\":\"Pack de Portugal\"}, {\"locale\":\"fr_FR\", \"text\":\"Pack Portugal\"}, {\"locale\":\"it_IT\", \"text\":\"Pacchetto Portogallo\"}, {\"locale\":\"ja_JP\", \"text\":\"ポルトガルパック\"}, {\"locale\":\"ko_KR\", \"text\":\"포르투갈 팩\"}, {\"locale\":\"pl_PL\", \"text\":\"Pakiet Portugalii\"}, {\"locale\":\"pt_BR\", \"text\":\"Pacote Portugal\"}, {\"locale\":\"ru_RU\", \"text\":\"Набор «Португалия»\"}, {\"locale\":\"zh_Hans_CN\", \"text\":\"葡萄牙包\"}, {\"locale\":\"zh_Hant_HK\", \"text\":\"葡萄牙包\"}]}"},"MOD_SUBSCRIPTION_ID":{"type":"dvt_char8","value":""},"MOD_VERSION":{"type":"dvt_char8","value":"1"}}},{"type":"dvt_TypedVariantMap","value":{"MOD_ID":{"type":"dvt_char8","value":"f9102cb6-564f-4812-b31e-2a67830fe382"},"MOD_TITLE_KEY":{"type":"dvt_char8","value":"{\"Late Game AI\":[]}"},"MOD_SUBSCRIPTION_ID":{"type":"dvt_char8","value":"2939752243"},"MOD_VERSION":{"type":"dvt_char8","value":"1"}}}]},"GAME_SPEED_TYPE":{"type":"dvt_Int32","value":-1649545904}}},"PLAYER_2":{"type":"dvt_TypedVariantMap","value":{"TEAM":{"type":"dvt_Int32","value":0},"PLAYER_ID":{"type":"dvt_Int32","value":2},"LEADER_DOMAIN":{"type":"dvt_char8","value":"Players:Expansion2_Players"},"MAP_PINS":{"type":"dvt_TypedVariantMap","value":{}},"IS_ALIVE":{"type":"dvt_Bool","value":true},"HOTSEAT_PASSWORD":{"type":"dvt_char8","value":""},"WANTS_PAUSE":{"type":"dvt_Bool","value":false},"CIVILIZATION_LEVEL_TYPE_ID":{"type":"dvt_UInt32","value":624367792},"NETWORK_NAME":{"type":"dvt_char8","value":"Jerry@76561199005446447"},"CIVILIZATION_TYPE_NAME":{"type":"dvt_char8","value":"CIVILIZATION_INDIA"},"READY_STATUS":{"type":"dvt_Bool","value":true},"CIVILIZATION_TYPE_ID":{"type":"dvt_Int32","value":-507217249},"CIVILIZATION_LEVEL_TYPE_NAME":{"type":"dvt_char8","value":"CIVILIZATION_LEVEL_FULL_CIV"},"LEADER_VALUE_DOMAIN":{"type":"dvt_char8","value":"Players:Expansion2_Players"},"IS_LOCKED":{"type":"dvt_Int32","value":0},"SLOT_STATUS":{"type":"dvt_Int32","value":3},"PLAYER_COLOR_ALTERNATE":{"type":"dvt_Int32","value":0},"CONFIGURATION_TYPE":{"type":"dvt_UInt32","value":1697843344},"LEADER_VALUES":{"type":"dvt_char8","value":"Players:*::RANDOM,Players:*::RANDOM_POOL1,Players:*::RANDOM_POOL2,Players:Expansion2_Players::LEADER_ELEANOR_FRANCE,Players:Expansion2_Players::LEADER_ELEANOR_ENGLAND,Players:Expansion2_Players::LEADER_HOJO,Players:Expansion2_Players::LEADER_HOJO_INLAND,Players:Expansion2_Players::LEADER_PETER_GREAT,Players:Expansion2_Players::LEADER_PERICLES,Players:Expansion2_Players::LEADER_GENGHIS_KHAN,Players:Expansion2_Players::LEADER_DIDO,Players:Expansion2_Players::LEADER_JAYAVARMAN,Players:Expansion2_Players::LEADER_PHILIP_II,Players:Expansion2_Players::LEADER_PHILIP_II_INLAND,Players:Expansion2_Players::LEADER_BARBAROSSA,Players:Expansion2_Players::LEADER_GANDHI,Players:Expansion2_Players::LEADER_GORGO,Players:Expansion2_Players::LEADER_HARDRADA,Players:Expansion2_Players::LEADER_GILGAMESH,Players:Expansion2_Players::LEADER_CYRUS,Players:Expansion2_Players::LEADER_CATHERINE_DE_MEDICI,Players:Expansion2_Players::LEADER_KRISTINA,Players:Expansion2_Players::LEADER_CLEOPATRA,Players:Expansion2_Players::LEADER_KUPE,Players:Expansion2_Players::LEADER_LAUTARO,Players:Expansion2_Players::LEADER_ROBERT_THE_BRUCE,Players:Expansion2_Players::LEADER_MANSA_MUSA,Players:Expansion2_Players::LEADER_MONTEZUMA,Players:Expansion2_Players::LEADER_MVEMBA,Players:Expansion2_Players::LEADER_PACHACUTI,Players:Expansion2_Players::LEADER_POUNDMAKER,Players:Expansion2_Players::LEADER_PEDRO,Players:Expansion2_Players::LEADER_SHAKA,Players:Expansion2_Players::LEADER_QIN,Players:Expansion2_Players::LEADER_SALADIN,Players:Expansion2_Players::LEADER_SEONDEOK,Players:Expansion2_Players::LEADER_SULEIMAN,Players:Expansion2_Players::LEADER_TAMAR,Players:Expansion2_Players::LEADER_T_ROOSEVELT,Players:Expansion2_Players::LEADER_GITARJA,Players:Expansion2_Players::LEADER_TRAJAN,Players:Expansion2_Players::LEADER_TOMYRIS,Players:Expansion2_Players::LEADER_LAURIER,Players:Expansion2_Players::LEADER_WILHELMINA,Players:Expansion2_Players::LEADER_WILHELMINA_INLAND,Players:Expansion2_Players::LEADER_VICTORIA,Players:Expansion2_Players::LEADER_MATTHIAS_CORVINUS,Players:Expansion2_Players::LEADER_JADWIGA,Players:Expansion2_Players::LEADER_ALEXANDER,Players:Expansion2_Players::LEADER_JOHN_CURTIN,Players:Expansion2_Players::LEADER_CHANDRAGUPTA"},"NICK_NAME":{"type":"dvt_char8","value":"Jerry"},"LEADER_TYPE_ID":{"type":"dvt_UInt32","value":3548028894},"LEADER_TYPE_NAME":{"type":"dvt_char8","value":"LEADER_CHANDRAGUPTA"},"LEADER_NAME":{"type":"dvt_char8","value":"LOC_LEADER_CHANDRAGUPTA_NAME"},"HANDICAP_TYPE_ID":{"type":"dvt_UInt32","value":4115014831},"MOD_READY_STATUS":{"type":"dvt_Bool","value":true}}},"PLAYER_6":{"type":"dvt_TypedVariantMap","value":{"TEAM":{"type":"dvt_Int32","value":1},"PLAYER_ID":{"type":"dvt_Int32","value":6},"LEADER_RANDOM_POOL_ID":{"type":"dvt_Int32","value":0},"LEADER_DOMAIN":{"type":"dvt_char8","value":"Players:Expansion2_Players"},"MAP_PINS":{"type":"dvt_TypedVariantMap","value":{}},"IS_ALIVE":{"type":"dvt_Bool","value":true},"HOTSEAT_PASSWORD":{"type":"dvt_char8","value":""},"CIVILIZATION_LEVEL_TYPE_ID":{"type":"dvt_UInt32","value":624367792},"CIVILIZATION_LEVEL_TYPE_NAME":{"type":"dvt_char8","value":"CIVILIZATION_LEVEL_FULL_CIV"},"LEADER_VALUE_DOMAIN":{"type":"dvt_char8","value":"Players:*"},"IS_LOCKED":{"type":"dvt_Int32","value":0},"SLOT_STATUS":{"type":"dvt_Int32","value":1},"CONFIGURATION_TYPE":{"type":"dvt_UInt32","value":1697843344},"LEADER_VALUES":{"type":"dvt_char8","value":"Players:*::RANDOM,Players:*::RANDOM_POOL1,Players:*::RANDOM_POOL2,Players:Expansion2_Players::LEADER_ELEANOR_FRANCE,Players:Expansion2_Players::LEADER_ELEANOR_ENGLAND,Players:Expansion2_Players::LEADER_AMBIORIX,Players:Expansion2_Players::LEADER_BASIL,Players:Expansion2_Players::LEADER_HOJO,Players:Expansion2_Players::LEADER_HOJO_INLAND,Players:Expansion2_Players::LEADER_PETER_GREAT,Players:Expansion2_Players::LEADER_PERICLES,Players:Expansion2_Players::LEADER_GENGHIS_KHAN,Players:Expansion2_Players::LEADER_TOKUGAWA,Players:Expansion2_Players::LEADER_THEODORA,Players:Expansion2_Players::LEADER_DIDO,Players:Expansion2_Players::LEADER_NZINGA_MBANDE,Players:Expansion2_Players::LEADER_PHILIP_II,Players:Expansion2_Players::LEADER_PHILIP_II_INLAND,Players:Expansion2_Players::LEADER_BARBAROSSA,Players:Expansion2_Players::LEADER_GANDHI,Players:Expansion2_Players::LEADER_GORGO,Players:Expansion2_Players::LEADER_HARDRADA,Players:Expansion2_Players::LEADER_HARALD_ALT,Players:Expansion2_Players::LEADER_KUBLAI_KHAN_MONGOLIA,Players:Expansion2_Players::LEADER_KUBLAI_KHAN_CHINA,Players:Expansion2_Players::LEADER_GILGAMESH,Players:Expansion2_Players::LEADER_CYRUS,Players:Expansion2_Players::LEADER_CATHERINE_DE_MEDICI,Players:Expansion2_Players::LEADER_CATHERINE_DE_MEDICI_ALT,Players:Expansion2_Players::LEADER_KRISTINA,Players:Expansion2_Players::LEADER_CLEOPATRA,Players:Expansion2_Players::LEADER_CLEOPATRA_ALT,Players:Expansion2_Players::LEADER_KUPE,Players:Expansion2_Players::LEADER_RAMSES,Players:Expansion2_Players::LEADER_LAUTARO,Players:Expansion2_Players::LEADER_LADY_SIX_SKY,Players:Expansion2_Players::LEADER_LUDWIG,Players:Expansion2_Players::LEADER_ROBERT_THE_BRUCE,Players:Expansion2_Players::LEADER_MANSA_MUSA,Players:Expansion2_Players::LEADER_MONTEZUMA,Players:Expansion2_Players::LEADER_MENELIK,Players:Expansion2_Players::LEADER_MVEMBA,Players:Expansion2_Players::LEADER_NADER_SHAH,Players:Expansion2_Players::LEADER_PACHACUTI,Players:Expansion2_Players::LEADER_POUNDMAKER,Players:Expansion2_Players::LEADER_PEDRO,Players:Expansion2_Players::LEADER_SHAKA,Players:Expansion2_Players::LEADER_QIN_ALT,Players:Expansion2_Players::LEADER_QIN,Players:Expansion2_Players::LEADER_JOAO_III,Players:Expansion2_Players::LEADER_SALADIN_ALT,Players:Expansion2_Players::LEADER_SALADIN,Players:Expansion2_Players::LEADER_SEONDEOK,Players:Expansion2_Players::LEADER_SEJONG,Players:Expansion2_Players::LEADER_SUNDIATA_KEITA,Players:Expansion2_Players::LEADER_SULEIMAN_ALT,Players:Expansion2_Players::LEADER_SULEIMAN,Players:Expansion2_Players::LEADER_TAMAR,Players:Expansion2_Players::LEADER_T_ROOSEVELT,Players:Expansion2_Players::LEADER_GITARJA,Players:Expansion2_Players::LEADER_TRAJAN,Players:Expansion2_Players::LEADER_TOMYRIS,Players:Expansion2_Players::LEADER_LAURIER,Players:Expansion2_Players::LEADER_WILHELMINA,Players:Expansion2_Players::LEADER_WILHELMINA_INLAND,Players:Expansion2_Players::LEADER_VICTORIA,Players:Expansion2_Players::LEADER_VICTORIA_ALT,Players:Expansion2_Players::LEADER_WU_ZETIAN,Players:Expansion2_Players::LEADER_SIMON_BOLIVAR,Players:Expansion2_Players::LEADER_MATTHIAS_CORVINUS,Players:Expansion2_Players::LEADER_JADWIGA,Players:Expansion2_Players::LEADER_ABRAHAM_LINCOLN,Players:Expansion2_Players::LEADER_ALEXANDER,Players:Expansion2_Players::LEADER_ELIZABETH,Players:Expansion2_Players::LEADER_YONGLE,Players:Expansion2_Players::LEADER_JOHN_CURTIN,Players:Expansion2_Players::LEADER_CHANDRAGUPTA,Players:Expansion2_Players::LEADER_LADY_TRIEU"},"LEADER_TYPE_ID":{"type":"dvt_UInt32","value":4294967295},"LEADER_TYPE_NAME":{"type":"dvt_char8","value":""},"LEADER_NAME":{"type":"dvt_char8","value":""},"HANDICAP_TYPE_ID":{"type":"dvt_Int32","value":-1874486710}}},"PLAYER_28":{"type":"dvt_TypedVariantMap","value":{"PLAYER_ID":{"type":"dvt_Int32","value":28},"MAP_PINS":{"type":"dvt_TypedVariantMap","value":{}},"SLOT_STATUS":{"type":"dvt_Int32","value":2},"CONFIGURATION_TYPE":{"type":"dvt_UInt32","value":1697843344}}},"PLAYER_61":{"type":"dvt_TypedVariantMap","value":{"PLAYER_ID":{"type":"dvt_Int32","value":61},"MAP_PINS":{"type":"dvt_TypedVariantMap","value":{}},"SLOT_STATUS":{"type":"dvt_Int32","value":2},"CONFIGURATION_TYPE":{"type":"dvt_UInt32","value":1697843344}}},"PLAYER_38":{"type":"dvt_TypedVariantMap","value":{"PLAYER_ID":{"type":"dvt_Int32","value":38},"MAP_PINS":{"type":"dvt_TypedVariantMap","value":{}},"SLOT_STATUS":{"type":"dvt_Int32","value":2},"CONFIGURATION_TYPE":{"type":"dvt_UInt32","value":1697843344}}},"PLAYER_30":{"type":"dvt_TypedVariantMap","value":{"PLAYER_ID":{"type":"dvt_Int32","value":30},"MAP_PINS":{"type":"dvt_TypedVariantMap","value":{}},"SLOT_STATUS":{"type":"dvt_Int32","value":2},"CONFIGURATION_TYPE":{"type":"dvt_UInt32","value":1697843344}}},"PLAYER_34":{"type":"dvt_TypedVariantMap","value":{"PLAYER_ID":{"type":"dvt_Int32","value":34},"MAP_PINS":{"type":"dvt_TypedVariantMap","value":{}},"SLOT_STATUS":{"type":"dvt_Int32","value":2},"CONFIGURATION_TYPE":{"type":"dvt_UInt32","value":1697843344}}},"PLAYER_41":{"type":"dvt_TypedVariantMap","value":{"PLAYER_ID":{"type":"dvt_Int32","value":41},"MAP_PINS":{"type":"dvt_TypedVariantMap","value":{}},"SLOT_STATUS":{"type":"dvt_Int32","value":2},"CONFIGURATION_TYPE":{"type":"dvt_UInt32","value":1697843344}}},"PLAYER_18":{"type":"dvt_TypedVariantMap","value":{"PLAYER_ID":{"type":"dvt_Int32","value":18},"MAP_PINS":{"type":"dvt_TypedVariantMap","value":{}},"SLOT_STATUS":{"type":"dvt_Int32","value":2},"CONFIGURATION_TYPE":{"type":"dvt_UInt32","value":1697843344}}},"PLAYER_45":{"type":"dvt_TypedVariantMap","value":{"PLAYER_ID":{"type":"dvt_Int32","value":45},"MAP_PINS":{"type":"dvt_TypedVariantMap","value":{}},"SLOT_STATUS":{"type":"dvt_Int32","value":2},"CONFIGURATION_TYPE":{"type":"dvt_UInt32","value":1697843344}}},"PLAYER_10":{"type":"dvt_TypedVariantMap","value":{"PLAYER_ID":{"type":"dvt_Int32","value":10},"MAP_PINS":{"type":"dvt_TypedVariantMap","value":{}},"SLOT_STATUS":{"type":"dvt_Int32","value":2},"CONFIGURATION_TYPE":{"type":"dvt_UInt32","value":1697843344}}},"PLAYER_14":{"type":"dvt_TypedVariantMap","value":{"PLAYER_ID":{"type":"dvt_Int32","value":14},"MAP_PINS":{"type":"dvt_TypedVariantMap","value":{}},"SLOT_STATUS":{"type":"dvt_Int32","value":2},"CONFIGURATION_TYPE":{"type":"dvt_UInt32","value":1697843344}}},"PLAYER_49":{"type":"dvt_TypedVariantMap","value":{"PLAYER_ID":{"type":"dvt_Int32","value":49},"MAP_PINS":{"type":"dvt_TypedVariantMap","value":{}},"SLOT_STATUS":{"type":"dvt_Int32","value":2},"CONFIGURATION_TYPE":{"type":"dvt_UInt32","value":1697843344}}},"PLAYER_59":{"type":"dvt_TypedVariantMap","value":{"PLAYER_ID":{"type":"dvt_Int32","value":59},"MAP_PINS":{"type":"dvt_TypedVariantMap","value":{}},"SLOT_STATUS":{"type":"dvt_Int32","value":2},"CONFIGURATION_TYPE":{"type":"dvt_UInt32","value":1697843344}}},"PLAYER_51":{"type":"dvt_TypedVariantMap","value":{"PLAYER_ID":{"type":"dvt_Int32","value":51},"MAP_PINS":{"type":"dvt_TypedVariantMap","value":{}},"SLOT_STATUS":{"type":"dvt_Int32","value":2},"CONFIGURATION_TYPE":{"type":"dvt_UInt32","value":1697843344}}},"PLAYER_55":{"type":"dvt_TypedVariantMap","value":{"PLAYER_ID":{"type":"dvt_Int32","value":55},"MAP_PINS":{"type":"dvt_TypedVariantMap","value":{}},"SLOT_STATUS":{"type":"dvt_Int32","value":2},"CONFIGURATION_TYPE":{"type":"dvt_UInt32","value":1697843344}}},"PLAYER_58":{"type":"dvt_TypedVariantMap","value":{"PLAYER_ID":{"type":"dvt_Int32","value":58},"MAP_PINS":{"type":"dvt_TypedVariantMap","value":{}},"SLOT_STATUS":{"type":"dvt_Int32","value":2},"CONFIGURATION_TYPE":{"type":"dvt_UInt32","value":1697843344}}},"PLAYER_54":{"type":"dvt_TypedVariantMap","value":{"PLAYER_ID":{"type":"dvt_Int32","value":54},"MAP_PINS":{"type":"dvt_TypedVariantMap","value":{}},"SLOT_STATUS":{"type":"dvt_Int32","value":2},"CONFIGURATION_TYPE":{"type":"dvt_UInt32","value":1697843344}}},"PLAYER_50":{"type":"dvt_TypedVariantMap","value":{"PLAYER_ID":{"type":"dvt_Int32","value":50},"MAP_PINS":{"type":"dvt_TypedVariantMap","value":{}},"SLOT_STATUS":{"type":"dvt_Int32","value":2},"CONFIGURATION_TYPE":{"type":"dvt_UInt32","value":1697843344}}},"PLAYER_44":{"type":"dvt_TypedVariantMap","value":{"PLAYER_ID":{"type":"dvt_Int32","value":44},"MAP_PINS":{"type":"dvt_TypedVariantMap","value":{}},"SLOT_STATUS":{"type":"dvt_Int32","value":2},"CONFIGURATION_TYPE":{"type":"dvt_UInt32","value":1697843344}}},"CONFIGURATION_TYPE":{"type":"dvt_UInt32","value":1252977331},"PLAYER_19":{"type":"dvt_TypedVariantMap","value":{"PLAYER_ID":{"type":"dvt_Int32","value":19},"MAP_PINS":{"type":"dvt_TypedVariantMap","value":{}},"SLOT_STATUS":{"type":"dvt_Int32","value":2},"CONFIGURATION_TYPE":{"type":"dvt_UInt32","value":1697843344}}},"PLAYER_40":{"type":"dvt_TypedVariantMap","value":{"PLAYER_ID":{"type":"dvt_Int32","value":40},"MAP_PINS":{"type":"dvt_TypedVariantMap","value":{}},"SLOT_STATUS":{"type":"dvt_Int32","value":2},"CONFIGURATION_TYPE":{"type":"dvt_UInt32","value":1697843344}}},"PLAYER_48":{"type":"dvt_TypedVariantMap","value":{"PLAYER_ID":{"type":"dvt_Int32","value":48},"MAP_PINS":{"type":"dvt_TypedVariantMap","value":{}},"SLOT_STATUS":{"type":"dvt_Int32","value":2},"CONFIGURATION_TYPE":{"type":"dvt_UInt32","value":1697843344}}},"PLAYER_15":{"type":"dvt_TypedVariantMap","value":{"PLAYER_ID":{"type":"dvt_Int32","value":15},"MAP_PINS":{"type":"dvt_TypedVariantMap","value":{}},"SLOT_STATUS":{"type":"dvt_Int32","value":2},"CONFIGURATION_TYPE":{"type":"dvt_UInt32","value":1697843344}}},"PLAYER_11":{"type":"dvt_TypedVariantMap","value":{"PLAYER_ID":{"type":"dvt_Int32","value":11},"MAP_PINS":{"type":"dvt_TypedVariantMap","value":{}},"SLOT_STATUS":{"type":"dvt_Int32","value":2},"CONFIGURATION_TYPE":{"type":"dvt_UInt32","value":1697843344}}},"PLAYER_39":{"type":"dvt_TypedVariantMap","value":{"PLAYER_ID":{"type":"dvt_Int32","value":39},"MAP_PINS":{"type":"dvt_TypedVariantMap","value":{}},"SLOT_STATUS":{"type":"dvt_Int32","value":2},"CONFIGURATION_TYPE":{"type":"dvt_UInt32","value":1697843344}}},"PLAYER_60":{"type":"dvt_TypedVariantMap","value":{"PLAYER_ID":{"type":"dvt_Int32","value":60},"MAP_PINS":{"type":"dvt_TypedVariantMap","value":{}},"SLOT_STATUS":{"type":"dvt_Int32","value":2},"CONFIGURATION_TYPE":{"type":"dvt_UInt32","value":1697843344}}},"PLAYER_35":{"type":"dvt_TypedVariantMap","value":{"PLAYER_ID":{"type":"dvt_Int32","value":35},"MAP_PINS":{"type":"dvt_TypedVariantMap","value":{}},"SLOT_STATUS":{"type":"dvt_Int32","value":2},"CONFIGURATION_TYPE":{"type":"dvt_UInt32","value":1697843344}}},"PLAYER_31":{"type":"dvt_TypedVariantMap","value":{"PLAYER_ID":{"type":"dvt_Int32","value":31},"MAP_PINS":{"type":"dvt_TypedVariantMap","value":{}},"SLOT_STATUS":{"type":"dvt_Int32","value":2},"CONFIGURATION_TYPE":{"type":"dvt_UInt32","value":1697843344}}},"PLAYER_25":{"type":"dvt_TypedVariantMap","value":{"PLAYER_ID":{"type":"dvt_Int32","value":25},"MAP_PINS":{"type":"dvt_TypedVariantMap","value":{}},"SLOT_STATUS":{"type":"dvt_Int32","value":2},"CONFIGURATION_TYPE":{"type":"dvt_UInt32","value":1697843344}}},"PLAYER_21":{"type":"dvt_TypedVariantMap","value":{"PLAYER_ID":{"type":"dvt_Int32","value":21},"MAP_PINS":{"type":"dvt_TypedVariantMap","value":{}},"SLOT_STATUS":{"type":"dvt_Int32","value":2},"CONFIGURATION_TYPE":{"type":"dvt_UInt32","value":1697843344}}},"PLAYER_29":{"type":"dvt_TypedVariantMap","value":{"PLAYER_ID":{"type":"dvt_Int32","value":29},"MAP_PINS":{"type":"dvt_TypedVariantMap","value":{}},"SLOT_STATUS":{"type":"dvt_Int32","value":2},"CONFIGURATION_TYPE":{"type":"dvt_UInt32","value":1697843344}}},"PLAYER_7":{"type":"dvt_TypedVariantMap","value":{"TEAM":{"type":"dvt_Int32","value":1},"PLAYER_ID":{"type":"dvt_Int32","value":7},"LEADER_RANDOM_POOL_ID":{"type":"dvt_Int32","value":0},"LEADER_DOMAIN":{"type":"dvt_char8","value":"Players:Expansion2_Players"},"MAP_PINS":{"type":"dvt_TypedVariantMap","value":{}},"IS_ALIVE":{"type":"dvt_Bool","value":true},"HOTSEAT_PASSWORD":{"type":"dvt_char8","value":""},"CIVILIZATION_LEVEL_TYPE_ID":{"type":"dvt_UInt32","value":624367792},"CIVILIZATION_LEVEL_TYPE_NAME":{"type":"dvt_char8","value":"CIVILIZATION_LEVEL_FULL_CIV"},"LEADER_VALUE_DOMAIN":{"type":"dvt_char8","value":"Players:*"},"IS_LOCKED":{"type":"dvt_Int32","value":0},"SLOT_STATUS":{"type":"dvt_Int32","value":1},"CONFIGURATION_TYPE":{"type":"dvt_UInt32","value":1697843344},"LEADER_VALUES":{"type":"dvt_char8","value":"Players:*::RANDOM,Players:*::RANDOM_POOL1,Players:*::RANDOM_POOL2,Players:Expansion2_Players::LEADER_ELEANOR_FRANCE,Players:Expansion2_Players::LEADER_ELEANOR_ENGLAND,Players:Expansion2_Players::LEADER_AMBIORIX,Players:Expansion2_Players::LEADER_BASIL,Players:Expansion2_Players::LEADER_HOJO,Players:Expansion2_Players::LEADER_HOJO_INLAND,Players:Expansion2_Players::LEADER_PETER_GREAT,Players:Expansion2_Players::LEADER_PERICLES,Players:Expansion2_Players::LEADER_GENGHIS_KHAN,Players:Expansion2_Players::LEADER_TOKUGAWA,Players:Expansion2_Players::LEADER_THEODORA,Players:Expansion2_Players::LEADER_DIDO,Players:Expansion2_Players::LEADER_NZINGA_MBANDE,Players:Expansion2_Players::LEADER_PHILIP_II,Players:Expansion2_Players::LEADER_PHILIP_II_INLAND,Players:Expansion2_Players::LEADER_BARBAROSSA,Players:Expansion2_Players::LEADER_GANDHI,Players:Expansion2_Players::LEADER_GORGO,Players:Expansion2_Players::LEADER_HARDRADA,Players:Expansion2_Players::LEADER_HARALD_ALT,Players:Expansion2_Players::LEADER_KUBLAI_KHAN_MONGOLIA,Players:Expansion2_Players::LEADER_KUBLAI_KHAN_CHINA,Players:Expansion2_Players::LEADER_GILGAMESH,Players:Expansion2_Players::LEADER_CYRUS,Players:Expansion2_Players::LEADER_CATHERINE_DE_MEDICI,Players:Expansion2_Players::LEADER_CATHERINE_DE_MEDICI_ALT,Players:Expansion2_Players::LEADER_KRISTINA,Players:Expansion2_Players::LEADER_CLEOPATRA,Players:Expansion2_Players::LEADER_CLEOPATRA_ALT,Players:Expansion2_Players::LEADER_KUPE,Players:Expansion2_Players::LEADER_RAMSES,Players:Expansion2_Players::LEADER_LAUTARO,Players:Expansion2_Players::LEADER_LADY_SIX_SKY,Players:Expansion2_Players::LEADER_LUDWIG,Players:Expansion2_Players::LEADER_ROBERT_THE_BRUCE,Players:Expansion2_Players::LEADER_MANSA_MUSA,Players:Expansion2_Players::LEADER_MONTEZUMA,Players:Expansion2_Players::LEADER_MENELIK,Players:Expansion2_Players::LEADER_MVEMBA,Players:Expansion2_Players::LEADER_NADER_SHAH,Players:Expansion2_Players::LEADER_PACHACUTI,Players:Expansion2_Players::LEADER_POUNDMAKER,Players:Expansion2_Players::LEADER_PEDRO,Players:Expansion2_Players::LEADER_SHAKA,Players:Expansion2_Players::LEADER_QIN_ALT,Players:Expansion2_Players::LEADER_QIN,Players:Expansion2_Players::LEADER_JOAO_III,Players:Expansion2_Players::LEADER_SALADIN_ALT,Players:Expansion2_Players::LEADER_SALADIN,Players:Expansion2_Players::LEADER_SEONDEOK,Players:Expansion2_Players::LEADER_SEJONG,Players:Expansion2_Players::LEADER_SUNDIATA_KEITA,Players:Expansion2_Players::LEADER_SULEIMAN_ALT,Players:Expansion2_Players::LEADER_SULEIMAN,Players:Expansion2_Players::LEADER_TAMAR,Players:Expansion2_Players::LEADER_T_ROOSEVELT,Players:Expansion2_Players::LEADER_GITARJA,Players:Expansion2_Players::LEADER_TRAJAN,Players:Expansion2_Players::LEADER_TOMYRIS,Players:Expansion2_Players::LEADER_LAURIER,Players:Expansion2_Players::LEADER_WILHELMINA,Players:Expansion2_Players::LEADER_WILHELMINA_INLAND,Players:Expansion2_Players::LEADER_VICTORIA,Players:Expansion2_Players::LEADER_VICTORIA_ALT,Players:Expansion2_Players::LEADER_WU_ZETIAN,Players:Expansion2_Players::LEADER_SIMON_BOLIVAR,Players:Expansion2_Players::LEADER_MATTHIAS_CORVINUS,Players:Expansion2_Players::LEADER_JADWIGA,Players:Expansion2_Players::LEADER_ABRAHAM_LINCOLN,Players:Expansion2_Players::LEADER_ALEXANDER,Players:Expansion2_Players::LEADER_ELIZABETH,Players:Expansion2_Players::LEADER_YONGLE,Players:Expansion2_Players::LEADER_JOHN_CURTIN,Players:Expansion2_Players::LEADER_CHANDRAGUPTA,Players:Expansion2_Players::LEADER_LADY_TRIEU"},"LEADER_TYPE_ID":{"type":"dvt_UInt32","value":4294967295},"LEADER_TYPE_NAME":{"type":"dvt_char8","value":""},"LEADER_NAME":{"type":"dvt_char8","value":""},"HANDICAP_TYPE_ID":{"type":"dvt_Int32","value":-1874486710}}},"PLAYER_3":{"type":"dvt_TypedVariantMap","value":{"TEAM":{"type":"dvt_Int32","value":0},"PLAYER_ID":{"type":"dvt_Int32","value":3},"LEADER_DOMAIN":{"type":"dvt_char8","value":"Players:Expansion2_Players"},"MAP_PINS":{"type":"dvt_TypedVariantMap","value":{}},"IS_ALIVE":{"type":"dvt_Bool","value":true},"HOTSEAT_PASSWORD":{"type":"dvt_char8","value":""},"WANTS_PAUSE":{"type":"dvt_Bool","value":false},"CIVILIZATION_LEVEL_TYPE_ID":{"type":"dvt_UInt32","value":624367792},"NETWORK_NAME":{"type":"dvt_char8","value":"skyverse@76561198178704646"},"CIVILIZATION_TYPE_NAME":{"type":"dvt_char8","value":"CIVILIZATION_NUBIA"},"READY_STATUS":{"type":"dvt_Bool","value":true},"CIVILIZATION_TYPE_ID":{"type":"dvt_Int32","value":-797898077},"CIVILIZATION_LEVEL_TYPE_NAME":{"type":"dvt_char8","value":"CIVILIZATION_LEVEL_FULL_CIV"},"LEADER_VALUE_DOMAIN":{"type":"dvt_char8","value":"Players:Expansion2_Players"},"IS_LOCKED":{"type":"dvt_Int32","value":0},"SLOT_STATUS":{"type":"dvt_Int32","value":3},"PLAYER_COLOR_ALTERNATE":{"type":"dvt_Int32","value":0},"CONFIGURATION_TYPE":{"type":"dvt_UInt32","value":1697843344},"LEADER_VALUES":{"type":"dvt_char8","value":"Players:*::RANDOM,Players:*::RANDOM_POOL1,Players:*::RANDOM_POOL2,Players:Expansion2_Players::LEADER_ELEANOR_FRANCE,Players:Expansion2_Players::LEADER_ELEANOR_ENGLAND,Players:Expansion2_Players::LEADER_AMANITORE,Players:Expansion2_Players::LEADER_AMBIORIX,Players:Expansion2_Players::LEADER_BASIL,Players:Expansion2_Players::LEADER_HOJO,Players:Expansion2_Players::LEADER_HOJO_INLAND,Players:Expansion2_Players::LEADER_PETER_GREAT,Players:Expansion2_Players::LEADER_PERICLES,Players:Expansion2_Players::LEADER_GENGHIS_KHAN,Players:Expansion2_Players::LEADER_TOKUGAWA,Players:Expansion2_Players::LEADER_THEODORA,Players:Expansion2_Players::LEADER_DIDO,Players:Expansion2_Players::LEADER_JAYAVARMAN,Players:Expansion2_Players::LEADER_NZINGA_MBANDE,Players:Expansion2_Players::LEADER_PHILIP_II,Players:Expansion2_Players::LEADER_PHILIP_II_INLAND,Players:Expansion2_Players::LEADER_BARBAROSSA,Players:Expansion2_Players::LEADER_GORGO,Players:Expansion2_Players::LEADER_HARDRADA,Players:Expansion2_Players::LEADER_HARALD_ALT,Players:Expansion2_Players::LEADER_KUBLAI_KHAN_MONGOLIA,Players:Expansion2_Players::LEADER_KUBLAI_KHAN_CHINA,Players:Expansion2_Players::LEADER_GILGAMESH,Players:Expansion2_Players::LEADER_CYRUS,Players:Expansion2_Players::LEADER_CATHERINE_DE_MEDICI,Players:Expansion2_Players::LEADER_CATHERINE_DE_MEDICI_ALT,Players:Expansion2_Players::LEADER_KRISTINA,Players:Expansion2_Players::LEADER_CLEOPATRA,Players:Expansion2_Players::LEADER_CLEOPATRA_ALT,Players:Expansion2_Players::LEADER_KUPE,Players:Expansion2_Players::LEADER_RAMSES,Players:Expansion2_Players::LEADER_LAUTARO,Players:Expansion2_Players::LEADER_LADY_SIX_SKY,Players:Expansion2_Players::LEADER_LUDWIG,Players:Expansion2_Players::LEADER_ROBERT_THE_BRUCE,Players:Expansion2_Players::LEADER_MANSA_MUSA,Players:Expansion2_Players::LEADER_MONTEZUMA,Players:Expansion2_Players::LEADER_MENELIK,Players:Expansion2_Players::LEADER_MVEMBA,Players:Expansion2_Players::LEADER_NADER_SHAH,Players:Expansion2_Players::LEADER_PACHACUTI,Players:Expansion2_Players::LEADER_POUNDMAKER,Players:Expansion2_Players::LEADER_PEDRO,Players:Expansion2_Players::LEADER_SHAKA,Players:Expansion2_Players::LEADER_QIN_ALT,Players:Expansion2_Players::LEADER_QIN,Players:Expansion2_Players::LEADER_JOAO_III,Players:Expansion2_Players::LEADER_SALADIN_ALT,Players:Expansion2_Players::LEADER_SALADIN,Players:Expansion2_Players::LEADER_SEONDEOK,Players:Expansion2_Players::LEADER_SEJONG,Players:Expansion2_Players::LEADER_SUNDIATA_KEITA,Players:Expansion2_Players::LEADER_SULEIMAN_ALT,Players:Expansion2_Players::LEADER_SULEIMAN,Players:Expansion2_Players::LEADER_TAMAR,Players:Expansion2_Players::LEADER_T_ROOSEVELT,Players:Expansion2_Players::LEADER_GITARJA,Players:Expansion2_Players::LEADER_TRAJAN,Players:Expansion2_Players::LEADER_TOMYRIS,Players:Expansion2_Players::LEADER_LAURIER,Players:Expansion2_Players::LEADER_WILHELMINA,Players:Expansion2_Players::LEADER_WILHELMINA_INLAND,Players:Expansion2_Players::LEADER_VICTORIA,Players:Expansion2_Players::LEADER_VICTORIA_ALT,Players:Expansion2_Players::LEADER_WU_ZETIAN,Players:Expansion2_Players::LEADER_SIMON_BOLIVAR,Players:Expansion2_Players::LEADER_MATTHIAS_CORVINUS,Players:Expansion2_Players::LEADER_JADWIGA,Players:Expansion2_Players::LEADER_ABRAHAM_LINCOLN,Players:Expansion2_Players::LEADER_ALEXANDER,Players:Expansion2_Players::LEADER_ELIZABETH,Players:Expansion2_Players::LEADER_YONGLE,Players:Expansion2_Players::LEADER_JOHN_CURTIN,Players:Expansion2_Players::LEADER_LADY_TRIEU"},"NICK_NAME":{"type":"dvt_char8","value":"skyverse"},"LEADER_TYPE_ID":{"type":"dvt_UInt32","value":1254487876},"LEADER_TYPE_NAME":{"type":"dvt_char8","value":"LEADER_AMANITORE"},"LEADER_NAME":{"type":"dvt_char8","value":"LOC_LEADER_AMANITORE_NAME"},"HANDICAP_TYPE_ID":{"type":"dvt_UInt32","value":4115014831},"MOD_READY_STATUS":{"type":"dvt_Bool","value":true}}}}
Config CONFIGURATION_PLAYER, Key BTS_LocalPlayerRunningRotues (0xf17b5a0b), subtype 1, changed to T0:
Config CONFIGURATION_PLAYER, Key BTS_LocalPlayerRunningRotues (0xf17b5a0b), subtype 1, changed to T0:
Config CONFIGURATION_PLAYER, Key BTS_LocalPlayerRunningRotues (0xf17b5a0b), subtype 1, changed to T0:
Config CONFIGURATION_PLAYER, Key BTS_LocalPlayerRunningRotues (0xf17b5a0b), subtype 1, changed to T0:
Config CONFIGURATION_PLAYER, Key BTS_LocalPlayerRunningRotues (0xf17b5a0b), subtype 1, changed to T0:
Config CONFIGURATION_PLAYER, Key BTS_LocalPlayerRunningRotues (0xf17b5a0b), subtype 1, changed to T0:
Config CONFIGURATION_PLAYER, Key BTS_LocalPlayerRunningRotues (0xf17b5a0b), subtype 1, changed to T0:
Config CONFIGURATION_PLAYER, Key BTS_LocalPlayerRunningRotues (0xf17b5a0b), subtype 1, changed to T0:
Config CONFIGURATION_PLAYER, Key DMT_MapPinSubjects (0x57b07b7b), subtype 1, changed to T1:S4:9_41T9:S11:YieldStringS52:[ICON_Science][COLOR:ResScienceLabelCS]+3[ENDCOLOR] S12:YieldToolTipS123:+2 [ICON_Science] 科技值来自相邻山脉单元格。[NEWLINE]+1 [ICON_Science] 科技值来自相邻雨林单元格。S15:CanPlaceToolTipS0:S1:XD1:9S1:YD2:41S2:IdD1:2S3:KeyS15:DISTRICT_CAMPUSS4:TypeS8:DISTRICTS8:CanPlaceB1
Config CONFIGURATION_PLAYER, Key BTS_LocalPlayerRunningRotues (0xf17b5a0b), subtype 1, changed to T0:
Config CONFIGURATION_PLAYER, Key BTS_LocalPlayerRunningRotues (0xf17b5a0b), subtype 1, changed to T0:
Config CONFIGURATION_PLAYER, Key WANTS_PAUSE (0x7ab021cb), subtype 1, changed to true
Sent GameConfigurationRebuilt
Sent GameConfigurationRebuilt
Sent GameConfigurationRebuilt
Config CONFIGURATION_GAME, Key Unknown (0x941dd5d0), subtype 0, changed to true
Config CONFIGURATION_GAME, Key RULESET (0x34a1e258), subtype 0, removed
Config CONFIGURATION_MAP, Key MAP_SCRIPT (0x63d8875a), subtype 0, changed to Pangaea.lua
Config CONFIGURATION_MAP, Key MAP_NAME (0x35069524), subtype 0, changed to {"LOC_MAP_PANGAEA":[{"locale":"en_US","text":"Pangaea"},{"locale":"fr_FR","text":"Pangée"},{"locale":"de_DE","text":"Pangäa"},{"locale":"it_IT","text":"Pangea"},{"locale":"es_ES","text":"Pangea"},{"locale":"ja_JP","text":"パンゲア"},{"locale":"ru_RU","text":"Пангея"},{"locale":"pl_PL","text":"Pangea"},{"locale":"ko_KR","text":"판게아"},{"locale":"zh_Hant_HK","text":"盤古大陸"},{"locale":"zh_Hans_CN","text":"盘古大陆"},{"locale":"pt_BR","text":"Pangeia"}]}
Config CONFIGURATION_MAP, Key MAP_DOMAIN (0xd8f01e6b), subtype 0, changed to StandardMaps
Config CONFIGURATION_MAP, Key MAP_SIZE (0x9ce5cf48), subtype 0, changed to -1837222328
Config CONFIGURATION_MAP, Key MAP_MAX_MAJOR_PLAYERS (0x2fda36b3), subtype 0, changed to 0x00000018
Config CONFIGURATION_MAP, Key MAP_MAX_MINOR_PLAYERS (0x8c84e73d), subtype 0, changed to 0x00000000
Config CONFIGURATION_MAP, Key MAP_MAX_MINOR_PLAYERS (0x990f33cf), subtype 0, changed to 0x0000000e
Config CONFIGURATION_MAP, Key resources (0x10991451), subtype 0, changed to 2
Config CONFIGURATION_MAP, Key BBSStratRes (0xb019c448), subtype 0, changed to 0
Config CONFIGURATION_MAP, Key BBSNatural (0x454f9061), subtype 0, changed to 1
Config CONFIGURATION_MAP, Key world_age (0x2193fea0), subtype 0, changed to 2
Config CONFIGURATION_MAP, Key BBSRidge (0xf4acd466), subtype 0, changed to 0
Config CONFIGURATION_MAP, Key BBMMaxFloodplainsSize (0x53f18580), subtype 0, changed to 8
Config CONFIGURATION_MAP, Key BBMBreakClumps (0x2dc11de3), subtype 0, changed to true
Config CONFIGURATION_MAP, Key BBMBreakDesert (0xbafeb66f), subtype 0, changed to false
Config CONFIGURATION_MAP, Key BBMLuxExp1 (0x5de97cf3), subtype 0, changed to false
Config CONFIGURATION_MAP, Key BBMMinAttempts (0x7a925ca5), subtype 0, changed to 5
Config CONFIGURATION_MAP, Key BBMMinDistance (0xd9c72140), subtype 0, changed to 0
Config CONFIGURATION_MAP, Key start (0x6086aa70), subtype 0, changed to 1
Config CONFIGURATION_MAP, Key temperature (0x41b1d593), subtype 0, changed to 2
Config CONFIGURATION_MAP, Key rainfall (0x8a846684), subtype 0, changed to 2
Config CONFIGURATION_MAP, Key sea_level (0xc4027ce3), subtype 0, changed to 2
Config CONFIGURATION_MAP, Key MapName (0xa260062c), subtype 0, changed to Pangaea
Config CONFIGURATION_MAP, Key BBM_Team_Spawn (0x2cd6cc7d), subtype 0, changed to 0
Config CONFIGURATION_MAP, Key BBMExtraHills (0x205752cc), subtype 0, changed to false
Config CONFIGURATION_MAP, Key BBMWraparound (0x590e27a0), subtype 0, changed to 0
Config CONFIGURATION_PLAYER, Key LEADER_NAME (0xf043351a), subtype 0, changed to null
Config CONFIGURATION_PLAYER, Key LEADER_TYPE_NAME (0xe8cd5e5f), subtype 0, changed to null
Config CONFIGURATION_PLAYER, Key LEADER_RANDOM_POOL_ID (0x402bf356), subtype 0, changed to 0
Config CONFIGURATION_PLAYER, Key LEADER_DOMAIN (0x4fe363bb), subtype 0, changed to Players:Expansion2_Players
Config CONFIGURATION_PLAYER, Key LEADER_VALUES (0xd2ed3156), subtype 0, changed to Players:*::RANDOM,Players:*::RANDOM_POOL1,Players:*::RANDOM_POOL2,Players:Expansion2_Players::LEADER_ELEANOR_FRANCE,Players:Expansion2_Players::LEADER_ELEANOR_ENGLAND,Players:Expansion2_Players::LEADER_AMANITORE,Players:Expansion2_Players::LEADER_AMBIORIX,Players:Expansion2_Players::LEADER_BASIL,Players:Expansion2_Players::LEADER_HOJO,Players:Expansion2_Players::LEADER_HOJO_INLAND,Players:Expansion2_Players::LEADER_PETER_GREAT,Players:Expansion2_Players::LEADER_PERICLES,Players:Expansion2_Players::LEADER_GENGHIS_KHAN,Players:Expansion2_Players::LEADER_TOKUGAWA,Players:Expansion2_Players::LEADER_THEODORA,Players:Expansion2_Players::LEADER_DIDO,Players:Expansion2_Players::LEADER_JAYAVARMAN,Players:Expansion2_Players::LEADER_NZINGA_MBANDE,Players:Expansion2_Players::LEADER_PHILIP_II,Players:Expansion2_Players::LEADER_PHILIP_II_INLAND,Players:Expansion2_Players::LEADER_BARBAROSSA,Players:Expansion2_Players::LEADER_GANDHI,Players:Expansion2_Players::LEADER_GORGO,Players:Expansion2_Players::LEADER_HARDRADA,Players:Expansion2_Players::LEADER_HARALD_ALT,Players:Expansion2_Players::LEADER_HAMMURABI,Players:Expansion2_Players::LEADER_KUBLAI_KHAN_MONGOLIA,Players:Expansion2_Players::LEADER_KUBLAI_KHAN_CHINA,Players:Expansion2_Players::LEADER_GILGAMESH,Players:Expansion2_Players::LEADER_CYRUS,Players:Expansion2_Players::LEADER_CATHERINE_DE_MEDICI,Players:Expansion2_Players::LEADER_CATHERINE_DE_MEDICI_ALT,Players:Expansion2_Players::LEADER_KRISTINA,Players:Expansion2_Players::LEADER_CLEOPATRA,Players:Expansion2_Players::LEADER_CLEOPATRA_ALT,Players:Expansion2_Players::LEADER_KUPE,Players:Expansion2_Players::LEADER_RAMSES,Players:Expansion2_Players::LEADER_LAUTARO,Players:Expansion2_Players::LEADER_LADY_SIX_SKY,Players:Expansion2_Players::LEADER_LUDWIG,Players:Expansion2_Players::LEADER_ROBERT_THE_BRUCE,Players:Expansion2_Players::LEADER_MANSA_MUSA,Players:Expansion2_Players::LEADER_MONTEZUMA,Players:Expansion2_Players::LEADER_MENELIK,Players:Expansion2_Players::LEADER_MVEMBA,Players:Expansion2_Players::LEADER_NADER_SHAH,Players:Expansion2_Players::LEADER_PACHACUTI,Players:Expansion2_Players::LEADER_POUNDMAKER,Players:Expansion2_Players::LEADER_PEDRO,Players:Expansion2_Players::LEADER_SHAKA,Players:Expansion2_Players::LEADER_QIN_ALT,Players:Expansion2_Players::LEADER_QIN,Players:Expansion2_Players::LEADER_JOAO_III,Players:Expansion2_Players::LEADER_SALADIN_ALT,Players:Expansion2_Players::LEADER_SALADIN,Players:Expansion2_Players::LEADER_SEONDEOK,Players:Expansion2_Players::LEADER_SEJONG,Players:Expansion2_Players::LEADER_SUNDIATA_KEITA,Players:Expansion2_Players::LEADER_SULEIMAN_ALT,Players:Expansion2_Players::LEADER_SULEIMAN,Players:Expansion2_Players::LEADER_TAMAR,Players:Expansion2_Players::LEADER_T_ROOSEVELT,Players:Expansion2_Players::LEADER_GITARJA,Players:Expansion2_Players::LEADER_TRAJAN,Players:Expansion2_Players::LEADER_TOMYRIS,Players:Expansion2_Players::LEADER_LAURIER,Players:Expansion2_Players::LEADER_WILHELMINA,Players:Expansion2_Players::LEADER_WILHELMINA_INLAND,Players:Expansion2_Players::LEADER_VICTORIA,Players:Expansion2_Players::LEADER_VICTORIA_ALT,Players:Expansion2_Players::LEADER_WU_ZETIAN,Players:Expansion2_Players::LEADER_SIMON_BOLIVAR,Players:Expansion2_Players::LEADER_MATTHIAS_CORVINUS,Players:Expansion2_Players::LEADER_JADWIGA,Players:Expansion2_Players::LEADER_ABRAHAM_LINCOLN,Players:Expansion2_Players::LEADER_ALEXANDER,Players:Expansion2_Players::LEADER_ELIZABETH,Players:Expansion2_Players::LEADER_YONGLE,Players:Expansion2_Players::LEADER_JOHN_CURTIN,Players:Expansion2_Players::LEADER_CHANDRAGUPTA,Players:Expansion2_Players::LEADER_LADY_TRIEU
Config CONFIGURATION_PLAYER, Key LEADER_VALUE_DOMAIN (0xcdbd103d), subtype 0, changed to Players:*
Config CONFIGURATION_PLAYER, Key IS_LOCKED (0xce1b9dc2), subtype 0, changed to 0
Config CONFIGURATION_PLAYER, Key LEADER_NAME (0xf043351a), subtype 1, changed to null
Config CONFIGURATION_PLAYER, Key LEADER_TYPE_NAME (0xe8cd5e5f), subtype 1, changed to null
Config CONFIGURATION_PLAYER, Key LEADER_RANDOM_POOL_ID (0x402bf356), subtype 1, changed to 0
Config CONFIGURATION_PLAYER, Key LEADER_DOMAIN (0x4fe363bb), subtype 1, changed to Players:Expansion2_Players
Config CONFIGURATION_PLAYER, Key LEADER_VALUES (0xd2ed3156), subtype 1, changed to Players:*::RANDOM,Players:*::RANDOM_POOL1,Players:*::RANDOM_POOL2,Players:Expansion2_Players::LEADER_ELEANOR_FRANCE,Players:Expansion2_Players::LEADER_ELEANOR_ENGLAND,Players:Expansion2_Players::LEADER_AMANITORE,Players:Expansion2_Players::LEADER_AMBIORIX,Players:Expansion2_Players::LEADER_BASIL,Players:Expansion2_Players::LEADER_HOJO,Players:Expansion2_Players::LEADER_HOJO_INLAND,Players:Expansion2_Players::LEADER_PETER_GREAT,Players:Expansion2_Players::LEADER_PERICLES,Players:Expansion2_Players::LEADER_GENGHIS_KHAN,Players:Expansion2_Players::LEADER_TOKUGAWA,Players:Expansion2_Players::LEADER_THEODORA,Players:Expansion2_Players::LEADER_DIDO,Players:Expansion2_Players::LEADER_JAYAVARMAN,Players:Expansion2_Players::LEADER_NZINGA_MBANDE,Players:Expansion2_Players::LEADER_PHILIP_II,Players:Expansion2_Players::LEADER_PHILIP_II_INLAND,Players:Expansion2_Players::LEADER_BARBAROSSA,Players:Expansion2_Players::LEADER_GANDHI,Players:Expansion2_Players::LEADER_GORGO,Players:Expansion2_Players::LEADER_HARDRADA,Players:Expansion2_Players::LEADER_HARALD_ALT,Players:Expansion2_Players::LEADER_HAMMURABI,Players:Expansion2_Players::LEADER_KUBLAI_KHAN_MONGOLIA,Players:Expansion2_Players::LEADER_KUBLAI_KHAN_CHINA,Players:Expansion2_Players::LEADER_GILGAMESH,Players:Expansion2_Players::LEADER_CYRUS,Players:Expansion2_Players::LEADER_CATHERINE_DE_MEDICI,Players:Expansion2_Players::LEADER_CATHERINE_DE_MEDICI_ALT,Players:Expansion2_Players::LEADER_KRISTINA,Players:Expansion2_Players::LEADER_CLEOPATRA,Players:Expansion2_Players::LEADER_CLEOPATRA_ALT,Players:Expansion2_Players::LEADER_KUPE,Players:Expansion2_Players::LEADER_RAMSES,Players:Expansion2_Players::LEADER_LAUTARO,Players:Expansion2_Players::LEADER_LADY_SIX_SKY,Players:Expansion2_Players::LEADER_LUDWIG,Players:Expansion2_Players::LEADER_ROBERT_THE_BRUCE,Players:Expansion2_Players::LEADER_MANSA_MUSA,Players:Expansion2_Players::LEADER_MONTEZUMA,Players:Expansion2_Players::LEADER_MENELIK,Players:Expansion2_Players::LEADER_MVEMBA,Players:Expansion2_Players::LEADER_NADER_SHAH,Players:Expansion2_Players::LEADER_PACHACUTI,Players:Expansion2_Players::LEADER_POUNDMAKER,Players:Expansion2_Players::LEADER_PEDRO,Players:Expansion2_Players::LEADER_SHAKA,Players:Expansion2_Players::LEADER_QIN_ALT,Players:Expansion2_Players::LEADER_QIN,Players:Expansion2_Players::LEADER_JOAO_III,Players:Expansion2_Players::LEADER_SALADIN_ALT,Players:Expansion2_Players::LEADER_SALADIN,Players:Expansion2_Players::LEADER_SEONDEOK,Players:Expansion2_Players::LEADER_SEJONG,Players:Expansion2_Players::LEADER_SUNDIATA_KEITA,Players:Expansion2_Players::LEADER_SULEIMAN_ALT,Players:Expansion2_Players::LEADER_SULEIMAN,Players:Expansion2_Players::LEADER_TAMAR,Players:Expansion2_Players::LEADER_T_ROOSEVELT,Players:Expansion2_Players::LEADER_GITARJA,Players:Expansion2_Players::LEADER_TRAJAN,Players:Expansion2_Players::LEADER_TOMYRIS,Players:Expansion2_Players::LEADER_LAURIER,Players:Expansion2_Players::LEADER_WILHELMINA,Players:Expansion2_Players::LEADER_WILHELMINA_INLAND,Players:Expansion2_Players::LEADER_VICTORIA,Players:Expansion2_Players::LEADER_VICTORIA_ALT,Players:Expansion2_Players::LEADER_WU_ZETIAN,Players:Expansion2_Players::LEADER_SIMON_BOLIVAR,Players:Expansion2_Players::LEADER_MATTHIAS_CORVINUS,Players:Expansion2_Players::LEADER_JADWIGA,Players:Expansion2_Players::LEADER_ABRAHAM_LINCOLN,Players:Expansion2_Players::LEADER_ALEXANDER,Players:Expansion2_Players::LEADER_ELIZABETH,Players:Expansion2_Players::LEADER_YONGLE,Players:Expansion2_Players::LEADER_JOHN_CURTIN,Players:Expansion2_Players::LEADER_CHANDRAGUPTA,Players:Expansion2_Players::LEADER_LADY_TRIEU
Config CONFIGURATION_PLAYER, Key LEADER_VALUE_DOMAIN (0xcdbd103d), subtype 1, changed to Players:*
Config CONFIGURATION_PLAYER, Key IS_LOCKED (0xce1b9dc2), subtype 1, changed to 0
Config CONFIGURATION_PLAYER, Key LEADER_NAME (0xf043351a), subtype 2, changed to null
Config CONFIGURATION_PLAYER, Key LEADER_TYPE_NAME (0xe8cd5e5f), subtype 2, changed to null
Config CONFIGURATION_PLAYER, Key LEADER_RANDOM_POOL_ID (0x402bf356), subtype 2, changed to 0
Config CONFIGURATION_PLAYER, Key LEADER_DOMAIN (0x4fe363bb), subtype 2, changed to Players:Expansion2_Players
Config CONFIGURATION_PLAYER, Key LEADER_VALUES (0xd2ed3156), subtype 2, changed to Players:*::RANDOM,Players:*::RANDOM_POOL1,Players:*::RANDOM_POOL2,Players:Expansion2_Players::LEADER_ELEANOR_FRANCE,Players:Expansion2_Players::LEADER_ELEANOR_ENGLAND,Players:Expansion2_Players::LEADER_AMANITORE,Players:Expansion2_Players::LEADER_AMBIORIX,Players:Expansion2_Players::LEADER_BASIL,Players:Expansion2_Players::LEADER_HOJO,Players:Expansion2_Players::LEADER_HOJO_INLAND,Players:Expansion2_Players::LEADER_PETER_GREAT,Players:Expansion2_Players::LEADER_PERICLES,Players:Expansion2_Players::LEADER_GENGHIS_KHAN,Players:Expansion2_Players::LEADER_TOKUGAWA,Players:Expansion2_Players::LEADER_THEODORA,Players:Expansion2_Players::LEADER_DIDO,Players:Expansion2_Players::LEADER_JAYAVARMAN,Players:Expansion2_Players::LEADER_NZINGA_MBANDE,Players:Expansion2_Players::LEADER_PHILIP_II,Players:Expansion2_Players::LEADER_PHILIP_II_INLAND,Players:Expansion2_Players::LEADER_BARBAROSSA,Players:Expansion2_Players::LEADER_GANDHI,Players:Expansion2_Players::LEADER_GORGO,Players:Expansion2_Players::LEADER_HARDRADA,Players:Expansion2_Players::LEADER_HARALD_ALT,Players:Expansion2_Players::LEADER_HAMMURABI,Players:Expansion2_Players::LEADER_KUBLAI_KHAN_MONGOLIA,Players:Expansion2_Players::LEADER_KUBLAI_KHAN_CHINA,Players:Expansion2_Players::LEADER_GILGAMESH,Players:Expansion2_Players::LEADER_CYRUS,Players:Expansion2_Players::LEADER_CATHERINE_DE_MEDICI,Players:Expansion2_Players::LEADER_CATHERINE_DE_MEDICI_ALT,Players:Expansion2_Players::LEADER_KRISTINA,Players:Expansion2_Players::LEADER_CLEOPATRA,Players:Expansion2_Players::LEADER_CLEOPATRA_ALT,Players:Expansion2_Players::LEADER_KUPE,Players:Expansion2_Players::LEADER_RAMSES,Players:Expansion2_Players::LEADER_LAUTARO,Players:Expansion2_Players::LEADER_LADY_SIX_SKY,Players:Expansion2_Players::LEADER_LUDWIG,Players:Expansion2_Players::LEADER_ROBERT_THE_BRUCE,Players:Expansion2_Players::LEADER_MANSA_MUSA,Players:Expansion2_Players::LEADER_MONTEZUMA,Players:Expansion2_Players::LEADER_MENELIK,Players:Expansion2_Players::LEADER_MVEMBA,Players:Expansion2_Players::LEADER_NADER_SHAH,Players:Expansion2_Players::LEADER_PACHACUTI,Players:Expansion2_Players::LEADER_POUNDMAKER,Players:Expansion2_Players::LEADER_PEDRO,Players:Expansion2_Players::LEADER_SHAKA,Players:Expansion2_Players::LEADER_QIN_ALT,Players:Expansion2_Players::LEADER_QIN,Players:Expansion2_Players::LEADER_JOAO_III,Players:Expansion2_Players::LEADER_SALADIN_ALT,Players:Expansion2_Players::LEADER_SALADIN,Players:Expansion2_Players::LEADER_SEONDEOK,Players:Expansion2_Players::LEADER_SEJONG,Players:Expansion2_Players::LEADER_SUNDIATA_KEITA,Players:Expansion2_Players::LEADER_SULEIMAN_ALT,Players:Expansion2_Players::LEADER_SULEIMAN,Players:Expansion2_Players::LEADER_TAMAR,Players:Expansion2_Players::LEADER_T_ROOSEVELT,Players:Expansion2_Players::LEADER_GITARJA,Players:Expansion2_Players::LEADER_TRAJAN,Players:Expansion2_Players::LEADER_TOMYRIS,Players:Expansion2_Players::LEADER_LAURIER,Players:Expansion2_Players::LEADER_WILHELMINA,Players:Expansion2_Players::LEADER_WILHELMINA_INLAND,Players:Expansion2_Players::LEADER_VICTORIA,Players:Expansion2_Players::LEADER_VICTORIA_ALT,Players:Expansion2_Players::LEADER_WU_ZETIAN,Players:Expansion2_Players::LEADER_SIMON_BOLIVAR,Players:Expansion2_Players::LEADER_MATTHIAS_CORVINUS,Players:Expansion2_Players::LEADER_JADWIGA,Players:Expansion2_Players::LEADER_ABRAHAM_LINCOLN,Players:Expansion2_Players::LEADER_ALEXANDER,Players:Expansion2_Players::LEADER_ELIZABETH,Players:Expansion2_Players::LEADER_YONGLE,Players:Expansion2_Players::LEADER_JOHN_CURTIN,Players:Expansion2_Players::LEADER_CHANDRAGUPTA,Players:Expansion2_Players::LEADER_LADY_TRIEU
Config CONFIGURATION_PLAYER, Key LEADER_VALUE_DOMAIN (0xcdbd103d), subtype 2, changed to Players:*
Config CONFIGURATION_PLAYER, Key IS_LOCKED (0xce1b9dc2), subtype 2, changed to 0
Config CONFIGURATION_PLAYER, Key LEADER_NAME (0xf043351a), subtype 3, changed to null
Config CONFIGURATION_PLAYER, Key LEADER_TYPE_NAME (0xe8cd5e5f), subtype 3, changed to null
Config CONFIGURATION_PLAYER, Key LEADER_RANDOM_POOL_ID (0x402bf356), subtype 3, changed to 0
Config CONFIGURATION_PLAYER, Key LEADER_DOMAIN (0x4fe363bb), subtype 3, changed to Players:Expansion2_Players
Config CONFIGURATION_PLAYER, Key LEADER_VALUES (0xd2ed3156), subtype 3, changed to Players:*::RANDOM,Players:*::RANDOM_POOL1,Players:*::RANDOM_POOL2,Players:Expansion2_Players::LEADER_ELEANOR_FRANCE,Players:Expansion2_Players::LEADER_ELEANOR_ENGLAND,Players:Expansion2_Players::LEADER_AMANITORE,Players:Expansion2_Players::LEADER_AMBIORIX,Players:Expansion2_Players::LEADER_BASIL,Players:Expansion2_Players::LEADER_HOJO,Players:Expansion2_Players::LEADER_HOJO_INLAND,Players:Expansion2_Players::LEADER_PETER_GREAT,Players:Expansion2_Players::LEADER_PERICLES,Players:Expansion2_Players::LEADER_GENGHIS_KHAN,Players:Expansion2_Players::LEADER_TOKUGAWA,Players:Expansion2_Players::LEADER_THEODORA,Players:Expansion2_Players::LEADER_DIDO,Players:Expansion2_Players::LEADER_JAYAVARMAN,Players:Expansion2_Players::LEADER_NZINGA_MBANDE,Players:Expansion2_Players::LEADER_PHILIP_II,Players:Expansion2_Players::LEADER_PHILIP_II_INLAND,Players:Expansion2_Players::LEADER_BARBAROSSA,Players:Expansion2_Players::LEADER_GANDHI,Players:Expansion2_Players::LEADER_GORGO,Players:Expansion2_Players::LEADER_HARDRADA,Players:Expansion2_Players::LEADER_HARALD_ALT,Players:Expansion2_Players::LEADER_HAMMURABI,Players:Expansion2_Players::LEADER_KUBLAI_KHAN_MONGOLIA,Players:Expansion2_Players::LEADER_KUBLAI_KHAN_CHINA,Players:Expansion2_Players::LEADER_GILGAMESH,Players:Expansion2_Players::LEADER_CYRUS,Players:Expansion2_Players::LEADER_CATHERINE_DE_MEDICI,Players:Expansion2_Players::LEADER_CATHERINE_DE_MEDICI_ALT,Players:Expansion2_Players::LEADER_KRISTINA,Players:Expansion2_Players::LEADER_CLEOPATRA,Players:Expansion2_Players::LEADER_CLEOPATRA_ALT,Players:Expansion2_Players::LEADER_KUPE,Players:Expansion2_Players::LEADER_RAMSES,Players:Expansion2_Players::LEADER_LAUTARO,Players:Expansion2_Players::LEADER_LADY_SIX_SKY,Players:Expansion2_Players::LEADER_LUDWIG,Players:Expansion2_Players::LEADER_ROBERT_THE_BRUCE,Players:Expansion2_Players::LEADER_MANSA_MUSA,Players:Expansion2_Players::LEADER_MONTEZUMA,Players:Expansion2_Players::LEADER_MENELIK,Players:Expansion2_Players::LEADER_MVEMBA,Players:Expansion2_Players::LEADER_NADER_SHAH,Players:Expansion2_Players::LEADER_PACHACUTI,Players:Expansion2_Players::LEADER_POUNDMAKER,Players:Expansion2_Players::LEADER_PEDRO,Players:Expansion2_Players::LEADER_SHAKA,Players:Expansion2_Players::LEADER_QIN_ALT,Players:Expansion2_Players::LEADER_QIN,Players:Expansion2_Players::LEADER_JOAO_III,Players:Expansion2_Players::LEADER_SALADIN_ALT,Players:Expansion2_Players::LEADER_SALADIN,Players:Expansion2_Players::LEADER_SEONDEOK,Players:Expansion2_Players::LEADER_SEJONG,Players:Expansion2_Players::LEADER_SUNDIATA_KEITA,Players:Expansion2_Players::LEADER_SULEIMAN_ALT,Players:Expansion2_Players::LEADER_SULEIMAN,Players:Expansion2_Players::LEADER_TAMAR,Players:Expansion2_Players::LEADER_T_ROOSEVELT,Players:Expansion2_Players::LEADER_GITARJA,Players:Expansion2_Players::LEADER_TRAJAN,Players:Expansion2_Players::LEADER_TOMYRIS,Players:Expansion2_Players::LEADER_LAURIER,Players:Expansion2_Players::LEADER_WILHELMINA,Players:Expansion2_Players::LEADER_WILHELMINA_INLAND,Players:Expansion2_Players::LEADER_VICTORIA,Players:Expansion2_Players::LEADER_VICTORIA_ALT,Players:Expansion2_Players::LEADER_WU_ZETIAN,Players:Expansion2_Players::LEADER_SIMON_BOLIVAR,Players:Expansion2_Players::LEADER_MATTHIAS_CORVINUS,Players:Expansion2_Players::LEADER_JADWIGA,Players:Expansion2_Players::LEADER_ABRAHAM_LINCOLN,Players:Expansion2_Players::LEADER_ALEXANDER,Players:Expansion2_Players::LEADER_ELIZABETH,Players:Expansion2_Players::LEADER_YONGLE,Players:Expansion2_Players::LEADER_JOHN_CURTIN,Players:Expansion2_Players::LEADER_CHANDRAGUPTA,Players:Expansion2_Players::LEADER_LADY_TRIEU
Config CONFIGURATION_PLAYER, Key LEADER_VALUE_DOMAIN (0xcdbd103d), subtype 3, changed to Players:*
Config CONFIGURATION_PLAYER, Key IS_LOCKED (0xce1b9dc2), subtype 3, changed to 0
Config CONFIGURATION_PLAYER, Key LEADER_NAME (0xf043351a), subtype 4, changed to null
Config CONFIGURATION_PLAYER, Key LEADER_TYPE_NAME (0xe8cd5e5f), subtype 4, changed to null
Config CONFIGURATION_PLAYER, Key LEADER_RANDOM_POOL_ID (0x402bf356), subtype 4, changed to 0
Config CONFIGURATION_PLAYER, Key LEADER_DOMAIN (0x4fe363bb), subtype 4, changed to Players:Expansion2_Players
Config CONFIGURATION_PLAYER, Key LEADER_VALUES (0xd2ed3156), subtype 4, changed to Players:*::RANDOM,Players:*::RANDOM_POOL1,Players:*::RANDOM_POOL2,Players:Expansion2_Players::LEADER_ELEANOR_FRANCE,Players:Expansion2_Players::LEADER_ELEANOR_ENGLAND,Players:Expansion2_Players::LEADER_AMANITORE,Players:Expansion2_Players::LEADER_AMBIORIX,Players:Expansion2_Players::LEADER_BASIL,Players:Expansion2_Players::LEADER_HOJO,Players:Expansion2_Players::LEADER_HOJO_INLAND,Players:Expansion2_Players::LEADER_PETER_GREAT,Players:Expansion2_Players::LEADER_PERICLES,Players:Expansion2_Players::LEADER_GENGHIS_KHAN,Players:Expansion2_Players::LEADER_TOKUGAWA,Players:Expansion2_Players::LEADER_THEODORA,Players:Expansion2_Players::LEADER_DIDO,Players:Expansion2_Players::LEADER_JAYAVARMAN,Players:Expansion2_Players::LEADER_NZINGA_MBANDE,Players:Expansion2_Players::LEADER_PHILIP_II,Players:Expansion2_Players::LEADER_PHILIP_II_INLAND,Players:Expansion2_Players::LEADER_BARBAROSSA,Players:Expansion2_Players::LEADER_GANDHI,Players:Expansion2_Players::LEADER_GORGO,Players:Expansion2_Players::LEADER_HARDRADA,Players:Expansion2_Players::LEADER_HARALD_ALT,Players:Expansion2_Players::LEADER_HAMMURABI,Players:Expansion2_Players::LEADER_KUBLAI_KHAN_MONGOLIA,Players:Expansion2_Players::LEADER_KUBLAI_KHAN_CHINA,Players:Expansion2_Players::LEADER_GILGAMESH,Players:Expansion2_Players::LEADER_CYRUS,Players:Expansion2_Players::LEADER_CATHERINE_DE_MEDICI,Players:Expansion2_Players::LEADER_CATHERINE_DE_MEDICI_ALT,Players:Expansion2_Players::LEADER_KRISTINA,Players:Expansion2_Players::LEADER_CLEOPATRA,Players:Expansion2_Players::LEADER_CLEOPATRA_ALT,Players:Expansion2_Players::LEADER_KUPE,Players:Expansion2_Players::LEADER_RAMSES,Players:Expansion2_Players::LEADER_LAUTARO,Players:Expansion2_Players::LEADER_LADY_SIX_SKY,Players:Expansion2_Players::LEADER_LUDWIG,Players:Expansion2_Players::LEADER_ROBERT_THE_BRUCE,Players:Expansion2_Players::LEADER_MANSA_MUSA,Players:Expansion2_Players::LEADER_MONTEZUMA,Players:Expansion2_Players::LEADER_MENELIK,Players:Expansion2_Players::LEADER_MVEMBA,Players:Expansion2_Players::LEADER_NADER_SHAH,Players:Expansion2_Players::LEADER_PACHACUTI,Players:Expansion2_Players::LEADER_POUNDMAKER,Players:Expansion2_Players::LEADER_PEDRO,Players:Expansion2_Players::LEADER_SHAKA,Players:Expansion2_Players::LEADER_QIN_ALT,Players:Expansion2_Players::LEADER_QIN,Players:Expansion2_Players::LEADER_JOAO_III,Players:Expansion2_Players::LEADER_SALADIN_ALT,Players:Expansion2_Players::LEADER_SALADIN,Players:Expansion2_Players::LEADER_SEONDEOK,Players:Expansion2_Players::LEADER_SEJONG,Players:Expansion2_Players::LEADER_SUNDIATA_KEITA,Players:Expansion2_Players::LEADER_SULEIMAN_ALT,Players:Expansion2_Players::LEADER_SULEIMAN,Players:Expansion2_Players::LEADER_TAMAR,Players:Expansion2_Players::LEADER_T_ROOSEVELT,Players:Expansion2_Players::LEADER_GITARJA,Players:Expansion2_Players::LEADER_TRAJAN,Players:Expansion2_Players::LEADER_TOMYRIS,Players:Expansion2_Players::LEADER_LAURIER,Players:Expansion2_Players::LEADER_WILHELMINA,Players:Expansion2_Players::LEADER_WILHELMINA_INLAND,Players:Expansion2_Players::LEADER_VICTORIA,Players:Expansion2_Players::LEADER_VICTORIA_ALT,Players:Expansion2_Players::LEADER_WU_ZETIAN,Players:Expansion2_Players::LEADER_SIMON_BOLIVAR,Players:Expansion2_Players::LEADER_MATTHIAS_CORVINUS,Players:Expansion2_Players::LEADER_JADWIGA,Players:Expansion2_Players::LEADER_ABRAHAM_LINCOLN,Players:Expansion2_Players::LEADER_ALEXANDER,Players:Expansion2_Players::LEADER_ELIZABETH,Players:Expansion2_Players::LEADER_YONGLE,Players:Expansion2_Players::LEADER_JOHN_CURTIN,Players:Expansion2_Players::LEADER_CHANDRAGUPTA,Players:Expansion2_Players::LEADER_LADY_TRIEU
Config CONFIGURATION_PLAYER, Key LEADER_VALUE_DOMAIN (0xcdbd103d), subtype 4, changed to Players:*
Config CONFIGURATION_PLAYER, Key IS_LOCKED (0xce1b9dc2), subtype 4, changed to 0
Config CONFIGURATION_PLAYER, Key LEADER_NAME (0xf043351a), subtype 5, changed to null
Config CONFIGURATION_PLAYER, Key LEADER_TYPE_NAME (0xe8cd5e5f), subtype 5, changed to null
Config CONFIGURATION_PLAYER, Key LEADER_RANDOM_POOL_ID (0x402bf356), subtype 5, changed to 0
Config CONFIGURATION_PLAYER, Key LEADER_DOMAIN (0x4fe363bb), subtype 5, changed to Players:Expansion2_Players
Config CONFIGURATION_PLAYER, Key LEADER_VALUES (0xd2ed3156), subtype 5, changed to Players:*::RANDOM,Players:*::RANDOM_POOL1,Players:*::RANDOM_POOL2,Players:Expansion2_Players::LEADER_ELEANOR_FRANCE,Players:Expansion2_Players::LEADER_ELEANOR_ENGLAND,Players:Expansion2_Players::LEADER_AMANITORE,Players:Expansion2_Players::LEADER_AMBIORIX,Players:Expansion2_Players::LEADER_BASIL,Players:Expansion2_Players::LEADER_HOJO,Players:Expansion2_Players::LEADER_HOJO_INLAND,Players:Expansion2_Players::LEADER_PETER_GREAT,Players:Expansion2_Players::LEADER_PERICLES,Players:Expansion2_Players::LEADER_GENGHIS_KHAN,Players:Expansion2_Players::LEADER_TOKUGAWA,Players:Expansion2_Players::LEADER_THEODORA,Players:Expansion2_Players::LEADER_DIDO,Players:Expansion2_Players::LEADER_JAYAVARMAN,Players:Expansion2_Players::LEADER_NZINGA_MBANDE,Players:Expansion2_Players::LEADER_PHILIP_II,Players:Expansion2_Players::LEADER_PHILIP_II_INLAND,Players:Expansion2_Players::LEADER_BARBAROSSA,Players:Expansion2_Players::LEADER_GANDHI,Players:Expansion2_Players::LEADER_GORGO,Players:Expansion2_Players::LEADER_HARDRADA,Players:Expansion2_Players::LEADER_HARALD_ALT,Players:Expansion2_Players::LEADER_HAMMURABI,Players:Expansion2_Players::LEADER_KUBLAI_KHAN_MONGOLIA,Players:Expansion2_Players::LEADER_KUBLAI_KHAN_CHINA,Players:Expansion2_Players::LEADER_GILGAMESH,Players:Expansion2_Players::LEADER_CYRUS,Players:Expansion2_Players::LEADER_CATHERINE_DE_MEDICI,Players:Expansion2_Players::LEADER_CATHERINE_DE_MEDICI_ALT,Players:Expansion2_Players::LEADER_KRISTINA,Players:Expansion2_Players::LEADER_CLEOPATRA,Players:Expansion2_Players::LEADER_CLEOPATRA_ALT,Players:Expansion2_Players::LEADER_KUPE,Players:Expansion2_Players::LEADER_RAMSES,Players:Expansion2_Players::LEADER_LAUTARO,Players:Expansion2_Players::LEADER_LADY_SIX_SKY,Players:Expansion2_Players::LEADER_LUDWIG,Players:Expansion2_Players::LEADER_ROBERT_THE_BRUCE,Players:Expansion2_Players::LEADER_MANSA_MUSA,Players:Expansion2_Players::LEADER_MONTEZUMA,Players:Expansion2_Players::LEADER_MENELIK,Players:Expansion2_Players::LEADER_MVEMBA,Players:Expansion2_Players::LEADER_NADER_SHAH,Players:Expansion2_Players::LEADER_PACHACUTI,Players:Expansion2_Players::LEADER_POUNDMAKER,Players:Expansion2_Players::LEADER_PEDRO,Players:Expansion2_Players::LEADER_SHAKA,Players:Expansion2_Players::LEADER_QIN_ALT,Players:Expansion2_Players::LEADER_QIN,Players:Expansion2_Players::LEADER_JOAO_III,Players:Expansion2_Players::LEADER_SALADIN_ALT,Players:Expansion2_Players::LEADER_SALADIN,Players:Expansion2_Players::LEADER_SEONDEOK,Players:Expansion2_Players::LEADER_SEJONG,Players:Expansion2_Players::LEADER_SUNDIATA_KEITA,Players:Expansion2_Players::LEADER_SULEIMAN_ALT,Players:Expansion2_Players::LEADER_SULEIMAN,Players:Expansion2_Players::LEADER_TAMAR,Players:Expansion2_Players::LEADER_T_ROOSEVELT,Players:Expansion2_Players::LEADER_GITARJA,Players:Expansion2_Players::LEADER_TRAJAN,Players:Expansion2_Players::LEADER_TOMYRIS,Players:Expansion2_Players::LEADER_LAURIER,Players:Expansion2_Players::LEADER_WILHELMINA,Players:Expansion2_Players::LEADER_WILHELMINA_INLAND,Players:Expansion2_Players::LEADER_VICTORIA,Players:Expansion2_Players::LEADER_VICTORIA_ALT,Players:Expansion2_Players::LEADER_WU_ZETIAN,Players:Expansion2_Players::LEADER_SIMON_BOLIVAR,Players:Expansion2_Players::LEADER_MATTHIAS_CORVINUS,Players:Expansion2_Players::LEADER_JADWIGA,Players:Expansion2_Players::LEADER_ABRAHAM_LINCOLN,Players:Expansion2_Players::LEADER_ALEXANDER,Players:Expansion2_Players::LEADER_ELIZABETH,Players:Expansion2_Players::LEADER_YONGLE,Players:Expansion2_Players::LEADER_JOHN_CURTIN,Players:Expansion2_Players::LEADER_CHANDRAGUPTA,Players:Expansion2_Players::LEADER_LADY_TRIEU
Config CONFIGURATION_PLAYER, Key LEADER_VALUE_DOMAIN (0xcdbd103d), subtype 5, changed to Players:*
Config CONFIGURATION_PLAYER, Key IS_LOCKED (0xce1b9dc2), subtype 5, changed to 0
Config CONFIGURATION_GAME, Key MPH_OFFICIAL_GAME (0x193f68f9), subtype 0, removed
Config CONFIGURATION_MAP, Key MAP_SCRIPT (0x63d8875a), subtype 0, changed to zyl_team_ring_mainland.lua
Config CONFIGURATION_MAP, Key MAP_NAME (0x35069524), subtype 0, changed to {"LOC_ZYLRM_RING_MAP_NAME":[{"locale":"en_US","text":"Team PVP Ring Mainland"},{"locale":"fr_FR","text":"组队PVP环形大陆"},{"locale":"de_DE","text":"组队PVP环形大陆"},{"locale":"it_IT","text":"组队PVP环形大陆"},{"locale":"es_ES","text":"组队PVP环形大陆"},{"locale":"ja_JP","text":"组队PVP环形大陆"},{"locale":"ru_RU","text":"组队PVP环形大陆"},{"locale":"pl_PL","text":"组队PVP环形大陆"},{"locale":"ko_KR","text":"组队PVP环形大陆"},{"locale":"zh_Hant_HK","text":"组队PVP环形大陆"},{"locale":"zh_Hans_CN","text":"组队PVP环形大陆"},{"locale":"pt_BR","text":"组队PVP环形大陆"}]}
Config CONFIGURATION_MAP, Key MAP_DOMAIN (0xd8f01e6b), subtype 0, changed to Maps:Expansion2Maps
Config CONFIGURATION_MAP, Key temperature (0x41b1d593), subtype 0, removed
Config CONFIGURATION_GAME, Key BBStemp (0xa633007b), subtype 0, removed
Config CONFIGURATION_GAME, Key AutoRemap (0xf7edc265), subtype 0, removed
Config CONFIGURATION_MAP, Key BBMExtraHills (0x205752cc), subtype 0, removed
Config CONFIGURATION_MAP, Key sea_level (0xc4027ce3), subtype 0, removed
Config CONFIGURATION_MAP, Key world_age (0x2193fea0), subtype 0, removed
Config CONFIGURATION_GAME, Key SpawnRecalculation (0x8bcd5d6c), subtype 0, removed
Config CONFIGURATION_MAP, Key rainfall (0x8a846684), subtype 0, removed
Config CONFIGURATION_MAP, Key BBMWraparound (0x590e27a0), subtype 0, removed
Config CONFIGURATION_MAP, Key BBM_Team_Spawn (0x2cd6cc7d), subtype 0, removed
Config CONFIGURATION_MAP, Key MapName (0xa260062c), subtype 0, removed
Config CONFIGURATION_MAP, Key RichNum (0xc26d6460), subtype 0, changed to 5
Config CONFIGURATION_MAP, Key RouteLevel (0x1be96ea6), subtype 0, changed to 1
Config CONFIGURATION_MAP, Key MapTrait (0xa84178fa), subtype 0, changed to false
Config CONFIGURATION_MAP, Key BBS_Team_Spawn (0xc9fff29f), subtype 0, changed to 1
Config CONFIGURATION_MAP, Key ZYL_RVC_CityStatePlacement (0x869f77df), subtype 0, changed to 1
Config CONFIGURATION_MAP, Key ZYLRM_PlayerDistance (0xdbf59458), subtype 0, changed to 1
Config CONFIGURATION_MAP, Key MAP_MAX_MAJOR_PLAYERS (0x2fda36b3), subtype 0, changed to 0x00000006
Config CONFIGURATION_MAP, Key MAP_MAX_MINOR_PLAYERS (0x990f33cf), subtype 0, changed to 0x0000000c
Config CONFIGURATION_MAP, Key world_age (0x2193fea0), subtype 0, changed to 2
Config CONFIGURATION_MAP, Key temperature (0x41b1d593), subtype 0, changed to 2
Config CONFIGURATION_MAP, Key rainfall (0x8a846684), subtype 0, changed to 2
Config CONFIGURATION_MAP, Key sea_level (0xc4027ce3), subtype 0, changed to 2
Config CONFIGURATION_MAP, Key MapName (0xa260062c), subtype 0, changed to ZYLRM_Team_Ring_Rich_Mainland
Config CONFIGURATION_MAP, Key MAP_SIZE (0x9ce5cf48), subtype 0, changed to -1101990427
Config CONFIGURATION_MAP, Key MAP_MAX_MAJOR_PLAYERS (0x2fda36b3), subtype 0, changed to 0x0000000a
Config CONFIGURATION_MAP, Key MAP_MAX_MINOR_PLAYERS (0x990f33cf), subtype 0, changed to 0x00000014
Config CONFIGURATION_PLAYER, Key SLOT_STATUS (0xce42b995), subtype 6, changed to 1
Config CONFIGURATION_PLAYER, Key CIVILIZATION_LEVEL_TYPE_NAME (0xca55abbe), subtype 6, changed to CIVILIZATION_LEVEL_FULL_CIV
Config CONFIGURATION_PLAYER, Key CIVILIZATION_LEVEL_TYPE_ID (0x830ffc46), subtype 6, changed to 0x253718b0
Config CONFIGURATION_PLAYER, Key HOTSEAT_PASSWORD (0x6e7cd16c), subtype 6, changed to null
Config CONFIGURATION_PLAYER, Key TEAM (0x0d8ab454), subtype 6, changed to -1
Config CONFIGURATION_PLAYER, Key LEADER_TYPE_NAME (0xe8cd5e5f), subtype 6, changed to null
Config CONFIGURATION_PLAYER, Key LEADER_TYPE_ID (0xdfe4fcc7), subtype 6, changed to 0xffffffff
Config CONFIGURATION_PLAYER, Key LEADER_RANDOM_POOL_ID (0x402bf356), subtype 6, changed to 0x00000000
Config CONFIGURATION_PLAYER, Key HANDICAP_TYPE_ID (0xf85bf1dc), subtype 6, changed to 0xf54624af
Config CONFIGURATION_PLAYER, Key IS_ALIVE (0x62a7dfa6), subtype 6, changed to true
Config CONFIGURATION_PLAYER, Key SLOT_STATUS (0xce42b995), subtype 7, changed to 1
Config CONFIGURATION_PLAYER, Key CIVILIZATION_LEVEL_TYPE_NAME (0xca55abbe), subtype 7, changed to CIVILIZATION_LEVEL_FULL_CIV
Config CONFIGURATION_PLAYER, Key CIVILIZATION_LEVEL_TYPE_ID (0x830ffc46), subtype 7, changed to 0x253718b0
Config CONFIGURATION_PLAYER, Key HOTSEAT_PASSWORD (0x6e7cd16c), subtype 7, changed to null
Config CONFIGURATION_PLAYER, Key TEAM (0x0d8ab454), subtype 7, changed to -1
Config CONFIGURATION_PLAYER, Key LEADER_TYPE_NAME (0xe8cd5e5f), subtype 7, changed to null
Config CONFIGURATION_PLAYER, Key LEADER_TYPE_ID (0xdfe4fcc7), subtype 7, changed to 0xffffffff
Config CONFIGURATION_PLAYER, Key LEADER_RANDOM_POOL_ID (0x402bf356), subtype 7, changed to 0x00000000
Config CONFIGURATION_PLAYER, Key HANDICAP_TYPE_ID (0xf85bf1dc), subtype 7, changed to 0xf54624af
Config CONFIGURATION_PLAYER, Key IS_ALIVE (0x62a7dfa6), subtype 7, changed to true
Config CONFIGURATION_GAME, Key Unknown (0x24084b20), subtype 0, changed to -1
Config CONFIGURATION_GAME, Key ENABLED_MODS (0x1b8cd1c8), subtype 0, removed
Config CONFIGURATION_GAME, Key ENABLED_MODS (0x1b8cd1c8), subtype 0, changed
Config CONFIGURATION_PLAYER, Key MOD_READY_STATUS (0xfc7b1f66), subtype 0, changed to true
Config CONFIGURATION_PLAYER, Key WANTS_PAUSE (0x7ab021cb), subtype 0, changed to false
Config CONFIGURATION_PLAYER, Key NETWORK_NAME (0x8e72249a), subtype 0, changed to ZYL@76561199003168956
Config CONFIGURATION_PLAYER, Key NICK_NAME (0xdab96bfd), subtype 0, changed to ZYL
Config CONFIGURATION_PLAYER, Key SLOT_STATUS (0xce42b995), subtype 0, changed to 3
Config CONFIGURATION_PLAYER, Key CIVILIZATION_LEVEL_TYPE_NAME (0xca55abbe), subtype 0, changed to CIVILIZATION_LEVEL_FULL_CIV
Config CONFIGURATION_PLAYER, Key LEADER_NAME (0xf043351a), subtype 6, changed to null
Config CONFIGURATION_PLAYER, Key LEADER_TYPE_NAME (0xe8cd5e5f), subtype 6, changed to null
Config CONFIGURATION_PLAYER, Key LEADER_RANDOM_POOL_ID (0x402bf356), subtype 6, changed to 0
Config CONFIGURATION_PLAYER, Key LEADER_DOMAIN (0x4fe363bb), subtype 6, changed to Players:Expansion2_Players
Config CONFIGURATION_PLAYER, Key LEADER_VALUES (0xd2ed3156), subtype 6, changed to Players:*::RANDOM,Players:*::RANDOM_POOL1,Players:*::RANDOM_POOL2,Players:Expansion2_Players::LEADER_ELEANOR_FRANCE,Players:Expansion2_Players::LEADER_ELEANOR_ENGLAND,Players:Expansion2_Players::LEADER_AMANITORE,Players:Expansion2_Players::LEADER_AMBIORIX,Players:Expansion2_Players::LEADER_BASIL,Players:Expansion2_Players::LEADER_HOJO,Players:Expansion2_Players::LEADER_HOJO_INLAND,Players:Expansion2_Players::LEADER_PETER_GREAT,Players:Expansion2_Players::LEADER_PERICLES,Players:Expansion2_Players::LEADER_GENGHIS_KHAN,Players:Expansion2_Players::LEADER_TOKUGAWA,Players:Expansion2_Players::LEADER_THEODORA,Players:Expansion2_Players::LEADER_DIDO,Players:Expansion2_Players::LEADER_JAYAVARMAN,Players:Expansion2_Players::LEADER_NZINGA_MBANDE,Players:Expansion2_Players::LEADER_PHILIP_II,Players:Expansion2_Players::LEADER_PHILIP_II_INLAND,Players:Expansion2_Players::LEADER_BARBAROSSA,Players:Expansion2_Players::LEADER_GANDHI,Players:Expansion2_Players::LEADER_GORGO,Players:Expansion2_Players::LEADER_HARDRADA,Players:Expansion2_Players::LEADER_HARALD_ALT,Players:Expansion2_Players::LEADER_HAMMURABI,Players:Expansion2_Players::LEADER_KUBLAI_KHAN_MONGOLIA,Players:Expansion2_Players::LEADER_KUBLAI_KHAN_CHINA,Players:Expansion2_Players::LEADER_GILGAMESH,Players:Expansion2_Players::LEADER_CYRUS,Players:Expansion2_Players::LEADER_CATHERINE_DE_MEDICI,Players:Expansion2_Players::LEADER_CATHERINE_DE_MEDICI_ALT,Players:Expansion2_Players::LEADER_KRISTINA,Players:Expansion2_Players::LEADER_CLEOPATRA,Players:Expansion2_Players::LEADER_CLEOPATRA_ALT,Players:Expansion2_Players::LEADER_KUPE,Players:Expansion2_Players::LEADER_RAMSES,Players:Expansion2_Players::LEADER_LAUTARO,Players:Expansion2_Players::LEADER_LADY_SIX_SKY,Players:Expansion2_Players::LEADER_LUDWIG,Players:Expansion2_Players::LEADER_ROBERT_THE_BRUCE,Players:Expansion2_Players::LEADER_MANSA_MUSA,Players:Expansion2_Players::LEADER_MONTEZUMA,Players:Expansion2_Players::LEADER_MENELIK,Players:Expansion2_Players::LEADER_MVEMBA,Players:Expansion2_Players::LEADER_NADER_SHAH,Players:Expansion2_Players::LEADER_PACHACUTI,Players:Expansion2_Players::LEADER_POUNDMAKER,Players:Expansion2_Players::LEADER_PEDRO,Players:Expansion2_Players::LEADER_SHAKA,Players:Expansion2_Players::LEADER_QIN_ALT,Players:Expansion2_Players::LEADER_QIN,Players:Expansion2_Players::LEADER_JOAO_III,Players:Expansion2_Players::LEADER_SALADIN_ALT,Players:Expansion2_Players::LEADER_SALADIN,Players:Expansion2_Players::LEADER_SEONDEOK,Players:Expansion2_Players::LEADER_SEJONG,Players:Expansion2_Players::LEADER_SUNDIATA_KEITA,Players:Expansion2_Players::LEADER_SULEIMAN_ALT,Players:Expansion2_Players::LEADER_SULEIMAN,Players:Expansion2_Players::LEADER_TAMAR,Players:Expansion2_Players::LEADER_T_ROOSEVELT,Players:Expansion2_Players::LEADER_GITARJA,Players:Expansion2_Players::LEADER_TRAJAN,Players:Expansion2_Players::LEADER_TOMYRIS,Players:Expansion2_Players::LEADER_LAURIER,Players:Expansion2_Players::LEADER_WILHELMINA,Players:Expansion2_Players::LEADER_WILHELMINA_INLAND,Players:Expansion2_Players::LEADER_VICTORIA,Players:Expansion2_Players::LEADER_VICTORIA_ALT,Players:Expansion2_Players::LEADER_WU_ZETIAN,Players:Expansion2_Players::LEADER_SIMON_BOLIVAR,Players:Expansion2_Players::LEADER_MATTHIAS_CORVINUS,Players:Expansion2_Players::LEADER_JADWIGA,Players:Expansion2_Players::LEADER_ABRAHAM_LINCOLN,Players:Expansion2_Players::LEADER_ALEXANDER,Players:Expansion2_Players::LEADER_ELIZABETH,Players:Expansion2_Players::LEADER_YONGLE,Players:Expansion2_Players::LEADER_JOHN_CURTIN,Players:Expansion2_Players::LEADER_CHANDRAGUPTA,Players:Expansion2_Players::LEADER_LADY_TRIEU
Config CONFIGURATION_PLAYER, Key LEADER_VALUE_DOMAIN (0xcdbd103d), subtype 6, changed to Players:*
Config CONFIGURATION_PLAYER, Key IS_LOCKED (0xce1b9dc2), subtype 6, changed to 0
Config CONFIGURATION_PLAYER, Key LEADER_NAME (0xf043351a), subtype 7, changed to null
Config CONFIGURATION_PLAYER, Key LEADER_TYPE_NAME (0xe8cd5e5f), subtype 7, changed to null
Config CONFIGURATION_PLAYER, Key LEADER_RANDOM_POOL_ID (0x402bf356), subtype 7, changed to 0
Config CONFIGURATION_PLAYER, Key LEADER_DOMAIN (0x4fe363bb), subtype 7, changed to Players:Expansion2_Players
Config CONFIGURATION_PLAYER, Key LEADER_VALUES (0xd2ed3156), subtype 7, changed to Players:*::RANDOM,Players:*::RANDOM_POOL1,Players:*::RANDOM_POOL2,Players:Expansion2_Players::LEADER_ELEANOR_FRANCE,Players:Expansion2_Players::LEADER_ELEANOR_ENGLAND,Players:Expansion2_Players::LEADER_AMANITORE,Players:Expansion2_Players::LEADER_AMBIORIX,Players:Expansion2_Players::LEADER_BASIL,Players:Expansion2_Players::LEADER_HOJO,Players:Expansion2_Players::LEADER_HOJO_INLAND,Players:Expansion2_Players::LEADER_PETER_GREAT,Players:Expansion2_Players::LEADER_PERICLES,Players:Expansion2_Players::LEADER_GENGHIS_KHAN,Players:Expansion2_Players::LEADER_TOKUGAWA,Players:Expansion2_Players::LEADER_THEODORA,Players:Expansion2_Players::LEADER_DIDO,Players:Expansion2_Players::LEADER_JAYAVARMAN,Players:Expansion2_Players::LEADER_NZINGA_MBANDE,Players:Expansion2_Players::LEADER_PHILIP_II,Players:Expansion2_Players::LEADER_PHILIP_II_INLAND,Players:Expansion2_Players::LEADER_BARBAROSSA,Players:Expansion2_Players::LEADER_GANDHI,Players:Expansion2_Players::LEADER_GORGO,Players:Expansion2_Players::LEADER_HARDRADA,Players:Expansion2_Players::LEADER_HARALD_ALT,Players:Expansion2_Players::LEADER_HAMMURABI,Players:Expansion2_Players::LEADER_KUBLAI_KHAN_MONGOLIA,Players:Expansion2_Players::LEADER_KUBLAI_KHAN_CHINA,Players:Expansion2_Players::LEADER_GILGAMESH,Players:Expansion2_Players::LEADER_CYRUS,Players:Expansion2_Players::LEADER_CATHERINE_DE_MEDICI,Players:Expansion2_Players::LEADER_CATHERINE_DE_MEDICI_ALT,Players:Expansion2_Players::LEADER_KRISTINA,Players:Expansion2_Players::LEADER_CLEOPATRA,Players:Expansion2_Players::LEADER_CLEOPATRA_ALT,Players:Expansion2_Players::LEADER_KUPE,Players:Expansion2_Players::LEADER_RAMSES,Players:Expansion2_Players::LEADER_LAUTARO,Players:Expansion2_Players::LEADER_LADY_SIX_SKY,Players:Expansion2_Players::LEADER_LUDWIG,Players:Expansion2_Players::LEADER_ROBERT_THE_BRUCE,Players:Expansion2_Players::LEADER_MANSA_MUSA,Players:Expansion2_Players::LEADER_MONTEZUMA,Players:Expansion2_Players::LEADER_MENELIK,Players:Expansion2_Players::LEADER_MVEMBA,Players:Expansion2_Players::LEADER_NADER_SHAH,Players:Expansion2_Players::LEADER_PACHACUTI,Players:Expansion2_Players::LEADER_POUNDMAKER,Players:Expansion2_Players::LEADER_PEDRO,Players:Expansion2_Players::LEADER_SHAKA,Players:Expansion2_Players::LEADER_QIN_ALT,Players:Expansion2_Players::LEADER_QIN,Players:Expansion2_Players::LEADER_JOAO_III,Players:Expansion2_Players::LEADER_SALADIN_ALT,Players:Expansion2_Players::LEADER_SALADIN,Players:Expansion2_Players::LEADER_SEONDEOK,Players:Expansion2_Players::LEADER_SEJONG,Players:Expansion2_Players::LEADER_SUNDIATA_KEITA,Players:Expansion2_Players::LEADER_SULEIMAN_ALT,Players:Expansion2_Players::LEADER_SULEIMAN,Players:Expansion2_Players::LEADER_TAMAR,Players:Expansion2_Players::LEADER_T_ROOSEVELT,Players:Expansion2_Players::LEADER_GITARJA,Players:Expansion2_Players::LEADER_TRAJAN,Players:Expansion2_Players::LEADER_TOMYRIS,Players:Expansion2_Players::LEADER_LAURIER,Players:Expansion2_Players::LEADER_WILHELMINA,Players:Expansion2_Players::LEADER_WILHELMINA_INLAND,Players:Expansion2_Players::LEADER_VICTORIA,Players:Expansion2_Players::LEADER_VICTORIA_ALT,Players:Expansion2_Players::LEADER_WU_ZETIAN,Players:Expansion2_Players::LEADER_SIMON_BOLIVAR,Players:Expansion2_Players::LEADER_MATTHIAS_CORVINUS,Players:Expansion2_Players::LEADER_JADWIGA,Players:Expansion2_Players::LEADER_ABRAHAM_LINCOLN,Players:Expansion2_Players::LEADER_ALEXANDER,Players:Expansion2_Players::LEADER_ELIZABETH,Players:Expansion2_Players::LEADER_YONGLE,Players:Expansion2_Players::LEADER_JOHN_CURTIN,Players:Expansion2_Players::LEADER_CHANDRAGUPTA,Players:Expansion2_Players::LEADER_LADY_TRIEU
Config CONFIGURATION_PLAYER, Key LEADER_VALUE_DOMAIN (0xcdbd103d), subtype 7, changed to Players:*
Config CONFIGURATION_PLAYER, Key IS_LOCKED (0xce1b9dc2), subtype 7, changed to 0
Config CONFIGURATION_PLAYER, Key LEADER_NAME (0xf043351a), subtype 8, changed to null
Config CONFIGURATION_PLAYER, Key LEADER_TYPE_NAME (0xe8cd5e5f), subtype 8, changed to null
Config CONFIGURATION_PLAYER, Key LEADER_TYPE_ID (0xdfe4fcc7), subtype 8, changed to 0xffffffff
Config CONFIGURATION_PLAYER, Key LEADER_RANDOM_POOL_ID (0x402bf356), subtype 8, changed to 0x00000000
Config CONFIGURATION_PLAYER, Key LEADER_RANDOM_POOL_ID (0x402bf356), subtype 8, changed to 0
Config CONFIGURATION_PLAYER, Key LEADER_DOMAIN (0x4fe363bb), subtype 8, changed to Players:Expansion2_Players
Config CONFIGURATION_PLAYER, Key LEADER_VALUES (0xd2ed3156), subtype 8, changed to Players:*::RANDOM,Players:*::RANDOM_POOL1,Players:*::RANDOM_POOL2,Players:Expansion2_Players::LEADER_ELEANOR_FRANCE,Players:Expansion2_Players::LEADER_ELEANOR_ENGLAND,Players:Expansion2_Players::LEADER_AMANITORE,Players:Expansion2_Players::LEADER_AMBIORIX,Players:Expansion2_Players::LEADER_BASIL,Players:Expansion2_Players::LEADER_HOJO,Players:Expansion2_Players::LEADER_HOJO_INLAND,Players:Expansion2_Players::LEADER_PETER_GREAT,Players:Expansion2_Players::LEADER_PERICLES,Players:Expansion2_Players::LEADER_GENGHIS_KHAN,Players:Expansion2_Players::LEADER_TOKUGAWA,Players:Expansion2_Players::LEADER_THEODORA,Players:Expansion2_Players::LEADER_DIDO,Players:Expansion2_Players::LEADER_JAYAVARMAN,Players:Expansion2_Players::LEADER_NZINGA_MBANDE,Players:Expansion2_Players::LEADER_PHILIP_II,Players:Expansion2_Players::LEADER_PHILIP_II_INLAND,Players:Expansion2_Players::LEADER_BARBAROSSA,Players:Expansion2_Players::LEADER_GANDHI,Players:Expansion2_Players::LEADER_GORGO,Players:Expansion2_Players::LEADER_HARDRADA,Players:Expansion2_Players::LEADER_HARALD_ALT,Players:Expansion2_Players::LEADER_HAMMURABI,Players:Expansion2_Players::LEADER_KUBLAI_KHAN_MONGOLIA,Players:Expansion2_Players::LEADER_KUBLAI_KHAN_CHINA,Players:Expansion2_Players::LEADER_GILGAMESH,Players:Expansion2_Players::LEADER_CYRUS,Players:Expansion2_Players::LEADER_CATHERINE_DE_MEDICI,Players:Expansion2_Players::LEADER_CATHERINE_DE_MEDICI_ALT,Players:Expansion2_Players::LEADER_KRISTINA,Players:Expansion2_Players::LEADER_CLEOPATRA,Players:Expansion2_Players::LEADER_CLEOPATRA_ALT,Players:Expansion2_Players::LEADER_KUPE,Players:Expansion2_Players::LEADER_RAMSES,Players:Expansion2_Players::LEADER_LAUTARO,Players:Expansion2_Players::LEADER_LADY_SIX_SKY,Players:Expansion2_Players::LEADER_LUDWIG,Players:Expansion2_Players::LEADER_ROBERT_THE_BRUCE,Players:Expansion2_Players::LEADER_MANSA_MUSA,Players:Expansion2_Players::LEADER_MONTEZUMA,Players:Expansion2_Players::LEADER_MENELIK,Players:Expansion2_Players::LEADER_MVEMBA,Players:Expansion2_Players::LEADER_NADER_SHAH,Players:Expansion2_Players::LEADER_PACHACUTI,Players:Expansion2_Players::LEADER_POUNDMAKER,Players:Expansion2_Players::LEADER_PEDRO,Players:Expansion2_Players::LEADER_SHAKA,Players:Expansion2_Players::LEADER_QIN_ALT,Players:Expansion2_Players::LEADER_QIN,Players:Expansion2_Players::LEADER_JOAO_III,Players:Expansion2_Players::LEADER_SALADIN_ALT,Players:Expansion2_Players::LEADER_SALADIN,Players:Expansion2_Players::LEADER_SEONDEOK,Players:Expansion2_Players::LEADER_SEJONG,Players:Expansion2_Players::LEADER_SUNDIATA_KEITA,Players:Expansion2_Players::LEADER_SULEIMAN_ALT,Players:Expansion2_Players::LEADER_SULEIMAN,Players:Expansion2_Players::LEADER_TAMAR,Players:Expansion2_Players::LEADER_T_ROOSEVELT,Players:Expansion2_Players::LEADER_GITARJA,Players:Expansion2_Players::LEADER_TRAJAN,Players:Expansion2_Players::LEADER_TOMYRIS,Players:Expansion2_Players::LEADER_LAURIER,Players:Expansion2_Players::LEADER_WILHELMINA,Players:Expansion2_Players::LEADER_WILHELMINA_INLAND,Players:Expansion2_Players::LEADER_VICTORIA,Players:Expansion2_Players::LEADER_VICTORIA_ALT,Players:Expansion2_Players::LEADER_WU_ZETIAN,Players:Expansion2_Players::LEADER_SIMON_BOLIVAR,Players:Expansion2_Players::LEADER_MATTHIAS_CORVINUS,Players:Expansion2_Players::LEADER_JADWIGA,Players:Expansion2_Players::LEADER_ABRAHAM_LINCOLN,Players:Expansion2_Players::LEADER_ALEXANDER,Players:Expansion2_Players::LEADER_ELIZABETH,Players:Expansion2_Players::LEADER_YONGLE,Players:Expansion2_Players::LEADER_JOHN_CURTIN,Players:Expansion2_Players::LEADER_CHANDRAGUPTA,Players:Expansion2_Players::LEADER_LADY_TRIEU
Config CONFIGURATION_PLAYER, Key LEADER_VALUE_DOMAIN (0xcdbd103d), subtype 8, changed to Players:*
Config CONFIGURATION_PLAYER, Key IS_LOCKED (0xce1b9dc2), subtype 8, changed to 0
Config CONFIGURATION_PLAYER, Key HANDICAP_TYPE_ID (0xf85bf1dc), subtype 8, changed to -179952465
Config CONFIGURATION_PLAYER, Key LEADER_NAME (0xf043351a), subtype 9, changed to null
Config CONFIGURATION_PLAYER, Key LEADER_TYPE_NAME (0xe8cd5e5f), subtype 9, changed to null
Config CONFIGURATION_PLAYER, Key LEADER_TYPE_ID (0xdfe4fcc7), subtype 9, changed to 0xffffffff
Config CONFIGURATION_PLAYER, Key LEADER_RANDOM_POOL_ID (0x402bf356), subtype 9, changed to 0x00000000
Config CONFIGURATION_PLAYER, Key LEADER_RANDOM_POOL_ID (0x402bf356), subtype 9, changed to 0
Config CONFIGURATION_PLAYER, Key LEADER_DOMAIN (0x4fe363bb), subtype 9, changed to Players:Expansion2_Players
Config CONFIGURATION_PLAYER, Key LEADER_VALUES (0xd2ed3156), subtype 9, changed to Players:*::RANDOM,Players:*::RANDOM_POOL1,Players:*::RANDOM_POOL2,Players:Expansion2_Players::LEADER_ELEANOR_FRANCE,Players:Expansion2_Players::LEADER_ELEANOR_ENGLAND,Players:Expansion2_Players::LEADER_AMANITORE,Players:Expansion2_Players::LEADER_AMBIORIX,Players:Expansion2_Players::LEADER_BASIL,Players:Expansion2_Players::LEADER_HOJO,Players:Expansion2_Players::LEADER_HOJO_INLAND,Players:Expansion2_Players::LEADER_PETER_GREAT,Players:Expansion2_Players::LEADER_PERICLES,Players:Expansion2_Players::LEADER_GENGHIS_KHAN,Players:Expansion2_Players::LEADER_TOKUGAWA,Players:Expansion2_Players::LEADER_THEODORA,Players:Expansion2_Players::LEADER_DIDO,Players:Expansion2_Players::LEADER_JAYAVARMAN,Players:Expansion2_Players::LEADER_NZINGA_MBANDE,Players:Expansion2_Players::LEADER_PHILIP_II,Players:Expansion2_Players::LEADER_PHILIP_II_INLAND,Players:Expansion2_Players::LEADER_BARBAROSSA,Players:Expansion2_Players::LEADER_GANDHI,Players:Expansion2_Players::LEADER_GORGO,Players:Expansion2_Players::LEADER_HARDRADA,Players:Expansion2_Players::LEADER_HARALD_ALT,Players:Expansion2_Players::LEADER_HAMMURABI,Players:Expansion2_Players::LEADER_KUBLAI_KHAN_MONGOLIA,Players:Expansion2_Players::LEADER_KUBLAI_KHAN_CHINA,Players:Expansion2_Players::LEADER_GILGAMESH,Players:Expansion2_Players::LEADER_CYRUS,Players:Expansion2_Players::LEADER_CATHERINE_DE_MEDICI,Players:Expansion2_Players::LEADER_CATHERINE_DE_MEDICI_ALT,Players:Expansion2_Players::LEADER_KRISTINA,Players:Expansion2_Players::LEADER_CLEOPATRA,Players:Expansion2_Players::LEADER_CLEOPATRA_ALT,Players:Expansion2_Players::LEADER_KUPE,Players:Expansion2_Players::LEADER_RAMSES,Players:Expansion2_Players::LEADER_LAUTARO,Players:Expansion2_Players::LEADER_LADY_SIX_SKY,Players:Expansion2_Players::LEADER_LUDWIG,Players:Expansion2_Players::LEADER_ROBERT_THE_BRUCE,Players:Expansion2_Players::LEADER_MANSA_MUSA,Players:Expansion2_Players::LEADER_MONTEZUMA,Players:Expansion2_Players::LEADER_MENELIK,Players:Expansion2_Players::LEADER_MVEMBA,Players:Expansion2_Players::LEADER_NADER_SHAH,Players:Expansion2_Players::LEADER_PACHACUTI,Players:Expansion2_Players::LEADER_POUNDMAKER,Players:Expansion2_Players::LEADER_PEDRO,Players:Expansion2_Players::LEADER_SHAKA,Players:Expansion2_Players::LEADER_QIN_ALT,Players:Expansion2_Players::LEADER_QIN,Players:Expansion2_Players::LEADER_JOAO_III,Players:Expansion2_Players::LEADER_SALADIN_ALT,Players:Expansion2_Players::LEADER_SALADIN,Players:Expansion2_Players::LEADER_SEONDEOK,Players:Expansion2_Players::LEADER_SEJONG,Players:Expansion2_Players::LEADER_SUNDIATA_KEITA,Players:Expansion2_Players::LEADER_SULEIMAN_ALT,Players:Expansion2_Players::LEADER_SULEIMAN,Players:Expansion2_Players::LEADER_TAMAR,Players:Expansion2_Players::LEADER_T_ROOSEVELT,Players:Expansion2_Players::LEADER_GITARJA,Players:Expansion2_Players::LEADER_TRAJAN,Players:Expansion2_Players::LEADER_TOMYRIS,Players:Expansion2_Players::LEADER_LAURIER,Players:Expansion2_Players::LEADER_WILHELMINA,Players:Expansion2_Players::LEADER_WILHELMINA_INLAND,Players:Expansion2_Players::LEADER_VICTORIA,Players:Expansion2_Players::LEADER_VICTORIA_ALT,Players:Expansion2_Players::LEADER_WU_ZETIAN,Players:Expansion2_Players::LEADER_SIMON_BOLIVAR,Players:Expansion2_Players::LEADER_MATTHIAS_CORVINUS,Players:Expansion2_Players::LEADER_JADWIGA,Players:Expansion2_Players::LEADER_ABRAHAM_LINCOLN,Players:Expansion2_Players::LEADER_ALEXANDER,Players:Expansion2_Players::LEADER_ELIZABETH,Players:Expansion2_Players::LEADER_YONGLE,Players:Expansion2_Players::LEADER_JOHN_CURTIN,Players:Expansion2_Players::LEADER_CHANDRAGUPTA,Players:Expansion2_Players::LEADER_LADY_TRIEU
Config CONFIGURATION_PLAYER, Key LEADER_VALUE_DOMAIN (0xcdbd103d), subtype 9, changed to Players:*
Config CONFIGURATION_PLAYER, Key IS_LOCKED (0xce1b9dc2), subtype 9, changed to 0
Config CONFIGURATION_PLAYER, Key HANDICAP_TYPE_ID (0xf85bf1dc), subtype 9, changed to -179952465
Config CONFIGURATION_PLAYER, Key WANTS_PAUSE (0x7ab021cb), subtype 1, changed to false
Config CONFIGURATION_PLAYER, Key NETWORK_NAME (0x8e72249a), subtype 1, changed to Jerry@76561199005446447
Config CONFIGURATION_PLAYER, Key NICK_NAME (0xdab96bfd), subtype 1, changed to Jerry
Config CONFIGURATION_PLAYER, Key SLOT_STATUS (0xce42b995), subtype 1, changed to 3
Config CONFIGURATION_PLAYER, Key CIVILIZATION_LEVEL_TYPE_NAME (0xca55abbe), subtype 1, changed to CIVILIZATION_LEVEL_FULL_CIV
Config CONFIGURATION_PLAYER, Key WANTS_PAUSE (0x7ab021cb), subtype 2, changed to false
Config CONFIGURATION_PLAYER, Key NETWORK_NAME (0x8e72249a), subtype 2, changed to longyizhu@76561198931045205
Config CONFIGURATION_PLAYER, Key NICK_NAME (0xdab96bfd), subtype 2, changed to longyizhu
Config CONFIGURATION_PLAYER, Key SLOT_STATUS (0xce42b995), subtype 2, changed to 3
Config CONFIGURATION_PLAYER, Key CIVILIZATION_LEVEL_TYPE_NAME (0xca55abbe), subtype 2, changed to CIVILIZATION_LEVEL_FULL_CIV
Config CONFIGURATION_PLAYER, Key WANTS_PAUSE (0x7ab021cb), subtype 3, changed to false
Config CONFIGURATION_PLAYER, Key NETWORK_NAME (0x8e72249a), subtype 3, changed to skyverse@76561198178704646
Config CONFIGURATION_PLAYER, Key NICK_NAME (0xdab96bfd), subtype 3, changed to skyverse
Config CONFIGURATION_PLAYER, Key SLOT_STATUS (0xce42b995), subtype 3, changed to 3
Config CONFIGURATION_PLAYER, Key CIVILIZATION_LEVEL_TYPE_NAME (0xca55abbe), subtype 3, changed to CIVILIZATION_LEVEL_FULL_CIV
Config CONFIGURATION_PLAYER, Key NETWORK_NAME (0x8e72249a), subtype 4, changed to skyverse@76561198178704646
Config CONFIGURATION_PLAYER, Key NICK_NAME (0xdab96bfd), subtype 4, changed to skyverse
Config CONFIGURATION_PLAYER, Key NETWORK_NAME (0x8e72249a), subtype 3, changed to null
Config CONFIGURATION_PLAYER, Key NICK_NAME (0xdab96bfd), subtype 3, removed
Config CONFIGURATION_PLAYER, Key MOD_READY_STATUS (0xfc7b1f66), subtype 4, changed to true
Config CONFIGURATION_PLAYER, Key MOD_READY_STATUS (0xfc7b1f66), subtype 3, changed to false
Config CONFIGURATION_PLAYER, Key SLOT_STATUS (0xce42b995), subtype 4, changed to 3
Config CONFIGURATION_PLAYER, Key SLOT_STATUS (0xce42b995), subtype 3, changed to 1
Config CONFIGURATION_PLAYER, Key LEADER_NAME (0xf043351a), subtype 3, changed to null
Config CONFIGURATION_PLAYER, Key LEADER_TYPE_NAME (0xe8cd5e5f), subtype 3, changed to null
Config CONFIGURATION_PLAYER, Key LEADER_RANDOM_POOL_ID (0x402bf356), subtype 3, changed to 0x00000000
Config CONFIGURATION_PLAYER, Key LEADER_RANDOM_POOL_ID (0x402bf356), subtype 3, changed to 0
Config CONFIGURATION_PLAYER, Key LEADER_DOMAIN (0x4fe363bb), subtype 3, changed to Players:Expansion2_Players
Config CONFIGURATION_PLAYER, Key LEADER_VALUES (0xd2ed3156), subtype 3, changed to Players:*::RANDOM,Players:*::RANDOM_POOL1,Players:*::RANDOM_POOL2,Players:Expansion2_Players::LEADER_ELEANOR_FRANCE,Players:Expansion2_Players::LEADER_ELEANOR_ENGLAND,Players:Expansion2_Players::LEADER_AMBIORIX,Players:Expansion2_Players::LEADER_BASIL,Players:Expansion2_Players::LEADER_HOJO,Players:Expansion2_Players::LEADER_HOJO_INLAND,Players:Expansion2_Players::LEADER_PETER_GREAT,Players:Expansion2_Players::LEADER_PERICLES,Players:Expansion2_Players::LEADER_GENGHIS_KHAN,Players:Expansion2_Players::LEADER_TOKUGAWA,Players:Expansion2_Players::LEADER_THEODORA,Players:Expansion2_Players::LEADER_DIDO,Players:Expansion2_Players::LEADER_JAYAVARMAN,Players:Expansion2_Players::LEADER_NZINGA_MBANDE,Players:Expansion2_Players::LEADER_PHILIP_II,Players:Expansion2_Players::LEADER_PHILIP_II_INLAND,Players:Expansion2_Players::LEADER_BARBAROSSA,Players:Expansion2_Players::LEADER_GANDHI,Players:Expansion2_Players::LEADER_GORGO,Players:Expansion2_Players::LEADER_HARDRADA,Players:Expansion2_Players::LEADER_HARALD_ALT,Players:Expansion2_Players::LEADER_HAMMURABI,Players:Expansion2_Players::LEADER_KUBLAI_KHAN_MONGOLIA,Players:Expansion2_Players::LEADER_KUBLAI_KHAN_CHINA,Players:Expansion2_Players::LEADER_GILGAMESH,Players:Expansion2_Players::LEADER_CYRUS,Players:Expansion2_Players::LEADER_CATHERINE_DE_MEDICI,Players:Expansion2_Players::LEADER_CATHERINE_DE_MEDICI_ALT,Players:Expansion2_Players::LEADER_KRISTINA,Players:Expansion2_Players::LEADER_CLEOPATRA,Players:Expansion2_Players::LEADER_CLEOPATRA_ALT,Players:Expansion2_Players::LEADER_KUPE,Players:Expansion2_Players::LEADER_RAMSES,Players:Expansion2_Players::LEADER_LAUTARO,Players:Expansion2_Players::LEADER_LADY_SIX_SKY,Players:Expansion2_Players::LEADER_LUDWIG,Players:Expansion2_Players::LEADER_ROBERT_THE_BRUCE,Players:Expansion2_Players::LEADER_MANSA_MUSA,Players:Expansion2_Players::LEADER_MONTEZUMA,Players:Expansion2_Players::LEADER_MENELIK,Players:Expansion2_Players::LEADER_MVEMBA,Players:Expansion2_Players::LEADER_NADER_SHAH,Players:Expansion2_Players::LEADER_PACHACUTI,Players:Expansion2_Players::LEADER_POUNDMAKER,Players:Expansion2_Players::LEADER_PEDRO,Players:Expansion2_Players::LEADER_SHAKA,Players:Expansion2_Players::LEADER_QIN_ALT,Players:Expansion2_Players::LEADER_QIN,Players:Expansion2_Players::LEADER_JOAO_III,Players:Expansion2_Players::LEADER_SALADIN_ALT,Players:Expansion2_Players::LEADER_SALADIN,Players:Expansion2_Players::LEADER_SEONDEOK,Players:Expansion2_Players::LEADER_SEJONG,Players:Expansion2_Players::LEADER_SUNDIATA_KEITA,Players:Expansion2_Players::LEADER_SULEIMAN_ALT,Players:Expansion2_Players::LEADER_SULEIMAN,Players:Expansion2_Players::LEADER_TAMAR,Players:Expansion2_Players::LEADER_T_ROOSEVELT,Players:Expansion2_Players::LEADER_GITARJA,Players:Expansion2_Players::LEADER_TRAJAN,Players:Expansion2_Players::LEADER_TOMYRIS,Players:Expansion2_Players::LEADER_LAURIER,Players:Expansion2_Players::LEADER_WILHELMINA,Players:Expansion2_Players::LEADER_WILHELMINA_INLAND,Players:Expansion2_Players::LEADER_VICTORIA,Players:Expansion2_Players::LEADER_VICTORIA_ALT,Players:Expansion2_Players::LEADER_WU_ZETIAN,Players:Expansion2_Players::LEADER_SIMON_BOLIVAR,Players:Expansion2_Players::LEADER_MATTHIAS_CORVINUS,Players:Expansion2_Players::LEADER_JADWIGA,Players:Expansion2_Players::LEADER_ABRAHAM_LINCOLN,Players:Expansion2_Players::LEADER_ALEXANDER,Players:Expansion2_Players::LEADER_ELIZABETH,Players:Expansion2_Players::LEADER_YONGLE,Players:Expansion2_Players::LEADER_JOHN_CURTIN,Players:Expansion2_Players::LEADER_CHANDRAGUPTA,Players:Expansion2_Players::LEADER_LADY_TRIEU
Config CONFIGURATION_PLAYER, Key LEADER_VALUE_DOMAIN (0xcdbd103d), subtype 3, changed to Players:*
Config CONFIGURATION_PLAYER, Key LEADER_NAME (0xf043351a), subtype 0, changed to null
Config CONFIGURATION_PLAYER, Key LEADER_TYPE_NAME (0xe8cd5e5f), subtype 0, changed to null
Config CONFIGURATION_PLAYER, Key LEADER_RANDOM_POOL_ID (0x402bf356), subtype 0, changed to 0x00000000
Config CONFIGURATION_PLAYER, Key LEADER_RANDOM_POOL_ID (0x402bf356), subtype 0, changed to 0
Config CONFIGURATION_PLAYER, Key LEADER_DOMAIN (0x4fe363bb), subtype 0, changed to Players:Expansion2_Players
Config CONFIGURATION_PLAYER, Key LEADER_VALUES (0xd2ed3156), subtype 0, changed to Players:*::RANDOM,Players:*::RANDOM_POOL1,Players:*::RANDOM_POOL2,Players:Expansion2_Players::LEADER_ELEANOR_FRANCE,Players:Expansion2_Players::LEADER_ELEANOR_ENGLAND,Players:Expansion2_Players::LEADER_AMBIORIX,Players:Expansion2_Players::LEADER_BASIL,Players:Expansion2_Players::LEADER_HOJO,Players:Expansion2_Players::LEADER_HOJO_INLAND,Players:Expansion2_Players::LEADER_PETER_GREAT,Players:Expansion2_Players::LEADER_PERICLES,Players:Expansion2_Players::LEADER_GENGHIS_KHAN,Players:Expansion2_Players::LEADER_TOKUGAWA,Players:Expansion2_Players::LEADER_THEODORA,Players:Expansion2_Players::LEADER_DIDO,Players:Expansion2_Players::LEADER_JAYAVARMAN,Players:Expansion2_Players::LEADER_NZINGA_MBANDE,Players:Expansion2_Players::LEADER_PHILIP_II,Players:Expansion2_Players::LEADER_PHILIP_II_INLAND,Players:Expansion2_Players::LEADER_BARBAROSSA,Players:Expansion2_Players::LEADER_GANDHI,Players:Expansion2_Players::LEADER_GORGO,Players:Expansion2_Players::LEADER_HARDRADA,Players:Expansion2_Players::LEADER_HARALD_ALT,Players:Expansion2_Players::LEADER_HAMMURABI,Players:Expansion2_Players::LEADER_KUBLAI_KHAN_MONGOLIA,Players:Expansion2_Players::LEADER_KUBLAI_KHAN_CHINA,Players:Expansion2_Players::LEADER_GILGAMESH,Players:Expansion2_Players::LEADER_CYRUS,Players:Expansion2_Players::LEADER_CATHERINE_DE_MEDICI,Players:Expansion2_Players::LEADER_CATHERINE_DE_MEDICI_ALT,Players:Expansion2_Players::LEADER_KRISTINA,Players:Expansion2_Players::LEADER_CLEOPATRA,Players:Expansion2_Players::LEADER_CLEOPATRA_ALT,Players:Expansion2_Players::LEADER_KUPE,Players:Expansion2_Players::LEADER_RAMSES,Players:Expansion2_Players::LEADER_LAUTARO,Players:Expansion2_Players::LEADER_LADY_SIX_SKY,Players:Expansion2_Players::LEADER_LUDWIG,Players:Expansion2_Players::LEADER_ROBERT_THE_BRUCE,Players:Expansion2_Players::LEADER_MANSA_MUSA,Players:Expansion2_Players::LEADER_MONTEZUMA,Players:Expansion2_Players::LEADER_MENELIK,Players:Expansion2_Players::LEADER_MVEMBA,Players:Expansion2_Players::LEADER_NADER_SHAH,Players:Expansion2_Players::LEADER_PACHACUTI,Players:Expansion2_Players::LEADER_POUNDMAKER,Players:Expansion2_Players::LEADER_PEDRO,Players:Expansion2_Players::LEADER_SHAKA,Players:Expansion2_Players::LEADER_QIN_ALT,Players:Expansion2_Players::LEADER_QIN,Players:Expansion2_Players::LEADER_JOAO_III,Players:Expansion2_Players::LEADER_SALADIN_ALT,Players:Expansion2_Players::LEADER_SALADIN,Players:Expansion2_Players::LEADER_SEONDEOK,Players:Expansion2_Players::LEADER_SEJONG,Players:Expansion2_Players::LEADER_SUNDIATA_KEITA,Players:Expansion2_Players::LEADER_SULEIMAN_ALT,Players:Expansion2_Players::LEADER_SULEIMAN,Players:Expansion2_Players::LEADER_TAMAR,Players:Expansion2_Players::LEADER_T_ROOSEVELT,Players:Expansion2_Players::LEADER_GITARJA,Players:Expansion2_Players::LEADER_TRAJAN,Players:Expansion2_Players::LEADER_TOMYRIS,Players:Expansion2_Players::LEADER_LAURIER,Players:Expansion2_Players::LEADER_WILHELMINA,Players:Expansion2_Players::LEADER_WILHELMINA_INLAND,Players:Expansion2_Players::LEADER_VICTORIA,Players:Expansion2_Players::LEADER_VICTORIA_ALT,Players:Expansion2_Players::LEADER_WU_ZETIAN,Players:Expansion2_Players::LEADER_SIMON_BOLIVAR,Players:Expansion2_Players::LEADER_MATTHIAS_CORVINUS,Players:Expansion2_Players::LEADER_JADWIGA,Players:Expansion2_Players::LEADER_ABRAHAM_LINCOLN,Players:Expansion2_Players::LEADER_ALEXANDER,Players:Expansion2_Players::LEADER_ELIZABETH,Players:Expansion2_Players::LEADER_YONGLE,Players:Expansion2_Players::LEADER_JOHN_CURTIN,Players:Expansion2_Players::LEADER_CHANDRAGUPTA,Players:Expansion2_Players::LEADER_LADY_TRIEU
Config CONFIGURATION_PLAYER, Key LEADER_VALUE_DOMAIN (0xcdbd103d), subtype 0, changed to Players:*
Config CONFIGURATION_PLAYER, Key LEADER_NAME (0xf043351a), subtype 5, changed to null
Config CONFIGURATION_PLAYER, Key LEADER_TYPE_NAME (0xe8cd5e5f), subtype 5, changed to null
Config CONFIGURATION_PLAYER, Key LEADER_RANDOM_POOL_ID (0x402bf356), subtype 5, changed to 0x00000000
Config CONFIGURATION_PLAYER, Key LEADER_RANDOM_POOL_ID (0x402bf356), subtype 5, changed to 0
Config CONFIGURATION_PLAYER, Key LEADER_DOMAIN (0x4fe363bb), subtype 5, changed to Players:Expansion2_Players
Config CONFIGURATION_PLAYER, Key LEADER_VALUES (0xd2ed3156), subtype 5, changed to Players:*::RANDOM,Players:*::RANDOM_POOL1,Players:*::RANDOM_POOL2,Players:Expansion2_Players::LEADER_ELEANOR_FRANCE,Players:Expansion2_Players::LEADER_ELEANOR_ENGLAND,Players:Expansion2_Players::LEADER_AMBIORIX,Players:Expansion2_Players::LEADER_BASIL,Players:Expansion2_Players::LEADER_HOJO,Players:Expansion2_Players::LEADER_HOJO_INLAND,Players:Expansion2_Players::LEADER_PETER_GREAT,Players:Expansion2_Players::LEADER_PERICLES,Players:Expansion2_Players::LEADER_GENGHIS_KHAN,Players:Expansion2_Players::LEADER_TOKUGAWA,Players:Expansion2_Players::LEADER_THEODORA,Players:Expansion2_Players::LEADER_DIDO,Players:Expansion2_Players::LEADER_JAYAVARMAN,Players:Expansion2_Players::LEADER_NZINGA_MBANDE,Players:Expansion2_Players::LEADER_PHILIP_II,Players:Expansion2_Players::LEADER_PHILIP_II_INLAND,Players:Expansion2_Players::LEADER_BARBAROSSA,Players:Expansion2_Players::LEADER_GANDHI,Players:Expansion2_Players::LEADER_GORGO,Players:Expansion2_Players::LEADER_HARDRADA,Players:Expansion2_Players::LEADER_HARALD_ALT,Players:Expansion2_Players::LEADER_HAMMURABI,Players:Expansion2_Players::LEADER_KUBLAI_KHAN_MONGOLIA,Players:Expansion2_Players::LEADER_KUBLAI_KHAN_CHINA,Players:Expansion2_Players::LEADER_GILGAMESH,Players:Expansion2_Players::LEADER_CYRUS,Players:Expansion2_Players::LEADER_CATHERINE_DE_MEDICI,Players:Expansion2_Players::LEADER_CATHERINE_DE_MEDICI_ALT,Players:Expansion2_Players::LEADER_KRISTINA,Players:Expansion2_Players::LEADER_CLEOPATRA,Players:Expansion2_Players::LEADER_CLEOPATRA_ALT,Players:Expansion2_Players::LEADER_KUPE,Players:Expansion2_Players::LEADER_RAMSES,Players:Expansion2_Players::LEADER_LAUTARO,Players:Expansion2_Players::LEADER_LADY_SIX_SKY,Players:Expansion2_Players::LEADER_LUDWIG,Players:Expansion2_Players::LEADER_ROBERT_THE_BRUCE,Players:Expansion2_Players::LEADER_MANSA_MUSA,Players:Expansion2_Players::LEADER_MONTEZUMA,Players:Expansion2_Players::LEADER_MENELIK,Players:Expansion2_Players::LEADER_MVEMBA,Players:Expansion2_Players::LEADER_NADER_SHAH,Players:Expansion2_Players::LEADER_PACHACUTI,Players:Expansion2_Players::LEADER_POUNDMAKER,Players:Expansion2_Players::LEADER_PEDRO,Players:Expansion2_Players::LEADER_SHAKA,Players:Expansion2_Players::LEADER_QIN_ALT,Players:Expansion2_Players::LEADER_QIN,Players:Expansion2_Players::LEADER_JOAO_III,Players:Expansion2_Players::LEADER_SALADIN_ALT,Players:Expansion2_Players::LEADER_SALADIN,Players:Expansion2_Players::LEADER_SEONDEOK,Players:Expansion2_Players::LEADER_SEJONG,Players:Expansion2_Players::LEADER_SUNDIATA_KEITA,Players:Expansion2_Players::LEADER_SULEIMAN_ALT,Players:Expansion2_Players::LEADER_SULEIMAN,Players:Expansion2_Players::LEADER_TAMAR,Players:Expansion2_Players::LEADER_T_ROOSEVELT,Players:Expansion2_Players::LEADER_GITARJA,Players:Expansion2_Players::LEADER_TRAJAN,Players:Expansion2_Players::LEADER_TOMYRIS,Players:Expansion2_Players::LEADER_LAURIER,Players:Expansion2_Players::LEADER_WILHELMINA,Players:Expansion2_Players::LEADER_WILHELMINA_INLAND,Players:Expansion2_Players::LEADER_VICTORIA,Players:Expansion2_Players::LEADER_VICTORIA_ALT,Players:Expansion2_Players::LEADER_WU_ZETIAN,Players:Expansion2_Players::LEADER_SIMON_BOLIVAR,Players:Expansion2_Players::LEADER_MATTHIAS_CORVINUS,Players:Expansion2_Players::LEADER_JADWIGA,Players:Expansion2_Players::LEADER_ABRAHAM_LINCOLN,Players:Expansion2_Players::LEADER_ALEXANDER,Players:Expansion2_Players::LEADER_ELIZABETH,Players:Expansion2_Players::LEADER_YONGLE,Players:Expansion2_Players::LEADER_JOHN_CURTIN,Players:Expansion2_Players::LEADER_CHANDRAGUPTA,Players:Expansion2_Players::LEADER_LADY_TRIEU
Config CONFIGURATION_PLAYER, Key LEADER_VALUE_DOMAIN (0xcdbd103d), subtype 5, changed to Players:*
Config CONFIGURATION_PLAYER, Key LEADER_NAME (0xf043351a), subtype 6, changed to null
Config CONFIGURATION_PLAYER, Key LEADER_TYPE_NAME (0xe8cd5e5f), subtype 6, changed to null
Config CONFIGURATION_PLAYER, Key LEADER_RANDOM_POOL_ID (0x402bf356), subtype 6, changed to 0x00000000
Config CONFIGURATION_PLAYER, Key LEADER_RANDOM_POOL_ID (0x402bf356), subtype 6, changed to 0
Config CONFIGURATION_PLAYER, Key LEADER_DOMAIN (0x4fe363bb), subtype 6, changed to Players:Expansion2_Players
Config CONFIGURATION_PLAYER, Key LEADER_VALUES (0xd2ed3156), subtype 6, changed to Players:*::RANDOM,Players:*::RANDOM_POOL1,Players:*::RANDOM_POOL2,Players:Expansion2_Players::LEADER_ELEANOR_FRANCE,Players:Expansion2_Players::LEADER_ELEANOR_ENGLAND,Players:Expansion2_Players::LEADER_AMBIORIX,Players:Expansion2_Players::LEADER_BASIL,Players:Expansion2_Players::LEADER_HOJO,Players:Expansion2_Players::LEADER_HOJO_INLAND,Players:Expansion2_Players::LEADER_PETER_GREAT,Players:Expansion2_Players::LEADER_PERICLES,Players:Expansion2_Players::LEADER_GENGHIS_KHAN,Players:Expansion2_Players::LEADER_TOKUGAWA,Players:Expansion2_Players::LEADER_THEODORA,Players:Expansion2_Players::LEADER_DIDO,Players:Expansion2_Players::LEADER_JAYAVARMAN,Players:Expansion2_Players::LEADER_NZINGA_MBANDE,Players:Expansion2_Players::LEADER_PHILIP_II,Players:Expansion2_Players::LEADER_PHILIP_II_INLAND,Players:Expansion2_Players::LEADER_BARBAROSSA,Players:Expansion2_Players::LEADER_GANDHI,Players:Expansion2_Players::LEADER_GORGO,Players:Expansion2_Players::LEADER_HARDRADA,Players:Expansion2_Players::LEADER_HARALD_ALT,Players:Expansion2_Players::LEADER_HAMMURABI,Players:Expansion2_Players::LEADER_KUBLAI_KHAN_MONGOLIA,Players:Expansion2_Players::LEADER_KUBLAI_KHAN_CHINA,Players:Expansion2_Players::LEADER_GILGAMESH,Players:Expansion2_Players::LEADER_CYRUS,Players:Expansion2_Players::LEADER_CATHERINE_DE_MEDICI,Players:Expansion2_Players::LEADER_CATHERINE_DE_MEDICI_ALT,Players:Expansion2_Players::LEADER_KRISTINA,Players:Expansion2_Players::LEADER_CLEOPATRA,Players:Expansion2_Players::LEADER_CLEOPATRA_ALT,Players:Expansion2_Players::LEADER_KUPE,Players:Expansion2_Players::LEADER_RAMSES,Players:Expansion2_Players::LEADER_LAUTARO,Players:Expansion2_Players::LEADER_LADY_SIX_SKY,Players:Expansion2_Players::LEADER_LUDWIG,Players:Expansion2_Players::LEADER_ROBERT_THE_BRUCE,Players:Expansion2_Players::LEADER_MANSA_MUSA,Players:Expansion2_Players::LEADER_MONTEZUMA,Players:Expansion2_Players::LEADER_MENELIK,Players:Expansion2_Players::LEADER_MVEMBA,Players:Expansion2_Players::LEADER_NADER_SHAH,Players:Expansion2_Players::LEADER_PACHACUTI,Players:Expansion2_Players::LEADER_POUNDMAKER,Players:Expansion2_Players::LEADER_PEDRO,Players:Expansion2_Players::LEADER_SHAKA,Players:Expansion2_Players::LEADER_QIN_ALT,Players:Expansion2_Players::LEADER_QIN,Players:Expansion2_Players::LEADER_JOAO_III,Players:Expansion2_Players::LEADER_SALADIN_ALT,Players:Expansion2_Players::LEADER_SALADIN,Players:Expansion2_Players::LEADER_SEONDEOK,Players:Expansion2_Players::LEADER_SEJONG,Players:Expansion2_Players::LEADER_SUNDIATA_KEITA,Players:Expansion2_Players::LEADER_SULEIMAN_ALT,Players:Expansion2_Players::LEADER_SULEIMAN,Players:Expansion2_Players::LEADER_TAMAR,Players:Expansion2_Players::LEADER_T_ROOSEVELT,Players:Expansion2_Players::LEADER_GITARJA,Players:Expansion2_Players::LEADER_TRAJAN,Players:Expansion2_Players::LEADER_TOMYRIS,Players:Expansion2_Players::LEADER_LAURIER,Players:Expansion2_Players::LEADER_WILHELMINA,Players:Expansion2_Players::LEADER_WILHELMINA_INLAND,Players:Expansion2_Players::LEADER_VICTORIA,Players:Expansion2_Players::LEADER_VICTORIA_ALT,Players:Expansion2_Players::LEADER_WU_ZETIAN,Players:Expansion2_Players::LEADER_SIMON_BOLIVAR,Players:Expansion2_Players::LEADER_MATTHIAS_CORVINUS,Players:Expansion2_Players::LEADER_JADWIGA,Players:Expansion2_Players::LEADER_ABRAHAM_LINCOLN,Players:Expansion2_Players::LEADER_ALEXANDER,Players:Expansion2_Players::LEADER_ELIZABETH,Players:Expansion2_Players::LEADER_YONGLE,Players:Expansion2_Players::LEADER_JOHN_CURTIN,Players:Expansion2_Players::LEADER_CHANDRAGUPTA,Players:Expansion2_Players::LEADER_LADY_TRIEU
Config CONFIGURATION_PLAYER, Key LEADER_VALUE_DOMAIN (0xcdbd103d), subtype 6, changed to Players:*
Config CONFIGURATION_PLAYER, Key LEADER_NAME (0xf043351a), subtype 7, changed to null
Config CONFIGURATION_PLAYER, Key LEADER_TYPE_NAME (0xe8cd5e5f), subtype 7, changed to null
Config CONFIGURATION_PLAYER, Key LEADER_RANDOM_POOL_ID (0x402bf356), subtype 7, changed to 0x00000000
Config CONFIGURATION_PLAYER, Key LEADER_RANDOM_POOL_ID (0x402bf356), subtype 7, changed to 0
Config CONFIGURATION_PLAYER, Key LEADER_DOMAIN (0x4fe363bb), subtype 7, changed to Players:Expansion2_Players
Config CONFIGURATION_PLAYER, Key LEADER_VALUES (0xd2ed3156), subtype 7, changed to Players:*::RANDOM,Players:*::RANDOM_POOL1,Players:*::RANDOM_POOL2,Players:Expansion2_Players::LEADER_ELEANOR_FRANCE,Players:Expansion2_Players::LEADER_ELEANOR_ENGLAND,Players:Expansion2_Players::LEADER_AMBIORIX,Players:Expansion2_Players::LEADER_BASIL,Players:Expansion2_Players::LEADER_HOJO,Players:Expansion2_Players::LEADER_HOJO_INLAND,Players:Expansion2_Players::LEADER_PETER_GREAT,Players:Expansion2_Players::LEADER_PERICLES,Players:Expansion2_Players::LEADER_GENGHIS_KHAN,Players:Expansion2_Players::LEADER_TOKUGAWA,Players:Expansion2_Players::LEADER_THEODORA,Players:Expansion2_Players::LEADER_DIDO,Players:Expansion2_Players::LEADER_JAYAVARMAN,Players:Expansion2_Players::LEADER_NZINGA_MBANDE,Players:Expansion2_Players::LEADER_PHILIP_II,Players:Expansion2_Players::LEADER_PHILIP_II_INLAND,Players:Expansion2_Players::LEADER_BARBAROSSA,Players:Expansion2_Players::LEADER_GANDHI,Players:Expansion2_Players::LEADER_GORGO,Players:Expansion2_Players::LEADER_HARDRADA,Players:Expansion2_Players::LEADER_HARALD_ALT,Players:Expansion2_Players::LEADER_HAMMURABI,Players:Expansion2_Players::LEADER_KUBLAI_KHAN_MONGOLIA,Players:Expansion2_Players::LEADER_KUBLAI_KHAN_CHINA,Players:Expansion2_Players::LEADER_GILGAMESH,Players:Expansion2_Players::LEADER_CYRUS,Players:Expansion2_Players::LEADER_CATHERINE_DE_MEDICI,Players:Expansion2_Players::LEADER_CATHERINE_DE_MEDICI_ALT,Players:Expansion2_Players::LEADER_KRISTINA,Players:Expansion2_Players::LEADER_CLEOPATRA,Players:Expansion2_Players::LEADER_CLEOPATRA_ALT,Players:Expansion2_Players::LEADER_KUPE,Players:Expansion2_Players::LEADER_RAMSES,Players:Expansion2_Players::LEADER_LAUTARO,Players:Expansion2_Players::LEADER_LADY_SIX_SKY,Players:Expansion2_Players::LEADER_LUDWIG,Players:Expansion2_Players::LEADER_ROBERT_THE_BRUCE,Players:Expansion2_Players::LEADER_MANSA_MUSA,Players:Expansion2_Players::LEADER_MONTEZUMA,Players:Expansion2_Players::LEADER_MENELIK,Players:Expansion2_Players::LEADER_MVEMBA,Players:Expansion2_Players::LEADER_NADER_SHAH,Players:Expansion2_Players::LEADER_PACHACUTI,Players:Expansion2_Players::LEADER_POUNDMAKER,Players:Expansion2_Players::LEADER_PEDRO,Players:Expansion2_Players::LEADER_SHAKA,Players:Expansion2_Players::LEADER_QIN_ALT,Players:Expansion2_Players::LEADER_QIN,Players:Expansion2_Players::LEADER_JOAO_III,Players:Expansion2_Players::LEADER_SALADIN_ALT,Players:Expansion2_Players::LEADER_SALADIN,Players:Expansion2_Players::LEADER_SEONDEOK,Players:Expansion2_Players::LEADER_SEJONG,Players:Expansion2_Players::LEADER_SUNDIATA_KEITA,Players:Expansion2_Players::LEADER_SULEIMAN_ALT,Players:Expansion2_Players::LEADER_SULEIMAN,Players:Expansion2_Players::LEADER_TAMAR,Players:Expansion2_Players::LEADER_T_ROOSEVELT,Players:Expansion2_Players::LEADER_GITARJA,Players:Expansion2_Players::LEADER_TRAJAN,Players:Expansion2_Players::LEADER_TOMYRIS,Players:Expansion2_Players::LEADER_LAURIER,Players:Expansion2_Players::LEADER_WILHELMINA,Players:Expansion2_Players::LEADER_WILHELMINA_INLAND,Players:Expansion2_Players::LEADER_VICTORIA,Players:Expansion2_Players::LEADER_VICTORIA_ALT,Players:Expansion2_Players::LEADER_WU_ZETIAN,Players:Expansion2_Players::LEADER_SIMON_BOLIVAR,Players:Expansion2_Players::LEADER_MATTHIAS_CORVINUS,Players:Expansion2_Players::LEADER_JADWIGA,Players:Expansion2_Players::LEADER_ABRAHAM_LINCOLN,Players:Expansion2_Players::LEADER_ALEXANDER,Players:Expansion2_Players::LEADER_ELIZABETH,Players:Expansion2_Players::LEADER_YONGLE,Players:Expansion2_Players::LEADER_JOHN_CURTIN,Players:Expansion2_Players::LEADER_CHANDRAGUPTA,Players:Expansion2_Players::LEADER_LADY_TRIEU
Config CONFIGURATION_PLAYER, Key LEADER_VALUE_DOMAIN (0xcdbd103d), subtype 7, changed to Players:*
Config CONFIGURATION_PLAYER, Key LEADER_NAME (0xf043351a), subtype 8, changed to null
Config CONFIGURATION_PLAYER, Key LEADER_TYPE_NAME (0xe8cd5e5f), subtype 8, changed to null
Config CONFIGURATION_PLAYER, Key LEADER_RANDOM_POOL_ID (0x402bf356), subtype 8, changed to 0x00000000
Config CONFIGURATION_PLAYER, Key LEADER_RANDOM_POOL_ID (0x402bf356), subtype 8, changed to 0
Config CONFIGURATION_PLAYER, Key LEADER_DOMAIN (0x4fe363bb), subtype 8, changed to Players:Expansion2_Players
Config CONFIGURATION_PLAYER, Key LEADER_VALUES (0xd2ed3156), subtype 8, changed to Players:*::RANDOM,Players:*::RANDOM_POOL1,Players:*::RANDOM_POOL2,Players:Expansion2_Players::LEADER_ELEANOR_FRANCE,Players:Expansion2_Players::LEADER_ELEANOR_ENGLAND,Players:Expansion2_Players::LEADER_AMBIORIX,Players:Expansion2_Players::LEADER_BASIL,Players:Expansion2_Players::LEADER_HOJO,Players:Expansion2_Players::LEADER_HOJO_INLAND,Players:Expansion2_Players::LEADER_PETER_GREAT,Players:Expansion2_Players::LEADER_PERICLES,Players:Expansion2_Players::LEADER_GENGHIS_KHAN,Players:Expansion2_Players::LEADER_TOKUGAWA,Players:Expansion2_Players::LEADER_THEODORA,Players:Expansion2_Players::LEADER_DIDO,Players:Expansion2_Players::LEADER_JAYAVARMAN,Players:Expansion2_Players::LEADER_NZINGA_MBANDE,Players:Expansion2_Players::LEADER_PHILIP_II,Players:Expansion2_Players::LEADER_PHILIP_II_INLAND,Players:Expansion2_Players::LEADER_BARBAROSSA,Players:Expansion2_Players::LEADER_GANDHI,Players:Expansion2_Players::LEADER_GORGO,Players:Expansion2_Players::LEADER_HARDRADA,Players:Expansion2_Players::LEADER_HARALD_ALT,Players:Expansion2_Players::LEADER_HAMMURABI,Players:Expansion2_Players::LEADER_KUBLAI_KHAN_MONGOLIA,Players:Expansion2_Players::LEADER_KUBLAI_KHAN_CHINA,Players:Expansion2_Players::LEADER_GILGAMESH,Players:Expansion2_Players::LEADER_CYRUS,Players:Expansion2_Players::LEADER_CATHERINE_DE_MEDICI,Players:Expansion2_Players::LEADER_CATHERINE_DE_MEDICI_ALT,Players:Expansion2_Players::LEADER_KRISTINA,Players:Expansion2_Players::LEADER_CLEOPATRA,Players:Expansion2_Players::LEADER_CLEOPATRA_ALT,Players:Expansion2_Players::LEADER_KUPE,Players:Expansion2_Players::LEADER_RAMSES,Players:Expansion2_Players::LEADER_LAUTARO,Players:Expansion2_Players::LEADER_LADY_SIX_SKY,Players:Expansion2_Players::LEADER_LUDWIG,Players:Expansion2_Players::LEADER_ROBERT_THE_BRUCE,Players:Expansion2_Players::LEADER_MANSA_MUSA,Players:Expansion2_Players::LEADER_MONTEZUMA,Players:Expansion2_Players::LEADER_MENELIK,Players:Expansion2_Players::LEADER_MVEMBA,Players:Expansion2_Players::LEADER_NADER_SHAH,Players:Expansion2_Players::LEADER_PACHACUTI,Players:Expansion2_Players::LEADER_POUNDMAKER,Players:Expansion2_Players::LEADER_PEDRO,Players:Expansion2_Players::LEADER_SHAKA,Players:Expansion2_Players::LEADER_QIN_ALT,Players:Expansion2_Players::LEADER_QIN,Players:Expansion2_Players::LEADER_JOAO_III,Players:Expansion2_Players::LEADER_SALADIN_ALT,Players:Expansion2_Players::LEADER_SALADIN,Players:Expansion2_Players::LEADER_SEONDEOK,Players:Expansion2_Players::LEADER_SEJONG,Players:Expansion2_Players::LEADER_SUNDIATA_KEITA,Players:Expansion2_Players::LEADER_SULEIMAN_ALT,Players:Expansion2_Players::LEADER_SULEIMAN,Players:Expansion2_Players::LEADER_TAMAR,Players:Expansion2_Players::LEADER_T_ROOSEVELT,Players:Expansion2_Players::LEADER_GITARJA,Players:Expansion2_Players::LEADER_TRAJAN,Players:Expansion2_Players::LEADER_TOMYRIS,Players:Expansion2_Players::LEADER_LAURIER,Players:Expansion2_Players::LEADER_WILHELMINA,Players:Expansion2_Players::LEADER_WILHELMINA_INLAND,Players:Expansion2_Players::LEADER_VICTORIA,Players:Expansion2_Players::LEADER_VICTORIA_ALT,Players:Expansion2_Players::LEADER_WU_ZETIAN,Players:Expansion2_Players::LEADER_SIMON_BOLIVAR,Players:Expansion2_Players::LEADER_MATTHIAS_CORVINUS,Players:Expansion2_Players::LEADER_JADWIGA,Players:Expansion2_Players::LEADER_ABRAHAM_LINCOLN,Players:Expansion2_Players::LEADER_ALEXANDER,Players:Expansion2_Players::LEADER_ELIZABETH,Players:Expansion2_Players::LEADER_YONGLE,Players:Expansion2_Players::LEADER_JOHN_CURTIN,Players:Expansion2_Players::LEADER_CHANDRAGUPTA,Players:Expansion2_Players::LEADER_LADY_TRIEU
Config CONFIGURATION_PLAYER, Key LEADER_VALUE_DOMAIN (0xcdbd103d), subtype 8, changed to Players:*
Config CONFIGURATION_PLAYER, Key LEADER_NAME (0xf043351a), subtype 9, changed to null
Config CONFIGURATION_PLAYER, Key LEADER_TYPE_NAME (0xe8cd5e5f), subtype 9, changed to null
Config CONFIGURATION_PLAYER, Key LEADER_RANDOM_POOL_ID (0x402bf356), subtype 9, changed to 0x00000000
Config CONFIGURATION_PLAYER, Key LEADER_RANDOM_POOL_ID (0x402bf356), subtype 9, changed to 0
Config CONFIGURATION_PLAYER, Key LEADER_DOMAIN (0x4fe363bb), subtype 9, changed to Players:Expansion2_Players
Config CONFIGURATION_PLAYER, Key LEADER_VALUES (0xd2ed3156), subtype 9, changed to Players:*::RANDOM,Players:*::RANDOM_POOL1,Players:*::RANDOM_POOL2,Players:Expansion2_Players::LEADER_ELEANOR_FRANCE,Players:Expansion2_Players::LEADER_ELEANOR_ENGLAND,Players:Expansion2_Players::LEADER_AMBIORIX,Players:Expansion2_Players::LEADER_BASIL,Players:Expansion2_Players::LEADER_HOJO,Players:Expansion2_Players::LEADER_HOJO_INLAND,Players:Expansion2_Players::LEADER_PETER_GREAT,Players:Expansion2_Players::LEADER_PERICLES,Players:Expansion2_Players::LEADER_GENGHIS_KHAN,Players:Expansion2_Players::LEADER_TOKUGAWA,Players:Expansion2_Players::LEADER_THEODORA,Players:Expansion2_Players::LEADER_DIDO,Players:Expansion2_Players::LEADER_JAYAVARMAN,Players:Expansion2_Players::LEADER_NZINGA_MBANDE,Players:Expansion2_Players::LEADER_PHILIP_II,Players:Expansion2_Players::LEADER_PHILIP_II_INLAND,Players:Expansion2_Players::LEADER_BARBAROSSA,Players:Expansion2_Players::LEADER_GANDHI,Players:Expansion2_Players::LEADER_GORGO,Players:Expansion2_Players::LEADER_HARDRADA,Players:Expansion2_Players::LEADER_HARALD_ALT,Players:Expansion2_Players::LEADER_HAMMURABI,Players:Expansion2_Players::LEADER_KUBLAI_KHAN_MONGOLIA,Players:Expansion2_Players::LEADER_KUBLAI_KHAN_CHINA,Players:Expansion2_Players::LEADER_GILGAMESH,Players:Expansion2_Players::LEADER_CYRUS,Players:Expansion2_Players::LEADER_CATHERINE_DE_MEDICI,Players:Expansion2_Players::LEADER_CATHERINE_DE_MEDICI_ALT,Players:Expansion2_Players::LEADER_KRISTINA,Players:Expansion2_Players::LEADER_CLEOPATRA,Players:Expansion2_Players::LEADER_CLEOPATRA_ALT,Players:Expansion2_Players::LEADER_KUPE,Players:Expansion2_Players::LEADER_RAMSES,Players:Expansion2_Players::LEADER_LAUTARO,Players:Expansion2_Players::LEADER_LADY_SIX_SKY,Players:Expansion2_Players::LEADER_LUDWIG,Players:Expansion2_Players::LEADER_ROBERT_THE_BRUCE,Players:Expansion2_Players::LEADER_MANSA_MUSA,Players:Expansion2_Players::LEADER_MONTEZUMA,Players:Expansion2_Players::LEADER_MENELIK,Players:Expansion2_Players::LEADER_MVEMBA,Players:Expansion2_Players::LEADER_NADER_SHAH,Players:Expansion2_Players::LEADER_PACHACUTI,Players:Expansion2_Players::LEADER_POUNDMAKER,Players:Expansion2_Players::LEADER_PEDRO,Players:Expansion2_Players::LEADER_SHAKA,Players:Expansion2_Players::LEADER_QIN_ALT,Players:Expansion2_Players::LEADER_QIN,Players:Expansion2_Players::LEADER_JOAO_III,Players:Expansion2_Players::LEADER_SALADIN_ALT,Players:Expansion2_Players::LEADER_SALADIN,Players:Expansion2_Players::LEADER_SEONDEOK,Players:Expansion2_Players::LEADER_SEJONG,Players:Expansion2_Players::LEADER_SUNDIATA_KEITA,Players:Expansion2_Players::LEADER_SULEIMAN_ALT,Players:Expansion2_Players::LEADER_SULEIMAN,Players:Expansion2_Players::LEADER_TAMAR,Players:Expansion2_Players::LEADER_T_ROOSEVELT,Players:Expansion2_Players::LEADER_GITARJA,Players:Expansion2_Players::LEADER_TRAJAN,Players:Expansion2_Players::LEADER_TOMYRIS,Players:Expansion2_Players::LEADER_LAURIER,Players:Expansion2_Players::LEADER_WILHELMINA,Players:Expansion2_Players::LEADER_WILHELMINA_INLAND,Players:Expansion2_Players::LEADER_VICTORIA,Players:Expansion2_Players::LEADER_VICTORIA_ALT,Players:Expansion2_Players::LEADER_WU_ZETIAN,Players:Expansion2_Players::LEADER_SIMON_BOLIVAR,Players:Expansion2_Players::LEADER_MATTHIAS_CORVINUS,Players:Expansion2_Players::LEADER_JADWIGA,Players:Expansion2_Players::LEADER_ABRAHAM_LINCOLN,Players:Expansion2_Players::LEADER_ALEXANDER,Players:Expansion2_Players::LEADER_ELIZABETH,Players:Expansion2_Players::LEADER_YONGLE,Players:Expansion2_Players::LEADER_JOHN_CURTIN,Players:Expansion2_Players::LEADER_CHANDRAGUPTA,Players:Expansion2_Players::LEADER_LADY_TRIEU
Config CONFIGURATION_PLAYER, Key LEADER_VALUE_DOMAIN (0xcdbd103d), subtype 9, changed to Players:*
Config CONFIGURATION_PLAYER, Key NETWORK_NAME (0x8e72249a), subtype 3, changed to ZYL@76561199003168956
Config CONFIGURATION_PLAYER, Key NICK_NAME (0xdab96bfd), subtype 3, changed to ZYL
Config CONFIGURATION_PLAYER, Key NETWORK_NAME (0x8e72249a), subtype 0, changed to null
Config CONFIGURATION_PLAYER, Key NICK_NAME (0xdab96bfd), subtype 0, removed
Config CONFIGURATION_PLAYER, Key MOD_READY_STATUS (0xfc7b1f66), subtype 3, changed to true
Config CONFIGURATION_PLAYER, Key MOD_READY_STATUS (0xfc7b1f66), subtype 0, changed to false
Config CONFIGURATION_PLAYER, Key SLOT_STATUS (0xce42b995), subtype 3, changed to 3
Config CONFIGURATION_PLAYER, Key SLOT_STATUS (0xce42b995), subtype 0, changed to 1
Config CONFIGURATION_PLAYER, Key NETWORK_NAME (0x8e72249a), subtype 3, changed to Jerry@76561199005446447
Config CONFIGURATION_PLAYER, Key NICK_NAME (0xdab96bfd), subtype 3, changed to Jerry
Config CONFIGURATION_PLAYER, Key NETWORK_NAME (0x8e72249a), subtype 1, changed to Jerry@76561199005446447
Config CONFIGURATION_PLAYER, Key NICK_NAME (0xdab96bfd), subtype 1, changed to Jerry
Config CONFIGURATION_PLAYER, Key LEADER_NAME (0xf043351a), subtype 1, changed to null
Config CONFIGURATION_PLAYER, Key LEADER_TYPE_NAME (0xe8cd5e5f), subtype 1, changed to null
Config CONFIGURATION_PLAYER, Key LEADER_RANDOM_POOL_ID (0x402bf356), subtype 1, changed to 0x00000000
Config CONFIGURATION_PLAYER, Key LEADER_RANDOM_POOL_ID (0x402bf356), subtype 1, changed to 0
Config CONFIGURATION_PLAYER, Key LEADER_DOMAIN (0x4fe363bb), subtype 1, changed to Players:Expansion2_Players
Config CONFIGURATION_PLAYER, Key LEADER_VALUES (0xd2ed3156), subtype 1, changed to Players:*::RANDOM,Players:*::RANDOM_POOL1,Players:*::RANDOM_POOL2,Players:Expansion2_Players::LEADER_ELEANOR_FRANCE,Players:Expansion2_Players::LEADER_ELEANOR_ENGLAND,Players:Expansion2_Players::LEADER_AMBIORIX,Players:Expansion2_Players::LEADER_BASIL,Players:Expansion2_Players::LEADER_HOJO,Players:Expansion2_Players::LEADER_HOJO_INLAND,Players:Expansion2_Players::LEADER_PETER_GREAT,Players:Expansion2_Players::LEADER_PERICLES,Players:Expansion2_Players::LEADER_GENGHIS_KHAN,Players:Expansion2_Players::LEADER_TOKUGAWA,Players:Expansion2_Players::LEADER_THEODORA,Players:Expansion2_Players::LEADER_DIDO,Players:Expansion2_Players::LEADER_JAYAVARMAN,Players:Expansion2_Players::LEADER_NZINGA_MBANDE,Players:Expansion2_Players::LEADER_PHILIP_II,Players:Expansion2_Players::LEADER_PHILIP_II_INLAND,Players:Expansion2_Players::LEADER_BARBAROSSA,Players:Expansion2_Players::LEADER_GANDHI,Players:Expansion2_Players::LEADER_GORGO,Players:Expansion2_Players::LEADER_HARDRADA,Players:Expansion2_Players::LEADER_HARALD_ALT,Players:Expansion2_Players::LEADER_HAMMURABI,Players:Expansion2_Players::LEADER_KUBLAI_KHAN_MONGOLIA,Players:Expansion2_Players::LEADER_KUBLAI_KHAN_CHINA,Players:Expansion2_Players::LEADER_GILGAMESH,Players:Expansion2_Players::LEADER_CYRUS,Players:Expansion2_Players::LEADER_CATHERINE_DE_MEDICI,Players:Expansion2_Players::LEADER_CATHERINE_DE_MEDICI_ALT,Players:Expansion2_Players::LEADER_KRISTINA,Players:Expansion2_Players::LEADER_CLEOPATRA,Players:Expansion2_Players::LEADER_CLEOPATRA_ALT,Players:Expansion2_Players::LEADER_KUPE,Players:Expansion2_Players::LEADER_RAMSES,Players:Expansion2_Players::LEADER_LAUTARO,Players:Expansion2_Players::LEADER_LADY_SIX_SKY,Players:Expansion2_Players::LEADER_LUDWIG,Players:Expansion2_Players::LEADER_ROBERT_THE_BRUCE,Players:Expansion2_Players::LEADER_MANSA_MUSA,Players:Expansion2_Players::LEADER_MONTEZUMA,Players:Expansion2_Players::LEADER_MENELIK,Players:Expansion2_Players::LEADER_MVEMBA,Players:Expansion2_Players::LEADER_NADER_SHAH,Players:Expansion2_Players::LEADER_PACHACUTI,Players:Expansion2_Players::LEADER_POUNDMAKER,Players:Expansion2_Players::LEADER_PEDRO,Players:Expansion2_Players::LEADER_SHAKA,Players:Expansion2_Players::LEADER_QIN_ALT,Players:Expansion2_Players::LEADER_QIN,Players:Expansion2_Players::LEADER_JOAO_III,Players:Expansion2_Players::LEADER_SALADIN_ALT,Players:Expansion2_Players::LEADER_SALADIN,Players:Expansion2_Players::LEADER_SEONDEOK,Players:Expansion2_Players::LEADER_SEJONG,Players:Expansion2_Players::LEADER_SUNDIATA_KEITA,Players:Expansion2_Players::LEADER_SULEIMAN_ALT,Players:Expansion2_Players::LEADER_SULEIMAN,Players:Expansion2_Players::LEADER_TAMAR,Players:Expansion2_Players::LEADER_T_ROOSEVELT,Players:Expansion2_Players::LEADER_GITARJA,Players:Expansion2_Players::LEADER_TRAJAN,Players:Expansion2_Players::LEADER_TOMYRIS,Players:Expansion2_Players::LEADER_LAURIER,Players:Expansion2_Players::LEADER_WILHELMINA,Players:Expansion2_Players::LEADER_WILHELMINA_INLAND,Players:Expansion2_Players::LEADER_VICTORIA,Players:Expansion2_Players::LEADER_VICTORIA_ALT,Players:Expansion2_Players::LEADER_WU_ZETIAN,Players:Expansion2_Players::LEADER_SIMON_BOLIVAR,Players:Expansion2_Players::LEADER_MATTHIAS_CORVINUS,Players:Expansion2_Players::LEADER_JADWIGA,Players:Expansion2_Players::LEADER_ABRAHAM_LINCOLN,Players:Expansion2_Players::LEADER_ALEXANDER,Players:Expansion2_Players::LEADER_ELIZABETH,Players:Expansion2_Players::LEADER_YONGLE,Players:Expansion2_Players::LEADER_JOHN_CURTIN,Players:Expansion2_Players::LEADER_CHANDRAGUPTA,Players:Expansion2_Players::LEADER_LADY_TRIEU
Config CONFIGURATION_PLAYER, Key LEADER_VALUE_DOMAIN (0xcdbd103d), subtype 1, changed to Players:*
Config CONFIGURATION_PLAYER, Key NICK_NAME (0xdab96bfd), subtype 1, changed to ZYL
Config CONFIGURATION_PLAYER, Key PLAYER_COLOR_ALTERNATE (0xcfaf60ef), subtype 1, changed to 0
Config CONFIGURATION_PLAYER, Key LEADER_NAME (0xf043351a), subtype 1, changed to LOC_LEADER_HAMMURABI_NAME
Config CONFIGURATION_PLAYER, Key LEADER_TYPE_NAME (0xe8cd5e5f), subtype 1, changed to LEADER_HAMMURABI
Config CONFIGURATION_PLAYER, Key LEADER_TYPE_ID (0xdfe4fcc7), subtype 1, changed to 0x396c1aa5
Config CONFIGURATION_PLAYER, Key LEADER_RANDOM_POOL_ID (0x402bf356), subtype 1, removed
Config CONFIGURATION_PLAYER, Key LEADER_DOMAIN (0x4fe363bb), subtype 1, changed to Players:Expansion2_Players
Config CONFIGURATION_PLAYER, Key LEADER_VALUES (0xd2ed3156), subtype 1, changed to Players:*::RANDOM,Players:*::RANDOM_POOL1,Players:*::RANDOM_POOL2,Players:Expansion2_Players::LEADER_ELEANOR_FRANCE,Players:Expansion2_Players::LEADER_ELEANOR_ENGLAND,Players:Expansion2_Players::LEADER_AMBIORIX,Players:Expansion2_Players::LEADER_BASIL,Players:Expansion2_Players::LEADER_HOJO,Players:Expansion2_Players::LEADER_HOJO_INLAND,Players:Expansion2_Players::LEADER_PETER_GREAT,Players:Expansion2_Players::LEADER_PERICLES,Players:Expansion2_Players::LEADER_GENGHIS_KHAN,Players:Expansion2_Players::LEADER_TOKUGAWA,Players:Expansion2_Players::LEADER_THEODORA,Players:Expansion2_Players::LEADER_DIDO,Players:Expansion2_Players::LEADER_JAYAVARMAN,Players:Expansion2_Players::LEADER_NZINGA_MBANDE,Players:Expansion2_Players::LEADER_PHILIP_II,Players:Expansion2_Players::LEADER_PHILIP_II_INLAND,Players:Expansion2_Players::LEADER_BARBAROSSA,Players:Expansion2_Players::LEADER_GANDHI,Players:Expansion2_Players::LEADER_GORGO,Players:Expansion2_Players::LEADER_HARDRADA,Players:Expansion2_Players::LEADER_HARALD_ALT,Players:Expansion2_Players::LEADER_HAMMURABI,Players:Expansion2_Players::LEADER_KUBLAI_KHAN_MONGOLIA,Players:Expansion2_Players::LEADER_KUBLAI_KHAN_CHINA,Players:Expansion2_Players::LEADER_GILGAMESH,Players:Expansion2_Players::LEADER_CYRUS,Players:Expansion2_Players::LEADER_CATHERINE_DE_MEDICI,Players:Expansion2_Players::LEADER_CATHERINE_DE_MEDICI_ALT,Players:Expansion2_Players::LEADER_KRISTINA,Players:Expansion2_Players::LEADER_CLEOPATRA,Players:Expansion2_Players::LEADER_CLEOPATRA_ALT,Players:Expansion2_Players::LEADER_KUPE,Players:Expansion2_Players::LEADER_RAMSES,Players:Expansion2_Players::LEADER_LAUTARO,Players:Expansion2_Players::LEADER_LADY_SIX_SKY,Players:Expansion2_Players::LEADER_LUDWIG,Players:Expansion2_Players::LEADER_ROBERT_THE_BRUCE,Players:Expansion2_Players::LEADER_MANSA_MUSA,Players:Expansion2_Players::LEADER_MONTEZUMA,Players:Expansion2_Players::LEADER_MENELIK,Players:Expansion2_Players::LEADER_MVEMBA,Players:Expansion2_Players::LEADER_NADER_SHAH,Players:Expansion2_Players::LEADER_PACHACUTI,Players:Expansion2_Players::LEADER_POUNDMAKER,Players:Expansion2_Players::LEADER_PEDRO,Players:Expansion2_Players::LEADER_SHAKA,Players:Expansion2_Players::LEADER_QIN_ALT,Players:Expansion2_Players::LEADER_QIN,Players:Expansion2_Players::LEADER_JOAO_III,Players:Expansion2_Players::LEADER_SALADIN_ALT,Players:Expansion2_Players::LEADER_SALADIN,Players:Expansion2_Players::LEADER_SEONDEOK,Players:Expansion2_Players::LEADER_SEJONG,Players:Expansion2_Players::LEADER_SUNDIATA_KEITA,Players:Expansion2_Players::LEADER_SULEIMAN_ALT,Players:Expansion2_Players::LEADER_SULEIMAN,Players:Expansion2_Players::LEADER_TAMAR,Players:Expansion2_Players::LEADER_T_ROOSEVELT,Players:Expansion2_Players::LEADER_GITARJA,Players:Expansion2_Players::LEADER_TRAJAN,Players:Expansion2_Players::LEADER_TOMYRIS,Players:Expansion2_Players::LEADER_LAURIER,Players:Expansion2_Players::LEADER_WILHELMINA,Players:Expansion2_Players::LEADER_WILHELMINA_INLAND,Players:Expansion2_Players::LEADER_VICTORIA,Players:Expansion2_Players::LEADER_VICTORIA_ALT,Players:Expansion2_Players::LEADER_WU_ZETIAN,Players:Expansion2_Players::LEADER_SIMON_BOLIVAR,Players:Expansion2_Players::LEADER_MATTHIAS_CORVINUS,Players:Expansion2_Players::LEADER_JADWIGA,Players:Expansion2_Players::LEADER_ABRAHAM_LINCOLN,Players:Expansion2_Players::LEADER_ALEXANDER,Players:Expansion2_Players::LEADER_ELIZABETH,Players:Expansion2_Players::LEADER_YONGLE,Players:Expansion2_Players::LEADER_JOHN_CURTIN,Players:Expansion2_Players::LEADER_CHANDRAGUPTA,Players:Expansion2_Players::LEADER_LADY_TRIEU
Config CONFIGURATION_PLAYER, Key LEADER_VALUE_DOMAIN (0xcdbd103d), subtype 1, changed to Players:Expansion2_Players
Config CONFIGURATION_PLAYER, Key CIVILIZATION_TYPE_NAME (0x9d5e5c2f), subtype 1, changed to CIVILIZATION_BABYLON_STK
Config CONFIGURATION_PLAYER, Key CIVILIZATION_TYPE_ID (0xc7d7515b), subtype 1, changed to 1770109778
Config CONFIGURATION_PLAYER, Key LEADER_NAME (0xf043351a), subtype 0, changed to null
Config CONFIGURATION_PLAYER, Key LEADER_TYPE_NAME (0xe8cd5e5f), subtype 0, changed to null
Config CONFIGURATION_PLAYER, Key LEADER_RANDOM_POOL_ID (0x402bf356), subtype 0, changed to 0x00000000
Config CONFIGURATION_PLAYER, Key LEADER_RANDOM_POOL_ID (0x402bf356), subtype 0, changed to 0
Config CONFIGURATION_PLAYER, Key LEADER_DOMAIN (0x4fe363bb), subtype 0, changed to Players:Expansion2_Players
Config CONFIGURATION_PLAYER, Key LEADER_VALUES (0xd2ed3156), subtype 0, changed to Players:*::RANDOM,Players:*::RANDOM_POOL1,Players:*::RANDOM_POOL2,Players:Expansion2_Players::LEADER_ELEANOR_FRANCE,Players:Expansion2_Players::LEADER_ELEANOR_ENGLAND,Players:Expansion2_Players::LEADER_AMBIORIX,Players:Expansion2_Players::LEADER_BASIL,Players:Expansion2_Players::LEADER_HOJO,Players:Expansion2_Players::LEADER_HOJO_INLAND,Players:Expansion2_Players::LEADER_PETER_GREAT,Players:Expansion2_Players::LEADER_PERICLES,Players:Expansion2_Players::LEADER_GENGHIS_KHAN,Players:Expansion2_Players::LEADER_TOKUGAWA,Players:Expansion2_Players::LEADER_THEODORA,Players:Expansion2_Players::LEADER_DIDO,Players:Expansion2_Players::LEADER_JAYAVARMAN,Players:Expansion2_Players::LEADER_NZINGA_MBANDE,Players:Expansion2_Players::LEADER_PHILIP_II,Players:Expansion2_Players::LEADER_PHILIP_II_INLAND,Players:Expansion2_Players::LEADER_BARBAROSSA,Players:Expansion2_Players::LEADER_GANDHI,Players:Expansion2_Players::LEADER_GORGO,Players:Expansion2_Players::LEADER_HARDRADA,Players:Expansion2_Players::LEADER_HARALD_ALT,Players:Expansion2_Players::LEADER_KUBLAI_KHAN_MONGOLIA,Players:Expansion2_Players::LEADER_KUBLAI_KHAN_CHINA,Players:Expansion2_Players::LEADER_GILGAMESH,Players:Expansion2_Players::LEADER_CYRUS,Players:Expansion2_Players::LEADER_CATHERINE_DE_MEDICI,Players:Expansion2_Players::LEADER_CATHERINE_DE_MEDICI_ALT,Players:Expansion2_Players::LEADER_KRISTINA,Players:Expansion2_Players::LEADER_CLEOPATRA,Players:Expansion2_Players::LEADER_CLEOPATRA_ALT,Players:Expansion2_Players::LEADER_KUPE,Players:Expansion2_Players::LEADER_RAMSES,Players:Expansion2_Players::LEADER_LAUTARO,Players:Expansion2_Players::LEADER_LADY_SIX_SKY,Players:Expansion2_Players::LEADER_LUDWIG,Players:Expansion2_Players::LEADER_ROBERT_THE_BRUCE,Players:Expansion2_Players::LEADER_MANSA_MUSA,Players:Expansion2_Players::LEADER_MONTEZUMA,Players:Expansion2_Players::LEADER_MENELIK,Players:Expansion2_Players::LEADER_MVEMBA,Players:Expansion2_Players::LEADER_NADER_SHAH,Players:Expansion2_Players::LEADER_PACHACUTI,Players:Expansion2_Players::LEADER_POUNDMAKER,Players:Expansion2_Players::LEADER_PEDRO,Players:Expansion2_Players::LEADER_SHAKA,Players:Expansion2_Players::LEADER_QIN_ALT,Players:Expansion2_Players::LEADER_QIN,Players:Expansion2_Players::LEADER_JOAO_III,Players:Expansion2_Players::LEADER_SALADIN_ALT,Players:Expansion2_Players::LEADER_SALADIN,Players:Expansion2_Players::LEADER_SEONDEOK,Players:Expansion2_Players::LEADER_SEJONG,Players:Expansion2_Players::LEADER_SUNDIATA_KEITA,Players:Expansion2_Players::LEADER_SULEIMAN_ALT,Players:Expansion2_Players::LEADER_SULEIMAN,Players:Expansion2_Players::LEADER_TAMAR,Players:Expansion2_Players::LEADER_T_ROOSEVELT,Players:Expansion2_Players::LEADER_GITARJA,Players:Expansion2_Players::LEADER_TRAJAN,Players:Expansion2_Players::LEADER_TOMYRIS,Players:Expansion2_Players::LEADER_LAURIER,Players:Expansion2_Players::LEADER_WILHELMINA,Players:Expansion2_Players::LEADER_WILHELMINA_INLAND,Players:Expansion2_Players::LEADER_VICTORIA,Players:Expansion2_Players::LEADER_VICTORIA_ALT,Players:Expansion2_Players::LEADER_WU_ZETIAN,Players:Expansion2_Players::LEADER_SIMON_BOLIVAR,Players:Expansion2_Players::LEADER_MATTHIAS_CORVINUS,Players:Expansion2_Players::LEADER_JADWIGA,Players:Expansion2_Players::LEADER_ABRAHAM_LINCOLN,Players:Expansion2_Players::LEADER_ALEXANDER,Players:Expansion2_Players::LEADER_ELIZABETH,Players:Expansion2_Players::LEADER_YONGLE,Players:Expansion2_Players::LEADER_JOHN_CURTIN,Players:Expansion2_Players::LEADER_CHANDRAGUPTA,Players:Expansion2_Players::LEADER_LADY_TRIEU
Config CONFIGURATION_PLAYER, Key LEADER_VALUE_DOMAIN (0xcdbd103d), subtype 0, changed to Players:*
Config CONFIGURATION_PLAYER, Key LEADER_NAME (0xf043351a), subtype 5, changed to null
Config CONFIGURATION_PLAYER, Key LEADER_TYPE_NAME (0xe8cd5e5f), subtype 5, changed to null
Config CONFIGURATION_PLAYER, Key LEADER_RANDOM_POOL_ID (0x402bf356), subtype 5, changed to 0x00000000
Config CONFIGURATION_PLAYER, Key LEADER_RANDOM_POOL_ID (0x402bf356), subtype 5, changed to 0
Config CONFIGURATION_PLAYER, Key LEADER_DOMAIN (0x4fe363bb), subtype 5, changed to Players:Expansion2_Players
Config CONFIGURATION_PLAYER, Key LEADER_VALUES (0xd2ed3156), subtype 5, changed to Players:*::RANDOM,Players:*::RANDOM_POOL1,Players:*::RANDOM_POOL2,Players:Expansion2_Players::LEADER_ELEANOR_FRANCE,Players:Expansion2_Players::LEADER_ELEANOR_ENGLAND,Players:Expansion2_Players::LEADER_AMBIORIX,Players:Expansion2_Players::LEADER_BASIL,Players:Expansion2_Players::LEADER_HOJO,Players:Expansion2_Players::LEADER_HOJO_INLAND,Players:Expansion2_Players::LEADER_PETER_GREAT,Players:Expansion2_Players::LEADER_PERICLES,Players:Expansion2_Players::LEADER_GENGHIS_KHAN,Players:Expansion2_Players::LEADER_TOKUGAWA,Players:Expansion2_Players::LEADER_THEODORA,Players:Expansion2_Players::LEADER_DIDO,Players:Expansion2_Players::LEADER_JAYAVARMAN,Players:Expansion2_Players::LEADER_NZINGA_MBANDE,Players:Expansion2_Players::LEADER_PHILIP_II,Players:Expansion2_Players::LEADER_PHILIP_II_INLAND,Players:Expansion2_Players::LEADER_BARBAROSSA,Players:Expansion2_Players::LEADER_GANDHI,Players:Expansion2_Players::LEADER_GORGO,Players:Expansion2_Players::LEADER_HARDRADA,Players:Expansion2_Players::LEADER_HARALD_ALT,Players:Expansion2_Players::LEADER_KUBLAI_KHAN_MONGOLIA,Players:Expansion2_Players::LEADER_KUBLAI_KHAN_CHINA,Players:Expansion2_Players::LEADER_GILGAMESH,Players:Expansion2_Players::LEADER_CYRUS,Players:Expansion2_Players::LEADER_CATHERINE_DE_MEDICI,Players:Expansion2_Players::LEADER_CATHERINE_DE_MEDICI_ALT,Players:Expansion2_Players::LEADER_KRISTINA,Players:Expansion2_Players::LEADER_CLEOPATRA,Players:Expansion2_Players::LEADER_CLEOPATRA_ALT,Players:Expansion2_Players::LEADER_KUPE,Players:Expansion2_Players::LEADER_RAMSES,Players:Expansion2_Players::LEADER_LAUTARO,Players:Expansion2_Players::LEADER_LADY_SIX_SKY,Players:Expansion2_Players::LEADER_LUDWIG,Players:Expansion2_Players::LEADER_ROBERT_THE_BRUCE,Players:Expansion2_Players::LEADER_MANSA_MUSA,Players:Expansion2_Players::LEADER_MONTEZUMA,Players:Expansion2_Players::LEADER_MENELIK,Players:Expansion2_Players::LEADER_MVEMBA,Players:Expansion2_Players::LEADER_NADER_SHAH,Players:Expansion2_Players::LEADER_PACHACUTI,Players:Expansion2_Players::LEADER_POUNDMAKER,Players:Expansion2_Players::LEADER_PEDRO,Players:Expansion2_Players::LEADER_SHAKA,Players:Expansion2_Players::LEADER_QIN_ALT,Players:Expansion2_Players::LEADER_QIN,Players:Expansion2_Players::LEADER_JOAO_III,Players:Expansion2_Players::LEADER_SALADIN_ALT,Players:Expansion2_Players::LEADER_SALADIN,Players:Expansion2_Players::LEADER_SEONDEOK,Players:Expansion2_Players::LEADER_SEJONG,Players:Expansion2_Players::LEADER_SUNDIATA_KEITA,Players:Expansion2_Players::LEADER_SULEIMAN_ALT,Players:Expansion2_Players::LEADER_SULEIMAN,Players:Expansion2_Players::LEADER_TAMAR,Players:Expansion2_Players::LEADER_T_ROOSEVELT,Players:Expansion2_Players::LEADER_GITARJA,Players:Expansion2_Players::LEADER_TRAJAN,Players:Expansion2_Players::LEADER_TOMYRIS,Players:Expansion2_Players::LEADER_LAURIER,Players:Expansion2_Players::LEADER_WILHELMINA,Players:Expansion2_Players::LEADER_WILHELMINA_INLAND,Players:Expansion2_Players::LEADER_VICTORIA,Players:Expansion2_Players::LEADER_VICTORIA_ALT,Players:Expansion2_Players::LEADER_WU_ZETIAN,Players:Expansion2_Players::LEADER_SIMON_BOLIVAR,Players:Expansion2_Players::LEADER_MATTHIAS_CORVINUS,Players:Expansion2_Players::LEADER_JADWIGA,Players:Expansion2_Players::LEADER_ABRAHAM_LINCOLN,Players:Expansion2_Players::LEADER_ALEXANDER,Players:Expansion2_Players::LEADER_ELIZABETH,Players:Expansion2_Players::LEADER_YONGLE,Players:Expansion2_Players::LEADER_JOHN_CURTIN,Players:Expansion2_Players::LEADER_CHANDRAGUPTA,Players:Expansion2_Players::LEADER_LADY_TRIEU
Config CONFIGURATION_PLAYER, Key LEADER_VALUE_DOMAIN (0xcdbd103d), subtype 5, changed to Players:*
Config CONFIGURATION_PLAYER, Key LEADER_NAME (0xf043351a), subtype 6, changed to null
Config CONFIGURATION_PLAYER, Key LEADER_TYPE_NAME (0xe8cd5e5f), subtype 6, changed to null
Config CONFIGURATION_PLAYER, Key LEADER_RANDOM_POOL_ID (0x402bf356), subtype 6, changed to 0x00000000
Config CONFIGURATION_PLAYER, Key LEADER_RANDOM_POOL_ID (0x402bf356), subtype 6, changed to 0
Config CONFIGURATION_PLAYER, Key LEADER_DOMAIN (0x4fe363bb), subtype 6, changed to Players:Expansion2_Players
Config CONFIGURATION_PLAYER, Key LEADER_VALUES (0xd2ed3156), subtype 6, changed to Players:*::RANDOM,Players:*::RANDOM_POOL1,Players:*::RANDOM_POOL2,Players:Expansion2_Players::LEADER_ELEANOR_FRANCE,Players:Expansion2_Players::LEADER_ELEANOR_ENGLAND,Players:Expansion2_Players::LEADER_AMBIORIX,Players:Expansion2_Players::LEADER_BASIL,Players:Expansion2_Players::LEADER_HOJO,Players:Expansion2_Players::LEADER_HOJO_INLAND,Players:Expansion2_Players::LEADER_PETER_GREAT,Players:Expansion2_Players::LEADER_PERICLES,Players:Expansion2_Players::LEADER_GENGHIS_KHAN,Players:Expansion2_Players::LEADER_TOKUGAWA,Players:Expansion2_Players::LEADER_THEODORA,Players:Expansion2_Players::LEADER_DIDO,Players:Expansion2_Players::LEADER_JAYAVARMAN,Players:Expansion2_Players::LEADER_NZINGA_MBANDE,Players:Expansion2_Players::LEADER_PHILIP_II,Players:Expansion2_Players::LEADER_PHILIP_II_INLAND,Players:Expansion2_Players::LEADER_BARBAROSSA,Players:Expansion2_Players::LEADER_GANDHI,Players:Expansion2_Players::LEADER_GORGO,Players:Expansion2_Players::LEADER_HARDRADA,Players:Expansion2_Players::LEADER_HARALD_ALT,Players:Expansion2_Players::LEADER_KUBLAI_KHAN_MONGOLIA,Players:Expansion2_Players::LEADER_KUBLAI_KHAN_CHINA,Players:Expansion2_Players::LEADER_GILGAMESH,Players:Expansion2_Players::LEADER_CYRUS,Players:Expansion2_Players::LEADER_CATHERINE_DE_MEDICI,Players:Expansion2_Players::LEADER_CATHERINE_DE_MEDICI_ALT,Players:Expansion2_Players::LEADER_KRISTINA,Players:Expansion2_Players::LEADER_CLEOPATRA,Players:Expansion2_Players::LEADER_CLEOPATRA_ALT,Players:Expansion2_Players::LEADER_KUPE,Players:Expansion2_Players::LEADER_RAMSES,Players:Expansion2_Players::LEADER_LAUTARO,Players:Expansion2_Players::LEADER_LADY_SIX_SKY,Players:Expansion2_Players::LEADER_LUDWIG,Players:Expansion2_Players::LEADER_ROBERT_THE_BRUCE,Players:Expansion2_Players::LEADER_MANSA_MUSA,Players:Expansion2_Players::LEADER_MONTEZUMA,Players:Expansion2_Players::LEADER_MENELIK,Players:Expansion2_Players::LEADER_MVEMBA,Players:Expansion2_Players::LEADER_NADER_SHAH,Players:Expansion2_Players::LEADER_PACHACUTI,Players:Expansion2_Players::LEADER_POUNDMAKER,Players:Expansion2_Players::LEADER_PEDRO,Players:Expansion2_Players::LEADER_SHAKA,Players:Expansion2_Players::LEADER_QIN_ALT,Players:Expansion2_Players::LEADER_QIN,Players:Expansion2_Players::LEADER_JOAO_III,Players:Expansion2_Players::LEADER_SALADIN_ALT,Players:Expansion2_Players::LEADER_SALADIN,Players:Expansion2_Players::LEADER_SEONDEOK,Players:Expansion2_Players::LEADER_SEJONG,Players:Expansion2_Players::LEADER_SUNDIATA_KEITA,Players:Expansion2_Players::LEADER_SULEIMAN_ALT,Players:Expansion2_Players::LEADER_SULEIMAN,Players:Expansion2_Players::LEADER_TAMAR,Players:Expansion2_Players::LEADER_T_ROOSEVELT,Players:Expansion2_Players::LEADER_GITARJA,Players:Expansion2_Players::LEADER_TRAJAN,Players:Expansion2_Players::LEADER_TOMYRIS,Players:Expansion2_Players::LEADER_LAURIER,Players:Expansion2_Players::LEADER_WILHELMINA,Players:Expansion2_Players::LEADER_WILHELMINA_INLAND,Players:Expansion2_Players::LEADER_VICTORIA,Players:Expansion2_Players::LEADER_VICTORIA_ALT,Players:Expansion2_Players::LEADER_WU_ZETIAN,Players:Expansion2_Players::LEADER_SIMON_BOLIVAR,Players:Expansion2_Players::LEADER_MATTHIAS_CORVINUS,Players:Expansion2_Players::LEADER_JADWIGA,Players:Expansion2_Players::LEADER_ABRAHAM_LINCOLN,Players:Expansion2_Players::LEADER_ALEXANDER,Players:Expansion2_Players::LEADER_ELIZABETH,Players:Expansion2_Players::LEADER_YONGLE,Players:Expansion2_Players::LEADER_JOHN_CURTIN,Players:Expansion2_Players::LEADER_CHANDRAGUPTA,Players:Expansion2_Players::LEADER_LADY_TRIEU
Config CONFIGURATION_PLAYER, Key LEADER_VALUE_DOMAIN (0xcdbd103d), subtype 6, changed to Players:*
Config CONFIGURATION_PLAYER, Key LEADER_NAME (0xf043351a), subtype 7, changed to null
Config CONFIGURATION_PLAYER, Key LEADER_TYPE_NAME (0xe8cd5e5f), subtype 7, changed to null
Config CONFIGURATION_PLAYER, Key LEADER_RANDOM_POOL_ID (0x402bf356), subtype 7, changed to 0x00000000
Config CONFIGURATION_PLAYER, Key LEADER_RANDOM_POOL_ID (0x402bf356), subtype 7, changed to 0
Config CONFIGURATION_PLAYER, Key LEADER_DOMAIN (0x4fe363bb), subtype 7, changed to Players:Expansion2_Players
Config CONFIGURATION_PLAYER, Key LEADER_VALUES (0xd2ed3156), subtype 7, changed to Players:*::RANDOM,Players:*::RANDOM_POOL1,Players:*::RANDOM_POOL2,Players:Expansion2_Players::LEADER_ELEANOR_FRANCE,Players:Expansion2_Players::LEADER_ELEANOR_ENGLAND,Players:Expansion2_Players::LEADER_AMBIORIX,Players:Expansion2_Players::LEADER_BASIL,Players:Expansion2_Players::LEADER_HOJO,Players:Expansion2_Players::LEADER_HOJO_INLAND,Players:Expansion2_Players::LEADER_PETER_GREAT,Players:Expansion2_Players::LEADER_PERICLES,Players:Expansion2_Players::LEADER_GENGHIS_KHAN,Players:Expansion2_Players::LEADER_TOKUGAWA,Players:Expansion2_Players::LEADER_THEODORA,Players:Expansion2_Players::LEADER_DIDO,Players:Expansion2_Players::LEADER_JAYAVARMAN,Players:Expansion2_Players::LEADER_NZINGA_MBANDE,Players:Expansion2_Players::LEADER_PHILIP_II,Players:Expansion2_Players::LEADER_PHILIP_II_INLAND,Players:Expansion2_Players::LEADER_BARBAROSSA,Players:Expansion2_Players::LEADER_GANDHI,Players:Expansion2_Players::LEADER_GORGO,Players:Expansion2_Players::LEADER_HARDRADA,Players:Expansion2_Players::LEADER_HARALD_ALT,Players:Expansion2_Players::LEADER_KUBLAI_KHAN_MONGOLIA,Players:Expansion2_Players::LEADER_KUBLAI_KHAN_CHINA,Players:Expansion2_Players::LEADER_GILGAMESH,Players:Expansion2_Players::LEADER_CYRUS,Players:Expansion2_Players::LEADER_CATHERINE_DE_MEDICI,Players:Expansion2_Players::LEADER_CATHERINE_DE_MEDICI_ALT,Players:Expansion2_Players::LEADER_KRISTINA,Players:Expansion2_Players::LEADER_CLEOPATRA,Players:Expansion2_Players::LEADER_CLEOPATRA_ALT,Players:Expansion2_Players::LEADER_KUPE,Players:Expansion2_Players::LEADER_RAMSES,Players:Expansion2_Players::LEADER_LAUTARO,Players:Expansion2_Players::LEADER_LADY_SIX_SKY,Players:Expansion2_Players::LEADER_LUDWIG,Players:Expansion2_Players::LEADER_ROBERT_THE_BRUCE,Players:Expansion2_Players::LEADER_MANSA_MUSA,Players:Expansion2_Players::LEADER_MONTEZUMA,Players:Expansion2_Players::LEADER_MENELIK,Players:Expansion2_Players::LEADER_MVEMBA,Players:Expansion2_Players::LEADER_NADER_SHAH,Players:Expansion2_Players::LEADER_PACHACUTI,Players:Expansion2_Players::LEADER_POUNDMAKER,Players:Expansion2_Players::LEADER_PEDRO,Players:Expansion2_Players::LEADER_SHAKA,Players:Expansion2_Players::LEADER_QIN_ALT,Players:Expansion2_Players::LEADER_QIN,Players:Expansion2_Players::LEADER_JOAO_III,Players:Expansion2_Players::LEADER_SALADIN_ALT,Players:Expansion2_Players::LEADER_SALADIN,Players:Expansion2_Players::LEADER_SEONDEOK,Players:Expansion2_Players::LEADER_SEJONG,Players:Expansion2_Players::LEADER_SUNDIATA_KEITA,Players:Expansion2_Players::LEADER_SULEIMAN_ALT,Players:Expansion2_Players::LEADER_SULEIMAN,Players:Expansion2_Players::LEADER_TAMAR,Players:Expansion2_Players::LEADER_T_ROOSEVELT,Players:Expansion2_Players::LEADER_GITARJA,Players:Expansion2_Players::LEADER_TRAJAN,Players:Expansion2_Players::LEADER_TOMYRIS,Players:Expansion2_Players::LEADER_LAURIER,Players:Expansion2_Players::LEADER_WILHELMINA,Players:Expansion2_Players::LEADER_WILHELMINA_INLAND,Players:Expansion2_Players::LEADER_VICTORIA,Players:Expansion2_Players::LEADER_VICTORIA_ALT,Players:Expansion2_Players::LEADER_WU_ZETIAN,Players:Expansion2_Players::LEADER_SIMON_BOLIVAR,Players:Expansion2_Players::LEADER_MATTHIAS_CORVINUS,Players:Expansion2_Players::LEADER_JADWIGA,Players:Expansion2_Players::LEADER_ABRAHAM_LINCOLN,Players:Expansion2_Players::LEADER_ALEXANDER,Players:Expansion2_Players::LEADER_ELIZABETH,Players:Expansion2_Players::LEADER_YONGLE,Players:Expansion2_Players::LEADER_JOHN_CURTIN,Players:Expansion2_Players::LEADER_CHANDRAGUPTA,Players:Expansion2_Players::LEADER_LADY_TRIEU
Config CONFIGURATION_PLAYER, Key LEADER_VALUE_DOMAIN (0xcdbd103d), subtype 7, changed to Players:*
Config CONFIGURATION_PLAYER, Key LEADER_NAME (0xf043351a), subtype 8, changed to null
Config CONFIGURATION_PLAYER, Key LEADER_TYPE_NAME (0xe8cd5e5f), subtype 8, changed to null
Config CONFIGURATION_PLAYER, Key LEADER_RANDOM_POOL_ID (0x402bf356), subtype 8, changed to 0x00000000
Config CONFIGURATION_PLAYER, Key LEADER_RANDOM_POOL_ID (0x402bf356), subtype 8, changed to 0
Config CONFIGURATION_PLAYER, Key LEADER_DOMAIN (0x4fe363bb), subtype 8, changed to Players:Expansion2_Players
Config CONFIGURATION_PLAYER, Key LEADER_VALUES (0xd2ed3156), subtype 8, changed to Players:*::RANDOM,Players:*::RANDOM_POOL1,Players:*::RANDOM_POOL2,Players:Expansion2_Players::LEADER_ELEANOR_FRANCE,Players:Expansion2_Players::LEADER_ELEANOR_ENGLAND,Players:Expansion2_Players::LEADER_AMBIORIX,Players:Expansion2_Players::LEADER_BASIL,Players:Expansion2_Players::LEADER_HOJO,Players:Expansion2_Players::LEADER_HOJO_INLAND,Players:Expansion2_Players::LEADER_PETER_GREAT,Players:Expansion2_Players::LEADER_PERICLES,Players:Expansion2_Players::LEADER_GENGHIS_KHAN,Players:Expansion2_Players::LEADER_TOKUGAWA,Players:Expansion2_Players::LEADER_THEODORA,Players:Expansion2_Players::LEADER_DIDO,Players:Expansion2_Players::LEADER_JAYAVARMAN,Players:Expansion2_Players::LEADER_NZINGA_MBANDE,Players:Expansion2_Players::LEADER_PHILIP_II,Players:Expansion2_Players::LEADER_PHILIP_II_INLAND,Players:Expansion2_Players::LEADER_BARBAROSSA,Players:Expansion2_Players::LEADER_GANDHI,Players:Expansion2_Players::LEADER_GORGO,Players:Expansion2_Players::LEADER_HARDRADA,Players:Expansion2_Players::LEADER_HARALD_ALT,Players:Expansion2_Players::LEADER_KUBLAI_KHAN_MONGOLIA,Players:Expansion2_Players::LEADER_KUBLAI_KHAN_CHINA,Players:Expansion2_Players::LEADER_GILGAMESH,Players:Expansion2_Players::LEADER_CYRUS,Players:Expansion2_Players::LEADER_CATHERINE_DE_MEDICI,Players:Expansion2_Players::LEADER_CATHERINE_DE_MEDICI_ALT,Players:Expansion2_Players::LEADER_KRISTINA,Players:Expansion2_Players::LEADER_CLEOPATRA,Players:Expansion2_Players::LEADER_CLEOPATRA_ALT,Players:Expansion2_Players::LEADER_KUPE,Players:Expansion2_Players::LEADER_RAMSES,Players:Expansion2_Players::LEADER_LAUTARO,Players:Expansion2_Players::LEADER_LADY_SIX_SKY,Players:Expansion2_Players::LEADER_LUDWIG,Players:Expansion2_Players::LEADER_ROBERT_THE_BRUCE,Players:Expansion2_Players::LEADER_MANSA_MUSA,Players:Expansion2_Players::LEADER_MONTEZUMA,Players:Expansion2_Players::LEADER_MENELIK,Players:Expansion2_Players::LEADER_MVEMBA,Players:Expansion2_Players::LEADER_NADER_SHAH,Players:Expansion2_Players::LEADER_PACHACUTI,Players:Expansion2_Players::LEADER_POUNDMAKER,Players:Expansion2_Players::LEADER_PEDRO,Players:Expansion2_Players::LEADER_SHAKA,Players:Expansion2_Players::LEADER_QIN_ALT,Players:Expansion2_Players::LEADER_QIN,Players:Expansion2_Players::LEADER_JOAO_III,Players:Expansion2_Players::LEADER_SALADIN_ALT,Players:Expansion2_Players::LEADER_SALADIN,Players:Expansion2_Players::LEADER_SEONDEOK,Players:Expansion2_Players::LEADER_SEJONG,Players:Expansion2_Players::LEADER_SUNDIATA_KEITA,Players:Expansion2_Players::LEADER_SULEIMAN_ALT,Players:Expansion2_Players::LEADER_SULEIMAN,Players:Expansion2_Players::LEADER_TAMAR,Players:Expansion2_Players::LEADER_T_ROOSEVELT,Players:Expansion2_Players::LEADER_GITARJA,Players:Expansion2_Players::LEADER_TRAJAN,Players:Expansion2_Players::LEADER_TOMYRIS,Players:Expansion2_Players::LEADER_LAURIER,Players:Expansion2_Players::LEADER_WILHELMINA,Players:Expansion2_Players::LEADER_WILHELMINA_INLAND,Players:Expansion2_Players::LEADER_VICTORIA,Players:Expansion2_Players::LEADER_VICTORIA_ALT,Players:Expansion2_Players::LEADER_WU_ZETIAN,Players:Expansion2_Players::LEADER_SIMON_BOLIVAR,Players:Expansion2_Players::LEADER_MATTHIAS_CORVINUS,Players:Expansion2_Players::LEADER_JADWIGA,Players:Expansion2_Players::LEADER_ABRAHAM_LINCOLN,Players:Expansion2_Players::LEADER_ALEXANDER,Players:Expansion2_Players::LEADER_ELIZABETH,Players:Expansion2_Players::LEADER_YONGLE,Players:Expansion2_Players::LEADER_JOHN_CURTIN,Players:Expansion2_Players::LEADER_CHANDRAGUPTA,Players:Expansion2_Players::LEADER_LADY_TRIEU
Config CONFIGURATION_PLAYER, Key LEADER_VALUE_DOMAIN (0xcdbd103d), subtype 8, changed to Players:*
Config CONFIGURATION_PLAYER, Key LEADER_NAME (0xf043351a), subtype 9, changed to null
Config CONFIGURATION_PLAYER, Key LEADER_TYPE_NAME (0xe8cd5e5f), subtype 9, changed to null
Config CONFIGURATION_PLAYER, Key LEADER_RANDOM_POOL_ID (0x402bf356), subtype 9, changed to 0x00000000
Config CONFIGURATION_PLAYER, Key LEADER_RANDOM_POOL_ID (0x402bf356), subtype 9, changed to 0
Config CONFIGURATION_PLAYER, Key LEADER_DOMAIN (0x4fe363bb), subtype 9, changed to Players:Expansion2_Players
Config CONFIGURATION_PLAYER, Key LEADER_VALUES (0xd2ed3156), subtype 9, changed to Players:*::RANDOM,Players:*::RANDOM_POOL1,Players:*::RANDOM_POOL2,Players:Expansion2_Players::LEADER_ELEANOR_FRANCE,Players:Expansion2_Players::LEADER_ELEANOR_ENGLAND,Players:Expansion2_Players::LEADER_AMBIORIX,Players:Expansion2_Players::LEADER_BASIL,Players:Expansion2_Players::LEADER_HOJO,Players:Expansion2_Players::LEADER_HOJO_INLAND,Players:Expansion2_Players::LEADER_PETER_GREAT,Players:Expansion2_Players::LEADER_PERICLES,Players:Expansion2_Players::LEADER_GENGHIS_KHAN,Players:Expansion2_Players::LEADER_TOKUGAWA,Players:Expansion2_Players::LEADER_THEODORA,Players:Expansion2_Players::LEADER_DIDO,Players:Expansion2_Players::LEADER_JAYAVARMAN,Players:Expansion2_Players::LEADER_NZINGA_MBANDE,Players:Expansion2_Players::LEADER_PHILIP_II,Players:Expansion2_Players::LEADER_PHILIP_II_INLAND,Players:Expansion2_Players::LEADER_BARBAROSSA,Players:Expansion2_Players::LEADER_GANDHI,Players:Expansion2_Players::LEADER_GORGO,Players:Expansion2_Players::LEADER_HARDRADA,Players:Expansion2_Players::LEADER_HARALD_ALT,Players:Expansion2_Players::LEADER_KUBLAI_KHAN_MONGOLIA,Players:Expansion2_Players::LEADER_KUBLAI_KHAN_CHINA,Players:Expansion2_Players::LEADER_GILGAMESH,Players:Expansion2_Players::LEADER_CYRUS,Players:Expansion2_Players::LEADER_CATHERINE_DE_MEDICI,Players:Expansion2_Players::LEADER_CATHERINE_DE_MEDICI_ALT,Players:Expansion2_Players::LEADER_KRISTINA,Players:Expansion2_Players::LEADER_CLEOPATRA,Players:Expansion2_Players::LEADER_CLEOPATRA_ALT,Players:Expansion2_Players::LEADER_KUPE,Players:Expansion2_Players::LEADER_RAMSES,Players:Expansion2_Players::LEADER_LAUTARO,Players:Expansion2_Players::LEADER_LADY_SIX_SKY,Players:Expansion2_Players::LEADER_LUDWIG,Players:Expansion2_Players::LEADER_ROBERT_THE_BRUCE,Players:Expansion2_Players::LEADER_MANSA_MUSA,Players:Expansion2_Players::LEADER_MONTEZUMA,Players:Expansion2_Players::LEADER_MENELIK,Players:Expansion2_Players::LEADER_MVEMBA,Players:Expansion2_Players::LEADER_NADER_SHAH,Players:Expansion2_Players::LEADER_PACHACUTI,Players:Expansion2_Players::LEADER_POUNDMAKER,Players:Expansion2_Players::LEADER_PEDRO,Players:Expansion2_Players::LEADER_SHAKA,Players:Expansion2_Players::LEADER_QIN_ALT,Players:Expansion2_Players::LEADER_QIN,Players:Expansion2_Players::LEADER_JOAO_III,Players:Expansion2_Players::LEADER_SALADIN_ALT,Players:Expansion2_Players::LEADER_SALADIN,Players:Expansion2_Players::LEADER_SEONDEOK,Players:Expansion2_Players::LEADER_SEJONG,Players:Expansion2_Players::LEADER_SUNDIATA_KEITA,Players:Expansion2_Players::LEADER_SULEIMAN_ALT,Players:Expansion2_Players::LEADER_SULEIMAN,Players:Expansion2_Players::LEADER_TAMAR,Players:Expansion2_Players::LEADER_T_ROOSEVELT,Players:Expansion2_Players::LEADER_GITARJA,Players:Expansion2_Players::LEADER_TRAJAN,Players:Expansion2_Players::LEADER_TOMYRIS,Players:Expansion2_Players::LEADER_LAURIER,Players:Expansion2_Players::LEADER_WILHELMINA,Players:Expansion2_Players::LEADER_WILHELMINA_INLAND,Players:Expansion2_Players::LEADER_VICTORIA,Players:Expansion2_Players::LEADER_VICTORIA_ALT,Players:Expansion2_Players::LEADER_WU_ZETIAN,Players:Expansion2_Players::LEADER_SIMON_BOLIVAR,Players:Expansion2_Players::LEADER_MATTHIAS_CORVINUS,Players:Expansion2_Players::LEADER_JADWIGA,Players:Expansion2_Players::LEADER_ABRAHAM_LINCOLN,Players:Expansion2_Players::LEADER_ALEXANDER,Players:Expansion2_Players::LEADER_ELIZABETH,Players:Expansion2_Players::LEADER_YONGLE,Players:Expansion2_Players::LEADER_JOHN_CURTIN,Players:Expansion2_Players::LEADER_CHANDRAGUPTA,Players:Expansion2_Players::LEADER_LADY_TRIEU
Config CONFIGURATION_PLAYER, Key LEADER_VALUE_DOMAIN (0xcdbd103d), subtype 9, changed to Players:*
Config CONFIGURATION_PLAYER, Key SLOT_STATUS (0xce42b995), subtype 8, changed to 0
Config CONFIGURATION_PLAYER, Key LEADER_NAME (0xf043351a), subtype 1, changed to LOC_LEADER_HAMMURABI_NAME
Config CONFIGURATION_PLAYER, Key LEADER_TYPE_NAME (0xe8cd5e5f), subtype 1, changed to LEADER_HAMMURABI
Config CONFIGURATION_PLAYER, Key LEADER_DOMAIN (0x4fe363bb), subtype 1, changed to Players:Expansion2_Players
Config CONFIGURATION_PLAYER, Key LEADER_VALUES (0xd2ed3156), subtype 1, changed to Players:*::RANDOM,Players:*::RANDOM_POOL1,Players:*::RANDOM_POOL2,Players:Expansion2_Players::LEADER_ELEANOR_FRANCE,Players:Expansion2_Players::LEADER_ELEANOR_ENGLAND,Players:Expansion2_Players::LEADER_AMBIORIX,Players:Expansion2_Players::LEADER_BASIL,Players:Expansion2_Players::LEADER_HOJO,Players:Expansion2_Players::LEADER_HOJO_INLAND,Players:Expansion2_Players::LEADER_PETER_GREAT,Players:Expansion2_Players::LEADER_PERICLES,Players:Expansion2_Players::LEADER_GENGHIS_KHAN,Players:Expansion2_Players::LEADER_TOKUGAWA,Players:Expansion2_Players::LEADER_THEODORA,Players:Expansion2_Players::LEADER_DIDO,Players:Expansion2_Players::LEADER_JAYAVARMAN,Players:Expansion2_Players::LEADER_NZINGA_MBANDE,Players:Expansion2_Players::LEADER_PHILIP_II,Players:Expansion2_Players::LEADER_PHILIP_II_INLAND,Players:Expansion2_Players::LEADER_BARBAROSSA,Players:Expansion2_Players::LEADER_GORGO,Players:Expansion2_Players::LEADER_HARDRADA,Players:Expansion2_Players::LEADER_HARALD_ALT,Players:Expansion2_Players::LEADER_HAMMURABI,Players:Expansion2_Players::LEADER_KUBLAI_KHAN_MONGOLIA,Players:Expansion2_Players::LEADER_KUBLAI_KHAN_CHINA,Players:Expansion2_Players::LEADER_GILGAMESH,Players:Expansion2_Players::LEADER_CYRUS,Players:Expansion2_Players::LEADER_CATHERINE_DE_MEDICI,Players:Expansion2_Players::LEADER_CATHERINE_DE_MEDICI_ALT,Players:Expansion2_Players::LEADER_KRISTINA,Players:Expansion2_Players::LEADER_CLEOPATRA,Players:Expansion2_Players::LEADER_CLEOPATRA_ALT,Players:Expansion2_Players::LEADER_KUPE,Players:Expansion2_Players::LEADER_RAMSES,Players:Expansion2_Players::LEADER_LAUTARO,Players:Expansion2_Players::LEADER_LADY_SIX_SKY,Players:Expansion2_Players::LEADER_LUDWIG,Players:Expansion2_Players::LEADER_ROBERT_THE_BRUCE,Players:Expansion2_Players::LEADER_MANSA_MUSA,Players:Expansion2_Players::LEADER_MONTEZUMA,Players:Expansion2_Players::LEADER_MENELIK,Players:Expansion2_Players::LEADER_MVEMBA,Players:Expansion2_Players::LEADER_NADER_SHAH,Players:Expansion2_Players::LEADER_PACHACUTI,Players:Expansion2_Players::LEADER_POUNDMAKER,Players:Expansion2_Players::LEADER_PEDRO,Players:Expansion2_Players::LEADER_SHAKA,Players:Expansion2_Players::LEADER_QIN_ALT,Players:Expansion2_Players::LEADER_QIN,Players:Expansion2_Players::LEADER_JOAO_III,Players:Expansion2_Players::LEADER_SALADIN_ALT,Players:Expansion2_Players::LEADER_SALADIN,Players:Expansion2_Players::LEADER_SEONDEOK,Players:Expansion2_Players::LEADER_SEJONG,Players:Expansion2_Players::LEADER_SUNDIATA_KEITA,Players:Expansion2_Players::LEADER_SULEIMAN_ALT,Players:Expansion2_Players::LEADER_SULEIMAN,Players:Expansion2_Players::LEADER_TAMAR,Players:Expansion2_Players::LEADER_T_ROOSEVELT,Players:Expansion2_Players::LEADER_GITARJA,Players:Expansion2_Players::LEADER_TRAJAN,Players:Expansion2_Players::LEADER_TOMYRIS,Players:Expansion2_Players::LEADER_LAURIER,Players:Expansion2_Players::LEADER_WILHELMINA,Players:Expansion2_Players::LEADER_WILHELMINA_INLAND,Players:Expansion2_Players::LEADER_VICTORIA,Players:Expansion2_Players::LEADER_VICTORIA_ALT,Players:Expansion2_Players::LEADER_WU_ZETIAN,Players:Expansion2_Players::LEADER_SIMON_BOLIVAR,Players:Expansion2_Players::LEADER_MATTHIAS_CORVINUS,Players:Expansion2_Players::LEADER_JADWIGA,Players:Expansion2_Players::LEADER_ABRAHAM_LINCOLN,Players:Expansion2_Players::LEADER_ALEXANDER,Players:Expansion2_Players::LEADER_ELIZABETH,Players:Expansion2_Players::LEADER_YONGLE,Players:Expansion2_Players::LEADER_JOHN_CURTIN,Players:Expansion2_Players::LEADER_LADY_TRIEU
Config CONFIGURATION_PLAYER, Key LEADER_VALUE_DOMAIN (0xcdbd103d), subtype 1, changed to Players:Expansion2_Players
Config CONFIGURATION_PLAYER, Key CIVILIZATION_TYPE_NAME (0x9d5e5c2f), subtype 1, changed to CIVILIZATION_BABYLON_STK
Config CONFIGURATION_PLAYER, Key LEADER_NAME (0xf043351a), subtype 0, changed to null
Config CONFIGURATION_PLAYER, Key LEADER_TYPE_NAME (0xe8cd5e5f), subtype 0, changed to null
Config CONFIGURATION_PLAYER, Key LEADER_RANDOM_POOL_ID (0x402bf356), subtype 0, changed to 0x00000000
Config CONFIGURATION_PLAYER, Key LEADER_RANDOM_POOL_ID (0x402bf356), subtype 0, changed to 0
Config CONFIGURATION_PLAYER, Key LEADER_DOMAIN (0x4fe363bb), subtype 0, changed to Players:Expansion2_Players
Config CONFIGURATION_PLAYER, Key LEADER_VALUES (0xd2ed3156), subtype 0, changed to Players:*::RANDOM,Players:*::RANDOM_POOL1,Players:*::RANDOM_POOL2,Players:Expansion2_Players::LEADER_ELEANOR_FRANCE,Players:Expansion2_Players::LEADER_ELEANOR_ENGLAND,Players:Expansion2_Players::LEADER_AMBIORIX,Players:Expansion2_Players::LEADER_BASIL,Players:Expansion2_Players::LEADER_HOJO,Players:Expansion2_Players::LEADER_HOJO_INLAND,Players:Expansion2_Players::LEADER_PETER_GREAT,Players:Expansion2_Players::LEADER_PERICLES,Players:Expansion2_Players::LEADER_GENGHIS_KHAN,Players:Expansion2_Players::LEADER_TOKUGAWA,Players:Expansion2_Players::LEADER_THEODORA,Players:Expansion2_Players::LEADER_DIDO,Players:Expansion2_Players::LEADER_JAYAVARMAN,Players:Expansion2_Players::LEADER_NZINGA_MBANDE,Players:Expansion2_Players::LEADER_PHILIP_II,Players:Expansion2_Players::LEADER_PHILIP_II_INLAND,Players:Expansion2_Players::LEADER_BARBAROSSA,Players:Expansion2_Players::LEADER_GORGO,Players:Expansion2_Players::LEADER_HARDRADA,Players:Expansion2_Players::LEADER_HARALD_ALT,Players:Expansion2_Players::LEADER_KUBLAI_KHAN_MONGOLIA,Players:Expansion2_Players::LEADER_KUBLAI_KHAN_CHINA,Players:Expansion2_Players::LEADER_GILGAMESH,Players:Expansion2_Players::LEADER_CYRUS,Players:Expansion2_Players::LEADER_CATHERINE_DE_MEDICI,Players:Expansion2_Players::LEADER_CATHERINE_DE_MEDICI_ALT,Players:Expansion2_Players::LEADER_KRISTINA,Players:Expansion2_Players::LEADER_CLEOPATRA,Players:Expansion2_Players::LEADER_CLEOPATRA_ALT,Players:Expansion2_Players::LEADER_KUPE,Players:Expansion2_Players::LEADER_RAMSES,Players:Expansion2_Players::LEADER_LAUTARO,Players:Expansion2_Players::LEADER_LADY_SIX_SKY,Players:Expansion2_Players::LEADER_LUDWIG,Players:Expansion2_Players::LEADER_ROBERT_THE_BRUCE,Players:Expansion2_Players::LEADER_MANSA_MUSA,Players:Expansion2_Players::LEADER_MONTEZUMA,Players:Expansion2_Players::LEADER_MENELIK,Players:Expansion2_Players::LEADER_MVEMBA,Players:Expansion2_Players::LEADER_NADER_SHAH,Players:Expansion2_Players::LEADER_PACHACUTI,Players:Expansion2_Players::LEADER_POUNDMAKER,Players:Expansion2_Players::LEADER_PEDRO,Players:Expansion2_Players::LEADER_SHAKA,Players:Expansion2_Players::LEADER_QIN_ALT,Players:Expansion2_Players::LEADER_QIN,Players:Expansion2_Players::LEADER_JOAO_III,Players:Expansion2_Players::LEADER_SALADIN_ALT,Players:Expansion2_Players::LEADER_SALADIN,Players:Expansion2_Players::LEADER_SEONDEOK,Players:Expansion2_Players::LEADER_SEJONG,Players:Expansion2_Players::LEADER_SUNDIATA_KEITA,Players:Expansion2_Players::LEADER_SULEIMAN_ALT,Players:Expansion2_Players::LEADER_SULEIMAN,Players:Expansion2_Players::LEADER_TAMAR,Players:Expansion2_Players::LEADER_T_ROOSEVELT,Players:Expansion2_Players::LEADER_GITARJA,Players:Expansion2_Players::LEADER_TRAJAN,Players:Expansion2_Players::LEADER_TOMYRIS,Players:Expansion2_Players::LEADER_LAURIER,Players:Expansion2_Players::LEADER_WILHELMINA,Players:Expansion2_Players::LEADER_WILHELMINA_INLAND,Players:Expansion2_Players::LEADER_VICTORIA,Players:Expansion2_Players::LEADER_VICTORIA_ALT,Players:Expansion2_Players::LEADER_WU_ZETIAN,Players:Expansion2_Players::LEADER_SIMON_BOLIVAR,Players:Expansion2_Players::LEADER_MATTHIAS_CORVINUS,Players:Expansion2_Players::LEADER_JADWIGA,Players:Expansion2_Players::LEADER_ABRAHAM_LINCOLN,Players:Expansion2_Players::LEADER_ALEXANDER,Players:Expansion2_Players::LEADER_ELIZABETH,Players:Expansion2_Players::LEADER_YONGLE,Players:Expansion2_Players::LEADER_JOHN_CURTIN,Players:Expansion2_Players::LEADER_LADY_TRIEU
Config CONFIGURATION_PLAYER, Key LEADER_VALUE_DOMAIN (0xcdbd103d), subtype 0, changed to Players:*
Config CONFIGURATION_PLAYER, Key LEADER_NAME (0xf043351a), subtype 5, changed to null
Config CONFIGURATION_PLAYER, Key LEADER_TYPE_NAME (0xe8cd5e5f), subtype 5, changed to null
Config CONFIGURATION_PLAYER, Key LEADER_RANDOM_POOL_ID (0x402bf356), subtype 5, changed to 0x00000000
Config CONFIGURATION_PLAYER, Key LEADER_RANDOM_POOL_ID (0x402bf356), subtype 5, changed to 0
Config CONFIGURATION_PLAYER, Key LEADER_DOMAIN (0x4fe363bb), subtype 5, changed to Players:Expansion2_Players
Config CONFIGURATION_PLAYER, Key LEADER_VALUES (0xd2ed3156), subtype 5, changed to Players:*::RANDOM,Players:*::RANDOM_POOL1,Players:*::RANDOM_POOL2,Players:Expansion2_Players::LEADER_ELEANOR_FRANCE,Players:Expansion2_Players::LEADER_ELEANOR_ENGLAND,Players:Expansion2_Players::LEADER_AMBIORIX,Players:Expansion2_Players::LEADER_BASIL,Players:Expansion2_Players::LEADER_HOJO,Players:Expansion2_Players::LEADER_HOJO_INLAND,Players:Expansion2_Players::LEADER_PETER_GREAT,Players:Expansion2_Players::LEADER_PERICLES,Players:Expansion2_Players::LEADER_GENGHIS_KHAN,Players:Expansion2_Players::LEADER_TOKUGAWA,Players:Expansion2_Players::LEADER_THEODORA,Players:Expansion2_Players::LEADER_DIDO,Players:Expansion2_Players::LEADER_JAYAVARMAN,Players:Expansion2_Players::LEADER_NZINGA_MBANDE,Players:Expansion2_Players::LEADER_PHILIP_II,Players:Expansion2_Players::LEADER_PHILIP_II_INLAND,Players:Expansion2_Players::LEADER_BARBAROSSA,Players:Expansion2_Players::LEADER_GORGO,Players:Expansion2_Players::LEADER_HARDRADA,Players:Expansion2_Players::LEADER_HARALD_ALT,Players:Expansion2_Players::LEADER_KUBLAI_KHAN_MONGOLIA,Players:Expansion2_Players::LEADER_KUBLAI_KHAN_CHINA,Players:Expansion2_Players::LEADER_GILGAMESH,Players:Expansion2_Players::LEADER_CYRUS,Players:Expansion2_Players::LEADER_CATHERINE_DE_MEDICI,Players:Expansion2_Players::LEADER_CATHERINE_DE_MEDICI_ALT,Players:Expansion2_Players::LEADER_KRISTINA,Players:Expansion2_Players::LEADER_CLEOPATRA,Players:Expansion2_Players::LEADER_CLEOPATRA_ALT,Players:Expansion2_Players::LEADER_KUPE,Players:Expansion2_Players::LEADER_RAMSES,Players:Expansion2_Players::LEADER_LAUTARO,Players:Expansion2_Players::LEADER_LADY_SIX_SKY,Players:Expansion2_Players::LEADER_LUDWIG,Players:Expansion2_Players::LEADER_ROBERT_THE_BRUCE,Players:Expansion2_Players::LEADER_MANSA_MUSA,Players:Expansion2_Players::LEADER_MONTEZUMA,Players:Expansion2_Players::LEADER_MENELIK,Players:Expansion2_Players::LEADER_MVEMBA,Players:Expansion2_Players::LEADER_NADER_SHAH,Players:Expansion2_Players::LEADER_PACHACUTI,Players:Expansion2_Players::LEADER_POUNDMAKER,Players:Expansion2_Players::LEADER_PEDRO,Players:Expansion2_Players::LEADER_SHAKA,Players:Expansion2_Players::LEADER_QIN_ALT,Players:Expansion2_Players::LEADER_QIN,Players:Expansion2_Players::LEADER_JOAO_III,Players:Expansion2_Players::LEADER_SALADIN_ALT,Players:Expansion2_Players::LEADER_SALADIN,Players:Expansion2_Players::LEADER_SEONDEOK,Players:Expansion2_Players::LEADER_SEJONG,Players:Expansion2_Players::LEADER_SUNDIATA_KEITA,Players:Expansion2_Players::LEADER_SULEIMAN_ALT,Players:Expansion2_Players::LEADER_SULEIMAN,Players:Expansion2_Players::LEADER_TAMAR,Players:Expansion2_Players::LEADER_T_ROOSEVELT,Players:Expansion2_Players::LEADER_GITARJA,Players:Expansion2_Players::LEADER_TRAJAN,Players:Expansion2_Players::LEADER_TOMYRIS,Players:Expansion2_Players::LEADER_LAURIER,Players:Expansion2_Players::LEADER_WILHELMINA,Players:Expansion2_Players::LEADER_WILHELMINA_INLAND,Players:Expansion2_Players::LEADER_VICTORIA,Players:Expansion2_Players::LEADER_VICTORIA_ALT,Players:Expansion2_Players::LEADER_WU_ZETIAN,Players:Expansion2_Players::LEADER_SIMON_BOLIVAR,Players:Expansion2_Players::LEADER_MATTHIAS_CORVINUS,Players:Expansion2_Players::LEADER_JADWIGA,Players:Expansion2_Players::LEADER_ABRAHAM_LINCOLN,Players:Expansion2_Players::LEADER_ALEXANDER,Players:Expansion2_Players::LEADER_ELIZABETH,Players:Expansion2_Players::LEADER_YONGLE,Players:Expansion2_Players::LEADER_JOHN_CURTIN,Players:Expansion2_Players::LEADER_LADY_TRIEU
Config CONFIGURATION_PLAYER, Key LEADER_VALUE_DOMAIN (0xcdbd103d), subtype 5, changed to Players:*
Config CONFIGURATION_PLAYER, Key LEADER_NAME (0xf043351a), subtype 6, changed to null
Config CONFIGURATION_PLAYER, Key LEADER_TYPE_NAME (0xe8cd5e5f), subtype 6, changed to null
Config CONFIGURATION_PLAYER, Key LEADER_RANDOM_POOL_ID (0x402bf356), subtype 6, changed to 0x00000000
Config CONFIGURATION_PLAYER, Key LEADER_RANDOM_POOL_ID (0x402bf356), subtype 6, changed to 0
Config CONFIGURATION_PLAYER, Key LEADER_DOMAIN (0x4fe363bb), subtype 6, changed to Players:Expansion2_Players
Config CONFIGURATION_PLAYER, Key LEADER_VALUES (0xd2ed3156), subtype 6, changed to Players:*::RANDOM,Players:*::RANDOM_POOL1,Players:*::RANDOM_POOL2,Players:Expansion2_Players::LEADER_ELEANOR_FRANCE,Players:Expansion2_Players::LEADER_ELEANOR_ENGLAND,Players:Expansion2_Players::LEADER_AMBIORIX,Players:Expansion2_Players::LEADER_BASIL,Players:Expansion2_Players::LEADER_HOJO,Players:Expansion2_Players::LEADER_HOJO_INLAND,Players:Expansion2_Players::LEADER_PETER_GREAT,Players:Expansion2_Players::LEADER_PERICLES,Players:Expansion2_Players::LEADER_GENGHIS_KHAN,Players:Expansion2_Players::LEADER_TOKUGAWA,Players:Expansion2_Players::LEADER_THEODORA,Players:Expansion2_Players::LEADER_DIDO,Players:Expansion2_Players::LEADER_JAYAVARMAN,Players:Expansion2_Players::LEADER_NZINGA_MBANDE,Players:Expansion2_Players::LEADER_PHILIP_II,Players:Expansion2_Players::LEADER_PHILIP_II_INLAND,Players:Expansion2_Players::LEADER_BARBAROSSA,Players:Expansion2_Players::LEADER_GORGO,Players:Expansion2_Players::LEADER_HARDRADA,Players:Expansion2_Players::LEADER_HARALD_ALT,Players:Expansion2_Players::LEADER_KUBLAI_KHAN_MONGOLIA,Players:Expansion2_Players::LEADER_KUBLAI_KHAN_CHINA,Players:Expansion2_Players::LEADER_GILGAMESH,Players:Expansion2_Players::LEADER_CYRUS,Players:Expansion2_Players::LEADER_CATHERINE_DE_MEDICI,Players:Expansion2_Players::LEADER_CATHERINE_DE_MEDICI_ALT,Players:Expansion2_Players::LEADER_KRISTINA,Players:Expansion2_Players::LEADER_CLEOPATRA,Players:Expansion2_Players::LEADER_CLEOPATRA_ALT,Players:Expansion2_Players::LEADER_KUPE,Players:Expansion2_Players::LEADER_RAMSES,Players:Expansion2_Players::LEADER_LAUTARO,Players:Expansion2_Players::LEADER_LADY_SIX_SKY,Players:Expansion2_Players::LEADER_LUDWIG,Players:Expansion2_Players::LEADER_ROBERT_THE_BRUCE,Players:Expansion2_Players::LEADER_MANSA_MUSA,Players:Expansion2_Players::LEADER_MONTEZUMA,Players:Expansion2_Players::LEADER_MENELIK,Players:Expansion2_Players::LEADER_MVEMBA,Players:Expansion2_Players::LEADER_NADER_SHAH,Players:Expansion2_Players::LEADER_PACHACUTI,Players:Expansion2_Players::LEADER_POUNDMAKER,Players:Expansion2_Players::LEADER_PEDRO,Players:Expansion2_Players::LEADER_SHAKA,Players:Expansion2_Players::LEADER_QIN_ALT,Players:Expansion2_Players::LEADER_QIN,Players:Expansion2_Players::LEADER_JOAO_III,Players:Expansion2_Players::LEADER_SALADIN_ALT,Players:Expansion2_Players::LEADER_SALADIN,Players:Expansion2_Players::LEADER_SEONDEOK,Players:Expansion2_Players::LEADER_SEJONG,Players:Expansion2_Players::LEADER_SUNDIATA_KEITA,Players:Expansion2_Players::LEADER_SULEIMAN_ALT,Players:Expansion2_Players::LEADER_SULEIMAN,Players:Expansion2_Players::LEADER_TAMAR,Players:Expansion2_Players::LEADER_T_ROOSEVELT,Players:Expansion2_Players::LEADER_GITARJA,Players:Expansion2_Players::LEADER_TRAJAN,Players:Expansion2_Players::LEADER_TOMYRIS,Players:Expansion2_Players::LEADER_LAURIER,Players:Expansion2_Players::LEADER_WILHELMINA,Players:Expansion2_Players::LEADER_WILHELMINA_INLAND,Players:Expansion2_Players::LEADER_VICTORIA,Players:Expansion2_Players::LEADER_VICTORIA_ALT,Players:Expansion2_Players::LEADER_WU_ZETIAN,Players:Expansion2_Players::LEADER_SIMON_BOLIVAR,Players:Expansion2_Players::LEADER_MATTHIAS_CORVINUS,Players:Expansion2_Players::LEADER_JADWIGA,Players:Expansion2_Players::LEADER_ABRAHAM_LINCOLN,Players:Expansion2_Players::LEADER_ALEXANDER,Players:Expansion2_Players::LEADER_ELIZABETH,Players:Expansion2_Players::LEADER_YONGLE,Players:Expansion2_Players::LEADER_JOHN_CURTIN,Players:Expansion2_Players::LEADER_LADY_TRIEU
Config CONFIGURATION_PLAYER, Key LEADER_VALUE_DOMAIN (0xcdbd103d), subtype 6, changed to Players:*
Config CONFIGURATION_PLAYER, Key LEADER_NAME (0xf043351a), subtype 7, changed to null
Config CONFIGURATION_PLAYER, Key LEADER_TYPE_NAME (0xe8cd5e5f), subtype 7, changed to null
Config CONFIGURATION_PLAYER, Key LEADER_RANDOM_POOL_ID (0x402bf356), subtype 7, changed to 0x00000000
Config CONFIGURATION_PLAYER, Key LEADER_RANDOM_POOL_ID (0x402bf356), subtype 7, changed to 0
Config CONFIGURATION_PLAYER, Key LEADER_DOMAIN (0x4fe363bb), subtype 7, changed to Players:Expansion2_Players
Config CONFIGURATION_PLAYER, Key LEADER_VALUES (0xd2ed3156), subtype 7, changed to Players:*::RANDOM,Players:*::RANDOM_POOL1,Players:*::RANDOM_POOL2,Players:Expansion2_Players::LEADER_ELEANOR_FRANCE,Players:Expansion2_Players::LEADER_ELEANOR_ENGLAND,Players:Expansion2_Players::LEADER_AMBIORIX,Players:Expansion2_Players::LEADER_BASIL,Players:Expansion2_Players::LEADER_HOJO,Players:Expansion2_Players::LEADER_HOJO_INLAND,Players:Expansion2_Players::LEADER_PETER_GREAT,Players:Expansion2_Players::LEADER_PERICLES,Players:Expansion2_Players::LEADER_GENGHIS_KHAN,Players:Expansion2_Players::LEADER_TOKUGAWA,Players:Expansion2_Players::LEADER_THEODORA,Players:Expansion2_Players::LEADER_DIDO,Players:Expansion2_Players::LEADER_JAYAVARMAN,Players:Expansion2_Players::LEADER_NZINGA_MBANDE,Players:Expansion2_Players::LEADER_PHILIP_II,Players:Expansion2_Players::LEADER_PHILIP_II_INLAND,Players:Expansion2_Players::LEADER_BARBAROSSA,Players:Expansion2_Players::LEADER_GORGO,Players:Expansion2_Players::LEADER_HARDRADA,Players:Expansion2_Players::LEADER_HARALD_ALT,Players:Expansion2_Players::LEADER_KUBLAI_KHAN_MONGOLIA,Players:Expansion2_Players::LEADER_KUBLAI_KHAN_CHINA,Players:Expansion2_Players::LEADER_GILGAMESH,Players:Expansion2_Players::LEADER_CYRUS,Players:Expansion2_Players::LEADER_CATHERINE_DE_MEDICI,Players:Expansion2_Players::LEADER_CATHERINE_DE_MEDICI_ALT,Players:Expansion2_Players::LEADER_KRISTINA,Players:Expansion2_Players::LEADER_CLEOPATRA,Players:Expansion2_Players::LEADER_CLEOPATRA_ALT,Players:Expansion2_Players::LEADER_KUPE,Players:Expansion2_Players::LEADER_RAMSES,Players:Expansion2_Players::LEADER_LAUTARO,Players:Expansion2_Players::LEADER_LADY_SIX_SKY,Players:Expansion2_Players::LEADER_LUDWIG,Players:Expansion2_Players::LEADER_ROBERT_THE_BRUCE,Players:Expansion2_Players::LEADER_MANSA_MUSA,Players:Expansion2_Players::LEADER_MONTEZUMA,Players:Expansion2_Players::LEADER_MENELIK,Players:Expansion2_Players::LEADER_MVEMBA,Players:Expansion2_Players::LEADER_NADER_SHAH,Players:Expansion2_Players::LEADER_PACHACUTI,Players:Expansion2_Players::LEADER_POUNDMAKER,Players:Expansion2_Players::LEADER_PEDRO,Players:Expansion2_Players::LEADER_SHAKA,Players:Expansion2_Players::LEADER_QIN_ALT,Players:Expansion2_Players::LEADER_QIN,Players:Expansion2_Players::LEADER_JOAO_III,Players:Expansion2_Players::LEADER_SALADIN_ALT,Players:Expansion2_Players::LEADER_SALADIN,Players:Expansion2_Players::LEADER_SEONDEOK,Players:Expansion2_Players::LEADER_SEJONG,Players:Expansion2_Players::LEADER_SUNDIATA_KEITA,Players:Expansion2_Players::LEADER_SULEIMAN_ALT,Players:Expansion2_Players::LEADER_SULEIMAN,Players:Expansion2_Players::LEADER_TAMAR,Players:Expansion2_Players::LEADER_T_ROOSEVELT,Players:Expansion2_Players::LEADER_GITARJA,Players:Expansion2_Players::LEADER_TRAJAN,Players:Expansion2_Players::LEADER_TOMYRIS,Players:Expansion2_Players::LEADER_LAURIER,Players:Expansion2_Players::LEADER_WILHELMINA,Players:Expansion2_Players::LEADER_WILHELMINA_INLAND,Players:Expansion2_Players::LEADER_VICTORIA,Players:Expansion2_Players::LEADER_VICTORIA_ALT,Players:Expansion2_Players::LEADER_WU_ZETIAN,Players:Expansion2_Players::LEADER_SIMON_BOLIVAR,Players:Expansion2_Players::LEADER_MATTHIAS_CORVINUS,Players:Expansion2_Players::LEADER_JADWIGA,Players:Expansion2_Players::LEADER_ABRAHAM_LINCOLN,Players:Expansion2_Players::LEADER_ALEXANDER,Players:Expansion2_Players::LEADER_ELIZABETH,Players:Expansion2_Players::LEADER_YONGLE,Players:Expansion2_Players::LEADER_JOHN_CURTIN,Players:Expansion2_Players::LEADER_LADY_TRIEU
Config CONFIGURATION_PLAYER, Key LEADER_VALUE_DOMAIN (0xcdbd103d), subtype 7, changed to Players:*
Config CONFIGURATION_PLAYER, Key LEADER_NAME (0xf043351a), subtype 8, changed to null
Config CONFIGURATION_PLAYER, Key LEADER_TYPE_NAME (0xe8cd5e5f), subtype 8, changed to null
Config CONFIGURATION_PLAYER, Key LEADER_RANDOM_POOL_ID (0x402bf356), subtype 8, changed to 0x00000000
Config CONFIGURATION_PLAYER, Key LEADER_RANDOM_POOL_ID (0x402bf356), subtype 8, changed to 0
Config CONFIGURATION_PLAYER, Key LEADER_DOMAIN (0x4fe363bb), subtype 8, changed to Players:Expansion2_Players
Config CONFIGURATION_PLAYER, Key LEADER_VALUES (0xd2ed3156), subtype 8, changed to Players:*::RANDOM,Players:*::RANDOM_POOL1,Players:*::RANDOM_POOL2,Players:Expansion2_Players::LEADER_ELEANOR_FRANCE,Players:Expansion2_Players::LEADER_ELEANOR_ENGLAND,Players:Expansion2_Players::LEADER_AMBIORIX,Players:Expansion2_Players::LEADER_BASIL,Players:Expansion2_Players::LEADER_HOJO,Players:Expansion2_Players::LEADER_HOJO_INLAND,Players:Expansion2_Players::LEADER_PETER_GREAT,Players:Expansion2_Players::LEADER_PERICLES,Players:Expansion2_Players::LEADER_GENGHIS_KHAN,Players:Expansion2_Players::LEADER_TOKUGAWA,Players:Expansion2_Players::LEADER_THEODORA,Players:Expansion2_Players::LEADER_DIDO,Players:Expansion2_Players::LEADER_JAYAVARMAN,Players:Expansion2_Players::LEADER_NZINGA_MBANDE,Players:Expansion2_Players::LEADER_PHILIP_II,Players:Expansion2_Players::LEADER_PHILIP_II_INLAND,Players:Expansion2_Players::LEADER_BARBAROSSA,Players:Expansion2_Players::LEADER_GORGO,Players:Expansion2_Players::LEADER_HARDRADA,Players:Expansion2_Players::LEADER_HARALD_ALT,Players:Expansion2_Players::LEADER_KUBLAI_KHAN_MONGOLIA,Players:Expansion2_Players::LEADER_KUBLAI_KHAN_CHINA,Players:Expansion2_Players::LEADER_GILGAMESH,Players:Expansion2_Players::LEADER_CYRUS,Players:Expansion2_Players::LEADER_CATHERINE_DE_MEDICI,Players:Expansion2_Players::LEADER_CATHERINE_DE_MEDICI_ALT,Players:Expansion2_Players::LEADER_KRISTINA,Players:Expansion2_Players::LEADER_CLEOPATRA,Players:Expansion2_Players::LEADER_CLEOPATRA_ALT,Players:Expansion2_Players::LEADER_KUPE,Players:Expansion2_Players::LEADER_RAMSES,Players:Expansion2_Players::LEADER_LAUTARO,Players:Expansion2_Players::LEADER_LADY_SIX_SKY,Players:Expansion2_Players::LEADER_LUDWIG,Players:Expansion2_Players::LEADER_ROBERT_THE_BRUCE,Players:Expansion2_Players::LEADER_MANSA_MUSA,Players:Expansion2_Players::LEADER_MONTEZUMA,Players:Expansion2_Players::LEADER_MENELIK,Players:Expansion2_Players::LEADER_MVEMBA,Players:Expansion2_Players::LEADER_NADER_SHAH,Players:Expansion2_Players::LEADER_PACHACUTI,Players:Expansion2_Players::LEADER_POUNDMAKER,Players:Expansion2_Players::LEADER_PEDRO,Players:Expansion2_Players::LEADER_SHAKA,Players:Expansion2_Players::LEADER_QIN_ALT,Players:Expansion2_Players::LEADER_QIN,Players:Expansion2_Players::LEADER_JOAO_III,Players:Expansion2_Players::LEADER_SALADIN_ALT,Players:Expansion2_Players::LEADER_SALADIN,Players:Expansion2_Players::LEADER_SEONDEOK,Players:Expansion2_Players::LEADER_SEJONG,Players:Expansion2_Players::LEADER_SUNDIATA_KEITA,Players:Expansion2_Players::LEADER_SULEIMAN_ALT,Players:Expansion2_Players::LEADER_SULEIMAN,Players:Expansion2_Players::LEADER_TAMAR,Players:Expansion2_Players::LEADER_T_ROOSEVELT,Players:Expansion2_Players::LEADER_GITARJA,Players:Expansion2_Players::LEADER_TRAJAN,Players:Expansion2_Players::LEADER_TOMYRIS,Players:Expansion2_Players::LEADER_LAURIER,Players:Expansion2_Players::LEADER_WILHELMINA,Players:Expansion2_Players::LEADER_WILHELMINA_INLAND,Players:Expansion2_Players::LEADER_VICTORIA,Players:Expansion2_Players::LEADER_VICTORIA_ALT,Players:Expansion2_Players::LEADER_WU_ZETIAN,Players:Expansion2_Players::LEADER_SIMON_BOLIVAR,Players:Expansion2_Players::LEADER_MATTHIAS_CORVINUS,Players:Expansion2_Players::LEADER_JADWIGA,Players:Expansion2_Players::LEADER_ABRAHAM_LINCOLN,Players:Expansion2_Players::LEADER_ALEXANDER,Players:Expansion2_Players::LEADER_ELIZABETH,Players:Expansion2_Players::LEADER_YONGLE,Players:Expansion2_Players::LEADER_JOHN_CURTIN,Players:Expansion2_Players::LEADER_LADY_TRIEU
Config CONFIGURATION_PLAYER, Key LEADER_VALUE_DOMAIN (0xcdbd103d), subtype 8, changed to Players:*
Config CONFIGURATION_PLAYER, Key LEADER_NAME (0xf043351a), subtype 9, changed to null
Config CONFIGURATION_PLAYER, Key LEADER_TYPE_NAME (0xe8cd5e5f), subtype 9, changed to null
Config CONFIGURATION_PLAYER, Key LEADER_RANDOM_POOL_ID (0x402bf356), subtype 9, changed to 0x00000000
Config CONFIGURATION_PLAYER, Key LEADER_RANDOM_POOL_ID (0x402bf356), subtype 9, changed to 0
Config CONFIGURATION_PLAYER, Key LEADER_DOMAIN (0x4fe363bb), subtype 9, changed to Players:Expansion2_Players
Config CONFIGURATION_PLAYER, Key LEADER_VALUES (0xd2ed3156), subtype 9, changed to Players:*::RANDOM,Players:*::RANDOM_POOL1,Players:*::RANDOM_POOL2,Players:Expansion2_Players::LEADER_ELEANOR_FRANCE,Players:Expansion2_Players::LEADER_ELEANOR_ENGLAND,Players:Expansion2_Players::LEADER_AMBIORIX,Players:Expansion2_Players::LEADER_BASIL,Players:Expansion2_Players::LEADER_HOJO,Players:Expansion2_Players::LEADER_HOJO_INLAND,Players:Expansion2_Players::LEADER_PETER_GREAT,Players:Expansion2_Players::LEADER_PERICLES,Players:Expansion2_Players::LEADER_GENGHIS_KHAN,Players:Expansion2_Players::LEADER_TOKUGAWA,Players:Expansion2_Players::LEADER_THEODORA,Players:Expansion2_Players::LEADER_DIDO,Players:Expansion2_Players::LEADER_JAYAVARMAN,Players:Expansion2_Players::LEADER_NZINGA_MBANDE,Players:Expansion2_Players::LEADER_PHILIP_II,Players:Expansion2_Players::LEADER_PHILIP_II_INLAND,Players:Expansion2_Players::LEADER_BARBAROSSA,Players:Expansion2_Players::LEADER_GORGO,Players:Expansion2_Players::LEADER_HARDRADA,Players:Expansion2_Players::LEADER_HARALD_ALT,Players:Expansion2_Players::LEADER_KUBLAI_KHAN_MONGOLIA,Players:Expansion2_Players::LEADER_KUBLAI_KHAN_CHINA,Players:Expansion2_Players::LEADER_GILGAMESH,Players:Expansion2_Players::LEADER_CYRUS,Players:Expansion2_Players::LEADER_CATHERINE_DE_MEDICI,Players:Expansion2_Players::LEADER_CATHERINE_DE_MEDICI_ALT,Players:Expansion2_Players::LEADER_KRISTINA,Players:Expansion2_Players::LEADER_CLEOPATRA,Players:Expansion2_Players::LEADER_CLEOPATRA_ALT,Players:Expansion2_Players::LEADER_KUPE,Players:Expansion2_Players::LEADER_RAMSES,Players:Expansion2_Players::LEADER_LAUTARO,Players:Expansion2_Players::LEADER_LADY_SIX_SKY,Players:Expansion2_Players::LEADER_LUDWIG,Players:Expansion2_Players::LEADER_ROBERT_THE_BRUCE,Players:Expansion2_Players::LEADER_MANSA_MUSA,Players:Expansion2_Players::LEADER_MONTEZUMA,Players:Expansion2_Players::LEADER_MENELIK,Players:Expansion2_Players::LEADER_MVEMBA,Players:Expansion2_Players::LEADER_NADER_SHAH,Players:Expansion2_Players::LEADER_PACHACUTI,Players:Expansion2_Players::LEADER_POUNDMAKER,Players:Expansion2_Players::LEADER_PEDRO,Players:Expansion2_Players::LEADER_SHAKA,Players:Expansion2_Players::LEADER_QIN_ALT,Players:Expansion2_Players::LEADER_QIN,Players:Expansion2_Players::LEADER_JOAO_III,Players:Expansion2_Players::LEADER_SALADIN_ALT,Players:Expansion2_Players::LEADER_SALADIN,Players:Expansion2_Players::LEADER_SEONDEOK,Players:Expansion2_Players::LEADER_SEJONG,Players:Expansion2_Players::LEADER_SUNDIATA_KEITA,Players:Expansion2_Players::LEADER_SULEIMAN_ALT,Players:Expansion2_Players::LEADER_SULEIMAN,Players:Expansion2_Players::LEADER_TAMAR,Players:Expansion2_Players::LEADER_T_ROOSEVELT,Players:Expansion2_Players::LEADER_GITARJA,Players:Expansion2_Players::LEADER_TRAJAN,Players:Expansion2_Players::LEADER_TOMYRIS,Players:Expansion2_Players::LEADER_LAURIER,Players:Expansion2_Players::LEADER_WILHELMINA,Players:Expansion2_Players::LEADER_WILHELMINA_INLAND,Players:Expansion2_Players::LEADER_VICTORIA,Players:Expansion2_Players::LEADER_VICTORIA_ALT,Players:Expansion2_Players::LEADER_WU_ZETIAN,Players:Expansion2_Players::LEADER_SIMON_BOLIVAR,Players:Expansion2_Players::LEADER_MATTHIAS_CORVINUS,Players:Expansion2_Players::LEADER_JADWIGA,Players:Expansion2_Players::LEADER_ABRAHAM_LINCOLN,Players:Expansion2_Players::LEADER_ALEXANDER,Players:Expansion2_Players::LEADER_ELIZABETH,Players:Expansion2_Players::LEADER_YONGLE,Players:Expansion2_Players::LEADER_JOHN_CURTIN,Players:Expansion2_Players::LEADER_LADY_TRIEU
Config CONFIGURATION_PLAYER, Key LEADER_VALUE_DOMAIN (0xcdbd103d), subtype 9, changed to Players:*
Config CONFIGURATION_PLAYER, Key SLOT_STATUS (0xce42b995), subtype 9, changed to 0
Config CONFIGURATION_PLAYER, Key TEAM (0x0d8ab454), subtype 1, changed to 0
Config CONFIGURATION_PLAYER, Key LEADER_NAME (0xf043351a), subtype 1, changed to LOC_LEADER_HAMMURABI_NAME
Config CONFIGURATION_PLAYER, Key LEADER_TYPE_NAME (0xe8cd5e5f), subtype 1, changed to LEADER_HAMMURABI
Config CONFIGURATION_PLAYER, Key LEADER_DOMAIN (0x4fe363bb), subtype 1, changed to Players:Expansion2_Players
Config CONFIGURATION_PLAYER, Key LEADER_VALUES (0xd2ed3156), subtype 1, changed to Players:*::RANDOM,Players:*::RANDOM_POOL1,Players:*::RANDOM_POOL2,Players:Expansion2_Players::LEADER_ELEANOR_FRANCE,Players:Expansion2_Players::LEADER_ELEANOR_ENGLAND,Players:Expansion2_Players::LEADER_AMBIORIX,Players:Expansion2_Players::LEADER_BASIL,Players:Expansion2_Players::LEADER_HOJO,Players:Expansion2_Players::LEADER_HOJO_INLAND,Players:Expansion2_Players::LEADER_PETER_GREAT,Players:Expansion2_Players::LEADER_PERICLES,Players:Expansion2_Players::LEADER_GENGHIS_KHAN,Players:Expansion2_Players::LEADER_TOKUGAWA,Players:Expansion2_Players::LEADER_THEODORA,Players:Expansion2_Players::LEADER_DIDO,Players:Expansion2_Players::LEADER_JAYAVARMAN,Players:Expansion2_Players::LEADER_NZINGA_MBANDE,Players:Expansion2_Players::LEADER_PHILIP_II,Players:Expansion2_Players::LEADER_PHILIP_II_INLAND,Players:Expansion2_Players::LEADER_BARBAROSSA,Players:Expansion2_Players::LEADER_GORGO,Players:Expansion2_Players::LEADER_HARDRADA,Players:Expansion2_Players::LEADER_HARALD_ALT,Players:Expansion2_Players::LEADER_HAMMURABI,Players:Expansion2_Players::LEADER_KUBLAI_KHAN_MONGOLIA,Players:Expansion2_Players::LEADER_KUBLAI_KHAN_CHINA,Players:Expansion2_Players::LEADER_GILGAMESH,Players:Expansion2_Players::LEADER_CYRUS,Players:Expansion2_Players::LEADER_CATHERINE_DE_MEDICI,Players:Expansion2_Players::LEADER_CATHERINE_DE_MEDICI_ALT,Players:Expansion2_Players::LEADER_KRISTINA,Players:Expansion2_Players::LEADER_CLEOPATRA,Players:Expansion2_Players::LEADER_CLEOPATRA_ALT,Players:Expansion2_Players::LEADER_KUPE,Players:Expansion2_Players::LEADER_RAMSES,Players:Expansion2_Players::LEADER_LAUTARO,Players:Expansion2_Players::LEADER_LADY_SIX_SKY,Players:Expansion2_Players::LEADER_LUDWIG,Players:Expansion2_Players::LEADER_ROBERT_THE_BRUCE,Players:Expansion2_Players::LEADER_MONTEZUMA,Players:Expansion2_Players::LEADER_MENELIK,Players:Expansion2_Players::LEADER_MVEMBA,Players:Expansion2_Players::LEADER_NADER_SHAH,Players:Expansion2_Players::LEADER_PACHACUTI,Players:Expansion2_Players::LEADER_POUNDMAKER,Players:Expansion2_Players::LEADER_PEDRO,Players:Expansion2_Players::LEADER_SHAKA,Players:Expansion2_Players::LEADER_QIN_ALT,Players:Expansion2_Players::LEADER_QIN,Players:Expansion2_Players::LEADER_JOAO_III,Players:Expansion2_Players::LEADER_SALADIN_ALT,Players:Expansion2_Players::LEADER_SALADIN,Players:Expansion2_Players::LEADER_SEONDEOK,Players:Expansion2_Players::LEADER_SEJONG,Players:Expansion2_Players::LEADER_SULEIMAN_ALT,Players:Expansion2_Players::LEADER_SULEIMAN,Players:Expansion2_Players::LEADER_TAMAR,Players:Expansion2_Players::LEADER_T_ROOSEVELT,Players:Expansion2_Players::LEADER_GITARJA,Players:Expansion2_Players::LEADER_TRAJAN,Players:Expansion2_Players::LEADER_TOMYRIS,Players:Expansion2_Players::LEADER_LAURIER,Players:Expansion2_Players::LEADER_WILHELMINA,Players:Expansion2_Players::LEADER_WILHELMINA_INLAND,Players:Expansion2_Players::LEADER_VICTORIA,Players:Expansion2_Players::LEADER_VICTORIA_ALT,Players:Expansion2_Players::LEADER_WU_ZETIAN,Players:Expansion2_Players::LEADER_SIMON_BOLIVAR,Players:Expansion2_Players::LEADER_MATTHIAS_CORVINUS,Players:Expansion2_Players::LEADER_JADWIGA,Players:Expansion2_Players::LEADER_ABRAHAM_LINCOLN,Players:Expansion2_Players::LEADER_ALEXANDER,Players:Expansion2_Players::LEADER_ELIZABETH,Players:Expansion2_Players::LEADER_YONGLE,Players:Expansion2_Players::LEADER_JOHN_CURTIN,Players:Expansion2_Players::LEADER_LADY_TRIEU
Config CONFIGURATION_PLAYER, Key LEADER_VALUE_DOMAIN (0xcdbd103d), subtype 1, changed to Players:Expansion2_Players
Config CONFIGURATION_PLAYER, Key CIVILIZATION_TYPE_NAME (0x9d5e5c2f), subtype 1, changed to CIVILIZATION_BABYLON_STK
Config CONFIGURATION_PLAYER, Key LEADER_NAME (0xf043351a), subtype 0, changed to null
Config CONFIGURATION_PLAYER, Key LEADER_TYPE_NAME (0xe8cd5e5f), subtype 0, changed to null
Config CONFIGURATION_PLAYER, Key LEADER_RANDOM_POOL_ID (0x402bf356), subtype 0, changed to 0x00000000
Config CONFIGURATION_PLAYER, Key LEADER_RANDOM_POOL_ID (0x402bf356), subtype 0, changed to 0
Config CONFIGURATION_PLAYER, Key LEADER_DOMAIN (0x4fe363bb), subtype 0, changed to Players:Expansion2_Players
Config CONFIGURATION_PLAYER, Key LEADER_VALUES (0xd2ed3156), subtype 0, changed to Players:*::RANDOM,Players:*::RANDOM_POOL1,Players:*::RANDOM_POOL2,Players:Expansion2_Players::LEADER_ELEANOR_FRANCE,Players:Expansion2_Players::LEADER_ELEANOR_ENGLAND,Players:Expansion2_Players::LEADER_AMBIORIX,Players:Expansion2_Players::LEADER_BASIL,Players:Expansion2_Players::LEADER_HOJO,Players:Expansion2_Players::LEADER_HOJO_INLAND,Players:Expansion2_Players::LEADER_PETER_GREAT,Players:Expansion2_Players::LEADER_PERICLES,Players:Expansion2_Players::LEADER_GENGHIS_KHAN,Players:Expansion2_Players::LEADER_TOKUGAWA,Players:Expansion2_Players::LEADER_THEODORA,Players:Expansion2_Players::LEADER_DIDO,Players:Expansion2_Players::LEADER_JAYAVARMAN,Players:Expansion2_Players::LEADER_NZINGA_MBANDE,Players:Expansion2_Players::LEADER_PHILIP_II,Players:Expansion2_Players::LEADER_PHILIP_II_INLAND,Players:Expansion2_Players::LEADER_BARBAROSSA,Players:Expansion2_Players::LEADER_GORGO,Players:Expansion2_Players::LEADER_HARDRADA,Players:Expansion2_Players::LEADER_HARALD_ALT,Players:Expansion2_Players::LEADER_KUBLAI_KHAN_MONGOLIA,Players:Expansion2_Players::LEADER_KUBLAI_KHAN_CHINA,Players:Expansion2_Players::LEADER_GILGAMESH,Players:Expansion2_Players::LEADER_CYRUS,Players:Expansion2_Players::LEADER_CATHERINE_DE_MEDICI,Players:Expansion2_Players::LEADER_CATHERINE_DE_MEDICI_ALT,Players:Expansion2_Players::LEADER_KRISTINA,Players:Expansion2_Players::LEADER_CLEOPATRA,Players:Expansion2_Players::LEADER_CLEOPATRA_ALT,Players:Expansion2_Players::LEADER_KUPE,Players:Expansion2_Players::LEADER_RAMSES,Players:Expansion2_Players::LEADER_LAUTARO,Players:Expansion2_Players::LEADER_LADY_SIX_SKY,Players:Expansion2_Players::LEADER_LUDWIG,Players:Expansion2_Players::LEADER_ROBERT_THE_BRUCE,Players:Expansion2_Players::LEADER_MONTEZUMA,Players:Expansion2_Players::LEADER_MENELIK,Players:Expansion2_Players::LEADER_MVEMBA,Players:Expansion2_Players::LEADER_NADER_SHAH,Players:Expansion2_Players::LEADER_PACHACUTI,Players:Expansion2_Players::LEADER_POUNDMAKER,Players:Expansion2_Players::LEADER_PEDRO,Players:Expansion2_Players::LEADER_SHAKA,Players:Expansion2_Players::LEADER_QIN_ALT,Players:Expansion2_Players::LEADER_QIN,Players:Expansion2_Players::LEADER_JOAO_III,Players:Expansion2_Players::LEADER_SALADIN_ALT,Players:Expansion2_Players::LEADER_SALADIN,Players:Expansion2_Players::LEADER_SEONDEOK,Players:Expansion2_Players::LEADER_SEJONG,Players:Expansion2_Players::LEADER_SULEIMAN_ALT,Players:Expansion2_Players::LEADER_SULEIMAN,Players:Expansion2_Players::LEADER_TAMAR,Players:Expansion2_Players::LEADER_T_ROOSEVELT,Players:Expansion2_Players::LEADER_GITARJA,Players:Expansion2_Players::LEADER_TRAJAN,Players:Expansion2_Players::LEADER_TOMYRIS,Players:Expansion2_Players::LEADER_LAURIER,Players:Expansion2_Players::LEADER_WILHELMINA,Players:Expansion2_Players::LEADER_WILHELMINA_INLAND,Players:Expansion2_Players::LEADER_VICTORIA,Players:Expansion2_Players::LEADER_VICTORIA_ALT,Players:Expansion2_Players::LEADER_WU_ZETIAN,Players:Expansion2_Players::LEADER_SIMON_BOLIVAR,Players:Expansion2_Players::LEADER_MATTHIAS_CORVINUS,Players:Expansion2_Players::LEADER_JADWIGA,Players:Expansion2_Players::LEADER_ABRAHAM_LINCOLN,Players:Expansion2_Players::LEADER_ALEXANDER,Players:Expansion2_Players::LEADER_ELIZABETH,Players:Expansion2_Players::LEADER_YONGLE,Players:Expansion2_Players::LEADER_JOHN_CURTIN,Players:Expansion2_Players::LEADER_LADY_TRIEU
Config CONFIGURATION_PLAYER, Key LEADER_VALUE_DOMAIN (0xcdbd103d), subtype 0, changed to Players:*
Config CONFIGURATION_PLAYER, Key LEADER_NAME (0xf043351a), subtype 5, changed to null
Config CONFIGURATION_PLAYER, Key LEADER_TYPE_NAME (0xe8cd5e5f), subtype 5, changed to null
Config CONFIGURATION_PLAYER, Key LEADER_RANDOM_POOL_ID (0x402bf356), subtype 5, changed to 0x00000000
Config CONFIGURATION_PLAYER, Key LEADER_RANDOM_POOL_ID (0x402bf356), subtype 5, changed to 0
Config CONFIGURATION_PLAYER, Key LEADER_DOMAIN (0x4fe363bb), subtype 5, changed to Players:Expansion2_Players
Config CONFIGURATION_PLAYER, Key LEADER_VALUES (0xd2ed3156), subtype 5, changed to Players:*::RANDOM,Players:*::RANDOM_POOL1,Players:*::RANDOM_POOL2,Players:Expansion2_Players::LEADER_ELEANOR_FRANCE,Players:Expansion2_Players::LEADER_ELEANOR_ENGLAND,Players:Expansion2_Players::LEADER_AMBIORIX,Players:Expansion2_Players::LEADER_BASIL,Players:Expansion2_Players::LEADER_HOJO,Players:Expansion2_Players::LEADER_HOJO_INLAND,Players:Expansion2_Players::LEADER_PETER_GREAT,Players:Expansion2_Players::LEADER_PERICLES,Players:Expansion2_Players::LEADER_GENGHIS_KHAN,Players:Expansion2_Players::LEADER_TOKUGAWA,Players:Expansion2_Players::LEADER_THEODORA,Players:Expansion2_Players::LEADER_DIDO,Players:Expansion2_Players::LEADER_JAYAVARMAN,Players:Expansion2_Players::LEADER_NZINGA_MBANDE,Players:Expansion2_Players::LEADER_PHILIP_II,Players:Expansion2_Players::LEADER_PHILIP_II_INLAND,Players:Expansion2_Players::LEADER_BARBAROSSA,Players:Expansion2_Players::LEADER_GORGO,Players:Expansion2_Players::LEADER_HARDRADA,Players:Expansion2_Players::LEADER_HARALD_ALT,Players:Expansion2_Players::LEADER_KUBLAI_KHAN_MONGOLIA,Players:Expansion2_Players::LEADER_KUBLAI_KHAN_CHINA,Players:Expansion2_Players::LEADER_GILGAMESH,Players:Expansion2_Players::LEADER_CYRUS,Players:Expansion2_Players::LEADER_CATHERINE_DE_MEDICI,Players:Expansion2_Players::LEADER_CATHERINE_DE_MEDICI_ALT,Players:Expansion2_Players::LEADER_KRISTINA,Players:Expansion2_Players::LEADER_CLEOPATRA,Players:Expansion2_Players::LEADER_CLEOPATRA_ALT,Players:Expansion2_Players::LEADER_KUPE,Players:Expansion2_Players::LEADER_RAMSES,Players:Expansion2_Players::LEADER_LAUTARO,Players:Expansion2_Players::LEADER_LADY_SIX_SKY,Players:Expansion2_Players::LEADER_LUDWIG,Players:Expansion2_Players::LEADER_ROBERT_THE_BRUCE,Players:Expansion2_Players::LEADER_MONTEZUMA,Players:Expansion2_Players::LEADER_MENELIK,Players:Expansion2_Players::LEADER_MVEMBA,Players:Expansion2_Players::LEADER_NADER_SHAH,Players:Expansion2_Players::LEADER_PACHACUTI,Players:Expansion2_Players::LEADER_POUNDMAKER,Players:Expansion2_Players::LEADER_PEDRO,Players:Expansion2_Players::LEADER_SHAKA,Players:Expansion2_Players::LEADER_QIN_ALT,Players:Expansion2_Players::LEADER_QIN,Players:Expansion2_Players::LEADER_JOAO_III,Players:Expansion2_Players::LEADER_SALADIN_ALT,Players:Expansion2_Players::LEADER_SALADIN,Players:Expansion2_Players::LEADER_SEONDEOK,Players:Expansion2_Players::LEADER_SEJONG,Players:Expansion2_Players::LEADER_SULEIMAN_ALT,Players:Expansion2_Players::LEADER_SULEIMAN,Players:Expansion2_Players::LEADER_TAMAR,Players:Expansion2_Players::LEADER_T_ROOSEVELT,Players:Expansion2_Players::LEADER_GITARJA,Players:Expansion2_Players::LEADER_TRAJAN,Players:Expansion2_Players::LEADER_TOMYRIS,Players:Expansion2_Players::LEADER_LAURIER,Players:Expansion2_Players::LEADER_WILHELMINA,Players:Expansion2_Players::LEADER_WILHELMINA_INLAND,Players:Expansion2_Players::LEADER_VICTORIA,Players:Expansion2_Players::LEADER_VICTORIA_ALT,Players:Expansion2_Players::LEADER_WU_ZETIAN,Players:Expansion2_Players::LEADER_SIMON_BOLIVAR,Players:Expansion2_Players::LEADER_MATTHIAS_CORVINUS,Players:Expansion2_Players::LEADER_JADWIGA,Players:Expansion2_Players::LEADER_ABRAHAM_LINCOLN,Players:Expansion2_Players::LEADER_ALEXANDER,Players:Expansion2_Players::LEADER_ELIZABETH,Players:Expansion2_Players::LEADER_YONGLE,Players:Expansion2_Players::LEADER_JOHN_CURTIN,Players:Expansion2_Players::LEADER_LADY_TRIEU
Config CONFIGURATION_PLAYER, Key LEADER_VALUE_DOMAIN (0xcdbd103d), subtype 5, changed to Players:*
Config CONFIGURATION_PLAYER, Key LEADER_NAME (0xf043351a), subtype 6, changed to null
Config CONFIGURATION_PLAYER, Key LEADER_TYPE_NAME (0xe8cd5e5f), subtype 6, changed to null
Config CONFIGURATION_PLAYER, Key LEADER_RANDOM_POOL_ID (0x402bf356), subtype 6, changed to 0x00000000
Config CONFIGURATION_PLAYER, Key LEADER_RANDOM_POOL_ID (0x402bf356), subtype 6, changed to 0
Config CONFIGURATION_PLAYER, Key LEADER_DOMAIN (0x4fe363bb), subtype 6, changed to Players:Expansion2_Players
Config CONFIGURATION_PLAYER, Key LEADER_VALUES (0xd2ed3156), subtype 6, changed to Players:*::RANDOM,Players:*::RANDOM_POOL1,Players:*::RANDOM_POOL2,Players:Expansion2_Players::LEADER_ELEANOR_FRANCE,Players:Expansion2_Players::LEADER_ELEANOR_ENGLAND,Players:Expansion2_Players::LEADER_AMBIORIX,Players:Expansion2_Players::LEADER_BASIL,Players:Expansion2_Players::LEADER_HOJO,Players:Expansion2_Players::LEADER_HOJO_INLAND,Players:Expansion2_Players::LEADER_PETER_GREAT,Players:Expansion2_Players::LEADER_PERICLES,Players:Expansion2_Players::LEADER_GENGHIS_KHAN,Players:Expansion2_Players::LEADER_TOKUGAWA,Players:Expansion2_Players::LEADER_THEODORA,Players:Expansion2_Players::LEADER_DIDO,Players:Expansion2_Players::LEADER_JAYAVARMAN,Players:Expansion2_Players::LEADER_NZINGA_MBANDE,Players:Expansion2_Players::LEADER_PHILIP_II,Players:Expansion2_Players::LEADER_PHILIP_II_INLAND,Players:Expansion2_Players::LEADER_BARBAROSSA,Players:Expansion2_Players::LEADER_GORGO,Players:Expansion2_Players::LEADER_HARDRADA,Players:Expansion2_Players::LEADER_HARALD_ALT,Players:Expansion2_Players::LEADER_KUBLAI_KHAN_MONGOLIA,Players:Expansion2_Players::LEADER_KUBLAI_KHAN_CHINA,Players:Expansion2_Players::LEADER_GILGAMESH,Players:Expansion2_Players::LEADER_CYRUS,Players:Expansion2_Players::LEADER_CATHERINE_DE_MEDICI,Players:Expansion2_Players::LEADER_CATHERINE_DE_MEDICI_ALT,Players:Expansion2_Players::LEADER_KRISTINA,Players:Expansion2_Players::LEADER_CLEOPATRA,Players:Expansion2_Players::LEADER_CLEOPATRA_ALT,Players:Expansion2_Players::LEADER_KUPE,Players:Expansion2_Players::LEADER_RAMSES,Players:Expansion2_Players::LEADER_LAUTARO,Players:Expansion2_Players::LEADER_LADY_SIX_SKY,Players:Expansion2_Players::LEADER_LUDWIG,Players:Expansion2_Players::LEADER_ROBERT_THE_BRUCE,Players:Expansion2_Players::LEADER_MONTEZUMA,Players:Expansion2_Players::LEADER_MENELIK,Players:Expansion2_Players::LEADER_MVEMBA,Players:Expansion2_Players::LEADER_NADER_SHAH,Players:Expansion2_Players::LEADER_PACHACUTI,Players:Expansion2_Players::LEADER_POUNDMAKER,Players:Expansion2_Players::LEADER_PEDRO,Players:Expansion2_Players::LEADER_SHAKA,Players:Expansion2_Players::LEADER_QIN_ALT,Players:Expansion2_Players::LEADER_QIN,Players:Expansion2_Players::LEADER_JOAO_III,Players:Expansion2_Players::LEADER_SALADIN_ALT,Players:Expansion2_Players::LEADER_SALADIN,Players:Expansion2_Players::LEADER_SEONDEOK,Players:Expansion2_Players::LEADER_SEJONG,Players:Expansion2_Players::LEADER_SULEIMAN_ALT,Players:Expansion2_Players::LEADER_SULEIMAN,Players:Expansion2_Players::LEADER_TAMAR,Players:Expansion2_Players::LEADER_T_ROOSEVELT,Players:Expansion2_Players::LEADER_GITARJA,Players:Expansion2_Players::LEADER_TRAJAN,Players:Expansion2_Players::LEADER_TOMYRIS,Players:Expansion2_Players::LEADER_LAURIER,Players:Expansion2_Players::LEADER_WILHELMINA,Players:Expansion2_Players::LEADER_WILHELMINA_INLAND,Players:Expansion2_Players::LEADER_VICTORIA,Players:Expansion2_Players::LEADER_VICTORIA_ALT,Players:Expansion2_Players::LEADER_WU_ZETIAN,Players:Expansion2_Players::LEADER_SIMON_BOLIVAR,Players:Expansion2_Players::LEADER_MATTHIAS_CORVINUS,Players:Expansion2_Players::LEADER_JADWIGA,Players:Expansion2_Players::LEADER_ABRAHAM_LINCOLN,Players:Expansion2_Players::LEADER_ALEXANDER,Players:Expansion2_Players::LEADER_ELIZABETH,Players:Expansion2_Players::LEADER_YONGLE,Players:Expansion2_Players::LEADER_JOHN_CURTIN,Players:Expansion2_Players::LEADER_LADY_TRIEU
Config CONFIGURATION_PLAYER, Key LEADER_VALUE_DOMAIN (0xcdbd103d), subtype 6, changed to Players:*
Config CONFIGURATION_PLAYER, Key LEADER_NAME (0xf043351a), subtype 7, changed to null
Config CONFIGURATION_PLAYER, Key LEADER_TYPE_NAME (0xe8cd5e5f), subtype 7, changed to null
Config CONFIGURATION_PLAYER, Key LEADER_RANDOM_POOL_ID (0x402bf356), subtype 7, changed to 0x00000000
Config CONFIGURATION_PLAYER, Key LEADER_RANDOM_POOL_ID (0x402bf356), subtype 7, changed to 0
Config CONFIGURATION_PLAYER, Key LEADER_DOMAIN (0x4fe363bb), subtype 7, changed to Players:Expansion2_Players
Config CONFIGURATION_PLAYER, Key LEADER_VALUES (0xd2ed3156), subtype 7, changed to Players:*::RANDOM,Players:*::RANDOM_POOL1,Players:*::RANDOM_POOL2,Players:Expansion2_Players::LEADER_ELEANOR_FRANCE,Players:Expansion2_Players::LEADER_ELEANOR_ENGLAND,Players:Expansion2_Players::LEADER_AMBIORIX,Players:Expansion2_Players::LEADER_BASIL,Players:Expansion2_Players::LEADER_HOJO,Players:Expansion2_Players::LEADER_HOJO_INLAND,Players:Expansion2_Players::LEADER_PETER_GREAT,Players:Expansion2_Players::LEADER_PERICLES,Players:Expansion2_Players::LEADER_GENGHIS_KHAN,Players:Expansion2_Players::LEADER_TOKUGAWA,Players:Expansion2_Players::LEADER_THEODORA,Players:Expansion2_Players::LEADER_DIDO,Players:Expansion2_Players::LEADER_JAYAVARMAN,Players:Expansion2_Players::LEADER_NZINGA_MBANDE,Players:Expansion2_Players::LEADER_PHILIP_II,Players:Expansion2_Players::LEADER_PHILIP_II_INLAND,Players:Expansion2_Players::LEADER_BARBAROSSA,Players:Expansion2_Players::LEADER_GORGO,Players:Expansion2_Players::LEADER_HARDRADA,Players:Expansion2_Players::LEADER_HARALD_ALT,Players:Expansion2_Players::LEADER_KUBLAI_KHAN_MONGOLIA,Players:Expansion2_Players::LEADER_KUBLAI_KHAN_CHINA,Players:Expansion2_Players::LEADER_GILGAMESH,Players:Expansion2_Players::LEADER_CYRUS,Players:Expansion2_Players::LEADER_CATHERINE_DE_MEDICI,Players:Expansion2_Players::LEADER_CATHERINE_DE_MEDICI_ALT,Players:Expansion2_Players::LEADER_KRISTINA,Players:Expansion2_Players::LEADER_CLEOPATRA,Players:Expansion2_Players::LEADER_CLEOPATRA_ALT,Players:Expansion2_Players::LEADER_KUPE,Players:Expansion2_Players::LEADER_RAMSES,Players:Expansion2_Players::LEADER_LAUTARO,Players:Expansion2_Players::LEADER_LADY_SIX_SKY,Players:Expansion2_Players::LEADER_LUDWIG,Players:Expansion2_Players::LEADER_ROBERT_THE_BRUCE,Players:Expansion2_Players::LEADER_MONTEZUMA,Players:Expansion2_Players::LEADER_MENELIK,Players:Expansion2_Players::LEADER_MVEMBA,Players:Expansion2_Players::LEADER_NADER_SHAH,Players:Expansion2_Players::LEADER_PACHACUTI,Players:Expansion2_Players::LEADER_POUNDMAKER,Players:Expansion2_Players::LEADER_PEDRO,Players:Expansion2_Players::LEADER_SHAKA,Players:Expansion2_Players::LEADER_QIN_ALT,Players:Expansion2_Players::LEADER_QIN,Players:Expansion2_Players::LEADER_JOAO_III,Players:Expansion2_Players::LEADER_SALADIN_ALT,Players:Expansion2_Players::LEADER_SALADIN,Players:Expansion2_Players::LEADER_SEONDEOK,Players:Expansion2_Players::LEADER_SEJONG,Players:Expansion2_Players::LEADER_SULEIMAN_ALT,Players:Expansion2_Players::LEADER_SULEIMAN,Players:Expansion2_Players::LEADER_TAMAR,Players:Expansion2_Players::LEADER_T_ROOSEVELT,Players:Expansion2_Players::LEADER_GITARJA,Players:Expansion2_Players::LEADER_TRAJAN,Players:Expansion2_Players::LEADER_TOMYRIS,Players:Expansion2_Players::LEADER_LAURIER,Players:Expansion2_Players::LEADER_WILHELMINA,Players:Expansion2_Players::LEADER_WILHELMINA_INLAND,Players:Expansion2_Players::LEADER_VICTORIA,Players:Expansion2_Players::LEADER_VICTORIA_ALT,Players:Expansion2_Players::LEADER_WU_ZETIAN,Players:Expansion2_Players::LEADER_SIMON_BOLIVAR,Players:Expansion2_Players::LEADER_MATTHIAS_CORVINUS,Players:Expansion2_Players::LEADER_JADWIGA,Players:Expansion2_Players::LEADER_ABRAHAM_LINCOLN,Players:Expansion2_Players::LEADER_ALEXANDER,Players:Expansion2_Players::LEADER_ELIZABETH,Players:Expansion2_Players::LEADER_YONGLE,Players:Expansion2_Players::LEADER_JOHN_CURTIN,Players:Expansion2_Players::LEADER_LADY_TRIEU
Config CONFIGURATION_PLAYER, Key LEADER_VALUE_DOMAIN (0xcdbd103d), subtype 7, changed to Players:*
Config CONFIGURATION_PLAYER, Key LEADER_NAME (0xf043351a), subtype 8, changed to null
Config CONFIGURATION_PLAYER, Key LEADER_TYPE_NAME (0xe8cd5e5f), subtype 8, changed to null
Config CONFIGURATION_PLAYER, Key LEADER_RANDOM_POOL_ID (0x402bf356), subtype 8, changed to 0x00000000
Config CONFIGURATION_PLAYER, Key LEADER_RANDOM_POOL_ID (0x402bf356), subtype 8, changed to 0
Config CONFIGURATION_PLAYER, Key LEADER_DOMAIN (0x4fe363bb), subtype 8, changed to Players:Expansion2_Players
Config CONFIGURATION_PLAYER, Key LEADER_VALUES (0xd2ed3156), subtype 8, changed to Players:*::RANDOM,Players:*::RANDOM_POOL1,Players:*::RANDOM_POOL2,Players:Expansion2_Players::LEADER_ELEANOR_FRANCE,Players:Expansion2_Players::LEADER_ELEANOR_ENGLAND,Players:Expansion2_Players::LEADER_AMBIORIX,Players:Expansion2_Players::LEADER_BASIL,Players:Expansion2_Players::LEADER_HOJO,Players:Expansion2_Players::LEADER_HOJO_INLAND,Players:Expansion2_Players::LEADER_PETER_GREAT,Players:Expansion2_Players::LEADER_PERICLES,Players:Expansion2_Players::LEADER_GENGHIS_KHAN,Players:Expansion2_Players::LEADER_TOKUGAWA,Players:Expansion2_Players::LEADER_THEODORA,Players:Expansion2_Players::LEADER_DIDO,Players:Expansion2_Players::LEADER_JAYAVARMAN,Players:Expansion2_Players::LEADER_NZINGA_MBANDE,Players:Expansion2_Players::LEADER_PHILIP_II,Players:Expansion2_Players::LEADER_PHILIP_II_INLAND,Players:Expansion2_Players::LEADER_BARBAROSSA,Players:Expansion2_Players::LEADER_GORGO,Players:Expansion2_Players::LEADER_HARDRADA,Players:Expansion2_Players::LEADER_HARALD_ALT,Players:Expansion2_Players::LEADER_KUBLAI_KHAN_MONGOLIA,Players:Expansion2_Players::LEADER_KUBLAI_KHAN_CHINA,Players:Expansion2_Players::LEADER_GILGAMESH,Players:Expansion2_Players::LEADER_CYRUS,Players:Expansion2_Players::LEADER_CATHERINE_DE_MEDICI,Players:Expansion2_Players::LEADER_CATHERINE_DE_MEDICI_ALT,Players:Expansion2_Players::LEADER_KRISTINA,Players:Expansion2_Players::LEADER_CLEOPATRA,Players:Expansion2_Players::LEADER_CLEOPATRA_ALT,Players:Expansion2_Players::LEADER_KUPE,Players:Expansion2_Players::LEADER_RAMSES,Players:Expansion2_Players::LEADER_LAUTARO,Players:Expansion2_Players::LEADER_LADY_SIX_SKY,Players:Expansion2_Players::LEADER_LUDWIG,Players:Expansion2_Players::LEADER_ROBERT_THE_BRUCE,Players:Expansion2_Players::LEADER_MONTEZUMA,Players:Expansion2_Players::LEADER_MENELIK,Players:Expansion2_Players::LEADER_MVEMBA,Players:Expansion2_Players::LEADER_NADER_SHAH,Players:Expansion2_Players::LEADER_PACHACUTI,Players:Expansion2_Players::LEADER_POUNDMAKER,Players:Expansion2_Players::LEADER_PEDRO,Players:Expansion2_Players::LEADER_SHAKA,Players:Expansion2_Players::LEADER_QIN_ALT,Players:Expansion2_Players::LEADER_QIN,Players:Expansion2_Players::LEADER_JOAO_III,Players:Expansion2_Players::LEADER_SALADIN_ALT,Players:Expansion2_Players::LEADER_SALADIN,Players:Expansion2_Players::LEADER_SEONDEOK,Players:Expansion2_Players::LEADER_SEJONG,Players:Expansion2_Players::LEADER_SULEIMAN_ALT,Players:Expansion2_Players::LEADER_SULEIMAN,Players:Expansion2_Players::LEADER_TAMAR,Players:Expansion2_Players::LEADER_T_ROOSEVELT,Players:Expansion2_Players::LEADER_GITARJA,Players:Expansion2_Players::LEADER_TRAJAN,Players:Expansion2_Players::LEADER_TOMYRIS,Players:Expansion2_Players::LEADER_LAURIER,Players:Expansion2_Players::LEADER_WILHELMINA,Players:Expansion2_Players::LEADER_WILHELMINA_INLAND,Players:Expansion2_Players::LEADER_VICTORIA,Players:Expansion2_Players::LEADER_VICTORIA_ALT,Players:Expansion2_Players::LEADER_WU_ZETIAN,Players:Expansion2_Players::LEADER_SIMON_BOLIVAR,Players:Expansion2_Players::LEADER_MATTHIAS_CORVINUS,Players:Expansion2_Players::LEADER_JADWIGA,Players:Expansion2_Players::LEADER_ABRAHAM_LINCOLN,Players:Expansion2_Players::LEADER_ALEXANDER,Players:Expansion2_Players::LEADER_ELIZABETH,Players:Expansion2_Players::LEADER_YONGLE,Players:Expansion2_Players::LEADER_JOHN_CURTIN,Players:Expansion2_Players::LEADER_LADY_TRIEU
Config CONFIGURATION_PLAYER, Key LEADER_VALUE_DOMAIN (0xcdbd103d), subtype 8, changed to Players:*
Config CONFIGURATION_PLAYER, Key LEADER_NAME (0xf043351a), subtype 9, changed to null
Config CONFIGURATION_PLAYER, Key LEADER_TYPE_NAME (0xe8cd5e5f), subtype 9, changed to null
Config CONFIGURATION_PLAYER, Key LEADER_RANDOM_POOL_ID (0x402bf356), subtype 9, changed to 0x00000000
Config CONFIGURATION_PLAYER, Key LEADER_RANDOM_POOL_ID (0x402bf356), subtype 9, changed to 0
Config CONFIGURATION_PLAYER, Key LEADER_DOMAIN (0x4fe363bb), subtype 9, changed to Players:Expansion2_Players
Config CONFIGURATION_PLAYER, Key LEADER_VALUES (0xd2ed3156), subtype 9, changed to Players:*::RANDOM,Players:*::RANDOM_POOL1,Players:*::RANDOM_POOL2,Players:Expansion2_Players::LEADER_ELEANOR_FRANCE,Players:Expansion2_Players::LEADER_ELEANOR_ENGLAND,Players:Expansion2_Players::LEADER_AMBIORIX,Players:Expansion2_Players::LEADER_BASIL,Players:Expansion2_Players::LEADER_HOJO,Players:Expansion2_Players::LEADER_HOJO_INLAND,Players:Expansion2_Players::LEADER_PETER_GREAT,Players:Expansion2_Players::LEADER_PERICLES,Players:Expansion2_Players::LEADER_GENGHIS_KHAN,Players:Expansion2_Players::LEADER_TOKUGAWA,Players:Expansion2_Players::LEADER_THEODORA,Players:Expansion2_Players::LEADER_DIDO,Players:Expansion2_Players::LEADER_JAYAVARMAN,Players:Expansion2_Players::LEADER_NZINGA_MBANDE,Players:Expansion2_Players::LEADER_PHILIP_II,Players:Expansion2_Players::LEADER_PHILIP_II_INLAND,Players:Expansion2_Players::LEADER_BARBAROSSA,Players:Expansion2_Players::LEADER_GORGO,Players:Expansion2_Players::LEADER_HARDRADA,Players:Expansion2_Players::LEADER_HARALD_ALT,Players:Expansion2_Players::LEADER_KUBLAI_KHAN_MONGOLIA,Players:Expansion2_Players::LEADER_KUBLAI_KHAN_CHINA,Players:Expansion2_Players::LEADER_GILGAMESH,Players:Expansion2_Players::LEADER_CYRUS,Players:Expansion2_Players::LEADER_CATHERINE_DE_MEDICI,Players:Expansion2_Players::LEADER_CATHERINE_DE_MEDICI_ALT,Players:Expansion2_Players::LEADER_KRISTINA,Players:Expansion2_Players::LEADER_CLEOPATRA,Players:Expansion2_Players::LEADER_CLEOPATRA_ALT,Players:Expansion2_Players::LEADER_KUPE,Players:Expansion2_Players::LEADER_RAMSES,Players:Expansion2_Players::LEADER_LAUTARO,Players:Expansion2_Players::LEADER_LADY_SIX_SKY,Players:Expansion2_Players::LEADER_LUDWIG,Players:Expansion2_Players::LEADER_ROBERT_THE_BRUCE,Players:Expansion2_Players::LEADER_MONTEZUMA,Players:Expansion2_Players::LEADER_MENELIK,Players:Expansion2_Players::LEADER_MVEMBA,Players:Expansion2_Players::LEADER_NADER_SHAH,Players:Expansion2_Players::LEADER_PACHACUTI,Players:Expansion2_Players::LEADER_POUNDMAKER,Players:Expansion2_Players::LEADER_PEDRO,Players:Expansion2_Players::LEADER_SHAKA,Players:Expansion2_Players::LEADER_QIN_ALT,Players:Expansion2_Players::LEADER_QIN,Players:Expansion2_Players::LEADER_JOAO_III,Players:Expansion2_Players::LEADER_SALADIN_ALT,Players:Expansion2_Players::LEADER_SALADIN,Players:Expansion2_Players::LEADER_SEONDEOK,Players:Expansion2_Players::LEADER_SEJONG,Players:Expansion2_Players::LEADER_SULEIMAN_ALT,Players:Expansion2_Players::LEADER_SULEIMAN,Players:Expansion2_Players::LEADER_TAMAR,Players:Expansion2_Players::LEADER_T_ROOSEVELT,Players:Expansion2_Players::LEADER_GITARJA,Players:Expansion2_Players::LEADER_TRAJAN,Players:Expansion2_Players::LEADER_TOMYRIS,Players:Expansion2_Players::LEADER_LAURIER,Players:Expansion2_Players::LEADER_WILHELMINA,Players:Expansion2_Players::LEADER_WILHELMINA_INLAND,Players:Expansion2_Players::LEADER_VICTORIA,Players:Expansion2_Players::LEADER_VICTORIA_ALT,Players:Expansion2_Players::LEADER_WU_ZETIAN,Players:Expansion2_Players::LEADER_SIMON_BOLIVAR,Players:Expansion2_Players::LEADER_MATTHIAS_CORVINUS,Players:Expansion2_Players::LEADER_JADWIGA,Players:Expansion2_Players::LEADER_ABRAHAM_LINCOLN,Players:Expansion2_Players::LEADER_ALEXANDER,Players:Expansion2_Players::LEADER_ELIZABETH,Players:Expansion2_Players::LEADER_YONGLE,Players:Expansion2_Players::LEADER_JOHN_CURTIN,Players:Expansion2_Players::LEADER_LADY_TRIEU
Config CONFIGURATION_PLAYER, Key LEADER_VALUE_DOMAIN (0xcdbd103d), subtype 9, changed to Players:*
Config CONFIGURATION_PLAYER, Key SLOT_STATUS (0xce42b995), subtype 8, changed to 1
Config CONFIGURATION_PLAYER, Key CIVILIZATION_LEVEL_TYPE_NAME (0xca55abbe), subtype 8, changed to CIVILIZATION_LEVEL_FULL_CIV
Config CONFIGURATION_PLAYER, Key CIVILIZATION_LEVEL_TYPE_ID (0x830ffc46), subtype 8, changed to 0x253718b0
Config CONFIGURATION_PLAYER, Key HOTSEAT_PASSWORD (0x6e7cd16c), subtype 8, changed to null
Config CONFIGURATION_PLAYER, Key TEAM (0x0d8ab454), subtype 8, changed to -1
Config CONFIGURATION_PLAYER, Key IS_ALIVE (0x62a7dfa6), subtype 8, changed to true
Config CONFIGURATION_PLAYER, Key SLOT_STATUS (0xce42b995), subtype 9, changed to 1
Config CONFIGURATION_PLAYER, Key CIVILIZATION_LEVEL_TYPE_NAME (0xca55abbe), subtype 9, changed to CIVILIZATION_LEVEL_FULL_CIV
Config CONFIGURATION_PLAYER, Key CIVILIZATION_LEVEL_TYPE_ID (0x830ffc46), subtype 9, changed to 0x253718b0
Config CONFIGURATION_PLAYER, Key HOTSEAT_PASSWORD (0x6e7cd16c), subtype 9, changed to null
Config CONFIGURATION_PLAYER, Key TEAM (0x0d8ab454), subtype 9, changed to -1
Config CONFIGURATION_PLAYER, Key IS_ALIVE (0x62a7dfa6), subtype 9, changed to true
Config CONFIGURATION_PLAYER, Key HANDICAP_TYPE_ID (0xf85bf1dc), subtype 5, changed to -1874486710
Config CONFIGURATION_PLAYER, Key HANDICAP_TYPE_ID (0xf85bf1dc), subtype 6, changed to -1874486710
Config CONFIGURATION_PLAYER, Key HANDICAP_TYPE_ID (0xf85bf1dc), subtype 7, changed to -1874486710
Config CONFIGURATION_PLAYER, Key HANDICAP_TYPE_ID (0xf85bf1dc), subtype 8, changed to -1874486710
Config CONFIGURATION_PLAYER, Key HANDICAP_TYPE_ID (0xf85bf1dc), subtype 9, changed to -1874486710
Config CONFIGURATION_PLAYER, Key TEAM (0x0d8ab454), subtype 5, changed to 1
Config CONFIGURATION_PLAYER, Key TEAM (0x0d8ab454), subtype 6, changed to 1
Config CONFIGURATION_PLAYER, Key TEAM (0x0d8ab454), subtype 7, changed to 1
Config CONFIGURATION_PLAYER, Key TEAM (0x0d8ab454), subtype 8, changed to 1
Config CONFIGURATION_PLAYER, Key TEAM (0x0d8ab454), subtype 9, changed to 1
Config CONFIGURATION_PLAYER, Key READY_STATUS (0xa4bd04b1), subtype 1, changed to true
Config CONFIGURATION_PLAYER, Key READY_STATUS (0xa4bd04b1), subtype 1, changed to false
Config CONFIGURATION_PLAYER, Key SLOT_STATUS (0xce42b995), subtype 0, changed to 0
Config CONFIGURATION_PLAYER, Key SLOT_STATUS (0xce42b995), subtype 0, changed to 1
Config CONFIGURATION_PLAYER, Key CIVILIZATION_LEVEL_TYPE_NAME (0xca55abbe), subtype 0, changed to CIVILIZATION_LEVEL_FULL_CIV
Config CONFIGURATION_PLAYER, Key HOTSEAT_PASSWORD (0x6e7cd16c), subtype 0, changed to null
Config CONFIGURATION_PLAYER, Key SLOT_STATUS (0xce42b995), subtype 2, changed to 1
Sent GameConfigurationRebuilt
Config CONFIGURATION_GAME, Key Unknown (0x941dd5d0), subtype 0, changed to true
Config CONFIGURATION_GAME, Key RULESET (0x34a1e258), subtype 0, removed
Config CONFIGURATION_MAP, Key MAP_SCRIPT (0x63d8875a), subtype 0, changed to Pangaea.lua
Config CONFIGURATION_MAP, Key MAP_NAME (0x35069524), subtype 0, changed to {"LOC_MAP_PANGAEA":[{"locale":"en_US","text":"Pangaea"},{"locale":"fr_FR","text":"Pangée"},{"locale":"de_DE","text":"Pangäa"},{"locale":"it_IT","text":"Pangea"},{"locale":"es_ES","text":"Pangea"},{"locale":"ja_JP","text":"パンゲア"},{"locale":"ru_RU","text":"Пангея"},{"locale":"pl_PL","text":"Pangea"},{"locale":"ko_KR","text":"판게아"},{"locale":"zh_Hant_HK","text":"盤古大陸"},{"locale":"zh_Hans_CN","text":"盘古大陆"},{"locale":"pt_BR","text":"Pangeia"}]}
Config CONFIGURATION_MAP, Key MAP_DOMAIN (0xd8f01e6b), subtype 0, changed to StandardMaps
Config CONFIGURATION_MAP, Key MAP_SIZE (0x9ce5cf48), subtype 0, changed to -1837222328
Config CONFIGURATION_MAP, Key MAP_MAX_MAJOR_PLAYERS (0x2fda36b3), subtype 0, changed to 0x00000018
Config CONFIGURATION_MAP, Key MAP_MAX_MINOR_PLAYERS (0x8c84e73d), subtype 0, changed to 0x00000000
Config CONFIGURATION_MAP, Key MAP_MAX_MINOR_PLAYERS (0x990f33cf), subtype 0, changed to 0x0000000e
Config CONFIGURATION_MAP, Key resources (0x10991451), subtype 0, changed to 2
Config CONFIGURATION_MAP, Key BBSStratRes (0xb019c448), subtype 0, changed to 0
Config CONFIGURATION_MAP, Key BBSNatural (0x454f9061), subtype 0, changed to 1
Config CONFIGURATION_MAP, Key world_age (0x2193fea0), subtype 0, changed to 2
Config CONFIGURATION_MAP, Key BBSRidge (0xf4acd466), subtype 0, changed to 0
Config CONFIGURATION_MAP, Key BBMMaxFloodplainsSize (0x53f18580), subtype 0, changed to 8
Config CONFIGURATION_MAP, Key BBMBreakClumps (0x2dc11de3), subtype 0, changed to true
Config CONFIGURATION_MAP, Key BBMBreakDesert (0xbafeb66f), subtype 0, changed to false
Config CONFIGURATION_MAP, Key BBMLuxExp1 (0x5de97cf3), subtype 0, changed to false
Config CONFIGURATION_MAP, Key BBMMinAttempts (0x7a925ca5), subtype 0, changed to 5
Config CONFIGURATION_MAP, Key BBMMinDistance (0xd9c72140), subtype 0, changed to 0
Config CONFIGURATION_MAP, Key start (0x6086aa70), subtype 0, changed to 1
Config CONFIGURATION_MAP, Key temperature (0x41b1d593), subtype 0, changed to 2
Config CONFIGURATION_MAP, Key rainfall (0x8a846684), subtype 0, changed to 2
Config CONFIGURATION_MAP, Key sea_level (0xc4027ce3), subtype 0, changed to 2
Config CONFIGURATION_MAP, Key MapName (0xa260062c), subtype 0, changed to Pangaea
Config CONFIGURATION_MAP, Key BBM_Team_Spawn (0x2cd6cc7d), subtype 0, changed to 0
Config CONFIGURATION_MAP, Key BBMExtraHills (0x205752cc), subtype 0, changed to false
Config CONFIGURATION_MAP, Key BBMWraparound (0x590e27a0), subtype 0, changed to 0
Config CONFIGURATION_PLAYER, Key LEADER_NAME (0xf043351a), subtype 0, changed to null
Config CONFIGURATION_PLAYER, Key LEADER_TYPE_NAME (0xe8cd5e5f), subtype 0, changed to null
Config CONFIGURATION_PLAYER, Key LEADER_RANDOM_POOL_ID (0x402bf356), subtype 0, changed to 0
Config CONFIGURATION_PLAYER, Key LEADER_DOMAIN (0x4fe363bb), subtype 0, changed to Players:Expansion2_Players
Config CONFIGURATION_PLAYER, Key LEADER_VALUES (0xd2ed3156), subtype 0, changed to Players:*::RANDOM,Players:*::RANDOM_POOL1,Players:*::RANDOM_POOL2,Players:Expansion2_Players::LEADER_ELEANOR_FRANCE,Players:Expansion2_Players::LEADER_ELEANOR_ENGLAND,Players:Expansion2_Players::LEADER_AMANITORE,Players:Expansion2_Players::LEADER_AMBIORIX,Players:Expansion2_Players::LEADER_BASIL,Players:Expansion2_Players::LEADER_HOJO,Players:Expansion2_Players::LEADER_HOJO_INLAND,Players:Expansion2_Players::LEADER_PETER_GREAT,Players:Expansion2_Players::LEADER_PERICLES,Players:Expansion2_Players::LEADER_GENGHIS_KHAN,Players:Expansion2_Players::LEADER_TOKUGAWA,Players:Expansion2_Players::LEADER_THEODORA,Players:Expansion2_Players::LEADER_DIDO,Players:Expansion2_Players::LEADER_JAYAVARMAN,Players:Expansion2_Players::LEADER_NZINGA_MBANDE,Players:Expansion2_Players::LEADER_PHILIP_II,Players:Expansion2_Players::LEADER_PHILIP_II_INLAND,Players:Expansion2_Players::LEADER_BARBAROSSA,Players:Expansion2_Players::LEADER_GANDHI,Players:Expansion2_Players::LEADER_GORGO,Players:Expansion2_Players::LEADER_HARDRADA,Players:Expansion2_Players::LEADER_HARALD_ALT,Players:Expansion2_Players::LEADER_HAMMURABI,Players:Expansion2_Players::LEADER_KUBLAI_KHAN_MONGOLIA,Players:Expansion2_Players::LEADER_KUBLAI_KHAN_CHINA,Players:Expansion2_Players::LEADER_GILGAMESH,Players:Expansion2_Players::LEADER_CYRUS,Players:Expansion2_Players::LEADER_CATHERINE_DE_MEDICI,Players:Expansion2_Players::LEADER_CATHERINE_DE_MEDICI_ALT,Players:Expansion2_Players::LEADER_KRISTINA,Players:Expansion2_Players::LEADER_CLEOPATRA,Players:Expansion2_Players::LEADER_CLEOPATRA_ALT,Players:Expansion2_Players::LEADER_KUPE,Players:Expansion2_Players::LEADER_RAMSES,Players:Expansion2_Players::LEADER_LAUTARO,Players:Expansion2_Players::LEADER_LADY_SIX_SKY,Players:Expansion2_Players::LEADER_LUDWIG,Players:Expansion2_Players::LEADER_ROBERT_THE_BRUCE,Players:Expansion2_Players::LEADER_MANSA_MUSA,Players:Expansion2_Players::LEADER_MONTEZUMA,Players:Expansion2_Players::LEADER_MENELIK,Players:Expansion2_Players::LEADER_MVEMBA,Players:Expansion2_Players::LEADER_NADER_SHAH,Players:Expansion2_Players::LEADER_PACHACUTI,Players:Expansion2_Players::LEADER_POUNDMAKER,Players:Expansion2_Players::LEADER_PEDRO,Players:Expansion2_Players::LEADER_SHAKA,Players:Expansion2_Players::LEADER_QIN_ALT,Players:Expansion2_Players::LEADER_QIN,Players:Expansion2_Players::LEADER_JOAO_III,Players:Expansion2_Players::LEADER_SALADIN_ALT,Players:Expansion2_Players::LEADER_SALADIN,Players:Expansion2_Players::LEADER_SEONDEOK,Players:Expansion2_Players::LEADER_SEJONG,Players:Expansion2_Players::LEADER_SUNDIATA_KEITA,Players:Expansion2_Players::LEADER_SULEIMAN_ALT,Players:Expansion2_Players::LEADER_SULEIMAN,Players:Expansion2_Players::LEADER_TAMAR,Players:Expansion2_Players::LEADER_T_ROOSEVELT,Players:Expansion2_Players::LEADER_GITARJA,Players:Expansion2_Players::LEADER_TRAJAN,Players:Expansion2_Players::LEADER_TOMYRIS,Players:Expansion2_Players::LEADER_LAURIER,Players:Expansion2_Players::LEADER_WILHELMINA,Players:Expansion2_Players::LEADER_WILHELMINA_INLAND,Players:Expansion2_Players::LEADER_VICTORIA,Players:Expansion2_Players::LEADER_VICTORIA_ALT,Players:Expansion2_Players::LEADER_WU_ZETIAN,Players:Expansion2_Players::LEADER_SIMON_BOLIVAR,Players:Expansion2_Players::LEADER_MATTHIAS_CORVINUS,Players:Expansion2_Players::LEADER_JADWIGA,Players:Expansion2_Players::LEADER_ABRAHAM_LINCOLN,Players:Expansion2_Players::LEADER_ALEXANDER,Players:Expansion2_Players::LEADER_ELIZABETH,Players:Expansion2_Players::LEADER_YONGLE,Players:Expansion2_Players::LEADER_JOHN_CURTIN,Players:Expansion2_Players::LEADER_CHANDRAGUPTA,Players:Expansion2_Players::LEADER_LADY_TRIEU
Config CONFIGURATION_PLAYER, Key LEADER_VALUE_DOMAIN (0xcdbd103d), subtype 0, changed to Players:*
Config CONFIGURATION_PLAYER, Key IS_LOCKED (0xce1b9dc2), subtype 0, changed to 0
Config CONFIGURATION_PLAYER, Key LEADER_NAME (0xf043351a), subtype 1, changed to null
Config CONFIGURATION_PLAYER, Key LEADER_TYPE_NAME (0xe8cd5e5f), subtype 1, changed to null
Config CONFIGURATION_PLAYER, Key LEADER_RANDOM_POOL_ID (0x402bf356), subtype 1, changed to 0
Config CONFIGURATION_PLAYER, Key LEADER_DOMAIN (0x4fe363bb), subtype 1, changed to Players:Expansion2_Players
Config CONFIGURATION_PLAYER, Key LEADER_VALUES (0xd2ed3156), subtype 1, changed to Players:*::RANDOM,Players:*::RANDOM_POOL1,Players:*::RANDOM_POOL2,Players:Expansion2_Players::LEADER_ELEANOR_FRANCE,Players:Expansion2_Players::LEADER_ELEANOR_ENGLAND,Players:Expansion2_Players::LEADER_AMANITORE,Players:Expansion2_Players::LEADER_AMBIORIX,Players:Expansion2_Players::LEADER_BASIL,Players:Expansion2_Players::LEADER_HOJO,Players:Expansion2_Players::LEADER_HOJO_INLAND,Players:Expansion2_Players::LEADER_PETER_GREAT,Players:Expansion2_Players::LEADER_PERICLES,Players:Expansion2_Players::LEADER_GENGHIS_KHAN,Players:Expansion2_Players::LEADER_TOKUGAWA,Players:Expansion2_Players::LEADER_THEODORA,Players:Expansion2_Players::LEADER_DIDO,Players:Expansion2_Players::LEADER_JAYAVARMAN,Players:Expansion2_Players::LEADER_NZINGA_MBANDE,Players:Expansion2_Players::LEADER_PHILIP_II,Players:Expansion2_Players::LEADER_PHILIP_II_INLAND,Players:Expansion2_Players::LEADER_BARBAROSSA,Players:Expansion2_Players::LEADER_GANDHI,Players:Expansion2_Players::LEADER_GORGO,Players:Expansion2_Players::LEADER_HARDRADA,Players:Expansion2_Players::LEADER_HARALD_ALT,Players:Expansion2_Players::LEADER_HAMMURABI,Players:Expansion2_Players::LEADER_KUBLAI_KHAN_MONGOLIA,Players:Expansion2_Players::LEADER_KUBLAI_KHAN_CHINA,Players:Expansion2_Players::LEADER_GILGAMESH,Players:Expansion2_Players::LEADER_CYRUS,Players:Expansion2_Players::LEADER_CATHERINE_DE_MEDICI,Players:Expansion2_Players::LEADER_CATHERINE_DE_MEDICI_ALT,Players:Expansion2_Players::LEADER_KRISTINA,Players:Expansion2_Players::LEADER_CLEOPATRA,Players:Expansion2_Players::LEADER_CLEOPATRA_ALT,Players:Expansion2_Players::LEADER_KUPE,Players:Expansion2_Players::LEADER_RAMSES,Players:Expansion2_Players::LEADER_LAUTARO,Players:Expansion2_Players::LEADER_LADY_SIX_SKY,Players:Expansion2_Players::LEADER_LUDWIG,Players:Expansion2_Players::LEADER_ROBERT_THE_BRUCE,Players:Expansion2_Players::LEADER_MANSA_MUSA,Players:Expansion2_Players::LEADER_MONTEZUMA,Players:Expansion2_Players::LEADER_MENELIK,Players:Expansion2_Players::LEADER_MVEMBA,Players:Expansion2_Players::LEADER_NADER_SHAH,Players:Expansion2_Players::LEADER_PACHACUTI,Players:Expansion2_Players::LEADER_POUNDMAKER,Players:Expansion2_Players::LEADER_PEDRO,Players:Expansion2_Players::LEADER_SHAKA,Players:Expansion2_Players::LEADER_QIN_ALT,Players:Expansion2_Players::LEADER_QIN,Players:Expansion2_Players::LEADER_JOAO_III,Players:Expansion2_Players::LEADER_SALADIN_ALT,Players:Expansion2_Players::LEADER_SALADIN,Players:Expansion2_Players::LEADER_SEONDEOK,Players:Expansion2_Players::LEADER_SEJONG,Players:Expansion2_Players::LEADER_SUNDIATA_KEITA,Players:Expansion2_Players::LEADER_SULEIMAN_ALT,Players:Expansion2_Players::LEADER_SULEIMAN,Players:Expansion2_Players::LEADER_TAMAR,Players:Expansion2_Players::LEADER_T_ROOSEVELT,Players:Expansion2_Players::LEADER_GITARJA,Players:Expansion2_Players::LEADER_TRAJAN,Players:Expansion2_Players::LEADER_TOMYRIS,Players:Expansion2_Players::LEADER_LAURIER,Players:Expansion2_Players::LEADER_WILHELMINA,Players:Expansion2_Players::LEADER_WILHELMINA_INLAND,Players:Expansion2_Players::LEADER_VICTORIA,Players:Expansion2_Players::LEADER_VICTORIA_ALT,Players:Expansion2_Players::LEADER_WU_ZETIAN,Players:Expansion2_Players::LEADER_SIMON_BOLIVAR,Players:Expansion2_Players::LEADER_MATTHIAS_CORVINUS,Players:Expansion2_Players::LEADER_JADWIGA,Players:Expansion2_Players::LEADER_ABRAHAM_LINCOLN,Players:Expansion2_Players::LEADER_ALEXANDER,Players:Expansion2_Players::LEADER_ELIZABETH,Players:Expansion2_Players::LEADER_YONGLE,Players:Expansion2_Players::LEADER_JOHN_CURTIN,Players:Expansion2_Players::LEADER_CHANDRAGUPTA,Players:Expansion2_Players::LEADER_LADY_TRIEU
Config CONFIGURATION_PLAYER, Key LEADER_VALUE_DOMAIN (0xcdbd103d), subtype 1, changed to Players:*
Config CONFIGURATION_PLAYER, Key IS_LOCKED (0xce1b9dc2), subtype 1, changed to 0
Config CONFIGURATION_PLAYER, Key LEADER_NAME (0xf043351a), subtype 2, changed to null
Config CONFIGURATION_PLAYER, Key LEADER_TYPE_NAME (0xe8cd5e5f), subtype 2, changed to null
Config CONFIGURATION_PLAYER, Key LEADER_RANDOM_POOL_ID (0x402bf356), subtype 2, changed to 0
Config CONFIGURATION_PLAYER, Key LEADER_DOMAIN (0x4fe363bb), subtype 2, changed to Players:Expansion2_Players
Config CONFIGURATION_PLAYER, Key LEADER_VALUES (0xd2ed3156), subtype 2, changed to Players:*::RANDOM,Players:*::RANDOM_POOL1,Players:*::RANDOM_POOL2,Players:Expansion2_Players::LEADER_ELEANOR_FRANCE,Players:Expansion2_Players::LEADER_ELEANOR_ENGLAND,Players:Expansion2_Players::LEADER_AMANITORE,Players:Expansion2_Players::LEADER_AMBIORIX,Players:Expansion2_Players::LEADER_BASIL,Players:Expansion2_Players::LEADER_HOJO,Players:Expansion2_Players::LEADER_HOJO_INLAND,Players:Expansion2_Players::LEADER_PETER_GREAT,Players:Expansion2_Players::LEADER_PERICLES,Players:Expansion2_Players::LEADER_GENGHIS_KHAN,Players:Expansion2_Players::LEADER_TOKUGAWA,Players:Expansion2_Players::LEADER_THEODORA,Players:Expansion2_Players::LEADER_DIDO,Players:Expansion2_Players::LEADER_JAYAVARMAN,Players:Expansion2_Players::LEADER_NZINGA_MBANDE,Players:Expansion2_Players::LEADER_PHILIP_II,Players:Expansion2_Players::LEADER_PHILIP_II_INLAND,Players:Expansion2_Players::LEADER_BARBAROSSA,Players:Expansion2_Players::LEADER_GANDHI,Players:Expansion2_Players::LEADER_GORGO,Players:Expansion2_Players::LEADER_HARDRADA,Players:Expansion2_Players::LEADER_HARALD_ALT,Players:Expansion2_Players::LEADER_HAMMURABI,Players:Expansion2_Players::LEADER_KUBLAI_KHAN_MONGOLIA,Players:Expansion2_Players::LEADER_KUBLAI_KHAN_CHINA,Players:Expansion2_Players::LEADER_GILGAMESH,Players:Expansion2_Players::LEADER_CYRUS,Players:Expansion2_Players::LEADER_CATHERINE_DE_MEDICI,Players:Expansion2_Players::LEADER_CATHERINE_DE_MEDICI_ALT,Players:Expansion2_Players::LEADER_KRISTINA,Players:Expansion2_Players::LEADER_CLEOPATRA,Players:Expansion2_Players::LEADER_CLEOPATRA_ALT,Players:Expansion2_Players::LEADER_KUPE,Players:Expansion2_Players::LEADER_RAMSES,Players:Expansion2_Players::LEADER_LAUTARO,Players:Expansion2_Players::LEADER_LADY_SIX_SKY,Players:Expansion2_Players::LEADER_LUDWIG,Players:Expansion2_Players::LEADER_ROBERT_THE_BRUCE,Players:Expansion2_Players::LEADER_MANSA_MUSA,Players:Expansion2_Players::LEADER_MONTEZUMA,Players:Expansion2_Players::LEADER_MENELIK,Players:Expansion2_Players::LEADER_MVEMBA,Players:Expansion2_Players::LEADER_NADER_SHAH,Players:Expansion2_Players::LEADER_PACHACUTI,Players:Expansion2_Players::LEADER_POUNDMAKER,Players:Expansion2_Players::LEADER_PEDRO,Players:Expansion2_Players::LEADER_SHAKA,Players:Expansion2_Players::LEADER_QIN_ALT,Players:Expansion2_Players::LEADER_QIN,Players:Expansion2_Players::LEADER_JOAO_III,Players:Expansion2_Players::LEADER_SALADIN_ALT,Players:Expansion2_Players::LEADER_SALADIN,Players:Expansion2_Players::LEADER_SEONDEOK,Players:Expansion2_Players::LEADER_SEJONG,Players:Expansion2_Players::LEADER_SUNDIATA_KEITA,Players:Expansion2_Players::LEADER_SULEIMAN_ALT,Players:Expansion2_Players::LEADER_SULEIMAN,Players:Expansion2_Players::LEADER_TAMAR,Players:Expansion2_Players::LEADER_T_ROOSEVELT,Players:Expansion2_Players::LEADER_GITARJA,Players:Expansion2_Players::LEADER_TRAJAN,Players:Expansion2_Players::LEADER_TOMYRIS,Players:Expansion2_Players::LEADER_LAURIER,Players:Expansion2_Players::LEADER_WILHELMINA,Players:Expansion2_Players::LEADER_WILHELMINA_INLAND,Players:Expansion2_Players::LEADER_VICTORIA,Players:Expansion2_Players::LEADER_VICTORIA_ALT,Players:Expansion2_Players::LEADER_WU_ZETIAN,Players:Expansion2_Players::LEADER_SIMON_BOLIVAR,Players:Expansion2_Players::LEADER_MATTHIAS_CORVINUS,Players:Expansion2_Players::LEADER_JADWIGA,Players:Expansion2_Players::LEADER_ABRAHAM_LINCOLN,Players:Expansion2_Players::LEADER_ALEXANDER,Players:Expansion2_Players::LEADER_ELIZABETH,Players:Expansion2_Players::LEADER_YONGLE,Players:Expansion2_Players::LEADER_JOHN_CURTIN,Players:Expansion2_Players::LEADER_CHANDRAGUPTA,Players:Expansion2_Players::LEADER_LADY_TRIEU
Config CONFIGURATION_PLAYER, Key LEADER_VALUE_DOMAIN (0xcdbd103d), subtype 2, changed to Players:*
Config CONFIGURATION_PLAYER, Key IS_LOCKED (0xce1b9dc2), subtype 2, changed to 0
Config CONFIGURATION_PLAYER, Key LEADER_NAME (0xf043351a), subtype 3, changed to null
Config CONFIGURATION_PLAYER, Key LEADER_TYPE_NAME (0xe8cd5e5f), subtype 3, changed to null
Config CONFIGURATION_PLAYER, Key LEADER_RANDOM_POOL_ID (0x402bf356), subtype 3, changed to 0
Config CONFIGURATION_PLAYER, Key LEADER_DOMAIN (0x4fe363bb), subtype 3, changed to Players:Expansion2_Players
Config CONFIGURATION_PLAYER, Key LEADER_VALUES (0xd2ed3156), subtype 3, changed to Players:*::RANDOM,Players:*::RANDOM_POOL1,Players:*::RANDOM_POOL2,Players:Expansion2_Players::LEADER_ELEANOR_FRANCE,Players:Expansion2_Players::LEADER_ELEANOR_ENGLAND,Players:Expansion2_Players::LEADER_AMANITORE,Players:Expansion2_Players::LEADER_AMBIORIX,Players:Expansion2_Players::LEADER_BASIL,Players:Expansion2_Players::LEADER_HOJO,Players:Expansion2_Players::LEADER_HOJO_INLAND,Players:Expansion2_Players::LEADER_PETER_GREAT,Players:Expansion2_Players::LEADER_PERICLES,Players:Expansion2_Players::LEADER_GENGHIS_KHAN,Players:Expansion2_Players::LEADER_TOKUGAWA,Players:Expansion2_Players::LEADER_THEODORA,Players:Expansion2_Players::LEADER_DIDO,Players:Expansion2_Players::LEADER_JAYAVARMAN,Players:Expansion2_Players::LEADER_NZINGA_MBANDE,Players:Expansion2_Players::LEADER_PHILIP_II,Players:Expansion2_Players::LEADER_PHILIP_II_INLAND,Players:Expansion2_Players::LEADER_BARBAROSSA,Players:Expansion2_Players::LEADER_GANDHI,Players:Expansion2_Players::LEADER_GORGO,Players:Expansion2_Players::LEADER_HARDRADA,Players:Expansion2_Players::LEADER_HARALD_ALT,Players:Expansion2_Players::LEADER_HAMMURABI,Players:Expansion2_Players::LEADER_KUBLAI_KHAN_MONGOLIA,Players:Expansion2_Players::LEADER_KUBLAI_KHAN_CHINA,Players:Expansion2_Players::LEADER_GILGAMESH,Players:Expansion2_Players::LEADER_CYRUS,Players:Expansion2_Players::LEADER_CATHERINE_DE_MEDICI,Players:Expansion2_Players::LEADER_CATHERINE_DE_MEDICI_ALT,Players:Expansion2_Players::LEADER_KRISTINA,Players:Expansion2_Players::LEADER_CLEOPATRA,Players:Expansion2_Players::LEADER_CLEOPATRA_ALT,Players:Expansion2_Players::LEADER_KUPE,Players:Expansion2_Players::LEADER_RAMSES,Players:Expansion2_Players::LEADER_LAUTARO,Players:Expansion2_Players::LEADER_LADY_SIX_SKY,Players:Expansion2_Players::LEADER_LUDWIG,Players:Expansion2_Players::LEADER_ROBERT_THE_BRUCE,Players:Expansion2_Players::LEADER_MANSA_MUSA,Players:Expansion2_Players::LEADER_MONTEZUMA,Players:Expansion2_Players::LEADER_MENELIK,Players:Expansion2_Players::LEADER_MVEMBA,Players:Expansion2_Players::LEADER_NADER_SHAH,Players:Expansion2_Players::LEADER_PACHACUTI,Players:Expansion2_Players::LEADER_POUNDMAKER,Players:Expansion2_Players::LEADER_PEDRO,Players:Expansion2_Players::LEADER_SHAKA,Players:Expansion2_Players::LEADER_QIN_ALT,Players:Expansion2_Players::LEADER_QIN,Players:Expansion2_Players::LEADER_JOAO_III,Players:Expansion2_Players::LEADER_SALADIN_ALT,Players:Expansion2_Players::LEADER_SALADIN,Players:Expansion2_Players::LEADER_SEONDEOK,Players:Expansion2_Players::LEADER_SEJONG,Players:Expansion2_Players::LEADER_SUNDIATA_KEITA,Players:Expansion2_Players::LEADER_SULEIMAN_ALT,Players:Expansion2_Players::LEADER_SULEIMAN,Players:Expansion2_Players::LEADER_TAMAR,Players:Expansion2_Players::LEADER_T_ROOSEVELT,Players:Expansion2_Players::LEADER_GITARJA,Players:Expansion2_Players::LEADER_TRAJAN,Players:Expansion2_Players::LEADER_TOMYRIS,Players:Expansion2_Players::LEADER_LAURIER,Players:Expansion2_Players::LEADER_WILHELMINA,Players:Expansion2_Players::LEADER_WILHELMINA_INLAND,Players:Expansion2_Players::LEADER_VICTORIA,Players:Expansion2_Players::LEADER_VICTORIA_ALT,Players:Expansion2_Players::LEADER_WU_ZETIAN,Players:Expansion2_Players::LEADER_SIMON_BOLIVAR,Players:Expansion2_Players::LEADER_MATTHIAS_CORVINUS,Players:Expansion2_Players::LEADER_JADWIGA,Players:Expansion2_Players::LEADER_ABRAHAM_LINCOLN,Players:Expansion2_Players::LEADER_ALEXANDER,Players:Expansion2_Players::LEADER_ELIZABETH,Players:Expansion2_Players::LEADER_YONGLE,Players:Expansion2_Players::LEADER_JOHN_CURTIN,Players:Expansion2_Players::LEADER_CHANDRAGUPTA,Players:Expansion2_Players::LEADER_LADY_TRIEU
Config CONFIGURATION_PLAYER, Key LEADER_VALUE_DOMAIN (0xcdbd103d), subtype 3, changed to Players:*
Config CONFIGURATION_PLAYER, Key IS_LOCKED (0xce1b9dc2), subtype 3, changed to 0
Config CONFIGURATION_PLAYER, Key LEADER_NAME (0xf043351a), subtype 4, changed to null
Config CONFIGURATION_PLAYER, Key LEADER_TYPE_NAME (0xe8cd5e5f), subtype 4, changed to null
Config CONFIGURATION_PLAYER, Key LEADER_RANDOM_POOL_ID (0x402bf356), subtype 4, changed to 0
Config CONFIGURATION_PLAYER, Key LEADER_DOMAIN (0x4fe363bb), subtype 4, changed to Players:Expansion2_Players
Config CONFIGURATION_PLAYER, Key LEADER_VALUES (0xd2ed3156), subtype 4, changed to Players:*::RANDOM,Players:*::RANDOM_POOL1,Players:*::RANDOM_POOL2,Players:Expansion2_Players::LEADER_ELEANOR_FRANCE,Players:Expansion2_Players::LEADER_ELEANOR_ENGLAND,Players:Expansion2_Players::LEADER_AMANITORE,Players:Expansion2_Players::LEADER_AMBIORIX,Players:Expansion2_Players::LEADER_BASIL,Players:Expansion2_Players::LEADER_HOJO,Players:Expansion2_Players::LEADER_HOJO_INLAND,Players:Expansion2_Players::LEADER_PETER_GREAT,Players:Expansion2_Players::LEADER_PERICLES,Players:Expansion2_Players::LEADER_GENGHIS_KHAN,Players:Expansion2_Players::LEADER_TOKUGAWA,Players:Expansion2_Players::LEADER_THEODORA,Players:Expansion2_Players::LEADER_DIDO,Players:Expansion2_Players::LEADER_JAYAVARMAN,Players:Expansion2_Players::LEADER_NZINGA_MBANDE,Players:Expansion2_Players::LEADER_PHILIP_II,Players:Expansion2_Players::LEADER_PHILIP_II_INLAND,Players:Expansion2_Players::LEADER_BARBAROSSA,Players:Expansion2_Players::LEADER_GANDHI,Players:Expansion2_Players::LEADER_GORGO,Players:Expansion2_Players::LEADER_HARDRADA,Players:Expansion2_Players::LEADER_HARALD_ALT,Players:Expansion2_Players::LEADER_HAMMURABI,Players:Expansion2_Players::LEADER_KUBLAI_KHAN_MONGOLIA,Players:Expansion2_Players::LEADER_KUBLAI_KHAN_CHINA,Players:Expansion2_Players::LEADER_GILGAMESH,Players:Expansion2_Players::LEADER_CYRUS,Players:Expansion2_Players::LEADER_CATHERINE_DE_MEDICI,Players:Expansion2_Players::LEADER_CATHERINE_DE_MEDICI_ALT,Players:Expansion2_Players::LEADER_KRISTINA,Players:Expansion2_Players::LEADER_CLEOPATRA,Players:Expansion2_Players::LEADER_CLEOPATRA_ALT,Players:Expansion2_Players::LEADER_KUPE,Players:Expansion2_Players::LEADER_RAMSES,Players:Expansion2_Players::LEADER_LAUTARO,Players:Expansion2_Players::LEADER_LADY_SIX_SKY,Players:Expansion2_Players::LEADER_LUDWIG,Players:Expansion2_Players::LEADER_ROBERT_THE_BRUCE,Players:Expansion2_Players::LEADER_MANSA_MUSA,Players:Expansion2_Players::LEADER_MONTEZUMA,Players:Expansion2_Players::LEADER_MENELIK,Players:Expansion2_Players::LEADER_MVEMBA,Players:Expansion2_Players::LEADER_NADER_SHAH,Players:Expansion2_Players::LEADER_PACHACUTI,Players:Expansion2_Players::LEADER_POUNDMAKER,Players:Expansion2_Players::LEADER_PEDRO,Players:Expansion2_Players::LEADER_SHAKA,Players:Expansion2_Players::LEADER_QIN_ALT,Players:Expansion2_Players::LEADER_QIN,Players:Expansion2_Players::LEADER_JOAO_III,Players:Expansion2_Players::LEADER_SALADIN_ALT,Players:Expansion2_Players::LEADER_SALADIN,Players:Expansion2_Players::LEADER_SEONDEOK,Players:Expansion2_Players::LEADER_SEJONG,Players:Expansion2_Players::LEADER_SUNDIATA_KEITA,Players:Expansion2_Players::LEADER_SULEIMAN_ALT,Players:Expansion2_Players::LEADER_SULEIMAN,Players:Expansion2_Players::LEADER_TAMAR,Players:Expansion2_Players::LEADER_T_ROOSEVELT,Players:Expansion2_Players::LEADER_GITARJA,Players:Expansion2_Players::LEADER_TRAJAN,Players:Expansion2_Players::LEADER_TOMYRIS,Players:Expansion2_Players::LEADER_LAURIER,Players:Expansion2_Players::LEADER_WILHELMINA,Players:Expansion2_Players::LEADER_WILHELMINA_INLAND,Players:Expansion2_Players::LEADER_VICTORIA,Players:Expansion2_Players::LEADER_VICTORIA_ALT,Players:Expansion2_Players::LEADER_WU_ZETIAN,Players:Expansion2_Players::LEADER_SIMON_BOLIVAR,Players:Expansion2_Players::LEADER_MATTHIAS_CORVINUS,Players:Expansion2_Players::LEADER_JADWIGA,Players:Expansion2_Players::LEADER_ABRAHAM_LINCOLN,Players:Expansion2_Players::LEADER_ALEXANDER,Players:Expansion2_Players::LEADER_ELIZABETH,Players:Expansion2_Players::LEADER_YONGLE,Players:Expansion2_Players::LEADER_JOHN_CURTIN,Players:Expansion2_Players::LEADER_CHANDRAGUPTA,Players:Expansion2_Players::LEADER_LADY_TRIEU
Config CONFIGURATION_PLAYER, Key LEADER_VALUE_DOMAIN (0xcdbd103d), subtype 4, changed to Players:*
Config CONFIGURATION_PLAYER, Key IS_LOCKED (0xce1b9dc2), subtype 4, changed to 0
Config CONFIGURATION_PLAYER, Key LEADER_NAME (0xf043351a), subtype 5, changed to null
Config CONFIGURATION_PLAYER, Key LEADER_TYPE_NAME (0xe8cd5e5f), subtype 5, changed to null
Config CONFIGURATION_PLAYER, Key LEADER_RANDOM_POOL_ID (0x402bf356), subtype 5, changed to 0
Config CONFIGURATION_PLAYER, Key LEADER_DOMAIN (0x4fe363bb), subtype 5, changed to Players:Expansion2_Players
Config CONFIGURATION_PLAYER, Key LEADER_VALUES (0xd2ed3156), subtype 5, changed to Players:*::RANDOM,Players:*::RANDOM_POOL1,Players:*::RANDOM_POOL2,Players:Expansion2_Players::LEADER_ELEANOR_FRANCE,Players:Expansion2_Players::LEADER_ELEANOR_ENGLAND,Players:Expansion2_Players::LEADER_AMANITORE,Players:Expansion2_Players::LEADER_AMBIORIX,Players:Expansion2_Players::LEADER_BASIL,Players:Expansion2_Players::LEADER_HOJO,Players:Expansion2_Players::LEADER_HOJO_INLAND,Players:Expansion2_Players::LEADER_PETER_GREAT,Players:Expansion2_Players::LEADER_PERICLES,Players:Expansion2_Players::LEADER_GENGHIS_KHAN,Players:Expansion2_Players::LEADER_TOKUGAWA,Players:Expansion2_Players::LEADER_THEODORA,Players:Expansion2_Players::LEADER_DIDO,Players:Expansion2_Players::LEADER_JAYAVARMAN,Players:Expansion2_Players::LEADER_NZINGA_MBANDE,Players:Expansion2_Players::LEADER_PHILIP_II,Players:Expansion2_Players::LEADER_PHILIP_II_INLAND,Players:Expansion2_Players::LEADER_BARBAROSSA,Players:Expansion2_Players::LEADER_GANDHI,Players:Expansion2_Players::LEADER_GORGO,Players:Expansion2_Players::LEADER_HARDRADA,Players:Expansion2_Players::LEADER_HARALD_ALT,Players:Expansion2_Players::LEADER_HAMMURABI,Players:Expansion2_Players::LEADER_KUBLAI_KHAN_MONGOLIA,Players:Expansion2_Players::LEADER_KUBLAI_KHAN_CHINA,Players:Expansion2_Players::LEADER_GILGAMESH,Players:Expansion2_Players::LEADER_CYRUS,Players:Expansion2_Players::LEADER_CATHERINE_DE_MEDICI,Players:Expansion2_Players::LEADER_CATHERINE_DE_MEDICI_ALT,Players:Expansion2_Players::LEADER_KRISTINA,Players:Expansion2_Players::LEADER_CLEOPATRA,Players:Expansion2_Players::LEADER_CLEOPATRA_ALT,Players:Expansion2_Players::LEADER_KUPE,Players:Expansion2_Players::LEADER_RAMSES,Players:Expansion2_Players::LEADER_LAUTARO,Players:Expansion2_Players::LEADER_LADY_SIX_SKY,Players:Expansion2_Players::LEADER_LUDWIG,Players:Expansion2_Players::LEADER_ROBERT_THE_BRUCE,Players:Expansion2_Players::LEADER_MANSA_MUSA,Players:Expansion2_Players::LEADER_MONTEZUMA,Players:Expansion2_Players::LEADER_MENELIK,Players:Expansion2_Players::LEADER_MVEMBA,Players:Expansion2_Players::LEADER_NADER_SHAH,Players:Expansion2_Players::LEADER_PACHACUTI,Players:Expansion2_Players::LEADER_POUNDMAKER,Players:Expansion2_Players::LEADER_PEDRO,Players:Expansion2_Players::LEADER_SHAKA,Players:Expansion2_Players::LEADER_QIN_ALT,Players:Expansion2_Players::LEADER_QIN,Players:Expansion2_Players::LEADER_JOAO_III,Players:Expansion2_Players::LEADER_SALADIN_ALT,Players:Expansion2_Players::LEADER_SALADIN,Players:Expansion2_Players::LEADER_SEONDEOK,Players:Expansion2_Players::LEADER_SEJONG,Players:Expansion2_Players::LEADER_SUNDIATA_KEITA,Players:Expansion2_Players::LEADER_SULEIMAN_ALT,Players:Expansion2_Players::LEADER_SULEIMAN,Players:Expansion2_Players::LEADER_TAMAR,Players:Expansion2_Players::LEADER_T_ROOSEVELT,Players:Expansion2_Players::LEADER_GITARJA,Players:Expansion2_Players::LEADER_TRAJAN,Players:Expansion2_Players::LEADER_TOMYRIS,Players:Expansion2_Players::LEADER_LAURIER,Players:Expansion2_Players::LEADER_WILHELMINA,Players:Expansion2_Players::LEADER_WILHELMINA_INLAND,Players:Expansion2_Players::LEADER_VICTORIA,Players:Expansion2_Players::LEADER_VICTORIA_ALT,Players:Expansion2_Players::LEADER_WU_ZETIAN,Players:Expansion2_Players::LEADER_SIMON_BOLIVAR,Players:Expansion2_Players::LEADER_MATTHIAS_CORVINUS,Players:Expansion2_Players::LEADER_JADWIGA,Players:Expansion2_Players::LEADER_ABRAHAM_LINCOLN,Players:Expansion2_Players::LEADER_ALEXANDER,Players:Expansion2_Players::LEADER_ELIZABETH,Players:Expansion2_Players::LEADER_YONGLE,Players:Expansion2_Players::LEADER_JOHN_CURTIN,Players:Expansion2_Players::LEADER_CHANDRAGUPTA,Players:Expansion2_Players::LEADER_LADY_TRIEU
Config CONFIGURATION_PLAYER, Key LEADER_VALUE_DOMAIN (0xcdbd103d), subtype 5, changed to Players:*
Config CONFIGURATION_PLAYER, Key IS_LOCKED (0xce1b9dc2), subtype 5, changed to 0
Config CONFIGURATION_GAME, Key MPH_OFFICIAL_GAME (0x193f68f9), subtype 0, removed
Config CONFIGURATION_UNKNOWN, Key PLAYER_33 (0x012727cc), subtype 0, changed to false
Config CONFIGURATION_UNKNOWN, Key PLAYER_37 (0x064ae3d5), subtype 0, changed to false
Config CONFIGURATION_UNKNOWN, Key PLAYER_62 (0x0b57e31f), subtype 0, changed to false
Config CONFIGURATION_UNKNOWN, Key PLAYER_1 (0x1258ab5e), subtype 0, changed to false
Config CONFIGURATION_UNKNOWN, Key PLAYER_5 (0x15356f47), subtype 0, changed to false
Config CONFIGURATION_UNKNOWN, Key PLAYER_23 (0x183c168d), subtype 0, changed to false
Config CONFIGURATION_UNKNOWN, Key PLAYER_9 (0x1c83236c), subtype 0, changed to false
Config CONFIGURATION_UNKNOWN, Key PLAYER_27 (0x1f51d294), subtype 0, changed to false
Config CONFIGURATION_UNKNOWN, Key PLAYER_52 (0x207ab0dc), subtype 0, changed to false
Config CONFIGURATION_UNKNOWN, Key PLAYER_56 (0x271774c5), subtype 0, changed to false
Config CONFIGURATION_UNKNOWN, Key PLAYER_13 (0x3311454e), subtype 0, changed to false
Config CONFIGURATION_UNKNOWN, Key PLAYER_17 (0x347c8157), subtype 0, changed to false
Config CONFIGURATION_UNKNOWN, Key PLAYER_42 (0x3961819d), subtype 0, changed to false
Config CONFIGURATION_UNKNOWN, Key PLAYER_46 (0x3e0c4584), subtype 0, changed to false
Config CONFIGURATION_UNKNOWN, Key PLAYER_16 (0x437bb1c1), subtype 0, changed to false
Config CONFIGURATION_UNKNOWN, Key PLAYER_12 (0x441675d8), subtype 0, changed to false
Config CONFIGURATION_UNKNOWN, Key PLAYER_47 (0x490b7512), subtype 0, changed to false
Config CONFIGURATION_UNKNOWN, Key PLAYER_43 (0x4e66b10b), subtype 0, changed to false
Config CONFIGURATION_UNKNOWN, Key PLAYER_57 (0x50104453), subtype 0, changed to false
Config CONFIGURATION_UNKNOWN, Key PLAYER_53 (0x577d804a), subtype 0, changed to false
Config CONFIGURATION_UNKNOWN, Key PLAYER_4 (0x62325fd1), subtype 0, changed to false
Config CONFIGURATION_UNKNOWN, Key PLAYER_0 (0x655f9bc8), subtype 0, changed to false
Config CONFIGURATION_UNKNOWN, Key PLAYER_26 (0x6856e202), subtype 0, changed to false
Config CONFIGURATION_UNKNOWN, Key PLAYER_8 (0x6b8413fa), subtype 0, changed to false
Config CONFIGURATION_UNKNOWN, Key PLAYER_22 (0x6f3b261b), subtype 0, changed to false
Config CONFIGURATION_UNKNOWN, Key PLAYER_36 (0x714dd343), subtype 0, changed to false
Config CONFIGURATION_UNKNOWN, Key PLAYER_32 (0x7620175a), subtype 0, changed to false
Config CONFIGURATION_UNKNOWN, Key PLAYER_63 (0x7c50d389), subtype 0, changed to false
Config CONFIGURATION_UNKNOWN, Key MAP_ROOT (0x7dd11279), subtype 0, changed to false
Config CONFIGURATION_UNKNOWN, Key PLAYER_20 (0x81354737), subtype 0, changed to false
Config CONFIGURATION_UNKNOWN, Key PLAYER_24 (0x8658832e), subtype 0, changed to false
Config CONFIGURATION_UNKNOWN, Key GAME_ROOT (0x871d5b63), subtype 0, changed to false
Config CONFIGURATION_UNKNOWN, Key PLAYER_2 (0x8b51fae4), subtype 0, changed to false
Config CONFIGURATION_UNKNOWN, Key PLAYER_6 (0x8c3c3efd), subtype 0, changed to false
Config CONFIGURATION_UNKNOWN, Key PLAYER_28 (0x8feecf05), subtype 0, changed to false
Config CONFIGURATION_UNKNOWN, Key PLAYER_61 (0x925eb2a5), subtype 0, changed to false
Config CONFIGURATION_UNKNOWN, Key PLAYER_38 (0x96f5fe44), subtype 0, changed to false
Config CONFIGURATION_UNKNOWN, Key PLAYER_30 (0x982e7676), subtype 0, changed to false
Config CONFIGURATION_UNKNOWN, Key PLAYER_34 (0x9f43b26f), subtype 0, changed to false
Config CONFIGURATION_UNKNOWN, Key PLAYER_41 (0xa068d027), subtype 0, changed to false
Config CONFIGURATION_UNKNOWN, Key PLAYER_18 (0xa4c39cc6), subtype 0, changed to false
Config CONFIGURATION_UNKNOWN, Key PLAYER_45 (0xa705143e), subtype 0, changed to false
Config CONFIGURATION_UNKNOWN, Key PLAYER_10 (0xaa1814f4), subtype 0, changed to false
Config CONFIGURATION_UNKNOWN, Key PLAYER_14 (0xad75d0ed), subtype 0, changed to false
Config CONFIGURATION_UNKNOWN, Key PLAYER_49 (0xaeb35815), subtype 0, changed to false
Config CONFIGURATION_UNKNOWN, Key PLAYER_59 (0xb7a86954), subtype 0, changed to false
Config CONFIGURATION_UNKNOWN, Key PLAYER_51 (0xb973e166), subtype 0, changed to false
Config CONFIGURATION_UNKNOWN, Key PLAYER_55 (0xbe1e257f), subtype 0, changed to false
Config CONFIGURATION_UNKNOWN, Key PLAYER_58 (0xc0af59c2), subtype 0, changed to false
Config CONFIGURATION_UNKNOWN, Key PLAYER_54 (0xc91915e9), subtype 0, changed to false
Config CONFIGURATION_UNKNOWN, Key PLAYER_50 (0xce74d1f0), subtype 0, changed to false
Config CONFIGURATION_UNKNOWN, Key PLAYER_44 (0xd00224a8), subtype 0, changed to false
Config CONFIGURATION_UNKNOWN, Key CONFIGURATION_TYPE (0xd08444c1), subtype 0, changed to false
Config Unknown, Key PLAYER_19 (0xd3c4ac50), subtype 0, changed to false
Config Unknown, Key PLAYER_40 (0xd76fe0b1), subtype 0, changed to false
Config Unknown, Key PLAYER_48 (0xd9b46883), subtype 0, changed to false
Config Unknown, Key PLAYER_15 (0xda72e07b), subtype 0, changed to false
Config Unknown, Key PLAYER_11 (0xdd1f2462), subtype 0, changed to false
Config Unknown, Key PLAYER_39 (0xe1f2ced2), subtype 0, changed to false
Config Unknown, Key PLAYER_60 (0xe5598233), subtype 0, changed to false
Config Unknown, Key PLAYER_35 (0xe84482f9), subtype 0, changed to false
Config Unknown, Key PLAYER_31 (0xef2946e0), subtype 0, changed to false
Config Unknown, Key PLAYER_25 (0xf15fb3b8), subtype 0, changed to false
Config Unknown, Key PLAYER_21 (0xf63277a1), subtype 0, changed to false
Config Unknown, Key PLAYER_29 (0xf8e9ff93), subtype 0, changed to false
Config Unknown, Key PLAYER_7 (0xfb3b0e6b), subtype 0, changed to false
Config Unknown, Key PLAYER_3 (0xfc56ca72), subtype 0, changed to false
Config CONFIGURATION_PLAYER, Key TEAM (0x0d8ab454), subtype 0, changed to 2
Config CONFIGURATION_PLAYER, Key READY_STATUS (0xa4bd04b1), subtype 6, changed to false
Config CONFIGURATION_PLAYER, Key READY_STATUS (0xa4bd04b1), subtype 7, changed to false
Config CONFIGURATION_PLAYER, Key READY_STATUS (0xa4bd04b1), subtype 8, changed to false
Config CONFIGURATION_PLAYER, Key READY_STATUS (0xa4bd04b1), subtype 9, changed to false
Config CONFIGURATION_PLAYER, Key READY_STATUS (0xa4bd04b1), subtype 10, changed to false
Config CONFIGURATION_PLAYER, Key READY_STATUS (0xa4bd04b1), subtype 11, changed to false
Config CONFIGURATION_PLAYER, Key READY_STATUS (0xa4bd04b1), subtype 12, changed to false
Config CONFIGURATION_PLAYER, Key READY_STATUS (0xa4bd04b1), subtype 13, changed to false
Config CONFIGURATION_PLAYER, Key READY_STATUS (0xa4bd04b1), subtype 14, changed to false
Config CONFIGURATION_PLAYER, Key READY_STATUS (0xa4bd04b1), subtype 15, changed to false
Config CONFIGURATION_PLAYER, Key READY_STATUS (0xa4bd04b1), subtype 16, changed to false
Config CONFIGURATION_PLAYER, Key READY_STATUS (0xa4bd04b1), subtype 17, changed to false
Config CONFIGURATION_PLAYER, Key READY_STATUS (0xa4bd04b1), subtype 18, changed to false
Config CONFIGURATION_PLAYER, Key READY_STATUS (0xa4bd04b1), subtype 19, changed to false
Config CONFIGURATION_PLAYER, Key READY_STATUS (0xa4bd04b1), subtype 20, changed to false
Config CONFIGURATION_PLAYER, Key READY_STATUS (0xa4bd04b1), subtype 21, changed to false
Config CONFIGURATION_PLAYER, Key READY_STATUS (0xa4bd04b1), subtype 22, changed to false
Config CONFIGURATION_PLAYER, Key READY_STATUS (0xa4bd04b1), subtype 23, changed to false
Config CONFIGURATION_PLAYER, Key READY_STATUS (0xa4bd04b1), subtype 24, changed to false
Config CONFIGURATION_PLAYER, Key READY_STATUS (0xa4bd04b1), subtype 25, changed to false
Config CONFIGURATION_PLAYER, Key READY_STATUS (0xa4bd04b1), subtype 26, changed to false
Config CONFIGURATION_PLAYER, Key READY_STATUS (0xa4bd04b1), subtype 27, changed to false
Config CONFIGURATION_PLAYER, Key READY_STATUS (0xa4bd04b1), subtype 28, changed to false
Config CONFIGURATION_PLAYER, Key READY_STATUS (0xa4bd04b1), subtype 29, changed to false
Config CONFIGURATION_PLAYER, Key READY_STATUS (0xa4bd04b1), subtype 30, changed to false
Config CONFIGURATION_PLAYER, Key READY_STATUS (0xa4bd04b1), subtype 31, changed to false
Config CONFIGURATION_PLAYER, Key READY_STATUS (0xa4bd04b1), subtype 32, changed to false
Config CONFIGURATION_PLAYER, Key READY_STATUS (0xa4bd04b1), subtype 33, changed to false
Config CONFIGURATION_PLAYER, Key READY_STATUS (0xa4bd04b1), subtype 34, changed to false
Config CONFIGURATION_PLAYER, Key READY_STATUS (0xa4bd04b1), subtype 35, changed to false
Config CONFIGURATION_PLAYER, Key READY_STATUS (0xa4bd04b1), subtype 36, changed to false
Config CONFIGURATION_PLAYER, Key READY_STATUS (0xa4bd04b1), subtype 37, changed to false
Config CONFIGURATION_PLAYER, Key READY_STATUS (0xa4bd04b1), subtype 38, changed to false
Config CONFIGURATION_PLAYER, Key READY_STATUS (0xa4bd04b1), subtype 39, changed to false
Config CONFIGURATION_PLAYER, Key READY_STATUS (0xa4bd04b1), subtype 40, changed to false
Config CONFIGURATION_PLAYER, Key READY_STATUS (0xa4bd04b1), subtype 41, changed to false
Config CONFIGURATION_PLAYER, Key READY_STATUS (0xa4bd04b1), subtype 42, changed to false
Config CONFIGURATION_PLAYER, Key READY_STATUS (0xa4bd04b1), subtype 43, changed to false
Config CONFIGURATION_PLAYER, Key READY_STATUS (0xa4bd04b1), subtype 44, changed to false
Config CONFIGURATION_PLAYER, Key READY_STATUS (0xa4bd04b1), subtype 45, changed to false
Config CONFIGURATION_PLAYER, Key READY_STATUS (0xa4bd04b1), subtype 46, changed to false
Config CONFIGURATION_PLAYER, Key READY_STATUS (0xa4bd04b1), subtype 47, changed to false
Config CONFIGURATION_PLAYER, Key READY_STATUS (0xa4bd04b1), subtype 48, changed to false
Config CONFIGURATION_PLAYER, Key READY_STATUS (0xa4bd04b1), subtype 49, changed to false
Config CONFIGURATION_PLAYER, Key READY_STATUS (0xa4bd04b1), subtype 50, changed to false
Config CONFIGURATION_PLAYER, Key READY_STATUS (0xa4bd04b1), subtype 51, changed to false
Config CONFIGURATION_PLAYER, Key READY_STATUS (0xa4bd04b1), subtype 52, changed to false
Config CONFIGURATION_PLAYER, Key READY_STATUS (0xa4bd04b1), subtype 53, changed to false
Config CONFIGURATION_PLAYER, Key READY_STATUS (0xa4bd04b1), subtype 54, changed to false
Config CONFIGURATION_PLAYER, Key READY_STATUS (0xa4bd04b1), subtype 55, changed to false
Config CONFIGURATION_PLAYER, Key READY_STATUS (0xa4bd04b1), subtype 56, changed to false
Config CONFIGURATION_PLAYER, Key READY_STATUS (0xa4bd04b1), subtype 57, changed to false
Config CONFIGURATION_PLAYER, Key READY_STATUS (0xa4bd04b1), subtype 58, changed to false
Config CONFIGURATION_PLAYER, Key READY_STATUS (0xa4bd04b1), subtype 59, changed to false
Config CONFIGURATION_PLAYER, Key READY_STATUS (0xa4bd04b1), subtype 60, changed to false
Config CONFIGURATION_PLAYER, Key READY_STATUS (0xa4bd04b1), subtype 61, changed to false
Config CONFIGURATION_PLAYER, Key READY_STATUS (0xa4bd04b1), subtype 62, changed to false
Config CONFIGURATION_PLAYER, Key READY_STATUS (0xa4bd04b1), subtype 63, changed to false
Config CONFIGURATION_MAP, Key RANDOM_SEED (0x96c5c77c), subtype 0, changed to 0x9059a909
Config CONFIGURATION_PLAYER, Key LEADER_TYPE_NAME (0xe8cd5e5f), subtype 1, changed to null
Config CONFIGURATION_PLAYER, Key LEADER_TYPE_ID (0xdfe4fcc7), subtype 1, changed to 0xffffffff
Config CONFIGURATION_PLAYER, Key LEADER_RANDOM_POOL_ID (0x402bf356), subtype 1, changed to 0x00000000
Config CONFIGURATION_PLAYER, Key CIVILIZATION_TYPE_NAME (0x9d5e5c2f), subtype 1, changed to null
Config CONFIGURATION_PLAYER, Key CIVILIZATION_TYPE_ID (0xc7d7515b), subtype 1, changed to 0xffffffff
Config CONFIGURATION_PLAYER, Key LEADER_TYPE_NAME (0xe8cd5e5f), subtype 2, changed to null
Config CONFIGURATION_PLAYER, Key LEADER_TYPE_ID (0xdfe4fcc7), subtype 2, changed to 0xffffffff
Config CONFIGURATION_PLAYER, Key LEADER_RANDOM_POOL_ID (0x402bf356), subtype 2, changed to 0x00000000
Config CONFIGURATION_PLAYER, Key CIVILIZATION_TYPE_NAME (0x9d5e5c2f), subtype 2, changed to null
Config CONFIGURATION_PLAYER, Key CIVILIZATION_TYPE_ID (0xc7d7515b), subtype 2, changed to 0xffffffff
Config CONFIGURATION_PLAYER, Key LEADER_TYPE_NAME (0xe8cd5e5f), subtype 3, changed to null
Config CONFIGURATION_PLAYER, Key LEADER_TYPE_ID (0xdfe4fcc7), subtype 3, changed to 0xffffffff
Config CONFIGURATION_PLAYER, Key LEADER_RANDOM_POOL_ID (0x402bf356), subtype 3, changed to 0x00000000
Config CONFIGURATION_PLAYER, Key CIVILIZATION_TYPE_NAME (0x9d5e5c2f), subtype 3, changed to null
Config CONFIGURATION_PLAYER, Key CIVILIZATION_TYPE_ID (0xc7d7515b), subtype 3, changed to 0xffffffff
Config CONFIGURATION_PLAYER, Key LEADER_TYPE_NAME (0xe8cd5e5f), subtype 4, changed to null
Config CONFIGURATION_PLAYER, Key LEADER_TYPE_ID (0xdfe4fcc7), subtype 4, changed to 0xffffffff
Config CONFIGURATION_PLAYER, Key LEADER_RANDOM_POOL_ID (0x402bf356), subtype 4, changed to 0x00000000
Config CONFIGURATION_PLAYER, Key CIVILIZATION_TYPE_NAME (0x9d5e5c2f), subtype 4, changed to null
Config CONFIGURATION_PLAYER, Key CIVILIZATION_TYPE_ID (0xc7d7515b), subtype 4, changed to 0xffffffff
Config CONFIGURATION_PLAYER, Key LEADER_NAME (0xf043351a), subtype 0, changed to null
Config CONFIGURATION_PLAYER, Key LEADER_TYPE_NAME (0xe8cd5e5f), subtype 0, changed to null
Config CONFIGURATION_PLAYER, Key LEADER_RANDOM_POOL_ID (0x402bf356), subtype 0, changed to 0x00000000
Config CONFIGURATION_PLAYER, Key LEADER_RANDOM_POOL_ID (0x402bf356), subtype 0, changed to 0
Config CONFIGURATION_PLAYER, Key LEADER_DOMAIN (0x4fe363bb), subtype 0, changed to Players:Expansion2_Players
Config CONFIGURATION_PLAYER, Key LEADER_VALUES (0xd2ed3156), subtype 0, changed to Players:*::RANDOM,Players:*::RANDOM_POOL1,Players:*::RANDOM_POOL2,Players:Expansion2_Players::LEADER_ELEANOR_FRANCE,Players:Expansion2_Players::LEADER_ELEANOR_ENGLAND,Players:Expansion2_Players::LEADER_AMANITORE,Players:Expansion2_Players::LEADER_AMBIORIX,Players:Expansion2_Players::LEADER_BASIL,Players:Expansion2_Players::LEADER_HOJO,Players:Expansion2_Players::LEADER_HOJO_INLAND,Players:Expansion2_Players::LEADER_PETER_GREAT,Players:Expansion2_Players::LEADER_PERICLES,Players:Expansion2_Players::LEADER_GENGHIS_KHAN,Players:Expansion2_Players::LEADER_TOKUGAWA,Players:Expansion2_Players::LEADER_THEODORA,Players:Expansion2_Players::LEADER_DIDO,Players:Expansion2_Players::LEADER_JAYAVARMAN,Players:Expansion2_Players::LEADER_NZINGA_MBANDE,Players:Expansion2_Players::LEADER_PHILIP_II,Players:Expansion2_Players::LEADER_PHILIP_II_INLAND,Players:Expansion2_Players::LEADER_BARBAROSSA,Players:Expansion2_Players::LEADER_GANDHI,Players:Expansion2_Players::LEADER_GORGO,Players:Expansion2_Players::LEADER_HARDRADA,Players:Expansion2_Players::LEADER_HARALD_ALT,Players:Expansion2_Players::LEADER_HAMMURABI,Players:Expansion2_Players::LEADER_KUBLAI_KHAN_MONGOLIA,Players:Expansion2_Players::LEADER_KUBLAI_KHAN_CHINA,Players:Expansion2_Players::LEADER_GILGAMESH,Players:Expansion2_Players::LEADER_CYRUS,Players:Expansion2_Players::LEADER_CATHERINE_DE_MEDICI,Players:Expansion2_Players::LEADER_CATHERINE_DE_MEDICI_ALT,Players:Expansion2_Players::LEADER_KRISTINA,Players:Expansion2_Players::LEADER_CLEOPATRA,Players:Expansion2_Players::LEADER_CLEOPATRA_ALT,Players:Expansion2_Players::LEADER_KUPE,Players:Expansion2_Players::LEADER_RAMSES,Players:Expansion2_Players::LEADER_LAUTARO,Players:Expansion2_Players::LEADER_LADY_SIX_SKY,Players:Expansion2_Players::LEADER_LUDWIG,Players:Expansion2_Players::LEADER_ROBERT_THE_BRUCE,Players:Expansion2_Players::LEADER_MANSA_MUSA,Players:Expansion2_Players::LEADER_MONTEZUMA,Players:Expansion2_Players::LEADER_MENELIK,Players:Expansion2_Players::LEADER_MVEMBA,Players:Expansion2_Players::LEADER_NADER_SHAH,Players:Expansion2_Players::LEADER_PACHACUTI,Players:Expansion2_Players::LEADER_POUNDMAKER,Players:Expansion2_Players::LEADER_PEDRO,Players:Expansion2_Players::LEADER_SHAKA,Players:Expansion2_Players::LEADER_QIN_ALT,Players:Expansion2_Players::LEADER_QIN,Players:Expansion2_Players::LEADER_JOAO_III,Players:Expansion2_Players::LEADER_SALADIN_ALT,Players:Expansion2_Players::LEADER_SALADIN,Players:Expansion2_Players::LEADER_SEONDEOK,Players:Expansion2_Players::LEADER_SEJONG,Players:Expansion2_Players::LEADER_SUNDIATA_KEITA,Players:Expansion2_Players::LEADER_SULEIMAN_ALT,Players:Expansion2_Players::LEADER_SULEIMAN,Players:Expansion2_Players::LEADER_TAMAR,Players:Expansion2_Players::LEADER_T_ROOSEVELT,Players:Expansion2_Players::LEADER_GITARJA,Players:Expansion2_Players::LEADER_TRAJAN,Players:Expansion2_Players::LEADER_TOMYRIS,Players:Expansion2_Players::LEADER_LAURIER,Players:Expansion2_Players::LEADER_WILHELMINA,Players:Expansion2_Players::LEADER_WILHELMINA_INLAND,Players:Expansion2_Players::LEADER_VICTORIA,Players:Expansion2_Players::LEADER_VICTORIA_ALT,Players:Expansion2_Players::LEADER_WU_ZETIAN,Players:Expansion2_Players::LEADER_SIMON_BOLIVAR,Players:Expansion2_Players::LEADER_MATTHIAS_CORVINUS,Players:Expansion2_Players::LEADER_JADWIGA,Players:Expansion2_Players::LEADER_ABRAHAM_LINCOLN,Players:Expansion2_Players::LEADER_ALEXANDER,Players:Expansion2_Players::LEADER_ELIZABETH,Players:Expansion2_Players::LEADER_YONGLE,Players:Expansion2_Players::LEADER_JOHN_CURTIN,Players:Expansion2_Players::LEADER_CHANDRAGUPTA,Players:Expansion2_Players::LEADER_LADY_TRIEU
Config CONFIGURATION_PLAYER, Key LEADER_VALUE_DOMAIN (0xcdbd103d), subtype 0, changed to Players:*
Config CONFIGURATION_PLAYER, Key LEADER_NAME (0xf043351a), subtype 2, changed to null
Config CONFIGURATION_PLAYER, Key LEADER_TYPE_NAME (0xe8cd5e5f), subtype 2, changed to null
Config CONFIGURATION_PLAYER, Key LEADER_RANDOM_POOL_ID (0x402bf356), subtype 2, changed to 0
Config CONFIGURATION_PLAYER, Key LEADER_DOMAIN (0x4fe363bb), subtype 2, changed to Players:Expansion2_Players
Config CONFIGURATION_PLAYER, Key LEADER_VALUES (0xd2ed3156), subtype 2, changed to Players:*::RANDOM,Players:*::RANDOM_POOL1,Players:*::RANDOM_POOL2,Players:Expansion2_Players::LEADER_ELEANOR_FRANCE,Players:Expansion2_Players::LEADER_ELEANOR_ENGLAND,Players:Expansion2_Players::LEADER_AMANITORE,Players:Expansion2_Players::LEADER_AMBIORIX,Players:Expansion2_Players::LEADER_BASIL,Players:Expansion2_Players::LEADER_HOJO,Players:Expansion2_Players::LEADER_HOJO_INLAND,Players:Expansion2_Players::LEADER_PETER_GREAT,Players:Expansion2_Players::LEADER_PERICLES,Players:Expansion2_Players::LEADER_GENGHIS_KHAN,Players:Expansion2_Players::LEADER_TOKUGAWA,Players:Expansion2_Players::LEADER_THEODORA,Players:Expansion2_Players::LEADER_DIDO,Players:Expansion2_Players::LEADER_JAYAVARMAN,Players:Expansion2_Players::LEADER_NZINGA_MBANDE,Players:Expansion2_Players::LEADER_PHILIP_II,Players:Expansion2_Players::LEADER_PHILIP_II_INLAND,Players:Expansion2_Players::LEADER_BARBAROSSA,Players:Expansion2_Players::LEADER_GANDHI,Players:Expansion2_Players::LEADER_GORGO,Players:Expansion2_Players::LEADER_HARDRADA,Players:Expansion2_Players::LEADER_HARALD_ALT,Players:Expansion2_Players::LEADER_HAMMURABI,Players:Expansion2_Players::LEADER_KUBLAI_KHAN_MONGOLIA,Players:Expansion2_Players::LEADER_KUBLAI_KHAN_CHINA,Players:Expansion2_Players::LEADER_GILGAMESH,Players:Expansion2_Players::LEADER_CYRUS,Players:Expansion2_Players::LEADER_CATHERINE_DE_MEDICI,Players:Expansion2_Players::LEADER_CATHERINE_DE_MEDICI_ALT,Players:Expansion2_Players::LEADER_KRISTINA,Players:Expansion2_Players::LEADER_CLEOPATRA,Players:Expansion2_Players::LEADER_CLEOPATRA_ALT,Players:Expansion2_Players::LEADER_KUPE,Players:Expansion2_Players::LEADER_RAMSES,Players:Expansion2_Players::LEADER_LAUTARO,Players:Expansion2_Players::LEADER_LADY_SIX_SKY,Players:Expansion2_Players::LEADER_LUDWIG,Players:Expansion2_Players::LEADER_ROBERT_THE_BRUCE,Players:Expansion2_Players::LEADER_MANSA_MUSA,Players:Expansion2_Players::LEADER_MONTEZUMA,Players:Expansion2_Players::LEADER_MENELIK,Players:Expansion2_Players::LEADER_MVEMBA,Players:Expansion2_Players::LEADER_NADER_SHAH,Players:Expansion2_Players::LEADER_PACHACUTI,Players:Expansion2_Players::LEADER_POUNDMAKER,Players:Expansion2_Players::LEADER_PEDRO,Players:Expansion2_Players::LEADER_SHAKA,Players:Expansion2_Players::LEADER_QIN_ALT,Players:Expansion2_Players::LEADER_QIN,Players:Expansion2_Players::LEADER_JOAO_III,Players:Expansion2_Players::LEADER_SALADIN_ALT,Players:Expansion2_Players::LEADER_SALADIN,Players:Expansion2_Players::LEADER_SEONDEOK,Players:Expansion2_Players::LEADER_SEJONG,Players:Expansion2_Players::LEADER_SUNDIATA_KEITA,Players:Expansion2_Players::LEADER_SULEIMAN_ALT,Players:Expansion2_Players::LEADER_SULEIMAN,Players:Expansion2_Players::LEADER_TAMAR,Players:Expansion2_Players::LEADER_T_ROOSEVELT,Players:Expansion2_Players::LEADER_GITARJA,Players:Expansion2_Players::LEADER_TRAJAN,Players:Expansion2_Players::LEADER_TOMYRIS,Players:Expansion2_Players::LEADER_LAURIER,Players:Expansion2_Players::LEADER_WILHELMINA,Players:Expansion2_Players::LEADER_WILHELMINA_INLAND,Players:Expansion2_Players::LEADER_VICTORIA,Players:Expansion2_Players::LEADER_VICTORIA_ALT,Players:Expansion2_Players::LEADER_WU_ZETIAN,Players:Expansion2_Players::LEADER_SIMON_BOLIVAR,Players:Expansion2_Players::LEADER_MATTHIAS_CORVINUS,Players:Expansion2_Players::LEADER_JADWIGA,Players:Expansion2_Players::LEADER_ABRAHAM_LINCOLN,Players:Expansion2_Players::LEADER_ALEXANDER,Players:Expansion2_Players::LEADER_ELIZABETH,Players:Expansion2_Players::LEADER_YONGLE,Players:Expansion2_Players::LEADER_JOHN_CURTIN,Players:Expansion2_Players::LEADER_CHANDRAGUPTA,Players:Expansion2_Players::LEADER_LADY_TRIEU
Config CONFIGURATION_PLAYER, Key LEADER_VALUE_DOMAIN (0xcdbd103d), subtype 2, changed to Players:*
Config CONFIGURATION_PLAYER, Key CIVILIZATION_TYPE_NAME (0x9d5e5c2f), subtype 2, removed
Config CONFIGURATION_PLAYER, Key CIVILIZATION_TYPE_ID (0xc7d7515b), subtype 2, removed
Config CONFIGURATION_PLAYER, Key LEADER_NAME (0xf043351a), subtype 5, changed to null
Config CONFIGURATION_PLAYER, Key LEADER_TYPE_NAME (0xe8cd5e5f), subtype 5, changed to null
Config CONFIGURATION_PLAYER, Key LEADER_RANDOM_POOL_ID (0x402bf356), subtype 5, changed to 0x00000000
Config CONFIGURATION_PLAYER, Key LEADER_RANDOM_POOL_ID (0x402bf356), subtype 5, changed to 0
Config CONFIGURATION_PLAYER, Key LEADER_DOMAIN (0x4fe363bb), subtype 5, changed to Players:Expansion2_Players
Config CONFIGURATION_PLAYER, Key LEADER_VALUES (0xd2ed3156), subtype 5, changed to Players:*::RANDOM,Players:*::RANDOM_POOL1,Players:*::RANDOM_POOL2,Players:Expansion2_Players::LEADER_ELEANOR_FRANCE,Players:Expansion2_Players::LEADER_ELEANOR_ENGLAND,Players:Expansion2_Players::LEADER_AMANITORE,Players:Expansion2_Players::LEADER_AMBIORIX,Players:Expansion2_Players::LEADER_BASIL,Players:Expansion2_Players::LEADER_HOJO,Players:Expansion2_Players::LEADER_HOJO_INLAND,Players:Expansion2_Players::LEADER_PETER_GREAT,Players:Expansion2_Players::LEADER_PERICLES,Players:Expansion2_Players::LEADER_GENGHIS_KHAN,Players:Expansion2_Players::LEADER_TOKUGAWA,Players:Expansion2_Players::LEADER_THEODORA,Players:Expansion2_Players::LEADER_DIDO,Players:Expansion2_Players::LEADER_JAYAVARMAN,Players:Expansion2_Players::LEADER_NZINGA_MBANDE,Players:Expansion2_Players::LEADER_PHILIP_II,Players:Expansion2_Players::LEADER_PHILIP_II_INLAND,Players:Expansion2_Players::LEADER_BARBAROSSA,Players:Expansion2_Players::LEADER_GANDHI,Players:Expansion2_Players::LEADER_GORGO,Players:Expansion2_Players::LEADER_HARDRADA,Players:Expansion2_Players::LEADER_HARALD_ALT,Players:Expansion2_Players::LEADER_HAMMURABI,Players:Expansion2_Players::LEADER_KUBLAI_KHAN_MONGOLIA,Players:Expansion2_Players::LEADER_KUBLAI_KHAN_CHINA,Players:Expansion2_Players::LEADER_GILGAMESH,Players:Expansion2_Players::LEADER_CYRUS,Players:Expansion2_Players::LEADER_CATHERINE_DE_MEDICI,Players:Expansion2_Players::LEADER_CATHERINE_DE_MEDICI_ALT,Players:Expansion2_Players::LEADER_KRISTINA,Players:Expansion2_Players::LEADER_CLEOPATRA,Players:Expansion2_Players::LEADER_CLEOPATRA_ALT,Players:Expansion2_Players::LEADER_KUPE,Players:Expansion2_Players::LEADER_RAMSES,Players:Expansion2_Players::LEADER_LAUTARO,Players:Expansion2_Players::LEADER_LADY_SIX_SKY,Players:Expansion2_Players::LEADER_LUDWIG,Players:Expansion2_Players::LEADER_ROBERT_THE_BRUCE,Players:Expansion2_Players::LEADER_MANSA_MUSA,Players:Expansion2_Players::LEADER_MONTEZUMA,Players:Expansion2_Players::LEADER_MENELIK,Players:Expansion2_Players::LEADER_MVEMBA,Players:Expansion2_Players::LEADER_NADER_SHAH,Players:Expansion2_Players::LEADER_PACHACUTI,Players:Expansion2_Players::LEADER_POUNDMAKER,Players:Expansion2_Players::LEADER_PEDRO,Players:Expansion2_Players::LEADER_SHAKA,Players:Expansion2_Players::LEADER_QIN_ALT,Players:Expansion2_Players::LEADER_QIN,Players:Expansion2_Players::LEADER_JOAO_III,Players:Expansion2_Players::LEADER_SALADIN_ALT,Players:Expansion2_Players::LEADER_SALADIN,Players:Expansion2_Players::LEADER_SEONDEOK,Players:Expansion2_Players::LEADER_SEJONG,Players:Expansion2_Players::LEADER_SUNDIATA_KEITA,Players:Expansion2_Players::LEADER_SULEIMAN_ALT,Players:Expansion2_Players::LEADER_SULEIMAN,Players:Expansion2_Players::LEADER_TAMAR,Players:Expansion2_Players::LEADER_T_ROOSEVELT,Players:Expansion2_Players::LEADER_GITARJA,Players:Expansion2_Players::LEADER_TRAJAN,Players:Expansion2_Players::LEADER_TOMYRIS,Players:Expansion2_Players::LEADER_LAURIER,Players:Expansion2_Players::LEADER_WILHELMINA,Players:Expansion2_Players::LEADER_WILHELMINA_INLAND,Players:Expansion2_Players::LEADER_VICTORIA,Players:Expansion2_Players::LEADER_VICTORIA_ALT,Players:Expansion2_Players::LEADER_WU_ZETIAN,Players:Expansion2_Players::LEADER_SIMON_BOLIVAR,Players:Expansion2_Players::LEADER_MATTHIAS_CORVINUS,Players:Expansion2_Players::LEADER_JADWIGA,Players:Expansion2_Players::LEADER_ABRAHAM_LINCOLN,Players:Expansion2_Players::LEADER_ALEXANDER,Players:Expansion2_Players::LEADER_ELIZABETH,Players:Expansion2_Players::LEADER_YONGLE,Players:Expansion2_Players::LEADER_JOHN_CURTIN,Players:Expansion2_Players::LEADER_CHANDRAGUPTA,Players:Expansion2_Players::LEADER_LADY_TRIEU
Config CONFIGURATION_PLAYER, Key LEADER_VALUE_DOMAIN (0xcdbd103d), subtype 5, changed to Players:*
Config CONFIGURATION_PLAYER, Key LEADER_NAME (0xf043351a), subtype 6, changed to null
Config CONFIGURATION_PLAYER, Key LEADER_TYPE_NAME (0xe8cd5e5f), subtype 6, changed to null
Config CONFIGURATION_PLAYER, Key LEADER_RANDOM_POOL_ID (0x402bf356), subtype 6, changed to 0x00000000
Config CONFIGURATION_PLAYER, Key LEADER_RANDOM_POOL_ID (0x402bf356), subtype 6, changed to 0
Config CONFIGURATION_PLAYER, Key LEADER_DOMAIN (0x4fe363bb), subtype 6, changed to Players:Expansion2_Players
Config CONFIGURATION_PLAYER, Key LEADER_VALUES (0xd2ed3156), subtype 6, changed to Players:*::RANDOM,Players:*::RANDOM_POOL1,Players:*::RANDOM_POOL2,Players:Expansion2_Players::LEADER_ELEANOR_FRANCE,Players:Expansion2_Players::LEADER_ELEANOR_ENGLAND,Players:Expansion2_Players::LEADER_AMANITORE,Players:Expansion2_Players::LEADER_AMBIORIX,Players:Expansion2_Players::LEADER_BASIL,Players:Expansion2_Players::LEADER_HOJO,Players:Expansion2_Players::LEADER_HOJO_INLAND,Players:Expansion2_Players::LEADER_PETER_GREAT,Players:Expansion2_Players::LEADER_PERICLES,Players:Expansion2_Players::LEADER_GENGHIS_KHAN,Players:Expansion2_Players::LEADER_TOKUGAWA,Players:Expansion2_Players::LEADER_THEODORA,Players:Expansion2_Players::LEADER_DIDO,Players:Expansion2_Players::LEADER_JAYAVARMAN,Players:Expansion2_Players::LEADER_NZINGA_MBANDE,Players:Expansion2_Players::LEADER_PHILIP_II,Players:Expansion2_Players::LEADER_PHILIP_II_INLAND,Players:Expansion2_Players::LEADER_BARBAROSSA,Players:Expansion2_Players::LEADER_GANDHI,Players:Expansion2_Players::LEADER_GORGO,Players:Expansion2_Players::LEADER_HARDRADA,Players:Expansion2_Players::LEADER_HARALD_ALT,Players:Expansion2_Players::LEADER_HAMMURABI,Players:Expansion2_Players::LEADER_KUBLAI_KHAN_MONGOLIA,Players:Expansion2_Players::LEADER_KUBLAI_KHAN_CHINA,Players:Expansion2_Players::LEADER_GILGAMESH,Players:Expansion2_Players::LEADER_CYRUS,Players:Expansion2_Players::LEADER_CATHERINE_DE_MEDICI,Players:Expansion2_Players::LEADER_CATHERINE_DE_MEDICI_ALT,Players:Expansion2_Players::LEADER_KRISTINA,Players:Expansion2_Players::LEADER_CLEOPATRA,Players:Expansion2_Players::LEADER_CLEOPATRA_ALT,Players:Expansion2_Players::LEADER_KUPE,Players:Expansion2_Players::LEADER_RAMSES,Players:Expansion2_Players::LEADER_LAUTARO,Players:Expansion2_Players::LEADER_LADY_SIX_SKY,Players:Expansion2_Players::LEADER_LUDWIG,Players:Expansion2_Players::LEADER_ROBERT_THE_BRUCE,Players:Expansion2_Players::LEADER_MANSA_MUSA,Players:Expansion2_Players::LEADER_MONTEZUMA,Players:Expansion2_Players::LEADER_MENELIK,Players:Expansion2_Players::LEADER_MVEMBA,Players:Expansion2_Players::LEADER_NADER_SHAH,Players:Expansion2_Players::LEADER_PACHACUTI,Players:Expansion2_Players::LEADER_POUNDMAKER,Players:Expansion2_Players::LEADER_PEDRO,Players:Expansion2_Players::LEADER_SHAKA,Players:Expansion2_Players::LEADER_QIN_ALT,Players:Expansion2_Players::LEADER_QIN,Players:Expansion2_Players::LEADER_JOAO_III,Players:Expansion2_Players::LEADER_SALADIN_ALT,Players:Expansion2_Players::LEADER_SALADIN,Players:Expansion2_Players::LEADER_SEONDEOK,Players:Expansion2_Players::LEADER_SEJONG,Players:Expansion2_Players::LEADER_SUNDIATA_KEITA,Players:Expansion2_Players::LEADER_SULEIMAN_ALT,Players:Expansion2_Players::LEADER_SULEIMAN,Players:Expansion2_Players::LEADER_TAMAR,Players:Expansion2_Players::LEADER_T_ROOSEVELT,Players:Expansion2_Players::LEADER_GITARJA,Players:Expansion2_Players::LEADER_TRAJAN,Players:Expansion2_Players::LEADER_TOMYRIS,Players:Expansion2_Players::LEADER_LAURIER,Players:Expansion2_Players::LEADER_WILHELMINA,Players:Expansion2_Players::LEADER_WILHELMINA_INLAND,Players:Expansion2_Players::LEADER_VICTORIA,Players:Expansion2_Players::LEADER_VICTORIA_ALT,Players:Expansion2_Players::LEADER_WU_ZETIAN,Players:Expansion2_Players::LEADER_SIMON_BOLIVAR,Players:Expansion2_Players::LEADER_MATTHIAS_CORVINUS,Players:Expansion2_Players::LEADER_JADWIGA,Players:Expansion2_Players::LEADER_ABRAHAM_LINCOLN,Players:Expansion2_Players::LEADER_ALEXANDER,Players:Expansion2_Players::LEADER_ELIZABETH,Players:Expansion2_Players::LEADER_YONGLE,Players:Expansion2_Players::LEADER_JOHN_CURTIN,Players:Expansion2_Players::LEADER_CHANDRAGUPTA,Players:Expansion2_Players::LEADER_LADY_TRIEU
Config CONFIGURATION_PLAYER, Key LEADER_VALUE_DOMAIN (0xcdbd103d), subtype 6, changed to Players:*
Config CONFIGURATION_PLAYER, Key LEADER_NAME (0xf043351a), subtype 7, changed to null
Config CONFIGURATION_PLAYER, Key LEADER_TYPE_NAME (0xe8cd5e5f), subtype 7, changed to null
Config CONFIGURATION_PLAYER, Key LEADER_RANDOM_POOL_ID (0x402bf356), subtype 7, changed to 0x00000000
Config CONFIGURATION_PLAYER, Key LEADER_RANDOM_POOL_ID (0x402bf356), subtype 7, changed to 0
Config CONFIGURATION_PLAYER, Key LEADER_DOMAIN (0x4fe363bb), subtype 7, changed to Players:Expansion2_Players
Config CONFIGURATION_PLAYER, Key LEADER_VALUES (0xd2ed3156), subtype 7, changed to Players:*::RANDOM,Players:*::RANDOM_POOL1,Players:*::RANDOM_POOL2,Players:Expansion2_Players::LEADER_ELEANOR_FRANCE,Players:Expansion2_Players::LEADER_ELEANOR_ENGLAND,Players:Expansion2_Players::LEADER_AMANITORE,Players:Expansion2_Players::LEADER_AMBIORIX,Players:Expansion2_Players::LEADER_BASIL,Players:Expansion2_Players::LEADER_HOJO,Players:Expansion2_Players::LEADER_HOJO_INLAND,Players:Expansion2_Players::LEADER_PETER_GREAT,Players:Expansion2_Players::LEADER_PERICLES,Players:Expansion2_Players::LEADER_GENGHIS_KHAN,Players:Expansion2_Players::LEADER_TOKUGAWA,Players:Expansion2_Players::LEADER_THEODORA,Players:Expansion2_Players::LEADER_DIDO,Players:Expansion2_Players::LEADER_JAYAVARMAN,Players:Expansion2_Players::LEADER_NZINGA_MBANDE,Players:Expansion2_Players::LEADER_PHILIP_II,Players:Expansion2_Players::LEADER_PHILIP_II_INLAND,Players:Expansion2_Players::LEADER_BARBAROSSA,Players:Expansion2_Players::LEADER_GANDHI,Players:Expansion2_Players::LEADER_GORGO,Players:Expansion2_Players::LEADER_HARDRADA,Players:Expansion2_Players::LEADER_HARALD_ALT,Players:Expansion2_Players::LEADER_HAMMURABI,Players:Expansion2_Players::LEADER_KUBLAI_KHAN_MONGOLIA,Players:Expansion2_Players::LEADER_KUBLAI_KHAN_CHINA,Players:Expansion2_Players::LEADER_GILGAMESH,Players:Expansion2_Players::LEADER_CYRUS,Players:Expansion2_Players::LEADER_CATHERINE_DE_MEDICI,Players:Expansion2_Players::LEADER_CATHERINE_DE_MEDICI_ALT,Players:Expansion2_Players::LEADER_KRISTINA,Players:Expansion2_Players::LEADER_CLEOPATRA,Players:Expansion2_Players::LEADER_CLEOPATRA_ALT,Players:Expansion2_Players::LEADER_KUPE,Players:Expansion2_Players::LEADER_RAMSES,Players:Expansion2_Players::LEADER_LAUTARO,Players:Expansion2_Players::LEADER_LADY_SIX_SKY,Players:Expansion2_Players::LEADER_LUDWIG,Players:Expansion2_Players::LEADER_ROBERT_THE_BRUCE,Players:Expansion2_Players::LEADER_MANSA_MUSA,Players:Expansion2_Players::LEADER_MONTEZUMA,Players:Expansion2_Players::LEADER_MENELIK,Players:Expansion2_Players::LEADER_MVEMBA,Players:Expansion2_Players::LEADER_NADER_SHAH,Players:Expansion2_Players::LEADER_PACHACUTI,Players:Expansion2_Players::LEADER_POUNDMAKER,Players:Expansion2_Players::LEADER_PEDRO,Players:Expansion2_Players::LEADER_SHAKA,Players:Expansion2_Players::LEADER_QIN_ALT,Players:Expansion2_Players::LEADER_QIN,Players:Expansion2_Players::LEADER_JOAO_III,Players:Expansion2_Players::LEADER_SALADIN_ALT,Players:Expansion2_Players::LEADER_SALADIN,Players:Expansion2_Players::LEADER_SEONDEOK,Players:Expansion2_Players::LEADER_SEJONG,Players:Expansion2_Players::LEADER_SUNDIATA_KEITA,Players:Expansion2_Players::LEADER_SULEIMAN_ALT,Players:Expansion2_Players::LEADER_SULEIMAN,Players:Expansion2_Players::LEADER_TAMAR,Players:Expansion2_Players::LEADER_T_ROOSEVELT,Players:Expansion2_Players::LEADER_GITARJA,Players:Expansion2_Players::LEADER_TRAJAN,Players:Expansion2_Players::LEADER_TOMYRIS,Players:Expansion2_Players::LEADER_LAURIER,Players:Expansion2_Players::LEADER_WILHELMINA,Players:Expansion2_Players::LEADER_WILHELMINA_INLAND,Players:Expansion2_Players::LEADER_VICTORIA,Players:Expansion2_Players::LEADER_VICTORIA_ALT,Players:Expansion2_Players::LEADER_WU_ZETIAN,Players:Expansion2_Players::LEADER_SIMON_BOLIVAR,Players:Expansion2_Players::LEADER_MATTHIAS_CORVINUS,Players:Expansion2_Players::LEADER_JADWIGA,Players:Expansion2_Players::LEADER_ABRAHAM_LINCOLN,Players:Expansion2_Players::LEADER_ALEXANDER,Players:Expansion2_Players::LEADER_ELIZABETH,Players:Expansion2_Players::LEADER_YONGLE,Players:Expansion2_Players::LEADER_JOHN_CURTIN,Players:Expansion2_Players::LEADER_CHANDRAGUPTA,Players:Expansion2_Players::LEADER_LADY_TRIEU
Config CONFIGURATION_PLAYER, Key LEADER_VALUE_DOMAIN (0xcdbd103d), subtype 7, changed to Players:*
Config CONFIGURATION_PLAYER, Key LEADER_NAME (0xf043351a), subtype 8, changed to null
Config CONFIGURATION_PLAYER, Key LEADER_TYPE_NAME (0xe8cd5e5f), subtype 8, changed to null
Config CONFIGURATION_PLAYER, Key LEADER_RANDOM_POOL_ID (0x402bf356), subtype 8, changed to 0x00000000
Config CONFIGURATION_PLAYER, Key LEADER_RANDOM_POOL_ID (0x402bf356), subtype 8, changed to 0
Config CONFIGURATION_PLAYER, Key LEADER_DOMAIN (0x4fe363bb), subtype 8, changed to Players:Expansion2_Players
Config CONFIGURATION_PLAYER, Key LEADER_VALUES (0xd2ed3156), subtype 8, changed to Players:*::RANDOM,Players:*::RANDOM_POOL1,Players:*::RANDOM_POOL2,Players:Expansion2_Players::LEADER_ELEANOR_FRANCE,Players:Expansion2_Players::LEADER_ELEANOR_ENGLAND,Players:Expansion2_Players::LEADER_AMANITORE,Players:Expansion2_Players::LEADER_AMBIORIX,Players:Expansion2_Players::LEADER_BASIL,Players:Expansion2_Players::LEADER_HOJO,Players:Expansion2_Players::LEADER_HOJO_INLAND,Players:Expansion2_Players::LEADER_PETER_GREAT,Players:Expansion2_Players::LEADER_PERICLES,Players:Expansion2_Players::LEADER_GENGHIS_KHAN,Players:Expansion2_Players::LEADER_TOKUGAWA,Players:Expansion2_Players::LEADER_THEODORA,Players:Expansion2_Players::LEADER_DIDO,Players:Expansion2_Players::LEADER_JAYAVARMAN,Players:Expansion2_Players::LEADER_NZINGA_MBANDE,Players:Expansion2_Players::LEADER_PHILIP_II,Players:Expansion2_Players::LEADER_PHILIP_II_INLAND,Players:Expansion2_Players::LEADER_BARBAROSSA,Players:Expansion2_Players::LEADER_GANDHI,Players:Expansion2_Players::LEADER_GORGO,Players:Expansion2_Players::LEADER_HARDRADA,Players:Expansion2_Players::LEADER_HARALD_ALT,Players:Expansion2_Players::LEADER_HAMMURABI,Players:Expansion2_Players::LEADER_KUBLAI_KHAN_MONGOLIA,Players:Expansion2_Players::LEADER_KUBLAI_KHAN_CHINA,Players:Expansion2_Players::LEADER_GILGAMESH,Players:Expansion2_Players::LEADER_CYRUS,Players:Expansion2_Players::LEADER_CATHERINE_DE_MEDICI,Players:Expansion2_Players::LEADER_CATHERINE_DE_MEDICI_ALT,Players:Expansion2_Players::LEADER_KRISTINA,Players:Expansion2_Players::LEADER_CLEOPATRA,Players:Expansion2_Players::LEADER_CLEOPATRA_ALT,Players:Expansion2_Players::LEADER_KUPE,Players:Expansion2_Players::LEADER_RAMSES,Players:Expansion2_Players::LEADER_LAUTARO,Players:Expansion2_Players::LEADER_LADY_SIX_SKY,Players:Expansion2_Players::LEADER_LUDWIG,Players:Expansion2_Players::LEADER_ROBERT_THE_BRUCE,Players:Expansion2_Players::LEADER_MANSA_MUSA,Players:Expansion2_Players::LEADER_MONTEZUMA,Players:Expansion2_Players::LEADER_MENELIK,Players:Expansion2_Players::LEADER_MVEMBA,Players:Expansion2_Players::LEADER_NADER_SHAH,Players:Expansion2_Players::LEADER_PACHACUTI,Players:Expansion2_Players::LEADER_POUNDMAKER,Players:Expansion2_Players::LEADER_PEDRO,Players:Expansion2_Players::LEADER_SHAKA,Players:Expansion2_Players::LEADER_QIN_ALT,Players:Expansion2_Players::LEADER_QIN,Players:Expansion2_Players::LEADER_JOAO_III,Players:Expansion2_Players::LEADER_SALADIN_ALT,Players:Expansion2_Players::LEADER_SALADIN,Players:Expansion2_Players::LEADER_SEONDEOK,Players:Expansion2_Players::LEADER_SEJONG,Players:Expansion2_Players::LEADER_SUNDIATA_KEITA,Players:Expansion2_Players::LEADER_SULEIMAN_ALT,Players:Expansion2_Players::LEADER_SULEIMAN,Players:Expansion2_Players::LEADER_TAMAR,Players:Expansion2_Players::LEADER_T_ROOSEVELT,Players:Expansion2_Players::LEADER_GITARJA,Players:Expansion2_Players::LEADER_TRAJAN,Players:Expansion2_Players::LEADER_TOMYRIS,Players:Expansion2_Players::LEADER_LAURIER,Players:Expansion2_Players::LEADER_WILHELMINA,Players:Expansion2_Players::LEADER_WILHELMINA_INLAND,Players:Expansion2_Players::LEADER_VICTORIA,Players:Expansion2_Players::LEADER_VICTORIA_ALT,Players:Expansion2_Players::LEADER_WU_ZETIAN,Players:Expansion2_Players::LEADER_SIMON_BOLIVAR,Players:Expansion2_Players::LEADER_MATTHIAS_CORVINUS,Players:Expansion2_Players::LEADER_JADWIGA,Players:Expansion2_Players::LEADER_ABRAHAM_LINCOLN,Players:Expansion2_Players::LEADER_ALEXANDER,Players:Expansion2_Players::LEADER_ELIZABETH,Players:Expansion2_Players::LEADER_YONGLE,Players:Expansion2_Players::LEADER_JOHN_CURTIN,Players:Expansion2_Players::LEADER_CHANDRAGUPTA,Players:Expansion2_Players::LEADER_LADY_TRIEU
Config CONFIGURATION_PLAYER, Key LEADER_VALUE_DOMAIN (0xcdbd103d), subtype 8, changed to Players:*
Config CONFIGURATION_PLAYER, Key LEADER_NAME (0xf043351a), subtype 9, changed to null
Config CONFIGURATION_PLAYER, Key LEADER_TYPE_NAME (0xe8cd5e5f), subtype 9, changed to null
Config CONFIGURATION_PLAYER, Key LEADER_RANDOM_POOL_ID (0x402bf356), subtype 9, changed to 0x00000000
Config CONFIGURATION_PLAYER, Key LEADER_RANDOM_POOL_ID (0x402bf356), subtype 9, changed to 0
Config CONFIGURATION_PLAYER, Key LEADER_DOMAIN (0x4fe363bb), subtype 9, changed to Players:Expansion2_Players
Config CONFIGURATION_PLAYER, Key LEADER_VALUES (0xd2ed3156), subtype 9, changed to Players:*::RANDOM,Players:*::RANDOM_POOL1,Players:*::RANDOM_POOL2,Players:Expansion2_Players::LEADER_ELEANOR_FRANCE,Players:Expansion2_Players::LEADER_ELEANOR_ENGLAND,Players:Expansion2_Players::LEADER_AMANITORE,Players:Expansion2_Players::LEADER_AMBIORIX,Players:Expansion2_Players::LEADER_BASIL,Players:Expansion2_Players::LEADER_HOJO,Players:Expansion2_Players::LEADER_HOJO_INLAND,Players:Expansion2_Players::LEADER_PETER_GREAT,Players:Expansion2_Players::LEADER_PERICLES,Players:Expansion2_Players::LEADER_GENGHIS_KHAN,Players:Expansion2_Players::LEADER_TOKUGAWA,Players:Expansion2_Players::LEADER_THEODORA,Players:Expansion2_Players::LEADER_DIDO,Players:Expansion2_Players::LEADER_JAYAVARMAN,Players:Expansion2_Players::LEADER_NZINGA_MBANDE,Players:Expansion2_Players::LEADER_PHILIP_II,Players:Expansion2_Players::LEADER_PHILIP_II_INLAND,Players:Expansion2_Players::LEADER_BARBAROSSA,Players:Expansion2_Players::LEADER_GANDHI,Players:Expansion2_Players::LEADER_GORGO,Players:Expansion2_Players::LEADER_HARDRADA,Players:Expansion2_Players::LEADER_HARALD_ALT,Players:Expansion2_Players::LEADER_HAMMURABI,Players:Expansion2_Players::LEADER_KUBLAI_KHAN_MONGOLIA,Players:Expansion2_Players::LEADER_KUBLAI_KHAN_CHINA,Players:Expansion2_Players::LEADER_GILGAMESH,Players:Expansion2_Players::LEADER_CYRUS,Players:Expansion2_Players::LEADER_CATHERINE_DE_MEDICI,Players:Expansion2_Players::LEADER_CATHERINE_DE_MEDICI_ALT,Players:Expansion2_Players::LEADER_KRISTINA,Players:Expansion2_Players::LEADER_CLEOPATRA,Players:Expansion2_Players::LEADER_CLEOPATRA_ALT,Players:Expansion2_Players::LEADER_KUPE,Players:Expansion2_Players::LEADER_RAMSES,Players:Expansion2_Players::LEADER_LAUTARO,Players:Expansion2_Players::LEADER_LADY_SIX_SKY,Players:Expansion2_Players::LEADER_LUDWIG,Players:Expansion2_Players::LEADER_ROBERT_THE_BRUCE,Players:Expansion2_Players::LEADER_MANSA_MUSA,Players:Expansion2_Players::LEADER_MONTEZUMA,Players:Expansion2_Players::LEADER_MENELIK,Players:Expansion2_Players::LEADER_MVEMBA,Players:Expansion2_Players::LEADER_NADER_SHAH,Players:Expansion2_Players::LEADER_PACHACUTI,Players:Expansion2_Players::LEADER_POUNDMAKER,Players:Expansion2_Players::LEADER_PEDRO,Players:Expansion2_Players::LEADER_SHAKA,Players:Expansion2_Players::LEADER_QIN_ALT,Players:Expansion2_Players::LEADER_QIN,Players:Expansion2_Players::LEADER_JOAO_III,Players:Expansion2_Players::LEADER_SALADIN_ALT,Players:Expansion2_Players::LEADER_SALADIN,Players:Expansion2_Players::LEADER_SEONDEOK,Players:Expansion2_Players::LEADER_SEJONG,Players:Expansion2_Players::LEADER_SUNDIATA_KEITA,Players:Expansion2_Players::LEADER_SULEIMAN_ALT,Players:Expansion2_Players::LEADER_SULEIMAN,Players:Expansion2_Players::LEADER_TAMAR,Players:Expansion2_Players::LEADER_T_ROOSEVELT,Players:Expansion2_Players::LEADER_GITARJA,Players:Expansion2_Players::LEADER_TRAJAN,Players:Expansion2_Players::LEADER_TOMYRIS,Players:Expansion2_Players::LEADER_LAURIER,Players:Expansion2_Players::LEADER_WILHELMINA,Players:Expansion2_Players::LEADER_WILHELMINA_INLAND,Players:Expansion2_Players::LEADER_VICTORIA,Players:Expansion2_Players::LEADER_VICTORIA_ALT,Players:Expansion2_Players::LEADER_WU_ZETIAN,Players:Expansion2_Players::LEADER_SIMON_BOLIVAR,Players:Expansion2_Players::LEADER_MATTHIAS_CORVINUS,Players:Expansion2_Players::LEADER_JADWIGA,Players:Expansion2_Players::LEADER_ABRAHAM_LINCOLN,Players:Expansion2_Players::LEADER_ALEXANDER,Players:Expansion2_Players::LEADER_ELIZABETH,Players:Expansion2_Players::LEADER_YONGLE,Players:Expansion2_Players::LEADER_JOHN_CURTIN,Players:Expansion2_Players::LEADER_CHANDRAGUPTA,Players:Expansion2_Players::LEADER_LADY_TRIEU
Config CONFIGURATION_PLAYER, Key LEADER_VALUE_DOMAIN (0xcdbd103d), subtype 9, changed to Players:*
Config CONFIGURATION_PLAYER, Key MOD_READY_STATUS (0xfc7b1f66), subtype 0, changed to true
Config CONFIGURATION_PLAYER, Key NETWORK_NAME (0x8e72249a), subtype 0, changed to ZYL@76561199003168956
Config CONFIGURATION_PLAYER, Key NICK_NAME (0xdab96bfd), subtype 0, changed to ZYL
Config CONFIGURATION_PLAYER, Key SLOT_STATUS (0xce42b995), subtype 0, changed to 3
Config CONFIGURATION_PLAYER, Key CIVILIZATION_LEVEL_TYPE_NAME (0xca55abbe), subtype 0, changed to CIVILIZATION_LEVEL_FULL_CIV
Config CONFIGURATION_PLAYER, Key NETWORK_NAME (0x8e72249a), subtype 1, changed to ZYL@76561199003168956
Config CONFIGURATION_PLAYER, Key NICK_NAME (0xdab96bfd), subtype 1, changed to ZYL
Config CONFIGURATION_PLAYER, Key NETWORK_NAME (0x8e72249a), subtype 0, changed to Jerry@76561199005446447
Config CONFIGURATION_PLAYER, Key NICK_NAME (0xdab96bfd), subtype 0, changed to Jerry
Config CONFIGURATION_PLAYER, Key LEADER_NAME (0xf043351a), subtype 1, changed to null
Config CONFIGURATION_PLAYER, Key LEADER_TYPE_NAME (0xe8cd5e5f), subtype 1, changed to null
Config CONFIGURATION_PLAYER, Key LEADER_RANDOM_POOL_ID (0x402bf356), subtype 1, changed to 0
Config CONFIGURATION_PLAYER, Key LEADER_DOMAIN (0x4fe363bb), subtype 1, changed to Players:Expansion2_Players
Config CONFIGURATION_PLAYER, Key LEADER_VALUES (0xd2ed3156), subtype 1, changed to Players:*::RANDOM,Players:*::RANDOM_POOL1,Players:*::RANDOM_POOL2,Players:Expansion2_Players::LEADER_ELEANOR_FRANCE,Players:Expansion2_Players::LEADER_ELEANOR_ENGLAND,Players:Expansion2_Players::LEADER_AMANITORE,Players:Expansion2_Players::LEADER_AMBIORIX,Players:Expansion2_Players::LEADER_BASIL,Players:Expansion2_Players::LEADER_HOJO,Players:Expansion2_Players::LEADER_HOJO_INLAND,Players:Expansion2_Players::LEADER_PETER_GREAT,Players:Expansion2_Players::LEADER_PERICLES,Players:Expansion2_Players::LEADER_GENGHIS_KHAN,Players:Expansion2_Players::LEADER_TOKUGAWA,Players:Expansion2_Players::LEADER_THEODORA,Players:Expansion2_Players::LEADER_DIDO,Players:Expansion2_Players::LEADER_JAYAVARMAN,Players:Expansion2_Players::LEADER_NZINGA_MBANDE,Players:Expansion2_Players::LEADER_PHILIP_II,Players:Expansion2_Players::LEADER_PHILIP_II_INLAND,Players:Expansion2_Players::LEADER_BARBAROSSA,Players:Expansion2_Players::LEADER_GANDHI,Players:Expansion2_Players::LEADER_GORGO,Players:Expansion2_Players::LEADER_HARDRADA,Players:Expansion2_Players::LEADER_HARALD_ALT,Players:Expansion2_Players::LEADER_HAMMURABI,Players:Expansion2_Players::LEADER_KUBLAI_KHAN_MONGOLIA,Players:Expansion2_Players::LEADER_KUBLAI_KHAN_CHINA,Players:Expansion2_Players::LEADER_GILGAMESH,Players:Expansion2_Players::LEADER_CYRUS,Players:Expansion2_Players::LEADER_CATHERINE_DE_MEDICI,Players:Expansion2_Players::LEADER_CATHERINE_DE_MEDICI_ALT,Players:Expansion2_Players::LEADER_KRISTINA,Players:Expansion2_Players::LEADER_CLEOPATRA,Players:Expansion2_Players::LEADER_CLEOPATRA_ALT,Players:Expansion2_Players::LEADER_KUPE,Players:Expansion2_Players::LEADER_RAMSES,Players:Expansion2_Players::LEADER_LAUTARO,Players:Expansion2_Players::LEADER_LADY_SIX_SKY,Players:Expansion2_Players::LEADER_LUDWIG,Players:Expansion2_Players::LEADER_ROBERT_THE_BRUCE,Players:Expansion2_Players::LEADER_MANSA_MUSA,Players:Expansion2_Players::LEADER_MONTEZUMA,Players:Expansion2_Players::LEADER_MENELIK,Players:Expansion2_Players::LEADER_MVEMBA,Players:Expansion2_Players::LEADER_NADER_SHAH,Players:Expansion2_Players::LEADER_PACHACUTI,Players:Expansion2_Players::LEADER_POUNDMAKER,Players:Expansion2_Players::LEADER_PEDRO,Players:Expansion2_Players::LEADER_SHAKA,Players:Expansion2_Players::LEADER_QIN_ALT,Players:Expansion2_Players::LEADER_QIN,Players:Expansion2_Players::LEADER_JOAO_III,Players:Expansion2_Players::LEADER_SALADIN_ALT,Players:Expansion2_Players::LEADER_SALADIN,Players:Expansion2_Players::LEADER_SEONDEOK,Players:Expansion2_Players::LEADER_SEJONG,Players:Expansion2_Players::LEADER_SUNDIATA_KEITA,Players:Expansion2_Players::LEADER_SULEIMAN_ALT,Players:Expansion2_Players::LEADER_SULEIMAN,Players:Expansion2_Players::LEADER_TAMAR,Players:Expansion2_Players::LEADER_T_ROOSEVELT,Players:Expansion2_Players::LEADER_GITARJA,Players:Expansion2_Players::LEADER_TRAJAN,Players:Expansion2_Players::LEADER_TOMYRIS,Players:Expansion2_Players::LEADER_LAURIER,Players:Expansion2_Players::LEADER_WILHELMINA,Players:Expansion2_Players::LEADER_WILHELMINA_INLAND,Players:Expansion2_Players::LEADER_VICTORIA,Players:Expansion2_Players::LEADER_VICTORIA_ALT,Players:Expansion2_Players::LEADER_WU_ZETIAN,Players:Expansion2_Players::LEADER_SIMON_BOLIVAR,Players:Expansion2_Players::LEADER_MATTHIAS_CORVINUS,Players:Expansion2_Players::LEADER_JADWIGA,Players:Expansion2_Players::LEADER_ABRAHAM_LINCOLN,Players:Expansion2_Players::LEADER_ALEXANDER,Players:Expansion2_Players::LEADER_ELIZABETH,Players:Expansion2_Players::LEADER_YONGLE,Players:Expansion2_Players::LEADER_JOHN_CURTIN,Players:Expansion2_Players::LEADER_CHANDRAGUPTA,Players:Expansion2_Players::LEADER_LADY_TRIEU
Config CONFIGURATION_PLAYER, Key LEADER_VALUE_DOMAIN (0xcdbd103d), subtype 1, changed to Players:*
Config CONFIGURATION_PLAYER, Key CIVILIZATION_TYPE_NAME (0x9d5e5c2f), subtype 1, removed
Config CONFIGURATION_PLAYER, Key CIVILIZATION_TYPE_ID (0xc7d7515b), subtype 1, removed
Config CONFIGURATION_PLAYER, Key MOD_READY_STATUS (0xfc7b1f66), subtype 0, changed to false
Config CONFIGURATION_PLAYER, Key NETWORK_NAME (0x8e72249a), subtype 0, changed to Jerry@76561199005446447
Config CONFIGURATION_PLAYER, Key NICK_NAME (0xdab96bfd), subtype 0, changed to Jerry
Config CONFIGURATION_PLAYER, Key CIVILIZATION_LEVEL_TYPE_NAME (0xca55abbe), subtype 0, changed to CIVILIZATION_LEVEL_FULL_CIV
Config CONFIGURATION_PLAYER, Key NETWORK_NAME (0x8e72249a), subtype 2, changed to Jerry@76561199005446447
Config CONFIGURATION_PLAYER, Key NICK_NAME (0xdab96bfd), subtype 2, changed to Jerry
Config CONFIGURATION_PLAYER, Key NETWORK_NAME (0x8e72249a), subtype 0, changed to Jerry@76561199005446447
Config CONFIGURATION_PLAYER, Key NICK_NAME (0xdab96bfd), subtype 0, changed to Jerry
Config CONFIGURATION_PLAYER, Key SLOT_STATUS (0xce42b995), subtype 0, changed to 1
Config CONFIGURATION_PLAYER, Key LEADER_NAME (0xf043351a), subtype 0, changed to null
Config CONFIGURATION_PLAYER, Key LEADER_TYPE_NAME (0xe8cd5e5f), subtype 0, changed to null
Config CONFIGURATION_PLAYER, Key LEADER_RANDOM_POOL_ID (0x402bf356), subtype 0, changed to 0x00000000
Config CONFIGURATION_PLAYER, Key LEADER_RANDOM_POOL_ID (0x402bf356), subtype 0, changed to 0
Config CONFIGURATION_PLAYER, Key LEADER_DOMAIN (0x4fe363bb), subtype 0, changed to Players:Expansion2_Players
Config CONFIGURATION_PLAYER, Key LEADER_VALUES (0xd2ed3156), subtype 0, changed to Players:*::RANDOM,Players:*::RANDOM_POOL1,Players:*::RANDOM_POOL2,Players:Expansion2_Players::LEADER_ELEANOR_FRANCE,Players:Expansion2_Players::LEADER_ELEANOR_ENGLAND,Players:Expansion2_Players::LEADER_AMANITORE,Players:Expansion2_Players::LEADER_AMBIORIX,Players:Expansion2_Players::LEADER_BASIL,Players:Expansion2_Players::LEADER_HOJO,Players:Expansion2_Players::LEADER_HOJO_INLAND,Players:Expansion2_Players::LEADER_PETER_GREAT,Players:Expansion2_Players::LEADER_PERICLES,Players:Expansion2_Players::LEADER_GENGHIS_KHAN,Players:Expansion2_Players::LEADER_TOKUGAWA,Players:Expansion2_Players::LEADER_THEODORA,Players:Expansion2_Players::LEADER_DIDO,Players:Expansion2_Players::LEADER_JAYAVARMAN,Players:Expansion2_Players::LEADER_NZINGA_MBANDE,Players:Expansion2_Players::LEADER_PHILIP_II,Players:Expansion2_Players::LEADER_PHILIP_II_INLAND,Players:Expansion2_Players::LEADER_BARBAROSSA,Players:Expansion2_Players::LEADER_GORGO,Players:Expansion2_Players::LEADER_HARDRADA,Players:Expansion2_Players::LEADER_HARALD_ALT,Players:Expansion2_Players::LEADER_HAMMURABI,Players:Expansion2_Players::LEADER_KUBLAI_KHAN_MONGOLIA,Players:Expansion2_Players::LEADER_KUBLAI_KHAN_CHINA,Players:Expansion2_Players::LEADER_GILGAMESH,Players:Expansion2_Players::LEADER_CYRUS,Players:Expansion2_Players::LEADER_CATHERINE_DE_MEDICI,Players:Expansion2_Players::LEADER_CATHERINE_DE_MEDICI_ALT,Players:Expansion2_Players::LEADER_KRISTINA,Players:Expansion2_Players::LEADER_CLEOPATRA,Players:Expansion2_Players::LEADER_CLEOPATRA_ALT,Players:Expansion2_Players::LEADER_KUPE,Players:Expansion2_Players::LEADER_RAMSES,Players:Expansion2_Players::LEADER_LAUTARO,Players:Expansion2_Players::LEADER_LADY_SIX_SKY,Players:Expansion2_Players::LEADER_LUDWIG,Players:Expansion2_Players::LEADER_ROBERT_THE_BRUCE,Players:Expansion2_Players::LEADER_MANSA_MUSA,Players:Expansion2_Players::LEADER_MONTEZUMA,Players:Expansion2_Players::LEADER_MENELIK,Players:Expansion2_Players::LEADER_MVEMBA,Players:Expansion2_Players::LEADER_NADER_SHAH,Players:Expansion2_Players::LEADER_PACHACUTI,Players:Expansion2_Players::LEADER_POUNDMAKER,Players:Expansion2_Players::LEADER_PEDRO,Players:Expansion2_Players::LEADER_SHAKA,Players:Expansion2_Players::LEADER_QIN_ALT,Players:Expansion2_Players::LEADER_QIN,Players:Expansion2_Players::LEADER_JOAO_III,Players:Expansion2_Players::LEADER_SALADIN_ALT,Players:Expansion2_Players::LEADER_SALADIN,Players:Expansion2_Players::LEADER_SEONDEOK,Players:Expansion2_Players::LEADER_SEJONG,Players:Expansion2_Players::LEADER_SUNDIATA_KEITA,Players:Expansion2_Players::LEADER_SULEIMAN_ALT,Players:Expansion2_Players::LEADER_SULEIMAN,Players:Expansion2_Players::LEADER_TAMAR,Players:Expansion2_Players::LEADER_T_ROOSEVELT,Players:Expansion2_Players::LEADER_GITARJA,Players:Expansion2_Players::LEADER_TRAJAN,Players:Expansion2_Players::LEADER_TOMYRIS,Players:Expansion2_Players::LEADER_LAURIER,Players:Expansion2_Players::LEADER_WILHELMINA,Players:Expansion2_Players::LEADER_WILHELMINA_INLAND,Players:Expansion2_Players::LEADER_VICTORIA,Players:Expansion2_Players::LEADER_VICTORIA_ALT,Players:Expansion2_Players::LEADER_WU_ZETIAN,Players:Expansion2_Players::LEADER_SIMON_BOLIVAR,Players:Expansion2_Players::LEADER_MATTHIAS_CORVINUS,Players:Expansion2_Players::LEADER_JADWIGA,Players:Expansion2_Players::LEADER_ABRAHAM_LINCOLN,Players:Expansion2_Players::LEADER_ALEXANDER,Players:Expansion2_Players::LEADER_ELIZABETH,Players:Expansion2_Players::LEADER_YONGLE,Players:Expansion2_Players::LEADER_JOHN_CURTIN,Players:Expansion2_Players::LEADER_LADY_TRIEU
Config CONFIGURATION_PLAYER, Key LEADER_VALUE_DOMAIN (0xcdbd103d), subtype 0, changed to Players:*
Config CONFIGURATION_PLAYER, Key LEADER_NAME (0xf043351a), subtype 1, changed to null
Config CONFIGURATION_PLAYER, Key LEADER_TYPE_NAME (0xe8cd5e5f), subtype 1, changed to null
Config CONFIGURATION_PLAYER, Key LEADER_RANDOM_POOL_ID (0x402bf356), subtype 1, changed to 0x00000000
Config CONFIGURATION_PLAYER, Key LEADER_RANDOM_POOL_ID (0x402bf356), subtype 1, changed to 0
Config CONFIGURATION_PLAYER, Key LEADER_DOMAIN (0x4fe363bb), subtype 1, changed to Players:Expansion2_Players
Config CONFIGURATION_PLAYER, Key LEADER_VALUES (0xd2ed3156), subtype 1, changed to Players:*::RANDOM,Players:*::RANDOM_POOL1,Players:*::RANDOM_POOL2,Players:Expansion2_Players::LEADER_ELEANOR_FRANCE,Players:Expansion2_Players::LEADER_ELEANOR_ENGLAND,Players:Expansion2_Players::LEADER_AMANITORE,Players:Expansion2_Players::LEADER_AMBIORIX,Players:Expansion2_Players::LEADER_BASIL,Players:Expansion2_Players::LEADER_HOJO,Players:Expansion2_Players::LEADER_HOJO_INLAND,Players:Expansion2_Players::LEADER_PETER_GREAT,Players:Expansion2_Players::LEADER_PERICLES,Players:Expansion2_Players::LEADER_GENGHIS_KHAN,Players:Expansion2_Players::LEADER_TOKUGAWA,Players:Expansion2_Players::LEADER_THEODORA,Players:Expansion2_Players::LEADER_DIDO,Players:Expansion2_Players::LEADER_JAYAVARMAN,Players:Expansion2_Players::LEADER_NZINGA_MBANDE,Players:Expansion2_Players::LEADER_PHILIP_II,Players:Expansion2_Players::LEADER_PHILIP_II_INLAND,Players:Expansion2_Players::LEADER_BARBAROSSA,Players:Expansion2_Players::LEADER_GORGO,Players:Expansion2_Players::LEADER_HARDRADA,Players:Expansion2_Players::LEADER_HARALD_ALT,Players:Expansion2_Players::LEADER_HAMMURABI,Players:Expansion2_Players::LEADER_KUBLAI_KHAN_MONGOLIA,Players:Expansion2_Players::LEADER_KUBLAI_KHAN_CHINA,Players:Expansion2_Players::LEADER_GILGAMESH,Players:Expansion2_Players::LEADER_CYRUS,Players:Expansion2_Players::LEADER_CATHERINE_DE_MEDICI,Players:Expansion2_Players::LEADER_CATHERINE_DE_MEDICI_ALT,Players:Expansion2_Players::LEADER_KRISTINA,Players:Expansion2_Players::LEADER_CLEOPATRA,Players:Expansion2_Players::LEADER_CLEOPATRA_ALT,Players:Expansion2_Players::LEADER_KUPE,Players:Expansion2_Players::LEADER_RAMSES,Players:Expansion2_Players::LEADER_LAUTARO,Players:Expansion2_Players::LEADER_LADY_SIX_SKY,Players:Expansion2_Players::LEADER_LUDWIG,Players:Expansion2_Players::LEADER_ROBERT_THE_BRUCE,Players:Expansion2_Players::LEADER_MANSA_MUSA,Players:Expansion2_Players::LEADER_MONTEZUMA,Players:Expansion2_Players::LEADER_MENELIK,Players:Expansion2_Players::LEADER_MVEMBA,Players:Expansion2_Players::LEADER_NADER_SHAH,Players:Expansion2_Players::LEADER_PACHACUTI,Players:Expansion2_Players::LEADER_POUNDMAKER,Players:Expansion2_Players::LEADER_PEDRO,Players:Expansion2_Players::LEADER_SHAKA,Players:Expansion2_Players::LEADER_QIN_ALT,Players:Expansion2_Players::LEADER_QIN,Players:Expansion2_Players::LEADER_JOAO_III,Players:Expansion2_Players::LEADER_SALADIN_ALT,Players:Expansion2_Players::LEADER_SALADIN,Players:Expansion2_Players::LEADER_SEONDEOK,Players:Expansion2_Players::LEADER_SEJONG,Players:Expansion2_Players::LEADER_SUNDIATA_KEITA,Players:Expansion2_Players::LEADER_SULEIMAN_ALT,Players:Expansion2_Players::LEADER_SULEIMAN,Players:Expansion2_Players::LEADER_TAMAR,Players:Expansion2_Players::LEADER_T_ROOSEVELT,Players:Expansion2_Players::LEADER_GITARJA,Players:Expansion2_Players::LEADER_TRAJAN,Players:Expansion2_Players::LEADER_TOMYRIS,Players:Expansion2_Players::LEADER_LAURIER,Players:Expansion2_Players::LEADER_WILHELMINA,Players:Expansion2_Players::LEADER_WILHELMINA_INLAND,Players:Expansion2_Players::LEADER_VICTORIA,Players:Expansion2_Players::LEADER_VICTORIA_ALT,Players:Expansion2_Players::LEADER_WU_ZETIAN,Players:Expansion2_Players::LEADER_SIMON_BOLIVAR,Players:Expansion2_Players::LEADER_MATTHIAS_CORVINUS,Players:Expansion2_Players::LEADER_JADWIGA,Players:Expansion2_Players::LEADER_ABRAHAM_LINCOLN,Players:Expansion2_Players::LEADER_ALEXANDER,Players:Expansion2_Players::LEADER_ELIZABETH,Players:Expansion2_Players::LEADER_YONGLE,Players:Expansion2_Players::LEADER_JOHN_CURTIN,Players:Expansion2_Players::LEADER_LADY_TRIEU
Config CONFIGURATION_PLAYER, Key LEADER_VALUE_DOMAIN (0xcdbd103d), subtype 1, changed to Players:*
Config CONFIGURATION_PLAYER, Key LEADER_NAME (0xf043351a), subtype 5, changed to null
Config CONFIGURATION_PLAYER, Key LEADER_TYPE_NAME (0xe8cd5e5f), subtype 5, changed to null
Config CONFIGURATION_PLAYER, Key LEADER_RANDOM_POOL_ID (0x402bf356), subtype 5, changed to 0x00000000
Config CONFIGURATION_PLAYER, Key LEADER_RANDOM_POOL_ID (0x402bf356), subtype 5, changed to 0
Config CONFIGURATION_PLAYER, Key LEADER_DOMAIN (0x4fe363bb), subtype 5, changed to Players:Expansion2_Players
Config CONFIGURATION_PLAYER, Key LEADER_VALUES (0xd2ed3156), subtype 5, changed to Players:*::RANDOM,Players:*::RANDOM_POOL1,Players:*::RANDOM_POOL2,Players:Expansion2_Players::LEADER_ELEANOR_FRANCE,Players:Expansion2_Players::LEADER_ELEANOR_ENGLAND,Players:Expansion2_Players::LEADER_AMANITORE,Players:Expansion2_Players::LEADER_AMBIORIX,Players:Expansion2_Players::LEADER_BASIL,Players:Expansion2_Players::LEADER_HOJO,Players:Expansion2_Players::LEADER_HOJO_INLAND,Players:Expansion2_Players::LEADER_PETER_GREAT,Players:Expansion2_Players::LEADER_PERICLES,Players:Expansion2_Players::LEADER_GENGHIS_KHAN,Players:Expansion2_Players::LEADER_TOKUGAWA,Players:Expansion2_Players::LEADER_THEODORA,Players:Expansion2_Players::LEADER_DIDO,Players:Expansion2_Players::LEADER_JAYAVARMAN,Players:Expansion2_Players::LEADER_NZINGA_MBANDE,Players:Expansion2_Players::LEADER_PHILIP_II,Players:Expansion2_Players::LEADER_PHILIP_II_INLAND,Players:Expansion2_Players::LEADER_BARBAROSSA,Players:Expansion2_Players::LEADER_GORGO,Players:Expansion2_Players::LEADER_HARDRADA,Players:Expansion2_Players::LEADER_HARALD_ALT,Players:Expansion2_Players::LEADER_HAMMURABI,Players:Expansion2_Players::LEADER_KUBLAI_KHAN_MONGOLIA,Players:Expansion2_Players::LEADER_KUBLAI_KHAN_CHINA,Players:Expansion2_Players::LEADER_GILGAMESH,Players:Expansion2_Players::LEADER_CYRUS,Players:Expansion2_Players::LEADER_CATHERINE_DE_MEDICI,Players:Expansion2_Players::LEADER_CATHERINE_DE_MEDICI_ALT,Players:Expansion2_Players::LEADER_KRISTINA,Players:Expansion2_Players::LEADER_CLEOPATRA,Players:Expansion2_Players::LEADER_CLEOPATRA_ALT,Players:Expansion2_Players::LEADER_KUPE,Players:Expansion2_Players::LEADER_RAMSES,Players:Expansion2_Players::LEADER_LAUTARO,Players:Expansion2_Players::LEADER_LADY_SIX_SKY,Players:Expansion2_Players::LEADER_LUDWIG,Players:Expansion2_Players::LEADER_ROBERT_THE_BRUCE,Players:Expansion2_Players::LEADER_MANSA_MUSA,Players:Expansion2_Players::LEADER_MONTEZUMA,Players:Expansion2_Players::LEADER_MENELIK,Players:Expansion2_Players::LEADER_MVEMBA,Players:Expansion2_Players::LEADER_NADER_SHAH,Players:Expansion2_Players::LEADER_PACHACUTI,Players:Expansion2_Players::LEADER_POUNDMAKER,Players:Expansion2_Players::LEADER_PEDRO,Players:Expansion2_Players::LEADER_SHAKA,Players:Expansion2_Players::LEADER_QIN_ALT,Players:Expansion2_Players::LEADER_QIN,Players:Expansion2_Players::LEADER_JOAO_III,Players:Expansion2_Players::LEADER_SALADIN_ALT,Players:Expansion2_Players::LEADER_SALADIN,Players:Expansion2_Players::LEADER_SEONDEOK,Players:Expansion2_Players::LEADER_SEJONG,Players:Expansion2_Players::LEADER_SUNDIATA_KEITA,Players:Expansion2_Players::LEADER_SULEIMAN_ALT,Players:Expansion2_Players::LEADER_SULEIMAN,Players:Expansion2_Players::LEADER_TAMAR,Players:Expansion2_Players::LEADER_T_ROOSEVELT,Players:Expansion2_Players::LEADER_GITARJA,Players:Expansion2_Players::LEADER_TRAJAN,Players:Expansion2_Players::LEADER_TOMYRIS,Players:Expansion2_Players::LEADER_LAURIER,Players:Expansion2_Players::LEADER_WILHELMINA,Players:Expansion2_Players::LEADER_WILHELMINA_INLAND,Players:Expansion2_Players::LEADER_VICTORIA,Players:Expansion2_Players::LEADER_VICTORIA_ALT,Players:Expansion2_Players::LEADER_WU_ZETIAN,Players:Expansion2_Players::LEADER_SIMON_BOLIVAR,Players:Expansion2_Players::LEADER_MATTHIAS_CORVINUS,Players:Expansion2_Players::LEADER_JADWIGA,Players:Expansion2_Players::LEADER_ABRAHAM_LINCOLN,Players:Expansion2_Players::LEADER_ALEXANDER,Players:Expansion2_Players::LEADER_ELIZABETH,Players:Expansion2_Players::LEADER_YONGLE,Players:Expansion2_Players::LEADER_JOHN_CURTIN,Players:Expansion2_Players::LEADER_LADY_TRIEU
Config CONFIGURATION_PLAYER, Key LEADER_VALUE_DOMAIN (0xcdbd103d), subtype 5, changed to Players:*
Config CONFIGURATION_PLAYER, Key LEADER_NAME (0xf043351a), subtype 6, changed to null
Config CONFIGURATION_PLAYER, Key LEADER_TYPE_NAME (0xe8cd5e5f), subtype 6, changed to null
Config CONFIGURATION_PLAYER, Key LEADER_RANDOM_POOL_ID (0x402bf356), subtype 6, changed to 0x00000000
Config CONFIGURATION_PLAYER, Key LEADER_RANDOM_POOL_ID (0x402bf356), subtype 6, changed to 0
Config CONFIGURATION_PLAYER, Key LEADER_DOMAIN (0x4fe363bb), subtype 6, changed to Players:Expansion2_Players
Config CONFIGURATION_PLAYER, Key LEADER_VALUES (0xd2ed3156), subtype 6, changed to Players:*::RANDOM,Players:*::RANDOM_POOL1,Players:*::RANDOM_POOL2,Players:Expansion2_Players::LEADER_ELEANOR_FRANCE,Players:Expansion2_Players::LEADER_ELEANOR_ENGLAND,Players:Expansion2_Players::LEADER_AMANITORE,Players:Expansion2_Players::LEADER_AMBIORIX,Players:Expansion2_Players::LEADER_BASIL,Players:Expansion2_Players::LEADER_HOJO,Players:Expansion2_Players::LEADER_HOJO_INLAND,Players:Expansion2_Players::LEADER_PETER_GREAT,Players:Expansion2_Players::LEADER_PERICLES,Players:Expansion2_Players::LEADER_GENGHIS_KHAN,Players:Expansion2_Players::LEADER_TOKUGAWA,Players:Expansion2_Players::LEADER_THEODORA,Players:Expansion2_Players::LEADER_DIDO,Players:Expansion2_Players::LEADER_JAYAVARMAN,Players:Expansion2_Players::LEADER_NZINGA_MBANDE,Players:Expansion2_Players::LEADER_PHILIP_II,Players:Expansion2_Players::LEADER_PHILIP_II_INLAND,Players:Expansion2_Players::LEADER_BARBAROSSA,Players:Expansion2_Players::LEADER_GORGO,Players:Expansion2_Players::LEADER_HARDRADA,Players:Expansion2_Players::LEADER_HARALD_ALT,Players:Expansion2_Players::LEADER_HAMMURABI,Players:Expansion2_Players::LEADER_KUBLAI_KHAN_MONGOLIA,Players:Expansion2_Players::LEADER_KUBLAI_KHAN_CHINA,Players:Expansion2_Players::LEADER_GILGAMESH,Players:Expansion2_Players::LEADER_CYRUS,Players:Expansion2_Players::LEADER_CATHERINE_DE_MEDICI,Players:Expansion2_Players::LEADER_CATHERINE_DE_MEDICI_ALT,Players:Expansion2_Players::LEADER_KRISTINA,Players:Expansion2_Players::LEADER_CLEOPATRA,Players:Expansion2_Players::LEADER_CLEOPATRA_ALT,Players:Expansion2_Players::LEADER_KUPE,Players:Expansion2_Players::LEADER_RAMSES,Players:Expansion2_Players::LEADER_LAUTARO,Players:Expansion2_Players::LEADER_LADY_SIX_SKY,Players:Expansion2_Players::LEADER_LUDWIG,Players:Expansion2_Players::LEADER_ROBERT_THE_BRUCE,Players:Expansion2_Players::LEADER_MANSA_MUSA,Players:Expansion2_Players::LEADER_MONTEZUMA,Players:Expansion2_Players::LEADER_MENELIK,Players:Expansion2_Players::LEADER_MVEMBA,Players:Expansion2_Players::LEADER_NADER_SHAH,Players:Expansion2_Players::LEADER_PACHACUTI,Players:Expansion2_Players::LEADER_POUNDMAKER,Players:Expansion2_Players::LEADER_PEDRO,Players:Expansion2_Players::LEADER_SHAKA,Players:Expansion2_Players::LEADER_QIN_ALT,Players:Expansion2_Players::LEADER_QIN,Players:Expansion2_Players::LEADER_JOAO_III,Players:Expansion2_Players::LEADER_SALADIN_ALT,Players:Expansion2_Players::LEADER_SALADIN,Players:Expansion2_Players::LEADER_SEONDEOK,Players:Expansion2_Players::LEADER_SEJONG,Players:Expansion2_Players::LEADER_SUNDIATA_KEITA,Players:Expansion2_Players::LEADER_SULEIMAN_ALT,Players:Expansion2_Players::LEADER_SULEIMAN,Players:Expansion2_Players::LEADER_TAMAR,Players:Expansion2_Players::LEADER_T_ROOSEVELT,Players:Expansion2_Players::LEADER_GITARJA,Players:Expansion2_Players::LEADER_TRAJAN,Players:Expansion2_Players::LEADER_TOMYRIS,Players:Expansion2_Players::LEADER_LAURIER,Players:Expansion2_Players::LEADER_WILHELMINA,Players:Expansion2_Players::LEADER_WILHELMINA_INLAND,Players:Expansion2_Players::LEADER_VICTORIA,Players:Expansion2_Players::LEADER_VICTORIA_ALT,Players:Expansion2_Players::LEADER_WU_ZETIAN,Players:Expansion2_Players::LEADER_SIMON_BOLIVAR,Players:Expansion2_Players::LEADER_MATTHIAS_CORVINUS,Players:Expansion2_Players::LEADER_JADWIGA,Players:Expansion2_Players::LEADER_ABRAHAM_LINCOLN,Players:Expansion2_Players::LEADER_ALEXANDER,Players:Expansion2_Players::LEADER_ELIZABETH,Players:Expansion2_Players::LEADER_YONGLE,Players:Expansion2_Players::LEADER_JOHN_CURTIN,Players:Expansion2_Players::LEADER_LADY_TRIEU
Config CONFIGURATION_PLAYER, Key LEADER_VALUE_DOMAIN (0xcdbd103d), subtype 6, changed to Players:*
Config CONFIGURATION_PLAYER, Key LEADER_NAME (0xf043351a), subtype 7, changed to null
Config CONFIGURATION_PLAYER, Key LEADER_TYPE_NAME (0xe8cd5e5f), subtype 7, changed to null
Config CONFIGURATION_PLAYER, Key LEADER_RANDOM_POOL_ID (0x402bf356), subtype 7, changed to 0x00000000
Config CONFIGURATION_PLAYER, Key LEADER_RANDOM_POOL_ID (0x402bf356), subtype 7, changed to 0
Config CONFIGURATION_PLAYER, Key LEADER_DOMAIN (0x4fe363bb), subtype 7, changed to Players:Expansion2_Players
Config CONFIGURATION_PLAYER, Key LEADER_VALUES (0xd2ed3156), subtype 7, changed to Players:*::RANDOM,Players:*::RANDOM_POOL1,Players:*::RANDOM_POOL2,Players:Expansion2_Players::LEADER_ELEANOR_FRANCE,Players:Expansion2_Players::LEADER_ELEANOR_ENGLAND,Players:Expansion2_Players::LEADER_AMANITORE,Players:Expansion2_Players::LEADER_AMBIORIX,Players:Expansion2_Players::LEADER_BASIL,Players:Expansion2_Players::LEADER_HOJO,Players:Expansion2_Players::LEADER_HOJO_INLAND,Players:Expansion2_Players::LEADER_PETER_GREAT,Players:Expansion2_Players::LEADER_PERICLES,Players:Expansion2_Players::LEADER_GENGHIS_KHAN,Players:Expansion2_Players::LEADER_TOKUGAWA,Players:Expansion2_Players::LEADER_THEODORA,Players:Expansion2_Players::LEADER_DIDO,Players:Expansion2_Players::LEADER_JAYAVARMAN,Players:Expansion2_Players::LEADER_NZINGA_MBANDE,Players:Expansion2_Players::LEADER_PHILIP_II,Players:Expansion2_Players::LEADER_PHILIP_II_INLAND,Players:Expansion2_Players::LEADER_BARBAROSSA,Players:Expansion2_Players::LEADER_GORGO,Players:Expansion2_Players::LEADER_HARDRADA,Players:Expansion2_Players::LEADER_HARALD_ALT,Players:Expansion2_Players::LEADER_HAMMURABI,Players:Expansion2_Players::LEADER_KUBLAI_KHAN_MONGOLIA,Players:Expansion2_Players::LEADER_KUBLAI_KHAN_CHINA,Players:Expansion2_Players::LEADER_GILGAMESH,Players:Expansion2_Players::LEADER_CYRUS,Players:Expansion2_Players::LEADER_CATHERINE_DE_MEDICI,Players:Expansion2_Players::LEADER_CATHERINE_DE_MEDICI_ALT,Players:Expansion2_Players::LEADER_KRISTINA,Players:Expansion2_Players::LEADER_CLEOPATRA,Players:Expansion2_Players::LEADER_CLEOPATRA_ALT,Players:Expansion2_Players::LEADER_KUPE,Players:Expansion2_Players::LEADER_RAMSES,Players:Expansion2_Players::LEADER_LAUTARO,Players:Expansion2_Players::LEADER_LADY_SIX_SKY,Players:Expansion2_Players::LEADER_LUDWIG,Players:Expansion2_Players::LEADER_ROBERT_THE_BRUCE,Players:Expansion2_Players::LEADER_MANSA_MUSA,Players:Expansion2_Players::LEADER_MONTEZUMA,Players:Expansion2_Players::LEADER_MENELIK,Players:Expansion2_Players::LEADER_MVEMBA,Players:Expansion2_Players::LEADER_NADER_SHAH,Players:Expansion2_Players::LEADER_PACHACUTI,Players:Expansion2_Players::LEADER_POUNDMAKER,Players:Expansion2_Players::LEADER_PEDRO,Players:Expansion2_Players::LEADER_SHAKA,Players:Expansion2_Players::LEADER_QIN_ALT,Players:Expansion2_Players::LEADER_QIN,Players:Expansion2_Players::LEADER_JOAO_III,Players:Expansion2_Players::LEADER_SALADIN_ALT,Players:Expansion2_Players::LEADER_SALADIN,Players:Expansion2_Players::LEADER_SEONDEOK,Players:Expansion2_Players::LEADER_SEJONG,Players:Expansion2_Players::LEADER_SUNDIATA_KEITA,Players:Expansion2_Players::LEADER_SULEIMAN_ALT,Players:Expansion2_Players::LEADER_SULEIMAN,Players:Expansion2_Players::LEADER_TAMAR,Players:Expansion2_Players::LEADER_T_ROOSEVELT,Players:Expansion2_Players::LEADER_GITARJA,Players:Expansion2_Players::LEADER_TRAJAN,Players:Expansion2_Players::LEADER_TOMYRIS,Players:Expansion2_Players::LEADER_LAURIER,Players:Expansion2_Players::LEADER_WILHELMINA,Players:Expansion2_Players::LEADER_WILHELMINA_INLAND,Players:Expansion2_Players::LEADER_VICTORIA,Players:Expansion2_Players::LEADER_VICTORIA_ALT,Players:Expansion2_Players::LEADER_WU_ZETIAN,Players:Expansion2_Players::LEADER_SIMON_BOLIVAR,Players:Expansion2_Players::LEADER_MATTHIAS_CORVINUS,Players:Expansion2_Players::LEADER_JADWIGA,Players:Expansion2_Players::LEADER_ABRAHAM_LINCOLN,Players:Expansion2_Players::LEADER_ALEXANDER,Players:Expansion2_Players::LEADER_ELIZABETH,Players:Expansion2_Players::LEADER_YONGLE,Players:Expansion2_Players::LEADER_JOHN_CURTIN,Players:Expansion2_Players::LEADER_LADY_TRIEU
Config CONFIGURATION_PLAYER, Key LEADER_VALUE_DOMAIN (0xcdbd103d), subtype 7, changed to Players:*
Config CONFIGURATION_PLAYER, Key LEADER_NAME (0xf043351a), subtype 8, changed to null
Config CONFIGURATION_PLAYER, Key LEADER_TYPE_NAME (0xe8cd5e5f), subtype 8, changed to null
Config CONFIGURATION_PLAYER, Key LEADER_RANDOM_POOL_ID (0x402bf356), subtype 8, changed to 0x00000000
Config CONFIGURATION_PLAYER, Key LEADER_RANDOM_POOL_ID (0x402bf356), subtype 8, changed to 0
Config CONFIGURATION_PLAYER, Key LEADER_DOMAIN (0x4fe363bb), subtype 8, changed to Players:Expansion2_Players
Config CONFIGURATION_PLAYER, Key LEADER_VALUES (0xd2ed3156), subtype 8, changed to Players:*::RANDOM,Players:*::RANDOM_POOL1,Players:*::RANDOM_POOL2,Players:Expansion2_Players::LEADER_ELEANOR_FRANCE,Players:Expansion2_Players::LEADER_ELEANOR_ENGLAND,Players:Expansion2_Players::LEADER_AMANITORE,Players:Expansion2_Players::LEADER_AMBIORIX,Players:Expansion2_Players::LEADER_BASIL,Players:Expansion2_Players::LEADER_HOJO,Players:Expansion2_Players::LEADER_HOJO_INLAND,Players:Expansion2_Players::LEADER_PETER_GREAT,Players:Expansion2_Players::LEADER_PERICLES,Players:Expansion2_Players::LEADER_GENGHIS_KHAN,Players:Expansion2_Players::LEADER_TOKUGAWA,Players:Expansion2_Players::LEADER_THEODORA,Players:Expansion2_Players::LEADER_DIDO,Players:Expansion2_Players::LEADER_JAYAVARMAN,Players:Expansion2_Players::LEADER_NZINGA_MBANDE,Players:Expansion2_Players::LEADER_PHILIP_II,Players:Expansion2_Players::LEADER_PHILIP_II_INLAND,Players:Expansion2_Players::LEADER_BARBAROSSA,Players:Expansion2_Players::LEADER_GORGO,Players:Expansion2_Players::LEADER_HARDRADA,Players:Expansion2_Players::LEADER_HARALD_ALT,Players:Expansion2_Players::LEADER_HAMMURABI,Players:Expansion2_Players::LEADER_KUBLAI_KHAN_MONGOLIA,Players:Expansion2_Players::LEADER_KUBLAI_KHAN_CHINA,Players:Expansion2_Players::LEADER_GILGAMESH,Players:Expansion2_Players::LEADER_CYRUS,Players:Expansion2_Players::LEADER_CATHERINE_DE_MEDICI,Players:Expansion2_Players::LEADER_CATHERINE_DE_MEDICI_ALT,Players:Expansion2_Players::LEADER_KRISTINA,Players:Expansion2_Players::LEADER_CLEOPATRA,Players:Expansion2_Players::LEADER_CLEOPATRA_ALT,Players:Expansion2_Players::LEADER_KUPE,Players:Expansion2_Players::LEADER_RAMSES,Players:Expansion2_Players::LEADER_LAUTARO,Players:Expansion2_Players::LEADER_LADY_SIX_SKY,Players:Expansion2_Players::LEADER_LUDWIG,Players:Expansion2_Players::LEADER_ROBERT_THE_BRUCE,Players:Expansion2_Players::LEADER_MANSA_MUSA,Players:Expansion2_Players::LEADER_MONTEZUMA,Players:Expansion2_Players::LEADER_MENELIK,Players:Expansion2_Players::LEADER_MVEMBA,Players:Expansion2_Players::LEADER_NADER_SHAH,Players:Expansion2_Players::LEADER_PACHACUTI,Players:Expansion2_Players::LEADER_POUNDMAKER,Players:Expansion2_Players::LEADER_PEDRO,Players:Expansion2_Players::LEADER_SHAKA,Players:Expansion2_Players::LEADER_QIN_ALT,Players:Expansion2_Players::LEADER_QIN,Players:Expansion2_Players::LEADER_JOAO_III,Players:Expansion2_Players::LEADER_SALADIN_ALT,Players:Expansion2_Players::LEADER_SALADIN,Players:Expansion2_Players::LEADER_SEONDEOK,Players:Expansion2_Players::LEADER_SEJONG,Players:Expansion2_Players::LEADER_SUNDIATA_KEITA,Players:Expansion2_Players::LEADER_SULEIMAN_ALT,Players:Expansion2_Players::LEADER_SULEIMAN,Players:Expansion2_Players::LEADER_TAMAR,Players:Expansion2_Players::LEADER_T_ROOSEVELT,Players:Expansion2_Players::LEADER_GITARJA,Players:Expansion2_Players::LEADER_TRAJAN,Players:Expansion2_Players::LEADER_TOMYRIS,Players:Expansion2_Players::LEADER_LAURIER,Players:Expansion2_Players::LEADER_WILHELMINA,Players:Expansion2_Players::LEADER_WILHELMINA_INLAND,Players:Expansion2_Players::LEADER_VICTORIA,Players:Expansion2_Players::LEADER_VICTORIA_ALT,Players:Expansion2_Players::LEADER_WU_ZETIAN,Players:Expansion2_Players::LEADER_SIMON_BOLIVAR,Players:Expansion2_Players::LEADER_MATTHIAS_CORVINUS,Players:Expansion2_Players::LEADER_JADWIGA,Players:Expansion2_Players::LEADER_ABRAHAM_LINCOLN,Players:Expansion2_Players::LEADER_ALEXANDER,Players:Expansion2_Players::LEADER_ELIZABETH,Players:Expansion2_Players::LEADER_YONGLE,Players:Expansion2_Players::LEADER_JOHN_CURTIN,Players:Expansion2_Players::LEADER_LADY_TRIEU
Config CONFIGURATION_PLAYER, Key LEADER_VALUE_DOMAIN (0xcdbd103d), subtype 8, changed to Players:*
Config CONFIGURATION_PLAYER, Key LEADER_NAME (0xf043351a), subtype 9, changed to null
Config CONFIGURATION_PLAYER, Key LEADER_TYPE_NAME (0xe8cd5e5f), subtype 9, changed to null
Config CONFIGURATION_PLAYER, Key LEADER_RANDOM_POOL_ID (0x402bf356), subtype 9, changed to 0x00000000
Config CONFIGURATION_PLAYER, Key LEADER_RANDOM_POOL_ID (0x402bf356), subtype 9, changed to 0
Config CONFIGURATION_PLAYER, Key LEADER_DOMAIN (0x4fe363bb), subtype 9, changed to Players:Expansion2_Players
Config CONFIGURATION_PLAYER, Key LEADER_VALUES (0xd2ed3156), subtype 9, changed to Players:*::RANDOM,Players:*::RANDOM_POOL1,Players:*::RANDOM_POOL2,Players:Expansion2_Players::LEADER_ELEANOR_FRANCE,Players:Expansion2_Players::LEADER_ELEANOR_ENGLAND,Players:Expansion2_Players::LEADER_AMANITORE,Players:Expansion2_Players::LEADER_AMBIORIX,Players:Expansion2_Players::LEADER_BASIL,Players:Expansion2_Players::LEADER_HOJO,Players:Expansion2_Players::LEADER_HOJO_INLAND,Players:Expansion2_Players::LEADER_PETER_GREAT,Players:Expansion2_Players::LEADER_PERICLES,Players:Expansion2_Players::LEADER_GENGHIS_KHAN,Players:Expansion2_Players::LEADER_TOKUGAWA,Players:Expansion2_Players::LEADER_THEODORA,Players:Expansion2_Players::LEADER_DIDO,Players:Expansion2_Players::LEADER_JAYAVARMAN,Players:Expansion2_Players::LEADER_NZINGA_MBANDE,Players:Expansion2_Players::LEADER_PHILIP_II,Players:Expansion2_Players::LEADER_PHILIP_II_INLAND,Players:Expansion2_Players::LEADER_BARBAROSSA,Players:Expansion2_Players::LEADER_GORGO,Players:Expansion2_Players::LEADER_HARDRADA,Players:Expansion2_Players::LEADER_HARALD_ALT,Players:Expansion2_Players::LEADER_HAMMURABI,Players:Expansion2_Players::LEADER_KUBLAI_KHAN_MONGOLIA,Players:Expansion2_Players::LEADER_KUBLAI_KHAN_CHINA,Players:Expansion2_Players::LEADER_GILGAMESH,Players:Expansion2_Players::LEADER_CYRUS,Players:Expansion2_Players::LEADER_CATHERINE_DE_MEDICI,Players:Expansion2_Players::LEADER_CATHERINE_DE_MEDICI_ALT,Players:Expansion2_Players::LEADER_KRISTINA,Players:Expansion2_Players::LEADER_CLEOPATRA,Players:Expansion2_Players::LEADER_CLEOPATRA_ALT,Players:Expansion2_Players::LEADER_KUPE,Players:Expansion2_Players::LEADER_RAMSES,Players:Expansion2_Players::LEADER_LAUTARO,Players:Expansion2_Players::LEADER_LADY_SIX_SKY,Players:Expansion2_Players::LEADER_LUDWIG,Players:Expansion2_Players::LEADER_ROBERT_THE_BRUCE,Players:Expansion2_Players::LEADER_MANSA_MUSA,Players:Expansion2_Players::LEADER_MONTEZUMA,Players:Expansion2_Players::LEADER_MENELIK,Players:Expansion2_Players::LEADER_MVEMBA,Players:Expansion2_Players::LEADER_NADER_SHAH,Players:Expansion2_Players::LEADER_PACHACUTI,Players:Expansion2_Players::LEADER_POUNDMAKER,Players:Expansion2_Players::LEADER_PEDRO,Players:Expansion2_Players::LEADER_SHAKA,Players:Expansion2_Players::LEADER_QIN_ALT,Players:Expansion2_Players::LEADER_QIN,Players:Expansion2_Players::LEADER_JOAO_III,Players:Expansion2_Players::LEADER_SALADIN_ALT,Players:Expansion2_Players::LEADER_SALADIN,Players:Expansion2_Players::LEADER_SEONDEOK,Players:Expansion2_Players::LEADER_SEJONG,Players:Expansion2_Players::LEADER_SUNDIATA_KEITA,Players:Expansion2_Players::LEADER_SULEIMAN_ALT,Players:Expansion2_Players::LEADER_SULEIMAN,Players:Expansion2_Players::LEADER_TAMAR,Players:Expansion2_Players::LEADER_T_ROOSEVELT,Players:Expansion2_Players::LEADER_GITARJA,Players:Expansion2_Players::LEADER_TRAJAN,Players:Expansion2_Players::LEADER_TOMYRIS,Players:Expansion2_Players::LEADER_LAURIER,Players:Expansion2_Players::LEADER_WILHELMINA,Players:Expansion2_Players::LEADER_WILHELMINA_INLAND,Players:Expansion2_Players::LEADER_VICTORIA,Players:Expansion2_Players::LEADER_VICTORIA_ALT,Players:Expansion2_Players::LEADER_WU_ZETIAN,Players:Expansion2_Players::LEADER_SIMON_BOLIVAR,Players:Expansion2_Players::LEADER_MATTHIAS_CORVINUS,Players:Expansion2_Players::LEADER_JADWIGA,Players:Expansion2_Players::LEADER_ABRAHAM_LINCOLN,Players:Expansion2_Players::LEADER_ALEXANDER,Players:Expansion2_Players::LEADER_ELIZABETH,Players:Expansion2_Players::LEADER_YONGLE,Players:Expansion2_Players::LEADER_JOHN_CURTIN,Players:Expansion2_Players::LEADER_LADY_TRIEU
Config CONFIGURATION_PLAYER, Key LEADER_VALUE_DOMAIN (0xcdbd103d), subtype 9, changed to Players:*
Config CONFIGURATION_PLAYER, Key SLOT_STATUS (0xce42b995), subtype 3, changed to 1
Config CONFIGURATION_PLAYER, Key LEADER_NAME (0xf043351a), subtype 3, changed to null
Config CONFIGURATION_PLAYER, Key LEADER_TYPE_NAME (0xe8cd5e5f), subtype 3, changed to null
Config CONFIGURATION_PLAYER, Key LEADER_RANDOM_POOL_ID (0x402bf356), subtype 3, changed to 0
Config CONFIGURATION_PLAYER, Key LEADER_DOMAIN (0x4fe363bb), subtype 3, changed to Players:Expansion2_Players
Config CONFIGURATION_PLAYER, Key LEADER_VALUES (0xd2ed3156), subtype 3, changed to Players:*::RANDOM,Players:*::RANDOM_POOL1,Players:*::RANDOM_POOL2,Players:Expansion2_Players::LEADER_ELEANOR_FRANCE,Players:Expansion2_Players::LEADER_ELEANOR_ENGLAND,Players:Expansion2_Players::LEADER_AMANITORE,Players:Expansion2_Players::LEADER_AMBIORIX,Players:Expansion2_Players::LEADER_BASIL,Players:Expansion2_Players::LEADER_HOJO,Players:Expansion2_Players::LEADER_HOJO_INLAND,Players:Expansion2_Players::LEADER_PETER_GREAT,Players:Expansion2_Players::LEADER_PERICLES,Players:Expansion2_Players::LEADER_GENGHIS_KHAN,Players:Expansion2_Players::LEADER_TOKUGAWA,Players:Expansion2_Players::LEADER_THEODORA,Players:Expansion2_Players::LEADER_DIDO,Players:Expansion2_Players::LEADER_JAYAVARMAN,Players:Expansion2_Players::LEADER_NZINGA_MBANDE,Players:Expansion2_Players::LEADER_PHILIP_II,Players:Expansion2_Players::LEADER_PHILIP_II_INLAND,Players:Expansion2_Players::LEADER_BARBAROSSA,Players:Expansion2_Players::LEADER_GORGO,Players:Expansion2_Players::LEADER_HARDRADA,Players:Expansion2_Players::LEADER_HARALD_ALT,Players:Expansion2_Players::LEADER_HAMMURABI,Players:Expansion2_Players::LEADER_KUBLAI_KHAN_MONGOLIA,Players:Expansion2_Players::LEADER_KUBLAI_KHAN_CHINA,Players:Expansion2_Players::LEADER_GILGAMESH,Players:Expansion2_Players::LEADER_CYRUS,Players:Expansion2_Players::LEADER_CATHERINE_DE_MEDICI,Players:Expansion2_Players::LEADER_CATHERINE_DE_MEDICI_ALT,Players:Expansion2_Players::LEADER_KRISTINA,Players:Expansion2_Players::LEADER_CLEOPATRA,Players:Expansion2_Players::LEADER_CLEOPATRA_ALT,Players:Expansion2_Players::LEADER_KUPE,Players:Expansion2_Players::LEADER_RAMSES,Players:Expansion2_Players::LEADER_LAUTARO,Players:Expansion2_Players::LEADER_LADY_SIX_SKY,Players:Expansion2_Players::LEADER_LUDWIG,Players:Expansion2_Players::LEADER_ROBERT_THE_BRUCE,Players:Expansion2_Players::LEADER_MANSA_MUSA,Players:Expansion2_Players::LEADER_MONTEZUMA,Players:Expansion2_Players::LEADER_MENELIK,Players:Expansion2_Players::LEADER_MVEMBA,Players:Expansion2_Players::LEADER_NADER_SHAH,Players:Expansion2_Players::LEADER_PACHACUTI,Players:Expansion2_Players::LEADER_POUNDMAKER,Players:Expansion2_Players::LEADER_PEDRO,Players:Expansion2_Players::LEADER_SHAKA,Players:Expansion2_Players::LEADER_QIN_ALT,Players:Expansion2_Players::LEADER_QIN,Players:Expansion2_Players::LEADER_JOAO_III,Players:Expansion2_Players::LEADER_SALADIN_ALT,Players:Expansion2_Players::LEADER_SALADIN,Players:Expansion2_Players::LEADER_SEONDEOK,Players:Expansion2_Players::LEADER_SEJONG,Players:Expansion2_Players::LEADER_SUNDIATA_KEITA,Players:Expansion2_Players::LEADER_SULEIMAN_ALT,Players:Expansion2_Players::LEADER_SULEIMAN,Players:Expansion2_Players::LEADER_TAMAR,Players:Expansion2_Players::LEADER_T_ROOSEVELT,Players:Expansion2_Players::LEADER_GITARJA,Players:Expansion2_Players::LEADER_TRAJAN,Players:Expansion2_Players::LEADER_TOMYRIS,Players:Expansion2_Players::LEADER_LAURIER,Players:Expansion2_Players::LEADER_WILHELMINA,Players:Expansion2_Players::LEADER_WILHELMINA_INLAND,Players:Expansion2_Players::LEADER_VICTORIA,Players:Expansion2_Players::LEADER_VICTORIA_ALT,Players:Expansion2_Players::LEADER_WU_ZETIAN,Players:Expansion2_Players::LEADER_SIMON_BOLIVAR,Players:Expansion2_Players::LEADER_MATTHIAS_CORVINUS,Players:Expansion2_Players::LEADER_JADWIGA,Players:Expansion2_Players::LEADER_ABRAHAM_LINCOLN,Players:Expansion2_Players::LEADER_ALEXANDER,Players:Expansion2_Players::LEADER_ELIZABETH,Players:Expansion2_Players::LEADER_YONGLE,Players:Expansion2_Players::LEADER_JOHN_CURTIN,Players:Expansion2_Players::LEADER_LADY_TRIEU
Config CONFIGURATION_PLAYER, Key LEADER_VALUE_DOMAIN (0xcdbd103d), subtype 3, changed to Players:*
Config CONFIGURATION_PLAYER, Key CIVILIZATION_TYPE_NAME (0x9d5e5c2f), subtype 3, removed
Config CONFIGURATION_PLAYER, Key CIVILIZATION_TYPE_ID (0xc7d7515b), subtype 3, removed
Config CONFIGURATION_PLAYER, Key MOD_READY_STATUS (0xfc7b1f66), subtype 0, changed to false
Config CONFIGURATION_PLAYER, Key NETWORK_NAME (0x8e72249a), subtype 0, changed to 咕咕二世@76561198162178797
Config CONFIGURATION_PLAYER, Key NICK_NAME (0xdab96bfd), subtype 0, changed to 咕咕二世
Config CONFIGURATION_PLAYER, Key SLOT_STATUS (0xce42b995), subtype 4, changed to 1
Config CONFIGURATION_PLAYER, Key LEADER_NAME (0xf043351a), subtype 4, changed to null
Config CONFIGURATION_PLAYER, Key LEADER_TYPE_NAME (0xe8cd5e5f), subtype 4, changed to null
Config CONFIGURATION_PLAYER, Key LEADER_RANDOM_POOL_ID (0x402bf356), subtype 4, changed to 0
Config CONFIGURATION_PLAYER, Key LEADER_DOMAIN (0x4fe363bb), subtype 4, changed to Players:Expansion2_Players
Config CONFIGURATION_PLAYER, Key LEADER_VALUES (0xd2ed3156), subtype 4, changed to Players:*::RANDOM,Players:*::RANDOM_POOL1,Players:*::RANDOM_POOL2,Players:Expansion2_Players::LEADER_ELEANOR_FRANCE,Players:Expansion2_Players::LEADER_ELEANOR_ENGLAND,Players:Expansion2_Players::LEADER_AMANITORE,Players:Expansion2_Players::LEADER_AMBIORIX,Players:Expansion2_Players::LEADER_BASIL,Players:Expansion2_Players::LEADER_HOJO,Players:Expansion2_Players::LEADER_HOJO_INLAND,Players:Expansion2_Players::LEADER_PETER_GREAT,Players:Expansion2_Players::LEADER_PERICLES,Players:Expansion2_Players::LEADER_GENGHIS_KHAN,Players:Expansion2_Players::LEADER_TOKUGAWA,Players:Expansion2_Players::LEADER_THEODORA,Players:Expansion2_Players::LEADER_DIDO,Players:Expansion2_Players::LEADER_JAYAVARMAN,Players:Expansion2_Players::LEADER_NZINGA_MBANDE,Players:Expansion2_Players::LEADER_PHILIP_II,Players:Expansion2_Players::LEADER_PHILIP_II_INLAND,Players:Expansion2_Players::LEADER_BARBAROSSA,Players:Expansion2_Players::LEADER_GORGO,Players:Expansion2_Players::LEADER_HARDRADA,Players:Expansion2_Players::LEADER_HARALD_ALT,Players:Expansion2_Players::LEADER_HAMMURABI,Players:Expansion2_Players::LEADER_KUBLAI_KHAN_MONGOLIA,Players:Expansion2_Players::LEADER_KUBLAI_KHAN_CHINA,Players:Expansion2_Players::LEADER_GILGAMESH,Players:Expansion2_Players::LEADER_CYRUS,Players:Expansion2_Players::LEADER_CATHERINE_DE_MEDICI,Players:Expansion2_Players::LEADER_CATHERINE_DE_MEDICI_ALT,Players:Expansion2_Players::LEADER_KRISTINA,Players:Expansion2_Players::LEADER_CLEOPATRA,Players:Expansion2_Players::LEADER_CLEOPATRA_ALT,Players:Expansion2_Players::LEADER_KUPE,Players:Expansion2_Players::LEADER_RAMSES,Players:Expansion2_Players::LEADER_LAUTARO,Players:Expansion2_Players::LEADER_LADY_SIX_SKY,Players:Expansion2_Players::LEADER_LUDWIG,Players:Expansion2_Players::LEADER_ROBERT_THE_BRUCE,Players:Expansion2_Players::LEADER_MANSA_MUSA,Players:Expansion2_Players::LEADER_MONTEZUMA,Players:Expansion2_Players::LEADER_MENELIK,Players:Expansion2_Players::LEADER_MVEMBA,Players:Expansion2_Players::LEADER_NADER_SHAH,Players:Expansion2_Players::LEADER_PACHACUTI,Players:Expansion2_Players::LEADER_POUNDMAKER,Players:Expansion2_Players::LEADER_PEDRO,Players:Expansion2_Players::LEADER_SHAKA,Players:Expansion2_Players::LEADER_QIN_ALT,Players:Expansion2_Players::LEADER_QIN,Players:Expansion2_Players::LEADER_JOAO_III,Players:Expansion2_Players::LEADER_SALADIN_ALT,Players:Expansion2_Players::LEADER_SALADIN,Players:Expansion2_Players::LEADER_SEONDEOK,Players:Expansion2_Players::LEADER_SEJONG,Players:Expansion2_Players::LEADER_SUNDIATA_KEITA,Players:Expansion2_Players::LEADER_SULEIMAN_ALT,Players:Expansion2_Players::LEADER_SULEIMAN,Players:Expansion2_Players::LEADER_TAMAR,Players:Expansion2_Players::LEADER_T_ROOSEVELT,Players:Expansion2_Players::LEADER_GITARJA,Players:Expansion2_Players::LEADER_TRAJAN,Players:Expansion2_Players::LEADER_TOMYRIS,Players:Expansion2_Players::LEADER_LAURIER,Players:Expansion2_Players::LEADER_WILHELMINA,Players:Expansion2_Players::LEADER_WILHELMINA_INLAND,Players:Expansion2_Players::LEADER_VICTORIA,Players:Expansion2_Players::LEADER_VICTORIA_ALT,Players:Expansion2_Players::LEADER_WU_ZETIAN,Players:Expansion2_Players::LEADER_SIMON_BOLIVAR,Players:Expansion2_Players::LEADER_MATTHIAS_CORVINUS,Players:Expansion2_Players::LEADER_JADWIGA,Players:Expansion2_Players::LEADER_ABRAHAM_LINCOLN,Players:Expansion2_Players::LEADER_ALEXANDER,Players:Expansion2_Players::LEADER_ELIZABETH,Players:Expansion2_Players::LEADER_YONGLE,Players:Expansion2_Players::LEADER_JOHN_CURTIN,Players:Expansion2_Players::LEADER_LADY_TRIEU
Config CONFIGURATION_PLAYER, Key LEADER_VALUE_DOMAIN (0xcdbd103d), subtype 4, changed to Players:*
Config CONFIGURATION_PLAYER, Key CIVILIZATION_TYPE_NAME (0x9d5e5c2f), subtype 4, removed
Config CONFIGURATION_PLAYER, Key CIVILIZATION_TYPE_ID (0xc7d7515b), subtype 4, removed
Config CONFIGURATION_PLAYER, Key SLOT_STATUS (0xce42b995), subtype 0, changed to 3
Config CONFIGURATION_PLAYER, Key CIVILIZATION_LEVEL_TYPE_NAME (0xca55abbe), subtype 0, changed to CIVILIZATION_LEVEL_FULL_CIV
Config CONFIGURATION_PLAYER, Key SLOT_STATUS (0xce42b995), subtype 0, changed to 1
Config CONFIGURATION_PLAYER, Key NETWORK_NAME (0x8e72249a), subtype 0, changed to longyizhu@76561198931045205
Config CONFIGURATION_PLAYER, Key NICK_NAME (0xdab96bfd), subtype 0, changed to longyizhu
Config CONFIGURATION_PLAYER, Key SLOT_STATUS (0xce42b995), subtype 0, changed to 3
Config CONFIGURATION_PLAYER, Key CIVILIZATION_LEVEL_TYPE_NAME (0xca55abbe), subtype 0, changed to CIVILIZATION_LEVEL_FULL_CIV
Config CONFIGURATION_PLAYER, Key MOD_READY_STATUS (0xfc7b1f66), subtype 3, changed to false
Config CONFIGURATION_PLAYER, Key NETWORK_NAME (0x8e72249a), subtype 3, changed to 咕咕二世@76561198162178797
Config CONFIGURATION_PLAYER, Key NICK_NAME (0xdab96bfd), subtype 3, changed to 咕咕二世
Config CONFIGURATION_PLAYER, Key SLOT_STATUS (0xce42b995), subtype 3, changed to 3
Config CONFIGURATION_PLAYER, Key CIVILIZATION_LEVEL_TYPE_NAME (0xca55abbe), subtype 3, changed to CIVILIZATION_LEVEL_FULL_CIV
Config CONFIGURATION_PLAYER, Key SLOT_STATUS (0xce42b995), subtype 3, changed to 1
Config CONFIGURATION_PLAYER, Key MOD_READY_STATUS (0xfc7b1f66), subtype 4, changed to false
Config CONFIGURATION_PLAYER, Key WANTS_PAUSE (0x7ab021cb), subtype 4, changed to false
Config CONFIGURATION_PLAYER, Key NETWORK_NAME (0x8e72249a), subtype 4, changed to skyverse@76561198178704646
Config CONFIGURATION_PLAYER, Key NICK_NAME (0xdab96bfd), subtype 4, changed to skyverse
Config CONFIGURATION_PLAYER, Key SLOT_STATUS (0xce42b995), subtype 4, changed to 3
Config CONFIGURATION_PLAYER, Key CIVILIZATION_LEVEL_TYPE_NAME (0xca55abbe), subtype 4, changed to CIVILIZATION_LEVEL_FULL_CIV
Config CONFIGURATION_PLAYER, Key NETWORK_NAME (0x8e72249a), subtype 3, changed to longyizhu@76561198931045205
Config CONFIGURATION_PLAYER, Key NICK_NAME (0xdab96bfd), subtype 3, changed to longyizhu
Config CONFIGURATION_PLAYER, Key NETWORK_NAME (0x8e72249a), subtype 0, changed to 咕咕二世@76561198162178797
Config CONFIGURATION_PLAYER, Key NICK_NAME (0xdab96bfd), subtype 0, changed to 咕咕二世
Config CONFIGURATION_PLAYER, Key MOD_READY_STATUS (0xfc7b1f66), subtype 3, changed to true
Config CONFIGURATION_PLAYER, Key MOD_READY_STATUS (0xfc7b1f66), subtype 0, changed to false
Config CONFIGURATION_PLAYER, Key SLOT_STATUS (0xce42b995), subtype 3, changed to 3
Config CONFIGURATION_PLAYER, Key SLOT_STATUS (0xce42b995), subtype 0, changed to 1
Config CONFIGURATION_PLAYER, Key LEADER_NAME (0xf043351a), subtype 0, changed to null
Config CONFIGURATION_PLAYER, Key LEADER_TYPE_NAME (0xe8cd5e5f), subtype 0, changed to null
Config CONFIGURATION_PLAYER, Key LEADER_RANDOM_POOL_ID (0x402bf356), subtype 0, changed to 0x00000000
Config CONFIGURATION_PLAYER, Key LEADER_RANDOM_POOL_ID (0x402bf356), subtype 0, changed to 0
Config CONFIGURATION_PLAYER, Key LEADER_DOMAIN (0x4fe363bb), subtype 0, changed to Players:Expansion2_Players
Config CONFIGURATION_PLAYER, Key LEADER_VALUES (0xd2ed3156), subtype 0, changed to Players:*::RANDOM,Players:*::RANDOM_POOL1,Players:*::RANDOM_POOL2,Players:Expansion2_Players::LEADER_ELEANOR_FRANCE,Players:Expansion2_Players::LEADER_ELEANOR_ENGLAND,Players:Expansion2_Players::LEADER_AMBIORIX,Players:Expansion2_Players::LEADER_BASIL,Players:Expansion2_Players::LEADER_HOJO,Players:Expansion2_Players::LEADER_HOJO_INLAND,Players:Expansion2_Players::LEADER_PETER_GREAT,Players:Expansion2_Players::LEADER_PERICLES,Players:Expansion2_Players::LEADER_GENGHIS_KHAN,Players:Expansion2_Players::LEADER_TOKUGAWA,Players:Expansion2_Players::LEADER_THEODORA,Players:Expansion2_Players::LEADER_DIDO,Players:Expansion2_Players::LEADER_JAYAVARMAN,Players:Expansion2_Players::LEADER_NZINGA_MBANDE,Players:Expansion2_Players::LEADER_PHILIP_II,Players:Expansion2_Players::LEADER_PHILIP_II_INLAND,Players:Expansion2_Players::LEADER_BARBAROSSA,Players:Expansion2_Players::LEADER_GORGO,Players:Expansion2_Players::LEADER_HARDRADA,Players:Expansion2_Players::LEADER_HARALD_ALT,Players:Expansion2_Players::LEADER_HAMMURABI,Players:Expansion2_Players::LEADER_KUBLAI_KHAN_MONGOLIA,Players:Expansion2_Players::LEADER_KUBLAI_KHAN_CHINA,Players:Expansion2_Players::LEADER_GILGAMESH,Players:Expansion2_Players::LEADER_CYRUS,Players:Expansion2_Players::LEADER_CATHERINE_DE_MEDICI,Players:Expansion2_Players::LEADER_CATHERINE_DE_MEDICI_ALT,Players:Expansion2_Players::LEADER_KRISTINA,Players:Expansion2_Players::LEADER_CLEOPATRA,Players:Expansion2_Players::LEADER_CLEOPATRA_ALT,Players:Expansion2_Players::LEADER_KUPE,Players:Expansion2_Players::LEADER_RAMSES,Players:Expansion2_Players::LEADER_LAUTARO,Players:Expansion2_Players::LEADER_LADY_SIX_SKY,Players:Expansion2_Players::LEADER_LUDWIG,Players:Expansion2_Players::LEADER_ROBERT_THE_BRUCE,Players:Expansion2_Players::LEADER_MANSA_MUSA,Players:Expansion2_Players::LEADER_MONTEZUMA,Players:Expansion2_Players::LEADER_MENELIK,Players:Expansion2_Players::LEADER_MVEMBA,Players:Expansion2_Players::LEADER_NADER_SHAH,Players:Expansion2_Players::LEADER_PACHACUTI,Players:Expansion2_Players::LEADER_POUNDMAKER,Players:Expansion2_Players::LEADER_PEDRO,Players:Expansion2_Players::LEADER_SHAKA,Players:Expansion2_Players::LEADER_QIN_ALT,Players:Expansion2_Players::LEADER_QIN,Players:Expansion2_Players::LEADER_JOAO_III,Players:Expansion2_Players::LEADER_SALADIN_ALT,Players:Expansion2_Players::LEADER_SALADIN,Players:Expansion2_Players::LEADER_SEONDEOK,Players:Expansion2_Players::LEADER_SEJONG,Players:Expansion2_Players::LEADER_SUNDIATA_KEITA,Players:Expansion2_Players::LEADER_SULEIMAN_ALT,Players:Expansion2_Players::LEADER_SULEIMAN,Players:Expansion2_Players::LEADER_TAMAR,Players:Expansion2_Players::LEADER_T_ROOSEVELT,Players:Expansion2_Players::LEADER_GITARJA,Players:Expansion2_Players::LEADER_TRAJAN,Players:Expansion2_Players::LEADER_TOMYRIS,Players:Expansion2_Players::LEADER_LAURIER,Players:Expansion2_Players::LEADER_WILHELMINA,Players:Expansion2_Players::LEADER_WILHELMINA_INLAND,Players:Expansion2_Players::LEADER_VICTORIA,Players:Expansion2_Players::LEADER_VICTORIA_ALT,Players:Expansion2_Players::LEADER_WU_ZETIAN,Players:Expansion2_Players::LEADER_SIMON_BOLIVAR,Players:Expansion2_Players::LEADER_MATTHIAS_CORVINUS,Players:Expansion2_Players::LEADER_JADWIGA,Players:Expansion2_Players::LEADER_ABRAHAM_LINCOLN,Players:Expansion2_Players::LEADER_ALEXANDER,Players:Expansion2_Players::LEADER_ELIZABETH,Players:Expansion2_Players::LEADER_YONGLE,Players:Expansion2_Players::LEADER_JOHN_CURTIN,Players:Expansion2_Players::LEADER_LADY_TRIEU
Config CONFIGURATION_PLAYER, Key LEADER_VALUE_DOMAIN (0xcdbd103d), subtype 0, changed to Players:*
Config CONFIGURATION_PLAYER, Key LEADER_NAME (0xf043351a), subtype 1, changed to null
Config CONFIGURATION_PLAYER, Key LEADER_TYPE_NAME (0xe8cd5e5f), subtype 1, changed to null
Config CONFIGURATION_PLAYER, Key LEADER_RANDOM_POOL_ID (0x402bf356), subtype 1, changed to 0x00000000
Config CONFIGURATION_PLAYER, Key LEADER_RANDOM_POOL_ID (0x402bf356), subtype 1, changed to 0
Config CONFIGURATION_PLAYER, Key LEADER_DOMAIN (0x4fe363bb), subtype 1, changed to Players:Expansion2_Players
Config CONFIGURATION_PLAYER, Key LEADER_VALUES (0xd2ed3156), subtype 1, changed to Players:*::RANDOM,Players:*::RANDOM_POOL1,Players:*::RANDOM_POOL2,Players:Expansion2_Players::LEADER_ELEANOR_FRANCE,Players:Expansion2_Players::LEADER_ELEANOR_ENGLAND,Players:Expansion2_Players::LEADER_AMBIORIX,Players:Expansion2_Players::LEADER_BASIL,Players:Expansion2_Players::LEADER_HOJO,Players:Expansion2_Players::LEADER_HOJO_INLAND,Players:Expansion2_Players::LEADER_PETER_GREAT,Players:Expansion2_Players::LEADER_PERICLES,Players:Expansion2_Players::LEADER_GENGHIS_KHAN,Players:Expansion2_Players::LEADER_TOKUGAWA,Players:Expansion2_Players::LEADER_THEODORA,Players:Expansion2_Players::LEADER_DIDO,Players:Expansion2_Players::LEADER_JAYAVARMAN,Players:Expansion2_Players::LEADER_NZINGA_MBANDE,Players:Expansion2_Players::LEADER_PHILIP_II,Players:Expansion2_Players::LEADER_PHILIP_II_INLAND,Players:Expansion2_Players::LEADER_BARBAROSSA,Players:Expansion2_Players::LEADER_GORGO,Players:Expansion2_Players::LEADER_HARDRADA,Players:Expansion2_Players::LEADER_HARALD_ALT,Players:Expansion2_Players::LEADER_HAMMURABI,Players:Expansion2_Players::LEADER_KUBLAI_KHAN_MONGOLIA,Players:Expansion2_Players::LEADER_KUBLAI_KHAN_CHINA,Players:Expansion2_Players::LEADER_GILGAMESH,Players:Expansion2_Players::LEADER_CYRUS,Players:Expansion2_Players::LEADER_CATHERINE_DE_MEDICI,Players:Expansion2_Players::LEADER_CATHERINE_DE_MEDICI_ALT,Players:Expansion2_Players::LEADER_KRISTINA,Players:Expansion2_Players::LEADER_CLEOPATRA,Players:Expansion2_Players::LEADER_CLEOPATRA_ALT,Players:Expansion2_Players::LEADER_KUPE,Players:Expansion2_Players::LEADER_RAMSES,Players:Expansion2_Players::LEADER_LAUTARO,Players:Expansion2_Players::LEADER_LADY_SIX_SKY,Players:Expansion2_Players::LEADER_LUDWIG,Players:Expansion2_Players::LEADER_ROBERT_THE_BRUCE,Players:Expansion2_Players::LEADER_MANSA_MUSA,Players:Expansion2_Players::LEADER_MONTEZUMA,Players:Expansion2_Players::LEADER_MENELIK,Players:Expansion2_Players::LEADER_MVEMBA,Players:Expansion2_Players::LEADER_NADER_SHAH,Players:Expansion2_Players::LEADER_PACHACUTI,Players:Expansion2_Players::LEADER_POUNDMAKER,Players:Expansion2_Players::LEADER_PEDRO,Players:Expansion2_Players::LEADER_SHAKA,Players:Expansion2_Players::LEADER_QIN_ALT,Players:Expansion2_Players::LEADER_QIN,Players:Expansion2_Players::LEADER_JOAO_III,Players:Expansion2_Players::LEADER_SALADIN_ALT,Players:Expansion2_Players::LEADER_SALADIN,Players:Expansion2_Players::LEADER_SEONDEOK,Players:Expansion2_Players::LEADER_SEJONG,Players:Expansion2_Players::LEADER_SUNDIATA_KEITA,Players:Expansion2_Players::LEADER_SULEIMAN_ALT,Players:Expansion2_Players::LEADER_SULEIMAN,Players:Expansion2_Players::LEADER_TAMAR,Players:Expansion2_Players::LEADER_T_ROOSEVELT,Players:Expansion2_Players::LEADER_GITARJA,Players:Expansion2_Players::LEADER_TRAJAN,Players:Expansion2_Players::LEADER_TOMYRIS,Players:Expansion2_Players::LEADER_LAURIER,Players:Expansion2_Players::LEADER_WILHELMINA,Players:Expansion2_Players::LEADER_WILHELMINA_INLAND,Players:Expansion2_Players::LEADER_VICTORIA,Players:Expansion2_Players::LEADER_VICTORIA_ALT,Players:Expansion2_Players::LEADER_WU_ZETIAN,Players:Expansion2_Players::LEADER_SIMON_BOLIVAR,Players:Expansion2_Players::LEADER_MATTHIAS_CORVINUS,Players:Expansion2_Players::LEADER_JADWIGA,Players:Expansion2_Players::LEADER_ABRAHAM_LINCOLN,Players:Expansion2_Players::LEADER_ALEXANDER,Players:Expansion2_Players::LEADER_ELIZABETH,Players:Expansion2_Players::LEADER_YONGLE,Players:Expansion2_Players::LEADER_JOHN_CURTIN,Players:Expansion2_Players::LEADER_LADY_TRIEU
Config CONFIGURATION_PLAYER, Key LEADER_VALUE_DOMAIN (0xcdbd103d), subtype 1, changed to Players:*
Config CONFIGURATION_PLAYER, Key LEADER_NAME (0xf043351a), subtype 5, changed to null
Config CONFIGURATION_PLAYER, Key LEADER_TYPE_NAME (0xe8cd5e5f), subtype 5, changed to null
Config CONFIGURATION_PLAYER, Key LEADER_RANDOM_POOL_ID (0x402bf356), subtype 5, changed to 0x00000000
Config CONFIGURATION_PLAYER, Key LEADER_RANDOM_POOL_ID (0x402bf356), subtype 5, changed to 0
Config CONFIGURATION_PLAYER, Key LEADER_DOMAIN (0x4fe363bb), subtype 5, changed to Players:Expansion2_Players
Config CONFIGURATION_PLAYER, Key LEADER_VALUES (0xd2ed3156), subtype 5, changed to Players:*::RANDOM,Players:*::RANDOM_POOL1,Players:*::RANDOM_POOL2,Players:Expansion2_Players::LEADER_ELEANOR_FRANCE,Players:Expansion2_Players::LEADER_ELEANOR_ENGLAND,Players:Expansion2_Players::LEADER_AMBIORIX,Players:Expansion2_Players::LEADER_BASIL,Players:Expansion2_Players::LEADER_HOJO,Players:Expansion2_Players::LEADER_HOJO_INLAND,Players:Expansion2_Players::LEADER_PETER_GREAT,Players:Expansion2_Players::LEADER_PERICLES,Players:Expansion2_Players::LEADER_GENGHIS_KHAN,Players:Expansion2_Players::LEADER_TOKUGAWA,Players:Expansion2_Players::LEADER_THEODORA,Players:Expansion2_Players::LEADER_DIDO,Players:Expansion2_Players::LEADER_JAYAVARMAN,Players:Expansion2_Players::LEADER_NZINGA_MBANDE,Players:Expansion2_Players::LEADER_PHILIP_II,Players:Expansion2_Players::LEADER_PHILIP_II_INLAND,Players:Expansion2_Players::LEADER_BARBAROSSA,Players:Expansion2_Players::LEADER_GORGO,Players:Expansion2_Players::LEADER_HARDRADA,Players:Expansion2_Players::LEADER_HARALD_ALT,Players:Expansion2_Players::LEADER_HAMMURABI,Players:Expansion2_Players::LEADER_KUBLAI_KHAN_MONGOLIA,Players:Expansion2_Players::LEADER_KUBLAI_KHAN_CHINA,Players:Expansion2_Players::LEADER_GILGAMESH,Players:Expansion2_Players::LEADER_CYRUS,Players:Expansion2_Players::LEADER_CATHERINE_DE_MEDICI,Players:Expansion2_Players::LEADER_CATHERINE_DE_MEDICI_ALT,Players:Expansion2_Players::LEADER_KRISTINA,Players:Expansion2_Players::LEADER_CLEOPATRA,Players:Expansion2_Players::LEADER_CLEOPATRA_ALT,Players:Expansion2_Players::LEADER_KUPE,Players:Expansion2_Players::LEADER_RAMSES,Players:Expansion2_Players::LEADER_LAUTARO,Players:Expansion2_Players::LEADER_LADY_SIX_SKY,Players:Expansion2_Players::LEADER_LUDWIG,Players:Expansion2_Players::LEADER_ROBERT_THE_BRUCE,Players:Expansion2_Players::LEADER_MANSA_MUSA,Players:Expansion2_Players::LEADER_MONTEZUMA,Players:Expansion2_Players::LEADER_MENELIK,Players:Expansion2_Players::LEADER_MVEMBA,Players:Expansion2_Players::LEADER_NADER_SHAH,Players:Expansion2_Players::LEADER_PACHACUTI,Players:Expansion2_Players::LEADER_POUNDMAKER,Players:Expansion2_Players::LEADER_PEDRO,Players:Expansion2_Players::LEADER_SHAKA,Players:Expansion2_Players::LEADER_QIN_ALT,Players:Expansion2_Players::LEADER_QIN,Players:Expansion2_Players::LEADER_JOAO_III,Players:Expansion2_Players::LEADER_SALADIN_ALT,Players:Expansion2_Players::LEADER_SALADIN,Players:Expansion2_Players::LEADER_SEONDEOK,Players:Expansion2_Players::LEADER_SEJONG,Players:Expansion2_Players::LEADER_SUNDIATA_KEITA,Players:Expansion2_Players::LEADER_SULEIMAN_ALT,Players:Expansion2_Players::LEADER_SULEIMAN,Players:Expansion2_Players::LEADER_TAMAR,Players:Expansion2_Players::LEADER_T_ROOSEVELT,Players:Expansion2_Players::LEADER_GITARJA,Players:Expansion2_Players::LEADER_TRAJAN,Players:Expansion2_Players::LEADER_TOMYRIS,Players:Expansion2_Players::LEADER_LAURIER,Players:Expansion2_Players::LEADER_WILHELMINA,Players:Expansion2_Players::LEADER_WILHELMINA_INLAND,Players:Expansion2_Players::LEADER_VICTORIA,Players:Expansion2_Players::LEADER_VICTORIA_ALT,Players:Expansion2_Players::LEADER_WU_ZETIAN,Players:Expansion2_Players::LEADER_SIMON_BOLIVAR,Players:Expansion2_Players::LEADER_MATTHIAS_CORVINUS,Players:Expansion2_Players::LEADER_JADWIGA,Players:Expansion2_Players::LEADER_ABRAHAM_LINCOLN,Players:Expansion2_Players::LEADER_ALEXANDER,Players:Expansion2_Players::LEADER_ELIZABETH,Players:Expansion2_Players::LEADER_YONGLE,Players:Expansion2_Players::LEADER_JOHN_CURTIN,Players:Expansion2_Players::LEADER_LADY_TRIEU
Config CONFIGURATION_PLAYER, Key LEADER_VALUE_DOMAIN (0xcdbd103d), subtype 5, changed to Players:*
Config CONFIGURATION_PLAYER, Key LEADER_NAME (0xf043351a), subtype 6, changed to null
Config CONFIGURATION_PLAYER, Key LEADER_TYPE_NAME (0xe8cd5e5f), subtype 6, changed to null
Config CONFIGURATION_PLAYER, Key LEADER_RANDOM_POOL_ID (0x402bf356), subtype 6, changed to 0x00000000
Config CONFIGURATION_PLAYER, Key LEADER_RANDOM_POOL_ID (0x402bf356), subtype 6, changed to 0
Config CONFIGURATION_PLAYER, Key LEADER_DOMAIN (0x4fe363bb), subtype 6, changed to Players:Expansion2_Players
Config CONFIGURATION_PLAYER, Key LEADER_VALUES (0xd2ed3156), subtype 6, changed to Players:*::RANDOM,Players:*::RANDOM_POOL1,Players:*::RANDOM_POOL2,Players:Expansion2_Players::LEADER_ELEANOR_FRANCE,Players:Expansion2_Players::LEADER_ELEANOR_ENGLAND,Players:Expansion2_Players::LEADER_AMBIORIX,Players:Expansion2_Players::LEADER_BASIL,Players:Expansion2_Players::LEADER_HOJO,Players:Expansion2_Players::LEADER_HOJO_INLAND,Players:Expansion2_Players::LEADER_PETER_GREAT,Players:Expansion2_Players::LEADER_PERICLES,Players:Expansion2_Players::LEADER_GENGHIS_KHAN,Players:Expansion2_Players::LEADER_TOKUGAWA,Players:Expansion2_Players::LEADER_THEODORA,Players:Expansion2_Players::LEADER_DIDO,Players:Expansion2_Players::LEADER_JAYAVARMAN,Players:Expansion2_Players::LEADER_NZINGA_MBANDE,Players:Expansion2_Players::LEADER_PHILIP_II,Players:Expansion2_Players::LEADER_PHILIP_II_INLAND,Players:Expansion2_Players::LEADER_BARBAROSSA,Players:Expansion2_Players::LEADER_GORGO,Players:Expansion2_Players::LEADER_HARDRADA,Players:Expansion2_Players::LEADER_HARALD_ALT,Players:Expansion2_Players::LEADER_HAMMURABI,Players:Expansion2_Players::LEADER_KUBLAI_KHAN_MONGOLIA,Players:Expansion2_Players::LEADER_KUBLAI_KHAN_CHINA,Players:Expansion2_Players::LEADER_GILGAMESH,Players:Expansion2_Players::LEADER_CYRUS,Players:Expansion2_Players::LEADER_CATHERINE_DE_MEDICI,Players:Expansion2_Players::LEADER_CATHERINE_DE_MEDICI_ALT,Players:Expansion2_Players::LEADER_KRISTINA,Players:Expansion2_Players::LEADER_CLEOPATRA,Players:Expansion2_Players::LEADER_CLEOPATRA_ALT,Players:Expansion2_Players::LEADER_KUPE,Players:Expansion2_Players::LEADER_RAMSES,Players:Expansion2_Players::LEADER_LAUTARO,Players:Expansion2_Players::LEADER_LADY_SIX_SKY,Players:Expansion2_Players::LEADER_LUDWIG,Players:Expansion2_Players::LEADER_ROBERT_THE_BRUCE,Players:Expansion2_Players::LEADER_MANSA_MUSA,Players:Expansion2_Players::LEADER_MONTEZUMA,Players:Expansion2_Players::LEADER_MENELIK,Players:Expansion2_Players::LEADER_MVEMBA,Players:Expansion2_Players::LEADER_NADER_SHAH,Players:Expansion2_Players::LEADER_PACHACUTI,Players:Expansion2_Players::LEADER_POUNDMAKER,Players:Expansion2_Players::LEADER_PEDRO,Players:Expansion2_Players::LEADER_SHAKA,Players:Expansion2_Players::LEADER_QIN_ALT,Players:Expansion2_Players::LEADER_QIN,Players:Expansion2_Players::LEADER_JOAO_III,Players:Expansion2_Players::LEADER_SALADIN_ALT,Players:Expansion2_Players::LEADER_SALADIN,Players:Expansion2_Players::LEADER_SEONDEOK,Players:Expansion2_Players::LEADER_SEJONG,Players:Expansion2_Players::LEADER_SUNDIATA_KEITA,Players:Expansion2_Players::LEADER_SULEIMAN_ALT,Players:Expansion2_Players::LEADER_SULEIMAN,Players:Expansion2_Players::LEADER_TAMAR,Players:Expansion2_Players::LEADER_T_ROOSEVELT,Players:Expansion2_Players::LEADER_GITARJA,Players:Expansion2_Players::LEADER_TRAJAN,Players:Expansion2_Players::LEADER_TOMYRIS,Players:Expansion2_Players::LEADER_LAURIER,Players:Expansion2_Players::LEADER_WILHELMINA,Players:Expansion2_Players::LEADER_WILHELMINA_INLAND,Players:Expansion2_Players::LEADER_VICTORIA,Players:Expansion2_Players::LEADER_VICTORIA_ALT,Players:Expansion2_Players::LEADER_WU_ZETIAN,Players:Expansion2_Players::LEADER_SIMON_BOLIVAR,Players:Expansion2_Players::LEADER_MATTHIAS_CORVINUS,Players:Expansion2_Players::LEADER_JADWIGA,Players:Expansion2_Players::LEADER_ABRAHAM_LINCOLN,Players:Expansion2_Players::LEADER_ALEXANDER,Players:Expansion2_Players::LEADER_ELIZABETH,Players:Expansion2_Players::LEADER_YONGLE,Players:Expansion2_Players::LEADER_JOHN_CURTIN,Players:Expansion2_Players::LEADER_LADY_TRIEU
Config CONFIGURATION_PLAYER, Key LEADER_VALUE_DOMAIN (0xcdbd103d), subtype 6, changed to Players:*
Config CONFIGURATION_PLAYER, Key LEADER_NAME (0xf043351a), subtype 7, changed to null
Config CONFIGURATION_PLAYER, Key LEADER_TYPE_NAME (0xe8cd5e5f), subtype 7, changed to null
Config CONFIGURATION_PLAYER, Key LEADER_RANDOM_POOL_ID (0x402bf356), subtype 7, changed to 0x00000000
Config CONFIGURATION_PLAYER, Key LEADER_RANDOM_POOL_ID (0x402bf356), subtype 7, changed to 0
Config CONFIGURATION_PLAYER, Key LEADER_DOMAIN (0x4fe363bb), subtype 7, changed to Players:Expansion2_Players
Config CONFIGURATION_PLAYER, Key LEADER_VALUES (0xd2ed3156), subtype 7, changed to Players:*::RANDOM,Players:*::RANDOM_POOL1,Players:*::RANDOM_POOL2,Players:Expansion2_Players::LEADER_ELEANOR_FRANCE,Players:Expansion2_Players::LEADER_ELEANOR_ENGLAND,Players:Expansion2_Players::LEADER_AMBIORIX,Players:Expansion2_Players::LEADER_BASIL,Players:Expansion2_Players::LEADER_HOJO,Players:Expansion2_Players::LEADER_HOJO_INLAND,Players:Expansion2_Players::LEADER_PETER_GREAT,Players:Expansion2_Players::LEADER_PERICLES,Players:Expansion2_Players::LEADER_GENGHIS_KHAN,Players:Expansion2_Players::LEADER_TOKUGAWA,Players:Expansion2_Players::LEADER_THEODORA,Players:Expansion2_Players::LEADER_DIDO,Players:Expansion2_Players::LEADER_JAYAVARMAN,Players:Expansion2_Players::LEADER_NZINGA_MBANDE,Players:Expansion2_Players::LEADER_PHILIP_II,Players:Expansion2_Players::LEADER_PHILIP_II_INLAND,Players:Expansion2_Players::LEADER_BARBAROSSA,Players:Expansion2_Players::LEADER_GORGO,Players:Expansion2_Players::LEADER_HARDRADA,Players:Expansion2_Players::LEADER_HARALD_ALT,Players:Expansion2_Players::LEADER_HAMMURABI,Players:Expansion2_Players::LEADER_KUBLAI_KHAN_MONGOLIA,Players:Expansion2_Players::LEADER_KUBLAI_KHAN_CHINA,Players:Expansion2_Players::LEADER_GILGAMESH,Players:Expansion2_Players::LEADER_CYRUS,Players:Expansion2_Players::LEADER_CATHERINE_DE_MEDICI,Players:Expansion2_Players::LEADER_CATHERINE_DE_MEDICI_ALT,Players:Expansion2_Players::LEADER_KRISTINA,Players:Expansion2_Players::LEADER_CLEOPATRA,Players:Expansion2_Players::LEADER_CLEOPATRA_ALT,Players:Expansion2_Players::LEADER_KUPE,Players:Expansion2_Players::LEADER_RAMSES,Players:Expansion2_Players::LEADER_LAUTARO,Players:Expansion2_Players::LEADER_LADY_SIX_SKY,Players:Expansion2_Players::LEADER_LUDWIG,Players:Expansion2_Players::LEADER_ROBERT_THE_BRUCE,Players:Expansion2_Players::LEADER_MANSA_MUSA,Players:Expansion2_Players::LEADER_MONTEZUMA,Players:Expansion2_Players::LEADER_MENELIK,Players:Expansion2_Players::LEADER_MVEMBA,Players:Expansion2_Players::LEADER_NADER_SHAH,Players:Expansion2_Players::LEADER_PACHACUTI,Players:Expansion2_Players::LEADER_POUNDMAKER,Players:Expansion2_Players::LEADER_PEDRO,Players:Expansion2_Players::LEADER_SHAKA,Players:Expansion2_Players::LEADER_QIN_ALT,Players:Expansion2_Players::LEADER_QIN,Players:Expansion2_Players::LEADER_JOAO_III,Players:Expansion2_Players::LEADER_SALADIN_ALT,Players:Expansion2_Players::LEADER_SALADIN,Players:Expansion2_Players::LEADER_SEONDEOK,Players:Expansion2_Players::LEADER_SEJONG,Players:Expansion2_Players::LEADER_SUNDIATA_KEITA,Players:Expansion2_Players::LEADER_SULEIMAN_ALT,Players:Expansion2_Players::LEADER_SULEIMAN,Players:Expansion2_Players::LEADER_TAMAR,Players:Expansion2_Players::LEADER_T_ROOSEVELT,Players:Expansion2_Players::LEADER_GITARJA,Players:Expansion2_Players::LEADER_TRAJAN,Players:Expansion2_Players::LEADER_TOMYRIS,Players:Expansion2_Players::LEADER_LAURIER,Players:Expansion2_Players::LEADER_WILHELMINA,Players:Expansion2_Players::LEADER_WILHELMINA_INLAND,Players:Expansion2_Players::LEADER_VICTORIA,Players:Expansion2_Players::LEADER_VICTORIA_ALT,Players:Expansion2_Players::LEADER_WU_ZETIAN,Players:Expansion2_Players::LEADER_SIMON_BOLIVAR,Players:Expansion2_Players::LEADER_MATTHIAS_CORVINUS,Players:Expansion2_Players::LEADER_JADWIGA,Players:Expansion2_Players::LEADER_ABRAHAM_LINCOLN,Players:Expansion2_Players::LEADER_ALEXANDER,Players:Expansion2_Players::LEADER_ELIZABETH,Players:Expansion2_Players::LEADER_YONGLE,Players:Expansion2_Players::LEADER_JOHN_CURTIN,Players:Expansion2_Players::LEADER_LADY_TRIEU
Config CONFIGURATION_PLAYER, Key LEADER_VALUE_DOMAIN (0xcdbd103d), subtype 7, changed to Players:*
Config CONFIGURATION_PLAYER, Key LEADER_NAME (0xf043351a), subtype 8, changed to null
Config CONFIGURATION_PLAYER, Key LEADER_TYPE_NAME (0xe8cd5e5f), subtype 8, changed to null
Config CONFIGURATION_PLAYER, Key LEADER_RANDOM_POOL_ID (0x402bf356), subtype 8, changed to 0x00000000
Config CONFIGURATION_PLAYER, Key LEADER_RANDOM_POOL_ID (0x402bf356), subtype 8, changed to 0
Config CONFIGURATION_PLAYER, Key LEADER_DOMAIN (0x4fe363bb), subtype 8, changed to Players:Expansion2_Players
Config CONFIGURATION_PLAYER, Key LEADER_VALUES (0xd2ed3156), subtype 8, changed to Players:*::RANDOM,Players:*::RANDOM_POOL1,Players:*::RANDOM_POOL2,Players:Expansion2_Players::LEADER_ELEANOR_FRANCE,Players:Expansion2_Players::LEADER_ELEANOR_ENGLAND,Players:Expansion2_Players::LEADER_AMBIORIX,Players:Expansion2_Players::LEADER_BASIL,Players:Expansion2_Players::LEADER_HOJO,Players:Expansion2_Players::LEADER_HOJO_INLAND,Players:Expansion2_Players::LEADER_PETER_GREAT,Players:Expansion2_Players::LEADER_PERICLES,Players:Expansion2_Players::LEADER_GENGHIS_KHAN,Players:Expansion2_Players::LEADER_TOKUGAWA,Players:Expansion2_Players::LEADER_THEODORA,Players:Expansion2_Players::LEADER_DIDO,Players:Expansion2_Players::LEADER_JAYAVARMAN,Players:Expansion2_Players::LEADER_NZINGA_MBANDE,Players:Expansion2_Players::LEADER_PHILIP_II,Players:Expansion2_Players::LEADER_PHILIP_II_INLAND,Players:Expansion2_Players::LEADER_BARBAROSSA,Players:Expansion2_Players::LEADER_GORGO,Players:Expansion2_Players::LEADER_HARDRADA,Players:Expansion2_Players::LEADER_HARALD_ALT,Players:Expansion2_Players::LEADER_HAMMURABI,Players:Expansion2_Players::LEADER_KUBLAI_KHAN_MONGOLIA,Players:Expansion2_Players::LEADER_KUBLAI_KHAN_CHINA,Players:Expansion2_Players::LEADER_GILGAMESH,Players:Expansion2_Players::LEADER_CYRUS,Players:Expansion2_Players::LEADER_CATHERINE_DE_MEDICI,Players:Expansion2_Players::LEADER_CATHERINE_DE_MEDICI_ALT,Players:Expansion2_Players::LEADER_KRISTINA,Players:Expansion2_Players::LEADER_CLEOPATRA,Players:Expansion2_Players::LEADER_CLEOPATRA_ALT,Players:Expansion2_Players::LEADER_KUPE,Players:Expansion2_Players::LEADER_RAMSES,Players:Expansion2_Players::LEADER_LAUTARO,Players:Expansion2_Players::LEADER_LADY_SIX_SKY,Players:Expansion2_Players::LEADER_LUDWIG,Players:Expansion2_Players::LEADER_ROBERT_THE_BRUCE,Players:Expansion2_Players::LEADER_MANSA_MUSA,Players:Expansion2_Players::LEADER_MONTEZUMA,Players:Expansion2_Players::LEADER_MENELIK,Players:Expansion2_Players::LEADER_MVEMBA,Players:Expansion2_Players::LEADER_NADER_SHAH,Players:Expansion2_Players::LEADER_PACHACUTI,Players:Expansion2_Players::LEADER_POUNDMAKER,Players:Expansion2_Players::LEADER_PEDRO,Players:Expansion2_Players::LEADER_SHAKA,Players:Expansion2_Players::LEADER_QIN_ALT,Players:Expansion2_Players::LEADER_QIN,Players:Expansion2_Players::LEADER_JOAO_III,Players:Expansion2_Players::LEADER_SALADIN_ALT,Players:Expansion2_Players::LEADER_SALADIN,Players:Expansion2_Players::LEADER_SEONDEOK,Players:Expansion2_Players::LEADER_SEJONG,Players:Expansion2_Players::LEADER_SUNDIATA_KEITA,Players:Expansion2_Players::LEADER_SULEIMAN_ALT,Players:Expansion2_Players::LEADER_SULEIMAN,Players:Expansion2_Players::LEADER_TAMAR,Players:Expansion2_Players::LEADER_T_ROOSEVELT,Players:Expansion2_Players::LEADER_GITARJA,Players:Expansion2_Players::LEADER_TRAJAN,Players:Expansion2_Players::LEADER_TOMYRIS,Players:Expansion2_Players::LEADER_LAURIER,Players:Expansion2_Players::LEADER_WILHELMINA,Players:Expansion2_Players::LEADER_WILHELMINA_INLAND,Players:Expansion2_Players::LEADER_VICTORIA,Players:Expansion2_Players::LEADER_VICTORIA_ALT,Players:Expansion2_Players::LEADER_WU_ZETIAN,Players:Expansion2_Players::LEADER_SIMON_BOLIVAR,Players:Expansion2_Players::LEADER_MATTHIAS_CORVINUS,Players:Expansion2_Players::LEADER_JADWIGA,Players:Expansion2_Players::LEADER_ABRAHAM_LINCOLN,Players:Expansion2_Players::LEADER_ALEXANDER,Players:Expansion2_Players::LEADER_ELIZABETH,Players:Expansion2_Players::LEADER_YONGLE,Players:Expansion2_Players::LEADER_JOHN_CURTIN,Players:Expansion2_Players::LEADER_LADY_TRIEU
Config CONFIGURATION_PLAYER, Key LEADER_VALUE_DOMAIN (0xcdbd103d), subtype 8, changed to Players:*
Config CONFIGURATION_PLAYER, Key LEADER_NAME (0xf043351a), subtype 9, changed to null
Config CONFIGURATION_PLAYER, Key LEADER_TYPE_NAME (0xe8cd5e5f), subtype 9, changed to null
Config CONFIGURATION_PLAYER, Key LEADER_RANDOM_POOL_ID (0x402bf356), subtype 9, changed to 0x00000000
Config CONFIGURATION_PLAYER, Key LEADER_RANDOM_POOL_ID (0x402bf356), subtype 9, changed to 0
Config CONFIGURATION_PLAYER, Key LEADER_DOMAIN (0x4fe363bb), subtype 9, changed to Players:Expansion2_Players
Config CONFIGURATION_PLAYER, Key LEADER_VALUES (0xd2ed3156), subtype 9, changed to Players:*::RANDOM,Players:*::RANDOM_POOL1,Players:*::RANDOM_POOL2,Players:Expansion2_Players::LEADER_ELEANOR_FRANCE,Players:Expansion2_Players::LEADER_ELEANOR_ENGLAND,Players:Expansion2_Players::LEADER_AMBIORIX,Players:Expansion2_Players::LEADER_BASIL,Players:Expansion2_Players::LEADER_HOJO,Players:Expansion2_Players::LEADER_HOJO_INLAND,Players:Expansion2_Players::LEADER_PETER_GREAT,Players:Expansion2_Players::LEADER_PERICLES,Players:Expansion2_Players::LEADER_GENGHIS_KHAN,Players:Expansion2_Players::LEADER_TOKUGAWA,Players:Expansion2_Players::LEADER_THEODORA,Players:Expansion2_Players::LEADER_DIDO,Players:Expansion2_Players::LEADER_JAYAVARMAN,Players:Expansion2_Players::LEADER_NZINGA_MBANDE,Players:Expansion2_Players::LEADER_PHILIP_II,Players:Expansion2_Players::LEADER_PHILIP_II_INLAND,Players:Expansion2_Players::LEADER_BARBAROSSA,Players:Expansion2_Players::LEADER_GORGO,Players:Expansion2_Players::LEADER_HARDRADA,Players:Expansion2_Players::LEADER_HARALD_ALT,Players:Expansion2_Players::LEADER_HAMMURABI,Players:Expansion2_Players::LEADER_KUBLAI_KHAN_MONGOLIA,Players:Expansion2_Players::LEADER_KUBLAI_KHAN_CHINA,Players:Expansion2_Players::LEADER_GILGAMESH,Players:Expansion2_Players::LEADER_CYRUS,Players:Expansion2_Players::LEADER_CATHERINE_DE_MEDICI,Players:Expansion2_Players::LEADER_CATHERINE_DE_MEDICI_ALT,Players:Expansion2_Players::LEADER_KRISTINA,Players:Expansion2_Players::LEADER_CLEOPATRA,Players:Expansion2_Players::LEADER_CLEOPATRA_ALT,Players:Expansion2_Players::LEADER_KUPE,Players:Expansion2_Players::LEADER_RAMSES,Players:Expansion2_Players::LEADER_LAUTARO,Players:Expansion2_Players::LEADER_LADY_SIX_SKY,Players:Expansion2_Players::LEADER_LUDWIG,Players:Expansion2_Players::LEADER_ROBERT_THE_BRUCE,Players:Expansion2_Players::LEADER_MANSA_MUSA,Players:Expansion2_Players::LEADER_MONTEZUMA,Players:Expansion2_Players::LEADER_MENELIK,Players:Expansion2_Players::LEADER_MVEMBA,Players:Expansion2_Players::LEADER_NADER_SHAH,Players:Expansion2_Players::LEADER_PACHACUTI,Players:Expansion2_Players::LEADER_POUNDMAKER,Players:Expansion2_Players::LEADER_PEDRO,Players:Expansion2_Players::LEADER_SHAKA,Players:Expansion2_Players::LEADER_QIN_ALT,Players:Expansion2_Players::LEADER_QIN,Players:Expansion2_Players::LEADER_JOAO_III,Players:Expansion2_Players::LEADER_SALADIN_ALT,Players:Expansion2_Players::LEADER_SALADIN,Players:Expansion2_Players::LEADER_SEONDEOK,Players:Expansion2_Players::LEADER_SEJONG,Players:Expansion2_Players::LEADER_SUNDIATA_KEITA,Players:Expansion2_Players::LEADER_SULEIMAN_ALT,Players:Expansion2_Players::LEADER_SULEIMAN,Players:Expansion2_Players::LEADER_TAMAR,Players:Expansion2_Players::LEADER_T_ROOSEVELT,Players:Expansion2_Players::LEADER_GITARJA,Players:Expansion2_Players::LEADER_TRAJAN,Players:Expansion2_Players::LEADER_TOMYRIS,Players:Expansion2_Players::LEADER_LAURIER,Players:Expansion2_Players::LEADER_WILHELMINA,Players:Expansion2_Players::LEADER_WILHELMINA_INLAND,Players:Expansion2_Players::LEADER_VICTORIA,Players:Expansion2_Players::LEADER_VICTORIA_ALT,Players:Expansion2_Players::LEADER_WU_ZETIAN,Players:Expansion2_Players::LEADER_SIMON_BOLIVAR,Players:Expansion2_Players::LEADER_MATTHIAS_CORVINUS,Players:Expansion2_Players::LEADER_JADWIGA,Players:Expansion2_Players::LEADER_ABRAHAM_LINCOLN,Players:Expansion2_Players::LEADER_ALEXANDER,Players:Expansion2_Players::LEADER_ELIZABETH,Players:Expansion2_Players::LEADER_YONGLE,Players:Expansion2_Players::LEADER_JOHN_CURTIN,Players:Expansion2_Players::LEADER_LADY_TRIEU
Config CONFIGURATION_PLAYER, Key LEADER_VALUE_DOMAIN (0xcdbd103d), subtype 9, changed to Players:*
Config CONFIGURATION_PLAYER, Key LEADER_NAME (0xf043351a), subtype 1, changed to LOC_LEADER_HAMMURABI_NAME
Config CONFIGURATION_PLAYER, Key LEADER_TYPE_NAME (0xe8cd5e5f), subtype 1, changed to LEADER_HAMMURABI
Config CONFIGURATION_PLAYER, Key LEADER_TYPE_ID (0xdfe4fcc7), subtype 1, changed to 0x396c1aa5
Config CONFIGURATION_PLAYER, Key LEADER_RANDOM_POOL_ID (0x402bf356), subtype 1, removed
Config CONFIGURATION_PLAYER, Key LEADER_DOMAIN (0x4fe363bb), subtype 1, changed to Players:Expansion2_Players
Config CONFIGURATION_PLAYER, Key LEADER_VALUES (0xd2ed3156), subtype 1, changed to Players:*::RANDOM,Players:*::RANDOM_POOL1,Players:*::RANDOM_POOL2,Players:Expansion2_Players::LEADER_ELEANOR_FRANCE,Players:Expansion2_Players::LEADER_ELEANOR_ENGLAND,Players:Expansion2_Players::LEADER_AMBIORIX,Players:Expansion2_Players::LEADER_BASIL,Players:Expansion2_Players::LEADER_HOJO,Players:Expansion2_Players::LEADER_HOJO_INLAND,Players:Expansion2_Players::LEADER_PETER_GREAT,Players:Expansion2_Players::LEADER_PERICLES,Players:Expansion2_Players::LEADER_GENGHIS_KHAN,Players:Expansion2_Players::LEADER_TOKUGAWA,Players:Expansion2_Players::LEADER_THEODORA,Players:Expansion2_Players::LEADER_DIDO,Players:Expansion2_Players::LEADER_JAYAVARMAN,Players:Expansion2_Players::LEADER_NZINGA_MBANDE,Players:Expansion2_Players::LEADER_PHILIP_II,Players:Expansion2_Players::LEADER_PHILIP_II_INLAND,Players:Expansion2_Players::LEADER_BARBAROSSA,Players:Expansion2_Players::LEADER_GORGO,Players:Expansion2_Players::LEADER_HARDRADA,Players:Expansion2_Players::LEADER_HARALD_ALT,Players:Expansion2_Players::LEADER_HAMMURABI,Players:Expansion2_Players::LEADER_KUBLAI_KHAN_MONGOLIA,Players:Expansion2_Players::LEADER_KUBLAI_KHAN_CHINA,Players:Expansion2_Players::LEADER_GILGAMESH,Players:Expansion2_Players::LEADER_CYRUS,Players:Expansion2_Players::LEADER_CATHERINE_DE_MEDICI,Players:Expansion2_Players::LEADER_CATHERINE_DE_MEDICI_ALT,Players:Expansion2_Players::LEADER_KRISTINA,Players:Expansion2_Players::LEADER_CLEOPATRA,Players:Expansion2_Players::LEADER_CLEOPATRA_ALT,Players:Expansion2_Players::LEADER_KUPE,Players:Expansion2_Players::LEADER_RAMSES,Players:Expansion2_Players::LEADER_LAUTARO,Players:Expansion2_Players::LEADER_LADY_SIX_SKY,Players:Expansion2_Players::LEADER_LUDWIG,Players:Expansion2_Players::LEADER_ROBERT_THE_BRUCE,Players:Expansion2_Players::LEADER_MANSA_MUSA,Players:Expansion2_Players::LEADER_MONTEZUMA,Players:Expansion2_Players::LEADER_MENELIK,Players:Expansion2_Players::LEADER_MVEMBA,Players:Expansion2_Players::LEADER_NADER_SHAH,Players:Expansion2_Players::LEADER_PACHACUTI,Players:Expansion2_Players::LEADER_POUNDMAKER,Players:Expansion2_Players::LEADER_PEDRO,Players:Expansion2_Players::LEADER_SHAKA,Players:Expansion2_Players::LEADER_QIN_ALT,Players:Expansion2_Players::LEADER_QIN,Players:Expansion2_Players::LEADER_JOAO_III,Players:Expansion2_Players::LEADER_SALADIN_ALT,Players:Expansion2_Players::LEADER_SALADIN,Players:Expansion2_Players::LEADER_SEONDEOK,Players:Expansion2_Players::LEADER_SEJONG,Players:Expansion2_Players::LEADER_SUNDIATA_KEITA,Players:Expansion2_Players::LEADER_SULEIMAN_ALT,Players:Expansion2_Players::LEADER_SULEIMAN,Players:Expansion2_Players::LEADER_TAMAR,Players:Expansion2_Players::LEADER_T_ROOSEVELT,Players:Expansion2_Players::LEADER_GITARJA,Players:Expansion2_Players::LEADER_TRAJAN,Players:Expansion2_Players::LEADER_TOMYRIS,Players:Expansion2_Players::LEADER_LAURIER,Players:Expansion2_Players::LEADER_WILHELMINA,Players:Expansion2_Players::LEADER_WILHELMINA_INLAND,Players:Expansion2_Players::LEADER_VICTORIA,Players:Expansion2_Players::LEADER_VICTORIA_ALT,Players:Expansion2_Players::LEADER_WU_ZETIAN,Players:Expansion2_Players::LEADER_SIMON_BOLIVAR,Players:Expansion2_Players::LEADER_MATTHIAS_CORVINUS,Players:Expansion2_Players::LEADER_JADWIGA,Players:Expansion2_Players::LEADER_ABRAHAM_LINCOLN,Players:Expansion2_Players::LEADER_ALEXANDER,Players:Expansion2_Players::LEADER_ELIZABETH,Players:Expansion2_Players::LEADER_YONGLE,Players:Expansion2_Players::LEADER_JOHN_CURTIN,Players:Expansion2_Players::LEADER_LADY_TRIEU
Config CONFIGURATION_PLAYER, Key LEADER_VALUE_DOMAIN (0xcdbd103d), subtype 1, changed to Players:Expansion2_Players
Config CONFIGURATION_PLAYER, Key CIVILIZATION_TYPE_NAME (0x9d5e5c2f), subtype 1, changed to CIVILIZATION_BABYLON_STK
Config CONFIGURATION_PLAYER, Key CIVILIZATION_TYPE_ID (0xc7d7515b), subtype 1, changed to 1770109778
Config CONFIGURATION_PLAYER, Key LEADER_NAME (0xf043351a), subtype 0, changed to null
Config CONFIGURATION_PLAYER, Key LEADER_TYPE_NAME (0xe8cd5e5f), subtype 0, changed to null
Config CONFIGURATION_PLAYER, Key LEADER_RANDOM_POOL_ID (0x402bf356), subtype 0, changed to 0x00000000
Config CONFIGURATION_PLAYER, Key LEADER_RANDOM_POOL_ID (0x402bf356), subtype 0, changed to 0
Config CONFIGURATION_PLAYER, Key LEADER_DOMAIN (0x4fe363bb), subtype 0, changed to Players:Expansion2_Players
Config CONFIGURATION_PLAYER, Key LEADER_VALUES (0xd2ed3156), subtype 0, changed to Players:*::RANDOM,Players:*::RANDOM_POOL1,Players:*::RANDOM_POOL2,Players:Expansion2_Players::LEADER_ELEANOR_FRANCE,Players:Expansion2_Players::LEADER_ELEANOR_ENGLAND,Players:Expansion2_Players::LEADER_AMBIORIX,Players:Expansion2_Players::LEADER_BASIL,Players:Expansion2_Players::LEADER_HOJO,Players:Expansion2_Players::LEADER_HOJO_INLAND,Players:Expansion2_Players::LEADER_PETER_GREAT,Players:Expansion2_Players::LEADER_PERICLES,Players:Expansion2_Players::LEADER_GENGHIS_KHAN,Players:Expansion2_Players::LEADER_TOKUGAWA,Players:Expansion2_Players::LEADER_THEODORA,Players:Expansion2_Players::LEADER_DIDO,Players:Expansion2_Players::LEADER_JAYAVARMAN,Players:Expansion2_Players::LEADER_NZINGA_MBANDE,Players:Expansion2_Players::LEADER_PHILIP_II,Players:Expansion2_Players::LEADER_PHILIP_II_INLAND,Players:Expansion2_Players::LEADER_BARBAROSSA,Players:Expansion2_Players::LEADER_GORGO,Players:Expansion2_Players::LEADER_HARDRADA,Players:Expansion2_Players::LEADER_HARALD_ALT,Players:Expansion2_Players::LEADER_KUBLAI_KHAN_MONGOLIA,Players:Expansion2_Players::LEADER_KUBLAI_KHAN_CHINA,Players:Expansion2_Players::LEADER_GILGAMESH,Players:Expansion2_Players::LEADER_CYRUS,Players:Expansion2_Players::LEADER_CATHERINE_DE_MEDICI,Players:Expansion2_Players::LEADER_CATHERINE_DE_MEDICI_ALT,Players:Expansion2_Players::LEADER_KRISTINA,Players:Expansion2_Players::LEADER_CLEOPATRA,Players:Expansion2_Players::LEADER_CLEOPATRA_ALT,Players:Expansion2_Players::LEADER_KUPE,Players:Expansion2_Players::LEADER_RAMSES,Players:Expansion2_Players::LEADER_LAUTARO,Players:Expansion2_Players::LEADER_LADY_SIX_SKY,Players:Expansion2_Players::LEADER_LUDWIG,Players:Expansion2_Players::LEADER_ROBERT_THE_BRUCE,Players:Expansion2_Players::LEADER_MANSA_MUSA,Players:Expansion2_Players::LEADER_MONTEZUMA,Players:Expansion2_Players::LEADER_MENELIK,Players:Expansion2_Players::LEADER_MVEMBA,Players:Expansion2_Players::LEADER_NADER_SHAH,Players:Expansion2_Players::LEADER_PACHACUTI,Players:Expansion2_Players::LEADER_POUNDMAKER,Players:Expansion2_Players::LEADER_PEDRO,Players:Expansion2_Players::LEADER_SHAKA,Players:Expansion2_Players::LEADER_QIN_ALT,Players:Expansion2_Players::LEADER_QIN,Players:Expansion2_Players::LEADER_JOAO_III,Players:Expansion2_Players::LEADER_SALADIN_ALT,Players:Expansion2_Players::LEADER_SALADIN,Players:Expansion2_Players::LEADER_SEONDEOK,Players:Expansion2_Players::LEADER_SEJONG,Players:Expansion2_Players::LEADER_SUNDIATA_KEITA,Players:Expansion2_Players::LEADER_SULEIMAN_ALT,Players:Expansion2_Players::LEADER_SULEIMAN,Players:Expansion2_Players::LEADER_TAMAR,Players:Expansion2_Players::LEADER_T_ROOSEVELT,Players:Expansion2_Players::LEADER_GITARJA,Players:Expansion2_Players::LEADER_TRAJAN,Players:Expansion2_Players::LEADER_TOMYRIS,Players:Expansion2_Players::LEADER_LAURIER,Players:Expansion2_Players::LEADER_WILHELMINA,Players:Expansion2_Players::LEADER_WILHELMINA_INLAND,Players:Expansion2_Players::LEADER_VICTORIA,Players:Expansion2_Players::LEADER_VICTORIA_ALT,Players:Expansion2_Players::LEADER_WU_ZETIAN,Players:Expansion2_Players::LEADER_SIMON_BOLIVAR,Players:Expansion2_Players::LEADER_MATTHIAS_CORVINUS,Players:Expansion2_Players::LEADER_JADWIGA,Players:Expansion2_Players::LEADER_ABRAHAM_LINCOLN,Players:Expansion2_Players::LEADER_ALEXANDER,Players:Expansion2_Players::LEADER_ELIZABETH,Players:Expansion2_Players::LEADER_YONGLE,Players:Expansion2_Players::LEADER_JOHN_CURTIN,Players:Expansion2_Players::LEADER_LADY_TRIEU
Config CONFIGURATION_PLAYER, Key LEADER_VALUE_DOMAIN (0xcdbd103d), subtype 0, changed to Players:*
Config CONFIGURATION_PLAYER, Key LEADER_NAME (0xf043351a), subtype 5, changed to null
Config CONFIGURATION_PLAYER, Key LEADER_TYPE_NAME (0xe8cd5e5f), subtype 5, changed to null
Config CONFIGURATION_PLAYER, Key LEADER_RANDOM_POOL_ID (0x402bf356), subtype 5, changed to 0x00000000
Config CONFIGURATION_PLAYER, Key LEADER_RANDOM_POOL_ID (0x402bf356), subtype 5, changed to 0
Config CONFIGURATION_PLAYER, Key LEADER_DOMAIN (0x4fe363bb), subtype 5, changed to Players:Expansion2_Players
Config CONFIGURATION_PLAYER, Key LEADER_VALUES (0xd2ed3156), subtype 5, changed to Players:*::RANDOM,Players:*::RANDOM_POOL1,Players:*::RANDOM_POOL2,Players:Expansion2_Players::LEADER_ELEANOR_FRANCE,Players:Expansion2_Players::LEADER_ELEANOR_ENGLAND,Players:Expansion2_Players::LEADER_AMBIORIX,Players:Expansion2_Players::LEADER_BASIL,Players:Expansion2_Players::LEADER_HOJO,Players:Expansion2_Players::LEADER_HOJO_INLAND,Players:Expansion2_Players::LEADER_PETER_GREAT,Players:Expansion2_Players::LEADER_PERICLES,Players:Expansion2_Players::LEADER_GENGHIS_KHAN,Players:Expansion2_Players::LEADER_TOKUGAWA,Players:Expansion2_Players::LEADER_THEODORA,Players:Expansion2_Players::LEADER_DIDO,Players:Expansion2_Players::LEADER_JAYAVARMAN,Players:Expansion2_Players::LEADER_NZINGA_MBANDE,Players:Expansion2_Players::LEADER_PHILIP_II,Players:Expansion2_Players::LEADER_PHILIP_II_INLAND,Players:Expansion2_Players::LEADER_BARBAROSSA,Players:Expansion2_Players::LEADER_GORGO,Players:Expansion2_Players::LEADER_HARDRADA,Players:Expansion2_Players::LEADER_HARALD_ALT,Players:Expansion2_Players::LEADER_KUBLAI_KHAN_MONGOLIA,Players:Expansion2_Players::LEADER_KUBLAI_KHAN_CHINA,Players:Expansion2_Players::LEADER_GILGAMESH,Players:Expansion2_Players::LEADER_CYRUS,Players:Expansion2_Players::LEADER_CATHERINE_DE_MEDICI,Players:Expansion2_Players::LEADER_CATHERINE_DE_MEDICI_ALT,Players:Expansion2_Players::LEADER_KRISTINA,Players:Expansion2_Players::LEADER_CLEOPATRA,Players:Expansion2_Players::LEADER_CLEOPATRA_ALT,Players:Expansion2_Players::LEADER_KUPE,Players:Expansion2_Players::LEADER_RAMSES,Players:Expansion2_Players::LEADER_LAUTARO,Players:Expansion2_Players::LEADER_LADY_SIX_SKY,Players:Expansion2_Players::LEADER_LUDWIG,Players:Expansion2_Players::LEADER_ROBERT_THE_BRUCE,Players:Expansion2_Players::LEADER_MANSA_MUSA,Players:Expansion2_Players::LEADER_MONTEZUMA,Players:Expansion2_Players::LEADER_MENELIK,Players:Expansion2_Players::LEADER_MVEMBA,Players:Expansion2_Players::LEADER_NADER_SHAH,Players:Expansion2_Players::LEADER_PACHACUTI,Players:Expansion2_Players::LEADER_POUNDMAKER,Players:Expansion2_Players::LEADER_PEDRO,Players:Expansion2_Players::LEADER_SHAKA,Players:Expansion2_Players::LEADER_QIN_ALT,Players:Expansion2_Players::LEADER_QIN,Players:Expansion2_Players::LEADER_JOAO_III,Players:Expansion2_Players::LEADER_SALADIN_ALT,Players:Expansion2_Players::LEADER_SALADIN,Players:Expansion2_Players::LEADER_SEONDEOK,Players:Expansion2_Players::LEADER_SEJONG,Players:Expansion2_Players::LEADER_SUNDIATA_KEITA,Players:Expansion2_Players::LEADER_SULEIMAN_ALT,Players:Expansion2_Players::LEADER_SULEIMAN,Players:Expansion2_Players::LEADER_TAMAR,Players:Expansion2_Players::LEADER_T_ROOSEVELT,Players:Expansion2_Players::LEADER_GITARJA,Players:Expansion2_Players::LEADER_TRAJAN,Players:Expansion2_Players::LEADER_TOMYRIS,Players:Expansion2_Players::LEADER_LAURIER,Players:Expansion2_Players::LEADER_WILHELMINA,Players:Expansion2_Players::LEADER_WILHELMINA_INLAND,Players:Expansion2_Players::LEADER_VICTORIA,Players:Expansion2_Players::LEADER_VICTORIA_ALT,Players:Expansion2_Players::LEADER_WU_ZETIAN,Players:Expansion2_Players::LEADER_SIMON_BOLIVAR,Players:Expansion2_Players::LEADER_MATTHIAS_CORVINUS,Players:Expansion2_Players::LEADER_JADWIGA,Players:Expansion2_Players::LEADER_ABRAHAM_LINCOLN,Players:Expansion2_Players::LEADER_ALEXANDER,Players:Expansion2_Players::LEADER_ELIZABETH,Players:Expansion2_Players::LEADER_YONGLE,Players:Expansion2_Players::LEADER_JOHN_CURTIN,Players:Expansion2_Players::LEADER_LADY_TRIEU
Config CONFIGURATION_PLAYER, Key LEADER_VALUE_DOMAIN (0xcdbd103d), subtype 5, changed to Players:*
Config CONFIGURATION_PLAYER, Key LEADER_NAME (0xf043351a), subtype 6, changed to null
Config CONFIGURATION_PLAYER, Key LEADER_TYPE_NAME (0xe8cd5e5f), subtype 6, changed to null
Config CONFIGURATION_PLAYER, Key LEADER_RANDOM_POOL_ID (0x402bf356), subtype 6, changed to 0x00000000
Config CONFIGURATION_PLAYER, Key LEADER_RANDOM_POOL_ID (0x402bf356), subtype 6, changed to 0
Config CONFIGURATION_PLAYER, Key LEADER_DOMAIN (0x4fe363bb), subtype 6, changed to Players:Expansion2_Players
Config CONFIGURATION_PLAYER, Key LEADER_VALUES (0xd2ed3156), subtype 6, changed to Players:*::RANDOM,Players:*::RANDOM_POOL1,Players:*::RANDOM_POOL2,Players:Expansion2_Players::LEADER_ELEANOR_FRANCE,Players:Expansion2_Players::LEADER_ELEANOR_ENGLAND,Players:Expansion2_Players::LEADER_AMBIORIX,Players:Expansion2_Players::LEADER_BASIL,Players:Expansion2_Players::LEADER_HOJO,Players:Expansion2_Players::LEADER_HOJO_INLAND,Players:Expansion2_Players::LEADER_PETER_GREAT,Players:Expansion2_Players::LEADER_PERICLES,Players:Expansion2_Players::LEADER_GENGHIS_KHAN,Players:Expansion2_Players::LEADER_TOKUGAWA,Players:Expansion2_Players::LEADER_THEODORA,Players:Expansion2_Players::LEADER_DIDO,Players:Expansion2_Players::LEADER_JAYAVARMAN,Players:Expansion2_Players::LEADER_NZINGA_MBANDE,Players:Expansion2_Players::LEADER_PHILIP_II,Players:Expansion2_Players::LEADER_PHILIP_II_INLAND,Players:Expansion2_Players::LEADER_BARBAROSSA,Players:Expansion2_Players::LEADER_GORGO,Players:Expansion2_Players::LEADER_HARDRADA,Players:Expansion2_Players::LEADER_HARALD_ALT,Players:Expansion2_Players::LEADER_KUBLAI_KHAN_MONGOLIA,Players:Expansion2_Players::LEADER_KUBLAI_KHAN_CHINA,Players:Expansion2_Players::LEADER_GILGAMESH,Players:Expansion2_Players::LEADER_CYRUS,Players:Expansion2_Players::LEADER_CATHERINE_DE_MEDICI,Players:Expansion2_Players::LEADER_CATHERINE_DE_MEDICI_ALT,Players:Expansion2_Players::LEADER_KRISTINA,Players:Expansion2_Players::LEADER_CLEOPATRA,Players:Expansion2_Players::LEADER_CLEOPATRA_ALT,Players:Expansion2_Players::LEADER_KUPE,Players:Expansion2_Players::LEADER_RAMSES,Players:Expansion2_Players::LEADER_LAUTARO,Players:Expansion2_Players::LEADER_LADY_SIX_SKY,Players:Expansion2_Players::LEADER_LUDWIG,Players:Expansion2_Players::LEADER_ROBERT_THE_BRUCE,Players:Expansion2_Players::LEADER_MANSA_MUSA,Players:Expansion2_Players::LEADER_MONTEZUMA,Players:Expansion2_Players::LEADER_MENELIK,Players:Expansion2_Players::LEADER_MVEMBA,Players:Expansion2_Players::LEADER_NADER_SHAH,Players:Expansion2_Players::LEADER_PACHACUTI,Players:Expansion2_Players::LEADER_POUNDMAKER,Players:Expansion2_Players::LEADER_PEDRO,Players:Expansion2_Players::LEADER_SHAKA,Players:Expansion2_Players::LEADER_QIN_ALT,Players:Expansion2_Players::LEADER_QIN,Players:Expansion2_Players::LEADER_JOAO_III,Players:Expansion2_Players::LEADER_SALADIN_ALT,Players:Expansion2_Players::LEADER_SALADIN,Players:Expansion2_Players::LEADER_SEONDEOK,Players:Expansion2_Players::LEADER_SEJONG,Players:Expansion2_Players::LEADER_SUNDIATA_KEITA,Players:Expansion2_Players::LEADER_SULEIMAN_ALT,Players:Expansion2_Players::LEADER_SULEIMAN,Players:Expansion2_Players::LEADER_TAMAR,Players:Expansion2_Players::LEADER_T_ROOSEVELT,Players:Expansion2_Players::LEADER_GITARJA,Players:Expansion2_Players::LEADER_TRAJAN,Players:Expansion2_Players::LEADER_TOMYRIS,Players:Expansion2_Players::LEADER_LAURIER,Players:Expansion2_Players::LEADER_WILHELMINA,Players:Expansion2_Players::LEADER_WILHELMINA_INLAND,Players:Expansion2_Players::LEADER_VICTORIA,Players:Expansion2_Players::LEADER_VICTORIA_ALT,Players:Expansion2_Players::LEADER_WU_ZETIAN,Players:Expansion2_Players::LEADER_SIMON_BOLIVAR,Players:Expansion2_Players::LEADER_MATTHIAS_CORVINUS,Players:Expansion2_Players::LEADER_JADWIGA,Players:Expansion2_Players::LEADER_ABRAHAM_LINCOLN,Players:Expansion2_Players::LEADER_ALEXANDER,Players:Expansion2_Players::LEADER_ELIZABETH,Players:Expansion2_Players::LEADER_YONGLE,Players:Expansion2_Players::LEADER_JOHN_CURTIN,Players:Expansion2_Players::LEADER_LADY_TRIEU
Config CONFIGURATION_PLAYER, Key LEADER_VALUE_DOMAIN (0xcdbd103d), subtype 6, changed to Players:*
Config CONFIGURATION_PLAYER, Key LEADER_NAME (0xf043351a), subtype 7, changed to null
Config CONFIGURATION_PLAYER, Key LEADER_TYPE_NAME (0xe8cd5e5f), subtype 7, changed to null
Config CONFIGURATION_PLAYER, Key LEADER_RANDOM_POOL_ID (0x402bf356), subtype 7, changed to 0x00000000
Config CONFIGURATION_PLAYER, Key LEADER_RANDOM_POOL_ID (0x402bf356), subtype 7, changed to 0
Config CONFIGURATION_PLAYER, Key LEADER_DOMAIN (0x4fe363bb), subtype 7, changed to Players:Expansion2_Players
Config CONFIGURATION_PLAYER, Key LEADER_VALUES (0xd2ed3156), subtype 7, changed to Players:*::RANDOM,Players:*::RANDOM_POOL1,Players:*::RANDOM_POOL2,Players:Expansion2_Players::LEADER_ELEANOR_FRANCE,Players:Expansion2_Players::LEADER_ELEANOR_ENGLAND,Players:Expansion2_Players::LEADER_AMBIORIX,Players:Expansion2_Players::LEADER_BASIL,Players:Expansion2_Players::LEADER_HOJO,Players:Expansion2_Players::LEADER_HOJO_INLAND,Players:Expansion2_Players::LEADER_PETER_GREAT,Players:Expansion2_Players::LEADER_PERICLES,Players:Expansion2_Players::LEADER_GENGHIS_KHAN,Players:Expansion2_Players::LEADER_TOKUGAWA,Players:Expansion2_Players::LEADER_THEODORA,Players:Expansion2_Players::LEADER_DIDO,Players:Expansion2_Players::LEADER_JAYAVARMAN,Players:Expansion2_Players::LEADER_NZINGA_MBANDE,Players:Expansion2_Players::LEADER_PHILIP_II,Players:Expansion2_Players::LEADER_PHILIP_II_INLAND,Players:Expansion2_Players::LEADER_BARBAROSSA,Players:Expansion2_Players::LEADER_GORGO,Players:Expansion2_Players::LEADER_HARDRADA,Players:Expansion2_Players::LEADER_HARALD_ALT,Players:Expansion2_Players::LEADER_KUBLAI_KHAN_MONGOLIA,Players:Expansion2_Players::LEADER_KUBLAI_KHAN_CHINA,Players:Expansion2_Players::LEADER_GILGAMESH,Players:Expansion2_Players::LEADER_CYRUS,Players:Expansion2_Players::LEADER_CATHERINE_DE_MEDICI,Players:Expansion2_Players::LEADER_CATHERINE_DE_MEDICI_ALT,Players:Expansion2_Players::LEADER_KRISTINA,Players:Expansion2_Players::LEADER_CLEOPATRA,Players:Expansion2_Players::LEADER_CLEOPATRA_ALT,Players:Expansion2_Players::LEADER_KUPE,Players:Expansion2_Players::LEADER_RAMSES,Players:Expansion2_Players::LEADER_LAUTARO,Players:Expansion2_Players::LEADER_LADY_SIX_SKY,Players:Expansion2_Players::LEADER_LUDWIG,Players:Expansion2_Players::LEADER_ROBERT_THE_BRUCE,Players:Expansion2_Players::LEADER_MANSA_MUSA,Players:Expansion2_Players::LEADER_MONTEZUMA,Players:Expansion2_Players::LEADER_MENELIK,Players:Expansion2_Players::LEADER_MVEMBA,Players:Expansion2_Players::LEADER_NADER_SHAH,Players:Expansion2_Players::LEADER_PACHACUTI,Players:Expansion2_Players::LEADER_POUNDMAKER,Players:Expansion2_Players::LEADER_PEDRO,Players:Expansion2_Players::LEADER_SHAKA,Players:Expansion2_Players::LEADER_QIN_ALT,Players:Expansion2_Players::LEADER_QIN,Players:Expansion2_Players::LEADER_JOAO_III,Players:Expansion2_Players::LEADER_SALADIN_ALT,Players:Expansion2_Players::LEADER_SALADIN,Players:Expansion2_Players::LEADER_SEONDEOK,Players:Expansion2_Players::LEADER_SEJONG,Players:Expansion2_Players::LEADER_SUNDIATA_KEITA,Players:Expansion2_Players::LEADER_SULEIMAN_ALT,Players:Expansion2_Players::LEADER_SULEIMAN,Players:Expansion2_Players::LEADER_TAMAR,Players:Expansion2_Players::LEADER_T_ROOSEVELT,Players:Expansion2_Players::LEADER_GITARJA,Players:Expansion2_Players::LEADER_TRAJAN,Players:Expansion2_Players::LEADER_TOMYRIS,Players:Expansion2_Players::LEADER_LAURIER,Players:Expansion2_Players::LEADER_WILHELMINA,Players:Expansion2_Players::LEADER_WILHELMINA_INLAND,Players:Expansion2_Players::LEADER_VICTORIA,Players:Expansion2_Players::LEADER_VICTORIA_ALT,Players:Expansion2_Players::LEADER_WU_ZETIAN,Players:Expansion2_Players::LEADER_SIMON_BOLIVAR,Players:Expansion2_Players::LEADER_MATTHIAS_CORVINUS,Players:Expansion2_Players::LEADER_JADWIGA,Players:Expansion2_Players::LEADER_ABRAHAM_LINCOLN,Players:Expansion2_Players::LEADER_ALEXANDER,Players:Expansion2_Players::LEADER_ELIZABETH,Players:Expansion2_Players::LEADER_YONGLE,Players:Expansion2_Players::LEADER_JOHN_CURTIN,Players:Expansion2_Players::LEADER_LADY_TRIEU
Config CONFIGURATION_PLAYER, Key LEADER_VALUE_DOMAIN (0xcdbd103d), subtype 7, changed to Players:*
Config CONFIGURATION_PLAYER, Key LEADER_NAME (0xf043351a), subtype 8, changed to null
Config CONFIGURATION_PLAYER, Key LEADER_TYPE_NAME (0xe8cd5e5f), subtype 8, changed to null
Config CONFIGURATION_PLAYER, Key LEADER_RANDOM_POOL_ID (0x402bf356), subtype 8, changed to 0x00000000
Config CONFIGURATION_PLAYER, Key LEADER_RANDOM_POOL_ID (0x402bf356), subtype 8, changed to 0
Config CONFIGURATION_PLAYER, Key LEADER_DOMAIN (0x4fe363bb), subtype 8, changed to Players:Expansion2_Players
Config CONFIGURATION_PLAYER, Key LEADER_VALUES (0xd2ed3156), subtype 8, changed to Players:*::RANDOM,Players:*::RANDOM_POOL1,Players:*::RANDOM_POOL2,Players:Expansion2_Players::LEADER_ELEANOR_FRANCE,Players:Expansion2_Players::LEADER_ELEANOR_ENGLAND,Players:Expansion2_Players::LEADER_AMBIORIX,Players:Expansion2_Players::LEADER_BASIL,Players:Expansion2_Players::LEADER_HOJO,Players:Expansion2_Players::LEADER_HOJO_INLAND,Players:Expansion2_Players::LEADER_PETER_GREAT,Players:Expansion2_Players::LEADER_PERICLES,Players:Expansion2_Players::LEADER_GENGHIS_KHAN,Players:Expansion2_Players::LEADER_TOKUGAWA,Players:Expansion2_Players::LEADER_THEODORA,Players:Expansion2_Players::LEADER_DIDO,Players:Expansion2_Players::LEADER_JAYAVARMAN,Players:Expansion2_Players::LEADER_NZINGA_MBANDE,Players:Expansion2_Players::LEADER_PHILIP_II,Players:Expansion2_Players::LEADER_PHILIP_II_INLAND,Players:Expansion2_Players::LEADER_BARBAROSSA,Players:Expansion2_Players::LEADER_GORGO,Players:Expansion2_Players::LEADER_HARDRADA,Players:Expansion2_Players::LEADER_HARALD_ALT,Players:Expansion2_Players::LEADER_KUBLAI_KHAN_MONGOLIA,Players:Expansion2_Players::LEADER_KUBLAI_KHAN_CHINA,Players:Expansion2_Players::LEADER_GILGAMESH,Players:Expansion2_Players::LEADER_CYRUS,Players:Expansion2_Players::LEADER_CATHERINE_DE_MEDICI,Players:Expansion2_Players::LEADER_CATHERINE_DE_MEDICI_ALT,Players:Expansion2_Players::LEADER_KRISTINA,Players:Expansion2_Players::LEADER_CLEOPATRA,Players:Expansion2_Players::LEADER_CLEOPATRA_ALT,Players:Expansion2_Players::LEADER_KUPE,Players:Expansion2_Players::LEADER_RAMSES,Players:Expansion2_Players::LEADER_LAUTARO,Players:Expansion2_Players::LEADER_LADY_SIX_SKY,Players:Expansion2_Players::LEADER_LUDWIG,Players:Expansion2_Players::LEADER_ROBERT_THE_BRUCE,Players:Expansion2_Players::LEADER_MANSA_MUSA,Players:Expansion2_Players::LEADER_MONTEZUMA,Players:Expansion2_Players::LEADER_MENELIK,Players:Expansion2_Players::LEADER_MVEMBA,Players:Expansion2_Players::LEADER_NADER_SHAH,Players:Expansion2_Players::LEADER_PACHACUTI,Players:Expansion2_Players::LEADER_POUNDMAKER,Players:Expansion2_Players::LEADER_PEDRO,Players:Expansion2_Players::LEADER_SHAKA,Players:Expansion2_Players::LEADER_QIN_ALT,Players:Expansion2_Players::LEADER_QIN,Players:Expansion2_Players::LEADER_JOAO_III,Players:Expansion2_Players::LEADER_SALADIN_ALT,Players:Expansion2_Players::LEADER_SALADIN,Players:Expansion2_Players::LEADER_SEONDEOK,Players:Expansion2_Players::LEADER_SEJONG,Players:Expansion2_Players::LEADER_SUNDIATA_KEITA,Players:Expansion2_Players::LEADER_SULEIMAN_ALT,Players:Expansion2_Players::LEADER_SULEIMAN,Players:Expansion2_Players::LEADER_TAMAR,Players:Expansion2_Players::LEADER_T_ROOSEVELT,Players:Expansion2_Players::LEADER_GITARJA,Players:Expansion2_Players::LEADER_TRAJAN,Players:Expansion2_Players::LEADER_TOMYRIS,Players:Expansion2_Players::LEADER_LAURIER,Players:Expansion2_Players::LEADER_WILHELMINA,Players:Expansion2_Players::LEADER_WILHELMINA_INLAND,Players:Expansion2_Players::LEADER_VICTORIA,Players:Expansion2_Players::LEADER_VICTORIA_ALT,Players:Expansion2_Players::LEADER_WU_ZETIAN,Players:Expansion2_Players::LEADER_SIMON_BOLIVAR,Players:Expansion2_Players::LEADER_MATTHIAS_CORVINUS,Players:Expansion2_Players::LEADER_JADWIGA,Players:Expansion2_Players::LEADER_ABRAHAM_LINCOLN,Players:Expansion2_Players::LEADER_ALEXANDER,Players:Expansion2_Players::LEADER_ELIZABETH,Players:Expansion2_Players::LEADER_YONGLE,Players:Expansion2_Players::LEADER_JOHN_CURTIN,Players:Expansion2_Players::LEADER_LADY_TRIEU
Config CONFIGURATION_PLAYER, Key LEADER_VALUE_DOMAIN (0xcdbd103d), subtype 8, changed to Players:*
Config CONFIGURATION_PLAYER, Key LEADER_NAME (0xf043351a), subtype 9, changed to null
Config CONFIGURATION_PLAYER, Key LEADER_TYPE_NAME (0xe8cd5e5f), subtype 9, changed to null
Config CONFIGURATION_PLAYER, Key LEADER_RANDOM_POOL_ID (0x402bf356), subtype 9, changed to 0x00000000
Config CONFIGURATION_PLAYER, Key LEADER_RANDOM_POOL_ID (0x402bf356), subtype 9, changed to 0
Config CONFIGURATION_PLAYER, Key LEADER_DOMAIN (0x4fe363bb), subtype 9, changed to Players:Expansion2_Players
Config CONFIGURATION_PLAYER, Key LEADER_VALUES (0xd2ed3156), subtype 9, changed to Players:*::RANDOM,Players:*::RANDOM_POOL1,Players:*::RANDOM_POOL2,Players:Expansion2_Players::LEADER_ELEANOR_FRANCE,Players:Expansion2_Players::LEADER_ELEANOR_ENGLAND,Players:Expansion2_Players::LEADER_AMBIORIX,Players:Expansion2_Players::LEADER_BASIL,Players:Expansion2_Players::LEADER_HOJO,Players:Expansion2_Players::LEADER_HOJO_INLAND,Players:Expansion2_Players::LEADER_PETER_GREAT,Players:Expansion2_Players::LEADER_PERICLES,Players:Expansion2_Players::LEADER_GENGHIS_KHAN,Players:Expansion2_Players::LEADER_TOKUGAWA,Players:Expansion2_Players::LEADER_THEODORA,Players:Expansion2_Players::LEADER_DIDO,Players:Expansion2_Players::LEADER_JAYAVARMAN,Players:Expansion2_Players::LEADER_NZINGA_MBANDE,Players:Expansion2_Players::LEADER_PHILIP_II,Players:Expansion2_Players::LEADER_PHILIP_II_INLAND,Players:Expansion2_Players::LEADER_BARBAROSSA,Players:Expansion2_Players::LEADER_GORGO,Players:Expansion2_Players::LEADER_HARDRADA,Players:Expansion2_Players::LEADER_HARALD_ALT,Players:Expansion2_Players::LEADER_KUBLAI_KHAN_MONGOLIA,Players:Expansion2_Players::LEADER_KUBLAI_KHAN_CHINA,Players:Expansion2_Players::LEADER_GILGAMESH,Players:Expansion2_Players::LEADER_CYRUS,Players:Expansion2_Players::LEADER_CATHERINE_DE_MEDICI,Players:Expansion2_Players::LEADER_CATHERINE_DE_MEDICI_ALT,Players:Expansion2_Players::LEADER_KRISTINA,Players:Expansion2_Players::LEADER_CLEOPATRA,Players:Expansion2_Players::LEADER_CLEOPATRA_ALT,Players:Expansion2_Players::LEADER_KUPE,Players:Expansion2_Players::LEADER_RAMSES,Players:Expansion2_Players::LEADER_LAUTARO,Players:Expansion2_Players::LEADER_LADY_SIX_SKY,Players:Expansion2_Players::LEADER_LUDWIG,Players:Expansion2_Players::LEADER_ROBERT_THE_BRUCE,Players:Expansion2_Players::LEADER_MANSA_MUSA,Players:Expansion2_Players::LEADER_MONTEZUMA,Players:Expansion2_Players::LEADER_MENELIK,Players:Expansion2_Players::LEADER_MVEMBA,Players:Expansion2_Players::LEADER_NADER_SHAH,Players:Expansion2_Players::LEADER_PACHACUTI,Players:Expansion2_Players::LEADER_POUNDMAKER,Players:Expansion2_Players::LEADER_PEDRO,Players:Expansion2_Players::LEADER_SHAKA,Players:Expansion2_Players::LEADER_QIN_ALT,Players:Expansion2_Players::LEADER_QIN,Players:Expansion2_Players::LEADER_JOAO_III,Players:Expansion2_Players::LEADER_SALADIN_ALT,Players:Expansion2_Players::LEADER_SALADIN,Players:Expansion2_Players::LEADER_SEONDEOK,Players:Expansion2_Players::LEADER_SEJONG,Players:Expansion2_Players::LEADER_SUNDIATA_KEITA,Players:Expansion2_Players::LEADER_SULEIMAN_ALT,Players:Expansion2_Players::LEADER_SULEIMAN,Players:Expansion2_Players::LEADER_TAMAR,Players:Expansion2_Players::LEADER_T_ROOSEVELT,Players:Expansion2_Players::LEADER_GITARJA,Players:Expansion2_Players::LEADER_TRAJAN,Players:Expansion2_Players::LEADER_TOMYRIS,Players:Expansion2_Players::LEADER_LAURIER,Players:Expansion2_Players::LEADER_WILHELMINA,Players:Expansion2_Players::LEADER_WILHELMINA_INLAND,Players:Expansion2_Players::LEADER_VICTORIA,Players:Expansion2_Players::LEADER_VICTORIA_ALT,Players:Expansion2_Players::LEADER_WU_ZETIAN,Players:Expansion2_Players::LEADER_SIMON_BOLIVAR,Players:Expansion2_Players::LEADER_MATTHIAS_CORVINUS,Players:Expansion2_Players::LEADER_JADWIGA,Players:Expansion2_Players::LEADER_ABRAHAM_LINCOLN,Players:Expansion2_Players::LEADER_ALEXANDER,Players:Expansion2_Players::LEADER_ELIZABETH,Players:Expansion2_Players::LEADER_YONGLE,Players:Expansion2_Players::LEADER_JOHN_CURTIN,Players:Expansion2_Players::LEADER_LADY_TRIEU
Config CONFIGURATION_PLAYER, Key LEADER_VALUE_DOMAIN (0xcdbd103d), subtype 9, changed to Players:*
Config CONFIGURATION_PLAYER, Key NETWORK_NAME (0x8e72249a), subtype 0, changed to 咕咕二世@76561198162178797
Config CONFIGURATION_PLAYER, Key NICK_NAME (0xdab96bfd), subtype 0, changed to 咕咕二世
Config CONFIGURATION_PLAYER, Key SLOT_STATUS (0xce42b995), subtype 0, changed to 3
Config CONFIGURATION_PLAYER, Key CIVILIZATION_LEVEL_TYPE_NAME (0xca55abbe), subtype 0, changed to CIVILIZATION_LEVEL_FULL_CIV
Config CONFIGURATION_PLAYER, Key READY_STATUS (0xa4bd04b1), subtype 1, changed to true
Config CONFIGURATION_PLAYER, Key LEADER_NAME (0xf043351a), subtype 1, changed to LOC_LEADER_HAMMURABI_NAME
Config CONFIGURATION_PLAYER, Key LEADER_TYPE_NAME (0xe8cd5e5f), subtype 1, changed to LEADER_HAMMURABI
Config CONFIGURATION_PLAYER, Key LEADER_DOMAIN (0x4fe363bb), subtype 1, changed to Players:Expansion2_Players
Config CONFIGURATION_PLAYER, Key LEADER_VALUES (0xd2ed3156), subtype 1, changed to Players:*::RANDOM,Players:*::RANDOM_POOL1,Players:*::RANDOM_POOL2,Players:Expansion2_Players::LEADER_ELEANOR_FRANCE,Players:Expansion2_Players::LEADER_ELEANOR_ENGLAND,Players:Expansion2_Players::LEADER_AMBIORIX,Players:Expansion2_Players::LEADER_BASIL,Players:Expansion2_Players::LEADER_HOJO,Players:Expansion2_Players::LEADER_HOJO_INLAND,Players:Expansion2_Players::LEADER_PETER_GREAT,Players:Expansion2_Players::LEADER_PERICLES,Players:Expansion2_Players::LEADER_GENGHIS_KHAN,Players:Expansion2_Players::LEADER_TOKUGAWA,Players:Expansion2_Players::LEADER_THEODORA,Players:Expansion2_Players::LEADER_DIDO,Players:Expansion2_Players::LEADER_JAYAVARMAN,Players:Expansion2_Players::LEADER_NZINGA_MBANDE,Players:Expansion2_Players::LEADER_PHILIP_II,Players:Expansion2_Players::LEADER_PHILIP_II_INLAND,Players:Expansion2_Players::LEADER_BARBAROSSA,Players:Expansion2_Players::LEADER_GORGO,Players:Expansion2_Players::LEADER_HARDRADA,Players:Expansion2_Players::LEADER_HARALD_ALT,Players:Expansion2_Players::LEADER_HAMMURABI,Players:Expansion2_Players::LEADER_KUBLAI_KHAN_MONGOLIA,Players:Expansion2_Players::LEADER_KUBLAI_KHAN_CHINA,Players:Expansion2_Players::LEADER_GILGAMESH,Players:Expansion2_Players::LEADER_CYRUS,Players:Expansion2_Players::LEADER_CATHERINE_DE_MEDICI,Players:Expansion2_Players::LEADER_CATHERINE_DE_MEDICI_ALT,Players:Expansion2_Players::LEADER_KRISTINA,Players:Expansion2_Players::LEADER_CLEOPATRA,Players:Expansion2_Players::LEADER_CLEOPATRA_ALT,Players:Expansion2_Players::LEADER_KUPE,Players:Expansion2_Players::LEADER_RAMSES,Players:Expansion2_Players::LEADER_LAUTARO,Players:Expansion2_Players::LEADER_LADY_SIX_SKY,Players:Expansion2_Players::LEADER_LUDWIG,Players:Expansion2_Players::LEADER_ROBERT_THE_BRUCE,Players:Expansion2_Players::LEADER_MONTEZUMA,Players:Expansion2_Players::LEADER_MENELIK,Players:Expansion2_Players::LEADER_MVEMBA,Players:Expansion2_Players::LEADER_NADER_SHAH,Players:Expansion2_Players::LEADER_PACHACUTI,Players:Expansion2_Players::LEADER_POUNDMAKER,Players:Expansion2_Players::LEADER_PEDRO,Players:Expansion2_Players::LEADER_SHAKA,Players:Expansion2_Players::LEADER_QIN_ALT,Players:Expansion2_Players::LEADER_QIN,Players:Expansion2_Players::LEADER_JOAO_III,Players:Expansion2_Players::LEADER_SALADIN_ALT,Players:Expansion2_Players::LEADER_SALADIN,Players:Expansion2_Players::LEADER_SEONDEOK,Players:Expansion2_Players::LEADER_SEJONG,Players:Expansion2_Players::LEADER_SULEIMAN_ALT,Players:Expansion2_Players::LEADER_SULEIMAN,Players:Expansion2_Players::LEADER_TAMAR,Players:Expansion2_Players::LEADER_T_ROOSEVELT,Players:Expansion2_Players::LEADER_GITARJA,Players:Expansion2_Players::LEADER_TRAJAN,Players:Expansion2_Players::LEADER_TOMYRIS,Players:Expansion2_Players::LEADER_LAURIER,Players:Expansion2_Players::LEADER_WILHELMINA,Players:Expansion2_Players::LEADER_WILHELMINA_INLAND,Players:Expansion2_Players::LEADER_VICTORIA,Players:Expansion2_Players::LEADER_VICTORIA_ALT,Players:Expansion2_Players::LEADER_WU_ZETIAN,Players:Expansion2_Players::LEADER_SIMON_BOLIVAR,Players:Expansion2_Players::LEADER_MATTHIAS_CORVINUS,Players:Expansion2_Players::LEADER_JADWIGA,Players:Expansion2_Players::LEADER_ABRAHAM_LINCOLN,Players:Expansion2_Players::LEADER_ALEXANDER,Players:Expansion2_Players::LEADER_ELIZABETH,Players:Expansion2_Players::LEADER_YONGLE,Players:Expansion2_Players::LEADER_JOHN_CURTIN,Players:Expansion2_Players::LEADER_LADY_TRIEU
Config CONFIGURATION_PLAYER, Key LEADER_VALUE_DOMAIN (0xcdbd103d), subtype 1, changed to Players:Expansion2_Players
Config CONFIGURATION_PLAYER, Key CIVILIZATION_TYPE_NAME (0x9d5e5c2f), subtype 1, changed to CIVILIZATION_BABYLON_STK
Config CONFIGURATION_PLAYER, Key LEADER_NAME (0xf043351a), subtype 5, changed to null
Config CONFIGURATION_PLAYER, Key LEADER_TYPE_NAME (0xe8cd5e5f), subtype 5, changed to null
Config CONFIGURATION_PLAYER, Key LEADER_RANDOM_POOL_ID (0x402bf356), subtype 5, changed to 0x00000000
Config CONFIGURATION_PLAYER, Key LEADER_RANDOM_POOL_ID (0x402bf356), subtype 5, changed to 0
Config CONFIGURATION_PLAYER, Key LEADER_DOMAIN (0x4fe363bb), subtype 5, changed to Players:Expansion2_Players
Config CONFIGURATION_PLAYER, Key LEADER_VALUES (0xd2ed3156), subtype 5, changed to Players:*::RANDOM,Players:*::RANDOM_POOL1,Players:*::RANDOM_POOL2,Players:Expansion2_Players::LEADER_ELEANOR_FRANCE,Players:Expansion2_Players::LEADER_ELEANOR_ENGLAND,Players:Expansion2_Players::LEADER_AMBIORIX,Players:Expansion2_Players::LEADER_BASIL,Players:Expansion2_Players::LEADER_HOJO,Players:Expansion2_Players::LEADER_HOJO_INLAND,Players:Expansion2_Players::LEADER_PETER_GREAT,Players:Expansion2_Players::LEADER_PERICLES,Players:Expansion2_Players::LEADER_GENGHIS_KHAN,Players:Expansion2_Players::LEADER_TOKUGAWA,Players:Expansion2_Players::LEADER_THEODORA,Players:Expansion2_Players::LEADER_DIDO,Players:Expansion2_Players::LEADER_JAYAVARMAN,Players:Expansion2_Players::LEADER_NZINGA_MBANDE,Players:Expansion2_Players::LEADER_PHILIP_II,Players:Expansion2_Players::LEADER_PHILIP_II_INLAND,Players:Expansion2_Players::LEADER_BARBAROSSA,Players:Expansion2_Players::LEADER_GORGO,Players:Expansion2_Players::LEADER_HARDRADA,Players:Expansion2_Players::LEADER_HARALD_ALT,Players:Expansion2_Players::LEADER_KUBLAI_KHAN_MONGOLIA,Players:Expansion2_Players::LEADER_KUBLAI_KHAN_CHINA,Players:Expansion2_Players::LEADER_GILGAMESH,Players:Expansion2_Players::LEADER_CYRUS,Players:Expansion2_Players::LEADER_CATHERINE_DE_MEDICI,Players:Expansion2_Players::LEADER_CATHERINE_DE_MEDICI_ALT,Players:Expansion2_Players::LEADER_KRISTINA,Players:Expansion2_Players::LEADER_CLEOPATRA,Players:Expansion2_Players::LEADER_CLEOPATRA_ALT,Players:Expansion2_Players::LEADER_KUPE,Players:Expansion2_Players::LEADER_RAMSES,Players:Expansion2_Players::LEADER_LAUTARO,Players:Expansion2_Players::LEADER_LADY_SIX_SKY,Players:Expansion2_Players::LEADER_LUDWIG,Players:Expansion2_Players::LEADER_ROBERT_THE_BRUCE,Players:Expansion2_Players::LEADER_MONTEZUMA,Players:Expansion2_Players::LEADER_MENELIK,Players:Expansion2_Players::LEADER_MVEMBA,Players:Expansion2_Players::LEADER_NADER_SHAH,Players:Expansion2_Players::LEADER_PACHACUTI,Players:Expansion2_Players::LEADER_POUNDMAKER,Players:Expansion2_Players::LEADER_PEDRO,Players:Expansion2_Players::LEADER_SHAKA,Players:Expansion2_Players::LEADER_QIN_ALT,Players:Expansion2_Players::LEADER_QIN,Players:Expansion2_Players::LEADER_JOAO_III,Players:Expansion2_Players::LEADER_SALADIN_ALT,Players:Expansion2_Players::LEADER_SALADIN,Players:Expansion2_Players::LEADER_SEONDEOK,Players:Expansion2_Players::LEADER_SEJONG,Players:Expansion2_Players::LEADER_SULEIMAN_ALT,Players:Expansion2_Players::LEADER_SULEIMAN,Players:Expansion2_Players::LEADER_TAMAR,Players:Expansion2_Players::LEADER_T_ROOSEVELT,Players:Expansion2_Players::LEADER_GITARJA,Players:Expansion2_Players::LEADER_TRAJAN,Players:Expansion2_Players::LEADER_TOMYRIS,Players:Expansion2_Players::LEADER_LAURIER,Players:Expansion2_Players::LEADER_WILHELMINA,Players:Expansion2_Players::LEADER_WILHELMINA_INLAND,Players:Expansion2_Players::LEADER_VICTORIA,Players:Expansion2_Players::LEADER_VICTORIA_ALT,Players:Expansion2_Players::LEADER_WU_ZETIAN,Players:Expansion2_Players::LEADER_SIMON_BOLIVAR,Players:Expansion2_Players::LEADER_MATTHIAS_CORVINUS,Players:Expansion2_Players::LEADER_JADWIGA,Players:Expansion2_Players::LEADER_ABRAHAM_LINCOLN,Players:Expansion2_Players::LEADER_ALEXANDER,Players:Expansion2_Players::LEADER_ELIZABETH,Players:Expansion2_Players::LEADER_YONGLE,Players:Expansion2_Players::LEADER_JOHN_CURTIN,Players:Expansion2_Players::LEADER_LADY_TRIEU
Config CONFIGURATION_PLAYER, Key LEADER_VALUE_DOMAIN (0xcdbd103d), subtype 5, changed to Players:*
Config CONFIGURATION_PLAYER, Key LEADER_NAME (0xf043351a), subtype 6, changed to null
Config CONFIGURATION_PLAYER, Key LEADER_TYPE_NAME (0xe8cd5e5f), subtype 6, changed to null
Config CONFIGURATION_PLAYER, Key LEADER_RANDOM_POOL_ID (0x402bf356), subtype 6, changed to 0x00000000
Config CONFIGURATION_PLAYER, Key LEADER_RANDOM_POOL_ID (0x402bf356), subtype 6, changed to 0
Config CONFIGURATION_PLAYER, Key LEADER_DOMAIN (0x4fe363bb), subtype 6, changed to Players:Expansion2_Players
Config CONFIGURATION_PLAYER, Key LEADER_VALUES (0xd2ed3156), subtype 6, changed to Players:*::RANDOM,Players:*::RANDOM_POOL1,Players:*::RANDOM_POOL2,Players:Expansion2_Players::LEADER_ELEANOR_FRANCE,Players:Expansion2_Players::LEADER_ELEANOR_ENGLAND,Players:Expansion2_Players::LEADER_AMBIORIX,Players:Expansion2_Players::LEADER_BASIL,Players:Expansion2_Players::LEADER_HOJO,Players:Expansion2_Players::LEADER_HOJO_INLAND,Players:Expansion2_Players::LEADER_PETER_GREAT,Players:Expansion2_Players::LEADER_PERICLES,Players:Expansion2_Players::LEADER_GENGHIS_KHAN,Players:Expansion2_Players::LEADER_TOKUGAWA,Players:Expansion2_Players::LEADER_THEODORA,Players:Expansion2_Players::LEADER_DIDO,Players:Expansion2_Players::LEADER_JAYAVARMAN,Players:Expansion2_Players::LEADER_NZINGA_MBANDE,Players:Expansion2_Players::LEADER_PHILIP_II,Players:Expansion2_Players::LEADER_PHILIP_II_INLAND,Players:Expansion2_Players::LEADER_BARBAROSSA,Players:Expansion2_Players::LEADER_GORGO,Players:Expansion2_Players::LEADER_HARDRADA,Players:Expansion2_Players::LEADER_HARALD_ALT,Players:Expansion2_Players::LEADER_KUBLAI_KHAN_MONGOLIA,Players:Expansion2_Players::LEADER_KUBLAI_KHAN_CHINA,Players:Expansion2_Players::LEADER_GILGAMESH,Players:Expansion2_Players::LEADER_CYRUS,Players:Expansion2_Players::LEADER_CATHERINE_DE_MEDICI,Players:Expansion2_Players::LEADER_CATHERINE_DE_MEDICI_ALT,Players:Expansion2_Players::LEADER_KRISTINA,Players:Expansion2_Players::LEADER_CLEOPATRA,Players:Expansion2_Players::LEADER_CLEOPATRA_ALT,Players:Expansion2_Players::LEADER_KUPE,Players:Expansion2_Players::LEADER_RAMSES,Players:Expansion2_Players::LEADER_LAUTARO,Players:Expansion2_Players::LEADER_LADY_SIX_SKY,Players:Expansion2_Players::LEADER_LUDWIG,Players:Expansion2_Players::LEADER_ROBERT_THE_BRUCE,Players:Expansion2_Players::LEADER_MONTEZUMA,Players:Expansion2_Players::LEADER_MENELIK,Players:Expansion2_Players::LEADER_MVEMBA,Players:Expansion2_Players::LEADER_NADER_SHAH,Players:Expansion2_Players::LEADER_PACHACUTI,Players:Expansion2_Players::LEADER_POUNDMAKER,Players:Expansion2_Players::LEADER_PEDRO,Players:Expansion2_Players::LEADER_SHAKA,Players:Expansion2_Players::LEADER_QIN_ALT,Players:Expansion2_Players::LEADER_QIN,Players:Expansion2_Players::LEADER_JOAO_III,Players:Expansion2_Players::LEADER_SALADIN_ALT,Players:Expansion2_Players::LEADER_SALADIN,Players:Expansion2_Players::LEADER_SEONDEOK,Players:Expansion2_Players::LEADER_SEJONG,Players:Expansion2_Players::LEADER_SULEIMAN_ALT,Players:Expansion2_Players::LEADER_SULEIMAN,Players:Expansion2_Players::LEADER_TAMAR,Players:Expansion2_Players::LEADER_T_ROOSEVELT,Players:Expansion2_Players::LEADER_GITARJA,Players:Expansion2_Players::LEADER_TRAJAN,Players:Expansion2_Players::LEADER_TOMYRIS,Players:Expansion2_Players::LEADER_LAURIER,Players:Expansion2_Players::LEADER_WILHELMINA,Players:Expansion2_Players::LEADER_WILHELMINA_INLAND,Players:Expansion2_Players::LEADER_VICTORIA,Players:Expansion2_Players::LEADER_VICTORIA_ALT,Players:Expansion2_Players::LEADER_WU_ZETIAN,Players:Expansion2_Players::LEADER_SIMON_BOLIVAR,Players:Expansion2_Players::LEADER_MATTHIAS_CORVINUS,Players:Expansion2_Players::LEADER_JADWIGA,Players:Expansion2_Players::LEADER_ABRAHAM_LINCOLN,Players:Expansion2_Players::LEADER_ALEXANDER,Players:Expansion2_Players::LEADER_ELIZABETH,Players:Expansion2_Players::LEADER_YONGLE,Players:Expansion2_Players::LEADER_JOHN_CURTIN,Players:Expansion2_Players::LEADER_LADY_TRIEU
Config CONFIGURATION_PLAYER, Key LEADER_VALUE_DOMAIN (0xcdbd103d), subtype 6, changed to Players:*
Config CONFIGURATION_PLAYER, Key LEADER_NAME (0xf043351a), subtype 7, changed to null
Config CONFIGURATION_PLAYER, Key LEADER_TYPE_NAME (0xe8cd5e5f), subtype 7, changed to null
Config CONFIGURATION_PLAYER, Key LEADER_RANDOM_POOL_ID (0x402bf356), subtype 7, changed to 0x00000000
Config CONFIGURATION_PLAYER, Key LEADER_RANDOM_POOL_ID (0x402bf356), subtype 7, changed to 0
Config CONFIGURATION_PLAYER, Key LEADER_DOMAIN (0x4fe363bb), subtype 7, changed to Players:Expansion2_Players
Config CONFIGURATION_PLAYER, Key LEADER_VALUES (0xd2ed3156), subtype 7, changed to Players:*::RANDOM,Players:*::RANDOM_POOL1,Players:*::RANDOM_POOL2,Players:Expansion2_Players::LEADER_ELEANOR_FRANCE,Players:Expansion2_Players::LEADER_ELEANOR_ENGLAND,Players:Expansion2_Players::LEADER_AMBIORIX,Players:Expansion2_Players::LEADER_BASIL,Players:Expansion2_Players::LEADER_HOJO,Players:Expansion2_Players::LEADER_HOJO_INLAND,Players:Expansion2_Players::LEADER_PETER_GREAT,Players:Expansion2_Players::LEADER_PERICLES,Players:Expansion2_Players::LEADER_GENGHIS_KHAN,Players:Expansion2_Players::LEADER_TOKUGAWA,Players:Expansion2_Players::LEADER_THEODORA,Players:Expansion2_Players::LEADER_DIDO,Players:Expansion2_Players::LEADER_JAYAVARMAN,Players:Expansion2_Players::LEADER_NZINGA_MBANDE,Players:Expansion2_Players::LEADER_PHILIP_II,Players:Expansion2_Players::LEADER_PHILIP_II_INLAND,Players:Expansion2_Players::LEADER_BARBAROSSA,Players:Expansion2_Players::LEADER_GORGO,Players:Expansion2_Players::LEADER_HARDRADA,Players:Expansion2_Players::LEADER_HARALD_ALT,Players:Expansion2_Players::LEADER_KUBLAI_KHAN_MONGOLIA,Players:Expansion2_Players::LEADER_KUBLAI_KHAN_CHINA,Players:Expansion2_Players::LEADER_GILGAMESH,Players:Expansion2_Players::LEADER_CYRUS,Players:Expansion2_Players::LEADER_CATHERINE_DE_MEDICI,Players:Expansion2_Players::LEADER_CATHERINE_DE_MEDICI_ALT,Players:Expansion2_Players::LEADER_KRISTINA,Players:Expansion2_Players::LEADER_CLEOPATRA,Players:Expansion2_Players::LEADER_CLEOPATRA_ALT,Players:Expansion2_Players::LEADER_KUPE,Players:Expansion2_Players::LEADER_RAMSES,Players:Expansion2_Players::LEADER_LAUTARO,Players:Expansion2_Players::LEADER_LADY_SIX_SKY,Players:Expansion2_Players::LEADER_LUDWIG,Players:Expansion2_Players::LEADER_ROBERT_THE_BRUCE,Players:Expansion2_Players::LEADER_MONTEZUMA,Players:Expansion2_Players::LEADER_MENELIK,Players:Expansion2_Players::LEADER_MVEMBA,Players:Expansion2_Players::LEADER_NADER_SHAH,Players:Expansion2_Players::LEADER_PACHACUTI,Players:Expansion2_Players::LEADER_POUNDMAKER,Players:Expansion2_Players::LEADER_PEDRO,Players:Expansion2_Players::LEADER_SHAKA,Players:Expansion2_Players::LEADER_QIN_ALT,Players:Expansion2_Players::LEADER_QIN,Players:Expansion2_Players::LEADER_JOAO_III,Players:Expansion2_Players::LEADER_SALADIN_ALT,Players:Expansion2_Players::LEADER_SALADIN,Players:Expansion2_Players::LEADER_SEONDEOK,Players:Expansion2_Players::LEADER_SEJONG,Players:Expansion2_Players::LEADER_SULEIMAN_ALT,Players:Expansion2_Players::LEADER_SULEIMAN,Players:Expansion2_Players::LEADER_TAMAR,Players:Expansion2_Players::LEADER_T_ROOSEVELT,Players:Expansion2_Players::LEADER_GITARJA,Players:Expansion2_Players::LEADER_TRAJAN,Players:Expansion2_Players::LEADER_TOMYRIS,Players:Expansion2_Players::LEADER_LAURIER,Players:Expansion2_Players::LEADER_WILHELMINA,Players:Expansion2_Players::LEADER_WILHELMINA_INLAND,Players:Expansion2_Players::LEADER_VICTORIA,Players:Expansion2_Players::LEADER_VICTORIA_ALT,Players:Expansion2_Players::LEADER_WU_ZETIAN,Players:Expansion2_Players::LEADER_SIMON_BOLIVAR,Players:Expansion2_Players::LEADER_MATTHIAS_CORVINUS,Players:Expansion2_Players::LEADER_JADWIGA,Players:Expansion2_Players::LEADER_ABRAHAM_LINCOLN,Players:Expansion2_Players::LEADER_ALEXANDER,Players:Expansion2_Players::LEADER_ELIZABETH,Players:Expansion2_Players::LEADER_YONGLE,Players:Expansion2_Players::LEADER_JOHN_CURTIN,Players:Expansion2_Players::LEADER_LADY_TRIEU
Config CONFIGURATION_PLAYER, Key LEADER_VALUE_DOMAIN (0xcdbd103d), subtype 7, changed to Players:*
Config CONFIGURATION_PLAYER, Key LEADER_NAME (0xf043351a), subtype 8, changed to null
Config CONFIGURATION_PLAYER, Key LEADER_TYPE_NAME (0xe8cd5e5f), subtype 8, changed to null
Config CONFIGURATION_PLAYER, Key LEADER_RANDOM_POOL_ID (0x402bf356), subtype 8, changed to 0x00000000
Config CONFIGURATION_PLAYER, Key LEADER_RANDOM_POOL_ID (0x402bf356), subtype 8, changed to 0
Config CONFIGURATION_PLAYER, Key LEADER_DOMAIN (0x4fe363bb), subtype 8, changed to Players:Expansion2_Players
Config CONFIGURATION_PLAYER, Key LEADER_VALUES (0xd2ed3156), subtype 8, changed to Players:*::RANDOM,Players:*::RANDOM_POOL1,Players:*::RANDOM_POOL2,Players:Expansion2_Players::LEADER_ELEANOR_FRANCE,Players:Expansion2_Players::LEADER_ELEANOR_ENGLAND,Players:Expansion2_Players::LEADER_AMBIORIX,Players:Expansion2_Players::LEADER_BASIL,Players:Expansion2_Players::LEADER_HOJO,Players:Expansion2_Players::LEADER_HOJO_INLAND,Players:Expansion2_Players::LEADER_PETER_GREAT,Players:Expansion2_Players::LEADER_PERICLES,Players:Expansion2_Players::LEADER_GENGHIS_KHAN,Players:Expansion2_Players::LEADER_TOKUGAWA,Players:Expansion2_Players::LEADER_THEODORA,Players:Expansion2_Players::LEADER_DIDO,Players:Expansion2_Players::LEADER_JAYAVARMAN,Players:Expansion2_Players::LEADER_NZINGA_MBANDE,Players:Expansion2_Players::LEADER_PHILIP_II,Players:Expansion2_Players::LEADER_PHILIP_II_INLAND,Players:Expansion2_Players::LEADER_BARBAROSSA,Players:Expansion2_Players::LEADER_GORGO,Players:Expansion2_Players::LEADER_HARDRADA,Players:Expansion2_Players::LEADER_HARALD_ALT,Players:Expansion2_Players::LEADER_KUBLAI_KHAN_MONGOLIA,Players:Expansion2_Players::LEADER_KUBLAI_KHAN_CHINA,Players:Expansion2_Players::LEADER_GILGAMESH,Players:Expansion2_Players::LEADER_CYRUS,Players:Expansion2_Players::LEADER_CATHERINE_DE_MEDICI,Players:Expansion2_Players::LEADER_CATHERINE_DE_MEDICI_ALT,Players:Expansion2_Players::LEADER_KRISTINA,Players:Expansion2_Players::LEADER_CLEOPATRA,Players:Expansion2_Players::LEADER_CLEOPATRA_ALT,Players:Expansion2_Players::LEADER_KUPE,Players:Expansion2_Players::LEADER_RAMSES,Players:Expansion2_Players::LEADER_LAUTARO,Players:Expansion2_Players::LEADER_LADY_SIX_SKY,Players:Expansion2_Players::LEADER_LUDWIG,Players:Expansion2_Players::LEADER_ROBERT_THE_BRUCE,Players:Expansion2_Players::LEADER_MONTEZUMA,Players:Expansion2_Players::LEADER_MENELIK,Players:Expansion2_Players::LEADER_MVEMBA,Players:Expansion2_Players::LEADER_NADER_SHAH,Players:Expansion2_Players::LEADER_PACHACUTI,Players:Expansion2_Players::LEADER_POUNDMAKER,Players:Expansion2_Players::LEADER_PEDRO,Players:Expansion2_Players::LEADER_SHAKA,Players:Expansion2_Players::LEADER_QIN_ALT,Players:Expansion2_Players::LEADER_QIN,Players:Expansion2_Players::LEADER_JOAO_III,Players:Expansion2_Players::LEADER_SALADIN_ALT,Players:Expansion2_Players::LEADER_SALADIN,Players:Expansion2_Players::LEADER_SEONDEOK,Players:Expansion2_Players::LEADER_SEJONG,Players:Expansion2_Players::LEADER_SULEIMAN_ALT,Players:Expansion2_Players::LEADER_SULEIMAN,Players:Expansion2_Players::LEADER_TAMAR,Players:Expansion2_Players::LEADER_T_ROOSEVELT,Players:Expansion2_Players::LEADER_GITARJA,Players:Expansion2_Players::LEADER_TRAJAN,Players:Expansion2_Players::LEADER_TOMYRIS,Players:Expansion2_Players::LEADER_LAURIER,Players:Expansion2_Players::LEADER_WILHELMINA,Players:Expansion2_Players::LEADER_WILHELMINA_INLAND,Players:Expansion2_Players::LEADER_VICTORIA,Players:Expansion2_Players::LEADER_VICTORIA_ALT,Players:Expansion2_Players::LEADER_WU_ZETIAN,Players:Expansion2_Players::LEADER_SIMON_BOLIVAR,Players:Expansion2_Players::LEADER_MATTHIAS_CORVINUS,Players:Expansion2_Players::LEADER_JADWIGA,Players:Expansion2_Players::LEADER_ABRAHAM_LINCOLN,Players:Expansion2_Players::LEADER_ALEXANDER,Players:Expansion2_Players::LEADER_ELIZABETH,Players:Expansion2_Players::LEADER_YONGLE,Players:Expansion2_Players::LEADER_JOHN_CURTIN,Players:Expansion2_Players::LEADER_LADY_TRIEU
Config CONFIGURATION_PLAYER, Key LEADER_VALUE_DOMAIN (0xcdbd103d), subtype 8, changed to Players:*
Config CONFIGURATION_PLAYER, Key LEADER_NAME (0xf043351a), subtype 9, changed to null
Config CONFIGURATION_PLAYER, Key LEADER_TYPE_NAME (0xe8cd5e5f), subtype 9, changed to null
Config CONFIGURATION_PLAYER, Key LEADER_RANDOM_POOL_ID (0x402bf356), subtype 9, changed to 0x00000000
Config CONFIGURATION_PLAYER, Key LEADER_RANDOM_POOL_ID (0x402bf356), subtype 9, changed to 0
Config CONFIGURATION_PLAYER, Key LEADER_DOMAIN (0x4fe363bb), subtype 9, changed to Players:Expansion2_Players
Config CONFIGURATION_PLAYER, Key LEADER_VALUES (0xd2ed3156), subtype 9, changed to Players:*::RANDOM,Players:*::RANDOM_POOL1,Players:*::RANDOM_POOL2,Players:Expansion2_Players::LEADER_ELEANOR_FRANCE,Players:Expansion2_Players::LEADER_ELEANOR_ENGLAND,Players:Expansion2_Players::LEADER_AMBIORIX,Players:Expansion2_Players::LEADER_BASIL,Players:Expansion2_Players::LEADER_HOJO,Players:Expansion2_Players::LEADER_HOJO_INLAND,Players:Expansion2_Players::LEADER_PETER_GREAT,Players:Expansion2_Players::LEADER_PERICLES,Players:Expansion2_Players::LEADER_GENGHIS_KHAN,Players:Expansion2_Players::LEADER_TOKUGAWA,Players:Expansion2_Players::LEADER_THEODORA,Players:Expansion2_Players::LEADER_DIDO,Players:Expansion2_Players::LEADER_JAYAVARMAN,Players:Expansion2_Players::LEADER_NZINGA_MBANDE,Players:Expansion2_Players::LEADER_PHILIP_II,Players:Expansion2_Players::LEADER_PHILIP_II_INLAND,Players:Expansion2_Players::LEADER_BARBAROSSA,Players:Expansion2_Players::LEADER_GORGO,Players:Expansion2_Players::LEADER_HARDRADA,Players:Expansion2_Players::LEADER_HARALD_ALT,Players:Expansion2_Players::LEADER_KUBLAI_KHAN_MONGOLIA,Players:Expansion2_Players::LEADER_KUBLAI_KHAN_CHINA,Players:Expansion2_Players::LEADER_GILGAMESH,Players:Expansion2_Players::LEADER_CYRUS,Players:Expansion2_Players::LEADER_CATHERINE_DE_MEDICI,Players:Expansion2_Players::LEADER_CATHERINE_DE_MEDICI_ALT,Players:Expansion2_Players::LEADER_KRISTINA,Players:Expansion2_Players::LEADER_CLEOPATRA,Players:Expansion2_Players::LEADER_CLEOPATRA_ALT,Players:Expansion2_Players::LEADER_KUPE,Players:Expansion2_Players::LEADER_RAMSES,Players:Expansion2_Players::LEADER_LAUTARO,Players:Expansion2_Players::LEADER_LADY_SIX_SKY,Players:Expansion2_Players::LEADER_LUDWIG,Players:Expansion2_Players::LEADER_ROBERT_THE_BRUCE,Players:Expansion2_Players::LEADER_MONTEZUMA,Players:Expansion2_Players::LEADER_MENELIK,Players:Expansion2_Players::LEADER_MVEMBA,Players:Expansion2_Players::LEADER_NADER_SHAH,Players:Expansion2_Players::LEADER_PACHACUTI,Players:Expansion2_Players::LEADER_POUNDMAKER,Players:Expansion2_Players::LEADER_PEDRO,Players:Expansion2_Players::LEADER_SHAKA,Players:Expansion2_Players::LEADER_QIN_ALT,Players:Expansion2_Players::LEADER_QIN,Players:Expansion2_Players::LEADER_JOAO_III,Players:Expansion2_Players::LEADER_SALADIN_ALT,Players:Expansion2_Players::LEADER_SALADIN,Players:Expansion2_Players::LEADER_SEONDEOK,Players:Expansion2_Players::LEADER_SEJONG,Players:Expansion2_Players::LEADER_SULEIMAN_ALT,Players:Expansion2_Players::LEADER_SULEIMAN,Players:Expansion2_Players::LEADER_TAMAR,Players:Expansion2_Players::LEADER_T_ROOSEVELT,Players:Expansion2_Players::LEADER_GITARJA,Players:Expansion2_Players::LEADER_TRAJAN,Players:Expansion2_Players::LEADER_TOMYRIS,Players:Expansion2_Players::LEADER_LAURIER,Players:Expansion2_Players::LEADER_WILHELMINA,Players:Expansion2_Players::LEADER_WILHELMINA_INLAND,Players:Expansion2_Players::LEADER_VICTORIA,Players:Expansion2_Players::LEADER_VICTORIA_ALT,Players:Expansion2_Players::LEADER_WU_ZETIAN,Players:Expansion2_Players::LEADER_SIMON_BOLIVAR,Players:Expansion2_Players::LEADER_MATTHIAS_CORVINUS,Players:Expansion2_Players::LEADER_JADWIGA,Players:Expansion2_Players::LEADER_ABRAHAM_LINCOLN,Players:Expansion2_Players::LEADER_ALEXANDER,Players:Expansion2_Players::LEADER_ELIZABETH,Players:Expansion2_Players::LEADER_YONGLE,Players:Expansion2_Players::LEADER_JOHN_CURTIN,Players:Expansion2_Players::LEADER_LADY_TRIEU
Config CONFIGURATION_PLAYER, Key LEADER_VALUE_DOMAIN (0xcdbd103d), subtype 9, changed to Players:*
Pre-resolved Configuration
{"PLAYER_33":{"type":"dvt_TypedVariantMap","value":{"PLAYER_ID":{"type":"dvt_Int32","value":33},"MAP_PINS":{"type":"dvt_TypedVariantMap","value":{}},"READY_STATUS":{"type":"dvt_Bool","value":false},"SLOT_STATUS":{"type":"dvt_Int32","value":2},"CONFIGURATION_TYPE":{"type":"dvt_UInt32","value":1697843344}}},"PLAYER_37":{"type":"dvt_TypedVariantMap","value":{"PLAYER_ID":{"type":"dvt_Int32","value":37},"MAP_PINS":{"type":"dvt_TypedVariantMap","value":{}},"READY_STATUS":{"type":"dvt_Bool","value":false},"SLOT_STATUS":{"type":"dvt_Int32","value":2},"CONFIGURATION_TYPE":{"type":"dvt_UInt32","value":1697843344}}},"PLAYER_62":{"type":"dvt_TypedVariantMap","value":{"PLAYER_ID":{"type":"dvt_Int32","value":62},"MAP_PINS":{"type":"dvt_TypedVariantMap","value":{}},"READY_STATUS":{"type":"dvt_Bool","value":false},"SLOT_STATUS":{"type":"dvt_Int32","value":2},"CONFIGURATION_TYPE":{"type":"dvt_UInt32","value":1697843344}}},"PLAYER_1":{"type":"dvt_TypedVariantMap","value":{"TEAM":{"type":"dvt_Int32","value":0},"PLAYER_ID":{"type":"dvt_Int32","value":1},"LEADER_DOMAIN":{"type":"dvt_char8","value":"Players:Expansion2_Players"},"MAP_PINS":{"type":"dvt_TypedVariantMap","value":{}},"IS_ALIVE":{"type":"dvt_Bool","value":true},"HOTSEAT_PASSWORD":{"type":"dvt_char8","value":""},"WANTS_PAUSE":{"type":"dvt_Bool","value":false},"CIVILIZATION_LEVEL_TYPE_ID":{"type":"dvt_UInt32","value":624367792},"NETWORK_NAME":{"type":"dvt_char8","value":"ZYL@76561199003168956"},"CIVILIZATION_TYPE_NAME":{"type":"dvt_char8","value":"CIVILIZATION_BABYLON_STK"},"READY_STATUS":{"type":"dvt_Bool","value":true},"CIVILIZATION_TYPE_ID":{"type":"dvt_Int32","value":1770109778},"CIVILIZATION_LEVEL_TYPE_NAME":{"type":"dvt_char8","value":"CIVILIZATION_LEVEL_FULL_CIV"},"LEADER_VALUE_DOMAIN":{"type":"dvt_char8","value":"Players:Expansion2_Players"},"IS_LOCKED":{"type":"dvt_Int32","value":0},"SLOT_STATUS":{"type":"dvt_Int32","value":3},"PLAYER_COLOR_ALTERNATE":{"type":"dvt_Int32","value":0},"CONFIGURATION_TYPE":{"type":"dvt_UInt32","value":1697843344},"LEADER_VALUES":{"type":"dvt_char8","value":"Players:*::RANDOM,Players:*::RANDOM_POOL1,Players:*::RANDOM_POOL2,Players:Expansion2_Players::LEADER_ELEANOR_FRANCE,Players:Expansion2_Players::LEADER_ELEANOR_ENGLAND,Players:Expansion2_Players::LEADER_AMBIORIX,Players:Expansion2_Players::LEADER_BASIL,Players:Expansion2_Players::LEADER_HOJO,Players:Expansion2_Players::LEADER_HOJO_INLAND,Players:Expansion2_Players::LEADER_PETER_GREAT,Players:Expansion2_Players::LEADER_PERICLES,Players:Expansion2_Players::LEADER_GENGHIS_KHAN,Players:Expansion2_Players::LEADER_TOKUGAWA,Players:Expansion2_Players::LEADER_THEODORA,Players:Expansion2_Players::LEADER_DIDO,Players:Expansion2_Players::LEADER_JAYAVARMAN,Players:Expansion2_Players::LEADER_NZINGA_MBANDE,Players:Expansion2_Players::LEADER_PHILIP_II,Players:Expansion2_Players::LEADER_PHILIP_II_INLAND,Players:Expansion2_Players::LEADER_BARBAROSSA,Players:Expansion2_Players::LEADER_GORGO,Players:Expansion2_Players::LEADER_HARDRADA,Players:Expansion2_Players::LEADER_HARALD_ALT,Players:Expansion2_Players::LEADER_HAMMURABI,Players:Expansion2_Players::LEADER_KUBLAI_KHAN_MONGOLIA,Players:Expansion2_Players::LEADER_KUBLAI_KHAN_CHINA,Players:Expansion2_Players::LEADER_GILGAMESH,Players:Expansion2_Players::LEADER_CYRUS,Players:Expansion2_Players::LEADER_CATHERINE_DE_MEDICI,Players:Expansion2_Players::LEADER_CATHERINE_DE_MEDICI_ALT,Players:Expansion2_Players::LEADER_KRISTINA,Players:Expansion2_Players::LEADER_CLEOPATRA,Players:Expansion2_Players::LEADER_CLEOPATRA_ALT,Players:Expansion2_Players::LEADER_KUPE,Players:Expansion2_Players::LEADER_RAMSES,Players:Expansion2_Players::LEADER_LAUTARO,Players:Expansion2_Players::LEADER_LADY_SIX_SKY,Players:Expansion2_Players::LEADER_LUDWIG,Players:Expansion2_Players::LEADER_ROBERT_THE_BRUCE,Players:Expansion2_Players::LEADER_MONTEZUMA,Players:Expansion2_Players::LEADER_MENELIK,Players:Expansion2_Players::LEADER_MVEMBA,Players:Expansion2_Players::LEADER_NADER_SHAH,Players:Expansion2_Players::LEADER_PACHACUTI,Players:Expansion2_Players::LEADER_POUNDMAKER,Players:Expansion2_Players::LEADER_PEDRO,Players:Expansion2_Players::LEADER_SHAKA,Players:Expansion2_Players::LEADER_QIN_ALT,Players:Expansion2_Players::LEADER_QIN,Players:Expansion2_Players::LEADER_JOAO_III,Players:Expansion2_Players::LEADER_SALADIN_ALT,Players:Expansion2_Players::LEADER_SALADIN,Players:Expansion2_Players::LEADER_SEONDEOK,Players:Expansion2_Players::LEADER_SEJONG,Players:Expansion2_Players::LEADER_SULEIMAN_ALT,Players:Expansion2_Players::LEADER_SULEIMAN,Players:Expansion2_Players::LEADER_TAMAR,Players:Expansion2_Players::LEADER_T_ROOSEVELT,Players:Expansion2_Players::LEADER_GITARJA,Players:Expansion2_Players::LEADER_TRAJAN,Players:Expansion2_Players::LEADER_TOMYRIS,Players:Expansion2_Players::LEADER_LAURIER,Players:Expansion2_Players::LEADER_WILHELMINA,Players:Expansion2_Players::LEADER_WILHELMINA_INLAND,Players:Expansion2_Players::LEADER_VICTORIA,Players:Expansion2_Players::LEADER_VICTORIA_ALT,Players:Expansion2_Players::LEADER_WU_ZETIAN,Players:Expansion2_Players::LEADER_SIMON_BOLIVAR,Players:Expansion2_Players::LEADER_MATTHIAS_CORVINUS,Players:Expansion2_Players::LEADER_JADWIGA,Players:Expansion2_Players::LEADER_ABRAHAM_LINCOLN,Players:Expansion2_Players::LEADER_ALEXANDER,Players:Expansion2_Players::LEADER_ELIZABETH,Players:Expansion2_Players::LEADER_YONGLE,Players:Expansion2_Players::LEADER_JOHN_CURTIN,Players:Expansion2_Players::LEADER_LADY_TRIEU"},"NICK_NAME":{"type":"dvt_char8","value":"ZYL"},"LEADER_TYPE_ID":{"type":"dvt_UInt32","value":963386021},"LEADER_TYPE_NAME":{"type":"dvt_char8","value":"LEADER_HAMMURABI"},"LEADER_NAME":{"type":"dvt_char8","value":"LOC_LEADER_HAMMURABI_NAME"},"HANDICAP_TYPE_ID":{"type":"dvt_UInt32","value":4115014831},"MOD_READY_STATUS":{"type":"dvt_Bool","value":true}}},"PLAYER_5":{"type":"dvt_TypedVariantMap","value":{"TEAM":{"type":"dvt_Int32","value":1},"PLAYER_ID":{"type":"dvt_Int32","value":5},"LEADER_RANDOM_POOL_ID":{"type":"dvt_Int32","value":0},"LEADER_DOMAIN":{"type":"dvt_char8","value":"Players:Expansion2_Players"},"MAP_PINS":{"type":"dvt_TypedVariantMap","value":{}},"IS_ALIVE":{"type":"dvt_Bool","value":true},"HOTSEAT_PASSWORD":{"type":"dvt_char8","value":""},"CIVILIZATION_LEVEL_TYPE_ID":{"type":"dvt_UInt32","value":624367792},"READY_STATUS":{"type":"dvt_Bool","value":false},"CIVILIZATION_LEVEL_TYPE_NAME":{"type":"dvt_char8","value":"CIVILIZATION_LEVEL_FULL_CIV"},"LEADER_VALUE_DOMAIN":{"type":"dvt_char8","value":"Players:*"},"IS_LOCKED":{"type":"dvt_Int32","value":0},"SLOT_STATUS":{"type":"dvt_Int32","value":1},"CONFIGURATION_TYPE":{"type":"dvt_UInt32","value":1697843344},"LEADER_VALUES":{"type":"dvt_char8","value":"Players:*::RANDOM,Players:*::RANDOM_POOL1,Players:*::RANDOM_POOL2,Players:Expansion2_Players::LEADER_ELEANOR_FRANCE,Players:Expansion2_Players::LEADER_ELEANOR_ENGLAND,Players:Expansion2_Players::LEADER_AMBIORIX,Players:Expansion2_Players::LEADER_BASIL,Players:Expansion2_Players::LEADER_HOJO,Players:Expansion2_Players::LEADER_HOJO_INLAND,Players:Expansion2_Players::LEADER_PETER_GREAT,Players:Expansion2_Players::LEADER_PERICLES,Players:Expansion2_Players::LEADER_GENGHIS_KHAN,Players:Expansion2_Players::LEADER_TOKUGAWA,Players:Expansion2_Players::LEADER_THEODORA,Players:Expansion2_Players::LEADER_DIDO,Players:Expansion2_Players::LEADER_JAYAVARMAN,Players:Expansion2_Players::LEADER_NZINGA_MBANDE,Players:Expansion2_Players::LEADER_PHILIP_II,Players:Expansion2_Players::LEADER_PHILIP_II_INLAND,Players:Expansion2_Players::LEADER_BARBAROSSA,Players:Expansion2_Players::LEADER_GORGO,Players:Expansion2_Players::LEADER_HARDRADA,Players:Expansion2_Players::LEADER_HARALD_ALT,Players:Expansion2_Players::LEADER_KUBLAI_KHAN_MONGOLIA,Players:Expansion2_Players::LEADER_KUBLAI_KHAN_CHINA,Players:Expansion2_Players::LEADER_GILGAMESH,Players:Expansion2_Players::LEADER_CYRUS,Players:Expansion2_Players::LEADER_CATHERINE_DE_MEDICI,Players:Expansion2_Players::LEADER_CATHERINE_DE_MEDICI_ALT,Players:Expansion2_Players::LEADER_KRISTINA,Players:Expansion2_Players::LEADER_CLEOPATRA,Players:Expansion2_Players::LEADER_CLEOPATRA_ALT,Players:Expansion2_Players::LEADER_KUPE,Players:Expansion2_Players::LEADER_RAMSES,Players:Expansion2_Players::LEADER_LAUTARO,Players:Expansion2_Players::LEADER_LADY_SIX_SKY,Players:Expansion2_Players::LEADER_LUDWIG,Players:Expansion2_Players::LEADER_ROBERT_THE_BRUCE,Players:Expansion2_Players::LEADER_MONTEZUMA,Players:Expansion2_Players::LEADER_MENELIK,Players:Expansion2_Players::LEADER_MVEMBA,Players:Expansion2_Players::LEADER_NADER_SHAH,Players:Expansion2_Players::LEADER_PACHACUTI,Players:Expansion2_Players::LEADER_POUNDMAKER,Players:Expansion2_Players::LEADER_PEDRO,Players:Expansion2_Players::LEADER_SHAKA,Players:Expansion2_Players::LEADER_QIN_ALT,Players:Expansion2_Players::LEADER_QIN,Players:Expansion2_Players::LEADER_JOAO_III,Players:Expansion2_Players::LEADER_SALADIN_ALT,Players:Expansion2_Players::LEADER_SALADIN,Players:Expansion2_Players::LEADER_SEONDEOK,Players:Expansion2_Players::LEADER_SEJONG,Players:Expansion2_Players::LEADER_SULEIMAN_ALT,Players:Expansion2_Players::LEADER_SULEIMAN,Players:Expansion2_Players::LEADER_TAMAR,Players:Expansion2_Players::LEADER_T_ROOSEVELT,Players:Expansion2_Players::LEADER_GITARJA,Players:Expansion2_Players::LEADER_TRAJAN,Players:Expansion2_Players::LEADER_TOMYRIS,Players:Expansion2_Players::LEADER_LAURIER,Players:Expansion2_Players::LEADER_WILHELMINA,Players:Expansion2_Players::LEADER_WILHELMINA_INLAND,Players:Expansion2_Players::LEADER_VICTORIA,Players:Expansion2_Players::LEADER_VICTORIA_ALT,Players:Expansion2_Players::LEADER_WU_ZETIAN,Players:Expansion2_Players::LEADER_SIMON_BOLIVAR,Players:Expansion2_Players::LEADER_MATTHIAS_CORVINUS,Players:Expansion2_Players::LEADER_JADWIGA,Players:Expansion2_Players::LEADER_ABRAHAM_LINCOLN,Players:Expansion2_Players::LEADER_ALEXANDER,Players:Expansion2_Players::LEADER_ELIZABETH,Players:Expansion2_Players::LEADER_YONGLE,Players:Expansion2_Players::LEADER_JOHN_CURTIN,Players:Expansion2_Players::LEADER_LADY_TRIEU"},"LEADER_TYPE_ID":{"type":"dvt_UInt32","value":4294967295},"LEADER_TYPE_NAME":{"type":"dvt_char8","value":""},"LEADER_NAME":{"type":"dvt_char8","value":""},"HANDICAP_TYPE_ID":{"type":"dvt_Int32","value":-1874486710},"MOD_READY_STATUS":{"type":"dvt_Bool","value":false}}},"PLAYER_23":{"type":"dvt_TypedVariantMap","value":{"PLAYER_ID":{"type":"dvt_Int32","value":23},"MAP_PINS":{"type":"dvt_TypedVariantMap","value":{}},"READY_STATUS":{"type":"dvt_Bool","value":false},"SLOT_STATUS":{"type":"dvt_Int32","value":2},"CONFIGURATION_TYPE":{"type":"dvt_UInt32","value":1697843344}}},"PLAYER_9":{"type":"dvt_TypedVariantMap","value":{"TEAM":{"type":"dvt_Int32","value":1},"PLAYER_ID":{"type":"dvt_Int32","value":9},"LEADER_RANDOM_POOL_ID":{"type":"dvt_Int32","value":0},"LEADER_DOMAIN":{"type":"dvt_char8","value":"Players:Expansion2_Players"},"MAP_PINS":{"type":"dvt_TypedVariantMap","value":{}},"IS_ALIVE":{"type":"dvt_Bool","value":true},"HOTSEAT_PASSWORD":{"type":"dvt_char8","value":""},"CIVILIZATION_LEVEL_TYPE_ID":{"type":"dvt_UInt32","value":624367792},"READY_STATUS":{"type":"dvt_Bool","value":false},"CIVILIZATION_LEVEL_TYPE_NAME":{"type":"dvt_char8","value":"CIVILIZATION_LEVEL_FULL_CIV"},"LEADER_VALUE_DOMAIN":{"type":"dvt_char8","value":"Players:*"},"IS_LOCKED":{"type":"dvt_Int32","value":0},"SLOT_STATUS":{"type":"dvt_Int32","value":1},"CONFIGURATION_TYPE":{"type":"dvt_UInt32","value":1697843344},"LEADER_VALUES":{"type":"dvt_char8","value":"Players:*::RANDOM,Players:*::RANDOM_POOL1,Players:*::RANDOM_POOL2,Players:Expansion2_Players::LEADER_ELEANOR_FRANCE,Players:Expansion2_Players::LEADER_ELEANOR_ENGLAND,Players:Expansion2_Players::LEADER_AMBIORIX,Players:Expansion2_Players::LEADER_BASIL,Players:Expansion2_Players::LEADER_HOJO,Players:Expansion2_Players::LEADER_HOJO_INLAND,Players:Expansion2_Players::LEADER_PETER_GREAT,Players:Expansion2_Players::LEADER_PERICLES,Players:Expansion2_Players::LEADER_GENGHIS_KHAN,Players:Expansion2_Players::LEADER_TOKUGAWA,Players:Expansion2_Players::LEADER_THEODORA,Players:Expansion2_Players::LEADER_DIDO,Players:Expansion2_Players::LEADER_JAYAVARMAN,Players:Expansion2_Players::LEADER_NZINGA_MBANDE,Players:Expansion2_Players::LEADER_PHILIP_II,Players:Expansion2_Players::LEADER_PHILIP_II_INLAND,Players:Expansion2_Players::LEADER_BARBAROSSA,Players:Expansion2_Players::LEADER_GORGO,Players:Expansion2_Players::LEADER_HARDRADA,Players:Expansion2_Players::LEADER_HARALD_ALT,Players:Expansion2_Players::LEADER_KUBLAI_KHAN_MONGOLIA,Players:Expansion2_Players::LEADER_KUBLAI_KHAN_CHINA,Players:Expansion2_Players::LEADER_GILGAMESH,Players:Expansion2_Players::LEADER_CYRUS,Players:Expansion2_Players::LEADER_CATHERINE_DE_MEDICI,Players:Expansion2_Players::LEADER_CATHERINE_DE_MEDICI_ALT,Players:Expansion2_Players::LEADER_KRISTINA,Players:Expansion2_Players::LEADER_CLEOPATRA,Players:Expansion2_Players::LEADER_CLEOPATRA_ALT,Players:Expansion2_Players::LEADER_KUPE,Players:Expansion2_Players::LEADER_RAMSES,Players:Expansion2_Players::LEADER_LAUTARO,Players:Expansion2_Players::LEADER_LADY_SIX_SKY,Players:Expansion2_Players::LEADER_LUDWIG,Players:Expansion2_Players::LEADER_ROBERT_THE_BRUCE,Players:Expansion2_Players::LEADER_MONTEZUMA,Players:Expansion2_Players::LEADER_MENELIK,Players:Expansion2_Players::LEADER_MVEMBA,Players:Expansion2_Players::LEADER_NADER_SHAH,Players:Expansion2_Players::LEADER_PACHACUTI,Players:Expansion2_Players::LEADER_POUNDMAKER,Players:Expansion2_Players::LEADER_PEDRO,Players:Expansion2_Players::LEADER_SHAKA,Players:Expansion2_Players::LEADER_QIN_ALT,Players:Expansion2_Players::LEADER_QIN,Players:Expansion2_Players::LEADER_JOAO_III,Players:Expansion2_Players::LEADER_SALADIN_ALT,Players:Expansion2_Players::LEADER_SALADIN,Players:Expansion2_Players::LEADER_SEONDEOK,Players:Expansion2_Players::LEADER_SEJONG,Players:Expansion2_Players::LEADER_SULEIMAN_ALT,Players:Expansion2_Players::LEADER_SULEIMAN,Players:Expansion2_Players::LEADER_TAMAR,Players:Expansion2_Players::LEADER_T_ROOSEVELT,Players:Expansion2_Players::LEADER_GITARJA,Players:Expansion2_Players::LEADER_TRAJAN,Players:Expansion2_Players::LEADER_TOMYRIS,Players:Expansion2_Players::LEADER_LAURIER,Players:Expansion2_Players::LEADER_WILHELMINA,Players:Expansion2_Players::LEADER_WILHELMINA_INLAND,Players:Expansion2_Players::LEADER_VICTORIA,Players:Expansion2_Players::LEADER_VICTORIA_ALT,Players:Expansion2_Players::LEADER_WU_ZETIAN,Players:Expansion2_Players::LEADER_SIMON_BOLIVAR,Players:Expansion2_Players::LEADER_MATTHIAS_CORVINUS,Players:Expansion2_Players::LEADER_JADWIGA,Players:Expansion2_Players::LEADER_ABRAHAM_LINCOLN,Players:Expansion2_Players::LEADER_ALEXANDER,Players:Expansion2_Players::LEADER_ELIZABETH,Players:Expansion2_Players::LEADER_YONGLE,Players:Expansion2_Players::LEADER_JOHN_CURTIN,Players:Expansion2_Players::LEADER_LADY_TRIEU"},"LEADER_TYPE_ID":{"type":"dvt_UInt32","value":4294967295},"LEADER_TYPE_NAME":{"type":"dvt_char8","value":""},"LEADER_NAME":{"type":"dvt_char8","value":""},"HANDICAP_TYPE_ID":{"type":"dvt_Int32","value":-1874486710}}},"PLAYER_27":{"type":"dvt_TypedVariantMap","value":{"PLAYER_ID":{"type":"dvt_Int32","value":27},"MAP_PINS":{"type":"dvt_TypedVariantMap","value":{}},"READY_STATUS":{"type":"dvt_Bool","value":false},"SLOT_STATUS":{"type":"dvt_Int32","value":2},"CONFIGURATION_TYPE":{"type":"dvt_UInt32","value":1697843344}}},"PLAYER_52":{"type":"dvt_TypedVariantMap","value":{"PLAYER_ID":{"type":"dvt_Int32","value":52},"MAP_PINS":{"type":"dvt_TypedVariantMap","value":{}},"READY_STATUS":{"type":"dvt_Bool","value":false},"SLOT_STATUS":{"type":"dvt_Int32","value":2},"CONFIGURATION_TYPE":{"type":"dvt_UInt32","value":1697843344}}},"PLAYER_56":{"type":"dvt_TypedVariantMap","value":{"PLAYER_ID":{"type":"dvt_Int32","value":56},"MAP_PINS":{"type":"dvt_TypedVariantMap","value":{}},"READY_STATUS":{"type":"dvt_Bool","value":false},"SLOT_STATUS":{"type":"dvt_Int32","value":2},"CONFIGURATION_TYPE":{"type":"dvt_UInt32","value":1697843344}}},"PLAYER_13":{"type":"dvt_TypedVariantMap","value":{"PLAYER_ID":{"type":"dvt_Int32","value":13},"MAP_PINS":{"type":"dvt_TypedVariantMap","value":{}},"READY_STATUS":{"type":"dvt_Bool","value":false},"SLOT_STATUS":{"type":"dvt_Int32","value":2},"CONFIGURATION_TYPE":{"type":"dvt_UInt32","value":1697843344}}},"PLAYER_17":{"type":"dvt_TypedVariantMap","value":{"PLAYER_ID":{"type":"dvt_Int32","value":17},"MAP_PINS":{"type":"dvt_TypedVariantMap","value":{}},"READY_STATUS":{"type":"dvt_Bool","value":false},"SLOT_STATUS":{"type":"dvt_Int32","value":2},"CONFIGURATION_TYPE":{"type":"dvt_UInt32","value":1697843344}}},"PLAYER_42":{"type":"dvt_TypedVariantMap","value":{"PLAYER_ID":{"type":"dvt_Int32","value":42},"MAP_PINS":{"type":"dvt_TypedVariantMap","value":{}},"READY_STATUS":{"type":"dvt_Bool","value":false},"SLOT_STATUS":{"type":"dvt_Int32","value":2},"CONFIGURATION_TYPE":{"type":"dvt_UInt32","value":1697843344}}},"PLAYER_46":{"type":"dvt_TypedVariantMap","value":{"PLAYER_ID":{"type":"dvt_Int32","value":46},"MAP_PINS":{"type":"dvt_TypedVariantMap","value":{}},"READY_STATUS":{"type":"dvt_Bool","value":false},"SLOT_STATUS":{"type":"dvt_Int32","value":2},"CONFIGURATION_TYPE":{"type":"dvt_UInt32","value":1697843344}}},"PLAYER_16":{"type":"dvt_TypedVariantMap","value":{"PLAYER_ID":{"type":"dvt_Int32","value":16},"MAP_PINS":{"type":"dvt_TypedVariantMap","value":{}},"READY_STATUS":{"type":"dvt_Bool","value":false},"SLOT_STATUS":{"type":"dvt_Int32","value":2},"CONFIGURATION_TYPE":{"type":"dvt_UInt32","value":1697843344}}},"PLAYER_12":{"type":"dvt_TypedVariantMap","value":{"PLAYER_ID":{"type":"dvt_Int32","value":12},"MAP_PINS":{"type":"dvt_TypedVariantMap","value":{}},"READY_STATUS":{"type":"dvt_Bool","value":false},"SLOT_STATUS":{"type":"dvt_Int32","value":2},"CONFIGURATION_TYPE":{"type":"dvt_UInt32","value":1697843344}}},"PLAYER_47":{"type":"dvt_TypedVariantMap","value":{"PLAYER_ID":{"type":"dvt_Int32","value":47},"MAP_PINS":{"type":"dvt_TypedVariantMap","value":{}},"READY_STATUS":{"type":"dvt_Bool","value":false},"SLOT_STATUS":{"type":"dvt_Int32","value":2},"CONFIGURATION_TYPE":{"type":"dvt_UInt32","value":1697843344}}},"PLAYER_43":{"type":"dvt_TypedVariantMap","value":{"PLAYER_ID":{"type":"dvt_Int32","value":43},"MAP_PINS":{"type":"dvt_TypedVariantMap","value":{}},"READY_STATUS":{"type":"dvt_Bool","value":false},"SLOT_STATUS":{"type":"dvt_Int32","value":2},"CONFIGURATION_TYPE":{"type":"dvt_UInt32","value":1697843344}}},"PLAYER_57":{"type":"dvt_TypedVariantMap","value":{"PLAYER_ID":{"type":"dvt_Int32","value":57},"MAP_PINS":{"type":"dvt_TypedVariantMap","value":{}},"READY_STATUS":{"type":"dvt_Bool","value":false},"SLOT_STATUS":{"type":"dvt_Int32","value":2},"CONFIGURATION_TYPE":{"type":"dvt_UInt32","value":1697843344}}},"PLAYER_53":{"type":"dvt_TypedVariantMap","value":{"PLAYER_ID":{"type":"dvt_Int32","value":53},"MAP_PINS":{"type":"dvt_TypedVariantMap","value":{}},"READY_STATUS":{"type":"dvt_Bool","value":false},"SLOT_STATUS":{"type":"dvt_Int32","value":2},"CONFIGURATION_TYPE":{"type":"dvt_UInt32","value":1697843344}}},"PLAYER_4":{"type":"dvt_TypedVariantMap","value":{"TEAM":{"type":"dvt_Int32","value":0},"PLAYER_ID":{"type":"dvt_Int32","value":4},"LEADER_DOMAIN":{"type":"dvt_char8","value":"Players:Expansion2_Players"},"MAP_PINS":{"type":"dvt_TypedVariantMap","value":{}},"IS_ALIVE":{"type":"dvt_Bool","value":true},"HOTSEAT_PASSWORD":{"type":"dvt_char8","value":""},"WANTS_PAUSE":{"type":"dvt_Bool","value":false},"CIVILIZATION_LEVEL_TYPE_ID":{"type":"dvt_UInt32","value":624367792},"NETWORK_NAME":{"type":"dvt_char8","value":"skyverse@76561198178704646"},"CIVILIZATION_TYPE_NAME":{"type":"dvt_char8","value":"CIVILIZATION_NUBIA"},"READY_STATUS":{"type":"dvt_Bool","value":true},"CIVILIZATION_TYPE_ID":{"type":"dvt_Int32","value":-797898077},"CIVILIZATION_LEVEL_TYPE_NAME":{"type":"dvt_char8","value":"CIVILIZATION_LEVEL_FULL_CIV"},"LEADER_VALUE_DOMAIN":{"type":"dvt_char8","value":"Players:Expansion2_Players"},"IS_LOCKED":{"type":"dvt_Int32","value":0},"SLOT_STATUS":{"type":"dvt_Int32","value":3},"PLAYER_COLOR_ALTERNATE":{"type":"dvt_Int32","value":0},"CONFIGURATION_TYPE":{"type":"dvt_UInt32","value":1697843344},"LEADER_VALUES":{"type":"dvt_char8","value":"Players:*::RANDOM,Players:*::RANDOM_POOL1,Players:*::RANDOM_POOL2,Players:Expansion2_Players::LEADER_ELEANOR_FRANCE,Players:Expansion2_Players::LEADER_ELEANOR_ENGLAND,Players:Expansion2_Players::LEADER_AMANITORE,Players:Expansion2_Players::LEADER_AMBIORIX,Players:Expansion2_Players::LEADER_BASIL,Players:Expansion2_Players::LEADER_HOJO,Players:Expansion2_Players::LEADER_HOJO_INLAND,Players:Expansion2_Players::LEADER_PETER_GREAT,Players:Expansion2_Players::LEADER_PERICLES,Players:Expansion2_Players::LEADER_GENGHIS_KHAN,Players:Expansion2_Players::LEADER_TOKUGAWA,Players:Expansion2_Players::LEADER_THEODORA,Players:Expansion2_Players::LEADER_DIDO,Players:Expansion2_Players::LEADER_JAYAVARMAN,Players:Expansion2_Players::LEADER_NZINGA_MBANDE,Players:Expansion2_Players::LEADER_PHILIP_II,Players:Expansion2_Players::LEADER_PHILIP_II_INLAND,Players:Expansion2_Players::LEADER_BARBAROSSA,Players:Expansion2_Players::LEADER_GORGO,Players:Expansion2_Players::LEADER_HARDRADA,Players:Expansion2_Players::LEADER_HARALD_ALT,Players:Expansion2_Players::LEADER_KUBLAI_KHAN_MONGOLIA,Players:Expansion2_Players::LEADER_KUBLAI_KHAN_CHINA,Players:Expansion2_Players::LEADER_GILGAMESH,Players:Expansion2_Players::LEADER_CYRUS,Players:Expansion2_Players::LEADER_CATHERINE_DE_MEDICI,Players:Expansion2_Players::LEADER_CATHERINE_DE_MEDICI_ALT,Players:Expansion2_Players::LEADER_KRISTINA,Players:Expansion2_Players::LEADER_KUPE,Players:Expansion2_Players::LEADER_LAUTARO,Players:Expansion2_Players::LEADER_LADY_SIX_SKY,Players:Expansion2_Players::LEADER_LUDWIG,Players:Expansion2_Players::LEADER_ROBERT_THE_BRUCE,Players:Expansion2_Players::LEADER_MONTEZUMA,Players:Expansion2_Players::LEADER_MENELIK,Players:Expansion2_Players::LEADER_MVEMBA,Players:Expansion2_Players::LEADER_NADER_SHAH,Players:Expansion2_Players::LEADER_PACHACUTI,Players:Expansion2_Players::LEADER_POUNDMAKER,Players:Expansion2_Players::LEADER_PEDRO,Players:Expansion2_Players::LEADER_SHAKA,Players:Expansion2_Players::LEADER_QIN_ALT,Players:Expansion2_Players::LEADER_QIN,Players:Expansion2_Players::LEADER_JOAO_III,Players:Expansion2_Players::LEADER_SALADIN_ALT,Players:Expansion2_Players::LEADER_SALADIN,Players:Expansion2_Players::LEADER_SEONDEOK,Players:Expansion2_Players::LEADER_SEJONG,Players:Expansion2_Players::LEADER_SULEIMAN_ALT,Players:Expansion2_Players::LEADER_SULEIMAN,Players:Expansion2_Players::LEADER_TAMAR,Players:Expansion2_Players::LEADER_T_ROOSEVELT,Players:Expansion2_Players::LEADER_GITARJA,Players:Expansion2_Players::LEADER_TRAJAN,Players:Expansion2_Players::LEADER_TOMYRIS,Players:Expansion2_Players::LEADER_LAURIER,Players:Expansion2_Players::LEADER_WILHELMINA,Players:Expansion2_Players::LEADER_WILHELMINA_INLAND,Players:Expansion2_Players::LEADER_VICTORIA,Players:Expansion2_Players::LEADER_VICTORIA_ALT,Players:Expansion2_Players::LEADER_WU_ZETIAN,Players:Expansion2_Players::LEADER_SIMON_BOLIVAR,Players:Expansion2_Players::LEADER_MATTHIAS_CORVINUS,Players:Expansion2_Players::LEADER_JADWIGA,Players:Expansion2_Players::LEADER_ABRAHAM_LINCOLN,Players:Expansion2_Players::LEADER_ALEXANDER,Players:Expansion2_Players::LEADER_ELIZABETH,Players:Expansion2_Players::LEADER_YONGLE,Players:Expansion2_Players::LEADER_JOHN_CURTIN,Players:Expansion2_Players::LEADER_LADY_TRIEU"},"NICK_NAME":{"type":"dvt_char8","value":"skyverse"},"LEADER_TYPE_ID":{"type":"dvt_UInt32","value":1254487876},"LEADER_TYPE_NAME":{"type":"dvt_char8","value":"LEADER_AMANITORE"},"LEADER_NAME":{"type":"dvt_char8","value":"LOC_LEADER_AMANITORE_NAME"},"HANDICAP_TYPE_ID":{"type":"dvt_UInt32","value":4115014831},"MOD_READY_STATUS":{"type":"dvt_Bool","value":true}}},"PLAYER_0":{"type":"dvt_TypedVariantMap","value":{"TEAM":{"type":"dvt_Int32","value":0},"PLAYER_ID":{"type":"dvt_Int32","value":0},"LEADER_DOMAIN":{"type":"dvt_char8","value":"Players:Expansion2_Players"},"MAP_PINS":{"type":"dvt_TypedVariantMap","value":{}},"IS_ALIVE":{"type":"dvt_Bool","value":true},"HOTSEAT_PASSWORD":{"type":"dvt_char8","value":""},"WANTS_PAUSE":{"type":"dvt_Bool","value":false},"CIVILIZATION_LEVEL_TYPE_ID":{"type":"dvt_UInt32","value":624367792},"NETWORK_NAME":{"type":"dvt_char8","value":"咕咕二世@76561198162178797"},"CIVILIZATION_TYPE_NAME":{"type":"dvt_char8","value":"CIVILIZATION_EGYPT"},"READY_STATUS":{"type":"dvt_Bool","value":true},"CIVILIZATION_TYPE_ID":{"type":"dvt_Int32","value":-1155553852},"CIVILIZATION_LEVEL_TYPE_NAME":{"type":"dvt_char8","value":"CIVILIZATION_LEVEL_FULL_CIV"},"LEADER_VALUE_DOMAIN":{"type":"dvt_char8","value":"Players:Expansion2_Players"},"IS_LOCKED":{"type":"dvt_Int32","value":0},"SLOT_STATUS":{"type":"dvt_Int32","value":3},"PLAYER_COLOR_ALTERNATE":{"type":"dvt_Int32","value":2},"CONFIGURATION_TYPE":{"type":"dvt_UInt32","value":1697843344},"LEADER_VALUES":{"type":"dvt_char8","value":"Players:*::RANDOM,Players:*::RANDOM_POOL1,Players:*::RANDOM_POOL2,Players:Expansion2_Players::LEADER_ELEANOR_FRANCE,Players:Expansion2_Players::LEADER_ELEANOR_ENGLAND,Players:Expansion2_Players::LEADER_AMBIORIX,Players:Expansion2_Players::LEADER_BASIL,Players:Expansion2_Players::LEADER_HOJO,Players:Expansion2_Players::LEADER_HOJO_INLAND,Players:Expansion2_Players::LEADER_PETER_GREAT,Players:Expansion2_Players::LEADER_PERICLES,Players:Expansion2_Players::LEADER_GENGHIS_KHAN,Players:Expansion2_Players::LEADER_TOKUGAWA,Players:Expansion2_Players::LEADER_THEODORA,Players:Expansion2_Players::LEADER_DIDO,Players:Expansion2_Players::LEADER_JAYAVARMAN,Players:Expansion2_Players::LEADER_NZINGA_MBANDE,Players:Expansion2_Players::LEADER_PHILIP_II,Players:Expansion2_Players::LEADER_PHILIP_II_INLAND,Players:Expansion2_Players::LEADER_BARBAROSSA,Players:Expansion2_Players::LEADER_GORGO,Players:Expansion2_Players::LEADER_HARDRADA,Players:Expansion2_Players::LEADER_HARALD_ALT,Players:Expansion2_Players::LEADER_KUBLAI_KHAN_MONGOLIA,Players:Expansion2_Players::LEADER_KUBLAI_KHAN_CHINA,Players:Expansion2_Players::LEADER_GILGAMESH,Players:Expansion2_Players::LEADER_CYRUS,Players:Expansion2_Players::LEADER_CATHERINE_DE_MEDICI,Players:Expansion2_Players::LEADER_CATHERINE_DE_MEDICI_ALT,Players:Expansion2_Players::LEADER_KRISTINA,Players:Expansion2_Players::LEADER_CLEOPATRA,Players:Expansion2_Players::LEADER_CLEOPATRA_ALT,Players:Expansion2_Players::LEADER_KUPE,Players:Expansion2_Players::LEADER_RAMSES,Players:Expansion2_Players::LEADER_LAUTARO,Players:Expansion2_Players::LEADER_LADY_SIX_SKY,Players:Expansion2_Players::LEADER_LUDWIG,Players:Expansion2_Players::LEADER_ROBERT_THE_BRUCE,Players:Expansion2_Players::LEADER_MONTEZUMA,Players:Expansion2_Players::LEADER_MENELIK,Players:Expansion2_Players::LEADER_MVEMBA,Players:Expansion2_Players::LEADER_NADER_SHAH,Players:Expansion2_Players::LEADER_PACHACUTI,Players:Expansion2_Players::LEADER_POUNDMAKER,Players:Expansion2_Players::LEADER_PEDRO,Players:Expansion2_Players::LEADER_SHAKA,Players:Expansion2_Players::LEADER_QIN_ALT,Players:Expansion2_Players::LEADER_QIN,Players:Expansion2_Players::LEADER_JOAO_III,Players:Expansion2_Players::LEADER_SALADIN_ALT,Players:Expansion2_Players::LEADER_SALADIN,Players:Expansion2_Players::LEADER_SEONDEOK,Players:Expansion2_Players::LEADER_SEJONG,Players:Expansion2_Players::LEADER_SULEIMAN_ALT,Players:Expansion2_Players::LEADER_SULEIMAN,Players:Expansion2_Players::LEADER_TAMAR,Players:Expansion2_Players::LEADER_T_ROOSEVELT,Players:Expansion2_Players::LEADER_GITARJA,Players:Expansion2_Players::LEADER_TRAJAN,Players:Expansion2_Players::LEADER_TOMYRIS,Players:Expansion2_Players::LEADER_LAURIER,Players:Expansion2_Players::LEADER_WILHELMINA,Players:Expansion2_Players::LEADER_WILHELMINA_INLAND,Players:Expansion2_Players::LEADER_VICTORIA,Players:Expansion2_Players::LEADER_VICTORIA_ALT,Players:Expansion2_Players::LEADER_WU_ZETIAN,Players:Expansion2_Players::LEADER_SIMON_BOLIVAR,Players:Expansion2_Players::LEADER_MATTHIAS_CORVINUS,Players:Expansion2_Players::LEADER_JADWIGA,Players:Expansion2_Players::LEADER_ABRAHAM_LINCOLN,Players:Expansion2_Players::LEADER_ALEXANDER,Players:Expansion2_Players::LEADER_ELIZABETH,Players:Expansion2_Players::LEADER_YONGLE,Players:Expansion2_Players::LEADER_JOHN_CURTIN,Players:Expansion2_Players::LEADER_LADY_TRIEU"},"NICK_NAME":{"type":"dvt_char8","value":"咕咕二世"},"LEADER_TYPE_ID":{"type":"dvt_UInt32","value":1443235924},"LEADER_TYPE_NAME":{"type":"dvt_char8","value":"LEADER_CLEOPATRA_ALT"},"LEADER_NAME":{"type":"dvt_char8","value":"LOC_LEADER_CLEOPATRA_ALT_NAME"},"HANDICAP_TYPE_ID":{"type":"dvt_UInt32","value":4115014831},"MOD_READY_STATUS":{"type":"dvt_Bool","value":true}}},"PLAYER_26":{"type":"dvt_TypedVariantMap","value":{"PLAYER_ID":{"type":"dvt_Int32","value":26},"MAP_PINS":{"type":"dvt_TypedVariantMap","value":{}},"READY_STATUS":{"type":"dvt_Bool","value":false},"SLOT_STATUS":{"type":"dvt_Int32","value":2},"CONFIGURATION_TYPE":{"type":"dvt_UInt32","value":1697843344}}},"PLAYER_8":{"type":"dvt_TypedVariantMap","value":{"TEAM":{"type":"dvt_Int32","value":1},"PLAYER_ID":{"type":"dvt_Int32","value":8},"LEADER_RANDOM_POOL_ID":{"type":"dvt_Int32","value":0},"LEADER_DOMAIN":{"type":"dvt_char8","value":"Players:Expansion2_Players"},"MAP_PINS":{"type":"dvt_TypedVariantMap","value":{}},"IS_ALIVE":{"type":"dvt_Bool","value":true},"HOTSEAT_PASSWORD":{"type":"dvt_char8","value":""},"CIVILIZATION_LEVEL_TYPE_ID":{"type":"dvt_UInt32","value":624367792},"READY_STATUS":{"type":"dvt_Bool","value":false},"CIVILIZATION_LEVEL_TYPE_NAME":{"type":"dvt_char8","value":"CIVILIZATION_LEVEL_FULL_CIV"},"LEADER_VALUE_DOMAIN":{"type":"dvt_char8","value":"Players:*"},"IS_LOCKED":{"type":"dvt_Int32","value":0},"SLOT_STATUS":{"type":"dvt_Int32","value":1},"CONFIGURATION_TYPE":{"type":"dvt_UInt32","value":1697843344},"LEADER_VALUES":{"type":"dvt_char8","value":"Players:*::RANDOM,Players:*::RANDOM_POOL1,Players:*::RANDOM_POOL2,Players:Expansion2_Players::LEADER_ELEANOR_FRANCE,Players:Expansion2_Players::LEADER_ELEANOR_ENGLAND,Players:Expansion2_Players::LEADER_AMBIORIX,Players:Expansion2_Players::LEADER_BASIL,Players:Expansion2_Players::LEADER_HOJO,Players:Expansion2_Players::LEADER_HOJO_INLAND,Players:Expansion2_Players::LEADER_PETER_GREAT,Players:Expansion2_Players::LEADER_PERICLES,Players:Expansion2_Players::LEADER_GENGHIS_KHAN,Players:Expansion2_Players::LEADER_TOKUGAWA,Players:Expansion2_Players::LEADER_THEODORA,Players:Expansion2_Players::LEADER_DIDO,Players:Expansion2_Players::LEADER_JAYAVARMAN,Players:Expansion2_Players::LEADER_NZINGA_MBANDE,Players:Expansion2_Players::LEADER_PHILIP_II,Players:Expansion2_Players::LEADER_PHILIP_II_INLAND,Players:Expansion2_Players::LEADER_BARBAROSSA,Players:Expansion2_Players::LEADER_GORGO,Players:Expansion2_Players::LEADER_HARDRADA,Players:Expansion2_Players::LEADER_HARALD_ALT,Players:Expansion2_Players::LEADER_KUBLAI_KHAN_MONGOLIA,Players:Expansion2_Players::LEADER_KUBLAI_KHAN_CHINA,Players:Expansion2_Players::LEADER_GILGAMESH,Players:Expansion2_Players::LEADER_CYRUS,Players:Expansion2_Players::LEADER_CATHERINE_DE_MEDICI,Players:Expansion2_Players::LEADER_CATHERINE_DE_MEDICI_ALT,Players:Expansion2_Players::LEADER_KRISTINA,Players:Expansion2_Players::LEADER_CLEOPATRA,Players:Expansion2_Players::LEADER_CLEOPATRA_ALT,Players:Expansion2_Players::LEADER_KUPE,Players:Expansion2_Players::LEADER_RAMSES,Players:Expansion2_Players::LEADER_LAUTARO,Players:Expansion2_Players::LEADER_LADY_SIX_SKY,Players:Expansion2_Players::LEADER_LUDWIG,Players:Expansion2_Players::LEADER_ROBERT_THE_BRUCE,Players:Expansion2_Players::LEADER_MONTEZUMA,Players:Expansion2_Players::LEADER_MENELIK,Players:Expansion2_Players::LEADER_MVEMBA,Players:Expansion2_Players::LEADER_NADER_SHAH,Players:Expansion2_Players::LEADER_PACHACUTI,Players:Expansion2_Players::LEADER_POUNDMAKER,Players:Expansion2_Players::LEADER_PEDRO,Players:Expansion2_Players::LEADER_SHAKA,Players:Expansion2_Players::LEADER_QIN_ALT,Players:Expansion2_Players::LEADER_QIN,Players:Expansion2_Players::LEADER_JOAO_III,Players:Expansion2_Players::LEADER_SALADIN_ALT,Players:Expansion2_Players::LEADER_SALADIN,Players:Expansion2_Players::LEADER_SEONDEOK,Players:Expansion2_Players::LEADER_SEJONG,Players:Expansion2_Players::LEADER_SULEIMAN_ALT,Players:Expansion2_Players::LEADER_SULEIMAN,Players:Expansion2_Players::LEADER_TAMAR,Players:Expansion2_Players::LEADER_T_ROOSEVELT,Players:Expansion2_Players::LEADER_GITARJA,Players:Expansion2_Players::LEADER_TRAJAN,Players:Expansion2_Players::LEADER_TOMYRIS,Players:Expansion2_Players::LEADER_LAURIER,Players:Expansion2_Players::LEADER_WILHELMINA,Players:Expansion2_Players::LEADER_WILHELMINA_INLAND,Players:Expansion2_Players::LEADER_VICTORIA,Players:Expansion2_Players::LEADER_VICTORIA_ALT,Players:Expansion2_Players::LEADER_WU_ZETIAN,Players:Expansion2_Players::LEADER_SIMON_BOLIVAR,Players:Expansion2_Players::LEADER_MATTHIAS_CORVINUS,Players:Expansion2_Players::LEADER_JADWIGA,Players:Expansion2_Players::LEADER_ABRAHAM_LINCOLN,Players:Expansion2_Players::LEADER_ALEXANDER,Players:Expansion2_Players::LEADER_ELIZABETH,Players:Expansion2_Players::LEADER_YONGLE,Players:Expansion2_Players::LEADER_JOHN_CURTIN,Players:Expansion2_Players::LEADER_LADY_TRIEU"},"LEADER_TYPE_ID":{"type":"dvt_UInt32","value":4294967295},"LEADER_TYPE_NAME":{"type":"dvt_char8","value":""},"LEADER_NAME":{"type":"dvt_char8","value":""},"HANDICAP_TYPE_ID":{"type":"dvt_Int32","value":-1874486710}}},"PLAYER_22":{"type":"dvt_TypedVariantMap","value":{"PLAYER_ID":{"type":"dvt_Int32","value":22},"MAP_PINS":{"type":"dvt_TypedVariantMap","value":{}},"READY_STATUS":{"type":"dvt_Bool","value":false},"SLOT_STATUS":{"type":"dvt_Int32","value":2},"CONFIGURATION_TYPE":{"type":"dvt_UInt32","value":1697843344}}},"PLAYER_36":{"type":"dvt_TypedVariantMap","value":{"PLAYER_ID":{"type":"dvt_Int32","value":36},"MAP_PINS":{"type":"dvt_TypedVariantMap","value":{}},"READY_STATUS":{"type":"dvt_Bool","value":false},"SLOT_STATUS":{"type":"dvt_Int32","value":2},"CONFIGURATION_TYPE":{"type":"dvt_UInt32","value":1697843344}}},"PLAYER_32":{"type":"dvt_TypedVariantMap","value":{"PLAYER_ID":{"type":"dvt_Int32","value":32},"MAP_PINS":{"type":"dvt_TypedVariantMap","value":{}},"READY_STATUS":{"type":"dvt_Bool","value":false},"SLOT_STATUS":{"type":"dvt_Int32","value":2},"CONFIGURATION_TYPE":{"type":"dvt_UInt32","value":1697843344}}},"PLAYER_63":{"type":"dvt_TypedVariantMap","value":{"PLAYER_ID":{"type":"dvt_Int32","value":63},"MAP_PINS":{"type":"dvt_TypedVariantMap","value":{}},"READY_STATUS":{"type":"dvt_Bool","value":false},"SLOT_STATUS":{"type":"dvt_Int32","value":2},"CONFIGURATION_TYPE":{"type":"dvt_UInt32","value":1697843344}}},"MAP_ROOT":{"type":"dvt_TypedVariantMap","value":{"resources":{"type":"dvt_Int32","value":2},"1BE96EA6":{"type":"dvt_Int32","value":1},"world_age":{"type":"dvt_Int32","value":2},"BBMBreakClumps":{"type":"dvt_Bool","value":true},"MAP_MAX_MAJOR_PLAYERS":{"type":"dvt_UInt32","value":10},"MAP_NAME":{"type":"dvt_char8","value":"{\"LOC_ZYLRM_RING_MAP_NAME\":[{\"locale\":\"en_US\",\"text\":\"Team PVP Ring Mainland\"},{\"locale\":\"fr_FR\",\"text\":\"组队PVP环形大陆\"},{\"locale\":\"de_DE\",\"text\":\"组队PVP环形大陆\"},{\"locale\":\"it_IT\",\"text\":\"组队PVP环形大陆\"},{\"locale\":\"es_ES\",\"text\":\"组队PVP环形大陆\"},{\"locale\":\"ja_JP\",\"text\":\"组队PVP环形大陆\"},{\"locale\":\"ru_RU\",\"text\":\"组队PVP环形大陆\"},{\"locale\":\"pl_PL\",\"text\":\"组队PVP环形大陆\"},{\"locale\":\"ko_KR\",\"text\":\"组队PVP环形大陆\"},{\"locale\":\"zh_Hant_HK\",\"text\":\"组队PVP环形大陆\"},{\"locale\":\"zh_Hans_CN\",\"text\":\"组队PVP环形大陆\"},{\"locale\":\"pt_BR\",\"text\":\"组队PVP环形大陆\"}]}"},"MAP_MAX_MAJOR_PLAYERS":{"type":"dvt_UInt32","value":2},"temperature":{"type":"dvt_Int32","value":2},"BBSNatural":{"type":"dvt_Int32","value":1},"BBMMaxFloodplainsSize":{"type":"dvt_Int32","value":8},"BBMLuxExp1":{"type":"dvt_Bool","value":false},"start":{"type":"dvt_Int32","value":1},"IS_RANDOM_MAP_SCRIPT":{"type":"dvt_Bool","value":false},"MAP_SCRIPT":{"type":"dvt_char8","value":"zyl_team_ring_mainland.lua"},"BBMMinAttempts":{"type":"dvt_Int32","value":5},"869F77DF":{"type":"dvt_Int32","value":1},"rainfall":{"type":"dvt_Int32","value":2},"MAP_MAX_MINOR_PLAYERS":{"type":"dvt_UInt32","value":0},"IS_RANDOM_MAP_SIZE":{"type":"dvt_Bool","value":false},"RANDOM_SEED":{"type":"dvt_UInt32","value":2421795081},"MAP_MAX_MINOR_PLAYERS":{"type":"dvt_UInt32","value":20},"MAP_SIZE":{"type":"dvt_Int32","value":-1101990427},"MapName":{"type":"dvt_char8","value":"ZYLRM_Team_Ring_Rich_Mainland"},"A84178FA":{"type":"dvt_Bool","value":false},"BBSStratRes":{"type":"dvt_Int32","value":0},"BBMBreakDesert":{"type":"dvt_Bool","value":false},"C26D6460":{"type":"dvt_Int32","value":5},"sea_level":{"type":"dvt_Int32","value":2},"C9FFF29F":{"type":"dvt_Int32","value":1},"CONFIGURATION_TYPE":{"type":"dvt_UInt32","value":1975399942},"MAP_DOMAIN":{"type":"dvt_char8","value":"Maps:Expansion2Maps"},"BBMMinDistance":{"type":"dvt_Int32","value":0},"DBF59458":{"type":"dvt_Int32","value":1},"BBSRidge":{"type":"dvt_Int32","value":0}}},"PLAYER_20":{"type":"dvt_TypedVariantMap","value":{"PLAYER_ID":{"type":"dvt_Int32","value":20},"MAP_PINS":{"type":"dvt_TypedVariantMap","value":{}},"READY_STATUS":{"type":"dvt_Bool","value":false},"SLOT_STATUS":{"type":"dvt_Int32","value":2},"CONFIGURATION_TYPE":{"type":"dvt_UInt32","value":1697843344}}},"PLAYER_24":{"type":"dvt_TypedVariantMap","value":{"PLAYER_ID":{"type":"dvt_Int32","value":24},"MAP_PINS":{"type":"dvt_TypedVariantMap","value":{}},"READY_STATUS":{"type":"dvt_Bool","value":false},"SLOT_STATUS":{"type":"dvt_Int32","value":2},"CONFIGURATION_TYPE":{"type":"dvt_UInt32","value":1697843344}}},"GAME_ROOT":{"type":"dvt_TypedVariantMap","value":{"NO_TRADING_GOLD":{"type":"dvt_Bool","value":false},"BAN_POOL_6_NAME":{"type":"dvt_char8","value":"InlandSea.lua"},"GAME_SYNC_RANDOM_SEED":{"type":"dvt_UInt32","value":2421795080},"GAME_MODE":{"type":"dvt_UInt32","value":20463770},"A67657A":{"type":"dvt_TypedVariantMap","value":{"1":{"type":"dvt_char8","value":"FEATURE_BARRINGER_CRATER"},"2":{"type":"dvt_char8","value":"FEATURE_BIOLUMINESCENT_BAY"},"3":{"type":"dvt_char8","value":"FEATURE_CERRO_DE_POTOSI"},"4":{"type":"dvt_char8","value":"FEATURE_DALLOL"},"5":{"type":"dvt_char8","value":"FEATURE_GRAND_MESA"},"6":{"type":"dvt_char8","value":"FEATURE_KRAKATOA"},"7":{"type":"dvt_char8","value":"FEATURE_LAKE_VICTORIA"},"8":{"type":"dvt_char8","value":"FEATURE_LENCOIS_MARANHENSES"},"9":{"type":"dvt_char8","value":"FEATURE_OUNIANGA"},"A":{"type":"dvt_char8","value":"FEATURE_MOSI_OA_TUNYA"},"B":{"type":"dvt_char8","value":"FEATURE_MOTLATSE_CANYON"},"C":{"type":"dvt_char8","value":"FEATURE_KAILASH"},"D":{"type":"dvt_char8","value":"FEATURE_NAMIB"},"E":{"type":"dvt_char8","value":"FEATURE_OLD_FAITHFUL"},"F":{"type":"dvt_char8","value":"FEATURE_SINAI"},"10":{"type":"dvt_char8","value":"FEATURE_SALAR_DE_UYUNI"},"11":{"type":"dvt_char8","value":"FEATURE_WULINGYUAN"},"12":{"type":"dvt_char8","value":"FEATURE_SRI_PADA"},"13":{"type":"dvt_char8","value":"FEATURE_GIBRALTAR"},"14":{"type":"dvt_char8","value":"FEATURE_VREDEFORT_DOME"},"15":{"type":"dvt_char8","value":"FEATURE_BERMUDA_TRIANGLE"}}},"DRAFT_MAP":{"type":"dvt_Bool","value":false},"VICTORY_TECHNOLOGY":{"type":"dvt_Bool","value":true},"NEW_HOTKEYS":{"type":"dvt_Bool","value":true},"GAMEMODE_ANONYMOUS":{"type":"dvt_Bool","value":false},"VICTORY_CONQUEST":{"type":"dvt_Bool","value":true},"SAVED_GAME":{"type":"dvt_Bool","value":false},"VICTORY_RELIGIOUS":{"type":"dvt_Bool","value":true},"18E5DCD9":{"type":"dvt_Bool","value":false},"DRAFT_TIMER":{"type":"dvt_Bool","value":true},"ENABLED_MODS":{"type":"dvt_TypedVariantVector","value":[{"type":"dvt_TypedVariantMap","value":{"MOD_ID":{"type":"dvt_char8","value":"02A8BDDE-67EA-4D38-9540-26E685E3156E"},"MOD_TITLE_KEY":{"type":"dvt_char8","value":"{\"LOC_AZTEC_MONTEZUMA_MOD_TITLE\":[]}"},"MOD_SUBSCRIPTION_ID":{"type":"dvt_char8","value":""},"MOD_VERSION":{"type":"dvt_char8","value":"1"}}},{"type":"dvt_TypedVariantMap","value":{"MOD_ID":{"type":"dvt_char8","value":"1B28771A-C749-434B-9053-D1380C553DE9"},"MOD_TITLE_KEY":{"type":"dvt_char8","value":"{\"LOC_EXPANSION1_MOD_TITLE\":[]}"},"MOD_SUBSCRIPTION_ID":{"type":"dvt_char8","value":""},"MOD_VERSION":{"type":"dvt_char8","value":"1"}}},{"type":"dvt_TypedVariantMap","value":{"MOD_ID":{"type":"dvt_char8","value":"1B394FE9-23DC-4868-8F0A-5220CB8FB427"},"MOD_TITLE_KEY":{"type":"dvt_char8","value":"{\"LOC_ETHIOPIA_MOD_TITLE\":[{\"locale\":\"de_DE\", \"text\":\"Äthiopien-Paket\"}, {\"locale\":\"en_US\", \"text\":\"Ethiopia Pack\"}, {\"locale\":\"es_ES\", \"text\":\"Pack de Etiopía\"}, {\"locale\":\"fr_FR\", \"text\":\"Pack Éthiopie\"}, {\"locale\":\"it_IT\", \"text\":\"Pacchetto Etiopia\"}, {\"locale\":\"ja_JP\", \"text\":\"エチオピアパック\"}, {\"locale\":\"ko_KR\", \"text\":\"에티오피아 팩\"}, {\"locale\":\"pl_PL\", \"text\":\"Pakiet Etiopii\"}, {\"locale\":\"pt_BR\", \"text\":\"Pacote Etiópia\"}, {\"locale\":\"ru_RU\", \"text\":\"Набор «Эфиопия»\"}, {\"locale\":\"zh_Hans_CN\", \"text\":\"埃塞俄比亚包\"}, {\"locale\":\"zh_Hant_HK\", \"text\":\"衣索比亞包\"}]}"},"MOD_SUBSCRIPTION_ID":{"type":"dvt_char8","value":""},"MOD_VERSION":{"type":"dvt_char8","value":"1"}}},{"type":"dvt_TypedVariantMap","value":{"MOD_ID":{"type":"dvt_char8","value":"1F367231-A040-4793-BDBB-088816853683"},"MOD_TITLE_KEY":{"type":"dvt_char8","value":"{\"LOC_INDONESIA_KHMER_MOD_TITLE\":[]}"},"MOD_SUBSCRIPTION_ID":{"type":"dvt_char8","value":""},"MOD_VERSION":{"type":"dvt_char8","value":"1"}}},{"type":"dvt_TypedVariantMap","value":{"MOD_ID":{"type":"dvt_char8","value":"249D9276-0832-48E4-B370-14531FA4E33C"},"MOD_TITLE_KEY":{"type":"dvt_char8","value":"{\"LOC_GREAT_BUILDERS_MOD_TITLE\":[]}"},"MOD_SUBSCRIPTION_ID":{"type":"dvt_char8","value":""},"MOD_VERSION":{"type":"dvt_char8","value":"1"}}},{"type":"dvt_TypedVariantMap","value":{"MOD_ID":{"type":"dvt_char8","value":"258EF3CA-890B-4863-8A52-982822EFF7BD"},"MOD_TITLE_KEY":{"type":"dvt_char8","value":"{\"LOC_RULERS_OF_ENGLAND_MOD_TITLE\":[]}"},"MOD_SUBSCRIPTION_ID":{"type":"dvt_char8","value":""},"MOD_VERSION":{"type":"dvt_char8","value":"1"}}},{"type":"dvt_TypedVariantMap","value":{"MOD_ID":{"type":"dvt_char8","value":"2c748261-f79c-4e12-a126-cd3c50c6915a"},"MOD_TITLE_KEY":{"type":"dvt_char8","value":"{\"Crank Up The Difficulty!\":[]}"},"MOD_SUBSCRIPTION_ID":{"type":"dvt_char8","value":"3109150636"},"MOD_VERSION":{"type":"dvt_char8","value":"1"}}},{"type":"dvt_TypedVariantMap","value":{"MOD_ID":{"type":"dvt_char8","value":"3809975F-263F-40A2-A747-8BFB171D821A"},"MOD_TITLE_KEY":{"type":"dvt_char8","value":"{\"LOC_POLAND_JADWIGA_MOD_TITLE\":[]}"},"MOD_SUBSCRIPTION_ID":{"type":"dvt_char8","value":""},"MOD_VERSION":{"type":"dvt_char8","value":"1"}}},{"type":"dvt_TypedVariantMap","value":{"MOD_ID":{"type":"dvt_char8","value":"4873eb62-8ccc-4574-b784-dda455e74e68"},"MOD_TITLE_KEY":{"type":"dvt_char8","value":"{\"LOC_EXPANSION2_MOD_TITLE\":[]}"},"MOD_SUBSCRIPTION_ID":{"type":"dvt_char8","value":""},"MOD_VERSION":{"type":"dvt_char8","value":"1"}}},{"type":"dvt_TypedVariantMap","value":{"MOD_ID":{"type":"dvt_char8","value":"4dd01931-9d44-4a8a-8e74-712cba0f0072"},"MOD_TITLE_KEY":{"type":"dvt_char8","value":"{\"LOC_ZYLPVPMOD_TITLE\":[{\"locale\":\"en_US\", \"text\":\"ZYLPVPMOD 2.0.3\"}, {\"locale\":\"zh_Hans_CN\", \"text\":\"ZYLPVPMOD 2.0.3\"}]}"},"MOD_SUBSCRIPTION_ID":{"type":"dvt_char8","value":"3792052697"},"MOD_VERSION":{"type":"dvt_char8","value":"1"}}},{"type":"dvt_TypedVariantMap","value":{"MOD_ID":{"type":"dvt_char8","value":"643EA320-8E1A-4CF1-A01C-00D88DDD131A"},"MOD_TITLE_KEY":{"type":"dvt_char8","value":"{\"LOC_NUBIA_MOD_TITLE\":[]}"},"MOD_SUBSCRIPTION_ID":{"type":"dvt_char8","value":""},"MOD_VERSION":{"type":"dvt_char8","value":"1"}}},{"type":"dvt_TypedVariantMap","value":{"MOD_ID":{"type":"dvt_char8","value":"6c067266-29a2-4c1f-8ee8-77fe7d631f11"},"MOD_TITLE_KEY":{"type":"dvt_char8","value":"{\"No More AI World Wonders\":[]}"},"MOD_SUBSCRIPTION_ID":{"type":"dvt_char8","value":"1964253020"},"MOD_VERSION":{"type":"dvt_char8","value":"1"}}},{"type":"dvt_TypedVariantMap","value":{"MOD_ID":{"type":"dvt_char8","value":"7A66DB58-B354-4061-8C80-95B638DD6F6C"},"MOD_TITLE_KEY":{"type":"dvt_char8","value":"{\"LOC_GREAT_NEGOTIATORS_MOD_TITLE\":[]}"},"MOD_SUBSCRIPTION_ID":{"type":"dvt_char8","value":""},"MOD_VERSION":{"type":"dvt_char8","value":"1"}}},{"type":"dvt_TypedVariantMap","value":{"MOD_ID":{"type":"dvt_char8","value":"7D27831B-BAA6-4A8B-A39C-94243BAD3F47"},"MOD_TITLE_KEY":{"type":"dvt_char8","value":"{\"LOC_RULERS_OF_CHINA_MOD_TITLE\":[]}"},"MOD_SUBSCRIPTION_ID":{"type":"dvt_char8","value":""},"MOD_VERSION":{"type":"dvt_char8","value":"1"}}},{"type":"dvt_TypedVariantMap","value":{"MOD_ID":{"type":"dvt_char8","value":"82AE6F24-930F-4640-833C-FCDFD4845757"},"MOD_TITLE_KEY":{"type":"dvt_char8","value":"{\"LOC_RULERS_OF_THE_SAHARA_MOD_TITLE\":[]}"},"MOD_SUBSCRIPTION_ID":{"type":"dvt_char8","value":""},"MOD_VERSION":{"type":"dvt_char8","value":"1"}}},{"type":"dvt_TypedVariantMap","value":{"MOD_ID":{"type":"dvt_char8","value":"8424840C-92EF-4426-A9B4-B4E0CB818049"},"MOD_TITLE_KEY":{"type":"dvt_char8","value":"{\"LOC_BABYLON_MOD_TITLE\":[{\"locale\":\"de_DE\", \"text\":\"Babylon-Paket\"}, {\"locale\":\"en_US\", \"text\":\"Babylon Pack\"}, {\"locale\":\"es_ES\", \"text\":\"Pack de Babilonia\"}, {\"locale\":\"fr_FR\", \"text\":\"Pack Babylone\"}, {\"locale\":\"it_IT\", \"text\":\"Pacchetto Babilonia\"}, {\"locale\":\"ja_JP\", \"text\":\"バビロンパック\"}, {\"locale\":\"ko_KR\", \"text\":\"바빌론 팩\"}, {\"locale\":\"pl_PL\", \"text\":\"Pakiet Babilonu\"}, {\"locale\":\"pt_BR\", \"text\":\"Pacote Babilônia\"}, {\"locale\":\"ru_RU\", \"text\":\"Набор «Вавилон»\"}, {\"locale\":\"zh_Hans_CN\", \"text\":\"巴比伦包\"}, {\"locale\":\"zh_Hant_HK\", \"text\":\"巴比倫包\"}]}"},"MOD_SUBSCRIPTION_ID":{"type":"dvt_char8","value":""},"MOD_VERSION":{"type":"dvt_char8","value":"1"}}},{"type":"dvt_TypedVariantMap","value":{"MOD_ID":{"type":"dvt_char8","value":"9DE86512-DE1A-400D-8C0A-AB46EBBF76B9"},"MOD_TITLE_KEY":{"type":"dvt_char8","value":"{\"LOC_GRANCOLOMBIA_MAYA_MOD_TITLE\":[{\"locale\":\"de_DE\", \"text\":\"Maya- und Großkolumbien-Paket\"}, {\"locale\":\"en_US\", \"text\":\"Maya and Gran Colombia Pack\"}, {\"locale\":\"es_ES\", \"text\":\"Pack de los mayas y la Gran Colombia\"}, {\"locale\":\"fr_FR\", \"text\":\"Pack Mayas et Grande Colombie\"}, {\"locale\":\"it_IT\", \"text\":\"Pacchetto Maya e Grande Colombia\"}, {\"locale\":\"ja_JP\", \"text\":\"マヤ＆大コロンビアパック\"}, {\"locale\":\"ko_KR\", \"text\":\"마야 및 그란 콜롬비아 팩\"}, {\"locale\":\"pl_PL\", \"text\":\"Pakiet Majów i Wielkiej Kolumbii\"}, {\"locale\":\"pt_BR\", \"text\":\"Pacote Maia e Grande Colômbia\"}, {\"locale\":\"ru_RU\", \"text\":\"Набор «Майя и Великая Колумбия»\"}, {\"locale\":\"zh_Hans_CN\", \"text\":\"玛雅和大哥伦比亚包\"}, {\"locale\":\"zh_Hant_HK\", \"text\":\"馬雅及大哥倫比亞包\"}]}"},"MOD_SUBSCRIPTION_ID":{"type":"dvt_char8","value":""},"MOD_VERSION":{"type":"dvt_char8","value":"1"}}},{"type":"dvt_TypedVariantMap","value":{"MOD_ID":{"type":"dvt_char8","value":"A1100FC4-70F2-4129-AC27-2A65A685ED08"},"MOD_TITLE_KEY":{"type":"dvt_char8","value":"{\"LOC_BYZANTIUM_GAUL_MOD_TITLE\":[{\"locale\":\"de_DE\", \"text\":\"Byzanz- und Gallien-Paket\"}, {\"locale\":\"en_US\", \"text\":\"Byzantium and Gaul Pack\"}, {\"locale\":\"es_ES\", \"text\":\"Pack de los bizantinos y galos\"}, {\"locale\":\"fr_FR\", \"text\":\"Pack Gaule et Byzance\"}, {\"locale\":\"it_IT\", \"text\":\"Pacchetto Bisanzio e Galli\"}, {\"locale\":\"ja_JP\", \"text\":\"ビザンティン＆ガリアパック\"}, {\"locale\":\"ko_KR\", \"text\":\"비잔티움 및 골 팩\"}, {\"locale\":\"pl_PL\", \"text\":\"Pakiet Bizancjum i Galów\"}, {\"locale\":\"pt_BR\", \"text\":\"Pacote Bizâncio e Gália\"}, {\"locale\":\"ru_RU\", \"text\":\"Набор «Византия и галлы»\"}, {\"locale\":\"zh_Hans_CN\", \"text\":\"拜占庭和高卢包\"}, {\"locale\":\"zh_Hant_HK\", \"text\":\"拜占庭及高盧包\"}]}"},"MOD_SUBSCRIPTION_ID":{"type":"dvt_char8","value":""},"MOD_VERSION":{"type":"dvt_char8","value":"1"}}},{"type":"dvt_TypedVariantMap","value":{"MOD_ID":{"type":"dvt_char8","value":"A3F42CD4-6C3E-4F5A-BC81-BE29E0C0B87C"},"MOD_TITLE_KEY":{"type":"dvt_char8","value":"{\"LOC_KUBLAIKHAN_VIETNAM_MOD_TITLE\":[{\"locale\":\"de_DE\", \"text\":\"Vietnam- und Kublai Khan-Paket\"}, {\"locale\":\"en_US\", \"text\":\"Vietnam and Kublai Khan Pack\"}, {\"locale\":\"es_ES\", \"text\":\"Pack de Vietnam y Kublai Kan\"}, {\"locale\":\"fr_FR\", \"text\":\"Pack Vietnam et Kubilai Khan\"}, {\"locale\":\"it_IT\", \"text\":\"Pacchetto Vietnam e Kublai Khan\"}, {\"locale\":\"ja_JP\", \"text\":\"ベトナム＆フビライ・ハンパック\"}, {\"locale\":\"ko_KR\", \"text\":\"베트남 및 쿠빌라이칸 팩\"}, {\"locale\":\"pl_PL\", \"text\":\"Pakiet Wietnamu i Kubilaj-chana\"}, {\"locale\":\"pt_BR\", \"text\":\"Pacote Vietnã e Kublai Khan\"}, {\"locale\":\"ru_RU\", \"text\":\"Набор «Вьетнам и Хубилай»\"}, {\"locale\":\"zh_Hans_CN\", \"text\":\"越南和忽必烈包\"}, {\"locale\":\"zh_Hant_HK\", \"text\":\"越南及忽必烈包\"}]}"},"MOD_SUBSCRIPTION_ID":{"type":"dvt_char8","value":""},"MOD_VERSION":{"type":"dvt_char8","value":"1"}}},{"type":"dvt_TypedVariantMap","value":{"MOD_ID":{"type":"dvt_char8","value":"CE5876CD-6900-46D1-9C9C-8DBA1F28872E"},"MOD_TITLE_KEY":{"type":"dvt_char8","value":"{\"LOC_CATHERINE_DE_MEDICI_MOD_TITLE\":[{\"locale\":\"de_DE\", \"text\":\"Katharina von Medici-Paket\"}, {\"locale\":\"en_US\", \"text\":\"Catherine de Medici Persona Pack\"}, {\"locale\":\"es_ES\", \"text\":\"Pack de personalidades de Catalina de Médici\"}, {\"locale\":\"fr_FR\", \"text\":\"Pack de personnalités Catherine de Médicis\"}, {\"locale\":\"it_IT\", \"text\":\"Pacchetto personaggio Caterina de' Medici\"}, {\"locale\":\"ja_JP\", \"text\":\"カトリーヌ・ド・メディシス パーソナリティ・パック\"}, {\"locale\":\"ko_KR\", \"text\":\"카트린 데메디치 페르소나 팩\"}, {\"locale\":\"pl_PL\", \"text\":\"Pakiet wariantów Katarzyny Medycejskiej\"}, {\"locale\":\"pt_BR\", \"text\":\"Pacote da Personalidade Catarina de Médici\"}, {\"locale\":\"ru_RU\", \"text\":\"Набор «Екатерина Медичи: личности»\"}, {\"locale\":\"zh_Hans_CN\", \"text\":\"凯瑟琳·德·美第奇领袖包\"}, {\"locale\":\"zh_Hant_HK\", \"text\":\"凱薩琳‧德‧麥地奇造型包\"}]}"},"MOD_SUBSCRIPTION_ID":{"type":"dvt_char8","value":""},"MOD_VERSION":{"type":"dvt_char8","value":"1"}}},{"type":"dvt_TypedVariantMap","value":{"MOD_ID":{"type":"dvt_char8","value":"E2749E9A-8056-45CD-901B-C368C8E83DEB"},"MOD_TITLE_KEY":{"type":"dvt_char8","value":"{\"LOC_MACEDONIA_PERSIA_MOD_TITLE\":[]}"},"MOD_SUBSCRIPTION_ID":{"type":"dvt_char8","value":""},"MOD_VERSION":{"type":"dvt_char8","value":"1"}}},{"type":"dvt_TypedVariantMap","value":{"MOD_ID":{"type":"dvt_char8","value":"E3F53C61-371C-440B-96CE-077D318B36C0"},"MOD_TITLE_KEY":{"type":"dvt_char8","value":"{\"LOC_AUSTRALIA_MOD_TITLE\":[]}"},"MOD_SUBSCRIPTION_ID":{"type":"dvt_char8","value":""},"MOD_VERSION":{"type":"dvt_char8","value":"1"}}},{"type":"dvt_TypedVariantMap","value":{"MOD_ID":{"type":"dvt_char8","value":"F48213B4-56F5-45DD-92F7-AC78E49BDA49"},"MOD_TITLE_KEY":{"type":"dvt_char8","value":"{\"LOC_GREAT_WARLORDS_MOD_TITLE\":[]}"},"MOD_SUBSCRIPTION_ID":{"type":"dvt_char8","value":""},"MOD_VERSION":{"type":"dvt_char8","value":"1"}}},{"type":"dvt_TypedVariantMap","value":{"MOD_ID":{"type":"dvt_char8","value":"FFDF4E79-DEE2-47BB-919B-F5739106627A"},"MOD_TITLE_KEY":{"type":"dvt_char8","value":"{\"LOC_PORTUGAL_MOD_TITLE\":[{\"locale\":\"de_DE\", \"text\":\"Portugal-Paket\"}, {\"locale\":\"en_US\", \"text\":\"Portugal Pack\"}, {\"locale\":\"es_ES\", \"text\":\"Pack de Portugal\"}, {\"locale\":\"fr_FR\", \"text\":\"Pack Portugal\"}, {\"locale\":\"it_IT\", \"text\":\"Pacchetto Portogallo\"}, {\"locale\":\"ja_JP\", \"text\":\"ポルトガルパック\"}, {\"locale\":\"ko_KR\", \"text\":\"포르투갈 팩\"}, {\"locale\":\"pl_PL\", \"text\":\"Pakiet Portugalii\"}, {\"locale\":\"pt_BR\", \"text\":\"Pacote Portugal\"}, {\"locale\":\"ru_RU\", \"text\":\"Набор «Португалия»\"}, {\"locale\":\"zh_Hans_CN\", \"text\":\"葡萄牙包\"}, {\"locale\":\"zh_Hant_HK\", \"text\":\"葡萄牙包\"}]}"},"MOD_SUBSCRIPTION_ID":{"type":"dvt_char8","value":""},"MOD_VERSION":{"type":"dvt_char8","value":"1"}}},{"type":"dvt_TypedVariantMap","value":{"MOD_ID":{"type":"dvt_char8","value":"f9102cb6-564f-4812-b31e-2a67830fe382"},"MOD_TITLE_KEY":{"type":"dvt_char8","value":"{\"Late Game AI\":[]}"},"MOD_SUBSCRIPTION_ID":{"type":"dvt_char8","value":"2939752243"},"MOD_VERSION":{"type":"dvt_char8","value":"1"}}}]},"GAMEMODE_SUDDEN_DEATH":{"type":"dvt_Bool","value":false},"NO_WAIT_PANTHEON":{"type":"dvt_Bool","value":true},"LGAI_BARB_COMBAT_BONUS":{"type":"dvt_Bool","value":true},"GAME_REALISM":{"type":"dvt_Int32","value":2},"CPL_FS":{"type":"dvt_Int32","value":2},"BAN_POOL_1_NAME":{"type":"dvt_char8","value":"Archipelago_XP2.lua"},"BAN_9":{"type":"dvt_char8","value":"LEADER_ELEANOR_FRANCE"},"ZYL_IDENTITY_DEAL":{"type":"dvt_char8","value":""},"NO_TRADING_LUXURIES":{"type":"dvt_Bool","value":false},"CPL_SMARTTIMER":{"type":"dvt_Int32","value":9},"24084B20":{"type":"dvt_Int32","value":-1},"CPL_NO_PM":{"type":"dvt_Bool","value":false},"GAME_TURN_LIMIT":{"type":"dvt_Int32","value":-554045265},"CPL_FREECITY_OPT":{"type":"dvt_Int32","value":0},"BAN_5":{"type":"dvt_char8","value":"LEADER_ELEANOR_FRANCE"},"NO_TRADING_CAPTIVES":{"type":"dvt_Bool","value":false},"GAME_SPEED_NAME":{"type":"dvt_char8","value":"{\"LOC_GAMESPEED_ONLINE_NAME\":[{\"locale\":\"en_US\",\"text\":\"Online\"},{\"locale\":\"fr_FR\",\"text\":\"En ligne\"},{\"locale\":\"de_DE\",\"text\":\"Online\"},{\"locale\":\"it_IT\",\"text\":\"Online\"},{\"locale\":\"es_ES\",\"text\":\"En línea\"},{\"locale\":\"ja_JP\",\"text\":\"オンライン\"},{\"locale\":\"ru_RU\",\"text\":\"Сетевая\"},{\"locale\":\"pl_PL\",\"text\":\"Sieciowa\"},{\"locale\":\"ko_KR\",\"text\":\"온라인\"},{\"locale\":\"zh_Hant_HK\",\"text\":\"聯機\"},{\"locale\":\"zh_Hans_CN\",\"text\":\"联机\"},{\"locale\":\"pt_BR\",\"text\":\"Online\"}]}"},"BAN_1":{"type":"dvt_char8","value":"LEADER_ELEANOR_FRANCE"},"ZYL_IDENTITY_SEPARATE_PLAYER_1":{"type":"dvt_Int32","value":0},"TURN_TIMER_TIME":{"type":"dvt_Int32","value":180},"RULESET":{"type":"dvt_char8","value":"RULESET_EXPANSION_2"},"VictoryScienceSetting":{"type":"dvt_Int32","value":0},"BAN_POOL_10_NAME":{"type":"dvt_char8","value":"Shuffle.lua"},"NO_TRADING_FAVOR":{"type":"dvt_Bool","value":false},"LGAI_FREE_UNITS":{"type":"dvt_Int32","value":0},"BAN_POOL_8_NAME":{"type":"dvt_char8","value":"Primordial.lua"},"NO_DUPLICATE_CIVILIZATIONS":{"type":"dvt_Bool","value":true},"ZYL_IDENTITY_REBEL_COUNT":{"type":"dvt_Int32","value":3},"CITY_STATE_COUNT":{"type":"dvt_Int32","value":12},"ALLIANCE_CULTURAL":{"type":"dvt_Bool","value":true},"GAME_NO_BARBARIANS":{"type":"dvt_Bool","value":true},"CPL_RESTRICTED_DRAFT":{"type":"dvt_Bool","value":false},"MPH_PRESET":{"type":"dvt_Int32","value":0},"ZYL_STARTING_BONUS_TYPE":{"type":"dvt_Int32","value":0},"GAME_ALLIES_SHARE_VISIBILITY":{"type":"dvt_Bool","value":true},"BAN_POOL_4_NAME":{"type":"dvt_char8","value":"Fractal.lua"},"NO_TEAMS":{"type":"dvt_Bool","value":false},"GAMEMODE_TREE_RANDOMIZER":{"type":"dvt_Bool","value":false},"GAME_START_ERA_NAME":{"type":"dvt_char8","value":"{\"LOC_ERA_ANCIENT_NAME\":[{\"locale\":\"en_US\",\"text\":\"Ancient Era\"},{\"locale\":\"fr_FR\",\"text\":\"Ère antique\",\"plurality\":\"1\",\"gender\":\"feminine:vowel\"},{\"locale\":\"de_DE\",\"text\":\"Antike|Antike|Antike|Antike|Antike\",\"plurality\":\"1\",\"gender\":\"feminine\"},{\"locale\":\"it_IT\",\"text\":\"Epoca antica\"},{\"locale\":\"es_ES\",\"text\":\"Antigüedad\",\"plurality\":\"1\",\"gender\":\"feminine\"},{\"locale\":\"ja_JP\",\"text\":\"太古\"},{\"locale\":\"ru_RU\",\"text\":\"Древний мир|Древнего мира|Древнему миру|Древний мир|Древним миром|Древнем мире\",\"plurality\":\"1\",\"gender\":\"feminine\"},{\"locale\":\"pl_PL\",\"text\":\"Starożytność|Starożytności|Starożytności|Starożytność|Starożytnością|Starożytności|starożytność|starożytności|starożytności|starożytność|starożytnością|starożytności\",\"plurality\":\"1\",\"gender\":\"feminine\"},{\"locale\":\"ko_KR\",\"text\":\"고대 시대\"},{\"locale\":\"zh_Hant_HK\",\"text\":\"遠古時代\"},{\"locale\":\"zh_Hans_CN\",\"text\":\"远古时代\"},{\"locale\":\"pt_BR\",\"text\":\"Era Antiga\",\"plurality\":\"1\",\"gender\":\"feminine\"}]}"},"TOOLS_COMMAND":{"type":"dvt_Bool","value":true},"BAN_POOL_3_NAME":{"type":"dvt_char8","value":"Continents_Islands.lua"},"ZYL_IDENTITY_MODE":{"type":"dvt_Bool","value":false},"LGAI_COMPATIBILITY":{"type":"dvt_Bool","value":false},"VICTORY_SCORE":{"type":"dvt_Bool","value":true},"BAN_8":{"type":"dvt_char8","value":"LEADER_ELEANOR_FRANCE"},"VictoryCulturalSetting":{"type":"dvt_Int32","value":2},"NO_LGAI_FREE_STRATEGICS":{"type":"dvt_Bool","value":true},"BAN_4":{"type":"dvt_char8","value":"LEADER_ELEANOR_FRANCE"},"ALLIANCE_ECONOMIC":{"type":"dvt_Bool","value":true},"MOD_BBG_ID":{"type":"dvt_Bool","value":true},"CPL_CS":{"type":"dvt_Int32","value":1},"GAME_STATE":{"type":"dvt_UInt32","value":3476484846},"VictoryDiploSetting":{"type":"dvt_Int32","value":2},"BBGVictorySpeedSlider":{"type":"dvt_Int32","value":5},"BAN_POOL_15_NAME":{"type":"dvt_char8","value":"Highlands_XP2.lua"},"GAME_GUID_HI":{"type":"dvt_UInt64","value":4645004058036950141},"TRADITIONAL_DOMINATION_LEVEL":{"type":"dvt_Int32","value":100},"CPL_RULES":{"type":"dvt_Bool","value":false},"MOD_BSM_ID":{"type":"dvt_Bool","value":false},"GAMEMODE_DRAMATICAGES":{"type":"dvt_Bool","value":false},"BAN_POOL_12_NAME":{"type":"dvt_char8","value":"rich_highlands_xp2.lua"},"ZYL_DIPLOMACY_RIBBON_MODE":{"type":"dvt_Int32","value":1},"MOD_BBS_ID":{"type":"dvt_Bool","value":true},"TURN_PHASE_TYPE":{"type":"dvt_Int32","value":-1700022593},"SettlersConfig":{"type":"dvt_Int32","value":0},"NO_FRIENDSHIP":{"type":"dvt_Bool","value":false},"BAN_POOL_5_NAME":{"type":"dvt_char8","value":"Lakes.lua"},"GAME_PAUSED":{"type":"dvt_Bool","value":false},"SpawnRecalculation":{"type":"dvt_Bool","value":true},"SETTINGS_UI":{"type":"dvt_char8","value":"SETTINGS_UI_ENABLE_ALL"},"GAMEMODE_MONOPOLIES":{"type":"dvt_Bool","value":true},"941DD5D0":{"type":"dvt_Bool","value":true},"BAN_10":{"type":"dvt_char8","value":"LEADER_ELEANOR_FRANCE"},"BAN_POOL_2_NAME":{"type":"dvt_char8","value":"Continents.lua"},"DIPLOMATIC_DEAL":{"type":"dvt_Bool","value":false},"GAMEMODE_HEROES":{"type":"dvt_Bool","value":false},"DEBUG_BALANCING":{"type":"dvt_Bool","value":false},"ZYL_IDENTITY_LOYALIST_COUNT":{"type":"dvt_Int32","value":2},"ZYL_IDENTITY_SEPARATE_PLAYER_2":{"type":"dvt_Int32","value":0},"NO_DUPLICATE_LEADERS":{"type":"dvt_Bool","value":true},"VictoryDominationSetting":{"type":"dvt_Int32","value":3},"BAN_POOL_14_NAME":{"type":"dvt_char8","value":"Tilted_Axis.lua"},"CPL_NO_PINS":{"type":"dvt_Bool","value":false},"DRAFT_SLOT_ORDER":{"type":"dvt_Int32","value":0},"BAN_POOL_13_NAME":{"type":"dvt_char8","value":"Terra.lua"},"BAN_6":{"type":"dvt_char8","value":"LEADER_ELEANOR_FRANCE"},"GAME_START_ERA":{"type":"dvt_Int32","value":-1851407529},"BAN_2":{"type":"dvt_char8","value":"LEADER_ELEANOR_FRANCE"},"GAMEMODE_BARBARIAN_CLANS":{"type":"dvt_Bool","value":false},"ZYL_STARTING_BONUS_PLAYER":{"type":"dvt_Int32","value":0},"CPL_FREECITY_STRONGER":{"type":"dvt_Bool","value":false},"BAN_3":{"type":"dvt_char8","value":"LEADER_ELEANOR_FRANCE"},"LGAI_ONLINE":{"type":"dvt_Bool","value":true},"NO_TRADING_AGREEMENTS":{"type":"dvt_Bool","value":false},"GAME_HANDICAP":{"type":"dvt_UInt32","value":4115014831},"CALENDAR_TYPE":{"type":"dvt_Int32","value":854230935},"BARBS_SETTING":{"type":"dvt_Int32","value":-1},"ALLIANCE_MILITARY":{"type":"dvt_Bool","value":true},"BAN_7":{"type":"dvt_char8","value":"LEADER_ELEANOR_FRANCE"},"BAN_POOL_7_NAME":{"type":"dvt_char8","value":"Pangaea.lua"},"GAMEMODE_TOWERDEFENSE":{"type":"dvt_Bool","value":false},"GAME_NAME":{"type":"dvt_char8","value":"ZYL的游戏"},"CONFIGURATION_TYPE":{"type":"dvt_UInt32","value":2138120804},"NO_TRADING_CITIES":{"type":"dvt_Bool","value":false},"ALLIANCE_RESEARCH":{"type":"dvt_Bool","value":true},"TURN_TIMER_TYPE":{"type":"dvt_Int32","value":-1525060181},"ZYL_IDENTITY_SPY_COUNT":{"type":"dvt_Int32","value":1},"NO_TRADING_STRATEGICS":{"type":"dvt_Bool","value":false},"ALLIANCE_RELIGIOUS":{"type":"dvt_Bool","value":true},"CPL_SUDDENDEATH":{"type":"dvt_Bool","value":false},"VictoryScoreSetting":{"type":"dvt_Int32","value":0},"BBCC_SETTING_YIELD":{"type":"dvt_Int32","value":2},"VICTORY_TRADITIONAL_DOMINATION":{"type":"dvt_Bool","value":false},"GAMEMODES_ENABLED_NAMES":{"type":"dvt_TypedVariantMap","value":{"1":{"type":"dvt_char8","value":"{\"LOC_GAMEMODE_MONOPOLIES_NAME\":[{\"locale\":\"en_US\",\"text\":\"Monopolies and Corporations Mode\"},{\"locale\":\"fr_FR\",\"text\":\"Mode Monopoles Et Corporations\"},{\"locale\":\"de_DE\",\"text\":\"Monopol- und Korporationen-Modus\"},{\"locale\":\"it_IT\",\"text\":\"Modalità Monopoli e corporazioni\"},{\"locale\":\"es_ES\",\"text\":\"Modo Monopolios y corporaciones\"},{\"locale\":\"ja_JP\",\"text\":\"「独占と大企業」モード\"},{\"locale\":\"ru_RU\",\"text\":\"Режим «Монополии и корпорации»\"},{\"locale\":\"pl_PL\",\"text\":\"Tryb korporacji i monopoli\"},{\"locale\":\"ko_KR\",\"text\":\"독점 및 기업 모드\"},{\"locale\":\"zh_Hant_HK\",\"text\":\"獨佔與企業模式\"},{\"locale\":\"zh_Hans_CN\",\"text\":\"垄断与公司模式\"},{\"locale\":\"pt_BR\",\"text\":\"Modo Monopólios e Corporações\"}]}"},"2":{"type":"dvt_char8","value":"{\"LOC_GAMEMODE_SECRETSOCIETIES_NAME\":[{\"locale\":\"en_US\",\"text\":\"Secret Societies Mode\"},{\"locale\":\"fr_FR\",\"text\":\"Mode Sociétés Secrètes\"},{\"locale\":\"de_DE\",\"text\":\"Geheimgesellschaften-Modus\"},{\"locale\":\"it_IT\",\"text\":\"Modalità Società segrete\"},{\"locale\":\"es_ES\",\"text\":\"Modo Sociedades secretas\"},{\"locale\":\"ja_JP\",\"text\":\"秘密結社モード\"},{\"locale\":\"ru_RU\",\"text\":\"Режим «Тайные общества»\"},{\"locale\":\"pl_PL\",\"text\":\"Tryb tajnych stowarzyszeń\"},{\"locale\":\"ko_KR\",\"text\":\"비밀 결사 모드\"},{\"locale\":\"zh_Hant_HK\",\"text\":\"祕密結社模式\"},{\"locale\":\"zh_Hans_CN\",\"text\":\"秘密结社模式\"},{\"locale\":\"pt_BR\",\"text\":\"Modo Sociedades Secretas\"}]}"}}},"GAMEMODE_APOCALYPSE":{"type":"dvt_Bool","value":false},"CPL_BAN_FORMAT":{"type":"dvt_Int32","value":0},"NO_LGAI_COMBAT_BONUS":{"type":"dvt_Bool","value":false},"CPL_SYNCTURN":{"type":"dvt_Bool","value":false},"VICTORY_DIPLOMATIC":{"type":"dvt_Bool","value":true},"VictoryReligiousSetting":{"type":"dvt_Int32","value":0},"RULESET_NAME":{"type":"dvt_char8","value":"{\"LOC_EXPANSION2_NAME\":[{\"locale\":\"en_US\",\"text\":\"Expansion: Gathering Storm\"},{\"locale\":\"fr_FR\",\"text\":\"Extension : Gathering Storm\"},{\"locale\":\"de_DE\",\"text\":\"Erweiterung: Gathering Storm\"},{\"locale\":\"it_IT\",\"text\":\"Espansione: Gathering Storm\"},{\"locale\":\"es_ES\",\"text\":\"Expansión: Gathering Storm\"},{\"locale\":\"ja_JP\",\"text\":\"拡張パック: 嵐の訪れ\"},{\"locale\":\"ru_RU\",\"text\":\"Дополнение: Gathering Storm\"},{\"locale\":\"pl_PL\",\"text\":\"Rozszerzenie: Gathering Storm\"},{\"locale\":\"ko_KR\",\"text\":\"확장팩: 몰려드는 폭풍\"},{\"locale\":\"zh_Hant_HK\",\"text\":\"資料片：風雲際會\"},{\"locale\":\"zh_Hans_CN\",\"text\":\"资料片：风云变幻\"},{\"locale\":\"pt_BR\",\"text\":\"Expansão: Gathering Storm\"}]}"},"TOOLS_15_TIME":{"type":"dvt_Bool","value":true},"GAME_GUID_LO":{"type":"dvt_UInt64","value":5181362199533425331},"GAMEMODE_SECRETSOCIETIES":{"type":"dvt_Bool","value":true},"VICTORY_CULTURE":{"type":"dvt_Bool","value":true},"GAME_NO_GOODY_HUTS":{"type":"dvt_Bool","value":false},"MOD_MPH_ID":{"type":"dvt_Bool","value":true},"LGAI_HTOURISM":{"type":"dvt_Bool","value":true},"NO_SURPRISE_WAR":{"type":"dvt_Bool","value":false},"BAN_POOL_9_NAME":{"type":"dvt_char8","value":"Seven_Seas.lua"},"VictoryConquestSetting":{"type":"dvt_Int32","value":0},"BBCC_SETTING":{"type":"dvt_Int32","value":0},"ZYL_ERA_LENGTH_OPTIMIZATION":{"type":"dvt_Bool","value":true},"AutoRemap":{"type":"dvt_Bool","value":false},"NO_TRADING_GREATWORKS":{"type":"dvt_Bool","value":false},"LGAI_RELIGION":{"type":"dvt_Bool","value":true},"BAN_POOL_11_NAME":{"type":"dvt_char8","value":"Small_Continents.lua"},"REQUIRED_MODS":{"type":"dvt_TypedVariantVector","value":[{"type":"dvt_TypedVariantMap","value":{"MOD_ID":{"type":"dvt_char8","value":"02A8BDDE-67EA-4D38-9540-26E685E3156E"},"MOD_TITLE_KEY":{"type":"dvt_char8","value":"{\"LOC_AZTEC_MONTEZUMA_MOD_TITLE\":[]}"},"MOD_SUBSCRIPTION_ID":{"type":"dvt_char8","value":""},"MOD_VERSION":{"type":"dvt_char8","value":"1"}}},{"type":"dvt_TypedVariantMap","value":{"MOD_ID":{"type":"dvt_char8","value":"1B28771A-C749-434B-9053-D1380C553DE9"},"MOD_TITLE_KEY":{"type":"dvt_char8","value":"{\"LOC_EXPANSION1_MOD_TITLE\":[]}"},"MOD_SUBSCRIPTION_ID":{"type":"dvt_char8","value":""},"MOD_VERSION":{"type":"dvt_char8","value":"1"}}},{"type":"dvt_TypedVariantMap","value":{"MOD_ID":{"type":"dvt_char8","value":"1B394FE9-23DC-4868-8F0A-5220CB8FB427"},"MOD_TITLE_KEY":{"type":"dvt_char8","value":"{\"LOC_ETHIOPIA_MOD_TITLE\":[{\"locale\":\"de_DE\", \"text\":\"Äthiopien-Paket\"}, {\"locale\":\"en_US\", \"text\":\"Ethiopia Pack\"}, {\"locale\":\"es_ES\", \"text\":\"Pack de Etiopía\"}, {\"locale\":\"fr_FR\", \"text\":\"Pack Éthiopie\"}, {\"locale\":\"it_IT\", \"text\":\"Pacchetto Etiopia\"}, {\"locale\":\"ja_JP\", \"text\":\"エチオピアパック\"}, {\"locale\":\"ko_KR\", \"text\":\"에티오피아 팩\"}, {\"locale\":\"pl_PL\", \"text\":\"Pakiet Etiopii\"}, {\"locale\":\"pt_BR\", \"text\":\"Pacote Etiópia\"}, {\"locale\":\"ru_RU\", \"text\":\"Набор «Эфиопия»\"}, {\"locale\":\"zh_Hans_CN\", \"text\":\"埃塞俄比亚包\"}, {\"locale\":\"zh_Hant_HK\", \"text\":\"衣索比亞包\"}]}"},"MOD_SUBSCRIPTION_ID":{"type":"dvt_char8","value":""},"MOD_VERSION":{"type":"dvt_char8","value":"1"}}},{"type":"dvt_TypedVariantMap","value":{"MOD_ID":{"type":"dvt_char8","value":"1F367231-A040-4793-BDBB-088816853683"},"MOD_TITLE_KEY":{"type":"dvt_char8","value":"{\"LOC_INDONESIA_KHMER_MOD_TITLE\":[]}"},"MOD_SUBSCRIPTION_ID":{"type":"dvt_char8","value":""},"MOD_VERSION":{"type":"dvt_char8","value":"1"}}},{"type":"dvt_TypedVariantMap","value":{"MOD_ID":{"type":"dvt_char8","value":"249D9276-0832-48E4-B370-14531FA4E33C"},"MOD_TITLE_KEY":{"type":"dvt_char8","value":"{\"LOC_GREAT_BUILDERS_MOD_TITLE\":[]}"},"MOD_SUBSCRIPTION_ID":{"type":"dvt_char8","value":""},"MOD_VERSION":{"type":"dvt_char8","value":"1"}}},{"type":"dvt_TypedVariantMap","value":{"MOD_ID":{"type":"dvt_char8","value":"258EF3CA-890B-4863-8A52-982822EFF7BD"},"MOD_TITLE_KEY":{"type":"dvt_char8","value":"{\"LOC_RULERS_OF_ENGLAND_MOD_TITLE\":[]}"},"MOD_SUBSCRIPTION_ID":{"type":"dvt_char8","value":""},"MOD_VERSION":{"type":"dvt_char8","value":"1"}}},{"type":"dvt_TypedVariantMap","value":{"MOD_ID":{"type":"dvt_char8","value":"2c748261-f79c-4e12-a126-cd3c50c6915a"},"MOD_TITLE_KEY":{"type":"dvt_char8","value":"{\"Crank Up The Difficulty!\":[]}"},"MOD_SUBSCRIPTION_ID":{"type":"dvt_char8","value":"3109150636"},"MOD_VERSION":{"type":"dvt_char8","value":"1"}}},{"type":"dvt_TypedVariantMap","value":{"MOD_ID":{"type":"dvt_char8","value":"3809975F-263F-40A2-A747-8BFB171D821A"},"MOD_TITLE_KEY":{"type":"dvt_char8","value":"{\"LOC_POLAND_JADWIGA_MOD_TITLE\":[]}"},"MOD_SUBSCRIPTION_ID":{"type":"dvt_char8","value":""},"MOD_VERSION":{"type":"dvt_char8","value":"1"}}},{"type":"dvt_TypedVariantMap","value":{"MOD_ID":{"type":"dvt_char8","value":"4873eb62-8ccc-4574-b784-dda455e74e68"},"MOD_TITLE_KEY":{"type":"dvt_char8","value":"{\"LOC_EXPANSION2_MOD_TITLE\":[]}"},"MOD_SUBSCRIPTION_ID":{"type":"dvt_char8","value":""},"MOD_VERSION":{"type":"dvt_char8","value":"1"}}},{"type":"dvt_TypedVariantMap","value":{"MOD_ID":{"type":"dvt_char8","value":"4dd01931-9d44-4a8a-8e74-712cba0f0072"},"MOD_TITLE_KEY":{"type":"dvt_char8","value":"{\"LOC_ZYLPVPMOD_TITLE\":[{\"locale\":\"en_US\", \"text\":\"ZYLPVPMOD 2.0.3\"}, {\"locale\":\"zh_Hans_CN\", \"text\":\"ZYLPVPMOD 2.0.3\"}]}"},"MOD_SUBSCRIPTION_ID":{"type":"dvt_char8","value":"3792052697"},"MOD_VERSION":{"type":"dvt_char8","value":"1"}}},{"type":"dvt_TypedVariantMap","value":{"MOD_ID":{"type":"dvt_char8","value":"643EA320-8E1A-4CF1-A01C-00D88DDD131A"},"MOD_TITLE_KEY":{"type":"dvt_char8","value":"{\"LOC_NUBIA_MOD_TITLE\":[]}"},"MOD_SUBSCRIPTION_ID":{"type":"dvt_char8","value":""},"MOD_VERSION":{"type":"dvt_char8","value":"1"}}},{"type":"dvt_TypedVariantMap","value":{"MOD_ID":{"type":"dvt_char8","value":"6c067266-29a2-4c1f-8ee8-77fe7d631f11"},"MOD_TITLE_KEY":{"type":"dvt_char8","value":"{\"No More AI World Wonders\":[]}"},"MOD_SUBSCRIPTION_ID":{"type":"dvt_char8","value":"1964253020"},"MOD_VERSION":{"type":"dvt_char8","value":"1"}}},{"type":"dvt_TypedVariantMap","value":{"MOD_ID":{"type":"dvt_char8","value":"7A66DB58-B354-4061-8C80-95B638DD6F6C"},"MOD_TITLE_KEY":{"type":"dvt_char8","value":"{\"LOC_GREAT_NEGOTIATORS_MOD_TITLE\":[]}"},"MOD_SUBSCRIPTION_ID":{"type":"dvt_char8","value":""},"MOD_VERSION":{"type":"dvt_char8","value":"1"}}},{"type":"dvt_TypedVariantMap","value":{"MOD_ID":{"type":"dvt_char8","value":"7D27831B-BAA6-4A8B-A39C-94243BAD3F47"},"MOD_TITLE_KEY":{"type":"dvt_char8","value":"{\"LOC_RULERS_OF_CHINA_MOD_TITLE\":[]}"},"MOD_SUBSCRIPTION_ID":{"type":"dvt_char8","value":""},"MOD_VERSION":{"type":"dvt_char8","value":"1"}}},{"type":"dvt_TypedVariantMap","value":{"MOD_ID":{"type":"dvt_char8","value":"82AE6F24-930F-4640-833C-FCDFD4845757"},"MOD_TITLE_KEY":{"type":"dvt_char8","value":"{\"LOC_RULERS_OF_THE_SAHARA_MOD_TITLE\":[]}"},"MOD_SUBSCRIPTION_ID":{"type":"dvt_char8","value":""},"MOD_VERSION":{"type":"dvt_char8","value":"1"}}},{"type":"dvt_TypedVariantMap","value":{"MOD_ID":{"type":"dvt_char8","value":"8424840C-92EF-4426-A9B4-B4E0CB818049"},"MOD_TITLE_KEY":{"type":"dvt_char8","value":"{\"LOC_BABYLON_MOD_TITLE\":[{\"locale\":\"de_DE\", \"text\":\"Babylon-Paket\"}, {\"locale\":\"en_US\", \"text\":\"Babylon Pack\"}, {\"locale\":\"es_ES\", \"text\":\"Pack de Babilonia\"}, {\"locale\":\"fr_FR\", \"text\":\"Pack Babylone\"}, {\"locale\":\"it_IT\", \"text\":\"Pacchetto Babilonia\"}, {\"locale\":\"ja_JP\", \"text\":\"バビロンパック\"}, {\"locale\":\"ko_KR\", \"text\":\"바빌론 팩\"}, {\"locale\":\"pl_PL\", \"text\":\"Pakiet Babilonu\"}, {\"locale\":\"pt_BR\", \"text\":\"Pacote Babilônia\"}, {\"locale\":\"ru_RU\", \"text\":\"Набор «Вавилон»\"}, {\"locale\":\"zh_Hans_CN\", \"text\":\"巴比伦包\"}, {\"locale\":\"zh_Hant_HK\", \"text\":\"巴比倫包\"}]}"},"MOD_SUBSCRIPTION_ID":{"type":"dvt_char8","value":""},"MOD_VERSION":{"type":"dvt_char8","value":"1"}}},{"type":"dvt_TypedVariantMap","value":{"MOD_ID":{"type":"dvt_char8","value":"9DE86512-DE1A-400D-8C0A-AB46EBBF76B9"},"MOD_TITLE_KEY":{"type":"dvt_char8","value":"{\"LOC_GRANCOLOMBIA_MAYA_MOD_TITLE\":[{\"locale\":\"de_DE\", \"text\":\"Maya- und Großkolumbien-Paket\"}, {\"locale\":\"en_US\", \"text\":\"Maya and Gran Colombia Pack\"}, {\"locale\":\"es_ES\", \"text\":\"Pack de los mayas y la Gran Colombia\"}, {\"locale\":\"fr_FR\", \"text\":\"Pack Mayas et Grande Colombie\"}, {\"locale\":\"it_IT\", \"text\":\"Pacchetto Maya e Grande Colombia\"}, {\"locale\":\"ja_JP\", \"text\":\"マヤ＆大コロンビアパック\"}, {\"locale\":\"ko_KR\", \"text\":\"마야 및 그란 콜롬비아 팩\"}, {\"locale\":\"pl_PL\", \"text\":\"Pakiet Majów i Wielkiej Kolumbii\"}, {\"locale\":\"pt_BR\", \"text\":\"Pacote Maia e Grande Colômbia\"}, {\"locale\":\"ru_RU\", \"text\":\"Набор «Майя и Великая Колумбия»\"}, {\"locale\":\"zh_Hans_CN\", \"text\":\"玛雅和大哥伦比亚包\"}, {\"locale\":\"zh_Hant_HK\", \"text\":\"馬雅及大哥倫比亞包\"}]}"},"MOD_SUBSCRIPTION_ID":{"type":"dvt_char8","value":""},"MOD_VERSION":{"type":"dvt_char8","value":"1"}}},{"type":"dvt_TypedVariantMap","value":{"MOD_ID":{"type":"dvt_char8","value":"A1100FC4-70F2-4129-AC27-2A65A685ED08"},"MOD_TITLE_KEY":{"type":"dvt_char8","value":"{\"LOC_BYZANTIUM_GAUL_MOD_TITLE\":[{\"locale\":\"de_DE\", \"text\":\"Byzanz- und Gallien-Paket\"}, {\"locale\":\"en_US\", \"text\":\"Byzantium and Gaul Pack\"}, {\"locale\":\"es_ES\", \"text\":\"Pack de los bizantinos y galos\"}, {\"locale\":\"fr_FR\", \"text\":\"Pack Gaule et Byzance\"}, {\"locale\":\"it_IT\", \"text\":\"Pacchetto Bisanzio e Galli\"}, {\"locale\":\"ja_JP\", \"text\":\"ビザンティン＆ガリアパック\"}, {\"locale\":\"ko_KR\", \"text\":\"비잔티움 및 골 팩\"}, {\"locale\":\"pl_PL\", \"text\":\"Pakiet Bizancjum i Galów\"}, {\"locale\":\"pt_BR\", \"text\":\"Pacote Bizâncio e Gália\"}, {\"locale\":\"ru_RU\", \"text\":\"Набор «Византия и галлы»\"}, {\"locale\":\"zh_Hans_CN\", \"text\":\"拜占庭和高卢包\"}, {\"locale\":\"zh_Hant_HK\", \"text\":\"拜占庭及高盧包\"}]}"},"MOD_SUBSCRIPTION_ID":{"type":"dvt_char8","value":""},"MOD_VERSION":{"type":"dvt_char8","value":"1"}}},{"type":"dvt_TypedVariantMap","value":{"MOD_ID":{"type":"dvt_char8","value":"A3F42CD4-6C3E-4F5A-BC81-BE29E0C0B87C"},"MOD_TITLE_KEY":{"type":"dvt_char8","value":"{\"LOC_KUBLAIKHAN_VIETNAM_MOD_TITLE\":[{\"locale\":\"de_DE\", \"text\":\"Vietnam- und Kublai Khan-Paket\"}, {\"locale\":\"en_US\", \"text\":\"Vietnam and Kublai Khan Pack\"}, {\"locale\":\"es_ES\", \"text\":\"Pack de Vietnam y Kublai Kan\"}, {\"locale\":\"fr_FR\", \"text\":\"Pack Vietnam et Kubilai Khan\"}, {\"locale\":\"it_IT\", \"text\":\"Pacchetto Vietnam e Kublai Khan\"}, {\"locale\":\"ja_JP\", \"text\":\"ベトナム＆フビライ・ハンパック\"}, {\"locale\":\"ko_KR\", \"text\":\"베트남 및 쿠빌라이칸 팩\"}, {\"locale\":\"pl_PL\", \"text\":\"Pakiet Wietnamu i Kubilaj-chana\"}, {\"locale\":\"pt_BR\", \"text\":\"Pacote Vietnã e Kublai Khan\"}, {\"locale\":\"ru_RU\", \"text\":\"Набор «Вьетнам и Хубилай»\"}, {\"locale\":\"zh_Hans_CN\", \"text\":\"越南和忽必烈包\"}, {\"locale\":\"zh_Hant_HK\", \"text\":\"越南及忽必烈包\"}]}"},"MOD_SUBSCRIPTION_ID":{"type":"dvt_char8","value":""},"MOD_VERSION":{"type":"dvt_char8","value":"1"}}},{"type":"dvt_TypedVariantMap","value":{"MOD_ID":{"type":"dvt_char8","value":"CE5876CD-6900-46D1-9C9C-8DBA1F28872E"},"MOD_TITLE_KEY":{"type":"dvt_char8","value":"{\"LOC_CATHERINE_DE_MEDICI_MOD_TITLE\":[{\"locale\":\"de_DE\", \"text\":\"Katharina von Medici-Paket\"}, {\"locale\":\"en_US\", \"text\":\"Catherine de Medici Persona Pack\"}, {\"locale\":\"es_ES\", \"text\":\"Pack de personalidades de Catalina de Médici\"}, {\"locale\":\"fr_FR\", \"text\":\"Pack de personnalités Catherine de Médicis\"}, {\"locale\":\"it_IT\", \"text\":\"Pacchetto personaggio Caterina de' Medici\"}, {\"locale\":\"ja_JP\", \"text\":\"カトリーヌ・ド・メディシス パーソナリティ・パック\"}, {\"locale\":\"ko_KR\", \"text\":\"카트린 데메디치 페르소나 팩\"}, {\"locale\":\"pl_PL\", \"text\":\"Pakiet wariantów Katarzyny Medycejskiej\"}, {\"locale\":\"pt_BR\", \"text\":\"Pacote da Personalidade Catarina de Médici\"}, {\"locale\":\"ru_RU\", \"text\":\"Набор «Екатерина Медичи: личности»\"}, {\"locale\":\"zh_Hans_CN\", \"text\":\"凯瑟琳·德·美第奇领袖包\"}, {\"locale\":\"zh_Hant_HK\", \"text\":\"凱薩琳‧德‧麥地奇造型包\"}]}"},"MOD_SUBSCRIPTION_ID":{"type":"dvt_char8","value":""},"MOD_VERSION":{"type":"dvt_char8","value":"1"}}},{"type":"dvt_TypedVariantMap","value":{"MOD_ID":{"type":"dvt_char8","value":"E2749E9A-8056-45CD-901B-C368C8E83DEB"},"MOD_TITLE_KEY":{"type":"dvt_char8","value":"{\"LOC_MACEDONIA_PERSIA_MOD_TITLE\":[]}"},"MOD_SUBSCRIPTION_ID":{"type":"dvt_char8","value":""},"MOD_VERSION":{"type":"dvt_char8","value":"1"}}},{"type":"dvt_TypedVariantMap","value":{"MOD_ID":{"type":"dvt_char8","value":"E3F53C61-371C-440B-96CE-077D318B36C0"},"MOD_TITLE_KEY":{"type":"dvt_char8","value":"{\"LOC_AUSTRALIA_MOD_TITLE\":[]}"},"MOD_SUBSCRIPTION_ID":{"type":"dvt_char8","value":""},"MOD_VERSION":{"type":"dvt_char8","value":"1"}}},{"type":"dvt_TypedVariantMap","value":{"MOD_ID":{"type":"dvt_char8","value":"F48213B4-56F5-45DD-92F7-AC78E49BDA49"},"MOD_TITLE_KEY":{"type":"dvt_char8","value":"{\"LOC_GREAT_WARLORDS_MOD_TITLE\":[]}"},"MOD_SUBSCRIPTION_ID":{"type":"dvt_char8","value":""},"MOD_VERSION":{"type":"dvt_char8","value":"1"}}},{"type":"dvt_TypedVariantMap","value":{"MOD_ID":{"type":"dvt_char8","value":"FFDF4E79-DEE2-47BB-919B-F5739106627A"},"MOD_TITLE_KEY":{"type":"dvt_char8","value":"{\"LOC_PORTUGAL_MOD_TITLE\":[{\"locale\":\"de_DE\", \"text\":\"Portugal-Paket\"}, {\"locale\":\"en_US\", \"text\":\"Portugal Pack\"}, {\"locale\":\"es_ES\", \"text\":\"Pack de Portugal\"}, {\"locale\":\"fr_FR\", \"text\":\"Pack Portugal\"}, {\"locale\":\"it_IT\", \"text\":\"Pacchetto Portogallo\"}, {\"locale\":\"ja_JP\", \"text\":\"ポルトガルパック\"}, {\"locale\":\"ko_KR\", \"text\":\"포르투갈 팩\"}, {\"locale\":\"pl_PL\", \"text\":\"Pakiet Portugalii\"}, {\"locale\":\"pt_BR\", \"text\":\"Pacote Portugal\"}, {\"locale\":\"ru_RU\", \"text\":\"Набор «Португалия»\"}, {\"locale\":\"zh_Hans_CN\", \"text\":\"葡萄牙包\"}, {\"locale\":\"zh_Hant_HK\", \"text\":\"葡萄牙包\"}]}"},"MOD_SUBSCRIPTION_ID":{"type":"dvt_char8","value":""},"MOD_VERSION":{"type":"dvt_char8","value":"1"}}},{"type":"dvt_TypedVariantMap","value":{"MOD_ID":{"type":"dvt_char8","value":"f9102cb6-564f-4812-b31e-2a67830fe382"},"MOD_TITLE_KEY":{"type":"dvt_char8","value":"{\"Late Game AI\":[]}"},"MOD_SUBSCRIPTION_ID":{"type":"dvt_char8","value":"2939752243"},"MOD_VERSION":{"type":"dvt_char8","value":"1"}}}]},"GAME_SPEED_TYPE":{"type":"dvt_Int32","value":-1649545904}}},"PLAYER_2":{"type":"dvt_TypedVariantMap","value":{"TEAM":{"type":"dvt_Int32","value":0},"PLAYER_ID":{"type":"dvt_Int32","value":2},"LEADER_DOMAIN":{"type":"dvt_char8","value":"Players:Expansion2_Players"},"MAP_PINS":{"type":"dvt_TypedVariantMap","value":{}},"IS_ALIVE":{"type":"dvt_Bool","value":true},"HOTSEAT_PASSWORD":{"type":"dvt_char8","value":""},"WANTS_PAUSE":{"type":"dvt_Bool","value":false},"CIVILIZATION_LEVEL_TYPE_ID":{"type":"dvt_UInt32","value":624367792},"NETWORK_NAME":{"type":"dvt_char8","value":"Jerry@76561199005446447"},"CIVILIZATION_TYPE_NAME":{"type":"dvt_char8","value":"CIVILIZATION_INDIA"},"READY_STATUS":{"type":"dvt_Bool","value":true},"CIVILIZATION_TYPE_ID":{"type":"dvt_Int32","value":-507217249},"CIVILIZATION_LEVEL_TYPE_NAME":{"type":"dvt_char8","value":"CIVILIZATION_LEVEL_FULL_CIV"},"LEADER_VALUE_DOMAIN":{"type":"dvt_char8","value":"Players:Expansion2_Players"},"IS_LOCKED":{"type":"dvt_Int32","value":0},"SLOT_STATUS":{"type":"dvt_Int32","value":3},"PLAYER_COLOR_ALTERNATE":{"type":"dvt_Int32","value":0},"CONFIGURATION_TYPE":{"type":"dvt_UInt32","value":1697843344},"LEADER_VALUES":{"type":"dvt_char8","value":"Players:*::RANDOM,Players:*::RANDOM_POOL1,Players:*::RANDOM_POOL2,Players:Expansion2_Players::LEADER_ELEANOR_FRANCE,Players:Expansion2_Players::LEADER_ELEANOR_ENGLAND,Players:Expansion2_Players::LEADER_HOJO,Players:Expansion2_Players::LEADER_HOJO_INLAND,Players:Expansion2_Players::LEADER_PETER_GREAT,Players:Expansion2_Players::LEADER_PERICLES,Players:Expansion2_Players::LEADER_GENGHIS_KHAN,Players:Expansion2_Players::LEADER_DIDO,Players:Expansion2_Players::LEADER_JAYAVARMAN,Players:Expansion2_Players::LEADER_PHILIP_II,Players:Expansion2_Players::LEADER_PHILIP_II_INLAND,Players:Expansion2_Players::LEADER_BARBAROSSA,Players:Expansion2_Players::LEADER_GANDHI,Players:Expansion2_Players::LEADER_GORGO,Players:Expansion2_Players::LEADER_HARDRADA,Players:Expansion2_Players::LEADER_GILGAMESH,Players:Expansion2_Players::LEADER_CYRUS,Players:Expansion2_Players::LEADER_CATHERINE_DE_MEDICI,Players:Expansion2_Players::LEADER_KRISTINA,Players:Expansion2_Players::LEADER_CLEOPATRA,Players:Expansion2_Players::LEADER_KUPE,Players:Expansion2_Players::LEADER_LAUTARO,Players:Expansion2_Players::LEADER_ROBERT_THE_BRUCE,Players:Expansion2_Players::LEADER_MONTEZUMA,Players:Expansion2_Players::LEADER_MVEMBA,Players:Expansion2_Players::LEADER_PACHACUTI,Players:Expansion2_Players::LEADER_POUNDMAKER,Players:Expansion2_Players::LEADER_PEDRO,Players:Expansion2_Players::LEADER_SHAKA,Players:Expansion2_Players::LEADER_QIN,Players:Expansion2_Players::LEADER_SALADIN,Players:Expansion2_Players::LEADER_SEONDEOK,Players:Expansion2_Players::LEADER_SULEIMAN,Players:Expansion2_Players::LEADER_TAMAR,Players:Expansion2_Players::LEADER_T_ROOSEVELT,Players:Expansion2_Players::LEADER_GITARJA,Players:Expansion2_Players::LEADER_TRAJAN,Players:Expansion2_Players::LEADER_TOMYRIS,Players:Expansion2_Players::LEADER_LAURIER,Players:Expansion2_Players::LEADER_WILHELMINA,Players:Expansion2_Players::LEADER_WILHELMINA_INLAND,Players:Expansion2_Players::LEADER_VICTORIA,Players:Expansion2_Players::LEADER_MATTHIAS_CORVINUS,Players:Expansion2_Players::LEADER_JADWIGA,Players:Expansion2_Players::LEADER_ALEXANDER,Players:Expansion2_Players::LEADER_JOHN_CURTIN,Players:Expansion2_Players::LEADER_CHANDRAGUPTA"},"NICK_NAME":{"type":"dvt_char8","value":"Jerry"},"LEADER_TYPE_ID":{"type":"dvt_UInt32","value":3548028894},"LEADER_TYPE_NAME":{"type":"dvt_char8","value":"LEADER_CHANDRAGUPTA"},"LEADER_NAME":{"type":"dvt_char8","value":"LOC_LEADER_CHANDRAGUPTA_NAME"},"HANDICAP_TYPE_ID":{"type":"dvt_UInt32","value":4115014831},"MOD_READY_STATUS":{"type":"dvt_Bool","value":true}}},"PLAYER_6":{"type":"dvt_TypedVariantMap","value":{"TEAM":{"type":"dvt_Int32","value":1},"PLAYER_ID":{"type":"dvt_Int32","value":6},"LEADER_RANDOM_POOL_ID":{"type":"dvt_Int32","value":0},"LEADER_DOMAIN":{"type":"dvt_char8","value":"Players:Expansion2_Players"},"MAP_PINS":{"type":"dvt_TypedVariantMap","value":{}},"IS_ALIVE":{"type":"dvt_Bool","value":true},"HOTSEAT_PASSWORD":{"type":"dvt_char8","value":""},"CIVILIZATION_LEVEL_TYPE_ID":{"type":"dvt_UInt32","value":624367792},"READY_STATUS":{"type":"dvt_Bool","value":false},"CIVILIZATION_LEVEL_TYPE_NAME":{"type":"dvt_char8","value":"CIVILIZATION_LEVEL_FULL_CIV"},"LEADER_VALUE_DOMAIN":{"type":"dvt_char8","value":"Players:*"},"IS_LOCKED":{"type":"dvt_Int32","value":0},"SLOT_STATUS":{"type":"dvt_Int32","value":1},"CONFIGURATION_TYPE":{"type":"dvt_UInt32","value":1697843344},"LEADER_VALUES":{"type":"dvt_char8","value":"Players:*::RANDOM,Players:*::RANDOM_POOL1,Players:*::RANDOM_POOL2,Players:Expansion2_Players::LEADER_ELEANOR_FRANCE,Players:Expansion2_Players::LEADER_ELEANOR_ENGLAND,Players:Expansion2_Players::LEADER_AMBIORIX,Players:Expansion2_Players::LEADER_BASIL,Players:Expansion2_Players::LEADER_HOJO,Players:Expansion2_Players::LEADER_HOJO_INLAND,Players:Expansion2_Players::LEADER_PETER_GREAT,Players:Expansion2_Players::LEADER_PERICLES,Players:Expansion2_Players::LEADER_GENGHIS_KHAN,Players:Expansion2_Players::LEADER_TOKUGAWA,Players:Expansion2_Players::LEADER_THEODORA,Players:Expansion2_Players::LEADER_DIDO,Players:Expansion2_Players::LEADER_JAYAVARMAN,Players:Expansion2_Players::LEADER_NZINGA_MBANDE,Players:Expansion2_Players::LEADER_PHILIP_II,Players:Expansion2_Players::LEADER_PHILIP_II_INLAND,Players:Expansion2_Players::LEADER_BARBAROSSA,Players:Expansion2_Players::LEADER_GORGO,Players:Expansion2_Players::LEADER_HARDRADA,Players:Expansion2_Players::LEADER_HARALD_ALT,Players:Expansion2_Players::LEADER_KUBLAI_KHAN_MONGOLIA,Players:Expansion2_Players::LEADER_KUBLAI_KHAN_CHINA,Players:Expansion2_Players::LEADER_GILGAMESH,Players:Expansion2_Players::LEADER_CYRUS,Players:Expansion2_Players::LEADER_CATHERINE_DE_MEDICI,Players:Expansion2_Players::LEADER_CATHERINE_DE_MEDICI_ALT,Players:Expansion2_Players::LEADER_KRISTINA,Players:Expansion2_Players::LEADER_CLEOPATRA,Players:Expansion2_Players::LEADER_CLEOPATRA_ALT,Players:Expansion2_Players::LEADER_KUPE,Players:Expansion2_Players::LEADER_RAMSES,Players:Expansion2_Players::LEADER_LAUTARO,Players:Expansion2_Players::LEADER_LADY_SIX_SKY,Players:Expansion2_Players::LEADER_LUDWIG,Players:Expansion2_Players::LEADER_ROBERT_THE_BRUCE,Players:Expansion2_Players::LEADER_MONTEZUMA,Players:Expansion2_Players::LEADER_MENELIK,Players:Expansion2_Players::LEADER_MVEMBA,Players:Expansion2_Players::LEADER_NADER_SHAH,Players:Expansion2_Players::LEADER_PACHACUTI,Players:Expansion2_Players::LEADER_POUNDMAKER,Players:Expansion2_Players::LEADER_PEDRO,Players:Expansion2_Players::LEADER_SHAKA,Players:Expansion2_Players::LEADER_QIN_ALT,Players:Expansion2_Players::LEADER_QIN,Players:Expansion2_Players::LEADER_JOAO_III,Players:Expansion2_Players::LEADER_SALADIN_ALT,Players:Expansion2_Players::LEADER_SALADIN,Players:Expansion2_Players::LEADER_SEONDEOK,Players:Expansion2_Players::LEADER_SEJONG,Players:Expansion2_Players::LEADER_SULEIMAN_ALT,Players:Expansion2_Players::LEADER_SULEIMAN,Players:Expansion2_Players::LEADER_TAMAR,Players:Expansion2_Players::LEADER_T_ROOSEVELT,Players:Expansion2_Players::LEADER_GITARJA,Players:Expansion2_Players::LEADER_TRAJAN,Players:Expansion2_Players::LEADER_TOMYRIS,Players:Expansion2_Players::LEADER_LAURIER,Players:Expansion2_Players::LEADER_WILHELMINA,Players:Expansion2_Players::LEADER_WILHELMINA_INLAND,Players:Expansion2_Players::LEADER_VICTORIA,Players:Expansion2_Players::LEADER_VICTORIA_ALT,Players:Expansion2_Players::LEADER_WU_ZETIAN,Players:Expansion2_Players::LEADER_SIMON_BOLIVAR,Players:Expansion2_Players::LEADER_MATTHIAS_CORVINUS,Players:Expansion2_Players::LEADER_JADWIGA,Players:Expansion2_Players::LEADER_ABRAHAM_LINCOLN,Players:Expansion2_Players::LEADER_ALEXANDER,Players:Expansion2_Players::LEADER_ELIZABETH,Players:Expansion2_Players::LEADER_YONGLE,Players:Expansion2_Players::LEADER_JOHN_CURTIN,Players:Expansion2_Players::LEADER_LADY_TRIEU"},"LEADER_TYPE_ID":{"type":"dvt_UInt32","value":4294967295},"LEADER_TYPE_NAME":{"type":"dvt_char8","value":""},"LEADER_NAME":{"type":"dvt_char8","value":""},"HANDICAP_TYPE_ID":{"type":"dvt_Int32","value":-1874486710}}},"PLAYER_28":{"type":"dvt_TypedVariantMap","value":{"PLAYER_ID":{"type":"dvt_Int32","value":28},"MAP_PINS":{"type":"dvt_TypedVariantMap","value":{}},"READY_STATUS":{"type":"dvt_Bool","value":false},"SLOT_STATUS":{"type":"dvt_Int32","value":2},"CONFIGURATION_TYPE":{"type":"dvt_UInt32","value":1697843344}}},"PLAYER_61":{"type":"dvt_TypedVariantMap","value":{"PLAYER_ID":{"type":"dvt_Int32","value":61},"MAP_PINS":{"type":"dvt_TypedVariantMap","value":{}},"READY_STATUS":{"type":"dvt_Bool","value":false},"SLOT_STATUS":{"type":"dvt_Int32","value":2},"CONFIGURATION_TYPE":{"type":"dvt_UInt32","value":1697843344}}},"PLAYER_38":{"type":"dvt_TypedVariantMap","value":{"PLAYER_ID":{"type":"dvt_Int32","value":38},"MAP_PINS":{"type":"dvt_TypedVariantMap","value":{}},"READY_STATUS":{"type":"dvt_Bool","value":false},"SLOT_STATUS":{"type":"dvt_Int32","value":2},"CONFIGURATION_TYPE":{"type":"dvt_UInt32","value":1697843344}}},"PLAYER_30":{"type":"dvt_TypedVariantMap","value":{"PLAYER_ID":{"type":"dvt_Int32","value":30},"MAP_PINS":{"type":"dvt_TypedVariantMap","value":{}},"READY_STATUS":{"type":"dvt_Bool","value":false},"SLOT_STATUS":{"type":"dvt_Int32","value":2},"CONFIGURATION_TYPE":{"type":"dvt_UInt32","value":1697843344}}},"PLAYER_34":{"type":"dvt_TypedVariantMap","value":{"PLAYER_ID":{"type":"dvt_Int32","value":34},"MAP_PINS":{"type":"dvt_TypedVariantMap","value":{}},"READY_STATUS":{"type":"dvt_Bool","value":false},"SLOT_STATUS":{"type":"dvt_Int32","value":2},"CONFIGURATION_TYPE":{"type":"dvt_UInt32","value":1697843344}}},"PLAYER_41":{"type":"dvt_TypedVariantMap","value":{"PLAYER_ID":{"type":"dvt_Int32","value":41},"MAP_PINS":{"type":"dvt_TypedVariantMap","value":{}},"READY_STATUS":{"type":"dvt_Bool","value":false},"SLOT_STATUS":{"type":"dvt_Int32","value":2},"CONFIGURATION_TYPE":{"type":"dvt_UInt32","value":1697843344}}},"PLAYER_18":{"type":"dvt_TypedVariantMap","value":{"PLAYER_ID":{"type":"dvt_Int32","value":18},"MAP_PINS":{"type":"dvt_TypedVariantMap","value":{}},"READY_STATUS":{"type":"dvt_Bool","value":false},"SLOT_STATUS":{"type":"dvt_Int32","value":2},"CONFIGURATION_TYPE":{"type":"dvt_UInt32","value":1697843344}}},"PLAYER_45":{"type":"dvt_TypedVariantMap","value":{"PLAYER_ID":{"type":"dvt_Int32","value":45},"MAP_PINS":{"type":"dvt_TypedVariantMap","value":{}},"READY_STATUS":{"type":"dvt_Bool","value":false},"SLOT_STATUS":{"type":"dvt_Int32","value":2},"CONFIGURATION_TYPE":{"type":"dvt_UInt32","value":1697843344}}},"PLAYER_10":{"type":"dvt_TypedVariantMap","value":{"PLAYER_ID":{"type":"dvt_Int32","value":10},"MAP_PINS":{"type":"dvt_TypedVariantMap","value":{}},"READY_STATUS":{"type":"dvt_Bool","value":false},"SLOT_STATUS":{"type":"dvt_Int32","value":2},"CONFIGURATION_TYPE":{"type":"dvt_UInt32","value":1697843344}}},"PLAYER_14":{"type":"dvt_TypedVariantMap","value":{"PLAYER_ID":{"type":"dvt_Int32","value":14},"MAP_PINS":{"type":"dvt_TypedVariantMap","value":{}},"READY_STATUS":{"type":"dvt_Bool","value":false},"SLOT_STATUS":{"type":"dvt_Int32","value":2},"CONFIGURATION_TYPE":{"type":"dvt_UInt32","value":1697843344}}},"PLAYER_49":{"type":"dvt_TypedVariantMap","value":{"PLAYER_ID":{"type":"dvt_Int32","value":49},"MAP_PINS":{"type":"dvt_TypedVariantMap","value":{}},"READY_STATUS":{"type":"dvt_Bool","value":false},"SLOT_STATUS":{"type":"dvt_Int32","value":2},"CONFIGURATION_TYPE":{"type":"dvt_UInt32","value":1697843344}}},"PLAYER_59":{"type":"dvt_TypedVariantMap","value":{"PLAYER_ID":{"type":"dvt_Int32","value":59},"MAP_PINS":{"type":"dvt_TypedVariantMap","value":{}},"READY_STATUS":{"type":"dvt_Bool","value":false},"SLOT_STATUS":{"type":"dvt_Int32","value":2},"CONFIGURATION_TYPE":{"type":"dvt_UInt32","value":1697843344}}},"PLAYER_51":{"type":"dvt_TypedVariantMap","value":{"PLAYER_ID":{"type":"dvt_Int32","value":51},"MAP_PINS":{"type":"dvt_TypedVariantMap","value":{}},"READY_STATUS":{"type":"dvt_Bool","value":false},"SLOT_STATUS":{"type":"dvt_Int32","value":2},"CONFIGURATION_TYPE":{"type":"dvt_UInt32","value":1697843344}}},"PLAYER_55":{"type":"dvt_TypedVariantMap","value":{"PLAYER_ID":{"type":"dvt_Int32","value":55},"MAP_PINS":{"type":"dvt_TypedVariantMap","value":{}},"READY_STATUS":{"type":"dvt_Bool","value":false},"SLOT_STATUS":{"type":"dvt_Int32","value":2},"CONFIGURATION_TYPE":{"type":"dvt_UInt32","value":1697843344}}},"PLAYER_58":{"type":"dvt_TypedVariantMap","value":{"PLAYER_ID":{"type":"dvt_Int32","value":58},"MAP_PINS":{"type":"dvt_TypedVariantMap","value":{}},"READY_STATUS":{"type":"dvt_Bool","value":false},"SLOT_STATUS":{"type":"dvt_Int32","value":2},"CONFIGURATION_TYPE":{"type":"dvt_UInt32","value":1697843344}}},"PLAYER_54":{"type":"dvt_TypedVariantMap","value":{"PLAYER_ID":{"type":"dvt_Int32","value":54},"MAP_PINS":{"type":"dvt_TypedVariantMap","value":{}},"READY_STATUS":{"type":"dvt_Bool","value":false},"SLOT_STATUS":{"type":"dvt_Int32","value":2},"CONFIGURATION_TYPE":{"type":"dvt_UInt32","value":1697843344}}},"PLAYER_50":{"type":"dvt_TypedVariantMap","value":{"PLAYER_ID":{"type":"dvt_Int32","value":50},"MAP_PINS":{"type":"dvt_TypedVariantMap","value":{}},"READY_STATUS":{"type":"dvt_Bool","value":false},"SLOT_STATUS":{"type":"dvt_Int32","value":2},"CONFIGURATION_TYPE":{"type":"dvt_UInt32","value":1697843344}}},"PLAYER_44":{"type":"dvt_TypedVariantMap","value":{"PLAYER_ID":{"type":"dvt_Int32","value":44},"MAP_PINS":{"type":"dvt_TypedVariantMap","value":{}},"READY_STATUS":{"type":"dvt_Bool","value":false},"SLOT_STATUS":{"type":"dvt_Int32","value":2},"CONFIGURATION_TYPE":{"type":"dvt_UInt32","value":1697843344}}},"CONFIGURATION_TYPE":{"type":"dvt_UInt32","value":1252977331},"PLAYER_19":{"type":"dvt_TypedVariantMap","value":{"PLAYER_ID":{"type":"dvt_Int32","value":19},"MAP_PINS":{"type":"dvt_TypedVariantMap","value":{}},"READY_STATUS":{"type":"dvt_Bool","value":false},"SLOT_STATUS":{"type":"dvt_Int32","value":2},"CONFIGURATION_TYPE":{"type":"dvt_UInt32","value":1697843344}}},"PLAYER_40":{"type":"dvt_TypedVariantMap","value":{"PLAYER_ID":{"type":"dvt_Int32","value":40},"MAP_PINS":{"type":"dvt_TypedVariantMap","value":{}},"READY_STATUS":{"type":"dvt_Bool","value":false},"SLOT_STATUS":{"type":"dvt_Int32","value":2},"CONFIGURATION_TYPE":{"type":"dvt_UInt32","value":1697843344}}},"PLAYER_48":{"type":"dvt_TypedVariantMap","value":{"PLAYER_ID":{"type":"dvt_Int32","value":48},"MAP_PINS":{"type":"dvt_TypedVariantMap","value":{}},"READY_STATUS":{"type":"dvt_Bool","value":false},"SLOT_STATUS":{"type":"dvt_Int32","value":2},"CONFIGURATION_TYPE":{"type":"dvt_UInt32","value":1697843344}}},"PLAYER_15":{"type":"dvt_TypedVariantMap","value":{"PLAYER_ID":{"type":"dvt_Int32","value":15},"MAP_PINS":{"type":"dvt_TypedVariantMap","value":{}},"READY_STATUS":{"type":"dvt_Bool","value":false},"SLOT_STATUS":{"type":"dvt_Int32","value":2},"CONFIGURATION_TYPE":{"type":"dvt_UInt32","value":1697843344}}},"PLAYER_11":{"type":"dvt_TypedVariantMap","value":{"PLAYER_ID":{"type":"dvt_Int32","value":11},"MAP_PINS":{"type":"dvt_TypedVariantMap","value":{}},"READY_STATUS":{"type":"dvt_Bool","value":false},"SLOT_STATUS":{"type":"dvt_Int32","value":2},"CONFIGURATION_TYPE":{"type":"dvt_UInt32","value":1697843344}}},"PLAYER_39":{"type":"dvt_TypedVariantMap","value":{"PLAYER_ID":{"type":"dvt_Int32","value":39},"MAP_PINS":{"type":"dvt_TypedVariantMap","value":{}},"READY_STATUS":{"type":"dvt_Bool","value":false},"SLOT_STATUS":{"type":"dvt_Int32","value":2},"CONFIGURATION_TYPE":{"type":"dvt_UInt32","value":1697843344}}},"PLAYER_60":{"type":"dvt_TypedVariantMap","value":{"PLAYER_ID":{"type":"dvt_Int32","value":60},"MAP_PINS":{"type":"dvt_TypedVariantMap","value":{}},"READY_STATUS":{"type":"dvt_Bool","value":false},"SLOT_STATUS":{"type":"dvt_Int32","value":2},"CONFIGURATION_TYPE":{"type":"dvt_UInt32","value":1697843344}}},"PLAYER_35":{"type":"dvt_TypedVariantMap","value":{"PLAYER_ID":{"type":"dvt_Int32","value":35},"MAP_PINS":{"type":"dvt_TypedVariantMap","value":{}},"READY_STATUS":{"type":"dvt_Bool","value":false},"SLOT_STATUS":{"type":"dvt_Int32","value":2},"CONFIGURATION_TYPE":{"type":"dvt_UInt32","value":1697843344}}},"PLAYER_31":{"type":"dvt_TypedVariantMap","value":{"PLAYER_ID":{"type":"dvt_Int32","value":31},"MAP_PINS":{"type":"dvt_TypedVariantMap","value":{}},"READY_STATUS":{"type":"dvt_Bool","value":false},"SLOT_STATUS":{"type":"dvt_Int32","value":2},"CONFIGURATION_TYPE":{"type":"dvt_UInt32","value":1697843344}}},"PLAYER_25":{"type":"dvt_TypedVariantMap","value":{"PLAYER_ID":{"type":"dvt_Int32","value":25},"MAP_PINS":{"type":"dvt_TypedVariantMap","value":{}},"READY_STATUS":{"type":"dvt_Bool","value":false},"SLOT_STATUS":{"type":"dvt_Int32","value":2},"CONFIGURATION_TYPE":{"type":"dvt_UInt32","value":1697843344}}},"PLAYER_21":{"type":"dvt_TypedVariantMap","value":{"PLAYER_ID":{"type":"dvt_Int32","value":21},"MAP_PINS":{"type":"dvt_TypedVariantMap","value":{}},"READY_STATUS":{"type":"dvt_Bool","value":false},"SLOT_STATUS":{"type":"dvt_Int32","value":2},"CONFIGURATION_TYPE":{"type":"dvt_UInt32","value":1697843344}}},"PLAYER_29":{"type":"dvt_TypedVariantMap","value":{"PLAYER_ID":{"type":"dvt_Int32","value":29},"MAP_PINS":{"type":"dvt_TypedVariantMap","value":{}},"READY_STATUS":{"type":"dvt_Bool","value":false},"SLOT_STATUS":{"type":"dvt_Int32","value":2},"CONFIGURATION_TYPE":{"type":"dvt_UInt32","value":1697843344}}},"PLAYER_7":{"type":"dvt_TypedVariantMap","value":{"TEAM":{"type":"dvt_Int32","value":1},"PLAYER_ID":{"type":"dvt_Int32","value":7},"LEADER_RANDOM_POOL_ID":{"type":"dvt_Int32","value":0},"LEADER_DOMAIN":{"type":"dvt_char8","value":"Players:Expansion2_Players"},"MAP_PINS":{"type":"dvt_TypedVariantMap","value":{}},"IS_ALIVE":{"type":"dvt_Bool","value":true},"HOTSEAT_PASSWORD":{"type":"dvt_char8","value":""},"CIVILIZATION_LEVEL_TYPE_ID":{"type":"dvt_UInt32","value":624367792},"READY_STATUS":{"type":"dvt_Bool","value":false},"CIVILIZATION_LEVEL_TYPE_NAME":{"type":"dvt_char8","value":"CIVILIZATION_LEVEL_FULL_CIV"},"LEADER_VALUE_DOMAIN":{"type":"dvt_char8","value":"Players:*"},"IS_LOCKED":{"type":"dvt_Int32","value":0},"SLOT_STATUS":{"type":"dvt_Int32","value":1},"CONFIGURATION_TYPE":{"type":"dvt_UInt32","value":1697843344},"LEADER_VALUES":{"type":"dvt_char8","value":"Players:*::RANDOM,Players:*::RANDOM_POOL1,Players:*::RANDOM_POOL2,Players:Expansion2_Players::LEADER_ELEANOR_FRANCE,Players:Expansion2_Players::LEADER_ELEANOR_ENGLAND,Players:Expansion2_Players::LEADER_AMBIORIX,Players:Expansion2_Players::LEADER_BASIL,Players:Expansion2_Players::LEADER_HOJO,Players:Expansion2_Players::LEADER_HOJO_INLAND,Players:Expansion2_Players::LEADER_PETER_GREAT,Players:Expansion2_Players::LEADER_PERICLES,Players:Expansion2_Players::LEADER_GENGHIS_KHAN,Players:Expansion2_Players::LEADER_TOKUGAWA,Players:Expansion2_Players::LEADER_THEODORA,Players:Expansion2_Players::LEADER_DIDO,Players:Expansion2_Players::LEADER_JAYAVARMAN,Players:Expansion2_Players::LEADER_NZINGA_MBANDE,Players:Expansion2_Players::LEADER_PHILIP_II,Players:Expansion2_Players::LEADER_PHILIP_II_INLAND,Players:Expansion2_Players::LEADER_BARBAROSSA,Players:Expansion2_Players::LEADER_GORGO,Players:Expansion2_Players::LEADER_HARDRADA,Players:Expansion2_Players::LEADER_HARALD_ALT,Players:Expansion2_Players::LEADER_KUBLAI_KHAN_MONGOLIA,Players:Expansion2_Players::LEADER_KUBLAI_KHAN_CHINA,Players:Expansion2_Players::LEADER_GILGAMESH,Players:Expansion2_Players::LEADER_CYRUS,Players:Expansion2_Players::LEADER_CATHERINE_DE_MEDICI,Players:Expansion2_Players::LEADER_CATHERINE_DE_MEDICI_ALT,Players:Expansion2_Players::LEADER_KRISTINA,Players:Expansion2_Players::LEADER_CLEOPATRA,Players:Expansion2_Players::LEADER_CLEOPATRA_ALT,Players:Expansion2_Players::LEADER_KUPE,Players:Expansion2_Players::LEADER_RAMSES,Players:Expansion2_Players::LEADER_LAUTARO,Players:Expansion2_Players::LEADER_LADY_SIX_SKY,Players:Expansion2_Players::LEADER_LUDWIG,Players:Expansion2_Players::LEADER_ROBERT_THE_BRUCE,Players:Expansion2_Players::LEADER_MONTEZUMA,Players:Expansion2_Players::LEADER_MENELIK,Players:Expansion2_Players::LEADER_MVEMBA,Players:Expansion2_Players::LEADER_NADER_SHAH,Players:Expansion2_Players::LEADER_PACHACUTI,Players:Expansion2_Players::LEADER_POUNDMAKER,Players:Expansion2_Players::LEADER_PEDRO,Players:Expansion2_Players::LEADER_SHAKA,Players:Expansion2_Players::LEADER_QIN_ALT,Players:Expansion2_Players::LEADER_QIN,Players:Expansion2_Players::LEADER_JOAO_III,Players:Expansion2_Players::LEADER_SALADIN_ALT,Players:Expansion2_Players::LEADER_SALADIN,Players:Expansion2_Players::LEADER_SEONDEOK,Players:Expansion2_Players::LEADER_SEJONG,Players:Expansion2_Players::LEADER_SULEIMAN_ALT,Players:Expansion2_Players::LEADER_SULEIMAN,Players:Expansion2_Players::LEADER_TAMAR,Players:Expansion2_Players::LEADER_T_ROOSEVELT,Players:Expansion2_Players::LEADER_GITARJA,Players:Expansion2_Players::LEADER_TRAJAN,Players:Expansion2_Players::LEADER_TOMYRIS,Players:Expansion2_Players::LEADER_LAURIER,Players:Expansion2_Players::LEADER_WILHELMINA,Players:Expansion2_Players::LEADER_WILHELMINA_INLAND,Players:Expansion2_Players::LEADER_VICTORIA,Players:Expansion2_Players::LEADER_VICTORIA_ALT,Players:Expansion2_Players::LEADER_WU_ZETIAN,Players:Expansion2_Players::LEADER_SIMON_BOLIVAR,Players:Expansion2_Players::LEADER_MATTHIAS_CORVINUS,Players:Expansion2_Players::LEADER_JADWIGA,Players:Expansion2_Players::LEADER_ABRAHAM_LINCOLN,Players:Expansion2_Players::LEADER_ALEXANDER,Players:Expansion2_Players::LEADER_ELIZABETH,Players:Expansion2_Players::LEADER_YONGLE,Players:Expansion2_Players::LEADER_JOHN_CURTIN,Players:Expansion2_Players::LEADER_LADY_TRIEU"},"LEADER_TYPE_ID":{"type":"dvt_UInt32","value":4294967295},"LEADER_TYPE_NAME":{"type":"dvt_char8","value":""},"LEADER_NAME":{"type":"dvt_char8","value":""},"HANDICAP_TYPE_ID":{"type":"dvt_Int32","value":-1874486710}}},"PLAYER_3":{"type":"dvt_TypedVariantMap","value":{"TEAM":{"type":"dvt_Int32","value":0},"PLAYER_ID":{"type":"dvt_Int32","value":3},"LEADER_DOMAIN":{"type":"dvt_char8","value":"Players:Expansion2_Players"},"MAP_PINS":{"type":"dvt_TypedVariantMap","value":{}},"IS_ALIVE":{"type":"dvt_Bool","value":true},"HOTSEAT_PASSWORD":{"type":"dvt_char8","value":""},"WANTS_PAUSE":{"type":"dvt_Bool","value":false},"CIVILIZATION_LEVEL_TYPE_ID":{"type":"dvt_UInt32","value":624367792},"NETWORK_NAME":{"type":"dvt_char8","value":"longyizhu@76561198931045205"},"CIVILIZATION_TYPE_NAME":{"type":"dvt_char8","value":"CIVILIZATION_MALI"},"READY_STATUS":{"type":"dvt_Bool","value":true},"CIVILIZATION_TYPE_ID":{"type":"dvt_Int32","value":-2046435992},"CIVILIZATION_LEVEL_TYPE_NAME":{"type":"dvt_char8","value":"CIVILIZATION_LEVEL_FULL_CIV"},"LEADER_VALUE_DOMAIN":{"type":"dvt_char8","value":"Players:Expansion2_Players"},"IS_LOCKED":{"type":"dvt_Int32","value":0},"SLOT_STATUS":{"type":"dvt_Int32","value":3},"PLAYER_COLOR_ALTERNATE":{"type":"dvt_Int32","value":0},"CONFIGURATION_TYPE":{"type":"dvt_UInt32","value":1697843344},"LEADER_VALUES":{"type":"dvt_char8","value":"Players:*::RANDOM,Players:*::RANDOM_POOL1,Players:*::RANDOM_POOL2,Players:Expansion2_Players::LEADER_ELEANOR_FRANCE,Players:Expansion2_Players::LEADER_ELEANOR_ENGLAND,Players:Expansion2_Players::LEADER_AMBIORIX,Players:Expansion2_Players::LEADER_BASIL,Players:Expansion2_Players::LEADER_HOJO,Players:Expansion2_Players::LEADER_HOJO_INLAND,Players:Expansion2_Players::LEADER_PETER_GREAT,Players:Expansion2_Players::LEADER_PERICLES,Players:Expansion2_Players::LEADER_GENGHIS_KHAN,Players:Expansion2_Players::LEADER_TOKUGAWA,Players:Expansion2_Players::LEADER_THEODORA,Players:Expansion2_Players::LEADER_DIDO,Players:Expansion2_Players::LEADER_JAYAVARMAN,Players:Expansion2_Players::LEADER_NZINGA_MBANDE,Players:Expansion2_Players::LEADER_PHILIP_II,Players:Expansion2_Players::LEADER_PHILIP_II_INLAND,Players:Expansion2_Players::LEADER_BARBAROSSA,Players:Expansion2_Players::LEADER_GORGO,Players:Expansion2_Players::LEADER_HARDRADA,Players:Expansion2_Players::LEADER_HARALD_ALT,Players:Expansion2_Players::LEADER_KUBLAI_KHAN_MONGOLIA,Players:Expansion2_Players::LEADER_KUBLAI_KHAN_CHINA,Players:Expansion2_Players::LEADER_GILGAMESH,Players:Expansion2_Players::LEADER_CYRUS,Players:Expansion2_Players::LEADER_CATHERINE_DE_MEDICI,Players:Expansion2_Players::LEADER_CATHERINE_DE_MEDICI_ALT,Players:Expansion2_Players::LEADER_KRISTINA,Players:Expansion2_Players::LEADER_CLEOPATRA,Players:Expansion2_Players::LEADER_CLEOPATRA_ALT,Players:Expansion2_Players::LEADER_KUPE,Players:Expansion2_Players::LEADER_RAMSES,Players:Expansion2_Players::LEADER_LAUTARO,Players:Expansion2_Players::LEADER_LADY_SIX_SKY,Players:Expansion2_Players::LEADER_LUDWIG,Players:Expansion2_Players::LEADER_ROBERT_THE_BRUCE,Players:Expansion2_Players::LEADER_MANSA_MUSA,Players:Expansion2_Players::LEADER_MONTEZUMA,Players:Expansion2_Players::LEADER_MENELIK,Players:Expansion2_Players::LEADER_MVEMBA,Players:Expansion2_Players::LEADER_NADER_SHAH,Players:Expansion2_Players::LEADER_PACHACUTI,Players:Expansion2_Players::LEADER_POUNDMAKER,Players:Expansion2_Players::LEADER_PEDRO,Players:Expansion2_Players::LEADER_SHAKA,Players:Expansion2_Players::LEADER_QIN_ALT,Players:Expansion2_Players::LEADER_QIN,Players:Expansion2_Players::LEADER_JOAO_III,Players:Expansion2_Players::LEADER_SALADIN_ALT,Players:Expansion2_Players::LEADER_SALADIN,Players:Expansion2_Players::LEADER_SEONDEOK,Players:Expansion2_Players::LEADER_SEJONG,Players:Expansion2_Players::LEADER_SUNDIATA_KEITA,Players:Expansion2_Players::LEADER_SULEIMAN_ALT,Players:Expansion2_Players::LEADER_SULEIMAN,Players:Expansion2_Players::LEADER_TAMAR,Players:Expansion2_Players::LEADER_T_ROOSEVELT,Players:Expansion2_Players::LEADER_GITARJA,Players:Expansion2_Players::LEADER_TRAJAN,Players:Expansion2_Players::LEADER_TOMYRIS,Players:Expansion2_Players::LEADER_LAURIER,Players:Expansion2_Players::LEADER_WILHELMINA,Players:Expansion2_Players::LEADER_WILHELMINA_INLAND,Players:Expansion2_Players::LEADER_VICTORIA,Players:Expansion2_Players::LEADER_VICTORIA_ALT,Players:Expansion2_Players::LEADER_WU_ZETIAN,Players:Expansion2_Players::LEADER_SIMON_BOLIVAR,Players:Expansion2_Players::LEADER_MATTHIAS_CORVINUS,Players:Expansion2_Players::LEADER_JADWIGA,Players:Expansion2_Players::LEADER_ABRAHAM_LINCOLN,Players:Expansion2_Players::LEADER_ALEXANDER,Players:Expansion2_Players::LEADER_ELIZABETH,Players:Expansion2_Players::LEADER_YONGLE,Players:Expansion2_Players::LEADER_JOHN_CURTIN,Players:Expansion2_Players::LEADER_LADY_TRIEU"},"NICK_NAME":{"type":"dvt_char8","value":"longyizhu"},"LEADER_TYPE_ID":{"type":"dvt_UInt32","value":2069632485},"LEADER_TYPE_NAME":{"type":"dvt_char8","value":"LEADER_MANSA_MUSA"},"LEADER_NAME":{"type":"dvt_char8","value":"LOC_LEADER_MANSA_MUSA_NAME"},"HANDICAP_TYPE_ID":{"type":"dvt_UInt32","value":4115014831},"MOD_READY_STATUS":{"type":"dvt_Bool","value":true}}}}
Config CONFIGURATION_PLAYER, Key BTS_LocalPlayerRunningRotues (0xf17b5a0b), subtype 1, changed to T0:
Config CONFIGURATION_PLAYER, Key BTS_LocalPlayerRunningRotues (0xf17b5a0b), subtype 1, changed to T0:
Config CONFIGURATION_PLAYER, Key BTS_LocalPlayerRunningRotues (0xf17b5a0b), subtype 1, changed to T0:
Config CONFIGURATION_PLAYER, Key BTS_LocalPlayerRunningRotues (0xf17b5a0b), subtype 1, changed to T0:
Config CONFIGURATION_PLAYER, Key BTS_LocalPlayerRunningRotues (0xf17b5a0b), subtype 1, changed to T0:
Config CONFIGURATION_PLAYER, Key BTS_LocalPlayerRunningRotues (0xf17b5a0b), subtype 1, changed to T0:
Config CONFIGURATION_PLAYER, Key DMT_MapPinSubjects (0x57b07b7b), subtype 1, changed to T1:S5:74_47T9:S11:YieldStringS52:[ICON_Science][COLOR:ResScienceLabelCS]+1[ENDCOLOR] S12:YieldToolTipS57:+1 [ICON_Science] 科技值来自相邻山脉单元格。S15:CanPlaceToolTipS0:S1:XD2:74S1:YD2:47S2:IdD1:2S3:KeyS15:DISTRICT_CAMPUSS4:TypeS8:DISTRICTS8:CanPlaceB1
Config CONFIGURATION_PLAYER, Key BTS_LocalPlayerRunningRotues (0xf17b5a0b), subtype 1, changed to T0:
Config CONFIGURATION_PLAYER, Key DMT_MapPinSubjects (0x57b07b7b), subtype 1, changed to T2:S5:74_47T9:S11:YieldStringS52:[ICON_Science][COLOR:ResScienceLabelCS]+1[ENDCOLOR] S12:YieldToolTipS57:+1 [ICON_Science] 科技值来自相邻山脉单元格。S15:CanPlaceToolTipS0:S1:XD2:74S1:YD2:47S2:IdD1:2S3:KeyS15:DISTRICT_CAMPUSS4:TypeS8:DISTRICTS8:CanPlaceB1S5:76_46T9:S11:YieldStringS0:S12:YieldToolTipS0:S15:CanPlaceToolTipS0:S1:XD2:76S1:YD2:46S2:IdD1:3S3:KeyS20:DISTRICT_CITY_CENTERS4:TypeS8:DISTRICTS8:CanPlaceB1
Config CONFIGURATION_PLAYER, Key DMT_MapPinSubjects (0x57b07b7b), subtype 1, changed to T3:S5:74_47T9:S11:YieldStringS52:[ICON_Science][COLOR:ResScienceLabelCS]+1[ENDCOLOR] S12:YieldToolTipS57:+1 [ICON_Science] 科技值来自相邻山脉单元格。S15:CanPlaceToolTipS0:S1:XD2:74S1:YD2:47S2:IdD1:2S3:KeyS15:DISTRICT_CAMPUSS4:TypeS8:DISTRICTS8:CanPlaceB1S5:75_46T9:S11:YieldStringS52:[ICON_Science][COLOR:ResScienceLabelCS]+2[ENDCOLOR] S12:YieldToolTipS114:+1 [ICON_Science] 科技值来自相邻区域。[NEWLINE]+1 [ICON_Science] 科技值来自相邻山脉单元格。S15:CanPlaceToolTipS0:S1:XD2:75S1:YD2:46S2:IdD1:4S3:KeyS15:DISTRICT_CAMPUSS4:TypeS8:DISTRICTS8:CanPlaceB1S5:76_46T9:S11:YieldStringS0:S12:YieldToolTipS0:S15:CanPlaceToolTipS0:S1:XD2:76S1:YD2:46S2:IdD1:3S3:KeyS20:DISTRICT_CITY_CENTERS4:TypeS8:DISTRICTS8:CanPlaceB1
Config CONFIGURATION_PLAYER, Key BTS_LocalPlayerRunningRotues (0xf17b5a0b), subtype 1, changed to T0:
Config CONFIGURATION_PLAYER, Key BTS_LocalPlayerRunningRotues (0xf17b5a0b), subtype 1, changed to T0:
Config CONFIGURATION_PLAYER, Key BTS_LocalPlayerRunningRotues (0xf17b5a0b), subtype 1, changed to T0:
Config CONFIGURATION_PLAYER, Key BTS_LocalPlayerRunningRotues (0xf17b5a0b), subtype 1, changed to T0:
Config CONFIGURATION_PLAYER, Key BTS_LocalPlayerRunningRotues (0xf17b5a0b), subtype 1, changed to T0:
Config CONFIGURATION_PLAYER, Key DMT_AUTO_DELETE (0x207935d2), subtype 1, changed to 1
Config CONFIGURATION_PLAYER, Key DMT_MapPinSubjects (0x57b07b7b), subtype 1, changed to T2:S5:75_46T9:S11:YieldStringS52:[ICON_Science][COLOR:ResScienceLabelCS]+2[ENDCOLOR] S12:YieldToolTipS114:+1 [ICON_Science] 科技值来自相邻区域。[NEWLINE]+1 [ICON_Science] 科技值来自相邻山脉单元格。S15:CanPlaceToolTipS0:S1:XD2:75S1:YD2:46S2:IdD1:4S3:KeyS15:DISTRICT_CAMPUSS4:TypeS8:DISTRICTS8:CanPlaceB1S5:76_46T9:S11:YieldStringS0:S12:YieldToolTipS0:S15:CanPlaceToolTipS0:S1:XD2:76S1:YD2:46S2:IdD1:3S3:KeyS20:DISTRICT_CITY_CENTERS4:TypeS8:DISTRICTS8:CanPlaceB1
