DebugHotloadCache: GameDebug initialized!
Options: SetupParameter for MPH
CityStatePicker: SetupParameter for MPH
LeaderPicker: SetupParameter for MPH
HostGame: SetupParameter for MPH
StagingRoom: SetupParameter for MPH
MainMenu: SetupParameter for MPH
Test: Test.LUA loaded!
JoiningRoom: OnFinishedGameplayContentConfigure() g_waitingForContentConfigure=true
Mods: Failed to create mods browser search context!
JoiningRoom: OnFinishedGameplayContentConfigure() g_waitingForContentConfigure=true
JoiningRoom: OnFinishedGameplayContentConfigure() g_waitingForContentConfigure=true
JoiningRoom: OnFinishedGameplayContentConfigure() g_waitingForContentConfigure=true
Lobby: OnChangeMPLobbyMode: STANDARD_LAN
HostGame: Building Game Setup
JoiningRoom: OnFinishedGameplayContentConfigure() g_waitingForContentConfigure=true
HostGame: Hiding Game Setup
JoiningRoom: OnFinishedGameplayContentConfigure() g_waitingForContentConfigure=true
JoiningRoom: CheckTransitionToStagingRoom()
JoiningRoom: OnJoinGameComplete()
JoiningRoom: CheckTransitionToStagingRoom()
HostGame: Building Game Setup
HostGame: Hiding Game Setup
StagingRoom: Building Game Setup
JoiningRoom: OnJoinGameComplete()
StagingRoom: Hiding Game Setup
StagingRoom: Building Game Setup
JoiningRoom: OnFinishedGameplayContentConfigure() g_waitingForContentConfigure=false
HostGame: Building Game Setup
HostGame: Hiding Game Setup
StagingRoom: Hiding Game Setup
StagingRoom: Building Game Setup
HostGame: Building Game Setup
HostGame: Hiding Game Setup
StagingRoom: Hiding Game Setup
StagingRoom: Building Game Setup
HostGame: Building Game Setup
JoiningRoom: OnFinishedGameplayContentConfigure() g_waitingForContentConfigure=false
HostGame: Hiding Game Setup
StagingRoom: Hiding Game Setup
StagingRoom: Building Game Setup
LoadScreen: true
LoadScreen: false
GenerateRandomMap: Map Seed = 910900531
Map Script: ZYLRM[RING_TEAM]: Rich Mainland generation started
Map Script: ZYLRM[RING_TEAM]: ring-mainland canvas=76x76 wrapX=true innerR=18 outerR=34
Map Script: 富饶系数	5
Map Script: 划分海陆
Map Script: -           Existing Ratio:	inf
Map Script: -            New Mountains:	194
Map Script: -            Mountains Set:	194
Map Script: ZYLRM[RING_TEAM]: ring land generated (mainland=2617 island seeds=500, innerR=18 outerR=34)
Map Script: TeamPVP Generating Terrain Types
Map Script: TeamPVP fTundraLatitude:	1
Map Script: -
Map Script: DW- Desert Percentage:	3
Map Script: --- Latitude Readout ---
Map Script: - All Grass End Latitude:	0.1
Map Script: - Desert Start Latitude:	0.1
Map Script: - Desert End Latitude:	0.35
Map Script: - Tundra Start Latitude:	1
Map Script: - Snow Start Latitude:	1
Map Script: - - - - - - - - - - - - - -
Map Script: - Mountains Transformed: 	0
Map Script: - - - - - - - - - - - - - - - - - - - - - - - - - - - - - - - - -
Map Script: 添加草原、沙漠过渡区
Map Script: Adding continental shelf
Map Script: ZYLRM[RING_TEAM]: generating continent layout
Map Script: ZYLRM[RING_TEAM]: team continents labeled (4 horizontal stripes)
Map Script: 在板块交界处增加火山
Map Script: 预计火山数量: 4.1533333333333
Map Script: 大陆边界单元格数量: 1042
Map Script: Boundary Plots Per Volcano: 376.32423756019
Map Script: Volcano Placed at (x, y): 7, 48
Map Script: Volcano Placed at (x, y): 13, 15
Map Script: Volcano Placed at (x, y): 19, 12
Map Script: Volcano Placed at (x, y): 31, 12
Map Script: Continent Edge Volcanoes Placed: 4
Map Script: Lonely Volcano Placed at (x, y): 20, 32
Map Script: Total Volcanoes Placed: 5
Map Script: Adding features and rivers
Map Script: 增加地貌
Map Script: Team PVP 地图生成器 - 添加河流
Map Script: Map Generation - Adding Lakes
Map Script: 16 lakes needed
Map Script: 4 lakes added
Map Script: 2 large lakes needed
Map Script: 4 large lakes added
Map Script: Horizontal jungle canvas:	2689	eligible plots; target	18	percent
Map Script: Horizontal jungle minimum:	target	484	added	17	final	484
Map Script: Forest minimum:	target	647	added	133	final	647
Map Script: Jungle clip:	candidates	484	removed	8	final	476
Map Script: Number of Tiles:      	2697
Map Script: Number of Forests:    	647
Map Script: Percent Forests:      	23.989618094179
Map Script: Number of Jungles:    	476
Map Script: Percent Jungles:      	17.649239896181
Map Script: Percent of Junglable: 	17.701747861659
Map Script: Number of Marshes:    	54
Map Script: ZYLRM[RING_TEAM]: ring bare hills added 184 of target 184
Map Script: 增加悬崖
Map Script: 增加自然奇观
Map Script: In NaturalWonderGenerator.Create()
Map Script:     Placing 6 Natural Wonders
Map Script: The following Natural Wonders have been marked as 'excluded':
Map Script: * FEATURE_BARRINGER_CRATER
Map Script: * FEATURE_BIOLUMINESCENT_BAY
Map Script: * FEATURE_CERRO_DE_POTOSI
Map Script: * FEATURE_DALLOL
Map Script: * FEATURE_GRAND_MESA
Map Script: * FEATURE_KRAKATOA
Map Script: * FEATURE_LAKE_VICTORIA
Map Script: * FEATURE_LENCOIS_MARANHENSES
Map Script: * FEATURE_OUNIANGA
Map Script: * FEATURE_MOSI_OA_TUNYA
Map Script: * FEATURE_MOTLATSE_CANYON
Map Script: * FEATURE_KAILASH
Map Script: * FEATURE_NAMIB
Map Script: * FEATURE_OLD_FAITHFUL
Map Script: * FEATURE_SINAI
Map Script: * FEATURE_SALAR_DE_UYUNI
Map Script: * FEATURE_WULINGYUAN
Map Script: * FEATURE_SRI_PADA
Map Script: * FEATURE_GIBRALTAR
Map Script: * FEATURE_VREDEFORT_DOME
Map Script: * FEATURE_BERMUDA_TRIANGLE
Map Script: Feature Type: 6, Valid Hexes: 924
Map Script: Feature Type: 7, Valid Hexes: 0
Map Script: Feature Type: 8, Valid Hexes: 67
Map Script: Feature Type: 9, Valid Hexes: 9
Map Script: Feature Type: 10, Valid Hexes: 0
Map Script: Feature Type: 11, Valid Hexes: 327
Map Script: Feature Type: 12, Valid Hexes: 17
Map Script: Feature Type: 13, Valid Hexes: 18
Map Script: Feature Type: 14, Valid Hexes: 8
Map Script: Feature Type: 15, Valid Hexes: 26
Map Script: Feature Type: 16, Valid Hexes: 122
Map Script: Feature Type: 17, Valid Hexes: 4
Map Script: Feature Type: 18, Valid Hexes: 1028
Map Script: Feature Type: 19, Valid Hexes: 0
Map Script: Feature Type: 20, Valid Hexes: 1
Map Script: Feature Type: 21, Valid Hexes: 0
Map Script: Feature Type: 22, Valid Hexes: 121
Map Script: Feature Type: 23, Valid Hexes: 28
Map Script: Feature Type: 24, Valid Hexes: 23
Map Script: Feature Type: 25, Valid Hexes: 0
Map Script: Feature Type: 26, Valid Hexes: 0
Map Script: Feature Type: 33, Valid Hexes: 38
Map Script: Feature Type: 34, Valid Hexes: 197
Map Script: Feature Type: 35, Valid Hexes: 10
Map Script: Feature Type: 36, Valid Hexes: 92
Map Script: Feature Type: 37, Valid Hexes: 155
Map Script: Feature Type: 38, Valid Hexes: 28
Map Script: Feature Type: 39, Valid Hexes: 0
Map Script: Feature Type: 41, Valid Hexes: 197
Map Script: Feature Type: 42, Valid Hexes: 12
Map Script: Num wonders with valid location: 23
Map Script:  Selected Wonder = 29, Random Score = 	97
Map Script:  Set Wonder with Feature ID of 42 at location (30, 18)
Map Script:  Selected Wonder = 18, Random Score = 	90
Map Script:  Set Wonder with Feature ID of 24 at location (38, 71)
Map Script:  Selected Wonder = 10, Random Score = 	88
Map Script:  Set Wonder with Feature ID of 16 at location (66, 22)
Map Script:  Selected Wonder = 6, Random Score = 	85
Map Script:  Set Wonder with Feature ID of 12 at location (9, 35)
Map Script:  Selected Wonder = 17, Random Score = 	83
Map Script:  Set Wonder with Feature ID of 23 at location (71, 38)
Map Script:  Selected Wonder = 23, Random Score = 	80
Map Script:  Set Wonder with Feature ID of 35 at location (9, 10)
Map Script: 增加大陆边界地貌
Map Script: Adding continent-boundary features
Map Script: 在下述坐标放置了一个地热！(x, y): 21, 63
Map Script: 在下述坐标放置了一个地热！(x, y): 9, 25
Map Script: 在下述坐标放置了一个地热！(x, y): 11, 28
Map Script: 在下述坐标放置了一个地热！(x, y): 56, 46
Map Script: 在下述坐标放置了一个地热！(x, y): 40, 50
Map Script: 在下述坐标放置了一个地热！(x, y): 20, 47
Map Script: 在下述坐标放置了一个地热！(x, y): 26, 65
Map Script: 在下述坐标放置了一个地热！(x, y): 23, 12
Map Script: 在下述坐标放置了一个地热！(x, y): 18, 26
Map Script: 在下述坐标放置了一个地热！(x, y): 54, 60
Map Script: 在下述坐标放置了一个地热！(x, y): 67, 30
Map Script: 在下述坐标放置了一个地热！(x, y): 22, 26
Map Script: 在下述坐标放置了一个地热！(x, y): 26, 14
Map Script: 在下述坐标放置了一个地热！(x, y): 41, 64
Map Script: 在下述坐标放置了一个地热！(x, y): 53, 14
Map Script: 在下述坐标放置了一个地热！(x, y): 2, 62
Map Script: 在下述坐标放置了一个地热！(x, y): 38, 65
Map Script: 在下述坐标放置了一个地热！(x, y): 53, 49
Map Script: 在下述坐标放置了一个地热！(x, y): 18, 25
Map Script: 在下述坐标放置了一个地热！(x, y): 33, 63
Map Script: 在下述坐标放置了一个地热！(x, y): 61, 63
Map Script: 在下述坐标放置了一个地热！(x, y): 20, 27
Map Script: 在下述坐标放置了一个地热！(x, y): 62, 14
Map Script: 在下述坐标放置了一个地热！(x, y): 41, 12
Map Script: 在下述坐标放置了一个地热！(x, y): 18, 63
Map Script: 在下述坐标放置了一个地热！(x, y): 60, 28
Map Script: 在下述坐标放置了一个地热！(x, y): 12, 50
Map Script: 在下述坐标放置了一个地热！(x, y): 52, 12
Map Script: 在下述坐标放置了一个地热！(x, y): 47, 14
Map Script: 在下述坐标放置了一个地热！(x, y): 56, 30
Map Script: 在下述坐标放置了一个地热！(x, y): 56, 27
Map Script: 在下述坐标放置了一个地热！(x, y): 21, 25
Map Script: 在下述坐标放置了一个地热！(x, y): 7, 45
Map Script: 在下述坐标放置了一个地热！(x, y): 58, 49
Map Script: 在下述坐标放置了一个地热！(x, y): 33, 9
Map Script: 在下述坐标放置了一个地热！(x, y): 25, 61
Map Script: 在下述坐标放置了一个地热！(x, y): 64, 30
Map Script: 在下述坐标放置了一个地热！(x, y): 14, 47
Map Script: 在下述坐标放置了一个地热！(x, y): 53, 12
Map Script: 在下述坐标放置了一个地热！(x, y): 7, 50
Map Script: 在下述坐标放置了一个地热！(x, y): 51, 63
Map Script: 绿洲数量: 	0
Map Script: 地热数量: 	41
Map Script: 地图生成-标记沿海低地
Map Script: 275 coastal lowlands added
Map Script: 459 eligible coastal lowland plots
Map Script: In BBS_ResourceGenerator.Create()
Map Script:     Placing resources with BBS_Resource
Map Script: Placing luxury resource	31	on continent	36	target count	23.07015
Map Script: 1	:奢侈品: 	31	已放置于	645
Map Script: 2	:奢侈品: 	31	已放置于	5436
Map Script: 3	:奢侈品: 	31	已放置于	5106
Map Script: 4	:奢侈品: 	31	已放置于	487
Map Script: 5	:奢侈品: 	31	已放置于	4829
Map Script: 6	:奢侈品: 	31	已放置于	5136
Map Script: 7	:奢侈品: 	31	已放置于	5048
Map Script: 8	:奢侈品: 	31	已放置于	782
Map Script: 9	:奢侈品: 	31	已放置于	446
Map Script: 10	:奢侈品: 	31	已放置于	672
Map Script: 11	:奢侈品: 	31	已放置于	859
Map Script: 12	:奢侈品: 	31	已放置于	796
Map Script: 13	:奢侈品: 	31	已放置于	417
Map Script: 14	:奢侈品: 	31	已放置于	500
Map Script: 15	:奢侈品: 	31	已放置于	88
Map Script: 16	:奢侈品: 	31	已放置于	5119
Map Script: 17	:奢侈品: 	31	已放置于	867
Map Script: 18	:奢侈品: 	31	已放置于	226
Map Script: 19	:奢侈品: 	31	已放置于	5363
Map Script: 20	:奢侈品: 	31	已放置于	900
Map Script: 21	:奢侈品: 	31	已放置于	5508
Map Script: 22	:奢侈品: 	31	已放置于	5345
Map Script: 23	:奢侈品: 	31	已放置于	221
Map Script: Placing luxury resource	59	on continent	36	target count	23.07015
Map Script: 1	:奢侈品: 	59	已放置于	5293
Map Script: 2	:奢侈品: 	59	已放置于	4908
Map Script: 3	:奢侈品: 	59	已放置于	5065
Map Script: 4	:奢侈品: 	59	已放置于	618
Map Script: 5	:奢侈品: 	59	已放置于	632
Map Script: 6	:奢侈品: 	59	已放置于	4995
Map Script: 7	:奢侈品: 	59	已放置于	5148
Map Script: 8	:奢侈品: 	59	已放置于	5211
Map Script: 9	:奢侈品: 	59	已放置于	5218
Map Script: 10	:奢侈品: 	59	已放置于	5389
Map Script: 11	:奢侈品: 	59	已放置于	707
Map Script: 12	:奢侈品: 	59	已放置于	162
Map Script: 13	:奢侈品: 	59	已放置于	85
Map Script: 14	:奢侈品: 	59	已放置于	582
Map Script: 15	:奢侈品: 	59	已放置于	772
Map Script: 16	:奢侈品: 	59	已放置于	5353
Map Script: 17	:奢侈品: 	59	已放置于	5130
Map Script: 18	:奢侈品: 	59	已放置于	694
Map Script: 19	:奢侈品: 	59	已放置于	658
Map Script: 20	:奢侈品: 	59	已放置于	737
Map Script: 21	:奢侈品: 	59	已放置于	5175
Map Script: 22	:奢侈品: 	59	已放置于	887
Map Script: 23	:奢侈品: 	59	已放置于	560
Map Script: Placing luxury resource	58	on continent	36	target count	23.07015
Map Script: 1	:奢侈品: 	58	已放置于	777
Map Script: 2	:奢侈品: 	58	已放置于	4857
Map Script: 3	:奢侈品: 	58	已放置于	5254
Map Script: 4	:奢侈品: 	58	已放置于	4840
Map Script: 5	:奢侈品: 	58	已放置于	5636
Map Script: 6	:奢侈品: 	58	已放置于	5493
Map Script: 7	:奢侈品: 	58	已放置于	343
Map Script: 8	:奢侈品: 	58	已放置于	345
Map Script: 9	:奢侈品: 	58	已放置于	5081
Map Script: 10	:奢侈品: 	58	已放置于	5088
Map Script: 11	:奢侈品: 	58	已放置于	5056
Map Script: 12	:奢侈品: 	58	已放置于	383
Map Script: 13	:奢侈品: 	58	已放置于	830
Map Script: 14	:奢侈品: 	58	已放置于	4861
Map Script: 15	:奢侈品: 	58	已放置于	580
Map Script: 16	:奢侈品: 	58	已放置于	5315
Map Script: 17	:奢侈品: 	58	已放置于	4979
Map Script: 18	:奢侈品: 	58	已放置于	543
Map Script: 19	:奢侈品: 	58	已放置于	5280
Map Script: 20	:奢侈品: 	58	已放置于	571
Map Script: 21	:奢侈品: 	58	已放置于	5275
Map Script: 22	:奢侈品: 	58	已放置于	314
Map Script: 23	:奢侈品: 	58	已放置于	4962
Map Script: Placing luxury resource	56	on continent	36	target count	23.07015
Map Script: 1	:奢侈品: 	56	已放置于	578
Map Script: 2	:奢侈品: 	56	已放置于	4976
Map Script: 3	:奢侈品: 	56	已放置于	5570
Map Script: 4	:奢侈品: 	56	已放置于	4999
Map Script: 5	:奢侈品: 	56	已放置于	4910
Map Script: 6	:奢侈品: 	56	已放置于	5479
Map Script: 7	:奢侈品: 	56	已放置于	153
Map Script: 8	:奢侈品: 	56	已放置于	5063
Map Script: 9	:奢侈品: 	56	已放置于	5347
Map Script: 10	:奢侈品: 	56	已放置于	4992
Map Script: 11	:奢侈品: 	56	已放置于	5690
Map Script: 12	:奢侈品: 	56	已放置于	503
Map Script: 13	:奢侈品: 	56	已放置于	426
Map Script: 14	:奢侈品: 	56	已放置于	4911
Map Script: 15	:奢侈品: 	56	已放置于	107
Map Script: 16	:奢侈品: 	56	已放置于	4918
Map Script: 17	:奢侈品: 	56	已放置于	368
Map Script: 18	:奢侈品: 	56	已放置于	4998
Map Script: 19	:奢侈品: 	56	已放置于	565
Map Script: 20	:奢侈品: 	56	已放置于	547
Map Script: 21	:奢侈品: 	56	已放置于	5737
Map Script: 22	:奢侈品: 	56	已放置于	178
Map Script: 23	:奢侈品: 	56	已放置于	4974
Map Script: Placing luxury resource	25	on continent	37	target count	23.9706
Map Script: 1	:奢侈品: 	25	已放置于	1089
Map Script: 2	:奢侈品: 	25	已放置于	1655
Map Script: 3	:奢侈品: 	25	已放置于	1567
Map Script: 4	:奢侈品: 	25	已放置于	1472
Map Script: 5	:奢侈品: 	25	已放置于	1819
Map Script: 6	:奢侈品: 	25	已放置于	1471
Map Script: 7	:奢侈品: 	25	已放置于	1274
Map Script: 8	:奢侈品: 	25	已放置于	1370
Map Script: 9	:奢侈品: 	25	已放置于	1473
Map Script: 10	:奢侈品: 	25	已放置于	1351
Map Script: 11	:奢侈品: 	25	已放置于	1029
Map Script: 12	:奢侈品: 	25	已放置于	1319
Map Script: 13	:奢侈品: 	25	已放置于	1036
Map Script: 14	:奢侈品: 	25	已放置于	1486
Map Script: 15	:奢侈品: 	25	已放置于	1600
Map Script: 16	:奢侈品: 	25	已放置于	1228
Map Script: 17	:奢侈品: 	25	已放置于	1365
Map Script: 18	:奢侈品: 	25	已放置于	2071
Map Script: 19	:奢侈品: 	25	已放置于	1575
Map Script: 20	:奢侈品: 	25	已放置于	1844
Map Script: 21	:奢侈品: 	25	已放置于	2045
Map Script: 22	:奢侈品: 	25	已放置于	951
Map Script: 23	:奢侈品: 	25	已放置于	957
Map Script: Placing luxury resource	22	on continent	37	target count	23.9706
Map Script: 1	:奢侈品: 	22	已放置于	1422
Map Script: 2	:奢侈品: 	22	已放置于	1956
Map Script: 3	:奢侈品: 	22	已放置于	1880
Map Script: 4	:奢侈品: 	22	已放置于	1288
Map Script: 5	:奢侈品: 	22	已放置于	1417
Map Script: 6	:奢侈品: 	22	已放置于	1593
Map Script: 7	:奢侈品: 	22	已放置于	1806
Map Script: 8	:奢侈品: 	22	已放置于	1245
Map Script: 9	:奢侈品: 	22	已放置于	1453
Map Script: 10	:奢侈品: 	22	已放置于	1660
Map Script: 11	:奢侈品: 	22	已放置于	1667
Map Script: 12	:奢侈品: 	22	已放置于	1803
Map Script: 13	:奢侈品: 	22	已放置于	2062
Map Script: 14	:奢侈品: 	22	已放置于	1324
Map Script: 15	:奢侈品: 	22	已放置于	1874
Map Script: 16	:奢侈品: 	22	已放置于	973
Map Script: 17	:奢侈品: 	22	已放置于	1664
Map Script: 18	:奢侈品: 	22	已放置于	1990
Map Script: 19	:奢侈品: 	22	已放置于	1058
Map Script: 20	:奢侈品: 	22	已放置于	1834
Map Script: 21	:奢侈品: 	22	已放置于	1618
Map Script: 22	:奢侈品: 	22	已放置于	2111
Map Script: 23	:奢侈品: 	22	已放置于	1316
Map Script: Placing luxury resource	57	on continent	37	target count	23.9706
Map Script: 1	:奢侈品: 	57	已放置于	1024
Map Script: 2	:奢侈品: 	57	已放置于	1123
Map Script: 3	:奢侈品: 	57	已放置于	1577
Map Script: 4	:奢侈品: 	57	已放置于	1432
Map Script: 5	:奢侈品: 	57	已放置于	1384
Map Script: 6	:奢侈品: 	57	已放置于	1196
Map Script: 7	:奢侈品: 	57	已放置于	1507
Map Script: 8	:奢侈品: 	57	已放置于	1094
Map Script: 9	:奢侈品: 	57	已放置于	1114
Map Script: 10	:奢侈品: 	57	已放置于	1267
Map Script: 11	:奢侈品: 	57	已放置于	1460
Map Script: 12	:奢侈品: 	57	已放置于	1915
Map Script: 13	:奢侈品: 	57	已放置于	1847
Map Script: 14	:奢侈品: 	57	已放置于	1404
Map Script: 15	:奢侈品: 	57	已放置于	1459
Map Script: 16	:奢侈品: 	57	已放置于	2041
Map Script: 17	:奢侈品: 	57	已放置于	1613
Map Script: 18	:奢侈品: 	57	已放置于	1800
Map Script: 19	:奢侈品: 	57	已放置于	1886
Map Script: 20	:奢侈品: 	57	已放置于	1261
Map Script: 21	:奢侈品: 	57	已放置于	2117
Map Script: 22	:奢侈品: 	57	已放置于	1408
Map Script: 23	:奢侈品: 	57	已放置于	1786
Map Script: Placing luxury resource	20	on continent	37	target count	23.9706
Map Script: 1	:奢侈品: 	20	已放置于	1531
Map Script: 2	:奢侈品: 	20	已放置于	1160
Map Script: 3	:奢侈品: 	20	已放置于	1475
Map Script: 4	:奢侈品: 	20	已放置于	1911
Map Script: 5	:奢侈品: 	20	已放置于	1811
Map Script: 6	:奢侈品: 	20	已放置于	1108
Map Script: 7	:奢侈品: 	20	已放置于	2074
Map Script: 8	:奢侈品: 	20	已放置于	1701
Map Script: 9	:奢侈品: 	20	已放置于	1773
Map Script: 10	:奢侈品: 	20	已放置于	1970
Map Script: 11	:奢侈品: 	20	已放置于	2031
Map Script: 12	:奢侈品: 	20	已放置于	1021
Map Script: 13	:奢侈品: 	20	已放置于	1545
Map Script: 14	:奢侈品: 	20	已放置于	2114
Map Script: 15	:奢侈品: 	20	已放置于	1615
Map Script: 16	:奢侈品: 	20	已放置于	1310
Map Script: 17	:奢侈品: 	20	已放置于	1688
Map Script: 18	:奢侈品: 	20	已放置于	1685
Map Script: 19	:奢侈品: 	20	已放置于	1016
Map Script: 20	:奢侈品: 	20	已放置于	1495
Map Script: 21	:奢侈品: 	20	已放置于	1178
Map Script: 22	:奢侈品: 	20	已放置于	1939
Map Script: 23	:奢侈品: 	20	已放置于	1877
Map Script: Placing luxury resource	11	on continent	38	target count	26.1441
Map Script: 1	:奢侈品: 	11	已放置于	2924
Map Script: 2	:奢侈品: 	11	已放置于	3505
Map Script: 3	:奢侈品: 	11	已放置于	3312
Map Script: 4	:奢侈品: 	11	已放置于	2796
Map Script: 5	:奢侈品: 	11	已放置于	3538
Map Script: 6	:奢侈品: 	11	已放置于	2979
Map Script: 7	:奢侈品: 	11	已放置于	3590
Map Script: 8	:奢侈品: 	11	已放置于	2426
Map Script: 9	:奢侈品: 	11	已放置于	2271
Map Script: 10	:奢侈品: 	11	已放置于	2903
Map Script: 11	:奢侈品: 	11	已放置于	2260
Map Script: 12	:奢侈品: 	11	已放置于	3173
Map Script: 13	:奢侈品: 	11	已放置于	2343
Map Script: 14	:奢侈品: 	11	已放置于	3610
Map Script: 15	:奢侈品: 	11	已放置于	3581
Map Script: 16	:奢侈品: 	11	已放置于	2750
Map Script: 17	:奢侈品: 	11	已放置于	3261
Map Script: 18	:奢侈品: 	11	已放置于	3553
Map Script: 19	:奢侈品: 	11	已放置于	2569
Map Script: 20	:奢侈品: 	11	已放置于	2990
Map Script: 21	:奢侈品: 	11	已放置于	2602
Map Script: 22	:奢侈品: 	11	已放置于	2999
Map Script: 23	:奢侈品: 	11	已放置于	3252
Map Script: 24	:奢侈品: 	11	已放置于	2717
Map Script: 25	:奢侈品: 	11	已放置于	2876
Map Script: 26	:奢侈品: 	11	已放置于	3059
Map Script: Placing luxury resource	53	on continent	38	target count	26.1441
Map Script: 1	:奢侈品: 	53	已放置于	3404
Map Script: 2	:奢侈品: 	53	已放置于	2377
Map Script: 3	:奢侈品: 	53	已放置于	2149
Map Script: 4	:奢侈品: 	53	已放置于	3088
Map Script: 5	:奢侈品: 	53	已放置于	2213
Map Script: 6	:奢侈品: 	53	已放置于	2636
Map Script: 7	:奢侈品: 	53	已放置于	2981
Map Script: 8	:奢侈品: 	53	已放置于	2514
Map Script: 9	:奢侈品: 	53	已放置于	2577
Map Script: 10	:奢侈品: 	53	已放置于	3123
Map Script: 11	:奢侈品: 	53	已放置于	3129
Map Script: 12	:奢侈品: 	53	已放置于	3563
Map Script: 13	:奢侈品: 	53	已放置于	2491
Map Script: 14	:奢侈品: 	53	已放置于	2403
Map Script: 15	:奢侈品: 	53	已放置于	3362
Map Script: 16	:奢侈品: 	53	已放置于	3126
Map Script: 17	:奢侈品: 	53	已放置于	3434
Map Script: 18	:奢侈品: 	53	已放置于	2544
Map Script: 19	:奢侈品: 	53	已放置于	2702
Map Script: 20	:奢侈品: 	53	已放置于	2919
Map Script: 21	:奢侈品: 	53	已放置于	2670
Map Script: 22	:奢侈品: 	53	已放置于	2499
Map Script: 23	:奢侈品: 	53	已放置于	2813
Map Script: 24	:奢侈品: 	53	已放置于	3356
Map Script: 25	:奢侈品: 	53	已放置于	2552
Map Script: 26	:奢侈品: 	53	已放置于	3518
Map Script: Placing luxury resource	29	on continent	38	target count	26.1441
Map Script: 1	:奢侈品: 	29	已放置于	3387
Map Script: 2	:奢侈品: 	29	已放置于	2744
Map Script: 3	:奢侈品: 	29	已放置于	2728
Map Script: 4	:奢侈品: 	29	已放置于	3063
Map Script: 5	:奢侈品: 	29	已放置于	2969
Map Script: 6	:奢侈品: 	29	已放置于	3213
Map Script: 7	:奢侈品: 	29	已放置于	3197
Map Script: 8	:奢侈品: 	29	已放置于	3399
Map Script: 9	:奢侈品: 	29	已放置于	3198
Map Script: 10	:奢侈品: 	29	已放置于	2549
Map Script: 11	:奢侈品: 	29	已放置于	2745
Map Script: 12	:奢侈品: 	29	已放置于	2899
Map Script: 13	:奢侈品: 	29	已放置于	2783
Map Script: 14	:奢侈品: 	29	已放置于	2411
Map Script: 15	:奢侈品: 	29	已放置于	3035
Map Script: 16	:奢侈品: 	29	已放置于	3303
Map Script: 17	:奢侈品: 	29	已放置于	2868
Map Script: 18	:奢侈品: 	29	已放置于	3221
Map Script: 19	:奢侈品: 	29	已放置于	3560
Map Script: 20	:奢侈品: 	29	已放置于	2741
Map Script: 21	:奢侈品: 	29	已放置于	2649
Map Script: 22	:奢侈品: 	29	已放置于	2639
Map Script: 23	:奢侈品: 	29	已放置于	2159
Map Script: 24	:奢侈品: 	29	已放置于	2219
Map Script: 25	:奢侈品: 	29	已放置于	3414
Map Script: 26	:奢侈品: 	29	已放置于	3255
Map Script: Placing luxury resource	17	on continent	38	target count	26.1441
Map Script: 1	:奢侈品: 	17	已放置于	2275
Map Script: 2	:奢侈品: 	17	已放置于	2396
Map Script: 3	:奢侈品: 	17	已放置于	2339
Map Script: 4	:奢侈品: 	17	已放置于	3578
Map Script: 5	:奢侈品: 	17	已放置于	3161
Map Script: 6	:奢侈品: 	17	已放置于	2358
Map Script: 7	:奢侈品: 	17	已放置于	2366
Map Script: 8	:奢侈品: 	17	已放置于	3381
Map Script: 9	:奢侈品: 	17	已放置于	2472
Map Script: 10	:奢侈品: 	17	已放置于	2211
Map Script: 11	:奢侈品: 	17	已放置于	3579
Map Script: 12	:奢侈品: 	17	已放置于	2291
Map Script: 13	:奢侈品: 	17	已放置于	2466
Map Script: 14	:奢侈品: 	17	已放置于	3345
Map Script: 15	:奢侈品: 	17	已放置于	2482
Map Script: 16	:奢侈品: 	17	已放置于	2238
Map Script: 17	:奢侈品: 	17	已放置于	2387
Map Script: 18	:奢侈品: 	17	已放置于	3468
Map Script: 19	:奢侈品: 	17	已放置于	2268
Map Script: 20	:奢侈品: 	17	已放置于	2504
Map Script: 21	:奢侈品: 	17	已放置于	3628
Map Script: 22	:奢侈品: 	17	已放置于	3591
Map Script: 23	:奢侈品: 	17	已放置于	3325
Map Script: 24	:奢侈品: 	17	已放置于	3584
Map Script: Placing luxury resource	28	on continent	39	target count	23.81535
Map Script: 1	:奢侈品: 	28	已放置于	4692
Map Script: 2	:奢侈品: 	28	已放置于	4297
Map Script: 3	:奢侈品: 	28	已放置于	4587
Map Script: 4	:奢侈品: 	28	已放置于	4277
Map Script: 5	:奢侈品: 	28	已放置于	4192
Map Script: 6	:奢侈品: 	28	已放置于	4442
Map Script: 7	:奢侈品: 	28	已放置于	4313
Map Script: 8	:奢侈品: 	28	已放置于	4005
Map Script: 9	:奢侈品: 	28	已放置于	4735
Map Script: 10	:奢侈品: 	28	已放置于	4191
Map Script: 11	:奢侈品: 	28	已放置于	4575
Map Script: 12	:奢侈品: 	28	已放置于	4576
Map Script: 13	:奢侈品: 	28	已放置于	3707
Map Script: 14	:奢侈品: 	28	已放置于	4220
Map Script: 15	:奢侈品: 	28	已放置于	4149
Map Script: 16	:奢侈品: 	28	已放置于	4607
Map Script: 17	:奢侈品: 	28	已放置于	4351
Map Script: 18	:奢侈品: 	28	已放置于	3631
Map Script: 19	:奢侈品: 	28	已放置于	4584
Map Script: 20	:奢侈品: 	28	已放置于	4117
Map Script: 21	:奢侈品: 	28	已放置于	4583
Map Script: 22	:奢侈品: 	28	已放置于	3820
Map Script: 23	:奢侈品: 	28	已放置于	4606
Map Script: Placing luxury resource	60	on continent	39	target count	23.81535
Map Script: 1	:奢侈品: 	60	已放置于	4124
Map Script: 2	:奢侈品: 	60	已放置于	4743
Map Script: 3	:奢侈品: 	60	已放置于	4430
Map Script: 4	:奢侈品: 	60	已放置于	4779
Map Script: 5	:奢侈品: 	60	已放置于	4376
Map Script: 6	:奢侈品: 	60	已放置于	4656
Map Script: 7	:奢侈品: 	60	已放置于	4045
Map Script: 8	:奢侈品: 	60	已放置于	3931
Map Script: 9	:奢侈品: 	60	已放置于	3792
Map Script: 10	:奢侈品: 	60	已放置于	4611
Map Script: 11	:奢侈品: 	60	已放置于	4293
Map Script: 12	:奢侈品: 	60	已放置于	3870
Map Script: 13	:奢侈品: 	60	已放置于	4539
Map Script: 14	:奢侈品: 	60	已放置于	4690
Map Script: 15	:奢侈品: 	60	已放置于	3858
Map Script: 16	:奢侈品: 	60	已放置于	3718
Map Script: 17	:奢侈品: 	60	已放置于	3937
Map Script: 18	:奢侈品: 	60	已放置于	4730
Map Script: 19	:奢侈品: 	60	已放置于	3816
Map Script: 20	:奢侈品: 	60	已放置于	4609
Map Script: 21	:奢侈品: 	60	已放置于	4126
Map Script: 22	:奢侈品: 	60	已放置于	4808
Map Script: 23	:奢侈品: 	60	已放置于	4675
Map Script: Placing luxury resource	13	on continent	39	target count	23.81535
Map Script: 1	:奢侈品: 	13	已放置于	4688
Map Script: 2	:奢侈品: 	13	已放置于	4234
Map Script: 3	:奢侈品: 	13	已放置于	4513
Map Script: 4	:奢侈品: 	13	已放置于	4002
Map Script: 5	:奢侈品: 	13	已放置于	3971
Map Script: 6	:奢侈品: 	13	已放置于	4089
Map Script: 7	:奢侈品: 	13	已放置于	4394
Map Script: 8	:奢侈品: 	13	已放置于	3983
Map Script: 9	:奢侈品: 	13	已放置于	4790
Map Script: 10	:奢侈品: 	13	已放置于	4051
Map Script: 11	:奢侈品: 	13	已放置于	4470
Map Script: 12	:奢侈品: 	13	已放置于	4471
Map Script: 13	:奢侈品: 	13	已放置于	3860
Map Script: 14	:奢侈品: 	13	已放置于	4488
Map Script: 15	:奢侈品: 	13	已放置于	4447
Map Script: 16	:奢侈品: 	13	已放置于	4740
Map Script: 17	:奢侈品: 	13	已放置于	4303
Map Script: 18	:奢侈品: 	13	已放置于	3700
Map Script: 19	:奢侈品: 	13	已放置于	4619
Map Script: 20	:奢侈品: 	13	已放置于	4218
Map Script: 21	:奢侈品: 	13	已放置于	4374
Map Script: 22	:奢侈品: 	13	已放置于	4357
Map Script: 23	:奢侈品: 	13	已放置于	4737
Map Script: Placing luxury resource	50	on continent	39	target count	23.81535
Map Script: 1	:奢侈品: 	50	已放置于	4083
Map Script: 2	:奢侈品: 	50	已放置于	4454
Map Script: 3	:奢侈品: 	50	已放置于	4544
Map Script: 4	:奢侈品: 	50	已放置于	4043
Map Script: 5	:奢侈品: 	50	已放置于	4817
Map Script: 6	:奢侈品: 	50	已放置于	4010
Map Script: 7	:奢侈品: 	50	已放置于	4016
Map Script: 8	:奢侈品: 	50	已放置于	4503
Map Script: 9	:奢侈品: 	50	已放置于	4461
Map Script: 10	:奢侈品: 	50	已放置于	4315
Map Script: 11	:奢侈品: 	50	已放置于	4245
Map Script: 12	:奢侈品: 	50	已放置于	3737
Map Script: 13	:奢侈品: 	50	已放置于	4229
Map Script: 14	:奢侈品: 	50	已放置于	3885
Map Script: 15	:奢侈品: 	50	已放置于	4391
Map Script: 16	:奢侈品: 	50	已放置于	3745
Map Script: 17	:奢侈品: 	50	已放置于	3810
Map Script: 18	:奢侈品: 	50	已放置于	3987
Map Script: 19	:奢侈品: 	50	已放置于	4163
Map Script: 20	:奢侈品: 	50	已放置于	3863
Map Script: 21	:奢侈品: 	50	已放置于	4068
Map Script: 22	:奢侈品: 	50	已放置于	3772
Map Script: 23	:奢侈品: 	50	已放置于	4761
Map Script: 水域奢侈数量	5
Map Script: 本次添加水域奢侈种类	5
Map Script: Water Resource: 	55	 number placed = 	29
Map Script: Water Resource: 	55	 number placed = 	29
Map Script: Water Resource: 	32	 number placed = 	29
Map Script: Water Resource: 	32	 number placed = 	29
Map Script: Water Resource: 	49	 number placed = 	29
Map Script: Water Resource: 	49	 number placed = 	29
Map Script: Water Resource: 	51	 number placed = 	15
Map Script: Water Resource: 	51	 number placed = 	68
Map Script: Water Resource: 	23	 number placed = 	29
Map Script: Water Resource: 	23	 number placed = 	29
Map Script: BBSStratRes	0
Map Script: 地脉频率	10
Map Script: 地脉索引	367326199
Map Script: 地脉 eResourceClassType:	10
Map Script: 地脉 iFrequency:	10
Map Script: 地脉 iOccurencesPerFrequency:	8.28158125
Map Script: 地脉 iNumToPlace:	36.322724780702
Map Script: Assigning starting plots
Map Script: ZYLRM[RING_TEAM]: assigning starting plots
Map Script: ZYL RVC player distance policy:	TEAM	same-team >=	12	cross-team >=	18	hard	true
Map Script: BBS_AssignStartingPlots: BBS Settings:	true
Map Script: ZYL RVC team lobby depth order: enabled (soft inland preference)
Map Script: Attempt #	1	Distance	15
Map Script: TeamPVP __InitStartingData i:	1
Map Script: BBS_AssignStartingPlots: Start:	Wed Sep 16 20:04:51 2026
Map Script: ZYL RVC team lobby depth rank:	0	team	0	rank	1	of	4
Map Script: ZYL RVC team lobby depth rank:	1	team	0	rank	2	of	4
Map Script: ZYL RVC team lobby depth rank:	2	team	0	rank	3	of	4
Map Script: ZYL RVC team lobby depth rank:	3	team	0	rank	4	of	4
Map Script: ZYL RVC team lobby depth rank:	4	team	1	rank	1	of	4
Map Script: ZYL RVC team lobby depth rank:	5	team	1	rank	2	of	4
Map Script: ZYL RVC team lobby depth rank:	6	team	1	rank	3	of	4
Map Script: ZYL RVC team lobby depth rank:	7	team	1	rank	4	of	4
Map Script: ZYL RVC ring sector:	0	team	0	rank	1	of	4	side	negative	angle	90	-	135	target	117	radial	20	-	32
Map Script: ZYL RVC ring sector:	1	team	0	rank	2	of	4	side	negative	angle	135	-	180	target	157.5	radial	20	-	32
Map Script: ZYL RVC ring sector:	2	team	0	rank	3	of	4	side	negative	angle	180	-	225	target	202.5	radial	20	-	32
Map Script: ZYL RVC ring sector:	3	team	0	rank	4	of	4	side	negative	angle	225	-	270	target	243	radial	20	-	32
Map Script: ZYL RVC ring sector:	4	team	1	rank	1	of	4	side	positive	angle	45	-	90	target	63	radial	20	-	32
Map Script: ZYL RVC ring sector:	5	team	1	rank	2	of	4	side	positive	angle	0	-	45	target	22.5	radial	20	-	32
Map Script: ZYL RVC ring sector:	6	team	1	rank	3	of	4	side	positive	angle	-45	-	0	target	-22.5	radial	20	-	32
Map Script: ZYL RVC ring sector:	7	team	1	rank	4	of	4	side	positive	angle	-90	-	-45	target	-63	radial	20	-	32
Map Script: SetStartBias for	CIVILIZATION_BABYLON_STK	1
Map Script: __TableSize startPlots:	8
Map Script: __BiasRoutine check ratedBiases:	table: 000000009C1AB650	;regionIndex:	6
Map Script: Settled Score :	18238650	Player:	1	Region:	6
Map Script: ZYL RVC ring sector result:	1	angleDiff	14.976179561361	radialDiff	0.06084440077061	plot	11	41
Map Script: SetStartBias for	CIVILIZATION_MALI	6
Map Script: __TableSize startPlots:	8
Map Script: __BiasRoutine check ratedBiases:	table: 000000009B471160	;regionIndex:	5
Map Script: Settled Score :	17742188	Player:	6	Region:	5
Map Script: ZYL RVC ring sector result:	6	angleDiff	13.527373385104	radialDiff	0.23775634104225	plot	66	33
Map Script: SetStartBias for	CIVILIZATION_NUBIA	3
Map Script: __TableSize startPlots:	8
Map Script: __BiasRoutine check ratedBiases:	table: 000000009B482E60	;regionIndex:	8
Map Script: Settled Score :	18302416	Player:	3	Region:	8
Map Script: ZYL RVC ring sector result:	3	angleDiff	16.992020198559	radialDiff	0.008832103962658	plot	33	12
Map Script: SetStartBias for	CIVILIZATION_CREE	5
Map Script: __TableSize startPlots:	8
Map Script: __BiasRoutine check ratedBiases:	table: 000000009C8847F0	;regionIndex:	5
Map Script: Settled Score :	17488745	Player:	5	Region:	5
Map Script: ZYL RVC ring sector result:	5	angleDiff	5.4794743884801	radialDiff	0.031478670780174	plot	62	45
Map Script: SetStartBias for	CIVILIZATION_MONGOLIA	7
Map Script: __TableSize startPlots:	8
Map Script: __BiasRoutine check ratedBiases:	table: 000000009C88D3A0	;regionIndex:	7
Map Script: Settled Score :	17571645	Player:	7	Region:	7
Map Script: ZYL RVC ring sector result:	7	angleDiff	2.0546040990771	radialDiff	0.021743720627708	plot	50	15
Map Script: SetStartBias for	CIVILIZATION_PERSIA	0
Map Script: __TableSize startPlots:	8
Map Script: __BiasRoutine check ratedBiases:	table: 000000009C8A4820	;regionIndex:	4
Map Script: Settled Score :	18452248	Player:	0	Region:	4
Map Script: ZYL RVC ring sector result:	0	angleDiff	7.8663567940945	radialDiff	0.0056162533516767	plot	29	62
Map Script: SetStartBias for	CIVILIZATION_AZTEC	4
Map Script: __TableSize startPlots:	8
Map Script: __BiasRoutine check ratedBiases:	table: 000000009C8AF950	;regionIndex:	3
Map Script: Settled Score :	18543919	Player:	4	Region:	3
Map Script: ZYL RVC ring sector result:	4	angleDiff	0.92464441605123	radialDiff	0.013579241991855	plot	49	61
Map Script: SetStartBias for	CIVILIZATION_INDIA	2
Map Script: __TableSize startPlots:	8
Map Script: __BiasRoutine check ratedBiases:	table: 000000009C8BB390	;regionIndex:	8
Map Script: Settled Score :	17639439	Player:	2	Region:	8
Map Script: ZYL RVC ring sector result:	2	angleDiff	0.88522105721376	radialDiff	0.20869880228987	plot	11	27
Map Script: ZYL RVC coastal side quota:	west	0	east	0	fallback	0
Map Script: SetStartBias for	CIVILIZATION_NAN_MADOL	9
Map Script: __TableSize startPlots:	10
Map Script: __BiasRoutine check ratedBiases:	table: 000000009C9443E0	;regionIndex:	6
Map Script: Settled plot :	64	:	1	Score :	3000264	Player:	9	Region:	6
Map Script: SetStartBias for	CIVILIZATION_GENEVA	11
Map Script: __TableSize startPlots:	10
Map Script: __BiasRoutine check ratedBiases:	table: 000000009C9C44B0	;regionIndex:	1
Map Script: Settled plot :	70	:	13	Score :	2795	Player:	11	Region:	1
Map Script: SetStartBias for	CIVILIZATION_HATTUSA	15
Map Script: __TableSize startPlots:	10
Map Script: __BiasRoutine check ratedBiases:	table: 000000009C792820	;regionIndex:	10
Map Script: Settled plot :	45	:	34	Score :	4503	Player:	15	Region:	10
Map Script: SetStartBias for	CIVILIZATION_KABUL	8
Map Script: __TableSize startPlots:	10
Map Script: __BiasRoutine check ratedBiases:	table: 00000001950F3780	;regionIndex:	9
Map Script: Settled plot :	55	:	35	Score :	-89997554	Player:	8	Region:	9
Map Script: SetStartBias for	CIVILIZATION_MEXICO_CITY	17
Map Script: __TableSize startPlots:	10
Map Script: __BiasRoutine check ratedBiases:	table: 00000001B6EB69E0	;regionIndex:	8
Map Script: Settled plot :	10	:	59	Score :	552	Player:	17	Region:	8
Map Script: SetStartBias for	CIVILIZATION_BUENOS_AIRES	16
Map Script: __TableSize startPlots:	10
Map Script: __BiasRoutine check ratedBiases:	table: 00000001B6ECA2B0	;regionIndex:	3
Map Script: Settled plot :	14	:	16	Score :	-89997101	Player:	16	Region:	3
Map Script: SetStartBias for	CIVILIZATION_CHINGUETTI	14
Map Script: __TableSize startPlots:	10
Map Script: __BiasRoutine check ratedBiases:	table: 00000001B99366B0	;regionIndex:	4
Map Script: Settled plot :	54	:	27	Score :	-89999163	Player:	14	Region:	4
Map Script: SetStartBias for	CIVILIZATION_SAMARKAND	10
Map Script: __TableSize startPlots:	10
Map Script: __BiasRoutine check ratedBiases:	table: 00000001B9998F90	;regionIndex:	5
Map Script: Settled plot :	58	:	65	Score :	-89998959	Player:	10	Region:	5
Map Script: SetStartBias for	CIVILIZATION_LAHORE	13
Map Script: __TableSize startPlots:	10
Map Script: __BiasRoutine check ratedBiases:	table: 00000001B99E78C0	;regionIndex:	7
Map Script: Settled plot :	41	:	49	Score :	-89998976	Player:	13	Region:	7
Map Script: SetStartBias for	CIVILIZATION_CAGUANA	12
Map Script: __TableSize startPlots:	10
Map Script: __BiasRoutine check ratedBiases:	table: 00000001B99F4AC0	;regionIndex:	2
Map Script: Settled plot :	25	:	23	Score :	-89998995	Player:	12	Region:	2
Map Script: Minor	CIVILIZATION_KABUL	Start X: 	55	Y: 	35
Map Script: Minor	CIVILIZATION_NAN_MADOL	Start X: 	64	Y: 	1
Map Script: Minor	CIVILIZATION_SAMARKAND	Start X: 	58	Y: 	65
Map Script: Minor	CIVILIZATION_GENEVA	Start X: 	70	Y: 	13
Map Script: Minor	CIVILIZATION_CAGUANA	Start X: 	25	Y: 	23
Map Script: Minor	CIVILIZATION_LAHORE	Start X: 	41	Y: 	49
Map Script: Minor	CIVILIZATION_CHINGUETTI	Start X: 	54	Y: 	27
Map Script: Minor	CIVILIZATION_HATTUSA	Start X: 	45	Y: 	34
Map Script: Minor	CIVILIZATION_BUENOS_AIRES	Start X: 	14	Y: 	16
Map Script: Minor	CIVILIZATION_MEXICO_CITY	Start X: 	10	Y: 	59
Map Script: BBS_AssignStartingPlots: Completed	Wed Sep 16 20:04:52 2026
Map Script: BBS_AssignStartingPlots: Successfully ran!
Map Script: 增加部落村庄
Map Script: -------------------------------
Map Script: Map Generation - Adding Goodies TPT
Map Script: 村庄类型:	IMPROVEMENT_GOODY_HUT
Map Script: -------------------------------
Map Script: 地图平衡
Map Script: 地图平衡脚本启动。系统时间：	Wed Sep 16 20:04:52 2026
Map Script: Reading game configuration
Map Script: Init: Map Seed	910900531
Map Script: Init: Game Seed	910900530
Map Script: Init: Number of Major Civs	8
Map Script: Init: Local Player Id	1
Map Script: Init: Number of City-States	10
Map Script: Init: Loading zyl_team_ring_mainland.lua script
Map Script: Init: City-State Placement:	Multiplayer
Map Script: Init: Map Size: 	3	2 = Small, 5 = Huge
Map Script: Init: gridWidth	76	gridHeight	76
Map Script: Init: Climate: 	2	1 = Hot, 2 = Standard, 3 = Cold
Map Script: Init: BBS Temperature: Off
Map Script: Init: Rainfall: 	2	1 = Dry, 2 = Standard, 3 = Humid
Map Script: Init: World Age: 	2	1 = New, 2 = Standard 3 = Old
Map Script: Init: Ridge: 	0	1 = Standard 2 = Large Open 4 = Flat Earth
Map Script: Init: Sea Level: 	2	1 = Low Sea Level, 2 = Standard, 3 = High Sea Level
Map Script: Init: Strategic Resources:	0
Map Script: Init: Resources: 	2	1 = Sparse, 2 = Standard, 3 = Abundant
Map Script: Init: Spawntype: 	1	1 = Standard, 2 = Balanced, 3 = Legendary
Map Script: 开始计算开局资源补偿
Map Script: iBalancingOneDeviationNumber:	2
Map Script: 地图平衡脚本：初始化完毕
Map Script: Init: 	nil	 time.
Map Script: Init: Global Parameters: Natural Wonder Buffer:	4
Map Script: Init: Global Parameters: City-State Buffer:	8
Map Script: Init: Global Parameters: Major Civs Buffer:	10
Map Script: 载入冻土资源补偿配置
Map Script: Checking city-state starting plots
Map Script: Minor failure module: All Minor Civs have been placed.
Map Script: BBS分配出生点失败。地图脚本正在检查F社分配出生点脚本是否存在错误
Map Script: I:	1	J:	2	Distance:	28
Map Script: I:	1	J:	3	Distance:	35
Map Script: I:	1	J:	4	Distance:	50
Map Script: I:	1	J:	5	Distance:	21
Map Script: I:	1	J:	6	Distance:	42
Map Script: I:	1	J:	7	Distance:	52
Map Script: I:	1	J:	8	Distance:	47
Map Script: I:	1	J:	1	Distance:	40
Map Script: I:	1	J:	2	Distance:	66
Map Script: I:	1	J:	3	Distance:	31
Map Script: I:	1	J:	4	Distance:	59
Map Script: I:	1	J:	5	Distance:	39
Map Script: I:	1	J:	6	Distance:	19
Map Script: I:	1	J:	7	Distance:	43
Map Script: I:	1	J:	8	Distance:	30
Map Script: I:	1	J:	9	Distance:	46
Map Script: I:	1	J:	10	Distance:	20
Map Script: I:	2	J:	1	Distance:	28
Map Script: I:	2	J:	3	Distance:	14
Map Script: I:	2	J:	4	Distance:	36
Map Script: I:	2	J:	5	Distance:	48
Map Script: I:	2	J:	6	Distance:	27
Map Script: I:	2	J:	7	Distance:	25
Map Script: I:	2	J:	8	Distance:	50
Map Script: I:	2	J:	1	Distance:	35
Map Script: I:	2	J:	2	Distance:	43
Map Script: I:	2	J:	3	Distance:	41
Map Script: I:	2	J:	4	Distance:	31
Map Script: I:	2	J:	5	Distance:	23
Map Script: I:	2	J:	6	Distance:	34
Map Script: I:	2	J:	7	Distance:	40
Map Script: I:	2	J:	8	Distance:	37
Map Script: I:	2	J:	9	Distance:	25
Map Script: I:	2	J:	10	Distance:	18
Map Script: I:	3	J:	1	Distance:	35
Map Script: I:	3	J:	2	Distance:	14
Map Script: I:	3	J:	4	Distance:	29
Map Script: I:	3	J:	5	Distance:	55
Map Script: I:	3	J:	6	Distance:	34
Map Script: I:	3	J:	7	Distance:	24
Map Script: I:	3	J:	8	Distance:	43
Map Script: I:	3	J:	1	Distance:	36
Map Script: I:	3	J:	2	Distance:	36
Map Script: I:	3	J:	3	Distance:	48
Map Script: I:	3	J:	4	Distance:	24
Map Script: I:	3	J:	5	Distance:	16
Map Script: I:	3	J:	6	Distance:	41
Map Script: I:	3	J:	7	Distance:	33
Map Script: I:	3	J:	8	Distance:	37
Map Script: I:	3	J:	9	Distance:	11
Map Script: I:	3	J:	10	Distance:	32
Map Script: I:	4	J:	1	Distance:	50
Map Script: I:	4	J:	2	Distance:	36
Map Script: I:	4	J:	3	Distance:	29
Map Script: I:	4	J:	5	Distance:	49
Map Script: I:	4	J:	6	Distance:	46
Map Script: I:	4	J:	7	Distance:	44
Map Script: I:	4	J:	8	Distance:	19
Map Script: I:	4	J:	1	Distance:	34
Map Script: I:	4	J:	2	Distance:	37
Map Script: I:	4	J:	3	Distance:	53
Map Script: I:	4	J:	4	Distance:	38
Map Script: I:	4	J:	5	Distance:	13
Map Script: I:	4	J:	6	Distance:	37
Map Script: I:	4	J:	7	Distance:	29
Map Script: I:	4	J:	8	Distance:	23
Map Script: I:	4	J:	9	Distance:	21
Map Script: I:	4	J:	10	Distance:	47
Map Script: I:	5	J:	1	Distance:	21
Map Script: I:	5	J:	2	Distance:	48
Map Script: I:	5	J:	3	Distance:	55
Map Script: I:	5	J:	4	Distance:	49
Map Script: I:	5	J:	6	Distance:	21
Map Script: I:	5	J:	7	Distance:	31
Map Script: I:	5	J:	8	Distance:	46
Map Script: I:	5	J:	1	Distance:	26
Map Script: I:	5	J:	2	Distance:	60
Map Script: I:	5	J:	3	Distance:	11
Map Script: I:	5	J:	4	Distance:	48
Map Script: I:	5	J:	5	Distance:	43
Map Script: I:	5	J:	6	Distance:	14
Map Script: I:	5	J:	7	Distance:	34
Map Script: I:	5	J:	8	Distance:	27
Map Script: I:	5	J:	9	Distance:	58
Map Script: I:	5	J:	10	Distance:	38
Map Script: I:	6	J:	1	Distance:	42
Map Script: I:	6	J:	2	Distance:	27
Map Script: I:	6	J:	3	Distance:	34
Map Script: I:	6	J:	4	Distance:	46
Map Script: I:	6	J:	5	Distance:	21
Map Script: I:	6	J:	7	Distance:	12
Map Script: I:	6	J:	8	Distance:	30
Map Script: I:	6	J:	1	Distance:	12
Map Script: I:	6	J:	2	Distance:	44
Map Script: I:	6	J:	3	Distance:	20
Map Script: I:	6	J:	4	Distance:	32
Map Script: I:	6	J:	5	Distance:	48
Map Script: I:	6	J:	6	Distance:	23
Map Script: I:	6	J:	7	Distance:	18
Map Script: I:	6	J:	8	Distance:	23
Map Script: I:	6	J:	9	Distance:	42
Map Script: I:	6	J:	10	Distance:	31
Map Script: I:	7	J:	1	Distance:	52
Map Script: I:	7	J:	2	Distance:	25
Map Script: I:	7	J:	3	Distance:	24
Map Script: I:	7	J:	4	Distance:	44
Map Script: I:	7	J:	5	Distance:	31
Map Script: I:	7	J:	6	Distance:	12
Map Script: I:	7	J:	8	Distance:	25
Map Script: I:	7	J:	1	Distance:	12
Map Script: I:	7	J:	2	Distance:	32
Map Script: I:	7	J:	3	Distance:	32
Map Script: I:	7	J:	4	Distance:	20
Map Script: I:	7	J:	5	Distance:	40
Map Script: I:	7	J:	6	Distance:	33
Map Script: I:	7	J:	7	Distance:	15
Map Script: I:	7	J:	8	Distance:	22
Map Script: I:	7	J:	9	Distance:	32
Map Script: I:	7	J:	10	Distance:	33
Map Script: I:	8	J:	1	Distance:	47
Map Script: I:	8	J:	2	Distance:	50
Map Script: I:	8	J:	3	Distance:	43
Map Script: I:	8	J:	4	Distance:	19
Map Script: I:	8	J:	5	Distance:	46
Map Script: I:	8	J:	6	Distance:	30
Map Script: I:	8	J:	7	Distance:	25
Map Script: I:	8	J:	1	Distance:	20
Map Script: I:	8	J:	2	Distance:	21
Map Script: I:	8	J:	3	Distance:	50
Map Script: I:	8	J:	4	Distance:	21
Map Script: I:	8	J:	5	Distance:	29
Map Script: I:	8	J:	6	Distance:	34
Map Script: I:	8	J:	7	Distance:	12
Map Script: I:	8	J:	8	Distance:	19
Map Script: I:	8	J:	9	Distance:	37
Map Script: I:	8	J:	10	Distance:	58
Map Script: I:	8	J:	9	Distance:	34
Map Script: I:	8	J:	10	Distance:	30
Map Script: I:	8	J:	11	Distance:	26
Map Script: I:	8	J:	12	Distance:	36
Map Script: I:	8	J:	13	Distance:	21
Map Script: I:	8	J:	14	Distance:	8
Map Script: I:	8	J:	15	Distance:	11
Map Script: I:	8	J:	16	Distance:	44
Map Script: I:	8	J:	17	Distance:	43
Map Script: I:	9	J:	8	Distance:	34
Map Script: I:	9	J:	10	Distance:	64
Map Script: I:	9	J:	11	Distance:	12
Map Script: I:	9	J:	12	Distance:	48
Map Script: I:	9	J:	13	Distance:	48
Map Script: I:	9	J:	14	Distance:	26
Map Script: I:	9	J:	15	Distance:	36
Map Script: I:	9	J:	16	Distance:	33
Map Script: I:	9	J:	17	Distance:	58
Map Script: I:	10	J:	8	Distance:	30
Map Script: I:	10	J:	9	Distance:	64
Map Script: I:	10	J:	11	Distance:	52
Map Script: I:	10	J:	12	Distance:	54
Map Script: I:	10	J:	13	Distance:	25
Map Script: I:	10	J:	14	Distance:	38
Map Script: I:	10	J:	15	Distance:	31
Map Script: I:	10	J:	16	Distance:	56
Map Script: I:	10	J:	17	Distance:	31
Map Script: I:	11	J:	8	Distance:	26
Map Script: I:	11	J:	9	Distance:	12
Map Script: I:	11	J:	10	Distance:	52
Map Script: I:	11	J:	12	Distance:	36
Map Script: I:	11	J:	13	Distance:	47
Map Script: I:	11	J:	14	Distance:	23
Map Script: I:	11	J:	15	Distance:	36
Map Script: I:	11	J:	16	Distance:	21
Map Script: I:	11	J:	17	Distance:	46
Map Script: I:	12	J:	8	Distance:	36
Map Script: I:	12	J:	9	Distance:	48
Map Script: I:	12	J:	10	Distance:	54
Map Script: I:	12	J:	11	Distance:	36
Map Script: I:	12	J:	13	Distance:	29
Map Script: I:	12	J:	14	Distance:	31
Map Script: I:	12	J:	15	Distance:	25
Map Script: I:	12	J:	16	Distance:	15
Map Script: I:	12	J:	17	Distance:	36
Map Script: I:	13	J:	8	Distance:	21
Map Script: I:	13	J:	9	Distance:	48
Map Script: I:	13	J:	10	Distance:	25
Map Script: I:	13	J:	11	Distance:	47
Map Script: I:	13	J:	12	Distance:	29
Map Script: I:	13	J:	14	Distance:	24
Map Script: I:	13	J:	15	Distance:	15
Map Script: I:	13	J:	16	Distance:	44
Map Script: I:	13	J:	17	Distance:	36
Map Script: I:	14	J:	8	Distance:	8
Map Script: I:	14	J:	9	Distance:	26
Map Script: I:	14	J:	10	Distance:	38
Map Script: I:	14	J:	11	Distance:	23
Map Script: I:	14	J:	12	Distance:	31
Map Script: I:	14	J:	13	Distance:	24
Map Script: I:	14	J:	15	Distance:	13
Map Script: I:	14	J:	16	Distance:	41
Map Script: I:	14	J:	17	Distance:	48
Map Script: I:	15	J:	8	Distance:	11
Map Script: I:	15	J:	9	Distance:	36
Map Script: I:	15	J:	10	Distance:	31
Map Script: I:	15	J:	11	Distance:	36
Map Script: I:	15	J:	12	Distance:	25
Map Script: I:	15	J:	13	Distance:	15
Map Script: I:	15	J:	14	Distance:	13
Map Script: I:	15	J:	16	Distance:	40
Map Script: I:	15	J:	17	Distance:	47
Map Script: I:	16	J:	8	Distance:	44
Map Script: I:	16	J:	9	Distance:	33
Map Script: I:	16	J:	10	Distance:	56
Map Script: I:	16	J:	11	Distance:	21
Map Script: I:	16	J:	12	Distance:	15
Map Script: I:	16	J:	13	Distance:	44
Map Script: I:	16	J:	14	Distance:	41
Map Script: I:	16	J:	15	Distance:	40
Map Script: I:	16	J:	17	Distance:	43
Map Script: I:	17	J:	8	Distance:	43
Map Script: I:	17	J:	9	Distance:	58
Map Script: I:	17	J:	10	Distance:	31
Map Script: I:	17	J:	11	Distance:	46
Map Script: I:	17	J:	12	Distance:	36
Map Script: I:	17	J:	13	Distance:	36
Map Script: I:	17	J:	14	Distance:	48
Map Script: I:	17	J:	15	Distance:	47
Map Script: I:	17	J:	16	Distance:	43
Map Script: 地图平衡脚本：所有平衡前初始化已全部完成	Wed Sep 16 20:04:52 2026
Map Script: 地图平衡脚本：出生点地形平衡
Map Script: Evaluate Start X: 	29	Evaluate Start Y: 	62	Total mountain: 	3	Total water: 	0	Total snow: 	0	Total desert: 	0	Total hill	6	Immediate Food: 	4	Immediate Prod: 	4	Immediate Culture: 	0	Immediate Faith: 	0	Floodplains	0	Best_tile	5	Best_tile_2	5	Plains Tiles	8
Map Script: Major Start X: 	29	Major Start Y: 	62	Player: 	0	 	LEADER_CYRUS	CIVILIZATION_PERSIA
Map Script: Evaluate Start X: 	11	Evaluate Start Y: 	41	Total mountain: 	6	Total water: 	0	Total snow: 	0	Total desert: 	0	Total hill	1	Immediate Food: 	4.6	Immediate Prod: 	0.3	Immediate Culture: 	0	Immediate Faith: 	0	Floodplains	3	Best_tile	4	Best_tile_2	3	Plains Tiles	4
Map Script: Major Start X: 	11	Major Start Y: 	41	Player: 	1	 	LEADER_HAMMURABI	CIVILIZATION_BABYLON_STK
Map Script: Evaluate Start X: 	11	Evaluate Start Y: 	27	Total mountain: 	1	Total water: 	0	Total snow: 	0	Total desert: 	0	Total hill	5	Immediate Food: 	12.4	Immediate Prod: 	8	Immediate Culture: 	1	Immediate Faith: 	0	Floodplains	2	Best_tile	5	Best_tile_2	4	Plains Tiles	11
Map Script: Major Start X: 	11	Major Start Y: 	27	Player: 	2	 	LEADER_CHANDRAGUPTA	CIVILIZATION_INDIA
Map Script: Evaluate Start X: 	33	Evaluate Start Y: 	12	Total mountain: 	2	Total water: 	0	Total snow: 	0	Total desert: 	0	Total hill	11	Immediate Food: 	5	Immediate Prod: 	7	Immediate Culture: 	1	Immediate Faith: 	0	Floodplains	0	Best_tile	5.5	Best_tile_2	5	Plains Tiles	7
Map Script: Major Start X: 	33	Major Start Y: 	12	Player: 	3	 	LEADER_AMANITORE	CIVILIZATION_NUBIA
Map Script: Evaluate Start X: 	49	Evaluate Start Y: 	61	Total mountain: 	3	Total water: 	0	Total snow: 	0	Total desert: 	0	Total hill	4	Immediate Food: 	5	Immediate Prod: 	3	Immediate Culture: 	0	Immediate Faith: 	0	Floodplains	0	Best_tile	5	Best_tile_2	4	Plains Tiles	0
Map Script: Major Start X: 	49	Major Start Y: 	61	Player: 	4	 	LEADER_MONTEZUMA	CIVILIZATION_AZTEC
Map Script: Evaluate Start X: 	62	Evaluate Start Y: 	45	Total mountain: 	4	Total water: 	0	Total snow: 	0	Total desert: 	0	Total hill	8	Immediate Food: 	6	Immediate Prod: 	6	Immediate Culture: 	0	Immediate Faith: 	0	Floodplains	3	Best_tile	5	Best_tile_2	5	Plains Tiles	9
Map Script: Major Start X: 	62	Major Start Y: 	45	Player: 	5	 	LEADER_POUNDMAKER	CIVILIZATION_CREE
Map Script: Evaluate Start X: 	66	Evaluate Start Y: 	33	Total mountain: 	3	Total water: 	0	Total snow: 	0	Total desert: 	0	Total hill	2	Immediate Food: 	6.4	Immediate Prod: 	2	Immediate Culture: 	0	Immediate Faith: 	0	Floodplains	3	Best_tile	5	Best_tile_2	4	Plains Tiles	1
Map Script: Major Start X: 	66	Major Start Y: 	33	Player: 	6	 	LEADER_SUNDIATA_KEITA	CIVILIZATION_MALI
Map Script: Evaluate Start X: 	50	Evaluate Start Y: 	15	Total mountain: 	3	Total water: 	0	Total snow: 	0	Total desert: 	0	Total hill	12	Immediate Food: 	11.3	Immediate Prod: 	10.2	Immediate Culture: 	0	Immediate Faith: 	0	Floodplains	3	Best_tile	5	Best_tile_2	5	Plains Tiles	8
Map Script: Major Start X: 	50	Major Start Y: 	15	Player: 	7	 	LEADER_KUBLAI_KHAN_MONGOLIA	CIVILIZATION_MONGOLIA
Map Script: Map balancing: applying terrain adjustments
Map Script: Terraforming Starts
Map Script: Luxury balancing: Check for Banned Luxury on Spawn
Map Script: Check Luxury Start X: 	29	Evaluate Start Y: 	63	Resource Type: 	50
Map Script: Check Luxury Start X: 	30	Evaluate Start Y: 	62	Resource Type: 	-1
Map Script: Check Luxury Start X: 	29	Evaluate Start Y: 	61	Resource Type: 	42
Map Script: Check Luxury Start X: 	28	Evaluate Start Y: 	61	Resource Type: 	-1
Map Script: Check Luxury Start X: 	28	Evaluate Start Y: 	62	Resource Type: 	13
Map Script: Check Luxury Start X: 	28	Evaluate Start Y: 	63	Resource Type: 	-1
Map Script: Check Luxury Start X: 	30	Evaluate Start Y: 	64	Resource Type: 	-1
Map Script: Check Luxury Start X: 	30	Evaluate Start Y: 	63	Resource Type: 	-1
Map Script: Check Luxury Start X: 	31	Evaluate Start Y: 	62	Resource Type: 	60
Map Script: Check Luxury Start X: 	30	Evaluate Start Y: 	61	Resource Type: 	-1
Map Script: Check Luxury Start X: 	30	Evaluate Start Y: 	60	Resource Type: 	-1
Map Script: Check Luxury Start X: 	29	Evaluate Start Y: 	60	Resource Type: 	-1
Map Script: Check Luxury Start X: 	28	Evaluate Start Y: 	60	Resource Type: 	1
Map Script: Check Luxury Start X: 	27	Evaluate Start Y: 	61	Resource Type: 	-1
Map Script: Check Luxury Start X: 	27	Evaluate Start Y: 	62	Resource Type: 	9
Map Script: Check Luxury Start X: 	27	Evaluate Start Y: 	63	Resource Type: 	-1
Map Script: Check Luxury Start X: 	28	Evaluate Start Y: 	64	Resource Type: 	-1
Map Script: Check Luxury Start X: 	29	Evaluate Start Y: 	64	Resource Type: 	-1
Map Script: Luxury balancing: Check for Banned Luxury on Spawn
Map Script: Check Luxury Start X: 	12	Evaluate Start Y: 	42	Resource Type: 	52
Map Script: Check Luxury Start X: 	12	Evaluate Start Y: 	41	Resource Type: 	-1
Map Script: Check Luxury Start X: 	12	Evaluate Start Y: 	40	Resource Type: 	45
Map Script: Check Luxury Start X: 	11	Evaluate Start Y: 	40	Resource Type: 	1
Map Script: Check Luxury Start X: 	10	Evaluate Start Y: 	41	Resource Type: 	53
Map Script: Check Luxury Start X: 	11	Evaluate Start Y: 	42	Resource Type: 	-1
Map Script: Check Luxury Start X: 	12	Evaluate Start Y: 	43	Resource Type: 	-1
Map Script: Check Luxury Start X: 	13	Evaluate Start Y: 	42	Resource Type: 	1
Map Script: Check Luxury Start X: 	13	Evaluate Start Y: 	41	Resource Type: 	53
Map Script: Check Luxury Start X: 	13	Evaluate Start Y: 	40	Resource Type: 	-1
Map Script: Check Luxury Start X: 	12	Evaluate Start Y: 	39	Resource Type: 	6
Map Script: Check Luxury Start X: 	11	Evaluate Start Y: 	39	Resource Type: 	-1
Map Script: Check Luxury Start X: 	10	Evaluate Start Y: 	39	Resource Type: 	-1
Map Script: Check Luxury Start X: 	10	Evaluate Start Y: 	40	Resource Type: 	-1
Map Script: Check Luxury Start X: 	9	Evaluate Start Y: 	41	Resource Type: 	1
Map Script: Check Luxury Start X: 	10	Evaluate Start Y: 	42	Resource Type: 	-1
Map Script: Check Luxury Start X: 	10	Evaluate Start Y: 	43	Resource Type: 	52
Map Script: Check Luxury Start X: 	11	Evaluate Start Y: 	43	Resource Type: 	-1
Map Script: Luxury balancing: Check for Banned Luxury on Spawn
Map Script: Check Luxury Start X: 	12	Evaluate Start Y: 	28	Resource Type: 	8
Map Script: Check Luxury Start X: 	12	Evaluate Start Y: 	27	Resource Type: 	40
Map Script: Check Luxury Start X: 	12	Evaluate Start Y: 	26	Resource Type: 	6
Map Script: Check Luxury Start X: 	11	Evaluate Start Y: 	26	Resource Type: 	-1
Map Script: Check Luxury Start X: 	10	Evaluate Start Y: 	27	Resource Type: 	22
Map Script: Check Luxury Start X: 	11	Evaluate Start Y: 	28	Resource Type: 	-1
Map Script: Check Luxury Start X: 	12	Evaluate Start Y: 	29	Resource Type: 	-1
Map Script: Check Luxury Start X: 	13	Evaluate Start Y: 	28	Resource Type: 	-1
Map Script: Check Luxury Start X: 	13	Evaluate Start Y: 	27	Resource Type: 	1
Map Script: Check Luxury Start X: 	13	Evaluate Start Y: 	26	Resource Type: 	-1
Map Script: Check Luxury Start X: 	12	Evaluate Start Y: 	25	Resource Type: 	-1
Map Script: Check Luxury Start X: 	11	Evaluate Start Y: 	25	Resource Type: 	20
Map Script: Check Luxury Start X: 	10	Evaluate Start Y: 	25	Resource Type: 	-1
Map Script: Check Luxury Start X: 	10	Evaluate Start Y: 	26	Resource Type: 	-1
Map Script: Check Luxury Start X: 	9	Evaluate Start Y: 	27	Resource Type: 	-1
Map Script: Check Luxury Start X: 	10	Evaluate Start Y: 	28	Resource Type: 	-1
Map Script: Check Luxury Start X: 	10	Evaluate Start Y: 	29	Resource Type: 	-1
Map Script: Check Luxury Start X: 	11	Evaluate Start Y: 	29	Resource Type: 	8
Map Script: Luxury balancing: Check for Banned Luxury on Spawn
Map Script: Check Luxury Start X: 	33	Evaluate Start Y: 	13	Resource Type: 	20
Map Script: Check Luxury Start X: 	34	Evaluate Start Y: 	12	Resource Type: 	-1
Map Script: Check Luxury Start X: 	33	Evaluate Start Y: 	11	Resource Type: 	-1
Map Script: Check Luxury Start X: 	32	Evaluate Start Y: 	11	Resource Type: 	-1
Map Script: Check Luxury Start X: 	32	Evaluate Start Y: 	12	Resource Type: 	-1
Map Script: Check Luxury Start X: 	32	Evaluate Start Y: 	13	Resource Type: 	-1
Map Script: Check Luxury Start X: 	34	Evaluate Start Y: 	14	Resource Type: 	-1
Map Script: Check Luxury Start X: 	34	Evaluate Start Y: 	13	Resource Type: 	-1
Map Script: Check Luxury Start X: 	35	Evaluate Start Y: 	12	Resource Type: 	-1
Map Script: Check Luxury Start X: 	34	Evaluate Start Y: 	11	Resource Type: 	8
Map Script: Check Luxury Start X: 	34	Evaluate Start Y: 	10	Resource Type: 	43
Map Script: Check Luxury Start X: 	33	Evaluate Start Y: 	10	Resource Type: 	6
Map Script: Check Luxury Start X: 	32	Evaluate Start Y: 	10	Resource Type: 	43
Map Script: Check Luxury Start X: 	31	Evaluate Start Y: 	11	Resource Type: 	31
Map Script: Check Luxury Start X: 	31	Evaluate Start Y: 	12	Resource Type: 	-1
Map Script: Check Luxury Start X: 	31	Evaluate Start Y: 	13	Resource Type: 	4
Map Script: Check Luxury Start X: 	32	Evaluate Start Y: 	14	Resource Type: 	-1
Map Script: Check Luxury Start X: 	33	Evaluate Start Y: 	14	Resource Type: 	-1
Map Script: Luxury balancing: Check for Banned Luxury on Spawn
Map Script: Check Luxury Start X: 	50	Evaluate Start Y: 	62	Resource Type: 	-1
Map Script: Check Luxury Start X: 	50	Evaluate Start Y: 	61	Resource Type: 	-1
Map Script: Check Luxury Start X: 	50	Evaluate Start Y: 	60	Resource Type: 	-1
Map Script: Check Luxury Start X: 	49	Evaluate Start Y: 	60	Resource Type: 	60
Map Script: Check Luxury Start X: 	48	Evaluate Start Y: 	61	Resource Type: 	-1
Map Script: Check Luxury Start X: 	49	Evaluate Start Y: 	62	Resource Type: 	50
Map Script: Check Luxury Start X: 	50	Evaluate Start Y: 	63	Resource Type: 	-1
Map Script: Check Luxury Start X: 	51	Evaluate Start Y: 	62	Resource Type: 	42
Map Script: Check Luxury Start X: 	51	Evaluate Start Y: 	61	Resource Type: 	-1
Map Script: Check Luxury Start X: 	51	Evaluate Start Y: 	60	Resource Type: 	60
Map Script: Check Luxury Start X: 	50	Evaluate Start Y: 	59	Resource Type: 	-1
Map Script: Check Luxury Start X: 	49	Evaluate Start Y: 	59	Resource Type: 	1
Map Script: Check Luxury Start X: 	48	Evaluate Start Y: 	59	Resource Type: 	-1
Map Script: Check Luxury Start X: 	48	Evaluate Start Y: 	60	Resource Type: 	-1
Map Script: Check Luxury Start X: 	47	Evaluate Start Y: 	61	Resource Type: 	54
Map Script: Check Luxury Start X: 	48	Evaluate Start Y: 	62	Resource Type: 	-1
Map Script: Check Luxury Start X: 	48	Evaluate Start Y: 	63	Resource Type: 	-1
Map Script: Check Luxury Start X: 	49	Evaluate Start Y: 	63	Resource Type: 	-1
Map Script: Luxury balancing: Check for Banned Luxury on Spawn
Map Script: Check Luxury Start X: 	63	Evaluate Start Y: 	46	Resource Type: 	-1
Map Script: Check Luxury Start X: 	63	Evaluate Start Y: 	45	Resource Type: 	-1
Map Script: Check Luxury Start X: 	63	Evaluate Start Y: 	44	Resource Type: 	-1
Map Script: Check Luxury Start X: 	62	Evaluate Start Y: 	44	Resource Type: 	-1
Map Script: Check Luxury Start X: 	61	Evaluate Start Y: 	45	Resource Type: 	44
Map Script: Check Luxury Start X: 	62	Evaluate Start Y: 	46	Resource Type: 	44
Map Script: Check Luxury Start X: 	63	Evaluate Start Y: 	47	Resource Type: 	-1
Map Script: Check Luxury Start X: 	64	Evaluate Start Y: 	46	Resource Type: 	29
Map Script: Check Luxury Start X: 	64	Evaluate Start Y: 	45	Resource Type: 	4
Map Script: Check Luxury Start X: 	64	Evaluate Start Y: 	44	Resource Type: 	-1
Map Script: Check Luxury Start X: 	63	Evaluate Start Y: 	43	Resource Type: 	-1
Map Script: Check Luxury Start X: 	62	Evaluate Start Y: 	43	Resource Type: 	-1
Map Script: Check Luxury Start X: 	61	Evaluate Start Y: 	43	Resource Type: 	40
Map Script: Check Luxury Start X: 	61	Evaluate Start Y: 	44	Resource Type: 	-1
Map Script: Check Luxury Start X: 	60	Evaluate Start Y: 	45	Resource Type: 	-1
Map Script: Check Luxury Start X: 	61	Evaluate Start Y: 	46	Resource Type: 	-1
Map Script: Check Luxury Start X: 	61	Evaluate Start Y: 	47	Resource Type: 	0
Map Script: Check Luxury Start X: 	62	Evaluate Start Y: 	47	Resource Type: 	-1
Map Script: Luxury balancing: Check for Banned Luxury on Spawn
Map Script: Check Luxury Start X: 	67	Evaluate Start Y: 	34	Resource Type: 	-1
Map Script: Check Luxury Start X: 	67	Evaluate Start Y: 	33	Resource Type: 	-1
Map Script: Check Luxury Start X: 	67	Evaluate Start Y: 	32	Resource Type: 	53
Map Script: Check Luxury Start X: 	66	Evaluate Start Y: 	32	Resource Type: 	-1
Map Script: Check Luxury Start X: 	65	Evaluate Start Y: 	33	Resource Type: 	6
Map Script: Check Luxury Start X: 	66	Evaluate Start Y: 	34	Resource Type: 	-1
Map Script: Check Luxury Start X: 	67	Evaluate Start Y: 	35	Resource Type: 	-1
Map Script: Check Luxury Start X: 	68	Evaluate Start Y: 	34	Resource Type: 	8
Map Script: Check Luxury Start X: 	68	Evaluate Start Y: 	33	Resource Type: 	-1
Map Script: Check Luxury Start X: 	68	Evaluate Start Y: 	32	Resource Type: 	-1
Map Script: Check Luxury Start X: 	67	Evaluate Start Y: 	31	Resource Type: 	-1
Map Script: Check Luxury Start X: 	66	Evaluate Start Y: 	31	Resource Type: 	-1
Map Script: Check Luxury Start X: 	65	Evaluate Start Y: 	31	Resource Type: 	44
Map Script: Check Luxury Start X: 	65	Evaluate Start Y: 	32	Resource Type: 	-1
Map Script: Check Luxury Start X: 	64	Evaluate Start Y: 	33	Resource Type: 	-1
Map Script: Check Luxury Start X: 	65	Evaluate Start Y: 	34	Resource Type: 	29
Map Script: Check Luxury Start X: 	65	Evaluate Start Y: 	35	Resource Type: 	8
Map Script: Check Luxury Start X: 	66	Evaluate Start Y: 	35	Resource Type: 	-1
Map Script: Luxury balancing: Check for Banned Luxury on Spawn
Map Script: Check Luxury Start X: 	51	Evaluate Start Y: 	16	Resource Type: 	57
Map Script: Check Luxury Start X: 	51	Evaluate Start Y: 	15	Resource Type: 	-1
Map Script: Check Luxury Start X: 	51	Evaluate Start Y: 	14	Resource Type: 	-1
Map Script: Check Luxury Start X: 	50	Evaluate Start Y: 	14	Resource Type: 	57
Map Script: Check Luxury Start X: 	49	Evaluate Start Y: 	15	Resource Type: 	-1
Map Script: Check Luxury Start X: 	50	Evaluate Start Y: 	16	Resource Type: 	-1
Map Script: Check Luxury Start X: 	51	Evaluate Start Y: 	17	Resource Type: 	-1
Map Script: Check Luxury Start X: 	52	Evaluate Start Y: 	16	Resource Type: 	-1
Map Script: Check Luxury Start X: 	52	Evaluate Start Y: 	15	Resource Type: 	0
Map Script: Check Luxury Start X: 	52	Evaluate Start Y: 	14	Resource Type: 	-1
Map Script: Check Luxury Start X: 	51	Evaluate Start Y: 	13	Resource Type: 	-1
Map Script: Check Luxury Start X: 	50	Evaluate Start Y: 	13	Resource Type: 	-1
Map Script: Check Luxury Start X: 	49	Evaluate Start Y: 	13	Resource Type: 	-1
Map Script: Check Luxury Start X: 	49	Evaluate Start Y: 	14	Resource Type: 	-1
Map Script: Check Luxury Start X: 	48	Evaluate Start Y: 	15	Resource Type: 	-1
Map Script: Check Luxury Start X: 	49	Evaluate Start Y: 	16	Resource Type: 	46
Map Script: Check Luxury Start X: 	49	Evaluate Start Y: 	17	Resource Type: 	-1
Map Script: Check Luxury Start X: 	50	Evaluate Start Y: 	17	Resource Type: 	-1
Map Script: ZYL RVC five yield guarantee:	CIVILIZATION_PERSIA	upgraded	ring	1	plot	28	61	resource	0	yield	5
Map Script: ZYL RVC five yield guarantee:	CIVILIZATION_BABYLON_STK	upgraded	ring	2	plot	10	40	resource	0	yield	5
Map Script: ZYL RVC five yield guarantee:	CIVILIZATION_INDIA	upgraded	ring	1	plot	11	26	resource	0	yield	5
Map Script: ZYL RVC five yield guarantee:	CIVILIZATION_NUBIA	upgraded	ring	1	plot	34	12	resource	4	yield	5
Map Script: ZYL RVC five yield guarantee:	CIVILIZATION_AZTEC	upgraded	ring	1	plot	50	60	resource	4	yield	5
Map Script: ZYL RVC five yield guarantee:	CIVILIZATION_CREE	upgraded	ring	1	plot	63	46	resource	4	yield	5
Map Script: ZYL RVC five yield guarantee:	CIVILIZATION_MALI	upgraded	ring	1	plot	67	34	resource	4	yield	5
Map Script: ZYL RVC five yield guarantee:	CIVILIZATION_MONGOLIA	existing	ring	1	plot	50	14	resource	57	yield	5
Map Script: Terraforming Polar Continent	39
Map Script: TeamPVP 文明:	CIVILIZATION_PERSIA
Map Script: Terraforming Polar Continent	38
Map Script: TeamPVP 文明:	CIVILIZATION_BABYLON_STK
Map Script: Terraforming Polar Continent	37
Map Script: TeamPVP 文明:	CIVILIZATION_INDIA
Map Script: Terraforming Polar Continent	37
Map Script: TeamPVP 文明:	CIVILIZATION_NUBIA
Map Script: Terraforming Polar Continent	39
Map Script: TeamPVP 文明:	CIVILIZATION_AZTEC
Map Script: Terraforming Polar Continent	38
Map Script: TeamPVP 文明:	CIVILIZATION_CREE
Map Script: Terraforming Polar Continent	38
Map Script: TeamPVP 文明:	CIVILIZATION_MALI
Map Script: TeamPVP 沙漠化 Start X: 	66	Start Y: 	33	Player: 	7	 	LEADER_SUNDIATA_KEITA	CIVILIZATION_MALI
Map Script: TeamPVP Terraforming Start X: 	66	Terraforming Start Y: 	33
Map Script: Terraforming X: 	66	Y: 	33	Changing Grassland to Plains tile	-1
Map Script: Terraforming X: 	66	Y: 	33	Changing Plains to Desert tile	-1
Map Script: Terraforming X: 	67	Y: 	34	Changing Grassland Hills to Plains Hills tile	0
Map Script: Terraforming X: 	67	Y: 	34	Changing Plains to Desert tile	0
Map Script: Terraforming X: 	67	Y: 	33	Changing Grassland to Plains tile	1
Map Script: Terraforming X: 	67	Y: 	33	Changing Plains to Desert tile	1
Map Script: Terraforming X: 	67	Y: 	32	Changing Grassland to Plains tile	2
Map Script: Terraforming X: 	67	Y: 	32	Changing Plains to Desert tile	2
Map Script: Terraforming X: 	66	Y: 	32	Changing Grassland to Plains tile	3
Map Script: Terraforming X: 	66	Y: 	32	Changing Plains to Desert tile	3
Map Script: Terraforming X: 	65	Y: 	33	Changing Grassland to Plains tile	4
Map Script: Terraforming X: 	65	Y: 	33	Changing Plains to Desert tile	4
Map Script: Terraforming X: 	66	Y: 	34	Changing Grassland Mountains to Plains Mountains tile	5
Map Script: Terraforming X: 	66	Y: 	34	Changing Plains to Desert tile	5
Map Script: Terraforming X: 	67	Y: 	35	Changing Grassland to Plains tile	6
Map Script: Terraforming X: 	67	Y: 	35	Changing Plains to Desert tile	6
Map Script: Terraforming X: 	68	Y: 	34	Changing Grassland to Plains tile	7
Map Script: Terraforming X: 	68	Y: 	34	Changing Plains to Desert tile	7
Map Script: Terraforming X: 	68	Y: 	33	Changing Grassland to Plains tile	8
Map Script: Terraforming X: 	68	Y: 	33	Changing Plains to Desert tile	8
Map Script: Terraforming X: 	68	Y: 	32	Changing Grassland Hills to Plains Hills tile	9
Map Script: Terraforming X: 	68	Y: 	32	Changing Plains to Desert tile	9
Map Script: Terraforming X: 	67	Y: 	31	Changing Plains to Desert tile	10
Map Script: Terraforming X: 	66	Y: 	31	Changing Grassland to Plains tile	11
Map Script: Terraforming X: 	66	Y: 	31	Changing Plains to Desert tile	11
Map Script: Terraforming X: 	65	Y: 	31	Changing Grassland to Plains tile	12
Map Script: Terraforming X: 	65	Y: 	31	Changing Plains to Desert tile	12
Map Script: Terraforming X: 	65	Y: 	32	Changing Grassland Mountains to Plains Mountains tile	13
Map Script: Terraforming X: 	65	Y: 	32	Changing Plains to Desert tile	13
Map Script: Terraforming X: 	64	Y: 	33	Changing Grassland to Plains tile	14
Map Script: Terraforming X: 	64	Y: 	33	Changing Plains to Desert tile	14
Map Script: Terraforming X: 	65	Y: 	34	Changing Grassland to Plains tile	15
Map Script: Terraforming X: 	65	Y: 	34	Changing Plains to Desert tile	15
Map Script: Terraforming X: 	65	Y: 	35	Changing Grassland to Plains tile	16
Map Script: Terraforming X: 	65	Y: 	35	Changing Plains to Desert tile	16
Map Script: Terraforming X: 	66	Y: 	35	Changing Grassland Mountains to Plains Mountains tile	17
Map Script: Terraforming X: 	66	Y: 	35	Changing Plains to Desert tile	17
Map Script: Terraforming X: 	68	Y: 	36	Changing Grassland to Plains tile	18
Map Script: Terraforming X: 	68	Y: 	36	Changing Plains to Desert tile	18
Map Script: Terraforming X: 	68	Y: 	35	Changing Grassland to Plains tile	19
Map Script: Terraforming X: 	68	Y: 	35	Changing Plains to Desert tile	19
Map Script: Terraforming X: 	69	Y: 	34	Changing Grassland to Plains tile	20
Map Script: Terraforming X: 	69	Y: 	34	Changing Plains to Desert tile	20
Map Script: Terraforming X: 	69	Y: 	33	Changing Grassland to Plains tile	21
Map Script: Terraforming X: 	69	Y: 	33	Changing Plains to Desert tile	21
Map Script: Terraforming X: 	69	Y: 	32	Changing Grassland to Plains tile	22
Map Script: Terraforming X: 	69	Y: 	32	Changing Plains to Desert tile	22
Map Script: Terraforming X: 	68	Y: 	31	Changing Grassland to Plains tile	23
Map Script: Terraforming X: 	68	Y: 	31	Changing Plains to Desert tile	23
Map Script: Terraforming X: 	68	Y: 	30	Changing Grassland to Plains tile	24
Map Script: Terraforming X: 	68	Y: 	30	Changing Plains to Desert tile	24
Map Script: Terraforming X: 	67	Y: 	30	Changing Grassland Hills to Plains Hills tile	25
Map Script: Terraforming X: 	67	Y: 	30	Changing Plains to Desert tile	25
Map Script: Terraforming X: 	66	Y: 	30	Changing Grassland Hills to Plains Hills tile	26
Map Script: Terraforming X: 	66	Y: 	30	Changing Plains to Desert tile	26
Map Script: Terraforming X: 	65	Y: 	30	Changing Grassland to Plains tile	27
Map Script: Terraforming X: 	65	Y: 	30	Changing Plains to Desert tile	27
Map Script: Terraforming X: 	64	Y: 	31	Changing Grassland to Plains tile	28
Map Script: Terraforming X: 	64	Y: 	31	Changing Plains to Desert tile	28
Map Script: Terraforming X: 	64	Y: 	32	Changing Grassland to Plains tile	29
Map Script: Terraforming X: 	64	Y: 	32	Changing Plains to Desert tile	29
Map Script: Terraforming X: 	63	Y: 	33	Changing Grassland to Plains tile	30
Map Script: Terraforming X: 	63	Y: 	33	Changing Plains to Desert tile	30
Map Script: Terraforming X: 	64	Y: 	34	Changing Plains to Desert tile	31
Map Script: Terraforming X: 	64	Y: 	35	Changing Plains to Desert tile	32
Map Script: Terraforming X: 	65	Y: 	36	Changing Grassland to Plains tile	33
Map Script: Terraforming X: 	65	Y: 	36	Changing Plains to Desert tile	33
Map Script: Terraforming X: 	66	Y: 	36	Changing Grassland Hills to Plains Hills tile	34
Map Script: Terraforming X: 	66	Y: 	36	Changing Plains to Desert tile	34
Map Script: Terraforming X: 	67	Y: 	36	Changing Grassland to Plains tile	35
Map Script: Terraforming X: 	67	Y: 	36	Changing Plains to Desert tile	35
Map Script: Terraforming X: 	68	Y: 	37	Changing Grassland to Plains tile	36
Map Script: Terraforming X: 	69	Y: 	36	Changing Grassland Hills to Plains Hills tile	37
Map Script: Terraforming X: 	69	Y: 	35	Changing Grassland to Plains tile	38
Map Script: Terraforming X: 	70	Y: 	33	Added: Wood	40
Map Script: Terraforming X: 	69	Y: 	31	Changing Grassland to Plains tile	42
Map Script: Terraforming X: 	69	Y: 	30	Changing Grassland Mountains to Plains Mountains tile	43
Map Script: Terraforming X: 	68	Y: 	29	Changing Grassland to Plains tile	44
Map Script: Terraforming X: 	68	Y: 	29	Added: Wood	44
Map Script: Terraforming X: 	66	Y: 	29	Changing Grassland to Plains tile	46
Map Script: Terraforming X: 	66	Y: 	29	Added: Wood	46
Map Script: Terraforming X: 	65	Y: 	29	Changing Grassland Mountains to Plains Mountains tile	47
Map Script: Terraforming X: 	63	Y: 	31	Changing Grassland Mountains to Plains Mountains tile	50
Map Script: Terraforming X: 	63	Y: 	32	Changing Grassland to Plains tile	51
Map Script: Terraforming X: 	62	Y: 	33	Changing Grassland to Plains tile	52
Map Script: Terraforming X: 	63	Y: 	34	Changing Grassland Hills to Plains Hills tile	53
Map Script: Terraforming X: 	63	Y: 	35	Changing Grassland Mountains to Plains Mountains tile	54
Map Script: Terraforming X: 	64	Y: 	36	Changing Grassland Hills to Plains Hills tile	55
Map Script: Terraforming X: 	65	Y: 	37	Changing Grassland to Plains tile	57
Map Script: Terraforming X: 	66	Y: 	37	Changing Grassland Hills to Plains Hills tile	58
Map Script: Terraforming X: 	67	Y: 	37	Changing Grassland to Plains tile	59
Map Script: Terraforming X: 	67	Y: 	37	Added: Wood	59
Map Script: Terraforming X: 	69	Y: 	38	Changing Grassland Mountains to Plains Mountains tile	60
Map Script: Terraforming X: 	69	Y: 	37	Changing Grassland Hills to Plains Hills tile	61
Map Script: Terraforming X: 	70	Y: 	36	Changing Grassland to Plains tile	62
Map Script: Terraforming X: 	70	Y: 	35	Changing Grassland to Plains tile	63
Map Script: Terraforming X: 	70	Y: 	30	Changing Grassland to Plains tile	68
Map Script: Terraforming X: 	70	Y: 	30	Added: Wood	68
Map Script: Terraforming X: 	69	Y: 	28	Changing Grassland to Plains tile	70
Map Script: Terraforming X: 	68	Y: 	28	Changing Grassland Hills to Plains Hills tile	71
Map Script: Terraforming X: 	67	Y: 	28	Changing Grassland Hills to Plains Hills tile	72
Map Script: Terraforming X: 	62	Y: 	31	Changing Grassland to Plains tile	78
Map Script: Terraforming X: 	62	Y: 	32	Changing Grassland to Plains tile	79
Map Script: Terraforming East Side
Map Script: Terraforming X: 	70	Y: 	32	Added: Wood	41
Map Script: Terraforming X: 	63	Y: 	29	Added: Wood	76
Map Script: Terraforming West Side
Map Script: Evaluate Start X: 	61	Evaluate Start Y: 	33	i: 	80
Map Script: TeamPVP adjacentPlot i=	80	;terrainType=	3
Map Script: Terraforming X: 	61	Y: 	33	Changing Plains to Desert tile	80
Map Script: Evaluate Start X: 	62	Evaluate Start Y: 	32	i: 	79
Map Script: TeamPVP adjacentPlot i=	79	;terrainType=	3
Map Script: Terraforming X: 	62	Y: 	32	Changing Plains to Desert tile	79
Map Script: Evaluate Start X: 	62	Evaluate Start Y: 	31	i: 	78
Map Script: TeamPVP adjacentPlot i=	78	;terrainType=	3
Map Script: Terraforming X: 	62	Y: 	31	Changing Plains to Desert tile	78
Map Script: Evaluate Start X: 	63	Evaluate Start Y: 	30	i: 	77
Map Script: TeamPVP adjacentPlot i=	77	;terrainType=	3
Map Script: Terraforming X: 	63	Y: 	30	Changing Plains to Desert tile	77
Map Script: Evaluate Start X: 	63	Evaluate Start Y: 	29	i: 	76
Map Script: TeamPVP adjacentPlot i=	76	;terrainType=	3
Map Script: Terraforming X: 	63	Y: 	29	Changing Plains to Desert tile	76
Map Script: Evaluate Start X: 	64	Evaluate Start Y: 	28	i: 	75
Map Script: TeamPVP adjacentPlot i=	75	;terrainType=	3
Map Script: Terraforming X: 	64	Y: 	28	Changing Plains to Desert tile	75
Map Script: Evaluate Start X: 	65	Evaluate Start Y: 	28	i: 	74
Map Script: TeamPVP adjacentPlot i=	74	;terrainType=	3
Map Script: Terraforming X: 	65	Y: 	28	Changing Plains to Desert tile	74
Map Script: Evaluate Start X: 	66	Evaluate Start Y: 	28	i: 	73
Map Script: TeamPVP adjacentPlot i=	73	;terrainType=	3
Map Script: Terraforming X: 	66	Y: 	28	Changing Plains to Desert tile	73
Map Script: Evaluate Start X: 	67	Evaluate Start Y: 	28	i: 	72
Map Script: TeamPVP adjacentPlot i=	72	;terrainType=	4
Map Script: Terraforming X: 	67	Y: 	28	Changing Plains to Desert tile	72
Map Script: Evaluate Start X: 	68	Evaluate Start Y: 	28	i: 	71
Map Script: TeamPVP adjacentPlot i=	71	;terrainType=	4
Map Script: Terraforming X: 	68	Y: 	28	Changing Plains to Desert tile	71
Map Script: Evaluate Start X: 	69	Evaluate Start Y: 	28	i: 	70
Map Script: TeamPVP adjacentPlot i=	70	;terrainType=	3
Map Script: Terraforming X: 	69	Y: 	28	Changing Plains to Desert tile	70
Map Script: Evaluate Start X: 	69	Evaluate Start Y: 	29	i: 	69
Map Script: TeamPVP adjacentPlot i=	69	;terrainType=	3
Map Script: Terraforming X: 	69	Y: 	29	Changing Plains to Desert tile	69
Map Script: Evaluate Start X: 	70	Evaluate Start Y: 	30	i: 	68
Map Script: TeamPVP adjacentPlot i=	68	;terrainType=	3
Map Script: Terraforming X: 	70	Y: 	30	Changing Plains to Desert tile	68
Map Script: Evaluate Start X: 	70	Evaluate Start Y: 	31	i: 	67
Map Script: TeamPVP adjacentPlot i=	67	;terrainType=	3
Map Script: Terraforming X: 	70	Y: 	31	Changing Plains to Desert tile	67
Map Script: Evaluate Start X: 	71	Evaluate Start Y: 	32	i: 	66
Map Script: TeamPVP adjacentPlot i=	66	;terrainType=	4
Map Script: Terraforming X: 	71	Y: 	32	Changing Plains to Desert tile	66
Map Script: Evaluate Start X: 	71	Evaluate Start Y: 	33	i: 	65
Map Script: TeamPVP adjacentPlot i=	65	;terrainType=	4
Map Script: Terraforming X: 	71	Y: 	33	Changing Plains to Desert tile	65
Map Script: Evaluate Start X: 	71	Evaluate Start Y: 	34	i: 	64
Map Script: TeamPVP adjacentPlot i=	64	;terrainType=	3
Map Script: Terraforming X: 	71	Y: 	34	Changing Plains to Desert tile	64
Map Script: Evaluate Start X: 	70	Evaluate Start Y: 	35	i: 	63
Map Script: TeamPVP adjacentPlot i=	63	;terrainType=	3
Map Script: Terraforming X: 	70	Y: 	35	Changing Plains to Desert tile	63
Map Script: Evaluate Start X: 	70	Evaluate Start Y: 	36	i: 	62
Map Script: TeamPVP adjacentPlot i=	62	;terrainType=	3
Map Script: Terraforming X: 	70	Y: 	36	Changing Plains to Desert tile	62
Map Script: Evaluate Start X: 	69	Evaluate Start Y: 	37	i: 	61
Map Script: TeamPVP adjacentPlot i=	61	;terrainType=	4
Map Script: Terraforming X: 	69	Y: 	37	Changing Plains to Desert tile	61
Map Script: Evaluate Start X: 	69	Evaluate Start Y: 	38	i: 	60
Map Script: TeamPVP adjacentPlot i=	60	;terrainType=	5
Map Script: Terraforming X: 	69	Y: 	38	Changing Plains to Desert tile	60
Map Script: Evaluate Start X: 	67	Evaluate Start Y: 	37	i: 	59
Map Script: TeamPVP adjacentPlot i=	59	;terrainType=	3
Map Script: Terraforming X: 	67	Y: 	37	Changing Plains to Desert tile	59
Map Script: Evaluate Start X: 	66	Evaluate Start Y: 	37	i: 	58
Map Script: TeamPVP adjacentPlot i=	58	;terrainType=	4
Map Script: Terraforming X: 	66	Y: 	37	Changing Plains to Desert tile	58
Map Script: Evaluate Start X: 	65	Evaluate Start Y: 	37	i: 	57
Map Script: TeamPVP adjacentPlot i=	57	;terrainType=	3
Map Script: Terraforming X: 	65	Y: 	37	Changing Plains to Desert tile	57
Map Script: Evaluate Start X: 	64	Evaluate Start Y: 	37	i: 	56
Map Script: TeamPVP adjacentPlot i=	56	;terrainType=	4
Map Script: Terraforming X: 	64	Y: 	37	Changing Plains to Desert tile	56
Map Script: Evaluate Start X: 	64	Evaluate Start Y: 	36	i: 	55
Map Script: TeamPVP adjacentPlot i=	55	;terrainType=	4
Map Script: Terraforming X: 	64	Y: 	36	Changing Plains to Desert tile	55
Map Script: Evaluate Start X: 	63	Evaluate Start Y: 	35	i: 	54
Map Script: TeamPVP adjacentPlot i=	54	;terrainType=	5
Map Script: Terraforming X: 	63	Y: 	35	Changing Plains to Desert tile	54
Map Script: Evaluate Start X: 	63	Evaluate Start Y: 	34	i: 	53
Map Script: TeamPVP adjacentPlot i=	53	;terrainType=	4
Map Script: Terraforming X: 	63	Y: 	34	Changing Plains to Desert tile	53
Map Script: Evaluate Start X: 	62	Evaluate Start Y: 	33	i: 	52
Map Script: TeamPVP adjacentPlot i=	52	;terrainType=	3
Map Script: Terraforming X: 	62	Y: 	33	Changing Plains to Desert tile	52
Map Script: Evaluate Start X: 	63	Evaluate Start Y: 	32	i: 	51
Map Script: TeamPVP adjacentPlot i=	51	;terrainType=	3
Map Script: Terraforming X: 	63	Y: 	32	Changing Plains to Desert tile	51
Map Script: Evaluate Start X: 	63	Evaluate Start Y: 	31	i: 	50
Map Script: TeamPVP adjacentPlot i=	50	;terrainType=	5
Map Script: Terraforming X: 	63	Y: 	31	Changing Plains to Desert tile	50
Map Script: Evaluate Start X: 	64	Evaluate Start Y: 	30	i: 	49
Map Script: TeamPVP adjacentPlot i=	49	;terrainType=	4
Map Script: Terraforming X: 	64	Y: 	30	Changing Plains to Desert tile	49
Map Script: Evaluate Start X: 	64	Evaluate Start Y: 	29	i: 	48
Map Script: TeamPVP adjacentPlot i=	48	;terrainType=	3
Map Script: Terraforming X: 	64	Y: 	29	Changing Plains to Desert tile	48
Map Script: Evaluate Start X: 	65	Evaluate Start Y: 	29	i: 	47
Map Script: TeamPVP adjacentPlot i=	47	;terrainType=	5
Map Script: Terraforming X: 	65	Y: 	29	Changing Plains to Desert tile	47
Map Script: Evaluate Start X: 	66	Evaluate Start Y: 	29	i: 	46
Map Script: TeamPVP adjacentPlot i=	46	;terrainType=	3
Map Script: Terraforming X: 	66	Y: 	29	Changing Plains to Desert tile	46
Map Script: Evaluate Start X: 	67	Evaluate Start Y: 	29	i: 	45
Map Script: TeamPVP adjacentPlot i=	45	;terrainType=	4
Map Script: Terraforming X: 	67	Y: 	29	Changing Plains to Desert tile	45
Map Script: Evaluate Start X: 	68	Evaluate Start Y: 	29	i: 	44
Map Script: TeamPVP adjacentPlot i=	44	;terrainType=	3
Map Script: Terraforming X: 	68	Y: 	29	Changing Plains to Desert tile	44
Map Script: Evaluate Start X: 	69	Evaluate Start Y: 	30	i: 	43
Map Script: TeamPVP adjacentPlot i=	43	;terrainType=	5
Map Script: Terraforming X: 	69	Y: 	30	Changing Plains to Desert tile	43
Map Script: Evaluate Start X: 	69	Evaluate Start Y: 	31	i: 	42
Map Script: TeamPVP adjacentPlot i=	42	;terrainType=	3
Map Script: Terraforming X: 	69	Y: 	31	Changing Plains to Desert tile	42
Map Script: Evaluate Start X: 	70	Evaluate Start Y: 	32	i: 	41
Map Script: TeamPVP adjacentPlot i=	41	;terrainType=	3
Map Script: Terraforming X: 	70	Y: 	32	Changing Plains to Desert tile	41
Map Script: Evaluate Start X: 	70	Evaluate Start Y: 	33	i: 	40
Map Script: TeamPVP adjacentPlot i=	40	;terrainType=	3
Map Script: Terraforming X: 	70	Y: 	33	Changing Plains to Desert tile	40
Map Script: Evaluate Start X: 	70	Evaluate Start Y: 	34	i: 	39
Map Script: TeamPVP adjacentPlot i=	39	;terrainType=	3
Map Script: Terraforming X: 	70	Y: 	34	Changing Plains to Desert tile	39
Map Script: Evaluate Start X: 	69	Evaluate Start Y: 	35	i: 	38
Map Script: TeamPVP adjacentPlot i=	38	;terrainType=	3
Map Script: Terraforming X: 	69	Y: 	35	Changing Plains to Desert tile	38
Map Script: Evaluate Start X: 	69	Evaluate Start Y: 	36	i: 	37
Map Script: TeamPVP adjacentPlot i=	37	;terrainType=	4
Map Script: Terraforming X: 	69	Y: 	36	Changing Plains to Desert tile	37
Map Script: Evaluate Start X: 	68	Evaluate Start Y: 	37	i: 	36
Map Script: TeamPVP adjacentPlot i=	36	;terrainType=	3
Map Script: Terraforming X: 	68	Y: 	37	Changing Plains to Desert tile	36
Map Script: Evaluate Start X: 	67	Evaluate Start Y: 	36	i: 	35
Map Script: TeamPVP adjacentPlot i=	35	;terrainType=	6
Map Script: Evaluate Start X: 	66	Evaluate Start Y: 	36	i: 	34
Map Script: TeamPVP adjacentPlot i=	34	;terrainType=	7
Map Script: Evaluate Start X: 	65	Evaluate Start Y: 	36	i: 	33
Map Script: TeamPVP adjacentPlot i=	33	;terrainType=	6
Map Script: Evaluate Start X: 	64	Evaluate Start Y: 	35	i: 	32
Map Script: TeamPVP adjacentPlot i=	32	;terrainType=	7
Map Script: Evaluate Start X: 	64	Evaluate Start Y: 	34	i: 	31
Map Script: TeamPVP adjacentPlot i=	31	;terrainType=	7
Map Script: Evaluate Start X: 	63	Evaluate Start Y: 	33	i: 	30
Map Script: TeamPVP adjacentPlot i=	30	;terrainType=	6
Map Script: Evaluate Start X: 	64	Evaluate Start Y: 	32	i: 	29
Map Script: TeamPVP adjacentPlot i=	29	;terrainType=	6
Map Script: Evaluate Start X: 	64	Evaluate Start Y: 	31	i: 	28
Map Script: TeamPVP adjacentPlot i=	28	;terrainType=	6
Map Script: Evaluate Start X: 	65	Evaluate Start Y: 	30	i: 	27
Map Script: TeamPVP adjacentPlot i=	27	;terrainType=	6
Map Script: Evaluate Start X: 	66	Evaluate Start Y: 	30	i: 	26
Map Script: TeamPVP adjacentPlot i=	26	;terrainType=	7
Map Script: Evaluate Start X: 	67	Evaluate Start Y: 	30	i: 	25
Map Script: TeamPVP adjacentPlot i=	25	;terrainType=	7
Map Script: Evaluate Start X: 	68	Evaluate Start Y: 	30	i: 	24
Map Script: TeamPVP adjacentPlot i=	24	;terrainType=	6
Map Script: Evaluate Start X: 	68	Evaluate Start Y: 	31	i: 	23
Map Script: TeamPVP adjacentPlot i=	23	;terrainType=	6
Map Script: Evaluate Start X: 	69	Evaluate Start Y: 	32	i: 	22
Map Script: TeamPVP adjacentPlot i=	22	;terrainType=	6
Map Script: Evaluate Start X: 	69	Evaluate Start Y: 	33	i: 	21
Map Script: TeamPVP adjacentPlot i=	21	;terrainType=	6
Map Script: Evaluate Start X: 	69	Evaluate Start Y: 	34	i: 	20
Map Script: TeamPVP adjacentPlot i=	20	;terrainType=	6
Map Script: Evaluate Start X: 	68	Evaluate Start Y: 	35	i: 	19
Map Script: TeamPVP adjacentPlot i=	19	;terrainType=	6
Map Script: Evaluate Start X: 	68	Evaluate Start Y: 	36	i: 	18
Map Script: TeamPVP adjacentPlot i=	18	;terrainType=	6
Map Script: Evaluate Start X: 	66	Evaluate Start Y: 	35	i: 	17
Map Script: TeamPVP adjacentPlot i=	17	;terrainType=	8
Map Script: Evaluate Start X: 	65	Evaluate Start Y: 	35	i: 	16
Map Script: TeamPVP adjacentPlot i=	16	;terrainType=	6
Map Script: Evaluate Start X: 	65	Evaluate Start Y: 	34	i: 	15
Map Script: TeamPVP adjacentPlot i=	15	;terrainType=	6
Map Script: Evaluate Start X: 	64	Evaluate Start Y: 	33	i: 	14
Map Script: TeamPVP adjacentPlot i=	14	;terrainType=	6
Map Script: Evaluate Start X: 	65	Evaluate Start Y: 	32	i: 	13
Map Script: TeamPVP adjacentPlot i=	13	;terrainType=	8
Map Script: Evaluate Start X: 	65	Evaluate Start Y: 	31	i: 	12
Map Script: TeamPVP adjacentPlot i=	12	;terrainType=	6
Map Script: Evaluate Start X: 	66	Evaluate Start Y: 	31	i: 	11
Map Script: TeamPVP adjacentPlot i=	11	;terrainType=	6
Map Script: Evaluate Start X: 	67	Evaluate Start Y: 	31	i: 	10
Map Script: TeamPVP adjacentPlot i=	10	;terrainType=	6
Map Script: Evaluate Start X: 	68	Evaluate Start Y: 	32	i: 	9
Map Script: TeamPVP adjacentPlot i=	9	;terrainType=	7
Map Script: Evaluate Start X: 	68	Evaluate Start Y: 	33	i: 	8
Map Script: TeamPVP adjacentPlot i=	8	;terrainType=	6
Map Script: Evaluate Start X: 	68	Evaluate Start Y: 	34	i: 	7
Map Script: TeamPVP adjacentPlot i=	7	;terrainType=	6
Map Script: Evaluate Start X: 	67	Evaluate Start Y: 	35	i: 	6
Map Script: TeamPVP adjacentPlot i=	6	;terrainType=	6
Map Script: Evaluate Start X: 	66	Evaluate Start Y: 	34	i: 	5
Map Script: TeamPVP adjacentPlot i=	5	;terrainType=	8
Map Script: Evaluate Start X: 	65	Evaluate Start Y: 	33	i: 	4
Map Script: TeamPVP adjacentPlot i=	4	;terrainType=	6
Map Script: Evaluate Start X: 	66	Evaluate Start Y: 	32	i: 	3
Map Script: TeamPVP adjacentPlot i=	3	;terrainType=	6
Map Script: Evaluate Start X: 	67	Evaluate Start Y: 	32	i: 	2
Map Script: TeamPVP adjacentPlot i=	2	;terrainType=	6
Map Script: Evaluate Start X: 	67	Evaluate Start Y: 	33	i: 	1
Map Script: TeamPVP adjacentPlot i=	1	;terrainType=	6
Map Script: Evaluate Start X: 	67	Evaluate Start Y: 	34	i: 	0
Map Script: TeamPVP adjacentPlot i=	0	;terrainType=	7
Map Script: Evaluate Start X: 	66	Evaluate Start Y: 	33	i: 	-1
Map Script: TeamPVP adjacentPlot i=	-1	;terrainType=	6
Map Script: ZYL RVC desert start expansion	FullRadius	5	SixthRing	10	ScopePlots	101
Map Script: ZYL RVC Mali terrain and resources	Floodplains	43	Oases	1	Sheep	2	Wheat	1	LuxuryTypes	2	Luxuries	6
Map Script: Terraforming Polar Continent	37
Map Script: TeamPVP 文明:	CIVILIZATION_MONGOLIA
Map Script: Terrain adjustments complete
Map Script: Terrain adjustments complete	Wed Sep 16 20:04:52 2026
Map Script: Phase 1: strategic resource balancing
Map Script: Start era index	1
Map Script: BBSStratRes	0
Map Script: Evaluate Start X: 	29	Evaluate Start Y: 	61	Found Type: 	42
Map Script: Balance Resources: Need to add	43
Map Script: PlaceResource leader:	LEADER_CYRUS
Map Script: civAddStrategyTeamPVP start startPlot X:	29	;Y:	62	;isForce:	false	;eResourceType:	43
Map Script: civAddStrategyTeamPVP start startPlot X:	29	;Y:	62	;isForce:	false	;eResourceType:	43
Map Script: civAddStrategyTeamPVP start startPlot X:	29	;Y:	62	;isForce:	false	;eResourceType:	43
Map Script: civAddStrategyTeamPVP start startPlot X:	29	;Y:	62	;isForce:	false	;eResourceType:	43
Map Script: civAddStrategyTeamPVP start startPlot X:	29	;Y:	62	;isForce:	false	;eResourceType:	43
Map Script: civAddStrategyTeamPVP start startPlot X:	29	;Y:	62	;isForce:	false	;eResourceType:	43
Map Script: civAddStrategyTeamPVP start startPlot X:	29	;Y:	62	;isForce:	false	;eResourceType:	43
Map Script: civAddStrategyTeamPVP start startPlot X:	29	;Y:	62	;isForce:	false	;eResourceType:	43
Map Script: civAddStrategyTeamPVP start startPlot X:	29	;Y:	62	;isForce:	false	;eResourceType:	43
Map Script: civAddStrategyTeamPVP start startPlot X:	29	;Y:	62	;isForce:	false	;eResourceType:	43
Map Script: civAddStrategyTeamPVP start startPlot X:	29	;Y:	62	;isForce:	true	;eResourceType:	43
Map Script: successCount:	0
Map Script: functionCount:	10
Map Script: ZYL RVC guaranteed early strategic fallback:	empty terrain converted to hills	resource	43	leader	LEADER_CYRUS	plot	31	63
Map Script: Check Continent:	39	 For resource:	45
Map Script: ContinentResource X: 	55	 Y: 	48	Found Type: 	45
Map Script: Balance Resources: Need to add	44
Map Script: Evaluate Start X: 	30	Evaluate Start Y: 	62	Added: 	44
Map Script: Check Continent:	39	 For resource:	40
Map Script: ContinentResource X: 	17	 Y: 	49	Found Type: 	40
Map Script: Check Continent:	39	 For resource:	41
Map Script: ContinentResource X: 	63	 Y: 	48	Found Type: 	41
Map Script: Start era index	1
Map Script: BBSStratRes	0
Map Script: Balance Resources: Need to add	42
Map Script: Evaluate Start X: 	12	Evaluate Start Y: 	43	Added: 	42
Map Script: Balance Resources: Need to add	43
Map Script: PlaceResource leader:	LEADER_HAMMURABI
Map Script: civAddStrategyTeamPVP start startPlot X:	11	;Y:	41	;isForce:	false	;eResourceType:	43
Map Script: civAddStrategyTeamPVP start startPlot X:	11	;Y:	41	;isForce:	false	;eResourceType:	43
Map Script: civAddStrategyTeamPVP start startPlot X:	11	;Y:	41	;isForce:	false	;eResourceType:	43
Map Script: civAddStrategyTeamPVP start startPlot X:	11	;Y:	41	;isForce:	false	;eResourceType:	43
Map Script: civAddStrategyTeamPVP start startPlot X:	11	;Y:	41	;isForce:	false	;eResourceType:	43
Map Script: civAddStrategyTeamPVP start startPlot X:	11	;Y:	41	;isForce:	false	;eResourceType:	43
Map Script: civAddStrategyTeamPVP start startPlot X:	11	;Y:	41	;isForce:	false	;eResourceType:	43
Map Script: civAddStrategyTeamPVP start startPlot X:	11	;Y:	41	;isForce:	false	;eResourceType:	43
Map Script: civAddStrategyTeamPVP start startPlot X:	11	;Y:	41	;isForce:	false	;eResourceType:	43
Map Script: civAddStrategyTeamPVP start startPlot X:	11	;Y:	41	;isForce:	false	;eResourceType:	43
Map Script: civAddStrategyTeamPVP start startPlot X:	11	;Y:	41	;isForce:	true	;eResourceType:	43
Map Script: successCount:	0
Map Script: functionCount:	10
Map Script: ZYL RVC guaranteed early strategic fallback:	empty terrain converted to hills	resource	43	leader	LEADER_HAMMURABI	plot	11	43
Map Script: Check Continent:	38	 For resource:	45
Map Script: ContinentResource X: 	6	 Y: 	28	Found Type: 	45
Map Script: Balance Resources: Need to add	44
Map Script: Evaluate Start X: 	13	Evaluate Start Y: 	40	Added: 	44
Map Script: Check Continent:	38	 For resource:	40
Map Script: ContinentResource X: 	49	 Y: 	30	Found Type: 	40
Map Script: Check Continent:	38	 For resource:	41
Map Script: ContinentResource X: 	19	 Y: 	30	Found Type: 	41
Map Script: Start era index	1
Map Script: BBSStratRes	0
Map Script: Balance Resources: Need to add	42
Map Script: PlaceResource leader:	LEADER_CHANDRAGUPTA
Map Script: civAddStrategyTeamPVP start startPlot X:	11	;Y:	27	;isForce:	false	;eResourceType:	42
Map Script: successCount:	0
Map Script: functionCount:	0
Map Script: Evaluate Start X: 	12	Evaluate Start Y: 	23	Added: 	42
Map Script: Balance Resources: Need to add	43
Map Script: PlaceResource leader:	LEADER_CHANDRAGUPTA
Map Script: civAddStrategyTeamPVP start startPlot X:	11	;Y:	27	;isForce:	false	;eResourceType:	43
Map Script: civAddStrategyTeamPVP start startPlot X:	11	;Y:	27	;isForce:	false	;eResourceType:	43
Map Script: civAddStrategyTeamPVP start startPlot X:	11	;Y:	27	;isForce:	false	;eResourceType:	43
Map Script: civAddStrategyTeamPVP start startPlot X:	11	;Y:	27	;isForce:	false	;eResourceType:	43
Map Script: civAddStrategyTeamPVP start startPlot X:	11	;Y:	27	;isForce:	false	;eResourceType:	43
Map Script: civAddStrategyTeamPVP start startPlot X:	11	;Y:	27	;isForce:	false	;eResourceType:	43
Map Script: civAddStrategyTeamPVP start startPlot X:	11	;Y:	27	;isForce:	false	;eResourceType:	43
Map Script: civAddStrategyTeamPVP start startPlot X:	11	;Y:	27	;isForce:	false	;eResourceType:	43
Map Script: civAddStrategyTeamPVP start startPlot X:	11	;Y:	27	;isForce:	false	;eResourceType:	43
Map Script: civAddStrategyTeamPVP start startPlot X:	11	;Y:	27	;isForce:	false	;eResourceType:	43
Map Script: civAddStrategyTeamPVP start startPlot X:	11	;Y:	27	;isForce:	true	;eResourceType:	43
Map Script: successCount:	0
Map Script: functionCount:	10
Map Script: Evaluate Start X: 	11	Evaluate Start Y: 	22	Added: 	43
Map Script: Check Continent:	37	 For resource:	45
Map Script: ContinentResource X: 	38	 Y: 	13	Found Type: 	45
Map Script: Evaluate Start X: 	13	Evaluate Start Y: 	30	Found Type: 	44
Map Script: Check Continent:	37	 For resource:	40
Map Script: ContinentResource X: 	56	 Y: 	13	Found Type: 	40
Map Script: Check Continent:	37	 For resource:	41
Map Script: ContinentResource X: 	30	 Y: 	12	Found Type: 	41
Map Script: Start era index	1
Map Script: BBSStratRes	0
Map Script: Balance Resources: Need to add	42
Map Script: PlaceResource leader:	LEADER_AMANITORE
Map Script: civAddStrategyTeamPVP start startPlot X:	33	;Y:	12	;isForce:	false	;eResourceType:	42
Map Script: successCount:	0
Map Script: functionCount:	0
Map Script: Evaluate Start X: 	34	Evaluate Start Y: 	9	Added: 	42
Map Script: Evaluate Start X: 	34	Evaluate Start Y: 	10	Found Type: 	43
Map Script: Check Continent:	37	 For resource:	45
Map Script: ContinentResource X: 	38	 Y: 	13	Found Type: 	45
Map Script: Balance Resources: Need to add	44
Map Script: Evaluate Start X: 	36	Evaluate Start Y: 	12	Added: 	44
Map Script: Check Continent:	37	 For resource:	40
Map Script: ContinentResource X: 	56	 Y: 	13	Found Type: 	40
Map Script: Check Continent:	37	 For resource:	41
Map Script: ContinentResource X: 	30	 Y: 	12	Found Type: 	41
Map Script: Start era index	1
Map Script: BBSStratRes	0
Map Script: Evaluate Start X: 	51	Evaluate Start Y: 	62	Found Type: 	42
Map Script: Balance Resources: Need to add	43
Map Script: PlaceResource leader:	LEADER_MONTEZUMA
Map Script: civAddStrategyTeamPVP start startPlot X:	49	;Y:	61	;isForce:	false	;eResourceType:	43
Map Script: civAddStrategyTeamPVP start startPlot X:	49	;Y:	61	;isForce:	false	;eResourceType:	43
Map Script: civAddStrategyTeamPVP start startPlot X:	49	;Y:	61	;isForce:	false	;eResourceType:	43
Map Script: civAddStrategyTeamPVP start startPlot X:	49	;Y:	61	;isForce:	false	;eResourceType:	43
Map Script: civAddStrategyTeamPVP start startPlot X:	49	;Y:	61	;isForce:	false	;eResourceType:	43
Map Script: civAddStrategyTeamPVP start startPlot X:	49	;Y:	61	;isForce:	false	;eResourceType:	43
Map Script: civAddStrategyTeamPVP start startPlot X:	49	;Y:	61	;isForce:	false	;eResourceType:	43
Map Script: civAddStrategyTeamPVP start startPlot X:	49	;Y:	61	;isForce:	false	;eResourceType:	43
Map Script: civAddStrategyTeamPVP start startPlot X:	49	;Y:	61	;isForce:	false	;eResourceType:	43
Map Script: civAddStrategyTeamPVP start startPlot X:	49	;Y:	61	;isForce:	false	;eResourceType:	43
Map Script: civAddStrategyTeamPVP start startPlot X:	49	;Y:	61	;isForce:	true	;eResourceType:	43
Map Script: successCount:	0
Map Script: functionCount:	10
Map Script: ZYL RVC guaranteed early strategic fallback:	empty terrain converted to hills	resource	43	leader	LEADER_MONTEZUMA	plot	48	59
Map Script: Check Continent:	39	 For resource:	45
Map Script: ContinentResource X: 	55	 Y: 	48	Found Type: 	45
Map Script: Balance Resources: Need to add	44
Map Script: Evaluate Start X: 	50	Evaluate Start Y: 	59	Added: 	44
Map Script: Check Continent:	39	 For resource:	40
Map Script: ContinentResource X: 	17	 Y: 	49	Found Type: 	40
Map Script: Check Continent:	39	 For resource:	41
Map Script: ContinentResource X: 	63	 Y: 	48	Found Type: 	41
Map Script: Start era index	1
Map Script: BBSStratRes	0
Map Script: Balance Resources: Need to add	42
Map Script: Evaluate Start X: 	61	Evaluate Start Y: 	44	Added: 	42
Map Script: Balance Resources: Need to add	43
Map Script: PlaceResource leader:	LEADER_POUNDMAKER
Map Script: civAddStrategyTeamPVP start startPlot X:	62	;Y:	45	;isForce:	false	;eResourceType:	43
Map Script: civAddStrategyTeamPVP start startPlot X:	62	;Y:	45	;isForce:	false	;eResourceType:	43
Map Script: civAddStrategyTeamPVP start startPlot X:	62	;Y:	45	;isForce:	false	;eResourceType:	43
Map Script: civAddStrategyTeamPVP start startPlot X:	62	;Y:	45	;isForce:	false	;eResourceType:	43
Map Script: civAddStrategyTeamPVP start startPlot X:	62	;Y:	45	;isForce:	false	;eResourceType:	43
Map Script: civAddStrategyTeamPVP start startPlot X:	62	;Y:	45	;isForce:	false	;eResourceType:	43
Map Script: civAddStrategyTeamPVP start startPlot X:	62	;Y:	45	;isForce:	false	;eResourceType:	43
Map Script: civAddStrategyTeamPVP start startPlot X:	62	;Y:	45	;isForce:	false	;eResourceType:	43
Map Script: civAddStrategyTeamPVP start startPlot X:	62	;Y:	45	;isForce:	false	;eResourceType:	43
Map Script: civAddStrategyTeamPVP start startPlot X:	62	;Y:	45	;isForce:	false	;eResourceType:	43
Map Script: civAddStrategyTeamPVP start startPlot X:	62	;Y:	45	;isForce:	true	;eResourceType:	43
Map Script: successCount:	0
Map Script: functionCount:	10
Map Script: ZYL RVC guaranteed early strategic fallback:	expanded empty range	resource	43	leader	LEADER_POUNDMAKER	plot	63	39
Map Script: Check Continent:	38	 For resource:	45
Map Script: ContinentResource X: 	6	 Y: 	28	Found Type: 	45
Map Script: Evaluate Start X: 	61	Evaluate Start Y: 	45	Found Type: 	44
Map Script: Check Continent:	38	 For resource:	40
Map Script: ContinentResource X: 	49	 Y: 	30	Found Type: 	40
Map Script: Check Continent:	38	 For resource:	41
Map Script: ContinentResource X: 	19	 Y: 	30	Found Type: 	41
Map Script: Start era index	1
Map Script: BBSStratRes	0
Map Script: Balance Resources: Need to add	42
Map Script: PlaceResource leader:	LEADER_SUNDIATA_KEITA
Map Script: civAddStrategyTeamPVP start startPlot X:	66	;Y:	33	;isForce:	false	;eResourceType:	42
Map Script: civAddStrategyTeamPVP start startPlot X:	66	;Y:	33	;isForce:	false	;eResourceType:	42
Map Script: civAddStrategyTeamPVP start startPlot X:	66	;Y:	33	;isForce:	false	;eResourceType:	42
Map Script: civAddStrategyTeamPVP start startPlot X:	66	;Y:	33	;isForce:	false	;eResourceType:	42
Map Script: civAddStrategyTeamPVP start startPlot X:	66	;Y:	33	;isForce:	false	;eResourceType:	42
Map Script: civAddStrategyTeamPVP start startPlot X:	66	;Y:	33	;isForce:	false	;eResourceType:	42
Map Script: civAddStrategyTeamPVP start startPlot X:	66	;Y:	33	;isForce:	false	;eResourceType:	42
Map Script: civAddStrategyTeamPVP start startPlot X:	66	;Y:	33	;isForce:	false	;eResourceType:	42
Map Script: civAddStrategyTeamPVP start startPlot X:	66	;Y:	33	;isForce:	false	;eResourceType:	42
Map Script: civAddStrategyTeamPVP start startPlot X:	66	;Y:	33	;isForce:	false	;eResourceType:	42
Map Script: civAddStrategyTeamPVP start startPlot X:	66	;Y:	33	;isForce:	true	;eResourceType:	42
Map Script: civAddStrategyTeamPVP start startPlot X:	66	;Y:	33	;isForce:	true	;eResourceType:	42
Map Script: civAddStrategyTeamPVP start startPlot X:	66	;Y:	33	;isForce:	true	;eResourceType:	42
Map Script: civAddStrategyTeamPVP start startPlot X:	66	;Y:	33	;isForce:	true	;eResourceType:	42
Map Script: civAddStrategyTeamPVP start startPlot X:	66	;Y:	33	;isForce:	true	;eResourceType:	42
Map Script: civAddStrategyTeamPVP start startPlot X:	66	;Y:	33	;isForce:	true	;eResourceType:	42
Map Script: civAddStrategyTeamPVP start startPlot X:	66	;Y:	33	;isForce:	true	;eResourceType:	42
Map Script: civAddStrategyTeamPVP start startPlot X:	66	;Y:	33	;isForce:	true	;eResourceType:	42
Map Script: civAddStrategyTeamPVP start startPlot X:	66	;Y:	33	;isForce:	true	;eResourceType:	42
Map Script: civAddStrategyTeamPVP start startPlot X:	66	;Y:	33	;isForce:	true	;eResourceType:	42
Map Script: civAddStrategyTeamPVP start startPlot X:	66	;Y:	33	;isForce:	true	;eResourceType:	42
Map Script: functionCount:	21
Map Script: ZYL RVC guaranteed early strategic fallback:	expanded empty range	resource	42	leader	LEADER_SUNDIATA_KEITA	plot	66	27
Map Script: Balance Resources: Need to add	43
Map Script: Evaluate Start X: 	68	Evaluate Start Y: 	32	Added: 	43
Map Script: Check Continent:	38	 For resource:	45
Map Script: ContinentResource X: 	6	 Y: 	28	Found Type: 	45
Map Script: Balance Resources: Need to add	44
Map Script: Evaluate Start X: 	68	Evaluate Start Y: 	34	Added: 	44
Map Script: Check Continent:	38	 For resource:	40
Map Script: ContinentResource X: 	49	 Y: 	30	Found Type: 	40
Map Script: Check Continent:	38	 For resource:	41
Map Script: ContinentResource X: 	19	 Y: 	30	Found Type: 	41
Map Script: Start era index	1
Map Script: BBSStratRes	0
Map Script: Balance Resources: Need to add	42
Map Script: PlaceResource leader:	LEADER_KUBLAI_KHAN_MONGOLIA
Map Script: civAddStrategyTeamPVP start startPlot X:	50	;Y:	15	;isForce:	false	;eResourceType:	42
Map Script: successCount:	0
Map Script: functionCount:	0
Map Script: Evaluate Start X: 	50	Evaluate Start Y: 	11	Added: 	42
Map Script: Evaluate Start X: 	52	Evaluate Start Y: 	13	Found Type: 	43
Map Script: Check Continent:	37	 For resource:	45
Map Script: ContinentResource X: 	38	 Y: 	13	Found Type: 	45
Map Script: Evaluate Start X: 	52	Evaluate Start Y: 	17	Found Type: 	44
Map Script: Check Continent:	37	 For resource:	40
Map Script: ContinentResource X: 	56	 Y: 	13	Found Type: 	40
Map Script: Check Continent:	37	 For resource:	41
Map Script: ContinentResource X: 	30	 Y: 	12	Found Type: 	41
Map Script: 战略资源平衡 - Completed	Wed Sep 16 20:04:52 2026
Map Script: majList[i].leader:	LEADER_CYRUS
Map Script: 丘陵补贴 start sPlayerLeaderName:	LEADER_CYRUS
Map Script: Evaluate Start X: 	29	Evaluate Start Y: 	62	Total mountain: 	3	Total water: 	0	Total snow: 	0	Total desert: 	0	Total hill	6	Immediate Food: 	5.3	Immediate Prod: 	4.2	Immediate Culture: 	0	Immediate Faith: 	0	Floodplains	0	Best_tile	6	Best_tile_2	5	Plains Tiles	8
Map Script: civAddHillTeamPVP majList.hill:	6
Map Script: Prod Balancing X: 	29	Y: 	60	Turned the tile to a Plain Hill
Map Script: 丘陵补贴 start sPlayerLeaderName:	LEADER_CYRUS
Map Script: Evaluate Start X: 	29	Evaluate Start Y: 	62	Total mountain: 	3	Total water: 	0	Total snow: 	0	Total desert: 	0	Total hill	7	Immediate Food: 	5.3	Immediate Prod: 	4.2	Immediate Culture: 	0	Immediate Faith: 	0	Floodplains	0	Best_tile	6	Best_tile_2	5	Plains Tiles	8
Map Script: civAddHillTeamPVP majList.hill:	7
Map Script: Prod Balancing X: 	27	Y: 	61	Turned the tile to a Plain Hill
Map Script: 丘陵补贴 start sPlayerLeaderName:	LEADER_CYRUS
Map Script: Evaluate Start X: 	29	Evaluate Start Y: 	62	Total mountain: 	3	Total water: 	0	Total snow: 	0	Total desert: 	0	Total hill	8	Immediate Food: 	5.3	Immediate Prod: 	4.2	Immediate Culture: 	0	Immediate Faith: 	0	Floodplains	0	Best_tile	6	Best_tile_2	5	Plains Tiles	8
Map Script: civAddHillTeamPVP majList.hill:	8
Map Script: Hill balancing: Couldn't add Prod Bonus
Map Script: 丘陵补贴 start sPlayerLeaderName:	LEADER_CYRUS
Map Script: Evaluate Start X: 	29	Evaluate Start Y: 	62	Total mountain: 	3	Total water: 	0	Total snow: 	0	Total desert: 	0	Total hill	8	Immediate Food: 	5.3	Immediate Prod: 	4.2	Immediate Culture: 	0	Immediate Faith: 	0	Floodplains	0	Best_tile	6	Best_tile_2	5	Plains Tiles	8
Map Script: civAddHillTeamPVP majList.hill:	8
Map Script: Hill balancing: Couldn't add Prod Bonus
Map Script: 丘陵补贴 start sPlayerLeaderName:	LEADER_CYRUS
Map Script: Evaluate Start X: 	29	Evaluate Start Y: 	62	Total mountain: 	3	Total water: 	0	Total snow: 	0	Total desert: 	0	Total hill	8	Immediate Food: 	5.3	Immediate Prod: 	4.2	Immediate Culture: 	0	Immediate Faith: 	0	Floodplains	0	Best_tile	6	Best_tile_2	5	Plains Tiles	8
Map Script: civAddHillTeamPVP majList.hill:	8
Map Script: Hill balancing: Couldn't add Prod Bonus
Map Script: 丘陵补贴 start sPlayerLeaderName:	LEADER_CYRUS
Map Script: Evaluate Start X: 	29	Evaluate Start Y: 	62	Total mountain: 	3	Total water: 	0	Total snow: 	0	Total desert: 	0	Total hill	8	Immediate Food: 	5.3	Immediate Prod: 	4.2	Immediate Culture: 	0	Immediate Faith: 	0	Floodplains	0	Best_tile	6	Best_tile_2	5	Plains Tiles	8
Map Script: civAddHillTeamPVP majList.hill:	8
Map Script: Hill balancing: Couldn't add Prod Bonus
Map Script: 丘陵补贴 start sPlayerLeaderName:	LEADER_CYRUS
Map Script: Evaluate Start X: 	29	Evaluate Start Y: 	62	Total mountain: 	3	Total water: 	0	Total snow: 	0	Total desert: 	0	Total hill	8	Immediate Food: 	5.3	Immediate Prod: 	4.2	Immediate Culture: 	0	Immediate Faith: 	0	Floodplains	0	Best_tile	6	Best_tile_2	5	Plains Tiles	8
Map Script: civAddHillTeamPVP majList.hill:	8
Map Script: Hill balancing: Couldn't add Prod Bonus
Map Script: 丘陵补贴 start sPlayerLeaderName:	LEADER_CYRUS
Map Script: Evaluate Start X: 	29	Evaluate Start Y: 	62	Total mountain: 	3	Total water: 	0	Total snow: 	0	Total desert: 	0	Total hill	8	Immediate Food: 	5.3	Immediate Prod: 	4.2	Immediate Culture: 	0	Immediate Faith: 	0	Floodplains	0	Best_tile	6	Best_tile_2	5	Plains Tiles	8
Map Script: civAddHillTeamPVP majList.hill:	8
Map Script: Hill balancing: Couldn't add Prod Bonus
Map Script: 丘陵补贴 start sPlayerLeaderName:	LEADER_CYRUS
Map Script: Evaluate Start X: 	29	Evaluate Start Y: 	62	Total mountain: 	3	Total water: 	0	Total snow: 	0	Total desert: 	0	Total hill	8	Immediate Food: 	5.3	Immediate Prod: 	4.2	Immediate Culture: 	0	Immediate Faith: 	0	Floodplains	0	Best_tile	6	Best_tile_2	5	Plains Tiles	8
Map Script: civAddHillTeamPVP majList.hill:	8
Map Script: Hill balancing: Couldn't add Prod Bonus
Map Script: 丘陵补贴 start sPlayerLeaderName:	LEADER_CYRUS
Map Script: Evaluate Start X: 	29	Evaluate Start Y: 	62	Total mountain: 	3	Total water: 	0	Total snow: 	0	Total desert: 	0	Total hill	8	Immediate Food: 	5.3	Immediate Prod: 	4.2	Immediate Culture: 	0	Immediate Faith: 	0	Floodplains	0	Best_tile	6	Best_tile_2	5	Plains Tiles	8
Map Script: civAddHillTeamPVP majList.hill:	8
Map Script: Hill balancing: Couldn't add Prod Bonus
Map Script: 丘陵补贴 start sPlayerLeaderName:	LEADER_CYRUS
Map Script: Evaluate Start X: 	29	Evaluate Start Y: 	62	Total mountain: 	3	Total water: 	0	Total snow: 	0	Total desert: 	0	Total hill	8	Immediate Food: 	5.3	Immediate Prod: 	4.2	Immediate Culture: 	0	Immediate Faith: 	0	Floodplains	0	Best_tile	6	Best_tile_2	5	Plains Tiles	8
Map Script: civAddHillTeamPVP majList.hill:	8
Map Script: Hill balancing: Couldn't add Prod Bonus
Map Script: 丘陵补贴 start sPlayerLeaderName:	LEADER_CYRUS
Map Script: Evaluate Start X: 	29	Evaluate Start Y: 	62	Total mountain: 	3	Total water: 	0	Total snow: 	0	Total desert: 	0	Total hill	8	Immediate Food: 	5.3	Immediate Prod: 	4.2	Immediate Culture: 	0	Immediate Faith: 	0	Floodplains	0	Best_tile	6	Best_tile_2	5	Plains Tiles	8
Map Script: civAddHillTeamPVP majList.hill:	8
Map Script: Hill balancing: Couldn't add Prod Bonus
Map Script: 丘陵补贴 start sPlayerLeaderName:	LEADER_CYRUS
Map Script: Evaluate Start X: 	29	Evaluate Start Y: 	62	Total mountain: 	3	Total water: 	0	Total snow: 	0	Total desert: 	0	Total hill	8	Immediate Food: 	5.3	Immediate Prod: 	4.2	Immediate Culture: 	0	Immediate Faith: 	0	Floodplains	0	Best_tile	6	Best_tile_2	5	Plains Tiles	8
Map Script: civAddHillTeamPVP majList.hill:	8
Map Script: civAddHillTeamPVP IsDeleteResource true Get	28	:	60
Map Script: Prod Balancing X: 	28	Y: 	60	Turned the tile to a Grassland Hill
Map Script: 丘陵补贴 start sPlayerLeaderName:	LEADER_CYRUS
Map Script: Evaluate Start X: 	29	Evaluate Start Y: 	62	Total mountain: 	3	Total water: 	0	Total snow: 	0	Total desert: 	0	Total hill	9	Immediate Food: 	5.3	Immediate Prod: 	4.2	Immediate Culture: 	0	Immediate Faith: 	0	Floodplains	0	Best_tile	6	Best_tile_2	5	Plains Tiles	8
Map Script: civAddHillTeamPVP majList.hill:	9
Map Script: successCount:	3
Map Script: functionCount:	13
Map Script: majList[i].leader:	LEADER_HAMMURABI
Map Script: 丘陵补贴 start sPlayerLeaderName:	LEADER_HAMMURABI
Map Script: Evaluate Start X: 	11	Evaluate Start Y: 	41	Total mountain: 	6	Total water: 	0	Total snow: 	0	Total desert: 	0	Total hill	3	Immediate Food: 	4.6	Immediate Prod: 	0.3	Immediate Culture: 	0	Immediate Faith: 	0	Floodplains	3	Best_tile	4	Best_tile_2	3.25	Plains Tiles	4
Map Script: civAddHillTeamPVP majList.hill:	3
Map Script: Hill balancing: Couldn't add Prod Bonus
Map Script: 丘陵补贴 start sPlayerLeaderName:	LEADER_HAMMURABI
Map Script: Evaluate Start X: 	11	Evaluate Start Y: 	41	Total mountain: 	6	Total water: 	0	Total snow: 	0	Total desert: 	0	Total hill	3	Immediate Food: 	4.6	Immediate Prod: 	0.3	Immediate Culture: 	0	Immediate Faith: 	0	Floodplains	3	Best_tile	4	Best_tile_2	3.25	Plains Tiles	4
Map Script: civAddHillTeamPVP majList.hill:	3
Map Script: Hill balancing: Couldn't add Prod Bonus
Map Script: 丘陵补贴 start sPlayerLeaderName:	LEADER_HAMMURABI
Map Script: Evaluate Start X: 	11	Evaluate Start Y: 	41	Total mountain: 	6	Total water: 	0	Total snow: 	0	Total desert: 	0	Total hill	3	Immediate Food: 	4.6	Immediate Prod: 	0.3	Immediate Culture: 	0	Immediate Faith: 	0	Floodplains	3	Best_tile	4	Best_tile_2	3.25	Plains Tiles	4
Map Script: civAddHillTeamPVP majList.hill:	3
Map Script: Hill balancing: Couldn't add Prod Bonus
Map Script: 丘陵补贴 start sPlayerLeaderName:	LEADER_HAMMURABI
Map Script: Evaluate Start X: 	11	Evaluate Start Y: 	41	Total mountain: 	6	Total water: 	0	Total snow: 	0	Total desert: 	0	Total hill	3	Immediate Food: 	4.6	Immediate Prod: 	0.3	Immediate Culture: 	0	Immediate Faith: 	0	Floodplains	3	Best_tile	4	Best_tile_2	3.25	Plains Tiles	4
Map Script: civAddHillTeamPVP majList.hill:	3
Map Script: Hill balancing: Couldn't add Prod Bonus
Map Script: 丘陵补贴 start sPlayerLeaderName:	LEADER_HAMMURABI
Map Script: Evaluate Start X: 	11	Evaluate Start Y: 	41	Total mountain: 	6	Total water: 	0	Total snow: 	0	Total desert: 	0	Total hill	3	Immediate Food: 	4.6	Immediate Prod: 	0.3	Immediate Culture: 	0	Immediate Faith: 	0	Floodplains	3	Best_tile	4	Best_tile_2	3.25	Plains Tiles	4
Map Script: civAddHillTeamPVP majList.hill:	3
Map Script: Hill balancing: Couldn't add Prod Bonus
Map Script: 丘陵补贴 start sPlayerLeaderName:	LEADER_HAMMURABI
Map Script: Evaluate Start X: 	11	Evaluate Start Y: 	41	Total mountain: 	6	Total water: 	0	Total snow: 	0	Total desert: 	0	Total hill	3	Immediate Food: 	4.6	Immediate Prod: 	0.3	Immediate Culture: 	0	Immediate Faith: 	0	Floodplains	3	Best_tile	4	Best_tile_2	3.25	Plains Tiles	4
Map Script: civAddHillTeamPVP majList.hill:	3
Map Script: Hill balancing: Couldn't add Prod Bonus
Map Script: 丘陵补贴 start sPlayerLeaderName:	LEADER_HAMMURABI
Map Script: Evaluate Start X: 	11	Evaluate Start Y: 	41	Total mountain: 	6	Total water: 	0	Total snow: 	0	Total desert: 	0	Total hill	3	Immediate Food: 	4.6	Immediate Prod: 	0.3	Immediate Culture: 	0	Immediate Faith: 	0	Floodplains	3	Best_tile	4	Best_tile_2	3.25	Plains Tiles	4
Map Script: civAddHillTeamPVP majList.hill:	3
Map Script: Hill balancing: Couldn't add Prod Bonus
Map Script: 丘陵补贴 start sPlayerLeaderName:	LEADER_HAMMURABI
Map Script: Evaluate Start X: 	11	Evaluate Start Y: 	41	Total mountain: 	6	Total water: 	0	Total snow: 	0	Total desert: 	0	Total hill	3	Immediate Food: 	4.6	Immediate Prod: 	0.3	Immediate Culture: 	0	Immediate Faith: 	0	Floodplains	3	Best_tile	4	Best_tile_2	3.25	Plains Tiles	4
Map Script: civAddHillTeamPVP majList.hill:	3
Map Script: Hill balancing: Couldn't add Prod Bonus
Map Script: 丘陵补贴 start sPlayerLeaderName:	LEADER_HAMMURABI
Map Script: Evaluate Start X: 	11	Evaluate Start Y: 	41	Total mountain: 	6	Total water: 	0	Total snow: 	0	Total desert: 	0	Total hill	3	Immediate Food: 	4.6	Immediate Prod: 	0.3	Immediate Culture: 	0	Immediate Faith: 	0	Floodplains	3	Best_tile	4	Best_tile_2	3.25	Plains Tiles	4
Map Script: civAddHillTeamPVP majList.hill:	3
Map Script: Hill balancing: Couldn't add Prod Bonus
Map Script: 丘陵补贴 start sPlayerLeaderName:	LEADER_HAMMURABI
Map Script: Evaluate Start X: 	11	Evaluate Start Y: 	41	Total mountain: 	6	Total water: 	0	Total snow: 	0	Total desert: 	0	Total hill	3	Immediate Food: 	4.6	Immediate Prod: 	0.3	Immediate Culture: 	0	Immediate Faith: 	0	Floodplains	3	Best_tile	4	Best_tile_2	3.25	Plains Tiles	4
Map Script: civAddHillTeamPVP majList.hill:	3
Map Script: Hill balancing: Couldn't add Prod Bonus
Map Script: 丘陵补贴 start sPlayerLeaderName:	LEADER_HAMMURABI
Map Script: Evaluate Start X: 	11	Evaluate Start Y: 	41	Total mountain: 	6	Total water: 	0	Total snow: 	0	Total desert: 	0	Total hill	3	Immediate Food: 	4.6	Immediate Prod: 	0.3	Immediate Culture: 	0	Immediate Faith: 	0	Floodplains	3	Best_tile	4	Best_tile_2	3.25	Plains Tiles	4
Map Script: civAddHillTeamPVP majList.hill:	3
Map Script: Hill balancing: Couldn't add Prod Bonus
Map Script: 丘陵补贴 start sPlayerLeaderName:	LEADER_HAMMURABI
Map Script: Evaluate Start X: 	11	Evaluate Start Y: 	41	Total mountain: 	6	Total water: 	0	Total snow: 	0	Total desert: 	0	Total hill	3	Immediate Food: 	4.6	Immediate Prod: 	0.3	Immediate Culture: 	0	Immediate Faith: 	0	Floodplains	3	Best_tile	4	Best_tile_2	3.25	Plains Tiles	4
Map Script: civAddHillTeamPVP majList.hill:	3
Map Script: Hill balancing: Couldn't add Prod Bonus
Map Script: 丘陵补贴 start sPlayerLeaderName:	LEADER_HAMMURABI
Map Script: Evaluate Start X: 	11	Evaluate Start Y: 	41	Total mountain: 	6	Total water: 	0	Total snow: 	0	Total desert: 	0	Total hill	3	Immediate Food: 	4.6	Immediate Prod: 	0.3	Immediate Culture: 	0	Immediate Faith: 	0	Floodplains	3	Best_tile	4	Best_tile_2	3.25	Plains Tiles	4
Map Script: civAddHillTeamPVP majList.hill:	3
Map Script: civAddHillTeamPVP IsDeleteResource true Get	11	:	40
Map Script: Prod Balancing X: 	11	Y: 	40	Turned the tile to a Grassland Hill
Map Script: 丘陵补贴 start sPlayerLeaderName:	LEADER_HAMMURABI
Map Script: Evaluate Start X: 	11	Evaluate Start Y: 	41	Total mountain: 	6	Total water: 	0	Total snow: 	0	Total desert: 	0	Total hill	4	Immediate Food: 	4.6	Immediate Prod: 	0.3	Immediate Culture: 	0	Immediate Faith: 	0	Floodplains	3	Best_tile	4	Best_tile_2	3.5	Plains Tiles	4
Map Script: civAddHillTeamPVP majList.hill:	4
Map Script: civAddHillTeamPVP IsDeleteResource true Get	13	:	42
Map Script: Prod Balancing X: 	13	Y: 	42	Turned the tile to a Grassland Hill
Map Script: 丘陵补贴 start sPlayerLeaderName:	LEADER_HAMMURABI
Map Script: Evaluate Start X: 	11	Evaluate Start Y: 	41	Total mountain: 	6	Total water: 	0	Total snow: 	0	Total desert: 	0	Total hill	5	Immediate Food: 	4.6	Immediate Prod: 	0.3	Immediate Culture: 	0	Immediate Faith: 	0	Floodplains	3	Best_tile	4	Best_tile_2	3.5	Plains Tiles	4
Map Script: civAddHillTeamPVP majList.hill:	5
Map Script: civAddHillTeamPVP IsDeleteResource true Get	12	:	39
Map Script: Prod Balancing X: 	12	Y: 	39	Turned the tile to a Grassland Hill
Map Script: 丘陵补贴 start sPlayerLeaderName:	LEADER_HAMMURABI
Map Script: Evaluate Start X: 	11	Evaluate Start Y: 	41	Total mountain: 	6	Total water: 	0	Total snow: 	0	Total desert: 	0	Total hill	6	Immediate Food: 	4.6	Immediate Prod: 	0.3	Immediate Culture: 	0	Immediate Faith: 	0	Floodplains	3	Best_tile	4	Best_tile_2	3.5	Plains Tiles	4
Map Script: civAddHillTeamPVP majList.hill:	6
Map Script: civAddHillTeamPVP IsDeleteResource true Get	9	:	41
Map Script: Prod Balancing X: 	9	Y: 	41	Turned the tile to a Grassland Hill
Map Script: 丘陵补贴 start sPlayerLeaderName:	LEADER_HAMMURABI
Map Script: Evaluate Start X: 	11	Evaluate Start Y: 	41	Total mountain: 	6	Total water: 	0	Total snow: 	0	Total desert: 	0	Total hill	7	Immediate Food: 	4.6	Immediate Prod: 	0.3	Immediate Culture: 	0	Immediate Faith: 	0	Floodplains	3	Best_tile	4	Best_tile_2	3.5	Plains Tiles	4
Map Script: civAddHillTeamPVP majList.hill:	7
Map Script: Hill balancing: Couldn't add Prod Bonus
Map Script: 丘陵补贴 start sPlayerLeaderName:	LEADER_HAMMURABI
Map Script: Evaluate Start X: 	11	Evaluate Start Y: 	41	Total mountain: 	6	Total water: 	0	Total snow: 	0	Total desert: 	0	Total hill	7	Immediate Food: 	4.6	Immediate Prod: 	0.3	Immediate Culture: 	0	Immediate Faith: 	0	Floodplains	3	Best_tile	4	Best_tile_2	3.5	Plains Tiles	4
Map Script: civAddHillTeamPVP majList.hill:	7
Map Script: Hill balancing: Couldn't add Prod Bonus
Map Script: 丘陵补贴 start sPlayerLeaderName:	LEADER_HAMMURABI
Map Script: Evaluate Start X: 	11	Evaluate Start Y: 	41	Total mountain: 	6	Total water: 	0	Total snow: 	0	Total desert: 	0	Total hill	7	Immediate Food: 	4.6	Immediate Prod: 	0.3	Immediate Culture: 	0	Immediate Faith: 	0	Floodplains	3	Best_tile	4	Best_tile_2	3.5	Plains Tiles	4
Map Script: civAddHillTeamPVP majList.hill:	7
Map Script: Hill balancing: Couldn't add Prod Bonus
Map Script: 丘陵补贴 start sPlayerLeaderName:	LEADER_HAMMURABI
Map Script: Evaluate Start X: 	11	Evaluate Start Y: 	41	Total mountain: 	6	Total water: 	0	Total snow: 	0	Total desert: 	0	Total hill	7	Immediate Food: 	4.6	Immediate Prod: 	0.3	Immediate Culture: 	0	Immediate Faith: 	0	Floodplains	3	Best_tile	4	Best_tile_2	3.5	Plains Tiles	4
Map Script: civAddHillTeamPVP majList.hill:	7
Map Script: Hill balancing: Couldn't add Prod Bonus
Map Script: 丘陵补贴 start sPlayerLeaderName:	LEADER_HAMMURABI
Map Script: Evaluate Start X: 	11	Evaluate Start Y: 	41	Total mountain: 	6	Total water: 	0	Total snow: 	0	Total desert: 	0	Total hill	7	Immediate Food: 	4.6	Immediate Prod: 	0.3	Immediate Culture: 	0	Immediate Faith: 	0	Floodplains	3	Best_tile	4	Best_tile_2	3.5	Plains Tiles	4
Map Script: civAddHillTeamPVP majList.hill:	7
Map Script: Hill balancing: Couldn't add Prod Bonus
Map Script: functionCount:	21
Map Script: majList[i].leader:	LEADER_CHANDRAGUPTA
Map Script: 丘陵补贴 start sPlayerLeaderName:	LEADER_CHANDRAGUPTA
Map Script: Evaluate Start X: 	11	Evaluate Start Y: 	27	Total mountain: 	1	Total water: 	0	Total snow: 	0	Total desert: 	0	Total hill	6	Immediate Food: 	13.7	Immediate Prod: 	8.2	Immediate Culture: 	1	Immediate Faith: 	0	Floodplains	2	Best_tile	6	Best_tile_2	4	Plains Tiles	11
Map Script: civAddHillTeamPVP majList.hill:	6
Map Script: Prod Balancing X: 	12	Y: 	25	Turned the tile to a Plain Hill
Map Script: 丘陵补贴 start sPlayerLeaderName:	LEADER_CHANDRAGUPTA
Map Script: Evaluate Start X: 	11	Evaluate Start Y: 	27	Total mountain: 	1	Total water: 	0	Total snow: 	0	Total desert: 	0	Total hill	7	Immediate Food: 	13.7	Immediate Prod: 	8.2	Immediate Culture: 	1	Immediate Faith: 	0	Floodplains	2	Best_tile	6	Best_tile_2	4	Plains Tiles	11
Map Script: civAddHillTeamPVP majList.hill:	7
Map Script: Hill balancing: Couldn't add Prod Bonus
Map Script: 丘陵补贴 start sPlayerLeaderName:	LEADER_CHANDRAGUPTA
Map Script: Evaluate Start X: 	11	Evaluate Start Y: 	27	Total mountain: 	1	Total water: 	0	Total snow: 	0	Total desert: 	0	Total hill	7	Immediate Food: 	13.7	Immediate Prod: 	8.2	Immediate Culture: 	1	Immediate Faith: 	0	Floodplains	2	Best_tile	6	Best_tile_2	4	Plains Tiles	11
Map Script: civAddHillTeamPVP majList.hill:	7
Map Script: Hill balancing: Couldn't add Prod Bonus
Map Script: 丘陵补贴 start sPlayerLeaderName:	LEADER_CHANDRAGUPTA
Map Script: Evaluate Start X: 	11	Evaluate Start Y: 	27	Total mountain: 	1	Total water: 	0	Total snow: 	0	Total desert: 	0	Total hill	7	Immediate Food: 	13.7	Immediate Prod: 	8.2	Immediate Culture: 	1	Immediate Faith: 	0	Floodplains	2	Best_tile	6	Best_tile_2	4	Plains Tiles	11
Map Script: civAddHillTeamPVP majList.hill:	7
Map Script: Hill balancing: Couldn't add Prod Bonus
Map Script: 丘陵补贴 start sPlayerLeaderName:	LEADER_CHANDRAGUPTA
Map Script: Evaluate Start X: 	11	Evaluate Start Y: 	27	Total mountain: 	1	Total water: 	0	Total snow: 	0	Total desert: 	0	Total hill	7	Immediate Food: 	13.7	Immediate Prod: 	8.2	Immediate Culture: 	1	Immediate Faith: 	0	Floodplains	2	Best_tile	6	Best_tile_2	4	Plains Tiles	11
Map Script: civAddHillTeamPVP majList.hill:	7
Map Script: Hill balancing: Couldn't add Prod Bonus
Map Script: 丘陵补贴 start sPlayerLeaderName:	LEADER_CHANDRAGUPTA
Map Script: Evaluate Start X: 	11	Evaluate Start Y: 	27	Total mountain: 	1	Total water: 	0	Total snow: 	0	Total desert: 	0	Total hill	7	Immediate Food: 	13.7	Immediate Prod: 	8.2	Immediate Culture: 	1	Immediate Faith: 	0	Floodplains	2	Best_tile	6	Best_tile_2	4	Plains Tiles	11
Map Script: civAddHillTeamPVP majList.hill:	7
Map Script: Hill balancing: Couldn't add Prod Bonus
Map Script: 丘陵补贴 start sPlayerLeaderName:	LEADER_CHANDRAGUPTA
Map Script: Evaluate Start X: 	11	Evaluate Start Y: 	27	Total mountain: 	1	Total water: 	0	Total snow: 	0	Total desert: 	0	Total hill	7	Immediate Food: 	13.7	Immediate Prod: 	8.2	Immediate Culture: 	1	Immediate Faith: 	0	Floodplains	2	Best_tile	6	Best_tile_2	4	Plains Tiles	11
Map Script: civAddHillTeamPVP majList.hill:	7
Map Script: Hill balancing: Couldn't add Prod Bonus
Map Script: 丘陵补贴 start sPlayerLeaderName:	LEADER_CHANDRAGUPTA
Map Script: Evaluate Start X: 	11	Evaluate Start Y: 	27	Total mountain: 	1	Total water: 	0	Total snow: 	0	Total desert: 	0	Total hill	7	Immediate Food: 	13.7	Immediate Prod: 	8.2	Immediate Culture: 	1	Immediate Faith: 	0	Floodplains	2	Best_tile	6	Best_tile_2	4	Plains Tiles	11
Map Script: civAddHillTeamPVP majList.hill:	7
Map Script: Hill balancing: Couldn't add Prod Bonus
Map Script: 丘陵补贴 start sPlayerLeaderName:	LEADER_CHANDRAGUPTA
Map Script: Evaluate Start X: 	11	Evaluate Start Y: 	27	Total mountain: 	1	Total water: 	0	Total snow: 	0	Total desert: 	0	Total hill	7	Immediate Food: 	13.7	Immediate Prod: 	8.2	Immediate Culture: 	1	Immediate Faith: 	0	Floodplains	2	Best_tile	6	Best_tile_2	4	Plains Tiles	11
Map Script: civAddHillTeamPVP majList.hill:	7
Map Script: Hill balancing: Couldn't add Prod Bonus
Map Script: 丘陵补贴 start sPlayerLeaderName:	LEADER_CHANDRAGUPTA
Map Script: Evaluate Start X: 	11	Evaluate Start Y: 	27	Total mountain: 	1	Total water: 	0	Total snow: 	0	Total desert: 	0	Total hill	7	Immediate Food: 	13.7	Immediate Prod: 	8.2	Immediate Culture: 	1	Immediate Faith: 	0	Floodplains	2	Best_tile	6	Best_tile_2	4	Plains Tiles	11
Map Script: civAddHillTeamPVP majList.hill:	7
Map Script: Hill balancing: Couldn't add Prod Bonus
Map Script: 丘陵补贴 start sPlayerLeaderName:	LEADER_CHANDRAGUPTA
Map Script: Evaluate Start X: 	11	Evaluate Start Y: 	27	Total mountain: 	1	Total water: 	0	Total snow: 	0	Total desert: 	0	Total hill	7	Immediate Food: 	13.7	Immediate Prod: 	8.2	Immediate Culture: 	1	Immediate Faith: 	0	Floodplains	2	Best_tile	6	Best_tile_2	4	Plains Tiles	11
Map Script: civAddHillTeamPVP majList.hill:	7
Map Script: Hill balancing: Couldn't add Prod Bonus
Map Script: 丘陵补贴 start sPlayerLeaderName:	LEADER_CHANDRAGUPTA
Map Script: Evaluate Start X: 	11	Evaluate Start Y: 	27	Total mountain: 	1	Total water: 	0	Total snow: 	0	Total desert: 	0	Total hill	7	Immediate Food: 	13.7	Immediate Prod: 	8.2	Immediate Culture: 	1	Immediate Faith: 	0	Floodplains	2	Best_tile	6	Best_tile_2	4	Plains Tiles	11
Map Script: civAddHillTeamPVP majList.hill:	7
Map Script: Hill balancing: Couldn't add Prod Bonus
Map Script: 丘陵补贴 start sPlayerLeaderName:	LEADER_CHANDRAGUPTA
Map Script: Evaluate Start X: 	11	Evaluate Start Y: 	27	Total mountain: 	1	Total water: 	0	Total snow: 	0	Total desert: 	0	Total hill	7	Immediate Food: 	13.7	Immediate Prod: 	8.2	Immediate Culture: 	1	Immediate Faith: 	0	Floodplains	2	Best_tile	6	Best_tile_2	4	Plains Tiles	11
Map Script: civAddHillTeamPVP majList.hill:	7
Map Script: civAddHillTeamPVP IsDeleteResource true Get	13	:	27
Map Script: Prod Balancing X: 	13	Y: 	27	Turned the tile to a Grassland Hill
Map Script: 丘陵补贴 start sPlayerLeaderName:	LEADER_CHANDRAGUPTA
Map Script: Evaluate Start X: 	11	Evaluate Start Y: 	27	Total mountain: 	1	Total water: 	0	Total snow: 	0	Total desert: 	0	Total hill	8	Immediate Food: 	13.7	Immediate Prod: 	8.2	Immediate Culture: 	1	Immediate Faith: 	0	Floodplains	2	Best_tile	6	Best_tile_2	4	Plains Tiles	11
Map Script: civAddHillTeamPVP majList.hill:	8
Map Script: civAddHillTeamPVP IsDeleteResource true Get	11	:	29
Map Script: Prod Balancing X: 	11	Y: 	29	Turned the tile to a Grassland Hill
Map Script: 丘陵补贴 start sPlayerLeaderName:	LEADER_CHANDRAGUPTA
Map Script: Evaluate Start X: 	11	Evaluate Start Y: 	27	Total mountain: 	1	Total water: 	0	Total snow: 	0	Total desert: 	0	Total hill	9	Immediate Food: 	13.7	Immediate Prod: 	8.2	Immediate Culture: 	1	Immediate Faith: 	0	Floodplains	2	Best_tile	6	Best_tile_2	4	Plains Tiles	11
Map Script: civAddHillTeamPVP majList.hill:	9
Map Script: civAddHillTeamPVP IsDeleteResource true Get	12	:	28
Map Script: Prod Balancing X: 	12	Y: 	28	Turned the tile to a Grassland Hill
Map Script: 丘陵补贴 start sPlayerLeaderName:	LEADER_CHANDRAGUPTA
Map Script: Evaluate Start X: 	11	Evaluate Start Y: 	27	Total mountain: 	1	Total water: 	0	Total snow: 	0	Total desert: 	0	Total hill	10	Immediate Food: 	13.7	Immediate Prod: 	8.2	Immediate Culture: 	1	Immediate Faith: 	0	Floodplains	2	Best_tile	6	Best_tile_2	4	Plains Tiles	11
Map Script: civAddHillTeamPVP majList.hill:	10
Map Script: successCount:	4
Map Script: functionCount:	15
Map Script: majList[i].leader:	LEADER_AMANITORE
Map Script: 丘陵补贴 start sPlayerLeaderName:	LEADER_AMANITORE
Map Script: Evaluate Start X: 	33	Evaluate Start Y: 	12	Total mountain: 	2	Total water: 	0	Total snow: 	0	Total desert: 	0	Total hill	11	Immediate Food: 	5.2	Immediate Prod: 	8.3	Immediate Culture: 	1	Immediate Faith: 	0	Floodplains	0	Best_tile	6.5	Best_tile_2	5.5	Plains Tiles	7
Map Script: civAddHillTeamPVP majList.hill:	10
Map Script: successCount:	0
Map Script: functionCount:	0
Map Script: majList[i].leader:	LEADER_MONTEZUMA
Map Script: 丘陵补贴 start sPlayerLeaderName:	LEADER_MONTEZUMA
Map Script: Evaluate Start X: 	49	Evaluate Start Y: 	61	Total mountain: 	3	Total water: 	0	Total snow: 	0	Total desert: 	0	Total hill	6	Immediate Food: 	5.2	Immediate Prod: 	4.3	Immediate Culture: 	0	Immediate Faith: 	0	Floodplains	0	Best_tile	6.5	Best_tile_2	4	Plains Tiles	0
Map Script: civAddHillTeamPVP majList.hill:	6
Map Script: Prod Balancing X: 	50	Y: 	62	Turned the tile to a Grassland Hill
Map Script: 丘陵补贴 start sPlayerLeaderName:	LEADER_MONTEZUMA
Map Script: Evaluate Start X: 	49	Evaluate Start Y: 	61	Total mountain: 	3	Total water: 	0	Total snow: 	0	Total desert: 	0	Total hill	7	Immediate Food: 	5.2	Immediate Prod: 	4.3	Immediate Culture: 	0	Immediate Faith: 	0	Floodplains	0	Best_tile	6.5	Best_tile_2	4	Plains Tiles	0
Map Script: civAddHillTeamPVP majList.hill:	7
Map Script: Prod Balancing X: 	50	Y: 	61	Turned the tile to a Grassland Hill
Map Script: 丘陵补贴 start sPlayerLeaderName:	LEADER_MONTEZUMA
Map Script: Evaluate Start X: 	49	Evaluate Start Y: 	61	Total mountain: 	3	Total water: 	0	Total snow: 	0	Total desert: 	0	Total hill	8	Immediate Food: 	5.2	Immediate Prod: 	4.3	Immediate Culture: 	0	Immediate Faith: 	0	Floodplains	0	Best_tile	6.5	Best_tile_2	4	Plains Tiles	0
Map Script: civAddHillTeamPVP majList.hill:	8
Map Script: Prod Balancing X: 	48	Y: 	61	Turned the Marsh tile to a Hill
Map Script: 丘陵补贴 start sPlayerLeaderName:	LEADER_MONTEZUMA
Map Script: Evaluate Start X: 	49	Evaluate Start Y: 	61	Total mountain: 	3	Total water: 	0	Total snow: 	0	Total desert: 	0	Total hill	9	Immediate Food: 	5.2	Immediate Prod: 	4.3	Immediate Culture: 	0	Immediate Faith: 	0	Floodplains	0	Best_tile	6.5	Best_tile_2	4	Plains Tiles	0
Map Script: civAddHillTeamPVP majList.hill:	9
Map Script: successCount:	3
Map Script: functionCount:	3
Map Script: majList[i].leader:	LEADER_POUNDMAKER
Map Script: 丘陵补贴 start sPlayerLeaderName:	LEADER_POUNDMAKER
Map Script: Evaluate Start X: 	62	Evaluate Start Y: 	45	Total mountain: 	4	Total water: 	0	Total snow: 	0	Total desert: 	0	Total hill	8	Immediate Food: 	4.2	Immediate Prod: 	5.3	Immediate Culture: 	0	Immediate Faith: 	0	Floodplains	3	Best_tile	6.5	Best_tile_2	5	Plains Tiles	9
Map Script: civAddHillTeamPVP majList.hill:	8
Map Script: Prod Balancing X: 	60	Y: 	45	Turned the tile to a Plain Hill
Map Script: 丘陵补贴 start sPlayerLeaderName:	LEADER_POUNDMAKER
Map Script: Evaluate Start X: 	62	Evaluate Start Y: 	45	Total mountain: 	4	Total water: 	0	Total snow: 	0	Total desert: 	0	Total hill	9	Immediate Food: 	4.2	Immediate Prod: 	5.3	Immediate Culture: 	0	Immediate Faith: 	0	Floodplains	3	Best_tile	6.5	Best_tile_2	5	Plains Tiles	9
Map Script: civAddHillTeamPVP majList.hill:	9
Map Script: Prod Balancing X: 	61	Y: 	46	Turned the Marsh tile to a Hill
Map Script: 丘陵补贴 start sPlayerLeaderName:	LEADER_POUNDMAKER
Map Script: Evaluate Start X: 	62	Evaluate Start Y: 	45	Total mountain: 	4	Total water: 	0	Total snow: 	0	Total desert: 	0	Total hill	10	Immediate Food: 	4.2	Immediate Prod: 	5.3	Immediate Culture: 	0	Immediate Faith: 	0	Floodplains	3	Best_tile	6.5	Best_tile_2	5	Plains Tiles	9
Map Script: civAddHillTeamPVP majList.hill:	10
Map Script: successCount:	2
Map Script: functionCount:	2
Map Script: majList[i].leader:	LEADER_SUNDIATA_KEITA
Map Script: 丘陵补贴 start sPlayerLeaderName:	LEADER_SUNDIATA_KEITA
Map Script: Evaluate Start X: 	66	Evaluate Start Y: 	33	Total mountain: 	3	Total water: 	0	Total snow: 	0	Total desert: 	33	Total hill	2	Immediate Food: 	0	Immediate Prod: 	-5.5511151231258e-17	Immediate Culture: 	0	Immediate Faith: 	0	Floodplains	6	Best_tile	2	Best_tile_2	2	Plains Tiles	0
Map Script: civAddHillTeamPVP majList.hill:	2
Map Script: Prod Balancing X: 	67	Y: 	33	Turned the tile to a Desert Hill
Map Script: 丘陵补贴 start sPlayerLeaderName:	LEADER_SUNDIATA_KEITA
Map Script: Evaluate Start X: 	66	Evaluate Start Y: 	33	Total mountain: 	3	Total water: 	0	Total snow: 	0	Total desert: 	33	Total hill	3	Immediate Food: 	0	Immediate Prod: 	-5.5511151231258e-17	Immediate Culture: 	0	Immediate Faith: 	0	Floodplains	6	Best_tile	2	Best_tile_2	2	Plains Tiles	0
Map Script: civAddHillTeamPVP majList.hill:	3
Map Script: Prod Balancing X: 	67	Y: 	31	Turned the tile to a Desert Hill
Map Script: 丘陵补贴 start sPlayerLeaderName:	LEADER_SUNDIATA_KEITA
Map Script: Evaluate Start X: 	66	Evaluate Start Y: 	33	Total mountain: 	3	Total water: 	0	Total snow: 	0	Total desert: 	33	Total hill	4	Immediate Food: 	0	Immediate Prod: 	-5.5511151231258e-17	Immediate Culture: 	0	Immediate Faith: 	0	Floodplains	6	Best_tile	2	Best_tile_2	2	Plains Tiles	0
Map Script: civAddHillTeamPVP majList.hill:	4
Map Script: Prod Balancing X: 	66	Y: 	31	Turned the tile to a Desert Hill
Map Script: 丘陵补贴 start sPlayerLeaderName:	LEADER_SUNDIATA_KEITA
Map Script: Evaluate Start X: 	66	Evaluate Start Y: 	33	Total mountain: 	3	Total water: 	0	Total snow: 	0	Total desert: 	33	Total hill	5	Immediate Food: 	0	Immediate Prod: 	-5.5511151231258e-17	Immediate Culture: 	0	Immediate Faith: 	0	Floodplains	6	Best_tile	2	Best_tile_2	2	Plains Tiles	0
Map Script: civAddHillTeamPVP majList.hill:	5
Map Script: Prod Balancing X: 	65	Y: 	31	Turned the tile to a Desert Hill
Map Script: 丘陵补贴 start sPlayerLeaderName:	LEADER_SUNDIATA_KEITA
Map Script: Evaluate Start X: 	66	Evaluate Start Y: 	33	Total mountain: 	3	Total water: 	0	Total snow: 	0	Total desert: 	33	Total hill	6	Immediate Food: 	0	Immediate Prod: 	-5.5511151231258e-17	Immediate Culture: 	0	Immediate Faith: 	0	Floodplains	6	Best_tile	2	Best_tile_2	2	Plains Tiles	0
Map Script: civAddHillTeamPVP majList.hill:	6
Map Script: Hill balancing: Couldn't add Prod Bonus
Map Script: 丘陵补贴 start sPlayerLeaderName:	LEADER_SUNDIATA_KEITA
Map Script: Evaluate Start X: 	66	Evaluate Start Y: 	33	Total mountain: 	3	Total water: 	0	Total snow: 	0	Total desert: 	33	Total hill	6	Immediate Food: 	0	Immediate Prod: 	-5.5511151231258e-17	Immediate Culture: 	0	Immediate Faith: 	0	Floodplains	6	Best_tile	2	Best_tile_2	2	Plains Tiles	0
Map Script: civAddHillTeamPVP majList.hill:	6
Map Script: Hill balancing: Couldn't add Prod Bonus
Map Script: 丘陵补贴 start sPlayerLeaderName:	LEADER_SUNDIATA_KEITA
Map Script: Evaluate Start X: 	66	Evaluate Start Y: 	33	Total mountain: 	3	Total water: 	0	Total snow: 	0	Total desert: 	33	Total hill	6	Immediate Food: 	0	Immediate Prod: 	-5.5511151231258e-17	Immediate Culture: 	0	Immediate Faith: 	0	Floodplains	6	Best_tile	2	Best_tile_2	2	Plains Tiles	0
Map Script: civAddHillTeamPVP majList.hill:	6
Map Script: Hill balancing: Couldn't add Prod Bonus
Map Script: 丘陵补贴 start sPlayerLeaderName:	LEADER_SUNDIATA_KEITA
Map Script: Evaluate Start X: 	66	Evaluate Start Y: 	33	Total mountain: 	3	Total water: 	0	Total snow: 	0	Total desert: 	33	Total hill	6	Immediate Food: 	0	Immediate Prod: 	-5.5511151231258e-17	Immediate Culture: 	0	Immediate Faith: 	0	Floodplains	6	Best_tile	2	Best_tile_2	2	Plains Tiles	0
Map Script: civAddHillTeamPVP majList.hill:	6
Map Script: Hill balancing: Couldn't add Prod Bonus
Map Script: 丘陵补贴 start sPlayerLeaderName:	LEADER_SUNDIATA_KEITA
Map Script: Evaluate Start X: 	66	Evaluate Start Y: 	33	Total mountain: 	3	Total water: 	0	Total snow: 	0	Total desert: 	33	Total hill	6	Immediate Food: 	0	Immediate Prod: 	-5.5511151231258e-17	Immediate Culture: 	0	Immediate Faith: 	0	Floodplains	6	Best_tile	2	Best_tile_2	2	Plains Tiles	0
Map Script: civAddHillTeamPVP majList.hill:	6
Map Script: Hill balancing: Couldn't add Prod Bonus
Map Script: 丘陵补贴 start sPlayerLeaderName:	LEADER_SUNDIATA_KEITA
Map Script: Evaluate Start X: 	66	Evaluate Start Y: 	33	Total mountain: 	3	Total water: 	0	Total snow: 	0	Total desert: 	33	Total hill	6	Immediate Food: 	0	Immediate Prod: 	-5.5511151231258e-17	Immediate Culture: 	0	Immediate Faith: 	0	Floodplains	6	Best_tile	2	Best_tile_2	2	Plains Tiles	0
Map Script: civAddHillTeamPVP majList.hill:	6
Map Script: Hill balancing: Couldn't add Prod Bonus
Map Script: 丘陵补贴 start sPlayerLeaderName:	LEADER_SUNDIATA_KEITA
Map Script: Evaluate Start X: 	66	Evaluate Start Y: 	33	Total mountain: 	3	Total water: 	0	Total snow: 	0	Total desert: 	33	Total hill	6	Immediate Food: 	0	Immediate Prod: 	-5.5511151231258e-17	Immediate Culture: 	0	Immediate Faith: 	0	Floodplains	6	Best_tile	2	Best_tile_2	2	Plains Tiles	0
Map Script: civAddHillTeamPVP majList.hill:	6
Map Script: Hill balancing: Couldn't add Prod Bonus
Map Script: 丘陵补贴 start sPlayerLeaderName:	LEADER_SUNDIATA_KEITA
Map Script: Evaluate Start X: 	66	Evaluate Start Y: 	33	Total mountain: 	3	Total water: 	0	Total snow: 	0	Total desert: 	33	Total hill	6	Immediate Food: 	0	Immediate Prod: 	-5.5511151231258e-17	Immediate Culture: 	0	Immediate Faith: 	0	Floodplains	6	Best_tile	2	Best_tile_2	2	Plains Tiles	0
Map Script: civAddHillTeamPVP majList.hill:	6
Map Script: Hill balancing: Couldn't add Prod Bonus
Map Script: 丘陵补贴 start sPlayerLeaderName:	LEADER_SUNDIATA_KEITA
Map Script: Evaluate Start X: 	66	Evaluate Start Y: 	33	Total mountain: 	3	Total water: 	0	Total snow: 	0	Total desert: 	33	Total hill	6	Immediate Food: 	0	Immediate Prod: 	-5.5511151231258e-17	Immediate Culture: 	0	Immediate Faith: 	0	Floodplains	6	Best_tile	2	Best_tile_2	2	Plains Tiles	0
Map Script: civAddHillTeamPVP majList.hill:	6
Map Script: Hill balancing: Couldn't add Prod Bonus
Map Script: 丘陵补贴 start sPlayerLeaderName:	LEADER_SUNDIATA_KEITA
Map Script: Evaluate Start X: 	66	Evaluate Start Y: 	33	Total mountain: 	3	Total water: 	0	Total snow: 	0	Total desert: 	33	Total hill	6	Immediate Food: 	0	Immediate Prod: 	-5.5511151231258e-17	Immediate Culture: 	0	Immediate Faith: 	0	Floodplains	6	Best_tile	2	Best_tile_2	2	Plains Tiles	0
Map Script: civAddHillTeamPVP majList.hill:	6
Map Script: Hill balancing: Couldn't add Prod Bonus
Map Script: 丘陵补贴 start sPlayerLeaderName:	LEADER_SUNDIATA_KEITA
Map Script: Evaluate Start X: 	66	Evaluate Start Y: 	33	Total mountain: 	3	Total water: 	0	Total snow: 	0	Total desert: 	33	Total hill	6	Immediate Food: 	0	Immediate Prod: 	-5.5511151231258e-17	Immediate Culture: 	0	Immediate Faith: 	0	Floodplains	6	Best_tile	2	Best_tile_2	2	Plains Tiles	0
Map Script: civAddHillTeamPVP majList.hill:	6
Map Script: Hill balancing: Couldn't add Prod Bonus
Map Script: 丘陵补贴 start sPlayerLeaderName:	LEADER_SUNDIATA_KEITA
Map Script: Evaluate Start X: 	66	Evaluate Start Y: 	33	Total mountain: 	3	Total water: 	0	Total snow: 	0	Total desert: 	33	Total hill	6	Immediate Food: 	0	Immediate Prod: 	-5.5511151231258e-17	Immediate Culture: 	0	Immediate Faith: 	0	Floodplains	6	Best_tile	2	Best_tile_2	2	Plains Tiles	0
Map Script: civAddHillTeamPVP majList.hill:	6
Map Script: Hill balancing: Couldn't add Prod Bonus
Map Script: 丘陵补贴 start sPlayerLeaderName:	LEADER_SUNDIATA_KEITA
Map Script: Evaluate Start X: 	66	Evaluate Start Y: 	33	Total mountain: 	3	Total water: 	0	Total snow: 	0	Total desert: 	33	Total hill	6	Immediate Food: 	0	Immediate Prod: 	-5.5511151231258e-17	Immediate Culture: 	0	Immediate Faith: 	0	Floodplains	6	Best_tile	2	Best_tile_2	2	Plains Tiles	0
Map Script: civAddHillTeamPVP majList.hill:	6
Map Script: Hill balancing: Couldn't add Prod Bonus
Map Script: 丘陵补贴 start sPlayerLeaderName:	LEADER_SUNDIATA_KEITA
Map Script: Evaluate Start X: 	66	Evaluate Start Y: 	33	Total mountain: 	3	Total water: 	0	Total snow: 	0	Total desert: 	33	Total hill	6	Immediate Food: 	0	Immediate Prod: 	-5.5511151231258e-17	Immediate Culture: 	0	Immediate Faith: 	0	Floodplains	6	Best_tile	2	Best_tile_2	2	Plains Tiles	0
Map Script: civAddHillTeamPVP majList.hill:	6
Map Script: Hill balancing: Couldn't add Prod Bonus
Map Script: 丘陵补贴 start sPlayerLeaderName:	LEADER_SUNDIATA_KEITA
Map Script: Evaluate Start X: 	66	Evaluate Start Y: 	33	Total mountain: 	3	Total water: 	0	Total snow: 	0	Total desert: 	33	Total hill	6	Immediate Food: 	0	Immediate Prod: 	-5.5511151231258e-17	Immediate Culture: 	0	Immediate Faith: 	0	Floodplains	6	Best_tile	2	Best_tile_2	2	Plains Tiles	0
Map Script: civAddHillTeamPVP majList.hill:	6
Map Script: Hill balancing: Couldn't add Prod Bonus
Map Script: 丘陵补贴 start sPlayerLeaderName:	LEADER_SUNDIATA_KEITA
Map Script: Evaluate Start X: 	66	Evaluate Start Y: 	33	Total mountain: 	3	Total water: 	0	Total snow: 	0	Total desert: 	33	Total hill	6	Immediate Food: 	0	Immediate Prod: 	-5.5511151231258e-17	Immediate Culture: 	0	Immediate Faith: 	0	Floodplains	6	Best_tile	2	Best_tile_2	2	Plains Tiles	0
Map Script: civAddHillTeamPVP majList.hill:	6
Map Script: Hill balancing: Couldn't add Prod Bonus
Map Script: 丘陵补贴 start sPlayerLeaderName:	LEADER_SUNDIATA_KEITA
Map Script: Evaluate Start X: 	66	Evaluate Start Y: 	33	Total mountain: 	3	Total water: 	0	Total snow: 	0	Total desert: 	33	Total hill	6	Immediate Food: 	0	Immediate Prod: 	-5.5511151231258e-17	Immediate Culture: 	0	Immediate Faith: 	0	Floodplains	6	Best_tile	2	Best_tile_2	2	Plains Tiles	0
Map Script: civAddHillTeamPVP majList.hill:	6
Map Script: Hill balancing: Couldn't add Prod Bonus
Map Script: functionCount:	21
Map Script: majList[i].leader:	LEADER_KUBLAI_KHAN_MONGOLIA
Map Script: 丘陵补贴 start sPlayerLeaderName:	LEADER_KUBLAI_KHAN_MONGOLIA
Map Script: Evaluate Start X: 	50	Evaluate Start Y: 	15	Total mountain: 	3	Total water: 	0	Total snow: 	0	Total desert: 	0	Total hill	12	Immediate Food: 	13.3	Immediate Prod: 	12.2	Immediate Culture: 	0	Immediate Faith: 	0	Floodplains	3	Best_tile	5	Best_tile_2	5	Plains Tiles	8
Map Script: civAddHillTeamPVP majList.hill:	11
Map Script: successCount:	0
Map Script: functionCount:	0
Map Script: teamPVP start addRiceCount:	1
Map Script: teamPVP start addFoodSheepCount:	0
Map Script: teamPVP start resourcesFishCount:	0
Map Script: teamPVP start addJungleCount:	5
Map Script: teamPVP start addForestCount:	2
Map Script: teamPVP start addHuntCount:	0
Map Script: teamPVP start addBananaCount:	1
Map Script: Evaluate Start X: 	29	Evaluate Start Y: 	62	Total mountain: 	3	Total water: 	0	Total snow: 	0	Total desert: 	0	Total hill	9	Immediate Food: 	5.3	Immediate Prod: 	4.2	Immediate Culture: 	0	Immediate Faith: 	0	Floodplains	0	Best_tile	6	Best_tile_2	5	Plains Tiles	8
Map Script: teamPVP checkGetYield success
Map Script: OneRingFloors majList[i].leader:	LEADER_CYRUS
Map Script: OneRingFloors functionCount:	0
Map Script: OneRingFloors successCount:	0
Map Script: OneRingFloors isMust:	false
Map Script: civAddFoodTeamPVP start sPlayerLeaderName:	LEADER_CYRUS
Map Script: Evaluate Start X: 	29	Evaluate Start Y: 	62	Total mountain: 	3	Total water: 	0	Total snow: 	0	Total desert: 	0	Total hill	9	Immediate Food: 	5.3	Immediate Prod: 	4.2	Immediate Culture: 	0	Immediate Faith: 	0	Floodplains	0	Best_tile	6	Best_tile_2	5	Plains Tiles	8
Map Script: civAddFoodTeamPVP food_spawn_start:	2.65
Map Script: civAddFoodTeamPVP food_spawn_inner:	6
Map Script: civAddFoodTeamPVP minFood:	7
Map Script: majList[i].leader:	LEADER_CYRUS
Map Script: functionCount:	0
Map Script: successCount:	0
Map Script: Food balancing: Couldn't add Food Bonus
Map Script: AddBonusBind majList[i].leader:	LEADER_CYRUS
Map Script: AddBonusBind functionCount:	0
Map Script: AddBonusBind successCount:	0
Map Script: teamPVP start addRiceCount:	3
Map Script: teamPVP start addFoodSheepCount:	0
Map Script: teamPVP start resourcesFishCount:	0
Map Script: teamPVP start addJungleCount:	1
Map Script: teamPVP start addForestCount:	0
Map Script: teamPVP start addHuntCount:	0
Map Script: teamPVP start addBananaCount:	1
Map Script: Evaluate Start X: 	11	Evaluate Start Y: 	41	Total mountain: 	6	Total water: 	0	Total snow: 	0	Total desert: 	0	Total hill	7	Immediate Food: 	4.6	Immediate Prod: 	0.3	Immediate Culture: 	0	Immediate Faith: 	0	Floodplains	3	Best_tile	4	Best_tile_2	3.5	Plains Tiles	4
Map Script: teamPVP checkGetYield：isMust	false
Map Script: teamPVP checkGetYield：isMust	false
Map Script: Food Balancing X: 	11	Food Balancing Y: 	40	Flat land with stones
Map Script: OneRingFloors majList[i].leader:	LEADER_HAMMURABI
Map Script: OneRingFloors functionCount:	0
Map Script: OneRingFloors successCount:	0
Map Script: OneRingFloors isMust:	false
Map Script: civAddFoodTeamPVP start sPlayerLeaderName:	LEADER_HAMMURABI
Map Script: Evaluate Start X: 	11	Evaluate Start Y: 	41	Total mountain: 	6	Total water: 	0	Total snow: 	0	Total desert: 	0	Total hill	7	Immediate Food: 	6.6	Immediate Prod: 	2.3	Immediate Culture: 	0	Immediate Faith: 	0	Floodplains	3	Best_tile	5	Best_tile_2	4	Plains Tiles	4
Map Script: civAddFoodTeamPVP food_spawn_start:	3.3
Map Script: civAddFoodTeamPVP food_spawn_inner:	3.85
Map Script: civAddFoodTeamPVP minFood:	8
Map Script: Food Balancing X: 	13	Food Balancing Y: 	42	Added: Sheep
Map Script: teamPVP addFoodSheepCount:	1
Map Script: civAddFoodTeamPVP start sPlayerLeaderName:	LEADER_HAMMURABI
Map Script: Evaluate Start X: 	11	Evaluate Start Y: 	41	Total mountain: 	6	Total water: 	0	Total snow: 	0	Total desert: 	0	Total hill	7	Immediate Food: 	6.6	Immediate Prod: 	2.3	Immediate Culture: 	0	Immediate Faith: 	0	Floodplains	3	Best_tile	5	Best_tile_2	4	Plains Tiles	4
Map Script: civAddFoodTeamPVP food_spawn_start:	3.3
Map Script: civAddFoodTeamPVP food_spawn_inner:	5.35
Map Script: civAddFoodTeamPVP minFood:	8
Map Script: majList[i].leader:	LEADER_HAMMURABI
Map Script: functionCount:	1
Map Script: successCount:	1
Map Script: Food balancing: Couldn't add Food Bonus
Map Script: AddBonusBind majList[i].leader:	LEADER_HAMMURABI
Map Script: AddBonusBind functionCount:	1
Map Script: AddBonusBind successCount:	1
Map Script: teamPVP start addRiceCount:	1
Map Script: teamPVP start addFoodSheepCount:	0
Map Script: teamPVP start resourcesFishCount:	0
Map Script: teamPVP start addJungleCount:	5
Map Script: teamPVP start addForestCount:	1
Map Script: teamPVP start addHuntCount:	0
Map Script: teamPVP start addBananaCount:	1
Map Script: Evaluate Start X: 	11	Evaluate Start Y: 	27	Total mountain: 	1	Total water: 	0	Total snow: 	0	Total desert: 	0	Total hill	10	Immediate Food: 	13.7	Immediate Prod: 	8.2	Immediate Culture: 	1	Immediate Faith: 	0	Floodplains	2	Best_tile	6	Best_tile_2	4	Plains Tiles	11
Map Script: teamPVP checkGetYield success
Map Script: OneRingFloors majList[i].leader:	LEADER_CHANDRAGUPTA
Map Script: OneRingFloors functionCount:	0
Map Script: OneRingFloors successCount:	0
Map Script: OneRingFloors isMust:	false
Map Script: civAddFoodTeamPVP start sPlayerLeaderName:	LEADER_CHANDRAGUPTA
Map Script: Evaluate Start X: 	11	Evaluate Start Y: 	27	Total mountain: 	1	Total water: 	0	Total snow: 	0	Total desert: 	0	Total hill	10	Immediate Food: 	13.7	Immediate Prod: 	8.2	Immediate Culture: 	1	Immediate Faith: 	0	Floodplains	2	Best_tile	6	Best_tile_2	4	Plains Tiles	11
Map Script: civAddFoodTeamPVP food_spawn_start:	6.85
Map Script: civAddFoodTeamPVP food_spawn_inner:	4.5
Map Script: civAddFoodTeamPVP minFood:	7
Map Script: majList[i].leader:	LEADER_CHANDRAGUPTA
Map Script: functionCount:	0
Map Script: successCount:	0
Map Script: Food balancing: Couldn't add Food Bonus
Map Script: AddBonusBind majList[i].leader:	LEADER_CHANDRAGUPTA
Map Script: AddBonusBind functionCount:	0
Map Script: AddBonusBind successCount:	0
Map Script: teamPVP start addRiceCount:	1
Map Script: teamPVP start addFoodSheepCount:	0
Map Script: teamPVP start resourcesFishCount:	0
Map Script: teamPVP start addJungleCount:	4
Map Script: teamPVP start addForestCount:	8
Map Script: teamPVP start addHuntCount:	2
Map Script: teamPVP start addBananaCount:	0
Map Script: Evaluate Start X: 	33	Evaluate Start Y: 	12	Total mountain: 	2	Total water: 	0	Total snow: 	0	Total desert: 	0	Total hill	11	Immediate Food: 	5.2	Immediate Prod: 	8.3	Immediate Culture: 	1	Immediate Faith: 	0	Floodplains	0	Best_tile	6.5	Best_tile_2	5.5	Plains Tiles	7
Map Script: teamPVP checkGetYield success
Map Script: OneRingFloors majList[i].leader:	LEADER_AMANITORE
Map Script: OneRingFloors functionCount:	0
Map Script: OneRingFloors successCount:	0
Map Script: OneRingFloors isMust:	false
Map Script: civAddFoodTeamPVP start sPlayerLeaderName:	LEADER_AMANITORE
Map Script: Evaluate Start X: 	33	Evaluate Start Y: 	12	Total mountain: 	2	Total water: 	0	Total snow: 	0	Total desert: 	0	Total hill	11	Immediate Food: 	5.2	Immediate Prod: 	8.3	Immediate Culture: 	1	Immediate Faith: 	0	Floodplains	0	Best_tile	6.5	Best_tile_2	5.5	Plains Tiles	7
Map Script: civAddFoodTeamPVP food_spawn_start:	2.6
Map Script: civAddFoodTeamPVP food_spawn_inner:	9.3
Map Script: civAddFoodTeamPVP minFood:	8
Map Script: majList[i].leader:	LEADER_AMANITORE
Map Script: functionCount:	0
Map Script: successCount:	0
Map Script: Food balancing: Couldn't add Food Bonus
Map Script: AddBonusBind majList[i].leader:	LEADER_AMANITORE
Map Script: AddBonusBind functionCount:	0
Map Script: AddBonusBind successCount:	0
Map Script: teamPVP start addRiceCount:	1
Map Script: teamPVP start addFoodSheepCount:	0
Map Script: teamPVP start resourcesFishCount:	0
Map Script: teamPVP start addJungleCount:	0
Map Script: teamPVP start addForestCount:	5
Map Script: teamPVP start addHuntCount:	1
Map Script: teamPVP start addBananaCount:	0
Map Script: Evaluate Start X: 	49	Evaluate Start Y: 	61	Total mountain: 	3	Total water: 	0	Total snow: 	0	Total desert: 	0	Total hill	9	Immediate Food: 	5.2	Immediate Prod: 	4.3	Immediate Culture: 	0	Immediate Faith: 	0	Floodplains	0	Best_tile	6.5	Best_tile_2	4	Plains Tiles	0
Map Script: teamPVP checkGetYield success
Map Script: OneRingFloors majList[i].leader:	LEADER_MONTEZUMA
Map Script: OneRingFloors functionCount:	0
Map Script: OneRingFloors successCount:	0
Map Script: OneRingFloors isMust:	false
Map Script: civAddFoodTeamPVP start sPlayerLeaderName:	LEADER_MONTEZUMA
Map Script: Evaluate Start X: 	49	Evaluate Start Y: 	61	Total mountain: 	3	Total water: 	0	Total snow: 	0	Total desert: 	0	Total hill	9	Immediate Food: 	5.2	Immediate Prod: 	4.3	Immediate Culture: 	0	Immediate Faith: 	0	Floodplains	0	Best_tile	6.5	Best_tile_2	4	Plains Tiles	0
Map Script: civAddFoodTeamPVP food_spawn_start:	2.6
Map Script: civAddFoodTeamPVP food_spawn_inner:	4.5
Map Script: civAddFoodTeamPVP minFood:	8
Map Script: Balancing X: 	48	Y: 	62	Added a Luxury:	13
Map Script: Food Balancing X: 	50	Food Balancing Y: 	61	Added: Sheep
Map Script: teamPVP addFoodSheepCount:	1
Map Script: civAddFoodTeamPVP start sPlayerLeaderName:	LEADER_MONTEZUMA
Map Script: Evaluate Start X: 	49	Evaluate Start Y: 	61	Total mountain: 	3	Total water: 	0	Total snow: 	0	Total desert: 	0	Total hill	9	Immediate Food: 	8.2	Immediate Prod: 	5.3	Immediate Culture: 	0	Immediate Faith: 	0	Floodplains	1	Best_tile	6.5	Best_tile_2	4.5	Plains Tiles	0
Map Script: civAddFoodTeamPVP food_spawn_start:	4.1
Map Script: civAddFoodTeamPVP food_spawn_inner:	4.5
Map Script: civAddFoodTeamPVP minFood:	8
Map Script: majList[i].leader:	LEADER_MONTEZUMA
Map Script: functionCount:	1
Map Script: successCount:	1
Map Script: Food balancing: Couldn't add Food Bonus
Map Script: AddBonusBind majList[i].leader:	LEADER_MONTEZUMA
Map Script: AddBonusBind functionCount:	1
Map Script: AddBonusBind successCount:	1
Map Script: teamPVP start addRiceCount:	0
Map Script: teamPVP start addFoodSheepCount:	0
Map Script: teamPVP start resourcesFishCount:	0
Map Script: teamPVP start addJungleCount:	5
Map Script: teamPVP start addForestCount:	5
Map Script: teamPVP start addHuntCount:	2
Map Script: teamPVP start addBananaCount:	1
Map Script: Evaluate Start X: 	62	Evaluate Start Y: 	45	Total mountain: 	4	Total water: 	0	Total snow: 	0	Total desert: 	0	Total hill	10	Immediate Food: 	4.2	Immediate Prod: 	5.3	Immediate Culture: 	0	Immediate Faith: 	0	Floodplains	3	Best_tile	6.5	Best_tile_2	5	Plains Tiles	9
Map Script: teamPVP checkGetYield success
Map Script: OneRingFloors majList[i].leader:	LEADER_POUNDMAKER
Map Script: OneRingFloors functionCount:	0
Map Script: OneRingFloors successCount:	0
Map Script: OneRingFloors isMust:	false
Map Script: civAddFoodTeamPVP start sPlayerLeaderName:	LEADER_POUNDMAKER
Map Script: Evaluate Start X: 	62	Evaluate Start Y: 	45	Total mountain: 	4	Total water: 	0	Total snow: 	0	Total desert: 	0	Total hill	10	Immediate Food: 	4.2	Immediate Prod: 	5.3	Immediate Culture: 	0	Immediate Faith: 	0	Floodplains	3	Best_tile	6.5	Best_tile_2	5	Plains Tiles	9
Map Script: civAddFoodTeamPVP food_spawn_start:	2.1
Map Script: civAddFoodTeamPVP food_spawn_inner:	8.65
Map Script: civAddFoodTeamPVP minFood:	8
Map Script: majList[i].leader:	LEADER_POUNDMAKER
Map Script: functionCount:	0
Map Script: successCount:	0
Map Script: Food balancing: Couldn't add Food Bonus
Map Script: AddBonusBind majList[i].leader:	LEADER_POUNDMAKER
Map Script: AddBonusBind functionCount:	0
Map Script: AddBonusBind successCount:	0
Map Script: teamPVP start addRiceCount:	0
Map Script: teamPVP start addFoodSheepCount:	0
Map Script: teamPVP start resourcesFishCount:	0
Map Script: teamPVP start addJungleCount:	0
Map Script: teamPVP start addForestCount:	0
Map Script: teamPVP start addHuntCount:	0
Map Script: teamPVP start addBananaCount:	0
Map Script: Evaluate Start X: 	66	Evaluate Start Y: 	33	Total mountain: 	3	Total water: 	0	Total snow: 	0	Total desert: 	33	Total hill	6	Immediate Food: 	0	Immediate Prod: 	-5.5511151231258e-17	Immediate Culture: 	0	Immediate Faith: 	0	Floodplains	6	Best_tile	2	Best_tile_2	2	Plains Tiles	0
Map Script: OneRingFloors majList[i].leader:	LEADER_SUNDIATA_KEITA
Map Script: OneRingFloors functionCount:	0
Map Script: OneRingFloors successCount:	0
Map Script: OneRingFloors isMust:	false
Map Script: civAddFoodTeamPVP start sPlayerLeaderName:	LEADER_SUNDIATA_KEITA
Map Script: Evaluate Start X: 	66	Evaluate Start Y: 	33	Total mountain: 	3	Total water: 	0	Total snow: 	0	Total desert: 	33	Total hill	6	Immediate Food: 	0	Immediate Prod: 	-5.5511151231258e-17	Immediate Culture: 	0	Immediate Faith: 	0	Floodplains	6	Best_tile	2	Best_tile_2	2	Plains Tiles	0
Map Script: majList[i].leader:	LEADER_SUNDIATA_KEITA
Map Script: functionCount:	0
Map Script: successCount:	0
Map Script: Food balancing: Couldn't add Food Bonus
Map Script: AddBonusBind majList[i].leader:	LEADER_SUNDIATA_KEITA
Map Script: AddBonusBind functionCount:	0
Map Script: AddBonusBind successCount:	0
Map Script: teamPVP start addRiceCount:	0
Map Script: teamPVP start addFoodSheepCount:	0
Map Script: teamPVP start resourcesFishCount:	0
Map Script: teamPVP start addJungleCount:	4
Map Script: teamPVP start addForestCount:	10
Map Script: teamPVP start addHuntCount:	0
Map Script: teamPVP start addBananaCount:	1
Map Script: Evaluate Start X: 	50	Evaluate Start Y: 	15	Total mountain: 	3	Total water: 	0	Total snow: 	0	Total desert: 	0	Total hill	12	Immediate Food: 	13.3	Immediate Prod: 	12.2	Immediate Culture: 	0	Immediate Faith: 	0	Floodplains	3	Best_tile	5	Best_tile_2	5	Plains Tiles	8
Map Script: teamPVP checkGetYield success
Map Script: OneRingFloors majList[i].leader:	LEADER_KUBLAI_KHAN_MONGOLIA
Map Script: OneRingFloors functionCount:	0
Map Script: OneRingFloors successCount:	0
Map Script: OneRingFloors isMust:	false
Map Script: civAddFoodTeamPVP start sPlayerLeaderName:	LEADER_KUBLAI_KHAN_MONGOLIA
Map Script: Evaluate Start X: 	50	Evaluate Start Y: 	15	Total mountain: 	3	Total water: 	0	Total snow: 	0	Total desert: 	0	Total hill	12	Immediate Food: 	13.3	Immediate Prod: 	12.2	Immediate Culture: 	0	Immediate Faith: 	0	Floodplains	3	Best_tile	5	Best_tile_2	5	Plains Tiles	8
Map Script: civAddFoodTeamPVP food_spawn_start:	6.65
Map Script: civAddFoodTeamPVP food_spawn_inner:	8.05
Map Script: civAddFoodTeamPVP minFood:	7
Map Script: majList[i].leader:	LEADER_KUBLAI_KHAN_MONGOLIA
Map Script: functionCount:	0
Map Script: successCount:	0
Map Script: IsPastureCiv Food Balancing X: 	51	Food Balancing Y: 	15	Added: Sheep
Map Script: IsPastureCiv teamPVP addFoodSheepCount:	1
Map Script: IsPastureCiv Food Balancing X: 	51	Food Balancing Y: 	14	Added: Sheep
Map Script: IsPastureCiv teamPVP addFoodSheepCount:	2
Map Script: AddBonusBind majList[i].leader:	LEADER_KUBLAI_KHAN_MONGOLIA
Map Script: AddBonusBind functionCount:	0
Map Script: AddBonusBind successCount:	0
Map Script: civAddProdTeamPVP start sPlayerLeaderName:	LEADER_CYRUS
Map Script: Evaluate Start X: 	29	Evaluate Start Y: 	62	Total mountain: 	3	Total water: 	0	Total snow: 	0	Total desert: 	0	Total hill	9	Immediate Food: 	5.3	Immediate Prod: 	4.2	Immediate Culture: 	0	Immediate Faith: 	0	Floodplains	0	Best_tile	6	Best_tile_2	5	Plains Tiles	8
Map Script: civAddProdTeamPVP prod_spawn_start:	2.1
Map Script: civAddProdTeamPVP prod_spawn_inner:	6
Map Script: Prod balancing: Couldn't add Prod Bonus
Map Script: civAddProdTeamPVP start sPlayerLeaderName:	LEADER_CYRUS
Map Script: Evaluate Start X: 	29	Evaluate Start Y: 	62	Total mountain: 	3	Total water: 	0	Total snow: 	0	Total desert: 	0	Total hill	9	Immediate Food: 	5.3	Immediate Prod: 	4.2	Immediate Culture: 	0	Immediate Faith: 	0	Floodplains	0	Best_tile	6	Best_tile_2	5	Plains Tiles	8
Map Script: civAddProdTeamPVP prod_spawn_start:	2.1
Map Script: civAddProdTeamPVP prod_spawn_inner:	6
Map Script: Food Balancing X: 	28	Food Balancing Y: 	60	Flat land with stones
Map Script: civAddProdTeamPVP start sPlayerLeaderName:	LEADER_CYRUS
Map Script: Evaluate Start X: 	29	Evaluate Start Y: 	62	Total mountain: 	3	Total water: 	0	Total snow: 	0	Total desert: 	0	Total hill	9	Immediate Food: 	5.3	Immediate Prod: 	4.2	Immediate Culture: 	0	Immediate Faith: 	0	Floodplains	0	Best_tile	6	Best_tile_2	5	Plains Tiles	8
Map Script: civAddProdTeamPVP prod_spawn_start:	2.1
Map Script: civAddProdTeamPVP prod_spawn_inner:	7
Map Script: majList[i].leader:	LEADER_CYRUS
Map Script: functionCount:	2
Map Script: successCount:	1
Map Script: civAddProdTeamPVP start sPlayerLeaderName:	LEADER_HAMMURABI
Map Script: Evaluate Start X: 	11	Evaluate Start Y: 	41	Total mountain: 	6	Total water: 	0	Total snow: 	0	Total desert: 	0	Total hill	7	Immediate Food: 	6.6	Immediate Prod: 	2.3	Immediate Culture: 	0	Immediate Faith: 	0	Floodplains	3	Best_tile	5	Best_tile_2	4	Plains Tiles	4
Map Script: civAddProdTeamPVP prod_spawn_start:	1.15
Map Script: civAddProdTeamPVP prod_spawn_inner:	1.6
Map Script: Prod Balancing X: 	12	Prod Balancing Y: 	39	Added: Wood
Map Script: civAddProdTeamPVP start sPlayerLeaderName:	LEADER_HAMMURABI
Map Script: Evaluate Start X: 	11	Evaluate Start Y: 	41	Total mountain: 	6	Total water: 	0	Total snow: 	0	Total desert: 	0	Total hill	7	Immediate Food: 	6.6	Immediate Prod: 	2.3	Immediate Culture: 	0	Immediate Faith: 	0	Floodplains	3	Best_tile	5	Best_tile_2	4	Plains Tiles	4
Map Script: civAddProdTeamPVP prod_spawn_start:	1.15
Map Script: civAddProdTeamPVP prod_spawn_inner:	2.6
Map Script: Prod balancing: Couldn't add Prod Bonus
Map Script: civAddProdTeamPVP start sPlayerLeaderName:	LEADER_HAMMURABI
Map Script: Evaluate Start X: 	11	Evaluate Start Y: 	41	Total mountain: 	6	Total water: 	0	Total snow: 	0	Total desert: 	0	Total hill	7	Immediate Food: 	6.6	Immediate Prod: 	2.3	Immediate Culture: 	0	Immediate Faith: 	0	Floodplains	3	Best_tile	5	Best_tile_2	4	Plains Tiles	4
Map Script: civAddProdTeamPVP prod_spawn_start:	1.15
Map Script: civAddProdTeamPVP prod_spawn_inner:	2.6
Map Script: Prod Balancing X: 	9	Prod Balancing Y: 	41	Added: Wood
Map Script: civAddProdTeamPVP start sPlayerLeaderName:	LEADER_HAMMURABI
Map Script: Evaluate Start X: 	11	Evaluate Start Y: 	41	Total mountain: 	6	Total water: 	0	Total snow: 	0	Total desert: 	0	Total hill	7	Immediate Food: 	6.6	Immediate Prod: 	2.3	Immediate Culture: 	0	Immediate Faith: 	0	Floodplains	3	Best_tile	5	Best_tile_2	4	Plains Tiles	4
Map Script: civAddProdTeamPVP prod_spawn_start:	1.15
Map Script: civAddProdTeamPVP prod_spawn_inner:	3.6
Map Script: Prod balancing: Couldn't add Prod Bonus
Map Script: civAddProdTeamPVP start sPlayerLeaderName:	LEADER_HAMMURABI
Map Script: Evaluate Start X: 	11	Evaluate Start Y: 	41	Total mountain: 	6	Total water: 	0	Total snow: 	0	Total desert: 	0	Total hill	7	Immediate Food: 	6.6	Immediate Prod: 	2.3	Immediate Culture: 	0	Immediate Faith: 	0	Floodplains	3	Best_tile	5	Best_tile_2	4	Plains Tiles	4
Map Script: civAddProdTeamPVP prod_spawn_start:	1.15
Map Script: civAddProdTeamPVP prod_spawn_inner:	3.6
Map Script: Prod balancing: Couldn't add Prod Bonus
Map Script: civAddProdTeamPVP start sPlayerLeaderName:	LEADER_HAMMURABI
Map Script: Evaluate Start X: 	11	Evaluate Start Y: 	41	Total mountain: 	6	Total water: 	0	Total snow: 	0	Total desert: 	0	Total hill	7	Immediate Food: 	6.6	Immediate Prod: 	2.3	Immediate Culture: 	0	Immediate Faith: 	0	Floodplains	3	Best_tile	5	Best_tile_2	4	Plains Tiles	4
Map Script: civAddProdTeamPVP prod_spawn_start:	1.15
Map Script: civAddProdTeamPVP prod_spawn_inner:	3.6
Map Script: Prod balancing: Couldn't add Prod Bonus
Map Script: civAddProdTeamPVP start sPlayerLeaderName:	LEADER_HAMMURABI
Map Script: Evaluate Start X: 	11	Evaluate Start Y: 	41	Total mountain: 	6	Total water: 	0	Total snow: 	0	Total desert: 	0	Total hill	7	Immediate Food: 	6.6	Immediate Prod: 	2.3	Immediate Culture: 	0	Immediate Faith: 	0	Floodplains	3	Best_tile	5	Best_tile_2	4	Plains Tiles	4
Map Script: civAddProdTeamPVP prod_spawn_start:	1.15
Map Script: civAddProdTeamPVP prod_spawn_inner:	3.6
Map Script: Prod balancing: Couldn't add Prod Bonus
Map Script: civAddProdTeamPVP start sPlayerLeaderName:	LEADER_HAMMURABI
Map Script: Evaluate Start X: 	11	Evaluate Start Y: 	41	Total mountain: 	6	Total water: 	0	Total snow: 	0	Total desert: 	0	Total hill	7	Immediate Food: 	6.6	Immediate Prod: 	2.3	Immediate Culture: 	0	Immediate Faith: 	0	Floodplains	3	Best_tile	5	Best_tile_2	4	Plains Tiles	4
Map Script: civAddProdTeamPVP prod_spawn_start:	1.15
Map Script: civAddProdTeamPVP prod_spawn_inner:	3.6
Map Script: Prod balancing: Couldn't add Prod Bonus
Map Script: civAddProdTeamPVP start sPlayerLeaderName:	LEADER_HAMMURABI
Map Script: Evaluate Start X: 	11	Evaluate Start Y: 	41	Total mountain: 	6	Total water: 	0	Total snow: 	0	Total desert: 	0	Total hill	7	Immediate Food: 	6.6	Immediate Prod: 	2.3	Immediate Culture: 	0	Immediate Faith: 	0	Floodplains	3	Best_tile	5	Best_tile_2	4	Plains Tiles	4
Map Script: civAddProdTeamPVP prod_spawn_start:	1.15
Map Script: civAddProdTeamPVP prod_spawn_inner:	3.6
Map Script: Prod balancing: Couldn't add Prod Bonus
Map Script: civAddProdTeamPVP start sPlayerLeaderName:	LEADER_HAMMURABI
Map Script: Evaluate Start X: 	11	Evaluate Start Y: 	41	Total mountain: 	6	Total water: 	0	Total snow: 	0	Total desert: 	0	Total hill	7	Immediate Food: 	6.6	Immediate Prod: 	2.3	Immediate Culture: 	0	Immediate Faith: 	0	Floodplains	3	Best_tile	5	Best_tile_2	4	Plains Tiles	4
Map Script: civAddProdTeamPVP prod_spawn_start:	1.15
Map Script: civAddProdTeamPVP prod_spawn_inner:	3.6
Map Script: Prod balancing: Couldn't add Prod Bonus
Map Script: civAddProdTeamPVP start sPlayerLeaderName:	LEADER_HAMMURABI
Map Script: Evaluate Start X: 	11	Evaluate Start Y: 	41	Total mountain: 	6	Total water: 	0	Total snow: 	0	Total desert: 	0	Total hill	7	Immediate Food: 	6.6	Immediate Prod: 	2.3	Immediate Culture: 	0	Immediate Faith: 	0	Floodplains	3	Best_tile	5	Best_tile_2	4	Plains Tiles	4
Map Script: civAddProdTeamPVP prod_spawn_start:	1.15
Map Script: civAddProdTeamPVP prod_spawn_inner:	3.6
Map Script: Prod balancing: Couldn't add Prod Bonus
Map Script: civAddProdTeamPVP start sPlayerLeaderName:	LEADER_HAMMURABI
Map Script: Evaluate Start X: 	11	Evaluate Start Y: 	41	Total mountain: 	6	Total water: 	0	Total snow: 	0	Total desert: 	0	Total hill	7	Immediate Food: 	6.6	Immediate Prod: 	2.3	Immediate Culture: 	0	Immediate Faith: 	0	Floodplains	3	Best_tile	5	Best_tile_2	4	Plains Tiles	4
Map Script: civAddProdTeamPVP prod_spawn_start:	1.15
Map Script: civAddProdTeamPVP prod_spawn_inner:	3.6
Map Script: Prod balancing: Couldn't add Prod Bonus
Map Script: civAddProdTeamPVP start sPlayerLeaderName:	LEADER_HAMMURABI
Map Script: Evaluate Start X: 	11	Evaluate Start Y: 	41	Total mountain: 	6	Total water: 	0	Total snow: 	0	Total desert: 	0	Total hill	7	Immediate Food: 	6.6	Immediate Prod: 	2.3	Immediate Culture: 	0	Immediate Faith: 	0	Floodplains	3	Best_tile	5	Best_tile_2	4	Plains Tiles	4
Map Script: civAddProdTeamPVP prod_spawn_start:	1.15
Map Script: civAddProdTeamPVP prod_spawn_inner:	3.6
Map Script: Prod balancing: Couldn't add Prod Bonus
Map Script: civAddProdTeamPVP start sPlayerLeaderName:	LEADER_HAMMURABI
Map Script: Evaluate Start X: 	11	Evaluate Start Y: 	41	Total mountain: 	6	Total water: 	0	Total snow: 	0	Total desert: 	0	Total hill	7	Immediate Food: 	6.6	Immediate Prod: 	2.3	Immediate Culture: 	0	Immediate Faith: 	0	Floodplains	3	Best_tile	5	Best_tile_2	4	Plains Tiles	4
Map Script: civAddProdTeamPVP prod_spawn_start:	1.15
Map Script: civAddProdTeamPVP prod_spawn_inner:	3.6
Map Script: Prod balancing: Couldn't add Prod Bonus
Map Script: civAddProdTeamPVP start sPlayerLeaderName:	LEADER_HAMMURABI
Map Script: Evaluate Start X: 	11	Evaluate Start Y: 	41	Total mountain: 	6	Total water: 	0	Total snow: 	0	Total desert: 	0	Total hill	7	Immediate Food: 	6.6	Immediate Prod: 	2.3	Immediate Culture: 	0	Immediate Faith: 	0	Floodplains	3	Best_tile	5	Best_tile_2	4	Plains Tiles	4
Map Script: civAddProdTeamPVP prod_spawn_start:	1.15
Map Script: civAddProdTeamPVP prod_spawn_inner:	3.6
Map Script: Prod balancing: Couldn't add Prod Bonus
Map Script: civAddProdTeamPVP start sPlayerLeaderName:	LEADER_HAMMURABI
Map Script: Evaluate Start X: 	11	Evaluate Start Y: 	41	Total mountain: 	6	Total water: 	0	Total snow: 	0	Total desert: 	0	Total hill	7	Immediate Food: 	6.6	Immediate Prod: 	2.3	Immediate Culture: 	0	Immediate Faith: 	0	Floodplains	3	Best_tile	5	Best_tile_2	4	Plains Tiles	4
Map Script: civAddProdTeamPVP prod_spawn_start:	1.15
Map Script: civAddProdTeamPVP prod_spawn_inner:	3.6
Map Script: Prod balancing: Couldn't add Prod Bonus
Map Script: civAddProdTeamPVP start sPlayerLeaderName:	LEADER_HAMMURABI
Map Script: Evaluate Start X: 	11	Evaluate Start Y: 	41	Total mountain: 	6	Total water: 	0	Total snow: 	0	Total desert: 	0	Total hill	7	Immediate Food: 	6.6	Immediate Prod: 	2.3	Immediate Culture: 	0	Immediate Faith: 	0	Floodplains	3	Best_tile	5	Best_tile_2	4	Plains Tiles	4
Map Script: civAddProdTeamPVP prod_spawn_start:	1.15
Map Script: civAddProdTeamPVP prod_spawn_inner:	3.6
Map Script: Prod balancing: Couldn't add Prod Bonus
Map Script: civAddProdTeamPVP start sPlayerLeaderName:	LEADER_HAMMURABI
Map Script: Evaluate Start X: 	11	Evaluate Start Y: 	41	Total mountain: 	6	Total water: 	0	Total snow: 	0	Total desert: 	0	Total hill	7	Immediate Food: 	6.6	Immediate Prod: 	2.3	Immediate Culture: 	0	Immediate Faith: 	0	Floodplains	3	Best_tile	5	Best_tile_2	4	Plains Tiles	4
Map Script: civAddProdTeamPVP prod_spawn_start:	1.15
Map Script: civAddProdTeamPVP prod_spawn_inner:	3.6
Map Script: Prod balancing: Couldn't add Prod Bonus
Map Script: civAddProdTeamPVP start sPlayerLeaderName:	LEADER_HAMMURABI
Map Script: Evaluate Start X: 	11	Evaluate Start Y: 	41	Total mountain: 	6	Total water: 	0	Total snow: 	0	Total desert: 	0	Total hill	7	Immediate Food: 	6.6	Immediate Prod: 	2.3	Immediate Culture: 	0	Immediate Faith: 	0	Floodplains	3	Best_tile	5	Best_tile_2	4	Plains Tiles	4
Map Script: civAddProdTeamPVP prod_spawn_start:	1.15
Map Script: civAddProdTeamPVP prod_spawn_inner:	3.6
Map Script: Prod balancing: Couldn't add Prod Bonus
Map Script: civAddProdTeamPVP start sPlayerLeaderName:	LEADER_HAMMURABI
Map Script: Evaluate Start X: 	11	Evaluate Start Y: 	41	Total mountain: 	6	Total water: 	0	Total snow: 	0	Total desert: 	0	Total hill	7	Immediate Food: 	6.6	Immediate Prod: 	2.3	Immediate Culture: 	0	Immediate Faith: 	0	Floodplains	3	Best_tile	5	Best_tile_2	4	Plains Tiles	4
Map Script: civAddProdTeamPVP prod_spawn_start:	1.15
Map Script: civAddProdTeamPVP prod_spawn_inner:	3.6
Map Script: Prod balancing: Couldn't add Prod Bonus
Map Script: civAddProdTeamPVP start sPlayerLeaderName:	LEADER_HAMMURABI
Map Script: Evaluate Start X: 	11	Evaluate Start Y: 	41	Total mountain: 	6	Total water: 	0	Total snow: 	0	Total desert: 	0	Total hill	7	Immediate Food: 	6.6	Immediate Prod: 	2.3	Immediate Culture: 	0	Immediate Faith: 	0	Floodplains	3	Best_tile	5	Best_tile_2	4	Plains Tiles	4
Map Script: civAddProdTeamPVP prod_spawn_start:	1.15
Map Script: civAddProdTeamPVP prod_spawn_inner:	3.6
Map Script: Prod balancing: Couldn't add Prod Bonus
Map Script: civAddProdTeamPVP start sPlayerLeaderName:	LEADER_CHANDRAGUPTA
Map Script: Evaluate Start X: 	11	Evaluate Start Y: 	27	Total mountain: 	1	Total water: 	0	Total snow: 	0	Total desert: 	0	Total hill	10	Immediate Food: 	13.7	Immediate Prod: 	8.2	Immediate Culture: 	1	Immediate Faith: 	0	Floodplains	2	Best_tile	6	Best_tile_2	4	Plains Tiles	11
Map Script: civAddProdTeamPVP prod_spawn_start:	4.1
Map Script: civAddProdTeamPVP prod_spawn_inner:	5.5
Map Script: majList[i].leader:	LEADER_CHANDRAGUPTA
Map Script: functionCount:	0
Map Script: successCount:	0
Map Script: civAddProdTeamPVP start sPlayerLeaderName:	LEADER_AMANITORE
Map Script: Evaluate Start X: 	33	Evaluate Start Y: 	12	Total mountain: 	2	Total water: 	0	Total snow: 	0	Total desert: 	0	Total hill	11	Immediate Food: 	5.2	Immediate Prod: 	8.3	Immediate Culture: 	1	Immediate Faith: 	0	Floodplains	0	Best_tile	6.5	Best_tile_2	5.5	Plains Tiles	7
Map Script: civAddProdTeamPVP prod_spawn_start:	4.15
Map Script: civAddProdTeamPVP prod_spawn_inner:	7.65
Map Script: majList[i].leader:	LEADER_AMANITORE
Map Script: functionCount:	0
Map Script: successCount:	0
Map Script: civAddProdTeamPVP start sPlayerLeaderName:	LEADER_MONTEZUMA
Map Script: Evaluate Start X: 	49	Evaluate Start Y: 	61	Total mountain: 	3	Total water: 	0	Total snow: 	0	Total desert: 	0	Total hill	9	Immediate Food: 	8.2	Immediate Prod: 	5.3	Immediate Culture: 	0	Immediate Faith: 	0	Floodplains	1	Best_tile	6.5	Best_tile_2	4.5	Plains Tiles	0
Map Script: civAddProdTeamPVP prod_spawn_start:	2.65
Map Script: civAddProdTeamPVP prod_spawn_inner:	3.5
Map Script: Food Balancing X: 	48	Food Balancing Y: 	61	Flat land with stones
Map Script: civAddProdTeamPVP start sPlayerLeaderName:	LEADER_MONTEZUMA
Map Script: Evaluate Start X: 	49	Evaluate Start Y: 	61	Total mountain: 	3	Total water: 	0	Total snow: 	0	Total desert: 	0	Total hill	9	Immediate Food: 	10.2	Immediate Prod: 	7.3	Immediate Culture: 	0	Immediate Faith: 	0	Floodplains	1	Best_tile	6.5	Best_tile_2	5	Plains Tiles	0
Map Script: civAddProdTeamPVP prod_spawn_start:	3.65
Map Script: civAddProdTeamPVP prod_spawn_inner:	3.5
Map Script: Prod balancing: Couldn't add Prod Bonus
Map Script: civAddProdTeamPVP start sPlayerLeaderName:	LEADER_MONTEZUMA
Map Script: Evaluate Start X: 	49	Evaluate Start Y: 	61	Total mountain: 	3	Total water: 	0	Total snow: 	0	Total desert: 	0	Total hill	9	Immediate Food: 	10.2	Immediate Prod: 	7.3	Immediate Culture: 	0	Immediate Faith: 	0	Floodplains	1	Best_tile	6.5	Best_tile_2	5	Plains Tiles	0
Map Script: civAddProdTeamPVP prod_spawn_start:	3.65
Map Script: civAddProdTeamPVP prod_spawn_inner:	3.5
Map Script: Prod balancing: Couldn't add Prod Bonus
Map Script: civAddProdTeamPVP start sPlayerLeaderName:	LEADER_MONTEZUMA
Map Script: Evaluate Start X: 	49	Evaluate Start Y: 	61	Total mountain: 	3	Total water: 	0	Total snow: 	0	Total desert: 	0	Total hill	9	Immediate Food: 	10.2	Immediate Prod: 	7.3	Immediate Culture: 	0	Immediate Faith: 	0	Floodplains	1	Best_tile	6.5	Best_tile_2	5	Plains Tiles	0
Map Script: civAddProdTeamPVP prod_spawn_start:	3.65
Map Script: civAddProdTeamPVP prod_spawn_inner:	3.5
Map Script: Prod balancing: Couldn't add Prod Bonus
Map Script: civAddProdTeamPVP start sPlayerLeaderName:	LEADER_MONTEZUMA
Map Script: Evaluate Start X: 	49	Evaluate Start Y: 	61	Total mountain: 	3	Total water: 	0	Total snow: 	0	Total desert: 	0	Total hill	9	Immediate Food: 	10.2	Immediate Prod: 	7.3	Immediate Culture: 	0	Immediate Faith: 	0	Floodplains	1	Best_tile	6.5	Best_tile_2	5	Plains Tiles	0
Map Script: civAddProdTeamPVP prod_spawn_start:	3.65
Map Script: civAddProdTeamPVP prod_spawn_inner:	3.5
Map Script: Prod balancing: Couldn't add Prod Bonus
Map Script: civAddProdTeamPVP start sPlayerLeaderName:	LEADER_MONTEZUMA
Map Script: Evaluate Start X: 	49	Evaluate Start Y: 	61	Total mountain: 	3	Total water: 	0	Total snow: 	0	Total desert: 	0	Total hill	9	Immediate Food: 	10.2	Immediate Prod: 	7.3	Immediate Culture: 	0	Immediate Faith: 	0	Floodplains	1	Best_tile	6.5	Best_tile_2	5	Plains Tiles	0
Map Script: civAddProdTeamPVP prod_spawn_start:	3.65
Map Script: civAddProdTeamPVP prod_spawn_inner:	3.5
Map Script: Prod balancing: Couldn't add Prod Bonus
Map Script: civAddProdTeamPVP start sPlayerLeaderName:	LEADER_MONTEZUMA
Map Script: Evaluate Start X: 	49	Evaluate Start Y: 	61	Total mountain: 	3	Total water: 	0	Total snow: 	0	Total desert: 	0	Total hill	9	Immediate Food: 	10.2	Immediate Prod: 	7.3	Immediate Culture: 	0	Immediate Faith: 	0	Floodplains	1	Best_tile	6.5	Best_tile_2	5	Plains Tiles	0
Map Script: civAddProdTeamPVP prod_spawn_start:	3.65
Map Script: civAddProdTeamPVP prod_spawn_inner:	3.5
Map Script: Prod balancing: Couldn't add Prod Bonus
Map Script: civAddProdTeamPVP start sPlayerLeaderName:	LEADER_MONTEZUMA
Map Script: Evaluate Start X: 	49	Evaluate Start Y: 	61	Total mountain: 	3	Total water: 	0	Total snow: 	0	Total desert: 	0	Total hill	9	Immediate Food: 	10.2	Immediate Prod: 	7.3	Immediate Culture: 	0	Immediate Faith: 	0	Floodplains	1	Best_tile	6.5	Best_tile_2	5	Plains Tiles	0
Map Script: civAddProdTeamPVP prod_spawn_start:	3.65
Map Script: civAddProdTeamPVP prod_spawn_inner:	3.5
Map Script: Prod balancing: Couldn't add Prod Bonus
Map Script: civAddProdTeamPVP start sPlayerLeaderName:	LEADER_MONTEZUMA
Map Script: Evaluate Start X: 	49	Evaluate Start Y: 	61	Total mountain: 	3	Total water: 	0	Total snow: 	0	Total desert: 	0	Total hill	9	Immediate Food: 	10.2	Immediate Prod: 	7.3	Immediate Culture: 	0	Immediate Faith: 	0	Floodplains	1	Best_tile	6.5	Best_tile_2	5	Plains Tiles	0
Map Script: civAddProdTeamPVP prod_spawn_start:	3.65
Map Script: civAddProdTeamPVP prod_spawn_inner:	3.5
Map Script: Prod balancing: Couldn't add Prod Bonus
Map Script: civAddProdTeamPVP start sPlayerLeaderName:	LEADER_MONTEZUMA
Map Script: Evaluate Start X: 	49	Evaluate Start Y: 	61	Total mountain: 	3	Total water: 	0	Total snow: 	0	Total desert: 	0	Total hill	9	Immediate Food: 	10.2	Immediate Prod: 	7.3	Immediate Culture: 	0	Immediate Faith: 	0	Floodplains	1	Best_tile	6.5	Best_tile_2	5	Plains Tiles	0
Map Script: civAddProdTeamPVP prod_spawn_start:	3.65
Map Script: civAddProdTeamPVP prod_spawn_inner:	3.5
Map Script: Prod balancing: Couldn't add Prod Bonus
Map Script: civAddProdTeamPVP start sPlayerLeaderName:	LEADER_MONTEZUMA
Map Script: Evaluate Start X: 	49	Evaluate Start Y: 	61	Total mountain: 	3	Total water: 	0	Total snow: 	0	Total desert: 	0	Total hill	9	Immediate Food: 	10.2	Immediate Prod: 	7.3	Immediate Culture: 	0	Immediate Faith: 	0	Floodplains	1	Best_tile	6.5	Best_tile_2	5	Plains Tiles	0
Map Script: civAddProdTeamPVP prod_spawn_start:	3.65
Map Script: civAddProdTeamPVP prod_spawn_inner:	3.5
Map Script: Prod balancing: Couldn't add Prod Bonus
Map Script: civAddProdTeamPVP start sPlayerLeaderName:	LEADER_MONTEZUMA
Map Script: Evaluate Start X: 	49	Evaluate Start Y: 	61	Total mountain: 	3	Total water: 	0	Total snow: 	0	Total desert: 	0	Total hill	9	Immediate Food: 	10.2	Immediate Prod: 	7.3	Immediate Culture: 	0	Immediate Faith: 	0	Floodplains	1	Best_tile	6.5	Best_tile_2	5	Plains Tiles	0
Map Script: civAddProdTeamPVP prod_spawn_start:	3.65
Map Script: civAddProdTeamPVP prod_spawn_inner:	3.5
Map Script: Prod balancing: Couldn't add Prod Bonus
Map Script: civAddProdTeamPVP start sPlayerLeaderName:	LEADER_MONTEZUMA
Map Script: Evaluate Start X: 	49	Evaluate Start Y: 	61	Total mountain: 	3	Total water: 	0	Total snow: 	0	Total desert: 	0	Total hill	9	Immediate Food: 	10.2	Immediate Prod: 	7.3	Immediate Culture: 	0	Immediate Faith: 	0	Floodplains	1	Best_tile	6.5	Best_tile_2	5	Plains Tiles	0
Map Script: civAddProdTeamPVP prod_spawn_start:	3.65
Map Script: civAddProdTeamPVP prod_spawn_inner:	3.5
Map Script: Prod balancing: Couldn't add Prod Bonus
Map Script: civAddProdTeamPVP start sPlayerLeaderName:	LEADER_MONTEZUMA
Map Script: Evaluate Start X: 	49	Evaluate Start Y: 	61	Total mountain: 	3	Total water: 	0	Total snow: 	0	Total desert: 	0	Total hill	9	Immediate Food: 	10.2	Immediate Prod: 	7.3	Immediate Culture: 	0	Immediate Faith: 	0	Floodplains	1	Best_tile	6.5	Best_tile_2	5	Plains Tiles	0
Map Script: civAddProdTeamPVP prod_spawn_start:	3.65
Map Script: civAddProdTeamPVP prod_spawn_inner:	3.5
Map Script: Prod balancing: Couldn't add Prod Bonus
Map Script: civAddProdTeamPVP start sPlayerLeaderName:	LEADER_MONTEZUMA
Map Script: Evaluate Start X: 	49	Evaluate Start Y: 	61	Total mountain: 	3	Total water: 	0	Total snow: 	0	Total desert: 	0	Total hill	9	Immediate Food: 	10.2	Immediate Prod: 	7.3	Immediate Culture: 	0	Immediate Faith: 	0	Floodplains	1	Best_tile	6.5	Best_tile_2	5	Plains Tiles	0
Map Script: civAddProdTeamPVP prod_spawn_start:	3.65
Map Script: civAddProdTeamPVP prod_spawn_inner:	3.5
Map Script: Prod balancing: Couldn't add Prod Bonus
Map Script: civAddProdTeamPVP start sPlayerLeaderName:	LEADER_MONTEZUMA
Map Script: Evaluate Start X: 	49	Evaluate Start Y: 	61	Total mountain: 	3	Total water: 	0	Total snow: 	0	Total desert: 	0	Total hill	9	Immediate Food: 	10.2	Immediate Prod: 	7.3	Immediate Culture: 	0	Immediate Faith: 	0	Floodplains	1	Best_tile	6.5	Best_tile_2	5	Plains Tiles	0
Map Script: civAddProdTeamPVP prod_spawn_start:	3.65
Map Script: civAddProdTeamPVP prod_spawn_inner:	3.5
Map Script: Prod balancing: Couldn't add Prod Bonus
Map Script: civAddProdTeamPVP start sPlayerLeaderName:	LEADER_MONTEZUMA
Map Script: Evaluate Start X: 	49	Evaluate Start Y: 	61	Total mountain: 	3	Total water: 	0	Total snow: 	0	Total desert: 	0	Total hill	9	Immediate Food: 	10.2	Immediate Prod: 	7.3	Immediate Culture: 	0	Immediate Faith: 	0	Floodplains	1	Best_tile	6.5	Best_tile_2	5	Plains Tiles	0
Map Script: civAddProdTeamPVP prod_spawn_start:	3.65
Map Script: civAddProdTeamPVP prod_spawn_inner:	3.5
Map Script: Prod balancing: Couldn't add Prod Bonus
Map Script: civAddProdTeamPVP start sPlayerLeaderName:	LEADER_MONTEZUMA
Map Script: Evaluate Start X: 	49	Evaluate Start Y: 	61	Total mountain: 	3	Total water: 	0	Total snow: 	0	Total desert: 	0	Total hill	9	Immediate Food: 	10.2	Immediate Prod: 	7.3	Immediate Culture: 	0	Immediate Faith: 	0	Floodplains	1	Best_tile	6.5	Best_tile_2	5	Plains Tiles	0
Map Script: civAddProdTeamPVP prod_spawn_start:	3.65
Map Script: civAddProdTeamPVP prod_spawn_inner:	3.5
Map Script: Prod balancing: Couldn't add Prod Bonus
Map Script: civAddProdTeamPVP start sPlayerLeaderName:	LEADER_MONTEZUMA
Map Script: Evaluate Start X: 	49	Evaluate Start Y: 	61	Total mountain: 	3	Total water: 	0	Total snow: 	0	Total desert: 	0	Total hill	9	Immediate Food: 	10.2	Immediate Prod: 	7.3	Immediate Culture: 	0	Immediate Faith: 	0	Floodplains	1	Best_tile	6.5	Best_tile_2	5	Plains Tiles	0
Map Script: civAddProdTeamPVP prod_spawn_start:	3.65
Map Script: civAddProdTeamPVP prod_spawn_inner:	3.5
Map Script: Prod balancing: Couldn't add Prod Bonus
Map Script: civAddProdTeamPVP start sPlayerLeaderName:	LEADER_MONTEZUMA
Map Script: Evaluate Start X: 	49	Evaluate Start Y: 	61	Total mountain: 	3	Total water: 	0	Total snow: 	0	Total desert: 	0	Total hill	9	Immediate Food: 	10.2	Immediate Prod: 	7.3	Immediate Culture: 	0	Immediate Faith: 	0	Floodplains	1	Best_tile	6.5	Best_tile_2	5	Plains Tiles	0
Map Script: civAddProdTeamPVP prod_spawn_start:	3.65
Map Script: civAddProdTeamPVP prod_spawn_inner:	3.5
Map Script: Prod balancing: Couldn't add Prod Bonus
Map Script: civAddProdTeamPVP start sPlayerLeaderName:	LEADER_MONTEZUMA
Map Script: Evaluate Start X: 	49	Evaluate Start Y: 	61	Total mountain: 	3	Total water: 	0	Total snow: 	0	Total desert: 	0	Total hill	9	Immediate Food: 	10.2	Immediate Prod: 	7.3	Immediate Culture: 	0	Immediate Faith: 	0	Floodplains	1	Best_tile	6.5	Best_tile_2	5	Plains Tiles	0
Map Script: civAddProdTeamPVP prod_spawn_start:	3.65
Map Script: civAddProdTeamPVP prod_spawn_inner:	3.5
Map Script: Prod balancing: Couldn't add Prod Bonus
Map Script: civAddProdTeamPVP start sPlayerLeaderName:	LEADER_POUNDMAKER
Map Script: Evaluate Start X: 	62	Evaluate Start Y: 	45	Total mountain: 	4	Total water: 	0	Total snow: 	0	Total desert: 	0	Total hill	10	Immediate Food: 	4.2	Immediate Prod: 	5.3	Immediate Culture: 	0	Immediate Faith: 	0	Floodplains	3	Best_tile	6.5	Best_tile_2	5	Plains Tiles	9
Map Script: civAddProdTeamPVP prod_spawn_start:	2.65
Map Script: civAddProdTeamPVP prod_spawn_inner:	8.85
Map Script: majList[i].leader:	LEADER_POUNDMAKER
Map Script: functionCount:	0
Map Script: successCount:	0
Map Script: civAddProdTeamPVP start sPlayerLeaderName:	LEADER_SUNDIATA_KEITA
Map Script: Evaluate Start X: 	66	Evaluate Start Y: 	33	Total mountain: 	3	Total water: 	0	Total snow: 	0	Total desert: 	33	Total hill	6	Immediate Food: 	0	Immediate Prod: 	-5.5511151231258e-17	Immediate Culture: 	0	Immediate Faith: 	0	Floodplains	6	Best_tile	2	Best_tile_2	2	Plains Tiles	0
Map Script: civAddProdTeamPVP prod_spawn_start:	-2.7755575615629e-17
Map Script: civAddProdTeamPVP prod_spawn_inner:	-1.3333333333333
Map Script: Prod Balancing X: 	67	Prod Balancing Y: 	33	Added: Copper
Map Script: civAddProdTeamPVP start sPlayerLeaderName:	LEADER_SUNDIATA_KEITA
Map Script: Evaluate Start X: 	66	Evaluate Start Y: 	33	Total mountain: 	3	Total water: 	0	Total snow: 	0	Total desert: 	33	Total hill	6	Immediate Food: 	0	Immediate Prod: 	-5.5511151231258e-17	Immediate Culture: 	0	Immediate Faith: 	0	Floodplains	6	Best_tile	2	Best_tile_2	2	Plains Tiles	0
Map Script: civAddProdTeamPVP prod_spawn_start:	-2.7755575615629e-17
Map Script: civAddProdTeamPVP prod_spawn_inner:	-1.3333333333333
Map Script: Prod Balancing X: 	66	Prod Balancing Y: 	31	Added: Copper
Map Script: civAddProdTeamPVP start sPlayerLeaderName:	LEADER_SUNDIATA_KEITA
Map Script: Evaluate Start X: 	66	Evaluate Start Y: 	33	Total mountain: 	3	Total water: 	0	Total snow: 	0	Total desert: 	33	Total hill	6	Immediate Food: 	0	Immediate Prod: 	-5.5511151231258e-17	Immediate Culture: 	0	Immediate Faith: 	0	Floodplains	6	Best_tile	2	Best_tile_2	2	Plains Tiles	0
Map Script: civAddProdTeamPVP prod_spawn_start:	-2.7755575615629e-17
Map Script: civAddProdTeamPVP prod_spawn_inner:	-1.3333333333333
Map Script: Prod Balancing X: 	65	Prod Balancing Y: 	31	Added: Copper
Map Script: civAddProdTeamPVP start sPlayerLeaderName:	LEADER_SUNDIATA_KEITA
Map Script: Evaluate Start X: 	66	Evaluate Start Y: 	33	Total mountain: 	3	Total water: 	0	Total snow: 	0	Total desert: 	33	Total hill	6	Immediate Food: 	0	Immediate Prod: 	-5.5511151231258e-17	Immediate Culture: 	0	Immediate Faith: 	0	Floodplains	6	Best_tile	2	Best_tile_2	2	Plains Tiles	0
Map Script: majList[i].leader:	LEADER_SUNDIATA_KEITA
Map Script: functionCount:	3
Map Script: successCount:	3
Map Script: civAddProdTeamPVP start sPlayerLeaderName:	LEADER_KUBLAI_KHAN_MONGOLIA
Map Script: Evaluate Start X: 	50	Evaluate Start Y: 	15	Total mountain: 	3	Total water: 	0	Total snow: 	0	Total desert: 	0	Total hill	12	Immediate Food: 	15.3	Immediate Prod: 	10.2	Immediate Culture: 	0	Immediate Faith: 	0	Floodplains	3	Best_tile	5	Best_tile_2	4.5	Plains Tiles	8
Map Script: civAddProdTeamPVP prod_spawn_start:	5.1
Map Script: civAddProdTeamPVP prod_spawn_inner:	8.25
Map Script: majList[i].leader:	LEADER_KUBLAI_KHAN_MONGOLIA
Map Script: functionCount:	0
Map Script: successCount:	0
Map Script: 产能平衡 - Completed	Wed Sep 16 20:04:52 2026
Map Script: Evaluate Start X: 	29	Evaluate Start Y: 	62	Total mountain: 	3	Total water: 	0	Total snow: 	0	Total desert: 	0	Total hill	9	Immediate Food: 	5.3	Immediate Prod: 	4.2	Immediate Culture: 	0	Immediate Faith: 	0	Floodplains	0	Best_tile	6	Best_tile_2	5	Plains Tiles	8
Map Script: CIVILIZATION_PERSIA	S1-S2-I1-I2:	6	5	5	5	Best	6	Second	5
Map Script: Evaluate Start X: 	11	Evaluate Start Y: 	41	Total mountain: 	6	Total water: 	0	Total snow: 	0	Total desert: 	0	Total hill	7	Immediate Food: 	6.6	Immediate Prod: 	2.3	Immediate Culture: 	0	Immediate Faith: 	0	Floodplains	3	Best_tile	5	Best_tile_2	4	Plains Tiles	4
Map Script: CIVILIZATION_BABYLON_STK	S1-S2-I1-I2:	5	4	6	5	Best	5.4	Second	4.5
Map Script: Evaluate Start X: 	11	Evaluate Start Y: 	27	Total mountain: 	1	Total water: 	0	Total snow: 	0	Total desert: 	0	Total hill	10	Immediate Food: 	13.7	Immediate Prod: 	8.2	Immediate Culture: 	1	Immediate Faith: 	0	Floodplains	2	Best_tile	6	Best_tile_2	4	Plains Tiles	11
Map Script: CIVILIZATION_INDIA	S1-S2-I1-I2:	6	4	5.5	5	Best	6	Second	4.5
Map Script: Evaluate Start X: 	33	Evaluate Start Y: 	12	Total mountain: 	2	Total water: 	0	Total snow: 	0	Total desert: 	0	Total hill	11	Immediate Food: 	5.2	Immediate Prod: 	8.3	Immediate Culture: 	1	Immediate Faith: 	0	Floodplains	0	Best_tile	6.5	Best_tile_2	5.5	Plains Tiles	7
Map Script: CIVILIZATION_NUBIA	S1-S2-I1-I2:	6.5	5.5	6.5	5	Best	6.5	Second	5.5
Map Script: Evaluate Start X: 	49	Evaluate Start Y: 	61	Total mountain: 	3	Total water: 	0	Total snow: 	0	Total desert: 	0	Total hill	9	Immediate Food: 	10.2	Immediate Prod: 	7.3	Immediate Culture: 	0	Immediate Faith: 	0	Floodplains	1	Best_tile	6.5	Best_tile_2	5	Plains Tiles	0
Map Script: CIVILIZATION_AZTEC	S1-S2-I1-I2:	6.5	5	5	5	Best	6.5	Second	5
Map Script: Evaluate Start X: 	62	Evaluate Start Y: 	45	Total mountain: 	4	Total water: 	0	Total snow: 	0	Total desert: 	0	Total hill	10	Immediate Food: 	4.2	Immediate Prod: 	5.3	Immediate Culture: 	0	Immediate Faith: 	0	Floodplains	3	Best_tile	6.5	Best_tile_2	5	Plains Tiles	9
Map Script: CIVILIZATION_CREE	S1-S2-I1-I2:	6.5	5	5	5	Best	6.5	Second	5
Map Script: Evaluate Start X: 	66	Evaluate Start Y: 	33	Total mountain: 	3	Total water: 	0	Total snow: 	0	Total desert: 	33	Total hill	6	Immediate Food: 	0	Immediate Prod: 	-5.5511151231258e-17	Immediate Culture: 	0	Immediate Faith: 	0	Floodplains	6	Best_tile	2	Best_tile_2	2	Plains Tiles	0
Map Script: CIVILIZATION_MALI	S1-S2-I1-I2:	2	2	4.5	2	Best	4.8	Second	2.75
Map Script: Evaluate Start X: 	50	Evaluate Start Y: 	15	Total mountain: 	3	Total water: 	0	Total snow: 	0	Total desert: 	0	Total hill	12	Immediate Food: 	15.3	Immediate Prod: 	10.2	Immediate Culture: 	0	Immediate Faith: 	0	Floodplains	3	Best_tile	5	Best_tile_2	4.5	Plains Tiles	8
Map Script: CIVILIZATION_MONGOLIA	S1-S2-I1-I2:	5	4.5	5	5	Best	5	Second	4.5
Map Script: 第四阶段：最佳单元格平衡：平均得分：	10.43125	Average Best tile:	5.8375	Second Avg. Best:	4.59375	Top	6.5	LEADER_AMANITORE	Second	5.5	LEADER_AMANITORE
Map Script: Tile balancing: Need to adjust: 	LEADER_SUNDIATA_KEITA	Score:	7.55	Missing score:	2.88125
Map Script: Terraforming Best valid_target_1: 	0	valid_target_2: 	1
Map Script: Terraforming Best Place One: 	0	avg Best	5.8375	missing_amount	2.88125
Map Script: Terraforming Best X: 	67	Y: 	34	Added 1/1 Sheep Desert Hill
Map Script: Terraforming Best do another plot valid_target_2: 	1
Map Script: Terraforming Best Place Second: 	1	avg_best_2	4.59375
Map Script: Terraforming Best X: 	67	Y: 	33	Added 1/1 Sheep Desert Hill
Map Script: 最佳单元格平衡 - Completed	Wed Sep 16 20:04:52 2026
Map Script: Registered resource	RESOURCE_CATTLE	1
Map Script: Registered resource	RESOURCE_COPPER	2
Map Script: Registered resource	RESOURCE_COPPER	2
Map Script: Registered resource	RESOURCE_COPPER	2
Map Script: Registered resource	RESOURCE_COPPER	2
Map Script: Registered resource	RESOURCE_COPPER	2
Map Script: Registered resource	RESOURCE_CRABS	3
Map Script: Registered resource	RESOURCE_DEER	4
Map Script: Registered resource	RESOURCE_DEER	4
Map Script: Registered resource	RESOURCE_FISH	5
Map Script: Registered resource	RESOURCE_SHEEP	7
Map Script: Registered resource	RESOURCE_SHEEP	7
Map Script: Registered resource	RESOURCE_SHEEP	7
Map Script: Registered resource	RESOURCE_SHEEP	7
Map Script: Registered resource	RESOURCE_STONE	8
Map Script: Registered resource	RESOURCE_STONE	8
Map Script: Registered resource	RESOURCE_RICE	6
Map Script: Registered resource	RESOURCE_WHEAT	9
Map Script: Registered resource	RESOURCE_MAIZE	52
Map Script: Registered resource	RESOURCE_MAIZE	52
Map Script: ZYLRM[RING_TEAM] ring mountain cap: 185/3105 (5.96) within 6
Map Script: ZYLRM[RING_TEAM] baseline mountain guarantee: added 0, final 185/3105 (5.96), target 3.50
Map Script: ZYLRM[RING_TEAM]: ring water depth enforced (inner-sea coast=776 outer shelf=771 deep ocean=1114)
Map Script: ZYLRM[RING_TEAM]: wrap seam deep-ocean columns forced (x=0, x=75; 152 tiles)
Map Script: ZYL RVC reef-only resource correction	RESOURCE_AMBER	58	0
Map Script: ZYLRM[RING_TEAM]	ring sea resource	INNER	existing
Map Script: ZYLRM[RING_TEAM]	ring sea resource	OUTER_N	existing
Map Script: ZYLRM[RING_TEAM]	ring sea resource	OUTER_S	existing
Map Script: ZYLRM[RING_TEAM]	ring sea resource	OUTER_E	existing
Map Script: ZYLRM[RING_TEAM]	ring sea resource	OUTER_W	existing
Map Script: Generating routes
Map Script: ZYLRM routes: 1200 (level 1)
Map Script: ZYLRM[RING_TEAM] mountains: 185 / 3105 land tiles (5.96)
Map Script: ZYLRM[RING_TEAM] offshore island land:	504	tiles
Map Script: ZYLRM[RING_TEAM] map fingerprint:	2061429632
Map Script: ZYLRM[RING_TEAM]: Rich Mainland generation complete
WorldCongress: Initializing World Congress Lua
bbg_script: InitCapitals: Called
bbg_script: BBG - capital data initialized
bbg_script: BBG Amani Gameplay hooks added
bbg_script: BBG Spy Capture Capacity Gameplay Hook Added
bbg_script: BCY Maximum and No-RNG: On Settle Yield Addition Hook Added
UnitFlagManager: UnitFlagManager for Better Spectator Mod
MapPinManager: DMT_MapPinManager Loading mappinmanager.lua as base file
StatusMessagePanel: MPH StatusMessagePanel Replacement
ChatPanel: MPH Chat Panel
MapSearchPanel: Created SearchContext 'MapSearch_Primary'
MapSearchPanel: Created SearchContext 'MapSearch_Suggestions'
TopPanel: Loading TopPanel_Expansion2 as base file
WorldRankings: WorldRankings for BBG XP2
TradeOverview: Initializing BTS Trade Overview
ReportsList: Loading ReportsListLoader.lua from ReportsList Loader 1.1
ReportsList: OK loaded ReportsListLoader.lua from ReportsList Loader
ReportScreen: Loading ReportScreen.lua from Better Report Screen version 7.0
ReportScreen: Rise & Fall    :	YES
ReportScreen: Gathering Storm:	YES
ReportScreen: Monopolies     :	YES
ReportScreen: BRS: Loaded file BRSPage_Yields.lua
ReportScreen: BRS: Loaded file BRSPage_Resources.lua
ReportScreen: BRS: Loaded file BRSPage_Gossip.lua
ReportScreen: BRS: Loaded file BRSPage_CityStatus.lua
ReportScreen: BRS: Loaded file BRSPage_Units.lua
ReportScreen: BRS: Loaded file BRSPage_Deals.lua
ReportScreen: BRS: Loaded file BRSPage_Policy.lua
ReportScreen: BRS: Loaded file BRSPage_Minor.lua
ReportScreen: BRS: Loaded file BRSPage_Cities2.lua
ReportScreen: OK loaded ReportScreen.lua from Better Report Screen
TradeOriginChooser: Initializing BTS Trade Origin Chooser
MapPinPopup: initializing MapTacks.IconOptions(1)
MapPinPopup: Selected 16 columns
MapPinPopup: DMT_MapPinPopup Loading mappinpopup.lua as base file
DiplomacyActionView: DiplomacyActionView for MPH
DiplomacyDealView: Loaded BDW XP2
DiplomacyDealView: Loaded ZYLPVPMOD Better Deal Window / MPH compatibility
DiplomacyDealView: Writing existing deals into history
EndGameMenu: Custom EndGameMenu for MPH
PausePanel: CheckPausedState()	1789560299
PausePanel: ClosePausePanel()	1789560299
InGame: MPH InGame
InGame: Loading InGame UI - ../../../DLC/Expansion2/UI/Additions/DedicationPopup
InGame: Loading InGame UI - ../../../DLC/Expansion2/UI/Additions/DisloyalCityChooser
InGame: Loading InGame UI - ../../../DLC/Expansion2/UI/Additions/EraProgressPanel
InGame: Loading InGame UI - ../../../DLC/Expansion2/UI/Additions/EraReviewPopup
InGame: Loading InGame UI - ../../../DLC/Expansion2/UI/Additions/ExpansionIntro
InGame: Loading InGame UI - ../../../DLC/Expansion2/UI/Additions/GovernorAssignmentChooser
InGame: Loading InGame UI - ../../../DLC/Expansion2/UI/Additions/GovernorPanel
InGame: Loading InGame UI - ../../../DLC/Expansion2/UI/Additions/HistoricMoments
InGame: Loading InGame UI - ../../../DLC/Expansion2/UI/Additions/WorldCrisisPopup
InGame: Loading InGame UI - D:/Steam/steamapps/workshop/content/289070/3792052697/Settings/UI/TPT_SettingsPanel
InGame: Loading InGame UI - D:/Steam/steamapps/workshop/content/289070/3792052697/NHK/UI/MapPin_HotKey
InGame: Loading InGame UI - D:/Steam/steamapps/workshop/content/289070/3792052697/NHK/UI/AutoRecruit_GreatPerson_HotKey
InGame: Loading InGame UI - D:/Steam/steamapps/workshop/content/289070/3792052697/BRS/RealModifierAnalysis
RealModifierAnalysis: Loading Real Modifier Analysis.lua from Better Report Screen version 7.0
RealModifierAnalysis: OK loaded Real Modifier Analysis.lua from Better Report Screen
InGame: Loading InGame UI - D:/Steam/steamapps/workshop/content/289070/3792052697/Components/BBG/scripts/bbg_uitogameplay
bbg_uitogameplay: BBG UI to Gameplay Script started
bbg_uitogameplay: Delete Amani UI hooks added
bbg_uitogameplay: Spy Capture Capacity UI hook added
InGame: Loading InGame UI - D:/Steam/steamapps/workshop/content/289070/3792052697/Components/BBM/UI/BBM_UI
BBM_UI: -------------- BBM UI v1.39.1 -D- Init --------------
InGame: Loading InGame UI - D:/Steam/steamapps/workshop/content/289070/3792052697/Components/DetailedMapTacks/ui/dmt_yieldcalculator
dmt_yieldcalculator: Loading DMT_YieldCalculator.lua
dmt_yieldcalculator: Loading DMT_ModifierCalculator.lua
dmt_yieldcalculator: Loading DMT_ModifierRequirementChecker.lua
InGame: Loading InGame UI - D:/Steam/steamapps/workshop/content/289070/3792052697/NHK/UI/TurnTime_HotKey
InGame: Loading InGame UI - ../../../DLC/KublaiKhan_Vietnam/UI/Additions/CreateCorporationPopup
InGame: Loading InGame UI - ../../../DLC/Ethiopia/UI/Additions/SecretSocietyPopup
InGame: Loading InGame UI - D:/Steam/steamapps/workshop/content/289070/3792052697/ui/Additions/DropControl
InGame: Loading InGame UI - D:/Steam/steamapps/workshop/content/289070/3792052697/ui/Additions/MPHOptions
InGame: Loading InGame UI - D:/Steam/steamapps/workshop/content/289070/3792052697/ui/Additions/VotePanel
InGame: Loading InGame UI - D:/Steam/steamapps/workshop/content/289070/3792052697/ui/Additions/BlacklistPanel
InGame: Loading InGame UI - D:/Steam/steamapps/workshop/content/289070/3792052697/RMC/UI/RevealMapCorners
InGame: Loading InGame UI - D:/Steam/steamapps/workshop/content/289070/3792052697/ui/Additions/QuickControls
QuickControls: ZYLPVPMOD Quick Controls
InGame: Loading InGame UI - D:/Steam/steamapps/workshop/content/289070/3792052697/ui/Additions/IdentityRolePanel
InGame: Loading InGame UI - D:/Steam/steamapps/workshop/content/289070/3792052697/NHK/UI/NewUnitOperation
InGame: Loading InGame UI - D:/Steam/steamapps/workshop/content/289070/3792052697/FEB/UI/ForcedEndButton
InGame: Loading InGame UI - D:/Steam/steamapps/workshop/content/289070/3792052697/BTS/Settings/BTS_SettingsPanel
BTS_SettingsPanel: ~~~~~~~~~~~~~~~~~~~~~~~~~~~~~~~~~~~~~~
BTS_SettingsPanel:           BTS Settings Panel
BTS_SettingsPanel: ~~~~~~~~~~~~~~~~~~~~~~~~~~~~~~~~~~~~~~
TradeOverview: Trade Overview: BTS settings changed
InGame: Loading InGame UI - D:/Steam/steamapps/workshop/content/289070/3792052697/TPE/UI/TopPanel_TT
InGame: Loading InGame UI - D:/Steam/steamapps/workshop/content/289070/3792052697/Components/TeamPVPSecretSocieties/Taoist/UI/Taoist_UI
TutorialUIRoot: Tutorial: Firaxis in game tutorial prompts.
TutorialUIRoot: Version: 1
TutorialUIRoot: Loading bank of items for tutorial scenario: 'BASE'
ChatPanel: MPH Command	.mph_ui_seed_m910900531
ChatPanel: MPH Command	.mph_ui_seed_g910900530
ChatPanel: MPH Command	.mph_ui_mapfp_1234538191
ChatPanel: MPH Command	.mph_ui_seed_m910900531
ChatPanel: MPH Command	.mph_ui_seed_g910900530
ChatPanel: MPH Command	.mph_ui_mapfp_1234538191
ChatPanel: MPH Command	.mph_ui_seed_m910900531
ChatPanel: MPH Command	.mph_ui_seed_g910900530
ChatPanel: MPH Command	.mph_ui_mapfp_1234538191
LoadScreen: OnLoadGameViewStateDone
PausePanel: CheckPausedState()	1789560320
PausePanel: ClosePausePanel()	1789560320
PausePanel: CheckPausedState()	1789560320
PausePanel: ClosePausePanel()	1789560320
PausePanel: CheckPausedState()	1789560320
PausePanel: ClosePausePanel()	1789560320
PausePanel: CheckPausedState()	1789560320
PausePanel: ClosePausePanel()	1789560320
PausePanel: CheckPausedState()	1789560320
PausePanel: ClosePausePanel()	1789560320
PausePanel: CheckPausedState()	1789560320
PausePanel: ClosePausePanel()	1789560320
PausePanel: CheckPausedState()	1789560320
PausePanel: ClosePausePanel()	1789560320
PausePanel: CheckPausedState()	1789560320
PausePanel: ClosePausePanel()	1789560320
PausePanel: CheckPausedState()	1789560320
PausePanel: ClosePausePanel()	1789560320
bbg_script: OnBCYCityBuiltLegacy started
bbg_script: OnBCYCityBuiltLegacy started
bbg_script: OnBCYCityBuiltLegacy started
bbg_script: OnBCYCityBuiltLegacy started
bbg_script: OnBCYCityBuiltLegacy started
bbg_script: OnBCYCityBuiltLegacy started
bbg_script: OnBCYCityBuiltLegacy started
bbg_script: OnBCYCityBuiltLegacy started
bbg_script: OnBCYCityBuiltLegacy started
bbg_script: OnBCYCityBuiltLegacy started
bbg_script: OnBCYCityBuiltLegacy started
bbg_script: OnBCYCityBuiltLegacy started
bbg_script: OnBCYCityBuiltLegacy started
bbg_script: OnBCYCityBuiltLegacy started
bbg_uitogameplay: Resolving Buffered Parameters
bbg_uitogameplay: Shoud Terminate
BBM_UI: BBM UI Welcome 	1.39.1
TurnTime_HotKey: 本地玩家回合开始
bbg_script: OnBCYCityBuiltLegacy started
bbg_script: OnBCYCityBuiltLegacy started
PlotInfo: PlotInfo::OnCitySelectionChanged	1	65536	10	41	0	true	false
bbg_script: OnBCYCityBuiltLegacy started
bbg_script: OnBCYCityBuiltLegacy started
PlotInfo: PlotInfo::OnCitySelectionChanged	1	65536	0	0	0	false	false
PausePanel: CheckPausedState()	1789560380
PausePanel: ClosePausePanel()	1789560380
PausePanel: CheckPausedState()	1789560382
PausePanel: ClosePausePanel()	1789560382
PausePanel: CheckPausedState()	1789560382
PausePanel: ClosePausePanel()	1789560382
TurnTime_HotKey: 本地玩家回合结束
PausePanel: CheckPausedState()	1789560387
PausePanel: ClosePausePanel()	1789560387
bbg_uitogameplay: Resolving Buffered Parameters
bbg_uitogameplay: Shoud Terminate
TurnTime_HotKey: 本地玩家回合开始
PausePanel: CheckPausedState()	1789560410
PausePanel: ClosePausePanel()	1789560410
PausePanel: CheckPausedState()	1789560412
PausePanel: ClosePausePanel()	1789560412
PausePanel: CheckPausedState()	1789560412
PausePanel: ClosePausePanel()	1789560412
PausePanel: CheckPausedState()	1789560418
PausePanel: ClosePausePanel()	1789560418
TurnTime_HotKey: 本地玩家回合结束
PausePanel: CheckPausedState()	1789560419
PausePanel: ClosePausePanel()	1789560419
PausePanel: CheckPausedState()	1789560420
PausePanel: ClosePausePanel()	1789560420
PausePanel: CheckPausedState()	1789560420
PausePanel: ClosePausePanel()	1789560420
bbg_uitogameplay: OnGovernorChanged
bbg_uitogameplay: 5	11
bbg_uitogameplay: Resolving Buffered Parameters
bbg_uitogameplay: Shoud Terminate
TurnTime_HotKey: 本地玩家回合开始
PausePanel: CheckPausedState()	1789560421
PausePanel: ClosePausePanel()	1789560421
PausePanel: CheckPausedState()	1789560421
PausePanel: ClosePausePanel()	1789560421
PlotInfo: PlotInfo::OnCitySelectionChanged	1	65536	10	41	0	true	false
bbg_uitogameplay: OnGovernorChanged
bbg_uitogameplay: 3	11
bbg_uitogameplay: OnGovernorChanged
bbg_uitogameplay: 3	4
bbg_uitogameplay: OnGovernorChanged
bbg_uitogameplay: 1	9
bbg_uitogameplay: OnGovernorChanged
bbg_uitogameplay: 1	2
PlotInfo: PlotInfo::OnCitySelectionChanged	1	65536	0	0	0	false	false
TurnTime_HotKey: 本地玩家回合结束
PausePanel: CheckPausedState()	1789560460
PausePanel: ClosePausePanel()	1789560460
bbg_uitogameplay: OnGovernorChanged
bbg_uitogameplay: 5	11
bbg_uitogameplay: OnGovernorChanged
bbg_uitogameplay: 5	5
bbg_uitogameplay: Resolving Buffered Parameters
bbg_uitogameplay: Shoud Terminate
TurnTime_HotKey: 本地玩家回合开始
bbg_uitogameplay: OnGovernorChanged
bbg_uitogameplay: 1	9
bbg_uitogameplay: OnGovernorChanged
bbg_uitogameplay: 1	2
bbg_uitogameplay: OnGovernorChanged
bbg_uitogameplay: 3	11
bbg_uitogameplay: OnGovernorChanged
bbg_uitogameplay: 3	4
PlotInfo: PlotInfo::OnCitySelectionChanged	1	65536	10	41	0	true	false
PlotInfo: PlotInfo::OnCitySelectionChanged	1	65536	0	0	0	false	false
InGame: Request to BulkHide( true, Diplomacy ), Show on 0 = 1
DiplomacyActionView:  AddIntelAlliance(tabContainer:table)
DiplomacyDealView: Global DarkenLightenColor has been deprecated.  Use UI.DarkenLightenColor instead.
DiplomacyDealView: Global DarkenLightenColor has been deprecated.  Use UI.DarkenLightenColor instead.
DiplomacyDealView: Global DarkenLightenColor has been deprecated.  Use UI.DarkenLightenColor instead.
DiplomacyDealView: Global DarkenLightenColor has been deprecated.  Use UI.DarkenLightenColor instead.
TutorialUIRoot: diplo stmt type=-2065048438
DiplomacyActionView: Closing Diplomacy Action View. m_eventID: 24828
InGame: Request to BulkHide( false, Diplomacy ), Show on 0 = 0
PausePanel: CheckPausedState()	1789560506
PausePanel: ClosePausePanel()	1789560506
TurnTime_HotKey: 本地玩家回合结束
PausePanel: CheckPausedState()	1789560537
PausePanel: ClosePausePanel()	1789560537
bbg_script: OnBCYCityBuiltLegacy started
bbg_script: OnBCYCityBuiltLegacy started
bbg_uitogameplay: OnGovernorChanged
bbg_uitogameplay: 5	11
bbg_uitogameplay: OnGovernorChanged
bbg_uitogameplay: 5	5
bbg_uitogameplay: Resolving Buffered Parameters
bbg_uitogameplay: Shoud Terminate
TurnTime_HotKey: 本地玩家回合开始
bbg_uitogameplay: OnGovernorChanged
bbg_uitogameplay: 1	9
bbg_uitogameplay: OnGovernorChanged
bbg_uitogameplay: 1	2
bbg_uitogameplay: OnGovernorChanged
bbg_uitogameplay: 3	11
bbg_uitogameplay: OnGovernorChanged
bbg_uitogameplay: 3	4
bbg_uitogameplay: OnGovernorChanged
bbg_uitogameplay: 0	11
bbg_uitogameplay: OnGovernorChanged
bbg_uitogameplay: 0	5
PlotInfo: PlotInfo::OnCitySelectionChanged	1	65536	10	41	0	true	false
PlotInfo: PlotInfo::OnCitySelectionChanged	1	65536	0	0	0	false	false
MapLabelManager: 红海 (50.314022064209, 46.715892791748)
MapLabelManager: 红海 (304.40219116211, -687.34582519531)
PlotInfo: PlotInfo::OnCitySelectionChanged	1	65536	10	41	0	true	false
PlotInfo: PlotInfo::OnCitySelectionChanged	1	65536	0	0	0	false	false
TurnTime_HotKey: 本地玩家回合结束
PausePanel: CheckPausedState()	1789560599
PausePanel: ClosePausePanel()	1789560599
bbg_uitogameplay: OnGovernorChanged
bbg_uitogameplay: 4	10
bbg_uitogameplay: OnGovernorChanged
bbg_uitogameplay: 5	11
bbg_uitogameplay: OnGovernorChanged
bbg_uitogameplay: 5	5
bbg_uitogameplay: Resolving Buffered Parameters
bbg_uitogameplay: Shoud Terminate
TurnTime_HotKey: 本地玩家回合开始
bbg_uitogameplay: OnGovernorChanged
bbg_uitogameplay: 0	11
bbg_uitogameplay: OnGovernorChanged
bbg_uitogameplay: 0	5
bbg_uitogameplay: OnGovernorChanged
bbg_uitogameplay: 1	9
bbg_uitogameplay: OnGovernorChanged
bbg_uitogameplay: 1	2
bbg_uitogameplay: OnGovernorChanged
bbg_uitogameplay: 3	11
bbg_uitogameplay: OnGovernorChanged
bbg_uitogameplay: 3	4
PlotInfo: PlotInfo::OnCitySelectionChanged	1	65536	10	41	0	true	false
PlotInfo: PlotInfo::OnCitySelectionChanged	1	65536	0	0	0	false	false
TurnTime_HotKey: 本地玩家回合结束
PausePanel: CheckPausedState()	1789560643
PausePanel: ClosePausePanel()	1789560643
PausePanel: CheckPausedState()	1789560644
PausePanel: ClosePausePanel()	1789560644
bbg_script: OnGameplaySetAmaniProperty called
bbg_script: Amani_RecalculatePlayer called
bbg_script: Amani_RecalculateCity called
bbg_script: Player AMANI Property Detected
bbg_script: Amani iMinorID	14
bbg_script: Amani_RecalculateCity called
bbg_script: Player AMANI Property Detected
bbg_script: Amani iMinorID	14
bbg_script: OnGameplaySetAmaniProperty called
bbg_script: Amani_RecalculatePlayer called
bbg_script: Amani_RecalculateCity called
bbg_script: Player AMANI Property Detected
bbg_script: Amani iMinorID	14
bbg_script: Amani_RecalculateCity called
bbg_script: Player AMANI Property Detected
bbg_script: Amani iMinorID	14
bbg_uitogameplay: OnGovernorChanged
bbg_uitogameplay: 4	10
bbg_uitogameplay: OnGovernorChanged
bbg_uitogameplay: 4	1
bbg_script: OnGameplaySetAmaniProperty called
bbg_script: Amani_RecalculatePlayer called
bbg_script: Amani_RecalculateCity called
bbg_script: Player AMANI Property Detected
bbg_script: Amani iMinorID	14
bbg_script: Amani_RecalculateCity called
bbg_script: Player AMANI Property Detected
bbg_script: Amani iMinorID	14
bbg_uitogameplay: OnGovernorChanged
bbg_uitogameplay: 5	11
bbg_uitogameplay: OnGovernorChanged
bbg_uitogameplay: 5	5
bbg_script: OnGameplaySetAmaniProperty called
bbg_script: Amani_RecalculatePlayer called
bbg_script: Amani_RecalculateCity called
bbg_script: Player AMANI Property Detected
bbg_script: Amani iMinorID	14
bbg_script: Amani_RecalculateCity called
bbg_script: Player AMANI Property Detected
bbg_script: Amani iMinorID	14
bbg_uitogameplay: Resolving Buffered Parameters
bbg_uitogameplay: Shoud Terminate
TurnTime_HotKey: 本地玩家回合开始
bbg_uitogameplay: OnGovernorChanged
bbg_uitogameplay: 0	11
bbg_uitogameplay: OnGovernorChanged
bbg_uitogameplay: 0	5
bbg_uitogameplay: OnGovernorChanged
bbg_uitogameplay: 1	9
bbg_uitogameplay: OnGovernorChanged
bbg_uitogameplay: 1	2
bbg_uitogameplay: OnGovernorChanged
bbg_uitogameplay: 3	11
bbg_uitogameplay: OnGovernorChanged
bbg_uitogameplay: 3	4
PausePanel: CheckPausedState()	1789560645
PausePanel: ClosePausePanel()	1789560645
PausePanel: CheckPausedState()	1789560646
PausePanel: ClosePausePanel()	1789560646
TurnTime_HotKey: 本地玩家回合结束
bbg_uitogameplay: OnGovernorChanged
bbg_uitogameplay: 2	10
bbg_uitogameplay: OnGovernorChanged
bbg_uitogameplay: 2	2
PausePanel: CheckPausedState()	1789560687
PausePanel: ClosePausePanel()	1789560687
bbg_script: OnGameplaySetAmaniProperty called
bbg_script: Amani_RecalculatePlayer called
bbg_script: Amani_RecalculateCity called
bbg_script: Player AMANI Property Detected
bbg_script: Amani iMinorID	14
bbg_script: Amani_RecalculateCity called
bbg_script: Player AMANI Property Detected
bbg_script: Amani iMinorID	14
bbg_script: OnGameplaySetAmaniProperty called
bbg_script: Amani_RecalculatePlayer called
bbg_script: Amani_RecalculateCity called
bbg_script: Player AMANI Property Detected
bbg_script: Amani iMinorID	14
bbg_script: Amani_RecalculateCity called
bbg_script: Player AMANI Property Detected
bbg_script: Amani iMinorID	14
bbg_uitogameplay: OnGovernorChanged
bbg_uitogameplay: 4	10
bbg_uitogameplay: OnGovernorChanged
bbg_uitogameplay: 4	1
bbg_uitogameplay: amani removed -> recalculate amani yields and plot properties, player properties as well
bbg_script: OnGameplaySetAmaniProperty called
bbg_script: Amani_RecalculatePlayer called
bbg_script: Amani_RecalculateCity called
bbg_script: Player AMANI Property Detected
bbg_script: Amani iMinorID	14
bbg_script: Amani_RecalculateCity called
bbg_script: Player AMANI Property Detected
bbg_script: Amani iMinorID	14
bbg_uitogameplay: OnGovernorChanged
bbg_uitogameplay: 5	11
bbg_uitogameplay: OnGovernorChanged
bbg_uitogameplay: 5	5
bbg_uitogameplay: OnGovernorChanged
bbg_uitogameplay: 6	10
bbg_script: OnGameplaySetAmaniProperty called
bbg_script: Amani_RecalculatePlayer called
bbg_script: Amani_RecalculateCity called
bbg_script: Player AMANI Property Detected
bbg_script: Amani iMinorID	14
bbg_script: Amani_RecalculateCity called
bbg_script: Player AMANI Property Detected
bbg_script: Amani iMinorID	14
bbg_uitogameplay: Resolving Buffered Parameters
bbg_uitogameplay: Shoud Terminate
TurnTime_HotKey: 本地玩家回合开始
bbg_uitogameplay: OnGovernorChanged
bbg_uitogameplay: 0	11
bbg_uitogameplay: OnGovernorChanged
bbg_uitogameplay: 0	5
bbg_uitogameplay: OnGovernorChanged
bbg_uitogameplay: 1	9
bbg_uitogameplay: OnGovernorChanged
bbg_uitogameplay: 1	2
bbg_uitogameplay: OnGovernorChanged
bbg_uitogameplay: 2	10
bbg_uitogameplay: OnGovernorChanged
bbg_uitogameplay: 2	2
bbg_uitogameplay: OnGovernorChanged
bbg_uitogameplay: 3	11
bbg_uitogameplay: OnGovernorChanged
bbg_uitogameplay: 3	4
PlotInfo: PlotInfo::OnCitySelectionChanged	1	65536	10	41	0	true	false
TurnTime_HotKey: 本地玩家回合结束
PausePanel: CheckPausedState()	1789560734
PausePanel: ClosePausePanel()	1789560734
bbg_script: OnGameplaySetAmaniProperty called
bbg_script: Amani_RecalculatePlayer called
bbg_script: Amani_RecalculateCity called
bbg_script: Player AMANI Property Detected
bbg_script: Amani iMinorID	14
bbg_script: Amani_RecalculateCity called
bbg_script: Player AMANI Property Detected
bbg_script: Amani iMinorID	14
bbg_script: OnGameplaySetAmaniProperty called
bbg_script: Amani_RecalculatePlayer called
bbg_script: Amani_RecalculateCity called
bbg_script: Player AMANI Property Detected
bbg_script: Amani iMinorID	14
bbg_script: Amani_RecalculateCity called
bbg_script: Player AMANI Property Detected
bbg_script: Amani iMinorID	14
bbg_uitogameplay: OnGovernorChanged
bbg_uitogameplay: 4	10
bbg_uitogameplay: OnGovernorChanged
bbg_uitogameplay: 4	1
bbg_uitogameplay: amani removed -> recalculate amani yields and plot properties, player properties as well
bbg_script: OnGameplaySetAmaniProperty called
bbg_script: Amani_RecalculatePlayer called
bbg_script: Amani_RecalculateCity called
bbg_script: Player AMANI Property Detected
bbg_script: Amani iMinorID	14
bbg_script: Amani_RecalculateCity called
bbg_script: Player AMANI Property Detected
bbg_script: Amani iMinorID	14
bbg_uitogameplay: OnGovernorChanged
bbg_uitogameplay: 5	11
bbg_uitogameplay: OnGovernorChanged
bbg_uitogameplay: 5	5
bbg_script: OnGameplaySetAmaniProperty called
bbg_script: Amani_RecalculatePlayer called
bbg_script: Amani_RecalculateCity called
bbg_script: Player AMANI Property Detected
bbg_script: Amani iMinorID	14
bbg_uitogameplay: OnGovernorChanged
bbg_uitogameplay: 6	10
bbg_uitogameplay: OnGovernorChanged
bbg_uitogameplay: 6	1
bbg_script: OnGameplaySetAmaniProperty called
bbg_script: Amani_RecalculatePlayer called
bbg_script: Amani_RecalculateCity called
bbg_script: Player AMANI Property Detected
bbg_script: Amani iMinorID	14
bbg_script: OnGameplaySetAmaniProperty called
bbg_script: Amani_RecalculatePlayer called
bbg_script: Amani_RecalculateCity called
bbg_script: Player AMANI Property Detected
bbg_script: Amani iMinorID	14
bbg_script: OnGameplaySetAmaniProperty called
bbg_script: Amani_RecalculatePlayer called
bbg_script: Amani_RecalculateCity called
bbg_script: Player AMANI Property Detected
bbg_script: Amani iMinorID	14
bbg_script: Amani_RecalculateCity called
bbg_script: Player AMANI Property Detected
bbg_script: Amani iMinorID	14
bbg_script: OnGameplaySetAmaniProperty called
bbg_script: Amani_RecalculatePlayer called
bbg_script: Amani_RecalculateCity called
bbg_script: Player AMANI Property Detected
bbg_script: Amani iMinorID	14
bbg_uitogameplay: Resolving Buffered Parameters
bbg_uitogameplay: Shoud Terminate
TurnTime_HotKey: 本地玩家回合开始
bbg_uitogameplay: OnGovernorChanged
bbg_uitogameplay: 0	11
bbg_uitogameplay: OnGovernorChanged
bbg_uitogameplay: 0	5
bbg_uitogameplay: OnGovernorChanged
bbg_uitogameplay: 1	9
bbg_uitogameplay: OnGovernorChanged
bbg_uitogameplay: 1	2
bbg_uitogameplay: OnGovernorChanged
bbg_uitogameplay: 2	10
bbg_uitogameplay: OnGovernorChanged
bbg_uitogameplay: 2	2
bbg_uitogameplay: OnGovernorChanged
bbg_uitogameplay: 3	11
bbg_uitogameplay: OnGovernorChanged
bbg_uitogameplay: 3	4
PlotInfo: PlotInfo::OnCitySelectionChanged	1	65536	0	0	0	false	false
PlotInfo: PlotInfo::OnCitySelectionChanged	1	65536	10	41	0	true	false
PlotInfo: PlotInfo::OnCitySelectionChanged	1	65536	0	0	0	false	false
MapLabelManager: 阿曼湾 (-673.09661865234, -460.77059936523)
MapLabelManager: 阿曼湾 (-762.40966796875, 34.708084106445)
MapLabelManager: 阿曼湾 (-577.01794433594, 550.23797607422)
MapLabelManager: 北冰洋 (2458.8276367188, -631.37768554688)
MapLabelManager: 大西洋 (-2392.8596191406, 624.48907470703)
MapLabelManager: 大西洋 (-1911.6206054688, 1353.1512451172)
MapLabelManager: 大西洋 (2115.8017578125, 1050.6112060547)
PlotInfo: PlotInfo::OnCitySelectionChanged	1	65536	10	41	0	true	false
PausePanel: CheckPausedState()	1789560785
PausePanel: CheckPausedState()	1789560785
PausePanel: CheckPausedState()	1789560785
PausePanel: CheckPausedState()	1789560788
PausePanel: CheckPausedState()	1789560790
Options: SetupParameter for MPH
Mods: Failed to create mods browser search context!
CityStatePicker: SetupParameter for MPH
LeaderPicker: SetupParameter for MPH
HostGame: SetupParameter for MPH
StagingRoom: SetupParameter for MPH
MainMenu: SetupParameter for MPH
Test: Test.LUA loaded!
JoiningRoom: OnFinishedGameplayContentConfigure() g_waitingForContentConfigure=true
JoiningRoom: OnFinishedGameplayContentConfigure() g_waitingForContentConfigure=true
Lobby: OnChangeMPLobbyMode: STANDARD_LAN
HostGame: Building Game Setup
JoiningRoom: OnFinishedGameplayContentConfigure() g_waitingForContentConfigure=true
HostGame: Hiding Game Setup
JoiningRoom: OnFinishedGameplayContentConfigure() g_waitingForContentConfigure=true
JoiningRoom: CheckTransitionToStagingRoom()
JoiningRoom: OnJoinGameComplete()
JoiningRoom: CheckTransitionToStagingRoom()
HostGame: Building Game Setup
HostGame: Hiding Game Setup
StagingRoom: Building Game Setup
JoiningRoom: OnJoinGameComplete()
StagingRoom: Hiding Game Setup
StagingRoom: Building Game Setup
JoiningRoom: OnFinishedGameplayContentConfigure() g_waitingForContentConfigure=false
HostGame: Building Game Setup
HostGame: Hiding Game Setup
StagingRoom: Hiding Game Setup
StagingRoom: Building Game Setup
HostGame: Building Game Setup
HostGame: Hiding Game Setup
HostGame: Building Game Setup
HostGame: Hiding Game Setup
StagingRoom: Hiding Game Setup
StagingRoom: Building Game Setup
HostGame: Hiding Game Setup
StagingRoom: Hiding Game Setup
HostGame: Building Game Setup
JoiningRoom: OnFinishedGameplayContentConfigure() g_waitingForContentConfigure=false
HostGame: Hiding Game Setup
JoiningRoom: OnFinishedGameplayContentConfigure() g_waitingForContentConfigure=false
HostGame: Building Game Setup
HostGame: Hiding Game Setup
JoiningRoom: OnFinishedGameplayContentConfigure() g_waitingForContentConfigure=true
JoiningRoom: CheckTransitionToStagingRoom()
JoiningRoom: OnJoinGameComplete()
JoiningRoom: CheckTransitionToStagingRoom()
HostGame: Building Game Setup
HostGame: Hiding Game Setup
StagingRoom: Building Game Setup
JoiningRoom: OnJoinGameComplete()
ConfirmKick: OnAccept: g_kickIdx: 0
ConfirmKick: OnAccept: g_kickIdx: 3
ConfirmKick: OnAccept: g_kickIdx: 4
LoadScreen: true
LoadScreen: false
GenerateRandomMap: Map Seed = -1873172215
Map Script: ZYLRM[RING_TEAM]: Rich Mainland generation started
Map Script: ZYLRM[RING_TEAM]: ring-mainland canvas=88x88 wrapX=true innerR=24 outerR=40
Map Script: 富饶系数	5
Map Script: 划分海陆
Map Script: -           Existing Ratio:	inf
Map Script: -            New Mountains:	226
Map Script: -            Mountains Set:	226
Map Script: ZYLRM[RING_TEAM]: ring land generated (mainland=3113 island seeds=508, innerR=24 outerR=40)
Map Script: TeamPVP Generating Terrain Types
Map Script: TeamPVP fTundraLatitude:	1
Map Script: -
Map Script: DW- Desert Percentage:	3
Map Script: --- Latitude Readout ---
Map Script: - All Grass End Latitude:	0.1
Map Script: - Desert Start Latitude:	0.1
Map Script: - Desert End Latitude:	0.35
Map Script: - Tundra Start Latitude:	1
Map Script: - Snow Start Latitude:	1
Map Script: - - - - - - - - - - - - - -
Map Script: - Mountains Transformed: 	0
Map Script: - - - - - - - - - - - - - - - - - - - - - - - - - - - - - - - - -
Map Script: 添加草原、沙漠过渡区
Map Script: Adding continental shelf
Map Script: ZYLRM[RING_TEAM]: generating continent layout
Map Script: ZYLRM[RING_TEAM]: team continents labeled (5 horizontal stripes)
Map Script: 在板块交界处增加火山
Map Script: 预计火山数量: 4.8253333333333
Map Script: 大陆边界单元格数量: 1361
Map Script: Boundary Plots Per Volcano: 423.07957999447
Map Script: Volcano Placed at (x, y): 50, 72
Map Script: Volcano Placed at (x, y): 55, 22
Map Script: Volcano Placed at (x, y): 71, 26
Map Script: Volcano Placed at (x, y): 77, 26
Map Script: Continent Edge Volcanoes Placed: 4
Map Script: Lonely Volcano Placed at (x, y): 76, 51
Map Script: Total Volcanoes Placed: 5
Map Script: Adding features and rivers
Map Script: 增加地貌
Map Script: Team PVP 地图生成器 - 添加河流
Map Script: Map Generation - Adding Lakes
Map Script: 18 lakes needed
Map Script: 7 lakes added
Map Script: 3 large lakes needed
Map Script: 6 large lakes added
Map Script: Horizontal jungle canvas:	3111	eligible plots; target	18	percent
Map Script: Forest minimum:	target	749	added	103	final	749
Map Script: Jungle clip:	candidates	631	removed	7	final	624
Map Script: Number of Tiles:      	3121
Map Script: Number of Forests:    	749
Map Script: Percent Forests:      	23.9987183595
Map Script: Number of Jungles:    	624
Map Script: Percent Jungles:      	19.993591797501
Map Script: Percent of Junglable: 	20.057859209257
Map Script: Number of Marshes:    	63
Map Script: ZYLRM[RING_TEAM]: ring bare hills added 206 of target 206
Map Script: 增加悬崖
Map Script: 增加自然奇观
Map Script: In NaturalWonderGenerator.Create()
Map Script:     Placing 7 Natural Wonders
Map Script: The following Natural Wonders have been marked as 'excluded':
Map Script: * FEATURE_BARRINGER_CRATER
Map Script: * FEATURE_BIOLUMINESCENT_BAY
Map Script: * FEATURE_CERRO_DE_POTOSI
Map Script: * FEATURE_DALLOL
Map Script: * FEATURE_GRAND_MESA
Map Script: * FEATURE_KRAKATOA
Map Script: * FEATURE_LAKE_VICTORIA
Map Script: * FEATURE_LENCOIS_MARANHENSES
Map Script: * FEATURE_OUNIANGA
Map Script: * FEATURE_MOSI_OA_TUNYA
Map Script: * FEATURE_MOTLATSE_CANYON
Map Script: * FEATURE_KAILASH
Map Script: * FEATURE_NAMIB
Map Script: * FEATURE_OLD_FAITHFUL
Map Script: * FEATURE_SINAI
Map Script: * FEATURE_SALAR_DE_UYUNI
Map Script: * FEATURE_WULINGYUAN
Map Script: * FEATURE_SRI_PADA
Map Script: * FEATURE_GIBRALTAR
Map Script: * FEATURE_VREDEFORT_DOME
Map Script: * FEATURE_BERMUDA_TRIANGLE
Map Script: Feature Type: 6, Valid Hexes: 1075
Map Script: Feature Type: 7, Valid Hexes: 0
Map Script: Feature Type: 8, Valid Hexes: 93
Map Script: Feature Type: 9, Valid Hexes: 10
Map Script: Feature Type: 10, Valid Hexes: 0
Map Script: Feature Type: 11, Valid Hexes: 653
Map Script: Feature Type: 12, Valid Hexes: 22
Map Script: Feature Type: 13, Valid Hexes: 49
Map Script: Feature Type: 14, Valid Hexes: 8
Map Script: Feature Type: 15, Valid Hexes: 32
Map Script: Feature Type: 16, Valid Hexes: 144
Map Script: Feature Type: 17, Valid Hexes: 3
Map Script: Feature Type: 18, Valid Hexes: 1208
Map Script: Feature Type: 19, Valid Hexes: 0
Map Script: Feature Type: 20, Valid Hexes: 0
Map Script: Feature Type: 21, Valid Hexes: 0
Map Script: Feature Type: 22, Valid Hexes: 140
Map Script: Feature Type: 23, Valid Hexes: 37
Map Script: Feature Type: 24, Valid Hexes: 35
Map Script: Feature Type: 25, Valid Hexes: 0
Map Script: Feature Type: 26, Valid Hexes: 0
Map Script: Feature Type: 33, Valid Hexes: 63
Map Script: Feature Type: 34, Valid Hexes: 207
Map Script: Feature Type: 35, Valid Hexes: 45
Map Script: Feature Type: 36, Valid Hexes: 113
Map Script: Feature Type: 37, Valid Hexes: 173
Map Script: Feature Type: 38, Valid Hexes: 37
Map Script: Feature Type: 39, Valid Hexes: 0
Map Script: Feature Type: 41, Valid Hexes: 207
Map Script: Feature Type: 42, Valid Hexes: 23
Map Script: Num wonders with valid location: 22
Map Script:  Selected Wonder = 18, Random Score = 	96
Map Script:  Set Wonder with Feature ID of 24 at location (48, 68)
Map Script:  Selected Wonder = 3, Random Score = 	86
Map Script:  Set Wonder with Feature ID of 9 at location (45, 30)
Map Script:  Selected Wonder = 24, Random Score = 	84
Map Script:  Set Wonder with Feature ID of 36 at location (85, 15)
Map Script:  Selected Wonder = 22, Random Score = 	70
Map Script:  Set Wonder with Feature ID of 34 at location (11, 67)
Map Script:  Selected Wonder = 23, Random Score = 	66
Map Script:  Set Wonder with Feature ID of 35 at location (73, 65)
Map Script:  Selected Wonder = 9, Random Score = 	57
Map Script:  Set Wonder with Feature ID of 15 at location (69, 37)
Map Script:  Selected Wonder = 7, Random Score = 	55
Map Script:  Set Wonder with Feature ID of 13 at location (11, 29)
Map Script: 增加大陆边界地貌
Map Script: Adding continent-boundary features
Map Script: 在下述坐标放置了一个地热！(x, y): 76, 42
Map Script: 在下述坐标放置了一个地热！(x, y): 63, 25
Map Script: 在下述坐标放置了一个地热！(x, y): 38, 72
Map Script: 在下述坐标放置了一个地热！(x, y): 72, 23
Map Script: 在下述坐标放置了一个地热！(x, y): 62, 24
Map Script: 在下述坐标放置了一个地热！(x, y): 41, 62
Map Script: 在下述坐标放置了一个地热！(x, y): 40, 24
Map Script: 在下述坐标放置了一个地热！(x, y): 8, 62
Map Script: 在下述坐标放置了一个地热！(x, y): 74, 41
Map Script: 在下述坐标放置了一个地热！(x, y): 23, 26
Map Script: 在下述坐标放置了一个地热！(x, y): 49, 77
Map Script: 在下述坐标放置了一个地热！(x, y): 20, 44
Map Script: 在下述坐标放置了一个地热！(x, y): 77, 42
Map Script: 在下述坐标放置了一个地热！(x, y): 48, 12
Map Script: 在下述坐标放置了一个地热！(x, y): 15, 43
Map Script: 在下述坐标放置了一个地热！(x, y): 64, 59
Map Script: 在下述坐标放置了一个地热！(x, y): 34, 73
Map Script: 在下述坐标放置了一个地热！(x, y): 61, 64
Map Script: 在下述坐标放置了一个地热！(x, y): 5, 41
Map Script: 在下述坐标放置了一个地热！(x, y): 8, 24
Map Script: 在下述坐标放置了一个地热！(x, y): 23, 74
Map Script: 在下述坐标放置了一个地热！(x, y): 22, 40
Map Script: 在下述坐标放置了一个地热！(x, y): 71, 43
Map Script: 在下述坐标放置了一个地热！(x, y): 67, 22
Map Script: 在下述坐标放置了一个地热！(x, y): 61, 75
Map Script: 在下述坐标放置了一个地热！(x, y): 32, 76
Map Script: 在下述坐标放置了一个地热！(x, y): 23, 64
Map Script: 在下述坐标放置了一个地热！(x, y): 75, 59
Map Script: 在下述坐标放置了一个地热！(x, y): 36, 72
Map Script: 在下述坐标放置了一个地热！(x, y): 71, 23
Map Script: 在下述坐标放置了一个地热！(x, y): 77, 72
Map Script: 在下述坐标放置了一个地热！(x, y): 58, 24
Map Script: 在下述坐标放置了一个地热！(x, y): 55, 13
Map Script: 在下述坐标放置了一个地热！(x, y): 64, 73
Map Script: 在下述坐标放置了一个地热！(x, y): 21, 75
Map Script: 在下述坐标放置了一个地热！(x, y): 62, 73
Map Script: 在下述坐标放置了一个地热！(x, y): 58, 23
Map Script: 在下述坐标放置了一个地热！(x, y): 52, 75
Map Script: 在下述坐标放置了一个地热！(x, y): 70, 26
Map Script: 在下述坐标放置了一个地热！(x, y): 76, 38
Map Script: 在下述坐标放置了一个地热！(x, y): 52, 9
Map Script: 在下述坐标放置了一个地热！(x, y): 58, 73
Map Script: 在下述坐标放置了一个地热！(x, y): 72, 43
Map Script: 在下述坐标放置了一个地热！(x, y): 33, 76
Map Script: 在下述坐标放置了一个地热！(x, y): 11, 40
Map Script: 在下述坐标放置了一个地热！(x, y): 74, 74
Map Script: 在下述坐标放置了一个地热！(x, y): 60, 76
Map Script: 绿洲数量: 	0
Map Script: 地热数量: 	47
Map Script: 地图生成-标记沿海低地
Map Script: 303 coastal lowlands added
Map Script: 506 eligible coastal lowland plots
Map Script: In BBS_ResourceGenerator.Create()
Map Script:     Placing resources with BBS_Resource
Map Script: Placing luxury resource	57	on continent	35	target count	21.2382
Map Script: 1	:奢侈品: 	57	已放置于	669
Map Script: 2	:奢侈品: 	57	已放置于	489
Map Script: 3	:奢侈品: 	57	已放置于	6982
Map Script: 4	:奢侈品: 	57	已放置于	7010
Map Script: 5	:奢侈品: 	57	已放置于	483
Map Script: 6	:奢侈品: 	57	已放置于	7222
Map Script: 7	:奢侈品: 	57	已放置于	586
Map Script: 8	:奢侈品: 	57	已放置于	6714
Map Script: 9	:奢侈品: 	57	已放置于	763
Map Script: 10	:奢侈品: 	57	已放置于	497
Map Script: 11	:奢侈品: 	57	已放置于	850
Map Script: 12	:奢侈品: 	57	已放置于	823
Map Script: 13	:奢侈品: 	57	已放置于	7034
Map Script: 14	:奢侈品: 	57	已放置于	581
Map Script: 15	:奢侈品: 	57	已放置于	654
Map Script: 16	:奢侈品: 	57	已放置于	1026
Map Script: 17	:奢侈品: 	57	已放置于	6912
Map Script: 18	:奢侈品: 	57	已放置于	742
Map Script: 19	:奢侈品: 	57	已放置于	564
Map Script: 20	:奢侈品: 	57	已放置于	6819
Map Script: 21	:奢侈品: 	57	已放置于	836
Map Script: Placing luxury resource	58	on continent	35	target count	21.2382
Map Script: 1	:奢侈品: 	58	已放置于	6654
Map Script: 2	:奢侈品: 	58	已放置于	6998
Map Script: 3	:奢侈品: 	58	已放置于	663
Map Script: 4	:奢侈品: 	58	已放置于	760
Map Script: 5	:奢侈品: 	58	已放置于	6832
Map Script: 6	:奢侈品: 	58	已放置于	6642
Map Script: 7	:奢侈品: 	58	已放置于	7162
Map Script: 8	:奢侈品: 	58	已放置于	157
Map Script: 9	:奢侈品: 	58	已放置于	6861
Map Script: 10	:奢侈品: 	58	已放置于	460
Map Script: 11	:奢侈品: 	58	已放置于	7160
Map Script: 12	:奢侈品: 	58	已放置于	234
Map Script: 13	:奢侈品: 	58	已放置于	546
Map Script: 14	:奢侈品: 	58	已放置于	7362
Map Script: 15	:奢侈品: 	58	已放置于	6644
Map Script: 16	:奢侈品: 	58	已放置于	7263
Map Script: 17	:奢侈品: 	58	已放置于	765
Map Script: 18	:奢侈品: 	58	已放置于	6737
Map Script: 19	:奢侈品: 	58	已放置于	6674
Map Script: 20	:奢侈品: 	58	已放置于	7247
Map Script: 21	:奢侈品: 	58	已放置于	1015
Map Script: Placing luxury resource	59	on continent	35	target count	21.2382
Map Script: 1	:奢侈品: 	59	已放置于	6926
Map Script: 2	:奢侈品: 	59	已放置于	6814
Map Script: 3	:奢侈品: 	59	已放置于	7224
Map Script: 4	:奢侈品: 	59	已放置于	7254
Map Script: 5	:奢侈品: 	59	已放置于	7081
Map Script: 6	:奢侈品: 	59	已放置于	6640
Map Script: 7	:奢侈品: 	59	已放置于	6811
Map Script: 8	:奢侈品: 	59	已放置于	6728
Map Script: 9	:奢侈品: 	59	已放置于	7092
Map Script: 10	:奢侈品: 	59	已放置于	561
Map Script: 11	:奢侈品: 	59	已放置于	6806
Map Script: 12	:奢侈品: 	59	已放置于	1075
Map Script: 13	:奢侈品: 	59	已放置于	127
Map Script: 14	:奢侈品: 	59	已放置于	6980
Map Script: 15	:奢侈品: 	59	已放置于	7004
Map Script: 16	:奢侈品: 	59	已放置于	7169
Map Script: 17	:奢侈品: 	59	已放置于	6816
Map Script: 18	:奢侈品: 	59	已放置于	7258
Map Script: 19	:奢侈品: 	59	已放置于	6822
Map Script: 20	:奢侈品: 	59	已放置于	6807
Map Script: 21	:奢侈品: 	59	已放置于	842
Map Script: Placing luxury resource	17	on continent	35	target count	21.2382
Map Script: 1	:奢侈品: 	17	已放置于	678
Map Script: 2	:奢侈品: 	17	已放置于	6971
Map Script: 3	:奢侈品: 	17	已放置于	7088
Map Script: 4	:奢侈品: 	17	已放置于	391
Map Script: 5	:奢侈品: 	17	已放置于	1005
Map Script: 6	:奢侈品: 	17	已放置于	643
Map Script: 7	:奢侈品: 	17	已放置于	7146
Map Script: 8	:奢侈品: 	17	已放置于	6571
Map Script: 9	:奢侈品: 	17	已放置于	154
Map Script: 10	:奢侈品: 	17	已放置于	6984
Map Script: 11	:奢侈品: 	17	已放置于	1009
Map Script: 12	:奢侈品: 	17	已放置于	6970
Map Script: 13	:奢侈品: 	17	已放置于	909
Map Script: 14	:奢侈品: 	17	已放置于	7406
Map Script: 15	:奢侈品: 	17	已放置于	656
Map Script: 16	:奢侈品: 	17	已放置于	902
Map Script: 17	:奢侈品: 	17	已放置于	132
Map Script: 18	:奢侈品: 	17	已放置于	106
Map Script: 19	:奢侈品: 	17	已放置于	421
Map Script: 20	:奢侈品: 	17	已放置于	588
Map Script: 21	:奢侈品: 	17	已放置于	323
Map Script: Placing luxury resource	15	on continent	36	target count	23.62905
Map Script: 1	:奢侈品: 	15	已放置于	1864
Map Script: 2	:奢侈品: 	15	已放置于	1282
Map Script: 3	:奢侈品: 	15	已放置于	1466
Map Script: 4	:奢侈品: 	15	已放置于	1342
Map Script: 5	:奢侈品: 	15	已放置于	1732
Map Script: 6	:奢侈品: 	15	已放置于	1641
Map Script: 7	:奢侈品: 	15	已放置于	1947
Map Script: 8	:奢侈品: 	15	已放置于	1729
Map Script: 9	:奢侈品: 	15	已放置于	1734
Map Script: 10	:奢侈品: 	15	已放置于	1705
Map Script: 11	:奢侈品: 	15	已放置于	1978
Map Script: 12	:奢侈品: 	15	已放置于	1258
Map Script: 13	:奢侈品: 	15	已放置于	1999
Map Script: 14	:奢侈品: 	15	已放置于	1773
Map Script: 15	:奢侈品: 	15	已放置于	1248
Map Script: 16	:奢侈品: 	15	已放置于	1454
Map Script: 17	:奢侈品: 	15	已放置于	1380
Map Script: 18	:奢侈品: 	15	已放置于	1354
Map Script: 19	:奢侈品: 	15	已放置于	1960
Map Script: 20	:奢侈品: 	15	已放置于	2164
Map Script: 21	:奢侈品: 	15	已放置于	2189
Map Script: 22	:奢侈品: 	15	已放置于	2042
Map Script: 23	:奢侈品: 	15	已放置于	1627
Map Script: Placing luxury resource	28	on continent	36	target count	23.62905
Map Script: 1	:奢侈品: 	28	已放置于	1092
Map Script: 2	:奢侈品: 	28	已放置于	1908
Map Script: 3	:奢侈品: 	28	已放置于	2227
Map Script: 4	:奢侈品: 	28	已放置于	1813
Map Script: 5	:奢侈品: 	28	已放置于	1620
Map Script: 6	:奢侈品: 	28	已放置于	1113
Map Script: 7	:奢侈品: 	28	已放置于	2038
Map Script: 8	:奢侈品: 	28	已放置于	1166
Map Script: 9	:奢侈品: 	28	已放置于	1827
Map Script: 10	:奢侈品: 	28	已放置于	2218
Map Script: 11	:奢侈品: 	28	已放置于	1201
Map Script: 12	:奢侈品: 	28	已放置于	2045
Map Script: 13	:奢侈品: 	28	已放置于	2183
Map Script: 14	:奢侈品: 	28	已放置于	1701
Map Script: 15	:奢侈品: 	28	已放置于	1702
Map Script: 16	:奢侈品: 	28	已放置于	1922
Map Script: 17	:奢侈品: 	28	已放置于	1299
Map Script: 18	:奢侈品: 	28	已放置于	1632
Map Script: 19	:奢侈品: 	28	已放置于	1965
Map Script: 20	:奢侈品: 	28	已放置于	2052
Map Script: 21	:奢侈品: 	28	已放置于	1202
Map Script: 22	:奢侈品: 	28	已放置于	1473
Map Script: 23	:奢侈品: 	28	已放置于	1833
Map Script: Placing luxury resource	11	on continent	36	target count	23.62905
Map Script: 1	:奢侈品: 	11	已放置于	1904
Map Script: 2	:奢侈品: 	11	已放置于	1653
Map Script: 3	:奢侈品: 	11	已放置于	1196
Map Script: 4	:奢侈品: 	11	已放置于	1271
Map Script: 5	:奢侈品: 	11	已放置于	2212
Map Script: 6	:奢侈品: 	11	已放置于	1105
Map Script: 7	:奢侈品: 	11	已放置于	2083
Map Script: 8	:奢侈品: 	11	已放置于	1262
Map Script: 9	:奢侈品: 	11	已放置于	1990
Map Script: 10	:奢侈品: 	11	已放置于	1903
Map Script: 11	:奢侈品: 	11	已放置于	1875
Map Script: 12	:奢侈品: 	11	已放置于	1607
Map Script: 13	:奢侈品: 	11	已放置于	1494
Map Script: 14	:奢侈品: 	11	已放置于	1089
Map Script: 15	:奢侈品: 	11	已放置于	1601
Map Script: 16	:奢侈品: 	11	已放置于	2213
Map Script: 17	:奢侈品: 	11	已放置于	1837
Map Script: 18	:奢侈品: 	11	已放置于	2090
Map Script: 19	:奢侈品: 	11	已放置于	1108
Map Script: 20	:奢侈品: 	11	已放置于	1478
Map Script: 21	:奢侈品: 	11	已放置于	1463
Map Script: 22	:奢侈品: 	11	已放置于	1535
Map Script: 23	:奢侈品: 	11	已放置于	1275
Map Script: Placing luxury resource	22	on continent	36	target count	23.62905
Map Script: 1	:奢侈品: 	22	已放置于	1673
Map Script: 2	:奢侈品: 	22	已放置于	1437
Map Script: 3	:奢侈品: 	22	已放置于	1213
Map Script: 4	:奢侈品: 	22	已放置于	1309
Map Script: 5	:奢侈品: 	22	已放置于	1376
Map Script: 6	:奢侈品: 	22	已放置于	2155
Map Script: 7	:奢侈品: 	22	已放置于	1102
Map Script: 8	:奢侈品: 	22	已放置于	1792
Map Script: 9	:奢侈品: 	22	已放置于	1638
Map Script: 10	:奢侈品: 	22	已放置于	1780
Map Script: 11	:奢侈品: 	22	已放置于	2242
Map Script: 12	:奢侈品: 	22	已放置于	2088
Map Script: 13	:奢侈品: 	22	已放置于	1723
Map Script: 14	:奢侈品: 	22	已放置于	2216
Map Script: 15	:奢侈品: 	22	已放置于	1493
Map Script: 16	:奢侈品: 	22	已放置于	2225
Map Script: 17	:奢侈品: 	22	已放置于	1173
Map Script: 18	:奢侈品: 	22	已放置于	1809
Map Script: 19	:奢侈品: 	22	已放置于	2182
Map Script: 20	:奢侈品: 	22	已放置于	1877
Map Script: 21	:奢侈品: 	22	已放置于	2210
Map Script: 22	:奢侈品: 	22	已放置于	2233
Map Script: 23	:奢侈品: 	22	已放置于	2220
Map Script: Placing luxury resource	33	on continent	37	target count	21.64185
Map Script: 1	:奢侈品: 	33	已放置于	3240
Map Script: 2	:奢侈品: 	33	已放置于	2278
Map Script: 3	:奢侈品: 	33	已放置于	3446
Map Script: 4	:奢侈品: 	33	已放置于	3158
Map Script: 5	:奢侈品: 	33	已放置于	3143
Map Script: 6	:奢侈品: 	33	已放置于	3410
Map Script: 7	:奢侈品: 	33	已放置于	2704
Map Script: 8	:奢侈品: 	33	已放置于	2367
Map Script: 9	:奢侈品: 	33	已放置于	2556
Map Script: 10	:奢侈品: 	33	已放置于	3443
Map Script: 11	:奢侈品: 	33	已放置于	2565
Map Script: 12	:奢侈品: 	33	已放置于	3150
Map Script: 13	:奢侈品: 	33	已放置于	2924
Map Script: 14	:奢侈品: 	33	已放置于	2833
Map Script: 15	:奢侈品: 	33	已放置于	2830
Map Script: 16	:奢侈品: 	33	已放置于	3124
Map Script: 17	:奢侈品: 	33	已放置于	3616
Map Script: 18	:奢侈品: 	33	已放置于	2806
Map Script: 19	:奢侈品: 	33	已放置于	3181
Map Script: 20	:奢侈品: 	33	已放置于	2549
Map Script: 21	:奢侈品: 	33	已放置于	3177
Map Script: Placing luxury resource	60	on continent	37	target count	21.64185
Map Script: 1	:奢侈品: 	60	已放置于	2919
Map Script: 2	:奢侈品: 	60	已放置于	2540
Map Script: 3	:奢侈品: 	60	已放置于	2940
Map Script: 4	:奢侈品: 	60	已放置于	2737
Map Script: 5	:奢侈品: 	60	已放置于	2842
Map Script: 6	:奢侈品: 	60	已放置于	3527
Map Script: 7	:奢侈品: 	60	已放置于	2450
Map Script: 8	:奢侈品: 	60	已放置于	2395
Map Script: 9	:奢侈品: 	60	已放置于	2482
Map Script: 10	:奢侈品: 	60	已放置于	2399
Map Script: 11	:奢侈品: 	60	已放置于	3622
Map Script: 12	:奢侈品: 	60	已放置于	3251
Map Script: 13	:奢侈品: 	60	已放置于	3465
Map Script: 14	:奢侈品: 	60	已放置于	3174
Map Script: 15	:奢侈品: 	60	已放置于	2620
Map Script: 16	:奢侈品: 	60	已放置于	3336
Map Script: 17	:奢侈品: 	60	已放置于	2472
Map Script: 18	:奢侈品: 	60	已放置于	3450
Map Script: 19	:奢侈品: 	60	已放置于	2267
Map Script: 20	:奢侈品: 	60	已放置于	3361
Map Script: 21	:奢侈品: 	60	已放置于	3186
Map Script: Placing luxury resource	27	on continent	37	target count	21.64185
Map Script: 1	:奢侈品: 	27	已放置于	3620
Map Script: 2	:奢侈品: 	27	已放置于	2809
Map Script: 3	:奢侈品: 	27	已放置于	2457
Map Script: 4	:奢侈品: 	27	已放置于	2479
Map Script: 5	:奢侈品: 	27	已放置于	2743
Map Script: 6	:奢侈品: 	27	已放置于	2577
Map Script: 7	:奢侈品: 	27	已放置于	2889
Map Script: 8	:奢侈品: 	27	已放置于	3624
Map Script: 9	:奢侈品: 	27	已放置于	3512
Map Script: 10	:奢侈品: 	27	已放置于	2594
Map Script: 11	:奢侈品: 	27	已放置于	3367
Map Script: 12	:奢侈品: 	27	已放置于	3277
Map Script: 13	:奢侈品: 	27	已放置于	2507
Map Script: 14	:奢侈品: 	27	已放置于	3481
Map Script: 15	:奢侈品: 	27	已放置于	3276
Map Script: 16	:奢侈品: 	27	已放置于	2757
Map Script: 17	:奢侈品: 	27	已放置于	2913
Map Script: 18	:奢侈品: 	27	已放置于	2506
Map Script: 19	:奢侈品: 	27	已放置于	2480
Map Script: 20	:奢侈品: 	27	已放置于	3598
Map Script: 21	:奢侈品: 	27	已放置于	3596
Map Script: Placing luxury resource	55	on continent	37	target count	21.64185
Map Script: 1	:奢侈品: 	55	已放置于	3148
Map Script: 2	:奢侈品: 	55	已放置于	2443
Map Script: 3	:奢侈品: 	55	已放置于	2261
Map Script: 4	:奢侈品: 	55	已放置于	2340
Map Script: 5	:奢侈品: 	55	已放置于	3064
Map Script: 6	:奢侈品: 	55	已放置于	2798
Map Script: 7	:奢侈品: 	55	已放置于	2647
Map Script: 8	:奢侈品: 	55	已放置于	3266
Map Script: 9	:奢侈品: 	55	已放置于	2441
Map Script: 10	:奢侈品: 	55	已放置于	2624
Map Script: 11	:奢侈品: 	55	已放置于	3332
Map Script: 12	:奢侈品: 	55	已放置于	2795
Map Script: 13	:奢侈品: 	55	已放置于	2604
Map Script: 14	:奢侈品: 	55	已放置于	2597
Map Script: 15	:奢侈品: 	55	已放置于	2618
Map Script: 16	:奢侈品: 	55	已放置于	3426
Map Script: 17	:奢侈品: 	55	已放置于	2335
Map Script: 18	:奢侈品: 	55	已放置于	2347
Map Script: 19	:奢侈品: 	55	已放置于	3102
Map Script: 20	:奢侈品: 	55	已放置于	3387
Map Script: 21	:奢侈品: 	55	已放置于	3502
Map Script: Placing luxury resource	24	on continent	38	target count	23.9706
Map Script: 1	:奢侈品: 	24	已放置于	5005
Map Script: 2	:奢侈品: 	24	已放置于	5092
Map Script: 3	:奢侈品: 	24	已放置于	4830
Map Script: 4	:奢侈品: 	24	已放置于	4733
Map Script: 5	:奢侈品: 	24	已放置于	4826
Map Script: 6	:奢侈品: 	24	已放置于	3677
Map Script: 7	:奢侈品: 	24	已放置于	5206
Map Script: 8	:奢侈品: 	24	已放置于	4723
Map Script: 9	:奢侈品: 	24	已放置于	4380
Map Script: 10	:奢侈品: 	24	已放置于	5214
Map Script: 11	:奢侈品: 	24	已放置于	3765
Map Script: 12	:奢侈品: 	24	已放置于	4590
Map Script: 13	:奢侈品: 	24	已放置于	4541
Map Script: 14	:奢侈品: 	24	已放置于	4984
Map Script: 15	:奢侈品: 	24	已放置于	4582
Map Script: 16	:奢侈品: 	24	已放置于	5346
Map Script: 17	:奢侈品: 	24	已放置于	5074
Map Script: 18	:奢侈品: 	24	已放置于	4935
Map Script: 19	:奢侈品: 	24	已放置于	4855
Map Script: 20	:奢侈品: 	24	已放置于	5124
Map Script: 21	:奢侈品: 	24	已放置于	4939
Map Script: 22	:奢侈品: 	24	已放置于	3630
Map Script: 23	:奢侈品: 	24	已放置于	5349
Map Script: Placing luxury resource	20	on continent	38	target count	23.9706
Map Script: 1	:奢侈品: 	20	已放置于	4681
Map Script: 2	:奢侈品: 	20	已放置于	4029
Map Script: 3	:奢侈品: 	20	已放置于	5266
Map Script: 4	:奢侈品: 	20	已放置于	3863
Map Script: 5	:奢侈品: 	20	已放置于	5210
Map Script: 6	:奢侈品: 	20	已放置于	3826
Map Script: 7	:奢侈品: 	20	已放置于	3908
Map Script: 8	:奢侈品: 	20	已放置于	5031
Map Script: 9	:奢侈品: 	20	已放置于	4862
Map Script: 10	:奢侈品: 	20	已放置于	3994
Map Script: 11	:奢侈品: 	20	已放置于	4679
Map Script: 12	:奢侈品: 	20	已放置于	3949
Map Script: 13	:奢侈品: 	20	已放置于	4325
Map Script: 14	:奢侈品: 	20	已放置于	4532
Map Script: 15	:奢侈品: 	20	已放置于	4065
Map Script: 16	:奢侈品: 	20	已放置于	3789
Map Script: 17	:奢侈品: 	20	已放置于	4055
Map Script: 18	:奢侈品: 	20	已放置于	4498
Map Script: 19	:奢侈品: 	20	已放置于	3769
Map Script: 20	:奢侈品: 	20	已放置于	3980
Map Script: 21	:奢侈品: 	20	已放置于	4302
Map Script: 22	:奢侈品: 	20	已放置于	5270
Map Script: 23	:奢侈品: 	20	已放置于	5278
Map Script: Placing luxury resource	30	on continent	38	target count	23.9706
Map Script: 1	:奢侈品: 	30	已放置于	4122
Map Script: 2	:奢侈品: 	30	已放置于	5353
Map Script: 3	:奢侈品: 	30	已放置于	4085
Map Script: 4	:奢侈品: 	30	已放置于	5121
Map Script: 5	:奢侈品: 	30	已放置于	4323
Map Script: 6	:奢侈品: 	30	已放置于	5338
Map Script: 7	:奢侈品: 	30	已放置于	3714
Map Script: 8	:奢侈品: 	30	已放置于	3879
Map Script: 9	:奢侈品: 	30	已放置于	3854
Map Script: 10	:奢侈品: 	30	已放置于	4915
Map Script: 11	:奢侈品: 	30	已放置于	4860
Map Script: 12	:奢侈品: 	30	已放置于	5114
Map Script: 13	:奢侈品: 	30	已放置于	3835
Map Script: 14	:奢侈品: 	30	已放置于	3969
Map Script: 15	:奢侈品: 	30	已放置于	4719
Map Script: 16	:奢侈品: 	30	已放置于	3972
Map Script: 17	:奢侈品: 	30	已放置于	4319
Map Script: 18	:奢侈品: 	30	已放置于	3830
Map Script: 19	:奢侈品: 	30	已放置于	5384
Map Script: 20	:奢侈品: 	30	已放置于	4246
Map Script: 21	:奢侈品: 	30	已放置于	5409
Map Script: 22	:奢侈品: 	30	已放置于	4392
Map Script: 23	:奢侈品: 	30	已放置于	5393
Map Script: Placing luxury resource	25	on continent	38	target count	23.9706
Map Script: 1	:奢侈品: 	25	已放置于	4560
Map Script: 2	:奢侈品: 	25	已放置于	4566
Map Script: 3	:奢侈品: 	25	已放置于	4154
Map Script: 4	:奢侈品: 	25	已放置于	4151
Map Script: 5	:奢侈品: 	25	已放置于	5175
Map Script: 6	:奢侈品: 	25	已放置于	4038
Map Script: 7	:奢侈品: 	25	已放置于	4477
Map Script: 8	:奢侈品: 	25	已放置于	4385
Map Script: 9	:奢侈品: 	25	已放置于	5001
Map Script: 10	:奢侈品: 	25	已放置于	4053
Map Script: 11	:奢侈品: 	25	已放置于	5106
Map Script: 12	:奢侈品: 	25	已放置于	4125
Map Script: 13	:奢侈品: 	25	已放置于	5388
Map Script: 14	:奢侈品: 	25	已放置于	4094
Map Script: 15	:奢侈品: 	25	已放置于	4989
Map Script: 16	:奢侈品: 	25	已放置于	4520
Map Script: 17	:奢侈品: 	25	已放置于	4712
Map Script: 18	:奢侈品: 	25	已放置于	4416
Map Script: 19	:奢侈品: 	25	已放置于	4833
Map Script: 20	:奢侈品: 	25	已放置于	4222
Map Script: 21	:奢侈品: 	25	已放置于	4207
Map Script: 22	:奢侈品: 	25	已放置于	3903
Map Script: 23	:奢侈品: 	25	已放置于	4041
Map Script: Placing luxury resource	50	on continent	39	target count	22.20075
Map Script: 1	:奢侈品: 	50	已放置于	6377
Map Script: 2	:奢侈品: 	50	已放置于	5865
Map Script: 3	:奢侈品: 	50	已放置于	6177
Map Script: 4	:奢侈品: 	50	已放置于	6128
Map Script: 5	:奢侈品: 	50	已放置于	6182
Map Script: 6	:奢侈品: 	50	已放置于	5732
Map Script: 7	:奢侈品: 	50	已放置于	6215
Map Script: 8	:奢侈品: 	50	已放置于	5729
Map Script: 9	:奢侈品: 	50	已放置于	6105
Map Script: 10	:奢侈品: 	50	已放置于	5618
Map Script: 11	:奢侈品: 	50	已放置于	5818
Map Script: 12	:奢侈品: 	50	已放置于	6457
Map Script: 13	:奢侈品: 	50	已放置于	5955
Map Script: 14	:奢侈品: 	50	已放置于	6022
Map Script: 15	:奢侈品: 	50	已放置于	6202
Map Script: 16	:奢侈品: 	50	已放置于	6359
Map Script: 17	:奢侈品: 	50	已放置于	5952
Map Script: 18	:奢侈品: 	50	已放置于	5649
Map Script: 19	:奢侈品: 	50	已放置于	6143
Map Script: 20	:奢侈品: 	50	已放置于	6353
Map Script: 21	:奢侈品: 	50	已放置于	6095
Map Script: 22	:奢侈品: 	50	已放置于	6479
Map Script: Placing luxury resource	12	on continent	39	target count	22.20075
Map Script: 1	:奢侈品: 	12	已放置于	6443
Map Script: 2	:奢侈品: 	12	已放置于	6218
Map Script: 3	:奢侈品: 	12	已放置于	5435
Map Script: 4	:奢侈品: 	12	已放置于	6476
Map Script: 5	:奢侈品: 	12	已放置于	6039
Map Script: 6	:奢侈品: 	12	已放置于	6493
Map Script: 7	:奢侈品: 	12	已放置于	6038
Map Script: 8	:奢侈品: 	12	已放置于	6180
Map Script: 9	:奢侈品: 	12	已放置于	5679
Map Script: 10	:奢侈品: 	12	已放置于	6499
Map Script: 11	:奢侈品: 	12	已放置于	5778
Map Script: 12	:奢侈品: 	12	已放置于	5910
Map Script: 13	:奢侈品: 	12	已放置于	6016
Map Script: 14	:奢侈品: 	12	已放置于	5860
Map Script: 15	:奢侈品: 	12	已放置于	5885
Map Script: 16	:奢侈品: 	12	已放置于	6175
Map Script: 17	:奢侈品: 	12	已放置于	5532
Map Script: 18	:奢侈品: 	12	已放置于	5791
Map Script: 19	:奢侈品: 	12	已放置于	6314
Map Script: 20	:奢侈品: 	12	已放置于	6536
Map Script: 21	:奢侈品: 	12	已放置于	5826
Map Script: 22	:奢侈品: 	12	已放置于	5943
Map Script: Placing luxury resource	29	on continent	39	target count	22.20075
Map Script: 1	:奢侈品: 	29	已放置于	6390
Map Script: 2	:奢侈品: 	29	已放置于	6562
Map Script: 3	:奢侈品: 	29	已放置于	5468
Map Script: 4	:奢侈品: 	29	已放置于	5586
Map Script: 5	:奢侈品: 	29	已放置于	6467
Map Script: 6	:奢侈品: 	29	已放置于	6468
Map Script: 7	:奢侈品: 	29	已放置于	5442
Map Script: 8	:奢侈品: 	29	已放置于	6115
Map Script: 9	:奢侈品: 	29	已放置于	6084
Map Script: 10	:奢侈品: 	29	已放置于	5610
Map Script: 11	:奢侈品: 	29	已放置于	6466
Map Script: 12	:奢侈品: 	29	已放置于	6192
Map Script: 13	:奢侈品: 	29	已放置于	6011
Map Script: 14	:奢侈品: 	29	已放置于	5749
Map Script: 15	:奢侈品: 	29	已放置于	5622
Map Script: 16	:奢侈品: 	29	已放置于	5640
Map Script: 17	:奢侈品: 	29	已放置于	5562
Map Script: 18	:奢侈品: 	29	已放置于	5518
Map Script: 19	:奢侈品: 	29	已放置于	5542
Map Script: 20	:奢侈品: 	29	已放置于	5937
Map Script: 21	:奢侈品: 	29	已放置于	5874
Map Script: 22	:奢侈品: 	29	已放置于	6455
Map Script: Placing luxury resource	56	on continent	39	target count	22.20075
Map Script: 1	:奢侈品: 	56	已放置于	6299
Map Script: 2	:奢侈品: 	56	已放置于	6308
Map Script: 3	:奢侈品: 	56	已放置于	6472
Map Script: 4	:奢侈品: 	56	已放置于	6117
Map Script: 5	:奢侈品: 	56	已放置于	6384
Map Script: 6	:奢侈品: 	56	已放置于	6019
Map Script: 7	:奢侈品: 	56	已放置于	6152
Map Script: 8	:奢侈品: 	56	已放置于	5646
Map Script: 9	:奢侈品: 	56	已放置于	6294
Map Script: 10	:奢侈品: 	56	已放置于	5929
Map Script: 11	:奢侈品: 	56	已放置于	6101
Map Script: 12	:奢侈品: 	56	已放置于	5765
Map Script: 13	:奢侈品: 	56	已放置于	6297
Map Script: 14	:奢侈品: 	56	已放置于	6298
Map Script: 15	:奢侈品: 	56	已放置于	5740
Map Script: 16	:奢侈品: 	56	已放置于	5613
Map Script: 17	:奢侈品: 	56	已放置于	5654
Map Script: 18	:奢侈品: 	56	已放置于	6373
Map Script: 19	:奢侈品: 	56	已放置于	5745
Map Script: 20	:奢侈品: 	56	已放置于	5782
Map Script: 21	:奢侈品: 	56	已放置于	6277
Map Script: 22	:奢侈品: 	56	已放置于	6363
Map Script: 水域奢侈数量	5
Map Script: 本次添加水域奢侈种类	5
Map Script: Water Resource: 	51	 number placed = 	19
Map Script: Water Resource: 	51	 number placed = 	139
Map Script: Water Resource: 	55	 number placed = 	44
Map Script: Water Resource: 	55	 number placed = 	44
Map Script: Water Resource: 	23	 number placed = 	44
Map Script: Water Resource: 	23	 number placed = 	44
Map Script: Water Resource: 	32	 number placed = 	44
Map Script: Water Resource: 	32	 number placed = 	44
Map Script: Water Resource: 	49	 number placed = 	35
Map Script: Water Resource: 	49	 number placed = 	41
Map Script: BBSStratRes	0
Map Script: 地脉频率	10
Map Script: 地脉索引	367326199
Map Script: 地脉 eResourceClassType:	10
Map Script: 地脉 iFrequency:	10
Map Script: 地脉 iOccurencesPerFrequency:	9.588196875
Map Script: 地脉 iNumToPlace:	42.053495065789
Map Script: Assigning starting plots
Map Script: ZYLRM[RING_TEAM]: assigning starting plots
Map Script: ZYL RVC player distance policy:	TEAM	same-team >=	12	cross-team >=	18	hard	true
Map Script: BBS_AssignStartingPlots: BBS Settings:	true
Map Script: ZYL RVC team lobby depth order: enabled (soft inland preference)
Map Script: Attempt #	1	Distance	18
Map Script: TeamPVP __InitStartingData i:	1
Map Script: BBS_AssignStartingPlots: Start:	Wed Sep 16 20:22:16 2026
Map Script: ZYL RVC team lobby depth rank:	0	team	0	rank	1	of	5
Map Script: ZYL RVC team lobby depth rank:	1	team	0	rank	2	of	5
Map Script: ZYL RVC team lobby depth rank:	2	team	0	rank	3	of	5
Map Script: ZYL RVC team lobby depth rank:	3	team	0	rank	4	of	5
Map Script: ZYL RVC team lobby depth rank:	4	team	0	rank	5	of	5
Map Script: ZYL RVC team lobby depth rank:	5	team	1	rank	1	of	5
Map Script: ZYL RVC team lobby depth rank:	6	team	1	rank	2	of	5
Map Script: ZYL RVC team lobby depth rank:	7	team	1	rank	3	of	5
Map Script: ZYL RVC team lobby depth rank:	8	team	1	rank	4	of	5
Map Script: ZYL RVC team lobby depth rank:	9	team	1	rank	5	of	5
Map Script: ZYL RVC ring sector:	0	team	0	rank	1	of	5	side	positive	angle	54	-	90	target	68.4	radial	26	-	38
Map Script: ZYL RVC ring sector:	1	team	0	rank	2	of	5	side	positive	angle	18	-	54	target	36	radial	26	-	38
Map Script: ZYL RVC ring sector:	2	team	0	rank	3	of	5	side	positive	angle	-18	-	18	target	0	radial	26	-	38
Map Script: ZYL RVC ring sector:	3	team	0	rank	4	of	5	side	positive	angle	-54	-	-18	target	-36	radial	26	-	38
Map Script: ZYL RVC ring sector:	4	team	0	rank	5	of	5	side	positive	angle	-90	-	-54	target	-68.4	radial	26	-	38
Map Script: ZYL RVC ring sector:	5	team	1	rank	1	of	5	side	negative	angle	90	-	126	target	111.6	radial	26	-	38
Map Script: ZYL RVC ring sector:	6	team	1	rank	2	of	5	side	negative	angle	126	-	162	target	144	radial	26	-	38
Map Script: ZYL RVC ring sector:	7	team	1	rank	3	of	5	side	negative	angle	162	-	198	target	180	radial	26	-	38
Map Script: ZYL RVC ring sector:	8	team	1	rank	4	of	5	side	negative	angle	198	-	234	target	216	radial	26	-	38
Map Script: ZYL RVC ring sector:	9	team	1	rank	5	of	5	side	negative	angle	234	-	270	target	248.4	radial	26	-	38
Map Script: SetStartBias for	CIVILIZATION_EGYPT	0
Map Script: __TableSize startPlots:	10
Map Script: __BiasRoutine check ratedBiases:	table: 00000001C17207A0	;regionIndex:	1
Map Script: Settled Score :	21038828	Player:	0	Region:	1
Map Script: ZYL RVC ring sector result:	0	angleDiff	0.34869908352698	radialDiff	0.3431552180597	plot	57	77
Map Script: SetStartBias for	CIVILIZATION_GERMANY	7
Map Script: __TableSize startPlots:	10
Map Script: __BiasRoutine check ratedBiases:	table: 00000001C10D0880	;regionIndex:	6
Map Script: Settled Score :	18531393	Player:	7	Region:	6
Map Script: ZYL RVC ring sector result:	7	angleDiff	0.90938044919915	radialDiff	0.041335999662773	plot	12	44
Map Script: SetStartBias for	CIVILIZATION_BABYLON_STK	1
Map Script: __TableSize startPlots:	10
Map Script: __BiasRoutine check ratedBiases:	table: 00000001C10B5CB0	;regionIndex:	5
Map Script: Settled Score :	18076668	Player:	1	Region:	5
Map Script: ZYL RVC ring sector result:	1	angleDiff	17.565051177078	radialDiff	0.10032628598067	plot	75	54
Map Script: SetStartBias for	CIVILIZATION_MALI	3
Map Script: __TableSize startPlots:	10
Map Script: __BiasRoutine check ratedBiases:	table: 00000001C10C29B0	;regionIndex:	2
Map Script: Settled Score :	18087147	Player:	3	Region:	2
Map Script: ZYL RVC ring sector result:	3	angleDiff	17.565051177078	radialDiff	0.10032628598067	plot	75	33
Map Script: SetStartBias for	CIVILIZATION_NUBIA	4
Map Script: __TableSize startPlots:	10
Map Script: __BiasRoutine check ratedBiases:	table: 00000001B85CA6B0	;regionIndex:	9
Map Script: Settled Score :	17434580	Player:	4	Region:	9
Map Script: ZYL RVC ring sector result:	4	angleDiff	4.4240963842532	radialDiff	0.26802700589596	plot	52	16
Map Script: SetStartBias for	CIVILIZATION_BRAZIL	6
Map Script: __TableSize startPlots:	10
Map Script: __BiasRoutine check ratedBiases:	table: 00000001B85CE440	;regionIndex:	6
Map Script: Settled Score :	17815346	Player:	6	Region:	6
Map Script: ZYL RVC ring sector result:	6	angleDiff	10.57312583041	radialDiff	0.14760746512805	plot	13	58
Map Script: SetStartBias for	CIVILIZATION_VIETNAM	8
Map Script: __TableSize startPlots:	10
Map Script: __BiasRoutine check ratedBiases:	table: 00000001B85BF170	;regionIndex:	10
Map Script: Settled Score :	16973377	Player:	8	Region:	10
Map Script: ZYL RVC ring sector result:	8	angleDiff	11.663000766067	radialDiff	0.13012812412926	plot	23	21
Map Script: SetStartBias for	CIVILIZATION_MACEDON	5
Map Script: __TableSize startPlots:	10
Map Script: __BiasRoutine check ratedBiases:	table: 00000000D011B580	;regionIndex:	8
Map Script: Settled Score :	18538028	Player:	5	Region:	8
Map Script: ZYL RVC ring sector result:	5	angleDiff	1.3637730598546	radialDiff	0.0032532239334658	plot	31	73
Map Script: SetStartBias for	CIVILIZATION_ROME	9
Map Script: __TableSize startPlots:	10
Map Script: __BiasRoutine check ratedBiases:	table: 00000000D0126660	;regionIndex:	10
Map Script: Settled Score :	17362248	Player:	9	Region:	10
Map Script: ZYL RVC ring sector result:	9	angleDiff	2.5422954898717	radialDiff	0.24211057900397	plot	34	16
Map Script: SetStartBias for	CIVILIZATION_INDIA	2
Map Script: __TableSize startPlots:	10
Map Script: __BiasRoutine check ratedBiases:	nil	;regionIndex:	0
Map Script: Attempt to place using fallback	2	CIVILIZATION_INDIA
Map Script: Failed to place	2	CIVILIZATION_INDIA
Map Script: ZYL RVC coastal side quota:	west	0	east	0	fallback	0
Map Script: SetStartBias for	CIVILIZATION_LISBON	14
Map Script: __TableSize startPlots:	12
Map Script: __BiasRoutine check ratedBiases:	table: 00000000D0113AB0	;regionIndex:	1
Map Script: Settled plot :	72	:	15	Score :	2000651	Player:	14	Region:	1
Map Script: SetStartBias for	CIVILIZATION_JERUSALEM	11
Map Script: __TableSize startPlots:	12
Map Script: __BiasRoutine check ratedBiases:	table: 000000009C6A6C90	;regionIndex:	8
Map Script: Settled plot :	2	:	27	Score :	2719	Player:	11	Region:	8
Map Script: SetStartBias for	CIVILIZATION_VILNIUS	16
Map Script: __TableSize startPlots:	12
Map Script: __BiasRoutine check ratedBiases:	table: 00000001BD3E81D0	;regionIndex:	11
Map Script: Settled plot :	13	:	23	Score :	-89897689	Player:	16	Region:	11
Map Script: SetStartBias for	CIVILIZATION_PRESLAV	21
Map Script: __TableSize startPlots:	12
Map Script: __BiasRoutine check ratedBiases:	table: 00000001BD6F7050	;regionIndex:	7
Map Script: Settled plot :	64	:	11	Score :	-89896743	Player:	21	Region:	7
Map Script: SetStartBias for	CIVILIZATION_HATTUSA	12
Map Script: __TableSize startPlots:	12
Map Script: __BiasRoutine check ratedBiases:	table: 00000001BB672EC0	;regionIndex:	10
Map Script: Settled plot :	63	:	61	Score :	-89895473	Player:	12	Region:	10
Map Script: SetStartBias for	CIVILIZATION_BABYLON	10
Map Script: __TableSize startPlots:	12
Map Script: __BiasRoutine check ratedBiases:	table: 000000009AA8D360	;regionIndex:	12
Map Script: Settled plot :	25	:	64	Score :	-89997027	Player:	10	Region:	12
Map Script: SetStartBias for	CIVILIZATION_BUENOS_AIRES	18
Map Script: __TableSize startPlots:	12
Map Script: __BiasRoutine check ratedBiases:	table: 000000019283A5F0	;regionIndex:	5
Map Script: Settled plot :	45	:	80	Score :	-89997643	Player:	18	Region:	5
Map Script: SetStartBias for	CIVILIZATION_KUMASI	20
Map Script: __TableSize startPlots:	12
Map Script: __BiasRoutine check ratedBiases:	table: 000000009B878190	;regionIndex:	3
Map Script: Settled plot :	52	:	65	Score :	-89996754	Player:	20	Region:	3
Map Script: SetStartBias for	CIVILIZATION_YEREVAN	17
Map Script: __TableSize startPlots:	12
Map Script: __BiasRoutine check ratedBiases:	table: 000000020FF46820	;regionIndex:	2
Map Script: Settled plot :	68	:	71	Score :	-89997128	Player:	17	Region:	2
Map Script: SetStartBias for	CIVILIZATION_FEZ	19
Map Script: __TableSize startPlots:	12
Map Script: __BiasRoutine check ratedBiases:	table: 000000020FAFC7C0	;regionIndex:	4
Map Script: Settled plot :	60	:	23	Score :	-89996959	Player:	19	Region:	4
Map Script: SetStartBias for	CIVILIZATION_JOHANNESBURG	13
Map Script: __TableSize startPlots:	12
Map Script: __BiasRoutine check ratedBiases:	table: 000000020AA1DDA0	;regionIndex:	9
Map Script: Settled plot :	4	:	54	Score :	-89999024	Player:	13	Region:	9
Map Script: SetStartBias for	CIVILIZATION_VATICAN_CITY	15
Map Script: __TableSize startPlots:	12
Map Script: __BiasRoutine check ratedBiases:	table: 0000000191B2AA20	;regionIndex:	6
Map Script: Too close to same CS type
Map Script: Settled plot :	66	:	29	Score :	-89999212	Player:	15	Region:	6
Map Script: Error Major Player is missing:	2
Map Script: Minor	CIVILIZATION_BABYLON	Start X: 	25	Y: 	64
Map Script: Minor	CIVILIZATION_JERUSALEM	Start X: 	2	Y: 	27
Map Script: Minor	CIVILIZATION_HATTUSA	Start X: 	63	Y: 	61
Map Script: Minor	CIVILIZATION_JOHANNESBURG	Start X: 	4	Y: 	54
Map Script: Minor	CIVILIZATION_LISBON	Start X: 	72	Y: 	15
Map Script: Minor	CIVILIZATION_VATICAN_CITY	Start X: 	66	Y: 	29
Map Script: Minor	CIVILIZATION_VILNIUS	Start X: 	13	Y: 	23
Map Script: Minor	CIVILIZATION_YEREVAN	Start X: 	68	Y: 	71
Map Script: Minor	CIVILIZATION_BUENOS_AIRES	Start X: 	45	Y: 	80
Map Script: Minor	CIVILIZATION_FEZ	Start X: 	60	Y: 	23
Map Script: Minor	CIVILIZATION_KUMASI	Start X: 	52	Y: 	65
Map Script: Minor	CIVILIZATION_PRESLAV	Start X: 	64	Y: 	11
Map Script: BBS_AssignStartingPlots: Completed	Wed Sep 16 20:22:17 2026
Map Script: ZYL RVC strict player-distance retry keeps hard floors at	12	same-team /	18	cross-team
Map Script: Attempt #	2	Distance	18
Map Script: TeamPVP __InitStartingData i:	2
Map Script: BBS_AssignStartingPlots: Start:	Wed Sep 16 20:22:17 2026
Map Script: ZYL RVC team lobby depth rank:	0	team	0	rank	1	of	5
Map Script: ZYL RVC team lobby depth rank:	1	team	0	rank	2	of	5
Map Script: ZYL RVC team lobby depth rank:	2	team	0	rank	3	of	5
Map Script: ZYL RVC team lobby depth rank:	3	team	0	rank	4	of	5
Map Script: ZYL RVC team lobby depth rank:	4	team	0	rank	5	of	5
Map Script: ZYL RVC team lobby depth rank:	5	team	1	rank	1	of	5
Map Script: ZYL RVC team lobby depth rank:	6	team	1	rank	2	of	5
Map Script: ZYL RVC team lobby depth rank:	7	team	1	rank	3	of	5
Map Script: ZYL RVC team lobby depth rank:	8	team	1	rank	4	of	5
Map Script: ZYL RVC team lobby depth rank:	9	team	1	rank	5	of	5
Map Script: ZYL RVC ring sector:	0	team	0	rank	1	of	5	side	positive	angle	54	-	90	target	68.4	radial	26	-	38
Map Script: ZYL RVC ring sector:	1	team	0	rank	2	of	5	side	positive	angle	18	-	54	target	36	radial	26	-	38
Map Script: ZYL RVC ring sector:	2	team	0	rank	3	of	5	side	positive	angle	-18	-	18	target	0	radial	26	-	38
Map Script: ZYL RVC ring sector:	3	team	0	rank	4	of	5	side	positive	angle	-54	-	-18	target	-36	radial	26	-	38
Map Script: ZYL RVC ring sector:	4	team	0	rank	5	of	5	side	positive	angle	-90	-	-54	target	-68.4	radial	26	-	38
Map Script: ZYL RVC ring sector:	5	team	1	rank	1	of	5	side	negative	angle	90	-	126	target	111.6	radial	26	-	38
Map Script: ZYL RVC ring sector:	6	team	1	rank	2	of	5	side	negative	angle	126	-	162	target	144	radial	26	-	38
Map Script: ZYL RVC ring sector:	7	team	1	rank	3	of	5	side	negative	angle	162	-	198	target	180	radial	26	-	38
Map Script: ZYL RVC ring sector:	8	team	1	rank	4	of	5	side	negative	angle	198	-	234	target	216	radial	26	-	38
Map Script: ZYL RVC ring sector:	9	team	1	rank	5	of	5	side	negative	angle	234	-	270	target	248.4	radial	26	-	38
Map Script: SetStartBias for	CIVILIZATION_EGYPT	0
Map Script: __TableSize startPlots:	10
Map Script: __BiasRoutine check ratedBiases:	table: 00000001BAF21E80	;regionIndex:	1
Map Script: Settled Score :	22235348	Player:	0	Region:	1
Map Script: ZYL RVC ring sector result:	0	angleDiff	13.469897645844	radialDiff	0.015016237217113	plot	48	75
Map Script: SetStartBias for	CIVILIZATION_GERMANY	7
Map Script: __TableSize startPlots:	10
Map Script: __BiasRoutine check ratedBiases:	table: 00000001BAF2D910	;regionIndex:	6
Map Script: Settled Score :	18531852	Player:	7	Region:	6
Map Script: ZYL RVC ring sector result:	7	angleDiff	0.90938044919915	radialDiff	0.041335999662773	plot	12	44
Map Script: SetStartBias for	CIVILIZATION_BABYLON_STK	1
Map Script: __TableSize startPlots:	10
Map Script: __BiasRoutine check ratedBiases:	table: 00000001BAF331D0	;regionIndex:	5
Map Script: Settled Score :	18076967	Player:	1	Region:	5
Map Script: ZYL RVC ring sector result:	1	angleDiff	17.565051177078	radialDiff	0.10032628598067	plot	75	54
Map Script: SetStartBias for	CIVILIZATION_MALI	3
Map Script: __TableSize startPlots:	10
Map Script: __BiasRoutine check ratedBiases:	table: 00000001BBB8E200	;regionIndex:	2
Map Script: Settled Score :	18086805	Player:	3	Region:	2
Map Script: ZYL RVC ring sector result:	3	angleDiff	17.565051177078	radialDiff	0.10032628598067	plot	75	33
Map Script: SetStartBias for	CIVILIZATION_NUBIA	4
Map Script: __TableSize startPlots:	10
Map Script: __BiasRoutine check ratedBiases:	table: 00000001BBB98A20	;regionIndex:	9
Map Script: Settled Score :	17434277	Player:	4	Region:	9
Map Script: ZYL RVC ring sector result:	4	angleDiff	4.4240963842532	radialDiff	0.26802700589596	plot	52	16
Map Script: SetStartBias for	CIVILIZATION_BRAZIL	6
Map Script: __TableSize startPlots:	10
Map Script: __BiasRoutine check ratedBiases:	table: 00000001BBB9A190	;regionIndex:	6
Map Script: Settled Score :	17814891	Player:	6	Region:	6
Map Script: ZYL RVC ring sector result:	6	angleDiff	10.57312583041	radialDiff	0.14760746512805	plot	13	58
Map Script: SetStartBias for	CIVILIZATION_VIETNAM	8
Map Script: __TableSize startPlots:	10
Map Script: __BiasRoutine check ratedBiases:	table: 00000001BBB86960	;regionIndex:	10
Map Script: Settled Score :	16973217	Player:	8	Region:	10
Map Script: ZYL RVC ring sector result:	8	angleDiff	11.663000766067	radialDiff	0.13012812412926	plot	23	21
Map Script: SetStartBias for	CIVILIZATION_ROME	9
Map Script: __TableSize startPlots:	10
Map Script: __BiasRoutine check ratedBiases:	table: 00000001C14FBE50	;regionIndex:	10
Map Script: Settled Score :	17361504	Player:	9	Region:	10
Map Script: ZYL RVC ring sector result:	9	angleDiff	2.5422954898717	radialDiff	0.24211057900397	plot	34	16
Map Script: SetStartBias for	CIVILIZATION_INDIA	2
Map Script: __TableSize startPlots:	10
Map Script: __BiasRoutine check ratedBiases:	nil	;regionIndex:	0
Map Script: Attempt to place using fallback	2	CIVILIZATION_INDIA
Map Script: Failed to place	2	CIVILIZATION_INDIA
Map Script: SetStartBias for	CIVILIZATION_MACEDON	5
Map Script: __TableSize startPlots:	10
Map Script: __BiasRoutine check ratedBiases:	table: 00000001C1509280	;regionIndex:	8
Map Script: Settled Score :	18538377	Player:	5	Region:	8
Map Script: ZYL RVC ring sector result:	5	angleDiff	1.3637730598546	radialDiff	0.0032532239334658	plot	31	73
Map Script: ZYL RVC coastal side quota:	west	0	east	0	fallback	0
Map Script: SetStartBias for	CIVILIZATION_LISBON	14
Map Script: __TableSize startPlots:	12
Map Script: __BiasRoutine check ratedBiases:	table: 000000009C8BCE10	;regionIndex:	2
Map Script: Settled plot :	69	:	12	Score :	2001022	Player:	14	Region:	2
Map Script: SetStartBias for	CIVILIZATION_VILNIUS	16
Map Script: __TableSize startPlots:	12
Map Script: __BiasRoutine check ratedBiases:	table: 00000000B3397BB0	;regionIndex:	11
Map Script: Settled plot :	65	:	71	Score :	102528	Player:	16	Region:	11
Map Script: SetStartBias for	CIVILIZATION_JERUSALEM	11
Map Script: __TableSize startPlots:	12
Map Script: __BiasRoutine check ratedBiases:	table: 000000009C8BBA10	;regionIndex:	5
Map Script: Settled plot :	58	:	79	Score :	-89896672	Player:	11	Region:	5
Map Script: SetStartBias for	CIVILIZATION_HATTUSA	12
Map Script: __TableSize startPlots:	12
Map Script: __BiasRoutine check ratedBiases:	table: 0000000191B31B90	;regionIndex:	8
Map Script: Settled plot :	2	:	26	Score :	3900	Player:	12	Region:	8
Map Script: SetStartBias for	CIVILIZATION_PRESLAV	21
Map Script: __TableSize startPlots:	12
Map Script: __BiasRoutine check ratedBiases:	table: 000000020FB07B20	;regionIndex:	4
Map Script: Settled plot :	14	:	24	Score :	-89897727	Player:	21	Region:	4
Map Script: SetStartBias for	CIVILIZATION_BABYLON	10
Map Script: __TableSize startPlots:	12
Map Script: __BiasRoutine check ratedBiases:	table: 000000009AAA1CC0	;regionIndex:	9
Map Script: Settled plot :	62	:	61	Score :	-89996902	Player:	10	Region:	9
Map Script: SetStartBias for	CIVILIZATION_BUENOS_AIRES	18
Map Script: __TableSize startPlots:	12
Map Script: __BiasRoutine check ratedBiases:	table: 00000001BB666D50	;regionIndex:	1
Map Script: Settled plot :	43	:	12	Score :	-89997979	Player:	18	Region:	1
Map Script: SetStartBias for	CIVILIZATION_KUMASI	20
Map Script: __TableSize startPlots:	12
Map Script: __BiasRoutine check ratedBiases:	table: 00000001BD6FA480	;regionIndex:	6
Map Script: Settled plot :	65	:	27	Score :	-89997017	Player:	20	Region:	6
Map Script: SetStartBias for	CIVILIZATION_YEREVAN	17
Map Script: __TableSize startPlots:	12
Map Script: __BiasRoutine check ratedBiases:	table: 00000001BDBE59E0	;regionIndex:	3
Map Script: Settled plot :	60	:	22	Score :	-89997866	Player:	17	Region:	3
Map Script: SetStartBias for	CIVILIZATION_FEZ	19
Map Script: __TableSize startPlots:	12
Map Script: __BiasRoutine check ratedBiases:	table: 00000001BD3F5740	;regionIndex:	7
Map Script: Settled plot :	26	:	8	Score :	-89996336	Player:	19	Region:	7
Map Script: SetStartBias for	CIVILIZATION_JOHANNESBURG	13
Map Script: __TableSize startPlots:	12
Map Script: __BiasRoutine check ratedBiases:	table: 00000001B7649840	;regionIndex:	10
Map Script: Settled plot :	20	:	50	Score :	-89999025	Player:	13	Region:	10
Map Script: SetStartBias for	CIVILIZATION_VATICAN_CITY	15
Map Script: __TableSize startPlots:	12
Map Script: __BiasRoutine check ratedBiases:	table: 000000009C6A6470	;regionIndex:	12
Map Script: Settled plot :	41	:	67	Score :	-89998981	Player:	15	Region:	12
Map Script: Error Major Player is missing:	2
Map Script: Minor	CIVILIZATION_BABYLON	Start X: 	62	Y: 	61
Map Script: Minor	CIVILIZATION_JERUSALEM	Start X: 	58	Y: 	79
Map Script: Minor	CIVILIZATION_HATTUSA	Start X: 	2	Y: 	26
Map Script: Minor	CIVILIZATION_JOHANNESBURG	Start X: 	20	Y: 	50
Map Script: Minor	CIVILIZATION_LISBON	Start X: 	69	Y: 	12
Map Script: Minor	CIVILIZATION_VATICAN_CITY	Start X: 	41	Y: 	67
Map Script: Minor	CIVILIZATION_VILNIUS	Start X: 	65	Y: 	71
Map Script: Minor	CIVILIZATION_YEREVAN	Start X: 	60	Y: 	22
Map Script: Minor	CIVILIZATION_BUENOS_AIRES	Start X: 	43	Y: 	12
Map Script: Minor	CIVILIZATION_FEZ	Start X: 	26	Y: 	8
Map Script: Minor	CIVILIZATION_KUMASI	Start X: 	65	Y: 	27
Map Script: Minor	CIVILIZATION_PRESLAV	Start X: 	14	Y: 	24
Map Script: BBS_AssignStartingPlots: Completed	Wed Sep 16 20:22:17 2026
Map Script: ZYL RVC strict player-distance retry keeps hard floors at	12	same-team /	18	cross-team
Map Script: Attempt #	3	Distance	18
Map Script: TeamPVP __InitStartingData i:	3
Map Script: BBS_AssignStartingPlots: Start:	Wed Sep 16 20:22:17 2026
Map Script: ZYL RVC team lobby depth rank:	0	team	0	rank	1	of	5
Map Script: ZYL RVC team lobby depth rank:	1	team	0	rank	2	of	5
Map Script: ZYL RVC team lobby depth rank:	2	team	0	rank	3	of	5
Map Script: ZYL RVC team lobby depth rank:	3	team	0	rank	4	of	5
Map Script: ZYL RVC team lobby depth rank:	4	team	0	rank	5	of	5
Map Script: ZYL RVC team lobby depth rank:	5	team	1	rank	1	of	5
Map Script: ZYL RVC team lobby depth rank:	6	team	1	rank	2	of	5
Map Script: ZYL RVC team lobby depth rank:	7	team	1	rank	3	of	5
Map Script: ZYL RVC team lobby depth rank:	8	team	1	rank	4	of	5
Map Script: ZYL RVC team lobby depth rank:	9	team	1	rank	5	of	5
Map Script: ZYL RVC ring sector:	0	team	0	rank	1	of	5	side	positive	angle	54	-	90	target	68.4	radial	26	-	38
Map Script: ZYL RVC ring sector:	1	team	0	rank	2	of	5	side	positive	angle	18	-	54	target	36	radial	26	-	38
Map Script: ZYL RVC ring sector:	2	team	0	rank	3	of	5	side	positive	angle	-18	-	18	target	0	radial	26	-	38
Map Script: ZYL RVC ring sector:	3	team	0	rank	4	of	5	side	positive	angle	-54	-	-18	target	-36	radial	26	-	38
Map Script: ZYL RVC ring sector:	4	team	0	rank	5	of	5	side	positive	angle	-90	-	-54	target	-68.4	radial	26	-	38
Map Script: ZYL RVC ring sector:	5	team	1	rank	1	of	5	side	negative	angle	90	-	126	target	111.6	radial	26	-	38
Map Script: ZYL RVC ring sector:	6	team	1	rank	2	of	5	side	negative	angle	126	-	162	target	144	radial	26	-	38
Map Script: ZYL RVC ring sector:	7	team	1	rank	3	of	5	side	negative	angle	162	-	198	target	180	radial	26	-	38
Map Script: ZYL RVC ring sector:	8	team	1	rank	4	of	5	side	negative	angle	198	-	234	target	216	radial	26	-	38
Map Script: ZYL RVC ring sector:	9	team	1	rank	5	of	5	side	negative	angle	234	-	270	target	248.4	radial	26	-	38
Map Script: SetStartBias for	CIVILIZATION_EGYPT	0
Map Script: __TableSize startPlots:	10
Map Script: __BiasRoutine check ratedBiases:	table: 00000001B873EFF0	;regionIndex:	1
Map Script: Settled Score :	22235733	Player:	0	Region:	1
Map Script: ZYL RVC ring sector result:	0	angleDiff	13.469897645844	radialDiff	0.015016237217113	plot	48	75
Map Script: SetStartBias for	CIVILIZATION_GERMANY	7
Map Script: __TableSize startPlots:	10
Map Script: __BiasRoutine check ratedBiases:	table: 00000001C04A4EA0	;regionIndex:	6
Map Script: Settled Score :	18531512	Player:	7	Region:	6
Map Script: ZYL RVC ring sector result:	7	angleDiff	0.90938044919915	radialDiff	0.041335999662773	plot	12	44
Map Script: SetStartBias for	CIVILIZATION_BABYLON_STK	1
Map Script: __TableSize startPlots:	10
Map Script: __BiasRoutine check ratedBiases:	table: 00000001BD538B50	;regionIndex:	5
Map Script: Settled Score :	18077329	Player:	1	Region:	5
Map Script: ZYL RVC ring sector result:	1	angleDiff	17.565051177078	radialDiff	0.10032628598067	plot	75	54
Map Script: SetStartBias for	CIVILIZATION_MALI	3
Map Script: __TableSize startPlots:	10
Map Script: __BiasRoutine check ratedBiases:	table: 00000001BD541A70	;regionIndex:	2
Map Script: Settled Score :	18087151	Player:	3	Region:	2
Map Script: ZYL RVC ring sector result:	3	angleDiff	17.565051177078	radialDiff	0.10032628598067	plot	75	33
Map Script: SetStartBias for	CIVILIZATION_NUBIA	4
Map Script: __TableSize startPlots:	10
Map Script: __BiasRoutine check ratedBiases:	table: 00000001BD52B400	;regionIndex:	9
Map Script: Settled Score :	17434128	Player:	4	Region:	9
Map Script: ZYL RVC ring sector result:	4	angleDiff	4.4240963842532	radialDiff	0.26802700589596	plot	52	16
Map Script: SetStartBias for	CIVILIZATION_BRAZIL	6
Map Script: __TableSize startPlots:	10
Map Script: __BiasRoutine check ratedBiases:	table: 00000001BD52F5F0	;regionIndex:	6
Map Script: Settled Score :	17815162	Player:	6	Region:	6
Map Script: ZYL RVC ring sector result:	6	angleDiff	10.57312583041	radialDiff	0.14760746512805	plot	13	58
Map Script: SetStartBias for	CIVILIZATION_VIETNAM	8
Map Script: __TableSize startPlots:	10
Map Script: __BiasRoutine check ratedBiases:	table: 000000019508A160	;regionIndex:	10
Map Script: Settled Score :	16974205	Player:	8	Region:	10
Map Script: ZYL RVC ring sector result:	8	angleDiff	11.663000766067	radialDiff	0.13012812412926	plot	23	21
Map Script: SetStartBias for	CIVILIZATION_MACEDON	5
Map Script: __TableSize startPlots:	10
Map Script: __BiasRoutine check ratedBiases:	table: 0000000195091820	;regionIndex:	8
Map Script: Settled Score :	18538298	Player:	5	Region:	8
Map Script: ZYL RVC ring sector result:	5	angleDiff	1.3637730598546	radialDiff	0.0032532239334658	plot	31	73
Map Script: SetStartBias for	CIVILIZATION_INDIA	2
Map Script: __TableSize startPlots:	10
Map Script: __BiasRoutine check ratedBiases:	nil	;regionIndex:	0
Map Script: Attempt to place using fallback	2	CIVILIZATION_INDIA
Map Script: Failed to place	2	CIVILIZATION_INDIA
Map Script: SetStartBias for	CIVILIZATION_ROME	9
Map Script: __TableSize startPlots:	10
Map Script: __BiasRoutine check ratedBiases:	table: 00000001B9B60460	;regionIndex:	10
Map Script: Settled Score :	17361838	Player:	9	Region:	10
Map Script: ZYL RVC ring sector result:	9	angleDiff	2.5422954898717	radialDiff	0.24211057900397	plot	34	16
Map Script: ZYL RVC coastal side quota:	west	0	east	0	fallback	0
Map Script: SetStartBias for	CIVILIZATION_LISBON	14
Map Script: __TableSize startPlots:	12
Map Script: __BiasRoutine check ratedBiases:	table: 00000001BD858A90	;regionIndex:	2
Map Script: Settled plot :	69	:	12	Score :	2000308	Player:	14	Region:	2
Map Script: SetStartBias for	CIVILIZATION_HATTUSA	12
Map Script: __TableSize startPlots:	12
Map Script: __BiasRoutine check ratedBiases:	table: 000000009B87D820	;regionIndex:	11
Map Script: Settled plot :	62	:	65	Score :	104532	Player:	12	Region:	11
Map Script: SetStartBias for	CIVILIZATION_PRESLAV	21
Map Script: __TableSize startPlots:	12
Map Script: __BiasRoutine check ratedBiases:	table: 00000001BA245BC0	;regionIndex:	5
Map Script: Settled plot :	67	:	74	Score :	2737	Player:	21	Region:	5
Map Script: SetStartBias for	CIVILIZATION_JERUSALEM	11
Map Script: __TableSize startPlots:	12
Map Script: __BiasRoutine check ratedBiases:	table: 0000000193398C90	;regionIndex:	8
Map Script: Settled plot :	2	:	27	Score :	2855	Player:	11	Region:	8
Map Script: SetStartBias for	CIVILIZATION_VILNIUS	16
Map Script: __TableSize startPlots:	12
Map Script: __BiasRoutine check ratedBiases:	table: 000000020CDEBC20	;regionIndex:	4
Map Script: Settled plot :	13	:	23	Score :	-89897655	Player:	16	Region:	4
Map Script: SetStartBias for	CIVILIZATION_BABYLON	10
Map Script: __TableSize startPlots:	12
Map Script: __BiasRoutine check ratedBiases:	table: 00000001BECB2D70	;regionIndex:	9
Map Script: Settled plot :	69	:	44	Score :	-89996981	Player:	10	Region:	9
Map Script: SetStartBias for	CIVILIZATION_FEZ	19
Map Script: __TableSize startPlots:	12
Map Script: __BiasRoutine check ratedBiases:	table: 00000001B74D98C0	;regionIndex:	3
Map Script: Settled plot :	59	:	23	Score :	-89996895	Player:	19	Region:	3
Map Script: SetStartBias for	CIVILIZATION_YEREVAN	17
Map Script: __TableSize startPlots:	12
Map Script: __BiasRoutine check ratedBiases:	table: 00000001B86A9E50	;regionIndex:	1
Map Script: Settled plot :	43	:	12	Score :	-89998376	Player:	17	Region:	1
Map Script: SetStartBias for	CIVILIZATION_KUMASI	20
Map Script: __TableSize startPlots:	12
Map Script: __BiasRoutine check ratedBiases:	table: 00000001BBA0A4A0	;regionIndex:	7
Map Script: Too close to same CS type
Map Script: Too close to same CS type
Map Script: Settled plot :	58	:	7	Score :	-89996887	Player:	20	Region:	7
Map Script: SetStartBias for	CIVILIZATION_BUENOS_AIRES	18
Map Script: __TableSize startPlots:	12
Map Script: __BiasRoutine check ratedBiases:	table: 000000009CBFA8F0	;regionIndex:	10
Map Script: Settled plot :	2	:	55	Score :	-89997781	Player:	18	Region:	10
Map Script: SetStartBias for	CIVILIZATION_VATICAN_CITY	15
Map Script: __TableSize startPlots:	12
Map Script: __BiasRoutine check ratedBiases:	table: 00000001BCE0ACD0	;regionIndex:	12
Map Script: Settled plot :	21	:	74	Score :	-89998996	Player:	15	Region:	12
Map Script: SetStartBias for	CIVILIZATION_JOHANNESBURG	13
Map Script: __TableSize startPlots:	12
Map Script: __BiasRoutine check ratedBiases:	table: 000000009CFB3D20	;regionIndex:	6
Map Script: Settled plot :	66	:	26	Score :	-89999102	Player:	13	Region:	6
Map Script: Error Major Player is missing:	2
Map Script: Minor	CIVILIZATION_BABYLON	Start X: 	69	Y: 	44
Map Script: Minor	CIVILIZATION_JERUSALEM	Start X: 	2	Y: 	27
Map Script: Minor	CIVILIZATION_HATTUSA	Start X: 	62	Y: 	65
Map Script: Minor	CIVILIZATION_JOHANNESBURG	Start X: 	66	Y: 	26
Map Script: Minor	CIVILIZATION_LISBON	Start X: 	69	Y: 	12
Map Script: Minor	CIVILIZATION_VATICAN_CITY	Start X: 	21	Y: 	74
Map Script: Minor	CIVILIZATION_VILNIUS	Start X: 	13	Y: 	23
Map Script: Minor	CIVILIZATION_YEREVAN	Start X: 	43	Y: 	12
Map Script: Minor	CIVILIZATION_BUENOS_AIRES	Start X: 	2	Y: 	55
Map Script: Minor	CIVILIZATION_FEZ	Start X: 	59	Y: 	23
Map Script: Minor	CIVILIZATION_KUMASI	Start X: 	58	Y: 	7
Map Script: Minor	CIVILIZATION_PRESLAV	Start X: 	67	Y: 	74
Map Script: BBS_AssignStartingPlots: Completed	Wed Sep 16 20:22:17 2026
Map Script: ZYL RVC strict player-distance retry keeps hard floors at	12	same-team /	18	cross-team
Map Script: Attempt #	4	Distance	18
Map Script: TeamPVP __InitStartingData i:	4
Map Script: BBS_AssignStartingPlots: Start:	Wed Sep 16 20:22:17 2026
Map Script: ZYL RVC team lobby depth rank:	0	team	0	rank	1	of	5
Map Script: ZYL RVC team lobby depth rank:	1	team	0	rank	2	of	5
Map Script: ZYL RVC team lobby depth rank:	2	team	0	rank	3	of	5
Map Script: ZYL RVC team lobby depth rank:	3	team	0	rank	4	of	5
Map Script: ZYL RVC team lobby depth rank:	4	team	0	rank	5	of	5
Map Script: ZYL RVC team lobby depth rank:	5	team	1	rank	1	of	5
Map Script: ZYL RVC team lobby depth rank:	6	team	1	rank	2	of	5
Map Script: ZYL RVC team lobby depth rank:	7	team	1	rank	3	of	5
Map Script: ZYL RVC team lobby depth rank:	8	team	1	rank	4	of	5
Map Script: ZYL RVC team lobby depth rank:	9	team	1	rank	5	of	5
Map Script: ZYL RVC ring sector:	0	team	0	rank	1	of	5	side	positive	angle	54	-	90	target	68.4	radial	26	-	38
Map Script: ZYL RVC ring sector:	1	team	0	rank	2	of	5	side	positive	angle	18	-	54	target	36	radial	26	-	38
Map Script: ZYL RVC ring sector:	2	team	0	rank	3	of	5	side	positive	angle	-18	-	18	target	0	radial	26	-	38
Map Script: ZYL RVC ring sector:	3	team	0	rank	4	of	5	side	positive	angle	-54	-	-18	target	-36	radial	26	-	38
Map Script: ZYL RVC ring sector:	4	team	0	rank	5	of	5	side	positive	angle	-90	-	-54	target	-68.4	radial	26	-	38
Map Script: ZYL RVC ring sector:	5	team	1	rank	1	of	5	side	negative	angle	90	-	126	target	111.6	radial	26	-	38
Map Script: ZYL RVC ring sector:	6	team	1	rank	2	of	5	side	negative	angle	126	-	162	target	144	radial	26	-	38
Map Script: ZYL RVC ring sector:	7	team	1	rank	3	of	5	side	negative	angle	162	-	198	target	180	radial	26	-	38
Map Script: ZYL RVC ring sector:	8	team	1	rank	4	of	5	side	negative	angle	198	-	234	target	216	radial	26	-	38
Map Script: ZYL RVC ring sector:	9	team	1	rank	5	of	5	side	negative	angle	234	-	270	target	248.4	radial	26	-	38
Map Script: SetStartBias for	CIVILIZATION_EGYPT	0
Map Script: __TableSize startPlots:	10
Map Script: __BiasRoutine check ratedBiases:	table: 00000001BD68F710	;regionIndex:	1
Map Script: Settled Score :	22725287	Player:	0	Region:	1
Map Script: ZYL RVC ring sector result:	0	angleDiff	15.453374340353	radialDiff	0.057326521446859	plot	47	76
Map Script: SetStartBias for	CIVILIZATION_GERMANY	7
Map Script: __TableSize startPlots:	10
Map Script: __BiasRoutine check ratedBiases:	table: 00000001BD6A0330	;regionIndex:	6
Map Script: Settled Score :	18531865	Player:	7	Region:	6
Map Script: ZYL RVC ring sector result:	7	angleDiff	0.90938044919915	radialDiff	0.041335999662773	plot	12	44
Map Script: SetStartBias for	CIVILIZATION_BABYLON_STK	1
Map Script: __TableSize startPlots:	10
Map Script: __BiasRoutine check ratedBiases:	table: 00000001BD691FB0	;regionIndex:	5
Map Script: Settled Score :	18076753	Player:	1	Region:	5
Map Script: ZYL RVC ring sector result:	1	angleDiff	17.565051177078	radialDiff	0.10032628598067	plot	75	54
Map Script: SetStartBias for	CIVILIZATION_MALI	3
Map Script: __TableSize startPlots:	10
Map Script: __BiasRoutine check ratedBiases:	table: 00000001BD69B010	;regionIndex:	2
Map Script: Settled Score :	18086928	Player:	3	Region:	2
Map Script: ZYL RVC ring sector result:	3	angleDiff	17.565051177078	radialDiff	0.10032628598067	plot	75	33
Map Script: SetStartBias for	CIVILIZATION_NUBIA	4
Map Script: __TableSize startPlots:	10
Map Script: __BiasRoutine check ratedBiases:	table: 00000001BEBCC640	;regionIndex:	9
Map Script: Settled Score :	17434639	Player:	4	Region:	9
Map Script: ZYL RVC ring sector result:	4	angleDiff	4.4240963842532	radialDiff	0.26802700589596	plot	52	16
Map Script: SetStartBias for	CIVILIZATION_BRAZIL	6
Map Script: __TableSize startPlots:	10
Map Script: __BiasRoutine check ratedBiases:	table: 00000001BEBCF390	;regionIndex:	6
Map Script: Settled Score :	17815332	Player:	6	Region:	6
Map Script: ZYL RVC ring sector result:	6	angleDiff	10.57312583041	radialDiff	0.14760746512805	plot	13	58
Map Script: SetStartBias for	CIVILIZATION_VIETNAM	8
Map Script: __TableSize startPlots:	10
Map Script: __BiasRoutine check ratedBiases:	table: 0000000195119BB0	;regionIndex:	10
Map Script: Settled Score :	16973972	Player:	8	Region:	10
Map Script: ZYL RVC ring sector result:	8	angleDiff	11.663000766067	radialDiff	0.13012812412926	plot	23	21
Map Script: SetStartBias for	CIVILIZATION_ROME	9
Map Script: __TableSize startPlots:	10
Map Script: __BiasRoutine check ratedBiases:	table: 00000001C03E2A10	;regionIndex:	10
Map Script: Settled Score :	17361501	Player:	9	Region:	10
Map Script: ZYL RVC ring sector result:	9	angleDiff	2.5422954898717	radialDiff	0.24211057900397	plot	34	16
Map Script: SetStartBias for	CIVILIZATION_MACEDON	5
Map Script: __TableSize startPlots:	10
Map Script: __BiasRoutine check ratedBiases:	table: 00000001BD531C60	;regionIndex:	8
Map Script: Settled Score :	17805445	Player:	5	Region:	8
Map Script: ZYL RVC ring sector result:	5	angleDiff	2.8439547804165	radialDiff	0.1493654221678	plot	31	71
Map Script: SetStartBias for	CIVILIZATION_INDIA	2
Map Script: __TableSize startPlots:	10
Map Script: __BiasRoutine check ratedBiases:	nil	;regionIndex:	0
Map Script: Attempt to place using fallback	2	CIVILIZATION_INDIA
Map Script: Failed to place	2	CIVILIZATION_INDIA
Map Script: ZYL RVC coastal side quota:	west	0	east	0	fallback	0
Map Script: SetStartBias for	CIVILIZATION_LISBON	14
Map Script: __TableSize startPlots:	12
Map Script: __BiasRoutine check ratedBiases:	table: 00000001BD6336B0	;regionIndex:	9
Map Script: Settled plot :	2	:	26	Score :	2000931	Player:	14	Region:	9
Map Script: SetStartBias for	CIVILIZATION_HATTUSA	12
Map Script: __TableSize startPlots:	12
Map Script: __BiasRoutine check ratedBiases:	table: 000000018C05BC90	;regionIndex:	12
Map Script: Settled plot :	64	:	73	Score :	104680	Player:	12	Region:	12
Map Script: SetStartBias for	CIVILIZATION_PRESLAV	21
Map Script: __TableSize startPlots:	12
Map Script: __BiasRoutine check ratedBiases:	table: 00000001B8E65E90	;regionIndex:	2
Map Script: Settled plot :	69	:	14	Score :	102124	Player:	21	Region:	2
Map Script: SetStartBias for	CIVILIZATION_JERUSALEM	11
Map Script: __TableSize startPlots:	12
Map Script: __BiasRoutine check ratedBiases:	table: 000000020BA74A00	;regionIndex:	5
Map Script: Settled plot :	58	:	79	Score :	-89896661	Player:	11	Region:	5
Map Script: SetStartBias for	CIVILIZATION_VILNIUS	16
Map Script: __TableSize startPlots:	12
Map Script: __BiasRoutine check ratedBiases:	table: 00000001C0D17E00	;regionIndex:	4
Map Script: Settled plot :	13	:	23	Score :	-89897633	Player:	16	Region:	4
Map Script: SetStartBias for	CIVILIZATION_BABYLON	10
Map Script: __TableSize startPlots:	12
Map Script: __BiasRoutine check ratedBiases:	table: 000000009C8E8BB0	;regionIndex:	11
Map Script: Settled plot :	20	:	50	Score :	-89996901	Player:	10	Region:	11
Map Script: SetStartBias for	CIVILIZATION_FEZ	19
Map Script: __TableSize startPlots:	12
Map Script: __BiasRoutine check ratedBiases:	table: 000000009C8FB080	;regionIndex:	3
Map Script: Settled plot :	59	:	23	Score :	-89996743	Player:	19	Region:	3
Map Script: SetStartBias for	CIVILIZATION_KUMASI	20
Map Script: __TableSize startPlots:	12
Map Script: __BiasRoutine check ratedBiases:	table: 000000009B47E080	;regionIndex:	8
Map Script: Settled plot :	19	:	70	Score :	-89996554	Player:	20	Region:	8
Map Script: SetStartBias for	CIVILIZATION_BUENOS_AIRES	18
Map Script: __TableSize startPlots:	12
Map Script: __BiasRoutine check ratedBiases:	table: 00000001BEDA91B0	;regionIndex:	1
Map Script: Settled plot :	43	:	12	Score :	-89998108	Player:	18	Region:	1
Map Script: SetStartBias for	CIVILIZATION_YEREVAN	17
Map Script: __TableSize startPlots:	12
Map Script: __BiasRoutine check ratedBiases:	table: 00000001BD29B8B0	;regionIndex:	10
Map Script: Settled plot :	82	:	44	Score :	-89997615	Player:	17	Region:	10
Map Script: SetStartBias for	CIVILIZATION_VATICAN_CITY	15
Map Script: __TableSize startPlots:	12
Map Script: __BiasRoutine check ratedBiases:	table: 000000009C1F0910	;regionIndex:	6
Map Script: Settled plot :	67	:	28	Score :	-89999116	Player:	15	Region:	6
Map Script: SetStartBias for	CIVILIZATION_JOHANNESBURG	13
Map Script: __TableSize startPlots:	12
Map Script: __BiasRoutine check ratedBiases:	table: 00000001950B84A0	;regionIndex:	7
Map Script: Too close to same CS type
Map Script: Settled plot :	21	:	10	Score :	-89998984	Player:	13	Region:	7
Map Script: Error Major Player is missing:	2
Map Script: Minor	CIVILIZATION_BABYLON	Start X: 	20	Y: 	50
Map Script: Minor	CIVILIZATION_JERUSALEM	Start X: 	58	Y: 	79
Map Script: Minor	CIVILIZATION_HATTUSA	Start X: 	64	Y: 	73
Map Script: Minor	CIVILIZATION_JOHANNESBURG	Start X: 	21	Y: 	10
Map Script: Minor	CIVILIZATION_LISBON	Start X: 	2	Y: 	26
Map Script: Minor	CIVILIZATION_VATICAN_CITY	Start X: 	67	Y: 	28
Map Script: Minor	CIVILIZATION_VILNIUS	Start X: 	13	Y: 	23
Map Script: Minor	CIVILIZATION_YEREVAN	Start X: 	82	Y: 	44
Map Script: Minor	CIVILIZATION_BUENOS_AIRES	Start X: 	43	Y: 	12
Map Script: Minor	CIVILIZATION_FEZ	Start X: 	59	Y: 	23
Map Script: Minor	CIVILIZATION_KUMASI	Start X: 	19	Y: 	70
Map Script: Minor	CIVILIZATION_PRESLAV	Start X: 	69	Y: 	14
Map Script: BBS_AssignStartingPlots: Completed	Wed Sep 16 20:22:18 2026
Map Script: ZYL RVC strict player-distance retry keeps hard floors at	12	same-team /	18	cross-team
Map Script: Attempt #	5	Distance	18
Map Script: TeamPVP __InitStartingData i:	5
Map Script: BBS_AssignStartingPlots: Start:	Wed Sep 16 20:22:18 2026
Map Script: ZYL RVC team lobby depth rank:	0	team	0	rank	1	of	5
Map Script: ZYL RVC team lobby depth rank:	1	team	0	rank	2	of	5
Map Script: ZYL RVC team lobby depth rank:	2	team	0	rank	3	of	5
Map Script: ZYL RVC team lobby depth rank:	3	team	0	rank	4	of	5
Map Script: ZYL RVC team lobby depth rank:	4	team	0	rank	5	of	5
Map Script: ZYL RVC team lobby depth rank:	5	team	1	rank	1	of	5
Map Script: ZYL RVC team lobby depth rank:	6	team	1	rank	2	of	5
Map Script: ZYL RVC team lobby depth rank:	7	team	1	rank	3	of	5
Map Script: ZYL RVC team lobby depth rank:	8	team	1	rank	4	of	5
Map Script: ZYL RVC team lobby depth rank:	9	team	1	rank	5	of	5
Map Script: ZYL RVC ring sector:	0	team	0	rank	1	of	5	side	positive	angle	54	-	90	target	68.4	radial	26	-	38
Map Script: ZYL RVC ring sector:	1	team	0	rank	2	of	5	side	positive	angle	18	-	54	target	36	radial	26	-	38
Map Script: ZYL RVC ring sector:	2	team	0	rank	3	of	5	side	positive	angle	-18	-	18	target	0	radial	26	-	38
Map Script: ZYL RVC ring sector:	3	team	0	rank	4	of	5	side	positive	angle	-54	-	-18	target	-36	radial	26	-	38
Map Script: ZYL RVC ring sector:	4	team	0	rank	5	of	5	side	positive	angle	-90	-	-54	target	-68.4	radial	26	-	38
Map Script: ZYL RVC ring sector:	5	team	1	rank	1	of	5	side	negative	angle	90	-	126	target	111.6	radial	26	-	38
Map Script: ZYL RVC ring sector:	6	team	1	rank	2	of	5	side	negative	angle	126	-	162	target	144	radial	26	-	38
Map Script: ZYL RVC ring sector:	7	team	1	rank	3	of	5	side	negative	angle	162	-	198	target	180	radial	26	-	38
Map Script: ZYL RVC ring sector:	8	team	1	rank	4	of	5	side	negative	angle	198	-	234	target	216	radial	26	-	38
Map Script: ZYL RVC ring sector:	9	team	1	rank	5	of	5	side	negative	angle	234	-	270	target	248.4	radial	26	-	38
Map Script: SetStartBias for	CIVILIZATION_EGYPT	0
Map Script: __TableSize startPlots:	10
Map Script: __BiasRoutine check ratedBiases:	table: 00000001BE726CF0	;regionIndex:	1
Map Script: Settled Score :	22725505	Player:	0	Region:	1
Map Script: ZYL RVC ring sector result:	0	angleDiff	15.453374340353	radialDiff	0.057326521446859	plot	47	76
Map Script: SetStartBias for	CIVILIZATION_GERMANY	7
Map Script: __TableSize startPlots:	10
Map Script: __BiasRoutine check ratedBiases:	table: 00000001955E2710	;regionIndex:	6
Map Script: Settled Score :	18531795	Player:	7	Region:	6
Map Script: ZYL RVC ring sector result:	7	angleDiff	0.90938044919915	radialDiff	0.041335999662773	plot	12	44
Map Script: SetStartBias for	CIVILIZATION_BABYLON_STK	1
Map Script: __TableSize startPlots:	10
Map Script: __BiasRoutine check ratedBiases:	table: 00000001955E86B0	;regionIndex:	5
Map Script: Settled Score :	18077269	Player:	1	Region:	5
Map Script: ZYL RVC ring sector result:	1	angleDiff	17.565051177078	radialDiff	0.10032628598067	plot	75	54
Map Script: SetStartBias for	CIVILIZATION_MALI	3
Map Script: __TableSize startPlots:	10
Map Script: __BiasRoutine check ratedBiases:	table: 00000001955F2390	;regionIndex:	2
Map Script: Settled Score :	18086832	Player:	3	Region:	2
Map Script: ZYL RVC ring sector result:	3	angleDiff	17.565051177078	radialDiff	0.10032628598067	plot	75	33
Map Script: SetStartBias for	CIVILIZATION_NUBIA	4
Map Script: __TableSize startPlots:	10
Map Script: __BiasRoutine check ratedBiases:	table: 00000001955FA270	;regionIndex:	9
Map Script: Settled Score :	17434271	Player:	4	Region:	9
Map Script: ZYL RVC ring sector result:	4	angleDiff	4.4240963842532	radialDiff	0.26802700589596	plot	52	16
Map Script: SetStartBias for	CIVILIZATION_BRAZIL	6
Map Script: __TableSize startPlots:	10
Map Script: __BiasRoutine check ratedBiases:	table: 00000001955DC950	;regionIndex:	6
Map Script: Settled Score :	17814446	Player:	6	Region:	6
Map Script: ZYL RVC ring sector result:	6	angleDiff	10.57312583041	radialDiff	0.14760746512805	plot	13	58
Map Script: SetStartBias for	CIVILIZATION_VIETNAM	8
Map Script: __TableSize startPlots:	10
Map Script: __BiasRoutine check ratedBiases:	table: 00000001BD9C4EF0	;regionIndex:	10
Map Script: Settled Score :	16973734	Player:	8	Region:	10
Map Script: ZYL RVC ring sector result:	8	angleDiff	11.663000766067	radialDiff	0.13012812412926	plot	23	21
Map Script: SetStartBias for	CIVILIZATION_MACEDON	5
Map Script: __TableSize startPlots:	10
Map Script: __BiasRoutine check ratedBiases:	table: 00000001C1B848F0	;regionIndex:	8
Map Script: Settled Score :	17805031	Player:	5	Region:	8
Map Script: ZYL RVC ring sector result:	5	angleDiff	2.8439547804165	radialDiff	0.1493654221678	plot	31	71
Map Script: SetStartBias for	CIVILIZATION_INDIA	2
Map Script: __TableSize startPlots:	10
Map Script: __BiasRoutine check ratedBiases:	nil	;regionIndex:	0
Map Script: Attempt to place using fallback	2	CIVILIZATION_INDIA
Map Script: Failed to place	2	CIVILIZATION_INDIA
Map Script: SetStartBias for	CIVILIZATION_ROME	9
Map Script: __TableSize startPlots:	10
Map Script: __BiasRoutine check ratedBiases:	table: 000000009AF42A00	;regionIndex:	10
Map Script: Settled Score :	17362002	Player:	9	Region:	10
Map Script: ZYL RVC ring sector result:	9	angleDiff	2.5422954898717	radialDiff	0.24211057900397	plot	34	16
Map Script: ZYL RVC coastal side quota:	west	0	east	0	fallback	0
Map Script: SetStartBias for	CIVILIZATION_LISBON	14
Map Script: __TableSize startPlots:	12
Map Script: __BiasRoutine check ratedBiases:	table: 000000009CDD8F90	;regionIndex:	2
Map Script: Settled plot :	72	:	15	Score :	2000708	Player:	14	Region:	2
Map Script: SetStartBias for	CIVILIZATION_PRESLAV	21
Map Script: __TableSize startPlots:	12
Map Script: __BiasRoutine check ratedBiases:	table: 00000001B847FB40	;regionIndex:	11
Map Script: Settled plot :	66	:	72	Score :	102941	Player:	21	Region:	11
Map Script: SetStartBias for	CIVILIZATION_JERUSALEM	11
Map Script: __TableSize startPlots:	12
Map Script: __BiasRoutine check ratedBiases:	table: 00000001B857BDC0	;regionIndex:	5
Map Script: Settled plot :	59	:	74	Score :	-89896701	Player:	11	Region:	5
Map Script: SetStartBias for	CIVILIZATION_VILNIUS	16
Map Script: __TableSize startPlots:	12
Map Script: __BiasRoutine check ratedBiases:	table: 00000001B8508CC0	;regionIndex:	8
Map Script: Settled plot :	2	:	27	Score :	1626	Player:	16	Region:	8
Map Script: SetStartBias for	CIVILIZATION_HATTUSA	12
Map Script: __TableSize startPlots:	12
Map Script: __BiasRoutine check ratedBiases:	table: 00000001BFB7C580	;regionIndex:	4
Map Script: Settled plot :	13	:	24	Score :	-89895875	Player:	12	Region:	4
Map Script: SetStartBias for	CIVILIZATION_BABYLON	10
Map Script: __TableSize startPlots:	12
Map Script: __BiasRoutine check ratedBiases:	table: 00000001B7677670	;regionIndex:	7
Map Script: Too close to same CS type
Map Script: Settled plot :	59	:	3	Score :	-89996977	Player:	10	Region:	7
Map Script: SetStartBias for	CIVILIZATION_FEZ	19
Map Script: __TableSize startPlots:	12
Map Script: __BiasRoutine check ratedBiases:	table: 00000001B7482250	;regionIndex:	3
Map Script: Too close to same CS type
Map Script: Too close to same CS type
Map Script: Too close to same CS type
Map Script: Settled plot :	60	:	24	Score :	-89997566	Player:	19	Region:	3
Map Script: SetStartBias for	CIVILIZATION_BUENOS_AIRES	18
Map Script: __TableSize startPlots:	12
Map Script: __BiasRoutine check ratedBiases:	table: 000000009ADB9690	;regionIndex:	9
Map Script: Settled plot :	69	:	44	Score :	-89997833	Player:	18	Region:	9
Map Script: SetStartBias for	CIVILIZATION_YEREVAN	17
Map Script: __TableSize startPlots:	12
Map Script: __BiasRoutine check ratedBiases:	table: 000000009D2C39C0	;regionIndex:	1
Map Script: Settled plot :	43	:	12	Score :	-89998042	Player:	17	Region:	1
Map Script: SetStartBias for	CIVILIZATION_KUMASI	20
Map Script: __TableSize startPlots:	12
Map Script: __BiasRoutine check ratedBiases:	table: 00000001BBD29800	;regionIndex:	6
Map Script: Too close to same CS type
Map Script: Settled plot :	67	:	27	Score :	-89997049	Player:	20	Region:	6
Map Script: SetStartBias for	CIVILIZATION_VATICAN_CITY	15
Map Script: __TableSize startPlots:	12
Map Script: __BiasRoutine check ratedBiases:	table: 00000001B9C61A10	;regionIndex:	12
Map Script: Settled plot :	18	:	73	Score :	-89999036	Player:	15	Region:	12
Map Script: SetStartBias for	CIVILIZATION_JOHANNESBURG	13
Map Script: __TableSize startPlots:	12
Map Script: __BiasRoutine check ratedBiases:	table: 00000001B9C6B6F0	;regionIndex:	10
Map Script: Settled plot :	2	:	55	Score :	-89999059	Player:	13	Region:	10
Map Script: Error Major Player is missing:	2
Map Script: Minor	CIVILIZATION_BABYLON	Start X: 	59	Y: 	3
Map Script: Minor	CIVILIZATION_JERUSALEM	Start X: 	59	Y: 	74
Map Script: Minor	CIVILIZATION_HATTUSA	Start X: 	13	Y: 	24
Map Script: Minor	CIVILIZATION_JOHANNESBURG	Start X: 	2	Y: 	55
Map Script: Minor	CIVILIZATION_LISBON	Start X: 	72	Y: 	15
Map Script: Minor	CIVILIZATION_VATICAN_CITY	Start X: 	18	Y: 	73
Map Script: Minor	CIVILIZATION_VILNIUS	Start X: 	2	Y: 	27
Map Script: Minor	CIVILIZATION_YEREVAN	Start X: 	43	Y: 	12
Map Script: Minor	CIVILIZATION_BUENOS_AIRES	Start X: 	69	Y: 	44
Map Script: Minor	CIVILIZATION_FEZ	Start X: 	60	Y: 	24
Map Script: Minor	CIVILIZATION_KUMASI	Start X: 	67	Y: 	27
Map Script: Minor	CIVILIZATION_PRESLAV	Start X: 	66	Y: 	72
Map Script: BBS_AssignStartingPlots: Completed	Wed Sep 16 20:22:18 2026
Map Script: ZYL RVC strict player-distance retry keeps hard floors at	12	same-team /	18	cross-team
Map Script: Attempt #	6	Distance	18
Map Script: TeamPVP __InitStartingData i:	6
Map Script: BBS_AssignStartingPlots: Start:	Wed Sep 16 20:22:18 2026
Map Script: ZYL RVC team lobby depth rank:	0	team	0	rank	1	of	5
Map Script: ZYL RVC team lobby depth rank:	1	team	0	rank	2	of	5
Map Script: ZYL RVC team lobby depth rank:	2	team	0	rank	3	of	5
Map Script: ZYL RVC team lobby depth rank:	3	team	0	rank	4	of	5
Map Script: ZYL RVC team lobby depth rank:	4	team	0	rank	5	of	5
Map Script: ZYL RVC team lobby depth rank:	5	team	1	rank	1	of	5
Map Script: ZYL RVC team lobby depth rank:	6	team	1	rank	2	of	5
Map Script: ZYL RVC team lobby depth rank:	7	team	1	rank	3	of	5
Map Script: ZYL RVC team lobby depth rank:	8	team	1	rank	4	of	5
Map Script: ZYL RVC team lobby depth rank:	9	team	1	rank	5	of	5
Map Script: ZYL RVC ring sector:	0	team	0	rank	1	of	5	side	positive	angle	54	-	90	target	68.4	radial	26	-	38
Map Script: ZYL RVC ring sector:	1	team	0	rank	2	of	5	side	positive	angle	18	-	54	target	36	radial	26	-	38
Map Script: ZYL RVC ring sector:	2	team	0	rank	3	of	5	side	positive	angle	-18	-	18	target	0	radial	26	-	38
Map Script: ZYL RVC ring sector:	3	team	0	rank	4	of	5	side	positive	angle	-54	-	-18	target	-36	radial	26	-	38
Map Script: ZYL RVC ring sector:	4	team	0	rank	5	of	5	side	positive	angle	-90	-	-54	target	-68.4	radial	26	-	38
Map Script: ZYL RVC ring sector:	5	team	1	rank	1	of	5	side	negative	angle	90	-	126	target	111.6	radial	26	-	38
Map Script: ZYL RVC ring sector:	6	team	1	rank	2	of	5	side	negative	angle	126	-	162	target	144	radial	26	-	38
Map Script: ZYL RVC ring sector:	7	team	1	rank	3	of	5	side	negative	angle	162	-	198	target	180	radial	26	-	38
Map Script: ZYL RVC ring sector:	8	team	1	rank	4	of	5	side	negative	angle	198	-	234	target	216	radial	26	-	38
Map Script: ZYL RVC ring sector:	9	team	1	rank	5	of	5	side	negative	angle	234	-	270	target	248.4	radial	26	-	38
Map Script: SetStartBias for	CIVILIZATION_EGYPT	0
Map Script: __TableSize startPlots:	10
Map Script: __BiasRoutine check ratedBiases:	table: 000000009CEA3210	;regionIndex:	1
Map Script: Settled Score :	23633346	Player:	0	Region:	1
Map Script: ZYL RVC ring sector result:	0	angleDiff	20.769684513742	radialDiff	0.20863524984769	plot	44	78
Map Script: SetStartBias for	CIVILIZATION_GERMANY	7
Map Script: __TableSize startPlots:	10
Map Script: __BiasRoutine check ratedBiases:	table: 000000009CEAE250	;regionIndex:	6
Map Script: Settled Score :	18531668	Player:	7	Region:	6
Map Script: ZYL RVC ring sector result:	7	angleDiff	0.90938044919915	radialDiff	0.041335999662773	plot	12	44
Map Script: SetStartBias for	CIVILIZATION_BABYLON_STK	1
Map Script: __TableSize startPlots:	10
Map Script: __BiasRoutine check ratedBiases:	table: 000000009CEB2E90	;regionIndex:	5
Map Script: Settled Score :	18076856	Player:	1	Region:	5
Map Script: ZYL RVC ring sector result:	1	angleDiff	17.565051177078	radialDiff	0.10032628598067	plot	75	54
Map Script: SetStartBias for	CIVILIZATION_MALI	3
Map Script: __TableSize startPlots:	10
Map Script: __BiasRoutine check ratedBiases:	table: 000000009CE9C870	;regionIndex:	2
Map Script: Settled Score :	18086882	Player:	3	Region:	2
Map Script: ZYL RVC ring sector result:	3	angleDiff	17.565051177078	radialDiff	0.10032628598067	plot	75	33
Map Script: SetStartBias for	CIVILIZATION_NUBIA	4
Map Script: __TableSize startPlots:	10
Map Script: __BiasRoutine check ratedBiases:	table: 000000009B4D3800	;regionIndex:	9
Map Script: Settled Score :	17434128	Player:	4	Region:	9
Map Script: ZYL RVC ring sector result:	4	angleDiff	4.4240963842532	radialDiff	0.26802700589596	plot	52	16
Map Script: SetStartBias for	CIVILIZATION_BRAZIL	6
Map Script: __TableSize startPlots:	10
Map Script: __BiasRoutine check ratedBiases:	table: 000000009B4D7040	;regionIndex:	6
Map Script: Settled Score :	17814498	Player:	6	Region:	6
Map Script: ZYL RVC ring sector result:	6	angleDiff	10.57312583041	radialDiff	0.14760746512805	plot	13	58
Map Script: SetStartBias for	CIVILIZATION_VIETNAM	8
Map Script: __TableSize startPlots:	10
Map Script: __BiasRoutine check ratedBiases:	table: 000000009B4E45B0	;regionIndex:	10
Map Script: Settled Score :	16973747	Player:	8	Region:	10
Map Script: ZYL RVC ring sector result:	8	angleDiff	11.663000766067	radialDiff	0.13012812412926	plot	23	21
Map Script: SetStartBias for	CIVILIZATION_ROME	9
Map Script: __TableSize startPlots:	10
Map Script: __BiasRoutine check ratedBiases:	table: 000000009B4E8A70	;regionIndex:	10
Map Script: Settled Score :	17361873	Player:	9	Region:	10
Map Script: ZYL RVC ring sector result:	9	angleDiff	2.5422954898717	radialDiff	0.24211057900397	plot	34	16
Map Script: SetStartBias for	CIVILIZATION_INDIA	2
Map Script: __TableSize startPlots:	10
Map Script: __BiasRoutine check ratedBiases:	nil	;regionIndex:	0
Map Script: Attempt to place using fallback	2	CIVILIZATION_INDIA
Map Script: Failed to place	2	CIVILIZATION_INDIA
Map Script: SetStartBias for	CIVILIZATION_MACEDON	5
Map Script: __TableSize startPlots:	10
Map Script: __BiasRoutine check ratedBiases:	table: 00000001B7EEECD0	;regionIndex:	8
Map Script: Settled Score :	17422159	Player:	5	Region:	8
Map Script: ZYL RVC ring sector result:	5	angleDiff	11.839869205782	radialDiff	0.020259248633264	plot	26	70
Map Script: ZYL RVC coastal side quota:	west	0	east	0	fallback	0
Map Script: SetStartBias for	CIVILIZATION_LISBON	14
Map Script: __TableSize startPlots:	12
Map Script: __BiasRoutine check ratedBiases:	table: 00000001B7EFD140	;regionIndex:	2
Map Script: Settled plot :	72	:	15	Score :	2000895	Player:	14	Region:	2
Map Script: SetStartBias for	CIVILIZATION_PRESLAV	21
Map Script: __TableSize startPlots:	12
Map Script: __BiasRoutine check ratedBiases:	table: 0000000195135C80	;regionIndex:	12
Map Script: Settled plot :	64	:	73	Score :	102939	Player:	21	Region:	12
Map Script: SetStartBias for	CIVILIZATION_JERUSALEM	11
Map Script: __TableSize startPlots:	12
Map Script: __BiasRoutine check ratedBiases:	table: 00000001BA0A3580	;regionIndex:	5
Map Script: Settled plot :	32	:	80	Score :	-89896748	Player:	11	Region:	5
Map Script: SetStartBias for	CIVILIZATION_HATTUSA	12
Map Script: __TableSize startPlots:	12
Map Script: __BiasRoutine check ratedBiases:	table: 00000001C1742C80	;regionIndex:	9
Map Script: Settled plot :	2	:	26	Score :	3791	Player:	12	Region:	9
Map Script: SetStartBias for	CIVILIZATION_VILNIUS	16
Map Script: __TableSize startPlots:	12
Map Script: __BiasRoutine check ratedBiases:	table: 00000001BBD45CD0	;regionIndex:	4
Map Script: Settled plot :	14	:	24	Score :	-89897702	Player:	16	Region:	4
Map Script: SetStartBias for	CIVILIZATION_BABYLON	10
Map Script: __TableSize startPlots:	12
Map Script: __BiasRoutine check ratedBiases:	table: 00000001B767E420	;regionIndex:	11
Map Script: Settled plot :	20	:	51	Score :	-89996938	Player:	10	Region:	11
Map Script: SetStartBias for	CIVILIZATION_BUENOS_AIRES	18
Map Script: __TableSize startPlots:	12
Map Script: __BiasRoutine check ratedBiases:	table: 0000000194BD9390	;regionIndex:	10
Map Script: Settled plot :	69	:	42	Score :	-89997768	Player:	18	Region:	10
Map Script: SetStartBias for	CIVILIZATION_YEREVAN	17
Map Script: __TableSize startPlots:	12
Map Script: __BiasRoutine check ratedBiases:	table: 00000001BFB7D570	;regionIndex:	1
Map Script: Settled plot :	43	:	12	Score :	-89998347	Player:	17	Region:	1
Map Script: SetStartBias for	CIVILIZATION_KUMASI	20
Map Script: __TableSize startPlots:	12
Map Script: __BiasRoutine check ratedBiases:	table: 00000001C69F8F20	;regionIndex:	8
Map Script: Settled plot :	64	:	11	Score :	-89996724	Player:	20	Region:	8
Map Script: SetStartBias for	CIVILIZATION_FEZ	19
Map Script: __TableSize startPlots:	12
Map Script: __BiasRoutine check ratedBiases:	table: 00000001C69ECF40	;regionIndex:	3
Map Script: Settled plot :	60	:	22	Score :	-89996911	Player:	19	Region:	3
Map Script: SetStartBias for	CIVILIZATION_VATICAN_CITY	15
Map Script: __TableSize startPlots:	12
Map Script: __BiasRoutine check ratedBiases:	table: 00000001C06454C0	;regionIndex:	7
Map Script: Too close to same CS type
Map Script: Too close to same CS type
Map Script: Too close to same CS type
Map Script: Too close to same CS type
Map Script: Settled plot :	15	:	69	Score :	-89999604	Player:	15	Region:	7
Map Script: SetStartBias for	CIVILIZATION_JOHANNESBURG	13
Map Script: __TableSize startPlots:	12
Map Script: __BiasRoutine check ratedBiases:	table: 00000001C0651D60	;regionIndex:	6
Map Script: Too close to same CS type
Map Script: Too close to same CS type
Map Script: Too close to same CS type
Map Script: Too close to same CS type
Map Script: Too close to same CS type
Map Script: Too close to same CS type
Map Script: Too close to same CS type
Map Script: Too close to same CS type
Map Script: Too close to same CS type
Map Script: Too close to same CS type
Map Script: Too close to same CS type
Map Script: Too close to same CS type
Map Script: Too close to same CS type
Map Script: Too close to same CS type
Map Script: Too close to same CS type
Map Script: Too close to same CS type
Map Script: Settled plot :	65	:	29	Score :	-89999746	Player:	13	Region:	6
Map Script: Error Major Player is missing:	2
Map Script: Minor	CIVILIZATION_BABYLON	Start X: 	20	Y: 	51
Map Script: Minor	CIVILIZATION_JERUSALEM	Start X: 	32	Y: 	80
Map Script: Minor	CIVILIZATION_HATTUSA	Start X: 	2	Y: 	26
Map Script: Minor	CIVILIZATION_JOHANNESBURG	Start X: 	65	Y: 	29
Map Script: Minor	CIVILIZATION_LISBON	Start X: 	72	Y: 	15
Map Script: Minor	CIVILIZATION_VATICAN_CITY	Start X: 	15	Y: 	69
Map Script: Minor	CIVILIZATION_VILNIUS	Start X: 	14	Y: 	24
Map Script: Minor	CIVILIZATION_YEREVAN	Start X: 	43	Y: 	12
Map Script: Minor	CIVILIZATION_BUENOS_AIRES	Start X: 	69	Y: 	42
Map Script: Minor	CIVILIZATION_FEZ	Start X: 	60	Y: 	22
Map Script: Minor	CIVILIZATION_KUMASI	Start X: 	64	Y: 	11
Map Script: Minor	CIVILIZATION_PRESLAV	Start X: 	64	Y: 	73
Map Script: BBS_AssignStartingPlots: Completed	Wed Sep 16 20:22:19 2026
Map Script: ZYL RVC strict player-distance retry keeps hard floors at	12	same-team /	18	cross-team
Map Script: Attempt #	7	Distance	18
Map Script: TeamPVP __InitStartingData i:	7
Map Script: BBS_AssignStartingPlots: Start:	Wed Sep 16 20:22:19 2026
Map Script: ZYL RVC team lobby depth rank:	0	team	0	rank	1	of	5
Map Script: ZYL RVC team lobby depth rank:	1	team	0	rank	2	of	5
Map Script: ZYL RVC team lobby depth rank:	2	team	0	rank	3	of	5
Map Script: ZYL RVC team lobby depth rank:	3	team	0	rank	4	of	5
Map Script: ZYL RVC team lobby depth rank:	4	team	0	rank	5	of	5
Map Script: ZYL RVC team lobby depth rank:	5	team	1	rank	1	of	5
Map Script: ZYL RVC team lobby depth rank:	6	team	1	rank	2	of	5
Map Script: ZYL RVC team lobby depth rank:	7	team	1	rank	3	of	5
Map Script: ZYL RVC team lobby depth rank:	8	team	1	rank	4	of	5
Map Script: ZYL RVC team lobby depth rank:	9	team	1	rank	5	of	5
Map Script: ZYL RVC ring sector:	0	team	0	rank	1	of	5	side	positive	angle	54	-	90	target	68.4	radial	26	-	38
Map Script: ZYL RVC ring sector:	1	team	0	rank	2	of	5	side	positive	angle	18	-	54	target	36	radial	26	-	38
Map Script: ZYL RVC ring sector:	2	team	0	rank	3	of	5	side	positive	angle	-18	-	18	target	0	radial	26	-	38
Map Script: ZYL RVC ring sector:	3	team	0	rank	4	of	5	side	positive	angle	-54	-	-18	target	-36	radial	26	-	38
Map Script: ZYL RVC ring sector:	4	team	0	rank	5	of	5	side	positive	angle	-90	-	-54	target	-68.4	radial	26	-	38
Map Script: ZYL RVC ring sector:	5	team	1	rank	1	of	5	side	negative	angle	90	-	126	target	111.6	radial	26	-	38
Map Script: ZYL RVC ring sector:	6	team	1	rank	2	of	5	side	negative	angle	126	-	162	target	144	radial	26	-	38
Map Script: ZYL RVC ring sector:	7	team	1	rank	3	of	5	side	negative	angle	162	-	198	target	180	radial	26	-	38
Map Script: ZYL RVC ring sector:	8	team	1	rank	4	of	5	side	negative	angle	198	-	234	target	216	radial	26	-	38
Map Script: ZYL RVC ring sector:	9	team	1	rank	5	of	5	side	negative	angle	234	-	270	target	248.4	radial	26	-	38
Map Script: SetStartBias for	CIVILIZATION_EGYPT	0
Map Script: __TableSize startPlots:	10
Map Script: __BiasRoutine check ratedBiases:	table: 00000001B9B699A0	;regionIndex:	1
Map Script: Settled Score :	22241937	Player:	0	Region:	1
Map Script: ZYL RVC ring sector result:	0	angleDiff	13.469897645844	radialDiff	0.015016237217113	plot	48	75
Map Script: SetStartBias for	CIVILIZATION_GERMANY	7
Map Script: __TableSize startPlots:	10
Map Script: __BiasRoutine check ratedBiases:	table: 00000001B9B7F7F0	;regionIndex:	6
Map Script: Settled Score :	18535791	Player:	7	Region:	6
Map Script: ZYL RVC ring sector result:	7	angleDiff	0.88140399658215	radialDiff	0.041987160524168	plot	11	44
Map Script: SetStartBias for	CIVILIZATION_BABYLON_STK	1
Map Script: __TableSize startPlots:	10
Map Script: __BiasRoutine check ratedBiases:	table: 00000001BDD2B2D0	;regionIndex:	5
Map Script: Settled Score :	18240450	Player:	1	Region:	5
Map Script: ZYL RVC ring sector result:	1	angleDiff	26.095816787026	radialDiff	0.0019538407800865	plot	75	49
Map Script: SetStartBias for	CIVILIZATION_MALI	3
Map Script: __TableSize startPlots:	10
Map Script: __BiasRoutine check ratedBiases:	table: 00000001BDD38A70	;regionIndex:	2
Map Script: Settled Score :	18253912	Player:	3	Region:	2
Map Script: ZYL RVC ring sector result:	3	angleDiff	24.340707346477	radialDiff	0.013637006012565	plot	75	37
Map Script: SetStartBias for	CIVILIZATION_BRAZIL	6
Map Script: __TableSize startPlots:	10
Map Script: __BiasRoutine check ratedBiases:	table: 00000001C12F6220	;regionIndex:	6
Map Script: Settled Score :	17822421	Player:	6	Region:	6
Map Script: ZYL RVC ring sector result:	6	angleDiff	10.57312583041	radialDiff	0.14760746512805	plot	13	58
Map Script: SetStartBias for	CIVILIZATION_NUBIA	4
Map Script: __TableSize startPlots:	10
Map Script: __BiasRoutine check ratedBiases:	table: 00000001C1302AC0	;regionIndex:	9
Map Script: Settled Score :	17440070	Player:	4	Region:	9
Map Script: ZYL RVC ring sector result:	4	angleDiff	4.4240963842532	radialDiff	0.26802700589596	plot	52	16
Map Script: SetStartBias for	CIVILIZATION_VIETNAM	8
Map Script: __TableSize startPlots:	10
Map Script: __BiasRoutine check ratedBiases:	table: 00000001C12ED210	;regionIndex:	10
Map Script: Settled Score :	16982917	Player:	8	Region:	10
Map Script: ZYL RVC ring sector result:	8	angleDiff	22.091893064347	radialDiff	0.065251453535339	plot	27	17
Map Script: SetStartBias for	CIVILIZATION_MACEDON	5
Map Script: __TableSize startPlots:	10
Map Script: __BiasRoutine check ratedBiases:	table: 000000009AD25B30	;regionIndex:	8
Map Script: Settled Score :	18546581	Player:	5	Region:	8
Map Script: ZYL RVC ring sector result:	5	angleDiff	1.3637730598546	radialDiff	0.0032532239334658	plot	31	73
Map Script: SetStartBias for	CIVILIZATION_INDIA	2
Map Script: __TableSize startPlots:	10
Map Script: __BiasRoutine check ratedBiases:	nil	;regionIndex:	0
Map Script: Attempt to place using fallback	2	CIVILIZATION_INDIA
Map Script: Failed to place	2	CIVILIZATION_INDIA
Map Script: SetStartBias for	CIVILIZATION_ROME	9
Map Script: __TableSize startPlots:	10
Map Script: __BiasRoutine check ratedBiases:	table: 0000000192B2A030	;regionIndex:	3
Map Script: Settled Score :	16933696	Player:	9	Region:	3
Map Script: ZYL RVC ring sector result:	9	angleDiff	12.793207305565	radialDiff	0.32696082444768	plot	38	8
Map Script: ZYL RVC coastal side quota:	west	0	east	0	fallback	0
Map Script: SetStartBias for	CIVILIZATION_LISBON	14
Map Script: __TableSize startPlots:	12
Map Script: __BiasRoutine check ratedBiases:	table: 000000009B2DF510	;regionIndex:	8
Map Script: Settled plot :	2	:	26	Score :	2008903	Player:	14	Region:	8
Map Script: SetStartBias for	CIVILIZATION_PRESLAV	21
Map Script: __TableSize startPlots:	12
Map Script: __BiasRoutine check ratedBiases:	table: 00000001955FA4F0	;regionIndex:	12
Map Script: Settled plot :	65	:	71	Score :	111308	Player:	21	Region:	12
Map Script: SetStartBias for	CIVILIZATION_HATTUSA	12
Map Script: __TableSize startPlots:	12
Map Script: __BiasRoutine check ratedBiases:	table: 000000009C255700	;regionIndex:	3
Map Script: Settled plot :	71	:	17	Score :	112759	Player:	12	Region:	3
Map Script: SetStartBias for	CIVILIZATION_JERUSALEM	11
Map Script: __TableSize startPlots:	12
Map Script: __BiasRoutine check ratedBiases:	table: 00000001BD29D520	;regionIndex:	2
Map Script: Settled plot :	13	:	24	Score :	107996	Player:	11	Region:	2
Map Script: SetStartBias for	CIVILIZATION_VILNIUS	16
Map Script: __TableSize startPlots:	12
Map Script: __BiasRoutine check ratedBiases:	table: 000000009C8FB530	;regionIndex:	9
Map Script: Settled plot :	63	:	61	Score :	105603	Player:	16	Region:	9
Map Script: SetStartBias for	CIVILIZATION_BABYLON	10
Map Script: __TableSize startPlots:	12
Map Script: __BiasRoutine check ratedBiases:	table: 00000001C0D26180	;regionIndex:	6
Map Script: Settled plot :	40	:	81	Score :	-89988365	Player:	10	Region:	6
Map Script: SetStartBias for	CIVILIZATION_BUENOS_AIRES	18
Map Script: __TableSize startPlots:	12
Map Script: __BiasRoutine check ratedBiases:	table: 000000009C8FBA30	;regionIndex:	4
Map Script: Settled plot :	60	:	23	Score :	-89990605	Player:	18	Region:	4
Map Script: SetStartBias for	CIVILIZATION_KUMASI	20
Map Script: __TableSize startPlots:	12
Map Script: __BiasRoutine check ratedBiases:	table: 000000018A1FB510	;regionIndex:	7
Map Script: Settled plot :	67	:	28	Score :	-89987911	Player:	20	Region:	7
Map Script: SetStartBias for	CIVILIZATION_FEZ	19
Map Script: __TableSize startPlots:	12
Map Script: __BiasRoutine check ratedBiases:	table: 00000001B8E5F770	;regionIndex:	5
Map Script: Too close to same CS type
Map Script: Too close to same CS type
Map Script: Settled plot :	58	:	2	Score :	-89988147	Player:	19	Region:	5
Map Script: SetStartBias for	CIVILIZATION_YEREVAN	17
Map Script: __TableSize startPlots:	12
Map Script: __BiasRoutine check ratedBiases:	table: 000000018C05E210	;regionIndex:	10
Map Script: Settled plot :	4	:	54	Score :	-89990137	Player:	17	Region:	10
Map Script: SetStartBias for	CIVILIZATION_JOHANNESBURG	13
Map Script: __TableSize startPlots:	12
Map Script: __BiasRoutine check ratedBiases:	table: 000000009C132490	;regionIndex:	1
Map Script: Settled plot :	38	:	19	Score :	-89991446	Player:	13	Region:	1
Map Script: SetStartBias for	CIVILIZATION_VATICAN_CITY	15
Map Script: __TableSize startPlots:	12
Map Script: __BiasRoutine check ratedBiases:	table: 000000009C144050	;regionIndex:	11
Map Script: Settled plot :	40	:	68	Score :	-89990385	Player:	15	Region:	11
Map Script: Error Major Player is missing:	2
Map Script: Minor	CIVILIZATION_BABYLON	Start X: 	40	Y: 	81
Map Script: Minor	CIVILIZATION_JERUSALEM	Start X: 	13	Y: 	24
Map Script: Minor	CIVILIZATION_HATTUSA	Start X: 	71	Y: 	17
Map Script: Minor	CIVILIZATION_JOHANNESBURG	Start X: 	38	Y: 	19
Map Script: Minor	CIVILIZATION_LISBON	Start X: 	2	Y: 	26
Map Script: Minor	CIVILIZATION_VATICAN_CITY	Start X: 	40	Y: 	68
Map Script: Minor	CIVILIZATION_VILNIUS	Start X: 	63	Y: 	61
Map Script: Minor	CIVILIZATION_YEREVAN	Start X: 	4	Y: 	54
Map Script: Minor	CIVILIZATION_BUENOS_AIRES	Start X: 	60	Y: 	23
Map Script: Minor	CIVILIZATION_FEZ	Start X: 	58	Y: 	2
Map Script: Minor	CIVILIZATION_KUMASI	Start X: 	67	Y: 	28
Map Script: Minor	CIVILIZATION_PRESLAV	Start X: 	65	Y: 	71
Map Script: BBS_AssignStartingPlots: Completed	Wed Sep 16 20:22:19 2026
Map Script: ZYL RVC strict player-distance retry keeps hard floors at	12	same-team /	18	cross-team
Map Script: Attempt #	8	Distance	18
Map Script: TeamPVP __InitStartingData i:	8
Map Script: BBS_AssignStartingPlots: Start:	Wed Sep 16 20:22:19 2026
Map Script: ZYL RVC team lobby depth rank:	0	team	0	rank	1	of	5
Map Script: ZYL RVC team lobby depth rank:	1	team	0	rank	2	of	5
Map Script: ZYL RVC team lobby depth rank:	2	team	0	rank	3	of	5
Map Script: ZYL RVC team lobby depth rank:	3	team	0	rank	4	of	5
Map Script: ZYL RVC team lobby depth rank:	4	team	0	rank	5	of	5
Map Script: ZYL RVC team lobby depth rank:	5	team	1	rank	1	of	5
Map Script: ZYL RVC team lobby depth rank:	6	team	1	rank	2	of	5
Map Script: ZYL RVC team lobby depth rank:	7	team	1	rank	3	of	5
Map Script: ZYL RVC team lobby depth rank:	8	team	1	rank	4	of	5
Map Script: ZYL RVC team lobby depth rank:	9	team	1	rank	5	of	5
Map Script: ZYL RVC ring sector:	0	team	0	rank	1	of	5	side	positive	angle	54	-	90	target	68.4	radial	26	-	38
Map Script: ZYL RVC ring sector:	1	team	0	rank	2	of	5	side	positive	angle	18	-	54	target	36	radial	26	-	38
Map Script: ZYL RVC ring sector:	2	team	0	rank	3	of	5	side	positive	angle	-18	-	18	target	0	radial	26	-	38
Map Script: ZYL RVC ring sector:	3	team	0	rank	4	of	5	side	positive	angle	-54	-	-18	target	-36	radial	26	-	38
Map Script: ZYL RVC ring sector:	4	team	0	rank	5	of	5	side	positive	angle	-90	-	-54	target	-68.4	radial	26	-	38
Map Script: ZYL RVC ring sector:	5	team	1	rank	1	of	5	side	negative	angle	90	-	126	target	111.6	radial	26	-	38
Map Script: ZYL RVC ring sector:	6	team	1	rank	2	of	5	side	negative	angle	126	-	162	target	144	radial	26	-	38
Map Script: ZYL RVC ring sector:	7	team	1	rank	3	of	5	side	negative	angle	162	-	198	target	180	radial	26	-	38
Map Script: ZYL RVC ring sector:	8	team	1	rank	4	of	5	side	negative	angle	198	-	234	target	216	radial	26	-	38
Map Script: ZYL RVC ring sector:	9	team	1	rank	5	of	5	side	negative	angle	234	-	270	target	248.4	radial	26	-	38
Map Script: SetStartBias for	CIVILIZATION_EGYPT	0
Map Script: __TableSize startPlots:	10
Map Script: __BiasRoutine check ratedBiases:	table: 00000001BD62C720	;regionIndex:	1
Map Script: Settled Score :	22243659	Player:	0	Region:	1
Map Script: ZYL RVC ring sector result:	0	angleDiff	13.469897645844	radialDiff	0.015016237217113	plot	48	75
Map Script: SetStartBias for	CIVILIZATION_GERMANY	7
Map Script: __TableSize startPlots:	10
Map Script: __BiasRoutine check ratedBiases:	table: 00000001BD622EA0	;regionIndex:	6
Map Script: Settled Score :	18535387	Player:	7	Region:	6
Map Script: ZYL RVC ring sector result:	7	angleDiff	0.88140399658215	radialDiff	0.041987160524168	plot	11	44
Map Script: SetStartBias for	CIVILIZATION_BABYLON_STK	1
Map Script: __TableSize startPlots:	10
Map Script: __BiasRoutine check ratedBiases:	table: 00000001B97D50C0	;regionIndex:	5
Map Script: Settled Score :	18246099	Player:	1	Region:	5
Map Script: ZYL RVC ring sector result:	1	angleDiff	26.095816787026	radialDiff	0.0019538407800865	plot	75	49
Map Script: SetStartBias for	CIVILIZATION_MALI	3
Map Script: __TableSize startPlots:	10
Map Script: __BiasRoutine check ratedBiases:	table: 00000001B97E3BC0	;regionIndex:	2
Map Script: Settled Score :	18257292	Player:	3	Region:	2
Map Script: ZYL RVC ring sector result:	3	angleDiff	24.340707346477	radialDiff	0.013637006012565	plot	75	37
Map Script: SetStartBias for	CIVILIZATION_BRAZIL	6
Map Script: __TableSize startPlots:	10
Map Script: __BiasRoutine check ratedBiases:	table: 00000001B97ED490	;regionIndex:	6
Map Script: Settled Score :	17819614	Player:	6	Region:	6
Map Script: ZYL RVC ring sector result:	6	angleDiff	10.57312583041	radialDiff	0.14760746512805	plot	13	58
Map Script: SetStartBias for	CIVILIZATION_NUBIA	4
Map Script: __TableSize startPlots:	10
Map Script: __BiasRoutine check ratedBiases:	table: 000000020CB2A170	;regionIndex:	9
Map Script: Settled Score :	17442933	Player:	4	Region:	9
Map Script: ZYL RVC ring sector result:	4	angleDiff	4.4240963842532	radialDiff	0.26802700589596	plot	52	16
Map Script: SetStartBias for	CIVILIZATION_VIETNAM	8
Map Script: __TableSize startPlots:	10
Map Script: __BiasRoutine check ratedBiases:	table: 000000020CB31290	;regionIndex:	10
Map Script: Settled Score :	16985079	Player:	8	Region:	10
Map Script: ZYL RVC ring sector result:	8	angleDiff	22.091893064347	radialDiff	0.065251453535339	plot	27	17
Map Script: SetStartBias for	CIVILIZATION_INDIA	2
Map Script: __TableSize startPlots:	10
Map Script: __BiasRoutine check ratedBiases:	nil	;regionIndex:	0
Map Script: Attempt to place using fallback	2	CIVILIZATION_INDIA
Map Script: Failed to place	2	CIVILIZATION_INDIA
Map Script: SetStartBias for	CIVILIZATION_MACEDON	5
Map Script: __TableSize startPlots:	10
Map Script: __BiasRoutine check ratedBiases:	table: 00000001BEBCCA50	;regionIndex:	8
Map Script: Settled Score :	18542668	Player:	5	Region:	8
Map Script: ZYL RVC ring sector result:	5	angleDiff	1.3637730598546	radialDiff	0.0032532239334658	plot	31	73
Map Script: SetStartBias for	CIVILIZATION_ROME	9
Map Script: __TableSize startPlots:	10
Map Script: __BiasRoutine check ratedBiases:	table: 00000001BD6A1CD0	;regionIndex:	3
Map Script: Settled Score :	16934827	Player:	9	Region:	3
Map Script: ZYL RVC ring sector result:	9	angleDiff	12.793207305565	radialDiff	0.32696082444768	plot	38	8
Map Script: ZYL RVC coastal side quota:	west	0	east	0	fallback	0
Map Script: SetStartBias for	CIVILIZATION_LISBON	14
Map Script: __TableSize startPlots:	12
Map Script: __BiasRoutine check ratedBiases:	table: 000000009CFBA530	;regionIndex:	8
Map Script: Settled plot :	2	:	26	Score :	2009403	Player:	14	Region:	8
Map Script: SetStartBias for	CIVILIZATION_VILNIUS	16
Map Script: __TableSize startPlots:	12
Map Script: __BiasRoutine check ratedBiases:	table: 00000001B74515D0	;regionIndex:	11
Map Script: Settled plot :	66	:	68	Score :	111250	Player:	16	Region:	11
Map Script: SetStartBias for	CIVILIZATION_HATTUSA	12
Map Script: __TableSize startPlots:	12
Map Script: __BiasRoutine check ratedBiases:	table: 00000001B869C340	;regionIndex:	2
Map Script: Settled plot :	72	:	19	Score :	113049	Player:	12	Region:	2
Map Script: SetStartBias for	CIVILIZATION_PRESLAV	21
Map Script: __TableSize startPlots:	12
Map Script: __BiasRoutine check ratedBiases:	table: 00000001BEC9D440	;regionIndex:	9
Map Script: Settled plot :	63	:	60	Score :	3112	Player:	21	Region:	9
Map Script: SetStartBias for	CIVILIZATION_JERUSALEM	11
Map Script: __TableSize startPlots:	12
Map Script: __BiasRoutine check ratedBiases:	table: 000000020CDD8210	;regionIndex:	4
Map Script: Settled plot :	13	:	24	Score :	102982	Player:	11	Region:	4
Map Script: SetStartBias for	CIVILIZATION_BABYLON	10
Map Script: __TableSize startPlots:	12
Map Script: __BiasRoutine check ratedBiases:	table: 0000000193381310	;regionIndex:	5
Map Script: Settled plot :	39	:	80	Score :	-89988166	Player:	10	Region:	5
Map Script: SetStartBias for	CIVILIZATION_FEZ	19
Map Script: __TableSize startPlots:	12
Map Script: __BiasRoutine check ratedBiases:	table: 00000000D0120AD0	;regionIndex:	3
Map Script: Too close to same CS type
Map Script: Too close to same CS type
Map Script: Too close to same CS type
Map Script: Too close to same CS type
Map Script: Too close to same CS type
Map Script: SetStartBias for	CIVILIZATION_YEREVAN	17
Map Script: __TableSize startPlots:	12
Map Script: __BiasRoutine check ratedBiases:	table: 000000009B870E90	;regionIndex:	7
Map Script: Settled plot :	63	:	10	Score :	-89988494	Player:	17	Region:	7
Map Script: SetStartBias for	CIVILIZATION_KUMASI	20
Map Script: __TableSize startPlots:	12
Map Script: __BiasRoutine check ratedBiases:	table: 00000001B7423050	;regionIndex:	10
Map Script: Settled plot :	22	:	54	Score :	-89988167	Player:	20	Region:	10
Map Script: SetStartBias for	CIVILIZATION_BUENOS_AIRES	18
Map Script: __TableSize startPlots:	12
Map Script: __BiasRoutine check ratedBiases:	table: 00000001C16856E0	;regionIndex:	6
Map Script: Settled plot :	26	:	28	Score :	-89989041	Player:	18	Region:	6
Map Script: SetStartBias for	CIVILIZATION_JOHANNESBURG	13
Map Script: __TableSize startPlots:	12
Map Script: __BiasRoutine check ratedBiases:	table: 000000009C4E1750	;regionIndex:	12
Map Script: Settled plot :	40	:	68	Score :	-89990010	Player:	13	Region:	12
Map Script: SetStartBias for	CIVILIZATION_VATICAN_CITY	15
Map Script: __TableSize startPlots:	12
Map Script: __BiasRoutine check ratedBiases:	table: 00000001BEC564C0	;regionIndex:	1
Map Script: Settled plot :	37	:	19	Score :	-89997537	Player:	15	Region:	1
Map Script: Error Major Player is missing:	2
Map Script: Minor	CIVILIZATION_BABYLON	Start X: 	39	Y: 	80
Map Script: Minor	CIVILIZATION_JERUSALEM	Start X: 	13	Y: 	24
Map Script: Minor	CIVILIZATION_HATTUSA	Start X: 	72	Y: 	19
Map Script: Minor	CIVILIZATION_JOHANNESBURG	Start X: 	40	Y: 	68
Map Script: Minor	CIVILIZATION_LISBON	Start X: 	2	Y: 	26
Map Script: Minor	CIVILIZATION_VATICAN_CITY	Start X: 	37	Y: 	19
Map Script: Minor	CIVILIZATION_VILNIUS	Start X: 	66	Y: 	68
Map Script: Minor	CIVILIZATION_YEREVAN	Start X: 	63	Y: 	10
Map Script: Minor	CIVILIZATION_BUENOS_AIRES	Start X: 	26	Y: 	28
Map Script: Minor	CIVILIZATION_FEZ	Start X: 	58	Y: 	2
Map Script: Minor	CIVILIZATION_KUMASI	Start X: 	22	Y: 	54
Map Script: Minor	CIVILIZATION_PRESLAV	Start X: 	63	Y: 	60
Map Script: BBS_AssignStartingPlots: Completed	Wed Sep 16 20:22:20 2026
Map Script: ZYL RVC strict player-distance retry keeps hard floors at	12	same-team /	18	cross-team
Map Script: Attempt #	9	Distance	18
Map Script: TeamPVP __InitStartingData i:	9
Map Script: BBS_AssignStartingPlots: Start:	Wed Sep 16 20:22:20 2026
Map Script: ZYL RVC team lobby depth rank:	0	team	0	rank	1	of	5
Map Script: ZYL RVC team lobby depth rank:	1	team	0	rank	2	of	5
Map Script: ZYL RVC team lobby depth rank:	2	team	0	rank	3	of	5
Map Script: ZYL RVC team lobby depth rank:	3	team	0	rank	4	of	5
Map Script: ZYL RVC team lobby depth rank:	4	team	0	rank	5	of	5
Map Script: ZYL RVC team lobby depth rank:	5	team	1	rank	1	of	5
Map Script: ZYL RVC team lobby depth rank:	6	team	1	rank	2	of	5
Map Script: ZYL RVC team lobby depth rank:	7	team	1	rank	3	of	5
Map Script: ZYL RVC team lobby depth rank:	8	team	1	rank	4	of	5
Map Script: ZYL RVC team lobby depth rank:	9	team	1	rank	5	of	5
Map Script: ZYL RVC ring sector:	0	team	0	rank	1	of	5	side	positive	angle	54	-	90	target	68.4	radial	26	-	38
Map Script: ZYL RVC ring sector:	1	team	0	rank	2	of	5	side	positive	angle	18	-	54	target	36	radial	26	-	38
Map Script: ZYL RVC ring sector:	2	team	0	rank	3	of	5	side	positive	angle	-18	-	18	target	0	radial	26	-	38
Map Script: ZYL RVC ring sector:	3	team	0	rank	4	of	5	side	positive	angle	-54	-	-18	target	-36	radial	26	-	38
Map Script: ZYL RVC ring sector:	4	team	0	rank	5	of	5	side	positive	angle	-90	-	-54	target	-68.4	radial	26	-	38
Map Script: ZYL RVC ring sector:	5	team	1	rank	1	of	5	side	negative	angle	90	-	126	target	111.6	radial	26	-	38
Map Script: ZYL RVC ring sector:	6	team	1	rank	2	of	5	side	negative	angle	126	-	162	target	144	radial	26	-	38
Map Script: ZYL RVC ring sector:	7	team	1	rank	3	of	5	side	negative	angle	162	-	198	target	180	radial	26	-	38
Map Script: ZYL RVC ring sector:	8	team	1	rank	4	of	5	side	negative	angle	198	-	234	target	216	radial	26	-	38
Map Script: ZYL RVC ring sector:	9	team	1	rank	5	of	5	side	negative	angle	234	-	270	target	248.4	radial	26	-	38
Map Script: SetStartBias for	CIVILIZATION_EGYPT	0
Map Script: __TableSize startPlots:	10
Map Script: __BiasRoutine check ratedBiases:	table: 00000001BEBBA210	;regionIndex:	1
Map Script: Settled Score :	22238393	Player:	0	Region:	1
Map Script: ZYL RVC ring sector result:	0	angleDiff	13.469897645844	radialDiff	0.015016237217113	plot	48	75
Map Script: SetStartBias for	CIVILIZATION_BABYLON_STK	1
Map Script: __TableSize startPlots:	10
Map Script: __BiasRoutine check ratedBiases:	table: 00000001B9B44990	;regionIndex:	5
Map Script: Settled Score :	18246769	Player:	1	Region:	5
Map Script: ZYL RVC ring sector result:	1	angleDiff	26.095816787026	radialDiff	0.0019538407800865	plot	75	49
Map Script: SetStartBias for	CIVILIZATION_GERMANY	7
Map Script: __TableSize startPlots:	10
Map Script: __BiasRoutine check ratedBiases:	table: 00000001B9B52180	;regionIndex:	6
Map Script: Settled Score :	18535611	Player:	7	Region:	6
Map Script: ZYL RVC ring sector result:	7	angleDiff	9.9041832129739	radialDiff	0.0019538407800865	plot	12	49
Map Script: SetStartBias for	CIVILIZATION_MALI	3
Map Script: __TableSize startPlots:	10
Map Script: __BiasRoutine check ratedBiases:	table: 00000001950889F0	;regionIndex:	2
Map Script: Settled Score :	18259941	Player:	3	Region:	2
Map Script: ZYL RVC ring sector result:	3	angleDiff	24.340707346477	radialDiff	0.013637006012565	plot	75	37
Map Script: SetStartBias for	CIVILIZATION_BRAZIL	6
Map Script: __TableSize startPlots:	10
Map Script: __BiasRoutine check ratedBiases:	table: 0000000195094A70	;regionIndex:	8
Map Script: Settled Score :	17637356	Player:	6	Region:	8
Map Script: ZYL RVC ring sector result:	6	angleDiff	1.4053566314086	radialDiff	0.0084501532124204	plot	18	63
Map Script: SetStartBias for	CIVILIZATION_NUBIA	4
Map Script: __TableSize startPlots:	10
Map Script: __BiasRoutine check ratedBiases:	table: 00000001BD53BB70	;regionIndex:	9
Map Script: Settled Score :	17441772	Player:	4	Region:	9
Map Script: ZYL RVC ring sector result:	4	angleDiff	4.4240963842532	radialDiff	0.26802700589596	plot	52	16
Map Script: SetStartBias for	CIVILIZATION_VIETNAM	8
Map Script: __TableSize startPlots:	10
Map Script: __BiasRoutine check ratedBiases:	table: 00000001BD537390	;regionIndex:	4
Map Script: Settled Score :	17156316	Player:	8	Region:	4
Map Script: ZYL RVC ring sector result:	8	angleDiff	18.149681697783	radialDiff	0.084005463781377	plot	14	34
Map Script: SetStartBias for	CIVILIZATION_ROME	9
Map Script: __TableSize startPlots:	10
Map Script: __BiasRoutine check ratedBiases:	table: 00000001BD5490E0	;regionIndex:	10
Map Script: Settled Score :	17370928	Player:	9	Region:	10
Map Script: ZYL RVC ring sector result:	9	angleDiff	2.5422954898717	radialDiff	0.24211057900397	plot	34	16
Map Script: SetStartBias for	CIVILIZATION_INDIA	2
Map Script: __TableSize startPlots:	10
Map Script: __BiasRoutine check ratedBiases:	nil	;regionIndex:	0
Map Script: Attempt to place using fallback	2	CIVILIZATION_INDIA
Map Script: Failed to place	2	CIVILIZATION_INDIA
Map Script: SetStartBias for	CIVILIZATION_MACEDON	5
Map Script: __TableSize startPlots:	10
Map Script: __BiasRoutine check ratedBiases:	table: 00000001B873D2E0	;regionIndex:	8
Map Script: Settled Score :	18541832	Player:	5	Region:	8
Map Script: ZYL RVC ring sector result:	5	angleDiff	1.3637730598546	radialDiff	0.0032532239334658	plot	31	73
Map Script: ZYL RVC coastal side quota:	west	0	east	0	fallback	0
Map Script: SetStartBias for	CIVILIZATION_LISBON	14
Map Script: __TableSize startPlots:	12
Map Script: __BiasRoutine check ratedBiases:	table: 00000000D0096CC0	;regionIndex:	8
Map Script: Settled plot :	19	:	9	Score :	3004537	Player:	14	Region:	8
Map Script: SetStartBias for	CIVILIZATION_PRESLAV	21
Map Script: __TableSize startPlots:	12
Map Script: __BiasRoutine check ratedBiases:	table: 00000001B7665E50	;regionIndex:	1
Map Script: Settled plot :	72	:	70	Score :	111220	Player:	21	Region:	1
Map Script: SetStartBias for	CIVILIZATION_VILNIUS	16
Map Script: __TableSize startPlots:	12
Map Script: __BiasRoutine check ratedBiases:	table: 00000001BD7083F0	;regionIndex:	2
Map Script: Settled plot :	63	:	63	Score :	111126	Player:	16	Region:	2
Map Script: SetStartBias for	CIVILIZATION_HATTUSA	12
Map Script: __TableSize startPlots:	12
Map Script: __BiasRoutine check ratedBiases:	table: 00000001BB6778D0	;regionIndex:	3
Map Script: Settled plot :	70	:	17	Score :	112165	Player:	12	Region:	3
Map Script: SetStartBias for	CIVILIZATION_JERUSALEM	11
Map Script: __TableSize startPlots:	12
Map Script: __BiasRoutine check ratedBiases:	table: 0000000191B39610	;regionIndex:	10
Map Script: Settled plot :	69	:	59	Score :	-89888354	Player:	11	Region:	10
Map Script: SetStartBias for	CIVILIZATION_BABYLON	10
Map Script: __TableSize startPlots:	12
Map Script: __BiasRoutine check ratedBiases:	table: 00000001BAF2C650	;regionIndex:	6
Map Script: Settled plot :	66	:	75	Score :	10356	Player:	10	Region:	6
Map Script: SetStartBias for	CIVILIZATION_FEZ	19
Map Script: __TableSize startPlots:	12
Map Script: __BiasRoutine check ratedBiases:	table: 000000009C8BD1D0	;regionIndex:	11
Map Script: Settled plot :	14	:	16	Score :	7792	Player:	19	Region:	11
Map Script: SetStartBias for	CIVILIZATION_BUENOS_AIRES	18
Map Script: __TableSize startPlots:	12
Map Script: __BiasRoutine check ratedBiases:	table: 00000000B3386540	;regionIndex:	4
Map Script: Settled plot :	60	:	22	Score :	-89991237	Player:	18	Region:	4
Map Script: SetStartBias for	CIVILIZATION_KUMASI	20
Map Script: __TableSize startPlots:	12
Map Script: __BiasRoutine check ratedBiases:	table: 000000009D1D6A10	;regionIndex:	5
Map Script: Settled plot :	1	:	27	Score :	-89987917	Player:	20	Region:	5
Map Script: SetStartBias for	CIVILIZATION_YEREVAN	17
Map Script: __TableSize startPlots:	12
Map Script: __BiasRoutine check ratedBiases:	table: 00000001B92C04A0	;regionIndex:	7
Map Script: Settled plot :	70	:	26	Score :	-89989073	Player:	17	Region:	7
Map Script: SetStartBias for	CIVILIZATION_VATICAN_CITY	15
Map Script: __TableSize startPlots:	12
Map Script: __BiasRoutine check ratedBiases:	table: 000000009CB6F260	;regionIndex:	9
Map Script: Settled plot :	3	:	55	Score :	-89995921	Player:	15	Region:	9
Map Script: SetStartBias for	CIVILIZATION_JOHANNESBURG	13
Map Script: __TableSize startPlots:	12
Map Script: __BiasRoutine check ratedBiases:	table: 0000000194C30E00	;regionIndex:	12
Map Script: Settled plot :	40	:	68	Score :	-89990133	Player:	13	Region:	12
Map Script: Error Major Player is missing:	2
Map Script: Minor	CIVILIZATION_BABYLON	Start X: 	66	Y: 	75
Map Script: Minor	CIVILIZATION_JERUSALEM	Start X: 	69	Y: 	59
Map Script: Minor	CIVILIZATION_HATTUSA	Start X: 	70	Y: 	17
Map Script: Minor	CIVILIZATION_JOHANNESBURG	Start X: 	40	Y: 	68
Map Script: Minor	CIVILIZATION_LISBON	Start X: 	19	Y: 	9
Map Script: Minor	CIVILIZATION_VATICAN_CITY	Start X: 	3	Y: 	55
Map Script: Minor	CIVILIZATION_VILNIUS	Start X: 	63	Y: 	63
Map Script: Minor	CIVILIZATION_YEREVAN	Start X: 	70	Y: 	26
Map Script: Minor	CIVILIZATION_BUENOS_AIRES	Start X: 	60	Y: 	22
Map Script: Minor	CIVILIZATION_FEZ	Start X: 	14	Y: 	16
Map Script: Minor	CIVILIZATION_KUMASI	Start X: 	1	Y: 	27
Map Script: Minor	CIVILIZATION_PRESLAV	Start X: 	72	Y: 	70
Map Script: BBS_AssignStartingPlots: Completed	Wed Sep 16 20:22:20 2026
Map Script: ZYL RVC strict player-distance retry keeps hard floors at	12	same-team /	18	cross-team
Map Script: Attempt #	10	Distance	18
Map Script: TeamPVP __InitStartingData i:	10
Map Script: BBS_AssignStartingPlots: Start:	Wed Sep 16 20:22:20 2026
Map Script: ZYL RVC team lobby depth rank:	0	team	0	rank	1	of	5
Map Script: ZYL RVC team lobby depth rank:	1	team	0	rank	2	of	5
Map Script: ZYL RVC team lobby depth rank:	2	team	0	rank	3	of	5
Map Script: ZYL RVC team lobby depth rank:	3	team	0	rank	4	of	5
Map Script: ZYL RVC team lobby depth rank:	4	team	0	rank	5	of	5
Map Script: ZYL RVC team lobby depth rank:	5	team	1	rank	1	of	5
Map Script: ZYL RVC team lobby depth rank:	6	team	1	rank	2	of	5
Map Script: ZYL RVC team lobby depth rank:	7	team	1	rank	3	of	5
Map Script: ZYL RVC team lobby depth rank:	8	team	1	rank	4	of	5
Map Script: ZYL RVC team lobby depth rank:	9	team	1	rank	5	of	5
Map Script: ZYL RVC ring sector:	0	team	0	rank	1	of	5	side	positive	angle	54	-	90	target	68.4	radial	26	-	38
Map Script: ZYL RVC ring sector:	1	team	0	rank	2	of	5	side	positive	angle	18	-	54	target	36	radial	26	-	38
Map Script: ZYL RVC ring sector:	2	team	0	rank	3	of	5	side	positive	angle	-18	-	18	target	0	radial	26	-	38
Map Script: ZYL RVC ring sector:	3	team	0	rank	4	of	5	side	positive	angle	-54	-	-18	target	-36	radial	26	-	38
Map Script: ZYL RVC ring sector:	4	team	0	rank	5	of	5	side	positive	angle	-90	-	-54	target	-68.4	radial	26	-	38
Map Script: ZYL RVC ring sector:	5	team	1	rank	1	of	5	side	negative	angle	90	-	126	target	111.6	radial	26	-	38
Map Script: ZYL RVC ring sector:	6	team	1	rank	2	of	5	side	negative	angle	126	-	162	target	144	radial	26	-	38
Map Script: ZYL RVC ring sector:	7	team	1	rank	3	of	5	side	negative	angle	162	-	198	target	180	radial	26	-	38
Map Script: ZYL RVC ring sector:	8	team	1	rank	4	of	5	side	negative	angle	198	-	234	target	216	radial	26	-	38
Map Script: ZYL RVC ring sector:	9	team	1	rank	5	of	5	side	negative	angle	234	-	270	target	248.4	radial	26	-	38
Map Script: SetStartBias for	CIVILIZATION_EGYPT	0
Map Script: __TableSize startPlots:	10
Map Script: __BiasRoutine check ratedBiases:	table: 00000001BEDF1B40	;regionIndex:	1
Map Script: Settled Score :	22236770	Player:	0	Region:	1
Map Script: ZYL RVC ring sector result:	0	angleDiff	13.469897645844	radialDiff	0.015016237217113	plot	48	75
Map Script: SetStartBias for	CIVILIZATION_GERMANY	7
Map Script: __TableSize startPlots:	10
Map Script: __BiasRoutine check ratedBiases:	table: 00000001B86574E0	;regionIndex:	6
Map Script: Settled Score :	18537528	Player:	7	Region:	6
Map Script: ZYL RVC ring sector result:	7	angleDiff	0.88140399658215	radialDiff	0.041987160524168	plot	11	44
Map Script: SetStartBias for	CIVILIZATION_BABYLON_STK	1
Map Script: __TableSize startPlots:	10
Map Script: __BiasRoutine check ratedBiases:	table: 00000001B865FAF0	;regionIndex:	5
Map Script: Settled Score :	18244634	Player:	1	Region:	5
Map Script: ZYL RVC ring sector result:	1	angleDiff	26.095816787026	radialDiff	0.0019538407800865	plot	75	49
Map Script: SetStartBias for	CIVILIZATION_MALI	3
Map Script: __TableSize startPlots:	10
Map Script: __BiasRoutine check ratedBiases:	table: 00000001B866CBB0	;regionIndex:	2
Map Script: Settled Score :	18257513	Player:	3	Region:	2
Map Script: ZYL RVC ring sector result:	3	angleDiff	24.340707346477	radialDiff	0.013637006012565	plot	75	37
Map Script: SetStartBias for	CIVILIZATION_BRAZIL	6
Map Script: __TableSize startPlots:	10
Map Script: __BiasRoutine check ratedBiases:	table: 000000009AADA250	;regionIndex:	6
Map Script: Settled Score :	17815179	Player:	6	Region:	6
Map Script: ZYL RVC ring sector result:	6	angleDiff	10.57312583041	radialDiff	0.14760746512805	plot	13	58
Map Script: SetStartBias for	CIVILIZATION_NUBIA	4
Map Script: __TableSize startPlots:	10
Map Script: __BiasRoutine check ratedBiases:	table: 00000001B8143CC0	;regionIndex:	9
Map Script: Settled Score :	17435544	Player:	4	Region:	9
Map Script: ZYL RVC ring sector result:	4	angleDiff	4.4240963842532	radialDiff	0.26802700589596	plot	52	16
Map Script: SetStartBias for	CIVILIZATION_VIETNAM	8
Map Script: __TableSize startPlots:	10
Map Script: __BiasRoutine check ratedBiases:	table: 00000001B8149620	;regionIndex:	10
Map Script: Settled Score :	16988418	Player:	8	Region:	10
Map Script: ZYL RVC ring sector result:	8	angleDiff	22.091893064347	radialDiff	0.065251453535339	plot	27	17
Map Script: SetStartBias for	CIVILIZATION_ROME	9
Map Script: __TableSize startPlots:	10
Map Script: __BiasRoutine check ratedBiases:	table: 00000001B814F430	;regionIndex:	3
Map Script: Settled Score :	16932857	Player:	9	Region:	3
Map Script: ZYL RVC ring sector result:	9	angleDiff	12.793207305565	radialDiff	0.32696082444768	plot	38	8
Map Script: SetStartBias for	CIVILIZATION_MACEDON	5
Map Script: __TableSize startPlots:	10
Map Script: __BiasRoutine check ratedBiases:	table: 00000001B81399A0	;regionIndex:	8
Map Script: Settled Score :	18544411	Player:	5	Region:	8
Map Script: ZYL RVC ring sector result:	5	angleDiff	1.3637730598546	radialDiff	0.0032532239334658	plot	31	73
Map Script: SetStartBias for	CIVILIZATION_INDIA	2
Map Script: __TableSize startPlots:	10
Map Script: __BiasRoutine check ratedBiases:	nil	;regionIndex:	0
Map Script: Attempt to place using fallback	2	CIVILIZATION_INDIA
Map Script: Failed to place	2	CIVILIZATION_INDIA
Map Script: ZYL RVC coastal side quota:	west	0	east	0	fallback	0
Map Script: SetStartBias for	CIVILIZATION_LISBON	14
Map Script: __TableSize startPlots:	12
Map Script: __BiasRoutine check ratedBiases:	table: 00000001BCF11830	;regionIndex:	11
Map Script: Settled plot :	77	:	67	Score :	2009174	Player:	14	Region:	11
Map Script: SetStartBias for	CIVILIZATION_HATTUSA	12
Map Script: __TableSize startPlots:	12
Map Script: __BiasRoutine check ratedBiases:	table: 0000000195238720	;regionIndex:	10
Map Script: Settled plot :	63	:	61	Score :	113103	Player:	12	Region:	10
Map Script: SetStartBias for	CIVILIZATION_VILNIUS	16
Map Script: __TableSize startPlots:	12
Map Script: __BiasRoutine check ratedBiases:	table: 00000001BD055610	;regionIndex:	3
Map Script: Settled plot :	71	:	19	Score :	110804	Player:	16	Region:	3
Map Script: SetStartBias for	CIVILIZATION_PRESLAV	21
Map Script: __TableSize startPlots:	12
Map Script: __BiasRoutine check ratedBiases:	table: 00000001B9817530	;regionIndex:	2
Map Script: Settled plot :	13	:	24	Score :	109667	Player:	21	Region:	2
Map Script: SetStartBias for	CIVILIZATION_JERUSALEM	11
Map Script: __TableSize startPlots:	12
Map Script: __BiasRoutine check ratedBiases:	table: 000000020A5937C0	;regionIndex:	6
Map Script: Settled plot :	66	:	75	Score :	12323	Player:	11	Region:	6
Map Script: SetStartBias for	CIVILIZATION_BABYLON	10
Map Script: __TableSize startPlots:	12
Map Script: __BiasRoutine check ratedBiases:	table: 000000009C5936F0	;regionIndex:	8
Map Script: Settled plot :	1	:	28	Score :	9847	Player:	10	Region:	8
Map Script: SetStartBias for	CIVILIZATION_BUENOS_AIRES	18
Map Script: __TableSize startPlots:	12
Map Script: __BiasRoutine check ratedBiases:	table: 000000020DB15020	;regionIndex:	7
Map Script: Settled plot :	80	:	25	Score :	-89989248	Player:	18	Region:	7
Map Script: SetStartBias for	CIVILIZATION_YEREVAN	17
Map Script: __TableSize startPlots:	12
Map Script: __BiasRoutine check ratedBiases:	table: 000000009AFB03B0	;regionIndex:	1
Map Script: Settled plot :	38	:	19	Score :	-89989336	Player:	17	Region:	1
Map Script: SetStartBias for	CIVILIZATION_KUMASI	20
Map Script: __TableSize startPlots:	12
Map Script: __BiasRoutine check ratedBiases:	table: 00000001BA490CE0	;regionIndex:	4
Map Script: Too close to same CS type
Map Script: Too close to same CS type
Map Script: Too close to same CS type
Map Script: Too close to same CS type
Map Script: Too close to same CS type
Map Script: SetStartBias for	CIVILIZATION_FEZ	19
Map Script: __TableSize startPlots:	12
Map Script: __BiasRoutine check ratedBiases:	table: 00000001B9C2A0A0	;regionIndex:	9
Map Script: Settled plot :	22	:	55	Score :	-89988679	Player:	19	Region:	9
Map Script: SetStartBias for	CIVILIZATION_JOHANNESBURG	13
Map Script: __TableSize startPlots:	12
Map Script: __BiasRoutine check ratedBiases:	table: 00000001B7DFC8F0	;regionIndex:	5
Map Script: Settled plot :	58	:	2	Score :	-89990026	Player:	13	Region:	5
Map Script: SetStartBias for	CIVILIZATION_VATICAN_CITY	15
Map Script: __TableSize startPlots:	12
Map Script: __BiasRoutine check ratedBiases:	table: 00000001B7E10CB0	;regionIndex:	12
Map Script: Settled plot :	20	:	68	Score :	-89990043	Player:	15	Region:	12
Map Script: Error Major Player is missing:	2
Map Script: Minor	CIVILIZATION_BABYLON	Start X: 	1	Y: 	28
Map Script: Minor	CIVILIZATION_JERUSALEM	Start X: 	66	Y: 	75
Map Script: Minor	CIVILIZATION_HATTUSA	Start X: 	63	Y: 	61
Map Script: Minor	CIVILIZATION_JOHANNESBURG	Start X: 	58	Y: 	2
Map Script: Minor	CIVILIZATION_LISBON	Start X: 	77	Y: 	67
Map Script: Minor	CIVILIZATION_VATICAN_CITY	Start X: 	20	Y: 	68
Map Script: Minor	CIVILIZATION_VILNIUS	Start X: 	71	Y: 	19
Map Script: Minor	CIVILIZATION_YEREVAN	Start X: 	38	Y: 	19
Map Script: Minor	CIVILIZATION_BUENOS_AIRES	Start X: 	80	Y: 	25
Map Script: Minor	CIVILIZATION_FEZ	Start X: 	22	Y: 	55
Map Script: Minor	CIVILIZATION_KUMASI	Start X: 	1	Y: 	27
Map Script: Minor	CIVILIZATION_PRESLAV	Start X: 	13	Y: 	24
Map Script: BBS_AssignStartingPlots: Completed	Wed Sep 16 20:22:20 2026
Map Script: ZYL RVC strict player-distance retry keeps hard floors at	12	same-team /	18	cross-team
Map Script: Attempt #	11	Distance	18
Map Script: TeamPVP __InitStartingData i:	11
Map Script: BBS_AssignStartingPlots: Start:	Wed Sep 16 20:22:20 2026
Map Script: ZYL RVC team lobby depth rank:	0	team	0	rank	1	of	5
Map Script: ZYL RVC team lobby depth rank:	1	team	0	rank	2	of	5
Map Script: ZYL RVC team lobby depth rank:	2	team	0	rank	3	of	5
Map Script: ZYL RVC team lobby depth rank:	3	team	0	rank	4	of	5
Map Script: ZYL RVC team lobby depth rank:	4	team	0	rank	5	of	5
Map Script: ZYL RVC team lobby depth rank:	5	team	1	rank	1	of	5
Map Script: ZYL RVC team lobby depth rank:	6	team	1	rank	2	of	5
Map Script: ZYL RVC team lobby depth rank:	7	team	1	rank	3	of	5
Map Script: ZYL RVC team lobby depth rank:	8	team	1	rank	4	of	5
Map Script: ZYL RVC team lobby depth rank:	9	team	1	rank	5	of	5
Map Script: ZYL RVC ring sector:	0	team	0	rank	1	of	5	side	positive	angle	54	-	90	target	68.4	radial	26	-	38
Map Script: ZYL RVC ring sector:	1	team	0	rank	2	of	5	side	positive	angle	18	-	54	target	36	radial	26	-	38
Map Script: ZYL RVC ring sector:	2	team	0	rank	3	of	5	side	positive	angle	-18	-	18	target	0	radial	26	-	38
Map Script: ZYL RVC ring sector:	3	team	0	rank	4	of	5	side	positive	angle	-54	-	-18	target	-36	radial	26	-	38
Map Script: ZYL RVC ring sector:	4	team	0	rank	5	of	5	side	positive	angle	-90	-	-54	target	-68.4	radial	26	-	38
Map Script: ZYL RVC ring sector:	5	team	1	rank	1	of	5	side	negative	angle	90	-	126	target	111.6	radial	26	-	38
Map Script: ZYL RVC ring sector:	6	team	1	rank	2	of	5	side	negative	angle	126	-	162	target	144	radial	26	-	38
Map Script: ZYL RVC ring sector:	7	team	1	rank	3	of	5	side	negative	angle	162	-	198	target	180	radial	26	-	38
Map Script: ZYL RVC ring sector:	8	team	1	rank	4	of	5	side	negative	angle	198	-	234	target	216	radial	26	-	38
Map Script: ZYL RVC ring sector:	9	team	1	rank	5	of	5	side	negative	angle	234	-	270	target	248.4	radial	26	-	38
Map Script: SetStartBias for	CIVILIZATION_EGYPT	0
Map Script: __TableSize startPlots:	10
Map Script: __BiasRoutine check ratedBiases:	table: 000000009AE96680	;regionIndex:	1
Map Script: Settled Score :	22242114	Player:	0	Region:	1
Map Script: ZYL RVC ring sector result:	0	angleDiff	13.469897645844	radialDiff	0.015016237217113	plot	48	75
Map Script: SetStartBias for	CIVILIZATION_BABYLON_STK	1
Map Script: __TableSize startPlots:	10
Map Script: __BiasRoutine check ratedBiases:	table: 000000009AEA6DF0	;regionIndex:	5
Map Script: Settled Score :	18245644	Player:	1	Region:	5
Map Script: ZYL RVC ring sector result:	1	angleDiff	26.095816787026	radialDiff	0.0019538407800865	plot	75	49
Map Script: SetStartBias for	CIVILIZATION_GERMANY	7
Map Script: __TableSize startPlots:	10
Map Script: __BiasRoutine check ratedBiases:	table: 00000001BA47B7A0	;regionIndex:	6
Map Script: Settled Score :	18532396	Player:	7	Region:	6
Map Script: ZYL RVC ring sector result:	7	angleDiff	0.90938044919915	radialDiff	0.041335999662773	plot	12	44
Map Script: SetStartBias for	CIVILIZATION_MALI	3
Map Script: __TableSize startPlots:	10
Map Script: __BiasRoutine check ratedBiases:	table: 00000001BA487690	;regionIndex:	2
Map Script: Settled Score :	18256199	Player:	3	Region:	2
Map Script: ZYL RVC ring sector result:	3	angleDiff	24.340707346477	radialDiff	0.013637006012565	plot	75	37
Map Script: SetStartBias for	CIVILIZATION_BRAZIL	6
Map Script: __TableSize startPlots:	10
Map Script: __BiasRoutine check ratedBiases:	table: 000000009AFACA30	;regionIndex:	6
Map Script: Settled Score :	17814767	Player:	6	Region:	6
Map Script: ZYL RVC ring sector result:	6	angleDiff	10.57312583041	radialDiff	0.14760746512805	plot	13	58
Map Script: SetStartBias for	CIVILIZATION_NUBIA	4
Map Script: __TableSize startPlots:	10
Map Script: __BiasRoutine check ratedBiases:	table: 000000009AFB6440	;regionIndex:	9
Map Script: Settled Score :	17439363	Player:	4	Region:	9
Map Script: ZYL RVC ring sector result:	4	angleDiff	4.4240963842532	radialDiff	0.26802700589596	plot	52	16
Map Script: SetStartBias for	CIVILIZATION_VIETNAM	8
Map Script: __TableSize startPlots:	10
Map Script: __BiasRoutine check ratedBiases:	table: 000000009AFBED20	;regionIndex:	10
Map Script: Settled Score :	16983336	Player:	8	Region:	10
Map Script: ZYL RVC ring sector result:	8	angleDiff	22.091893064347	radialDiff	0.065251453535339	plot	27	17
Map Script: SetStartBias for	CIVILIZATION_MACEDON	5
Map Script: __TableSize startPlots:	10
Map Script: __BiasRoutine check ratedBiases:	table: 000000020DB04F40	;regionIndex:	8
Map Script: Settled Score :	18542947	Player:	5	Region:	8
Map Script: ZYL RVC ring sector result:	5	angleDiff	1.3637730598546	radialDiff	0.0032532239334658	plot	31	73
Map Script: SetStartBias for	CIVILIZATION_INDIA	2
Map Script: __TableSize startPlots:	10
Map Script: __BiasRoutine check ratedBiases:	nil	;regionIndex:	0
Map Script: Attempt to place using fallback	2	CIVILIZATION_INDIA
Map Script: Failed to place	2	CIVILIZATION_INDIA
Map Script: SetStartBias for	CIVILIZATION_ROME	9
Map Script: __TableSize startPlots:	10
Map Script: __BiasRoutine check ratedBiases:	table: 000000020D407D40	;regionIndex:	3
Map Script: Settled Score :	16925883	Player:	9	Region:	3
Map Script: ZYL RVC ring sector result:	9	angleDiff	12.793207305565	radialDiff	0.32696082444768	plot	38	8
Map Script: ZYL RVC coastal side quota:	west	0	east	0	fallback	0
Map Script: SetStartBias for	CIVILIZATION_LISBON	14
Map Script: __TableSize startPlots:	12
Map Script: __BiasRoutine check ratedBiases:	table: 000000009C59C6B0	;regionIndex:	2
Map Script: Settled plot :	69	:	12	Score :	2008303	Player:	14	Region:	2
Map Script: SetStartBias for	CIVILIZATION_JERUSALEM	11
Map Script: __TableSize startPlots:	12
Map Script: __BiasRoutine check ratedBiases:	table: 00000001BD04F5D0	;regionIndex:	11
Map Script: Settled plot :	63	:	64	Score :	112631	Player:	11	Region:	11
Map Script: SetStartBias for	CIVILIZATION_VILNIUS	16
Map Script: __TableSize startPlots:	12
Map Script: __BiasRoutine check ratedBiases:	table: 000000019523BF60	;regionIndex:	4
Map Script: Settled plot :	13	:	24	Score :	109318	Player:	16	Region:	4
Map Script: SetStartBias for	CIVILIZATION_HATTUSA	12
Map Script: __TableSize startPlots:	12
Map Script: __BiasRoutine check ratedBiases:	table: 000000009C60A640	;regionIndex:	10
Map Script: Settled plot :	76	:	60	Score :	-89886641	Player:	12	Region:	10
Map Script: SetStartBias for	CIVILIZATION_PRESLAV	21
Map Script: __TableSize startPlots:	12
Map Script: __BiasRoutine check ratedBiases:	table: 000000009AAD69C0	;regionIndex:	7
Map Script: Settled plot :	66	:	75	Score :	8489	Player:	21	Region:	7
Map Script: SetStartBias for	CIVILIZATION_BABYLON	10
Map Script: __TableSize startPlots:	12
Map Script: __BiasRoutine check ratedBiases:	table: 00000001BEDF3B20	;regionIndex:	6
Map Script: Settled plot :	1	:	27	Score :	9594	Player:	10	Region:	6
Map Script: SetStartBias for	CIVILIZATION_KUMASI	20
Map Script: __TableSize startPlots:	12
Map Script: __BiasRoutine check ratedBiases:	table: 00000001B92B9740	;regionIndex:	12
Map Script: Settled plot :	20	:	66	Score :	-89987916	Player:	20	Region:	12
Map Script: SetStartBias for	CIVILIZATION_YEREVAN	17
Map Script: __TableSize startPlots:	12
Map Script: __BiasRoutine check ratedBiases:	table: 00000001B92C9D70	;regionIndex:	5
Map Script: Settled plot :	22	:	55	Score :	-89988872	Player:	17	Region:	5
Map Script: SetStartBias for	CIVILIZATION_BUENOS_AIRES	18
Map Script: __TableSize startPlots:	12
Map Script: __BiasRoutine check ratedBiases:	table: 0000000192B255D0	;regionIndex:	1
Map Script: Settled plot :	38	:	19	Score :	-89989162	Player:	18	Region:	1
Map Script: SetStartBias for	CIVILIZATION_FEZ	19
Map Script: __TableSize startPlots:	12
Map Script: __BiasRoutine check ratedBiases:	table: 00000001950B4E40	;regionIndex:	9
Map Script: Settled plot :	19	:	11	Score :	-89987637	Player:	19	Region:	9
Map Script: SetStartBias for	CIVILIZATION_VATICAN_CITY	15
Map Script: __TableSize startPlots:	12
Map Script: __BiasRoutine check ratedBiases:	table: 00000001B9DCC9F0	;regionIndex:	3
Map Script: Settled plot :	59	:	23	Score :	-89990637	Player:	15	Region:	3
Map Script: SetStartBias for	CIVILIZATION_JOHANNESBURG	13
Map Script: __TableSize startPlots:	12
Map Script: __BiasRoutine check ratedBiases:	table: 00000001B9DDDCA0	;regionIndex:	8
Map Script: Settled plot :	64	:	30	Score :	-89990254	Player:	13	Region:	8
Map Script: Error Major Player is missing:	2
Map Script: Minor	CIVILIZATION_BABYLON	Start X: 	1	Y: 	27
Map Script: Minor	CIVILIZATION_JERUSALEM	Start X: 	63	Y: 	64
Map Script: Minor	CIVILIZATION_HATTUSA	Start X: 	76	Y: 	60
Map Script: Minor	CIVILIZATION_JOHANNESBURG	Start X: 	64	Y: 	30
Map Script: Minor	CIVILIZATION_LISBON	Start X: 	69	Y: 	12
Map Script: Minor	CIVILIZATION_VATICAN_CITY	Start X: 	59	Y: 	23
Map Script: Minor	CIVILIZATION_VILNIUS	Start X: 	13	Y: 	24
Map Script: Minor	CIVILIZATION_YEREVAN	Start X: 	22	Y: 	55
Map Script: Minor	CIVILIZATION_BUENOS_AIRES	Start X: 	38	Y: 	19
Map Script: Minor	CIVILIZATION_FEZ	Start X: 	19	Y: 	11
Map Script: Minor	CIVILIZATION_KUMASI	Start X: 	20	Y: 	66
Map Script: Minor	CIVILIZATION_PRESLAV	Start X: 	66	Y: 	75
Map Script: BBS_AssignStartingPlots: Completed	Wed Sep 16 20:22:21 2026
Map Script: ZYL RVC strict player-distance retry keeps hard floors at	12	same-team /	18	cross-team
Map Script: Attempt #	12	Distance	18
Map Script: TeamPVP __InitStartingData i:	12
Map Script: BBS_AssignStartingPlots: Start:	Wed Sep 16 20:22:21 2026
Map Script: ZYL RVC team lobby depth rank:	0	team	0	rank	1	of	5
Map Script: ZYL RVC team lobby depth rank:	1	team	0	rank	2	of	5
Map Script: ZYL RVC team lobby depth rank:	2	team	0	rank	3	of	5
Map Script: ZYL RVC team lobby depth rank:	3	team	0	rank	4	of	5
Map Script: ZYL RVC team lobby depth rank:	4	team	0	rank	5	of	5
Map Script: ZYL RVC team lobby depth rank:	5	team	1	rank	1	of	5
Map Script: ZYL RVC team lobby depth rank:	6	team	1	rank	2	of	5
Map Script: ZYL RVC team lobby depth rank:	7	team	1	rank	3	of	5
Map Script: ZYL RVC team lobby depth rank:	8	team	1	rank	4	of	5
Map Script: ZYL RVC team lobby depth rank:	9	team	1	rank	5	of	5
Map Script: ZYL RVC ring sector:	0	team	0	rank	1	of	5	side	positive	angle	54	-	90	target	68.4	radial	26	-	38
Map Script: ZYL RVC ring sector:	1	team	0	rank	2	of	5	side	positive	angle	18	-	54	target	36	radial	26	-	38
Map Script: ZYL RVC ring sector:	2	team	0	rank	3	of	5	side	positive	angle	-18	-	18	target	0	radial	26	-	38
Map Script: ZYL RVC ring sector:	3	team	0	rank	4	of	5	side	positive	angle	-54	-	-18	target	-36	radial	26	-	38
Map Script: ZYL RVC ring sector:	4	team	0	rank	5	of	5	side	positive	angle	-90	-	-54	target	-68.4	radial	26	-	38
Map Script: ZYL RVC ring sector:	5	team	1	rank	1	of	5	side	negative	angle	90	-	126	target	111.6	radial	26	-	38
Map Script: ZYL RVC ring sector:	6	team	1	rank	2	of	5	side	negative	angle	126	-	162	target	144	radial	26	-	38
Map Script: ZYL RVC ring sector:	7	team	1	rank	3	of	5	side	negative	angle	162	-	198	target	180	radial	26	-	38
Map Script: ZYL RVC ring sector:	8	team	1	rank	4	of	5	side	negative	angle	198	-	234	target	216	radial	26	-	38
Map Script: ZYL RVC ring sector:	9	team	1	rank	5	of	5	side	negative	angle	234	-	270	target	248.4	radial	26	-	38
Map Script: SetStartBias for	CIVILIZATION_EGYPT	0
Map Script: __TableSize startPlots:	10
Map Script: __BiasRoutine check ratedBiases:	table: 000000020F243290	;regionIndex:	1
Map Script: Settled Score :	22242176	Player:	0	Region:	1
Map Script: ZYL RVC ring sector result:	0	angleDiff	13.469897645844	radialDiff	0.015016237217113	plot	48	75
Map Script: SetStartBias for	CIVILIZATION_GERMANY	7
Map Script: __TableSize startPlots:	10
Map Script: __BiasRoutine check ratedBiases:	table: 000000020F252C90	;regionIndex:	6
Map Script: Settled Score :	18536751	Player:	7	Region:	6
Map Script: ZYL RVC ring sector result:	7	angleDiff	0.90938044919915	radialDiff	0.041335999662773	plot	12	44
Map Script: SetStartBias for	CIVILIZATION_BABYLON_STK	1
Map Script: __TableSize startPlots:	10
Map Script: __BiasRoutine check ratedBiases:	table: 000000020F25B2F0	;regionIndex:	5
Map Script: Settled Score :	18239650	Player:	1	Region:	5
Map Script: ZYL RVC ring sector result:	1	angleDiff	26.095816787026	radialDiff	0.0019538407800865	plot	75	49
Map Script: SetStartBias for	CIVILIZATION_MALI	3
Map Script: __TableSize startPlots:	10
Map Script: __BiasRoutine check ratedBiases:	table: 00000001B7132EF0	;regionIndex:	2
Map Script: Settled Score :	18260967	Player:	3	Region:	2
Map Script: ZYL RVC ring sector result:	3	angleDiff	24.340707346477	radialDiff	0.013637006012565	plot	75	37
Map Script: SetStartBias for	CIVILIZATION_NUBIA	4
Map Script: __TableSize startPlots:	10
Map Script: __BiasRoutine check ratedBiases:	table: 00000001B713DC10	;regionIndex:	9
Map Script: Settled Score :	17438836	Player:	4	Region:	9
Map Script: ZYL RVC ring sector result:	4	angleDiff	4.4240963842532	radialDiff	0.26802700589596	plot	52	16
Map Script: SetStartBias for	CIVILIZATION_BRAZIL	6
Map Script: __TableSize startPlots:	10
Map Script: __BiasRoutine check ratedBiases:	table: 00000001B71420D0	;regionIndex:	6
Map Script: Settled Score :	17822355	Player:	6	Region:	6
Map Script: ZYL RVC ring sector result:	6	angleDiff	10.57312583041	radialDiff	0.14760746512805	plot	13	58
Map Script: SetStartBias for	CIVILIZATION_VIETNAM	8
Map Script: __TableSize startPlots:	10
Map Script: __BiasRoutine check ratedBiases:	table: 00000001BEDB69F0	;regionIndex:	10
Map Script: Settled Score :	16982115	Player:	8	Region:	10
Map Script: ZYL RVC ring sector result:	8	angleDiff	22.091893064347	radialDiff	0.065251453535339	plot	27	17
Map Script: SetStartBias for	CIVILIZATION_MACEDON	5
Map Script: __TableSize startPlots:	10
Map Script: __BiasRoutine check ratedBiases:	table: 00000001BD2A62B0	;regionIndex:	8
Map Script: Settled Score :	18540718	Player:	5	Region:	8
Map Script: ZYL RVC ring sector result:	5	angleDiff	1.3637730598546	radialDiff	0.0032532239334658	plot	31	73
Map Script: SetStartBias for	CIVILIZATION_INDIA	2
Map Script: __TableSize startPlots:	10
Map Script: __BiasRoutine check ratedBiases:	nil	;regionIndex:	0
Map Script: Attempt to place using fallback	2	CIVILIZATION_INDIA
Map Script: Failed to place	2	CIVILIZATION_INDIA
Map Script: SetStartBias for	CIVILIZATION_ROME	9
Map Script: __TableSize startPlots:	10
Map Script: __BiasRoutine check ratedBiases:	table: 000000009CDD9DF0	;regionIndex:	3
Map Script: Settled Score :	16928655	Player:	9	Region:	3
Map Script: ZYL RVC ring sector result:	9	angleDiff	12.793207305565	radialDiff	0.32696082444768	plot	38	8
Map Script: ZYL RVC coastal side quota:	west	0	east	0	fallback	0
Map Script: SetStartBias for	CIVILIZATION_LISBON	14
Map Script: __TableSize startPlots:	12
Map Script: __BiasRoutine check ratedBiases:	table: 000000009C8CEC50	;regionIndex:	8
Map Script: Settled plot :	2	:	26	Score :	2009331	Player:	14	Region:	8
Map Script: SetStartBias for	CIVILIZATION_JERUSALEM	11
Map Script: __TableSize startPlots:	12
Map Script: __BiasRoutine check ratedBiases:	table: 00000001BBBA2FC0	;regionIndex:	2
Map Script: Settled plot :	69	:	14	Score :	112724	Player:	11	Region:	2
Map Script: SetStartBias for	CIVILIZATION_PRESLAV	21
Map Script: __TableSize startPlots:	12
Map Script: __BiasRoutine check ratedBiases:	table: 00000001BB666F30	;regionIndex:	11
Map Script: Settled plot :	66	:	72	Score :	110712	Player:	21	Region:	11
Map Script: SetStartBias for	CIVILIZATION_HATTUSA	12
Map Script: __TableSize startPlots:	12
Map Script: __BiasRoutine check ratedBiases:	table: 00000001BD70CE50	;regionIndex:	9
Map Script: Settled plot :	62	:	61	Score :	109744	Player:	12	Region:	9
Map Script: SetStartBias for	CIVILIZATION_VILNIUS	16
Map Script: __TableSize startPlots:	12
Map Script: __BiasRoutine check ratedBiases:	table: 00000001BDBF33B0	;regionIndex:	4
Map Script: Settled plot :	13	:	24	Score :	107869	Player:	16	Region:	4
Map Script: SetStartBias for	CIVILIZATION_BABYLON	10
Map Script: __TableSize startPlots:	12
Map Script: __BiasRoutine check ratedBiases:	table: 00000001B7654C90	;regionIndex:	5
Map Script: Too close to same CS type
Map Script: Too close to same CS type
Map Script: Too close to same CS type
Map Script: Settled plot :	39	:	79	Score :	-89989156	Player:	10	Region:	5
Map Script: SetStartBias for	CIVILIZATION_BUENOS_AIRES	18
Map Script: __TableSize startPlots:	12
Map Script: __BiasRoutine check ratedBiases:	table: 00000001BD545990	;regionIndex:	3
Map Script: Settled plot :	60	:	22	Score :	-89992033	Player:	18	Region:	3
Map Script: SetStartBias for	CIVILIZATION_KUMASI	20
Map Script: __TableSize startPlots:	12
Map Script: __BiasRoutine check ratedBiases:	table: 00000001B9B560F0	;regionIndex:	7
Map Script: Settled plot :	59	:	7	Score :	-89987838	Player:	20	Region:	7
Map Script: SetStartBias for	CIVILIZATION_YEREVAN	17
Map Script: __TableSize startPlots:	12
Map Script: __BiasRoutine check ratedBiases:	table: 00000001BD9C5AD0	;regionIndex:	6
Map Script: Too close to same CS type
Map Script: Too close to same CS type
Map Script: Too close to same CS type
Map Script: Too close to same CS type
Map Script: Too close to same CS type
Map Script: Too close to same CS type
Map Script: Too close to same CS type
Map Script: Too close to same CS type
Map Script: Too close to same CS type
Map Script: Too close to same CS type
Map Script: Too close to same CS type
Map Script: Too close to same CS type
Map Script: Too close to same CS type
Map Script: Settled plot :	26	:	28	Score :	-89990813	Player:	17	Region:	6
Map Script: SetStartBias for	CIVILIZATION_FEZ	19
Map Script: __TableSize startPlots:	12
Map Script: __BiasRoutine check ratedBiases:	table: 00000001C16D3FF0	;regionIndex:	10
Map Script: Settled plot :	20	:	50	Score :	-89988048	Player:	19	Region:	10
Map Script: SetStartBias for	CIVILIZATION_JOHANNESBURG	13
Map Script: __TableSize startPlots:	12
Map Script: __BiasRoutine check ratedBiases:	table: 00000001B7424EA0	;regionIndex:	12
Map Script: Settled plot :	26	:	62	Score :	-89989979	Player:	13	Region:	12
Map Script: SetStartBias for	CIVILIZATION_VATICAN_CITY	15
Map Script: __TableSize startPlots:	12
Map Script: __BiasRoutine check ratedBiases:	table: 000000009CDE72C0	;regionIndex:	1
Map Script: Too close to same CS type
Map Script: Too close to same CS type
Map Script: Error Major Player is missing:	2
Map Script: Minor	CIVILIZATION_BABYLON	Start X: 	39	Y: 	79
Map Script: Minor	CIVILIZATION_JERUSALEM	Start X: 	69	Y: 	14
Map Script: Minor	CIVILIZATION_HATTUSA	Start X: 	62	Y: 	61
Map Script: Minor	CIVILIZATION_JOHANNESBURG	Start X: 	26	Y: 	62
Map Script: Minor	CIVILIZATION_LISBON	Start X: 	2	Y: 	26
Map Script: Minor	CIVILIZATION_VATICAN_CITY	Start X: 	59	Y: 	23
Map Script: Minor	CIVILIZATION_VILNIUS	Start X: 	13	Y: 	24
Map Script: Minor	CIVILIZATION_YEREVAN	Start X: 	26	Y: 	28
Map Script: Minor	CIVILIZATION_BUENOS_AIRES	Start X: 	60	Y: 	22
Map Script: Minor	CIVILIZATION_FEZ	Start X: 	20	Y: 	50
Map Script: Minor	CIVILIZATION_KUMASI	Start X: 	59	Y: 	7
Map Script: Minor	CIVILIZATION_PRESLAV	Start X: 	66	Y: 	72
Map Script: BBS_AssignStartingPlots: Completed	Wed Sep 16 20:22:21 2026
Map Script: ZYL RVC strict player-distance retry keeps hard floors at	12	same-team /	18	cross-team
Map Script: Attempt #	13	Distance	18
Map Script: TeamPVP __InitStartingData i:	13
Map Script: BBS_AssignStartingPlots: Start:	Wed Sep 16 20:22:21 2026
Map Script: ZYL RVC team lobby depth rank:	0	team	0	rank	1	of	5
Map Script: ZYL RVC team lobby depth rank:	1	team	0	rank	2	of	5
Map Script: ZYL RVC team lobby depth rank:	2	team	0	rank	3	of	5
Map Script: ZYL RVC team lobby depth rank:	3	team	0	rank	4	of	5
Map Script: ZYL RVC team lobby depth rank:	4	team	0	rank	5	of	5
Map Script: ZYL RVC team lobby depth rank:	5	team	1	rank	1	of	5
Map Script: ZYL RVC team lobby depth rank:	6	team	1	rank	2	of	5
Map Script: ZYL RVC team lobby depth rank:	7	team	1	rank	3	of	5
Map Script: ZYL RVC team lobby depth rank:	8	team	1	rank	4	of	5
Map Script: ZYL RVC team lobby depth rank:	9	team	1	rank	5	of	5
Map Script: ZYL RVC ring sector:	0	team	0	rank	1	of	5	side	positive	angle	54	-	90	target	68.4	radial	26	-	38
Map Script: ZYL RVC ring sector:	1	team	0	rank	2	of	5	side	positive	angle	18	-	54	target	36	radial	26	-	38
Map Script: ZYL RVC ring sector:	2	team	0	rank	3	of	5	side	positive	angle	-18	-	18	target	0	radial	26	-	38
Map Script: ZYL RVC ring sector:	3	team	0	rank	4	of	5	side	positive	angle	-54	-	-18	target	-36	radial	26	-	38
Map Script: ZYL RVC ring sector:	4	team	0	rank	5	of	5	side	positive	angle	-90	-	-54	target	-68.4	radial	26	-	38
Map Script: ZYL RVC ring sector:	5	team	1	rank	1	of	5	side	negative	angle	90	-	126	target	111.6	radial	26	-	38
Map Script: ZYL RVC ring sector:	6	team	1	rank	2	of	5	side	negative	angle	126	-	162	target	144	radial	26	-	38
Map Script: ZYL RVC ring sector:	7	team	1	rank	3	of	5	side	negative	angle	162	-	198	target	180	radial	26	-	38
Map Script: ZYL RVC ring sector:	8	team	1	rank	4	of	5	side	negative	angle	198	-	234	target	216	radial	26	-	38
Map Script: ZYL RVC ring sector:	9	team	1	rank	5	of	5	side	negative	angle	234	-	270	target	248.4	radial	26	-	38
Map Script: SetStartBias for	CIVILIZATION_EGYPT	0
Map Script: __TableSize startPlots:	10
Map Script: __BiasRoutine check ratedBiases:	table: 00000001BA2528C0	;regionIndex:	1
Map Script: Settled Score :	13533976	Player:	0	Region:	1
Map Script: ZYL RVC ring sector result:	0	angleDiff	20.769684513742	radialDiff	0.20863524984769	plot	44	78
Map Script: SetStartBias for	CIVILIZATION_BABYLON_STK	1
Map Script: __TableSize startPlots:	10
Map Script: __BiasRoutine check ratedBiases:	table: 00000001BA264D90	;regionIndex:	5
Map Script: Settled Score :	8240536	Player:	1	Region:	5
Map Script: ZYL RVC ring sector result:	1	angleDiff	26.095816787026	radialDiff	0.0019538407800865	plot	75	49
Map Script: SetStartBias for	CIVILIZATION_GERMANY	7
Map Script: __TableSize startPlots:	10
Map Script: __BiasRoutine check ratedBiases:	table: 00000000D010B9F0	;regionIndex:	6
Map Script: Settled Score :	8539484	Player:	7	Region:	6
Map Script: ZYL RVC ring sector result:	7	angleDiff	0.90938044919915	radialDiff	0.041335999662773	plot	12	44
Map Script: SetStartBias for	CIVILIZATION_MALI	3
Map Script: __TableSize startPlots:	10
Map Script: __BiasRoutine check ratedBiases:	table: 00000000D0118330	;regionIndex:	2
Map Script: Settled Score :	8263769	Player:	3	Region:	2
Map Script: ZYL RVC ring sector result:	3	angleDiff	24.340707346477	radialDiff	0.013637006012565	plot	75	37
Map Script: SetStartBias for	CIVILIZATION_BRAZIL	6
Map Script: __TableSize startPlots:	10
Map Script: __BiasRoutine check ratedBiases:	table: 00000000D01267F0	;regionIndex:	6
Map Script: Settled Score :	7823608	Player:	6	Region:	6
Map Script: ZYL RVC ring sector result:	6	angleDiff	10.57312583041	radialDiff	0.14760746512805	plot	13	58
Map Script: SetStartBias for	CIVILIZATION_NUBIA	4
Map Script: __TableSize startPlots:	10
Map Script: __BiasRoutine check ratedBiases:	table: 00000001C10BF6C0	;regionIndex:	9
Map Script: Settled Score :	7441471	Player:	4	Region:	9
Map Script: ZYL RVC ring sector result:	4	angleDiff	4.4240963842532	radialDiff	0.26802700589596	plot	52	16
Map Script: SetStartBias for	CIVILIZATION_VIETNAM	8
Map Script: __TableSize startPlots:	10
Map Script: __BiasRoutine check ratedBiases:	table: 0000000193384650	;regionIndex:	10
Map Script: Settled Score :	7260379	Player:	8	Region:	10
Map Script: ZYL RVC ring sector result:	8	angleDiff	20.070202577939	radialDiff	0.095302236529425	plot	25	16
Map Script: SetStartBias for	CIVILIZATION_ROME	9
Map Script: __TableSize startPlots:	10
Map Script: __BiasRoutine check ratedBiases:	table: 0000000193399370	;regionIndex:	3
Map Script: Settled Score :	6931357	Player:	9	Region:	3
Map Script: ZYL RVC ring sector result:	9	angleDiff	12.793207305565	radialDiff	0.32696082444768	plot	38	8
Map Script: SetStartBias for	CIVILIZATION_MACEDON	5
Map Script: __TableSize startPlots:	10
Map Script: __BiasRoutine check ratedBiases:	table: 00000001933A0BC0	;regionIndex:	8
Map Script: Settled Score :	7422976	Player:	5	Region:	8
Map Script: ZYL RVC ring sector result:	5	angleDiff	11.839869205782	radialDiff	0.020259248633264	plot	26	70
Map Script: SetStartBias for	CIVILIZATION_INDIA	2
Map Script: __TableSize startPlots:	10
Map Script: __BiasRoutine check ratedBiases:	table: 000000020CDE4420	;regionIndex:	7
Map Script: Settled Score :	6831950	Player:	2	Region:	7
Map Script: ZYL RVC ring sector result:	2	angleDiff	34.460816271372	radialDiff	0.089388817634648	plot	69	61
Map Script: ZYL RVC coastal side quota:	west	0	east	0	fallback	0
Map Script: SetStartBias for	CIVILIZATION_LISBON	14
Map Script: __TableSize startPlots:	12
Map Script: __BiasRoutine check ratedBiases:	table: 00000001C17101C0	;regionIndex:	8
Map Script: Settled plot :	2	:	26	Score :	2001309	Player:	14	Region:	8
Map Script: SetStartBias for	CIVILIZATION_VILNIUS	16
Map Script: __TableSize startPlots:	12
Map Script: __BiasRoutine check ratedBiases:	table: 00000001B7448DE0	;regionIndex:	11
Map Script: Settled plot :	8	:	23	Score :	8783	Player:	16	Region:	11
Map Script: SetStartBias for	CIVILIZATION_PRESLAV	21
Map Script: __TableSize startPlots:	12
Map Script: __BiasRoutine check ratedBiases:	table: 00000001BCE08610	;regionIndex:	9
Map Script: SetStartBias for	CIVILIZATION_HATTUSA	12
Map Script: __TableSize startPlots:	12
Map Script: __BiasRoutine check ratedBiases:	table: 00000001BD691330	;regionIndex:	12
Map Script: Settled plot :	66	:	72	Score :	-89886437	Player:	12	Region:	12
Map Script: SetStartBias for	CIVILIZATION_JERUSALEM	11
Map Script: __TableSize startPlots:	12
Map Script: __BiasRoutine check ratedBiases:	table: 000000020CB2F8F0	;regionIndex:	10
Map Script: Settled plot :	22	:	55	Score :	-89892567	Player:	11	Region:	10
Map Script: SetStartBias for	CIVILIZATION_BABYLON	10
Map Script: __TableSize startPlots:	12
Map Script: __BiasRoutine check ratedBiases:	table: 00000001C01EBB30	;regionIndex:	3
Map Script: Settled plot :	70	:	15	Score :	-89988026	Player:	10	Region:	3
Map Script: SetStartBias for	CIVILIZATION_KUMASI	20
Map Script: __TableSize startPlots:	12
Map Script: __BiasRoutine check ratedBiases:	table: 00000001BD621FF0	;regionIndex:	6
Map Script: Settled plot :	68	:	27	Score :	-89987442	Player:	20	Region:	6
Map Script: SetStartBias for	CIVILIZATION_FEZ	19
Map Script: __TableSize startPlots:	12
Map Script: __BiasRoutine check ratedBiases:	table: 000000009CFB9810	;regionIndex:	2
Map Script: Settled plot :	15	:	70	Score :	-89990350	Player:	19	Region:	2
Map Script: SetStartBias for	CIVILIZATION_BUENOS_AIRES	18
Map Script: __TableSize startPlots:	12
Map Script: __BiasRoutine check ratedBiases:	table: 000000009AC880E0	;regionIndex:	1
Map Script: Settled plot :	35	:	74	Score :	-89989663	Player:	18	Region:	1
Map Script: SetStartBias for	CIVILIZATION_YEREVAN	17
Map Script: __TableSize startPlots:	12
Map Script: __BiasRoutine check ratedBiases:	table: 000000009C12BF50	;regionIndex:	5
Map Script: Settled plot :	59	:	74	Score :	-89997652	Player:	17	Region:	5
Map Script: SetStartBias for	CIVILIZATION_VATICAN_CITY	15
Map Script: __TableSize startPlots:	12
Map Script: __BiasRoutine check ratedBiases:	table: 000000018C049040	;regionIndex:	4
Map Script: Settled plot :	60	:	23	Score :	-89990178	Player:	15	Region:	4
Map Script: SetStartBias for	CIVILIZATION_JOHANNESBURG	13
Map Script: __TableSize startPlots:	12
Map Script: __BiasRoutine check ratedBiases:	table: 000000018C0563D0	;regionIndex:	7
Map Script: Settled plot :	57	:	2	Score :	-179990045	Player:	13	Region:	7
Map Script: Minor	CIVILIZATION_BABYLON	Start X: 	70	Y: 	15
Map Script: Minor	CIVILIZATION_JERUSALEM	Start X: 	22	Y: 	55
Map Script: Minor	CIVILIZATION_HATTUSA	Start X: 	66	Y: 	72
Map Script: Minor	CIVILIZATION_JOHANNESBURG	Start X: 	57	Y: 	2
Map Script: Minor	CIVILIZATION_LISBON	Start X: 	2	Y: 	26
Map Script: Minor	CIVILIZATION_VATICAN_CITY	Start X: 	60	Y: 	23
Map Script: Minor	CIVILIZATION_VILNIUS	Start X: 	8	Y: 	23
Map Script: Minor	CIVILIZATION_YEREVAN	Start X: 	59	Y: 	74
Map Script: Minor	CIVILIZATION_BUENOS_AIRES	Start X: 	35	Y: 	74
Map Script: Minor	CIVILIZATION_FEZ	Start X: 	15	Y: 	70
Map Script: Minor	CIVILIZATION_KUMASI	Start X: 	68	Y: 	27
Map Script: Minor	CIVILIZATION_PRESLAV	Start X: 	66	Y: 	72
Map Script: BBS_AssignStartingPlots: Completed	Wed Sep 16 20:22:22 2026
Map Script: BBS_AssignStartingPlots: Successfully ran!
Map Script: 增加部落村庄
Map Script: -------------------------------
Map Script: Map Generation - Adding Goodies TPT
Map Script: 村庄类型:	IMPROVEMENT_GOODY_HUT
Map Script: -------------------------------
Map Script: 地图平衡
Map Script: 地图平衡脚本启动。系统时间：	Wed Sep 16 20:22:22 2026
Map Script: Reading game configuration
Map Script: Init: Map Seed	-1873172215
Map Script: Init: Game Seed	-1873172216
Map Script: Init: Number of Major Civs	10
Map Script: Init: Local Player Id	1
Map Script: Init: Number of City-States	12
Map Script: Init: Loading zyl_team_ring_mainland.lua script
Map Script: Init: City-State Placement:	Multiplayer
Map Script: Init: Map Size: 	4	2 = Small, 5 = Huge
Map Script: Init: gridWidth	88	gridHeight	88
Map Script: Init: Climate: 	2	1 = Hot, 2 = Standard, 3 = Cold
Map Script: Init: BBS Temperature: Off
Map Script: Init: Rainfall: 	2	1 = Dry, 2 = Standard, 3 = Humid
Map Script: Init: World Age: 	2	1 = New, 2 = Standard 3 = Old
Map Script: Init: Ridge: 	0	1 = Standard 2 = Large Open 4 = Flat Earth
Map Script: Init: Sea Level: 	2	1 = Low Sea Level, 2 = Standard, 3 = High Sea Level
Map Script: Init: Strategic Resources:	0
Map Script: Init: Resources: 	2	1 = Sparse, 2 = Standard, 3 = Abundant
Map Script: Init: Spawntype: 	1	1 = Standard, 2 = Balanced, 3 = Legendary
Map Script: 开始计算开局资源补偿
Map Script: iBalancingOneDeviationNumber:	2
Map Script: 地图平衡脚本：初始化完毕
Map Script: Init: 	nil	 time.
Map Script: Init: Global Parameters: Natural Wonder Buffer:	4
Map Script: Init: Global Parameters: City-State Buffer:	8
Map Script: Init: Global Parameters: Major Civs Buffer:	10
Map Script: 载入冻土资源补偿配置
Map Script: Checking city-state starting plots
Map Script: Minor failure module: All Minor Civs have been placed.
Map Script: BBS分配出生点失败。地图脚本正在检查F社分配出生点脚本是否存在错误
Map Script: I:	1	J:	2	Distance:	46
Map Script: I:	1	J:	3	Distance:	34
Map Script: I:	1	J:	4	Distance:	52
Map Script: I:	1	J:	5	Distance:	62
Map Script: I:	1	J:	6	Distance:	22
Map Script: I:	1	J:	7	Distance:	41
Map Script: I:	1	J:	8	Distance:	49
Map Script: I:	1	J:	9	Distance:	62
Map Script: I:	1	J:	10	Distance:	70
Map Script: I:	1	J:	1	Distance:	63
Map Script: I:	1	J:	2	Distance:	33
Map Script: I:	1	J:	3	Distance:	25
Map Script: I:	1	J:	4	Distance:	76
Map Script: I:	1	J:	5	Distance:	68
Map Script: I:	1	J:	6	Distance:	55
Map Script: I:	1	J:	7	Distance:	63
Map Script: I:	1	J:	8	Distance:	17
Map Script: I:	1	J:	9	Distance:	11
Map Script: I:	1	J:	10	Distance:	33
Map Script: I:	1	J:	11	Distance:	51
Map Script: I:	1	J:	12	Distance:	25
Map Script: I:	2	J:	1	Distance:	46
Map Script: I:	2	J:	3	Distance:	12
Map Script: I:	2	J:	4	Distance:	12
Map Script: I:	2	J:	5	Distance:	40
Map Script: I:	2	J:	6	Distance:	49
Map Script: I:	2	J:	7	Distance:	30
Map Script: I:	2	J:	8	Distance:	27
Map Script: I:	2	J:	9	Distance:	54
Map Script: I:	2	J:	10	Distance:	58
Map Script: I:	2	J:	1	Distance:	34
Map Script: I:	2	J:	2	Distance:	38
Map Script: I:	2	J:	3	Distance:	23
Map Script: I:	2	J:	4	Distance:	47
Map Script: I:	2	J:	5	Distance:	26
Map Script: I:	2	J:	6	Distance:	28
Map Script: I:	2	J:	7	Distance:	34
Map Script: I:	2	J:	8	Distance:	29
Map Script: I:	2	J:	9	Distance:	53
Map Script: I:	2	J:	10	Distance:	38
Map Script: I:	2	J:	11	Distance:	22
Map Script: I:	2	J:	12	Distance:	23
Map Script: I:	3	J:	1	Distance:	34
Map Script: I:	3	J:	2	Distance:	12
Map Script: I:	3	J:	4	Distance:	24
Map Script: I:	3	J:	5	Distance:	45
Map Script: I:	3	J:	6	Distance:	48
Map Script: I:	3	J:	7	Distance:	33
Map Script: I:	3	J:	8	Distance:	39
Map Script: I:	3	J:	9	Distance:	66
Map Script: I:	3	J:	10	Distance:	58
Map Script: I:	3	J:	1	Distance:	46
Map Script: I:	3	J:	2	Distance:	44
Map Script: I:	3	J:	3	Distance:	11
Map Script: I:	3	J:	4	Distance:	59
Map Script: I:	3	J:	5	Distance:	38
Map Script: I:	3	J:	6	Distance:	38
Map Script: I:	3	J:	7	Distance:	46
Map Script: I:	3	J:	8	Distance:	17
Map Script: I:	3	J:	9	Distance:	41
Map Script: I:	3	J:	10	Distance:	38
Map Script: I:	3	J:	11	Distance:	34
Map Script: I:	3	J:	12	Distance:	11
Map Script: I:	4	J:	1	Distance:	52
Map Script: I:	4	J:	2	Distance:	12
Map Script: I:	4	J:	3	Distance:	24
Map Script: I:	4	J:	5	Distance:	34
Map Script: I:	4	J:	6	Distance:	55
Map Script: I:	4	J:	7	Distance:	36
Map Script: I:	4	J:	8	Distance:	28
Map Script: I:	4	J:	9	Distance:	48
Map Script: I:	4	J:	10	Distance:	52
Map Script: I:	4	J:	1	Distance:	22
Map Script: I:	4	J:	2	Distance:	44
Map Script: I:	4	J:	3	Distance:	35
Map Script: I:	4	J:	4	Distance:	36
Map Script: I:	4	J:	5	Distance:	20
Map Script: I:	4	J:	6	Distance:	22
Map Script: I:	4	J:	7	Distance:	28
Map Script: I:	4	J:	8	Distance:	37
Map Script: I:	4	J:	9	Distance:	59
Map Script: I:	4	J:	10	Distance:	44
Map Script: I:	4	J:	11	Distance:	12
Map Script: I:	4	J:	12	Distance:	35
Map Script: I:	5	J:	1	Distance:	62
Map Script: I:	5	J:	2	Distance:	40
Map Script: I:	5	J:	3	Distance:	45
Map Script: I:	5	J:	4	Distance:	34
Map Script: I:	5	J:	6	Distance:	54
Map Script: I:	5	J:	7	Distance:	60
Map Script: I:	5	J:	8	Distance:	54
Map Script: I:	5	J:	9	Distance:	27
Map Script: I:	5	J:	10	Distance:	18
Map Script: I:	5	J:	1	Distance:	19
Map Script: I:	5	J:	2	Distance:	49
Map Script: I:	5	J:	3	Distance:	56
Map Script: I:	5	J:	4	Distance:	14
Map Script: I:	5	J:	5	Distance:	43
Map Script: I:	5	J:	6	Distance:	12
Map Script: I:	5	J:	7	Distance:	47
Map Script: I:	5	J:	8	Distance:	58
Map Script: I:	5	J:	9	Distance:	58
Map Script: I:	5	J:	10	Distance:	64
Map Script: I:	5	J:	11	Distance:	22
Map Script: I:	5	J:	12	Distance:	56
Map Script: I:	6	J:	1	Distance:	22
Map Script: I:	6	J:	2	Distance:	49
Map Script: I:	6	J:	3	Distance:	48
Map Script: I:	6	J:	4	Distance:	55
Map Script: I:	6	J:	5	Distance:	54
Map Script: I:	6	J:	7	Distance:	19
Map Script: I:	6	J:	8	Distance:	27
Map Script: I:	6	J:	9	Distance:	54
Map Script: I:	6	J:	10	Distance:	62
Map Script: I:	6	J:	1	Distance:	71
Map Script: I:	6	J:	2	Distance:	15
Map Script: I:	6	J:	3	Distance:	41
Map Script: I:	6	J:	4	Distance:	68
Map Script: I:	6	J:	5	Distance:	46
Map Script: I:	6	J:	6	Distance:	58
Map Script: I:	6	J:	7	Distance:	47
Map Script: I:	6	J:	8	Distance:	35
Map Script: I:	6	J:	9	Distance:	11
Map Script: I:	6	J:	10	Distance:	11
Map Script: I:	6	J:	11	Distance:	64
Map Script: I:	6	J:	12	Distance:	41
Map Script: I:	7	J:	1	Distance:	41
Map Script: I:	7	J:	2	Distance:	30
Map Script: I:	7	J:	3	Distance:	33
Map Script: I:	7	J:	4	Distance:	36
Map Script: I:	7	J:	5	Distance:	60
Map Script: I:	7	J:	6	Distance:	19
Map Script: I:	7	J:	8	Distance:	14
Map Script: I:	7	J:	9	Distance:	42
Map Script: I:	7	J:	10	Distance:	50
Map Script: I:	7	J:	1	Distance:	52
Map Script: I:	7	J:	2	Distance:	11
Map Script: I:	7	J:	3	Distance:	42
Map Script: I:	7	J:	4	Distance:	72
Map Script: I:	7	J:	5	Distance:	32
Map Script: I:	7	J:	6	Distance:	58
Map Script: I:	7	J:	7	Distance:	35
Map Script: I:	7	J:	8	Distance:	50
Map Script: I:	7	J:	9	Distance:	30
Map Script: I:	7	J:	10	Distance:	12
Map Script: I:	7	J:	11	Distance:	48
Map Script: I:	7	J:	12	Distance:	42
Map Script: I:	8	J:	1	Distance:	49
Map Script: I:	8	J:	2	Distance:	27
Map Script: I:	8	J:	3	Distance:	39
Map Script: I:	8	J:	4	Distance:	28
Map Script: I:	8	J:	5	Distance:	54
Map Script: I:	8	J:	6	Distance:	27
Map Script: I:	8	J:	7	Distance:	14
Map Script: I:	8	J:	9	Distance:	28
Map Script: I:	8	J:	10	Distance:	44
Map Script: I:	8	J:	1	Distance:	44
Map Script: I:	8	J:	2	Distance:	16
Map Script: I:	8	J:	3	Distance:	48
Map Script: I:	8	J:	4	Distance:	64
Map Script: I:	8	J:	5	Distance:	19
Map Script: I:	8	J:	6	Distance:	50
Map Script: I:	8	J:	7	Distance:	21
Map Script: I:	8	J:	8	Distance:	56
Map Script: I:	8	J:	9	Distance:	38
Map Script: I:	8	J:	10	Distance:	26
Map Script: I:	8	J:	11	Distance:	40
Map Script: I:	8	J:	12	Distance:	48
Map Script: I:	9	J:	1	Distance:	62
Map Script: I:	9	J:	2	Distance:	54
Map Script: I:	9	J:	3	Distance:	66
Map Script: I:	9	J:	4	Distance:	48
Map Script: I:	9	J:	5	Distance:	27
Map Script: I:	9	J:	6	Distance:	54
Map Script: I:	9	J:	7	Distance:	42
Map Script: I:	9	J:	8	Distance:	28
Map Script: I:	9	J:	10	Distance:	17
Map Script: I:	9	J:	1	Distance:	43
Map Script: I:	9	J:	2	Distance:	39
Map Script: I:	9	J:	3	Distance:	69
Map Script: I:	9	J:	4	Distance:	39
Map Script: I:	9	J:	5	Distance:	28
Map Script: I:	9	J:	6	Distance:	39
Map Script: I:	9	J:	7	Distance:	20
Map Script: I:	9	J:	8	Distance:	63
Map Script: I:	9	J:	9	Distance:	58
Map Script: I:	9	J:	10	Distance:	54
Map Script: I:	9	J:	11	Distance:	49
Map Script: I:	9	J:	12	Distance:	69
Map Script: I:	10	J:	1	Distance:	70
Map Script: I:	10	J:	2	Distance:	58
Map Script: I:	10	J:	3	Distance:	58
Map Script: I:	10	J:	4	Distance:	52
Map Script: I:	10	J:	5	Distance:	18
Map Script: I:	10	J:	6	Distance:	62
Map Script: I:	10	J:	7	Distance:	50
Map Script: I:	10	J:	8	Distance:	44
Map Script: I:	10	J:	9	Distance:	17
Map Script: I:	10	J:	1	Distance:	36
Map Script: I:	10	J:	2	Distance:	47
Map Script: I:	10	J:	3	Distance:	64
Map Script: I:	10	J:	4	Distance:	22
Map Script: I:	10	J:	5	Distance:	45
Map Script: I:	10	J:	6	Distance:	30
Map Script: I:	10	J:	7	Distance:	37
Map Script: I:	10	J:	8	Distance:	66
Map Script: I:	10	J:	9	Distance:	66
Map Script: I:	10	J:	10	Distance:	62
Map Script: I:	10	J:	11	Distance:	40
Map Script: I:	10	J:	12	Distance:	64
Map Script: I:	10	J:	11	Distance:	60
Map Script: I:	10	J:	12	Distance:	57
Map Script: I:	10	J:	13	Distance:	20
Map Script: I:	10	J:	14	Distance:	25
Map Script: I:	10	J:	15	Distance:	14
Map Script: I:	10	J:	16	Distance:	30
Map Script: I:	10	J:	17	Distance:	59
Map Script: I:	10	J:	18	Distance:	65
Map Script: I:	10	J:	19	Distance:	60
Map Script: I:	10	J:	20	Distance:	12
Map Script: I:	10	J:	21	Distance:	57
Map Script: I:	11	J:	10	Distance:	60
Map Script: I:	11	J:	12	Distance:	52
Map Script: I:	11	J:	13	Distance:	61
Map Script: I:	11	J:	14	Distance:	35
Map Script: I:	11	J:	15	Distance:	54
Map Script: I:	11	J:	16	Distance:	32
Map Script: I:	11	J:	17	Distance:	46
Map Script: I:	11	J:	18	Distance:	22
Map Script: I:	11	J:	19	Distance:	15
Map Script: I:	11	J:	20	Distance:	56
Map Script: I:	11	J:	21	Distance:	52
Map Script: I:	12	J:	10	Distance:	57
Map Script: I:	12	J:	11	Distance:	52
Map Script: I:	12	J:	13	Distance:	70
Map Script: I:	12	J:	14	Distance:	47
Map Script: I:	12	J:	15	Distance:	49
Map Script: I:	12	J:	16	Distance:	55
Map Script: I:	12	J:	17	Distance:	8
Map Script: I:	12	J:	18	Distance:	32
Map Script: I:	12	J:	19	Distance:	38
Map Script: I:	12	J:	20	Distance:	45
Map Script: I:	12	J:	21	Distance:	0
Map Script: WARNING: city-state players are closer than the preferred CPL distance	12	21	0
Map Script: I:	13	J:	10	Distance:	20
Map Script: I:	13	J:	11	Distance:	61
Map Script: I:	13	J:	12	Distance:	70
Map Script: I:	13	J:	14	Distance:	45
Map Script: I:	13	J:	15	Distance:	21
Map Script: I:	13	J:	16	Distance:	50
Map Script: I:	13	J:	17	Distance:	72
Map Script: I:	13	J:	18	Distance:	72
Map Script: I:	13	J:	19	Distance:	76
Map Script: I:	13	J:	20	Distance:	25
Map Script: I:	13	J:	21	Distance:	70
Map Script: I:	14	J:	10	Distance:	25
Map Script: I:	14	J:	11	Distance:	35
Map Script: I:	14	J:	12	Distance:	47
Map Script: I:	14	J:	13	Distance:	45
Map Script: I:	14	J:	15	Distance:	31
Map Script: I:	14	J:	16	Distance:	8
Map Script: I:	14	J:	17	Distance:	55
Map Script: I:	14	J:	18	Distance:	57
Map Script: I:	14	J:	19	Distance:	44
Map Script: I:	14	J:	20	Distance:	22
Map Script: I:	14	J:	21	Distance:	47
Map Script: I:	15	J:	10	Distance:	14
Map Script: I:	15	J:	11	Distance:	54
Map Script: I:	15	J:	12	Distance:	49
Map Script: I:	15	J:	13	Distance:	21
Map Script: I:	15	J:	14	Distance:	31
Map Script: I:	15	J:	16	Distance:	36
Map Script: I:	15	J:	17	Distance:	51
Map Script: I:	15	J:	18	Distance:	51
Map Script: I:	15	J:	19	Distance:	66
Map Script: I:	15	J:	20	Distance:	10
Map Script: I:	15	J:	21	Distance:	49
Map Script: I:	16	J:	10	Distance:	30
Map Script: I:	16	J:	11	Distance:	32
Map Script: I:	16	J:	12	Distance:	55
Map Script: I:	16	J:	13	Distance:	50
Map Script: I:	16	J:	14	Distance:	8
Map Script: I:	16	J:	15	Distance:	36
Map Script: I:	16	J:	17	Distance:	63
Map Script: I:	16	J:	18	Distance:	52
Map Script: I:	16	J:	19	Distance:	47
Map Script: I:	16	J:	20	Distance:	30
Map Script: I:	16	J:	21	Distance:	55
Map Script: I:	17	J:	10	Distance:	59
Map Script: I:	17	J:	11	Distance:	46
Map Script: I:	17	J:	12	Distance:	8
Map Script: I:	17	J:	13	Distance:	72
Map Script: I:	17	J:	14	Distance:	55
Map Script: I:	17	J:	15	Distance:	51
Map Script: I:	17	J:	16	Distance:	63
Map Script: I:	17	J:	18	Distance:	24
Map Script: I:	17	J:	19	Distance:	46
Map Script: I:	17	J:	20	Distance:	47
Map Script: I:	17	J:	21	Distance:	8
Map Script: I:	18	J:	10	Distance:	65
Map Script: I:	18	J:	11	Distance:	22
Map Script: I:	18	J:	12	Distance:	32
Map Script: I:	18	J:	13	Distance:	72
Map Script: I:	18	J:	14	Distance:	57
Map Script: I:	18	J:	15	Distance:	51
Map Script: I:	18	J:	16	Distance:	52
Map Script: I:	18	J:	17	Distance:	24
Map Script: I:	18	J:	19	Distance:	22
Map Script: I:	18	J:	20	Distance:	57
Map Script: I:	18	J:	21	Distance:	32
Map Script: I:	19	J:	10	Distance:	60
Map Script: I:	19	J:	11	Distance:	15
Map Script: I:	19	J:	12	Distance:	38
Map Script: I:	19	J:	13	Distance:	76
Map Script: I:	19	J:	14	Distance:	44
Map Script: I:	19	J:	15	Distance:	66
Map Script: I:	19	J:	16	Distance:	47
Map Script: I:	19	J:	17	Distance:	46
Map Script: I:	19	J:	18	Distance:	22
Map Script: I:	19	J:	20	Distance:	56
Map Script: I:	19	J:	21	Distance:	38
Map Script: I:	20	J:	10	Distance:	12
Map Script: I:	20	J:	11	Distance:	56
Map Script: I:	20	J:	12	Distance:	45
Map Script: I:	20	J:	13	Distance:	25
Map Script: I:	20	J:	14	Distance:	22
Map Script: I:	20	J:	15	Distance:	10
Map Script: I:	20	J:	16	Distance:	30
Map Script: I:	20	J:	17	Distance:	47
Map Script: I:	20	J:	18	Distance:	57
Map Script: I:	20	J:	19	Distance:	56
Map Script: I:	20	J:	21	Distance:	45
Map Script: I:	21	J:	10	Distance:	57
Map Script: I:	21	J:	11	Distance:	52
Map Script: I:	21	J:	12	Distance:	0
Map Script: WARNING: city-state players are closer than the preferred CPL distance	21	12	0
Map Script: I:	21	J:	13	Distance:	70
Map Script: I:	21	J:	14	Distance:	47
Map Script: I:	21	J:	15	Distance:	49
Map Script: I:	21	J:	16	Distance:	55
Map Script: I:	21	J:	17	Distance:	8
Map Script: I:	21	J:	18	Distance:	32
Map Script: I:	21	J:	19	Distance:	38
Map Script: I:	21	J:	20	Distance:	45
Map Script: 地图平衡脚本：所有平衡前初始化已全部完成	Wed Sep 16 20:22:22 2026
Map Script: 地图平衡脚本：出生点地形平衡
Map Script: Evaluate Start X: 	44	Evaluate Start Y: 	78	Total mountain: 	2	Total water: 	0	Total snow: 	0	Total desert: 	0	Total hill	5	Immediate Food: 	9.3	Immediate Prod: 	8.2	Immediate Culture: 	0	Immediate Faith: 	0	Floodplains	6	Best_tile	5	Best_tile_2	5	Plains Tiles	5
Map Script: Major Start X: 	44	Major Start Y: 	78	Player: 	0	 	LEADER_CLEOPATRA_ALT	CIVILIZATION_EGYPT
Map Script: Evaluate Start X: 	75	Evaluate Start Y: 	49	Total mountain: 	3	Total water: 	0	Total snow: 	0	Total desert: 	0	Total hill	11	Immediate Food: 	7.6	Immediate Prod: 	6.1	Immediate Culture: 	2	Immediate Faith: 	0	Floodplains	2	Best_tile	5	Best_tile_2	5	Plains Tiles	3
Map Script: Major Start X: 	75	Major Start Y: 	49	Player: 	1	 	LEADER_HAMMURABI	CIVILIZATION_BABYLON_STK
Map Script: Evaluate Start X: 	69	Evaluate Start Y: 	61	Total mountain: 	5	Total water: 	0	Total snow: 	0	Total desert: 	0	Total hill	2	Immediate Food: 	0	Immediate Prod: 	0	Immediate Culture: 	1	Immediate Faith: 	0	Floodplains	3	Best_tile	4	Best_tile_2	3.5	Plains Tiles	17
Map Script: Major Start X: 	69	Major Start Y: 	61	Player: 	2	 	LEADER_CHANDRAGUPTA	CIVILIZATION_INDIA
Map Script: Evaluate Start X: 	75	Evaluate Start Y: 	37	Total mountain: 	2	Total water: 	0	Total snow: 	0	Total desert: 	0	Total hill	5	Immediate Food: 	9	Immediate Prod: 	7	Immediate Culture: 	0	Immediate Faith: 	0	Floodplains	1	Best_tile	5	Best_tile_2	5	Plains Tiles	1
Map Script: Major Start X: 	75	Major Start Y: 	37	Player: 	3	 	LEADER_MANSA_MUSA	CIVILIZATION_MALI
Map Script: Evaluate Start X: 	52	Evaluate Start Y: 	16	Total mountain: 	2	Total water: 	0	Total snow: 	0	Total desert: 	0	Total hill	14	Immediate Food: 	8.4	Immediate Prod: 	8.8	Immediate Culture: 	0	Immediate Faith: 	0	Floodplains	0	Best_tile	5	Best_tile_2	5	Plains Tiles	7
Map Script: Major Start X: 	52	Major Start Y: 	16	Player: 	4	 	LEADER_AMANITORE	CIVILIZATION_NUBIA
Map Script: Evaluate Start X: 	26	Evaluate Start Y: 	70	Total mountain: 	2	Total water: 	0	Total snow: 	0	Total desert: 	0	Total hill	3	Immediate Food: 	0.1	Immediate Prod: 	0.5	Immediate Culture: 	0	Immediate Faith: 	0	Floodplains	2	Best_tile	3.5	Best_tile_2	2.5	Plains Tiles	14
Map Script: Major Start X: 	26	Major Start Y: 	70	Player: 	5	 	LEADER_ALEXANDER	CIVILIZATION_MACEDON
Map Script: Evaluate Start X: 	13	Evaluate Start Y: 	58	Total mountain: 	2	Total water: 	0	Total snow: 	0	Total desert: 	1	Total hill	5	Immediate Food: 	2.1	Immediate Prod: 	2.5	Immediate Culture: 	0	Immediate Faith: 	0	Floodplains	2	Best_tile	5	Best_tile_2	3.5	Plains Tiles	9
Map Script: Major Start X: 	13	Major Start Y: 	58	Player: 	6	 	LEADER_PEDRO	CIVILIZATION_BRAZIL
Map Script: Evaluate Start X: 	12	Evaluate Start Y: 	44	Total mountain: 	5	Total water: 	0	Total snow: 	0	Total desert: 	0	Total hill	3	Immediate Food: 	4	Immediate Prod: 	4	Immediate Culture: 	0	Immediate Faith: 	0	Floodplains	3	Best_tile	5	Best_tile_2	3.5	Plains Tiles	3
Map Script: Major Start X: 	12	Major Start Y: 	44	Player: 	7	 	LEADER_BARBAROSSA	CIVILIZATION_GERMANY
Map Script: Evaluate Start X: 	25	Evaluate Start Y: 	16	Total mountain: 	4	Total water: 	1	Total snow: 	0	Total desert: 	0	Total hill	13	Immediate Food: 	7.1	Immediate Prod: 	14.4	Immediate Culture: 	1	Immediate Faith: 	1	Floodplains	0	Best_tile	5	Best_tile_2	4	Plains Tiles	11
Map Script: Major Start X: 	25	Major Start Y: 	16	Player: 	8	 	LEADER_LADY_TRIEU	CIVILIZATION_VIETNAM
Map Script: Evaluate Start X: 	38	Evaluate Start Y: 	8	Total mountain: 	5	Total water: 	0	Total snow: 	0	Total desert: 	0	Total hill	11	Immediate Food: 	5.1	Immediate Prod: 	13.866666666667	Immediate Culture: 	0	Immediate Faith: 	0	Floodplains	3	Best_tile	3.5	Best_tile_2	3.5	Plains Tiles	16
Map Script: Major Start X: 	38	Major Start Y: 	8	Player: 	9	 	LEADER_TRAJAN	CIVILIZATION_ROME
Map Script: Map balancing: applying terrain adjustments
Map Script: Terraforming Starts
Map Script: Luxury balancing: Check for Banned Luxury on Spawn
Map Script: Check Luxury Start X: 	44	Evaluate Start Y: 	79	Resource Type: 	-1
Map Script: Check Luxury Start X: 	45	Evaluate Start Y: 	78	Resource Type: 	44
Map Script: Check Luxury Start X: 	44	Evaluate Start Y: 	77	Resource Type: 	-1
Map Script: Check Luxury Start X: 	43	Evaluate Start Y: 	77	Resource Type: 	57
Map Script: Check Luxury Start X: 	43	Evaluate Start Y: 	78	Resource Type: 	-1
Map Script: Check Luxury Start X: 	43	Evaluate Start Y: 	79	Resource Type: 	42
Map Script: Check Luxury Start X: 	45	Evaluate Start Y: 	80	Resource Type: 	41
Map Script: Check Luxury Start X: 	45	Evaluate Start Y: 	79	Resource Type: 	-1
Map Script: Check Luxury Start X: 	46	Evaluate Start Y: 	78	Resource Type: 	-1
Map Script: Check Luxury Start X: 	45	Evaluate Start Y: 	77	Resource Type: 	-1
Map Script: Check Luxury Start X: 	45	Evaluate Start Y: 	76	Resource Type: 	1
Map Script: Check Luxury Start X: 	44	Evaluate Start Y: 	76	Resource Type: 	-1
Map Script: Check Luxury Start X: 	43	Evaluate Start Y: 	76	Resource Type: 	1
Map Script: Check Luxury Start X: 	42	Evaluate Start Y: 	77	Resource Type: 	-1
Map Script: Check Luxury Start X: 	42	Evaluate Start Y: 	78	Resource Type: 	45
Map Script: Check Luxury Start X: 	42	Evaluate Start Y: 	79	Resource Type: 	8
Map Script: Check Luxury Start X: 	43	Evaluate Start Y: 	80	Resource Type: 	-1
Map Script: Check Luxury Start X: 	44	Evaluate Start Y: 	80	Resource Type: 	-1
Map Script: Luxury balancing: Check for Banned Luxury on Spawn
Map Script: Check Luxury Start X: 	76	Evaluate Start Y: 	50	Resource Type: 	-1
Map Script: Check Luxury Start X: 	76	Evaluate Start Y: 	49	Resource Type: 	-1
Map Script: Check Luxury Start X: 	76	Evaluate Start Y: 	48	Resource Type: 	41
Map Script: Check Luxury Start X: 	75	Evaluate Start Y: 	48	Resource Type: 	41
Map Script: Check Luxury Start X: 	74	Evaluate Start Y: 	49	Resource Type: 	-1
Map Script: Check Luxury Start X: 	75	Evaluate Start Y: 	50	Resource Type: 	40
Map Script: Check Luxury Start X: 	76	Evaluate Start Y: 	51	Resource Type: 	-1
Map Script: Check Luxury Start X: 	77	Evaluate Start Y: 	50	Resource Type: 	25
Map Script: Check Luxury Start X: 	77	Evaluate Start Y: 	49	Resource Type: 	-1
Map Script: Check Luxury Start X: 	77	Evaluate Start Y: 	48	Resource Type: 	-1
Map Script: Check Luxury Start X: 	76	Evaluate Start Y: 	47	Resource Type: 	-1
Map Script: Check Luxury Start X: 	75	Evaluate Start Y: 	47	Resource Type: 	-1
Map Script: Check Luxury Start X: 	74	Evaluate Start Y: 	47	Resource Type: 	52
Map Script: Check Luxury Start X: 	74	Evaluate Start Y: 	48	Resource Type: 	-1
Map Script: Check Luxury Start X: 	73	Evaluate Start Y: 	49	Resource Type: 	25
Map Script: Check Luxury Start X: 	74	Evaluate Start Y: 	50	Resource Type: 	-1
Map Script: Check Luxury Start X: 	74	Evaluate Start Y: 	51	Resource Type: 	-1
Map Script: Check Luxury Start X: 	75	Evaluate Start Y: 	51	Resource Type: 	-1
Map Script: Luxury balancing: Check for Banned Luxury on Spawn
Map Script: Check Luxury Start X: 	70	Evaluate Start Y: 	62	Resource Type: 	9
Map Script: Check Luxury Start X: 	70	Evaluate Start Y: 	61	Resource Type: 	9
Map Script: Check Luxury Start X: 	70	Evaluate Start Y: 	60	Resource Type: 	-1
Map Script: Check Luxury Start X: 	69	Evaluate Start Y: 	60	Resource Type: 	24
Map Script: Check Luxury Start X: 	68	Evaluate Start Y: 	61	Resource Type: 	-1
Map Script: Check Luxury Start X: 	69	Evaluate Start Y: 	62	Resource Type: 	-1
Map Script: Check Luxury Start X: 	70	Evaluate Start Y: 	63	Resource Type: 	-1
Map Script: Check Luxury Start X: 	71	Evaluate Start Y: 	62	Resource Type: 	-1
Map Script: Check Luxury Start X: 	71	Evaluate Start Y: 	61	Resource Type: 	-1
Map Script: Check Luxury Start X: 	71	Evaluate Start Y: 	60	Resource Type: 	44
Map Script: Check Luxury Start X: 	70	Evaluate Start Y: 	59	Resource Type: 	-1
Map Script: Check Luxury Start X: 	69	Evaluate Start Y: 	59	Resource Type: 	54
Map Script: Check Luxury Start X: 	68	Evaluate Start Y: 	59	Resource Type: 	-1
Map Script: Check Luxury Start X: 	68	Evaluate Start Y: 	60	Resource Type: 	-1
Map Script: Check Luxury Start X: 	67	Evaluate Start Y: 	61	Resource Type: 	12
Map Script: Check Luxury Start X: 	68	Evaluate Start Y: 	62	Resource Type: 	-1
Map Script: Check Luxury Start X: 	68	Evaluate Start Y: 	63	Resource Type: 	-1
Map Script: Check Luxury Start X: 	69	Evaluate Start Y: 	63	Resource Type: 	56
Map Script: Luxury balancing: Check for Banned Luxury on Spawn
Map Script: Check Luxury Start X: 	76	Evaluate Start Y: 	38	Resource Type: 	-1
Map Script: Check Luxury Start X: 	76	Evaluate Start Y: 	37	Resource Type: 	55
Map Script: Check Luxury Start X: 	76	Evaluate Start Y: 	36	Resource Type: 	-1
Map Script: Check Luxury Start X: 	75	Evaluate Start Y: 	36	Resource Type: 	-1
Map Script: Check Luxury Start X: 	74	Evaluate Start Y: 	37	Resource Type: 	6
Map Script: Check Luxury Start X: 	75	Evaluate Start Y: 	38	Resource Type: 	-1
Map Script: Check Luxury Start X: 	76	Evaluate Start Y: 	39	Resource Type: 	1
Map Script: Check Luxury Start X: 	77	Evaluate Start Y: 	38	Resource Type: 	-1
Map Script: Check Luxury Start X: 	77	Evaluate Start Y: 	37	Resource Type: 	-1
Map Script: Check Luxury Start X: 	77	Evaluate Start Y: 	36	Resource Type: 	1
Map Script: Check Luxury Start X: 	76	Evaluate Start Y: 	35	Resource Type: 	-1
Map Script: Check Luxury Start X: 	75	Evaluate Start Y: 	35	Resource Type: 	52
Map Script: Check Luxury Start X: 	74	Evaluate Start Y: 	35	Resource Type: 	-1
Map Script: Check Luxury Start X: 	74	Evaluate Start Y: 	36	Resource Type: 	41
Map Script: Check Luxury Start X: 	73	Evaluate Start Y: 	37	Resource Type: 	-1
Map Script: Check Luxury Start X: 	74	Evaluate Start Y: 	38	Resource Type: 	-1
Map Script: Check Luxury Start X: 	74	Evaluate Start Y: 	39	Resource Type: 	44
Map Script: Check Luxury Start X: 	75	Evaluate Start Y: 	39	Resource Type: 	-1
Map Script: Luxury balancing: Check for Banned Luxury on Spawn
Map Script: Check Luxury Start X: 	52	Evaluate Start Y: 	17	Resource Type: 	41
Map Script: Check Luxury Start X: 	53	Evaluate Start Y: 	16	Resource Type: 	7
Map Script: Check Luxury Start X: 	52	Evaluate Start Y: 	15	Resource Type: 	41
Map Script: Check Luxury Start X: 	51	Evaluate Start Y: 	15	Resource Type: 	-1
Map Script: Check Luxury Start X: 	51	Evaluate Start Y: 	16	Resource Type: 	-1
Map Script: Check Luxury Start X: 	51	Evaluate Start Y: 	17	Resource Type: 	-1
Map Script: Check Luxury Start X: 	53	Evaluate Start Y: 	18	Resource Type: 	-1
Map Script: Check Luxury Start X: 	53	Evaluate Start Y: 	17	Resource Type: 	8
Map Script: Check Luxury Start X: 	54	Evaluate Start Y: 	16	Resource Type: 	-1
Map Script: Check Luxury Start X: 	53	Evaluate Start Y: 	15	Resource Type: 	-1
Map Script: Check Luxury Start X: 	53	Evaluate Start Y: 	14	Resource Type: 	-1
Map Script: Check Luxury Start X: 	52	Evaluate Start Y: 	14	Resource Type: 	-1
Map Script: Check Luxury Start X: 	51	Evaluate Start Y: 	14	Resource Type: 	2
Map Script: Check Luxury Start X: 	50	Evaluate Start Y: 	15	Resource Type: 	-1
Map Script: Check Luxury Start X: 	50	Evaluate Start Y: 	16	Resource Type: 	43
Map Script: Check Luxury Start X: 	50	Evaluate Start Y: 	17	Resource Type: 	-1
Map Script: Check Luxury Start X: 	51	Evaluate Start Y: 	18	Resource Type: 	7
Map Script: Check Luxury Start X: 	52	Evaluate Start Y: 	18	Resource Type: 	-1
Map Script: Luxury balancing: Check for Banned Luxury on Spawn
Map Script: Check Luxury Start X: 	26	Evaluate Start Y: 	71	Resource Type: 	-1
Map Script: Check Luxury Start X: 	27	Evaluate Start Y: 	70	Resource Type: 	9
Map Script: Check Luxury Start X: 	26	Evaluate Start Y: 	69	Resource Type: 	-1
Map Script: Check Luxury Start X: 	25	Evaluate Start Y: 	69	Resource Type: 	-1
Map Script: Check Luxury Start X: 	25	Evaluate Start Y: 	70	Resource Type: 	46
Map Script: Check Luxury Start X: 	25	Evaluate Start Y: 	71	Resource Type: 	44
Map Script: Check Luxury Start X: 	27	Evaluate Start Y: 	72	Resource Type: 	56
Map Script: Check Luxury Start X: 	27	Evaluate Start Y: 	71	Resource Type: 	-1
Map Script: Check Luxury Start X: 	28	Evaluate Start Y: 	70	Resource Type: 	46
Map Script: Check Luxury Start X: 	27	Evaluate Start Y: 	69	Resource Type: 	-1
Map Script: Check Luxury Start X: 	27	Evaluate Start Y: 	68	Resource Type: 	29
Map Script: Check Luxury Start X: 	26	Evaluate Start Y: 	68	Resource Type: 	-1
Map Script: Check Luxury Start X: 	25	Evaluate Start Y: 	68	Resource Type: 	42
Map Script: Check Luxury Start X: 	24	Evaluate Start Y: 	69	Resource Type: 	-1
Map Script: Check Luxury Start X: 	24	Evaluate Start Y: 	70	Resource Type: 	-1
Map Script: Check Luxury Start X: 	24	Evaluate Start Y: 	71	Resource Type: 	-1
Map Script: Check Luxury Start X: 	25	Evaluate Start Y: 	72	Resource Type: 	-1
Map Script: Check Luxury Start X: 	26	Evaluate Start Y: 	72	Resource Type: 	-1
Map Script: Luxury balancing: Check for Banned Luxury on Spawn
Map Script: Check Luxury Start X: 	13	Evaluate Start Y: 	59	Resource Type: 	-1
Map Script: Check Luxury Start X: 	14	Evaluate Start Y: 	58	Resource Type: 	-1
Map Script: Check Luxury Start X: 	13	Evaluate Start Y: 	57	Resource Type: 	41
Map Script: Check Luxury Start X: 	12	Evaluate Start Y: 	57	Resource Type: 	-1
Map Script: Check Luxury Start X: 	12	Evaluate Start Y: 	58	Resource Type: 	-1
Map Script: Check Luxury Start X: 	12	Evaluate Start Y: 	59	Resource Type: 	-1
Map Script: Check Luxury Start X: 	14	Evaluate Start Y: 	60	Resource Type: 	-1
Map Script: Check Luxury Start X: 	14	Evaluate Start Y: 	59	Resource Type: 	24
Map Script: Check Luxury Start X: 	15	Evaluate Start Y: 	58	Resource Type: 	-1
Map Script: Check Luxury Start X: 	14	Evaluate Start Y: 	57	Resource Type: 	-1
Map Script: Check Luxury Start X: 	14	Evaluate Start Y: 	56	Resource Type: 	-1
Map Script: Check Luxury Start X: 	13	Evaluate Start Y: 	56	Resource Type: 	-1
Map Script: Check Luxury Start X: 	12	Evaluate Start Y: 	56	Resource Type: 	-1
Map Script: Check Luxury Start X: 	11	Evaluate Start Y: 	57	Resource Type: 	6
Map Script: Check Luxury Start X: 	11	Evaluate Start Y: 	58	Resource Type: 	-1
Map Script: Check Luxury Start X: 	11	Evaluate Start Y: 	59	Resource Type: 	40
Map Script: Check Luxury Start X: 	12	Evaluate Start Y: 	60	Resource Type: 	52
Map Script: Check Luxury Start X: 	13	Evaluate Start Y: 	60	Resource Type: 	44
Map Script: Luxury balancing: Check for Banned Luxury on Spawn
Map Script: Check Luxury Start X: 	12	Evaluate Start Y: 	45	Resource Type: 	30
Map Script: Check Luxury Start X: 	13	Evaluate Start Y: 	44	Resource Type: 	-1
Map Script: Check Luxury Start X: 	12	Evaluate Start Y: 	43	Resource Type: 	-1
Map Script: Check Luxury Start X: 	11	Evaluate Start Y: 	43	Resource Type: 	44
Map Script: Check Luxury Start X: 	11	Evaluate Start Y: 	44	Resource Type: 	-1
Map Script: Check Luxury Start X: 	11	Evaluate Start Y: 	45	Resource Type: 	6
Map Script: Check Luxury Start X: 	13	Evaluate Start Y: 	46	Resource Type: 	-1
Map Script: Check Luxury Start X: 	13	Evaluate Start Y: 	45	Resource Type: 	1
Map Script: Check Luxury Start X: 	14	Evaluate Start Y: 	44	Resource Type: 	-1
Map Script: Check Luxury Start X: 	13	Evaluate Start Y: 	43	Resource Type: 	6
Map Script: Check Luxury Start X: 	13	Evaluate Start Y: 	42	Resource Type: 	-1
Map Script: Check Luxury Start X: 	12	Evaluate Start Y: 	42	Resource Type: 	-1
Map Script: Check Luxury Start X: 	11	Evaluate Start Y: 	42	Resource Type: 	-1
Map Script: Check Luxury Start X: 	10	Evaluate Start Y: 	43	Resource Type: 	-1
Map Script: Check Luxury Start X: 	10	Evaluate Start Y: 	44	Resource Type: 	1
Map Script: Check Luxury Start X: 	10	Evaluate Start Y: 	45	Resource Type: 	-1
Map Script: Check Luxury Start X: 	11	Evaluate Start Y: 	46	Resource Type: 	-1
Map Script: Check Luxury Start X: 	12	Evaluate Start Y: 	46	Resource Type: 	-1
Map Script: Luxury balancing: Check for Banned Luxury on Spawn
Map Script: Check Luxury Start X: 	25	Evaluate Start Y: 	17	Resource Type: 	-1
Map Script: Check Luxury Start X: 	26	Evaluate Start Y: 	16	Resource Type: 	-1
Map Script: Check Luxury Start X: 	25	Evaluate Start Y: 	15	Resource Type: 	-1
Map Script: Check Luxury Start X: 	24	Evaluate Start Y: 	15	Resource Type: 	4
Map Script: Check Luxury Start X: 	24	Evaluate Start Y: 	16	Resource Type: 	-1
Map Script: Check Luxury Start X: 	24	Evaluate Start Y: 	17	Resource Type: 	49
Map Script: Check Luxury Start X: 	26	Evaluate Start Y: 	18	Resource Type: 	6
Map Script: Check Luxury Start X: 	26	Evaluate Start Y: 	17	Resource Type: 	43
Map Script: Check Luxury Start X: 	27	Evaluate Start Y: 	16	Resource Type: 	-1
Map Script: Check Luxury Start X: 	26	Evaluate Start Y: 	15	Resource Type: 	-1
Map Script: Check Luxury Start X: 	26	Evaluate Start Y: 	14	Resource Type: 	15
Map Script: Check Luxury Start X: 	25	Evaluate Start Y: 	14	Resource Type: 	-1
Map Script: Check Luxury Start X: 	24	Evaluate Start Y: 	14	Resource Type: 	-1
Map Script: Check Luxury Start X: 	23	Evaluate Start Y: 	15	Resource Type: 	2
Map Script: Check Luxury Start X: 	23	Evaluate Start Y: 	16	Resource Type: 	-1
Map Script: Check Luxury Start X: 	23	Evaluate Start Y: 	17	Resource Type: 	-1
Map Script: Check Luxury Start X: 	24	Evaluate Start Y: 	18	Resource Type: 	-1
Map Script: Check Luxury Start X: 	25	Evaluate Start Y: 	18	Resource Type: 	-1
Map Script: Luxury balancing: Check for Banned Luxury on Spawn
Map Script: Check Luxury Start X: 	38	Evaluate Start Y: 	9	Resource Type: 	9
Map Script: Check Luxury Start X: 	39	Evaluate Start Y: 	8	Resource Type: 	-1
Map Script: Check Luxury Start X: 	38	Evaluate Start Y: 	7	Resource Type: 	57
Map Script: Check Luxury Start X: 	37	Evaluate Start Y: 	7	Resource Type: 	-1
Map Script: Check Luxury Start X: 	37	Evaluate Start Y: 	8	Resource Type: 	2
Map Script: Check Luxury Start X: 	37	Evaluate Start Y: 	9	Resource Type: 	-1
Map Script: Check Luxury Start X: 	39	Evaluate Start Y: 	10	Resource Type: 	-1
Map Script: Check Luxury Start X: 	39	Evaluate Start Y: 	9	Resource Type: 	-1
Map Script: Check Luxury Start X: 	40	Evaluate Start Y: 	8	Resource Type: 	-1
Map Script: Check Luxury Start X: 	39	Evaluate Start Y: 	7	Resource Type: 	-1
Map Script: Check Luxury Start X: 	39	Evaluate Start Y: 	6	Resource Type: 	-1
Map Script: Check Luxury Start X: 	38	Evaluate Start Y: 	6	Resource Type: 	-1
Map Script: Check Luxury Start X: 	37	Evaluate Start Y: 	6	Resource Type: 	-1
Map Script: Check Luxury Start X: 	36	Evaluate Start Y: 	7	Resource Type: 	-1
Map Script: Check Luxury Start X: 	36	Evaluate Start Y: 	8	Resource Type: 	-1
Map Script: Check Luxury Start X: 	36	Evaluate Start Y: 	9	Resource Type: 	-1
Map Script: Check Luxury Start X: 	37	Evaluate Start Y: 	10	Resource Type: 	2
Map Script: Check Luxury Start X: 	38	Evaluate Start Y: 	10	Resource Type: 	-1
Map Script: ZYL RVC five yield guarantee:	CIVILIZATION_EGYPT	existing	ring	1	plot	43	77	resource	57	yield	5
Map Script: ZYL RVC five yield guarantee:	CIVILIZATION_BABYLON_STK	upgraded	ring	1	plot	74	49	resource	4	yield	5
Map Script: ZYL RVC five yield guarantee:	CIVILIZATION_INDIA	upgraded	ring	2	plot	71	62	resource	4	yield	5
Map Script: ZYL RVC five yield guarantee:	CIVILIZATION_MALI	upgraded	ring	1	plot	76	36	resource	4	yield	5
Map Script: ZYL RVC five yield guarantee:	CIVILIZATION_NUBIA	upgraded	ring	1	plot	51	15	resource	0	yield	5
Map Script: ZYL RVC five yield guarantee:	CIVILIZATION_MACEDON	upgraded	ring	2	plot	26	68	resource	4	yield	5
Map Script: ZYL RVC five yield guarantee:	CIVILIZATION_BRAZIL	upgraded	ring	1	plot	14	58	resource	0	yield	5
Map Script: ZYL RVC five yield guarantee:	CIVILIZATION_GERMANY	upgraded	ring	1	plot	13	44	resource	4	yield	5
Map Script: ZYL RVC five yield guarantee:	CIVILIZATION_VIETNAM	existing	ring	1	plot	24	15	resource	4	yield	5
Map Script: ZYL RVC five yield guarantee:	CIVILIZATION_ROME	upgraded	ring	1	plot	39	8	resource	4	yield	5
Map Script: Terraforming Polar Continent	35
Map Script: TeamPVP 文明:	CIVILIZATION_EGYPT
Map Script: Terraforming Polar Continent	38
Map Script: TeamPVP 文明:	CIVILIZATION_BABYLON_STK
Map Script: Terraforming Polar Continent	39
Map Script: TeamPVP 文明:	CIVILIZATION_INDIA
Map Script: Terraforming Polar Continent	37
Map Script: TeamPVP 文明:	CIVILIZATION_MALI
Map Script: TeamPVP 沙漠化 Start X: 	75	Start Y: 	37	Player: 	4	 	LEADER_MANSA_MUSA	CIVILIZATION_MALI
Map Script: TeamPVP Terraforming Start X: 	75	Terraforming Start Y: 	37
Map Script: Terraforming X: 	75	Y: 	37	Changing Grassland to Plains tile	-1
Map Script: Terraforming X: 	75	Y: 	37	Changing Plains to Desert tile	-1
Map Script: Terraforming X: 	76	Y: 	38	Changing Grassland Hills to Plains Hills tile	0
Map Script: Terraforming X: 	76	Y: 	38	Changing Plains to Desert tile	0
Map Script: Terraforming X: 	76	Y: 	37	Changing Grassland to Plains tile	1
Map Script: Terraforming X: 	76	Y: 	37	Changing Plains to Desert tile	1
Map Script: Terraforming X: 	76	Y: 	36	Changing Grassland Hills to Plains Hills tile	2
Map Script: Terraforming X: 	76	Y: 	36	Changing Plains to Desert tile	2
Map Script: Terraforming X: 	75	Y: 	36	Changing Grassland Hills to Plains Hills tile	3
Map Script: Terraforming X: 	75	Y: 	36	Changing Plains to Desert tile	3
Map Script: Terraforming X: 	74	Y: 	37	Changing Grassland to Plains tile	4
Map Script: Terraforming X: 	74	Y: 	37	Changing Plains to Desert tile	4
Map Script: Terraforming X: 	75	Y: 	38	Changing Grassland to Plains tile	5
Map Script: Terraforming X: 	75	Y: 	38	Changing Plains to Desert tile	5
Map Script: Terraforming X: 	76	Y: 	39	Changing Grassland to Plains tile	6
Map Script: Terraforming X: 	76	Y: 	39	Changing Plains to Desert tile	6
Map Script: Terraforming X: 	77	Y: 	38	Changing Grassland to Plains tile	7
Map Script: Terraforming X: 	77	Y: 	38	Changing Plains to Desert tile	7
Map Script: Terraforming X: 	77	Y: 	37	Changing Grassland Mountains to Plains Mountains tile	8
Map Script: Terraforming X: 	77	Y: 	37	Changing Plains to Desert tile	8
Map Script: Terraforming X: 	77	Y: 	36	Changing Grassland to Plains tile	9
Map Script: Terraforming X: 	77	Y: 	36	Changing Plains to Desert tile	9
Map Script: Terraforming X: 	76	Y: 	35	Changing Grassland Mountains to Plains Mountains tile	10
Map Script: Terraforming X: 	76	Y: 	35	Changing Plains to Desert tile	10
Map Script: Terraforming X: 	75	Y: 	35	Changing Grassland to Plains tile	11
Map Script: Terraforming X: 	75	Y: 	35	Changing Plains to Desert tile	11
Map Script: Terraforming X: 	74	Y: 	35	Changing Plains to Desert tile	12
Map Script: Terraforming X: 	74	Y: 	36	Changing Grassland Hills to Plains Hills tile	13
Map Script: Terraforming X: 	74	Y: 	36	Changing Plains to Desert tile	13
Map Script: Terraforming X: 	73	Y: 	37	Changing Grassland to Plains tile	14
Map Script: Terraforming X: 	73	Y: 	37	Changing Plains to Desert tile	14
Map Script: Terraforming X: 	74	Y: 	38	Changing Grassland to Plains tile	15
Map Script: Terraforming X: 	74	Y: 	38	Changing Plains to Desert tile	15
Map Script: Terraforming X: 	74	Y: 	39	Changing Grassland to Plains tile	16
Map Script: Terraforming X: 	74	Y: 	39	Changing Plains to Desert tile	16
Map Script: Terraforming X: 	75	Y: 	39	Changing Grassland to Plains tile	17
Map Script: Terraforming X: 	75	Y: 	39	Changing Plains to Desert tile	17
Map Script: Terraforming X: 	77	Y: 	40	Changing Grassland to Plains tile	18
Map Script: Terraforming X: 	77	Y: 	40	Changing Plains to Desert tile	18
Map Script: Terraforming X: 	77	Y: 	39	Changing Grassland to Plains tile	19
Map Script: Terraforming X: 	77	Y: 	39	Changing Plains to Desert tile	19
Map Script: Terraforming X: 	78	Y: 	38	Changing Grassland to Plains tile	20
Map Script: Terraforming X: 	78	Y: 	38	Changing Plains to Desert tile	20
Map Script: Terraforming X: 	78	Y: 	37	Changing Grassland to Plains tile	21
Map Script: Terraforming X: 	78	Y: 	37	Changing Plains to Desert tile	21
Map Script: Terraforming X: 	78	Y: 	36	Changing Grassland to Plains tile	22
Map Script: Terraforming X: 	78	Y: 	36	Changing Plains to Desert tile	22
Map Script: Terraforming X: 	77	Y: 	35	Changing Grassland Hills to Plains Hills tile	23
Map Script: Terraforming X: 	77	Y: 	35	Changing Plains to Desert tile	23
Map Script: Terraforming X: 	77	Y: 	34	Changing Grassland Hills to Plains Hills tile	24
Map Script: Terraforming X: 	77	Y: 	34	Changing Plains to Desert tile	24
Map Script: Terraforming X: 	76	Y: 	34	Changing Grassland to Plains tile	25
Map Script: Terraforming X: 	76	Y: 	34	Changing Plains to Desert tile	25
Map Script: Terraforming X: 	75	Y: 	34	Changing Plains to Desert tile	26
Map Script: Terraforming X: 	74	Y: 	34	Changing Plains to Desert tile	27
Map Script: Terraforming X: 	73	Y: 	35	Changing Grassland to Plains tile	28
Map Script: Terraforming X: 	73	Y: 	35	Changing Plains to Desert tile	28
Map Script: Terraforming X: 	73	Y: 	36	Changing Grassland to Plains tile	29
Map Script: Terraforming X: 	73	Y: 	36	Changing Plains to Desert tile	29
Map Script: Terraforming X: 	72	Y: 	37	Changing Plains to Desert tile	30
Map Script: Terraforming X: 	73	Y: 	38	Changing Plains to Desert tile	31
Map Script: Terraforming X: 	73	Y: 	39	Changing Grassland to Plains tile	32
Map Script: Terraforming X: 	73	Y: 	39	Changing Plains to Desert tile	32
Map Script: Terraforming X: 	74	Y: 	40	Changing Grassland to Plains tile	33
Map Script: Terraforming X: 	74	Y: 	40	Changing Plains to Desert tile	33
Map Script: Terraforming X: 	75	Y: 	40	Changing Grassland to Plains tile	34
Map Script: Terraforming X: 	75	Y: 	40	Changing Plains to Desert tile	34
Map Script: Terraforming X: 	76	Y: 	40	Changing Plains to Desert tile	35
Map Script: Terraforming X: 	77	Y: 	41	Changing Grassland to Plains tile	36
Map Script: Terraforming X: 	78	Y: 	39	Added: Wood	38
Map Script: Terraforming X: 	79	Y: 	36	Changing Grassland Hills to Plains Hills tile	41
Map Script: Terraforming X: 	78	Y: 	35	Changing Grassland Hills to Plains Hills tile	42
Map Script: Terraforming X: 	78	Y: 	34	Changing Grassland Hills to Plains Hills tile	43
Map Script: Terraforming X: 	77	Y: 	33	Changing Grassland Mountains to Plains Mountains tile	44
Map Script: Terraforming X: 	76	Y: 	33	Changing Grassland to Plains tile	45
Map Script: Terraforming X: 	75	Y: 	33	Added: Wood	46
Map Script: Terraforming X: 	73	Y: 	33	Added: Wood	48
Map Script: Terraforming X: 	72	Y: 	36	Changing Grassland to Plains tile	51
Map Script: Terraforming X: 	72	Y: 	38	Added: Wood	53
Map Script: Terraforming X: 	72	Y: 	39	Changing Grassland to Plains tile	54
Map Script: Terraforming X: 	72	Y: 	39	Added: Wood	54
Map Script: Terraforming X: 	73	Y: 	40	Changing Grassland to Plains tile	55
Map Script: Terraforming X: 	73	Y: 	41	Changing Grassland to Plains tile	56
Map Script: Terraforming X: 	74	Y: 	41	Changing Grassland Hills to Plains Hills tile	57
Map Script: Terraforming X: 	75	Y: 	41	Changing Grassland Hills to Plains Hills tile	58
Map Script: Terraforming X: 	78	Y: 	41	Changing Grassland Hills to Plains Hills tile	61
Map Script: Terraforming X: 	79	Y: 	40	Changing Grassland Hills to Plains Hills tile	62
Map Script: Terraforming X: 	79	Y: 	35	Changing Grassland Hills to Plains Hills tile	67
Map Script: Terraforming X: 	79	Y: 	34	Changing Grassland Mountains to Plains Mountains tile	68
Map Script: Terraforming X: 	78	Y: 	33	Changing Grassland to Plains tile	69
Map Script: Terraforming X: 	78	Y: 	32	Changing Grassland Hills to Plains Hills tile	70
Map Script: Terraforming X: 	77	Y: 	32	Changing Grassland Mountains to Plains Mountains tile	71
Map Script: Terraforming X: 	76	Y: 	32	Changing Grassland Hills to Plains Hills tile	72
Map Script: Terraforming X: 	72	Y: 	33	Changing Grassland Mountains to Plains Mountains tile	76
Map Script: Terraforming X: 	72	Y: 	34	Changing Grassland to Plains tile	77
Map Script: Terraforming X: 	71	Y: 	35	Changing Grassland to Plains tile	78
Map Script: Terraforming X: 	71	Y: 	36	Changing Grassland to Plains tile	79
Map Script: Terraforming East Side
Map Script: Terraforming X: 	73	Y: 	40	Added: Wood	55
Map Script: Terraforming X: 	73	Y: 	41	Added: Wood	56
Map Script: Terraforming X: 	78	Y: 	33	Added: Wood	69
Map Script: Terraforming X: 	74	Y: 	32	Added: Wood	74
Map Script: Terraforming X: 	71	Y: 	36	Added: Wood	79
Map Script: Terraforming West Side
Map Script: Evaluate Start X: 	70	Evaluate Start Y: 	37	i: 	80
Map Script: Evaluate Start X: 	71	Evaluate Start Y: 	36	i: 	79
Map Script: TeamPVP adjacentPlot i=	79	;terrainType=	3
Map Script: Terraforming X: 	71	Y: 	36	Changing Plains to Desert tile	79
Map Script: Evaluate Start X: 	71	Evaluate Start Y: 	35	i: 	78
Map Script: TeamPVP adjacentPlot i=	78	;terrainType=	3
Map Script: Terraforming X: 	71	Y: 	35	Changing Plains to Desert tile	78
Map Script: Evaluate Start X: 	72	Evaluate Start Y: 	34	i: 	77
Map Script: TeamPVP adjacentPlot i=	77	;terrainType=	3
Map Script: Terraforming X: 	72	Y: 	34	Changing Plains to Desert tile	77
Map Script: Evaluate Start X: 	72	Evaluate Start Y: 	33	i: 	76
Map Script: TeamPVP adjacentPlot i=	76	;terrainType=	5
Map Script: Terraforming X: 	72	Y: 	33	Changing Plains to Desert tile	76
Map Script: Evaluate Start X: 	73	Evaluate Start Y: 	32	i: 	75
Map Script: TeamPVP adjacentPlot i=	75	;terrainType=	4
Map Script: Terraforming X: 	73	Y: 	32	Changing Plains to Desert tile	75
Map Script: Evaluate Start X: 	74	Evaluate Start Y: 	32	i: 	74
Map Script: TeamPVP adjacentPlot i=	74	;terrainType=	3
Map Script: Terraforming X: 	74	Y: 	32	Changing Plains to Desert tile	74
Map Script: Evaluate Start X: 	75	Evaluate Start Y: 	32	i: 	73
Map Script: TeamPVP adjacentPlot i=	73	;terrainType=	4
Map Script: Terraforming X: 	75	Y: 	32	Changing Plains to Desert tile	73
Map Script: Evaluate Start X: 	76	Evaluate Start Y: 	32	i: 	72
Map Script: TeamPVP adjacentPlot i=	72	;terrainType=	4
Map Script: Terraforming X: 	76	Y: 	32	Changing Plains to Desert tile	72
Map Script: Evaluate Start X: 	77	Evaluate Start Y: 	32	i: 	71
Map Script: TeamPVP adjacentPlot i=	71	;terrainType=	5
Map Script: Terraforming X: 	77	Y: 	32	Changing Plains to Desert tile	71
Map Script: Evaluate Start X: 	78	Evaluate Start Y: 	32	i: 	70
Map Script: TeamPVP adjacentPlot i=	70	;terrainType=	4
Map Script: Terraforming X: 	78	Y: 	32	Changing Plains to Desert tile	70
Map Script: Evaluate Start X: 	78	Evaluate Start Y: 	33	i: 	69
Map Script: TeamPVP adjacentPlot i=	69	;terrainType=	3
Map Script: Terraforming X: 	78	Y: 	33	Changing Plains to Desert tile	69
Map Script: Evaluate Start X: 	79	Evaluate Start Y: 	34	i: 	68
Map Script: TeamPVP adjacentPlot i=	68	;terrainType=	5
Map Script: Terraforming X: 	79	Y: 	34	Changing Plains to Desert tile	68
Map Script: Evaluate Start X: 	79	Evaluate Start Y: 	35	i: 	67
Map Script: TeamPVP adjacentPlot i=	67	;terrainType=	4
Map Script: Terraforming X: 	79	Y: 	35	Changing Plains to Desert tile	67
Map Script: Evaluate Start X: 	80	Evaluate Start Y: 	36	i: 	66
Map Script: TeamPVP adjacentPlot i=	66	;terrainType=	5
Map Script: Terraforming X: 	80	Y: 	36	Changing Plains to Desert tile	66
Map Script: Evaluate Start X: 	80	Evaluate Start Y: 	37	i: 	65
Map Script: TeamPVP adjacentPlot i=	65	;terrainType=	3
Map Script: Terraforming X: 	80	Y: 	37	Changing Plains to Desert tile	65
Map Script: Evaluate Start X: 	80	Evaluate Start Y: 	38	i: 	64
Map Script: TeamPVP adjacentPlot i=	64	;terrainType=	4
Map Script: Terraforming X: 	80	Y: 	38	Changing Plains to Desert tile	64
Map Script: Evaluate Start X: 	79	Evaluate Start Y: 	39	i: 	63
Map Script: TeamPVP adjacentPlot i=	63	;terrainType=	4
Map Script: Terraforming X: 	79	Y: 	39	Changing Plains to Desert tile	63
Map Script: Evaluate Start X: 	79	Evaluate Start Y: 	40	i: 	62
Map Script: TeamPVP adjacentPlot i=	62	;terrainType=	4
Map Script: Terraforming X: 	79	Y: 	40	Changing Plains to Desert tile	62
Map Script: Evaluate Start X: 	78	Evaluate Start Y: 	41	i: 	61
Map Script: TeamPVP adjacentPlot i=	61	;terrainType=	4
Map Script: Terraforming X: 	78	Y: 	41	Changing Plains to Desert tile	61
Map Script: Evaluate Start X: 	78	Evaluate Start Y: 	42	i: 	60
Map Script: TeamPVP adjacentPlot i=	60	;terrainType=	4
Map Script: Terraforming X: 	78	Y: 	42	Changing Plains to Desert tile	60
Map Script: Evaluate Start X: 	76	Evaluate Start Y: 	41	i: 	59
Map Script: TeamPVP adjacentPlot i=	59	;terrainType=	4
Map Script: Terraforming X: 	76	Y: 	41	Changing Plains to Desert tile	59
Map Script: Evaluate Start X: 	75	Evaluate Start Y: 	41	i: 	58
Map Script: TeamPVP adjacentPlot i=	58	;terrainType=	4
Map Script: Terraforming X: 	75	Y: 	41	Changing Plains to Desert tile	58
Map Script: Evaluate Start X: 	74	Evaluate Start Y: 	41	i: 	57
Map Script: TeamPVP adjacentPlot i=	57	;terrainType=	4
Map Script: Terraforming X: 	74	Y: 	41	Changing Plains to Desert tile	57
Map Script: Evaluate Start X: 	73	Evaluate Start Y: 	41	i: 	56
Map Script: TeamPVP adjacentPlot i=	56	;terrainType=	3
Map Script: Terraforming X: 	73	Y: 	41	Changing Plains to Desert tile	56
Map Script: Evaluate Start X: 	73	Evaluate Start Y: 	40	i: 	55
Map Script: TeamPVP adjacentPlot i=	55	;terrainType=	3
Map Script: Terraforming X: 	73	Y: 	40	Changing Plains to Desert tile	55
Map Script: Evaluate Start X: 	72	Evaluate Start Y: 	39	i: 	54
Map Script: TeamPVP adjacentPlot i=	54	;terrainType=	3
Map Script: Terraforming X: 	72	Y: 	39	Changing Plains to Desert tile	54
Map Script: Evaluate Start X: 	72	Evaluate Start Y: 	38	i: 	53
Map Script: TeamPVP adjacentPlot i=	53	;terrainType=	3
Map Script: Terraforming X: 	72	Y: 	38	Changing Plains to Desert tile	53
Map Script: Evaluate Start X: 	71	Evaluate Start Y: 	37	i: 	52
Map Script: TeamPVP adjacentPlot i=	52	;terrainType=	3
Map Script: Terraforming X: 	71	Y: 	37	Changing Plains to Desert tile	52
Map Script: Evaluate Start X: 	72	Evaluate Start Y: 	36	i: 	51
Map Script: TeamPVP adjacentPlot i=	51	;terrainType=	3
Map Script: Terraforming X: 	72	Y: 	36	Changing Plains to Desert tile	51
Map Script: Evaluate Start X: 	72	Evaluate Start Y: 	35	i: 	50
Map Script: TeamPVP adjacentPlot i=	50	;terrainType=	4
Map Script: Terraforming X: 	72	Y: 	35	Changing Plains to Desert tile	50
Map Script: Evaluate Start X: 	73	Evaluate Start Y: 	34	i: 	49
Map Script: TeamPVP adjacentPlot i=	49	;terrainType=	3
Map Script: Terraforming X: 	73	Y: 	34	Changing Plains to Desert tile	49
Map Script: Evaluate Start X: 	73	Evaluate Start Y: 	33	i: 	48
Map Script: TeamPVP adjacentPlot i=	48	;terrainType=	3
Map Script: Terraforming X: 	73	Y: 	33	Changing Plains to Desert tile	48
Map Script: Evaluate Start X: 	74	Evaluate Start Y: 	33	i: 	47
Map Script: TeamPVP adjacentPlot i=	47	;terrainType=	4
Map Script: Terraforming X: 	74	Y: 	33	Changing Plains to Desert tile	47
Map Script: Evaluate Start X: 	75	Evaluate Start Y: 	33	i: 	46
Map Script: TeamPVP adjacentPlot i=	46	;terrainType=	3
Map Script: Terraforming X: 	75	Y: 	33	Changing Plains to Desert tile	46
Map Script: Evaluate Start X: 	76	Evaluate Start Y: 	33	i: 	45
Map Script: TeamPVP adjacentPlot i=	45	;terrainType=	3
Map Script: Terraforming X: 	76	Y: 	33	Changing Plains to Desert tile	45
Map Script: Evaluate Start X: 	77	Evaluate Start Y: 	33	i: 	44
Map Script: TeamPVP adjacentPlot i=	44	;terrainType=	5
Map Script: Terraforming X: 	77	Y: 	33	Changing Plains to Desert tile	44
Map Script: Evaluate Start X: 	78	Evaluate Start Y: 	34	i: 	43
Map Script: TeamPVP adjacentPlot i=	43	;terrainType=	4
Map Script: Terraforming X: 	78	Y: 	34	Changing Plains to Desert tile	43
Map Script: Evaluate Start X: 	78	Evaluate Start Y: 	35	i: 	42
Map Script: TeamPVP adjacentPlot i=	42	;terrainType=	4
Map Script: Terraforming X: 	78	Y: 	35	Changing Plains to Desert tile	42
Map Script: Evaluate Start X: 	79	Evaluate Start Y: 	36	i: 	41
Map Script: TeamPVP adjacentPlot i=	41	;terrainType=	4
Map Script: Terraforming X: 	79	Y: 	36	Changing Plains to Desert tile	41
Map Script: Evaluate Start X: 	79	Evaluate Start Y: 	37	i: 	40
Map Script: TeamPVP adjacentPlot i=	40	;terrainType=	4
Map Script: Terraforming X: 	79	Y: 	37	Changing Plains to Desert tile	40
Map Script: Evaluate Start X: 	79	Evaluate Start Y: 	38	i: 	39
Map Script: TeamPVP adjacentPlot i=	39	;terrainType=	4
Map Script: Terraforming X: 	79	Y: 	38	Changing Plains to Desert tile	39
Map Script: Evaluate Start X: 	78	Evaluate Start Y: 	39	i: 	38
Map Script: TeamPVP adjacentPlot i=	38	;terrainType=	3
Map Script: Terraforming X: 	78	Y: 	39	Changing Plains to Desert tile	38
Map Script: Evaluate Start X: 	78	Evaluate Start Y: 	40	i: 	37
Map Script: TeamPVP adjacentPlot i=	37	;terrainType=	4
Map Script: Terraforming X: 	78	Y: 	40	Changing Plains to Desert tile	37
Map Script: Evaluate Start X: 	77	Evaluate Start Y: 	41	i: 	36
Map Script: TeamPVP adjacentPlot i=	36	;terrainType=	3
Map Script: Terraforming X: 	77	Y: 	41	Changing Plains to Desert tile	36
Map Script: Evaluate Start X: 	76	Evaluate Start Y: 	40	i: 	35
Map Script: TeamPVP adjacentPlot i=	35	;terrainType=	7
Map Script: Evaluate Start X: 	75	Evaluate Start Y: 	40	i: 	34
Map Script: TeamPVP adjacentPlot i=	34	;terrainType=	6
Map Script: Evaluate Start X: 	74	Evaluate Start Y: 	40	i: 	33
Map Script: TeamPVP adjacentPlot i=	33	;terrainType=	6
Map Script: Evaluate Start X: 	73	Evaluate Start Y: 	39	i: 	32
Map Script: TeamPVP adjacentPlot i=	32	;terrainType=	6
Map Script: Evaluate Start X: 	73	Evaluate Start Y: 	38	i: 	31
Map Script: TeamPVP adjacentPlot i=	31	;terrainType=	6
Map Script: Evaluate Start X: 	72	Evaluate Start Y: 	37	i: 	30
Map Script: TeamPVP adjacentPlot i=	30	;terrainType=	6
Map Script: Evaluate Start X: 	73	Evaluate Start Y: 	36	i: 	29
Map Script: TeamPVP adjacentPlot i=	29	;terrainType=	6
Map Script: Evaluate Start X: 	73	Evaluate Start Y: 	35	i: 	28
Map Script: TeamPVP adjacentPlot i=	28	;terrainType=	6
Map Script: Evaluate Start X: 	74	Evaluate Start Y: 	34	i: 	27
Map Script: TeamPVP adjacentPlot i=	27	;terrainType=	7
Map Script: Evaluate Start X: 	75	Evaluate Start Y: 	34	i: 	26
Map Script: TeamPVP adjacentPlot i=	26	;terrainType=	6
Map Script: Evaluate Start X: 	76	Evaluate Start Y: 	34	i: 	25
Map Script: TeamPVP adjacentPlot i=	25	;terrainType=	6
Map Script: Evaluate Start X: 	77	Evaluate Start Y: 	34	i: 	24
Map Script: TeamPVP adjacentPlot i=	24	;terrainType=	7
Map Script: Evaluate Start X: 	77	Evaluate Start Y: 	35	i: 	23
Map Script: TeamPVP adjacentPlot i=	23	;terrainType=	7
Map Script: Evaluate Start X: 	78	Evaluate Start Y: 	36	i: 	22
Map Script: TeamPVP adjacentPlot i=	22	;terrainType=	6
Map Script: Evaluate Start X: 	78	Evaluate Start Y: 	37	i: 	21
Map Script: TeamPVP adjacentPlot i=	21	;terrainType=	6
Map Script: Evaluate Start X: 	78	Evaluate Start Y: 	38	i: 	20
Map Script: TeamPVP adjacentPlot i=	20	;terrainType=	6
Map Script: Evaluate Start X: 	77	Evaluate Start Y: 	39	i: 	19
Map Script: TeamPVP adjacentPlot i=	19	;terrainType=	6
Map Script: Evaluate Start X: 	77	Evaluate Start Y: 	40	i: 	18
Map Script: TeamPVP adjacentPlot i=	18	;terrainType=	6
Map Script: Evaluate Start X: 	75	Evaluate Start Y: 	39	i: 	17
Map Script: TeamPVP adjacentPlot i=	17	;terrainType=	6
Map Script: Evaluate Start X: 	74	Evaluate Start Y: 	39	i: 	16
Map Script: TeamPVP adjacentPlot i=	16	;terrainType=	6
Map Script: Evaluate Start X: 	74	Evaluate Start Y: 	38	i: 	15
Map Script: TeamPVP adjacentPlot i=	15	;terrainType=	6
Map Script: Evaluate Start X: 	73	Evaluate Start Y: 	37	i: 	14
Map Script: TeamPVP adjacentPlot i=	14	;terrainType=	6
Map Script: Evaluate Start X: 	74	Evaluate Start Y: 	36	i: 	13
Map Script: TeamPVP adjacentPlot i=	13	;terrainType=	7
Map Script: Evaluate Start X: 	74	Evaluate Start Y: 	35	i: 	12
Map Script: TeamPVP adjacentPlot i=	12	;terrainType=	7
Map Script: Evaluate Start X: 	75	Evaluate Start Y: 	35	i: 	11
Map Script: TeamPVP adjacentPlot i=	11	;terrainType=	6
Map Script: Evaluate Start X: 	76	Evaluate Start Y: 	35	i: 	10
Map Script: TeamPVP adjacentPlot i=	10	;terrainType=	8
Map Script: Evaluate Start X: 	77	Evaluate Start Y: 	36	i: 	9
Map Script: TeamPVP adjacentPlot i=	9	;terrainType=	6
Map Script: Evaluate Start X: 	77	Evaluate Start Y: 	37	i: 	8
Map Script: TeamPVP adjacentPlot i=	8	;terrainType=	8
Map Script: Evaluate Start X: 	77	Evaluate Start Y: 	38	i: 	7
Map Script: TeamPVP adjacentPlot i=	7	;terrainType=	6
Map Script: Evaluate Start X: 	76	Evaluate Start Y: 	39	i: 	6
Map Script: TeamPVP adjacentPlot i=	6	;terrainType=	6
Map Script: Evaluate Start X: 	75	Evaluate Start Y: 	38	i: 	5
Map Script: TeamPVP adjacentPlot i=	5	;terrainType=	6
Map Script: Evaluate Start X: 	74	Evaluate Start Y: 	37	i: 	4
Map Script: TeamPVP adjacentPlot i=	4	;terrainType=	6
Map Script: Evaluate Start X: 	75	Evaluate Start Y: 	36	i: 	3
Map Script: TeamPVP adjacentPlot i=	3	;terrainType=	7
Map Script: Evaluate Start X: 	76	Evaluate Start Y: 	36	i: 	2
Map Script: TeamPVP adjacentPlot i=	2	;terrainType=	7
Map Script: Evaluate Start X: 	76	Evaluate Start Y: 	37	i: 	1
Map Script: TeamPVP adjacentPlot i=	1	;terrainType=	6
Map Script: Evaluate Start X: 	76	Evaluate Start Y: 	38	i: 	0
Map Script: TeamPVP adjacentPlot i=	0	;terrainType=	7
Map Script: Evaluate Start X: 	75	Evaluate Start Y: 	37	i: 	-1
Map Script: TeamPVP adjacentPlot i=	-1	;terrainType=	6
Map Script: ZYL RVC desert start expansion	FullRadius	5	SixthRing	10	ScopePlots	101
Map Script: ZYL RVC Mali terrain and resources	Floodplains	35	Oases	1	Sheep	2	Wheat	1	LuxuryTypes	2	Luxuries	6
Map Script: Terraforming Polar Continent	36
Map Script: TeamPVP 文明:	CIVILIZATION_NUBIA
Map Script: Terraforming Polar Continent	39
Map Script: TeamPVP 文明:	CIVILIZATION_MACEDON
Map Script: Terraforming Polar Continent	38
Map Script: TeamPVP 文明:	CIVILIZATION_BRAZIL
Map Script: Terraforming Polar Continent	38
Map Script: TeamPVP 文明:	CIVILIZATION_GERMANY
Map Script: Terraforming Polar Continent	36
Map Script: TeamPVP 文明:	CIVILIZATION_VIETNAM
Map Script: Terraforming Polar Continent	35
Map Script: TeamPVP 文明:	CIVILIZATION_ROME
Map Script: Terrain adjustments complete
Map Script: Terrain adjustments complete	Wed Sep 16 20:22:22 2026
Map Script: Phase 1: strategic resource balancing
Map Script: Start era index	1
Map Script: BBSStratRes	0
Map Script: Evaluate Start X: 	43	Evaluate Start Y: 	79	Found Type: 	42
Map Script: Balance Resources: Need to add	43
Map Script: PlaceResource leader:	LEADER_CLEOPATRA_ALT
Map Script: civAddStrategyTeamPVP start startPlot X:	44	;Y:	78	;isForce:	false	;eResourceType:	43
Map Script: civAddStrategyTeamPVP start startPlot X:	44	;Y:	78	;isForce:	false	;eResourceType:	43
Map Script: civAddStrategyTeamPVP start startPlot X:	44	;Y:	78	;isForce:	false	;eResourceType:	43
Map Script: civAddStrategyTeamPVP start startPlot X:	44	;Y:	78	;isForce:	false	;eResourceType:	43
Map Script: civAddStrategyTeamPVP start startPlot X:	44	;Y:	78	;isForce:	false	;eResourceType:	43
Map Script: civAddStrategyTeamPVP start startPlot X:	44	;Y:	78	;isForce:	false	;eResourceType:	43
Map Script: civAddStrategyTeamPVP start startPlot X:	44	;Y:	78	;isForce:	false	;eResourceType:	43
Map Script: civAddStrategyTeamPVP start startPlot X:	44	;Y:	78	;isForce:	false	;eResourceType:	43
Map Script: civAddStrategyTeamPVP start startPlot X:	44	;Y:	78	;isForce:	false	;eResourceType:	43
Map Script: civAddStrategyTeamPVP start startPlot X:	44	;Y:	78	;isForce:	false	;eResourceType:	43
Map Script: civAddStrategyTeamPVP start startPlot X:	44	;Y:	78	;isForce:	true	;eResourceType:	43
Map Script: successCount:	0
Map Script: functionCount:	10
Map Script: ZYL RVC guaranteed early strategic fallback:	empty terrain converted to hills	resource	43	leader	LEADER_CLEOPATRA_ALT	plot	44	76
Map Script: Check Continent:	35	 For resource:	45
Map Script: ContinentResource X: 	70	 Y: 	3	Found Type: 	45
Map Script: Evaluate Start X: 	45	Evaluate Start Y: 	78	Found Type: 	44
Map Script: Check Continent:	35	 For resource:	40
Map Script: ContinentResource X: 	37	 Y: 	5	Found Type: 	40
Map Script: Check Continent:	35	 For resource:	41
Map Script: ContinentResource X: 	24	 Y: 	9	Found Type: 	41
Map Script: Start era index	1
Map Script: BBSStratRes	0
Map Script: Balance Resources: Need to add	42
Map Script: PlaceResource leader:	LEADER_HAMMURABI
Map Script: civAddStrategyTeamPVP start startPlot X:	75	;Y:	49	;isForce:	false	;eResourceType:	42
Map Script: successCount:	0
Map Script: functionCount:	0
Map Script: Evaluate Start X: 	72	Evaluate Start Y: 	50	Added: 	42
Map Script: Balance Resources: Need to add	43
Map Script: PlaceResource leader:	LEADER_HAMMURABI
Map Script: civAddStrategyTeamPVP start startPlot X:	75	;Y:	49	;isForce:	false	;eResourceType:	43
Map Script: civAddStrategyTeamPVP start startPlot X:	75	;Y:	49	;isForce:	false	;eResourceType:	43
Map Script: civAddStrategyTeamPVP start startPlot X:	75	;Y:	49	;isForce:	false	;eResourceType:	43
Map Script: civAddStrategyTeamPVP start startPlot X:	75	;Y:	49	;isForce:	false	;eResourceType:	43
Map Script: civAddStrategyTeamPVP start startPlot X:	75	;Y:	49	;isForce:	false	;eResourceType:	43
Map Script: civAddStrategyTeamPVP start startPlot X:	75	;Y:	49	;isForce:	false	;eResourceType:	43
Map Script: civAddStrategyTeamPVP start startPlot X:	75	;Y:	49	;isForce:	false	;eResourceType:	43
Map Script: civAddStrategyTeamPVP start startPlot X:	75	;Y:	49	;isForce:	false	;eResourceType:	43
Map Script: civAddStrategyTeamPVP start startPlot X:	75	;Y:	49	;isForce:	false	;eResourceType:	43
Map Script: civAddStrategyTeamPVP start startPlot X:	75	;Y:	49	;isForce:	false	;eResourceType:	43
Map Script: civAddStrategyTeamPVP start startPlot X:	75	;Y:	49	;isForce:	true	;eResourceType:	43
Map Script: successCount:	0
Map Script: functionCount:	10
Map Script: ZYL RVC guaranteed early strategic fallback:	expanded empty range	resource	43	leader	LEADER_HAMMURABI	plot	78	43
Map Script: Check Continent:	38	 For resource:	45
Map Script: ContinentResource X: 	81	 Y: 	41	Found Type: 	45
Map Script: Balance Resources: Need to add	44
Map Script: Evaluate Start X: 	76	Evaluate Start Y: 	47	Added: 	44
Map Script: Check Continent:	38	 For resource:	40
Map Script: ContinentResource X: 	75	 Y: 	50	Found Type: 	40
Map Script: Check Continent:	38	 For resource:	41
Map Script: ContinentResource X: 	75	 Y: 	45	Found Type: 	41
Map Script: Start era index	1
Map Script: BBSStratRes	0
Map Script: Evaluate Start X: 	68	Evaluate Start Y: 	64	Found Type: 	42
Map Script: Balance Resources: Need to add	43
Map Script: PlaceResource leader:	LEADER_CHANDRAGUPTA
Map Script: civAddStrategyTeamPVP start startPlot X:	69	;Y:	61	;isForce:	false	;eResourceType:	43
Map Script: civAddStrategyTeamPVP start startPlot X:	69	;Y:	61	;isForce:	false	;eResourceType:	43
Map Script: civAddStrategyTeamPVP start startPlot X:	69	;Y:	61	;isForce:	false	;eResourceType:	43
Map Script: civAddStrategyTeamPVP start startPlot X:	69	;Y:	61	;isForce:	false	;eResourceType:	43
Map Script: civAddStrategyTeamPVP start startPlot X:	69	;Y:	61	;isForce:	false	;eResourceType:	43
Map Script: civAddStrategyTeamPVP start startPlot X:	69	;Y:	61	;isForce:	false	;eResourceType:	43
Map Script: civAddStrategyTeamPVP start startPlot X:	69	;Y:	61	;isForce:	false	;eResourceType:	43
Map Script: civAddStrategyTeamPVP start startPlot X:	69	;Y:	61	;isForce:	false	;eResourceType:	43
Map Script: civAddStrategyTeamPVP start startPlot X:	69	;Y:	61	;isForce:	false	;eResourceType:	43
Map Script: civAddStrategyTeamPVP start startPlot X:	69	;Y:	61	;isForce:	false	;eResourceType:	43
Map Script: civAddStrategyTeamPVP start startPlot X:	69	;Y:	61	;isForce:	true	;eResourceType:	43
Map Script: successCount:	0
Map Script: functionCount:	10
Map Script: ZYL RVC guaranteed early strategic fallback:	empty terrain converted to hills	resource	43	leader	LEADER_CHANDRAGUPTA	plot	68	60
Map Script: Check Continent:	39	 For resource:	45
Map Script: ContinentResource X: 	15	 Y: 	63	Found Type: 	45
Map Script: Evaluate Start X: 	71	Evaluate Start Y: 	60	Found Type: 	44
Map Script: Check Continent:	39	 For resource:	40
Map Script: ContinentResource X: 	14	 Y: 	62	Found Type: 	40
Map Script: Check Continent:	39	 For resource:	41
Map Script: ContinentResource X: 	27	 Y: 	64	Found Type: 	41
Map Script: Start era index	1
Map Script: BBSStratRes	0
Map Script: Balance Resources: Need to add	42
Map Script: PlaceResource leader:	LEADER_MANSA_MUSA
Map Script: civAddStrategyTeamPVP start startPlot X:	75	;Y:	37	;isForce:	false	;eResourceType:	42
Map Script: civAddStrategyTeamPVP start startPlot X:	75	;Y:	37	;isForce:	false	;eResourceType:	42
Map Script: civAddStrategyTeamPVP start startPlot X:	75	;Y:	37	;isForce:	false	;eResourceType:	42
Map Script: civAddStrategyTeamPVP start startPlot X:	75	;Y:	37	;isForce:	false	;eResourceType:	42
Map Script: civAddStrategyTeamPVP start startPlot X:	75	;Y:	37	;isForce:	false	;eResourceType:	42
Map Script: civAddStrategyTeamPVP start startPlot X:	75	;Y:	37	;isForce:	false	;eResourceType:	42
Map Script: civAddStrategyTeamPVP start startPlot X:	75	;Y:	37	;isForce:	false	;eResourceType:	42
Map Script: civAddStrategyTeamPVP start startPlot X:	75	;Y:	37	;isForce:	false	;eResourceType:	42
Map Script: civAddStrategyTeamPVP start startPlot X:	75	;Y:	37	;isForce:	false	;eResourceType:	42
Map Script: civAddStrategyTeamPVP start startPlot X:	75	;Y:	37	;isForce:	false	;eResourceType:	42
Map Script: civAddStrategyTeamPVP start startPlot X:	75	;Y:	37	;isForce:	true	;eResourceType:	42
Map Script: civAddStrategyTeamPVP start startPlot X:	75	;Y:	37	;isForce:	true	;eResourceType:	42
Map Script: civAddStrategyTeamPVP start startPlot X:	75	;Y:	37	;isForce:	true	;eResourceType:	42
Map Script: civAddStrategyTeamPVP start startPlot X:	75	;Y:	37	;isForce:	true	;eResourceType:	42
Map Script: civAddStrategyTeamPVP start startPlot X:	75	;Y:	37	;isForce:	true	;eResourceType:	42
Map Script: civAddStrategyTeamPVP start startPlot X:	75	;Y:	37	;isForce:	true	;eResourceType:	42
Map Script: civAddStrategyTeamPVP start startPlot X:	75	;Y:	37	;isForce:	true	;eResourceType:	42
Map Script: civAddStrategyTeamPVP start startPlot X:	75	;Y:	37	;isForce:	true	;eResourceType:	42
Map Script: civAddStrategyTeamPVP start startPlot X:	75	;Y:	37	;isForce:	true	;eResourceType:	42
Map Script: civAddStrategyTeamPVP start startPlot X:	75	;Y:	37	;isForce:	true	;eResourceType:	42
Map Script: civAddStrategyTeamPVP start startPlot X:	75	;Y:	37	;isForce:	true	;eResourceType:	42
Map Script: functionCount:	21
Map Script: ZYL RVC guaranteed early strategic fallback:	expanded empty range	resource	42	leader	LEADER_MANSA_MUSA	plot	72	31
Map Script: Balance Resources: Need to add	43
Map Script: Evaluate Start X: 	74	Evaluate Start Y: 	35	Added: 	43
Map Script: Check Continent:	37	 For resource:	45
Map Script: ContinentResource X: 	53	 Y: 	25	Found Type: 	45
Map Script: Balance Resources: Need to add	44
Map Script: Evaluate Start X: 	76	Evaluate Start Y: 	39	Added: 	44
Map Script: Check Continent:	37	 For resource:	40
Map Script: ContinentResource X: 	79	 Y: 	28	Found Type: 	40
Map Script: Check Continent:	37	 For resource:	41
Map Script: ContinentResource X: 	65	 Y: 	25	Found Type: 	41
Map Script: Start era index	1
Map Script: BBSStratRes	0
Map Script: Balance Resources: Need to add	42
Map Script: PlaceResource leader:	LEADER_AMANITORE
Map Script: civAddStrategyTeamPVP start startPlot X:	52	;Y:	16	;isForce:	false	;eResourceType:	42
Map Script: successCount:	0
Map Script: functionCount:	0
Map Script: Evaluate Start X: 	50	Evaluate Start Y: 	20	Added: 	42
Map Script: Evaluate Start X: 	50	Evaluate Start Y: 	16	Found Type: 	43
Map Script: Check Continent:	36	 For resource:	45
Map Script: ContinentResource X: 	50	 Y: 	12	Found Type: 	45
Map Script: Balance Resources: Need to add	44
Map Script: Evaluate Start X: 	50	Evaluate Start Y: 	13	Added: 	44
Map Script: Check Continent:	36	 For resource:	40
Map Script: ContinentResource X: 	65	 Y: 	12	Found Type: 	40
Map Script: Check Continent:	36	 For resource:	41
Map Script: ContinentResource X: 	62	 Y: 	12	Found Type: 	41
Map Script: Start era index	1
Map Script: BBSStratRes	0
Map Script: Evaluate Start X: 	25	Evaluate Start Y: 	68	Found Type: 	42
Map Script: Balance Resources: Need to add	43
Map Script: PlaceResource leader:	LEADER_ALEXANDER
Map Script: civAddStrategyTeamPVP start startPlot X:	26	;Y:	70	;isForce:	false	;eResourceType:	43
Map Script: civAddStrategyTeamPVP start startPlot X:	26	;Y:	70	;isForce:	false	;eResourceType:	43
Map Script: civAddStrategyTeamPVP start startPlot X:	26	;Y:	70	;isForce:	false	;eResourceType:	43
Map Script: civAddStrategyTeamPVP start startPlot X:	26	;Y:	70	;isForce:	false	;eResourceType:	43
Map Script: civAddStrategyTeamPVP start startPlot X:	26	;Y:	70	;isForce:	false	;eResourceType:	43
Map Script: civAddStrategyTeamPVP start startPlot X:	26	;Y:	70	;isForce:	false	;eResourceType:	43
Map Script: civAddStrategyTeamPVP start startPlot X:	26	;Y:	70	;isForce:	false	;eResourceType:	43
Map Script: civAddStrategyTeamPVP start startPlot X:	26	;Y:	70	;isForce:	false	;eResourceType:	43
Map Script: civAddStrategyTeamPVP start startPlot X:	26	;Y:	70	;isForce:	false	;eResourceType:	43
Map Script: civAddStrategyTeamPVP start startPlot X:	26	;Y:	70	;isForce:	false	;eResourceType:	43
Map Script: civAddStrategyTeamPVP start startPlot X:	26	;Y:	70	;isForce:	true	;eResourceType:	43
Map Script: successCount:	0
Map Script: functionCount:	10
Map Script: ZYL RVC guaranteed early strategic fallback:	empty terrain converted to hills	resource	43	leader	LEADER_ALEXANDER	plot	24	69
Map Script: Check Continent:	39	 For resource:	45
Map Script: ContinentResource X: 	15	 Y: 	63	Found Type: 	45
Map Script: Evaluate Start X: 	25	Evaluate Start Y: 	71	Found Type: 	44
Map Script: Check Continent:	39	 For resource:	40
Map Script: ContinentResource X: 	14	 Y: 	62	Found Type: 	40
Map Script: Check Continent:	39	 For resource:	41
Map Script: ContinentResource X: 	27	 Y: 	64	Found Type: 	41
Map Script: Start era index	1
Map Script: BBSStratRes	0
Map Script: Balance Resources: Need to add	42
Map Script: Evaluate Start X: 	14	Evaluate Start Y: 	60	Added: 	42
Map Script: Balance Resources: Need to add	43
Map Script: PlaceResource leader:	LEADER_PEDRO
Map Script: civAddStrategyTeamPVP start startPlot X:	13	;Y:	58	;isForce:	false	;eResourceType:	43
Map Script: civAddStrategyTeamPVP start startPlot X:	13	;Y:	58	;isForce:	false	;eResourceType:	43
Map Script: civAddStrategyTeamPVP start startPlot X:	13	;Y:	58	;isForce:	false	;eResourceType:	43
Map Script: civAddStrategyTeamPVP start startPlot X:	13	;Y:	58	;isForce:	false	;eResourceType:	43
Map Script: civAddStrategyTeamPVP start startPlot X:	13	;Y:	58	;isForce:	false	;eResourceType:	43
Map Script: civAddStrategyTeamPVP start startPlot X:	13	;Y:	58	;isForce:	false	;eResourceType:	43
Map Script: civAddStrategyTeamPVP start startPlot X:	13	;Y:	58	;isForce:	false	;eResourceType:	43
Map Script: civAddStrategyTeamPVP start startPlot X:	13	;Y:	58	;isForce:	false	;eResourceType:	43
Map Script: civAddStrategyTeamPVP start startPlot X:	13	;Y:	58	;isForce:	false	;eResourceType:	43
Map Script: civAddStrategyTeamPVP start startPlot X:	13	;Y:	58	;isForce:	false	;eResourceType:	43
Map Script: civAddStrategyTeamPVP start startPlot X:	13	;Y:	58	;isForce:	true	;eResourceType:	43
Map Script: successCount:	0
Map Script: functionCount:	10
Map Script: ZYL RVC guaranteed early strategic fallback:	empty terrain converted to hills	resource	43	leader	LEADER_PEDRO	plot	11	55
Map Script: Check Continent:	38	 For resource:	45
Map Script: ContinentResource X: 	81	 Y: 	41	Found Type: 	45
Map Script: Evaluate Start X: 	13	Evaluate Start Y: 	60	Found Type: 	44
Map Script: Check Continent:	38	 For resource:	40
Map Script: ContinentResource X: 	75	 Y: 	50	Found Type: 	40
Map Script: Check Continent:	38	 For resource:	41
Map Script: ContinentResource X: 	75	 Y: 	45	Found Type: 	41
Map Script: Start era index	1
Map Script: BBSStratRes	0
Map Script: Evaluate Start X: 	15	Evaluate Start Y: 	44	Found Type: 	42
Map Script: Balance Resources: Need to add	43
Map Script: PlaceResource leader:	LEADER_BARBAROSSA
Map Script: civAddStrategyTeamPVP start startPlot X:	12	;Y:	44	;isForce:	false	;eResourceType:	43
Map Script: civAddStrategyTeamPVP start startPlot X:	12	;Y:	44	;isForce:	false	;eResourceType:	43
Map Script: civAddStrategyTeamPVP start startPlot X:	12	;Y:	44	;isForce:	false	;eResourceType:	43
Map Script: civAddStrategyTeamPVP start startPlot X:	12	;Y:	44	;isForce:	false	;eResourceType:	43
Map Script: civAddStrategyTeamPVP start startPlot X:	12	;Y:	44	;isForce:	false	;eResourceType:	43
Map Script: civAddStrategyTeamPVP start startPlot X:	12	;Y:	44	;isForce:	false	;eResourceType:	43
Map Script: civAddStrategyTeamPVP start startPlot X:	12	;Y:	44	;isForce:	false	;eResourceType:	43
Map Script: civAddStrategyTeamPVP start startPlot X:	12	;Y:	44	;isForce:	false	;eResourceType:	43
Map Script: civAddStrategyTeamPVP start startPlot X:	12	;Y:	44	;isForce:	false	;eResourceType:	43
Map Script: civAddStrategyTeamPVP start startPlot X:	12	;Y:	44	;isForce:	false	;eResourceType:	43
Map Script: civAddStrategyTeamPVP start startPlot X:	12	;Y:	44	;isForce:	true	;eResourceType:	43
Map Script: successCount:	0
Map Script: functionCount:	10
Map Script: ZYL RVC guaranteed early strategic fallback:	empty terrain converted to hills	resource	43	leader	LEADER_BARBAROSSA	plot	10	43
Map Script: Check Continent:	38	 For resource:	45
Map Script: ContinentResource X: 	81	 Y: 	41	Found Type: 	45
Map Script: Evaluate Start X: 	11	Evaluate Start Y: 	43	Found Type: 	44
Map Script: Check Continent:	38	 For resource:	40
Map Script: ContinentResource X: 	75	 Y: 	50	Found Type: 	40
Map Script: Check Continent:	38	 For resource:	41
Map Script: ContinentResource X: 	75	 Y: 	45	Found Type: 	41
Map Script: Start era index	1
Map Script: BBSStratRes	0
Map Script: Balance Resources: Need to add	42
Map Script: PlaceResource leader:	LEADER_LADY_TRIEU
Map Script: civAddStrategyTeamPVP start startPlot X:	25	;Y:	16	;isForce:	false	;eResourceType:	42
Map Script: successCount:	0
Map Script: functionCount:	0
Map Script: Evaluate Start X: 	28	Evaluate Start Y: 	16	Added: 	42
Map Script: Evaluate Start X: 	26	Evaluate Start Y: 	17	Found Type: 	43
Map Script: Check Continent:	36	 For resource:	45
Map Script: ContinentResource X: 	50	 Y: 	12	Found Type: 	45
Map Script: Balance Resources: Need to add	44
Map Script: Evaluate Start X: 	27	Evaluate Start Y: 	13	Added: 	44
Map Script: Check Continent:	36	 For resource:	40
Map Script: ContinentResource X: 	65	 Y: 	12	Found Type: 	40
Map Script: Check Continent:	36	 For resource:	41
Map Script: ContinentResource X: 	62	 Y: 	12	Found Type: 	41
Map Script: Start era index	1
Map Script: BBSStratRes	0
Map Script: Balance Resources: Need to add	42
Map Script: PlaceResource leader:	LEADER_TRAJAN
Map Script: civAddStrategyTeamPVP start startPlot X:	38	;Y:	8	;isForce:	false	;eResourceType:	42
Map Script: civAddStrategyTeamPVP start startPlot X:	38	;Y:	8	;isForce:	false	;eResourceType:	42
Map Script: civAddStrategyTeamPVP start startPlot X:	38	;Y:	8	;isForce:	false	;eResourceType:	42
Map Script: civAddStrategyTeamPVP start startPlot X:	38	;Y:	8	;isForce:	false	;eResourceType:	42
Map Script: civAddStrategyTeamPVP start startPlot X:	38	;Y:	8	;isForce:	false	;eResourceType:	42
Map Script: civAddStrategyTeamPVP start startPlot X:	38	;Y:	8	;isForce:	false	;eResourceType:	42
Map Script: civAddStrategyTeamPVP start startPlot X:	38	;Y:	8	;isForce:	false	;eResourceType:	42
Map Script: civAddStrategyTeamPVP start startPlot X:	38	;Y:	8	;isForce:	false	;eResourceType:	42
Map Script: civAddStrategyTeamPVP start startPlot X:	38	;Y:	8	;isForce:	false	;eResourceType:	42
Map Script: civAddStrategyTeamPVP start startPlot X:	38	;Y:	8	;isForce:	false	;eResourceType:	42
Map Script: civAddStrategyTeamPVP start startPlot X:	38	;Y:	8	;isForce:	true	;eResourceType:	42
Map Script: successCount:	0
Map Script: functionCount:	10
Map Script: Evaluate Start X: 	41	Evaluate Start Y: 	7	Added: 	42
Map Script: Evaluate Start X: 	39	Evaluate Start Y: 	11	Found Type: 	43
Map Script: Check Continent:	35	 For resource:	45
Map Script: ContinentResource X: 	70	 Y: 	3	Found Type: 	45
Map Script: Balance Resources: Need to add	44
Map Script: Evaluate Start X: 	35	Evaluate Start Y: 	7	Added: 	44
Map Script: Check Continent:	35	 For resource:	40
Map Script: ContinentResource X: 	37	 Y: 	5	Found Type: 	40
Map Script: Check Continent:	35	 For resource:	41
Map Script: ContinentResource X: 	24	 Y: 	9	Found Type: 	41
Map Script: 战略资源平衡 - Completed	Wed Sep 16 20:22:22 2026
Map Script: majList[i].leader:	LEADER_CLEOPATRA_ALT
Map Script: 丘陵补贴 start sPlayerLeaderName:	LEADER_CLEOPATRA_ALT
Map Script: Evaluate Start X: 	44	Evaluate Start Y: 	78	Total mountain: 	2	Total water: 	0	Total snow: 	0	Total desert: 	0	Total hill	7	Immediate Food: 	9.3	Immediate Prod: 	8.2	Immediate Culture: 	0	Immediate Faith: 	0	Floodplains	6	Best_tile	5	Best_tile_2	5	Plains Tiles	5
Map Script: civAddHillTeamPVP majList.hill:	6
Map Script: Prod Balancing X: 	43	Y: 	78	Turned the tile to a Plain Hill
Map Script: 丘陵补贴 start sPlayerLeaderName:	LEADER_CLEOPATRA_ALT
Map Script: Evaluate Start X: 	44	Evaluate Start Y: 	78	Total mountain: 	2	Total water: 	0	Total snow: 	0	Total desert: 	0	Total hill	8	Immediate Food: 	11.3	Immediate Prod: 	10.2	Immediate Culture: 	0	Immediate Faith: 	0	Floodplains	6	Best_tile	5	Best_tile_2	5	Plains Tiles	5
Map Script: civAddHillTeamPVP majList.hill:	7
Map Script: Hill balancing: Couldn't add Prod Bonus
Map Script: 丘陵补贴 start sPlayerLeaderName:	LEADER_CLEOPATRA_ALT
Map Script: Evaluate Start X: 	44	Evaluate Start Y: 	78	Total mountain: 	2	Total water: 	0	Total snow: 	0	Total desert: 	0	Total hill	8	Immediate Food: 	11.3	Immediate Prod: 	10.2	Immediate Culture: 	0	Immediate Faith: 	0	Floodplains	6	Best_tile	5	Best_tile_2	5	Plains Tiles	5
Map Script: civAddHillTeamPVP majList.hill:	7
Map Script: Hill balancing: Couldn't add Prod Bonus
Map Script: 丘陵补贴 start sPlayerLeaderName:	LEADER_CLEOPATRA_ALT
Map Script: Evaluate Start X: 	44	Evaluate Start Y: 	78	Total mountain: 	2	Total water: 	0	Total snow: 	0	Total desert: 	0	Total hill	8	Immediate Food: 	11.3	Immediate Prod: 	10.2	Immediate Culture: 	0	Immediate Faith: 	0	Floodplains	6	Best_tile	5	Best_tile_2	5	Plains Tiles	5
Map Script: civAddHillTeamPVP majList.hill:	7
Map Script: Hill balancing: Couldn't add Prod Bonus
Map Script: 丘陵补贴 start sPlayerLeaderName:	LEADER_CLEOPATRA_ALT
Map Script: Evaluate Start X: 	44	Evaluate Start Y: 	78	Total mountain: 	2	Total water: 	0	Total snow: 	0	Total desert: 	0	Total hill	8	Immediate Food: 	11.3	Immediate Prod: 	10.2	Immediate Culture: 	0	Immediate Faith: 	0	Floodplains	6	Best_tile	5	Best_tile_2	5	Plains Tiles	5
Map Script: civAddHillTeamPVP majList.hill:	7
Map Script: Hill balancing: Couldn't add Prod Bonus
Map Script: 丘陵补贴 start sPlayerLeaderName:	LEADER_CLEOPATRA_ALT
Map Script: Evaluate Start X: 	44	Evaluate Start Y: 	78	Total mountain: 	2	Total water: 	0	Total snow: 	0	Total desert: 	0	Total hill	8	Immediate Food: 	11.3	Immediate Prod: 	10.2	Immediate Culture: 	0	Immediate Faith: 	0	Floodplains	6	Best_tile	5	Best_tile_2	5	Plains Tiles	5
Map Script: civAddHillTeamPVP majList.hill:	7
Map Script: Hill balancing: Couldn't add Prod Bonus
Map Script: 丘陵补贴 start sPlayerLeaderName:	LEADER_CLEOPATRA_ALT
Map Script: Evaluate Start X: 	44	Evaluate Start Y: 	78	Total mountain: 	2	Total water: 	0	Total snow: 	0	Total desert: 	0	Total hill	8	Immediate Food: 	11.3	Immediate Prod: 	10.2	Immediate Culture: 	0	Immediate Faith: 	0	Floodplains	6	Best_tile	5	Best_tile_2	5	Plains Tiles	5
Map Script: civAddHillTeamPVP majList.hill:	7
Map Script: Hill balancing: Couldn't add Prod Bonus
Map Script: 丘陵补贴 start sPlayerLeaderName:	LEADER_CLEOPATRA_ALT
Map Script: Evaluate Start X: 	44	Evaluate Start Y: 	78	Total mountain: 	2	Total water: 	0	Total snow: 	0	Total desert: 	0	Total hill	8	Immediate Food: 	11.3	Immediate Prod: 	10.2	Immediate Culture: 	0	Immediate Faith: 	0	Floodplains	6	Best_tile	5	Best_tile_2	5	Plains Tiles	5
Map Script: civAddHillTeamPVP majList.hill:	7
Map Script: Hill balancing: Couldn't add Prod Bonus
Map Script: 丘陵补贴 start sPlayerLeaderName:	LEADER_CLEOPATRA_ALT
Map Script: Evaluate Start X: 	44	Evaluate Start Y: 	78	Total mountain: 	2	Total water: 	0	Total snow: 	0	Total desert: 	0	Total hill	8	Immediate Food: 	11.3	Immediate Prod: 	10.2	Immediate Culture: 	0	Immediate Faith: 	0	Floodplains	6	Best_tile	5	Best_tile_2	5	Plains Tiles	5
Map Script: civAddHillTeamPVP majList.hill:	7
Map Script: Hill balancing: Couldn't add Prod Bonus
Map Script: 丘陵补贴 start sPlayerLeaderName:	LEADER_CLEOPATRA_ALT
Map Script: Evaluate Start X: 	44	Evaluate Start Y: 	78	Total mountain: 	2	Total water: 	0	Total snow: 	0	Total desert: 	0	Total hill	8	Immediate Food: 	11.3	Immediate Prod: 	10.2	Immediate Culture: 	0	Immediate Faith: 	0	Floodplains	6	Best_tile	5	Best_tile_2	5	Plains Tiles	5
Map Script: civAddHillTeamPVP majList.hill:	7
Map Script: Hill balancing: Couldn't add Prod Bonus
Map Script: 丘陵补贴 start sPlayerLeaderName:	LEADER_CLEOPATRA_ALT
Map Script: Evaluate Start X: 	44	Evaluate Start Y: 	78	Total mountain: 	2	Total water: 	0	Total snow: 	0	Total desert: 	0	Total hill	8	Immediate Food: 	11.3	Immediate Prod: 	10.2	Immediate Culture: 	0	Immediate Faith: 	0	Floodplains	6	Best_tile	5	Best_tile_2	5	Plains Tiles	5
Map Script: civAddHillTeamPVP majList.hill:	7
Map Script: Hill balancing: Couldn't add Prod Bonus
Map Script: 丘陵补贴 start sPlayerLeaderName:	LEADER_CLEOPATRA_ALT
Map Script: Evaluate Start X: 	44	Evaluate Start Y: 	78	Total mountain: 	2	Total water: 	0	Total snow: 	0	Total desert: 	0	Total hill	8	Immediate Food: 	11.3	Immediate Prod: 	10.2	Immediate Culture: 	0	Immediate Faith: 	0	Floodplains	6	Best_tile	5	Best_tile_2	5	Plains Tiles	5
Map Script: civAddHillTeamPVP majList.hill:	7
Map Script: Hill balancing: Couldn't add Prod Bonus
Map Script: 丘陵补贴 start sPlayerLeaderName:	LEADER_CLEOPATRA_ALT
Map Script: Evaluate Start X: 	44	Evaluate Start Y: 	78	Total mountain: 	2	Total water: 	0	Total snow: 	0	Total desert: 	0	Total hill	8	Immediate Food: 	11.3	Immediate Prod: 	10.2	Immediate Culture: 	0	Immediate Faith: 	0	Floodplains	6	Best_tile	5	Best_tile_2	5	Plains Tiles	5
Map Script: civAddHillTeamPVP majList.hill:	7
Map Script: civAddHillTeamPVP IsDeleteResource true Get	45	:	76
Map Script: Prod Balancing X: 	45	Y: 	76	Turned the tile to a Grassland Hill
Map Script: 丘陵补贴 start sPlayerLeaderName:	LEADER_CLEOPATRA_ALT
Map Script: Evaluate Start X: 	44	Evaluate Start Y: 	78	Total mountain: 	2	Total water: 	0	Total snow: 	0	Total desert: 	0	Total hill	9	Immediate Food: 	11.3	Immediate Prod: 	10.2	Immediate Culture: 	0	Immediate Faith: 	0	Floodplains	6	Best_tile	5	Best_tile_2	5	Plains Tiles	5
Map Script: civAddHillTeamPVP majList.hill:	8
Map Script: civAddHillTeamPVP IsDeleteResource true Get	43	:	76
Map Script: Prod Balancing X: 	43	Y: 	76	Turned the tile to a Grassland Hill
Map Script: 丘陵补贴 start sPlayerLeaderName:	LEADER_CLEOPATRA_ALT
Map Script: Evaluate Start X: 	44	Evaluate Start Y: 	78	Total mountain: 	2	Total water: 	0	Total snow: 	0	Total desert: 	0	Total hill	10	Immediate Food: 	11.3	Immediate Prod: 	10.2	Immediate Culture: 	0	Immediate Faith: 	0	Floodplains	6	Best_tile	5	Best_tile_2	5	Plains Tiles	5
Map Script: civAddHillTeamPVP majList.hill:	9
Map Script: successCount:	3
Map Script: functionCount:	14
Map Script: majList[i].leader:	LEADER_HAMMURABI
Map Script: 丘陵补贴 start sPlayerLeaderName:	LEADER_HAMMURABI
Map Script: Evaluate Start X: 	75	Evaluate Start Y: 	49	Total mountain: 	3	Total water: 	0	Total snow: 	0	Total desert: 	0	Total hill	11	Immediate Food: 	7.8	Immediate Prod: 	7.4	Immediate Culture: 	2	Immediate Faith: 	0	Floodplains	2	Best_tile	6.5	Best_tile_2	5	Plains Tiles	3
Map Script: civAddHillTeamPVP majList.hill:	11
Map Script: successCount:	0
Map Script: functionCount:	0
Map Script: majList[i].leader:	LEADER_CHANDRAGUPTA
Map Script: 丘陵补贴 start sPlayerLeaderName:	LEADER_CHANDRAGUPTA
Map Script: Evaluate Start X: 	69	Evaluate Start Y: 	61	Total mountain: 	5	Total water: 	0	Total snow: 	0	Total desert: 	0	Total hill	7	Immediate Food: 	1.1	Immediate Prod: 	3.3	Immediate Culture: 	1	Immediate Faith: 	0	Floodplains	2	Best_tile	4	Best_tile_2	3.5	Plains Tiles	17
Map Script: civAddHillTeamPVP majList.hill:	6
Map Script: Prod Balancing X: 	70	Y: 	60	Turned the tile to a Plain Hill
Map Script: 丘陵补贴 start sPlayerLeaderName:	LEADER_CHANDRAGUPTA
Map Script: Evaluate Start X: 	69	Evaluate Start Y: 	61	Total mountain: 	5	Total water: 	0	Total snow: 	0	Total desert: 	0	Total hill	8	Immediate Food: 	1.1	Immediate Prod: 	3.3	Immediate Culture: 	1	Immediate Faith: 	0	Floodplains	2	Best_tile	4	Best_tile_2	3.5	Plains Tiles	17
Map Script: civAddHillTeamPVP majList.hill:	7
Map Script: Prod Balancing X: 	68	Y: 	61	Turned the tile to a Plain Hill
Map Script: 丘陵补贴 start sPlayerLeaderName:	LEADER_CHANDRAGUPTA
Map Script: Evaluate Start X: 	69	Evaluate Start Y: 	61	Total mountain: 	5	Total water: 	0	Total snow: 	0	Total desert: 	0	Total hill	9	Immediate Food: 	3.1	Immediate Prod: 	5.3	Immediate Culture: 	1	Immediate Faith: 	0	Floodplains	2	Best_tile	5	Best_tile_2	4	Plains Tiles	17
Map Script: civAddHillTeamPVP majList.hill:	8
Map Script: Prod Balancing X: 	68	Y: 	62	Turned the tile to a Plain Hill
Map Script: 丘陵补贴 start sPlayerLeaderName:	LEADER_CHANDRAGUPTA
Map Script: Evaluate Start X: 	69	Evaluate Start Y: 	61	Total mountain: 	5	Total water: 	0	Total snow: 	0	Total desert: 	0	Total hill	10	Immediate Food: 	3.1	Immediate Prod: 	5.3	Immediate Culture: 	1	Immediate Faith: 	0	Floodplains	2	Best_tile	5	Best_tile_2	4	Plains Tiles	17
Map Script: civAddHillTeamPVP majList.hill:	9
Map Script: successCount:	3
Map Script: functionCount:	3
Map Script: majList[i].leader:	LEADER_MANSA_MUSA
Map Script: 丘陵补贴 start sPlayerLeaderName:	LEADER_MANSA_MUSA
Map Script: Evaluate Start X: 	75	Evaluate Start Y: 	37	Total mountain: 	2	Total water: 	0	Total snow: 	0	Total desert: 	34	Total hill	5	Immediate Food: 	0	Immediate Prod: 	0	Immediate Culture: 	0	Immediate Faith: 	0	Floodplains	10	Best_tile	2	Best_tile_2	2	Plains Tiles	0
Map Script: civAddHillTeamPVP majList.hill:	5
Map Script: Prod Balancing X: 	74	Y: 	39	Turned the tile to a Desert Hill
Map Script: 丘陵补贴 start sPlayerLeaderName:	LEADER_MANSA_MUSA
Map Script: Evaluate Start X: 	75	Evaluate Start Y: 	37	Total mountain: 	2	Total water: 	0	Total snow: 	0	Total desert: 	34	Total hill	6	Immediate Food: 	0	Immediate Prod: 	0	Immediate Culture: 	0	Immediate Faith: 	0	Floodplains	10	Best_tile	2	Best_tile_2	2	Plains Tiles	0
Map Script: civAddHillTeamPVP majList.hill:	6
Map Script: Hill balancing: Couldn't add Prod Bonus
Map Script: 丘陵补贴 start sPlayerLeaderName:	LEADER_MANSA_MUSA
Map Script: Evaluate Start X: 	75	Evaluate Start Y: 	37	Total mountain: 	2	Total water: 	0	Total snow: 	0	Total desert: 	34	Total hill	6	Immediate Food: 	0	Immediate Prod: 	0	Immediate Culture: 	0	Immediate Faith: 	0	Floodplains	10	Best_tile	2	Best_tile_2	2	Plains Tiles	0
Map Script: civAddHillTeamPVP majList.hill:	6
Map Script: Hill balancing: Couldn't add Prod Bonus
Map Script: 丘陵补贴 start sPlayerLeaderName:	LEADER_MANSA_MUSA
Map Script: Evaluate Start X: 	75	Evaluate Start Y: 	37	Total mountain: 	2	Total water: 	0	Total snow: 	0	Total desert: 	34	Total hill	6	Immediate Food: 	0	Immediate Prod: 	0	Immediate Culture: 	0	Immediate Faith: 	0	Floodplains	10	Best_tile	2	Best_tile_2	2	Plains Tiles	0
Map Script: civAddHillTeamPVP majList.hill:	6
Map Script: Hill balancing: Couldn't add Prod Bonus
Map Script: 丘陵补贴 start sPlayerLeaderName:	LEADER_MANSA_MUSA
Map Script: Evaluate Start X: 	75	Evaluate Start Y: 	37	Total mountain: 	2	Total water: 	0	Total snow: 	0	Total desert: 	34	Total hill	6	Immediate Food: 	0	Immediate Prod: 	0	Immediate Culture: 	0	Immediate Faith: 	0	Floodplains	10	Best_tile	2	Best_tile_2	2	Plains Tiles	0
Map Script: civAddHillTeamPVP majList.hill:	6
Map Script: Hill balancing: Couldn't add Prod Bonus
Map Script: 丘陵补贴 start sPlayerLeaderName:	LEADER_MANSA_MUSA
Map Script: Evaluate Start X: 	75	Evaluate Start Y: 	37	Total mountain: 	2	Total water: 	0	Total snow: 	0	Total desert: 	34	Total hill	6	Immediate Food: 	0	Immediate Prod: 	0	Immediate Culture: 	0	Immediate Faith: 	0	Floodplains	10	Best_tile	2	Best_tile_2	2	Plains Tiles	0
Map Script: civAddHillTeamPVP majList.hill:	6
Map Script: Hill balancing: Couldn't add Prod Bonus
Map Script: 丘陵补贴 start sPlayerLeaderName:	LEADER_MANSA_MUSA
Map Script: Evaluate Start X: 	75	Evaluate Start Y: 	37	Total mountain: 	2	Total water: 	0	Total snow: 	0	Total desert: 	34	Total hill	6	Immediate Food: 	0	Immediate Prod: 	0	Immediate Culture: 	0	Immediate Faith: 	0	Floodplains	10	Best_tile	2	Best_tile_2	2	Plains Tiles	0
Map Script: civAddHillTeamPVP majList.hill:	6
Map Script: Hill balancing: Couldn't add Prod Bonus
Map Script: 丘陵补贴 start sPlayerLeaderName:	LEADER_MANSA_MUSA
Map Script: Evaluate Start X: 	75	Evaluate Start Y: 	37	Total mountain: 	2	Total water: 	0	Total snow: 	0	Total desert: 	34	Total hill	6	Immediate Food: 	0	Immediate Prod: 	0	Immediate Culture: 	0	Immediate Faith: 	0	Floodplains	10	Best_tile	2	Best_tile_2	2	Plains Tiles	0
Map Script: civAddHillTeamPVP majList.hill:	6
Map Script: Hill balancing: Couldn't add Prod Bonus
Map Script: 丘陵补贴 start sPlayerLeaderName:	LEADER_MANSA_MUSA
Map Script: Evaluate Start X: 	75	Evaluate Start Y: 	37	Total mountain: 	2	Total water: 	0	Total snow: 	0	Total desert: 	34	Total hill	6	Immediate Food: 	0	Immediate Prod: 	0	Immediate Culture: 	0	Immediate Faith: 	0	Floodplains	10	Best_tile	2	Best_tile_2	2	Plains Tiles	0
Map Script: civAddHillTeamPVP majList.hill:	6
Map Script: Hill balancing: Couldn't add Prod Bonus
Map Script: 丘陵补贴 start sPlayerLeaderName:	LEADER_MANSA_MUSA
Map Script: Evaluate Start X: 	75	Evaluate Start Y: 	37	Total mountain: 	2	Total water: 	0	Total snow: 	0	Total desert: 	34	Total hill	6	Immediate Food: 	0	Immediate Prod: 	0	Immediate Culture: 	0	Immediate Faith: 	0	Floodplains	10	Best_tile	2	Best_tile_2	2	Plains Tiles	0
Map Script: civAddHillTeamPVP majList.hill:	6
Map Script: Hill balancing: Couldn't add Prod Bonus
Map Script: 丘陵补贴 start sPlayerLeaderName:	LEADER_MANSA_MUSA
Map Script: Evaluate Start X: 	75	Evaluate Start Y: 	37	Total mountain: 	2	Total water: 	0	Total snow: 	0	Total desert: 	34	Total hill	6	Immediate Food: 	0	Immediate Prod: 	0	Immediate Culture: 	0	Immediate Faith: 	0	Floodplains	10	Best_tile	2	Best_tile_2	2	Plains Tiles	0
Map Script: civAddHillTeamPVP majList.hill:	6
Map Script: Hill balancing: Couldn't add Prod Bonus
Map Script: 丘陵补贴 start sPlayerLeaderName:	LEADER_MANSA_MUSA
Map Script: Evaluate Start X: 	75	Evaluate Start Y: 	37	Total mountain: 	2	Total water: 	0	Total snow: 	0	Total desert: 	34	Total hill	6	Immediate Food: 	0	Immediate Prod: 	0	Immediate Culture: 	0	Immediate Faith: 	0	Floodplains	10	Best_tile	2	Best_tile_2	2	Plains Tiles	0
Map Script: civAddHillTeamPVP majList.hill:	6
Map Script: Hill balancing: Couldn't add Prod Bonus
Map Script: 丘陵补贴 start sPlayerLeaderName:	LEADER_MANSA_MUSA
Map Script: Evaluate Start X: 	75	Evaluate Start Y: 	37	Total mountain: 	2	Total water: 	0	Total snow: 	0	Total desert: 	34	Total hill	6	Immediate Food: 	0	Immediate Prod: 	0	Immediate Culture: 	0	Immediate Faith: 	0	Floodplains	10	Best_tile	2	Best_tile_2	2	Plains Tiles	0
Map Script: civAddHillTeamPVP majList.hill:	6
Map Script: Hill balancing: Couldn't add Prod Bonus
Map Script: 丘陵补贴 start sPlayerLeaderName:	LEADER_MANSA_MUSA
Map Script: Evaluate Start X: 	75	Evaluate Start Y: 	37	Total mountain: 	2	Total water: 	0	Total snow: 	0	Total desert: 	34	Total hill	6	Immediate Food: 	0	Immediate Prod: 	0	Immediate Culture: 	0	Immediate Faith: 	0	Floodplains	10	Best_tile	2	Best_tile_2	2	Plains Tiles	0
Map Script: civAddHillTeamPVP majList.hill:	6
Map Script: Hill balancing: Couldn't add Prod Bonus
Map Script: 丘陵补贴 start sPlayerLeaderName:	LEADER_MANSA_MUSA
Map Script: Evaluate Start X: 	75	Evaluate Start Y: 	37	Total mountain: 	2	Total water: 	0	Total snow: 	0	Total desert: 	34	Total hill	6	Immediate Food: 	0	Immediate Prod: 	0	Immediate Culture: 	0	Immediate Faith: 	0	Floodplains	10	Best_tile	2	Best_tile_2	2	Plains Tiles	0
Map Script: civAddHillTeamPVP majList.hill:	6
Map Script: Hill balancing: Couldn't add Prod Bonus
Map Script: 丘陵补贴 start sPlayerLeaderName:	LEADER_MANSA_MUSA
Map Script: Evaluate Start X: 	75	Evaluate Start Y: 	37	Total mountain: 	2	Total water: 	0	Total snow: 	0	Total desert: 	34	Total hill	6	Immediate Food: 	0	Immediate Prod: 	0	Immediate Culture: 	0	Immediate Faith: 	0	Floodplains	10	Best_tile	2	Best_tile_2	2	Plains Tiles	0
Map Script: civAddHillTeamPVP majList.hill:	6
Map Script: Hill balancing: Couldn't add Prod Bonus
Map Script: 丘陵补贴 start sPlayerLeaderName:	LEADER_MANSA_MUSA
Map Script: Evaluate Start X: 	75	Evaluate Start Y: 	37	Total mountain: 	2	Total water: 	0	Total snow: 	0	Total desert: 	34	Total hill	6	Immediate Food: 	0	Immediate Prod: 	0	Immediate Culture: 	0	Immediate Faith: 	0	Floodplains	10	Best_tile	2	Best_tile_2	2	Plains Tiles	0
Map Script: civAddHillTeamPVP majList.hill:	6
Map Script: Hill balancing: Couldn't add Prod Bonus
Map Script: 丘陵补贴 start sPlayerLeaderName:	LEADER_MANSA_MUSA
Map Script: Evaluate Start X: 	75	Evaluate Start Y: 	37	Total mountain: 	2	Total water: 	0	Total snow: 	0	Total desert: 	34	Total hill	6	Immediate Food: 	0	Immediate Prod: 	0	Immediate Culture: 	0	Immediate Faith: 	0	Floodplains	10	Best_tile	2	Best_tile_2	2	Plains Tiles	0
Map Script: civAddHillTeamPVP majList.hill:	6
Map Script: Hill balancing: Couldn't add Prod Bonus
Map Script: 丘陵补贴 start sPlayerLeaderName:	LEADER_MANSA_MUSA
Map Script: Evaluate Start X: 	75	Evaluate Start Y: 	37	Total mountain: 	2	Total water: 	0	Total snow: 	0	Total desert: 	34	Total hill	6	Immediate Food: 	0	Immediate Prod: 	0	Immediate Culture: 	0	Immediate Faith: 	0	Floodplains	10	Best_tile	2	Best_tile_2	2	Plains Tiles	0
Map Script: civAddHillTeamPVP majList.hill:	6
Map Script: Hill balancing: Couldn't add Prod Bonus
Map Script: 丘陵补贴 start sPlayerLeaderName:	LEADER_MANSA_MUSA
Map Script: Evaluate Start X: 	75	Evaluate Start Y: 	37	Total mountain: 	2	Total water: 	0	Total snow: 	0	Total desert: 	34	Total hill	6	Immediate Food: 	0	Immediate Prod: 	0	Immediate Culture: 	0	Immediate Faith: 	0	Floodplains	10	Best_tile	2	Best_tile_2	2	Plains Tiles	0
Map Script: civAddHillTeamPVP majList.hill:	6
Map Script: Hill balancing: Couldn't add Prod Bonus
Map Script: 丘陵补贴 start sPlayerLeaderName:	LEADER_MANSA_MUSA
Map Script: Evaluate Start X: 	75	Evaluate Start Y: 	37	Total mountain: 	2	Total water: 	0	Total snow: 	0	Total desert: 	34	Total hill	6	Immediate Food: 	0	Immediate Prod: 	0	Immediate Culture: 	0	Immediate Faith: 	0	Floodplains	10	Best_tile	2	Best_tile_2	2	Plains Tiles	0
Map Script: civAddHillTeamPVP majList.hill:	6
Map Script: Hill balancing: Couldn't add Prod Bonus
Map Script: functionCount:	21
Map Script: majList[i].leader:	LEADER_AMANITORE
Map Script: 丘陵补贴 start sPlayerLeaderName:	LEADER_AMANITORE
Map Script: Evaluate Start X: 	52	Evaluate Start Y: 	16	Total mountain: 	2	Total water: 	0	Total snow: 	0	Total desert: 	0	Total hill	14	Immediate Food: 	9.7	Immediate Prod: 	9	Immediate Culture: 	0	Immediate Faith: 	0	Floodplains	0	Best_tile	6	Best_tile_2	5	Plains Tiles	7
Map Script: civAddHillTeamPVP majList.hill:	13
Map Script: successCount:	0
Map Script: functionCount:	0
Map Script: majList[i].leader:	LEADER_ALEXANDER
Map Script: 丘陵补贴 start sPlayerLeaderName:	LEADER_ALEXANDER
Map Script: Evaluate Start X: 	26	Evaluate Start Y: 	70	Total mountain: 	2	Total water: 	0	Total snow: 	0	Total desert: 	0	Total hill	6	Immediate Food: 	0.1	Immediate Prod: 	0.5	Immediate Culture: 	0	Immediate Faith: 	0	Floodplains	2	Best_tile	3.5	Best_tile_2	2.5	Plains Tiles	14
Map Script: civAddHillTeamPVP majList.hill:	6
Map Script: Prod Balancing X: 	26	Y: 	71	Turned the tile to a Plain Hill
Map Script: 丘陵补贴 start sPlayerLeaderName:	LEADER_ALEXANDER
Map Script: Evaluate Start X: 	26	Evaluate Start Y: 	70	Total mountain: 	2	Total water: 	0	Total snow: 	0	Total desert: 	0	Total hill	7	Immediate Food: 	0.1	Immediate Prod: 	0.5	Immediate Culture: 	0	Immediate Faith: 	0	Floodplains	2	Best_tile	3.5	Best_tile_2	2.5	Plains Tiles	14
Map Script: civAddHillTeamPVP majList.hill:	7
Map Script: Prod Balancing X: 	25	Y: 	69	Turned the tile to a Plain Hill
Map Script: 丘陵补贴 start sPlayerLeaderName:	LEADER_ALEXANDER
Map Script: Evaluate Start X: 	26	Evaluate Start Y: 	70	Total mountain: 	2	Total water: 	0	Total snow: 	0	Total desert: 	0	Total hill	8	Immediate Food: 	0.1	Immediate Prod: 	0.5	Immediate Culture: 	0	Immediate Faith: 	0	Floodplains	2	Best_tile	3.5	Best_tile_2	2.5	Plains Tiles	14
Map Script: civAddHillTeamPVP majList.hill:	8
Map Script: Prod Balancing X: 	25	Y: 	72	Turned the tile to a Plain Hill
Map Script: 丘陵补贴 start sPlayerLeaderName:	LEADER_ALEXANDER
Map Script: Evaluate Start X: 	26	Evaluate Start Y: 	70	Total mountain: 	2	Total water: 	0	Total snow: 	0	Total desert: 	0	Total hill	9	Immediate Food: 	0.1	Immediate Prod: 	0.5	Immediate Culture: 	0	Immediate Faith: 	0	Floodplains	2	Best_tile	3.5	Best_tile_2	2.5	Plains Tiles	14
Map Script: civAddHillTeamPVP majList.hill:	9
Map Script: Hill balancing: Couldn't add Prod Bonus
Map Script: 丘陵补贴 start sPlayerLeaderName:	LEADER_ALEXANDER
Map Script: Evaluate Start X: 	26	Evaluate Start Y: 	70	Total mountain: 	2	Total water: 	0	Total snow: 	0	Total desert: 	0	Total hill	9	Immediate Food: 	0.1	Immediate Prod: 	0.5	Immediate Culture: 	0	Immediate Faith: 	0	Floodplains	2	Best_tile	3.5	Best_tile_2	2.5	Plains Tiles	14
Map Script: civAddHillTeamPVP majList.hill:	9
Map Script: Hill balancing: Couldn't add Prod Bonus
Map Script: 丘陵补贴 start sPlayerLeaderName:	LEADER_ALEXANDER
Map Script: Evaluate Start X: 	26	Evaluate Start Y: 	70	Total mountain: 	2	Total water: 	0	Total snow: 	0	Total desert: 	0	Total hill	9	Immediate Food: 	0.1	Immediate Prod: 	0.5	Immediate Culture: 	0	Immediate Faith: 	0	Floodplains	2	Best_tile	3.5	Best_tile_2	2.5	Plains Tiles	14
Map Script: civAddHillTeamPVP majList.hill:	9
Map Script: Hill balancing: Couldn't add Prod Bonus
Map Script: 丘陵补贴 start sPlayerLeaderName:	LEADER_ALEXANDER
Map Script: Evaluate Start X: 	26	Evaluate Start Y: 	70	Total mountain: 	2	Total water: 	0	Total snow: 	0	Total desert: 	0	Total hill	9	Immediate Food: 	0.1	Immediate Prod: 	0.5	Immediate Culture: 	0	Immediate Faith: 	0	Floodplains	2	Best_tile	3.5	Best_tile_2	2.5	Plains Tiles	14
Map Script: civAddHillTeamPVP majList.hill:	9
Map Script: Hill balancing: Couldn't add Prod Bonus
Map Script: 丘陵补贴 start sPlayerLeaderName:	LEADER_ALEXANDER
Map Script: Evaluate Start X: 	26	Evaluate Start Y: 	70	Total mountain: 	2	Total water: 	0	Total snow: 	0	Total desert: 	0	Total hill	9	Immediate Food: 	0.1	Immediate Prod: 	0.5	Immediate Culture: 	0	Immediate Faith: 	0	Floodplains	2	Best_tile	3.5	Best_tile_2	2.5	Plains Tiles	14
Map Script: civAddHillTeamPVP majList.hill:	9
Map Script: Hill balancing: Couldn't add Prod Bonus
Map Script: 丘陵补贴 start sPlayerLeaderName:	LEADER_ALEXANDER
Map Script: Evaluate Start X: 	26	Evaluate Start Y: 	70	Total mountain: 	2	Total water: 	0	Total snow: 	0	Total desert: 	0	Total hill	9	Immediate Food: 	0.1	Immediate Prod: 	0.5	Immediate Culture: 	0	Immediate Faith: 	0	Floodplains	2	Best_tile	3.5	Best_tile_2	2.5	Plains Tiles	14
Map Script: civAddHillTeamPVP majList.hill:	9
Map Script: Hill balancing: Couldn't add Prod Bonus
Map Script: 丘陵补贴 start sPlayerLeaderName:	LEADER_ALEXANDER
Map Script: Evaluate Start X: 	26	Evaluate Start Y: 	70	Total mountain: 	2	Total water: 	0	Total snow: 	0	Total desert: 	0	Total hill	9	Immediate Food: 	0.1	Immediate Prod: 	0.5	Immediate Culture: 	0	Immediate Faith: 	0	Floodplains	2	Best_tile	3.5	Best_tile_2	2.5	Plains Tiles	14
Map Script: civAddHillTeamPVP majList.hill:	9
Map Script: Hill balancing: Couldn't add Prod Bonus
Map Script: 丘陵补贴 start sPlayerLeaderName:	LEADER_ALEXANDER
Map Script: Evaluate Start X: 	26	Evaluate Start Y: 	70	Total mountain: 	2	Total water: 	0	Total snow: 	0	Total desert: 	0	Total hill	9	Immediate Food: 	0.1	Immediate Prod: 	0.5	Immediate Culture: 	0	Immediate Faith: 	0	Floodplains	2	Best_tile	3.5	Best_tile_2	2.5	Plains Tiles	14
Map Script: civAddHillTeamPVP majList.hill:	9
Map Script: Hill balancing: Couldn't add Prod Bonus
Map Script: 丘陵补贴 start sPlayerLeaderName:	LEADER_ALEXANDER
Map Script: Evaluate Start X: 	26	Evaluate Start Y: 	70	Total mountain: 	2	Total water: 	0	Total snow: 	0	Total desert: 	0	Total hill	9	Immediate Food: 	0.1	Immediate Prod: 	0.5	Immediate Culture: 	0	Immediate Faith: 	0	Floodplains	2	Best_tile	3.5	Best_tile_2	2.5	Plains Tiles	14
Map Script: civAddHillTeamPVP majList.hill:	9
Map Script: Hill balancing: Couldn't add Prod Bonus
Map Script: 丘陵补贴 start sPlayerLeaderName:	LEADER_ALEXANDER
Map Script: Evaluate Start X: 	26	Evaluate Start Y: 	70	Total mountain: 	2	Total water: 	0	Total snow: 	0	Total desert: 	0	Total hill	9	Immediate Food: 	0.1	Immediate Prod: 	0.5	Immediate Culture: 	0	Immediate Faith: 	0	Floodplains	2	Best_tile	3.5	Best_tile_2	2.5	Plains Tiles	14
Map Script: civAddHillTeamPVP majList.hill:	9
Map Script: civAddHillTeamPVP IsDeleteResource true Get	27	:	70
Map Script: Prod Balancing X: 	27	Y: 	70	Turned the tile to a Plain Hill
Map Script: 丘陵补贴 start sPlayerLeaderName:	LEADER_ALEXANDER
Map Script: Evaluate Start X: 	26	Evaluate Start Y: 	70	Total mountain: 	2	Total water: 	0	Total snow: 	0	Total desert: 	0	Total hill	10	Immediate Food: 	0.1	Immediate Prod: 	0.5	Immediate Culture: 	0	Immediate Faith: 	0	Floodplains	2	Best_tile	2.5	Best_tile_2	2.5	Plains Tiles	14
Map Script: civAddHillTeamPVP majList.hill:	10
Map Script: successCount:	4
Map Script: functionCount:	13
Map Script: majList[i].leader:	LEADER_PEDRO
Map Script: 丘陵补贴 start sPlayerLeaderName:	LEADER_PEDRO
Map Script: Evaluate Start X: 	13	Evaluate Start Y: 	58	Total mountain: 	2	Total water: 	0	Total snow: 	0	Total desert: 	1	Total hill	6	Immediate Food: 	3.4	Immediate Prod: 	2.7	Immediate Culture: 	0	Immediate Faith: 	0	Floodplains	2	Best_tile	6	Best_tile_2	3.5	Plains Tiles	9
Map Script: civAddHillTeamPVP majList.hill:	6
Map Script: Prod Balancing X: 	13	Y: 	59	Turned the tile to a Grassland Hill
Map Script: 丘陵补贴 start sPlayerLeaderName:	LEADER_PEDRO
Map Script: Evaluate Start X: 	13	Evaluate Start Y: 	58	Total mountain: 	2	Total water: 	0	Total snow: 	0	Total desert: 	1	Total hill	7	Immediate Food: 	3.4	Immediate Prod: 	2.7	Immediate Culture: 	0	Immediate Faith: 	0	Floodplains	2	Best_tile	6	Best_tile_2	3.5	Plains Tiles	9
Map Script: civAddHillTeamPVP majList.hill:	7
Map Script: Prod Balancing X: 	12	Y: 	57	Turned the tile to a Grassland Hill
Map Script: 丘陵补贴 start sPlayerLeaderName:	LEADER_PEDRO
Map Script: Evaluate Start X: 	13	Evaluate Start Y: 	58	Total mountain: 	2	Total water: 	0	Total snow: 	0	Total desert: 	1	Total hill	8	Immediate Food: 	3.4	Immediate Prod: 	2.7	Immediate Culture: 	0	Immediate Faith: 	0	Floodplains	2	Best_tile	6	Best_tile_2	3.5	Plains Tiles	9
Map Script: civAddHillTeamPVP majList.hill:	8
Map Script: Prod Balancing X: 	12	Y: 	58	Turned the tile to a Plain Hill
Map Script: 丘陵补贴 start sPlayerLeaderName:	LEADER_PEDRO
Map Script: Evaluate Start X: 	13	Evaluate Start Y: 	58	Total mountain: 	2	Total water: 	0	Total snow: 	0	Total desert: 	1	Total hill	9	Immediate Food: 	5.4	Immediate Prod: 	4.7	Immediate Culture: 	0	Immediate Faith: 	0	Floodplains	2	Best_tile	6	Best_tile_2	5	Plains Tiles	9
Map Script: civAddHillTeamPVP majList.hill:	9
Map Script: successCount:	3
Map Script: functionCount:	3
Map Script: majList[i].leader:	LEADER_BARBAROSSA
Map Script: 丘陵补贴 start sPlayerLeaderName:	LEADER_BARBAROSSA
Map Script: Evaluate Start X: 	12	Evaluate Start Y: 	44	Total mountain: 	5	Total water: 	0	Total snow: 	0	Total desert: 	0	Total hill	5	Immediate Food: 	4.2	Immediate Prod: 	5.3	Immediate Culture: 	0	Immediate Faith: 	0	Floodplains	3	Best_tile	6.5	Best_tile_2	3.5	Plains Tiles	3
Map Script: civAddHillTeamPVP majList.hill:	4
Map Script: Prod Balancing X: 	12	Y: 	43	Turned the tile to a Plain Hill
Map Script: 丘陵补贴 start sPlayerLeaderName:	LEADER_BARBAROSSA
Map Script: Evaluate Start X: 	12	Evaluate Start Y: 	44	Total mountain: 	5	Total water: 	0	Total snow: 	0	Total desert: 	0	Total hill	6	Immediate Food: 	6.2	Immediate Prod: 	7.3	Immediate Culture: 	0	Immediate Faith: 	0	Floodplains	3	Best_tile	6.5	Best_tile_2	5	Plains Tiles	3
Map Script: civAddHillTeamPVP majList.hill:	5
Map Script: Prod Balancing X: 	12	Y: 	42	Turned the tile to a Plain Hill
Map Script: 丘陵补贴 start sPlayerLeaderName:	LEADER_BARBAROSSA
Map Script: Evaluate Start X: 	12	Evaluate Start Y: 	44	Total mountain: 	5	Total water: 	0	Total snow: 	0	Total desert: 	0	Total hill	7	Immediate Food: 	6.2	Immediate Prod: 	7.3	Immediate Culture: 	0	Immediate Faith: 	0	Floodplains	3	Best_tile	6.5	Best_tile_2	5	Plains Tiles	3
Map Script: civAddHillTeamPVP majList.hill:	6
Map Script: Hill balancing: Couldn't add Prod Bonus
Map Script: 丘陵补贴 start sPlayerLeaderName:	LEADER_BARBAROSSA
Map Script: Evaluate Start X: 	12	Evaluate Start Y: 	44	Total mountain: 	5	Total water: 	0	Total snow: 	0	Total desert: 	0	Total hill	7	Immediate Food: 	6.2	Immediate Prod: 	7.3	Immediate Culture: 	0	Immediate Faith: 	0	Floodplains	3	Best_tile	6.5	Best_tile_2	5	Plains Tiles	3
Map Script: civAddHillTeamPVP majList.hill:	6
Map Script: Hill balancing: Couldn't add Prod Bonus
Map Script: 丘陵补贴 start sPlayerLeaderName:	LEADER_BARBAROSSA
Map Script: Evaluate Start X: 	12	Evaluate Start Y: 	44	Total mountain: 	5	Total water: 	0	Total snow: 	0	Total desert: 	0	Total hill	7	Immediate Food: 	6.2	Immediate Prod: 	7.3	Immediate Culture: 	0	Immediate Faith: 	0	Floodplains	3	Best_tile	6.5	Best_tile_2	5	Plains Tiles	3
Map Script: civAddHillTeamPVP majList.hill:	6
Map Script: Hill balancing: Couldn't add Prod Bonus
Map Script: 丘陵补贴 start sPlayerLeaderName:	LEADER_BARBAROSSA
Map Script: Evaluate Start X: 	12	Evaluate Start Y: 	44	Total mountain: 	5	Total water: 	0	Total snow: 	0	Total desert: 	0	Total hill	7	Immediate Food: 	6.2	Immediate Prod: 	7.3	Immediate Culture: 	0	Immediate Faith: 	0	Floodplains	3	Best_tile	6.5	Best_tile_2	5	Plains Tiles	3
Map Script: civAddHillTeamPVP majList.hill:	6
Map Script: Hill balancing: Couldn't add Prod Bonus
Map Script: 丘陵补贴 start sPlayerLeaderName:	LEADER_BARBAROSSA
Map Script: Evaluate Start X: 	12	Evaluate Start Y: 	44	Total mountain: 	5	Total water: 	0	Total snow: 	0	Total desert: 	0	Total hill	7	Immediate Food: 	6.2	Immediate Prod: 	7.3	Immediate Culture: 	0	Immediate Faith: 	0	Floodplains	3	Best_tile	6.5	Best_tile_2	5	Plains Tiles	3
Map Script: civAddHillTeamPVP majList.hill:	6
Map Script: Hill balancing: Couldn't add Prod Bonus
Map Script: 丘陵补贴 start sPlayerLeaderName:	LEADER_BARBAROSSA
Map Script: Evaluate Start X: 	12	Evaluate Start Y: 	44	Total mountain: 	5	Total water: 	0	Total snow: 	0	Total desert: 	0	Total hill	7	Immediate Food: 	6.2	Immediate Prod: 	7.3	Immediate Culture: 	0	Immediate Faith: 	0	Floodplains	3	Best_tile	6.5	Best_tile_2	5	Plains Tiles	3
Map Script: civAddHillTeamPVP majList.hill:	6
Map Script: Hill balancing: Couldn't add Prod Bonus
Map Script: 丘陵补贴 start sPlayerLeaderName:	LEADER_BARBAROSSA
Map Script: Evaluate Start X: 	12	Evaluate Start Y: 	44	Total mountain: 	5	Total water: 	0	Total snow: 	0	Total desert: 	0	Total hill	7	Immediate Food: 	6.2	Immediate Prod: 	7.3	Immediate Culture: 	0	Immediate Faith: 	0	Floodplains	3	Best_tile	6.5	Best_tile_2	5	Plains Tiles	3
Map Script: civAddHillTeamPVP majList.hill:	6
Map Script: Hill balancing: Couldn't add Prod Bonus
Map Script: 丘陵补贴 start sPlayerLeaderName:	LEADER_BARBAROSSA
Map Script: Evaluate Start X: 	12	Evaluate Start Y: 	44	Total mountain: 	5	Total water: 	0	Total snow: 	0	Total desert: 	0	Total hill	7	Immediate Food: 	6.2	Immediate Prod: 	7.3	Immediate Culture: 	0	Immediate Faith: 	0	Floodplains	3	Best_tile	6.5	Best_tile_2	5	Plains Tiles	3
Map Script: civAddHillTeamPVP majList.hill:	6
Map Script: Hill balancing: Couldn't add Prod Bonus
Map Script: 丘陵补贴 start sPlayerLeaderName:	LEADER_BARBAROSSA
Map Script: Evaluate Start X: 	12	Evaluate Start Y: 	44	Total mountain: 	5	Total water: 	0	Total snow: 	0	Total desert: 	0	Total hill	7	Immediate Food: 	6.2	Immediate Prod: 	7.3	Immediate Culture: 	0	Immediate Faith: 	0	Floodplains	3	Best_tile	6.5	Best_tile_2	5	Plains Tiles	3
Map Script: civAddHillTeamPVP majList.hill:	6
Map Script: Hill balancing: Couldn't add Prod Bonus
Map Script: 丘陵补贴 start sPlayerLeaderName:	LEADER_BARBAROSSA
Map Script: Evaluate Start X: 	12	Evaluate Start Y: 	44	Total mountain: 	5	Total water: 	0	Total snow: 	0	Total desert: 	0	Total hill	7	Immediate Food: 	6.2	Immediate Prod: 	7.3	Immediate Culture: 	0	Immediate Faith: 	0	Floodplains	3	Best_tile	6.5	Best_tile_2	5	Plains Tiles	3
Map Script: civAddHillTeamPVP majList.hill:	6
Map Script: Hill balancing: Couldn't add Prod Bonus
Map Script: 丘陵补贴 start sPlayerLeaderName:	LEADER_BARBAROSSA
Map Script: Evaluate Start X: 	12	Evaluate Start Y: 	44	Total mountain: 	5	Total water: 	0	Total snow: 	0	Total desert: 	0	Total hill	7	Immediate Food: 	6.2	Immediate Prod: 	7.3	Immediate Culture: 	0	Immediate Faith: 	0	Floodplains	3	Best_tile	6.5	Best_tile_2	5	Plains Tiles	3
Map Script: civAddHillTeamPVP majList.hill:	6
Map Script: civAddHillTeamPVP IsDeleteResource true Get	11	:	45
Map Script: Prod Balancing X: 	11	Y: 	45	Turned the tile to a Grassland Hill
Map Script: 丘陵补贴 start sPlayerLeaderName:	LEADER_BARBAROSSA
Map Script: Evaluate Start X: 	12	Evaluate Start Y: 	44	Total mountain: 	5	Total water: 	0	Total snow: 	0	Total desert: 	0	Total hill	8	Immediate Food: 	6.2	Immediate Prod: 	7.3	Immediate Culture: 	0	Immediate Faith: 	0	Floodplains	3	Best_tile	6.5	Best_tile_2	5	Plains Tiles	3
Map Script: civAddHillTeamPVP majList.hill:	7
Map Script: civAddHillTeamPVP IsDeleteResource true Get	13	:	45
Map Script: Prod Balancing X: 	13	Y: 	45	Turned the tile to a Grassland Hill
Map Script: 丘陵补贴 start sPlayerLeaderName:	LEADER_BARBAROSSA
Map Script: Evaluate Start X: 	12	Evaluate Start Y: 	44	Total mountain: 	5	Total water: 	0	Total snow: 	0	Total desert: 	0	Total hill	9	Immediate Food: 	6.2	Immediate Prod: 	7.3	Immediate Culture: 	0	Immediate Faith: 	0	Floodplains	3	Best_tile	6.5	Best_tile_2	5	Plains Tiles	3
Map Script: civAddHillTeamPVP majList.hill:	8
Map Script: civAddHillTeamPVP IsDeleteResource true Get	13	:	43
Map Script: Prod Balancing X: 	13	Y: 	43	Turned the tile to a Grassland Hill
Map Script: 丘陵补贴 start sPlayerLeaderName:	LEADER_BARBAROSSA
Map Script: Evaluate Start X: 	12	Evaluate Start Y: 	44	Total mountain: 	5	Total water: 	0	Total snow: 	0	Total desert: 	0	Total hill	10	Immediate Food: 	6.2	Immediate Prod: 	7.3	Immediate Culture: 	0	Immediate Faith: 	0	Floodplains	3	Best_tile	6.5	Best_tile_2	5	Plains Tiles	3
Map Script: civAddHillTeamPVP majList.hill:	9
Map Script: civAddHillTeamPVP IsDeleteResource true Get	10	:	44
Map Script: Prod Balancing X: 	10	Y: 	44	Turned the tile to a Grassland Hill
Map Script: 丘陵补贴 start sPlayerLeaderName:	LEADER_BARBAROSSA
Map Script: Evaluate Start X: 	12	Evaluate Start Y: 	44	Total mountain: 	5	Total water: 	0	Total snow: 	0	Total desert: 	0	Total hill	11	Immediate Food: 	6.2	Immediate Prod: 	7.3	Immediate Culture: 	0	Immediate Faith: 	0	Floodplains	3	Best_tile	6.5	Best_tile_2	5	Plains Tiles	3
Map Script: civAddHillTeamPVP majList.hill:	10
Map Script: successCount:	6
Map Script: functionCount:	16
Map Script: majList[i].leader:	LEADER_LADY_TRIEU
Map Script: 丘陵补贴 start sPlayerLeaderName:	LEADER_LADY_TRIEU
Map Script: Evaluate Start X: 	25	Evaluate Start Y: 	16	Total mountain: 	4	Total water: 	1	Total snow: 	0	Total desert: 	0	Total hill	13	Immediate Food: 	7.1	Immediate Prod: 	14.4	Immediate Culture: 	1	Immediate Faith: 	1	Floodplains	0	Best_tile	5	Best_tile_2	4	Plains Tiles	11
Map Script: civAddHillTeamPVP majList.hill:	12
Map Script: successCount:	0
Map Script: functionCount:	0
Map Script: majList[i].leader:	LEADER_TRAJAN
Map Script: 丘陵补贴 start sPlayerLeaderName:	LEADER_TRAJAN
Map Script: Evaluate Start X: 	38	Evaluate Start Y: 	8	Total mountain: 	5	Total water: 	0	Total snow: 	0	Total desert: 	0	Total hill	10	Immediate Food: 	4.1	Immediate Prod: 	13.066666666667	Immediate Culture: 	0	Immediate Faith: 	0	Floodplains	3	Best_tile	4	Best_tile_2	3.5	Plains Tiles	16
Map Script: civAddHillTeamPVP majList.hill:	10
Map Script: successCount:	0
Map Script: functionCount:	0
Map Script: teamPVP start addRiceCount:	0
Map Script: teamPVP start addFoodSheepCount:	0
Map Script: teamPVP start resourcesFishCount:	0
Map Script: teamPVP start addJungleCount:	2
Map Script: teamPVP start addForestCount:	4
Map Script: teamPVP start addHuntCount:	0
Map Script: teamPVP start addBananaCount:	0
Map Script: Evaluate Start X: 	44	Evaluate Start Y: 	78	Total mountain: 	2	Total water: 	0	Total snow: 	0	Total desert: 	0	Total hill	10	Immediate Food: 	11.3	Immediate Prod: 	10.2	Immediate Culture: 	0	Immediate Faith: 	0	Floodplains	6	Best_tile	5	Best_tile_2	5	Plains Tiles	5
Map Script: teamPVP checkGetYield success
Map Script: OneRingFloors majList[i].leader:	LEADER_CLEOPATRA_ALT
Map Script: OneRingFloors functionCount:	0
Map Script: OneRingFloors successCount:	0
Map Script: OneRingFloors isMust:	false
Map Script: civAddFoodTeamPVP start sPlayerLeaderName:	LEADER_CLEOPATRA_ALT
Map Script: Evaluate Start X: 	44	Evaluate Start Y: 	78	Total mountain: 	2	Total water: 	0	Total snow: 	0	Total desert: 	0	Total hill	10	Immediate Food: 	11.3	Immediate Prod: 	10.2	Immediate Culture: 	0	Immediate Faith: 	0	Floodplains	6	Best_tile	5	Best_tile_2	5	Plains Tiles	5
Map Script: civAddFoodTeamPVP food_spawn_start:	5.65
Map Script: civAddFoodTeamPVP food_spawn_inner:	1.15
Map Script: civAddFoodTeamPVP minFood:	7
Map Script: Balancing X: 	42	Y: 	77	Added a Luxury:	17
Map Script: Food Balancing X: 	45	Food Balancing Y: 	76	Added: Sheep
Map Script: teamPVP addFoodSheepCount:	1
Map Script: civAddFoodTeamPVP start sPlayerLeaderName:	LEADER_CLEOPATRA_ALT
Map Script: Evaluate Start X: 	44	Evaluate Start Y: 	78	Total mountain: 	2	Total water: 	0	Total snow: 	0	Total desert: 	0	Total hill	10	Immediate Food: 	11.3	Immediate Prod: 	10.2	Immediate Culture: 	0	Immediate Faith: 	0	Floodplains	6	Best_tile	5	Best_tile_2	5	Plains Tiles	5
Map Script: civAddFoodTeamPVP food_spawn_start:	5.65
Map Script: civAddFoodTeamPVP food_spawn_inner:	2.15
Map Script: civAddFoodTeamPVP minFood:	7
Map Script: majList[i].leader:	LEADER_CLEOPATRA_ALT
Map Script: functionCount:	1
Map Script: successCount:	1
Map Script: Food balancing: Couldn't add Food Bonus
Map Script: AddBonusBind majList[i].leader:	LEADER_CLEOPATRA_ALT
Map Script: AddBonusBind functionCount:	1
Map Script: AddBonusBind successCount:	1
Map Script: teamPVP start addRiceCount:	1
Map Script: teamPVP start addFoodSheepCount:	0
Map Script: teamPVP start resourcesFishCount:	0
Map Script: teamPVP start addJungleCount:	3
Map Script: teamPVP start addForestCount:	9
Map Script: teamPVP start addHuntCount:	1
Map Script: teamPVP start addBananaCount:	1
Map Script: Evaluate Start X: 	75	Evaluate Start Y: 	49	Total mountain: 	3	Total water: 	0	Total snow: 	0	Total desert: 	0	Total hill	11	Immediate Food: 	7.8	Immediate Prod: 	7.4	Immediate Culture: 	2	Immediate Faith: 	0	Floodplains	2	Best_tile	6.5	Best_tile_2	5	Plains Tiles	3
Map Script: teamPVP checkGetYield success
Map Script: OneRingFloors majList[i].leader:	LEADER_HAMMURABI
Map Script: OneRingFloors functionCount:	0
Map Script: OneRingFloors successCount:	0
Map Script: OneRingFloors isMust:	false
Map Script: civAddFoodTeamPVP start sPlayerLeaderName:	LEADER_HAMMURABI
Map Script: Evaluate Start X: 	75	Evaluate Start Y: 	49	Total mountain: 	3	Total water: 	0	Total snow: 	0	Total desert: 	0	Total hill	11	Immediate Food: 	7.8	Immediate Prod: 	7.4	Immediate Culture: 	2	Immediate Faith: 	0	Floodplains	2	Best_tile	6.5	Best_tile_2	5	Plains Tiles	3
Map Script: civAddFoodTeamPVP food_spawn_start:	3.9
Map Script: civAddFoodTeamPVP food_spawn_inner:	6.2
Map Script: civAddFoodTeamPVP minFood:	7
Map Script: majList[i].leader:	LEADER_HAMMURABI
Map Script: functionCount:	0
Map Script: successCount:	0
Map Script: Food balancing: Couldn't add Food Bonus
Map Script: AddBonusBind majList[i].leader:	LEADER_HAMMURABI
Map Script: AddBonusBind functionCount:	0
Map Script: AddBonusBind successCount:	0
Map Script: teamPVP start addRiceCount:	2
Map Script: teamPVP start addFoodSheepCount:	0
Map Script: teamPVP start resourcesFishCount:	0
Map Script: teamPVP start addJungleCount:	3
Map Script: teamPVP start addForestCount:	5
Map Script: teamPVP start addHuntCount:	1
Map Script: teamPVP start addBananaCount:	0
Map Script: Evaluate Start X: 	69	Evaluate Start Y: 	61	Total mountain: 	5	Total water: 	0	Total snow: 	0	Total desert: 	0	Total hill	10	Immediate Food: 	3.1	Immediate Prod: 	5.3	Immediate Culture: 	1	Immediate Faith: 	0	Floodplains	2	Best_tile	5	Best_tile_2	4	Plains Tiles	17
Map Script: teamPVP checkGetYield success
Map Script: OneRingFloors majList[i].leader:	LEADER_CHANDRAGUPTA
Map Script: OneRingFloors functionCount:	0
Map Script: OneRingFloors successCount:	0
Map Script: OneRingFloors isMust:	false
Map Script: civAddFoodTeamPVP start sPlayerLeaderName:	LEADER_CHANDRAGUPTA
Map Script: Evaluate Start X: 	69	Evaluate Start Y: 	61	Total mountain: 	5	Total water: 	0	Total snow: 	0	Total desert: 	0	Total hill	10	Immediate Food: 	3.1	Immediate Prod: 	5.3	Immediate Culture: 	1	Immediate Faith: 	0	Floodplains	2	Best_tile	5	Best_tile_2	4	Plains Tiles	17
Map Script: civAddFoodTeamPVP food_spawn_start:	1.55
Map Script: civAddFoodTeamPVP food_spawn_inner:	5.05
Map Script: civAddFoodTeamPVP minFood:	7
Map Script: Food Balancing X: 	70	Food Balancing Y: 	60	Added: Sheep
Map Script: teamPVP addFoodSheepCount:	1
Map Script: civAddFoodTeamPVP start sPlayerLeaderName:	LEADER_CHANDRAGUPTA
Map Script: Evaluate Start X: 	69	Evaluate Start Y: 	61	Total mountain: 	5	Total water: 	0	Total snow: 	0	Total desert: 	0	Total hill	10	Immediate Food: 	5.1	Immediate Prod: 	7.3	Immediate Culture: 	1	Immediate Faith: 	0	Floodplains	2	Best_tile	5	Best_tile_2	5	Plains Tiles	17
Map Script: civAddFoodTeamPVP food_spawn_start:	2.55
Map Script: civAddFoodTeamPVP food_spawn_inner:	5.05
Map Script: civAddFoodTeamPVP minFood:	7
Map Script: majList[i].leader:	LEADER_CHANDRAGUPTA
Map Script: functionCount:	1
Map Script: successCount:	1
Map Script: Food balancing: Couldn't add Food Bonus
Map Script: AddBonusBind majList[i].leader:	LEADER_CHANDRAGUPTA
Map Script: AddBonusBind functionCount:	1
Map Script: AddBonusBind successCount:	1
Map Script: teamPVP start addRiceCount:	0
Map Script: teamPVP start addFoodSheepCount:	0
Map Script: teamPVP start resourcesFishCount:	0
Map Script: teamPVP start addJungleCount:	0
Map Script: teamPVP start addForestCount:	0
Map Script: teamPVP start addHuntCount:	0
Map Script: teamPVP start addBananaCount:	0
Map Script: Evaluate Start X: 	75	Evaluate Start Y: 	37	Total mountain: 	2	Total water: 	0	Total snow: 	0	Total desert: 	34	Total hill	6	Immediate Food: 	0	Immediate Prod: 	0	Immediate Culture: 	0	Immediate Faith: 	0	Floodplains	10	Best_tile	2	Best_tile_2	2	Plains Tiles	0
Map Script: OneRingFloors majList[i].leader:	LEADER_MANSA_MUSA
Map Script: OneRingFloors functionCount:	0
Map Script: OneRingFloors successCount:	0
Map Script: OneRingFloors isMust:	false
Map Script: civAddFoodTeamPVP start sPlayerLeaderName:	LEADER_MANSA_MUSA
Map Script: Evaluate Start X: 	75	Evaluate Start Y: 	37	Total mountain: 	2	Total water: 	0	Total snow: 	0	Total desert: 	34	Total hill	6	Immediate Food: 	0	Immediate Prod: 	0	Immediate Culture: 	0	Immediate Faith: 	0	Floodplains	10	Best_tile	2	Best_tile_2	2	Plains Tiles	0
Map Script: majList[i].leader:	LEADER_MANSA_MUSA
Map Script: functionCount:	0
Map Script: successCount:	0
Map Script: Food balancing: Couldn't add Food Bonus
Map Script: AddBonusBind majList[i].leader:	LEADER_MANSA_MUSA
Map Script: AddBonusBind functionCount:	0
Map Script: AddBonusBind successCount:	0
Map Script: teamPVP start addRiceCount:	0
Map Script: teamPVP start addFoodSheepCount:	2
Map Script: teamPVP start resourcesFishCount:	0
Map Script: teamPVP start addJungleCount:	3
Map Script: teamPVP start addForestCount:	9
Map Script: teamPVP start addHuntCount:	0
Map Script: teamPVP start addBananaCount:	1
Map Script: Evaluate Start X: 	52	Evaluate Start Y: 	16	Total mountain: 	2	Total water: 	0	Total snow: 	0	Total desert: 	0	Total hill	14	Immediate Food: 	9.7	Immediate Prod: 	9	Immediate Culture: 	0	Immediate Faith: 	0	Floodplains	0	Best_tile	6	Best_tile_2	5	Plains Tiles	7
Map Script: teamPVP checkGetYield success
Map Script: OneRingFloors majList[i].leader:	LEADER_AMANITORE
Map Script: OneRingFloors functionCount:	0
Map Script: OneRingFloors successCount:	0
Map Script: OneRingFloors isMust:	false
Map Script: civAddFoodTeamPVP start sPlayerLeaderName:	LEADER_AMANITORE
Map Script: Evaluate Start X: 	52	Evaluate Start Y: 	16	Total mountain: 	2	Total water: 	0	Total snow: 	0	Total desert: 	0	Total hill	14	Immediate Food: 	9.7	Immediate Prod: 	9	Immediate Culture: 	0	Immediate Faith: 	0	Floodplains	0	Best_tile	6	Best_tile_2	5	Plains Tiles	7
Map Script: civAddFoodTeamPVP food_spawn_start:	4.85
Map Script: civAddFoodTeamPVP food_spawn_inner:	6.5
Map Script: civAddFoodTeamPVP minFood:	8
Map Script: majList[i].leader:	LEADER_AMANITORE
Map Script: functionCount:	0
Map Script: successCount:	0
Map Script: Food balancing: Couldn't add Food Bonus
Map Script: AddBonusBind majList[i].leader:	LEADER_AMANITORE
Map Script: AddBonusBind functionCount:	0
Map Script: AddBonusBind successCount:	0
Map Script: teamPVP start addRiceCount:	0
Map Script: teamPVP start addFoodSheepCount:	0
Map Script: teamPVP start resourcesFishCount:	0
Map Script: teamPVP start addJungleCount:	2
Map Script: teamPVP start addForestCount:	4
Map Script: teamPVP start addHuntCount:	1
Map Script: teamPVP start addBananaCount:	0
Map Script: Evaluate Start X: 	26	Evaluate Start Y: 	70	Total mountain: 	2	Total water: 	0	Total snow: 	0	Total desert: 	0	Total hill	10	Immediate Food: 	0.1	Immediate Prod: 	0.5	Immediate Culture: 	0	Immediate Faith: 	0	Floodplains	2	Best_tile	2.5	Best_tile_2	2.5	Plains Tiles	14
Map Script: teamPVP checkGetYield：isMust	false
Map Script: Food Balancing X: 	27	Food Balancing Y: 	70	Added: Sheep
Map Script: teamPVP addFoodSheepCount:	1
Map Script: OneRingFloors majList[i].leader:	LEADER_ALEXANDER
Map Script: OneRingFloors functionCount:	0
Map Script: OneRingFloors successCount:	0
Map Script: OneRingFloors isMust:	false
Map Script: civAddFoodTeamPVP start sPlayerLeaderName:	LEADER_ALEXANDER
Map Script: Evaluate Start X: 	26	Evaluate Start Y: 	70	Total mountain: 	2	Total water: 	0	Total snow: 	0	Total desert: 	0	Total hill	10	Immediate Food: 	2.1	Immediate Prod: 	2.5	Immediate Culture: 	0	Immediate Faith: 	0	Floodplains	2	Best_tile	5	Best_tile_2	2.5	Plains Tiles	14
Map Script: civAddFoodTeamPVP food_spawn_start:	1.05
Map Script: civAddFoodTeamPVP food_spawn_inner:	4.65
Map Script: civAddFoodTeamPVP minFood:	7
Map Script: Food Balancing X: 	25	Food Balancing Y: 	69	Added: Sheep
Map Script: teamPVP addFoodSheepCount:	2
Map Script: civAddFoodTeamPVP start sPlayerLeaderName:	LEADER_ALEXANDER
Map Script: Evaluate Start X: 	26	Evaluate Start Y: 	70	Total mountain: 	2	Total water: 	0	Total snow: 	0	Total desert: 	0	Total hill	10	Immediate Food: 	4.1	Immediate Prod: 	4.5	Immediate Culture: 	0	Immediate Faith: 	0	Floodplains	2	Best_tile	5	Best_tile_2	5	Plains Tiles	14
Map Script: civAddFoodTeamPVP food_spawn_start:	2.05
Map Script: civAddFoodTeamPVP food_spawn_inner:	4.65
Map Script: civAddFoodTeamPVP minFood:	7
Map Script: Food Balancing X: 	26	Food Balancing Y: 	69	Turned the Grass Mountain to a Flat land with stones
Map Script: civAddFoodTeamPVP start sPlayerLeaderName:	LEADER_ALEXANDER
Map Script: Evaluate Start X: 	26	Evaluate Start Y: 	70	Total mountain: 	1	Total water: 	0	Total snow: 	0	Total desert: 	0	Total hill	11	Immediate Food: 	5.1	Immediate Prod: 	7.5	Immediate Culture: 	0	Immediate Faith: 	0	Floodplains	2	Best_tile	5	Best_tile_2	5	Plains Tiles	15
Map Script: civAddFoodTeamPVP food_spawn_start:	2.55
Map Script: civAddFoodTeamPVP food_spawn_inner:	4.65
Map Script: civAddFoodTeamPVP minFood:	7
Map Script: majList[i].leader:	LEADER_ALEXANDER
Map Script: functionCount:	2
Map Script: successCount:	2
Map Script: Food balancing: Couldn't add Food Bonus
Map Script: AddBonusBind majList[i].leader:	LEADER_ALEXANDER
Map Script: AddBonusBind functionCount:	2
Map Script: AddBonusBind successCount:	2
Map Script: teamPVP start addRiceCount:	2
Map Script: teamPVP start addFoodSheepCount:	0
Map Script: teamPVP start resourcesFishCount:	0
Map Script: teamPVP start addJungleCount:	4
Map Script: teamPVP start addForestCount:	3
Map Script: teamPVP start addHuntCount:	0
Map Script: teamPVP start addBananaCount:	1
Map Script: Evaluate Start X: 	13	Evaluate Start Y: 	58	Total mountain: 	2	Total water: 	0	Total snow: 	0	Total desert: 	1	Total hill	9	Immediate Food: 	5.4	Immediate Prod: 	4.7	Immediate Culture: 	0	Immediate Faith: 	0	Floodplains	2	Best_tile	6	Best_tile_2	5	Plains Tiles	9
Map Script: teamPVP checkGetYield success
Map Script: OneRingFloors majList[i].leader:	LEADER_PEDRO
Map Script: OneRingFloors functionCount:	0
Map Script: OneRingFloors successCount:	0
Map Script: OneRingFloors isMust:	false
Map Script: civAddFoodTeamPVP start sPlayerLeaderName:	LEADER_PEDRO
Map Script: Evaluate Start X: 	13	Evaluate Start Y: 	58	Total mountain: 	2	Total water: 	0	Total snow: 	0	Total desert: 	1	Total hill	9	Immediate Food: 	5.4	Immediate Prod: 	4.7	Immediate Culture: 	0	Immediate Faith: 	0	Floodplains	2	Best_tile	6	Best_tile_2	5	Plains Tiles	9
Map Script: civAddFoodTeamPVP food_spawn_start:	2.7
Map Script: civAddFoodTeamPVP food_spawn_inner:	3
Map Script: civAddFoodTeamPVP minFood:	8
Map Script: IsJungleCiv convert1 Food Balancing X: 	12	Food Balancing Y: 	57	Added: 雨林 on Plains Hill
Map Script: IsJungleCiv teamPVP addJungleCount:	5
Map Script: civAddFoodTeamPVP start sPlayerLeaderName:	LEADER_PEDRO
Map Script: Evaluate Start X: 	13	Evaluate Start Y: 	58	Total mountain: 	2	Total water: 	0	Total snow: 	0	Total desert: 	1	Total hill	9	Immediate Food: 	7.4	Immediate Prod: 	6.7	Immediate Culture: 	0	Immediate Faith: 	0	Floodplains	2	Best_tile	6	Best_tile_2	5	Plains Tiles	10
Map Script: civAddFoodTeamPVP food_spawn_start:	3.7
Map Script: civAddFoodTeamPVP food_spawn_inner:	3
Map Script: civAddFoodTeamPVP minFood:	8
Map Script: Food Balancing X: 	11	Food Balancing Y: 	58	Turned the Mountain to a Hill
Map Script: civAddFoodTeamPVP start sPlayerLeaderName:	LEADER_PEDRO
Map Script: Evaluate Start X: 	13	Evaluate Start Y: 	58	Total mountain: 	1	Total water: 	0	Total snow: 	0	Total desert: 	1	Total hill	10	Immediate Food: 	7.4	Immediate Prod: 	6.7	Immediate Culture: 	0	Immediate Faith: 	0	Floodplains	2	Best_tile	6	Best_tile_2	5	Plains Tiles	10
Map Script: civAddFoodTeamPVP food_spawn_start:	3.7
Map Script: civAddFoodTeamPVP food_spawn_inner:	3
Map Script: civAddFoodTeamPVP minFood:	8
Map Script: Food Balancing X: 	15	Food Balancing Y: 	58	Turned the Mountain to a Hill
Map Script: civAddFoodTeamPVP start sPlayerLeaderName:	LEADER_PEDRO
Map Script: Evaluate Start X: 	13	Evaluate Start Y: 	58	Total mountain: 	0	Total water: 	0	Total snow: 	0	Total desert: 	1	Total hill	11	Immediate Food: 	7.4	Immediate Prod: 	6.7	Immediate Culture: 	0	Immediate Faith: 	0	Floodplains	2	Best_tile	6	Best_tile_2	5	Plains Tiles	10
Map Script: civAddFoodTeamPVP food_spawn_start:	3.7
Map Script: civAddFoodTeamPVP food_spawn_inner:	3
Map Script: civAddFoodTeamPVP minFood:	8
Map Script: Food Balancing X: 	15	Food Balancing Y: 	58	Added: Sheep
Map Script: teamPVP addFoodSheepCount:	1
Map Script: civAddFoodTeamPVP start sPlayerLeaderName:	LEADER_PEDRO
Map Script: Evaluate Start X: 	13	Evaluate Start Y: 	58	Total mountain: 	0	Total water: 	0	Total snow: 	0	Total desert: 	1	Total hill	11	Immediate Food: 	7.4	Immediate Prod: 	6.7	Immediate Culture: 	0	Immediate Faith: 	0	Floodplains	2	Best_tile	6	Best_tile_2	5	Plains Tiles	10
Map Script: civAddFoodTeamPVP food_spawn_start:	3.7
Map Script: civAddFoodTeamPVP food_spawn_inner:	4.5
Map Script: civAddFoodTeamPVP minFood:	8
Map Script: majList[i].leader:	LEADER_PEDRO
Map Script: functionCount:	4
Map Script: successCount:	4
Map Script: AddBonusBind majList[i].leader:	LEADER_PEDRO
Map Script: AddBonusBind functionCount:	4
Map Script: AddBonusBind successCount:	4
Map Script: teamPVP start addRiceCount:	0
Map Script: teamPVP start addFoodSheepCount:	0
Map Script: teamPVP start resourcesFishCount:	0
Map Script: teamPVP start addJungleCount:	3
Map Script: teamPVP start addForestCount:	2
Map Script: teamPVP start addHuntCount:	1
Map Script: teamPVP start addBananaCount:	0
Map Script: Evaluate Start X: 	12	Evaluate Start Y: 	44	Total mountain: 	5	Total water: 	0	Total snow: 	0	Total desert: 	0	Total hill	11	Immediate Food: 	6.2	Immediate Prod: 	7.3	Immediate Culture: 	0	Immediate Faith: 	0	Floodplains	3	Best_tile	6.5	Best_tile_2	5	Plains Tiles	3
Map Script: teamPVP checkGetYield success
Map Script: OneRingFloors majList[i].leader:	LEADER_BARBAROSSA
Map Script: OneRingFloors functionCount:	0
Map Script: OneRingFloors successCount:	0
Map Script: OneRingFloors isMust:	false
Map Script: civAddFoodTeamPVP start sPlayerLeaderName:	LEADER_BARBAROSSA
Map Script: Evaluate Start X: 	12	Evaluate Start Y: 	44	Total mountain: 	5	Total water: 	0	Total snow: 	0	Total desert: 	0	Total hill	11	Immediate Food: 	6.2	Immediate Prod: 	7.3	Immediate Culture: 	0	Immediate Faith: 	0	Floodplains	3	Best_tile	6.5	Best_tile_2	5	Plains Tiles	3
Map Script: civAddFoodTeamPVP food_spawn_start:	3.1
Map Script: civAddFoodTeamPVP food_spawn_inner:	2
Map Script: civAddFoodTeamPVP minFood:	8
Map Script: Food Balancing X: 	11	Food Balancing Y: 	45	Added: Sheep
Map Script: teamPVP addFoodSheepCount:	1
Map Script: civAddFoodTeamPVP start sPlayerLeaderName:	LEADER_BARBAROSSA
Map Script: Evaluate Start X: 	12	Evaluate Start Y: 	44	Total mountain: 	5	Total water: 	0	Total snow: 	0	Total desert: 	0	Total hill	11	Immediate Food: 	9.2	Immediate Prod: 	8.3	Immediate Culture: 	0	Immediate Faith: 	0	Floodplains	3	Best_tile	6.5	Best_tile_2	5	Plains Tiles	3
Map Script: civAddFoodTeamPVP food_spawn_start:	4.6
Map Script: civAddFoodTeamPVP food_spawn_inner:	2
Map Script: civAddFoodTeamPVP minFood:	8
Map Script: Food Balancing X: 	13	Food Balancing Y: 	45	Added: Sheep
Map Script: teamPVP addFoodSheepCount:	2
Map Script: civAddFoodTeamPVP start sPlayerLeaderName:	LEADER_BARBAROSSA
Map Script: Evaluate Start X: 	12	Evaluate Start Y: 	44	Total mountain: 	5	Total water: 	0	Total snow: 	0	Total desert: 	0	Total hill	11	Immediate Food: 	9.2	Immediate Prod: 	8.3	Immediate Culture: 	0	Immediate Faith: 	0	Floodplains	3	Best_tile	6.5	Best_tile_2	5	Plains Tiles	3
Map Script: civAddFoodTeamPVP food_spawn_start:	4.6
Map Script: civAddFoodTeamPVP food_spawn_inner:	3.5
Map Script: civAddFoodTeamPVP minFood:	8
Map Script: majList[i].leader:	LEADER_BARBAROSSA
Map Script: functionCount:	2
Map Script: successCount:	2
Map Script: Food balancing: Couldn't add Food Bonus
Map Script: AddBonusBind majList[i].leader:	LEADER_BARBAROSSA
Map Script: AddBonusBind functionCount:	2
Map Script: AddBonusBind successCount:	2
Map Script: teamPVP start addRiceCount:	1
Map Script: teamPVP start addFoodSheepCount:	0
Map Script: teamPVP start resourcesFishCount:	1
Map Script: teamPVP start addJungleCount:	2
Map Script: teamPVP start addForestCount:	9
Map Script: teamPVP start addHuntCount:	1
Map Script: teamPVP start addBananaCount:	0
Map Script: Evaluate Start X: 	25	Evaluate Start Y: 	16	Total mountain: 	4	Total water: 	1	Total snow: 	0	Total desert: 	0	Total hill	13	Immediate Food: 	7.1	Immediate Prod: 	14.4	Immediate Culture: 	1	Immediate Faith: 	1	Floodplains	0	Best_tile	5	Best_tile_2	4	Plains Tiles	11
Map Script: teamPVP checkGetYield success
Map Script: OneRingFloors majList[i].leader:	LEADER_LADY_TRIEU
Map Script: OneRingFloors functionCount:	0
Map Script: OneRingFloors successCount:	0
Map Script: OneRingFloors isMust:	false
Map Script: civAddFoodTeamPVP start sPlayerLeaderName:	LEADER_LADY_TRIEU
Map Script: Evaluate Start X: 	25	Evaluate Start Y: 	16	Total mountain: 	4	Total water: 	1	Total snow: 	0	Total desert: 	0	Total hill	13	Immediate Food: 	7.1	Immediate Prod: 	14.4	Immediate Culture: 	1	Immediate Faith: 	1	Floodplains	0	Best_tile	5	Best_tile_2	4	Plains Tiles	11
Map Script: civAddFoodTeamPVP food_spawn_start:	3.55
Map Script: civAddFoodTeamPVP food_spawn_inner:	4
Map Script: civAddFoodTeamPVP minFood:	8
Map Script: Food Balancing X: 	25	Food Balancing Y: 	14	Turned the Grass Mountain to a Flat land with stones
Map Script: civAddFoodTeamPVP start sPlayerLeaderName:	LEADER_LADY_TRIEU
Map Script: Evaluate Start X: 	25	Evaluate Start Y: 	16	Total mountain: 	3	Total water: 	1	Total snow: 	0	Total desert: 	0	Total hill	14	Immediate Food: 	7.1	Immediate Prod: 	14.4	Immediate Culture: 	1	Immediate Faith: 	1	Floodplains	0	Best_tile	5	Best_tile_2	4	Plains Tiles	12
Map Script: civAddFoodTeamPVP food_spawn_start:	3.55
Map Script: civAddFoodTeamPVP food_spawn_inner:	4.5
Map Script: civAddFoodTeamPVP minFood:	8
Map Script: majList[i].leader:	LEADER_LADY_TRIEU
Map Script: functionCount:	1
Map Script: successCount:	1
Map Script: IsJungleCiv convert3 Food Balancing X: 	26	Food Balancing Y: 	16	Added: 雨林 on Plains Hill
Map Script: IsJungleCiv teamPVP addJungleCount:	3
Map Script: AddBonusBind majList[i].leader:	LEADER_LADY_TRIEU
Map Script: AddBonusBind functionCount:	1
Map Script: AddBonusBind successCount:	1
Map Script: teamPVP start addRiceCount:	1
Map Script: teamPVP start addFoodSheepCount:	0
Map Script: teamPVP start resourcesFishCount:	0
Map Script: teamPVP start addJungleCount:	3
Map Script: teamPVP start addForestCount:	6
Map Script: teamPVP start addHuntCount:	1
Map Script: teamPVP start addBananaCount:	0
Map Script: Evaluate Start X: 	38	Evaluate Start Y: 	8	Total mountain: 	5	Total water: 	0	Total snow: 	0	Total desert: 	0	Total hill	10	Immediate Food: 	4.1	Immediate Prod: 	13.066666666667	Immediate Culture: 	0	Immediate Faith: 	0	Floodplains	3	Best_tile	4	Best_tile_2	3.5	Plains Tiles	16
Map Script: teamPVP checkGetYield：isMust	false
Map Script: Food Balancing X: 	37	Food Balancing Y: 	7	Added: 雨林 on Plains Hill
Map Script: OneRingFloors majList[i].leader:	LEADER_TRAJAN
Map Script: OneRingFloors functionCount:	0
Map Script: OneRingFloors successCount:	0
Map Script: OneRingFloors isMust:	false
Map Script: civAddFoodTeamPVP start sPlayerLeaderName:	LEADER_TRAJAN
Map Script: Evaluate Start X: 	38	Evaluate Start Y: 	8	Total mountain: 	5	Total water: 	0	Total snow: 	0	Total desert: 	0	Total hill	10	Immediate Food: 	5.1	Immediate Prod: 	12.066666666667	Immediate Culture: 	0	Immediate Faith: 	0	Floodplains	3	Best_tile	5	Best_tile_2	4	Plains Tiles	16
Map Script: civAddFoodTeamPVP food_spawn_start:	2.55
Map Script: civAddFoodTeamPVP food_spawn_inner:	4.5
Map Script: civAddFoodTeamPVP minFood:	8
Map Script: Balancing X: 	38	Y: 	10	Added a Luxury:	17
Map Script: Food Balancing X: 	37	Food Balancing Y: 	9	Added: Banana
Map Script: civAddFoodTeamPVP start sPlayerLeaderName:	LEADER_TRAJAN
Map Script: Evaluate Start X: 	38	Evaluate Start Y: 	8	Total mountain: 	5	Total water: 	0	Total snow: 	0	Total desert: 	0	Total hill	10	Immediate Food: 	8.1	Immediate Prod: 	13.066666666667	Immediate Culture: 	0	Immediate Faith: 	0	Floodplains	3	Best_tile	5	Best_tile_2	4.5	Plains Tiles	16
Map Script: civAddFoodTeamPVP food_spawn_start:	4.05
Map Script: civAddFoodTeamPVP food_spawn_inner:	4.5
Map Script: civAddFoodTeamPVP minFood:	8
Map Script: majList[i].leader:	LEADER_TRAJAN
Map Script: functionCount:	1
Map Script: successCount:	1
Map Script: Food balancing: Couldn't add Food Bonus
Map Script: AddBonusBind majList[i].leader:	LEADER_TRAJAN
Map Script: AddBonusBind functionCount:	1
Map Script: AddBonusBind successCount:	1
Map Script: civAddProdTeamPVP start sPlayerLeaderName:	LEADER_CLEOPATRA_ALT
Map Script: Evaluate Start X: 	44	Evaluate Start Y: 	78	Total mountain: 	2	Total water: 	0	Total snow: 	0	Total desert: 	0	Total hill	10	Immediate Food: 	11.3	Immediate Prod: 	10.2	Immediate Culture: 	0	Immediate Faith: 	0	Floodplains	6	Best_tile	5	Best_tile_2	5	Plains Tiles	5
Map Script: civAddProdTeamPVP prod_spawn_start:	5.1
Map Script: civAddProdTeamPVP prod_spawn_inner:	2.5666666666667
Map Script: Prod Balancing X: 	43	Prod Balancing Y: 	76	Added: Wood
Map Script: civAddProdTeamPVP start sPlayerLeaderName:	LEADER_CLEOPATRA_ALT
Map Script: Evaluate Start X: 	44	Evaluate Start Y: 	78	Total mountain: 	2	Total water: 	0	Total snow: 	0	Total desert: 	0	Total hill	10	Immediate Food: 	11.3	Immediate Prod: 	10.2	Immediate Culture: 	0	Immediate Faith: 	0	Floodplains	6	Best_tile	5	Best_tile_2	5	Plains Tiles	5
Map Script: civAddProdTeamPVP prod_spawn_start:	5.1
Map Script: civAddProdTeamPVP prod_spawn_inner:	3.5666666666667
Map Script: Prod balancing: Couldn't add Prod Bonus
Map Script: civAddProdTeamPVP start sPlayerLeaderName:	LEADER_CLEOPATRA_ALT
Map Script: Evaluate Start X: 	44	Evaluate Start Y: 	78	Total mountain: 	2	Total water: 	0	Total snow: 	0	Total desert: 	0	Total hill	10	Immediate Food: 	11.3	Immediate Prod: 	10.2	Immediate Culture: 	0	Immediate Faith: 	0	Floodplains	6	Best_tile	5	Best_tile_2	5	Plains Tiles	5
Map Script: civAddProdTeamPVP prod_spawn_start:	5.1
Map Script: civAddProdTeamPVP prod_spawn_inner:	3.5666666666667
Map Script: Prod balancing: Couldn't add Prod Bonus
Map Script: civAddProdTeamPVP start sPlayerLeaderName:	LEADER_CLEOPATRA_ALT
Map Script: Evaluate Start X: 	44	Evaluate Start Y: 	78	Total mountain: 	2	Total water: 	0	Total snow: 	0	Total desert: 	0	Total hill	10	Immediate Food: 	11.3	Immediate Prod: 	10.2	Immediate Culture: 	0	Immediate Faith: 	0	Floodplains	6	Best_tile	5	Best_tile_2	5	Plains Tiles	5
Map Script: civAddProdTeamPVP prod_spawn_start:	5.1
Map Script: civAddProdTeamPVP prod_spawn_inner:	3.5666666666667
Map Script: Prod balancing: Couldn't add Prod Bonus
Map Script: civAddProdTeamPVP start sPlayerLeaderName:	LEADER_CLEOPATRA_ALT
Map Script: Evaluate Start X: 	44	Evaluate Start Y: 	78	Total mountain: 	2	Total water: 	0	Total snow: 	0	Total desert: 	0	Total hill	10	Immediate Food: 	11.3	Immediate Prod: 	10.2	Immediate Culture: 	0	Immediate Faith: 	0	Floodplains	6	Best_tile	5	Best_tile_2	5	Plains Tiles	5
Map Script: civAddProdTeamPVP prod_spawn_start:	5.1
Map Script: civAddProdTeamPVP prod_spawn_inner:	3.5666666666667
Map Script: Prod balancing: Couldn't add Prod Bonus
Map Script: civAddProdTeamPVP start sPlayerLeaderName:	LEADER_CLEOPATRA_ALT
Map Script: Evaluate Start X: 	44	Evaluate Start Y: 	78	Total mountain: 	2	Total water: 	0	Total snow: 	0	Total desert: 	0	Total hill	10	Immediate Food: 	11.3	Immediate Prod: 	10.2	Immediate Culture: 	0	Immediate Faith: 	0	Floodplains	6	Best_tile	5	Best_tile_2	5	Plains Tiles	5
Map Script: civAddProdTeamPVP prod_spawn_start:	5.1
Map Script: civAddProdTeamPVP prod_spawn_inner:	3.5666666666667
Map Script: Prod balancing: Couldn't add Prod Bonus
Map Script: civAddProdTeamPVP start sPlayerLeaderName:	LEADER_CLEOPATRA_ALT
Map Script: Evaluate Start X: 	44	Evaluate Start Y: 	78	Total mountain: 	2	Total water: 	0	Total snow: 	0	Total desert: 	0	Total hill	10	Immediate Food: 	11.3	Immediate Prod: 	10.2	Immediate Culture: 	0	Immediate Faith: 	0	Floodplains	6	Best_tile	5	Best_tile_2	5	Plains Tiles	5
Map Script: civAddProdTeamPVP prod_spawn_start:	5.1
Map Script: civAddProdTeamPVP prod_spawn_inner:	3.5666666666667
Map Script: Prod balancing: Couldn't add Prod Bonus
Map Script: civAddProdTeamPVP start sPlayerLeaderName:	LEADER_CLEOPATRA_ALT
Map Script: Evaluate Start X: 	44	Evaluate Start Y: 	78	Total mountain: 	2	Total water: 	0	Total snow: 	0	Total desert: 	0	Total hill	10	Immediate Food: 	11.3	Immediate Prod: 	10.2	Immediate Culture: 	0	Immediate Faith: 	0	Floodplains	6	Best_tile	5	Best_tile_2	5	Plains Tiles	5
Map Script: civAddProdTeamPVP prod_spawn_start:	5.1
Map Script: civAddProdTeamPVP prod_spawn_inner:	3.5666666666667
Map Script: Prod balancing: Couldn't add Prod Bonus
Map Script: civAddProdTeamPVP start sPlayerLeaderName:	LEADER_CLEOPATRA_ALT
Map Script: Evaluate Start X: 	44	Evaluate Start Y: 	78	Total mountain: 	2	Total water: 	0	Total snow: 	0	Total desert: 	0	Total hill	10	Immediate Food: 	11.3	Immediate Prod: 	10.2	Immediate Culture: 	0	Immediate Faith: 	0	Floodplains	6	Best_tile	5	Best_tile_2	5	Plains Tiles	5
Map Script: civAddProdTeamPVP prod_spawn_start:	5.1
Map Script: civAddProdTeamPVP prod_spawn_inner:	3.5666666666667
Map Script: Prod balancing: Couldn't add Prod Bonus
Map Script: civAddProdTeamPVP start sPlayerLeaderName:	LEADER_CLEOPATRA_ALT
Map Script: Evaluate Start X: 	44	Evaluate Start Y: 	78	Total mountain: 	2	Total water: 	0	Total snow: 	0	Total desert: 	0	Total hill	10	Immediate Food: 	11.3	Immediate Prod: 	10.2	Immediate Culture: 	0	Immediate Faith: 	0	Floodplains	6	Best_tile	5	Best_tile_2	5	Plains Tiles	5
Map Script: civAddProdTeamPVP prod_spawn_start:	5.1
Map Script: civAddProdTeamPVP prod_spawn_inner:	3.5666666666667
Map Script: Prod balancing: Couldn't add Prod Bonus
Map Script: civAddProdTeamPVP start sPlayerLeaderName:	LEADER_CLEOPATRA_ALT
Map Script: Evaluate Start X: 	44	Evaluate Start Y: 	78	Total mountain: 	2	Total water: 	0	Total snow: 	0	Total desert: 	0	Total hill	10	Immediate Food: 	11.3	Immediate Prod: 	10.2	Immediate Culture: 	0	Immediate Faith: 	0	Floodplains	6	Best_tile	5	Best_tile_2	5	Plains Tiles	5
Map Script: civAddProdTeamPVP prod_spawn_start:	5.1
Map Script: civAddProdTeamPVP prod_spawn_inner:	3.5666666666667
Map Script: Prod balancing: Couldn't add Prod Bonus
Map Script: civAddProdTeamPVP start sPlayerLeaderName:	LEADER_CLEOPATRA_ALT
Map Script: Evaluate Start X: 	44	Evaluate Start Y: 	78	Total mountain: 	2	Total water: 	0	Total snow: 	0	Total desert: 	0	Total hill	10	Immediate Food: 	11.3	Immediate Prod: 	10.2	Immediate Culture: 	0	Immediate Faith: 	0	Floodplains	6	Best_tile	5	Best_tile_2	5	Plains Tiles	5
Map Script: civAddProdTeamPVP prod_spawn_start:	5.1
Map Script: civAddProdTeamPVP prod_spawn_inner:	3.5666666666667
Map Script: Prod balancing: Couldn't add Prod Bonus
Map Script: civAddProdTeamPVP start sPlayerLeaderName:	LEADER_CLEOPATRA_ALT
Map Script: Evaluate Start X: 	44	Evaluate Start Y: 	78	Total mountain: 	2	Total water: 	0	Total snow: 	0	Total desert: 	0	Total hill	10	Immediate Food: 	11.3	Immediate Prod: 	10.2	Immediate Culture: 	0	Immediate Faith: 	0	Floodplains	6	Best_tile	5	Best_tile_2	5	Plains Tiles	5
Map Script: civAddProdTeamPVP prod_spawn_start:	5.1
Map Script: civAddProdTeamPVP prod_spawn_inner:	3.5666666666667
Map Script: Prod balancing: Couldn't add Prod Bonus
Map Script: civAddProdTeamPVP start sPlayerLeaderName:	LEADER_CLEOPATRA_ALT
Map Script: Evaluate Start X: 	44	Evaluate Start Y: 	78	Total mountain: 	2	Total water: 	0	Total snow: 	0	Total desert: 	0	Total hill	10	Immediate Food: 	11.3	Immediate Prod: 	10.2	Immediate Culture: 	0	Immediate Faith: 	0	Floodplains	6	Best_tile	5	Best_tile_2	5	Plains Tiles	5
Map Script: civAddProdTeamPVP prod_spawn_start:	5.1
Map Script: civAddProdTeamPVP prod_spawn_inner:	3.5666666666667
Map Script: Prod balancing: Couldn't add Prod Bonus
Map Script: civAddProdTeamPVP start sPlayerLeaderName:	LEADER_CLEOPATRA_ALT
Map Script: Evaluate Start X: 	44	Evaluate Start Y: 	78	Total mountain: 	2	Total water: 	0	Total snow: 	0	Total desert: 	0	Total hill	10	Immediate Food: 	11.3	Immediate Prod: 	10.2	Immediate Culture: 	0	Immediate Faith: 	0	Floodplains	6	Best_tile	5	Best_tile_2	5	Plains Tiles	5
Map Script: civAddProdTeamPVP prod_spawn_start:	5.1
Map Script: civAddProdTeamPVP prod_spawn_inner:	3.5666666666667
Map Script: Prod balancing: Couldn't add Prod Bonus
Map Script: civAddProdTeamPVP start sPlayerLeaderName:	LEADER_CLEOPATRA_ALT
Map Script: Evaluate Start X: 	44	Evaluate Start Y: 	78	Total mountain: 	2	Total water: 	0	Total snow: 	0	Total desert: 	0	Total hill	10	Immediate Food: 	11.3	Immediate Prod: 	10.2	Immediate Culture: 	0	Immediate Faith: 	0	Floodplains	6	Best_tile	5	Best_tile_2	5	Plains Tiles	5
Map Script: civAddProdTeamPVP prod_spawn_start:	5.1
Map Script: civAddProdTeamPVP prod_spawn_inner:	3.5666666666667
Map Script: Prod balancing: Couldn't add Prod Bonus
Map Script: civAddProdTeamPVP start sPlayerLeaderName:	LEADER_CLEOPATRA_ALT
Map Script: Evaluate Start X: 	44	Evaluate Start Y: 	78	Total mountain: 	2	Total water: 	0	Total snow: 	0	Total desert: 	0	Total hill	10	Immediate Food: 	11.3	Immediate Prod: 	10.2	Immediate Culture: 	0	Immediate Faith: 	0	Floodplains	6	Best_tile	5	Best_tile_2	5	Plains Tiles	5
Map Script: civAddProdTeamPVP prod_spawn_start:	5.1
Map Script: civAddProdTeamPVP prod_spawn_inner:	3.5666666666667
Map Script: Prod balancing: Couldn't add Prod Bonus
Map Script: civAddProdTeamPVP start sPlayerLeaderName:	LEADER_CLEOPATRA_ALT
Map Script: Evaluate Start X: 	44	Evaluate Start Y: 	78	Total mountain: 	2	Total water: 	0	Total snow: 	0	Total desert: 	0	Total hill	10	Immediate Food: 	11.3	Immediate Prod: 	10.2	Immediate Culture: 	0	Immediate Faith: 	0	Floodplains	6	Best_tile	5	Best_tile_2	5	Plains Tiles	5
Map Script: civAddProdTeamPVP prod_spawn_start:	5.1
Map Script: civAddProdTeamPVP prod_spawn_inner:	3.5666666666667
Map Script: Prod balancing: Couldn't add Prod Bonus
Map Script: civAddProdTeamPVP start sPlayerLeaderName:	LEADER_CLEOPATRA_ALT
Map Script: Evaluate Start X: 	44	Evaluate Start Y: 	78	Total mountain: 	2	Total water: 	0	Total snow: 	0	Total desert: 	0	Total hill	10	Immediate Food: 	11.3	Immediate Prod: 	10.2	Immediate Culture: 	0	Immediate Faith: 	0	Floodplains	6	Best_tile	5	Best_tile_2	5	Plains Tiles	5
Map Script: civAddProdTeamPVP prod_spawn_start:	5.1
Map Script: civAddProdTeamPVP prod_spawn_inner:	3.5666666666667
Map Script: Prod balancing: Couldn't add Prod Bonus
Map Script: civAddProdTeamPVP start sPlayerLeaderName:	LEADER_CLEOPATRA_ALT
Map Script: Evaluate Start X: 	44	Evaluate Start Y: 	78	Total mountain: 	2	Total water: 	0	Total snow: 	0	Total desert: 	0	Total hill	10	Immediate Food: 	11.3	Immediate Prod: 	10.2	Immediate Culture: 	0	Immediate Faith: 	0	Floodplains	6	Best_tile	5	Best_tile_2	5	Plains Tiles	5
Map Script: civAddProdTeamPVP prod_spawn_start:	5.1
Map Script: civAddProdTeamPVP prod_spawn_inner:	3.5666666666667
Map Script: Prod balancing: Couldn't add Prod Bonus
Map Script: civAddProdTeamPVP start sPlayerLeaderName:	LEADER_CLEOPATRA_ALT
Map Script: Evaluate Start X: 	44	Evaluate Start Y: 	78	Total mountain: 	2	Total water: 	0	Total snow: 	0	Total desert: 	0	Total hill	10	Immediate Food: 	11.3	Immediate Prod: 	10.2	Immediate Culture: 	0	Immediate Faith: 	0	Floodplains	6	Best_tile	5	Best_tile_2	5	Plains Tiles	5
Map Script: civAddProdTeamPVP prod_spawn_start:	5.1
Map Script: civAddProdTeamPVP prod_spawn_inner:	3.5666666666667
Map Script: Prod balancing: Couldn't add Prod Bonus
Map Script: civAddProdTeamPVP start sPlayerLeaderName:	LEADER_HAMMURABI
Map Script: Evaluate Start X: 	75	Evaluate Start Y: 	49	Total mountain: 	3	Total water: 	0	Total snow: 	0	Total desert: 	0	Total hill	11	Immediate Food: 	7.8	Immediate Prod: 	7.4	Immediate Culture: 	2	Immediate Faith: 	0	Floodplains	2	Best_tile	6.5	Best_tile_2	5	Plains Tiles	3
Map Script: civAddProdTeamPVP prod_spawn_start:	3.7
Map Script: civAddProdTeamPVP prod_spawn_inner:	7.3
Map Script: majList[i].leader:	LEADER_HAMMURABI
Map Script: functionCount:	0
Map Script: successCount:	0
Map Script: civAddProdTeamPVP start sPlayerLeaderName:	LEADER_CHANDRAGUPTA
Map Script: Evaluate Start X: 	69	Evaluate Start Y: 	61	Total mountain: 	5	Total water: 	0	Total snow: 	0	Total desert: 	0	Total hill	10	Immediate Food: 	5.1	Immediate Prod: 	7.3	Immediate Culture: 	1	Immediate Faith: 	0	Floodplains	2	Best_tile	5	Best_tile_2	5	Plains Tiles	17
Map Script: civAddProdTeamPVP prod_spawn_start:	3.65
Map Script: civAddProdTeamPVP prod_spawn_inner:	9.5333333333333
Map Script: majList[i].leader:	LEADER_CHANDRAGUPTA
Map Script: functionCount:	0
Map Script: successCount:	0
Map Script: civAddProdTeamPVP start sPlayerLeaderName:	LEADER_MANSA_MUSA
Map Script: Evaluate Start X: 	75	Evaluate Start Y: 	37	Total mountain: 	2	Total water: 	0	Total snow: 	0	Total desert: 	34	Total hill	6	Immediate Food: 	0	Immediate Prod: 	0	Immediate Culture: 	0	Immediate Faith: 	0	Floodplains	10	Best_tile	2	Best_tile_2	2	Plains Tiles	0
Map Script: civAddProdTeamPVP prod_spawn_start:	0
Map Script: civAddProdTeamPVP prod_spawn_inner:	-1
Map Script: Prod Balancing X: 	74	Prod Balancing Y: 	36	Added: Copper
Map Script: civAddProdTeamPVP start sPlayerLeaderName:	LEADER_MANSA_MUSA
Map Script: Evaluate Start X: 	75	Evaluate Start Y: 	37	Total mountain: 	2	Total water: 	0	Total snow: 	0	Total desert: 	34	Total hill	6	Immediate Food: 	0	Immediate Prod: 	0	Immediate Culture: 	0	Immediate Faith: 	0	Floodplains	10	Best_tile	2	Best_tile_2	2	Plains Tiles	0
Map Script: civAddProdTeamPVP prod_spawn_start:	0
Map Script: civAddProdTeamPVP prod_spawn_inner:	-1
Map Script: Prod Balancing X: 	74	Prod Balancing Y: 	39	Added: Copper
Map Script: civAddProdTeamPVP start sPlayerLeaderName:	LEADER_MANSA_MUSA
Map Script: Evaluate Start X: 	75	Evaluate Start Y: 	37	Total mountain: 	2	Total water: 	0	Total snow: 	0	Total desert: 	34	Total hill	6	Immediate Food: 	0	Immediate Prod: 	0	Immediate Culture: 	0	Immediate Faith: 	0	Floodplains	10	Best_tile	2	Best_tile_2	2	Plains Tiles	0
Map Script: civAddProdTeamPVP prod_spawn_start:	0
Map Script: civAddProdTeamPVP prod_spawn_inner:	-1
Map Script: Prod Balancing X: 	76	Prod Balancing Y: 	36	Added: Copper
Map Script: civAddProdTeamPVP start sPlayerLeaderName:	LEADER_MANSA_MUSA
Map Script: Evaluate Start X: 	75	Evaluate Start Y: 	37	Total mountain: 	2	Total water: 	0	Total snow: 	0	Total desert: 	34	Total hill	6	Immediate Food: 	0	Immediate Prod: 	-1.1102230246252e-16	Immediate Culture: 	0	Immediate Faith: 	0	Floodplains	10	Best_tile	2	Best_tile_2	2	Plains Tiles	0
Map Script: majList[i].leader:	LEADER_MANSA_MUSA
Map Script: functionCount:	3
Map Script: successCount:	3
Map Script: civAddProdTeamPVP start sPlayerLeaderName:	LEADER_AMANITORE
Map Script: Evaluate Start X: 	52	Evaluate Start Y: 	16	Total mountain: 	2	Total water: 	0	Total snow: 	0	Total desert: 	0	Total hill	14	Immediate Food: 	9.7	Immediate Prod: 	9	Immediate Culture: 	0	Immediate Faith: 	0	Floodplains	0	Best_tile	6	Best_tile_2	5	Plains Tiles	7
Map Script: civAddProdTeamPVP prod_spawn_start:	4.5
Map Script: civAddProdTeamPVP prod_spawn_inner:	7.3333333333333
Map Script: majList[i].leader:	LEADER_AMANITORE
Map Script: functionCount:	0
Map Script: successCount:	0
Map Script: civAddProdTeamPVP start sPlayerLeaderName:	LEADER_ALEXANDER
Map Script: Evaluate Start X: 	26	Evaluate Start Y: 	70	Total mountain: 	1	Total water: 	0	Total snow: 	0	Total desert: 	0	Total hill	11	Immediate Food: 	5.1	Immediate Prod: 	7.5	Immediate Culture: 	0	Immediate Faith: 	0	Floodplains	2	Best_tile	5	Best_tile_2	5	Plains Tiles	15
Map Script: civAddProdTeamPVP prod_spawn_start:	3.75
Map Script: civAddProdTeamPVP prod_spawn_inner:	6.2333333333333
Map Script: majList[i].leader:	LEADER_ALEXANDER
Map Script: functionCount:	0
Map Script: successCount:	0
Map Script: civAddProdTeamPVP start sPlayerLeaderName:	LEADER_PEDRO
Map Script: Evaluate Start X: 	13	Evaluate Start Y: 	58	Total mountain: 	0	Total water: 	0	Total snow: 	0	Total desert: 	1	Total hill	11	Immediate Food: 	7.4	Immediate Prod: 	6.7	Immediate Culture: 	0	Immediate Faith: 	0	Floodplains	2	Best_tile	6	Best_tile_2	5	Plains Tiles	10
Map Script: civAddProdTeamPVP prod_spawn_start:	3.35
Map Script: civAddProdTeamPVP prod_spawn_inner:	5.5
Map Script: Prod Balancing X: 	11	Prod Balancing Y: 	58	Added: Wood
Map Script: civAddProdTeamPVP start sPlayerLeaderName:	LEADER_PEDRO
Map Script: Evaluate Start X: 	13	Evaluate Start Y: 	58	Total mountain: 	0	Total water: 	0	Total snow: 	0	Total desert: 	1	Total hill	11	Immediate Food: 	7.4	Immediate Prod: 	6.7	Immediate Culture: 	0	Immediate Faith: 	0	Floodplains	2	Best_tile	6	Best_tile_2	5	Plains Tiles	10
Map Script: civAddProdTeamPVP prod_spawn_start:	3.35
Map Script: civAddProdTeamPVP prod_spawn_inner:	6.5
Map Script: majList[i].leader:	LEADER_PEDRO
Map Script: functionCount:	1
Map Script: successCount:	1
Map Script: civAddProdTeamPVP start sPlayerLeaderName:	LEADER_BARBAROSSA
Map Script: Evaluate Start X: 	12	Evaluate Start Y: 	44	Total mountain: 	5	Total water: 	0	Total snow: 	0	Total desert: 	0	Total hill	11	Immediate Food: 	9.2	Immediate Prod: 	8.3	Immediate Culture: 	0	Immediate Faith: 	0	Floodplains	3	Best_tile	6.5	Best_tile_2	5	Plains Tiles	3
Map Script: civAddProdTeamPVP prod_spawn_start:	4.15
Map Script: civAddProdTeamPVP prod_spawn_inner:	2.5
Map Script: Prod Balancing X: 	10	Prod Balancing Y: 	44	Added: Wood
Map Script: civAddProdTeamPVP start sPlayerLeaderName:	LEADER_BARBAROSSA
Map Script: Evaluate Start X: 	12	Evaluate Start Y: 	44	Total mountain: 	5	Total water: 	0	Total snow: 	0	Total desert: 	0	Total hill	11	Immediate Food: 	9.2	Immediate Prod: 	8.3	Immediate Culture: 	0	Immediate Faith: 	0	Floodplains	3	Best_tile	6.5	Best_tile_2	5	Plains Tiles	3
Map Script: civAddProdTeamPVP prod_spawn_start:	4.15
Map Script: civAddProdTeamPVP prod_spawn_inner:	3.5
Map Script: Prod Balancing X: 	13	Prod Balancing Y: 	43	Added: Wood
Map Script: civAddProdTeamPVP start sPlayerLeaderName:	LEADER_BARBAROSSA
Map Script: Evaluate Start X: 	12	Evaluate Start Y: 	44	Total mountain: 	5	Total water: 	0	Total snow: 	0	Total desert: 	0	Total hill	11	Immediate Food: 	9.2	Immediate Prod: 	8.3	Immediate Culture: 	0	Immediate Faith: 	0	Floodplains	3	Best_tile	6.5	Best_tile_2	5	Plains Tiles	3
Map Script: civAddProdTeamPVP prod_spawn_start:	4.15
Map Script: civAddProdTeamPVP prod_spawn_inner:	4.5
Map Script: Prod balancing: Couldn't add Prod Bonus
Map Script: civAddProdTeamPVP start sPlayerLeaderName:	LEADER_BARBAROSSA
Map Script: Evaluate Start X: 	12	Evaluate Start Y: 	44	Total mountain: 	5	Total water: 	0	Total snow: 	0	Total desert: 	0	Total hill	11	Immediate Food: 	9.2	Immediate Prod: 	8.3	Immediate Culture: 	0	Immediate Faith: 	0	Floodplains	3	Best_tile	6.5	Best_tile_2	5	Plains Tiles	3
Map Script: civAddProdTeamPVP prod_spawn_start:	4.15
Map Script: civAddProdTeamPVP prod_spawn_inner:	4.5
Map Script: Prod balancing: Couldn't add Prod Bonus
Map Script: civAddProdTeamPVP start sPlayerLeaderName:	LEADER_BARBAROSSA
Map Script: Evaluate Start X: 	12	Evaluate Start Y: 	44	Total mountain: 	5	Total water: 	0	Total snow: 	0	Total desert: 	0	Total hill	11	Immediate Food: 	9.2	Immediate Prod: 	8.3	Immediate Culture: 	0	Immediate Faith: 	0	Floodplains	3	Best_tile	6.5	Best_tile_2	5	Plains Tiles	3
Map Script: civAddProdTeamPVP prod_spawn_start:	4.15
Map Script: civAddProdTeamPVP prod_spawn_inner:	4.5
Map Script: Prod balancing: Couldn't add Prod Bonus
Map Script: civAddProdTeamPVP start sPlayerLeaderName:	LEADER_BARBAROSSA
Map Script: Evaluate Start X: 	12	Evaluate Start Y: 	44	Total mountain: 	5	Total water: 	0	Total snow: 	0	Total desert: 	0	Total hill	11	Immediate Food: 	9.2	Immediate Prod: 	8.3	Immediate Culture: 	0	Immediate Faith: 	0	Floodplains	3	Best_tile	6.5	Best_tile_2	5	Plains Tiles	3
Map Script: civAddProdTeamPVP prod_spawn_start:	4.15
Map Script: civAddProdTeamPVP prod_spawn_inner:	4.5
Map Script: Prod balancing: Couldn't add Prod Bonus
Map Script: civAddProdTeamPVP start sPlayerLeaderName:	LEADER_BARBAROSSA
Map Script: Evaluate Start X: 	12	Evaluate Start Y: 	44	Total mountain: 	5	Total water: 	0	Total snow: 	0	Total desert: 	0	Total hill	11	Immediate Food: 	9.2	Immediate Prod: 	8.3	Immediate Culture: 	0	Immediate Faith: 	0	Floodplains	3	Best_tile	6.5	Best_tile_2	5	Plains Tiles	3
Map Script: civAddProdTeamPVP prod_spawn_start:	4.15
Map Script: civAddProdTeamPVP prod_spawn_inner:	4.5
Map Script: Prod balancing: Couldn't add Prod Bonus
Map Script: civAddProdTeamPVP start sPlayerLeaderName:	LEADER_BARBAROSSA
Map Script: Evaluate Start X: 	12	Evaluate Start Y: 	44	Total mountain: 	5	Total water: 	0	Total snow: 	0	Total desert: 	0	Total hill	11	Immediate Food: 	9.2	Immediate Prod: 	8.3	Immediate Culture: 	0	Immediate Faith: 	0	Floodplains	3	Best_tile	6.5	Best_tile_2	5	Plains Tiles	3
Map Script: civAddProdTeamPVP prod_spawn_start:	4.15
Map Script: civAddProdTeamPVP prod_spawn_inner:	4.5
Map Script: Prod balancing: Couldn't add Prod Bonus
Map Script: civAddProdTeamPVP start sPlayerLeaderName:	LEADER_BARBAROSSA
Map Script: Evaluate Start X: 	12	Evaluate Start Y: 	44	Total mountain: 	5	Total water: 	0	Total snow: 	0	Total desert: 	0	Total hill	11	Immediate Food: 	9.2	Immediate Prod: 	8.3	Immediate Culture: 	0	Immediate Faith: 	0	Floodplains	3	Best_tile	6.5	Best_tile_2	5	Plains Tiles	3
Map Script: civAddProdTeamPVP prod_spawn_start:	4.15
Map Script: civAddProdTeamPVP prod_spawn_inner:	4.5
Map Script: Prod balancing: Couldn't add Prod Bonus
Map Script: civAddProdTeamPVP start sPlayerLeaderName:	LEADER_BARBAROSSA
Map Script: Evaluate Start X: 	12	Evaluate Start Y: 	44	Total mountain: 	5	Total water: 	0	Total snow: 	0	Total desert: 	0	Total hill	11	Immediate Food: 	9.2	Immediate Prod: 	8.3	Immediate Culture: 	0	Immediate Faith: 	0	Floodplains	3	Best_tile	6.5	Best_tile_2	5	Plains Tiles	3
Map Script: civAddProdTeamPVP prod_spawn_start:	4.15
Map Script: civAddProdTeamPVP prod_spawn_inner:	4.5
Map Script: Prod balancing: Couldn't add Prod Bonus
Map Script: civAddProdTeamPVP start sPlayerLeaderName:	LEADER_BARBAROSSA
Map Script: Evaluate Start X: 	12	Evaluate Start Y: 	44	Total mountain: 	5	Total water: 	0	Total snow: 	0	Total desert: 	0	Total hill	11	Immediate Food: 	9.2	Immediate Prod: 	8.3	Immediate Culture: 	0	Immediate Faith: 	0	Floodplains	3	Best_tile	6.5	Best_tile_2	5	Plains Tiles	3
Map Script: civAddProdTeamPVP prod_spawn_start:	4.15
Map Script: civAddProdTeamPVP prod_spawn_inner:	4.5
Map Script: Prod balancing: Couldn't add Prod Bonus
Map Script: civAddProdTeamPVP start sPlayerLeaderName:	LEADER_BARBAROSSA
Map Script: Evaluate Start X: 	12	Evaluate Start Y: 	44	Total mountain: 	5	Total water: 	0	Total snow: 	0	Total desert: 	0	Total hill	11	Immediate Food: 	9.2	Immediate Prod: 	8.3	Immediate Culture: 	0	Immediate Faith: 	0	Floodplains	3	Best_tile	6.5	Best_tile_2	5	Plains Tiles	3
Map Script: civAddProdTeamPVP prod_spawn_start:	4.15
Map Script: civAddProdTeamPVP prod_spawn_inner:	4.5
Map Script: Prod balancing: Couldn't add Prod Bonus
Map Script: civAddProdTeamPVP start sPlayerLeaderName:	LEADER_BARBAROSSA
Map Script: Evaluate Start X: 	12	Evaluate Start Y: 	44	Total mountain: 	5	Total water: 	0	Total snow: 	0	Total desert: 	0	Total hill	11	Immediate Food: 	9.2	Immediate Prod: 	8.3	Immediate Culture: 	0	Immediate Faith: 	0	Floodplains	3	Best_tile	6.5	Best_tile_2	5	Plains Tiles	3
Map Script: civAddProdTeamPVP prod_spawn_start:	4.15
Map Script: civAddProdTeamPVP prod_spawn_inner:	4.5
Map Script: Prod balancing: Couldn't add Prod Bonus
Map Script: civAddProdTeamPVP start sPlayerLeaderName:	LEADER_BARBAROSSA
Map Script: Evaluate Start X: 	12	Evaluate Start Y: 	44	Total mountain: 	5	Total water: 	0	Total snow: 	0	Total desert: 	0	Total hill	11	Immediate Food: 	9.2	Immediate Prod: 	8.3	Immediate Culture: 	0	Immediate Faith: 	0	Floodplains	3	Best_tile	6.5	Best_tile_2	5	Plains Tiles	3
Map Script: civAddProdTeamPVP prod_spawn_start:	4.15
Map Script: civAddProdTeamPVP prod_spawn_inner:	4.5
Map Script: Prod balancing: Couldn't add Prod Bonus
Map Script: civAddProdTeamPVP start sPlayerLeaderName:	LEADER_BARBAROSSA
Map Script: Evaluate Start X: 	12	Evaluate Start Y: 	44	Total mountain: 	5	Total water: 	0	Total snow: 	0	Total desert: 	0	Total hill	11	Immediate Food: 	9.2	Immediate Prod: 	8.3	Immediate Culture: 	0	Immediate Faith: 	0	Floodplains	3	Best_tile	6.5	Best_tile_2	5	Plains Tiles	3
Map Script: civAddProdTeamPVP prod_spawn_start:	4.15
Map Script: civAddProdTeamPVP prod_spawn_inner:	4.5
Map Script: Prod balancing: Couldn't add Prod Bonus
Map Script: civAddProdTeamPVP start sPlayerLeaderName:	LEADER_BARBAROSSA
Map Script: Evaluate Start X: 	12	Evaluate Start Y: 	44	Total mountain: 	5	Total water: 	0	Total snow: 	0	Total desert: 	0	Total hill	11	Immediate Food: 	9.2	Immediate Prod: 	8.3	Immediate Culture: 	0	Immediate Faith: 	0	Floodplains	3	Best_tile	6.5	Best_tile_2	5	Plains Tiles	3
Map Script: civAddProdTeamPVP prod_spawn_start:	4.15
Map Script: civAddProdTeamPVP prod_spawn_inner:	4.5
Map Script: Prod balancing: Couldn't add Prod Bonus
Map Script: civAddProdTeamPVP start sPlayerLeaderName:	LEADER_BARBAROSSA
Map Script: Evaluate Start X: 	12	Evaluate Start Y: 	44	Total mountain: 	5	Total water: 	0	Total snow: 	0	Total desert: 	0	Total hill	11	Immediate Food: 	9.2	Immediate Prod: 	8.3	Immediate Culture: 	0	Immediate Faith: 	0	Floodplains	3	Best_tile	6.5	Best_tile_2	5	Plains Tiles	3
Map Script: civAddProdTeamPVP prod_spawn_start:	4.15
Map Script: civAddProdTeamPVP prod_spawn_inner:	4.5
Map Script: Prod balancing: Couldn't add Prod Bonus
Map Script: civAddProdTeamPVP start sPlayerLeaderName:	LEADER_BARBAROSSA
Map Script: Evaluate Start X: 	12	Evaluate Start Y: 	44	Total mountain: 	5	Total water: 	0	Total snow: 	0	Total desert: 	0	Total hill	11	Immediate Food: 	9.2	Immediate Prod: 	8.3	Immediate Culture: 	0	Immediate Faith: 	0	Floodplains	3	Best_tile	6.5	Best_tile_2	5	Plains Tiles	3
Map Script: civAddProdTeamPVP prod_spawn_start:	4.15
Map Script: civAddProdTeamPVP prod_spawn_inner:	4.5
Map Script: Prod balancing: Couldn't add Prod Bonus
Map Script: civAddProdTeamPVP start sPlayerLeaderName:	LEADER_BARBAROSSA
Map Script: Evaluate Start X: 	12	Evaluate Start Y: 	44	Total mountain: 	5	Total water: 	0	Total snow: 	0	Total desert: 	0	Total hill	11	Immediate Food: 	9.2	Immediate Prod: 	8.3	Immediate Culture: 	0	Immediate Faith: 	0	Floodplains	3	Best_tile	6.5	Best_tile_2	5	Plains Tiles	3
Map Script: civAddProdTeamPVP prod_spawn_start:	4.15
Map Script: civAddProdTeamPVP prod_spawn_inner:	4.5
Map Script: Prod balancing: Couldn't add Prod Bonus
Map Script: civAddProdTeamPVP start sPlayerLeaderName:	LEADER_BARBAROSSA
Map Script: Evaluate Start X: 	12	Evaluate Start Y: 	44	Total mountain: 	5	Total water: 	0	Total snow: 	0	Total desert: 	0	Total hill	11	Immediate Food: 	9.2	Immediate Prod: 	8.3	Immediate Culture: 	0	Immediate Faith: 	0	Floodplains	3	Best_tile	6.5	Best_tile_2	5	Plains Tiles	3
Map Script: civAddProdTeamPVP prod_spawn_start:	4.15
Map Script: civAddProdTeamPVP prod_spawn_inner:	4.5
Map Script: Prod balancing: Couldn't add Prod Bonus
Map Script: civAddProdTeamPVP start sPlayerLeaderName:	LEADER_BARBAROSSA
Map Script: Evaluate Start X: 	12	Evaluate Start Y: 	44	Total mountain: 	5	Total water: 	0	Total snow: 	0	Total desert: 	0	Total hill	11	Immediate Food: 	9.2	Immediate Prod: 	8.3	Immediate Culture: 	0	Immediate Faith: 	0	Floodplains	3	Best_tile	6.5	Best_tile_2	5	Plains Tiles	3
Map Script: civAddProdTeamPVP prod_spawn_start:	4.15
Map Script: civAddProdTeamPVP prod_spawn_inner:	4.5
Map Script: Prod balancing: Couldn't add Prod Bonus
Map Script: civAddProdTeamPVP start sPlayerLeaderName:	LEADER_LADY_TRIEU
Map Script: Evaluate Start X: 	25	Evaluate Start Y: 	16	Total mountain: 	3	Total water: 	1	Total snow: 	0	Total desert: 	0	Total hill	14	Immediate Food: 	7.1	Immediate Prod: 	14.4	Immediate Culture: 	1	Immediate Faith: 	1	Floodplains	0	Best_tile	5	Best_tile_2	4	Plains Tiles	13
Map Script: civAddProdTeamPVP prod_spawn_start:	7.2
Map Script: civAddProdTeamPVP prod_spawn_inner:	11.666666666667
Map Script: majList[i].leader:	LEADER_LADY_TRIEU
Map Script: functionCount:	0
Map Script: successCount:	0
Map Script: civAddProdTeamPVP start sPlayerLeaderName:	LEADER_TRAJAN
Map Script: Evaluate Start X: 	38	Evaluate Start Y: 	8	Total mountain: 	5	Total water: 	0	Total snow: 	0	Total desert: 	0	Total hill	10	Immediate Food: 	8.1	Immediate Prod: 	13.066666666667	Immediate Culture: 	0	Immediate Faith: 	0	Floodplains	3	Best_tile	5	Best_tile_2	4.5	Plains Tiles	16
Map Script: civAddProdTeamPVP prod_spawn_start:	6.5333333333333
Map Script: civAddProdTeamPVP prod_spawn_inner:	9.5
Map Script: majList[i].leader:	LEADER_TRAJAN
Map Script: functionCount:	0
Map Script: successCount:	0
Map Script: 产能平衡 - Completed	Wed Sep 16 20:22:22 2026
Map Script: Evaluate Start X: 	44	Evaluate Start Y: 	78	Total mountain: 	2	Total water: 	0	Total snow: 	0	Total desert: 	0	Total hill	10	Immediate Food: 	11.3	Immediate Prod: 	10.2	Immediate Culture: 	0	Immediate Faith: 	0	Floodplains	6	Best_tile	5	Best_tile_2	5	Plains Tiles	5
Map Script: CIVILIZATION_EGYPT	S1-S2-I1-I2:	5	5	5	5	Best	5	Second	5
Map Script: Evaluate Start X: 	75	Evaluate Start Y: 	49	Total mountain: 	3	Total water: 	0	Total snow: 	0	Total desert: 	0	Total hill	11	Immediate Food: 	7.8	Immediate Prod: 	7.4	Immediate Culture: 	2	Immediate Faith: 	0	Floodplains	2	Best_tile	6.5	Best_tile_2	5	Plains Tiles	3
Map Script: CIVILIZATION_BABYLON_STK	S1-S2-I1-I2:	6.5	5	7	7	Best	6.5	Second	6.3
Map Script: Evaluate Start X: 	69	Evaluate Start Y: 	61	Total mountain: 	5	Total water: 	0	Total snow: 	0	Total desert: 	0	Total hill	10	Immediate Food: 	5.1	Immediate Prod: 	7.3	Immediate Culture: 	1	Immediate Faith: 	0	Floodplains	2	Best_tile	5	Best_tile_2	5	Plains Tiles	17
Map Script: CIVILIZATION_INDIA	S1-S2-I1-I2:	5	5	5.5	5	Best	5	Second	5
Map Script: Evaluate Start X: 	75	Evaluate Start Y: 	37	Total mountain: 	2	Total water: 	0	Total snow: 	0	Total desert: 	34	Total hill	6	Immediate Food: 	0	Immediate Prod: 	-1.1102230246252e-16	Immediate Culture: 	0	Immediate Faith: 	0	Floodplains	10	Best_tile	2	Best_tile_2	2	Plains Tiles	0
Map Script: CIVILIZATION_MALI	S1-S2-I1-I2:	2	2	2	2	Best	2.75	Second	2.75
Map Script: Evaluate Start X: 	52	Evaluate Start Y: 	16	Total mountain: 	2	Total water: 	0	Total snow: 	0	Total desert: 	0	Total hill	14	Immediate Food: 	9.7	Immediate Prod: 	9	Immediate Culture: 	0	Immediate Faith: 	0	Floodplains	0	Best_tile	6	Best_tile_2	5	Plains Tiles	7
Map Script: CIVILIZATION_NUBIA	S1-S2-I1-I2:	6	5	5	5	Best	6	Second	5
Map Script: Evaluate Start X: 	26	Evaluate Start Y: 	70	Total mountain: 	1	Total water: 	0	Total snow: 	0	Total desert: 	0	Total hill	11	Immediate Food: 	5.1	Immediate Prod: 	7.5	Immediate Culture: 	0	Immediate Faith: 	0	Floodplains	2	Best_tile	5	Best_tile_2	5	Plains Tiles	15
Map Script: CIVILIZATION_MACEDON	S1-S2-I1-I2:	5	5	5	5	Best	5	Second	5
Map Script: Evaluate Start X: 	13	Evaluate Start Y: 	58	Total mountain: 	0	Total water: 	0	Total snow: 	0	Total desert: 	1	Total hill	11	Immediate Food: 	7.4	Immediate Prod: 	6.7	Immediate Culture: 	0	Immediate Faith: 	0	Floodplains	2	Best_tile	6	Best_tile_2	5	Plains Tiles	10
Map Script: CIVILIZATION_BRAZIL	S1-S2-I1-I2:	6	5	5	5	Best	6	Second	5
Map Script: Evaluate Start X: 	12	Evaluate Start Y: 	44	Total mountain: 	5	Total water: 	0	Total snow: 	0	Total desert: 	0	Total hill	11	Immediate Food: 	9.2	Immediate Prod: 	8.3	Immediate Culture: 	0	Immediate Faith: 	0	Floodplains	3	Best_tile	6.5	Best_tile_2	5	Plains Tiles	3
Map Script: CIVILIZATION_GERMANY	S1-S2-I1-I2:	6.5	5	5	5	Best	6.5	Second	5
Map Script: Evaluate Start X: 	25	Evaluate Start Y: 	16	Total mountain: 	3	Total water: 	1	Total snow: 	0	Total desert: 	0	Total hill	14	Immediate Food: 	7.1	Immediate Prod: 	14.4	Immediate Culture: 	1	Immediate Faith: 	1	Floodplains	0	Best_tile	5	Best_tile_2	4	Plains Tiles	13
Map Script: CIVILIZATION_VIETNAM	S1-S2-I1-I2:	5	4	5	5	Best	5	Second	4.5
Map Script: Evaluate Start X: 	38	Evaluate Start Y: 	8	Total mountain: 	5	Total water: 	0	Total snow: 	0	Total desert: 	0	Total hill	10	Immediate Food: 	8.1	Immediate Prod: 	13.066666666667	Immediate Culture: 	0	Immediate Faith: 	0	Floodplains	3	Best_tile	5	Best_tile_2	4.5	Plains Tiles	16
Map Script: CIVILIZATION_ROME	S1-S2-I1-I2:	5	4.5	5	5	Best	5	Second	4.5
Map Script: 第四阶段：最佳单元格平衡：平均得分：	10.38	Average Best tile:	5.575	Second Avg. Best:	4.805	Top	6.5	LEADER_HAMMURABI	Second	6.3	LEADER_HAMMURABI
Map Script: Tile balancing: Need to adjust: 	LEADER_MANSA_MUSA	Score:	5.5	Missing score:	4.88
Map Script: Terraforming Best valid_target_1: 	1	valid_target_2: 	2
Map Script: Terraforming Best Place One: 	1	avg Best	5.575	missing_amount	4.88
Map Script: Terraforming Best X: 	76	Y: 	37	Added 2/0 Wheat Desert Floodplains
Map Script: Terraforming Best do another plot valid_target_2: 	2
Map Script: Terraforming Best Place Second: 	2	avg_best_2	4.805
Map Script: Terraforming Best X: 	76	Y: 	36	Added 1/0/2 Copper Desert Hill
Map Script: 最佳单元格平衡 - Completed	Wed Sep 16 20:22:22 2026
Map Script: Coastal Terraforming Start X: 	25	Start Y: 	16	Player: 	9	 	LEADER_LADY_TRIEU	CIVILIZATION_VIETNAM
Map Script: Coastal Terraforming (Step 2) X: 	25	Y: 	17	Found a valid Harbor tile
Map Script: Count Waters: 	1
Map Script: Count Reefs: 	0
Map Script: Count Resources: 	1
Map Script: Coastal Terraforming: Lake or Tiny Sea, stop there.
Map Script: TeamPVP 添加淡水 Start X: 	25	Start Y: 	16	Player: 	9	 	LEADER_LADY_TRIEU	CIVILIZATION_VIETNAM
Map Script: Terraforming Water X: 	26	Y: 	16	Added: Water Lake
Map Script: Registered resource	RESOURCE_CATTLE	1
Map Script: Registered resource	RESOURCE_COPPER	2
Map Script: Registered resource	RESOURCE_COPPER	2
Map Script: Registered resource	RESOURCE_COPPER	2
Map Script: Registered resource	RESOURCE_COPPER	2
Map Script: Registered resource	RESOURCE_COPPER	2
Map Script: Registered resource	RESOURCE_CRABS	3
Map Script: Registered resource	RESOURCE_DEER	4
Map Script: Registered resource	RESOURCE_DEER	4
Map Script: Registered resource	RESOURCE_FISH	5
Map Script: Registered resource	RESOURCE_SHEEP	7
Map Script: Registered resource	RESOURCE_SHEEP	7
Map Script: Registered resource	RESOURCE_SHEEP	7
Map Script: Registered resource	RESOURCE_SHEEP	7
Map Script: Registered resource	RESOURCE_STONE	8
Map Script: Registered resource	RESOURCE_STONE	8
Map Script: Registered resource	RESOURCE_RICE	6
Map Script: Registered resource	RESOURCE_WHEAT	9
Map Script: Registered resource	RESOURCE_MAIZE	52
Map Script: Registered resource	RESOURCE_MAIZE	52
Map Script: ZYLRM[RING_TEAM] ring mountain cap: 221 -> 216 of 3600 land (6.00), target <= 6
Map Script: ZYLRM[RING_TEAM] baseline mountain guarantee: added 0, final 216/3600 (6.00), target 3.50
Map Script: ZYLRM[RING_TEAM]: ring water depth enforced (inner-sea coast=1480 outer shelf=866 deep ocean=1779)
Map Script: ZYLRM[RING_TEAM]: wrap seam deep-ocean columns forced (x=0, x=87; 176 tiles)
Map Script: ZYL RVC reef-only resource correction	RESOURCE_AMBER	76	0
Map Script: ZYLRM[RING_TEAM]	WARNING: unable to place ring-two reef resource for coastal-start player	8
Map Script: ZYLRM[RING_TEAM]	ring sea resource	INNER	existing
Map Script: ZYLRM[RING_TEAM]	ring sea resource	OUTER_N	existing
Map Script: ZYLRM[RING_TEAM]	ring sea resource	OUTER_S	existing
Map Script: ZYLRM[RING_TEAM]	ring sea resource	OUTER_E	existing
Map Script: ZYLRM[RING_TEAM]	ring sea resource	OUTER_W	existing
Map Script: Generating routes
Map Script: ZYLRM routes: 1277 (level 1)
Map Script: ZYLRM[RING_TEAM] mountains: 216 / 3600 land tiles (6.00)
Map Script: ZYLRM[RING_TEAM] offshore island land:	707	tiles
Map Script: ZYLRM[RING_TEAM] map fingerprint:	873216269
Map Script: ZYLRM[RING_TEAM]: Rich Mainland generation complete
WorldCongress: Initializing World Congress Lua
bbg_script: InitCapitals: Called
bbg_script: BBG - capital data initialized
bbg_script: BBG Amani Gameplay hooks added
bbg_script: BBG Spy Capture Capacity Gameplay Hook Added
bbg_script: BCY Maximum and No-RNG: On Settle Yield Addition Hook Added
UnitFlagManager: UnitFlagManager for Better Spectator Mod
MapPinManager: DMT_MapPinManager Loading mappinmanager.lua as base file
StatusMessagePanel: MPH StatusMessagePanel Replacement
ChatPanel: MPH Chat Panel
MapSearchPanel: Created SearchContext 'MapSearch_Primary'
MapSearchPanel: Created SearchContext 'MapSearch_Suggestions'
TopPanel: Loading TopPanel_Expansion2 as base file
WorldRankings: WorldRankings for BBG XP2
TradeOverview: Initializing BTS Trade Overview
ReportsList: Loading ReportsListLoader.lua from ReportsList Loader 1.1
ReportsList: OK loaded ReportsListLoader.lua from ReportsList Loader
ReportScreen: Loading ReportScreen.lua from Better Report Screen version 7.0
ReportScreen: Rise & Fall    :	YES
ReportScreen: Gathering Storm:	YES
ReportScreen: Monopolies     :	YES
ReportScreen: BRS: Loaded file BRSPage_Yields.lua
ReportScreen: BRS: Loaded file BRSPage_Resources.lua
ReportScreen: BRS: Loaded file BRSPage_Gossip.lua
ReportScreen: BRS: Loaded file BRSPage_CityStatus.lua
ReportScreen: BRS: Loaded file BRSPage_Units.lua
ReportScreen: BRS: Loaded file BRSPage_Deals.lua
ReportScreen: BRS: Loaded file BRSPage_Policy.lua
ReportScreen: BRS: Loaded file BRSPage_Minor.lua
ReportScreen: BRS: Loaded file BRSPage_Cities2.lua
ReportScreen: OK loaded ReportScreen.lua from Better Report Screen
TradeOriginChooser: Initializing BTS Trade Origin Chooser
MapPinPopup: initializing MapTacks.IconOptions(1)
MapPinPopup: Selected 16 columns
MapPinPopup: DMT_MapPinPopup Loading mappinpopup.lua as base file
DiplomacyActionView: DiplomacyActionView for MPH
DiplomacyDealView: Loaded BDW XP2
DiplomacyDealView: Loaded ZYLPVPMOD Better Deal Window / MPH compatibility
DiplomacyDealView: Writing existing deals into history
EndGameMenu: Custom EndGameMenu for MPH
PausePanel: CheckPausedState()	1789561357
PausePanel: ClosePausePanel()	1789561357
InGame: MPH InGame
InGame: Loading InGame UI - ../../../DLC/Expansion2/UI/Additions/DedicationPopup
InGame: Loading InGame UI - ../../../DLC/Expansion2/UI/Additions/DisloyalCityChooser
InGame: Loading InGame UI - ../../../DLC/Expansion2/UI/Additions/EraProgressPanel
InGame: Loading InGame UI - ../../../DLC/Expansion2/UI/Additions/EraReviewPopup
InGame: Loading InGame UI - ../../../DLC/Expansion2/UI/Additions/ExpansionIntro
InGame: Loading InGame UI - ../../../DLC/Expansion2/UI/Additions/GovernorAssignmentChooser
InGame: Loading InGame UI - ../../../DLC/Expansion2/UI/Additions/GovernorPanel
InGame: Loading InGame UI - ../../../DLC/Expansion2/UI/Additions/HistoricMoments
InGame: Loading InGame UI - ../../../DLC/Expansion2/UI/Additions/WorldCrisisPopup
InGame: Loading InGame UI - D:/Steam/steamapps/workshop/content/289070/3792052697/Settings/UI/TPT_SettingsPanel
InGame: Loading InGame UI - D:/Steam/steamapps/workshop/content/289070/3792052697/NHK/UI/MapPin_HotKey
InGame: Loading InGame UI - D:/Steam/steamapps/workshop/content/289070/3792052697/NHK/UI/AutoRecruit_GreatPerson_HotKey
InGame: Loading InGame UI - D:/Steam/steamapps/workshop/content/289070/3792052697/BRS/RealModifierAnalysis
RealModifierAnalysis: Loading Real Modifier Analysis.lua from Better Report Screen version 7.0
RealModifierAnalysis: OK loaded Real Modifier Analysis.lua from Better Report Screen
InGame: Loading InGame UI - D:/Steam/steamapps/workshop/content/289070/3792052697/Components/BBG/scripts/bbg_uitogameplay
bbg_uitogameplay: BBG UI to Gameplay Script started
bbg_uitogameplay: Delete Amani UI hooks added
bbg_uitogameplay: Spy Capture Capacity UI hook added
InGame: Loading InGame UI - D:/Steam/steamapps/workshop/content/289070/3792052697/Components/BBM/UI/BBM_UI
BBM_UI: -------------- BBM UI v1.39.1 -D- Init --------------
InGame: Loading InGame UI - D:/Steam/steamapps/workshop/content/289070/3792052697/Components/DetailedMapTacks/ui/dmt_yieldcalculator
dmt_yieldcalculator: Loading DMT_YieldCalculator.lua
dmt_yieldcalculator: Loading DMT_ModifierCalculator.lua
dmt_yieldcalculator: Loading DMT_ModifierRequirementChecker.lua
InGame: Loading InGame UI - D:/Steam/steamapps/workshop/content/289070/3792052697/NHK/UI/TurnTime_HotKey
InGame: Loading InGame UI - ../../../DLC/KublaiKhan_Vietnam/UI/Additions/CreateCorporationPopup
InGame: Loading InGame UI - ../../../DLC/Ethiopia/UI/Additions/SecretSocietyPopup
InGame: Loading InGame UI - D:/Steam/steamapps/workshop/content/289070/3792052697/ui/Additions/DropControl
InGame: Loading InGame UI - D:/Steam/steamapps/workshop/content/289070/3792052697/ui/Additions/MPHOptions
InGame: Loading InGame UI - D:/Steam/steamapps/workshop/content/289070/3792052697/ui/Additions/VotePanel
InGame: Loading InGame UI - D:/Steam/steamapps/workshop/content/289070/3792052697/ui/Additions/BlacklistPanel
InGame: Loading InGame UI - D:/Steam/steamapps/workshop/content/289070/3792052697/RMC/UI/RevealMapCorners
InGame: Loading InGame UI - D:/Steam/steamapps/workshop/content/289070/3792052697/ui/Additions/QuickControls
QuickControls: ZYLPVPMOD Quick Controls
InGame: Loading InGame UI - D:/Steam/steamapps/workshop/content/289070/3792052697/ui/Additions/IdentityRolePanel
InGame: Loading InGame UI - D:/Steam/steamapps/workshop/content/289070/3792052697/NHK/UI/NewUnitOperation
InGame: Loading InGame UI - D:/Steam/steamapps/workshop/content/289070/3792052697/FEB/UI/ForcedEndButton
InGame: Loading InGame UI - D:/Steam/steamapps/workshop/content/289070/3792052697/BTS/Settings/BTS_SettingsPanel
BTS_SettingsPanel: ~~~~~~~~~~~~~~~~~~~~~~~~~~~~~~~~~~~~~~
BTS_SettingsPanel:           BTS Settings Panel
BTS_SettingsPanel: ~~~~~~~~~~~~~~~~~~~~~~~~~~~~~~~~~~~~~~
TradeOverview: Trade Overview: BTS settings changed
InGame: Loading InGame UI - D:/Steam/steamapps/workshop/content/289070/3792052697/TPE/UI/TopPanel_TT
InGame: Loading InGame UI - D:/Steam/steamapps/workshop/content/289070/3792052697/Components/TeamPVPSecretSocieties/Taoist/UI/Taoist_UI
TutorialUIRoot: Tutorial: Firaxis in game tutorial prompts.
TutorialUIRoot: Version: 1
TutorialUIRoot: Loading bank of items for tutorial scenario: 'BASE'
ChatPanel: MPH Command	.mph_ui_seed_m-1873172215
ChatPanel: MPH Command	.mph_ui_seed_g-1873172216
ChatPanel: MPH Command	.mph_ui_mapfp_2045447149
ChatPanel: MPH Command	.mph_ui_seed_m-1873172215
ChatPanel: MPH Command	.mph_ui_seed_g-1873172216
ChatPanel: MPH Command	.mph_ui_mapfp_2045447149
ChatPanel: MPH Command	.mph_ui_seed_m-1873172215
ChatPanel: MPH Command	.mph_ui_seed_g-1873172216
ChatPanel: MPH Command	.mph_ui_mapfp_2045447149
ChatPanel: MPH Command	.mph_ui_seed_m-1873172215
ChatPanel: MPH Command	.mph_ui_seed_g-1873172216
ChatPanel: MPH Command	.mph_ui_mapfp_2045447149
LoadScreen: OnLoadGameViewStateDone
PausePanel: CheckPausedState()	1789561382
PausePanel: ClosePausePanel()	1789561382
PausePanel: CheckPausedState()	1789561383
PausePanel: ClosePausePanel()	1789561383
PausePanel: CheckPausedState()	1789561383
PausePanel: ClosePausePanel()	1789561383
PausePanel: CheckPausedState()	1789561383
PausePanel: ClosePausePanel()	1789561383
PausePanel: CheckPausedState()	1789561383
PausePanel: ClosePausePanel()	1789561383
PausePanel: CheckPausedState()	1789561383
PausePanel: ClosePausePanel()	1789561383
PausePanel: CheckPausedState()	1789561383
PausePanel: ClosePausePanel()	1789561383
PausePanel: CheckPausedState()	1789561383
PausePanel: ClosePausePanel()	1789561383
PausePanel: CheckPausedState()	1789561383
PausePanel: ClosePausePanel()	1789561383
PausePanel: CheckPausedState()	1789561383
PausePanel: ClosePausePanel()	1789561383
PausePanel: CheckPausedState()	1789561383
PausePanel: ClosePausePanel()	1789561383
bbg_script: OnBCYCityBuiltLegacy started
bbg_script: OnBCYCityBuiltLegacy started
bbg_script: OnBCYCityBuiltLegacy started
bbg_script: OnBCYCityBuiltLegacy started
bbg_script: OnBCYCityBuiltLegacy started
bbg_script: OnBCYCityBuiltLegacy started
bbg_script: OnBCYCityBuiltLegacy started
bbg_script: OnBCYCityBuiltLegacy started
bbg_script: OnBCYCityBuiltLegacy started
bbg_script: OnBCYCityBuiltLegacy started
bbg_script: OnBCYCityBuiltLegacy started
bbg_script: OnBCYCityBuiltLegacy started
bbg_script: OnBCYCityBuiltLegacy started
bbg_script: OnBCYCityBuiltLegacy started
bbg_script: OnBCYCityBuiltLegacy started
bbg_script: OnBCYCityBuiltLegacy started
bbg_uitogameplay: Resolving Buffered Parameters
bbg_uitogameplay: Shoud Terminate
BBM_UI: BBM UI Welcome 	1.39.1
TurnTime_HotKey: 本地玩家回合开始
bbg_script: OnBCYCityBuiltLegacy started
bbg_script: OnBCYCityBuiltLegacy started
bbg_script: OnBCYCityBuiltLegacy started
bbg_script: OnBCYCityBuiltLegacy started
bbg_script: OnBCYCityBuiltLegacy started
PlotInfo: PlotInfo::OnCitySelectionChanged	1	65536	73	49	0	true	false
PlotInfo: PlotInfo::OnCitySelectionChanged	1	65536	0	0	0	false	false
InGame: Request to BulkHide( true, Diplomacy ), Show on 0 = 1
DiplomacyActionView:  AddIntelAlliance(tabContainer:table)
DiplomacyDealView: Global DarkenLightenColor has been deprecated.  Use UI.DarkenLightenColor instead.
DiplomacyDealView: Global DarkenLightenColor has been deprecated.  Use UI.DarkenLightenColor instead.
DiplomacyDealView: Global DarkenLightenColor has been deprecated.  Use UI.DarkenLightenColor instead.
DiplomacyDealView: Global DarkenLightenColor has been deprecated.  Use UI.DarkenLightenColor instead.
TutorialUIRoot: diplo stmt type=-2065048438
DiplomacyActionView: Closing Diplomacy Action View. m_eventID: 72515
InGame: Request to BulkHide( false, Diplomacy ), Show on 0 = 0
TurnTime_HotKey: 本地玩家回合结束
PausePanel: CheckPausedState()	1789561485
PausePanel: ClosePausePanel()	1789561485
bbg_uitogameplay: Resolving Buffered Parameters
bbg_uitogameplay: Shoud Terminate
TurnTime_HotKey: 本地玩家回合开始
PlotInfo: PlotInfo::OnCitySelectionChanged	1	65536	73	49	0	true	false
PlotInfo: PlotInfo::OnCitySelectionChanged	1	65536	0	0	0	false	false
TurnTime_HotKey: 本地玩家回合结束
bbg_uitogameplay: OnGovernorChanged
bbg_uitogameplay: 4	11
bbg_uitogameplay: OnGovernorChanged
bbg_uitogameplay: 4	4
PausePanel: CheckPausedState()	1789561509
PausePanel: ClosePausePanel()	1789561509
PausePanel: CheckPausedState()	1789561510
PausePanel: ClosePausePanel()	1789561510
PausePanel: CheckPausedState()	1789561510
PausePanel: ClosePausePanel()	1789561510
PausePanel: CheckPausedState()	1789561514
PausePanel: ClosePausePanel()	1789561514
PausePanel: CheckPausedState()	1789561515
PausePanel: ClosePausePanel()	1789561515
PausePanel: CheckPausedState()	1789561516
PausePanel: ClosePausePanel()	1789561516
PausePanel: CheckPausedState()	1789561516
PausePanel: ClosePausePanel()	1789561516
bbg_uitogameplay: Resolving Buffered Parameters
bbg_uitogameplay: Shoud Terminate
TurnTime_HotKey: 本地玩家回合开始
bbg_uitogameplay: OnGovernorChanged
bbg_uitogameplay: 4	11
bbg_uitogameplay: OnGovernorChanged
bbg_uitogameplay: 4	4
TurnTime_HotKey: 本地玩家回合结束
PausePanel: CheckPausedState()	1789561555
PausePanel: ClosePausePanel()	1789561555
PausePanel: CheckPausedState()	1789561555
PausePanel: ClosePausePanel()	1789561555
PausePanel: CheckPausedState()	1789561557
PausePanel: ClosePausePanel()	1789561557
PausePanel: CheckPausedState()	1789561557
PausePanel: ClosePausePanel()	1789561557
PausePanel: CheckPausedState()	1789561559
PausePanel: ClosePausePanel()	1789561559
PausePanel: CheckPausedState()	1789561560
PausePanel: ClosePausePanel()	1789561560
PausePanel: CheckPausedState()	1789561560
PausePanel: ClosePausePanel()	1789561560
PausePanel: CheckPausedState()	1789561560
PausePanel: ClosePausePanel()	1789561560
PausePanel: CheckPausedState()	1789561560
PausePanel: ClosePausePanel()	1789561560
PlotInfo: PlotInfo::OnCitySelectionChanged	1	65536	73	49	0	true	false
bbg_uitogameplay: OnGovernorChanged
bbg_uitogameplay: 0	11
bbg_uitogameplay: OnGovernorChanged
bbg_uitogameplay: 0	2
PausePanel: CheckPausedState()	1789561597
PausePanel: ClosePausePanel()	1789561597
bbg_uitogameplay: OnGovernorChanged
bbg_uitogameplay: 8	10
bbg_script: OnBCYCityBuiltLegacy started
bbg_uitogameplay: Resolving Buffered Parameters
bbg_uitogameplay: Shoud Terminate
TurnTime_HotKey: 本地玩家回合开始
bbg_uitogameplay: OnGovernorChanged
bbg_uitogameplay: 0	11
bbg_uitogameplay: OnGovernorChanged
bbg_uitogameplay: 0	2
bbg_uitogameplay: OnGovernorChanged
bbg_uitogameplay: 4	11
bbg_uitogameplay: OnGovernorChanged
bbg_uitogameplay: 4	4
PlotInfo: PlotInfo::OnCitySelectionChanged	1	65536	0	0	0	false	false
PlotInfo: PlotInfo::OnCitySelectionChanged	1	65536	73	49	0	true	false
PausePanel: CheckPausedState()	1789561620
PausePanel: ClosePausePanel()	1789561620
PausePanel: CheckPausedState()	1789561621
PausePanel: ClosePausePanel()	1789561621
PausePanel: CheckPausedState()	1789561621
PausePanel: ClosePausePanel()	1789561621
PlotInfo: PlotInfo::OnCitySelectionChanged	1	65536	0	0	0	false	false
PausePanel: CheckPausedState()	1789561629
PausePanel: ClosePausePanel()	1789561629
PausePanel: CheckPausedState()	1789561630
PausePanel: ClosePausePanel()	1789561630
PausePanel: CheckPausedState()	1789561630
PausePanel: ClosePausePanel()	1789561630
bbg_uitogameplay: OnGovernorChanged
bbg_uitogameplay: 1	9
bbg_uitogameplay: OnGovernorChanged
bbg_uitogameplay: 1	2
TurnTime_HotKey: 本地玩家回合结束
PausePanel: CheckPausedState()	1789561658
PausePanel: ClosePausePanel()	1789561658
bbg_script: OnBCYCityBuiltLegacy started
bbg_uitogameplay: OnGovernorChanged
bbg_uitogameplay: 8	10
bbg_uitogameplay: OnGovernorChanged
bbg_uitogameplay: 8	5
bbg_uitogameplay: OnGovernorChanged
bbg_uitogameplay: 9	10
bbg_uitogameplay: Resolving Buffered Parameters
bbg_uitogameplay: Shoud Terminate
TurnTime_HotKey: 本地玩家回合开始
bbg_uitogameplay: OnGovernorChanged
bbg_uitogameplay: 0	11
bbg_uitogameplay: OnGovernorChanged
bbg_uitogameplay: 0	2
bbg_uitogameplay: OnGovernorChanged
bbg_uitogameplay: 1	9
bbg_uitogameplay: OnGovernorChanged
bbg_uitogameplay: 1	2
bbg_uitogameplay: OnGovernorChanged
bbg_uitogameplay: 4	11
bbg_uitogameplay: OnGovernorChanged
bbg_uitogameplay: 4	4
PlotInfo: PlotInfo::OnCitySelectionChanged	1	65536	73	49	0	true	false
PlotInfo: PlotInfo::OnCitySelectionChanged	1	65536	0	0	0	false	false
MapLabelManager: 阿尔金湾 (2773.5810546875, -86.78833770752)
MapLabelManager: 阿尔金湾 (-2747.4489746094, -564.73040771484)
bbg_uitogameplay: OnGovernorChanged
bbg_uitogameplay: 3	10
bbg_uitogameplay: OnGovernorChanged
bbg_uitogameplay: 3	3
PlotInfo: PlotInfo::OnCitySelectionChanged	1	65536	73	49	0	true	false
PausePanel: CheckPausedState()	1789561686
PausePanel: ClosePausePanel()	1789561686
PausePanel: CheckPausedState()	1789561690
PausePanel: ClosePausePanel()	1789561690
PausePanel: CheckPausedState()	1789561693
PausePanel: ClosePausePanel()	1789561693
PausePanel: CheckPausedState()	1789561693
PausePanel: ClosePausePanel()	1789561693
PlotInfo: PlotInfo::OnCitySelectionChanged	1	65536	0	0	0	false	false
TurnTime_HotKey: 本地玩家回合结束
PausePanel: CheckPausedState()	1789561711
PausePanel: ClosePausePanel()	1789561711
bbg_script: OnBCYCityBuiltLegacy started
bbg_script: OnBCYCityBuiltLegacy started
bbg_uitogameplay: OnGovernorChanged
bbg_uitogameplay: 7	9
bbg_uitogameplay: OnGovernorChanged
bbg_uitogameplay: 8	10
bbg_uitogameplay: OnGovernorChanged
bbg_uitogameplay: 8	5
bbg_uitogameplay: OnGovernorChanged
bbg_uitogameplay: 9	10
bbg_uitogameplay: OnGovernorChanged
bbg_uitogameplay: 9	5
bbg_uitogameplay: Resolving Buffered Parameters
bbg_uitogameplay: Shoud Terminate
TurnTime_HotKey: 本地玩家回合开始
bbg_uitogameplay: OnGovernorChanged
bbg_uitogameplay: 0	11
bbg_uitogameplay: OnGovernorChanged
bbg_uitogameplay: 0	2
bbg_uitogameplay: OnGovernorChanged
bbg_uitogameplay: 1	9
bbg_uitogameplay: OnGovernorChanged
bbg_uitogameplay: 1	2
bbg_uitogameplay: OnGovernorChanged
bbg_uitogameplay: 3	10
bbg_uitogameplay: OnGovernorChanged
bbg_uitogameplay: 3	3
bbg_uitogameplay: OnGovernorChanged
bbg_uitogameplay: 4	11
bbg_uitogameplay: OnGovernorChanged
bbg_uitogameplay: 4	4
bbg_uitogameplay: OnGovernorChanged
bbg_uitogameplay: 2	10
bbg_uitogameplay: OnGovernorChanged
bbg_uitogameplay: 2	2
PlotInfo: PlotInfo::OnCitySelectionChanged	1	65536	73	49	0	true	false
PausePanel: CheckPausedState()	1789561738
PausePanel: ClosePausePanel()	1789561738
PausePanel: CheckPausedState()	1789561740
PausePanel: ClosePausePanel()	1789561740
PausePanel: CheckPausedState()	1789561740
PausePanel: ClosePausePanel()	1789561740
PausePanel: CheckPausedState()	1789561742
PausePanel: ClosePausePanel()	1789561742
PausePanel: CheckPausedState()	1789561742
PausePanel: ClosePausePanel()	1789561742
PausePanel: CheckPausedState()	1789561743
PausePanel: ClosePausePanel()	1789561743
PausePanel: CheckPausedState()	1789561743
PausePanel: ClosePausePanel()	1789561743
PausePanel: CheckPausedState()	1789561747
PausePanel: ClosePausePanel()	1789561747
PausePanel: CheckPausedState()	1789561749
PausePanel: ClosePausePanel()	1789561749
PausePanel: CheckPausedState()	1789561749
PausePanel: ClosePausePanel()	1789561749
PlotInfo: PlotInfo::OnCitySelectionChanged	1	65536	0	0	0	false	false
PausePanel: CheckPausedState()	1789561756
PausePanel: ClosePausePanel()	1789561756
PausePanel: CheckPausedState()	1789561756
PausePanel: ClosePausePanel()	1789561756
PausePanel: CheckPausedState()	1789561757
PausePanel: ClosePausePanel()	1789561757
PausePanel: CheckPausedState()	1789561757
PausePanel: ClosePausePanel()	1789561757
PausePanel: CheckPausedState()	1789561758
PausePanel: ClosePausePanel()	1789561758
PausePanel: CheckPausedState()	1789561758
PausePanel: ClosePausePanel()	1789561758
PausePanel: CheckPausedState()	1789561759
PausePanel: ClosePausePanel()	1789561759
PausePanel: CheckPausedState()	1789561760
PausePanel: ClosePausePanel()	1789561760
PausePanel: CheckPausedState()	1789561760
PausePanel: ClosePausePanel()	1789561760
PausePanel: CheckPausedState()	1789561761
PausePanel: ClosePausePanel()	1789561761
PausePanel: CheckPausedState()	1789561761
PausePanel: ClosePausePanel()	1789561761
TurnTime_HotKey: 本地玩家回合结束
PausePanel: CheckPausedState()	1789561776
PausePanel: ClosePausePanel()	1789561776
bbg_uitogameplay: OnGovernorChanged
bbg_uitogameplay: 6	9
bbg_uitogameplay: OnGovernorChanged
bbg_uitogameplay: 7	9
bbg_uitogameplay: OnGovernorChanged
bbg_uitogameplay: 7	2
bbg_uitogameplay: OnGovernorChanged
bbg_uitogameplay: 8	10
bbg_uitogameplay: OnGovernorChanged
bbg_uitogameplay: 8	5
bbg_script: OnBCYCityBuiltLegacy started
bbg_uitogameplay: OnGovernorChanged
bbg_uitogameplay: 9	10
bbg_uitogameplay: OnGovernorChanged
bbg_uitogameplay: 9	5
bbg_uitogameplay: Resolving Buffered Parameters
bbg_uitogameplay: Shoud Terminate
TurnTime_HotKey: 本地玩家回合开始
bbg_uitogameplay: OnGovernorChanged
bbg_uitogameplay: 0	11
bbg_uitogameplay: OnGovernorChanged
bbg_uitogameplay: 0	2
bbg_uitogameplay: OnGovernorChanged
bbg_uitogameplay: 1	9
bbg_uitogameplay: OnGovernorChanged
bbg_uitogameplay: 1	2
bbg_uitogameplay: OnGovernorChanged
bbg_uitogameplay: 2	10
bbg_uitogameplay: OnGovernorChanged
bbg_uitogameplay: 2	2
bbg_uitogameplay: OnGovernorChanged
bbg_uitogameplay: 3	10
bbg_uitogameplay: OnGovernorChanged
bbg_uitogameplay: 3	3
bbg_uitogameplay: OnGovernorChanged
bbg_uitogameplay: 4	11
bbg_uitogameplay: OnGovernorChanged
bbg_uitogameplay: 4	4
MapLabelManager: 泛大洋 (924.08325195313, -815.25091552734)
MapLabelManager: 泛大洋 (1168.3503417969, 266.98345947266)
MapLabelManager: 泛大洋 (1032.9537353516, -207.06968688965)
MapLabelManager: 泛大洋 (504.04992675781, -540.47143554688)
MapLabelManager: 瑞亚克洋 (-796.4072265625, 835.19403076172)
MapLabelManager: 瑞亚克洋 (-302.23370361328, 1008.003112793)
MapLabelManager: 瑞亚克洋 (490.27432250977, 860.59545898438)
MapLabelManager: 瑞亚克洋 (-315.26553344727, 469.27896118164)
PlotInfo: PlotInfo::OnCitySelectionChanged	1	65536	73	49	0	true	false
PlotInfo: PlotInfo::OnCitySelectionChanged	1	65536	0	0	0	false	false
PlotInfo: PlotInfo::OnCitySelectionChanged	1	65536	73	49	0	true	false
PlotInfo: PlotInfo::OnCitySelectionChanged	1	65536	0	0	0	false	false
PausePanel: CheckPausedState()	1789561828
PausePanel: ClosePausePanel()	1789561828
PausePanel: CheckPausedState()	1789561831
PausePanel: ClosePausePanel()	1789561831
PausePanel: CheckPausedState()	1789561849
PausePanel: ClosePausePanel()	1789561849
PausePanel: CheckPausedState()	1789561850
PausePanel: ClosePausePanel()	1789561850
PausePanel: CheckPausedState()	1789561852
PausePanel: ClosePausePanel()	1789561852
PausePanel: CheckPausedState()	1789561852
PausePanel: ClosePausePanel()	1789561852
TurnTime_HotKey: 本地玩家回合结束
PausePanel: CheckPausedState()	1789561882
PausePanel: ClosePausePanel()	1789561882
bbg_script: OnGameplaySetAmaniProperty called
bbg_script: Amani_RecalculatePlayer called
bbg_script: Amani_RecalculateCity called
bbg_script: Player AMANI Property Detected
bbg_script: Amani iMinorID	11
bbg_script: Amani_RecalculateCity called
bbg_script: Player AMANI Property Detected
bbg_script: Amani iMinorID	11
bbg_script: OnGameplaySetAmaniProperty called
bbg_script: Amani_RecalculatePlayer called
bbg_script: Amani_RecalculateCity called
bbg_script: Player AMANI Property Detected
bbg_script: Amani iMinorID	11
bbg_script: Amani_RecalculateCity called
bbg_script: Player AMANI Property Detected
bbg_script: Amani iMinorID	11
bbg_uitogameplay: OnGovernorChanged
bbg_uitogameplay: 6	9
bbg_uitogameplay: OnGovernorChanged
bbg_uitogameplay: 6	1
bbg_script: OnGameplaySetAmaniProperty called
bbg_script: Amani_RecalculatePlayer called
bbg_script: Amani_RecalculateCity called
bbg_script: Player AMANI Property Detected
bbg_script: Amani iMinorID	11
bbg_script: Amani_RecalculateCity called
bbg_script: Player AMANI Property Detected
bbg_script: Amani iMinorID	11
bbg_script: OnBCYCityBuiltLegacy started
bbg_script: OnGameplaySetAmaniProperty called
bbg_script: Amani_RecalculatePlayer called
bbg_script: Amani_RecalculateCity called
bbg_script: Player AMANI Property Detected
bbg_script: Amani iMinorID	11
bbg_script: Amani_RecalculateCity called
bbg_script: Player AMANI Property Detected
bbg_script: Amani iMinorID	11
bbg_uitogameplay: OnGovernorChanged
bbg_uitogameplay: 7	9
bbg_uitogameplay: OnGovernorChanged
bbg_uitogameplay: 7	2
bbg_script: OnBCYCityBuiltLegacy started
bbg_uitogameplay: OnGovernorChanged
bbg_uitogameplay: 8	10
bbg_uitogameplay: OnGovernorChanged
bbg_uitogameplay: 8	5
bbg_uitogameplay: OnGovernorChanged
bbg_uitogameplay: 9	10
bbg_uitogameplay: OnGovernorChanged
bbg_uitogameplay: 9	5
bbg_script: OnGameplaySetAmaniProperty called
bbg_script: Amani_RecalculatePlayer called
bbg_script: Amani_RecalculateCity called
bbg_script: Player AMANI Property Detected
bbg_script: Amani iMinorID	11
bbg_script: Amani_RecalculateCity called
bbg_script: Player AMANI Property Detected
bbg_script: Amani iMinorID	11
bbg_uitogameplay: Resolving Buffered Parameters
bbg_uitogameplay: Shoud Terminate
TurnTime_HotKey: 本地玩家回合开始
bbg_uitogameplay: OnGovernorChanged
bbg_uitogameplay: 0	11
bbg_uitogameplay: OnGovernorChanged
bbg_uitogameplay: 0	2
bbg_uitogameplay: OnGovernorChanged
bbg_uitogameplay: 1	9
bbg_uitogameplay: OnGovernorChanged
bbg_uitogameplay: 1	2
bbg_uitogameplay: OnGovernorChanged
bbg_uitogameplay: 2	10
bbg_uitogameplay: OnGovernorChanged
bbg_uitogameplay: 2	2
bbg_uitogameplay: OnGovernorChanged
bbg_uitogameplay: 3	10
bbg_uitogameplay: OnGovernorChanged
bbg_uitogameplay: 3	3
bbg_uitogameplay: OnGovernorChanged
bbg_uitogameplay: 4	11
bbg_uitogameplay: OnGovernorChanged
bbg_uitogameplay: 4	4
PausePanel: CheckPausedState()	1789561911
PausePanel: ClosePausePanel()	1789561911
PausePanel: CheckPausedState()	1789561912
PausePanel: ClosePausePanel()	1789561912
PausePanel: CheckPausedState()	1789561912
PausePanel: ClosePausePanel()	1789561912
PausePanel: CheckPausedState()	1789561914
PausePanel: ClosePausePanel()	1789561914
PausePanel: CheckPausedState()	1789561914
PausePanel: ClosePausePanel()	1789561914
PausePanel: CheckPausedState()	1789561915
PausePanel: ClosePausePanel()	1789561915
PausePanel: CheckPausedState()	1789561917
PausePanel: ClosePausePanel()	1789561917
PausePanel: CheckPausedState()	1789561917
PausePanel: ClosePausePanel()	1789561917
PausePanel: CheckPausedState()	1789561918
PausePanel: ClosePausePanel()	1789561918
PausePanel: CheckPausedState()	1789561918
PausePanel: ClosePausePanel()	1789561918
PlotInfo: PlotInfo::OnCitySelectionChanged	1	65536	73	49	0	true	false
PausePanel: CheckPausedState()	1789561938
PausePanel: ClosePausePanel()	1789561938
PausePanel: CheckPausedState()	1789561958
PausePanel: ClosePausePanel()	1789561958
PlotInfo: PlotInfo::OnCitySelectionChanged	1	65536	0	0	0	false	false
TurnTime_HotKey: 本地玩家回合结束
PausePanel: CheckPausedState()	1789561992
PausePanel: ClosePausePanel()	1789561992
bbg_uitogameplay: OnGovernorChanged
bbg_uitogameplay: 5	11
bbg_script: OnGameplaySetAmaniProperty called
bbg_script: Amani_RecalculatePlayer called
bbg_script: Amani_RecalculateCity called
bbg_script: Player AMANI Property Detected
bbg_script: Amani iMinorID	11
bbg_script: Amani_RecalculateCity called
bbg_script: Player AMANI Property Detected
bbg_script: Amani iMinorID	11
bbg_script: OnGameplaySetAmaniProperty called
bbg_script: Amani_RecalculatePlayer called
bbg_script: Amani_RecalculateCity called
bbg_script: Player AMANI Property Detected
bbg_script: Amani iMinorID	11
bbg_script: Amani_RecalculateCity called
bbg_script: Player AMANI Property Detected
bbg_script: Amani iMinorID	11
bbg_uitogameplay: OnGovernorChanged
bbg_uitogameplay: 6	9
bbg_uitogameplay: OnGovernorChanged
bbg_uitogameplay: 6	1
bbg_uitogameplay: amani removed -> recalculate amani yields and plot properties, player properties as well
bbg_script: OnGameplaySetAmaniProperty called
bbg_script: Amani_RecalculatePlayer called
bbg_script: Amani_RecalculateCity called
bbg_script: Player AMANI Property Detected
bbg_script: Amani iMinorID	11
bbg_script: Amani_RecalculateCity called
bbg_script: Player AMANI Property Detected
bbg_script: Amani iMinorID	11
bbg_uitogameplay: OnGovernorChanged
bbg_uitogameplay: 7	9
bbg_uitogameplay: OnGovernorChanged
bbg_uitogameplay: 7	2
bbg_uitogameplay: OnGovernorChanged
bbg_uitogameplay: 8	10
bbg_uitogameplay: OnGovernorChanged
bbg_uitogameplay: 8	5
bbg_uitogameplay: OnGovernorChanged
bbg_uitogameplay: 9	10
bbg_uitogameplay: OnGovernorChanged
bbg_uitogameplay: 9	5
bbg_script: OnGameplaySetAmaniProperty called
bbg_script: Amani_RecalculatePlayer called
bbg_script: Amani_RecalculateCity called
bbg_script: Player AMANI Property Detected
bbg_script: Amani iMinorID	11
bbg_script: Amani_RecalculateCity called
bbg_script: Player AMANI Property Detected
bbg_script: Amani iMinorID	11
bbg_script: OnGameplaySetAmaniProperty called
bbg_script: Amani_RecalculatePlayer called
bbg_script: Amani_RecalculateCity called
bbg_script: Player AMANI Property Detected
bbg_script: Amani iMinorID	11
bbg_script: Amani_RecalculateCity called
bbg_script: Player AMANI Property Detected
bbg_script: Amani iMinorID	11
bbg_uitogameplay: Resolving Buffered Parameters
bbg_uitogameplay: Shoud Terminate
TurnTime_HotKey: 本地玩家回合开始
bbg_uitogameplay: OnGovernorChanged
bbg_uitogameplay: 0	11
bbg_uitogameplay: OnGovernorChanged
bbg_uitogameplay: 0	2
bbg_uitogameplay: OnGovernorChanged
bbg_uitogameplay: 1	9
bbg_uitogameplay: OnGovernorChanged
bbg_uitogameplay: 1	2
bbg_uitogameplay: OnGovernorChanged
bbg_uitogameplay: 2	10
bbg_uitogameplay: OnGovernorChanged
bbg_uitogameplay: 2	2
bbg_uitogameplay: OnGovernorChanged
bbg_uitogameplay: 3	10
bbg_uitogameplay: OnGovernorChanged
bbg_uitogameplay: 3	3
bbg_uitogameplay: OnGovernorChanged
bbg_uitogameplay: 4	11
bbg_uitogameplay: OnGovernorChanged
bbg_uitogameplay: 4	4
PausePanel: CheckPausedState()	1789562014
PausePanel: ClosePausePanel()	1789562014
PausePanel: CheckPausedState()	1789562018
PausePanel: ClosePausePanel()	1789562018
PausePanel: CheckPausedState()	1789562018
PausePanel: ClosePausePanel()	1789562018
PausePanel: CheckPausedState()	1789562021
PausePanel: ClosePausePanel()	1789562021
PausePanel: CheckPausedState()	1789562023
PausePanel: ClosePausePanel()	1789562023
PausePanel: CheckPausedState()	1789562025
PausePanel: ClosePausePanel()	1789562025
PausePanel: CheckPausedState()	1789562026
PausePanel: ClosePausePanel()	1789562026
PausePanel: CheckPausedState()	1789562026
PausePanel: ClosePausePanel()	1789562026
PausePanel: CheckPausedState()	1789562028
PausePanel: ClosePausePanel()	1789562028
PlotInfo: PlotInfo::OnCitySelectionChanged	1	65536	73	49	0	true	false
PausePanel: CheckPausedState()	1789562030
PausePanel: ClosePausePanel()	1789562030
PausePanel: CheckPausedState()	1789562030
PausePanel: ClosePausePanel()	1789562030
PlotInfo: PlotInfo::OnCitySelectionChanged	1	65536	0	0	0	false	false
PausePanel: CheckPausedState()	1789562037
PausePanel: ClosePausePanel()	1789562037
PausePanel: CheckPausedState()	1789562037
PausePanel: ClosePausePanel()	1789562037
PausePanel: CheckPausedState()	1789562037
PausePanel: ClosePausePanel()	1789562037
PlotInfo: PlotInfo::OnCitySelectionChanged	1	65536	73	49	0	true	false
TurnTime_HotKey: 本地玩家回合结束
PausePanel: CheckPausedState()	1789562065
PausePanel: ClosePausePanel()	1789562065
bbg_uitogameplay: OnGovernorChanged
bbg_uitogameplay: 5	11
bbg_uitogameplay: OnGovernorChanged
bbg_uitogameplay: 5	5
bbg_script: OnGameplaySetAmaniProperty called
bbg_script: Amani_RecalculatePlayer called
bbg_script: Amani_RecalculateCity called
bbg_script: Player AMANI Property Detected
bbg_script: Amani iMinorID	11
bbg_script: Amani_RecalculateCity called
bbg_script: Player AMANI Property Detected
bbg_script: Amani iMinorID	11
bbg_script: OnGameplaySetAmaniProperty called
bbg_script: Amani_RecalculatePlayer called
bbg_script: Amani_RecalculateCity called
bbg_script: Player AMANI Property Detected
bbg_script: Amani iMinorID	11
bbg_script: Amani_RecalculateCity called
bbg_script: Player AMANI Property Detected
bbg_script: Amani iMinorID	11
bbg_uitogameplay: OnGovernorChanged
bbg_uitogameplay: 6	9
bbg_uitogameplay: OnGovernorChanged
bbg_uitogameplay: 6	1
bbg_uitogameplay: amani removed -> recalculate amani yields and plot properties, player properties as well
bbg_script: OnGameplaySetAmaniProperty called
bbg_script: Amani_RecalculatePlayer called
bbg_script: Amani_RecalculateCity called
bbg_script: Player AMANI Property Detected
bbg_script: Amani iMinorID	11
bbg_script: Amani_RecalculateCity called
bbg_script: Player AMANI Property Detected
bbg_script: Amani iMinorID	11
bbg_uitogameplay: OnGovernorChanged
bbg_uitogameplay: 7	9
bbg_uitogameplay: OnGovernorChanged
bbg_uitogameplay: 7	2
bbg_uitogameplay: OnGovernorChanged
bbg_uitogameplay: 8	10
bbg_uitogameplay: OnGovernorChanged
bbg_uitogameplay: 8	5
bbg_uitogameplay: OnGovernorChanged
bbg_uitogameplay: 9	10
bbg_uitogameplay: OnGovernorChanged
bbg_uitogameplay: 9	5
bbg_script: OnGameplaySetAmaniProperty called
bbg_script: Amani_RecalculatePlayer called
bbg_script: Amani_RecalculateCity called
bbg_script: Player AMANI Property Detected
bbg_script: Amani iMinorID	11
bbg_script: Amani_RecalculateCity called
bbg_script: Player AMANI Property Detected
bbg_script: Amani iMinorID	11
bbg_script: OnGameplaySetAmaniProperty called
bbg_script: Amani_RecalculatePlayer called
bbg_script: Amani_RecalculateCity called
bbg_script: Player AMANI Property Detected
bbg_script: Amani iMinorID	11
bbg_script: Amani_RecalculateCity called
bbg_script: Player AMANI Property Detected
bbg_script: Amani iMinorID	11
bbg_uitogameplay: Resolving Buffered Parameters
bbg_uitogameplay: Shoud Terminate
TurnTime_HotKey: 本地玩家回合开始
bbg_uitogameplay: OnGovernorChanged
bbg_uitogameplay: 0	11
bbg_uitogameplay: OnGovernorChanged
bbg_uitogameplay: 0	2
bbg_uitogameplay: OnGovernorChanged
bbg_uitogameplay: 1	9
bbg_uitogameplay: OnGovernorChanged
bbg_uitogameplay: 1	2
bbg_uitogameplay: OnGovernorChanged
bbg_uitogameplay: 2	10
bbg_uitogameplay: OnGovernorChanged
bbg_uitogameplay: 2	2
bbg_uitogameplay: OnGovernorChanged
bbg_uitogameplay: 3	10
bbg_uitogameplay: OnGovernorChanged
bbg_uitogameplay: 3	3
bbg_uitogameplay: OnGovernorChanged
bbg_uitogameplay: 4	11
bbg_uitogameplay: OnGovernorChanged
bbg_uitogameplay: 4	4
PlotInfo: PlotInfo::OnCitySelectionChanged	1	65536	0	0	0	false	false
MapLabelManager: 印度洋 (1677.794921875, 1997.4154052734)
MapLabelManager: 印度洋 (1107.748046875, 2205.2800292969)
MapLabelManager: 印度洋 (2202.369140625, 2057.4604492188)
PlotInfo: PlotInfo::OnCitySelectionChanged	1	65536	73	49	0	true	false
PlotInfo: PlotInfo::OnCitySelectionChanged	1	65536	0	0	0	false	false
PlotInfo: PlotInfo::OnCitySelectionChanged	1	65536	73	49	0	true	false
bbg_script: OnBCYCityBuiltLegacy started
bbg_script: OnBCYCityBuiltLegacy started
PlotInfo: PlotInfo::OnCitySelectionChanged	1	65536	0	0	0	false	false
PausePanel: CheckPausedState()	1789562133
PausePanel: ClosePausePanel()	1789562133
PausePanel: CheckPausedState()	1789562133
PausePanel: ClosePausePanel()	1789562133
PausePanel: CheckPausedState()	1789562133
PausePanel: ClosePausePanel()	1789562133
PlotInfo: PlotInfo::OnCitySelectionChanged	1	65536	73	49	0	true	false
PlotInfo: PlotInfo::OnCitySelectionChanged	1	65536	0	0	0	false	false
TurnTime_HotKey: 本地玩家回合结束
PausePanel: CheckPausedState()	1789562160
PausePanel: ClosePausePanel()	1789562160
bbg_uitogameplay: OnGovernorChanged
bbg_uitogameplay: 5	11
bbg_uitogameplay: OnGovernorChanged
bbg_uitogameplay: 5	5
bbg_script: OnGameplaySetAmaniProperty called
bbg_script: Amani_RecalculatePlayer called
bbg_script: Amani_RecalculateCity called
bbg_script: Player AMANI Property Detected
bbg_script: Amani iMinorID	11
bbg_script: Amani control Property assigned
bbg_script: Amani_RecalculateCity called
bbg_script: Player AMANI Property Detected
bbg_script: Amani iMinorID	11
bbg_script: Amani control Property assigned
bbg_script: OnGameplaySetAmaniProperty called
bbg_script: Amani_RecalculatePlayer called
bbg_script: Amani_RecalculateCity called
bbg_script: Player AMANI Property Detected
bbg_script: Amani iMinorID	11
bbg_script: Amani_RecalculateCity called
bbg_script: Player AMANI Property Detected
bbg_script: Amani iMinorID	11
bbg_uitogameplay: OnGovernorChanged
bbg_uitogameplay: 6	9
bbg_uitogameplay: OnGovernorChanged
bbg_uitogameplay: 6	1
bbg_uitogameplay: Amani Established
bbg_uitogameplay: amani established -> recalculate amani yields and plot properties
bbg_script: OnGameplaySetAmaniProperty called
bbg_script: Amani_RecalculatePlayer called
bbg_script: Amani_RecalculateCity called
bbg_script: Player AMANI Property Detected
bbg_script: Amani iMinorID	11
bbg_script: Amani_RecalculateCity called
bbg_script: Player AMANI Property Detected
bbg_script: Amani iMinorID	11
bbg_uitogameplay: OnGovernorChanged
bbg_uitogameplay: 7	9
bbg_uitogameplay: OnGovernorChanged
bbg_uitogameplay: 7	2
bbg_script: OnGameplaySetAmaniProperty called
bbg_script: Amani_RecalculatePlayer called
bbg_script: Amani_RecalculateCity called
bbg_script: Player AMANI Property Detected
bbg_script: Amani iMinorID	11
bbg_script: Amani_RecalculateCity called
bbg_script: Player AMANI Property Detected
bbg_script: Amani iMinorID	11
bbg_uitogameplay: OnGovernorChanged
bbg_uitogameplay: 8	10
bbg_uitogameplay: OnGovernorChanged
bbg_uitogameplay: 8	5
bbg_uitogameplay: OnGovernorChanged
bbg_uitogameplay: 9	10
bbg_uitogameplay: OnGovernorChanged
bbg_uitogameplay: 9	5
bbg_script: OnGameplaySetAmaniProperty called
bbg_script: Amani_RecalculatePlayer called
bbg_script: Amani_RecalculateCity called
bbg_script: Player AMANI Property Detected
bbg_script: Amani iMinorID	11
bbg_script: Amani_RecalculateCity called
bbg_script: Player AMANI Property Detected
bbg_script: Amani iMinorID	11
bbg_uitogameplay: Resolving Buffered Parameters
bbg_uitogameplay: Shoud Terminate
TurnTime_HotKey: 本地玩家回合开始
bbg_uitogameplay: OnGovernorChanged
bbg_uitogameplay: 0	11
bbg_uitogameplay: OnGovernorChanged
bbg_uitogameplay: 0	2
bbg_uitogameplay: OnGovernorChanged
bbg_uitogameplay: 1	9
bbg_uitogameplay: OnGovernorChanged
bbg_uitogameplay: 1	2
bbg_uitogameplay: OnGovernorChanged
bbg_uitogameplay: 2	10
bbg_uitogameplay: OnGovernorChanged
bbg_uitogameplay: 2	2
bbg_uitogameplay: OnGovernorChanged
bbg_uitogameplay: 3	10
bbg_uitogameplay: OnGovernorChanged
bbg_uitogameplay: 3	3
bbg_uitogameplay: OnGovernorChanged
bbg_uitogameplay: 4	11
bbg_uitogameplay: OnGovernorChanged
bbg_uitogameplay: 4	4
MapLabelManager: 汉恩湾 (2555.4221191406, -1200.4642333984)
MapLabelManager: 亚得里亚海 (340.32803344727, -2308.2758789063)
MapLabelManager: 亚得里亚海 (1377.1915283203, -2135.9814453125)
PlotInfo: PlotInfo::OnCitySelectionChanged	1	65536	73	49	0	true	false
PausePanel: CheckPausedState()	1789562205
PausePanel: ClosePausePanel()	1789562205
PausePanel: CheckPausedState()	1789562205
PausePanel: ClosePausePanel()	1789562205
PausePanel: CheckPausedState()	1789562205
PausePanel: ClosePausePanel()	1789562205
PlotInfo: PlotInfo::OnCitySelectionChanged	1	65536	0	0	0	false	false
PausePanel: CheckPausedState()	1789562253
PausePanel: ClosePausePanel()	1789562253
PausePanel: CheckPausedState()	1789562253
PausePanel: ClosePausePanel()	1789562253
TurnTime_HotKey: 本地玩家回合结束
bbg_uitogameplay: Resolving Buffered Parameters
bbg_uitogameplay: Shoud Terminate
TurnTime_HotKey: 本地玩家回合开始
InGame: Request to BulkHide( true, Diplomacy ), Show on 0 = 1
DiplomacyActionView:  AddIntelAlliance(tabContainer:table)
TutorialUIRoot: diplo stmt type=1812035902
DiplomacyActionView:  AddIntelAlliance(tabContainer:table)
TutorialUIRoot: diplo stmt type=1713530910
DiplomacyActionView: Closing Diplomacy Action View. m_eventID: 134251
InGame: Request to BulkHide( false, Diplomacy ), Show on 0 = 0
PausePanel: CheckPausedState()	1789562291
PausePanel: ClosePausePanel()	1789562291
PausePanel: CheckPausedState()	1789562292
PausePanel: ClosePausePanel()	1789562292
PausePanel: CheckPausedState()	1789562292
PausePanel: ClosePausePanel()	1789562292
PausePanel: CheckPausedState()	1789562292
PausePanel: ClosePausePanel()	1789562292
PlotInfo: PlotInfo::OnCitySelectionChanged	1	65536	73	49	0	true	false
