Game Turn, Range, Value, Seed, Type, Location
1, 45, 3, 910900530, sync, Choose random civilization
1, 1, 0, 291142275, sync, Choose random civilization/leader combo
1, 44, 7, 4180427776, sync, Choose random civilization
1, 1, 0, 747709497, sync, Choose random civilization/leader combo
1, 43, 23, 2951477886, sync, Choose random civilization
1, 2, 1, 2302688223, sync, Choose random civilization/leader combo
1, 42, 26, 4027686956, sync, Choose random civilization
1, 2, 1, 2757151477, sync, Choose random civilization/leader combo
1, 42, 22, 2571714698, sync, Unknown
1, 41, 7, 2325133051, sync, Unknown
1, 40, 13, 789484312, sync, Unknown
1, 39, 6, 1452679537, sync, Unknown
1, 38, 17, 713218902, sync, Unknown
1, 37, 35, 1930414039, sync, Unknown
1, 36, 32, 4091922628, sync, Unknown
1, 35, 23, 3885654957, sync, Unknown
1, 34, 29, 2884196066, sync, Unknown
1, 33, 31, 3751742067, sync, Unknown
1, 32, 31, 4091063600, sync, Unknown
1, 31, 4, 4213607849, sync, Unknown
1, 30, 22, 675938094, sync, Unknown
1, 29, 5, 3201686223, sync, Unknown
1, 28, 2, 886271068, sync, Unknown
1, 27, 26, 338778981, sync, Unknown
1, 26, 4, 4160413754, sync, Unknown
1, 25, 7, 754930923, sync, Unknown
1, 24, 16, 1297674824, sync, Unknown
1, 23, 21, 3026274529, sync, Unknown
1, 22, 21, 4037461510, sync, Unknown
1, 21, 15, 4126954695, sync, Unknown
1, 20, 19, 3073305332, sync, Unknown
1, 19, 14, 4148728349, sync, Unknown
1, 18, 6, 3319348370, sync, Unknown
1, 17, 10, 1491039843, sync, Unknown
1, 16, 10, 2697577056, sync, Unknown
1, 15, 13, 2774610713, sync, Unknown
1, 14, 5, 3863646174, sync, Unknown
1, 13, 5, 1766397375, sync, Unknown
1, 12, 5, 1769514124, sync, Unknown
1, 11, 9, 2059986901, sync, Unknown
1, 10, 1, 3790326762, sync, Unknown
1, 9, 6, 713248475, sync, Unknown
1, 8, 0, 3025239416, sync, Unknown
1, 7, 1, 498936913, sync, Unknown
1, 6, 1, 615693494, sync, Unknown
1, 5, 3, 1079901623, sync, Unknown
1, 4, 0, 3185375524, sync, Unknown
1, 3, 1, 14105741, sync, Unknown
1, 2, 1, 2451959362, sync, Unknown
1, 1, 0, 3519725139, sync, Unknown
1, 42, 7, 1619166096, sync, Unknown
1, 41, 12, 755504265, sync, Unknown
1, 40, 38, 1302899854, sync, Unknown
1, 39, 37, 4181257391, sync, Unknown
1, 38, 26, 4088678588, sync, Unknown
1, 37, 27, 2941546565, sync, Unknown
1, 36, 31, 3146187674, sync, Unknown
1, 35, 33, 3736184011, sync, Unknown
1, 34, 5, 4057674920, sync, Unknown
1, 33, 17, 642829249, sync, Unknown
1, 32, 10, 2260844390, sync, Unknown
1, 31, 2, 1471398567, sync, Unknown
1, 30, 20, 285406036, sync, Unknown
1, 29, 6, 2875024125, sync, Unknown
1, 28, 18, 932867058, sync, Unknown
1, 27, 6, 2832196163, sync, Unknown
1, 26, 1, 977662144, sync, Unknown
1, 25, 16, 329396729, sync, Unknown
1, 24, 18, 2799654206, sync, Unknown
1, 23, 12, 3305398175, sync, Unknown
1, 22, 5, 2348374252, sync, Unknown
1, 21, 7, 1154151605, sync, Unknown
1, 20, 3, 1509394250, sync, Unknown
1, 19, 6, 651777723, sync, Unknown
1, 18, 1, 1385764824, sync, Unknown
1, 17, 9, 428025649, sync, Unknown
1, 16, 1, 2477706774, sync, Unknown
1, 15, 9, 524067735, sync, Unknown
1, 14, 0, 2759055748, sync, Unknown
1, 13, 8, 296879469, sync, Unknown
1, 12, 2, 2780935586, sync, Unknown
1, 11, 0, 907928115, sync, Unknown
1, 10, 7, 202836464, sync, Unknown
1, 9, 7, 3396766569, sync, Unknown
1, 8, 7, 3475605998, sync, Unknown
1, 7, 2, 4174016143, sync, Unknown
1, 6, 5, 1836766492, sync, Unknown
1, 5, 3, 4192433445, sync, Unknown
1, 4, 1, 3005765370, sync, Unknown
1, 3, 0, 1376347307, sync, Unknown
1, 2, 0, 300820232, sync, Unknown
1, 1, 0, 1786461857, sync, Unknown
1, 2, 0, 890562758, sync, Choosing a random cost for a civic to have
1, 2, 1, 1207410823, sync, Choosing a random cost for a civic to have
1, 2, 0, 2260904884, sync, Choosing a random cost for a civic to have
1, 2, 0, 845947869, sync, Choosing a random cost for a civic to have
1, 2, 1, 1155976018, sync, Choosing a random cost for a civic to have
1, 1, 0, 3148070435, sync, Choosing how many prerequisites for a civic to have
1, 100, 13, 3132673824, sync, Choosing a random prerequisite for a civic to have
1, 1, 0, 579608793, sync, Choosing how many prerequisites for a civic to have
1, 1, 0, 3900852894, sync, Choosing a random prerequisite for a civic to have
1, 1, 0, 2255100287, sync, Choosing how many prerequisites for a civic to have
1, 1, 0, 2251013452, sync, Choosing a random prerequisite for a civic to have
1, 2, 1, 689238421, sync, Choosing how many prerequisites for a civic to have
1, 300, 19, 2378461866, sync, Choosing a random prerequisite for a civic to have
1, 201, 108, 286314139, sync, Choosing a random prerequisite for a civic to have
1, 2, 0, 2315084344, sync, Choosing how many prerequisites for a civic to have
1, 102, 45, 606081553, sync, Choosing a random prerequisite for a civic to have
1, 2, 0, 1901006710, sync, Choosing how many prerequisites for a civic to have
1, 200, 13, 1084471671, sync, Choosing a random prerequisite for a civic to have
1, 2, 0, 289565156, sync, Choosing a random cost for a tech to have
1, 2, 1, 1608695373, sync, Choosing a random cost for a tech to have
1, 2, 0, 2786372866, sync, Choosing a random cost for a tech to have
1, 2, 0, 1427142163, sync, Choosing a random cost for a tech to have
1, 2, 1, 1638809680, sync, Choosing a random cost for a tech to have
1, 2, 0, 3165254217, sync, Choosing a random cost for a tech to have
1, 1, 0, 161781582, sync, Choosing how many prerequisites for a tech to have
1, 300, 195, 360865903, sync, Choosing a random prerequisite for a tech to have
1, 1, 0, 2797539708, sync, Choosing how many prerequisites for a tech to have
1, 201, 38, 949381637, sync, Choosing a random prerequisite for a tech to have
1, 1, 0, 825678426, sync, Choosing how many prerequisites for a tech to have
1, 102, 39, 1719571595, sync, Choosing a random prerequisite for a tech to have
1, 1, 0, 1672071528, sync, Choosing how many prerequisites for a tech to have
1, 3, 0, 1494786433, sync, Choosing a random prerequisite for a tech to have
1, 2, 0, 460866086, sync, Choosing how many prerequisites for a tech to have
1, 400, 37, 633335399, sync, Choosing a random prerequisite for a tech to have
1, 2, 1, 403051540, sync, Choosing how many prerequisites for a tech to have
1, 301, 60, 2955728061, sync, Choosing a random prerequisite for a tech to have
1, 202, 182, 857103026, sync, Choosing a random prerequisite for a tech to have
1, 2, 1, 3889367555, sync, Choosing how many prerequisites for a tech to have
1, 200, 94, 2201640320, sync, Choosing a random prerequisite for a tech to have
1, 101, 93, 2035744697, sync, Choosing a random prerequisite for a tech to have
1, 1, 0, 3993726974, sync, Choosing how many prerequisites for a tech to have
1, 100, 69, 4084351839, sync, Choosing a random prerequisite for a tech to have
1, 100, 4, 2997342636, sync, Random Diplomatic Value
1, 100, 8, 173989493, sync, Random Diplomatic Value
1, 100, 58, 363499018, sync, Random Diplomatic Value
1, 100, 77, 2527180411, sync, Random Diplomatic Value
1, 100, 57, 3331742872, sync, Random Diplomatic Value
1, 100, 51, 2479615217, sync, Random Diplomatic Value
1, 100, 69, 2204860630, sync, Random Diplomatic Value
1, 100, 10, 2978692951, sync, Random Diplomatic Value
1, 100, 42, 434154052, sync, Random Diplomatic Value
1, 100, 86, 1830905645, sync, Random Diplomatic Value
1, 100, 7, 3732329570, sync, Random Diplomatic Value
1, 100, 22, 320502259, sync, Random Diplomatic Value
1, 100, 90, 945825456, sync, Random Diplomatic Value
1, 100, 64, 3906619689, sync, Random Diplomatic Value
1, 100, 1, 2784089262, sync, Random Diplomatic Value
1, 100, 81, 56148559, sync, Random Diplomatic Value
1, 100, 42, 3491298780, sync, Random Diplomatic Value
1, 100, 57, 1814384357, sync, Random Diplomatic Value
1, 100, 9, 2483719610, sync, Random Diplomatic Value
1, 100, 53, 394867819, sync, Random Diplomatic Value
1, 100, 27, 2300976072, sync, Random Diplomatic Value
1, 100, 14, 1180759137, sync, Random Diplomatic Value
1, 100, 17, 633588614, sync, Random Diplomatic Value
1, 100, 43, 738503751, sync, Random Diplomatic Value
1, 100, 51, 1885678708, sync, Random Diplomatic Value
1, 100, 82, 2220324253, sync, Random Diplomatic Value
1, 100, 12, 3548453394, sync, Random Diplomatic Value
1, 100, 37, 534103523, sync, Random Diplomatic Value
1, 100, 73, 1625463776, sync, Random Diplomatic Value
1, 100, 27, 3141193369, sync, Random Diplomatic Value
1, 100, 67, 1179829598, sync, Random Diplomatic Value
1, 100, 59, 2920602943, sync, Random Diplomatic Value
1, 100, 52, 2550502924, sync, Random Diplomatic Value
1, 100, 58, 2271263573, sync, Random Diplomatic Value
1, 100, 50, 2516703594, sync, Random Diplomatic Value
1, 100, 37, 2164526683, sync, Random Diplomatic Value
1, 100, 22, 1618740984, sync, Random Diplomatic Value
1, 100, 35, 985577425, sync, Random Diplomatic Value
1, 100, 35, 1541153334, sync, Random Diplomatic Value
1, 100, 49, 1525364023, sync, Random Diplomatic Value
1, 100, 96, 2145819300, sync, Random Diplomatic Value
1, 100, 14, 4146462733, sync, Random Diplomatic Value
1, 100, 94, 641739714, sync, Random Diplomatic Value
1, 100, 82, 4038323667, sync, Random Diplomatic Value
1, 100, 18, 3544497424, sync, Random Diplomatic Value
1, 100, 59, 809472009, sync, Random Diplomatic Value
1, 100, 82, 2565423630, sync, Random Diplomatic Value
1, 100, 27, 3527775279, sync, Random Diplomatic Value
1, 100, 31, 1176541756, sync, Random Diplomatic Value
1, 100, 27, 1363682245, sync, Random Diplomatic Value
1, 100, 48, 1174106394, sync, Random Diplomatic Value
1, 100, 6, 2090943563, sync, Random Diplomatic Value
1, 100, 0, 276504104, sync, Random Diplomatic Value
1, 100, 4, 42743617, sync, Random Diplomatic Value
1, 100, 44, 198149350, sync, Random Diplomatic Value
1, 100, 90, 1908267559, sync, Random Diplomatic Value
1, 100, 29, 3883398356, sync, Random Diplomatic Value
1, 100, 51, 1252263549, sync, Random Diplomatic Value
1, 100, 94, 2206140786, sync, Random Diplomatic Value
1, 100, 54, 4062441923, sync, Random Diplomatic Value
1, 100, 52, 2362018368, sync, Random Diplomatic Value
1, 100, 79, 2272234873, sync, Random Diplomatic Value
1, 100, 70, 3425716926, sync, Random Diplomatic Value
1, 100, 90, 3024742175, sync, Random Diplomatic Value
1, 100, 97, 3906800236, sync, Random Diplomatic Value
1, 100, 74, 4208101429, sync, Random Diplomatic Value
1, 100, 70, 3206698186, sync, Random Diplomatic Value
1, 100, 60, 3048199739, sync, Random Diplomatic Value
1, 100, 40, 2613469528, sync, Random Diplomatic Value
1, 100, 34, 1731228337, sync, Random Diplomatic Value
1, 100, 0, 1484321686, sync, Random Diplomatic Value
1, 100, 69, 29072151, sync, Random Diplomatic Value
1, 100, 96, 2968271620, sync, Random Diplomatic Value
1, 100, 87, 4155017453, sync, Random Diplomatic Value
1, 100, 4, 3771249442, sync, Random Diplomatic Value
1, 100, 88, 173330867, sync, Random Diplomatic Value
1, 100, 43, 3782476656, sync, Random Diplomatic Value
1, 100, 13, 1880213225, sync, Random Diplomatic Value
1, 100, 93, 593682286, sync, Random Diplomatic Value
1, 100, 56, 3997226511, sync, Random Diplomatic Value
1, 100, 37, 2439898780, sync, Random Diplomatic Value
1, 100, 73, 1622599845, sync, Random Diplomatic Value
1, 100, 78, 3177284730, sync, Random Diplomatic Value
1, 100, 45, 3376333867, sync, Random Diplomatic Value
1, 100, 85, 1942016136, sync, Random Diplomatic Value
1, 100, 31, 3654445601, sync, Random Diplomatic Value
1, 100, 91, 1366519366, sync, Random Diplomatic Value
1, 100, 50, 3923998727, sync, Random Diplomatic Value
1, 100, 85, 2161536308, sync, Random Diplomatic Value
1, 100, 17, 3670706013, sync, Random Diplomatic Value
1, 100, 53, 745023698, sync, Random Diplomatic Value
1, 100, 67, 2301988259, sync, Random Diplomatic Value
1, 100, 47, 2886150304, sync, Random Diplomatic Value
1, 100, 65, 2033007705, sync, Random Diplomatic Value
1, 100, 37, 2793144350, sync, Random Diplomatic Value
1, 100, 51, 1611227391, sync, Random Diplomatic Value
1, 100, 48, 2210803404, sync, Random Diplomatic Value
1, 100, 30, 2070693141, sync, Random Diplomatic Value
1, 100, 21, 1298399274, sync, Random Diplomatic Value
1, 100, 65, 907873819, sync, Random Diplomatic Value
1, 100, 88, 2827840440, sync, Random Diplomatic Value
1, 100, 63, 3814268305, sync, Random Diplomatic Value
1, 100, 27, 2736387318, sync, Random Diplomatic Value
1, 100, 77, 1190424823, sync, Random Diplomatic Value
1, 100, 64, 3330902884, sync, Random Diplomatic Value
1, 100, 98, 2757820877, sync, Random Diplomatic Value
1, 100, 9, 4251478658, sync, Random Diplomatic Value
1, 100, 49, 410330515, sync, Random Diplomatic Value
1, 100, 50, 2114320848, sync, Random Diplomatic Value
1, 100, 82, 2173234633, sync, Random Diplomatic Value
1, 100, 12, 3526798542, sync, Random Diplomatic Value
1, 100, 40, 524453871, sync, Random Diplomatic Value
1, 100, 80, 1721295612, sync, Random Diplomatic Value
1, 100, 48, 3475611013, sync, Random Diplomatic Value
1, 100, 30, 2090125274, sync, Random Diplomatic Value
1, 100, 9, 1289335819, sync, Random Diplomatic Value
1, 100, 57, 420426472, sync, Random Diplomatic Value
1, 100, 27, 2490076417, sync, Random Diplomatic Value
1, 100, 38, 1183287206, sync, Random Diplomatic Value
1, 100, 92, 1668122087, sync, Random Diplomatic Value
1, 100, 28, 3961034132, sync, Random Diplomatic Value
1, 100, 26, 1216542781, sync, Random Diplomatic Value
1, 100, 66, 1133803570, sync, Random Diplomatic Value
1, 100, 81, 2877462915, sync, Random Diplomatic Value
1, 100, 15, 3484645120, sync, Random Diplomatic Value
1, 100, 28, 665574201, sync, Random Diplomatic Value
1, 100, 40, 1208870270, sync, Random Diplomatic Value
1, 100, 45, 1732987615, sync, Random Diplomatic Value
1, 100, 85, 1935213356, sync, Random Diplomatic Value
1, 100, 3, 3689279989, sync, Random Diplomatic Value
1, 100, 12, 153017226, sync, Random Diplomatic Value
1, 100, 63, 532919803, sync, Random Diplomatic Value
1, 100, 95, 2733188632, sync, Random Diplomatic Value
1, 100, 19, 4117805169, sync, Random Diplomatic Value
1, 100, 65, 831989334, sync, Random Diplomatic Value
1, 100, 52, 2811082455, sync, Random Diplomatic Value
1, 100, 43, 2253818820, sync, Random Diplomatic Value
1, 100, 96, 1862757037, sync, Random Diplomatic Value
1, 100, 43, 4151792098, sync, Random Diplomatic Value
1, 100, 18, 1871505779, sync, Random Diplomatic Value
1, 100, 22, 806527024, sync, Random Diplomatic Value
1, 100, 49, 970785961, sync, Random Diplomatic Value
1, 100, 53, 2117904942, sync, Random Diplomatic Value
1, 100, 64, 2302847439, sync, Random Diplomatic Value
1, 100, 55, 2788790108, sync, Random Diplomatic Value
1, 100, 7, 2371371621, sync, Random Diplomatic Value
1, 100, 44, 300759866, sync, Random Diplomatic Value
1, 100, 32, 1927943147, sync, Random Diplomatic Value
1, 100, 46, 1384006984, sync, Random Diplomatic Value
1, 100, 2, 1989124065, sync, Random Diplomatic Value
1, 100, 53, 115593478, sync, Random Diplomatic Value
1, 100, 51, 2303984583, sync, Random Diplomatic Value
1, 100, 88, 2228645364, sync, Random Diplomatic Value
1, 100, 79, 3817167133, sync, Random Diplomatic Value
1, 100, 73, 3395024786, sync, Random Diplomatic Value
1, 100, 45, 3145930083, sync, Random Diplomatic Value
1, 100, 14, 1961260384, sync, Random Diplomatic Value
1, 100, 43, 639855129, sync, Random Diplomatic Value
1, 100, 85, 1874721502, sync, Random Diplomatic Value
1, 100, 93, 3691488447, sync, Random Diplomatic Value
1, 100, 66, 3995961228, sync, Random Diplomatic Value
1, 100, 77, 2868350677, sync, Random Diplomatic Value
1, 100, 67, 3333089002, sync, Random Diplomatic Value
1, 100, 57, 2887503323, sync, Random Diplomatic Value
1, 100, 37, 2465304696, sync, Random Diplomatic Value
1, 100, 77, 1605321553, sync, Random Diplomatic Value
1, 100, 48, 3318253494, sync, Random Diplomatic Value
1, 100, 38, 2088725687, sync, Random Diplomatic Value
1, 100, 2, 1642806308, sync, Random Diplomatic Value
1, 100, 83, 89375629, sync, Random Diplomatic Value
1, 100, 0, 3595397442, sync, Random Diplomatic Value
1, 100, 91, 1318227, sync, Random Diplomatic Value
1, 100, 41, 3937531536, sync, Random Diplomatic Value
1, 100, 29, 1782975369, sync, Random Diplomatic Value
1, 100, 67, 1280104334, sync, Random Diplomatic Value
1, 100, 36, 2889431983, sync, Random Diplomatic Value
1, 100, 28, 1558703036, sync, Random Diplomatic Value
1, 100, 9, 1207621445, sync, Random Diplomatic Value
1, 100, 76, 398646938, sync, Random Diplomatic Value
1, 100, 36, 3269977035, sync, Random Diplomatic Value
1, 100, 25, 1579550632, sync, Random Diplomatic Value
1, 100, 47, 1081516737, sync, Random Diplomatic Value
1, 100, 88, 2053130854, sync, Random Diplomatic Value
1, 100, 32, 3801018791, sync, Random Diplomatic Value
1, 100, 21, 1386739284, sync, Random Diplomatic Value
1, 100, 30, 931768829, sync, Random Diplomatic Value
1, 100, 71, 1310107378, sync, Random Diplomatic Value
1, 100, 51, 3081699651, sync, Random Diplomatic Value
1, 100, 1, 2226660288, sync, Random Diplomatic Value
1, 100, 15, 63695097, sync, Random Diplomatic Value
1, 100, 17, 677658686, sync, Random Diplomatic Value
1, 100, 33, 741764767, sync, Random Diplomatic Value
1, 100, 20, 1457241068, sync, Random Diplomatic Value
1, 100, 39, 861477813, sync, Random Diplomatic Value
1, 100, 18, 1717576266, sync, Random Diplomatic Value
1, 100, 42, 815617467, sync, Random Diplomatic Value
1, 100, 37, 1824434904, sync, Random Diplomatic Value
1, 100, 92, 1615642161, sync, Random Diplomatic Value
1, 100, 97, 3984988438, sync, Random Diplomatic Value
1, 100, 46, 4206989975, sync, Random Diplomatic Value
1, 100, 31, 1994366084, sync, Random Diplomatic Value
1, 100, 17, 1358826605, sync, Random Diplomatic Value
1, 100, 33, 759345314, sync, Random Diplomatic Value
1, 100, 5, 1451409715, sync, Random Diplomatic Value
1, 100, 87, 217840880, sync, Random Diplomatic Value
1, 100, 67, 3757834857, sync, Random Diplomatic Value
1, 100, 39, 2906600686, sync, Random Diplomatic Value
1, 100, 76, 1679703439, sync, Random Diplomatic Value
1, 100, 40, 3275487260, sync, Random Diplomatic Value
1, 100, 20, 1741249573, sync, Random Diplomatic Value
1, 100, 87, 879604218, sync, Random Diplomatic Value
1, 100, 39, 3763020715, sync, Random Diplomatic Value
1, 100, 18, 1713273352, sync, Random Diplomatic Value
1, 100, 33, 777557409, sync, Random Diplomatic Value
1, 100, 82, 1423242182, sync, Random Diplomatic Value
1, 100, 3, 3524677511, sync, Random Diplomatic Value
1, 100, 4, 153431732, sync, Random Diplomatic Value
1, 100, 90, 206039773, sync, Random Diplomatic Value
1, 100, 22, 3894183506, sync, Random Diplomatic Value
1, 100, 32, 981359907, sync, Random Diplomatic Value
1, 100, 29, 1413513760, sync, Random Diplomatic Value
1, 100, 78, 1272797145, sync, Random Diplomatic Value
1, 100, 13, 3369645470, sync, Random Diplomatic Value
1, 100, 23, 567257215, sync, Random Diplomatic Value
1, 100, 48, 1006346316, sync, Random Diplomatic Value
1, 100, 83, 2076350613, sync, Random Diplomatic Value
1, 100, 12, 3566636458, sync, Random Diplomatic Value
1, 100, 6, 515919259, sync, Random Diplomatic Value
1, 100, 69, 275281208, sync, Random Diplomatic Value
1, 100, 1, 2978031889, sync, Random Diplomatic Value
1, 100, 20, 44554870, sync, Random Diplomatic Value
1, 100, 55, 860629111, sync, Random Diplomatic Value
1, 100, 46, 2395712740, sync, Random Diplomatic Value
1, 100, 10, 2008958285, sync, Random Diplomatic Value
1, 100, 60, 464463874, sync, Random Diplomatic Value
1, 100, 38, 2605765907, sync, Random Diplomatic Value
1, 100, 39, 1644737360, sync, Random Diplomatic Value
1, 100, 36, 1681320265, sync, Random Diplomatic Value
1, 100, 90, 1575731790, sync, Random Diplomatic Value
1, 100, 24, 3907628911, sync, Random Diplomatic Value
1, 100, 6, 1036891260, sync, Random Diplomatic Value
1, 100, 10, 293327109, sync, Random Diplomatic Value
1, 100, 54, 440776026, sync, Random Diplomatic Value
1, 100, 50, 2324419467, sync, Random Diplomatic Value
1, 100, 97, 2155846760, sync, Random Diplomatic Value
1, 100, 8, 4167923841, sync, Random Diplomatic Value
1, 100, 58, 370789670, sync, Random Diplomatic Value
1, 100, 3, 2531401063, sync, Random Diplomatic Value
1, 100, 39, 132519700, sync, Random Diplomatic Value
1, 100, 24, 1702370237, sync, Random Diplomatic Value
1, 100, 47, 1036359090, sync, Random Diplomatic Value
1, 100, 64, 2053712131, sync, Random Diplomatic Value
1, 100, 52, 2761396352, sync, Random Diplomatic Value
1, 100, 95, 2240788153, sync, Random Diplomatic Value
1, 100, 88, 4092812030, sync, Random Diplomatic Value
1, 100, 34, 3804975711, sync, Random Diplomatic Value
1, 100, 27, 1478833324, sync, Random Diplomatic Value
1, 100, 3, 1189873013, sync, Random Diplomatic Value
1, 100, 1, 161884426, sync, Random Diplomatic Value
1, 100, 28, 66893179, sync, Random Diplomatic Value
1, 100, 53, 1241968536, sync, Random Diplomatic Value
1, 100, 16, 2307163121, sync, Random Diplomatic Value
1, 100, 7, 721800150, sync, Random Diplomatic Value
1, 100, 12, 320286295, sync, Random Diplomatic Value
1, 100, 85, 524774724, sync, Random Diplomatic Value
1, 100, 30, 3679219245, sync, Random Diplomatic Value
1, 100, 57, 1290456930, sync, Random Diplomatic Value
1, 100, 12, 2465618163, sync, Random Diplomatic Value
1, 100, 73, 552606128, sync, Random Diplomatic Value
1, 100, 40, 3157180457, sync, Random Diplomatic Value
1, 100, 80, 1730838446, sync, Random Diplomatic Value
1, 100, 36, 3465777487, sync, Random Diplomatic Value
1, 100, 14, 1563762908, sync, Random Diplomatic Value
1, 100, 52, 634009061, sync, Random Diplomatic Value
1, 100, 61, 2275600570, sync, Random Diplomatic Value
1, 100, 68, 2636247915, sync, Random Diplomatic Value
1, 100, 82, 2942398152, sync, Random Diplomatic Value
1, 100, 3, 3538766689, sync, Random Diplomatic Value
1, 100, 29, 168220294, sync, Random Diplomatic Value
1, 100, 35, 1273649991, sync, Random Diplomatic Value
1, 100, 51, 1518514036, sync, Random Diplomatic Value
1, 100, 50, 2194816157, sync, Random Diplomatic Value
1, 100, 28, 2154419474, sync, Random Diplomatic Value
1, 100, 63, 1239901411, sync, Random Diplomatic Value
1, 100, 20, 2731888352, sync, Random Diplomatic Value
1, 100, 59, 874186137, sync, Random Diplomatic Value
1, 100, 94, 2559324254, sync, Random Diplomatic Value
1, 100, 57, 4045499455, sync, Random Diplomatic Value
1, 100, 7, 2448455948, sync, Random Diplomatic Value
1, 100, 3, 328032853, sync, Random Diplomatic Value
1, 100, 53, 166130794, sync, Random Diplomatic Value
1, 100, 81, 2311753051, sync, Random Diplomatic Value
1, 100, 60, 3518110200, sync, Random Diplomatic Value
1, 100, 34, 2593050321, sync, Random Diplomatic Value
1, 100, 38, 1484254518, sync, Random Diplomatic Value
1, 100, 28, 1662690359, sync, Random Diplomatic Value
1, 100, 9, 1240128932, sync, Random Diplomatic Value
1, 100, 96, 425756429, sync, Random Diplomatic Value
1, 100, 61, 4165838530, sync, Random Diplomatic Value
1, 100, 92, 2649443539, sync, Random Diplomatic Value
1, 100, 66, 3972673552, sync, Random Diplomatic Value
1, 100, 11, 2837153545, sync, Random Diplomatic Value
1, 100, 1, 500395278, sync, Random Diplomatic Value
1, 100, 86, 85189423, sync, Random Diplomatic Value
1, 100, 25, 3725212988, sync, Random Diplomatic Value
1, 100, 27, 1097632453, sync, Random Diplomatic Value
1, 100, 6, 1188908058, sync, Random Diplomatic Value
1, 100, 87, 260408139, sync, Random Diplomatic Value
1, 100, 42, 3772510504, sync, Random Diplomatic Value
1, 100, 28, 1846545985, sync, Random Diplomatic Value
1, 100, 90, 1215565798, sync, Random Diplomatic Value
1, 100, 72, 3894872359, sync, Random Diplomatic Value
1, 100, 87, 3096639444, sync, Random Diplomatic Value
1, 100, 42, 3759033725, sync, Random Diplomatic Value
1, 100, 9, 1835091058, sync, Random Diplomatic Value
1, 100, 90, 393285827, sync, Random Diplomatic Value
1, 100, 83, 3893476672, sync, Random Diplomatic Value
1, 100, 94, 3602334841, sync, Random Diplomatic Value
1, 100, 16, 4051383742, sync, Random Diplomatic Value
1, 100, 98, 717878815, sync, Random Diplomatic Value
1, 100, 11, 4227165548, sync, Random Diplomatic Value
1, 100, 89, 475967285, sync, Random Diplomatic Value
1, 100, 45, 3853578186, sync, Random Diplomatic Value
1, 100, 29, 1973540155, sync, Random Diplomatic Value
1, 100, 7, 1266807896, sync, Random Diplomatic Value
1, 100, 28, 316148145, sync, Random Diplomatic Value
1, 100, 78, 1222000278, sync, Random Diplomatic Value
1, 100, 86, 3360590359, sync, Random Diplomatic Value
1, 100, 4, 3696098820, sync, Random Diplomatic Value
1, 100, 87, 196251629, sync, Random Diplomatic Value
1, 100, 72, 3777998370, sync, Random Diplomatic Value
1, 100, 83, 3097997491, sync, Random Diplomatic Value
1, 100, 90, 3568236144, sync, Random Diplomatic Value
1, 100, 13, 3895803369, sync, Random Diplomatic Value
1, 100, 84, 582912622, sync, Random Diplomatic Value
1, 100, 65, 3630343439, sync, Random Diplomatic Value
1, 100, 73, 2833582492, sync, Random Diplomatic Value
1, 100, 18, 3172650917, sync, Random Diplomatic Value
1, 100, 95, 776789882, sync, Random Diplomatic Value
1, 100, 93, 4113466155, sync, Random Diplomatic Value
1, 100, 96, 4010222472, sync, Random Diplomatic Value
1, 100, 70, 4128096545, sync, Random Diplomatic Value
1, 100, 24, 3040442694, sync, Random Diplomatic Value
1, 100, 52, 1049634567, sync, Random Diplomatic Value
1, 100, 20, 2242834484, sync, Random Diplomatic Value
1, 100, 30, 887377501, sync, Random Diplomatic Value
1, 100, 92, 1308877778, sync, Random Diplomatic Value
1, 100, 47, 3984469155, sync, Random Diplomatic Value
1, 100, 90, 2036652960, sync, Random Diplomatic Value
1, 100, 52, 3902567257, sync, Random Diplomatic Value
1, 100, 78, 2241358622, sync, Random Diplomatic Value
1, 100, 83, 3384602623, sync, Random Diplomatic Value
1, 100, 34, 3570143692, sync, Random Diplomatic Value
1, 100, 72, 1477962773, sync, Random Diplomatic Value
1, 100, 66, 3109821226, sync, Random Diplomatic Value
1, 100, 27, 2834992411, sync, Random Diplomatic Value
1, 100, 61, 1200520888, sync, Random Diplomatic Value
1, 100, 52, 2627220625, sync, Random Diplomatic Value
1, 100, 76, 2247671798, sync, Random Diplomatic Value
1, 100, 31, 3282755575, sync, Random Diplomatic Value
1, 100, 78, 1342754404, sync, Random Diplomatic Value
1, 100, 33, 3355085005, sync, Random Diplomatic Value
1, 100, 48, 1458103682, sync, Random Diplomatic Value
1, 100, 32, 2074313875, sync, Random Diplomatic Value
1, 100, 19, 1404464336, sync, Random Diplomatic Value
1, 100, 38, 850650313, sync, Random Diplomatic Value
1, 100, 93, 1657001934, sync, Random Diplomatic Value
1, 100, 82, 4034385647, sync, Random Diplomatic Value
1, 100, 67, 3529344508, sync, Random Diplomatic Value
1, 100, 12, 2911700101, sync, Random Diplomatic Value
1, 100, 49, 541696730, sync, Random Diplomatic Value
1, 100, 62, 2106913547, sync, Random Diplomatic Value
1, 100, 7, 2684028392, sync, Random Diplomatic Value
1, 100, 0, 320758785, sync, Random Diplomatic Value
1, 100, 99, 3084966, sync, Random Diplomatic Value
1, 100, 81, 4263359719, sync, Random Diplomatic Value
1, 100, 45, 3513686164, sync, Random Diplomatic Value
1, 100, 96, 1963736893, sync, Random Diplomatic Value
1, 100, 44, 4155093810, sync, Random Diplomatic Value
1, 100, 78, 1921431683, sync, Random Diplomatic Value
1, 100, 87, 3353782784, sync, Random Diplomatic Value
1, 100, 15, 3775042105, sync, Random Diplomatic Value
1, 100, 39, 666620030, sync, Random Diplomatic Value
1, 100, 52, 1676827103, sync, Random Diplomatic Value
1, 100, 47, 2265736748, sync, Random Diplomatic Value
1, 100, 67, 2037455093, sync, Random Diplomatic Value
1, 100, 13, 2906683018, sync, Random Diplomatic Value
1, 100, 25, 558675195, sync, Random Diplomatic Value
1, 100, 36, 1106229528, sync, Random Diplomatic Value
1, 100, 39, 1577537393, sync, Random Diplomatic Value
1, 100, 69, 1706520918, sync, Random Diplomatic Value
1, 100, 79, 2988942807, sync, Random Diplomatic Value
1, 100, 62, 3400748740, sync, Random Diplomatic Value
1, 100, 20, 2683335085, sync, Random Diplomatic Value
1, 100, 10, 886131938, sync, Random Diplomatic Value
1, 100, 31, 458672243, sync, Random Diplomatic Value
1, 100, 24, 1358467888, sync, Random Diplomatic Value
1, 100, 8, 1037007785, sync, Random Diplomatic Value
1, 100, 31, 381375790, sync, Random Diplomatic Value
1, 100, 60, 1363900623, sync, Random Diplomatic Value
1, 100, 88, 2601235036, sync, Random Diplomatic Value
1, 100, 4, 3816499557, sync, Random Diplomatic Value
1, 100, 95, 187405882, sync, Random Diplomatic Value
1, 100, 64, 4096840427, sync, Random Diplomatic Value
1, 100, 91, 2781845576, sync, Random Diplomatic Value
1, 100, 64, 3917084385, sync, Random Diplomatic Value
1, 100, 69, 2771180550, sync, Random Diplomatic Value
1, 100, 34, 2982654663, sync, Random Diplomatic Value
1, 100, 81, 1466560756, sync, Random Diplomatic Value
1, 100, 79, 3493732381, sync, Random Diplomatic Value
1, 100, 91, 3416961682, sync, Random Diplomatic Value
1, 100, 69, 3909268579, sync, Random Diplomatic Value
1, 100, 19, 2964269152, sync, Random Diplomatic Value
1, 100, 96, 857841945, sync, Random Diplomatic Value
1, 100, 91, 4139607518, sync, Random Diplomatic Value
1, 100, 66, 3949081535, sync, Random Diplomatic Value
1, 100, 93, 2840488588, sync, Random Diplomatic Value
1, 100, 95, 4011996629, sync, Random Diplomatic Value
1, 100, 96, 4122345962, sync, Random Diplomatic Value
1, 100, 63, 4161817819, sync, Random Diplomatic Value
1, 100, 97, 2730337144, sync, Random Diplomatic Value
1, 100, 3, 4183644753, sync, Random Diplomatic Value
1, 100, 79, 166351542, sync, Random Diplomatic Value
1, 100, 11, 3434929079, sync, Random Diplomatic Value
1, 100, 13, 501579556, sync, Random Diplomatic Value
1, 100, 88, 558647949, sync, Random Diplomatic Value
1, 100, 40, 3795903554, sync, Random Diplomatic Value
1, 100, 12, 1748597843, sync, Random Diplomatic Value
1, 100, 72, 529361296, sync, Random Diplomatic Value
1, 100, 76, 3133145737, sync, Random Diplomatic Value
1, 100, 35, 3279749774, sync, Random Diplomatic Value
1, 100, 43, 1523944111, sync, Random Diplomatic Value
1, 100, 92, 1871154876, sync, Random Diplomatic Value
1, 100, 91, 3952950853, sync, Random Diplomatic Value
1, 100, 75, 3913988506, sync, Random Diplomatic Value
1, 100, 61, 3229229771, sync, Random Diplomatic Value
1, 100, 9, 2661079720, sync, Random Diplomatic Value
1, 100, 92, 425228737, sync, Random Diplomatic Value
1, 100, 75, 3960132966, sync, Random Diplomatic Value
1, 100, 49, 3230015655, sync, Random Diplomatic Value
1, 100, 69, 2134440276, sync, Random Diplomatic Value
1, 100, 71, 2989617405, sync, Random Diplomatic Value
1, 100, 18, 3076448754, sync, Random Diplomatic Value
1, 100, 48, 795484227, sync, Random Diplomatic Value
1, 100, 30, 2094421696, sync, Random Diplomatic Value
1, 100, 36, 1311875065, sync, Random Diplomatic Value
1, 100, 67, 1567959870, sync, Random Diplomatic Value
1, 100, 99, 2919529887, sync, Random Diplomatic Value
1, 100, 89, 4264173292, sync, Random Diplomatic Value
1, 100, 82, 3823321781, sync, Random Diplomatic Value
1, 100, 38, 3541351754, sync, Random Diplomatic Value
1, 100, 74, 1656575163, sync, Random Diplomatic Value
1, 100, 55, 3188735448, sync, Random Diplomatic Value
1, 100, 37, 2362594609, sync, Random Diplomatic Value
1, 100, 15, 1617519638, sync, Random Diplomatic Value
1, 100, 77, 677544343, sync, Random Diplomatic Value
1, 100, 8, 3342294916, sync, Random Diplomatic Value
1, 100, 32, 365302637, sync, Random Diplomatic Value
1, 100, 80, 1385147298, sync, Random Diplomatic Value
1, 100, 49, 3468927027, sync, Random Diplomatic Value
1, 100, 33, 2123165680, sync, Random Diplomatic Value
1, 100, 22, 1455257961, sync, Random Diplomatic Value
1, 100, 78, 971038702, sync, Random Diplomatic Value
1, 100, 90, 3373141135, sync, Random Diplomatic Value
1, 100, 5, 3899202332, sync, Random Diplomatic Value
1, 100, 75, 246104869, sync, Random Diplomatic Value
1, 100, 39, 3237940474, sync, Random Diplomatic Value
1, 100, 7, 1709761195, sync, Random Diplomatic Value
1, 100, 74, 343592200, sync, Random Diplomatic Value
1, 100, 90, 3203525793, sync, Random Diplomatic Value
1, 100, 42, 3902865094, sync, Random Diplomatic Value
1, 100, 36, 1834024583, sync, Random Diplomatic Value
1, 100, 76, 1551086004, sync, Random Diplomatic Value
1, 100, 20, 3265245661, sync, Random Diplomatic Value
1, 100, 75, 874398034, sync, Random Diplomatic Value
1, 100, 88, 3224697891, sync, Random Diplomatic Value
1, 100, 61, 3782489376, sync, Random Diplomatic Value
1, 100, 7, 2641006297, sync, Random Diplomatic Value
1, 100, 33, 314253470, sync, Random Diplomatic Value
1, 100, 45, 1439774591, sync, Random Diplomatic Value
1, 100, 24, 1949795148, sync, Random Diplomatic Value
1, 100, 56, 1047281557, sync, Random Diplomatic Value
1, 100, 69, 2444535978, sync, Random Diplomatic Value
1, 100, 82, 2999700635, sync, Random Diplomatic Value
1, 100, 69, 3556739128, sync, Random Diplomatic Value
1, 100, 13, 2996715537, sync, Random Diplomatic Value
1, 100, 71, 588031350, sync, Random Diplomatic Value
1, 100, 93, 3054540663, sync, Random Diplomatic Value
1, 100, 51, 4030787556, sync, Random Diplomatic Value
1, 100, 1, 2199243853, sync, Random Diplomatic Value
1, 100, 34, 85304066, sync, Random Diplomatic Value
1, 100, 59, 1466774547, sync, Random Diplomatic Value
1, 100, 73, 2567906896, sync, Random Diplomatic Value
1, 100, 58, 3137331273, sync, Random Diplomatic Value
1, 100, 70, 2529094990, sync, Random Diplomatic Value
1, 100, 79, 3018653295, sync, Random Diplomatic Value
1, 100, 31, 3393738620, sync, Random Diplomatic Value
1, 100, 64, 1365063685, sync, Random Diplomatic Value
1, 100, 51, 2761986138, sync, Random Diplomatic Value
1, 100, 49, 2213876363, sync, Random Diplomatic Value
1, 100, 44, 2105634664, sync, Random Diplomatic Value
1, 100, 47, 1920880513, sync, Random Diplomatic Value
1, 100, 84, 2059884582, sync, Random Diplomatic Value
1, 100, 68, 3609218151, sync, Random Diplomatic Value
1, 100, 89, 2930907668, sync, Random Diplomatic Value
1, 100, 27, 3846136509, sync, Random Diplomatic Value
1, 100, 69, 1195430066, sync, Random Diplomatic Value
1, 100, 99, 2983938051, sync, Random Diplomatic Value
1, 100, 53, 4288725888, sync, Random Diplomatic Value
1, 100, 9, 2281991609, sync, Random Diplomatic Value
1, 100, 90, 426198526, sync, Random Diplomatic Value
1, 100, 14, 3904921951, sync, Random Diplomatic Value
1, 100, 63, 638490540, sync, Random Diplomatic Value
1, 100, 53, 2708810869, sync, Random Diplomatic Value
1, 100, 33, 2314060810, sync, Random Diplomatic Value
1, 100, 6, 1437840507, sync, Random Diplomatic Value
1, 100, 50, 279151256, sync, Random Diplomatic Value
1, 100, 84, 2163809009, sync, Random Diplomatic Value
1, 100, 26, 3618379478, sync, Random Diplomatic Value
1, 100, 43, 1119821143, sync, Random Diplomatic Value
1, 100, 66, 1855598660, sync, Random Diplomatic Value
1, 100, 2, 2868081965, sync, Random Diplomatic Value
1, 100, 65, 86690402, sync, Random Diplomatic Value
1, 100, 2, 2796435443, sync, Random Diplomatic Value
1, 100, 54, 103550128, sync, Random Diplomatic Value
1, 100, 26, 2361341737, sync, Random Diplomatic Value
1, 100, 56, 1122970286, sync, Random Diplomatic Value
1, 100, 2, 2406113359, sync, Random Diplomatic Value
1, 100, 45, 96289756, sync, Random Diplomatic Value
1, 100, 69, 1953176805, sync, Random Diplomatic Value
1, 100, 83, 2995209146, sync, Random Diplomatic Value
1, 100, 23, 3591811691, sync, Random Diplomatic Value
1, 100, 28, 1003012552, sync, Random Diplomatic Value
1, 100, 30, 1211474529, sync, Random Diplomatic Value
1, 100, 97, 1314251142, sync, Random Diplomatic Value
1, 100, 88, 4176218695, sync, Random Diplomatic Value
1, 100, 22, 3784061556, sync, Random Diplomatic Value
1, 100, 50, 969474973, sync, Random Diplomatic Value
1, 100, 71, 2183041042, sync, Random Diplomatic Value
1, 100, 39, 3067413475, sync, Random Diplomatic Value
1, 100, 44, 1685324256, sync, Random Diplomatic Value
1, 100, 75, 1899445401, sync, Random Diplomatic Value
1, 100, 78, 3226573662, sync, Random Diplomatic Value
1, 100, 35, 3368680255, sync, Random Diplomatic Value
1, 100, 42, 1514626060, sync, Random Diplomatic Value
1, 100, 12, 1807092053, sync, Random Diplomatic Value
1, 100, 83, 538447722, sync, Random Diplomatic Value
1, 100, 54, 3572304987, sync, Random Diplomatic Value
1, 100, 53, 2350132472, sync, Random Diplomatic Value
1, 100, 81, 2317018577, sync, Random Diplomatic Value
1, 100, 46, 3491739702, sync, Random Diplomatic Value
1, 100, 76, 2003178295, sync, Random Diplomatic Value
1, 100, 4, 3285917860, sync, Random Diplomatic Value
1, 100, 91, 186060301, sync, Random Diplomatic Value
1, 100, 98, 3928433090, sync, Random Diplomatic Value
1, 100, 78, 4244548563, sync, Random Diplomatic Value
1, 100, 42, 3371934480, sync, Random Diplomatic Value
1, 100, 95, 1832091145, sync, Random Diplomatic Value
1, 100, 16, 4081686542, sync, Random Diplomatic Value
1, 100, 71, 729690671, sync, Random Diplomatic Value
1, 100, 95, 3076513852, sync, Random Diplomatic Value
1, 100, 8, 4102877637, sync, Random Diplomatic Value
1, 100, 20, 353052442, sync, Random Diplomatic Value
1, 100, 61, 868598347, sync, Random Diplomatic Value
1, 100, 81, 2640888872, sync, Random Diplomatic Value
1, 100, 85, 3494896961, sync, Random Diplomatic Value
1, 100, 66, 3676609254, sync, Random Diplomatic Value
1, 100, 4, 2846636071, sync, Random Diplomatic Value
1, 100, 10, 211417812, sync, Random Diplomatic Value
1, 100, 0, 469013629, sync, Random Diplomatic Value
1, 100, 11, 34570098, sync, Random Diplomatic Value
1, 100, 3, 496644035, sync, Random Diplomatic Value
1, 100, 71, 151384128, sync, Random Diplomatic Value
1, 100, 63, 3090873209, sync, Random Diplomatic Value
1, 100, 70, 2723291326, sync, Random Diplomatic Value
1, 100, 51, 3018196255, sync, Random Diplomatic Value
1, 100, 71, 2205798508, sync, Random Diplomatic Value
1, 100, 76, 3085358645, sync, Random Diplomatic Value
1, 100, 83, 3297479370, sync, Random Diplomatic Value
1, 100, 29, 3589264443, sync, Random Diplomatic Value
1, 100, 86, 1248429912, sync, Random Diplomatic Value
1, 100, 16, 3694895281, sync, Random Diplomatic Value
1, 100, 84, 708807062, sync, Random Diplomatic Value
1, 100, 11, 3640490263, sync, Random Diplomatic Value
1, 100, 36, 496746756, sync, Random Diplomatic Value
1, 100, 84, 1563989741, sync, Random Diplomatic Value
1, 100, 21, 3613567266, sync, Random Diplomatic Value
1, 100, 31, 920031155, sync, Random Diplomatic Value
1, 100, 97, 1352001904, sync, Random Diplomatic Value
1, 100, 65, 4187272425, sync, Random Diplomatic Value
1, 100, 70, 2829464942, sync, Random Diplomatic Value
1, 100, 15, 3022025743, sync, Random Diplomatic Value
1, 100, 4, 667430044, sync, Random Diplomatic Value
1, 100, 0, 175814309, sync, Random Diplomatic Value
1, 100, 56, 42220154, sync, Random Diplomatic Value
1, 100, 86, 2423931435, sync, Random Diplomatic Value
1, 100, 8, 3698947720, sync, Random Diplomatic Value
1, 100, 39, 386209825, sync, Random Diplomatic Value
1, 100, 61, 1695253574, sync, Random Diplomatic Value
1, 100, 95, 2623067655, sync, Random Diplomatic Value
1, 100, 13, 4084429620, sync, Random Diplomatic Value
1, 100, 43, 595203421, sync, Random Diplomatic Value
1, 100, 81, 1886101202, sync, Random Diplomatic Value
1, 100, 32, 3500329891, sync, Random Diplomatic Value
1, 100, 71, 1382977184, sync, Random Diplomatic Value
1, 100, 64, 3091704409, sync, Random Diplomatic Value
1, 100, 76, 2789266974, sync, Random Diplomatic Value
1, 100, 25, 3289153279, sync, Random Diplomatic Value
1, 100, 36, 1077802188, sync, Random Diplomatic Value
1, 100, 95, 1556058901, sync, Random Diplomatic Value
1, 100, 10, 4087363114, sync, Random Diplomatic Value
1, 100, 23, 439618587, sync, Random Diplomatic Value
1, 100, 0, 1002148280, sync, Random Diplomatic Value
1, 100, 81, 26430353, sync, Random Diplomatic Value
1, 100, 78, 3487795958, sync, Random Diplomatic Value
1, 100, 33, 3363655415, sync, Random Diplomatic Value
1, 100, 59, 1433669988, sync, Random Diplomatic Value
1, 100, 48, 2534412237, sync, Random Diplomatic Value
1, 100, 79, 2083872898, sync, Random Diplomatic Value
1, 100, 46, 3433948051, sync, Random Diplomatic Value
1, 100, 79, 2014502864, sync, Random Diplomatic Value
1, 100, 68, 3407535049, sync, Random Diplomatic Value
1, 100, 69, 2950496974, sync, Random Diplomatic Value
1, 100, 79, 2974361071, sync, Random Diplomatic Value
1, 100, 66, 3415091452, sync, Random Diplomatic Value
1, 100, 73, 2867620741, sync, Random Diplomatic Value
1, 100, 98, 3175775706, sync, Random Diplomatic Value
1, 100, 12, 4222366219, sync, Random Diplomatic Value
1, 100, 64, 521328872, sync, Random Diplomatic Value
1, 100, 98, 2760719105, sync, Random Diplomatic Value
1, 100, 37, 4225932710, sync, Random Diplomatic Value
1, 100, 2, 1609163751, sync, Random Diplomatic Value
1, 100, 14, 95460244, sync, Random Diplomatic Value
1, 100, 0, 605128253, sync, Random Diplomatic Value
1, 100, 33, 42659378, sync, Random Diplomatic Value
1, 100, 6, 1449580419, sync, Random Diplomatic Value
1, 100, 78, 298179840, sync, Random Diplomatic Value
1, 100, 99, 3365226809, sync, Random Diplomatic Value
1, 100, 43, 4277517182, sync, Random Diplomatic Value
1, 100, 35, 1865771231, sync, Random Diplomatic Value
1, 100, 92, 1529596204, sync, Random Diplomatic Value
1, 100, 20, 3975692277, sync, Random Diplomatic Value
1, 100, 49, 900600202, sync, Random Diplomatic Value
1, 100, 23, 2133963771, sync, Random Diplomatic Value
1, 100, 0, 1008880664, sync, Random Diplomatic Value
1, 100, 46, 5891697, sync, Random Diplomatic Value
1, 100, 51, 1994636374, sync, Random Diplomatic Value
1, 100, 94, 2195559639, sync, Random Diplomatic Value
1, 100, 91, 4043051460, sync, Random Diplomatic Value
1, 100, 7, 3931469997, sync, Random Diplomatic Value
1, 100, 82, 334972898, sync, Random Diplomatic Value
1, 100, 52, 3539773299, sync, Random Diplomatic Value
1, 100, 46, 2257225264, sync, Random Diplomatic Value
1, 100, 63, 1996354217, sync, Random Diplomatic Value
1, 100, 2, 2714107950, sync, Random Diplomatic Value
1, 100, 26, 116410319, sync, Random Diplomatic Value
1, 100, 52, 1128912220, sync, Random Diplomatic Value
1, 100, 57, 2258243685, sync, Random Diplomatic Value
1, 100, 62, 2478174522, sync, Random Diplomatic Value
1, 100, 46, 2698220011, sync, Random Diplomatic Value
1, 100, 48, 2001529672, sync, Random Diplomatic Value
1, 100, 48, 2099269089, sync, Random Diplomatic Value
1, 100, 37, 2072110854, sync, Random Diplomatic Value
1, 100, 37, 1599562183, sync, Random Diplomatic Value
1, 100, 17, 1592357876, sync, Random Diplomatic Value
1, 100, 47, 762504989, sync, Random Diplomatic Value
1, 100, 81, 2042981778, sync, Random Diplomatic Value
1, 100, 51, 3512619875, sync, Random Diplomatic Value
1, 100, 23, 2216942432, sync, Random Diplomatic Value
1, 100, 16, 1012652057, sync, Random Diplomatic Value
1, 100, 52, 726192350, sync, Random Diplomatic Value
1, 100, 79, 2270741183, sync, Random Diplomatic Value
1, 100, 71, 3403369868, sync, Random Diplomatic Value
1, 100, 12, 3075005653, sync, Random Diplomatic Value
1, 100, 99, 520953066, sync, Random Diplomatic Value
1, 100, 7, 4267756507, sync, Random Diplomatic Value
1, 100, 35, 330675832, sync, Random Diplomatic Value
1, 100, 62, 1523020113, sync, Random Diplomatic Value
1, 100, 12, 2702712246, sync, Random Diplomatic Value
1, 100, 13, 555109047, sync, Random Diplomatic Value
1, 100, 76, 567001636, sync, Random Diplomatic Value
1, 100, 39, 3300970893, sync, Random Diplomatic Value
1, 100, 97, 1711300418, sync, Random Diplomatic Value
1, 100, 18, 4198161235, sync, Random Diplomatic Value
1, 100, 55, 789896336, sync, Random Diplomatic Value
1, 100, 38, 2390096265, sync, Random Diplomatic Value
1, 100, 95, 1664691598, sync, Random Diplomatic Value
1, 100, 35, 4111325615, sync, Random Diplomatic Value
1, 100, 3, 1536373180, sync, Random Diplomatic Value
1, 100, 87, 171681093, sync, Random Diplomatic Value
1, 100, 77, 3760100506, sync, Random Diplomatic Value
1, 100, 88, 3345506763, sync, Random Diplomatic Value
1, 100, 12, 3812601256, sync, Random Diplomatic Value
1, 100, 54, 553013441, sync, Random Diplomatic Value
1, 100, 88, 2344706150, sync, Random Diplomatic Value
1, 100, 77, 3784920999, sync, Random Diplomatic Value
1, 100, 54, 3333815380, sync, Random Diplomatic Value
1, 100, 13, 2337683453, sync, Random Diplomatic Value
1, 100, 0, 594746610, sync, Random Diplomatic Value
1, 100, 32, 81731, sync, Random Diplomatic Value
1, 100, 38, 1386252736, sync, Random Diplomatic Value
1, 100, 96, 1658017529, sync, Random Diplomatic Value
1, 100, 22, 4128380478, sync, Random Diplomatic Value
1, 100, 69, 980323487, sync, Random Diplomatic Value
1, 100, 77, 2984542700, sync, Random Diplomatic Value
1, 100, 31, 3328797109, sync, Random Diplomatic Value
1, 100, 67, 1343576138, sync, Random Diplomatic Value
1, 100, 46, 2906215355, sync, Random Diplomatic Value
1, 100, 5, 1989005528, sync, Random Diplomatic Value
1, 100, 61, 252963889, sync, Random Diplomatic Value
1, 100, 59, 2623057686, sync, Random Diplomatic Value
1, 100, 77, 2552197271, sync, Random Diplomatic Value
1, 100, 81, 3313181316, sync, Random Diplomatic Value
1, 100, 77, 3490323053, sync, Random Diplomatic Value
1, 100, 55, 3316164258, sync, Random Diplomatic Value
1, 100, 56, 2397077299, sync, Random Diplomatic Value
1, 100, 62, 2429149936, sync, Random Diplomatic Value
1, 100, 14, 2663051369, sync, Random Diplomatic Value
1, 100, 9, 621710062, sync, Random Diplomatic Value
1, 100, 5, 395959183, sync, Random Diplomatic Value
1, 100, 36, 218250780, sync, Random Diplomatic Value
1, 100, 3, 1586047525, sync, Random Diplomatic Value
1, 100, 82, 148662266, sync, Random Diplomatic Value
1, 100, 30, 3538067883, sync, Random Diplomatic Value
1, 100, 54, 1292050440, sync, Random Diplomatic Value
1, 100, 62, 2353480609, sync, Random Diplomatic Value
1, 100, 3, 2692286918, sync, Random Diplomatic Value
1, 100, 69, 161983879, sync, Random Diplomatic Value
1, 100, 77, 2964206772, sync, Random Diplomatic Value
1, 100, 84, 3312679133, sync, Random Diplomatic Value
1, 100, 23, 3639344210, sync, Random Diplomatic Value
1, 100, 57, 1019714339, sync, Random Diplomatic Value
1, 100, 52, 2454972448, sync, Random Diplomatic Value
1, 100, 46, 2268317145, sync, Random Diplomatic Value
1, 100, 7, 1982434206, sync, Random Diplomatic Value
1, 100, 37, 309249663, sync, Random Diplomatic Value
1, 100, 87, 1591699020, sync, Random Diplomatic Value
1, 100, 45, 3776046741, sync, Random Diplomatic Value
1, 100, 73, 1964950442, sync, Random Diplomatic Value
1, 100, 1, 3174255515, sync, Random Diplomatic Value
1, 100, 59, 79862584, sync, Random Diplomatic Value
1, 100, 50, 2541180689, sync, Random Diplomatic Value
1, 100, 72, 2189258870, sync, Random Diplomatic Value
1, 100, 39, 3102803575, sync, Random Diplomatic Value
1, 100, 94, 1705128676, sync, Random Diplomatic Value
1, 100, 7, 4058600269, sync, Random Diplomatic Value
1, 100, 47, 306716162, sync, Random Diplomatic Value
1, 100, 21, 2036699923, sync, Random Diplomatic Value
1, 100, 19, 918657360, sync, Random Diplomatic Value
1, 100, 39, 822400841, sync, Random Diplomatic Value
1, 100, 40, 1679693902, sync, Random Diplomatic Value
1, 100, 48, 1720470895, sync, Random Diplomatic Value
1, 100, 40, 2083453564, sync, Random Diplomatic Value
1, 100, 50, 1748672261, sync, Random Diplomatic Value
1, 100, 26, 2152164186, sync, Random Diplomatic Value
1, 100, 54, 1119506827, sync, Random Diplomatic Value
1, 100, 21, 2326741608, sync, Random Diplomatic Value
1, 100, 97, 927671937, sync, Random Diplomatic Value
1, 100, 83, 4185973542, sync, Random Diplomatic Value
1, 100, 23, 3598351207, sync, Random Diplomatic Value
1, 100, 62, 1013587220, sync, Random Diplomatic Value
1, 100, 99, 2676140477, sync, Random Diplomatic Value
1, 100, 49, 4287105970, sync, Random Diplomatic Value
1, 100, 76, 2116642563, sync, Random Diplomatic Value
1, 100, 94, 3293968000, sync, Random Diplomatic Value
1, 100, 5, 4038403257, sync, Random Diplomatic Value
1, 100, 95, 241643774, sync, Random Diplomatic Value
1, 100, 29, 4115755103, sync, Random Diplomatic Value
1, 100, 53, 1281620652, sync, Random Diplomatic Value
1, 100, 27, 2314883957, sync, Random Diplomatic Value
1, 100, 48, 1182883594, sync, Random Diplomatic Value
1, 100, 29, 2076619643, sync, Random Diplomatic Value
1, 100, 91, 1248597400, sync, Random Diplomatic Value
1, 100, 22, 3928601073, sync, Random Diplomatic Value
1, 100, 18, 962486742, sync, Random Diplomatic Value
1, 100, 21, 813894743, sync, Random Diplomatic Value
1, 100, 29, 936964932, sync, Random Diplomatic Value
1, 100, 71, 1276541997, sync, Random Diplomatic Value
1, 100, 24, 3073820002, sync, Random Diplomatic Value
1, 100, 9, 1044518643, sync, Random Diplomatic Value
1, 100, 79, 403963824, sync, Random Diplomatic Value
1, 100, 91, 3398151721, sync, Random Diplomatic Value
1, 100, 21, 3913274798, sync, Random Diplomatic Value
1, 100, 97, 903688015, sync, Random Diplomatic Value
1, 100, 78, 4189152988, sync, Random Diplomatic Value
1, 100, 76, 3355968485, sync, Random Diplomatic Value
1, 100, 69, 3300368058, sync, Random Diplomatic Value
1, 100, 36, 2993123691, sync, Random Diplomatic Value
1, 100, 8, 1583092936, sync, Random Diplomatic Value
1, 100, 63, 372898145, sync, Random Diplomatic Value
1, 100, 13, 2729503878, sync, Random Diplomatic Value
1, 100, 20, 587839815, sync, Random Diplomatic Value
1, 100, 9, 897693044, sync, Random Diplomatic Value
1, 100, 53, 423348893, sync, Random Diplomatic Value
1, 100, 33, 2292140818, sync, Random Diplomatic Value
1, 100, 83, 1453236963, sync, Random Diplomatic Value
1, 100, 88, 3586045152, sync, Random Diplomatic Value
1, 100, 42, 3801052057, sync, Random Diplomatic Value
1, 100, 14, 1839400542, sync, Random Diplomatic Value
1, 100, 12, 621709887, sync, Random Diplomatic Value
1, 100, 99, 554319628, sync, Random Diplomatic Value
1, 100, 53, 4292522069, sync, Random Diplomatic Value
1, 100, 32, 2291477098, sync, Random Diplomatic Value
1, 100, 74, 1382779739, sync, Random Diplomatic Value
1, 100, 47, 3215081464, sync, Random Diplomatic Value
1, 100, 44, 2036530385, sync, Random Diplomatic Value
1, 100, 53, 1926464310, sync, Random Diplomatic Value
1, 100, 11, 2278392375, sync, Random Diplomatic Value
1, 100, 23, 498557860, sync, Random Diplomatic Value
1, 100, 67, 1011455245, sync, Random Diplomatic Value
1, 100, 99, 2882313410, sync, Random Diplomatic Value
1, 100, 59, 4260235987, sync, Random Diplomatic Value
1, 100, 92, 2547586576, sync, Random Diplomatic Value
1, 100, 78, 3968300297, sync, Random Diplomatic Value
1, 100, 20, 3377185550, sync, Random Diplomatic Value
1, 100, 0, 897876271, sync, Random Diplomatic Value
1, 100, 85, 35750716, sync, Random Diplomatic Value
1, 100, 37, 3668531397, sync, Random Diplomatic Value
1, 100, 84, 1619329562, sync, Random Diplomatic Value
1, 100, 46, 3647078731, sync, Random Diplomatic Value
1, 100, 59, 1981912872, sync, Random Diplomatic Value
1, 100, 45, 2571877441, sync, Random Diplomatic Value
1, 100, 64, 1944135142, sync, Random Diplomatic Value
1, 100, 7, 2790090535, sync, Random Diplomatic Value
1, 100, 43, 328007124, sync, Random Diplomatic Value
1, 100, 94, 1851186045, sync, Random Diplomatic Value
1, 100, 95, 4052335218, sync, Random Diplomatic Value
1, 100, 12, 4104081091, sync, Random Diplomatic Value
1, 100, 60, 530981696, sync, Random Diplomatic Value
1, 100, 55, 2616898169, sync, Random Diplomatic Value
1, 100, 24, 2394229694, sync, Random Diplomatic Value
1, 100, 68, 1067324447, sync, Random Diplomatic Value
1, 100, 23, 2942972780, sync, Random Diplomatic Value
1, 100, 4, 1030421813, sync, Random Diplomatic Value
1, 100, 77, 196224458, sync, Random Diplomatic Value
1, 100, 78, 3331969851, sync, Random Diplomatic Value
1, 100, 20, 3363641944, sync, Random Diplomatic Value
1, 100, 67, 861616049, sync, Random Diplomatic Value
1, 100, 13, 2897532054, sync, Random Diplomatic Value
1, 100, 64, 600336407, sync, Random Diplomatic Value
1, 100, 36, 2765456388, sync, Random Diplomatic Value
1, 100, 45, 1547345389, sync, Random Diplomatic Value
1, 100, 45, 1935778850, sync, Random Diplomatic Value
1, 100, 52, 1960930995, sync, Random Diplomatic Value
1, 100, 7, 2234047600, sync, Random Diplomatic Value
1, 100, 39, 338701289, sync, Random Diplomatic Value
1, 100, 44, 1696194670, sync, Random Diplomatic Value
1, 100, 24, 1903837967, sync, Random Diplomatic Value
1, 100, 72, 1041715100, sync, Random Diplomatic Value
1, 100, 91, 3101072805, sync, Random Diplomatic Value
1, 100, 54, 3926365562, sync, Random Diplomatic Value
1, 100, 42, 2334261547, sync, Random Diplomatic Value
1, 100, 67, 1813498248, sync, Random Diplomatic Value
1, 100, 6, 2897768225, sync, Random Diplomatic Value
1, 100, 95, 283742022, sync, Random Diplomatic Value
1, 100, 97, 4080895239, sync, Random Diplomatic Value
1, 100, 8, 4196660788, sync, Random Diplomatic Value
1, 100, 26, 378264669, sync, Random Diplomatic Value
1, 100, 13, 1134516690, sync, Random Diplomatic Value
1, 100, 40, 581135011, sync, Random Diplomatic Value
1, 100, 34, 1730429344, sync, Random Diplomatic Value
1, 100, 72, 1479467353, sync, Random Diplomatic Value
1, 100, 24, 3094692126, sync, Random Diplomatic Value
1, 100, 96, 1056443903, sync, Random Diplomatic Value
1, 100, 97, 4129019852, sync, Random Diplomatic Value
1, 100, 67, 4184029717, sync, Random Diplomatic Value
1, 100, 47, 2888847658, sync, Random Diplomatic Value
1, 100, 70, 2043251483, sync, Random Diplomatic Value
1, 100, 50, 3038028984, sync, Random Diplomatic Value
1, 100, 19, 2185912977, sync, Random Diplomatic Value
1, 100, 27, 819615222, sync, Random Diplomatic Value
1, 100, 2, 1164688887, sync, Random Diplomatic Value
1, 100, 50, 113988708, sync, Random Diplomatic Value
1, 100, 11, 2174850765, sync, Random Diplomatic Value
1, 100, 98, 491641730, sync, Random Diplomatic Value
1, 100, 10, 4220797587, sync, Random Diplomatic Value
1, 100, 72, 454775504, sync, Random Diplomatic Value
1, 100, 41, 3133002441, sync, Random Diplomatic Value
1, 100, 31, 1770139086, sync, Random Diplomatic Value
1, 100, 50, 1370911983, sync, Random Diplomatic Value
1, 100, 21, 2183842812, sync, Random Diplomatic Value
1, 100, 1, 927453829, sync, Random Diplomatic Value
1, 100, 71, 60250330, sync, Random Diplomatic Value
1, 100, 77, 3072291083, sync, Random Diplomatic Value
1, 100, 72, 3327568872, sync, Random Diplomatic Value
1, 100, 91, 3099070977, sync, Random Diplomatic Value
1, 100, 47, 3919718566, sync, Random Diplomatic Value
1, 100, 72, 2027033319, sync, Random Diplomatic Value
1, 100, 77, 3101597332, sync, Random Diplomatic Value
1, 100, 7, 3314732349, sync, Random Diplomatic Value
1, 100, 27, 339224882, sync, Random Diplomatic Value
1, 100, 86, 1193473667, sync, Random Diplomatic Value
1, 100, 30, 3713077248, sync, Random Diplomatic Value
1, 100, 49, 1315176505, sync, Random Diplomatic Value
1, 100, 47, 2109449854, sync, Random Diplomatic Value
1, 100, 12, 2031384543, sync, Random Diplomatic Value
1, 100, 65, 532098092, sync, Random Diplomatic Value
1, 100, 32, 2793105141, sync, Random Diplomatic Value
1, 100, 16, 1382526090, sync, Random Diplomatic Value
1, 100, 75, 695382779, sync, Random Diplomatic Value
1, 100, 29, 3246448408, sync, Random Diplomatic Value
1, 100, 8, 1281916273, sync, Random Diplomatic Value
1, 100, 3, 354158422, sync, Random Diplomatic Value
1, 100, 16, 162497495, sync, Random Diplomatic Value
1, 100, 74, 691066052, sync, Random Diplomatic Value
1, 100, 26, 3191242669, sync, Random Diplomatic Value
1, 100, 52, 1156137698, sync, Random Diplomatic Value
1, 100, 0, 2256438899, sync, Random Diplomatic Value
1, 100, 33, 13138224, sync, Random Diplomatic Value
1, 100, 80, 1432906153, sync, Random Diplomatic Value
1, 100, 60, 3478956846, sync, Random Diplomatic Value
1, 100, 80, 2586908367, sync, Random Diplomatic Value
1, 100, 90, 3472095324, sync, Random Diplomatic Value
1, 100, 35, 3870619493, sync, Random Diplomatic Value
1, 100, 40, 1535921210, sync, Random Diplomatic Value
1, 100, 96, 1758613739, sync, Random Diplomatic Value
1, 100, 63, 4143332936, sync, Random Diplomatic Value
1, 100, 22, 2709693665, sync, Random Diplomatic Value
1, 100, 50, 971174406, sync, Random Diplomatic Value
1, 100, 79, 2181238983, sync, Random Diplomatic Value
1, 100, 41, 3411343092, sync, Random Diplomatic Value
1, 100, 51, 1797500445, sync, Random Diplomatic Value
1, 100, 39, 2225875090, sync, Random Diplomatic Value
1, 100, 12, 1687548515, sync, Random Diplomatic Value
1, 100, 69, 524586592, sync, Random Diplomatic Value
1, 100, 73, 2983333657, sync, Random Diplomatic Value
1, 100, 62, 3177200606, sync, Random Diplomatic Value
1, 100, 51, 2682999231, sync, Random Diplomatic Value
1, 100, 45, 2194944140, sync, Random Diplomatic Value
1, 100, 94, 1936425941, sync, Random Diplomatic Value
1, 100, 68, 4071634922, sync, Random Diplomatic Value
1, 100, 8, 2936883931, sync, Random Diplomatic Value
1, 100, 95, 366594424, sync, Random Diplomatic Value
1, 100, 23, 4092430417, sync, Random Diplomatic Value
1, 100, 41, 995223734, sync, Random Diplomatic Value
1, 100, 61, 1770764727, sync, Random Diplomatic Value
1, 100, 37, 2644378916, sync, Random Diplomatic Value
1, 100, 6, 1605458061, sync, Random Diplomatic Value
1, 100, 64, 294378050, sync, Random Diplomatic Value
1, 100, 28, 2786605651, sync, Random Diplomatic Value
1, 100, 33, 1229475728, sync, Random Diplomatic Value
1, 100, 85, 1432875145, sync, Random Diplomatic Value
1, 100, 41, 3682687118, sync, Random Diplomatic Value
1, 100, 31, 1793206447, sync, Random Diplomatic Value
1, 100, 7, 1359664316, sync, Random Diplomatic Value
1, 100, 67, 332794949, sync, Random Diplomatic Value
1, 100, 78, 2889772954, sync, Random Diplomatic Value
1, 100, 35, 3350372555, sync, Random Diplomatic Value
1, 100, 77, 1544454312, sync, Random Diplomatic Value
1, 100, 3, 3343919041, sync, Random Diplomatic Value
1, 100, 21, 159640422, sync, Random Diplomatic Value
1, 100, 34, 902332071, sync, Random Diplomatic Value
1, 100, 19, 1495203668, sync, Random Diplomatic Value
1, 100, 25, 855015165, sync, Random Diplomatic Value
1, 100, 9, 1112758258, sync, Random Diplomatic Value
1, 100, 21, 427056707, sync, Random Diplomatic Value
1, 100, 69, 907459776, sync, Random Diplomatic Value
1, 100, 63, 2981170681, sync, Random Diplomatic Value
1, 100, 75, 2721775934, sync, Random Diplomatic Value
1, 100, 63, 3245644703, sync, Random Diplomatic Value
1, 100, 29, 2718622956, sync, Random Diplomatic Value
1, 100, 55, 1256951989, sync, Random Diplomatic Value
1, 100, 0, 2372006730, sync, Random Diplomatic Value
1, 100, 77, 1135291, sync, Random Diplomatic Value
1, 100, 34, 3325518808, sync, Random Diplomatic Value
1, 100, 31, 1460765489, sync, Random Diplomatic Value
1, 100, 22, 1364458006, sync, Random Diplomatic Value
1, 100, 63, 972578711, sync, Random Diplomatic Value
1, 100, 93, 2712331652, sync, Random Diplomatic Value
1, 100, 21, 4023001453, sync, Random Diplomatic Value
1, 100, 52, 915251618, sync, Random Diplomatic Value
1, 100, 45, 2262392371, sync, Random Diplomatic Value
1, 100, 15, 1941100016, sync, Random Diplomatic Value
1, 100, 12, 670328681, sync, Random Diplomatic Value
1, 100, 24, 516437486, sync, Random Diplomatic Value
1, 100, 37, 1069656719, sync, Random Diplomatic Value
1, 100, 77, 1627873564, sync, Random Diplomatic Value
1, 100, 73, 3345158437, sync, Random Diplomatic Value
1, 100, 9, 3154494202, sync, Random Diplomatic Value
1, 100, 24, 389570731, sync, Random Diplomatic Value
1, 100, 2, 1068987144, sync, Random Diplomatic Value
1, 100, 17, 106470049, sync, Random Diplomatic Value
1, 100, 59, 744297670, sync, Random Diplomatic Value
1, 100, 21, 2535087239, sync, Random Diplomatic Value
1, 100, 51, 903133108, sync, Random Diplomatic Value
1, 100, 52, 2227388381, sync, Random Diplomatic Value
1, 100, 62, 2256910162, sync, Random Diplomatic Value
1, 100, 58, 2687908387, sync, Random Diplomatic Value
1, 100, 47, 2531236640, sync, Random Diplomatic Value
1, 100, 63, 2033777881, sync, Random Diplomatic Value
1, 100, 27, 2737043102, sync, Random Diplomatic Value
1, 100, 17, 1202214271, sync, Random Diplomatic Value
1, 100, 82, 737364300, sync, Random Diplomatic Value
1, 100, 18, 3551759765, sync, Random Diplomatic Value
1, 100, 17, 785702570, sync, Random Diplomatic Value
1, 100, 82, 771148443, sync, Random Diplomatic Value
1, 100, 81, 3534859832, sync, Random Diplomatic Value
1, 100, 81, 3490475537, sync, Random Diplomatic Value
1, 100, 17, 3506060150, sync, Random Diplomatic Value
1, 100, 12, 736982391, sync, Random Diplomatic Value
1, 100, 20, 519009764, sync, Random Diplomatic Value
1, 100, 95, 876141133, sync, Random Diplomatic Value
1, 100, 94, 4081490178, sync, Random Diplomatic Value
1, 100, 41, 4047106579, sync, Random Diplomatic Value
1, 100, 21, 1797262416, sync, Random Diplomatic Value
1, 100, 46, 910544457, sync, Random Diplomatic Value
1, 100, 94, 1980318542, sync, Random Diplomatic Value
1, 100, 51, 4039613551, sync, Random Diplomatic Value
1, 100, 77, 2206309756, sync, Random Diplomatic Value
1, 100, 36, 3323201029, sync, Random Diplomatic Value
1, 100, 71, 1564100186, sync, Random Diplomatic Value
1, 100, 84, 3067842699, sync, Random Diplomatic Value
1, 100, 71, 3624473960, sync, Random Diplomatic Value
1, 100, 25, 3067346305, sync, Random Diplomatic Value
1, 100, 51, 1111911974, sync, Random Diplomatic Value
1, 100, 87, 2230364775, sync, Random Diplomatic Value
1, 100, 1, 3775799316, sync, Random Diplomatic Value
1, 100, 8, 71430333, sync, Random Diplomatic Value
1, 100, 80, 379274930, sync, Random Diplomatic Value
1, 100, 13, 3478357507, sync, Random Diplomatic Value
1, 100, 18, 582429056, sync, Random Diplomatic Value
1, 100, 51, 799136697, sync, Random Diplomatic Value
1, 100, 97, 2196970494, sync, Random Diplomatic Value
1, 100, 98, 4169039711, sync, Random Diplomatic Value
1, 100, 43, 4213530028, sync, Random Diplomatic Value
1, 100, 93, 1887140469, sync, Random Diplomatic Value
1, 100, 39, 4016110090, sync, Random Diplomatic Value
1, 100, 15, 1714795131, sync, Random Diplomatic Value
1, 100, 20, 660646040, sync, Random Diplomatic Value
1, 100, 0, 890652913, sync, Random Diplomatic Value
1, 100, 79, 1879254, sync, Random Diplomatic Value
1, 100, 66, 3429038935, sync, Random Diplomatic Value
1, 100, 18, 2869147204, sync, Random Diplomatic Value
1, 100, 7, 783647533, sync, Random Diplomatic Value
1, 100, 28, 319733858, sync, Random Diplomatic Value
1, 100, 52, 1236399603, sync, Random Diplomatic Value
1, 100, 89, 2259153584, sync, Random Diplomatic Value
1, 100, 3, 3851691305, sync, Random Diplomatic Value
1, 100, 69, 169640110, sync, Random Diplomatic Value
1, 100, 41, 2985033295, sync, Random Diplomatic Value
1, 100, 56, 1762757084, sync, Random Diplomatic Value
1, 100, 43, 2426464997, sync, Random Diplomatic Value
1, 100, 13, 1848900026, sync, Random Diplomatic Value
1, 100, 27, 571748459, sync, Random Diplomatic Value
1, 100, 67, 1192978376, sync, Random Diplomatic Value
1, 100, 71, 2902085729, sync, Random Diplomatic Value
1, 100, 72, 3071801222, sync, Random Diplomatic Value
1, 100, 52, 3124979783, sync, Random Diplomatic Value
1, 100, 56, 2254649460, sync, Random Diplomatic Value
1, 100, 26, 2435486109, sync, Random Diplomatic Value
1, 100, 9, 1139541522, sync, Random Diplomatic Value
1, 100, 15, 423903715, sync, Random Diplomatic Value
1, 100, 96, 649422816, sync, Random Diplomatic Value
1, 100, 31, 4163087001, sync, Random Diplomatic Value
1, 100, 96, 1350594910, sync, Random Diplomatic Value
1, 100, 8, 4126087487, sync, Random Diplomatic Value
1, 100, 24, 372843020, sync, Random Diplomatic Value
1, 100, 95, 1073436501, sync, Random Diplomatic Value
1, 100, 94, 4083041642, sync, Random Diplomatic Value
1, 100, 61, 4064676443, sync, Random Diplomatic Value
1, 100, 84, 2623296248, sync, Random Diplomatic Value
1, 100, 93, 3630633937, sync, Random Diplomatic Value
1, 100, 51, 4036185654, sync, Random Diplomatic Value
1, 100, 52, 2219897143, sync, Random Diplomatic Value
1, 100, 11, 2273289892, sync, Random Diplomatic Value
1, 100, 92, 486022157, sync, Random Diplomatic Value
1, 100, 56, 3980269506, sync, Random Diplomatic Value
1, 100, 53, 2428070355, sync, Random Diplomatic Value
1, 100, 59, 2304936208, sync, Random Diplomatic Value
1, 100, 31, 2534894601, sync, Random Diplomatic Value
1, 100, 7, 1339682318, sync, Random Diplomatic Value
1, 100, 93, 321310767, sync, Random Diplomatic Value
1, 100, 38, 3998164540, sync, Random Diplomatic Value
1, 100, 84, 1673641925, sync, Random Diplomatic Value
1, 100, 93, 3645562138, sync, Random Diplomatic Value
1, 100, 60, 4032446539, sync, Random Diplomatic Value
1, 100, 22, 2600888872, sync, Random Diplomatic Value
1, 100, 76, 956535617, sync, Random Diplomatic Value
1, 100, 80, 3265900774, sync, Random Diplomatic Value
1, 100, 98, 3456800295, sync, Random Diplomatic Value
1, 100, 27, 4251713748, sync, Random Diplomatic Value
1, 100, 92, 1194664573, sync, Random Diplomatic Value
1, 100, 54, 3956274546, sync, Random Diplomatic Value
1, 100, 35, 2357226947, sync, Random Diplomatic Value
1, 100, 94, 1542608448, sync, Random Diplomatic Value
1, 100, 40, 4059457913, sync, Random Diplomatic Value
1, 100, 74, 1722021566, sync, Random Diplomatic Value
1, 100, 68, 3186762527, sync, Random Diplomatic Value
1, 100, 11, 2949027436, sync, Random Diplomatic Value
1, 100, 41, 485172277, sync, Random Diplomatic Value
1, 100, 21, 1797570762, sync, Random Diplomatic Value
1, 100, 95, 933220923, sync, Random Diplomatic Value
1, 100, 53, 4122783064, sync, Random Diplomatic Value
1, 100, 50, 2285293233, sync, Random Diplomatic Value
1, 100, 59, 2151030678, sync, Random Diplomatic Value
1, 100, 63, 2561627927, sync, Random Diplomatic Value
1, 100, 47, 2717599492, sync, Random Diplomatic Value
1, 100, 39, 2025366765, sync, Random Diplomatic Value
1, 100, 38, 1697423138, sync, Random Diplomatic Value
1, 100, 63, 1657294259, sync, Random Diplomatic Value
1, 100, 65, 2724712304, sync, Random Diplomatic Value
1, 100, 3, 2819072745, sync, Random Diplomatic Value
1, 100, 0, 135891822, sync, Random Diplomatic Value
1, 100, 10, 7344655, sync, Random Diplomatic Value
1, 100, 21, 466776732, sync, Random Diplomatic Value
1, 100, 58, 942572709, sync, Random Diplomatic Value
1, 100, 83, 2497114234, sync, Random Diplomatic Value
1, 100, 80, 3576021035, sync, Random Diplomatic Value
1, 100, 15, 3454147720, sync, Random Diplomatic Value
1, 100, 40, 656918049, sync, Random Diplomatic Value
1, 100, 20, 1758698054, sync, Random Diplomatic Value
1, 100, 78, 859714567, sync, Random Diplomatic Value
1, 100, 49, 3384834356, sync, Random Diplomatic Value
1, 100, 46, 2115609437, sync, Random Diplomatic Value
1, 100, 82, 2006914258, sync, Random Diplomatic Value
1, 100, 90, 3548383651, sync, Random Diplomatic Value
1, 100, 22, 3884315808, sync, Random Diplomatic Value
1, 100, 42, 944904281, sync, Random Diplomatic Value
1, 100, 16, 1815456798, sync, Random Diplomatic Value
1, 100, 14, 713006335, sync, Random Diplomatic Value
1, 100, 61, 644201164, sync, Random Diplomatic Value
1, 100, 57, 2650988821, sync, Random Diplomatic Value
1, 100, 71, 2467064874, sync, Random Diplomatic Value
1, 100, 88, 3082488347, sync, Random Diplomatic Value
1, 100, 55, 3818502072, sync, Random Diplomatic Value
1, 100, 34, 2394782097, sync, Random Diplomatic Value
1, 100, 16, 1490886902, sync, Random Diplomatic Value
1, 100, 57, 712387831, sync, Random Diplomatic Value
1, 100, 96, 2483984228, sync, Random Diplomatic Value
1, 100, 91, 4155448781, sync, Random Diplomatic Value
1, 100, 97, 3929167490, sync, Random Diplomatic Value
1, 100, 42, 4166427027, sync, Random Diplomatic Value
1, 100, 44, 1825555920, sync, Random Diplomatic Value
1, 100, 24, 1906100681, sync, Random Diplomatic Value
1, 100, 75, 1068718286, sync, Random Diplomatic Value
1, 100, 14, 3250570223, sync, Random Diplomatic Value
1, 100, 76, 640904956, sync, Random Diplomatic Value
1, 100, 63, 3265214853, sync, Random Diplomatic Value
1, 100, 62, 2737845210, sync, Random Diplomatic Value
1, 100, 77, 2683219979, sync, Random Diplomatic Value
1, 100, 74, 3318120168, sync, Random Diplomatic Value
1, 100, 47, 3214862593, sync, Random Diplomatic Value
1, 100, 22, 2037232550, sync, Random Diplomatic Value
1, 100, 10, 953565671, sync, Random Diplomatic Value
1, 100, 78, 452501908, sync, Random Diplomatic Value
1, 100, 86, 3381662781, sync, Random Diplomatic Value
1, 100, 20, 3702613042, sync, Random Diplomatic Value
1, 100, 35, 884675971, sync, Random Diplomatic Value
1, 100, 88, 1518879488, sync, Random Diplomatic Value
1, 100, 32, 3798906681, sync, Random Diplomatic Value
1, 100, 44, 1410175358, sync, Random Diplomatic Value
1, 100, 1, 1905231583, sync, Random Diplomatic Value
1, 100, 8, 78548780, sync, Random Diplomatic Value
1, 100, 70, 368741877, sync, Random Diplomatic Value
1, 100, 6, 3010283402, sync, Random Diplomatic Value
1, 100, 0, 269464059, sync, Random Diplomatic Value
1, 100, 69, 34304536, sync, Random Diplomatic Value
1, 100, 93, 2989692017, sync, Random Diplomatic Value
1, 100, 21, 4032844374, sync, Random Diplomatic Value
1, 100, 63, 916288215, sync, Random Diplomatic Value
1, 100, 54, 2740033476, sync, Random Diplomatic Value
1, 100, 46, 2341701293, sync, Random Diplomatic Value
1, 100, 14, 2007449058, sync, Random Diplomatic Value
1, 100, 93, 635200883, sync, Random Diplomatic Value
1, 100, 28, 4021447728, sync, Random Diplomatic Value
1, 100, 31, 1225711785, sync, Random Diplomatic Value
1, 100, 98, 1333745198, sync, Random Diplomatic Value
1, 100, 42, 4211992015, sync, Random Diplomatic Value
1, 100, 45, 1846156124, sync, Random Diplomatic Value
1, 100, 7, 1942740581, sync, Random Diplomatic Value
1, 100, 23, 313435962, sync, Random Diplomatic Value
1, 100, 33, 1009586155, sync, Random Diplomatic Value
1, 100, 77, 1422627144, sync, Random Diplomatic Value
1, 100, 56, 3332439009, sync, Random Diplomatic Value
1, 100, 3, 2421161222, sync, Random Diplomatic Value
1, 100, 79, 164282311, sync, Random Diplomatic Value
1, 100, 97, 3433855476, sync, Random Diplomatic Value
1, 100, 61, 4182799645, sync, Random Diplomatic Value
1, 100, 57, 2623464338, sync, Random Diplomatic Value
1, 100, 69, 2460586339, sync, Random Diplomatic Value
1, 100, 1, 2987475296, sync, Random Diplomatic Value
1, 100, 36, 59000345, sync, Random Diplomatic Value
1, 100, 14, 1560520414, sync, Random Diplomatic Value
1, 100, 0, 622452927, sync, Random Diplomatic Value
1, 100, 57, 20517772, sync, Random Diplomatic Value
1, 100, 12, 2475305685, sync, Random Diplomatic Value
1, 100, 97, 547312362, sync, Random Diplomatic Value
1, 100, 84, 4195731931, sync, Random Diplomatic Value
1, 100, 20, 3643399288, sync, Random Diplomatic Value
1, 100, 53, 886021969, sync, Random Diplomatic Value
1, 100, 58, 2291643318, sync, Random Diplomatic Value
1, 100, 75, 2518493367, sync, Random Diplomatic Value
1, 100, 38, 3244050468, sync, Random Diplomatic Value
1, 100, 58, 1646124941, sync, Random Diplomatic Value
1, 100, 35, 2497926466, sync, Random Diplomatic Value
1, 100, 61, 1540462931, sync, Random Diplomatic Value
1, 100, 49, 2653405840, sync, Random Diplomatic Value
1, 100, 86, 2140530569, sync, Random Diplomatic Value
1, 100, 67, 3696591758, sync, Random Diplomatic Value
1, 100, 49, 2891085743, sync, Random Diplomatic Value
1, 100, 47, 2146334652, sync, Random Diplomatic Value
1, 100, 99, 2020373317, sync, Random Diplomatic Value
1, 100, 69, 4255795866, sync, Random Diplomatic Value
1, 100, 22, 2975391691, sync, Random Diplomatic Value
1, 100, 48, 956912552, sync, Random Diplomatic Value
1, 100, 8, 2087059137, sync, Random Diplomatic Value
1, 100, 67, 357725798, sync, Random Diplomatic Value
1, 100, 40, 2903748007, sync, Random Diplomatic Value
1, 100, 9, 1718878804, sync, Random Diplomatic Value
1, 100, 76, 420660733, sync, Random Diplomatic Value
1, 100, 42, 3288306418, sync, Random Diplomatic Value
1, 100, 34, 1807973699, sync, Random Diplomatic Value
1, 100, 66, 1463349184, sync, Random Diplomatic Value
1, 100, 7, 2865415417, sync, Random Diplomatic Value
1, 100, 19, 300936254, sync, Random Diplomatic Value
1, 100, 99, 857123487, sync, Random Diplomatic Value
1, 100, 88, 4271720428, sync, Random Diplomatic Value
1, 100, 23, 3781801909, sync, Random Diplomatic Value
1, 100, 29, 989498954, sync, Random Diplomatic Value
1, 100, 86, 1262834107, sync, Random Diplomatic Value
1, 100, 83, 3708614360, sync, Random Diplomatic Value
1, 100, 18, 3570080305, sync, Random Diplomatic Value
1, 100, 99, 794510614, sync, Random Diplomatic Value
1, 100, 54, 4260187799, sync, Random Diplomatic Value
1, 100, 89, 2345052292, sync, Random Diplomatic Value
1, 100, 33, 3842386029, sync, Random Diplomatic Value
1, 100, 65, 1430166690, sync, Random Diplomatic Value
1, 100, 34, 2796436787, sync, Random Diplomatic Value
1, 100, 38, 1464322288, sync, Random Diplomatic Value
1, 100, 84, 1651105385, sync, Random Diplomatic Value
1, 100, 19, 3608010990, sync, Random Diplomatic Value
1, 100, 7, 830830991, sync, Random Diplomatic Value
1, 100, 72, 343442460, sync, Random Diplomatic Value
1, 100, 54, 3107518501, sync, Random Diplomatic Value
1, 100, 13, 2323324410, sync, Random Diplomatic Value
1, 100, 11, 585768875, sync, Random Diplomatic Value
1, 100, 61, 479708680, sync, Random Diplomatic Value
1, 100, 23, 2636509601, sync, Random Diplomatic Value
1, 100, 2, 1011687366, sync, Random Diplomatic Value
1, 100, 10, 94964615, sync, Random Diplomatic Value
1, 100, 43, 468138676, sync, Random Diplomatic Value
1, 100, 92, 1888421597, sync, Random Diplomatic Value
1, 100, 85, 3974853202, sync, Random Diplomatic Value
1, 100, 12, 3665877283, sync, Random Diplomatic Value
1, 100, 88, 521621024, sync, Random Diplomatic Value
1, 100, 28, 3816436697, sync, Random Diplomatic Value
1, 100, 89, 1235902878, sync, Random Diplomatic Value
1, 100, 4, 3850232959, sync, Random Diplomatic Value
1, 100, 52, 192097356, sync, Random Diplomatic Value
1, 100, 43, 2253468821, sync, Random Diplomatic Value
1, 100, 95, 1859582378, sync, Random Diplomatic Value
1, 100, 42, 4111878555, sync, Random Diplomatic Value
1, 100, 79, 1842135352, sync, Random Diplomatic Value
1, 100, 74, 3428680977, sync, Random Diplomatic Value
1, 100, 99, 3196257910, sync, Random Diplomatic Value
1, 100, 29, 4278576247, sync, Random Diplomatic Value
1, 100, 72, 1277737188, sync, Random Diplomatic Value
1, 100, 34, 3120849229, sync, Random Diplomatic Value
1, 100, 68, 1477514242, sync, Random Diplomatic Value
1, 100, 39, 2934591763, sync, Random Diplomatic Value
1, 100, 22, 1714061136, sync, Random Diplomatic Value
1, 100, 48, 985843017, sync, Random Diplomatic Value
1, 100, 26, 2088791630, sync, Random Diplomatic Value
1, 100, 6, 1117711215, sync, Random Diplomatic Value
1, 100, 85, 272646268, sync, Random Diplomatic Value
1, 100, 91, 3672730885, sync, Random Diplomatic Value
1, 100, 81, 3950584154, sync, Random Diplomatic Value
1, 100, 58, 3495481227, sync, Random Diplomatic Value
1, 100, 37, 2509170792, sync, Random Diplomatic Value
1, 100, 1, 1629017217, sync, Random Diplomatic Value
1, 100, 82, 85457190, sync, Random Diplomatic Value
1, 100, 79, 3531790695, sync, Random Diplomatic Value
1, 100, 51, 3432915732, sync, Random Diplomatic Value
1, 100, 23, 2206021565, sync, Random Diplomatic Value
1, 100, 58, 1014661554, sync, Random Diplomatic Value
1, 100, 29, 2505680131, sync, Random Diplomatic Value
1, 100, 70, 1254382720, sync, Random Diplomatic Value
1, 100, 15, 3033174713, sync, Random Diplomatic Value
1, 100, 88, 655034110, sync, Random Diplomatic Value
1, 100, 38, 3796340319, sync, Random Diplomatic Value
1, 100, 76, 1649590444, sync, Random Diplomatic Value
1, 100, 20, 3304628597, sync, Random Diplomatic Value
1, 100, 1, 881628426, sync, Random Diplomatic Value
1, 100, 84, 83931515, sync, Random Diplomatic Value
1, 100, 81, 3615570840, sync, Random Diplomatic Value
1, 100, 85, 3518947313, sync, Random Diplomatic Value
1, 100, 2, 3689347030, sync, Random Diplomatic Value
1, 100, 96, 106883671, sync, Random Diplomatic Value
1, 100, 76, 4162484548, sync, Random Diplomatic Value
1, 100, 78, 3268446765, sync, Random Diplomatic Value
1, 100, 72, 3367156578, sync, Random Diplomatic Value
1, 100, 50, 3103642867, sync, Random Diplomatic Value
1, 100, 30, 2179458480, sync, Random Diplomatic Value
1, 100, 33, 1306041385, sync, Random Diplomatic Value
1, 100, 95, 1434790830, sync, Random Diplomatic Value
1, 100, 51, 4086746447, sync, Random Diplomatic Value
1, 100, 24, 2212343004, sync, Random Diplomatic Value
1, 100, 37, 1043714533, sync, Random Diplomatic Value
1, 100, 8, 1593595066, sync, Random Diplomatic Value
1, 100, 14, 354217835, sync, Random Diplomatic Value
1, 100, 48, 637975240, sync, Random Diplomatic Value
1, 100, 23, 2088150881, sync, Random Diplomatic Value
1, 100, 68, 998965894, sync, Random Diplomatic Value
1, 100, 1, 2929268551, sync, Random Diplomatic Value
1, 100, 6, 70302580, sync, Random Diplomatic Value
1, 100, 39, 295000221, sync, Random Diplomatic Value
1, 100, 93, 1678033170, sync, Random Diplomatic Value
1, 100, 52, 4005945571, sync, Random Diplomatic Value
1, 100, 13, 2270698208, sync, Random Diplomatic Value
1, 100, 9, 569631129, sync, Random Diplomatic Value
1, 100, 16, 417979486, sync, Random Diplomatic Value
1, 100, 41, 728475711, sync, Random Diplomatic Value
1, 100, 60, 1775502604, sync, Random Diplomatic Value
1, 100, 6, 2618818133, sync, Random Diplomatic Value
1, 100, 64, 275996778, sync, Random Diplomatic Value
1, 100, 32, 2759625051, sync, Random Diplomatic Value
1, 100, 9, 1380083192, sync, Random Diplomatic Value
1, 100, 97, 388442833, sync, Random Diplomatic Value
1, 100, 36, 4183759158, sync, Random Diplomatic Value
1, 100, 19, 1559257143, sync, Random Diplomatic Value
1, 100, 11, 825485732, sync, Random Diplomatic Value
1, 100, 36, 488809229, sync, Random Diplomatic Value
1, 100, 64, 1585156802, sync, Random Diplomatic Value
1, 100, 80, 2774583507, sync, Random Diplomatic Value
1, 100, 86, 3449289744, sync, Random Diplomatic Value
1, 100, 21, 3705889545, sync, Random Diplomatic Value
1, 100, 70, 921966862, sync, Random Diplomatic Value
1, 100, 67, 3026525999, sync, Random Diplomatic Value
1, 100, 99, 2884159804, sync, Random Diplomatic Value
1, 100, 18, 4292224709, sync, Random Diplomatic Value
1, 100, 40, 794605594, sync, Random Diplomatic Value
1, 100, 23, 1756266315, sync, Random Diplomatic Value
1, 100, 12, 1008155944, sync, Random Diplomatic Value
1, 100, 46, 527919681, sync, Random Diplomatic Value
1, 100, 6, 2004761574, sync, Random Diplomatic Value
1, 100, 97, 283362599, sync, Random Diplomatic Value
1, 100, 8, 4197909460, sync, Random Diplomatic Value
1, 100, 62, 378497405, sync, Random Diplomatic Value
1, 100, 83, 2699178098, sync, Random Diplomatic Value
1, 100, 92, 3577580739, sync, Random Diplomatic Value
1, 100, 16, 3991570752, sync, Random Diplomatic Value
1, 100, 85, 707666041, sync, Random Diplomatic Value
1, 100, 12, 3659456958, sync, Random Diplomatic Value
1, 100, 70, 518140447, sync, Random Diplomatic Value
1, 100, 77, 3029268844, sync, Random Diplomatic Value
1, 100, 57, 3328658229, sync, Random Diplomatic Value
1, 100, 9, 2464373706, sync, Random Diplomatic Value
1, 100, 0, 419549499, sync, Random Diplomatic Value
1, 100, 29, 36192344, sync, Random Diplomatic Value
1, 100, 33, 1255040433, sync, Random Diplomatic Value
1, 100, 15, 1422092950, sync, Random Diplomatic Value
1, 100, 26, 665994775, sync, Random Diplomatic Value
1, 100, 13, 1158482436, sync, Random Diplomatic Value
1, 100, 36, 582134765, sync, Random Diplomatic Value
1, 100, 93, 1556322850, sync, Random Diplomatic Value
1, 100, 84, 4035652787, sync, Random Diplomatic Value
1, 100, 14, 3629302384, sync, Random Diplomatic Value
1, 100, 25, 622533097, sync, Random Diplomatic Value
1, 100, 31, 1101346414, sync, Random Diplomatic Value
1, 100, 94, 1359077647, sync, Random Diplomatic Value
1, 100, 97, 4042888604, sync, Random Diplomatic Value
1, 100, 69, 4169296805, sync, Random Diplomatic Value
1, 100, 36, 3002223482, sync, Random Diplomatic Value
1, 100, 19, 1585807147, sync, Random Diplomatic Value
1, 100, 96, 836267912, sync, Random Diplomatic Value
1, 100, 11, 4132642081, sync, Random Diplomatic Value
1, 100, 29, 482977094, sync, Random Diplomatic Value
1, 100, 57, 1281024775, sync, Random Diplomatic Value
1, 100, 78, 2454256692, sync, Random Diplomatic Value
1, 100, 73, 3391318621, sync, Random Diplomatic Value
1, 100, 82, 3161116626, sync, Random Diplomatic Value
1, 100, 1, 3543705763, sync, Random Diplomatic Value
1, 100, 78, 60008352, sync, Random Diplomatic Value
1, 100, 44, 3367063385, sync, Random Diplomatic Value
1, 100, 46, 1904351006, sync, Random Diplomatic Value
1, 100, 0, 1990405119, sync, Random Diplomatic Value
1, 100, 72, 18587084, sync, Random Diplomatic Value
1, 100, 34, 3130951701, sync, Random Diplomatic Value
1, 100, 76, 1479837482, sync, Random Diplomatic Value
1, 100, 96, 3288893723, sync, Random Diplomatic Value
1, 100, 58, 4148873912, sync, Random Diplomatic Value
1, 100, 96, 2532085905, sync, Random Diplomatic Value
1, 100, 40, 4159433718, sync, Random Diplomatic Value
1, 100, 17, 1738316791, sync, Random Diplomatic Value
1, 100, 41, 759028324, sync, Random Diplomatic Value
1, 100, 57, 1765319885, sync, Random Diplomatic Value
1, 100, 69, 2464338306, sync, Random Diplomatic Value
1, 100, 61, 3002400915, sync, Random Diplomatic Value
1, 100, 37, 2637183184, sync, Random Diplomatic Value
1, 100, 88, 1605877961, sync, Random Diplomatic Value
1, 100, 94, 3799024590, sync, Random Diplomatic Value
1, 100, 90, 4049933039, sync, Random Diplomatic Value
1, 100, 73, 3886551548, sync, Random Diplomatic Value
1, 100, 29, 3170017413, sync, Random Diplomatic Value
1, 100, 64, 1276448474, sync, Random Diplomatic Value
1, 100, 30, 2786717451, sync, Random Diplomatic Value
1, 100, 16, 1298289128, sync, Random Diplomatic Value
1, 100, 35, 692174849, sync, Random Diplomatic Value
1, 100, 56, 1531264678, sync, Random Diplomatic Value
1, 100, 35, 2415292647, sync, Random Diplomatic Value
1, 100, 62, 1543414932, sync, Random Diplomatic Value
1, 100, 4, 2684967741, sync, Random Diplomatic Value
1, 100, 5, 200711986, sync, Random Diplomatic Value
1, 100, 72, 254751875, sync, Random Diplomatic Value
1, 100, 95, 3110827520, sync, Random Diplomatic Value
1, 100, 19, 4105530937, sync, Random Diplomatic Value
1, 100, 28, 837516414, sync, Random Diplomatic Value
1, 100, 22, 1218876895, sync, Random Diplomatic Value
1, 100, 66, 974254636, sync, Random Diplomatic Value
1, 100, 3, 2876617973, sync, Random Diplomatic Value
1, 100, 13, 146727562, sync, Random Diplomatic Value
1, 100, 17, 587772155, sync, Random Diplomatic Value
1, 100, 63, 767690008, sync, Random Diplomatic Value
1, 100, 72, 2713299825, sync, Random Diplomatic Value
1, 100, 97, 3098582358, sync, Random Diplomatic Value
1, 100, 56, 4188496343, sync, Random Diplomatic Value
1, 100, 75, 2405325508, sync, Random Diplomatic Value
1, 100, 36, 3261894061, sync, Random Diplomatic Value
1, 100, 62, 1546729698, sync, Random Diplomatic Value
1, 100, 51, 2702591091, sync, Random Diplomatic Value
1, 100, 75, 2202558256, sync, Random Diplomatic Value
1, 100, 82, 3253819305, sync, Random Diplomatic Value
1, 100, 9, 3526230318, sync, Random Diplomatic Value
1, 100, 31, 428258511, sync, Random Diplomatic Value
1, 100, 61, 1351368284, sync, Random Diplomatic Value
1, 100, 41, 2648622437, sync, Random Diplomatic Value
1, 100, 4, 1763508794, sync, Random Diplomatic Value
1, 100, 75, 182701803, sync, Random Diplomatic Value
1, 100, 36, 3234653256, sync, Random Diplomatic Value
1, 100, 18, 1551586017, sync, Random Diplomatic Value
1, 100, 90, 784926726, sync, Random Diplomatic Value
1, 100, 57, 3870191303, sync, Random Diplomatic Value
1, 100, 28, 2465201396, sync, Random Diplomatic Value
1, 100, 44, 1207516189, sync, Random Diplomatic Value
1, 100, 29, 1893572242, sync, Random Diplomatic Value
1, 100, 42, 1268330595, sync, Random Diplomatic Value
1, 100, 63, 1820980320, sync, Random Diplomatic Value
1, 100, 72, 2708634905, sync, Random Diplomatic Value
1, 100, 2, 3123909086, sync, Random Diplomatic Value
1, 100, 46, 115634111, sync, Random Diplomatic Value
1, 100, 52, 1980364428, sync, Random Diplomatic Value
1, 100, 34, 2275725781, sync, Random Diplomatic Value
1, 100, 81, 1490709994, sync, Random Diplomatic Value
1, 100, 55, 3480897755, sync, Random Diplomatic Value
1, 100, 55, 2376462200, sync, Random Diplomatic Value
1, 100, 22, 2372777553, sync, Random Diplomatic Value
1, 100, 58, 954826422, sync, Random Diplomatic Value
1, 100, 73, 2529859511, sync, Random Diplomatic Value
1, 100, 23, 3171322660, sync, Random Diplomatic Value
1, 100, 62, 1007052429, sync, Random Diplomatic Value
1, 100, 4, 2684801090, sync, Random Diplomatic Value
1, 100, 36, 191297619, sync, Random Diplomatic Value
1, 100, 48, 1572025744, sync, Random Diplomatic Value
1, 100, 8, 2097143433, sync, Random Diplomatic Value
1, 100, 66, 364228238, sync, Random Diplomatic Value
1, 100, 9, 2841560751, sync, Random Diplomatic Value
1, 100, 65, 406723260, sync, Random Diplomatic Value
1, 100, 51, 2818497093, sync, Random Diplomatic Value
1, 100, 45, 2221024666, sync, Random Diplomatic Value
1, 100, 66, 1952128715, sync, Random Diplomatic Value
1, 100, 68, 2855282344, sync, Random Diplomatic Value
1, 100, 37, 2956449217, sync, Random Diplomatic Value
1, 100, 21, 1596784998, sync, Random Diplomatic Value
1, 100, 11, 930798759, sync, Random Diplomatic Value
1, 100, 67, 515179860, sync, Random Diplomatic Value
1, 100, 34, 2913668349, sync, Random Diplomatic Value
1, 100, 90, 1484246514, sync, Random Diplomatic Value
1, 100, 89, 3874397251, sync, Random Diplomatic Value
1, 100, 74, 3859227328, sync, Random Diplomatic Value
1, 100, 95, 3189799929, sync, Random Diplomatic Value
1, 100, 49, 4113618750, sync, Random Diplomatic Value
1, 100, 96, 2136258975, sync, Random Diplomatic Value
1, 100, 97, 4154174188, sync, Random Diplomatic Value
1, 100, 3, 4192460469, sync, Random Diplomatic Value
1, 100, 49, 148842826, sync, Random Diplomatic Value
1, 100, 91, 2127909051, sync, Random Diplomatic Value
1, 100, 96, 3943598552, sync, Random Diplomatic Value
1, 100, 90, 4164989233, sync, Random Diplomatic Value
1, 100, 82, 3866005526, sync, Random Diplomatic Value
1, 100, 70, 3556654487, sync, Random Diplomatic Value
1, 100, 12, 3016649604, sync, Random Diplomatic Value
1, 100, 81, 532557677, sync, Random Diplomatic Value
1, 100, 86, 3518732194, sync, Random Diplomatic Value
1, 100, 42, 3730775091, sync, Random Diplomatic Value
1, 100, 74, 1804123120, sync, Random Diplomatic Value
1, 100, 99, 3189462377, sync, Random Diplomatic Value
1, 100, 86, 4259285998, sync, Random Diplomatic Value
1, 100, 34, 3706013839, sync, Random Diplomatic Value
1, 100, 64, 1465231132, sync, Random Diplomatic Value
1, 100, 14, 2752175909, sync, Random Diplomatic Value
1, 100, 89, 607942906, sync, Random Diplomatic Value
1, 100, 7, 3858226859, sync, Random Diplomatic Value
1, 100, 75, 329521416, sync, Random Diplomatic Value
1, 100, 50, 3232712865, sync, Random Diplomatic Value
1, 100, 27, 2152278726, sync, Random Diplomatic Value
1, 100, 57, 1163115143, sync, Random Diplomatic Value
1, 100, 97, 2464529844, sync, Random Diplomatic Value
1, 100, 73, 4174826973, sync, Random Diplomatic Value
1, 100, 85, 3156028754, sync, Random Diplomatic Value
1, 100, 35, 3685185571, sync, Random Diplomatic Value
1, 100, 21, 1526399264, sync, Random Diplomatic Value
1, 100, 10, 905407193, sync, Random Diplomatic Value
1, 100, 85, 431803550, sync, Random Diplomatic Value
1, 100, 17, 3689902975, sync, Random Diplomatic Value
1, 100, 40, 761204556, sync, Random Diplomatic Value
1, 100, 89, 1760222101, sync, Random Diplomatic Value
1, 100, 1, 3844412586, sync, Random Diplomatic Value
1, 100, 2, 43108507, sync, Random Diplomatic Value
1, 100, 98, 101962808, sync, Random Diplomatic Value
1, 100, 98, 4234845201, sync, Random Diplomatic Value
1, 100, 13, 4212642166, sync, Random Diplomatic Value
1, 100, 11, 574247799, sync, Random Diplomatic Value
1, 100, 95, 491650020, sync, Random Diplomatic Value
1, 100, 94, 4081838157, sync, Random Diplomatic Value
1, 100, 63, 4037512962, sync, Random Diplomatic Value
1, 100, 34, 2725687315, sync, Random Diplomatic Value
1, 100, 68, 1474359888, sync, Random Diplomatic Value
1, 100, 15, 2927344713, sync, Random Diplomatic Value
1, 100, 29, 662935886, sync, Random Diplomatic Value
1, 100, 32, 1276263023, sync, Random Diplomatic Value
1, 100, 8, 1382736764, sync, Random Diplomatic Value
1, 100, 85, 381342725, sync, Random Diplomatic Value
1, 100, 49, 3674471514, sync, Random Diplomatic Value
1, 100, 95, 2133986955, sync, Random Diplomatic Value
1, 100, 64, 4081105768, sync, Random Diplomatic Value
1, 100, 94, 2786700161, sync, Random Diplomatic Value
1, 100, 68, 4059399206, sync, Random Diplomatic Value
1, 100, 18, 2939226215, sync, Random Diplomatic Value
1, 100, 55, 790242836, sync, Random Diplomatic Value
1, 100, 12, 2369027773, sync, Random Diplomatic Value
1, 100, 75, 556121266, sync, Random Diplomatic Value
1, 100, 42, 3225142275, sync, Random Diplomatic Value
1, 100, 93, 1820168064, sync, Random Diplomatic Value
1, 100, 66, 4029630905, sync, Random Diplomatic Value
1, 100, 63, 2863591934, sync, Random Diplomatic Value
1, 100, 69, 2729221471, sync, Random Diplomatic Value
1, 100, 96, 2985042860, sync, Random Diplomatic Value
1, 100, 77, 4151429237, sync, Random Diplomatic Value
1, 100, 28, 3322163210, sync, Random Diplomatic Value
1, 100, 54, 1210560635, sync, Random Diplomatic Value
1, 100, 18, 2328743576, sync, Random Diplomatic Value
1, 100, 48, 807630577, sync, Random Diplomatic Value
1, 100, 80, 2092778198, sync, Random Diplomatic Value
1, 100, 30, 3463895383, sync, Random Diplomatic Value
1, 100, 47, 1327316036, sync, Random Diplomatic Value
1, 100, 53, 2020053293, sync, Random Diplomatic Value
1, 100, 48, 2283976290, sync, Random Diplomatic Value
1, 100, 22, 2082845683, sync, Random Diplomatic Value
1, 100, 45, 970184880, sync, Random Diplomatic Value
1, 100, 48, 1935217449, sync, Random Diplomatic Value
1, 100, 91, 2071582382, sync, Random Diplomatic Value
1, 100, 47, 3940392015, sync, Random Diplomatic Value
1, 100, 25, 2048249820, sync, Random Diplomatic Value
1, 100, 27, 1086765285, sync, Random Diplomatic Value
1, 100, 48, 1192275898, sync, Random Diplomatic Value
1, 100, 16, 2072096363, sync, Random Diplomatic Value
1, 100, 95, 723389896, sync, Random Diplomatic Value
1, 100, 87, 4105109089, sync, Random Diplomatic Value
1, 100, 93, 3758755206, sync, Random Diplomatic Value
1, 100, 87, 4027237959, sync, Random Diplomatic Value
1, 100, 4, 3739893364, sync, Random Diplomatic Value
1, 100, 59, 175906717, sync, Random Diplomatic Value
1, 100, 77, 2565438482, sync, Random Diplomatic Value
1, 100, 15, 3340992483, sync, Random Diplomatic Value
1, 100, 81, 665243104, sync, Random Diplomatic Value
1, 100, 46, 3489667225, sync, Random Diplomatic Value
1, 100, 70, 1994344286, sync, Random Diplomatic Value
1, 100, 29, 3045340991, sync, Random Diplomatic Value
1, 100, 51, 1272637452, sync, Random Diplomatic Value
1, 100, 56, 2217780565, sync, Random Diplomatic Value
1, 100, 34, 2413067114, sync, Random Diplomatic Value
1, 100, 6, 1494157403, sync, Random Diplomatic Value
1, 100, 64, 290748664, sync, Random Diplomatic Value
1, 100, 23, 2778939857, sync, Random Diplomatic Value
1, 100, 0, 1027007542, sync, Random Diplomatic Value
1, 100, 29, 28036919, sync, Random Diplomatic Value
1, 100, 67, 1255419044, sync, Random Diplomatic Value
1, 100, 68, 2898864653, sync, Random Diplomatic Value
1, 100, 17, 2944732610, sync, Random Diplomatic Value
1, 100, 57, 736372691, sync, Random Diplomatic Value
1, 100, 17, 2490986256, sync, Random Diplomatic Value
1, 100, 18, 770398729, sync, Random Diplomatic Value
1, 100, 3, 781861902, sync, Random Diplomatic Value
1, 100, 41, 155151919, sync, Random Diplomatic Value
1, 100, 12, 1794010172, sync, Random Diplomatic Value
1, 100, 7, 518426053, sync, Random Diplomatic Value
1, 100, 19, 314217242, sync, Random Diplomatic Value
1, 100, 53, 845069899, sync, Random Diplomatic Value
1, 100, 73, 2303987752, sync, Random Diplomatic Value
1, 100, 25, 3165077825, sync, Random Diplomatic Value
1, 100, 37, 1113507558, sync, Random Diplomatic Value
1, 100, 22, 1591276583, sync, Random Diplomatic Value
1, 100, 29, 971900628, sync, Random Diplomatic Value
1, 100, 75, 1281732733, sync, Random Diplomatic Value
1, 100, 74, 3233835890, sync, Random Diplomatic Value
1, 100, 2, 3201739715, sync, Random Diplomatic Value
1, 100, 70, 93240384, sync, Random Diplomatic Value
1, 100, 59, 3030505337, sync, Random Diplomatic Value
1, 100, 32, 2569391294, sync, Random Diplomatic Value
1, 100, 92, 1382957343, sync, Random Diplomatic Value
1, 100, 66, 3989003372, sync, Random Diplomatic Value
1, 100, 19, 2849993269, sync, Random Diplomatic Value
1, 100, 35, 854456010, sync, Random Diplomatic Value
1, 100, 11, 1522520123, sync, Random Diplomatic Value
1, 100, 91, 499110744, sync, Random Diplomatic Value
1, 100, 85, 3944873137, sync, Random Diplomatic Value
1, 100, 75, 3663508886, sync, Random Diplomatic Value
1, 100, 74, 3234936087, sync, Random Diplomatic Value
1, 100, 78, 3188378884, sync, Random Diplomatic Value
1, 100, 3, 3391664877, sync, Random Diplomatic Value
1, 100, 5, 170300706, sync, Random Diplomatic Value
1, 100, 33, 237636531, sync, Random Diplomatic Value
1, 100, 98, 1458156912, sync, Random Diplomatic Value
1, 100, 75, 4218065129, sync, Random Diplomatic Value
1, 100, 32, 3250381166, sync, Random Diplomatic Value
1, 100, 92, 1395634191, sync, Random Diplomatic Value
1, 100, 41, 3985422492, sync, Random Diplomatic Value
1, 100, 95, 1775391397, sync, Random Diplomatic Value
1, 100, 9, 4099516026, sync, Random Diplomatic Value
1, 100, 78, 390151723, sync, Random Diplomatic Value
1, 100, 53, 3355099784, sync, Random Diplomatic Value
1, 100, 86, 2319086625, sync, Random Diplomatic Value
1, 100, 18, 3704336454, sync, Random Diplomatic Value
1, 100, 51, 781423111, sync, Random Diplomatic Value
1, 100, 41, 2210234164, sync, Random Diplomatic Value
1, 100, 75, 1789473117, sync, Random Diplomatic Value
1, 100, 6, 3254946514, sync, Random Diplomatic Value
1, 100, 91, 298665891, sync, Random Diplomatic Value
1, 100, 47, 3947715232, sync, Random Diplomatic Value
1, 100, 47, 2035058265, sync, Random Diplomatic Value
1, 100, 7, 2019197470, sync, Random Diplomatic Value
1, 100, 71, 325237503, sync, Random Diplomatic Value
1, 100, 74, 3057483980, sync, Random Diplomatic Value
1, 100, 67, 3207999253, sync, Random Diplomatic Value
1, 100, 55, 2879955498, sync, Random Diplomatic Value
1, 100, 12, 2394032155, sync, Random Diplomatic Value
1, 100, 4, 539483576, sync, Random Diplomatic Value
1, 100, 74, 181905297, sync, Random Diplomatic Value
1, 100, 92, 3188111094, sync, Random Diplomatic Value
1, 100, 0, 3974040311, sync, Random Diplomatic Value
1, 100, 27, 39394660, sync, Random Diplomatic Value
1, 100, 77, 1178479565, sync, Random Diplomatic Value
1, 100, 10, 3344911490, sync, Random Diplomatic Value
1, 100, 86, 460283795, sync, Random Diplomatic Value
1, 100, 95, 3694963664, sync, Random Diplomatic Value
1, 100, 0, 4111382473, sync, Random Diplomatic Value
1, 100, 81, 28946126, sync, Random Diplomatic Value
1, 100, 96, 3500564975, sync, Random Diplomatic Value
1, 100, 58, 4136154364, sync, Random Diplomatic Value
1, 100, 68, 2520909701, sync, Random Diplomatic Value
1, 100, 72, 2923817434, sync, Random Diplomatic Value
1, 100, 55, 3114348043, sync, Random Diplomatic Value
1, 100, 39, 2368349416, sync, Random Diplomatic Value
1, 100, 24, 1705023233, sync, Random Diplomatic Value
1, 100, 43, 1059637670, sync, Random Diplomatic Value
1, 100, 67, 1848811495, sync, Random Diplomatic Value
1, 100, 72, 2884675476, sync, Random Diplomatic Value
1, 100, 32, 3103695421, sync, Random Diplomatic Value
1, 100, 77, 1376246322, sync, Random Diplomatic Value
1, 100, 16, 3330233219, sync, Random Diplomatic Value
1, 100, 95, 704293120, sync, Random Diplomatic Value
1, 100, 77, 4114097465, sync, Random Diplomatic Value
1, 100, 93, 3344263038, sync, Random Diplomatic Value
1, 100, 93, 3998852319, sync, Random Diplomatic Value
1, 100, 83, 4024522028, sync, Random Diplomatic Value
1, 100, 0, 3605847029, sync, Random Diplomatic Value
1, 100, 32, 39615882, sync, Random Diplomatic Value
1, 100, 45, 1381871611, sync, Random Diplomatic Value
1, 100, 54, 1956943896, sync, Random Diplomatic Value
1, 100, 11, 2331787889, sync, Random Diplomatic Value
1, 100, 26, 504162390, sync, Random Diplomatic Value
1, 100, 11, 1120751831, sync, Random Diplomatic Value
1, 100, 82, 492248516, sync, Random Diplomatic Value
1, 100, 63, 3535901869, sync, Random Diplomatic Value
1, 100, 90, 2726769634, sync, Random Diplomatic Value
1, 100, 92, 3895206771, sync, Random Diplomatic Value
1, 100, 18, 3951710768, sync, Random Diplomatic Value
1, 100, 2, 806342313, sync, Random Diplomatic Value
1, 100, 89, 124300334, sync, Random Diplomatic Value
1, 100, 65, 3852174287, sync, Random Diplomatic Value
1, 100, 83, 2793038172, sync, Random Diplomatic Value
1, 100, 5, 3572345957, sync, Random Diplomatic Value
1, 100, 76, 248995130, sync, Random Diplomatic Value
1, 100, 41, 3304492523, sync, Random Diplomatic Value
1, 100, 82, 1794783048, sync, Random Diplomatic Value
1, 100, 77, 3541150177, sync, Random Diplomatic Value
1, 100, 3, 3310228230, sync, Random Diplomatic Value
1, 100, 30, 145628615, sync, Random Diplomatic Value
1, 100, 77, 1310687220, sync, Random Diplomatic Value
1, 100, 69, 3340632861, sync, Random Diplomatic Value
1, 100, 49, 2988988818, sync, Random Diplomatic Value
1, 100, 49, 2137313123, sync, Random Diplomatic Value
1, 100, 98, 2125375328, sync, Random Diplomatic Value
1, 100, 51, 4221350937, sync, Random Diplomatic Value
1, 100, 20, 2230222046, sync, Random Diplomatic Value
1, 100, 6, 894107327, sync, Random Diplomatic Value
1, 100, 74, 289855884, sync, Random Diplomatic Value
1, 100, 29, 3216734421, sync, Random Diplomatic Value
1, 100, 12, 1264683242, sync, Random Diplomatic Value
1, 100, 38, 523945947, sync, Random Diplomatic Value
1, 100, 42, 1666056824, sync, Random Diplomatic Value
1, 100, 98, 1841810769, sync, Random Diplomatic Value
1, 100, 35, 4232530358, sync, Random Diplomatic Value
1, 100, 75, 1536427703, sync, Random Diplomatic Value
1, 100, 36, 3231501860, sync, Random Diplomatic Value
1, 100, 88, 1567288717, sync, Random Diplomatic Value
1, 100, 64, 3807791938, sync, Random Diplomatic Value
1, 100, 71, 2765641555, sync, Random Diplomatic Value
1, 100, 74, 3085609104, sync, Random Diplomatic Value
1, 100, 21, 3181761929, sync, Random Diplomatic Value
1, 100, 32, 933353870, sync, Random Diplomatic Value
1, 100, 28, 1376196015, sync, Random Diplomatic Value
1, 100, 7, 1241103804, sync, Random Diplomatic Value
1, 100, 93, 311247173, sync, Random Diplomatic Value
1, 100, 0, 4033216666, sync, Random Diplomatic Value
1, 100, 87, 12148171, sync, Random Diplomatic Value
1, 100, 82, 3749902760, sync, Random Diplomatic Value
1, 100, 59, 3536170177, sync, Random Diplomatic Value
1, 100, 76, 2534640742, sync, Random Diplomatic Value
1, 100, 69, 3304983463, sync, Random Diplomatic Value
1, 100, 37, 2984380500, sync, Random Diplomatic Value
1, 100, 68, 1623151613, sync, Random Diplomatic Value
1, 100, 48, 2948335858, sync, Random Diplomatic Value
1, 100, 7, 2062924611, sync, Random Diplomatic Value
1, 100, 35, 310465984, sync, Random Diplomatic Value
1, 100, 98, 1538405113, sync, Random Diplomatic Value
1, 100, 58, 4227711550, sync, Random Diplomatic Value
1, 100, 73, 2519648415, sync, Random Diplomatic Value
1, 100, 1, 3171290604, sync, Random Diplomatic Value
1, 100, 65, 73008565, sync, Random Diplomatic Value
1, 100, 54, 2802828362, sync, Random Diplomatic Value
1, 100, 12, 2327924667, sync, Random Diplomatic Value
1, 100, 19, 540810456, sync, Random Diplomatic Value
1, 100, 15, 829573169, sync, Random Diplomatic Value
1, 100, 67, 646830870, sync, Random Diplomatic Value
1, 100, 28, 2888510615, sync, Random Diplomatic Value
1, 100, 6, 1237462660, sync, Random Diplomatic Value
1, 100, 35, 267531885, sync, Random Diplomatic Value
1, 100, 11, 1543803554, sync, Random Diplomatic Value
1, 100, 87, 502004531, sync, Random Diplomatic Value
1, 100, 66, 3765808880, sync, Random Diplomatic Value
1, 100, 26, 2869480553, sync, Random Diplomatic Value
1, 100, 19, 1128085230, sync, Random Diplomatic Value
1, 100, 35, 836835215, sync, Random Diplomatic Value
1, 100, 96, 1503578652, sync, Random Diplomatic Value
1, 100, 22, 4158178853, sync, Random Diplomatic Value
1, 100, 31, 961139706, sync, Random Diplomatic Value
1, 100, 33, 1348574635, sync, Random Diplomatic Value
1, 100, 87, 1423731720, sync, Random Diplomatic Value
1, 100, 65, 3774128033, sync, Random Diplomatic Value
1, 100, 27, 2823894470, sync, Random Diplomatic Value
1, 100, 79, 1176136071, sync, Random Diplomatic Value
1, 100, 55, 3402645684, sync, Random Diplomatic Value
1, 100, 64, 2375718109, sync, Random Diplomatic Value
1, 100, 57, 2753226834, sync, Random Diplomatic Value
1, 100, 47, 2477397795, sync, Random Diplomatic Value
1, 100, 87, 2055910432, sync, Random Diplomatic Value
1, 100, 76, 3769672153, sync, Random Diplomatic Value
1, 100, 10, 3277535134, sync, Random Diplomatic Value
1, 100, 75, 452788863, sync, Random Diplomatic Value
1, 100, 91, 3249992268, sync, Random Diplomatic Value
1, 100, 25, 3951067797, sync, Random Diplomatic Value
1, 100, 27, 1103048618, sync, Random Diplomatic Value
1, 100, 79, 1181304731, sync, Random Diplomatic Value
1, 100, 81, 3414615864, sync, Random Diplomatic Value
1, 100, 21, 3493049105, sync, Random Diplomatic Value
1, 100, 52, 918068342, sync, Random Diplomatic Value
1, 100, 75, 2240463479, sync, Random Diplomatic Value
1, 100, 31, 3261021924, sync, Random Diplomatic Value
1, 100, 42, 1343188813, sync, Random Diplomatic Value
1, 100, 73, 1829374466, sync, Random Diplomatic Value
1, 100, 43, 3151957779, sync, Random Diplomatic Value
1, 100, 0, 1883465040, sync, Random Diplomatic Value
1, 100, 15, 24163145, sync, Random Diplomatic Value
1, 100, 98, 655541326, sync, Random Diplomatic Value
1, 100, 47, 4246833519, sync, Random Diplomatic Value
1, 100, 91, 2046920316, sync, Random Diplomatic Value
1, 100, 85, 3918019333, sync, Random Diplomatic Value
1, 100, 70, 3688552282, sync, Random Diplomatic Value
1, 100, 12, 3009891723, sync, Random Diplomatic Value
1, 100, 96, 555650664, sync, Random Diplomatic Value
1, 100, 72, 4124476033, sync, Random Diplomatic Value
1, 100, 4, 3101626150, sync, Random Diplomatic Value
1, 100, 22, 184235879, sync, Random Diplomatic Value
1, 100, 56, 948054292, sync, Random Diplomatic Value
1, 100, 45, 2439497149, sync, Random Diplomatic Value
1, 100, 24, 1956444082, sync, Random Diplomatic Value
1, 100, 71, 1073341187, sync, Random Diplomatic Value
1, 100, 31, 3085091456, sync, Random Diplomatic Value
1, 100, 74, 1372586169, sync, Random Diplomatic Value
1, 100, 16, 3185499390, sync, Random Diplomatic Value
1, 100, 10, 699247711, sync, Random Diplomatic Value
1, 100, 46, 435259052, sync, Random Diplomatic Value
1, 100, 32, 2011623285, sync, Random Diplomatic Value
1, 100, 12, 1405602570, sync, Random Diplomatic Value
1, 100, 44, 531279739, sync, Random Diplomatic Value
1, 100, 75, 1900437912, sync, Random Diplomatic Value
1, 100, 57, 3225685489, sync, Random Diplomatic Value
1, 100, 8, 2459930070, sync, Random Diplomatic Value
1, 100, 87, 346736727, sync, Random Diplomatic Value
1, 100, 74, 3758882628, sync, Random Diplomatic Value
1, 100, 0, 3212482605, sync, Random Diplomatic Value
1, 100, 51, 22983010, sync, Random Diplomatic Value
1, 100, 86, 2200539891, sync, Random Diplomatic Value
1, 100, 77, 3731606448, sync, Random Diplomatic Value
1, 100, 17, 3323300393, sync, Random Diplomatic Value
1, 100, 53, 737837486, sync, Random Diplomatic Value
1, 100, 48, 2277534543, sync, Random Diplomatic Value
1, 100, 3, 2075783900, sync, Random Diplomatic Value
1, 100, 83, 139698149, sync, Random Diplomatic Value
1, 100, 27, 3597732538, sync, Random Diplomatic Value
1, 100, 52, 1161981291, sync, Random Diplomatic Value
1, 100, 52, 2254528712, sync, Random Diplomatic Value
1, 100, 33, 2242073953, sync, Random Diplomatic Value
1, 100, 43, 1419057286, sync, Random Diplomatic Value
1, 100, 27, 1855485255, sync, Random Diplomatic Value
1, 100, 92, 1183826292, sync, Random Diplomatic Value
1, 100, 57, 3957253789, sync, Random Diplomatic Value
1, 100, 57, 2459580178, sync, Random Diplomatic Value
1, 100, 21, 2455576291, sync, Random Diplomatic Value
1, 100, 44, 933331168, sync, Random Diplomatic Value
1, 100, 10, 1917341593, sync, Random Diplomatic Value
1, 100, 51, 442544734, sync, Random Diplomatic Value
1, 100, 92, 2218313279, sync, Random Diplomatic Value
1, 100, 40, 3964521228, sync, Random Diplomatic Value
1, 100, 13, 1749371989, sync, Random Diplomatic Value
1, 100, 99, 562140778, sync, Random Diplomatic Value
1, 100, 3, 4294805339, sync, Random Diplomatic Value
1, 100, 95, 160599032, sync, Random Diplomatic Value
1, 100, 42, 4091238609, sync, Random Diplomatic Value
1, 100, 38, 1813688118, sync, Random Diplomatic Value
1, 100, 1, 1652768311, sync, Random Diplomatic Value
1, 100, 23, 73428900, sync, Random Diplomatic Value
1, 100, 56, 1005302029, sync, Random Diplomatic Value
1, 100, 7, 2421852354, sync, Random Diplomatic Value
1, 100, 5, 339969747, sync, Random Diplomatic Value
1, 100, 97, 235332112, sync, Random Diplomatic Value
1, 100, 90, 4197404937, sync, Random Diplomatic Value
1, 100, 0, 3872157454, sync, Random Diplomatic Value
1, 100, 35, 28687663, sync, Random Diplomatic Value
1, 100, 19, 1533022012, sync, Random Diplomatic Value
1, 100, 20, 821228741, sync, Random Diplomatic Value
1, 100, 23, 862219802, sync, Random Diplomatic Value
1, 100, 69, 1030421835, sync, Random Diplomatic Value
1, 100, 50, 2998723368, sync, Random Diplomatic Value
1, 100, 82, 2157123649, sync, Random Diplomatic Value
1, 100, 65, 3544928742, sync, Random Diplomatic Value
1, 100, 92, 2817139495, sync, Random Diplomatic Value
1, 100, 34, 3968928212, sync, Random Diplomatic Value
1, 100, 98, 1488451453, sync, Random Diplomatic Value
1, 100, 22, 4218070642, sync, Random Diplomatic Value
1, 100, 82, 961268419, sync, Random Diplomatic Value
1, 100, 0, 3537825600, sync, Random Diplomatic Value
1, 100, 32, 22122105, sync, Random Diplomatic Value
1, 100, 28, 1404614590, sync, Random Diplomatic Value
1, 100, 54, 1217810463, sync, Random Diplomatic Value
1, 100, 21, 2338570092, sync, Random Diplomatic Value
1, 100, 98, 928225589, sync, Random Diplomatic Value
1, 100, 92, 4215574986, sync, Random Diplomatic Value
1, 100, 47, 3973697339, sync, Random Diplomatic Value
1, 100, 84, 2021877336, sync, Random Diplomatic Value
1, 100, 75, 3643904945, sync, Random Diplomatic Value
1, 100, 32, 3238133910, sync, Random Diplomatic Value
1, 100, 23, 1410081815, sync, Random Diplomatic Value
1, 100, 87, 1022660612, sync, Random Diplomatic Value
1, 100, 11, 3743070701, sync, Random Diplomatic Value
1, 100, 67, 492146722, sync, Random Diplomatic Value
1, 100, 30, 2879711923, sync, Random Diplomatic Value
1, 100, 60, 1311549552, sync, Random Diplomatic Value
1, 100, 22, 2599815145, sync, Random Diplomatic Value
1, 100, 96, 945851502, sync, Random Diplomatic Value
1, 100, 25, 4143546127, sync, Random Diplomatic Value
1, 100, 98, 1099684764, sync, Random Diplomatic Value
1, 100, 3, 4229839269, sync, Random Diplomatic Value
1, 100, 93, 151847290, sync, Random Diplomatic Value
1, 100, 75, 4015586603, sync, Random Diplomatic Value
1, 100, 32, 3226015112, sync, Random Diplomatic Value
1, 100, 34, 1390267169, sync, Random Diplomatic Value
1, 100, 78, 1490664262, sync, Random Diplomatic Value
1, 100, 80, 3387441415, sync, Random Diplomatic Value
1, 100, 81, 3458073140, sync, Random Diplomatic Value
1, 100, 22, 3484088413, sync, Random Diplomatic Value
1, 100, 49, 946226642, sync, Random Diplomatic Value
1, 100, 80, 2134763171, sync, Random Diplomatic Value
1, 100, 72, 3467840928, sync, Random Diplomatic Value
1, 100, 19, 3122904409, sync, Random Diplomatic Value
1, 100, 94, 817818910, sync, Random Diplomatic Value
1, 100, 46, 4039002623, sync, Random Diplomatic Value
1, 100, 10, 1976263628, sync, Random Diplomatic Value
1, 100, 23, 466212373, sync, Random Diplomatic Value
1, 100, 3, 1030274346, sync, Random Diplomatic Value
1, 100, 55, 129468187, sync, Random Diplomatic Value
1, 100, 35, 2385572024, sync, Random Diplomatic Value
1, 100, 35, 1518255761, sync, Random Diplomatic Value
1, 100, 66, 1529709046, sync, Random Diplomatic Value
1, 100, 26, 2856155639, sync, Random Diplomatic Value
1, 100, 99, 1130389604, sync, Random Diplomatic Value
1, 100, 21, 4273976013, sync, Random Diplomatic Value
1, 100, 13, 933742466, sync, Random Diplomatic Value
1, 100, 35, 566607507, sync, Random Diplomatic Value
1, 100, 63, 1509236432, sync, Random Diplomatic Value
1, 100, 30, 2711727817, sync, Random Diplomatic Value
1, 100, 31, 1301207502, sync, Random Diplomatic Value
1, 100, 51, 1334030575, sync, Random Diplomatic Value
1, 100, 74, 2195019772, sync, Random Diplomatic Value
1, 100, 47, 3196939909, sync, Random Diplomatic Value
1, 100, 79, 2042807514, sync, Random Diplomatic Value
1, 100, 70, 3397676299, sync, Random Diplomatic Value
1, 100, 89, 3038640104, sync, Random Diplomatic Value
1, 100, 83, 3837488641, sync, Random Diplomatic Value
1, 100, 76, 3575141542, sync, Random Diplomatic Value
1, 100, 22, 3280654055, sync, Random Diplomatic Value
1, 100, 51, 986622612, sync, Random Diplomatic Value
1, 100, 37, 2221926717, sync, Random Diplomatic Value
1, 100, 29, 1592071474, sync, Random Diplomatic Value
1, 100, 86, 1252749955, sync, Random Diplomatic Value
1, 100, 32, 3694517248, sync, Random Diplomatic Value
1, 100, 76, 1408687161, sync, Random Diplomatic Value
1, 100, 32, 3293270654, sync, Random Diplomatic Value
1, 100, 33, 1386787807, sync, Random Diplomatic Value
1, 100, 3, 1444722732, sync, Random Diplomatic Value
1, 100, 31, 140509941, sync, Random Diplomatic Value
1, 100, 55, 1346771082, sync, Random Diplomatic Value
1, 100, 2, 2383326971, sync, Random Diplomatic Value
1, 100, 86, 112405272, sync, Random Diplomatic Value
1, 100, 81, 3724204401, sync, Random Diplomatic Value
1, 100, 0, 3497341782, sync, Random Diplomatic Value
1, 100, 48, 34553815, sync, Random Diplomatic Value
1, 100, 17, 2101076164, sync, Random Diplomatic Value
1, 100, 97, 747805613, sync, Random Diplomatic Value
1, 100, 91, 4205391586, sync, Random Diplomatic Value
1, 100, 34, 3944612467, sync, Random Diplomatic Value
1, 100, 1, 1484277040, sync, Random Diplomatic Value
1, 100, 62, 57296297, sync, Random Diplomatic Value
1, 100, 30, 2670679854, sync, Random Diplomatic Value
1, 100, 62, 1330401999, sync, Random Diplomatic Value
1, 100, 53, 2681504860, sync, Random Diplomatic Value
1, 100, 70, 2297992037, sync, Random Diplomatic Value
1, 100, 35, 3017652282, sync, Random Diplomatic Value
1, 100, 51, 1516588267, sync, Random Diplomatic Value
1, 100, 60, 2203290184, sync, Random Diplomatic Value
1, 100, 1, 2590245089, sync, Random Diplomatic Value
1, 100, 37, 64953862, sync, Random Diplomatic Value
1, 100, 18, 1607060679, sync, Random Diplomatic Value
1, 100, 90, 775619316, sync, Random Diplomatic Value
1, 100, 6, 3871263261, sync, Random Diplomatic Value
1, 100, 11, 272569490, sync, Random Diplomatic Value
1, 100, 9, 504131171, sync, Random Diplomatic Value
1, 100, 50, 410999392, sync, Random Diplomatic Value
1, 100, 42, 2181229337, sync, Random Diplomatic Value
1, 100, 62, 1832249310, sync, Random Diplomatic Value
1, 100, 1, 2689437119, sync, Random Diplomatic Value
1, 100, 67, 49265804, sync, Random Diplomatic Value
1, 100, 65, 2882412501, sync, Random Diplomatic Value
1, 100, 84, 2822022122, sync, Random Diplomatic Value
1, 100, 53, 3646375643, sync, Random Diplomatic Value
1, 100, 27, 2317489528, sync, Random Diplomatic Value
1, 100, 51, 1172169809, sync, Random Diplomatic Value
1, 100, 82, 2192643254, sync, Random Diplomatic Value
1, 100, 98, 3564729783, sync, Random Diplomatic Value
1, 100, 21, 4229894436, sync, Random Diplomatic Value
1, 100, 5, 910914701, sync, Random Diplomatic Value
1, 100, 9, 229754434, sync, Random Diplomatic Value
1, 100, 86, 405124691, sync, Random Diplomatic Value
1, 100, 69, 3704494992, sync, Random Diplomatic Value
1, 100, 94, 2978466953, sync, Random Diplomatic Value
1, 100, 58, 4061791374, sync, Random Diplomatic Value
1, 100, 27, 2521523375, sync, Random Diplomatic Value
1, 100, 15, 1159815356, sync, Random Diplomatic Value
1, 100, 94, 672639045, sync, Random Diplomatic Value
1, 100, 27, 4055227290, sync, Random Diplomatic Value
1, 100, 3, 1181981899, sync, Random Diplomatic Value
1, 100, 32, 151112872, sync, Random Diplomatic Value
1, 100, 42, 1410302913, sync, Random Diplomatic Value
1, 100, 27, 1829115750, sync, Random Diplomatic Value
1, 100, 31, 1167932071, sync, Random Diplomatic Value
1, 100, 63, 1341852500, sync, Random Diplomatic Value
1, 100, 47, 2723126013, sync, Random Diplomatic Value
1, 100, 9, 2043429874, sync, Random Diplomatic Value
1, 100, 4, 400087619, sync, Random Diplomatic Value
1, 100, 95, 212306112, sync, Random Diplomatic Value
1, 100, 83, 4085246457, sync, Random Diplomatic Value
1, 100, 40, 3596004670, sync, Random Diplomatic Value
1, 100, 49, 1738856351, sync, Random Diplomatic Value
1, 100, 44, 2128376044, sync, Random Diplomatic Value
1, 100, 77, 1892428981, sync, Random Diplomatic Value
1, 100, 37, 3314310986, sync, Random Diplomatic Value
1, 100, 67, 1594445499, sync, Random Diplomatic Value
1, 100, 93, 2895491032, sync, Random Diplomatic Value
1, 100, 62, 4032814897, sync, Random Diplomatic Value
1, 100, 46, 2679711254, sync, Random Diplomatic Value
1, 100, 49, 1987320727, sync, Random Diplomatic Value
1, 100, 14, 2107765124, sync, Random Diplomatic Value
1, 100, 64, 631389549, sync, Random Diplomatic Value
1, 100, 33, 2753138082, sync, Random Diplomatic Value
1, 100, 89, 1431624243, sync, Random Diplomatic Value
1, 100, 59, 3859718640, sync, Random Diplomatic Value
1, 100, 34, 2570208105, sync, Random Diplomatic Value
1, 100, 12, 1462165998, sync, Random Diplomatic Value
1, 100, 29, 544794255, sync, Random Diplomatic Value
1, 100, 14, 1263791388, sync, Random Diplomatic Value
1, 100, 47, 614640933, sync, Random Diplomatic Value
1, 100, 32, 2040737530, sync, Random Diplomatic Value
1, 100, 6, 1378311339, sync, Random Diplomatic Value
1, 100, 42, 272678664, sync, Random Diplomatic Value
1, 100, 39, 1844836001, sync, Random Diplomatic Value
1, 100, 96, 1684357318, sync, Random Diplomatic Value
1, 100, 95, 4160559239, sync, Random Diplomatic Value
1, 100, 62, 4087792564, sync, Random Diplomatic Value
1, 100, 33, 2665110493, sync, Random Diplomatic Value
1, 100, 94, 1424270162, sync, Random Diplomatic Value
1, 100, 67, 4069045795, sync, Random Diplomatic Value
1, 100, 32, 2915460896, sync, Random Diplomatic Value
1, 100, 96, 1403377881, sync, Random Diplomatic Value
1, 100, 57, 4135953054, sync, Random Diplomatic Value
1, 100, 97, 2460389759, sync, Random Diplomatic Value
1, 100, 49, 4168799564, sync, Random Diplomatic Value
1, 100, 20, 2115119509, sync, Random Diplomatic Value
1, 100, 68, 883247786, sync, Random Diplomatic Value
1, 100, 93, 2963064475, sync, Random Diplomatic Value
1, 100, 71, 3995466296, sync, Random Diplomatic Value
1, 100, 13, 3082340881, sync, Random Diplomatic Value
1, 100, 9, 560293750, sync, Random Diplomatic Value
1, 100, 41, 418853239, sync, Random Diplomatic Value
1, 100, 25, 1801224676, sync, Random Diplomatic Value
1, 100, 48, 1078916685, sync, Random Diplomatic Value
1, 100, 91, 2100856066, sync, Random Diplomatic Value
1, 100, 87, 3944967699, sync, Random Diplomatic Value
1, 100, 63, 3746682960, sync, Random Diplomatic Value
1, 100, 16, 2745281097, sync, Random Diplomatic Value
1, 100, 27, 724430670, sync, Random Diplomatic Value
1, 100, 71, 1171052655, sync, Random Diplomatic Value
1, 100, 76, 3070503292, sync, Random Diplomatic Value
1, 100, 61, 3276907013, sync, Random Diplomatic Value
1, 100, 36, 2650649178, sync, Random Diplomatic Value
1, 100, 30, 1559792779, sync, Random Diplomatic Value
1, 100, 75, 1328046440, sync, Random Diplomatic Value
1, 100, 3, 3226425729, sync, Random Diplomatic Value
1, 100, 83, 164928038, sync, Random Diplomatic Value
1, 100, 9, 3588318823, sync, Random Diplomatic Value
1, 100, 0, 416689172, sync, Random Diplomatic Value
1, 100, 90, 1510589, sync, Random Diplomatic Value
1, 100, 1, 3873452722, sync, Random Diplomatic Value
1, 100, 36, 76808707, sync, Random Diplomatic Value
1, 100, 28, 1559491968, sync, Random Diplomatic Value
1, 100, 6, 1236055993, sync, Random Diplomatic Value
1, 100, 40, 278579198, sync, Random Diplomatic Value
1, 100, 79, 1732950879, sync, Random Diplomatic Value
1, 100, 71, 3395479980, sync, Random Diplomatic Value
1, 100, 55, 3059226229, sync, Random Diplomatic Value
1, 100, 48, 2379703818, sync, Random Diplomatic Value
1, 100, 73, 2072620667, sync, Random Diplomatic Value
1, 100, 94, 3135960216, sync, Random Diplomatic Value
1, 100, 80, 4062225649, sync, Random Diplomatic Value
1, 100, 78, 3448625366, sync, Random Diplomatic Value
1, 100, 85, 3371874135, sync, Random Diplomatic Value
1, 100, 3, 3672556100, sync, Random Diplomatic Value
1, 100, 89, 134848301, sync, Random Diplomatic Value
1, 100, 74, 3831934050, sync, Random Diplomatic Value
1, 100, 62, 3188290035, sync, Random Diplomatic Value
1, 100, 71, 2679094960, sync, Random Diplomatic Value
1, 100, 8, 3054371113, sync, Random Diplomatic Value
1, 100, 72, 386346158, sync, Random Diplomatic Value
1, 100, 72, 3124705871, sync, Random Diplomatic Value
1, 100, 1, 3100251612, sync, Random Diplomatic Value
1, 100, 73, 81561317, sync, Random Diplomatic Value
1, 100, 38, 3172820410, sync, Random Diplomatic Value
1, 100, 40, 1650404459, sync, Random Diplomatic Value
1, 100, 62, 1741730760, sync, Random Diplomatic Value
1, 100, 28, 2673060961, sync, Random Diplomatic Value
1, 100, 10, 1227629446, sync, Random Diplomatic Value
1, 100, 41, 440542279, sync, Random Diplomatic Value
1, 100, 14, 1797342324, sync, Random Diplomatic Value
1, 100, 0, 633187741, sync, Random Diplomatic Value
1, 100, 25, 18280978, sync, Random Diplomatic Value
1, 100, 90, 1081261539, sync, Random Diplomatic Value
1, 100, 47, 3880268768, sync, Random Diplomatic Value
1, 100, 70, 2026669721, sync, Random Diplomatic Value
1, 100, 52, 3010338142, sync, Random Diplomatic Value
1, 100, 48, 2273924415, sync, Random Diplomatic Value
1, 100, 72, 2066525708, sync, Random Diplomatic Value
1, 100, 45, 3092640597, sync, Random Diplomatic Value
1, 100, 53, 1970975082, sync, Random Diplomatic Value
1, 100, 41, 2303198811, sync, Random Diplomatic Value
1, 100, 44, 1794940664, sync, Random Diplomatic Value
1, 100, 21, 1909419985, sync, Random Diplomatic Value
1, 100, 43, 906656310, sync, Random Diplomatic Value
1, 100, 55, 1870048567, sync, Random Diplomatic Value
1, 100, 22, 2379788964, sync, Random Diplomatic Value
1, 100, 69, 982136845, sync, Random Diplomatic Value
1, 100, 30, 2969306050, sync, Random Diplomatic Value
1, 100, 41, 1316939219, sync, Random Diplomatic Value
1, 100, 69, 1782600976, sync, Random Diplomatic Value
1, 100, 6, 2981054473, sync, Random Diplomatic Value
1, 100, 55, 260741646, sync, Random Diplomatic Value
1, 100, 67, 2378697775, sync, Random Diplomatic Value
1, 100, 64, 2906501692, sync, Random Diplomatic Value
1, 100, 25, 2784713669, sync, Random Diplomatic Value
1, 100, 47, 1096435994, sync, Random Diplomatic Value
1, 100, 90, 2043886667, sync, Random Diplomatic Value
1, 100, 85, 3897669160, sync, Random Diplomatic Value
1, 100, 85, 3678072641, sync, Random Diplomatic Value
1, 100, 85, 3661880550, sync, Random Diplomatic Value
1, 100, 25, 3692515879, sync, Random Diplomatic Value
1, 100, 67, 1109396692, sync, Random Diplomatic Value
1, 100, 0, 2877701757, sync, Random Diplomatic Value
1, 100, 20, 14737778, sync, Random Diplomatic Value
1, 100, 52, 882698691, sync, Random Diplomatic Value
1, 100, 50, 2245730880, sync, Random Diplomatic Value
1, 100, 72, 2151499129, sync, Random Diplomatic Value
1, 100, 94, 3117916862, sync, Random Diplomatic Value
1, 100, 73, 4049231647, sync, Random Diplomatic Value
1, 100, 87, 3178242668, sync, Random Diplomatic Value
1, 100, 60, 3737370677, sync, Random Diplomatic Value
1, 100, 74, 2615618762, sync, Random Diplomatic Value
1, 100, 25, 3209678395, sync, Random Diplomatic Value
1, 100, 51, 1114831192, sync, Random Diplomatic Value
1, 100, 72, 2231184049, sync, Random Diplomatic Value
1, 100, 81, 3098758038, sync, Random Diplomatic Value
1, 100, 94, 3512931095, sync, Random Diplomatic Value
1, 100, 81, 4056568580, sync, Random Diplomatic Value
1, 100, 27, 3515400429, sync, Random Diplomatic Value
1, 100, 72, 1179683618, sync, Random Diplomatic Value
1, 100, 93, 3103508915, sync, Random Diplomatic Value
1, 100, 45, 3994786672, sync, Random Diplomatic Value
1, 100, 33, 1941798633, sync, Random Diplomatic Value
1, 100, 17, 1435514734, sync, Random Diplomatic Value
1, 100, 11, 744443407, sync, Random Diplomatic Value
1, 100, 12, 485949084, sync, Random Diplomatic Value
1, 100, 62, 526786725, sync, Random Diplomatic Value
1, 100, 83, 2701941882, sync, Random Diplomatic Value
1, 100, 29, 3603741739, sync, Random Diplomatic Value
1, 100, 75, 1254320264, sync, Random Diplomatic Value
1, 100, 25, 3225231905, sync, Random Diplomatic Value
1, 100, 5, 1089717830, sync, Random Diplomatic Value
1, 100, 63, 240709639, sync, Random Diplomatic Value
1, 100, 41, 2708112692, sync, Random Diplomatic Value
1, 100, 81, 1764278109, sync, Random Diplomatic Value
1, 100, 4, 3482714322, sync, Random Diplomatic Value
1, 100, 86, 193627555, sync, Random Diplomatic Value
1, 100, 98, 3720659104, sync, Random Diplomatic Value
1, 100, 29, 4214682713, sync, Random Diplomatic Value
1, 100, 99, 1253005342, sync, Random Diplomatic Value
1, 100, 43, 4273330431, sync, Random Diplomatic Value
1, 100, 25, 1875199692, sync, Random Diplomatic Value
1, 100, 74, 1079606549, sync, Random Diplomatic Value
1, 100, 12, 3178551338, sync, Random Diplomatic Value
1, 100, 44, 521733659, sync, Random Diplomatic Value
1, 100, 96, 1902511032, sync, Random Diplomatic Value
1, 100, 49, 4125218193, sync, Random Diplomatic Value
1, 100, 56, 2137017590, sync, Random Diplomatic Value
1, 100, 12, 2411194615, sync, Random Diplomatic Value
1, 100, 1, 542352228, sync, Random Diplomatic Value
1, 100, 57, 45955533, sync, Random Diplomatic Value
1, 100, 71, 2478588546, sync, Random Diplomatic Value
1, 100, 27, 3052936595, sync, Random Diplomatic Value
1, 100, 83, 1180275152, sync, Random Diplomatic Value
1, 100, 46, 3580929481, sync, Random Diplomatic Value
1, 100, 36, 1978664142, sync, Random Diplomatic Value
1, 100, 73, 1576861679, sync, Random Diplomatic Value
1, 100, 64, 3163421436, sync, Random Diplomatic Value
1, 100, 36, 2782188933, sync, Random Diplomatic Value
1, 100, 78, 1586208730, sync, Random Diplomatic Value
1, 100, 95, 3368266763, sync, Random Diplomatic Value
1, 100, 8, 4114467560, sync, Random Diplomatic Value
1, 100, 80, 378684673, sync, Random Diplomatic Value
1, 100, 49, 3440631718, sync, Random Diplomatic Value
1, 100, 22, 2147417575, sync, Random Diplomatic Value
1, 100, 44, 949530004, sync, Random Diplomatic Value
1, 100, 88, 1918709821, sync, Random Diplomatic Value
1, 100, 54, 3800977458, sync, Random Diplomatic Value
1, 100, 0, 2343801219, sync, Random Diplomatic Value
1, 100, 50, 1904384, sync, Random Diplomatic Value
1, 100, 84, 2163315513, sync, Random Diplomatic Value
1, 100, 39, 3637329278, sync, Random Diplomatic Value
1, 100, 61, 1704182495, sync, Random Diplomatic Value
1, 100, 68, 2630097708, sync, Random Diplomatic Value
1, 100, 63, 2949589493, sync, Random Diplomatic Value
1, 100, 77, 2726015882, sync, Random Diplomatic Value
1, 100, 7, 3323702779, sync, Random Diplomatic Value
1, 100, 4, 334347800, sync, Random Diplomatic Value
1, 100, 49, 179662961, sync, Random Diplomatic Value
1, 100, 15, 2146008662, sync, Random Diplomatic Value
1, 100, 87, 661466839, sync, Random Diplomatic Value
1, 100, 24, 3742147524, sync, Random Diplomatic Value
1, 100, 8, 1071620781, sync, Random Diplomatic Value
1, 100, 60, 345450978, sync, Random Diplomatic Value
1, 100, 97, 2582372723, sync, Random Diplomatic Value
1, 100, 67, 4195498032, sync, Random Diplomatic Value
1, 100, 28, 2885729449, sync, Random Diplomatic Value
1, 100, 27, 1233257006, sync, Random Diplomatic Value
1, 100, 42, 1184440783, sync, Random Diplomatic Value
1, 100, 16, 1822074716, sync, Random Diplomatic Value
1, 100, 3, 704608869, sync, Random Diplomatic Value
1, 100, 73, 137368378, sync, Random Diplomatic Value
1, 100, 22, 3140488171, sync, Random Diplomatic Value
1, 100, 13, 970513736, sync, Random Diplomatic Value
1, 100, 60, 577918945, sync, Random Diplomatic Value
1, 100, 85, 2591828230, sync, Random Diplomatic Value
1, 100, 38, 3691084743, sync, Random Diplomatic Value
1, 100, 8, 1665304052, sync, Random Diplomatic Value
1, 100, 23, 383488285, sync, Random Diplomatic Value
1, 100, 9, 992071570, sync, Random Diplomatic Value
1, 100, 41, 395316579, sync, Random Diplomatic Value
1, 100, 64, 1778126176, sync, Random Diplomatic Value
1, 100, 13, 2762285593, sync, Random Diplomatic Value
1, 100, 21, 587813598, sync, Random Diplomatic Value
1, 100, 48, 938220735, sync, Random Diplomatic Value
1, 100, 73, 2063900556, sync, Random Diplomatic Value
1, 100, 12, 3151808213, sync, Random Diplomatic Value
1, 100, 92, 525582058, sync, Random Diplomatic Value
1, 100, 19, 3989816795, sync, Random Diplomatic Value
1, 100, 52, 841099384, sync, Random Diplomatic Value
1, 100, 48, 2242902865, sync, Random Diplomatic Value
1, 100, 94, 2082922422, sync, Random Diplomatic Value
1, 100, 62, 4051362999, sync, Random Diplomatic Value
1, 100, 21, 2676839460, sync, Random Diplomatic Value
1, 100, 81, 916978573, sync, Random Diplomatic Value
1, 100, 33, 3493413186, sync, Random Diplomatic Value
1, 100, 98, 1431246163, sync, Random Diplomatic Value
1, 100, 78, 4233989776, sync, Random Diplomatic Value
1, 100, 95, 3366306697, sync, Random Diplomatic Value
1, 100, 39, 4112396174, sync, Random Diplomatic Value
1, 100, 22, 1714140079, sync, Random Diplomatic Value
1, 100, 34, 968164284, sync, Random Diplomatic Value
1, 100, 21, 1486753605, sync, Random Diplomatic Value
1, 100, 20, 944879258, sync, Random Diplomatic Value
1, 100, 33, 898227147, sync, Random Diplomatic Value
1, 100, 64, 1454153640, sync, Random Diplomatic Value
1, 100, 56, 2752862913, sync, Random Diplomatic Value
1, 100, 66, 2433000038, sync, Random Diplomatic Value
1, 100, 16, 2841143719, sync, Random Diplomatic Value
1, 100, 88, 687869524, sync, Random Diplomatic Value
1, 100, 40, 3797672445, sync, Random Diplomatic Value
1, 100, 67, 1722318578, sync, Random Diplomatic Value
1, 100, 1, 2912418115, sync, Random Diplomatic Value
1, 100, 95, 75086784, sync, Random Diplomatic Value
1, 100, 20, 4119437561, sync, Random Diplomatic Value
1, 100, 88, 876320830, sync, Random Diplomatic Value
1, 100, 42, 3820414623, sync, Random Diplomatic Value
1, 100, 68, 1830736876, sync, Random Diplomatic Value
1, 100, 7, 2939835317, sync, Random Diplomatic Value
1, 100, 92, 341113418, sync, Random Diplomatic Value
1, 100, 75, 3954003387, sync, Random Diplomatic Value
1, 100, 64, 3223012056, sync, Random Diplomatic Value
1, 100, 0, 2768860721, sync, Random Diplomatic Value
1, 100, 13, 32534806, sync, Random Diplomatic Value
1, 100, 49, 584649367, sync, Random Diplomatic Value
1, 100, 81, 2137896068, sync, Random Diplomatic Value
1, 100, 35, 3503178861, sync, Random Diplomatic Value
1, 100, 45, 1509591202, sync, Random Diplomatic Value
1, 100, 67, 1956231475, sync, Random Diplomatic Value
1, 100, 97, 2891158768, sync, Random Diplomatic Value
1, 100, 91, 4170693225, sync, Random Diplomatic Value
1, 100, 59, 3919351022, sync, Random Diplomatic Value
1, 100, 36, 2561455503, sync, Random Diplomatic Value
1, 100, 60, 1551175708, sync, Random Diplomatic Value
1, 100, 58, 2590544933, sync, Random Diplomatic Value
1, 100, 85, 2504559098, sync, Random Diplomatic Value
1, 100, 46, 3679001515, sync, Random Diplomatic Value
1, 100, 84, 1976635912, sync, Random Diplomatic Value
1, 100, 39, 3618852257, sync, Random Diplomatic Value
1, 100, 29, 1686457286, sync, Random Diplomatic Value
1, 100, 23, 1258014599, sync, Random Diplomatic Value
1, 100, 61, 1030309556, sync, Random Diplomatic Value
1, 100, 49, 2627085021, sync, Random Diplomatic Value
1, 100, 90, 2121948754, sync, Random Diplomatic Value
1, 100, 14, 3896726819, sync, Random Diplomatic Value
1, 100, 99, 615389728, sync, Random Diplomatic Value
1, 100, 38, 4275507161, sync, Random Diplomatic Value
1, 100, 19, 1664880030, sync, Random Diplomatic Value
1, 100, 0, 854335615, sync, Random Diplomatic Value
1, 100, 56, 27965516, sync, Random Diplomatic Value
1, 100, 42, 2426392725, sync, Random Diplomatic Value
1, 100, 19, 1842832810, sync, Random Diplomatic Value
1, 100, 61, 824984987, sync, Random Diplomatic Value
1, 100, 13, 2649820472, sync, Random Diplomatic Value
1, 100, 41, 586801425, sync, Random Diplomatic Value
1, 100, 79, 1797141110, sync, Random Diplomatic Value
1, 100, 28, 3430916215, sync, Random Diplomatic Value
1, 100, 20, 1212531940, sync, Random Diplomatic Value
1, 100, 81, 873102669, sync, Random Diplomatic Value
1, 100, 12, 3509780482, sync, Random Diplomatic Value
1, 100, 83, 541314323, sync, Random Diplomatic Value
1, 100, 1, 3574352720, sync, Random Diplomatic Value
1, 100, 88, 84844873, sync, Random Diplomatic Value
1, 100, 8, 3822393934, sync, Random Diplomatic Value
1, 100, 22, 370419567, sync, Random Diplomatic Value
1, 100, 7, 963824764, sync, Random Diplomatic Value
1, 100, 81, 337053957, sync, Random Diplomatic Value
1, 100, 42, 3513552218, sync, Random Diplomatic Value
1, 100, 67, 1810221963, sync, Random Diplomatic Value
1, 100, 45, 2908632168, sync, Random Diplomatic Value
1, 100, 58, 1971597441, sync, Random Diplomatic Value
1, 100, 99, 2497062182, sync, Random Diplomatic Value
1, 100, 0, 4293104999, sync, Random Diplomatic Value
1, 100, 28, 1453844, sync, Random Diplomatic Value
1, 100, 15, 1229083581, sync, Random Diplomatic Value
1, 100, 99, 670002610, sync, Random Diplomatic Value
1, 100, 54, 4262076675, sync, Random Diplomatic Value
1, 100, 28, 2343643264, sync, Random Diplomatic Value
1, 100, 32, 1204121273, sync, Random Diplomatic Value
1, 100, 29, 1390588670, sync, Random Diplomatic Value
1, 100, 95, 1266928223, sync, Random Diplomatic Value
1, 100, 13, 4081077420, sync, Random Diplomatic Value
1, 100, 14, 583351669, sync, Random Diplomatic Value
1, 100, 29, 607322378, sync, Random Diplomatic Value
1, 100, 59, 1271180667, sync, Random Diplomatic Value
1, 100, 20, 2545649560, sync, Random Diplomatic Value
1, 100, 86, 901331953, sync, Random Diplomatic Value
1, 100, 85, 3716686806, sync, Random Diplomatic Value
1, 100, 43, 3680937559, sync, Random Diplomatic Value
1, 100, 75, 1873642820, sync, Random Diplomatic Value
1, 100, 87, 3256133165, sync, Random Diplomatic Value
1, 100, 11, 3778717538, sync, Random Diplomatic Value
1, 100, 67, 482693363, sync, Random Diplomatic Value
1, 100, 70, 2912924080, sync, Random Diplomatic Value
1, 100, 92, 3007477801, sync, Random Diplomatic Value
1, 100, 44, 3969898414, sync, Random Diplomatic Value
1, 100, 37, 1918503247, sync, Random Diplomatic Value
1, 100, 64, 1631992028, sync, Random Diplomatic Value
1, 100, 66, 2791402981, sync, Random Diplomatic Value
1, 100, 76, 2870329530, sync, Random Diplomatic Value
1, 100, 99, 3268930411, sync, Random Diplomatic Value
1, 100, 69, 4285269704, sync, Random Diplomatic Value
1, 100, 42, 2982151009, sync, Random Diplomatic Value
1, 100, 88, 1842294406, sync, Random Diplomatic Value
1, 100, 48, 3808940871, sync, Random Diplomatic Value
1, 100, 15, 2090780532, sync, Random Diplomatic Value
1, 100, 57, 672691357, sync, Random Diplomatic Value
1, 100, 75, 2489298194, sync, Random Diplomatic Value
1, 100, 40, 3244580067, sync, Random Diplomatic Value
1, 100, 32, 1721427680, sync, Random Diplomatic Value
1, 100, 94, 1401732505, sync, Random Diplomatic Value
1, 100, 68, 4060579934, sync, Random Diplomatic Value
1, 100, 15, 2943738943, sync, Random Diplomatic Value
1, 100, 89, 678924556, sync, Random Diplomatic Value
1, 100, 23, 3831667285, sync, Random Diplomatic Value
1, 100, 89, 1002425450, sync, Random Diplomatic Value
1, 100, 39, 3840836955, sync, Random Diplomatic Value
1, 100, 56, 1704112632, sync, Random Diplomatic Value
1, 100, 29, 2407499473, sync, Random Diplomatic Value
1, 100, 9, 1258702134, sync, Random Diplomatic Value
1, 100, 9, 411442231, sync, Random Diplomatic Value
1, 100, 9, 389871012, sync, Random Diplomatic Value
1, 100, 75, 413449997, sync, Random Diplomatic Value
1, 100, 79, 3244916418, sync, Random Diplomatic Value
1, 100, 84, 3398845651, sync, Random Diplomatic Value
1, 100, 76, 3643131920, sync, Random Diplomatic Value
1, 100, 34, 3295362825, sync, Random Diplomatic Value
1, 100, 61, 1490339086, sync, Random Diplomatic Value
1, 100, 56, 2641779503, sync, Random Diplomatic Value
1, 100, 92, 2424788284, sync, Random Diplomatic Value
1, 100, 92, 3992961733, sync, Random Diplomatic Value
1, 100, 84, 3969655834, sync, Random Diplomatic Value
1, 100, 35, 3617028939, sync, Random Diplomatic Value
1, 100, 23, 1511164200, sync, Random Diplomatic Value
1, 100, 2, 1017038401, sync, Random Diplomatic Value
1, 100, 91, 122185702, sync, Random Diplomatic Value
1, 100, 41, 3948970279, sync, Random Diplomatic Value
1, 100, 70, 1788547028, sync, Random Diplomatic Value
1, 100, 50, 3033564541, sync, Random Diplomatic Value
1, 100, 62, 2166561906, sync, Random Diplomatic Value
1, 100, 30, 2697595075, sync, Random Diplomatic Value
1, 100, 63, 1317229888, sync, Random Diplomatic Value
1, 100, 48, 2707750009, sync, Random Diplomatic Value
1, 100, 23, 2072153534, sync, Random Diplomatic Value
1, 100, 70, 1018850847, sync, Random Diplomatic Value
1, 100, 6, 3018360172, sync, Random Diplomatic Value
1, 100, 76, 271574837, sync, Random Diplomatic Value
1, 100, 75, 3302344650, sync, Random Diplomatic Value
1, 100, 67, 3256995131, sync, Random Diplomatic Value
1, 100, 36, 2878245976, sync, Random Diplomatic Value
1, 100, 44, 1585758641, sync, Random Diplomatic Value
1, 100, 15, 1903203990, sync, Random Diplomatic Value
1, 100, 4, 685113879, sync, Random Diplomatic Value
1, 100, 6, 210507268, sync, Random Diplomatic Value
1, 100, 20, 292734957, sync, Random Diplomatic Value
1, 100, 14, 890734114, sync, Random Diplomatic Value
1, 100, 40, 640592051, sync, Random Diplomatic Value
1, 100, 95, 1723240048, sync, Random Diplomatic Value
1, 100, 78, 4123063785, sync, Random Diplomatic Value
1, 100, 88, 3377193582, sync, Random Diplomatic Value
1, 100, 68, 3814792463, sync, Random Diplomatic Value
1, 100, 26, 2949521820, sync, Random Diplomatic Value
1, 100, 42, 1135216549, sync, Random Diplomatic Value
1, 100, 74, 1817687930, sync, Random Diplomatic Value
1, 100, 59, 3181148971, sync, Random Diplomatic Value
1, 100, 25, 2540288904, sync, Random Diplomatic Value
1, 100, 26, 1113094433, sync, Random Diplomatic Value
1, 100, 92, 1159319878, sync, Random Diplomatic Value
1, 100, 17, 3957694215, sync, Random Diplomatic Value
1, 100, 65, 765659188, sync, Random Diplomatic Value
1, 100, 21, 2804057693, sync, Random Diplomatic Value
1, 100, 65, 932297682, sync, Random Diplomatic Value
1, 100, 28, 2796758179, sync, Random Diplomatic Value
1, 100, 67, 1216508832, sync, Random Diplomatic Value
1, 100, 46, 2894474073, sync, Random Diplomatic Value
1, 100, 17, 1982579486, sync, Random Diplomatic Value
1, 100, 82, 759785471, sync, Random Diplomatic Value
1, 100, 61, 3559598540, sync, Random Diplomatic Value
1, 100, 85, 2632262677, sync, Random Diplomatic Value
1, 100, 76, 3687641898, sync, Random Diplomatic Value
1, 100, 97, 3302393115, sync, Random Diplomatic Value
1, 100, 30, 4190574264, sync, Random Diplomatic Value
1, 100, 85, 1291906193, sync, Random Diplomatic Value
1, 100, 55, 3667859446, sync, Random Diplomatic Value
1, 100, 78, 2370721783, sync, Random Diplomatic Value
1, 100, 75, 3375556196, sync, Random Diplomatic Value
1, 100, 54, 3258368205, sync, Random Diplomatic Value
1, 100, 78, 2342305154, sync, Random Diplomatic Value
1, 100, 81, 3355868307, sync, Random Diplomatic Value
1, 100, 0, 3513386192, sync, Random Diplomatic Value
1, 100, 16, 8101065, sync, Random Diplomatic Value
1, 100, 92, 719138766, sync, Random Diplomatic Value
1, 100, 82, 3960622831, sync, Random Diplomatic Value
1, 100, 73, 3551698428, sync, Random Diplomatic Value
1, 100, 4, 3155704965, sync, Random Diplomatic Value
1, 100, 64, 211843802, sync, Random Diplomatic Value
1, 100, 49, 2757683979, sync, Random Diplomatic Value
1, 100, 41, 2106170856, sync, Random Diplomatic Value
1, 100, 84, 1797594113, sync, Random Diplomatic Value
1, 100, 57, 3608898214, sync, Random Diplomatic Value
1, 100, 83, 2475633895, sync, Random Diplomatic Value
1, 100, 94, 3578704020, sync, Random Diplomatic Value
1, 100, 55, 4073092925, sync, Random Diplomatic Value
1, 100, 47, 2365819698, sync, Random Diplomatic Value
1, 100, 77, 2039984259, sync, Random Diplomatic Value
1, 100, 92, 3316662784, sync, Random Diplomatic Value
1, 100, 70, 3962063417, sync, Random Diplomatic Value
1, 100, 9, 3034261630, sync, Random Diplomatic Value
1, 100, 95, 387633631, sync, Random Diplomatic Value
1, 100, 23, 4090986028, sync, Random Diplomatic Value
1, 100, 66, 1027231989, sync, Random Diplomatic Value
1, 100, 91, 2835173002, sync, Random Diplomatic Value
1, 100, 79, 3934563579, sync, Random Diplomatic Value
1, 100, 50, 3428077848, sync, Random Diplomatic Value
1, 100, 86, 2167146353, sync, Random Diplomatic Value
1, 100, 63, 3697920342, sync, Random Diplomatic Value
1, 100, 44, 2733055447, sync, Random Diplomatic Value
1, 100, 48, 1925801668, sync, Random Diplomatic Value
1, 100, 62, 2091428269, sync, Random Diplomatic Value
1, 100, 89, 2689672418, sync, Random Diplomatic Value
1, 100, 0, 3835019379, sync, Random Diplomatic Value
1, 100, 60, 5778224, sync, Random Diplomatic Value
1, 100, 71, 2580755369, sync, Random Diplomatic Value
1, 100, 73, 3059789102, sync, Random Diplomatic Value
1, 100, 23, 3145855183, sync, Random Diplomatic Value
1, 100, 15, 1020054108, sync, Random Diplomatic Value
1, 100, 73, 671244645, sync, Random Diplomatic Value
1, 100, 84, 3150868026, sync, Random Diplomatic Value
1, 100, 74, 3612789483, sync, Random Diplomatic Value
1, 100, 85, 3196727368, sync, Random Diplomatic Value
1, 100, 22, 3678187233, sync, Random Diplomatic Value
1, 100, 42, 958739462, sync, Random Diplomatic Value
1, 100, 11, 1834298055, sync, Random Diplomatic Value
1, 100, 77, 490080500, sync, Random Diplomatic Value
1, 100, 88, 3346290717, sync, Random Diplomatic Value
1, 100, 35, 3805317778, sync, Random Diplomatic Value
1, 100, 63, 1542433891, sync, Random Diplomatic Value
1, 100, 82, 2737094752, sync, Random Diplomatic Value
1, 100, 33, 3548600601, sync, Random Diplomatic Value
1, 100, 92, 1449704926, sync, Random Diplomatic Value
1, 100, 66, 3961957311, sync, Random Diplomatic Value
1, 100, 37, 2844099212, sync, Random Diplomatic Value
1, 100, 37, 1609002453, sync, Random Diplomatic Value
1, 100, 29, 1623120362, sync, Random Diplomatic Value
1, 100, 54, 1285833947, sync, Random Diplomatic Value
1, 100, 61, 2337160056, sync, Random Diplomatic Value
1, 100, 59, 2638090833, sync, Random Diplomatic Value
1, 100, 63, 2561190582, sync, Random Diplomatic Value
1, 100, 85, 2727891895, sync, Random Diplomatic Value
1, 100, 80, 3672610596, sync, Random Diplomatic Value
1, 100, 85, 3464528525, sync, Random Diplomatic Value
1, 100, 29, 3666656322, sync, Random Diplomatic Value
1, 100, 27, 1280603219, sync, Random Diplomatic Value
1, 100, 44, 1184432528, sync, Random Diplomatic Value
1, 100, 94, 1929362057, sync, Random Diplomatic Value
1, 100, 69, 4037958286, sync, Random Diplomatic Value
1, 100, 34, 2980577967, sync, Random Diplomatic Value
1, 100, 7, 1471456956, sync, Random Diplomatic Value
1, 100, 45, 337671749, sync, Random Diplomatic Value
1, 100, 74, 1949929882, sync, Random Diplomatic Value
1, 100, 97, 3187415755, sync, Random Diplomatic Value
1, 100, 19, 4169364136, sync, Random Diplomatic Value
1, 100, 69, 852963777, sync, Random Diplomatic Value
1, 100, 87, 3004116326, sync, Random Diplomatic Value
1, 100, 42, 3761215655, sync, Random Diplomatic Value
1, 100, 56, 1827737940, sync, Random Diplomatic Value
1, 100, 14, 2430871805, sync, Random Diplomatic Value
1, 100, 17, 642824690, sync, Random Diplomatic Value
1, 100, 16, 741546051, sync, Random Diplomatic Value
1, 100, 81, 704114368, sync, Random Diplomatic Value
1, 100, 77, 3520026617, sync, Random Diplomatic Value
1, 100, 97, 3316417342, sync, Random Diplomatic Value
1, 100, 71, 4200920479, sync, Random Diplomatic Value
1, 100, 18, 3083679468, sync, Random Diplomatic Value
1, 100, 26, 799308469, sync, Random Diplomatic Value
1, 100, 12, 1130992970, sync, Random Diplomatic Value
1, 100, 54, 548228283, sync, Random Diplomatic Value
1, 100, 74, 2328679896, sync, Random Diplomatic Value
1, 100, 98, 3211726129, sync, Random Diplomatic Value
1, 100, 63, 4248026134, sync, Random Diplomatic Value
1, 100, 49, 2707028375, sync, Random Diplomatic Value
1, 100, 50, 2133161860, sync, Random Diplomatic Value
1, 100, 17, 2172013421, sync, Random Diplomatic Value
1, 100, 42, 765952930, sync, Random Diplomatic Value
1, 100, 38, 1807390771, sync, Random Diplomatic Value
1, 100, 22, 1665435632, sync, Random Diplomatic Value
1, 100, 66, 960049513, sync, Random Diplomatic Value
1, 100, 54, 2862495726, sync, Random Diplomatic Value
1, 100, 73, 2323416207, sync, Random Diplomatic Value
1, 100, 78, 3171037980, sync, Random Diplomatic Value
1, 100, 23, 3375004453, sync, Random Diplomatic Value
1, 100, 85, 1010427130, sync, Random Diplomatic Value
1, 100, 70, 3687242411, sync, Random Diplomatic Value
1, 100, 55, 3045942536, sync, Random Diplomatic Value
1, 100, 34, 2385290401, sync, Random Diplomatic Value
1, 100, 18, 1488017094, sync, Random Diplomatic Value
1, 100, 84, 790001287, sync, Random Diplomatic Value
1, 100, 96, 3625437620, sync, Random Diplomatic Value
1, 100, 81, 4140689885, sync, Random Diplomatic Value
1, 100, 39, 3504085330, sync, Random Diplomatic Value
1, 100, 5, 1692005411, sync, Random Diplomatic Value
1, 100, 32, 255970592, sync, Random Diplomatic Value
1, 100, 72, 1380206297, sync, Random Diplomatic Value
1, 100, 92, 3112073374, sync, Random Diplomatic Value
1, 100, 5, 3956125567, sync, Random Diplomatic Value
1, 100, 57, 222731084, sync, Random Diplomatic Value
1, 100, 61, 2468968341, sync, Random Diplomatic Value
1, 100, 71, 2639626410, sync, Random Diplomatic Value
1, 100, 4, 3088565403, sync, Random Diplomatic Value
1, 100, 50, 182984760, sync, Random Diplomatic Value
1, 100, 76, 2180446225, sync, Random Diplomatic Value
1, 100, 56, 3286433142, sync, Random Diplomatic Value
1, 100, 53, 2418282359, sync, Random Diplomatic Value
1, 100, 60, 2300250084, sync, Random Diplomatic Value
1, 100, 9, 2604794957, sync, Random Diplomatic Value
1, 100, 29, 419003138, sync, Random Diplomatic Value
1, 100, 50, 1262496787, sync, Random Diplomatic Value
1, 100, 58, 2171780688, sync, Random Diplomatic Value
1, 100, 0, 2511837257, sync, Random Diplomatic Value
1, 100, 36, 17319246, sync, Random Diplomatic Value
1, 100, 19, 1576498799, sync, Random Diplomatic Value
1, 100, 29, 827158396, sync, Random Diplomatic Value
1, 100, 14, 1272475653, sync, Random Diplomatic Value
1, 100, 81, 640116826, sync, Random Diplomatic Value
1, 100, 42, 3492743819, sync, Random Diplomatic Value
1, 100, 52, 1807746920, sync, Random Diplomatic Value
1, 100, 3, 2239039361, sync, Random Diplomatic Value
1, 100, 47, 165916710, sync, Random Diplomatic Value
1, 100, 11, 2030158951, sync, Random Diplomatic Value
1, 100, 86, 507654676, sync, Random Diplomatic Value
1, 100, 90, 3706297021, sync, Random Diplomatic Value
1, 100, 11, 3888818354, sync, Random Diplomatic Value
1, 100, 45, 475807747, sync, Random Diplomatic Value
1, 100, 73, 1947884416, sync, Random Diplomatic Value
1, 100, 20, 3155830201, sync, Random Diplomatic Value
1, 100, 77, 884383230, sync, Random Diplomatic Value
1, 100, 76, 3327711583, sync, Random Diplomatic Value
1, 6, 1, 3297357740, sync, Choosing random civic boost to grant based on era, Player: 4
1, 5, 3, 758015093, sync, Choosing random civic boost to grant based on era, Player: 4
1, 4, 2, 3336215562, sync, Choosing random civic boost to grant based on era, Player: 4
1, 8, 1, 2153491579, sync, Choosing random tech boost to grant based on era, Player: 4
1, 7, 6, 934812312, sync, Choosing random tech boost to grant based on era, Player: 4
1, 6, 2, 4211987185, sync, Choosing random tech boost to grant based on era, Player: 4
1, 6, 1, 1921937110, sync, Choosing random civic boost to grant based on era, Player: 5
1, 5, 4, 1005491543, sync, Choosing random civic boost to grant based on era, Player: 5
1, 4, 1, 3462416452, sync, Choosing random civic boost to grant based on era, Player: 5
1, 8, 5, 1570483501, sync, Choosing random tech boost to grant based on era, Player: 5
1, 7, 3, 2816123490, sync, Choosing random tech boost to grant based on era, Player: 5
1, 6, 1, 2405249011, sync, Choosing random tech boost to grant based on era, Player: 5
1, 6, 1, 943432880, sync, Choosing random civic boost to grant based on era, Player: 6
1, 5, 1, 766701353, sync, Choosing random civic boost to grant based on era, Player: 6
1, 4, 2, 1556382382, sync, Choosing random civic boost to grant based on era, Player: 6
1, 8, 5, 2685458511, sync, Choosing random tech boost to grant based on era, Player: 6
1, 7, 2, 2771278812, sync, Choosing random tech boost to grant based on era, Player: 6
1, 6, 1, 1558336741, sync, Choosing random tech boost to grant based on era, Player: 6
1, 6, 2, 1348082618, sync, Choosing random civic boost to grant based on era, Player: 7
1, 5, 2, 1454156395, sync, Choosing random civic boost to grant based on era, Player: 7
1, 4, 0, 2100517320, sync, Choosing random civic boost to grant based on era, Player: 7
1, 8, 3, 753424993, sync, Choosing random tech boost to grant based on era, Player: 7
1, 7, 5, 1920874886, sync, Choosing random tech boost to grant based on era, Player: 7
1, 6, 4, 3102310983, sync, Choosing random tech boost to grant based on era, Player: 7
1, 20, 7, 2869447284, sync, Choose random agenda
1, 20, 19, 1659845533, sync, Choose random agenda
1, 20, 0, 4235487250, sync, Choose random agenda
1, 20, 17, 87161827, sync, Choose random agenda
1, 20, 8, 3852048864, sync, Choose random agenda
1, 20, 10, 1921578137, sync, Choose random agenda
1, 20, 18, 2251092830, sync, Choose random agenda
1, 20, 2, 3959321407, sync, Choose random agenda
1, 5, 1, 607024140, sync, Random River
1, 4, 0, 1550532949, sync, Random River
1, 5, 0, 609281898, sync, Random River
1, 4, 0, 49349723, sync, Random River
1, 9, 6, 693421304, sync, Random River
1, 8, 2, 3169557969, sync, Random River
1, 3, 0, 1527648310, sync, Random River
1, 2, 1, 1303481143, sync, Random River
1, 1, 0, 3498916004, sync, Random Volcano
1, 7, 3, 1178289677, sync, Random River
1, 6, 2, 1906506178, sync, Random River
1, 8, 4, 2022286291, sync, Random River
1, 7, 4, 2327264016, sync, Random River
1, 6, 2, 2724410889, sync, Random River
1, 5, 0, 1923805198, sync, Random River
1, 5, 1, 549497391, sync, Random River
1, 3, 1, 893188156, sync, Random Desert
1, 4, 3, 2030053829, sync, Random River
1, 3, 0, 3844734746, sync, Random River
1, 2, 0, 1186445899, sync, Random River
1, 5, 0, 939482152, sync, Random River
1, 4, 0, 348036417, sync, Random River
1, 3, 2, 173601510, sync, Random River
1, 4, 2, 3318067239, sync, Generating a random new Great Person
1, 4, 3, 2516718292, sync, Generating a random new Great Person
1, 4, 0, 3835087997, sync, Generating a random new Great Person
1, 3, 1, 741431154, sync, Generating a random new Great Person
1, 6, 2, 1842554819, sync, Generating a random new Great Person
1, 4, 3, 1557628992, sync, Generating a random new Great Person
1, 5, 1, 3569922937, sync, Generating a random new Great Person
1, 5, 0, 1220114622, sync, Generating a random new Great Person
1, 6, 3, 448167199, sync, Generating a random new Great Person
1, 5, 1, 2664228972, sync, Random River
1, 40, 5, 999820853, sync, Choosing a Citizen Name
1, 39, 34, 638608074, sync, Choosing a Citizen Name
1, 38, 33, 3847212091, sync, Choosing a Citizen Name
1, 40, 33, 3822460760, sync, Choosing a Citizen Name
1, 39, 23, 3586676913, sync, Choosing a Citizen Name
1, 38, 11, 2604261782, sync, Choosing a Citizen Name
1, 40, 29, 1248129303, sync, Choosing a Citizen Name
1, 39, 2, 3174684932, sync, Choosing a Citizen Name
1, 38, 22, 249089773, sync, Choosing a Citizen Name
1, 40, 35, 2578088226, sync, Choosing a Citizen Name
1, 39, 35, 3812460467, sync, Choosing a Citizen Name
1, 38, 21, 3892150640, sync, Choosing a Citizen Name
1, 6, 1, 2432724201, sync, BT Research Choice
1, 7, 0, 1133743470, sync, BT Research Choice
1, 6, 0, 201255951, sync, BT Research Choice
1, 40, 33, 705774748, sync, Choosing a Citizen Name
1, 39, 4, 3639209637, sync, Choosing a Citizen Name
1, 38, 21, 451875450, sync, Choosing a Citizen Name
1, 7, 5, 2479372843, sync, Random River
1, 6, 1, 3594260104, sync, Random River
1, 40, 3, 1227870241, sync, Choosing a Citizen Name
1, 39, 12, 357293126, sync, Choosing a Citizen Name
1, 38, 24, 1385057799, sync, Choosing a Citizen Name
1, 40, 38, 2730986292, sync, Choosing a Citizen Name
1, 39, 4, 4187508061, sync, Choosing a Citizen Name
1, 38, 9, 542734034, sync, Choosing a Citizen Name
1, 40, 9, 1085784995, sync, Choosing a Citizen Name
1, 39, 9, 1055663776, sync, Choosing a Citizen Name
1, 38, 14, 1041326681, sync, Choosing a Citizen Name
2, 25, 10, 1664364062, sync, Active Volcano Roll
2, 2500, 2060, 1819866879, sync, Random Event Roll
2, 2, 1, 3539799244, sync, GetNextBuyablePlot picker
2, 1, 0, 2708261653, sync, GetNextBuyablePlot picker
2, 4000, 3639, 1215368746, sync, Choosing a Goody Hut Type
2, 35, 11, 3908043803, sync, Choosing a Sub Type
2, 100, 81, 1465133496, sync, Rolling for chance to discover a Secret Society
2, 100, 11, 3487302545, sync, Rolling for chance to discover a Secret Society
2, 100, 57, 485090038, sync, Rolling for chance to discover a Secret Society
2, 100, 42, 2466301687, sync, Rolling for chance to discover a Secret Society
2, 1, 0, 1845373284, sync, GetNextBuyablePlot picker
2, 2, 1, 2905360333, sync, City Build District Choice
2, 1, 0, 3477682306, sync, GetNextBuyablePlot picker
2, 2, 0, 1206967187, sync, Random River
2, 1, 0, 723941328, sync, GetNextBuyablePlot picker
2, 2, 0, 2462225353, sync, City Build District Choice
2, 2, 1, 475421390, sync, City Build District Choice
2, 6, 5, 3921911279, sync, Random Direction
2, 7, 3, 4165157116, sync, Random Direction
2, 1, 0, 1901568901, sync, GetNextBuyablePlot picker
2, 1, 0, 872502746, sync, Random Direction
2, 1, 0, 1297492491, sync, Random Direction
2, 1, 0, 2114023656, sync, GetNextBuyablePlot picker
2, 9, 5, 1383330561, sync, Random Direction
2, 10, 9, 2737763750, sync, Random Direction
2, 2, 0, 3996867559, sync, GetNextBuyablePlot picker
2, 2, 0, 1089516436, sync, City Build District Choice
2, 6, 0, 1974189629, sync, Random Direction
2, 7, 0, 239388210, sync, Random Direction
2, 1, 0, 72863619, sync, GetNextBuyablePlot picker
2, 7, 0, 1559196928, sync, Random Direction
2, 6, 0, 94044473, sync, Random Direction
2, 1, 0, 141890430, sync, GetNextBuyablePlot picker
2, 7, 3, 1463673055, sync, Random Direction
2, 7, 0, 2337726764, sync, Random Direction
2, 3, 0, 547452917, sync, GetNextBuyablePlot picker
2, 4, 3, 332065162, sync, Random Direction
2, 10, 3, 3947473915, sync, Random Direction
2, 1, 0, 1608967192, sync, GetNextBuyablePlot picker
2, 8, 4, 2975768177, sync, Random Direction
2, 8, 3, 2515932246, sync, Random Direction
2, 1, 0, 1685916887, sync, GetNextBuyablePlot picker
2, 8, 2, 1752312260, sync, Random Direction
2, 8, 2, 1391308973, sync, Random Direction
2, 1, 0, 1305944034, sync, GetNextBuyablePlot picker
2, 2, 1, 3139149683, sync, City Build District Choice
2, 7, 1, 2605325872, sync, Random Direction
2, 9, 5, 1021422249, sync, Random Direction
2, 2, 1, 2513131566, sync, GetNextBuyablePlot picker
2, 1, 0, 2651242447, sync, GetNextBuyablePlot picker
2, 2, 1, 1080749404, sync, GetNextBuyablePlot picker
2, 2, 0, 4076947557, sync, GetNextBuyablePlot picker
2, 3, 1, 2126039354, sync, Random River
3, 25, 6, 2665056747, sync, Active Volcano Roll
3, 2500, 515, 1097302856, sync, Random Event Roll
3, 100, 56, 885196257, sync, Pillage Improvement Chance
3, 100, 1, 2413444870, sync, Pillage Improvement Chance
3, 100, 54, 63232455, sync, Pillage Improvement Chance
3, 100, 40, 2350222324, sync, Pillage Improvement Chance
3, 100, 71, 1753816861, sync, Pillage Improvement Chance
3, 100, 85, 3075163538, sync, Pillage Improvement Chance
3, 100, 95, 3677047651, sync, Boosted Yield Chance
3, 100, 49, 4093211488, sync, Boosted Yield Chance
3, 100, 71, 2124255257, sync, Boosted Yield Chance
3, 100, 67, 3075746014, sync, Boosted Yield Chance
3, 100, 74, 2902276799, sync, Boosted Yield Chance
3, 100, 3, 3195168140, sync, Boosted Yield Chance
3, 100, 11, 133043413, sync, Boosted Yield Chance
3, 100, 89, 477492458, sync, Boosted Yield Chance
3, 100, 77, 3855926235, sync, Boosted Yield Chance
3, 2, 1, 3316010616, sync, GetNextBuyablePlot picker
3, 4, 2, 4236781905, sync, Random River
3, 1, 0, 2285270454, sync, GetNextBuyablePlot picker
3, 1, 0, 3620848311, sync, GetNextBuyablePlot picker
3, 1, 0, 3727546916, sync, GetNextBuyablePlot picker
3, 1, 0, 1842678157, sync, GetNextBuyablePlot picker
3, 9, 8, 3702273858, sync, Random Direction
3, 6, 5, 3979727699, sync, Random Direction
3, 1, 0, 3951064208, sync, GetNextBuyablePlot picker
3, 6, 3, 546681225, sync, Random Direction
3, 2, 0, 2496300430, sync, Random Direction
3, 1, 0, 1757434287, sync, GetNextBuyablePlot picker
3, 9, 7, 3474999740, sync, Random Direction
3, 6, 2, 3399408965, sync, Random Direction
3, 2, 1, 1433234586, sync, GetNextBuyablePlot picker
3, 7, 0, 3486144971, sync, Random Direction
3, 8, 3, 512116136, sync, Random Direction
3, 1, 0, 1884620993, sync, GetNextBuyablePlot picker
3, 8, 6, 2200287334, sync, Random Direction
3, 7, 2, 3659712423, sync, Random Direction
3, 1, 0, 1271796820, sync, GetNextBuyablePlot picker
3, 8, 3, 501772285, sync, Random Direction
3, 8, 4, 1757738226, sync, Random Direction
3, 3, 2, 2208970563, sync, GetNextBuyablePlot picker
3, 10, 9, 2904695232, sync, Random Direction
3, 10, 2, 4166061817, sync, Random Direction
3, 1, 0, 984182334, sync, GetNextBuyablePlot picker
3, 9, 5, 2611938463, sync, Random Direction
3, 9, 3, 2397542892, sync, Random Direction
3, 1, 0, 1644863925, sync, GetNextBuyablePlot picker
3, 6, 5, 46805066, sync, Random Direction
3, 9, 2, 3993586619, sync, Random Direction
3, 1, 0, 1017800920, sync, GetNextBuyablePlot picker
3, 9, 2, 2945492017, sync, Random Direction
3, 13, 11, 1099106070, sync, Random Direction
3, 2, 1, 3791054999, sync, GetNextBuyablePlot picker
3, 1, 0, 2898868868, sync, GetNextBuyablePlot picker
3, 2, 1, 2811908717, sync, GetNextBuyablePlot picker
3, 2, 0, 3475013282, sync, GetNextBuyablePlot picker
3, 100, 22, 716666675, sync, Rolling for chance to discover a Secret Society
3, 100, 79, 987855600, sync, Rolling for chance to discover a Secret Society
3, 100, 28, 3407259753, sync, Rolling for chance to discover a Secret Society
3, 100, 89, 1244390126, sync, Rolling for chance to discover a Secret Society
3, 4000, 2452, 3857208207, sync, Choosing a Goody Hut Type
3, 55, 7, 2633717276, sync, Choosing a Sub Type
3, 6, 0, 552100389, sync, Choosing random tech boost to grant based on era
3, 100, 26, 511131642, sync, Rolling for chance to discover a Secret Society
3, 100, 99, 1134598571, sync, Rolling for chance to discover a Secret Society
3, 100, 0, 4285904904, sync, Rolling for chance to discover a Secret Society
3, 100, 94, 23198625, sync, Rolling for chance to discover a Secret Society
4, 25, 14, 4041826758, sync, Active Volcano Roll
4, 2500, 2379, 2488083847, sync, Random Event Roll
4, 2, 0, 4088548532, sync, GetNextBuyablePlot picker
4, 3, 2, 495038685, sync, Random River
4, 3, 1, 4228502610, sync, Random Sea
4, 1, 0, 1481413411, sync, GetNextBuyablePlot picker
4, 11, 8, 2642509856, sync, Random Direction
4, 9, 5, 3186458073, sync, Random Lake Range
4, 1, 0, 2840388510, sync, GetNextBuyablePlot picker
4, 1, 0, 2907389567, sync, Random River
4, 1, 0, 1263435340, sync, GetNextBuyablePlot picker
4, 1, 0, 4121894549, sync, GetNextBuyablePlot picker
4, 6, 1, 1931451306, sync, Random Direction
4, 10, 3, 895435675, sync, Random Direction
4, 1, 0, 1695232824, sync, GetNextBuyablePlot picker
4, 6, 5, 1152388881, sync, Random Direction
4, 1, 0, 3685992566, sync, Random Direction
4, 1, 0, 1407483511, sync, GetNextBuyablePlot picker
4, 9, 8, 1574718180, sync, Random Direction
4, 10, 0, 3858074445, sync, Random Direction
4, 2, 0, 76281346, sync, GetNextBuyablePlot picker
4, 6, 0, 1545112339, sync, Random Direction
4, 7, 5, 344273232, sync, Random Direction
4, 1, 0, 3315371849, sync, GetNextBuyablePlot picker
4, 10, 0, 851931214, sync, Random Direction
4, 6, 4, 225887599, sync, Random Direction
4, 1, 0, 3465810556, sync, GetNextBuyablePlot picker
4, 6, 1, 3667252997, sync, Random Direction
4, 7, 3, 1278100314, sync, Random Direction
4, 3, 2, 2043955595, sync, GetNextBuyablePlot picker
4, 7, 2, 3125664360, sync, Random Direction
4, 9, 0, 1612832385, sync, Random Direction
4, 1, 0, 419248934, sync, GetNextBuyablePlot picker
4, 11, 7, 826012519, sync, Random Direction
4, 9, 1, 2740598036, sync, Random Direction
4, 1, 0, 722264509, sync, GetNextBuyablePlot picker
4, 10, 3, 3597788082, sync, Random Direction
4, 7, 1, 1334468355, sync, Random Direction
4, 1, 0, 1177521792, sync, GetNextBuyablePlot picker
4, 10, 3, 380296377, sync, Random Direction
4, 9, 7, 1712752894, sync, Random Direction
4, 1, 0, 3351898207, sync, GetNextBuyablePlot picker
4, 1, 0, 1849627308, sync, GetNextBuyablePlot picker
4, 1, 0, 1167297397, sync, GetNextBuyablePlot picker
4, 2, 0, 634271498, sync, GetNextBuyablePlot picker
4, 9, 7, 156150651, sync, Random Ocean
4, 2, 1, 3403722136, sync, Random River
4, 3, 0, 2988337649, sync, Random River
4, 1, 0, 1017166294, sync, Random River
4, 2, 0, 3667035223, sync, Random River
4, 242, 70, 654248772, sync, Random River
5, 25, 22, 1251914797, sync, Active Volcano Roll
5, 2550, 57, 3896941922, sync, Random Event Roll
5, 100, 43, 97586931, sync, Pillage Improvement Chance
5, 100, 58, 1870895024, sync, Pillage Improvement Chance
5, 100, 9, 2506057257, sync, Pillage Improvement Chance
5, 100, 20, 393555374, sync, Pillage Improvement Chance
5, 100, 70, 862168911, sync, Pillage Improvement Chance
5, 100, 59, 3028451036, sync, Pillage Improvement Chance
5, 100, 36, 2556378085, sync, Boosted Yield Chance
5, 100, 5, 1558869690, sync, Boosted Yield Chance
5, 100, 6, 232614251, sync, Boosted Yield Chance
5, 100, 50, 287747272, sync, Boosted Yield Chance
5, 100, 2, 2160898401, sync, Boosted Yield Chance
5, 100, 54, 121193606, sync, Boosted Yield Chance
5, 100, 14, 2347184455, sync, Boosted Yield Chance
5, 100, 27, 643681652, sync, Boosted Yield Chance
5, 100, 91, 1178731165, sync, Boosted Yield Chance
5, 1, 0, 3914670866, sync, GetNextBuyablePlot picker
5, 55, 31, 4225473251, sync, Choosing a City Name
5, 4000, 1089, 2487504096, sync, Choosing a Goody Hut Type
5, 55, 6, 1170287513, sync, Choosing a Sub Type
5, 100, 17, 534666846, sync, Rolling for chance to discover a Secret Society
5, 100, 61, 757269055, sync, Rolling for chance to discover a Secret Society
5, 100, 56, 2656130828, sync, Rolling for chance to discover a Secret Society
5, 100, 87, 2423253077, sync, Rolling for chance to discover a Secret Society
5, 1, 0, 3744334442, sync, GetNextBuyablePlot picker
5, 55, 49, 3545203547, sync, Choosing a City Name
5, 6, 2, 3863140344, sync, Selecting a random new quest
5, 5, 0, 1779676369, sync, Choosing random district type for Zone District quest
5, 6, 5, 371317558, sync, Selecting a random new quest
5, 5, 4, 4277729847, sync, Choosing random class type for Recruit Great Person Class quest
5, 6, 1, 3922295716, sync, Selecting a random new quest
5, 4, 1, 860736781, sync, Choosing random unit type for Train Unit quest
5, 6, 1, 1906865346, sync, Selecting a random new quest
5, 4, 2, 1213792979, sync, Choosing random unit type for Train Unit quest
5, 1, 0, 2935270928, sync, GetNextBuyablePlot picker
5, 1, 0, 3147246857, sync, GetNextBuyablePlot picker
5, 1, 0, 218962702, sync, GetNextBuyablePlot picker
5, 8, 6, 128383279, sync, Random Direction
5, 10, 7, 3411974972, sync, Random Direction
5, 1, 0, 3070005445, sync, GetNextBuyablePlot picker
5, 6, 4, 3674462746, sync, Random Direction
5, 2, 1, 3073636683, sync, Random Direction
5, 1, 0, 2987929384, sync, GetNextBuyablePlot picker
5, 10, 5, 3550114881, sync, Random Direction
5, 6, 2, 2473950694, sync, Random Direction
5, 2, 1, 1531371303, sync, GetNextBuyablePlot picker
5, 7, 4, 4099216852, sync, Random Direction
5, 7, 4, 2866353021, sync, Random Direction
5, 1, 0, 2987102834, sync, GetNextBuyablePlot picker
5, 6, 5, 2344109763, sync, Random Direction
5, 1, 0, 3772234560, sync, Random Direction
5, 1, 0, 2322098809, sync, GetNextBuyablePlot picker
5, 8, 3, 3514590142, sync, Random Direction
5, 6, 4, 2068745247, sync, Random Direction
5, 3, 2, 2921155436, sync, GetNextBuyablePlot picker
5, 10, 4, 3506189621, sync, Random Direction
5, 8, 0, 1872166346, sync, Random Direction
5, 1, 0, 416926523, sync, GetNextBuyablePlot picker
5, 8, 2, 457814616, sync, Random Direction
5, 8, 7, 1523052465, sync, Random Direction
5, 1, 0, 3859754134, sync, GetNextBuyablePlot picker
5, 6, 1, 638574615, sync, Random Direction
5, 7, 1, 869506052, sync, Random Direction
5, 1, 0, 968545773, sync, GetNextBuyablePlot picker
5, 8, 7, 604601378, sync, Random Direction
5, 9, 5, 3760744115, sync, Random Direction
5, 1, 0, 2716890224, sync, GetNextBuyablePlot picker
5, 2, 0, 3044795369, sync, GetNextBuyablePlot picker
5, 1, 0, 1952921710, sync, GetNextBuyablePlot picker
5, 1, 0, 2520300303, sync, GetNextBuyablePlot picker
5, 241, 74, 3149948828, sync, Random River
5, 4000, 1450, 1327879589, sync, Choosing a Goody Hut Type
5, 55, 15, 1557294458, sync, Choosing a Sub Type
5, 100, 21, 1229977899, sync, Rolling for chance to discover a Secret Society
5, 100, 26, 926572936, sync, Rolling for chance to discover a Secret Society
5, 100, 38, 1153640225, sync, Rolling for chance to discover a Secret Society
5, 100, 19, 1636427590, sync, Rolling for chance to discover a Secret Society
5, 240, 45, 844299527, sync, Random River
5, 4000, 3258, 819465780, sync, Choosing a Goody Hut Type
5, 35, 7, 3498710109, sync, Choosing a Sub Type
5, 100, 78, 971846098, sync, Rolling for chance to discover a Secret Society
5, 100, 94, 3382207139, sync, Rolling for chance to discover a Secret Society
5, 100, 12, 4043430304, sync, Rolling for chance to discover a Secret Society
5, 5, 3, 534288729, sync, Random River
5, 5, 3, 3251149086, sync, Random Sea
5, 4, 2, 2890171903, sync, Random River
5, 3, 2, 2621108172, sync, Random River
5, 2, 1, 3186651669, sync, Random River
5, 1, 0, 3009489194, sync, Random River
5, 239, 173, 2070250267, sync, Random River
5, 2, 1, 3121429688, sync, Random Sea
6, 25, 24, 4000520849, sync, Active Volcano Roll
6, 2950, 1668, 4131433974, sync, Random Event Roll
6, 100, 24, 2429498871, sync, Pillage Improvement Chance
6, 100, 20, 1052077156, sync, Pillage Improvement Chance
6, 100, 5, 865980109, sync, Pillage Improvement Chance
6, 100, 14, 247575426, sync, Pillage Improvement Chance
6, 100, 51, 632765075, sync, Pillage Improvement Chance
6, 100, 98, 2207181520, sync, Pillage Improvement Chance
6, 100, 97, 4232415945, sync, Pillage Improvement Chance
6, 100, 27, 4200302030, sync, Pillage Improvement Chance
6, 100, 35, 1192291567, sync, Pillage Improvement Chance
6, 100, 20, 1514136572, sync, Pillage Improvement Chance
6, 100, 51, 898828933, sync, Pillage Improvement Chance
6, 100, 70, 2226008282, sync, Pillage Improvement Chance
6, 100, 15, 3014224139, sync, Pillage Improvement Chance
6, 100, 23, 648365032, sync, Pillage Improvement Chance
6, 100, 88, 1014942209, sync, Pillage Improvement Chance
6, 100, 50, 3780018342, sync, Pillage Improvement Chance
6, 100, 66, 2147715815, sync, Pillage Improvement Chance
6, 100, 41, 2877208212, sync, Pillage Improvement Chance
6, 100, 8, 1796015421, sync, Pillage Improvement Chance
6, 100, 10, 374473010, sync, Pillage Improvement Chance
6, 100, 96, 468971139, sync, Pillage Improvement Chance
6, 100, 23, 4124747776, sync, Pillage Improvement Chance
6, 100, 51, 1028241465, sync, Pillage Improvement Chance
6, 100, 8, 2207972990, sync, Pillage Improvement Chance
6, 100, 57, 368898015, sync, Pillage Improvement Chance
6, 100, 78, 2470593580, sync, Pillage Improvement Chance
6, 100, 57, 3389300469, sync, Pillage Improvement Chance
6, 100, 72, 2464449674, sync, Boosted Yield Chance
6, 100, 99, 3093998331, sync, Boosted Yield Chance
6, 100, 4, 4272256792, sync, Boosted Yield Chance
6, 100, 36, 189609329, sync, Boosted Yield Chance
6, 100, 36, 1552834390, sync, Boosted Yield Chance
6, 100, 93, 1546582999, sync, Boosted Yield Chance
6, 100, 19, 4026985668, sync, Boosted Yield Chance
6, 100, 80, 850311085, sync, Boosted Yield Chance
6, 100, 5, 3442023138, sync, Boosted Yield Chance
6, 100, 98, 226328179, sync, Boosted Yield Chance
6, 100, 2, 4209512752, sync, Boosted Yield Chance
6, 100, 59, 86778281, sync, Boosted Yield Chance
6, 100, 86, 2546074414, sync, Boosted Yield Chance
6, 100, 65, 3727134415, sync, Boosted Yield Chance
6, 100, 98, 2809466972, sync, Boosted Yield Chance
6, 100, 0, 4210831205, sync, Boosted Yield Chance
6, 100, 0, 15672378, sync, Boosted Yield Chance
6, 100, 94, 28854507, sync, Boosted Yield Chance
6, 1, 0, 4067481160, sync, GetNextBuyablePlot picker
6, 1, 0, 2667928801, sync, GetNextBuyablePlot picker
6, 2, 1, 1318799878, sync, City Build District Choice
6, 2, 1, 2404419783, sync, Random River
6, 1, 0, 3756068596, sync, Random River
6, 238, 97, 1780082205, sync, Random River
6, 2, 1, 1754398866, sync, Random Sea
6, 4400, 2414, 2235755107, sync, Choosing a Goody Hut Type
6, 55, 4, 2356815456, sync, Choosing a Sub Type
6, 3, 2, 368297753, sync, Choosing random tech boost to grant based on era
6, 1, 0, 4123759582, sync, GetNextBuyablePlot picker
6, 1, 0, 1785711039, sync, GetNextBuyablePlot picker
6, 10, 1, 3922413708, sync, Random Direction
6, 2, 0, 602979285, sync, Random Sea
6, 1, 0, 41488362, sync, GetNextBuyablePlot picker
6, 9, 0, 2841723611, sync, Random Direction
6, 6, 0, 287990136, sync, Selecting a random new quest
6, 6, 5, 328089681, sync, Selecting a random new quest
6, 5, 2, 4207952054, sync, Choosing random class type for Recruit Great Person Class quest
6, 6, 5, 2166829495, sync, Selecting a random new quest
6, 5, 2, 3646954788, sync, Choosing random class type for Recruit Great Person Class quest
6, 6, 3, 2225442957, sync, Selecting a random new quest
6, 4, 0, 2258088514, sync, Choosing random tech type for Trigger Tech Boost quest
6, 237, 25, 670249555, sync, Random River
6, 236, 60, 454289296, sync, Random River
6, 37, 21, 1097312393, sync, Choosing a Citizen Name
6, 36, 17, 2440212622, sync, Choosing a Citizen Name
6, 35, 28, 2071240879, sync, Choosing a Citizen Name
6, 1, 0, 3489131708, sync, GetNextBuyablePlot picker
6, 1, 0, 3961078853, sync, GetNextBuyablePlot picker
6, 8, 2, 2347583386, sync, Random Direction
6, 10, 9, 1525979339, sync, Random Direction
6, 1, 0, 4172617896, sync, GetNextBuyablePlot picker
6, 5, 3, 3431915457, sync, Random Direction
6, 7, 3, 2974303078, sync, Random Direction
6, 1, 0, 2268198567, sync, GetNextBuyablePlot picker
6, 7, 6, 4120319828, sync, Random Direction
6, 10, 8, 4184389373, sync, Random Direction
6, 2, 1, 3724881906, sync, GetNextBuyablePlot picker
6, 7, 5, 2751288899, sync, Random Direction
6, 8, 6, 3187168448, sync, Random Direction
6, 1, 0, 3641624057, sync, GetNextBuyablePlot picker
6, 6, 4, 1127373118, sync, Random Direction
6, 6, 0, 3080000415, sync, Random Direction
6, 1, 0, 577633516, sync, GetNextBuyablePlot picker
6, 9, 0, 3060582581, sync, Random Direction
6, 6, 1, 41339722, sync, Random Direction
6, 3, 0, 1136741051, sync, GetNextBuyablePlot picker
6, 9, 8, 95681496, sync, Random Direction
6, 5, 2, 3849206577, sync, Random Direction
6, 1, 0, 2128499222, sync, GetNextBuyablePlot picker
6, 9, 1, 3568293783, sync, Random Direction
6, 9, 6, 945356164, sync, Random Direction
6, 1, 0, 3006945645, sync, GetNextBuyablePlot picker
6, 10, 6, 3999627682, sync, Random Direction
6, 6, 2, 2710591027, sync, Random Direction
6, 1, 0, 1663725040, sync, GetNextBuyablePlot picker
6, 12, 5, 506470249, sync, Random Direction
6, 8, 4, 2017824238, sync, Random Direction
6, 7, 1, 2599428751, sync, BT Research Choice
6, 1, 0, 744519964, sync, GetNextBuyablePlot picker
6, 2, 1, 295848229, sync, GetNextBuyablePlot picker
6, 1, 0, 3959462650, sync, GetNextBuyablePlot picker
6, 1, 0, 47601835, sync, GetNextBuyablePlot picker
6, 4000, 2520, 2206862088, sync, Choosing a Goody Hut Type
6, 55, 47, 2706592417, sync, Choosing a Sub Type
6, 6, 2, 3710741702, sync, Choosing random tech boost to grant based on era
6, 100, 75, 1788859527, sync, Rolling for chance to discover a Secret Society
6, 100, 50, 3224948660, sync, Rolling for chance to discover a Secret Society
6, 100, 68, 2159114205, sync, Rolling for chance to discover a Secret Society
6, 235, 163, 2953023314, sync, Random River
6, 3600, 3591, 2996515363, sync, Choosing a Goody Hut Type
6, 35, 24, 4285346592, sync, Choosing a Sub Type
6, 234, 207, 2983376089, sync, Random River
7, 25, 10, 3802615454, sync, Active Volcano Roll
7, 3352, 3086, 1734659455, sync, Random Event Roll
7, 1157, 181, 3955384652, sync, Pick Storm Start Plot
7, 5, 3, 674284949, sync, Storm Direction Preview
7, 37, 22, 2671097514, sync, Choosing a Citizen Name
7, 100, 86, 2567094939, sync, Pillage Improvement Chance
7, 100, 85, 3696903736, sync, Pillage Improvement Chance
7, 100, 38, 3676644881, sync, Pillage Improvement Chance
7, 100, 3, 1653642102, sync, Pillage Improvement Chance
7, 100, 96, 130084215, sync, Pillage Improvement Chance
7, 100, 51, 4136209892, sync, Pillage Improvement Chance
7, 100, 26, 2217022029, sync, Pillage Improvement Chance
7, 100, 26, 1139437826, sync, Pillage Improvement Chance
7, 100, 74, 1120725523, sync, Pillage Improvement Chance
7, 100, 1, 3192104016, sync, Pillage Improvement Chance
7, 100, 16, 79529545, sync, Pillage Improvement Chance
7, 100, 8, 689085262, sync, Pillage Improvement Chance
7, 100, 25, 345117807, sync, Pillage Improvement Chance
7, 100, 18, 1095153020, sync, Pillage Improvement Chance
7, 100, 95, 810499589, sync, Pillage Improvement Chance
7, 100, 34, 4085325402, sync, Pillage Improvement Chance
7, 100, 78, 1490389131, sync, Pillage Improvement Chance
7, 100, 45, 3372723560, sync, Pillage Improvement Chance
7, 100, 44, 1972024705, sync, Pillage Improvement Chance
7, 100, 9, 1914881574, sync, Pillage Improvement Chance
7, 100, 74, 412230247, sync, Pillage Improvement Chance
7, 100, 63, 3210622996, sync, Pillage Improvement Chance
7, 100, 64, 2745968829, sync, Pillage Improvement Chance
7, 100, 52, 2749701810, sync, Pillage Improvement Chance
7, 100, 19, 2274655747, sync, Pillage Improvement Chance
7, 100, 77, 837861760, sync, Pillage Improvement Chance
7, 100, 58, 3346502585, sync, Pillage Improvement Chance
7, 100, 24, 2533520382, sync, Pillage Improvement Chance
7, 100, 12, 1071052639, sync, Pillage Improvement Chance
7, 100, 85, 543192492, sync, Pillage Improvement Chance
7, 100, 94, 3690246773, sync, Pillage Improvement Chance
7, 100, 83, 4044214794, sync, Pillage Improvement Chance
7, 100, 50, 3600657019, sync, Pillage Improvement Chance
7, 100, 79, 2167750808, sync, Pillage Improvement Chance
7, 100, 92, 3404398833, sync, Pillage Improvement Chance
7, 1, 0, 3955164374, sync, GetNextBuyablePlot picker
7, 1, 0, 2807198551, sync, GetNextBuyablePlot picker
7, 1, 0, 2844380740, sync, GetNextBuyablePlot picker
7, 1, 0, 4179475245, sync, GetNextBuyablePlot picker
7, 8, 3, 1384028258, sync, Random Direction
7, 37, 19, 1881206259, sync, Choosing a Citizen Name
7, 36, 12, 2205649584, sync, Choosing a Citizen Name
7, 35, 27, 1514659113, sync, Choosing a Citizen Name
7, 1, 0, 3434207406, sync, GetNextBuyablePlot picker
7, 233, 174, 475166287, sync, Random River
7, 4800, 3765, 3208815068, sync, Choosing a Goody Hut Type
7, 35, 17, 3369607909, sync, Choosing a Sub Type
7, 100, 84, 2160513466, sync, Rolling for chance to discover a Secret Society
7, 100, 91, 3630835819, sync, Rolling for chance to discover a Secret Society
7, 100, 11, 3947233224, sync, Rolling for chance to discover a Secret Society
7, 100, 85, 493684833, sync, Rolling for chance to discover a Secret Society
7, 1, 0, 3691007878, sync, GetNextBuyablePlot picker
7, 1, 0, 1275125831, sync, Random River
7, 1, 0, 513757300, sync, GetNextBuyablePlot picker
7, 8, 0, 1108396445, sync, Random Direction
7, 8, 4, 184671762, sync, Random Direction
7, 1, 0, 2506176995, sync, GetNextBuyablePlot picker
7, 6, 1, 2728067040, sync, Random Direction
7, 1, 0, 1026908825, sync, Random Direction
7, 1, 0, 1864091998, sync, GetNextBuyablePlot picker
7, 11, 8, 1659081023, sync, Random Direction
7, 6, 5, 3336583692, sync, Random Direction
7, 2, 0, 4033908565, sync, GetNextBuyablePlot picker
7, 7, 1, 475471210, sync, Random Direction
7, 8, 6, 1175061083, sync, Random Direction
7, 1, 0, 3428641528, sync, GetNextBuyablePlot picker
7, 11, 1, 116902865, sync, Random Direction
7, 7, 0, 742499894, sync, Random Direction
7, 1, 0, 475818295, sync, GetNextBuyablePlot picker
7, 7, 2, 2465316516, sync, Random Direction
7, 6, 2, 1339839501, sync, Random Direction
7, 3, 0, 1903816642, sync, GetNextBuyablePlot picker
7, 11, 5, 704930259, sync, Random Direction
7, 8, 4, 1977491728, sync, Random Direction
7, 1, 0, 2147951625, sync, GetNextBuyablePlot picker
7, 10, 2, 3623568910, sync, Random Direction
7, 9, 4, 1110001711, sync, Random Direction
7, 1, 0, 2196520508, sync, GetNextBuyablePlot picker
7, 5, 2, 401930181, sync, Random Direction
7, 8, 0, 2116662554, sync, Random Direction
7, 1, 0, 420231243, sync, GetNextBuyablePlot picker
7, 7, 6, 4166844968, sync, Random Direction
7, 6, 1, 3912387393, sync, Random Direction
7, 1, 0, 1386088678, sync, GetNextBuyablePlot picker
7, 2, 1, 2615414311, sync, GetNextBuyablePlot picker
7, 1, 0, 3046381780, sync, GetNextBuyablePlot picker
7, 2, 1, 2006407805, sync, GetNextBuyablePlot picker
7, 232, 212, 3266432370, sync, Random River
7, 4, 0, 3933824451, sync, Random Sea
7, 5, 0, 176418368, sync, Random Lake Range
7, 231, 178, 843325817, sync, Random River
7, 230, 70, 3318435518, sync, Random River
7, 3600, 250, 1317182239, sync, Choosing a Goody Hut Type
7, 55, 13, 299478636, sync, Choosing a Sub Type
7, 5, 1, 1079794741, sync, Choosing random civic boost to grant based on era
7, 3600, 1079, 1365874890, sync, Choosing a Goody Hut Type
7, 55, 27, 1287637563, sync, Choosing a Sub Type
7, 229, 83, 2179548504, sync, Random River
7, 3200, 24, 1568900785, sync, Choosing a Goody Hut Type
7, 55, 36, 32536470, sync, Choosing a Sub Type
7, 4, 2, 2882981655, sync, Choosing random civic boost to grant based on era
7, 1, 0, 2690211588, sync, Random Lake Range
7, 3200, 1652, 35183853, sync, Choosing a Goody Hut Type
7, 55, 2, 2218030882, sync, Choosing a Sub Type
7, 228, 175, 217007539, sync, Random River
8, 5, 4, 3297732464, sync, Storm Direction
8, 100, 4, 3543358185, sync, Pillage Improvement Chance
8, 100, 44, 197583726, sync, Pillage Improvement Chance
8, 100, 58, 1913555471, sync, Pillage Improvement Chance
8, 100, 8, 2497415836, sync, Pillage Improvement Chance
8, 100, 88, 375241893, sync, Pillage Improvement Chance
8, 100, 80, 3791767674, sync, Pillage Improvement Chance
8, 100, 91, 3459495979, sync, Pillage Improvement Chance
8, 100, 64, 3932468360, sync, Pillage Improvement Chance
8, 100, 85, 2769452577, sync, Pillage Improvement Chance
8, 100, 48, 3654545990, sync, Pillage Improvement Chance
8, 100, 3, 2066983943, sync, Pillage Improvement Chance
8, 100, 60, 131371316, sync, Pillage Improvement Chance
8, 100, 20, 2616712029, sync, Pillage Improvement Chance
8, 100, 19, 877456594, sync, Pillage Improvement Chance
8, 100, 55, 827654563, sync, Pillage Improvement Chance
8, 100, 75, 2395180192, sync, Pillage Improvement Chance
8, 100, 25, 3252408409, sync, Pillage Improvement Chance
8, 100, 86, 1105789982, sync, Pillage Improvement Chance
8, 100, 37, 3702265087, sync, Pillage Improvement Chance
8, 100, 38, 1608831692, sync, Pillage Improvement Chance
8, 100, 79, 1651513621, sync, Pillage Improvement Chance
8, 100, 42, 3432858666, sync, Pillage Improvement Chance
8, 100, 32, 1815544347, sync, Pillage Improvement Chance
8, 100, 9, 1374834616, sync, Pillage Improvement Chance
8, 100, 8, 415642001, sync, Pillage Improvement Chance
8, 100, 46, 379812086, sync, Pillage Improvement Chance
8, 100, 41, 1991877879, sync, Pillage Improvement Chance
8, 100, 77, 1800974180, sync, Pillage Improvement Chance
8, 100, 97, 3314243021, sync, Pillage Improvement Chance
8, 100, 31, 4194709122, sync, Pillage Improvement Chance
8, 100, 4, 1364826515, sync, Pillage Improvement Chance
8, 100, 67, 178478544, sync, Pillage Improvement Chance
8, 100, 45, 2902753737, sync, Pillage Improvement Chance
8, 100, 95, 1961668814, sync, Pillage Improvement Chance
8, 100, 16, 4093262831, sync, Pillage Improvement Chance
8, 5, 2, 698910460, sync, Storm Direction
8, 100, 68, 2026533253, sync, Pillage Improvement Chance
8, 100, 77, 2930183130, sync, Pillage Improvement Chance
8, 100, 65, 3344476171, sync, Pillage Improvement Chance
8, 100, 59, 2809468648, sync, Pillage Improvement Chance
8, 100, 25, 2571477249, sync, Pillage Improvement Chance
8, 100, 22, 1098517414, sync, Pillage Improvement Chance
8, 100, 26, 954710503, sync, Pillage Improvement Chance
8, 100, 26, 1157151124, sync, Pillage Improvement Chance
8, 100, 33, 1122651197, sync, Pillage Improvement Chance
8, 100, 68, 1428896818, sync, Pillage Improvement Chance
8, 100, 75, 2959871363, sync, Pillage Improvement Chance
8, 100, 1, 3228687104, sync, Pillage Improvement Chance
8, 100, 83, 53767993, sync, Pillage Improvement Chance
8, 100, 26, 3595364734, sync, Pillage Improvement Chance
8, 100, 23, 1129840351, sync, Pillage Improvement Chance
8, 5, 3, 999925548, sync, Storm Direction
8, 100, 83, 2841888245, sync, Pillage Improvement Chance
8, 100, 25, 3595181962, sync, Pillage Improvement Chance
8, 100, 84, 1105701371, sync, Pillage Improvement Chance
8, 100, 99, 3633318424, sync, Pillage Improvement Chance
8, 100, 87, 4277652593, sync, Pillage Improvement Chance
8, 100, 47, 3761416790, sync, Pillage Improvement Chance
8, 100, 22, 2046618327, sync, Pillage Improvement Chance
8, 100, 54, 965193668, sync, Pillage Improvement Chance
8, 100, 80, 2347482797, sync, Pillage Improvement Chance
8, 100, 79, 3460765154, sync, Pillage Improvement Chance
8, 100, 30, 3418054003, sync, Pillage Improvement Chance
8, 100, 38, 1328677936, sync, Pillage Improvement Chance
8, 100, 42, 1655871657, sync, Pillage Improvement Chance
8, 100, 42, 1816440366, sync, Pillage Improvement Chance
8, 100, 63, 1810128335, sync, Pillage Improvement Chance
8, 5, 3, 2716545884, sync, Storm Direction
8, 100, 94, 2951943781, sync, Pillage Improvement Chance
8, 100, 93, 4067524410, sync, Pillage Improvement Chance
8, 100, 0, 4025681899, sync, Pillage Improvement Chance
8, 100, 53, 27666760, sync, Pillage Improvement Chance
8, 100, 14, 2315498465, sync, Pillage Improvement Chance
8, 100, 99, 627594502, sync, Pillage Improvement Chance
8, 100, 28, 4294457287, sync, Pillage Improvement Chance
8, 100, 23, 1217958388, sync, Pillage Improvement Chance
8, 100, 65, 1009167645, sync, Pillage Improvement Chance
8, 100, 28, 2795813778, sync, Pillage Improvement Chance
8, 100, 61, 1245088099, sync, Pillage Improvement Chance
8, 100, 3, 2628180320, sync, Pillage Improvement Chance
8, 100, 75, 159776281, sync, Pillage Improvement Chance
8, 100, 8, 3251568350, sync, Pillage Improvement Chance
8, 100, 35, 343824575, sync, Pillage Improvement Chance
8, 5, 0, 1536174988, sync, Storm Direction
8, 100, 76, 602890965, sync, Pillage Improvement Chance
8, 100, 52, 3267898090, sync, Pillage Improvement Chance
8, 100, 61, 2269757915, sync, Pillage Improvement Chance
8, 100, 32, 2648339576, sync, Pillage Improvement Chance
8, 100, 62, 1380996945, sync, Pillage Improvement Chance
8, 100, 55, 2692090806, sync, Pillage Improvement Chance
8, 100, 98, 2392367287, sync, Pillage Improvement Chance
8, 100, 51, 4236140580, sync, Pillage Improvement Chance
8, 100, 53, 2196903821, sync, Pillage Improvement Chance
8, 100, 92, 2286890306, sync, Pillage Improvement Chance
8, 100, 2, 3968635219, sync, Pillage Improvement Chance
8, 100, 27, 89348752, sync, Pillage Improvement Chance
8, 100, 58, 1165336457, sync, Pillage Improvement Chance
8, 100, 85, 2527517582, sync, Pillage Improvement Chance
8, 100, 53, 3653562287, sync, Pillage Improvement Chance
8, 5, 4, 2319159228, sync, Storm Direction
8, 100, 78, 3901729605, sync, Pillage Improvement Chance
8, 100, 31, 3350799002, sync, Pillage Improvement Chance
8, 100, 71, 1333450699, sync, Pillage Improvement Chance
8, 100, 71, 3071273896, sync, Pillage Improvement Chance
8, 100, 92, 3078928065, sync, Pillage Improvement Chance
8, 100, 84, 3983986278, sync, Pillage Improvement Chance
8, 100, 60, 3613205927, sync, Pillage Improvement Chance
8, 100, 57, 2588678740, sync, Pillage Improvement Chance
8, 100, 21, 2472869373, sync, Pillage Improvement Chance
8, 100, 48, 907111154, sync, Pillage Improvement Chance
8, 5, 2, 2100065603, sync, Storm Direction
8, 100, 89, 2356840384, sync, Pillage Improvement Chance
8, 100, 55, 3825761529, sync, Pillage Improvement Chance
8, 100, 24, 2403812414, sync, Pillage Improvement Chance
8, 100, 63, 1041703583, sync, Pillage Improvement Chance
8, 100, 61, 2724225004, sync, Pillage Improvement Chance
8, 100, 94, 2630545333, sync, Pillage Improvement Chance
8, 100, 6, 4067386954, sync, Pillage Improvement Chance
8, 100, 8, 299190715, sync, Pillage Improvement Chance
8, 100, 81, 367627992, sync, Pillage Improvement Chance
8, 100, 39, 3506950705, sync, Pillage Improvement Chance
8, 100, 41, 1699061014, sync, Pillage Improvement Chance
8, 100, 31, 1770309271, sync, Pillage Improvement Chance
8, 100, 7, 1372897412, sync, Pillage Improvement Chance
8, 100, 23, 341205101, sync, Pillage Improvement Chance
8, 100, 75, 997618850, sync, Pillage Improvement Chance
8, 5, 0, 3225761075, sync, Storm Direction
8, 100, 63, 203383024, sync, Pillage Improvement Chance
8, 100, 89, 2726663785, sync, Pillage Improvement Chance
8, 100, 59, 3840620782, sync, Pillage Improvement Chance
8, 100, 60, 2576609679, sync, Pillage Improvement Chance
8, 100, 4, 2603719708, sync, Pillage Improvement Chance
8, 100, 33, 190328869, sync, Pillage Improvement Chance
8, 100, 3, 1423308282, sync, Pillage Improvement Chance
8, 100, 44, 157816747, sync, Pillage Improvement Chance
8, 100, 86, 1909087752, sync, Pillage Improvement Chance
8, 100, 80, 3724585377, sync, Pillage Improvement Chance
8, 100, 63, 3447551942, sync, Pillage Improvement Chance
8, 100, 42, 2718860167, sync, Pillage Improvement Chance
8, 100, 56, 1839944372, sync, Pillage Improvement Chance
8, 100, 61, 2422030045, sync, Pillage Improvement Chance
8, 100, 38, 2630437458, sync, Pillage Improvement Chance
8, 5, 1, 1673908515, sync, Storm Direction
8, 5, 3, 1694819872, sync, Storm Direction Preview
8, 25, 2, 2650008537, sync, Active Volcano Roll
8, 3758, 148, 361609630, sync, Random Event Roll
8, 100, 11, 169499775, sync, Pillage Improvement Chance
8, 100, 60, 513950796, sync, Pillage Improvement Chance
8, 100, 81, 2595122325, sync, Pillage Improvement Chance
8, 100, 82, 3516387754, sync, Pillage Improvement Chance
8, 100, 62, 3540140443, sync, Pillage Improvement Chance
8, 100, 70, 2698336568, sync, Pillage Improvement Chance
8, 100, 3, 3042327825, sync, Boosted Yield Chance
8, 100, 60, 142171766, sync, Boosted Yield Chance
8, 100, 51, 2612616311, sync, Boosted Yield Chance
8, 100, 89, 2200096996, sync, Boosted Yield Chance
8, 100, 52, 3855653197, sync, Boosted Yield Chance
8, 100, 93, 2266295298, sync, Boosted Yield Chance
8, 100, 68, 4015868179, sync, Boosted Yield Chance
8, 100, 76, 2930644816, sync, Boosted Yield Chance
8, 100, 57, 3273293129, sync, Boosted Yield Chance
8, 1, 0, 2481571406, sync, GetNextBuyablePlot picker
8, 1, 0, 1665753967, sync, GetNextBuyablePlot picker
8, 9, 6, 3110426748, sync, Random Direction
8, 4000, 3189, 3171198213, sync, Choosing a Goody Hut Type
8, 35, 12, 3424647514, sync, Choosing a Sub Type
8, 1, 0, 1563608971, sync, GetNextBuyablePlot picker
8, 1, 0, 3354230888, sync, GetNextBuyablePlot picker
8, 1, 0, 900697217, sync, GetNextBuyablePlot picker
8, 4400, 533, 3310637350, sync, Choosing a Goody Hut Type
8, 55, 34, 520376679, sync, Choosing a Sub Type
8, 3, 2, 2723035924, sync, Choosing random civic boost to grant based on era
8, 10, 0, 3066523581, sync, Random Direction
8, 1, 0, 2382258, sync, GetNextBuyablePlot picker
8, 10, 4, 3027934467, sync, Random Direction
8, 1, 0, 1734210688, sync, GetNextBuyablePlot picker
8, 1, 0, 1048595129, sync, GetNextBuyablePlot picker
8, 9, 1, 2004508414, sync, Random Direction
8, 8, 0, 511706719, sync, Random Direction
8, 1, 0, 183359660, sync, GetNextBuyablePlot picker
8, 6, 5, 1615976821, sync, Random Direction
8, 1, 0, 3633933578, sync, Random Direction
8, 1, 0, 3628640635, sync, GetNextBuyablePlot picker
8, 9, 6, 2327171992, sync, Random Direction
8, 7, 1, 3044251633, sync, Random Direction
8, 2, 1, 803819478, sync, GetNextBuyablePlot picker
8, 7, 3, 2452513367, sync, Random Direction
8, 2, 1, 2248184132, sync, Random Direction
8, 1, 0, 3642278445, sync, GetNextBuyablePlot picker
8, 8, 5, 2525139810, sync, Random Direction
8, 8, 5, 3192704243, sync, Random Direction
8, 1, 0, 2753002928, sync, GetNextBuyablePlot picker
8, 6, 1, 3966522409, sync, Random Direction
8, 7, 2, 746226606, sync, Random Direction
8, 3, 2, 1256015183, sync, GetNextBuyablePlot picker
8, 14, 5, 4117677276, sync, Random Direction
8, 4, 1, 1582107109, sync, Random Direction
8, 1, 0, 1810836666, sync, GetNextBuyablePlot picker
8, 9, 2, 2790451051, sync, Random Direction
8, 9, 4, 999379656, sync, Random Direction
8, 1, 0, 1925799777, sync, GetNextBuyablePlot picker
8, 6, 5, 2698205830, sync, Random Direction
8, 6, 4, 3912666951, sync, Random Direction
8, 1, 0, 3284980596, sync, GetNextBuyablePlot picker
8, 4, 0, 3327889565, sync, Random Direction
8, 5, 3, 293247250, sync, Random Direction
8, 1, 0, 3250772195, sync, GetNextBuyablePlot picker
8, 2, 1, 1084076768, sync, GetNextBuyablePlot picker
8, 1, 0, 3370490265, sync, GetNextBuyablePlot picker
8, 1, 0, 602223710, sync, GetNextBuyablePlot picker
8, 3400, 2734, 2101354559, sync, Choosing a Goody Hut Type
8, 35, 32, 3453689100, sync, Choosing a Sub Type
8, 3600, 1965, 3966580309, sync, Choosing a Goody Hut Type
8, 55, 16, 2345416810, sync, Choosing a Sub Type
8, 3200, 145, 1260421467, sync, Choosing a Goody Hut Type
8, 55, 0, 195231224, sync, Choosing a Sub Type
8, 5, 1, 60285649, sync, Choosing random civic boost to grant based on era
8, 227, 132, 1299018038, sync, Random River
8, 3000, 2953, 2514212919, sync, Choosing a Goody Hut Type
8, 35, 1, 4228252068, sync, Choosing a Sub Type
9, 5, 0, 199678733, sync, Storm Direction
9, 100, 5, 555182786, sync, Pillage Improvement Chance
9, 100, 6, 227262675, sync, Pillage Improvement Chance
9, 100, 37, 259232784, sync, Pillage Improvement Chance
9, 100, 51, 1605573385, sync, Pillage Improvement Chance
9, 100, 75, 2205511950, sync, Pillage Improvement Chance
9, 100, 54, 3225917231, sync, Pillage Improvement Chance
9, 100, 4, 2347098428, sync, Pillage Improvement Chance
9, 100, 49, 199843525, sync, Pillage Improvement Chance
9, 100, 36, 2124124186, sync, Pillage Improvement Chance
9, 100, 22, 1547728715, sync, Pillage Improvement Chance
9, 100, 77, 986567976, sync, Pillage Improvement Chance
9, 100, 96, 3313902145, sync, Pillage Improvement Chance
9, 100, 46, 4157772774, sync, Pillage Improvement Chance
9, 100, 3, 2006793511, sync, Pillage Improvement Chance
9, 100, 72, 163519444, sync, Pillage Improvement Chance
9, 5, 0, 3134300541, sync, Storm Direction
9, 100, 47, 237242482, sync, Pillage Improvement Chance
9, 100, 3, 2048296131, sync, Pillage Improvement Chance
9, 100, 23, 165421376, sync, Pillage Improvement Chance
9, 100, 83, 1012652153, sync, Pillage Improvement Chance
9, 100, 51, 3584440766, sync, Pillage Improvement Chance
9, 100, 97, 2220010015, sync, Boosted Yield Chance
9, 100, 97, 4194439532, sync, Pillage Improvement Chance
9, 100, 48, 4189618997, sync, Pillage Improvement Chance
9, 100, 44, 2072523722, sync, Pillage Improvement Chance
9, 100, 28, 1895942459, sync, Pillage Improvement Chance
9, 100, 30, 1203034200, sync, Pillage Improvement Chance
9, 100, 62, 1308302769, sync, Pillage Improvement Chance
9, 100, 79, 2665333398, sync, Pillage Improvement Chance
9, 100, 19, 3417947671, sync, Pillage Improvement Chance
9, 100, 84, 852173316, sync, Pillage Improvement Chance
9, 100, 41, 3623019501, sync, Pillage Improvement Chance
9, 100, 34, 1781232162, sync, Boosted Yield Chance
9, 5, 2, 1502749875, sync, Storm Direction
9, 100, 35, 2145016432, sync, Pillage Improvement Chance
9, 100, 72, 1512493545, sync, Pillage Improvement Chance
9, 100, 56, 3115486830, sync, Pillage Improvement Chance
9, 100, 89, 2407553295, sync, Pillage Improvement Chance
9, 100, 61, 3848449436, sync, Pillage Improvement Chance
9, 100, 35, 2660344741, sync, Pillage Improvement Chance
9, 100, 7, 1518150522, sync, Pillage Improvement Chance
9, 100, 12, 309557035, sync, Pillage Improvement Chance
9, 100, 85, 532350856, sync, Pillage Improvement Chance
9, 100, 18, 3659388193, sync, Pillage Improvement Chance
9, 100, 11, 774503750, sync, Boosted Yield Chance
9, 100, 34, 489708295, sync, Pillage Improvement Chance
9, 100, 79, 1472009268, sync, Pillage Improvement Chance
9, 100, 74, 3420562013, sync, Pillage Improvement Chance
9, 100, 40, 3212355538, sync, Pillage Improvement Chance
9, 100, 28, 1743626403, sync, Pillage Improvement Chance
9, 100, 57, 1211187104, sync, Boosted Yield Chance
9, 5, 2, 2484799321, sync, Storm Direction
9, 100, 92, 2476044062, sync, Pillage Improvement Chance
9, 100, 30, 3987710975, sync, Pillage Improvement Chance
9, 100, 99, 1308276172, sync, Pillage Improvement Chance
9, 100, 26, 4276862997, sync, Pillage Improvement Chance
9, 100, 66, 1143299882, sync, Pillage Improvement Chance
9, 100, 30, 2875490587, sync, Boosted Yield Chance
9, 100, 74, 1325621944, sync, Pillage Improvement Chance
9, 100, 17, 3201648785, sync, Pillage Improvement Chance
9, 100, 20, 772948982, sync, Pillage Improvement Chance
9, 100, 14, 885003255, sync, Pillage Improvement Chance
9, 100, 82, 602403428, sync, Pillage Improvement Chance
9, 100, 25, 3539262669, sync, Boosted Yield Chance
9, 100, 72, 1092004226, sync, Pillage Improvement Chance
9, 100, 93, 3134716051, sync, Pillage Improvement Chance
9, 100, 8, 4033073360, sync, Pillage Improvement Chance
9, 100, 23, 352286921, sync, Pillage Improvement Chance
9, 100, 87, 1007279054, sync, Pillage Improvement Chance
9, 100, 58, 3766455023, sync, Boosted Yield Chance
9, 5, 3, 2524785148, sync, Storm Direction
9, 5, 1, 2868762757, sync, Storm Direction Preview
9, 25, 11, 1642850010, sync, Active Volcano Roll
9, 3752, 709, 2019813131, sync, Random Event Roll
9, 100, 84, 812706280, sync, Pillage Improvement Chance
9, 100, 45, 3637016577, sync, Pillage Improvement Chance
9, 100, 3, 1941018278, sync, Pillage Improvement Chance
9, 100, 23, 149416167, sync, Pillage Improvement Chance
9, 100, 42, 1029618836, sync, Pillage Improvement Chance
9, 100, 47, 1833145149, sync, Pillage Improvement Chance
9, 100, 69, 2060482354, sync, Boosted Yield Chance
9, 100, 92, 2982161539, sync, Boosted Yield Chance
9, 100, 77, 3971288576, sync, Boosted Yield Chance
9, 100, 68, 3344639545, sync, Boosted Yield Chance
9, 100, 80, 2961888382, sync, Boosted Yield Chance
9, 100, 70, 3478064607, sync, Boosted Yield Chance
9, 100, 18, 3025996332, sync, Boosted Yield Chance
9, 100, 55, 784264437, sync, Boosted Yield Chance
9, 100, 46, 2382084746, sync, Boosted Yield Chance
9, 1, 0, 2009114875, sync, GetNextBuyablePlot picker
9, 1, 0, 497458456, sync, GetNextBuyablePlot picker
9, 10, 8, 4234044273, sync, Random Direction
9, 8, 5, 3504534870, sync, Random Ocean
9, 37, 16, 2917587415, sync, Choosing a Citizen Name
9, 36, 29, 1962177220, sync, Choosing a Citizen Name
9, 35, 0, 3466905005, sync, Choosing a Citizen Name
9, 34, 30, 19992802, sync, Choosing a Citizen Name
9, 1, 0, 3855957107, sync, GetNextBuyablePlot picker
9, 1, 0, 3358062384, sync, GetNextBuyablePlot picker
9, 4000, 3051, 3312783273, sync, Choosing a Goody Hut Type
9, 60, 12, 3277019438, sync, Choosing a Sub Type
9, 6, 2, 926756047, sync, Random Direction
9, 34, 17, 1607292508, sync, Choosing a Citizen Name
9, 1, 0, 2179333477, sync, GetNextBuyablePlot picker
9, 226, 79, 54516282, sync, Random River
9, 4400, 2733, 1502201579, sync, Choosing a Goody Hut Type
9, 55, 21, 2668067912, sync, Choosing a Sub Type
9, 3, 2, 1706953441, sync, Choosing random tech boost to grant based on era
9, 34, 9, 3292618758, sync, Choosing a Citizen Name
9, 1, 0, 1169942215, sync, GetNextBuyablePlot picker
9, 225, 69, 4131132660, sync, Random River
9, 4800, 628, 1320121373, sync, Choosing a Goody Hut Type
9, 55, 5, 562263698, sync, Choosing a Sub Type
9, 2, 0, 436611171, sync, Choosing random civic boost to grant based on era
9, 100, 78, 1417645152, sync, Rolling for chance to discover a Secret Society
9, 100, 79, 3377739033, sync, Rolling for chance to discover a Secret Society
9, 100, 60, 3411962334, sync, Rolling for chance to discover a Secret Society
9, 100, 26, 2603149247, sync, Rolling for chance to discover a Secret Society
9, 36, 16, 1136725644, sync, Choosing a Citizen Name
9, 1, 0, 2011826645, sync, GetNextBuyablePlot picker
9, 9, 3, 224609770, sync, Random Direction
9, 7, 4, 1871593691, sync, Random Direction
9, 1, 0, 2612430712, sync, GetNextBuyablePlot picker
9, 6, 0, 684617297, sync, Random Direction
9, 1, 0, 690476726, sync, Random Direction
9, 1, 0, 4029026231, sync, GetNextBuyablePlot picker
9, 9, 7, 2005443364, sync, Random Direction
9, 4, 2, 3636108941, sync, Random Direction
9, 2, 0, 2446501954, sync, GetNextBuyablePlot picker
9, 7, 5, 721547347, sync, Random Direction
9, 8, 4, 3661548944, sync, Random Direction
9, 1, 0, 2629801609, sync, GetNextBuyablePlot picker
9, 10, 4, 1416038030, sync, Random Direction
9, 6, 1, 1940995759, sync, Random Direction
9, 1, 0, 770388668, sync, GetNextBuyablePlot picker
9, 7, 5, 805442117, sync, Random Direction
9, 6, 3, 3100704154, sync, Random Direction
9, 3, 1, 2640123595, sync, GetNextBuyablePlot picker
9, 8, 5, 2308357800, sync, Random Direction
9, 9, 8, 2704707009, sync, Random Direction
9, 2, 1, 3887159654, sync, GetNextBuyablePlot picker
9, 8, 3, 3131331751, sync, Random Direction
9, 9, 3, 1777147220, sync, Random Direction
9, 1, 0, 1541227773, sync, GetNextBuyablePlot picker
9, 11, 10, 552183282, sync, Random Direction
9, 9, 2, 4281832515, sync, Random Direction
9, 1, 0, 1219017408, sync, GetNextBuyablePlot picker
9, 9, 7, 2302555129, sync, Random Direction
9, 7, 0, 3471322942, sync, Random Direction
9, 1, 0, 523579807, sync, GetNextBuyablePlot picker
9, 2, 1, 1052689132, sync, GetNextBuyablePlot picker
9, 1, 0, 2233800373, sync, GetNextBuyablePlot picker
9, 1, 0, 2192834890, sync, GetNextBuyablePlot picker
9, 224, 137, 1212500155, sync, Random River
9, 3000, 2652, 2638946776, sync, Choosing a Goody Hut Type
9, 35, 22, 3797772593, sync, Choosing a Sub Type
9, 4, 2, 2763581462, sync, Random Sea
9, 7, 1, 2423633303, sync, Random Ocean
9, 6, 1, 691831684, sync, Random Ocean
9, 6, 2, 988702573, sync, Selecting a random new quest
9, 5, 2, 1716744098, sync, Choosing random district type for Zone District quest
9, 6, 2, 1993741363, sync, Selecting a random new quest
9, 5, 3, 1707103216, sync, Choosing random district type for Zone District quest
9, 6, 1, 3356953961, sync, Selecting a random new quest
9, 4, 3, 1075635182, sync, Choosing random unit type for Train Unit quest
9, 6, 0, 3520315535, sync, Selecting a random new quest
9, 37, 18, 426688284, sync, Choosing a Citizen Name
9, 1, 0, 2114590501, sync, Random Sea
9, 4, 1, 150425850, sync, Random Lake Range
9, 9, 8, 1196807851, sync, Random Direction
9, 37, 5, 4197888264, sync, Choosing a Citizen Name
9, 36, 16, 661258401, sync, Choosing a Citizen Name
9, 35, 5, 1910080198, sync, Choosing a Citizen Name
9, 34, 5, 714683015, sync, Choosing a Citizen Name
9, 37, 27, 738842036, sync, Choosing a Citizen Name
1, 45, 24, 2421795080, sync, Choose random civilization
1, 1, 0, 2346555553, sync, Choose random civilization/leader combo
1, 44, 4, 4284562118, sync, Choose random civilization
1, 1, 0, 393382535, sync, Choose random civilization/leader combo
1, 43, 13, 1298419124, sync, Choose random civilization
1, 2, 0, 1352277469, sync, Choose random civilization/leader combo
1, 42, 40, 2091269458, sync, Choose random civilization
1, 1, 0, 4175644707, sync, Choose random civilization/leader combo
1, 41, 33, 3872559392, sync, Choose random civilization
1, 1, 0, 3466574553, sync, Choose random civilization/leader combo
1, 42, 14, 1103551646, sync, Unknown
1, 41, 31, 1494762367, sync, Unknown
1, 40, 36, 3340738380, sync, Unknown
1, 39, 35, 3955764117, sync, Unknown
1, 38, 16, 3955238058, sync, Unknown
1, 37, 5, 1903663259, sync, Unknown
1, 36, 12, 592274488, sync, Unknown
1, 35, 25, 1473047569, sync, Unknown
1, 34, 12, 3092504950, sync, Unknown
1, 33, 32, 1638736759, sync, Unknown
1, 32, 21, 4237331428, sync, Unknown
1, 31, 21, 2860726349, sync, Unknown
1, 30, 20, 2912198402, sync, Unknown
1, 29, 16, 2923855891, sync, Unknown
1, 28, 4, 2428273232, sync, Unknown
1, 27, 18, 702024777, sync, Unknown
1, 26, 1, 2922490190, sync, Unknown
1, 25, 9, 219089519, sync, Unknown
1, 24, 22, 1701802876, sync, Unknown
1, 23, 12, 4086047749, sync, Unknown
1, 22, 13, 2256735322, sync, Unknown
1, 21, 17, 2603343499, sync, Unknown
1, 20, 0, 3657321320, sync, Unknown
1, 19, 14, 112196481, sync, Unknown
1, 18, 6, 3193279526, sync, Unknown
1, 17, 15, 1492637799, sync, Unknown
1, 16, 6, 3961566740, sync, Unknown
1, 15, 10, 1759497917, sync, Unknown
1, 14, 7, 3145125042, sync, Unknown
1, 13, 7, 2275382275, sync, Unknown
1, 12, 4, 2606571392, sync, Unknown
1, 11, 5, 1665112505, sync, Unknown
1, 10, 2, 2164326910, sync, Unknown
1, 9, 0, 1149070687, sync, Unknown
1, 8, 4, 389329836, sync, Unknown
1, 7, 0, 2469861493, sync, Unknown
1, 6, 2, 392642570, sync, Unknown
1, 5, 3, 2117435515, sync, Unknown
1, 4, 1, 2752470680, sync, Unknown
1, 3, 1, 1257096945, sync, Unknown
1, 2, 0, 1765888726, sync, Unknown
1, 1, 0, 529639767, sync, Unknown
1, 42, 20, 3806841924, sync, Unknown
1, 41, 5, 2105991469, sync, Unknown
1, 40, 1, 551011938, sync, Unknown
1, 39, 35, 203260915, sync, Unknown
1, 38, 7, 3887556784, sync, Unknown
1, 37, 30, 857563945, sync, Unknown
1, 36, 10, 3530548910, sync, Unknown
1, 35, 10, 1250061391, sync, Unknown
1, 34, 8, 1252155356, sync, Unknown
1, 33, 16, 1082132709, sync, Unknown
1, 32, 15, 2136457146, sync, Unknown
1, 31, 3, 2023980651, sync, Unknown
1, 30, 22, 535010760, sync, Unknown
1, 29, 6, 3199028833, sync, Unknown
1, 28, 11, 1035083142, sync, Unknown
1, 27, 13, 1702467143, sync, Unknown
1, 26, 12, 2188955252, sync, Unknown
1, 25, 14, 2114940829, sync, Unknown
1, 24, 10, 2432863250, sync, Unknown
1, 23, 2, 1823428579, sync, Unknown
1, 22, 9, 495869408, sync, Unknown
1, 21, 15, 1903716505, sync, Unknown
1, 20, 18, 3212400478, sync, Unknown
1, 19, 16, 4026337087, sync, Unknown
1, 18, 14, 3769333772, sync, Unknown
1, 17, 3, 3437098325, sync, Unknown
1, 16, 0, 805276522, sync, Unknown
1, 15, 11, 172283995, sync, Unknown
1, 14, 4, 3399354616, sync, Unknown
1, 13, 7, 1406505425, sync, Unknown
1, 12, 4, 2634216502, sync, Unknown
1, 11, 5, 1483644727, sync, Unknown
1, 10, 0, 1999027364, sync, Unknown
1, 9, 5, 332429837, sync, Unknown
1, 8, 3, 2818710978, sync, Unknown
1, 7, 5, 1946417107, sync, Unknown
1, 6, 3, 3680829200, sync, Unknown
1, 5, 0, 2249697801, sync, Unknown
1, 4, 1, 433607694, sync, Unknown
1, 3, 1, 2072788527, sync, Unknown
1, 2, 1, 1560476732, sync, Unknown
1, 1, 0, 3582451141, sync, Unknown
1, 2, 1, 3687424794, sync, Choosing a random cost for a civic to have
1, 2, 0, 3299380811, sync, Choosing a random cost for a civic to have
1, 2, 1, 807510056, sync, Choosing a random cost for a civic to have
1, 2, 0, 3289223489, sync, Choosing a random cost for a civic to have
1, 2, 1, 1968101094, sync, Choosing a random cost for a civic to have
1, 1, 0, 2481964071, sync, Choosing how many prerequisites for a civic to have
1, 100, 42, 2818873044, sync, Choosing a random prerequisite for a civic to have
1, 1, 0, 1809907837, sync, Choosing how many prerequisites for a civic to have
1, 1, 0, 2594274162, sync, Choosing a random prerequisite for a civic to have
1, 1, 0, 1988787139, sync, Choosing how many prerequisites for a civic to have
1, 200, 169, 3867036736, sync, Choosing a random prerequisite for a civic to have
1, 1, 0, 3632408441, sync, Choosing how many prerequisites for a civic to have
1, 101, 60, 403168446, sync, Choosing a random prerequisite for a civic to have
1, 1, 0, 2576290079, sync, Choosing how many prerequisites for a civic to have
1, 2, 0, 370928748, sync, Choosing a random prerequisite for a civic to have
1, 3, 0, 863289909, sync, Choosing how many prerequisites for a civic to have
1, 300, 69, 635504330, sync, Choosing a random prerequisite for a civic to have
1, 2, 0, 991797307, sync, Choosing a random cost for a tech to have
1, 2, 0, 454124376, sync, Choosing a random cost for a tech to have
1, 2, 1, 12340401, sync, Choosing a random cost for a tech to have
1, 2, 0, 4050699670, sync, Choosing a random cost for a tech to have
1, 2, 0, 289146135, sync, Choosing a random cost for a tech to have
1, 2, 1, 1726307588, sync, Choosing a random cost for a tech to have
1, 1, 0, 2803368685, sync, Choosing how many prerequisites for a tech to have
1, 300, 77, 3865814306, sync, Choosing a random prerequisite for a tech to have
1, 1, 0, 1114758067, sync, Choosing how many prerequisites for a tech to have
1, 201, 50, 1524450672, sync, Choosing a random prerequisite for a tech to have
1, 1, 0, 1073668329, sync, Choosing how many prerequisites for a tech to have
1, 102, 30, 88273262, sync, Choosing a random prerequisite for a tech to have
1, 1, 0, 1277460495, sync, Choosing how many prerequisites for a tech to have
1, 3, 1, 1697204380, sync, Choosing a random prerequisite for a tech to have
1, 2, 0, 1801167525, sync, Choosing how many prerequisites for a tech to have
1, 400, 379, 1378924154, sync, Choosing a random prerequisite for a tech to have
1, 2, 1, 4071820843, sync, Choosing how many prerequisites for a tech to have
1, 301, 191, 3301986952, sync, Choosing a random prerequisite for a tech to have
1, 202, 32, 2735260705, sync, Choosing a random prerequisite for a tech to have
1, 2, 0, 688111686, sync, Choosing how many prerequisites for a tech to have
1, 200, 125, 391275015, sync, Choosing a random prerequisite for a tech to have
1, 1, 0, 2690387764, sync, Choosing how many prerequisites for a tech to have
1, 100, 0, 1242333533, sync, Choosing a random prerequisite for a tech to have
1, 100, 6, 28023506, sync, Random Diplomatic Value
1, 100, 85, 262739875, sync, Random Diplomatic Value
1, 100, 45, 3678726816, sync, Random Diplomatic Value
1, 100, 94, 1939134041, sync, Random Diplomatic Value
1, 100, 85, 4051997214, sync, Random Diplomatic Value
1, 100, 83, 3677063935, sync, Random Diplomatic Value
1, 100, 11, 3592294604, sync, Random Diplomatic Value
1, 100, 95, 498302741, sync, Random Diplomatic Value
1, 100, 32, 4116951594, sync, Random Diplomatic Value
1, 100, 2, 1379391515, sync, Random Diplomatic Value
1, 100, 35, 92368312, sync, Random Diplomatic Value
1, 100, 81, 1541011345, sync, Random Diplomatic Value
1, 100, 16, 3496134390, sync, Random Diplomatic Value
1, 100, 4, 720493303, sync, Random Diplomatic Value
1, 100, 67, 196848996, sync, Random Diplomatic Value
1, 100, 4, 2903866317, sync, Random Diplomatic Value
1, 100, 43, 191650946, sync, Random Diplomatic Value
1, 100, 75, 1876897683, sync, Random Diplomatic Value
1, 100, 47, 3241688016, sync, Random Diplomatic Value
1, 100, 38, 2047543241, sync, Random Diplomatic Value
1, 100, 76, 1636286158, sync, Random Diplomatic Value
1, 100, 34, 3292738031, sync, Random Diplomatic Value
1, 100, 46, 1470973180, sync, Random Diplomatic Value
1, 100, 64, 1991464837, sync, Random Diplomatic Value
1, 100, 57, 2766469594, sync, Random Diplomatic Value
1, 100, 51, 2453339659, sync, Random Diplomatic Value
1, 100, 38, 2215097576, sync, Random Diplomatic Value
1, 100, 90, 1675028225, sync, Random Diplomatic Value
1, 100, 99, 3903379878, sync, Random Diplomatic Value
1, 100, 35, 4271468519, sync, Random Diplomatic Value
1, 100, 42, 1528248212, sync, Random Diplomatic Value
1, 100, 48, 1816785469, sync, Random Diplomatic Value
1, 100, 24, 2071521842, sync, Random Diplomatic Value
1, 100, 30, 1048781699, sync, Random Diplomatic Value
1, 100, 10, 1291467008, sync, Random Diplomatic Value
1, 100, 99, 434664761, sync, Random Diplomatic Value
1, 100, 66, 4274485118, sync, Random Diplomatic Value
1, 100, 41, 2865394911, sync, Random Diplomatic Value
1, 100, 61, 1800004908, sync, Random Diplomatic Value
1, 100, 65, 2656185333, sync, Random Diplomatic Value
1, 100, 67, 2799668618, sync, Random Diplomatic Value
1, 100, 89, 2903212027, sync, Random Diplomatic Value
1, 100, 91, 3859163160, sync, Random Diplomatic Value
1, 100, 43, 3949367921, sync, Random Diplomatic Value
1, 100, 38, 1873868886, sync, Random Diplomatic Value
1, 100, 41, 1653088471, sync, Random Diplomatic Value
1, 100, 84, 1799466436, sync, Random Diplomatic Value
1, 100, 82, 3615548589, sync, Random Diplomatic Value
1, 100, 56, 3529262050, sync, Random Diplomatic Value
1, 100, 83, 2428760947, sync, Random Diplomatic Value
1, 100, 28, 3582845488, sync, Random Diplomatic Value
1, 100, 27, 1232346793, sync, Random Diplomatic Value
1, 100, 28, 1199488046, sync, Random Diplomatic Value
1, 100, 33, 1205883855, sync, Random Diplomatic Value
1, 100, 15, 1428615516, sync, Random Diplomatic Value
1, 100, 63, 675740773, sync, Random Diplomatic Value
1, 100, 30, 2722000186, sync, Random Diplomatic Value
1, 100, 99, 1320705515, sync, Random Diplomatic Value
1, 100, 54, 4292855624, sync, Random Diplomatic Value
1, 100, 6, 2326788577, sync, Random Diplomatic Value
1, 100, 20, 269886214, sync, Random Diplomatic Value
1, 100, 45, 884796871, sync, Random Diplomatic Value
1, 100, 38, 1942884340, sync, Random Diplomatic Value
1, 100, 28, 1649496861, sync, Random Diplomatic Value
1, 100, 64, 1231120786, sync, Random Diplomatic Value
1, 100, 97, 2777718627, sync, Random Diplomatic Value
1, 100, 61, 4172691296, sync, Random Diplomatic Value
1, 100, 24, 2662663193, sync, Random Diplomatic Value
1, 100, 35, 1051233502, sync, Random Diplomatic Value
1, 100, 29, 1516490431, sync, Random Diplomatic Value
1, 100, 51, 1278699916, sync, Random Diplomatic Value
1, 100, 30, 2215168213, sync, Random Diplomatic Value
1, 100, 76, 1319934186, sync, Random Diplomatic Value
1, 100, 1, 3306199003, sync, Random Diplomatic Value
1, 100, 69, 79139448, sync, Random Diplomatic Value
1, 100, 81, 2979667281, sync, Random Diplomatic Value
1, 100, 31, 3509803446, sync, Random Diplomatic Value
1, 100, 21, 1358354103, sync, Random Diplomatic Value
1, 100, 7, 923754020, sync, Random Diplomatic Value
1, 100, 51, 336739725, sync, Random Diplomatic Value
1, 100, 83, 2190695234, sync, Random Diplomatic Value
1, 100, 79, 3583518547, sync, Random Diplomatic Value
1, 100, 74, 3405133968, sync, Random Diplomatic Value
1, 100, 10, 3211928969, sync, Random Diplomatic Value
1, 100, 58, 469756302, sync, Random Diplomatic Value
1, 100, 66, 2532566447, sync, Random Diplomatic Value
1, 100, 42, 2855161276, sync, Random Diplomatic Value
1, 100, 14, 1825476933, sync, Random Diplomatic Value
1, 100, 93, 613748890, sync, Random Diplomatic Value
1, 100, 71, 4020448715, sync, Random Diplomatic Value
1, 100, 9, 3060828584, sync, Random Diplomatic Value
1, 100, 77, 399244481, sync, Random Diplomatic Value
1, 100, 50, 3340999782, sync, Random Diplomatic Value
1, 100, 19, 2159336359, sync, Random Diplomatic Value
1, 100, 96, 840472660, sync, Random Diplomatic Value
1, 100, 22, 4158301181, sync, Random Diplomatic Value
1, 100, 51, 951916786, sync, Random Diplomatic Value
1, 100, 2, 2202635075, sync, Random Diplomatic Value
1, 100, 81, 126936512, sync, Random Diplomatic Value
1, 100, 98, 3509748473, sync, Random Diplomatic Value
1, 100, 59, 4227846718, sync, Random Diplomatic Value
1, 100, 10, 2549061791, sync, Random Diplomatic Value
1, 100, 34, 461282796, sync, Random Diplomatic Value
1, 100, 5, 1502565813, sync, Random Diplomatic Value
1, 100, 18, 220386378, sync, Random Diplomatic Value
1, 100, 58, 801054651, sync, Random Diplomatic Value
1, 100, 17, 2511187160, sync, Random Diplomatic Value
1, 100, 76, 749508657, sync, Random Diplomatic Value
1, 100, 41, 3267488534, sync, Random Diplomatic Value
1, 100, 79, 1798700183, sync, Random Diplomatic Value
1, 100, 54, 3434921604, sync, Random Diplomatic Value
1, 100, 93, 2357298797, sync, Random Diplomatic Value
1, 100, 4, 4016677538, sync, Random Diplomatic Value
1, 100, 25, 181652275, sync, Random Diplomatic Value
1, 100, 91, 1082736368, sync, Random Diplomatic Value
1, 100, 56, 3913096297, sync, Random Diplomatic Value
1, 100, 80, 2414036718, sync, Random Diplomatic Value
1, 100, 80, 3447056271, sync, Random Diplomatic Value
1, 100, 92, 3478870556, sync, Random Diplomatic Value
1, 100, 7, 3976336933, sync, Random Diplomatic Value
1, 100, 34, 306242554, sync, Random Diplomatic Value
1, 100, 6, 1483959723, sync, Random Diplomatic Value
1, 100, 52, 298974216, sync, Random Diplomatic Value
1, 100, 0, 2271408033, sync, Random Diplomatic Value
1, 100, 52, 27870662, sync, Random Diplomatic Value
1, 100, 53, 2239314311, sync, Random Diplomatic Value
1, 100, 20, 2307838132, sync, Random Diplomatic Value
1, 100, 63, 882762973, sync, Random Diplomatic Value
1, 100, 69, 2732849234, sync, Random Diplomatic Value
1, 100, 5, 2988828451, sync, Random Diplomatic Value
1, 100, 48, 245515296, sync, Random Diplomatic Value
1, 100, 80, 2090398169, sync, Random Diplomatic Value
1, 100, 42, 3450161054, sync, Random Diplomatic Value
1, 100, 65, 1835389567, sync, Random Diplomatic Value
1, 100, 39, 2813821516, sync, Random Diplomatic Value
1, 100, 5, 1704841877, sync, Random Diplomatic Value
1, 100, 61, 244989866, sync, Random Diplomatic Value
1, 100, 72, 2660177819, sync, Random Diplomatic Value
1, 100, 33, 3103815480, sync, Random Diplomatic Value
1, 100, 86, 1456866065, sync, Random Diplomatic Value
1, 100, 0, 3727993974, sync, Random Diplomatic Value
1, 100, 21, 37589623, sync, Random Diplomatic Value
1, 100, 65, 903991012, sync, Random Diplomatic Value
1, 100, 46, 2793848653, sync, Random Diplomatic Value
1, 100, 59, 2016877058, sync, Random Diplomatic Value
1, 100, 25, 2565791507, sync, Random Diplomatic Value
1, 100, 81, 1096742224, sync, Random Diplomatic Value
1, 100, 62, 3490513737, sync, Random Diplomatic Value
1, 100, 38, 2684408910, sync, Random Diplomatic Value
1, 100, 41, 1667127663, sync, Random Diplomatic Value
1, 100, 5, 1766200956, sync, Random Diplomatic Value
1, 100, 36, 228166405, sync, Random Diplomatic Value
1, 100, 53, 1570367322, sync, Random Diplomatic Value
1, 100, 40, 2292260235, sync, Random Diplomatic Value
1, 100, 81, 1746673256, sync, Random Diplomatic Value
1, 100, 49, 3517764225, sync, Random Diplomatic Value
1, 100, 75, 2139037478, sync, Random Diplomatic Value
1, 100, 10, 3254912871, sync, Random Diplomatic Value
1, 100, 36, 432584980, sync, Random Diplomatic Value
1, 100, 42, 1548948925, sync, Random Diplomatic Value
1, 100, 65, 1831733170, sync, Random Diplomatic Value
1, 100, 5, 2828907267, sync, Random Diplomatic Value
1, 100, 40, 251810432, sync, Random Diplomatic Value
1, 100, 58, 1746948281, sync, Random Diplomatic Value
1, 100, 25, 2523983102, sync, Random Diplomatic Value
1, 100, 91, 1086225503, sync, Random Diplomatic Value
1, 100, 66, 3950646956, sync, Random Diplomatic Value
1, 100, 54, 2867609461, sync, Random Diplomatic Value
1, 100, 87, 2339035914, sync, Random Diplomatic Value
1, 100, 47, 3740827515, sync, Random Diplomatic Value
1, 100, 64, 2059923864, sync, Random Diplomatic Value
1, 100, 53, 2790153713, sync, Random Diplomatic Value
1, 100, 26, 2305007062, sync, Random Diplomatic Value
1, 100, 15, 1124440151, sync, Random Diplomatic Value
1, 100, 1, 672567108, sync, Random Diplomatic Value
1, 100, 3, 64612397, sync, Random Diplomatic Value
1, 100, 51, 139706722, sync, Random Diplomatic Value
1, 100, 26, 2220974835, sync, Random Diplomatic Value
1, 100, 47, 1150245808, sync, Random Diplomatic Value
1, 100, 58, 2031737385, sync, Random Diplomatic Value
1, 100, 17, 2502988206, sync, Random Diplomatic Value
1, 100, 28, 749026127, sync, Random Diplomatic Value
1, 100, 93, 1216774876, sync, Random Diplomatic Value
1, 100, 1, 4014796773, sync, Random Diplomatic Value
1, 100, 60, 83368634, sync, Random Diplomatic Value
1, 100, 98, 2611232107, sync, Random Diplomatic Value
1, 100, 41, 4217827528, sync, Random Diplomatic Value
1, 100, 79, 1793172833, sync, Random Diplomatic Value
1, 100, 56, 3430754438, sync, Random Diplomatic Value
1, 100, 18, 2437367111, sync, Random Diplomatic Value
1, 100, 93, 777933172, sync, Random Diplomatic Value
1, 100, 3, 4004656797, sync, Random Diplomatic Value
1, 100, 47, 150161170, sync, Random Diplomatic Value
1, 100, 46, 2032725731, sync, Random Diplomatic Value
1, 100, 33, 1976111328, sync, Random Diplomatic Value
1, 100, 52, 1459658649, sync, Random Diplomatic Value
1, 100, 82, 2235220574, sync, Random Diplomatic Value
1, 100, 5, 3555825215, sync, Random Diplomatic Value
1, 100, 90, 224287500, sync, Random Diplomatic Value
1, 100, 78, 3895630933, sync, Random Diplomatic Value
1, 100, 85, 3354175082, sync, Random Diplomatic Value
1, 100, 82, 3664992091, sync, Random Diplomatic Value
1, 100, 5, 3541834744, sync, Random Diplomatic Value
1, 100, 96, 223193297, sync, Random Diplomatic Value
1, 100, 21, 4129734454, sync, Random Diplomatic Value
1, 100, 1, 914755127, sync, Random Diplomatic Value
1, 100, 50, 83034020, sync, Random Diplomatic Value
1, 100, 9, 2184380685, sync, Random Diplomatic Value
1, 100, 42, 387422402, sync, Random Diplomatic Value
1, 100, 17, 1839421139, sync, Random Diplomatic Value
1, 100, 89, 758280720, sync, Random Diplomatic Value
1, 100, 1, 3852181769, sync, Random Diplomatic Value
1, 100, 34, 71991054, sync, Random Diplomatic Value
1, 100, 41, 1497533743, sync, Random Diplomatic Value
1, 100, 43, 1773444924, sync, Random Diplomatic Value
1, 100, 7, 1859404997, sync, Random Diplomatic Value
1, 100, 78, 313753114, sync, Random Diplomatic Value
1, 100, 97, 3371486539, sync, Random Diplomatic Value
1, 100, 26, 4190794536, sync, Random Diplomatic Value
1, 100, 25, 1127835713, sync, Random Diplomatic Value
1, 100, 16, 1081827814, sync, Random Diplomatic Value
1, 100, 74, 708899623, sync, Random Diplomatic Value
1, 100, 65, 3202849236, sync, Random Diplomatic Value
1, 100, 45, 2809350013, sync, Random Diplomatic Value
1, 100, 82, 1938536050, sync, Random Diplomatic Value
1, 100, 10, 3527383747, sync, Random Diplomatic Value
1, 100, 3, 470712128, sync, Random Diplomatic Value
1, 100, 8, 141680249, sync, Random Diplomatic Value
1, 100, 26, 349882302, sync, Random Diplomatic Value
1, 100, 37, 1157046303, sync, Random Diplomatic Value
1, 100, 59, 1610370924, sync, Random Diplomatic Value
1, 100, 7, 2552817973, sync, Random Diplomatic Value
1, 100, 58, 343384522, sync, Random Diplomatic Value
1, 100, 64, 2524421947, sync, Random Diplomatic Value
1, 100, 97, 2786391640, sync, Random Diplomatic Value
1, 100, 13, 4195083185, sync, Random Diplomatic Value
1, 100, 75, 576065686, sync, Random Diplomatic Value
1, 100, 85, 3249992727, sync, Random Diplomatic Value
1, 100, 23, 3658424324, sync, Random Diplomatic Value
1, 100, 65, 994707949, sync, Random Diplomatic Value
1, 100, 56, 2816122914, sync, Random Diplomatic Value
1, 100, 29, 2435627699, sync, Random Diplomatic Value
1, 100, 7, 1247819888, sync, Random Diplomatic Value
1, 100, 80, 315250665, sync, Random Diplomatic Value
1, 100, 45, 3458636910, sync, Random Diplomatic Value
1, 100, 95, 1965969167, sync, Random Diplomatic Value
1, 100, 14, 4117261212, sync, Random Diplomatic Value
1, 100, 61, 619153829, sync, Random Diplomatic Value
1, 100, 39, 2636386682, sync, Random Diplomatic Value
1, 100, 48, 1678429483, sync, Random Diplomatic Value
1, 100, 77, 2103354760, sync, Random Diplomatic Value
1, 100, 99, 3337362209, sync, Random Diplomatic Value
1, 100, 62, 4283550534, sync, Random Diplomatic Value
1, 100, 43, 2682720519, sync, Random Diplomatic Value
1, 100, 49, 1862046260, sync, Random Diplomatic Value
1, 100, 21, 2119059549, sync, Random Diplomatic Value
1, 100, 99, 911168978, sync, Random Diplomatic Value
1, 100, 27, 4267292323, sync, Random Diplomatic Value
1, 100, 21, 1189780896, sync, Random Diplomatic Value
1, 100, 4, 934022489, sync, Random Diplomatic Value
1, 100, 5, 204012830, sync, Random Diplomatic Value
1, 100, 38, 231152127, sync, Random Diplomatic Value
1, 100, 94, 1642853324, sync, Random Diplomatic Value
1, 100, 80, 4052166165, sync, Random Diplomatic Value
1, 100, 20, 3445869866, sync, Random Diplomatic Value
1, 100, 76, 880629531, sync, Random Diplomatic Value
1, 100, 33, 3284828344, sync, Random Diplomatic Value
1, 100, 84, 1455492753, sync, Random Diplomatic Value
1, 100, 64, 3620311542, sync, Random Diplomatic Value
1, 100, 37, 2777696759, sync, Random Diplomatic Value
1, 100, 51, 1627582564, sync, Random Diplomatic Value
1, 100, 28, 2228683469, sync, Random Diplomatic Value
1, 100, 77, 1240782722, sync, Random Diplomatic Value
1, 100, 34, 3346370195, sync, Random Diplomatic Value
1, 100, 97, 1462808272, sync, Random Diplomatic Value
1, 100, 12, 4192075465, sync, Random Diplomatic Value
1, 100, 40, 530377166, sync, Random Diplomatic Value
1, 100, 25, 1751154927, sync, Random Diplomatic Value
1, 100, 39, 1077536764, sync, Random Diplomatic Value
1, 100, 77, 1715388037, sync, Random Diplomatic Value
1, 100, 86, 3332494554, sync, Random Diplomatic Value
1, 100, 54, 3697163531, sync, Random Diplomatic Value
1, 100, 86, 2352711656, sync, Random Diplomatic Value
1, 100, 97, 3727801857, sync, Random Diplomatic Value
1, 100, 87, 4174931110, sync, Random Diplomatic Value
1, 100, 55, 3778125543, sync, Random Diplomatic Value
1, 100, 65, 2385853076, sync, Random Diplomatic Value
1, 100, 40, 2801482045, sync, Random Diplomatic Value
1, 100, 89, 1721115954, sync, Random Diplomatic Value
1, 100, 65, 3824108163, sync, Random Diplomatic Value
1, 100, 60, 2809490432, sync, Random Diplomatic Value
1, 100, 49, 2615618617, sync, Random Diplomatic Value
1, 100, 1, 2113757822, sync, Random Diplomatic Value
1, 100, 74, 72975327, sync, Random Diplomatic Value
1, 100, 90, 3183822892, sync, Random Diplomatic Value
1, 100, 35, 3875885813, sync, Random Diplomatic Value
1, 100, 94, 1527326858, sync, Random Diplomatic Value
1, 100, 90, 4059856635, sync, Random Diplomatic Value
1, 100, 53, 3897867032, sync, Random Diplomatic Value
1, 100, 67, 2309302641, sync, Random Diplomatic Value
1, 100, 49, 2891531094, sync, Random Diplomatic Value
1, 100, 99, 2131365847, sync, Random Diplomatic Value
1, 100, 93, 4284903620, sync, Random Diplomatic Value
1, 100, 9, 4036094893, sync, Random Diplomatic Value
1, 100, 51, 415121122, sync, Random Diplomatic Value
1, 100, 47, 2230702707, sync, Random Diplomatic Value
1, 100, 56, 2059130160, sync, Random Diplomatic Value
1, 100, 44, 2416874921, sync, Random Diplomatic Value
1, 100, 46, 1904568110, sync, Random Diplomatic Value
1, 100, 79, 1993417423, sync, Random Diplomatic Value
1, 100, 26, 3401651292, sync, Random Diplomatic Value
1, 100, 74, 1133634405, sync, Random Diplomatic Value
1, 100, 73, 3179595834, sync, Random Diplomatic Value
1, 100, 9, 3177651435, sync, Random Diplomatic Value
1, 100, 92, 410589768, sync, Random Diplomatic Value
1, 100, 90, 3980546273, sync, Random Diplomatic Value
1, 100, 72, 3907464710, sync, Random Diplomatic Value
1, 100, 9, 3105397959, sync, Random Diplomatic Value
1, 100, 56, 405377780, sync, Random Diplomatic Value
1, 100, 64, 2435979805, sync, Random Diplomatic Value
1, 100, 2, 2780308626, sync, Random Diplomatic Value
1, 100, 35, 91766371, sync, Random Diplomatic Value
1, 100, 90, 1522985568, sync, Random Diplomatic Value
1, 100, 78, 3898293017, sync, Random Diplomatic Value
1, 100, 35, 3375364062, sync, Random Diplomatic Value
1, 100, 28, 1520852415, sync, Random Diplomatic Value
1, 100, 15, 1243630732, sync, Random Diplomatic Value
1, 100, 19, 660303829, sync, Random Diplomatic Value
1, 100, 15, 834647018, sync, Random Diplomatic Value
1, 100, 73, 678237915, sync, Random Diplomatic Value
1, 100, 45, 3150685560, sync, Random Diplomatic Value
1, 100, 0, 1961899089, sync, Random Diplomatic Value
1, 100, 77, 31270070, sync, Random Diplomatic Value
1, 100, 77, 3340518839, sync, Random Diplomatic Value
1, 100, 29, 3335627044, sync, Random Diplomatic Value
1, 100, 73, 1278395533, sync, Random Diplomatic Value
1, 100, 85, 3146700354, sync, Random Diplomatic Value
1, 100, 28, 3659892307, sync, Random Diplomatic Value
1, 100, 77, 1209641872, sync, Random Diplomatic Value
1, 100, 53, 3331595401, sync, Random Diplomatic Value
1, 100, 25, 2293765262, sync, Random Diplomatic Value
1, 100, 25, 1081619631, sync, Random Diplomatic Value
1, 100, 53, 1100345532, sync, Random Diplomatic Value
1, 100, 73, 2308503621, sync, Random Diplomatic Value
1, 100, 68, 3156536218, sync, Random Diplomatic Value
1, 100, 0, 2929552587, sync, Random Diplomatic Value
1, 100, 82, 3103912, sync, Random Diplomatic Value
1, 100, 34, 3562394561, sync, Random Diplomatic Value
1, 100, 80, 1465263974, sync, Random Diplomatic Value
1, 100, 70, 3465808551, sync, Random Diplomatic Value
1, 100, 90, 3027344212, sync, Random Diplomatic Value
1, 100, 12, 3903515389, sync, Random Diplomatic Value
1, 100, 50, 554521586, sync, Random Diplomatic Value
1, 100, 91, 2171382339, sync, Random Diplomatic Value
1, 100, 79, 3925285056, sync, Random Diplomatic Value
1, 100, 59, 3426761209, sync, Random Diplomatic Value
1, 100, 61, 2560146750, sync, Random Diplomatic Value
1, 100, 3, 2661656479, sync, Random Diplomatic Value
1, 100, 11, 160760044, sync, Random Diplomatic Value
1, 100, 81, 490831029, sync, Random Diplomatic Value
1, 100, 30, 3521081162, sync, Random Diplomatic Value
1, 100, 82, 1296506555, sync, Random Diplomatic Value
1, 100, 46, 3527884760, sync, Random Diplomatic Value
1, 100, 2, 1994010417, sync, Random Diplomatic Value
1, 100, 82, 103626262, sync, Random Diplomatic Value
1, 100, 45, 3535727511, sync, Random Diplomatic Value
1, 100, 63, 1960608132, sync, Random Diplomatic Value
1, 100, 39, 2708573549, sync, Random Diplomatic Value
1, 100, 45, 1706991010, sync, Random Diplomatic Value
1, 100, 74, 1937549875, sync, Random Diplomatic Value
1, 100, 54, 3194106352, sync, Random Diplomatic Value
1, 100, 46, 2326172521, sync, Random Diplomatic Value
1, 100, 75, 1980559854, sync, Random Diplomatic Value
1, 100, 48, 3243095695, sync, Random Diplomatic Value
1, 100, 75, 2102426908, sync, Random Diplomatic Value
1, 100, 3, 3238788389, sync, Random Diplomatic Value
1, 100, 45, 148520698, sync, Random Diplomatic Value
1, 100, 5, 1937321131, sync, Random Diplomatic Value
1, 100, 93, 225857288, sync, Random Diplomatic Value
1, 100, 59, 4020520609, sync, Random Diplomatic Value
1, 100, 64, 2549960902, sync, Random Diplomatic Value
1, 100, 71, 2761681031, sync, Random Diplomatic Value
1, 100, 58, 3064288180, sync, Random Diplomatic Value
1, 100, 57, 2501749725, sync, Random Diplomatic Value
1, 100, 7, 2448274258, sync, Random Diplomatic Value
1, 100, 28, 306480675, sync, Random Diplomatic Value
1, 100, 94, 1243477792, sync, Random Diplomatic Value
1, 100, 88, 4073597145, sync, Random Diplomatic Value
1, 100, 72, 3809456798, sync, Random Diplomatic Value
1, 100, 16, 3125764479, sync, Random Diplomatic Value
1, 100, 93, 716924236, sync, Random Diplomatic Value
1, 100, 78, 4017060245, sync, Random Diplomatic Value
1, 100, 94, 3351272106, sync, Random Diplomatic Value
1, 100, 67, 4060255899, sync, Random Diplomatic Value
1, 100, 41, 2883553848, sync, Random Diplomatic Value
1, 100, 69, 1771772433, sync, Random Diplomatic Value
1, 100, 82, 3005314934, sync, Random Diplomatic Value
1, 100, 44, 3538551159, sync, Random Diplomatic Value
1, 100, 21, 1931416036, sync, Random Diplomatic Value
1, 100, 83, 906380877, sync, Random Diplomatic Value
1, 100, 59, 3601175810, sync, Random Diplomatic Value
1, 100, 28, 2574466579, sync, Random Diplomatic Value
1, 100, 77, 1219323984, sync, Random Diplomatic Value
1, 100, 58, 3313367625, sync, Random Diplomatic Value
1, 100, 31, 2522611534, sync, Random Diplomatic Value
1, 100, 50, 1363781743, sync, Random Diplomatic Value
1, 100, 18, 2189998460, sync, Random Diplomatic Value
1, 100, 96, 782430725, sync, Random Diplomatic Value
1, 100, 91, 4126982746, sync, Random Diplomatic Value
1, 100, 96, 3950140555, sync, Random Diplomatic Value
1, 100, 9, 4133876072, sync, Random Diplomatic Value
1, 100, 79, 392538497, sync, Random Diplomatic Value
1, 100, 60, 3400837670, sync, Random Diplomatic Value
1, 100, 11, 2586326631, sync, Random Diplomatic Value
1, 100, 72, 509393940, sync, Random Diplomatic Value
1, 100, 24, 3124911293, sync, Random Diplomatic Value
1, 100, 5, 1035027122, sync, Random Diplomatic Value
1, 100, 86, 242733571, sync, Random Diplomatic Value
1, 100, 1, 3696461184, sync, Random Diplomatic Value
1, 100, 91, 54331321, sync, Random Diplomatic Value
1, 100, 95, 3949778942, sync, Random Diplomatic Value
1, 100, 3, 4087057247, sync, Random Diplomatic Value
1, 100, 50, 137066924, sync, Random Diplomatic Value
1, 100, 67, 2157799029, sync, Random Diplomatic Value
1, 100, 76, 2881123850, sync, Random Diplomatic Value
1, 100, 70, 3289874043, sync, Random Diplomatic Value
1, 100, 63, 3031205016, sync, Random Diplomatic Value
1, 100, 80, 2741695729, sync, Random Diplomatic Value
1, 100, 83, 3465668822, sync, Random Diplomatic Value
1, 100, 84, 3566569303, sync, Random Diplomatic Value
1, 100, 54, 3610333764, sync, Random Diplomatic Value
1, 100, 35, 2343104301, sync, Random Diplomatic Value
1, 100, 18, 1503378530, sync, Random Diplomatic Value
1, 100, 74, 813777395, sync, Random Diplomatic Value
1, 100, 36, 3188936368, sync, Random Diplomatic Value
1, 100, 57, 1548898601, sync, Random Diplomatic Value
1, 100, 64, 2457681070, sync, Random Diplomatic Value
1, 100, 50, 2758019663, sync, Random Diplomatic Value
1, 100, 82, 2178328028, sync, Random Diplomatic Value
1, 100, 88, 3541423845, sync, Random Diplomatic Value
1, 100, 7, 3789845946, sync, Random Diplomatic Value
1, 100, 36, 302054507, sync, Random Diplomatic Value
1, 100, 62, 1561740232, sync, Random Diplomatic Value
1, 100, 85, 2681338977, sync, Random Diplomatic Value
1, 100, 91, 3679728518, sync, Random Diplomatic Value
1, 100, 59, 3929076807, sync, Random Diplomatic Value
1, 100, 71, 2536494196, sync, Random Diplomatic Value
1, 100, 95, 3083926941, sync, Random Diplomatic Value
1, 100, 40, 4121952786, sync, Random Diplomatic Value
1, 100, 42, 1753124323, sync, Random Diplomatic Value
1, 100, 62, 1840235488, sync, Random Diplomatic Value
1, 100, 25, 2697254553, sync, Random Diplomatic Value
1, 100, 92, 1082666334, sync, Random Diplomatic Value
1, 100, 15, 3967952191, sync, Random Diplomatic Value
1, 100, 43, 679296524, sync, Random Diplomatic Value
1, 100, 13, 1870873429, sync, Random Diplomatic Value
1, 100, 55, 572899690, sync, Random Diplomatic Value
1, 100, 26, 2365445723, sync, Random Diplomatic Value
1, 100, 96, 1153838840, sync, Random Diplomatic Value
1, 100, 91, 4135698385, sync, Random Diplomatic Value
1, 100, 75, 3931540022, sync, Random Diplomatic Value
1, 100, 38, 3233381687, sync, Random Diplomatic Value
1, 100, 37, 1655390884, sync, Random Diplomatic Value
1, 100, 77, 1611761677, sync, Random Diplomatic Value
1, 100, 72, 3321435074, sync, Random Diplomatic Value
1, 100, 38, 3105797587, sync, Random Diplomatic Value
1, 100, 18, 1638655248, sync, Random Diplomatic Value
1, 100, 37, 811309065, sync, Random Diplomatic Value
1, 100, 79, 1598597646, sync, Random Diplomatic Value
1, 100, 84, 3398753327, sync, Random Diplomatic Value
1, 100, 41, 3620880956, sync, Random Diplomatic Value
1, 100, 21, 1797041093, sync, Random Diplomatic Value
1, 100, 99, 921262362, sync, Random Diplomatic Value
1, 100, 81, 4271705163, sync, Random Diplomatic Value
1, 100, 34, 3483321896, sync, Random Diplomatic Value
1, 100, 50, 1495351105, sync, Random Diplomatic Value
1, 100, 67, 2176052454, sync, Random Diplomatic Value
1, 100, 47, 2880315943, sync, Random Diplomatic Value
1, 100, 16, 2025233620, sync, Random Diplomatic Value
1, 100, 9, 696356477, sync, Random Diplomatic Value
1, 100, 68, 390197618, sync, Random Diplomatic Value
1, 100, 21, 2932914627, sync, Random Diplomatic Value
1, 100, 41, 927642176, sync, Random Diplomatic Value
1, 100, 73, 1788712313, sync, Random Diplomatic Value
1, 100, 63, 3174675134, sync, Random Diplomatic Value
1, 100, 24, 2734370591, sync, Random Diplomatic Value
1, 100, 8, 1044951660, sync, Random Diplomatic Value
1, 100, 85, 383324213, sync, Random Diplomatic Value
1, 100, 19, 3680124106, sync, Random Diplomatic Value
1, 100, 62, 841850427, sync, Random Diplomatic Value
1, 100, 69, 2688846168, sync, Random Diplomatic Value
1, 100, 39, 2971105969, sync, Random Diplomatic Value
1, 100, 36, 1682398102, sync, Random Diplomatic Value
1, 100, 51, 1548608279, sync, Random Diplomatic Value
1, 100, 67, 2200232708, sync, Random Diplomatic Value
1, 100, 49, 2901938413, sync, Random Diplomatic Value
1, 100, 31, 2132122402, sync, Random Diplomatic Value
1, 100, 88, 1338218931, sync, Random Diplomatic Value
1, 100, 12, 3801033584, sync, Random Diplomatic Value
1, 100, 24, 517066473, sync, Random Diplomatic Value
1, 100, 18, 1033258862, sync, Random Diplomatic Value
1, 100, 5, 802430479, sync, Random Diplomatic Value
1, 100, 43, 219385500, sync, Random Diplomatic Value
1, 100, 41, 1869574309, sync, Random Diplomatic Value
1, 100, 89, 1801677946, sync, Random Diplomatic Value
1, 100, 78, 3837692971, sync, Random Diplomatic Value
1, 100, 56, 3357079688, sync, Random Diplomatic Value
1, 100, 25, 2408280609, sync, Random Diplomatic Value
1, 100, 81, 1101780550, sync, Random Diplomatic Value
1, 100, 77, 3516383239, sync, Random Diplomatic Value
1, 100, 90, 3330872628, sync, Random Diplomatic Value
1, 100, 54, 3876327261, sync, Random Diplomatic Value
1, 100, 4, 2344554706, sync, Random Diplomatic Value
1, 100, 86, 199644579, sync, Random Diplomatic Value
1, 100, 98, 3728494752, sync, Random Diplomatic Value
1, 100, 53, 4227810393, sync, Random Diplomatic Value
1, 100, 44, 2287560734, sync, Random Diplomatic Value
1, 100, 15, 1895737599, sync, Random Diplomatic Value
1, 100, 55, 673568460, sync, Random Diplomatic Value
1, 100, 57, 2371276053, sync, Random Diplomatic Value
1, 100, 70, 2477778986, sync, Random Diplomatic Value
1, 100, 96, 3038696987, sync, Random Diplomatic Value
1, 100, 61, 4148138936, sync, Random Diplomatic Value
1, 100, 39, 2640586129, sync, Random Diplomatic Value
1, 100, 28, 1715231990, sync, Random Diplomatic Value
1, 100, 32, 1212856567, sync, Random Diplomatic Value
1, 100, 65, 1379283812, sync, Random Diplomatic Value
1, 100, 45, 2819918285, sync, Random Diplomatic Value
1, 100, 67, 1950962306, sync, Random Diplomatic Value
1, 100, 35, 2900880787, sync, Random Diplomatic Value
1, 100, 0, 1540694480, sync, Random Diplomatic Value
1, 100, 72, 15529417, sync, Random Diplomatic Value
1, 100, 60, 3124630734, sync, Random Diplomatic Value
1, 100, 83, 2618937327, sync, Random Diplomatic Value
1, 100, 8, 3593636604, sync, Random Diplomatic Value
1, 100, 0, 348530053, sync, Random Diplomatic Value
1, 100, 7, 27963354, sync, Random Diplomatic Value
1, 100, 67, 333282315, sync, Random Diplomatic Value
1, 100, 4, 2895862504, sync, Random Diplomatic Value
1, 100, 41, 189306113, sync, Random Diplomatic Value
1, 100, 16, 1796468646, sync, Random Diplomatic Value
1, 100, 18, 719703527, sync, Random Diplomatic Value
1, 100, 1, 809450900, sync, Random Diplomatic Value
1, 100, 78, 69763133, sync, Random Diplomatic Value
1, 100, 27, 3363790898, sync, Random Diplomatic Value
1, 100, 45, 1178034563, sync, Random Diplomatic Value
1, 100, 92, 1939644160, sync, Random Diplomatic Value
1, 100, 8, 3961643833, sync, Random Diplomatic Value
1, 100, 4, 348081534, sync, Random Diplomatic Value
1, 100, 94, 210014943, sync, Random Diplomatic Value
1, 100, 64, 4037847852, sync, Random Diplomatic Value
1, 100, 7, 2780068341, sync, Random Diplomatic Value
1, 100, 20, 327074698, sync, Random Diplomatic Value
1, 100, 39, 860454395, sync, Random Diplomatic Value
1, 100, 0, 1708084760, sync, Random Diplomatic Value
1, 100, 89, 27246705, sync, Random Diplomatic Value
1, 100, 0, 3859648086, sync, Random Diplomatic Value
1, 100, 58, 27786967, sync, Random Diplomatic Value
1, 100, 76, 2507617220, sync, Random Diplomatic Value
1, 100, 12, 3273585325, sync, Random Diplomatic Value
1, 100, 14, 552352226, sync, Random Diplomatic Value
1, 100, 33, 620999027, sync, Random Diplomatic Value
1, 100, 67, 1419102256, sync, Random Diplomatic Value
1, 100, 68, 2883914921, sync, Random Diplomatic Value
1, 100, 20, 2920813102, sync, Random Diplomatic Value
1, 100, 7, 861794767, sync, Random Diplomatic Value
1, 100, 29, 331822940, sync, Random Diplomatic Value
1, 100, 53, 1272498789, sync, Random Diplomatic Value
1, 100, 96, 2283217722, sync, Random Diplomatic Value
1, 100, 80, 4151434219, sync, Random Diplomatic Value
1, 100, 6, 3476974920, sync, Random Diplomatic Value
1, 100, 10, 277915617, sync, Random Diplomatic Value
1, 100, 38, 432290054, sync, Random Diplomatic Value
1, 100, 6, 1653623751, sync, Random Diplomatic Value
1, 100, 81, 292623860, sync, Random Diplomatic Value
1, 100, 80, 3499024669, sync, Random Diplomatic Value
1, 100, 75, 3470450578, sync, Random Diplomatic Value
1, 100, 45, 3225148771, sync, Random Diplomatic Value
1, 100, 80, 1954782560, sync, Random Diplomatic Value
1, 100, 12, 3460133401, sync, Random Diplomatic Value
1, 100, 52, 558064350, sync, Random Diplomatic Value
1, 100, 80, 2273635519, sync, Random Diplomatic Value
1, 100, 93, 3463786380, sync, Random Diplomatic Value
1, 100, 18, 4004124373, sync, Random Diplomatic Value
1, 100, 89, 790548202, sync, Random Diplomatic Value
1, 100, 95, 3861222875, sync, Random Diplomatic Value
1, 100, 62, 4094408824, sync, Random Diplomatic Value
1, 100, 64, 2684504913, sync, Random Diplomatic Value
1, 100, 88, 2777870262, sync, Random Diplomatic Value
1, 100, 74, 3781014711, sync, Random Diplomatic Value
1, 100, 67, 3196052516, sync, Random Diplomatic Value
1, 100, 54, 2882489229, sync, Random Diplomatic Value
1, 100, 65, 2354467138, sync, Random Diplomatic Value
1, 100, 74, 2827937107, sync, Random Diplomatic Value
1, 100, 94, 3219725968, sync, Random Diplomatic Value
1, 100, 24, 4042396553, sync, Random Diplomatic Value
1, 100, 45, 1039941518, sync, Random Diplomatic Value
1, 100, 82, 1972929455, sync, Random Diplomatic Value
1, 100, 75, 3530134460, sync, Random Diplomatic Value
1, 100, 59, 3244252997, sync, Random Diplomatic Value
1, 100, 8, 2566964890, sync, Random Diplomatic Value
1, 100, 43, 385067979, sync, Random Diplomatic Value
1, 100, 37, 1847209896, sync, Random Diplomatic Value
1, 100, 20, 1604037313, sync, Random Diplomatic Value
1, 100, 99, 898937446, sync, Random Diplomatic Value
1, 100, 44, 4287576487, sync, Random Diplomatic Value
1, 100, 84, 1907793492, sync, Random Diplomatic Value
1, 100, 17, 3623301629, sync, Random Diplomatic Value
1, 100, 47, 740921074, sync, Random Diplomatic Value
1, 100, 78, 2020329795, sync, Random Diplomatic Value
1, 100, 19, 3389606848, sync, Random Diplomatic Value
1, 100, 72, 831123705, sync, Random Diplomatic Value
1, 100, 31, 3099437118, sync, Random Diplomatic Value
1, 100, 14, 1341634207, sync, Random Diplomatic Value
1, 100, 69, 605512684, sync, Random Diplomatic Value
1, 100, 77, 3002049461, sync, Random Diplomatic Value
1, 100, 13, 3337095754, sync, Random Diplomatic Value
1, 100, 58, 590028219, sync, Random Diplomatic Value
1, 100, 71, 2517422808, sync, Random Diplomatic Value
1, 100, 19, 3066283569, sync, Random Diplomatic Value
1, 100, 11, 849641750, sync, Random Diplomatic Value
1, 100, 91, 476306071, sync, Random Diplomatic Value
1, 100, 29, 3941090436, sync, Random Diplomatic Value
1, 100, 28, 1272812653, sync, Random Diplomatic Value
1, 100, 76, 1239390370, sync, Random Diplomatic Value
1, 100, 98, 3288434995, sync, Random Diplomatic Value
1, 100, 61, 4243006704, sync, Random Diplomatic Value
1, 100, 85, 2639006313, sync, Random Diplomatic Value
1, 100, 24, 3670187246, sync, Random Diplomatic Value
1, 100, 29, 1052870031, sync, Random Diplomatic Value
1, 100, 86, 1253154844, sync, Random Diplomatic Value
1, 100, 85, 3725714469, sync, Random Diplomatic Value
1, 100, 8, 3669989882, sync, Random Diplomatic Value
1, 100, 70, 366668715, sync, Random Diplomatic Value
1, 100, 20, 3007750664, sync, Random Diplomatic Value
1, 100, 44, 883006881, sync, Random Diplomatic Value
1, 100, 39, 1918720966, sync, Random Diplomatic Value
1, 100, 1, 1692047239, sync, Random Diplomatic Value
1, 100, 88, 78108340, sync, Random Diplomatic Value
1, 100, 97, 3793318621, sync, Random Diplomatic Value
1, 100, 3, 4190334546, sync, Random Diplomatic Value
1, 100, 78, 155133219, sync, Random Diplomatic Value
1, 100, 62, 3376785952, sync, Random Diplomatic Value
1, 100, 19, 2705285081, sync, Random Diplomatic Value
1, 100, 18, 839261598, sync, Random Diplomatic Value
1, 100, 50, 802484351, sync, Random Diplomatic Value
1, 100, 97, 2150320204, sync, Random Diplomatic Value
1, 100, 77, 4181532821, sync, Random Diplomatic Value
1, 100, 35, 3341972906, sync, Random Diplomatic Value
1, 100, 17, 1540494747, sync, Random Diplomatic Value
1, 100, 0, 736795960, sync, Random Diplomatic Value
1, 100, 90, 1847569, sync, Random Diplomatic Value
1, 100, 76, 3877257846, sync, Random Diplomatic Value
1, 100, 89, 3283251319, sync, Random Diplomatic Value
1, 100, 78, 3829945572, sync, Random Diplomatic Value
1, 100, 47, 3372338509, sync, Random Diplomatic Value
1, 100, 62, 2027950082, sync, Random Diplomatic Value
1, 100, 83, 2681445651, sync, Random Diplomatic Value
1, 100, 47, 3601324880, sync, Random Diplomatic Value
1, 100, 25, 2049634633, sync, Random Diplomatic Value
1, 100, 77, 1094920782, sync, Random Diplomatic Value
1, 100, 87, 3335583599, sync, Random Diplomatic Value
1, 100, 77, 3778501756, sync, Random Diplomatic Value
1, 100, 99, 3332921605, sync, Random Diplomatic Value
1, 100, 70, 4289437018, sync, Random Diplomatic Value
1, 100, 70, 3013581707, sync, Random Diplomatic Value
1, 100, 28, 3034301544, sync, Random Diplomatic Value
1, 100, 31, 1205502081, sync, Random Diplomatic Value
1, 100, 81, 1341535526, sync, Random Diplomatic Value
1, 100, 16, 3513410919, sync, Random Diplomatic Value
1, 100, 94, 702332692, sync, Random Diplomatic Value
1, 100, 86, 4071465917, sync, Random Diplomatic Value
1, 100, 66, 3707796914, sync, Random Diplomatic Value
1, 100, 20, 2838360323, sync, Random Diplomatic Value
1, 100, 64, 860928128, sync, Random Diplomatic Value
1, 100, 18, 2761277113, sync, Random Diplomatic Value
1, 100, 30, 804569854, sync, Random Diplomatic Value
1, 100, 61, 1293195871, sync, Random Diplomatic Value
1, 100, 51, 2638797996, sync, Random Diplomatic Value
1, 100, 15, 2219478389, sync, Random Diplomatic Value
1, 100, 11, 676729098, sync, Random Diplomatic Value
1, 100, 50, 496139643, sync, Random Diplomatic Value
1, 100, 69, 2176653208, sync, Random Diplomatic Value
1, 100, 90, 2990771185, sync, Random Diplomatic Value
1, 100, 76, 3905696726, sync, Random Diplomatic Value
1, 100, 12, 3292624471, sync, Random Diplomatic Value
1, 100, 51, 540546372, sync, Random Diplomatic Value
1, 100, 76, 2230580781, sync, Random Diplomatic Value
1, 100, 0, 3299850082, sync, Random Diplomatic Value
1, 100, 51, 8200435, sync, Random Diplomatic Value
1, 100, 29, 2219000240, sync, Random Diplomatic Value
1, 100, 47, 1288095785, sync, Random Diplomatic Value
1, 100, 63, 2052450222, sync, Random Diplomatic Value
1, 100, 15, 2713639247, sync, Random Diplomatic Value
1, 100, 35, 647153884, sync, Random Diplomatic Value
1, 100, 77, 1541062117, sync, Random Diplomatic Value
1, 100, 79, 3323777210, sync, Random Diplomatic Value
1, 100, 45, 3417946987, sync, Random Diplomatic Value
1, 100, 80, 1961989832, sync, Random Diplomatic Value
1, 100, 10, 3447608161, sync, Random Diplomatic Value
1, 100, 37, 439828102, sync, Random Diplomatic Value
1, 100, 92, 1614193479, sync, Random Diplomatic Value
1, 100, 28, 3974977396, sync, Random Diplomatic Value
1, 100, 2, 1231799453, sync, Random Diplomatic Value
1, 100, 16, 121158930, sync, Random Diplomatic Value
1, 100, 20, 716188899, sync, Random Diplomatic Value
1, 100, 74, 893548256, sync, Random Diplomatic Value
1, 100, 63, 3200585113, sync, Random Diplomatic Value
1, 100, 16, 2707527774, sync, Random Diplomatic Value
1, 100, 38, 699315263, sync, Random Diplomatic Value
1, 100, 82, 1644699916, sync, Random Diplomatic Value
1, 100, 93, 3536841301, sync, Random Diplomatic Value
1, 100, 6, 4004174954, sync, Random Diplomatic Value
1, 100, 31, 300176731, sync, Random Diplomatic Value
1, 100, 49, 1335640568, sync, Random Diplomatic Value
1, 100, 16, 2138166993, sync, Random Diplomatic Value
1, 100, 90, 697455926, sync, Random Diplomatic Value
1, 100, 75, 3876121655, sync, Random Diplomatic Value
1, 100, 11, 3226437028, sync, Random Diplomatic Value
1, 100, 39, 493621005, sync, Random Diplomatic Value
1, 100, 27, 1688637122, sync, Random Diplomatic Value
1, 100, 65, 1182143699, sync, Random Diplomatic Value
1, 100, 83, 2832291856, sync, Random Diplomatic Value
1, 100, 85, 3596062473, sync, Random Diplomatic Value
1, 100, 74, 3671250190, sync, Random Diplomatic Value
1, 100, 84, 3213044527, sync, Random Diplomatic Value
1, 100, 22, 3613123900, sync, Random Diplomatic Value
1, 100, 97, 979440325, sync, Random Diplomatic Value
1, 100, 33, 4167775258, sync, Random Diplomatic Value
1, 100, 88, 1436633931, sync, Random Diplomatic Value
1, 100, 46, 3785365800, sync, Random Diplomatic Value
1, 100, 91, 1975850561, sync, Random Diplomatic Value
1, 100, 3, 3908597734, sync, Random Diplomatic Value
1, 100, 2, 137842983, sync, Random Diplomatic Value
1, 100, 38, 91332564, sync, Random Diplomatic Value
1, 100, 21, 1644942717, sync, Random Diplomatic Value
1, 100, 98, 902048882, sync, Random Diplomatic Value
1, 100, 40, 4231911619, sync, Random Diplomatic Value
1, 100, 43, 1748165952, sync, Random Diplomatic Value
1, 100, 75, 1862618233, sync, Random Diplomatic Value
1, 100, 63, 3240402366, sync, Random Diplomatic Value
1, 100, 87, 2744860191, sync, Random Diplomatic Value
1, 100, 12, 3774944620, sync, Random Diplomatic Value
1, 100, 16, 528824117, sync, Random Diplomatic Value
1, 100, 99, 713611210, sync, Random Diplomatic Value
1, 100, 22, 4265581883, sync, Random Diplomatic Value
1, 100, 58, 966794328, sync, Random Diplomatic Value
1, 100, 40, 2514424241, sync, Random Diplomatic Value
1, 100, 81, 1732552342, sync, Random Diplomatic Value
1, 100, 57, 3506491927, sync, Random Diplomatic Value
1, 100, 42, 2452006404, sync, Random Diplomatic Value
1, 100, 10, 1814173677, sync, Random Diplomatic Value
1, 100, 43, 471635490, sync, Random Diplomatic Value
1, 100, 32, 1849063603, sync, Random Diplomatic Value
1, 100, 82, 1399463536, sync, Random Diplomatic Value
1, 100, 1, 3558163945, sync, Random Diplomatic Value
1, 100, 42, 59896430, sync, Random Diplomatic Value
1, 100, 86, 1813376271, sync, Random Diplomatic Value
1, 100, 73, 3693785500, sync, Random Diplomatic Value
1, 100, 42, 3136509861, sync, Random Diplomatic Value
1, 100, 39, 1827587962, sync, Random Diplomatic Value
1, 100, 83, 1691241259, sync, Random Diplomatic Value
1, 100, 42, 3573500808, sync, Random Diplomatic Value
1, 100, 62, 1827064097, sync, Random Diplomatic Value
1, 100, 61, 2685526342, sync, Random Diplomatic Value
1, 100, 83, 2623827719, sync, Random Diplomatic Value
1, 100, 95, 3607205940, sync, Random Diplomatic Value
1, 100, 69, 4098217565, sync, Random Diplomatic Value
1, 100, 15, 2986003410, sync, Random Diplomatic Value
1, 100, 81, 676263075, sync, Random Diplomatic Value
1, 100, 18, 3510240160, sync, Random Diplomatic Value
1, 100, 8, 814644057, sync, Random Diplomatic Value
1, 100, 95, 370529054, sync, Random Diplomatic Value
1, 100, 34, 4107417599, sync, Random Diplomatic Value
1, 100, 37, 1489746380, sync, Random Diplomatic Value
1, 100, 96, 1629647893, sync, Random Diplomatic Value
1, 100, 76, 4165468970, sync, Random Diplomatic Value
1, 100, 81, 3290191131, sync, Random Diplomatic Value
1, 100, 62, 3487606456, sync, Random Diplomatic Value
1, 100, 17, 2680372369, sync, Random Diplomatic Value
1, 100, 1, 733685750, sync, Random Diplomatic Value
1, 100, 5, 52504567, sync, Random Diplomatic Value
1, 100, 52, 257259108, sync, Random Diplomatic Value
1, 100, 22, 2261651661, sync, Random Diplomatic Value
1, 100, 6, 980012418, sync, Random Diplomatic Value
1, 100, 99, 271994003, sync, Random Diplomatic Value
1, 100, 99, 4280653008, sync, Random Diplomatic Value
1, 100, 88, 4281855177, sync, Random Diplomatic Value
1, 100, 31, 3781902286, sync, Random Diplomatic Value
1, 100, 28, 1332682479, sync, Random Diplomatic Value
1, 100, 94, 1234644476, sync, Random Diplomatic Value
1, 100, 2, 4064906373, sync, Random Diplomatic Value
1, 100, 15, 100633306, sync, Random Diplomatic Value
1, 100, 8, 683195147, sync, Random Diplomatic Value
1, 100, 35, 354889192, sync, Random Diplomatic Value
1, 100, 93, 1528523777, sync, Random Diplomatic Value
1, 100, 79, 4015749798, sync, Random Diplomatic Value
1, 100, 44, 3417701607, sync, Random Diplomatic Value
1, 100, 95, 1899315348, sync, Random Diplomatic Value
1, 100, 31, 4090611517, sync, Random Diplomatic Value
1, 100, 33, 1362402098, sync, Random Diplomatic Value
1, 100, 88, 1432060035, sync, Random Diplomatic Value
1, 100, 47, 3782201856, sync, Random Diplomatic Value
1, 100, 44, 2056821305, sync, Random Diplomatic Value
1, 100, 70, 1930246270, sync, Random Diplomatic Value
1, 100, 20, 3008078303, sync, Random Diplomatic Value
1, 100, 29, 872418860, sync, Random Diplomatic Value
1, 100, 50, 1247781109, sync, Random Diplomatic Value
1, 100, 37, 2151702154, sync, Random Diplomatic Value
1, 100, 55, 1626504443, sync, Random Diplomatic Value
1, 100, 76, 2390090008, sync, Random Diplomatic Value
1, 100, 80, 3277215601, sync, Random Diplomatic Value
1, 100, 85, 3436042582, sync, Random Diplomatic Value
1, 100, 36, 3663850967, sync, Random Diplomatic Value
1, 100, 74, 1567880900, sync, Random Diplomatic Value
1, 100, 60, 3207068077, sync, Random Diplomatic Value
1, 100, 37, 2598778082, sync, Random Diplomatic Value
1, 100, 57, 1626181747, sync, Random Diplomatic Value
1, 100, 5, 2468068144, sync, Random Diplomatic Value
1, 100, 67, 217547689, sync, Random Diplomatic Value
1, 100, 42, 2906045742, sync, Random Diplomatic Value
1, 100, 37, 1837547727, sync, Random Diplomatic Value
1, 100, 69, 1614371420, sync, Random Diplomatic Value
1, 100, 69, 2971382117, sync, Random Diplomatic Value
1, 100, 92, 2985655866, sync, Random Diplomatic Value
1, 100, 32, 3973618411, sync, Random Diplomatic Value
1, 100, 39, 1412415560, sync, Random Diplomatic Value
1, 100, 32, 1687879393, sync, Random Diplomatic Value
1, 100, 12, 1387086854, sync, Random Diplomatic Value
1, 100, 56, 556006087, sync, Random Diplomatic Value
1, 100, 56, 2409928948, sync, Random Diplomatic Value
1, 100, 45, 2422712349, sync, Random Diplomatic Value
1, 100, 77, 1959369362, sync, Random Diplomatic Value
1, 100, 46, 3319495779, sync, Random Diplomatic Value
1, 100, 75, 1978421344, sync, Random Diplomatic Value
1, 100, 96, 3227232537, sync, Random Diplomatic Value
1, 100, 81, 4142058974, sync, Random Diplomatic Value
1, 100, 3, 3506404287, sync, Random Diplomatic Value
1, 100, 28, 154538636, sync, Random Diplomatic Value
1, 100, 96, 1240776149, sync, Random Diplomatic Value
1, 100, 93, 4140427754, sync, Random Diplomatic Value
1, 100, 86, 3996783835, sync, Random Diplomatic Value
1, 100, 63, 3715615608, sync, Random Diplomatic Value
1, 100, 42, 2731565649, sync, Random Diplomatic Value
1, 100, 56, 1817492150, sync, Random Diplomatic Value
1, 100, 30, 2411406263, sync, Random Diplomatic Value
1, 100, 63, 1310336804, sync, Random Diplomatic Value
1, 100, 64, 2733101709, sync, Random Diplomatic Value
1, 100, 19, 2766785602, sync, Random Diplomatic Value
1, 100, 38, 819217491, sync, Random Diplomatic Value
1, 100, 68, 1650758032, sync, Random Diplomatic Value
1, 100, 92, 2928413321, sync, Random Diplomatic Value
1, 100, 14, 3956042382, sync, Random Diplomatic Value
1, 100, 54, 643093167, sync, Random Diplomatic Value
1, 100, 51, 2359899836, sync, Random Diplomatic Value
1, 100, 41, 2216805957, sync, Random Diplomatic Value
1, 100, 9, 1797824922, sync, Random Diplomatic Value
1, 100, 18, 413526731, sync, Random Diplomatic Value
1, 100, 16, 808518312, sync, Random Diplomatic Value
1, 100, 6, 698188225, sync, Random Diplomatic Value
1, 100, 1, 299842918, sync, Random Diplomatic Value
1, 100, 60, 61237415, sync, Random Diplomatic Value
1, 100, 20, 2582094164, sync, Random Diplomatic Value
1, 100, 3, 901740797, sync, Random Diplomatic Value
1, 100, 34, 168937970, sync, Random Diplomatic Value
1, 100, 84, 1481041987, sync, Random Diplomatic Value
1, 100, 44, 3620175552, sync, Random Diplomatic Value
1, 100, 4, 1896851449, sync, Random Diplomatic Value
1, 100, 60, 208573246, sync, Random Diplomatic Value
1, 100, 60, 2615526815, sync, Random Diplomatic Value
1, 100, 54, 2600847084, sync, Random Diplomatic Value
1, 100, 61, 2325334709, sync, Random Diplomatic Value
1, 100, 63, 2621220170, sync, Random Diplomatic Value
1, 100, 6, 2708151483, sync, Random Diplomatic Value
1, 100, 36, 285107672, sync, Random Diplomatic Value
1, 100, 96, 1550409009, sync, Random Diplomatic Value
1, 100, 21, 4163357718, sync, Random Diplomatic Value
1, 100, 37, 941934999, sync, Random Diplomatic Value
1, 100, 98, 1591740292, sync, Random Diplomatic Value
1, 100, 29, 4224031597, sync, Random Diplomatic Value
1, 100, 92, 1271698338, sync, Random Diplomatic Value
1, 100, 17, 3965872179, sync, Random Diplomatic Value
1, 100, 56, 739776496, sync, Random Diplomatic Value
1, 100, 42, 2435678569, sync, Random Diplomatic Value
1, 100, 21, 1845774318, sync, Random Diplomatic Value
1, 100, 40, 902911119, sync, Random Diplomatic Value
1, 100, 70, 1736360732, sync, Random Diplomatic Value
1, 100, 21, 3021196069, sync, Random Diplomatic Value
1, 100, 18, 938538234, sync, Random Diplomatic Value
1, 100, 20, 798534315, sync, Random Diplomatic Value
1, 100, 77, 860026120, sync, Random Diplomatic Value
1, 100, 25, 3327849633, sync, Random Diplomatic Value
1, 100, 71, 1086940870, sync, Random Diplomatic Value
1, 100, 63, 3056944775, sync, Random Diplomatic Value
1, 100, 54, 2744539572, sync, Random Diplomatic Value
1, 100, 54, 2341550557, sync, Random Diplomatic Value
1, 100, 52, 2321885522, sync, Random Diplomatic Value
1, 100, 73, 2266350627, sync, Random Diplomatic Value
1, 100, 96, 3155778848, sync, Random Diplomatic Value
1, 100, 41, 4159477465, sync, Random Diplomatic Value
1, 100, 74, 1787332766, sync, Random Diplomatic Value
1, 100, 84, 3187048319, sync, Random Diplomatic Value
1, 100, 94, 3624348492, sync, Random Diplomatic Value
1, 100, 73, 4077307797, sync, Random Diplomatic Value
1, 100, 79, 3169882282, sync, Random Diplomatic Value
1, 100, 41, 3422393499, sync, Random Diplomatic Value
1, 100, 54, 1763815480, sync, Random Diplomatic Value
1, 100, 16, 2321106961, sync, Random Diplomatic Value
1, 100, 76, 706678134, sync, Random Diplomatic Value
1, 100, 72, 3298221943, sync, Random Diplomatic Value
1, 100, 81, 3109918692, sync, Random Diplomatic Value
1, 100, 5, 3480835149, sync, Random Diplomatic Value
1, 100, 60, 249989890, sync, Random Diplomatic Value
1, 100, 10, 2618293267, sync, Random Diplomatic Value
1, 100, 36, 458116688, sync, Random Diplomatic Value
1, 100, 31, 1578362953, sync, Random Diplomatic Value
1, 100, 70, 1354126670, sync, Random Diplomatic Value
1, 100, 70, 3019130479, sync, Random Diplomatic Value
1, 100, 27, 3042049916, sync, Random Diplomatic Value
1, 100, 16, 1168752645, sync, Random Diplomatic Value
1, 100, 81, 715552858, sync, Random Diplomatic Value
1, 100, 82, 3509115531, sync, Random Diplomatic Value
1, 100, 82, 3548223336, sync, Random Diplomatic Value
1, 100, 74, 3540735873, sync, Random Diplomatic Value
1, 100, 34, 3208888358, sync, Random Diplomatic Value
1, 100, 42, 1472762983, sync, Random Diplomatic Value
1, 100, 45, 1816707604, sync, Random Diplomatic Value
1, 100, 98, 1972693693, sync, Random Diplomatic Value
1, 100, 40, 4212897970, sync, Random Diplomatic Value
1, 100, 26, 1757417475, sync, Random Diplomatic Value
1, 100, 73, 1140452224, sync, Random Diplomatic Value
1, 100, 7, 3156899257, sync, Random Diplomatic Value
1, 100, 23, 336113150, sync, Random Diplomatic Value
1, 100, 85, 1026140511, sync, Random Diplomatic Value
1, 100, 14, 3671211948, sync, Random Diplomatic Value
1, 100, 69, 636728437, sync, Random Diplomatic Value
1, 100, 85, 2973608970, sync, Random Diplomatic Value
1, 100, 7, 3681123451, sync, Random Diplomatic Value
1, 100, 26, 301574808, sync, Random Diplomatic Value
1, 100, 53, 1121460977, sync, Random Diplomatic Value
1, 100, 0, 2282913494, sync, Random Diplomatic Value
1, 100, 19, 34170199, sync, Random Diplomatic Value
1, 100, 37, 858445892, sync, Random Diplomatic Value
1, 100, 97, 1606090029, sync, Random Diplomatic Value
1, 100, 89, 4186944098, sync, Random Diplomatic Value
1, 100, 77, 3830775795, sync, Random Diplomatic Value
1, 100, 72, 3340711088, sync, Random Diplomatic Value
1, 100, 98, 3128377129, sync, Random Diplomatic Value
1, 100, 8, 4240085678, sync, Random Diplomatic Value
1, 100, 40, 347449423, sync, Random Diplomatic Value
1, 100, 97, 1723526108, sync, Random Diplomatic Value
1, 100, 38, 4187727077, sync, Random Diplomatic Value
1, 100, 72, 1637952442, sync, Random Diplomatic Value
1, 100, 44, 3100539499, sync, Random Diplomatic Value
1, 100, 39, 1928915400, sync, Random Diplomatic Value
1, 100, 22, 1676061281, sync, Random Diplomatic Value
1, 100, 88, 958810502, sync, Random Diplomatic Value
1, 100, 37, 3814216263, sync, Random Diplomatic Value
1, 100, 7, 1603721844, sync, Random Diplomatic Value
1, 100, 92, 327322525, sync, Random Diplomatic Value
1, 100, 68, 3985471506, sync, Random Diplomatic Value
1, 100, 98, 2948451299, sync, Random Diplomatic Value
1, 100, 12, 4236323296, sync, Random Diplomatic Value
1, 100, 34, 553731225, sync, Random Diplomatic Value
1, 100, 48, 1472660318, sync, Random Diplomatic Value
1, 100, 91, 2071413567, sync, Random Diplomatic Value
1, 100, 50, 3925804044, sync, Random Diplomatic Value
1, 100, 86, 2182648149, sync, Random Diplomatic Value
1, 100, 34, 3715889002, sync, Random Diplomatic Value
1, 100, 13, 1495716955, sync, Random Diplomatic Value
1, 100, 9, 597579000, sync, Random Diplomatic Value
1, 100, 39, 404614609, sync, Random Diplomatic Value
1, 100, 59, 1675239478, sync, Random Diplomatic Value
1, 100, 30, 2574539575, sync, Random Diplomatic Value
1, 100, 16, 1306511524, sync, Random Diplomatic Value
1, 100, 63, 709006861, sync, Random Diplomatic Value
1, 100, 2, 2736785858, sync, Random Diplomatic Value
1, 100, 19, 94991315, sync, Random Diplomatic Value
1, 100, 27, 849529616, sync, Random Diplomatic Value
1, 100, 15, 1200588297, sync, Random Diplomatic Value
1, 100, 15, 652804110, sync, Random Diplomatic Value
1, 100, 59, 671971887, sync, Random Diplomatic Value
1, 100, 29, 2555480124, sync, Random Diplomatic Value
1, 100, 2, 1285650885, sync, Random Diplomatic Value
1, 100, 74, 121179930, sync, Random Diplomatic Value
1, 100, 37, 3187771979, sync, Random Diplomatic Value
1, 100, 3, 1607265320, sync, Random Diplomatic Value
1, 100, 14, 153414977, sync, Random Diplomatic Value
1, 100, 18, 642319078, sync, Random Diplomatic Value
1, 100, 58, 802979879, sync, Random Diplomatic Value
1, 100, 75, 2501419732, sync, Random Diplomatic Value
1, 100, 49, 3239189629, sync, Random Diplomatic Value
1, 100, 66, 2131912562, sync, Random Diplomatic Value
1, 100, 87, 2860971971, sync, Random Diplomatic Value
1, 100, 52, 3737589824, sync, Random Diplomatic Value
1, 100, 81, 2242446201, sync, Random Diplomatic Value
1, 100, 21, 3499854014, sync, Random Diplomatic Value
1, 100, 46, 920079647, sync, Random Diplomatic Value
1, 100, 13, 2015721580, sync, Random Diplomatic Value
1, 100, 69, 573398581, sync, Random Diplomatic Value
1, 100, 91, 2986570442, sync, Random Diplomatic Value
1, 100, 63, 3937246267, sync, Random Diplomatic Value
1, 100, 9, 2720509784, sync, Random Diplomatic Value
1, 100, 85, 409118897, sync, Random Diplomatic Value
1, 100, 6, 3679318422, sync, Random Diplomatic Value
1, 100, 21, 265273623, sync, Random Diplomatic Value
1, 100, 90, 924084484, sync, Random Diplomatic Value
1, 100, 18, 3905429229, sync, Random Diplomatic Value
1, 100, 86, 787452194, sync, Random Diplomatic Value
1, 100, 80, 3699726259, sync, Random Diplomatic Value
1, 100, 63, 3438350704, sync, Random Diplomatic Value
1, 100, 81, 2727656681, sync, Random Diplomatic Value
1, 100, 10, 3491339630, sync, Random Diplomatic Value
1, 100, 57, 435403791, sync, Random Diplomatic Value
1, 100, 46, 2460865692, sync, Random Diplomatic Value
1, 100, 31, 2004041381, sync, Random Diplomatic Value
1, 100, 82, 1371939450, sync, Random Diplomatic Value
1, 100, 82, 3560573483, sync, Random Diplomatic Value
1, 100, 80, 3557924488, sync, Random Diplomatic Value
1, 100, 79, 3472760865, sync, Random Diplomatic Value
1, 100, 93, 3397643334, sync, Random Diplomatic Value
1, 100, 81, 4031585799, sync, Random Diplomatic Value
1, 100, 8, 3496352564, sync, Random Diplomatic Value
1, 100, 34, 368811357, sync, Random Diplomatic Value
1, 100, 26, 1493337810, sync, Random Diplomatic Value
1, 100, 31, 1133745059, sync, Random Diplomatic Value
1, 100, 27, 1340323488, sync, Random Diplomatic Value
1, 100, 39, 1163506265, sync, Random Diplomatic Value
1, 100, 53, 1700675102, sync, Random Diplomatic Value
1, 100, 14, 2302789375, sync, Random Diplomatic Value
1, 100, 86, 601726156, sync, Random Diplomatic Value
1, 100, 66, 3706329877, sync, Random Diplomatic Value
1, 100, 31, 2871795242, sync, Random Diplomatic Value
1, 100, 49, 1366676507, sync, Random Diplomatic Value
1, 100, 80, 2108537272, sync, Random Diplomatic Value
1, 100, 84, 3453899665, sync, Random Diplomatic Value
1, 100, 77, 3628462838, sync, Random Diplomatic Value
1, 100, 78, 3323172599, sync, Random Diplomatic Value
1, 100, 56, 3361782116, sync, Random Diplomatic Value
1, 100, 29, 2432931789, sync, Random Diplomatic Value
1, 100, 88, 1280723074, sync, Random Diplomatic Value
1, 100, 44, 3781208979, sync, Random Diplomatic Value
1, 100, 39, 1898055632, sync, Random Diplomatic Value
1, 100, 27, 1690231753, sync, Random Diplomatic Value
1, 100, 44, 1160014542, sync, Random Diplomatic Value
1, 100, 79, 1918922223, sync, Random Diplomatic Value
1, 100, 43, 3395801340, sync, Random Diplomatic Value
1, 100, 51, 1858663301, sync, Random Diplomatic Value
1, 100, 4, 2208327130, sync, Random Diplomatic Value
1, 100, 96, 183499275, sync, Random Diplomatic Value
1, 100, 24, 4125032680, sync, Random Diplomatic Value
1, 100, 20, 1034568449, sync, Random Diplomatic Value
1, 100, 70, 900662694, sync, Random Diplomatic Value
1, 100, 50, 3013749735, sync, Random Diplomatic Value
1, 100, 89, 2165785492, sync, Random Diplomatic Value
1, 100, 69, 3858173501, sync, Random Diplomatic Value
1, 100, 0, 2964706866, sync, Random Diplomatic Value
1, 100, 12, 22781827, sync, Random Diplomatic Value
1, 100, 71, 552535296, sync, Random Diplomatic Value
1, 100, 28, 3075166521, sync, Random Diplomatic Value
1, 100, 90, 1223107454, sync, Random Diplomatic Value
1, 100, 71, 3903762655, sync, Random Diplomatic Value
1, 100, 26, 3082776876, sync, Random Diplomatic Value
1, 100, 31, 1158072309, sync, Random Diplomatic Value
1, 100, 41, 1364064650, sync, Random Diplomatic Value
1, 100, 57, 1794604027, sync, Random Diplomatic Value
1, 100, 24, 2454221848, sync, Random Diplomatic Value
1, 100, 6, 1053355633, sync, Random Diplomatic Value
1, 100, 97, 278537302, sync, Random Diplomatic Value
1, 100, 52, 4181187799, sync, Random Diplomatic Value
1, 100, 33, 2271001028, sync, Random Diplomatic Value
1, 100, 21, 1420624045, sync, Random Diplomatic Value
1, 100, 15, 917254114, sync, Random Diplomatic Value
1, 100, 39, 682848115, sync, Random Diplomatic Value
1, 100, 13, 1716366896, sync, Random Diplomatic Value
1, 100, 12, 591788713, sync, Random Diplomatic Value
1, 100, 8, 518088750, sync, Random Diplomatic Value
1, 100, 87, 357273551, sync, Random Diplomatic Value
1, 100, 88, 3759635804, sync, Random Diplomatic Value
1, 100, 91, 3814365285, sync, Random Diplomatic Value
1, 100, 55, 3944732986, sync, Random Diplomatic Value
1, 100, 84, 2375768555, sync, Random Diplomatic Value
1, 100, 34, 3612152648, sync, Random Diplomatic Value
1, 100, 26, 1499551201, sync, Random Diplomatic Value
1, 100, 89, 1134710534, sync, Random Diplomatic Value
1, 100, 76, 3839076807, sync, Random Diplomatic Value
1, 100, 25, 3267632116, sync, Random Diplomatic Value
1, 100, 27, 1086091037, sync, Random Diplomatic Value
1, 100, 2, 1199854994, sync, Random Diplomatic Value
1, 100, 55, 106371939, sync, Random Diplomatic Value
1, 100, 18, 2399208288, sync, Random Diplomatic Value
1, 100, 97, 783671321, sync, Random Diplomatic Value
1, 100, 15, 4195236062, sync, Random Diplomatic Value
1, 100, 16, 655755967, sync, Random Diplomatic Value
1, 100, 66, 711128460, sync, Random Diplomatic Value
1, 100, 22, 2839241941, sync, Random Diplomatic Value
1, 100, 19, 952173802, sync, Random Diplomatic Value
1, 100, 65, 816485339, sync, Random Diplomatic Value
1, 100, 92, 2819612280, sync, Random Diplomatic Value
1, 100, 2, 3982129489, sync, Random Diplomatic Value
1, 100, 75, 102925750, sync, Random Diplomatic Value
1, 100, 64, 3258225335, sync, Random Diplomatic Value
1, 100, 63, 2778753572, sync, Random Diplomatic Value
1, 100, 70, 2709281165, sync, Random Diplomatic Value
1, 100, 38, 3041478466, sync, Random Diplomatic Value
1, 100, 37, 1660265299, sync, Random Diplomatic Value
1, 100, 43, 1603011728, sync, Random Diplomatic Value
1, 100, 25, 1868693897, sync, Random Diplomatic Value
1, 100, 26, 1109955982, sync, Random Diplomatic Value
1, 100, 62, 1118642607, sync, Random Diplomatic Value
1, 100, 25, 2689915324, sync, Random Diplomatic Value
1, 100, 88, 1105210693, sync, Random Diplomatic Value
1, 100, 63, 3801906330, sync, Random Diplomatic Value
1, 100, 46, 2746493387, sync, Random Diplomatic Value
1, 100, 63, 1987302824, sync, Random Diplomatic Value
1, 100, 61, 2723895489, sync, Random Diplomatic Value
1, 100, 79, 2620770406, sync, Random Diplomatic Value
1, 100, 36, 3403257767, sync, Random Diplomatic Value
1, 100, 44, 1560585300, sync, Random Diplomatic Value
1, 100, 41, 1912848381, sync, Random Diplomatic Value
1, 100, 6, 1791362290, sync, Random Diplomatic Value
1, 100, 26, 285083459, sync, Random Diplomatic Value
1, 100, 97, 1127330240, sync, Random Diplomatic Value
1, 100, 26, 4208025337, sync, Random Diplomatic Value
1, 100, 44, 1135312446, sync, Random Diplomatic Value
1, 100, 61, 1919931551, sync, Random Diplomatic Value
1, 100, 7, 2657102316, sync, Random Diplomatic Value
1, 100, 0, 339734965, sync, Random Diplomatic Value
1, 100, 71, 31277130, sync, Random Diplomatic Value
1, 100, 44, 3087473595, sync, Random Diplomatic Value
1, 100, 84, 1931213016, sync, Random Diplomatic Value
1, 100, 2, 3620402225, sync, Random Diplomatic Value
1, 100, 8, 112662294, sync, Random Diplomatic Value
1, 100, 0, 369211543, sync, Random Diplomatic Value
1, 100, 12, 12831364, sync, Random Diplomatic Value
1, 100, 10, 556376685, sync, Random Diplomatic Value
1, 100, 86, 461737634, sync, Random Diplomatic Value
1, 100, 48, 3701425971, sync, Random Diplomatic Value
1, 100, 83, 2079656688, sync, Random Diplomatic Value
1, 100, 87, 3595237481, sync, Random Diplomatic Value
1, 100, 58, 3755078382, sync, Random Diplomatic Value
1, 100, 1, 2524783503, sync, Random Diplomatic Value
1, 100, 69, 62383644, sync, Random Diplomatic Value
1, 100, 81, 3004281381, sync, Random Diplomatic Value
1, 100, 69, 3496890362, sync, Random Diplomatic Value
1, 100, 73, 2964482475, sync, Random Diplomatic Value
1, 100, 8, 3177924616, sync, Random Diplomatic Value
1, 100, 70, 349195169, sync, Random Diplomatic Value
1, 100, 53, 3007410630, sync, Random Diplomatic Value
1, 100, 76, 2292970887, sync, Random Diplomatic Value
1, 100, 0, 3278953652, sync, Random Diplomatic Value
1, 100, 95, 25493725, sync, Random Diplomatic Value
1, 100, 48, 4090684498, sync, Random Diplomatic Value
1, 100, 32, 2076730147, sync, Random Diplomatic Value
1, 100, 40, 1385762848, sync, Random Diplomatic Value
1, 100, 23, 1725287897, sync, Random Diplomatic Value
1, 100, 33, 1016525726, sync, Random Diplomatic Value
1, 100, 38, 1421086335, sync, Random Diplomatic Value
1, 100, 29, 1649348172, sync, Random Diplomatic Value
1, 100, 34, 1288466069, sync, Random Diplomatic Value
1, 100, 19, 1492822954, sync, Random Diplomatic Value
1, 100, 57, 847582107, sync, Random Diplomatic Value
1, 100, 47, 2474951480, sync, Random Diplomatic Value
1, 100, 17, 2018664209, sync, Random Diplomatic Value
1, 100, 77, 741333110, sync, Random Diplomatic Value
1, 100, 13, 3315027575, sync, Random Diplomatic Value
1, 100, 72, 576641764, sync, Random Diplomatic Value
1, 100, 28, 3110918989, sync, Random Diplomatic Value
1, 100, 49, 1220085250, sync, Random Diplomatic Value
1, 100, 27, 2116573971, sync, Random Diplomatic Value
1, 100, 87, 1184940368, sync, Random Diplomatic Value
1, 100, 45, 3778600777, sync, Random Diplomatic Value
1, 100, 3, 1958051918, sync, Random Diplomatic Value
1, 100, 18, 145986927, sync, Random Diplomatic Value
1, 100, 10, 785949308, sync, Random Diplomatic Value
1, 100, 15, 463939333, sync, Random Diplomatic Value
1, 100, 20, 653087578, sync, Random Diplomatic Value
1, 100, 50, 873339275, sync, Random Diplomatic Value
1, 100, 16, 2185980520, sync, Random Diplomatic Value
1, 100, 78, 687353473, sync, Random Diplomatic Value
1, 100, 11, 3365751590, sync, Random Diplomatic Value
1, 100, 8, 490914663, sync, Random Diplomatic Value
1, 100, 69, 362857748, sync, Random Diplomatic Value
1, 100, 28, 3002610109, sync, Random Diplomatic Value
1, 100, 23, 1208153010, sync, Random Diplomatic Value
1, 100, 24, 1026436867, sync, Random Diplomatic Value
1, 100, 72, 1045372544, sync, Random Diplomatic Value
1, 100, 27, 3120245945, sync, Random Diplomatic Value
1, 100, 70, 1202231550, sync, Random Diplomatic Value
1, 100, 94, 3017455711, sync, Random Diplomatic Value
1, 100, 83, 4039615148, sync, Random Diplomatic Value
1, 100, 96, 3583564661, sync, Random Diplomatic Value
1, 100, 92, 4134618890, sync, Random Diplomatic Value
1, 100, 58, 3986455419, sync, Random Diplomatic Value
1, 100, 77, 2506243480, sync, Random Diplomatic Value
1, 100, 36, 3307780593, sync, Random Diplomatic Value
1, 100, 49, 1550109142, sync, Random Diplomatic Value
1, 100, 25, 2112705623, sync, Random Diplomatic Value
1, 100, 54, 1074371396, sync, Random Diplomatic Value
1, 100, 65, 2348680237, sync, Random Diplomatic Value
1, 100, 79, 2822483298, sync, Random Diplomatic Value
1, 100, 71, 3423133427, sync, Random Diplomatic Value
1, 100, 8, 3064407984, sync, Random Diplomatic Value
1, 100, 78, 358856233, sync, Random Diplomatic Value
1, 100, 92, 3383442862, sync, Random Diplomatic Value
1, 100, 44, 3980949327, sync, Random Diplomatic Value
1, 100, 11, 1917783772, sync, Random Diplomatic Value
1, 100, 39, 475565029, sync, Random Diplomatic Value
1, 100, 78, 1685161658, sync, Random Diplomatic Value
1, 100, 52, 3376363883, sync, Random Diplomatic Value
1, 100, 82, 2267823304, sync, Random Diplomatic Value
1, 100, 90, 3540713825, sync, Random Diplomatic Value
1, 100, 38, 3894498438, sync, Random Diplomatic Value
1, 100, 12, 1670775111, sync, Random Diplomatic Value
1, 100, 52, 523001204, sync, Random Diplomatic Value
1, 100, 34, 2249544349, sync, Random Diplomatic Value
1, 100, 90, 1487811346, sync, Random Diplomatic Value
1, 100, 95, 3886508771, sync, Random Diplomatic Value
1, 100, 21, 4083932384, sync, Random Diplomatic Value
1, 100, 7, 930708377, sync, Random Diplomatic Value
1, 100, 81, 330853982, sync, Random Diplomatic Value
1, 100, 93, 3520844351, sync, Random Diplomatic Value
1, 100, 92, 4032947980, sync, Random Diplomatic Value
1, 100, 61, 3982309461, sync, Random Diplomatic Value
1, 100, 32, 2660831850, sync, Random Diplomatic Value
1, 100, 94, 1388663643, sync, Random Diplomatic Value
1, 100, 18, 4039927800, sync, Random Diplomatic Value
1, 100, 28, 814089425, sync, Random Diplomatic Value
1, 100, 78, 1227746102, sync, Random Diplomatic Value
1, 100, 23, 3355167287, sync, Random Diplomatic Value
1, 100, 96, 995888036, sync, Random Diplomatic Value
1, 100, 19, 4136967437, sync, Random Diplomatic Value
1, 100, 90, 828736706, sync, Random Diplomatic Value
1, 100, 18, 3870872275, sync, Random Diplomatic Value
1, 100, 95, 790642192, sync, Random Diplomatic Value
1, 100, 95, 4093869321, sync, Random Diplomatic Value
1, 100, 95, 4085984014, sync, Random Diplomatic Value
1, 100, 29, 4097034543, sync, Random Diplomatic Value
1, 100, 6, 1253255996, sync, Random Diplomatic Value
1, 100, 7, 299753669, sync, Random Diplomatic Value
1, 100, 15, 324200986, sync, Random Diplomatic Value
1, 100, 47, 666749259, sync, Random Diplomatic Value
1, 100, 51, 2049294120, sync, Random Diplomatic Value
1, 100, 91, 2202059841, sync, Random Diplomatic Value
1, 100, 7, 3919941094, sync, Random Diplomatic Value
1, 100, 34, 312323879, sync, Random Diplomatic Value
1, 100, 71, 1470866900, sync, Random Diplomatic Value
1, 100, 63, 3063178109, sync, Random Diplomatic Value
1, 100, 66, 2737611378, sync, Random Diplomatic Value
1, 100, 79, 2846627523, sync, Random Diplomatic Value
1, 100, 11, 3406252864, sync, Random Diplomatic Value
1, 100, 60, 512277113, sync, Random Diplomatic Value
1, 100, 29, 2610852798, sync, Random Diplomatic Value
1, 100, 20, 1286560799, sync, Random Diplomatic Value
1, 100, 55, 867556204, sync, Random Diplomatic Value
1, 100, 13, 2396095797, sync, Random Diplomatic Value
1, 100, 90, 566889930, sync, Random Diplomatic Value
1, 100, 3, 3883375419, sync, Random Diplomatic Value
1, 100, 65, 165364312, sync, Random Diplomatic Value
1, 100, 43, 2829205425, sync, Random Diplomatic Value
1, 100, 3, 1885551766, sync, Random Diplomatic Value
1, 100, 63, 146452503, sync, Random Diplomatic Value
1, 100, 57, 2716740612, sync, Random Diplomatic Value
1, 100, 40, 2464818669, sync, Random Diplomatic Value
1, 100, 54, 1737395234, sync, Random Diplomatic Value
1, 100, 49, 2326804147, sync, Random Diplomatic Value
1, 100, 97, 2133066864, sync, Random Diplomatic Value
1, 100, 32, 4199560169, sync, Random Diplomatic Value
1, 100, 16, 1395476590, sync, Random Diplomatic Value
1, 100, 37, 695044879, sync, Random Diplomatic Value
1, 100, 8, 1620899740, sync, Random Diplomatic Value
1, 100, 78, 351217061, sync, Random Diplomatic Value
1, 100, 13, 3387522426, sync, Random Diplomatic Value
1, 100, 95, 587319595, sync, Random Diplomatic Value
1, 100, 14, 4115657096, sync, Random Diplomatic Value
1, 100, 44, 634484513, sync, Random Diplomatic Value
1, 100, 73, 1895954246, sync, Random Diplomatic Value
1, 100, 88, 3176254727, sync, Random Diplomatic Value
1, 100, 73, 3803618868, sync, Random Diplomatic Value
1, 100, 19, 3157091421, sync, Random Diplomatic Value
1, 100, 30, 819347922, sync, Random Diplomatic Value
1, 100, 53, 1303655075, sync, Random Diplomatic Value
1, 100, 66, 2319018400, sync, Random Diplomatic Value
1, 100, 14, 2858477913, sync, Random Diplomatic Value
1, 100, 11, 640854302, sync, Random Diplomatic Value
1, 100, 72, 508384767, sync, Random Diplomatic Value
1, 100, 44, 3109781452, sync, Random Diplomatic Value
1, 100, 36, 1890435605, sync, Random Diplomatic Value
1, 100, 30, 1549547818, sync, Random Diplomatic Value
1, 100, 19, 1294684955, sync, Random Diplomatic Value
1, 100, 59, 816237752, sync, Random Diplomatic Value
1, 100, 10, 2545248913, sync, Random Diplomatic Value
1, 100, 50, 467451382, sync, Random Diplomatic Value
1, 100, 67, 2166490615, sync, Random Diplomatic Value
1, 100, 21, 2908224612, sync, Random Diplomatic Value
1, 100, 35, 917839565, sync, Random Diplomatic Value
1, 100, 6, 1510916994, sync, Random Diplomatic Value
1, 100, 88, 275188371, sync, Random Diplomatic Value
1, 100, 63, 3788143312, sync, Random Diplomatic Value
1, 100, 58, 2709641929, sync, Random Diplomatic Value
1, 100, 95, 2506724814, sync, Random Diplomatic Value
1, 100, 53, 4109221103, sync, Random Diplomatic Value
1, 100, 97, 2292478972, sync, Random Diplomatic Value
1, 100, 16, 4198783621, sync, Random Diplomatic Value
1, 100, 66, 713900250, sync, Random Diplomatic Value
1, 100, 49, 2860726539, sync, Random Diplomatic Value
1, 100, 13, 2126697448, sync, Random Diplomatic Value
1, 100, 92, 586488321, sync, Random Diplomatic Value
1, 100, 82, 3993931942, sync, Random Diplomatic Value
1, 100, 56, 3534379751, sync, Random Diplomatic Value
1, 100, 29, 2414167700, sync, Random Diplomatic Value
1, 100, 58, 1251497277, sync, Random Diplomatic Value
1, 100, 22, 2533560626, sync, Random Diplomatic Value
1, 100, 38, 976731779, sync, Random Diplomatic Value
1, 100, 7, 1645885440, sync, Random Diplomatic Value
1, 100, 27, 305793081, sync, Random Diplomatic Value
1, 100, 61, 1179455102, sync, Random Diplomatic Value
1, 100, 67, 2628632543, sync, Random Diplomatic Value
1, 100, 2, 2884293676, sync, Random Diplomatic Value
1, 100, 21, 95022837, sync, Random Diplomatic Value
1, 100, 25, 916952202, sync, Random Diplomatic Value
1, 100, 62, 1096317691, sync, Random Diplomatic Value
1, 100, 89, 2705786648, sync, Random Diplomatic Value
1, 100, 38, 3824649585, sync, Random Diplomatic Value
1, 100, 30, 1634889558, sync, Random Diplomatic Value
1, 100, 26, 1311362007, sync, Random Diplomatic Value
1, 100, 95, 1127316676, sync, Random Diplomatic Value
1, 100, 64, 4088268717, sync, Random Diplomatic Value
1, 100, 42, 2755537634, sync, Random Diplomatic Value
1, 100, 99, 1817529971, sync, Random Diplomatic Value
1, 100, 37, 4264272176, sync, Random Diplomatic Value
1, 100, 69, 1590718889, sync, Random Diplomatic Value
1, 100, 10, 3004699438, sync, Random Diplomatic Value
1, 100, 76, 447504079, sync, Random Diplomatic Value
1, 100, 32, 3277955164, sync, Random Diplomatic Value
1, 100, 88, 1385529189, sync, Random Diplomatic Value
1, 100, 78, 3818271802, sync, Random Diplomatic Value
1, 100, 53, 3384416491, sync, Random Diplomatic Value
1, 100, 37, 2291557960, sync, Random Diplomatic Value
1, 100, 61, 1591979233, sync, Random Diplomatic Value
1, 100, 61, 2627951110, sync, Random Diplomatic Value
1, 100, 85, 2644465863, sync, Random Diplomatic Value
1, 100, 31, 3671039732, sync, Random Diplomatic Value
1, 100, 96, 1368208925, sync, Random Diplomatic Value
1, 100, 44, 4144697490, sync, Random Diplomatic Value
1, 100, 93, 1907276387, sync, Random Diplomatic Value
1, 100, 53, 4022449760, sync, Random Diplomatic Value
1, 100, 85, 2303465241, sync, Random Diplomatic Value
1, 100, 47, 3670385630, sync, Random Diplomatic Value
1, 100, 38, 2043189695, sync, Random Diplomatic Value
1, 100, 48, 1643894924, sync, Random Diplomatic Value
1, 100, 64, 2088635349, sync, Random Diplomatic Value
1, 100, 61, 2768510954, sync, Random Diplomatic Value
1, 100, 51, 2641826523, sync, Random Diplomatic Value
1, 100, 93, 2211705208, sync, Random Diplomatic Value
1, 100, 13, 4020277329, sync, Random Diplomatic Value
1, 100, 40, 586961078, sync, Random Diplomatic Value
1, 100, 95, 1758069175, sync, Random Diplomatic Value
1, 100, 9, 4111641892, sync, Random Diplomatic Value
1, 100, 42, 395108493, sync, Random Diplomatic Value
1, 100, 18, 1836368450, sync, Random Diplomatic Value
1, 100, 90, 787677779, sync, Random Diplomatic Value
1, 100, 63, 3881793424, sync, Random Diplomatic Value
1, 100, 94, 2742286473, sync, Random Diplomatic Value
1, 100, 72, 4044406926, sync, Random Diplomatic Value
1, 100, 23, 3131142319, sync, Random Diplomatic Value
1, 100, 41, 1030519996, sync, Random Diplomatic Value
1, 100, 68, 1788515397, sync, Random Diplomatic Value
1, 100, 65, 2942064538, sync, Random Diplomatic Value
1, 100, 44, 2820565195, sync, Random Diplomatic Value
1, 100, 22, 1893902504, sync, Random Diplomatic Value
1, 100, 51, 970272705, sync, Random Diplomatic Value
1, 100, 27, 2224575334, sync, Random Diplomatic Value
1, 100, 91, 1160300199, sync, Random Diplomatic Value
1, 100, 98, 3943540564, sync, Random Diplomatic Value
1, 100, 99, 4240705277, sync, Random Diplomatic Value
1, 100, 57, 4266016754, sync, Random Diplomatic Value
1, 100, 23, 2458986051, sync, Random Diplomatic Value
1, 100, 24, 1011344576, sync, Random Diplomatic Value
1, 100, 5, 1053758969, sync, Random Diplomatic Value
1, 100, 76, 242510142, sync, Random Diplomatic Value
1, 100, 36, 3281380255, sync, Random Diplomatic Value
1, 100, 74, 1579584748, sync, Random Diplomatic Value
1, 100, 65, 3219265717, sync, Random Diplomatic Value
1, 100, 33, 2815023946, sync, Random Diplomatic Value
1, 100, 92, 1459559099, sync, Random Diplomatic Value
1, 100, 59, 3966077912, sync, Random Diplomatic Value
1, 100, 5, 2565376817, sync, Random Diplomatic Value
1, 100, 64, 240280086, sync, Random Diplomatic Value
1, 100, 0, 2784667543, sync, Random Diplomatic Value
1, 100, 17, 9670020, sync, Random Diplomatic Value
1, 100, 41, 738830701, sync, Random Diplomatic Value
1, 100, 51, 1762298274, sync, Random Diplomatic Value
1, 100, 11, 2226660915, sync, Random Diplomatic Value
1, 100, 86, 478019056, sync, Random Diplomatic Value
1, 100, 87, 3701763945, sync, Random Diplomatic Value
1, 100, 31, 3760954862, sync, Random Diplomatic Value
1, 100, 31, 1355084431, sync, Random Diplomatic Value
1, 100, 29, 1331497244, sync, Random Diplomatic Value
1, 100, 32, 1259051301, sync, Random Diplomatic Value
1, 100, 53, 1412934394, sync, Random Diplomatic Value
1, 100, 50, 2301110443, sync, Random Diplomatic Value
1, 100, 56, 2176817928, sync, Random Diplomatic Value
1, 100, 47, 2416026273, sync, Random Diplomatic Value
1, 100, 79, 2042985670, sync, Random Diplomatic Value
1, 100, 57, 3426657415, sync, Random Diplomatic Value
1, 100, 70, 2486656948, sync, Random Diplomatic Value
1, 100, 89, 3019163613, sync, Random Diplomatic Value
1, 100, 84, 3859586898, sync, Random Diplomatic Value
1, 100, 73, 3612803619, sync, Random Diplomatic Value
1, 100, 36, 3167011616, sync, Random Diplomatic Value
1, 100, 34, 1576731865, sync, Random Diplomatic Value
1, 100, 89, 1479630494, sync, Random Diplomatic Value
1, 100, 30, 3826097535, sync, Random Diplomatic Value
1, 100, 46, 1325592908, sync, Random Diplomatic Value
1, 100, 29, 1989023125, sync, Random Diplomatic Value
1, 100, 49, 1263584938, sync, Random Diplomatic Value
1, 100, 85, 2137559707, sync, Random Diplomatic Value
1, 100, 22, 3675510328, sync, Random Diplomatic Value
1, 100, 61, 973567505, sync, Random Diplomatic Value
1, 100, 71, 2639045494, sync, Random Diplomatic Value
1, 100, 30, 3065232759, sync, Random Diplomatic Value
1, 100, 96, 1330388452, sync, Random Diplomatic Value
1, 100, 83, 4141638221, sync, Random Diplomatic Value
1, 100, 21, 3596058882, sync, Random Diplomatic Value
1, 100, 53, 907852307, sync, Random Diplomatic Value
1, 100, 45, 2292134992, sync, Random Diplomatic Value
1, 100, 36, 1939461705, sync, Random Diplomatic Value
1, 100, 70, 1564519246, sync, Random Diplomatic Value
1, 100, 49, 3037652079, sync, Random Diplomatic Value
1, 100, 72, 2110473596, sync, Random Diplomatic Value
1, 100, 64, 3097529861, sync, Random Diplomatic Value
1, 100, 79, 2759863898, sync, Random Diplomatic Value
1, 100, 94, 3427752075, sync, Random Diplomatic Value
1, 100, 72, 4047846760, sync, Random Diplomatic Value
1, 100, 10, 3114337665, sync, Random Diplomatic Value
1, 100, 6, 469947942, sync, Random Diplomatic Value
1, 100, 33, 299430503, sync, Random Diplomatic Value
1, 100, 10, 1441056788, sync, Random Diplomatic Value
1, 100, 45, 450328765, sync, Random Diplomatic Value
1, 100, 8, 1941319346, sync, Random Diplomatic Value
1, 100, 32, 376983043, sync, Random Diplomatic Value
1, 100, 5, 1380995456, sync, Random Diplomatic Value
1, 100, 47, 235398073, sync, Random Diplomatic Value
1, 100, 62, 2060747774, sync, Random Diplomatic Value
1, 100, 5, 2703738719, sync, Random Diplomatic Value
1, 100, 1, 254346668, sync, Random Diplomatic Value
1, 100, 65, 54133365, sync, Random Diplomatic Value
1, 100, 26, 2817581578, sync, Random Diplomatic Value
1, 100, 23, 1143700091, sync, Random Diplomatic Value
1, 100, 66, 1006031000, sync, Random Diplomatic Value
1, 100, 8, 2838843633, sync, Random Diplomatic Value
1, 100, 15, 365106390, sync, Random Diplomatic Value
1, 100, 46, 669860695, sync, Random Diplomatic Value
1, 100, 47, 1993629252, sync, Random Diplomatic Value
1, 100, 50, 2042432301, sync, Random Diplomatic Value
1, 100, 65, 2159257698, sync, Random Diplomatic Value
1, 100, 51, 2811805171, sync, Random Diplomatic Value
1, 100, 80, 2195397296, sync, Random Diplomatic Value
1, 100, 56, 3448515881, sync, Random Diplomatic Value
1, 100, 10, 2435311790, sync, Random Diplomatic Value
1, 100, 47, 460801615, sync, Random Diplomatic Value
1, 100, 20, 2035233244, sync, Random Diplomatic Value
1, 100, 49, 873558757, sync, Random Diplomatic Value
1, 100, 92, 2123227578, sync, Random Diplomatic Value
1, 100, 88, 3976984683, sync, Random Diplomatic Value
1, 100, 54, 3784019912, sync, Random Diplomatic Value
1, 100, 84, 2330679393, sync, Random Diplomatic Value
1, 100, 81, 3609747334, sync, Random Diplomatic Value
1, 100, 35, 3505369159, sync, Random Diplomatic Value
1, 100, 6, 1538121844, sync, Random Diplomatic Value
1, 100, 97, 287578525, sync, Random Diplomatic Value
1, 100, 75, 4170903058, sync, Random Diplomatic Value
1, 100, 28, 3261925859, sync, Random Diplomatic Value
1, 100, 44, 1241681888, sync, Random Diplomatic Value
1, 100, 52, 1915597465, sync, Random Diplomatic Value
1, 100, 11, 2234898782, sync, Random Diplomatic Value
1, 100, 64, 484204863, sync, Random Diplomatic Value
1, 100, 51, 2771438092, sync, Random Diplomatic Value
1, 100, 88, 2224938837, sync, Random Diplomatic Value
1, 100, 93, 3791793514, sync, Random Diplomatic Value
1, 100, 90, 4005548635, sync, Random Diplomatic Value
1, 100, 22, 3878058744, sync, Random Diplomatic Value
1, 100, 53, 950672337, sync, Random Diplomatic Value
1, 100, 38, 2307765814, sync, Random Diplomatic Value
1, 100, 72, 1654602039, sync, Random Diplomatic Value
1, 100, 94, 3099872932, sync, Random Diplomatic Value
1, 100, 74, 4066616333, sync, Random Diplomatic Value
1, 100, 85, 3212246978, sync, Random Diplomatic Value
1, 100, 80, 3651416531, sync, Random Diplomatic Value
1, 100, 29, 3460935952, sync, Random Diplomatic Value
1, 100, 94, 1270051849, sync, Random Diplomatic Value
1, 100, 7, 4038678030, sync, Random Diplomatic Value
1, 100, 11, 334895151, sync, Random Diplomatic Value
1, 100, 97, 511757884, sync, Random Diplomatic Value
1, 100, 79, 4195764165, sync, Random Diplomatic Value
1, 100, 51, 3434661146, sync, Random Diplomatic Value
1, 100, 37, 2195064907, sync, Random Diplomatic Value
1, 100, 32, 1621791272, sync, Random Diplomatic Value
1, 100, 88, 1410898753, sync, Random Diplomatic Value
1, 100, 62, 3809351910, sync, Random Diplomatic Value
1, 100, 48, 2692406823, sync, Random Diplomatic Value
1, 100, 69, 2099947732, sync, Random Diplomatic Value
1, 100, 32, 2995956349, sync, Random Diplomatic Value
1, 100, 91, 1376968050, sync, Random Diplomatic Value
1, 100, 36, 3920442819, sync, Random Diplomatic Value
1, 100, 66, 1559461440, sync, Random Diplomatic Value
1, 100, 82, 2846126457, sync, Random Diplomatic Value
1, 100, 83, 3526188734, sync, Random Diplomatic Value
1, 100, 26, 3575868191, sync, Random Diplomatic Value
1, 100, 83, 1135754860, sync, Random Diplomatic Value
1, 100, 16, 3580996661, sync, Random Diplomatic Value
1, 100, 89, 702326986, sync, Random Diplomatic Value
1, 100, 62, 3835533883, sync, Random Diplomatic Value
1, 100, 71, 2696598872, sync, Random Diplomatic Value
1, 100, 83, 3063797425, sync, Random Diplomatic Value
1, 100, 67, 3599009686, sync, Random Diplomatic Value
1, 100, 1, 2881593111, sync, Random Diplomatic Value
1, 100, 85, 45346564, sync, Random Diplomatic Value
1, 100, 46, 3666357485, sync, Random Diplomatic Value
1, 100, 40, 1979287330, sync, Random Diplomatic Value
1, 100, 60, 1756829107, sync, Random Diplomatic Value
1, 100, 29, 2583885680, sync, Random Diplomatic Value
1, 100, 23, 1262988009, sync, Random Diplomatic Value
1, 100, 54, 1020064622, sync, Random Diplomatic Value
1, 100, 46, 2323864079, sync, Random Diplomatic Value
1, 100, 1, 1979194012, sync, Random Diplomatic Value
1, 100, 52, 57085093, sync, Random Diplomatic Value
1, 100, 25, 2237192314, sync, Random Diplomatic Value
1, 100, 40, 1092978731, sync, Random Diplomatic Value
1, 100, 88, 1757037704, sync, Random Diplomatic Value
1, 100, 26, 3781217825, sync, Random Diplomatic Value
1, 100, 95, 1133249094, sync, Random Diplomatic Value
1, 100, 24, 4084366343, sync, Random Diplomatic Value
1, 100, 33, 1039343924, sync, Random Diplomatic Value
1, 100, 91, 1457204061, sync, Random Diplomatic Value
1, 100, 21, 3916823762, sync, Random Diplomatic Value
1, 100, 68, 917557667, sync, Random Diplomatic Value
1, 100, 81, 2956663968, sync, Random Diplomatic Value
1, 100, 3, 3483639897, sync, Random Diplomatic Value
1, 100, 64, 143856670, sync, Random Diplomatic Value
1, 100, 28, 2750735615, sync, Random Diplomatic Value
1, 100, 54, 1229284044, sync, Random Diplomatic Value
1, 100, 73, 2355980565, sync, Random Diplomatic Value
1, 100, 65, 3151516714, sync, Random Diplomatic Value
1, 100, 9, 2805781019, sync, Random Diplomatic Value
1, 100, 42, 416014264, sync, Random Diplomatic Value
1, 100, 65, 1833468305, sync, Random Diplomatic Value
1, 100, 14, 2793375990, sync, Random Diplomatic Value
1, 100, 93, 608990455, sync, Random Diplomatic Value
1, 100, 90, 3996860260, sync, Random Diplomatic Value
1, 100, 7, 3890390477, sync, Random Diplomatic Value
1, 100, 55, 328416898, sync, Random Diplomatic Value
1, 100, 50, 2370398611, sync, Random Diplomatic Value
1, 100, 14, 2166287824, sync, Random Diplomatic Value
1, 100, 50, 629199305, sync, Random Diplomatic Value
1, 100, 77, 2184888526, sync, Random Diplomatic Value
1, 100, 70, 3340176367, sync, Random Diplomatic Value
1, 100, 1, 3024951036, sync, Random Diplomatic Value
1, 100, 66, 79413637, sync, Random Diplomatic Value
1, 100, 96, 2865109978, sync, Random Diplomatic Value
1, 100, 87, 4151474187, sync, Random Diplomatic Value
1, 100, 48, 3755124456, sync, Random Diplomatic Value
1, 100, 78, 2063331585, sync, Random Diplomatic Value
1, 100, 9, 3363445670, sync, Random Diplomatic Value
1, 100, 80, 416188903, sync, Random Diplomatic Value
1, 100, 56, 3449768340, sync, Random Diplomatic Value
1, 100, 70, 2444598333, sync, Random Diplomatic Value
1, 100, 93, 3021753394, sync, Random Diplomatic Value
1, 100, 83, 4025474435, sync, Random Diplomatic Value
1, 100, 98, 3572591360, sync, Random Diplomatic Value
1, 100, 10, 4217683769, sync, Random Diplomatic Value
1, 100, 74, 457111934, sync, Random Diplomatic Value
1, 100, 25, 3209219807, sync, Random Diplomatic Value
1, 100, 98, 1082275628, sync, Random Diplomatic Value
1, 100, 87, 4232648181, sync, Random Diplomatic Value
1, 100, 82, 3763154826, sync, Random Diplomatic Value
1, 100, 91, 3558177275, sync, Random Diplomatic Value
1, 100, 13, 3950090776, sync, Random Diplomatic Value
1, 100, 43, 585243761, sync, Random Diplomatic Value
1, 100, 78, 1867954774, sync, Random Diplomatic Value
1, 100, 75, 3375872727, sync, Random Diplomatic Value
1, 100, 4, 3237101508, sync, Random Diplomatic Value
1, 100, 57, 204148397, sync, Random Diplomatic Value
1, 100, 10, 2476484066, sync, Random Diplomatic Value
1, 100, 54, 466824563, sync, Random Diplomatic Value
1, 100, 18, 2327155760, sync, Random Diplomatic Value
1, 100, 10, 798419113, sync, Random Diplomatic Value
1, 100, 42, 433765934, sync, Random Diplomatic Value
1, 100, 22, 1839803855, sync, Random Diplomatic Value
1, 100, 43, 974635868, sync, Random Diplomatic Value
1, 100, 29, 1858889317, sync, Random Diplomatic Value
1, 100, 56, 1264095034, sync, Random Diplomatic Value
1, 100, 59, 2436159467, sync, Random Diplomatic Value
1, 100, 89, 2550905160, sync, Random Diplomatic Value
1, 100, 5, 3844211681, sync, Random Diplomatic Value
1, 100, 23, 229664006, sync, Random Diplomatic Value
1, 100, 3, 998705095, sync, Random Diplomatic Value
1, 100, 19, 130490868, sync, Random Diplomatic Value
1, 100, 20, 853146909, sync, Random Diplomatic Value
1, 100, 96, 861784978, sync, Random Diplomatic Value
1, 100, 78, 4158806371, sync, Random Diplomatic Value
1, 100, 25, 3358484832, sync, Random Diplomatic Value
1, 100, 28, 1075727897, sync, Random Diplomatic Value
1, 100, 72, 1225330398, sync, Random Diplomatic Value
1, 100, 87, 3105302719, sync, Random Diplomatic Value
1, 100, 20, 3758144396, sync, Random Diplomatic Value
1, 100, 92, 868004565, sync, Random Diplomatic Value
1, 100, 14, 3952294634, sync, Random Diplomatic Value
1, 100, 62, 614437339, sync, Random Diplomatic Value
1, 100, 10, 2697200760, sync, Random Diplomatic Value
1, 100, 44, 430090065, sync, Random Diplomatic Value
1, 100, 45, 1927420854, sync, Random Diplomatic Value
1, 100, 42, 1937469623, sync, Random Diplomatic Value
1, 100, 45, 1819340836, sync, Random Diplomatic Value
1, 100, 48, 1964599181, sync, Random Diplomatic Value
1, 100, 51, 2104245570, sync, Random Diplomatic Value
1, 100, 16, 2227986771, sync, Random Diplomatic Value
1, 100, 72, 702474896, sync, Random Diplomatic Value
1, 100, 65, 3133271945, sync, Random Diplomatic Value
1, 100, 49, 2827283342, sync, Random Diplomatic Value
1, 100, 57, 2117189551, sync, Random Diplomatic Value
1, 100, 43, 2481987516, sync, Random Diplomatic Value
1, 100, 50, 1850800965, sync, Random Diplomatic Value
1, 100, 8, 2171089562, sync, Random Diplomatic Value
1, 100, 31, 367306699, sync, Random Diplomatic Value
1, 100, 37, 1333623720, sync, Random Diplomatic Value
1, 100, 48, 1611335361, sync, Random Diplomatic Value
1, 100, 38, 2064047718, sync, Random Diplomatic Value
1, 100, 45, 1653863847, sync, Random Diplomatic Value
1, 100, 27, 1946331732, sync, Random Diplomatic Value
1, 100, 45, 1174425085, sync, Random Diplomatic Value
1, 100, 80, 1955756786, sync, Random Diplomatic Value
1, 100, 94, 3439347011, sync, Random Diplomatic Value
1, 100, 67, 4077524928, sync, Random Diplomatic Value
1, 100, 11, 2903035129, sync, Random Diplomatic Value
1, 100, 49, 482956350, sync, Random Diplomatic Value
1, 100, 4, 2136470175, sync, Random Diplomatic Value
1, 100, 99, 173600748, sync, Random Diplomatic Value
1, 100, 24, 4253040565, sync, Random Diplomatic Value
1, 100, 43, 1040348746, sync, Random Diplomatic Value
1, 100, 67, 1850939835, sync, Random Diplomatic Value
1, 100, 6, 2900041432, sync, Random Diplomatic Value
1, 100, 74, 264380977, sync, Random Diplomatic Value
1, 100, 84, 3204033814, sync, Random Diplomatic Value
1, 100, 55, 3624900247, sync, Random Diplomatic Value
1, 100, 54, 2387562628, sync, Random Diplomatic Value
1, 100, 89, 2355474541, sync, Random Diplomatic Value
1, 100, 83, 3831202978, sync, Random Diplomatic Value
1, 100, 24, 3568108851, sync, Random Diplomatic Value
1, 100, 7, 1035137264, sync, Random Diplomatic Value
1, 100, 12, 339338857, sync, Random Diplomatic Value
1, 100, 33, 521226478, sync, Random Diplomatic Value
1, 100, 47, 1420345743, sync, Random Diplomatic Value
1, 100, 92, 2054040604, sync, Random Diplomatic Value
1, 100, 45, 3959521317, sync, Random Diplomatic Value
1, 100, 66, 1934427642, sync, Random Diplomatic Value
1, 100, 68, 2834950059, sync, Random Diplomatic Value
1, 100, 65, 2956979720, sync, Random Diplomatic Value
1, 100, 26, 2817456545, sync, Random Diplomatic Value
1, 100, 44, 1146456006, sync, Random Diplomatic Value
1, 100, 27, 1894601607, sync, Random Diplomatic Value
1, 100, 7, 1172955828, sync, Random Diplomatic Value
1, 100, 6, 316706525, sync, Random Diplomatic Value
1, 100, 53, 286415442, sync, Random Diplomatic Value
1, 100, 16, 2311168291, sync, Random Diplomatic Value
1, 100, 30, 714896928, sync, Random Diplomatic Value
1, 100, 42, 1297890265, sync, Random Diplomatic Value
1, 100, 35, 1834469790, sync, Random Diplomatic Value
1, 100, 80, 1543711871, sync, Random Diplomatic Value
1, 100, 87, 3458389068, sync, Random Diplomatic Value
1, 100, 26, 3763059861, sync, Random Diplomatic Value
1, 100, 63, 1139990954, sync, Random Diplomatic Value
1, 100, 43, 2728923547, sync, Random Diplomatic Value
1, 100, 24, 1875831096, sync, Random Diplomatic Value
1, 100, 17, 1064865041, sync, Random Diplomatic Value
1, 100, 53, 762670710, sync, Random Diplomatic Value
1, 100, 43, 2280402039, sync, Random Diplomatic Value
1, 100, 96, 1881497828, sync, Random Diplomatic Value
1, 100, 40, 4157073741, sync, Random Diplomatic Value
1, 100, 70, 1740766210, sync, Random Diplomatic Value
1, 100, 6, 3018660115, sync, Random Diplomatic Value
1, 100, 52, 290039632, sync, Random Diplomatic Value
1, 100, 72, 2234961225, sync, Random Diplomatic Value
1, 100, 66, 3126318670, sync, Random Diplomatic Value
1, 100, 82, 2835755887, sync, Random Diplomatic Value
1, 100, 54, 3525961852, sync, Random Diplomatic Value
1, 100, 32, 2358637829, sync, Random Diplomatic Value
1, 100, 53, 1398737242, sync, Random Diplomatic Value
1, 100, 31, 2313983883, sync, Random Diplomatic Value
1, 100, 95, 1349193832, sync, Random Diplomatic Value
1, 100, 41, 4110802049, sync, Random Diplomatic Value
1, 100, 14, 1769234726, sync, Random Diplomatic Value
1, 100, 36, 629875047, sync, Random Diplomatic Value
1, 100, 11, 1561643796, sync, Random Diplomatic Value
1, 100, 18, 489865149, sync, Random Diplomatic Value
1, 100, 89, 775252402, sync, Random Diplomatic Value
1, 100, 68, 3835587843, sync, Random Diplomatic Value
1, 100, 15, 2952627328, sync, Random Diplomatic Value
1, 100, 36, 676371129, sync, Random Diplomatic Value
1, 100, 95, 1569484542, sync, Random Diplomatic Value
1, 100, 39, 4111521375, sync, Random Diplomatic Value
1, 100, 12, 1710647468, sync, Random Diplomatic Value
1, 100, 45, 517417333, sync, Random Diplomatic Value
1, 100, 80, 1975287050, sync, Random Diplomatic Value
1, 100, 20, 3474356603, sync, Random Diplomatic Value
1, 100, 37, 901211032, sync, Random Diplomatic Value
1, 100, 39, 1593698289, sync, Random Diplomatic Value
1, 100, 93, 1680695254, sync, Random Diplomatic Value
1, 100, 2, 4027134551, sync, Random Diplomatic Value
1, 100, 59, 126558532, sync, Random Diplomatic Value
1, 100, 19, 2566394413, sync, Random Diplomatic Value
1, 100, 40, 855090018, sync, Random Diplomatic Value
1, 100, 35, 1728355571, sync, Random Diplomatic Value
1, 100, 32, 1538985392, sync, Random Diplomatic Value
1, 100, 1, 1391502377, sync, Random Diplomatic Value
1, 100, 55, 53515182, sync, Random Diplomatic Value
1, 100, 67, 2403472719, sync, Random Diplomatic Value
1, 100, 69, 2881180892, sync, Random Diplomatic Value
1, 100, 37, 2965789157, sync, Random Diplomatic Value
1, 100, 7, 1609972922, sync, Random Diplomatic Value
1, 100, 69, 338999147, sync, Random Diplomatic Value
1, 100, 98, 2987844296, sync, Random Diplomatic Value
1, 100, 71, 4219973473, sync, Random Diplomatic Value
1, 100, 10, 3057347206, sync, Random Diplomatic Value
1, 100, 26, 459628359, sync, Random Diplomatic Value
1, 100, 14, 1159422836, sync, Random Diplomatic Value
1, 100, 48, 615440541, sync, Random Diplomatic Value
1, 100, 18, 2102634770, sync, Random Diplomatic Value
1, 100, 18, 806267107, sync, Random Diplomatic Value
1, 100, 25, 809845472, sync, Random Diplomatic Value
1, 100, 36, 1092479385, sync, Random Diplomatic Value
1, 100, 29, 1547650142, sync, Random Diplomatic Value
1, 100, 22, 1282994239, sync, Random Diplomatic Value
1, 100, 71, 946580748, sync, Random Diplomatic Value
1, 100, 34, 3084551765, sync, Random Diplomatic Value
1, 100, 11, 1471629418, sync, Random Diplomatic Value
1, 100, 21, 488001883, sync, Random Diplomatic Value
1, 100, 62, 917278200, sync, Random Diplomatic Value
1, 100, 83, 2693411537, sync, Random Diplomatic Value
1, 100, 34, 3573121334, sync, Random Diplomatic Value
1, 100, 96, 1499375671, sync, Random Diplomatic Value
1, 100, 55, 4128805284, sync, Random Diplomatic Value
1, 100, 98, 2377001741, sync, Random Diplomatic Value
1, 100, 80, 4250172098, sync, Random Diplomatic Value
1, 100, 25, 3463155923, sync, Random Diplomatic Value
1, 100, 74, 1075782672, sync, Random Diplomatic Value
1, 100, 80, 3198118665, sync, Random Diplomatic Value
1, 100, 46, 3463676174, sync, Random Diplomatic Value
1, 100, 26, 2002020143, sync, Random Diplomatic Value
1, 100, 45, 1136292156, sync, Random Diplomatic Value
1, 100, 88, 1967828677, sync, Random Diplomatic Value
1, 100, 74, 3815415834, sync, Random Diplomatic Value
1, 100, 26, 3209316171, sync, Random Diplomatic Value
1, 100, 92, 1130063144, sync, Random Diplomatic Value
1, 100, 75, 3953947201, sync, Random Diplomatic Value
1, 100, 78, 3263341542, sync, Random Diplomatic Value
1, 100, 20, 3379825959, sync, Random Diplomatic Value
1, 100, 14, 899001300, sync, Random Diplomatic Value
1, 100, 23, 621605245, sync, Random Diplomatic Value
1, 100, 35, 1002772594, sync, Random Diplomatic Value
1, 100, 76, 1519015107, sync, Random Diplomatic Value
1, 100, 58, 3297489216, sync, Random Diplomatic Value
1, 100, 14, 2533107833, sync, Random Diplomatic Value
1, 100, 75, 608717246, sync, Random Diplomatic Value
1, 100, 84, 3224599071, sync, Random Diplomatic Value
1, 100, 39, 3625623916, sync, Random Diplomatic Value
1, 100, 47, 1712182069, sync, Random Diplomatic Value
1, 100, 82, 2050704330, sync, Random Diplomatic Value
1, 100, 58, 3525286203, sync, Random Diplomatic Value
1, 100, 69, 2529585240, sync, Random Diplomatic Value
1, 100, 74, 2991943089, sync, Random Diplomatic Value
1, 100, 90, 3182547606, sync, Random Diplomatic Value
1, 100, 53, 3907292695, sync, Random Diplomatic Value
1, 100, 18, 2305143300, sync, Random Diplomatic Value
1, 100, 3, 799159277, sync, Random Diplomatic Value
1, 100, 40, 170951202, sync, Random Diplomatic Value
1, 100, 30, 1721365683, sync, Random Diplomatic Value
1, 100, 2, 1301146224, sync, Random Diplomatic Value
1, 100, 23, 91955689, sync, Random Diplomatic Value
1, 100, 17, 1022926446, sync, Random Diplomatic Value
1, 100, 1, 758458639, sync, Random Diplomatic Value
1, 100, 69, 46087580, sync, Random Diplomatic Value
1, 100, 20, 3000693669, sync, Random Diplomatic Value
1, 100, 11, 873739130, sync, Random Diplomatic Value
1, 100, 36, 514148139, sync, Random Diplomatic Value
1, 100, 44, 1582339976, sync, Random Diplomatic Value
1, 100, 94, 1907107105, sync, Random Diplomatic Value
1, 100, 51, 4062317894, sync, Random Diplomatic Value
1, 100, 7, 2192517895, sync, Random Diplomatic Value
1, 100, 33, 303801396, sync, Random Diplomatic Value
1, 100, 19, 1443164765, sync, Random Diplomatic Value
1, 100, 93, 853653458, sync, Random Diplomatic Value
1, 100, 94, 4001984675, sync, Random Diplomatic Value
1, 100, 14, 4058566560, sync, Random Diplomatic Value
1, 100, 73, 623073113, sync, Random Diplomatic Value
1, 100, 3, 3162472222, sync, Random Diplomatic Value
1, 100, 1, 171471871, sync, Random Diplomatic Value
1, 100, 62, 60507596, sync, Random Diplomatic Value
1, 100, 47, 2687045653, sync, Random Diplomatic Value
1, 100, 31, 2040557354, sync, Random Diplomatic Value
1, 100, 39, 1336561947, sync, Random Diplomatic Value
1, 100, 74, 1713173176, sync, Random Diplomatic Value
1, 100, 15, 3197606033, sync, Random Diplomatic Value
1, 100, 62, 674124790, sync, Random Diplomatic Value
1, 100, 73, 2677203959, sync, Random Diplomatic Value
1, 100, 8, 3138028132, sync, Random Diplomatic Value
1, 100, 15, 344730829, sync, Random Diplomatic Value
1, 100, 28, 686012802, sync, Random Diplomatic Value
1, 100, 49, 1208469651, sync, Random Diplomatic Value
1, 100, 37, 2132762832, sync, Random Diplomatic Value
1, 100, 73, 1622919369, sync, Random Diplomatic Value
1, 100, 84, 3147295694, sync, Random Diplomatic Value
1, 100, 48, 3638319855, sync, Random Diplomatic Value
1, 100, 99, 2103556604, sync, Random Diplomatic Value
1, 100, 70, 4264503429, sync, Random Diplomatic Value
1, 100, 88, 3024811738, sync, Random Diplomatic Value
1, 100, 28, 3787306763, sync, Random Diplomatic Value
1, 100, 70, 1225685480, sync, Random Diplomatic Value
1, 100, 45, 3049179137, sync, Random Diplomatic Value
1, 100, 46, 1961993894, sync, Random Diplomatic Value
1, 100, 41, 1980676327, sync, Random Diplomatic Value
1, 100, 16, 1782926484, sync, Random Diplomatic Value
1, 100, 71, 726590269, sync, Random Diplomatic Value
1, 100, 7, 3087107890, sync, Random Diplomatic Value
1, 100, 66, 310639747, sync, Random Diplomatic Value
1, 100, 88, 2842992128, sync, Random Diplomatic Value
1, 100, 46, 3804984889, sync, Random Diplomatic Value
1, 100, 25, 2008867966, sync, Random Diplomatic Value
1, 100, 64, 1082121695, sync, Random Diplomatic Value
1, 100, 59, 2776996396, sync, Random Diplomatic Value
1, 100, 99, 2565094645, sync, Random Diplomatic Value
1, 100, 7, 4265527946, sync, Random Diplomatic Value
1, 100, 62, 321812731, sync, Random Diplomatic Value
1, 100, 42, 2697473304, sync, Random Diplomatic Value
1, 100, 91, 1804120945, sync, Random Diplomatic Value
1, 100, 35, 3930522966, sync, Random Diplomatic Value
1, 100, 18, 1516349911, sync, Random Diplomatic Value
1, 100, 5, 815727300, sync, Random Diplomatic Value
1, 100, 70, 237245869, sync, Random Diplomatic Value
1, 100, 15, 3032883426, sync, Random Diplomatic Value
1, 100, 23, 657263731, sync, Random Diplomatic Value
1, 100, 2, 1005291312, sync, Random Diplomatic Value
1, 100, 1, 93937577, sync, Random Diplomatic Value
1, 100, 99, 53045550, sync, Random Diplomatic Value
1, 100, 45, 4265737423, sync, Random Diplomatic Value
1, 100, 65, 1949951580, sync, Random Diplomatic Value
1, 100, 82, 2818526565, sync, Random Diplomatic Value
1, 100, 82, 3529959994, sync, Random Diplomatic Value
1, 100, 20, 3557529323, sync, Random Diplomatic Value
1, 100, 35, 900533320, sync, Random Diplomatic Value
1, 100, 27, 1545362145, sync, Random Diplomatic Value
1, 100, 68, 1187606534, sync, Random Diplomatic Value
1, 100, 47, 2928326343, sync, Random Diplomatic Value
1, 100, 33, 2041226484, sync, Random Diplomatic Value
1, 100, 67, 1419953181, sync, Random Diplomatic Value
1, 100, 53, 2893842066, sync, Random Diplomatic Value
1, 100, 28, 2297559139, sync, Random Diplomatic Value
1, 100, 76, 1212619872, sync, Random Diplomatic Value
1, 100, 95, 3274474777, sync, Random Diplomatic Value
1, 100, 83, 4107827678, sync, Random Diplomatic Value
1, 100, 82, 3573659583, sync, Random Diplomatic Value
1, 100, 24, 3564215948, sync, Random Diplomatic Value
1, 100, 73, 1056397781, sync, Random Diplomatic Value
1, 100, 71, 3161347562, sync, Random Diplomatic Value
1, 100, 18, 3055816923, sync, Random Diplomatic Value
1, 100, 85, 786438008, sync, Random Diplomatic Value
1, 100, 64, 3680550481, sync, Random Diplomatic Value
1, 100, 82, 2782127798, sync, Random Diplomatic Value
1, 100, 23, 3527991223, sync, Random Diplomatic Value
1, 100, 16, 1002124068, sync, Random Diplomatic Value
1, 100, 58, 706866829, sync, Random Diplomatic Value
1, 100, 33, 2502932546, sync, Random Diplomatic Value
1, 100, 33, 1417789523, sync, Random Diplomatic Value
1, 100, 14, 1460297104, sync, Random Diplomatic Value
1, 100, 9, 625731209, sync, Random Diplomatic Value
1, 100, 48, 411375246, sync, Random Diplomatic Value
1, 100, 82, 2103316143, sync, Random Diplomatic Value
1, 100, 73, 3554656956, sync, Random Diplomatic Value
1, 100, 3, 3171115589, sync, Random Diplomatic Value
1, 100, 86, 146804122, sync, Random Diplomatic Value
1, 100, 25, 3708217035, sync, Random Diplomatic Value
1, 100, 51, 1111772840, sync, Random Diplomatic Value
1, 100, 18, 2231164353, sync, Random Diplomatic Value
1, 100, 7, 797010278, sync, Random Diplomatic Value
1, 100, 15, 320545959, sync, Random Diplomatic Value
1, 100, 74, 669232468, sync, Random Diplomatic Value
1, 100, 49, 3182990589, sync, Random Diplomatic Value
1, 100, 68, 2108339698, sync, Random Diplomatic Value
1, 100, 59, 2957730883, sync, Random Diplomatic Value
1, 100, 70, 2541243072, sync, Random Diplomatic Value
1, 100, 11, 3044967417, sync, Random Diplomatic Value
1, 100, 58, 514473790, sync, Random Diplomatic Value
1, 100, 82, 2511733151, sync, Random Diplomatic Value
1, 100, 23, 3539423980, sync, Random Diplomatic Value
1, 100, 45, 1025140405, sync, Random Diplomatic Value
1, 100, 92, 1955008842, sync, Random Diplomatic Value
1, 100, 89, 3993180347, sync, Random Diplomatic Value
1, 100, 67, 3833377240, sync, Random Diplomatic Value
1, 100, 78, 2891430193, sync, Random Diplomatic Value
1, 100, 61, 3366778902, sync, Random Diplomatic Value
1, 100, 85, 2621474199, sync, Random Diplomatic Value
1, 100, 69, 3656848260, sync, Random Diplomatic Value
1, 100, 24, 2990389101, sync, Random Diplomatic Value
1, 100, 73, 1031307170, sync, Random Diplomatic Value
1, 100, 6, 3162367027, sync, Random Diplomatic Value
1, 100, 92, 261350384, sync, Random Diplomatic Value
1, 100, 29, 3976945001, sync, Random Diplomatic Value
1, 100, 57, 1283650542, sync, Random Diplomatic Value
1, 100, 70, 2452131983, sync, Random Diplomatic Value
1, 100, 2, 3035320092, sync, Random Diplomatic Value
1, 100, 86, 99837733, sync, Random Diplomatic Value
1, 100, 0, 3719192826, sync, Random Diplomatic Value
1, 100, 47, 2598571, sync, Random Diplomatic Value
1, 100, 79, 2028749064, sync, Random Diplomatic Value
1, 100, 76, 3432534177, sync, Random Diplomatic Value
1, 100, 40, 3270611654, sync, Random Diplomatic Value
1, 100, 3, 1723335303, sync, Random Diplomatic Value
1, 100, 55, 143156660, sync, Random Diplomatic Value
1, 100, 14, 2387105245, sync, Random Diplomatic Value
1, 100, 51, 618927442, sync, Random Diplomatic Value
1, 100, 79, 2198356003, sync, Random Diplomatic Value
1, 100, 64, 3424659744, sync, Random Diplomatic Value
1, 100, 17, 2767811289, sync, Random Diplomatic Value
1, 100, 67, 738866334, sync, Random Diplomatic Value
1, 100, 6, 2895428479, sync, Random Diplomatic Value
1, 100, 97, 263108428, sync, Random Diplomatic Value
1, 100, 94, 4194657173, sync, Random Diplomatic Value
1, 100, 54, 4074831018, sync, Random Diplomatic Value
1, 100, 50, 2353238171, sync, Random Diplomatic Value
1, 100, 97, 2176187448, sync, Random Diplomatic Value
1, 100, 54, 4171605009, sync, Random Diplomatic Value
1, 100, 16, 2359966070, sync, Random Diplomatic Value
1, 100, 70, 692099959, sync, Random Diplomatic Value
1, 100, 17, 3035276260, sync, Random Diplomatic Value
1, 100, 67, 741306445, sync, Random Diplomatic Value
1, 100, 90, 2901964546, sync, Random Diplomatic Value
1, 100, 6, 3885594643, sync, Random Diplomatic Value
1, 100, 52, 278927952, sync, Random Diplomatic Value
1, 100, 23, 2249180233, sync, Random Diplomatic Value
1, 100, 83, 1006305614, sync, Random Diplomatic Value
1, 100, 35, 3566830191, sync, Random Diplomatic Value
1, 100, 2, 1542753148, sync, Random Diplomatic Value
1, 100, 88, 126311429, sync, Random Diplomatic Value
1, 100, 36, 3817464922, sync, Random Diplomatic Value
1, 100, 81, 1558566539, sync, Random Diplomatic Value
1, 100, 29, 3485262696, sync, Random Diplomatic Value
1, 100, 37, 1260827521, sync, Random Diplomatic Value
1, 100, 28, 1626467366, sync, Random Diplomatic Value
1, 100, 35, 1213812839, sync, Random Diplomatic Value
1, 100, 16, 1529925140, sync, Random Diplomatic Value
1, 100, 15, 705300157, sync, Random Diplomatic Value
1, 100, 59, 662742194, sync, Random Diplomatic Value
1, 100, 52, 2543881219, sync, Random Diplomatic Value
1, 100, 47, 2270607232, sync, Random Diplomatic Value
1, 100, 62, 2027246009, sync, Random Diplomatic Value
1, 100, 62, 2681231870, sync, Random Diplomatic Value
1, 100, 14, 2677400927, sync, Random Diplomatic Value
1, 100, 59, 623889324, sync, Random Diplomatic Value
1, 100, 6, 2557497461, sync, Random Diplomatic Value
1, 100, 49, 265558026, sync, Random Diplomatic Value
1, 100, 69, 2120054907, sync, Random Diplomatic Value
1, 100, 33, 2997089944, sync, Random Diplomatic Value
1, 100, 96, 1451392753, sync, Random Diplomatic Value
1, 100, 77, 4154698454, sync, Random Diplomatic Value
1, 100, 13, 3326157143, sync, Random Diplomatic Value
1, 100, 35, 573432900, sync, Random Diplomatic Value
1, 100, 43, 1504647469, sync, Random Diplomatic Value
1, 100, 97, 1862770274, sync, Random Diplomatic Value
1, 100, 44, 4199316467, sync, Random Diplomatic Value
1, 100, 8, 1900478640, sync, Random Diplomatic Value
1, 100, 81, 361831209, sync, Random Diplomatic Value
1, 100, 22, 3485810350, sync, Random Diplomatic Value
1, 100, 22, 950592591, sync, Random Diplomatic Value
1, 100, 0, 965965788, sync, Random Diplomatic Value
1, 100, 72, 41369829, sync, Random Diplomatic Value
1, 100, 18, 3098187706, sync, Random Diplomatic Value
1, 100, 15, 783906411, sync, Random Diplomatic Value
1, 100, 58, 684602824, sync, Random Diplomatic Value
1, 100, 20, 2497709665, sync, Random Diplomatic Value
1, 100, 19, 895120774, sync, Random Diplomatic Value
1, 100, 4, 855051847, sync, Random Diplomatic Value
1, 100, 19, 192210548, sync, Random Diplomatic Value
1, 100, 58, 817211293, sync, Random Diplomatic Value
1, 100, 12, 2530763794, sync, Random Diplomatic Value
1, 100, 83, 546064355, sync, Random Diplomatic Value
1, 100, 7, 3593729504, sync, Random Diplomatic Value
1, 100, 28, 340402329, sync, Random Diplomatic Value
1, 100, 31, 1221898078, sync, Random Diplomatic Value
1, 100, 85, 1353809727, sync, Random Diplomatic Value
1, 100, 96, 3658649612, sync, Random Diplomatic Value
1, 100, 68, 4145229141, sync, Random Diplomatic Value
1, 100, 80, 2948096874, sync, Random Diplomatic Value
1, 100, 6, 3452489819, sync, Random Diplomatic Value
1, 100, 84, 257859832, sync, Random Diplomatic Value
1, 100, 85, 3626387921, sync, Random Diplomatic Value
1, 100, 61, 3681635382, sync, Random Diplomatic Value
1, 100, 13, 2621052727, sync, Random Diplomatic Value
1, 100, 22, 593024164, sync, Random Diplomatic Value
1, 100, 60, 947171853, sync, Random Diplomatic Value
1, 100, 70, 2600334786, sync, Random Diplomatic Value
1, 100, 70, 3037654995, sync, Random Diplomatic Value
1, 100, 73, 3030423312, sync, Random Diplomatic Value
1, 100, 23, 3167183369, sync, Random Diplomatic Value
1, 100, 5, 1018801166, sync, Random Diplomatic Value
1, 100, 91, 240039471, sync, Random Diplomatic Value
1, 100, 95, 3932165180, sync, Random Diplomatic Value
1, 100, 2, 4084929989, sync, Random Diplomatic Value
1, 100, 80, 124287770, sync, Random Diplomatic Value
1, 100, 32, 3441067595, sync, Random Diplomatic Value
1, 100, 72, 1379416104, sync, Random Diplomatic Value
1, 100, 21, 3120318785, sync, Random Diplomatic Value
1, 100, 49, 939732710, sync, Random Diplomatic Value
1, 100, 69, 2106145831, sync, Random Diplomatic Value
1, 100, 49, 2968301268, sync, Random Diplomatic Value
1, 100, 6, 2114140285, sync, Random Diplomatic Value
1, 100, 92, 272847730, sync, Random Diplomatic Value
1, 100, 19, 3963843523, sync, Random Diplomatic Value
1, 100, 33, 835707968, sync, Random Diplomatic Value
1, 100, 25, 1452269433, sync, Random Diplomatic Value
1, 100, 99, 1106195646, sync, Random Diplomatic Value
1, 100, 12, 4259285279, sync, Random Diplomatic Value
1, 100, 69, 552535148, sync, Random Diplomatic Value
1, 100, 76, 2963667509, sync, Random Diplomatic Value
1, 100, 62, 3269844682, sync, Random Diplomatic Value
1, 100, 10, 2684196923, sync, Random Diplomatic Value
1, 100, 4, 469629784, sync, Random Diplomatic Value
1, 100, 83, 197723313, sync, Random Diplomatic Value
1, 100, 68, 3588955542, sync, Random Diplomatic Value
1, 100, 39, 2955115799, sync, Random Diplomatic Value
1, 100, 0, 1711502596, sync, Random Diplomatic Value
1, 100, 82, 37239533, sync, Random Diplomatic Value
1, 100, 45, 3560144162, sync, Random Diplomatic Value
1, 100, 78, 1951978419, sync, Random Diplomatic Value
1, 100, 59, 3385122160, sync, Random Diplomatic Value
1, 100, 1, 2565511401, sync, Random Diplomatic Value
1, 100, 0, 61884782, sync, Random Diplomatic Value
1, 100, 21, 25360399, sync, Random Diplomatic Value
1, 100, 57, 921854108, sync, Random Diplomatic Value
1, 100, 52, 2471156389, sync, Random Diplomatic Value
1, 100, 66, 2249952890, sync, Random Diplomatic Value
1, 100, 2, 2877359659, sync, Random Diplomatic Value
1, 100, 27, 101902984, sync, Random Diplomatic Value
1, 100, 17, 1186167841, sync, Random Diplomatic Value
1, 100, 35, 751048774, sync, Random Diplomatic Value
1, 100, 55, 1527241223, sync, Random Diplomatic Value
1, 100, 16, 2402297652, sync, Random Diplomatic Value
1, 100, 73, 699054429, sync, Random Diplomatic Value
1, 100, 39, 3172561618, sync, Random Diplomatic Value
1, 100, 49, 1698566051, sync, Random Diplomatic Value
1, 100, 10, 2135065248, sync, Random Diplomatic Value
1, 100, 94, 450793049, sync, Random Diplomatic Value
1, 100, 25, 4059556382, sync, Random Diplomatic Value
1, 100, 9, 1092092671, sync, Random Diplomatic Value
1, 100, 10, 408758476, sync, Random Diplomatic Value
1, 100, 27, 467711765, sync, Random Diplomatic Value
1, 100, 21, 1169459754, sync, Random Diplomatic Value
1, 100, 28, 913559579, sync, Random Diplomatic Value
1, 100, 98, 1218053560, sync, Random Diplomatic Value
1, 100, 31, 4221742993, sync, Random Diplomatic Value
1, 100, 88, 1357455094, sync, Random Diplomatic Value
1, 100, 26, 3807728375, sync, Random Diplomatic Value
1, 100, 17, 1137034596, sync, Random Diplomatic Value
1, 100, 28, 749843405, sync, Random Diplomatic Value
1, 100, 18, 1241527426, sync, Random Diplomatic Value
1, 100, 4, 815933331, sync, Random Diplomatic Value
1, 100, 76, 197907408, sync, Random Diplomatic Value
1, 100, 94, 3274883017, sync, Random Diplomatic Value
1, 100, 10, 4051769038, sync, Random Diplomatic Value
1, 100, 7, 440248815, sync, Random Diplomatic Value
1, 100, 33, 333602044, sync, Random Diplomatic Value
1, 100, 96, 1453232005, sync, Random Diplomatic Value
1, 100, 34, 4145795546, sync, Random Diplomatic Value
1, 100, 91, 1499788811, sync, Random Diplomatic Value
1, 100, 26, 3933621480, sync, Random Diplomatic Value
1, 100, 63, 1128111873, sync, Random Diplomatic Value
1, 100, 85, 2742366630, sync, Random Diplomatic Value
1, 100, 58, 3664439271, sync, Random Diplomatic Value
1, 100, 52, 2513915796, sync, Random Diplomatic Value
1, 100, 32, 2271488573, sync, Random Diplomatic Value
1, 100, 57, 1387446834, sync, Random Diplomatic Value
1, 100, 6, 2448694147, sync, Random Diplomatic Value
1, 100, 22, 262394112, sync, Random Diplomatic Value
1, 100, 4, 946744633, sync, Random Diplomatic Value
1, 100, 6, 197578622, sync, Random Diplomatic Value
1, 100, 4, 273870047, sync, Random Diplomatic Value
1, 100, 29, 183827756, sync, Random Diplomatic Value
1, 100, 25, 1266377717, sync, Random Diplomatic Value
1, 100, 93, 1081894282, sync, Random Diplomatic Value
1, 100, 94, 4003690491, sync, Random Diplomatic Value
1, 100, 17, 4048207896, sync, Random Diplomatic Value
1, 100, 50, 770394737, sync, Random Diplomatic Value
1, 100, 94, 2185449558, sync, Random Diplomatic Value
1, 100, 75, 4054292695, sync, Random Diplomatic Value
1, 100, 41, 3258435012, sync, Random Diplomatic Value
1, 100, 71, 1771642029, sync, Random Diplomatic Value
1, 100, 49, 3082558434, sync, Random Diplomatic Value
1, 100, 25, 2120412019, sync, Random Diplomatic Value
1, 100, 31, 1103985200, sync, Random Diplomatic Value
1, 100, 12, 1356322473, sync, Random Diplomatic Value
1, 100, 73, 520361006, sync, Random Diplomatic Value
1, 100, 63, 3161902031, sync, Random Diplomatic Value
1, 100, 43, 2714241372, sync, Random Diplomatic Value
1, 100, 15, 1848521829, sync, Random Diplomatic Value
1, 100, 50, 683754810, sync, Random Diplomatic Value
1, 100, 56, 2185123307, sync, Random Diplomatic Value
1, 100, 20, 2440716104, sync, Random Diplomatic Value
1, 100, 96, 869446113, sync, Random Diplomatic Value
1, 100, 90, 4159601414, sync, Random Diplomatic Value
1, 100, 37, 3869926855, sync, Random Diplomatic Value
1, 100, 15, 1618618356, sync, Random Diplomatic Value
1, 100, 7, 652708637, sync, Random Diplomatic Value
1, 100, 8, 308756882, sync, Random Diplomatic Value
1, 100, 62, 350066531, sync, Random Diplomatic Value
1, 100, 50, 2685128544, sync, Random Diplomatic Value
1, 100, 55, 2188819481, sync, Random Diplomatic Value
1, 100, 74, 2385765598, sync, Random Diplomatic Value
1, 100, 43, 3179824831, sync, Random Diplomatic Value
1, 100, 5, 1867415948, sync, Random Diplomatic Value
1, 100, 77, 237895893, sync, Random Diplomatic Value
1, 100, 25, 3348459754, sync, Random Diplomatic Value
1, 100, 36, 1107595227, sync, Random Diplomatic Value
1, 100, 64, 1579690616, sync, Random Diplomatic Value
1, 100, 42, 2765804881, sync, Random Diplomatic Value
1, 100, 45, 1808904630, sync, Random Diplomatic Value
1, 100, 57, 1966231223, sync, Random Diplomatic Value
1, 100, 65, 2465297956, sync, Random Diplomatic Value
1, 100, 39, 2795926925, sync, Random Diplomatic Value
1, 100, 55, 1690252098, sync, Random Diplomatic Value
1, 100, 62, 2383617875, sync, Random Diplomatic Value
1, 100, 32, 2665599120, sync, Random Diplomatic Value
1, 100, 94, 1393679753, sync, Random Diplomatic Value
1, 100, 65, 4044439950, sync, Random Diplomatic Value
1, 100, 17, 2821086639, sync, Random Diplomatic Value
1, 100, 77, 758867388, sync, Random Diplomatic Value
1, 100, 95, 3333540165, sync, Random Diplomatic Value
1, 100, 92, 4116965530, sync, Random Diplomatic Value
1, 100, 47, 3984926155, sync, Random Diplomatic Value
1, 100, 9, 2033656232, sync, Random Diplomatic Value
1, 100, 32, 413840577, sync, Random Diplomatic Value
1, 100, 27, 1376253030, sync, Random Diplomatic Value
1, 100, 21, 1186878375, sync, Random Diplomatic Value
1, 100, 82, 917549140, sync, Random Diplomatic Value
1, 100, 78, 3555515389, sync, Random Diplomatic Value
1, 100, 17, 3381588210, sync, Random Diplomatic Value
1, 100, 34, 745702211, sync, Random Diplomatic Value
1, 100, 78, 1502772672, sync, Random Diplomatic Value
1, 100, 76, 3358604025, sync, Random Diplomatic Value
1, 100, 96, 3289852478, sync, Random Diplomatic Value
1, 100, 90, 4138733727, sync, Random Diplomatic Value
1, 100, 93, 3892426220, sync, Random Diplomatic Value
1, 100, 98, 4004548021, sync, Random Diplomatic Value
1, 100, 77, 4216826954, sync, Random Diplomatic Value
1, 100, 76, 3322877883, sync, Random Diplomatic Value
1, 100, 86, 3276424408, sync, Random Diplomatic Value
1, 100, 85, 3735638065, sync, Random Diplomatic Value
1, 100, 88, 3681305366, sync, Random Diplomatic Value
1, 100, 7, 3800921239, sync, Random Diplomatic Value
1, 100, 5, 327865988, sync, Random Diplomatic Value
1, 100, 14, 227655277, sync, Random Diplomatic Value
1, 100, 17, 610368162, sync, Random Diplomatic Value
1, 100, 75, 740999987, sync, Random Diplomatic Value
1, 100, 84, 3256932080, sync, Random Diplomatic Value
1, 100, 9, 3608728681, sync, Random Diplomatic Value
1, 100, 97, 411082478, sync, Random Diplomatic Value
1, 100, 18, 4182007695, sync, Random Diplomatic Value
1, 100, 3, 785674780, sync, Random Diplomatic Value
1, 100, 26, 148983333, sync, Random Diplomatic Value
1, 100, 49, 1130085370, sync, Random Diplomatic Value
1, 100, 4, 2125555115, sync, Random Diplomatic Value
1, 100, 42, 197432328, sync, Random Diplomatic Value
1, 100, 64, 1845340065, sync, Random Diplomatic Value
1, 100, 61, 2778308038, sync, Random Diplomatic Value
1, 100, 4, 2644423047, sync, Random Diplomatic Value
1, 100, 58, 202565812, sync, Random Diplomatic Value
1, 100, 81, 2519473373, sync, Random Diplomatic Value
1, 100, 69, 3514945618, sync, Random Diplomatic Value
1, 100, 81, 3005931299, sync, Random Diplomatic Value
1, 100, 83, 3511671840, sync, Random Diplomatic Value
1, 100, 26, 3570575833, sync, Random Diplomatic Value
1, 100, 77, 1145610142, sync, Random Diplomatic Value
1, 100, 26, 3317844607, sync, Random Diplomatic Value
1, 100, 20, 1134991948, sync, Random Diplomatic Value
1, 100, 3, 867895957, sync, Random Diplomatic Value
1, 100, 17, 135993258, sync, Random Diplomatic Value
1, 100, 25, 742068123, sync, Random Diplomatic Value
1, 100, 83, 1086918456, sync, Random Diplomatic Value
1, 100, 41, 3582901009, sync, Random Diplomatic Value
1, 100, 54, 1793786998, sync, Random Diplomatic Value
1, 100, 30, 2326858359, sync, Random Diplomatic Value
1, 100, 1, 1302062820, sync, Random Diplomatic Value
1, 100, 33, 68351821, sync, Random Diplomatic Value
1, 100, 75, 1442509314, sync, Random Diplomatic Value
1, 100, 71, 3240220435, sync, Random Diplomatic Value
1, 100, 89, 3064106320, sync, Random Diplomatic Value
1, 100, 57, 3861166921, sync, Random Diplomatic Value
1, 100, 15, 2452237390, sync, Random Diplomatic Value
1, 100, 29, 667472239, sync, Random Diplomatic Value
1, 100, 59, 1261121148, sync, Random Diplomatic Value
1, 100, 1, 2574566149, sync, Random Diplomatic Value
1, 100, 20, 83935066, sync, Random Diplomatic Value
1, 100, 62, 893064587, sync, Random Diplomatic Value
1, 100, 17, 2671425128, sync, Random Diplomatic Value
1, 100, 69, 738429569, sync, Random Diplomatic Value
1, 100, 41, 2994435878, sync, Random Diplomatic Value
1, 100, 50, 1782808423, sync, Random Diplomatic Value
1, 100, 69, 2151207188, sync, Random Diplomatic Value
1, 100, 6, 2975681981, sync, Random Diplomatic Value
1, 100, 12, 261611442, sync, Random Diplomatic Value
1, 100, 3, 528395011, sync, Random Diplomatic Value
1, 100, 43, 140241536, sync, Random Diplomatic Value
1, 100, 94, 1872103609, sync, Random Diplomatic Value
1, 100, 56, 4053812478, sync, Random Diplomatic Value
1, 100, 48, 2427909215, sync, Random Diplomatic Value
1, 100, 87, 2094345900, sync, Random Diplomatic Value
1, 100, 14, 3758454645, sync, Random Diplomatic Value
1, 100, 25, 641184522, sync, Random Diplomatic Value
1, 100, 88, 1107326843, sync, Random Diplomatic Value
1, 100, 99, 3804006808, sync, Random Diplomatic Value
1, 100, 50, 4290975217, sync, Random Diplomatic Value
1, 100, 60, 2149971414, sync, Random Diplomatic Value
1, 100, 96, 2593460311, sync, Random Diplomatic Value
1, 100, 17, 4139558724, sync, Random Diplomatic Value
1, 100, 89, 736239661, sync, Random Diplomatic Value
1, 100, 31, 3840121186, sync, Random Diplomatic Value
1, 100, 95, 1366317811, sync, Random Diplomatic Value
1, 100, 52, 4085183408, sync, Random Diplomatic Value
1, 100, 65, 2238550569, sync, Random Diplomatic Value
1, 100, 2, 2800085422, sync, Random Diplomatic Value
1, 100, 32, 128693071, sync, Random Diplomatic Value
1, 100, 59, 1389861596, sync, Random Diplomatic Value
1, 100, 22, 2569283557, sync, Random Diplomatic Value
1, 100, 17, 950727354, sync, Random Diplomatic Value
1, 100, 45, 748303723, sync, Random Diplomatic Value
1, 100, 77, 1974569160, sync, Random Diplomatic Value
1, 100, 1, 3337903457, sync, Random Diplomatic Value
1, 100, 2, 75858054, sync, Random Diplomatic Value
1, 100, 87, 128236871, sync, Random Diplomatic Value
1, 100, 64, 3736758644, sync, Random Diplomatic Value
1, 100, 95, 2771938973, sync, Random Diplomatic Value
1, 100, 51, 4113112850, sync, Random Diplomatic Value
1, 100, 42, 2212882147, sync, Random Diplomatic Value
1, 100, 35, 1808705760, sync, Random Diplomatic Value
1, 100, 98, 1538414489, sync, Random Diplomatic Value
1, 100, 9, 4210432606, sync, Random Diplomatic Value
1, 100, 72, 428215871, sync, Random Diplomatic Value
1, 100, 69, 3123016460, sync, Random Diplomatic Value
1, 100, 60, 2991051861, sync, Random Diplomatic Value
1, 100, 94, 2584051306, sync, Random Diplomatic Value
1, 100, 62, 4040642395, sync, Random Diplomatic Value
1, 100, 31, 2705110008, sync, Random Diplomatic Value
1, 100, 30, 1333682385, sync, Random Diplomatic Value
1, 100, 10, 1291130678, sync, Random Diplomatic Value
1, 100, 43, 456230455, sync, Random Diplomatic Value
1, 100, 38, 1887770532, sync, Random Diplomatic Value
1, 100, 28, 1656174861, sync, Random Diplomatic Value
1, 100, 49, 1215525058, sync, Random Diplomatic Value
1, 100, 35, 2106478291, sync, Random Diplomatic Value
1, 100, 71, 1540229648, sync, Random Diplomatic Value
1, 100, 92, 3056294153, sync, Random Diplomatic Value
1, 100, 78, 3951810318, sync, Random Diplomatic Value
1, 100, 25, 3370452271, sync, Random Diplomatic Value
1, 100, 89, 1114748732, sync, Random Diplomatic Value
1, 100, 90, 3836181701, sync, Random Diplomatic Value
1, 100, 61, 3904001562, sync, Random Diplomatic Value
1, 100, 73, 2621883723, sync, Random Diplomatic Value
1, 100, 18, 3175156520, sync, Random Diplomatic Value
1, 100, 95, 789061697, sync, Random Diplomatic Value
1, 100, 67, 4086282726, sync, Random Diplomatic Value
1, 100, 12, 2897898279, sync, Random Diplomatic Value
1, 100, 17, 523219412, sync, Random Diplomatic Value
1, 100, 49, 762675069, sync, Random Diplomatic Value
1, 100, 55, 2139983474, sync, Random Diplomatic Value
1, 100, 83, 2396558019, sync, Random Diplomatic Value
1, 100, 34, 3569358656, sync, Random Diplomatic Value
1, 100, 85, 1482659449, sync, Random Diplomatic Value
1, 100, 49, 3676446654, sync, Random Diplomatic Value
1, 100, 30, 2116524063, sync, Random Diplomatic Value
1, 100, 14, 1311729516, sync, Random Diplomatic Value
1, 100, 70, 624566581, sync, Random Diplomatic Value
1, 100, 24, 3017570762, sync, Random Diplomatic Value
1, 100, 37, 1043830587, sync, Random Diplomatic Value
1, 100, 19, 1617006168, sync, Random Diplomatic Value
1, 100, 80, 855153585, sync, Random Diplomatic Value
1, 100, 94, 3476056214, sync, Random Diplomatic Value
1, 100, 78, 4051594263, sync, Random Diplomatic Value
1, 100, 75, 3364698116, sync, Random Diplomatic Value
1, 100, 51, 3259646445, sync, Random Diplomatic Value
1, 100, 50, 2214754338, sync, Random Diplomatic Value
1, 100, 24, 2180231859, sync, Random Diplomatic Value
1, 100, 45, 1051185264, sync, Random Diplomatic Value
1, 100, 25, 1972768745, sync, Random Diplomatic Value
1, 100, 96, 1089729646, sync, Random Diplomatic Value
1, 100, 26, 4151101199, sync, Random Diplomatic Value
1, 100, 8, 1116832668, sync, Random Diplomatic Value
1, 100, 16, 347521445, sync, Random Diplomatic Value
1, 100, 84, 728689018, sync, Random Diplomatic Value
1, 100, 56, 3619210539, sync, Random Diplomatic Value
1, 100, 81, 2416000392, sync, Random Diplomatic Value
1, 100, 63, 3497448225, sync, Random Diplomatic Value
1, 100, 42, 2742166342, sync, Random Diplomatic Value
1, 100, 89, 1820100871, sync, Random Diplomatic Value
1, 100, 25, 3845171764, sync, Random Diplomatic Value
1, 100, 21, 1103921245, sync, Random Diplomatic Value
1, 100, 54, 941436370, sync, Random Diplomatic Value
1, 100, 53, 2328800931, sync, Random Diplomatic Value
1, 100, 12, 2286433696, sync, Random Diplomatic Value
1, 100, 34, 550880601, sync, Random Diplomatic Value
1, 100, 22, 1492931870, sync, Random Diplomatic Value
1, 100, 71, 949195263, sync, Random Diplomatic Value
1, 100, 43, 3079343052, sync, Random Diplomatic Value
1, 100, 81, 1871994389, sync, Random Diplomatic Value
1, 100, 29, 3491013930, sync, Random Diplomatic Value
1, 100, 93, 1268338459, sync, Random Diplomatic Value
1, 100, 57, 4030929080, sync, Random Diplomatic Value
1, 100, 81, 2489960081, sync, Random Diplomatic Value
1, 100, 86, 3501189622, sync, Random Diplomatic Value
1, 100, 72, 3732128247, sync, Random Diplomatic Value
1, 100, 62, 3094153316, sync, Random Diplomatic Value
1, 100, 15, 2689809101, sync, Random Diplomatic Value
1, 100, 21, 652783490, sync, Random Diplomatic Value
1, 100, 34, 924354195, sync, Random Diplomatic Value
1, 100, 73, 1461995216, sync, Random Diplomatic Value
1, 100, 82, 3169171145, sync, Random Diplomatic Value
1, 100, 48, 3556131278, sync, Random Diplomatic Value
1, 100, 65, 2067462383, sync, Random Diplomatic Value
1, 100, 49, 2815361020, sync, Random Diplomatic Value
1, 100, 13, 2114582149, sync, Random Diplomatic Value
1, 100, 30, 590916826, sync, Random Diplomatic Value
1, 100, 95, 1315452171, sync, Random Diplomatic Value
1, 100, 57, 4094304232, sync, Random Diplomatic Value
1, 100, 1, 2474145281, sync, Random Diplomatic Value
1, 100, 21, 67419302, sync, Random Diplomatic Value
1, 100, 50, 904074983, sync, Random Diplomatic Value
1, 100, 8, 2153075348, sync, Random Diplomatic Value
1, 100, 20, 368406845, sync, Random Diplomatic Value
1, 100, 36, 875560242, sync, Random Diplomatic Value
1, 100, 21, 1581267587, sync, Random Diplomatic Value
1, 100, 42, 931070976, sync, Random Diplomatic Value
1, 100, 52, 1816978489, sync, Random Diplomatic Value
1, 100, 12, 2271001214, sync, Random Diplomatic Value
1, 100, 62, 516029407, sync, Random Diplomatic Value
1, 100, 51, 2698010668, sync, Random Diplomatic Value
1, 100, 33, 2215545589, sync, Random Diplomatic Value
1, 100, 33, 1460011146, sync, Random Diplomatic Value
1, 100, 5, 1450473211, sync, Random Diplomatic Value
1, 100, 85, 217666328, sync, Random Diplomatic Value
1, 100, 90, 3658080625, sync, Random Diplomatic Value
1, 100, 49, 3880491862, sync, Random Diplomatic Value
1, 100, 64, 2131331031, sync, Random Diplomatic Value
1, 100, 55, 2780596420, sync, Random Diplomatic Value
1, 100, 29, 2391417773, sync, Random Diplomatic Value
1, 100, 6, 1283331810, sync, Random Diplomatic Value
1, 100, 79, 292866675, sync, Random Diplomatic Value
1, 100, 50, 3428543792, sync, Random Diplomatic Value
1, 100, 11, 2169654697, sync, Random Diplomatic Value
1, 100, 59, 493535022, sync, Random Diplomatic Value
1, 100, 94, 2554829519, sync, Random Diplomatic Value
1, 100, 19, 4072811612, sync, Random Diplomatic Value
1, 100, 99, 827923301, sync, Random Diplomatic Value
1, 100, 54, 4268204090, sync, Random Diplomatic Value
1, 100, 85, 2345473259, sync, Random Diplomatic Value
1, 100, 86, 3681792584, sync, Random Diplomatic Value
1, 100, 81, 3695511777, sync, Random Diplomatic Value
1, 100, 82, 3508504070, sync, Random Diplomatic Value
1, 100, 92, 3555071175, sync, Random Diplomatic Value
1, 100, 10, 3962940148, sync, Random Diplomatic Value
1, 100, 8, 430461469, sync, Random Diplomatic Value
1, 100, 54, 354286738, sync, Random Diplomatic Value
1, 100, 99, 2342860387, sync, Random Diplomatic Value
1, 100, 92, 4286349920, sync, Random Diplomatic Value
1, 100, 76, 3992777497, sync, Random Diplomatic Value
1, 100, 38, 3306901470, sync, Random Diplomatic Value
1, 100, 87, 1655363007, sync, Random Diplomatic Value
1, 100, 6, 3768018060, sync, Random Diplomatic Value
1, 100, 73, 291547093, sync, Random Diplomatic Value
1, 100, 71, 3171453930, sync, Random Diplomatic Value
1, 100, 36, 3091271387, sync, Random Diplomatic Value
1, 100, 89, 1587297656, sync, Random Diplomatic Value
1, 100, 45, 3859868753, sync, Random Diplomatic Value
1, 100, 29, 1960541366, sync, Random Diplomatic Value
1, 100, 63, 1278721463, sync, Random Diplomatic Value
1, 100, 35, 2719201572, sync, Random Diplomatic Value
1, 100, 60, 1520893069, sync, Random Diplomatic Value
1, 100, 13, 2618994242, sync, Random Diplomatic Value
1, 100, 19, 562069075, sync, Random Diplomatic Value
1, 100, 70, 828720016, sync, Random Diplomatic Value
1, 100, 88, 3021198473, sync, Random Diplomatic Value
1, 100, 93, 3794365582, sync, Random Diplomatic Value
1, 100, 81, 4002065583, sync, Random Diplomatic Value
1, 100, 98, 3489859772, sync, Random Diplomatic Value
1, 100, 96, 4217122885, sync, Random Diplomatic Value
1, 100, 21, 4149461914, sync, Random Diplomatic Value
1, 100, 14, 928998603, sync, Random Diplomatic Value
1, 100, 54, 609612968, sync, Random Diplomatic Value
1, 100, 57, 2333379521, sync, Random Diplomatic Value
1, 100, 92, 2459598694, sync, Random Diplomatic Value
1, 100, 81, 3984425639, sync, Random Diplomatic Value
1, 100, 97, 3496588116, sync, Random Diplomatic Value
1, 100, 3, 4171047677, sync, Random Diplomatic Value
1, 100, 19, 138357746, sync, Random Diplomatic Value
1, 100, 41, 829792835, sync, Random Diplomatic Value
1, 100, 33, 1767420096, sync, Random Diplomatic Value
1, 100, 73, 1428025849, sync, Random Diplomatic Value
1, 100, 57, 3171947838, sync, Random Diplomatic Value
1, 100, 47, 2454069151, sync, Random Diplomatic Value
1, 100, 50, 2037913836, sync, Random Diplomatic Value
1, 100, 50, 2185409717, sync, Random Diplomatic Value
1, 100, 90, 2188658506, sync, Random Diplomatic Value
1, 100, 47, 3866564283, sync, Random Diplomatic Value
1, 100, 8, 2034489304, sync, Random Diplomatic Value
1, 100, 65, 381085489, sync, Random Diplomatic Value
1, 100, 60, 2805435926, sync, Random Diplomatic Value
1, 100, 41, 2599838615, sync, Random Diplomatic Value
1, 100, 5, 1795856772, sync, Random Diplomatic Value
1, 100, 28, 241288557, sync, Random Diplomatic Value
1, 100, 7, 1226208674, sync, Random Diplomatic Value
1, 100, 52, 330539571, sync, Random Diplomatic Value
1, 100, 25, 2237254128, sync, Random Diplomatic Value
1, 100, 19, 1113738089, sync, Random Diplomatic Value
1, 100, 47, 856312302, sync, Random Diplomatic Value
1, 100, 9, 2046570127, sync, Random Diplomatic Value
1, 100, 39, 405378332, sync, Random Diplomatic Value
1, 100, 32, 1691039013, sync, Random Diplomatic Value
1, 100, 8, 1414862586, sync, Random Diplomatic Value
1, 100, 59, 345449643, sync, Random Diplomatic Value
1, 100, 98, 2563303176, sync, Random Diplomatic Value
1, 100, 61, 4229889697, sync, Random Diplomatic Value
1, 100, 2, 2622335174, sync, Random Diplomatic Value
1, 100, 50, 94462087, sync, Random Diplomatic Value
1, 100, 60, 2156489652, sync, Random Diplomatic Value
1, 100, 77, 2592859101, sync, Random Diplomatic Value
1, 100, 3, 3337325394, sync, Random Diplomatic Value
1, 100, 41, 170491427, sync, Random Diplomatic Value
1, 100, 30, 1781239584, sync, Random Diplomatic Value
1, 100, 39, 1290264793, sync, Random Diplomatic Value
1, 100, 59, 1712523934, sync, Random Diplomatic Value
1, 100, 60, 2542524799, sync, Random Diplomatic Value
1, 100, 98, 2584378700, sync, Random Diplomatic Value
1, 100, 20, 4251758997, sync, Random Diplomatic Value
1, 100, 44, 866202282, sync, Random Diplomatic Value
1, 100, 86, 1921945243, sync, Random Diplomatic Value
1, 100, 27, 3708297784, sync, Random Diplomatic Value
1, 100, 46, 1177801233, sync, Random Diplomatic Value
1, 100, 61, 2016923510, sync, Random Diplomatic Value
1, 100, 41, 2621274487, sync, Random Diplomatic Value
1, 100, 93, 1782131172, sync, Random Diplomatic Value
1, 100, 7, 4017258061, sync, Random Diplomatic Value
1, 100, 18, 315190530, sync, Random Diplomatic Value
1, 100, 20, 814102035, sync, Random Diplomatic Value
1, 100, 8, 860946512, sync, Random Diplomatic Value
1, 100, 42, 360034889, sync, Random Diplomatic Value
1, 100, 57, 1826969422, sync, Random Diplomatic Value
1, 100, 81, 2459181167, sync, Random Diplomatic Value
1, 100, 69, 3486372220, sync, Random Diplomatic Value
1, 100, 40, 2992515589, sync, Random Diplomatic Value
1, 100, 1, 1740872282, sync, Random Diplomatic Value
1, 100, 93, 49042571, sync, Random Diplomatic Value
1, 100, 2, 4007954792, sync, Random Diplomatic Value
1, 100, 5, 127689089, sync, Random Diplomatic Value
1, 100, 48, 235995686, sync, Random Diplomatic Value
1, 100, 98, 2068426343, sync, Random Diplomatic Value
1, 100, 13, 4230796308, sync, Random Diplomatic Value
1, 100, 58, 590124221, sync, Random Diplomatic Value
1, 100, 42, 2524650162, sync, Random Diplomatic Value
1, 100, 38, 1815661059, sync, Random Diplomatic Value
1, 100, 48, 1661803904, sync, Random Diplomatic Value
1, 100, 1, 2089992121, sync, Random Diplomatic Value
1, 100, 72, 50081790, sync, Random Diplomatic Value
1, 100, 61, 3094610783, sync, Random Diplomatic Value
1, 100, 39, 2632356268, sync, Random Diplomatic Value
1, 100, 40, 1704369781, sync, Random Diplomatic Value
1, 100, 3, 1759989258, sync, Random Diplomatic Value
1, 100, 96, 167736955, sync, Random Diplomatic Value
1, 100, 79, 4127267992, sync, Random Diplomatic Value
1, 100, 67, 3401559281, sync, Random Diplomatic Value
1, 100, 36, 2914271446, sync, Random Diplomatic Value
1, 100, 70, 1560608599, sync, Random Diplomatic Value
1, 100, 49, 3040307780, sync, Random Diplomatic Value
1, 100, 26, 2140219181, sync, Random Diplomatic Value
1, 100, 36, 1149998178, sync, Random Diplomatic Value
1, 100, 7, 1550858739, sync, Random Diplomatic Value
1, 100, 7, 308471472, sync, Random Diplomatic Value
1, 100, 22, 310774057, sync, Random Diplomatic Value
1, 100, 92, 949130414, sync, Random Diplomatic Value
1, 100, 15, 3964305999, sync, Random Diplomatic Value
1, 100, 89, 663207388, sync, Random Diplomatic Value
1, 100, 56, 3838643941, sync, Random Diplomatic Value
1, 100, 99, 2415349178, sync, Random Diplomatic Value
1, 100, 78, 4258722923, sync, Random Diplomatic Value
1, 100, 0, 3368082376, sync, Random Diplomatic Value
1, 100, 82, 29668449, sync, Random Diplomatic Value
1, 100, 53, 3552349062, sync, Random Diplomatic Value
1, 100, 93, 2305715271, sync, Random Diplomatic Value
1, 100, 94, 4008438900, sync, Random Diplomatic Value
1, 100, 28, 4063704477, sync, Random Diplomatic Value
1, 100, 28, 1212537362, sync, Random Diplomatic Value
1, 100, 12, 1243317731, sync, Random Diplomatic Value
1, 100, 52, 555047904, sync, Random Diplomatic Value
1, 100, 13, 2270596761, sync, Random Diplomatic Value
1, 100, 58, 581141854, sync, Random Diplomatic Value
1, 100, 3, 2532744511, sync, Random Diplomatic Value
1, 100, 34, 144987660, sync, Random Diplomatic Value
1, 100, 77, 1501068117, sync, Random Diplomatic Value
1, 100, 46, 3332282730, sync, Random Diplomatic Value
1, 100, 11, 1984024155, sync, Random Diplomatic Value
1, 100, 46, 474400504, sync, Random Diplomatic Value
1, 100, 84, 1989310417, sync, Random Diplomatic Value
1, 100, 77, 3649364534, sync, Random Diplomatic Value
1, 100, 5, 3326407991, sync, Random Diplomatic Value
1, 100, 48, 228416164, sync, Random Diplomatic Value
1, 100, 70, 2088091661, sync, Random Diplomatic Value
1, 100, 9, 3048532930, sync, Random Diplomatic Value
1, 100, 39, 401190355, sync, Random Diplomatic Value
1, 100, 10, 1705475344, sync, Random Diplomatic Value
1, 100, 54, 449531913, sync, Random Diplomatic Value
1, 100, 59, 2330591758, sync, Random Diplomatic Value
1, 100, 48, 2534888495, sync, Random Diplomatic Value
1, 100, 72, 2079283772, sync, Random Diplomatic Value
1, 100, 21, 3100632005, sync, Random Diplomatic Value
1, 100, 11, 927478042, sync, Random Diplomatic Value
1, 100, 70, 483329099, sync, Random Diplomatic Value
1, 100, 72, 3027623464, sync, Random Diplomatic Value
1, 100, 64, 3134191425, sync, Random Diplomatic Value
1, 100, 27, 2770879718, sync, Random Diplomatic Value
1, 100, 68, 1191680551, sync, Random Diplomatic Value
1, 100, 63, 2958996692, sync, Random Diplomatic Value
1, 100, 22, 2741225085, sync, Random Diplomatic Value
1, 100, 19, 967035250, sync, Random Diplomatic Value
1, 100, 86, 843690435, sync, Random Diplomatic Value
1, 100, 4, 3713813056, sync, Random Diplomatic Value
1, 100, 62, 208358777, sync, Random Diplomatic Value
1, 100, 19, 2682325694, sync, Random Diplomatic Value
1, 100, 56, 822847263, sync, Random Diplomatic Value
1, 100, 20, 2413546092, sync, Random Diplomatic Value
1, 100, 98, 868894773, sync, Random Diplomatic Value
1, 100, 61, 4246672586, sync, Random Diplomatic Value
1, 100, 57, 2630719035, sync, Random Diplomatic Value
1, 100, 59, 2482053464, sync, Random Diplomatic Value
1, 100, 34, 2548314801, sync, Random Diplomatic Value
1, 100, 61, 1501672342, sync, Random Diplomatic Value
1, 100, 87, 2633325335, sync, Random Diplomatic Value
1, 100, 87, 3775068932, sync, Random Diplomatic Value
1, 100, 78, 3755493613, sync, Random Diplomatic Value
1, 100, 49, 3382539042, sync, Random Diplomatic Value
1, 100, 86, 2137690547, sync, Random Diplomatic Value
1, 100, 4, 3694576496, sync, Random Diplomatic Value
1, 100, 64, 192775913, sync, Random Diplomatic Value
1, 100, 99, 2764283758, sync, Random Diplomatic Value
1, 100, 33, 4277310991, sync, Random Diplomatic Value
1, 100, 65, 1436329628, sync, Random Diplomatic Value
1, 100, 82, 2803804325, sync, Random Diplomatic Value
1, 100, 57, 3557704826, sync, Random Diplomatic Value
1, 100, 17, 2471265323, sync, Random Diplomatic Value
1, 100, 49, 740003976, sync, Random Diplomatic Value
1, 100, 2, 2130061857, sync, Random Diplomatic Value
1, 100, 65, 103558726, sync, Random Diplomatic Value
1, 100, 26, 2802661383, sync, Random Diplomatic Value
1, 100, 5, 1142762804, sync, Random Diplomatic Value
1, 100, 32, 241846109, sync, Random Diplomatic Value
1, 100, 30, 1408035026, sync, Random Diplomatic Value
1, 100, 23, 1329286563, sync, Random Diplomatic Value
1, 100, 65, 1023010976, sync, Random Diplomatic Value
1, 100, 63, 2802383961, sync, Random Diplomatic Value
1, 100, 87, 2710355998, sync, Random Diplomatic Value
1, 100, 6, 3769311487, sync, Random Diplomatic Value
1, 100, 4, 287633100, sync, Random Diplomatic Value
1, 100, 78, 189007125, sync, Random Diplomatic Value
1, 100, 49, 3368075306, sync, Random Diplomatic Value
1, 100, 55, 2132463131, sync, Random Diplomatic Value
1, 100, 97, 2367171512, sync, Random Diplomatic Value
1, 100, 34, 4176272785, sync, Random Diplomatic Value
1, 100, 50, 1468183798, sync, Random Diplomatic Value
1, 100, 28, 2181968119, sync, Random Diplomatic Value
1, 100, 87, 1224756068, sync, Random Diplomatic Value
1, 100, 43, 3748708813, sync, Random Diplomatic Value
1, 100, 29, 1872571010, sync, Random Diplomatic Value
1, 100, 56, 1265296787, sync, Random Diplomatic Value
1, 100, 74, 2435365328, sync, Random Diplomatic Value
1, 100, 7, 3184831945, sync, Random Diplomatic Value
1, 100, 92, 318205134, sync, Random Diplomatic Value
1, 100, 41, 3956557807, sync, Random Diplomatic Value
1, 100, 89, 1764205308, sync, Random Diplomatic Value
1, 100, 90, 3832634757, sync, Random Diplomatic Value
1, 100, 69, 3902900186, sync, Random Diplomatic Value
1, 100, 58, 2965861387, sync, Random Diplomatic Value
1, 100, 8, 2513040104, sync, Random Diplomatic Value
1, 100, 27, 376392961, sync, Random Diplomatic Value
1, 100, 47, 1184909222, sync, Random Diplomatic Value
1, 100, 35, 2021082599, sync, Random Diplomatic Value
1, 100, 27, 1505711508, sync, Random Diplomatic Value
1, 100, 4, 1191360573, sync, Random Diplomatic Value
1, 100, 40, 209270834, sync, Random Diplomatic Value
1, 100, 31, 1734891907, sync, Random Diplomatic Value
1, 100, 93, 1359361792, sync, Random Diplomatic Value
1, 100, 60, 3999767353, sync, Random Diplomatic Value
1, 100, 35, 2591991166, sync, Random Diplomatic Value
1, 100, 59, 1540164319, sync, Random Diplomatic Value
1, 100, 69, 2534916908, sync, Random Diplomatic Value
1, 100, 94, 2996679157, sync, Random Diplomatic Value
1, 100, 22, 4057701258, sync, Random Diplomatic Value
1, 100, 13, 983660027, sync, Random Diplomatic Value
1, 100, 87, 601089560, sync, Random Diplomatic Value
1, 100, 78, 3756292209, sync, Random Diplomatic Value
1, 100, 94, 3378505302, sync, Random Diplomatic Value
1, 100, 4, 4068964055, sync, Random Diplomatic Value
1, 100, 92, 187517892, sync, Random Diplomatic Value
1, 100, 13, 3975621293, sync, Random Diplomatic Value
1, 100, 81, 587993570, sync, Random Diplomatic Value
1, 100, 4, 3496126835, sync, Random Diplomatic Value
1, 100, 2, 194338864, sync, Random Diplomatic Value
1, 100, 68, 118015145, sync, Random Diplomatic Value
1, 100, 50, 2925357614, sync, Random Diplomatic Value
1, 100, 59, 2176084431, sync, Random Diplomatic Value
1, 100, 38, 2536001372, sync, Random Diplomatic Value
1, 100, 1, 1635779173, sync, Random Diplomatic Value
1, 100, 87, 56228666, sync, Random Diplomatic Value
1, 100, 26, 3770143723, sync, Random Diplomatic Value
1, 100, 77, 1134101832, sync, Random Diplomatic Value
1, 100, 50, 3312672737, sync, Random Diplomatic Value
1, 100, 39, 2187104518, sync, Random Diplomatic Value
1, 100, 30, 1715323847, sync, Random Diplomatic Value
1, 100, 61, 1289563636, sync, Random Diplomatic Value
1, 100, 39, 2632259869, sync, Random Diplomatic Value
1, 100, 86, 1688254354, sync, Random Diplomatic Value
1, 100, 58, 3712537955, sync, Random Diplomatic Value
1, 100, 45, 2526623072, sync, Random Diplomatic Value
1, 100, 28, 1975462425, sync, Random Diplomatic Value
1, 100, 70, 1234090718, sync, Random Diplomatic Value
1, 100, 34, 3026805951, sync, Random Diplomatic Value
1, 100, 72, 1481394060, sync, Random Diplomatic Value
1, 100, 29, 3096399573, sync, Random Diplomatic Value
1, 100, 3, 1288152810, sync, Random Diplomatic Value
1, 100, 37, 148475355, sync, Random Diplomatic Value
1, 100, 5, 1614565496, sync, Random Diplomatic Value
1, 100, 44, 251855697, sync, Random Diplomatic Value
1, 100, 27, 1894860726, sync, Random Diplomatic Value
1, 100, 59, 1197026487, sync, Random Diplomatic Value
1, 100, 71, 2569141284, sync, Random Diplomatic Value
1, 100, 91, 3055780749, sync, Random Diplomatic Value
1, 100, 99, 3946981698, sync, Random Diplomatic Value
1, 100, 24, 4274642259, sync, Random Diplomatic Value
1, 100, 71, 1049933456, sync, Random Diplomatic Value
1, 100, 60, 3092368265, sync, Random Diplomatic Value
1, 100, 25, 2613942158, sync, Random Diplomatic Value
1, 100, 92, 1082850223, sync, Random Diplomatic Value
1, 100, 79, 3963005884, sync, Random Diplomatic Value
1, 100, 74, 3405944645, sync, Random Diplomatic Value
1, 100, 66, 3197083290, sync, Random Diplomatic Value
1, 100, 45, 2861933515, sync, Random Diplomatic Value
1, 100, 29, 1939916712, sync, Random Diplomatic Value
1, 100, 62, 1278894785, sync, Random Diplomatic Value
1, 100, 96, 2704869990, sync, Random Diplomatic Value
1, 100, 14, 4149784999, sync, Random Diplomatic Value
1, 100, 60, 621721172, sync, Random Diplomatic Value
1, 100, 91, 2613668349, sync, Random Diplomatic Value
1, 100, 68, 3921372914, sync, Random Diplomatic Value
1, 100, 96, 2941567299, sync, Random Diplomatic Value
1, 100, 79, 4140491712, sync, Random Diplomatic Value
1, 100, 72, 3427248377, sync, Random Diplomatic Value
1, 100, 34, 3113549886, sync, Random Diplomatic Value
1, 100, 71, 1484271263, sync, Random Diplomatic Value
1, 100, 40, 3076160492, sync, Random Diplomatic Value
1, 100, 72, 1741740981, sync, Random Diplomatic Value
1, 100, 24, 3118260810, sync, Random Diplomatic Value
1, 100, 21, 1060836795, sync, Random Diplomatic Value
1, 100, 76, 912878296, sync, Random Diplomatic Value
1, 100, 85, 3296755249, sync, Random Diplomatic Value
1, 100, 70, 3691960598, sync, Random Diplomatic Value
1, 100, 6, 3044758167, sync, Random Diplomatic Value
1, 100, 14, 276192388, sync, Random Diplomatic Value
1, 100, 35, 615369837, sync, Random Diplomatic Value
1, 100, 38, 1536651426, sync, Random Diplomatic Value
1, 100, 53, 1662550323, sync, Random Diplomatic Value
1, 100, 62, 2302590192, sync, Random Diplomatic Value
1, 100, 29, 2665988713, sync, Random Diplomatic Value
1, 100, 1, 1277162734, sync, Random Diplomatic Value
1, 100, 62, 72351119, sync, Random Diplomatic Value
1, 100, 53, 2699737116, sync, Random Diplomatic Value
1, 100, 75, 2310085669, sync, Random Diplomatic Value
1, 100, 69, 3231347194, sync, Random Diplomatic Value
1, 100, 31, 2983781291, sync, Random Diplomatic Value
1, 100, 90, 1341733384, sync, Random Diplomatic Value
1, 100, 34, 3875296673, sync, Random Diplomatic Value
1, 100, 55, 1460515782, sync, Random Diplomatic Value
1, 100, 58, 2394951559, sync, Random Diplomatic Value
1, 100, 4, 2515267252, sync, Random Diplomatic Value
1, 100, 70, 191343325, sync, Random Diplomatic Value
1, 100, 46, 3038856786, sync, Random Diplomatic Value
1, 100, 77, 2013535523, sync, Random Diplomatic Value
1, 100, 48, 3333636640, sync, Random Diplomatic Value
1, 100, 25, 2100893657, sync, Random Diplomatic Value
1, 100, 7, 1097430430, sync, Random Diplomatic Value
1, 100, 26, 301033599, sync, Random Diplomatic Value
1, 100, 77, 1121607756, sync, Random Diplomatic Value
1, 100, 14, 3340392597, sync, Random Diplomatic Value
1, 100, 30, 628313514, sync, Random Diplomatic Value
1, 100, 52, 1329466779, sync, Random Diplomatic Value
1, 100, 72, 2255697208, sync, Random Diplomatic Value
1, 100, 39, 3130321169, sync, Random Diplomatic Value
1, 100, 30, 1687198326, sync, Random Diplomatic Value
1, 100, 22, 1306912887, sync, Random Diplomatic Value
1, 100, 36, 985820388, sync, Random Diplomatic Value
1, 100, 57, 1582171469, sync, Random Diplomatic Value
1, 100, 14, 2472798210, sync, Random Diplomatic Value
1, 100, 71, 633771283, sync, Random Diplomatic Value
1, 100, 51, 3064689488, sync, Random Diplomatic Value
1, 100, 48, 2214766921, sync, Random Diplomatic Value
1, 100, 1, 2083291726, sync, Random Diplomatic Value
1, 100, 10, 83586927, sync, Random Diplomatic Value
1, 100, 75, 433878140, sync, Random Diplomatic Value
1, 100, 73, 3259207941, sync, Random Diplomatic Value
1, 100, 71, 3151131994, sync, Random Diplomatic Value
1, 100, 93, 3053032331, sync, Random Diplomatic Value
1, 100, 30, 4005190760, sync, Random Diplomatic Value
1, 100, 13, 1307654273, sync, Random Diplomatic Value
1, 100, 41, 598904102, sync, Random Diplomatic Value
1, 100, 99, 1802231143, sync, Random Diplomatic Value
1, 100, 93, 4279031572, sync, Random Diplomatic Value
1, 100, 42, 4017609661, sync, Random Diplomatic Value
1, 100, 42, 1814713778, sync, Random Diplomatic Value
1, 100, 77, 1842276611, sync, Random Diplomatic Value
1, 100, 6, 3345633408, sync, Random Diplomatic Value
1, 100, 51, 264992441, sync, Random Diplomatic Value
1, 100, 2, 2212764414, sync, Random Diplomatic Value
1, 100, 70, 114102879, sync, Random Diplomatic Value
1, 100, 59, 3043226796, sync, Random Diplomatic Value
1, 100, 53, 2569258357, sync, Random Diplomatic Value
1, 100, 77, 2279794954, sync, Random Diplomatic Value
1, 100, 11, 3327817083, sync, Random Diplomatic Value
1, 100, 15, 477212568, sync, Random Diplomatic Value
1, 100, 18, 662193137, sync, Random Diplomatic Value
1, 100, 99, 810453974, sync, Random Diplomatic Value
1, 100, 55, 4254133847, sync, Random Diplomatic Value
1, 100, 76, 2375953732, sync, Random Diplomatic Value
1, 100, 24, 3300666925, sync, Random Diplomatic Value
1, 100, 4, 1040158562, sync, Random Diplomatic Value
1, 100, 99, 189536499, sync, Random Diplomatic Value
1, 100, 17, 4260551088, sync, Random Diplomatic Value
1, 100, 20, 752517161, sync, Random Diplomatic Value
1, 100, 83, 885735342, sync, Random Diplomatic Value
1, 100, 90, 3599061327, sync, Random Diplomatic Value
1, 100, 33, 3886276828, sync, Random Diplomatic Value
1, 100, 43, 1433531877, sync, Random Diplomatic Value
1, 100, 57, 1854908602, sync, Random Diplomatic Value
1, 100, 32, 2456793963, sync, Random Diplomatic Value
1, 100, 70, 1375481544, sync, Random Diplomatic Value
1, 100, 32, 3041987425, sync, Random Diplomatic Value
1, 100, 65, 1392481926, sync, Random Diplomatic Value
1, 100, 42, 2824084295, sync, Random Diplomatic Value
1, 100, 53, 1812557684, sync, Random Diplomatic Value
1, 100, 25, 2276588701, sync, Random Diplomatic Value
1, 100, 38, 1076794642, sync, Random Diplomatic Value
1, 100, 14, 1663902947, sync, Random Diplomatic Value
1, 100, 2, 638062304, sync, Random Diplomatic Value
1, 100, 43, 121030041, sync, Random Diplomatic Value
1, 100, 72, 1876750430, sync, Random Diplomatic Value
1, 100, 95, 3103992895, sync, Random Diplomatic Value
1, 100, 36, 4119804172, sync, Random Diplomatic Value
1, 100, 89, 1554326101, sync, Random Diplomatic Value
1, 100, 30, 3850613866, sync, Random Diplomatic Value
1, 100, 68, 1309166939, sync, Random Diplomatic Value
1, 100, 73, 2960972280, sync, Random Diplomatic Value
1, 100, 19, 3177352913, sync, Random Diplomatic Value
1, 100, 55, 824225078, sync, Random Diplomatic Value
1, 100, 16, 2373215287, sync, Random Diplomatic Value
1, 100, 95, 715234724, sync, Random Diplomatic Value
1, 100, 57, 4121970445, sync, Random Diplomatic Value
1, 100, 45, 2462213826, sync, Random Diplomatic Value
1, 100, 0, 1948323027, sync, Random Diplomatic Value
1, 100, 35, 36499472, sync, Random Diplomatic Value
1, 100, 79, 1520912137, sync, Random Diplomatic Value
1, 100, 40, 3402902798, sync, Random Diplomatic Value
1, 100, 77, 1759879983, sync, Random Diplomatic Value
1, 100, 87, 3336109372, sync, Random Diplomatic Value
1, 100, 63, 3757329093, sync, Random Diplomatic Value
1, 100, 24, 2737441818, sync, Random Diplomatic Value
1, 100, 40, 1051935563, sync, Random Diplomatic Value
1, 100, 80, 1742123304, sync, Random Diplomatic Value
1, 100, 98, 3444821569, sync, Random Diplomatic Value
1, 100, 23, 4241280998, sync, Random Diplomatic Value
1, 100, 57, 1014024487, sync, Random Diplomatic Value
1, 100, 31, 2491004884, sync, Random Diplomatic Value
1, 100, 93, 1338903933, sync, Random Diplomatic Value
1, 100, 77, 4001760370, sync, Random Diplomatic Value
1, 100, 48, 3331772611, sync, Random Diplomatic Value
1, 100, 88, 2074377536, sync, Random Diplomatic Value
1, 100, 25, 3803382905, sync, Random Diplomatic Value
1, 100, 2, 1076622782, sync, Random Diplomatic Value
1, 100, 8, 109819423, sync, Random Diplomatic Value
1, 100, 29, 368323948, sync, Random Diplomatic Value
1, 100, 30, 1280732981, sync, Random Diplomatic Value
1, 100, 67, 1320005578, sync, Random Diplomatic Value
1, 100, 90, 2881459515, sync, Random Diplomatic Value
1, 100, 66, 3870078040, sync, Random Diplomatic Value
1, 100, 14, 2861287857, sync, Random Diplomatic Value
1, 100, 63, 618593942, sync, Random Diplomatic Value
1, 100, 87, 2726840855, sync, Random Diplomatic Value
1, 100, 79, 3747921412, sync, Random Diplomatic Value
1, 100, 33, 3403829229, sync, Random Diplomatic Value
1, 100, 36, 1426353698, sync, Random Diplomatic Value
1, 100, 82, 1555919027, sync, Random Diplomatic Value
1, 100, 79, 3530667632, sync, Random Diplomatic Value
1, 100, 87, 3399548393, sync, Random Diplomatic Value
1, 100, 3, 3743369838, sync, Random Diplomatic Value
1, 100, 62, 135554319, sync, Random Diplomatic Value
1, 100, 72, 2685651356, sync, Random Diplomatic Value
1, 100, 18, 3129118629, sync, Random Diplomatic Value
1, 100, 80, 804888442, sync, Random Diplomatic Value
1, 100, 4, 3460055851, sync, Random Diplomatic Value
1, 100, 75, 174187400, sync, Random Diplomatic Value
1, 100, 1, 3258024225, sync, Random Diplomatic Value
1, 100, 97, 82983238, sync, Random Diplomatic Value
1, 100, 85, 4206487303, sync, Random Diplomatic Value
1, 100, 99, 3690311732, sync, Random Diplomatic Value
1, 100, 75, 4286844509, sync, Random Diplomatic Value
1, 100, 63, 3230180306, sync, Random Diplomatic Value
1, 100, 80, 2726554787, sync, Random Diplomatic Value
1, 100, 11, 3445070752, sync, Random Diplomatic Value
1, 100, 48, 494416729, sync, Random Diplomatic Value
1, 100, 16, 2074684190, sync, Random Diplomatic Value
1, 100, 33, 694071295, sync, Random Diplomatic Value
1, 100, 37, 1428869580, sync, Random Diplomatic Value
1, 100, 87, 1592765461, sync, Random Diplomatic Value
1, 100, 75, 3753433898, sync, Random Diplomatic Value
1, 100, 30, 3237498139, sync, Random Diplomatic Value
1, 100, 59, 1327054520, sync, Random Diplomatic Value
1, 100, 58, 2569794705, sync, Random Diplomatic Value
1, 100, 74, 2506194934, sync, Random Diplomatic Value
1, 100, 14, 3183779831, sync, Random Diplomatic Value
1, 100, 35, 629116516, sync, Random Diplomatic Value
1, 100, 82, 1510623437, sync, Random Diplomatic Value
1, 100, 36, 3558712706, sync, Random Diplomatic Value
1, 100, 91, 1570325651, sync, Random Diplomatic Value
1, 100, 21, 3923324112, sync, Random Diplomatic Value
1, 100, 36, 905946313, sync, Random Diplomatic Value
1, 100, 35, 1585747918, sync, Random Diplomatic Value
1, 100, 53, 1544132335, sync, Random Diplomatic Value
1, 100, 97, 2280408572, sync, Random Diplomatic Value
1, 100, 96, 4191470725, sync, Random Diplomatic Value
1, 100, 43, 4149633754, sync, Random Diplomatic Value
1, 100, 99, 1887613707, sync, Random Diplomatic Value
1, 100, 23, 4290102760, sync, Random Diplomatic Value
1, 100, 10, 1008870401, sync, Random Diplomatic Value
1, 100, 57, 457691814, sync, Random Diplomatic Value
1, 100, 32, 2452059367, sync, Random Diplomatic Value
1, 100, 54, 1377130644, sync, Random Diplomatic Value
1, 100, 54, 2324430653, sync, Random Diplomatic Value
1, 100, 61, 2341368626, sync, Random Diplomatic Value
1, 100, 54, 2641131651, sync, Random Diplomatic Value
1, 100, 18, 2352572928, sync, Random Diplomatic Value
1, 100, 95, 784224825, sync, Random Diplomatic Value
1, 100, 71, 4113338494, sync, Random Diplomatic Value
1, 100, 11, 3077839327, sync, Random Diplomatic Value
1, 100, 27, 499852844, sync, Random Diplomatic Value
1, 100, 75, 1193859317, sync, Random Diplomatic Value
1, 100, 54, 3237820042, sync, Random Diplomatic Value
1, 100, 39, 2334815483, sync, Random Diplomatic Value
1, 100, 68, 1708816664, sync, Random Diplomatic Value
1, 100, 84, 2944077681, sync, Random Diplomatic Value
1, 100, 23, 3632279894, sync, Random Diplomatic Value
1, 100, 13, 1008821719, sync, Random Diplomatic Value
1, 100, 95, 579473092, sync, Random Diplomatic Value
1, 100, 91, 4108333485, sync, Random Diplomatic Value
1, 100, 66, 3949333730, sync, Random Diplomatic Value
1, 100, 18, 2871822451, sync, Random Diplomatic Value
1, 100, 32, 796611376, sync, Random Diplomatic Value
1, 100, 50, 1375419305, sync, Random Diplomatic Value
1, 100, 40, 2178684206, sync, Random Diplomatic Value
1, 100, 74, 1757231311, sync, Random Diplomatic Value
1, 100, 43, 3204084316, sync, Random Diplomatic Value
1, 100, 90, 1856170341, sync, Random Diplomatic Value
1, 100, 44, 3885520442, sync, Random Diplomatic Value
1, 100, 97, 1895731947, sync, Random Diplomatic Value
1, 100, 37, 4192884808, sync, Random Diplomatic Value
1, 100, 73, 1599977185, sync, Random Diplomatic Value
1, 100, 55, 3148192774, sync, Random Diplomatic Value
1, 100, 69, 2377216711, sync, Random Diplomatic Value
1, 100, 12, 2993729780, sync, Random Diplomatic Value
1, 100, 69, 547217437, sync, Random Diplomatic Value
1, 100, 97, 2968482450, sync, Random Diplomatic Value
1, 100, 58, 4190663779, sync, Random Diplomatic Value
1, 100, 53, 2506221664, sync, Random Diplomatic Value
1, 100, 79, 2310889753, sync, Random Diplomatic Value
1, 100, 63, 3415090654, sync, Random Diplomatic Value
1, 100, 2, 2730750911, sync, Random Diplomatic Value
1, 100, 45, 107817612, sync, Random Diplomatic Value
1, 100, 15, 1941566933, sync, Random Diplomatic Value
1, 100, 13, 651346410, sync, Random Diplomatic Value
1, 100, 57, 600706267, sync, Random Diplomatic Value
1, 100, 56, 2466800504, sync, Random Diplomatic Value
1, 100, 6, 2410748497, sync, Random Diplomatic Value
1, 100, 33, 269685430, sync, Random Diplomatic Value
1, 100, 65, 1452710839, sync, Random Diplomatic Value
1, 100, 16, 2820423460, sync, Random Diplomatic Value
1, 100, 0, 689703565, sync, Random Diplomatic Value
1, 100, 8, 37069890, sync, Random Diplomatic Value
1, 100, 96, 368000083, sync, Random Diplomatic Value
1, 100, 81, 4134545808, sync, Random Diplomatic Value
1, 100, 80, 3486237321, sync, Random Diplomatic Value
1, 100, 55, 3455959694, sync, Random Diplomatic Value
1, 100, 69, 2384939695, sync, Random Diplomatic Value
1, 100, 64, 2983612092, sync, Random Diplomatic Value
1, 100, 98, 2779053637, sync, Random Diplomatic Value
1, 100, 21, 4212619674, sync, Random Diplomatic Value
1, 100, 59, 925360843, sync, Random Diplomatic Value
1, 100, 79, 2534906536, sync, Random Diplomatic Value
1, 100, 17, 3424401857, sync, Random Diplomatic Value
1, 100, 32, 769889638, sync, Random Diplomatic Value
1, 100, 39, 1414520999, sync, Random Diplomatic Value
1, 100, 17, 1688189268, sync, Random Diplomatic Value
1, 100, 11, 762425597, sync, Random Diplomatic Value
1, 100, 58, 503554546, sync, Random Diplomatic Value
1, 100, 19, 2517622851, sync, Random Diplomatic Value
1, 100, 61, 837359296, sync, Random Diplomatic Value
1, 100, 41, 2645385209, sync, Random Diplomatic Value
1, 100, 22, 1772481342, sync, Random Diplomatic Value
1, 100, 81, 960904607, sync, Random Diplomatic Value
1, 100, 5, 3517505260, sync, Random Diplomatic Value
1, 100, 31, 257622709, sync, Random Diplomatic Value
1, 100, 75, 1368489290, sync, Random Diplomatic Value
1, 100, 16, 3227194555, sync, Random Diplomatic Value
1, 100, 34, 716897752, sync, Random Diplomatic Value
1, 100, 16, 1476793649, sync, Random Diplomatic Value
1, 100, 13, 703734806, sync, Random Diplomatic Value
1, 100, 20, 572277143, sync, Random Diplomatic Value
1, 100, 75, 869146500, sync, Random Diplomatic Value
1, 100, 4, 3228947309, sync, Random Diplomatic Value
1, 100, 4, 199519138, sync, Random Diplomatic Value
1, 100, 99, 173629491, sync, Random Diplomatic Value
1, 100, 36, 4258246640, sync, Random Diplomatic Value
1, 100, 7, 1554594153, sync, Random Diplomatic Value
1, 100, 53, 331456494, sync, Random Diplomatic Value
1, 100, 97, 2285882511, sync, Random Diplomatic Value
1, 100, 90, 4179090204, sync, Random Diplomatic Value
1, 100, 21, 3885171493, sync, Random Diplomatic Value
1, 100, 27, 942394618, sync, Random Diplomatic Value
1, 100, 38, 1182180011, sync, Random Diplomatic Value
1, 100, 61, 1632996616, sync, Random Diplomatic Value
1, 100, 52, 2660609185, sync, Random Diplomatic Value
1, 100, 16, 2245639878, sync, Random Diplomatic Value
1, 100, 48, 687521415, sync, Random Diplomatic Value
1, 100, 34, 2084204980, sync, Random Diplomatic Value
1, 100, 29, 1488941533, sync, Random Diplomatic Value
1, 100, 92, 1277362514, sync, Random Diplomatic Value
1, 100, 8, 3971660835, sync, Random Diplomatic Value
1, 100, 83, 384234784, sync, Random Diplomatic Value
1, 100, 52, 3586543321, sync, Random Diplomatic Value
1, 100, 14, 2253119646, sync, Random Diplomatic Value
1, 100, 43, 619902847, sync, Random Diplomatic Value
1, 100, 0, 1846952780, sync, Random Diplomatic Value
1, 100, 55, 12844949, sync, Random Diplomatic Value
1, 100, 69, 2375116970, sync, Random Diplomatic Value
1, 100, 42, 2991164571, sync, Random Diplomatic Value
1, 100, 63, 1829390392, sync, Random Diplomatic Value
1, 100, 87, 2729574417, sync, Random Diplomatic Value
1, 100, 56, 3757401462, sync, Random Diplomatic Value
1, 100, 93, 2410305399, sync, Random Diplomatic Value
1, 100, 75, 4013404132, sync, Random Diplomatic Value
1, 100, 53, 3232074829, sync, Random Diplomatic Value
1, 100, 56, 2278187778, sync, Random Diplomatic Value
1, 100, 44, 2430792723, sync, Random Diplomatic Value
1, 100, 63, 1890707024, sync, Random Diplomatic Value
1, 100, 43, 2714476617, sync, Random Diplomatic Value
1, 100, 43, 1879027022, sync, Random Diplomatic Value
1, 100, 34, 1862188655, sync, Random Diplomatic Value
1, 100, 22, 1498879868, sync, Random Diplomatic Value
1, 100, 69, 958724101, sync, Random Diplomatic Value
1, 100, 24, 2972536922, sync, Random Diplomatic Value
1, 100, 80, 1046663819, sync, Random Diplomatic Value
1, 100, 43, 3468439400, sync, Random Diplomatic Value
1, 100, 63, 1862406017, sync, Random Diplomatic Value
1, 100, 16, 2740983846, sync, Random Diplomatic Value
1, 100, 72, 715787367, sync, Random Diplomatic Value
1, 100, 52, 3101219348, sync, Random Diplomatic Value
1, 100, 25, 2252284605, sync, Random Diplomatic Value
1, 100, 7, 1084592306, sync, Random Diplomatic Value
1, 100, 39, 339806211, sync, Random Diplomatic Value
1, 100, 59, 1702069120, sync, Random Diplomatic Value
1, 100, 14, 2571120057, sync, Random Diplomatic Value
1, 100, 42, 609748478, sync, Random Diplomatic Value
1, 100, 96, 1807884639, sync, Random Diplomatic Value
1, 100, 91, 4132263852, sync, Random Diplomatic Value
1, 100, 19, 3937201269, sync, Random Diplomatic Value
1, 100, 40, 858424330, sync, Random Diplomatic Value
1, 100, 52, 1729197179, sync, Random Diplomatic Value
1, 100, 52, 2249081496, sync, Random Diplomatic Value
1, 100, 71, 2246892273, sync, Random Diplomatic Value
1, 100, 42, 3086276310, sync, Random Diplomatic Value
1, 100, 68, 1815666007, sync, Random Diplomatic Value
1, 100, 41, 2951802948, sync, Random Diplomatic Value
1, 100, 50, 1801663789, sync, Random Diplomatic Value
1, 100, 30, 2168425058, sync, Random Diplomatic Value
1, 100, 89, 1308882931, sync, Random Diplomatic Value
1, 100, 26, 3861826736, sync, Random Diplomatic Value
1, 100, 29, 1147860777, sync, Random Diplomatic Value
1, 100, 71, 1267722926, sync, Random Diplomatic Value
1, 100, 76, 3059490895, sync, Random Diplomatic Value
1, 100, 35, 3274441692, sync, Random Diplomatic Value
1, 100, 51, 1527962853, sync, Random Diplomatic Value
1, 100, 85, 2222195642, sync, Random Diplomatic Value
1, 100, 25, 3664015979, sync, Random Diplomatic Value
1, 100, 31, 1097040328, sync, Random Diplomatic Value
1, 100, 19, 1369006689, sync, Random Diplomatic Value
1, 100, 32, 844013958, sync, Random Diplomatic Value
1, 100, 52, 1414908487, sync, Random Diplomatic Value
1, 100, 83, 2249388660, sync, Random Diplomatic Value
1, 100, 55, 3584607133, sync, Random Diplomatic Value
1, 100, 74, 2363707410, sync, Random Diplomatic Value
1, 100, 66, 3206202339, sync, Random Diplomatic Value
1, 100, 29, 2863055328, sync, Random Diplomatic Value
1, 100, 57, 1263729817, sync, Random Diplomatic Value
1, 100, 43, 2460113758, sync, Random Diplomatic Value
1, 100, 69, 1873525567, sync, Random Diplomatic Value
1, 100, 17, 2967870476, sync, Random Diplomatic Value
1, 100, 65, 734906709, sync, Random Diplomatic Value
1, 100, 40, 2796867434, sync, Random Diplomatic Value
1, 100, 55, 1747635291, sync, Random Diplomatic Value
1, 100, 57, 2380197112, sync, Random Diplomatic Value
1, 100, 1, 2481890769, sync, Random Diplomatic Value
1, 100, 37, 63469622, sync, Random Diplomatic Value
1, 100, 96, 1623184183, sync, Random Diplomatic Value
1, 100, 24, 4153532580, sync, Random Diplomatic Value
1, 100, 56, 1046924813, sync, Random Diplomatic Value
1, 100, 50, 2409357762, sync, Random Diplomatic Value
1, 100, 38, 2184473555, sync, Random Diplomatic Value
1, 100, 89, 1633575696, sync, Random Diplomatic Value
1, 100, 35, 3854515721, sync, Random Diplomatic Value
1, 100, 18, 1531598862, sync, Random Diplomatic Value
1, 100, 32, 776991279, sync, Random Diplomatic Value
1, 100, 78, 1395564604, sync, Random Diplomatic Value
1, 100, 86, 3390353861, sync, Random Diplomatic Value
1, 100, 94, 3696748314, sync, Random Diplomatic Value
1, 100, 2, 4059267659, sync, Random Diplomatic Value
1, 100, 83, 123962408, sync, Random Diplomatic Value
1, 100, 66, 3600000321, sync, Random Diplomatic Value
1, 100, 48, 2860341990, sync, Random Diplomatic Value
1, 100, 98, 2096494631, sync, Random Diplomatic Value
1, 100, 63, 4219517652, sync, Random Diplomatic Value
1, 100, 30, 2729727101, sync, Random Diplomatic Value
1, 100, 23, 1312046962, sync, Random Diplomatic Value
1, 100, 87, 1002434499, sync, Random Diplomatic Value
1, 100, 29, 3751325760, sync, Random Diplomatic Value
1, 100, 42, 1261878137, sync, Random Diplomatic Value
1, 100, 93, 1812127934, sync, Random Diplomatic Value
1, 100, 6, 4003972383, sync, Random Diplomatic Value
1, 100, 87, 276336748, sync, Random Diplomatic Value
1, 100, 34, 3739129397, sync, Random Diplomatic Value
1, 100, 35, 1485327050, sync, Random Diplomatic Value
1, 100, 53, 1527616571, sync, Random Diplomatic Value
1, 100, 85, 2291418968, sync, Random Diplomatic Value
1, 100, 88, 3673120945, sync, Random Diplomatic Value
1, 100, 94, 3779611030, sync, Random Diplomatic Value
1, 100, 95, 4063705367, sync, Random Diplomatic Value
1, 100, 95, 4088561924, sync, Random Diplomatic Value
1, 100, 83, 4083701485, sync, Random Diplomatic Value
1, 100, 3, 3593955618, sync, Random Diplomatic Value
1, 100, 31, 166481843, sync, Random Diplomatic Value
1, 100, 13, 1364765040, sync, Random Diplomatic Value
1, 100, 62, 587232489, sync, Random Diplomatic Value
1, 100, 1, 2684810606, sync, Random Diplomatic Value
1, 100, 32, 47330319, sync, Random Diplomatic Value
1, 100, 74, 1375136924, sync, Random Diplomatic Value
1, 100, 93, 3202512549, sync, Random Diplomatic Value
1, 100, 47, 4012964474, sync, Random Diplomatic Value
1, 100, 35, 2022179371, sync, Random Diplomatic Value
1, 100, 3, 1523857032, sync, Random Diplomatic Value
1, 100, 31, 170448929, sync, Random Diplomatic Value
1, 100, 34, 1338262598, sync, Random Diplomatic Value
1, 100, 86, 1468175879, sync, Random Diplomatic Value
1, 100, 51, 3703190324, sync, Random Diplomatic Value
1, 100, 17, 2233062749, sync, Random Diplomatic Value
1, 6, 2, 770727634, sync, Choosing random civic boost to grant based on era, Player: 5
1, 5, 2, 1957202851, sync, Choosing random civic boost to grant based on era, Player: 5
1, 4, 3, 1767984800, sync, Choosing random civic boost to grant based on era, Player: 5
1, 8, 4, 4095961689, sync, Choosing random tech boost to grant based on era, Player: 5
1, 7, 0, 2538706462, sync, Choosing random tech boost to grant based on era, Player: 5
1, 6, 4, 44973823, sync, Choosing random tech boost to grant based on era, Player: 5
1, 6, 5, 3013391564, sync, Choosing random civic boost to grant based on era, Player: 6
1, 5, 3, 3667350293, sync, Choosing random civic boost to grant based on era, Player: 6
1, 4, 0, 3304912426, sync, Choosing random civic boost to grant based on era, Player: 6
1, 8, 3, 20040731, sync, Choosing random tech boost to grant based on era, Player: 6
1, 7, 6, 1715884472, sync, Choosing random tech boost to grant based on era, Player: 6
1, 6, 1, 3844541329, sync, Choosing random tech boost to grant based on era, Player: 6
1, 6, 3, 978078454, sync, Choosing random civic boost to grant based on era, Player: 7
1, 5, 2, 2174160631, sync, Choosing random civic boost to grant based on era, Player: 7
1, 4, 2, 2112541028, sync, Choosing random civic boost to grant based on era, Player: 7
1, 8, 0, 2149568461, sync, Choosing random tech boost to grant based on era, Player: 7
1, 7, 2, 74064002, sync, Choosing random tech boost to grant based on era, Player: 7
1, 6, 3, 1571005331, sync, Choosing random tech boost to grant based on era, Player: 7
1, 6, 3, 2436210640, sync, Choosing random civic boost to grant based on era, Player: 8
1, 5, 2, 2506529737, sync, Choosing random civic boost to grant based on era, Player: 8
1, 4, 2, 1721615054, sync, Choosing random civic boost to grant based on era, Player: 8
1, 8, 1, 3151685103, sync, Choosing random tech boost to grant based on era, Player: 8
1, 7, 1, 874309884, sync, Choosing random tech boost to grant based on era, Player: 8
1, 6, 5, 775170949, sync, Choosing random tech boost to grant based on era, Player: 8
1, 6, 2, 4283907546, sync, Choosing random civic boost to grant based on era, Player: 9
1, 5, 1, 2107240971, sync, Choosing random civic boost to grant based on era, Player: 9
1, 4, 1, 1640863976, sync, Choosing random civic boost to grant based on era, Player: 9
1, 8, 1, 1955658497, sync, Choosing random tech boost to grant based on era, Player: 9
1, 7, 3, 838557094, sync, Choosing random tech boost to grant based on era, Player: 9
1, 6, 3, 1928569831, sync, Choosing random tech boost to grant based on era, Player: 9
1, 20, 6, 2572639124, sync, Choose random agenda
1, 20, 7, 1351697981, sync, Choose random agenda
1, 20, 18, 1634709042, sync, Choose random agenda
1, 20, 1, 4031551363, sync, Choose random agenda
1, 20, 12, 421043456, sync, Choose random agenda
1, 20, 5, 2639333689, sync, Choose random agenda
1, 20, 2, 1197898622, sync, Choose random agenda
1, 20, 7, 565651679, sync, Choose random agenda
1, 20, 13, 1693092140, sync, Choose random agenda
1, 20, 9, 2981101557, sync, Choose random agenda
1, 4, 0, 1953157514, sync, Random River
1, 3, 0, 940536827, sync, Random River
1, 2, 1, 51186712, sync, Random River
1, 5, 3, 3100485233, sync, Random River
1, 9, 2, 3299638358, sync, Random River
1, 8, 0, 1272403159, sync, Random River
1, 5, 0, 466801092, sync, Random River
1, 3, 1, 373635245, sync, Random Desert
1, 4, 2, 1435240418, sync, Random River
1, 3, 1, 2446485363, sync, Random River
1, 3, 2, 1745700400, sync, Random River
1, 2, 0, 3525948073, sync, Random River
1, 6, 1, 1206304814, sync, Random River
1, 5, 3, 1029834703, sync, Random River
1, 5, 3, 2587399516, sync, Random River
1, 4, 1, 3368144997, sync, Random River
1, 3, 0, 1529000250, sync, Random Lake Range
1, 6, 1, 748769771, sync, Random River
1, 2, 0, 778545992, sync, Random Lake Range
1, 5, 0, 436473313, sync, Random River
1, 5, 1, 754624262, sync, Random River
1, 4, 1, 977347015, sync, Random River
1, 3, 0, 1290810356, sync, Random River
1, 4, 2, 349349661, sync, Generating a random new Great Person
1, 4, 3, 2852793746, sync, Generating a random new Great Person
1, 4, 0, 3508802403, sync, Generating a random new Great Person
1, 3, 1, 735484768, sync, Generating a random new Great Person
1, 6, 5, 2583140377, sync, Generating a random new Great Person
1, 4, 0, 4212756702, sync, Generating a random new Great Person
1, 5, 0, 498762431, sync, Generating a random new Great Person
1, 5, 3, 452595084, sync, Generating a random new Great Person
1, 6, 5, 3001064661, sync, Generating a random new Great Person
1, 40, 38, 4213824746, sync, Choosing a Citizen Name
1, 39, 5, 4179528667, sync, Choosing a Citizen Name
1, 38, 32, 654341752, sync, Choosing a Citizen Name
1, 37, 0, 3625660753, sync, Choosing a Citizen Name
1, 4, 1, 37805494, sync, Random River
1, 40, 39, 1777339063, sync, Choosing a Citizen Name
1, 39, 5, 4278354468, sync, Choosing a Citizen Name
1, 38, 21, 596677005, sync, Choosing a Citizen Name
1, 37, 12, 2431983426, sync, Choosing a Citizen Name
1, 3, 1, 1458608979, sync, Random River
1, 40, 16, 2297928848, sync, Choosing a Citizen Name
1, 39, 6, 1786886537, sync, Choosing a Citizen Name
1, 38, 29, 683273614, sync, Choosing a Citizen Name
1, 37, 11, 3344931247, sync, Choosing a Citizen Name
1, 4, 3, 1356984764, sync, Random River
1, 3, 1, 4215498053, sync, Random River
1, 40, 32, 1558926490, sync, Choosing a Citizen Name
1, 39, 29, 3440779723, sync, Choosing a Citizen Name
1, 38, 18, 3199888808, sync, Choosing a Citizen Name
1, 37, 33, 2059014337, sync, Choosing a Citizen Name
1, 40, 38, 3902414950, sync, Choosing a Citizen Name
1, 39, 29, 4100132775, sync, Choosing a Citizen Name
1, 38, 4, 3206331476, sync, Choosing a Citizen Name
1, 37, 12, 496367613, sync, Choosing a Citizen Name
1, 16, 13, 1427627250, sync, First Turn Settler Fallback
1, 6, 1, 3584491331, sync, BT Research Choice
1, 7, 1, 1253263808, sync, BT Research Choice
1, 6, 2, 961484537, sync, BT Research Choice
1, 4, 0, 2101532222, sync, Random River
1, 3, 2, 615533727, sync, Random River
1, 40, 36, 4167254508, sync, Choosing a Citizen Name
1, 39, 38, 3907070389, sync, Choosing a Citizen Name
1, 38, 13, 4187101258, sync, Choosing a Citizen Name
1, 37, 19, 1507267515, sync, Choosing a Citizen Name
1, 40, 10, 2251854040, sync, Choosing a Citizen Name
1, 39, 9, 1095216177, sync, Choosing a Citizen Name
1, 38, 31, 1088515862, sync, Choosing a Citizen Name
1, 37, 0, 3503894679, sync, Choosing a Citizen Name
1, 40, 12, 85058180, sync, Choosing a Citizen Name
1, 39, 1, 1371134573, sync, Choosing a Citizen Name
1, 38, 37, 167601826, sync, Choosing a Citizen Name
1, 37, 2, 4185276211, sync, Choosing a Citizen Name
1, 40, 36, 319595248, sync, Choosing a Citizen Name
1, 39, 8, 3953569897, sync, Choosing a Citizen Name
1, 38, 36, 971983598, sync, Choosing a Citizen Name
1, 37, 11, 4123761551, sync, Choosing a Citizen Name
1, 40, 37, 1353776668, sync, Choosing a Citizen Name
1, 39, 16, 4000377381, sync, Choosing a Citizen Name
1, 38, 28, 1795762170, sync, Choosing a Citizen Name
1, 37, 36, 3262144939, sync, Choosing a Citizen Name
2, 2500, 1434, 4242399240, sync, Random Event Roll
2, 100, 84, 2464875425, sync, Pillage Improvement Chance
2, 100, 76, 3635530182, sync, Pillage Improvement Chance
2, 100, 38, 3293670791, sync, Pillage Improvement Chance
2, 100, 94, 1668609204, sync, Pillage Improvement Chance
2, 100, 23, 4069734621, sync, Pillage Improvement Chance
2, 100, 34, 1005632594, sync, Pillage Improvement Chance
2, 100, 54, 1481464611, sync, Pillage Improvement Chance
2, 100, 77, 2328274976, sync, Pillage Improvement Chance
2, 100, 89, 3331294681, sync, Pillage Improvement Chance
2, 100, 75, 3837414302, sync, Pillage Improvement Chance
2, 100, 29, 3230697087, sync, Pillage Improvement Chance
2, 100, 10, 1270752844, sync, Pillage Improvement Chance
2, 100, 10, 443131541, sync, Pillage Improvement Chance
2, 100, 54, 469468074, sync, Pillage Improvement Chance
2, 100, 75, 2343635867, sync, Pillage Improvement Chance
2, 100, 43, 3234683704, sync, Pillage Improvement Chance
2, 100, 60, 1854609169, sync, Pillage Improvement Chance
2, 100, 31, 2590388342, sync, Pillage Improvement Chance
2, 100, 71, 1368049271, sync, Pillage Improvement Chance
2, 100, 52, 3080254180, sync, Pillage Improvement Chance
2, 100, 62, 2256081741, sync, Pillage Improvement Chance
2, 100, 38, 2684149250, sync, Pillage Improvement Chance
2, 100, 56, 1641763603, sync, Pillage Improvement Chance
2, 100, 87, 2439272784, sync, Pillage Improvement Chance
2, 100, 97, 3738212169, sync, Pillage Improvement Chance
2, 100, 75, 4166965326, sync, Pillage Improvement Chance
2, 100, 74, 3231583599, sync, Pillage Improvement Chance
2, 100, 52, 3191716476, sync, Boosted Yield Chance
2, 100, 96, 2265079557, sync, Boosted Yield Chance
2, 100, 54, 4157877082, sync, Boosted Yield Chance
2, 100, 74, 2351436171, sync, Boosted Yield Chance
2, 100, 85, 3203007080, sync, Boosted Yield Chance
2, 100, 23, 3670992513, sync, Boosted Yield Chance
2, 100, 66, 1025090342, sync, Boosted Yield Chance
2, 100, 34, 2835626855, sync, Boosted Yield Chance
2, 100, 34, 1502666004, sync, Boosted Yield Chance
2, 100, 76, 1468164541, sync, Boosted Yield Chance
2, 100, 31, 3287075762, sync, Boosted Yield Chance
2, 100, 42, 1334781699, sync, Boosted Yield Chance
2, 100, 53, 1831384704, sync, Boosted Yield Chance
2, 100, 57, 2297488569, sync, Boosted Yield Chance
2, 100, 84, 2488791294, sync, Boosted Yield Chance
2, 100, 56, 3612553311, sync, Boosted Yield Chance
2, 100, 78, 2409806508, sync, Boosted Yield Chance
2, 100, 10, 3392279413, sync, Boosted Yield Chance
2, 3, 2, 448667402, sync, GetNextBuyablePlot picker
2, 2, 0, 3693376379, sync, GetNextBuyablePlot picker
2, 2, 0, 1658246552, sync, City Build District Choice
2, 3, 2, 1444770289, sync, Random River
2, 1, 0, 4104593878, sync, GetNextBuyablePlot picker
2, 1, 0, 2566704215, sync, GetNextBuyablePlot picker
2, 2, 1, 1278194500, sync, Random River
2, 2, 1, 3817225261, sync, GetNextBuyablePlot picker
2, 9, 0, 3192620386, sync, Random Ocean
2, 4, 3, 345495283, sync, GetNextBuyablePlot picker
2, 10, 7, 4212572080, sync, Random Direction
2, 9, 1, 3375853097, sync, Random Direction
2, 1, 0, 752915886, sync, GetNextBuyablePlot picker
2, 8, 7, 2077159247, sync, Random Direction
2, 10, 3, 3927975644, sync, Random Direction
2, 1, 0, 1706017765, sync, GetNextBuyablePlot picker
2, 2, 1, 2175033018, sync, City Build District Choice
2, 2, 1, 3316986219, sync, City Build District Choice
2, 5, 1, 3338065096, sync, Random Direction
2, 6, 0, 1184741729, sync, Random Direction
2, 1, 0, 564767878, sync, GetNextBuyablePlot picker
2, 2, 0, 2104719687, sync, City Build District Choice
2, 6, 1, 1829270900, sync, Random Direction
2, 5, 4, 1276873373, sync, Random Direction
2, 1, 0, 3731098386, sync, GetNextBuyablePlot picker
2, 2, 1, 1306813155, sync, City Build District Choice
2, 3, 2, 3740366048, sync, Random Direction
2, 7, 1, 3282776985, sync, Random Direction
2, 1, 0, 989054558, sync, GetNextBuyablePlot picker
2, 8, 3, 2867874367, sync, Random Direction
2, 5, 1, 1789460236, sync, Random Direction
2, 1, 0, 921858133, sync, GetNextBuyablePlot picker
2, 7, 4, 3123833450, sync, Random Direction
2, 10, 8, 3030993755, sync, Random Direction
2, 1, 0, 3832348664, sync, GetNextBuyablePlot picker
2, 10, 0, 1781972177, sync, Random Direction
2, 8, 1, 24920886, sync, Random Direction
2, 1, 0, 807879223, sync, GetNextBuyablePlot picker
2, 10, 7, 2758681508, sync, Random Direction
2, 10, 3, 3331937549, sync, Random Direction
2, 2, 0, 1547787458, sync, GetNextBuyablePlot picker
2, 5, 3, 841206483, sync, Random Direction
2, 6, 1, 3007043088, sync, Random Direction
2, 2, 1, 739456265, sync, GetNextBuyablePlot picker
2, 14, 11, 3964437262, sync, Random Direction
2, 12, 3, 3612754223, sync, Random Direction
2, 100, 90, 1357923132, sync, First Turn Settler Fallback
2, 3, 1, 3878754501, sync, GetNextBuyablePlot picker
2, 3, 0, 2463220250, sync, GetNextBuyablePlot picker
2, 1, 0, 646955339, sync, GetNextBuyablePlot picker
2, 1, 0, 3273414440, sync, GetNextBuyablePlot picker
2, 3, 1, 1183808577, sync, GetNextBuyablePlot picker
2, 6, 5, 1580852710, sync, Random Lake Range
2, 7, 0, 4170655527, sync, Random River
2, 6, 0, 359906772, sync, Random Sea
2, 8, 0, 202808189, sync, Random Ocean
2, 2, 1, 145652338, sync, Random Sea
2, 4000, 894, 2177175235, sync, Choosing a Goody Hut Type
2, 55, 39, 960029504, sync, Choosing a Sub Type
2, 100, 82, 3052827257, sync, Rolling for chance to discover a Secret Society
2, 100, 84, 3546663870, sync, Rolling for chance to discover a Secret Society
2, 100, 68, 3646936095, sync, Rolling for chance to discover a Secret Society
2, 100, 35, 2942890860, sync, Rolling for chance to discover a Secret Society
3, 2500, 1979, 1533197621, sync, Random Event Roll
3, 1825, 1102, 3400459722, sync, Pick Storm Start Plot
3, 5, 3, 2595722043, sync, Storm Direction Preview
3, 36, 21, 2846349912, sync, Choosing a Citizen Name
3, 100, 24, 2567894961, sync, Pillage Improvement Chance
3, 100, 48, 1052611734, sync, Pillage Improvement Chance
3, 100, 30, 2080516119, sync, Pillage Improvement Chance
3, 100, 78, 1307329540, sync, Pillage Improvement Chance
3, 100, 98, 3379191277, sync, Pillage Improvement Chance
3, 100, 46, 4248200226, sync, Pillage Improvement Chance
3, 100, 53, 1995910835, sync, Pillage Improvement Chance
3, 100, 51, 2297142384, sync, Pillage Improvement Chance
3, 100, 59, 2224810985, sync, Pillage Improvement Chance
3, 100, 87, 2541396078, sync, Pillage Improvement Chance
3, 100, 60, 3744203535, sync, Pillage Improvement Chance
3, 100, 14, 2605059996, sync, Pillage Improvement Chance
3, 100, 75, 608066981, sync, Pillage Improvement Chance
3, 100, 50, 3249821050, sync, Pillage Improvement Chance
3, 100, 30, 2184167723, sync, Pillage Improvement Chance
3, 100, 77, 1299351944, sync, Pillage Improvement Chance
3, 100, 58, 3336318753, sync, Pillage Improvement Chance
3, 100, 67, 2527219526, sync, Pillage Improvement Chance
3, 100, 46, 2909226247, sync, Pillage Improvement Chance
3, 100, 5, 1986704948, sync, Pillage Improvement Chance
3, 100, 29, 254516317, sync, Pillage Improvement Chance
3, 100, 70, 1277434322, sync, Pillage Improvement Chance
3, 100, 25, 3047762595, sync, Pillage Improvement Chance
3, 100, 60, 1092026784, sync, Pillage Improvement Chance
3, 100, 64, 2601165145, sync, Pillage Improvement Chance
3, 100, 36, 2760245534, sync, Pillage Improvement Chance
3, 100, 36, 1553583615, sync, Pillage Improvement Chance
3, 100, 93, 1551538124, sync, Pillage Improvement Chance
3, 100, 15, 3996842517, sync, Pillage Improvement Chance
3, 100, 18, 680333610, sync, Pillage Improvement Chance
3, 100, 1, 801590043, sync, Pillage Improvement Chance
3, 100, 30, 44000440, sync, Pillage Improvement Chance
3, 100, 96, 1289626257, sync, Pillage Improvement Chance
3, 100, 74, 4131591670, sync, Pillage Improvement Chance
3, 100, 50, 3179642359, sync, Pillage Improvement Chance
3, 3, 2, 2185368676, sync, GetNextBuyablePlot picker
3, 2, 1, 3249624781, sync, GetNextBuyablePlot picker
3, 2, 0, 2961349506, sync, Random River
3, 1, 0, 998900371, sync, GetNextBuyablePlot picker
3, 1, 0, 3074298576, sync, GetNextBuyablePlot picker
3, 4000, 3425, 1275695817, sync, Choosing a Goody Hut Type
3, 35, 34, 3678596558, sync, Choosing a Sub Type
3, 100, 61, 4215813359, sync, Rolling for chance to discover a Secret Society
3, 100, 94, 2646182908, sync, Rolling for chance to discover a Secret Society
3, 100, 69, 4052718213, sync, Rolling for chance to discover a Secret Society
3, 100, 78, 2963544282, sync, Rolling for chance to discover a Secret Society
3, 2, 1, 3356307723, sync, GetNextBuyablePlot picker
3, 2, 0, 3960564712, sync, Random River
3, 4, 0, 800838145, sync, GetNextBuyablePlot picker
3, 6, 0, 985327782, sync, Random Direction
3, 10, 3, 182178535, sync, Random Direction
3, 1, 0, 1602576020, sync, GetNextBuyablePlot picker
3, 10, 2, 152210749, sync, Random Direction
3, 9, 2, 1042082098, sync, Random Direction
3, 1, 0, 1342748291, sync, GetNextBuyablePlot picker
3, 7, 4, 665047040, sync, Random Direction
3, 7, 1, 2854207545, sync, Random Direction
3, 1, 0, 1093428862, sync, GetNextBuyablePlot picker
3, 6, 3, 2325100511, sync, Random Direction
3, 7, 2, 2624973868, sync, Random Direction
3, 1, 0, 1647519477, sync, GetNextBuyablePlot picker
3, 7, 1, 3156503690, sync, Random Direction
3, 4, 0, 827355899, sync, Random Direction
3, 1, 0, 728473368, sync, GetNextBuyablePlot picker
3, 11, 2, 1809595761, sync, Random Direction
3, 9, 0, 1038403414, sync, Random Direction
3, 1, 0, 296305623, sync, GetNextBuyablePlot picker
3, 7, 5, 654808260, sync, Random Direction
3, 8, 0, 3240509357, sync, Random Direction
3, 1, 0, 293470946, sync, GetNextBuyablePlot picker
3, 12, 10, 1951680115, sync, Random Direction
3, 9, 8, 3846912304, sync, Random Direction
3, 1, 0, 4153682345, sync, GetNextBuyablePlot picker
3, 6, 5, 2961009454, sync, Random Direction
3, 12, 4, 4020426447, sync, Random Direction
3, 2, 1, 1491253340, sync, GetNextBuyablePlot picker
3, 7, 0, 3755784037, sync, Random Direction
3, 8, 0, 234425402, sync, Random Direction
3, 2, 0, 60821739, sync, GetNextBuyablePlot picker
3, 8, 3, 286326344, sync, Random Direction
3, 10, 5, 1701209313, sync, Random Direction
3, 300, 107, 2254156294, sync, First Turn Settler Fallback
3, 3, 0, 1542246599, sync, GetNextBuyablePlot picker
3, 3, 2, 1281079028, sync, GetNextBuyablePlot picker
3, 1, 0, 3917704733, sync, GetNextBuyablePlot picker
3, 1, 0, 4293978258, sync, GetNextBuyablePlot picker
3, 3, 1, 1398518371, sync, GetNextBuyablePlot picker
3, 2, 0, 2314686048, sync, Random River
3, 3, 1, 376295193, sync, Random River
3, 1, 0, 2284911582, sync, Random River
3, 6, 4, 357372351, sync, Random River
3, 4000, 3593, 3321032844, sync, Choosing a Goody Hut Type
3, 35, 16, 3858973653, sync, Choosing a Sub Type
3, 100, 47, 2043475946, sync, Rolling for chance to discover a Secret Society
3, 100, 29, 2026572507, sync, Rolling for chance to discover a Secret Society
3, 100, 34, 1277462904, sync, Rolling for chance to discover a Secret Society
3, 100, 96, 1480673361, sync, Rolling for chance to discover a Secret Society
4, 5, 2, 4152010934, sync, Storm Direction
4, 100, 80, 1902475703, sync, Pillage Improvement Chance
4, 100, 8, 3453273380, sync, Pillage Improvement Chance
4, 100, 27, 360781965, sync, Pillage Improvement Chance
4, 100, 69, 1199610434, sync, Pillage Improvement Chance
4, 100, 14, 2983066195, sync, Pillage Improvement Chance
4, 100, 97, 640356240, sync, Pillage Improvement Chance
4, 100, 35, 4168331401, sync, Pillage Improvement Chance
4, 100, 86, 1543641230, sync, Pillage Improvement Chance
4, 100, 97, 3694389423, sync, Pillage Improvement Chance
4, 100, 23, 4183397564, sync, Pillage Improvement Chance
4, 100, 57, 1004391493, sync, Pillage Improvement Chance
4, 100, 36, 2483761050, sync, Pillage Improvement Chance
4, 100, 10, 1549820107, sync, Pillage Improvement Chance
4, 100, 78, 445202600, sync, Pillage Improvement Chance
4, 100, 50, 3356747713, sync, Pillage Improvement Chance
4, 100, 77, 2170334054, sync, Pillage Improvement Chance
4, 100, 39, 3348250279, sync, Pillage Improvement Chance
4, 100, 86, 1686486868, sync, Pillage Improvement Chance
4, 100, 24, 3694542589, sync, Pillage Improvement Chance
4, 100, 36, 1056446450, sync, Pillage Improvement Chance
4, 100, 44, 1578769987, sync, Pillage Improvement Chance
4, 100, 5, 1898544320, sync, Pillage Improvement Chance
4, 100, 64, 254594553, sync, Pillage Improvement Chance
4, 100, 4, 2758525246, sync, Pillage Improvement Chance
4, 100, 35, 179723167, sync, Pillage Improvement Chance
4, 100, 39, 1535747308, sync, Pillage Improvement Chance
4, 100, 38, 1684230325, sync, Pillage Improvement Chance
4, 100, 98, 1641984842, sync, Pillage Improvement Chance
4, 100, 47, 4222554811, sync, Pillage Improvement Chance
4, 100, 93, 2028086232, sync, Pillage Improvement Chance
4, 100, 81, 4031071025, sync, Pillage Improvement Chance
4, 100, 69, 3504126486, sync, Pillage Improvement Chance
4, 100, 70, 2981240727, sync, Pillage Improvement Chance
4, 100, 28, 3024201092, sync, Pillage Improvement Chance
4, 100, 2, 1215947117, sync, Pillage Improvement Chance
4, 5, 0, 98722210, sync, Storm Direction
4, 100, 97, 544153139, sync, Pillage Improvement Chance
4, 100, 73, 4176844272, sync, Pillage Improvement Chance
4, 100, 43, 3152029545, sync, Pillage Improvement Chance
4, 100, 23, 1856566766, sync, Pillage Improvement Chance
4, 100, 84, 1022585487, sync, Pillage Improvement Chance
4, 100, 5, 3619037468, sync, Pillage Improvement Chance
4, 100, 3, 239784229, sync, Pillage Improvement Chance
4, 100, 8, 154305274, sync, Pillage Improvement Chance
4, 100, 32, 365306027, sync, Pillage Improvement Chance
4, 100, 20, 1385313032, sync, Pillage Improvement Chance
4, 100, 99, 872176289, sync, Pillage Improvement Chance
4, 100, 31, 4288009414, sync, Pillage Improvement Chance
4, 100, 48, 1355029639, sync, Pillage Improvement Chance
4, 100, 28, 2073786292, sync, Pillage Improvement Chance
4, 100, 20, 1222836189, sync, Pillage Improvement Chance
4, 5, 3, 881489746, sync, Storm Direction
4, 100, 32, 2864445987, sync, Pillage Improvement Chance
4, 100, 74, 1381128992, sync, Pillage Improvement Chance
4, 100, 4, 3214195929, sync, Pillage Improvement Chance
4, 100, 83, 213169822, sync, Pillage Improvement Chance
4, 100, 4, 3570013567, sync, Pillage Improvement Chance
4, 100, 51, 198314316, sync, Pillage Improvement Chance
4, 100, 50, 2215333269, sync, Pillage Improvement Chance
4, 100, 79, 2159124138, sync, Pillage Improvement Chance
4, 100, 69, 3413412507, sync, Pillage Improvement Chance
4, 100, 55, 2981916216, sync, Pillage Improvement Chance
4, 100, 26, 2384473617, sync, Pillage Improvement Chance
4, 100, 51, 1138948982, sync, Pillage Improvement Chance
4, 100, 76, 2206676343, sync, Pillage Improvement Chance
4, 100, 12, 3286644196, sync, Pillage Improvement Chance
4, 100, 54, 533240397, sync, Pillage Improvement Chance
4, 5, 2, 2348505346, sync, Storm Direction
4, 100, 28, 2293215763, sync, Pillage Improvement Chance
4, 100, 66, 1220725840, sync, Pillage Improvement Chance
4, 100, 77, 2870054473, sync, Pillage Improvement Chance
4, 100, 91, 3309962062, sync, Pillage Improvement Chance
4, 100, 47, 3923336303, sync, Pillage Improvement Chance
4, 100, 10, 2022727036, sync, Pillage Improvement Chance
4, 100, 24, 467387909, sync, Pillage Improvement Chance
4, 100, 55, 1070007898, sync, Pillage Improvement Chance
4, 100, 93, 2403946635, sync, Pillage Improvement Chance
4, 100, 0, 4014200168, sync, Pillage Improvement Chance
4, 100, 62, 22527361, sync, Pillage Improvement Chance
4, 100, 83, 2698980902, sync, Pillage Improvement Chance
4, 100, 6, 3598346855, sync, Pillage Improvement Chance
4, 100, 82, 288677908, sync, Pillage Improvement Chance
4, 100, 64, 3544297661, sync, Pillage Improvement Chance
4, 5, 0, 2785019570, sync, Storm Direction
4, 100, 5, 263800323, sync, Pillage Improvement Chance
4, 100, 30, 243919232, sync, Pillage Improvement Chance
4, 100, 51, 1323146169, sync, Pillage Improvement Chance
4, 100, 22, 2212748286, sync, Pillage Improvement Chance
4, 100, 69, 964706143, sync, Pillage Improvement Chance
4, 100, 65, 2976128428, sync, Pillage Improvement Chance
4, 100, 93, 2813540981, sync, Pillage Improvement Chance
4, 100, 8, 4003314186, sync, Pillage Improvement Chance
4, 100, 88, 361984635, sync, Pillage Improvement Chance
4, 100, 3, 3804981400, sync, Pillage Improvement Chance
4, 100, 58, 134875377, sync, Pillage Improvement Chance
4, 100, 45, 2523229398, sync, Pillage Improvement Chance
4, 100, 57, 1943845719, sync, Pillage Improvement Chance
4, 100, 61, 2455402052, sync, Pillage Improvement Chance
4, 100, 64, 2636464941, sync, Pillage Improvement Chance
4, 5, 1, 2770567266, sync, Storm Direction
4, 100, 42, 1325905395, sync, Pillage Improvement Chance
4, 100, 16, 1823126192, sync, Pillage Improvement Chance
4, 100, 53, 725607721, sync, Pillage Improvement Chance
4, 100, 8, 2294104238, sync, Pillage Improvement Chance
4, 100, 54, 383630927, sync, Pillage Improvement Chance
4, 100, 89, 2357217756, sync, Pillage Improvement Chance
4, 100, 8, 3846744805, sync, Pillage Improvement Chance
4, 100, 26, 371243450, sync, Pillage Improvement Chance
4, 100, 7, 1147269227, sync, Pillage Improvement Chance
4, 100, 1, 313927624, sync, Pillage Improvement Chance
4, 100, 81, 73273441, sync, Pillage Improvement Chance
4, 100, 7, 3507533702, sync, Pillage Improvement Chance
4, 100, 31, 330115143, sync, Pillage Improvement Chance
4, 100, 35, 1357510772, sync, Pillage Improvement Chance
4, 100, 89, 1527402909, sync, Pillage Improvement Chance
4, 5, 4, 3836790290, sync, Storm Direction
4, 100, 94, 4287234531, sync, Pillage Improvement Chance
4, 100, 87, 4075300832, sync, Pillage Improvement Chance
4, 100, 9, 3762252441, sync, Pillage Improvement Chance
4, 100, 35, 416362846, sync, Pillage Improvement Chance
4, 100, 32, 1523636543, sync, Pillage Improvement Chance
4, 100, 92, 1389879820, sync, Pillage Improvement Chance
4, 100, 81, 3994228565, sync, Pillage Improvement Chance
4, 100, 13, 3489334634, sync, Pillage Improvement Chance
4, 100, 89, 595839579, sync, Pillage Improvement Chance
4, 100, 68, 3827766008, sync, Pillage Improvement Chance
4, 5, 4, 2956645329, sync, Storm Direction
4, 100, 92, 3661368886, sync, Pillage Improvement Chance
4, 100, 37, 3953832247, sync, Pillage Improvement Chance
4, 100, 99, 1630955172, sync, Pillage Improvement Chance
4, 100, 65, 4266122253, sync, Pillage Improvement Chance
4, 100, 45, 2830292930, sync, Pillage Improvement Chance
4, 100, 15, 1945053651, sync, Pillage Improvement Chance
4, 100, 61, 667240720, sync, Pillage Improvement Chance
4, 100, 17, 2644716553, sync, Pillage Improvement Chance
4, 100, 32, 769306126, sync, Pillage Improvement Chance
4, 100, 93, 1408798767, sync, Pillage Improvement Chance
4, 100, 65, 4028491324, sync, Pillage Improvement Chance
4, 100, 46, 2806611909, sync, Pillage Improvement Chance
4, 100, 79, 1989647642, sync, Pillage Improvement Chance
4, 100, 79, 3431465035, sync, Pillage Improvement Chance
4, 100, 55, 3405851176, sync, Pillage Improvement Chance
4, 5, 3, 2370261825, sync, Storm Direction
4, 5, 3, 3355603174, sync, Storm Direction Preview
4, 2578, 184, 2673104423, sync, Random Event Roll
4, 100, 98, 307413204, sync, Pillage Improvement Chance
4, 100, 80, 4227129981, sync, Pillage Improvement Chance
4, 100, 53, 3455366514, sync, Pillage Improvement Chance
4, 100, 72, 2292592067, sync, Pillage Improvement Chance
4, 100, 57, 3095729728, sync, Pillage Improvement Chance
4, 100, 14, 2465343865, sync, Pillage Improvement Chance
4, 100, 71, 643086014, sync, Boosted Yield Chance
4, 100, 13, 3065242399, sync, Boosted Yield Chance
4, 100, 19, 583358060, sync, Boosted Yield Chance
4, 100, 33, 836953141, sync, Boosted Yield Chance
4, 100, 35, 1428259018, sync, Boosted Yield Chance
4, 100, 47, 1522373179, sync, Boosted Yield Chance
4, 100, 33, 2045209944, sync, Boosted Yield Chance
4, 100, 92, 1424658097, sync, Boosted Yield Chance
4, 100, 18, 3980320662, sync, Boosted Yield Chance
4, 3, 0, 803804951, sync, GetNextBuyablePlot picker
4, 7, 5, 504497924, sync, Random Ocean
4, 2, 0, 3169346797, sync, GetNextBuyablePlot picker
4, 1, 0, 2046910242, sync, GetNextBuyablePlot picker
4, 2, 1, 2480803251, sync, Random River
4, 1, 0, 2838138736, sync, Random River
4, 238, 109, 1601397481, sync, Random River
4, 1, 0, 1970948974, sync, GetNextBuyablePlot picker
4, 1, 0, 2367803919, sync, Random River
4, 237, 83, 2885759644, sync, Random River
4, 2, 0, 1519797413, sync, GetNextBuyablePlot picker
4, 4000, 3424, 1468248186, sync, Choosing a Goody Hut Type
4, 35, 2, 3677585451, sync, Choosing a Sub Type
4, 100, 40, 305978504, sync, Rolling for chance to discover a Secret Society
4, 100, 53, 1749780001, sync, Rolling for chance to discover a Secret Society
4, 100, 92, 2307676742, sync, Rolling for chance to discover a Secret Society
4, 100, 84, 3966235655, sync, Rolling for chance to discover a Secret Society
4, 4, 0, 3641129268, sync, GetNextBuyablePlot picker
4, 2, 1, 230253405, sync, City Build District Choice
4, 10, 3, 3408123090, sync, Random Direction
4, 10, 5, 1434831267, sync, Random Direction
4, 1, 0, 2222503072, sync, GetNextBuyablePlot picker
4, 2, 0, 2184042585, sync, City Build District Choice
4, 14, 2, 1397124126, sync, Random Direction
4, 8, 3, 656497919, sync, Random Direction
4, 1, 0, 2143582924, sync, GetNextBuyablePlot picker
4, 6, 4, 165323029, sync, Random Direction
4, 6, 1, 3127454762, sync, Random Direction
4, 1, 0, 1018743323, sync, GetNextBuyablePlot picker
4, 5, 1, 1411676088, sync, Random Direction
4, 6, 2, 1079064977, sync, Random Direction
4, 1, 0, 2034622710, sync, GetNextBuyablePlot picker
4, 3, 1, 1636822263, sync, Random Direction
4, 7, 3, 1652905828, sync, Random Direction
4, 1, 0, 2394873293, sync, GetNextBuyablePlot picker
4, 8, 7, 2288457346, sync, Random Direction
4, 5, 2, 3880542611, sync, Random Direction
4, 1, 0, 2347926992, sync, GetNextBuyablePlot picker
4, 7, 2, 3387460041, sync, Random Direction
4, 7, 0, 1819547854, sync, Random Direction
4, 1, 0, 173114351, sync, GetNextBuyablePlot picker
4, 5, 3, 4106366716, sync, Random Direction
4, 13, 9, 3018258821, sync, Random Direction
4, 1, 0, 3141333978, sync, GetNextBuyablePlot picker
4, 8, 6, 1071411211, sync, Random Direction
4, 10, 8, 3464576744, sync, Random Direction
4, 2, 1, 3718424833, sync, GetNextBuyablePlot picker
4, 8, 2, 3850793894, sync, Random Direction
4, 6, 4, 1239417319, sync, Random Direction
4, 2, 0, 3567214996, sync, GetNextBuyablePlot picker
4, 11, 9, 605017149, sync, Random Direction
4, 13, 8, 3516277810, sync, Random Direction
4, 3, 2, 2896221571, sync, GetNextBuyablePlot picker
4, 2, 1, 3889890048, sync, GetNextBuyablePlot picker
4, 1, 0, 3307894585, sync, GetNextBuyablePlot picker
4, 1, 0, 2457751934, sync, GetNextBuyablePlot picker
4, 3, 2, 3792783071, sync, GetNextBuyablePlot picker
4, 4000, 3135, 4100804396, sync, Choosing a Goody Hut Type
4, 55, 15, 3367128565, sync, Choosing a Sub Type
4, 7, 2, 1210713994, sync, Choosing random tech boost to grant based on era
4, 100, 5, 1726837243, sync, Rolling for chance to discover a Secret Society
4, 100, 22, 251015704, sync, Rolling for chance to discover a Secret Society
4, 100, 95, 950457457, sync, Rolling for chance to discover a Secret Society
4, 100, 49, 4096332374, sync, Rolling for chance to discover a Secret Society
4, 236, 107, 2107060951, sync, Random River
4, 5, 1, 1948800964, sync, Random Sea
4, 2, 1, 1703102125, sync, Random River
4, 4, 1, 3476815330, sync, Random Mountain Range
5, 5, 4, 1118971251, sync, Storm Direction
5, 100, 19, 3610586160, sync, Pillage Improvement Chance
5, 100, 42, 842703017, sync, Pillage Improvement Chance
5, 100, 43, 1805653550, sync, Pillage Improvement Chance
5, 100, 16, 1870636495, sync, Pillage Improvement Chance
5, 100, 14, 720952156, sync, Pillage Improvement Chance
5, 100, 68, 603168357, sync, Pillage Improvement Chance
5, 100, 89, 2954585914, sync, Pillage Improvement Chance
5, 100, 81, 3858419691, sync, Pillage Improvement Chance
5, 100, 69, 3521532232, sync, Pillage Improvement Chance
5, 100, 46, 2978266081, sync, Pillage Improvement Chance
5, 100, 88, 2009644294, sync, Pillage Improvement Chance
5, 100, 87, 3803480007, sync, Pillage Improvement Chance
5, 100, 5, 3769842164, sync, Pillage Improvement Chance
5, 100, 38, 246428957, sync, Pillage Improvement Chance
5, 100, 43, 1654891410, sync, Pillage Improvement Chance
5, 5, 4, 1886343523, sync, Storm Direction
5, 100, 43, 3754164576, sync, Pillage Improvement Chance
5, 100, 13, 1864369689, sync, Pillage Improvement Chance
5, 100, 47, 584345310, sync, Pillage Improvement Chance
5, 100, 21, 2038145215, sync, Pillage Improvement Chance
5, 100, 48, 928502668, sync, Pillage Improvement Chance
5, 100, 32, 2099374805, sync, Pillage Improvement Chance
5, 100, 57, 1388057322, sync, Pillage Improvement Chance
5, 100, 19, 2463336923, sync, Pillage Improvement Chance
5, 100, 50, 846503032, sync, Pillage Improvement Chance
5, 100, 62, 2149801809, sync, Pillage Improvement Chance
5, 100, 36, 2680189878, sync, Pillage Improvement Chance
5, 100, 26, 1559685303, sync, Pillage Improvement Chance
5, 100, 43, 1150486564, sync, Pillage Improvement Chance
5, 100, 83, 1861066637, sync, Pillage Improvement Chance
5, 100, 8, 3587708226, sync, Pillage Improvement Chance
5, 5, 4, 377968979, sync, Storm Direction
5, 100, 91, 4262101648, sync, Pillage Improvement Chance
5, 100, 9, 3919685513, sync, Pillage Improvement Chance
5, 100, 73, 399917966, sync, Pillage Improvement Chance
5, 100, 85, 3164878767, sync, Pillage Improvement Chance
5, 100, 84, 3678222268, sync, Pillage Improvement Chance
5, 100, 31, 3614716741, sync, Pillage Improvement Chance
5, 100, 83, 1349978778, sync, Pillage Improvement Chance
5, 100, 85, 3573981131, sync, Pillage Improvement Chance
5, 100, 14, 3666088872, sync, Pillage Improvement Chance
5, 100, 65, 606715585, sync, Pillage Improvement Chance
5, 100, 74, 2821404262, sync, Pillage Improvement Chance
5, 100, 51, 3185405351, sync, Pillage Improvement Chance
5, 100, 84, 2228929108, sync, Pillage Improvement Chance
5, 100, 54, 3646064125, sync, Pillage Improvement Chance
5, 100, 12, 2342802162, sync, Pillage Improvement Chance
5, 5, 4, 526990659, sync, Storm Direction
5, 100, 55, 3578507200, sync, Pillage Improvement Chance
5, 100, 55, 2403763449, sync, Pillage Improvement Chance
5, 100, 85, 2401283134, sync, Pillage Improvement Chance
5, 100, 16, 3680004767, sync, Pillage Improvement Chance
5, 100, 94, 723257324, sync, Pillage Improvement Chance
5, 100, 22, 4058085301, sync, Pillage Improvement Chance
5, 100, 58, 980897354, sync, Pillage Improvement Chance
5, 100, 19, 2514686395, sync, Pillage Improvement Chance
5, 100, 83, 850900696, sync, Pillage Improvement Chance
5, 100, 53, 3573471793, sync, Pillage Improvement Chance
5, 100, 70, 2313422102, sync, Pillage Improvement Chance
5, 100, 44, 3030847127, sync, Pillage Improvement Chance
5, 100, 8, 1901947012, sync, Pillage Improvement Chance
5, 100, 68, 347465837, sync, Pillage Improvement Chance
5, 100, 43, 2945670306, sync, Pillage Improvement Chance
5, 5, 4, 1866726707, sync, Storm Direction
5, 100, 23, 3750398192, sync, Pillage Improvement Chance
5, 100, 38, 1029021289, sync, Pillage Improvement Chance
5, 100, 30, 1643028718, sync, Pillage Improvement Chance
5, 100, 74, 1303853455, sync, Pillage Improvement Chance
5, 100, 71, 3190244380, sync, Pillage Improvement Chance
5, 100, 76, 3072374821, sync, Pillage Improvement Chance
5, 100, 18, 3265781242, sync, Pillage Improvement Chance
5, 100, 57, 813162411, sync, Pillage Improvement Chance
5, 100, 94, 2456978952, sync, Pillage Improvement Chance
5, 100, 66, 4056527265, sync, Pillage Improvement Chance
5, 100, 74, 2860900294, sync, Pillage Improvement Chance
5, 100, 95, 3193097095, sync, Pillage Improvement Chance
5, 100, 79, 4105042612, sync, Pillage Improvement Chance
5, 100, 89, 3417229021, sync, Pillage Improvement Chance
5, 100, 82, 3857723986, sync, Pillage Improvement Chance
5, 5, 3, 3557202211, sync, Storm Direction
5, 100, 19, 2643070496, sync, Pillage Improvement Chance
5, 100, 68, 819327961, sync, Pillage Improvement Chance
5, 100, 31, 2923110814, sync, Pillage Improvement Chance
5, 100, 86, 1369416831, sync, Pillage Improvement Chance
5, 100, 67, 3729910860, sync, Pillage Improvement Chance
5, 100, 42, 2913531029, sync, Pillage Improvement Chance
5, 100, 38, 1806940586, sync, Pillage Improvement Chance
5, 100, 43, 1637091739, sync, Pillage Improvement Chance
5, 100, 44, 1876394296, sync, Pillage Improvement Chance
5, 100, 54, 1903248657, sync, Pillage Improvement Chance
5, 100, 8, 2355873398, sync, Pillage Improvement Chance
5, 100, 26, 362783863, sync, Pillage Improvement Chance
5, 100, 98, 1142913252, sync, Pillage Improvement Chance
5, 100, 98, 4237566285, sync, Pillage Improvement Chance
5, 100, 95, 4224046082, sync, Pillage Improvement Chance
5, 5, 3, 4116713747, sync, Storm Direction
5, 100, 46, 3335339856, sync, Pillage Improvement Chance
5, 100, 52, 1989051721, sync, Pillage Improvement Chance
5, 100, 85, 2260807246, sync, Pillage Improvement Chance
5, 100, 71, 3669011311, sync, Pillage Improvement Chance
5, 100, 40, 3092185212, sync, Pillage Improvement Chance
5, 100, 22, 1739664645, sync, Pillage Improvement Chance
5, 100, 21, 956686682, sync, Pillage Improvement Chance
5, 100, 56, 935759755, sync, Pillage Improvement Chance
5, 100, 32, 2412357736, sync, Pillage Improvement Chance
5, 100, 49, 1385993345, sync, Pillage Improvement Chance
5, 100, 63, 2125510950, sync, Pillage Improvement Chance
5, 100, 6, 2735511911, sync, Pillage Improvement Chance
5, 100, 41, 264561428, sync, Pillage Improvement Chance
5, 100, 58, 1769797565, sync, Pillage Improvement Chance
5, 100, 26, 2531213746, sync, Pillage Improvement Chance
5, 5, 2, 1153393923, sync, Storm Direction
5, 5, 1, 2039946368, sync, Storm Direction Preview
5, 2978, 1895, 1527141049, sync, Random Event Roll
5, 100, 50, 2734409470, sync, Pillage Improvement Chance
5, 100, 54, 2185842271, sync, Pillage Improvement Chance
5, 100, 94, 2341568684, sync, Pillage Improvement Chance
5, 100, 37, 4080034165, sync, Pillage Improvement Chance
5, 100, 1, 1590252810, sync, Pillage Improvement Chance
5, 100, 21, 56521083, sync, Pillage Improvement Chance
5, 100, 4, 904657816, sync, Pillage Improvement Chance
5, 100, 30, 196255729, sync, Pillage Improvement Chance
5, 100, 92, 1294972886, sync, Pillage Improvement Chance
5, 100, 69, 3973622359, sync, Pillage Improvement Chance
5, 100, 3, 2993764676, sync, Pillage Improvement Chance
5, 100, 89, 138431021, sync, Pillage Improvement Chance
5, 100, 92, 3855055714, sync, Pillage Improvement Chance
5, 100, 41, 3981677811, sync, Pillage Improvement Chance
5, 100, 85, 1793762736, sync, Pillage Improvement Chance
5, 100, 5, 3666107433, sync, Pillage Improvement Chance
5, 100, 46, 254143406, sync, Pillage Improvement Chance
5, 100, 85, 2005437775, sync, Pillage Improvement Chance
5, 100, 28, 3662441692, sync, Pillage Improvement Chance
5, 100, 94, 1239257573, sync, Pillage Improvement Chance
5, 100, 27, 4058584250, sync, Pillage Improvement Chance
5, 100, 33, 1181396843, sync, Pillage Improvement Chance
5, 100, 97, 1419868872, sync, Pillage Improvement Chance
5, 100, 93, 4208617313, sync, Pillage Improvement Chance
5, 100, 2, 4035166854, sync, Pillage Improvement Chance
5, 100, 38, 117626695, sync, Pillage Improvement Chance
5, 100, 44, 1639414644, sync, Pillage Improvement Chance
5, 100, 31, 1920276637, sync, Boosted Yield Chance
5, 100, 76, 1338605842, sync, Boosted Yield Chance
5, 100, 8, 3289096419, sync, Boosted Yield Chance
5, 100, 6, 378198752, sync, Boosted Yield Chance
5, 100, 86, 286237081, sync, Boosted Yield Chance
5, 100, 43, 3694828638, sync, Boosted Yield Chance
5, 100, 59, 1867343935, sync, Boosted Yield Chance
5, 100, 75, 2574435596, sync, Boosted Yield Chance
5, 100, 59, 3241131605, sync, Boosted Yield Chance
5, 100, 64, 2551193706, sync, Boosted Yield Chance
5, 100, 73, 2763671899, sync, Boosted Yield Chance
5, 100, 83, 3171755512, sync, Boosted Yield Chance
5, 100, 24, 3589991121, sync, Boosted Yield Chance
5, 100, 51, 1040701750, sync, Boosted Yield Chance
5, 100, 36, 2202673207, sync, Boosted Yield Chance
5, 100, 33, 1575659940, sync, Boosted Yield Chance
5, 100, 14, 1433559821, sync, Boosted Yield Chance
5, 100, 21, 619729602, sync, Boosted Yield Chance
5, 2, 1, 932612307, sync, GetNextBuyablePlot picker
5, 7, 4, 4009409552, sync, Random Sea
5, 1, 0, 2859410185, sync, GetNextBuyablePlot picker
5, 4, 2, 3488930062, sync, Random Sea
5, 1, 0, 2486624047, sync, GetNextBuyablePlot picker
5, 4000, 1911, 1622640956, sync, Choosing a Goody Hut Type
5, 55, 11, 2052974277, sync, Choosing a Sub Type
5, 100, 82, 933853210, sync, Rolling for chance to discover a Secret Society
5, 100, 30, 3554426699, sync, Rolling for chance to discover a Secret Society
5, 100, 10, 1326578984, sync, Rolling for chance to discover a Secret Society
5, 100, 59, 448473665, sync, Rolling for chance to discover a Secret Society
5, 2, 0, 2547448806, sync, GetNextBuyablePlot picker
5, 55, 7, 1630373159, sync, Choosing a City Name
5, 235, 207, 572376020, sync, Random River
5, 1, 0, 3796838781, sync, GetNextBuyablePlot picker
5, 1, 0, 1309077618, sync, Random River
5, 4, 2, 1080249539, sync, GetNextBuyablePlot picker
5, 9, 2, 2373798208, sync, Random Direction
5, 8, 0, 1378476153, sync, Random Direction
5, 1, 0, 349151678, sync, GetNextBuyablePlot picker
5, 13, 7, 1990455839, sync, Random Direction
5, 11, 9, 2592979308, sync, Random Direction
5, 1, 0, 3529444149, sync, GetNextBuyablePlot picker
5, 5, 2, 2816482250, sync, Random Direction
5, 6, 0, 2334101819, sync, Random Direction
5, 1, 0, 693305432, sync, GetNextBuyablePlot picker
5, 4, 2, 2122458545, sync, Random Direction
5, 5, 4, 2630625942, sync, Random Direction
5, 1, 0, 4260103703, sync, GetNextBuyablePlot picker
5, 5, 1, 2485373444, sync, Random Direction
5, 6, 5, 1038248941, sync, Random Direction
5, 1, 0, 4237842978, sync, GetNextBuyablePlot picker
5, 6, 5, 1352723635, sync, Random Direction
5, 9, 1, 3793060464, sync, Random Direction
5, 1, 0, 596040169, sync, GetNextBuyablePlot picker
5, 10, 9, 3926259310, sync, Random Direction
5, 8, 5, 4239630607, sync, Random Direction
5, 1, 0, 3022542236, sync, GetNextBuyablePlot picker
5, 9, 3, 3521784741, sync, Random Direction
5, 6, 2, 1621035898, sync, Random Direction
5, 1, 0, 1939029803, sync, GetNextBuyablePlot picker
5, 10, 3, 3644010376, sync, Random Direction
5, 9, 7, 1584848161, sync, Random Direction
5, 2, 0, 3632424262, sync, GetNextBuyablePlot picker
5, 7, 1, 75801351, sync, Random Direction
5, 9, 8, 881835060, sync, Random Direction
5, 2, 0, 4039322205, sync, GetNextBuyablePlot picker
5, 8, 2, 1525649362, sync, Random Direction
5, 10, 3, 1144940707, sync, Random Direction
5, 1, 0, 1669752736, sync, GetNextBuyablePlot picker
5, 2, 0, 428674905, sync, City Build District Choice
5, 2, 0, 1402132254, sync, City Build District Choice
5, 5, 1, 1380248575, sync, Random Direction
5, 3, 1, 1299865036, sync, Random Direction
5, 1, 0, 2641774613, sync, GetNextBuyablePlot picker
5, 2, 0, 714164010, sync, GetNextBuyablePlot picker
5, 2, 1, 403065115, sync, GetNextBuyablePlot picker
5, 2, 0, 2329250488, sync, GetNextBuyablePlot picker
5, 2, 0, 796938385, sync, GetNextBuyablePlot picker
5, 2, 0, 1934928886, sync, Random River
5, 4000, 1229, 1572232183, sync, Choosing a Goody Hut Type
5, 55, 18, 1320458852, sync, Choosing a Sub Type
5, 100, 23, 1464362189, sync, Rolling for chance to discover a Secret Society
5, 100, 31, 1008177538, sync, Rolling for chance to discover a Secret Society
5, 100, 24, 1357562003, sync, Rolling for chance to discover a Secret Society
5, 100, 49, 1062402256, sync, Rolling for chance to discover a Secret Society
5, 3600, 2843, 2130936009, sync, Choosing a Goody Hut Type
5, 35, 29, 3392226254, sync, Choosing a Sub Type
5, 6, 2, 3640054511, sync, Selecting a random new quest
5, 5, 4, 1765200380, sync, Choosing random district type for Zone District quest
5, 6, 4, 3845808261, sync, Selecting a random new quest
5, 5, 4, 3475099354, sync, Choosing random civic type for Trigger Civic Boost quest
5, 6, 1, 3574050571, sync, Selecting a random new quest
5, 4, 3, 958206440, sync, Choosing random unit type for Train Unit quest
5, 6, 5, 3997532161, sync, Selecting a random new quest
5, 5, 0, 3797810854, sync, Choosing random class type for Recruit Great Person Class quest
5, 6, 0, 536883431, sync, Selecting a random new quest
5, 4, 0, 681927828, sync, Random Sea
5, 5, 3, 294198077, sync, Random River
5, 234, 224, 3420151602, sync, Random River
5, 4000, 2152, 4128568451, sync, Choosing a Goody Hut Type
5, 55, 20, 2310944256, sync, Choosing a Sub Type
5, 6, 5, 1584475705, sync, Choosing random tech boost to grant based on era
5, 1, 0, 3948690558, sync, Random River
5, 233, 142, 405296607, sync, Random River
6, 3323, 1105, 2630922796, sync, Random Event Roll
6, 100, 78, 1429042421, sync, Pillage Improvement Chance
6, 100, 78, 3363545738, sync, Pillage Improvement Chance
6, 100, 86, 3370545403, sync, Pillage Improvement Chance
6, 100, 55, 3719087384, sync, Pillage Improvement Chance
6, 100, 59, 2402118513, sync, Pillage Improvement Chance
6, 100, 49, 2541313366, sync, Pillage Improvement Chance
6, 100, 20, 2141266391, sync, Boosted Yield Chance
6, 100, 45, 859118276, sync, Boosted Yield Chance
6, 100, 24, 1935429037, sync, Boosted Yield Chance
6, 100, 92, 1053161698, sync, Boosted Yield Chance
6, 100, 42, 3974890611, sync, Boosted Yield Chance
6, 100, 94, 1842028336, sync, Boosted Yield Chance
6, 100, 16, 4061992873, sync, Boosted Yield Chance
6, 100, 67, 693027118, sync, Boosted Yield Chance
6, 100, 25, 2901963983, sync, Boosted Yield Chance
6, 2, 0, 1081802332, sync, GetNextBuyablePlot picker
6, 55, 51, 84313445, sync, Choosing a City Name
6, 6, 4, 4052337210, sync, Selecting a random new quest
6, 2, 1, 3283193579, sync, Choosing random civic type for Trigger Civic Boost quest
6, 6, 2, 2699535432, sync, Selecting a random new quest
6, 5, 3, 1851724513, sync, Choosing random district type for Zone District quest
6, 6, 4, 2973878278, sync, Selecting a random new quest
6, 1, 0, 3197644487, sync, Choosing random civic type for Trigger Civic Boost quest
6, 6, 5, 972471540, sync, Selecting a random new quest
6, 5, 2, 4099472413, sync, Choosing random class type for Recruit Great Person Class quest
6, 6, 0, 2183290514, sync, Selecting a random new quest
6, 1, 0, 408875107, sync, GetNextBuyablePlot picker
6, 55, 4, 1564259424, sync, Choosing a City Name
6, 4000, 1922, 336477465, sync, Choosing a Goody Hut Type
6, 20, 4, 2063847902, sync, Choosing a Sub Type
6, 4400, 2735, 977678271, sync, Choosing a Goody Hut Type
6, 55, 49, 2670245516, sync, Choosing a Sub Type
6, 3, 0, 3896283605, sync, Choosing random tech boost to grant based on era
6, 100, 21, 905391594, sync, Rolling for chance to discover a Secret Society
6, 100, 3, 926419163, sync, Rolling for chance to discover a Secret Society
6, 100, 74, 166768504, sync, Rolling for chance to discover a Secret Society
6, 100, 66, 3217126993, sync, Rolling for chance to discover a Secret Society
6, 1, 0, 2870099638, sync, GetNextBuyablePlot picker
6, 232, 133, 480532407, sync, Random River
6, 2, 1, 2470267684, sync, GetNextBuyablePlot picker
6, 1, 0, 2681611917, sync, GetNextBuyablePlot picker
6, 231, 105, 3959132226, sync, Random River
6, 4400, 1110, 1964816467, sync, Choosing a Goody Hut Type
6, 55, 37, 1083569552, sync, Choosing a Sub Type
6, 36, 1, 2919997065, sync, Choosing a Citizen Name
6, 35, 12, 204893838, sync, Choosing a Citizen Name
6, 34, 5, 1487963823, sync, Choosing a Citizen Name
6, 33, 7, 646765244, sync, Choosing a Citizen Name
6, 1, 0, 1040620101, sync, GetNextBuyablePlot picker
6, 230, 35, 1110369690, sync, Random River
6, 5, 0, 654892747, sync, Random Sea
6, 4, 3, 782952104, sync, GetNextBuyablePlot picker
6, 10, 0, 4277900737, sync, Random Direction
6, 10, 7, 218480998, sync, Random Direction
6, 1, 0, 3343162535, sync, GetNextBuyablePlot picker
6, 12, 6, 1343997268, sync, Random Direction
6, 11, 10, 2229980413, sync, Random Direction
6, 1, 0, 3944517106, sync, GetNextBuyablePlot picker
6, 7, 4, 160717891, sync, Random Direction
6, 8, 1, 2803491520, sync, Random Direction
6, 1, 0, 698104825, sync, GetNextBuyablePlot picker
6, 6, 3, 3982595902, sync, Random Direction
6, 7, 4, 2258008479, sync, Random Direction
6, 1, 0, 2535090924, sync, GetNextBuyablePlot picker
6, 7, 1, 22781621, sync, Random Direction
6, 6, 0, 861661514, sync, Random Direction
6, 1, 0, 410194107, sync, GetNextBuyablePlot picker
6, 7, 2, 3820571096, sync, Random Direction
6, 10, 1, 1601466673, sync, Random Direction
6, 1, 0, 469192726, sync, GetNextBuyablePlot picker
6, 11, 4, 3384278423, sync, Random Direction
6, 8, 1, 1818569604, sync, Random Direction
6, 1, 0, 644738925, sync, GetNextBuyablePlot picker
6, 9, 7, 3071301538, sync, Random Direction
6, 8, 7, 3589594163, sync, Random Direction
6, 1, 0, 4140530672, sync, GetNextBuyablePlot picker
6, 6, 4, 3758560617, sync, Random Direction
6, 10, 0, 3284159470, sync, Random Direction
6, 2, 0, 404162703, sync, GetNextBuyablePlot picker
6, 6, 2, 872703772, sync, Random Direction
6, 5, 1, 1492295461, sync, Random Direction
6, 2, 0, 1198078202, sync, GetNextBuyablePlot picker
6, 7, 6, 42311339, sync, Random Direction
6, 12, 2, 3967736072, sync, Random Direction
6, 1, 0, 1012074657, sync, GetNextBuyablePlot picker
6, 4, 3, 2306992838, sync, Random Direction
6, 4, 3, 4244470407, sync, Random Direction
6, 7, 6, 4272717236, sync, BT Research Choice
6, 1, 0, 3942026717, sync, GetNextBuyablePlot picker
6, 2, 1, 2223442, sync, GetNextBuyablePlot picker
6, 2, 1, 3291297827, sync, GetNextBuyablePlot picker
6, 2, 1, 2624438560, sync, GetNextBuyablePlot picker
6, 2, 0, 2320706265, sync, GetNextBuyablePlot picker
6, 229, 34, 2035125406, sync, Random River
6, 228, 216, 655438719, sync, Random River
6, 227, 6, 4080914252, sync, Random River
6, 4800, 2643, 121805717, sync, Choosing a Goody Hut Type
6, 55, 13, 2365707434, sync, Choosing a Sub Type
6, 6, 1, 1041205403, sync, Choosing random tech boost to grant based on era
6, 100, 53, 723424312, sync, Rolling for chance to discover a Secret Society
6, 100, 14, 2289982481, sync, Rolling for chance to discover a Secret Society
6, 100, 96, 604017014, sync, Rolling for chance to discover a Secret Society
6, 100, 40, 4157870967, sync, Rolling for chance to discover a Secret Society
6, 226, 124, 1749335012, sync, Random River
7, 3549, 2209, 2363205709, sync, Random Event Roll
7, 100, 59, 2673626882, sync, Pillage Improvement Chance
7, 100, 23, 2548854803, sync, Pillage Improvement Chance
7, 100, 69, 998486608, sync, Pillage Improvement Chance
7, 100, 92, 2974252105, sync, Pillage Improvement Chance
7, 100, 51, 3972290894, sync, Pillage Improvement Chance
7, 100, 67, 2200173167, sync, Pillage Improvement Chance
7, 100, 85, 2910430076, sync, Pillage Improvement Chance
7, 100, 57, 3665990661, sync, Pillage Improvement Chance
7, 100, 45, 2475736154, sync, Pillage Improvement Chance
7, 100, 81, 1973407371, sync, Pillage Improvement Chance
7, 100, 24, 3497753448, sync, Pillage Improvement Chance
7, 100, 52, 1050504065, sync, Pillage Improvement Chance
7, 100, 99, 2257470502, sync, Pillage Improvement Chance
7, 100, 52, 4273653863, sync, Pillage Improvement Chance
7, 100, 53, 2235622932, sync, Pillage Improvement Chance
7, 100, 27, 2318679741, sync, Pillage Improvement Chance
7, 100, 86, 1183481010, sync, Pillage Improvement Chance
7, 100, 86, 3735127043, sync, Pillage Improvement Chance
7, 100, 11, 3729805184, sync, Pillage Improvement Chance
7, 100, 63, 493554105, sync, Pillage Improvement Chance
7, 100, 63, 2711597566, sync, Pillage Improvement Chance
7, 100, 30, 2712558943, sync, Pillage Improvement Chance
7, 100, 11, 1311433644, sync, Pillage Improvement Chance
7, 100, 10, 480872565, sync, Pillage Improvement Chance
7, 100, 58, 457240586, sync, Pillage Improvement Chance
7, 100, 54, 2508550267, sync, Pillage Improvement Chance
7, 100, 81, 2352516760, sync, Pillage Improvement Chance
7, 100, 78, 3507959537, sync, Boosted Yield Chance
7, 100, 95, 3372614358, sync, Boosted Yield Chance
7, 100, 86, 4092631383, sync, Boosted Yield Chance
7, 100, 58, 3698588740, sync, Boosted Yield Chance
7, 100, 18, 2497138989, sync, Boosted Yield Chance
7, 100, 87, 808941154, sync, Boosted Yield Chance
7, 100, 14, 3749409779, sync, Boosted Yield Chance
7, 100, 27, 634820784, sync, Boosted Yield Chance
7, 100, 43, 1191498537, sync, Boosted Yield Chance
7, 100, 55, 1880790702, sync, Boosted Yield Chance
7, 100, 1, 2379177039, sync, Boosted Yield Chance
7, 100, 1, 59019228, sync, Boosted Yield Chance
7, 100, 76, 57571557, sync, Boosted Yield Chance
7, 100, 73, 3304943546, sync, Boosted Yield Chance
7, 100, 73, 3150933611, sync, Boosted Yield Chance
7, 100, 60, 3166227912, sync, Boosted Yield Chance
7, 100, 18, 2584919649, sync, Boosted Yield Chance
7, 100, 27, 805490054, sync, Boosted Yield Chance
7, 2, 1, 1198818887, sync, GetNextBuyablePlot picker
7, 3, 0, 3480288884, sync, GetNextBuyablePlot picker
7, 36, 29, 39575453, sync, Choosing a Citizen Name
7, 35, 19, 3484302354, sync, Choosing a Citizen Name
7, 34, 16, 2338930659, sync, Choosing a Citizen Name
7, 33, 25, 2044300768, sync, Choosing a Citizen Name
7, 1, 0, 3323713689, sync, GetNextBuyablePlot picker
7, 1, 0, 892340062, sync, GetNextBuyablePlot picker
7, 1, 0, 3630561087, sync, Random River
7, 6, 0, 1853466636, sync, Random Lake Range
7, 36, 27, 541615445, sync, Choosing a Citizen Name
7, 35, 5, 3262200682, sync, Choosing a Citizen Name
7, 34, 21, 676120667, sync, Choosing a Citizen Name
7, 33, 9, 2669623544, sync, Choosing a Citizen Name
7, 2, 1, 1266090449, sync, GetNextBuyablePlot picker
7, 36, 32, 3705644086, sync, Choosing a Citizen Name
7, 35, 27, 3875901239, sync, Choosing a Citizen Name
7, 34, 7, 3398102180, sync, Choosing a Citizen Name
7, 33, 16, 1008265741, sync, Choosing a Citizen Name
7, 2, 0, 2163854786, sync, GetNextBuyablePlot picker
7, 1, 0, 1830414291, sync, GetNextBuyablePlot picker
7, 225, 170, 953954064, sync, Random River
7, 3, 1, 3262585353, sync, Random Sea
7, 1, 0, 2191197198, sync, GetNextBuyablePlot picker
7, 55, 45, 2282827311, sync, Choosing a City Name
7, 4400, 3582, 3535612988, sync, Choosing a Goody Hut Type
7, 35, 18, 3496889797, sync, Choosing a Sub Type
7, 4, 0, 2248626970, sync, GetNextBuyablePlot picker
7, 10, 4, 747404875, sync, Random Direction
7, 9, 3, 2135871528, sync, Random Direction
7, 1, 0, 1592459585, sync, GetNextBuyablePlot picker
7, 8, 1, 2109179622, sync, Random Direction
7, 10, 4, 774026279, sync, Random Direction
7, 1, 0, 1960101588, sync, GetNextBuyablePlot picker
7, 6, 1, 790982781, sync, Random Direction
7, 8, 4, 954542962, sync, Random Direction
7, 1, 0, 2566679491, sync, GetNextBuyablePlot picker
7, 8, 3, 3894508608, sync, Random Direction
7, 6, 1, 1671272313, sync, Random Direction
7, 1, 0, 1322683582, sync, GetNextBuyablePlot picker
7, 3, 0, 154140959, sync, Random Direction
7, 7, 4, 1187126380, sync, Random Direction
7, 1, 0, 2899784245, sync, GetNextBuyablePlot picker
7, 7, 0, 1927984842, sync, Random Direction
7, 9, 8, 467505211, sync, Random Direction
7, 1, 0, 3890910040, sync, GetNextBuyablePlot picker
7, 7, 6, 2245377201, sync, Random Direction
7, 7, 5, 4251284886, sync, Random Direction
7, 1, 0, 3591042327, sync, GetNextBuyablePlot picker
7, 9, 6, 3760295172, sync, Random Direction
7, 8, 1, 3159913197, sync, Random Direction
7, 1, 0, 888886562, sync, GetNextBuyablePlot picker
7, 11, 4, 2638203827, sync, Random Direction
7, 7, 1, 1672246640, sync, Random Direction
7, 2, 1, 1087787241, sync, GetNextBuyablePlot picker
7, 3, 0, 2770182510, sync, Random Direction
7, 3, 2, 501313551, sync, Random Direction
7, 2, 1, 3820714140, sync, GetNextBuyablePlot picker
7, 11, 6, 4198109861, sync, Random Direction
7, 10, 2, 2366006906, sync, Random Direction
7, 1, 0, 995032619, sync, GetNextBuyablePlot picker
7, 4, 0, 3528819336, sync, Random Direction
7, 4, 0, 425604129, sync, Random Direction
7, 1, 0, 864317510, sync, GetNextBuyablePlot picker
7, 2, 1, 3854389767, sync, GetNextBuyablePlot picker
7, 2, 0, 3104063284, sync, GetNextBuyablePlot picker
7, 2, 1, 675869021, sync, GetNextBuyablePlot picker
7, 2, 0, 2877770450, sync, GetNextBuyablePlot picker
7, 224, 12, 1909655459, sync, Random River
7, 6, 4, 239082144, sync, Random Ocean
7, 1, 0, 3509077593, sync, Random River
7, 5, 4, 1433092638, sync, Random Ocean
7, 4400, 4221, 3456400127, sync, Choosing a Goody Hut Type
7, 40, 3, 4120658124, sync, Choosing a Sub Type
7, 6, 0, 420343573, sync, Selecting a random new quest
7, 6, 4, 688218666, sync, Selecting a random new quest
7, 4, 3, 2981087259, sync, Choosing random civic type for Trigger Civic Boost quest
7, 6, 3, 3602030008, sync, Selecting a random new quest
7, 4, 2, 2322294673, sync, Choosing random tech type for Trigger Tech Boost quest
7, 6, 3, 2490332918, sync, Selecting a random new quest
7, 6, 2, 2717436663, sync, Choosing random tech type for Trigger Tech Boost quest
7, 6, 3, 1993334116, sync, Selecting a random new quest
7, 4, 1, 2337139661, sync, Choosing random tech type for Trigger Tech Boost quest
7, 3600, 1468, 2073300098, sync, Choosing a Goody Hut Type
7, 75, 0, 1751457683, sync, Choosing a Sub Type
7, 4, 3, 23030736, sync, Random River
7, 223, 143, 3680139209, sync, Random River
7, 222, 75, 2759487182, sync, Random River
7, 221, 37, 1463296495, sync, Random River
8, 4009, 3845, 722957564, sync, Random Event Roll
8, 1671, 1020, 4119447429, sync, Pick Storm Start Plot
8, 5, 2, 2622663130, sync, Storm Direction Preview
8, 35, 12, 2005855755, sync, Choosing a Citizen Name
8, 100, 81, 1541727464, sync, Pillage Improvement Chance
8, 100, 87, 3517208321, sync, Pillage Improvement Chance
8, 100, 48, 3779168678, sync, Pillage Improvement Chance
8, 100, 54, 2101108711, sync, Pillage Improvement Chance
8, 100, 25, 2341955476, sync, Pillage Improvement Chance
8, 100, 86, 1098801725, sync, Pillage Improvement Chance
8, 100, 11, 3706493490, sync, Pillage Improvement Chance
8, 100, 23, 476386179, sync, Pillage Improvement Chance
8, 100, 89, 1028483328, sync, Pillage Improvement Chance
8, 100, 98, 3857966393, sync, Pillage Improvement Chance
8, 100, 11, 4224067454, sync, Pillage Improvement Chance
8, 100, 77, 484140255, sync, Pillage Improvement Chance
8, 100, 46, 3315602732, sync, Pillage Improvement Chance
8, 100, 92, 2007276533, sync, Pillage Improvement Chance
8, 100, 27, 3977854346, sync, Pillage Improvement Chance
8, 100, 77, 1195077627, sync, Pillage Improvement Chance
8, 100, 87, 3348060184, sync, Boosted Yield Chance
8, 100, 84, 3748659825, sync, Boosted Yield Chance
8, 100, 3, 3621103702, sync, Pillage Improvement Chance
8, 100, 57, 130486487, sync, Pillage Improvement Chance
8, 100, 35, 2486033860, sync, Pillage Improvement Chance
8, 100, 6, 1521570989, sync, Pillage Improvement Chance
8, 100, 38, 270267362, sync, Pillage Improvement Chance
8, 100, 84, 1661068147, sync, Pillage Improvement Chance
8, 100, 65, 3641512496, sync, Pillage Improvement Chance
8, 100, 59, 2805698217, sync, Pillage Improvement Chance
8, 100, 59, 2575920174, sync, Pillage Improvement Chance
8, 100, 78, 2551006159, sync, Pillage Improvement Chance
8, 100, 94, 3379110236, sync, Pillage Improvement Chance
8, 100, 50, 4078267493, sync, Pillage Improvement Chance
8, 100, 54, 2185502010, sync, Pillage Improvement Chance
8, 100, 67, 2361675243, sync, Pillage Improvement Chance
8, 100, 4, 2920609608, sync, Pillage Improvement Chance
8, 100, 88, 200632801, sync, Pillage Improvement Chance
8, 100, 87, 3804680966, sync, Pillage Improvement Chance
8, 100, 53, 3751271879, sync, Pillage Improvement Chance
8, 100, 4, 2284208116, sync, Pillage Improvement Chance
8, 100, 5, 176014109, sync, Pillage Improvement Chance
8, 100, 23, 242030994, sync, Pillage Improvement Chance
8, 100, 19, 992644963, sync, Pillage Improvement Chance
8, 100, 45, 845244256, sync, Pillage Improvement Chance
8, 100, 25, 1966634009, sync, Pillage Improvement Chance
8, 100, 27, 1086274782, sync, Pillage Improvement Chance
8, 100, 17, 1202503359, sync, Pillage Improvement Chance
8, 100, 59, 761633164, sync, Pillage Improvement Chance
8, 100, 82, 2538813653, sync, Pillage Improvement Chance
8, 100, 33, 3548268778, sync, Pillage Improvement Chance
8, 100, 1, 1442351067, sync, Pillage Improvement Chance
8, 100, 52, 43565688, sync, Pillage Improvement Chance
8, 100, 78, 2266729809, sync, Pillage Improvement Chance
8, 100, 62, 3379562934, sync, Pillage Improvement Chance
8, 100, 91, 2691548855, sync, Pillage Improvement Chance
8, 100, 9, 3922955812, sync, Pillage Improvement Chance
8, 100, 22, 406498701, sync, Pillage Improvement Chance
8, 100, 74, 971705154, sync, Pillage Improvement Chance
8, 100, 11, 3180205907, sync, Pillage Improvement Chance
8, 100, 70, 500000912, sync, Pillage Improvement Chance
8, 100, 91, 3048314249, sync, Pillage Improvement Chance
8, 100, 62, 3911358862, sync, Pillage Improvement Chance
8, 100, 4, 2690176431, sync, Pillage Improvement Chance
8, 100, 87, 189300156, sync, Pillage Improvement Chance
8, 100, 9, 3751084357, sync, Pillage Improvement Chance
8, 100, 25, 422756506, sync, Pillage Improvement Chance
8, 100, 27, 1114054091, sync, Pillage Improvement Chance
8, 100, 78, 1191033256, sync, Pillage Improvement Chance
8, 100, 37, 3364449473, sync, Pillage Improvement Chance
8, 100, 82, 1609321574, sync, Pillage Improvement Chance
8, 100, 96, 3553086375, sync, Pillage Improvement Chance
8, 100, 30, 4131965012, sync, Pillage Improvement Chance
8, 100, 5, 1325339645, sync, Pillage Improvement Chance
8, 100, 4, 224446706, sync, Pillage Improvement Chance
8, 100, 8, 211516227, sync, Pillage Improvement Chance
8, 100, 30, 378803648, sync, Pillage Improvement Chance
8, 100, 43, 1311634169, sync, Pillage Improvement Chance
8, 100, 98, 1865318974, sync, Pillage Improvement Chance
8, 100, 81, 4235233439, sync, Pillage Improvement Chance
8, 100, 1, 3481587180, sync, Pillage Improvement Chance
8, 100, 98, 47302069, sync, Pillage Improvement Chance
8, 100, 45, 4237067338, sync, Pillage Improvement Chance
8, 100, 73, 1935609787, sync, Pillage Improvement Chance
8, 100, 99, 3152469208, sync, Pillage Improvement Chance
8, 100, 21, 4289071153, sync, Pillage Improvement Chance
8, 100, 87, 924228374, sync, Pillage Improvement Chance
8, 100, 83, 3773099159, sync, Pillage Improvement Chance
8, 100, 92, 3579375236, sync, Pillage Improvement Chance
8, 100, 79, 3986814573, sync, Pillage Improvement Chance
8, 100, 26, 3428405922, sync, Pillage Improvement Chance
8, 100, 43, 1149352755, sync, Pillage Improvement Chance
8, 100, 7, 1857580784, sync, Pillage Improvement Chance
8, 100, 26, 334793833, sync, Pillage Improvement Chance
8, 100, 54, 1142814446, sync, Pillage Improvement Chance
8, 100, 41, 2350045071, sync, Pillage Improvement Chance
8, 100, 38, 1766689308, sync, Pillage Improvement Chance
8, 100, 27, 1673561637, sync, Pillage Improvement Chance
8, 100, 48, 1198953466, sync, Pillage Improvement Chance
8, 100, 56, 2079284651, sync, Pillage Improvement Chance
8, 100, 51, 2427923464, sync, Pillage Improvement Chance
8, 100, 29, 2207801249, sync, Pillage Improvement Chance
8, 100, 98, 1284109766, sync, Pillage Improvement Chance
8, 100, 78, 4240714119, sync, Pillage Improvement Chance
8, 100, 8, 3382116532, sync, Pillage Improvement Chance
8, 100, 19, 381310173, sync, Pillage Improvement Chance
8, 100, 41, 857712722, sync, Pillage Improvement Chance
8, 100, 49, 1798297379, sync, Pillage Improvement Chance
8, 100, 23, 2130539552, sync, Pillage Improvement Chance
8, 100, 11, 1007444441, sync, Pillage Improvement Chance
8, 100, 26, 502003614, sync, Pillage Improvement Chance
8, 100, 47, 1159643775, sync, Pillage Improvement Chance
8, 100, 0, 2056630860, sync, Pillage Improvement Chance
8, 100, 58, 14172821, sync, Pillage Improvement Chance
8, 100, 31, 2493247402, sync, Pillage Improvement Chance
8, 100, 7, 1357318043, sync, Pillage Improvement Chance
8, 100, 26, 328312632, sync, Pillage Improvement Chance
8, 100, 72, 1128755985, sync, Pillage Improvement Chance
8, 100, 10, 3131137142, sync, Pillage Improvement Chance
8, 100, 37, 438600311, sync, Pillage Improvement Chance
8, 100, 25, 1616248548, sync, Pillage Improvement Chance
8, 100, 15, 1084174157, sync, Pillage Improvement Chance
8, 100, 37, 650037762, sync, Pillage Improvement Chance
8, 100, 83, 1616170771, sync, Pillage Improvement Chance
8, 100, 79, 3605407056, sync, Pillage Improvement Chance
8, 100, 65, 3409736521, sync, Pillage Improvement Chance
8, 100, 82, 2807268430, sync, Pillage Improvement Chance
8, 100, 53, 3543353711, sync, Pillage Improvement Chance
8, 100, 89, 2282767996, sync, Pillage Improvement Chance
8, 100, 99, 3830446853, sync, Pillage Improvement Chance
8, 100, 22, 4284979034, sync, Pillage Improvement Chance
8, 100, 88, 953486731, sync, Pillage Improvement Chance
8, 100, 20, 3780726376, sync, Pillage Improvement Chance
8, 100, 40, 895107713, sync, Pillage Improvement Chance
8, 100, 84, 1752682278, sync, Pillage Improvement Chance
8, 100, 63, 3649369959, sync, Pillage Improvement Chance
8, 100, 64, 2712201492, sync, Pillage Improvement Chance
8, 100, 39, 2775025085, sync, Pillage Improvement Chance
8, 100, 80, 1694611378, sync, Pillage Improvement Chance
8, 100, 42, 3445596931, sync, Pillage Improvement Chance
8, 100, 2, 1823834752, sync, Pillage Improvement Chance
8, 100, 18, 101433529, sync, Pillage Improvement Chance
8, 100, 53, 802135294, sync, Pillage Improvement Chance
8, 100, 16, 2276420703, sync, Pillage Improvement Chance
8, 100, 57, 691029676, sync, Pillage Improvement Chance
8, 100, 82, 2485038965, sync, Pillage Improvement Chance
8, 100, 73, 3557067530, sync, Pillage Improvement Chance
8, 100, 8, 3154669435, sync, Pillage Improvement Chance
8, 100, 78, 363930008, sync, Pillage Improvement Chance
8, 100, 72, 3359100401, sync, Pillage Improvement Chance
8, 100, 47, 3119009238, sync, Pillage Improvement Chance
8, 100, 25, 2032437335, sync, Pillage Improvement Chance
8, 100, 69, 1080213316, sync, Pillage Improvement Chance
8, 100, 20, 3001702445, sync, Pillage Improvement Chance
8, 100, 8, 879980898, sync, Pillage Improvement Chance
8, 100, 80, 360665843, sync, Pillage Improvement Chance
8, 100, 87, 3446574000, sync, Pillage Improvement Chance
8, 100, 35, 3770763817, sync, Pillage Improvement Chance
8, 2, 0, 1536901550, sync, GetNextBuyablePlot picker
8, 3, 0, 1236413263, sync, GetNextBuyablePlot picker
8, 1, 0, 942191324, sync, Random River
8, 220, 54, 2180734949, sync, Random River
8, 4800, 2785, 1063111354, sync, Choosing a Goody Hut Type
8, 55, 26, 2492476779, sync, Choosing a Sub Type
8, 4, 1, 2063343816, sync, Choosing random tech boost to grant based on era
8, 100, 24, 1376195937, sync, Rolling for chance to discover a Secret Society
8, 100, 76, 1066260614, sync, Rolling for chance to discover a Secret Society
8, 100, 78, 3305256263, sync, Rolling for chance to discover a Secret Society
8, 100, 47, 3390472564, sync, Rolling for chance to discover a Secret Society
8, 1, 0, 2059314845, sync, GetNextBuyablePlot picker
8, 1, 0, 341767954, sync, GetNextBuyablePlot picker
8, 4000, 1200, 1168301795, sync, Choosing a Goody Hut Type
8, 55, 23, 1288978656, sync, Choosing a Sub Type
8, 1, 0, 1868828569, sync, GetNextBuyablePlot picker
8, 55, 28, 3551621726, sync, Choosing a City Name
8, 2, 0, 2249885247, sync, GetNextBuyablePlot picker
8, 1, 0, 32279308, sync, GetNextBuyablePlot picker
8, 1, 0, 2069695573, sync, GetNextBuyablePlot picker
8, 55, 33, 4280178282, sync, Choosing a City Name
8, 4000, 2911, 2654685019, sync, Choosing a Goody Hut Type
8, 35, 17, 3126676472, sync, Choosing a Sub Type
8, 219, 87, 2158958801, sync, Random River
8, 1, 0, 1724084022, sync, GetNextBuyablePlot picker
8, 2, 1, 115146295, sync, GetNextBuyablePlot picker
8, 4, 0, 3608620964, sync, GetNextBuyablePlot picker
8, 6, 2, 574320909, sync, Random Direction
8, 8, 0, 1825523906, sync, Random Direction
8, 1, 0, 75056851, sync, GetNextBuyablePlot picker
8, 7, 2, 896115216, sync, Random Direction
8, 8, 7, 1438322953, sync, Random Direction
8, 1, 0, 4123864846, sync, GetNextBuyablePlot picker
8, 6, 2, 528973103, sync, Random Direction
8, 7, 0, 1982779196, sync, Random Direction
8, 1, 0, 427472069, sync, GetNextBuyablePlot picker
8, 4, 3, 296824346, sync, Random Direction
8, 4, 2, 3331898699, sync, Random Direction
8, 1, 0, 2344067880, sync, GetNextBuyablePlot picker
8, 3, 0, 3386300481, sync, Random Direction
8, 6, 5, 698618342, sync, Random Direction
8, 1, 0, 4130595623, sync, GetNextBuyablePlot picker
8, 5, 1, 980928980, sync, Random Direction
8, 6, 1, 1383577469, sync, Random Direction
8, 1, 0, 1049585266, sync, GetNextBuyablePlot picker
8, 10, 9, 2188479171, sync, Random Direction
8, 9, 1, 4168200000, sync, Random Direction
8, 1, 0, 927813241, sync, GetNextBuyablePlot picker
8, 12, 4, 2221504446, sync, Random Direction
8, 6, 2, 1582829599, sync, Random Direction
8, 1, 0, 1466072940, sync, GetNextBuyablePlot picker
8, 10, 3, 827021621, sync, Random Direction
8, 11, 10, 1715556810, sync, Random Direction
8, 2, 1, 4244082491, sync, GetNextBuyablePlot picker
8, 6, 5, 3853395544, sync, Random Direction
8, 5, 3, 3672462257, sync, Random Direction
8, 2, 1, 3205152918, sync, GetNextBuyablePlot picker
8, 8, 1, 2823152663, sync, Random Direction
8, 9, 5, 839602180, sync, Random Direction
8, 1, 0, 2823453165, sync, GetNextBuyablePlot picker
8, 4, 1, 3542765602, sync, Random Direction
8, 2, 0, 1773841075, sync, Random Direction
8, 1, 0, 1575970928, sync, GetNextBuyablePlot picker
8, 1, 0, 660719593, sync, GetNextBuyablePlot picker
8, 2, 1, 1455508590, sync, GetNextBuyablePlot picker
8, 2, 0, 3769319183, sync, GetNextBuyablePlot picker
8, 2, 0, 1790614428, sync, GetNextBuyablePlot picker
8, 4400, 2418, 1132853669, sync, Choosing a Goody Hut Type
8, 55, 7, 2360983930, sync, Choosing a Sub Type
8, 6, 1, 577158443, sync, Choosing random tech boost to grant based on era
8, 4000, 140, 765711752, sync, Choosing a Goody Hut Type
8, 55, 16, 151096097, sync, Choosing a Sub Type
8, 5, 2, 1251113798, sync, Choosing random civic boost to grant based on era
8, 3200, 1879, 2148663559, sync, Choosing a Goody Hut Type
8, 55, 7, 2523185716, sync, Choosing a Sub Type
8, 4, 1, 608876637, sync, Choosing random tech boost to grant based on era
8, 218, 175, 1827341778, sync, Random River
8, 217, 153, 3460540067, sync, Random River
8, 216, 21, 3030764960, sync, Random River
8, 3000, 103, 419396953, sync, Choosing a Goody Hut Type
8, 55, 29, 147827998, sync, Choosing a Sub Type
8, 4, 2, 2321549823, sync, Choosing random civic boost to grant based on era
8, 6, 5, 2821333964, sync, Selecting a random new quest
8, 5, 1, 3970012693, sync, Choosing random class type for Recruit Great Person Class quest
8, 6, 5, 1707441450, sync, Selecting a random new quest
8, 5, 2, 4189407003, sync, Choosing random class type for Recruit Great Person Class quest
8, 6, 4, 1740353720, sync, Selecting a random new quest
8, 5, 2, 3239214737, sync, Choosing random civic type for Trigger Civic Boost quest
8, 6, 0, 2358657526, sync, Selecting a random new quest
8, 6, 0, 509032951, sync, Selecting a random new quest
8, 215, 130, 181870692, sync, Random River
8, 3600, 3471, 2597286605, sync, Choosing a Goody Hut Type
8, 40, 4, 4141647746, sync, Choosing a Sub Type
9, 5, 0, 498826899, sync, Storm Direction
9, 100, 30, 35118800, sync, Pillage Improvement Chance
9, 100, 66, 1324183241, sync, Pillage Improvement Chance
9, 100, 45, 2874120654, sync, Pillage Improvement Chance
9, 100, 41, 1964339439, sync, Pillage Improvement Chance
9, 100, 33, 1784944636, sync, Pillage Improvement Chance
9, 100, 82, 1423257221, sync, Pillage Improvement Chance
9, 100, 9, 3536815322, sync, Pillage Improvement Chance
9, 100, 40, 393358603, sync, Pillage Improvement Chance
9, 100, 96, 1725478888, sync, Pillage Improvement Chance
9, 100, 57, 4156501505, sync, Pillage Improvement Chance
9, 100, 31, 2452690086, sync, Pillage Improvement Chance
9, 100, 17, 1368690407, sync, Pillage Improvement Chance
9, 100, 14, 762669716, sync, Pillage Improvement Chance
9, 100, 70, 602908989, sync, Pillage Improvement Chance
9, 100, 6, 3033126194, sync, Pillage Improvement Chance
9, 100, 19, 261173891, sync, Pillage Improvement Chance
9, 100, 79, 847813632, sync, Pillage Improvement Chance
9, 100, 45, 3417480249, sync, Pillage Improvement Chance
9, 100, 87, 1941705342, sync, Pillage Improvement Chance
9, 100, 62, 3760878559, sync, Pillage Improvement Chance
9, 100, 62, 2665183276, sync, Pillage Improvement Chance
9, 100, 39, 2685911797, sync, Pillage Improvement Chance
9, 100, 82, 1711462538, sync, Pillage Improvement Chance
9, 100, 98, 3521933051, sync, Pillage Improvement Chance
9, 100, 59, 4238207768, sync, Pillage Improvement Chance
9, 100, 39, 2574162289, sync, Pillage Improvement Chance
9, 100, 2, 1698558806, sync, Pillage Improvement Chance
9, 100, 77, 101253079, sync, Pillage Improvement Chance
9, 100, 54, 3339886788, sync, Pillage Improvement Chance
9, 100, 95, 2340576173, sync, Pillage Improvement Chance
9, 100, 58, 4080922338, sync, Pillage Improvement Chance
9, 100, 28, 2499002995, sync, Pillage Improvement Chance
9, 100, 75, 1224410416, sync, Pillage Improvement Chance
9, 100, 42, 3247834537, sync, Pillage Improvement Chance
9, 100, 12, 1817188142, sync, Pillage Improvement Chance
9, 100, 96, 549327567, sync, Pillage Improvement Chance
9, 100, 36, 4123214940, sync, Pillage Improvement Chance
9, 100, 7, 1579176805, sync, Pillage Improvement Chance
9, 100, 19, 306870330, sync, Pillage Improvement Chance
9, 100, 16, 825429227, sync, Pillage Improvement Chance
9, 100, 97, 695093832, sync, Pillage Improvement Chance
9, 100, 73, 4199006433, sync, Pillage Improvement Chance
9, 100, 20, 3159875078, sync, Pillage Improvement Chance
9, 100, 98, 900959431, sync, Pillage Improvement Chance
9, 100, 75, 4215390964, sync, Pillage Improvement Chance
9, 100, 71, 3240004125, sync, Pillage Improvement Chance
9, 100, 78, 3078870162, sync, Pillage Improvement Chance
9, 100, 55, 3369217635, sync, Pillage Improvement Chance
9, 100, 1, 2402425440, sync, Pillage Improvement Chance
9, 100, 14, 43952921, sync, Pillage Improvement Chance
9, 100, 56, 604415966, sync, Pillage Improvement Chance
9, 100, 7, 2444185023, sync, Pillage Improvement Chance
9, 100, 97, 302939276, sync, Pillage Improvement Chance
9, 100, 85, 4200980437, sync, Pillage Improvement Chance
9, 100, 87, 3679544298, sync, Pillage Improvement Chance
9, 100, 29, 3742697179, sync, Pillage Improvement Chance
9, 100, 27, 1282200952, sync, Pillage Improvement Chance
9, 100, 66, 1177658449, sync, Pillage Improvement Chance
9, 100, 84, 2866402486, sync, Pillage Improvement Chance
9, 100, 47, 3629331895, sync, Pillage Improvement Chance
9, 100, 28, 2018890020, sync, Pillage Improvement Chance
9, 100, 43, 1209742477, sync, Pillage Improvement Chance
9, 100, 87, 1873184322, sync, Pillage Improvement Chance
9, 100, 77, 3755701843, sync, Pillage Improvement Chance
9, 100, 43, 3316702096, sync, Pillage Improvement Chance
9, 100, 36, 1888717961, sync, Pillage Improvement Chance
9, 100, 51, 1587201166, sync, Pillage Improvement Chance
9, 100, 72, 2208113839, sync, Pillage Improvement Chance
9, 100, 17, 3111133372, sync, Pillage Improvement Chance
9, 100, 52, 740255813, sync, Pillage Improvement Chance
9, 100, 9, 2239929242, sync, Pillage Improvement Chance
9, 100, 32, 388062411, sync, Pillage Improvement Chance
9, 100, 94, 1400671400, sync, Pillage Improvement Chance
9, 100, 31, 4040377281, sync, Pillage Improvement Chance
9, 100, 82, 1356781414, sync, Pillage Improvement Chance
9, 100, 65, 3546741415, sync, Pillage Improvement Chance
9, 100, 65, 2808204116, sync, Pillage Improvement Chance
9, 100, 63, 2811190013, sync, Pillage Improvement Chance
9, 100, 9, 2725315570, sync, Pillage Improvement Chance
9, 100, 32, 410950211, sync, Pillage Improvement Chance
9, 100, 42, 1404717248, sync, Pillage Improvement Chance
9, 100, 76, 1828432377, sync, Pillage Improvement Chance
9, 100, 17, 3297209662, sync, Pillage Improvement Chance
9, 100, 1, 753309599, sync, Pillage Improvement Chance
9, 100, 39, 73085164, sync, Pillage Improvement Chance
9, 100, 27, 1715727541, sync, Pillage Improvement Chance
9, 100, 58, 1175002954, sync, Pillage Improvement Chance
9, 100, 91, 2527530683, sync, Pillage Improvement Chance
9, 100, 14, 3946868696, sync, Pillage Improvement Chance
9, 100, 54, 630431537, sync, Pillage Improvement Chance
9, 100, 91, 2336351766, sync, Pillage Improvement Chance
9, 100, 86, 3928873879, sync, Pillage Improvement Chance
9, 100, 85, 3694702980, sync, Pillage Improvement Chance
9, 100, 62, 3662806381, sync, Pillage Improvement Chance
9, 100, 66, 2674806178, sync, Pillage Improvement Chance
9, 100, 46, 2867501619, sync, Pillage Improvement Chance
9, 100, 28, 2001822192, sync, Pillage Improvement Chance
9, 100, 57, 1226703721, sync, Pillage Improvement Chance
9, 100, 60, 2466750958, sync, Pillage Improvement Chance
9, 100, 55, 2578097807, sync, Pillage Improvement Chance
9, 100, 27, 2382540060, sync, Pillage Improvement Chance
9, 100, 44, 1200254245, sync, Pillage Improvement Chance
9, 100, 54, 1926229754, sync, Pillage Improvement Chance
9, 100, 68, 2360679595, sync, Pillage Improvement Chance
9, 100, 21, 2937814792, sync, Pillage Improvement Chance
9, 100, 63, 932820641, sync, Pillage Improvement Chance
9, 100, 67, 2745041094, sync, Pillage Improvement Chance
9, 100, 52, 2913392775, sync, Pillage Improvement Chance
9, 100, 74, 2238546868, sync, Pillage Improvement Chance
9, 100, 18, 3204062173, sync, Pillage Improvement Chance
9, 100, 72, 787047250, sync, Pillage Improvement Chance
9, 100, 45, 3104732707, sync, Pillage Improvement Chance
9, 100, 71, 1966679840, sync, Pillage Improvement Chance
9, 100, 29, 3053557977, sync, Pillage Improvement Chance
9, 100, 60, 1276535454, sync, Pillage Improvement Chance
9, 100, 64, 2613596543, sync, Pillage Improvement Chance
9, 100, 4, 2757334348, sync, Pillage Improvement Chance
9, 100, 19, 174713237, sync, Pillage Improvement Chance
9, 100, 53, 847383210, sync, Pillage Improvement Chance
9, 100, 34, 2316994203, sync, Pillage Improvement Chance
9, 100, 6, 1496365624, sync, Pillage Improvement Chance
9, 100, 0, 298617361, sync, Pillage Improvement Chance
9, 100, 42, 5121910, sync, Pillage Improvement Chance
9, 100, 36, 1821438327, sync, Pillage Improvement Chance
9, 100, 53, 1548960228, sync, Pillage Improvement Chance
9, 100, 25, 2279519821, sync, Pillage Improvement Chance
9, 100, 24, 1106068738, sync, Pillage Improvement Chance
9, 100, 78, 1050226195, sync, Pillage Improvement Chance
9, 100, 20, 3371472976, sync, Pillage Improvement Chance
9, 100, 40, 879585865, sync, Pillage Improvement Chance
9, 100, 72, 1718529870, sync, Pillage Improvement Chance
9, 100, 46, 3135150191, sync, Pillage Improvement Chance
9, 100, 95, 2014505340, sync, Pillage Improvement Chance
9, 100, 17, 4112081413, sync, Pillage Improvement Chance
9, 100, 44, 747270746, sync, Pillage Improvement Chance
9, 100, 94, 1902529675, sync, Pillage Improvement Chance
9, 100, 65, 4066582888, sync, Pillage Improvement Chance
9, 100, 82, 2798852481, sync, Pillage Improvement Chance
9, 100, 13, 3563936294, sync, Pillage Improvement Chance
9, 100, 58, 594224743, sync, Pillage Improvement Chance
9, 100, 16, 2499603476, sync, Pillage Improvement Chance
9, 100, 63, 722914493, sync, Pillage Improvement Chance
9, 100, 0, 2722427570, sync, Pillage Improvement Chance
9, 100, 33, 16368131, sync, Pillage Improvement Chance
9, 100, 51, 1422308736, sync, Pillage Improvement Chance
9, 100, 99, 2229827513, sync, Pillage Improvement Chance
9, 100, 14, 4253779966, sync, Pillage Improvement Chance
9, 100, 29, 608992095, sync, Pillage Improvement Chance
9, 100, 78, 1285663148, sync, Pillage Improvement Chance
9, 100, 22, 3381646965, sync, Pillage Improvement Chance
9, 100, 40, 957621770, sync, Pillage Improvement Chance
9, 100, 0, 1726443131, sync, Pillage Improvement Chance
9, 5, 1, 39171224, sync, Storm Direction
9, 100, 81, 1628726513, sync, Pillage Improvement Chance
9, 100, 42, 3486947542, sync, Pillage Improvement Chance
9, 100, 5, 1819572055, sync, Pillage Improvement Chance
9, 100, 82, 238912068, sync, Pillage Improvement Chance
9, 100, 63, 3531169581, sync, Pillage Improvement Chance
9, 100, 49, 2725997666, sync, Pillage Improvement Chance
9, 100, 56, 2136945139, sync, Pillage Improvement Chance
9, 100, 9, 2444394160, sync, Pillage Improvement Chance
9, 100, 50, 398049577, sync, Pillage Improvement Chance
9, 100, 60, 2175265966, sync, Pillage Improvement Chance
9, 100, 65, 2603678287, sync, Pillage Improvement Chance
9, 100, 20, 2822297052, sync, Pillage Improvement Chance
9, 100, 6, 897861349, sync, Pillage Improvement Chance
9, 100, 75, 285877690, sync, Pillage Improvement Chance
9, 100, 74, 3232558187, sync, Pillage Improvement Chance
9, 100, 57, 3211490248, sync, Pillage Improvement Chance
9, 100, 80, 2461494369, sync, Pillage Improvement Chance
9, 100, 43, 3475301254, sync, Pillage Improvement Chance
9, 100, 50, 1873536071, sync, Pillage Improvement Chance
9, 100, 29, 2175272052, sync, Pillage Improvement Chance
9, 100, 80, 1268608413, sync, Pillage Improvement Chance
9, 100, 88, 3453727250, sync, Pillage Improvement Chance
9, 100, 74, 3803741667, sync, Pillage Improvement Chance
9, 100, 48, 3212506080, sync, Pillage Improvement Chance
9, 100, 40, 2095597209, sync, Pillage Improvement Chance
9, 100, 40, 1740561758, sync, Pillage Improvement Chance
9, 100, 51, 1751848255, sync, Pillage Improvement Chance
9, 100, 25, 2211147276, sync, Pillage Improvement Chance
9, 100, 99, 1114485589, sync, Pillage Improvement Chance
9, 100, 96, 4262949226, sync, Pillage Improvement Chance
9, 100, 24, 4135962203, sync, Pillage Improvement Chance
9, 100, 89, 1053253368, sync, Pillage Improvement Chance
9, 100, 54, 3852677073, sync, Pillage Improvement Chance
9, 100, 82, 2343778870, sync, Pillage Improvement Chance
9, 100, 70, 3536874807, sync, Pillage Improvement Chance
9, 100, 46, 3012522660, sync, Pillage Improvement Chance
9, 100, 59, 2010773517, sync, Pillage Improvement Chance
9, 100, 92, 2557526978, sync, Pillage Improvement Chance
9, 100, 8, 3988039123, sync, Pillage Improvement Chance
9, 100, 82, 346232080, sync, Pillage Improvement Chance
9, 5, 4, 3560638473, sync, Storm Direction
9, 100, 29, 3649788430, sync, Pillage Improvement Chance
9, 100, 48, 1251593263, sync, Pillage Improvement Chance
9, 100, 77, 2064413244, sync, Pillage Improvement Chance
9, 100, 54, 3313703877, sync, Pillage Improvement Chance
9, 100, 57, 2326202650, sync, Pillage Improvement Chance
9, 100, 64, 2449538123, sync, Pillage Improvement Chance
9, 100, 79, 2756474408, sync, Pillage Improvement Chance
9, 100, 29, 3414077249, sync, Pillage Improvement Chance
9, 100, 66, 1268554982, sync, Pillage Improvement Chance
9, 100, 63, 2841711143, sync, Pillage Improvement Chance
9, 100, 73, 2735131860, sync, Pillage Improvement Chance
9, 100, 5, 3158703741, sync, Pillage Improvement Chance
9, 100, 92, 252027250, sync, Pillage Improvement Chance
9, 100, 93, 3972180419, sync, Pillage Improvement Chance
9, 100, 23, 4000178752, sync, Pillage Improvement Chance
9, 100, 39, 1027147129, sync, Pillage Improvement Chance
9, 100, 39, 1703436990, sync, Pillage Improvement Chance
9, 100, 98, 1713119007, sync, Pillage Improvement Chance
9, 100, 81, 4235125356, sync, Pillage Improvement Chance
9, 100, 19, 3485171765, sync, Pillage Improvement Chance
9, 100, 11, 837020874, sync, Pillage Improvement Chance
9, 100, 32, 510496315, sync, Pillage Improvement Chance
9, 100, 92, 1386068312, sync, Pillage Improvement Chance
9, 100, 56, 3987794609, sync, Pillage Improvement Chance
9, 5, 1, 2445020054, sync, Storm Direction
9, 100, 72, 1687999255, sync, Pillage Improvement Chance
9, 100, 44, 3118535428, sync, Pillage Improvement Chance
9, 100, 52, 1907917037, sync, Pillage Improvement Chance
9, 100, 64, 2267368226, sync, Pillage Improvement Chance
9, 100, 0, 2786167219, sync, Pillage Improvement Chance
9, 100, 27, 14572400, sync, Pillage Improvement Chance
9, 100, 68, 1193885417, sync, Pillage Improvement Chance
9, 100, 20, 2935027566, sync, Pillage Improvement Chance
9, 100, 47, 890310159, sync, Pillage Improvement Chance
9, 100, 11, 2032516764, sync, Pillage Improvement Chance
9, 100, 6, 500031653, sync, Pillage Improvement Chance
9, 100, 9, 263789690, sync, Pillage Improvement Chance
9, 100, 10, 416971819, sync, Pillage Improvement Chance
9, 100, 61, 454961288, sync, Pillage Improvement Chance
9, 100, 80, 2640372257, sync, Pillage Improvement Chance
9, 100, 76, 3450635846, sync, Pillage Improvement Chance
9, 100, 98, 3280121863, sync, Pillage Improvement Chance
9, 100, 33, 4239476020, sync, Pillage Improvement Chance
9, 100, 30, 1422425949, sync, Pillage Improvement Chance
9, 100, 28, 1327153362, sync, Pillage Improvement Chance
9, 100, 52, 1234191779, sync, Pillage Improvement Chance
9, 100, 37, 2260172960, sync, Pillage Improvement Chance
9, 100, 11, 1628615769, sync, Pillage Improvement Chance
9, 100, 46, 499128350, sync, Pillage Improvement Chance
9, 5, 2, 2002229503, sync, Storm Direction
9, 100, 53, 2502166220, sync, Pillage Improvement Chance
9, 100, 56, 2284928277, sync, Pillage Improvement Chance
9, 100, 87, 2429655082, sync, Pillage Improvement Chance
9, 100, 42, 3759588891, sync, Pillage Improvement Chance
9, 100, 26, 1844495288, sync, Pillage Improvement Chance
9, 100, 4, 1131779473, sync, Pillage Improvement Chance
9, 100, 76, 197725430, sync, Pillage Improvement Chance
9, 100, 22, 3268520183, sync, Pillage Improvement Chance
9, 100, 96, 986342244, sync, Pillage Improvement Chance
9, 100, 36, 4123851213, sync, Pillage Improvement Chance
9, 100, 37, 1576075906, sync, Pillage Improvement Chance
9, 100, 44, 1626201491, sync, Pillage Improvement Chance
9, 100, 28, 1903972816, sync, Pillage Improvement Chance
9, 100, 55, 1237083593, sync, Pillage Improvement Chance
9, 100, 13, 2393949390, sync, Pillage Improvement Chance
9, 100, 34, 579780591, sync, Pillage Improvement Chance
9, 100, 44, 1461500668, sync, Pillage Improvement Chance
9, 100, 13, 1931253125, sync, Pillage Improvement Chance
9, 100, 64, 580411354, sync, Pillage Improvement Chance
9, 100, 53, 2763090955, sync, Pillage Improvement Chance
9, 100, 81, 2314767080, sync, Pillage Improvement Chance
9, 100, 64, 3499492609, sync, Pillage Improvement Chance
9, 100, 55, 2771165094, sync, Pillage Improvement Chance
9, 100, 24, 2366160359, sync, Pillage Improvement Chance
9, 100, 15, 1044344212, sync, Pillage Improvement Chance
9, 100, 1, 685568061, sync, Pillage Improvement Chance
9, 100, 74, 57872434, sync, Pillage Improvement Chance
9, 100, 59, 3214496131, sync, Pillage Improvement Chance
9, 100, 49, 2574241536, sync, Pillage Improvement Chance
9, 100, 1, 2142065465, sync, Pillage Improvement Chance
9, 100, 32, 54394238, sync, Pillage Improvement Chance
9, 100, 34, 1377141471, sync, Pillage Improvement Chance
9, 100, 24, 1484970796, sync, Pillage Improvement Chance
9, 100, 88, 1049029109, sync, Pillage Improvement Chance
9, 100, 34, 3812127626, sync, Pillage Improvement Chance
9, 100, 67, 1492741627, sync, Pillage Improvement Chance
9, 100, 17, 2899869208, sync, Pillage Improvement Chance
9, 100, 93, 757674097, sync, Pillage Improvement Chance
9, 100, 41, 4021435990, sync, Pillage Improvement Chance
9, 100, 98, 1785130711, sync, Pillage Improvement Chance
9, 5, 2, 4225983428, sync, Storm Direction
9, 100, 59, 1976525485, sync, Pillage Improvement Chance
9, 100, 44, 2553014754, sync, Pillage Improvement Chance
9, 100, 92, 1925292403, sync, Pillage Improvement Chance
9, 100, 69, 3985963056, sync, Pillage Improvement Chance
9, 100, 31, 2972482729, sync, Pillage Improvement Chance
9, 100, 21, 1369621038, sync, Pillage Improvement Chance
9, 100, 95, 923460047, sync, Pillage Improvement Chance
9, 100, 71, 4119422812, sync, Pillage Improvement Chance
9, 100, 31, 3056024165, sync, Pillage Improvement Chance
9, 100, 62, 1369232186, sync, Pillage Improvement Chance
9, 100, 26, 2700987371, sync, Pillage Improvement Chance
9, 100, 66, 1123261768, sync, Pillage Improvement Chance
9, 100, 92, 2840991713, sync, Pillage Improvement Chance
9, 100, 69, 3992250630, sync, Pillage Improvement Chance
9, 100, 76, 2968206279, sync, Pillage Improvement Chance
9, 100, 53, 3276359156, sync, Pillage Improvement Chance
9, 100, 17, 2285588765, sync, Pillage Improvement Chance
9, 100, 69, 761696146, sync, Pillage Improvement Chance
9, 100, 63, 2975190371, sync, Pillage Improvement Chance
9, 100, 17, 2746142048, sync, Pillage Improvement Chance
9, 100, 83, 742449689, sync, Pillage Improvement Chance
9, 100, 3, 3571061470, sync, Pillage Improvement Chance
9, 100, 48, 139320511, sync, Pillage Improvement Chance
9, 100, 50, 2099470220, sync, Pillage Improvement Chance
9, 100, 98, 2171897557, sync, Pillage Improvement Chance
9, 100, 75, 4252008170, sync, Pillage Improvement Chance
9, 100, 9, 3264054747, sync, Pillage Improvement Chance
9, 100, 42, 393013368, sync, Pillage Improvement Chance
9, 100, 99, 1828961105, sync, Pillage Improvement Chance
9, 100, 70, 4283408310, sync, Pillage Improvement Chance
9, 100, 43, 3025446071, sync, Pillage Improvement Chance
9, 100, 62, 1858343972, sync, Pillage Improvement Chance
9, 100, 23, 2675424141, sync, Pillage Improvement Chance
9, 100, 79, 1026425154, sync, Pillage Improvement Chance
9, 100, 40, 3422868819, sync, Pillage Improvement Chance
9, 100, 30, 1749044880, sync, Pillage Improvement Chance
9, 100, 11, 1320256393, sync, Pillage Improvement Chance
9, 100, 94, 480178062, sync, Pillage Improvement Chance
9, 100, 37, 4068307887, sync, Pillage Improvement Chance
9, 100, 57, 1627636668, sync, Pillage Improvement Chance
9, 5, 1, 2477117253, sync, Storm Direction
9, 100, 58, 924743322, sync, Pillage Improvement Chance
9, 100, 51, 2503449547, sync, Pillage Improvement Chance
9, 100, 90, 2217172904, sync, Pillage Improvement Chance
9, 100, 56, 3889765057, sync, Pillage Improvement Chance
9, 100, 71, 2413650534, sync, Pillage Improvement Chance
9, 100, 57, 3055692199, sync, Pillage Improvement Chance
9, 100, 99, 2472988244, sync, Pillage Improvement Chance
9, 100, 35, 4271612413, sync, Pillage Improvement Chance
9, 100, 11, 1515011826, sync, Pillage Improvement Chance
9, 100, 55, 490584387, sync, Pillage Improvement Chance
9, 100, 96, 2391571392, sync, Pillage Improvement Chance
9, 100, 61, 4127547641, sync, Pillage Improvement Chance
9, 100, 3, 2641123390, sync, Pillage Improvement Chance
9, 100, 39, 133736095, sync, Pillage Improvement Chance
9, 100, 60, 1704825836, sync, Pillage Improvement Chance
9, 100, 74, 2612138933, sync, Pillage Improvement Chance
9, 100, 44, 3218192970, sync, Pillage Improvement Chance
9, 100, 63, 1917521339, sync, Pillage Improvement Chance
9, 100, 25, 2714108632, sync, Pillage Improvement Chance
9, 100, 78, 1094530609, sync, Pillage Improvement Chance
9, 100, 83, 3363385622, sync, Pillage Improvement Chance
9, 100, 69, 3583167127, sync, Pillage Improvement Chance
9, 100, 36, 2969859204, sync, Pillage Improvement Chance
9, 100, 87, 1551762541, sync, Pillage Improvement Chance
9, 100, 97, 3763292322, sync, Pillage Improvement Chance
9, 100, 25, 4180638003, sync, Pillage Improvement Chance
9, 100, 93, 1083593968, sync, Pillage Improvement Chance
9, 100, 37, 4018371177, sync, Pillage Improvement Chance
9, 100, 19, 1618824430, sync, Pillage Improvement Chance
9, 100, 82, 819885455, sync, Pillage Improvement Chance
9, 100, 45, 3525562396, sync, Pillage Improvement Chance
9, 100, 47, 1951421477, sync, Pillage Improvement Chance
9, 100, 14, 2037729786, sync, Pillage Improvement Chance
9, 100, 46, 618060715, sync, Pillage Improvement Chance
9, 100, 78, 2007749128, sync, Pillage Improvement Chance
9, 100, 24, 3361148321, sync, Pillage Improvement Chance
9, 100, 99, 1052642246, sync, Pillage Improvement Chance
9, 100, 38, 4289038215, sync, Pillage Improvement Chance
9, 100, 32, 1647314612, sync, Pillage Improvement Chance
9, 100, 63, 1404429021, sync, Pillage Improvement Chance
9, 5, 3, 2743017042, sync, Storm Direction
9, 100, 68, 2647201059, sync, Pillage Improvement Chance
9, 100, 40, 2938165792, sync, Pillage Improvement Chance
9, 100, 70, 1748160473, sync, Pillage Improvement Chance
9, 100, 10, 3016543646, sync, Pillage Improvement Chance
9, 100, 62, 453894271, sync, Pillage Improvement Chance
9, 100, 57, 2693363788, sync, Pillage Improvement Chance
9, 100, 8, 2482475157, sync, Pillage Improvement Chance
9, 100, 85, 380904874, sync, Pillage Improvement Chance
9, 100, 17, 3651798427, sync, Pillage Improvement Chance
9, 100, 39, 737922360, sync, Pillage Improvement Chance
9, 100, 64, 1678614801, sync, Pillage Improvement Chance
9, 100, 87, 2768695926, sync, Pillage Improvement Chance
9, 100, 54, 3742982263, sync, Pillage Improvement Chance
9, 100, 82, 2352776420, sync, Pillage Improvement Chance
9, 100, 62, 3533323597, sync, Pillage Improvement Chance
9, 100, 13, 2699542530, sync, Pillage Improvement Chance
9, 100, 25, 582585619, sync, Pillage Improvement Chance
9, 100, 36, 1101990736, sync, Pillage Improvement Chance
9, 100, 85, 1557815625, sync, Pillage Improvement Chance
9, 100, 16, 3658865230, sync, Pillage Improvement Chance
9, 100, 67, 707127151, sync, Pillage Improvement Chance
9, 100, 48, 2910948476, sync, Pillage Improvement Chance
9, 100, 79, 2094975237, sync, Pillage Improvement Chance
9, 100, 5, 3405335898, sync, Pillage Improvement Chance
9, 100, 20, 257133451, sync, Pillage Improvement Chance
9, 100, 1, 865662056, sync, Pillage Improvement Chance
9, 100, 47, 50851969, sync, Pillage Improvement Chance
9, 100, 79, 2054087974, sync, Pillage Improvement Chance
9, 100, 55, 3429717351, sync, Pillage Improvement Chance
9, 100, 54, 2403135252, sync, Pillage Improvement Chance
9, 100, 68, 2336363453, sync, Pillage Improvement Chance
9, 100, 41, 2924752306, sync, Pillage Improvement Chance
9, 100, 77, 1768939779, sync, Pillage Improvement Chance
9, 100, 3, 3330533504, sync, Pillage Improvement Chance
9, 100, 72, 167849657, sync, Pillage Improvement Chance
9, 100, 40, 3134419710, sync, Pillage Improvement Chance
9, 100, 90, 1736804959, sync, Pillage Improvement Chance
9, 100, 17, 3900640428, sync, Pillage Improvement Chance
9, 100, 97, 754777461, sync, Pillage Improvement Chance
9, 100, 52, 4201627914, sync, Pillage Improvement Chance
9, 5, 2, 2250403195, sync, Storm Direction
9, 5, 0, 2183546776, sync, Storm Direction Preview
9, 4415, 3221, 195886065, sync, Random Event Roll
9, 100, 74, 3134251990, sync, Pillage Improvement Chance
9, 100, 46, 3185600087, sync, Pillage Improvement Chance
9, 100, 38, 1979991364, sync, Pillage Improvement Chance
9, 100, 16, 1669621293, sync, Pillage Improvement Chance
9, 100, 5, 709846882, sync, Pillage Improvement Chance
9, 100, 63, 219877619, sync, Pillage Improvement Chance
9, 100, 35, 2728554928, sync, Pillage Improvement Chance
9, 100, 57, 1542338601, sync, Pillage Improvement Chance
9, 100, 44, 2453706670, sync, Pillage Improvement Chance
9, 100, 51, 1917569359, sync, Pillage Improvement Chance
9, 100, 55, 2209675484, sync, Pillage Improvement Chance
9, 100, 91, 2382966245, sync, Pillage Improvement Chance
9, 100, 18, 3926032570, sync, Pillage Improvement Chance
9, 100, 72, 807775083, sync, Pillage Improvement Chance
9, 100, 79, 3121006280, sync, Pillage Improvement Chance
9, 100, 55, 3424895841, sync, Pillage Improvement Chance
9, 100, 21, 2395467398, sync, Pillage Improvement Chance
9, 100, 14, 930190151, sync, Pillage Improvement Chance
9, 100, 89, 639993716, sync, Pillage Improvement Chance
9, 100, 67, 3841471645, sync, Pillage Improvement Chance
9, 100, 32, 2888068370, sync, Pillage Improvement Chance
9, 100, 0, 1386880227, sync, Pillage Improvement Chance
9, 100, 36, 30254816, sync, Pillage Improvement Chance
9, 100, 63, 1588100505, sync, Pillage Improvement Chance
9, 100, 43, 2706917470, sync, Pillage Improvement Chance
9, 100, 14, 1868014655, sync, Pillage Improvement Chance
9, 100, 89, 605442316, sync, Pillage Improvement Chance
9, 100, 43, 3850000981, sync, Boosted Yield Chance
9, 100, 12, 1868336234, sync, Boosted Yield Chance
9, 100, 36, 556549467, sync, Boosted Yield Chance
9, 100, 91, 1549627896, sync, Boosted Yield Chance
9, 100, 98, 3931326161, sync, Boosted Yield Chance
9, 100, 22, 4222551350, sync, Boosted Yield Chance
9, 100, 56, 987749431, sync, Boosted Yield Chance
9, 100, 67, 2415113636, sync, Boosted Yield Chance
9, 100, 70, 2901704461, sync, Boosted Yield Chance
9, 100, 9, 3017686722, sync, Boosted Yield Chance
9, 100, 2, 416023763, sync, Boosted Yield Chance
9, 100, 67, 109611024, sync, Boosted Yield Chance
9, 100, 86, 2918645513, sync, Boosted Yield Chance
9, 100, 97, 3721757966, sync, Boosted Yield Chance
9, 100, 6, 4182252335, sync, Boosted Yield Chance
9, 100, 26, 290854204, sync, Boosted Yield Chance
9, 100, 62, 1149731525, sync, Boosted Yield Chance
9, 100, 49, 2699617306, sync, Boosted Yield Chance
9, 2, 1, 2126854987, sync, GetNextBuyablePlot picker
9, 3, 2, 4178397480, sync, GetNextBuyablePlot picker
9, 6, 3, 3554838081, sync, Random Sea
9, 1, 0, 2476812262, sync, GetNextBuyablePlot picker
9, 1, 0, 933904679, sync, GetNextBuyablePlot picker
9, 214, 184, 3733049300, sync, Random River
9, 213, 75, 3700442493, sync, Random River
9, 1, 0, 1514658930, sync, GetNextBuyablePlot picker
9, 1, 0, 3354380483, sync, GetNextBuyablePlot picker
9, 1, 0, 4195751232, sync, GetNextBuyablePlot picker
9, 1, 0, 3848322169, sync, GetNextBuyablePlot picker
9, 1, 0, 2721271230, sync, GetNextBuyablePlot picker
9, 3800, 1512, 276573727, sync, Choosing a Goody Hut Type
9, 55, 53, 1709655404, sync, Choosing a Sub Type
9, 2, 1, 4163348277, sync, Random Sea
9, 212, 92, 2245167050, sync, Random River
9, 4, 1, 1883213115, sync, GetNextBuyablePlot picker
9, 2, 0, 1589202008, sync, GetNextBuyablePlot picker
9, 4200, 614, 775455153, sync, Choosing a Goody Hut Type
9, 55, 53, 628709014, sync, Choosing a Sub Type
9, 2, 1, 4212113943, sync, Choosing random civic boost to grant based on era
9, 36, 19, 2812466692, sync, Choosing a Citizen Name
9, 35, 0, 2292353005, sync, Choosing a Citizen Name
9, 34, 8, 15484450, sync, Choosing a Citizen Name
9, 33, 16, 1111779507, sync, Choosing a Citizen Name
9, 4, 0, 2088324720, sync, GetNextBuyablePlot picker
9, 6, 2, 271365609, sync, Random Direction
9, 12, 0, 1571594862, sync, Random Direction
9, 1, 0, 185785615, sync, GetNextBuyablePlot picker
9, 7, 6, 1056760220, sync, Random Direction
9, 10, 7, 4178692005, sync, Random Direction
9, 1, 0, 3322181498, sync, GetNextBuyablePlot picker
9, 5, 3, 246037291, sync, Random Direction
9, 7, 1, 3401874312, sync, Random Direction
9, 1, 0, 1182546209, sync, GetNextBuyablePlot picker
9, 7, 4, 1825739078, sync, Random Direction
9, 8, 0, 2685361927, sync, Random Direction
9, 1, 0, 468305972, sync, GetNextBuyablePlot picker
9, 4, 0, 700597853, sync, Random Direction
9, 6, 4, 35027922, sync, Random Direction
9, 1, 0, 3552109731, sync, GetNextBuyablePlot picker
9, 7, 0, 3027579808, sync, Random Direction
9, 7, 1, 425847641, sync, Random Direction
9, 1, 0, 1144816414, sync, GetNextBuyablePlot picker
9, 11, 10, 2230003711, sync, Random Direction
9, 4, 1, 3968461260, sync, Random Direction
9, 1, 0, 1539105813, sync, GetNextBuyablePlot picker
9, 9, 2, 1512682282, sync, Random Direction
9, 8, 0, 1423197467, sync, Random Direction
9, 1, 0, 424793784, sync, GetNextBuyablePlot picker
9, 12, 9, 2174004369, sync, Random Direction
9, 8, 3, 3255293942, sync, Random Direction
9, 2, 0, 2137528311, sync, GetNextBuyablePlot picker
9, 8, 0, 917087844, sync, Random Direction
9, 6, 2, 205947085, sync, Random Direction
9, 2, 0, 1624341890, sync, GetNextBuyablePlot picker
9, 10, 4, 570178707, sync, Random Direction
9, 11, 2, 2139931856, sync, Random Direction
9, 1, 0, 1002921161, sync, GetNextBuyablePlot picker
9, 3, 0, 4271763406, sync, Random Direction
9, 3, 0, 1336151791, sync, Random Direction
9, 1, 0, 557932028, sync, GetNextBuyablePlot picker
9, 1, 0, 3227516037, sync, GetNextBuyablePlot picker
9, 2, 0, 1001208538, sync, GetNextBuyablePlot picker
9, 2, 1, 256682763, sync, GetNextBuyablePlot picker
9, 2, 1, 4114898408, sync, GetNextBuyablePlot picker
9, 4000, 3159, 3425229825, sync, Choosing a Goody Hut Type
9, 35, 4, 3392416422, sync, Choosing a Sub Type
9, 4, 3, 530115815, sync, Random Sea
9, 4400, 3304, 3992285332, sync, Choosing a Goody Hut Type
9, 35, 16, 3225827133, sync, Choosing a Sub Type
9, 1, 0, 2028489522, sync, Random Sea
9, 211, 133, 477982851, sync, Random River
9, 6, 2, 2718106112, sync, Selecting a random new quest
9, 5, 1, 1910770233, sync, Choosing random district type for Zone District quest
9, 6, 2, 1514924158, sync, Selecting a random new quest
9, 5, 0, 1654428127, sync, Choosing random district type for Zone District quest
9, 6, 4, 580271660, sync, Selecting a random new quest
9, 4, 0, 3270643957, sync, Choosing random civic type for Trigger Civic Boost quest
9, 6, 4, 347737738, sync, Selecting a random new quest
9, 5, 0, 3429002491, sync, Choosing random civic type for Trigger Civic Boost quest
9, 6, 0, 138350872, sync, Selecting a random new quest
9, 210, 32, 178243441, sync, Random River
9, 209, 30, 657623382, sync, Random River
9, 208, 80, 618716631, sync, Random River
9, 207, 111, 1654662852, sync, Random River
10, 5, 3, 2308467117, sync, Storm Direction
10, 100, 92, 2934301922, sync, Pillage Improvement Chance
10, 100, 96, 3966468211, sync, Pillage Improvement Chance
10, 100, 89, 4141542192, sync, Pillage Improvement Chance
10, 100, 97, 3858690985, sync, Pillage Improvement Chance
10, 100, 79, 4186008878, sync, Pillage Improvement Chance
10, 100, 97, 3404968143, sync, Pillage Improvement Chance
10, 100, 41, 4173040220, sync, Pillage Improvement Chance
10, 100, 93, 1797923173, sync, Pillage Improvement Chance
10, 100, 79, 4030410298, sync, Pillage Improvement Chance
10, 100, 16, 3424946923, sync, Pillage Improvement Chance
10, 100, 53, 715452488, sync, Pillage Improvement Chance
10, 100, 15, 2300604129, sync, Pillage Improvement Chance
10, 100, 25, 664663046, sync, Pillage Improvement Chance
10, 100, 6, 1094642375, sync, Pillage Improvement Chance
10, 100, 81, 272419060, sync, Pillage Improvement Chance
10, 100, 12, 3486783517, sync, Pillage Improvement Chance
10, 100, 89, 538266258, sync, Pillage Improvement Chance
10, 100, 62, 3837095011, sync, Pillage Improvement Chance
10, 100, 38, 2681700448, sync, Pillage Improvement Chance
10, 100, 1, 1646205209, sync, Pillage Improvement Chance
10, 100, 60, 54099422, sync, Pillage Improvement Chance
10, 100, 61, 2609408959, sync, Pillage Improvement Chance
10, 100, 61, 2661565068, sync, Pillage Improvement Chance
10, 100, 91, 2625580501, sync, Pillage Improvement Chance
10, 100, 93, 3923483114, sync, Pillage Improvement Chance
10, 100, 57, 4032955611, sync, Pillage Improvement Chance
10, 100, 42, 2476276600, sync, Pillage Improvement Chance
10, 100, 46, 1804718673, sync, Pillage Improvement Chance
10, 100, 14, 1993435830, sync, Pillage Improvement Chance
10, 100, 98, 611455927, sync, Pillage Improvement Chance
10, 100, 55, 4246624036, sync, Pillage Improvement Chance
10, 100, 32, 2387624589, sync, Pillage Improvement Chance
10, 100, 44, 1384217666, sync, Pillage Improvement Chance
10, 100, 20, 1913271379, sync, Pillage Improvement Chance
10, 100, 75, 897302928, sync, Pillage Improvement Chance
10, 100, 82, 3221977737, sync, Pillage Improvement Chance
10, 100, 86, 3543079566, sync, Pillage Improvement Chance
10, 100, 19, 3707355823, sync, Pillage Improvement Chance
10, 100, 52, 839083708, sync, Pillage Improvement Chance
10, 100, 86, 2250782277, sync, Pillage Improvement Chance
10, 5, 3, 3724956058, sync, Storm Direction
10, 100, 3, 2896812747, sync, Pillage Improvement Chance
10, 100, 11, 150876840, sync, Pillage Improvement Chance
10, 100, 80, 496693697, sync, Pillage Improvement Chance
10, 100, 42, 3437751654, sync, Pillage Improvement Chance
10, 100, 91, 1811503271, sync, Pillage Improvement Chance
10, 100, 76, 3931623764, sync, Pillage Improvement Chance
10, 100, 89, 3290687741, sync, Pillage Improvement Chance
10, 100, 4, 3841292786, sync, Pillage Improvement Chance
10, 100, 96, 181983299, sync, Pillage Improvement Chance
10, 100, 34, 4144672448, sync, Pillage Improvement Chance
10, 100, 66, 1498093561, sync, Pillage Improvement Chance
10, 100, 49, 2849850174, sync, Pillage Improvement Chance
10, 100, 13, 2108077471, sync, Pillage Improvement Chance
10, 100, 7, 592180972, sync, Pillage Improvement Chance
10, 100, 10, 320617141, sync, Pillage Improvement Chance
10, 100, 96, 434525514, sync, Pillage Improvement Chance
10, 100, 6, 4132113595, sync, Pillage Improvement Chance
10, 100, 76, 259495384, sync, Pillage Improvement Chance
10, 100, 62, 3265449265, sync, Pillage Improvement Chance
10, 100, 57, 2663152662, sync, Pillage Improvement Chance
10, 100, 51, 2467543447, sync, Pillage Improvement Chance
10, 100, 89, 2210150276, sync, Pillage Improvement Chance
10, 100, 24, 3827698541, sync, Pillage Improvement Chance
10, 100, 12, 1056719778, sync, Pillage Improvement Chance
10, 100, 97, 525359155, sync, Pillage Improvement Chance
10, 100, 46, 4203169776, sync, Pillage Improvement Chance
10, 100, 36, 1998909801, sync, Pillage Improvement Chance
10, 100, 25, 1551824878, sync, Pillage Improvement Chance
10, 100, 39, 1101939855, sync, Pillage Improvement Chance
10, 100, 35, 1706095388, sync, Pillage Improvement Chance
10, 100, 4, 1511144229, sync, Pillage Improvement Chance
10, 100, 20, 191276282, sync, Pillage Improvement Chance
10, 100, 10, 877959851, sync, Pillage Improvement Chance
10, 100, 64, 443032840, sync, Pillage Improvement Chance
10, 100, 80, 2781897889, sync, Pillage Improvement Chance
10, 100, 88, 3454670534, sync, Pillage Improvement Chance
10, 100, 56, 3804247687, sync, Pillage Improvement Chance
10, 100, 26, 2413726132, sync, Pillage Improvement Chance
10, 100, 25, 1156426205, sync, Pillage Improvement Chance
10, 100, 3, 1088477522, sync, Pillage Improvement Chance
10, 5, 1, 157266979, sync, Storm Direction
10, 100, 76, 1555336480, sync, Pillage Improvement Chance
10, 100, 1, 3265267417, sync, Pillage Improvement Chance
10, 100, 69, 84883614, sync, Pillage Improvement Chance
10, 100, 62, 3002036095, sync, Pillage Improvement Chance
10, 100, 5, 2670025548, sync, Pillage Improvement Chance
10, 100, 94, 226572181, sync, Pillage Improvement Chance
10, 100, 18, 4046602410, sync, Pillage Improvement Chance
10, 100, 73, 798327963, sync, Pillage Improvement Chance
10, 100, 66, 3153256504, sync, Pillage Improvement Chance
10, 100, 34, 2852829201, sync, Pillage Improvement Chance
10, 100, 38, 1489747318, sync, Pillage Improvement Chance
10, 100, 12, 1639829367, sync, Pillage Improvement Chance
10, 100, 56, 538036196, sync, Pillage Improvement Chance
10, 100, 95, 2429666381, sync, Pillage Improvement Chance
10, 100, 98, 4088281858, sync, Pillage Improvement Chance
10, 100, 44, 4239780883, sync, Pillage Improvement Chance
10, 100, 70, 1897234000, sync, Pillage Improvement Chance
10, 100, 69, 3028506697, sync, Pillage Improvement Chance
10, 100, 6, 2991129934, sync, Pillage Improvement Chance
10, 100, 34, 285816431, sync, Pillage Improvement Chance
10, 100, 92, 1482436476, sync, Pillage Improvement Chance
10, 100, 54, 3953143813, sync, Pillage Improvement Chance
10, 100, 1, 2327062618, sync, Pillage Improvement Chance
10, 100, 83, 43829899, sync, Pillage Improvement Chance
10, 100, 72, 3573204840, sync, Pillage Improvement Chance
10, 100, 4, 3120088961, sync, Pillage Improvement Chance
10, 100, 76, 175927334, sync, Pillage Improvement Chance
10, 100, 75, 3297477735, sync, Pillage Improvement Chance
10, 100, 21, 3228103188, sync, Pillage Improvement Chance
10, 100, 22, 904485565, sync, Pillage Improvement Chance
10, 100, 96, 959408306, sync, Pillage Improvement Chance
10, 100, 94, 4139909123, sync, Pillage Improvement Chance
10, 100, 2, 4058848128, sync, Pillage Improvement Chance
10, 100, 9, 89515449, sync, Pillage Improvement Chance
10, 100, 25, 396844542, sync, Pillage Improvement Chance
10, 100, 17, 1096456543, sync, Pillage Improvement Chance
10, 100, 18, 751333292, sync, Pillage Improvement Chance
10, 100, 78, 778445941, sync, Pillage Improvement Chance
10, 100, 3, 3356974090, sync, Pillage Improvement Chance
10, 100, 77, 163146875, sync, Pillage Improvement Chance
10, 5, 1, 3307395736, sync, Storm Direction
10, 100, 16, 939627249, sync, Pillage Improvement Chance
10, 100, 36, 718745302, sync, Pillage Improvement Chance
10, 100, 65, 1567118679, sync, Pillage Improvement Chance
10, 100, 83, 2813790276, sync, Pillage Improvement Chance
10, 100, 48, 3591073069, sync, Pillage Improvement Chance
10, 100, 68, 2079285858, sync, Pillage Improvement Chance
10, 100, 18, 2930962419, sync, Pillage Improvement Chance
10, 100, 11, 809395376, sync, Pillage Improvement Chance
10, 100, 23, 492744489, sync, Pillage Improvement Chance
10, 100, 74, 1030046382, sync, Pillage Improvement Chance
10, 100, 97, 3204618319, sync, Pillage Improvement Chance
10, 100, 98, 4204600284, sync, Pillage Improvement Chance
10, 100, 47, 4220130533, sync, Pillage Improvement Chance
10, 100, 82, 2051464122, sync, Pillage Improvement Chance
10, 100, 60, 3539626603, sync, Pillage Improvement Chance
10, 100, 43, 2597198280, sync, Pillage Improvement Chance
10, 100, 18, 1850481249, sync, Pillage Improvement Chance
10, 100, 4, 779549062, sync, Pillage Improvement Chance
10, 100, 90, 206783047, sync, Pillage Improvement Chance
10, 100, 71, 3884911220, sync, Pillage Improvement Chance
10, 100, 37, 3067018141, sync, Pillage Improvement Chance
10, 100, 52, 1597581330, sync, Pillage Improvement Chance
10, 100, 26, 2239216611, sync, Pillage Improvement Chance
10, 100, 51, 1137465824, sync, Pillage Improvement Chance
10, 100, 18, 2225386649, sync, Pillage Improvement Chance
10, 100, 54, 813544286, sync, Pillage Improvement Chance
10, 100, 7, 2329948991, sync, Pillage Improvement Chance
10, 100, 83, 315438092, sync, Pillage Improvement Chance
10, 100, 1, 3565355349, sync, Pillage Improvement Chance
10, 100, 5, 49129322, sync, Pillage Improvement Chance
10, 100, 26, 237945947, sync, Pillage Improvement Chance
10, 100, 99, 1126139128, sync, Pillage Improvement Chance
10, 100, 40, 4273954257, sync, Pillage Improvement Chance
10, 100, 18, 1723256886, sync, Pillage Improvement Chance
10, 100, 61, 789269303, sync, Pillage Improvement Chance
10, 100, 19, 2621700260, sync, Pillage Improvement Chance
10, 100, 43, 831194637, sync, Pillage Improvement Chance
10, 100, 45, 1863825858, sync, Pillage Improvement Chance
10, 100, 23, 1975477203, sync, Pillage Improvement Chance
10, 100, 32, 991558416, sync, Pillage Improvement Chance
10, 5, 3, 1391392265, sync, Storm Direction
10, 5, 0, 2997596174, sync, Storm Direction
10, 5, 2, 462580271, sync, Storm Direction
10, 100, 2, 1762375740, sync, Pillage Improvement Chance
10, 100, 1, 109570501, sync, Pillage Improvement Chance
10, 100, 48, 74891034, sync, Pillage Improvement Chance
10, 100, 72, 2095413835, sync, Pillage Improvement Chance
10, 100, 32, 3120176168, sync, Pillage Improvement Chance
10, 100, 69, 1392663873, sync, Pillage Improvement Chance
10, 100, 56, 2981212902, sync, Pillage Improvement Chance
10, 100, 11, 2433708071, sync, Pillage Improvement Chance
10, 100, 13, 485020372, sync, Pillage Improvement Chance
10, 100, 81, 592874621, sync, Pillage Improvement Chance
10, 100, 1, 3495303026, sync, Pillage Improvement Chance
10, 100, 29, 66643907, sync, Pillage Improvement Chance
10, 100, 62, 1265256512, sync, Pillage Improvement Chance
10, 100, 91, 2680451961, sync, Pillage Improvement Chance
10, 100, 30, 3932829886, sync, Pillage Improvement Chance
10, 100, 76, 1299725599, sync, Pillage Improvement Chance
10, 5, 0, 3284904044, sync, Storm Direction
10, 100, 7, 445632053, sync, Pillage Improvement Chance
10, 100, 88, 302850762, sync, Pillage Improvement Chance
10, 100, 22, 3798830139, sync, Pillage Improvement Chance
10, 100, 4, 973135704, sync, Pillage Improvement Chance
10, 100, 16, 209459377, sync, Pillage Improvement Chance
10, 100, 35, 709009814, sync, Pillage Improvement Chance
10, 100, 16, 1537126679, sync, Pillage Improvement Chance
10, 100, 36, 726702340, sync, Pillage Improvement Chance
10, 100, 93, 1560841965, sync, Pillage Improvement Chance
10, 100, 18, 4034871586, sync, Pillage Improvement Chance
10, 100, 0, 777209779, sync, Pillage Improvement Chance
10, 100, 94, 12599664, sync, Pillage Improvement Chance
10, 100, 7, 4067175657, sync, Pillage Improvement Chance
10, 100, 32, 318000494, sync, Pillage Improvement Chance
10, 100, 92, 1387310095, sync, Pillage Improvement Chance
10, 100, 27, 3963618460, sync, Pillage Improvement Chance
10, 100, 37, 1162981029, sync, Pillage Improvement Chance
10, 100, 95, 1604047482, sync, Pillage Improvement Chance
10, 100, 42, 4090886699, sync, Pillage Improvement Chance
10, 100, 45, 1821822600, sync, Pillage Improvement Chance
10, 100, 84, 1951633441, sync, Pillage Improvement Chance
10, 100, 2, 3624180806, sync, Pillage Improvement Chance
10, 100, 14, 95948295, sync, Pillage Improvement Chance
10, 100, 7, 604916532, sync, Pillage Improvement Chance
10, 100, 21, 322440541, sync, Pillage Improvement Chance
10, 100, 36, 903755474, sync, Pillage Improvement Chance
10, 100, 42, 1555923875, sync, Pillage Improvement Chance
10, 100, 69, 1843324576, sync, Pillage Improvement Chance
10, 100, 17, 2985108057, sync, Pillage Improvement Chance
10, 100, 63, 742714910, sync, Pillage Improvement Chance
10, 100, 86, 2736436991, sync, Pillage Improvement Chance
10, 100, 84, 3730558156, sync, Pillage Improvement Chance
10, 100, 44, 3611593493, sync, Pillage Improvement Chance
10, 100, 28, 1909313066, sync, Pillage Improvement Chance
10, 100, 60, 1206764571, sync, Pillage Improvement Chance
10, 100, 91, 2581522872, sync, Pillage Improvement Chance
10, 100, 37, 3949970321, sync, Pillage Improvement Chance
10, 100, 26, 1599251190, sync, Pillage Improvement Chance
10, 100, 18, 1142589175, sync, Pillage Improvement Chance
10, 100, 30, 779413860, sync, Pillage Improvement Chance
10, 5, 3, 1312557005, sync, Storm Direction
10, 5, 1, 2944268418, sync, Storm Direction Preview
10, 4702, 1695, 1357290387, sync, Random Event Roll
10, 100, 58, 1548302288, sync, Pillage Improvement Chance
10, 100, 66, 2500744137, sync, Pillage Improvement Chance
10, 100, 92, 2870418126, sync, Pillage Improvement Chance
10, 100, 97, 3965017583, sync, Pillage Improvement Chance
10, 100, 67, 4174512380, sync, Pillage Improvement Chance
10, 100, 80, 2896126853, sync, Pillage Improvement Chance
10, 100, 27, 3457029594, sync, Boosted Yield Chance
10, 100, 84, 1195633163, sync, Boosted Yield Chance
10, 100, 35, 3636211944, sync, Boosted Yield Chance
10, 100, 69, 1517794049, sync, Boosted Yield Chance
10, 100, 97, 2974266790, sync, Boosted Yield Chance
10, 100, 42, 4182055911, sync, Boosted Yield Chance
10, 100, 35, 1821864852, sync, Boosted Yield Chance
10, 100, 77, 1512799805, sync, Boosted Yield Chance
10, 100, 8, 3307832882, sync, Boosted Yield Chance
10, 2, 0, 373133187, sync, GetNextBuyablePlot picker
10, 3, 0, 2084713728, sync, GetNextBuyablePlot picker
10, 8, 1, 307675449, sync, Random Direction
10, 1, 0, 686150526, sync, GetNextBuyablePlot picker
10, 1, 0, 29335775, sync, GetNextBuyablePlot picker
10, 4400, 2704, 756392236, sync, Choosing a Goody Hut Type
10, 55, 36, 2639869941, sync, Choosing a Sub Type
10, 1, 0, 2861017482, sync, Choosing random tech boost to grant based on era
10, 4200, 1030, 472345595, sync, Choosing a Goody Hut Type
10, 85, 53, 1053926424, sync, Choosing a Sub Type
10, 1, 0, 2714918513, sync, GetNextBuyablePlot picker
10, 1, 0, 3149845590, sync, GetNextBuyablePlot picker
10, 11, 1, 628542679, sync, Random Direction
10, 1, 0, 726198724, sync, GetNextBuyablePlot picker
10, 1, 0, 920481965, sync, GetNextBuyablePlot picker
10, 1, 0, 3882606562, sync, GetNextBuyablePlot picker
10, 1, 0, 4059127667, sync, Random Lake Range
10, 206, 167, 2496454192, sync, Random River
10, 4, 0, 3490540201, sync, Random Ocean
10, 4, 3, 334239790, sync, GetNextBuyablePlot picker
10, 2, 0, 3430449103, sync, GetNextBuyablePlot picker
10, 10, 9, 794406236, sync, Random Direction
10, 4600, 2841, 3978889317, sync, Choosing a Goody Hut Type
10, 55, 34, 2653260090, sync, Choosing a Sub Type
10, 3, 0, 2728872427, sync, Choosing random tech boost to grant based on era
10, 4, 0, 276972360, sync, GetNextBuyablePlot picker
10, 7, 0, 161924577, sync, Random Direction
10, 9, 7, 424869638, sync, Random Direction
10, 1, 0, 3601766855, sync, GetNextBuyablePlot picker
10, 11, 0, 303844340, sync, Random Direction
10, 10, 2, 132701981, sync, Random Direction
10, 1, 0, 1066403218, sync, GetNextBuyablePlot picker
10, 7, 4, 1391528803, sync, Random Direction
10, 6, 0, 3014407008, sync, Random Direction
10, 1, 0, 339300377, sync, GetNextBuyablePlot picker
10, 5, 1, 1596254430, sync, Random Direction
10, 8, 5, 996080319, sync, Random Direction
10, 1, 0, 2794530188, sync, GetNextBuyablePlot picker
10, 3, 0, 3146110165, sync, Random Direction
10, 6, 2, 1351791850, sync, Random Direction
10, 1, 0, 1485997019, sync, GetNextBuyablePlot picker
10, 5, 3, 4042329720, sync, Random Direction
10, 4, 3, 2983979345, sync, Random Direction
10, 1, 0, 3244242358, sync, GetNextBuyablePlot picker
10, 8, 2, 413893303, sync, Random Direction
10, 9, 4, 1399101988, sync, Random Direction
10, 1, 0, 2225392013, sync, GetNextBuyablePlot picker
10, 11, 8, 1604384578, sync, Random Direction
10, 6, 2, 3253441363, sync, Random Direction
10, 1, 0, 1566782608, sync, GetNextBuyablePlot picker
10, 7, 1, 882995593, sync, Random Direction
10, 5, 0, 843793806, sync, Random Direction
10, 2, 0, 856822191, sync, GetNextBuyablePlot picker
10, 5, 2, 1550780860, sync, Random Direction
10, 5, 0, 1940299077, sync, Random Direction
10, 2, 0, 708455578, sync, GetNextBuyablePlot picker
10, 13, 0, 1299716555, sync, Random Direction
10, 10, 0, 302056872, sync, Random Direction
10, 1, 0, 35178689, sync, GetNextBuyablePlot picker
10, 4, 3, 3086907494, sync, Random Direction
10, 2, 1, 3840706471, sync, Random Direction
10, 6, 2, 3694449748, sync, BT Research Choice
10, 1, 0, 1747464189, sync, GetNextBuyablePlot picker
10, 1, 0, 4067013874, sync, GetNextBuyablePlot picker
10, 2, 1, 3511678787, sync, GetNextBuyablePlot picker
10, 2, 0, 3174359488, sync, GetNextBuyablePlot picker
10, 2, 1, 114085625, sync, GetNextBuyablePlot picker
10, 3, 1, 2581212734, sync, Random Ocean
10, 4200, 1794, 2112930975, sync, Choosing a Goody Hut Type
10, 55, 12, 1835424236, sync, Choosing a Sub Type
10, 4400, 73, 1015177653, sync, Choosing a Goody Hut Type
10, 55, 4, 71757898, sync, Choosing a Sub Type
10, 4, 1, 312937403, sync, Choosing random civic boost to grant based on era
10, 5000, 503, 1683302616, sync, Choosing a Goody Hut Type
10, 55, 40, 432301105, sync, Choosing a Sub Type
10, 4, 0, 3188442902, sync, Choosing random civic boost to grant based on era
10, 205, 106, 313567383, sync, Random River
10, 3400, 2992, 2220882564, sync, Choosing a Goody Hut Type
10, 40, 16, 3779727981, sync, Choosing a Sub Type
10, 204, 10, 1802845858, sync, Random River
10, 3800, 3163, 223164211, sync, Choosing a Goody Hut Type
10, 75, 23, 3575921392, sync, Choosing a Sub Type
10, 55, 11, 1342335081, sync, Choosing a City Name
10, 55, 40, 923575022, sync, Choosing a City Name
10, 203, 95, 3155825551, sync, Random River
11, 4870, 1993, 2024412700, sync, Random Event Roll
11, 100, 84, 1758470693, sync, Pillage Improvement Chance
11, 100, 66, 3634626554, sync, Pillage Improvement Chance
11, 100, 77, 2871941547, sync, Pillage Improvement Chance
11, 100, 25, 3343939592, sync, Pillage Improvement Chance
11, 100, 0, 1074117537, sync, Pillage Improvement Chance
11, 100, 27, 19014086, sync, Pillage Improvement Chance
11, 100, 24, 1190585735, sync, Pillage Improvement Chance
11, 100, 1, 1048120500, sync, Pillage Improvement Chance
11, 100, 71, 44134621, sync, Pillage Improvement Chance
11, 100, 92, 3071186002, sync, Pillage Improvement Chance
11, 100, 67, 3956429603, sync, Pillage Improvement Chance
11, 100, 20, 2918465568, sync, Pillage Improvement Chance
11, 100, 93, 893992409, sync, Pillage Improvement Chance
11, 100, 32, 4024279966, sync, Pillage Improvement Chance
11, 100, 81, 1399651967, sync, Pillage Improvement Chance
11, 100, 90, 3492625996, sync, Pillage Improvement Chance
11, 100, 44, 3875987093, sync, Pillage Improvement Chance
11, 100, 48, 1912363946, sync, Pillage Improvement Chance
11, 100, 22, 2078081947, sync, Pillage Improvement Chance
11, 100, 32, 957739832, sync, Pillage Improvement Chance
11, 100, 79, 1405341457, sync, Pillage Improvement Chance
11, 100, 89, 3416033398, sync, Pillage Improvement Chance
11, 100, 28, 3833478775, sync, Pillage Improvement Chance
11, 100, 19, 1205013220, sync, Pillage Improvement Chance
11, 100, 91, 847596365, sync, Pillage Improvement Chance
11, 100, 73, 3930109442, sync, Pillage Improvement Chance
11, 100, 52, 3163441939, sync, Pillage Improvement Chance
11, 100, 66, 2267541840, sync, Boosted Yield Chance
11, 100, 62, 2875739977, sync, Boosted Yield Chance
11, 100, 37, 2668113998, sync, Boosted Yield Chance
11, 100, 65, 1602782575, sync, Boosted Yield Chance
11, 100, 69, 2829243004, sync, Boosted Yield Chance
11, 100, 10, 2975700741, sync, Boosted Yield Chance
11, 100, 23, 465240922, sync, Boosted Yield Chance
11, 100, 2, 994183563, sync, Boosted Yield Chance
11, 100, 23, 109615720, sync, Boosted Yield Chance
11, 100, 20, 1000709761, sync, Boosted Yield Chance
11, 100, 98, 882244390, sync, Boosted Yield Chance
11, 100, 34, 4224037735, sync, Boosted Yield Chance
11, 100, 60, 1484846356, sync, Boosted Yield Chance
11, 100, 94, 2601296317, sync, Boosted Yield Chance
11, 100, 59, 4074152882, sync, Boosted Yield Chance
11, 100, 2, 2565873411, sync, Boosted Yield Chance
11, 100, 90, 117591680, sync, Boosted Yield Chance
11, 100, 76, 3873873081, sync, Boosted Yield Chance
11, 2, 1, 3288811774, sync, GetNextBuyablePlot picker
11, 3, 0, 2714478687, sync, GetNextBuyablePlot picker
11, 7, 1, 1232982700, sync, Random Direction
11, 7, 2, 1036733301, sync, Random Direction
11, 5200, 4583, 1376450314, sync, Choosing a Goody Hut Type
11, 40, 39, 3786173307, sync, Choosing a Sub Type
11, 2, 0, 4216024472, sync, Random Ocean
11, 5, 4, 1444030961, sync, Selecting a random new quest
11, 5, 1, 3488184790, sync, Choosing random class type for Recruit Great Person Class quest
11, 5, 4, 990659671, sync, Selecting a random new quest
11, 5, 3, 3545615172, sync, Choosing random class type for Recruit Great Person Class quest
11, 6, 1, 2584638509, sync, Selecting a random new quest
11, 4, 1, 1197170018, sync, Choosing random unit type for Train Unit quest
11, 5, 2, 1411829491, sync, Selecting a random new quest
11, 4, 3, 1787189168, sync, Choosing random district type for Zone District quest
11, 6, 1, 3423282729, sync, Selecting a random new quest
11, 4, 1, 857075118, sync, Choosing random unit type for Train Unit quest
11, 202, 48, 1901422415, sync, Random River
11, 1, 0, 1022443228, sync, GetNextBuyablePlot picker
11, 1, 0, 3993435109, sync, GetNextBuyablePlot picker
11, 1, 0, 1909929658, sync, GetNextBuyablePlot picker
11, 9, 5, 2569742699, sync, Random Direction
11, 201, 183, 2445372616, sync, Random River
11, 4000, 1471, 3912266081, sync, Choosing a Goody Hut Type
11, 55, 47, 1580336262, sync, Choosing a Sub Type
11, 1, 0, 3729846599, sync, GetNextBuyablePlot picker
11, 1, 0, 4125396340, sync, GetNextBuyablePlot picker
11, 10, 5, 824296093, sync, Random Direction
11, 10, 4, 2535056146, sync, Random Direction
11, 5200, 3686, 1797348067, sync, Choosing a Goody Hut Type
11, 75, 27, 3044478176, sync, Choosing a Sub Type
11, 1, 0, 1591536537, sync, GetNextBuyablePlot picker
11, 3, 2, 3308199518, sync, GetNextBuyablePlot picker
11, 1, 0, 2869215807, sync, GetNextBuyablePlot picker
11, 8, 3, 2146440972, sync, Random Direction
11, 4200, 1719, 2139596885, sync, Choosing a Goody Hut Type
11, 55, 37, 1758118506, sync, Choosing a Sub Type
11, 3800, 520, 2911716187, sync, Choosing a Goody Hut Type
11, 55, 31, 588093432, sync, Choosing a Sub Type
11, 6, 2, 2464642257, sync, Choosing random civic boost to grant based on era
11, 4, 2, 2093652790, sync, GetNextBuyablePlot picker
11, 2, 0, 2672998967, sync, GetNextBuyablePlot picker
11, 2, 0, 142621604, sync, GetNextBuyablePlot picker
11, 11, 5, 1973259533, sync, Random Direction
11, 10, 9, 2048734402, sync, Random Direction
11, 32, 28, 4102996691, sync, Choosing a Citizen Name
11, 31, 6, 3797380624, sync, Choosing a Citizen Name
11, 30, 0, 857926921, sync, Choosing a Citizen Name
11, 29, 18, 135125774, sync, Choosing a Citizen Name
11, 28, 19, 2709043503, sync, Choosing a Citizen Name
11, 4, 1, 2989316924, sync, GetNextBuyablePlot picker
11, 9, 3, 2072268997, sync, Random Direction
11, 7, 3, 1699781146, sync, Random Direction
11, 3, 0, 2086779211, sync, GetNextBuyablePlot picker
11, 13, 9, 387116840, sync, Random Direction
11, 10, 3, 3101570113, sync, Random Direction
11, 1, 0, 1439579622, sync, GetNextBuyablePlot picker
11, 6, 3, 2777718567, sync, Random Direction
11, 9, 0, 2386286036, sync, Random Direction
11, 1, 0, 10015613, sync, GetNextBuyablePlot picker
11, 2, 1, 556814962, sync, Random Direction
11, 5, 0, 2430469827, sync, Random Direction
11, 1, 0, 308968256, sync, GetNextBuyablePlot picker
11, 4, 3, 3697551993, sync, Random Direction
11, 7, 0, 3995935678, sync, Random Direction
11, 1, 0, 219171871, sync, GetNextBuyablePlot picker
11, 6, 3, 1176243052, sync, Random Direction
11, 7, 3, 2801005877, sync, Random Direction
11, 1, 0, 2257829322, sync, GetNextBuyablePlot picker
11, 7, 0, 1693944635, sync, Random Direction
11, 7, 6, 343175768, sync, Random Direction
11, 1, 0, 4168855473, sync, GetNextBuyablePlot picker
11, 9, 4, 1343745174, sync, Random Direction
11, 8, 3, 1984536599, sync, Random Direction
11, 1, 0, 1961516036, sync, GetNextBuyablePlot picker
11, 6, 0, 1592432109, sync, Random Direction
11, 6, 2, 98450466, sync, Random Direction
11, 2, 1, 1514022579, sync, GetNextBuyablePlot picker
11, 1, 0, 3182638192, sync, Random Direction
11, 7, 3, 1575461865, sync, Random Direction
11, 2, 1, 2127034478, sync, GetNextBuyablePlot picker
11, 14, 9, 4226448143, sync, Random Direction
11, 12, 5, 2968463260, sync, Random Direction
11, 1, 0, 1921881509, sync, GetNextBuyablePlot picker
11, 5, 3, 2357144954, sync, Random Direction
11, 4, 0, 3093149995, sync, Random Direction
11, 1, 0, 815079816, sync, GetNextBuyablePlot picker
11, 1, 0, 2531714849, sync, GetNextBuyablePlot picker
11, 1, 0, 3208816454, sync, GetNextBuyablePlot picker
11, 1, 0, 3833380103, sync, GetNextBuyablePlot picker
11, 1, 0, 1159646772, sync, GetNextBuyablePlot picker
11, 2, 1, 2167002205, sync, GetNextBuyablePlot picker
11, 1, 0, 2591158738, sync, GetNextBuyablePlot picker
11, 130, 115, 3567133347, sync, Random Volcano
11, 4, 2, 3807680928, sync, Random Lake Range
11, 200, 104, 2595510617, sync, Random River
11, 199, 150, 2245613854, sync, Random River
11, 3000, 1811, 3253093887, sync, Choosing a Goody Hut Type
11, 75, 31, 2593763276, sync, Choosing a Sub Type
11, 198, 104, 1791504917, sync, Random River
11, 3, 1, 2277370154, sync, Random Sea
11, 3, 0, 2841854747, sync, Random Sea
11, 2800, 2636, 530054328, sync, Choosing a Goody Hut Type
11, 40, 23, 4043758225, sync, Choosing a Sub Type
11, 4600, 16, 2477354486, sync, Choosing a Goody Hut Type
11, 55, 17, 15267319, sync, Choosing a Sub Type
11, 3, 0, 1378626660, sync, Choosing random civic boost to grant based on era
11, 36, 35, 732794573, sync, Choosing a Citizen Name
11, 197, 170, 4193678210, sync, Random River
11, 5200, 1131, 3719101075, sync, Choosing a Goody Hut Type
11, 85, 65, 934390480, sync, Choosing a Sub Type
11, 6, 1, 3314633417, sync, Selecting a random new quest
11, 4, 3, 1142703566, sync, Choosing random unit type for Train Unit quest
11, 6, 0, 3902975215, sync, Selecting a random new quest
11, 6, 3, 231646204, sync, Selecting a random new quest
11, 4, 2, 2816133765, sync, Choosing random tech type for Trigger Tech Boost quest
11, 6, 1, 2310729946, sync, Selecting a random new quest
11, 4, 1, 1016539403, sync, Choosing random unit type for Train Unit quest
11, 6, 5, 1684014056, sync, Selecting a random new quest
11, 5, 0, 3951200769, sync, Choosing random class type for Recruit Great Person Class quest
11, 5, 0, 174538918, sync, Random Lake Range
11, 34, 31, 168643303, sync, Choosing a Citizen Name
11, 36, 14, 3928323732, sync, Choosing a Citizen Name
11, 36, 21, 1720501565, sync, Choosing a Citizen Name
