Game Turn, Mode, Player, Unit, Operation
Unit operation handler f4921fdc, is disabled
Unit operation handler a92585ad, is disabled
Unit operation handler 6e290af6, is disabled
Unit operation handler 8c676517, is disabled
001, Adding, 4, UNIT_SETTLER (65536), UNITOPERATION_MOVE_TO (19)
001, Can't Start, 4, UNIT_SETTLER (65536), UNITOPERATION_MOVE_TO (19)
001, Adding, 4, UNIT_SETTLER (65536), UNITOPERATION_FOUND_CITY (14)
001, Adding, 4, UNIT_AZTEC_EAGLE_WARRIOR (131073), UNITOPERATION_MOVE_TO (19)
001, Adding, 4, UNIT_AZTEC_EAGLE_WARRIOR (131073), UNITOPERATION_SKIP_TURN (36)
001, Adding, 5, UNIT_SETTLER (65536), UNITOPERATION_MOVE_TO (19)
001, Adding, 5, UNIT_SETTLER (65536), UNITOPERATION_FOUND_CITY (14)
001, Adding, 5, UNIT_WARRIOR (131073), UNITOPERATION_MOVE_TO (19)
001, Adding, 6, UNIT_SETTLER (65536), UNITOPERATION_MOVE_TO (19)
001, Adding, 6, UNIT_SETTLER (65536), UNITOPERATION_FOUND_CITY (14)
001, Adding, 6, UNIT_WARRIOR (131073), UNITOPERATION_MOVE_TO (19)
001, Adding, 6, UNIT_WARRIOR (131073), UNITOPERATION_MOVE_TO (19)
001, Adding, 7, UNIT_SETTLER (65536), UNITOPERATION_MOVE_TO (19)
001, Can't Start, 7, UNIT_SETTLER (65536), UNITOPERATION_MOVE_TO (19)
001, Adding, 7, UNIT_SETTLER (65536), UNITOPERATION_FOUND_CITY (14)
001, Adding, 7, UNIT_WARRIOR (131073), UNITOPERATION_MOVE_TO (19)
001, Adding, 7, UNIT_WARRIOR (131073), UNITOPERATION_MOVE_TO (19)
001, Adding, 8, UNIT_SETTLER (65536), UNITOPERATION_FOUND_CITY (14)
001, Adding, 8, UNIT_WARRIOR (131073), UNITOPERATION_SKIP_TURN (36)
001, Adding, 8, UNIT_WARRIOR (196610), UNITOPERATION_SKIP_TURN (36)
001, Adding, 9, UNIT_SETTLER (65536), UNITOPERATION_FOUND_CITY (14)
001, Adding, 9, UNIT_WARRIOR (131073), UNITOPERATION_SKIP_TURN (36)
001, Adding, 9, UNIT_WARRIOR (196610), UNITOPERATION_SKIP_TURN (36)
001, Adding, 10, UNIT_SETTLER (65536), UNITOPERATION_FOUND_CITY (14)
001, Adding, 10, UNIT_WARRIOR (131073), UNITOPERATION_SKIP_TURN (36)
001, Adding, 10, UNIT_WARRIOR (196610), UNITOPERATION_SKIP_TURN (36)
001, Adding, 11, UNIT_SETTLER (65536), UNITOPERATION_FOUND_CITY (14)
001, Adding, 11, UNIT_WARRIOR (131073), UNITOPERATION_SKIP_TURN (36)
001, Adding, 11, UNIT_WARRIOR (196610), UNITOPERATION_SKIP_TURN (36)
001, Adding, 12, UNIT_SETTLER (65536), UNITOPERATION_FOUND_CITY (14)
001, Adding, 12, UNIT_WARRIOR (131073), UNITOPERATION_SKIP_TURN (36)
001, Adding, 12, UNIT_WARRIOR (196610), UNITOPERATION_SKIP_TURN (36)
001, Adding, 13, UNIT_SETTLER (65536), UNITOPERATION_FOUND_CITY (14)
001, Adding, 13, UNIT_WARRIOR (131073), UNITOPERATION_SKIP_TURN (36)
001, Adding, 13, UNIT_WARRIOR (196610), UNITOPERATION_SKIP_TURN (36)
001, Adding, 14, UNIT_SETTLER (65536), UNITOPERATION_FOUND_CITY (14)
001, Adding, 14, UNIT_WARRIOR (131073), UNITOPERATION_SKIP_TURN (36)
001, Adding, 14, UNIT_WARRIOR (196610), UNITOPERATION_SKIP_TURN (36)
001, Adding, 15, UNIT_SETTLER (65536), UNITOPERATION_FOUND_CITY (14)
001, Adding, 15, UNIT_WARRIOR (131073), UNITOPERATION_SKIP_TURN (36)
001, Adding, 15, UNIT_WARRIOR (196610), UNITOPERATION_SKIP_TURN (36)
001, Adding, 16, UNIT_SETTLER (65536), UNITOPERATION_FOUND_CITY (14)
001, Adding, 16, UNIT_WARRIOR (131073), UNITOPERATION_SKIP_TURN (36)
001, Adding, 16, UNIT_WARRIOR (196610), UNITOPERATION_SKIP_TURN (36)
001, Adding, 17, UNIT_SETTLER (65536), UNITOPERATION_FOUND_CITY (14)
001, Adding, 17, UNIT_WARRIOR (131073), UNITOPERATION_SKIP_TURN (36)
001, Adding, 17, UNIT_WARRIOR (196610), UNITOPERATION_SKIP_TURN (36)
001, Adding, 3, UNIT_WARRIOR (131073), UNITOPERATION_MOVE_TO (19)
001, Adding, 3, UNIT_WARRIOR (131073), UNITOPERATION_MOVE_TO (19)
001, Adding, 2, UNIT_SETTLER (65536), UNITOPERATION_MOVE_TO (19)
001, Adding, 1, UNIT_WARRIOR (131073), UNITOPERATION_MOVE_TO (19)
001, Adding, 2, UNIT_SETTLER (65536), UNITOPERATION_FOUND_CITY (14)
001, Adding, 1, UNIT_SETTLER (65536), UNITOPERATION_MOVE_TO (19)
001, Adding, 1, UNIT_SETTLER (65536), UNITOPERATION_FOUND_CITY (14)
001, Adding, 3, UNIT_SETTLER (65536), UNITOPERATION_MOVE_TO (19)
001, Adding, 3, UNIT_SETTLER (65536), UNITOPERATION_FOUND_CITY (14)
001, Adding, 0, UNIT_SETTLER (65536), UNITOPERATION_MOVE_TO (19)
001, Adding, 0, UNIT_SETTLER (65536), UNITOPERATION_FOUND_CITY (14)
001, Adding, 0, UNIT_WARRIOR (131073), UNITOPERATION_MOVE_TO (19)
001, Adding, 2, UNIT_WARRIOR (131073), UNITOPERATION_MOVE_TO (19)
001, Adding, 1, UNIT_WARRIOR (131073), UNITOPERATION_MOVE_TO (19)
002, Adding, 4, UNIT_AZTEC_EAGLE_WARRIOR (131073), UNITOPERATION_MOVE_TO (19)
002, Adding, 4, UNIT_SETTLER (196610), UNITOPERATION_SWAP_UNITS (49)
002, Can't Start, 4, UNIT_SETTLER (196610), UNITOPERATION_SWAP_UNITS (49)
002, Adding, 4, UNIT_SETTLER (196610), UNITOPERATION_MOVE_TO (19)
002, Adding, 4, UNIT_SETTLER (196610), UNITOPERATION_MOVE_TO (19)
002, Adding, 4, UNIT_SETTLER (196610), UNITOPERATION_MOVE_TO (19)
002, Adding, 4, UNIT_AZTEC_EAGLE_WARRIOR (131073), UNITOPERATION_MOVE_TO (19)
002, Can't Start, 4, UNIT_AZTEC_EAGLE_WARRIOR (131073), UNITOPERATION_MOVE_TO (19)
002, Adding, 4, UNIT_SCOUT (262147), UNITOPERATION_MOVE_TO (19)
002, Adding, 4, UNIT_SCOUT (262147), UNITOPERATION_MOVE_TO (19)
002, Can't Start, 4, UNIT_AZTEC_EAGLE_WARRIOR (131073), UNITOPERATION_MOVE_TO (19)
002, Adding, 5, UNIT_WARRIOR (131073), UNITOPERATION_MOVE_TO (19)
002, Adding, 5, UNIT_SETTLER (196610), UNITOPERATION_SWAP_UNITS (49)
002, Can't Start, 5, UNIT_SETTLER (196610), UNITOPERATION_SWAP_UNITS (49)
002, Adding, 5, UNIT_SETTLER (196610), UNITOPERATION_MOVE_TO (19)
002, Adding, 5, UNIT_SETTLER (196610), UNITOPERATION_MOVE_TO (19)
002, Adding, 5, UNIT_WARRIOR (131073), UNITOPERATION_MOVE_TO (19)
002, Adding, 5, UNIT_CREE_OKIHTCITAW (262147), UNITOPERATION_MOVE_TO (19)
002, Adding, 6, UNIT_WARRIOR (131073), UNITOPERATION_MOVE_TO (19)
002, Adding, 6, UNIT_SETTLER (196610), UNITOPERATION_SWAP_UNITS (49)
002, Can't Start, 6, UNIT_SETTLER (196610), UNITOPERATION_SWAP_UNITS (49)
002, Adding, 6, UNIT_SETTLER (196610), UNITOPERATION_MOVE_TO (19)
002, Adding, 6, UNIT_SETTLER (196610), UNITOPERATION_MOVE_TO (19)
002, Adding, 6, UNIT_SETTLER (196610), UNITOPERATION_MOVE_TO (19)
002, Adding, 6, UNIT_WARRIOR (131073), UNITOPERATION_MOVE_TO (19)
002, Adding, 6, UNIT_SCOUT (262147), UNITOPERATION_MOVE_TO (19)
002, Adding, 7, UNIT_WARRIOR (131073), UNITOPERATION_MOVE_TO (19)
002, Adding, 7, UNIT_SETTLER (196610), UNITOPERATION_SWAP_UNITS (49)
002, Can't Start, 7, UNIT_SETTLER (196610), UNITOPERATION_SWAP_UNITS (49)
002, Adding, 7, UNIT_SETTLER (196610), UNITOPERATION_MOVE_TO (19)
002, Adding, 7, UNIT_SETTLER (196610), UNITOPERATION_MOVE_TO (19)
002, Adding, 7, UNIT_SETTLER (196610), UNITOPERATION_MOVE_TO (19)
002, Can't Start, 7, UNIT_SETTLER (196610), UNITOPERATION_MOVE_TO (19)
002, Adding, 7, UNIT_WARRIOR (131073), UNITOPERATION_MOVE_TO (19)
002, Can't Start, 7, UNIT_WARRIOR (131073), UNITOPERATION_MOVE_TO (19)
002, Adding, 7, UNIT_SETTLER (196610), UNITOPERATION_MOVE_TO (19)
002, Adding, 7, UNIT_WARRIOR (131073), UNITOPERATION_MOVE_TO (19)
002, Adding, 7, UNIT_SCOUT (262147), UNITOPERATION_MOVE_TO (19)
002, Adding, 8, UNIT_WARRIOR (131073), UNITOPERATION_MOVE_TO (19)
002, Adding, 8, UNIT_WARRIOR (196610), UNITOPERATION_MOVE_TO (19)
002, Adding, 9, UNIT_WARRIOR (131073), UNITOPERATION_MOVE_TO (19)
002, Adding, 9, UNIT_WARRIOR (196610), UNITOPERATION_MOVE_TO (19)
002, Adding, 10, UNIT_WARRIOR (131073), UNITOPERATION_MOVE_TO (19)
002, Adding, 10, UNIT_WARRIOR (196610), UNITOPERATION_MOVE_TO (19)
002, Adding, 11, UNIT_WARRIOR (131073), UNITOPERATION_MOVE_TO (19)
002, Adding, 11, UNIT_WARRIOR (196610), UNITOPERATION_MOVE_TO (19)
002, Adding, 12, UNIT_WARRIOR (131073), UNITOPERATION_MOVE_TO (19)
002, Adding, 12, UNIT_WARRIOR (196610), UNITOPERATION_MOVE_TO (19)
002, Adding, 13, UNIT_WARRIOR (131073), UNITOPERATION_MOVE_TO (19)
002, Adding, 13, UNIT_WARRIOR (196610), UNITOPERATION_MOVE_TO (19)
002, Adding, 14, UNIT_WARRIOR (131073), UNITOPERATION_MOVE_TO (19)
002, Adding, 14, UNIT_WARRIOR (196610), UNITOPERATION_MOVE_TO (19)
002, Adding, 15, UNIT_WARRIOR (131073), UNITOPERATION_MOVE_TO (19)
002, Adding, 15, UNIT_WARRIOR (196610), UNITOPERATION_MOVE_TO (19)
002, Adding, 16, UNIT_WARRIOR (131073), UNITOPERATION_MOVE_TO (19)
002, Adding, 16, UNIT_WARRIOR (196610), UNITOPERATION_MOVE_TO (19)
002, Adding, 17, UNIT_WARRIOR (131073), UNITOPERATION_MOVE_TO (19)
002, Adding, 17, UNIT_WARRIOR (196610), UNITOPERATION_MOVE_TO (19)
002, Adding, 0, UNIT_WARRIOR (131073), UNITOPERATION_MOVE_TO (19)
002, Adding, 3, UNIT_WARRIOR (131073), UNITOPERATION_MOVE_TO (19)
002, Adding, 0, UNIT_WARRIOR (131073), UNITOPERATION_MOVE_TO (19)
002, Adding, 1, UNIT_WARRIOR (131073), UNITOPERATION_MOVE_TO (19)
002, Adding, 2, UNIT_WARRIOR (131073), UNITOPERATION_MOVE_TO (19)
002, Adding, 1, UNIT_WARRIOR (131073), UNITOPERATION_MOVE_TO (19)
002, Adding, 3, UNIT_WARRIOR (131073), UNITOPERATION_MOVE_TO (19)
002, Adding, 1, UNIT_WARRIOR (131073), UNITOPERATION_MOVE_TO (19)
002, Adding, 1, UNIT_WARRIOR (131073), UNITOPERATION_MOVE_TO (19)
003, Adding, 4, UNIT_SETTLER (196610), UNITOPERATION_MOVE_TO (19)
003, Adding, 4, UNIT_AZTEC_EAGLE_WARRIOR (131073), UNITOPERATION_MOVE_TO (19)
003, Can't Start, 4, UNIT_AZTEC_EAGLE_WARRIOR (131073), UNITOPERATION_MOVE_TO (19)
003, Adding, 4, UNIT_SETTLER (196610), UNITOPERATION_MOVE_TO (19)
003, Adding, 4, UNIT_AZTEC_EAGLE_WARRIOR (131073), UNITOPERATION_MOVE_TO (19)
003, Adding, 4, UNIT_SCOUT (262147), UNITOPERATION_MOVE_TO (19)
003, Adding, 4, UNIT_SCOUT (262147), UNITOPERATION_MOVE_TO (19)
003, Adding, 5, UNIT_SETTLER (196610), UNITOPERATION_MOVE_TO (19)
003, Adding, 5, UNIT_WARRIOR (131073), UNITOPERATION_MOVE_TO (19)
003, Can't Start, 5, UNIT_WARRIOR (131073), UNITOPERATION_MOVE_TO (19)
003, Adding, 5, UNIT_SETTLER (196610), UNITOPERATION_MOVE_TO (19)
003, Adding, 5, UNIT_SETTLER (196610), UNITOPERATION_FOUND_CITY (14)
003, Can't Start, 5, UNIT_SETTLER (196610), UNITOPERATION_FOUND_CITY (14)
003, Adding, 5, UNIT_BUILDER (327680), UNITOPERATION_SWAP_UNITS (49)
003, Adding, 5, UNIT_BUILDER (327680), UNITOPERATION_MOVE_TO (19)
003, Can't Start, 5, UNIT_BUILDER (327680), UNITOPERATION_MOVE_TO (19)
003, Adding, 5, UNIT_BUILDER (327680), UNITOPERATION_BUILD_IMPROVEMENT (2)
003, Adding, 6, UNIT_SETTLER (196610), UNITOPERATION_MOVE_TO (19)
003, Adding, 6, UNIT_WARRIOR (131073), UNITOPERATION_MOVE_TO (19)
003, Can't Start, 6, UNIT_WARRIOR (131073), UNITOPERATION_MOVE_TO (19)
003, Adding, 6, UNIT_SETTLER (196610), UNITOPERATION_MOVE_TO (19)
003, Adding, 6, UNIT_SCOUT (262147), UNITOPERATION_MOVE_TO (19)
003, Adding, 6, UNIT_SCOUT (262147), UNITOPERATION_MOVE_TO (19)
003, Adding, 7, UNIT_SETTLER (196610), UNITOPERATION_MOVE_TO (19)
003, Adding, 7, UNIT_WARRIOR (131073), UNITOPERATION_MOVE_TO (19)
003, Adding, 7, UNIT_SCOUT (262147), UNITOPERATION_MOVE_TO (19)
003, Adding, 7, UNIT_SCOUT (262147), UNITOPERATION_MOVE_TO (19)
003, Adding, 8, UNIT_WARRIOR (131073), UNITOPERATION_MOVE_TO (19)
003, Adding, 8, UNIT_WARRIOR (196610), UNITOPERATION_MOVE_TO (19)
003, Adding, 9, UNIT_WARRIOR (131073), UNITOPERATION_MOVE_TO (19)
003, Adding, 9, UNIT_WARRIOR (196610), UNITOPERATION_MOVE_TO (19)
003, Adding, 10, UNIT_WARRIOR (131073), UNITOPERATION_MOVE_TO (19)
003, Adding, 10, UNIT_WARRIOR (196610), UNITOPERATION_MOVE_TO (19)
003, Adding, 11, UNIT_WARRIOR (131073), UNITOPERATION_MOVE_TO (19)
003, Adding, 11, UNIT_WARRIOR (196610), UNITOPERATION_MOVE_TO (19)
003, Adding, 12, UNIT_WARRIOR (131073), UNITOPERATION_MOVE_TO (19)
003, Adding, 12, UNIT_WARRIOR (196610), UNITOPERATION_MOVE_TO (19)
003, Adding, 13, UNIT_WARRIOR (131073), UNITOPERATION_MOVE_TO (19)
003, Adding, 13, UNIT_WARRIOR (196610), UNITOPERATION_MOVE_TO (19)
003, Adding, 14, UNIT_WARRIOR (131073), UNITOPERATION_MOVE_TO (19)
003, Adding, 14, UNIT_WARRIOR (196610), UNITOPERATION_MOVE_TO (19)
003, Adding, 15, UNIT_WARRIOR (131073), UNITOPERATION_MOVE_TO (19)
003, Adding, 15, UNIT_WARRIOR (196610), UNITOPERATION_MOVE_TO (19)
003, Adding, 16, UNIT_WARRIOR (131073), UNITOPERATION_MOVE_TO (19)
003, Adding, 16, UNIT_WARRIOR (196610), UNITOPERATION_MOVE_TO (19)
003, Adding, 17, UNIT_WARRIOR (131073), UNITOPERATION_MOVE_TO (19)
003, Adding, 17, UNIT_WARRIOR (196610), UNITOPERATION_MOVE_TO (19)
003, Adding, 3, UNIT_WARRIOR (131073), UNITOPERATION_MOVE_TO (19)
003, Adding, 0, UNIT_WARRIOR (131073), UNITOPERATION_MOVE_TO (19)
003, Adding, 0, UNIT_WARRIOR (131073), UNITOPERATION_MOVE_TO (19)
003, Adding, 1, UNIT_WARRIOR (131073), UNITOPERATION_MOVE_TO (19)
003, Adding, 2, UNIT_WARRIOR (131073), UNITOPERATION_MOVE_TO (19)
003, Adding, 3, UNIT_WARRIOR (131073), UNITOPERATION_MOVE_TO (19)
003, Adding, 3, UNIT_VAMPIRE (196608), UNITOPERATION_MOVE_TO (19)
003, Adding, 3, UNIT_VAMPIRE (196608), UNITOPERATION_MOVE_TO (19)
004, Adding, 4, UNIT_SETTLER (196610), UNITOPERATION_MOVE_TO (19)
004, Adding, 4, UNIT_AZTEC_EAGLE_WARRIOR (131073), UNITOPERATION_MOVE_TO (19)
004, Adding, 4, UNIT_BUILDER (327680), UNITOPERATION_SWAP_UNITS (49)
004, Can't Start, 4, UNIT_BUILDER (327680), UNITOPERATION_SWAP_UNITS (49)
004, Adding, 4, UNIT_BUILDER (327680), UNITOPERATION_MOVE_TO (19)
004, Adding, 4, UNIT_BUILDER (327680), UNITOPERATION_BUILD_IMPROVEMENT (2)
004, Can't Start, 4, UNIT_BUILDER (327680), UNITOPERATION_BUILD_IMPROVEMENT (2)
004, Adding, 4, UNIT_SCOUT (262147), UNITOPERATION_MOVE_TO (19)
004, Adding, 4, UNIT_SCOUT (262147), UNITOPERATION_MOVE_TO (19)
004, Can't Start, 4, UNIT_BUILDER (327680), UNITOPERATION_BUILD_IMPROVEMENT (2)
004, Adding, 5, UNIT_VAMPIRE (393220), UNITOPERATION_MOVE_TO (19)
004, Adding, 5, UNIT_SETTLER (196610), UNITOPERATION_MOVE_TO (19)
004, Adding, 5, UNIT_SETTLER (196610), UNITOPERATION_MOVE_TO (19)
004, Adding, 5, UNIT_VAMPIRE (393220), UNITOPERATION_MOVE_TO (19)
004, Adding, 5, UNIT_WARRIOR (131073), UNITOPERATION_MOVE_TO (19)
004, Adding, 5, UNIT_BUILDER (327680), UNITOPERATION_MOVE_TO (19)
004, Adding, 5, UNIT_CREE_OKIHTCITAW (262147), UNITOPERATION_MOVE_TO (19)
004, Adding, 5, UNIT_CREE_OKIHTCITAW (262147), UNITOPERATION_MOVE_TO (19)
004, Adding, 5, UNIT_CREE_OKIHTCITAW (262147), UNITOPERATION_MOVE_TO (19)
004, Adding, 6, UNIT_SETTLER (196610), UNITOPERATION_MOVE_TO (19)
004, Adding, 6, UNIT_WARRIOR (131073), UNITOPERATION_MOVE_TO (19)
004, Adding, 6, UNIT_BUILDER (327680), UNITOPERATION_SWAP_UNITS (49)
004, Can't Start, 6, UNIT_BUILDER (327680), UNITOPERATION_SWAP_UNITS (49)
004, Adding, 6, UNIT_BUILDER (327680), UNITOPERATION_MOVE_TO (19)
004, Adding, 6, UNIT_BUILDER (327680), UNITOPERATION_BUILD_IMPROVEMENT (2)
004, Adding, 6, UNIT_SCOUT (262147), UNITOPERATION_MOVE_TO (19)
004, Adding, 6, UNIT_SCOUT (262147), UNITOPERATION_MOVE_TO (19)
004, Adding, 6, UNIT_SCOUT (262147), UNITOPERATION_MOVE_TO (19)
004, Adding, 6, UNIT_SCOUT (262147), UNITOPERATION_MOVE_TO (19)
004, Adding, 7, UNIT_SETTLER (196610), UNITOPERATION_MOVE_TO (19)
004, Adding, 7, UNIT_WARRIOR (131073), UNITOPERATION_MOVE_TO (19)
004, Adding, 7, UNIT_SCOUT (262147), UNITOPERATION_MOVE_TO (19)
004, Adding, 7, UNIT_SCOUT (262147), UNITOPERATION_MOVE_TO (19)
004, Adding, 7, UNIT_SCOUT (262147), UNITOPERATION_MOVE_TO (19)
004, Adding, 7, UNIT_SCOUT (262147), UNITOPERATION_MOVE_TO (19)
004, Adding, 7, UNIT_SCOUT (262147), UNITOPERATION_MOVE_TO (19)
004, Adding, 8, UNIT_WARRIOR (131073), UNITOPERATION_MOVE_TO (19)
004, Adding, 8, UNIT_WARRIOR (196610), UNITOPERATION_MOVE_TO (19)
004, Adding, 9, UNIT_WARRIOR (131073), UNITOPERATION_MOVE_TO (19)
004, Adding, 9, UNIT_WARRIOR (196610), UNITOPERATION_MOVE_TO (19)
004, Adding, 10, UNIT_WARRIOR (131073), UNITOPERATION_MOVE_TO (19)
004, Adding, 10, UNIT_WARRIOR (196610), UNITOPERATION_MOVE_TO (19)
004, Adding, 11, UNIT_WARRIOR (131073), UNITOPERATION_MOVE_TO (19)
004, Adding, 11, UNIT_WARRIOR (196610), UNITOPERATION_MOVE_TO (19)
004, Adding, 12, UNIT_WARRIOR (131073), UNITOPERATION_MOVE_TO (19)
004, Adding, 12, UNIT_WARRIOR (196610), UNITOPERATION_MOVE_TO (19)
004, Adding, 13, UNIT_WARRIOR (131073), UNITOPERATION_MOVE_TO (19)
004, Adding, 13, UNIT_WARRIOR (196610), UNITOPERATION_MOVE_TO (19)
004, Adding, 14, UNIT_WARRIOR (131073), UNITOPERATION_MOVE_TO (19)
004, Adding, 14, UNIT_WARRIOR (196610), UNITOPERATION_MOVE_TO (19)
004, Adding, 15, UNIT_WARRIOR (131073), UNITOPERATION_MOVE_TO (19)
004, Adding, 15, UNIT_WARRIOR (196610), UNITOPERATION_MOVE_TO (19)
004, Adding, 16, UNIT_WARRIOR (131073), UNITOPERATION_MOVE_TO (19)
004, Adding, 16, UNIT_WARRIOR (196610), UNITOPERATION_MOVE_TO (19)
004, Adding, 17, UNIT_WARRIOR (131073), UNITOPERATION_MOVE_TO (19)
004, Adding, 17, UNIT_WARRIOR (196610), UNITOPERATION_MOVE_TO (19)
004, Adding, 0, UNIT_WARRIOR (131073), UNITOPERATION_MOVE_TO (19)
004, Adding, 2, UNIT_WARRIOR (131073), UNITOPERATION_MOVE_TO (19)
004, Adding, 0, UNIT_SCOUT (196608), UNITOPERATION_MOVE_TO (19)
004, Adding, 0, UNIT_SCOUT (196608), UNITOPERATION_MOVE_TO (19)
004, Adding, 3, UNIT_WARRIOR (131073), UNITOPERATION_MOVE_TO (19)
004, Adding, 1, UNIT_BABYLONIAN_SABUM_KIBITTUM (196608), UNITOPERATION_MOVE_TO (19)
004, Adding, 0, UNIT_SCOUT (196608), UNITOPERATION_MOVE_TO (19)
004, Adding, 1, UNIT_BABYLONIAN_SABUM_KIBITTUM (196608), UNITOPERATION_MOVE_TO (19)
004, Adding, 1, UNIT_BABYLONIAN_SABUM_KIBITTUM (196608), UNITOPERATION_MOVE_TO (19)
004, Adding, 1, UNIT_BABYLONIAN_SABUM_KIBITTUM (196608), UNITOPERATION_MOVE_TO (19)
004, Adding, 3, UNIT_SCOUT (262146), UNITOPERATION_MOVE_TO (19)
004, Adding, 3, UNIT_SCOUT (262146), UNITOPERATION_MOVE_TO (19)
004, Adding, 3, UNIT_SCOUT (262146), UNITOPERATION_MOVE_TO (19)
004, Adding, 1, UNIT_WARRIOR (131073), UNITOPERATION_MOVE_TO (19)
004, Adding, 1, UNIT_WARRIOR (131073), UNITOPERATION_MOVE_TO (19)
004, Adding, 3, UNIT_VAMPIRE (196608), UNITOPERATION_MOVE_TO (19)
004, Adding, 1, UNIT_WARRIOR (131073), UNITOPERATION_MOVE_TO (19)
004, Adding, 3, UNIT_VAMPIRE (196608), UNITOPERATION_MOVE_TO (19)
005, Adding, 4, UNIT_SETTLER (196610), UNITOPERATION_MOVE_TO (19)
005, Adding, 4, UNIT_AZTEC_EAGLE_WARRIOR (131073), UNITOPERATION_MOVE_TO (19)
005, Can't Start, 4, UNIT_AZTEC_EAGLE_WARRIOR (131073), UNITOPERATION_MOVE_TO (19)
005, Adding, 4, UNIT_SETTLER (196610), UNITOPERATION_FOUND_CITY (14)
005, Adding, 4, UNIT_BUILDER (327680), UNITOPERATION_BUILD_IMPROVEMENT (2)
005, Can't Start, 4, UNIT_BUILDER (327680), UNITOPERATION_BUILD_IMPROVEMENT (2)
005, Adding, 4, UNIT_SCOUT (262147), UNITOPERATION_MOVE_TO (19)
005, Adding, 4, UNIT_SCOUT (262147), UNITOPERATION_MOVE_TO (19)
005, Adding, 4, UNIT_SCOUT (262147), UNITOPERATION_MOVE_TO (19)
005, Can't Start, 4, UNIT_SCOUT (262147), UNITOPERATION_MOVE_TO (19)
005, Adding, 4, UNIT_SCOUT (262147), UNITOPERATION_MOVE_TO (19)
005, Adding, 4, UNIT_SCOUT (262147), UNITOPERATION_MOVE_TO (19)
005, Can't Start, 4, UNIT_AZTEC_EAGLE_WARRIOR (131073), UNITOPERATION_MOVE_TO (19)
005, Adding, 5, UNIT_SETTLER (196610), UNITOPERATION_MOVE_TO (19)
005, Adding, 5, UNIT_VAMPIRE (393220), UNITOPERATION_MOVE_TO (19)
005, Adding, 5, UNIT_SETTLER (196610), UNITOPERATION_FOUND_CITY (14)
005, Adding, 5, UNIT_WARRIOR (131073), UNITOPERATION_MOVE_TO (19)
005, Adding, 5, UNIT_CREE_OKIHTCITAW (262147), UNITOPERATION_MOVE_TO (19)
005, Adding, 5, UNIT_BUILDER (327680), UNITOPERATION_MOVE_TO (19)
005, Adding, 5, UNIT_BUILDER (327680), UNITOPERATION_MOVE_TO (19)
005, Adding, 5, UNIT_BUILDER (327680), UNITOPERATION_MOVE_TO (19)
005, Adding, 5, UNIT_BUILDER (458757), UNITOPERATION_MOVE_TO (19)
005, Adding, 6, UNIT_SETTLER (196610), UNITOPERATION_MOVE_TO (19)
005, Adding, 6, UNIT_WARRIOR (131073), UNITOPERATION_MOVE_TO (19)
005, Adding, 6, UNIT_BUILDER (327680), UNITOPERATION_SWAP_UNITS (49)
005, Can't Start, 6, UNIT_BUILDER (327680), UNITOPERATION_SWAP_UNITS (49)
005, Adding, 6, UNIT_BUILDER (327680), UNITOPERATION_MOVE_TO (19)
005, Adding, 6, UNIT_BUILDER (327680), UNITOPERATION_BUILD_IMPROVEMENT (2)
005, Adding, 6, UNIT_SCOUT (262147), UNITOPERATION_MOVE_TO (19)
005, Adding, 6, UNIT_SCOUT (262147), UNITOPERATION_MOVE_TO (19)
005, Adding, 6, UNIT_SCOUT (262147), UNITOPERATION_MOVE_TO (19)
005, Adding, 6, UNIT_SCOUT (262147), UNITOPERATION_MOVE_TO (19)
005, Adding, 6, UNIT_SCOUT (393220), UNITOPERATION_MOVE_TO (19)
005, Adding, 7, UNIT_SETTLER (196610), UNITOPERATION_MOVE_TO (19)
005, Adding, 7, UNIT_WARRIOR (131073), UNITOPERATION_MOVE_TO (19)
005, Adding, 7, UNIT_BUILDER (327680), UNITOPERATION_SWAP_UNITS (49)
005, Can't Start, 7, UNIT_BUILDER (327680), UNITOPERATION_SWAP_UNITS (49)
005, Adding, 7, UNIT_BUILDER (327680), UNITOPERATION_MOVE_TO (19)
005, Adding, 7, UNIT_BUILDER (327680), UNITOPERATION_BUILD_IMPROVEMENT (2)
005, Can't Start, 7, UNIT_BUILDER (327680), UNITOPERATION_BUILD_IMPROVEMENT (2)
005, Adding, 7, UNIT_SCOUT (262147), UNITOPERATION_MOVE_TO (19)
005, Adding, 7, UNIT_SCOUT (262147), UNITOPERATION_MOVE_TO (19)
005, Adding, 7, UNIT_SCOUT (262147), UNITOPERATION_MOVE_TO (19)
005, Adding, 7, UNIT_SCOUT (262147), UNITOPERATION_MOVE_TO (19)
005, Adding, 7, UNIT_SCOUT (262147), UNITOPERATION_MOVE_TO (19)
005, Can't Start, 7, UNIT_BUILDER (327680), UNITOPERATION_BUILD_IMPROVEMENT (2)
005, Adding, 8, UNIT_BUILDER (262144), UNITOPERATION_SWAP_UNITS (49)
005, Can't Start, 8, UNIT_BUILDER (262144), UNITOPERATION_SWAP_UNITS (49)
005, Adding, 8, UNIT_BUILDER (262144), UNITOPERATION_MOVE_TO (19)
005, Adding, 8, UNIT_BUILDER (262144), UNITOPERATION_HARVEST_RESOURCE (16)
005, Can't Start, 8, UNIT_BUILDER (262144), UNITOPERATION_HARVEST_RESOURCE (16)
005, Adding, 8, UNIT_BUILDER (262144), UNITOPERATION_BUILD_IMPROVEMENT (2)
005, Can't Start, 8, UNIT_BUILDER (262144), UNITOPERATION_BUILD_IMPROVEMENT (2)
005, Adding, 8, UNIT_WARRIOR (131073), UNITOPERATION_MOVE_TO (19)
005, Adding, 8, UNIT_WARRIOR (196610), UNITOPERATION_MOVE_TO (19)
005, Can't Start, 8, UNIT_BUILDER (262144), UNITOPERATION_BUILD_IMPROVEMENT (2)
005, Adding, 9, UNIT_WARRIOR (131073), UNITOPERATION_MOVE_TO (19)
005, Adding, 9, UNIT_WARRIOR (196610), UNITOPERATION_MOVE_TO (19)
005, Adding, 10, UNIT_WARRIOR (131073), UNITOPERATION_MOVE_TO (19)
005, Adding, 10, UNIT_WARRIOR (196610), UNITOPERATION_MOVE_TO (19)
005, Adding, 11, UNIT_BUILDER (262144), UNITOPERATION_SWAP_UNITS (49)
005, Can't Start, 11, UNIT_BUILDER (262144), UNITOPERATION_SWAP_UNITS (49)
005, Adding, 11, UNIT_BUILDER (262144), UNITOPERATION_MOVE_TO (19)
005, Adding, 11, UNIT_BUILDER (262144), UNITOPERATION_HARVEST_RESOURCE (16)
005, Can't Start, 11, UNIT_BUILDER (262144), UNITOPERATION_HARVEST_RESOURCE (16)
005, Adding, 11, UNIT_BUILDER (262144), UNITOPERATION_BUILD_IMPROVEMENT (2)
005, Can't Start, 11, UNIT_BUILDER (262144), UNITOPERATION_BUILD_IMPROVEMENT (2)
005, Adding, 11, UNIT_WARRIOR (131073), UNITOPERATION_MOVE_TO (19)
005, Adding, 11, UNIT_WARRIOR (196610), UNITOPERATION_MOVE_TO (19)
005, Can't Start, 11, UNIT_BUILDER (262144), UNITOPERATION_BUILD_IMPROVEMENT (2)
005, Adding, 12, UNIT_WARRIOR (131073), UNITOPERATION_MOVE_TO (19)
005, Adding, 12, UNIT_WARRIOR (196610), UNITOPERATION_MOVE_TO (19)
005, Adding, 13, UNIT_BUILDER (262144), UNITOPERATION_SWAP_UNITS (49)
005, Can't Start, 13, UNIT_BUILDER (262144), UNITOPERATION_SWAP_UNITS (49)
005, Adding, 13, UNIT_BUILDER (262144), UNITOPERATION_MOVE_TO (19)
005, Adding, 13, UNIT_BUILDER (262144), UNITOPERATION_REMOVE_FEATURE (28)
005, Can't Start, 13, UNIT_BUILDER (262144), UNITOPERATION_REMOVE_FEATURE (28)
005, Adding, 13, UNIT_BUILDER (262144), UNITOPERATION_BUILD_IMPROVEMENT (2)
005, Can't Start, 13, UNIT_BUILDER (262144), UNITOPERATION_BUILD_IMPROVEMENT (2)
005, Adding, 13, UNIT_WARRIOR (131073), UNITOPERATION_MOVE_TO (19)
005, Adding, 13, UNIT_WARRIOR (196610), UNITOPERATION_MOVE_TO (19)
005, Can't Start, 13, UNIT_BUILDER (262144), UNITOPERATION_BUILD_IMPROVEMENT (2)
005, Adding, 14, UNIT_WARRIOR (131073), UNITOPERATION_MOVE_TO (19)
005, Adding, 14, UNIT_WARRIOR (196610), UNITOPERATION_MOVE_TO (19)
005, Adding, 15, UNIT_WARRIOR (131073), UNITOPERATION_MOVE_TO (19)
005, Adding, 15, UNIT_WARRIOR (196610), UNITOPERATION_MOVE_TO (19)
005, Adding, 16, UNIT_BUILDER (262144), UNITOPERATION_SWAP_UNITS (49)
005, Can't Start, 16, UNIT_BUILDER (262144), UNITOPERATION_SWAP_UNITS (49)
005, Adding, 16, UNIT_BUILDER (262144), UNITOPERATION_MOVE_TO (19)
005, Adding, 16, UNIT_WARRIOR (131073), UNITOPERATION_MOVE_TO (19)
005, Adding, 16, UNIT_WARRIOR (196610), UNITOPERATION_MOVE_TO (19)
005, Adding, 17, UNIT_BUILDER (262144), UNITOPERATION_SWAP_UNITS (49)
005, Can't Start, 17, UNIT_BUILDER (262144), UNITOPERATION_SWAP_UNITS (49)
005, Adding, 17, UNIT_BUILDER (262144), UNITOPERATION_MOVE_TO (19)
005, Adding, 17, UNIT_BUILDER (262144), UNITOPERATION_BUILD_IMPROVEMENT (2)
005, Adding, 17, UNIT_WARRIOR (131073), UNITOPERATION_MOVE_TO (19)
005, Adding, 17, UNIT_WARRIOR (196610), UNITOPERATION_MOVE_TO (19)
005, Adding, 0, UNIT_WARRIOR (131073), UNITOPERATION_MOVE_TO (19)
005, Adding, 0, UNIT_WARRIOR (131073), UNITOPERATION_MOVE_TO (19)
005, Adding, 0, UNIT_SCOUT (196608), UNITOPERATION_MOVE_TO (19)
005, Adding, 0, UNIT_SCOUT (196608), UNITOPERATION_MOVE_TO (19)
005, Adding, 0, UNIT_SCOUT (196608), UNITOPERATION_MOVE_TO (19)
005, Adding, 1, UNIT_WARRIOR (131073), UNITOPERATION_MOVE_TO (19)
005, Adding, 3, UNIT_SCOUT (262146), UNITOPERATION_MOVE_TO (19)
005, Adding, 3, UNIT_SCOUT (262146), UNITOPERATION_MOVE_TO (19)
005, Adding, 2, UNIT_WARRIOR (131073), UNITOPERATION_MOVE_TO (19)
005, Adding, 2, UNIT_WARRIOR (131073), UNITOPERATION_MOVE_TO (19)
005, Adding, 1, UNIT_BUILDER (262146), UNITOPERATION_MOVE_TO (19)
005, Adding, 1, UNIT_BUILDER (262146), UNITOPERATION_BUILD_IMPROVEMENT (2)
005, Adding, 2, UNIT_SCOUT (196608), UNITOPERATION_MOVE_TO (19)
005, Adding, 1, UNIT_BABYLONIAN_SABUM_KIBITTUM (196608), UNITOPERATION_MOVE_TO (19)
005, Adding, 1, UNIT_BABYLONIAN_SABUM_KIBITTUM (196608), UNITOPERATION_MOVE_TO (19)
005, Adding, 0, UNIT_VAMPIRE (262146), UNITOPERATION_MOVE_TO (19)
005, Adding, 1, UNIT_BABYLONIAN_SABUM_KIBITTUM (196608), UNITOPERATION_MOVE_TO (19)
005, Adding, 1, UNIT_BABYLONIAN_SABUM_KIBITTUM (196608), UNITOPERATION_MOVE_TO (19)
005, Adding, 1, UNIT_BABYLONIAN_SABUM_KIBITTUM (196608), UNITOPERATION_MOVE_TO (19)
005, Adding, 1, UNIT_BABYLONIAN_SABUM_KIBITTUM (196608), UNITOPERATION_MOVE_TO (19)
005, Adding, 3, UNIT_WARRIOR (131073), UNITOPERATION_MOVE_TO (19)
005, Adding, 3, UNIT_WARRIOR (131073), UNITOPERATION_MOVE_TO (19)
005, Adding, 3, UNIT_SCOUT (262146), UNITOPERATION_MOVE_TO (19)
005, Adding, 3, UNIT_VAMPIRE (196608), UNITOPERATION_MOVE_TO (19)
005, Adding, 3, UNIT_VAMPIRE (196608), UNITOPERATION_MOVE_TO (19)
006, Adding, 4, UNIT_AZTEC_EAGLE_WARRIOR (131073), UNITOPERATION_MOVE_TO (19)
006, Adding, 4, UNIT_SETTLER (393220), UNITOPERATION_SWAP_UNITS (49)
006, Can't Start, 4, UNIT_SETTLER (393220), UNITOPERATION_SWAP_UNITS (49)
006, Adding, 4, UNIT_SETTLER (393220), UNITOPERATION_MOVE_TO (19)
006, Adding, 4, UNIT_SETTLER (393220), UNITOPERATION_MOVE_TO (19)
006, Adding, 4, UNIT_SETTLER (393220), UNITOPERATION_MOVE_TO (19)
006, Adding, 4, UNIT_AZTEC_EAGLE_WARRIOR (131073), UNITOPERATION_MOVE_TO (19)
006, Adding, 4, UNIT_BUILDER (327680), UNITOPERATION_SWAP_UNITS (49)
006, Can't Start, 4, UNIT_BUILDER (327680), UNITOPERATION_SWAP_UNITS (49)
006, Adding, 4, UNIT_BUILDER (327680), UNITOPERATION_MOVE_TO (19)
006, Adding, 4, UNIT_BUILDER (327680), UNITOPERATION_BUILD_IMPROVEMENT (2)
006, Adding, 4, UNIT_SCOUT (262147), UNITOPERATION_MOVE_TO (19)
006, Adding, 4, UNIT_SCOUT (262147), UNITOPERATION_MOVE_TO (19)
006, Adding, 4, UNIT_SCOUT (262147), UNITOPERATION_MOVE_TO (19)
006, Adding, 4, UNIT_BUILDER (524290), UNITOPERATION_MOVE_TO (19)
006, Adding, 4, UNIT_SCOUT (458757), UNITOPERATION_MOVE_TO (19)
006, Adding, 4, UNIT_BUILDER (524290), UNITOPERATION_MOVE_TO (19)
006, Adding, 4, UNIT_SCOUT (458757), UNITOPERATION_MOVE_TO (19)
006, Adding, 4, UNIT_BUILDER (524290), UNITOPERATION_SKIP_TURN (36)
006, Adding, 4, UNIT_SCOUT (458757), UNITOPERATION_SKIP_TURN (36)
006, Adding, 5, UNIT_WARRIOR (131073), UNITOPERATION_MOVE_TO (19)
006, Adding, 5, UNIT_SETTLER (524294), UNITOPERATION_SWAP_UNITS (49)
006, Can't Start, 5, UNIT_SETTLER (524294), UNITOPERATION_SWAP_UNITS (49)
006, Adding, 5, UNIT_SETTLER (524294), UNITOPERATION_MOVE_TO (19)
006, Adding, 5, UNIT_SETTLER (524294), UNITOPERATION_MOVE_TO (19)
006, Adding, 5, UNIT_WARRIOR (131073), UNITOPERATION_SWAP_UNITS (49)
006, Can't Start, 5, UNIT_WARRIOR (131073), UNITOPERATION_SWAP_UNITS (49)
006, Adding, 5, UNIT_WARRIOR (131073), UNITOPERATION_MOVE_TO (19)
006, Adding, 5, UNIT_WARRIOR (131073), UNITOPERATION_MOVE_TO (19)
006, Adding, 5, UNIT_VAMPIRE (393220), UNITOPERATION_MOVE_TO (19)
006, Adding, 5, UNIT_BUILDER (327680), UNITOPERATION_MOVE_TO (19)
006, Adding, 5, UNIT_BUILDER (327680), UNITOPERATION_MOVE_TO (19)
006, Adding, 5, UNIT_BUILDER (327680), UNITOPERATION_MOVE_TO (19)
006, Adding, 5, UNIT_CREE_OKIHTCITAW (262147), UNITOPERATION_MOVE_TO (19)
006, Adding, 5, UNIT_CREE_OKIHTCITAW (262147), UNITOPERATION_MOVE_TO (19)
006, Adding, 5, UNIT_BUILDER (458757), UNITOPERATION_SKIP_TURN (36)
006, Adding, 6, UNIT_SETTLER (196610), UNITOPERATION_MOVE_TO (19)
006, Adding, 6, UNIT_WARRIOR (131073), UNITOPERATION_MOVE_TO (19)
006, Adding, 6, UNIT_BUILDER (327680), UNITOPERATION_SWAP_UNITS (49)
006, Can't Start, 6, UNIT_BUILDER (327680), UNITOPERATION_SWAP_UNITS (49)
006, Adding, 6, UNIT_BUILDER (327680), UNITOPERATION_MOVE_TO (19)
006, Adding, 6, UNIT_BUILDER (327680), UNITOPERATION_BUILD_IMPROVEMENT (2)
006, Adding, 6, UNIT_WARRIOR (458757), UNITOPERATION_MOVE_TO (19)
006, Adding, 6, UNIT_SCOUT (262147), UNITOPERATION_MOVE_TO (19)
006, Adding, 6, UNIT_SCOUT (262147), UNITOPERATION_MOVE_TO (19)
006, Adding, 6, UNIT_SCOUT (393220), UNITOPERATION_MOVE_TO (19)
006, Adding, 6, UNIT_SCOUT (393220), UNITOPERATION_MOVE_TO (19)
006, Adding, 6, UNIT_SCOUT (393220), UNITOPERATION_MOVE_TO (19)
006, Adding, 7, UNIT_SETTLER (196610), UNITOPERATION_MOVE_TO (19)
006, Adding, 7, UNIT_WARRIOR (131073), UNITOPERATION_MOVE_TO (19)
006, Adding, 7, UNIT_BUILDER (327680), UNITOPERATION_SWAP_UNITS (49)
006, Can't Start, 7, UNIT_BUILDER (327680), UNITOPERATION_SWAP_UNITS (49)
006, Adding, 7, UNIT_BUILDER (327680), UNITOPERATION_MOVE_TO (19)
006, Adding, 7, UNIT_BUILDER (327680), UNITOPERATION_BUILD_IMPROVEMENT (2)
006, Adding, 7, UNIT_SCOUT (262147), UNITOPERATION_MOVE_TO (19)
006, Adding, 7, UNIT_SCOUT (262147), UNITOPERATION_MOVE_TO (19)
006, Adding, 7, UNIT_SCOUT (262147), UNITOPERATION_MOVE_TO (19)
006, Adding, 7, UNIT_SCOUT (262147), UNITOPERATION_MOVE_TO (19)
006, Adding, 7, UNIT_SCOUT (262147), UNITOPERATION_MOVE_TO (19)
006, Adding, 7, UNIT_SCOUT (262147), UNITOPERATION_MOVE_TO (19)
006, Adding, 8, UNIT_BUILDER (262144), UNITOPERATION_HARVEST_RESOURCE (16)
006, Can't Start, 8, UNIT_BUILDER (262144), UNITOPERATION_HARVEST_RESOURCE (16)
006, Adding, 8, UNIT_BUILDER (262144), UNITOPERATION_BUILD_IMPROVEMENT (2)
006, Can't Start, 8, UNIT_BUILDER (262144), UNITOPERATION_BUILD_IMPROVEMENT (2)
006, Adding, 8, UNIT_WARRIOR (131073), UNITOPERATION_MOVE_TO (19)
006, Adding, 8, UNIT_WARRIOR (196610), UNITOPERATION_MOVE_TO (19)
006, Adding, 9, UNIT_WARRIOR (131073), UNITOPERATION_MOVE_TO (19)
006, Adding, 9, UNIT_WARRIOR (196610), UNITOPERATION_MOVE_TO (19)
006, Adding, 10, UNIT_BUILDER (262144), UNITOPERATION_SWAP_UNITS (49)
006, Can't Start, 10, UNIT_BUILDER (262144), UNITOPERATION_SWAP_UNITS (49)
006, Adding, 10, UNIT_BUILDER (262144), UNITOPERATION_MOVE_TO (19)
006, Adding, 10, UNIT_BUILDER (262144), UNITOPERATION_BUILD_IMPROVEMENT (2)
006, Adding, 10, UNIT_WARRIOR (131073), UNITOPERATION_MOVE_TO (19)
006, Adding, 10, UNIT_WARRIOR (196610), UNITOPERATION_MOVE_TO (19)
006, Adding, 11, UNIT_BUILDER (262144), UNITOPERATION_HARVEST_RESOURCE (16)
006, Can't Start, 11, UNIT_BUILDER (262144), UNITOPERATION_HARVEST_RESOURCE (16)
006, Adding, 11, UNIT_BUILDER (262144), UNITOPERATION_BUILD_IMPROVEMENT (2)
006, Can't Start, 11, UNIT_BUILDER (262144), UNITOPERATION_BUILD_IMPROVEMENT (2)
006, Adding, 11, UNIT_WARRIOR (131073), UNITOPERATION_MOVE_TO (19)
006, Adding, 11, UNIT_WARRIOR (196610), UNITOPERATION_MOVE_TO (19)
006, Adding, 12, UNIT_BUILDER (262144), UNITOPERATION_SWAP_UNITS (49)
006, Can't Start, 12, UNIT_BUILDER (262144), UNITOPERATION_SWAP_UNITS (49)
006, Adding, 12, UNIT_BUILDER (262144), UNITOPERATION_MOVE_TO (19)
006, Adding, 12, UNIT_BUILDER (262144), UNITOPERATION_REMOVE_FEATURE (28)
006, Can't Start, 12, UNIT_BUILDER (262144), UNITOPERATION_REMOVE_FEATURE (28)
006, Adding, 12, UNIT_BUILDER (262144), UNITOPERATION_BUILD_IMPROVEMENT (2)
006, Can't Start, 12, UNIT_BUILDER (262144), UNITOPERATION_BUILD_IMPROVEMENT (2)
006, Adding, 12, UNIT_WARRIOR (131073), UNITOPERATION_MOVE_TO (19)
006, Adding, 12, UNIT_WARRIOR (196610), UNITOPERATION_MOVE_TO (19)
006, Can't Start, 12, UNIT_BUILDER (262144), UNITOPERATION_BUILD_IMPROVEMENT (2)
006, Adding, 13, UNIT_BUILDER (262144), UNITOPERATION_REMOVE_FEATURE (28)
006, Can't Start, 13, UNIT_BUILDER (262144), UNITOPERATION_REMOVE_FEATURE (28)
006, Adding, 13, UNIT_BUILDER (262144), UNITOPERATION_BUILD_IMPROVEMENT (2)
006, Can't Start, 13, UNIT_BUILDER (262144), UNITOPERATION_BUILD_IMPROVEMENT (2)
006, Adding, 13, UNIT_WARRIOR (131073), UNITOPERATION_MOVE_TO (19)
006, Adding, 13, UNIT_WARRIOR (196610), UNITOPERATION_MOVE_TO (19)
006, Adding, 14, UNIT_BUILDER (262144), UNITOPERATION_SWAP_UNITS (49)
006, Can't Start, 14, UNIT_BUILDER (262144), UNITOPERATION_SWAP_UNITS (49)
006, Adding, 14, UNIT_BUILDER (262144), UNITOPERATION_MOVE_TO (19)
006, Adding, 14, UNIT_BUILDER (262144), UNITOPERATION_BUILD_IMPROVEMENT (2)
006, Adding, 14, UNIT_WARRIOR (131073), UNITOPERATION_MOVE_TO (19)
006, Adding, 14, UNIT_WARRIOR (196610), UNITOPERATION_MOVE_TO (19)
006, Adding, 15, UNIT_BUILDER (262144), UNITOPERATION_SWAP_UNITS (49)
006, Can't Start, 15, UNIT_BUILDER (262144), UNITOPERATION_SWAP_UNITS (49)
006, Adding, 15, UNIT_BUILDER (262144), UNITOPERATION_MOVE_TO (19)
006, Adding, 15, UNIT_BUILDER (262144), UNITOPERATION_BUILD_IMPROVEMENT (2)
006, Adding, 15, UNIT_WARRIOR (131073), UNITOPERATION_MOVE_TO (19)
006, Adding, 15, UNIT_WARRIOR (196610), UNITOPERATION_MOVE_TO (19)
006, Adding, 16, UNIT_BUILDER (262144), UNITOPERATION_REMOVE_FEATURE (28)
006, Can't Start, 16, UNIT_BUILDER (262144), UNITOPERATION_REMOVE_FEATURE (28)
006, Adding, 16, UNIT_BUILDER (262144), UNITOPERATION_BUILD_IMPROVEMENT (2)
006, Can't Start, 16, UNIT_BUILDER (262144), UNITOPERATION_BUILD_IMPROVEMENT (2)
006, Adding, 16, UNIT_WARRIOR (131073), UNITOPERATION_MOVE_TO (19)
006, Adding, 16, UNIT_WARRIOR (196610), UNITOPERATION_MOVE_TO (19)
006, Adding, 17, UNIT_BUILDER (262144), UNITOPERATION_SWAP_UNITS (49)
006, Can't Start, 17, UNIT_BUILDER (262144), UNITOPERATION_SWAP_UNITS (49)
006, Adding, 17, UNIT_BUILDER (262144), UNITOPERATION_MOVE_TO (19)
006, Adding, 17, UNIT_BUILDER (262144), UNITOPERATION_BUILD_IMPROVEMENT (2)
006, Adding, 17, UNIT_WARRIOR (131073), UNITOPERATION_MOVE_TO (19)
006, Adding, 17, UNIT_WARRIOR (196610), UNITOPERATION_MOVE_TO (19)
006, Adding, 2, UNIT_SCOUT (196608), UNITOPERATION_MOVE_TO (19)
006, Adding, 0, UNIT_WARRIOR (131073), UNITOPERATION_MOVE_TO (19)
006, Adding, 0, UNIT_WARRIOR (131073), UNITOPERATION_MOVE_TO (19)
006, Adding, 2, UNIT_SCOUT (196608), UNITOPERATION_MOVE_TO (19)
006, Adding, 1, UNIT_WARRIOR (131073), UNITOPERATION_MOVE_TO (19)
006, Adding, 0, UNIT_VAMPIRE (262146), UNITOPERATION_MOVE_TO (19)
006, Adding, 3, UNIT_SCOUT (262146), UNITOPERATION_MOVE_TO (19)
006, Adding, 2, UNIT_WARRIOR (131073), UNITOPERATION_MOVE_TO (19)
006, Adding, 1, UNIT_WARRIOR (131073), UNITOPERATION_MOVE_TO (19)
006, Adding, 3, UNIT_SCOUT (262146), UNITOPERATION_MOVE_TO (19)
006, Adding, 0, UNIT_VAMPIRE (262146), UNITOPERATION_MOVE_TO (19)
006, Adding, 2, UNIT_WARRIOR (131073), UNITOPERATION_MOVE_TO (19)
006, Adding, 1, UNIT_WARRIOR (131073), UNITOPERATION_MOVE_TO (19)
006, Adding, 0, UNIT_SCOUT (196608), UNITOPERATION_MOVE_TO (19)
006, Adding, 0, UNIT_SCOUT (196608), UNITOPERATION_MOVE_TO (19)
006, Adding, 0, UNIT_SCOUT (196608), UNITOPERATION_MOVE_TO (19)
006, Adding, 3, UNIT_SCOUT (262146), UNITOPERATION_MOVE_TO (19)
006, Adding, 1, UNIT_BABYLONIAN_SABUM_KIBITTUM (196608), UNITOPERATION_MOVE_TO (19)
006, Adding, 1, UNIT_BABYLONIAN_SABUM_KIBITTUM (196608), UNITOPERATION_MOVE_TO (19)
006, Adding, 1, UNIT_BABYLONIAN_SABUM_KIBITTUM (196608), UNITOPERATION_MOVE_TO (19)
006, Adding, 3, UNIT_WARRIOR (131073), UNITOPERATION_MOVE_TO (19)
006, Adding, 3, UNIT_WARRIOR (131073), UNITOPERATION_MOVE_TO (19)
006, Adding, 3, UNIT_VAMPIRE (196608), UNITOPERATION_MOVE_TO (19)
006, Adding, 1, UNIT_BUILDER (262146), UNITOPERATION_MOVE_TO (19)
006, Adding, 1, UNIT_BUILDER (262146), UNITOPERATION_MOVE_TO (19)
006, Adding, 1, UNIT_BUILDER (262146), UNITOPERATION_MOVE_TO (19)
006, Adding, 3, UNIT_BUILDER (327683), UNITOPERATION_MOVE_TO (19)
006, Adding, 3, UNIT_BUILDER (327683), UNITOPERATION_SKIP_TURN (36)
007, Adding, 4, UNIT_SETTLER (393220), UNITOPERATION_MOVE_TO (19)
007, Adding, 4, UNIT_AZTEC_EAGLE_WARRIOR (131073), UNITOPERATION_MOVE_TO (19)
007, Adding, 4, UNIT_BUILDER (327680), UNITOPERATION_SWAP_UNITS (49)
007, Can't Start, 4, UNIT_BUILDER (327680), UNITOPERATION_SWAP_UNITS (49)
007, Adding, 4, UNIT_BUILDER (327680), UNITOPERATION_MOVE_TO (19)
007, Adding, 4, UNIT_BUILDER (524290), UNITOPERATION_SWAP_UNITS (49)
007, Can't Start, 4, UNIT_BUILDER (524290), UNITOPERATION_SWAP_UNITS (49)
007, Adding, 4, UNIT_BUILDER (524290), UNITOPERATION_MOVE_TO (19)
007, Adding, 4, UNIT_SCOUT (262147), UNITOPERATION_MOVE_TO (19)
007, Adding, 4, UNIT_SCOUT (262147), UNITOPERATION_MOVE_TO (19)
007, Adding, 4, UNIT_SCOUT (262147), UNITOPERATION_MOVE_TO (19)
007, Adding, 4, UNIT_SCOUT (262147), UNITOPERATION_MOVE_TO (19)
007, Adding, 4, UNIT_SCOUT (262147), UNITOPERATION_MOVE_TO (19)
007, Adding, 4, UNIT_SCOUT (458757), UNITOPERATION_MOVE_TO (19)
007, Adding, 4, UNIT_SCOUT (458757), UNITOPERATION_SKIP_TURN (36)
007, Adding, 5, UNIT_SETTLER (524294), UNITOPERATION_MOVE_TO (19)
007, Adding, 5, UNIT_WARRIOR (131073), UNITOPERATION_MOVE_TO (19)
007, Can't Start, 5, UNIT_WARRIOR (131073), UNITOPERATION_MOVE_TO (19)
007, Adding, 5, UNIT_CREE_OKIHTCITAW (262147), UNITOPERATION_MOVE_TO (19)
007, Adding, 5, UNIT_VAMPIRE (393220), UNITOPERATION_MOVE_TO (19)
007, Adding, 5, UNIT_BUILDER (327680), UNITOPERATION_MOVE_TO (19)
007, Adding, 5, UNIT_BUILDER (327680), UNITOPERATION_MOVE_TO (19)
007, Adding, 5, UNIT_BUILDER (458757), UNITOPERATION_MOVE_TO (19)
007, Adding, 5, UNIT_CREE_OKIHTCITAW (589831), UNITOPERATION_MOVE_TO (19)
007, Adding, 5, UNIT_CREE_OKIHTCITAW (589831), UNITOPERATION_MOVE_TO (19)
007, Adding, 5, UNIT_BUILDER (458757), UNITOPERATION_MOVE_TO (19)
007, Can't Start, 5, UNIT_WARRIOR (131073), UNITOPERATION_MOVE_TO (19)
007, Adding, 6, UNIT_SETTLER (196610), UNITOPERATION_MOVE_TO (19)
007, Adding, 6, UNIT_WARRIOR (131073), UNITOPERATION_MOVE_TO (19)
007, Adding, 6, UNIT_WARRIOR (458757), UNITOPERATION_MOVE_TO (19)
007, Can't Start, 6, UNIT_WARRIOR (458757), UNITOPERATION_MOVE_TO (19)
007, Adding, 6, UNIT_SCOUT (262147), UNITOPERATION_MOVE_TO (19)
007, Adding, 6, UNIT_SCOUT (262147), UNITOPERATION_MOVE_TO (19)
007, Adding, 6, UNIT_SCOUT (393220), UNITOPERATION_MOVE_TO (19)
007, Adding, 6, UNIT_SCOUT (393220), UNITOPERATION_MOVE_TO (19)
007, Adding, 6, UNIT_SCOUT (393220), UNITOPERATION_MOVE_TO (19)
007, Adding, 6, UNIT_SCOUT (393220), UNITOPERATION_MOVE_TO (19)
007, Adding, 7, UNIT_SETTLER (196610), UNITOPERATION_MOVE_TO (19)
007, Adding, 7, UNIT_WARRIOR (131073), UNITOPERATION_MOVE_TO (19)
007, Adding, 7, UNIT_BUILDER (393220), UNITOPERATION_SWAP_UNITS (49)
007, Can't Start, 7, UNIT_BUILDER (393220), UNITOPERATION_SWAP_UNITS (49)
007, Adding, 7, UNIT_BUILDER (393220), UNITOPERATION_MOVE_TO (19)
007, Adding, 7, UNIT_BUILDER (393220), UNITOPERATION_REMOVE_FEATURE (28)
007, Can't Start, 7, UNIT_BUILDER (393220), UNITOPERATION_REMOVE_FEATURE (28)
007, Adding, 7, UNIT_BUILDER (393220), UNITOPERATION_BUILD_IMPROVEMENT (2)
007, Can't Start, 7, UNIT_BUILDER (393220), UNITOPERATION_BUILD_IMPROVEMENT (2)
007, Adding, 7, UNIT_BUILDER (327680), UNITOPERATION_SWAP_UNITS (49)
007, Can't Start, 7, UNIT_BUILDER (327680), UNITOPERATION_SWAP_UNITS (49)
007, Adding, 7, UNIT_BUILDER (327680), UNITOPERATION_MOVE_TO (19)
007, Adding, 7, UNIT_BUILDER (327680), UNITOPERATION_BUILD_IMPROVEMENT (2)
007, Can't Start, 7, UNIT_BUILDER (327680), UNITOPERATION_BUILD_IMPROVEMENT (2)
007, Adding, 7, UNIT_SCOUT (262147), UNITOPERATION_MOVE_TO (19)
007, Adding, 7, UNIT_SCOUT (262147), UNITOPERATION_MOVE_TO (19)
007, Adding, 7, UNIT_SCOUT (262147), UNITOPERATION_MOVE_TO (19)
007, Adding, 7, UNIT_SCOUT (262147), UNITOPERATION_MOVE_TO (19)
007, Adding, 7, UNIT_SCOUT (262147), UNITOPERATION_MOVE_TO (19)
007, Can't Start, 7, UNIT_BUILDER (327680), UNITOPERATION_BUILD_IMPROVEMENT (2)
007, Can't Start, 7, UNIT_BUILDER (393220), UNITOPERATION_BUILD_IMPROVEMENT (2)
007, Adding, 8, UNIT_BUILDER (262144), UNITOPERATION_HARVEST_RESOURCE (16)
007, Can't Start, 8, UNIT_BUILDER (262144), UNITOPERATION_HARVEST_RESOURCE (16)
007, Adding, 8, UNIT_BUILDER (262144), UNITOPERATION_BUILD_IMPROVEMENT (2)
007, Can't Start, 8, UNIT_BUILDER (262144), UNITOPERATION_BUILD_IMPROVEMENT (2)
007, Adding, 8, UNIT_WARRIOR (131073), UNITOPERATION_MOVE_TO (19)
007, Adding, 8, UNIT_WARRIOR (196610), UNITOPERATION_MOVE_TO (19)
007, Adding, 9, UNIT_BUILDER (262144), UNITOPERATION_SWAP_UNITS (49)
007, Can't Start, 9, UNIT_BUILDER (262144), UNITOPERATION_SWAP_UNITS (49)
007, Adding, 9, UNIT_BUILDER (262144), UNITOPERATION_MOVE_TO (19)
007, Adding, 9, UNIT_BUILDER (262144), UNITOPERATION_BUILD_IMPROVEMENT (2)
007, Adding, 9, UNIT_WARRIOR (131073), UNITOPERATION_MOVE_TO (19)
007, Adding, 9, UNIT_WARRIOR (196610), UNITOPERATION_MOVE_TO (19)
007, Adding, 10, UNIT_BUILDER (262144), UNITOPERATION_SWAP_UNITS (49)
007, Can't Start, 10, UNIT_BUILDER (262144), UNITOPERATION_SWAP_UNITS (49)
007, Adding, 10, UNIT_BUILDER (262144), UNITOPERATION_MOVE_TO (19)
007, Adding, 10, UNIT_BUILDER (262144), UNITOPERATION_REMOVE_FEATURE (28)
007, Can't Start, 10, UNIT_BUILDER (262144), UNITOPERATION_REMOVE_FEATURE (28)
007, Adding, 10, UNIT_BUILDER (262144), UNITOPERATION_BUILD_IMPROVEMENT (2)
007, Can't Start, 10, UNIT_BUILDER (262144), UNITOPERATION_BUILD_IMPROVEMENT (2)
007, Adding, 10, UNIT_WARRIOR (131073), UNITOPERATION_MOVE_TO (19)
007, Adding, 10, UNIT_WARRIOR (196610), UNITOPERATION_MOVE_TO (19)
007, Can't Start, 10, UNIT_BUILDER (262144), UNITOPERATION_BUILD_IMPROVEMENT (2)
007, Adding, 11, UNIT_BUILDER (262144), UNITOPERATION_HARVEST_RESOURCE (16)
007, Can't Start, 11, UNIT_BUILDER (262144), UNITOPERATION_HARVEST_RESOURCE (16)
007, Adding, 11, UNIT_BUILDER (262144), UNITOPERATION_BUILD_IMPROVEMENT (2)
007, Can't Start, 11, UNIT_BUILDER (262144), UNITOPERATION_BUILD_IMPROVEMENT (2)
007, Adding, 11, UNIT_WARRIOR (131073), UNITOPERATION_MOVE_TO (19)
007, Adding, 11, UNIT_WARRIOR (196610), UNITOPERATION_MOVE_TO (19)
007, Adding, 12, UNIT_BUILDER (262144), UNITOPERATION_SWAP_UNITS (49)
007, Can't Start, 12, UNIT_BUILDER (262144), UNITOPERATION_SWAP_UNITS (49)
007, Adding, 12, UNIT_BUILDER (262144), UNITOPERATION_MOVE_TO (19)
007, Adding, 12, UNIT_BUILDER (262144), UNITOPERATION_BUILD_IMPROVEMENT (2)
007, Adding, 12, UNIT_WARRIOR (131073), UNITOPERATION_MOVE_TO (19)
007, Adding, 12, UNIT_WARRIOR (196610), UNITOPERATION_MOVE_TO (19)
007, Adding, 13, UNIT_BUILDER (262144), UNITOPERATION_REMOVE_FEATURE (28)
007, Can't Start, 13, UNIT_BUILDER (262144), UNITOPERATION_REMOVE_FEATURE (28)
007, Adding, 13, UNIT_BUILDER (262144), UNITOPERATION_BUILD_IMPROVEMENT (2)
007, Can't Start, 13, UNIT_BUILDER (262144), UNITOPERATION_BUILD_IMPROVEMENT (2)
007, Adding, 13, UNIT_WARRIOR (131073), UNITOPERATION_MOVE_TO (19)
007, Adding, 13, UNIT_WARRIOR (196610), UNITOPERATION_MOVE_TO (19)
007, Adding, 14, UNIT_BUILDER (262144), UNITOPERATION_SWAP_UNITS (49)
007, Can't Start, 14, UNIT_BUILDER (262144), UNITOPERATION_SWAP_UNITS (49)
007, Adding, 14, UNIT_BUILDER (262144), UNITOPERATION_MOVE_TO (19)
007, Adding, 14, UNIT_BUILDER (262144), UNITOPERATION_BUILD_IMPROVEMENT (2)
007, Adding, 14, UNIT_WARRIOR (131073), UNITOPERATION_MOVE_TO (19)
007, Adding, 14, UNIT_WARRIOR (196610), UNITOPERATION_MOVE_TO (19)
007, Adding, 15, UNIT_BUILDER (262144), UNITOPERATION_SWAP_UNITS (49)
007, Can't Start, 15, UNIT_BUILDER (262144), UNITOPERATION_SWAP_UNITS (49)
007, Adding, 15, UNIT_BUILDER (262144), UNITOPERATION_MOVE_TO (19)
007, Adding, 15, UNIT_BUILDER (262144), UNITOPERATION_HARVEST_RESOURCE (16)
007, Can't Start, 15, UNIT_BUILDER (262144), UNITOPERATION_HARVEST_RESOURCE (16)
007, Adding, 15, UNIT_BUILDER (262144), UNITOPERATION_BUILD_IMPROVEMENT (2)
007, Can't Start, 15, UNIT_BUILDER (262144), UNITOPERATION_BUILD_IMPROVEMENT (2)
007, Adding, 15, UNIT_WARRIOR (131073), UNITOPERATION_MOVE_TO (19)
007, Adding, 15, UNIT_WARRIOR (196610), UNITOPERATION_MOVE_TO (19)
007, Can't Start, 15, UNIT_BUILDER (262144), UNITOPERATION_BUILD_IMPROVEMENT (2)
007, Adding, 16, UNIT_BUILDER (262144), UNITOPERATION_REMOVE_FEATURE (28)
007, Can't Start, 16, UNIT_BUILDER (262144), UNITOPERATION_REMOVE_FEATURE (28)
007, Adding, 16, UNIT_BUILDER (262144), UNITOPERATION_BUILD_IMPROVEMENT (2)
007, Can't Start, 16, UNIT_BUILDER (262144), UNITOPERATION_BUILD_IMPROVEMENT (2)
007, Adding, 16, UNIT_WARRIOR (131073), UNITOPERATION_MOVE_TO (19)
007, Adding, 16, UNIT_WARRIOR (196610), UNITOPERATION_MOVE_TO (19)
007, Adding, 17, UNIT_WARRIOR (131073), UNITOPERATION_MOVE_TO (19)
007, Adding, 17, UNIT_WARRIOR (196610), UNITOPERATION_MOVE_TO (19)
007, Adding, 17, UNIT_BUILDER (262144), UNITOPERATION_SKIP_TURN (36)
007, Adding, 3, UNIT_SCOUT (262146), UNITOPERATION_MOVE_TO (19)
007, Adding, 0, UNIT_WARRIOR (131073), UNITOPERATION_MOVE_TO (19)
007, Adding, 3, UNIT_SCOUT (262146), UNITOPERATION_MOVE_TO (19)
007, Adding, 0, UNIT_WARRIOR (131073), UNITOPERATION_MOVE_TO (19)
007, Adding, 3, UNIT_SCOUT (262146), UNITOPERATION_MOVE_TO (19)
007, Adding, 1, UNIT_WARRIOR (131073), UNITOPERATION_MOVE_TO (19)
007, Adding, 1, UNIT_WARRIOR (131073), UNITOPERATION_MOVE_TO (19)
007, Adding, 0, UNIT_VAMPIRE (262146), UNITOPERATION_MOVE_TO (19)
007, Adding, 2, UNIT_WARRIOR (131073), UNITOPERATION_MOVE_TO (19)
007, Adding, 0, UNIT_VAMPIRE (262146), UNITOPERATION_MOVE_TO (19)
007, Adding, 3, UNIT_BUILDER (327683), UNITOPERATION_BUILD_IMPROVEMENT (2)
007, Adding, 1, UNIT_BUILDER (262146), UNITOPERATION_MOVE_TO (19)
007, Adding, 0, UNIT_SCOUT (196608), UNITOPERATION_MOVE_TO (19)
007, Adding, 0, UNIT_SCOUT (196608), UNITOPERATION_MOVE_TO (19)
007, Adding, 0, UNIT_SCOUT (196608), UNITOPERATION_MOVE_TO (19)
007, Adding, 2, UNIT_SCOUT (262146), UNITOPERATION_MOVE_TO (19)
007, Adding, 1, UNIT_BABYLONIAN_SABUM_KIBITTUM (196608), UNITOPERATION_MOVE_TO (19)
007, Adding, 3, UNIT_VAMPIRE (196608), UNITOPERATION_MOVE_TO (19)
007, Adding, 3, UNIT_SCOUT (393220), UNITOPERATION_MOVE_TO (19)
007, Adding, 3, UNIT_SCOUT (393220), UNITOPERATION_MOVE_TO (19)
007, Adding, 1, UNIT_BABYLONIAN_SABUM_KIBITTUM (196608), UNITOPERATION_MOVE_TO (19)
007, Adding, 3, UNIT_WARRIOR (131073), UNITOPERATION_MOVE_TO (19)
007, Adding, 3, UNIT_WARRIOR (131073), UNITOPERATION_MOVE_TO (19)
007, Adding, 1, UNIT_BABYLONIAN_SABUM_KIBITTUM (196608), UNITOPERATION_MOVE_TO (19)
007, Adding, 2, UNIT_SCOUT (196608), UNITOPERATION_MOVE_TO (19)
007, Adding, 2, UNIT_SCOUT (196608), UNITOPERATION_MOVE_TO (19)
008, Adding, 4, UNIT_SETTLER (393220), UNITOPERATION_MOVE_TO (19)
008, Adding, 4, UNIT_AZTEC_EAGLE_WARRIOR (131073), UNITOPERATION_MOVE_TO (19)
008, Can't Start, 4, UNIT_AZTEC_EAGLE_WARRIOR (131073), UNITOPERATION_MOVE_TO (19)
008, Adding, 4, UNIT_BUILDER (327680), UNITOPERATION_SWAP_UNITS (49)
008, Can't Start, 4, UNIT_BUILDER (327680), UNITOPERATION_SWAP_UNITS (49)
008, Adding, 4, UNIT_BUILDER (327680), UNITOPERATION_MOVE_TO (19)
008, Adding, 4, UNIT_BUILDER (327680), UNITOPERATION_BUILD_IMPROVEMENT (2)
008, Adding, 4, UNIT_BUILDER (524290), UNITOPERATION_BUILD_IMPROVEMENT (2)
008, Adding, 4, UNIT_AZTEC_EAGLE_WARRIOR (589830), UNITOPERATION_MOVE_TO (19)
008, Adding, 4, UNIT_SCOUT (262147), UNITOPERATION_MOVE_TO (19)
008, Adding, 4, UNIT_SCOUT (262147), UNITOPERATION_MOVE_TO (19)
008, Adding, 4, UNIT_SCOUT (262147), UNITOPERATION_MOVE_TO (19)
008, Adding, 4, UNIT_SCOUT (262147), UNITOPERATION_MOVE_TO (19)
008, Adding, 4, UNIT_SCOUT (458757), UNITOPERATION_MOVE_TO (19)
008, Adding, 4, UNIT_SCOUT (458757), UNITOPERATION_MOVE_TO (19)
008, Adding, 4, UNIT_SCOUT (458757), UNITOPERATION_SKIP_TURN (36)
008, Can't Start, 4, UNIT_AZTEC_EAGLE_WARRIOR (131073), UNITOPERATION_MOVE_TO (19)
008, Adding, 5, UNIT_SETTLER (524294), UNITOPERATION_MOVE_TO (19)
008, Can't Start, 5, UNIT_SETTLER (524294), UNITOPERATION_MOVE_TO (19)
008, Adding, 5, UNIT_WARRIOR (131073), UNITOPERATION_MOVE_TO (19)
008, Can't Start, 5, UNIT_WARRIOR (131073), UNITOPERATION_MOVE_TO (19)
008, Adding, 5, UNIT_SETTLER (524294), UNITOPERATION_MOVE_TO (19)
008, Adding, 5, UNIT_WARRIOR (131073), UNITOPERATION_MOVE_TO (19)
008, Adding, 5, UNIT_BUILDER (458757), UNITOPERATION_SWAP_UNITS (49)
008, Can't Start, 5, UNIT_BUILDER (458757), UNITOPERATION_SWAP_UNITS (49)
008, Adding, 5, UNIT_BUILDER (458757), UNITOPERATION_MOVE_TO (19)
008, Adding, 5, UNIT_BUILDER (458757), UNITOPERATION_BUILD_IMPROVEMENT (2)
008, Can't Start, 5, UNIT_BUILDER (458757), UNITOPERATION_BUILD_IMPROVEMENT (2)
008, Adding, 5, UNIT_CREE_OKIHTCITAW (262147), UNITOPERATION_MOVE_TO (19)
008, Adding, 5, UNIT_VAMPIRE (393220), UNITOPERATION_MOVE_TO (19)
008, Adding, 5, UNIT_BUILDER (327680), UNITOPERATION_MOVE_TO (19)
008, Adding, 5, UNIT_BUILDER (327680), UNITOPERATION_MOVE_TO (19)
008, Adding, 5, UNIT_CREE_OKIHTCITAW (589831), UNITOPERATION_MOVE_TO (19)
008, Adding, 5, UNIT_CREE_OKIHTCITAW (589831), UNITOPERATION_MOVE_TO (19)
008, Can't Start, 5, UNIT_BUILDER (458757), UNITOPERATION_BUILD_IMPROVEMENT (2)
008, Adding, 6, UNIT_SETTLER (196610), UNITOPERATION_MOVE_TO (19)
008, Adding, 6, UNIT_WARRIOR (131073), UNITOPERATION_MOVE_TO (19)
008, Adding, 6, UNIT_BUILDER (589830), UNITOPERATION_SWAP_UNITS (49)
008, Can't Start, 6, UNIT_BUILDER (589830), UNITOPERATION_SWAP_UNITS (49)
008, Adding, 6, UNIT_BUILDER (589830), UNITOPERATION_MOVE_TO (19)
008, Adding, 6, UNIT_BUILDER (589830), UNITOPERATION_BUILD_IMPROVEMENT (2)
008, Can't Start, 6, UNIT_BUILDER (589830), UNITOPERATION_BUILD_IMPROVEMENT (2)
008, Adding, 6, UNIT_BUILDER (524288), UNITOPERATION_SWAP_UNITS (49)
008, Can't Start, 6, UNIT_BUILDER (524288), UNITOPERATION_SWAP_UNITS (49)
008, Adding, 6, UNIT_BUILDER (524288), UNITOPERATION_MOVE_TO (19)
008, Adding, 6, UNIT_BUILDER (524288), UNITOPERATION_BUILD_IMPROVEMENT (2)
008, Adding, 6, UNIT_WARRIOR (458757), UNITOPERATION_MOVE_TO (19)
008, Adding, 6, UNIT_SCOUT (262147), UNITOPERATION_MOVE_TO (19)
008, Adding, 6, UNIT_SCOUT (262147), UNITOPERATION_MOVE_TO (19)
008, Adding, 6, UNIT_SCOUT (262147), UNITOPERATION_MOVE_TO (19)
008, Adding, 6, UNIT_SCOUT (393220), UNITOPERATION_MOVE_TO (19)
008, Can't Start, 6, UNIT_BUILDER (589830), UNITOPERATION_BUILD_IMPROVEMENT (2)
008, Adding, 7, UNIT_SETTLER (196610), UNITOPERATION_MOVE_TO (19)
008, Adding, 7, UNIT_WARRIOR (131073), UNITOPERATION_MOVE_TO (19)
008, Adding, 7, UNIT_BUILDER (393220), UNITOPERATION_REMOVE_FEATURE (28)
008, Can't Start, 7, UNIT_BUILDER (393220), UNITOPERATION_REMOVE_FEATURE (28)
008, Adding, 7, UNIT_BUILDER (393220), UNITOPERATION_BUILD_IMPROVEMENT (2)
008, Can't Start, 7, UNIT_BUILDER (393220), UNITOPERATION_BUILD_IMPROVEMENT (2)
008, Adding, 7, UNIT_BUILDER (327680), UNITOPERATION_BUILD_IMPROVEMENT (2)
008, Can't Start, 7, UNIT_BUILDER (327680), UNITOPERATION_BUILD_IMPROVEMENT (2)
008, Adding, 7, UNIT_SCOUT (262147), UNITOPERATION_MOVE_TO (19)
008, Adding, 7, UNIT_SCOUT (262147), UNITOPERATION_MOVE_TO (19)
008, Adding, 7, UNIT_SCOUT (262147), UNITOPERATION_MOVE_TO (19)
008, Adding, 7, UNIT_SCOUT (262147), UNITOPERATION_MOVE_TO (19)
008, Adding, 7, UNIT_SCOUT (262147), UNITOPERATION_MOVE_TO (19)
008, Adding, 8, UNIT_BUILDER (262144), UNITOPERATION_HARVEST_RESOURCE (16)
008, Can't Start, 8, UNIT_BUILDER (262144), UNITOPERATION_HARVEST_RESOURCE (16)
008, Adding, 8, UNIT_BUILDER (262144), UNITOPERATION_BUILD_IMPROVEMENT (2)
008, Can't Start, 8, UNIT_BUILDER (262144), UNITOPERATION_BUILD_IMPROVEMENT (2)
008, Adding, 8, UNIT_WARRIOR (131073), UNITOPERATION_MOVE_TO (19)
008, Adding, 8, UNIT_WARRIOR (196610), UNITOPERATION_MOVE_TO (19)
008, Adding, 9, UNIT_WARRIOR (131073), UNITOPERATION_MOVE_TO (19)
008, Adding, 9, UNIT_WARRIOR (196610), UNITOPERATION_MOVE_TO (19)
008, Adding, 9, UNIT_BUILDER (262144), UNITOPERATION_SKIP_TURN (36)
008, Adding, 10, UNIT_BUILDER (262144), UNITOPERATION_REMOVE_FEATURE (28)
008, Can't Start, 10, UNIT_BUILDER (262144), UNITOPERATION_REMOVE_FEATURE (28)
008, Adding, 10, UNIT_BUILDER (262144), UNITOPERATION_BUILD_IMPROVEMENT (2)
008, Can't Start, 10, UNIT_BUILDER (262144), UNITOPERATION_BUILD_IMPROVEMENT (2)
008, Adding, 10, UNIT_WARRIOR (131073), UNITOPERATION_MOVE_TO (19)
008, Adding, 10, UNIT_WARRIOR (196610), UNITOPERATION_MOVE_TO (19)
008, Adding, 11, UNIT_BUILDER (262144), UNITOPERATION_HARVEST_RESOURCE (16)
008, Can't Start, 11, UNIT_BUILDER (262144), UNITOPERATION_HARVEST_RESOURCE (16)
008, Adding, 11, UNIT_BUILDER (262144), UNITOPERATION_BUILD_IMPROVEMENT (2)
008, Can't Start, 11, UNIT_BUILDER (262144), UNITOPERATION_BUILD_IMPROVEMENT (2)
008, Adding, 11, UNIT_WARRIOR (131073), UNITOPERATION_MOVE_TO (19)
008, Adding, 11, UNIT_WARRIOR (196610), UNITOPERATION_MOVE_TO (19)
008, Adding, 12, UNIT_BUILDER (262144), UNITOPERATION_SWAP_UNITS (49)
008, Can't Start, 12, UNIT_BUILDER (262144), UNITOPERATION_SWAP_UNITS (49)
008, Adding, 12, UNIT_BUILDER (262144), UNITOPERATION_MOVE_TO (19)
008, Adding, 12, UNIT_BUILDER (262144), UNITOPERATION_REMOVE_FEATURE (28)
008, Can't Start, 12, UNIT_BUILDER (262144), UNITOPERATION_REMOVE_FEATURE (28)
008, Adding, 12, UNIT_BUILDER (262144), UNITOPERATION_BUILD_IMPROVEMENT (2)
008, Can't Start, 12, UNIT_BUILDER (262144), UNITOPERATION_BUILD_IMPROVEMENT (2)
008, Adding, 12, UNIT_WARRIOR (131073), UNITOPERATION_MOVE_TO (19)
008, Adding, 12, UNIT_WARRIOR (196610), UNITOPERATION_MOVE_TO (19)
008, Can't Start, 12, UNIT_BUILDER (262144), UNITOPERATION_BUILD_IMPROVEMENT (2)
008, Adding, 13, UNIT_BUILDER (262144), UNITOPERATION_REMOVE_FEATURE (28)
008, Can't Start, 13, UNIT_BUILDER (262144), UNITOPERATION_REMOVE_FEATURE (28)
008, Adding, 13, UNIT_BUILDER (262144), UNITOPERATION_BUILD_IMPROVEMENT (2)
008, Can't Start, 13, UNIT_BUILDER (262144), UNITOPERATION_BUILD_IMPROVEMENT (2)
008, Adding, 13, UNIT_WARRIOR (131073), UNITOPERATION_MOVE_TO (19)
008, Adding, 13, UNIT_WARRIOR (196610), UNITOPERATION_MOVE_TO (19)
008, Adding, 14, UNIT_BUILDER (262144), UNITOPERATION_SWAP_UNITS (49)
008, Can't Start, 14, UNIT_BUILDER (262144), UNITOPERATION_SWAP_UNITS (49)
008, Adding, 14, UNIT_BUILDER (262144), UNITOPERATION_MOVE_TO (19)
008, Adding, 14, UNIT_BUILDER (262144), UNITOPERATION_HARVEST_RESOURCE (16)
008, Can't Start, 14, UNIT_BUILDER (262144), UNITOPERATION_HARVEST_RESOURCE (16)
008, Adding, 14, UNIT_BUILDER (262144), UNITOPERATION_BUILD_IMPROVEMENT (2)
008, Can't Start, 14, UNIT_BUILDER (262144), UNITOPERATION_BUILD_IMPROVEMENT (2)
008, Adding, 14, UNIT_WARRIOR (131073), UNITOPERATION_MOVE_TO (19)
008, Adding, 14, UNIT_WARRIOR (196610), UNITOPERATION_MOVE_TO (19)
008, Can't Start, 14, UNIT_BUILDER (262144), UNITOPERATION_BUILD_IMPROVEMENT (2)
008, Adding, 15, UNIT_BUILDER (262144), UNITOPERATION_HARVEST_RESOURCE (16)
008, Can't Start, 15, UNIT_BUILDER (262144), UNITOPERATION_HARVEST_RESOURCE (16)
008, Adding, 15, UNIT_BUILDER (262144), UNITOPERATION_BUILD_IMPROVEMENT (2)
008, Can't Start, 15, UNIT_BUILDER (262144), UNITOPERATION_BUILD_IMPROVEMENT (2)
008, Adding, 15, UNIT_WARRIOR (131073), UNITOPERATION_MOVE_TO (19)
008, Adding, 15, UNIT_WARRIOR (196610), UNITOPERATION_MOVE_TO (19)
008, Adding, 16, UNIT_BUILDER (262144), UNITOPERATION_REMOVE_FEATURE (28)
008, Can't Start, 16, UNIT_BUILDER (262144), UNITOPERATION_REMOVE_FEATURE (28)
008, Adding, 16, UNIT_BUILDER (262144), UNITOPERATION_BUILD_IMPROVEMENT (2)
008, Can't Start, 16, UNIT_BUILDER (262144), UNITOPERATION_BUILD_IMPROVEMENT (2)
008, Adding, 16, UNIT_WARRIOR (131073), UNITOPERATION_MOVE_TO (19)
008, Adding, 16, UNIT_WARRIOR (196610), UNITOPERATION_MOVE_TO (19)
008, Adding, 17, UNIT_WARRIOR (131073), UNITOPERATION_MOVE_TO (19)
008, Adding, 17, UNIT_WARRIOR (196610), UNITOPERATION_MOVE_TO (19)
008, Adding, 17, UNIT_BUILDER (262144), UNITOPERATION_SKIP_TURN (36)
008, Adding, 0, UNIT_WARRIOR (131073), UNITOPERATION_MOVE_TO (19)
008, Adding, 3, UNIT_VAMPIRE (196608), UNITOPERATION_MOVE_TO (19)
008, Adding, 2, UNIT_WARRIOR (131073), UNITOPERATION_MOVE_TO (19)
008, Adding, 3, UNIT_SETTLER (458757), UNITOPERATION_MOVE_TO (19)
008, Adding, 2, UNIT_SCOUT (262146), UNITOPERATION_MOVE_TO (19)
008, Adding, 0, UNIT_BUILDER (327683), UNITOPERATION_MOVE_TO (19)
008, Adding, 1, UNIT_BUILDER (262146), UNITOPERATION_MOVE_TO (19)
008, Adding, 1, UNIT_BUILDER (262146), UNITOPERATION_MOVE_TO (19)
008, Adding, 1, UNIT_BUILDER (262146), UNITOPERATION_MOVE_TO (19)
008, Adding, 3, UNIT_BUILDER (327683), UNITOPERATION_MOVE_TO (19)
008, Adding, 2, UNIT_SCOUT (327683), UNITOPERATION_MOVE_TO (19)
008, Adding, 3, UNIT_BUILDER (327683), UNITOPERATION_SKIP_TURN (36)
008, Adding, 1, UNIT_BABYLONIAN_SABUM_KIBITTUM (196608), UNITOPERATION_MOVE_TO (19)
008, Adding, 2, UNIT_SCOUT (196608), UNITOPERATION_MOVE_TO (19)
008, Adding, 3, UNIT_SCOUT (393220), UNITOPERATION_MOVE_TO (19)
008, Adding, 1, UNIT_BABYLONIAN_SABUM_KIBITTUM (196608), UNITOPERATION_MOVE_TO (19)
008, Adding, 3, UNIT_SCOUT (393220), UNITOPERATION_MOVE_TO (19)
008, Adding, 0, UNIT_VAMPIRE (262146), UNITOPERATION_MOVE_TO (19)
008, Adding, 1, UNIT_BABYLONIAN_SABUM_KIBITTUM (196608), UNITOPERATION_MOVE_TO (19)
008, Adding, 3, UNIT_SCOUT (393220), UNITOPERATION_MOVE_TO (19)
008, Adding, 0, UNIT_SCOUT (196608), UNITOPERATION_MOVE_TO (19)
008, Adding, 0, UNIT_SCOUT (196608), UNITOPERATION_MOVE_TO (19)
008, Adding, 3, UNIT_WARRIOR (131073), UNITOPERATION_MOVE_TO (19)
008, Adding, 3, UNIT_WARRIOR (131073), UNITOPERATION_MOVE_TO (19)
008, Adding, 1, UNIT_WARRIOR (131073), UNITOPERATION_MOVE_TO (19)
008, Adding, 0, UNIT_SCOUT (196608), UNITOPERATION_MOVE_TO (19)
008, Adding, 3, UNIT_SCOUT (262146), UNITOPERATION_MOVE_TO (19)
008, Adding, 3, UNIT_SCOUT (262146), UNITOPERATION_MOVE_TO (19)
008, Adding, 1, UNIT_WARRIOR (131073), UNITOPERATION_MOVE_TO (19)
008, Adding, 1, UNIT_WARRIOR (131073), UNITOPERATION_MOVE_TO (19)
008, Adding, 3, UNIT_SCOUT (262146), UNITOPERATION_MOVE_TO (19)
008, Adding, 1, UNIT_BUILDER (327683), UNITOPERATION_MOVE_TO (19)
008, Adding, 1, UNIT_BUILDER (262146), UNITOPERATION_MOVE_TO (19)
009, Adding, 4, UNIT_SETTLER (393220), UNITOPERATION_MOVE_TO (19)
009, Can't Start, 4, UNIT_SETTLER (393220), UNITOPERATION_MOVE_TO (19)
009, Adding, 4, UNIT_AZTEC_EAGLE_WARRIOR (131073), UNITOPERATION_MOVE_TO (19)
009, Can't Start, 4, UNIT_AZTEC_EAGLE_WARRIOR (131073), UNITOPERATION_MOVE_TO (19)
009, Adding, 4, UNIT_SETTLER (393220), UNITOPERATION_MOVE_TO (19)
009, Adding, 4, UNIT_AZTEC_EAGLE_WARRIOR (131073), UNITOPERATION_MOVE_TO (19)
009, Adding, 4, UNIT_BUILDER (327680), UNITOPERATION_SWAP_UNITS (49)
009, Can't Start, 4, UNIT_BUILDER (327680), UNITOPERATION_SWAP_UNITS (49)
009, Adding, 4, UNIT_BUILDER (327680), UNITOPERATION_MOVE_TO (19)
009, Adding, 4, UNIT_BUILDER (327680), UNITOPERATION_HARVEST_RESOURCE (16)
009, Can't Start, 4, UNIT_BUILDER (327680), UNITOPERATION_HARVEST_RESOURCE (16)
009, Adding, 4, UNIT_BUILDER (327680), UNITOPERATION_BUILD_IMPROVEMENT (2)
009, Can't Start, 4, UNIT_BUILDER (327680), UNITOPERATION_BUILD_IMPROVEMENT (2)
009, Adding, 4, UNIT_BUILDER (655367), UNITOPERATION_SWAP_UNITS (49)
009, Can't Start, 4, UNIT_BUILDER (655367), UNITOPERATION_SWAP_UNITS (49)
009, Adding, 4, UNIT_BUILDER (655367), UNITOPERATION_MOVE_TO (19)
009, Adding, 4, UNIT_BUILDER (655367), UNITOPERATION_HARVEST_RESOURCE (16)
009, Can't Start, 4, UNIT_BUILDER (655367), UNITOPERATION_HARVEST_RESOURCE (16)
009, Adding, 4, UNIT_BUILDER (655367), UNITOPERATION_BUILD_IMPROVEMENT (2)
009, Can't Start, 4, UNIT_BUILDER (655367), UNITOPERATION_BUILD_IMPROVEMENT (2)
009, Adding, 4, UNIT_BUILDER (524290), UNITOPERATION_SWAP_UNITS (49)
009, Can't Start, 4, UNIT_BUILDER (524290), UNITOPERATION_SWAP_UNITS (49)
009, Adding, 4, UNIT_BUILDER (524290), UNITOPERATION_MOVE_TO (19)
009, Adding, 4, UNIT_AZTEC_EAGLE_WARRIOR (589830), UNITOPERATION_MOVE_TO (19)
009, Adding, 4, UNIT_SCOUT (262147), UNITOPERATION_MOVE_TO (19)
009, Adding, 4, UNIT_SCOUT (262147), UNITOPERATION_MOVE_TO (19)
009, Adding, 4, UNIT_SCOUT (262147), UNITOPERATION_MOVE_TO (19)
009, Adding, 4, UNIT_SCOUT (262147), UNITOPERATION_MOVE_TO (19)
009, Adding, 4, UNIT_SCOUT (262147), UNITOPERATION_MOVE_TO (19)
009, Adding, 4, UNIT_SCOUT (458757), UNITOPERATION_MOVE_TO (19)
009, Adding, 4, UNIT_SCOUT (720904), UNITOPERATION_MOVE_TO (19)
009, Adding, 4, UNIT_SCOUT (458757), UNITOPERATION_MOVE_TO (19)
009, Adding, 4, UNIT_SCOUT (458757), UNITOPERATION_SKIP_TURN (36)
009, Adding, 4, UNIT_SCOUT (720904), UNITOPERATION_SKIP_TURN (36)
009, Can't Start, 4, UNIT_BUILDER (327680), UNITOPERATION_BUILD_IMPROVEMENT (2)
009, Can't Start, 4, UNIT_BUILDER (655367), UNITOPERATION_BUILD_IMPROVEMENT (2)
009, Adding, 5, UNIT_SETTLER (524294), UNITOPERATION_MOVE_TO (19)
009, Adding, 5, UNIT_WARRIOR (131073), UNITOPERATION_MOVE_TO (19)
009, Adding, 5, UNIT_BUILDER (458757), UNITOPERATION_BUILD_IMPROVEMENT (2)
009, Can't Start, 5, UNIT_BUILDER (458757), UNITOPERATION_BUILD_IMPROVEMENT (2)
009, Adding, 5, UNIT_CREE_OKIHTCITAW (589831), UNITOPERATION_MOVE_TO (19)
009, Adding, 5, UNIT_VAMPIRE (393220), UNITOPERATION_MOVE_TO (19)
009, Adding, 5, UNIT_BUILDER (327680), UNITOPERATION_MOVE_TO (19)
009, Adding, 5, UNIT_BUILDER (327680), UNITOPERATION_MOVE_TO (19)
009, Adding, 5, UNIT_BUILDER (327680), UNITOPERATION_MOVE_TO (19)
009, Adding, 5, UNIT_BUILDER (327680), UNITOPERATION_MOVE_TO (19)
009, Adding, 5, UNIT_CREE_OKIHTCITAW (262147), UNITOPERATION_MOVE_TO (19)
009, Adding, 6, UNIT_SETTLER (196610), UNITOPERATION_MOVE_TO (19)
009, Adding, 6, UNIT_WARRIOR (131073), UNITOPERATION_MOVE_TO (19)
009, Adding, 6, UNIT_WARRIOR (458757), UNITOPERATION_MOVE_TO (19)
009, Adding, 6, UNIT_BUILDER (589830), UNITOPERATION_BUILD_IMPROVEMENT (2)
009, Can't Start, 6, UNIT_BUILDER (589830), UNITOPERATION_BUILD_IMPROVEMENT (2)
009, Adding, 6, UNIT_SCOUT (262147), UNITOPERATION_MOVE_TO (19)
009, Adding, 6, UNIT_SCOUT (262147), UNITOPERATION_MOVE_TO (19)
009, Adding, 6, UNIT_SCOUT (262147), UNITOPERATION_MOVE_TO (19)
009, Adding, 6, UNIT_BUILDER (524288), UNITOPERATION_MOVE_TO (19)
009, Adding, 6, UNIT_SCOUT (393220), UNITOPERATION_MOVE_TO (19)
009, Adding, 6, UNIT_SCOUT (393220), UNITOPERATION_SKIP_TURN (36)
009, Adding, 7, UNIT_SETTLER (196610), UNITOPERATION_MOVE_TO (19)
009, Adding, 7, UNIT_WARRIOR (131073), UNITOPERATION_MOVE_TO (19)
009, Adding, 7, UNIT_BUILDER (393220), UNITOPERATION_REMOVE_FEATURE (28)
009, Can't Start, 7, UNIT_BUILDER (393220), UNITOPERATION_REMOVE_FEATURE (28)
009, Adding, 7, UNIT_BUILDER (393220), UNITOPERATION_BUILD_IMPROVEMENT (2)
009, Can't Start, 7, UNIT_BUILDER (393220), UNITOPERATION_BUILD_IMPROVEMENT (2)
009, Adding, 7, UNIT_BUILDER (327680), UNITOPERATION_BUILD_IMPROVEMENT (2)
009, Can't Start, 7, UNIT_BUILDER (327680), UNITOPERATION_BUILD_IMPROVEMENT (2)
009, Adding, 7, UNIT_SCOUT (262147), UNITOPERATION_MOVE_TO (19)
009, Adding, 7, UNIT_SCOUT (262147), UNITOPERATION_MOVE_TO (19)
009, Adding, 7, UNIT_SCOUT (262147), UNITOPERATION_MOVE_TO (19)
009, Adding, 8, UNIT_BUILDER (262144), UNITOPERATION_HARVEST_RESOURCE (16)
009, Can't Start, 8, UNIT_BUILDER (262144), UNITOPERATION_HARVEST_RESOURCE (16)
009, Adding, 8, UNIT_BUILDER (262144), UNITOPERATION_BUILD_IMPROVEMENT (2)
009, Can't Start, 8, UNIT_BUILDER (262144), UNITOPERATION_BUILD_IMPROVEMENT (2)
009, Adding, 8, UNIT_WARRIOR (131073), UNITOPERATION_MOVE_TO (19)
009, Adding, 8, UNIT_WARRIOR (196610), UNITOPERATION_MOVE_TO (19)
009, Adding, 9, UNIT_WARRIOR (131073), UNITOPERATION_MOVE_TO (19)
009, Adding, 9, UNIT_WARRIOR (196610), UNITOPERATION_MOVE_TO (19)
009, Adding, 9, UNIT_BUILDER (262144), UNITOPERATION_SKIP_TURN (36)
009, Adding, 10, UNIT_BUILDER (262144), UNITOPERATION_REMOVE_FEATURE (28)
009, Can't Start, 10, UNIT_BUILDER (262144), UNITOPERATION_REMOVE_FEATURE (28)
009, Adding, 10, UNIT_BUILDER (262144), UNITOPERATION_BUILD_IMPROVEMENT (2)
009, Can't Start, 10, UNIT_BUILDER (262144), UNITOPERATION_BUILD_IMPROVEMENT (2)
009, Adding, 10, UNIT_WARRIOR (131073), UNITOPERATION_MOVE_TO (19)
009, Adding, 10, UNIT_WARRIOR (196610), UNITOPERATION_MOVE_TO (19)
009, Adding, 11, UNIT_BUILDER (262144), UNITOPERATION_HARVEST_RESOURCE (16)
009, Can't Start, 11, UNIT_BUILDER (262144), UNITOPERATION_HARVEST_RESOURCE (16)
009, Adding, 11, UNIT_BUILDER (262144), UNITOPERATION_BUILD_IMPROVEMENT (2)
009, Can't Start, 11, UNIT_BUILDER (262144), UNITOPERATION_BUILD_IMPROVEMENT (2)
009, Adding, 11, UNIT_WARRIOR (131073), UNITOPERATION_MOVE_TO (19)
009, Adding, 11, UNIT_WARRIOR (196610), UNITOPERATION_MOVE_TO (19)
009, Adding, 12, UNIT_BUILDER (262144), UNITOPERATION_SWAP_UNITS (49)
009, Can't Start, 12, UNIT_BUILDER (262144), UNITOPERATION_SWAP_UNITS (49)
009, Adding, 12, UNIT_BUILDER (262144), UNITOPERATION_MOVE_TO (19)
009, Adding, 12, UNIT_BUILDER (262144), UNITOPERATION_HARVEST_RESOURCE (16)
009, Can't Start, 12, UNIT_BUILDER (262144), UNITOPERATION_HARVEST_RESOURCE (16)
009, Adding, 12, UNIT_BUILDER (262144), UNITOPERATION_BUILD_IMPROVEMENT (2)
009, Can't Start, 12, UNIT_BUILDER (262144), UNITOPERATION_BUILD_IMPROVEMENT (2)
009, Adding, 12, UNIT_WARRIOR (131073), UNITOPERATION_MOVE_TO (19)
009, Adding, 12, UNIT_WARRIOR (196610), UNITOPERATION_MOVE_TO (19)
009, Can't Start, 12, UNIT_BUILDER (262144), UNITOPERATION_BUILD_IMPROVEMENT (2)
009, Adding, 13, UNIT_BUILDER (262144), UNITOPERATION_REMOVE_FEATURE (28)
009, Can't Start, 13, UNIT_BUILDER (262144), UNITOPERATION_REMOVE_FEATURE (28)
009, Adding, 13, UNIT_BUILDER (262144), UNITOPERATION_BUILD_IMPROVEMENT (2)
009, Can't Start, 13, UNIT_BUILDER (262144), UNITOPERATION_BUILD_IMPROVEMENT (2)
009, Adding, 13, UNIT_WARRIOR (131073), UNITOPERATION_MOVE_TO (19)
009, Adding, 13, UNIT_WARRIOR (196610), UNITOPERATION_MOVE_TO (19)
009, Adding, 14, UNIT_BUILDER (262144), UNITOPERATION_HARVEST_RESOURCE (16)
009, Can't Start, 14, UNIT_BUILDER (262144), UNITOPERATION_HARVEST_RESOURCE (16)
009, Adding, 14, UNIT_BUILDER (262144), UNITOPERATION_BUILD_IMPROVEMENT (2)
009, Can't Start, 14, UNIT_BUILDER (262144), UNITOPERATION_BUILD_IMPROVEMENT (2)
009, Adding, 14, UNIT_WARRIOR (131073), UNITOPERATION_MOVE_TO (19)
009, Adding, 14, UNIT_WARRIOR (196610), UNITOPERATION_MOVE_TO (19)
009, Adding, 15, UNIT_BUILDER (262144), UNITOPERATION_BUILD_IMPROVEMENT (2)
009, Adding, 15, UNIT_WARRIOR (131073), UNITOPERATION_MOVE_TO (19)
009, Adding, 15, UNIT_WARRIOR (196610), UNITOPERATION_MOVE_TO (19)
009, Adding, 16, UNIT_BUILDER (262144), UNITOPERATION_REMOVE_FEATURE (28)
009, Can't Start, 16, UNIT_BUILDER (262144), UNITOPERATION_REMOVE_FEATURE (28)
009, Adding, 16, UNIT_BUILDER (262144), UNITOPERATION_BUILD_IMPROVEMENT (2)
009, Can't Start, 16, UNIT_BUILDER (262144), UNITOPERATION_BUILD_IMPROVEMENT (2)
009, Adding, 16, UNIT_WARRIOR (131073), UNITOPERATION_MOVE_TO (19)
009, Adding, 16, UNIT_WARRIOR (196610), UNITOPERATION_MOVE_TO (19)
009, Adding, 17, UNIT_WARRIOR (131073), UNITOPERATION_MOVE_TO (19)
009, Adding, 17, UNIT_WARRIOR (196610), UNITOPERATION_MOVE_TO (19)
009, Adding, 17, UNIT_BUILDER (262144), UNITOPERATION_SKIP_TURN (36)
009, Adding, 0, UNIT_BUILDER (327683), UNITOPERATION_MOVE_TO (19)
009, Adding, 0, UNIT_BUILDER (327683), UNITOPERATION_MOVE_TO (19)
009, Adding, 0, UNIT_BUILDER (327683), UNITOPERATION_MOVE_TO (19)
009, Adding, 2, UNIT_WARRIOR (131073), UNITOPERATION_MOVE_TO (19)
009, Adding, 3, UNIT_SETTLER (458757), UNITOPERATION_MOVE_TO (19)
009, Adding, 0, UNIT_VAMPIRE (262146), UNITOPERATION_MOVE_TO (19)
009, Adding, 2, UNIT_SCOUT (327683), UNITOPERATION_MOVE_TO (19)
009, Adding, 1, UNIT_BUILDER (262146), UNITOPERATION_MOVE_TO (19)
009, Adding, 1, UNIT_BUILDER (262146), UNITOPERATION_MOVE_TO (19)
009, Adding, 1, UNIT_BUILDER (262146), UNITOPERATION_MOVE_TO (19)
009, Adding, 0, UNIT_SETTLER (393220), UNITOPERATION_MOVE_TO (19)
009, Adding, 2, UNIT_SCOUT (262146), UNITOPERATION_MOVE_TO (19)
009, Adding, 2, UNIT_SCOUT (262146), UNITOPERATION_MOVE_TO (19)
009, Adding, 1, UNIT_BABYLONIAN_SABUM_KIBITTUM (196608), UNITOPERATION_MOVE_TO (19)
009, Adding, 2, UNIT_SCOUT (196608), UNITOPERATION_MOVE_TO (19)
009, Adding, 2, UNIT_SCOUT (196608), UNITOPERATION_MOVE_TO (19)
009, Adding, 3, UNIT_SETTLER (458757), UNITOPERATION_MOVE_TO (19)
009, Adding, 1, UNIT_BABYLONIAN_SABUM_KIBITTUM (196608), UNITOPERATION_MOVE_TO (19)
009, Adding, 0, UNIT_SCOUT (196608), UNITOPERATION_MOVE_TO (19)
009, Adding, 3, UNIT_BUILDER (327683), UNITOPERATION_MOVE_TO (19)
009, Adding, 0, UNIT_SCOUT (196608), UNITOPERATION_MOVE_TO (19)
009, Adding, 1, UNIT_WARRIOR (131073), UNITOPERATION_MOVE_TO (19)
009, Adding, 3, UNIT_VAMPIRE (196608), UNITOPERATION_MOVE_TO (19)
009, Adding, 1, UNIT_WARRIOR (131073), UNITOPERATION_MOVE_TO (19)
009, Adding, 3, UNIT_VAMPIRE (196608), UNITOPERATION_MOVE_TO (19)
009, Adding, 1, UNIT_WARRIOR (131073), UNITOPERATION_MOVE_TO (19)
009, Adding, 3, UNIT_SCOUT (393220), UNITOPERATION_MOVE_TO (19)
009, Adding, 3, UNIT_SCOUT (393220), UNITOPERATION_MOVE_TO (19)
009, Adding, 3, UNIT_SCOUT (393220), UNITOPERATION_MOVE_TO (19)
009, Adding, 0, UNIT_BUILDER (458757), UNITOPERATION_MOVE_TO (19)
009, Adding, 1, UNIT_SETTLER (393220), UNITOPERATION_MOVE_TO (19)
009, Adding, 0, UNIT_BUILDER (458757), UNITOPERATION_MOVE_TO (19)
009, Adding, 1, UNIT_BUILDER (327683), UNITOPERATION_REMOVE_FEATURE (28)
009, Adding, 0, UNIT_BUILDER (458757), UNITOPERATION_MOVE_TO (19)
009, Adding, 3, UNIT_WARRIOR (131073), UNITOPERATION_MOVE_TO (19)
009, Adding, 3, UNIT_WARRIOR (131073), UNITOPERATION_MOVE_TO (19)
009, Adding, 0, UNIT_WARRIOR (131073), UNITOPERATION_MOVE_TO (19)
009, Adding, 3, UNIT_SCOUT (262146), UNITOPERATION_MOVE_TO (19)
009, Adding, 3, UNIT_SCOUT (262146), UNITOPERATION_MOVE_TO (19)
009, Adding, 2, UNIT_WARRIOR (131073), UNITOPERATION_MOVE_TO (19)
009, Adding, 2, UNIT_SCOUT (196608), UNITOPERATION_SKIP_TURN (36)
009, Adding, 2, UNIT_SCOUT (262146), UNITOPERATION_SKIP_TURN (36)
009, Adding, 2, UNIT_SCOUT (327683), UNITOPERATION_SKIP_TURN (36)
009, Adding, 0, UNIT_WARRIOR (131073), UNITOPERATION_MOVE_TO (19)
009, Adding, 0, UNIT_VAMPIRE (262146), UNITOPERATION_MOVE_TO (19)
009, Adding, 0, UNIT_SETTLER (393220), UNITOPERATION_MOVE_TO (19)
009, Adding, 0, UNIT_SCOUT (196608), UNITOPERATION_SKIP_TURN (36)
009, Adding, 0, UNIT_BUILDER (327683), UNITOPERATION_SKIP_TURN (36)
009, Adding, 0, UNIT_SETTLER (393220), UNITOPERATION_SKIP_TURN (36)
009, Adding, 0, UNIT_BUILDER (458757), UNITOPERATION_SKIP_TURN (36)
009, Adding, 3, UNIT_VAMPIRE (196608), UNITOPERATION_MOVE_TO (19)
009, Adding, 3, UNIT_WARRIOR (131073), UNITOPERATION_MOVE_TO (19)
009, Adding, 3, UNIT_SETTLER (458757), UNITOPERATION_MOVE_TO (19)
009, Adding, 3, UNIT_SCOUT (262146), UNITOPERATION_SKIP_TURN (36)
009, Adding, 3, UNIT_BUILDER (327683), UNITOPERATION_SKIP_TURN (36)
009, Adding, 3, UNIT_SCOUT (393220), UNITOPERATION_SKIP_TURN (36)
009, Adding, 3, UNIT_SETTLER (458757), UNITOPERATION_SKIP_TURN (36)
Unit operation handler f4921fdc, is disabled
Unit operation handler a92585ad, is disabled
Unit operation handler 6e290af6, is disabled
Unit operation handler 8c676517, is disabled
001, Adding, 5, UNIT_SETTLER (65536), UNITOPERATION_MOVE_TO (19)
001, Can't Start, 5, UNIT_SETTLER (65536), UNITOPERATION_MOVE_TO (19)
001, Adding, 5, UNIT_SETTLER (65536), UNITOPERATION_FOUND_CITY (14)
001, Adding, 5, UNIT_WARRIOR (131073), UNITOPERATION_MOVE_TO (19)
001, Adding, 5, UNIT_WARRIOR (131073), UNITOPERATION_SKIP_TURN (36)
001, Adding, 6, UNIT_SETTLER (65536), UNITOPERATION_MOVE_TO (19)
001, Can't Start, 6, UNIT_SETTLER (65536), UNITOPERATION_MOVE_TO (19)
001, Adding, 6, UNIT_SETTLER (65536), UNITOPERATION_FOUND_CITY (14)
001, Adding, 6, UNIT_WARRIOR (131073), UNITOPERATION_MOVE_TO (19)
001, Adding, 6, UNIT_WARRIOR (131073), UNITOPERATION_SKIP_TURN (36)
001, Adding, 7, UNIT_SETTLER (65536), UNITOPERATION_MOVE_TO (19)
001, Adding, 7, UNIT_SETTLER (65536), UNITOPERATION_FOUND_CITY (14)
001, Adding, 7, UNIT_WARRIOR (131073), UNITOPERATION_MOVE_TO (19)
001, Adding, 7, UNIT_WARRIOR (131073), UNITOPERATION_MOVE_TO (19)
001, Adding, 7, UNIT_WARRIOR (131073), UNITOPERATION_SKIP_TURN (36)
001, Adding, 8, UNIT_SETTLER (65536), UNITOPERATION_MOVE_TO (19)
001, Adding, 8, UNIT_SETTLER (65536), UNITOPERATION_FOUND_CITY (14)
001, Adding, 8, UNIT_WARRIOR (131073), UNITOPERATION_MOVE_TO (19)
001, Adding, 8, UNIT_WARRIOR (131073), UNITOPERATION_SKIP_TURN (36)
001, Adding, 9, UNIT_SETTLER (65536), UNITOPERATION_MOVE_TO (19)
001, Can't Start, 9, UNIT_SETTLER (65536), UNITOPERATION_MOVE_TO (19)
001, Adding, 9, UNIT_SETTLER (65536), UNITOPERATION_FOUND_CITY (14)
001, Adding, 9, UNIT_WARRIOR (131073), UNITOPERATION_MOVE_TO (19)
001, Adding, 10, UNIT_SETTLER (65536), UNITOPERATION_FOUND_CITY (14)
001, Adding, 10, UNIT_WARRIOR (131073), UNITOPERATION_SKIP_TURN (36)
001, Adding, 10, UNIT_WARRIOR (196610), UNITOPERATION_SKIP_TURN (36)
001, Adding, 11, UNIT_SETTLER (65536), UNITOPERATION_FOUND_CITY (14)
001, Adding, 11, UNIT_WARRIOR (131073), UNITOPERATION_SKIP_TURN (36)
001, Adding, 11, UNIT_WARRIOR (196610), UNITOPERATION_SKIP_TURN (36)
001, Adding, 12, UNIT_SETTLER (65536), UNITOPERATION_FOUND_CITY (14)
001, Adding, 12, UNIT_WARRIOR (131073), UNITOPERATION_SKIP_TURN (36)
001, Adding, 12, UNIT_WARRIOR (196610), UNITOPERATION_SKIP_TURN (36)
001, Adding, 13, UNIT_SETTLER (65536), UNITOPERATION_FOUND_CITY (14)
001, Adding, 13, UNIT_WARRIOR (131073), UNITOPERATION_SKIP_TURN (36)
001, Adding, 13, UNIT_WARRIOR (196610), UNITOPERATION_SKIP_TURN (36)
001, Adding, 14, UNIT_SETTLER (65536), UNITOPERATION_FOUND_CITY (14)
001, Adding, 14, UNIT_WARRIOR (131073), UNITOPERATION_SKIP_TURN (36)
001, Adding, 14, UNIT_WARRIOR (196610), UNITOPERATION_SKIP_TURN (36)
001, Adding, 15, UNIT_SETTLER (65536), UNITOPERATION_FOUND_CITY (14)
001, Adding, 15, UNIT_WARRIOR (131073), UNITOPERATION_SKIP_TURN (36)
001, Adding, 15, UNIT_WARRIOR (196610), UNITOPERATION_SKIP_TURN (36)
001, Adding, 16, UNIT_SETTLER (65536), UNITOPERATION_FOUND_CITY (14)
001, Adding, 16, UNIT_WARRIOR (131073), UNITOPERATION_SKIP_TURN (36)
001, Adding, 16, UNIT_WARRIOR (196610), UNITOPERATION_SKIP_TURN (36)
001, Adding, 17, UNIT_SETTLER (65536), UNITOPERATION_FOUND_CITY (14)
001, Adding, 17, UNIT_WARRIOR (131073), UNITOPERATION_SKIP_TURN (36)
001, Adding, 17, UNIT_WARRIOR (196610), UNITOPERATION_SKIP_TURN (36)
001, Adding, 18, UNIT_SETTLER (65536), UNITOPERATION_FOUND_CITY (14)
001, Adding, 18, UNIT_WARRIOR (131073), UNITOPERATION_SKIP_TURN (36)
001, Adding, 18, UNIT_WARRIOR (196610), UNITOPERATION_SKIP_TURN (36)
001, Adding, 19, UNIT_SETTLER (65536), UNITOPERATION_FOUND_CITY (14)
001, Adding, 19, UNIT_WARRIOR (131073), UNITOPERATION_SKIP_TURN (36)
001, Adding, 19, UNIT_WARRIOR (196610), UNITOPERATION_SKIP_TURN (36)
001, Adding, 20, UNIT_SETTLER (65536), UNITOPERATION_FOUND_CITY (14)
001, Adding, 20, UNIT_WARRIOR (131073), UNITOPERATION_SKIP_TURN (36)
001, Adding, 20, UNIT_WARRIOR (196610), UNITOPERATION_SKIP_TURN (36)
001, Adding, 21, UNIT_SETTLER (65536), UNITOPERATION_MOVE_TO (19)
001, Adding, 21, UNIT_WARRIOR (131073), UNITOPERATION_SKIP_TURN (36)
001, Adding, 21, UNIT_WARRIOR (196610), UNITOPERATION_SKIP_TURN (36)
001, Adding, 2, UNIT_WARRIOR (131073), UNITOPERATION_MOVE_TO (19)
001, Adding, 1, UNIT_WARRIOR (131073), UNITOPERATION_MOVE_TO (19)
001, Adding, 3, UNIT_SETTLER (65536), UNITOPERATION_MOVE_TO (19)
001, Adding, 0, UNIT_SETTLER (65536), UNITOPERATION_MOVE_TO (19)
001, Adding, 0, UNIT_SETTLER (65536), UNITOPERATION_FOUND_CITY (14)
001, Adding, 1, UNIT_WARRIOR (131073), UNITOPERATION_MOVE_TO (19)
001, Adding, 0, UNIT_WARRIOR (131073), UNITOPERATION_MOVE_TO (19)
001, Adding, 4, UNIT_SETTLER (65536), UNITOPERATION_MOVE_TO (19)
001, Adding, 3, UNIT_SETTLER (65536), UNITOPERATION_FOUND_CITY (14)
001, Adding, 3, UNIT_WARRIOR (131073), UNITOPERATION_MOVE_TO (19)
001, Adding, 3, UNIT_WARRIOR (131073), UNITOPERATION_MOVE_TO (19)
001, Adding, 4, UNIT_WARRIOR (131073), UNITOPERATION_MOVE_TO (19)
001, Adding, 4, UNIT_WARRIOR (131073), UNITOPERATION_MOVE_TO (19)
001, Adding, 2, UNIT_SETTLER (65536), UNITOPERATION_MOVE_TO (19)
001, Adding, 2, UNIT_SETTLER (65536), UNITOPERATION_FOUND_CITY (14)
001, Adding, 4, UNIT_SETTLER (65536), UNITOPERATION_FOUND_CITY (14)
001, Adding, 1, UNIT_SETTLER (65536), UNITOPERATION_MOVE_TO (19)
001, Adding, 1, UNIT_SETTLER (65536), UNITOPERATION_FOUND_CITY (14)
001, Adding, 1, UNIT_WARRIOR (131073), UNITOPERATION_MOVE_TO (19)
002, Adding, 5, UNIT_WARRIOR (131073), UNITOPERATION_MOVE_TO (19)
002, Adding, 5, UNIT_SETTLER (196610), UNITOPERATION_SWAP_UNITS (49)
002, Can't Start, 5, UNIT_SETTLER (196610), UNITOPERATION_SWAP_UNITS (49)
002, Adding, 5, UNIT_SETTLER (196610), UNITOPERATION_MOVE_TO (19)
002, Adding, 5, UNIT_SETTLER (196610), UNITOPERATION_MOVE_TO (19)
002, Adding, 5, UNIT_WARRIOR (131073), UNITOPERATION_MOVE_TO (19)
002, Adding, 5, UNIT_SCOUT (262147), UNITOPERATION_MOVE_TO (19)
002, Adding, 6, UNIT_WARRIOR (131073), UNITOPERATION_MOVE_TO (19)
002, Adding, 6, UNIT_SETTLER (196610), UNITOPERATION_SWAP_UNITS (49)
002, Can't Start, 6, UNIT_SETTLER (196610), UNITOPERATION_SWAP_UNITS (49)
002, Adding, 6, UNIT_SETTLER (196610), UNITOPERATION_MOVE_TO (19)
002, Adding, 6, UNIT_SETTLER (196610), UNITOPERATION_MOVE_TO (19)
002, Adding, 6, UNIT_SETTLER (196610), UNITOPERATION_MOVE_TO (19)
002, Adding, 6, UNIT_WARRIOR (131073), UNITOPERATION_MOVE_TO (19)
002, Adding, 6, UNIT_SCOUT (262147), UNITOPERATION_MOVE_TO (19)
002, Adding, 7, UNIT_WARRIOR (131073), UNITOPERATION_MOVE_TO (19)
002, Adding, 7, UNIT_SETTLER (196610), UNITOPERATION_SWAP_UNITS (49)
002, Can't Start, 7, UNIT_SETTLER (196610), UNITOPERATION_SWAP_UNITS (49)
002, Adding, 7, UNIT_SETTLER (196610), UNITOPERATION_MOVE_TO (19)
002, Adding, 7, UNIT_SETTLER (196610), UNITOPERATION_MOVE_TO (19)
002, Adding, 7, UNIT_WARRIOR (131073), UNITOPERATION_MOVE_TO (19)
002, Adding, 7, UNIT_SCOUT (262147), UNITOPERATION_MOVE_TO (19)
002, Adding, 8, UNIT_WARRIOR (131073), UNITOPERATION_MOVE_TO (19)
002, Adding, 8, UNIT_SETTLER (196610), UNITOPERATION_SWAP_UNITS (49)
002, Can't Start, 8, UNIT_SETTLER (196610), UNITOPERATION_SWAP_UNITS (49)
002, Adding, 8, UNIT_SETTLER (196610), UNITOPERATION_MOVE_TO (19)
002, Adding, 8, UNIT_SETTLER (196610), UNITOPERATION_MOVE_TO (19)
002, Adding, 8, UNIT_SETTLER (196610), UNITOPERATION_MOVE_TO (19)
002, Adding, 8, UNIT_WARRIOR (131073), UNITOPERATION_MOVE_TO (19)
002, Adding, 8, UNIT_SCOUT (262147), UNITOPERATION_MOVE_TO (19)
002, Adding, 8, UNIT_SCOUT (262147), UNITOPERATION_MOVE_TO (19)
002, Adding, 9, UNIT_WARRIOR (131073), UNITOPERATION_MOVE_TO (19)
002, Adding, 9, UNIT_SETTLER (196610), UNITOPERATION_SWAP_UNITS (49)
002, Can't Start, 9, UNIT_SETTLER (196610), UNITOPERATION_SWAP_UNITS (49)
002, Adding, 9, UNIT_SETTLER (196610), UNITOPERATION_MOVE_TO (19)
002, Adding, 9, UNIT_SETTLER (196610), UNITOPERATION_MOVE_TO (19)
002, Adding, 9, UNIT_SETTLER (196610), UNITOPERATION_MOVE_TO (19)
002, Adding, 9, UNIT_WARRIOR (131073), UNITOPERATION_MOVE_TO (19)
002, Adding, 9, UNIT_SCOUT (262147), UNITOPERATION_MOVE_TO (19)
002, Adding, 9, UNIT_SCOUT (262147), UNITOPERATION_MOVE_TO (19)
002, Adding, 10, UNIT_WARRIOR (131073), UNITOPERATION_MOVE_TO (19)
002, Adding, 10, UNIT_WARRIOR (196610), UNITOPERATION_MOVE_TO (19)
002, Adding, 11, UNIT_WARRIOR (131073), UNITOPERATION_MOVE_TO (19)
002, Adding, 11, UNIT_WARRIOR (196610), UNITOPERATION_MOVE_TO (19)
002, Adding, 12, UNIT_WARRIOR (131073), UNITOPERATION_MOVE_TO (19)
002, Adding, 12, UNIT_WARRIOR (196610), UNITOPERATION_MOVE_TO (19)
002, Adding, 13, UNIT_WARRIOR (131073), UNITOPERATION_MOVE_TO (19)
002, Adding, 13, UNIT_WARRIOR (196610), UNITOPERATION_MOVE_TO (19)
002, Adding, 14, UNIT_WARRIOR (131073), UNITOPERATION_MOVE_TO (19)
002, Adding, 14, UNIT_WARRIOR (196610), UNITOPERATION_MOVE_TO (19)
002, Adding, 15, UNIT_WARRIOR (131073), UNITOPERATION_MOVE_TO (19)
002, Adding, 15, UNIT_WARRIOR (196610), UNITOPERATION_MOVE_TO (19)
002, Adding, 16, UNIT_WARRIOR (131073), UNITOPERATION_MOVE_TO (19)
002, Adding, 16, UNIT_WARRIOR (196610), UNITOPERATION_MOVE_TO (19)
002, Adding, 17, UNIT_WARRIOR (131073), UNITOPERATION_MOVE_TO (19)
002, Adding, 17, UNIT_WARRIOR (196610), UNITOPERATION_MOVE_TO (19)
002, Adding, 18, UNIT_WARRIOR (131073), UNITOPERATION_MOVE_TO (19)
002, Adding, 18, UNIT_WARRIOR (196610), UNITOPERATION_MOVE_TO (19)
002, Adding, 19, UNIT_WARRIOR (131073), UNITOPERATION_MOVE_TO (19)
002, Adding, 19, UNIT_WARRIOR (196610), UNITOPERATION_MOVE_TO (19)
002, Adding, 20, UNIT_WARRIOR (131073), UNITOPERATION_MOVE_TO (19)
002, Adding, 20, UNIT_WARRIOR (196610), UNITOPERATION_MOVE_TO (19)
002, Adding, 21, UNIT_SETTLER (65536), UNITOPERATION_MOVE_TO (19)
002, Adding, 21, UNIT_WARRIOR (131073), UNITOPERATION_SKIP_TURN (36)
002, Adding, 21, UNIT_WARRIOR (196610), UNITOPERATION_SKIP_TURN (36)
002, Adding, 2, UNIT_WARRIOR (131073), UNITOPERATION_MOVE_TO (19)
002, Adding, 1, UNIT_WARRIOR (131073), UNITOPERATION_MOVE_TO (19)
002, Adding, 0, UNIT_WARRIOR (131073), UNITOPERATION_MOVE_TO (19)
002, Adding, 4, UNIT_WARRIOR (131073), UNITOPERATION_MOVE_TO (19)
002, Adding, 1, UNIT_WARRIOR (131073), UNITOPERATION_MOVE_TO (19)
002, Adding, 3, UNIT_WARRIOR (131073), UNITOPERATION_MOVE_TO (19)
002, Adding, 4, UNIT_WARRIOR (131073), UNITOPERATION_MOVE_TO (19)
002, Adding, 1, UNIT_WARRIOR (131073), UNITOPERATION_MOVE_TO (19)
002, Adding, 1, UNIT_WARRIOR (131073), UNITOPERATION_MOVE_TO (19)
002, Adding, 4, UNIT_VAMPIRE (196608), UNITOPERATION_MOVE_TO (19)
002, Adding, 4, UNIT_VAMPIRE (196608), UNITOPERATION_MOVE_TO (19)
003, Adding, 5, UNIT_SETTLER (196610), UNITOPERATION_MOVE_TO (19)
003, Adding, 5, UNIT_WARRIOR (131073), UNITOPERATION_MOVE_TO (19)
003, Adding, 5, UNIT_SETTLER (196610), UNITOPERATION_MOVE_TO (19)
003, Adding, 5, UNIT_SCOUT (262147), UNITOPERATION_MOVE_TO (19)
003, Adding, 5, UNIT_SCOUT (262147), UNITOPERATION_MOVE_TO (19)
003, Adding, 6, UNIT_SETTLER (196610), UNITOPERATION_MOVE_TO (19)
003, Adding, 6, UNIT_WARRIOR (131073), UNITOPERATION_MOVE_TO (19)
003, Can't Start, 6, UNIT_WARRIOR (131073), UNITOPERATION_MOVE_TO (19)
003, Adding, 6, UNIT_SCOUT (262147), UNITOPERATION_MOVE_TO (19)
003, Adding, 6, UNIT_SCOUT (262147), UNITOPERATION_MOVE_TO (19)
003, Adding, 6, UNIT_SCOUT (262147), UNITOPERATION_MOVE_TO (19)
003, Adding, 7, UNIT_SETTLER (196610), UNITOPERATION_MOVE_TO (19)
003, Adding, 7, UNIT_WARRIOR (131073), UNITOPERATION_MOVE_TO (19)
003, Adding, 7, UNIT_SETTLER (196610), UNITOPERATION_MOVE_TO (19)
003, Adding, 7, UNIT_SETTLER (196610), UNITOPERATION_FOUND_CITY (14)
003, Can't Start, 7, UNIT_SETTLER (196610), UNITOPERATION_FOUND_CITY (14)
003, Adding, 7, UNIT_SCOUT (262147), UNITOPERATION_MOVE_TO (19)
003, Adding, 7, UNIT_SCOUT (262147), UNITOPERATION_MOVE_TO (19)
003, Adding, 7, UNIT_SCOUT (262147), UNITOPERATION_MOVE_TO (19)
003, Can't Start, 7, UNIT_SETTLER (196610), UNITOPERATION_FOUND_CITY (14)
003, Adding, 8, UNIT_SETTLER (196610), UNITOPERATION_MOVE_TO (19)
003, Adding, 8, UNIT_WARRIOR (131073), UNITOPERATION_MOVE_TO (19)
003, Adding, 8, UNIT_SCOUT (262147), UNITOPERATION_MOVE_TO (19)
003, Adding, 8, UNIT_SCOUT (262147), UNITOPERATION_MOVE_TO (19)
003, Adding, 8, UNIT_SCOUT (262147), UNITOPERATION_MOVE_TO (19)
003, Adding, 9, UNIT_SETTLER (196610), UNITOPERATION_MOVE_TO (19)
003, Adding, 9, UNIT_WARRIOR (131073), UNITOPERATION_MOVE_TO (19)
003, Adding, 9, UNIT_SETTLER (196610), UNITOPERATION_MOVE_TO (19)
003, Adding, 9, UNIT_SCOUT (262147), UNITOPERATION_MOVE_TO (19)
003, Adding, 9, UNIT_SCOUT (262147), UNITOPERATION_MOVE_TO (19)
003, Adding, 10, UNIT_WARRIOR (131073), UNITOPERATION_MOVE_TO (19)
003, Adding, 10, UNIT_WARRIOR (196610), UNITOPERATION_MOVE_TO (19)
003, Adding, 11, UNIT_WARRIOR (131073), UNITOPERATION_MOVE_TO (19)
003, Adding, 11, UNIT_WARRIOR (196610), UNITOPERATION_MOVE_TO (19)
003, Adding, 12, UNIT_WARRIOR (131073), UNITOPERATION_MOVE_TO (19)
003, Adding, 12, UNIT_WARRIOR (196610), UNITOPERATION_MOVE_TO (19)
003, Adding, 13, UNIT_WARRIOR (131073), UNITOPERATION_MOVE_TO (19)
003, Adding, 13, UNIT_WARRIOR (196610), UNITOPERATION_MOVE_TO (19)
003, Adding, 14, UNIT_WARRIOR (131073), UNITOPERATION_MOVE_TO (19)
003, Adding, 14, UNIT_WARRIOR (196610), UNITOPERATION_MOVE_TO (19)
003, Adding, 15, UNIT_WARRIOR (131073), UNITOPERATION_MOVE_TO (19)
003, Adding, 15, UNIT_WARRIOR (196610), UNITOPERATION_MOVE_TO (19)
003, Adding, 16, UNIT_WARRIOR (131073), UNITOPERATION_MOVE_TO (19)
003, Adding, 16, UNIT_WARRIOR (196610), UNITOPERATION_MOVE_TO (19)
003, Adding, 17, UNIT_WARRIOR (131073), UNITOPERATION_MOVE_TO (19)
003, Adding, 17, UNIT_WARRIOR (196610), UNITOPERATION_MOVE_TO (19)
003, Adding, 18, UNIT_WARRIOR (131073), UNITOPERATION_MOVE_TO (19)
003, Adding, 18, UNIT_WARRIOR (196610), UNITOPERATION_MOVE_TO (19)
003, Adding, 19, UNIT_WARRIOR (131073), UNITOPERATION_MOVE_TO (19)
003, Adding, 19, UNIT_WARRIOR (196610), UNITOPERATION_MOVE_TO (19)
003, Adding, 20, UNIT_WARRIOR (131073), UNITOPERATION_MOVE_TO (19)
003, Adding, 20, UNIT_WARRIOR (196610), UNITOPERATION_MOVE_TO (19)
003, Adding, 21, UNIT_SETTLER (65536), UNITOPERATION_MOVE_TO (19)
003, Adding, 21, UNIT_WARRIOR (131073), UNITOPERATION_SKIP_TURN (36)
003, Adding, 21, UNIT_WARRIOR (196610), UNITOPERATION_SKIP_TURN (36)
003, Adding, 3, UNIT_WARRIOR (131073), UNITOPERATION_MOVE_TO (19)
003, Adding, 4, UNIT_WARRIOR (131073), UNITOPERATION_MOVE_TO (19)
003, Adding, 4, UNIT_WARRIOR (131073), UNITOPERATION_MOVE_TO (19)
003, Adding, 1, UNIT_WARRIOR (131073), UNITOPERATION_MOVE_TO (19)
003, Adding, 1, UNIT_WARRIOR (131073), UNITOPERATION_MOVE_TO (19)
003, Adding, 2, UNIT_WARRIOR (131073), UNITOPERATION_MOVE_TO (19)
003, Adding, 4, UNIT_VAMPIRE (196608), UNITOPERATION_MOVE_TO (19)
003, Adding, 1, UNIT_WARRIOR (131073), UNITOPERATION_MOVE_TO (19)
003, Adding, 2, UNIT_WARRIOR (131073), UNITOPERATION_MOVE_TO (19)
003, Adding, 0, UNIT_WARRIOR (131073), UNITOPERATION_MOVE_TO (19)
003, Adding, 0, UNIT_VAMPIRE (262146), UNITOPERATION_MOVE_TO (19)
003, Adding, 0, UNIT_BUILDER (196608), UNITOPERATION_MOVE_TO (19)
004, Adding, 5, UNIT_SETTLER (196610), UNITOPERATION_MOVE_TO (19)
004, Adding, 5, UNIT_WARRIOR (131073), UNITOPERATION_MOVE_TO (19)
004, Adding, 5, UNIT_SCOUT (262147), UNITOPERATION_MOVE_TO (19)
004, Adding, 5, UNIT_SCOUT (262147), UNITOPERATION_MOVE_TO (19)
004, Adding, 5, UNIT_SCOUT (262147), UNITOPERATION_MOVE_TO (19)
004, Adding, 6, UNIT_SETTLER (196610), UNITOPERATION_MOVE_TO (19)
004, Adding, 6, UNIT_WARRIOR (131073), UNITOPERATION_MOVE_TO (19)
004, Adding, 6, UNIT_BUILDER (327680), UNITOPERATION_SWAP_UNITS (49)
004, Can't Start, 6, UNIT_BUILDER (327680), UNITOPERATION_SWAP_UNITS (49)
004, Adding, 6, UNIT_BUILDER (327680), UNITOPERATION_MOVE_TO (19)
004, Adding, 6, UNIT_BUILDER (327680), UNITOPERATION_BUILD_IMPROVEMENT (2)
004, Adding, 6, UNIT_SCOUT (262147), UNITOPERATION_MOVE_TO (19)
004, Adding, 6, UNIT_SCOUT (262147), UNITOPERATION_MOVE_TO (19)
004, Adding, 6, UNIT_SCOUT (262147), UNITOPERATION_MOVE_TO (19)
004, Adding, 7, UNIT_SETTLER (196610), UNITOPERATION_MOVE_TO (19)
004, Adding, 7, UNIT_WARRIOR (131073), UNITOPERATION_MOVE_TO (19)
004, Can't Start, 7, UNIT_WARRIOR (131073), UNITOPERATION_MOVE_TO (19)
004, Adding, 7, UNIT_SETTLER (196610), UNITOPERATION_MOVE_TO (19)
004, Adding, 7, UNIT_BUILDER (327680), UNITOPERATION_SWAP_UNITS (49)
004, Can't Start, 7, UNIT_BUILDER (327680), UNITOPERATION_SWAP_UNITS (49)
004, Adding, 7, UNIT_BUILDER (327680), UNITOPERATION_MOVE_TO (19)
004, Adding, 7, UNIT_BUILDER (327680), UNITOPERATION_BUILD_IMPROVEMENT (2)
004, Adding, 7, UNIT_SCOUT (262147), UNITOPERATION_MOVE_TO (19)
004, Adding, 7, UNIT_SCOUT (262147), UNITOPERATION_MOVE_TO (19)
004, Adding, 7, UNIT_SCOUT (262147), UNITOPERATION_MOVE_TO (19)
004, Adding, 8, UNIT_SETTLER (196610), UNITOPERATION_MOVE_TO (19)
004, Adding, 8, UNIT_WARRIOR (131073), UNITOPERATION_MOVE_TO (19)
004, Can't Start, 8, UNIT_WARRIOR (131073), UNITOPERATION_MOVE_TO (19)
004, Adding, 8, UNIT_BUILDER (393220), UNITOPERATION_SWAP_UNITS (49)
004, Can't Start, 8, UNIT_BUILDER (393220), UNITOPERATION_SWAP_UNITS (49)
004, Adding, 8, UNIT_BUILDER (393220), UNITOPERATION_MOVE_TO (19)
004, Adding, 8, UNIT_BUILDER (393220), UNITOPERATION_REMOVE_FEATURE (28)
004, Can't Start, 8, UNIT_BUILDER (393220), UNITOPERATION_REMOVE_FEATURE (28)
004, Adding, 8, UNIT_BUILDER (393220), UNITOPERATION_BUILD_IMPROVEMENT (2)
004, Can't Start, 8, UNIT_BUILDER (393220), UNITOPERATION_BUILD_IMPROVEMENT (2)
004, Adding, 8, UNIT_BUILDER (327680), UNITOPERATION_MOVE_TO (19)
004, Adding, 8, UNIT_SCOUT (262147), UNITOPERATION_MOVE_TO (19)
004, Adding, 8, UNIT_SCOUT (262147), UNITOPERATION_MOVE_TO (19)
004, Can't Start, 8, UNIT_WARRIOR (131073), UNITOPERATION_MOVE_TO (19)
004, Can't Start, 8, UNIT_BUILDER (393220), UNITOPERATION_BUILD_IMPROVEMENT (2)
004, Adding, 9, UNIT_SETTLER (196610), UNITOPERATION_MOVE_TO (19)
004, Adding, 9, UNIT_WARRIOR (131073), UNITOPERATION_MOVE_TO (19)
004, Adding, 9, UNIT_BUILDER (327680), UNITOPERATION_SWAP_UNITS (49)
004, Can't Start, 9, UNIT_BUILDER (327680), UNITOPERATION_SWAP_UNITS (49)
004, Adding, 9, UNIT_BUILDER (327680), UNITOPERATION_MOVE_TO (19)
004, Adding, 9, UNIT_BUILDER (327680), UNITOPERATION_BUILD_IMPROVEMENT (2)
004, Adding, 9, UNIT_SCOUT (262147), UNITOPERATION_MOVE_TO (19)
004, Adding, 9, UNIT_SCOUT (262147), UNITOPERATION_MOVE_TO (19)
004, Adding, 9, UNIT_SCOUT (262147), UNITOPERATION_MOVE_TO (19)
004, Adding, 10, UNIT_WARRIOR (131073), UNITOPERATION_MOVE_TO (19)
004, Adding, 10, UNIT_WARRIOR (196610), UNITOPERATION_MOVE_TO (19)
004, Adding, 11, UNIT_WARRIOR (131073), UNITOPERATION_MOVE_TO (19)
004, Adding, 11, UNIT_WARRIOR (196610), UNITOPERATION_MOVE_TO (19)
004, Adding, 12, UNIT_WARRIOR (131073), UNITOPERATION_MOVE_TO (19)
004, Adding, 12, UNIT_WARRIOR (196610), UNITOPERATION_MOVE_TO (19)
004, Adding, 13, UNIT_WARRIOR (131073), UNITOPERATION_MOVE_TO (19)
004, Adding, 13, UNIT_WARRIOR (196610), UNITOPERATION_MOVE_TO (19)
004, Adding, 14, UNIT_WARRIOR (131073), UNITOPERATION_MOVE_TO (19)
004, Adding, 14, UNIT_WARRIOR (196610), UNITOPERATION_MOVE_TO (19)
004, Adding, 15, UNIT_WARRIOR (131073), UNITOPERATION_MOVE_TO (19)
004, Adding, 15, UNIT_WARRIOR (196610), UNITOPERATION_MOVE_TO (19)
004, Adding, 16, UNIT_WARRIOR (131073), UNITOPERATION_MOVE_TO (19)
004, Adding, 16, UNIT_WARRIOR (196610), UNITOPERATION_MOVE_TO (19)
004, Adding, 17, UNIT_WARRIOR (131073), UNITOPERATION_MOVE_TO (19)
004, Adding, 17, UNIT_WARRIOR (196610), UNITOPERATION_MOVE_TO (19)
004, Adding, 18, UNIT_WARRIOR (131073), UNITOPERATION_MOVE_TO (19)
004, Adding, 18, UNIT_WARRIOR (196610), UNITOPERATION_MOVE_TO (19)
004, Adding, 19, UNIT_WARRIOR (131073), UNITOPERATION_MOVE_TO (19)
004, Adding, 19, UNIT_WARRIOR (196610), UNITOPERATION_MOVE_TO (19)
004, Adding, 20, UNIT_WARRIOR (131073), UNITOPERATION_MOVE_TO (19)
004, Adding, 20, UNIT_WARRIOR (196610), UNITOPERATION_MOVE_TO (19)
004, Adding, 21, UNIT_SETTLER (65536), UNITOPERATION_FOUND_CITY (14)
004, Adding, 21, UNIT_WARRIOR (131073), UNITOPERATION_SKIP_TURN (36)
004, Adding, 21, UNIT_WARRIOR (196610), UNITOPERATION_SKIP_TURN (36)
004, Adding, 2, UNIT_SCOUT (196608), UNITOPERATION_MOVE_TO (19)
004, Adding, 4, UNIT_WARRIOR (131073), UNITOPERATION_MOVE_TO (19)
004, Adding, 4, UNIT_WARRIOR (131073), UNITOPERATION_SKIP_TURN (36)
004, Adding, 1, UNIT_WARRIOR (131073), UNITOPERATION_MOVE_TO (19)
004, Adding, 4, UNIT_SCOUT (262146), UNITOPERATION_MOVE_TO (19)
004, Adding, 0, UNIT_SCOUT (327683), UNITOPERATION_MOVE_TO (19)
004, Adding, 4, UNIT_VAMPIRE (196608), UNITOPERATION_MOVE_TO (19)
004, Adding, 2, UNIT_WARRIOR (131073), UNITOPERATION_MOVE_TO (19)
004, Adding, 3, UNIT_WARRIOR (131073), UNITOPERATION_MOVE_TO (19)
004, Adding, 1, UNIT_BABYLONIAN_SABUM_KIBITTUM (196608), UNITOPERATION_MOVE_TO (19)
004, Adding, 1, UNIT_BABYLONIAN_SABUM_KIBITTUM (196608), UNITOPERATION_MOVE_TO (19)
004, Adding, 0, UNIT_WARRIOR (131073), UNITOPERATION_MOVE_TO (19)
004, Adding, 1, UNIT_BABYLONIAN_SABUM_KIBITTUM (196608), UNITOPERATION_MOVE_TO (19)
004, Adding, 3, UNIT_SCOUT (196608), UNITOPERATION_MOVE_TO (19)
004, Adding, 0, UNIT_WARRIOR (131073), UNITOPERATION_MOVE_TO (19)
004, Adding, 3, UNIT_SCOUT (196608), UNITOPERATION_MOVE_TO (19)
004, Adding, 0, UNIT_BUILDER (196608), UNITOPERATION_SKIP_TURN (36)
004, Adding, 0, UNIT_VAMPIRE (262146), UNITOPERATION_MOVE_TO (19)
004, Adding, 1, UNIT_WARRIOR (131073), UNITOPERATION_MOVE_TO (19)
005, Adding, 5, UNIT_SETTLER (196610), UNITOPERATION_MOVE_TO (19)
005, Adding, 5, UNIT_WARRIOR (131073), UNITOPERATION_MOVE_TO (19)
005, Can't Start, 5, UNIT_WARRIOR (131073), UNITOPERATION_MOVE_TO (19)
005, Adding, 5, UNIT_BUILDER (327680), UNITOPERATION_SWAP_UNITS (49)
005, Can't Start, 5, UNIT_BUILDER (327680), UNITOPERATION_SWAP_UNITS (49)
005, Adding, 5, UNIT_BUILDER (327680), UNITOPERATION_MOVE_TO (19)
005, Adding, 5, UNIT_BUILDER (327680), UNITOPERATION_BUILD_IMPROVEMENT (2)
005, Can't Start, 5, UNIT_BUILDER (327680), UNITOPERATION_BUILD_IMPROVEMENT (2)
005, Adding, 5, UNIT_SCOUT (262147), UNITOPERATION_MOVE_TO (19)
005, Adding, 5, UNIT_SCOUT (262147), UNITOPERATION_MOVE_TO (19)
005, Can't Start, 5, UNIT_BUILDER (327680), UNITOPERATION_BUILD_IMPROVEMENT (2)
005, Can't Start, 5, UNIT_WARRIOR (131073), UNITOPERATION_MOVE_TO (19)
005, Adding, 6, UNIT_SETTLER (196610), UNITOPERATION_MOVE_TO (19)
005, Adding, 6, UNIT_WARRIOR (131073), UNITOPERATION_MOVE_TO (19)
005, Can't Start, 6, UNIT_WARRIOR (131073), UNITOPERATION_MOVE_TO (19)
005, Adding, 6, UNIT_BUILDER (327680), UNITOPERATION_SWAP_UNITS (49)
005, Can't Start, 6, UNIT_BUILDER (327680), UNITOPERATION_SWAP_UNITS (49)
005, Adding, 6, UNIT_BUILDER (327680), UNITOPERATION_MOVE_TO (19)
005, Adding, 6, UNIT_BUILDER (327680), UNITOPERATION_BUILD_IMPROVEMENT (2)
005, Adding, 6, UNIT_SCOUT (262147), UNITOPERATION_MOVE_TO (19)
005, Adding, 6, UNIT_SCOUT (262147), UNITOPERATION_MOVE_TO (19)
005, Adding, 6, UNIT_SCOUT (262147), UNITOPERATION_MOVE_TO (19)
005, Can't Start, 6, UNIT_WARRIOR (131073), UNITOPERATION_MOVE_TO (19)
005, Adding, 7, UNIT_SETTLER (196610), UNITOPERATION_MOVE_TO (19)
005, Adding, 7, UNIT_WARRIOR (131073), UNITOPERATION_MOVE_TO (19)
005, Adding, 7, UNIT_BUILDER (327680), UNITOPERATION_SWAP_UNITS (49)
005, Can't Start, 7, UNIT_BUILDER (327680), UNITOPERATION_SWAP_UNITS (49)
005, Adding, 7, UNIT_BUILDER (327680), UNITOPERATION_MOVE_TO (19)
005, Adding, 7, UNIT_BUILDER (327680), UNITOPERATION_BUILD_IMPROVEMENT (2)
005, Adding, 7, UNIT_SCOUT (262147), UNITOPERATION_MOVE_TO (19)
005, Adding, 7, UNIT_SCOUT (262147), UNITOPERATION_MOVE_TO (19)
005, Adding, 7, UNIT_SCOUT (262147), UNITOPERATION_MOVE_TO (19)
005, Adding, 7, UNIT_SCOUT (262147), UNITOPERATION_MOVE_TO (19)
005, Adding, 7, UNIT_SCOUT (262147), UNITOPERATION_MOVE_TO (19)
005, Adding, 8, UNIT_SETTLER (196610), UNITOPERATION_MOVE_TO (19)
005, Adding, 8, UNIT_WARRIOR (131073), UNITOPERATION_MOVE_TO (19)
005, Can't Start, 8, UNIT_WARRIOR (131073), UNITOPERATION_MOVE_TO (19)
005, Adding, 8, UNIT_SETTLER (196610), UNITOPERATION_FOUND_CITY (14)
005, Adding, 8, UNIT_BUILDER (393220), UNITOPERATION_SWAP_UNITS (49)
005, Can't Start, 8, UNIT_BUILDER (393220), UNITOPERATION_SWAP_UNITS (49)
005, Adding, 8, UNIT_BUILDER (393220), UNITOPERATION_MOVE_TO (19)
005, Adding, 8, UNIT_BUILDER (393220), UNITOPERATION_BUILD_IMPROVEMENT (2)
005, Can't Start, 8, UNIT_BUILDER (393220), UNITOPERATION_BUILD_IMPROVEMENT (2)
005, Adding, 8, UNIT_SCOUT (262147), UNITOPERATION_MOVE_TO (19)
005, Adding, 8, UNIT_SCOUT (262147), UNITOPERATION_MOVE_TO (19)
005, Adding, 8, UNIT_SCOUT (262147), UNITOPERATION_MOVE_TO (19)
005, Adding, 8, UNIT_SCOUT (262147), UNITOPERATION_MOVE_TO (19)
005, Adding, 8, UNIT_SCOUT (458757), UNITOPERATION_MOVE_TO (19)
005, Adding, 8, UNIT_BUILDER (327680), UNITOPERATION_SKIP_TURN (36)
005, Adding, 8, UNIT_SCOUT (458757), UNITOPERATION_SKIP_TURN (36)
005, Can't Start, 8, UNIT_WARRIOR (131073), UNITOPERATION_MOVE_TO (19)
005, Adding, 9, UNIT_SETTLER (196610), UNITOPERATION_MOVE_TO (19)
005, Adding, 9, UNIT_WARRIOR (131073), UNITOPERATION_MOVE_TO (19)
005, Adding, 9, UNIT_BUILDER (327680), UNITOPERATION_SWAP_UNITS (49)
005, Can't Start, 9, UNIT_BUILDER (327680), UNITOPERATION_SWAP_UNITS (49)
005, Adding, 9, UNIT_BUILDER (327680), UNITOPERATION_MOVE_TO (19)
005, Adding, 9, UNIT_BUILDER (327680), UNITOPERATION_BUILD_IMPROVEMENT (2)
005, Can't Start, 9, UNIT_BUILDER (327680), UNITOPERATION_BUILD_IMPROVEMENT (2)
005, Adding, 9, UNIT_SCOUT (262147), UNITOPERATION_MOVE_TO (19)
005, Adding, 9, UNIT_SCOUT (262147), UNITOPERATION_MOVE_TO (19)
005, Adding, 9, UNIT_SCOUT (262147), UNITOPERATION_MOVE_TO (19)
005, Adding, 9, UNIT_SCOUT (262147), UNITOPERATION_MOVE_TO (19)
005, Adding, 9, UNIT_SCOUT (262147), UNITOPERATION_MOVE_TO (19)
005, Adding, 9, UNIT_BUILDER (393220), UNITOPERATION_SKIP_TURN (36)
005, Can't Start, 9, UNIT_BUILDER (327680), UNITOPERATION_BUILD_IMPROVEMENT (2)
005, Adding, 10, UNIT_BUILDER (262144), UNITOPERATION_SWAP_UNITS (49)
005, Can't Start, 10, UNIT_BUILDER (262144), UNITOPERATION_SWAP_UNITS (49)
005, Adding, 10, UNIT_BUILDER (262144), UNITOPERATION_MOVE_TO (19)
005, Adding, 10, UNIT_BUILDER (262144), UNITOPERATION_BUILD_IMPROVEMENT (2)
005, Adding, 10, UNIT_WARRIOR (131073), UNITOPERATION_MOVE_TO (19)
005, Adding, 10, UNIT_WARRIOR (196610), UNITOPERATION_MOVE_TO (19)
005, Adding, 11, UNIT_WARRIOR (131073), UNITOPERATION_MOVE_TO (19)
005, Adding, 11, UNIT_WARRIOR (196610), UNITOPERATION_MOVE_TO (19)
005, Adding, 12, UNIT_WARRIOR (131073), UNITOPERATION_MOVE_TO (19)
005, Adding, 12, UNIT_WARRIOR (196610), UNITOPERATION_MOVE_TO (19)
005, Adding, 12, UNIT_BUILDER (262144), UNITOPERATION_SKIP_TURN (36)
005, Adding, 13, UNIT_WARRIOR (131073), UNITOPERATION_MOVE_TO (19)
005, Adding, 13, UNIT_WARRIOR (196610), UNITOPERATION_MOVE_TO (19)
005, Adding, 14, UNIT_BUILDER (262144), UNITOPERATION_SWAP_UNITS (49)
005, Can't Start, 14, UNIT_BUILDER (262144), UNITOPERATION_SWAP_UNITS (49)
005, Adding, 14, UNIT_BUILDER (262144), UNITOPERATION_MOVE_TO (19)
005, Adding, 14, UNIT_BUILDER (262144), UNITOPERATION_HARVEST_RESOURCE (16)
005, Can't Start, 14, UNIT_BUILDER (262144), UNITOPERATION_HARVEST_RESOURCE (16)
005, Adding, 14, UNIT_BUILDER (262144), UNITOPERATION_BUILD_IMPROVEMENT (2)
005, Can't Start, 14, UNIT_BUILDER (262144), UNITOPERATION_BUILD_IMPROVEMENT (2)
005, Adding, 14, UNIT_WARRIOR (131073), UNITOPERATION_MOVE_TO (19)
005, Adding, 14, UNIT_WARRIOR (196610), UNITOPERATION_MOVE_TO (19)
005, Can't Start, 14, UNIT_BUILDER (262144), UNITOPERATION_BUILD_IMPROVEMENT (2)
005, Adding, 15, UNIT_BUILDER (262144), UNITOPERATION_SWAP_UNITS (49)
005, Can't Start, 15, UNIT_BUILDER (262144), UNITOPERATION_SWAP_UNITS (49)
005, Adding, 15, UNIT_BUILDER (262144), UNITOPERATION_MOVE_TO (19)
005, Adding, 15, UNIT_BUILDER (262144), UNITOPERATION_BUILD_IMPROVEMENT (2)
005, Adding, 15, UNIT_WARRIOR (131073), UNITOPERATION_MOVE_TO (19)
005, Adding, 15, UNIT_WARRIOR (196610), UNITOPERATION_MOVE_TO (19)
005, Adding, 16, UNIT_WARRIOR (131073), UNITOPERATION_MOVE_TO (19)
005, Adding, 16, UNIT_WARRIOR (196610), UNITOPERATION_MOVE_TO (19)
005, Adding, 17, UNIT_BUILDER (262144), UNITOPERATION_SWAP_UNITS (49)
005, Can't Start, 17, UNIT_BUILDER (262144), UNITOPERATION_SWAP_UNITS (49)
005, Adding, 17, UNIT_BUILDER (262144), UNITOPERATION_MOVE_TO (19)
005, Adding, 17, UNIT_BUILDER (262144), UNITOPERATION_BUILD_IMPROVEMENT (2)
005, Adding, 17, UNIT_WARRIOR (131073), UNITOPERATION_MOVE_TO (19)
005, Adding, 17, UNIT_WARRIOR (196610), UNITOPERATION_MOVE_TO (19)
005, Adding, 18, UNIT_WARRIOR (131073), UNITOPERATION_MOVE_TO (19)
005, Adding, 18, UNIT_WARRIOR (196610), UNITOPERATION_MOVE_TO (19)
005, Adding, 19, UNIT_BUILDER (262144), UNITOPERATION_SWAP_UNITS (49)
005, Can't Start, 19, UNIT_BUILDER (262144), UNITOPERATION_SWAP_UNITS (49)
005, Adding, 19, UNIT_BUILDER (262144), UNITOPERATION_MOVE_TO (19)
005, Adding, 19, UNIT_BUILDER (262144), UNITOPERATION_BUILD_IMPROVEMENT (2)
005, Adding, 19, UNIT_WARRIOR (131073), UNITOPERATION_MOVE_TO (19)
005, Adding, 19, UNIT_WARRIOR (196610), UNITOPERATION_MOVE_TO (19)
005, Adding, 20, UNIT_BUILDER (262144), UNITOPERATION_SWAP_UNITS (49)
005, Can't Start, 20, UNIT_BUILDER (262144), UNITOPERATION_SWAP_UNITS (49)
005, Adding, 20, UNIT_BUILDER (262144), UNITOPERATION_MOVE_TO (19)
005, Adding, 20, UNIT_BUILDER (262144), UNITOPERATION_REMOVE_FEATURE (28)
005, Can't Start, 20, UNIT_BUILDER (262144), UNITOPERATION_REMOVE_FEATURE (28)
005, Adding, 20, UNIT_BUILDER (262144), UNITOPERATION_BUILD_IMPROVEMENT (2)
005, Can't Start, 20, UNIT_BUILDER (262144), UNITOPERATION_BUILD_IMPROVEMENT (2)
005, Adding, 20, UNIT_WARRIOR (131073), UNITOPERATION_MOVE_TO (19)
005, Adding, 20, UNIT_WARRIOR (196610), UNITOPERATION_MOVE_TO (19)
005, Can't Start, 20, UNIT_BUILDER (262144), UNITOPERATION_BUILD_IMPROVEMENT (2)
005, Adding, 21, UNIT_WARRIOR (131073), UNITOPERATION_MOVE_TO (19)
005, Adding, 21, UNIT_WARRIOR (196610), UNITOPERATION_MOVE_TO (19)
005, Adding, 3, UNIT_WARRIOR (131073), UNITOPERATION_MOVE_TO (19)
005, Adding, 4, UNIT_WARRIOR (131073), UNITOPERATION_MOVE_TO (19)
005, Adding, 2, UNIT_SCOUT (196608), UNITOPERATION_MOVE_TO (19)
005, Adding, 0, UNIT_BUILDER (196608), UNITOPERATION_BUILD_IMPROVEMENT (2)
005, Adding, 3, UNIT_SCOUT (196608), UNITOPERATION_MOVE_TO (19)
005, Adding, 3, UNIT_SCOUT (196608), UNITOPERATION_MOVE_TO (19)
005, Adding, 1, UNIT_BABYLONIAN_SABUM_KIBITTUM (196608), UNITOPERATION_MOVE_TO (19)
005, Adding, 2, UNIT_WARRIOR (131073), UNITOPERATION_MOVE_TO (19)
005, Adding, 1, UNIT_BABYLONIAN_SABUM_KIBITTUM (196608), UNITOPERATION_MOVE_TO (19)
005, Adding, 1, UNIT_BABYLONIAN_SABUM_KIBITTUM (196608), UNITOPERATION_MOVE_TO (19)
005, Adding, 4, UNIT_VAMPIRE (196608), UNITOPERATION_MOVE_TO (19)
005, Adding, 4, UNIT_VAMPIRE (196608), UNITOPERATION_MOVE_TO (19)
005, Adding, 0, UNIT_SCOUT (327683), UNITOPERATION_MOVE_TO (19)
005, Adding, 1, UNIT_WARRIOR (131073), UNITOPERATION_MOVE_TO (19)
005, Adding, 1, UNIT_WARRIOR (131073), UNITOPERATION_MOVE_TO (19)
005, Adding, 0, UNIT_SCOUT (327683), UNITOPERATION_MOVE_TO (19)
005, Adding, 4, UNIT_WARRIOR (131073), UNITOPERATION_MOVE_TO (19)
005, Adding, 4, UNIT_SCOUT (262146), UNITOPERATION_MOVE_TO (19)
005, Adding, 4, UNIT_SCOUT (262146), UNITOPERATION_MOVE_TO (19)
005, Adding, 4, UNIT_SCOUT (262146), UNITOPERATION_MOVE_TO (19)
005, Adding, 4, UNIT_BUILDER (327683), UNITOPERATION_MOVE_TO (19)
005, Adding, 4, UNIT_BUILDER (327683), UNITOPERATION_SKIP_TURN (36)
005, Adding, 0, UNIT_VAMPIRE (262146), UNITOPERATION_MOVE_TO (19)
005, Adding, 0, UNIT_WARRIOR (131073), UNITOPERATION_MOVE_TO (19)
005, Adding, 1, UNIT_BABYLONIAN_SABUM_KIBITTUM (196608), UNITOPERATION_MOVE_TO (19)
005, Adding, 1, UNIT_BABYLONIAN_SABUM_KIBITTUM (196608), UNITOPERATION_MOVE_TO (19)
006, Adding, 5, UNIT_SETTLER (196610), UNITOPERATION_MOVE_TO (19)
006, Can't Start, 5, UNIT_SETTLER (196610), UNITOPERATION_MOVE_TO (19)
006, Adding, 5, UNIT_WARRIOR (131073), UNITOPERATION_MOVE_TO (19)
006, Can't Start, 5, UNIT_WARRIOR (131073), UNITOPERATION_MOVE_TO (19)
006, Adding, 5, UNIT_SETTLER (196610), UNITOPERATION_FOUND_CITY (14)
006, Adding, 5, UNIT_BUILDER (327680), UNITOPERATION_BUILD_IMPROVEMENT (2)
006, Can't Start, 5, UNIT_BUILDER (327680), UNITOPERATION_BUILD_IMPROVEMENT (2)
006, Adding, 5, UNIT_BUILDER (393220), UNITOPERATION_SWAP_UNITS (49)
006, Can't Start, 5, UNIT_BUILDER (393220), UNITOPERATION_SWAP_UNITS (49)
006, Adding, 5, UNIT_BUILDER (393220), UNITOPERATION_MOVE_TO (19)
006, Adding, 5, UNIT_BUILDER (393220), UNITOPERATION_BUILD_IMPROVEMENT (2)
006, Adding, 5, UNIT_SCOUT (262147), UNITOPERATION_MOVE_TO (19)
006, Adding, 5, UNIT_SCOUT (262147), UNITOPERATION_MOVE_TO (19)
006, Adding, 5, UNIT_SCOUT (262147), UNITOPERATION_MOVE_TO (19)
006, Adding, 5, UNIT_SCOUT (262147), UNITOPERATION_MOVE_TO (19)
006, Adding, 5, UNIT_SCOUT (262147), UNITOPERATION_MOVE_TO (19)
006, Adding, 6, UNIT_SETTLER (196610), UNITOPERATION_MOVE_TO (19)
006, Can't Start, 6, UNIT_SETTLER (196610), UNITOPERATION_MOVE_TO (19)
006, Adding, 6, UNIT_WARRIOR (131073), UNITOPERATION_MOVE_TO (19)
006, Can't Start, 6, UNIT_WARRIOR (131073), UNITOPERATION_MOVE_TO (19)
006, Adding, 6, UNIT_SETTLER (196610), UNITOPERATION_FOUND_CITY (14)
006, Adding, 6, UNIT_SCOUT (262147), UNITOPERATION_MOVE_TO (19)
006, Adding, 6, UNIT_SCOUT (262147), UNITOPERATION_MOVE_TO (19)
006, Adding, 6, UNIT_BUILDER (327680), UNITOPERATION_MOVE_TO (19)
006, Adding, 6, UNIT_BUILDER (327680), UNITOPERATION_MOVE_TO (19)
006, Adding, 6, UNIT_BUILDER (327680), UNITOPERATION_MOVE_TO (19)
006, Adding, 6, UNIT_BUILDER (327680), UNITOPERATION_MOVE_TO (19)
006, Adding, 7, UNIT_SETTLER (196610), UNITOPERATION_MOVE_TO (19)
006, Adding, 7, UNIT_WARRIOR (131073), UNITOPERATION_MOVE_TO (19)
006, Adding, 7, UNIT_SCOUT (262147), UNITOPERATION_MOVE_TO (19)
006, Adding, 7, UNIT_BUILDER (327680), UNITOPERATION_MOVE_TO (19)
006, Adding, 7, UNIT_BUILDER (327680), UNITOPERATION_MOVE_TO (19)
006, Adding, 7, UNIT_BUILDER (327680), UNITOPERATION_MOVE_TO (19)
006, Adding, 7, UNIT_SCOUT (393220), UNITOPERATION_MOVE_TO (19)
006, Adding, 7, UNIT_SCOUT (393220), UNITOPERATION_SKIP_TURN (36)
006, Adding, 8, UNIT_WARRIOR (131073), UNITOPERATION_MOVE_TO (19)
006, Adding, 8, UNIT_SETTLER (524294), UNITOPERATION_SWAP_UNITS (49)
006, Can't Start, 8, UNIT_SETTLER (524294), UNITOPERATION_SWAP_UNITS (49)
006, Adding, 8, UNIT_SETTLER (524294), UNITOPERATION_MOVE_TO (19)
006, Adding, 8, UNIT_SETTLER (524294), UNITOPERATION_MOVE_TO (19)
006, Adding, 8, UNIT_SETTLER (524294), UNITOPERATION_MOVE_TO (19)
006, Adding, 8, UNIT_WARRIOR (131073), UNITOPERATION_MOVE_TO (19)
006, Adding, 8, UNIT_WARRIOR (131073), UNITOPERATION_MOVE_TO (19)
006, Adding, 8, UNIT_BUILDER (393220), UNITOPERATION_SWAP_UNITS (49)
006, Can't Start, 8, UNIT_BUILDER (393220), UNITOPERATION_SWAP_UNITS (49)
006, Adding, 8, UNIT_BUILDER (393220), UNITOPERATION_MOVE_TO (19)
006, Adding, 8, UNIT_BUILDER (327680), UNITOPERATION_SWAP_UNITS (49)
006, Can't Start, 8, UNIT_BUILDER (327680), UNITOPERATION_SWAP_UNITS (49)
006, Adding, 8, UNIT_BUILDER (327680), UNITOPERATION_MOVE_TO (19)
006, Adding, 8, UNIT_SCOUT (262147), UNITOPERATION_MOVE_TO (19)
006, Adding, 8, UNIT_SCOUT (262147), UNITOPERATION_MOVE_TO (19)
006, Adding, 8, UNIT_SCOUT (262147), UNITOPERATION_MOVE_TO (19)
006, Adding, 8, UNIT_SCOUT (262147), UNITOPERATION_MOVE_TO (19)
006, Adding, 8, UNIT_SCOUT (458757), UNITOPERATION_MOVE_TO (19)
006, Adding, 8, UNIT_SCOUT (589831), UNITOPERATION_MOVE_TO (19)
006, Adding, 8, UNIT_SCOUT (458757), UNITOPERATION_SKIP_TURN (36)
006, Adding, 8, UNIT_SCOUT (589831), UNITOPERATION_SKIP_TURN (36)
006, Adding, 9, UNIT_SETTLER (196610), UNITOPERATION_MOVE_TO (19)
006, Adding, 9, UNIT_WARRIOR (131073), UNITOPERATION_MOVE_TO (19)
006, Can't Start, 9, UNIT_WARRIOR (131073), UNITOPERATION_MOVE_TO (19)
006, Adding, 9, UNIT_BUILDER (327680), UNITOPERATION_BUILD_IMPROVEMENT (2)
006, Can't Start, 9, UNIT_BUILDER (327680), UNITOPERATION_BUILD_IMPROVEMENT (2)
006, Adding, 9, UNIT_SCOUT (262147), UNITOPERATION_MOVE_TO (19)
006, Adding, 9, UNIT_SCOUT (262147), UNITOPERATION_MOVE_TO (19)
006, Adding, 9, UNIT_SCOUT (262147), UNITOPERATION_MOVE_TO (19)
006, Adding, 9, UNIT_SCOUT (458757), UNITOPERATION_MOVE_TO (19)
006, Adding, 9, UNIT_SCOUT (458757), UNITOPERATION_MOVE_TO (19)
006, Adding, 9, UNIT_BUILDER (393220), UNITOPERATION_SKIP_TURN (36)
006, Adding, 9, UNIT_SCOUT (458757), UNITOPERATION_SKIP_TURN (36)
006, Can't Start, 9, UNIT_WARRIOR (131073), UNITOPERATION_MOVE_TO (19)
006, Adding, 10, UNIT_BUILDER (262144), UNITOPERATION_SWAP_UNITS (49)
006, Can't Start, 10, UNIT_BUILDER (262144), UNITOPERATION_SWAP_UNITS (49)
006, Adding, 10, UNIT_BUILDER (262144), UNITOPERATION_MOVE_TO (19)
006, Adding, 10, UNIT_BUILDER (262144), UNITOPERATION_BUILD_IMPROVEMENT (2)
006, Adding, 10, UNIT_WARRIOR (131073), UNITOPERATION_MOVE_TO (19)
006, Adding, 10, UNIT_WARRIOR (196610), UNITOPERATION_MOVE_TO (19)
006, Adding, 11, UNIT_BUILDER (262144), UNITOPERATION_SWAP_UNITS (49)
006, Can't Start, 11, UNIT_BUILDER (262144), UNITOPERATION_SWAP_UNITS (49)
006, Adding, 11, UNIT_BUILDER (262144), UNITOPERATION_MOVE_TO (19)
006, Adding, 11, UNIT_BUILDER (262144), UNITOPERATION_BUILD_IMPROVEMENT (2)
006, Adding, 11, UNIT_WARRIOR (131073), UNITOPERATION_MOVE_TO (19)
006, Adding, 11, UNIT_WARRIOR (196610), UNITOPERATION_MOVE_TO (19)
006, Adding, 12, UNIT_BUILDER (262144), UNITOPERATION_SWAP_UNITS (49)
006, Can't Start, 12, UNIT_BUILDER (262144), UNITOPERATION_SWAP_UNITS (49)
006, Adding, 12, UNIT_BUILDER (262144), UNITOPERATION_MOVE_TO (19)
006, Adding, 12, UNIT_BUILDER (262144), UNITOPERATION_BUILD_IMPROVEMENT (2)
006, Can't Start, 12, UNIT_BUILDER (262144), UNITOPERATION_BUILD_IMPROVEMENT (2)
006, Adding, 12, UNIT_WARRIOR (131073), UNITOPERATION_MOVE_TO (19)
006, Adding, 12, UNIT_WARRIOR (196610), UNITOPERATION_MOVE_TO (19)
006, Can't Start, 12, UNIT_BUILDER (262144), UNITOPERATION_BUILD_IMPROVEMENT (2)
006, Adding, 13, UNIT_BUILDER (262144), UNITOPERATION_SWAP_UNITS (49)
006, Can't Start, 13, UNIT_BUILDER (262144), UNITOPERATION_SWAP_UNITS (49)
006, Adding, 13, UNIT_BUILDER (262144), UNITOPERATION_MOVE_TO (19)
006, Adding, 13, UNIT_BUILDER (262144), UNITOPERATION_BUILD_IMPROVEMENT (2)
006, Adding, 13, UNIT_WARRIOR (131073), UNITOPERATION_MOVE_TO (19)
006, Adding, 13, UNIT_WARRIOR (196610), UNITOPERATION_MOVE_TO (19)
006, Adding, 14, UNIT_BUILDER (262144), UNITOPERATION_HARVEST_RESOURCE (16)
006, Can't Start, 14, UNIT_BUILDER (262144), UNITOPERATION_HARVEST_RESOURCE (16)
006, Adding, 14, UNIT_BUILDER (262144), UNITOPERATION_BUILD_IMPROVEMENT (2)
006, Can't Start, 14, UNIT_BUILDER (262144), UNITOPERATION_BUILD_IMPROVEMENT (2)
006, Adding, 14, UNIT_WARRIOR (131073), UNITOPERATION_MOVE_TO (19)
006, Adding, 14, UNIT_WARRIOR (196610), UNITOPERATION_MOVE_TO (19)
006, Adding, 15, UNIT_WARRIOR (131073), UNITOPERATION_MOVE_TO (19)
006, Adding, 15, UNIT_WARRIOR (196610), UNITOPERATION_MOVE_TO (19)
006, Adding, 15, UNIT_BUILDER (262144), UNITOPERATION_SKIP_TURN (36)
006, Adding, 16, UNIT_BUILDER (262144), UNITOPERATION_SWAP_UNITS (49)
006, Can't Start, 16, UNIT_BUILDER (262144), UNITOPERATION_SWAP_UNITS (49)
006, Adding, 16, UNIT_BUILDER (262144), UNITOPERATION_MOVE_TO (19)
006, Adding, 16, UNIT_BUILDER (262144), UNITOPERATION_BUILD_IMPROVEMENT (2)
006, Adding, 16, UNIT_WARRIOR (131073), UNITOPERATION_MOVE_TO (19)
006, Adding, 16, UNIT_WARRIOR (196610), UNITOPERATION_MOVE_TO (19)
006, Adding, 17, UNIT_BUILDER (262144), UNITOPERATION_SWAP_UNITS (49)
006, Can't Start, 17, UNIT_BUILDER (262144), UNITOPERATION_SWAP_UNITS (49)
006, Adding, 17, UNIT_BUILDER (262144), UNITOPERATION_MOVE_TO (19)
006, Adding, 17, UNIT_BUILDER (262144), UNITOPERATION_BUILD_IMPROVEMENT (2)
006, Adding, 17, UNIT_WARRIOR (131073), UNITOPERATION_MOVE_TO (19)
006, Adding, 17, UNIT_WARRIOR (196610), UNITOPERATION_MOVE_TO (19)
006, Adding, 18, UNIT_BUILDER (262144), UNITOPERATION_SWAP_UNITS (49)
006, Can't Start, 18, UNIT_BUILDER (262144), UNITOPERATION_SWAP_UNITS (49)
006, Adding, 18, UNIT_BUILDER (262144), UNITOPERATION_MOVE_TO (19)
006, Adding, 18, UNIT_BUILDER (262144), UNITOPERATION_BUILD_IMPROVEMENT (2)
006, Adding, 18, UNIT_WARRIOR (131073), UNITOPERATION_MOVE_TO (19)
006, Adding, 18, UNIT_WARRIOR (196610), UNITOPERATION_MOVE_TO (19)
006, Adding, 19, UNIT_WARRIOR (131073), UNITOPERATION_MOVE_TO (19)
006, Adding, 19, UNIT_WARRIOR (196610), UNITOPERATION_MOVE_TO (19)
006, Adding, 19, UNIT_BUILDER (262144), UNITOPERATION_SKIP_TURN (36)
006, Adding, 20, UNIT_BUILDER (262144), UNITOPERATION_REMOVE_FEATURE (28)
006, Can't Start, 20, UNIT_BUILDER (262144), UNITOPERATION_REMOVE_FEATURE (28)
006, Adding, 20, UNIT_BUILDER (262144), UNITOPERATION_BUILD_IMPROVEMENT (2)
006, Can't Start, 20, UNIT_BUILDER (262144), UNITOPERATION_BUILD_IMPROVEMENT (2)
006, Adding, 20, UNIT_WARRIOR (131073), UNITOPERATION_MOVE_TO (19)
006, Adding, 20, UNIT_WARRIOR (196610), UNITOPERATION_MOVE_TO (19)
006, Adding, 21, UNIT_WARRIOR (131073), UNITOPERATION_MOVE_TO (19)
006, Adding, 21, UNIT_WARRIOR (196610), UNITOPERATION_MOVE_TO (19)
006, Adding, 4, UNIT_SCOUT (262146), UNITOPERATION_MOVE_TO (19)
006, Adding, 1, UNIT_BABYLONIAN_SABUM_KIBITTUM (262146), UNITOPERATION_MOVE_TO (19)
006, Adding, 3, UNIT_WARRIOR (131073), UNITOPERATION_MOVE_TO (19)
006, Adding, 1, UNIT_BABYLONIAN_SABUM_KIBITTUM (262146), UNITOPERATION_MOVE_TO (19)
006, Adding, 4, UNIT_SCOUT (262146), UNITOPERATION_MOVE_TO (19)
006, Adding, 1, UNIT_BABYLONIAN_SABUM_KIBITTUM (196608), UNITOPERATION_MOVE_TO (19)
006, Adding, 4, UNIT_SCOUT (262146), UNITOPERATION_MOVE_TO (19)
006, Adding, 2, UNIT_SCOUT (262146), UNITOPERATION_MOVE_TO (19)
006, Adding, 3, UNIT_SCOUT (196608), UNITOPERATION_MOVE_TO (19)
006, Adding, 1, UNIT_BABYLONIAN_SABUM_KIBITTUM (196608), UNITOPERATION_MOVE_TO (19)
006, Adding, 4, UNIT_WARRIOR (131073), UNITOPERATION_MOVE_TO (19)
006, Adding, 1, UNIT_BABYLONIAN_SABUM_KIBITTUM (196608), UNITOPERATION_MOVE_TO (19)
006, Adding, 4, UNIT_WARRIOR (131073), UNITOPERATION_MOVE_TO (19)
006, Adding, 3, UNIT_SCOUT (196608), UNITOPERATION_MOVE_TO (19)
006, Adding, 1, UNIT_BABYLONIAN_SABUM_KIBITTUM (196608), UNITOPERATION_MOVE_TO (19)
006, Adding, 0, UNIT_SCOUT (327683), UNITOPERATION_MOVE_TO (19)
006, Adding, 4, UNIT_VAMPIRE (196608), UNITOPERATION_MOVE_TO (19)
006, Adding, 2, UNIT_WARRIOR (131073), UNITOPERATION_MOVE_TO (19)
006, Adding, 4, UNIT_VAMPIRE (196608), UNITOPERATION_BUILD_ROUTE (3)
006, Adding, 0, UNIT_SCOUT (327683), UNITOPERATION_MOVE_TO (19)
006, Adding, 1, UNIT_WARRIOR (131073), UNITOPERATION_MOVE_TO (19)
006, Adding, 1, UNIT_WARRIOR (131073), UNITOPERATION_MOVE_TO (19)
006, Adding, 4, UNIT_BUILDER (327683), UNITOPERATION_BUILD_IMPROVEMENT (2)
006, Adding, 0, UNIT_VAMPIRE (262146), UNITOPERATION_MOVE_TO (19)
006, Adding, 2, UNIT_SCOUT (196608), UNITOPERATION_MOVE_TO (19)
006, Adding, 1, UNIT_WARRIOR (131073), UNITOPERATION_MOVE_TO (19)
006, Adding, 0, UNIT_VAMPIRE (262146), UNITOPERATION_MOVE_TO (19)
006, Adding, 1, UNIT_BABYLONIAN_SABUM_KIBITTUM (262146), UNITOPERATION_MOVE_TO (19)
006, Adding, 0, UNIT_WARRIOR (131073), UNITOPERATION_MOVE_TO (19)
006, Adding, 0, UNIT_WARRIOR (131073), UNITOPERATION_MOVE_TO (19)
006, Adding, 0, UNIT_BUILDER (196608), UNITOPERATION_MOVE_TO (19)
007, Adding, 5, UNIT_WARRIOR (131073), UNITOPERATION_MOVE_TO (19)
007, Adding, 5, UNIT_SETTLER (458757), UNITOPERATION_SWAP_UNITS (49)
007, Can't Start, 5, UNIT_SETTLER (458757), UNITOPERATION_SWAP_UNITS (49)
007, Adding, 5, UNIT_SETTLER (458757), UNITOPERATION_MOVE_TO (19)
007, Adding, 5, UNIT_SETTLER (458757), UNITOPERATION_MOVE_TO (19)
007, Adding, 5, UNIT_WARRIOR (131073), UNITOPERATION_MOVE_TO (19)
007, Adding, 5, UNIT_BUILDER (393220), UNITOPERATION_SWAP_UNITS (49)
007, Can't Start, 5, UNIT_BUILDER (393220), UNITOPERATION_SWAP_UNITS (49)
007, Adding, 5, UNIT_BUILDER (393220), UNITOPERATION_MOVE_TO (19)
007, Adding, 5, UNIT_BUILDER (393220), UNITOPERATION_BUILD_IMPROVEMENT (2)
007, Adding, 5, UNIT_BUILDER (327680), UNITOPERATION_SWAP_UNITS (49)
007, Can't Start, 5, UNIT_BUILDER (327680), UNITOPERATION_SWAP_UNITS (49)
007, Adding, 5, UNIT_BUILDER (327680), UNITOPERATION_MOVE_TO (19)
007, Adding, 5, UNIT_BUILDER (327680), UNITOPERATION_BUILD_IMPROVEMENT (2)
007, Adding, 5, UNIT_SCOUT (262147), UNITOPERATION_MOVE_TO (19)
007, Adding, 5, UNIT_SCOUT (262147), UNITOPERATION_MOVE_TO (19)
007, Adding, 5, UNIT_SCOUT (262147), UNITOPERATION_MOVE_TO (19)
007, Adding, 5, UNIT_SCOUT (262147), UNITOPERATION_MOVE_TO (19)
007, Adding, 5, UNIT_SCOUT (524294), UNITOPERATION_MOVE_TO (19)
007, Adding, 5, UNIT_SCOUT (524294), UNITOPERATION_MOVE_TO (19)
007, Adding, 5, UNIT_SCOUT (524294), UNITOPERATION_SKIP_TURN (36)
007, Adding, 6, UNIT_WARRIOR (131073), UNITOPERATION_MOVE_TO (19)
007, Adding, 6, UNIT_SETTLER (393220), UNITOPERATION_SWAP_UNITS (49)
007, Can't Start, 6, UNIT_SETTLER (393220), UNITOPERATION_SWAP_UNITS (49)
007, Adding, 6, UNIT_SETTLER (393220), UNITOPERATION_MOVE_TO (19)
007, Adding, 6, UNIT_SETTLER (393220), UNITOPERATION_MOVE_TO (19)
007, Adding, 6, UNIT_SETTLER (393220), UNITOPERATION_MOVE_TO (19)
007, Adding, 6, UNIT_WARRIOR (131073), UNITOPERATION_MOVE_TO (19)
007, Adding, 6, UNIT_BUILDER (327680), UNITOPERATION_BUILD_IMPROVEMENT (2)
007, Adding, 6, UNIT_SCOUT (262147), UNITOPERATION_MOVE_TO (19)
007, Adding, 6, UNIT_SCOUT (262147), UNITOPERATION_MOVE_TO (19)
007, Adding, 6, UNIT_SCOUT (524290), UNITOPERATION_MOVE_TO (19)
007, Adding, 6, UNIT_SCOUT (524290), UNITOPERATION_MOVE_TO (19)
007, Adding, 6, UNIT_SCOUT (524290), UNITOPERATION_MOVE_TO (19)
007, Adding, 6, UNIT_SCOUT (458757), UNITOPERATION_MOVE_TO (19)
007, Adding, 6, UNIT_SCOUT (458757), UNITOPERATION_MOVE_TO (19)
007, Adding, 6, UNIT_SCOUT (458757), UNITOPERATION_SKIP_TURN (36)
007, Adding, 7, UNIT_SETTLER (196610), UNITOPERATION_MOVE_TO (19)
007, Adding, 7, UNIT_WARRIOR (131073), UNITOPERATION_MOVE_TO (19)
007, Adding, 7, UNIT_SCOUT (262147), UNITOPERATION_MOVE_TO (19)
007, Adding, 7, UNIT_SCOUT (262147), UNITOPERATION_MOVE_TO (19)
007, Adding, 7, UNIT_BUILDER (327680), UNITOPERATION_MOVE_TO (19)
007, Adding, 7, UNIT_BUILDER (327680), UNITOPERATION_MOVE_TO (19)
007, Adding, 7, UNIT_BUILDER (327680), UNITOPERATION_MOVE_TO (19)
007, Adding, 7, UNIT_SCOUT (393220), UNITOPERATION_MOVE_TO (19)
007, Adding, 7, UNIT_SCOUT (393220), UNITOPERATION_MOVE_TO (19)
007, Adding, 7, UNIT_SCOUT (393220), UNITOPERATION_SKIP_TURN (36)
007, Adding, 8, UNIT_SETTLER (524294), UNITOPERATION_MOVE_TO (19)
007, Adding, 8, UNIT_WARRIOR (131073), UNITOPERATION_MOVE_TO (19)
007, Adding, 8, UNIT_BUILDER (327680), UNITOPERATION_SWAP_UNITS (49)
007, Can't Start, 8, UNIT_BUILDER (327680), UNITOPERATION_SWAP_UNITS (49)
007, Adding, 8, UNIT_BUILDER (327680), UNITOPERATION_MOVE_TO (19)
007, Adding, 8, UNIT_BUILDER (393220), UNITOPERATION_SWAP_UNITS (49)
007, Can't Start, 8, UNIT_BUILDER (393220), UNITOPERATION_SWAP_UNITS (49)
007, Adding, 8, UNIT_BUILDER (393220), UNITOPERATION_MOVE_TO (19)
007, Adding, 8, UNIT_BUILDER (393220), UNITOPERATION_BUILD_IMPROVEMENT (2)
007, Adding, 8, UNIT_SCOUT (458757), UNITOPERATION_MOVE_TO (19)
007, Adding, 8, UNIT_SCOUT (458757), UNITOPERATION_MOVE_TO (19)
007, Adding, 8, UNIT_SCOUT (262147), UNITOPERATION_MOVE_TO (19)
007, Adding, 8, UNIT_SCOUT (262147), UNITOPERATION_MOVE_TO (19)
007, Adding, 8, UNIT_SCOUT (262147), UNITOPERATION_MOVE_TO (19)
007, Adding, 8, UNIT_SCOUT (589831), UNITOPERATION_MOVE_TO (19)
007, Adding, 8, UNIT_SCOUT (589831), UNITOPERATION_MOVE_TO (19)
007, Adding, 8, UNIT_SCOUT (589831), UNITOPERATION_SKIP_TURN (36)
007, Adding, 9, UNIT_SETTLER (196610), UNITOPERATION_MOVE_TO (19)
007, Can't Start, 9, UNIT_SETTLER (196610), UNITOPERATION_MOVE_TO (19)
007, Adding, 9, UNIT_WARRIOR (131073), UNITOPERATION_MOVE_TO (19)
007, Can't Start, 9, UNIT_WARRIOR (131073), UNITOPERATION_MOVE_TO (19)
007, Adding, 9, UNIT_SETTLER (196610), UNITOPERATION_FOUND_CITY (14)
007, Adding, 9, UNIT_BUILDER (327680), UNITOPERATION_SWAP_UNITS (49)
007, Can't Start, 9, UNIT_BUILDER (327680), UNITOPERATION_SWAP_UNITS (49)
007, Adding, 9, UNIT_BUILDER (327680), UNITOPERATION_MOVE_TO (19)
007, Adding, 9, UNIT_BUILDER (327680), UNITOPERATION_BUILD_IMPROVEMENT (2)
007, Adding, 9, UNIT_BUILDER (393220), UNITOPERATION_SWAP_UNITS (49)
007, Can't Start, 9, UNIT_BUILDER (393220), UNITOPERATION_SWAP_UNITS (49)
007, Adding, 9, UNIT_BUILDER (393220), UNITOPERATION_MOVE_TO (19)
007, Adding, 9, UNIT_BUILDER (393220), UNITOPERATION_BUILD_IMPROVEMENT (2)
007, Can't Start, 9, UNIT_BUILDER (393220), UNITOPERATION_BUILD_IMPROVEMENT (2)
007, Adding, 9, UNIT_SCOUT (458757), UNITOPERATION_MOVE_TO (19)
007, Adding, 9, UNIT_SCOUT (262147), UNITOPERATION_MOVE_TO (19)
007, Adding, 9, UNIT_SCOUT (262147), UNITOPERATION_MOVE_TO (19)
007, Adding, 9, UNIT_SCOUT (262147), UNITOPERATION_MOVE_TO (19)
007, Adding, 9, UNIT_SCOUT (262147), UNITOPERATION_MOVE_TO (19)
007, Adding, 9, UNIT_SCOUT (262147), UNITOPERATION_MOVE_TO (19)
007, Adding, 9, UNIT_SCOUT (458757), UNITOPERATION_MOVE_TO (19)
007, Adding, 9, UNIT_SCOUT (458757), UNITOPERATION_SKIP_TURN (36)
007, Can't Start, 9, UNIT_BUILDER (393220), UNITOPERATION_BUILD_IMPROVEMENT (2)
007, Adding, 10, UNIT_BUILDER (262144), UNITOPERATION_SWAP_UNITS (49)
007, Can't Start, 10, UNIT_BUILDER (262144), UNITOPERATION_SWAP_UNITS (49)
007, Adding, 10, UNIT_BUILDER (262144), UNITOPERATION_MOVE_TO (19)
007, Adding, 10, UNIT_BUILDER (262144), UNITOPERATION_REMOVE_FEATURE (28)
007, Can't Start, 10, UNIT_BUILDER (262144), UNITOPERATION_REMOVE_FEATURE (28)
007, Adding, 10, UNIT_BUILDER (262144), UNITOPERATION_BUILD_IMPROVEMENT (2)
007, Can't Start, 10, UNIT_BUILDER (262144), UNITOPERATION_BUILD_IMPROVEMENT (2)
007, Adding, 10, UNIT_WARRIOR (131073), UNITOPERATION_MOVE_TO (19)
007, Adding, 10, UNIT_WARRIOR (196610), UNITOPERATION_MOVE_TO (19)
007, Can't Start, 10, UNIT_BUILDER (262144), UNITOPERATION_BUILD_IMPROVEMENT (2)
007, Adding, 11, UNIT_BUILDER (262144), UNITOPERATION_SWAP_UNITS (49)
007, Can't Start, 11, UNIT_BUILDER (262144), UNITOPERATION_SWAP_UNITS (49)
007, Adding, 11, UNIT_BUILDER (262144), UNITOPERATION_MOVE_TO (19)
007, Adding, 11, UNIT_BUILDER (262144), UNITOPERATION_BUILD_IMPROVEMENT (2)
007, Adding, 11, UNIT_WARRIOR (131073), UNITOPERATION_MOVE_TO (19)
007, Adding, 11, UNIT_WARRIOR (196610), UNITOPERATION_MOVE_TO (19)
007, Adding, 12, UNIT_BUILDER (262144), UNITOPERATION_BUILD_IMPROVEMENT (2)
007, Can't Start, 12, UNIT_BUILDER (262144), UNITOPERATION_BUILD_IMPROVEMENT (2)
007, Adding, 12, UNIT_WARRIOR (131073), UNITOPERATION_MOVE_TO (19)
007, Adding, 12, UNIT_WARRIOR (196610), UNITOPERATION_MOVE_TO (19)
007, Adding, 13, UNIT_BUILDER (262144), UNITOPERATION_SWAP_UNITS (49)
007, Can't Start, 13, UNIT_BUILDER (262144), UNITOPERATION_SWAP_UNITS (49)
007, Adding, 13, UNIT_BUILDER (262144), UNITOPERATION_MOVE_TO (19)
007, Adding, 13, UNIT_BUILDER (262144), UNITOPERATION_HARVEST_RESOURCE (16)
007, Can't Start, 13, UNIT_BUILDER (262144), UNITOPERATION_HARVEST_RESOURCE (16)
007, Adding, 13, UNIT_BUILDER (262144), UNITOPERATION_BUILD_IMPROVEMENT (2)
007, Can't Start, 13, UNIT_BUILDER (262144), UNITOPERATION_BUILD_IMPROVEMENT (2)
007, Adding, 13, UNIT_WARRIOR (131073), UNITOPERATION_MOVE_TO (19)
007, Adding, 13, UNIT_WARRIOR (196610), UNITOPERATION_MOVE_TO (19)
007, Can't Start, 13, UNIT_BUILDER (262144), UNITOPERATION_BUILD_IMPROVEMENT (2)
007, Adding, 14, UNIT_BUILDER (262144), UNITOPERATION_HARVEST_RESOURCE (16)
007, Can't Start, 14, UNIT_BUILDER (262144), UNITOPERATION_HARVEST_RESOURCE (16)
007, Adding, 14, UNIT_BUILDER (262144), UNITOPERATION_BUILD_IMPROVEMENT (2)
007, Can't Start, 14, UNIT_BUILDER (262144), UNITOPERATION_BUILD_IMPROVEMENT (2)
007, Adding, 14, UNIT_WARRIOR (131073), UNITOPERATION_MOVE_TO (19)
007, Adding, 14, UNIT_WARRIOR (196610), UNITOPERATION_MOVE_TO (19)
007, Adding, 15, UNIT_WARRIOR (131073), UNITOPERATION_MOVE_TO (19)
007, Adding, 15, UNIT_WARRIOR (196610), UNITOPERATION_MOVE_TO (19)
007, Adding, 15, UNIT_BUILDER (262144), UNITOPERATION_SKIP_TURN (36)
007, Adding, 16, UNIT_WARRIOR (131073), UNITOPERATION_MOVE_TO (19)
007, Adding, 16, UNIT_WARRIOR (196610), UNITOPERATION_MOVE_TO (19)
007, Adding, 16, UNIT_BUILDER (262144), UNITOPERATION_SKIP_TURN (36)
007, Adding, 17, UNIT_BUILDER (262144), UNITOPERATION_SWAP_UNITS (49)
007, Can't Start, 17, UNIT_BUILDER (262144), UNITOPERATION_SWAP_UNITS (49)
007, Adding, 17, UNIT_BUILDER (262144), UNITOPERATION_MOVE_TO (19)
007, Adding, 17, UNIT_BUILDER (262144), UNITOPERATION_REMOVE_FEATURE (28)
007, Can't Start, 17, UNIT_BUILDER (262144), UNITOPERATION_REMOVE_FEATURE (28)
007, Adding, 17, UNIT_BUILDER (262144), UNITOPERATION_BUILD_IMPROVEMENT (2)
007, Can't Start, 17, UNIT_BUILDER (262144), UNITOPERATION_BUILD_IMPROVEMENT (2)
007, Adding, 17, UNIT_WARRIOR (131073), UNITOPERATION_MOVE_TO (19)
007, Adding, 17, UNIT_WARRIOR (196610), UNITOPERATION_MOVE_TO (19)
007, Can't Start, 17, UNIT_BUILDER (262144), UNITOPERATION_BUILD_IMPROVEMENT (2)
007, Adding, 18, UNIT_BUILDER (262144), UNITOPERATION_SWAP_UNITS (49)
007, Can't Start, 18, UNIT_BUILDER (262144), UNITOPERATION_SWAP_UNITS (49)
007, Adding, 18, UNIT_BUILDER (262144), UNITOPERATION_MOVE_TO (19)
007, Adding, 18, UNIT_BUILDER (262144), UNITOPERATION_HARVEST_RESOURCE (16)
007, Can't Start, 18, UNIT_BUILDER (262144), UNITOPERATION_HARVEST_RESOURCE (16)
007, Adding, 18, UNIT_BUILDER (262144), UNITOPERATION_BUILD_IMPROVEMENT (2)
007, Can't Start, 18, UNIT_BUILDER (262144), UNITOPERATION_BUILD_IMPROVEMENT (2)
007, Adding, 18, UNIT_WARRIOR (131073), UNITOPERATION_MOVE_TO (19)
007, Adding, 18, UNIT_WARRIOR (196610), UNITOPERATION_MOVE_TO (19)
007, Can't Start, 18, UNIT_BUILDER (262144), UNITOPERATION_BUILD_IMPROVEMENT (2)
007, Adding, 19, UNIT_WARRIOR (131073), UNITOPERATION_MOVE_TO (19)
007, Adding, 19, UNIT_WARRIOR (196610), UNITOPERATION_MOVE_TO (19)
007, Adding, 19, UNIT_BUILDER (262144), UNITOPERATION_SKIP_TURN (36)
007, Adding, 20, UNIT_BUILDER (262144), UNITOPERATION_REMOVE_FEATURE (28)
007, Can't Start, 20, UNIT_BUILDER (262144), UNITOPERATION_REMOVE_FEATURE (28)
007, Adding, 20, UNIT_BUILDER (262144), UNITOPERATION_BUILD_IMPROVEMENT (2)
007, Can't Start, 20, UNIT_BUILDER (262144), UNITOPERATION_BUILD_IMPROVEMENT (2)
007, Adding, 20, UNIT_WARRIOR (131073), UNITOPERATION_MOVE_TO (19)
007, Adding, 20, UNIT_WARRIOR (196610), UNITOPERATION_MOVE_TO (19)
007, Adding, 21, UNIT_WARRIOR (131073), UNITOPERATION_MOVE_TO (19)
007, Adding, 21, UNIT_WARRIOR (196610), UNITOPERATION_MOVE_TO (19)
007, Adding, 1, UNIT_BABYLONIAN_SABUM_KIBITTUM (262146), UNITOPERATION_MOVE_TO (19)
007, Adding, 1, UNIT_BABYLONIAN_SABUM_KIBITTUM (262146), UNITOPERATION_MOVE_TO (19)
007, Adding, 1, UNIT_BABYLONIAN_SABUM_KIBITTUM (262146), UNITOPERATION_MOVE_TO (19)
007, Adding, 1, UNIT_BABYLONIAN_SABUM_KIBITTUM (262146), UNITOPERATION_MOVE_TO (19)
007, Adding, 0, UNIT_BUILDER (196608), UNITOPERATION_BUILD_IMPROVEMENT (2)
007, Adding, 3, UNIT_WARRIOR (131073), UNITOPERATION_MOVE_TO (19)
007, Adding, 1, UNIT_BABYLONIAN_SABUM_KIBITTUM (196608), UNITOPERATION_MOVE_TO (19)
007, Adding, 3, UNIT_SCOUT (196608), UNITOPERATION_MOVE_TO (19)
007, Adding, 1, UNIT_BABYLONIAN_SABUM_KIBITTUM (196608), UNITOPERATION_MOVE_TO (19)
007, Adding, 1, UNIT_BABYLONIAN_SABUM_KIBITTUM (196608), UNITOPERATION_MOVE_TO (19)
007, Adding, 3, UNIT_SCOUT (196608), UNITOPERATION_MOVE_TO (19)
007, Adding, 2, UNIT_WARRIOR (131073), UNITOPERATION_MOVE_TO (19)
007, Adding, 0, UNIT_SCOUT (327683), UNITOPERATION_MOVE_TO (19)
007, Adding, 3, UNIT_SCOUT (196608), UNITOPERATION_MOVE_TO (19)
007, Adding, 2, UNIT_SCOUT (196608), UNITOPERATION_MOVE_TO (19)
007, Adding, 1, UNIT_WARRIOR (131073), UNITOPERATION_MOVE_TO (19)
007, Adding, 1, UNIT_WARRIOR (131073), UNITOPERATION_MOVE_TO (19)
007, Adding, 3, UNIT_WARRIOR (131073), UNITOPERATION_MOVE_TO (19)
007, Adding, 1, UNIT_WARRIOR (131073), UNITOPERATION_MOVE_TO (19)
007, Adding, 0, UNIT_SCOUT (327683), UNITOPERATION_MOVE_TO (19)
007, Adding, 4, UNIT_WARRIOR (131073), UNITOPERATION_MOVE_TO (19)
007, Adding, 4, UNIT_WARRIOR (131073), UNITOPERATION_MOVE_TO (19)
007, Adding, 0, UNIT_SCOUT (327683), UNITOPERATION_MOVE_TO (19)
007, Adding, 4, UNIT_SCOUT (262146), UNITOPERATION_MOVE_TO (19)
007, Adding, 2, UNIT_SCOUT (262146), UNITOPERATION_MOVE_TO (19)
007, Adding, 4, UNIT_SCOUT (393220), UNITOPERATION_MOVE_TO (19)
007, Adding, 4, UNIT_SCOUT (393220), UNITOPERATION_MOVE_TO (19)
007, Adding, 0, UNIT_VAMPIRE (262146), UNITOPERATION_MOVE_TO (19)
007, Adding, 4, UNIT_VAMPIRE (196608), UNITOPERATION_MOVE_TO (19)
007, Adding, 4, UNIT_VAMPIRE (196608), UNITOPERATION_MOVE_TO (19)
007, Adding, 0, UNIT_WARRIOR (131073), UNITOPERATION_MOVE_TO (19)
007, Adding, 0, UNIT_WARRIOR (131073), UNITOPERATION_MOVE_TO (19)
007, Adding, 4, UNIT_BUILDER (327683), UNITOPERATION_MOVE_TO (19)
008, Adding, 5, UNIT_SETTLER (458757), UNITOPERATION_MOVE_TO (19)
008, Adding, 5, UNIT_WARRIOR (131073), UNITOPERATION_MOVE_TO (19)
008, Adding, 5, UNIT_BUILDER (393220), UNITOPERATION_SWAP_UNITS (49)
008, Can't Start, 5, UNIT_BUILDER (393220), UNITOPERATION_SWAP_UNITS (49)
008, Adding, 5, UNIT_BUILDER (393220), UNITOPERATION_MOVE_TO (19)
008, Adding, 5, UNIT_BUILDER (327680), UNITOPERATION_SWAP_UNITS (49)
008, Can't Start, 5, UNIT_BUILDER (327680), UNITOPERATION_SWAP_UNITS (49)
008, Adding, 5, UNIT_BUILDER (327680), UNITOPERATION_MOVE_TO (19)
008, Adding, 5, UNIT_BUILDER (327680), UNITOPERATION_BUILD_IMPROVEMENT (2)
008, Can't Start, 5, UNIT_BUILDER (327680), UNITOPERATION_BUILD_IMPROVEMENT (2)
008, Adding, 5, UNIT_SCOUT (262147), UNITOPERATION_MOVE_TO (19)
008, Adding, 5, UNIT_SCOUT (262147), UNITOPERATION_MOVE_TO (19)
008, Adding, 5, UNIT_SCOUT (262147), UNITOPERATION_MOVE_TO (19)
008, Adding, 5, UNIT_SCOUT (262147), UNITOPERATION_MOVE_TO (19)
008, Adding, 5, UNIT_SCOUT (524294), UNITOPERATION_MOVE_TO (19)
008, Adding, 5, UNIT_SCOUT (524294), UNITOPERATION_SKIP_TURN (36)
008, Can't Start, 5, UNIT_BUILDER (327680), UNITOPERATION_BUILD_IMPROVEMENT (2)
008, Adding, 6, UNIT_SETTLER (393220), UNITOPERATION_MOVE_TO (19)
008, Adding, 6, UNIT_WARRIOR (131073), UNITOPERATION_MOVE_TO (19)
008, Adding, 6, UNIT_SCOUT (262147), UNITOPERATION_MOVE_TO (19)
008, Adding, 6, UNIT_SCOUT (262147), UNITOPERATION_MOVE_TO (19)
008, Adding, 6, UNIT_SCOUT (524290), UNITOPERATION_MOVE_TO (19)
008, Adding, 6, UNIT_SCOUT (524290), UNITOPERATION_MOVE_TO (19)
008, Adding, 6, UNIT_SCOUT (589824), UNITOPERATION_MOVE_TO (19)
008, Adding, 6, UNIT_SCOUT (458757), UNITOPERATION_MOVE_TO (19)
008, Adding, 6, UNIT_SCOUT (589824), UNITOPERATION_SKIP_TURN (36)
008, Adding, 6, UNIT_SCOUT (458757), UNITOPERATION_SKIP_TURN (36)
008, Adding, 7, UNIT_SETTLER (196610), UNITOPERATION_MOVE_TO (19)
008, Adding, 7, UNIT_WARRIOR (131073), UNITOPERATION_MOVE_TO (19)
008, Can't Start, 7, UNIT_WARRIOR (131073), UNITOPERATION_MOVE_TO (19)
008, Adding, 7, UNIT_SETTLER (196610), UNITOPERATION_FOUND_CITY (14)
008, Adding, 7, UNIT_SCOUT (262147), UNITOPERATION_MOVE_TO (19)
008, Adding, 7, UNIT_SCOUT (262147), UNITOPERATION_MOVE_TO (19)
008, Adding, 7, UNIT_BUILDER (327680), UNITOPERATION_MOVE_TO (19)
008, Adding, 7, UNIT_BUILDER (327680), UNITOPERATION_MOVE_TO (19)
008, Adding, 7, UNIT_SCOUT (393220), UNITOPERATION_MOVE_TO (19)
008, Adding, 7, UNIT_SCOUT (393220), UNITOPERATION_SKIP_TURN (36)
008, Can't Start, 7, UNIT_WARRIOR (131073), UNITOPERATION_MOVE_TO (19)
008, Adding, 8, UNIT_SETTLER (524294), UNITOPERATION_MOVE_TO (19)
008, Adding, 8, UNIT_WARRIOR (131073), UNITOPERATION_MOVE_TO (19)
008, Can't Start, 8, UNIT_WARRIOR (131073), UNITOPERATION_MOVE_TO (19)
008, Adding, 8, UNIT_SETTLER (524294), UNITOPERATION_FOUND_CITY (14)
008, Adding, 8, UNIT_BUILDER (393220), UNITOPERATION_SWAP_UNITS (49)
008, Can't Start, 8, UNIT_BUILDER (393220), UNITOPERATION_SWAP_UNITS (49)
008, Adding, 8, UNIT_BUILDER (393220), UNITOPERATION_MOVE_TO (19)
008, Adding, 8, UNIT_BUILDER (393220), UNITOPERATION_BUILD_IMPROVEMENT (2)
008, Adding, 8, UNIT_BUILDER (327680), UNITOPERATION_MOVE_TO (19)
008, Adding, 8, UNIT_SCOUT (589831), UNITOPERATION_MOVE_TO (19)
008, Adding, 8, UNIT_SCOUT (262147), UNITOPERATION_MOVE_TO (19)
008, Adding, 8, UNIT_SCOUT (262147), UNITOPERATION_MOVE_TO (19)
008, Adding, 8, UNIT_SCOUT (262147), UNITOPERATION_MOVE_TO (19)
008, Adding, 8, UNIT_SCOUT (262147), UNITOPERATION_MOVE_TO (19)
008, Adding, 8, UNIT_SCOUT (458757), UNITOPERATION_MOVE_TO (19)
008, Adding, 8, UNIT_SCOUT (458757), UNITOPERATION_MOVE_TO (19)
008, Adding, 8, UNIT_SCOUT (458757), UNITOPERATION_SKIP_TURN (36)
008, Adding, 8, UNIT_SCOUT (589831), UNITOPERATION_SKIP_TURN (36)
008, Can't Start, 8, UNIT_WARRIOR (131073), UNITOPERATION_MOVE_TO (19)
008, Adding, 9, UNIT_WARRIOR (131073), UNITOPERATION_MOVE_TO (19)
008, Adding, 9, UNIT_SETTLER (524294), UNITOPERATION_SWAP_UNITS (49)
008, Can't Start, 9, UNIT_SETTLER (524294), UNITOPERATION_SWAP_UNITS (49)
008, Adding, 9, UNIT_SETTLER (524294), UNITOPERATION_MOVE_TO (19)
008, Adding, 9, UNIT_SETTLER (524294), UNITOPERATION_MOVE_TO (19)
008, Adding, 9, UNIT_SETTLER (524294), UNITOPERATION_MOVE_TO (19)
008, Adding, 9, UNIT_WARRIOR (131073), UNITOPERATION_MOVE_TO (19)
008, Adding, 9, UNIT_WARRIOR (131073), UNITOPERATION_MOVE_TO (19)
008, Adding, 9, UNIT_BUILDER (393220), UNITOPERATION_BUILD_IMPROVEMENT (2)
008, Can't Start, 9, UNIT_BUILDER (393220), UNITOPERATION_BUILD_IMPROVEMENT (2)
008, Adding, 9, UNIT_BUILDER (327680), UNITOPERATION_SWAP_UNITS (49)
008, Can't Start, 9, UNIT_BUILDER (327680), UNITOPERATION_SWAP_UNITS (49)
008, Adding, 9, UNIT_BUILDER (327680), UNITOPERATION_MOVE_TO (19)
008, Adding, 9, UNIT_SCOUT (262147), UNITOPERATION_MOVE_TO (19)
008, Adding, 9, UNIT_SCOUT (262147), UNITOPERATION_MOVE_TO (19)
008, Adding, 9, UNIT_SCOUT (262147), UNITOPERATION_MOVE_TO (19)
008, Adding, 9, UNIT_SCOUT (262147), UNITOPERATION_MOVE_TO (19)
008, Adding, 9, UNIT_SCOUT (262147), UNITOPERATION_MOVE_TO (19)
008, Adding, 9, UNIT_SCOUT (262147), UNITOPERATION_MOVE_TO (19)
008, Adding, 9, UNIT_SCOUT (458757), UNITOPERATION_MOVE_TO (19)
008, Adding, 9, UNIT_SCOUT (589831), UNITOPERATION_MOVE_TO (19)
008, Adding, 9, UNIT_SCOUT (458757), UNITOPERATION_MOVE_TO (19)
008, Adding, 9, UNIT_SCOUT (458757), UNITOPERATION_SKIP_TURN (36)
008, Adding, 9, UNIT_SCOUT (589831), UNITOPERATION_SKIP_TURN (36)
008, Adding, 9, UNIT_BUILDER (655368), UNITOPERATION_SKIP_TURN (36)
008, Adding, 10, UNIT_BUILDER (262144), UNITOPERATION_REMOVE_FEATURE (28)
008, Can't Start, 10, UNIT_BUILDER (262144), UNITOPERATION_REMOVE_FEATURE (28)
008, Adding, 10, UNIT_BUILDER (262144), UNITOPERATION_BUILD_IMPROVEMENT (2)
008, Can't Start, 10, UNIT_BUILDER (262144), UNITOPERATION_BUILD_IMPROVEMENT (2)
008, Adding, 10, UNIT_WARRIOR (131073), UNITOPERATION_MOVE_TO (19)
008, Adding, 10, UNIT_WARRIOR (196610), UNITOPERATION_MOVE_TO (19)
008, Adding, 11, UNIT_WARRIOR (131073), UNITOPERATION_MOVE_TO (19)
008, Adding, 11, UNIT_WARRIOR (196610), UNITOPERATION_MOVE_TO (19)
008, Adding, 11, UNIT_BUILDER (262144), UNITOPERATION_SKIP_TURN (36)
008, Adding, 12, UNIT_BUILDER (262144), UNITOPERATION_BUILD_IMPROVEMENT (2)
008, Can't Start, 12, UNIT_BUILDER (262144), UNITOPERATION_BUILD_IMPROVEMENT (2)
008, Adding, 12, UNIT_WARRIOR (131073), UNITOPERATION_MOVE_TO (19)
008, Adding, 12, UNIT_WARRIOR (196610), UNITOPERATION_MOVE_TO (19)
008, Adding, 13, UNIT_BUILDER (262144), UNITOPERATION_HARVEST_RESOURCE (16)
008, Can't Start, 13, UNIT_BUILDER (262144), UNITOPERATION_HARVEST_RESOURCE (16)
008, Adding, 13, UNIT_BUILDER (262144), UNITOPERATION_BUILD_IMPROVEMENT (2)
008, Can't Start, 13, UNIT_BUILDER (262144), UNITOPERATION_BUILD_IMPROVEMENT (2)
008, Adding, 13, UNIT_WARRIOR (131073), UNITOPERATION_MOVE_TO (19)
008, Adding, 13, UNIT_WARRIOR (196610), UNITOPERATION_MOVE_TO (19)
008, Adding, 14, UNIT_BUILDER (262144), UNITOPERATION_HARVEST_RESOURCE (16)
008, Can't Start, 14, UNIT_BUILDER (262144), UNITOPERATION_HARVEST_RESOURCE (16)
008, Adding, 14, UNIT_BUILDER (262144), UNITOPERATION_BUILD_IMPROVEMENT (2)
008, Can't Start, 14, UNIT_BUILDER (262144), UNITOPERATION_BUILD_IMPROVEMENT (2)
008, Adding, 14, UNIT_WARRIOR (131073), UNITOPERATION_MOVE_TO (19)
008, Adding, 14, UNIT_WARRIOR (196610), UNITOPERATION_MOVE_TO (19)
008, Adding, 15, UNIT_WARRIOR (131073), UNITOPERATION_MOVE_TO (19)
008, Adding, 15, UNIT_WARRIOR (196610), UNITOPERATION_MOVE_TO (19)
008, Adding, 15, UNIT_BUILDER (262144), UNITOPERATION_SKIP_TURN (36)
008, Adding, 16, UNIT_WARRIOR (131073), UNITOPERATION_MOVE_TO (19)
008, Adding, 16, UNIT_WARRIOR (196610), UNITOPERATION_MOVE_TO (19)
008, Adding, 16, UNIT_BUILDER (262144), UNITOPERATION_SKIP_TURN (36)
008, Adding, 17, UNIT_BUILDER (262144), UNITOPERATION_REMOVE_FEATURE (28)
008, Can't Start, 17, UNIT_BUILDER (262144), UNITOPERATION_REMOVE_FEATURE (28)
008, Adding, 17, UNIT_BUILDER (262144), UNITOPERATION_BUILD_IMPROVEMENT (2)
008, Can't Start, 17, UNIT_BUILDER (262144), UNITOPERATION_BUILD_IMPROVEMENT (2)
008, Adding, 17, UNIT_WARRIOR (131073), UNITOPERATION_MOVE_TO (19)
008, Adding, 17, UNIT_WARRIOR (196610), UNITOPERATION_MOVE_TO (19)
008, Adding, 18, UNIT_BUILDER (262144), UNITOPERATION_BUILD_IMPROVEMENT (2)
008, Adding, 18, UNIT_WARRIOR (131073), UNITOPERATION_MOVE_TO (19)
008, Adding, 18, UNIT_WARRIOR (196610), UNITOPERATION_MOVE_TO (19)
008, Adding, 19, UNIT_WARRIOR (131073), UNITOPERATION_MOVE_TO (19)
008, Adding, 19, UNIT_WARRIOR (196610), UNITOPERATION_MOVE_TO (19)
008, Adding, 19, UNIT_BUILDER (262144), UNITOPERATION_SKIP_TURN (36)
008, Adding, 20, UNIT_BUILDER (262144), UNITOPERATION_SWAP_UNITS (49)
008, Can't Start, 20, UNIT_BUILDER (262144), UNITOPERATION_SWAP_UNITS (49)
008, Adding, 20, UNIT_BUILDER (262144), UNITOPERATION_MOVE_TO (19)
008, Adding, 20, UNIT_BUILDER (262144), UNITOPERATION_BUILD_IMPROVEMENT (2)
008, Adding, 20, UNIT_WARRIOR (131073), UNITOPERATION_MOVE_TO (19)
008, Adding, 20, UNIT_WARRIOR (196610), UNITOPERATION_MOVE_TO (19)
008, Adding, 21, UNIT_BUILDER (262144), UNITOPERATION_SWAP_UNITS (49)
008, Can't Start, 21, UNIT_BUILDER (262144), UNITOPERATION_SWAP_UNITS (49)
008, Adding, 21, UNIT_BUILDER (262144), UNITOPERATION_MOVE_TO (19)
008, Adding, 21, UNIT_BUILDER (262144), UNITOPERATION_BUILD_IMPROVEMENT (2)
008, Can't Start, 21, UNIT_BUILDER (262144), UNITOPERATION_BUILD_IMPROVEMENT (2)
008, Adding, 21, UNIT_WARRIOR (131073), UNITOPERATION_MOVE_TO (19)
008, Adding, 21, UNIT_WARRIOR (196610), UNITOPERATION_MOVE_TO (19)
008, Can't Start, 21, UNIT_BUILDER (262144), UNITOPERATION_BUILD_IMPROVEMENT (2)
008, Adding, 3, UNIT_WARRIOR (131073), UNITOPERATION_MOVE_TO (19)
008, Adding, 2, UNIT_WARRIOR (131073), UNITOPERATION_MOVE_TO (19)
008, Adding, 1, UNIT_BABYLONIAN_SABUM_KIBITTUM (262146), UNITOPERATION_MOVE_TO (19)
008, Adding, 3, UNIT_SCOUT (196608), UNITOPERATION_MOVE_TO (19)
008, Adding, 1, UNIT_BABYLONIAN_SABUM_KIBITTUM (262146), UNITOPERATION_MOVE_TO (19)
008, Adding, 2, UNIT_SCOUT (196608), UNITOPERATION_MOVE_TO (19)
008, Adding, 4, UNIT_BUILDER (327683), UNITOPERATION_BUILD_IMPROVEMENT (2)
008, Adding, 2, UNIT_SCOUT (196608), UNITOPERATION_MOVE_TO (19)
008, Adding, 1, UNIT_BABYLONIAN_SABUM_KIBITTUM (262146), UNITOPERATION_MOVE_TO (19)
008, Adding, 0, UNIT_SETTLER (393220), UNITOPERATION_MOVE_TO (19)
008, Adding, 1, UNIT_BABYLONIAN_SABUM_KIBITTUM (262146), UNITOPERATION_MOVE_TO (19)
008, Adding, 2, UNIT_SCOUT (262146), UNITOPERATION_MOVE_TO (19)
008, Adding, 1, UNIT_BABYLONIAN_SABUM_KIBITTUM (196608), UNITOPERATION_MOVE_TO (19)
008, Adding, 1, UNIT_BABYLONIAN_SABUM_KIBITTUM (196608), UNITOPERATION_MOVE_TO (19)
008, Adding, 1, UNIT_BABYLONIAN_SABUM_KIBITTUM (196608), UNITOPERATION_MOVE_TO (19)
008, Adding, 4, UNIT_SCOUT (393220), UNITOPERATION_MOVE_TO (19)
008, Adding, 1, UNIT_BABYLONIAN_SABUM_KIBITTUM (196608), UNITOPERATION_MOVE_TO (19)
008, Adding, 4, UNIT_SCOUT (393220), UNITOPERATION_MOVE_TO (19)
008, Adding, 4, UNIT_VAMPIRE (196608), UNITOPERATION_MOVE_TO (19)
008, Adding, 4, UNIT_VAMPIRE (196608), UNITOPERATION_MOVE_TO (19)
008, Adding, 0, UNIT_SCOUT (327683), UNITOPERATION_MOVE_TO (19)
008, Adding, 0, UNIT_BUILDER (196608), UNITOPERATION_MOVE_TO (19)
008, Adding, 4, UNIT_SETTLER (458757), UNITOPERATION_MOVE_TO (19)
008, Adding, 4, UNIT_WARRIOR (131073), UNITOPERATION_MOVE_TO (19)
008, Adding, 4, UNIT_WARRIOR (131073), UNITOPERATION_MOVE_TO (19)
008, Adding, 4, UNIT_SCOUT (262146), UNITOPERATION_MOVE_TO (19)
008, Adding, 4, UNIT_SCOUT (262146), UNITOPERATION_MOVE_TO (19)
008, Adding, 0, UNIT_VAMPIRE (262146), UNITOPERATION_MOVE_TO (19)
008, Adding, 0, UNIT_WARRIOR (131073), UNITOPERATION_MOVE_TO (19)
008, Adding, 0, UNIT_WARRIOR (131073), UNITOPERATION_MOVE_TO (19)
009, Adding, 5, UNIT_SETTLER (458757), UNITOPERATION_MOVE_TO (19)
009, Adding, 5, UNIT_WARRIOR (131073), UNITOPERATION_MOVE_TO (19)
009, Adding, 5, UNIT_BUILDER (327680), UNITOPERATION_SWAP_UNITS (49)
009, Can't Start, 5, UNIT_BUILDER (327680), UNITOPERATION_SWAP_UNITS (49)
009, Adding, 5, UNIT_BUILDER (327680), UNITOPERATION_MOVE_TO (19)
009, Adding, 5, UNIT_BUILDER (327680), UNITOPERATION_BUILD_IMPROVEMENT (2)
009, Adding, 5, UNIT_BUILDER (393220), UNITOPERATION_SWAP_UNITS (49)
009, Can't Start, 5, UNIT_BUILDER (393220), UNITOPERATION_SWAP_UNITS (49)
009, Adding, 5, UNIT_BUILDER (393220), UNITOPERATION_MOVE_TO (19)
009, Adding, 5, UNIT_BUILDER (393220), UNITOPERATION_BUILD_IMPROVEMENT (2)
009, Can't Start, 5, UNIT_BUILDER (393220), UNITOPERATION_BUILD_IMPROVEMENT (2)
009, Adding, 5, UNIT_SCOUT (262147), UNITOPERATION_MOVE_TO (19)
009, Adding, 5, UNIT_SCOUT (262147), UNITOPERATION_MOVE_TO (19)
009, Adding, 5, UNIT_SCOUT (262147), UNITOPERATION_MOVE_TO (19)
009, Adding, 5, UNIT_SCOUT (262147), UNITOPERATION_MOVE_TO (19)
009, Adding, 5, UNIT_SCOUT (262147), UNITOPERATION_MOVE_TO (19)
009, Adding, 5, UNIT_SCOUT (262147), UNITOPERATION_MOVE_TO (19)
009, Adding, 5, UNIT_SCOUT (524294), UNITOPERATION_MOVE_TO (19)
009, Adding, 5, UNIT_SCOUT (589826), UNITOPERATION_MOVE_TO (19)
009, Adding, 5, UNIT_SCOUT (589826), UNITOPERATION_SKIP_TURN (36)
009, Can't Start, 5, UNIT_BUILDER (393220), UNITOPERATION_BUILD_IMPROVEMENT (2)
009, Adding, 6, UNIT_SETTLER (393220), UNITOPERATION_MOVE_TO (19)
009, Adding, 6, UNIT_WARRIOR (131073), UNITOPERATION_MOVE_TO (19)
009, Adding, 6, UNIT_SCOUT (262147), UNITOPERATION_MOVE_TO (19)
009, Adding, 6, UNIT_SCOUT (262147), UNITOPERATION_MOVE_TO (19)
009, Adding, 6, UNIT_SCOUT (262147), UNITOPERATION_MOVE_TO (19)
009, Adding, 6, UNIT_SCOUT (262147), UNITOPERATION_MOVE_TO (19)
009, Adding, 6, UNIT_SCOUT (262147), UNITOPERATION_MOVE_TO (19)
009, Adding, 6, UNIT_SCOUT (524290), UNITOPERATION_MOVE_TO (19)
009, Adding, 6, UNIT_SCOUT (524290), UNITOPERATION_MOVE_TO (19)
009, Adding, 6, UNIT_SCOUT (589824), UNITOPERATION_MOVE_TO (19)
009, Adding, 6, UNIT_SCOUT (458757), UNITOPERATION_MOVE_TO (19)
009, Adding, 6, UNIT_SCOUT (589824), UNITOPERATION_MOVE_TO (19)
009, Adding, 6, UNIT_SCOUT (458757), UNITOPERATION_MOVE_TO (19)
009, Adding, 6, UNIT_SCOUT (589824), UNITOPERATION_SKIP_TURN (36)
009, Adding, 6, UNIT_SCOUT (458757), UNITOPERATION_SKIP_TURN (36)
009, Adding, 7, UNIT_WARRIOR (131073), UNITOPERATION_MOVE_TO (19)
009, Adding, 7, UNIT_SETTLER (458757), UNITOPERATION_SWAP_UNITS (49)
009, Can't Start, 7, UNIT_SETTLER (458757), UNITOPERATION_SWAP_UNITS (49)
009, Adding, 7, UNIT_SETTLER (458757), UNITOPERATION_MOVE_TO (19)
009, Adding, 7, UNIT_SETTLER (458757), UNITOPERATION_MOVE_TO (19)
009, Adding, 7, UNIT_SETTLER (458757), UNITOPERATION_MOVE_TO (19)
009, Adding, 7, UNIT_WARRIOR (131073), UNITOPERATION_MOVE_TO (19)
009, Adding, 7, UNIT_BUILDER (327680), UNITOPERATION_SWAP_UNITS (49)
009, Can't Start, 7, UNIT_BUILDER (327680), UNITOPERATION_SWAP_UNITS (49)
009, Adding, 7, UNIT_BUILDER (327680), UNITOPERATION_MOVE_TO (19)
009, Adding, 7, UNIT_SCOUT (262147), UNITOPERATION_MOVE_TO (19)
009, Adding, 7, UNIT_SCOUT (262147), UNITOPERATION_MOVE_TO (19)
009, Adding, 7, UNIT_SCOUT (262147), UNITOPERATION_MOVE_TO (19)
009, Adding, 7, UNIT_SCOUT (262147), UNITOPERATION_MOVE_TO (19)
009, Adding, 7, UNIT_SCOUT (393220), UNITOPERATION_MOVE_TO (19)
009, Adding, 7, UNIT_SCOUT (589826), UNITOPERATION_MOVE_TO (19)
009, Adding, 7, UNIT_SCOUT (589826), UNITOPERATION_MOVE_TO (19)
009, Adding, 7, UNIT_SCOUT (589826), UNITOPERATION_MOVE_TO (19)
009, Adding, 7, UNIT_SCOUT (589826), UNITOPERATION_MOVE_TO (19)
009, Adding, 7, UNIT_SCOUT (589826), UNITOPERATION_MOVE_TO (19)
009, Adding, 7, UNIT_SCOUT (524294), UNITOPERATION_MOVE_TO (19)
009, Adding, 7, UNIT_SCOUT (393220), UNITOPERATION_SKIP_TURN (36)
009, Adding, 7, UNIT_SCOUT (524294), UNITOPERATION_SKIP_TURN (36)
009, Adding, 8, UNIT_WARRIOR (131073), UNITOPERATION_MOVE_TO (19)
009, Adding, 8, UNIT_SETTLER (655362), UNITOPERATION_SWAP_UNITS (49)
009, Can't Start, 8, UNIT_SETTLER (655362), UNITOPERATION_SWAP_UNITS (49)
009, Adding, 8, UNIT_SETTLER (655362), UNITOPERATION_MOVE_TO (19)
009, Adding, 8, UNIT_SETTLER (655362), UNITOPERATION_MOVE_TO (19)
009, Adding, 8, UNIT_SETTLER (655362), UNITOPERATION_MOVE_TO (19)
009, Adding, 8, UNIT_WARRIOR (131073), UNITOPERATION_MOVE_TO (19)
009, Adding, 8, UNIT_BUILDER (786441), UNITOPERATION_SWAP_UNITS (49)
009, Can't Start, 8, UNIT_BUILDER (786441), UNITOPERATION_SWAP_UNITS (49)
009, Adding, 8, UNIT_BUILDER (786441), UNITOPERATION_MOVE_TO (19)
009, Adding, 8, UNIT_BUILDER (786441), UNITOPERATION_HARVEST_RESOURCE (16)
009, Can't Start, 8, UNIT_BUILDER (786441), UNITOPERATION_HARVEST_RESOURCE (16)
009, Adding, 8, UNIT_BUILDER (786441), UNITOPERATION_BUILD_IMPROVEMENT (2)
009, Can't Start, 8, UNIT_BUILDER (786441), UNITOPERATION_BUILD_IMPROVEMENT (2)
009, Adding, 8, UNIT_BUILDER (393220), UNITOPERATION_SWAP_UNITS (49)
009, Can't Start, 8, UNIT_BUILDER (393220), UNITOPERATION_SWAP_UNITS (49)
009, Adding, 8, UNIT_BUILDER (393220), UNITOPERATION_MOVE_TO (19)
009, Adding, 8, UNIT_BUILDER (393220), UNITOPERATION_BUILD_IMPROVEMENT (2)
009, Can't Start, 8, UNIT_BUILDER (393220), UNITOPERATION_BUILD_IMPROVEMENT (2)
009, Adding, 8, UNIT_BUILDER (327680), UNITOPERATION_SWAP_UNITS (49)
009, Can't Start, 8, UNIT_BUILDER (327680), UNITOPERATION_SWAP_UNITS (49)
009, Adding, 8, UNIT_BUILDER (327680), UNITOPERATION_MOVE_TO (19)
009, Adding, 8, UNIT_SCOUT (458757), UNITOPERATION_MOVE_TO (19)
009, Adding, 8, UNIT_SCOUT (458757), UNITOPERATION_MOVE_TO (19)
009, Adding, 8, UNIT_SCOUT (458757), UNITOPERATION_MOVE_TO (19)
009, Adding, 8, UNIT_SCOUT (262147), UNITOPERATION_MOVE_TO (19)
009, Adding, 8, UNIT_SCOUT (262147), UNITOPERATION_MOVE_TO (19)
009, Adding, 8, UNIT_SCOUT (262147), UNITOPERATION_MOVE_TO (19)
009, Adding, 8, UNIT_SCOUT (262147), UNITOPERATION_MOVE_TO (19)
009, Adding, 8, UNIT_SCOUT (262147), UNITOPERATION_MOVE_TO (19)
009, Adding, 8, UNIT_SCOUT (262147), UNITOPERATION_MOVE_TO (19)
009, Adding, 8, UNIT_SCOUT (262147), UNITOPERATION_MOVE_TO (19)
009, Adding, 8, UNIT_SCOUT (589831), UNITOPERATION_MOVE_TO (19)
009, Adding, 8, UNIT_SCOUT (720904), UNITOPERATION_MOVE_TO (19)
009, Adding, 8, UNIT_SCOUT (589831), UNITOPERATION_MOVE_TO (19)
009, Adding, 8, UNIT_SCOUT (589831), UNITOPERATION_SKIP_TURN (36)
009, Adding, 8, UNIT_SCOUT (720904), UNITOPERATION_SKIP_TURN (36)
009, Can't Start, 8, UNIT_BUILDER (393220), UNITOPERATION_BUILD_IMPROVEMENT (2)
009, Can't Start, 8, UNIT_BUILDER (786441), UNITOPERATION_BUILD_IMPROVEMENT (2)
009, Adding, 9, UNIT_SETTLER (524294), UNITOPERATION_MOVE_TO (19)
009, Adding, 9, UNIT_WARRIOR (131073), UNITOPERATION_MOVE_TO (19)
009, Adding, 9, UNIT_BUILDER (393220), UNITOPERATION_BUILD_IMPROVEMENT (2)
009, Can't Start, 9, UNIT_BUILDER (393220), UNITOPERATION_BUILD_IMPROVEMENT (2)
009, Adding, 9, UNIT_BUILDER (327680), UNITOPERATION_SWAP_UNITS (49)
009, Can't Start, 9, UNIT_BUILDER (327680), UNITOPERATION_SWAP_UNITS (49)
009, Adding, 9, UNIT_BUILDER (327680), UNITOPERATION_MOVE_TO (19)
009, Adding, 9, UNIT_BUILDER (327680), UNITOPERATION_BUILD_IMPROVEMENT (2)
009, Adding, 9, UNIT_SCOUT (262147), UNITOPERATION_MOVE_TO (19)
009, Adding, 9, UNIT_SCOUT (589831), UNITOPERATION_MOVE_TO (19)
009, Adding, 9, UNIT_SCOUT (262147), UNITOPERATION_MOVE_TO (19)
009, Adding, 9, UNIT_SCOUT (262147), UNITOPERATION_MOVE_TO (19)
009, Adding, 9, UNIT_SCOUT (589831), UNITOPERATION_MOVE_TO (19)
009, Adding, 9, UNIT_SCOUT (262147), UNITOPERATION_MOVE_TO (19)
009, Adding, 9, UNIT_SCOUT (589831), UNITOPERATION_MOVE_TO (19)
009, Adding, 9, UNIT_SCOUT (589831), UNITOPERATION_MOVE_TO (19)
009, Adding, 9, UNIT_SCOUT (589831), UNITOPERATION_MOVE_TO (19)
009, Adding, 9, UNIT_SCOUT (458757), UNITOPERATION_MOVE_TO (19)
009, Adding, 9, UNIT_SCOUT (458757), UNITOPERATION_SKIP_TURN (36)
009, Adding, 9, UNIT_BUILDER (655368), UNITOPERATION_SKIP_TURN (36)
009, Adding, 10, UNIT_BUILDER (262144), UNITOPERATION_REMOVE_FEATURE (28)
009, Can't Start, 10, UNIT_BUILDER (262144), UNITOPERATION_REMOVE_FEATURE (28)
009, Adding, 10, UNIT_BUILDER (262144), UNITOPERATION_BUILD_IMPROVEMENT (2)
009, Can't Start, 10, UNIT_BUILDER (262144), UNITOPERATION_BUILD_IMPROVEMENT (2)
009, Adding, 10, UNIT_WARRIOR (131073), UNITOPERATION_MOVE_TO (19)
009, Adding, 10, UNIT_WARRIOR (196610), UNITOPERATION_MOVE_TO (19)
009, Adding, 11, UNIT_WARRIOR (131073), UNITOPERATION_MOVE_TO (19)
009, Adding, 11, UNIT_WARRIOR (196610), UNITOPERATION_MOVE_TO (19)
009, Adding, 11, UNIT_BUILDER (262144), UNITOPERATION_SKIP_TURN (36)
009, Adding, 12, UNIT_BUILDER (262144), UNITOPERATION_BUILD_IMPROVEMENT (2)
009, Can't Start, 12, UNIT_BUILDER (262144), UNITOPERATION_BUILD_IMPROVEMENT (2)
009, Adding, 12, UNIT_WARRIOR (131073), UNITOPERATION_MOVE_TO (19)
009, Adding, 12, UNIT_WARRIOR (196610), UNITOPERATION_MOVE_TO (19)
009, Adding, 13, UNIT_BUILDER (262144), UNITOPERATION_HARVEST_RESOURCE (16)
009, Can't Start, 13, UNIT_BUILDER (262144), UNITOPERATION_HARVEST_RESOURCE (16)
009, Adding, 13, UNIT_BUILDER (262144), UNITOPERATION_BUILD_IMPROVEMENT (2)
009, Can't Start, 13, UNIT_BUILDER (262144), UNITOPERATION_BUILD_IMPROVEMENT (2)
009, Adding, 13, UNIT_WARRIOR (131073), UNITOPERATION_MOVE_TO (19)
009, Adding, 13, UNIT_WARRIOR (196610), UNITOPERATION_MOVE_TO (19)
009, Adding, 14, UNIT_BUILDER (262144), UNITOPERATION_HARVEST_RESOURCE (16)
009, Can't Start, 14, UNIT_BUILDER (262144), UNITOPERATION_HARVEST_RESOURCE (16)
009, Adding, 14, UNIT_BUILDER (262144), UNITOPERATION_BUILD_IMPROVEMENT (2)
009, Can't Start, 14, UNIT_BUILDER (262144), UNITOPERATION_BUILD_IMPROVEMENT (2)
009, Adding, 14, UNIT_WARRIOR (131073), UNITOPERATION_MOVE_TO (19)
009, Adding, 14, UNIT_WARRIOR (196610), UNITOPERATION_MOVE_TO (19)
009, Adding, 15, UNIT_WARRIOR (131073), UNITOPERATION_MOVE_TO (19)
009, Adding, 15, UNIT_WARRIOR (196610), UNITOPERATION_MOVE_TO (19)
009, Adding, 15, UNIT_BUILDER (262144), UNITOPERATION_SKIP_TURN (36)
009, Adding, 16, UNIT_WARRIOR (131073), UNITOPERATION_MOVE_TO (19)
009, Adding, 16, UNIT_WARRIOR (196610), UNITOPERATION_MOVE_TO (19)
009, Adding, 16, UNIT_BUILDER (262144), UNITOPERATION_SKIP_TURN (36)
009, Adding, 17, UNIT_BUILDER (262144), UNITOPERATION_REMOVE_FEATURE (28)
009, Can't Start, 17, UNIT_BUILDER (262144), UNITOPERATION_REMOVE_FEATURE (28)
009, Adding, 17, UNIT_BUILDER (262144), UNITOPERATION_BUILD_IMPROVEMENT (2)
009, Can't Start, 17, UNIT_BUILDER (262144), UNITOPERATION_BUILD_IMPROVEMENT (2)
009, Adding, 17, UNIT_WARRIOR (131073), UNITOPERATION_MOVE_TO (19)
009, Adding, 17, UNIT_WARRIOR (196610), UNITOPERATION_MOVE_TO (19)
009, Adding, 18, UNIT_BUILDER (262144), UNITOPERATION_SWAP_UNITS (49)
009, Can't Start, 18, UNIT_BUILDER (262144), UNITOPERATION_SWAP_UNITS (49)
009, Adding, 18, UNIT_BUILDER (262144), UNITOPERATION_MOVE_TO (19)
009, Adding, 18, UNIT_BUILDER (262144), UNITOPERATION_BUILD_IMPROVEMENT (2)
009, Adding, 18, UNIT_WARRIOR (131073), UNITOPERATION_MOVE_TO (19)
009, Adding, 18, UNIT_WARRIOR (196610), UNITOPERATION_MOVE_TO (19)
009, Adding, 19, UNIT_WARRIOR (131073), UNITOPERATION_MOVE_TO (19)
009, Adding, 19, UNIT_WARRIOR (196610), UNITOPERATION_MOVE_TO (19)
009, Adding, 19, UNIT_BUILDER (262144), UNITOPERATION_SKIP_TURN (36)
009, Adding, 20, UNIT_BUILDER (262144), UNITOPERATION_SWAP_UNITS (49)
009, Can't Start, 20, UNIT_BUILDER (262144), UNITOPERATION_SWAP_UNITS (49)
009, Adding, 20, UNIT_BUILDER (262144), UNITOPERATION_MOVE_TO (19)
009, Adding, 20, UNIT_BUILDER (262144), UNITOPERATION_REMOVE_FEATURE (28)
009, Can't Start, 20, UNIT_BUILDER (262144), UNITOPERATION_REMOVE_FEATURE (28)
009, Adding, 20, UNIT_BUILDER (262144), UNITOPERATION_BUILD_IMPROVEMENT (2)
009, Can't Start, 20, UNIT_BUILDER (262144), UNITOPERATION_BUILD_IMPROVEMENT (2)
009, Adding, 20, UNIT_WARRIOR (131073), UNITOPERATION_MOVE_TO (19)
009, Adding, 20, UNIT_WARRIOR (196610), UNITOPERATION_MOVE_TO (19)
009, Can't Start, 20, UNIT_BUILDER (262144), UNITOPERATION_BUILD_IMPROVEMENT (2)
009, Adding, 21, UNIT_BUILDER (262144), UNITOPERATION_BUILD_IMPROVEMENT (2)
009, Can't Start, 21, UNIT_BUILDER (262144), UNITOPERATION_BUILD_IMPROVEMENT (2)
009, Adding, 21, UNIT_WARRIOR (131073), UNITOPERATION_MOVE_TO (19)
009, Adding, 21, UNIT_WARRIOR (196610), UNITOPERATION_MOVE_TO (19)
009, Adding, 3, UNIT_WARRIOR (131073), UNITOPERATION_MOVE_TO (19)
009, Adding, 2, UNIT_SCOUT (262146), UNITOPERATION_MOVE_TO (19)
009, Adding, 4, UNIT_SETTLER (458757), UNITOPERATION_MOVE_TO (19)
009, Adding, 0, UNIT_WARRIOR (131073), UNITOPERATION_MOVE_TO (19)
009, Adding, 3, UNIT_BUILDER (262146), UNITOPERATION_MOVE_TO (19)
009, Adding, 2, UNIT_SCOUT (196608), UNITOPERATION_MOVE_TO (19)
009, Adding, 3, UNIT_BUILDER (262146), UNITOPERATION_MOVE_TO (19)
009, Adding, 1, UNIT_BABYLONIAN_SABUM_KIBITTUM (262146), UNITOPERATION_MOVE_TO (19)
009, Adding, 2, UNIT_WARRIOR (131073), UNITOPERATION_MOVE_TO (19)
009, Adding, 1, UNIT_BABYLONIAN_SABUM_KIBITTUM (262146), UNITOPERATION_MOVE_TO (19)
009, Adding, 1, UNIT_BABYLONIAN_SABUM_KIBITTUM (262146), UNITOPERATION_MOVE_TO (19)
009, Adding, 0, UNIT_SCOUT (327683), UNITOPERATION_MOVE_TO (19)
009, Adding, 4, UNIT_BUILDER (327683), UNITOPERATION_MOVE_TO (19)
009, Adding, 4, UNIT_BUILDER (327683), UNITOPERATION_SKIP_TURN (36)
009, Adding, 1, UNIT_BABYLONIAN_SABUM_KIBITTUM (196608), UNITOPERATION_MOVE_TO (19)
009, Adding, 1, UNIT_BABYLONIAN_SABUM_KIBITTUM (196608), UNITOPERATION_MOVE_TO (19)
009, Adding, 1, UNIT_BABYLONIAN_SABUM_KIBITTUM (196608), UNITOPERATION_MOVE_TO (19)
009, Adding, 1, UNIT_BABYLONIAN_SABUM_KIBITTUM (196608), UNITOPERATION_MOVE_TO (19)
009, Adding, 1, UNIT_WARRIOR (131073), UNITOPERATION_MOVE_TO (19)
009, Adding, 0, UNIT_SETTLER (393220), UNITOPERATION_MOVE_TO (19)
009, Adding, 1, UNIT_WARRIOR (131073), UNITOPERATION_MOVE_TO (19)
009, Adding, 4, UNIT_SCOUT (393220), UNITOPERATION_MOVE_TO (19)
009, Adding, 4, UNIT_SCOUT (393220), UNITOPERATION_MOVE_TO (19)
009, Adding, 4, UNIT_SCOUT (393220), UNITOPERATION_MOVE_TO (19)
009, Adding, 0, UNIT_VAMPIRE (262146), UNITOPERATION_MOVE_TO (19)
009, Adding, 4, UNIT_VAMPIRE (196608), UNITOPERATION_MOVE_TO (19)
009, Adding, 4, UNIT_SCOUT (262146), UNITOPERATION_MOVE_TO (19)
009, Adding, 0, UNIT_VAMPIRE (262146), UNITOPERATION_MOVE_TO (19)
009, Adding, 4, UNIT_SCOUT (262146), UNITOPERATION_MOVE_TO (19)
009, Adding, 4, UNIT_SCOUT (262146), UNITOPERATION_MOVE_TO (19)
009, Adding, 4, UNIT_WARRIOR (131073), UNITOPERATION_MOVE_TO (19)
009, Adding, 4, UNIT_WARRIOR (131073), UNITOPERATION_MOVE_TO (19)
009, Adding, 0, UNIT_BUILDER (458757), UNITOPERATION_MOVE_TO (19)
009, Adding, 0, UNIT_BUILDER (458757), UNITOPERATION_SKIP_TURN (36)
009, Adding, 3, UNIT_SCOUT (196608), UNITOPERATION_MOVE_TO (19)
010, Adding, 5, UNIT_SETTLER (458757), UNITOPERATION_MOVE_TO (19)
010, Adding, 5, UNIT_WARRIOR (131073), UNITOPERATION_MOVE_TO (19)
010, Can't Start, 5, UNIT_WARRIOR (131073), UNITOPERATION_MOVE_TO (19)
010, Adding, 5, UNIT_BUILDER (393220), UNITOPERATION_BUILD_IMPROVEMENT (2)
010, Can't Start, 5, UNIT_BUILDER (393220), UNITOPERATION_BUILD_IMPROVEMENT (2)
010, Adding, 5, UNIT_VAMPIRE (655367), UNITOPERATION_MOVE_TO (19)
010, Adding, 5, UNIT_SCOUT (262147), UNITOPERATION_MOVE_TO (19)
010, Adding, 5, UNIT_SCOUT (262147), UNITOPERATION_MOVE_TO (19)
010, Adding, 5, UNIT_SCOUT (262147), UNITOPERATION_MOVE_TO (19)
010, Adding, 5, UNIT_SCOUT (262147), UNITOPERATION_MOVE_TO (19)
010, Adding, 5, UNIT_SCOUT (262147), UNITOPERATION_MOVE_TO (19)
010, Adding, 5, UNIT_SCOUT (262147), UNITOPERATION_MOVE_TO (19)
010, Adding, 5, UNIT_SCOUT (262147), UNITOPERATION_MOVE_TO (19)
010, Adding, 5, UNIT_SCOUT (524294), UNITOPERATION_MOVE_TO (19)
010, Adding, 5, UNIT_SCOUT (589826), UNITOPERATION_MOVE_TO (19)
010, Adding, 5, UNIT_SCOUT (589826), UNITOPERATION_MOVE_TO (19)
010, Adding, 5, UNIT_BUILDER (327680), UNITOPERATION_SKIP_TURN (36)
010, Adding, 5, UNIT_SCOUT (589826), UNITOPERATION_SKIP_TURN (36)
010, Can't Start, 5, UNIT_WARRIOR (131073), UNITOPERATION_MOVE_TO (19)
010, Adding, 6, UNIT_SETTLER (393220), UNITOPERATION_MOVE_TO (19)
010, Adding, 6, UNIT_WARRIOR (131073), UNITOPERATION_MOVE_TO (19)
010, Can't Start, 6, UNIT_WARRIOR (131073), UNITOPERATION_MOVE_TO (19)
010, Adding, 6, UNIT_WARRIOR (655366), UNITOPERATION_MOVE_TO (19)
010, Can't Start, 6, UNIT_WARRIOR (655366), UNITOPERATION_MOVE_TO (19)
010, Adding, 6, UNIT_SCOUT (262147), UNITOPERATION_MOVE_TO (19)
010, Adding, 6, UNIT_SCOUT (262147), UNITOPERATION_MOVE_TO (19)
010, Adding, 6, UNIT_SCOUT (262147), UNITOPERATION_MOVE_TO (19)
010, Adding, 6, UNIT_SCOUT (262147), UNITOPERATION_MOVE_TO (19)
010, Adding, 6, UNIT_SCOUT (458757), UNITOPERATION_MOVE_TO (19)
010, Adding, 6, UNIT_SCOUT (589824), UNITOPERATION_MOVE_TO (19)
010, Adding, 6, UNIT_SCOUT (458757), UNITOPERATION_MOVE_TO (19)
010, Adding, 6, UNIT_SCOUT (524290), UNITOPERATION_MOVE_TO (19)
010, Adding, 6, UNIT_SCOUT (524290), UNITOPERATION_MOVE_TO (19)
010, Adding, 6, UNIT_SCOUT (524290), UNITOPERATION_MOVE_TO (19)
010, Adding, 6, UNIT_SCOUT (589824), UNITOPERATION_SKIP_TURN (36)
010, Can't Start, 6, UNIT_WARRIOR (131073), UNITOPERATION_MOVE_TO (19)
010, Adding, 7, UNIT_SETTLER (458757), UNITOPERATION_MOVE_TO (19)
010, Adding, 7, UNIT_WARRIOR (131073), UNITOPERATION_MOVE_TO (19)
010, Adding, 7, UNIT_BUILDER (327680), UNITOPERATION_SWAP_UNITS (49)
010, Can't Start, 7, UNIT_BUILDER (327680), UNITOPERATION_SWAP_UNITS (49)
010, Adding, 7, UNIT_BUILDER (327680), UNITOPERATION_MOVE_TO (19)
010, Adding, 7, UNIT_WARRIOR (655367), UNITOPERATION_MOVE_TO (19)
010, Adding, 7, UNIT_SCOUT (262147), UNITOPERATION_MOVE_TO (19)
010, Adding, 7, UNIT_SCOUT (262147), UNITOPERATION_MOVE_TO (19)
010, Adding, 7, UNIT_SCOUT (589826), UNITOPERATION_MOVE_TO (19)
010, Adding, 7, UNIT_SCOUT (589826), UNITOPERATION_MOVE_TO (19)
010, Adding, 7, UNIT_SCOUT (589826), UNITOPERATION_MOVE_TO (19)
010, Adding, 7, UNIT_SCOUT (589826), UNITOPERATION_MOVE_TO (19)
010, Adding, 7, UNIT_SCOUT (589826), UNITOPERATION_MOVE_TO (19)
010, Adding, 7, UNIT_SCOUT (393220), UNITOPERATION_MOVE_TO (19)
010, Adding, 7, UNIT_SCOUT (524294), UNITOPERATION_MOVE_TO (19)
010, Adding, 7, UNIT_SCOUT (524294), UNITOPERATION_MOVE_TO (19)
010, Adding, 7, UNIT_SCOUT (393220), UNITOPERATION_SKIP_TURN (36)
010, Adding, 7, UNIT_SCOUT (524294), UNITOPERATION_SKIP_TURN (36)
010, Adding, 8, UNIT_SETTLER (655362), UNITOPERATION_MOVE_TO (19)
010, Adding, 8, UNIT_WARRIOR (131073), UNITOPERATION_MOVE_TO (19)
010, Adding, 8, UNIT_BUILDER (393220), UNITOPERATION_HARVEST_RESOURCE (16)
010, Can't Start, 8, UNIT_BUILDER (393220), UNITOPERATION_HARVEST_RESOURCE (16)
010, Adding, 8, UNIT_BUILDER (393220), UNITOPERATION_BUILD_IMPROVEMENT (2)
010, Can't Start, 8, UNIT_BUILDER (393220), UNITOPERATION_BUILD_IMPROVEMENT (2)
010, Adding, 8, UNIT_BUILDER (786441), UNITOPERATION_HARVEST_RESOURCE (16)
010, Can't Start, 8, UNIT_BUILDER (786441), UNITOPERATION_HARVEST_RESOURCE (16)
010, Adding, 8, UNIT_BUILDER (786441), UNITOPERATION_BUILD_IMPROVEMENT (2)
010, Can't Start, 8, UNIT_BUILDER (786441), UNITOPERATION_BUILD_IMPROVEMENT (2)
010, Adding, 8, UNIT_BUILDER (327680), UNITOPERATION_SWAP_UNITS (49)
010, Can't Start, 8, UNIT_BUILDER (327680), UNITOPERATION_SWAP_UNITS (49)
010, Adding, 8, UNIT_BUILDER (327680), UNITOPERATION_MOVE_TO (19)
010, Adding, 8, UNIT_BUILDER (851974), UNITOPERATION_SWAP_UNITS (49)
010, Can't Start, 8, UNIT_BUILDER (851974), UNITOPERATION_SWAP_UNITS (49)
010, Adding, 8, UNIT_BUILDER (851974), UNITOPERATION_MOVE_TO (19)
010, Adding, 8, UNIT_SCOUT (458757), UNITOPERATION_MOVE_TO (19)
010, Adding, 8, UNIT_SCOUT (262147), UNITOPERATION_MOVE_TO (19)
010, Adding, 8, UNIT_SCOUT (720904), UNITOPERATION_MOVE_TO (19)
010, Adding, 8, UNIT_SCOUT (262147), UNITOPERATION_MOVE_TO (19)
010, Adding, 8, UNIT_SCOUT (262147), UNITOPERATION_MOVE_TO (19)
010, Adding, 8, UNIT_SCOUT (262147), UNITOPERATION_MOVE_TO (19)
010, Adding, 8, UNIT_SCOUT (262147), UNITOPERATION_MOVE_TO (19)
010, Adding, 8, UNIT_SCOUT (262147), UNITOPERATION_MOVE_TO (19)
010, Adding, 8, UNIT_SCOUT (589831), UNITOPERATION_MOVE_TO (19)
010, Adding, 8, UNIT_SCOUT (589831), UNITOPERATION_MOVE_TO (19)
010, Adding, 8, UNIT_SCOUT (589831), UNITOPERATION_SKIP_TURN (36)
010, Adding, 9, UNIT_SETTLER (524294), UNITOPERATION_MOVE_TO (19)
010, Adding, 9, UNIT_WARRIOR (131073), UNITOPERATION_MOVE_TO (19)
010, Adding, 9, UNIT_BUILDER (393220), UNITOPERATION_SWAP_UNITS (49)
010, Can't Start, 9, UNIT_BUILDER (393220), UNITOPERATION_SWAP_UNITS (49)
010, Adding, 9, UNIT_BUILDER (393220), UNITOPERATION_MOVE_TO (19)
010, Adding, 9, UNIT_BUILDER (393220), UNITOPERATION_REMOVE_FEATURE (28)
010, Can't Start, 9, UNIT_BUILDER (393220), UNITOPERATION_REMOVE_FEATURE (28)
010, Adding, 9, UNIT_BUILDER (393220), UNITOPERATION_BUILD_IMPROVEMENT (2)
010, Can't Start, 9, UNIT_BUILDER (393220), UNITOPERATION_BUILD_IMPROVEMENT (2)
010, Adding, 9, UNIT_BUILDER (655368), UNITOPERATION_SWAP_UNITS (49)
010, Can't Start, 9, UNIT_BUILDER (655368), UNITOPERATION_SWAP_UNITS (49)
010, Adding, 9, UNIT_BUILDER (655368), UNITOPERATION_MOVE_TO (19)
010, Adding, 9, UNIT_BUILDER (655368), UNITOPERATION_BUILD_IMPROVEMENT (2)
010, Can't Start, 9, UNIT_BUILDER (655368), UNITOPERATION_BUILD_IMPROVEMENT (2)
010, Adding, 9, UNIT_WARRIOR (720896), UNITOPERATION_MOVE_TO (19)
010, Adding, 9, UNIT_SCOUT (262147), UNITOPERATION_MOVE_TO (19)
010, Adding, 9, UNIT_SCOUT (262147), UNITOPERATION_MOVE_TO (19)
010, Adding, 9, UNIT_SCOUT (262147), UNITOPERATION_MOVE_TO (19)
010, Adding, 9, UNIT_SCOUT (262147), UNITOPERATION_MOVE_TO (19)
010, Adding, 9, UNIT_SCOUT (262147), UNITOPERATION_MOVE_TO (19)
010, Adding, 9, UNIT_SCOUT (262147), UNITOPERATION_MOVE_TO (19)
010, Adding, 9, UNIT_SCOUT (262147), UNITOPERATION_MOVE_TO (19)
010, Adding, 9, UNIT_SCOUT (589831), UNITOPERATION_MOVE_TO (19)
010, Adding, 9, UNIT_SCOUT (589831), UNITOPERATION_MOVE_TO (19)
010, Adding, 9, UNIT_SCOUT (589831), UNITOPERATION_MOVE_TO (19)
010, Adding, 9, UNIT_SCOUT (589831), UNITOPERATION_MOVE_TO (19)
010, Adding, 9, UNIT_SCOUT (589831), UNITOPERATION_MOVE_TO (19)
010, Adding, 9, UNIT_SCOUT (458757), UNITOPERATION_MOVE_TO (19)
010, Adding, 9, UNIT_SCOUT (458757), UNITOPERATION_SKIP_TURN (36)
010, Can't Start, 9, UNIT_BUILDER (393220), UNITOPERATION_BUILD_IMPROVEMENT (2)
010, Can't Start, 9, UNIT_BUILDER (655368), UNITOPERATION_BUILD_IMPROVEMENT (2)
010, Adding, 10, UNIT_BUILDER (262144), UNITOPERATION_REMOVE_FEATURE (28)
010, Can't Start, 10, UNIT_BUILDER (262144), UNITOPERATION_REMOVE_FEATURE (28)
010, Adding, 10, UNIT_BUILDER (262144), UNITOPERATION_BUILD_IMPROVEMENT (2)
010, Can't Start, 10, UNIT_BUILDER (262144), UNITOPERATION_BUILD_IMPROVEMENT (2)
010, Adding, 10, UNIT_WARRIOR (131073), UNITOPERATION_MOVE_TO (19)
010, Adding, 10, UNIT_WARRIOR (196610), UNITOPERATION_MOVE_TO (19)
010, Adding, 11, UNIT_WARRIOR (131073), UNITOPERATION_MOVE_TO (19)
010, Adding, 11, UNIT_WARRIOR (196610), UNITOPERATION_MOVE_TO (19)
010, Adding, 11, UNIT_BUILDER (262144), UNITOPERATION_SKIP_TURN (36)
010, Adding, 12, UNIT_BUILDER (262144), UNITOPERATION_BUILD_IMPROVEMENT (2)
010, Can't Start, 12, UNIT_BUILDER (262144), UNITOPERATION_BUILD_IMPROVEMENT (2)
010, Adding, 12, UNIT_WARRIOR (131073), UNITOPERATION_MOVE_TO (19)
010, Adding, 12, UNIT_WARRIOR (196610), UNITOPERATION_MOVE_TO (19)
010, Adding, 13, UNIT_BUILDER (262144), UNITOPERATION_HARVEST_RESOURCE (16)
010, Can't Start, 13, UNIT_BUILDER (262144), UNITOPERATION_HARVEST_RESOURCE (16)
010, Adding, 13, UNIT_BUILDER (262144), UNITOPERATION_BUILD_IMPROVEMENT (2)
010, Can't Start, 13, UNIT_BUILDER (262144), UNITOPERATION_BUILD_IMPROVEMENT (2)
010, Adding, 13, UNIT_WARRIOR (131073), UNITOPERATION_MOVE_TO (19)
010, Adding, 13, UNIT_WARRIOR (196610), UNITOPERATION_MOVE_TO (19)
010, Adding, 14, UNIT_BUILDER (262144), UNITOPERATION_HARVEST_RESOURCE (16)
010, Can't Start, 14, UNIT_BUILDER (262144), UNITOPERATION_HARVEST_RESOURCE (16)
010, Adding, 14, UNIT_BUILDER (262144), UNITOPERATION_BUILD_IMPROVEMENT (2)
010, Can't Start, 14, UNIT_BUILDER (262144), UNITOPERATION_BUILD_IMPROVEMENT (2)
010, Adding, 14, UNIT_WARRIOR (131073), UNITOPERATION_MOVE_TO (19)
010, Adding, 14, UNIT_WARRIOR (196610), UNITOPERATION_MOVE_TO (19)
010, Adding, 15, UNIT_WARRIOR (131073), UNITOPERATION_MOVE_TO (19)
010, Adding, 15, UNIT_WARRIOR (196610), UNITOPERATION_MOVE_TO (19)
010, Adding, 15, UNIT_BUILDER (262144), UNITOPERATION_SKIP_TURN (36)
010, Adding, 16, UNIT_BUILDER (262144), UNITOPERATION_SWAP_UNITS (49)
010, Can't Start, 16, UNIT_BUILDER (262144), UNITOPERATION_SWAP_UNITS (49)
010, Adding, 16, UNIT_BUILDER (262144), UNITOPERATION_MOVE_TO (19)
010, Adding, 16, UNIT_BUILDER (262144), UNITOPERATION_BUILD_IMPROVEMENT (2)
010, Adding, 16, UNIT_WARRIOR (131073), UNITOPERATION_MOVE_TO (19)
010, Adding, 16, UNIT_WARRIOR (196610), UNITOPERATION_MOVE_TO (19)
010, Adding, 17, UNIT_BUILDER (262144), UNITOPERATION_REMOVE_FEATURE (28)
010, Can't Start, 17, UNIT_BUILDER (262144), UNITOPERATION_REMOVE_FEATURE (28)
010, Adding, 17, UNIT_BUILDER (262144), UNITOPERATION_BUILD_IMPROVEMENT (2)
010, Can't Start, 17, UNIT_BUILDER (262144), UNITOPERATION_BUILD_IMPROVEMENT (2)
010, Adding, 17, UNIT_WARRIOR (131073), UNITOPERATION_MOVE_TO (19)
010, Adding, 17, UNIT_WARRIOR (196610), UNITOPERATION_MOVE_TO (19)
010, Adding, 18, UNIT_WARRIOR (131073), UNITOPERATION_MOVE_TO (19)
010, Adding, 18, UNIT_WARRIOR (196610), UNITOPERATION_MOVE_TO (19)
010, Adding, 19, UNIT_WARRIOR (131073), UNITOPERATION_MOVE_TO (19)
010, Adding, 19, UNIT_WARRIOR (196610), UNITOPERATION_MOVE_TO (19)
010, Adding, 19, UNIT_BUILDER (262144), UNITOPERATION_SKIP_TURN (36)
010, Adding, 20, UNIT_BUILDER (262144), UNITOPERATION_REMOVE_FEATURE (28)
010, Can't Start, 20, UNIT_BUILDER (262144), UNITOPERATION_REMOVE_FEATURE (28)
010, Adding, 20, UNIT_BUILDER (262144), UNITOPERATION_BUILD_IMPROVEMENT (2)
010, Can't Start, 20, UNIT_BUILDER (262144), UNITOPERATION_BUILD_IMPROVEMENT (2)
010, Adding, 20, UNIT_WARRIOR (131073), UNITOPERATION_MOVE_TO (19)
010, Adding, 20, UNIT_WARRIOR (196610), UNITOPERATION_MOVE_TO (19)
010, Adding, 21, UNIT_BUILDER (262144), UNITOPERATION_BUILD_IMPROVEMENT (2)
010, Can't Start, 21, UNIT_BUILDER (262144), UNITOPERATION_BUILD_IMPROVEMENT (2)
010, Adding, 21, UNIT_WARRIOR (131073), UNITOPERATION_MOVE_TO (19)
010, Adding, 21, UNIT_WARRIOR (196610), UNITOPERATION_MOVE_TO (19)
010, Adding, 2, UNIT_WARRIOR (131073), UNITOPERATION_MOVE_TO (19)
010, Adding, 1, UNIT_BABYLONIAN_SABUM_KIBITTUM (262146), UNITOPERATION_MOVE_TO (19)
010, Adding, 2, UNIT_SCOUT (196608), UNITOPERATION_MOVE_TO (19)
010, Adding, 0, UNIT_SCOUT (524294), UNITOPERATION_MOVE_TO (19)
010, Adding, 1, UNIT_BABYLONIAN_SABUM_KIBITTUM (262146), UNITOPERATION_MOVE_TO (19)
010, Adding, 2, UNIT_SCOUT (262146), UNITOPERATION_MOVE_TO (19)
010, Adding, 4, UNIT_BUILDER (327683), UNITOPERATION_MOVE_TO (19)
010, Adding, 4, UNIT_BUILDER (327683), UNITOPERATION_BUILD_IMPROVEMENT (2)
010, Adding, 0, UNIT_VAMPIRE (262146), UNITOPERATION_MOVE_TO (19)
010, Adding, 0, UNIT_VAMPIRE (262146), UNITOPERATION_MOVE_TO (19)
010, Adding, 3, UNIT_SCOUT (196608), UNITOPERATION_MOVE_TO (19)
010, Adding, 0, UNIT_VAMPIRE (262146), UNITOPERATION_BUILD_ROUTE (3)
010, Adding, 3, UNIT_BUILDER (262146), UNITOPERATION_BUILD_IMPROVEMENT (2)
010, Adding, 0, UNIT_WARRIOR (131073), UNITOPERATION_MOVE_TO (19)
010, Adding, 3, UNIT_WARRIOR (131073), UNITOPERATION_MOVE_TO (19)
010, Adding, 4, UNIT_VAMPIRE (196608), UNITOPERATION_MOVE_TO (19)
010, Adding, 1, UNIT_BABYLONIAN_SABUM_KIBITTUM (262146), UNITOPERATION_MOVE_TO (19)
010, Adding, 4, UNIT_VAMPIRE (196608), UNITOPERATION_MOVE_TO (19)
010, Adding, 1, UNIT_WARRIOR (131073), UNITOPERATION_MOVE_TO (19)
010, Adding, 0, UNIT_WARRIOR (131073), UNITOPERATION_MOVE_TO (19)
010, Adding, 1, UNIT_BABYLONIAN_SABUM_KIBITTUM (196608), UNITOPERATION_MOVE_TO (19)
010, Adding, 1, UNIT_BABYLONIAN_SABUM_KIBITTUM (196608), UNITOPERATION_MOVE_TO (19)
010, Adding, 1, UNIT_BABYLONIAN_SABUM_KIBITTUM (196608), UNITOPERATION_MOVE_TO (19)
010, Adding, 0, UNIT_SCOUT (327683), UNITOPERATION_MOVE_TO (19)
010, Adding, 4, UNIT_WARRIOR (131073), UNITOPERATION_MOVE_TO (19)
010, Adding, 4, UNIT_WARRIOR (131073), UNITOPERATION_MOVE_TO (19)
010, Adding, 1, UNIT_BABYLONIAN_SABUM_KIBITTUM (196608), UNITOPERATION_MOVE_TO (19)
010, Adding, 0, UNIT_SCOUT (327683), UNITOPERATION_MOVE_TO (19)
010, Adding, 4, UNIT_SCOUT (262146), UNITOPERATION_MOVE_TO (19)
010, Adding, 4, UNIT_SCOUT (262146), UNITOPERATION_MOVE_TO (19)
010, Adding, 4, UNIT_SCOUT (262146), UNITOPERATION_MOVE_TO (19)
010, Adding, 0, UNIT_SETTLER (393220), UNITOPERATION_MOVE_TO (19)
010, Adding, 0, UNIT_SETTLER (393220), UNITOPERATION_FOUND_CITY (14)
010, Adding, 4, UNIT_SETTLER (458757), UNITOPERATION_MOVE_TO (19)
010, Adding, 4, UNIT_SETTLER (458757), UNITOPERATION_FOUND_CITY (14)
010, Adding, 4, UNIT_SCOUT (393220), UNITOPERATION_MOVE_TO (19)
010, Adding, 4, UNIT_SCOUT (393220), UNITOPERATION_MOVE_TO (19)
010, Adding, 4, UNIT_SCOUT (393220), UNITOPERATION_MOVE_TO (19)
010, Adding, 1, UNIT_WARRIOR (131073), UNITOPERATION_MOVE_TO (19)
010, Adding, 1, UNIT_BABYLONIAN_SABUM_KIBITTUM (262146), UNITOPERATION_MOVE_TO (19)
010, Adding, 1, UNIT_BABYLONIAN_SABUM_KIBITTUM (262146), UNITOPERATION_MOVE_TO (19)
010, Adding, 0, UNIT_BUILDER (458757), UNITOPERATION_SKIP_TURN (36)
010, Adding, 0, UNIT_BUILDER (196608), UNITOPERATION_SKIP_TURN (36)
011, Adding, 5, UNIT_SETTLER (458757), UNITOPERATION_MOVE_TO (19)
011, Can't Start, 5, UNIT_SETTLER (458757), UNITOPERATION_MOVE_TO (19)
011, Adding, 5, UNIT_WARRIOR (131073), UNITOPERATION_MOVE_TO (19)
011, Can't Start, 5, UNIT_WARRIOR (131073), UNITOPERATION_MOVE_TO (19)
011, Adding, 5, UNIT_SETTLER (458757), UNITOPERATION_MOVE_TO (19)
011, Adding, 5, UNIT_WARRIOR (131073), UNITOPERATION_MOVE_TO (19)
011, Adding, 5, UNIT_BUILDER (393220), UNITOPERATION_BUILD_IMPROVEMENT (2)
011, Can't Start, 5, UNIT_BUILDER (393220), UNITOPERATION_BUILD_IMPROVEMENT (2)
011, Adding, 5, UNIT_VAMPIRE (655367), UNITOPERATION_MOVE_TO (19)
011, Adding, 5, UNIT_WARRIOR (720904), UNITOPERATION_MOVE_TO (19)
011, Adding, 5, UNIT_SCOUT (262147), UNITOPERATION_MOVE_TO (19)
011, Adding, 5, UNIT_SCOUT (262147), UNITOPERATION_MOVE_TO (19)
011, Adding, 5, UNIT_SCOUT (262147), UNITOPERATION_MOVE_TO (19)
011, Adding, 5, UNIT_SCOUT (262147), UNITOPERATION_MOVE_TO (19)
011, Adding, 5, UNIT_SCOUT (262147), UNITOPERATION_MOVE_TO (19)
011, Adding, 5, UNIT_SCOUT (262147), UNITOPERATION_MOVE_TO (19)
011, Adding, 5, UNIT_SCOUT (262147), UNITOPERATION_MOVE_TO (19)
011, Adding, 5, UNIT_SCOUT (262147), UNITOPERATION_MOVE_TO (19)
011, Adding, 5, UNIT_SCOUT (262147), UNITOPERATION_MOVE_TO (19)
011, Adding, 5, UNIT_SCOUT (524294), UNITOPERATION_MOVE_TO (19)
011, Adding, 5, UNIT_SCOUT (524294), UNITOPERATION_MOVE_TO (19)
011, Adding, 5, UNIT_SCOUT (589826), UNITOPERATION_MOVE_TO (19)
011, Adding, 5, UNIT_SCOUT (589826), UNITOPERATION_MOVE_TO (19)
011, Adding, 5, UNIT_BUILDER (327680), UNITOPERATION_SKIP_TURN (36)
011, Adding, 5, UNIT_SCOUT (589826), UNITOPERATION_SKIP_TURN (36)
011, Adding, 6, UNIT_SETTLER (393220), UNITOPERATION_MOVE_TO (19)
011, Can't Start, 6, UNIT_SETTLER (393220), UNITOPERATION_MOVE_TO (19)
011, Adding, 6, UNIT_WARRIOR (131073), UNITOPERATION_MOVE_TO (19)
011, Can't Start, 6, UNIT_WARRIOR (131073), UNITOPERATION_MOVE_TO (19)
011, Adding, 6, UNIT_SETTLER (393220), UNITOPERATION_MOVE_TO (19)
011, Adding, 6, UNIT_WARRIOR (131073), UNITOPERATION_MOVE_TO (19)
011, Adding, 6, UNIT_BUILDER (720903), UNITOPERATION_SWAP_UNITS (49)
011, Can't Start, 6, UNIT_BUILDER (720903), UNITOPERATION_SWAP_UNITS (49)
011, Adding, 6, UNIT_BUILDER (720903), UNITOPERATION_MOVE_TO (19)
011, Adding, 6, UNIT_WARRIOR (655366), UNITOPERATION_MOVE_TO (19)
011, Adding, 6, UNIT_SCOUT (262147), UNITOPERATION_MOVE_TO (19)
011, Adding, 6, UNIT_SCOUT (262147), UNITOPERATION_MOVE_TO (19)
011, Adding, 6, UNIT_SCOUT (262147), UNITOPERATION_MOVE_TO (19)
011, Adding, 6, UNIT_SCOUT (262147), UNITOPERATION_MOVE_TO (19)
011, Adding, 6, UNIT_SCOUT (262147), UNITOPERATION_MOVE_TO (19)
011, Adding, 6, UNIT_SCOUT (589824), UNITOPERATION_MOVE_TO (19)
011, Adding, 6, UNIT_SCOUT (458757), UNITOPERATION_MOVE_TO (19)
011, Adding, 6, UNIT_SCOUT (524290), UNITOPERATION_MOVE_TO (19)
011, Adding, 6, UNIT_SCOUT (524290), UNITOPERATION_MOVE_TO (19)
011, Adding, 6, UNIT_SCOUT (524290), UNITOPERATION_MOVE_TO (19)
011, Adding, 6, UNIT_SCOUT (524290), UNITOPERATION_MOVE_TO (19)
011, Adding, 7, UNIT_SETTLER (458757), UNITOPERATION_MOVE_TO (19)
011, Adding, 7, UNIT_WARRIOR (131073), UNITOPERATION_MOVE_TO (19)
011, Can't Start, 7, UNIT_WARRIOR (131073), UNITOPERATION_MOVE_TO (19)
011, Adding, 7, UNIT_BUILDER (327680), UNITOPERATION_SWAP_UNITS (49)
011, Can't Start, 7, UNIT_BUILDER (327680), UNITOPERATION_SWAP_UNITS (49)
011, Adding, 7, UNIT_BUILDER (327680), UNITOPERATION_MOVE_TO (19)
011, Adding, 7, UNIT_WARRIOR (655367), UNITOPERATION_MOVE_TO (19)
011, Adding, 7, UNIT_WARRIOR (720904), UNITOPERATION_MOVE_TO (19)
011, Adding, 7, UNIT_SCOUT (262147), UNITOPERATION_MOVE_TO (19)
011, Adding, 7, UNIT_SCOUT (262147), UNITOPERATION_MOVE_TO (19)
011, Adding, 7, UNIT_SCOUT (262147), UNITOPERATION_MOVE_TO (19)
011, Adding, 7, UNIT_SCOUT (393220), UNITOPERATION_MOVE_TO (19)
011, Adding, 7, UNIT_SCOUT (393220), UNITOPERATION_MOVE_TO (19)
011, Adding, 7, UNIT_SCOUT (524294), UNITOPERATION_MOVE_TO (19)
011, Adding, 7, UNIT_SCOUT (589826), UNITOPERATION_MOVE_TO (19)
011, Adding, 7, UNIT_SCOUT (589826), UNITOPERATION_MOVE_TO (19)
011, Adding, 7, UNIT_SCOUT (589826), UNITOPERATION_MOVE_TO (19)
011, Adding, 7, UNIT_SCOUT (589826), UNITOPERATION_MOVE_TO (19)
011, Adding, 7, UNIT_SCOUT (524294), UNITOPERATION_MOVE_TO (19)
011, Adding, 7, UNIT_SCOUT (524294), UNITOPERATION_SKIP_TURN (36)
011, Adding, 8, UNIT_SETTLER (655362), UNITOPERATION_MOVE_TO (19)
011, Adding, 8, UNIT_WARRIOR (131073), UNITOPERATION_MOVE_TO (19)
011, Adding, 8, UNIT_BUILDER (393220), UNITOPERATION_HARVEST_RESOURCE (16)
011, Can't Start, 8, UNIT_BUILDER (393220), UNITOPERATION_HARVEST_RESOURCE (16)
011, Adding, 8, UNIT_BUILDER (393220), UNITOPERATION_BUILD_IMPROVEMENT (2)
011, Can't Start, 8, UNIT_BUILDER (393220), UNITOPERATION_BUILD_IMPROVEMENT (2)
011, Adding, 8, UNIT_BUILDER (786441), UNITOPERATION_HARVEST_RESOURCE (16)
011, Can't Start, 8, UNIT_BUILDER (786441), UNITOPERATION_HARVEST_RESOURCE (16)
011, Adding, 8, UNIT_BUILDER (786441), UNITOPERATION_BUILD_IMPROVEMENT (2)
011, Can't Start, 8, UNIT_BUILDER (786441), UNITOPERATION_BUILD_IMPROVEMENT (2)
011, Adding, 8, UNIT_BUILDER (327680), UNITOPERATION_SWAP_UNITS (49)
011, Can't Start, 8, UNIT_BUILDER (327680), UNITOPERATION_SWAP_UNITS (49)
011, Adding, 8, UNIT_BUILDER (327680), UNITOPERATION_MOVE_TO (19)
011, Adding, 8, UNIT_BUILDER (327680), UNITOPERATION_BUILD_IMPROVEMENT (2)
011, Adding, 8, UNIT_WARRIOR (917514), UNITOPERATION_MOVE_TO (19)
011, Adding, 8, UNIT_SCOUT (589831), UNITOPERATION_MOVE_TO (19)
011, Adding, 8, UNIT_BUILDER (851974), UNITOPERATION_MOVE_TO (19)
011, Adding, 8, UNIT_BUILDER (851974), UNITOPERATION_MOVE_TO (19)
011, Adding, 8, UNIT_SCOUT (720904), UNITOPERATION_MOVE_TO (19)
011, Adding, 8, UNIT_SCOUT (262147), UNITOPERATION_MOVE_TO (19)
011, Adding, 8, UNIT_SCOUT (262147), UNITOPERATION_MOVE_TO (19)
011, Adding, 8, UNIT_SCOUT (262147), UNITOPERATION_MOVE_TO (19)
011, Adding, 8, UNIT_SCOUT (262147), UNITOPERATION_MOVE_TO (19)
011, Adding, 8, UNIT_SCOUT (262147), UNITOPERATION_MOVE_TO (19)
011, Adding, 8, UNIT_SCOUT (262147), UNITOPERATION_MOVE_TO (19)
011, Adding, 8, UNIT_SCOUT (458757), UNITOPERATION_MOVE_TO (19)
011, Adding, 8, UNIT_SCOUT (589831), UNITOPERATION_MOVE_TO (19)
011, Adding, 8, UNIT_SCOUT (720904), UNITOPERATION_MOVE_TO (19)
011, Adding, 8, UNIT_SCOUT (458757), UNITOPERATION_SKIP_TURN (36)
011, Adding, 8, UNIT_BUILDER (851974), UNITOPERATION_SKIP_TURN (36)
011, Adding, 8, UNIT_SCOUT (589831), UNITOPERATION_SKIP_TURN (36)
011, Adding, 8, UNIT_SCOUT (720904), UNITOPERATION_SKIP_TURN (36)
011, Adding, 9, UNIT_SETTLER (524294), UNITOPERATION_MOVE_TO (19)
011, Adding, 9, UNIT_WARRIOR (131073), UNITOPERATION_MOVE_TO (19)
011, Adding, 9, UNIT_BUILDER (393220), UNITOPERATION_REMOVE_FEATURE (28)
011, Can't Start, 9, UNIT_BUILDER (393220), UNITOPERATION_REMOVE_FEATURE (28)
011, Adding, 9, UNIT_BUILDER (393220), UNITOPERATION_BUILD_IMPROVEMENT (2)
011, Can't Start, 9, UNIT_BUILDER (393220), UNITOPERATION_BUILD_IMPROVEMENT (2)
011, Adding, 9, UNIT_BUILDER (655368), UNITOPERATION_BUILD_IMPROVEMENT (2)
011, Can't Start, 9, UNIT_BUILDER (655368), UNITOPERATION_BUILD_IMPROVEMENT (2)
011, Adding, 9, UNIT_WARRIOR (720896), UNITOPERATION_MOVE_TO (19)
011, Adding, 9, UNIT_WARRIOR (786434), UNITOPERATION_MOVE_TO (19)
011, Adding, 9, UNIT_SCOUT (262147), UNITOPERATION_MOVE_TO (19)
011, Adding, 9, UNIT_SCOUT (262147), UNITOPERATION_MOVE_TO (19)
011, Adding, 9, UNIT_SCOUT (262147), UNITOPERATION_MOVE_TO (19)
011, Adding, 9, UNIT_SCOUT (262147), UNITOPERATION_MOVE_TO (19)
011, Adding, 9, UNIT_SCOUT (589831), UNITOPERATION_MOVE_TO (19)
011, Adding, 9, UNIT_SCOUT (589831), UNITOPERATION_MOVE_TO (19)
011, Adding, 9, UNIT_SCOUT (589831), UNITOPERATION_MOVE_TO (19)
011, Adding, 9, UNIT_SCOUT (589831), UNITOPERATION_MOVE_TO (19)
011, Adding, 9, UNIT_SCOUT (458757), UNITOPERATION_MOVE_TO (19)
011, Adding, 9, UNIT_WARRIOR (851977), UNITOPERATION_MOVE_TO (19)
011, Adding, 9, UNIT_SCOUT (458757), UNITOPERATION_MOVE_TO (19)
011, Adding, 9, UNIT_SCOUT (458757), UNITOPERATION_SKIP_TURN (36)
011, Adding, 9, UNIT_WARRIOR (851977), UNITOPERATION_SKIP_TURN (36)
011, Adding, 10, UNIT_BUILDER (262144), UNITOPERATION_REMOVE_FEATURE (28)
011, Can't Start, 10, UNIT_BUILDER (262144), UNITOPERATION_REMOVE_FEATURE (28)
011, Adding, 10, UNIT_BUILDER (262144), UNITOPERATION_BUILD_IMPROVEMENT (2)
011, Can't Start, 10, UNIT_BUILDER (262144), UNITOPERATION_BUILD_IMPROVEMENT (2)
011, Adding, 10, UNIT_WARRIOR (131073), UNITOPERATION_MOVE_TO (19)
011, Adding, 10, UNIT_WARRIOR (196610), UNITOPERATION_MOVE_TO (19)
011, Adding, 11, UNIT_BUILDER (262144), UNITOPERATION_SWAP_UNITS (49)
011, Can't Start, 11, UNIT_BUILDER (262144), UNITOPERATION_SWAP_UNITS (49)
011, Adding, 11, UNIT_BUILDER (262144), UNITOPERATION_MOVE_TO (19)
011, Adding, 11, UNIT_BUILDER (262144), UNITOPERATION_BUILD_IMPROVEMENT (2)
011, Adding, 11, UNIT_WARRIOR (131073), UNITOPERATION_MOVE_TO (19)
011, Adding, 11, UNIT_WARRIOR (196610), UNITOPERATION_MOVE_TO (19)
011, Adding, 12, UNIT_BUILDER (262144), UNITOPERATION_BUILD_IMPROVEMENT (2)
011, Can't Start, 12, UNIT_BUILDER (262144), UNITOPERATION_BUILD_IMPROVEMENT (2)
011, Adding, 12, UNIT_WARRIOR (131073), UNITOPERATION_MOVE_TO (19)
011, Adding, 12, UNIT_WARRIOR (196610), UNITOPERATION_MOVE_TO (19)
011, Adding, 13, UNIT_BUILDER (262144), UNITOPERATION_HARVEST_RESOURCE (16)
011, Can't Start, 13, UNIT_BUILDER (262144), UNITOPERATION_HARVEST_RESOURCE (16)
011, Adding, 13, UNIT_BUILDER (262144), UNITOPERATION_BUILD_IMPROVEMENT (2)
011, Can't Start, 13, UNIT_BUILDER (262144), UNITOPERATION_BUILD_IMPROVEMENT (2)
011, Adding, 13, UNIT_WARRIOR (131073), UNITOPERATION_MOVE_TO (19)
011, Adding, 13, UNIT_WARRIOR (196610), UNITOPERATION_MOVE_TO (19)
011, Adding, 14, UNIT_BUILDER (262144), UNITOPERATION_HARVEST_RESOURCE (16)
011, Can't Start, 14, UNIT_BUILDER (262144), UNITOPERATION_HARVEST_RESOURCE (16)
011, Adding, 14, UNIT_BUILDER (262144), UNITOPERATION_BUILD_IMPROVEMENT (2)
011, Can't Start, 14, UNIT_BUILDER (262144), UNITOPERATION_BUILD_IMPROVEMENT (2)
011, Adding, 14, UNIT_WARRIOR (131073), UNITOPERATION_MOVE_TO (19)
011, Adding, 14, UNIT_WARRIOR (196610), UNITOPERATION_MOVE_TO (19)
011, Adding, 15, UNIT_WARRIOR (131073), UNITOPERATION_MOVE_TO (19)
011, Adding, 15, UNIT_WARRIOR (196610), UNITOPERATION_MOVE_TO (19)
011, Adding, 15, UNIT_BUILDER (262144), UNITOPERATION_SKIP_TURN (36)
011, Adding, 16, UNIT_BUILDER (262144), UNITOPERATION_SWAP_UNITS (49)
011, Can't Start, 16, UNIT_BUILDER (262144), UNITOPERATION_SWAP_UNITS (49)
011, Adding, 16, UNIT_BUILDER (262144), UNITOPERATION_MOVE_TO (19)
011, Adding, 16, UNIT_BUILDER (262144), UNITOPERATION_BUILD_IMPROVEMENT (2)
011, Adding, 16, UNIT_WARRIOR (131073), UNITOPERATION_MOVE_TO (19)
011, Adding, 16, UNIT_WARRIOR (196610), UNITOPERATION_MOVE_TO (19)
011, Adding, 17, UNIT_BUILDER (262144), UNITOPERATION_REMOVE_FEATURE (28)
011, Can't Start, 17, UNIT_BUILDER (262144), UNITOPERATION_REMOVE_FEATURE (28)
011, Adding, 17, UNIT_BUILDER (262144), UNITOPERATION_BUILD_IMPROVEMENT (2)
011, Can't Start, 17, UNIT_BUILDER (262144), UNITOPERATION_BUILD_IMPROVEMENT (2)
011, Adding, 17, UNIT_WARRIOR (131073), UNITOPERATION_MOVE_TO (19)
011, Adding, 17, UNIT_WARRIOR (196610), UNITOPERATION_MOVE_TO (19)
011, Adding, 18, UNIT_WARRIOR (131073), UNITOPERATION_MOVE_TO (19)
011, Adding, 18, UNIT_WARRIOR (196610), UNITOPERATION_MOVE_TO (19)
011, Adding, 19, UNIT_WARRIOR (131073), UNITOPERATION_MOVE_TO (19)
011, Adding, 19, UNIT_WARRIOR (196610), UNITOPERATION_MOVE_TO (19)
011, Adding, 19, UNIT_BUILDER (262144), UNITOPERATION_SKIP_TURN (36)
011, Adding, 20, UNIT_BUILDER (262144), UNITOPERATION_REMOVE_FEATURE (28)
011, Can't Start, 20, UNIT_BUILDER (262144), UNITOPERATION_REMOVE_FEATURE (28)
011, Adding, 20, UNIT_BUILDER (262144), UNITOPERATION_BUILD_IMPROVEMENT (2)
011, Can't Start, 20, UNIT_BUILDER (262144), UNITOPERATION_BUILD_IMPROVEMENT (2)
011, Adding, 20, UNIT_WARRIOR (131073), UNITOPERATION_MOVE_TO (19)
011, Adding, 20, UNIT_WARRIOR (196610), UNITOPERATION_MOVE_TO (19)
011, Adding, 21, UNIT_BUILDER (262144), UNITOPERATION_BUILD_IMPROVEMENT (2)
011, Can't Start, 21, UNIT_BUILDER (262144), UNITOPERATION_BUILD_IMPROVEMENT (2)
011, Adding, 21, UNIT_WARRIOR (131073), UNITOPERATION_MOVE_TO (19)
011, Adding, 21, UNIT_WARRIOR (196610), UNITOPERATION_MOVE_TO (19)
011, Adding, 3, UNIT_WARRIOR (131073), UNITOPERATION_MOVE_TO (19)
011, Adding, 3, UNIT_WARRIOR (131073), UNITOPERATION_MOVE_TO (19)
011, Adding, 0, UNIT_SCOUT (327683), UNITOPERATION_MOVE_TO (19)
011, Adding, 0, UNIT_SCOUT (327683), UNITOPERATION_MOVE_TO (19)
011, Adding, 0, UNIT_SCOUT (327683), UNITOPERATION_MOVE_TO (19)
011, Adding, 1, UNIT_SETTLER (327683), UNITOPERATION_MOVE_TO (19)
011, Adding, 3, UNIT_SETTLER (327683), UNITOPERATION_MOVE_TO (19)
011, Adding, 1, UNIT_BABYLONIAN_SABUM_KIBITTUM (196608), UNITOPERATION_MOVE_TO (19)
011, Adding, 1, UNIT_BABYLONIAN_SABUM_KIBITTUM (196608), UNITOPERATION_MOVE_TO (19)
011, Adding, 0, UNIT_WARRIOR (131073), UNITOPERATION_MOVE_TO (19)
011, Adding, 3, UNIT_BUILDER (262146), UNITOPERATION_MOVE_TO (19)
011, Adding, 4, UNIT_WARRIOR (131073), UNITOPERATION_MOVE_TO (19)
011, Adding, 4, UNIT_WARRIOR (131073), UNITOPERATION_MOVE_TO (19)
011, Adding, 1, UNIT_BABYLONIAN_SABUM_KIBITTUM (196608), UNITOPERATION_MOVE_TO (19)
011, Adding, 1, UNIT_BABYLONIAN_SABUM_KIBITTUM (196608), UNITOPERATION_MOVE_TO (19)
011, Adding, 0, UNIT_WARRIOR (131073), UNITOPERATION_MOVE_TO (19)
011, Adding, 3, UNIT_BUILDER (262146), UNITOPERATION_SKIP_TURN (36)
011, Adding, 3, UNIT_SCOUT (196608), UNITOPERATION_MOVE_TO (19)
011, Adding, 3, UNIT_SCOUT (196608), UNITOPERATION_MOVE_TO (19)
011, Adding, 4, UNIT_SCOUT (262146), UNITOPERATION_MOVE_TO (19)
011, Adding, 1, UNIT_BABYLONIAN_SABUM_KIBITTUM (262146), UNITOPERATION_MOVE_TO (19)
011, Adding, 0, UNIT_SCOUT (524294), UNITOPERATION_MOVE_TO (19)
011, Adding, 1, UNIT_BABYLONIAN_SABUM_KIBITTUM (262146), UNITOPERATION_MOVE_TO (19)
011, Adding, 4, UNIT_SCOUT (262146), UNITOPERATION_MOVE_TO (19)
011, Adding, 1, UNIT_BABYLONIAN_SABUM_KIBITTUM (262146), UNITOPERATION_MOVE_TO (19)
011, Adding, 1, UNIT_BABYLONIAN_SABUM_KIBITTUM (262146), UNITOPERATION_MOVE_TO (19)
011, Adding, 4, UNIT_SCOUT (524293), UNITOPERATION_MOVE_TO (19)
011, Adding, 4, UNIT_SCOUT (524293), UNITOPERATION_SKIP_TURN (36)
011, Adding, 4, UNIT_BUILDER (327683), UNITOPERATION_MOVE_TO (19)
011, Adding, 0, UNIT_BUILDER (458757), UNITOPERATION_REMOVE_FEATURE (28)
011, Adding, 4, UNIT_SCOUT (393220), UNITOPERATION_MOVE_TO (19)
011, Adding, 4, UNIT_SCOUT (393220), UNITOPERATION_MOVE_TO (19)
011, Adding, 4, UNIT_SCOUT (393220), UNITOPERATION_MOVE_TO (19)
011, Adding, 4, UNIT_VAMPIRE (196608), UNITOPERATION_MOVE_TO (19)
011, Adding, 4, UNIT_VAMPIRE (196608), UNITOPERATION_MOVE_TO (19)
011, Adding, 2, UNIT_WARRIOR (131073), UNITOPERATION_MOVE_TO (19)
011, Adding, 2, UNIT_WARRIOR (131073), UNITOPERATION_MOVE_TO (19)
011, Adding, 2, UNIT_SCOUT (196608), UNITOPERATION_MOVE_TO (19)
011, Adding, 2, UNIT_SCOUT (196608), UNITOPERATION_MOVE_TO (19)
011, Adding, 2, UNIT_SCOUT (196608), UNITOPERATION_MOVE_TO (19)
011, Adding, 2, UNIT_SETTLER (327683), UNITOPERATION_MOVE_TO (19)
011, Adding, 1, UNIT_SETTLER (327683), UNITOPERATION_MOVE_TO (19)
011, Adding, 2, UNIT_SCOUT (262146), UNITOPERATION_MOVE_TO (19)
011, Adding, 2, UNIT_SCOUT (262146), UNITOPERATION_MOVE_TO (19)
011, Adding, 2, UNIT_SCOUT (262146), UNITOPERATION_MOVE_TO (19)
011, Adding, 1, UNIT_WARRIOR (131073), UNITOPERATION_MOVE_TO (19)
011, Adding, 1, UNIT_BABYLONIAN_SABUM_KIBITTUM (196608), UNITOPERATION_MOVE_TO (19)
011, Adding, 0, UNIT_VAMPIRE (262146), UNITOPERATION_MOVE_TO (19)
011, Adding, 0, UNIT_VAMPIRE (262146), UNITOPERATION_MOVE_TO (19)
011, Adding, 0, UNIT_BUILDER (196608), UNITOPERATION_SKIP_TURN (36)
