ForgeUI started up!
START ContextBase::Initialize() id: ''		parent: 'NULL'		Context: 'NULL'
END   ContextBase::Initialize() id: 'TutorialOverlay'
START ContextBase::Initialize() id: ''		parent: 'NULL'		Context: 'NULL'
END   ContextBase::Initialize() id: 'ToolTips'
START ContextBase::Initialize() id: ''		parent: 'NULL'		Context: 'NULL'
END   ContextBase::Initialize() id: 'DebugPanel'
START ContextBase::Initialize() id: ''		parent: 'NULL'		Context: 'NULL'
END   ContextBase::Initialize() id: 'IntroScreen'
START ContextBase::Initialize() id: ''		parent: 'NULL'		Context: 'NULL'
START  LuaContext::Initialize() id: 'DebugHotloadCache'		parent: 'DebugContext'		Context: 'DebugContext'
DebugHotloadCache: register time: 0.107362
DebugHotloadCache: ControlBase::Initialize time: 0.000001
LOADING ../../../Base/Assets/UI/DebugHotloadCache.lua	Load time: 0.000609
END    LuaContext::Initialize() id: 'DebugHotloadCache'
END   ContextBase::Initialize() id: 'DebugContext'
START ContextBase::Initialize() id: ''		parent: 'NULL'		Context: 'NULL'
END   ContextBase::Initialize() id: 'DebugViewer'
START ContextBase::Initialize() id: ''		parent: 'NULL'		Context: 'NULL'
START  LuaContext::Initialize() id: 'Intro'		parent: 'StartupScreen'		Context: 'StartupScreen'
IntroScreen: register time: 0.000525
IntroScreen: ControlBase::Initialize time: 0.001875
LOADING ../../../Base/Assets/UI/FrontEnd/IntroScreen.lua	Load time: 0.001891
END    LuaContext::Initialize() id: 'Intro'
END   ContextBase::Initialize() id: 'StartupScreen'
START  LuaContext::Initialize() id: ''		parent: 'NULL'		Context: 'NULL'
FrontEnd: register time: 0.000175
START  LuaContext::Initialize() id: 'MainMenu'		parent: 'FrontEndContainer'		Context: 'FrontEnd'
MainMenu: register time: 0.000175
START  LuaContext::Initialize() id: 'Options'		parent: 'MainMenu'		Context: 'MainMenu'
Options: register time: 0.000171
Options: ControlBase::Initialize time: 0.009723
LOADING ../../../Base/Assets/UI/Options.lua	Load time: 0.023355
END    LuaContext::Initialize() id: 'Options'
START  LuaContext::Initialize() id: 'ModsContext'		parent: 'MainMenu'		Context: 'MainMenu'
START  LuaContext::Initialize() id: 'AdvancedSetup'		parent: 'MainMenu'		Context: 'MainMenu'
START  LuaContext::Initialize() id: 'ScenarioSetup'		parent: 'MainMenu'		Context: 'MainMenu'
START  LuaContext::Initialize() id: 'CreditsScreen'		parent: 'MainMenu'		Context: 'MainMenu'
CreditsScreen: register time: 0.000215
CreditsScreen: ControlBase::Initialize time: 0.000067
LOADING ../../../Base/Assets/UI/FrontEnd/CreditsScreen.lua	Load time: 0.000650
END    LuaContext::Initialize() id: 'CreditsScreen'
START  LuaContext::Initialize() id: 'My2K'		parent: 'MainMenu'		Context: 'MainMenu'
My2K: register time: 0.000254
My2K: ControlBase::Initialize time: 0.000001
LOADING ../../../Base/Assets/UI/FiraxisLive/My2K.lua	Load time: 0.001329
END    LuaContext::Initialize() id: 'My2K'
START  LuaContext::Initialize() id: 'WorldBuilder'		parent: 'MainMenu'		Context: 'MainMenu'
START  LuaContext::Initialize() id: 'HallofFame'		parent: 'MainMenu'		Context: 'MainMenu'
START  LuaContext::Initialize() id: 'TutorialSetup'		parent: 'MainMenu'		Context: 'MainMenu'
START  LuaContext::Initialize() id: 'Lobby'		parent: 'MainMenu'		Context: 'MainMenu'
Lobby: register time: 0.001128
START  LuaContext::Initialize() id: 'LoadGameMenu'		parent: 'Lobby'		Context: 'Lobby'
LoadGameMenu: register time: 0.000776
LoadGameMenu: ControlBase::Initialize time: 0.001694
LOADING ../../../Base/Assets/UI/FrontEnd/LoadGameMenu.lua	Load time: 0.007665
END    LuaContext::Initialize() id: 'LoadGameMenu'
START  LuaContext::Initialize() id: 'PBCNotifyRemind'		parent: 'Lobby'		Context: 'Lobby'
PBCNotifyRemind: register time: 0.000602
PBCNotifyRemind: ControlBase::Initialize time: 0.001829
LOADING ../../../Base/Assets/UI/FrontEnd/Multiplayer/PBCNotifyRemind.lua	Load time: 0.000377
END    LuaContext::Initialize() id: 'PBCNotifyRemind'
Lobby: ControlBase::Initialize time: 0.021558
LOADING ../../../Base/Assets/UI/FrontEnd/Multiplayer/Lobby.lua	Load time: 0.006640
END    LuaContext::Initialize() id: 'Lobby'
START  LuaContext::Initialize() id: 'HostGame'		parent: 'MainMenu'		Context: 'MainMenu'
HostGame: register time: 0.000275
START  LuaContext::Initialize() id: 'ModsMenu'		parent: 'HostGame'		Context: 'HostGame'
Mods: register time: 0.000263
Mods: ControlBase::Initialize time: 0.002444
LOADING ../../../Base/Assets/UI/FrontEnd/Mods.lua	Load time: 0.004147
END    LuaContext::Initialize() id: 'ModsMenu'
START  LuaContext::Initialize() id: 'LoadGameMenu'		parent: 'HostGame'		Context: 'HostGame'
LoadGameMenu: register time: 0.000414
LoadGameMenu: ControlBase::Initialize time: 0.000427
LOADING ../../../Base/Assets/UI/FrontEnd/LoadGameMenu.lua	Load time: 0.005480
END    LuaContext::Initialize() id: 'LoadGameMenu'
START  LuaContext::Initialize() id: 'SaveGameMenu'		parent: 'HostGame'		Context: 'HostGame'
SaveGameMenu: register time: 0.000204
SaveGameMenu: ControlBase::Initialize time: 0.000629
LOADING ../../../Base/Assets/UI/Menus/SaveGameMenu.lua	Load time: 0.003083
END    LuaContext::Initialize() id: 'SaveGameMenu'
START  LuaContext::Initialize() id: 'MultiSelectWindow'		parent: 'HostGame'		Context: 'HostGame'
MultiSelectWindow: register time: 0.000298
MultiSelectWindow: ControlBase::Initialize time: 0.000228
LOADING ../../../Base/Assets/UI/FrontEnd/MultiSelectWindow.lua	Load time: 0.000594
END    LuaContext::Initialize() id: 'MultiSelectWindow'
START  LuaContext::Initialize() id: 'CityStatePicker'		parent: 'HostGame'		Context: 'HostGame'
CityStatePicker: register time: 0.000207
CityStatePicker: ControlBase::Initialize time: 0.001321
LOADING ../../../Base/Assets/UI/FrontEnd/CityStatePicker.lua	Load time: 0.008276
END    LuaContext::Initialize() id: 'CityStatePicker'
START  LuaContext::Initialize() id: 'LeaderPicker'		parent: 'HostGame'		Context: 'HostGame'
LeaderPicker: register time: 0.000250
LeaderPicker: ControlBase::Initialize time: 0.000765
LOADING ../../../Base/Assets/UI/FrontEnd/LeaderPicker.lua	Load time: 0.008088
END    LuaContext::Initialize() id: 'LeaderPicker'
HostGame: ControlBase::Initialize time: 0.051900
LOADING D:/Steam/steamapps/workshop/content/289070/3792052697/ui/HostGame.lua	Load time: 0.009232
END    LuaContext::Initialize() id: 'HostGame'
START  LuaContext::Initialize() id: 'StagingRoom'		parent: 'MainMenu'		Context: 'MainMenu'
StagingRoom: register time: 0.000191
START  LuaContext::Initialize() id: 'ConfirmKick'		parent: 'StagingRoom'		Context: 'StagingRoom'
ConfirmKick: register time: 0.000212
ConfirmKick: ControlBase::Initialize time: 0.000022
LOADING ../../../Base/Assets/UI/FrontEnd/Multiplayer/ConfirmKick.lua	Load time: 0.001022
END    LuaContext::Initialize() id: 'ConfirmKick'
START  LuaContext::Initialize() id: 'EditHotseatPlayer'		parent: 'StagingRoom'		Context: 'StagingRoom'
EditHotseatPlayer: register time: 0.000157
EditHotseatPlayer: ControlBase::Initialize time: 0.000487
LOADING ../../../Base/Assets/UI/FrontEnd/Multiplayer/EditHotseatPlayer.lua	Load time: 0.000501
END    LuaContext::Initialize() id: 'EditHotseatPlayer'
StagingRoom: ControlBase::Initialize time: 0.009510
LOADING D:/Steam/steamapps/workshop/content/289070/3792052697/ui/StagingRoom.lua	Load time: 0.124799
END    LuaContext::Initialize() id: 'StagingRoom'
START  LuaContext::Initialize() id: 'LoadGameMenu'		parent: 'MainMenu'		Context: 'MainMenu'
LoadGameMenu: register time: 0.000698
LoadGameMenu: ControlBase::Initialize time: 0.000394
LOADING ../../../Base/Assets/UI/FrontEnd/LoadGameMenu.lua	Load time: 0.005798
END    LuaContext::Initialize() id: 'LoadGameMenu'
START  LuaContext::Initialize() id: 'SaveGameMenu'		parent: 'MainMenu'		Context: 'MainMenu'
SaveGameMenu: register time: 0.000292
SaveGameMenu: ControlBase::Initialize time: 0.000425
LOADING ../../../Base/Assets/UI/Menus/SaveGameMenu.lua	Load time: 0.002445
END    LuaContext::Initialize() id: 'SaveGameMenu'
START  LuaContext::Initialize() id: 'FrontEndPopup'		parent: 'MainMenu'		Context: 'MainMenu'
FrontEndPopup: register time: 0.000300
FrontEndPopup: ControlBase::Initialize time: 0.000021
LOADING ../../../Base/Assets/UI/FrontEnd/FrontEndPopup.lua	Load time: 0.001371
END    LuaContext::Initialize() id: 'FrontEndPopup'
START  LuaContext::Initialize() id: 'CivRoyaleIntro'		parent: 'MainMenu'		Context: 'MainMenu'
CivRoyaleIntro: register time: 0.000247
CivRoyaleIntro: ControlBase::Initialize time: 0.000062
LOADING ../../../Base/Assets/UI/FrontEnd/Multiplayer/CivRoyaleIntro.lua	Load time: 0.000346
END    LuaContext::Initialize() id: 'CivRoyaleIntro'
START  LuaContext::Initialize() id: 'PiratesIntro'		parent: 'MainMenu'		Context: 'MainMenu'
PiratesIntro: register time: 0.000270
PiratesIntro: ControlBase::Initialize time: 0.000062
LOADING ../../../Base/Assets/UI/FrontEnd/Multiplayer/PiratesIntro.lua	Load time: 0.000376
END    LuaContext::Initialize() id: 'PiratesIntro'
START  LuaContext::Initialize() id: 'CrossPlay'		parent: 'MainMenu'		Context: 'MainMenu'
CrossPlayLogin: register time: 0.000398
CrossPlayLogin: ControlBase::Initialize time: 0.000001
LOADING ../../../Base/Assets/UI/FrontEnd/Multiplayer/CrossPlayLogin.lua	Load time: 0.000762
END    LuaContext::Initialize() id: 'CrossPlay'
MainMenu: ControlBase::Initialize time: 0.307304
LOADING D:/Steam/steamapps/workshop/content/289070/3792052697/ui/MainMenu.lua	Load time: 0.112138
END    LuaContext::Initialize() id: 'MainMenu'
START  LuaContext::Initialize() id: 'StartingGame'		parent: 'FrontEndContainer'		Context: 'FrontEnd'
StateTransition: register time: 0.000347
StateTransition: ControlBase::Initialize time: 0.000165
LOADING ../../../Base/Assets/UI/FrontEnd/StateTransition.lua	Load time: 0.000371
END    LuaContext::Initialize() id: 'StartingGame'
START  LuaContext::Initialize() id: 'JoiningRoom'		parent: 'FrontEndContainer'		Context: 'FrontEnd'
JoiningRoom: register time: 0.000943
JoiningRoom: ControlBase::Initialize time: 0.000507
LOADING ../../../Base/Assets/UI/FrontEnd/Multiplayer/JoiningRoom.lua	Load time: 0.000696
END    LuaContext::Initialize() id: 'JoiningRoom'
START  LuaContext::Initialize() id: 'UserSetupWarning'		parent: 'FrontEndContainer'		Context: 'FrontEnd'
UserSetupWarning: register time: 0.000279
UserSetupWarning: ControlBase::Initialize time: 0.000022
LOADING ../../../Base/Assets/UI/FrontEnd/UserSetupWarning.lua	Load time: 0.000853
END    LuaContext::Initialize() id: 'UserSetupWarning'
START  LuaContext::Initialize() id: 'SwitchLayoutPopup'		parent: 'FrontEndContainer'		Context: 'FrontEnd'
SwitchLayoutPopup: register time: 0.000192
SwitchLayoutPopup: ControlBase::Initialize time: 0.000120
LOADING ../../../Base/Assets/UI/Popups/SwitchLayoutPopup.lua	Load time: 0.000380
END    LuaContext::Initialize() id: 'SwitchLayoutPopup'
START  LuaContext::Initialize() id: 'Test'		parent: ''		Context: 'FrontEnd'
Test: register time: 0.000263
Test: ControlBase::Initialize time: 0.000001
LOADING ../../../Base/Assets/UI/Test.lua	Load time: 0.000200
END    LuaContext::Initialize() id: 'Test'
FrontEnd: ControlBase::Initialize time: 0.435154
LOADING ../../../Base/Assets/UI/FrontEnd/FrontEnd.lua	Load time: 0.992902
END    LuaContext::Initialize() id: 'FrontEnd'
START  LuaContext::Initialize() id: ''		parent: 'FrontEnd'		Context: 'FrontEnd'
InvitePopup: register time: 0.000401
InvitePopup: ControlBase::Initialize time: 0.000025
LOADING ../../../Base/Assets/UI/Popups/InvitePopup.lua	Load time: 0.001271
END    LuaContext::Initialize() id: 'InvitePopup'
START  LuaContext::Initialize() id: 'ModsContext'		parent: 'MainMenu'		Context: 'MainMenu'
Mods: register time: 0.000252
Mods: ControlBase::Initialize time: 0.002007
LOADING ../../../Base/Assets/UI/FrontEnd/Mods.lua	Load time: 0.002451
END    LuaContext::Initialize() id: 'ModsContext'
START ContextBase::Initialize() id: ''		parent: 'NULL'		Context: 'NULL'
END   ContextBase::Initialize() id: 'ToolTips'
START  LuaContext::Initialize() id: ''		parent: 'NULL'		Context: 'NULL'
LoadScreen: register time: 0.000236
LoadScreen: ControlBase::Initialize time: 0.000611
LOADING ../../../Base/Assets/UI/FrontEnd/LoadScreen.lua	Load time: 0.003639
END    LuaContext::Initialize() id: 'LoadScreen'
START ContextBase::Initialize() id: ''		parent: 'NULL'		Context: 'NULL'
END   ContextBase::Initialize() id: 'ToolTips'
START  LuaContext::Initialize() id: ''		parent: 'NULL'		Context: 'NULL'
InGame: register time: 0.001711
START  LuaContext::Initialize() id: 'WorldInput'		parent: 'Core'		Context: 'InGame'
WorldInput: register time: 0.000408
WorldInput: ControlBase::Initialize time: 0.001101
LOADING ../../../DLC/Expansion2/UI/Replacements/WorldInput_Expansion2.lua	Load time: 0.014163
END    LuaContext::Initialize() id: 'WorldInput'
START  LuaContext::Initialize() id: 'StrategicView'		parent: 'Core'		Context: 'InGame'
StrategicView: register time: 0.000531
StrategicView: ControlBase::Initialize time: 0.000001
LOADING ../../../Base/Assets/UI/StrategicView.lua	Load time: 0.000060
END    LuaContext::Initialize() id: 'StrategicView'
START  LuaContext::Initialize() id: 'ARXManager'		parent: 'Core'		Context: 'InGame'
ARXManager: register time: 0.000421
ARXManager: ControlBase::Initialize time: 0.000000
LOADING ../../../DLC/Expansion2/UI/Replacements/ARXManager_Expansion2.lua	Load time: 0.002345
END    LuaContext::Initialize() id: 'ARXManager'
START  LuaContext::Initialize() id: 'MapLabelManager'		parent: 'WorldViewControls'		Context: 'InGame'
MapLabelManager: register time: 0.000635
MapLabelManager: ControlBase::Initialize time: 0.000001
LOADING ../../../DLC/Expansion2/UI/Additions/MapLabelManager.lua	Load time: 0.070598
END    LuaContext::Initialize() id: 'MapLabelManager'
START  LuaContext::Initialize() id: 'WorldViewIconsManager'		parent: 'WorldViewControls'		Context: 'InGame'
WorldViewIconsManager: register time: 0.001957
WorldViewIconsManager: ControlBase::Initialize time: 0.000001
LOADING D:/Steam/steamapps/workshop/content/289070/3792052697/STR/UI/WorldViewIconsManager_STR.lua	Load time: 0.003777
END    LuaContext::Initialize() id: 'WorldViewIconsManager'
START  LuaContext::Initialize() id: 'DistrictPlotIconManager'		parent: 'WorldViewControls'		Context: 'InGame'
DistrictPlotIconManager: register time: 0.001423
DistrictPlotIconManager: ControlBase::Initialize time: 0.000001
LOADING ../../../DLC/KublaiKhan_Vietnam/UI/Replacements/DistrictPlotIconManager_KublaiKhan_Vietnam.lua	Load time: 0.006282
END    LuaContext::Initialize() id: 'DistrictPlotIconManager'
START  LuaContext::Initialize() id: 'SettlerInfluenceIconManager'		parent: 'WorldViewControls'		Context: 'InGame'
SettlerInfluenceIconManager: register time: 0.001276
SettlerInfluenceIconManager: ControlBase::Initialize time: 0.000001
LOADING ../../../DLC/Expansion2/UI/Additions/SettlerInfluenceIconManager.lua	Load time: 0.001373
END    LuaContext::Initialize() id: 'SettlerInfluenceIconManager'
START  LuaContext::Initialize() id: 'PlotInfo'		parent: 'WorldViewControls'		Context: 'InGame'
PlotInfo: register time: 0.001415
PlotInfo: ControlBase::Initialize time: 0.000001
LOADING ../../../Base/Assets/UI/WorldView/PlotInfo.lua	Load time: 0.009936
END    LuaContext::Initialize() id: 'PlotInfo'
START  LuaContext::Initialize() id: 'CityBannerManager'		parent: 'BannerAndFlags'		Context: 'InGame'
CityBannerManager: register time: 0.000581
CityBannerManager: ControlBase::Initialize time: 0.000001
LOADING ../../../DLC/Expansion2/UI/CityBanners/CityBannerManager.lua	Load time: 0.011513
END    LuaContext::Initialize() id: 'CityBannerManager'
START  LuaContext::Initialize() id: 'UnitFlagManager'		parent: 'BannerAndFlags'		Context: 'InGame'
UnitFlagManager: register time: 0.000519
UnitFlagManager: ControlBase::Initialize time: 0.000001
LOADING D:/Steam/steamapps/workshop/content/289070/3792052697/ui/Replacements/UnitFlagManager.lua	Load time: 0.005367
END    LuaContext::Initialize() id: 'UnitFlagManager'
START  LuaContext::Initialize() id: 'TourismBannerManager'		parent: 'WorldViewControls'		Context: 'InGame'
TourismBannerManager: register time: 0.000672
TourismBannerManager: ControlBase::Initialize time: 0.000001
LOADING ../../../Base/Assets/UI/WorldView/TourismBannerManager.lua	Load time: 0.001399
END    LuaContext::Initialize() id: 'TourismBannerManager'
START  LuaContext::Initialize() id: 'MapPinManager'		parent: 'WorldViewControls'		Context: 'InGame'
MapPinManager: register time: 0.000646
MapPinManager: ControlBase::Initialize time: 0.000093
LOADING D:/Steam/steamapps/workshop/content/289070/3792052697/Components/DetailedMapTacks/ui/mappinmanager_dmt.lua	Load time: 0.004766
END    LuaContext::Initialize() id: 'MapPinManager'
START  LuaContext::Initialize() id: 'SelectedUnit'		parent: 'WorldViewControls'		Context: 'InGame'
SelectedUnit: register time: 0.000713
SelectedUnit: ControlBase::Initialize time: 0.000001
LOADING ../../../DLC/Expansion2/UI/Replacements/SelectedUnit_Expansion2.lua	Load time: 0.000953
END    LuaContext::Initialize() id: 'SelectedUnit'
START  LuaContext::Initialize() id: 'WorldViewPlotMessages'		parent: 'WorldViewControls'		Context: 'InGame'
WorldViewPlotMessages: register time: 0.000741
WorldViewPlotMessages: ControlBase::Initialize time: 0.000001
LOADING ../../../Base/Assets/UI/WorldViewPlotMessages.lua	Load time: 0.000672
END    LuaContext::Initialize() id: 'WorldViewPlotMessages'
START  LuaContext::Initialize() id: 'SettlerWarningIconManager'		parent: 'WorldViewControls'		Context: 'InGame'
SettlerWarningIconManager: register time: 0.000868
SettlerWarningIconManager: ControlBase::Initialize time: 0.000001
LOADING ../../../DLC/Expansion2/UI/Additions/SettlerWarningIconManager.lua	Load time: 0.001168
END    LuaContext::Initialize() id: 'SettlerWarningIconManager'
START  LuaContext::Initialize() id: 'PowerLensManager'		parent: 'WorldViewControls'		Context: 'InGame'
PowerLensManager: register time: 0.000557
PowerLensManager: ControlBase::Initialize time: 0.000001
LOADING ../../../DLC/Expansion2/UI/Additions/PowerLensManager.lua	Load time: 0.001163
END    LuaContext::Initialize() id: 'PowerLensManager'
START  LuaContext::Initialize() id: 'GenVFX'		parent: 'WorldViewControls'		Context: 'InGame'
GenVFX: register time: 0.000428
GenVFX: ControlBase::Initialize time: 0.000001
LOADING ../../../Base/Assets/UI/GenVFX.lua	Load time: 0.001759
END    LuaContext::Initialize() id: 'GenVFX'
START  LuaContext::Initialize() id: 'CameraManager'		parent: 'HUD'		Context: 'InGame'
CameraManager: register time: 0.000405
CameraManager: ControlBase::Initialize time: 0.000000
LOADING ../../../Base/Assets/UI/WorldView/CameraManager.lua	Load time: 0.000218
END    LuaContext::Initialize() id: 'CameraManager'
START  LuaContext::Initialize() id: 'PlotToolTip'		parent: 'HUD'		Context: 'InGame'
PlotToolTip: register time: 0.000473
PlotToolTip: ControlBase::Initialize time: 0.000038
LOADING ../../../DLC/Expansion2/UI/Replacements/PlotToolTip_Expansion2.lua	Load time: 0.001929
END    LuaContext::Initialize() id: 'PlotToolTip'
START  LuaContext::Initialize() id: 'StatusMessagePanel'		parent: 'HUD'		Context: 'InGame'
StatusMessagePanel: register time: 0.000450
StatusMessagePanel: ControlBase::Initialize time: 0.000002
LOADING D:/Steam/steamapps/workshop/content/289070/3792052697/ui/Replacements/StatusMessagePanel.lua	Load time: 0.000791
END    LuaContext::Initialize() id: 'StatusMessagePanel'
START  LuaContext::Initialize() id: 'NotificationPanel'		parent: 'HUD'		Context: 'InGame'
NotificationPanel: register time: 0.000430
NotificationPanel: ControlBase::Initialize time: 0.000010
LOADING ../../../Base/Assets/UI/Panels/NotificationPanel.lua	Load time: 0.005433
END    LuaContext::Initialize() id: 'NotificationPanel'
START  LuaContext::Initialize() id: 'UnitPanel'		parent: 'HUD'		Context: 'InGame'
UnitPanel: register time: 0.000498
UnitPanel: ControlBase::Initialize time: 0.005372
LOADING D:/Steam/steamapps/workshop/content/289070/3792052697/Components/BBG/ui/replacements/unitpanel_bbg.lua	Load time: 0.012248
END    LuaContext::Initialize() id: 'UnitPanel'
START  LuaContext::Initialize() id: 'TurnProcessing'		parent: 'HUD'		Context: 'InGame'
TurnProcessing: register time: 0.000483
TurnProcessing: ControlBase::Initialize time: 0.000228
LOADING D:/Steam/steamapps/workshop/content/289070/3792052697/ui/Additions/TurnProcessing.lua	Load time: 0.006806
END    LuaContext::Initialize() id: 'TurnProcessing'
START  LuaContext::Initialize() id: 'WorldTracker'		parent: 'HUD'		Context: 'InGame'
WorldTracker: register time: 0.000698
START  LuaContext::Initialize() id: ''		parent: 'ChatPanelContainer'		Context: 'WorldTracker'
ChatPanel: register time: 0.000536
START  LuaContext::Initialize() id: 'ConfirmKick'		parent: ''		Context: ''
ConfirmKick: register time: 0.000530
ConfirmKick: ControlBase::Initialize time: 0.000024
LOADING ../../../Base/Assets/UI/FrontEnd/Multiplayer/ConfirmKick.lua	Load time: 0.001428
END    LuaContext::Initialize() id: 'ConfirmKick'
ChatPanel: ControlBase::Initialize time: 0.002461
LOADING D:/Steam/steamapps/workshop/content/289070/3792052697/ui/Replacements/chatpanel_MPH.lua	Load time: 0.006374
END    LuaContext::Initialize() id: ''
START  LuaContext::Initialize() id: ''		parent: 'TutorialGoals'		Context: 'WorldTracker'
TutorialGoals: register time: 0.000510
TutorialGoals: ControlBase::Initialize time: 0.000049
LOADING ../../../Base/Assets/UI/TutorialGoals.lua	Load time: 0.000864
END    LuaContext::Initialize() id: 'TutorialGoals'
WorldTracker: ControlBase::Initialize time: 0.013237
LOADING ../../../DLC/Expansion2/UI/Replacements/WorldTracker_Expansion1.lua	Load time: 0.023471
START  LuaContext::Initialize() id: ''		parent: 'OtherContainer'		Context: 'NULL'
WorldCrisisTracker: register time: 0.001567
WorldCrisisTracker: ControlBase::Initialize time: 0.000007
LOADING ../../../DLC/Expansion2/UI/Additions/WorldCrisisTracker.lua	Load time: 0.001890
END    LuaContext::Initialize() id: ''
END    LuaContext::Initialize() id: 'WorldTracker'
START  LuaContext::Initialize() id: 'MinimapPanel'		parent: 'HUD'		Context: 'InGame'
MinimapPanel: register time: 0.000945
START  LuaContext::Initialize() id: ''		parent: 'MapPinListPanel'		Context: 'MinimapPanel'
MapPinListPanel: register time: 0.000932
MapPinListPanel: ControlBase::Initialize time: 0.000081
LOADING D:/Steam/steamapps/workshop/content/289070/3792052697/ui/Replacements/MapPinListPanel.lua	Load time: 0.001029
END    LuaContext::Initialize() id: ''
START  LuaContext::Initialize() id: ''		parent: 'MapSearchPanel'		Context: 'MinimapPanel'
MapSearchPanel: register time: 0.000940
MapSearchPanel: ControlBase::Initialize time: 0.000327
LOADING ../../../Base/Assets/UI/Popups/MapSearchPanel.lua	Load time: 0.002101
END    LuaContext::Initialize() id: ''
MinimapPanel: ControlBase::Initialize time: 0.031786
LOADING ../../../DLC/Expansion2/UI/Replacements/MinimapPanel_Expansion2.lua	Load time: 0.002939
END    LuaContext::Initialize() id: 'MinimapPanel'
START  LuaContext::Initialize() id: 'CityPanel'		parent: 'HUD'		Context: 'InGame'
CityPanel: register time: 0.000781
CityPanel: ControlBase::Initialize time: 0.001662
LOADING ../../../DLC/Expansion2/UI/Replacements/CityPanel_Expansion2.lua	Load time: 0.014892
END    LuaContext::Initialize() id: 'CityPanel'
START  LuaContext::Initialize() id: 'ActionPanel'		parent: 'HUD'		Context: 'InGame'
ActionPanel: register time: 0.000845
ActionPanel: ControlBase::Initialize time: 0.001219
LOADING ../../../DLC/Expansion2/UI/Replacements/ActionPanel_Expansion2.lua	Load time: 0.008458
END    LuaContext::Initialize() id: 'ActionPanel'
START  LuaContext::Initialize() id: 'MultiplayerTurnManager'		parent: 'HUD'		Context: 'InGame'
MultiplayerTurnManager: register time: 0.000682
MultiplayerTurnManager: ControlBase::Initialize time: 0.000144
LOADING ../../../Base/Assets/UI/Panels/MultiplayerTurnManager.lua	Load time: 0.000316
END    LuaContext::Initialize() id: 'MultiplayerTurnManager'
START  LuaContext::Initialize() id: 'TopPanel'		parent: 'PartialScreens'		Context: 'InGame'
TopPanel: register time: 0.000641
TopPanel: ControlBase::Initialize time: 0.000282
LOADING D:/Steam/steamapps/workshop/content/289070/3792052697/TPE/UI/TopPanelExtension.lua	Load time: 0.003197
END    LuaContext::Initialize() id: 'TopPanel'
START  LuaContext::Initialize() id: 'DiplomacyRibbon'		parent: 'PartialScreens'		Context: 'InGame'
DiplomacyRibbon: register time: 0.000507
DiplomacyRibbon: ControlBase::Initialize time: 0.000174
LOADING D:/Steam/steamapps/workshop/content/289070/3792052697/ui/Replacements/DiplomacyRibbon_ZYL.lua	Load time: 0.005826
END    LuaContext::Initialize() id: 'DiplomacyRibbon'
START  LuaContext::Initialize() id: 'CityStates'		parent: 'PartialScreens'		Context: 'InGame'
CityStates: register time: 0.000665
CityStates: ControlBase::Initialize time: 0.002723
LOADING D:/Steam/steamapps/workshop/content/289070/3792052697/BCS/UI/CityStates_TPT.lua	Load time: 0.003308
END    LuaContext::Initialize() id: 'CityStates'
START  LuaContext::Initialize() id: 'EspionageOverview'		parent: 'PartialScreens'		Context: 'InGame'
EspionageOverview: register time: 0.000708
EspionageOverview: ControlBase::Initialize time: 0.000905
LOADING ../../../DLC/Expansion2/UI/Replacements/EspionageOverview_Expansion1.lua	Load time: 0.003423
END    LuaContext::Initialize() id: 'EspionageOverview'
START  LuaContext::Initialize() id: 'WorldRankings'		parent: 'PartialScreens'		Context: 'InGame'
WorldRankings: register time: 0.000642
WorldRankings: ControlBase::Initialize time: 0.000629
LOADING D:/Steam/steamapps/workshop/content/289070/3792052697/Components/BBG/ui/replacements/worldrankings_bbg.lua	Load time: 0.005761
END    LuaContext::Initialize() id: 'WorldRankings'
START  LuaContext::Initialize() id: 'TradeOverview'		parent: 'PartialScreens'		Context: 'InGame'
TradeOverview: register time: 0.000583
TradeOverview: ControlBase::Initialize time: 0.001765
LOADING D:/Steam/steamapps/workshop/content/289070/3792052697/BTS/UI/TradeOverview.lua	Load time: 0.006131
END    LuaContext::Initialize() id: 'TradeOverview'
START  LuaContext::Initialize() id: 'ReportsList'		parent: 'PartialScreens'		Context: 'InGame'
ReportsList: register time: 0.000743
ReportsList: ControlBase::Initialize time: 0.000064
LOADING D:/Steam/steamapps/workshop/content/289070/3792052697/BRS/RLL/ReportsListLoader.lua	Load time: 0.003921
END    LuaContext::Initialize() id: 'ReportsList'
START  LuaContext::Initialize() id: 'PartialScreenHooks'		parent: 'PartialScreens'		Context: 'InGame'
PartialScreenHooks: register time: 0.000715
PartialScreenHooks: ControlBase::Initialize time: 0.000120
LOADING ../../../DLC/Expansion2/UI/Replacements/PartialScreenHooks_Expansion2.lua	Load time: 0.001581
END    LuaContext::Initialize() id: 'PartialScreenHooks'
START  LuaContext::Initialize() id: 'ProductionManager'		parent: 'PartialScreens'		Context: 'InGame'
ProductionManager: register time: 0.000994
ProductionManager: ControlBase::Initialize time: 0.000080
LOADING ../../../Base/Assets/UI/ProductionManager.lua	Load time: 0.006899
END    LuaContext::Initialize() id: 'ProductionManager'
START  LuaContext::Initialize() id: 'ProductionPanel'		parent: 'PartialScreens'		Context: 'InGame'
ProductionPanel: register time: 0.000761
ProductionPanel: ControlBase::Initialize time: 0.001166
LOADING ../../../Base/Assets/UI/Panels/ProductionPanel.lua	Load time: 0.014587
END    LuaContext::Initialize() id: 'ProductionPanel'
START  LuaContext::Initialize() id: 'FullscreenMapPopup'		parent: 'Screens'		Context: 'InGame'
FullscreenMapPopup: register time: 0.000586
FullscreenMapPopup: ControlBase::Initialize time: 0.000004
LOADING ../../../DLC/Expansion2/UI/Replacements/FullscreenMapPopup_Expansion2.lua	Load time: 0.000628
END    LuaContext::Initialize() id: 'FullscreenMapPopup'
START  LuaContext::Initialize() id: 'TechTree'		parent: 'Screens'		Context: 'InGame'
TechTree: register time: 0.000540
DEPRECATED: 'full' size should be parent-sized to a root context
TechTree: ControlBase::Initialize time: 0.000688
LOADING D:/Steam/steamapps/workshop/content/289070/3792052697/TCP/UI/TechTree_TPT.lua	Load time: 0.012536
END    LuaContext::Initialize() id: 'TechTree'
START  LuaContext::Initialize() id: 'CivicsTree'		parent: 'Screens'		Context: 'InGame'
CivicsTree: register time: 0.000579
DEPRECATED: 'full' size should be parent-sized to a root context
CivicsTree: ControlBase::Initialize time: 0.000627
LOADING D:/Steam/steamapps/workshop/content/289070/3792052697/TCP/UI/CivicsTree_TPT.lua	Load time: 0.012522
END    LuaContext::Initialize() id: 'CivicsTree'
START  LuaContext::Initialize() id: 'ClimateScreen'		parent: 'Screens'		Context: 'InGame'
ClimateScreen: register time: 0.001640
ClimateScreen: ControlBase::Initialize time: 0.001955
LOADING ../../../DLC/GranColombia_Maya/UI/Replacements/ClimateScreen_GranColombia_Maya.lua	Load time: 0.006352
END    LuaContext::Initialize() id: 'ClimateScreen'
START  LuaContext::Initialize() id: 'GovernmentScreen'		parent: 'Screens'		Context: 'InGame'
GovernmentScreen: register time: 0.000890
GovernmentScreen: ControlBase::Initialize time: 0.001223
LOADING ../../../DLC/Expansion2/UI/Replacements/GovernmentScreen_Expansion2.lua	Load time: 0.008648
END    LuaContext::Initialize() id: 'GovernmentScreen'
START  LuaContext::Initialize() id: 'ReligionScreen'		parent: 'Screens'		Context: 'InGame'
ReligionScreen: register time: 0.000789
ReligionScreen: ControlBase::Initialize time: 0.002074
LOADING ../../../Base/Assets/UI/ReligionScreen.lua	Load time: 0.003078
END    LuaContext::Initialize() id: 'ReligionScreen'
START  LuaContext::Initialize() id: 'GreatWorksOverview'		parent: 'Screens'		Context: 'InGame'
GreatWorksOverview: register time: 0.000572
GreatWorksOverview: ControlBase::Initialize time: 0.000357
LOADING ../../../Base/Assets/UI/GreatWorksOverview.lua	Load time: 0.005248
END    LuaContext::Initialize() id: 'GreatWorksOverview'
START  LuaContext::Initialize() id: 'GreatWorkShowcase'		parent: 'Screens'		Context: 'InGame'
GreatWorkShowcase: register time: 0.000699
GreatWorkShowcase: ControlBase::Initialize time: 0.000195
LOADING ../../../Base/Assets/UI/GreatWorkShowcase.lua	Load time: 0.001303
END    LuaContext::Initialize() id: 'GreatWorkShowcase'
START  LuaContext::Initialize() id: 'GreatPeoplePopup'		parent: 'Screens'		Context: 'InGame'
GreatPeoplePopup: register time: 0.000541
GreatPeoplePopup: ControlBase::Initialize time: 0.000406
LOADING D:/Steam/steamapps/workshop/content/289070/3792052697/BGP/UI/GreatPeoplePopup.lua	Load time: 0.012230
END    LuaContext::Initialize() id: 'GreatPeoplePopup'
START  LuaContext::Initialize() id: 'GlobalResourcePopup'		parent: 'Screens'		Context: 'InGame'
GlobalResourcePopup: register time: 0.000564
GlobalResourcePopup: ControlBase::Initialize time: 0.000303
LOADING ../../../DLC/KublaiKhan_Vietnam/UI/Replacements/GlobalResourcePopup_KublaiKhanVietnam_MODE.lua	Load time: 0.002115
END    LuaContext::Initialize() id: 'GlobalResourcePopup'
START  LuaContext::Initialize() id: 'ReportScreen'		parent: 'Screens'		Context: 'InGame'
ReportScreen: register time: 0.000574
ReportScreen: ControlBase::Initialize time: 0.000779
LOADING D:/Steam/steamapps/workshop/content/289070/3792052697/BRS/ReportScreen.lua	Load time: 0.016077
END    LuaContext::Initialize() id: 'ReportScreen'
START  LuaContext::Initialize() id: 'EdgeScroll'		parent: 'InGame'		Context: 'InGame'
EdgeScroll: register time: 0.000772
EdgeScroll: ControlBase::Initialize time: 0.000002
LOADING ../../../Base/Assets/UI/EdgeScroll.lua	Load time: 0.000291
END    LuaContext::Initialize() id: 'EdgeScroll'
START  LuaContext::Initialize() id: 'LaunchBar'		parent: 'TopLevelHUD'		Context: 'InGame'
LaunchBar: register time: 0.000550
LaunchBar: ControlBase::Initialize time: 0.000371
LOADING ../../../DLC/Expansion2/UI/Replacements/LaunchBar_Expansion2.lua	Load time: 0.001525
END    LuaContext::Initialize() id: 'LaunchBar'
START  LuaContext::Initialize() id: 'TradeRouteChooser'		parent: 'TopLevelHUD'		Context: 'InGame'
TradeRouteChooser: register time: 0.000580
TradeRouteChooser: ControlBase::Initialize time: 0.000588
LOADING D:/Steam/steamapps/workshop/content/289070/3792052697/BTS/UI/Choosers/TradeRouteChooser.lua	Load time: 0.003735
END    LuaContext::Initialize() id: 'TradeRouteChooser'
START  LuaContext::Initialize() id: 'TradeOriginChooser'		parent: 'TopLevelHUD'		Context: 'InGame'
TradeOriginChooser: register time: 0.000544
TradeOriginChooser: ControlBase::Initialize time: 0.000133
LOADING D:/Steam/steamapps/workshop/content/289070/3792052697/BTS/UI/Choosers/TradeOriginChooser.lua	Load time: 0.001852
END    LuaContext::Initialize() id: 'TradeOriginChooser'
START  LuaContext::Initialize() id: 'CivicsChooser'		parent: 'TopLevelHUD'		Context: 'InGame'
CivicsChooser: register time: 0.000592
CivicsChooser: ControlBase::Initialize time: 0.000112
LOADING D:/Steam/steamapps/workshop/content/289070/3792052697/TCP/UI/CivicsChooser_TPT.lua	Load time: 0.015580
END    LuaContext::Initialize() id: 'CivicsChooser'
START  LuaContext::Initialize() id: 'ResearchChooser'		parent: 'TopLevelHUD'		Context: 'InGame'
ResearchChooser: register time: 0.000556
ResearchChooser: ControlBase::Initialize time: 0.000264
LOADING D:/Steam/steamapps/workshop/content/289070/3792052697/TCP/UI/ResearchChooser_TPT.lua	Load time: 0.022294
END    LuaContext::Initialize() id: 'ResearchChooser'
START  LuaContext::Initialize() id: 'EspionageChooser'		parent: 'TopLevelHUD'		Context: 'InGame'
EspionageChooser: register time: 0.000598
EspionageChooser: ControlBase::Initialize time: 0.000237
LOADING ../../../DLC/Expansion2/UI/Replacements/EspionageChooser_Expansion1.lua	Load time: 0.003112
END    LuaContext::Initialize() id: 'EspionageChooser'
START  LuaContext::Initialize() id: 'PantheonChooser'		parent: 'TopLevelHUD'		Context: 'InGame'
PantheonChooser: register time: 0.000577
PantheonChooser: ControlBase::Initialize time: 0.000338
LOADING D:/Steam/steamapps/workshop/content/289070/3792052697/BPC/UI/PantheonChooser_TPT.lua	Load time: 0.000765
END    LuaContext::Initialize() id: 'PantheonChooser'
START  LuaContext::Initialize() id: 'CityPanelOverview'		parent: 'TopLevelHUD'		Context: 'InGame'
CityPanelOverview: register time: 0.000553
CityPanelOverview: ControlBase::Initialize time: 0.002273
LOADING ../../../DLC/Expansion2/UI/Replacements/CityPanelOverview_Expansion2.lua	Load time: 0.013495
START  LuaContext::Initialize() id: ''		parent: 'PanelDynamicTab'		Context: 'NULL'
CityPanelCulture: register time: 0.000613
CityPanelCulture: ControlBase::Initialize time: 0.001189
LOADING ../../../DLC/Expansion2/UI/Additions/CityPanelCulture.lua	Load time: 0.001891
END    LuaContext::Initialize() id: ''
START  LuaContext::Initialize() id: ''		parent: 'PanelDynamicTab'		Context: 'NULL'
CityPanelPower: register time: 0.000662
CityPanelPower: ControlBase::Initialize time: 0.000250
LOADING ../../../DLC/Expansion2/UI/Additions/CityPanelPower.lua	Load time: 0.001329
END    LuaContext::Initialize() id: ''
END    LuaContext::Initialize() id: 'CityPanelOverview'
START  LuaContext::Initialize() id: 'ModalLensPanel'		parent: 'TopLevelHUD'		Context: 'InGame'
ModalLensPanel: register time: 0.000513
ModalLensPanel: ControlBase::Initialize time: 0.000036
LOADING ../../../DLC/Expansion2/UI/Replacements/ModalLensPanel_Expansion2.lua	Load time: 0.001922
END    LuaContext::Initialize() id: 'ModalLensPanel'
START  LuaContext::Initialize() id: 'EraCompletePopup'		parent: 'WorldPopups'		Context: 'InGame'
EraCompletePopup: register time: 0.000600
EraCompletePopup: ControlBase::Initialize time: 0.000068
LOADING ../../../DLC/Expansion2/UI/Additions/EraCompletePopup.lua	Load time: 0.000988
END    LuaContext::Initialize() id: 'EraCompletePopup'
START  LuaContext::Initialize() id: 'NaturalWonderPopup'		parent: 'WorldPopups'		Context: 'InGame'
NaturalWonderPopup: register time: 0.000530
NaturalWonderPopup: ControlBase::Initialize time: 0.000684
LOADING ../../../Base/Assets/UI/Popups/NaturalWonderPopup.lua	Load time: 0.000709
END    LuaContext::Initialize() id: 'NaturalWonderPopup'
START  LuaContext::Initialize() id: 'NaturalDisasterPopup'		parent: 'WorldPopups'		Context: 'InGame'
NaturalDisasterPopup: register time: 0.000707
NaturalDisasterPopup: ControlBase::Initialize time: 0.000454
LOADING ../../../DLC/GranColombia_Maya/UI/Replacements/NaturalDisasterPopup_GranColombia_Maya.lua	Load time: 0.001123
END    LuaContext::Initialize() id: 'NaturalDisasterPopup'
START  LuaContext::Initialize() id: 'RockBandMoviePopup'		parent: 'WorldPopups'		Context: 'InGame'
RockBandMoviePopup: register time: 0.000648
RockBandMoviePopup: ControlBase::Initialize time: 0.000715
LOADING ../../../DLC/Expansion2/UI/Additions/RockBandMoviePopup.lua	Load time: 0.000612
END    LuaContext::Initialize() id: 'RockBandMoviePopup'
START  LuaContext::Initialize() id: 'RockBandPopup'		parent: 'WorldPopups'		Context: 'InGame'
RockBandPopup: register time: 0.000711
RockBandPopup: ControlBase::Initialize time: 0.000706
LOADING ../../../DLC/Expansion2/UI/Additions/RockBandPopup.lua	Load time: 0.000997
END    LuaContext::Initialize() id: 'RockBandPopup'
START  LuaContext::Initialize() id: 'WonderBuiltPopup'		parent: 'WorldPopups'		Context: 'InGame'
WonderBuiltPopup: register time: 0.000665
WonderBuiltPopup: ControlBase::Initialize time: 0.000213
LOADING ../../../Base/Assets/UI/Popups/WonderBuiltPopup.lua	Load time: 0.000887
END    LuaContext::Initialize() id: 'WonderBuiltPopup'
START  LuaContext::Initialize() id: 'ProjectBuiltPopup'		parent: 'WorldPopups'		Context: 'InGame'
ProjectBuiltPopup: register time: 0.000754
ProjectBuiltPopup: ControlBase::Initialize time: 0.000208
LOADING ../../../Base/Assets/UI/Popups/ProjectBuiltPopup.lua	Load time: 0.000705
END    LuaContext::Initialize() id: 'ProjectBuiltPopup'
START  LuaContext::Initialize() id: 'MapPinPopup'		parent: 'WorldPopups'		Context: 'InGame'
MapPinPopup: register time: 0.000669
MapPinPopup: ControlBase::Initialize time: 0.000305
LOADING D:/Steam/steamapps/workshop/content/289070/3792052697/Components/DetailedMapTacks/ui/mappinpopup_dmt.lua	Load time: 0.021556
END    LuaContext::Initialize() id: 'MapPinPopup'
START  LuaContext::Initialize() id: 'PBCNotificationPopup'		parent: 'WorldPopups'		Context: 'InGame'
PBCNotificationPopup: register time: 0.000909
PBCNotificationPopup: ControlBase::Initialize time: 0.000000
LOADING ../../../Base/Assets/UI/Popups/PBCNotificationPopup.lua	Load time: 0.001145
END    LuaContext::Initialize() id: 'PBCNotificationPopup'
START  LuaContext::Initialize() id: 'RazeCity'		parent: 'WorldPopups'		Context: 'InGame'
RazeCity: register time: 0.000703
RazeCity: ControlBase::Initialize time: 0.000143
LOADING ../../../DLC/Expansion2/UI/Replacements/RazeCity_Expansion2.lua	Load time: 0.001020
END    LuaContext::Initialize() id: 'RazeCity'
START  LuaContext::Initialize() id: 'BoostUnlockedPopup'		parent: 'WorldPopups'		Context: 'InGame'
BoostUnlockedPopup: register time: 0.000696
BoostUnlockedPopup: ControlBase::Initialize time: 0.000082
LOADING ../../../Base/Assets/UI/Popups/BoostUnlockedPopup.lua	Load time: 0.000989
END    LuaContext::Initialize() id: 'BoostUnlockedPopup'
START  LuaContext::Initialize() id: 'TechCivicCompletedPopup'		parent: 'WorldPopups'		Context: 'InGame'
TechCivicCompletedPopup: register time: 0.000511
TechCivicCompletedPopup: ControlBase::Initialize time: 0.002388
LOADING ../../../Base/Assets/UI/Popups/TechCivicCompletedPopup.lua	Load time: 0.005375
END    LuaContext::Initialize() id: 'TechCivicCompletedPopup'
START  LuaContext::Initialize() id: 'UnitPromotionPopup'		parent: 'WorldPopups'		Context: 'InGame'
UnitPromotionPopup: register time: 0.000563
UnitPromotionPopup: ControlBase::Initialize time: 0.000068
LOADING ../../../Base/Assets/UI/Popups/UnitPromotionPopup.lua	Load time: 0.004235
END    LuaContext::Initialize() id: 'UnitPromotionPopup'
START  LuaContext::Initialize() id: 'EspionagePopup'		parent: 'WorldPopups'		Context: 'InGame'
EspionagePopup: register time: 0.000598
EspionagePopup: ControlBase::Initialize time: 0.000919
LOADING ../../../Base/Assets/UI/Popups/EspionagePopup.lua	Load time: 0.001460
END    LuaContext::Initialize() id: 'EspionagePopup'
START  LuaContext::Initialize() id: 'EventPopup'		parent: 'WorldPopups'		Context: 'InGame'
EventPopup: register time: 0.000796
EventPopup: ControlBase::Initialize time: 0.001264
LOADING ../../../Base/Assets/UI/Popups/EventPopup.lua	Load time: 0.008315
END    LuaContext::Initialize() id: 'EventPopup'
START  LuaContext::Initialize() id: 'Automation_NarrationPopup'		parent: 'WorldPopups'		Context: 'InGame'
Automation_NarrationPopup: register time: 0.000662
Automation_NarrationPopup: ControlBase::Initialize time: 0.000169
LOADING ../../../Base/Assets/UI/Automation/Automation_NarrationPopup.lua	Load time: 0.000824
END    LuaContext::Initialize() id: 'Automation_NarrationPopup'
START  LuaContext::Initialize() id: 'ChooseArtifact'		parent: 'FakePopups'		Context: 'InGame'
ChooseArtifact: register time: 0.000647
ChooseArtifact: ControlBase::Initialize time: 0.000083
LOADING ../../../Base/Assets/UI/Popups/ChooseArtifact.lua	Load time: 0.000263
END    LuaContext::Initialize() id: 'ChooseArtifact'
START  LuaContext::Initialize() id: 'EspionageEscape'		parent: 'FakePopups'		Context: 'InGame'
EspionageEscape: register time: 0.000717
EspionageEscape: ControlBase::Initialize time: 0.000271
LOADING ../../../Base/Assets/UI/Popups/EspionageEscape.lua	Load time: 0.000328
END    LuaContext::Initialize() id: 'EspionageEscape'
START  LuaContext::Initialize() id: 'UnitCaptured'		parent: 'FakePopups'		Context: 'InGame'
UnitCaptured: register time: 0.000578
UnitCaptured: ControlBase::Initialize time: 0.000000
LOADING ../../../Base/Assets/UI/Popups/UnitCaptured.lua	Load time: 0.001051
END    LuaContext::Initialize() id: 'UnitCaptured'
START  LuaContext::Initialize() id: 'InGamePopup'		parent: 'FakePopups'		Context: 'InGame'
InGamePopup: register time: 0.000559
InGamePopup: ControlBase::Initialize time: 0.000022
LOADING ../../../Base/Assets/UI/Popups/InGamePopup.lua	Load time: 0.001099
END    LuaContext::Initialize() id: 'InGamePopup'
START  LuaContext::Initialize() id: 'WorldCongressPopup'		parent: 'Diplomacy'		Context: 'InGame'
WorldCongressPopup: register time: 0.000384
WorldCongressPopup: ControlBase::Initialize time: 0.000463
LOADING ../../../DLC/Expansion2/UI/Additions/WorldCongressPopup.lua	Load time: 0.009921
END    LuaContext::Initialize() id: 'WorldCongressPopup'
START  LuaContext::Initialize() id: 'WorldCongressBetweenTurns'		parent: 'Diplomacy'		Context: 'InGame'
WorldCongressBetweenTurns: register time: 0.000453
WorldCongressBetweenTurns: ControlBase::Initialize time: 0.000238
LOADING ../../../DLC/Expansion2/UI/Additions/WorldCongressBetweenTurns.lua	Load time: 0.001664
END    LuaContext::Initialize() id: 'WorldCongressBetweenTurns'
START  LuaContext::Initialize() id: 'WorldCongressIntro'		parent: 'Diplomacy'		Context: 'InGame'
WorldCongressIntro: register time: 0.000419
WorldCongressIntro: ControlBase::Initialize time: 0.000234
LOADING ../../../DLC/Expansion2/UI/Additions/WorldCongressIntro.lua	Load time: 0.003656
END    LuaContext::Initialize() id: 'WorldCongressIntro'
START  LuaContext::Initialize() id: 'LeaderScene'		parent: 'Diplomacy'		Context: 'InGame'
LeaderScene: register time: 0.000457
LeaderScene: ControlBase::Initialize time: 0.000003
LOADING ../../../Base/Assets/UI/LeaderScene.lua	Load time: 0.013450
END    LuaContext::Initialize() id: 'LeaderScene'
START  LuaContext::Initialize() id: 'DiplomacyActionView'		parent: 'Diplomacy'		Context: 'InGame'
DiplomacyActionView: register time: 0.000514
DiplomacyActionView: ControlBase::Initialize time: 0.000547
LOADING D:/Steam/steamapps/workshop/content/289070/3792052697/ui/Replacements/diplomacyactionview_MPH.lua	Load time: 0.010553
END    LuaContext::Initialize() id: 'DiplomacyActionView'
START  LuaContext::Initialize() id: 'DiplomacyDealView'		parent: 'Diplomacy'		Context: 'InGame'
DiplomacyDealView: register time: 0.000471
DiplomacyDealView: ControlBase::Initialize time: 0.002120
LOADING D:/Steam/steamapps/workshop/content/289070/3792052697/Components/BetterDealWindow/DiplomacyDealView_ZYLPVP_Expansion2.lua	Load time: 0.012721
END    LuaContext::Initialize() id: 'DiplomacyDealView'
START  LuaContext::Initialize() id: 'DeclareWarPopup'		parent: 'Diplomacy'		Context: 'InGame'
DeclareWarPopup: register time: 0.000565
DeclareWarPopup: ControlBase::Initialize time: 0.000449
LOADING ../../../DLC/Expansion2/UI/Replacements/DeclareWarPopup_Expansion2.lua	Load time: 0.002669
END    LuaContext::Initialize() id: 'DeclareWarPopup'
START  LuaContext::Initialize() id: 'EndGameMenu'		parent: 'EndGame'		Context: 'InGame'
EndGameMenu: register time: 0.000520
EndGameMenu: ControlBase::Initialize time: 0.001475
LOADING D:/Steam/steamapps/workshop/content/289070/3792052697/ui/Replacements/EndGameMenu.lua	Load time: 0.005041
END    LuaContext::Initialize() id: 'EndGameMenu'
START  LuaContext::Initialize() id: 'PlayerChange'		parent: 'Network'		Context: 'InGame'
PlayerChange: register time: 0.000486
START  LuaContext::Initialize() id: 'SaveGameMenu'		parent: 'PlayerChange'		Context: 'PlayerChange'
SaveGameMenu: register time: 0.000492
SaveGameMenu: ControlBase::Initialize time: 0.000773
LOADING ../../../Base/Assets/UI/Menus/SaveGameMenu.lua	Load time: 0.003073
END    LuaContext::Initialize() id: 'SaveGameMenu'
PlayerChange: ControlBase::Initialize time: 0.005164
LOADING ../../../Base/Assets/UI/Popups/PlayerChange.lua	Load time: 0.000681
END    LuaContext::Initialize() id: 'PlayerChange'
START  LuaContext::Initialize() id: 'NewTurnPanel'		parent: 'Network'		Context: 'InGame'
NewTurnPanel: register time: 0.000508
NewTurnPanel: ControlBase::Initialize time: 0.000046
LOADING ../../../DLC/Expansion2/UI/Replacements/NewTurnPanel_Expansion1.lua	Load time: 0.000629
END    LuaContext::Initialize() id: 'NewTurnPanel'
START  LuaContext::Initialize() id: 'Civilopedia'		parent: 'InGame'		Context: 'InGame'
CivilopediaScreen: register time: 0.000454
CivilopediaScreen: ControlBase::Initialize time: 0.002184
LOADING ../../../Base/Assets/UI/Civilopedia/CivilopediaScreen.lua	Load time: 0.146280
END    LuaContext::Initialize() id: 'Civilopedia'
START  LuaContext::Initialize() id: 'PausePanel'		parent: 'InGame'		Context: 'InGame'
PausePanel: register time: 0.000968
PausePanel: ControlBase::Initialize time: 0.000162
LOADING D:/Steam/steamapps/workshop/content/289070/3792052697/ui/Replacements/PausePanel.lua	Load time: 0.000858
END    LuaContext::Initialize() id: 'PausePanel'
START  LuaContext::Initialize() id: 'HotSeatBackground'		parent: 'InGame'		Context: 'InGame'
HotSeatBackground: register time: 0.000872
HotSeatBackground: ControlBase::Initialize time: 0.000001
LOADING ../../../Base/Assets/UI/Menus/HotSeatBackground.lua	Load time: 0.002785
END    LuaContext::Initialize() id: 'HotSeatBackground'
START  LuaContext::Initialize() id: 'TopOptionsMenu'		parent: 'InGame'		Context: 'InGame'
InGameTopOptionsMenu: register time: 0.000891
START  LuaContext::Initialize() id: 'LoadGameMenu'		parent: 'TopOptionsMenu'		Context: 'TopOptionsMenu'
LoadGameMenu: register time: 0.000807
LoadGameMenu: ControlBase::Initialize time: 0.000586
LOADING ../../../Base/Assets/UI/FrontEnd/LoadGameMenu.lua	Load time: 0.007308
END    LuaContext::Initialize() id: 'LoadGameMenu'
START  LuaContext::Initialize() id: 'SaveGameMenu'		parent: 'TopOptionsMenu'		Context: 'TopOptionsMenu'
SaveGameMenu: register time: 0.001137
SaveGameMenu: ControlBase::Initialize time: 0.000612
LOADING ../../../Base/Assets/UI/Menus/SaveGameMenu.lua	Load time: 0.004272
END    LuaContext::Initialize() id: 'SaveGameMenu'
START  LuaContext::Initialize() id: 'Options'		parent: 'TopOptionsMenu'		Context: 'TopOptionsMenu'
Options: register time: 0.001135
Options: ControlBase::Initialize time: 0.005117
LOADING ../../../Base/Assets/UI/Options.lua	Load time: 0.022372
END    LuaContext::Initialize() id: 'Options'
InGameTopOptionsMenu: ControlBase::Initialize time: 0.048840
LOADING D:/Steam/steamapps/workshop/content/289070/3792052697/ui/Replacements/ingametopoptionsmenu_MPH.lua	Load time: 0.007058
END    LuaContext::Initialize() id: 'TopOptionsMenu'
InGame: ControlBase::Initialize time: 1.315994
START  LuaContext::Initialize() id: 'DedicationPopup'		parent: 'AdditionalUserInterfaces'		Context: 'NULL'
DedicationPopup: register time: 0.000854
DedicationPopup: ControlBase::Initialize time: 0.000051
LOADING ../../../DLC/Expansion2/UI/Additions/DedicationPopup.lua	Load time: 0.000823
END    LuaContext::Initialize() id: 'DedicationPopup'
START  LuaContext::Initialize() id: 'DisloyalCityChooser'		parent: 'AdditionalUserInterfaces'		Context: 'NULL'
DisloyalCityChooser: register time: 0.000945
DisloyalCityChooser: ControlBase::Initialize time: 0.000122
LOADING ../../../DLC/Expansion2/UI/Additions/DisloyalCityChooser.lua	Load time: 0.000284
END    LuaContext::Initialize() id: 'DisloyalCityChooser'
START  LuaContext::Initialize() id: 'EraProgressPanel'		parent: 'AdditionalUserInterfaces'		Context: 'NULL'
EraProgressPanel: register time: 0.000804
EraProgressPanel: ControlBase::Initialize time: 0.001180
LOADING ../../../DLC/Expansion2/UI/Additions/EraProgressPanel.lua	Load time: 0.003534
END    LuaContext::Initialize() id: 'EraProgressPanel'
START  LuaContext::Initialize() id: 'EraReviewPopup'		parent: 'AdditionalUserInterfaces'		Context: 'NULL'
EraReviewPopup: register time: 0.004551
EraReviewPopup: ControlBase::Initialize time: 0.000116
LOADING ../../../DLC/Expansion2/UI/Additions/EraReviewPopup.lua	Load time: 0.002406
END    LuaContext::Initialize() id: 'EraReviewPopup'
START  LuaContext::Initialize() id: 'ExpansionIntro'		parent: 'AdditionalUserInterfaces'		Context: 'NULL'
ExpansionIntro: register time: 0.000944
ExpansionIntro: ControlBase::Initialize time: 0.000118
LOADING ../../../DLC/Expansion2/UI/Additions/ExpansionIntro.lua	Load time: 0.000372
END    LuaContext::Initialize() id: 'ExpansionIntro'
START  LuaContext::Initialize() id: 'GovernorAssignmentChooser'		parent: 'AdditionalUserInterfaces'		Context: 'NULL'
GovernorAssignmentChooser: register time: 0.000801
GovernorAssignmentChooser: ControlBase::Initialize time: 0.000539
LOADING ../../../DLC/Expansion2/UI/Additions/GovernorAssignmentChooser.lua	Load time: 0.003165
END    LuaContext::Initialize() id: 'GovernorAssignmentChooser'
START  LuaContext::Initialize() id: 'GovernorPanel'		parent: 'AdditionalUserInterfaces'		Context: 'NULL'
GovernorPanel: register time: 0.000825
START  LuaContext::Initialize() id: 'DetailsPanel'		parent: 'GovernorPanelContainer'		Context: 'GovernorPanel'
GovernorDetailsPanel: register time: 0.000835
GovernorDetailsPanel: ControlBase::Initialize time: 0.000190
LOADING ../../../DLC/Expansion2/UI/Additions/GovernorDetailsPanel.lua	Load time: 0.005587
END    LuaContext::Initialize() id: 'DetailsPanel'
GovernorPanel: ControlBase::Initialize time: 0.008913
LOADING ../../../DLC/Expansion2/UI/Additions/GovernorPanel.lua	Load time: 0.013851
END    LuaContext::Initialize() id: 'GovernorPanel'
START  LuaContext::Initialize() id: 'HistoricMoments'		parent: 'AdditionalUserInterfaces'		Context: 'NULL'
HistoricMoments: register time: 0.000737
HistoricMoments: ControlBase::Initialize time: 0.000333
LOADING ../../../DLC/Expansion2/UI/Additions/HistoricMoments.lua	Load time: 0.001870
END    LuaContext::Initialize() id: 'HistoricMoments'
START  LuaContext::Initialize() id: 'WorldCrisisPopup'		parent: 'AdditionalUserInterfaces'		Context: 'NULL'
WorldCrisisPopup: register time: 0.000622
WorldCrisisPopup: ControlBase::Initialize time: 0.000900
LOADING ../../../DLC/Expansion2/UI/Additions/WorldCrisisPopup.lua	Load time: 0.002551
END    LuaContext::Initialize() id: 'WorldCrisisPopup'
START  LuaContext::Initialize() id: 'TPT_SettingsPanel'		parent: 'AdditionalUserInterfaces'		Context: 'NULL'
TPT_SettingsPanel: register time: 0.000577
TPT_SettingsPanel: ControlBase::Initialize time: 0.000129
LOADING D:/Steam/steamapps/workshop/content/289070/3792052697/Settings/UI/TPT_SettingsPanel.lua	Load time: 0.000915
END    LuaContext::Initialize() id: 'TPT_SettingsPanel'
START  LuaContext::Initialize() id: 'MapPin_HotKey'		parent: 'AdditionalUserInterfaces'		Context: 'NULL'
MapPin_HotKey: register time: 0.000490
MapPin_HotKey: ControlBase::Initialize time: 0.000000
LOADING D:/Steam/steamapps/workshop/content/289070/3792052697/NHK/UI/MapPin_HotKey.lua	Load time: 0.000233
END    LuaContext::Initialize() id: 'MapPin_HotKey'
START  LuaContext::Initialize() id: 'AutoRecruit_GreatPerson_HotKey'		parent: 'AdditionalUserInterfaces'		Context: 'NULL'
AutoRecruit_GreatPerson_HotKey: register time: 0.000472
AutoRecruit_GreatPerson_HotKey: ControlBase::Initialize time: 0.000001
LOADING D:/Steam/steamapps/workshop/content/289070/3792052697/NHK/UI/AutoRecruit_GreatPerson_HotKey.lua	Load time: 0.000545
END    LuaContext::Initialize() id: 'AutoRecruit_GreatPerson_HotKey'
START  LuaContext::Initialize() id: 'RealModifierAnalysis'		parent: 'AdditionalUserInterfaces'		Context: 'NULL'
RealModifierAnalysis: register time: 0.000500
RealModifierAnalysis: ControlBase::Initialize time: 0.000001
LOADING D:/Steam/steamapps/workshop/content/289070/3792052697/BRS/RealModifierAnalysis.lua	Load time: 0.002320
END    LuaContext::Initialize() id: 'RealModifierAnalysis'
START  LuaContext::Initialize() id: 'bbg_uitogameplay'		parent: 'AdditionalUserInterfaces'		Context: 'NULL'
bbg_uitogameplay: register time: 0.000482
bbg_uitogameplay: ControlBase::Initialize time: 0.000001
LOADING D:/Steam/steamapps/workshop/content/289070/3792052697/Components/BBG/scripts/bbg_uitogameplay.lua	Load time: 0.000644
END    LuaContext::Initialize() id: 'bbg_uitogameplay'
START  LuaContext::Initialize() id: 'BBM_UI'		parent: 'AdditionalUserInterfaces'		Context: 'NULL'
BBM_UI: register time: 0.000449
BBM_UI: ControlBase::Initialize time: 0.000001
LOADING D:/Steam/steamapps/workshop/content/289070/3792052697/Components/BBM/UI/BBM_UI.lua	Load time: 0.000239
END    LuaContext::Initialize() id: 'BBM_UI'
START  LuaContext::Initialize() id: 'dmt_yieldcalculator'		parent: 'AdditionalUserInterfaces'		Context: 'NULL'
dmt_yieldcalculator: register time: 0.000450
dmt_yieldcalculator: ControlBase::Initialize time: 0.000000
LOADING D:/Steam/steamapps/workshop/content/289070/3792052697/Components/DetailedMapTacks/ui/dmt_yieldcalculator.lua	Load time: 0.005260
END    LuaContext::Initialize() id: 'dmt_yieldcalculator'
START  LuaContext::Initialize() id: 'TurnTime_HotKey'		parent: 'AdditionalUserInterfaces'		Context: 'NULL'
TurnTime_HotKey: register time: 0.000483
TurnTime_HotKey: ControlBase::Initialize time: 0.001058
LOADING D:/Steam/steamapps/workshop/content/289070/3792052697/NHK/UI/TurnTime_HotKey.lua	Load time: 0.000341
END    LuaContext::Initialize() id: 'TurnTime_HotKey'
START  LuaContext::Initialize() id: 'CreateCorporationPopup'		parent: 'AdditionalUserInterfaces'		Context: 'NULL'
CreateCorporationPopup: register time: 0.000552
CreateCorporationPopup: ControlBase::Initialize time: 0.000128
LOADING ../../../DLC/KublaiKhan_Vietnam/UI/Additions/CreateCorporationPopup.lua	Load time: 0.000790
END    LuaContext::Initialize() id: 'CreateCorporationPopup'
START  LuaContext::Initialize() id: 'SecretSocietyPopup'		parent: 'AdditionalUserInterfaces'		Context: 'NULL'
SecretSocietyPopup: register time: 0.000512
SecretSocietyPopup: ControlBase::Initialize time: 0.000127
LOADING ../../../DLC/Ethiopia/UI/Additions/SecretSocietyPopup.lua	Load time: 0.000344
END    LuaContext::Initialize() id: 'SecretSocietyPopup'
START  LuaContext::Initialize() id: 'DropControl'		parent: 'AdditionalUserInterfaces'		Context: 'NULL'
DropControl: register time: 0.000542
DropControl: ControlBase::Initialize time: 0.000178
LOADING D:/Steam/steamapps/workshop/content/289070/3792052697/ui/Additions/DropControl.lua	Load time: 0.001744
END    LuaContext::Initialize() id: 'DropControl'
START  LuaContext::Initialize() id: 'MPHOptions'		parent: 'AdditionalUserInterfaces'		Context: 'NULL'
MPHOptions: register time: 0.000565
MPHOptions: ControlBase::Initialize time: 0.000210
LOADING D:/Steam/steamapps/workshop/content/289070/3792052697/ui/Additions/MPHOptions.lua	Load time: 0.004856
END    LuaContext::Initialize() id: 'MPHOptions'
START  LuaContext::Initialize() id: 'VotePanel'		parent: 'AdditionalUserInterfaces'		Context: 'NULL'
VotePanel: register time: 0.000569
VotePanel: ControlBase::Initialize time: 0.000384
LOADING D:/Steam/steamapps/workshop/content/289070/3792052697/ui/Additions/VotePanel.lua	Load time: 0.011003
END    LuaContext::Initialize() id: 'VotePanel'
START  LuaContext::Initialize() id: 'BlacklistPanel'		parent: 'AdditionalUserInterfaces'		Context: 'NULL'
BlacklistPanel: register time: 0.000700
BlacklistPanel: ControlBase::Initialize time: 0.000357
LOADING D:/Steam/steamapps/workshop/content/289070/3792052697/ui/Additions/BlacklistPanel.lua	Load time: 0.003474
END    LuaContext::Initialize() id: 'BlacklistPanel'
START  LuaContext::Initialize() id: 'RevealMapCorners'		parent: 'AdditionalUserInterfaces'		Context: 'NULL'
RevealMapCorners: register time: 0.000787
RevealMapCorners: ControlBase::Initialize time: 0.000001
LOADING D:/Steam/steamapps/workshop/content/289070/3792052697/RMC/UI/RevealMapCorners.lua	Load time: 0.000195
END    LuaContext::Initialize() id: 'RevealMapCorners'
START  LuaContext::Initialize() id: 'QuickControls'		parent: 'AdditionalUserInterfaces'		Context: 'NULL'
QuickControls: register time: 0.000690
QuickControls: ControlBase::Initialize time: 0.000037
LOADING D:/Steam/steamapps/workshop/content/289070/3792052697/ui/Additions/QuickControls.lua	Load time: 0.000266
END    LuaContext::Initialize() id: 'QuickControls'
START  LuaContext::Initialize() id: 'IdentityRolePanel'		parent: 'AdditionalUserInterfaces'		Context: 'NULL'
IdentityRolePanel: register time: 0.000669
IdentityRolePanel: ControlBase::Initialize time: 0.000472
LOADING D:/Steam/steamapps/workshop/content/289070/3792052697/ui/Additions/IdentityRolePanel.lua	Load time: 0.003328
END    LuaContext::Initialize() id: 'IdentityRolePanel'
START  LuaContext::Initialize() id: 'NewUnitOperation'		parent: 'AdditionalUserInterfaces'		Context: 'NULL'
NewUnitOperation: register time: 0.000650
NewUnitOperation: ControlBase::Initialize time: 0.000001
LOADING D:/Steam/steamapps/workshop/content/289070/3792052697/NHK/UI/NewUnitOperation.lua	Load time: 0.000228
END    LuaContext::Initialize() id: 'NewUnitOperation'
START  LuaContext::Initialize() id: 'ForcedEndButton'		parent: 'AdditionalUserInterfaces'		Context: 'NULL'
ForcedEndButton: register time: 0.000669
ForcedEndButton: ControlBase::Initialize time: 0.000002
LOADING D:/Steam/steamapps/workshop/content/289070/3792052697/FEB/UI/ForcedEndButton.lua	Load time: 0.000265
END    LuaContext::Initialize() id: 'ForcedEndButton'
START  LuaContext::Initialize() id: 'BTS_SettingsPanel'		parent: 'AdditionalUserInterfaces'		Context: 'NULL'
BTS_SettingsPanel: register time: 0.000722
BTS_SettingsPanel: ControlBase::Initialize time: 0.000129
LOADING D:/Steam/steamapps/workshop/content/289070/3792052697/BTS/Settings/BTS_SettingsPanel.lua	Load time: 0.000317
END    LuaContext::Initialize() id: 'BTS_SettingsPanel'
START  LuaContext::Initialize() id: 'TopPanel_TT'		parent: 'AdditionalUserInterfaces'		Context: 'NULL'
TopPanel_TT: register time: 0.000685
TopPanel_TT: ControlBase::Initialize time: 0.000000
LOADING D:/Steam/steamapps/workshop/content/289070/3792052697/TPE/UI/TopPanel_TT.lua	Load time: 0.000766
END    LuaContext::Initialize() id: 'TopPanel_TT'
START  LuaContext::Initialize() id: 'Taoist_UI'		parent: 'AdditionalUserInterfaces'		Context: 'NULL'
Taoist_UI: register time: 0.000767
Taoist_UI: ControlBase::Initialize time: 0.000003
LOADING D:/Steam/steamapps/workshop/content/289070/3792052697/Components/TeamPVPSecretSocieties/Taoist/UI/Taoist_UI.lua	Load time: 0.000454
END    LuaContext::Initialize() id: 'Taoist_UI'
LOADING D:/Steam/steamapps/workshop/content/289070/3792052697/ui/InGame.lua	Load time: 0.131360
END    LuaContext::Initialize() id: 'InGame'
START  LuaContext::Initialize() id: ''		parent: 'NULL'		Context: 'NULL'
TutorialUIRoot: register time: 0.000656
START  LuaContext::Initialize() id: 'AdvisorPopup'		parent: 'TutorialUIRoot'		Context: 'TutorialUIRoot'
AdvisorPopup: register time: 0.000754
AdvisorPopup: ControlBase::Initialize time: 0.000230
LOADING ../../../Base/Assets/UI/Popups/AdvisorPopup.lua	Load time: 0.003781
END    LuaContext::Initialize() id: 'AdvisorPopup'
START  LuaContext::Initialize() id: 'TutorialWorldAnchor'		parent: 'TutorialUIRoot'		Context: 'TutorialUIRoot'
TutorialWorldAnchor: register time: 0.000770
TutorialWorldAnchor: ControlBase::Initialize time: 0.000020
LOADING ../../../Base/Assets/UI/TutorialWorldAnchor.lua	Load time: 0.000291
END    LuaContext::Initialize() id: 'TutorialWorldAnchor'
TutorialUIRoot: ControlBase::Initialize time: 0.006781
LOADING ../../../DLC/Expansion2/UI/Replacements/TutorialUIRoot_Expansion1.lua	Load time: 0.007361
END    LuaContext::Initialize() id: 'TutorialUIRoot'
START  LuaContext::Initialize() id: ''		parent: 'InGame'		Context: 'InGame'
InvitePopup: register time: 0.000669
InvitePopup: ControlBase::Initialize time: 0.000026
LOADING ../../../Base/Assets/UI/Popups/InvitePopup.lua	Load time: 0.001365
END    LuaContext::Initialize() id: 'InvitePopup'

NumBlocks:   3 
Allocated: 12.00 mb, Used: 12.00 mb, Free: 0.00 mb 

NumControls: 19066 

ControlBase Size: 208 

Active, 		Total, 		Object Size,		 Total Size		 Name
   25, 		    35, 		  1824, 		     63840, 		 EditBoxControl
  179, 		   179, 		   512, 		     91648, 		 ScrollPanelControl
    1, 		     1, 		   304, 		       304, 		 VerticalContainerControl
  177, 		   177, 		   400, 		     70800, 		 SlideAnim
   30, 		    30, 		   544, 		     16320, 		 UIString512
   11, 		    11, 		   768, 		      8448, 		 BarControl
    2, 		     3, 		  2960, 		      8880, 		 ContextBase
    0, 		     1, 		   288, 		       288, 		 PlatformControl
    0, 		     1, 		   224, 		       224, 		 GroupControl
  909, 		   910, 		   560, 		    509600, 		 ButtonControl
   24, 		    27, 		   288, 		      7776, 		 UIString256
  682, 		   682, 		    64, 		     43648, 		 UIMaskInfo
 4590, 		  4607, 		   416, 		   1916512, 		 ImageControl
  292, 		   293, 		   224, 		     65632, 		 ColorBoxControl
   36, 		    36, 		   304, 		     10944, 		 WorldAnchorControl
   12, 		    63, 		   160, 		     10080, 		 UIString128
 1496, 		  1503, 		   224, 		    336672, 		 ControlBase
   60, 		    60, 		   272, 		     16320, 		 TutorialControl
    1, 		     1, 		   464, 		       464, 		 DragControl
    3, 		     3, 		   816, 		      2448, 		 GraphControl
   10, 		    10, 		  3440, 		     34400, 		 RadioButtonControl
    3, 		     3, 		  1616, 		      4848, 		 MovieControl
   53, 		    65, 		   384, 		     24960, 		 LineControl
    9, 		     9, 		    96, 		       864, 		 UIString64
 7173, 		  7199, 		    96, 		    691104, 		 ControlChildList
   73, 		    73, 		   608, 		     44384, 		 TextureBarControl
   11, 		    11, 		   656, 		      7216, 		 ColorBoxButtonControl
  605, 		   606, 		   400, 		    242400, 		 AlphaAnim
 1292, 		  1865, 		   976, 		   1820240, 		 GridButtonControl
  341, 		   341, 		   848, 		    289168, 		 MeterControl
   46, 		    46, 		   320, 		     14720, 		 ZoomAnchorControl
   60, 		    60, 		  3440, 		    206400, 		 CheckBoxControl
  292, 		   292, 		   528, 		    154176, 		 FlipAnim
   65, 		   165, 		  2608, 		    430320, 		 PullDownControl
    1, 		     1, 		   304, 		       304, 		 ListBoxControl
 1588, 		  1589, 		   560, 		    889840, 		 GridControl
 1431, 		  1437, 		   368, 		    528816, 		 StackControl
 3497, 		  3512, 		   432, 		   1517184, 		 TextControl
   12, 		   656, 		  1536, 		   1007616, 		 ScrollTextControl
    4, 		     6, 		  2208, 		     13248, 		 TextButtonControl
  143, 		   144, 		  3744, 		    539136, 		 LuaContext
  234, 		   234, 		  1632, 		    381888, 		 SliderControl

Num Child Nodes: 18775

Child Node distribution
11996 nodes have     0 children
 3779 nodes have     1 children
 1668 nodes have     2 children
  526 nodes have     3 children
  191 nodes have     4 children
  135 nodes have     5 children
   76 nodes have     6 children
   36 nodes have     7 children
   45 nodes have     8 children
   34 nodes have     9 children
   21 nodes have    10 children
   19 nodes have    11 children
   54 nodes have    12 children
   10 nodes have    13 children
    2 nodes have    14 children
  143 nodes have    15 children
    8 nodes have    16 children
    2 nodes have    17 children
    3 nodes have    18 children
    3 nodes have    19 children
    3 nodes have    20 children
    1 nodes have    21 children
    4 nodes have    22 children
    1 nodes have    26 children
    1 nodes have    27 children
    3 nodes have    28 children
    1 nodes have    30 children
    2 nodes have    31 children
    1 nodes have    32 children
    2 nodes have    48 children
    1 nodes have    63 children
    1 nodes have    82 children
    1 nodes have    84 children
    1 nodes have   319 children
    1 nodes have   385 children

Controls ID distribution
 6374 nodes have control IDs with     0 characters
    1 nodes have control IDs with     1 characters
   55 nodes have control IDs with     2 characters
  321 nodes have control IDs with     3 characters
 1075 nodes have control IDs with     4 characters
  217 nodes have control IDs with     5 characters
  274 nodes have control IDs with     6 characters
  286 nodes have control IDs with     7 characters
  810 nodes have control IDs with     8 characters
 1396 nodes have control IDs with     9 characters
 1454 nodes have control IDs with    10 characters
 1371 nodes have control IDs with    11 characters
  868 nodes have control IDs with    12 characters
  645 nodes have control IDs with    13 characters
  690 nodes have control IDs with    14 characters
  539 nodes have control IDs with    15 characters
  505 nodes have control IDs with    16 characters
  312 nodes have control IDs with    17 characters
  286 nodes have control IDs with    18 characters
  299 nodes have control IDs with    19 characters
  175 nodes have control IDs with    20 characters
  186 nodes have control IDs with    21 characters
  146 nodes have control IDs with    22 characters
   96 nodes have control IDs with    23 characters
   65 nodes have control IDs with    24 characters
   89 nodes have control IDs with    25 characters
   41 nodes have control IDs with    26 characters
   60 nodes have control IDs with    27 characters
   28 nodes have control IDs with    28 characters
   44 nodes have control IDs with    29 characters
    6 nodes have control IDs with    30 characters
   11 nodes have control IDs with    31 characters
    5 nodes have control IDs with    32 characters
    6 nodes have control IDs with    33 characters
    3 nodes have control IDs with    34 characters
   34 nodes have control IDs with    35 characters
    1 nodes have control IDs with    37 characters
    1 nodes have control IDs with    38 characters

Contexts containing controls:
 2784 controls in context "TechTree"
 2502 controls in context "CivicsTree"
 1155 controls in context "UnitFlagManager"
 1153 controls in context "Options"
  787 controls in context "[NO CONTEXT]"
  770 controls in context "MapPinPopup"
  686 controls in context "GreatPeoplePopup"
  448 controls in context "GovernorPanel"
  404 controls in context "DebugContext"
  353 controls in context "WorldViewIconsManager"
  326 controls in context "DiplomacyDealView"
  287 controls in context "WorldRankings"
  275 controls in context "CityPanelOverview"
  273 controls in context "ClimateScreen"
  269 controls in context "GovernmentScreen"
  256 controls in context "SaveGameMenu"
  241 controls in context "ReligionScreen"
  230 controls in context "ReportScreen"
  227 controls in context ""
  208 controls in context "DiplomacyRibbon"
  199 controls in context "ResearchChooser"
  183 controls in context "EndGameMenu"
  173 controls in context "ProductionPanel"
  159 controls in context "ActionPanel"
  149 controls in context "NotificationPanel"
  132 controls in context "InGame"
  130 controls in context "Civilopedia"
  129 controls in context "CityStates"
  128 controls in context "WorldCongressPopup"
  127 controls in context "TopOptionsMenu"
  126 controls in context "TradeOverview"
  119 controls in context "CityPanel"
  116 controls in context "LoadGameMenu"
  114 controls in context "TradeRouteChooser"
  113 controls in context "TopPanel"
  101 controls in context "DiplomacyActionView"
   96 controls in context "ReportsList"
   91 controls in context "BlacklistPanel"
   90 controls in context "EspionagePopup"
   74 controls in context "MPHOptions"
   73 controls in context "LaunchBar"
   71 controls in context "WorldCrisisPopup"
   68 controls in context "EspionageOverview"
   67 controls in context "MinimapPanel"
   65 controls in context "DeclareWarPopup"
   64 controls in context "EraProgressPanel"
   61 controls in context "EventPopup"
   58 controls in context "EspionageEscape"
   55 controls in context "EraReviewPopup"
   53 controls in context "HistoricMoments"
   52 controls in context "DetailsPanel"
   50 controls in context "GovernorAssignmentChooser"
   47 controls in context "RockBandMoviePopup"
   46 controls in context "RazeCity"
   45 controls in context "EspionageChooser"
   44 controls in context "CivicsChooser"
   41 controls in context "TechCivicCompletedPopup"
   40 controls in context "GreatWorksOverview"
   38 controls in context "ExpansionIntro"
   36 controls in context "Automation_NarrationPopup"
   35 controls in context "GreatWorkShowcase"
   34 controls in context "AdvisorPopup"
   33 controls in context "PantheonChooser"
   32 controls in context "ProjectBuiltPopup"
   31 controls in context "GlobalResourcePopup"
   29 controls in context "BTS_SettingsPanel"
   28 controls in context "WorldCongressBetweenTurns"
   26 controls in context "BoostUnlockedPopup"
   25 controls in context "TradeOriginChooser"
   24 controls in context "PartialScreenHooks"
   23 controls in context "ChooseArtifact"
   20 controls in context "PausePanel"
   19 controls in context "EraCompletePopup"
   18 controls in context "CreateCorporationPopup"
   17 controls in context "ModalLensPanel"
   16 controls in context "ToolTips"
   15 controls in context "DebugPanel"
   13 controls in context "ProductionManager"
   12 controls in context "TurnTime_HotKey"
   11 controls in context "FullscreenMapPopup"
   10 controls in context "TutorialUIRoot"
    9 controls in context "ConfirmKick"
    8 controls in context "InGamePopup"
    6 controls in context "NewTurnPanel"
    5 controls in context "EdgeScroll"
    4 controls in context "MultiplayerTurnManager"
    3 controls in context "QuickControls"
    2 controls in context "CityBannerManager"
    1 controls in context "DistrictPlotIconManager"
START  LuaContext::Initialize() id: ''		parent: 'Anchor'		Context: 'NULL'
DiplomacyActionView_SecretSocietyRow: register time: 0.000612
DiplomacyActionView_SecretSocietyRow: ControlBase::Initialize time: 0.000163
LOADING ../../../DLC/Ethiopia/UI/Additions/DiplomacyActionView_SecretSocietyRow.lua	Load time: 0.000238
END    LuaContext::Initialize() id: ''
START  LuaContext::Initialize() id: ''		parent: 'Anchor'		Context: 'NULL'
DiplomacyActionView_AllianceRow: register time: 0.000571
DiplomacyActionView_AllianceRow: ControlBase::Initialize time: 0.000170
LOADING ../../../DLC/Expansion2/UI/Additions/DiplomacyActionView_AllianceRow.lua	Load time: 0.000311
END    LuaContext::Initialize() id: ''
START  LuaContext::Initialize() id: ''		parent: 'Anchor'		Context: 'NULL'
DiplomacyActionView_AllianceTab: register time: 0.000551
DiplomacyActionView_AllianceTab: ControlBase::Initialize time: 0.000195
LOADING ../../../DLC/Expansion2/UI/Additions/DiplomacyActionView_AllianceTab.lua	Load time: 0.000671
END    LuaContext::Initialize() id: ''
START  LuaContext::Initialize() id: ''		parent: 'Anchor'		Context: 'NULL'
DiplomacyActionView_WorldCongressTab: register time: 0.000516
DiplomacyActionView_WorldCongressTab: ControlBase::Initialize time: 0.001115
LOADING ../../../DLC/Expansion2/UI/Additions/DiplomacyActionView_WorldCongressTab.lua	Load time: 0.001007
END    LuaContext::Initialize() id: ''
UILua: Shutting down via user exit on menu.

NumBlocks:   4 
Allocated: 16.00 mb, Used: 16.00 mb, Free: 0.00 mb 

NumControls: 29659 

ControlBase Size: 208 

Active, 		Total, 		Object Size,		 Total Size		 Name
    2, 		    35, 		  1824, 		     63840, 		 EditBoxControl
   13, 		   202, 		   512, 		    103424, 		 ScrollPanelControl
    0, 		     1, 		   304, 		       304, 		 VerticalContainerControl
    1, 		   199, 		   400, 		     79600, 		 SlideAnim
    6, 		    30, 		   544, 		     16320, 		 UIString512
    0, 		   147, 		   768, 		    112896, 		 BarControl
    2, 		     3, 		  2960, 		      8880, 		 ContextBase
    0, 		     1, 		   288, 		       288, 		 PlatformControl
    0, 		     1, 		   224, 		       224, 		 GroupControl
   22, 		  1199, 		   560, 		    671440, 		 ButtonControl
    0, 		    27, 		   288, 		      7776, 		 UIString256
    0, 		   709, 		    64, 		     45376, 		 UIMaskInfo
    4, 		  8053, 		   416, 		   3350048, 		 ImageControl
    8, 		   487, 		   224, 		    109088, 		 ColorBoxControl
    0, 		   437, 		   304, 		    132848, 		 WorldAnchorControl
    0, 		    63, 		   160, 		     10080, 		 UIString128
   66, 		  3094, 		   224, 		    693056, 		 ControlBase
    0, 		    60, 		   272, 		     16320, 		 TutorialControl
    0, 		    11, 		   464, 		      5104, 		 DragControl
    2, 		     3, 		   816, 		      2448, 		 GraphControl
    0, 		    10, 		  3440, 		     34400, 		 RadioButtonControl
    0, 		     3, 		  1616, 		      4848, 		 MovieControl
    1, 		    65, 		   384, 		     24960, 		 LineControl
    0, 		     9, 		    96, 		       864, 		 UIString64
  192, 		 12472, 		    96, 		   1197312, 		 ControlChildList
    0, 		   262, 		   608, 		    159296, 		 TextureBarControl
    0, 		    23, 		   656, 		     15088, 		 ColorBoxButtonControl
    1, 		  1296, 		   400, 		    518400, 		 AlphaAnim
   21, 		  1865, 		   976, 		   1820240, 		 GridButtonControl
    0, 		   349, 		   848, 		    295952, 		 MeterControl
    0, 		   100, 		   320, 		     32000, 		 ZoomAnchorControl
   19, 		    61, 		  3440, 		    209840, 		 CheckBoxControl
    0, 		   353, 		   528, 		    186384, 		 FlipAnim
    0, 		     6, 		   240, 		      1440, 		 SlotControl
    0, 		   165, 		  2608, 		    430320, 		 PullDownControl
    1, 		     1, 		   304, 		       304, 		 ListBoxControl
   32, 		  2099, 		   560, 		   1175440, 		 GridControl
   50, 		  2520, 		   368, 		    927360, 		 StackControl
  178, 		  5344, 		   432, 		   2308608, 		 TextControl
    0, 		    11, 		   496, 		      5456, 		 ScrollAnim
    0, 		   656, 		  1536, 		   1007616, 		 ScrollTextControl
    0, 		     6, 		  2208, 		     13248, 		 TextButtonControl
    1, 		   147, 		  3744, 		    550368, 		 LuaContext
   11, 		   255, 		  1632, 		    416160, 		 SliderControl

Num Child Nodes: 501

Child Node distribution
  310 nodes have     0 children
  130 nodes have     1 children
   18 nodes have     2 children
   30 nodes have     3 children
    1 nodes have     4 children
    4 nodes have     5 children
    1 nodes have     8 children
    3 nodes have    11 children
    1 nodes have    16 children
    2 nodes have    20 children
    1 nodes have    26 children

Controls ID distribution
  247 nodes have control IDs with     0 characters
    6 nodes have control IDs with     2 characters
   16 nodes have control IDs with     4 characters
    1 nodes have control IDs with     5 characters
   20 nodes have control IDs with     6 characters
    5 nodes have control IDs with     7 characters
   13 nodes have control IDs with     8 characters
   11 nodes have control IDs with     9 characters
   37 nodes have control IDs with    10 characters
   25 nodes have control IDs with    11 characters
   15 nodes have control IDs with    12 characters
    6 nodes have control IDs with    13 characters
    9 nodes have control IDs with    14 characters
    9 nodes have control IDs with    15 characters
    5 nodes have control IDs with    16 characters
   29 nodes have control IDs with    17 characters
    4 nodes have control IDs with    18 characters
    2 nodes have control IDs with    19 characters
    3 nodes have control IDs with    20 characters
    5 nodes have control IDs with    22 characters
   21 nodes have control IDs with    23 characters
    2 nodes have control IDs with    24 characters
    3 nodes have control IDs with    25 characters
    2 nodes have control IDs with    26 characters
    2 nodes have control IDs with    27 characters
    1 nodes have control IDs with    29 characters
    2 nodes have control IDs with    31 characters

Contexts containing controls:
  404 controls in context "DebugContext"
   49 controls in context "[NO CONTEXT]"
   16 controls in context "ToolTips"
   15 controls in context "DebugPanel"
    2 controls in context "DebugViewer"
START  LuaContext::Initialize() id: ''		parent: 'NULL'		Context: 'NULL'
FrontEnd: register time: 0.000180
START  LuaContext::Initialize() id: 'MainMenu'		parent: 'FrontEndContainer'		Context: 'FrontEnd'
MainMenu: register time: 0.000204
START  LuaContext::Initialize() id: 'Options'		parent: 'MainMenu'		Context: 'MainMenu'
Options: register time: 0.000233
Options: ControlBase::Initialize time: 0.006213
LOADING ../../../Base/Assets/UI/Options.lua	Load time: 0.020468
END    LuaContext::Initialize() id: 'Options'
START  LuaContext::Initialize() id: 'ModsContext'		parent: 'MainMenu'		Context: 'MainMenu'
START  LuaContext::Initialize() id: 'AdvancedSetup'		parent: 'MainMenu'		Context: 'MainMenu'
START  LuaContext::Initialize() id: 'ScenarioSetup'		parent: 'MainMenu'		Context: 'MainMenu'
START  LuaContext::Initialize() id: 'CreditsScreen'		parent: 'MainMenu'		Context: 'MainMenu'
CreditsScreen: register time: 0.000212
CreditsScreen: ControlBase::Initialize time: 0.000075
LOADING ../../../Base/Assets/UI/FrontEnd/CreditsScreen.lua	Load time: 0.000571
END    LuaContext::Initialize() id: 'CreditsScreen'
START  LuaContext::Initialize() id: 'My2K'		parent: 'MainMenu'		Context: 'MainMenu'
My2K: register time: 0.000193
My2K: ControlBase::Initialize time: 0.000001
LOADING ../../../Base/Assets/UI/FiraxisLive/My2K.lua	Load time: 0.001003
END    LuaContext::Initialize() id: 'My2K'
START  LuaContext::Initialize() id: 'WorldBuilder'		parent: 'MainMenu'		Context: 'MainMenu'
START  LuaContext::Initialize() id: 'HallofFame'		parent: 'MainMenu'		Context: 'MainMenu'
START  LuaContext::Initialize() id: 'TutorialSetup'		parent: 'MainMenu'		Context: 'MainMenu'
START  LuaContext::Initialize() id: 'Lobby'		parent: 'MainMenu'		Context: 'MainMenu'
Lobby: register time: 0.000149
START  LuaContext::Initialize() id: 'LoadGameMenu'		parent: 'Lobby'		Context: 'Lobby'
LoadGameMenu: register time: 0.000138
LoadGameMenu: ControlBase::Initialize time: 0.000558
LOADING ../../../Base/Assets/UI/FrontEnd/LoadGameMenu.lua	Load time: 0.007005
END    LuaContext::Initialize() id: 'LoadGameMenu'
START  LuaContext::Initialize() id: 'PBCNotifyRemind'		parent: 'Lobby'		Context: 'Lobby'
PBCNotifyRemind: register time: 0.000165
PBCNotifyRemind: ControlBase::Initialize time: 0.001876
LOADING ../../../Base/Assets/UI/FrontEnd/Multiplayer/PBCNotifyRemind.lua	Load time: 0.000136
END    LuaContext::Initialize() id: 'PBCNotifyRemind'
Lobby: ControlBase::Initialize time: 0.013211
LOADING ../../../Base/Assets/UI/FrontEnd/Multiplayer/Lobby.lua	Load time: 0.005780
END    LuaContext::Initialize() id: 'Lobby'
START  LuaContext::Initialize() id: 'HostGame'		parent: 'MainMenu'		Context: 'MainMenu'
HostGame: register time: 0.000161
START  LuaContext::Initialize() id: 'ModsMenu'		parent: 'HostGame'		Context: 'HostGame'
Mods: register time: 0.000163
Mods: ControlBase::Initialize time: 0.001442
LOADING ../../../Base/Assets/UI/FrontEnd/Mods.lua	Load time: 0.002735
END    LuaContext::Initialize() id: 'ModsMenu'
START  LuaContext::Initialize() id: 'LoadGameMenu'		parent: 'HostGame'		Context: 'HostGame'
LoadGameMenu: register time: 0.000156
LoadGameMenu: ControlBase::Initialize time: 0.000416
LOADING ../../../Base/Assets/UI/FrontEnd/LoadGameMenu.lua	Load time: 0.006709
END    LuaContext::Initialize() id: 'LoadGameMenu'
START  LuaContext::Initialize() id: 'SaveGameMenu'		parent: 'HostGame'		Context: 'HostGame'
SaveGameMenu: register time: 0.000172
SaveGameMenu: ControlBase::Initialize time: 0.000652
LOADING ../../../Base/Assets/UI/Menus/SaveGameMenu.lua	Load time: 0.003519
END    LuaContext::Initialize() id: 'SaveGameMenu'
START  LuaContext::Initialize() id: 'MultiSelectWindow'		parent: 'HostGame'		Context: 'HostGame'
MultiSelectWindow: register time: 0.000826
MultiSelectWindow: ControlBase::Initialize time: 0.000244
LOADING ../../../Base/Assets/UI/FrontEnd/MultiSelectWindow.lua	Load time: 0.000882
END    LuaContext::Initialize() id: 'MultiSelectWindow'
START  LuaContext::Initialize() id: 'CityStatePicker'		parent: 'HostGame'		Context: 'HostGame'
CityStatePicker: register time: 0.000812
CityStatePicker: ControlBase::Initialize time: 0.000452
LOADING ../../../Base/Assets/UI/FrontEnd/CityStatePicker.lua	Load time: 0.011762
END    LuaContext::Initialize() id: 'CityStatePicker'
START  LuaContext::Initialize() id: 'LeaderPicker'		parent: 'HostGame'		Context: 'HostGame'
LeaderPicker: register time: 0.000530
LeaderPicker: ControlBase::Initialize time: 0.000297
LOADING ../../../Base/Assets/UI/FrontEnd/LeaderPicker.lua	Load time: 0.012087
END    LuaContext::Initialize() id: 'LeaderPicker'
HostGame: ControlBase::Initialize time: 0.052897
LOADING D:/Steam/steamapps/workshop/content/289070/3792052697/ui/HostGame.lua	Load time: 0.016536
END    LuaContext::Initialize() id: 'HostGame'
START  LuaContext::Initialize() id: 'StagingRoom'		parent: 'MainMenu'		Context: 'MainMenu'
StagingRoom: register time: 0.000681
START  LuaContext::Initialize() id: 'ConfirmKick'		parent: 'StagingRoom'		Context: 'StagingRoom'
ConfirmKick: register time: 0.000409
ConfirmKick: ControlBase::Initialize time: 0.000038
LOADING ../../../Base/Assets/UI/FrontEnd/Multiplayer/ConfirmKick.lua	Load time: 0.001172
END    LuaContext::Initialize() id: 'ConfirmKick'
START  LuaContext::Initialize() id: 'EditHotseatPlayer'		parent: 'StagingRoom'		Context: 'StagingRoom'
EditHotseatPlayer: register time: 0.000286
EditHotseatPlayer: ControlBase::Initialize time: 0.000505
LOADING ../../../Base/Assets/UI/FrontEnd/Multiplayer/EditHotseatPlayer.lua	Load time: 0.000215
END    LuaContext::Initialize() id: 'EditHotseatPlayer'
StagingRoom: ControlBase::Initialize time: 0.007329
LOADING D:/Steam/steamapps/workshop/content/289070/3792052697/ui/StagingRoom.lua	Load time: 0.112887
END    LuaContext::Initialize() id: 'StagingRoom'
START  LuaContext::Initialize() id: 'LoadGameMenu'		parent: 'MainMenu'		Context: 'MainMenu'
LoadGameMenu: register time: 0.000364
LoadGameMenu: ControlBase::Initialize time: 0.000413
LOADING ../../../Base/Assets/UI/FrontEnd/LoadGameMenu.lua	Load time: 0.007248
END    LuaContext::Initialize() id: 'LoadGameMenu'
START  LuaContext::Initialize() id: 'SaveGameMenu'		parent: 'MainMenu'		Context: 'MainMenu'
SaveGameMenu: register time: 0.001042
SaveGameMenu: ControlBase::Initialize time: 0.000458
LOADING ../../../Base/Assets/UI/Menus/SaveGameMenu.lua	Load time: 0.003243
END    LuaContext::Initialize() id: 'SaveGameMenu'
START  LuaContext::Initialize() id: 'FrontEndPopup'		parent: 'MainMenu'		Context: 'MainMenu'
FrontEndPopup: register time: 0.000465
FrontEndPopup: ControlBase::Initialize time: 0.000027
LOADING ../../../Base/Assets/UI/FrontEnd/FrontEndPopup.lua	Load time: 0.001075
END    LuaContext::Initialize() id: 'FrontEndPopup'
START  LuaContext::Initialize() id: 'CivRoyaleIntro'		parent: 'MainMenu'		Context: 'MainMenu'
CivRoyaleIntro: register time: 0.000197
CivRoyaleIntro: ControlBase::Initialize time: 0.000066
LOADING ../../../Base/Assets/UI/FrontEnd/Multiplayer/CivRoyaleIntro.lua	Load time: 0.000192
END    LuaContext::Initialize() id: 'CivRoyaleIntro'
START  LuaContext::Initialize() id: 'PiratesIntro'		parent: 'MainMenu'		Context: 'MainMenu'
PiratesIntro: register time: 0.000202
PiratesIntro: ControlBase::Initialize time: 0.000086
LOADING ../../../Base/Assets/UI/FrontEnd/Multiplayer/PiratesIntro.lua	Load time: 0.000194
END    LuaContext::Initialize() id: 'PiratesIntro'
START  LuaContext::Initialize() id: 'CrossPlay'		parent: 'MainMenu'		Context: 'MainMenu'
CrossPlayLogin: register time: 0.000188
CrossPlayLogin: ControlBase::Initialize time: 0.000001
LOADING ../../../Base/Assets/UI/FrontEnd/Multiplayer/CrossPlayLogin.lua	Load time: 0.000689
END    LuaContext::Initialize() id: 'CrossPlay'
MainMenu: ControlBase::Initialize time: 0.273198
LOADING D:/Steam/steamapps/workshop/content/289070/3792052697/ui/MainMenu.lua	Load time: 0.112735
END    LuaContext::Initialize() id: 'MainMenu'
START  LuaContext::Initialize() id: 'StartingGame'		parent: 'FrontEndContainer'		Context: 'FrontEnd'
StateTransition: register time: 0.000236
StateTransition: ControlBase::Initialize time: 0.000151
LOADING ../../../Base/Assets/UI/FrontEnd/StateTransition.lua	Load time: 0.000116
END    LuaContext::Initialize() id: 'StartingGame'
START  LuaContext::Initialize() id: 'JoiningRoom'		parent: 'FrontEndContainer'		Context: 'FrontEnd'
JoiningRoom: register time: 0.000226
JoiningRoom: ControlBase::Initialize time: 0.000091
LOADING ../../../Base/Assets/UI/FrontEnd/Multiplayer/JoiningRoom.lua	Load time: 0.000296
END    LuaContext::Initialize() id: 'JoiningRoom'
START  LuaContext::Initialize() id: 'UserSetupWarning'		parent: 'FrontEndContainer'		Context: 'FrontEnd'
UserSetupWarning: register time: 0.000269
UserSetupWarning: ControlBase::Initialize time: 0.000029
LOADING ../../../Base/Assets/UI/FrontEnd/UserSetupWarning.lua	Load time: 0.001043
END    LuaContext::Initialize() id: 'UserSetupWarning'
START  LuaContext::Initialize() id: 'SwitchLayoutPopup'		parent: 'FrontEndContainer'		Context: 'FrontEnd'
SwitchLayoutPopup: register time: 0.000209
SwitchLayoutPopup: ControlBase::Initialize time: 0.000113
LOADING ../../../Base/Assets/UI/Popups/SwitchLayoutPopup.lua	Load time: 0.000090
END    LuaContext::Initialize() id: 'SwitchLayoutPopup'
START  LuaContext::Initialize() id: 'Test'		parent: ''		Context: 'FrontEnd'
Test: register time: 0.000195
Test: ControlBase::Initialize time: 0.000000
LOADING ../../../Base/Assets/UI/Test.lua	Load time: 0.000058
END    LuaContext::Initialize() id: 'Test'
FrontEnd: ControlBase::Initialize time: 0.396198
LOADING ../../../Base/Assets/UI/FrontEnd/FrontEnd.lua	Load time: 0.011735
END    LuaContext::Initialize() id: 'FrontEnd'
START  LuaContext::Initialize() id: ''		parent: 'FrontEnd'		Context: 'FrontEnd'
InvitePopup: register time: 0.000275
InvitePopup: ControlBase::Initialize time: 0.000025
LOADING ../../../Base/Assets/UI/Popups/InvitePopup.lua	Load time: 0.001363
END    LuaContext::Initialize() id: 'InvitePopup'
START ContextBase::Initialize() id: ''		parent: 'NULL'		Context: 'NULL'
END   ContextBase::Initialize() id: 'ToolTips'
START  LuaContext::Initialize() id: ''		parent: 'NULL'		Context: 'NULL'
LoadScreen: register time: 0.000196
LoadScreen: ControlBase::Initialize time: 0.000576
LOADING ../../../Base/Assets/UI/FrontEnd/LoadScreen.lua	Load time: 0.004436
END    LuaContext::Initialize() id: 'LoadScreen'
START ContextBase::Initialize() id: ''		parent: 'NULL'		Context: 'NULL'
END   ContextBase::Initialize() id: 'ToolTips'
START  LuaContext::Initialize() id: ''		parent: 'NULL'		Context: 'NULL'
InGame: register time: 0.000521
START  LuaContext::Initialize() id: 'WorldInput'		parent: 'Core'		Context: 'InGame'
WorldInput: register time: 0.000427
WorldInput: ControlBase::Initialize time: 0.000036
LOADING ../../../DLC/Expansion2/UI/Replacements/WorldInput_Expansion2.lua	Load time: 0.011728
END    LuaContext::Initialize() id: 'WorldInput'
START  LuaContext::Initialize() id: 'StrategicView'		parent: 'Core'		Context: 'InGame'
StrategicView: register time: 0.000551
StrategicView: ControlBase::Initialize time: 0.000001
LOADING ../../../Base/Assets/UI/StrategicView.lua	Load time: 0.000048
END    LuaContext::Initialize() id: 'StrategicView'
START  LuaContext::Initialize() id: 'ARXManager'		parent: 'Core'		Context: 'InGame'
ARXManager: register time: 0.000436
ARXManager: ControlBase::Initialize time: 0.000000
LOADING ../../../DLC/Expansion2/UI/Replacements/ARXManager_Expansion2.lua	Load time: 0.002217
END    LuaContext::Initialize() id: 'ARXManager'
START  LuaContext::Initialize() id: 'MapLabelManager'		parent: 'WorldViewControls'		Context: 'InGame'
MapLabelManager: register time: 0.000548
MapLabelManager: ControlBase::Initialize time: 0.000000
LOADING ../../../DLC/Expansion2/UI/Additions/MapLabelManager.lua	Load time: 0.065499
END    LuaContext::Initialize() id: 'MapLabelManager'
START  LuaContext::Initialize() id: 'WorldViewIconsManager'		parent: 'WorldViewControls'		Context: 'InGame'
WorldViewIconsManager: register time: 0.002099
WorldViewIconsManager: ControlBase::Initialize time: 0.000001
LOADING D:/Steam/steamapps/workshop/content/289070/3792052697/STR/UI/WorldViewIconsManager_STR.lua	Load time: 0.003429
END    LuaContext::Initialize() id: 'WorldViewIconsManager'
START  LuaContext::Initialize() id: 'DistrictPlotIconManager'		parent: 'WorldViewControls'		Context: 'InGame'
DistrictPlotIconManager: register time: 0.001323
DistrictPlotIconManager: ControlBase::Initialize time: 0.000001
LOADING ../../../DLC/KublaiKhan_Vietnam/UI/Replacements/DistrictPlotIconManager_KublaiKhan_Vietnam.lua	Load time: 0.005791
END    LuaContext::Initialize() id: 'DistrictPlotIconManager'
START  LuaContext::Initialize() id: 'SettlerInfluenceIconManager'		parent: 'WorldViewControls'		Context: 'InGame'
SettlerInfluenceIconManager: register time: 0.001495
SettlerInfluenceIconManager: ControlBase::Initialize time: 0.000001
LOADING ../../../DLC/Expansion2/UI/Additions/SettlerInfluenceIconManager.lua	Load time: 0.001345
END    LuaContext::Initialize() id: 'SettlerInfluenceIconManager'
START  LuaContext::Initialize() id: 'PlotInfo'		parent: 'WorldViewControls'		Context: 'InGame'
PlotInfo: register time: 0.001457
PlotInfo: ControlBase::Initialize time: 0.000001
LOADING ../../../Base/Assets/UI/WorldView/PlotInfo.lua	Load time: 0.009626
END    LuaContext::Initialize() id: 'PlotInfo'
START  LuaContext::Initialize() id: 'CityBannerManager'		parent: 'BannerAndFlags'		Context: 'InGame'
CityBannerManager: register time: 0.000582
CityBannerManager: ControlBase::Initialize time: 0.000001
LOADING ../../../DLC/Expansion2/UI/CityBanners/CityBannerManager.lua	Load time: 0.011237
END    LuaContext::Initialize() id: 'CityBannerManager'
START  LuaContext::Initialize() id: 'UnitFlagManager'		parent: 'BannerAndFlags'		Context: 'InGame'
UnitFlagManager: register time: 0.000631
UnitFlagManager: ControlBase::Initialize time: 0.000001
LOADING D:/Steam/steamapps/workshop/content/289070/3792052697/ui/Replacements/UnitFlagManager.lua	Load time: 0.005026
END    LuaContext::Initialize() id: 'UnitFlagManager'
START  LuaContext::Initialize() id: 'TourismBannerManager'		parent: 'WorldViewControls'		Context: 'InGame'
TourismBannerManager: register time: 0.000781
TourismBannerManager: ControlBase::Initialize time: 0.000001
LOADING ../../../Base/Assets/UI/WorldView/TourismBannerManager.lua	Load time: 0.001622
END    LuaContext::Initialize() id: 'TourismBannerManager'
START  LuaContext::Initialize() id: 'MapPinManager'		parent: 'WorldViewControls'		Context: 'InGame'
MapPinManager: register time: 0.000718
MapPinManager: ControlBase::Initialize time: 0.000100
LOADING D:/Steam/steamapps/workshop/content/289070/3792052697/Components/DetailedMapTacks/ui/mappinmanager_dmt.lua	Load time: 0.004021
END    LuaContext::Initialize() id: 'MapPinManager'
START  LuaContext::Initialize() id: 'SelectedUnit'		parent: 'WorldViewControls'		Context: 'InGame'
SelectedUnit: register time: 0.000918
SelectedUnit: ControlBase::Initialize time: 0.000000
LOADING ../../../DLC/Expansion2/UI/Replacements/SelectedUnit_Expansion2.lua	Load time: 0.000777
END    LuaContext::Initialize() id: 'SelectedUnit'
START  LuaContext::Initialize() id: 'WorldViewPlotMessages'		parent: 'WorldViewControls'		Context: 'InGame'
WorldViewPlotMessages: register time: 0.000676
WorldViewPlotMessages: ControlBase::Initialize time: 0.000000
LOADING ../../../Base/Assets/UI/WorldViewPlotMessages.lua	Load time: 0.000531
END    LuaContext::Initialize() id: 'WorldViewPlotMessages'
START  LuaContext::Initialize() id: 'SettlerWarningIconManager'		parent: 'WorldViewControls'		Context: 'InGame'
SettlerWarningIconManager: register time: 0.000449
SettlerWarningIconManager: ControlBase::Initialize time: 0.000000
LOADING ../../../DLC/Expansion2/UI/Additions/SettlerWarningIconManager.lua	Load time: 0.001029
END    LuaContext::Initialize() id: 'SettlerWarningIconManager'
START  LuaContext::Initialize() id: 'PowerLensManager'		parent: 'WorldViewControls'		Context: 'InGame'
PowerLensManager: register time: 0.000365
PowerLensManager: ControlBase::Initialize time: 0.000001
LOADING ../../../DLC/Expansion2/UI/Additions/PowerLensManager.lua	Load time: 0.000989
END    LuaContext::Initialize() id: 'PowerLensManager'
START  LuaContext::Initialize() id: 'GenVFX'		parent: 'WorldViewControls'		Context: 'InGame'
GenVFX: register time: 0.000369
GenVFX: ControlBase::Initialize time: 0.000000
LOADING ../../../Base/Assets/UI/GenVFX.lua	Load time: 0.002062
END    LuaContext::Initialize() id: 'GenVFX'
START  LuaContext::Initialize() id: 'CameraManager'		parent: 'HUD'		Context: 'InGame'
CameraManager: register time: 0.000392
CameraManager: ControlBase::Initialize time: 0.000000
LOADING ../../../Base/Assets/UI/WorldView/CameraManager.lua	Load time: 0.000122
END    LuaContext::Initialize() id: 'CameraManager'
START  LuaContext::Initialize() id: 'PlotToolTip'		parent: 'HUD'		Context: 'InGame'
PlotToolTip: register time: 0.000357
PlotToolTip: ControlBase::Initialize time: 0.000051
LOADING ../../../DLC/Expansion2/UI/Replacements/PlotToolTip_Expansion2.lua	Load time: 0.001369
END    LuaContext::Initialize() id: 'PlotToolTip'
START  LuaContext::Initialize() id: 'StatusMessagePanel'		parent: 'HUD'		Context: 'InGame'
StatusMessagePanel: register time: 0.000367
StatusMessagePanel: ControlBase::Initialize time: 0.000002
LOADING D:/Steam/steamapps/workshop/content/289070/3792052697/ui/Replacements/StatusMessagePanel.lua	Load time: 0.000789
END    LuaContext::Initialize() id: 'StatusMessagePanel'
START  LuaContext::Initialize() id: 'NotificationPanel'		parent: 'HUD'		Context: 'InGame'
NotificationPanel: register time: 0.000381
NotificationPanel: ControlBase::Initialize time: 0.000010
LOADING ../../../Base/Assets/UI/Panels/NotificationPanel.lua	Load time: 0.004672
END    LuaContext::Initialize() id: 'NotificationPanel'
START  LuaContext::Initialize() id: 'UnitPanel'		parent: 'HUD'		Context: 'InGame'
UnitPanel: register time: 0.000523
UnitPanel: ControlBase::Initialize time: 0.002073
LOADING D:/Steam/steamapps/workshop/content/289070/3792052697/Components/BBG/ui/replacements/unitpanel_bbg.lua	Load time: 0.009372
END    LuaContext::Initialize() id: 'UnitPanel'
START  LuaContext::Initialize() id: 'TurnProcessing'		parent: 'HUD'		Context: 'InGame'
TurnProcessing: register time: 0.000435
TurnProcessing: ControlBase::Initialize time: 0.000204
LOADING D:/Steam/steamapps/workshop/content/289070/3792052697/ui/Additions/TurnProcessing.lua	Load time: 0.005399
END    LuaContext::Initialize() id: 'TurnProcessing'
START  LuaContext::Initialize() id: 'WorldTracker'		parent: 'HUD'		Context: 'InGame'
WorldTracker: register time: 0.000460
START  LuaContext::Initialize() id: ''		parent: 'ChatPanelContainer'		Context: 'WorldTracker'
ChatPanel: register time: 0.000455
START  LuaContext::Initialize() id: 'ConfirmKick'		parent: ''		Context: ''
ConfirmKick: register time: 0.000372
ConfirmKick: ControlBase::Initialize time: 0.000024
LOADING ../../../Base/Assets/UI/FrontEnd/Multiplayer/ConfirmKick.lua	Load time: 0.001436
END    LuaContext::Initialize() id: 'ConfirmKick'
ChatPanel: ControlBase::Initialize time: 0.002331
LOADING D:/Steam/steamapps/workshop/content/289070/3792052697/ui/Replacements/chatpanel_MPH.lua	Load time: 0.005433
END    LuaContext::Initialize() id: ''
START  LuaContext::Initialize() id: ''		parent: 'TutorialGoals'		Context: 'WorldTracker'
TutorialGoals: register time: 0.000416
TutorialGoals: ControlBase::Initialize time: 0.000048
LOADING ../../../Base/Assets/UI/TutorialGoals.lua	Load time: 0.000901
END    LuaContext::Initialize() id: 'TutorialGoals'
WorldTracker: ControlBase::Initialize time: 0.011223
LOADING ../../../DLC/Expansion2/UI/Replacements/WorldTracker_Expansion1.lua	Load time: 0.020194
START  LuaContext::Initialize() id: ''		parent: 'OtherContainer'		Context: 'NULL'
WorldCrisisTracker: register time: 0.001098
WorldCrisisTracker: ControlBase::Initialize time: 0.000008
LOADING ../../../DLC/Expansion2/UI/Additions/WorldCrisisTracker.lua	Load time: 0.001498
END    LuaContext::Initialize() id: ''
END    LuaContext::Initialize() id: 'WorldTracker'
START  LuaContext::Initialize() id: 'MinimapPanel'		parent: 'HUD'		Context: 'InGame'
MinimapPanel: register time: 0.001047
START  LuaContext::Initialize() id: ''		parent: 'MapPinListPanel'		Context: 'MinimapPanel'
MapPinListPanel: register time: 0.000790
MapPinListPanel: ControlBase::Initialize time: 0.000074
LOADING D:/Steam/steamapps/workshop/content/289070/3792052697/ui/Replacements/MapPinListPanel.lua	Load time: 0.000837
END    LuaContext::Initialize() id: ''
START  LuaContext::Initialize() id: ''		parent: 'MapSearchPanel'		Context: 'MinimapPanel'
MapSearchPanel: register time: 0.000755
MapSearchPanel: ControlBase::Initialize time: 0.000274
LOADING ../../../Base/Assets/UI/Popups/MapSearchPanel.lua	Load time: 0.001750
END    LuaContext::Initialize() id: ''
MinimapPanel: ControlBase::Initialize time: 0.021264
LOADING ../../../DLC/Expansion2/UI/Replacements/MinimapPanel_Expansion2.lua	Load time: 0.002449
END    LuaContext::Initialize() id: 'MinimapPanel'
START  LuaContext::Initialize() id: 'CityPanel'		parent: 'HUD'		Context: 'InGame'
CityPanel: register time: 0.000843
CityPanel: ControlBase::Initialize time: 0.001619
LOADING ../../../DLC/Expansion2/UI/Replacements/CityPanel_Expansion2.lua	Load time: 0.019096
END    LuaContext::Initialize() id: 'CityPanel'
START  LuaContext::Initialize() id: 'ActionPanel'		parent: 'HUD'		Context: 'InGame'
ActionPanel: register time: 0.000847
ActionPanel: ControlBase::Initialize time: 0.001222
LOADING ../../../DLC/Expansion2/UI/Replacements/ActionPanel_Expansion2.lua	Load time: 0.010244
END    LuaContext::Initialize() id: 'ActionPanel'
START  LuaContext::Initialize() id: 'MultiplayerTurnManager'		parent: 'HUD'		Context: 'InGame'
MultiplayerTurnManager: register time: 0.001156
MultiplayerTurnManager: ControlBase::Initialize time: 0.000160
LOADING ../../../Base/Assets/UI/Panels/MultiplayerTurnManager.lua	Load time: 0.000179
END    LuaContext::Initialize() id: 'MultiplayerTurnManager'
START  LuaContext::Initialize() id: 'TopPanel'		parent: 'PartialScreens'		Context: 'InGame'
TopPanel: register time: 0.000778
TopPanel: ControlBase::Initialize time: 0.000388
LOADING D:/Steam/steamapps/workshop/content/289070/3792052697/TPE/UI/TopPanelExtension.lua	Load time: 0.003420
END    LuaContext::Initialize() id: 'TopPanel'
START  LuaContext::Initialize() id: 'DiplomacyRibbon'		parent: 'PartialScreens'		Context: 'InGame'
DiplomacyRibbon: register time: 0.000752
DiplomacyRibbon: ControlBase::Initialize time: 0.000175
LOADING D:/Steam/steamapps/workshop/content/289070/3792052697/ui/Replacements/DiplomacyRibbon_ZYL.lua	Load time: 0.004879
END    LuaContext::Initialize() id: 'DiplomacyRibbon'
START  LuaContext::Initialize() id: 'CityStates'		parent: 'PartialScreens'		Context: 'InGame'
CityStates: register time: 0.000596
CityStates: ControlBase::Initialize time: 0.001302
LOADING D:/Steam/steamapps/workshop/content/289070/3792052697/BCS/UI/CityStates_TPT.lua	Load time: 0.003862
END    LuaContext::Initialize() id: 'CityStates'
START  LuaContext::Initialize() id: 'EspionageOverview'		parent: 'PartialScreens'		Context: 'InGame'
EspionageOverview: register time: 0.000665
EspionageOverview: ControlBase::Initialize time: 0.000764
LOADING ../../../DLC/Expansion2/UI/Replacements/EspionageOverview_Expansion1.lua	Load time: 0.003190
END    LuaContext::Initialize() id: 'EspionageOverview'
START  LuaContext::Initialize() id: 'WorldRankings'		parent: 'PartialScreens'		Context: 'InGame'
WorldRankings: register time: 0.000628
WorldRankings: ControlBase::Initialize time: 0.000604
LOADING D:/Steam/steamapps/workshop/content/289070/3792052697/Components/BBG/ui/replacements/worldrankings_bbg.lua	Load time: 0.004976
END    LuaContext::Initialize() id: 'WorldRankings'
START  LuaContext::Initialize() id: 'TradeOverview'		parent: 'PartialScreens'		Context: 'InGame'
TradeOverview: register time: 0.000501
TradeOverview: ControlBase::Initialize time: 0.000688
LOADING D:/Steam/steamapps/workshop/content/289070/3792052697/BTS/UI/TradeOverview.lua	Load time: 0.004973
END    LuaContext::Initialize() id: 'TradeOverview'
START  LuaContext::Initialize() id: 'ReportsList'		parent: 'PartialScreens'		Context: 'InGame'
ReportsList: register time: 0.000724
ReportsList: ControlBase::Initialize time: 0.000066
LOADING D:/Steam/steamapps/workshop/content/289070/3792052697/BRS/RLL/ReportsListLoader.lua	Load time: 0.003527
END    LuaContext::Initialize() id: 'ReportsList'
START  LuaContext::Initialize() id: 'PartialScreenHooks'		parent: 'PartialScreens'		Context: 'InGame'
PartialScreenHooks: register time: 0.000707
PartialScreenHooks: ControlBase::Initialize time: 0.000143
LOADING ../../../DLC/Expansion2/UI/Replacements/PartialScreenHooks_Expansion2.lua	Load time: 0.001786
END    LuaContext::Initialize() id: 'PartialScreenHooks'
START  LuaContext::Initialize() id: 'ProductionManager'		parent: 'PartialScreens'		Context: 'InGame'
ProductionManager: register time: 0.000788
ProductionManager: ControlBase::Initialize time: 0.000073
LOADING ../../../Base/Assets/UI/ProductionManager.lua	Load time: 0.006367
END    LuaContext::Initialize() id: 'ProductionManager'
START  LuaContext::Initialize() id: 'ProductionPanel'		parent: 'PartialScreens'		Context: 'InGame'
ProductionPanel: register time: 0.000857
ProductionPanel: ControlBase::Initialize time: 0.000867
LOADING ../../../Base/Assets/UI/Panels/ProductionPanel.lua	Load time: 0.014000
END    LuaContext::Initialize() id: 'ProductionPanel'
START  LuaContext::Initialize() id: 'FullscreenMapPopup'		parent: 'Screens'		Context: 'InGame'
FullscreenMapPopup: register time: 0.000632
FullscreenMapPopup: ControlBase::Initialize time: 0.000003
LOADING ../../../DLC/Expansion2/UI/Replacements/FullscreenMapPopup_Expansion2.lua	Load time: 0.000349
END    LuaContext::Initialize() id: 'FullscreenMapPopup'
START  LuaContext::Initialize() id: 'TechTree'		parent: 'Screens'		Context: 'InGame'
TechTree: register time: 0.000514
DEPRECATED: 'full' size should be parent-sized to a root context
TechTree: ControlBase::Initialize time: 0.000683
LOADING D:/Steam/steamapps/workshop/content/289070/3792052697/TCP/UI/TechTree_TPT.lua	Load time: 0.013728
END    LuaContext::Initialize() id: 'TechTree'
START  LuaContext::Initialize() id: 'CivicsTree'		parent: 'Screens'		Context: 'InGame'
CivicsTree: register time: 0.000622
DEPRECATED: 'full' size should be parent-sized to a root context
CivicsTree: ControlBase::Initialize time: 0.000616
LOADING D:/Steam/steamapps/workshop/content/289070/3792052697/TCP/UI/CivicsTree_TPT.lua	Load time: 0.014385
END    LuaContext::Initialize() id: 'CivicsTree'
START  LuaContext::Initialize() id: 'ClimateScreen'		parent: 'Screens'		Context: 'InGame'
ClimateScreen: register time: 0.001108
ClimateScreen: ControlBase::Initialize time: 0.001923
LOADING ../../../DLC/GranColombia_Maya/UI/Replacements/ClimateScreen_GranColombia_Maya.lua	Load time: 0.004823
END    LuaContext::Initialize() id: 'ClimateScreen'
START  LuaContext::Initialize() id: 'GovernmentScreen'		parent: 'Screens'		Context: 'InGame'
GovernmentScreen: register time: 0.000900
GovernmentScreen: ControlBase::Initialize time: 0.001043
LOADING ../../../DLC/Expansion2/UI/Replacements/GovernmentScreen_Expansion2.lua	Load time: 0.010217
END    LuaContext::Initialize() id: 'GovernmentScreen'
START  LuaContext::Initialize() id: 'ReligionScreen'		parent: 'Screens'		Context: 'InGame'
ReligionScreen: register time: 0.000859
ReligionScreen: ControlBase::Initialize time: 0.001361
LOADING ../../../Base/Assets/UI/ReligionScreen.lua	Load time: 0.003146
END    LuaContext::Initialize() id: 'ReligionScreen'
START  LuaContext::Initialize() id: 'GreatWorksOverview'		parent: 'Screens'		Context: 'InGame'
GreatWorksOverview: register time: 0.000896
GreatWorksOverview: ControlBase::Initialize time: 0.000366
LOADING ../../../Base/Assets/UI/GreatWorksOverview.lua	Load time: 0.005001
END    LuaContext::Initialize() id: 'GreatWorksOverview'
START  LuaContext::Initialize() id: 'GreatWorkShowcase'		parent: 'Screens'		Context: 'InGame'
GreatWorkShowcase: register time: 0.000864
GreatWorkShowcase: ControlBase::Initialize time: 0.000194
LOADING ../../../Base/Assets/UI/GreatWorkShowcase.lua	Load time: 0.001107
END    LuaContext::Initialize() id: 'GreatWorkShowcase'
START  LuaContext::Initialize() id: 'GreatPeoplePopup'		parent: 'Screens'		Context: 'InGame'
GreatPeoplePopup: register time: 0.000813
GreatPeoplePopup: ControlBase::Initialize time: 0.000459
LOADING D:/Steam/steamapps/workshop/content/289070/3792052697/BGP/UI/GreatPeoplePopup.lua	Load time: 0.012050
END    LuaContext::Initialize() id: 'GreatPeoplePopup'
START  LuaContext::Initialize() id: 'GlobalResourcePopup'		parent: 'Screens'		Context: 'InGame'
GlobalResourcePopup: register time: 0.000842
GlobalResourcePopup: ControlBase::Initialize time: 0.000309
LOADING ../../../DLC/KublaiKhan_Vietnam/UI/Replacements/GlobalResourcePopup_KublaiKhanVietnam_MODE.lua	Load time: 0.001788
END    LuaContext::Initialize() id: 'GlobalResourcePopup'
START  LuaContext::Initialize() id: 'ReportScreen'		parent: 'Screens'		Context: 'InGame'
ReportScreen: register time: 0.000740
ReportScreen: ControlBase::Initialize time: 0.000614
LOADING D:/Steam/steamapps/workshop/content/289070/3792052697/BRS/ReportScreen.lua	Load time: 0.016729
END    LuaContext::Initialize() id: 'ReportScreen'
START  LuaContext::Initialize() id: 'EdgeScroll'		parent: 'InGame'		Context: 'InGame'
EdgeScroll: register time: 0.001042
EdgeScroll: ControlBase::Initialize time: 0.000002
LOADING ../../../Base/Assets/UI/EdgeScroll.lua	Load time: 0.000148
END    LuaContext::Initialize() id: 'EdgeScroll'
START  LuaContext::Initialize() id: 'LaunchBar'		parent: 'TopLevelHUD'		Context: 'InGame'
LaunchBar: register time: 0.000657
LaunchBar: ControlBase::Initialize time: 0.000330
LOADING ../../../DLC/Expansion2/UI/Replacements/LaunchBar_Expansion2.lua	Load time: 0.001052
END    LuaContext::Initialize() id: 'LaunchBar'
START  LuaContext::Initialize() id: 'TradeRouteChooser'		parent: 'TopLevelHUD'		Context: 'InGame'
TradeRouteChooser: register time: 0.000536
TradeRouteChooser: ControlBase::Initialize time: 0.000616
LOADING D:/Steam/steamapps/workshop/content/289070/3792052697/BTS/UI/Choosers/TradeRouteChooser.lua	Load time: 0.004076
END    LuaContext::Initialize() id: 'TradeRouteChooser'
START  LuaContext::Initialize() id: 'TradeOriginChooser'		parent: 'TopLevelHUD'		Context: 'InGame'
TradeOriginChooser: register time: 0.000522
TradeOriginChooser: ControlBase::Initialize time: 0.000131
LOADING D:/Steam/steamapps/workshop/content/289070/3792052697/BTS/UI/Choosers/TradeOriginChooser.lua	Load time: 0.001608
END    LuaContext::Initialize() id: 'TradeOriginChooser'
START  LuaContext::Initialize() id: 'CivicsChooser'		parent: 'TopLevelHUD'		Context: 'InGame'
CivicsChooser: register time: 0.000490
CivicsChooser: ControlBase::Initialize time: 0.000111
LOADING D:/Steam/steamapps/workshop/content/289070/3792052697/TCP/UI/CivicsChooser_TPT.lua	Load time: 0.014794
END    LuaContext::Initialize() id: 'CivicsChooser'
START  LuaContext::Initialize() id: 'ResearchChooser'		parent: 'TopLevelHUD'		Context: 'InGame'
ResearchChooser: register time: 0.000530
ResearchChooser: ControlBase::Initialize time: 0.000268
LOADING D:/Steam/steamapps/workshop/content/289070/3792052697/TCP/UI/ResearchChooser_TPT.lua	Load time: 0.024695
END    LuaContext::Initialize() id: 'ResearchChooser'
START  LuaContext::Initialize() id: 'EspionageChooser'		parent: 'TopLevelHUD'		Context: 'InGame'
EspionageChooser: register time: 0.000555
EspionageChooser: ControlBase::Initialize time: 0.000216
LOADING ../../../DLC/Expansion2/UI/Replacements/EspionageChooser_Expansion1.lua	Load time: 0.002569
END    LuaContext::Initialize() id: 'EspionageChooser'
START  LuaContext::Initialize() id: 'PantheonChooser'		parent: 'TopLevelHUD'		Context: 'InGame'
PantheonChooser: register time: 0.000547
PantheonChooser: ControlBase::Initialize time: 0.000370
LOADING D:/Steam/steamapps/workshop/content/289070/3792052697/BPC/UI/PantheonChooser_TPT.lua	Load time: 0.000607
END    LuaContext::Initialize() id: 'PantheonChooser'
START  LuaContext::Initialize() id: 'CityPanelOverview'		parent: 'TopLevelHUD'		Context: 'InGame'
CityPanelOverview: register time: 0.000505
CityPanelOverview: ControlBase::Initialize time: 0.002063
LOADING ../../../DLC/Expansion2/UI/Replacements/CityPanelOverview_Expansion2.lua	Load time: 0.012302
START  LuaContext::Initialize() id: ''		parent: 'PanelDynamicTab'		Context: 'NULL'
CityPanelCulture: register time: 0.000531
CityPanelCulture: ControlBase::Initialize time: 0.000596
LOADING ../../../DLC/Expansion2/UI/Additions/CityPanelCulture.lua	Load time: 0.001736
END    LuaContext::Initialize() id: ''
START  LuaContext::Initialize() id: ''		parent: 'PanelDynamicTab'		Context: 'NULL'
CityPanelPower: register time: 0.000533
CityPanelPower: ControlBase::Initialize time: 0.000248
LOADING ../../../DLC/Expansion2/UI/Additions/CityPanelPower.lua	Load time: 0.001137
END    LuaContext::Initialize() id: ''
END    LuaContext::Initialize() id: 'CityPanelOverview'
START  LuaContext::Initialize() id: 'ModalLensPanel'		parent: 'TopLevelHUD'		Context: 'InGame'
ModalLensPanel: register time: 0.000505
ModalLensPanel: ControlBase::Initialize time: 0.000038
LOADING ../../../DLC/Expansion2/UI/Replacements/ModalLensPanel_Expansion2.lua	Load time: 0.001084
END    LuaContext::Initialize() id: 'ModalLensPanel'
START  LuaContext::Initialize() id: 'EraCompletePopup'		parent: 'WorldPopups'		Context: 'InGame'
EraCompletePopup: register time: 0.000527
EraCompletePopup: ControlBase::Initialize time: 0.000065
LOADING ../../../DLC/Expansion2/UI/Additions/EraCompletePopup.lua	Load time: 0.000621
END    LuaContext::Initialize() id: 'EraCompletePopup'
START  LuaContext::Initialize() id: 'NaturalWonderPopup'		parent: 'WorldPopups'		Context: 'InGame'
NaturalWonderPopup: register time: 0.000494
NaturalWonderPopup: ControlBase::Initialize time: 0.000638
LOADING ../../../Base/Assets/UI/Popups/NaturalWonderPopup.lua	Load time: 0.000641
END    LuaContext::Initialize() id: 'NaturalWonderPopup'
START  LuaContext::Initialize() id: 'NaturalDisasterPopup'		parent: 'WorldPopups'		Context: 'InGame'
NaturalDisasterPopup: register time: 0.000591
NaturalDisasterPopup: ControlBase::Initialize time: 0.000462
LOADING ../../../DLC/GranColombia_Maya/UI/Replacements/NaturalDisasterPopup_GranColombia_Maya.lua	Load time: 0.000763
END    LuaContext::Initialize() id: 'NaturalDisasterPopup'
START  LuaContext::Initialize() id: 'RockBandMoviePopup'		parent: 'WorldPopups'		Context: 'InGame'
RockBandMoviePopup: register time: 0.000418
RockBandMoviePopup: ControlBase::Initialize time: 0.000300
LOADING ../../../DLC/Expansion2/UI/Additions/RockBandMoviePopup.lua	Load time: 0.000419
END    LuaContext::Initialize() id: 'RockBandMoviePopup'
START  LuaContext::Initialize() id: 'RockBandPopup'		parent: 'WorldPopups'		Context: 'InGame'
RockBandPopup: register time: 0.000578
RockBandPopup: ControlBase::Initialize time: 0.000423
LOADING ../../../DLC/Expansion2/UI/Additions/RockBandPopup.lua	Load time: 0.000698
END    LuaContext::Initialize() id: 'RockBandPopup'
START  LuaContext::Initialize() id: 'WonderBuiltPopup'		parent: 'WorldPopups'		Context: 'InGame'
WonderBuiltPopup: register time: 0.000430
WonderBuiltPopup: ControlBase::Initialize time: 0.000151
LOADING ../../../Base/Assets/UI/Popups/WonderBuiltPopup.lua	Load time: 0.000548
END    LuaContext::Initialize() id: 'WonderBuiltPopup'
START  LuaContext::Initialize() id: 'ProjectBuiltPopup'		parent: 'WorldPopups'		Context: 'InGame'
ProjectBuiltPopup: register time: 0.000415
ProjectBuiltPopup: ControlBase::Initialize time: 0.000149
LOADING ../../../Base/Assets/UI/Popups/ProjectBuiltPopup.lua	Load time: 0.000529
END    LuaContext::Initialize() id: 'ProjectBuiltPopup'
START  LuaContext::Initialize() id: 'MapPinPopup'		parent: 'WorldPopups'		Context: 'InGame'
MapPinPopup: register time: 0.000446
MapPinPopup: ControlBase::Initialize time: 0.000387
LOADING D:/Steam/steamapps/workshop/content/289070/3792052697/Components/DetailedMapTacks/ui/mappinpopup_dmt.lua	Load time: 0.017022
END    LuaContext::Initialize() id: 'MapPinPopup'
START  LuaContext::Initialize() id: 'PBCNotificationPopup'		parent: 'WorldPopups'		Context: 'InGame'
PBCNotificationPopup: register time: 0.000801
PBCNotificationPopup: ControlBase::Initialize time: 0.000001
LOADING ../../../Base/Assets/UI/Popups/PBCNotificationPopup.lua	Load time: 0.001401
END    LuaContext::Initialize() id: 'PBCNotificationPopup'
START  LuaContext::Initialize() id: 'RazeCity'		parent: 'WorldPopups'		Context: 'InGame'
RazeCity: register time: 0.000631
RazeCity: ControlBase::Initialize time: 0.000149
LOADING ../../../DLC/Expansion2/UI/Replacements/RazeCity_Expansion2.lua	Load time: 0.000451
END    LuaContext::Initialize() id: 'RazeCity'
START  LuaContext::Initialize() id: 'BoostUnlockedPopup'		parent: 'WorldPopups'		Context: 'InGame'
BoostUnlockedPopup: register time: 0.000518
BoostUnlockedPopup: ControlBase::Initialize time: 0.000079
LOADING ../../../Base/Assets/UI/Popups/BoostUnlockedPopup.lua	Load time: 0.000782
END    LuaContext::Initialize() id: 'BoostUnlockedPopup'
START  LuaContext::Initialize() id: 'TechCivicCompletedPopup'		parent: 'WorldPopups'		Context: 'InGame'
TechCivicCompletedPopup: register time: 0.000431
TechCivicCompletedPopup: ControlBase::Initialize time: 0.000189
LOADING ../../../Base/Assets/UI/Popups/TechCivicCompletedPopup.lua	Load time: 0.004916
END    LuaContext::Initialize() id: 'TechCivicCompletedPopup'
START  LuaContext::Initialize() id: 'UnitPromotionPopup'		parent: 'WorldPopups'		Context: 'InGame'
UnitPromotionPopup: register time: 0.000621
UnitPromotionPopup: ControlBase::Initialize time: 0.000071
LOADING ../../../Base/Assets/UI/Popups/UnitPromotionPopup.lua	Load time: 0.003362
END    LuaContext::Initialize() id: 'UnitPromotionPopup'
START  LuaContext::Initialize() id: 'EspionagePopup'		parent: 'WorldPopups'		Context: 'InGame'
EspionagePopup: register time: 0.000682
EspionagePopup: ControlBase::Initialize time: 0.001002
LOADING ../../../Base/Assets/UI/Popups/EspionagePopup.lua	Load time: 0.001654
END    LuaContext::Initialize() id: 'EspionagePopup'
START  LuaContext::Initialize() id: 'EventPopup'		parent: 'WorldPopups'		Context: 'InGame'
EventPopup: register time: 0.000761
EventPopup: ControlBase::Initialize time: 0.000244
LOADING ../../../Base/Assets/UI/Popups/EventPopup.lua	Load time: 0.008449
END    LuaContext::Initialize() id: 'EventPopup'
START  LuaContext::Initialize() id: 'Automation_NarrationPopup'		parent: 'WorldPopups'		Context: 'InGame'
Automation_NarrationPopup: register time: 0.000702
Automation_NarrationPopup: ControlBase::Initialize time: 0.000153
LOADING ../../../Base/Assets/UI/Automation/Automation_NarrationPopup.lua	Load time: 0.000663
END    LuaContext::Initialize() id: 'Automation_NarrationPopup'
START  LuaContext::Initialize() id: 'ChooseArtifact'		parent: 'FakePopups'		Context: 'InGame'
ChooseArtifact: register time: 0.000674
ChooseArtifact: ControlBase::Initialize time: 0.000084
LOADING ../../../Base/Assets/UI/Popups/ChooseArtifact.lua	Load time: 0.000183
END    LuaContext::Initialize() id: 'ChooseArtifact'
START  LuaContext::Initialize() id: 'EspionageEscape'		parent: 'FakePopups'		Context: 'InGame'
EspionageEscape: register time: 0.000809
EspionageEscape: ControlBase::Initialize time: 0.000512
LOADING ../../../Base/Assets/UI/Popups/EspionageEscape.lua	Load time: 0.000213
END    LuaContext::Initialize() id: 'EspionageEscape'
START  LuaContext::Initialize() id: 'UnitCaptured'		parent: 'FakePopups'		Context: 'InGame'
UnitCaptured: register time: 0.000747
UnitCaptured: ControlBase::Initialize time: 0.000001
LOADING ../../../Base/Assets/UI/Popups/UnitCaptured.lua	Load time: 0.001145
END    LuaContext::Initialize() id: 'UnitCaptured'
START  LuaContext::Initialize() id: 'InGamePopup'		parent: 'FakePopups'		Context: 'InGame'
InGamePopup: register time: 0.000616
InGamePopup: ControlBase::Initialize time: 0.000023
LOADING ../../../Base/Assets/UI/Popups/InGamePopup.lua	Load time: 0.001104
END    LuaContext::Initialize() id: 'InGamePopup'
START  LuaContext::Initialize() id: 'WorldCongressPopup'		parent: 'Diplomacy'		Context: 'InGame'
WorldCongressPopup: register time: 0.000531
WorldCongressPopup: ControlBase::Initialize time: 0.000485
LOADING ../../../DLC/Expansion2/UI/Additions/WorldCongressPopup.lua	Load time: 0.009022
END    LuaContext::Initialize() id: 'WorldCongressPopup'
START  LuaContext::Initialize() id: 'WorldCongressBetweenTurns'		parent: 'Diplomacy'		Context: 'InGame'
WorldCongressBetweenTurns: register time: 0.000615
WorldCongressBetweenTurns: ControlBase::Initialize time: 0.000468
LOADING ../../../DLC/Expansion2/UI/Additions/WorldCongressBetweenTurns.lua	Load time: 0.001883
END    LuaContext::Initialize() id: 'WorldCongressBetweenTurns'
START  LuaContext::Initialize() id: 'WorldCongressIntro'		parent: 'Diplomacy'		Context: 'InGame'
WorldCongressIntro: register time: 0.000563
WorldCongressIntro: ControlBase::Initialize time: 0.000207
LOADING ../../../DLC/Expansion2/UI/Additions/WorldCongressIntro.lua	Load time: 0.003625
END    LuaContext::Initialize() id: 'WorldCongressIntro'
START  LuaContext::Initialize() id: 'LeaderScene'		parent: 'Diplomacy'		Context: 'InGame'
LeaderScene: register time: 0.000566
LeaderScene: ControlBase::Initialize time: 0.000002
LOADING ../../../Base/Assets/UI/LeaderScene.lua	Load time: 0.013472
END    LuaContext::Initialize() id: 'LeaderScene'
START  LuaContext::Initialize() id: 'DiplomacyActionView'		parent: 'Diplomacy'		Context: 'InGame'
DiplomacyActionView: register time: 0.000648
DiplomacyActionView: ControlBase::Initialize time: 0.000396
LOADING D:/Steam/steamapps/workshop/content/289070/3792052697/ui/Replacements/diplomacyactionview_MPH.lua	Load time: 0.010416
END    LuaContext::Initialize() id: 'DiplomacyActionView'
START  LuaContext::Initialize() id: 'DiplomacyDealView'		parent: 'Diplomacy'		Context: 'InGame'
DiplomacyDealView: register time: 0.000739
DiplomacyDealView: ControlBase::Initialize time: 0.001318
LOADING D:/Steam/steamapps/workshop/content/289070/3792052697/Components/BetterDealWindow/DiplomacyDealView_ZYLPVP_Expansion2.lua	Load time: 0.012090
END    LuaContext::Initialize() id: 'DiplomacyDealView'
START  LuaContext::Initialize() id: 'DeclareWarPopup'		parent: 'Diplomacy'		Context: 'InGame'
DeclareWarPopup: register time: 0.000754
DeclareWarPopup: ControlBase::Initialize time: 0.000421
LOADING ../../../DLC/Expansion2/UI/Replacements/DeclareWarPopup_Expansion2.lua	Load time: 0.002732
END    LuaContext::Initialize() id: 'DeclareWarPopup'
START  LuaContext::Initialize() id: 'EndGameMenu'		parent: 'EndGame'		Context: 'InGame'
EndGameMenu: register time: 0.000877
EndGameMenu: ControlBase::Initialize time: 0.001389
LOADING D:/Steam/steamapps/workshop/content/289070/3792052697/ui/Replacements/EndGameMenu.lua	Load time: 0.006228
END    LuaContext::Initialize() id: 'EndGameMenu'
START  LuaContext::Initialize() id: 'PlayerChange'		parent: 'Network'		Context: 'InGame'
PlayerChange: register time: 0.000658
START  LuaContext::Initialize() id: 'SaveGameMenu'		parent: 'PlayerChange'		Context: 'PlayerChange'
SaveGameMenu: register time: 0.000605
SaveGameMenu: ControlBase::Initialize time: 0.000781
LOADING ../../../Base/Assets/UI/Menus/SaveGameMenu.lua	Load time: 0.002821
END    LuaContext::Initialize() id: 'SaveGameMenu'
PlayerChange: ControlBase::Initialize time: 0.005089
LOADING ../../../Base/Assets/UI/Popups/PlayerChange.lua	Load time: 0.000455
END    LuaContext::Initialize() id: 'PlayerChange'
START  LuaContext::Initialize() id: 'NewTurnPanel'		parent: 'Network'		Context: 'InGame'
NewTurnPanel: register time: 0.000450
NewTurnPanel: ControlBase::Initialize time: 0.000044
LOADING ../../../DLC/Expansion2/UI/Replacements/NewTurnPanel_Expansion1.lua	Load time: 0.000326
END    LuaContext::Initialize() id: 'NewTurnPanel'
START  LuaContext::Initialize() id: 'Civilopedia'		parent: 'InGame'		Context: 'InGame'
CivilopediaScreen: register time: 0.000414
CivilopediaScreen: ControlBase::Initialize time: 0.000223
LOADING ../../../Base/Assets/UI/Civilopedia/CivilopediaScreen.lua	Load time: 0.128013
END    LuaContext::Initialize() id: 'Civilopedia'
START  LuaContext::Initialize() id: 'PausePanel'		parent: 'InGame'		Context: 'InGame'
PausePanel: register time: 0.000662
PausePanel: ControlBase::Initialize time: 0.000180
LOADING D:/Steam/steamapps/workshop/content/289070/3792052697/ui/Replacements/PausePanel.lua	Load time: 0.000615
END    LuaContext::Initialize() id: 'PausePanel'
START  LuaContext::Initialize() id: 'HotSeatBackground'		parent: 'InGame'		Context: 'InGame'
HotSeatBackground: register time: 0.000480
HotSeatBackground: ControlBase::Initialize time: 0.000001
LOADING ../../../Base/Assets/UI/Menus/HotSeatBackground.lua	Load time: 0.000401
END    LuaContext::Initialize() id: 'HotSeatBackground'
START  LuaContext::Initialize() id: 'TopOptionsMenu'		parent: 'InGame'		Context: 'InGame'
InGameTopOptionsMenu: register time: 0.000388
START  LuaContext::Initialize() id: 'LoadGameMenu'		parent: 'TopOptionsMenu'		Context: 'TopOptionsMenu'
LoadGameMenu: register time: 0.000431
LoadGameMenu: ControlBase::Initialize time: 0.000462
LOADING ../../../Base/Assets/UI/FrontEnd/LoadGameMenu.lua	Load time: 0.007796
END    LuaContext::Initialize() id: 'LoadGameMenu'
START  LuaContext::Initialize() id: 'SaveGameMenu'		parent: 'TopOptionsMenu'		Context: 'TopOptionsMenu'
SaveGameMenu: register time: 0.000450
SaveGameMenu: ControlBase::Initialize time: 0.000468
LOADING ../../../Base/Assets/UI/Menus/SaveGameMenu.lua	Load time: 0.003009
END    LuaContext::Initialize() id: 'SaveGameMenu'
START  LuaContext::Initialize() id: 'Options'		parent: 'TopOptionsMenu'		Context: 'TopOptionsMenu'
Options: register time: 0.000438
Options: ControlBase::Initialize time: 0.005119
LOADING ../../../Base/Assets/UI/Options.lua	Load time: 0.020720
END    LuaContext::Initialize() id: 'Options'
InGameTopOptionsMenu: ControlBase::Initialize time: 0.042892
LOADING D:/Steam/steamapps/workshop/content/289070/3792052697/ui/Replacements/ingametopoptionsmenu_MPH.lua	Load time: 0.006762
END    LuaContext::Initialize() id: 'TopOptionsMenu'
InGame: ControlBase::Initialize time: 1.107876
START  LuaContext::Initialize() id: 'DedicationPopup'		parent: 'AdditionalUserInterfaces'		Context: 'NULL'
DedicationPopup: register time: 0.000498
DedicationPopup: ControlBase::Initialize time: 0.000050
LOADING ../../../DLC/Expansion2/UI/Additions/DedicationPopup.lua	Load time: 0.000716
END    LuaContext::Initialize() id: 'DedicationPopup'
START  LuaContext::Initialize() id: 'DisloyalCityChooser'		parent: 'AdditionalUserInterfaces'		Context: 'NULL'
DisloyalCityChooser: register time: 0.000431
DisloyalCityChooser: ControlBase::Initialize time: 0.000120
LOADING ../../../DLC/Expansion2/UI/Additions/DisloyalCityChooser.lua	Load time: 0.000176
END    LuaContext::Initialize() id: 'DisloyalCityChooser'
START  LuaContext::Initialize() id: 'EraProgressPanel'		parent: 'AdditionalUserInterfaces'		Context: 'NULL'
EraProgressPanel: register time: 0.000421
EraProgressPanel: ControlBase::Initialize time: 0.000581
LOADING ../../../DLC/Expansion2/UI/Additions/EraProgressPanel.lua	Load time: 0.002898
END    LuaContext::Initialize() id: 'EraProgressPanel'
START  LuaContext::Initialize() id: 'EraReviewPopup'		parent: 'AdditionalUserInterfaces'		Context: 'NULL'
EraReviewPopup: register time: 0.002041
EraReviewPopup: ControlBase::Initialize time: 0.000114
LOADING ../../../DLC/Expansion2/UI/Additions/EraReviewPopup.lua	Load time: 0.002932
END    LuaContext::Initialize() id: 'EraReviewPopup'
START  LuaContext::Initialize() id: 'ExpansionIntro'		parent: 'AdditionalUserInterfaces'		Context: 'NULL'
ExpansionIntro: register time: 0.001272
ExpansionIntro: ControlBase::Initialize time: 0.000120
LOADING ../../../DLC/Expansion2/UI/Additions/ExpansionIntro.lua	Load time: 0.000286
END    LuaContext::Initialize() id: 'ExpansionIntro'
START  LuaContext::Initialize() id: 'GovernorAssignmentChooser'		parent: 'AdditionalUserInterfaces'		Context: 'NULL'
GovernorAssignmentChooser: register time: 0.001426
GovernorAssignmentChooser: ControlBase::Initialize time: 0.000604
LOADING ../../../DLC/Expansion2/UI/Additions/GovernorAssignmentChooser.lua	Load time: 0.004196
END    LuaContext::Initialize() id: 'GovernorAssignmentChooser'
START  LuaContext::Initialize() id: 'GovernorPanel'		parent: 'AdditionalUserInterfaces'		Context: 'NULL'
GovernorPanel: register time: 0.001703
START  LuaContext::Initialize() id: 'DetailsPanel'		parent: 'GovernorPanelContainer'		Context: 'GovernorPanel'
GovernorDetailsPanel: register time: 0.001699
GovernorDetailsPanel: ControlBase::Initialize time: 0.000192
LOADING ../../../DLC/Expansion2/UI/Additions/GovernorDetailsPanel.lua	Load time: 0.006508
END    LuaContext::Initialize() id: 'DetailsPanel'
GovernorPanel: ControlBase::Initialize time: 0.009050
LOADING ../../../DLC/Expansion2/UI/Additions/GovernorPanel.lua	Load time: 0.010874
END    LuaContext::Initialize() id: 'GovernorPanel'
START  LuaContext::Initialize() id: 'HistoricMoments'		parent: 'AdditionalUserInterfaces'		Context: 'NULL'
HistoricMoments: register time: 0.000906
HistoricMoments: ControlBase::Initialize time: 0.000308
LOADING ../../../DLC/Expansion2/UI/Additions/HistoricMoments.lua	Load time: 0.002292
END    LuaContext::Initialize() id: 'HistoricMoments'
START  LuaContext::Initialize() id: 'WorldCrisisPopup'		parent: 'AdditionalUserInterfaces'		Context: 'NULL'
WorldCrisisPopup: register time: 0.000914
WorldCrisisPopup: ControlBase::Initialize time: 0.000295
LOADING ../../../DLC/Expansion2/UI/Additions/WorldCrisisPopup.lua	Load time: 0.002413
END    LuaContext::Initialize() id: 'WorldCrisisPopup'
START  LuaContext::Initialize() id: 'TPT_SettingsPanel'		parent: 'AdditionalUserInterfaces'		Context: 'NULL'
TPT_SettingsPanel: register time: 0.000854
TPT_SettingsPanel: ControlBase::Initialize time: 0.000099
LOADING D:/Steam/steamapps/workshop/content/289070/3792052697/Settings/UI/TPT_SettingsPanel.lua	Load time: 0.001171
END    LuaContext::Initialize() id: 'TPT_SettingsPanel'
START  LuaContext::Initialize() id: 'MapPin_HotKey'		parent: 'AdditionalUserInterfaces'		Context: 'NULL'
MapPin_HotKey: register time: 0.000874
MapPin_HotKey: ControlBase::Initialize time: 0.000001
LOADING D:/Steam/steamapps/workshop/content/289070/3792052697/NHK/UI/MapPin_HotKey.lua	Load time: 0.000164
END    LuaContext::Initialize() id: 'MapPin_HotKey'
START  LuaContext::Initialize() id: 'AutoRecruit_GreatPerson_HotKey'		parent: 'AdditionalUserInterfaces'		Context: 'NULL'
AutoRecruit_GreatPerson_HotKey: register time: 0.001106
AutoRecruit_GreatPerson_HotKey: ControlBase::Initialize time: 0.000001
LOADING D:/Steam/steamapps/workshop/content/289070/3792052697/NHK/UI/AutoRecruit_GreatPerson_HotKey.lua	Load time: 0.000539
END    LuaContext::Initialize() id: 'AutoRecruit_GreatPerson_HotKey'
START  LuaContext::Initialize() id: 'RealModifierAnalysis'		parent: 'AdditionalUserInterfaces'		Context: 'NULL'
RealModifierAnalysis: register time: 0.001120
RealModifierAnalysis: ControlBase::Initialize time: 0.000000
LOADING D:/Steam/steamapps/workshop/content/289070/3792052697/BRS/RealModifierAnalysis.lua	Load time: 0.003496
END    LuaContext::Initialize() id: 'RealModifierAnalysis'
START  LuaContext::Initialize() id: 'bbg_uitogameplay'		parent: 'AdditionalUserInterfaces'		Context: 'NULL'
bbg_uitogameplay: register time: 0.001185
bbg_uitogameplay: ControlBase::Initialize time: 0.000000
LOADING D:/Steam/steamapps/workshop/content/289070/3792052697/Components/BBG/scripts/bbg_uitogameplay.lua	Load time: 0.000884
END    LuaContext::Initialize() id: 'bbg_uitogameplay'
START  LuaContext::Initialize() id: 'BBM_UI'		parent: 'AdditionalUserInterfaces'		Context: 'NULL'
BBM_UI: register time: 0.001117
BBM_UI: ControlBase::Initialize time: 0.000001
LOADING D:/Steam/steamapps/workshop/content/289070/3792052697/Components/BBM/UI/BBM_UI.lua	Load time: 0.000183
END    LuaContext::Initialize() id: 'BBM_UI'
START  LuaContext::Initialize() id: 'dmt_yieldcalculator'		parent: 'AdditionalUserInterfaces'		Context: 'NULL'
dmt_yieldcalculator: register time: 0.000802
dmt_yieldcalculator: ControlBase::Initialize time: 0.000000
LOADING D:/Steam/steamapps/workshop/content/289070/3792052697/Components/DetailedMapTacks/ui/dmt_yieldcalculator.lua	Load time: 0.005163
END    LuaContext::Initialize() id: 'dmt_yieldcalculator'
START  LuaContext::Initialize() id: 'TurnTime_HotKey'		parent: 'AdditionalUserInterfaces'		Context: 'NULL'
TurnTime_HotKey: register time: 0.000912
TurnTime_HotKey: ControlBase::Initialize time: 0.000155
LOADING D:/Steam/steamapps/workshop/content/289070/3792052697/NHK/UI/TurnTime_HotKey.lua	Load time: 0.000250
END    LuaContext::Initialize() id: 'TurnTime_HotKey'
START  LuaContext::Initialize() id: 'CreateCorporationPopup'		parent: 'AdditionalUserInterfaces'		Context: 'NULL'
CreateCorporationPopup: register time: 0.000811
CreateCorporationPopup: ControlBase::Initialize time: 0.000131
LOADING ../../../DLC/KublaiKhan_Vietnam/UI/Additions/CreateCorporationPopup.lua	Load time: 0.000639
END    LuaContext::Initialize() id: 'CreateCorporationPopup'
START  LuaContext::Initialize() id: 'SecretSocietyPopup'		parent: 'AdditionalUserInterfaces'		Context: 'NULL'
SecretSocietyPopup: register time: 0.000807
SecretSocietyPopup: ControlBase::Initialize time: 0.000102
LOADING ../../../DLC/Ethiopia/UI/Additions/SecretSocietyPopup.lua	Load time: 0.000178
END    LuaContext::Initialize() id: 'SecretSocietyPopup'
START  LuaContext::Initialize() id: 'DropControl'		parent: 'AdditionalUserInterfaces'		Context: 'NULL'
DropControl: register time: 0.000815
DropControl: ControlBase::Initialize time: 0.000140
LOADING D:/Steam/steamapps/workshop/content/289070/3792052697/ui/Additions/DropControl.lua	Load time: 0.001822
END    LuaContext::Initialize() id: 'DropControl'
START  LuaContext::Initialize() id: 'MPHOptions'		parent: 'AdditionalUserInterfaces'		Context: 'NULL'
MPHOptions: register time: 0.000764
MPHOptions: ControlBase::Initialize time: 0.000215
LOADING D:/Steam/steamapps/workshop/content/289070/3792052697/ui/Additions/MPHOptions.lua	Load time: 0.004928
END    LuaContext::Initialize() id: 'MPHOptions'
START  LuaContext::Initialize() id: 'VotePanel'		parent: 'AdditionalUserInterfaces'		Context: 'NULL'
VotePanel: register time: 0.000853
VotePanel: ControlBase::Initialize time: 0.000350
LOADING D:/Steam/steamapps/workshop/content/289070/3792052697/ui/Additions/VotePanel.lua	Load time: 0.012164
END    LuaContext::Initialize() id: 'VotePanel'
START  LuaContext::Initialize() id: 'BlacklistPanel'		parent: 'AdditionalUserInterfaces'		Context: 'NULL'
BlacklistPanel: register time: 0.000933
BlacklistPanel: ControlBase::Initialize time: 0.000433
LOADING D:/Steam/steamapps/workshop/content/289070/3792052697/ui/Additions/BlacklistPanel.lua	Load time: 0.003914
END    LuaContext::Initialize() id: 'BlacklistPanel'
START  LuaContext::Initialize() id: 'RevealMapCorners'		parent: 'AdditionalUserInterfaces'		Context: 'NULL'
RevealMapCorners: register time: 0.000913
RevealMapCorners: ControlBase::Initialize time: 0.000000
LOADING D:/Steam/steamapps/workshop/content/289070/3792052697/RMC/UI/RevealMapCorners.lua	Load time: 0.000084
END    LuaContext::Initialize() id: 'RevealMapCorners'
START  LuaContext::Initialize() id: 'QuickControls'		parent: 'AdditionalUserInterfaces'		Context: 'NULL'
QuickControls: register time: 0.000881
QuickControls: ControlBase::Initialize time: 0.000038
LOADING D:/Steam/steamapps/workshop/content/289070/3792052697/ui/Additions/QuickControls.lua	Load time: 0.000140
END    LuaContext::Initialize() id: 'QuickControls'
START  LuaContext::Initialize() id: 'IdentityRolePanel'		parent: 'AdditionalUserInterfaces'		Context: 'NULL'
IdentityRolePanel: register time: 0.000763
IdentityRolePanel: ControlBase::Initialize time: 0.000483
LOADING D:/Steam/steamapps/workshop/content/289070/3792052697/ui/Additions/IdentityRolePanel.lua	Load time: 0.004327
END    LuaContext::Initialize() id: 'IdentityRolePanel'
START  LuaContext::Initialize() id: 'NewUnitOperation'		parent: 'AdditionalUserInterfaces'		Context: 'NULL'
NewUnitOperation: register time: 0.001119
NewUnitOperation: ControlBase::Initialize time: 0.000001
LOADING D:/Steam/steamapps/workshop/content/289070/3792052697/NHK/UI/NewUnitOperation.lua	Load time: 0.000126
END    LuaContext::Initialize() id: 'NewUnitOperation'
START  LuaContext::Initialize() id: 'ForcedEndButton'		parent: 'AdditionalUserInterfaces'		Context: 'NULL'
ForcedEndButton: register time: 0.001069
ForcedEndButton: ControlBase::Initialize time: 0.000002
LOADING D:/Steam/steamapps/workshop/content/289070/3792052697/FEB/UI/ForcedEndButton.lua	Load time: 0.000111
END    LuaContext::Initialize() id: 'ForcedEndButton'
START  LuaContext::Initialize() id: 'BTS_SettingsPanel'		parent: 'AdditionalUserInterfaces'		Context: 'NULL'
BTS_SettingsPanel: register time: 0.000725
BTS_SettingsPanel: ControlBase::Initialize time: 0.000129
LOADING D:/Steam/steamapps/workshop/content/289070/3792052697/BTS/Settings/BTS_SettingsPanel.lua	Load time: 0.000322
END    LuaContext::Initialize() id: 'BTS_SettingsPanel'
START  LuaContext::Initialize() id: 'TopPanel_TT'		parent: 'AdditionalUserInterfaces'		Context: 'NULL'
TopPanel_TT: register time: 0.000968
TopPanel_TT: ControlBase::Initialize time: 0.000001
LOADING D:/Steam/steamapps/workshop/content/289070/3792052697/TPE/UI/TopPanel_TT.lua	Load time: 0.000625
END    LuaContext::Initialize() id: 'TopPanel_TT'
START  LuaContext::Initialize() id: 'Taoist_UI'		parent: 'AdditionalUserInterfaces'		Context: 'NULL'
Taoist_UI: register time: 0.000755
Taoist_UI: ControlBase::Initialize time: 0.000003
LOADING D:/Steam/steamapps/workshop/content/289070/3792052697/Components/TeamPVPSecretSocieties/Taoist/UI/Taoist_UI.lua	Load time: 0.000353
END    LuaContext::Initialize() id: 'Taoist_UI'
LOADING D:/Steam/steamapps/workshop/content/289070/3792052697/ui/InGame.lua	Load time: 0.124333
END    LuaContext::Initialize() id: 'InGame'
START  LuaContext::Initialize() id: ''		parent: 'NULL'		Context: 'NULL'
TutorialUIRoot: register time: 0.000719
START  LuaContext::Initialize() id: 'AdvisorPopup'		parent: 'TutorialUIRoot'		Context: 'TutorialUIRoot'
AdvisorPopup: register time: 0.000709
AdvisorPopup: ControlBase::Initialize time: 0.000182
LOADING ../../../Base/Assets/UI/Popups/AdvisorPopup.lua	Load time: 0.004396
END    LuaContext::Initialize() id: 'AdvisorPopup'
START  LuaContext::Initialize() id: 'TutorialWorldAnchor'		parent: 'TutorialUIRoot'		Context: 'TutorialUIRoot'
TutorialWorldAnchor: register time: 0.000748
TutorialWorldAnchor: ControlBase::Initialize time: 0.000020
LOADING ../../../Base/Assets/UI/TutorialWorldAnchor.lua	Load time: 0.000117
END    LuaContext::Initialize() id: 'TutorialWorldAnchor'
TutorialUIRoot: ControlBase::Initialize time: 0.006755
LOADING ../../../DLC/Expansion2/UI/Replacements/TutorialUIRoot_Expansion1.lua	Load time: 0.018187
END    LuaContext::Initialize() id: 'TutorialUIRoot'
START  LuaContext::Initialize() id: ''		parent: 'InGame'		Context: 'InGame'
InvitePopup: register time: 0.001122
InvitePopup: ControlBase::Initialize time: 0.000026
LOADING ../../../Base/Assets/UI/Popups/InvitePopup.lua	Load time: 0.001408
END    LuaContext::Initialize() id: 'InvitePopup'

NumBlocks:   4 
Allocated: 16.00 mb, Used: 16.00 mb, Free: 0.00 mb 

NumControls: 29905 

ControlBase Size: 208 

Active, 		Total, 		Object Size,		 Total Size		 Name
   25, 		    35, 		  1824, 		     63840, 		 EditBoxControl
  179, 		   202, 		   512, 		    103424, 		 ScrollPanelControl
    1, 		     1, 		   304, 		       304, 		 VerticalContainerControl
  178, 		   199, 		   400, 		     79600, 		 SlideAnim
   30, 		    30, 		   544, 		     16320, 		 UIString512
   11, 		   147, 		   768, 		    112896, 		 BarControl
    2, 		     3, 		  2960, 		      8880, 		 ContextBase
    0, 		     1, 		   288, 		       288, 		 PlatformControl
    0, 		     1, 		   224, 		       224, 		 GroupControl
  937, 		  1199, 		   560, 		    671440, 		 ButtonControl
   24, 		    27, 		   288, 		      7776, 		 UIString256
  690, 		   709, 		    64, 		     45376, 		 UIMaskInfo
 4691, 		  8053, 		   416, 		   3350048, 		 ImageControl
  298, 		   487, 		   224, 		    109088, 		 ColorBoxControl
   38, 		   437, 		   304, 		    132848, 		 WorldAnchorControl
   12, 		    63, 		   160, 		     10080, 		 UIString128
 1545, 		  3094, 		   224, 		    693056, 		 ControlBase
   60, 		    60, 		   272, 		     16320, 		 TutorialControl
    1, 		    11, 		   464, 		      5104, 		 DragControl
    3, 		     3, 		   816, 		      2448, 		 GraphControl
   10, 		    10, 		  3440, 		     34400, 		 RadioButtonControl
    3, 		     3, 		  1616, 		      4848, 		 MovieControl
   53, 		    65, 		   384, 		     24960, 		 LineControl
    9, 		     9, 		    96, 		       864, 		 UIString64
 7334, 		 12472, 		    96, 		   1197312, 		 ControlChildList
   83, 		   262, 		   608, 		    159296, 		 TextureBarControl
   11, 		    23, 		   656, 		     15088, 		 ColorBoxButtonControl
  649, 		  1296, 		   400, 		    518400, 		 AlphaAnim
 1299, 		  1927, 		   976, 		   1880752, 		 GridButtonControl
  345, 		   349, 		   848, 		    295952, 		 MeterControl
   56, 		   100, 		   320, 		     32000, 		 ZoomAnchorControl
   60, 		    61, 		  3440, 		    209840, 		 CheckBoxControl
  292, 		   353, 		   528, 		    186384, 		 FlipAnim
    0, 		     6, 		   240, 		      1440, 		 SlotControl
   67, 		   175, 		  2608, 		    456400, 		 PullDownControl
    1, 		     1, 		   304, 		       304, 		 ListBoxControl
 1609, 		  2099, 		   560, 		   1175440, 		 GridControl
 1438, 		  2520, 		   368, 		    927360, 		 StackControl
 3577, 		  5344, 		   432, 		   2308608, 		 TextControl
    0, 		    11, 		   496, 		      5456, 		 ScrollAnim
   14, 		   830, 		  1536, 		   1274880, 		 ScrollTextControl
    4, 		     6, 		  2208, 		     13248, 		 TextButtonControl
  143, 		   147, 		  3744, 		    550368, 		 LuaContext
  236, 		   255, 		  1632, 		    416160, 		 SliderControl

Num Child Nodes: 19150

Child Node distribution
12218 nodes have     0 children
 3881 nodes have     1 children
 1687 nodes have     2 children
  542 nodes have     3 children
  191 nodes have     4 children
  139 nodes have     5 children
   77 nodes have     6 children
   36 nodes have     7 children
   45 nodes have     8 children
   33 nodes have     9 children
   21 nodes have    10 children
   19 nodes have    11 children
   65 nodes have    12 children
   10 nodes have    13 children
    2 nodes have    14 children
  143 nodes have    15 children
    8 nodes have    16 children
    2 nodes have    17 children
    2 nodes have    18 children
    3 nodes have    19 children
    2 nodes have    20 children
    1 nodes have    21 children
    6 nodes have    22 children
    1 nodes have    24 children
    1 nodes have    26 children
    1 nodes have    27 children
    2 nodes have    28 children
    1 nodes have    30 children
    2 nodes have    31 children
    2 nodes have    34 children
    2 nodes have    48 children
    1 nodes have    63 children
    1 nodes have    82 children
    1 nodes have    84 children
    1 nodes have   314 children
    1 nodes have   380 children

Controls ID distribution
 6430 nodes have control IDs with     0 characters
    1 nodes have control IDs with     1 characters
   55 nodes have control IDs with     2 characters
  323 nodes have control IDs with     3 characters
 1076 nodes have control IDs with     4 characters
  220 nodes have control IDs with     5 characters
  294 nodes have control IDs with     6 characters
  290 nodes have control IDs with     7 characters
  845 nodes have control IDs with     8 characters
 1401 nodes have control IDs with     9 characters
 1494 nodes have control IDs with    10 characters
 1397 nodes have control IDs with    11 characters
  917 nodes have control IDs with    12 characters
  663 nodes have control IDs with    13 characters
  723 nodes have control IDs with    14 characters
  562 nodes have control IDs with    15 characters
  520 nodes have control IDs with    16 characters
  329 nodes have control IDs with    17 characters
  289 nodes have control IDs with    18 characters
  309 nodes have control IDs with    19 characters
  178 nodes have control IDs with    20 characters
  186 nodes have control IDs with    21 characters
  148 nodes have control IDs with    22 characters
  100 nodes have control IDs with    23 characters
   65 nodes have control IDs with    24 characters
   91 nodes have control IDs with    25 characters
   41 nodes have control IDs with    26 characters
   60 nodes have control IDs with    27 characters
   28 nodes have control IDs with    28 characters
   46 nodes have control IDs with    29 characters
    6 nodes have control IDs with    30 characters
   11 nodes have control IDs with    31 characters
    5 nodes have control IDs with    32 characters
    6 nodes have control IDs with    33 characters
    3 nodes have control IDs with    34 characters
   36 nodes have control IDs with    35 characters
    1 nodes have control IDs with    37 characters
    1 nodes have control IDs with    38 characters

Contexts containing controls:
 2779 controls in context "TechTree"
 2497 controls in context "CivicsTree"
 1405 controls in context "UnitFlagManager"
 1153 controls in context "Options"
  789 controls in context "[NO CONTEXT]"
  770 controls in context "MapPinPopup"
  686 controls in context "GreatPeoplePopup"
  448 controls in context "GovernorPanel"
  444 controls in context "DebugContext"
  375 controls in context "WorldViewIconsManager"
  326 controls in context "DiplomacyDealView"
  287 controls in context "WorldRankings"
  275 controls in context "CityPanelOverview"
  273 controls in context "ClimateScreen"
  269 controls in context "GovernmentScreen"
  256 controls in context "SaveGameMenu"
  255 controls in context "DiplomacyRibbon"
  241 controls in context "ReligionScreen"
  234 controls in context ""
  230 controls in context "ReportScreen"
  199 controls in context "ResearchChooser"
  189 controls in context "EndGameMenu"
  173 controls in context "ProductionPanel"
  159 controls in context "ActionPanel"
  151 controls in context "NotificationPanel"
  132 controls in context "InGame"
  130 controls in context "Civilopedia"
  129 controls in context "CityStates"
  128 controls in context "WorldCongressPopup"
  127 controls in context "TopOptionsMenu"
  126 controls in context "TradeOverview"
  119 controls in context "CityPanel"
  116 controls in context "LoadGameMenu"
  114 controls in context "TradeRouteChooser"
  113 controls in context "TopPanel"
  101 controls in context "DiplomacyActionView"
  100 controls in context "BlacklistPanel"
   96 controls in context "ReportsList"
   90 controls in context "EspionagePopup"
   74 controls in context "MPHOptions"
   73 controls in context "LaunchBar"
   71 controls in context "WorldCrisisPopup"
   68 controls in context "EspionageOverview"
   67 controls in context "MinimapPanel"
   65 controls in context "DeclareWarPopup"
   64 controls in context "EraProgressPanel"
   61 controls in context "EventPopup"
   58 controls in context "EspionageEscape"
   55 controls in context "EraReviewPopup"
   53 controls in context "HistoricMoments"
   52 controls in context "DetailsPanel"
   50 controls in context "GovernorAssignmentChooser"
   47 controls in context "RockBandMoviePopup"
   46 controls in context "RazeCity"
   45 controls in context "EspionageChooser"
   44 controls in context "CivicsChooser"
   41 controls in context "TechCivicCompletedPopup"
   40 controls in context "GreatWorksOverview"
   38 controls in context "ExpansionIntro"
   36 controls in context "Automation_NarrationPopup"
   35 controls in context "GreatWorkShowcase"
   34 controls in context "AdvisorPopup"
   33 controls in context "PantheonChooser"
   32 controls in context "ProjectBuiltPopup"
   31 controls in context "GlobalResourcePopup"
   29 controls in context "BTS_SettingsPanel"
   28 controls in context "WorldCongressBetweenTurns"
   26 controls in context "BoostUnlockedPopup"
   25 controls in context "TradeOriginChooser"
   24 controls in context "PartialScreenHooks"
   23 controls in context "ChooseArtifact"
   20 controls in context "PausePanel"
   19 controls in context "EraCompletePopup"
   18 controls in context "CreateCorporationPopup"
   17 controls in context "ModalLensPanel"
   16 controls in context "ToolTips"
   15 controls in context "DebugPanel"
   13 controls in context "ProductionManager"
   12 controls in context "TurnTime_HotKey"
   11 controls in context "FullscreenMapPopup"
   10 controls in context "TutorialUIRoot"
    9 controls in context "ConfirmKick"
    8 controls in context "InGamePopup"
    6 controls in context "NewTurnPanel"
    5 controls in context "EdgeScroll"
    4 controls in context "MultiplayerTurnManager"
    3 controls in context "QuickControls"
    2 controls in context "CityBannerManager"
    1 controls in context "DistrictPlotIconManager"
START  LuaContext::Initialize() id: ''		parent: 'Anchor'		Context: 'NULL'
DiplomacyActionView_SecretSocietyRow: register time: 0.000789
DiplomacyActionView_SecretSocietyRow: ControlBase::Initialize time: 0.000170
LOADING ../../../DLC/Ethiopia/UI/Additions/DiplomacyActionView_SecretSocietyRow.lua	Load time: 0.000094
END    LuaContext::Initialize() id: ''
START  LuaContext::Initialize() id: ''		parent: 'Anchor'		Context: 'NULL'
DiplomacyActionView_AllianceRow: register time: 0.000554
DiplomacyActionView_AllianceRow: ControlBase::Initialize time: 0.000183
LOADING ../../../DLC/Expansion2/UI/Additions/DiplomacyActionView_AllianceRow.lua	Load time: 0.000170
END    LuaContext::Initialize() id: ''
START  LuaContext::Initialize() id: ''		parent: 'Anchor'		Context: 'NULL'
DiplomacyActionView_AllianceTab: register time: 0.000493
DiplomacyActionView_AllianceTab: ControlBase::Initialize time: 0.000183
LOADING ../../../DLC/Expansion2/UI/Additions/DiplomacyActionView_AllianceTab.lua	Load time: 0.000503
END    LuaContext::Initialize() id: ''
START  LuaContext::Initialize() id: ''		parent: 'Anchor'		Context: 'NULL'
DiplomacyActionView_WorldCongressTab: register time: 0.000805
DiplomacyActionView_WorldCongressTab: ControlBase::Initialize time: 0.000594
LOADING ../../../DLC/Expansion2/UI/Additions/DiplomacyActionView_WorldCongressTab.lua	Load time: 0.000865
END    LuaContext::Initialize() id: ''
